{
  "title": "디즈니",
  "author": "김완기",
  "illustrator": "정정아",
  "isbn": "9788992636261",
  "publishedYear": 2007,
  "publisher": "교연아카데미",
  "paragraphInfoCount": 32,
  "paragraphInfo": [
    {
      "srcTextID": "97564",
      "srcText": "만화 영화의 대성공으로 큰 돈을 벌게 되자 월트는 큰 스튜디오로 촬영소를 옮겼어요. 만화가들도 더 많아졌답니다. 스튜디오에는 영화를 주문하는 사람들로 매일매일 북적거렸어요.",
      "srcPage": 27,
      "srcSentenceEA": 3,
      "srcWordEA": 23,
      "character": "월트,만화가들,사람들",
      "setting": "큰 스튜디오,촬영소",
      "action": "벌게 되자,옮겼어요,주문하는,북적거렸어요",
      "feeling": null,
      "causalRelationship": null,
      "outcomeResolution": null,
      "prediction": null,
      "plotSummaryInfoCount": 1,
      "plotSummaryInfo": {
        "classification": "사회관계",
        "readAge": "유아",
        "form": "short-form",
        "plotSummaryText": "만화 영화의 대성공으로 큰돈을 벌게 된 월트는 큰 스튜디오로 촬영소를 옮겼고 그곳은 늘 사람들로 북적였다.",
        "textWordEA": 15
      }
    },
    {
      "srcTextID": "97546",
      "srcText": "\"저도 신문을 돌리겠어요.\" 월트는 아침마다 일찍 일어나 신문을 돌렸답니다. 신문에는 매일매일 재미있는 만화가 그려져 있었어요. 월트는 만화 보는 재미에 흠뻑 빠져 힘든 줄도 몰랐답니다.",
      "srcPage": 9,
      "srcSentenceEA": 4,
      "srcWordEA": 27,
      "character": "저,신문,월트,만화",
      "setting": "아침마다",
      "action": "돌리겠어요,일어나,돌렸답니다,그려져,보는,몰랐답니다",
      "feeling": "재미있는",
      "causalRelationship": null,
      "outcomeResolution": null,
      "prediction": null,
      "plotSummaryInfoCount": 1,
      "plotSummaryInfo": {
        "classification": "사회관계",
        "readAge": "유아",
        "form": "long-form",
        "plotSummaryText": "아침마다 신문을 돌리던 월트는 신문에 그려진 만화 보는 재미에 흠뻑 빠졌어요.",
        "textWordEA": 11
      }
    },
    {
      "srcTextID": "97555",
      "srcText": "1년이 지난 후 월트는 미국으로 돌아왔어요. 이젠 월트도 어른 티가 제법 나는 청년이 되었답니다. 월트는 미술 학교를 다니면서 그림 공부를 계속 했어요.",
      "srcPage": 16,
      "srcSentenceEA": 3,
      "srcWordEA": 24,
      "character": "월트,청년",
      "setting": "1년이 지난 후,미국,미술 학교",
      "action": "돌아왔어요,다니면서,했어요",
      "feeling": null,
      "causalRelationship": null,
      "outcomeResolution": null,
      "prediction": null,
      "plotSummaryInfoCount": 1,
      "plotSummaryInfo": {
        "classification": "사회관계",
        "readAge": "유아",
        "form": "short-form",
        "plotSummaryText": "1년이 지난 후 미국으로 돌아온 월트는 미술 학교에서 그림 공부를 계속했어요.",
        "textWordEA": 11
      }
    },
    {
      "srcTextID": "97557",
      "srcText": "\"엡, 우리도 만화 영화를 만들어 보지 않을래?\" 월트가 먼저 입을 열었어요. 월트와 엡은 사장님께 카메라를 빌렸어요.",
      "srcPage": 20,
      "srcSentenceEA": 3,
      "srcWordEA": 18,
      "character": "엡,우리,월트,사장님,카메라",
      "setting": null,
      "action": "만들어 보지,열었어요,빌렸어요",
      "feeling": null,
      "causalRelationship": null,
      "outcomeResolution": null,
      "prediction": null,
      "plotSummaryInfoCount": 1,
      "plotSummaryInfo": {
        "classification": "사회관계",
        "readAge": "유아",
        "form": "short-form",
        "plotSummaryText": "엡에게 만화 영화를 만들어 보자고 제안한 월트는 사장님께 카메라를 빌렸다.",
        "textWordEA": 10
      }
    },
    {
      "srcTextID": "97559",
      "srcText": "지하에 있는 작은 창고도 하나 빌렸고요. \"우리도 이제 촬영소를 갖게 되었군.\" 월트와 엡은 작은 지하실에서 영화를 만들기 시작했어요.",
      "srcPage": 21,
      "srcSentenceEA": 3,
      "srcWordEA": 19,
      "character": "우리,촬영소,월트,엡",
      "setting": "지하,작은 창고,작은 지하실",
      "action": "빌렸고요,갖게 되었군,만들기 시작했어요",
      "feeling": null,
      "causalRelationship": null,
      "outcomeResolution": null,
      "prediction": null,
      "plotSummaryInfoCount": 1,
      "plotSummaryInfo": {
        "classification": "사회관계",
        "readAge": "유아",
        "form": "short-form",
        "plotSummaryText": "월트와 엡은 지하에 있는 작은 창고를 빌려 그곳을 촬영소로 삼아 영화를 만들기 시작했다.",
        "textWordEA": 13
      }
    },
    {
      "srcTextID": "97562",
      "srcText": "꼬마 선생은, 자막을 따라 읽는 사람은 의자 밑에 있는 구멍으로 쏙 빠져 버려 극장 밖으로 쫓겨나는 내용이에요. 이 만화 영화는 큰 성공을 거두었어요. 그리고 자막을 따라 읽는 사람도 사라지게 되었답니다.",
      "srcPage": 24,
      "srcSentenceEA": 3,
      "srcWordEA": 32,
      "character": "사람,만화 영화",
      "setting": "의자 밑,구멍,극장 밖",
      "action": "따라 읽는,빠져 버려,쫓겨나는,거두었어요,사라지게 되었답니다",
      "feeling": null,
      "causalRelationship": null,
      "outcomeResolution": null,
      "prediction": null,
      "plotSummaryInfoCount": 1,
      "plotSummaryInfo": {
        "classification": "사회관계",
        "readAge": "유아",
        "form": "short-form",
        "plotSummaryText": "꼬마 선생은 자막을 따라 읽는 사람은 극장 밖으로 쫓겨난다는 내용이었고, 이 만화 영화가 크게 성공하자 자막을 따라 읽는 사람도 사라지게 되었다.",
        "textWordEA": 21
      }
    },
    {
      "srcTextID": "97563",
      "srcText": "꼬마 선생의 성공으로 자신감을 얻은 월트는 장화 신은 고양이, 빨간 모자 등의 책을 영화로 만들었어요. 어느 날 치과 의사 선생님이 찾아왔어요. \"어린이들이 이를 잘 닦을 수 있는 영화를 만들어 주세요.\"",
      "srcPage": 25,
      "srcSentenceEA": 3,
      "srcWordEA": 31,
      "character": "월트,책,영화,치과 의사 선생님,어린이들,이",
      "setting": "어느 날",
      "action": "만들었어요,찾아왔어요,닦을,만들어 주세요",
      "feeling": null,
      "causalRelationship": null,
      "outcomeResolution": null,
      "prediction": null,
      "plotSummaryInfoCount": 1,
      "plotSummaryInfo": {
        "classification": "사회관계",
        "readAge": "유아",
        "form": "short-form",
        "plotSummaryText": "그 후 월트는 장화 신은 고양이와 같이 책을 영화로 만들었고, 그러던 어느 날 어린이들이 이를 잘 닦을 수 있는 영화를 만들어 달라고 치과 의사 선생님이 찾아왔어요.",
        "textWordEA": 26
      }
    },
    {
      "srcTextID": "97539",
      "srcText": "\"참새나 다람쥐 짓이 분명해요! 아휴, 속상해!\" 하지만 월트 아저씨는 입가에 미소를 지었어요. \"우리는 과일이 먹고 싶으면 언제든지 사 먹을 수 있지만, 새나 동물들은 사 먹을 수도 없잖소.\" 이렇게 마음씨 좋은 아저씨가 바로 어린이들의 영원한 친구 월트 디즈니랍니다.",
      "srcPage": 2,
      "srcSentenceEA": 5,
      "srcWordEA": 40,
      "character": "참새,다람쥐,월트 아저씨,우리,과일,새,동물들,어린이들,월트 디즈니",
      "setting": null,
      "action": "미소를 지었어요,사 먹을",
      "feeling": "속상해",
      "causalRelationship": null,
      "outcomeResolution": null,
      "prediction": null,
      "plotSummaryInfoCount": 1,
      "plotSummaryInfo": {
        "classification": "사회관계",
        "readAge": "유아",
        "form": "long-form",
        "plotSummaryText": "참새나 다람쥐 짓일 거라는 말에 월트 디즈니 아저씨는 새나 동물들은 과일을 사 먹을 수가 없지 않으냐며 미소 지었어요.",
        "textWordEA": 18
      }
    },
    {
      "srcTextID": "97545",
      "srcText": "월트는 하루 종일 닭장 앞에 앉아 닭들을 관찰하곤 했어요. 가느라단 두 발로 종종거리며 돌아다니는 모습이 귀엽고 신기했거든요. 월트는 마당에 닭의 모습을 그려 보았어요.",
      "srcPage": 5,
      "srcSentenceEA": 3,
      "srcWordEA": 25,
      "character": "월트,닭",
      "setting": "하루 종일,닭장 앞,마당",
      "action": "앉아,관찰하곤,종종거리며,돌아다니는,그려 보았어요",
      "feeling": "귀엽고,신기했거든요",
      "causalRelationship": null,
      "outcomeResolution": null,
      "prediction": null,
      "plotSummaryInfoCount": 1,
      "plotSummaryInfo": {
        "classification": "사회관계",
        "readAge": "유아",
        "form": "short-form",
        "plotSummaryText": "월트는 하루 종일 닭장 앞에 앉아 종종거리며 돌아다니는 닭들을 관찰하며 닭의 모습을 그려 보곤 했어요.",
        "textWordEA": 15
      }
    },
    {
      "srcTextID": "97543",
      "srcText": "\"어머나! 닭이 살아 움직이는 것 같구나.\" 어머니는 월트의 그림을 보고 활짝 웃으셨어요. 월트는 신이 나서 돼지와 송아지도 그렸답니다.",
      "srcPage": 6,
      "srcSentenceEA": 3,
      "srcWordEA": 21,
      "character": "닭,어머니,월트,그림,돼지,송아지",
      "setting": null,
      "action": "살아 움직이는,보고,웃으셨어요,그렸답니다",
      "feeling": "신이 나서",
      "causalRelationship": null,
      "outcomeResolution": null,
      "prediction": null,
      "plotSummaryInfoCount": 1,
      "plotSummaryInfo": {
        "classification": "사회관계",
        "readAge": "유아",
        "form": "short-form",
        "plotSummaryText": "어머니가 월트의 닭 그림을 칭찬하자 월트는 신이 나서 돼지와 송아지도 그렸다.",
        "textWordEA": 11
      }
    },
    {
      "srcTextID": "97547",
      "srcText": "어느 무더운 여름날, 비가 너무 오지 않아 농사가 엉망이 되었어요. 아버지는 힘들게 지어 오던 농사를 포기해야만 했어요. 월트네는 농장을 팔고 신문 보급소를 차렸어요.",
      "srcPage": 8,
      "srcSentenceEA": 3,
      "srcWordEA": 25,
      "character": "비,아버지,월트네",
      "setting": "무더운 여름날,농장,신문 보급소",
      "action": "오지 않아,지어 오던,포기해야만,팔고,차렸어요",
      "feeling": null,
      "causalRelationship": null,
      "outcomeResolution": null,
      "prediction": null,
      "plotSummaryInfoCount": 1,
      "plotSummaryInfo": {
        "classification": "사회관계",
        "readAge": "유아",
        "form": "short-form",
        "plotSummaryText": "비가 오지 않아 농사가 엉망이 된 여름에, 월트네는 농장을 팔고 신문 보급소를 차렸어요.",
        "textWordEA": 13
      }
    },
    {
      "srcTextID": "97550",
      "srcText": "어느 날 월트는 적십자사 구급 부대에서 젊은이를 구한다는 소식을 들었어요. \"옳지, 구급 부대라면 나도 일할 수 있을 거야.\" 부모님은 월트마저 전쟁터로 나가는 것이 몹시 걱정스러웠지만 말릴 수가 없었답니다.",
      "srcPage": 14,
      "srcSentenceEA": 3,
      "srcWordEA": 29,
      "character": "월트,젊은이,나,부모님",
      "setting": "어느 날,적십자사 구급 부대,전쟁터",
      "action": "구한다는,들었어요,일할,나가는,말릴 수가 없었답니다",
      "feeling": null,
      "causalRelationship": null,
      "outcomeResolution": null,
      "prediction": null,
      "plotSummaryInfoCount": 1,
      "plotSummaryInfo": {
        "classification": "사회관계",
        "readAge": "유아",
        "form": "short-form",
        "plotSummaryText": "월트는 적십자사 구급 부대에서 젊은이를 구한다는 소식에 지원했고, 부모님은 몹시 걱정스러웠지만 말릴 수가 없었답니다.",
        "textWordEA": 14
      }
    },
    {
      "srcTextID": "97553",
      "srcText": "월트는 구급 부대에서 운전병이 되어 프랑스로 갔어요. 날마다 트럭에 먹을 것과 약을 잔뜩 싣고 전쟁 때문에 고생하는 사람들을 찾아가 전해 주었어요. 다치고 배고픈 사람들은 월트와 구급 부대원들이 나타나기를 손꼽아 기다렸어요. 월트는 구급 부대가 하는 일이 얼마나 중요한지 그제야 깨달았답니다. 월트는 틈나는 대로 수첩에다가 이런 사람들의 모습을 그렸어요.",
      "srcPage": 15,
      "srcSentenceEA": 5,
      "srcWordEA": 51,
      "character": "월트,운전병,사람들,구급 부대원들",
      "setting": "구급 부대,프랑스,트럭,틈나는 대로,수첩에다가",
      "action": "갔어요,싣고,찾아가 전해 주었어요,다치고,기다렸어요,깨달았답니다,그렸어요",
      "feeling": null,
      "causalRelationship": null,
      "outcomeResolution": null,
      "prediction": null,
      "plotSummaryInfoCount": 1,
      "plotSummaryInfo": {
        "classification": "사회관계",
        "readAge": "유아",
        "form": "long-form",
        "plotSummaryText": "운전병이 되어 프랑스로 간 월트는 틈나는 대로 다치고 배고픈 사람들을 수첩에다가 그렸어요.",
        "textWordEA": 12
      }
    },
    {
      "srcTextID": "97554",
      "srcText": "\"우리 한 번 같이 일해 봅시다.\" 영화사 사장님은 월트의 그림이 마음에 쏙 들었어요. 드디어 월트가 그렇게 바라던 만화가가 된 거예요.",
      "srcPage": 18,
      "srcSentenceEA": 3,
      "srcWordEA": 22,
      "character": "우리,화사 사장님,그림,월트,만화가",
      "setting": null,
      "action": "일해 봅시다,들었어요",
      "feeling": null,
      "causalRelationship": null,
      "outcomeResolution": null,
      "prediction": null,
      "plotSummaryInfoCount": 1,
      "plotSummaryInfo": {
        "classification": "사회관계",
        "readAge": "유아",
        "form": "short-form",
        "plotSummaryText": "영화사 사장님은 월트의 그림이 마음에 들었고 드디어 월트는 만화가가 되었어요.",
        "textWordEA": 10
      }
    },
    {
      "srcTextID": "97568",
      "srcText": "월트의 영화는 많은 사람들에게 즐거움과 감동을 주었어요. 그래서 프랑스에 있는 '국제 연맹'에서는 월트에게 큰 상을 주었어요. 월트는 더욱 열심히 영화를 만들었답니다.",
      "srcPage": 30,
      "srcSentenceEA": 5,
      "srcWordEA": 24,
      "character": "사람들,월트,영화",
      "setting": "프랑스",
      "action": "주었어요,만들었답니다",
      "feeling": null,
      "causalRelationship": null,
      "outcomeResolution": null,
      "prediction": null,
      "plotSummaryInfoCount": 1,
      "plotSummaryInfo": {
        "classification": "사회관계",
        "readAge": "유아",
        "form": "long-form",
        "plotSummaryText": "많은 사람에게 즐거움과 감동을 준 월트의 영화는 프랑스에 있는 국제 연맹에서 큰 상을 받았다.",
        "textWordEA": 14
      }
    },
    {
      "srcTextID": "97570",
      "srcText": "월트 디즈니는 꿈의 세계, 희망의 세계인 디즈니랜드를 만들고 세상을 떠났어요. 하지만 월트 디즈니가 만든 수많은 영화는 지금도 전 세계의 어린이들에게 큰 기쁨을 주고 있어요. 또한 물개의 섬, 비버의 골짜기 등 동물을 관찰한 기록 영화는 보는 사람들의 가슴에 큰 감동을 주었답니다. '만화 영화의 왕' 로 불리는 '영화계의 마술사' 월트 디즈니는 어린이들의 영원한 친구랍니다.",
      "srcPage": 32,
      "srcSentenceEA": 7,
      "srcWordEA": 56,
      "character": "월트 디즈니,영화,어린이들,동물,사람들,친구",
      "setting": "디즈니랜드,세상,지금도",
      "action": "만들고,떠났어요,만든,주고,관찰한,보는,주었답니다",
      "feeling": "기쁨,감동",
      "causalRelationship": null,
      "outcomeResolution": null,
      "prediction": null,
      "plotSummaryInfoCount": 1,
      "plotSummaryInfo": {
        "classification": "사회관계",
        "readAge": "유아",
        "form": "long-form",
        "plotSummaryText": "만화 영화의 왕, 영화계의 마술사인 월트 디즈니가 만든 수많은 영화는 지금도 전 세계의 어린이들에게  큰 기쁨과 감동을 주고 있어요.",
        "textWordEA": 20
      }
    },
    {
      "srcTextID": "97565",
      "srcText": "월트는 토미 튜커 군의 이빨이란 만화 영화를 만들어 주었어요. 이 영화를 본 수많은 어린이들의 이빨이 반짝반짝해졌답니다. 월트는 귀를 쫑긋 세운 토끼를 주인공으로 토끼 오즈 월드를 만들어서 큰 인기를 끌었어요.",
      "srcPage": 26,
      "srcSentenceEA": 3,
      "srcWordEA": 31,
      "character": "월트,어린이들,이빨,토끼,만화 영화",
      "setting": null,
      "action": "만들어 주었어요,만들어서,끌었어요",
      "feeling": null,
      "causalRelationship": null,
      "outcomeResolution": null,
      "prediction": null,
      "plotSummaryInfoCount": 1,
      "plotSummaryInfo": {
        "classification": "사회관계",
        "readAge": "유아",
        "form": "short-form",
        "plotSummaryText": "월트는 토미 튜커 군의 이빨이란 만화 영화를 만들어 어린이들의 이빨을 반짝이게 하는가 하면, 토끼 오즈 월드라는 작품 또한 큰 인기를 끌었어요.",
        "textWordEA": 21
      }
    },
    {
      "srcTextID": "97542",
      "srcText": "월트는 도시에서 태어났지만 어린 시절 시골로 이사를 왔어요. 부모님은 밭에서 콩과 밀 농사를 지으셨답니다. 월트는 닭에게 모이를 주며 병아리를 돌보았어요.",
      "srcPage": 3,
      "srcSentenceEA": 3,
      "srcWordEA": 22,
      "character": "월트,부모님,콩,밀,닭,모이,병아리",
      "setting": "도시,어린 시절,시골,밭",
      "action": "태어났지만,왔어요,지으셨답니다,주며,돌보았어요",
      "feeling": null,
      "causalRelationship": null,
      "outcomeResolution": null,
      "prediction": null,
      "plotSummaryInfoCount": 1,
      "plotSummaryInfo": {
        "classification": "사회관계",
        "readAge": "유아",
        "form": "short-form",
        "plotSummaryText": "도시에서 태어난 월트는 어린 시절 시골로 이사를 왔고 닭에게 모이를 주며 병아리를 돌보았어요.",
        "textWordEA": 13
      }
    },
    {
      "srcTextID": "97549",
      "srcText": "월트는 신문 배달을 하는 틈틈이 만화를 그렸어요. \"그림 공부를 하는 게 어떻겠니?\" 월트의 만화를 보고 아버지가 말씀하셨어요.",
      "srcPage": 10,
      "srcSentenceEA": 3,
      "srcWordEA": 18,
      "character": "월트,만화,아버지",
      "setting": "틈틈이",
      "action": "그렸어요,보고,말씀하셨어요",
      "feeling": null,
      "causalRelationship": null,
      "outcomeResolution": null,
      "prediction": null,
      "plotSummaryInfoCount": 1,
      "plotSummaryInfo": {
        "classification": "사회관계",
        "readAge": "유아",
        "form": "short-form",
        "plotSummaryText": "신문 배달을 하는 틈틈이 만화를 그리는 월트에게 아버지는 그림 공부를 해보는 것을 제안했어요.",
        "textWordEA": 13
      }
    },
    {
      "srcTextID": "97551",
      "srcText": "월트네는 도시로 이사를 가게 되었어요. 아버지가 젤리를 만드는 공장에서 일하게 되었거든요. 그 당시 미국은 큰 전쟁에 참가하고 있었어요.",
      "srcPage": 12,
      "srcSentenceEA": 3,
      "srcWordEA": 20,
      "character": "월트네,아버지,젤리",
      "setting": "도시,공장,미국",
      "action": "이사를 가게 되었어요,만드는,일하게,참가하고",
      "feeling": null,
      "causalRelationship": null,
      "outcomeResolution": null,
      "prediction": null,
      "plotSummaryInfoCount": 1,
      "plotSummaryInfo": {
        "classification": "사회관계",
        "readAge": "유아",
        "form": "short-form",
        "plotSummaryText": "미국이 큰 전쟁에 참가하고 있었던 당시, 월트네는 아버지가 젤리 공장에서 일하게 되었고 도시로 이사를 하였어요.",
        "textWordEA": 15
      }
    },
    {
      "srcTextID": "97552",
      "srcText": "월트의 형들은 씩씩한 모습으로 전쟁터에 나갔어요. 월트도 나라를 위해서 전쟁터로 나가 싸우고 싶었어요. 하지만 월트는 전쟁터에 나가기엔 너무 어렸답니다.",
      "srcPage": 13,
      "srcSentenceEA": 3,
      "srcWordEA": 21,
      "character": "월트의 형,월트",
      "setting": "전쟁터",
      "action": "나갔어요,나가 싸우고,나가기엔",
      "feeling": null,
      "causalRelationship": null,
      "outcomeResolution": null,
      "prediction": null,
      "plotSummaryInfoCount": 1,
      "plotSummaryInfo": {
        "classification": "사회관계",
        "readAge": "유아",
        "form": "short-form",
        "plotSummaryText": "씩씩하게 전쟁터로 나간 월트의 형들처럼 월트도 나라를 위해 싸우고 싶었지만, 그러기에 월트는 너무 어렸어요.",
        "textWordEA": 14
      }
    },
    {
      "srcTextID": "97560",
      "srcText": "\"만화 영화를 하나 만들어 주시겠소?\" 어느 극장의 사장님이 지하실 문을 두드렸어요. 월트는 두근거리는 가슴을 누르며 자세히 물었어요.",
      "srcPage": 22,
      "srcSentenceEA": 3,
      "srcWordEA": 19,
      "character": "극장의 사장님,월트",
      "setting": null,
      "action": "만들어 주시겠소,두드렸어요,누르며,물었어요",
      "feeling": null,
      "causalRelationship": null,
      "outcomeResolution": null,
      "prediction": null,
      "plotSummaryInfoCount": 1,
      "plotSummaryInfo": {
        "classification": "사회관계",
        "readAge": "유아",
        "form": "short-form",
        "plotSummaryText": "어느 극장의 사장님이 만화 영화를 하나 만들어 달라는 요청에 월트는 두근거리는 가슴을 누르며 자세히 물었다.",
        "textWordEA": 15
      }
    },
    {
      "srcTextID": "97561",
      "srcText": "\"어디에 쓸 영화인가요?\" \"우리 극장에 영화만 시작되면 자막을 큰 소리로 따라 읽는 사람들이 있어서 말이오.\" 월트와 엡은 그 동안 배운 실력을 다해서 꼬마 선생이라는 영화를 만들었어요.",
      "srcPage": 23,
      "srcSentenceEA": 3,
      "srcWordEA": 27,
      "character": "사람들,월트,엡",
      "setting": "극장",
      "action": "시작되면,따라 읽는,배운,다해서,만들었어요",
      "feeling": null,
      "causalRelationship": null,
      "outcomeResolution": null,
      "prediction": null,
      "plotSummaryInfoCount": 1,
      "plotSummaryInfo": {
        "classification": "사회관계",
        "readAge": "유아",
        "form": "short-form",
        "plotSummaryText": "영화만 시작되면 자막을 큰 소리로 읽는 사람들이 있다는 얘기를 듣고 월트와 엡은 꼬마 선생이라는 영화를 만들었다.",
        "textWordEA": 16
      }
    },
    {
      "srcTextID": "97567",
      "srcText": "월트는 잠시도 쉴 틈이 없었어요. 어느 일요일 오후, 월트의 눈에 생쥐 한 마리가 보였어요. 생쥐는 사무실에 나뒹구는 빵 조각을 먹으려고 바쁘게 들락거렸던 거예요.",
      "srcPage": 28,
      "srcSentenceEA": 3,
      "srcWordEA": 25,
      "character": "월트,생쥐 한 마리,빵 조각",
      "setting": "일요일 오후,사무실,잠시도",
      "action": "보였어요,나뒹구는,먹으려고,들락거렸던",
      "feeling": null,
      "causalRelationship": null,
      "outcomeResolution": null,
      "prediction": null,
      "plotSummaryInfoCount": 1,
      "plotSummaryInfo": {
        "classification": "사회관계",
        "readAge": "유아",
        "form": "short-form",
        "plotSummaryText": "어느 일요일 오후, 사무실에 있던 월트의 눈에 빵 조각을 먹으려는 생쥐 한 마리가 보였어요.",
        "textWordEA": 14
      }
    },
    {
      "srcTextID": "97566",
      "srcText": "\"옳지! 생쥐를 주인공으로 영화를 만들면 재미있겠는걸.\" 월트는 생쥐가 움직이는 모습을 유심히 살펴 그리기 시작했어요. 이렇게 해서 나온 영화가 미키 마우스랍니다. 동그랗고 큰 귀에 멋진 양복을 차려 입은 미키 마우스가 큰 인기를 끌자 월트의 이름은 매우 유명해졌어요. 월트는 아기 돼지 삼 형제도 영화로 만들어 어린이들의 사랑을 듬뿍 받았답니다.",
      "srcPage": 29,
      "srcSentenceEA": 5,
      "srcWordEA": 52,
      "character": "생쥐,월트,양복,미키 마우스,어린이들",
      "setting": null,
      "action": "움직이는,살펴 그리기 시작했어요,차려 입은,만들어,받았답니다",
      "feeling": "재미있겠는걸",
      "causalRelationship": null,
      "outcomeResolution": null,
      "prediction": null,
      "plotSummaryInfoCount": 1,
      "plotSummaryInfo": {
        "classification": "사회관계",
        "readAge": "유아",
        "form": "long-form",
        "plotSummaryText": "생쥐를 주인공으로 만든 영화가 미키 마우스였고 이것이 큰 인기를 끌자, 월트의 이름은 매우 유명해졌어요.",
        "textWordEA": 14
      }
    },
    {
      "srcTextID": "97569",
      "srcText": "이 때 나온 영화가 백설 공주, 신데렐라, 피노키오 등이랍니다. 월트는 많은 돈을 벌었어요. 이 돈으로 월트는 '디즈니랜드'라는 놀이 동산을 지었어요. 디즈니랜드 안에는 백설 공주가 살았던 뾰족한 성과 피터 팬의 해적선, 그리고 인디언들의 요새 등 너무나 재미있는 볼거리가 많이 있답니다.",
      "srcPage": 31,
      "srcSentenceEA": 5,
      "srcWordEA": 43,
      "character": "월트,돈,백설 공주,피터 팬,인디언들",
      "setting": "놀이 동산,디즈니랜드 안,뾰족한 성",
      "action": "나온,벌었어요,지었어요,살았던",
      "feeling": "재미있는",
      "causalRelationship": null,
      "outcomeResolution": null,
      "prediction": null,
      "plotSummaryInfoCount": 1,
      "plotSummaryInfo": {
        "classification": "사회관계",
        "readAge": "유아",
        "form": "long-form",
        "plotSummaryText": "많은 돈을 번 월트는 디즈니랜드라는 놀이동산을 지었고, 그 안에는 재미있는 볼거리가 많이 있답니다.",
        "textWordEA": 13
      }
    },
    {
      "srcTextID": "97540",
      "srcText": "포동포동하게 잘 익은 포도 송이들이 과수원을 온통 검게 물들였어요. 그런데 어느 날 아침, 과수원을 산책하던 월트 부인은 깜짝 놀랐어요. 과일들이 모두 땅바닥에 뭉개져 있었기 때문이에요.",
      "srcPage": 1,
      "srcSentenceEA": 3,
      "srcWordEA": 27,
      "character": "포도 송이들,월트 부인,과일들",
      "setting": "과수원,어느 날 아침,땅바닥",
      "action": "산책하던",
      "feeling": "깜짝 놀랐어요",
      "causalRelationship": null,
      "outcomeResolution": null,
      "prediction": null,
      "plotSummaryInfoCount": 1,
      "plotSummaryInfo": {
        "classification": "사회관계",
        "readAge": "유아",
        "form": "short-form",
        "plotSummaryText": "과수원을 산책하던 월트 부인은 포도송이들이 모두 땅바닥에 뭉개져 있어서 깜짝 놀랐어요.",
        "textWordEA": 11
      }
    },
    {
      "srcTextID": "97541",
      "srcText": "\"꼬꼬댁\" 이른 아침 닭이 먼저 인사를 하네요. 월트는 얼른 닭장으로 뛰어가 모이를 주며 인사했어요. \"안녕! 꼬꼬야, 잘 잤니?\" 암탉은 밤새 낳은 노오란 계란을 내밀었어요. \"오늘도 맛있는 계란을 낳아 주어서 정말 고마워.\" 월트는 계란을 바구니에 담으며 즐겁게 콧노래를 불렀답니다.",
      "srcPage": 4,
      "srcSentenceEA": 6,
      "srcWordEA": 43,
      "character": "닭,월트,모이,꼬꼬,암탉,노오란 계란",
      "setting": "이른 아침,닭장,밤새,오늘",
      "action": "인사를 하네요,뛰어가,주며 인사했어요,잤니,낳은,내밀었어요,낳아 주어서,담으며,불렀답니다",
      "feeling": "고마워",
      "causalRelationship": null,
      "outcomeResolution": null,
      "prediction": null,
      "plotSummaryInfoCount": 1,
      "plotSummaryInfo": {
        "classification": "사회관계",
        "readAge": "유아",
        "form": "long-form",
        "plotSummaryText": "이른 아침 닭이 인사를 하면 월트는 닭장으로 뛰어가 암탉이 낳은 계란을 고마워하며 즐겁게 바구니에 담았어요.",
        "textWordEA": 15
      }
    },
    {
      "srcTextID": "97544",
      "srcText": "어머니는 월트에게 색연필과 종이를 선물하셨어요. \"월트야, 이제부터는 종이에다가 그리렴.\" 월트는 색연필과 종이를 품에 안고 펄쩍펄쩍 뛰었어요.",
      "srcPage": 7,
      "srcSentenceEA": 3,
      "srcWordEA": 17,
      "character": "어머니,월트,색연필,종이",
      "setting": "이제부터는,품에",
      "action": "선물하셨어요,그리렴,안고,뛰었어요",
      "feeling": null,
      "causalRelationship": null,
      "outcomeResolution": null,
      "prediction": null,
      "plotSummaryInfoCount": 1,
      "plotSummaryInfo": {
        "classification": "사회관계",
        "readAge": "유아",
        "form": "short-form",
        "plotSummaryText": "어머니는 월트에게 색연필과 종이를 선물했고 월트는 신이 나서 뛰었어요.",
        "textWordEA": 9
      }
    },
    {
      "srcTextID": "97548",
      "srcText": "월트는 너무 기뻐서 무슨 말을 해야 할지 몰랐어요. 사실 월트도 그림 공부가 몹시 하고 싶었거든요. 하지만 어려운 집안 사정 때문에 말을 못 했던 거예요. 드디어 월트는 미술 학교에 들어가 그림 공부를 시작했어요. 그림을 그릴 때에 월트는 세상 누구도 부럽지 않았답니다.",
      "srcPage": 11,
      "srcSentenceEA": 5,
      "srcWordEA": 44,
      "character": "월트",
      "setting": "미술 학교",
      "action": "말을 못 했던,들어가,시작했어요,그릴",
      "feeling": "기뻐서",
      "causalRelationship": null,
      "outcomeResolution": null,
      "prediction": null,
      "plotSummaryInfoCount": 1,
      "plotSummaryInfo": {
        "classification": "사회관계",
        "readAge": "유아",
        "form": "long-form",
        "plotSummaryText": "그림 공부가 몹시 하고 싶었지만 어려운 집안 사정에 말 못 했었던 월트는 너무 기뻤고, 그 후 미술 학교에 들어가 그림 공부를 시작했어요.",
        "textWordEA": 22
      }
    },
    {
      "srcTextID": "97556",
      "srcText": "그러던 어느 날 신문에서 자신을 찾는 듯한 광고를 보았어요. '만화가를 구합니다. 캔자스시 광고 영화사' 월트는 자기가 그린 그림을 가지고 광고 영화사로 곧장 달려갔어요.",
      "srcPage": 17,
      "srcSentenceEA": 4,
      "srcWordEA": 25,
      "character": "만화가,월트,자기,그림,자신",
      "setting": "어느 날,광고 영화사",
      "action": "보았어요,구합니다,그린,가지고,달려갔어요,찾는",
      "feeling": null,
      "causalRelationship": null,
      "outcomeResolution": null,
      "prediction": null,
      "plotSummaryInfoCount": 1,
      "plotSummaryInfo": {
        "classification": "사회관계",
        "readAge": "유아",
        "form": "long-form",
        "plotSummaryText": "그러던 어느 날 신문에서 만화가를 구한다는 광고를 보고 그동안 그린 그림을 가지고 곧장 광고 영화사로 달려갔어요.",
        "textWordEA": 16
      }
    },
    {
      "srcTextID": "97558",
      "srcText": "월트는 종이를 오려서 인형을 만들었어요. 월트는 영화사에서 만난 엡과 친구가 되었답니다. 두 사람의 머리 속은 온통 만화 생각뿐이었어요.",
      "srcPage": 19,
      "srcSentenceEA": 3,
      "srcWordEA": 20,
      "character": "월트,종이,인형,엡,친구,두 사람",
      "setting": "영화사",
      "action": "오려서,만들었어요,만난,되었답니다,생각뿐이었어요",
      "feeling": null,
      "causalRelationship": null,
      "outcomeResolution": null,
      "prediction": null,
      "plotSummaryInfoCount": 1,
      "plotSummaryInfo": {
        "classification": "사회관계",
        "readAge": "유아",
        "form": "short-form",
        "plotSummaryText": "영화사에서 만난 엡과 친구가 된 두 사람의 머리속은 온통 만화뿐이었어요.",
        "textWordEA": 10
      }
    }
  ]
}