{
  "title": "공자",
  "author": "교연아카데미 편집부",
  "illustrator": "홍성찬",
  "isbn": "9788992636629",
  "publishedYear": 2007,
  "publisher": "교연아카데미",
  "paragraphInfoCount": 16,
  "paragraphInfo": [
    {
      "srcTextID": "131145",
      "srcText": "공자가 제자들과 함께 제나라로 가고 있을 때였어요. 깊은 산길에서 어떤 부인이 슬프게 울고 있는 거예요. \"왜 그리 슬프게 울고 있소?\" 공자의 물음에 부인은 더욱 크게 울며 말했어요.",
      "srcPage": 9,
      "srcSentenceEA": 4,
      "srcWordEA": 29,
      "character": "공자,제자,부인",
      "setting": "제나라,산길",
      "action": "울고 있는 거예요,말했어요,물음에",
      "feeling": "슬프게",
      "causalRelationship": null,
      "outcomeResolution": null,
      "prediction": "공자의 물음에 부인은 더욱 크게 울며 말했어요.",
      "plotSummaryInfoCount": 1,
      "plotSummaryInfo": {
        "classification": "사회관계",
        "readAge": "유아",
        "form": "long-form",
        "plotSummaryText": "공자가 제자들과 함께 제나라로 가고 있을 때, 산길에서 슬프게 울고 있는 여인에게 우는 까닭을 묻자 부인은 더욱 크게 울며 말했습니다.",
        "textWordEA": 20
      }
    },
    {
      "srcTextID": "131144",
      "srcText": "\"나라의 못된 관리들을 피해 산 속으로 들어왔는데, 호랑이가 남편과 자식을 물어갔습니다.\" \"잘못된 정치나, 사람을 물어가는 호랑이나 조금도 다르지 않구나!\" 공자는 큰 깨우침을 얻었답니다.",
      "srcPage": 10,
      "srcSentenceEA": 3,
      "srcWordEA": 24,
      "character": "나라,관리,호랑이,남편,자식,공자,사람",
      "setting": "산 속",
      "action": "들어왔는데,물어갔습니다,물어가는",
      "feeling": "못된,큰 깨우침을 얻었답니다",
      "causalRelationship": null,
      "outcomeResolution": "공자는 큰 깨우침을 얻었답니다.",
      "prediction": null,
      "plotSummaryInfoCount": 1,
      "plotSummaryInfo": {
        "classification": "사회관계",
        "readAge": "유아",
        "form": "short-form",
        "plotSummaryText": "못된 관리들을 피해 산 속으로 들어왔는데, 호랑이가 남편과 자식을 물어갔다는 말에 공자는 잘못된 정치나, 사람을 물어가는 호랑이나 조금도 다르지 않다며 큰 깨우침을 얻었습니다.",
        "textWordEA": 23
      }
    },
    {
      "srcTextID": "131148",
      "srcText": "노나라의 힘이 점점 강해지자 이웃 나라에서 예쁜 여자들을 보내어 임금님의 마음을 어지럽게 했어요. \"허허허, 어쩜 저리도 고울까!\" 궁전에서는 매일매일 큰 잔치가 열렸어요. 공자는 임금님의 마음을 돌리려고 애썼지요. 하지만 임금님은 누구의 말도 듣지 않았답니다.",
      "srcPage": 12,
      "srcSentenceEA": 5,
      "srcWordEA": 36,
      "character": "여자,임금님,공자,잔치",
      "setting": "노나라,궁전",
      "action": "듣지 않았답니다,보내어",
      "feeling": "예쁜,마음을 어지럽게 했어요,마음을 돌리려고 애썼지요",
      "causalRelationship": null,
      "outcomeResolution": "하지만 임금님은 누구의 말도 듣지 않았답니다.",
      "prediction": null,
      "plotSummaryInfoCount": 1,
      "plotSummaryInfo": {
        "classification": "사회관계",
        "readAge": "유아",
        "form": "long-form",
        "plotSummaryText": "노나라의 힘이 강해지자 이웃 나라에서 예쁜 여자들을 보내고 궁전에서는 매일 잔치가 열리자 공자는 임금님의 마음을 돌리려고 애썼지만 그는 누구의 말도 듣지 않았습니다.",
        "textWordEA": 22
      }
    },
    {
      "srcTextID": "131138",
      "srcText": "공자가 거문고를 배울 때의 일이에요. “둥기둥, 둥둥!” 공자는 열흘 동안 같은 곡만 연주하고 있었어요. “공자야, 어찌하여 같은 곡만 연주하느냐?” “한 곡을 반복해서 연주하다 보면 곡을 만든 사람의 마음을 알 수 있을 것 같아서입니다.” 선생님은 공자의 대답에 고개를 끄덕였어요.",
      "srcPage": 5,
      "srcSentenceEA": 6,
      "srcWordEA": 40,
      "character": "공자,거문고,선생님,사람",
      "setting": "열흘 동안",
      "action": "끄덕였어요,연주하고 있었어요,배울,연주하다",
      "feeling": "마음을 알 수 있을 것 같아서입니다.",
      "causalRelationship": null,
      "outcomeResolution": null,
      "prediction": "한 곡을 반복해서 연주하다 보면 곡을 만든 사람의 마음을 알 수 있을 것 같아서입니다.",
      "plotSummaryInfoCount": 1,
      "plotSummaryInfo": {
        "classification": "사회관계",
        "readAge": "유아",
        "form": "long-form",
        "plotSummaryText": "거문고를 배울 때, 열흘 동안 같은 곡만 계속 연주하는 공자에게 그 까닭을 묻자 한 곡을 반복하다보면 곡을 만든 사람의 마음을 알 수 있을 것 같다는 대답에 선생님은 고개를 끄덕였습니다.",
        "textWordEA": 29
      }
    },
    {
      "srcTextID": "131141",
      "srcText": "공자는 나라 걱정으로 잠을 이루지 못했어요. 하지만 어디에도 백성들을 위하고 나라를 걱정하는 관리가 없었어요. 공자는 제자들과 노나라를 떠나기로 마음먹었어요.",
      "srcPage": 8,
      "srcSentenceEA": 3,
      "srcWordEA": 21,
      "character": "공자,백성,나라,관리,제자들",
      "setting": "노나라",
      "action": "잠을 이루지 못했어요",
      "feeling": "떠나기로 마음먹었어요,걱정하는",
      "causalRelationship": null,
      "outcomeResolution": "공자는 제자들과 노나라를 떠나기로 마음먹었어요.",
      "prediction": null,
      "plotSummaryInfoCount": 1,
      "plotSummaryInfo": {
        "classification": "사회관계",
        "readAge": "유아",
        "form": "short-form",
        "plotSummaryText": "벡성들을 위하는 관리가 없었기 때문에 나라 걱정으로 잠을 이루지 못한 공자는 제자들과 노나라를 떠나기로 마음먹었습니다.",
        "textWordEA": 15
      }
    },
    {
      "srcTextID": "131129",
      "srcText": "멀리 중국의 춘추 시대 이야기예요. 당시에 중국은 열두 나라로 나뉘어 있었어요. 열두 나라 중에 노나라는 힘이 없는 작은 나라였답니다. 백성들의 생활은 너무너무 힘들었어요. 이웃 나라에서 자주 쳐들어왔고 관리들은 권력 다툼에 눈이 멀어 있었거든요.",
      "srcPage": 1,
      "srcSentenceEA": 5,
      "srcWordEA": 37,
      "character": "노나라,백성,열두 나라,관리들,눈",
      "setting": "중국,춘추 시대",
      "action": "쳐들어왔고,힘이 없는",
      "feeling": "힘들었어요,권력 다툼에 눈이 멀어 있었거든요",
      "causalRelationship": null,
      "outcomeResolution": null,
      "prediction": "이웃 나라에서 자주 쳐들어왔고 관리들은 권력 다툼에 눈이 멀어 있었거든요.",
      "plotSummaryInfoCount": 1,
      "plotSummaryInfo": {
        "classification": "사회관계",
        "readAge": "유아",
        "form": "long-form",
        "plotSummaryText": "춘추 시대의 중국은 열두 나라로 나뉘어 있는 가운데 노나라는 힘이 없는 작은 나라여서 이웃 나라에서 자주 쳐들어와 백성들의 생활은 힘들었습니다.",
        "textWordEA": 20
      }
    },
    {
      "srcTextID": "131133",
      "srcText": "공자의 아버지는 노나라의 군인이었어요. 하지만 공자의 재롱을 보기도 전에 세상을 떠났지요. 공자는 어머니와 함께 가난하게 살아야 했답니다.",
      "srcPage": 2,
      "srcSentenceEA": 3,
      "srcWordEA": 19,
      "character": "공자,아버지,군인,어머니",
      "setting": "노나라",
      "action": "세상을 떠났지요,재롱을 보기도,가난하게 살아야 했답니다",
      "feeling": null,
      "causalRelationship": "하지만 공자의 재롱을 보기도 전에 세상을 떠났지요. 공자는 어머니와 함께 가난하게 살아야 했답니다.",
      "outcomeResolution": null,
      "prediction": null,
      "plotSummaryInfoCount": 1,
      "plotSummaryInfo": {
        "classification": "사회관계",
        "readAge": "유아",
        "form": "short-form",
        "plotSummaryText": "아버지는 노나라 군인이었지만 일찍 세상을 떠나서 공자는 어머니와 함께 가난하게 살아야 했습니다.",
        "textWordEA": 12
      }
    },
    {
      "srcTextID": "131134",
      "srcText": "공자는 향교에 다녔어요. 향교에서는 마을의 평안과 풍년을 기원하며 제사를 지냈어요. 공자의 가슴속에는 조상에 대해 감사하는 마음이 뿌리 깊게 내렸지요. 공자는 예의 바른 청년이 되었답니다.",
      "srcPage": 4,
      "srcSentenceEA": 4,
      "srcWordEA": 27,
      "character": "공자,청년,조상,마을",
      "setting": "향교",
      "action": "다녔어요,제사를 지냈어요,되었답니다",
      "feeling": "감사하는 마음이 뿌리 깊게 내렸지요,기원하며",
      "causalRelationship": null,
      "outcomeResolution": ". 공자는 예의 바른 청년이 되었답니다.",
      "prediction": null,
      "plotSummaryInfoCount": 1,
      "plotSummaryInfo": {
        "classification": "사회관계",
        "readAge": "유아",
        "form": "long-form",
        "plotSummaryText": "향교에 다닌 공자는 마을의 평안과 풍년을 기원하는 제사를 지내면서 조상에 대해 감사하는 마음을 가지며 예의 바른 청년이 되었습니다.",
        "textWordEA": 18
      }
    },
    {
      "srcTextID": "131139",
      "srcText": "어느 날, 공자는 노자를 찾아갔어요. “옛것이 다 옳은 것은 아니라네. 현실에 맞게 고칠 줄도 알아야 하지.” 노자의 말은 공자에게 큰 깨우침을 주었지요. 그 후로 공자는 사람들에게 옛 어른들의 말씀을 쉽게 풀어서 가르쳤어요.",
      "srcPage": 6,
      "srcSentenceEA": 5,
      "srcWordEA": 35,
      "character": "공자,노자,사람,어른",
      "setting": "어느 날",
      "action": "찾아갔어요,가르쳤어요",
      "feeling": "깨우침을 주었지요",
      "causalRelationship": null,
      "outcomeResolution": "그 후로 공자는 사람들에게 옛 어른들의 말씀을 쉽게 풀어서 가르쳤어요.",
      "prediction": null,
      "plotSummaryInfoCount": 1,
      "plotSummaryInfo": {
        "classification": "사회관계",
        "readAge": "유아",
        "form": "long-form",
        "plotSummaryText": "어느 날, 노자를 찾아갔는데 옛것이 다 옳은 것은 아니고 현실에 맞게 고칠 줄도 알아야 한다는 그 말을 깨우친 공자는 그 후로 사람들에게 옛 어른들의 말씀을 가르쳤습니다.",
        "textWordEA": 26
      }
    },
    {
      "srcTextID": "131140",
      "srcText": "그 때 공자는 ‘사직’이라는 벼슬을 하고 있었어요. 사직이란 가축을 돌보는 일이에요. “꿀꿀꿀!” 공자는 냄새나는 돼지우리 속에 있어도 향기로운 꽃밭에 있다고 생각했지요 . 공자는 낮에는 가축을 키우고 밤에는 사람들에게 학문을 가르쳤어요. 사람들은 공자의 이런 모습을 존경했답니다.",
      "srcPage": 7,
      "srcSentenceEA": 6,
      "srcWordEA": 39,
      "character": "공자,가축,사람",
      "setting": "낮,밤,돼지우리 속",
      "action": "키우고,가르쳤어요",
      "feeling": "존경했답니다",
      "causalRelationship": null,
      "outcomeResolution": "사람들은 공자의 이런 모습을 존경했답니다.",
      "prediction": null,
      "plotSummaryInfoCount": 1,
      "plotSummaryInfo": {
        "classification": "사회관계",
        "readAge": "유아",
        "form": "long-form",
        "plotSummaryText": "가축을 돌보는 일인 사직이라는 벼슬을 맡고 있던 공자는 낮에는 가축을 키우고 밤에는 사람들에게 학문을 가르쳐서 모두 그의 이런 모습을 존경했습니다.",
        "textWordEA": 20
      }
    },
    {
      "srcTextID": "131147",
      "srcText": "노나라로 돌아온 공자는 나라의 높은 관리가 되어 임금님이 바른 정치를 하도록 이끌어 주었어요. 그런데 나라를 빼앗으려고 몰래 군사를 모으고 성을 쌓는 무리가 나타났어요. “성벽을 허물어 버리거라.” 공자는 싸움을 미리 막아서 나라를 구했답니다.",
      "srcPage": 11,
      "srcSentenceEA": 4,
      "srcWordEA": 34,
      "character": "공자,임금님,군사,성벽,관리,나라,성",
      "setting": "노나라",
      "action": "돌아온,이끌어 주었어요,모으고,나타났어요,막아서,구했답니다,되어,쌓는,허물어",
      "feeling": "바른",
      "causalRelationship": null,
      "outcomeResolution": "공자는 싸움을 미리 막아서 나라를 구했답니다.",
      "prediction": null,
      "plotSummaryInfoCount": 1,
      "plotSummaryInfo": {
        "classification": "사회관계",
        "readAge": "유아",
        "form": "long-form",
        "plotSummaryText": "노나라로 돌아온 공자는 임금님이 바른 정치를 하도록 이끌어 주면서 나라를 빼앗으려고 몰래 군사를 모으고 성을 쌓는 무리가 나타났지만 싸움을 미리 막아서 나라를 구했답니다.",
        "textWordEA": 23
      }
    },
    {
      "srcTextID": "131149",
      "srcText": "“이제 노나라에는 희망이 없구나!” 공자는 제자들과 함께 노나라를 떠났어요. 공자는 먼저 위나라로 갔지요. 위나라 임금님은 공자를 궁전으로 불렀어요. “우리 위나라를 위해서 일해 주시오.” 하지만 공자는 위나라에 오래 머물지 못했어요. 관리들의 시샘이 컸기 때문이지요.",
      "srcPage": 13,
      "srcSentenceEA": 7,
      "srcWordEA": 38,
      "character": "공자,제자들,임금님,관리들",
      "setting": "노나라,위나라,궁전",
      "action": "떠났어요,불렀어요,갔지요,일해,머물지 못했어요",
      "feeling": null,
      "causalRelationship": "하지만 공자는 위나라에 오래 머물지 못했어요. 관리들의 시샘이 컸기 때문이지요.",
      "outcomeResolution": null,
      "prediction": null,
      "plotSummaryInfoCount": 1,
      "plotSummaryInfo": {
        "classification": "사회관계",
        "readAge": "유아",
        "form": "long-form",
        "plotSummaryText": "제자들과 함께 노나라를 떠나 위나라로 간 공자를 위나라 임금님이 불러 이 나라를 위해 일해 달라고 했지만 관리들의 시샘으로 오래 머물지 못했습니다.",
        "textWordEA": 21
      }
    },
    {
      "srcTextID": "131150",
      "srcText": "공자는 여러 나라를 떠돌아다녀야 했어요. 공자가 제자들과 깊은 산길을 가고 있을 때였어요. \"하하하, 꼼짝 마라!\" 갑자기 산적들이 나타난 거예요. \"으악! 사..살려주세요!” 제자들은 모두 벌벌 떨며 몸을 숨기기 바빴지요. 그러나 수레에 타고 있던 공자는 거문고를 꺼내 연주를 시작했어요. 거문고 소리는 산적들의 마음을 움직였어요. 산적들은 공자 앞에 머리를 숙이고 말았답니다.",
      "srcPage": 14,
      "srcSentenceEA": 9,
      "srcWordEA": 56,
      "character": "공자,제자들,산적,몸,수레,거문고,머리,나라",
      "setting": "산길",
      "action": "떠돌아다녀야 했어요,나타난 거예요,떨며,숨기기 바빴지요,꺼내,연주를 시작했어요,숙이고,산길을 가고,타고 있던",
      "feeling": "마음을 움직였어요",
      "causalRelationship": null,
      "outcomeResolution": "산적들은 공자 앞에 머리를 숙이고 말았답니다.",
      "prediction": null,
      "plotSummaryInfoCount": 1,
      "plotSummaryInfo": {
        "classification": "사회관계",
        "readAge": "유아",
        "form": "long-form",
        "plotSummaryText": "여러 나라를 떠돌아다니다가 제자들과 깊은 산길을 가고 있을 때 산적이 나타났는데 수레에 타고 있던 공자가 거문고를 꺼내 연주를 시작했더니 그 소리를 들은 산적들은 그의 앞에 머리를 숙였습니다.",
        "textWordEA": 27
      }
    },
    {
      "srcTextID": "131151",
      "srcText": "공자는 14년 만에 고향인 노나라로 돌아왔어요. 공자는 제자들을 가르치고 책을 쓰면서 살았어요. ‘춘추’는 여러 나라의 역사를 기록한 책이에요. 또 민요를 모아 엮은 ‘시경’도 있답니다. “자기가 당하기 싫은 일은 남에게도 하지 마라.” 공자의 가르침은 언제나 짧은 가운데 깊은 뜻이 담겨 있지요. 이러한 공자의 말씀은 ‘논어’라는 책에 실려 있답니다.",
      "srcPage": 15,
      "srcSentenceEA": 10,
      "srcWordEA": 55,
      "character": "공자,춘추,책,논어,시경,제자들,나라",
      "setting": "노나라,14년 만에",
      "action": "돌아왔어요,가르치고,쓰면서 살았어요",
      "feeling": "싫은",
      "causalRelationship": null,
      "outcomeResolution": "이러한 공자의 말씀은 ‘논어’라는 책에 실려 있답니다.",
      "prediction": null,
      "plotSummaryInfoCount": 1,
      "plotSummaryInfo": {
        "classification": "사회관계",
        "readAge": "유아",
        "form": "long-form",
        "plotSummaryText": "14년 만에 노나라로 돌아온 공자는 제자들을 가르치고 여러 나라의 역사를 기록한 책인 춘추와 민요를 모아 엮은 시경을 쓰며 살았고 자기가 당하기 싫은 일은 남에게도 하지 말라는 그의 가르침은 언제나 짧은 가운데 깊은 뜻이 담겨 있습니다.",
        "textWordEA": 35
      }
    },
    {
      "srcTextID": "131153",
      "srcText": "공자의 가르침은 오늘날에도 길이길이 전해지고 있지요. 공자는 일흔두 살의 나이로 조용히 눈을 감았어요. 슬픈 가락의 노래를 남긴 채 말이에요. 태산은 무너지려 하고 기둥은 쓰러지려 하네. 철인은 세상을 뜨려 하누나.",
      "srcPage": 16,
      "srcSentenceEA": 5,
      "srcWordEA": 33,
      "character": "공자,태산",
      "setting": "오늘날에도",
      "action": "눈을 감았어요,전해지고 있지요,남긴",
      "feeling": "슬픈",
      "causalRelationship": null,
      "outcomeResolution": "태산은 무너지려 하고 기둥은 쓰러지려 하네. 철인은 세상을 뜨려 하누나.",
      "prediction": null,
      "plotSummaryInfoCount": 1,
      "plotSummaryInfo": {
        "classification": "사회관계",
        "readAge": "유아",
        "form": "long-form",
        "plotSummaryText": "공자는 태산은 무너지려 하고 기둥은 쓰러지려 하고 철인은 세상을 뜨려 한다는 슬픈 가락의 노래는 남긴 채 일흔두 살의 나이로 조용히 눈을 감았고 그의 가르침은 오늘날에도 전해지고 있습니다.",
        "textWordEA": 27
      }
    },
    {
      "srcTextID": "131132",
      "srcText": "“어머니, 제사는 어떻게 지내지요?” 어린 공자는 종종 주인 없는 무덤 앞에서 제사 놀이를 했어요. “어린 녀석이 제법인걸!” 어른들은 공자의 절하는 모습을 보면서 대견해했어요.",
      "srcPage": 3,
      "srcSentenceEA": 4,
      "srcWordEA": 25,
      "character": "어머니,공자,어른,녀석",
      "setting": "무덤 앞",
      "action": "제사 놀이를 했어요,보면서",
      "feeling": "대견해했어요",
      "causalRelationship": null,
      "outcomeResolution": null,
      "prediction": null,
      "plotSummaryInfoCount": 1,
      "plotSummaryInfo": {
        "classification": "사회관계",
        "readAge": "유아",
        "form": "long-form",
        "plotSummaryText": "주인 없는 무덤 앞에서 제사 놀이를 하며 절하는 공자의 모습 본 어른들은 녀석이 제법이라며 대견해했습니다.",
        "textWordEA": 15
      }
    }
  ]
}