{
  "title": "프뢰벨",
  "author": "배현순",
  "illustrator": "이미정",
  "isbn": "9788992636285",
  "publishedYear": 2007,
  "publisher": "교연아카데미",
  "paragraphInfoCount": 28,
  "paragraphInfo": [
    {
      "srcTextID": "107556",
      "srcText": "나무 위에는 노란 새 한 마리가 새끼들을 감싸고 있었어요. 새끼들이 작은 입을 벌리고 무어라 짹짹짹 말을 하네요. 아이들도 짹짹짹 따라 했어요.",
      "srcPage": 4,
      "srcSentenceEA": 3,
      "srcWordEA": 23,
      "character": "노란 새 한 마리,새끼들,입,아이들",
      "setting": "나무 위",
      "action": "감싸고,벌리고,말을 하네요,따라 했어요",
      "feeling": null,
      "causalRelationship": null,
      "outcomeResolution": null,
      "prediction": null,
      "plotSummaryInfoCount": 1,
      "plotSummaryInfo": {
        "classification": "사회관계",
        "readAge": "유아",
        "form": "short-form",
        "plotSummaryText": "나무 위에는 노란 새 한 마리가 새끼들을 감싸고 있었는데 새끼들이 입을 벌리고 짹짹짹 말하면 아이들도 짹짹짹 따라 했어요.",
        "textWordEA": 18
      }
    },
    {
      "srcTextID": "107557",
      "srcText": "하루 종일 숲속에서 뛰어놀던 아이들이 하나둘씩 집으로 돌아갑니다. 가슴 가슴마다 파아란 희망을 가득 품은 채 말이에요. 아이들을 지켜보시던 선생님 얼굴에 행복한 미소가 번졌어요. 이분이 바로 우리에게 유치원을 선물하신 프뢰벨 선생님이랍니다.",
      "srcPage": 5,
      "srcSentenceEA": 4,
      "srcWordEA": 33,
      "character": "아이들,우리,프뢰벨 선생님,유치원",
      "setting": "하루 종일,숲속,집,유치원",
      "action": "뛰어놀던,돌아갑니다,지켜보시던,미소가 번졌어요,선물하신",
      "feeling": "행복한",
      "causalRelationship": null,
      "outcomeResolution": null,
      "prediction": null,
      "plotSummaryInfoCount": 1,
      "plotSummaryInfo": {
        "classification": "사회관계",
        "readAge": "유아",
        "form": "long-form",
        "plotSummaryText": "하루 종일 숲속에서 뛰어놀던 아이들이 가슴 가슴마다 파란 희망을 가득 품은 채 하나둘씩 집으로 돌아가는 모습에 선생님 얼굴에 미소가 번지고 이분이 바로 우리에게 유치원을 선물하신 프뢰벨 선생님이랍니다.",
        "textWordEA": 27
      }
    },
    {
      "srcTextID": "107551",
      "srcText": "아이들의 즐거운 비명이 숲 속에 울려 퍼집니다. \"와아!하하하!\" 뚱뚱이 바츠가 '끙끙' 나무 위를 오르고 있었어요.",
      "srcPage": 1,
      "srcSentenceEA": 3,
      "srcWordEA": 18,
      "character": "아이들,바츠",
      "setting": "숲 속,나무 위",
      "action": "오르고",
      "feeling": "즐거운",
      "causalRelationship": null,
      "outcomeResolution": null,
      "prediction": null,
      "plotSummaryInfoCount": 1,
      "plotSummaryInfo": {
        "classification": "사회관계",
        "readAge": "유아",
        "form": "short-form",
        "plotSummaryText": "아이들의 하하하 즐거운 소리가  숲 속에 울려 퍼지며 뚱뚱이 바츠가 나무 위를 오르고 있었습니다.",
        "textWordEA": 15
      }
    },
    {
      "srcTextID": "107555",
      "srcText": "\"새집이에요! 새집을 찾았어요!\" 멀리서 한 아이가 소리쳤어요. 우르르 아이들이 나무 아래로 모였답니다.",
      "srcPage": 3,
      "srcSentenceEA": 3,
      "srcWordEA": 15,
      "character": "새집,아이,아이들",
      "setting": "나무 아래",
      "action": "찾았어요,소리쳤어요,모였답니다",
      "feeling": null,
      "causalRelationship": null,
      "outcomeResolution": null,
      "prediction": null,
      "plotSummaryInfoCount": 1,
      "plotSummaryInfo": {
        "classification": "사회관계",
        "readAge": "유아",
        "form": "short-form",
        "plotSummaryText": "새집을 찾았다는 한 아이의 소리에 아이들이 나무 아래로 모였답니다.",
        "textWordEA": 9
      }
    },
    {
      "srcTextID": "107564",
      "srcText": "외삼촌은 무척 따뜻하고 자상하셨어요. 프뢰벨과 항상 친구가 되어 놀아주었답니다. 맛있는 도시락을 들고 숲으로 소풍을 가기도 했어요. 프뢰벨은 밝고 건강한 아이로 다시 태어났어요.",
      "srcPage": 10,
      "srcSentenceEA": 4,
      "srcWordEA": 25,
      "character": "외삼촌,프뢰벨,친구,도시락,아이",
      "setting": "숲으로",
      "action": "놀아주었답니다,들고,가기도 했어요,태어났어요,자상하셨어요",
      "feeling": null,
      "causalRelationship": null,
      "outcomeResolution": null,
      "prediction": null,
      "plotSummaryInfoCount": 1,
      "plotSummaryInfo": {
        "classification": "사회관계",
        "readAge": "유아",
        "form": "long-form",
        "plotSummaryText": "외삼촌은 프뢰벨과 항상 친구가 되어 놀아주었고, 숲으로 도시락을 들고 소풍을 가기도 하며서 밝고 건강한 아이로 다시 태어났어요.",
        "textWordEA": 17
      }
    },
    {
      "srcTextID": "107565",
      "srcText": "학교에서 많은 친구들과 어울리며 즐겁게 생활했답니다. 프뢰벨은 열심히 공부했어요. 그래서 유명한 예나대학에 당당히 합격했어요. 가족들 모두 크게 기뻐했지요.",
      "srcPage": 11,
      "srcSentenceEA": 4,
      "srcWordEA": 21,
      "character": "친구들,프뢰벨,가족들",
      "setting": "학교,예나대학",
      "action": "어울리며,생활했답니다,열심히 공부했어요,합격했어요",
      "feeling": "즐겁게,기뻐했지요",
      "causalRelationship": null,
      "outcomeResolution": null,
      "prediction": null,
      "plotSummaryInfoCount": 1,
      "plotSummaryInfo": {
        "classification": "사회관계",
        "readAge": "유아",
        "form": "long-form",
        "plotSummaryText": "프뢰벨은 학교에서 친구들과 어울리며 즐겁게 생활하고 공부도 열심히 해서 예나대학에 당당히 합격해 가족들도 크게 기뻐했지요.",
        "textWordEA": 15
      }
    },
    {
      "srcTextID": "107566",
      "srcText": "프뢰벨은 처음에 의학 공부를 했어요. 그러나 공부를 할수록 학문에 대한 호기심은 커져만 갔지요. 수학, 과학, 식물학, 물리학 등 프뢰벨의 관심은 끝이 없었어요. 프뢰벨은 열심히 공부해서 훌륭한 교수님이 되고 싶었답니다. 하지만 어려운 형편 때문에 학교를 더 이상 다닐 수 없게 되었어요.",
      "srcPage": 12,
      "srcSentenceEA": 5,
      "srcWordEA": 44,
      "character": "프뢰벨,교수님",
      "setting": "학교",
      "action": "공부를 했어요,열심히 공부해서,다닐,공부를 할수록",
      "feeling": null,
      "causalRelationship": "프뢰벨은 열심히 공부해서 훌륭한 교수님이 되고 싶었답니다. 하지만 어려운 형편 때문에 학교를 더 이상 다닐 수 없게 되었어요.",
      "outcomeResolution": null,
      "prediction": null,
      "plotSummaryInfoCount": 1,
      "plotSummaryInfo": {
        "classification": "사회관계",
        "readAge": "유아",
        "form": "long-form",
        "plotSummaryText": "프뢰벨은 처음에 의학 공부를 했는데 공부를 할수록 학문에 대한 호기심은 커져 열심히 공부해서 훌륭한 교수님이 되고 싶었지만, 어려운 형편 때문에 학교를 다닐 수 없게 되었어요.",
        "textWordEA": 25
      }
    },
    {
      "srcTextID": "107561",
      "srcText": "프뢰벨은 혼자서 노는 데 익숙했어요. 목사님이신 아빠가 항상 바쁘셨기 때문이랍니다. 혼자서 술래잡기를 할 때면, 바위틈에 숨었다가 금세 술래가 되어 찾아내곤 했어요.",
      "srcPage": 7,
      "srcSentenceEA": 3,
      "srcWordEA": 23,
      "character": "프뢰벨,목사님,아빠",
      "setting": "바위틈",
      "action": "노는,바쁘셨기,술래잡기를 할,숨었다가,찾아내곤 했어요",
      "feeling": null,
      "causalRelationship": "프뢰벨은 혼자서 노는 데 익숙했어요. 목사님이신 아빠가 항상 바쁘셨기 때문이랍니다.",
      "outcomeResolution": null,
      "prediction": null,
      "plotSummaryInfoCount": 1,
      "plotSummaryInfo": {
        "classification": "사회관계",
        "readAge": "유아",
        "form": "short-form",
        "plotSummaryText": "목사님이신 아빠가 항상 바쁘셨기 때문에 프뢰벨은 혼자서 술래잡기 등을 하며 노는 데 익숙했어요.",
        "textWordEA": 13
      }
    },
    {
      "srcTextID": "107570",
      "srcText": "프뢰벨이 크게 실망해 있을 때였어요. 친구의 소개로 그루너 모범 학교의 선생님이 된 거예요. 프뢰벨은 몹시 기뻤답니다.",
      "srcPage": 13,
      "srcSentenceEA": 3,
      "srcWordEA": 18,
      "character": "프뢰벨,친구,선생님",
      "setting": "그루너 모범 학교",
      "action": null,
      "feeling": "실망해,기뻤답니다",
      "causalRelationship": null,
      "outcomeResolution": null,
      "prediction": null,
      "plotSummaryInfoCount": 1,
      "plotSummaryInfo": {
        "classification": "사회관계",
        "readAge": "유아",
        "form": "short-form",
        "plotSummaryText": "프뢰벨은 실망했지만, 친구의 소개로 그루너 모범 학교의 선생님이 되어 몹시 기뻤답니다.",
        "textWordEA": 11
      }
    },
    {
      "srcTextID": "107569",
      "srcText": "그 무렵 유럽에서는 페스탈로치 선생님이 명성을 얻고 있었어요, 프뢰벨은 먼 길도 마다하지 않고 페스탈로치를 찾아갔어요. 페스탈로치는 하루 종일 잠시도 쉬지 않고 아이들을 위해서 일했어요. 페스탈로치와 함께 있는 아이들의 얼굴에 기쁨과 사랑이 환하게 빛나고 있었어요. 프뢰벨은 페스탈로치의 가르침을 받으며 깊은 감명을 받았답니다.",
      "srcPage": 14,
      "srcSentenceEA": 4,
      "srcWordEA": 44,
      "character": "페스탈로치 선생님,프뢰벨,아이들",
      "setting": "그 무렵,유럽,하루 종일",
      "action": "찾아갔어요,쉬지 않고,일했어요,가르침을 받으며",
      "feeling": "기쁨,사랑,감명을 받았답니다",
      "causalRelationship": null,
      "outcomeResolution": null,
      "prediction": null,
      "plotSummaryInfoCount": 1,
      "plotSummaryInfo": {
        "classification": "사회관계",
        "readAge": "유아",
        "form": "long-form",
        "plotSummaryText": "유럽에서는 페스탈로치 선생님이 명성을 얻고 있었는데 프뢰벨은 페스탈로치를 찾아가 가르침을 받으며 깊은 감명을 받았답니다.",
        "textWordEA": 14
      }
    },
    {
      "srcTextID": "107580",
      "srcText": "프뢰벨에게 슬픈 소식이 전해졌어요. 전쟁에 참가했던 형이 죽었다는 가슴 아픈 소식이었지요. 형에게는 다섯 명의 아이들이 있었답니다.",
      "srcPage": 19,
      "srcSentenceEA": 3,
      "srcWordEA": 18,
      "character": "프뢰벨,형,아이들",
      "setting": null,
      "action": "전해졌어요,참가했던,죽었다는",
      "feeling": null,
      "causalRelationship": null,
      "outcomeResolution": null,
      "prediction": null,
      "plotSummaryInfoCount": 1,
      "plotSummaryInfo": {
        "classification": "사회관계",
        "readAge": "유아",
        "form": "short-form",
        "plotSummaryText": "프뢰벨에게 전쟁에 참가했던 형이 죽었다는 슬픈 소식이 전해졌으며 형에게는 다섯 명의 아이들이 있었답니다.",
        "textWordEA": 13
      }
    },
    {
      "srcTextID": "107583",
      "srcText": "프뢰벨의 수업은 아침 예배로 시작해서 산책과 노동, 그리고 자유 시간으로 꾸며져있었어요. 아이들은 자유롭게 숲속을 뛰어다니며 풀을 베거나 감자를 캐고 술래잡기를 하며 즐거운 생활을 했어요. 또 뜨개질과 공작품을 만들어 직접 팔기도 했어요.",
      "srcPage": 21,
      "srcSentenceEA": 3,
      "srcWordEA": 33,
      "character": "프뢰벨,아이들,풀,감자",
      "setting": "아침,숲속",
      "action": "뛰어다니며,베거나,캐고,술래잡기를 하며,생활을 했어요,뜨개질,만들어,팔기도 했어요",
      "feeling": null,
      "causalRelationship": null,
      "outcomeResolution": null,
      "prediction": null,
      "plotSummaryInfoCount": 1,
      "plotSummaryInfo": {
        "classification": "사회관계",
        "readAge": "유아",
        "form": "short-form",
        "plotSummaryText": "프뢰벨의 수업은 아침 예배로 시작해서 산책과 노동, 그리고 자유 시간으로 꾸며져 있었는데 아이들은 자유롭게 숲속을 뛰어다니며 즐거운 생활을 했고 뜨개질과 공작품을 만들어 직접 팔기도 했어요.",
        "textWordEA": 25
      }
    },
    {
      "srcTextID": "107586",
      "srcText": "봄볕이 산비탈의 나무 위로 내리쬐자 나뭇잎들은 눈부신 초록빛으로 빛이 났어요.\"그래! 유치원이 좋겠어!\"유치원이란 어린이 정원이라는 뜻이에요. 정원에서 많은 식물들이 건강하게 자라는 것처럼, 아이들도 자연 속에서 정원사인 선생님의 보살핌으로 무럭무럭 자라야 한다고 생각했지요.",
      "srcPage": 26,
      "srcSentenceEA": 4,
      "srcWordEA": 35,
      "character": "나뭇잎들,식물들,아이들,정원사,선생님,유치원,어린이 정원",
      "setting": "산비탈의 나무 위,정원,자연 속",
      "action": "내리쬐자,자라는,자라야 한다고,생각했지요",
      "feeling": "좋겠어",
      "causalRelationship": null,
      "outcomeResolution": null,
      "prediction": null,
      "plotSummaryInfoCount": 1,
      "plotSummaryInfo": {
        "classification": "사회관계",
        "readAge": "유아",
        "form": "long-form",
        "plotSummaryText": "유치원이란 어린이 정원이라는 뜻이며 아이들도 자연 속에서 정원사인 선생님의 보살핌으로 무럭무럭 자라야 한다고 생각해 유치원이 좋겠다고 했어요.",
        "textWordEA": 17
      }
    },
    {
      "srcTextID": "107550",
      "srcText": "불쑥 내민 엉덩이가 하늘을 향하는가 싶더니 쭈르르 미끄러져 엉덩방아를 찧네요. 아픈 엉덩이를 문지르는 바츠의 얼굴에도 '피시식' 웃음꽃이 피었어요. 선생님도 '하하하' 웃음보를 터뜨렸지요. \"자, 이번엔 떨어진 열매를 주워 오세요.\" 아이들이 소리를 지르며 숲속으로 흩어집니다.",
      "srcPage": 2,
      "srcSentenceEA": 7,
      "srcWordEA": 38,
      "character": "엉덩이,바츠,선생님,열매,아이들",
      "setting": "숲속",
      "action": "웃음보를 터뜨렸지요,주워 오세요,소리를 지르며,흩어집니다,쭈르르 미끄러져,엉덩방아를 찧네요,문지르는",
      "feeling": null,
      "causalRelationship": null,
      "outcomeResolution": null,
      "prediction": null,
      "plotSummaryInfoCount": 1,
      "plotSummaryInfo": {
        "classification": "사회관계",
        "readAge": "유아",
        "form": "long-form",
        "plotSummaryText": "불쑥 내민 엉덩이가 쭈르르 미끄러져 엉덩방아를 찧어 아픈 엉덩이를 문지르는 바츠의 얼굴에도 웃음꽃이 피었고, 이번엔 떨어진 열매를 주워 오라는 선생님 말씀에 아이들이 소리를 지르며 숲속으로 흩어집니다.",
        "textWordEA": 26
      }
    },
    {
      "srcTextID": "107577",
      "srcText": "프뢰벨은 아이들과 함께 교실 밖으로 나갔어요. 아이들은 직접 꽃을 가꾸고, 과일 나무를 심어 열매를 거두었어요. 쑥쑥 자라는 꽃과 나무를 보면서 아이들은 생명의 소중함을 알게 되었지요.",
      "srcPage": 15,
      "srcSentenceEA": 3,
      "srcWordEA": 27,
      "character": "프뢰벨,아이들,꽃,과일 나무,열매",
      "setting": "교실 밖",
      "action": "나갔어요,가꾸고,심어,거두었어요,자라는,보면서,알게 되었지요",
      "feeling": null,
      "causalRelationship": null,
      "outcomeResolution": null,
      "prediction": null,
      "plotSummaryInfoCount": 1,
      "plotSummaryInfo": {
        "classification": "사회관계",
        "readAge": "유아",
        "form": "short-form",
        "plotSummaryText": "프뢰벨은 아이들과 함께 교실 밖으로 나가 쑥쑥 자라는 꽃과 나무를 보면서 아이들은 생명의 소중함을 알게 되었지요.",
        "textWordEA": 16
      }
    },
    {
      "srcTextID": "107560",
      "srcText": "프뢰벨은 독일의 작은 숲속마을에서 태어났어요. 온 가족의 축복 속에 태어난 프뢰벨은 세상에 인사를 한 지 얼마 되지 않아서 엄마를 하늘나라로 떠나보내야 했답니다. 프뢰벨은 평생 동안 엄마 얼굴을 모른 채 살아야 했지요.",
      "srcPage": 6,
      "srcSentenceEA": 3,
      "srcWordEA": 33,
      "character": "프뢰벨,가족,엄마",
      "setting": "독일의 작은 숲속마을,평생 동안",
      "action": "태어났어요,인사를 한,떠나보내야 했답니다,살아야 했지요,모른 채",
      "feeling": null,
      "causalRelationship": null,
      "outcomeResolution": null,
      "prediction": null,
      "plotSummaryInfoCount": 1,
      "plotSummaryInfo": {
        "classification": "사회관계",
        "readAge": "유아",
        "form": "short-form",
        "plotSummaryText": "프뢰벨은 독일의 작은 숲속 마을에서 태어난 지 얼마 안 되어서 엄마를 하늘나라로 보내 평생 엄마 얼굴을 모른 채 살았어요.",
        "textWordEA": 19
      }
    },
    {
      "srcTextID": "107562",
      "srcText": "프뢰벨은 날이 갈수록 말이 없는 아이가 되었답니다. 누나는 프뢰벨이 영원히 말을 잃어버릴까 봐 걱정할 정도였어요. 프뢰벨은 학교에서도 항상 혼자였어요. 아이들은 언제나 말이 없는 프뢰벨과 친구가 되려고 하지 않았답니다.",
      "srcPage": 8,
      "srcSentenceEA": 4,
      "srcWordEA": 31,
      "character": "프뢰벨,아이,누나,아이들,친구",
      "setting": "날이 갈수록,학교",
      "action": "하지 않았답니다,말이 없는,혼자였어요,되려고",
      "feeling": "걱정할",
      "causalRelationship": null,
      "outcomeResolution": null,
      "prediction": null,
      "plotSummaryInfoCount": 1,
      "plotSummaryInfo": {
        "classification": "사회관계",
        "readAge": "유아",
        "form": "long-form",
        "plotSummaryText": "프뢰벨은 날이 갈수록 말이 없는 아이가 되어서 누나는 영원히 말을 잃어버릴까 봐 걱정할 정도였고, 학교에서도 아이들은 말이 없는 프뢰벨과 친구가 되려고 하지 않았답니다.",
        "textWordEA": 23
      }
    },
    {
      "srcTextID": "107563",
      "srcText": "프뢰벨은 점점 학교에 가기가 싫었어요. 매일 똑같은 공부가 재미없기도 했고요. 이렇게 재미없는 세상에서 프뢰벨을 구해준 건 외삼촌이었어요. 프뢰벨은 외삼촌 집에서 생활하게 된 거예요.",
      "srcPage": 9,
      "srcSentenceEA": 4,
      "srcWordEA": 26,
      "character": "프뢰벨,외삼촌",
      "setting": "학교,외삼촌 집",
      "action": "가기가,구해준,생활하게",
      "feeling": "싫었어요,재미없기도",
      "causalRelationship": null,
      "outcomeResolution": null,
      "prediction": null,
      "plotSummaryInfoCount": 1,
      "plotSummaryInfo": {
        "classification": "사회관계",
        "readAge": "유아",
        "form": "long-form",
        "plotSummaryText": "프뢰벨은 학교 가는 것도 공부하는 것도 싫어했고, 그런 프뢰벨을 구해준 외삼촌 집에서 생활하게 되었어요.",
        "textWordEA": 14
      }
    },
    {
      "srcTextID": "107576",
      "srcText": "\"우리가 가꾼 사과에요.\" 아이들은 애써 가꾼 사과를 사람들에게 나누어 주었어요. 선물하는 기쁨을 알게 된 거랍니다.",
      "srcPage": 16,
      "srcSentenceEA": 3,
      "srcWordEA": 17,
      "character": "우리,사과,아이들,사람들",
      "setting": null,
      "action": "가꾼,나누어 주었어요,선물하는,알게 된",
      "feeling": "기쁨",
      "causalRelationship": null,
      "outcomeResolution": null,
      "prediction": null,
      "plotSummaryInfoCount": 1,
      "plotSummaryInfo": {
        "classification": "사회관계",
        "readAge": "유아",
        "form": "short-form",
        "plotSummaryText": "아이들은 애써 가꾼 사과를 사람들에게 나누어 주며 선물하는 기쁨을 알게 된 거랍니다.",
        "textWordEA": 12
      }
    },
    {
      "srcTextID": "107578",
      "srcText": "그 무렵 독일에 큰 전쟁이 일어났어요. 건강한 청년들은 모두들 나라를 지키기 위해 전쟁터로 나갔답니다. 프뢰벨도 형과 함께 군인이 되었어요. 나라를 지키지 않는 젊은이는 진정한 선생님이 될 수 없다고 생각했지요.",
      "srcPage": 17,
      "srcSentenceEA": 4,
      "srcWordEA": 32,
      "character": "건강한 청년들,프뢰벨,형,군인,젊은이,선생님",
      "setting": "독일,전쟁터",
      "action": "전쟁이 일어났어요,지키기,나갔답니다,지키지 않는,생각했지요",
      "feeling": null,
      "causalRelationship": null,
      "outcomeResolution": null,
      "prediction": null,
      "plotSummaryInfoCount": 1,
      "plotSummaryInfo": {
        "classification": "사회관계",
        "readAge": "유아",
        "form": "long-form",
        "plotSummaryText": "그 무렵 독일에 큰 전쟁이 일어나 프뢰벨도 형과 함께 군인이 되었는데 나라를 지키지 않는 젊은이는 진정한 선생님이 될 수 없다고 생각했지요.",
        "textWordEA": 21
      }
    },
    {
      "srcTextID": "107579",
      "srcText": "프뢰벨은 군대에서 밋덴도르프와 랑게탈이라는 좋은 친구를 만났어요. 세 사람은 무시무시한 전쟁터에서도 아이들의 교육에 대해 많은 이야기를 나누었어요. 세 사람은 평생 동안 변하지 않을 두터운 우정을 쌓았답니다.",
      "srcPage": 18,
      "srcSentenceEA": 3,
      "srcWordEA": 28,
      "character": "프뢰벨,밋덴도르프,랑게탈,친구,아이들",
      "setting": "군대,전쟁터,평생 동안",
      "action": "만났어요,이야기를 나누었어요,쌓았답니다",
      "feeling": null,
      "causalRelationship": null,
      "outcomeResolution": null,
      "prediction": null,
      "plotSummaryInfoCount": 1,
      "plotSummaryInfo": {
        "classification": "사회관계",
        "readAge": "유아",
        "form": "short-form",
        "plotSummaryText": "프뢰벨은 군대에서 밋덴도르프 와 랑게탈이라는 좋은 친구를 만나 전쟁터에서도 아이들의 교육에 대해 많은 이야기를 나누며 평생 동안 변하지 않을 두터운 우정을 쌓았답니다.",
        "textWordEA": 22
      }
    },
    {
      "srcTextID": "107581",
      "srcText": "프뢰벨은 조카들을 보살피기 위해 학원을 세웠어요. 형수님을 돕기 위해서였지요. 다섯 명의 조카들은 프뢰벨에게 새로운 세상을 배우게 된 것이랍니다. 밋덴도르프와 랑게탈도 와서 프뢰벨을 도왔어요.",
      "srcPage": 20,
      "srcSentenceEA": 4,
      "srcWordEA": 26,
      "character": "프뢰벨,조카들,형수님,밋덴도르프,랑게탈",
      "setting": "학원",
      "action": "보살피기,세웠어요,돕기,배우게,와서,도왔어요",
      "feeling": null,
      "causalRelationship": null,
      "outcomeResolution": null,
      "prediction": null,
      "plotSummaryInfoCount": 1,
      "plotSummaryInfo": {
        "classification": "사회관계",
        "readAge": "유아",
        "form": "long-form",
        "plotSummaryText": "프뢰벨은 조카들을 보살피고 형수님을 돕기 위해 학원을 세웠으며 밋덴도르프와 랑게탈도 와서 도왔어요.",
        "textWordEA": 12
      }
    },
    {
      "srcTextID": "107582",
      "srcText": "아이들은 생활 속에서 많은 것을 배웠어요. 모든 아이들이 친형제처럼 사이좋게 지냈답니다. 프뢰벨의 학원은 이제 커다란 학교가 되었어요.",
      "srcPage": 22,
      "srcSentenceEA": 3,
      "srcWordEA": 19,
      "character": "아이들,친형제,프뢰벨",
      "setting": "학원,학교",
      "action": "배웠어요,사이좋게 지냈답니다",
      "feeling": null,
      "causalRelationship": null,
      "outcomeResolution": null,
      "prediction": null,
      "plotSummaryInfoCount": 1,
      "plotSummaryInfo": {
        "classification": "사회관계",
        "readAge": "유아",
        "form": "short-form",
        "plotSummaryText": "아이들은 생활 속에서 많은 것을 배우며 모든 아이가 친형제처럼 사이좋게 지냈고 프뢰벨의 학원은 이제 학교가 되었어요.",
        "textWordEA": 16
      }
    },
    {
      "srcTextID": "107585",
      "srcText": "프뢰벨의 학교는 날이 갈수록 커졌어요. 학생들도 점점 많아졌고 선생님들도 많아졌어요. 하지만 모든 사람들이 다 좋아한 것은 아니었어요.",
      "srcPage": 23,
      "srcSentenceEA": 3,
      "srcWordEA": 19,
      "character": "프뢰벨,학생들,선생님들,사람들",
      "setting": "날이 갈수록,학교",
      "action": "커졌어요,많아졌고,많아졌어요",
      "feeling": "좋아한",
      "causalRelationship": null,
      "outcomeResolution": null,
      "prediction": null,
      "plotSummaryInfoCount": 1,
      "plotSummaryInfo": {
        "classification": "사회관계",
        "readAge": "유아",
        "form": "short-form",
        "plotSummaryText": "프뢰벨의 학교는 날이 갈수록 커지며 학생들도 선생님들도 많아졌지만, 모든 사람이 다 좋아한 것은 아니었어요.",
        "textWordEA": 14
      }
    },
    {
      "srcTextID": "107584",
      "srcText": "\"아이들에게 일을 시키고 숲속을 돌아다니게 하다니! 그게 무슨 교육이야\" 프뢰벨은 사람들의 손가락질에도 아랑곳하지 않았어요. (인간 교육)이라는 책을 써서 자신의 교육 방법을 세상에 알리기 시작했어요. 이 책에는 프뢰벨의 가르침이 자세히 나와있어요.",
      "srcPage": 24,
      "srcSentenceEA": 5,
      "srcWordEA": 34,
      "character": "아이들,프뢰벨,사람들,책",
      "setting": "숲속,세상",
      "action": "일을 시키고,돌아다니게,아랑곳하지 않았어요,써서,알리기 시작했어요",
      "feeling": null,
      "causalRelationship": null,
      "outcomeResolution": null,
      "prediction": null,
      "plotSummaryInfoCount": 1,
      "plotSummaryInfo": {
        "classification": "사회관계",
        "readAge": "유아",
        "form": "long-form",
        "plotSummaryText": "프뢰벨은 사람들의 손가락질에도 아랑곳하지 않았고 인간 교육이라는 책을 써서 자신의 교육 방법을 세상에 알리기 시작했으며 이 책에는 프뢰벨의 가르침이 자세히 나와 있어요.",
        "textWordEA": 22
      }
    },
    {
      "srcTextID": "107587",
      "srcText": "프뢰벨은 다른 마을에 학교를 열었어요. 프뢰벨 동산에 초롱초롱한 아이들의 눈망울이 넘쳐났어요. 어느 날 프뢰벨은 친구들과 함께 산길을 걷고 있었어요. 프뢰벨은 학교의 이름을 고민하던 중이었답니다. 벨은 다른 마을에 학교를 열었어요. 프뢰벨 동산에 초롱초롱한 아이들의 눈망울이 넘쳐났어요. 어느 날 프뢰벨은 친구들과 함께 산길을 걷고 있었어요.",
      "srcPage": 25,
      "srcSentenceEA": 7,
      "srcWordEA": 49,
      "character": "프뢰벨,아이들,친구들",
      "setting": "다른 마을,학교,산길,프뢰벨 동산",
      "action": "열었어요,걷고,넘쳐났어요",
      "feeling": "고민하던",
      "causalRelationship": null,
      "outcomeResolution": null,
      "prediction": null,
      "plotSummaryInfoCount": 1,
      "plotSummaryInfo": {
        "classification": "사회관계",
        "readAge": "유아",
        "form": "long-form",
        "plotSummaryText": "프뢰벨은 다른 마을에 학교를 열었고 동산에는 초롱초롱한 아이들의 눈망울이 넘쳐났으며, 어느 날 프뢰벨은 친구들과 함께 산길을 걸으며 학교의 이름을 고민하던 중이었답니다.",
        "textWordEA": 21
      }
    },
    {
      "srcTextID": "107588",
      "srcText": "프뢰벨은 아이들을 위해 은물(가베)이라는 장난감을 만들었어요. 털실과 공, 조개껍질과 나무 블록으로 만든 은 물을 아이들은 무척 좋아했어요. 아이들은 은물을 가지고 놀면서 손과 발이 튼튼해지고 몸과 마음도 건강해졌지요.",
      "srcPage": 27,
      "srcSentenceEA": 3,
      "srcWordEA": 29,
      "character": "프뢰벨,아이들,장난감,털실,공,조개껍질,나무 블록,은물,손,발",
      "setting": null,
      "action": "만들었어요,만든,가지고 놀면서,튼튼해지고,건강해졌지요",
      "feeling": "좋아했어요",
      "causalRelationship": null,
      "outcomeResolution": null,
      "prediction": null,
      "plotSummaryInfoCount": 1,
      "plotSummaryInfo": {
        "classification": "사회관계",
        "readAge": "유아",
        "form": "short-form",
        "plotSummaryText": "프뢰벨은 아이들을 위해 털실, 공, 조개껍질과 나무 블록으로 은물이라는 장난감을 만들었는데 아이들은 은물을 가지고 놀면서 손과 발이 튼튼해지고 몸과 마음도 건강해졌지요.",
        "textWordEA": 21
      }
    },
    {
      "srcTextID": "107589",
      "srcText": "프뢰벨은 어머니의 노래와 사랑의 노래도 만들었어요. 프뢰벨의 유치원은 독일의 많은 도시에 세워졌고 다른 나라에서도 프뢰벨의 가르침을 따라 하기 시작했어요. 프뢰벨은 일흔 살이 되던 해 우리들 곁을 떠났어요. 하지만 프뢰벨의 유치원은 전 세계의 어린이들에게 사랑을 받으며 무럭무럭 커가고 있답니다.",
      "srcPage": 28,
      "srcSentenceEA": 4,
      "srcWordEA": 41,
      "character": "프뢰벨,어머니,어린이들",
      "setting": "유치원,독일의 많은 도시,다른 나라,전 세계",
      "action": "만들었어요,세워졌고,따라 하기,시작했어요,떠났어요,사랑을 받으며,커가고",
      "feeling": null,
      "causalRelationship": null,
      "outcomeResolution": null,
      "prediction": null,
      "plotSummaryInfoCount": 1,
      "plotSummaryInfo": {
        "classification": "사회관계",
        "readAge": "유아",
        "form": "long-form",
        "plotSummaryText": "프뢰벨은 어머니의 노래와 사랑의 노래도 만들었고, 프뢰벨의 유치원은 독일의 많은 도시에 세워져 다른 나라에서도 가르침을 따라 하기 시작했으며, 현재에도 전 세계의 어린이들에게 사랑을 받고 있습니다. ",
        "textWordEA": 25
      }
    }
  ]
}