{
  "title": "모차르트",
  "author": "김완기",
  "illustrator": "신혜원",
  "isbn": "9788992636483",
  "publishedYear": 2007,
  "publisher": "교연아카데미",
  "paragraphInfoCount": 33,
  "paragraphInfo": [
    {
      "srcTextID": "97678",
      "srcText": "오선지를 품에 꼬옥 안은 채 말이에요. \"이 녀석, 오선지를 안고 잠이 들었군.\" 아빠는 모차르트의 오선지를 펼쳐 보았어요.",
      "srcPage": 9,
      "srcSentenceEA": 3,
      "srcWordEA": 18,
      "character": "오선지,녀석,아빠,모차르트",
      "setting": null,
      "action": "안은,안고,잠이 들었군,펼쳐 보았어요",
      "feeling": null,
      "causalRelationship": null,
      "outcomeResolution": null,
      "prediction": null,
      "plotSummaryInfoCount": 1,
      "plotSummaryInfo": {
        "classification": "사회관계",
        "readAge": "유아",
        "form": "short-form",
        "plotSummaryText": "오선지를 안은 채 잠들어 있었고, 아빠는 모차르트의 오선지를 펼쳐 보았습니다.",
        "textWordEA": 10
      }
    },
    {
      "srcTextID": "97676",
      "srcText": "\"아니? 이렇게 아름다운 곡을 모차르트가 작곡했단 말인가?\" 아빠는 조심조심 방바닥에 흩어져있는 오선지를 주워들었어요. \"천재야! 천재!\" 아빠는 쿨쿨 잠이 든 모차르트의 얼굴을 하염없이 쳐다보았습니다.",
      "srcPage": 10,
      "srcSentenceEA": 4,
      "srcWordEA": 27,
      "character": "모차르트,아빠,천재,오선지,얼굴",
      "setting": "방바닥",
      "action": "작곡했단,흩어져있는,주워들었어요,잠이 든,쳐다보았습니다",
      "feeling": null,
      "causalRelationship": null,
      "outcomeResolution": null,
      "prediction": null,
      "plotSummaryInfoCount": 1,
      "plotSummaryInfo": {
        "classification": "사회관계",
        "readAge": "유아",
        "form": "long-form",
        "plotSummaryText": "아빠는 모차르트가 이렇게 아름다운 곡을 작곡했냐며 방바닥에 흩어져 있는 오선지를 주워들었고, 모차르트의 얼굴을 하염없이 쳐다보았습니다.",
        "textWordEA": 15
      }
    },
    {
      "srcTextID": "97727",
      "srcText": "모차르트의 피아노 솜씨는 날이 갈수록 사람들을 놀라게 했어요. 오선지에 척척 곡을 지어 내기도 했고요. 오늘은 모차르트의 집에서 작은 음악회가 열렸어요.",
      "srcPage": 11,
      "srcSentenceEA": 3,
      "srcWordEA": 22,
      "character": "모차르트,사람들,오선지",
      "setting": "날이 갈수록,오늘,집,작은 음악회",
      "action": "지어 내기도 했고요,열렸어요",
      "feeling": "놀라게",
      "causalRelationship": null,
      "outcomeResolution": null,
      "prediction": null,
      "plotSummaryInfoCount": 1,
      "plotSummaryInfo": {
        "classification": "사회관계",
        "readAge": "유아",
        "form": "short-form",
        "plotSummaryText": "모차르트는 피아노 솜씨도 오선지에 곡을 지어 내는 솜씨도 갈수록 놀라워지던 중, 오늘 모차르트의 집에서 작은 음악회가 열리게 되었습니다.",
        "textWordEA": 18
      }
    },
    {
      "srcTextID": "97728",
      "srcText": "아빠 친구들은 바이올린을 연주하시고, 아빠는 비올라를 연주하셨어요. \"아빠, 저도 바이올린을 켜 보고 싶어요.\" 모차르트가 또 떼를 썼어요.",
      "srcPage": 12,
      "srcSentenceEA": 3,
      "srcWordEA": 18,
      "character": "친구들,바이올린,아빠,비올라,모차르트",
      "setting": null,
      "action": "연주하시고,연주하셨어요,켜 보고,떼를 썼어요",
      "feeling": null,
      "causalRelationship": null,
      "outcomeResolution": null,
      "prediction": null,
      "plotSummaryInfoCount": 1,
      "plotSummaryInfo": {
        "classification": "사회관계",
        "readAge": "유아",
        "form": "short-form",
        "plotSummaryText": "아빠 친구들은 바이올린을 아빠는 비올라를 연주하셨는데, 자기도 바이올린을 켜 보고 싶다면서 모차르트가 아빠에게 또 떼를 썼습니다.",
        "textWordEA": 16
      }
    },
    {
      "srcTextID": "97726",
      "srcText": "\"모차르트, 너는 바이올린 연주법을 모르잖니?\" 하지만 모차르트는 아빠 친구가 건넨 바이올린으로 멋지게 연주했어요. 아무도 가르쳐 주지 않았는데 말이에요. 모두들 입을 딱 벌린 채 모차르트의 바이올린 연주를 들었답니다.",
      "srcPage": 13,
      "srcSentenceEA": 4,
      "srcWordEA": 30,
      "character": "모차르트,너,바이올린,아빠 친구,모두들,입",
      "setting": null,
      "action": "연주했어요,가르쳐 주지,벌린,들었답니다",
      "feeling": null,
      "causalRelationship": null,
      "outcomeResolution": null,
      "prediction": null,
      "plotSummaryInfoCount": 1,
      "plotSummaryInfo": {
        "classification": "사회관계",
        "readAge": "유아",
        "form": "long-form",
        "plotSummaryText": "바이올린 연주법을 모르는 모차르트가 아빠 친구가 건넨 바이올린으로 멋지게 연주하자, 모두들 입을 딱 벌린 채 연주를 들었습니다.",
        "textWordEA": 17
      }
    },
    {
      "srcTextID": "97730",
      "srcText": "모차르트에 대한 소문은 금세 온 도시에 퍼졌어요. \"모차르트는 천재 음악가야!\" 사람들은 모차르트를 보기 위해 모여들었어요. 아빠는 난넬 누나와 모차르트의 연주회를 열어 주었습니다.",
      "srcPage": 14,
      "srcSentenceEA": 4,
      "srcWordEA": 24,
      "character": "모차르트,천재 음악가,사람들,아빠,난넬 누나",
      "setting": "도시,연주회",
      "action": "퍼졌어요,보기,모여들었어요,열어 주었습니다",
      "feeling": null,
      "causalRelationship": null,
      "outcomeResolution": "아빠는 난넬 누나와 모차르트의 연주회를 열어 주었습니다.",
      "prediction": null,
      "plotSummaryInfoCount": 1,
      "plotSummaryInfo": {
        "classification": "사회관계",
        "readAge": "유아",
        "form": "long-form",
        "plotSummaryText": "온 도시에 모차르트가 천재 음악가라는 소문이 퍼지자 모차르트를 보기 위해 모여든 사람들을 위해 아빠는 난넬 누나와 모차르트의 연주회를 열어 주었습니다.",
        "textWordEA": 20
      }
    },
    {
      "srcTextID": "97664",
      "srcText": "교호의 종소리가 은은하게 울려 퍼졌어요. \"나도 종소리와 똑같은 소리를 피아노로 쳐볼 거야.\" 모차르트는 벌떡 일어나 피아노 앞으로 다가갔어요.",
      "srcPage": 1,
      "srcSentenceEA": 3,
      "srcWordEA": 19,
      "character": "모차르트,피아노",
      "setting": "교회",
      "action": "울려 퍼졌어요,쳐볼,일어나,다가갔어요",
      "feeling": null,
      "causalRelationship": null,
      "outcomeResolution": null,
      "prediction": null,
      "plotSummaryInfoCount": 1,
      "plotSummaryInfo": {
        "classification": "사회관계",
        "readAge": "유아",
        "form": "short-form",
        "plotSummaryText": "교회의 종소리가 울려 퍼졌고, 모차르트는 종소리와 똑같은 소리를 쳐 보겠다며 피아노 앞으로 다가갔습니다.",
        "textWordEA": 13
      }
    },
    {
      "srcTextID": "97665",
      "srcText": "이제 겨우 세 살이 된 모차르트는 의자에 올라가기도 힘이 들었어요. \"댕댕댕\" 모차르트의 피아노 소리에 모두들 깜짝 놀랐어요. \"똑같아. 틀림없는 종소리야!\" 피아노 천재라고 불리는 난넬 누나가 칭찬했어요.",
      "srcPage": 2,
      "srcSentenceEA": 4,
      "srcWordEA": 29,
      "character": "모차르트,모두들,난넬 누나,피아노 천재",
      "setting": null,
      "action": "올라가기도,칭찬했어요",
      "feeling": "놀랐어요",
      "causalRelationship": null,
      "outcomeResolution": null,
      "prediction": null,
      "plotSummaryInfoCount": 1,
      "plotSummaryInfo": {
        "classification": "사회관계",
        "readAge": "유아",
        "form": "long-form",
        "plotSummaryText": "의자에 올라가기도 힘이 들었던 모차르트는 이제 겨우 세 살이었는데, 모차르트가 치는 피아노 소리에 모두들 깜짝 놀랐고, 난넬 누나가 종소리와 똑같다며 칭찬했습니다.",
        "textWordEA": 21
      }
    },
    {
      "srcTextID": "97667",
      "srcText": "모차르트의 아빠는 바이올린은 연주하는 분이셨어요. 가끔씩 오선지에 곡을 그려 넣기도 하셨고요. 그럴 때마다 모차르트는 아빠 옆에 붙어 앉아 오선지를 눈여겨보곤 했답니다.",
      "srcPage": 3,
      "srcSentenceEA": 3,
      "srcWordEA": 23,
      "character": "모차르트,아빠,바이올린,오선지",
      "setting": null,
      "action": "연주하는,그려 넣기도,붙어 앉아,눈여겨보곤",
      "feeling": null,
      "causalRelationship": null,
      "outcomeResolution": null,
      "prediction": null,
      "plotSummaryInfoCount": 1,
      "plotSummaryInfo": {
        "classification": "사회관계",
        "readAge": "유아",
        "form": "short-form",
        "plotSummaryText": "바이올린을 연주했었던 모차르트의 아빠는 가끔 오선지에 곡을 그려 넣기도 했는데, 아빠 옆에 붙어 앉은 모차르트가 오선지를 눈여겨보곤 했답니다.",
        "textWordEA": 18
      }
    },
    {
      "srcTextID": "97666",
      "srcText": "\"아빠, 저도 오선지를 주세요. 저도 아빠처럼 곡을 만들래요.\" 네 살짜리 꼬마 모차르트가 작곡을 하겠다고 아빠를 졸라 댔어요. 아빠는 그런 모차르트가 귀엽기만 한지 껄껄껄 웃었어요.",
      "srcPage": 4,
      "srcSentenceEA": 4,
      "srcWordEA": 27,
      "character": "아빠,저,모차르트,꼬마",
      "setting": null,
      "action": "주세요,만들래요,졸라 댔어요,웃었어요,작곡을 하겠다고",
      "feeling": "귀엽기만",
      "causalRelationship": null,
      "outcomeResolution": null,
      "prediction": null,
      "plotSummaryInfoCount": 1,
      "plotSummaryInfo": {
        "classification": "사회관계",
        "readAge": "유아",
        "form": "long-form",
        "plotSummaryText": "아빠처럼 곡을 만들겠다면서 오선지를 달라고 제 살짜리 모차르트가 아빠를 졸라 댔는데, 그런 모차르트가 귀엽기만 했는지 아빠가 껄껄껄 웃었습니다.",
        "textWordEA": 18
      }
    },
    {
      "srcTextID": "97669",
      "srcText": "'난 피아노가 좋아. 누나보다 더 열심히 피아노를 칠 거야.' 모차르트는 하루 종일 피아노 곁을 떠나지 않았어요. 모두들 잠든 밤에도 모차르트의 방에는 불이 꺼지지 않았습니다.",
      "srcPage": 5,
      "srcSentenceEA": 4,
      "srcWordEA": 27,
      "character": "누나,피아노,모두들,불",
      "setting": "하루 종일,밤,모차르트의 방",
      "action": "칠,떠나지 않았어요,꺼지지",
      "feeling": "좋아",
      "causalRelationship": null,
      "outcomeResolution": null,
      "prediction": null,
      "plotSummaryInfoCount": 1,
      "plotSummaryInfo": {
        "classification": "사회관계",
        "readAge": "유아",
        "form": "long-form",
        "plotSummaryText": "누나보다 더 열심히 피아노를 치겠다면서 모차르트는 하루 종일 피아노 곁을 떠나지 않았고, 밤에도 모차르트의 방에는 불이 꺼지지 않았습니다.",
        "textWordEA": 18
      }
    },
    {
      "srcTextID": "97668",
      "srcText": "\"모차르트, 몸도 약한데. 좀 쉬었다 하렴.\" 엄마 아빠가 아무리 말려도 소용이 없었어요. 하얀 건반 위의 작은 손은 쫓아가기도 힘들 만큼 빨리 움직였어요.",
      "srcPage": 6,
      "srcSentenceEA": 4,
      "srcWordEA": 25,
      "character": "모차르트,엄마,아빠,손,건반",
      "setting": "하얀 건반 위",
      "action": "쉬었다 하렴,말려도,쫓아가기도,움직였어요",
      "feeling": null,
      "causalRelationship": null,
      "outcomeResolution": null,
      "prediction": null,
      "plotSummaryInfoCount": 1,
      "plotSummaryInfo": {
        "classification": "사회관계",
        "readAge": "유아",
        "form": "long-form",
        "plotSummaryText": "좀 쉬었다 하라고 엄마 아빠가 모차르트를 말렸지만 아무 소용 없었고, 하얀 건반 위의 작은 손은 쫓아가기도 힘들 만큼 빠르게 움직였습니다.",
        "textWordEA": 20
      }
    },
    {
      "srcTextID": "97670",
      "srcText": "그리고 아름다운 소리로 마음을 움직였고요. \"누구보다 더 훌륭한 솜씨야!\" 아빠는 모차르트의 작은 손가락에서 눈을 떼지 못했어요.",
      "srcPage": 7,
      "srcSentenceEA": 3,
      "srcWordEA": 17,
      "character": "누나,아빠,모차르트,손가락,눈",
      "setting": null,
      "action": "움직였고요,떼지 못했어요",
      "feeling": null,
      "causalRelationship": null,
      "outcomeResolution": null,
      "prediction": null,
      "plotSummaryInfoCount": 1,
      "plotSummaryInfo": {
        "classification": "사회관계",
        "readAge": "유아",
        "form": "short-form",
        "plotSummaryText": "모차르트의 작은 손가락을 본 아빠는, 마음을 움직이는 그 소리는 누구보다 더 훌륭한 솜씨라고 말했습니다.",
        "textWordEA": 14
      }
    },
    {
      "srcTextID": "97677",
      "srcText": "모차르트가 다섯 살 되던 해 어느 날이었어요. \"똑똑똑\" 일터에서 돌아온 아빠가 모차르트의 방문을 두드렸어요. 하지만 모차르트는 아빠가 오신 것도 모르고 깊은 잠에 빠져 있었어요.",
      "srcPage": 8,
      "srcSentenceEA": 3,
      "srcWordEA": 26,
      "character": "모차르트,아빠,방문",
      "setting": "다섯 살 되던 해,일터",
      "action": "돌아온,두드렸어요,오신,빠져",
      "feeling": null,
      "causalRelationship": null,
      "outcomeResolution": null,
      "prediction": null,
      "plotSummaryInfoCount": 1,
      "plotSummaryInfo": {
        "classification": "사회관계",
        "readAge": "유아",
        "form": "short-form",
        "plotSummaryText": "모차르트가 다섯 살이던 어느 날, 일터에서 돌아온 아빠가 깊게 잠든 모차르트의 방문을 두드렸습니다.",
        "textWordEA": 13
      }
    },
    {
      "srcTextID": "97729",
      "srcText": "\"피아노 천재 모차르트를 보러 가자!\" 작은 연주회장은 발 디딜 틈도 없이 사람들로 꽉 찼어요. 난넬과 모차르트의 손이 건반 위에 올려지자 하늘이 내려 준 아름다운 소리가 울려 퍼졌습니다. 연주회장은 터져 나오는 박수 소리로 떠나갈 듯했어요.",
      "srcPage": 15,
      "srcSentenceEA": 4,
      "srcWordEA": 37,
      "character": "피아노,천재,모차르트,발,사람들,난넬,손,건반",
      "setting": "연주회장,하늘",
      "action": "보러 가자,올려지자,내려 준",
      "feeling": null,
      "causalRelationship": null,
      "outcomeResolution": null,
      "prediction": null,
      "plotSummaryInfoCount": 1,
      "plotSummaryInfo": {
        "classification": "사회관계",
        "readAge": "유아",
        "form": "long-form",
        "plotSummaryText": "작은 연주회장은 사람들로 꽉 찼고, 건반 위에 난넬과 모차르트의 손이 올려지자 아름다운 소리가 울려 퍼졌으며, 연주회장은 박수 소리로 떠나갈 듯했습니다.",
        "textWordEA": 20
      }
    },
    {
      "srcTextID": "97733",
      "srcText": "\"우리 집에서 연주회를 열어요.\" 빈에 도착하자마자 귀족들이 앞다투어 초청장을 보내왔어요. 모차르트는 누나와 함께 이리저리 불려 다니며 쉴 틈 없이 연주회를 열었어요.",
      "srcPage": 18,
      "srcSentenceEA": 3,
      "srcWordEA": 23,
      "character": "우리,귀족들,초청장,누나,모차르트",
      "setting": "집,빈,연주회",
      "action": "열어요,도착하자마자,보내왔어요,불려 다니며,열었어요",
      "feeling": null,
      "causalRelationship": null,
      "outcomeResolution": null,
      "prediction": null,
      "plotSummaryInfoCount": 1,
      "plotSummaryInfo": {
        "classification": "사회관계",
        "readAge": "유아",
        "form": "short-form",
        "plotSummaryText": "빈에 도착하자마자 자기 집에서 연주회를 열라고 귀족들이 초청장을 보내왔고, 누나와 함께 이리저리 불려 다닌 모차르트는 쉴 틈 없이 연주회를 열었습니다.",
        "textWordEA": 20
      }
    },
    {
      "srcTextID": "97734",
      "srcText": "단풍이 아름답게 물든 가을이에요. 모차르트는 여왕과 공주님의 초대로 궁전에서 연주회를 열게 되었어요. 궁전에는 처음 보는 크고 멋진 피아노가 모차르트를 기다리고 있었어요. 모차르트는 멋진 피아노로 아름다운 미뉴에트를 연주했어요. \"너무 아름다워요!\" 공지님은 모차르트의 피아노 선율에 홀딱 반해버렸답니다.",
      "srcPage": 19,
      "srcSentenceEA": 6,
      "srcWordEA": 39,
      "character": "모차르트,여왕,공주님,피아노",
      "setting": "가을,궁전,연주회",
      "action": "열게,기다리고,연주했어요",
      "feeling": "아름다워요,반해버렸답니다",
      "causalRelationship": null,
      "outcomeResolution": null,
      "prediction": null,
      "plotSummaryInfoCount": 1,
      "plotSummaryInfo": {
        "classification": "사회관계",
        "readAge": "유아",
        "form": "long-form",
        "plotSummaryText": "여왕과 공주님의 초대로 궁전에서 연주회를 열게 된 모차르트는 피아노로 아름다운 미뉴에트를 연주했고, 모차르트의 피아노 선율에 홀딱 반해버린 공주님이 너무 아름답다고 말했습니다.",
        "textWordEA": 21
      }
    },
    {
      "srcTextID": "97739",
      "srcText": "빈에서 이름을 떨친 모차르트는 더 큰 도시로 떠났습니다. 런던을 거쳐 파리로 온 모차르트는 이제 열네 살의 어엿한 소년이 되었어요. 하지만 늘 몸이 약해 걱정이었어요.",
      "srcPage": 23,
      "srcSentenceEA": 3,
      "srcWordEA": 26,
      "character": "모차르트,소년,몸",
      "setting": "큰 도시,빈,런던,파리,열네 살",
      "action": "떠났습니다,거쳐,온,되었어요,떨친",
      "feeling": "걱정이었어요",
      "causalRelationship": null,
      "outcomeResolution": null,
      "prediction": null,
      "plotSummaryInfoCount": 1,
      "plotSummaryInfo": {
        "classification": "사회관계",
        "readAge": "유아",
        "form": "short-form",
        "plotSummaryText": "빈에서 이름을 떨친 모차르트는 열 네살 어엿한 소년이 되었을 때 파리로 오게 되었는데, 늘 몸이 약해서 걱정이었습니다.",
        "textWordEA": 17
      }
    },
    {
      "srcTextID": "97742",
      "srcText": "일자리를 찾아 이리저리 쫓아다니던 모차르트는 새로운 음악에 눈을 떴어요. 바로 오페라였어요. 모차르트는 온 힘을 기울여 오페라를 작곡했어요. 마침내 프라하 극장에서 피가로의 결혼이 공연되었어요. 공연은 대성공이었어요. 극장 안은 박수 소리로 떠나갈 듯했어요. 모차르트는 오페라로 다시 옛날의 명성을 되찾았답니다.",
      "srcPage": 27,
      "srcSentenceEA": 7,
      "srcWordEA": 43,
      "character": "모차르트,눈,오페라",
      "setting": "프라하,극장",
      "action": "찾아,쫓아다니던,떴어요,기울여,작곡했어요,공연되었어요,되찾았답니다",
      "feeling": null,
      "causalRelationship": null,
      "outcomeResolution": null,
      "prediction": null,
      "plotSummaryInfoCount": 1,
      "plotSummaryInfo": {
        "classification": "사회관계",
        "readAge": "유아",
        "form": "long-form",
        "plotSummaryText": "일자리를 찾아 이리저리 쫓아다니던 모차르트는 온 힘을 기울여 새로운 음악인 오페라를 작곡했고, 마침내 피가로의 결혼이 프라하 극장에서 공연되었으며, 대성공으로 거둔 뒤 다시 옛날의 명성을 되찾았습니다.",
        "textWordEA": 25
      }
    },
    {
      "srcTextID": "97747",
      "srcText": "모차르트는 진혼곡이라는 말을 꺼내는 순간 온몸에 소름이 오싹 돋았어요. 낯선 남자는 고개만 끄덕이고는 멀리 사라져 버렸습니다. 그런데 이상하게도 모차르트는 진혼곡을 만들기 시작한 날부터 시름시름 앓고 말았어요.",
      "srcPage": 30,
      "srcSentenceEA": 3,
      "srcWordEA": 28,
      "character": "모차르트,낯선 남자,온몸,진혼곡,고개",
      "setting": "날부터",
      "action": "꺼내는,돋았어요,끄덕이고는,사라져 버렸습니다,앓고",
      "feeling": null,
      "causalRelationship": null,
      "outcomeResolution": null,
      "prediction": null,
      "plotSummaryInfoCount": 1,
      "plotSummaryInfo": {
        "classification": "사회관계",
        "readAge": "유아",
        "form": "short-form",
        "plotSummaryText": "진혼곡이라는 말을 꺼내는 순간 온몸에 소름이 돋았던 모차르트는 진혼곡을 만들기 시작한 날부터 시름시름 앓고 말았습니다.",
        "textWordEA": 15
      }
    },
    {
      "srcTextID": "97752",
      "srcText": "모차르트는 진혼곡을 완성하지 못한 채 그만 세상을 떠나고 말았어요. 그런데 관을 묻고 표시를 하지 않은 탓에 모차르트의 묘지는 아무도 찾을 수가 없었지요. 언제 들어도 가슴 뭉클한 아름다운 음악을 남기고 천재 음악가 모차르트는 그렇게 우리들 곁을 떠났답니다.",
      "srcPage": 33,
      "srcSentenceEA": 3,
      "srcWordEA": 38,
      "character": "모차르트,관,천재 음악가",
      "setting": null,
      "action": "묻고,찾을,남기고,떠났답니다",
      "feeling": "뭉클한",
      "causalRelationship": null,
      "outcomeResolution": null,
      "prediction": null,
      "plotSummaryInfoCount": 1,
      "plotSummaryInfo": {
        "classification": "사회관계",
        "readAge": "유아",
        "form": "short-form",
        "plotSummaryText": "진혼곡을 완성하지 못한 채 모차르트는 그만 세상을 떠났으며, 관을 묻고 표시하지 않은 탓에 아무도 모차르트의 묘지를 찾을 수가 없었습니다.",
        "textWordEA": 19
      }
    },
    {
      "srcTextID": "97732",
      "srcText": "잘츠부르크는 작은 도시예요. 아빠는 모차르트를 큰 음악 도시 빈으로 보내 공부를 시키고 싶었어요. 빈까지는 마차를 타고 한 달을 가야 하는 먼 곳이에요.",
      "srcPage": 16,
      "srcSentenceEA": 3,
      "srcWordEA": 24,
      "character": "아빠,모차르트,마차",
      "setting": "잘츠부르크,빈,한 달,도시",
      "action": "보내,공부를 시키고,타고,가야",
      "feeling": null,
      "causalRelationship": null,
      "outcomeResolution": null,
      "prediction": null,
      "plotSummaryInfoCount": 1,
      "plotSummaryInfo": {
        "classification": "사회관계",
        "readAge": "유아",
        "form": "short-form",
        "plotSummaryText": "아빠는 모차르트를 큰 음악 도시 빈에서 공부 시키고 싶었는데, 작은 도시였던 잘츠부르크에서 빈까지는 한 달 동안 마차를 타고 가야 했습니다.",
        "textWordEA": 20
      }
    },
    {
      "srcTextID": "97731",
      "srcText": "\"가다가 무서우면 돌아오너라.\" 어린 모차르트를 멀리 보내는 엄마의 마음은 찢어지는 듯했어요. 온 동네 사람들이 모두 나와 손을 흔들었어요. \"꼭 훌륭한 음악가가 되어서 돌아올게요.\" 모차르트는 누나와 함께 씩씩하게 빈으로 떠났답니다.",
      "srcPage": 17,
      "srcSentenceEA": 5,
      "srcWordEA": 32,
      "character": "모차르트,엄마,사람들,손,음악가,누나",
      "setting": "빈",
      "action": "가다가,돌아오너라,보내는,나와,흔들었어요,돌아올게요,떠났답니다",
      "feeling": "무서우면",
      "causalRelationship": null,
      "outcomeResolution": null,
      "prediction": null,
      "plotSummaryInfoCount": 1,
      "plotSummaryInfo": {
        "classification": "사회관계",
        "readAge": "유아",
        "form": "long-form",
        "plotSummaryText": "꼭 훌륭한 음악가가 되어서 돌아오겠다고 말하면서 모차르트는 누나와 함께 씩씩하게 빈으로 떠났는데, 어린 모차르트를 멀리 보내는 엄마의 마음은 찢어지는 듯했습니다.",
        "textWordEA": 20
      }
    },
    {
      "srcTextID": "97736",
      "srcText": "미뉴에트 4분의 3박자는 아름다운 춤곡이랍니다. \"짝,짝,짝\" 어디선가 연주에 맞춰 박수 소리가 나왔어요. 모두들 박수 소리에 맞춰 '들썩들썩' 어깨춤을 추었답니다.",
      "srcPage": 20,
      "srcSentenceEA": 4,
      "srcWordEA": 22,
      "character": "미뉴에트,춤곡,모두들",
      "setting": null,
      "action": "맞춰,나왔어요,추었답니다",
      "feeling": null,
      "causalRelationship": null,
      "outcomeResolution": null,
      "prediction": null,
      "plotSummaryInfoCount": 1,
      "plotSummaryInfo": {
        "classification": "사회관계",
        "readAge": "유아",
        "form": "long-form",
        "plotSummaryText": "미뉴에트 4분의 3박자는 아름다운 춤곡으로, 연주에 맞춘 박수 소리가 어디선가 나오자 박수 소리에 맞춰 모두들 어깨춤을 추었습니다.",
        "textWordEA": 17
      }
    },
    {
      "srcTextID": "97738",
      "srcText": "모차르트는 파리에서 음악의 아버지 바하의 아들 크리스티안 바하를 만났어요. 바하에게 작곡과 피오느를 배운 모차르트는 볼로냐 음악원에 합격했어요. 제일 어린 나이에 제일 좋은 성적으로 말이에요. 모차르트가 죽은 후 슈베르트는 그에 대한 이야기를 듣고, 모차르트의 피아노 솜씨를 크게 칭찬했답니다.",
      "srcPage": 24,
      "srcSentenceEA": 4,
      "srcWordEA": 40,
      "character": "모차르트,아들,크리스티안 바하,아버지,슈베르트",
      "setting": "파리,볼로냐 음악원",
      "action": "만났어요,배운,합격했어요,듣고,칭찬했답니다,죽은 후",
      "feeling": null,
      "causalRelationship": null,
      "outcomeResolution": null,
      "prediction": null,
      "plotSummaryInfoCount": 1,
      "plotSummaryInfo": {
        "classification": "사회관계",
        "readAge": "유아",
        "form": "long-form",
        "plotSummaryText": "파리에서 바하의 아들 크리스티안 바하로부터 작곡과 피아노를 배운 모차르트는 제일 어린 나이에 제일 좋은 성적으로 볼로냐 음악원에 합격하게 되었습니다.",
        "textWordEA": 19
      }
    },
    {
      "srcTextID": "97748",
      "srcText": "하루 종일 온 세상을 환하게 비추던 태양이 엉금엉금 산 너머로 숨을 때였어요. \"모차르트 선생님 계십니까?\" 낯선 남자가 모차르트를 찾아왔어요.",
      "srcPage": 28,
      "srcSentenceEA": 3,
      "srcWordEA": 20,
      "character": "태양,모차르트 선생님,낯선 남자",
      "setting": "하루 종일",
      "action": "비추던,숨을,찾아왔어요",
      "feeling": null,
      "causalRelationship": null,
      "outcomeResolution": null,
      "prediction": null,
      "plotSummaryInfoCount": 1,
      "plotSummaryInfo": {
        "classification": "사회관계",
        "readAge": "유아",
        "form": "short-form",
        "plotSummaryText": "태양이 산 너머로 숨을 시간, 낯선 남자가 모차르트를 찾아왔습니다.",
        "textWordEA": 9
      }
    },
    {
      "srcTextID": "97746",
      "srcText": "\"우리 주인님이 편안히 잠들 수 있도록 도와주세요.\" 남자는 번쩍이는 금화 꾸러미를 내밀었어요. \"당신 주인을 위해 진혼곡을 만들어 달라고요?",
      "srcPage": 29,
      "srcSentenceEA": 3,
      "srcWordEA": 19,
      "character": "주인님,남자,금화 꾸러미,당신 주인,진혼곡",
      "setting": null,
      "action": "도와주세요,잠들,내밀었어요,만들어 달라고요",
      "feeling": "편안히",
      "causalRelationship": null,
      "outcomeResolution": null,
      "prediction": null,
      "plotSummaryInfoCount": 1,
      "plotSummaryInfo": {
        "classification": "사회관계",
        "readAge": "유아",
        "form": "short-form",
        "plotSummaryText": "번쩍이는 금화 꾸러미를 내민 남자가 주인님이 편안히 잠들 수 있도록 도와달라고 말했고, 진혼곡을 만들어 달라는 말인지 물었습니다.",
        "textWordEA": 17
      }
    },
    {
      "srcTextID": "97753",
      "srcText": "진혼곡이 반쯤 완성되었을 때 모차르트는 친구들을 불렀어요. \"이 곡을 한 번 합창해 주게.\" 친구들은 모차르트의 부탁을 들어 주었어요.",
      "srcPage": 31,
      "srcSentenceEA": 3,
      "srcWordEA": 19,
      "character": "모차르트,친구들",
      "setting": null,
      "action": "불렀어요,합창해 주게,들어 주었어요",
      "feeling": null,
      "causalRelationship": null,
      "outcomeResolution": null,
      "prediction": null,
      "plotSummaryInfoCount": 1,
      "plotSummaryInfo": {
        "classification": "사회관계",
        "readAge": "유아",
        "form": "short-form",
        "plotSummaryText": "모차르트는 진혼곡이 반쯤 완성되었을 때 친구들을 불러, 이 곡을 합창해 달라고 부탁했고, 친구들은 그 부탁을 들어주었습니다.",
        "textWordEA": 16
      }
    },
    {
      "srcTextID": "97735",
      "srcText": "\"이 곡은 모차르트가 직접 만든 곡이에요.\" 누나가 귀족들에게 자랑스럽게 말했어요. \"뭐라고? 저 꼬마가 이렇게 아름다운 곡을 만들었다고?\"",
      "srcPage": 21,
      "srcSentenceEA": 3,
      "srcWordEA": 19,
      "character": "모차르트,누나,귀족들,꼬마",
      "setting": null,
      "action": "만든,말했어요,만들었다고",
      "feeling": "자랑스럽게,아름다운",
      "causalRelationship": null,
      "outcomeResolution": null,
      "prediction": null,
      "plotSummaryInfoCount": 1,
      "plotSummaryInfo": {
        "classification": "사회관계",
        "readAge": "유아",
        "form": "short-form",
        "plotSummaryText": "이 곡은 모차르트가 직접 만든 곡이라며 귀족들에게 누나가 자랑스럽게 말했습니다.",
        "textWordEA": 10
      }
    },
    {
      "srcTextID": "97737",
      "srcText": "여왕과 귀족들은 믿으려 하지 않았어요. 그러자 모차르트는 그 자리에서 다른 곡을 만들어 연주했어요. 이번엔 즐겁고 경쾌한 곡이었어요. 귀족들은 꼬마 모차르트를 서로 안으려고 달려들었답니다.",
      "srcPage": 22,
      "srcSentenceEA": 4,
      "srcWordEA": 26,
      "character": "여왕,귀족들,모차르트,꼬마",
      "setting": "그 자리에서",
      "action": "만들어 연주했어요,안으려고 달려들었답니다",
      "feeling": "즐겁고,경쾌한",
      "causalRelationship": null,
      "outcomeResolution": null,
      "prediction": null,
      "plotSummaryInfoCount": 1,
      "plotSummaryInfo": {
        "classification": "사회관계",
        "readAge": "유아",
        "form": "long-form",
        "plotSummaryText": "여왕과 귀족들이 믿으려 하지 않자 모차르트는 그 자리에서 다른 경쾌한 곡을 연주했고, 꼬마 모차르트를 안으려고 귀족들이 달려들었습니다.",
        "textWordEA": 17
      }
    },
    {
      "srcTextID": "97741",
      "srcText": "모차르트는 가는 곳마다 사람들을 구름처럼 몰고 다녔어요. 그러던 어느 날이었어요. 모차르트를 따라다니며 돌봐 주시던 어머니가 갑자기 쓰러지셨어요. 어머니는 모차르트의 건강만 생각하고 자신의 몸은 돌보지 않았던 거예요.",
      "srcPage": 25,
      "srcSentenceEA": 4,
      "srcWordEA": 29,
      "character": "모차르트,사람들,구름,어머니,자신,몸",
      "setting": null,
      "action": "몰고 다녔어요,따라다니며,돌봐 주시던,쓰러지셨어요,생각하고,돌보지",
      "feeling": null,
      "causalRelationship": "모차르트를 따라다니며 돌봐 주시던 어머니가 갑자기 쓰러지셨어요. 어머니는 모차르트의 건강만 생각하고 자신의 몸은 돌보지 않았던 거예요.",
      "outcomeResolution": null,
      "prediction": null,
      "plotSummaryInfoCount": 1,
      "plotSummaryInfo": {
        "classification": "사회관계",
        "readAge": "유아",
        "form": "long-form",
        "plotSummaryText": "모차르트가 가는 곳마다 사람들을 몰고 다니던 어느 날, 모차르트의 건강만 생각하면서 돌봐 주시던 어머니가 갑자기 쓰러지셨습니다.",
        "textWordEA": 16
      }
    },
    {
      "srcTextID": "97740",
      "srcText": "게다가 더 큰 시련이 모차르트를 기다리고 있었어요. 뮌헨의 궁중 악사 자리에서 밀려나고 만 거예요. 열병으로 고생하시던 어머니가 돌아가시고, 모차르트는 춥고 배고픈 외톨이가 되고 말았어요.",
      "srcPage": 26,
      "srcSentenceEA": 3,
      "srcWordEA": 26,
      "character": "모차르트,어머니,외톨이,궁중 악사",
      "setting": "뮌헨",
      "action": "기다리고,밀려나고,고생하시던,돌아가시고",
      "feeling": null,
      "causalRelationship": null,
      "outcomeResolution": null,
      "prediction": null,
      "plotSummaryInfoCount": 1,
      "plotSummaryInfo": {
        "classification": "사회관계",
        "readAge": "유아",
        "form": "short-form",
        "plotSummaryText": "열병으로 고생하시던 어머니가 돌아가시고, 뮌헨의 궁중 악사 자리에서 밀려나게 된 모차르트는 춥고 배고픈 외톨이가 되고 말았습니다.",
        "textWordEA": 16
      }
    },
    {
      "srcTextID": "97751",
      "srcText": "\"신이여, 영원한 평화를 주시옵소서.\" 자신이 작곡한 진혼곡을 들으면서 모차르트는 알 수 없는 눈물을 흘렸어요. 얼마 후, 눈 보라치는 어느 겨울날이었어요.",
      "srcPage": 32,
      "srcSentenceEA": 3,
      "srcWordEA": 22,
      "character": "신,진혼곡,자신,모차르트,눈물",
      "setting": "얼마 후,겨울날",
      "action": "주시옵소서,작곡한,들으면서,흘렸어요",
      "feeling": null,
      "causalRelationship": null,
      "outcomeResolution": null,
      "prediction": null,
      "plotSummaryInfoCount": 1,
      "plotSummaryInfo": {
        "classification": "사회관계",
        "readAge": "유아",
        "form": "short-form",
        "plotSummaryText": "모차르트는 자신이 작곡한 진혼곡을 들으면서 눈물을 흘린 얼마 후, 어느 겨울날 눈보라가 쳤습니다.",
        "textWordEA": 13
      }
    }
  ]
}