{
  "title": "콜럼버스",
  "author": "좋은글샘",
  "illustrator": "김백송",
  "isbn": "9788992636742",
  "publishedYear": 2007,
  "publisher": "교연아카데미",
  "paragraphInfoCount": 36,
  "paragraphInfo": [
    {
      "srcTextID": "102466",
      "srcText": "어느 날, 콜럼버스는 에스파냐의 여왕을 찾아갔어요. 여왕은 콜럼버스를 매우 반갑게 맞아 주었어요. \"여왕 폐하, 만일 제가 새로운 땅을 찾으면 에스파냐에 바치겠습니다.\"",
      "srcPage": 20,
      "srcSentenceEA": 3,
      "srcWordEA": 22,
      "character": "콜럼버스,여왕,새로운 땅",
      "setting": "에스파냐",
      "action": "찾아갔어요,맞아 주었어요,바치겠습니다",
      "feeling": "반갑게",
      "causalRelationship": null,
      "outcomeResolution": null,
      "prediction": null,
      "plotSummaryInfoCount": 1,
      "plotSummaryInfo": {
        "classification": "사회관계",
        "readAge": "유아",
        "form": "short-form",
        "plotSummaryText": "에스파냐의 여왕을 찾아간 콜럼버스는 새로운 땅을 찾게 되면 에스파냐에 바치겠다고 말했습니다.",
        "textWordEA": 11
      }
    },
    {
      "srcTextID": "103382",
      "srcText": "\"어디? 어디?\" 선원들은 서로 보겠다고 망원경을 빼앗았습니다. \"저기, 육지가 보인다!\" 선원들은 언제 그랬냐는 듯 콜럼버스를 얼싸안고 춤을 추었어요. 콜럼버스도 선원들을 꼬옥 안았습니다.",
      "srcPage": 34,
      "srcSentenceEA": 5,
      "srcWordEA": 26,
      "character": "선원들,망원경,콜럼버스",
      "setting": "육지",
      "action": "빼앗았습니다,추었어요,안았습니다,보인다,얼싸안고",
      "feeling": null,
      "causalRelationship": null,
      "outcomeResolution": null,
      "prediction": null,
      "plotSummaryInfoCount": 1,
      "plotSummaryInfo": {
        "classification": "사회관계",
        "readAge": "유아",
        "form": "long-form",
        "plotSummaryText": "망원경을 빼앗은 선원들이 육지를 보게 되자, 언제 그랬냐는 듯 콜럼버스를 얼싸안고 춤을 추었습니다.",
        "textWordEA": 13
      }
    },
    {
      "srcTextID": "102474",
      "srcText": "드디어 육지에 도착했습니다. 콜럼버스는 발을 내딛자마자 땅에 엎드려 입을 맞추었습니다. 그리고 에스파냐 국기를 꽂았어요.",
      "srcPage": 35,
      "srcSentenceEA": 3,
      "srcWordEA": 16,
      "character": "콜럼버스,발,입,에스파냐 국기",
      "setting": "육지,땅",
      "action": "꽂았어요,맞추었습니다,내딛자마자,엎드려",
      "feeling": null,
      "causalRelationship": null,
      "outcomeResolution": "드디어 육지에 도착했습니다.",
      "prediction": null,
      "plotSummaryInfoCount": 1,
      "plotSummaryInfo": {
        "classification": "사회관계",
        "readAge": "유아",
        "form": "short-form",
        "plotSummaryText": "드디어 육지에 도착하자, 땅에 엎드려 입을 맞추었던 콜럼버스가 에스파냐 국기를 꽂았습니다.",
        "textWordEA": 11
      }
    },
    {
      "srcTextID": "103367",
      "srcText": "선원들은 겁에 질린 얼굴로 한 명씩 뛰어내렸습니다. 콜럼버스는 가라앉고 있는 배를 한 번 둘러보았어요. 콜럼버스는 눈물을 참으며 바다로 뛰어들었습니다. \"풍덩!\"",
      "srcPage": 5,
      "srcSentenceEA": 3,
      "srcWordEA": 22,
      "character": "선원들,콜럼버스,배",
      "setting": "바다",
      "action": "뛰어내렸습니다,둘러보았어요,뛰어들었습니다,가라앉고",
      "feeling": "겁에 질린,눈물을 참으며",
      "causalRelationship": null,
      "outcomeResolution": null,
      "prediction": null,
      "plotSummaryInfoCount": 1,
      "plotSummaryInfo": {
        "classification": "사회관계",
        "readAge": "유아",
        "form": "short-form",
        "plotSummaryText": "겁에 질린 얼굴의 선원들이 한 명씩 뛰어내렸고 가라앉고 있는 배를 한 번 둘러본 콜럼버스가 눈물을 참으며 바다로 뛰어들었습니다.",
        "textWordEA": 18
      }
    },
    {
      "srcTextID": "103369",
      "srcText": "마침내 콜럼버스가 도착한 나라는 포르투갈이었어요. 포르투갈은 항해술이 매우 발달한 나라였어요. 모험심 강한 선원들도 많았답니다.",
      "srcPage": 7,
      "srcSentenceEA": 3,
      "srcWordEA": 16,
      "character": "콜럼버스,선원들",
      "setting": "포르투갈",
      "action": null,
      "feeling": null,
      "causalRelationship": null,
      "outcomeResolution": "마침내 콜럼버스가 도착한 나라는 포르투갈이었어요.",
      "prediction": null,
      "plotSummaryInfoCount": 1,
      "plotSummaryInfo": {
        "classification": "사회관계",
        "readAge": "유아",
        "form": "short-form",
        "plotSummaryText": "콜럼버스는 항해술이 매우 발달한 나라인 포르투갈에 도착하였는데, 그곳에는 모험심 강한 선원들이 많았습니다.",
        "textWordEA": 12
      }
    },
    {
      "srcTextID": "103368",
      "srcText": "'여기서 항해술을 더 배워야겠다.' 콜럼버스는 포르투갈에 머물기로 했어요. 콜럼버스는 바다의 지도를 그리기도 하고, 사람들과 새로운 나라에 대해 이야기를 나누기도 했습니다.",
      "srcPage": 8,
      "srcSentenceEA": 3,
      "srcWordEA": 22,
      "character": "콜럼버스,사람들,새로운 나라,바다의 지도",
      "setting": "포르투갈",
      "action": "머물기로 했어요,그리기도 하고,이야기를 나누기도 했습니다",
      "feeling": null,
      "causalRelationship": null,
      "outcomeResolution": null,
      "prediction": null,
      "plotSummaryInfoCount": 1,
      "plotSummaryInfo": {
        "classification": "사회관계",
        "readAge": "유아",
        "form": "short-form",
        "plotSummaryText": "포르투갈에 머물기로 한 콜럼버스는 항해술을 더 배워야겠다고 다짐하면서, 바다의 지도를 그리기도 하고 새로운 나라에 대해 사람들과 이야기를 나누기도 했습니다.",
        "textWordEA": 19
      }
    },
    {
      "srcTextID": "102461",
      "srcText": "콜럼버스는 어릴 때부터 바다를 무척 좋아했어요. 멀리 나갔던 고깃배가 들어올 때면, 모든 일을 제쳐 두고 부두로 뛰어갔습니다. \"아저씨, 어디서 오는 건가요?\" \"정말 바다의 끝은 낭떠러지인가요?\"",
      "srcPage": 9,
      "srcSentenceEA": 4,
      "srcWordEA": 26,
      "character": "콜럼버스,바다,고깃배,낭떠러지,아저씨",
      "setting": "부두",
      "action": "뛰어갔습니다",
      "feeling": "좋아했어요",
      "causalRelationship": null,
      "outcomeResolution": null,
      "prediction": null,
      "plotSummaryInfoCount": 1,
      "plotSummaryInfo": {
        "classification": "사회관계",
        "readAge": "유아",
        "form": "long-form",
        "plotSummaryText": "어릴 때부터 바다를 좋아했던 콜럼버스는 고깃배가 들어올 때면, 모든 일을 제쳐 두고 부두로 뛰어가 바다의 끝은 낭떠러지인지 아저씨에게 물어봤습니다.",
        "textWordEA": 19
      }
    },
    {
      "srcTextID": "102463",
      "srcText": "털보 아저씨는 콜럼버스에게 커다란 야자열매를 주셨어요. \"황금의 나라라고요?\" 콜럼버스는 귀가 번쩍 틔었어요.",
      "srcPage": 11,
      "srcSentenceEA": 3,
      "srcWordEA": 13,
      "character": "털보 아저씨,콜럼버스,야자열매",
      "setting": "황금의 나라",
      "action": "주셨어요,틔었어요",
      "feeling": null,
      "causalRelationship": null,
      "outcomeResolution": null,
      "prediction": null,
      "plotSummaryInfoCount": 1,
      "plotSummaryInfo": {
        "classification": "사회관계",
        "readAge": "유아",
        "form": "short-form",
        "plotSummaryText": "털보 아저씨가 콜럼버스에게 커다란 야자열매를 주자, 귀가 트인 콜럼버스가 황금의 나라이지 물었습니다.",
        "textWordEA": 12
      }
    },
    {
      "srcTextID": "103372",
      "srcText": "아무도 황금의 나라를 본 적은 없답니다. '황금의 나라를 반드시 찾아내야지.' 콜럼버스는 이렇게 생각했어요.",
      "srcPage": 12,
      "srcSentenceEA": 3,
      "srcWordEA": 14,
      "character": "콜럼버스",
      "setting": "황금의 나라",
      "action": "생각했어요",
      "feeling": null,
      "causalRelationship": null,
      "outcomeResolution": null,
      "prediction": "황금의 나라를 반드시 찾아내야지.",
      "plotSummaryInfoCount": 1,
      "plotSummaryInfo": {
        "classification": "사회관계",
        "readAge": "유아",
        "form": "short-form",
        "plotSummaryText": "콜럼버스는 아무도 본 적이 없는 황금의 나라를 반드시 찾겠다고 생각했습니다.",
        "textWordEA": 10
      }
    },
    {
      "srcTextID": "103374",
      "srcText": "드디어 콜럼버스가 배의 주인이 되었어요. 스물한 살의 젊은 선장님이 된 거지요. '바다의 서쪽으로 계속 가면 황금의 나라가 나올 거야. 그리고 인도도.'",
      "srcPage": 15,
      "srcSentenceEA": 4,
      "srcWordEA": 23,
      "character": "콜럼버스,배의 주인,선장님",
      "setting": "바다의 서쪽,황금의 나라,인도",
      "action": null,
      "feeling": null,
      "causalRelationship": null,
      "outcomeResolution": null,
      "prediction": "바다의 서쪽으로 계속 가면 황금의 나라가 나올 거야.",
      "plotSummaryInfoCount": 1,
      "plotSummaryInfo": {
        "classification": "사회관계",
        "readAge": "유아",
        "form": "long-form",
        "plotSummaryText": "스물한 살의 젊은 선장님이 된 콜럼버스는 바다의 서쪽으로 계속 가면 황금의 나라와 인도가 나올 거라고 생각했습니다.",
        "textWordEA": 16
      }
    },
    {
      "srcTextID": "103377",
      "srcText": "많은 사람들이 부두에 나와 손을 흔들었습니다. 선원들은 황금의 나라를 찾아 부자가 되겠다는 생각으로 모두들 들떠 있었어요. \"가장 먼저 황금의 나라를 찾으면 더 큰 상을 주실 거야.\" 선원들은 잔뜩 부푼 가슴을 안고 힘찬 항해를 시작했답니다.",
      "srcPage": 23,
      "srcSentenceEA": 4,
      "srcWordEA": 36,
      "character": "사람들,선원들,부자",
      "setting": "부두,황금의 나라",
      "action": "흔들었습니다,항해를 시작했답니다",
      "feeling": "들떠 있었어요",
      "causalRelationship": null,
      "outcomeResolution": null,
      "prediction": null,
      "plotSummaryInfoCount": 1,
      "plotSummaryInfo": {
        "classification": "사회관계",
        "readAge": "유아",
        "form": "long-form",
        "plotSummaryText": "부두에 나온 많은 사람들이 손을 흔들었고, 황금의 나라를 찾아 부자가 되겠다는 생각에 선원들 모두 들떠 있었으며 부푼 가슴을 안고 힘찬 항해를 시작했답니다.",
        "textWordEA": 22
      }
    },
    {
      "srcTextID": "103381",
      "srcText": "일행을 태운 배들은 서쪽으로 서쪽으로 나아갔어요. 그러나 항구를 출발한 지 한 달이 다 되도록 육지는 보이지 않았어요. 가도 가도 바다뿐이었어요.",
      "srcPage": 24,
      "srcSentenceEA": 3,
      "srcWordEA": 22,
      "character": "배들,일행,항구,육지",
      "setting": "서쪽,한 달이 다 되도록,바다",
      "action": "나아갔어요,보이지",
      "feeling": null,
      "causalRelationship": null,
      "outcomeResolution": null,
      "prediction": null,
      "plotSummaryInfoCount": 1,
      "plotSummaryInfo": {
        "classification": "사회관계",
        "readAge": "유아",
        "form": "short-form",
        "plotSummaryText": "일행을 태운 배들이 항구를 출발하고 서쪽으로 계속 나아갔는데 한 달이 다 되도록 육지는 보이지 않았고 가도 가도 바다뿐이었습니다.",
        "textWordEA": 18
      }
    },
    {
      "srcTextID": "102475",
      "srcText": "콜럼버스가 아메리카 대륙을 발견한 순간이었지요. 하지만 콜럼버스는 여기가 인도라고 생각했답니다. 만일 콜럼버스가 없었다면 지금의 미국은 어떻게 되었을까요? 콜럼버스는 목숨이 다할 때까지 탐험을 계속했습니다. 황금의 나라는 발견하지 못했지만, 콜럼버스가 발견한 쿠바 섬, 아이티 섬 등 아름다운 섬 나라는 지금도 많은 사람들의 사랑을 받고 있답니다.",
      "srcPage": 36,
      "srcSentenceEA": 5,
      "srcWordEA": 47,
      "character": "콜럼버스,사람들,인도,미국,쿠바 섬,아이티 섬,섬 나라,황금의 나라",
      "setting": "아메리카 대륙",
      "action": "계속했습니다,발견한",
      "feeling": null,
      "causalRelationship": null,
      "outcomeResolution": "황금의 나라는 발견하지 못했지만,콜럼버스가 발견한 쿠바 섬,아이티 섬 등 아름다운 섬 나라는 지금도 많은 사람들의 사랑을 받고 있답니다.",
      "prediction": null,
      "plotSummaryInfoCount": 1,
      "plotSummaryInfo": {
        "classification": "사회관계",
        "readAge": "유아",
        "form": "long-form",
        "plotSummaryText": "아메리카 대륙을 발견한 콜럼버스는 목숨이 다할 때까지 탐험을 계속했는데, 비록 황금의 나라는 발견하지 못했지만 그가 발견한 아름다운 섬나라는 지금도 많은 사람들의 사랑을 받고 있답니다.",
        "textWordEA": 24
      }
    },
    {
      "srcTextID": "103375",
      "srcText": "콜럼버스는 항해할 날을 손꼽아 기다렸습니다. 그러나 새로운 나라를 찾아 떠나는 것은 쉬운 일이 아니었어요. \"나와 함께 황금의 나라를 찾아갈 사람은 모두 모이시오!\" 콜럼버스는 사람들을 모으러 다녔어요.",
      "srcPage": 16,
      "srcSentenceEA": 4,
      "srcWordEA": 28,
      "character": "콜럼버스,사람들",
      "setting": "황금의 나라,항해할 날",
      "action": "모으러 다녔어요,기다렸습니다",
      "feeling": null,
      "causalRelationship": null,
      "outcomeResolution": null,
      "prediction": null,
      "plotSummaryInfoCount": 1,
      "plotSummaryInfo": {
        "classification": "사회관계",
        "readAge": "유아",
        "form": "long-form",
        "plotSummaryText": "항해할 날을 손꼽아 기다렸는데 새로운 나라를 찾아 떠나는 것은 쉬운 일이 아니어서 콜럼버스는 함께 황금의 나라를 갈 사람들을 모으러 다녔습니다.",
        "textWordEA": 20
      }
    },
    {
      "srcTextID": "102464",
      "srcText": "그러나 가는 곳마다 사람들은 콜럼버스를 비웃었어요. \"바다 끝은 낭떠러지야.\" \"바다 깊은 곳에는 괴물이 살고 있대. 물이 높이 치솟으면 배 한 척은 눈 깜짝할 사이에 삼켜 버린대.\" \"황금의 나라는 없어. 다 지어낸 얘기야.\"",
      "srcPage": 17,
      "srcSentenceEA": 6,
      "srcWordEA": 34,
      "character": "사람들,콜럼버스,낭떠러지,괴물,배",
      "setting": "바다 깊은 곳,바다 끝,황금의 나라",
      "action": "비웃었어요,살고 있대,삼켜 버린대",
      "feeling": null,
      "causalRelationship": null,
      "outcomeResolution": null,
      "prediction": null,
      "plotSummaryInfoCount": 1,
      "plotSummaryInfo": {
        "classification": "사회관계",
        "readAge": "유아",
        "form": "long-form",
        "plotSummaryText": "바다 끝은 낭떠러지이고 바다 깊은 곳엔 괴물이 살고 있다며 황금의 나라는 지어낸 얘기라고 가는 곳마다 사람들이 콜럼버스를 비웃었습니다.",
        "textWordEA": 18
      }
    },
    {
      "srcTextID": "102465",
      "srcText": "콜럼버스를 따르는 사람은 아무도 없었습니다. \"바다는 무서운 곳이 아닙니다. 새로운 나라를 찾으면 우리는 부자가 될 거예요.\" 아무리 말해도 사람들은 믿지 않았어요. 콜럼버스는 오랫동안 기다려야 했습니다.",
      "srcPage": 18,
      "srcSentenceEA": 5,
      "srcWordEA": 28,
      "character": "콜럼버스,사람들,새로운 나라,부자",
      "setting": "바다",
      "action": "기다려야 했습니다,따르는",
      "feeling": null,
      "causalRelationship": null,
      "outcomeResolution": null,
      "prediction": null,
      "plotSummaryInfoCount": 1,
      "plotSummaryInfo": {
        "classification": "사회관계",
        "readAge": "유아",
        "form": "long-form",
        "plotSummaryText": "바다는 무서운 곳이 아니라면서 새로운 나라를 찾으면 부자가 될 거라고 말했지만 사람들은 믿지 않았고, 콜럼버스를 따르는 사람은 아무도 없었습니다.",
        "textWordEA": 19
      }
    },
    {
      "srcTextID": "102468",
      "srcText": "콜럼버스가 마흔한 살 되던 해였어요. '더 늦기 전에 떠나야 해.' 콜럼버스는 자신의 말을 믿어 줄 사람이면 누구라도 찾아다녔어요.",
      "srcPage": 19,
      "srcSentenceEA": 3,
      "srcWordEA": 19,
      "character": "콜럼버스,사람",
      "setting": "마흔한 살 되던 해",
      "action": "찾아다녔어요",
      "feeling": null,
      "causalRelationship": null,
      "outcomeResolution": null,
      "prediction": null,
      "plotSummaryInfoCount": 1,
      "plotSummaryInfo": {
        "classification": "사회관계",
        "readAge": "유아",
        "form": "short-form",
        "plotSummaryText": "그가 마흔한 살 되던 해, 자기 말을 믿어 줄 사람이면 누구라도 찾아다녔던 콜럼버스는 더 늦기 전에 떠나야 한다고 생각했습니다.",
        "textWordEA": 19
      }
    },
    {
      "srcTextID": "102467",
      "srcText": "여왕은 콜럼버스의 자신에 찬 모습이 믿음직스러웠습니다. \"콜럼버스, 당신을 탐험대의 대장으로 임명하겠소.\" 여왕은 콜럼버스가 떠날 수 있도록 모든 준비를 해 주었어요. 드디어 콜럼버스의 소원이 이루어지게 된 거랍니다.",
      "srcPage": 21,
      "srcSentenceEA": 4,
      "srcWordEA": 28,
      "character": "여왕,콜럼버스,탐험대,대장",
      "setting": null,
      "action": "임명하겠소,준비를 해 주었어요",
      "feeling": null,
      "causalRelationship": null,
      "outcomeResolution": "드디어 콜럼버스의 소원이 이루어지게 된 거랍니다.",
      "prediction": null,
      "plotSummaryInfoCount": 1,
      "plotSummaryInfo": {
        "classification": "사회관계",
        "readAge": "유아",
        "form": "long-form",
        "plotSummaryText": "콜럼버스의 자신 있는 모습이 믿음직스러웠던 여왕은 탐험대의 대장으로 임명하면서 그가 떠날 수 있도록 모든 준비를 해 주었습니다.",
        "textWordEA": 17
      }
    },
    {
      "srcTextID": "103379",
      "srcText": "선원들은 점점 불안해졌어요. \"폭풍이다!\" 잔잔하던 바다가 갑자기 출렁이기 시작했습니다. 파도가 배를 덮쳤어요. 돛이 찢어지고, 배는 더 이상 나아가지 않았어요.",
      "srcPage": 25,
      "srcSentenceEA": 4,
      "srcWordEA": 22,
      "character": "선원들,배,돛,파도",
      "setting": "바다",
      "action": "덮쳤어요,출렁이기,나아가지 않았어요",
      "feeling": "불안해졌어요",
      "causalRelationship": null,
      "outcomeResolution": null,
      "prediction": null,
      "plotSummaryInfoCount": 1,
      "plotSummaryInfo": {
        "classification": "사회관계",
        "readAge": "유아",
        "form": "long-form",
        "plotSummaryText": "선원들이 불안해하고 있었는데 잔잔하던 바다가 갑자기 출렁이기 시작했고 배를 덮친 파도 때문에 돛이 찢어져 배는 더 이상 나아가지 않았습니다.",
        "textWordEA": 19
      }
    },
    {
      "srcTextID": "103378",
      "srcText": "\"힘을 냅시다! 폭풍을 이겨 내야 합니다!\" 뱃머리에 서서 콜럼버스가 소리쳤어요.",
      "srcPage": 26,
      "srcSentenceEA": 3,
      "srcWordEA": 12,
      "character": "콜럼버스",
      "setting": "뱃머리",
      "action": "소리쳤어요",
      "feeling": null,
      "causalRelationship": null,
      "outcomeResolution": null,
      "prediction": null,
      "plotSummaryInfoCount": 1,
      "plotSummaryInfo": {
        "classification": "사회관계",
        "readAge": "유아",
        "form": "short-form",
        "plotSummaryText": "뱃머리에 선 콜럼버스가 폭풍을 이겨 내야 한다고 소리쳤습니다.",
        "textWordEA": 8
      }
    },
    {
      "srcTextID": "102470",
      "srcText": "폭풍이 사라지자 선원들의 불만이 터져 나왔어요. \"이 사기꾼! 너 때문에 우리 모두 죽게 생겼어. 빨리 뱃머리를 돌려라! 집으로 돌아가겠다.\"",
      "srcPage": 28,
      "srcSentenceEA": 5,
      "srcWordEA": 22,
      "character": "선원들,사기꾼,집",
      "setting": "뱃머리",
      "action": "터져 나왔어요",
      "feeling": null,
      "causalRelationship": null,
      "outcomeResolution": null,
      "prediction": null,
      "plotSummaryInfoCount": 1,
      "plotSummaryInfo": {
        "classification": "사회관계",
        "readAge": "유아",
        "form": "long-form",
        "plotSummaryText": "폭풍이 사라지자 선원들이 집으로 돌아가겠다고 불만이 터져 나오며 빨리 뱃머리를 돌리라고 말했습니다.",
        "textWordEA": 12
      }
    },
    {
      "srcTextID": "102472",
      "srcText": "콜럼버스가 약속한 사흘 중에서 이틀이 지났어요. 그러나 육지는 보이지 않았어요. 콜럼버스는 매일 일기를 쓰면서 배가 지나온 길을 지도로 그렸어요.",
      "srcPage": 30,
      "srcSentenceEA": 3,
      "srcWordEA": 21,
      "character": "콜럼버스,배,육지,일기,지도",
      "setting": "사흘 중,이틀",
      "action": "그렸어요,쓰면서,약속한,지나온",
      "feeling": null,
      "causalRelationship": null,
      "outcomeResolution": null,
      "prediction": null,
      "plotSummaryInfoCount": 1,
      "plotSummaryInfo": {
        "classification": "사회관계",
        "readAge": "유아",
        "form": "short-form",
        "plotSummaryText": "약속한 사흘 중에서 이틀이 지났지만 육지는 보이지 않았고, 콜럼버스는 배가 지나온 길을 지도로 그리면서 매일 일기를 썼습니다.",
        "textWordEA": 17
      }
    },
    {
      "srcTextID": "103363",
      "srcText": "\"해적이다!\" \"해적선이 나타났어요!\" 배 꼭대기에서 망을 보던 소년이 소리쳤습니다. 선원들은 놀라서 어쩔 줄을 몰랐어요.",
      "srcPage": 1,
      "srcSentenceEA": 3,
      "srcWordEA": 16,
      "character": "해적,소년,해적선,선원들",
      "setting": "배 꼭대기",
      "action": "소리쳤습니다",
      "feeling": "놀라서",
      "causalRelationship": null,
      "outcomeResolution": null,
      "prediction": null,
      "plotSummaryInfoCount": 1,
      "plotSummaryInfo": {
        "classification": "사회관계",
        "readAge": "유아",
        "form": "short-form",
        "plotSummaryText": "배 꼭대기에서 망을 보던 소년이 해적선이 나타났다고 소리치자 놀란 선원들이 어쩔 줄 몰라합니다.",
        "textWordEA": 13
      }
    },
    {
      "srcTextID": "103364",
      "srcText": "콜럼버스 선장은 재빨리 뱃머리를 돌렸어요. 배에는 귀한 물건들을 잔뜩 싣고 있었거든요. 그러나 해적선은 금세 콜럼버스의 배를 따라잡았어요. \"발사!\" 해적선에서 대포를 쏘아 댔어요.",
      "srcPage": 2,
      "srcSentenceEA": 4,
      "srcWordEA": 25,
      "character": "콜럼버스 선장,물건들,해적선,대포",
      "setting": "콜럼버스의 배",
      "action": "뱃머리를 돌렸어요,따라잡았어요,쏘아 댔어요",
      "feeling": null,
      "causalRelationship": "콜럼버스 선장은 재빨리 뱃머리를 돌렸어요. 배에는 귀한 물건들을 잔뜩 싣고 있었거든요.",
      "outcomeResolution": null,
      "prediction": null,
      "plotSummaryInfoCount": 1,
      "plotSummaryInfo": {
        "classification": "사회관계",
        "readAge": "유아",
        "form": "long-form",
        "plotSummaryText": "귀한 물건들이 잔뜩 배에 실려 있었기 때문에 콜럼버스 선장은 재빨리 뱃머리를 돌렸지만, 금세 따라잡은 해적선이 대포를 쏘아댔습니다.",
        "textWordEA": 17
      }
    },
    {
      "srcTextID": "103365",
      "srcText": "\"배가 부서졌어요!\" \"배가 가라앉는다.\" 선원들은 놀라서 이리저리 뛰어다녔습니다.",
      "srcPage": 3,
      "srcSentenceEA": 3,
      "srcWordEA": 9,
      "character": "배,선원들",
      "setting": null,
      "action": "뛰어다녔습니다,가라앉는다",
      "feeling": "놀라서",
      "causalRelationship": null,
      "outcomeResolution": null,
      "prediction": null,
      "plotSummaryInfoCount": 1,
      "plotSummaryInfo": {
        "classification": "사회관계",
        "readAge": "유아",
        "form": "short-form",
        "plotSummaryText": "배가 부서져서 가라앉는다는 말에 놀란 선원들이 이리저리 뛰어다녔습니다.",
        "textWordEA": 8
      }
    },
    {
      "srcTextID": "103366",
      "srcText": "불이 붙은 배는 점점 가라앉고 있었어요. \"모두 바다로 뛰어들어라!\" 콜럼버스가 선원들에게 명령했어요.",
      "srcPage": 4,
      "srcSentenceEA": 3,
      "srcWordEA": 13,
      "character": "불,배,콜럼버스,선원들",
      "setting": "바다",
      "action": "명령했어요,뛰어들어라,가라앉고 있었어요",
      "feeling": null,
      "causalRelationship": null,
      "outcomeResolution": null,
      "prediction": null,
      "plotSummaryInfoCount": 1,
      "plotSummaryInfo": {
        "classification": "사회관계",
        "readAge": "유아",
        "form": "short-form",
        "plotSummaryText": "불이 붙은 배가 점점 가라앉자, 콜럼버스가 선원들에게 바다로 뛰어들라고 명령했습니다.",
        "textWordEA": 10
      }
    },
    {
      "srcTextID": "103370",
      "srcText": "콜럼버스는 있는 힘을 다해 헤엄을 쳤어요. 작은 널빤지에 매달려 밤새도록 헤엄을 쳤어요. 그러다 보니 콜럼버스는 몹시 지쳤답니다.",
      "srcPage": 6,
      "srcSentenceEA": 3,
      "srcWordEA": 19,
      "character": "콜럼버스,작은 널빤지",
      "setting": "밤새도록",
      "action": "헤엄을 쳤어요,매달려",
      "feeling": null,
      "causalRelationship": null,
      "outcomeResolution": null,
      "prediction": null,
      "plotSummaryInfoCount": 1,
      "plotSummaryInfo": {
        "classification": "사회관계",
        "readAge": "유아",
        "form": "short-form",
        "plotSummaryText": "작은 널빤지에 매달려 밤새도록 헤엄쳤던 콜럼버스는 몹시 지쳤습니다.",
        "textWordEA": 8
      }
    },
    {
      "srcTextID": "102462",
      "srcText": "털보 아저씨는 콜럼버스에게 많은 이야기를 들려주었어요. \"야자열매로 가득한 나라에서 왔단다. 다음에는 반드시 황금의 나라에 갔다 오마.\"",
      "srcPage": 10,
      "srcSentenceEA": 3,
      "srcWordEA": 17,
      "character": "털보 아저씨,콜럼버스",
      "setting": "야자열매로 가득한 나라,황금의 나라",
      "action": "들려주었어요",
      "feeling": null,
      "causalRelationship": null,
      "outcomeResolution": null,
      "prediction": null,
      "plotSummaryInfoCount": 1,
      "plotSummaryInfo": {
        "classification": "사회관계",
        "readAge": "유아",
        "form": "short-form",
        "plotSummaryText": "야자열매로 가득한 나라에서 왔다면서, 다음에는 황금의 나라에 갔다 온다며 털보 아저씨가 콜럼버스에게 많은 이야기를 들려주었습니다.",
        "textWordEA": 15
      }
    },
    {
      "srcTextID": "103373",
      "srcText": "어린 콜럼버스는 선원이 되기 위해 열심히 일했어요. 선원들의 심부름은 물론 날마다 배 청소를 하였어요. 멀리 나가는 배가 있으면 태워 달라고 떼를 쓰기도 했답니다.",
      "srcPage": 13,
      "srcSentenceEA": 3,
      "srcWordEA": 25,
      "character": "콜럼버스,선원",
      "setting": "배",
      "action": "열심히 일했어요,청소를 하였어요,떼를 쓰기도 했답니다",
      "feeling": null,
      "causalRelationship": null,
      "outcomeResolution": null,
      "prediction": null,
      "plotSummaryInfoCount": 1,
      "plotSummaryInfo": {
        "classification": "사회관계",
        "readAge": "유아",
        "form": "short-form",
        "plotSummaryText": "선원이 되기 위해 열심히 일했던 콜럼버스는 선원들의 심부름은 물론 배 청소를 날마다 했고, 멀리 나가는 배가 있으면 태워 달라고 떼를 썼습니다.",
        "textWordEA": 21
      }
    },
    {
      "srcTextID": "103371",
      "srcText": "\"넌 너무 어려서 안 돼!\" 선장님이 태워주지 않으면 콜럼버스는 몰래 숨어서 가기도 했어요. 선장님은 그런 콜럼버스가 예뻤어요. 그래서 선장님은 콜럼버스에게 많은 것을 가르쳐 주었답니다.",
      "srcPage": 14,
      "srcSentenceEA": 4,
      "srcWordEA": 27,
      "character": "선장님,콜럼버스",
      "setting": null,
      "action": "가기도 했어요,가르쳐 주었답니다,숨어서",
      "feeling": "예뻤어요",
      "causalRelationship": null,
      "outcomeResolution": null,
      "prediction": null,
      "plotSummaryInfoCount": 1,
      "plotSummaryInfo": {
        "classification": "사회관계",
        "readAge": "유아",
        "form": "long-form",
        "plotSummaryText": "선장님은 몰래 숨어서 가는 콜럼버스가 예쁘기도 해서 그에게 많은 것을 가르쳐 주었습니다.",
        "textWordEA": 12
      }
    },
    {
      "srcTextID": "103376",
      "srcText": "\"자, 닻을 올려라!\" 산타 마리아호의 닻이 높이 올랐습니다. \"출발!\" 산타 마리아호의 뒤를 이어 핀타호, 니나호가 따랐어요.",
      "srcPage": 22,
      "srcSentenceEA": 3,
      "srcWordEA": 18,
      "character": "닻,산타 마리아호,핀타호,니나호,닻",
      "setting": null,
      "action": "따랐어요,올랐습니다",
      "feeling": null,
      "causalRelationship": null,
      "outcomeResolution": null,
      "prediction": null,
      "plotSummaryInfoCount": 1,
      "plotSummaryInfo": {
        "classification": "사회관계",
        "readAge": "유아",
        "form": "short-form",
        "plotSummaryText": "산타 마리아호의 닻이 높이 오르자, 핀타호, 니나호가 산타 마리아호의 뒤를 이어 따랐습니다.",
        "textWordEA": 12
      }
    },
    {
      "srcTextID": "103380",
      "srcText": "선원들은 콜럼버스의 명령에 따라 너도나도 바쁘게 움직였습니다. 폭풍은 나흘 동안이나 계속되었어요. 선원들은 죽을힘을 다해 폭풍과 싸웠어요.",
      "srcPage": 27,
      "srcSentenceEA": 3,
      "srcWordEA": 18,
      "character": "선원들,콜럼버스",
      "setting": "나흘 동안",
      "action": "움직였습니다,싸웠어요",
      "feeling": null,
      "causalRelationship": null,
      "outcomeResolution": null,
      "prediction": null,
      "plotSummaryInfoCount": 1,
      "plotSummaryInfo": {
        "classification": "사회관계",
        "readAge": "유아",
        "form": "short-form",
        "plotSummaryText": "나흘 동안 계속된 폭풍에 콜럼버스의 명령에 바쁘게 움직이면서 선원들은 죽을힘을 다해 싸웠습니다.",
        "textWordEA": 12
      }
    },
    {
      "srcTextID": "102469",
      "srcText": "금방이라도 콜럼버스를 죽일 기세였어요. 콜럼버스는 선원들을 달랬습니다. \"이제 곧 육지가 나타날 겁니다. 만일 사흘 안에 육지가 나타나지 않으면 그때는 돌아갑니다.\" 그러나 콜럼버스는 만일 육지가 나타나지 않으면 혼자서라도 갈 생각이었어요.",
      "srcPage": 29,
      "srcSentenceEA": 5,
      "srcWordEA": 32,
      "character": "콜럼버스,선원들,육지",
      "setting": "사흘 안",
      "action": "달랬습니다",
      "feeling": null,
      "causalRelationship": null,
      "outcomeResolution": null,
      "prediction": null,
      "plotSummaryInfoCount": 1,
      "plotSummaryInfo": {
        "classification": "사회관계",
        "readAge": "유아",
        "form": "long-form",
        "plotSummaryText": "곧 육지가 나타날 거라면서 사흘 안에 육지가 나타나지 않으면 돌아가겠다고 콜럼버스가 선원들을 달랬습니다.",
        "textWordEA": 13
      }
    },
    {
      "srcTextID": "102471",
      "srcText": "'분명히 육지가 있을 거야.' 콜럼버스는 자신에게 용기를 주었습니다. 이제 이틀 후면 약속대로 배를 돌려야 합니다.",
      "srcPage": 31,
      "srcSentenceEA": 3,
      "srcWordEA": 17,
      "character": "콜럼버스,배",
      "setting": "이틀 후면",
      "action": null,
      "feeling": null,
      "causalRelationship": null,
      "outcomeResolution": null,
      "prediction": null,
      "plotSummaryInfoCount": 1,
      "plotSummaryInfo": {
        "classification": "사회관계",
        "readAge": "유아",
        "form": "short-form",
        "plotSummaryText": "이틀 후면 약속대로 배를 돌려야 했는데, 콜럼버스는 분명히 육지가 있을 거라면서 자신에게 용기를 주었습니다.",
        "textWordEA": 14
      }
    },
    {
      "srcTextID": "102473",
      "srcText": "콜럼버스는 뱃머리에 서서 망원경을 들었습니다. 선원들은 콜럼버스를 노려보았어요. 그때였어요. \"육지다!\" 배 꼭대기에 있던 선원이 소리쳤어요.",
      "srcPage": 32,
      "srcSentenceEA": 4,
      "srcWordEA": 18,
      "character": "콜럼버스,망원경,선원들,육지",
      "setting": "뱃머리,배 꼭대기",
      "action": "들었습니다,노려보았어요,소리쳤어요,서서",
      "feeling": null,
      "causalRelationship": null,
      "outcomeResolution": null,
      "prediction": null,
      "plotSummaryInfoCount": 1,
      "plotSummaryInfo": {
        "classification": "사회관계",
        "readAge": "유아",
        "form": "long-form",
        "plotSummaryText": "뱃머리에서 망원경을 들고 있는 콜럼버스를 선원들이 노려보고 있었는데, 배 꼭대기에 있던 선원이 육지라고 소리쳤습니다.",
        "textWordEA": 14
      }
    },
    {
      "srcTextID": "103383",
      "srcText": "콜럼버스는 재빨리 꼭대기로 올라갔습니다. \"정말, 정말 육지가 있어!\" 콜럼버스의 눈에서 뜨거운 눈물이 흘러내렸어요.",
      "srcPage": 33,
      "srcSentenceEA": 3,
      "srcWordEA": 14,
      "character": "콜럼버스,눈물",
      "setting": "꼭대기,육지",
      "action": "올라갔습니다,흘러내렸어요",
      "feeling": null,
      "causalRelationship": null,
      "outcomeResolution": null,
      "prediction": null,
      "plotSummaryInfoCount": 1,
      "plotSummaryInfo": {
        "classification": "사회관계",
        "readAge": "유아",
        "form": "short-form",
        "plotSummaryText": "재빨리 꼭대기로 올라갔었던 콜럼버스가 뜨거운 눈물을 흘리면서 정말 육지가 있다고 말했습니다.",
        "textWordEA": 11
      }
    }
  ]
}