{
  "title": "나폴레옹",
  "author": "정경혜",
  "illustrator": "양후영",
  "isbn": "9788992636766",
  "publishedYear": 2007,
  "publisher": "교연아카데미",
  "paragraphInfoCount": 35,
  "paragraphInfo": [
    {
      "srcTextID": "103192",
      "srcText": "나폴레옹이 열한 살 때 일이에요. \"나폴레옹. 네 꿈은 뭐지?” 아버지가 다정하게 물었어요. \"멋진 장군이 되는 거예요\"",
      "srcPage": 8,
      "srcSentenceEA": 4,
      "srcWordEA": 18,
      "character": "나폴레옹,아버지,장군",
      "setting": "열한 살",
      "action": "물었어요",
      "feeling": null,
      "causalRelationship": null,
      "outcomeResolution": null,
      "prediction": null,
      "plotSummaryInfoCount": 1,
      "plotSummaryInfo": {
        "classification": "사회관계",
        "readAge": "유아",
        "form": "long-form",
        "plotSummaryText": "나폴레옹이 열한 살 때 꿈이 뭐냐고 묻는 아버지에게 나폴레옹은 멋진 장군이 되는 거라고 답했다.",
        "textWordEA": 14
      }
    },
    {
      "srcTextID": "103191",
      "srcText": "나폴레옹의 어깨를 감싸며 아버지가 말씀하셨어요. \"마침 군인 학교에서 학생을 모집한다는구나. 너의 꿈을 이루렴.\" 나폴레옹은 가족들과 헤어지는 게 슬펐지만 꿈을 이루기 위해 프랑스로 떠났답니다.",
      "srcPage": 10,
      "srcSentenceEA": 4,
      "srcWordEA": 25,
      "character": "나폴레옹,아버지,학생,가족들",
      "setting": "군인 학교,프랑스",
      "action": "어깨를 감싸며,떠났답니다",
      "feeling": "슬펐지만",
      "causalRelationship": null,
      "outcomeResolution": null,
      "prediction": null,
      "plotSummaryInfoCount": 1,
      "plotSummaryInfo": {
        "classification": "사회관계",
        "readAge": "유아",
        "form": "long-form",
        "plotSummaryText": "나폴레옹이 군인 학교에 진학해 꿈을 이루기를 바라셨던 아버지는 나폴레옹을 프랑스로 보냈다.",
        "textWordEA": 11
      }
    },
    {
      "srcTextID": "103195",
      "srcText": "나폴레옹은 브리엔 유년 사관 학교 학생이 되었어요. \"꼬마 시골뜨기, 집에 가서 놀아라.\" 프랑스 귀족 아이들은 나폴레옹을 놀려 댔어요.",
      "srcPage": 11,
      "srcSentenceEA": 3,
      "srcWordEA": 19,
      "character": "나폴레옹,꼬마,아이들",
      "setting": "브리엔 유년 사관 학교,집,프랑스",
      "action": "가서 놀아라,놀려 댔어요",
      "feeling": null,
      "causalRelationship": null,
      "outcomeResolution": null,
      "prediction": null,
      "plotSummaryInfoCount": 1,
      "plotSummaryInfo": {
        "classification": "사회관계",
        "readAge": "유아",
        "form": "short-form",
        "plotSummaryText": "나폴레옹은 브리엔 유년 사관 학교 학생이 되었는데, 프랑스 귀족 아이들이 나폴레옹을 시골뜨기라며 놀려 댔다.",
        "textWordEA": 14
      }
    },
    {
      "srcTextID": "103199",
      "srcText": "하얀 눈이 펑펑 쏟아지는 겨울날이었어요. 운동장에서 눈싸움이 한창이에요. \"얏! 매운 맛 좀 봐라! 눈 폭탄 이 나가신다!\" 눈덩이가 정신없이 날아다녔어요.",
      "srcPage": 14,
      "srcSentenceEA": 5,
      "srcWordEA": 24,
      "character": "눈 폭탄,눈덩이,하얀 눈",
      "setting": "겨울날,운동장",
      "action": "쏟아지는,날아다녔어요",
      "feeling": null,
      "causalRelationship": null,
      "outcomeResolution": null,
      "prediction": null,
      "plotSummaryInfoCount": 1,
      "plotSummaryInfo": {
        "classification": "사회관계",
        "readAge": "유아",
        "form": "long-form",
        "plotSummaryText": "눈이 펑펑 쏟아지는 겨울날 눈덩이가 정신없이 날아다니는 운동장에서는 눈싸움이 한창이었다.",
        "textWordEA": 10
      }
    },
    {
      "srcTextID": "103198",
      "srcText": "상대편 아이들은 모두 도망치기 바빴지요. \"우리가 이겼다!\" 아이들은 좋아서 서로 껴안고 팔짝팔짝 뛰었답니다. 눈싸움에 이긴 후 아이들은 나폴레옹을 잘 따랐어요.",
      "srcPage": 16,
      "srcSentenceEA": 4,
      "srcWordEA": 22,
      "character": " 아이들,나폴레옹",
      "setting": null,
      "action": "도망치기 바빴지요,서로 껴안고,뛰었답니다,따랐어요",
      "feeling": null,
      "causalRelationship": null,
      "outcomeResolution": null,
      "prediction": null,
      "plotSummaryInfoCount": 1,
      "plotSummaryInfo": {
        "classification": "사회관계",
        "readAge": "유아",
        "form": "long-form",
        "plotSummaryText": "상대편 아이들은 도망치기에 바빴고 승리한 아이들은 기쁨에 팔짝팔짝 뛰었으며, 눈싸움에서 이긴 후 아이들은 나폴레옹을 잘 따랐다.",
        "textWordEA": 16
      }
    },
    {
      "srcTextID": "103202",
      "srcText": "나폴레옹은 사관 학교를 졸업하고 젊은 장교가 되었어요. 힘든 일은 앞장서서 하고 부하들도 사랑하는 매우 인기 있는 장교였답니다. 포탄이 떨어지는 싸움터에서도 항상 부하들과 함께 싸웠어요. \"나를 따르라!\"",
      "srcPage": 19,
      "srcSentenceEA": 4,
      "srcWordEA": 28,
      "character": "나폴레옹,젊은 장교,부하들,포탄",
      "setting": "사관 학교,싸움터",
      "action": "졸업하고,싸웠어요",
      "feeling": "사랑하는",
      "causalRelationship": null,
      "outcomeResolution": null,
      "prediction": null,
      "plotSummaryInfoCount": 1,
      "plotSummaryInfo": {
        "classification": "사회관계",
        "readAge": "유아",
        "form": "long-form",
        "plotSummaryText": "나폴레옹은 사관 학교를 졸업하고 장교가 되었고 힘든 일은 앞장서고 부하들을 사랑하는 매우 인기 있는 장교였다.",
        "textWordEA": 15
      }
    },
    {
      "srcTextID": "103207",
      "srcText": "프랑스 국민들은 나폴레옹을 새 지도자로 뽑았어요. \"나폴레옹 장군 덕분에 우리 모두 편안하게 살 수 있는 거란다.\" 나폴레옹은 프랑스를 살기 좋은 나라로 만들었답니다.",
      "srcPage": 23,
      "srcSentenceEA": 3,
      "srcWordEA": 23,
      "character": "국민들,나폴레옹,지도자",
      "setting": "프랑스",
      "action": "뽑았어요,만들었답니다",
      "feeling": null,
      "causalRelationship": null,
      "outcomeResolution": null,
      "prediction": null,
      "plotSummaryInfoCount": 1,
      "plotSummaryInfo": {
        "classification": "사회관계",
        "readAge": "유아",
        "form": "short-form",
        "plotSummaryText": "프랑스 국민들은 나폴레옹을 새 지도자로 뽑았고, 나폴레옹은 프랑스를 살기 좋은 나라로 만들었다.",
        "textWordEA": 12
      }
    },
    {
      "srcTextID": "98630",
      "srcText": "높은 알프스 산만 믿고 안심하던 적군은 우왕좌왕하다가 크게 패하고 말았지요. 이것이 유명한 나폴레옹의 마렝고 전투랍니다. 이 전투의 승리로 나폴레옹은 대관식을 거쳐 황제가 되었답니다.",
      "srcPage": 28,
      "srcSentenceEA": 3,
      "srcWordEA": 25,
      "character": "적군,나폴레옹,황제",
      "setting": "높은 알프스 산",
      "action": "우왕좌왕하다가,패하고",
      "feeling": null,
      "causalRelationship": null,
      "outcomeResolution": null,
      "prediction": null,
      "plotSummaryInfoCount": 1,
      "plotSummaryInfo": {
        "classification": "사회관계",
        "readAge": "유아",
        "form": "short-form",
        "plotSummaryText": "높은 알프스 산만 믿고 안심했던 적군이 크게 패했던 이 전투가 마렝고 전투였고, 이 전투에서의 승리로 나폴레옹은 대관식을 거쳐 황제가 되었다.",
        "textWordEA": 20
      }
    },
    {
      "srcTextID": "103209",
      "srcText": "마침내 나폴레옹은 많은 군사들을 이끌고 러시아로 향했어요. 넓은 러시아는 가도 가도 끝이 없었지요. 얇은 옷을 입은 군사들은 겨울이 되자 모두 지쳐 버렸어요.",
      "srcPage": 30,
      "srcSentenceEA": 3,
      "srcWordEA": 24,
      "character": "나폴레옹,많은 군사들,옷",
      "setting": "러시아,겨울",
      "action": "이끌고,입은,지쳐 버렸어요",
      "feeling": null,
      "causalRelationship": null,
      "outcomeResolution": null,
      "prediction": null,
      "plotSummaryInfoCount": 1,
      "plotSummaryInfo": {
        "classification": "사회관계",
        "readAge": "유아",
        "form": "short-form",
        "plotSummaryText": "마침내 나폴레옹은 군사들을 이끌고 러시아로 향했지만 가도 가도 끝이 없는 러시아에서 얇은 옷을 입은 군사들은 겨울이 되자 모두 지쳐 버렸다.",
        "textWordEA": 20
      }
    },
    {
      "srcTextID": "103210",
      "srcText": "병사들은 춥고 배가 고팠답니다. 그 때 러시아 군이 공격해 왔어요. 지친 프랑스 군은 싸울 힘이 없었어요. 결국 나폴레옹은 군사를 모두 잃고 프랑스로 돌아갔어요.",
      "srcPage": 31,
      "srcSentenceEA": 4,
      "srcWordEA": 26,
      "character": "병사들,러시아 군,프랑스 군,나폴레옹,군사",
      "setting": "프랑스",
      "action": "공격해 왔어요,지친,돌아갔어요",
      "feeling": null,
      "causalRelationship": null,
      "outcomeResolution": null,
      "prediction": null,
      "plotSummaryInfoCount": 1,
      "plotSummaryInfo": {
        "classification": "사회관계",
        "readAge": "유아",
        "form": "long-form",
        "plotSummaryText": "병사들이 춥고 배고플 때 러시아 군이 공격해 오는 바람에 나폴레옹은 군사를 모두 잃고 프랑스로 돌아갔다.",
        "textWordEA": 15
      }
    },
    {
      "srcTextID": "103211",
      "srcText": "이 전투는 나폴레옹의 마지막 싸움터가 되었어요. 나폴레옹은 워털루 전쟁에서 완전히 지고 말았답니다. 유럽의 연합군은 나폴레옹을 죽음의 섬에 가두었어요. 프랑스의 황제 나폴레옹이 무시무시한 죽음의 섬에 갇혀 버린 거예요.",
      "srcPage": 33,
      "srcSentenceEA": 4,
      "srcWordEA": 30,
      "character": "나폴레옹,연합군",
      "setting": "싸움터,죽음의 섬",
      "action": "가두었어요,갇혀 버린",
      "feeling": null,
      "causalRelationship": null,
      "outcomeResolution": null,
      "prediction": null,
      "plotSummaryInfoCount": 1,
      "plotSummaryInfo": {
        "classification": "사회관계",
        "readAge": "유아",
        "form": "long-form",
        "plotSummaryText": "나폴레옹은 워털루 전쟁에서 완전히 지고 말았고, 유럽 연합군에 의해 죽음의 섬에 갇혀 버렸다.",
        "textWordEA": 13
      }
    },
    {
      "srcTextID": "103214",
      "srcText": "썩어 가는 나무 기둥과 바닥에서 온갖 악취가 풍겼어요. 밖에는 영국 보초병이 지키고 있어 도망칠 수도 없었답니다. 나폴레옹은 점점 야위어 가다가 병이 들고 말았어요.",
      "srcPage": 34,
      "srcSentenceEA": 3,
      "srcWordEA": 25,
      "character": "보초병,나폴레옹",
      "setting": null,
      "action": "지키고,도망칠,병이 들고",
      "feeling": null,
      "causalRelationship": null,
      "outcomeResolution": null,
      "prediction": null,
      "plotSummaryInfoCount": 1,
      "plotSummaryInfo": {
        "classification": "사회관계",
        "readAge": "유아",
        "form": "short-form",
        "plotSummaryText": "바닥에서 악취가 풍기는 곳에 있었던 나폴레옹은 보초병이 밖에서 지키고 있어서 도망칠 수도 없어서 점점 야위어 병이 들고 말았다.",
        "textWordEA": 18
      }
    },
    {
      "srcTextID": "103213",
      "srcText": "'죽기 전에 내가 걸어온 길을 글로 남겨야지.' 나폴레옹은 차분히 자신의 삶을 정리했어요. '영웅답게 죽음을 받아들이자.' 쉰두 살의 나폴레옹은 세인트헬레나 섬에서 조용히 눈을 감았어요.",
      "srcPage": 35,
      "srcSentenceEA": 4,
      "srcWordEA": 25,
      "character": "나폴레옹,영웅",
      "setting": "쉰두 살,세인트헬레나 섬",
      "action": "눈을 감았어요,정리했어요",
      "feeling": null,
      "causalRelationship": null,
      "outcomeResolution": null,
      "prediction": null,
      "plotSummaryInfoCount": 1,
      "plotSummaryInfo": {
        "classification": "사회관계",
        "readAge": "유아",
        "form": "long-form",
        "plotSummaryText": "나폴레옹은 차분히 자신의 삶을 정리했고 쉰두 살에 세인트헬레나섬에서 조용히 눈을 감았다.",
        "textWordEA": 11
      }
    },
    {
      "srcTextID": "103186",
      "srcText": "\"자, 모두 앞으로!\" 꼬마 나폴레옹이 긴 나무칼을 휘두르며 뛰어갑니다. \"와아!\" 아이들도 소리를 지르며 나폴레옹을 따라갑니다.",
      "srcPage": 1,
      "srcSentenceEA": 3,
      "srcWordEA": 17,
      "character": "꼬마 나폴레옹,긴 나무칼,아이들",
      "setting": null,
      "action": "휘두르며 뛰어갑니다,소리를 지르며,따라갑니다",
      "feeling": null,
      "causalRelationship": null,
      "outcomeResolution": null,
      "prediction": null,
      "plotSummaryInfoCount": 1,
      "plotSummaryInfo": {
        "classification": "사회관계",
        "readAge": "유아",
        "form": "short-form",
        "plotSummaryText": "꼬마 나폴레옹이 긴 나무칼을 휘두르며 뛰어가자, 아이들도 소리를 지르며 나폴레옹을 따라간다.",
        "textWordEA": 11
      }
    },
    {
      "srcTextID": "98625",
      "srcText": "어느 무더운 여름날이었어요. 나폴레옹은 친구 브리앙과 함께 언덕에서 놀고 있었지요. 그런데 갑자기 하늘이 컴컴해지고 천둥 소리와 함께 소나기가 퍼부었어요.",
      "srcPage": 3,
      "srcSentenceEA": 3,
      "srcWordEA": 21,
      "character": "나폴레옹,친구,브리앙",
      "setting": "어느 무더운 여름날,언덕",
      "action": "놀고",
      "feeling": null,
      "causalRelationship": null,
      "outcomeResolution": null,
      "prediction": null,
      "plotSummaryInfoCount": 1,
      "plotSummaryInfo": {
        "classification": "사회관계",
        "readAge": "유아",
        "form": "short-form",
        "plotSummaryText": "무더운 여름날, 나폴레옹은 친구 브리앙과 언덕에서 놀고 있었는데, 갑자기 하늘이 컴컴해지고 천둥소리와 함께 소나기가 퍼부었다. ",
        "textWordEA": 15
      }
    },
    {
      "srcTextID": "103189",
      "srcText": "나폴레옹의 말대로 정말 비가 그치고 하늘에는 아름다운 무지개가 떴어요. \"브리앙 우리지 무지개를 잡아 보자!\" 나폴레옹과 브리앙은 무지개를 잡기 위해 앞으로 앞으로 달려갔어요.",
      "srcPage": 5,
      "srcSentenceEA": 3,
      "srcWordEA": 23,
      "character": "나폴레옹,브리앙,무지개.비",
      "setting": null,
      "action": "잡아 보자,달려갔어요",
      "feeling": null,
      "causalRelationship": null,
      "outcomeResolution": null,
      "prediction": null,
      "plotSummaryInfoCount": 1,
      "plotSummaryInfo": {
        "classification": "사회관계",
        "readAge": "유아",
        "form": "short-form",
        "plotSummaryText": "나폴레옹의 말대로 비가 그치고 아름다운 무지개가 뜨자, 나폴레옹과 브리앙은 무지개를 잡기 위해 앞으로 달려갔다.",
        "textWordEA": 14
      }
    },
    {
      "srcTextID": "103188",
      "srcText": "\"앗! 나폴레옹, 위험해!\" 뒤따르던 브리앙이 소리쳤지만 이미 늦고 말았어요. 나폴레옹은 벼랑 끝에 매달린 무지개를 잡으려다가 그만 벼랑에서 떨어지고 말았어요.",
      "srcPage": 6,
      "srcSentenceEA": 3,
      "srcWordEA": 22,
      "character": "나폴레옹,브리앙,무지개",
      "setting": "벼랑 끝",
      "action": "뒤따르던,소리쳤지만,매달린,떨어지고",
      "feeling": null,
      "causalRelationship": null,
      "outcomeResolution": null,
      "prediction": null,
      "plotSummaryInfoCount": 1,
      "plotSummaryInfo": {
        "classification": "사회관계",
        "readAge": "유아",
        "form": "short-form",
        "plotSummaryText": "벼랑 끝에 매달린 무지개를 잡으려는 나폴레옹에게 브리앙은 위험하다고 소리쳤지만 이미 늦고 말았다.",
        "textWordEA": 12
      }
    },
    {
      "srcTextID": "103190",
      "srcText": "온몸이 상처투성이가 되고 피가 났어요. 하지만 나폴레옹은 툭툭 털며 일어났지요. \"무지개란 놈은 대체 어디로 간 거야?\" 꼬마 나폴레옹의 눈은 모험심으로 가득 차 있었답니다.",
      "srcPage": 7,
      "srcSentenceEA": 4,
      "srcWordEA": 25,
      "character": "나폴레옹,무지개,눈",
      "setting": null,
      "action": "털며 일어났지요",
      "feeling": null,
      "causalRelationship": null,
      "outcomeResolution": null,
      "prediction": null,
      "plotSummaryInfoCount": 1,
      "plotSummaryInfo": {
        "classification": "사회관계",
        "readAge": "유아",
        "form": "long-form",
        "plotSummaryText": "온몸이 상처투성이가 되어 피가 나는 나폴레옹은 툭툭 털고 일어나 무지개는 대체 어디로 갔냐며 눈이 모험심으로 가득 차 있었다.",
        "textWordEA": 18
      }
    },
    {
      "srcTextID": "103187",
      "srcText": "꼬마 나폴레옹은 전쟁 놀이를 좋아했지요. 전쟁 놀이를 할 때면 언제나 큰 형들을 제치고 대장이 되었답니다. 나폴레옹은 키가 작고 유난히 머리가 큰 아이였어요. 명랑한 데다 장난꾸러기이기도 했고요.",
      "srcPage": 2,
      "srcSentenceEA": 4,
      "srcWordEA": 29,
      "character": "꼬마 나폴레옹,큰 형들,아이,대장",
      "setting": null,
      "action": "좋아했지요,제치고,되었답니다",
      "feeling": null,
      "causalRelationship": null,
      "outcomeResolution": null,
      "prediction": null,
      "plotSummaryInfoCount": 1,
      "plotSummaryInfo": {
        "classification": "사회관계",
        "readAge": "유아",
        "form": "long-form",
        "plotSummaryText": "명랑한 데다 장난꾸러기였던 꼬마 나폴레옹은, 좋아하는 전쟁놀이를 할 때면 언제나 큰 형들을 제치고 대장이 되었다.",
        "textWordEA": 15
      }
    },
    {
      "srcTextID": "98629",
      "srcText": "\"우리는 알프스 산을 넘어 이탈리아로 쳐들어갈 것이다.\" 나폴레옹의 말에 모두들 깜짝 놀랐어요. \"눈이 이렇게 쌓여 있는데, 어떻게 알프스를 넘는단 말입니까?\"",
      "srcPage": 26,
      "srcSentenceEA": 3,
      "srcWordEA": 21,
      "character": "나폴레옹,모두들,알프스  산,이탈리아",
      "setting": null,
      "action": "넘어,쳐들어갈",
      "feeling": "깜짝 놀랐어요",
      "causalRelationship": null,
      "outcomeResolution": null,
      "prediction": null,
      "plotSummaryInfoCount": 1,
      "plotSummaryInfo": {
        "classification": "사회관계",
        "readAge": "유아",
        "form": "short-form",
        "plotSummaryText": "알프스 산을 넘어 이탈리아로 쳐들어갈 것이라는 나폴레옹의 말에 눈이 이렇게 쌓였는데, 어떻게 넘느냐며 모두 깜짝 놀랐다.",
        "textWordEA": 16
      }
    },
    {
      "srcTextID": "103208",
      "srcText": "1나폴레옹 황제는 영국, 오스트리아 등 유럽의 대부분을 차지했어요. 그러나 나폴레옹은 만족하지 않았답니다. \"러시아만 정복하면 유럽 전체를 얻을 수 있는데.\"",
      "srcPage": 29,
      "srcSentenceEA": 3,
      "srcWordEA": 20,
      "character": "나폴레옹",
      "setting": "영국,오스트리아,유럽,러시아",
      "action": "차지했어요,정복하면,얻을",
      "feeling": null,
      "causalRelationship": null,
      "outcomeResolution": null,
      "prediction": null,
      "plotSummaryInfoCount": 1,
      "plotSummaryInfo": {
        "classification": "사회관계",
        "readAge": "유아",
        "form": "short-form",
        "plotSummaryText": "나폴레옹은 유럽의 대부분을 차지했지만, 러시아를 정복하지 못했기 때문에 아직 만족하지 않았다.",
        "textWordEA": 11
      }
    },
    {
      "srcTextID": "103193",
      "srcText": "아버지는 흐뭇한 미소를 지었어요. 아버지도 나폴레옹이 훌륭한 군인이 되길 바라셨거든요. \"이제 이 작은 섬 코르시카를 떠나 프랑스로 가거라.\"",
      "srcPage": 9,
      "srcSentenceEA": 3,
      "srcWordEA": 19,
      "character": "아버지,나폴레옹,훌륭한 군인",
      "setting": "작은 섬 코르시카,프랑스",
      "action": "지었어요,떠나,가거라",
      "feeling": null,
      "causalRelationship": null,
      "outcomeResolution": null,
      "prediction": null,
      "plotSummaryInfoCount": 1,
      "plotSummaryInfo": {
        "classification": "사회관계",
        "readAge": "유아",
        "form": "short-form",
        "plotSummaryText": "나폴레옹이 훌륭한 군인이 되길 바라셨던 아버지는 나폴레옹에게 이 작은 섬을 떠나 프랑스로 가라고 하셨다.",
        "textWordEA": 14
      }
    },
    {
      "srcTextID": "103196",
      "srcText": "나폴레옹은 친구가 없어 외톨이였지만 결코 외롭지 않았답니다. 나무 그늘에 앉아 책 읽는 걸 좋아했거든요. 나폴레옹은 귀족 아이들보다 훨씬 성적이 뛰어났어요.",
      "srcPage": 12,
      "srcSentenceEA": 3,
      "srcWordEA": 22,
      "character": "나폴레옹,친구,외톨이,아이들,책",
      "setting": "나무 그늘",
      "action": "앉아,읽는",
      "feeling": null,
      "causalRelationship": null,
      "outcomeResolution": null,
      "prediction": null,
      "plotSummaryInfoCount": 1,
      "plotSummaryInfo": {
        "classification": "사회관계",
        "readAge": "유아",
        "form": "short-form",
        "plotSummaryText": "친구는 없었지만, 책 읽는 것을 좋아했던 나폴레옹은 귀족 아이들보다 훨씬 성적이 뛰어났다.",
        "textWordEA": 12
      }
    },
    {
      "srcTextID": "98624",
      "srcText": "\"나폴레옹, 집에 가자. 무서워.\" 브리앙이 겁에 질려 말했어요. \"소나기는 곧 그칠거야.\" 나폴레옹은 브리앙을 꼬옥 안으며 자신 있게 말했어요.",
      "srcPage": 4,
      "srcSentenceEA": 5,
      "srcWordEA": 21,
      "character": "나폴레옹,브리앙,소나기,집",
      "setting": null,
      "action": "말했어요,꼬옥 안으며",
      "feeling": "무서워",
      "causalRelationship": null,
      "outcomeResolution": null,
      "prediction": null,
      "plotSummaryInfoCount": 1,
      "plotSummaryInfo": {
        "classification": "사회관계",
        "readAge": "유아",
        "form": "long-form",
        "plotSummaryText": "나폴레옹은 무서워서 집에 가자는 브리앙에게, 소나기가 곧 그칠 거라며 자신 있게 말했다.",
        "textWordEA": 12
      }
    },
    {
      "srcTextID": "103194",
      "srcText": "\"나폴레옹을 우리 반 반장으로 임명합니다.\" 선생님의 말씀에 아이들은 모두 놀랐어요. 나폴레옹은 훌륭한 반장이 되어 반을 이끌겠다고 다짐했답니다.",
      "srcPage": 13,
      "srcSentenceEA": 3,
      "srcWordEA": 19,
      "character": "나폴레옹,선생님,아이들",
      "setting": null,
      "action": "이끌겠다고",
      "feeling": "놀랐어요",
      "causalRelationship": null,
      "outcomeResolution": null,
      "prediction": null,
      "plotSummaryInfoCount": 1,
      "plotSummaryInfo": {
        "classification": "사회관계",
        "readAge": "유아",
        "form": "short-form",
        "plotSummaryText": "나폴레옹을 반장으로 임명한다는 선생님의 말씀에 아이들은 놀랐고, 나폴레옹은 훌륭한 반장이 되겠다고 다짐했다.",
        "textWordEA": 12
      }
    },
    {
      "srcTextID": "103197",
      "srcText": "나폴레옹은 진짜 장군처럼 작전을 짰답니다. \"얘들아, 한꺼번에 공격하지 말고 너희들은 숨어서 눈덩이만 많이 만들어 상대편 아이들이 앞까지 몰려오자 나폴레옹이 공격 신호를 내렸어요. 그러자 아이들은 사정없이 눈덩이를 날렸어요.",
      "srcPage": 15,
      "srcSentenceEA": 3,
      "srcWordEA": 28,
      "character": "나폴레옹,장군,상대편 아이들,눈덩이",
      "setting": null,
      "action": "작전을 짰답니다,숨어서,많이 만들어,몰려오자,신호를 내렸어요,날렸어요",
      "feeling": null,
      "causalRelationship": null,
      "outcomeResolution": null,
      "prediction": null,
      "plotSummaryInfoCount": 1,
      "plotSummaryInfo": {
        "classification": "사회관계",
        "readAge": "유아",
        "form": "short-form",
        "plotSummaryText": "나폴레옹은 진짜 장군처럼 작전을 짰고 상대편 아이들이 앞까지 몰려오자, 나폴레옹의 공격 신호에 아이들은 사정없이 눈덩이를 날렸다.",
        "textWordEA": 16
      }
    },
    {
      "srcTextID": "103201",
      "srcText": "나폴레옹은 6년을 다녀야 하는 유년 사관 학교를 4년 만에 졸업했어요. 게다가 파리의 육군 사관 학교에도 다니게 되었고요. 나폴레옹은 너무너무 기뻤어요.",
      "srcPage": 17,
      "srcSentenceEA": 3,
      "srcWordEA": 22,
      "character": "나폴레옹",
      "setting": "유년 사관 학교,파리,육군 사관 학교",
      "action": "다녀야,졸업했어요",
      "feeling": "기뻤어요",
      "causalRelationship": null,
      "outcomeResolution": null,
      "prediction": null,
      "plotSummaryInfoCount": 1,
      "plotSummaryInfo": {
        "classification": "사회관계",
        "readAge": "유아",
        "form": "short-form",
        "plotSummaryText": "나폴레옹은 6년을 다녀야 하는 유년 사관 학교를 4년 만에 졸업한 뒤, 파리의 육군 사관 학교에도 다니게 되어 매우 기뻐했다.",
        "textWordEA": 19
      }
    },
    {
      "srcTextID": "103203",
      "srcText": "나폴레옹은 전투마다 승리로 이끌었어요. 스물다섯의 젊은 나이에 나폴레옹은 장군이 되었어요. 어릴 적 꿈을 이룬 것이지요. 나폴레옹은 아버지를 생각하며 기쁨의 눈물을 흘렸답니다.",
      "srcPage": 20,
      "srcSentenceEA": 4,
      "srcWordEA": 24,
      "character": "나폴레옹,장군,아버지",
      "setting": "스물다섯",
      "action": "승리로 이끌었어요,흘렸답니다",
      "feeling": "기쁨의",
      "causalRelationship": null,
      "outcomeResolution": null,
      "prediction": null,
      "plotSummaryInfoCount": 1,
      "plotSummaryInfo": {
        "classification": "사회관계",
        "readAge": "유아",
        "form": "long-form",
        "plotSummaryText": "전투마다 승리로 이끈 나폴레옹은 스물다섯의 젊은 나이에 어릴 적 꿈인 장군이 되어, 아버지를 생각하며 기쁨의 눈물을 흘렸다.",
        "textWordEA": 17
      }
    },
    {
      "srcTextID": "103205",
      "srcText": "또 다시 전쟁터로 나가야 했기 때문이에요. 프랑스는 나폴레옹의 뛰어난 작전으로 계속 승리했지요. \"나폴레옹 장군 만세! 프랑스 만세!\"",
      "srcPage": 22,
      "srcSentenceEA": 4,
      "srcWordEA": 19,
      "character": "나폴레옹",
      "setting": "전쟁터,프랑스",
      "action": "나가야",
      "feeling": null,
      "causalRelationship": null,
      "outcomeResolution": null,
      "prediction": null,
      "plotSummaryInfoCount": 1,
      "plotSummaryInfo": {
        "classification": "사회관계",
        "readAge": "유아",
        "form": "long-form",
        "plotSummaryText": "프랑스는 나폴레옹의 뛰어난 작전으로 전쟁터에서 계속 승리했다.",
        "textWordEA": 7
      }
    },
    {
      "srcTextID": "103206",
      "srcText": "많은 사람들이 나폴레옹이 만든 나폴레옹 법전을 환영했어요. 이 법전은 남자와 여자, 부자와 가난한 사람이 모두 평등하게 살도록 해 주었지요. 또 나폴레옹은 학교를 많이 세워 누구나 공부를 할 수 있게 했답니다.",
      "srcPage": 24,
      "srcSentenceEA": 3,
      "srcWordEA": 32,
      "character": "사람들,나폴레옹,남자,여자,나,학교",
      "setting": null,
      "action": "만든,세워,평등하게 살도록,공부를 할 수 있게",
      "feeling": null,
      "causalRelationship": null,
      "outcomeResolution": null,
      "prediction": null,
      "plotSummaryInfoCount": 1,
      "plotSummaryInfo": {
        "classification": "사회관계",
        "readAge": "유아",
        "form": "short-form",
        "plotSummaryText": "많은 사람이 나폴레옹 법전을 환영하여 모두가 평등하게 살게 되었고, 또한 나폴레옹은 학교를 많이 세워 누구나 공부를 할 수 있게 했다.",
        "textWordEA": 20
      }
    },
    {
      "srcTextID": "103200",
      "srcText": "그런데 사관 학교에 입학한 지 얼마 되지 않았을 때였어요. 아버지가 돌아가셨다는 연락이 온 거예요. 하지만 나폴레옹은 집으로 갈 수가 없었어요. 훌륭한 군인이 되기 위해서는 슬픔을 이거 내야 했거든요.",
      "srcPage": 18,
      "srcSentenceEA": 4,
      "srcWordEA": 31,
      "character": "아버지,나폴레옹,군인",
      "setting": "사관 학교,집",
      "action": "입학한,돌아가겼다는,갈 수가",
      "feeling": "슬픔",
      "causalRelationship": null,
      "outcomeResolution": null,
      "prediction": null,
      "plotSummaryInfoCount": 1,
      "plotSummaryInfo": {
        "classification": "사회관계",
        "readAge": "유아",
        "form": "long-form",
        "plotSummaryText": "사관 학교에 입학한 지 얼마 되지 않아 아버지가 돌아가셨다는 연락이 왔지만, 나폴레옹은 훌륭한 군인이 되기 위해서 집으로 갈 수가 없었다.",
        "textWordEA": 20
      }
    },
    {
      "srcTextID": "103204",
      "srcText": "나폴레옹은 조세핀이라는 아름다운 여인과 결혼을 했어요. \"두 분의 결혼을 축하드립니다.\" 많은 사람들이 결혼을 축하했어요. 하지만 나폴레옹은 결혼을 하자마자 부인과 헤어져야 했어요.",
      "srcPage": 21,
      "srcSentenceEA": 4,
      "srcWordEA": 23,
      "character": "나폴레옹,조세핀,부인,사람들",
      "setting": null,
      "action": "결혼을 했어요,헤어져야",
      "feeling": null,
      "causalRelationship": null,
      "outcomeResolution": null,
      "prediction": null,
      "plotSummaryInfoCount": 1,
      "plotSummaryInfo": {
        "classification": "사회관계",
        "readAge": "유아",
        "form": "long-form",
        "plotSummaryText": "나폴레옹은 많은 사람들의 축복 속에 조세핀이라는 아름다운 여인과 결혼했지만, 결혼하자마자 부인과 헤어져야 했다.",
        "textWordEA": 13
      }
    },
    {
      "srcTextID": "98631",
      "srcText": "평화롭던 프랑스에 또다시 침입자가 나타났어요. 오스트리아가 프랑스를 위협했던 거예요. 나폴레옹은 이번에도 멋진 작전을 짰어요.",
      "srcPage": 25,
      "srcSentenceEA": 3,
      "srcWordEA": 16,
      "character": "침입자,나폴레옹",
      "setting": "프랑스,오스트리아",
      "action": "위협했던,작전을 짰어요",
      "feeling": null,
      "causalRelationship": null,
      "outcomeResolution": null,
      "prediction": null,
      "plotSummaryInfoCount": 1,
      "plotSummaryInfo": {
        "classification": "사회관계",
        "readAge": "유아",
        "form": "short-form",
        "plotSummaryText": "평화롭던 프랑스에 오스트리아가 침입했고, 나폴레옹은 이번에도 멋진 작전을 짰다.",
        "textWordEA": 9
      }
    },
    {
      "srcTextID": "98632",
      "srcText": "하지만 나폴레옹은 자신 있게 말했어요. \"나에게 불가능이란 없다! 나를 따르라!\" 프랑스 군사들은 나폴레옹의 뒤를 따랐습니다.",
      "srcPage": 27,
      "srcSentenceEA": 4,
      "srcWordEA": 17,
      "character": "나폴레옹,프랑스 군사들",
      "setting": null,
      "action": "말했어요,뒤를 따랐습니다",
      "feeling": null,
      "causalRelationship": null,
      "outcomeResolution": null,
      "prediction": null,
      "plotSummaryInfoCount": 1,
      "plotSummaryInfo": {
        "classification": "사회관계",
        "readAge": "유아",
        "form": "long-form",
        "plotSummaryText": "나폴레옹은 나에게 불가능이란 없다며 자신 있게 말했고, 프랑스 군사들은 나폴레옹의 뒤를 따랐다.",
        "textWordEA": 12
      }
    },
    {
      "srcTextID": "103212",
      "srcText": "프랑스의 군사력이 약해진 것을 알고 유럽의 많은 나라들이 공격해 왔어요. 나폴레옹은 있는 힘을 다해 싸웠어요. 아주 오랫동안 밀고 당기는 싸움이 계속되었지요. 그러나 유럽의 연합군을 이길 수가 없었답니다.",
      "srcPage": 32,
      "srcSentenceEA": 4,
      "srcWordEA": 30,
      "character": "나폴레옹,연합군",
      "setting": "프랑스",
      "action": "공격해 왔어요,싸웠어요,밀고 당기는, 이길 수",
      "feeling": null,
      "causalRelationship": null,
      "outcomeResolution": null,
      "prediction": null,
      "plotSummaryInfoCount": 1,
      "plotSummaryInfo": {
        "classification": "사회관계",
        "readAge": "유아",
        "form": "long-form",
        "plotSummaryText": "프랑스의 군사력이 약해지자, 유럽의 많은 나라들이 공격해 왔고, 나폴레옹은 있는 힘을 다해 싸웠지만, 유럽의 연합군은 이길 수가 없었다.",
        "textWordEA": 18
      }
    }
  ]
}