{
  "title": "세종 대왕",
  "author": "좋은글샘",
  "illustrator": "이경수",
  "isbn": "9788992636858",
  "publishedYear": 2007,
  "publisher": "교연아카데미",
  "paragraphInfoCount": 27,
  "paragraphInfo": [
    {
      "srcTextID": "97424",
      "srcText": "“형님, 사냥도 좋지만 공부도 열심히 해야 합니다.” 충녕은 양녕을 볼 때마다 이렇게 말했어요. 그러나 양녕은 누구의 말도 듣지 않았답니다. 한동안 고민에 빠져 있던 임금님은 드디어 큰 결정을 내렸어요. “충녕이 내 뒤를 잇게 하라.”",
      "srcPage": 6,
      "srcSentenceEA": 5,
      "srcWordEA": 36,
      "character": "형님,충녕,양녕,임금님",
      "setting": null,
      "action": "말했어요,듣지 않았답니다,내렸어요",
      "feeling": null,
      "causalRelationship": null,
      "outcomeResolution": null,
      "prediction": null,
      "plotSummaryInfoCount": 1,
      "plotSummaryInfo": {
        "classification": "사회관계",
        "readAge": "유아",
        "form": "long-form",
        "plotSummaryText": "충녕은 양녕을 볼 때마다 공부도 열심히 해야 한다고 말했지만 누구의 말도 듣지 않았고, 고민에 빠져 있던 임금님은 충녕이 자신의 뒤를 잇게 하라는 큰 결정을 내렸습니다.",
        "textWordEA": 25
      }
    },
    {
      "srcTextID": "100034",
      "srcText": "충녕은 스물두 살의 나이로 임금이 되었습니다. 이 분이 바로 한글을 만드신 세종 대왕이랍니다. 세종은 아버지의 뜻을 받들어 훌륭한 임금이 되고자 노력했지요.",
      "srcPage": 7,
      "srcSentenceEA": 3,
      "srcWordEA": 23,
      "character": "충녕,임금,세종 대왕,아버지",
      "setting": null,
      "action": "되었습니다,받들어,노력했지요",
      "feeling": null,
      "causalRelationship": null,
      "outcomeResolution": null,
      "prediction": null,
      "plotSummaryInfoCount": 1,
      "plotSummaryInfo": {
        "classification": "사회관계",
        "readAge": "유아",
        "form": "short-form",
        "plotSummaryText": "충녕은 스물두 살의 나이로 임금이 되었고 이 분이 바로 한글을 만든 세종 대왕입니다.",
        "textWordEA": 13
      }
    },
    {
      "srcTextID": "100033",
      "srcText": "또한 세종은 양녕을 생각하는 마음도 깊었어요. 나라의 큰 일을 결정해야 할 때는 반드시 양녕의 생각을 물었습니다. “형님 생각은 어떠신지요?” 세종은 항상 겸손했답니다.",
      "srcPage": 8,
      "srcSentenceEA": 4,
      "srcWordEA": 24,
      "character": "세종,양녕,형님",
      "setting": null,
      "action": "물었습니다,겸손했답니다",
      "feeling": null,
      "causalRelationship": null,
      "outcomeResolution": null,
      "prediction": null,
      "plotSummaryInfoCount": 1,
      "plotSummaryInfo": {
        "classification": "사회관계",
        "readAge": "유아",
        "form": "long-form",
        "plotSummaryText": "세종은 형님을 생각하는 마음도 깊어 나라의 큰일을 결정해야 할 때 반드시 양녕의 생각을 물었습니다.",
        "textWordEA": 14
      }
    },
    {
      "srcTextID": "97427",
      "srcText": "세종은 방문을 살짝 열어 보았어요. 그러나 선비는 책을 읽느라 임금님이 들어오는 것도 몰랐어요. 잠시 후, 선비는 깜빡 잠이 들었어요.",
      "srcPage": 11,
      "srcSentenceEA": 3,
      "srcWordEA": 21,
      "character": "세종,방문,선비,책,임금님",
      "setting": "잠시 후",
      "action": "열어 보았어요,읽느라,들어오는,잠이 들었어요",
      "feeling": null,
      "causalRelationship": null,
      "outcomeResolution": null,
      "prediction": null,
      "plotSummaryInfoCount": 1,
      "plotSummaryInfo": {
        "classification": "사회관계",
        "readAge": "유아",
        "form": "short-form",
        "plotSummaryText": "세종이 방문을 열어 보았지만, 책을 읽느라 임금님이 들어오는 것도 몰랐던 선비는 잠시 후 깜빡 잠이 들었습니다.",
        "textWordEA": 16
      }
    },
    {
      "srcTextID": "97426",
      "srcText": "세종은 나라를 잘 다스리기 위해서는 똑똑하고 현명한 사람이 많아야 한다고 생각했습니다. 그래서 시험을 통해 많은 인재를 뽑았어요. 그리고 훌륭한 학자들이 학문에만 열중할 수 있도록 집현전을 만들었어요. 집현전에는 매일 밤 불이 꺼지지 않았습니다. 세종은 집현전 학사들을 매우 아끼고 사랑했습니다.",
      "srcPage": 9,
      "srcSentenceEA": 5,
      "srcWordEA": 42,
      "character": "세종,사람,인재,학자들,학사들",
      "setting": "집현전,매일 밤",
      "action": "다스리기,생각했습니다,뽑았어요,열중할,만들었어요",
      "feeling": "아끼고 사랑했습니다",
      "causalRelationship": null,
      "outcomeResolution": null,
      "prediction": null,
      "plotSummaryInfoCount": 1,
      "plotSummaryInfo": {
        "classification": "사회관계",
        "readAge": "유아",
        "form": "long-form",
        "plotSummaryText": "세종은 나라를 잘 다스리기 위해 시험을 통해 많은 인재를 뽑았고 학문에만 열중할 수 있도록 집현전을 만들었고 학사들을 매우 아끼고 사랑했습니다.",
        "textWordEA": 20
      }
    },
    {
      "srcTextID": "97429",
      "srcText": "어느 추운 겨울날 밤 세종은 집현전 뜰을 거닐고 있었어요. 그러다가 집현전에서 새어 나오는 불빛을 보고 걸음을 멈추었어요. ‘이렇게 늦은 시간에 도대체 누굴까?’",
      "srcPage": 10,
      "srcSentenceEA": 3,
      "srcWordEA": 24,
      "character": "세종,불빛",
      "setting": "추운 겨울날 밤,집현전 뜰,집현전,늦은 시간",
      "action": "거닐고,보고,멈추었어요",
      "feeling": null,
      "causalRelationship": null,
      "outcomeResolution": null,
      "prediction": null,
      "plotSummaryInfoCount": 1,
      "plotSummaryInfo": {
        "classification": "사회관계",
        "readAge": "유아",
        "form": "short-form",
        "plotSummaryText": "추운 겨울날 밤 집현전 뜰을 거닐던 세종은 불빛을 보고 누구인지 궁금해 걸음을 멈췄습니다.",
        "textWordEA": 13
      }
    },
    {
      "srcTextID": "97428",
      "srcText": "세종은 자신의 옷을 벗어 선비의 몸을 따뜻하게 덮어 주었어요. 이른 새벽, 잠에서 깨어난 선비는 깜짝 놀랐어요. ‘아니, 내가 임금님의 옷을 덮고 자다니.’ 선비는 그제야 임금님이 다녀가신 것을 알고 감사의 눈물을 흘렸답니다.",
      "srcPage": 12,
      "srcSentenceEA": 4,
      "srcWordEA": 34,
      "character": "세종,옷,선비,임금님의 옷,임금님",
      "setting": "이른 새벽",
      "action": "벗어,덮어 주었어요,깨어난,덮고 자다니,다녀가신,흘렸답니다",
      "feeling": "깜짝 놀랐어요,감사의 눈물",
      "causalRelationship": null,
      "outcomeResolution": null,
      "prediction": null,
      "plotSummaryInfoCount": 1,
      "plotSummaryInfo": {
        "classification": "사회관계",
        "readAge": "유아",
        "form": "long-form",
        "plotSummaryText": "세종은 자기 옷을 벗어 선비를 덮어 주었고, 이른 새벽, 잠에서 깨어난 선비는 그제야 임금님이 다녀가신 것을 알고 감사의 눈물을 흘렸습니다.",
        "textWordEA": 20
      }
    },
    {
      "srcTextID": "97431",
      "srcText": "세종은 백성을 생각하는 마음이 깊었습니다. 어느 해 여름, 비가 너무 오지 않아 농부들이 애를 태우고 있었어요. 세종은 직접 논으로 나가 농부들을 만났습니다.",
      "srcPage": 13,
      "srcSentenceEA": 3,
      "srcWordEA": 24,
      "character": "세종,백성,비,농부들",
      "setting": "어느 해 여름,논",
      "action": "태우고,나가,만났습니다",
      "feeling": null,
      "causalRelationship": null,
      "outcomeResolution": null,
      "prediction": null,
      "plotSummaryInfoCount": 1,
      "plotSummaryInfo": {
        "classification": "사회관계",
        "readAge": "유아",
        "form": "short-form",
        "plotSummaryText": "백성을 생각하는 마음이 깊었던 세종은 어느 해 비가 너무 많이 오지 않아 직접 논으로 나가 농부들을 만났습니다.",
        "textWordEA": 17
      }
    },
    {
      "srcTextID": "97430",
      "srcText": "“언제 비가 올지 하늘만 쳐다보고 있습니다. 지난해는 비가 너무 많이 와서 농사를 망쳤는데, 올해는 비가 너무 오지 않아서 농사를 망치겠습니다.” 세종은 농부들의 마음을 달래 주고 싶었습니다.",
      "srcPage": 14,
      "srcSentenceEA": 3,
      "srcWordEA": 28,
      "character": "비,세종,농부들",
      "setting": "지난해는,올해는",
      "action": "쳐다보고,달래 주고",
      "feeling": null,
      "causalRelationship": null,
      "outcomeResolution": null,
      "prediction": null,
      "plotSummaryInfoCount": 1,
      "plotSummaryInfo": {
        "classification": "사회관계",
        "readAge": "유아",
        "form": "short-form",
        "plotSummaryText": "세종은 언제 비가 올지 하늘만 쳐다보고 있는 농부들의 마음을 달래주고 싶었습니다.",
        "textWordEA": 11
      }
    },
    {
      "srcTextID": "97433",
      "srcText": "궁궐로 돌아온 세종은 깊은 생각에 잠겼습니다. ‘농사를 잘 지으려면 날씨를 잘 알아야 하는데.’ 세종은 잠도 자지 않고 고민에 빠졌어요.",
      "srcPage": 15,
      "srcSentenceEA": 3,
      "srcWordEA": 21,
      "character": "세종",
      "setting": "궁궐",
      "action": "돌아온,생각에 잠겼습니다,알아야,자지 않고,빠졌어요",
      "feeling": null,
      "causalRelationship": null,
      "outcomeResolution": null,
      "prediction": null,
      "plotSummaryInfoCount": 1,
      "plotSummaryInfo": {
        "classification": "사회관계",
        "readAge": "유아",
        "form": "short-form",
        "plotSummaryText": "궁궐로 돌아온 세종은 농사를 잘 지으려면 날씨를 잘 알아야 한다는 생각에 잠도 자지 않고 고민에 빠졌습니다.",
        "textWordEA": 16
      }
    },
    {
      "srcTextID": "97432",
      "srcText": "‘옳지! 비의 양을 잴 수 있는 기구를 만들어 농사에 이용하면 되겠구나!’ 세종은 무엇이든 잘 만들기로 소문난 장영실을 불렀습니다. 장영실은 세종의 명을 받아 비의 양을 잴 수 있는 측우기를 만들었어요. 이 측우기는 세계에서 제일 먼저 만든 것이랍니다.",
      "srcPage": 16,
      "srcSentenceEA": 4,
      "srcWordEA": 40,
      "character": "비,기구,세종,장영실,측우기",
      "setting": null,
      "action": "만들어,불렀습니다,받아,만들었어요,만든",
      "feeling": null,
      "causalRelationship": null,
      "outcomeResolution": null,
      "prediction": null,
      "plotSummaryInfoCount": 1,
      "plotSummaryInfo": {
        "classification": "사회관계",
        "readAge": "유아",
        "form": "long-form",
        "plotSummaryText": "비의 양을 잴 수 있는 기구를 만들면 되겠다는 생각에 세종은 장영실을 불렀고, 세종의 명을 받은 장영실은 세계 최초로 측우기를 만들었습니다.",
        "textWordEA": 20
      }
    },
    {
      "srcTextID": "100031",
      "srcText": "어느 날 밤 어디가 아픈지 충녕의 울음이 그치지 않았어요. 업어도 보고, 젖을 줘 봐도 아무 소용이 없었어요. 그런데 옆에 있던 책을 보여 주자 충녕은 울음을 뚝 그쳤어요.",
      "srcPage": 2,
      "srcSentenceEA": 3,
      "srcWordEA": 29,
      "character": "충녕,책",
      "setting": "어느 날 밤",
      "action": "그치지 않았어요,업어도 보고,젖을 줘,보여 주자,그쳤어요",
      "feeling": null,
      "causalRelationship": null,
      "outcomeResolution": null,
      "prediction": null,
      "plotSummaryInfoCount": 1,
      "plotSummaryInfo": {
        "classification": "사회관계",
        "readAge": "유아",
        "form": "short-form",
        "plotSummaryText": "어느 날 밤 충녕의 울음이 아무리 달래도 그치지 않았는데, 책을 보여 주자 울음을 뚝 그쳤습니다.",
        "textWordEA": 15
      }
    },
    {
      "srcTextID": "97423",
      "srcText": "충녕은 잠시도 손에서 책을 놓지 않았어요. 매일 밤늦도록 책을 보던 충녕은 그만 병이 났어요. 임금님은 크게 걱정이 되었어요. “공부를 너무 열심히 해서 생긴 병이니라. 여기 있는 책을 모두 치우고 병이 나을 때까지 책을 보지 못하게 하라.”",
      "srcPage": 3,
      "srcSentenceEA": 5,
      "srcWordEA": 39,
      "character": "충녕,손,책,임금님",
      "setting": "매일 밤늦도록",
      "action": "놓지 않았어요,열심히 해서,치우고,보지 못하게 하라",
      "feeling": null,
      "causalRelationship": null,
      "outcomeResolution": null,
      "prediction": null,
      "plotSummaryInfoCount": 1,
      "plotSummaryInfo": {
        "classification": "사회관계",
        "readAge": "유아",
        "form": "long-form",
        "plotSummaryText": "충녕이 매일 밤늦도록 책을 보다가 병이 나자, 임금님은 크게 걱정이 되어 병이 나을 때까지 책을 보지 못하게 하였습니다.",
        "textWordEA": 18
      }
    },
    {
      "srcTextID": "97422",
      "srcText": "신하는 정성껏 충녕을 돌보았어요. 그러나 충녕의 병은 깊어만 갔어요. 하지만 몰래 숨겨 둔 책 한 권을 꺼내 읽은 충녕은 거짓말처럼 병이 다 나았답니다.",
      "srcPage": 4,
      "srcSentenceEA": 3,
      "srcWordEA": 25,
      "character": "신하,충녕,책 한 권",
      "setting": null,
      "action": "돌보았어요,숨겨 둔,꺼내 읽은,나았답니다",
      "feeling": null,
      "causalRelationship": null,
      "outcomeResolution": null,
      "prediction": null,
      "plotSummaryInfoCount": 1,
      "plotSummaryInfo": {
        "classification": "사회관계",
        "readAge": "유아",
        "form": "short-form",
        "plotSummaryText": "신하가 정성껏 돌보았지만, 충녕의 병이 낫지 않았는데 몰래 숨겨 둔 책 한 권을 꺼내 읽자 거짓말처럼 병이 나았습니다.",
        "textWordEA": 18
      }
    },
    {
      "srcTextID": "97425",
      "srcText": "충녕에게는 이 다음에 임금님이 될 큰형 양녕이 있었어요. 임금님이 되기 위해서는 공부도 열심히 하고, 행동도 올바르게 해야 했습니다. 그러나 양녕은 공부는 하지 않고, 사냥만 다녔어요.",
      "srcPage": 5,
      "srcSentenceEA": 3,
      "srcWordEA": 27,
      "character": "충녕,임금님,큰형 양녕",
      "setting": null,
      "action": "열심히 하고,올바르게 해야,다녔어요",
      "feeling": null,
      "causalRelationship": null,
      "outcomeResolution": null,
      "prediction": null,
      "plotSummaryInfoCount": 1,
      "plotSummaryInfo": {
        "classification": "사회관계",
        "readAge": "유아",
        "form": "short-form",
        "plotSummaryText": "충녕에게는 다음에 임금님이 될 큰형 양녕이 있었는데 공부는 하지 않고 사냥만 다녔습니다.",
        "textWordEA": 12
      }
    },
    {
      "srcTextID": "100032",
      "srcText": "임금님에게 세 번째 아들이 태어났어요. 임금님은 아들의 이름을 충녕이라고 지었어요. 충녕은 임금님의 사랑을 듬뿍 받으며 자랐어요.",
      "srcPage": 1,
      "srcSentenceEA": 3,
      "srcWordEA": 18,
      "character": "임금님,아들,충녕",
      "setting": null,
      "action": "태어났어요,지었어요,받으며,자랐어요",
      "feeling": null,
      "causalRelationship": null,
      "outcomeResolution": null,
      "prediction": null,
      "plotSummaryInfoCount": 1,
      "plotSummaryInfo": {
        "classification": "사회관계",
        "readAge": "유아",
        "form": "short-form",
        "plotSummaryText": "임금님의 세 번째 아들인 충녕은 임금님의 사랑을 받고 자랐습니다.",
        "textWordEA": 9
      }
    },
    {
      "srcTextID": "97442",
      "srcText": "나무나 쇠에 글자를 새겨 놓고 먹을 묻힌 다음 종이로 찍어 내면 손으로 쓰지 않고도 똑같은 글자를 계속해서 만들어 낼 수 있었습니다. 그래서 백성들은 누구나 쉽게 책을 구해 읽을 수 있게 되었답니다. 또 지금까지는 쓰지 못했던 이름을 글자로 쓰며 좋아했어요.",
      "srcPage": 26,
      "srcSentenceEA": 3,
      "srcWordEA": 41,
      "character": "나무,쇠,먹,종이,손,백성들,책",
      "setting": null,
      "action": "새겨 놓고,찍어 내면,쓰지,만들어,구해 읽을,쓰지 못했던,쓰며",
      "feeling": "좋아했어요",
      "causalRelationship": null,
      "outcomeResolution": null,
      "prediction": null,
      "plotSummaryInfoCount": 1,
      "plotSummaryInfo": {
        "classification": "사회관계",
        "readAge": "유아",
        "form": "short-form",
        "plotSummaryText": "나무나 쇠에 글자를 새겨 찍으면 계속해서 똑같은 글자를 만들 수 있었기 때문에, 백성들은 책을 쉽게 구할 수 있을 뿐만 아니라 자신의 이름도 쓸 수 있게 되어 좋아했습니다.",
        "textWordEA": 27
      }
    },
    {
      "srcTextID": "97436",
      "srcText": "어느 날, 세종은 장영실과 함께 서산으로 넘어가는 해를 바라보고 있었어요. “해가 지는 것을 보니, 이제 곧 밤이 오겠습니다.” 장영실의 말에 세종은 고개를 끄덕였어요.",
      "srcPage": 18,
      "srcSentenceEA": 3,
      "srcWordEA": 24,
      "character": "세종,장영실,해",
      "setting": "어느 날,서산,밤",
      "action": "바라보고,보니,끄덕였어요",
      "feeling": null,
      "causalRelationship": null,
      "outcomeResolution": null,
      "prediction": null,
      "plotSummaryInfoCount": 1,
      "plotSummaryInfo": {
        "classification": "사회관계",
        "readAge": "유아",
        "form": "short-form",
        "plotSummaryText": "서산에서 넘어가는 해를 보며 장영실이 해가 지는 것을 보니 곧 밤이 오겠다고 말하자 세종은 고개를 끄덕였습니다.",
        "textWordEA": 16
      }
    },
    {
      "srcTextID": "97438",
      "srcText": "이 말을 들은 세종은 가슴이 아팠습니다. 세종은 해마다 다르게 곡식을 바치게 했어요. 모든 백성들은 어진 임금님을 존경했답니다.",
      "srcPage": 21,
      "srcSentenceEA": 3,
      "srcWordEA": 19,
      "character": "세종,곡식,백성들,임금님",
      "setting": null,
      "action": "들은,바치게 했어요,존경했답니다",
      "feeling": "가슴이 아팠습니다",
      "causalRelationship": null,
      "outcomeResolution": null,
      "prediction": null,
      "plotSummaryInfoCount": 1,
      "plotSummaryInfo": {
        "classification": "사회관계",
        "readAge": "유아",
        "form": "short-form",
        "plotSummaryText": "그 말을 들은 세종은 해마다 다르게 곡식을 바치게 했고 모든 백성들은 어진 임금님을 존경했습니다.",
        "textWordEA": 14
      }
    },
    {
      "srcTextID": "97441",
      "srcText": "“백성들에게 빨리 이 글을 가르치도록 하시오.” 세종은 신하들에게 명령했어요. 그런데 한 신하가 반대를 하며 말했어요. “지금껏 써 온 한자를 버리고, 이렇게 쉬운 글을 쓰는 것은 선비의 도리가 아니라고 생각합니다.” 그러나 세종의 마음은 흔들리지 않았습니다.",
      "srcPage": 24,
      "srcSentenceEA": 5,
      "srcWordEA": 37,
      "character": "백성들,세종,신하들,선비",
      "setting": null,
      "action": "가르치도록 하시오,명령했어요,말했어요,버리고,쓰는,생각합니다",
      "feeling": null,
      "causalRelationship": null,
      "outcomeResolution": null,
      "prediction": null,
      "plotSummaryInfoCount": 1,
      "plotSummaryInfo": {
        "classification": "사회관계",
        "readAge": "유아",
        "form": "long-form",
        "plotSummaryText": "세종은 신하들에게 그 글을 백성들에게 가르치도록 명령했고, 한 신하가 반대했음에도 불구하고 세종의 마음은 흔들리지 않았습니다.",
        "textWordEA": 15
      }
    },
    {
      "srcTextID": "97435",
      "srcText": "세종은 장영실의 재주를 칭찬하고 많은 재물과 벼슬을 내렸습니다. 관아의 노비였던 장영실은 감사의 눈물을 흘렸어요. 장영실은 세종의 은혜에 보답하기 위해 재주를 아끼지 않았어요.",
      "srcPage": 17,
      "srcSentenceEA": 3,
      "srcWordEA": 24,
      "character": "세종,장영실,재물,노비",
      "setting": "관아",
      "action": "칭찬하고,흘렸어요,아끼지 않았어요",
      "feeling": "감사",
      "causalRelationship": null,
      "outcomeResolution": null,
      "prediction": null,
      "plotSummaryInfoCount": 1,
      "plotSummaryInfo": {
        "classification": "사회관계",
        "readAge": "유아",
        "form": "short-form",
        "plotSummaryText": "세종은 관아 노비였던 장영실에게 많은 재물과 벼슬을 내렸고, 그는 세종의 은혜에 보답하기 위해 재주를 아끼지 않았습니다.",
        "textWordEA": 16
      }
    },
    {
      "srcTextID": "97439",
      "srcText": "그 당시 우리 나라는 중국의 한자를 빌려 쓰고 있었습니다. 공부를 하지 않은 백성들은 한자가 어려워 제대로 읽을 수도, 쓸 수도 없었지요. 세종은 우리글을 만들어야겠다고 생각했어요. “모든 백성들이 쉽게 배울 수 있는 우리글을 만들어야 하오.”",
      "srcPage": 22,
      "srcSentenceEA": 4,
      "srcWordEA": 36,
      "character": "백성들,세종,한자",
      "setting": "그 당시,우리 나라,중국",
      "action": "빌려 쓰고,읽을,쓸,만들어야겠다고 생각했어요,배울,만들어야 하오",
      "feeling": null,
      "causalRelationship": null,
      "outcomeResolution": null,
      "prediction": null,
      "plotSummaryInfoCount": 1,
      "plotSummaryInfo": {
        "classification": "사회관계",
        "readAge": "유아",
        "form": "long-form",
        "plotSummaryText": "당시 우리 나라는 중국의 한자를 빌려 쓰고 있었기 때문에, 백성들이 한자를 읽거나 쓸 수도 없어서 세종은 우리글을 만들어야겠다고 생각했습니다.",
        "textWordEA": 19
      }
    },
    {
      "srcTextID": "97434",
      "srcText": "‘해가 시간을 알려 주는구나.’ 세종은 해시계를 생각했습니다. 그러자 장영실은 해시계를 만들어 냈어요.",
      "srcPage": 19,
      "srcSentenceEA": 3,
      "srcWordEA": 14,
      "character": "해,세종,해시계,장영실",
      "setting": null,
      "action": "생각했습니다,만들어 냈어요",
      "feeling": null,
      "causalRelationship": null,
      "outcomeResolution": null,
      "prediction": null,
      "plotSummaryInfoCount": 1,
      "plotSummaryInfo": {
        "classification": "사회관계",
        "readAge": "유아",
        "form": "short-form",
        "plotSummaryText": "세종이 해가 시간을 알려준다며 해시계를 생각하고 장영실은 해시계를 만들어 냈습니다.",
        "textWordEA": 10
      }
    },
    {
      "srcTextID": "97437",
      "srcText": "세종은 항상 백성들의 소리에 귀를 기울였어요. “농사가 잘된 해나 잘 못 된 해나 나라에 바치는 곡식이 똑같습니다. 그러니 농사를 망친 해는 곡식을 바치고 나면 백성들은 굶어 죽을 지경입니다.”",
      "srcPage": 20,
      "srcSentenceEA": 3,
      "srcWordEA": 29,
      "character": "세종,백성들,귀,곡식",
      "setting": null,
      "action": "기울였어요,바치고,굶어 죽을",
      "feeling": null,
      "causalRelationship": null,
      "outcomeResolution": null,
      "prediction": null,
      "plotSummaryInfoCount": 1,
      "plotSummaryInfo": {
        "classification": "사회관계",
        "readAge": "유아",
        "form": "short-form",
        "plotSummaryText": "세종은 매해 나라에 바치는 곡식이 똑같으니, 농사를 망친 해는 백성들이 굶어 죽을 지경이라는 소리에도 귀를 기울였습니다.",
        "textWordEA": 16
      }
    },
    {
      "srcTextID": "97440",
      "srcText": "세종은 집현전 학사들과 함께 우리글을 만들기 위해 열심히 연구했습니다. “가, 나, 다, 라.” 드디어 우리글이 완성되었습니다. 세종은 몹시 기뻤습니다.",
      "srcPage": 23,
      "srcSentenceEA": 4,
      "srcWordEA": 21,
      "character": "세종,집현전 학사들",
      "setting": null,
      "action": "연구했습니다,완성되었습니다",
      "feeling": "기뻤습니다",
      "causalRelationship": null,
      "outcomeResolution": null,
      "prediction": null,
      "plotSummaryInfoCount": 1,
      "plotSummaryInfo": {
        "classification": "사회관계",
        "readAge": "유아",
        "form": "long-form",
        "plotSummaryText": "세종은 집현전 학사들과 함께 우리글을 만들기 위해 열심히 연구해 결국 우리글을 완성하고 몹시 기뻐했습니다.",
        "textWordEA": 14
      }
    },
    {
      "srcTextID": "100035",
      "srcText": "세종은 언제나 백성들을 위해 나라를 다스렸습니다. 백성들이 편안하고 행복한 것이 자신의 행복이라고 생각했지요. 그러나, 얼마 후 세종은 그만 병이 들고 말았어요. 온 나라가 슬픔에 잠겼어요. 세종이 세상을 떠나자 백성들은 어버이를 잃은 듯 슬프게 울었습니다.",
      "srcPage": 27,
      "srcSentenceEA": 5,
      "srcWordEA": 38,
      "character": "세종,백성들,어버이",
      "setting": "온 나라",
      "action": "다스렸습니다,생각했지요,떠나자,울었습니다",
      "feeling": "슬픔에,슬프게",
      "causalRelationship": null,
      "outcomeResolution": null,
      "prediction": null,
      "plotSummaryInfoCount": 1,
      "plotSummaryInfo": {
        "classification": "사회관계",
        "readAge": "유아",
        "form": "long-form",
        "plotSummaryText": "언제나 백성들을 위해 나라를 다스린 세종이 그만 병이 들어 세상을 떠나자, 백성들은 어버이를 잃은 듯 슬프게 울었습니다.",
        "textWordEA": 17
      }
    },
    {
      "srcTextID": "97443",
      "srcText": "세종은 온 백성에게 새로 만든 우리글을 쓰도록 명령했어요. 그러나 백성들이 글을 배우기 위해서는 시간이 너무 많이 걸렸어요. 많은 책을 손으로 하나하나 베껴 써야 했기 때문이지요. 그래서 세종은 한꺼번에 여러 장을 베낄 수 있는 글자판을 만들었어요.",
      "srcPage": 25,
      "srcSentenceEA": 4,
      "srcWordEA": 38,
      "character": "세종,백성,책,손,글자판",
      "setting": null,
      "action": "명령했어요,베껴 써야,만들었어요,베낄",
      "feeling": null,
      "causalRelationship": null,
      "outcomeResolution": null,
      "prediction": null,
      "plotSummaryInfoCount": 1,
      "plotSummaryInfo": {
        "classification": "사회관계",
        "readAge": "유아",
        "form": "long-form",
        "plotSummaryText": "백성들이 글을 배우기 위해서는 많은 책을 손으로 베껴 써야 해 시간이 너무 많이 걸리자, 세종은 한꺼번에 여러 장을 베낄 수 있는 글자판을 만들었습니다.",
        "textWordEA": 23
      }
    }
  ]
}