{
  "title": "주시경",
  "author": "전경숙",
  "illustrator": "박문희",
  "isbn": "9788992636865",
  "publishedYear": 2007,
  "publisher": "교연아카데미",
  "paragraphInfoCount": 27,
  "paragraphInfo": [
    {
      "srcTextID": "95556",
      "srcText": "상호가 커다란 미루나무 아래서 발을 돋우고 키 재기를 하고 있네요. \"어서 커라. 어서 커라. 할 일이 많으니 어서 커라.\" 노래까지 지어 부르는 것을 보니 빨리 어른이 되고 싶은가 봐요.",
      "srcPage": 1,
      "srcSentenceEA": 5,
      "srcWordEA": 32,
      "character": "상호,발,어른",
      "setting": "미루나무 아래서",
      "action": "돋우고,커라,지어 부르는",
      "feeling": null,
      "causalRelationship": null,
      "outcomeResolution": null,
      "prediction": null,
      "plotSummaryInfoCount": 1,
      "plotSummaryInfo": {
        "classification": "사회관계",
        "readAge": "유아",
        "form": "long-form",
        "plotSummaryText": "상호가 빨리 어른이 되고 싶어 노래까지 지어 부르며 커다란 미루나무 아래서 발을 돋우고 키 재기를 하고 있어요.",
        "textWordEA": 17
      }
    },
    {
      "srcTextID": "95580",
      "srcText": "그런데 큰아버지의 표정이 무척 슬퍼 보였어요. 전염병으로 아들과 딸을 모두 잃었기 때문이래요. \"상호야, 나를 따라 서울에 가서 살지 않겠니?\" \"서울에서요?\" 상호는 큰아버지의 외로움을 덜어드리기 위해 서울로 가게 되었답니다.",
      "srcPage": 11,
      "srcSentenceEA": 4,
      "srcWordEA": 30,
      "character": "큰아버지,아들,딸,상호,나",
      "setting": "서울",
      "action": "잃었기,따라,가서 살지,덜어드리기,가게",
      "feeling": "슬퍼,외로움",
      "causalRelationship": "그런데 큰아버지의 표정이 무척 슬퍼 보였어요. 전염병으로 아들과 딸을 모두 잃었기 때문이래요.",
      "outcomeResolution": null,
      "prediction": null,
      "plotSummaryInfoCount": 1,
      "plotSummaryInfo": {
        "classification": "사회관계",
        "readAge": "유아",
        "form": "long-form",
        "plotSummaryText": "전염병으로 아들과 딸을 모두 잃은 큰아버지의 표정이 무척 슬퍼 보였고 상호는 큰아버지의 외로움을 덜어드리기 위해 서울로 가게 되었어요.",
        "textWordEA": 18
      }
    },
    {
      "srcTextID": "95558",
      "srcText": "상호를 낳기 전에 어머니는 아주 신기한 꿈을 꾸었대요. \"이것은 나라의 소중한 보배가 될 것이니 정성껏 잘 기르도록 해라!\" 산신령님이 꿈속에 나타나서 하얀 꿩을 선물로 준 거예요.",
      "srcPage": 2,
      "srcSentenceEA": 3,
      "srcWordEA": 27,
      "character": "상호,어머니,산신령,하얀 꿩",
      "setting": "낳기 전,나라,꿈속",
      "action": "꿈을 꾸었대요,기르도록,나타나서,준",
      "feeling": null,
      "causalRelationship": null,
      "outcomeResolution": null,
      "prediction": null,
      "plotSummaryInfoCount": 1,
      "plotSummaryInfo": {
        "classification": "사회관계",
        "readAge": "유아",
        "form": "short-form",
        "plotSummaryText": "상호를 낳기 전 어머니는 꿈에서 산신령님이 나타나서 정성껏 잘 기르라며 선물로 준 하얀 꿩을 받는 신기한 꿈을 꾸었어요.",
        "textWordEA": 18
      }
    },
    {
      "srcTextID": "95566",
      "srcText": "\"잘못했습니다. 친구들은 잘못이 없으니 용서해 주세요!\" \"허허, 고 녀석!\" 상호의 용기에 주인의 노여움은 봄눈 녹듯이 사르르 녹아 버렸답니다.",
      "srcPage": 6,
      "srcSentenceEA": 3,
      "srcWordEA": 20,
      "character": "친구들,녀석,상호,주인,봄눈",
      "setting": null,
      "action": "용서해 주세요,녹아 버렸답니다",
      "feeling": "노여움",
      "causalRelationship": null,
      "outcomeResolution": null,
      "prediction": null,
      "plotSummaryInfoCount": 1,
      "plotSummaryInfo": {
        "classification": "사회관계",
        "readAge": "유아",
        "form": "short-form",
        "plotSummaryText": "잘못했다며 친구들을 용서해 달라고 부탁하는 상호의 용기에 주인의 노여움은 봄눈 녹듯이 사르르 녹아 버렸어요.",
        "textWordEA": 14
      }
    },
    {
      "srcTextID": "95575",
      "srcText": "\"저기 좀 봐. 덜렁봉에 하늘이 닿았어.\" 상호의 말에 아이들은 모두 덜렁봉으로 달려갔어요. 하늘 높이 덜렁 솟아있는 덜렁봉에 오르면, 하늘을 만질 수 있을 것 같았거든요. 하지만 덜렁봉은 너무 높고 길도 험했답니다.",
      "srcPage": 7,
      "srcSentenceEA": 5,
      "srcWordEA": 34,
      "character": "상호,아이들,하늘,길",
      "setting": "덜렁봉",
      "action": "닿았어,달려갔어요,오르면,만질",
      "feeling": null,
      "causalRelationship": null,
      "outcomeResolution": null,
      "prediction": null,
      "plotSummaryInfoCount": 1,
      "plotSummaryInfo": {
        "classification": "사회관계",
        "readAge": "유아",
        "form": "long-form",
        "plotSummaryText": "오르기에는 높고 길도 험하지만 하늘을 만질 수 있을 것처럼 하늘 높이 솟은 덜렁봉으로 상호와 아이들은 모두 달려갔어요.",
        "textWordEA": 17
      }
    },
    {
      "srcTextID": "95581",
      "srcText": "어느 날 서울에 사는 큰 아버지가 내려오셨어요. \"우리 상호가 많이 컸구나!\" 큰아버지는 상호의 머리를 쓰다듬어 주셨지요.",
      "srcPage": 10,
      "srcSentenceEA": 3,
      "srcWordEA": 17,
      "character": "큰 아버지,상호,머리",
      "setting": "서울",
      "action": "내려오셨어요,컸구나,쓰다듬어 주셨지요",
      "feeling": null,
      "causalRelationship": null,
      "outcomeResolution": null,
      "prediction": null,
      "plotSummaryInfoCount": 1,
      "plotSummaryInfo": {
        "classification": "사회관계",
        "readAge": "유아",
        "form": "short-form",
        "plotSummaryText": "서울에 사는 큰아버지가 내려오셔서는 상호가 많이 컸다며 머리를 쓰다듬어 주셨지요.",
        "textWordEA": 10
      }
    },
    {
      "srcTextID": "95591",
      "srcText": "주시경은 '동문 동식회'라는 모임을 만들었어요. '언문'이나 '암글'로 낮추어 부르던 우리글에 '한글'이라는 훌륭한 이름도 지어주었지요. '한글'은 한민족의 크고 바른 글이라는 뜻입니다.",
      "srcPage": 16,
      "srcSentenceEA": 5,
      "srcWordEA": 25,
      "character": "주시경,동문 동식회,한글,한민족",
      "setting": null,
      "action": "만들었어요,부르던,지어주었지요,낮추어",
      "feeling": null,
      "causalRelationship": null,
      "outcomeResolution": null,
      "prediction": null,
      "plotSummaryInfoCount": 1,
      "plotSummaryInfo": {
        "classification": "사회관계",
        "readAge": "유아",
        "form": "long-form",
        "plotSummaryText": "주시경은 동문 동식회라는 모임을 만들고 언문이나 암글로 낮추어 부르던 우리글에 한민족의 크고 바른 글이라는 뜻인 한글이라는 훌륭한 이름을 지어주었어요.",
        "textWordEA": 19
      }
    },
    {
      "srcTextID": "95593",
      "srcText": "배재 학당에는 서재필이라는 선생님이 계셨어요. \"일본의 나쁜 짓을 많은 사람들에게 알려야 해!\" 서재필 박사는 주시경에게 신문 만드는 일을 도와 달라고 했어요.",
      "srcPage": 17,
      "srcSentenceEA": 3,
      "srcWordEA": 22,
      "character": "서재필,선생님,일본,사람들,박사,주시경,신문",
      "setting": "배재 학당",
      "action": "알려야,만드는,도와 달라고",
      "feeling": null,
      "causalRelationship": null,
      "outcomeResolution": null,
      "prediction": null,
      "plotSummaryInfoCount": 1,
      "plotSummaryInfo": {
        "classification": "사회관계",
        "readAge": "유아",
        "form": "short-form",
        "plotSummaryText": "배재 학당의 서재필 박사는 일본의 나쁜 짓을 사람들에게 알리기 위해 주시경에게 신문 만드는 일을 도와 달라고 했어요.",
        "textWordEA": 17
      }
    },
    {
      "srcTextID": "95600",
      "srcText": "주시경은 '만민 공동회'라는 연설회를 통해 독립 협회의 억울함을 알렸어요. \"옳소! 죄 없는 독립 협회 간부들을 풀어 주시오!\" 구름처럼 몰려든 사람들이 주시경을 따라 소리쳤지요. 그 덕분에 독립 협회의 간부들은 모두 풀려났답니다.",
      "srcPage": 22,
      "srcSentenceEA": 5,
      "srcWordEA": 34,
      "character": "주시경,만민 공동회,독립 협회 간부들,사람들",
      "setting": null,
      "action": "알렸어요,풀어 주시오,몰려든,소리쳤지요,풀려났답니다",
      "feeling": "억울함",
      "causalRelationship": null,
      "outcomeResolution": null,
      "prediction": null,
      "plotSummaryInfoCount": 1,
      "plotSummaryInfo": {
        "classification": "사회관계",
        "readAge": "유아",
        "form": "long-form",
        "plotSummaryText": "주시경은 만민 공동회라는 연설회를 통해 독립 협회의 억울함을 알렸고 많은 사람들이 주시경을 따라 외친 덕분에 독립 협회의 간부들은 모두 풀려났어요.",
        "textWordEA": 20
      }
    },
    {
      "srcTextID": "95605",
      "srcText": "학생들은 주시경을 '주보따리'라고 불렀어요. 항상 책 보따리를 옆에 끼고 다녔기 때문이지요. 또 다른 별명은 '두루때글'이었어요. 한글을 사랑하는 주시경의 한자 이름을 풀이한 것이랍니다.",
      "srcPage": 24,
      "srcSentenceEA": 5,
      "srcWordEA": 27,
      "character": "학생들,주시경,주보따리,책 보따리,두루때글",
      "setting": "옆",
      "action": "불렀어요,끼고 다녔기,풀이한",
      "feeling": null,
      "causalRelationship": "학생들은 주시경을 '주보따리'라고 불렀어요. 항상 책 보따리를 옆에 끼고 다녔기 때문이지요.",
      "outcomeResolution": null,
      "prediction": null,
      "plotSummaryInfoCount": 1,
      "plotSummaryInfo": {
        "classification": "사회관계",
        "readAge": "유아",
        "form": "long-form",
        "plotSummaryText": "학생들은 주시경이 항상 책 보따리를 옆에 끼고 다녀서 주보따리라고 부르기도 하고 한자 이름을 풀이하여 두루때글 이라고 부르기도 했어요.",
        "textWordEA": 18
      }
    },
    {
      "srcTextID": "95607",
      "srcText": "\"주시경 선생의 뜻을 이어 우리말 큰 사전을 완성하도록 합시다!\" 죽는 날까지도 한글 연구에 온 힘을 기울였던 주시경의 소망은 많은 사람들에게 이어졌어요. 오늘날 우리가 편하게 우리글을 사용할 수 있는 것은 주시경과 그 뜻을 이어받은 제자들의 노력 덕분이랍니다.",
      "srcPage": 27,
      "srcSentenceEA": 3,
      "srcWordEA": 38,
      "character": "주시경 선생,우리말 큰 사전,사람들,우리,제자들",
      "setting": "죽는 날까지도,오늘날",
      "action": "이어,완성하도록 합시다,기울였던,이어졌어요,사용할,이어받은",
      "feeling": null,
      "causalRelationship": null,
      "outcomeResolution": null,
      "prediction": null,
      "plotSummaryInfoCount": 1,
      "plotSummaryInfo": {
        "classification": "사회관계",
        "readAge": "유아",
        "form": "short-form",
        "plotSummaryText": "한글 연구에 온 힘을 기울였던 주시경의 소망은 많은 사람들에게 이어졌고 지금 우리가 편하게 우리글을 사용할 수 있는 것은 그와 그의 뜻을 이어받은 제자들의 노력 덕분이에요.",
        "textWordEA": 25
      }
    },
    {
      "srcTextID": "95557",
      "srcText": "그리고 열 달 후 상호가 태어났답니다. \"하하하, 산신령님이 주신 아이니 나라의 보배가 되도록 잘 키웁시다.\" 아버지는 초롱초롱한 상호의 눈을 보며 매우 기뻐했지요.",
      "srcPage": 3,
      "srcSentenceEA": 3,
      "srcWordEA": 23,
      "character": "상호,산신령,아이,아버지,상호의 눈",
      "setting": "열 달 후",
      "action": "태어났답니다,주신,키웁시다,보며",
      "feeling": "기뻐했지요",
      "causalRelationship": null,
      "outcomeResolution": null,
      "prediction": null,
      "plotSummaryInfoCount": 1,
      "plotSummaryInfo": {
        "classification": "사회관계",
        "readAge": "유아",
        "form": "short-form",
        "plotSummaryText": "열 달 후 상호가 태어났고 산신령님이 주신 아이니 나라의 보배가 되도록 잘 키우자며 아버지는 기뻐했지요.",
        "textWordEA": 15
      }
    },
    {
      "srcTextID": "95567",
      "srcText": "동네 꼬마들이 집짓기 놀이를 하고 있었어요. 수수깡으로 누가 먼저 집을 짓는가 하는 놀이예요. 그런데 그만 수수깡 주인에게 들키고 말았어요.",
      "srcPage": 4,
      "srcSentenceEA": 3,
      "srcWordEA": 21,
      "character": "동네 꼬마들,수수깡,집,주인",
      "setting": null,
      "action": "놀이를 하고,짓는가,들키고",
      "feeling": null,
      "causalRelationship": null,
      "outcomeResolution": null,
      "prediction": null,
      "plotSummaryInfoCount": 1,
      "plotSummaryInfo": {
        "classification": "사회관계",
        "readAge": "유아",
        "form": "short-form",
        "plotSummaryText": "동네 꼬마들이 수수깡으로 누가 먼저 집을 짓는가 하는 집짓기 놀이를 하고 있었는데 그만 수수깡 주인에게 들키고 말았어요.",
        "textWordEA": 17
      }
    },
    {
      "srcTextID": "95565",
      "srcText": "\"아니, 이 녀석들아! 뭘 하는 게냐?\" 아이들은 슬금슬금 뒷걸음질을 쳤지요. 그때 상호가 한 걸음 앞으로 나섰어요.",
      "srcPage": 5,
      "srcSentenceEA": 4,
      "srcWordEA": 19,
      "character": "녀석들,아이들,상호",
      "setting": null,
      "action": "뒷걸음질을 쳤지요,나섰어요",
      "feeling": null,
      "causalRelationship": null,
      "outcomeResolution": null,
      "prediction": null,
      "plotSummaryInfoCount": 1,
      "plotSummaryInfo": {
        "classification": "사회관계",
        "readAge": "유아",
        "form": "long-form",
        "plotSummaryText": "아이들은 슬금슬금 뒷걸음질을 쳤지만, 상호는 한 걸음 앞으로 나섰어요.",
        "textWordEA": 9
      }
    },
    {
      "srcTextID": "95574",
      "srcText": "\"아야! 발에 가시가 박혔나 봐.\" \"무서워, 그만 돌아가자.\" 어느새 아이들은 하나 둘 집으로 돌아가고 상호만 남게 되었어요. '혼자서라도 꼭대기까지 가고 말 테야!'",
      "srcPage": 8,
      "srcSentenceEA": 4,
      "srcWordEA": 24,
      "character": "발,가시,아이들,집,상호",
      "setting": "꼭대기",
      "action": "박혔나,돌아가자,돌아가고,남게 되었어요,가고",
      "feeling": "무서워",
      "causalRelationship": null,
      "outcomeResolution": null,
      "prediction": null,
      "plotSummaryInfoCount": 1,
      "plotSummaryInfo": {
        "classification": "사회관계",
        "readAge": "유아",
        "form": "long-form",
        "plotSummaryText": "어느새 아이들은 발에 가시가 박히거나 무서워 하나둘 집으로 돌아가고 상호만 남았어요. ",
        "textWordEA": 11
      }
    },
    {
      "srcTextID": "95576",
      "srcText": "마침내 덜렁봉 꼭대기에 도착한 상호는 두 팔을 뻗어 보았어요. 하늘을 만질 수는 없었지만 상호의 키가 한 뼘쯤 더 커 있었지요. 물론 상호의 마음도 훌쩍 자라 있었고요.",
      "srcPage": 9,
      "srcSentenceEA": 3,
      "srcWordEA": 28,
      "character": "상호,두 팔,하늘",
      "setting": "덜렁봉 꼭대기",
      "action": "도착한,뻗어 보았어요,만질,자라",
      "feeling": null,
      "causalRelationship": null,
      "outcomeResolution": null,
      "prediction": null,
      "plotSummaryInfoCount": 1,
      "plotSummaryInfo": {
        "classification": "사회관계",
        "readAge": "유아",
        "form": "short-form",
        "plotSummaryText": "덜렁봉 꼭대기에 도착한 상호가 두 팔을 뻗어도 하늘을 만질 수는 없었지만 키가 한 뼘쯤 더 커 있었고 상호의 마음도 훌쩍 자라 있었어요.",
        "textWordEA": 22
      }
    },
    {
      "srcTextID": "95583",
      "srcText": "하지만 제대로 공부를 할 수 없었어요. '아, 나도 저분께 글을 배울 수 있다면 좋을 텐데.' 상호는 학식이 높기로 소문난 이진사에게 글을 배우고 싶었어요. 어느 날 이진사가 상호를 불렀어요. \"내일부터 글을 배우러 오너라!\"",
      "srcPage": 13,
      "srcSentenceEA": 5,
      "srcWordEA": 34,
      "character": "나,저분,상호,이진사",
      "setting": "내일",
      "action": "공부를 할 수 없었어요,배울,배우고,불렀어요,오너라,배우러",
      "feeling": null,
      "causalRelationship": null,
      "outcomeResolution": null,
      "prediction": null,
      "plotSummaryInfoCount": 1,
      "plotSummaryInfo": {
        "classification": "사회관계",
        "readAge": "유아",
        "form": "long-form",
        "plotSummaryText": "제대로 공부할 수 없었던 상호는 학식이 높기로 소문난 이진사에게 글을 배우고 싶었는데 어느 날 이진사가 상호를 불러 내일부터 글을 배우러 오라고 말했습니다.",
        "textWordEA": 22
      }
    },
    {
      "srcTextID": "95588",
      "srcText": "상호의 실력은 부쩍부쩍 늘었지요. 그런데 글을 배울수록 이상한 생각이 들었어요. '왜 우리글을 두고 어려운 한자를 배우는 걸까? 글을 읽고 쓰기에 편해야 하는 건데. 그래! 소리 나는 대로 적을 수 있는 우리글을 연구해 보는 거야!'",
      "srcPage": 14,
      "srcSentenceEA": 6,
      "srcWordEA": 38,
      "character": "상호,한자",
      "setting": null,
      "action": "늘었지요,배울수록,생각이 들었어요,두고,배우는,읽고 쓰기,적을,연구해 보는",
      "feeling": null,
      "causalRelationship": null,
      "outcomeResolution": null,
      "prediction": null,
      "plotSummaryInfoCount": 1,
      "plotSummaryInfo": {
        "classification": "사회관계",
        "readAge": "유아",
        "form": "long-form",
        "plotSummaryText": "상호의 실력은 부쩍부쩍 늘었지만, 글은 읽고 쓰기에 편해야 하는 거라며 소리 나는 대로 적을 수 있는 우리글을 연구해 보기로 했어요.",
        "textWordEA": 20
      }
    },
    {
      "srcTextID": "95590",
      "srcText": "상호는 우리글을 연구하기로 결심했어요. 이름도 주시경으로 바꾸고 머리카락도 잘랐지요. 그리고 배재 학당에 들어가서 신학문을 배웠어요. '우리글을 함께 연구할 친구들을 모으자!'",
      "srcPage": 15,
      "srcSentenceEA": 4,
      "srcWordEA": 22,
      "character": "상호,주시경,머리카락,친구들",
      "setting": "배재 학당",
      "action": "결심했어요,바꾸고,잘랐지요,들어가서,배웠어요,모으자",
      "feeling": null,
      "causalRelationship": null,
      "outcomeResolution": null,
      "prediction": null,
      "plotSummaryInfoCount": 1,
      "plotSummaryInfo": {
        "classification": "사회관계",
        "readAge": "유아",
        "form": "long-form",
        "plotSummaryText": "상호는 이름을 주시경으로 바꾸고 우리글을 연구하기로 결심한 후 배재 학당에 들어가서 신학문을 배워 함께 연구할 친구들을 모으기로 했어요.",
        "textWordEA": 18
      }
    },
    {
      "srcTextID": "95592",
      "srcText": "\"선생님, 신문의 이름을 뭐라고 할까요?\" \"음, '독립신문'이 어떤가? 세 면은 한글로 하고, 한 면은 외국 사람들도 볼 수 있게 영어로 하면 좋겠군!\" 독립신문은 많은 사람들에게 나라와 우리글의 소중함을 일깨워 주었답니다.",
      "srcPage": 18,
      "srcSentenceEA": 4,
      "srcWordEA": 33,
      "character": "선생님,신문,외국 사람들,독립신문,사람들,나라",
      "setting": null,
      "action": "할까요,볼,일깨워 주었답니다",
      "feeling": null,
      "causalRelationship": null,
      "outcomeResolution": null,
      "prediction": null,
      "plotSummaryInfoCount": 1,
      "plotSummaryInfo": {
        "classification": "사회관계",
        "readAge": "유아",
        "form": "long-form",
        "plotSummaryText": "독립신문의 세 면은 한글로 하고, 한 면은 외국 사람들도 볼 수 있게 영어로 발행되었고 많은 사람들에게 나라와 우리글의 소중함을 일깨워 주었어요.",
        "textWordEA": 21
      }
    },
    {
      "srcTextID": "95594",
      "srcText": "서재필 박사와 주시경은 '독립 협회'를 만들고 나라를 되찾는 일에 온 힘을 기울였어요. 독립 협회에는 많은 사람들이 몰려들었어요. 공부하는 학생이나 물건을 파는 장사꾼, 집에 있는 아주머니까지 뜻을 함께했지요. 독립 협회에서는 국민들의 마음을 하나로 모으기 위해 '독립문'을 세우기도 했어요. 국민들은 독립문을 바라보며 나라의 독립을 소망했답니다.",
      "srcPage": 19,
      "srcSentenceEA": 8,
      "srcWordEA": 49,
      "character": "서재필 박사,주시경,사람들,학생,장사꾼,물건,아주머니,국민들",
      "setting": "독립 협회,독립문",
      "action": "만들고,기울였어요,몰려들었어요,공부하는,파는,함께했지요,모으기,세우기도,바라보며,소망했답니다",
      "feeling": null,
      "causalRelationship": null,
      "outcomeResolution": null,
      "prediction": null,
      "plotSummaryInfoCount": 1,
      "plotSummaryInfo": {
        "classification": "사회관계",
        "readAge": "유아",
        "form": "long-form",
        "plotSummaryText": "서재필 박사와 주시경은 많은 사람들이 뜻을 함께한 독립 협회를 만들고 나라를 되찾는 일에 온 힘을 기울였으며 국민들의 마음을 하나로 모으기 위해 독립문을 세웠어요.",
        "textWordEA": 23
      }
    },
    {
      "srcTextID": "95599",
      "srcText": "\"독립 협회를 그냥 두면 우리가 위험하겠소.\" \"독립 협회를 없애 버립시다!\" 못된 관리들은 '황국 협회'라는 단체를 만들어 독립 협회를 괴롭혔어요.",
      "srcPage": 20,
      "srcSentenceEA": 5,
      "srcWordEA": 21,
      "character": "우리,독립 협회,못된 관리들,황국 협회",
      "setting": null,
      "action": "만들어,괴롭혔어요",
      "feeling": null,
      "causalRelationship": null,
      "outcomeResolution": null,
      "prediction": null,
      "plotSummaryInfoCount": 1,
      "plotSummaryInfo": {
        "classification": "사회관계",
        "readAge": "유아",
        "form": "long-form",
        "plotSummaryText": "못된 관리들은 독립 협회를 그냥 두면 그들이 위험하다며 황국 협회라는 단체를 만들어 독립 협회를 괴롭혔어요.",
        "textWordEA": 15
      }
    },
    {
      "srcTextID": "95601",
      "srcText": "황국 협회는 독립 협회 사무실을 부수고 간부들을 잡아다 감옥에 가두었답니다. \"나라의 독립을 위해 애쓰는 사람들이오. 독립 협회 간부들을 당장 풀어 주시오!\"",
      "srcPage": 21,
      "srcSentenceEA": 3,
      "srcWordEA": 22,
      "character": "황국 협회,간부들,사람들,나라",
      "setting": "감옥,독립 협회 사무실",
      "action": "부수고,잡아다,가두었답니다,애쓰는,풀어 주시오",
      "feeling": null,
      "causalRelationship": null,
      "outcomeResolution": null,
      "prediction": null,
      "plotSummaryInfoCount": 1,
      "plotSummaryInfo": {
        "classification": "사회관계",
        "readAge": "유아",
        "form": "short-form",
        "plotSummaryText": "황국 협회는 독립 협회 사무실을 부수고 나라의 독립을 위해 애쓴 간부들을 잡아다 감옥에 가두었어요.",
        "textWordEA": 14
      }
    },
    {
      "srcTextID": "95604",
      "srcText": "주시경에게는 나라를 구하는 일만큼이나 중요한 일이 한 가지 있었어요. 바로 우리글을 지키는 일이었지요. 주시경은 책 보따리를 들고 여러 학교를 돌아다니며 국어를 가르쳤어요.",
      "srcPage": 23,
      "srcSentenceEA": 3,
      "srcWordEA": 24,
      "character": "주시경,책 보따리,나라",
      "setting": "학교",
      "action": "구하는,지키는,들고,돌아다니며,가르쳤어요",
      "feeling": null,
      "causalRelationship": null,
      "outcomeResolution": null,
      "prediction": null,
      "plotSummaryInfoCount": 1,
      "plotSummaryInfo": {
        "classification": "사회관계",
        "readAge": "유아",
        "form": "short-form",
        "plotSummaryText": "주시경은 나라를 구하는 일만큼 중요한 우리글을 지키기 위해 책 보따리를 들고 여러 학교를 돌아다니며 국어를 가르쳤어요.",
        "textWordEA": 16
      }
    },
    {
      "srcTextID": "95606",
      "srcText": "\"주시경 때문에 골치로군!\" 나라의 못된 관리들과 일본 경찰들은 주시경이 하는 일에 일일이 트집을 잡았어요. 주시경은 할 수 없이 시골로 내려가야 했답니다. '한글 연구를 계속해야 해!' 주시경은 '조선 광문회'라는 단체를 만들어서 우리말 큰 사전을 쓰기 시작했어요.",
      "srcPage": 25,
      "srcSentenceEA": 7,
      "srcWordEA": 39,
      "character": "주시경,못된 관리들,일본 경찰들,조선 광문회,사전",
      "setting": "시골,나라",
      "action": "트집을 잡았어요,내려가야,계속해야,만들어서,쓰기 시작했어요",
      "feeling": "골치로군",
      "causalRelationship": null,
      "outcomeResolution": null,
      "prediction": null,
      "plotSummaryInfoCount": 1,
      "plotSummaryInfo": {
        "classification": "사회관계",
        "readAge": "유아",
        "form": "long-form",
        "plotSummaryText": "나라의 못된 관리들과 일본 경찰들은 골칫거리가 된 주시경이 하는 일에 일일이 트집을 잡았고 주시경은 시골로 내려가 조선 광문회라는 단체를 만들어 한글 연구를 계속해 우리말 큰 사전을 쓰기 시작했어요.",
        "textWordEA": 28
      }
    },
    {
      "srcTextID": "95608",
      "srcText": "어느 날, 배가 아파서 병원에 갔던 주시경은 갑작스럽게 죽음을 맞게 되었어요. 주시경의 죽음에 많은 사람들이 슬퍼했지요. \"이렇게 슬퍼하고만 있을 때가 아닙니다.\"",
      "srcPage": 26,
      "srcSentenceEA": 3,
      "srcWordEA": 22,
      "character": "주시경,사람들,배",
      "setting": "어느 날,병원",
      "action": "갔던,죽음을 맞게 되었어요",
      "feeling": "슬퍼했지요",
      "causalRelationship": null,
      "outcomeResolution": null,
      "prediction": null,
      "plotSummaryInfoCount": 1,
      "plotSummaryInfo": {
        "classification": "사회관계",
        "readAge": "유아",
        "form": "short-form",
        "plotSummaryText": "배가 아파서 병원에 갔던 주시경은 갑작스러운 죽음을 맞게 되었고 그의 죽음에 많은 사람들이 슬퍼했어요.",
        "textWordEA": 14
      }
    },
    {
      "srcTextID": "95582",
      "srcText": "큰아버지 댁은 시장에서 가게를 했어요. 가게는 언제나 손님들로 북적거렸지요. 상호는 좋은 옷을 입고 맛있는 음식을 실컷 먹을 수 있었어요. 글방에도 다녔고요.",
      "srcPage": 12,
      "srcSentenceEA": 4,
      "srcWordEA": 24,
      "character": "손님들,상호,옷,음식",
      "setting": "큰아버지 댁,시장,가게,글방",
      "action": "북적거렸지요,입고,먹을 수,다녔고요",
      "feeling": null,
      "causalRelationship": null,
      "outcomeResolution": null,
      "prediction": null,
      "plotSummaryInfoCount": 1,
      "plotSummaryInfo": {
        "classification": "사회관계",
        "readAge": "유아",
        "form": "long-form",
        "plotSummaryText": "시장에서 가게를 하시는 큰아버지 댁은 언제나 손님들로 북적거렸고 상호는 좋은 옷을 입고 맛있는 음식을 실컷 먹으며 글방에도 다녔어요.",
        "textWordEA": 18
      }
    }
  ]
}