{
  "title": "방정환",
  "author": "우현옥",
  "illustrator": "고혜진",
  "isbn": "9788992636254",
  "publishedYear": 2007,
  "publisher": "교연아카데미",
  "paragraphInfoCount": 35,
  "paragraphInfo": [
    {
      "srcTextID": "97497",
      "srcText": "만세 운동에 참가한 많은 사람들이 감옥에 갇혔어요. 정환은 모진 매를 맞으면서도 뜻을 굽히지 않았어요. '더 많이 배워야 일본을 이길 수 있다.'",
      "srcPage": 23,
      "srcSentenceEA": 3,
      "srcWordEA": 22,
      "character": "사람들,정환,일본",
      "setting": "감옥",
      "action": "갇혔어요,맞으면서도,굽히지 않았어요,배워야,이길",
      "feeling": null,
      "causalRelationship": null,
      "outcomeResolution": null,
      "prediction": null,
      "plotSummaryInfoCount": 1,
      "plotSummaryInfo": {
        "classification": "사회관계",
        "readAge": "유아",
        "form": "short-form",
        "plotSummaryText": "많은 사람이 만세 운동에 참여하다 감옥에 갇혔고, 모진 매를 맞았지만, 정환은 더 많이 배워야 한다는 뜻을 굽히지 않았어요.",
        "textWordEA": 18
      }
    },
    {
      "srcTextID": "97496",
      "srcText": "그런데 우리 나라 아이들은 공을 만져 보지도 못했어요. 일본 아이들의 심부름만 하고 있지 뭐예요. 정환은 너무나 가슴이 아팠습니다.",
      "srcPage": 25,
      "srcSentenceEA": 3,
      "srcWordEA": 20,
      "character": "우리 나라 아이들,공,일본 아이들,정환",
      "setting": null,
      "action": "만져 보지도 못했어요,심부름만 하고",
      "feeling": "가슴이 아팠습니다",
      "causalRelationship": null,
      "outcomeResolution": null,
      "prediction": null,
      "plotSummaryInfoCount": 1,
      "plotSummaryInfo": {
        "classification": "사회관계",
        "readAge": "유아",
        "form": "short-form",
        "plotSummaryText": "일본 아이들의 심부름만 하고 있었던 우리나라 아이들이 공을 만지지도 못하자 정환은 너무나 가슴 아파했어요.",
        "textWordEA": 14
      }
    },
    {
      "srcTextID": "97504",
      "srcText": "\"빨리 커서 일을 해야지. 공부는 무슨 공부!\" 정환은 어른들에게 어린이의 소중함을 알리기 위해 큰 잔치를 열었어요.",
      "srcPage": 33,
      "srcSentenceEA": 3,
      "srcWordEA": 18,
      "character": "정환,어른들,어린이",
      "setting": null,
      "action": "열었어요",
      "feeling": null,
      "causalRelationship": null,
      "outcomeResolution": null,
      "prediction": null,
      "plotSummaryInfoCount": 1,
      "plotSummaryInfo": {
        "classification": "사회관계",
        "readAge": "유아",
        "form": "short-form",
        "plotSummaryText": "어린이의 소중함을 어른들에게 알리기 위해 정환이 큰 잔치를 열었어요.",
        "textWordEA": 9
      }
    },
    {
      "srcTextID": "100030",
      "srcText": "정환은 어린이라는 말을 처음으로 만들었어요. 그리고 어린이들이 마음껏 뛰어 놀 수 있는 날도 만들었어요. 그 날이 바로 5월 5일 '어린이날'입니다. 또 어린이를 위해 노래를 만들고 함께 불렀어요. 이렇게 밤낮을 가리지 않고 일하던 뚱뚱이 방정환 아저씨는 서른세 살이라는 젊은 나이에 그만 세상을 떠나고 말았답니다.",
      "srcPage": 35,
      "srcSentenceEA": 5,
      "srcWordEA": 48,
      "character": "정환,어린이,뚱뚱이 방정환 아저씨",
      "setting": "5월 5일,어린이날,밤낮,세상",
      "action": "만들었어요,만들고,불렀어요,일하던,떠나고",
      "feeling": null,
      "causalRelationship": null,
      "outcomeResolution": null,
      "prediction": null,
      "plotSummaryInfoCount": 1,
      "plotSummaryInfo": {
        "classification": "사회관계",
        "readAge": "유아",
        "form": "long-form",
        "plotSummaryText": "어린이라는 말을 처음으로 만들었던 정환은 어린이날도 만들었는데, 밤낮을 가리지 않고 일만 했던 방정환 아저씨는 서른세 살에 세상을 떠나고 말았어요.",
        "textWordEA": 19
      }
    },
    {
      "srcTextID": "97476",
      "srcText": "\"사탕 먹고 싶은 사람 모두 모여라.\" 정환의 말에 친구들이 우르르 몰려들었어요. \"한 사람씩 차례로 줄게.\"",
      "srcPage": 1,
      "srcSentenceEA": 3,
      "srcWordEA": 16,
      "character": "사람,정환,친구들,사탕",
      "setting": null,
      "action": "모여라,몰려들었어요,줄게",
      "feeling": null,
      "causalRelationship": null,
      "outcomeResolution": null,
      "prediction": null,
      "plotSummaryInfoCount": 1,
      "plotSummaryInfo": {
        "classification": "사회관계",
        "readAge": "유아",
        "form": "short-form",
        "plotSummaryText": "사탕 먹고 싶은 사람은 모두 모이라는 정환의 말에 친구들이 몰려들자, 한 사람씩 차례로 준다고 말했어요.",
        "textWordEA": 15
      }
    },
    {
      "srcTextID": "97485",
      "srcText": "정환은 종아리에서 피가 날 때까지 매를 맞았어요. \"다시는 학교에 가지 말아라!\" 할아버지는 크게 호통치셨어요. 그러나 며칠도 되지 않아 정환은 몰래몰래 학교에 다니기 시작했어요. 시간이 지나자 할아버지도 모른 체하고 눈감아 주셨어요.",
      "srcPage": 10,
      "srcSentenceEA": 5,
      "srcWordEA": 33,
      "character": "정환,종아리,할아버지",
      "setting": "학교,며칠",
      "action": "맞았어요,가지 말아라,호통치셨어요,다니기 시작했어요,눈감아 주셨어요,모른 체하고",
      "feeling": null,
      "causalRelationship": null,
      "outcomeResolution": null,
      "prediction": null,
      "plotSummaryInfoCount": 1,
      "plotSummaryInfo": {
        "classification": "사회관계",
        "readAge": "유아",
        "form": "long-form",
        "plotSummaryText": "종아리에서 피가 날 때까지 매를 맞은 정환에게 다시는 학교에 가지 말라며 할아버지가 크게 호통을 치셨지만, 며칠도 되지 않아 정환은 몰래 학교에 다니기 시작했어요.",
        "textWordEA": 23
      }
    },
    {
      "srcTextID": "100029",
      "srcText": "사람들마다 품속에 숨겨 온 태극기를 펴 들자 서울은 온통 태극기로 뒤덮였습니다. 목이 터져라 만세를 외치는 사람들의 눈에서는 뜨거운 눈물이 흘러 내렸습니다. 사람들은 일본 경찰이 쏘아대는 총에 맞아 쓰러지면서도 끝까지 만세를 외쳤습니다. 이 날이 바로 3월 1일, 3.1 운동이 일어난 날이랍니다.",
      "srcPage": 22,
      "srcSentenceEA": 5,
      "srcWordEA": 44,
      "character": "사람들,태극기,일본 경찰,총",
      "setting": "3월 1일,3.1 운동이 일어난 날",
      "action": "숨겨 온,펴 들자,외치는,흘러 내렸습니다,쏘아대는,맞아,쓰러지면서도,외쳤습니다",
      "feeling": null,
      "causalRelationship": null,
      "outcomeResolution": null,
      "prediction": null,
      "plotSummaryInfoCount": 1,
      "plotSummaryInfo": {
        "classification": "사회관계",
        "readAge": "유아",
        "form": "long-form",
        "plotSummaryText": "3월 1일, 사람들은 품속에 숨겨 온 태극기를 펴들고 목이 터져라 만세를 외쳤고, 사람들의 눈에서 뜨거운 눈물이 흘러내렸으며 서울은 태극기로 뒤덮이게 되었어요.",
        "textWordEA": 21
      }
    },
    {
      "srcTextID": "97483",
      "srcText": "학교에는 아이들이 많았습니다. 발꿈치를 들고 창문 너머로 교실 안을 들여다본 정환은 가슴이 벅찼습니다. 파란 칠판을 보며 열심히 선생님을 따라 글을 읽는 아이들이 부러웠어요.",
      "srcPage": 6,
      "srcSentenceEA": 3,
      "srcWordEA": 25,
      "character": "아이들,발꿈치,정환,파란 칠판,선생님",
      "setting": "학교,교실 안",
      "action": "들고,들여다본,보며,따라,읽는",
      "feeling": "벅찼습니다,부러웠어요",
      "causalRelationship": null,
      "outcomeResolution": null,
      "prediction": null,
      "plotSummaryInfoCount": 1,
      "plotSummaryInfo": {
        "classification": "사회관계",
        "readAge": "유아",
        "form": "short-form",
        "plotSummaryText": "학교에는 아이들이 많았고, 정환은 발꿈치를 들고 본 창문 넘어 선생님을 따라 글을 읽는 아이들이 부러웠어요.",
        "textWordEA": 15
      }
    },
    {
      "srcTextID": "97481",
      "srcText": "그 때 뒤에서 누가 정환의 어깨를 툭 쳤어요. \"학교에 다니고 싶니?\" 선생님께서 정환을 보며 부드럽게 물었어요.",
      "srcPage": 7,
      "srcSentenceEA": 3,
      "srcWordEA": 17,
      "character": "정환,선생님",
      "setting": "학교",
      "action": "쳤어요,다니고,보며,물었어요",
      "feeling": null,
      "causalRelationship": null,
      "outcomeResolution": null,
      "prediction": null,
      "plotSummaryInfoCount": 1,
      "plotSummaryInfo": {
        "classification": "사회관계",
        "readAge": "유아",
        "form": "short-form",
        "plotSummaryText": "선생님이 정환의 어깨를 툭 치면서 학교에 다니고 싶냐고 물었어요.",
        "textWordEA": 9
      }
    },
    {
      "srcTextID": "97486",
      "srcText": "어느 날, 정환은 이웃 아저씨에게 다른 나라의 사진을 볼 수 있는 기계를 선물받았어요. 정환은 무대를 만들어 놓고 아이들을 모았어요. \"정환이가 신기한 사진을 보여 준대.\"",
      "srcPage": 11,
      "srcSentenceEA": 3,
      "srcWordEA": 25,
      "character": "정환,이웃 아저씨,사진,기계,아이들",
      "setting": null,
      "action": "선물받았어요,볼,만들어 놓고,모았어요,보여 준대",
      "feeling": "신기한",
      "causalRelationship": null,
      "outcomeResolution": null,
      "prediction": null,
      "plotSummaryInfoCount": 1,
      "plotSummaryInfo": {
        "classification": "사회관계",
        "readAge": "유아",
        "form": "short-form",
        "plotSummaryText": "정환은 이웃 아저씨로부터 다른 나라의 사진을 볼 수 있는 기계를 선물을 받았는데, 무대를 만들어 놓은 정환이 신기한 사진을 보여준다면서 아이들을 모았어요.",
        "textWordEA": 21
      }
    },
    {
      "srcTextID": "97489",
      "srcText": "그런데, 정환이 아홉 살 되던 해였어요. 사업의 실패로 빚더미에 올라앉게 된 정환이네는 이사를 가야만 했어요. 정환이네는 큰 집에서 쫓겨나 겨우 추위나 막을 수 있는 작은 초가집으로 옮겼어요.",
      "srcPage": 13,
      "srcSentenceEA": 3,
      "srcWordEA": 29,
      "character": "정환",
      "setting": "아홉 살 되던 해",
      "action": "가야만 했어요,쫓겨나,옮겼어요",
      "feeling": null,
      "causalRelationship": null,
      "outcomeResolution": null,
      "prediction": null,
      "plotSummaryInfoCount": 1,
      "plotSummaryInfo": {
        "classification": "사회관계",
        "readAge": "유아",
        "form": "short-form",
        "plotSummaryText": "정환이 아홉 살 되던 해에 사업이 실패해서 빚더미에 올라앉게 된 정환이네는 추위를 겨우 막을 수 있는 작은 초가집으로 옮겼어요.",
        "textWordEA": 19
      }
    },
    {
      "srcTextID": "97492",
      "srcText": "\"하늘은 왜 파랗지?\" \"우리 나라는 왜 이렇게 가난하지?\" \"우리는 왜 일본에게 나라를 빼앗겼지?\" 아이들은 궁금한 게 너무 많았어요. 날이 갈수록 아이들의 수는 점점 많아졌어요. 정환은 친구들과 모여 함께 공부하고 토론하는 것이 즐거웠습니다.",
      "srcPage": 17,
      "srcSentenceEA": 6,
      "srcWordEA": 35,
      "character": "일본,아이들,정환,친구들",
      "setting": null,
      "action": "빼앗겼지,모여,공부하고,토론하는",
      "feeling": "즐거웠습니다",
      "causalRelationship": null,
      "outcomeResolution": null,
      "prediction": null,
      "plotSummaryInfoCount": 1,
      "plotSummaryInfo": {
        "classification": "사회관계",
        "readAge": "유아",
        "form": "long-form",
        "plotSummaryText": "아이들은 왜 일본에 나라를 빼앗기게 되었고 우리나라는 왜 이렇게 가난한지에 대해 궁금한 게 많았고, 정환은 친구들과 함께 공부하고 토론하는 것이 즐거웠어요.",
        "textWordEA": 21
      }
    },
    {
      "srcTextID": "97493",
      "srcText": "어느 새 정환은 열네 살이 되었습니다. 그러나 정환은 더 이상 학교에 다닐 수 없었어요. 정환이 돈을 벌어 집안을 돌봐야 했거든요.",
      "srcPage": 18,
      "srcSentenceEA": 3,
      "srcWordEA": 22,
      "character": "정환,돈,학교",
      "setting": null,
      "action": "다닐,벌어,돌봐야",
      "feeling": null,
      "causalRelationship": null,
      "outcomeResolution": null,
      "prediction": null,
      "plotSummaryInfoCount": 1,
      "plotSummaryInfo": {
        "classification": "사회관계",
        "readAge": "유아",
        "form": "short-form",
        "plotSummaryText": "열네 살이 된 정환은 돈을 벌어 집안을 돌봐야 했기 때문에 더 이상 학교에 다닐 수 없게 되었어요.",
        "textWordEA": 17
      }
    },
    {
      "srcTextID": "100027",
      "srcText": "'어떻게 하면 나라의 힘을 키울 수 있을까?' 정환은 친구들과 함께 나라를 걱정했습니다. 정환은 깊숙이 숨겨 둔 태극기를 몰래 꺼내 보았어요.",
      "srcPage": 20,
      "srcSentenceEA": 3,
      "srcWordEA": 22,
      "character": "정환,친구들,태극기",
      "setting": null,
      "action": "숨겨 둔,꺼내 보았어요",
      "feeling": "걱정했습니다",
      "causalRelationship": null,
      "outcomeResolution": null,
      "prediction": null,
      "plotSummaryInfoCount": 1,
      "plotSummaryInfo": {
        "classification": "사회관계",
        "readAge": "유아",
        "form": "short-form",
        "plotSummaryText": "친구들과 함께 나라를 걱정했던 정환은 깊숙이 숨겨 둔 태극기를 몰래 꺼내 보았어요.",
        "textWordEA": 12
      }
    },
    {
      "srcTextID": "97495",
      "srcText": "감옥에서 나온 정환은 일본으로 떠났습니다. 어느 날, 정환은 공원에 앉아 있었어요. 공원에는 일본 아이들과 우리나라 아이들이 공놀이를 하고 있었어요.",
      "srcPage": 24,
      "srcSentenceEA": 3,
      "srcWordEA": 21,
      "character": "정환,일본 아이들,우리나라 아이들",
      "setting": "감옥,일본,어느 날,공원",
      "action": "나온,떠났습니다,앉아,공놀이를 하고",
      "feeling": null,
      "causalRelationship": null,
      "outcomeResolution": null,
      "prediction": null,
      "plotSummaryInfoCount": 1,
      "plotSummaryInfo": {
        "classification": "사회관계",
        "readAge": "유아",
        "form": "short-form",
        "plotSummaryText": "감옥에서 나온 정환이 일본의 공원에 앉아 있었고, 일본 아이들과 우리나라 아이들이 공놀이를 하고 있었어요.",
        "textWordEA": 14
      }
    },
    {
      "srcTextID": "97500",
      "srcText": "정환은 나라를 되찾기 위해서는 먼저 아이들의 힘을 키워야겠다고 생각했습니다. 고향에 돌아온 정환은 어린이를 위해 글을 썼어요. 어린이들을 찾아다니며 옛날 이야기를 들려 주었지요.",
      "srcPage": 26,
      "srcSentenceEA": 3,
      "srcWordEA": 24,
      "character": "정환,아이들,어린이",
      "setting": "고향",
      "action": "되찾기,키워야겠다고 생각했습니다,돌아온,썼어요,찾아다니며,들려 주었지요",
      "feeling": null,
      "causalRelationship": null,
      "outcomeResolution": null,
      "prediction": null,
      "plotSummaryInfoCount": 1,
      "plotSummaryInfo": {
        "classification": "사회관계",
        "readAge": "유아",
        "form": "short-form",
        "plotSummaryText": "나라를 되찾기 위해 먼저 아이들의 힘을 키워야겠다고 생각한 정환은 고향에 돌아왔고 어린이를 위해 글을 썼어요.",
        "textWordEA": 15
      }
    },
    {
      "srcTextID": "97498",
      "srcText": "\"옛날 옛날에 아주 힘이 센 호랑이가 살았어요.\" 어린이들은 정환의 이야기에 푹 빠졌습니다. \" 뚱뚱이 선생님, 또 해 주세요.\"",
      "srcPage": 27,
      "srcSentenceEA": 3,
      "srcWordEA": 19,
      "character": "호랑이,어린이들,정환,뚱뚱이 선생님",
      "setting": "옛날 옛날에",
      "action": "빠졌습니다,해 주세요",
      "feeling": null,
      "causalRelationship": null,
      "outcomeResolution": null,
      "prediction": null,
      "plotSummaryInfoCount": 1,
      "plotSummaryInfo": {
        "classification": "사회관계",
        "readAge": "유아",
        "form": "short-form",
        "plotSummaryText": "옛날 옛적에 아주 힘이 센 호랑이가 살았다는 정환의 이야기에 아이들은 푹 빠졌어요.",
        "textWordEA": 12
      }
    },
    {
      "srcTextID": "97501",
      "srcText": "그 중에는 정환을 감시하던 일본 경찰도 끼어 있었습니다. \"일본을 욕하거나 이상한 이야기를 하면 당장 잡아 가겠다!\" 사람들은 잔뜩 겁을 먹었어요.",
      "srcPage": 30,
      "srcSentenceEA": 3,
      "srcWordEA": 21,
      "character": "정환,일본 경찰,일본,사람들",
      "setting": null,
      "action": "감시하던,끼어,욕하거나,잡아 가겠다",
      "feeling": "겁을 먹었어요",
      "causalRelationship": null,
      "outcomeResolution": null,
      "prediction": null,
      "plotSummaryInfoCount": 1,
      "plotSummaryInfo": {
        "classification": "사회관계",
        "readAge": "유아",
        "form": "short-form",
        "plotSummaryText": "일본 경찰이 정환을 감시하기 위해 끼어 있었고, 일본을 욕하거나 이상한 이야기를 하면 당장 잡아가겠다고 하자 사람들은 잔뜩 겁을 먹었어요.",
        "textWordEA": 19
      }
    },
    {
      "srcTextID": "97502",
      "srcText": "드디어 연극이 시작되었어요. 얼마 후, 조용하던 사람들이 하나 둘씩 눈물을 흘리기 시작했어요. 연근이 끝나자 공연장은 울음바다가 되어 버렸어요. 뒤에서 지키고 서 있던 일본 경찰도 눈물을 글썽이고 있었어요.",
      "srcPage": 31,
      "srcSentenceEA": 4,
      "srcWordEA": 30,
      "character": "사람들,일본 경찰",
      "setting": "얼마 후,공연장,뒤에서",
      "action": "흘리기 시작했어요,지키고 서 있던,글썽이고",
      "feeling": null,
      "causalRelationship": null,
      "outcomeResolution": null,
      "prediction": null,
      "plotSummaryInfoCount": 1,
      "plotSummaryInfo": {
        "classification": "사회관계",
        "readAge": "유아",
        "form": "long-form",
        "plotSummaryText": "연극이 시작된 지 얼마 후, 조용하던 사람들이 눈물을 흘리기 시작했고 연극이 끝나자, 공연장은 울음바다가 되어 버렸는데 뒤에 서 있었던 일본 경찰도 눈물을 글썽이고 있었어요.",
        "textWordEA": 24
      }
    },
    {
      "srcTextID": "97506",
      "srcText": "정환은 어른들에게 어린이의 소중함에 대해 말했어요. 그러나 대부분의 어른들은 정환의 말에 비웃음을 보냈어요. \"아이들은 태어나기만 하면 저절로 다 크는데.\"",
      "srcPage": 32,
      "srcSentenceEA": 3,
      "srcWordEA": 20,
      "character": "정환,어른들,어린이",
      "setting": null,
      "action": "말했어요,비웃음을 보냈어요,태어나기만 하면,크는데",
      "feeling": null,
      "causalRelationship": null,
      "outcomeResolution": null,
      "prediction": null,
      "plotSummaryInfoCount": 1,
      "plotSummaryInfo": {
        "classification": "사회관계",
        "readAge": "유아",
        "form": "short-form",
        "plotSummaryText": "대부분의 어른은 어린이의 소중함에 대해 말하는 정환을 비웃었고 아이들은 태어나기만 하면 저절로 큰다고 말했어요.",
        "textWordEA": 14
      }
    },
    {
      "srcTextID": "97505",
      "srcText": "다른 나라의 어린이 모습을 그림으로 보여 주고, 재미있는 놀이도 함께 했어요. 그리고 힘주어 말했어요. \"우리의 희망은 어린이에게 있습니다!\" 연설이 끝나자 비웃기만 하던 어른들도 큰 박수를 보냈습니다.",
      "srcPage": 34,
      "srcSentenceEA": 4,
      "srcWordEA": 28,
      "character": "어린이,우리,어른들,그림",
      "setting": null,
      "action": "보여 주고,말했어요,비웃기만,보냈습니다,놀이도 함께 했어요",
      "feeling": null,
      "causalRelationship": null,
      "outcomeResolution": null,
      "prediction": null,
      "plotSummaryInfoCount": 1,
      "plotSummaryInfo": {
        "classification": "사회관계",
        "readAge": "유아",
        "form": "long-form",
        "plotSummaryText": "어린이에게 우리의 희망이 있다고 힘주어 말하자, 비웃기만 하던 어른들도 큰 박수를 보냈어요.",
        "textWordEA": 12
      }
    },
    {
      "srcTextID": "97482",
      "srcText": "그러나 정환은 매일 똑같은 한자를 읽는 것이 지겨웠어요. 삼촌이 다니는 학교에 가 보고 싶었어요. 어느 날, 정환은 삼촌 뒤를 몰래 따라갔어요.",
      "srcPage": 5,
      "srcSentenceEA": 3,
      "srcWordEA": 23,
      "character": "정환,삼촌",
      "setting": "학교,어느 날,삼촌 뒤",
      "action": "다니는,따라갔어요",
      "feeling": "지겨웠어요",
      "causalRelationship": null,
      "outcomeResolution": null,
      "prediction": null,
      "plotSummaryInfoCount": 1,
      "plotSummaryInfo": {
        "classification": "사회관계",
        "readAge": "유아",
        "form": "short-form",
        "plotSummaryText": "매일 똑같은 한자를 읽는 것이 지겨워졌던 정환은 삼촌이 다니는 학교를 몰래 따라갔어요.",
        "textWordEA": 12
      }
    },
    {
      "srcTextID": "97480",
      "srcText": "\"예!\" 정환은 큰 소리로 대답했어요. \"학교에 다니려면 선생님처럼 머리를 깎아야 한단다. 머리를 깎을 수 있겠니?\" 정환은 할아버지가 무서웠지만, 학교에 다닐 수 있다는 말에 그만 머리를 깎았습니다.",
      "srcPage": 8,
      "srcSentenceEA": 4,
      "srcWordEA": 29,
      "character": "정환,선생님,할아버지",
      "setting": "학교",
      "action": "대답했어요,깎았습니다",
      "feeling": "무서웠지만",
      "causalRelationship": null,
      "outcomeResolution": null,
      "prediction": null,
      "plotSummaryInfoCount": 1,
      "plotSummaryInfo": {
        "classification": "사회관계",
        "readAge": "유아",
        "form": "long-form",
        "plotSummaryText": "학교에 다니려면 선생님처럼 머리를 깎아야 한다고 말하자, 정환은 할아버지가 무서웠지만 학교에 다니기 위해 머리를 깎았습니다.",
        "textWordEA": 15
      }
    },
    {
      "srcTextID": "97487",
      "srcText": "어른들도 아이들의 손을 잡고 함께 나왔습니다. \"촤르르, 촤르르.\" 사진이 나올 때마다 사람들은 입을 다물지 못했어요. 정환은 이야기를 만들어 사진을 설명했습니다. 정환에 대한 소문을 듣고 이웃 마을 사람들도 모여들었어요.",
      "srcPage": 12,
      "srcSentenceEA": 5,
      "srcWordEA": 31,
      "character": "어른들,아이들,사진,사람들,정환",
      "setting": null,
      "action": "잡고,나왔습니다,다물지 못했어요,만들어,설명했습니다,듣고,모여들었어요",
      "feeling": null,
      "causalRelationship": null,
      "outcomeResolution": null,
      "prediction": null,
      "plotSummaryInfoCount": 1,
      "plotSummaryInfo": {
        "classification": "사회관계",
        "readAge": "유아",
        "form": "long-form",
        "plotSummaryText": "사람들은 사진이 나올 때마다 입을 다물지 못했고, 정환이 이야기를 만들어 사진을 설명하자 소문을 들은 이웃 마을 사람들이 모여들었어요.",
        "textWordEA": 18
      }
    },
    {
      "srcTextID": "97494",
      "srcText": "정환은 일본 사람 밑에서 일을 하였습니다. 새벽부터 밤늦게까지 일을 했지만 겨우 굶지 않을 정도였답니다. '나라를 빼앗긴 아픔이 이렇게 크다니. 반드시 나라를 되찾고야 말겠다.' 정환은 더욱 굳게 이를 악물었습니다.",
      "srcPage": 19,
      "srcSentenceEA": 5,
      "srcWordEA": 31,
      "character": "정환,일본 사람",
      "setting": "새벽부터 밤늦게까지",
      "action": "일을 하였습니다,악물었습니다,일을 했지만",
      "feeling": null,
      "causalRelationship": null,
      "outcomeResolution": null,
      "prediction": null,
      "plotSummaryInfoCount": 1,
      "plotSummaryInfo": {
        "classification": "사회관계",
        "readAge": "유아",
        "form": "long-form",
        "plotSummaryText": "일본 사람 밑에서 새벽부터 밤늦게까지 일을 했던 정환은 반드시 나라를 되찾고 말겠다면서 이를 악물었어요.",
        "textWordEA": 14
      }
    },
    {
      "srcTextID": "97499",
      "srcText": "아이들은 정환의 뚱뚱한 배에서 이야기가 나온다고 생각했어요. 정환이 가는 곳마다 아이들이 넘쳐났어요. 이제 정환은 아이들에게 뚱뚱이 이야기 보따리로 통했습니다.",
      "srcPage": 28,
      "srcSentenceEA": 3,
      "srcWordEA": 21,
      "character": "아이들,정환",
      "setting": "뚱뚱한 배에서",
      "action": "생각했어요,가는",
      "feeling": null,
      "causalRelationship": null,
      "outcomeResolution": null,
      "prediction": null,
      "plotSummaryInfoCount": 1,
      "plotSummaryInfo": {
        "classification": "사회관계",
        "readAge": "유아",
        "form": "short-form",
        "plotSummaryText": "정환이 가는 곳마다 아이들이 넘쳐났는데, 아이들은 정환의 뚱뚱한 배에서 이야기가 나온다고 생각했고, 정환은 뚱뚱이 이야기보따리로 통했어요.",
        "textWordEA": 16
      }
    },
    {
      "srcTextID": "97503",
      "srcText": "정환은 아이들과 함께 연극을 만들었어요. 나라 사랑하는 마음을 담은 이야기였어요. 연극을 보기 위해 많은 사람들이 모였습니다.",
      "srcPage": 29,
      "srcSentenceEA": 3,
      "srcWordEA": 18,
      "character": "정환,아이들,사람들",
      "setting": null,
      "action": "만들었어요,보기,모였습니다",
      "feeling": null,
      "causalRelationship": null,
      "outcomeResolution": null,
      "prediction": null,
      "plotSummaryInfoCount": 1,
      "plotSummaryInfo": {
        "classification": "사회관계",
        "readAge": "유아",
        "form": "short-form",
        "plotSummaryText": "정환은 아이들과 함께 나라를 사랑하는 마음이 담긴 연극을 만들었는데, 많은 사람이 연극을 보기 위해 모였습니다.",
        "textWordEA": 15
      }
    },
    {
      "srcTextID": "97477",
      "srcText": "정환은 친구들에게 사탕을 나누어 주었어요. 사탕을 받은 아이들은 조금씩 아껴서 빨아 먹었어요. 정환은 무엇이든 친구들에게 나누어 주기 좋아하는 아이였어요. 정환은 친구들과 함께 골목을 뛰어다니며 즐겁게 놀았습니다.",
      "srcPage": 2,
      "srcSentenceEA": 4,
      "srcWordEA": 29,
      "character": "정환,친구들,사탕,아이들,아이",
      "setting": "골목",
      "action": "나누어 주었어요,받은,아껴서 빨아 먹었어요,뛰어다니며,놀았습니다",
      "feeling": "즐겁게",
      "causalRelationship": null,
      "outcomeResolution": null,
      "prediction": null,
      "plotSummaryInfoCount": 1,
      "plotSummaryInfo": {
        "classification": "사회관계",
        "readAge": "유아",
        "form": "long-form",
        "plotSummaryText": "친구들에게 사탕을 나눠 준 정환은 무엇이든 친구들에게 나누어 주는 것을 좋아하는 아이였고, 친구들과 골목을 뛰어다니며 즐겁게 놀았습니다.",
        "textWordEA": 17
      }
    },
    {
      "srcTextID": "97479",
      "srcText": "정환의 집은 큰 쌀 가게와 생선 가게를 했어요. 가게에는 가난하고 어려운 사람들이 도움을 받기 위해 드나들었어요. 할아버지는 어려운 사람이 올 때마다 먹을 것을 나누어 주었어요.",
      "srcPage": 3,
      "srcSentenceEA": 3,
      "srcWordEA": 27,
      "character": "정환,쌀,생선,사람들,할아버지",
      "setting": "가게",
      "action": "했어요,드나들었어요,나누어 주었어요",
      "feeling": null,
      "causalRelationship": null,
      "outcomeResolution": null,
      "prediction": null,
      "plotSummaryInfoCount": 1,
      "plotSummaryInfo": {
        "classification": "사회관계",
        "readAge": "유아",
        "form": "short-form",
        "plotSummaryText": "가게를 했었던 정환의 집에는 가난하고 어려운 사람들이 도움을 받기 위해 드나들었는데, 어려운 사람이 오면 할아버지가 먹을 것을 나누어 주었어요.",
        "textWordEA": 19
      }
    },
    {
      "srcTextID": "97478",
      "srcText": "정환은 할아버지를 꼭 빼닮았나 봅니다. 정환은 할아버지께 한자 공부를 배웠어요. 여섯 살이 된 정환은 '천자문'을 줄줄 외웠습니다. 할아버지는 정환의 천자문 읽는 소리에 행복해하셨어요. \"하늘 천, 따 지.\" 할아버지의 칭찬에 신이 난 정환은 더 큰 소리로 읽었어요.",
      "srcPage": 4,
      "srcSentenceEA": 7,
      "srcWordEA": 41,
      "character": "정환,할아버지,천자문",
      "setting": null,
      "action": "배웠어요,외웠습니다,읽는,읽었어요",
      "feeling": "행복해하셨어요,신이 난",
      "causalRelationship": null,
      "outcomeResolution": null,
      "prediction": null,
      "plotSummaryInfoCount": 1,
      "plotSummaryInfo": {
        "classification": "사회관계",
        "readAge": "유아",
        "form": "long-form",
        "plotSummaryText": "할아버지에게 한자를 배웠던 정환은 여섯 살이 되자 천자문을 줄줄 외웠고, 천자문 읽는 소리에 할아버지는 행복해하셨어요.",
        "textWordEA": 15
      }
    },
    {
      "srcTextID": "97484",
      "srcText": "머리를 짧게 깎은 정환을 보자, 식구들은 모두 깜짝 놀랐어요. 할아버지는 옛것을 중요하게 생각하는 분이셨거든요. \"부모님께서 주신 머리를 허락도 없이 함부로 자르다니!\"",
      "srcPage": 9,
      "srcSentenceEA": 3,
      "srcWordEA": 22,
      "character": "정환,식구들,할아버지,부모님,머리",
      "setting": null,
      "action": "깎은,보자,자르다니",
      "feeling": "깜짝 놀랐어요",
      "causalRelationship": null,
      "outcomeResolution": null,
      "prediction": null,
      "plotSummaryInfoCount": 1,
      "plotSummaryInfo": {
        "classification": "사회관계",
        "readAge": "유아",
        "form": "short-form",
        "plotSummaryText": "식구들은 머리를 짧게 깎은 정환을 보고 깜짝 놀랐고, 옛것을 중요하게 생각했던 할아버지가 부모님이 주신 머리를 허락도 없이 잘랐다고 말했어요.",
        "textWordEA": 19
      }
    },
    {
      "srcTextID": "97490",
      "srcText": "그리고 먹을 것이 없어 여기저기 쌀을 꾸러 다녀야 했어요. 처음에는 반갑게 맞아 주던 사람들도 하루 이틀 지나자 더 이상 쌀을 주지 않았어요. 정환이 나무를 해서 쌀을 사야 했지요.",
      "srcPage": 14,
      "srcSentenceEA": 3,
      "srcWordEA": 30,
      "character": "쌀,사람들,정환,나무",
      "setting": null,
      "action": "꾸러 다녀야 했어요,맞아 주던,주지 않았어요,사야",
      "feeling": null,
      "causalRelationship": null,
      "outcomeResolution": null,
      "prediction": null,
      "plotSummaryInfoCount": 1,
      "plotSummaryInfo": {
        "classification": "사회관계",
        "readAge": "유아",
        "form": "short-form",
        "plotSummaryText": "먹을 것이 없어서 여기저기 쌀을 꾸러 다녔는데, 처음에는 반갑게 맞아 주던 사람들이 더 이상 쌀을 주지 않자, 정환이가 나무를 해서 쌀을 사야 했어요.",
        "textWordEA": 23
      }
    },
    {
      "srcTextID": "97488",
      "srcText": "그러나 정환은 굶는 날이 더 많았습니다. '힘들더라도 참아야 한다.' 정환은 다짐을 하면서 열심히 공부했습니다.",
      "srcPage": 15,
      "srcSentenceEA": 3,
      "srcWordEA": 15,
      "character": "정환",
      "setting": null,
      "action": "굶는,공부했습니다",
      "feeling": null,
      "causalRelationship": null,
      "outcomeResolution": null,
      "prediction": null,
      "plotSummaryInfoCount": 1,
      "plotSummaryInfo": {
        "classification": "사회관계",
        "readAge": "유아",
        "form": "short-form",
        "plotSummaryText": "굶는 날이 더 많았던 정환은 힘들더라도 참아야 한다며 다짐했고 열심히 공부했습니다.",
        "textWordEA": 11
      }
    },
    {
      "srcTextID": "97491",
      "srcText": "\"우리 매일 함께 모여서 공부하자.\" 정환의 말에 많은 친구들이 좋다고 찬성했습니다. 정환의 집에 친구들이 모였습니다.",
      "srcPage": 16,
      "srcSentenceEA": 3,
      "srcWordEA": 17,
      "character": "정환,친구들",
      "setting": "집",
      "action": "찬성했습니다,모였습니다",
      "feeling": "좋다고",
      "causalRelationship": null,
      "outcomeResolution": null,
      "prediction": null,
      "plotSummaryInfoCount": 1,
      "plotSummaryInfo": {
        "classification": "사회관계",
        "readAge": "유아",
        "form": "short-form",
        "plotSummaryText": "매일 모여서 함께 공부하자고 정환이 말하자 많은 친구들이 좋다며 정환의 집에 모였습니다.",
        "textWordEA": 12
      }
    },
    {
      "srcTextID": "100028",
      "srcText": "'일본 놈들에게 우리의 힘을 보여 주자!' 정환은 전국 곳곳의 사람들과 함께 만세 운동을 계획했습니다. 드디어 만세 운동이 일어났어요.",
      "srcPage": 21,
      "srcSentenceEA": 3,
      "srcWordEA": 20,
      "character": "일본 놈들,정환,사람들",
      "setting": "전국 곳곳의",
      "action": "보여 주자,계획했습니다",
      "feeling": null,
      "causalRelationship": null,
      "outcomeResolution": null,
      "prediction": null,
      "plotSummaryInfoCount": 1,
      "plotSummaryInfo": {
        "classification": "사회관계",
        "readAge": "유아",
        "form": "short-form",
        "plotSummaryText": "우리의 힘을 일본 놈들에게 보여주자면서 정환이 전국 곳곳의 사람들과 만세 운동을 계획했고, 드디어 만세 운동이 일어나게 되었어요.",
        "textWordEA": 17
      }
    }
  ]
}