{
  "title": "유관순",
  "author": "한정아",
  "illustrator": "김혜영",
  "isbn": "9788992636346",
  "publishedYear": 2007,
  "publisher": "교연아카데미",
  "paragraphInfoCount": 37,
  "paragraphInfo": [
    {
      "srcTextID": "109974",
      "srcText": "\"치, 이번에도 관순이가 최고야?\" 투덜거리는 아이도 있었어요. 관순은 두 볼이 빨개졌지만 하나도 춥지 않았어요.",
      "srcPage": 2,
      "srcSentenceEA": 3,
      "srcWordEA": 16,
      "character": "관순,아이",
      "setting": null,
      "action": "투덜거리는",
      "feeling": null,
      "causalRelationship": null,
      "outcomeResolution": null,
      "prediction": "투덜거리는 아이도 있었어요.",
      "plotSummaryInfoCount": 1,
      "plotSummaryInfo": {
        "classification": "사회관계",
        "readAge": "유아",
        "form": "short-form",
        "plotSummaryText": "이번에도 관순이가 최고냐면서 투덜거리는 아이도 있었지만, 두 볼이 빨개진 관순은 하나도 춥지 않았습니다.",
        "textWordEA": 13
      }
    },
    {
      "srcTextID": "109988",
      "srcText": "선교사 부인이 친절하게 말했어요. 이화 학당에는 관순의 사촌언니 애다가 다니고 있었어요. 관순은 애다와 함께 기숙사에서 생활하게 되었어요.",
      "srcPage": 15,
      "srcSentenceEA": 3,
      "srcWordEA": 19,
      "character": "선교사 부인,사촌언니,애다,관순",
      "setting": "이화 학당,기숙사",
      "action": "말했어요,다니고,생활하게",
      "feeling": null,
      "causalRelationship": null,
      "outcomeResolution": null,
      "prediction": null,
      "plotSummaryInfoCount": 1,
      "plotSummaryInfo": {
        "classification": "사회관계",
        "readAge": "유아",
        "form": "short-form",
        "plotSummaryText": "관순의 사촌 언니 애다가 이화 학당에 다니고 있어서, 관순은 기숙사에서 애다와 함께 생활하게 되었습니다.",
        "textWordEA": 14
      }
    },
    {
      "srcTextID": "109992",
      "srcText": "관순과 친구들은 밤마다 모여서 태극기를 그렸어요. 태극기 하나하나에 독립의 염원을 담아 그렸어요. 만세 운동이 일어나는 날 모든 사람들에게 나누어 주기 위해서였어요.",
      "srcPage": 21,
      "srcSentenceEA": 3,
      "srcWordEA": 23,
      "character": "관순,친구들,태극기,사람들",
      "setting": "밤마다",
      "action": "모여서,그렸어요",
      "feeling": null,
      "causalRelationship": null,
      "outcomeResolution": null,
      "prediction": null,
      "plotSummaryInfoCount": 1,
      "plotSummaryInfo": {
        "classification": "사회관계",
        "readAge": "유아",
        "form": "short-form",
        "plotSummaryText": "밤마다 모여서 태극기를 그렸던 관순과 친구들은 태극기 하나하나에 독립의 염원을 담아 그렸습니다.",
        "textWordEA": 12
      }
    },
    {
      "srcTextID": "109999",
      "srcText": "학교에서는 만세 소리가 끊이질 않았답니다. \"학교 문을 닫으시오!\" 일본 경찰들이 학교로 쳐들어와 강제로 학생들을 끌어 내고 교문을 닫았어요.",
      "srcPage": 26,
      "srcSentenceEA": 3,
      "srcWordEA": 19,
      "character": "일본 경찰,학생,교문",
      "setting": "학교",
      "action": "끊이질 않았답니다,쳐들어와,끌어 내고,닫았어요",
      "feeling": null,
      "causalRelationship": null,
      "outcomeResolution": null,
      "prediction": null,
      "plotSummaryInfoCount": 1,
      "plotSummaryInfo": {
        "classification": "사회관계",
        "readAge": "유아",
        "form": "short-form",
        "plotSummaryText": "만세 소리가 끊이지 않았던 학교에 일본 경찰들이 쳐들어와서 학생들을 강제로 끌어내고 교문을 닫았습니다.",
        "textWordEA": 13
      }
    },
    {
      "srcTextID": "110005",
      "srcText": "가슴가슴마다 태극기를 숨기고 사람들은 장터로 모여들었어요. 서로의 눈빛만 보아도 마음을 알 수 있었지요. 쌀 가게에 숨어 있던 관순이 거리로 나왔어요.",
      "srcPage": 33,
      "srcSentenceEA": 3,
      "srcWordEA": 22,
      "character": "태극기,사람들,관순",
      "setting": "장터,쌀 가게,거리",
      "action": "숨기고,모여들었어요,보아도,숨어,나왔어요",
      "feeling": null,
      "causalRelationship": null,
      "outcomeResolution": null,
      "prediction": null,
      "plotSummaryInfoCount": 1,
      "plotSummaryInfo": {
        "classification": "사회관계",
        "readAge": "유아",
        "form": "short-form",
        "plotSummaryText": "사람들이 태극기를 숨긴 채 장터로 모여들었는데, 관순이 쌀 가게에 숨어 있다가 거리로 나왔습니다.",
        "textWordEA": 13
      }
    },
    {
      "srcTextID": "109975",
      "srcText": "아이들이 매봉 언덕에 올라 연 싸움을 하고 있어요. \"와아, 관순이 연이 제일 높이 난다!\" 관순의 연이 바람을 타고 둥실둥실 하늘을 날았습니다.",
      "srcPage": 1,
      "srcSentenceEA": 3,
      "srcWordEA": 22,
      "character": "아이들,관순,연",
      "setting": "매봉 언덕,하늘",
      "action": "올라,싸움을 하고,날았습니다",
      "feeling": null,
      "causalRelationship": null,
      "outcomeResolution": null,
      "prediction": null,
      "plotSummaryInfoCount": 1,
      "plotSummaryInfo": {
        "classification": "사회관계",
        "readAge": "유아",
        "form": "short-form",
        "plotSummaryText": "매봉 언덕에 오른 아이들이 연싸움을 하고 있었는데, 바람을 탄 관순의 연이 둥실둥실 하늘을 날았습니다.",
        "textWordEA": 14
      }
    },
    {
      "srcTextID": "109982",
      "srcText": "\"관순아, 너 서울 가서도 우리를 잊으면 안 돼.\" 곱단이가 서운한 지 시무룩하게 말했어요. 얼마 후면 관순이 서울에 있는 이화학당에 다니게 되었거든요.",
      "srcPage": 10,
      "srcSentenceEA": 3,
      "srcWordEA": 23,
      "character": "관순,너,우리,곱단이",
      "setting": "서울,얼마 후,이화학당",
      "action": "잊으면 안 돼,말했어요,다니게",
      "feeling": "서운한 지 시무룩하게",
      "causalRelationship": null,
      "outcomeResolution": null,
      "prediction": null,
      "plotSummaryInfoCount": 1,
      "plotSummaryInfo": {
        "classification": "사회관계",
        "readAge": "유아",
        "form": "short-form",
        "plotSummaryText": "관순이가 이화학당에 다니게 되었는데, 서울에 가도 우리를 잊으면 안 된다며 곱단이가 시무룩하게 말했습니다.",
        "textWordEA": 13
      }
    },
    {
      "srcTextID": "109986",
      "srcText": "관순이 선교사 부인을 따라 서울로 가는 날이에요. \"부디 몸 조심해라.\" 아버지는 하나뿐인 딸과 헤어진다고 생각하니 몹시 서운했어요.",
      "srcPage": 12,
      "srcSentenceEA": 3,
      "srcWordEA": 18,
      "character": "관순,선교사 부인,아버지,딸",
      "setting": "서울",
      "action": "따라,가는,헤어진다고",
      "feeling": "서운했어요",
      "causalRelationship": null,
      "outcomeResolution": null,
      "prediction": null,
      "plotSummaryInfoCount": 1,
      "plotSummaryInfo": {
        "classification": "사회관계",
        "readAge": "유아",
        "form": "short-form",
        "plotSummaryText": "관순이 선교사 부인을 따라 서울로 가려고 하자, 딸과 헤어지게 된 아버지는 몹시 서운해 했습니다.",
        "textWordEA": 14
      }
    },
    {
      "srcTextID": "109985",
      "srcText": "\"아버지, 걱정하지 마세요. 열심히 공부해서 반드시 훌륭한 사람이 되겠어요.\" 관순은 이화학당에서 공부할 생각으로 마음이 몹시 부풀어 있었어요. 아버지는 관순의 뒷모습을 오래도록 바라보셨습니다.",
      "srcPage": 13,
      "srcSentenceEA": 4,
      "srcWordEA": 25,
      "character": "아버지,사람,관순",
      "setting": "이화학당",
      "action": "공부해서,바라보셨습니다,걱정하지 마세요",
      "feeling": "마음이 몹시 부풀어",
      "causalRelationship": null,
      "outcomeResolution": null,
      "prediction": null,
      "plotSummaryInfoCount": 1,
      "plotSummaryInfo": {
        "classification": "사회관계",
        "readAge": "유아",
        "form": "long-form",
        "plotSummaryText": "이화학당에서 공부할 생각으로 마음이 부풀어 있었던 관순이는 훌륭한 사람이 되겠다면서, 걱정하지 말라고 아버지에게 말했습니다.",
        "textWordEA": 14
      }
    },
    {
      "srcTextID": "109989",
      "srcText": "애다는 관순에게 학교 구석구석을 안내해주었어요. \"와아!\" 관순의 입에서 감탄이 절로 나왔어요. 그 중에서도 관순의 마음을 사로잡은 건 바로 커다란 기도실이었어요.",
      "srcPage": 16,
      "srcSentenceEA": 3,
      "srcWordEA": 22,
      "character": "애다,관순",
      "setting": "학교,기도실",
      "action": "안내해주었어요,나왔어요",
      "feeling": null,
      "causalRelationship": null,
      "outcomeResolution": null,
      "prediction": null,
      "plotSummaryInfoCount": 1,
      "plotSummaryInfo": {
        "classification": "사회관계",
        "readAge": "유아",
        "form": "short-form",
        "plotSummaryText": "애다가 관순에게 학교 구석구석을 안내해 주었는데, 커다란 기도실이 관순의 마음을 사로잡았습니다.",
        "textWordEA": 11
      }
    },
    {
      "srcTextID": "109990",
      "srcText": "관순은 하루가 끝날 때쯤이면 반드시 기도실에 들러 기도를 드렸어요. 기도를 마친 관순이 기숙사로 들어서려고 할 때였어요. \"관순아, 큰일났어. 고종 황제가 돌아가셨대.\"",
      "srcPage": 17,
      "srcSentenceEA": 4,
      "srcWordEA": 23,
      "character": "관순,고종 황제",
      "setting": "하루가 끝날 때쯤,기도실,기숙사",
      "action": "들러,기도를 드렸어요,마친,들어서려고,돌아가셨대",
      "feeling": null,
      "causalRelationship": null,
      "outcomeResolution": null,
      "prediction": null,
      "plotSummaryInfoCount": 1,
      "plotSummaryInfo": {
        "classification": "사회관계",
        "readAge": "유아",
        "form": "long-form",
        "plotSummaryText": "하루가 끝날 때쯤이면 관순은 반드시 기도실에서 기도를 드렸는데, 관순이 기도를 마치고 기숙사로 들어서려고 하자, 고종 황제가 돌아가셨다고 누군가가 말했습니다.",
        "textWordEA": 19
      }
    },
    {
      "srcTextID": "109991",
      "srcText": "애다가 급하게 뛰어왔어요. \"일본 놈들 짓이래.\" 관순의 친구가 귓속말로 속삭였어요. \"뭐라고?\" 관순은 일본 놈들을 생각하니 온몸이 부들부들 떨렸어요.",
      "srcPage": 18,
      "srcSentenceEA": 4,
      "srcWordEA": 20,
      "character": "애다,일본 놈들,친구,관순",
      "setting": null,
      "action": "급하게 뛰어왔어요,속삭였어요,생각하니",
      "feeling": "부들부들 떨렸어요",
      "causalRelationship": null,
      "outcomeResolution": null,
      "prediction": null,
      "plotSummaryInfoCount": 1,
      "plotSummaryInfo": {
        "classification": "사회관계",
        "readAge": "유아",
        "form": "long-form",
        "plotSummaryText": "일본 놈들 짓이라며 관순의 친구가 귓속말로 속삭이자, 관순은 일본 놈들을 생각하면서 온몸이 부들부들 떨렸습니다.",
        "textWordEA": 14
      }
    },
    {
      "srcTextID": "109994",
      "srcText": "일본 경찰의 눈을 피해 몰래몰래 모였어요. 관순은 앞장서서 모임을 이끌었어요. \"반드시 우리 손으로 나라를 되찾아야 해요.\"",
      "srcPage": 20,
      "srcSentenceEA": 3,
      "srcWordEA": 17,
      "character": "일본 경찰,관순",
      "setting": "나라",
      "action": "피해,모였어요,이끌었어요,앞장서서",
      "feeling": null,
      "causalRelationship": null,
      "outcomeResolution": null,
      "prediction": null,
      "plotSummaryInfoCount": 1,
      "plotSummaryInfo": {
        "classification": "사회관계",
        "readAge": "유아",
        "form": "short-form",
        "plotSummaryText": "일본 경찰의 눈을 피해 몰래몰래 모였는데, 앞장서서 모임을 이끌었던 관순이 우리 손으로 나라를 되찾아야 한다고 말했습니다.",
        "textWordEA": 16
      }
    },
    {
      "srcTextID": "109996",
      "srcText": "파고다 공원은 금세 많은 사람들로 꽉 찼어요. \"대한 독립 만세!\" 어디서부터 시작되었는지 만세 소리가 터져 나왔어요.",
      "srcPage": 23,
      "srcSentenceEA": 3,
      "srcWordEA": 17,
      "character": "사람",
      "setting": "파고다 공원",
      "action": "터져 나왔어요,시작되었는지",
      "feeling": null,
      "causalRelationship": null,
      "outcomeResolution": null,
      "prediction": null,
      "plotSummaryInfoCount": 1,
      "plotSummaryInfo": {
        "classification": "사회관계",
        "readAge": "유아",
        "form": "short-form",
        "plotSummaryText": "사람들로 꽉 찬 파고다 공원은 어디서부터 시작되었는지 만세 소리가 터져 나왔습니다.",
        "textWordEA": 11
      }
    },
    {
      "srcTextID": "110000",
      "srcText": "관순은 고향으로 내려가야 했어요. 관순은 부모님께 만세 운동에 대해서 말씀드렸어요. \"다가오는 3월 1일에 전국에서 만세 운동을 벌이기로 했어요. 우리 모두 힘을 모아 똘똘 뭉쳐야 해요.\"",
      "srcPage": 27,
      "srcSentenceEA": 4,
      "srcWordEA": 27,
      "character": "관순,부모님",
      "setting": "고향,3월 1일,전국",
      "action": "내려가야 했어요,말씀드렸어요,벌이기로 했어요",
      "feeling": null,
      "causalRelationship": null,
      "outcomeResolution": null,
      "prediction": null,
      "plotSummaryInfoCount": 1,
      "plotSummaryInfo": {
        "classification": "사회관계",
        "readAge": "유아",
        "form": "long-form",
        "plotSummaryText": "3월 1일에 전국에서 만세 운동을 벌이기로 했다면서, 모두 힘을 모아 똘똘 뭉쳐야 한다고 관순이 부모님에게 말했습니다.",
        "textWordEA": 16
      }
    },
    {
      "srcTextID": "110004",
      "srcText": "아버지는 관순의 손을 꼬옥 잡았어요. 밤하늘의 별들도 초롱초롱 빛을 내고 있었어요. 관순은 집집마다 다니며 만세 운동을 알렸어요.",
      "srcPage": 29,
      "srcSentenceEA": 3,
      "srcWordEA": 19,
      "character": "아버지,관순,별",
      "setting": "집집마다,밤",
      "action": "꼬옥 잡았어요,빛을 내고,다니며,알렸어요",
      "feeling": null,
      "causalRelationship": null,
      "outcomeResolution": null,
      "prediction": null,
      "plotSummaryInfoCount": 1,
      "plotSummaryInfo": {
        "classification": "사회관계",
        "readAge": "유아",
        "form": "short-form",
        "plotSummaryText": "밤하늘의 별들이 초롱초롱 빛을 내고 있었는데, 만세 운동을 알리기 위해 관순이 집집마다 다녔습니다.",
        "textWordEA": 13
      }
    },
    {
      "srcTextID": "110003",
      "srcText": "물론 직접 그린 태극기도 나누어 주었고요. 관순은 밤낮을 가리지 않고 이웃 마을까지 일일이 찾아다녔어요. \"우리가 일어서야 해요. 우리 힘으로 반드시 일본 놈들을 몰아내야 해요.\"",
      "srcPage": 30,
      "srcSentenceEA": 4,
      "srcWordEA": 26,
      "character": "태극기,관순,우리,일본 놈",
      "setting": "밤낮,이웃 마을",
      "action": "그린,나누어 주었고요,찾아다녔어요",
      "feeling": null,
      "causalRelationship": null,
      "outcomeResolution": null,
      "prediction": null,
      "plotSummaryInfoCount": 1,
      "plotSummaryInfo": {
        "classification": "사회관계",
        "readAge": "유아",
        "form": "long-form",
        "plotSummaryText": "밤낮을 가리지 않고 이웃 마을까지 일일이 찾아다녔던 관순이, 우리 힘으로 반드시 일본 놈들을 몰아내야 한다고 말했습니다.",
        "textWordEA": 16
      }
    },
    {
      "srcTextID": "110002",
      "srcText": "관순은 멀리 산 너머 마을에도 알렸어요. \"산봉우리에 횃불이 오르면 신호인 줄 아세요. 장소는 아우내 장터예요.\" 관순의 말에 모두들 귀를 세웠어요.",
      "srcPage": 31,
      "srcSentenceEA": 4,
      "srcWordEA": 22,
      "character": "관순,횃불,모두",
      "setting": "산 너머 마을,산봉우리,아우내 장터",
      "action": "알렸어요,오르면,세웠어요",
      "feeling": null,
      "causalRelationship": null,
      "outcomeResolution": null,
      "prediction": null,
      "plotSummaryInfoCount": 1,
      "plotSummaryInfo": {
        "classification": "사회관계",
        "readAge": "유아",
        "form": "long-form",
        "plotSummaryText": "산봉우리에 횃불이 오르면 신호인 줄 알라면서, 장소는 아우내 장터라고 관순이 말하자 모두 귀를 세웠습니다.",
        "textWordEA": 14
      }
    },
    {
      "srcTextID": "109993",
      "srcText": "수많은 사람들이 거리로 몰려 나왔어요. 민족 대표들은 비밀리에 모여서 만세 운동을 계획했어요. 학생들도 가만히 있을 수 없었어요.",
      "srcPage": 19,
      "srcSentenceEA": 3,
      "srcWordEA": 19,
      "character": "사람들,민족 대표,학생",
      "setting": "거리",
      "action": "몰려 나왔어요,모여서,계획했어요,가만히 있을 수 없었어요",
      "feeling": null,
      "causalRelationship": null,
      "outcomeResolution": null,
      "prediction": null,
      "plotSummaryInfoCount": 1,
      "plotSummaryInfo": {
        "classification": "사회관계",
        "readAge": "유아",
        "form": "short-form",
        "plotSummaryText": "수많은 사람이 거리로 몰려나왔는데, 비밀리에 모인 민족 대표들이 만세 운동을 계획했습니다.",
        "textWordEA": 11
      }
    },
    {
      "srcTextID": "109978",
      "srcText": "연 싸움에서 이겨 신이 난 관순은 콧노래를 부르며 집으로 돌아왔어요. 그런데 관순이 막 마당으로 들어설 때였어요. \"돈을 내놓으란 말야!돈!\"",
      "srcPage": 4,
      "srcSentenceEA": 3,
      "srcWordEA": 21,
      "character": "관순,돈",
      "setting": "집,마당",
      "action": "이겨,콧노래를 부르며,돌아왔어요,들어설",
      "feeling": "신이 난",
      "causalRelationship": null,
      "outcomeResolution": null,
      "prediction": null,
      "plotSummaryInfoCount": 1,
      "plotSummaryInfo": {
        "classification": "사회관계",
        "readAge": "유아",
        "form": "short-form",
        "plotSummaryText": "연싸움에서 이겨 신이 난 관순이 막 마당으로 들어섰는데, 누군가 돈을 내놓으라고 말했습니다.",
        "textWordEA": 12
      }
    },
    {
      "srcTextID": "109977",
      "srcText": "고마다가 아버지를 마구 때리고 있는거예요. 고마다는 사람들에게 돈을 빌려주고 터무니없는이자를 받으며 괴롭히는 못된 일본 사람이거든요. 아버지는 학교를 세우느라 많은 돈이 필요했어요.",
      "srcPage": 5,
      "srcSentenceEA": 3,
      "srcWordEA": 23,
      "character": "고마다,아버지,사람들,돈,일본 사람",
      "setting": null,
      "action": "때리고,빌려주고,받으며,괴롭히는,세우느라",
      "feeling": null,
      "causalRelationship": null,
      "outcomeResolution": null,
      "prediction": null,
      "plotSummaryInfoCount": 1,
      "plotSummaryInfo": {
        "classification": "사회관계",
        "readAge": "유아",
        "form": "short-form",
        "plotSummaryText": "터무니없는 이자를 받으면서 사람들을 괴롭히고 다녔던 고마다가 아버지를 마구 때리고 있었습니다.",
        "textWordEA": 11
      }
    },
    {
      "srcTextID": "109981",
      "srcText": "고마다에게 빌린 돈은 눈덩이처럼 불어나 갚을 수가 없었던 거예요. 아버지는 병이 들어 그만 자리에 눕고 말았답니다. 관순은 아버지를 정성껏 보살폈어요.",
      "srcPage": 6,
      "srcSentenceEA": 3,
      "srcWordEA": 22,
      "character": "고마다,돈,아버지,관순",
      "setting": null,
      "action": "빌린,눕고,보살폈어요",
      "feeling": null,
      "causalRelationship": null,
      "outcomeResolution": null,
      "prediction": null,
      "plotSummaryInfoCount": 1,
      "plotSummaryInfo": {
        "classification": "사회관계",
        "readAge": "유아",
        "form": "short-form",
        "plotSummaryText": "눈덩이처럼 불어난 돈을 갚을 수 없었던 아버지가 병이 들어서 자리에 눕고 말았는데, 관순이 아버지를 정성껏 보살폈습니다.",
        "textWordEA": 16
      }
    },
    {
      "srcTextID": "109979",
      "srcText": "\"나라를 빼앗긴 아픔을 절대로 잊어서는 안 된다. 일본 놈들보다 더 많이 배우고 더 훌륭한 사람이 되어서 반드시 나라를 되찾아야 해.\"  아버지는 관순의 손을 꼬옥 잡으셨어요. \"휘익, 휘리릭!\" 매서운 겨울 바람이 자꾸만 방문을 때렸어요.",
      "srcPage": 8,
      "srcSentenceEA": 5,
      "srcWordEA": 37,
      "character": "일본 놈들,훌륭한 사람,아버지,관순,방문",
      "setting": "나라",
      "action": "잊어서는 안 된다,배우고,꼬옥 잡으셨어요,때렸어요",
      "feeling": null,
      "causalRelationship": null,
      "outcomeResolution": null,
      "prediction": null,
      "plotSummaryInfoCount": 1,
      "plotSummaryInfo": {
        "classification": "사회관계",
        "readAge": "유아",
        "form": "long-form",
        "plotSummaryText": "나라를 빼앗긴 아픔을 절대로 잊어서는 안 된다면서, 훌륭한 사람이 되어서 반드시 나라를 되찾아야 한다고 아버지가 관순의 손을 잡으면서 말했습니다.",
        "textWordEA": 19
      }
    },
    {
      "srcTextID": "109983",
      "srcText": "\"그래. 절대로 잊지 않을게.\" 관순은 곱단이를 보고 생긋 웃었어요. '열심히 신학문을 배워 꼭 훌륭한 사람이 될 거야. 일본 놈들 혼내줄 힘을 기르면 반드시 우리나라도 되찾을 수 있을 거야.' 관순은 고개를 들어 파아란 하늘을 보았습니다.",
      "srcPage": 11,
      "srcSentenceEA": 5,
      "srcWordEA": 38,
      "character": "관순,곱단이,훌륭한 사람,일본 놈들",
      "setting": "우리나라",
      "action": "보고 생긋 웃었어요,배워,되찾을,들어,보았습니다",
      "feeling": null,
      "causalRelationship": null,
      "outcomeResolution": null,
      "prediction": null,
      "plotSummaryInfoCount": 1,
      "plotSummaryInfo": {
        "classification": "사회관계",
        "readAge": "유아",
        "form": "long-form",
        "plotSummaryText": "절대로 잊지 않겠다고 곱단이를 보고 생긋 웃으며 말하면서, 열심히 신학문을 배워 훌륭한 사람이 되겠다고 관순이는 다짐했습니다.",
        "textWordEA": 16
      }
    },
    {
      "srcTextID": "109998",
      "srcText": "민족 대표들과 만세 운동을 이끈 사람들은 모조리 체포되었습니다. 관순은 경찰의 눈을 피해 얼른 도망쳤어요. 몰래 학교로 돌아온 관순은 다시 만세 운동을 준비했어요.",
      "srcPage": 25,
      "srcSentenceEA": 3,
      "srcWordEA": 24,
      "character": "민족 대표,사람들,관순,경찰",
      "setting": "학교",
      "action": "이끈,체포되었습니다,도망쳤어요,돌아온,준비했어요",
      "feeling": null,
      "causalRelationship": null,
      "outcomeResolution": null,
      "prediction": null,
      "plotSummaryInfoCount": 1,
      "plotSummaryInfo": {
        "classification": "사회관계",
        "readAge": "유아",
        "form": "short-form",
        "plotSummaryText": "경찰의 눈을 피해 도망쳤던 관순이 몰래 학교로 돌아와서 만세 운동을 다시 준비했습니다.",
        "textWordEA": 12
      }
    },
    {
      "srcTextID": "109976",
      "srcText": "훨훨 나는 연을 보기만 해도 기분이 아주 좋았거든요. '나도 언젠가는 저 연처럼 높고 넓은 곳으로 가야지.' 어느새 관순의 마음은 넓은 세상을 날고 있었어요.",
      "srcPage": 3,
      "srcSentenceEA": 3,
      "srcWordEA": 24,
      "character": "연,나,관순",
      "setting": "언젠가는,높고 넓은 곳,넓은 세상",
      "action": "가야지,날고,보기만 해도",
      "feeling": "좋았거든요",
      "causalRelationship": null,
      "outcomeResolution": null,
      "prediction": null,
      "plotSummaryInfoCount": 1,
      "plotSummaryInfo": {
        "classification": "사회관계",
        "readAge": "유아",
        "form": "short-form",
        "plotSummaryText": "훨훨 나는 연을 보기만 해도 기분 좋았는데, 언젠가는 저 연처럼 높고 넓은 곳으로 가겠다고 생각하면서 관순의 마음은 넓은 세상을 날고 있었습니다.",
        "textWordEA": 21
      }
    },
    {
      "srcTextID": "109980",
      "srcText": "\"하느님, 아버지가 빨리 낫게 해주세요.\" 두 손을 모으고 기도를 하는 관순의 눈에서 슬픈 눈물이 흘러내렸어요. \"관순아, 울지마라.\"",
      "srcPage": 7,
      "srcSentenceEA": 3,
      "srcWordEA": 18,
      "character": "하느님,아버지,관순",
      "setting": null,
      "action": "모으고,기도를 하는,흘러내렸어요",
      "feeling": "슬픈",
      "causalRelationship": null,
      "outcomeResolution": null,
      "prediction": null,
      "plotSummaryInfoCount": 1,
      "plotSummaryInfo": {
        "classification": "사회관계",
        "readAge": "유아",
        "form": "short-form",
        "plotSummaryText": "아버지가 빨리 낫게 해달라며 두 손을 모으고 기도를 하는 관순의 눈에서 슬픈 눈물이 흘러내렸습니다.",
        "textWordEA": 14
      }
    },
    {
      "srcTextID": "109984",
      "srcText": "산과 들에 온갖 봄나물이 자라났어요. 예쁜 나비들도 팔랑팔랑 꽃을 찾아 날아왔고요. 관순은 친구들과 함께 나물을 캐고 있었어요.",
      "srcPage": 9,
      "srcSentenceEA": 3,
      "srcWordEA": 19,
      "character": "봄나물,예쁜 나비들,꽃,관순,친구들",
      "setting": "산,들",
      "action": "자라났어요,찾아 날아왔고요,캐고",
      "feeling": null,
      "causalRelationship": null,
      "outcomeResolution": null,
      "prediction": null,
      "plotSummaryInfoCount": 1,
      "plotSummaryInfo": {
        "classification": "사회관계",
        "readAge": "유아",
        "form": "short-form",
        "plotSummaryText": "온갖 봄나물이 산과 들에 자라나자, 친구들과 함께 관순이 나물을 캐고 있었습니다.",
        "textWordEA": 11
      }
    },
    {
      "srcTextID": "109987",
      "srcText": "\"덜컹 덜컹\" 관순이 타고 온 인력거가 붉은 벽돌집 앞에 멈추었어요. \"여기가 바로 이화학당이란다.\"",
      "srcPage": 14,
      "srcSentenceEA": 3,
      "srcWordEA": 14,
      "character": "관순,인력거",
      "setting": "붉은 벽돌집 앞,이화학당",
      "action": "타고,멈추었어요",
      "feeling": null,
      "causalRelationship": null,
      "outcomeResolution": null,
      "prediction": null,
      "plotSummaryInfoCount": 1,
      "plotSummaryInfo": {
        "classification": "사회관계",
        "readAge": "유아",
        "form": "short-form",
        "plotSummaryText": "관순이 타고 온 인력거가 이화학당이라고 하면서, 붉은 벽돌집 앞에 멈추었습니다.",
        "textWordEA": 10
      }
    },
    {
      "srcTextID": "109995",
      "srcText": "마침내 만세 운동을 벌이기로 한 날이에요. 고종 황제의 장례식이 있는 날이었답니다. 사람들은 파고다 공원으로 하나 둘씩 모여들었어요.",
      "srcPage": 22,
      "srcSentenceEA": 3,
      "srcWordEA": 19,
      "character": "고종 황제,사람들",
      "setting": "장례식이 있는 날,파고다 공원",
      "action": "모여들었어요",
      "feeling": null,
      "causalRelationship": null,
      "outcomeResolution": null,
      "prediction": null,
      "plotSummaryInfoCount": 1,
      "plotSummaryInfo": {
        "classification": "사회관계",
        "readAge": "유아",
        "form": "short-form",
        "plotSummaryText": "고종 황제의 장례식이 있는 날에 만세 운동을 벌이기로 했는데, 파고다 공원으로 사람들이 하나둘씩 모여들었습니다.",
        "textWordEA": 14
      }
    },
    {
      "srcTextID": "109997",
      "srcText": "관순은 친구들과 함께 태극기를 나누어 주었어요. 고종 황제의 억울한 죽음을 슬퍼하는 통곡 소리와 함께 공원은 온통 태극기로 물결쳤어요. \"탕! 탕! 탕!\" 일본 경찰들은 총을 마구 쏘아 댔어요.",
      "srcPage": 24,
      "srcSentenceEA": 5,
      "srcWordEA": 31,
      "character": "관순,친구들,태극기,고종 황제,일본 경찰들,총",
      "setting": "공원",
      "action": "나누어 주었어요,물결쳤어요,쏘아 댔어요",
      "feeling": "슬퍼하는",
      "causalRelationship": null,
      "outcomeResolution": null,
      "prediction": null,
      "plotSummaryInfoCount": 1,
      "plotSummaryInfo": {
        "classification": "사회관계",
        "readAge": "유아",
        "form": "long-form",
        "plotSummaryText": "관순은 친구들과 함께 태극기를 나누어 주었는데, 온통 태극기로 물결친 공원에서 일본 경찰들이 총을 마구 쏘아 댔습니다.",
        "textWordEA": 16
      }
    },
    {
      "srcTextID": "110007",
      "srcText": "드디어 3월 1일 아침이 밝았어요. 관순은 어릴 적 연을 날리던 매봉 언덕에 올랐어요. 어젯밤부터 타오르기 시작한 횃불은 봉우리마다 불을 놓은 듯 활활 불길을 뿜어 내고 있었어요.",
      "srcPage": 32,
      "srcSentenceEA": 3,
      "srcWordEA": 28,
      "character": "관순,연,횃불",
      "setting": "3월 1일 아침,매봉 언덕,어젯밤,봉우리",
      "action": "날리던,올랐어요,타오르기,뿜어 내고",
      "feeling": null,
      "causalRelationship": null,
      "outcomeResolution": null,
      "prediction": null,
      "plotSummaryInfoCount": 1,
      "plotSummaryInfo": {
        "classification": "사회관계",
        "readAge": "유아",
        "form": "short-form",
        "plotSummaryText": "3월 1일 아침이 밝자 관순은 매봉 언덕에 올랐는데, 봉우리마다 불을 놓은 듯 횃불이 불길을 뿜어내고 있었습니다.",
        "textWordEA": 16
      }
    },
    {
      "srcTextID": "110006",
      "srcText": "높이 쌓은 쌀 가마니 위로 올라간 관순은 목이 터져라 만세를 외쳤어요. \"대한 독립 만세! 만세! 만세!\" 그러자 장터에 모인 사람들도 일제히 만세를 불렀어요.",
      "srcPage": 34,
      "srcSentenceEA": 5,
      "srcWordEA": 26,
      "character": "관순,사람",
      "setting": "쌀가마니 위,장터",
      "action": "올라간,만세를 외쳤어요,불렀어요",
      "feeling": null,
      "causalRelationship": null,
      "outcomeResolution": null,
      "prediction": null,
      "plotSummaryInfoCount": 1,
      "plotSummaryInfo": {
        "classification": "사회관계",
        "readAge": "유아",
        "form": "long-form",
        "plotSummaryText": "쌀 가마니 위로 올라간 관순이 대한 독립 만세라고 목이 터지라 외치자, 장터에 모인 사람들도 일제히 만세를 불렀습니다.",
        "textWordEA": 17
      }
    },
    {
      "srcTextID": "110001",
      "srcText": "관순의 두 눈은 어느 때보다 반짝였습니다. 아버지는 어엿한 조국의 딸로 자란 관순이 너무나 자랑스러웠습니다. \"그래. 우리 모두가 앞장 서자꾸나!\"",
      "srcPage": 28,
      "srcSentenceEA": 3,
      "srcWordEA": 21,
      "character": "관순,아버지,딸,우리",
      "setting": null,
      "action": "자란,앞장 서자꾸나",
      "feeling": "자랑스러웠습니다",
      "causalRelationship": null,
      "outcomeResolution": null,
      "prediction": null,
      "plotSummaryInfoCount": 1,
      "plotSummaryInfo": {
        "classification": "사회관계",
        "readAge": "유아",
        "form": "short-form",
        "plotSummaryText": "조국의 딸로 자란 관순이 자랑스러웠던 아버지가, 우리 모두 앞장서자고 말했습니다.",
        "textWordEA": 10
      }
    },
    {
      "srcTextID": "110009",
      "srcText": "관순은 감옥에서 모진 매를 맞았어요. 결국 관순은 열일곱 살의 어린 나이로 감옥에서 세상을 떠나고 말았어요. 관순이 벌인 만세 운동은 전 세계에 우리 나라의 힘을 알리는 데 큰 역할을 했답니다. 그리고 관순의 나라 사랑하는 마음은 영원히 우리들 가슴속에 남아 있어요.",
      "srcPage": 37,
      "srcSentenceEA": 4,
      "srcWordEA": 42,
      "character": "관순",
      "setting": "감옥,세상,전 세계",
      "action": "맞았어요,떠나고,알리는",
      "feeling": null,
      "causalRelationship": null,
      "outcomeResolution": null,
      "prediction": null,
      "plotSummaryInfoCount": 1,
      "plotSummaryInfo": {
        "classification": "사회관계",
        "readAge": "유아",
        "form": "long-form",
        "plotSummaryText": "감옥에서 모진 매를 맞았던 관순은 열일곱 살의 어린 나이로 세상을 떠나고 말았는데, 관순이 벌인 만세 운동은 우리나라의 힘을 전 세계에 알리는 데 큰 역할을 했습니다.",
        "textWordEA": 25
      }
    },
    {
      "srcTextID": "110008",
      "srcText": "\"저 계집아이를 잡아라!\" 일본 경찰들이 관순에게로 달려들었어요. 일본 경찰들이 쏘아 댄 총으로 장터는 순식간에 피바다를 이루었답니다.",
      "srcPage": 35,
      "srcSentenceEA": 3,
      "srcWordEA": 18,
      "character": "계집아이,일본 경찰,관순,총",
      "setting": "장터",
      "action": "달려들었어요,쏘아 댄",
      "feeling": null,
      "causalRelationship": null,
      "outcomeResolution": null,
      "prediction": null,
      "plotSummaryInfoCount": 1,
      "plotSummaryInfo": {
        "classification": "사회관계",
        "readAge": "유아",
        "form": "short-form",
        "plotSummaryText": "관순에게 달려든 일본 경찰들이 총을 쏘아 댔고, 장터는 순식간에 피바다를 이루었답니다.",
        "textWordEA": 11
      }
    },
    {
      "srcTextID": "110010",
      "srcText": "관순의 아버지와 오빠도 총에 맞아 쓰러졌어요. 관순은 끓어오르는 슬픔을 참으며 감옥으로 끌려갔어요.  \"누가 시킨 짓이냐? 이름을 대라!\"",
      "srcPage": 36,
      "srcSentenceEA": 4,
      "srcWordEA": 19,
      "character": "관순,아버지,오빠,총",
      "setting": "감옥",
      "action": "맞아 쓰러졌어요,끌려갔어요,시킨",
      "feeling": "끓어오르는 슬픔",
      "causalRelationship": null,
      "outcomeResolution": null,
      "prediction": null,
      "plotSummaryInfoCount": 1,
      "plotSummaryInfo": {
        "classification": "사회관계",
        "readAge": "유아",
        "form": "long-form",
        "plotSummaryText": "관순의 아버지와 오빠도 총에 맞아 쓰러졌는데, 끓어오르는 슬픔을 참고 있던 관순이 감옥으로 끌려가게 되었습니다.",
        "textWordEA": 14
      }
    }
  ]
}