{
  "title": "정약용",
  "author": "좋은글샘",
  "illustrator": "정혜정",
  "isbn": "9788992636650",
  "publishedYear": 2007,
  "publisher": "교연아카데미",
  "paragraphInfoCount": 16,
  "paragraphInfo": [
    {
      "srcTextID": "130593",
      "srcText": "약용은 움찔하며 방으로 들어갔어요. \"종아리 걷어라!\" 아버지는 긴 회초리를 준비해 두고 계셨어요. \"가난한 농부가 애써 지은 농사를 다 망쳐 놓고, 어찌 네가 사람이라 할 수 있겠느냐?\" 약용은 종아리에 빠알간 줄이 나도록 매를 맞았어요. 약용의 눈에서 닭똥 같은 눈물이 뚝뚝 떨어졌어요. 철부지 약용이 이제 철이 드나 봅니다. ",
      "srcPage": 4,
      "srcSentenceEA": 7,
      "srcWordEA": 50,
      "character": "약용,아버지",
      "setting": "방으로",
      "action": "들어갔어요,매를 맞았어요",
      "feeling": null,
      "causalRelationship": null,
      "outcomeResolution": null,
      "prediction": null,
      "plotSummaryInfoCount": 1,
      "plotSummaryInfo": {
        "classification": "사회관계",
        "readAge": "유아",
        "form": "long-form",
        "plotSummaryText": "아버지는 긴 회초리로 약용의 종아리를 빨간 줄이 나도록 매질을 했으며, 약용은 맞으며 닭똥 같은 눈물을 흘렸습니다.",
        "textWordEA": 16
      }
    },
    {
      "srcTextID": "130594",
      "srcText": "이 일이 있은 뒤로 약용의 장난은 눈에 띄게 줄었어요. 책을 읽는 시간도 많아졌고요. 어느 날, 약용이 외가에서 책을 한 보따리 빌려 나귀 등에 긷고 올 때였어요. 지나가던 선비가 약용을 신기한 듯 쳐다보았어요. 며칠 후 약용과 선비는 길에서 다시 마주쳤어요. 이번에도 책을 잔뜩 싣고 가는 약용에게 선비가 물었어요. \"책은 읽어야지, 나귀 등에 싣고 다니기만 해서야 쓰겠느냐?\" 그러자 약용이 또랑또랑한 목소리로 대답했어요. \"이미 다 읽었는걸요.\" 약용은 책 속에 있는 글을 줄줄 외웠어요. 선비는 너무 놀라 입이 딱 벌어졌어요.",
      "srcPage": 5,
      "srcSentenceEA": 11,
      "srcWordEA": 84,
      "character": "약용,선비",
      "setting": null,
      "action": "책은 읽어야지,나귀 등에 싣고,이미 다 읽었는걸요",
      "feeling": null,
      "causalRelationship": null,
      "outcomeResolution": null,
      "prediction": null,
      "plotSummaryInfoCount": 1,
      "plotSummaryInfo": {
        "classification": "사회관계",
        "readAge": "유아",
        "form": "long-form",
        "plotSummaryText": "약용이 한 번은 책을 나귀 등에 긷고 오던 약용을 길을 가다 두 번째로 만난 선비가 책을 싣고 다니기만 하면 안 된다고 다그치자 이미 다 읽었다고 답하며 선비가 놀란 일이 있었습니다.",
        "textWordEA": 30
      }
    },
    {
      "srcTextID": "130601",
      "srcText": "정약용이 서른 살쯤 되었을 때에 아버님이 돌아가셨어요. 하지만 오랫동안 슬퍼할 수는 없었어요. 임금님이 정약용을 급히 부르셨기 때문이에요. \"수원에 성을 쌓으려고 하니 좋은 방법을 찾아보시오.\" 임금님은 정약용이라면 성을 잘 쌓을 수 있을 것 같았어요. 성을 쌓는 일은 힘이 들고 시간도 오래 걸리는 일이었거든요. 정약용은 여러 날 깊은 생각에 잠기더니 마침내 거중기라는 기계를 만들었어요. 거중기는 무거운 돌을 쉽게 들어올리는 기계랍니다. 거중기 덕분에 성을 쌓는 일은 훨씬 쉬워졌고, 어느 새 튼튼한 수원성이 우뚝 서게 되었답니다.",
      "srcPage": 10,
      "srcSentenceEA": 9,
      "srcWordEA": 79,
      "character": "정약용,임금님",
      "setting": "수원",
      "action": "성을 쌓으려고 하니 좋은 방법을 찾아보시오,거중기라는 기계를 만들었어요",
      "feeling": null,
      "causalRelationship": null,
      "outcomeResolution": null,
      "prediction": null,
      "plotSummaryInfoCount": 1,
      "plotSummaryInfo": {
        "classification": "사회관계",
        "readAge": "유아",
        "form": "long-form",
        "plotSummaryText": "임금님은 정약용에게 수원에 성을 쌓을 방법을 찾아내라고 해 그는 깊은 생각에 잠기더니 무거운 돌을 쉽게 들어 올리는 거중기라는 기계를 만들었습니다.",
        "textWordEA": 20
      }
    },
    {
      "srcTextID": "130604",
      "srcText": "정약용은 작은 바닷가 마을을 다스리게 되었어요. 바닷가의 땅들은 거칠어서 농사를 지을 수가 없었어요. 그러자 배가 고픈 사람들은 툭하면 싸움질을 했어요. '이 백성들을 잘 살게 할 수는 없을까?' 어느 겨울날, 정약용은 바위 틈에서 물이 얼지 않고 흐르는 것을 보고 무릎을 탁 쳤어요. '옳지, 저 물을 얼려 여름에 쓰면 좋겠는걸.' 정약용은 웅덩이에 기름 종이를 깔고 물을 받아 얼렸어요. 그리고 녹지 않도록 땅 위에 짚을 두껍게 덮었어요. 다음 해 여름은 유난히 더워 마을마다 난리였어요. 정약용은 마을 사람들에게 얼음을 나누어 주었어요. 마을 사람들은 이웃 마을에 얼음을 나누어 주었고요. 정약용은 마을 사람들에게 어려울 때 서로 돕는 아름다운 마음을 일깨워 준 거랍니다.",
      "srcPage": 12,
      "srcSentenceEA": 12,
      "srcWordEA": 105,
      "character": "정약용,백성들",
      "setting": "바닷가 마을",
      "action": "다스리게 되었어요,얼음을 나누어 주었어요",
      "feeling": null,
      "causalRelationship": null,
      "outcomeResolution": null,
      "prediction": null,
      "plotSummaryInfoCount": 1,
      "plotSummaryInfo": {
        "classification": "사회관계",
        "readAge": "유아",
        "form": "long-form",
        "plotSummaryText": "정약용은 작은 바닷가 마을을 다스리게 되면서 기름종이를 깔아 물을 얼리는 방식으로 얼음을 만들었고, 더울 때 마을 사람들에게 얼음을 나누어 주며 어려울 때 서로 돕는 아름다운 마음을 그들에게 일깨워 주었습니다.",
        "textWordEA": 29
      }
    },
    {
      "srcTextID": "130605",
      "srcText": "정약용을 아끼던 임금님이 돌아가시고 어린 아들이 뒤를 이어 새 임금님이 되었어요. 신하들은 편을 갈라 전보다 더 심하게 싸웠어요. 또, 천주교를 믿는 사람들을 마구 잡아들였어요. \"서양 귀신을 믿는 놈들은 아주 혼쭐나야 해!\" 천주교를 믿는 많은 사람들이 심한 매를 맞고 피를 흘리며 죽어 갔어요. 정약용도 형들과 함께 끌려와 감옥에 갇혔어요. 못된 신하들은 이번 기회에 정약용을 죽이려고 생각했어요. 정약용은 겨우 목숨만은 건지고 멀리 쫓겨났어요. 셋째 형은 감옥에서 그만 목숨을 잃고 말았고요. ",
      "srcPage": 13,
      "srcSentenceEA": 9,
      "srcWordEA": 75,
      "character": "정약용,임금님",
      "setting": null,
      "action": "천주교를 믿는,끌려와 감옥에 갇혔어요,매를 맞고 피를 흘리며 죽어 갔어요",
      "feeling": null,
      "causalRelationship": null,
      "outcomeResolution": null,
      "prediction": null,
      "plotSummaryInfoCount": 1,
      "plotSummaryInfo": {
        "classification": "사회관계",
        "readAge": "유아",
        "form": "long-form",
        "plotSummaryText": "임금님이 돌아가시고 어린 아들이 뒤를 잇자, 신하들은 천주교를 믿는 사람들을 잡아들여서 심한 매질을 해 많은 사람들을 죽였는데, 정약용도 형들과 끌려와 죽을 뻔하다가 목숨만 건지고 멀리 쫓겨났습니다.",
        "textWordEA": 26
      }
    },
    {
      "srcTextID": "130608",
      "srcText": "정약용이 쓴 책들은 오백 권도 넘는답니다. 그 중에 목민심서라는 책은 아주 유명하지요. 백성을 잘 다스리기 위해 마을 수령이 갖추어야 할 마음 자세가 적혀 있어요. 경세유표라는 책은 나라의 여러 제도에 대해 쓴 책이고요. 정약용의 책들은 실제 생활에 도움이 되는 것들로 가득 차 있어요. 나라와 백성을 위하는 정약용의 아름다운 마음이 담겨 있지요. 정약용은 멀리 쫓겨나 있어도 항상 백성이 잘 살고 나라가 잘 되기를 바라며 살아온 분이었답니다.",
      "srcPage": 15,
      "srcSentenceEA": 7,
      "srcWordEA": 70,
      "character": "정약용",
      "setting": null,
      "action": "쓴 책,오백 권도 넘는답니다,백성이 잘 살고 나라가 잘 되기를",
      "feeling": "아름다운 마음이",
      "causalRelationship": null,
      "outcomeResolution": null,
      "prediction": null,
      "plotSummaryInfoCount": 1,
      "plotSummaryInfo": {
        "classification": "사회관계",
        "readAge": "유아",
        "form": "long-form",
        "plotSummaryText": "정약용이 쓴 책들은 오백 권도 넘으며, 목민심서에는 백성을 잘 다스리기 위한 마을 수령이 갖추어야 할 마음 자세가, 경세유표에는 여러 제도에 대해 쓰여 있었으며 그는 백성과 나라가 진심으로 잘되기를 바랐습니다.",
        "textWordEA": 29
      }
    },
    {
      "srcTextID": "130589",
      "srcText": "약용은 호박을 뭉개느라 농부가 오는 줄도 몰랐답니다. \"나으리! 제발 도련님 좀 말려 주세요!\" 농부는 얼른 약용의 집으로 달려갔어요. 아버지는 농부의 말을 듣고 미안한 마음을 감출 수가 없었어요.",
      "srcPage": 2,
      "srcSentenceEA": 4,
      "srcWordEA": 30,
      "character": "약용,농부,아버지",
      "setting": null,
      "action": "호박을 뭉개느라,집으로 달려갔어요",
      "feeling": null,
      "causalRelationship": null,
      "outcomeResolution": null,
      "prediction": null,
      "plotSummaryInfoCount": 1,
      "plotSummaryInfo": {
        "classification": "사회관계",
        "readAge": "유아",
        "form": "long-form",
        "plotSummaryText": "약용은 호박을 뭉개느라 농부가 오는 줄도 몰랐고, 농부가 약용의 아버지에게 약용 좀 말려달라 하자 미안해 했습니다.",
        "textWordEA": 16
      }
    },
    {
      "srcTextID": "130592",
      "srcText": "'이 녀석 들어오기만 해 봐라.' 아버지는 화가 크게 나셨어요. \"어머니, 배 고파요!\" 장난꾸러기 약용이 아무 것도 모른 채 들어왔어요. \"약용아, 너 이리 좀 들어오너라!\"",
      "srcPage": 3,
      "srcSentenceEA": 5,
      "srcWordEA": 26,
      "character": "아버지,어머니,약용",
      "setting": null,
      "action": "아무 것도 모른 채 들어왔어요",
      "feeling": "화가 크게 나셨어요",
      "causalRelationship": null,
      "outcomeResolution": null,
      "prediction": null,
      "plotSummaryInfoCount": 1,
      "plotSummaryInfo": {
        "classification": "사회관계",
        "readAge": "유아",
        "form": "long-form",
        "plotSummaryText": "아버지는 크게 화나셨으며 약용이 아무것도 모른 채 돌아오자, 아버지가 이리 오라고 말했습니다.",
        "textWordEA": 12
      }
    },
    {
      "srcTextID": "130596",
      "srcText": "정약용은 열다섯 살에 결혼을 했어요. 그리고 온 가족이 임금님이 계신 한양으로 이사를 갔답니다. 아버지가 높은 벼슬을 하시게 되었거든요. '한양에 가면 글을 많이 읽은 어르신들과 매형을 만나 볼 수 있을 거야.' 매형은 정약용이 모르는 것이 있을 때마다 친절하게 가르쳐 주었어요. 서양에 대해 씌어 있는 책들도 이것저것 보여 주었고요. 서양을 소개한 책에는 실제 생활에 관한 것뿐만 아니라 하느님을 믿는 천주교에 대해서도 씌어 있었어요. 정약용은 이 책을 통해서 새로운 것들을 많이 깨닫게 되었답니다.",
      "srcPage": 6,
      "srcSentenceEA": 8,
      "srcWordEA": 76,
      "character": "정약용,매형",
      "setting": null,
      "action": "결혼을 했어요,가르쳐 주었어요",
      "feeling": "친절하게",
      "causalRelationship": null,
      "outcomeResolution": null,
      "prediction": null,
      "plotSummaryInfoCount": 1,
      "plotSummaryInfo": {
        "classification": "사회관계",
        "readAge": "유아",
        "form": "long-form",
        "plotSummaryText": "정약용은 열다섯 살에 결혼하고 아버지가 벼슬을 하시게 되며 온 가족이 한양으로 이사를 갔으며 서양 책들을 통해 실제 생활과 천주교에 대해 접해 많을 깨달음을 얻었습니다.",
        "textWordEA": 24
      }
    },
    {
      "srcTextID": "130597",
      "srcText": "정약용의 학문은 날이 갈수록 깊어졌어요. '학문을 통해 백성들을 돕는 길이 없을까?' 곰곰이 생각하던 정약용은 과거 시험을 치르기로 했답니다. 얼마 후, 정약용은 과거 시험에 합격했어요. 나라 일을 맡게 된 정약용은 전보다 더 열심히 배우고 익혔답니다. 임금님은 정약용을 자주 불러 새로운 학문에 대해 많은 것을 물어 보았어요. 그 때마다 정약용은 알기 쉽게 풀이해서 말씀드렸어요. \"옳지, 옳아.\" 정약용은 임금님의 사랑을 한몸에 받았어요.",
      "srcPage": 7,
      "srcSentenceEA": 9,
      "srcWordEA": 65,
      "character": "정약용,임금님",
      "setting": null,
      "action": "과거 시험에 합격했어요,물어 보았어요,자주 불러",
      "feeling": null,
      "causalRelationship": null,
      "outcomeResolution": null,
      "prediction": null,
      "plotSummaryInfoCount": 1,
      "plotSummaryInfo": {
        "classification": "사회관계",
        "readAge": "유아",
        "form": "long-form",
        "plotSummaryText": "정약용은 학문을 통해 백성들을 돕기 위해 과거 시험에 합격했으며, 임금님이 그를 자주 불러 새로운 학문에 대해 많은 것을 물어보면 그는 알기 쉽게 풀이해서 가르쳐줬습니다.",
        "textWordEA": 24
      }
    },
    {
      "srcTextID": "130598",
      "srcText": "임금님은 정약용을 끔찍이 아꼈어요. 정약용의 글을 읽을 때면 얼굴 가득 웃음을 지으셨답니다. 임금님은 신하들을 만날 때면 항상 정약용을 칭찬했어요. \"여러분도 정약용을 본받아 학문에 힘쓰도록 하시오.\" 그럴수록 정약용은 더욱 자기를 낮추고 남을 높이려고 했어요. 신하들은 그런 정약용이 얄미웠어요. 정약용은 조상도 모르는 나쁜 학문에 빠져 있는 데다, 서양 귀신을 믿는다고 헐뜯었어요.",
      "srcPage": 8,
      "srcSentenceEA": 7,
      "srcWordEA": 54,
      "character": "임금님,정약용,신하들은",
      "setting": null,
      "action": "끔찍이 아꼈어요",
      "feeling": "얄미웠어요",
      "causalRelationship": null,
      "outcomeResolution": null,
      "prediction": null,
      "plotSummaryInfoCount": 1,
      "plotSummaryInfo": {
        "classification": "사회관계",
        "readAge": "유아",
        "form": "long-form",
        "plotSummaryText": "임금님은 정약용을 아끼며 신하들을 만날 때면 그를 칭찬했는데, 그럴수록 신하들은 정약용이 얄미웠기에, 나쁜 학문에 빠진 그가 서양 귀신을 믿는다고 헐뜯었습니다.",
        "textWordEA": 20
      }
    },
    {
      "srcTextID": "130600",
      "srcText": "\"임금님, 정약용을 멀리 내쫓아야 합니다.\" \"서양 귀신을 믿는 정약용에게 벌을 주어야 합니다.\" 신하들은 날마다 임금님께 이런 글을 올렸어요. 그리고 정약용이 궁궐에 들어와서는 안 된다고 말했어요. 신하들은 서양 귀신을 믿는 천주교가 나라를 망친다고 생각했어요. 임금님은 정약용을 궁궐과 멀리 떨어진 작은 마을로 보낼 수밖에 없었어요. 하지만 정약용이 천주교와 관계가 없다는 사실이 곧 드러났어요. 임금님은 정약용을 얼른 다시 한양으로 부르셨답니다. 백성들을 괴롭히는 못된 무리는 모두 물리쳤지만, 나라 안은 여전히 혼란스러웠습니다.",
      "srcPage": 9,
      "srcSentenceEA": 9,
      "srcWordEA": 74,
      "character": "임금님,정약용,신하들",
      "setting": null,
      "action": "멀리 내쫓아야 합니다,말했어요",
      "feeling": null,
      "causalRelationship": null,
      "outcomeResolution": null,
      "prediction": null,
      "plotSummaryInfoCount": 1,
      "plotSummaryInfo": {
        "classification": "사회관계",
        "readAge": "유아",
        "form": "long-form",
        "plotSummaryText": "신하들이 정약용이 서양 귀신을 믿어 나라를 망치고 있다고 임금님에게 글을 올리자, 임금님은 어쩔 수 없이 그를 궁궐과 먼 작은 마을로 보냈는데 정약용이 천주교와 관계가 없다는 사실이 드러나자 임금님은 얼른 다시 한양으로 불렀다.",
        "textWordEA": 32
      }
    },
    {
      "srcTextID": "130602",
      "srcText": "정약용을 더욱 믿게 된 임금님은 다시 큰 일을 맡기셨어요. \"암행 어사가 되어 백성들이 편안히 살고 있는지 알아보시오.\" 암행어사란 마을을 돌아다니면서 눈에 띄지 않게 백성들을 살펴보는 사람이지요. 정약용은 전국을 돌아다니며 백성들의 아우성을 들었어요. 마을의 관리들이 일만 부려먹고 먹을 것을 제대로 주지 않았기 때문이에요. 정약용은 임금님께 이 사실을 알려 욕심 많은 관리들을 벌주게 했어요. 임금님은 정약용 덕분에 바른 정치를 할 수 있었답니다.",
      "srcPage": 11,
      "srcSentenceEA": 7,
      "srcWordEA": 65,
      "character": "정약용,임금님,암행 어사,백성들",
      "setting": null,
      "action": "편안히 살고 있는지 알아보시오",
      "feeling": null,
      "causalRelationship": null,
      "outcomeResolution": null,
      "prediction": null,
      "plotSummaryInfoCount": 1,
      "plotSummaryInfo": {
        "classification": "사회관계",
        "readAge": "유아",
        "form": "long-form",
        "plotSummaryText": "정약용을 더욱 믿게 된 임금님은 이번엔 암행어사가 되어 백성들이 삶을 평안히 살고 있는지 알아보라고 했습니다.",
        "textWordEA": 15
      }
    },
    {
      "srcTextID": "130607",
      "srcText": "정약용은 작고 누추한 집에서 18년을 외롭게 살아야 했어요. 고향이 너무 그리울 때면 뒷동산에 올라가 남몸래 눈물을 흘리기도 했어요. 그러나 한숨만 쉬고 있을 수는 없었어요. 백성들이 편안하게 살도록 하기 위해서 정약용은 자신이 알고 있는 모든 것을 글로 남기기로 했어요. 하인은 하루 종일 어두컴컴한 방 안에서 글만 써 내려가는 정약용의 건강이 걱정되었어요. \"나으리, 밖으로 나와서 맑은 공기라도 쐬시지요.\" 그럴 때마다 정약용은 나직한 목소리로 대답했어요. \"나중에 나감세. 지금은 할 일이 너무 많네.\" 정약용의 붓놀림에는 갈수록 힘이 주어졌어요.",
      "srcPage": 14,
      "srcSentenceEA": 10,
      "srcWordEA": 81,
      "character": "정약용,하인은",
      "setting": "작고 누추한 집,어두컴컴한 방 안",
      "action": "글만 써 내려가는",
      "feeling": null,
      "causalRelationship": null,
      "outcomeResolution": null,
      "prediction": null,
      "plotSummaryInfoCount": 1,
      "plotSummaryInfo": {
        "classification": "사회관계",
        "readAge": "유아",
        "form": "long-form",
        "plotSummaryText": "정약용은 누추한 집에서 18년을 살며 백성들이 편안하게 살도록 하기 위해서 글을 남기기로 다짐하고 하루 종일 글만 써 내려갔습니다.",
        "textWordEA": 18
      }
    },
    {
      "srcTextID": "130609",
      "srcText": "정약용은 쉰여덟 살이 되어 고향에 돌아올 수 있었어요. 고향에 돌아온 정약용은 낮에는 손수 농사를 짓고, 밤에는 글을 계속 썼어요. 정약용은 백성들을 어리석게 보고 농사일을 부끄럽게 여기는 다른 선비들과는 달랐어요. 정약용은 언제 어디서나 백성들을 위해서 살고 싶었어요. 정약용은 75세 되던 해 고향 집에서 조용히 눈을 감았어요. 지금도 많은 학자들이 정약용의 학문을 연구하며 따뜻한 마음을 본받고 있답니다.",
      "srcPage": 16,
      "srcSentenceEA": 6,
      "srcWordEA": 60,
      "character": "정약용",
      "setting": "쉰여덟 살이 되어",
      "action": "고향에 돌아올 수 있었어요,낮에는 손수 농사를 짓고,밤에는 글을 계속 썼어요",
      "feeling": null,
      "causalRelationship": null,
      "outcomeResolution": null,
      "prediction": null,
      "plotSummaryInfoCount": 1,
      "plotSummaryInfo": {
        "classification": "사회관계",
        "readAge": "유아",
        "form": "long-form",
        "plotSummaryText": "정약용은 쉰여덟 살이 돼서야 고양에 돌아올 수 있었으며 낮에는 손수 농사를 짓고 밤에는 글을 쓰며 75세 되던 해 집에서 조용히 눈을 감았습니다.",
        "textWordEA": 22
      }
    },
    {
      "srcTextID": "130590",
      "srcText": "약용의 발길질에 엉덩이만한 호박들이 퍽퍽 뭉개졌어요. 호박밭은 금세 누런 호박들로 뒤범벅이 되었어요. \"아이구, 도련님. 이거 없으면 우리 굶어 죽어요!\" 농부가 멀리서 발을 동동 구르며 뛰어왔어요.",
      "srcPage": 1,
      "srcSentenceEA": 5,
      "srcWordEA": 28,
      "character": "약용,농부",
      "setting": null,
      "action": "발길질에,호박들이 퍽퍽 뭉개졌어요,뛰어왔어요",
      "feeling": null,
      "causalRelationship": null,
      "outcomeResolution": null,
      "prediction": null,
      "plotSummaryInfoCount": 1,
      "plotSummaryInfo": {
        "classification": "사회관계",
        "readAge": "유아",
        "form": "long-form",
        "plotSummaryText": "약용이 발길질로 호박들을 뭉개버리자, 농부가 멀리서 발을 동동 구르며 뛰어와서 이거 없으면 굶게 된다고 말했습니다.",
        "textWordEA": 15
      }
    }
  ]
}