{
  "title": "피카소",
  "author": "신옥철",
  "illustrator": "민은경",
  "isbn": "9788992636469",
  "publishedYear": 2007,
  "publisher": "교연아카데미",
  "paragraphInfoCount": 17,
  "paragraphInfo": [
    {
      "srcTextID": "122887",
      "srcText": "피카소는 친구들과 만나면 항상 다른 사람의 말을 들어 주는 편이었대요. 하지만 반대 의견이 있을 땐 언제나 분명하게 말했답니다. 또 그림을 그릴 때는 근처에 사람들을 얼씬도 못하게 했지요. 하지만 친구 없이는 하루도 살지 못했다고 해요. 피카소는 자신의 그림이 팔리는 것에 크게 신경을 쓰지 않았아요. 오히려 그림이 팔리면 초라한 기분에 빠졌고, 가격 흥정이 시작될 지경에 이르면 그냥 줘 버렸다고 하니까요. 나중에 갖게 되는 큰 별장은 피카소의 그림 한 장으로 그 값을 대신했다고 전해지기도 합니다.",
      "srcPage": 12,
      "srcSentenceEA": 7,
      "srcWordEA": 78,
      "character": "피카소,친구들,그림,사람",
      "setting": "별장",
      "action": "만나면,그릴 때는,팔리는,줘 버렸다고,갖게,대신했다고",
      "feeling": "초라한",
      "causalRelationship": null,
      "outcomeResolution": null,
      "prediction": null,
      "plotSummaryInfoCount": 1,
      "plotSummaryInfo": {
        "classification": "사회관계",
        "readAge": "유아",
        "form": "long-form",
        "plotSummaryText": "피카소는 그림을 그릴 때는 근처에 사람들을 얼씬도 못 하게 했지만 친구들 없이는 하루도 살지 못했고, 또 자신의 그림이 팔리는 것에 크게 신경을 쓰지 않았는데, 오히려 그림이 팔리면 초라한 기분에 빠졌고, 가격 흥정이 시작될 지경에 이르면 그냥 줘 버렸다고 할 정도였고, 나중에 갖게 되는 큰 별장도 피카소의 그림 한 장으로 그 값을 대신했다고 전해지기도 한다.",
        "textWordEA": 54
      }
    },
    {
      "srcTextID": "122892",
      "srcText": "피카소는 그림으로 억만장자가 되었어요. 피카소는 친구들과 함께 화려한 파티도 열면서 즐겁게 살았답니다. 그러나 피카소의 마지막 모습은 수수하면서도 편안한 모습이었어요. 부인과 가까운 친구들이 지켜보는 가운데 보르나르 성에 조용히 묻혔다고 해요. 아마도 피카소가 성대한 장례식을 원하지 않았기 때문일 거예요. 텔레비전은 온 세계에 피카소의 죽음을 알렸어요. 위대한 화가 피카소의 죽음을 슬퍼하는 소리는 세계를 들썩거리게 했지요. 나이가 들수록 젊은 생각으로 더욱 신사가 되었던 피카소의 명성은 그가 남긴 수천 점의 그림이 잘 말해 준답니다. 또 피카소를 위한 미술관과 기념관이 있어 영원히 잊혀지지 않을 거예요.",
      "srcPage": 17,
      "srcSentenceEA": 9,
      "srcWordEA": 87,
      "character": "피카소,친구들,텔레비전,부인,억만장자,장례식,그림",
      "setting": "보르나르 성",
      "action": "알렸어요,살았답니다",
      "feeling": "즐겁게,슬퍼하는",
      "causalRelationship": null,
      "outcomeResolution": null,
      "prediction": null,
      "plotSummaryInfoCount": 1,
      "plotSummaryInfo": {
        "classification": "사회관계",
        "readAge": "유아",
        "form": "long-form",
        "plotSummaryText": "피카소는 그림으로 억만장자가 되어 친구들과 함께 화려한 파티도 열면서 즐겁게 살았고, 부인과 가까운 친구들이 지켜보는 가운데 보르나르 성에 조용히 묻혔다고 하는데, 텔레비전이 온 세계에 그의 죽음을 알리자 슬퍼하는 소리로 세계가 들썩거렸고, 피카소의 명성은 그가 남긴 수천 점의 그림이 잘 말해 준다.",
        "textWordEA": 41
      }
    },
    {
      "srcTextID": "122032",
      "srcText": "반짝반짝 금모래밭에 꼬마 피카소가 예쁜 집을 지었어요. \"어엄마, 아아빠!\" 피카소가 더듬더듬 말을 배울 때였지요.",
      "srcPage": 1,
      "srcSentenceEA": 3,
      "srcWordEA": 15,
      "character": "피카소,엄마,아빠,꼬마",
      "setting": "금모래밭,집",
      "action": "지었어요,배울",
      "feeling": null,
      "causalRelationship": null,
      "outcomeResolution": null,
      "prediction": null,
      "plotSummaryInfoCount": 1,
      "plotSummaryInfo": {
        "classification": "사회관계",
        "readAge": "유아",
        "form": "short-form",
        "plotSummaryText": "반짝반짝 금모래밭에 꼬마 피카소가 예쁜 집을 지었는데 어엄마, 아아빠하고 말을 배울 때였다.",
        "textWordEA": 12
      }
    },
    {
      "srcTextID": "122033",
      "srcText": "지나가던 사람들이 하나 둘씩 피카소의 집을 구경하러 왔어요. 개구쟁이 친구들도 조심조심 모래집을 구경했어요. \"너무 예뻐\" 사람들은 입을 모아 피카소를 칭찬했답니다.",
      "srcPage": 2,
      "srcSentenceEA": 4,
      "srcWordEA": 22,
      "character": "사람들,피카소,친구들,개구쟁이,모래집",
      "setting": "집",
      "action": "구경하러,구경했어요,칭찬했답니다",
      "feeling": "예뻐",
      "causalRelationship": null,
      "outcomeResolution": null,
      "prediction": null,
      "plotSummaryInfoCount": 1,
      "plotSummaryInfo": {
        "classification": "사회관계",
        "readAge": "유아",
        "form": "long-form",
        "plotSummaryText": "지나가던 사람들, 개구쟁이 친구들이 하나둘씩 피카소의 집을 구경하러 왔고, 사람들은 입을 모아 너무 예쁘다고 칭찬했다.",
        "textWordEA": 15
      }
    },
    {
      "srcTextID": "122878",
      "srcText": "피카소는 아버지를 닮았나 봐요. 아버지는 화가를 꿈꾸던 미술 선생님이었거든요. 피카소가 아버지의 큰 붓을 들고 색칠 놀이를 할 때면 아버지는 기뻐서 어쩔 줄을 몰랐답니다. \"피카소, 어서어서 자라서 꼭 훌륭한 화가가 되어야 한다.\" 아버지는 꼬마 피카소가 자신의 꿈을 이루어 주길 바랐어요. 피카소는 아버지의 꿈처럼 무엇이든 그림으로 그려 냈답니다. 아버지는 피카소의 훌륭한 선생님이셨어요. 피카소의 그림 솜씨는 모두를 놀라게 할 만큼 대단했지만 다른 공부는 엉망이었어요. 사실 피카소는 학교에 들어가서도 글씨를 제대로 읽지 못했거든요. 아버지는 은근히 걱정스러웠지만 다행히 학교를 졸업하기 전에 고민은 해결되었답니다.",
      "srcPage": 3,
      "srcSentenceEA": 10,
      "srcWordEA": 86,
      "character": "피카소,아버지,화가,선생님,붓",
      "setting": "학교",
      "action": "들고,그려 냈답니다,들어가서도,읽지",
      "feeling": "기뻐서,걱정스러웠지만",
      "causalRelationship": null,
      "outcomeResolution": null,
      "prediction": "아버지는 은근히 걱정스러웠지만 다행히 학교를 졸업하기 전에 고민은 해결되었답니다.",
      "plotSummaryInfoCount": 1,
      "plotSummaryInfo": {
        "classification": "사회관계",
        "readAge": "유아",
        "form": "long-form",
        "plotSummaryText": "피카소의 아버지는 화가를 꿈꾸던 미술 선생님이었는데, 피카소가 아버지의 큰 붓을 들고 색칠 놀이를 할 때면 기뻐서 어쩔 줄을 몰라 하며 자신의 꿈을 이루어 주길 바랬고, 그는 아버지의 꿈처럼 무엇이든 그림으로 그려 내며 모두를 놀라게 할 만큼 대단했지만, 다른 공부는 엉망이어서 걱정스러웠는데 학교를 졸업하기 전에 고민은 해결되었다.",
        "textWordEA": 46
      }
    },
    {
      "srcTextID": "122879",
      "srcText": "어느 날 아버지는 피카소를 불렀어요. \"피카소, 저기 창 밖에 있는 비둘기를 그려서 교실에 걸어 두고 싶은데. 날아가기 전에 그릴 수 있겠니?\" 아버지가 가리키는 손 끝에 비둘기들이 먹이를 쪼아 먹고 있었어요. \"걱정 마세요.\" 피카소는 자신 있게 대답했어요. 피카소는 그림을 그리기 시작한 지 얼마 되지 않아 금방이라도 날아갈 듯한 비둘기를 그려 놓았답니다. 아버지는 피카소의 그림을 보고 너무 놀라 입을 다물지 못했어요.",
      "srcPage": 4,
      "srcSentenceEA": 8,
      "srcWordEA": 64,
      "character": "아버지,피카소,창,비둘기",
      "setting": "어느 날,교실",
      "action": "그려서,날아가기,그릴 수,가리키는,먹고,대답했어요,그리기",
      "feeling": "걱정 마세요,놀라",
      "causalRelationship": null,
      "outcomeResolution": null,
      "prediction": "아버지는 피카소의 그림을 보고 너무 놀라 입을 다물지 못했어요.",
      "plotSummaryInfoCount": 1,
      "plotSummaryInfo": {
        "classification": "사회관계",
        "readAge": "유아",
        "form": "long-form",
        "plotSummaryText": "어느 날 아버지는 피카소를 불러 저기 창밖에 있는 비둘기를 그려서 교실에 걸어 두고 싶은데 날아가기 전에 그릴 수 있겠냐고 했고, 피카소는 걱정 말라고 대답하고는 그림을 그리기 시작한 지 얼마 되지 않아 금방이라도 날아갈 듯한 비둘기를 그려 놓았는데, 그 그림을 본 아버지는 너무 놀라 입을 다물지 못했다.",
        "textWordEA": 46
      }
    },
    {
      "srcTextID": "122880",
      "srcText": "아버지는 자신이 쓰던 화구를 모두 피카소에게 물려 주었어요. 그리고 피카소를 위해 작은 화실까지 만들어 주었답니다. 피카소는 열심히 그림을 그렸어요. 얼마 후 피카소는 시험관들을 깜짝 놀라게 하며 미술 학교에 당당히 합격했어요. 또 미술전람회에서 큰 상을 타기도 했답니다. 그 때 그린 그림이 <과학과 사랑>, <알라공의 풍습>이에요.",
      "srcPage": 5,
      "srcSentenceEA": 6,
      "srcWordEA": 49,
      "character": "아버지,화구,피카소,시험관들,과학과 사랑,알라공의 풍습,그림",
      "setting": "작은 화실,미술 학교,미술전람회,얼마 후",
      "action": "물려 주었어요,그렸어요,만들어,합격했어요,타기도,그린",
      "feeling": "놀라게",
      "causalRelationship": null,
      "outcomeResolution": null,
      "prediction": null,
      "plotSummaryInfoCount": 1,
      "plotSummaryInfo": {
        "classification": "사회관계",
        "readAge": "유아",
        "form": "long-form",
        "plotSummaryText": "아버지는 자신이 쓰던 화구를 피카소에게 물려 주고 작은 화실까지 만들어 주었고, 피카소는 열심히 그림을 그려 시험관들을 깜짝 놀라게 하며 미술 학교에 합격했으며 또 미술전람회에서 큰 상을 타기도 했는데, 그때 그린 그림이 과학과 사랑, 알라공의 풍습이다.",
        "textWordEA": 35
      }
    },
    {
      "srcTextID": "122881",
      "srcText": "피카소는 멋진 청년이 되었어요. \"피카소의 그림에서는 그의 숨결이 느껴져.\" 한시도 쉬지 않고 그림을 그리는 피카소를 보고 사람들은 이렇게 말하곤 했답니다. 피카소는 열아홉 살 때 처음으로 파리에 갔어요. 스페인에서 태어났지만 파리에 온 후 피카소는 몇 번의 방문을 제외하고는 평생 파리를 떠나지 않았다고 해요. 거리의 풍경, 투우사, 짐마차, 부두의 노동자와 선원, 거지, 마부, 그리고 댄서까지 피카소는 어디를 가든 닥치는 대로 그림을 그려 댔어요. 스페인은 다른 말로 에스퍄냐라고도 하지요.",
      "srcPage": 6,
      "srcSentenceEA": 7,
      "srcWordEA": 71,
      "character": "피카소,그림,사람들,투우사,선원,거지,청년,댄서,짐마차",
      "setting": "열아홉 살 때,파리,스페인,에스퍄냐",
      "action": "그리는,태어났지만,그려 댔어요",
      "feeling": null,
      "causalRelationship": null,
      "outcomeResolution": null,
      "prediction": null,
      "plotSummaryInfoCount": 1,
      "plotSummaryInfo": {
        "classification": "사회관계",
        "readAge": "유아",
        "form": "long-form",
        "plotSummaryText": "멋진 청년이 된 피카소는 열아홉 살 때 처음으로 파리에 갔고, 파리에 온 후 피카소는 몇 번의 방문을 제외하고는 평생 파리를 떠나지 않았고, 거리의 풍경, 투우사, 짐마차, 부두의 노동자와 선원, 거지, 마부, 그리고 댄서까지 어디를 가든 닥치는 대로 그림을 그려 댔다.",
        "textWordEA": 40
      }
    },
    {
      "srcTextID": "122882",
      "srcText": "어느 날 친구가 피카소를 찾아왔어요. \"피카소, 예술 잡지를 한 번 만들어 보세. 물론 그림은 자네가 맡고.\" 친구의 말에 피카소는 흔쾌히 대답했어요. \"그거 좋은 생각이군.\" 피카소와 친구는 <젊은 예술>이라는 잡지를 만들었어요. 피카소의 그림이 잡지를 통해 처음으로 세상에 알려지는 순간이었지요. 피카소가 자신의 그림에 처음으로 피카소라고 서명을 한 순간이기도 했답니다.",
      "srcPage": 7,
      "srcSentenceEA": 8,
      "srcWordEA": 52,
      "character": "피카소,친구,잡지,젊은 예술,그림",
      "setting": "어느 날,세상",
      "action": "서명을,찾아왔어요,만들었어요",
      "feeling": null,
      "causalRelationship": null,
      "outcomeResolution": null,
      "prediction": null,
      "plotSummaryInfoCount": 1,
      "plotSummaryInfo": {
        "classification": "사회관계",
        "readAge": "유아",
        "form": "long-form",
        "plotSummaryText": "어느 날 친구가 피카소를 찾아와 예술 잡지를 한번 만들어 보자고 했고, 친구의 말에 흔쾌히 대답하며 젊은 예술이라는 잡지를 만들어 냈는데, 그의 그림이 잡지를 통해 처음으로 세상에 알려지며 자신의 그림에 처음으로 피카소라고 서명을 한 순간이었다.",
        "textWordEA": 34
      }
    },
    {
      "srcTextID": "122883",
      "srcText": "피카소는 친구의 방 한쪽 구석을 얻어 쓰고 있었어요. \"피카소, 자네 그림 때문에 발 디딜 틈이 없군.\" 친구는 피카소의 그림을 좋아하긴 했지만 투정이 끊이지 않았어요. 피카소는 가난했기 때문에 이런 투정쯤은 그냥 웃어넘겼답니다. 어두운 밤, 피카소는 한 손에 촛불을 밝혀 들고 그림을 그릴 때도 있었어요. 파르르 떨리는 희미한 촛불 밑에서는 모든 것이 푸른색으로 빛났어요. 이 때의 그림을 사람들은 피카소의 '청색 시대'라고 말한답니다. 얼마 후 피카소는 보랄이라는 여자 화상의 도움으로 파리에서 첫 개인전을 열었어요. 화상이란 그림을 사고 파는 사람을 말해요.",
      "srcPage": 8,
      "srcSentenceEA": 11,
      "srcWordEA": 85,
      "character": "피카소,친구,촛불,보랄,사람들,화상",
      "setting": "어두운 밤,방 한쪽 구석,파리,개인전",
      "action": "들고,웃어넘겼답니다,밝혀 들고,그릴 때도,도움으로,열었어요,사고 파는",
      "feeling": null,
      "causalRelationship": null,
      "outcomeResolution": null,
      "prediction": null,
      "plotSummaryInfoCount": 1,
      "plotSummaryInfo": {
        "classification": "사회관계",
        "readAge": "유아",
        "form": "long-form",
        "plotSummaryText": "피카소는 친구의 방 한쪽 구석을 얻어 쓰고 있었고, 희미한 촛불 밑에서는 모든 것이 푸른색으로 빛났으며, 얼마 후 그림을 사고 파는 보랄이라는 여자 화상의 도움으로 파리에서 첫 개인전을 열었다.",
        "textWordEA": 28
      }
    },
    {
      "srcTextID": "122884",
      "srcText": "어느 날 피카소는 투우하는 모습을 그림으로 그려서 팔았어요. 모두들 빨간 망토와 힘차게 달려오는 소의 모습에 감탄했지요. 그러나 사실 피카소는 이 그림을 팔아서 처음으로 투우장에 간 것이랍니다. \"투우장에 가고 싶어서 미리 그렸을 뿐이라네.\" 피카소의 장남기 섞인 말에 모두들 웃고 말았어요. 피카소의 그림이 점점 진가를 발휘하기 시작했어요. 그림이 비싼 값에 팔리면서 피카소는 금세 부자가 되었지요.  진가란 참된 값어치를 말해요.",
      "srcPage": 9,
      "srcSentenceEA": 8,
      "srcWordEA": 64,
      "character": "피카소,빨간 망토,소,부자,그림",
      "setting": "어느 날,투우장",
      "action": "그려서,팔았어요,달려오는,웃고,팔리면서",
      "feeling": null,
      "causalRelationship": null,
      "outcomeResolution": null,
      "prediction": null,
      "plotSummaryInfoCount": 1,
      "plotSummaryInfo": {
        "classification": "사회관계",
        "readAge": "유아",
        "form": "long-form",
        "plotSummaryText": "어느 날 피카소는 투우하는 모습을 그림으로 그려서 팔았고, 모두들 빨간 망토와 힘차게 달려오는 소의 모습에 감탄했고, 그렇게 그림이 점점 진가를 발휘하기 시작해 비싼 값에 팔리면서 금세 부자가 되었다.",
        "textWordEA": 28
      }
    },
    {
      "srcTextID": "122885",
      "srcText": "피카소를 만나기 위해 많은 사람들이 피카소의 집을 드나들었어요. 사람들은 피카소의 집을 '세탁선' 이라고 불렀답니다. 그 이유는 파리의 센 강에 다니는 세탁 배들과 닮아서였다고 해요.",
      "srcPage": 10,
      "srcSentenceEA": 4,
      "srcWordEA": 27,
      "character": "피카소,사람들,배,세탁선",
      "setting": "집,파리,센 강",
      "action": "만나기,불렀답니다",
      "feeling": null,
      "causalRelationship": "사람들은 피카소의 집을 '세탁선' 이라고 불렀답니다. 그 이유는 파리의 센 강에 다니는 세탁 배들과 닮아서였다고 해요.",
      "outcomeResolution": null,
      "prediction": null,
      "plotSummaryInfoCount": 1,
      "plotSummaryInfo": {
        "classification": "사회관계",
        "readAge": "유아",
        "form": "long-form",
        "plotSummaryText": "피카소를 만나기 위해 많은 사람들이 피카소의 집을 드나들었고, 파리의 센 강에 다니는 세탁 배들과 닮아서 그의 집을 세탁선이라고 했다.",
        "textWordEA": 19
      }
    },
    {
      "srcTextID": "122886",
      "srcText": "어느 무더운 여름날이었어요. 갑자기 쏟아지는 소나기를 피해 사람들이 '세탁선' 안으로 뛰어들었어요. 그 순간 피카소의 검은 눈동자 안으로 아름다운 여인이 쏘옥 들어왔답니다. 피카소는 새끼 고양이를 안고 일부러 여인의 앞을 막았어요. 피카소가 처음으로 사랑에 빠진 날이었어요. 이 아름다운 여인의 이름은 올리비애였지요. 두 사람은 서로 깊이 사랑했지만 끝내 이루어지지 못했어요. 피카소는 올리비애와 헤어진 후 오랫동안 가슴앓이를 했다고 해요.",
      "srcPage": 11,
      "srcSentenceEA": 9,
      "srcWordEA": 63,
      "character": "사람들,피카소,고양이,올리비애,여인,소나기",
      "setting": "무더운 여름날,세탁선",
      "action": "뛰어들었어요,안고,막았어요",
      "feeling": "사랑에,사랑했지만",
      "causalRelationship": null,
      "outcomeResolution": null,
      "prediction": null,
      "plotSummaryInfoCount": 1,
      "plotSummaryInfo": {
        "classification": "사회관계",
        "readAge": "유아",
        "form": "long-form",
        "plotSummaryText": "어느 무더운 여름날, 갑자기 쏟아지는 소나기를 피해 사람들이 세탁선 안으로 뛰어들었온 그 순간 피카소의 검은 눈동자 안으로 아름다운 여인이 들어왔고, 그 아름다운 여인 올리비애와 사랑에 빠져 서로 깊이 사랑했지만 끝내 이루어지지 못했다.",
        "textWordEA": 32
      }
    },
    {
      "srcTextID": "122888",
      "srcText": "피카소는 그림의 무대를 몽마르트(르)로 옮겼어요. 몽마르트(르)에서는 특히 분홍색을 많이 썼어요. 사람들은 이 시기를 '장밋빛 시대' 라고 부른답니다. <아비뇽의 아가씨들>이 이 때 그린 그림이지요. 아비뇽의 처녀들은 지금까지 그려 오던 것과는 많이 달랐습니다. 얼굴에 비하여 팔다리를 유난히 뚱뚱하게 그려서 이상한 느낌이 들었어요. 이 그림은 점점 더 이상한 모습으로 사람들을 놀라게 했어요. 피카소의 새로운 시선은 생활에 쓰이는 물건들까지도 새롭게 만들었어요. 또 음악, 문학, 사람들의 생각까지도 새롭게 바꿔 버렸답니다.",
      "srcPage": 13,
      "srcSentenceEA": 11,
      "srcWordEA": 74,
      "character": "피카소,처녀들,사람들,아비뇽의 아가씨들,아비뇽의 처녀들,얼굴,팔다리,그림",
      "setting": "몽마르트",
      "action": "옮겼어요,썼어요,그린,바꿔",
      "feeling": "놀라게",
      "causalRelationship": null,
      "outcomeResolution": null,
      "prediction": null,
      "plotSummaryInfoCount": 1,
      "plotSummaryInfo": {
        "classification": "사회관계",
        "readAge": "유아",
        "form": "long-form",
        "plotSummaryText": "피카소는 그림의 무대를 몽마르트로 옮겨 아비뇽의 아가씨들을 그렸는데, 지금까지 그려 오던 것과는 많이 다르게 얼굴에 비하여 팔다리를 유난히 뚱뚱하게 그렸고, 이러한 그림은 점점 더 이상한 모습으로 사람들을 놀라게 했으며, 그러한 그의 새로운 시선은 생활에 쓰이는 물건들뿐만 아니라 음악, 문학, 사람들의 생각까지도 새롭게 바꿔 버렸다.",
        "textWordEA": 44
      }
    },
    {
      "srcTextID": "122890",
      "srcText": "피카소는 나이가 들었어도 항상 새로운 생각으로 넘쳤어요. 여지껏 볼 수 없었던 그림들을 그려 사람들의 관심을 끄는 데는 선수였지요. 물건이나 사람은 보는 방향에 따라 다르게 보인답니다. 피카소는 이런 모습을 그림으로 그렸어요.",
      "srcPage": 14,
      "srcSentenceEA": 4,
      "srcWordEA": 33,
      "character": "피카소,사람들,그림",
      "setting": null,
      "action": "그렸어요,그려,끄는,보는",
      "feeling": null,
      "causalRelationship": null,
      "outcomeResolution": null,
      "prediction": null,
      "plotSummaryInfoCount": 1,
      "plotSummaryInfo": {
        "classification": "사회관계",
        "readAge": "유아",
        "form": "long-form",
        "plotSummaryText": "피카소는 나이가 들었어도 항상 새로운 생각으로 넘쳐 사람들의 관심을 끌었고, 물건이나 사람은 보는 방향에 따라 다르게 보인다며 그런 모습을 그림으로 그렸다.",
        "textWordEA": 21
      }
    },
    {
      "srcTextID": "122889",
      "srcText": "처음에 사람들은 피카소의 그림을 이상하게 생각했어요. 그러나 그림을 자세히 들여다보면, 우리가 알지 못했던 진실을 찾아낼 수 있었어요. 동그라미, 네모, 세모를 쌓아 놓은 듯 보이기도 하고 사람이나 물건을 사방으로 뜯어 놓은 것 같기도 했지요. 피카소의 이런 그림들을 보고 사람들은 '큐비즘' 이라고 했답니다. 사람들은 피카소를 가리켜 '마르지 않는 생각의 샘' 을 갖고 있다고 칭찬했어요.",
      "srcPage": 15,
      "srcSentenceEA": 8,
      "srcWordEA": 58,
      "character": "사람들,피카소,물건,그림",
      "setting": null,
      "action": "들여다보면,뜯어,칭찬했어요,쌓아",
      "feeling": "이상하게",
      "causalRelationship": null,
      "outcomeResolution": null,
      "prediction": null,
      "plotSummaryInfoCount": 1,
      "plotSummaryInfo": {
        "classification": "사회관계",
        "readAge": "유아",
        "form": "long-form",
        "plotSummaryText": "처음에 사람들은 피카소의 그림을 이상하게 생각했지만, 그림을 자세히 들여다보면 우리가 알지 못했던 진실을 찾아낼 수 있었고, 이런 그림들을 큐비즘이라고 하며, 피카소를 가리켜 마르지 않는 생각의 샘을 갖고 있다고 칭찬했다.",
        "textWordEA": 29
      }
    },
    {
      "srcTextID": "122891",
      "srcText": "피카소는 서른일곱 살 되던 해 드디어 결혼을 했답니다. \"피카소, 축하해요!\" 노총각 피카소의 결혼을 축하하기 위해 수많은 사람들이 모였어요. 피카소의 아름다운 신부는 러시아 무용수인 올가였어요. 결혼을 해서도 피카소는 더욱 열심히 그림을 그렸어요. 스페인 전쟁을 그린 <게르니카>라는 그림은 매우 유명하답니다. 또 우리 나라의 전쟁을 그림으로 그리기도 했지요.",
      "srcPage": 16,
      "srcSentenceEA": 7,
      "srcWordEA": 50,
      "character": "피카소,사람들,노총각,신부,러시아 무용수,올가,그림,게르니카",
      "setting": "서른일곱 살 되던 해",
      "action": "그렸어요,결혼을 했답니다,축하하기,그리기도",
      "feeling": null,
      "causalRelationship": null,
      "outcomeResolution": null,
      "prediction": null,
      "plotSummaryInfoCount": 1,
      "plotSummaryInfo": {
        "classification": "사회관계",
        "readAge": "유아",
        "form": "long-form",
        "plotSummaryText": "피카소는 서른일곱 살 되던 해 드디어 아름다운 신부 올가와 수많은 사람들의 축하 속에서 결혼을 했고, 결혼을 해서도 더욱 열심히 그림을 그렸고, 스페인 전쟁을 그린 게르니카라는 그림과 또 우리나라의 전쟁을 그리기도 했다.",
        "textWordEA": 31
      }
    }
  ]
}