{
  "title": "왕건",
  "author": "교연아카데미 편집부",
  "illustrator": "양후영",
  "isbn": "9788992636773 ",
  "publishedYear": 2007,
  "publisher": "교연아카데미",
  "paragraphInfoCount": 27,
  "paragraphInfo": [
    {
      "srcTextID": "101039",
      "srcText": "왕건은 송악 마을 아이들을 데리고 울창한 소나무 숲 사이를 당당하게 걸어갔어요. \"왕건 대장만 있으면 문제 없다고!\" 송악 마을 아이들은 어깨가 절로 으쓱해졌지요.",
      "srcPage": 3,
      "srcSentenceEA": 3,
      "srcWordEA": 23,
      "character": "왕건,송악 마을 아이들",
      "setting": "소나무 숲",
      "action": "걸어갔어요,데리고",
      "feeling": null,
      "causalRelationship": null,
      "outcomeResolution": null,
      "prediction": null,
      "plotSummaryInfoCount": 1,
      "plotSummaryInfo": {
        "classification": "사회관계",
        "readAge": "유아",
        "form": "short-form",
        "plotSummaryText": "어깨가 절로 으쓱해진 송악 마을 아이들을 데리고 왕건이 소나무 숲 사이를 당당하게 걸어갔습니다.",
        "textWordEA": 13
      }
    },
    {
      "srcTextID": "101065",
      "srcText": "드디어 왕건의 소원대로 나라가 통일되었어요. 모든 백성들이 왕건을 존경했어요. 왕건은 후손들이 서로 싸우지 않고 잘 살기를 바랐지요. 그래서 후대의 임금들이 나라를 다스리는 데 길잡이가 될 '훈요십조'를 글로 남겼답니다. 나라를 통일한 지 칠 년이 지난 어느 날 왕건은 평화로운 마음으로 눈을 감았어요.",
      "srcPage": 27,
      "srcSentenceEA": 6,
      "srcWordEA": 46,
      "character": "왕건,백성들,후손들,임금",
      "setting": "나라,칠년이 지난 어느날",
      "action": "남겼답니다,눈을 감았어요",
      "feeling": null,
      "causalRelationship": null,
      "outcomeResolution": "왕건의 소원대로 나라가 통일되었어요.",
      "prediction": null,
      "plotSummaryInfoCount": 1,
      "plotSummaryInfo": {
        "classification": "사회관계",
        "readAge": "유아",
        "form": "long-form",
        "plotSummaryText": "드디어 왕건의 소원대로 나라가 통일되자 모든 백성들이 왕건을 존경하게 되었고 후손들이 싸우지 않고 잘 살기를 바랐던 왕건은 훈요십조를 글로 남겼습니다.",
        "textWordEA": 20
      }
    },
    {
      "srcTextID": "101038",
      "srcText": "송악은 물이 맑고 인심이 좋기로 소문난 곳이에요. 왕건은 송악을 다스리는 왕륭의 아들이랍니다. 송악 사람들은 모두 왕륭을 존경했지요. 왕건은 아버지의 바람대로 건강하고 예의 바른 청년으로 자랐어요.",
      "srcPage": 4,
      "srcSentenceEA": 4,
      "srcWordEA": 28,
      "character": "물,왕건,왕륭,아들,송악 사람들,청년",
      "setting": "송악",
      "action": null,
      "feeling": null,
      "causalRelationship": null,
      "outcomeResolution": null,
      "prediction": null,
      "plotSummaryInfoCount": 1,
      "plotSummaryInfo": {
        "classification": "사회관계",
        "readAge": "유아",
        "form": "long-form",
        "plotSummaryText": "물이 맑고 인심이 좋기로 소문난 송악을 다스리면서 사람들에게 존경받는 왕륭의 아들이 왕건입니다.",
        "textWordEA": 12
      }
    },
    {
      "srcTextID": "101040",
      "srcText": "어느 깊은 밤이었어요. 마당을 서성이던 왕륭은 크게 한숨을 내쉬었어요. '이 일을 어찌 할꼬.'",
      "srcPage": 5,
      "srcSentenceEA": 3,
      "srcWordEA": 14,
      "character": "왕륭",
      "setting": "어느 깊은 밤,마당",
      "action": "한숨을 내쉬었어요,서성이던",
      "feeling": null,
      "causalRelationship": null,
      "outcomeResolution": null,
      "prediction": null,
      "plotSummaryInfoCount": 1,
      "plotSummaryInfo": {
        "classification": "사회관계",
        "readAge": "유아",
        "form": "short-form",
        "plotSummaryText": "어느 깊은 밤, 왕륭은 마당을 서성이면서 한숨을 크게 내쉬었습니다.",
        "textWordEA": 9
      }
    },
    {
      "srcTextID": "101041",
      "srcText": "왕륭은 어지러운 나라 걱정에 잠을 이루지 못했어요. 그 당시 신라는 진성 여왕이 다스리고 있었어요. 진성 여왕은 나라 살림이 어떻게 되든지, 백성들이 어떻게 되든지 아무 관심도 없었어요. 백성들은 굶어 죽지 않으려면 도둑이 되어야 했지요.",
      "srcPage": 6,
      "srcSentenceEA": 4,
      "srcWordEA": 36,
      "character": "왕륭,진성 여왕,백성들,도둑",
      "setting": "신라",
      "action": "이루지 못했어요,다스리고 있었어요",
      "feeling": null,
      "causalRelationship": null,
      "outcomeResolution": null,
      "prediction": null,
      "plotSummaryInfoCount": 1,
      "plotSummaryInfo": {
        "classification": "사회관계",
        "readAge": "유아",
        "form": "long-form",
        "plotSummaryText": "그 당시 신라를 다스리던 진성 여왕은 나라 살림과 백성에게 관심이 없어서 백성들은 굶어 죽지 않기 위해 도둑이 되어야 하는 어지러운 나라 걱정에 왕룡을 잠을 이루지 못했습니다.",
        "textWordEA": 26
      }
    },
    {
      "srcTextID": "101044",
      "srcText": "궁예는 송악으로 도읍을 옮기기로 했어요. 왕건은 궁예의 뜻을 받들어 송악에 크고 튼튼한 성을 쌓았답니다. 왕건은 훌륭한 장군으로 성장했어요.",
      "srcPage": 9,
      "srcSentenceEA": 3,
      "srcWordEA": 20,
      "character": "궁예,왕건,성,장군",
      "setting": "송악",
      "action": "쌓았답니다",
      "feeling": null,
      "causalRelationship": null,
      "outcomeResolution": null,
      "prediction": null,
      "plotSummaryInfoCount": 1,
      "plotSummaryInfo": {
        "classification": "사회관계",
        "readAge": "유아",
        "form": "short-form",
        "plotSummaryText": "왕건은 송악으로 도읍을 옮기기로 정한 궁예의 뜻을 받들어 크고 튼튼한 성을 송악에 쌓았답니다.",
        "textWordEA": 13
      }
    },
    {
      "srcTextID": "101048",
      "srcText": "왕건은 지도를 보며 자신있게 말했어요. 양길의 군대가 좁은 계곡에 다다르자 왕건은 공격 명령을 내렸어요. \"와아, 와아!\" 양길의 군대는 제대로 싸워 보지도 못하고 무릎을 꿇었답니다.",
      "srcPage": 13,
      "srcSentenceEA": 4,
      "srcWordEA": 26,
      "character": "왕건,지도,양길",
      "setting": "좁은 계곡",
      "action": "자신있게 말했어요,내렸어요",
      "feeling": null,
      "causalRelationship": null,
      "outcomeResolution": null,
      "prediction": null,
      "plotSummaryInfoCount": 1,
      "plotSummaryInfo": {
        "classification": "사회관계",
        "readAge": "유아",
        "form": "long-form",
        "plotSummaryText": "양길의 군대가 좁은 계곡에 다다르자, 왕건은 공격 명령을 내렸고 양길의 군대는 제대로 싸워 보지도 못하고 무릎을 꿇게 되었습니다.",
        "textWordEA": 18
      }
    },
    {
      "srcTextID": "101049",
      "srcText": "\"급히 마시면 체합니다.\" 처녀는 마을 호족의 딸 유화였어요. 왕건은 유화에게 마음을 빼앗겼답니다. 얼마 후 두 사람은 많은 사람들의 축복을 받으며 혼인을 했어요.",
      "srcPage": 16,
      "srcSentenceEA": 4,
      "srcWordEA": 25,
      "character": "처녀,호족의 딸,유화,왕건,사람들",
      "setting": null,
      "action": null,
      "feeling": null,
      "causalRelationship": null,
      "outcomeResolution": "두 사람은 많은 사람들의 축복을 받으며 혼인을 했어요.",
      "prediction": null,
      "plotSummaryInfoCount": 1,
      "plotSummaryInfo": {
        "classification": "사회관계",
        "readAge": "유아",
        "form": "long-form",
        "plotSummaryText": "왕건은 마을 호족의 딸이었던 유화에 마음을 빼앗겼고 얼마 후 두 사람은 많은 사람들의 축복을 받으며 혼인했습니다.",
        "textWordEA": 16
      }
    },
    {
      "srcTextID": "101059",
      "srcText": "왕건은 피 한 방울 흘리지 않고 왕위에 올랐어요. 궁예는 대궐 밖으로 도망쳤지만 결국 비참한 최후를 맞았지요. 왕건은 나라의 이름을 고려라고 지었어요. '나라를 세울 때의 마음을 잊지 말자.'",
      "srcPage": 20,
      "srcSentenceEA": 4,
      "srcWordEA": 29,
      "character": "왕건,궁예,나라,고려",
      "setting": "대궐 밖",
      "action": null,
      "feeling": null,
      "causalRelationship": null,
      "outcomeResolution": null,
      "prediction": null,
      "plotSummaryInfoCount": 1,
      "plotSummaryInfo": {
        "classification": "사회관계",
        "readAge": "유아",
        "form": "long-form",
        "plotSummaryText": "대궐 밖으로 도망친 궁예는 결국 비참한 최후를 맞았고 피 한 방울 흘리지 않고 왕위에 오른 왕건이 나라의 이름을 고려라고 지었습니다.",
        "textWordEA": 20
      }
    },
    {
      "srcTextID": "101060",
      "srcText": "남쪽 지방에서는 후백제를 세운 견훤의 세력이 점점 커지고 있었어요. 견훤은 고려를 무너뜨리려고 했답니다. 그런데 신라가 고려를 도와 주자 견훤은 화가 나서 펄쩍펄쩍 뒤었어요. \"당장 가서 신라를 무너뜨리자\" 결국 신라의 경애왕은 견훤 앞에서 스스로 목숨을 끊어야 했답니다.",
      "srcPage": 22,
      "srcSentenceEA": 5,
      "srcWordEA": 39,
      "character": "후백제,견훤,경애왕",
      "setting": "남쪽 지방,고려,신라",
      "action": "펄쩍펄쩍 뒤었어요,목숨을 끊어야 했답니다",
      "feeling": "화가 나서",
      "causalRelationship": null,
      "outcomeResolution": null,
      "prediction": null,
      "plotSummaryInfoCount": 1,
      "plotSummaryInfo": {
        "classification": "사회관계",
        "readAge": "유아",
        "form": "long-form",
        "plotSummaryText": "남쪽 지방에서는 후백제를 세웠던 견훤이 고려를 무너뜨리려고 했지만, 신라가 고려를 도와주자 화가 난 견훤이 신라를 무너뜨리려 했습니다.",
        "textWordEA": 17
      }
    },
    {
      "srcTextID": "101062",
      "srcText": "왕건은 직접 군사를 이끌고 후백제로 쳐들어갔어요. 왕건은 팔공산에서 견훤의 군사를 만났지요. 두 사람은 서로 한 발짝도 물러서지 않았어요.",
      "srcPage": 23,
      "srcSentenceEA": 3,
      "srcWordEA": 20,
      "character": "왕건,군사,후백제,견훤",
      "setting": "팔공산",
      "action": "쳐들어 갔어요,만났지요,물러서지 않았어요",
      "feeling": null,
      "causalRelationship": null,
      "outcomeResolution": null,
      "prediction": null,
      "plotSummaryInfoCount": 1,
      "plotSummaryInfo": {
        "classification": "사회관계",
        "readAge": "유아",
        "form": "short-form",
        "plotSummaryText": "직접 군사를 이끌고 후백제로 쳐들어간 왕건은 팔공산에서 견훤의 군사를 만나게 되었는데 두 사람은 한 발짝도 물러서지 않았습니다.",
        "textWordEA": 17
      }
    },
    {
      "srcTextID": "101061",
      "srcText": "그러자 견훤이 깊은 산 속에 군대를 숨기고 거짓으로 도망가는 척했어요. \"크, 큰일이다! 우리가 속았다!\" 속은 걸 알았을 때는 이미 너무 늦었어요. 왕건은 아끼는 장군들을 잃고 겨우 빠져 나왔답니다.",
      "srcPage": 24,
      "srcSentenceEA": 5,
      "srcWordEA": 31,
      "character": "견훤,왕건,장군들",
      "setting": "깊은 산 속",
      "action": "겨우 빠져 나왔답니다,도망가는 척했어요",
      "feeling": null,
      "causalRelationship": null,
      "outcomeResolution": null,
      "prediction": null,
      "plotSummaryInfoCount": 1,
      "plotSummaryInfo": {
        "classification": "사회관계",
        "readAge": "유아",
        "form": "long-form",
        "plotSummaryText": "깊은 산 속에 군대를 숨긴 견훤이 도망가는 척했는데, 속았다는 걸 뒤늦게 알아차린 왕건은 아끼는 장군들을 잃고 겨우 빠져나왔습니다.",
        "textWordEA": 18
      }
    },
    {
      "srcTextID": "101064",
      "srcText": "왕건은 더욱 열심히 군사 훈련을 시켰어요. 얼마 후 견훤이 다시 고려로 쳐들어왔어요. 왕건은 견훤의 군사들이 지칠 때까지 기다렸다가 총공격을 퍼부었지요.",
      "srcPage": 25,
      "srcSentenceEA": 3,
      "srcWordEA": 22,
      "character": "왕건,군사,견훤",
      "setting": "고려,얼마 후",
      "action": "쳐들어 왔어요,기다렸다가",
      "feeling": null,
      "causalRelationship": null,
      "outcomeResolution": null,
      "prediction": null,
      "plotSummaryInfoCount": 1,
      "plotSummaryInfo": {
        "classification": "사회관계",
        "readAge": "유아",
        "form": "short-form",
        "plotSummaryText": "얼마 후 다시 고려로 견훤이 쳐들어오자 견훤의 군사들이 지칠 때까지 기다렸던 왕건이 총공격을 퍼부었습니다.",
        "textWordEA": 14
      }
    },
    {
      "srcTextID": "101063",
      "srcText": "\"후퇴하라!\" 고려의 군사들을 얕잡아 본 견훤은 부랴부랴 도망치기 바빴답니다. 왕건은 백성들로부터 크게 인심을 얻었어요. 왕건은 사람의 마음도 다스릴 줄 아는 훌륭한 왕이었거든요.",
      "srcPage": 26,
      "srcSentenceEA": 3,
      "srcWordEA": 25,
      "character": "군사들,견훤,왕건,백성들,왕",
      "setting": "고려",
      "action": "도망치기 바빴답니다",
      "feeling": null,
      "causalRelationship": null,
      "outcomeResolution": null,
      "prediction": null,
      "plotSummaryInfoCount": 1,
      "plotSummaryInfo": {
        "classification": "사회관계",
        "readAge": "유아",
        "form": "short-form",
        "plotSummaryText": "고려의 군사들을 얕잡아 본 견훤이 후퇴하라고 말한 다음 부랴부랴 도망치기 바빴는데, 사람의 마음을 다스릴 줄 알았던 왕건은 백성들로부터 인심을 크게 얻었습니다.",
        "textWordEA": 21
      }
    },
    {
      "srcTextID": "101036",
      "srcText": "송악산 골짜기에서 전쟁놀이가 한창이에요. \"어서 나와서 항복하라!\" 왕건의 목소리가 쩌렁쩌렁 울렸어요.",
      "srcPage": 1,
      "srcSentenceEA": 3,
      "srcWordEA": 12,
      "character": "왕건",
      "setting": "송악산 골짜기",
      "action": null,
      "feeling": null,
      "causalRelationship": null,
      "outcomeResolution": null,
      "prediction": null,
      "plotSummaryInfoCount": 1,
      "plotSummaryInfo": {
        "classification": "사회관계",
        "readAge": "유아",
        "form": "short-form",
        "plotSummaryText": "전쟁놀이가 한창인 송악산 골짜기에서 어서 나와서 항복하라는 왕건의 목소리가 울렸습니다.",
        "textWordEA": 10
      }
    },
    {
      "srcTextID": "101037",
      "srcText": "이웃 마을 아이들이 굴 속으로 도망쳤거든요. \"안 되겠다. 동굴 앞에다 불을 피워라.\" 불을 피우자 연기가 굴 속으로 들어갔어요. \"콜록콜록!\" 이웃 마을 아이들이 눈을 비비며 굴 밖으로 뛰어나왔어요. 송악 마을 아이들이 멋지게 이긴 거에요.",
      "srcPage": 2,
      "srcSentenceEA": 6,
      "srcWordEA": 37,
      "character": "이웃 마을 아이들,아이들",
      "setting": "굴 속,동굴,송악 마을",
      "action": "밖으로 뛰어나왔어요",
      "feeling": null,
      "causalRelationship": null,
      "outcomeResolution": null,
      "prediction": null,
      "plotSummaryInfoCount": 1,
      "plotSummaryInfo": {
        "classification": "사회관계",
        "readAge": "유아",
        "form": "long-form",
        "plotSummaryText": "이웃 마을 아이들이 굴 속으로 도망쳐서 동굴 앞에다 불을 피웠고 굴 속으로 연기가 들어가자, 이웃 마을 아이들이 눈을 비비며 굴 밖으로 뛰어나왔습니다.",
        "textWordEA": 22
      }
    },
    {
      "srcTextID": "101043",
      "srcText": "마침내 왕륭은 큰 결심을 했답니다. 아들을 데리고 궁예를 찾아가기로 했지요. 궁예는 옛 고구려의 뒤를 잇는 새로운 나라를 열어 어지러운 세상을 바로잡겠다고 일어선 인물이에요.",
      "srcPage": 7,
      "srcSentenceEA": 3,
      "srcWordEA": 25,
      "character": "왕륭,아들,궁예",
      "setting": "옛 고구려,나라",
      "action": "데리고,찾아가기로",
      "feeling": null,
      "causalRelationship": null,
      "outcomeResolution": null,
      "prediction": null,
      "plotSummaryInfoCount": 1,
      "plotSummaryInfo": {
        "classification": "사회관계",
        "readAge": "유아",
        "form": "short-form",
        "plotSummaryText": "왕륭은 옛 고구려의 뒤를 이어 세상을 바로잡는 새로운 나라를 열겠다고 일어선 궁예에게 아들을 데리고 가기로 결심했습니다.",
        "textWordEA": 16
      }
    },
    {
      "srcTextID": "101042",
      "srcText": "궁예는 강원도 일대를 무대로 세력을 키우고 있었지요. \"왕건이라고? 아주 영특하게 생겼구나.\" 궁예는 왕건의 당당한 모습이 마음에 들었어요.",
      "srcPage": 8,
      "srcSentenceEA": 3,
      "srcWordEA": 19,
      "character": "궁예,왕건",
      "setting": "강원도",
      "action": null,
      "feeling": null,
      "causalRelationship": null,
      "outcomeResolution": null,
      "prediction": null,
      "plotSummaryInfoCount": 1,
      "plotSummaryInfo": {
        "classification": "사회관계",
        "readAge": "유아",
        "form": "short-form",
        "plotSummaryText": "강원도 일대를 무대로 세력을 키우고 있었던 궁예는 왕건의 당당한 모습이 마음에 들었습니다.",
        "textWordEA": 12
      }
    },
    {
      "srcTextID": "101045",
      "srcText": "그리고는 싸움마다 승리로 이끌었지요. 왕건은 바다에서도 이름을 떨쳤답니다. 바다에서의 싸움에 대비해 미리 훈련을 해 두었거든요.",
      "srcPage": 10,
      "srcSentenceEA": 3,
      "srcWordEA": 17,
      "character": "왕건",
      "setting": "바다",
      "action": null,
      "feeling": null,
      "causalRelationship": "왕건은 바다에서도 이름을 떨쳤답니다. 바다에서의 싸움에 대비해 미리 훈련을 해 두었거든요.",
      "outcomeResolution": null,
      "prediction": null,
      "plotSummaryInfoCount": 1,
      "plotSummaryInfo": {
        "classification": "사회관계",
        "readAge": "유아",
        "form": "short-form",
        "plotSummaryText": "바다에서의 싸움에 대비해 미리 훈련을 해 두었던 왕건은 바다에서도 싸움마다 승리로 이끌었습니다.",
        "textWordEA": 12
      }
    },
    {
      "srcTextID": "101046",
      "srcText": "왕건은 점령한 고을의 백성들을 따뜻하게 보살펴 주었어요. \"왕건 장군 만세!\" 백성들은 왕건 장군을 존경했지요.",
      "srcPage": 11,
      "srcSentenceEA": 3,
      "srcWordEA": 15,
      "character": "왕건,백성들,장군",
      "setting": "고을",
      "action": "보살펴 주었어요",
      "feeling": null,
      "causalRelationship": null,
      "outcomeResolution": null,
      "prediction": null,
      "plotSummaryInfoCount": 1,
      "plotSummaryInfo": {
        "classification": "사회관계",
        "readAge": "유아",
        "form": "short-form",
        "plotSummaryText": "점령한 고을의 백성들을 왕건이 따뜻하게 보살펴 주자 백성들은 왕건 장군을 존경하게 되었습니다.",
        "textWordEA": 12
      }
    },
    {
      "srcTextID": "101047",
      "srcText": "양주성에서 양길이 군대를 이끌고 쳐들어왔어요. \"양길의 군대는 험한 산을 지나게 된다. 숨어 있다가 공격을 하면 적은 군사로도 이길 수 있을 것이다.\"",
      "srcPage": 12,
      "srcSentenceEA": 3,
      "srcWordEA": 22,
      "character": "양길,군사",
      "setting": "양주성,산",
      "action": "쳐들어 왔어요,지나게,숨어 있다가,공격을 하면",
      "feeling": null,
      "causalRelationship": null,
      "outcomeResolution": null,
      "prediction": null,
      "plotSummaryInfoCount": 1,
      "plotSummaryInfo": {
        "classification": "사회관계",
        "readAge": "유아",
        "form": "short-form",
        "plotSummaryText": "양주성에서 쳐들어오는 양길의 군대는 험한 산을 지나게 되니 숨어 있다가 공격하면 적은 군사로도 이길 수 있을 거라고 말했습니다.",
        "textWordEA": 18
      }
    },
    {
      "srcTextID": "101051",
      "srcText": "마침내 궁예는 후고구려를 세우고 철원으로 도읍을 옮겼어요. 왕건이 군사들과 함께 철원으로 가는 길이었어요. 모두들 목이 말라 우물 앞에 잠시 멈추었답니다.",
      "srcPage": 14,
      "srcSentenceEA": 3,
      "srcWordEA": 22,
      "character": "궁예,왕건,군사들",
      "setting": "후고구려,철원,우물 앞",
      "action": "잠시 멈추었답니다,가는",
      "feeling": null,
      "causalRelationship": null,
      "outcomeResolution": null,
      "prediction": null,
      "plotSummaryInfoCount": 1,
      "plotSummaryInfo": {
        "classification": "사회관계",
        "readAge": "유아",
        "form": "short-form",
        "plotSummaryText": "궁예가 도읍으로 옮긴 철원으로 왕건과 군사들이 함께 가고 있었는데, 모두 목이 말라서 우물 앞에 잠시 멈추었습니다.",
        "textWordEA": 16
      }
    },
    {
      "srcTextID": "101050",
      "srcText": "\"물 한 모금 마실 수 있겠소?\" 왕건은 아름다운 처녀에게 말을 건넸어요. 처녀는 바가지에 버들잎을 띄워 왕건에게 주었지요.",
      "srcPage": 15,
      "srcSentenceEA": 3,
      "srcWordEA": 19,
      "character": "왕건,처녀,바가지,버들잎",
      "setting": null,
      "action": "말을 건넸어요,띄워,주었지요",
      "feeling": null,
      "causalRelationship": null,
      "outcomeResolution": null,
      "prediction": null,
      "plotSummaryInfoCount": 1,
      "plotSummaryInfo": {
        "classification": "사회관계",
        "readAge": "유아",
        "form": "short-form",
        "plotSummaryText": "왕건은 아름다운 처녀에게 물 한 모금 마실 수 있겠냐고 말을 건넸고 처녀는 버들잎을 띄운 바가지를 왕건에게 주었습니다.",
        "textWordEA": 17
      }
    },
    {
      "srcTextID": "101055",
      "srcText": "궁예가 임금의 자리에 오른 지 사 년이 지났어요. 궁예는 화려한 궁궐에서 편안하게 살았지요. 처음 나라를 세울 때의 뜻은 까맣게 잊어버렸답니다. 옳은 말을 하는 신하들에게 무서운 벌을 내리고, 백성들에게는 무거운 세금을 거두었지요. 궁예는 날이 갈수록 더욱 포악해지고, 백성들의 원망은 그만큼 커졌답니다.",
      "srcPage": 17,
      "srcSentenceEA": 5,
      "srcWordEA": 44,
      "character": "궁예,임금,신하들,백성들",
      "setting": "궁궐,나라",
      "action": null,
      "feeling": null,
      "causalRelationship": null,
      "outcomeResolution": null,
      "prediction": "궁예는 날이 갈수록 더욱 포악해지고, 백성들의 원망은 그만큼 커졌답니다.",
      "plotSummaryInfoCount": 1,
      "plotSummaryInfo": {
        "classification": "사회관계",
        "readAge": "유아",
        "form": "long-form",
        "plotSummaryText": "화려한 궁궐에서 편안하게 살았던 궁예는 날이 갈수록 포악해졌는데, 옳은 말을 하는 신하들에게 무서운 벌을 내리고, 백성들에게는 무거운 세금을 거두었습니다.",
        "textWordEA": 19
      }
    },
    {
      "srcTextID": "101057",
      "srcText": "왕건이 나주에서 후백제를 크게 이기고 돌아온 날이었어요. 여러 명의 장수들이 왕건을 찾아왔답니다. \"장군, 궁예는 제정신이 아니오. 우리가 나라를 일으켜야 합니다.\"",
      "srcPage": 18,
      "srcSentenceEA": 4,
      "srcWordEA": 22,
      "character": "왕건,장수들,궁예,장군",
      "setting": "나주,나라,후백제",
      "action": "찾아왔답니다",
      "feeling": null,
      "causalRelationship": null,
      "outcomeResolution": null,
      "prediction": null,
      "plotSummaryInfoCount": 1,
      "plotSummaryInfo": {
        "classification": "사회관계",
        "readAge": "유아",
        "form": "long-form",
        "plotSummaryText": "왕건이 나주에서 후백제를 크게 이기고 돌아온 날, 궁예가 제정신이 아니라면서 나라를 일으켜야 한다고 여러 명의 장수들이 찾아왔습니다.",
        "textWordEA": 17
      }
    },
    {
      "srcTextID": "101056",
      "srcText": "왕건은 깊은 고민에 빠졌어요. '굶주린 백성들을 구해야 한다.' 왕건은 백성들을 위해 결심을 굳혔어요. \"나를 따르시오!\" 왕건은 장수들의 손을 힘있게 잡았어요.",
      "srcPage": 19,
      "srcSentenceEA": 5,
      "srcWordEA": 22,
      "character": "왕건,백성들,장수들",
      "setting": null,
      "action": "손을 힘있게 잡았어요",
      "feeling": null,
      "causalRelationship": null,
      "outcomeResolution": null,
      "prediction": null,
      "plotSummaryInfoCount": 1,
      "plotSummaryInfo": {
        "classification": "사회관계",
        "readAge": "유아",
        "form": "long-form",
        "plotSummaryText": "깊은 고민에 빠진 왕건은 백성들을 구하기 위해 결심을 굳혔고 장수들의 손을 힘 있게 잡았습니다.",
        "textWordEA": 14
      }
    },
    {
      "srcTextID": "101058",
      "srcText": "왕건은 먼저 백성들을 생각하고 항상 나라의 앞날을 걱정했답니다. 왕건은 지방의 호족들과도 사이좋게 지냈어요. 고구려의 옛 땅을 되찾으려는 노력도 게을리하지 않았지요.",
      "srcPage": 21,
      "srcSentenceEA": 3,
      "srcWordEA": 22,
      "character": "왕건,백성들,나라,지방의 호족들",
      "setting": "고구려의 옛 땅",
      "action": null,
      "feeling": null,
      "causalRelationship": null,
      "outcomeResolution": null,
      "prediction": null,
      "plotSummaryInfoCount": 1,
      "plotSummaryInfo": {
        "classification": "사회관계",
        "readAge": "유아",
        "form": "short-form",
        "plotSummaryText": "항상 백성들을 생각하고 나라의 앞날을 걱정했던 왕건은 지방의 호족들과도 사이좋게 지냈으며 고구려의 옛 땅을 되찾으려는 노력도 게을리하지 않았습니다.",
        "textWordEA": 18
      }
    }
  ]
}