{
  "title": "라이트 형제",
  "author": "강용숙",
  "illustrator": "한수진",
  "isbn": "9788992636728",
  "publishedYear": 2007,
  "publisher": "교연아카데미",
  "paragraphInfoCount": 18,
  "paragraphInfo": [
    {
      "srcTextID": "131118",
      "srcText": "윌버와 오빌은 먼저 글라이더를 닮은 상자연을 만들었어요. 상자에 연결된 줄로 연을 마음대로 움직일 수 있도록 했지요. 자전거 고치기가 끝나면 둘은 연을 날리러 갔답니다. 다 큰 어른이 연날리기를 한다고 비웃는 사람들도 있었어요. \"저기 좀 봐. 또 연을 날리고 있어.\" \"게다가 저걸 타고 하늘을 날겠다는 군.\" 하지만 윌버와 오빌은 글라이더 만들기를 그만두지 않았어요. \"형, 우리가 정말 하늘을 날 수 있을까?\" \"오빌, 실망하지 마. 우리는 꼭 해낼 수 있어!\" 윌버와 오빌은 서로에게 용기를 주는 좋은 친구이기도 했답니다.",
      "srcPage": 9,
      "srcSentenceEA": 12,
      "srcWordEA": 81,
      "character": "윌버,오빌,글라이더,사람들",
      "setting": null,
      "action": "만들었어요,날리러 갔답니다,비웃는",
      "feeling": "실망하지 마",
      "causalRelationship": null,
      "outcomeResolution": null,
      "prediction": null,
      "plotSummaryInfoCount": 1,
      "plotSummaryInfo": {
        "classification": "사회관계",
        "readAge": "유아",
        "form": "long-form",
        "plotSummaryText": "비웃는 사람들도 있었지만 윌버와 오빌은 글라이더 만들기를 그만두지 않았습니다.",
        "textWordEA": 9
      }
    },
    {
      "srcTextID": "131119",
      "srcText": "마침내 사람이 탈 수 있는 커다란 글라이더가 만들어졌어요. \"오빌, 우리의 첫 비행이야!\" \"그래, 형. 첫 비행이니까 형이 먼저 타.\" 글라이더에 올라탄 윌버는 조금 겁이 나기도 했어요. \"형, 꽉 잡아! 자, 출발한다!\" 오빌이 끈을 놓자 글라이더가 떠오르기 시작했습니다. \"아! 난다. 날아! 오빌, 내가 날고 있어!\" 글라이더는 금방 땅으로 떨어졌지만 형제는 기뻤답니다. \"이정도면 성공이야! 우린 꼭 해낼 수 있어, 오빌!\"",
      "srcPage": 10,
      "srcSentenceEA": 14,
      "srcWordEA": 67,
      "character": "글라이더,사람,오빌,형,윌버,형제",
      "setting": null,
      "action": "탈 수 있는,만들어졌어요,올라탄,떠오르기 시작했습니다,날고 있어,떨어졌지만",
      "feeling": "겁이 나기도 했어요,기뻤답니다",
      "causalRelationship": null,
      "outcomeResolution": null,
      "prediction": null,
      "plotSummaryInfoCount": 1,
      "plotSummaryInfo": {
        "classification": "사회관계",
        "readAge": "유아",
        "form": "long-form",
        "plotSummaryText": "오빌이 끈을 놓자, 글라이더가 떠오르고 금방 땅으로 떨어졌지만, 형제는 해낼 수 있다는 생각에 기뻤답니다.",
        "textWordEA": 14
      }
    },
    {
      "srcTextID": "131120",
      "srcText": "윌버와 오빌은 곧 두 번째 글라이더를 만들었어요. 두 번째 글라이더도 바람을 타고 잘 날았지요. 그런데 조정기가 없는 글라이더는 방향을 조절할 수 없었어요. 윌버와 오빌은 다시 연구를 시작해야 했어요. 그리고는 옆과 아래 위로 방향을 조절할 수 있는 세 번째 글라이더를 만들었어요. 세 번째 글라이더는 아주 높이까지 날았어요. \"형, 그렇지만 바람이 없으면 우리 글라이더는 날 수가 없어!\" \"음. 바람처럼 빨리 달리게 하면 될 거야.\"",
      "srcPage": 11,
      "srcSentenceEA": 8,
      "srcWordEA": 68,
      "character": "윌버,오빌,글라이더,형",
      "setting": null,
      "action": "만들었어요,잘 날았지요,연구를 시작해야 했어요,날았어요,달리게",
      "feeling": null,
      "causalRelationship": null,
      "outcomeResolution": null,
      "prediction": null,
      "plotSummaryInfoCount": 1,
      "plotSummaryInfo": {
        "classification": "사회관계",
        "readAge": "유아",
        "form": "long-form",
        "plotSummaryText": "바람이 없으면 윌버와 오빌의 글라이더는 날 수 없지만, 바람처럼 빨리 달리게 하면 될 것으로 생각했습니다.",
        "textWordEA": 15
      }
    },
    {
      "srcTextID": "131121",
      "srcText": "오랫동안 연구가 계속됐어요. 아주 힘들고 어려웠지만 둘은 꿈을 위해 열심히 노력했어요. \"형, '플라이어 1호'의 탄생이야!\" 드디어 세계 최초의 비행기가 탄생하는 순간입니다! '플라이어 1호'는 바람이 불지 않아도 날 수가 있었어요. 윌버와 오빌은 모래 언덕에서 '플라이어 1호'의 시험 비행을 하기로 했지요. \"오빌, 이번에는 네가 타도록 해.\" 점점 빨라지던 '플라이어 1호'가 갑자기 '붕' 하고 날아 올랐어요. \"날았어, 형! 드디어 내가 새처럼 날고 있다고!\"",
      "srcPage": 12,
      "srcSentenceEA": 17,
      "srcWordEA": 70,
      "character": "형,비행기,윌버,오빌",
      "setting": "모래 언덕",
      "action": "탄생하는,날 수가 있었어요,시험 비행을 하기로 했지요,타도록,날아 올랐어요,날고 있다고",
      "feeling": "힘들고,어려웠지만",
      "causalRelationship": null,
      "outcomeResolution": null,
      "prediction": null,
      "plotSummaryInfoCount": 1,
      "plotSummaryInfo": {
        "classification": "사회관계",
        "readAge": "유아",
        "form": "long-form",
        "plotSummaryText": "윌버와 오빌은 열심히 노력해서 플라이어 1호가 탄생했는데, 드디어 세계 최초의 비행기가 탄생한 순간이었어요.",
        "textWordEA": 13
      }
    },
    {
      "srcTextID": "131122",
      "srcText": "그러나 사람들은 두 사람의 말을 믿지 않았어요. 라이트 형제 말고는 하늘을 날았다고 말하는 허풍쟁이들이 많았거든요. \"형, 사람들에게 우리가 나는 모습을 보여 주자!\" 많은 사람들이 지켜보는 가운데 비행이 시작됐어요. \"와아! 정말 사람이 하늘을 날잖아?\" \"정말 대단해! 하늘을 나는 사람이라니!\" 사람들은 윌버와 오빌에게 큰 박수를 보냈어요. \"오빌, 다른 사람들도 하늘을 날게 해 주고 싶어.\" 윌버는 많은 사람들에게 하늘을 나는 기분을 느끼게 해 주고 싶었답니다.",
      "srcPage": 13,
      "srcSentenceEA": 10,
      "srcWordEA": 68,
      "character": "사람들,두 사람,라이트 형제,형,윌버,오빌",
      "setting": null,
      "action": "하늘을 날았다고,말하는,비행이 시작됐어요,하늘을 날잖아,박수를 보냈어요,날게 해 주고 싶어",
      "feeling": null,
      "causalRelationship": null,
      "outcomeResolution": null,
      "prediction": null,
      "plotSummaryInfoCount": 1,
      "plotSummaryInfo": {
        "classification": "사회관계",
        "readAge": "유아",
        "form": "long-form",
        "plotSummaryText": "많은 사람들이 지켜보는 가운데 비행이 시작됐고, 사람들은 윌버와 오빌에게 큰 박수를 보냈습니다.",
        "textWordEA": 12
      }
    },
    {
      "srcTextID": "131127",
      "srcText": "언제가 젊은 청년처럼 열심히 일하던 윌버가 병을 얻어 세상을 떠나고 말았어요. 오빌은 더 이상 비행기를 만들지 않았어요. 그러나 사람들은 라이트 형제를 잊지 않았어요. 키티호크 해안에 라이트 형제의 기념비가 세워졌답니다.",
      "srcPage": 17,
      "srcSentenceEA": 4,
      "srcWordEA": 32,
      "character": "청년,윌버,오빌,사람들,라이트 형제,기념비",
      "setting": "키티호크 해안",
      "action": "일하던,세상을 떠나고 말았어요,세워졌답니다",
      "feeling": null,
      "causalRelationship": null,
      "outcomeResolution": null,
      "prediction": null,
      "plotSummaryInfoCount": 1,
      "plotSummaryInfo": {
        "classification": "사회관계",
        "readAge": "유아",
        "form": "long-form",
        "plotSummaryText": "윌버가 병을 얻어 세상을 떠나고, 오빌은 더 이상 비행기를 만들지 않았지만, 사람들은 라이트 형제를 잊지 않았습니다.",
        "textWordEA": 16
      }
    },
    {
      "srcTextID": "131107",
      "srcText": "윌버와 동생 오빌이 낚시를 하고 있어요. \"형, 헤어칠 줄 알아?\" 멋지게 헤엄치는 물고기를 보고 오빌이 물었어요. \"그럼!\" 그 때, 새 한 마리가 물고기를 낚아채서 날아갔어요. \"형, 저것 좀 봐!\" 새의 날갯짓을 마치 마술을 부리는 것 같았어요. \"형, 저 새처럼 날 수도 있어?\" \"그건. 날개가 있어야지.\" \"그럼 우리가 날개를 만들면 되겠네?\" 하지만 윌버와 오빌은 날개를 어떻게 만들어야 할지 몰랐답니다.",
      "srcPage": 1,
      "srcSentenceEA": 10,
      "srcWordEA": 63,
      "character": "윌버,동생,오빌,물고기,새 한 마리,날개",
      "setting": null,
      "action": "낚시를 하고 있어요,헤엄치는,낚아채서,날아갔어요",
      "feeling": "멋지게",
      "causalRelationship": null,
      "outcomeResolution": null,
      "prediction": null,
      "plotSummaryInfoCount": 1,
      "plotSummaryInfo": {
        "classification": "사회관계",
        "readAge": "유아",
        "form": "long-form",
        "plotSummaryText": "윌버와 오빌은 낚시를 하다 새의 날갯짓을 보고 날개를 만들고 싶었지만, 어떻게 날개를 만들어야 할지 몰랐습니다.",
        "textWordEA": 15
      }
    },
    {
      "srcTextID": "131111",
      "srcText": "어느 날 월버와 오빌은 높은 언덕에 올라갔어요. \"하늘을 날기만 하면 저 산 너머까지도 다 볼 수 있을 텐데.\" \"와! 형, 나 좀 봐. 하늘을 나는 것 같지?\"",
      "srcPage": 2,
      "srcSentenceEA": 4,
      "srcWordEA": 29,
      "character": "월버,오빌,형",
      "setting": "언덕",
      "action": "올라갔어요,날기만 하면",
      "feeling": null,
      "causalRelationship": null,
      "outcomeResolution": null,
      "prediction": null,
      "plotSummaryInfoCount": 1,
      "plotSummaryInfo": {
        "classification": "사회관계",
        "readAge": "유아",
        "form": "long-form",
        "plotSummaryText": "월버와 오빌은 언덕에 올라가서 하늘을 날면 산 너머까지도 볼 수 있을 터라며 아쉬워했어요.",
        "textWordEA": 13
      }
    },
    {
      "srcTextID": "131113",
      "srcText": "그런데 아이들은 썰매 모양이 이상하다고 놀렸어요. \"하하, 이렇게 우스꽝스러운 썰매로는 조금도 나아가지 못할걸?\" 그러나 윌버와 오빌의 썰매는 마치 날개를 단 듯 언덕을 내려갔어요. 아이들은 모두 놀라서 눈이 동그래졌어요. 윌버와 오빌은 즐거운 비명을 질렀지요. \"와아 와아!\"",
      "srcPage": 5,
      "srcSentenceEA": 6,
      "srcWordEA": 38,
      "character": "아이들,썰매,윌버,오빌",
      "setting": "언덕",
      "action": "놀렸어요,내려갔어요,비명을 질렀지요",
      "feeling": "이상하다고,놀라서",
      "causalRelationship": null,
      "outcomeResolution": null,
      "prediction": null,
      "plotSummaryInfoCount": 1,
      "plotSummaryInfo": {
        "classification": "사회관계",
        "readAge": "유아",
        "form": "long-form",
        "plotSummaryText": "아이들은 썰매 모양이 이상하다고 놀렸지만, 윌버와 오빌의 썰매는 마치 날개를 단 듯 언덕을 내려갔어요.",
        "textWordEA": 14
      }
    },
    {
      "srcTextID": "131117",
      "srcText": "윌버와 오빌은 부지런한 청년이 되었어요. 형제는 무엇이든 만드는 걸 좋아했지요. \"형, 자전거 가게를 열면 어떨까?\" 윌버와 오빌은 고장난 자전거를 새 것처럼 만들었어요. \"역시, 라이트 형제의 자전거가 제일 튼튼하다니까!\" 사람들은 윌버와 오빌의 솜씨를 칭찬했어요. 그러던 어느 날 형제는 안타까운 소식을 들었어요. 릴리엔탈이라는 사람이 글라이더를 타고 시험 비행을 하다가 그만 죽고 말았다는 거예요. \"오빌, 우리가 해 보자! 사람이 탈 수 있는 커다란 글라이더를 만드는 거야!\"",
      "srcPage": 8,
      "srcSentenceEA": 10,
      "srcWordEA": 69,
      "character": "윌버,오빌,형제,자전거 가게,라이트 형제,글라이더",
      "setting": null,
      "action": "만들었어요,칭찬했어요,죽고 말았다는 거예요,타고,비행을 하다가",
      "feeling": "좋아했지요,안타까운",
      "causalRelationship": null,
      "outcomeResolution": null,
      "prediction": null,
      "plotSummaryInfoCount": 1,
      "plotSummaryInfo": {
        "classification": "사회관계",
        "readAge": "유아",
        "form": "long-form",
        "plotSummaryText": "윌버와 오빌은 부지런한 청년이 되었고, 무엇이든 만드는 걸 좋아해서, 사람이 탈 수 있는 커다란 글라이더를 만들어 보기로 했습니다.",
        "textWordEA": 18
      }
    },
    {
      "srcTextID": "131123",
      "srcText": "또다시 새로운 비행기가 만들어졌습니다. 이제는 두 사람이 함께 탈 수 있는 비행기예요. 많은 사람들이 직접 하늘을 날아 보고 싶어했지요. 그 중에 아주 씩씩한 육군 중위가 오빌과 함께 비행기를 타게 되었어요. 그런데 그만 사고가 나고 말았어요. 하늘 높이 날아 올랐던 비행기가 갑자기 땅으로 뚝 떨어져 버린 거예요. 용감했던 육군 중위는 안타깝게도 목숨을 잃고 말았답니다. 오빌도 다리를 크게 다쳤지만 중위를 생각하니 마음이 너무 아팠어요. '좀더 안전한 비행기가 필요해!' 오빌은 안전한 비행기를 만들기 위해 더욱 열심히 연구했어요.",
      "srcPage": 14,
      "srcSentenceEA": 10,
      "srcWordEA": 82,
      "character": "비행기,두 사람,사람들,육군 중위,오빌",
      "setting": null,
      "action": "만들어졌습니다,탈 수 있는,사고가 나고 말았어요,떨어져 버린 거예요,목숨을 잃고 말았답니다,다쳤지만,연구했어요",
      "feeling": "안타깝게도,마음이 너무 아팠어요",
      "causalRelationship": null,
      "outcomeResolution": null,
      "prediction": null,
      "plotSummaryInfoCount": 1,
      "plotSummaryInfo": {
        "classification": "사회관계",
        "readAge": "유아",
        "form": "long-form",
        "plotSummaryText": "또다시 새로운 비행기가 만들어졌지만 사고가 나서 육군 중위가 목숨을 잃고 말았고, 오빌은 좀 더 안전한 비행기를 만들기 위해 연구했습니다.",
        "textWordEA": 19
      }
    },
    {
      "srcTextID": "131128",
      "srcText": "할아버지가 된 오빌은 기념비가 세워진 해안에 서서 하늘을 바라보았어요. \"형, 저길 봐. 우리가 해냈어! 이제 사람들은 마음껏 하늘을 날 수 있게 된 거야!\" 라이트 형제의 비행기가 멋지게 하늘을 가르며 날고 있었습니다.",
      "srcPage": 18,
      "srcSentenceEA": 5,
      "srcWordEA": 34,
      "character": "할아버지,오빌,사람들,라이트 형제",
      "setting": "해안",
      "action": "세워진,서서,하늘을 바라보았어요,날 수 있게 된 거야,날고 있었습니다",
      "feeling": "멋지게",
      "causalRelationship": null,
      "outcomeResolution": null,
      "prediction": null,
      "plotSummaryInfoCount": 1,
      "plotSummaryInfo": {
        "classification": "사회관계",
        "readAge": "유아",
        "form": "long-form",
        "plotSummaryText": "할아버지가 된 오빌은 기념비가 세워진 해안에 서서 형에게 이제 사람들은 마음껏 하늘을 날게 되었다고 말했습니다.",
        "textWordEA": 15
      }
    },
    {
      "srcTextID": "131114",
      "srcText": "어머니가 윌버와 오빌을 도와 주셨어요. \"자, 먼저 어떤 모양을 만들지 그림을 그려 볼까?\" 어머니는 낮고 길쭉한 썰매 그림을 그려 주셨어요. 바람의 저항을 덜 받고 둘이 함께 탈 수 있도록 말이지요. 드디어 윌버와 오빌은 썰매를 완성했답니다.",
      "srcPage": 4,
      "srcSentenceEA": 5,
      "srcWordEA": 38,
      "character": "어머니,윌버,오빌,썰매",
      "setting": null,
      "action": "도와 주셨어요,그림을 그려 볼까,그림을 그려 주셨어요,탈 수 있도록,완성했답니다",
      "feeling": null,
      "causalRelationship": null,
      "outcomeResolution": null,
      "prediction": null,
      "plotSummaryInfoCount": 1,
      "plotSummaryInfo": {
        "classification": "사회관계",
        "readAge": "유아",
        "form": "long-form",
        "plotSummaryText": "어머니가 도와주셔서 윌버와 오빌은 썰매를 완성했답니다.",
        "textWordEA": 6
      }
    },
    {
      "srcTextID": "131115",
      "srcText": "어느 날, 아버지가 신기한 장난감을 사 오셨어요. 두 개의 날개가 긴 대롱 속의 고무줄로 연결되어 윗날개를 잡고 아랫날개를 돌려 주면 멋지게 하늘로 날아 올았어요. 하늘을 나는 장난감은 하루 종일 가지고 놀아도 너무 신기하고 재미있었어요. 그런데 그만 하늘을 나는 장난감이 망가지고 말았어요. 그러나 윌버와 오빌은 실망하지 않았답니다. 썰매를 만들었을 때처럼 다시 만들면 되니까요. \"형, 이 장난감을 '박쥐'라고 부르는 게 어때?\" 윌버와 오빌이 만든 장난감은 친구들에게도 아주 인기가 좋았어요.",
      "srcPage": 6,
      "srcSentenceEA": 9,
      "srcWordEA": 74,
      "character": "아버지,장난감,윌버,오빌,친구들",
      "setting": null,
      "action": "사 오셨어요,가지고 놀아도,망가지고 말았어요",
      "feeling": "멋지게,신기하고,재미있었어요",
      "causalRelationship": null,
      "outcomeResolution": null,
      "prediction": null,
      "plotSummaryInfoCount": 1,
      "plotSummaryInfo": {
        "classification": "사회관계",
        "readAge": "유아",
        "form": "long-form",
        "plotSummaryText": "아버지가 사 오신 하늘을 나는 장난감이 망가졌지만, 다시 만들면 되니까 윌버와 오빌은 실망하지 않았답니다.",
        "textWordEA": 14
      }
    },
    {
      "srcTextID": "131116",
      "srcText": "윌버와 오빌은 연날리기 대회에 참가하기로 했어요. 자신들이 만든 연이 새처럼 훨훨 날기를 바랐지요. 처음엔 아주 가늘게 나무를 깎아 연을 만들었어요. 그러나 연은 너무 가벼워서 바람이 세게 불자 금세 망가지고 말았어요. \"오빌, 연에 꼬리를 달면 바람이 세게 불어도 끄떡없을 거야.\" 정말로 연은 긴 꼬리를 이리저리 흔들며 하늘 높이 날아 올랐어요. 대회에 참가한 연 중에 윌버와 오빌의 연이 제일 높이 올랐어요. 대회에 참가한 연 중에 윌버와 오빌의 연이 제일 높이 올라갔어요. \"형, 아주 크고 튼튼한 연을 만들면 우리도 연을 타고 날 수 있을까?\" 윌버와 오빌은 언젠가 꼭 하늘을 날아 보자고 약속했어요.",
      "srcPage": 7,
      "srcSentenceEA": 10,
      "srcWordEA": 96,
      "character": "윌버,오빌,연",
      "setting": null,
      "action": "날기를,만들었어요,망가지고 말았어요,흔들며,날아 올랐어요,날 수 있을까,약속했어요",
      "feeling": null,
      "causalRelationship": null,
      "outcomeResolution": null,
      "prediction": null,
      "plotSummaryInfoCount": 1,
      "plotSummaryInfo": {
        "classification": "사회관계",
        "readAge": "유아",
        "form": "long-form",
        "plotSummaryText": "윌버와 오빌은 연날리기 대회에 참가했고, 윌버와 오빌이 만든 연이 제일 높이 날아 올라갔어요.",
        "textWordEA": 13
      }
    },
    {
      "srcTextID": "131126",
      "srcText": "윌버와 오빌 형제의 이야기는 많은 사람들에게 알려졌어요. 미국 대통령과 국방 장관도 그들의 비행을 보러 오셨어요. 라이트 형제의 비행 시범은 대성공이었어요. \"오! 정말 놀라운 일이군요!\" \"이 비행기는 우리 군대에 큰 도움이 되겠소!\"",
      "srcPage": 15,
      "srcSentenceEA": 5,
      "srcWordEA": 34,
      "character": "윌버,오빌,미국 대통령,국방 장관,라이트 형제",
      "setting": null,
      "action": "보러 오셨어요,도움이 되겠소",
      "feeling": "놀라운",
      "causalRelationship": null,
      "outcomeResolution": null,
      "prediction": null,
      "plotSummaryInfoCount": 1,
      "plotSummaryInfo": {
        "classification": "사회관계",
        "readAge": "유아",
        "form": "long-form",
        "plotSummaryText": "미국 대통령과 국방 장관도 라이트 형제의 시범 비행을 보러 오셨고, 결과는 대성공이었습니다.",
        "textWordEA": 12
      }
    },
    {
      "srcTextID": "131125",
      "srcText": "다른 나라에서도 비행기를 만들어 달라고 부탁했어요. 윌버와 오빌은 비행기 회사를 차렸지요. 둘은 비행기가 좋은 일에 쓰이길 바랐어요. 그리고, 더 훌륭한 비행기를 만들 수 있도록 학교도 세웠답니다.",
      "srcPage": 16,
      "srcSentenceEA": 4,
      "srcWordEA": 29,
      "character": "다른 나라,비행기,윌버,오빌,비행기 회사",
      "setting": null,
      "action": "만들어 달라고,차렸지요,세웠답니다",
      "feeling": null,
      "causalRelationship": null,
      "outcomeResolution": null,
      "prediction": null,
      "plotSummaryInfoCount": 1,
      "plotSummaryInfo": {
        "classification": "사회관계",
        "readAge": "유아",
        "form": "long-form",
        "plotSummaryText": "다른 나라에서도 비행기를 만들어 달라고 부탁해서 윌버와 오빌은 비행기 회사를 차렸습니다.",
        "textWordEA": 11
      }
    },
    {
      "srcTextID": "131112",
      "srcText": "오빌은 두 팔을 벌리고 언덕 아래로 달려갔어요. \"조심해! 그러다 넘어지겠어!\" 눈이 쌓인 언덕은 매우 미끄러웠어요. 언덕 위는 썰매 타는 아이들로 시끌벅적했어요. \"형, 우리도 여기서 썰매 타자.\" \"우린 썰매가 없잖아.\" \"만들면 되지. 형, 우리가 만들자.\"",
      "srcPage": 3,
      "srcSentenceEA": 8,
      "srcWordEA": 38,
      "character": "오빌,아이들,형",
      "setting": "언덕 아래",
      "action": "달려갔어요,넘어지겠어,썰매 타는,썰매 타자",
      "feeling": null,
      "causalRelationship": null,
      "outcomeResolution": null,
      "prediction": null,
      "plotSummaryInfoCount": 1,
      "plotSummaryInfo": {
        "classification": "사회관계",
        "readAge": "유아",
        "form": "long-form",
        "plotSummaryText": "오빌과 형은 아이들처럼 썰매가 타고 싶지만 없어서, 썰매를 만들자고 했어요.",
        "textWordEA": 10
      }
    }
  ]
}