{
  "title": "예수",
  "author": "최규순",
  "illustrator": "안준석",
  "isbn": "9788992636513",
  "publishedYear": 2007,
  "publisher": "교연아카데미",
  "paragraphInfoCount": 29,
  "paragraphInfo": [
    {
      "srcTextID": "97267",
      "srcText": "유월절이 가까워지자 예수는 예루살렘으로 갔어요. 나귀를 탄 예수는 가는 곳마다 수많은 사람들에게 둘러싸였어요. 예수의 앞뒤를 따라가면서 사람들은 환호성을 올렸어요. “예수가 우리의 왕이다!”",
      "srcPage": 19,
      "srcSentenceEA": 4,
      "srcWordEA": 24,
      "character": "예수,나귀,사람들,왕,우리",
      "setting": "예루살렘,유월절",
      "action": "갔어요,따라가면서,환호성을 올렸어요",
      "feeling": null,
      "causalRelationship": null,
      "outcomeResolution": null,
      "prediction": null,
      "plotSummaryInfoCount": 1,
      "plotSummaryInfo": {
        "classification": "사회관계",
        "readAge": "유아",
        "form": "long-form",
        "plotSummaryText": "예수는 나귀를 타고 예루살렘으로 갔는데, 가는 곳마다 앞뒤로 따라가는 수많은 사람이 환호성을 올렸어요.",
        "textWordEA": 13
      }
    },
    {
      "srcTextID": "97266",
      "srcText": "유월절 마지막 날 예수는 제자들과 함께 빵과 포도주를 먹었어요. “이 떡은 너희를 위해 주는 나의 몸이니라. 또 이 포도주는 너희를 위해 흘린 나의 피니라.” 예수는 그날 밤 겟세마네 동산으로 올라가 하나님께 간절히 기도했어요. 예수는 자기가 잡혀 죽을 것을 이미 알고 있었던 거예요.",
      "srcPage": 20,
      "srcSentenceEA": 5,
      "srcWordEA": 45,
      "character": "예수,제자들,빵,포도주,떡,하나님,너희,나의 몸,나의 피,자기",
      "setting": "유월절 마지막 날,겟세마네 동산,그날 밤",
      "action": "먹었어요,올라가,주는,흘린,간절히 기도했어요,잡혀,죽을",
      "feeling": null,
      "causalRelationship": null,
      "outcomeResolution": null,
      "prediction": "예수는 자기가 잡혀 죽을 것을 이미 알고 있었던 거예요.",
      "plotSummaryInfoCount": 1,
      "plotSummaryInfo": {
        "classification": "사회관계",
        "readAge": "유아",
        "form": "long-form",
        "plotSummaryText": "예수는 유월절 마지막 날 자기가 죽을 것을 미리 알고 제자들과 빵과 포도주를 먹고 겟세마네 동산으로 올라가 하나님께 간절히 기도했어요.",
        "textWordEA": 19
      }
    },
    {
      "srcTextID": "97268",
      "srcText": "그리고 뾰족한 가시로 만든 왕관을 예수의 머리 위에 씌웠어요. 예수는 채찍에 맞으며 골고다 언덕으로 끌려갔어요. 예수는 십자 모양으로 만든 나무에 못박히게 되었답니다.",
      "srcPage": 23,
      "srcSentenceEA": 3,
      "srcWordEA": 24,
      "character": "가시,왕관,예수,채찍",
      "setting": "골고다 언덕",
      "action": "씌웠어요,맞으며,끌려갔어요",
      "feeling": null,
      "causalRelationship": null,
      "outcomeResolution": "예수는 십자 모양으로 만든 나무에 못박히게 되었답니다.",
      "prediction": null,
      "plotSummaryInfoCount": 1,
      "plotSummaryInfo": {
        "classification": "사회관계",
        "readAge": "유아",
        "form": "short-form",
        "plotSummaryText": "예수의 머리 위에는 뾰족한 가시로 만든 왕관을 씌워지고 채찍에 맞으며 골고다 언덕으로 끌려간 예수는 십자 모양으로 만든 나무에 못 박히게 되었어요.",
        "textWordEA": 21
      }
    },
    {
      "srcTextID": "97273",
      "srcText": "예수는 아픔을 참고 십자가 위에서 기도했어요. “저 사람들이 한 짓을 용서해 주세요.” “다 이루었도다.”",
      "srcPage": 25,
      "srcSentenceEA": 3,
      "srcWordEA": 14,
      "character": "예수,사람들",
      "setting": "십자가 위",
      "action": "기도했어요,아픔을 참고",
      "feeling": null,
      "causalRelationship": null,
      "outcomeResolution": null,
      "prediction": null,
      "plotSummaryInfoCount": 1,
      "plotSummaryInfo": {
        "classification": "사회관계",
        "readAge": "유아",
        "form": "short-form",
        "plotSummaryText": "십자가 위에서 예수가 아픔을 참으면서 저 사람들이 한 짓을 용서해 달라고 기도했어요.",
        "textWordEA": 12
      }
    },
    {
      "srcTextID": "97272",
      "srcText": "예수는 마지막 말을 남기고 숨을 거두셨답니다. 로마 병사들은 긴 창으로 예수의 옆구리를 찔렀어요. 제자들은 예수의 시체를 십자가에서 내린 후 돌무덤에 모시고 큰 바위로 막아 놓았습니다.",
      "srcPage": 26,
      "srcSentenceEA": 3,
      "srcWordEA": 27,
      "character": "예수,로마 병사들,제자들,큰 바위,긴 창,옆구리,예수의 시체",
      "setting": "십자가,돌무덤",
      "action": "찔렀어요,막아 놓았습니다,남기고,숨을 거두셨답니다,내린 후,모시고",
      "feeling": null,
      "causalRelationship": null,
      "outcomeResolution": null,
      "prediction": null,
      "plotSummaryInfoCount": 1,
      "plotSummaryInfo": {
        "classification": "사회관계",
        "readAge": "유아",
        "form": "short-form",
        "plotSummaryText": "마지막 말을 남긴 예수가 숨을 거두자, 로마 병사들이 예수의 옆구리를 긴 창으로 찔렀고 제자들은 예수를 돌무덤에 모시고 큰 바위로 막아 놓았어요.",
        "textWordEA": 21
      }
    },
    {
      "srcTextID": "97274",
      "srcText": "부활하신 예수는 그 후에도 많은 사람들에게 나타나서 말씀하셨어요. “너희는 하나님의 말씀을 모든 사람들에게 전하여라. 나는 언젠가 이 땅에 다시 올 것이다.” 이 말씀을 하신 후 예수께서는 제자들이 지켜보는 가운데 하늘로 올라가셨답니다.",
      "srcPage": 29,
      "srcSentenceEA": 4,
      "srcWordEA": 33,
      "character": "예수,사람들,하나님,나,땅,제자들,하늘,너희",
      "setting": null,
      "action": "말씀하셨어요,지켜보는,올라가셨답니다,나타나서",
      "feeling": null,
      "causalRelationship": null,
      "outcomeResolution": null,
      "prediction": null,
      "plotSummaryInfoCount": 1,
      "plotSummaryInfo": {
        "classification": "사회관계",
        "readAge": "유아",
        "form": "long-form",
        "plotSummaryText": "그 후에도 많은 사람들에게 나타났던 예수는 언젠가 이 땅에 다시 올 것이라는 말씀을 남기고 제자들이 지켜보는 가운데 하늘로 올라가셨어요.",
        "textWordEA": 19
      }
    },
    {
      "srcTextID": "97263",
      "srcText": "그 순간, 여자의 몸에서 흐르던 피가 뚝 그쳤어요. 예수는 뒤를 돌아보며 말했어요. “누가 내 옷에 손을 대었느냐?” 제자들은 사람들이 밀어 댄 것이라고 했지만, 예수는 하나님의 능력이 몸에서 나간 것을 알고 있었답니다.",
      "srcPage": 17,
      "srcSentenceEA": 4,
      "srcWordEA": 33,
      "character": "여자,예수,제자들,사람들,하나님,피,몸,내 옷",
      "setting": null,
      "action": "돌아보며,말했어요,밀어,그쳤어요",
      "feeling": null,
      "causalRelationship": null,
      "outcomeResolution": null,
      "prediction": null,
      "plotSummaryInfoCount": 1,
      "plotSummaryInfo": {
        "classification": "사회관계",
        "readAge": "유아",
        "form": "long-form",
        "plotSummaryText": "여자의 몸에서는 피가 그쳤고 자기 옷에 누가 손을 대었느냐는 예수의 말에 제자들은 사람들이 밀어 된 것이라고 했지만 예수는 하나님의 능력임을 알고 있었어요.",
        "textWordEA": 22
      }
    },
    {
      "srcTextID": "97265",
      "srcText": "예수는 그 밖에도 많은 사람들의 병을 고쳐 주셨어요. 죽은 줄로만 알았던 소녀의 병을 고쳐 주신 일은 너무나 유명하지요. 예수가 소녀의 손을 잡고 일어나라 하시니, 소녀가 곧 걷게 되었답니다.",
      "srcPage": 18,
      "srcSentenceEA": 3,
      "srcWordEA": 30,
      "character": "예수,사람들,소녀,손",
      "setting": null,
      "action": "고쳐 주셨어요,잡고,일어나라 하시니,걷게 되었답니다",
      "feeling": null,
      "causalRelationship": null,
      "outcomeResolution": null,
      "prediction": null,
      "plotSummaryInfoCount": 1,
      "plotSummaryInfo": {
        "classification": "사회관계",
        "readAge": "유아",
        "form": "short-form",
        "plotSummaryText": "그 밖에도 많은 사람들의 병을 고쳤던 예수는 죽은 줄로만 알았던 소녀의 병도 고쳐서 소녀가 곧 걷게 되기도 하였어요.",
        "textWordEA": 18
      }
    },
    {
      "srcTextID": "97252",
      "srcText": "예수는 세례를 받은 후 들판으로 나가 아무 것도 먹지 않은 채 40일 동안 기도했어요. 어느 날 마귀가 예수께 다가왔어요. “네가 하나님의 아들이라면 이 돌을 떡으로 만들어 봐라.” 예수는 몹시 배가 고팠지만 마귀의 달콤한 말에 넘어가지 않았어요. “사람은 떡으로만 사는 게 아니라 하나님의 말씀으로 살아야 하느니라!” 그러자 마귀는 예수를 성전 꼭대기로 데려가 ‘뛰어내리라’ 고 했어요. “주 너희 하나님을 시험하지 말라.” 예수는 이번에도 말씀으로 마귀를 물리쳤어요. 마귀는 예수를 데리고 다시 높은 산으로 올라가 세상의 화려한 모습을 보여 주었어요. “나에게 무릎 꿇고 절하면 이 모든 것을 주겠다.” 마귀의 말이 끝나기 무섭게 예수는 대답했어요. “물러가라! 오직 하나님만을 섬기라!” 마귀가 떠난 후 하나님은 천사들을 보내서 예수를 돕게 하셨답니다.",
      "srcPage": 5,
      "srcSentenceEA": 14,
      "srcWordEA": 112,
      "character": "예수,마귀,하나님,아들,돌,떡,사람,나,천사들",
      "setting": "들판,성전 꼭대기,40일 동안,높은 산",
      "action": "받은,나가,기도했어요,다가왔어요,만들어 봐라,데려가,물리쳤어요,올라가,절하면,대답했어요,물러가라,섬기라,떠난,보내서,넘어가지 않았어요,뛰어내리라 고 했어요,돕게 하셨답니다",
      "feeling": null,
      "causalRelationship": null,
      "outcomeResolution": null,
      "prediction": null,
      "plotSummaryInfoCount": 1,
      "plotSummaryInfo": {
        "classification": "사회관계",
        "readAge": "유아",
        "form": "long-form",
        "plotSummaryText": "세례를 받은 후 들판으로 나간 예수는 40일 동안 아무것도 먹지 않은 채 기도를 했는데 마귀가 다가와서 여러 가지 방법으로 예수를 시험하였지만, 예수는 넘어가지 않았고 마귀가 떠난 후 천사들이 와서 예수를 도왔어요.",
        "textWordEA": 31
      }
    },
    {
      "srcTextID": "97256",
      "srcText": "예수의 말씀대로 그물을 던진 형제는 곧 배가 가라앉을 정도로 많은 고기를 잡았어요. 그물은 엄청나게 많은 고기들로 찢어질 지경이었어요. “이제부터 너희는 사람을 낚는 어부가 될 것이다.”",
      "srcPage": 9,
      "srcSentenceEA": 3,
      "srcWordEA": 26,
      "character": "예수,그물,형제,배,고기,사람,어부",
      "setting": null,
      "action": "던진,잡았어요",
      "feeling": null,
      "causalRelationship": null,
      "outcomeResolution": null,
      "prediction": "이제부터 너희는 사람을 낚는 어부가 될 것이다.",
      "plotSummaryInfoCount": 1,
      "plotSummaryInfo": {
        "classification": "사회관계",
        "readAge": "유아",
        "form": "short-form",
        "plotSummaryText": "예수의 말씀대로 그물을 던진 형제는 엄청나게 많은 고기를 잡았어요.",
        "textWordEA": 9
      }
    },
    {
      "srcTextID": "97257",
      "srcText": "“마음이 깨끗한 사람은 복을 받고 하나님을 보게 될 것입니다.” “여러분은 세상의 빛과 소금입니다. 모든 사람들을 착한 마음으로 대하세요.”",
      "srcPage": 11,
      "srcSentenceEA": 3,
      "srcWordEA": 19,
      "character": "사람,하나님,소금,빛",
      "setting": "세상",
      "action": "복을 받고,보게 될 것입니다,대하세요",
      "feeling": null,
      "causalRelationship": null,
      "outcomeResolution": null,
      "prediction": null,
      "plotSummaryInfoCount": 1,
      "plotSummaryInfo": {
        "classification": "사회관계",
        "readAge": "유아",
        "form": "short-form",
        "plotSummaryText": "마음이 깨끗한 사람은 복을 받고 하나님을 보게 될 것이고 세상의 빛과 소금인 여러분들은 착한 마음으로 사람들을 대하라고 했어요.",
        "textWordEA": 18
      }
    },
    {
      "srcTextID": "97258",
      "srcText": "“원수를 미워하지 말고 사랑하세요.” 예수의 말씀은 가난하고 외로운 사람들의 마음 속에 평안을 주었습니다. 예수는 온힘을 다해 하늘나라의 말씀을 가르치셨습니다.",
      "srcPage": 12,
      "srcSentenceEA": 3,
      "srcWordEA": 21,
      "character": "원수,예수,사람들",
      "setting": null,
      "action": "가르치셨습니다,평안을 주었습니다,온힘을 다해",
      "feeling": null,
      "causalRelationship": null,
      "outcomeResolution": null,
      "prediction": null,
      "plotSummaryInfoCount": 1,
      "plotSummaryInfo": {
        "classification": "사회관계",
        "readAge": "유아",
        "form": "short-form",
        "plotSummaryText": "원수를 미워하지 말고 사랑하라는 예수의 말씀은 가난하고 외로운 사람들에게 평안을 주었고 예수는 온 힘을 다해 하늘나라의 말씀을 가르쳤어요.",
        "textWordEA": 18
      }
    },
    {
      "srcTextID": "97261",
      "srcText": "예수는 하나님께 감사 기도를 올렸어요. 그리고 떡과 물고기를 사람들에게 나누어 주셨어요. 그러자 음식은 모두들 배불리 먹고도 열두 광주리나 남을 정도였답니다.",
      "srcPage": 15,
      "srcSentenceEA": 3,
      "srcWordEA": 22,
      "character": "예수,하나님,떡,물고기,사람들,음식",
      "setting": null,
      "action": "기도를 올렸어요,나누어 주셨어요",
      "feeling": null,
      "causalRelationship": null,
      "outcomeResolution": null,
      "prediction": null,
      "plotSummaryInfoCount": 1,
      "plotSummaryInfo": {
        "classification": "사회관계",
        "readAge": "유아",
        "form": "short-form",
        "plotSummaryText": "하나님께 감사 기도를 올린 예수가 사람들에게 떡과 물고기를 나누어 주었는데 모두 음식을 배불리 먹고도 열두 광주리나 남았습니다.",
        "textWordEA": 17
      }
    },
    {
      "srcTextID": "97276",
      "srcText": "제자들이 무덤으로 달려가 보니 정말 예수의 시체가 없었어요. 그날 저녁, 제자들이 모여 있는 집 안에 부활하신 예수가 나타났어요. 그리고 못자국 난 손과 창에 찔린 옆구리를 보여 주었어요. 제자들은 주님을 보고 기뻐서 어쩔 줄을 몰랐어요.",
      "srcPage": 28,
      "srcSentenceEA": 4,
      "srcWordEA": 37,
      "character": "제자들,예수,주님,예수의 시체,못자국 난 손,창에 찔린 옆구리",
      "setting": "무덤,그날 저녁,집 안",
      "action": "나타났어요,보여 주었어요,보고,달려가 보니",
      "feeling": "기뻐서 어쩔 줄을 몰랐어요",
      "causalRelationship": null,
      "outcomeResolution": null,
      "prediction": null,
      "plotSummaryInfoCount": 1,
      "plotSummaryInfo": {
        "classification": "사회관계",
        "readAge": "유아",
        "form": "long-form",
        "plotSummaryText": "부활하신 예수가 제자들이 모여 있는 집 안에 나타나서 못 자국이 난 손과 창에 찔린 옆구리를 보여 주었어요.",
        "textWordEA": 17
      }
    },
    {
      "srcTextID": "97264",
      "srcText": "예수가 많은 사람들과 함께 어떤 집으로 가는 길이었어요. 12년 동안이나 피가 그치지 않는 부인병을 앓고 있던 여자가 사람들 틈에 끼여 따라왔어요. 여자는 예수의 뒤로 와서 가만히 옷을 만졌어요. 옷자락만 만져도 병이 나을 거라고 생각했던 거예요.",
      "srcPage": 16,
      "srcSentenceEA": 4,
      "srcWordEA": 38,
      "character": "예수,사람들,여자,옷,옷자락",
      "setting": "어떤 집,12년,예수의 뒤",
      "action": "가는,따라왔어요,와서,만졌어요,만져도",
      "feeling": null,
      "causalRelationship": "여자는 예수의 뒤로 와서 가만히 옷을 만졌어요. 옷자락만 만져도 병이 나을 거라고 생각했던 거예요.",
      "outcomeResolution": null,
      "prediction": null,
      "plotSummaryInfoCount": 1,
      "plotSummaryInfo": {
        "classification": "사회관계",
        "readAge": "유아",
        "form": "long-form",
        "plotSummaryText": "사람들 틈에 끼여 따라온 피가 멈추지 않는 여자가 예수의 뒤로 와서 자신의 병이 나을 거로 생각하며 가만히 예수의 옷을 만졌어요.",
        "textWordEA": 20
      }
    },
    {
      "srcTextID": "97275",
      "srcText": "예수가 십자가에서 돌아가신 지 3일이 지났어요. 무서워 문 밖으로 나오지도 못하고 있던 제자들 앞에 천사가 나타났어요. “예수님이 살아나셨어요. 죽음을 이기고 부활하신 거예요.”",
      "srcPage": 27,
      "srcSentenceEA": 4,
      "srcWordEA": 24,
      "character": "예수,제자들,천사,문 밖",
      "setting": "십자가,3일",
      "action": "돌아가신,나타났어요",
      "feeling": null,
      "causalRelationship": null,
      "outcomeResolution": null,
      "prediction": "예수님이 살아나셨어요. 죽음을 이기고 부활하신 거예요.",
      "plotSummaryInfoCount": 1,
      "plotSummaryInfo": {
        "classification": "사회관계",
        "readAge": "유아",
        "form": "long-form",
        "plotSummaryText": "십자가에서 예수가 돌아가신 지 3일이 지나자, 천사가 죽음을 이기고 예수님이 살아나셨다고 말했어요.",
        "textWordEA": 12
      }
    },
    {
      "srcTextID": "97248",
      "srcText": "지금으로부터 이천 년 전 유대의 나사렛 마을에 마리아와 요셉이 살고 있었어요. 두 사람은 결혼을 약속한 사이였어요. 그런데 마리아는 요셉과 함께 살기도 전에 하나님의 성령으로 아기를 갖게 되었답니다. 요셉은 이 사실을 알고 마리아와 결혼을 하지 않으려고 했어요. 그 때 요셉에게 천사가 나타났어요. “겁내지 말고 마리아를 데려오세요. 그리고 마리아가 아들을 낳거든 이름을 예수라 하세요. 예수는 사람들을 잘못된 길에서 구해 주실 거예요.” 요셉은 천사의 말을 듣고 마리아를 아내로 맞아들였어요.",
      "srcPage": 1,
      "srcSentenceEA": 9,
      "srcWordEA": 73,
      "character": "마리아,요셉,하나님,아기,천사,아들,예수,사람들,아내",
      "setting": "이천 년 전,나사렛 마을",
      "action": "살고 있었어요,나타났어요,듣고,맞아들였어요,갖게 되었답니다,알고,결혼을 하지 않으려고 했어요",
      "feeling": null,
      "causalRelationship": null,
      "outcomeResolution": null,
      "prediction": null,
      "plotSummaryInfoCount": 1,
      "plotSummaryInfo": {
        "classification": "사회관계",
        "readAge": "유아",
        "form": "long-form",
        "plotSummaryText": "지금으로부터 이천 년 전, 결혼을 약속한 사이였던 마리아와 요셉이 있었는데 마리아는 요셉과 함께 살기도 전에 하나님의 성령으로 아기를 갖게 되자 요셉은 마리아와 결혼을 하지 않으려고 했지만 천사의 말로 마리아를 아내로 맞이했어요.",
        "textWordEA": 31
      }
    },
    {
      "srcTextID": "97253",
      "srcText": "예수는 어머니 마리아와 함께 결혼 잔치에 초대받았어요. 술과 음식과 노래 속에 모두가 흥겨워했어요. “여보게, 여기 포도가 떨어졌어!” 술을 마시던 사람이 큰 소리로 외쳤어요. 마침 거기에는 큰 항아리 여섯 개가 놓여 있었어요. 예수는 하인들을 불러 항아리마다 물을 가득 채우게 한 다음 말했어요. “이 물을 떠서 주인에게 가져다 주세요.” 사람들은 이 물을 맛보고 모두 한 마디씩 칭찬을 했어요. “이렇게 맛있는 포도주가 있다니!” 예수는 기적과 같은 능력을 처음 나타내신 거랍니다.",
      "srcPage": 6,
      "srcSentenceEA": 10,
      "srcWordEA": 73,
      "character": "예수,어머니,마리아,술,음식,포도,항아리,하인들,주인,포도주,사람,물",
      "setting": "결혼 잔치",
      "action": "마시던,외쳤어요,불러,말했어요,떠서,가져다 주세요,칭찬을 했어요,초대받았어요",
      "feeling": "흥겨워했어요",
      "causalRelationship": null,
      "outcomeResolution": null,
      "prediction": null,
      "plotSummaryInfoCount": 1,
      "plotSummaryInfo": {
        "classification": "사회관계",
        "readAge": "유아",
        "form": "long-form",
        "plotSummaryText": "어머니 마리아와 함께 초대받은 결혼 잔치에 포도가 떨어졌다는 말을 들은 예수는 물을 포도주로 만든 기적과 같은 능력을 나타내셨어요.",
        "textWordEA": 18
      }
    },
    {
      "srcTextID": "97249",
      "srcText": "요셉은 마리아와 함께 베들레헴으로 가야했어요. 나라의 명령으로 고향에 내려가서 호적을 만들어야 했기 때문이에요. “요셉, 배가 아파요. 아기를 낳으려나 봐요.” 하지만 동네 여관은 빈방이 하나도 없었어요. 12월 25일, 마리아는 예수를 낳아 어느 마구간의 구유에 뉘었답니다. 별을 연구하던 동방 박사들이 아기 예수를 찾아왔어요. 들판에서 양을 치던 목자들도 달려왔어요. 가장 빛나는 큰 별을 따라가라고 천사가 말해 주었지요. 박사들과 목자들은 구유에 누워 있는 아기 예수를 보자 말할 수 없이 기뻤어요. “오! 천사가 말한 바로 그 분이군요.” 박사들은 엎드려 인사하고 보물 상자를 열어 선물을 드렸어요.",
      "srcPage": 2,
      "srcSentenceEA": 12,
      "srcWordEA": 90,
      "character": "요셉,마리아,아기,예수,구유,동방 박사들,양,목자들,큰 별,천사,보물 상자,선물",
      "setting": "베들레헴,고향,동네,여관,12월 25일,마구간,들판",
      "action": "가야했어요,내려가서,낳아,뉘었답니다,연구하던,찾아왔어요,치던,달려왔어요,따라가라고,말해 주었지요,엎드려,인사하고,열어,드렸어요",
      "feeling": "기뻤어요",
      "causalRelationship": "요셉은 마리아와 함께 베들레헴으로 가야했어요. 나라의 명령으로 고향에 내려가서 호적을 만들어야 했기 때문이에요.",
      "outcomeResolution": null,
      "prediction": null,
      "plotSummaryInfoCount": 1,
      "plotSummaryInfo": {
        "classification": "사회관계",
        "readAge": "유아",
        "form": "long-form",
        "plotSummaryText": "고향에 내려가서 호적을 만들기 위해 요셉은 마리아와 함께 베들레헴으로 가야 했는데 도중에 마리아가 어느 마구간에서 예수를 낳았고 별을 연구하던 동방 박사들이 아기 예수를 찾아왔어요.",
        "textWordEA": 24
      }
    },
    {
      "srcTextID": "97250",
      "srcText": "예수가 태어났을 때 나라의 임금님은 헤롯 왕이었어요. 헤롯 왕은 백성들을 사랑하지 않는 잔인한 왕이었어요. 어느 날 예루삼렘에 ‘유대인의 왕’ 이 태어났다는 소문을 들은 헤롯 왕은 몹시 화를 내며 소리쳤어요. “군인들을 베들레헴으로 보내어 두 살 아래 아기들은 모조리 죽여 버려라!” 하지만 요셉의 꿈에 나타난 천사의 말에 아기 예수는 무사할 수 있었어요. “헤롯 왕이 아기를 죽이려 하니 빨리 애굽으로 피해요!” 요셉과 마리아는 아기 예수와 함께 애굽으로 가서 헤롯 왕이 죽을 때까지 애굽에서 살았어요. 일 년 후, 헤롯 왕이 죽자 그들은 나사렛으로 돌아왔어요.",
      "srcPage": 3,
      "srcSentenceEA": 9,
      "srcWordEA": 86,
      "character": "예수,나라,임금님,헤롯 왕,백성들,군인들,아기,요셉,천사,아기 예수,마리아,유대인의 왕,두 살 아래 아기들",
      "setting": "예루삼렘,베들레헴,애굽,일 년 후,나사렛",
      "action": "소리쳤어요,나타난,돌아왔어요,가서,살았어요",
      "feeling": "몹시 화를 내며",
      "causalRelationship": null,
      "outcomeResolution": null,
      "prediction": null,
      "plotSummaryInfoCount": 1,
      "plotSummaryInfo": {
        "classification": "사회관계",
        "readAge": "유아",
        "form": "long-form",
        "plotSummaryText": "헤롯 왕은 유대인의 왕이 태어났다는 소문에 화가 나서 두 살 아래 아기들을 모두 죽이려 했지만 천사의 말에 예수는 애굽으로 피해서 무사할 수 있었어요.",
        "textWordEA": 23
      }
    },
    {
      "srcTextID": "97251",
      "srcText": "예수가 열두 살 되던 해였어요. 큰 명절인 유월절 축제에 참석하기 위해 예수는 부모님을 따라 예루살렘으로 갔어요. 그런데 축제가 끝난 후 집으로 돌아갈 때 예수가 보이지 않는 거예요. 예수를 찾아 헤매던 부모님은 성전 안에서 예수를 찾아냈어요. 예수는 율법 선생님들과 성경 말씀을 나누고 있었답니다. 어른이 된 예수는 요단 강가에서 세례 요한에게 물로 세례를 받았어요. 예수가 세례를 받고 물에서 올라오는 순간 갑자기 구름이 걷히면서 하늘이 환하게 밝아졌어요. 그리고 비둘기와 같은 모습이 예수의 머리 위로 내려오면서 하나님의 목소리가 들려 왔어요. “예수는 내가 사랑하는 아들이다.”",
      "srcPage": 4,
      "srcSentenceEA": 9,
      "srcWordEA": 87,
      "character": "예수,부모님,율법 선생님들,세례 요한,물,하늘,비둘기,하나님,아들,어른",
      "setting": "예루살렘,집,성전,요단 강가",
      "action": "참석하기,갔어요,찾아,헤매던,찾아냈어요,받았어요,올라오는,내려오면서",
      "feeling": null,
      "causalRelationship": null,
      "outcomeResolution": null,
      "prediction": null,
      "plotSummaryInfoCount": 1,
      "plotSummaryInfo": {
        "classification": "사회관계",
        "readAge": "유아",
        "form": "long-form",
        "plotSummaryText": "예수는 유월절 축제에 참석하기 위해 부모님을 따라 예루살렘으로 갔는데 축제가 끝난 후 집으로 돌아갈 때 예수가 보이지 않자, 부모님은 예수를 찾아 헤맸고 성전 안에서 예수를 찾아냈어요.",
        "textWordEA": 26
      }
    },
    {
      "srcTextID": "97255",
      "srcText": "예수께서 바닷가를 지나가실 때였어요. 두 형제가 있는 힘을 다해 그물을 던지는 것이 보였어요. 두 형제의 이름은 베드로와 안드레였어요.",
      "srcPage": 7,
      "srcSentenceEA": 3,
      "srcWordEA": 20,
      "character": "예수,그물,베드로,안드레,두 형제",
      "setting": "바닷가",
      "action": "던지는,지나가실",
      "feeling": null,
      "causalRelationship": null,
      "outcomeResolution": null,
      "prediction": null,
      "plotSummaryInfoCount": 1,
      "plotSummaryInfo": {
        "classification": "사회관계",
        "readAge": "유아",
        "form": "short-form",
        "plotSummaryText": "바닷가를 지나가고 있었던 예수는 그물을 던지는 베드로와 안드레 두 형제를 보았어요.",
        "textWordEA": 11
      }
    },
    {
      "srcTextID": "97254",
      "srcText": "베드로와 안드레는 지난 밤 내내 고기를 한 마리도 잡지 못했어요. 형제는 그만 울상이 되어 버렸어요. 그러자 예수가 다가가서 말씀하셨어요. “깊은 데로 가서 그물을 내리면 많은 고기를 잡을 것이다.”",
      "srcPage": 8,
      "srcSentenceEA": 4,
      "srcWordEA": 30,
      "character": "베드로,안드레,고기,예수,그물",
      "setting": "지난 밤",
      "action": "다가가서,말씀하셨어요,잡지 못했어요",
      "feeling": null,
      "causalRelationship": null,
      "outcomeResolution": null,
      "prediction": "깊은 데로 가서 그물을 내리면 많은 고기를 잡을 것이다.",
      "plotSummaryInfoCount": 1,
      "plotSummaryInfo": {
        "classification": "사회관계",
        "readAge": "유아",
        "form": "long-form",
        "plotSummaryText": "지난밤 고기를 한 마리도 잡지 못하여 울상이 되어버린 베드로와 안드레에게 깊은 데로 가서 그물을 내리면 많은 고기를 잡을 것이라고 예수가 말했어요.",
        "textWordEA": 21
      }
    },
    {
      "srcTextID": "97260",
      "srcText": "예수는 온 동네를 두루 다니며 하나님의 가르침을 전하기 시작했어요. 어느 날 예수는 열두 명의 제자들을 데리고 산 위에 올라가셨어요. 많은 사람들이 예수의 말씀을 듣기 위해 모여들었어요.",
      "srcPage": 10,
      "srcSentenceEA": 3,
      "srcWordEA": 28,
      "character": "예수,하나님,사람들,열두 명의 제자들",
      "setting": "온 동네,산 위",
      "action": "다니며,데리고,올라가셨어요,모여들었어요,전하기 시작했어요",
      "feeling": null,
      "causalRelationship": "많은 사람들이 예수의 말씀을 듣기 위해 모여들었어요.",
      "outcomeResolution": null,
      "prediction": null,
      "plotSummaryInfoCount": 1,
      "plotSummaryInfo": {
        "classification": "사회관계",
        "readAge": "유아",
        "form": "short-form",
        "plotSummaryText": "하나님의 가르침을 전하기 위해 온 동네를 두루 다녔던 예수는 어느 날 열두 명의 제자들을 데리고 산 위에 올라갔어요.",
        "textWordEA": 18
      }
    },
    {
      "srcTextID": "97259",
      "srcText": "어느 날 예수가 제자들과 함께 배를 타고 호수를 건너갈 때였어요. 호수 중간쯤에 이르렀을 때 갑자기 폭풍이 불기 시작하더니 거센 물결이 순식간에 배를 덮치는 것이었어요. 예수는 바람과 파도를 크게 꾸짖었어요. “잠잠하라!” 예수의 한 마디 말에 거센 물결은 가라앉고 호수는 다시 고요해졌어요.",
      "srcPage": 13,
      "srcSentenceEA": 4,
      "srcWordEA": 43,
      "character": "예수,제자들,배",
      "setting": "호수",
      "action": "타고,건너갈,꾸짖었어요",
      "feeling": null,
      "causalRelationship": null,
      "outcomeResolution": "예수의 한 마디 말에 거센 물결은 가라앉고 호수는 다시 고요해졌어요.",
      "prediction": null,
      "plotSummaryInfoCount": 1,
      "plotSummaryInfo": {
        "classification": "사회관계",
        "readAge": "유아",
        "form": "long-form",
        "plotSummaryText": "어느 날 제자들과 함께 예수가 배를 타고 건너가는 호수 중간쯤에서 폭풍이 갑자기 불기 시작하더니 거센 물결이 순식간에 배를 덮쳤는데 예수는 바람과 파도를 크게 꾸짖어서 거센 물결을 가라앉게 했어요.",
        "textWordEA": 28
      }
    },
    {
      "srcTextID": "97262",
      "srcText": "예수의 말씀을 듣기 위해 몰려든 수천 명의 사람들은 저녁때가 되자 배가 고파 왔어요. 하지만 들판에는 먹을 만한 게 아무 것도 없었어요. 제자들이 어쩔 줄을 몰라하고 있을 때 한 아이가 물고기 두 마리와 떡 다섯 덩이를 내놓았어요.",
      "srcPage": 14,
      "srcSentenceEA": 3,
      "srcWordEA": 38,
      "character": "예수,사람들,들판,제자들,아이,물고기,떡",
      "setting": "저녁때",
      "action": "몰려든,내놓았어요",
      "feeling": "배가 고파 왔어요",
      "causalRelationship": null,
      "outcomeResolution": null,
      "prediction": null,
      "plotSummaryInfoCount": 1,
      "plotSummaryInfo": {
        "classification": "사회관계",
        "readAge": "유아",
        "form": "short-form",
        "plotSummaryText": "수천 명의 사람들이 예수의 말씀을 듣기 위해 몰려들었고 저녁이 되자 배가 고파왔는데 먹을 만한 것이 아무것도 없었어요.",
        "textWordEA": 17
      }
    },
    {
      "srcTextID": "97270",
      "srcText": "율법 선생님들은 예수를 죽이려고 나쁜 일을 꾸몄어요. 예수의 제자 중 유다를 불러 은돈 주머니를 주고 자기 편으로 만든 것이에요. 유다는 그만 돈에 욕심이 나서 예수를 팔아 버렸어요.",
      "srcPage": 21,
      "srcSentenceEA": 3,
      "srcWordEA": 29,
      "character": "율법 선생님들,예수,제자,유다,은돈 주머니",
      "setting": null,
      "action": "죽이려고,불러,주고,꾸몄어요,만든 것이에요",
      "feeling": null,
      "causalRelationship": "유다는 그만 돈에 욕심이 나서 예수를 팔아 버렸어요.",
      "outcomeResolution": null,
      "prediction": null,
      "plotSummaryInfoCount": 1,
      "plotSummaryInfo": {
        "classification": "사회관계",
        "readAge": "유아",
        "form": "short-form",
        "plotSummaryText": "예수를 죽이기 위해 나쁜 일을 꾸민 율법 선생님들이 준 은돈 주머니를 받은 유다는 돈 욕심에 예수를 팔아 버렸어요.",
        "textWordEA": 18
      }
    },
    {
      "srcTextID": "97269",
      "srcText": "마침내 예수는 로마 병사들에게 끌려가 재판을 받게 되었어요. “네가 하나님의 아들이 로마의 우두머리는 거드름을 피우며 물었지만 예수는 아무 말도 하지 않으셨어요. 병사들은 예수의 옷을 찢고 얼굴에 침을 뱉었어요.",
      "srcPage": 22,
      "srcSentenceEA": 3,
      "srcWordEA": 29,
      "character": "예수,로마 병사들,하나님,아들,옷,얼굴,침",
      "setting": null,
      "action": "끌려가,물었지만,찢고,뱉었어요,재판을 받게 되었어요,아무 말도 하지 않으셨어요",
      "feeling": null,
      "causalRelationship": null,
      "outcomeResolution": null,
      "prediction": null,
      "plotSummaryInfoCount": 1,
      "plotSummaryInfo": {
        "classification": "사회관계",
        "readAge": "유아",
        "form": "short-form",
        "plotSummaryText": "로마 병사들에게 끌려간 예수는 재판받게 되었는데, 예수가 아무 말도 하지 않자 병사들이 예수의 옷을 찢고 얼굴에 침을 뱉었어요.",
        "textWordEA": 18
      }
    },
    {
      "srcTextID": "97271",
      "srcText": "대낮인데도 하늘과 땅은 캄캄했어요. “꽝꽝!” 예수의 손과 발에 커다란 대못이 박히자 시뻘건 피가 뚝뚝 떨어지기 시작했어요. 십자가 밑에 서 있던 마리아와 예수를 따르던 사람들은 슬픔과 무서움에 몸을 떨었어요.",
      "srcPage": 24,
      "srcSentenceEA": 3,
      "srcWordEA": 30,
      "character": "하늘,땅,십자가,마리아,사람들,예수,손,발,커다란 대못,시뻘건 피",
      "setting": "대낮,십자가 밑",
      "action": "몸을 떨었어요",
      "feeling": "슬픔과 무서움",
      "causalRelationship": null,
      "outcomeResolution": null,
      "prediction": null,
      "plotSummaryInfoCount": 1,
      "plotSummaryInfo": {
        "classification": "사회관계",
        "readAge": "유아",
        "form": "short-form",
        "plotSummaryText": "하늘과 땅은 대낮인데도 캄캄했고 커다란 대못이 예수의 손과 발에 박히자 시뻘건 피가 뚝뚝 떨어졌는데, 마리아와 예수를 따르던 사람들은 슬픔과 무서움에 몸을 떨었어요.",
        "textWordEA": 22
      }
    }
  ]
}