{
  "title": "곶감과 호랑이",
  "author": "박혜선",
  "illustrator": "박혜경",
  "isbn": "9791157987429",
  "publishedYear": 2019,
  "publisher": "세이펜북스",
  "paragraphInfoCount": 36,
  "paragraphInfo": [
    {
      "srcTextID": "97639",
      "srcText": "호랑이 말고 소도둑 얘기도 잠깐 해 볼까요. 호랑이 등에 업힌 채로 온 산을 헤매고 다녔으니 얼마나 놀랐을까요? 남의 소를 훔치려 들었으니 이렇게 당해도 싸다고 할 수도 있겠네요.",
      "srcPage": 33,
      "srcSentenceEA": 3,
      "srcWordEA": 29,
      "character": "호랑이,소도둑,소",
      "setting": "산",
      "action": "업힌,헤매고,훔치려",
      "feeling": "놀랐을까요",
      "causalRelationship": null,
      "outcomeResolution": null,
      "prediction": null,
      "plotSummaryInfoCount": 1,
      "plotSummaryInfo": {
        "classification": "의사소통",
        "readAge": "유아",
        "form": "short-form",
        "plotSummaryText": "소도둑도 호랑이 등에 업힌 채 산을 헤매고 다녔지만 남의 소를 훔치려 했으니 당해도 싸다고 할 수 있습니다.",
        "textWordEA": 17
      }
    },
    {
      "srcTextID": "97613",
      "srcText": "엄마는 우는 아기를 어르고 달랬지. \"아가, 여기 과자 있다.\" \"아가, 여기 엿 있다.\" 그래도 아기는 울음을 멈추지 않았어.",
      "srcPage": 2,
      "srcSentenceEA": 4,
      "srcWordEA": 19,
      "character": "엄마,과자,엿,아기,울음",
      "setting": null,
      "action": "어르고 달랬지,멈추지 않았어",
      "feeling": null,
      "causalRelationship": null,
      "outcomeResolution": null,
      "prediction": null,
      "plotSummaryInfoCount": 1,
      "plotSummaryInfo": {
        "classification": "의사소통",
        "readAge": "유아",
        "form": "long-form",
        "plotSummaryText": "엄마는 우는 아기를 어르고 달래도 울음을 멈추지 않았습니다.",
        "textWordEA": 8
      }
    },
    {
      "srcTextID": "97612",
      "srcText": "\"아가, 밖에 여우 왔다.\" \"아가, 아가, 밖에 호랑이 왔다.\" 마침 먹이를 찾아 마을로 내려온 호랑이가 이 소리를 들었지.",
      "srcPage": 3,
      "srcSentenceEA": 3,
      "srcWordEA": 19,
      "character": "아가,여우,호랑이",
      "setting": "마을",
      "action": "왔다,먹이를 찾아,내려온,들었지",
      "feeling": null,
      "causalRelationship": null,
      "outcomeResolution": null,
      "prediction": null,
      "plotSummaryInfoCount": 1,
      "plotSummaryInfo": {
        "classification": "의사소통",
        "readAge": "유아",
        "form": "short-form",
        "plotSummaryText": "아기에게 밖에 여우, 호랑이가 왔다고 했는데 마을에 내려온 호랑이가 이 소리를 들었습니다.",
        "textWordEA": 12
      }
    },
    {
      "srcTextID": "97614",
      "srcText": "\"아가, 아가, 옜다, 곶감!\" 아기가 울음을 뚝 그쳤어. \"곶감? 세상에서 제일 무서운 것이 호랑이인데 나보다 더 무서운 곶감이란 놈도 있었나?\"",
      "srcPage": 4,
      "srcSentenceEA": 3,
      "srcWordEA": 22,
      "character": "아가,곶감,호랑이,울음",
      "setting": null,
      "action": "그쳤어",
      "feeling": "무서운",
      "causalRelationship": null,
      "outcomeResolution": null,
      "prediction": null,
      "plotSummaryInfoCount": 1,
      "plotSummaryInfo": {
        "classification": "의사소통",
        "readAge": "유아",
        "form": "short-form",
        "plotSummaryText": "아가에게 곶감이라고 하니 울음을 뚝 그치자, 호랑이는 세상에 나보다 더 무서운 곶감이란 놈도 있나 생각했습니다.",
        "textWordEA": 15
      }
    },
    {
      "srcTextID": "97615",
      "srcText": "호랑이는 곶감이 나타나기 전에 얼른 도망쳐야겠다 싶어 뒤돌아섰어. 그런데 꼬르륵꼬르륵 배가 너무 고픈 거야. \"기왕 여기까지 왔으니 송아지라도 잡아먹어야겠다.\" 호랑이는 살금살금 외양간으로 들어갔어.",
      "srcPage": 5,
      "srcSentenceEA": 4,
      "srcWordEA": 25,
      "character": "호랑이,곶감,송아지",
      "setting": "외양간",
      "action": "도망쳐야겠다,뒤돌아섰어,들어갔어",
      "feeling": null,
      "causalRelationship": null,
      "outcomeResolution": null,
      "prediction": null,
      "plotSummaryInfoCount": 1,
      "plotSummaryInfo": {
        "classification": "의사소통",
        "readAge": "유아",
        "form": "long-form",
        "plotSummaryText": "호랑이는 곶감이 나타나기 전에 도망치려다가 배가 너무 고파서 송아지라도 잡아먹으려고 외양간으로 들어갔습니다.",
        "textWordEA": 12
      }
    },
    {
      "srcTextID": "100150",
      "srcText": "마침 소도둑도 소를 훔치러 외양간으로 숨어들었지. 캄캄한 밤이었으니 뭐가 보였겠어. 더듬더듬. 소를 찾던 소도둑은 호랑이가 소인 줄 알고 훌쩍 올라탔지. \"어이쿠!\" 소스라치게 놀란 호랑이는 무서운 곶감이 올라탄 줄 알았어.",
      "srcPage": 6,
      "srcSentenceEA": 5,
      "srcWordEA": 33,
      "character": "소도둑,소,호랑이,무서운 곶감",
      "setting": "외양간",
      "action": "훔치러,숨어들었지,올라탔지",
      "feeling": "놀란",
      "causalRelationship": null,
      "outcomeResolution": null,
      "prediction": null,
      "plotSummaryInfoCount": 1,
      "plotSummaryInfo": {
        "classification": "의사소통",
        "readAge": "유아",
        "form": "long-form",
        "plotSummaryText": "마침 소를 훔치러 외양간으로 숨어든 소도둑이 소인 줄 알고 호랑이에 올라타자, 호랑이는 무서운 곶감이 올라탄 줄 알고 놀랐습니다.",
        "textWordEA": 18
      }
    },
    {
      "srcTextID": "97619",
      "srcText": "\"큰일 날 소리 마라. 곶감한테 잡히면 죽는다니까.\" \"곶감인지 사람인지 가서 보면 알 거 아니냐.\"",
      "srcPage": 12,
      "srcSentenceEA": 3,
      "srcWordEA": 15,
      "character": "곶감,사람",
      "setting": null,
      "action": "가서 보면,잡히면",
      "feeling": null,
      "causalRelationship": null,
      "outcomeResolution": null,
      "prediction": null,
      "plotSummaryInfoCount": 1,
      "plotSummaryInfo": {
        "classification": "의사소통",
        "readAge": "유아",
        "form": "short-form",
        "plotSummaryText": "곶감한테 잡히면 죽는다고 하니, 곶감인지 사람인지 가서 보면 안다고 했습니다.",
        "textWordEA": 10
      }
    },
    {
      "srcTextID": "100153",
      "srcText": "그때 고목나무를 요리조리 살피던 곰이 소리쳤어. \"호랑이야, 이것 봐, 고목나무 속에 사람이 있어.\" 하지만 호랑이는 겁이 나서 다가가지 못했어. 만에 하나 곶감이라면 도망쳐야 하잖아.",
      "srcPage": 16,
      "srcSentenceEA": 4,
      "srcWordEA": 26,
      "character": "곰,호랑이,사람,곶감",
      "setting": "고목나무",
      "action": "살피던,소리쳤어,다가가지 못했어,도망쳐야",
      "feeling": "겁이 나서",
      "causalRelationship": null,
      "outcomeResolution": null,
      "prediction": null,
      "plotSummaryInfoCount": 1,
      "plotSummaryInfo": {
        "classification": "의사소통",
        "readAge": "유아",
        "form": "long-form",
        "plotSummaryText": "그때 고목나무를 살피던 곰이 호랑이에게 고목나무 속에 사람이 있다고 말했지만 호랑이는 겁이 나서 다가가지 못했습니다.",
        "textWordEA": 15
      }
    },
    {
      "srcTextID": "100152",
      "srcText": "\"호랑이야, 그러고 있지 말고 고목나무 뿌리를 물어뜯어.\" 곰은 나무 위로 올라가 소도둑을 잡으려고 했어. 그런데 나무 속이 깊어서 잡을 수가 있어야지. \"옳지, 좋은 방법이 있었구나!\"",
      "srcPage": 17,
      "srcSentenceEA": 4,
      "srcWordEA": 27,
      "character": "호랑이,곰,소도둑",
      "setting": "고목나무",
      "action": "물어뜯어,올라가,잡으려고 했어",
      "feeling": null,
      "causalRelationship": null,
      "outcomeResolution": null,
      "prediction": null,
      "plotSummaryInfoCount": 1,
      "plotSummaryInfo": {
        "classification": "의사소통",
        "readAge": "유아",
        "form": "long-form",
        "plotSummaryText": "곰은 호랑이에게 고목나무 뿌리를 물어뜯으라고 하고 나무 위로 올라가 소도둑을 잡으려 했는데 속이 깊어서 잡을 수가 없었습니다.",
        "textWordEA": 17
      }
    },
    {
      "srcTextID": "97627",
      "srcText": "\"제발 나 좀 구해 줘, 호랑이야.\" 곰은 울고불고 야단이었어. \"거봐라, 곶감 무섭다니까 귓등으로도 안 듣더니 꼼짝없이 잡혀 죽는구나.",
      "srcPage": 22,
      "srcSentenceEA": 3,
      "srcWordEA": 19,
      "character": "호랑이,곰,곶감",
      "setting": null,
      "action": "구해 줘,야단이었어,안 듣더니",
      "feeling": "무섭다니까",
      "causalRelationship": null,
      "outcomeResolution": null,
      "prediction": null,
      "plotSummaryInfoCount": 1,
      "plotSummaryInfo": {
        "classification": "의사소통",
        "readAge": "유아",
        "form": "short-form",
        "plotSummaryText": "곰은 호랑이에게 구해달라고 했고 호랑이는 곶감 무섭다는 말을 믿지 않더니 꼼짝없이 잡혀 죽는 구나라고 말했습니다.",
        "textWordEA": 15
      }
    },
    {
      "srcTextID": "97628",
      "srcText": "에라, 모르겠다. 나라도 살고 봐야지.\" 호랑이는 그길로 걸음아 날 살려라 도망쳤대. 고통스러워 날뛰는 곰을 버려둔 채 말이야.",
      "srcPage": 23,
      "srcSentenceEA": 4,
      "srcWordEA": 20,
      "character": "호랑이,곰",
      "setting": null,
      "action": "도망쳤대,날뛰는,버려둔 채 말이야",
      "feeling": "고통스러워",
      "causalRelationship": null,
      "outcomeResolution": null,
      "prediction": null,
      "plotSummaryInfoCount": 1,
      "plotSummaryInfo": {
        "classification": "의사소통",
        "readAge": "유아",
        "form": "long-form",
        "plotSummaryText": "호랑이는 고통스러워 날뛰는 곰을 버려둔 채 도망쳤습니다.",
        "textWordEA": 7
      }
    },
    {
      "srcTextID": "97637",
      "srcText": "크고 무서운 호랑이가 곶감한테 놀라서 꽁지 빠지게 도망치는 모습이라니 얼마나 우스운지요. 덩치가 커다란 곰이 소도둑을 향해 방귀를 뀌다가 꼬리가 잡혀서 죽는다고 소리치는 모습은 또 얼마나 재미있는지 몰라요. 도대체 옛날 사람들은 어떻게 이런 생각을 다 했나 모르겠어요.",
      "srcPage": 25,
      "srcSentenceEA": 3,
      "srcWordEA": 38,
      "character": "호랑이,곶감,곰,소도둑,꼬리,옛날 사람들",
      "setting": null,
      "action": "도망치는,잡혀서,방귀을 뀌다가,소리치는",
      "feeling": "재미있는지",
      "causalRelationship": null,
      "outcomeResolution": null,
      "prediction": null,
      "plotSummaryInfoCount": 1,
      "plotSummaryInfo": {
        "classification": "의사소통",
        "readAge": "유아",
        "form": "short-form",
        "plotSummaryText": "무서운 호랑이가 곶감한테 놀라 도망치는 모습은 우숩고, 도둑을 향해 방귀를 뀌다가 꼬리를 잡혀 우는 곰의 모습은 재밌습니다.",
        "textWordEA": 17
      }
    },
    {
      "srcTextID": "97640",
      "srcText": "호랑이가 크고 힘센 동물이라지만, 무서운 게 없지는 않을 거예요. 절벽에서 구를 수도 있고, 병이 들 수도 있고, 사냥꾼 총에 맞을 수도 있잖아요! 그러다가 그만 ‘곶감’이라는 정체불명의 경쟁자와 덜컥 맞닥뜨렸던 것이고요.",
      "srcPage": 27,
      "srcSentenceEA": 4,
      "srcWordEA": 33,
      "character": "호랑이,동물,사냥꾼,곶감",
      "setting": "절벽",
      "action": "맞닥뜨렸던",
      "feeling": null,
      "causalRelationship": null,
      "outcomeResolution": null,
      "prediction": null,
      "plotSummaryInfoCount": 1,
      "plotSummaryInfo": {
        "classification": "의사소통",
        "readAge": "유아",
        "form": "long-form",
        "plotSummaryText": "호랑이가 힘센 동물이지만 무서운 게 없진 않은데 곶감이라는 정체불명의 경쟁자와 맞닥뜨렸던 것입니다.",
        "textWordEA": 12
      }
    },
    {
      "srcTextID": "97629",
      "srcText": "곶감이 무엇인지 알았다면 놀라거나 무서워하지 않았겠지요. 문제는 곶감의 정체를 통 몰랐다는 거예요. 이게 만만치 않아요.",
      "srcPage": 28,
      "srcSentenceEA": 3,
      "srcWordEA": 17,
      "character": "곶감,문제",
      "setting": null,
      "action": "몰랐다는 거예요",
      "feeling": "놀라거나,무서워하지",
      "causalRelationship": null,
      "outcomeResolution": null,
      "prediction": null,
      "plotSummaryInfoCount": 1,
      "plotSummaryInfo": {
        "classification": "의사소통",
        "readAge": "유아",
        "form": "short-form",
        "plotSummaryText": "문제는 곶감이 무엇인지 정체를 몰랐던 것입니다.",
        "textWordEA": 6
      }
    },
    {
      "srcTextID": "97636",
      "srcText": "정체를 알 수 없는 낯선 상대와 마주해야 한다는 것은 누구한테나 긴장감과 두려움을 일으키기 마련이지요. 실체가 없는 두려움을 스스로 만들어 내게 되는 거예요. 저 호랑이는 그렇게 스스로 만든 두려움에 갇힌 존재라 할 수 있습니다.",
      "srcPage": 29,
      "srcSentenceEA": 3,
      "srcWordEA": 35,
      "character": "호랑이,낯선 상대",
      "setting": null,
      "action": "마주해야,만들어 내게 되는",
      "feeling": null,
      "causalRelationship": null,
      "outcomeResolution": null,
      "prediction": null,
      "plotSummaryInfoCount": 1,
      "plotSummaryInfo": {
        "classification": "의사소통",
        "readAge": "유아",
        "form": "short-form",
        "plotSummaryText": "정체를 알 수 없는 상대와 마주해야 하는 것은 실체가 없는 두려움을 만드는 것인데 호랑이는 스스로 만든 두려움에 갇힌 존재라 할 수 있습니다.",
        "textWordEA": 22
      }
    },
    {
      "srcTextID": "97641",
      "srcText": "혹시라도 누가 나를 해치지 않을까, 이런 괜한 생각에 불안에 휩싸여서 전전긍긍하는 사람이 의외로 많습니다. 그러다 보면 저 호랑이처럼 우습고 엉뚱한 행동을 하게 되지요. 문제는 그러고도 끝내 자기가 어떤 행동을 하는지 모른다는 거예요.",
      "srcPage": 31,
      "srcSentenceEA": 3,
      "srcWordEA": 34,
      "character": "사람,호랑이",
      "setting": null,
      "action": "해치지 않을까,행동을 하게,모른다는",
      "feeling": "불안에 휩싸여서",
      "causalRelationship": null,
      "outcomeResolution": null,
      "prediction": null,
      "plotSummaryInfoCount": 1,
      "plotSummaryInfo": {
        "classification": "의사소통",
        "readAge": "유아",
        "form": "short-form",
        "plotSummaryText": "괜한 불안에 전전긍긍하다가 호랑이처럼 우습고 엉뚱한 행동을 하게 되는데, 문제는 끝내 자기가 어떤 행동을 하는지 모른다는 것입니다.",
        "textWordEA": 17
      }
    },
    {
      "srcTextID": "97634",
      "srcText": "아마 저 호랑이는 이랬을걸요. \"역시 곶감이란 놈은 무서워. 그때 달아난 게 천만다행이었지!\" 이렇게 자기가 만든 착각 속에 빠진 채로 살아간다는 것, 어쩌면 이런 착각이야말로 진짜로 무서운 것이 아닐까요?",
      "srcPage": 32,
      "srcSentenceEA": 4,
      "srcWordEA": 30,
      "character": "호랑이,곶감,착각",
      "setting": null,
      "action": "달아난 게,만든,살아간다는 것",
      "feeling": "무서운",
      "causalRelationship": null,
      "outcomeResolution": null,
      "prediction": null,
      "plotSummaryInfoCount": 1,
      "plotSummaryInfo": {
        "classification": "의사소통",
        "readAge": "유아",
        "form": "long-form",
        "plotSummaryText": "호랑이가 역시 곶감이란 놈이 무섭고 달아나서 다행이라며 자기가 만든 착각 속에 빠진 채로 살아간다는 것이 진짜로 무서운 것입니다.",
        "textWordEA": 18
      }
    },
    {
      "srcTextID": "97630",
      "srcText": "그건 저 호랑이만이 아니라 세상 사람들도 흔히 저지르는 일이에요. 밤중에 길을 가다 보면 별것도 아닌 소리나 움직임에 소스라치게 놀라곤 하잖아요. 꼭 밤중에만 그런 게 아니에요.",
      "srcPage": 30,
      "srcSentenceEA": 3,
      "srcWordEA": 27,
      "character": "호랑이,사람들",
      "setting": "밤중,길",
      "action": "저지르는 일이에요,가다 보면",
      "feeling": "놀라곤 하잖아요",
      "causalRelationship": null,
      "outcomeResolution": null,
      "prediction": null,
      "plotSummaryInfoCount": 1,
      "plotSummaryInfo": {
        "classification": "의사소통",
        "readAge": "유아",
        "form": "short-form",
        "plotSummaryText": "그건 호랑이뿐 아니라 사람들도 별것도 아닌 소리나 움직임에 놀라곤 합니다.",
        "textWordEA": 10
      }
    },
    {
      "srcTextID": "100151",
      "srcText": "\"이놈 곶감아, 떨어져라, 떨어져.\" 호랑이는 등에 붙은 곶감을 떼어 내려고 펄쩍펄쩍 뛰었지. 그러면 그럴수록 소도둑은 떨어지지 않으려고 호랑이 등에 바짝 매달렸어. 이리 뛰고 저리 뛰며 호랑이는 밤새도록 온 산을 돌아다녔어.",
      "srcPage": 7,
      "srcSentenceEA": 4,
      "srcWordEA": 33,
      "character": "곶감,호랑이,소도둑",
      "setting": "산",
      "action": "펄쩍펄쩍 뛰었지,떨어지지 않으려고,매달렸어,돌아다녔어",
      "feeling": null,
      "causalRelationship": null,
      "outcomeResolution": null,
      "prediction": null,
      "plotSummaryInfoCount": 1,
      "plotSummaryInfo": {
        "classification": "의사소통",
        "readAge": "유아",
        "form": "long-form",
        "plotSummaryText": "호랑이는 등에 붙은 곶감을 떼어 내려고 펄쩍펄쩍 뛰었고 소도둑은 그럴수록 바짝 매달리자 밤새도록 온 산을 돌아다녔습니다.",
        "textWordEA": 16
      }
    },
    {
      "srcTextID": "97617",
      "srcText": "날이 훤히 밝았어. 소도둑이 정신을 차려 보니 맙소사! 소가 아니라 호랑이 등에 올라타고 있네.",
      "srcPage": 8,
      "srcSentenceEA": 3,
      "srcWordEA": 16,
      "character": "소도둑,소,호랑이",
      "setting": null,
      "action": "정신을 차려 보니,올라타고",
      "feeling": null,
      "causalRelationship": null,
      "outcomeResolution": null,
      "prediction": null,
      "plotSummaryInfoCount": 1,
      "plotSummaryInfo": {
        "classification": "의사소통",
        "readAge": "유아",
        "form": "short-form",
        "plotSummaryText": "날이 밝고 소도둑이 정신을 차려 보니 소가 아니라 호랑이 등에 올라타고 있었습니다.",
        "textWordEA": 12
      }
    },
    {
      "srcTextID": "97616",
      "srcText": "고목나무 밑을 지날 때였어. 소도둑은 펄쩍 뛰어서 나뭇가지에 매달렸어. \"곶감이란 놈이 이제야 떨어져 나갔구나.\" 그래도 호랑이는 달리는 걸 멈출 수가 없었어. 곶감이 다시 달라붙을까 봐 죽을힘을 다해 도망쳤지.",
      "srcPage": 9,
      "srcSentenceEA": 5,
      "srcWordEA": 31,
      "character": "소도둑,나뭇가지,곶감,호랑이",
      "setting": "고목나무 밑",
      "action": "뛰어서,매달렸어,도망쳤지",
      "feeling": null,
      "causalRelationship": null,
      "outcomeResolution": null,
      "prediction": null,
      "plotSummaryInfoCount": 1,
      "plotSummaryInfo": {
        "classification": "의사소통",
        "readAge": "유아",
        "form": "long-form",
        "plotSummaryText": "고무나무 밑을 지날 때 소도둑은 나뭇가지에 매달렸고 호랑이는 곶감이 다시 달라붙을까 봐 죽을힘을 다해 도망쳤습니다.",
        "textWordEA": 15
      }
    },
    {
      "srcTextID": "97621",
      "srcText": "한참을 달리던 호랑이는 곰을 만났어. \"호랑이야, 어딜 그리 정신없이 뛰어가니?\" 호랑이는 헉헉거리며 간밤의 일을 들려주었어.",
      "srcPage": 10,
      "srcSentenceEA": 3,
      "srcWordEA": 16,
      "character": "호랑이,곰",
      "setting": null,
      "action": "달리던,만났어,들려주었어",
      "feeling": null,
      "causalRelationship": null,
      "outcomeResolution": null,
      "prediction": null,
      "plotSummaryInfoCount": 1,
      "plotSummaryInfo": {
        "classification": "의사소통",
        "readAge": "유아",
        "form": "short-form",
        "plotSummaryText": "한참을 달리다 곰을 만난 호랑이는 간밤의 일을 들려주었습니다.",
        "textWordEA": 8
      }
    },
    {
      "srcTextID": "97618",
      "srcText": "\"나는 싫다. 괜히 갔다가 곶감한테 붙잡히면 어쩌라고.\" 곰은 호랑이를 살살 달래어 곶감이 떨어졌다는 고목나무로 갔어.",
      "srcPage": 13,
      "srcSentenceEA": 3,
      "srcWordEA": 17,
      "character": "곶감,곰,호랑이",
      "setting": "고목나무",
      "action": "갔다가,붙잡히면,달래어,갔어",
      "feeling": "싫다",
      "causalRelationship": null,
      "outcomeResolution": null,
      "prediction": null,
      "plotSummaryInfoCount": 1,
      "plotSummaryInfo": {
        "classification": "의사소통",
        "readAge": "유아",
        "form": "short-form",
        "plotSummaryText": "싫다는 호랑이를 달래서 곰은 고목나무로 갔습니다.",
        "textWordEA": 6
      }
    },
    {
      "srcTextID": "97626",
      "srcText": "그 소리에 호랑이가 고개를 번쩍 들었어. \"호랑이야, 나 좀 살려 줘.\" 고목나무 위에서 다 죽어 가는 곰을 보자 호랑이는 덜컥 겁이 났어. 드디어 올 것이 왔구나 싶었지. 그 곶감이란 놈 말이야.",
      "srcPage": 21,
      "srcSentenceEA": 5,
      "srcWordEA": 34,
      "character": "호랑이,곰,곶감",
      "setting": "고목나무",
      "action": "보자",
      "feeling": "겁이 났어",
      "causalRelationship": null,
      "outcomeResolution": null,
      "prediction": null,
      "plotSummaryInfoCount": 1,
      "plotSummaryInfo": {
        "classification": "의사소통",
        "readAge": "유아",
        "form": "long-form",
        "plotSummaryText": "호랑이는 고목나무 위에서 다 죽어 가는 곰을 보자 겁이 났고 드디어 곶감이 왔구나 싶었습니다.",
        "textWordEA": 14
      }
    },
    {
      "srcTextID": "97611",
      "srcText": "옛날하고도 아주 오랜 옛날이었지. 어느 산골 외딴집에서 어린아이 울음소리가 들려왔어. 으앙, 으앙. 밤은 깊어 고요한데 울음소리는 좀처럼 그치지 않았어.",
      "srcPage": 1,
      "srcSentenceEA": 4,
      "srcWordEA": 22,
      "character": "어린아이,울음소리",
      "setting": "옛날,산골 외딴집,밤",
      "action": "들려왔어,그치지 않았어",
      "feeling": null,
      "causalRelationship": null,
      "outcomeResolution": null,
      "prediction": null,
      "plotSummaryInfoCount": 1,
      "plotSummaryInfo": {
        "classification": "의사소통",
        "readAge": "유아",
        "form": "long-form",
        "plotSummaryText": "옛날 산골 외딴집에 어린아이 울음소리가 들렸는데 좀처럼 그치지 않았습니다.",
        "textWordEA": 9
      }
    },
    {
      "srcTextID": "97620",
      "srcText": "곰이 듣고 보니 무서운 곶감은 호랑이 밥밖에 안 되는 사람이 틀림없지. \"호랑이야, 그거 별거 아닌 사람이야. 같이 가서 잡아먹자.\"",
      "srcPage": 11,
      "srcSentenceEA": 3,
      "srcWordEA": 20,
      "character": "곰,곶감,호랑이,사람",
      "setting": null,
      "action": "듣고 보니,가서,잡아먹자",
      "feeling": null,
      "causalRelationship": null,
      "outcomeResolution": null,
      "prediction": null,
      "plotSummaryInfoCount": 1,
      "plotSummaryInfo": {
        "classification": "의사소통",
        "readAge": "유아",
        "form": "short-form",
        "plotSummaryText": "곰이 듣고 보니 곶감은 틀림없는 사람이니 호랑이에게 같이 가서 잡아먹자고 했습니다.",
        "textWordEA": 11
      }
    },
    {
      "srcTextID": "97623",
      "srcText": "고목나무 속에 숨어 있던 소도둑은 깜짝 놀랐어. 밖에 곰이 떡 버티고 있으니 말이야. 게다가 뒤에는 호랑이도 있거든.",
      "srcPage": 14,
      "srcSentenceEA": 3,
      "srcWordEA": 19,
      "character": "소도둑,곰,호랑이",
      "setting": "고목나무",
      "action": "숨어 있던,버티고 있으니",
      "feeling": "깜짝 놀랐어",
      "causalRelationship": null,
      "outcomeResolution": null,
      "prediction": null,
      "plotSummaryInfoCount": 1,
      "plotSummaryInfo": {
        "classification": "의사소통",
        "readAge": "유아",
        "form": "short-form",
        "plotSummaryText": "고목나무 속에 숨어 있던 소도둑은 곰과 호랑이가 있는 걸 보고 깜짝 놀랐습니다.",
        "textWordEA": 12
      }
    },
    {
      "srcTextID": "97631",
      "srcText": "그래도 저 사람이 꽤 만만치 않은 면이 있어요. 그 위기 상황에서 어떻게든 살길을 찾아냈으니 말이지요. 곰 꼬리를 옭아맨 지혜도 영 범상치가 않지요. 어떻든 저 사람, 이렇게 한번 된통 당했으니 이제 도둑질 같은 건 그만두고서 정신 바짝 차리고 제대로 착실하게 살았겠지요.",
      "srcPage": 34,
      "srcSentenceEA": 4,
      "srcWordEA": 43,
      "character": "사람,곰 꼬리",
      "setting": null,
      "action": "찾아냈으니,옭아맨",
      "feeling": null,
      "causalRelationship": null,
      "outcomeResolution": null,
      "prediction": null,
      "plotSummaryInfoCount": 1,
      "plotSummaryInfo": {
        "classification": "의사소통",
        "readAge": "유아",
        "form": "long-form",
        "plotSummaryText": "그래도 저 사람은 위기 상황에 살길을 찾고 곰 꼬리를 옭아맨 지혜도 범상치 않으니 도둑질 같은 건 그만두고 제대로 살았을 것입니다.",
        "textWordEA": 20
      }
    },
    {
      "srcTextID": "97638",
      "srcText": "한 가지 이야기만 덧붙일게요. '목구멍이 포도청'이란 말이 있습니다. 세상에 먹는 것만큼 중요하고 무서운 일이 없지요.",
      "srcPage": 35,
      "srcSentenceEA": 4,
      "srcWordEA": 17,
      "character": "목구멍,포도청",
      "setting": null,
      "action": "덧붙일게요,먹는",
      "feeling": "무서운",
      "causalRelationship": null,
      "outcomeResolution": null,
      "prediction": null,
      "plotSummaryInfoCount": 1,
      "plotSummaryInfo": {
        "classification": "의사소통",
        "readAge": "유아",
        "form": "long-form",
        "plotSummaryText": "목구멍이 포도청이란 말과 같이 세상에 먹는 것만큼 무서운 일은 없습니다.",
        "textWordEA": 10
      }
    },
    {
      "srcTextID": "97622",
      "srcText": "\"이제 꼼짝없이 죽었구나.\" 소도둑은 간이 콩알만 해지고 온몸이 바들바들 떨렸어. 너무 무서워 숨소리도 낼 수 없었지.",
      "srcPage": 15,
      "srcSentenceEA": 3,
      "srcWordEA": 18,
      "character": "소도둑",
      "setting": null,
      "action": "떨렸어",
      "feeling": "무서워",
      "causalRelationship": null,
      "outcomeResolution": null,
      "prediction": null,
      "plotSummaryInfoCount": 1,
      "plotSummaryInfo": {
        "classification": "의사소통",
        "readAge": "유아",
        "form": "short-form",
        "plotSummaryText": "소도둑은 이제 꼼짝없이 죽었다는 생각에 떨리고 무서워 숨소리도 낼 수 없었습니다.",
        "textWordEA": 11
      }
    },
    {
      "srcTextID": "97632",
      "srcText": "먹고사는 일 앞에선 호랑이든 곰이든 다 문제가 안 될 수 있어요. 이렇게 보면 호랑이보다 곶감이 무섭다는 게 또 말이 되는 것 같기도 합니다. 뭐, 아니면 할 수 없고요. 하하하.",
      "srcPage": 36,
      "srcSentenceEA": 4,
      "srcWordEA": 32,
      "character": "호랑이,곰,곶감",
      "setting": null,
      "action": "먹고사는",
      "feeling": "무섭다는 게",
      "causalRelationship": null,
      "outcomeResolution": null,
      "prediction": null,
      "plotSummaryInfoCount": 1,
      "plotSummaryInfo": {
        "classification": "의사소통",
        "readAge": "유아",
        "form": "long-form",
        "plotSummaryText": "먹고사는 일 앞에서는 어떤 것도 문제가 되지 않으니 호랑이 보다 곶감이 무섭다는 것이 말이 되는 것 같습니다.",
        "textWordEA": 17
      }
    },
    {
      "srcTextID": "97624",
      "srcText": "곰은 고목나무 위에 떠억 걸터앉더니 방귀를 퉁퉁 뀌었어. \"숨이 막히면 제깟 놈이 튀어나오겠지!\" 소도둑은 코를 막고 헐떡거리다 위를 올려다봤어.",
      "srcPage": 18,
      "srcSentenceEA": 3,
      "srcWordEA": 20,
      "character": "곰,소도둑",
      "setting": "고목나무",
      "action": "걸터앉더니,뀌었어,튀어나오겠지,올려다봤어",
      "feeling": null,
      "causalRelationship": null,
      "outcomeResolution": null,
      "prediction": null,
      "plotSummaryInfoCount": 1,
      "plotSummaryInfo": {
        "classification": "의사소통",
        "readAge": "유아",
        "form": "short-form",
        "plotSummaryText": "곰은 숨이 막히면 튀어나올꺼라 생각해서 고목나무 위에 걸터앉아 방귀를 뀌었고, 소도둑은 코를 막고 위를 올려다봤습니다.",
        "textWordEA": 15
      }
    },
    {
      "srcTextID": "97625",
      "srcText": "그런데 뭔가 왔다 갔다 하는 거야. \"저게 뭐지?\" 가만 보니 복슬복슬한 곰의 꼬리였어.",
      "srcPage": 19,
      "srcSentenceEA": 3,
      "srcWordEA": 14,
      "character": "곰,꼬리",
      "setting": null,
      "action": "왔다 갔다,가만 보니",
      "feeling": null,
      "causalRelationship": null,
      "outcomeResolution": null,
      "prediction": null,
      "plotSummaryInfoCount": 1,
      "plotSummaryInfo": {
        "classification": "의사소통",
        "readAge": "유아",
        "form": "short-form",
        "plotSummaryText": "뭔가 왔다 갔다 해서 가만 보니 복슬복슬한 곰의 꼬리였습니다.",
        "textWordEA": 9
      }
    },
    {
      "srcTextID": "100154",
      "srcText": "\"옳거니, 너도 맛 좀 봐라!\" 소도둑은 허리끈을 풀어 올가미를 만들었어. 살랑거리는 곰 꼬리를 옭아맨 뒤 양손에 잔뜩 힘을 주고 잡아당겼지. \"으악, 내 꼬리!\" 곰이 죽는다고 소리소리 질렀어.",
      "srcPage": 20,
      "srcSentenceEA": 5,
      "srcWordEA": 30,
      "character": "소도둑,허리끈,올가미,곰 꼬리,곰",
      "setting": null,
      "action": "풀어,만들었어,옭아맨,잡아당겼지",
      "feeling": null,
      "causalRelationship": null,
      "outcomeResolution": null,
      "prediction": null,
      "plotSummaryInfoCount": 1,
      "plotSummaryInfo": {
        "classification": "의사소통",
        "readAge": "유아",
        "form": "long-form",
        "plotSummaryText": "소도둑은 허리끈으로 올가미를 만들어서 곰 꼬리를 옭아맨 뒤 잡아당겼더니 곰이 죽는다고 소리를 질렀습니다.",
        "textWordEA": 13
      }
    },
    {
      "srcTextID": "97633",
      "srcText": "신동흔 선생님과 함께 읽는 옛이야기. 정말로 더 무서운 건 무엇일까? 참 재미있는 이야기예요.",
      "srcPage": 24,
      "srcSentenceEA": 3,
      "srcWordEA": 15,
      "character": "신동흔 선생님",
      "setting": null,
      "action": "함께 읽는",
      "feeling": "무서운,재미있는",
      "causalRelationship": null,
      "outcomeResolution": null,
      "prediction": null,
      "plotSummaryInfoCount": 1,
      "plotSummaryInfo": {
        "classification": "의사소통",
        "readAge": "유아",
        "form": "short-form",
        "plotSummaryText": "신동흔 선생님과 함께 읽는 옛이야기 중 정말 더 무서운 건 무엇인지 이야기하는 재미있는 이야기입니다.",
        "textWordEA": 14
      }
    },
    {
      "srcTextID": "97635",
      "srcText": "어쩌면 무서운 호랑이나 곰한테 평소에 불만이 있었던 것을 이렇게 푸는 것인지도 몰라요. 아주 우스꽝스럽게 망가뜨려서 말이지요. 그런데 호랑이가 곶감을 무서워한다는 게 어쩌면 그리 엉뚱한 일이 아닐 수도 있습니다.",
      "srcPage": 26,
      "srcSentenceEA": 3,
      "srcWordEA": 30,
      "character": "호랑이,곰,곶감",
      "setting": null,
      "action": null,
      "feeling": "무서운,무서워한다는 게",
      "causalRelationship": null,
      "outcomeResolution": null,
      "prediction": null,
      "plotSummaryInfoCount": 1,
      "plotSummaryInfo": {
        "classification": "의사소통",
        "readAge": "유아",
        "form": "short-form",
        "plotSummaryText": "무서운 호랑이나 곰한테 있었던 불만을 우스꽝스럽게 망가뜨려서 푸는 것일 수도 있지만 호랑이가 곶감을 무서워한다는 게 엉뚱한 일이 아닐 수도 있습니다.",
        "textWordEA": 20
      }
    }
  ]
}