{
  "title": "보리밥 장군",
  "author": "고순덕",
  "illustrator": "이종균",
  "isbn": "9791157987405",
  "publishedYear": 2019,
  "publisher": "세이펜북스",
  "paragraphInfoCount": 27,
  "paragraphInfo": [
    {
      "srcTextID": "96986",
      "srcText": "한 숟가락이라도 더 먹으려면 사방으로 눈치를 봐야 했지요. 부엌에서 몰래 이리저리 뒤져서 밥을 더 찾아 먹기도 했어요. 저 보리밥 장군이 얼마나 구박을 받았을지 안 봐도 뻔합니다.",
      "srcPage": 18,
      "srcSentenceEA": 3,
      "srcWordEA": 28,
      "character": "숟가락,보리밥 장군",
      "setting": "부엌",
      "action": "먹으려면,뒤져서,찾아 먹기도,구박을 받았을지,안 봐도",
      "feeling": null,
      "causalRelationship": null,
      "outcomeResolution": null,
      "prediction": null,
      "plotSummaryInfoCount": 1,
      "plotSummaryInfo": {
        "classification": "의사소통",
        "readAge": "유아",
        "form": "short-form",
        "plotSummaryText": "한 숟가락이라도 더 먹으려면 눈치를 봐야 했고 부엌에서 몰래 밥을 더 찾아 먹기도 했으니, 보리밥 장군이 얼마나 구박을 받았을지 뻔합니다.",
        "textWordEA": 20
      }
    },
    {
      "srcTextID": "96988",
      "srcText": "혼자 열 사람 스무 사람 몫을 먹었다니 오죽했겠어요. 일이나 잘했으면 몰라도 열 사람 몫을 먹고서 한 사람 몫도 제대로 못 하니 답답한 노릇이지요. 배는 고프고 눈치는 보이고.",
      "srcPage": 19,
      "srcSentenceEA": 3,
      "srcWordEA": 29,
      "character": "사람,배",
      "setting": null,
      "action": "먹었다니,잘했으면,고프고",
      "feeling": "답답할",
      "causalRelationship": null,
      "outcomeResolution": null,
      "prediction": null,
      "plotSummaryInfoCount": 1,
      "plotSummaryInfo": {
        "classification": "의사소통",
        "readAge": "유아",
        "form": "short-form",
        "plotSummaryText": "혼자 열 사람 몫을 먹었다니 일이나 잘했으면 몰라도 한 사람 몫도 제대로 못 하면 답답한 노릇이었을 것입니다.",
        "textWordEA": 17
      }
    },
    {
      "srcTextID": "96962",
      "srcText": "탱글탱글 미끌미끌한 보리밥, 좋아하니? 옛날에 보리밥을 엄청 먹어 대는 사람이 있었대. 몸도 띵띵, 배도 띵띵, 키도 껑충하니 큰 데다가 한번 보리밥을 먹게 되면 열서너 그릇은 뚝딱! 그러니 모두들 보리밥 장군이라고 불렀지.",
      "srcPage": 1,
      "srcSentenceEA": 4,
      "srcWordEA": 34,
      "character": "보리밥,사람",
      "setting": "옛날",
      "action": "먹어 대는,불렀지",
      "feeling": "좋아하니",
      "causalRelationship": null,
      "outcomeResolution": null,
      "prediction": null,
      "plotSummaryInfoCount": 1,
      "plotSummaryInfo": {
        "classification": "의사소통",
        "readAge": "유아",
        "form": "long-form",
        "plotSummaryText": "옛날 보리밥을 엄청 먹어 대는 사람이 있었는데 몸도 배도 띵띵한데 보리밥을 먹게 되면 열서너 그릇은 뚝딱해서 보리밥 장군이라고 불렀다.",
        "textWordEA": 19
      }
    },
    {
      "srcTextID": "96970",
      "srcText": "헐떡헐떡 삼 형제가 달려와 죽은 호랑이를 보고는 어떻게 잡았냐며 폴짝폴짝. 보리밥 장군은 별일 아니라는 듯이 말했어. \"뭐, 고까짓 것, 한 손으로 호랑이 모가지를 콱 움켜쥐고서는 홱 내팽개쳤지.\" \"만세! 만세! 보리밥 장군 만세!\" 할머니와 삼 형제가 온갖 음식 배불리 대접하니 보리밥 장군 배가 빵빵, 보리 방귀도 뿡뿡.",
      "srcPage": 9,
      "srcSentenceEA": 6,
      "srcWordEA": 50,
      "character": "형제,호랑이,보리밥 장군,할머니",
      "setting": null,
      "action": "달려와,보고는,잡았냐며,말했어,움켜쥐고서는,내팽개쳤지",
      "feeling": null,
      "causalRelationship": null,
      "outcomeResolution": null,
      "prediction": null,
      "plotSummaryInfoCount": 1,
      "plotSummaryInfo": {
        "classification": "의사소통",
        "readAge": "유아",
        "form": "long-form",
        "plotSummaryText": "삼 형제가 달려와 죽은 호랑이를 보고 어떻게 잡았냐고 하니 보리밥 장군은 한 손으로 호랑이 모가지를 잡고 내팽개쳤다고 해서 할머니와 삼 형제는 온갖 음식 배불리 대접했다.",
        "textWordEA": 25
      }
    },
    {
      "srcTextID": "96972",
      "srcText": "가 보니 진짜 집채만 한 도둑놈이 있는데 문턱에 철퍼덕 널브러져서는 그르렁그르렁 자고 있네. 휴, 천만다행이었지. 보리밥 장군은 도둑놈 겁을 주려고 도끼를 들었어.",
      "srcPage": 11,
      "srcSentenceEA": 3,
      "srcWordEA": 24,
      "character": "도둑,보리밥 장군,도끼",
      "setting": null,
      "action": "가 보니,널브러져서는,자고 있네,겁을 주려고,들었어",
      "feeling": null,
      "causalRelationship": null,
      "outcomeResolution": null,
      "prediction": null,
      "plotSummaryInfoCount": 1,
      "plotSummaryInfo": {
        "classification": "의사소통",
        "readAge": "유아",
        "form": "short-form",
        "plotSummaryText": "가 보니 진짜 집채만 한 도둑이 문턱에 철퍼덕 널브러져서는 자고 있어서 보리밥 장군이 겁을 주려고 도끼를 들었다.",
        "textWordEA": 17
      }
    },
    {
      "srcTextID": "96974",
      "srcText": "\"아이고야!\" 도둑놈이 머리가 아파 눈을 떠 보니 이마에서는 피가 뚝뚝, 눈앞에는 몸 띵띵, 배 띵띵, 키가 껑충한 장수가 새끼손가락을 차악 내들고 우뚝 서 있어. 거기다 천둥 같은 목소리로 이러는 거야. \"이놈! 이 못된 놈! 내가 요 새끼손가락으로 튕겼기에 망정이지, 엄지손가락으로 튕겼으면 네놈은 벌써 죽었다!\"",
      "srcPage": 13,
      "srcSentenceEA": 4,
      "srcWordEA": 48,
      "character": "도둑놈,장수,눈",
      "setting": null,
      "action": "떠 보니,내들고,서 있어,튕겼기에,죽었다",
      "feeling": null,
      "causalRelationship": null,
      "outcomeResolution": null,
      "prediction": null,
      "plotSummaryInfoCount": 1,
      "plotSummaryInfo": {
        "classification": "의사소통",
        "readAge": "유아",
        "form": "long-form",
        "plotSummaryText": "도둑놈이 머리가 아파 눈을 떠보니 이마에선 피가 나고 눈앞에는 키가 껑충한 장수가 우뚝 서서는 천둥 같은 목소리로 내가 요 새끼손가락으로 튕겼기에 망정이지 엄지손가락이면 네놈은 죽었다고 했다.",
        "textWordEA": 26
      }
    },
    {
      "srcTextID": "96975",
      "srcText": "도둑놈은 덜컥 겁이 나서 \"제, 제발, 어, 어, 엄지손가락만은 튕기지 마쇼.\" 그러면서 허둥지둥 이 집 물건뿐 아니라 자기 물건까지 탈탈 털어 두고 쿵쿵 달아나더래. \"만세! 만세! 보리밥 장군 만세!\"",
      "srcPage": 14,
      "srcSentenceEA": 5,
      "srcWordEA": 32,
      "character": "도둑놈,보리밥 장군,엄지손가락",
      "setting": null,
      "action": "튕기지,털어 두고,달아나더래",
      "feeling": null,
      "causalRelationship": null,
      "outcomeResolution": null,
      "prediction": null,
      "plotSummaryInfoCount": 1,
      "plotSummaryInfo": {
        "classification": "의사소통",
        "readAge": "유아",
        "form": "long-form",
        "plotSummaryText": "도둑놈은 겁이 나서 제발 엄지손가락만은 튕기지 말라고 하고 이 집 물건뿐 아니라 자기 물건까지 탈탈 두고 달아나서 보리밥 장군 만세를 외쳤다.",
        "textWordEA": 21
      }
    },
    {
      "srcTextID": "96980",
      "srcText": "먹을 게 귀하던 시절이라 밥을 많이 먹는 게 흠이었지요. 툭하면 “밥 많이 먹으면 머리 나빠진다!” 이렇게 혼나곤 했어요.",
      "srcPage": 17,
      "srcSentenceEA": 4,
      "srcWordEA": 20,
      "character": "밥,머리",
      "setting": "먹을 게 귀하던 시절",
      "action": "먹을,많이 먹는,나빠진다,혼나곤",
      "feeling": null,
      "causalRelationship": null,
      "outcomeResolution": null,
      "prediction": null,
      "plotSummaryInfoCount": 1,
      "plotSummaryInfo": {
        "classification": "의사소통",
        "readAge": "유아",
        "form": "long-form",
        "plotSummaryText": "먹을 게 귀하던 시절이라 밥을 많이 먹는 게 흠이었고 밥 많이 먹으면 머리가 나빠진다고 혼나곤 했다.",
        "textWordEA": 16
      }
    },
    {
      "srcTextID": "96978",
      "srcText": "그래요, 안 먹고 아무 일도 안 하는 것보다 많이 먹고 많은 일을 하는 것, 그게 더 멋진 일입니다. 많이 먹는 대신 그만큼의 몫을 하면 되지 않겠어요? 맞아요, 자기가 먹은 만큼 일을 해서 만들어 내면 되지요!",
      "srcPage": 22,
      "srcSentenceEA": 3,
      "srcWordEA": 37,
      "character": null,
      "setting": null,
      "action": "안 먹고,많이 먹고,많은 일을 하는,먹은,일을 해서,만들어",
      "feeling": "멋진",
      "causalRelationship": null,
      "outcomeResolution": null,
      "prediction": null,
      "plotSummaryInfoCount": 1,
      "plotSummaryInfo": {
        "classification": "의사소통",
        "readAge": "유아",
        "form": "short-form",
        "plotSummaryText": "안 먹고 아무 일 안 하는 것보다 많이 먹고 많은 일을 하는 것이 더 멋지고 많이 먹은 만큼 그 몫을 하면 됩니다.",
        "textWordEA": 22
      }
    },
    {
      "srcTextID": "96964",
      "srcText": "보리밥 장군이 한참을 걷다 보니 두메산골이야. 마침 집 하나가 있길래 보리밥 좀 달라 했지. 그래 이 집 할머니가 보리밥을 내오는데 열서너 그릇을 싹싹 비워내.",
      "srcPage": 3,
      "srcSentenceEA": 3,
      "srcWordEA": 26,
      "character": "보리밥 장군,보리밥,할머니",
      "setting": "두메산골,집",
      "action": "걷다 보니,달라 했지,내오는데,비워내",
      "feeling": null,
      "causalRelationship": null,
      "outcomeResolution": null,
      "prediction": null,
      "plotSummaryInfoCount": 1,
      "plotSummaryInfo": {
        "classification": "의사소통",
        "readAge": "유아",
        "form": "short-form",
        "plotSummaryText": "보리밥 장군이 한참 걷다 보니 두메산골에 집 하나가 있길래 보리밥 좀 달라고 했더니, 할머니가 보리밥을 내오는데 열서너 그릇을 비워냈다.",
        "textWordEA": 19
      }
    },
    {
      "srcTextID": "96984",
      "srcText": "신동흔 선생님과 함께 읽는 옛이야기. 밥을 많이 먹는 것과 책을 많이 읽는 것. 이 이야기를 보면 시골 마을에서 살던 어린 시절 생각이 납니다.",
      "srcPage": 16,
      "srcSentenceEA": 3,
      "srcWordEA": 25,
      "character": "선생님,밥,책",
      "setting": "시골 마을,어린 시절",
      "action": "읽는,많이 먹는,많이 읽는,보면,살던,생각이 납니다",
      "feeling": null,
      "causalRelationship": null,
      "outcomeResolution": null,
      "prediction": null,
      "plotSummaryInfoCount": 1,
      "plotSummaryInfo": {
        "classification": "의사소통",
        "readAge": "유아",
        "form": "short-form",
        "plotSummaryText": "신동흔 선생님과 함께 이 이야기를 보면 시골 마을에서 살던 어린 시절 생각이 납니다.",
        "textWordEA": 13
      }
    },
    {
      "srcTextID": "96977",
      "srcText": "\"아, 보리밥 한번 마음껏 먹어 보고 싶다!\" 요즘 들으면 좀 엉뚱한 소망 같을 거예요. 저 보리밥 장군의 경우 많이 먹은 게 다 헛일처럼 보였지만, 그렇지 않았어요.",
      "srcPage": 20,
      "srcSentenceEA": 3,
      "srcWordEA": 28,
      "character": "보리밥,보리밥 장군",
      "setting": null,
      "action": "먹어 보고,들으면,보였지만",
      "feeling": null,
      "causalRelationship": null,
      "outcomeResolution": null,
      "prediction": null,
      "plotSummaryInfoCount": 1,
      "plotSummaryInfo": {
        "classification": "의사소통",
        "readAge": "유아",
        "form": "short-form",
        "plotSummaryText": "보리밥 한 번 마음껏 먹어 보고 싶다는 것이 요즘 들으면 엉뚱한 소망 같겠지만 보리밥 장군의 경우 그렇지 않았습니다.",
        "textWordEA": 18
      }
    },
    {
      "srcTextID": "96966",
      "srcText": "이튿날 날이 밝았어. 보리밥 장군과 아들 삼 형제는 보리밥 두둑이 먹고 산으로 갔어. 삼 형제가 산 위에서 와 와 호랑이를 몰면 보리밥 장군이 산 아래에서 와락 잡기로 했지.",
      "srcPage": 5,
      "srcSentenceEA": 3,
      "srcWordEA": 30,
      "character": "보리밥 장군,형제,호랑이",
      "setting": "이튿날,산,산 위,산 아래",
      "action": "먹고,갔어,몰면,잡기로 했지",
      "feeling": null,
      "causalRelationship": null,
      "outcomeResolution": null,
      "prediction": null,
      "plotSummaryInfoCount": 1,
      "plotSummaryInfo": {
        "classification": "의사소통",
        "readAge": "유아",
        "form": "short-form",
        "plotSummaryText": "보리밥 장군과 아들 삼 형제는 보리밥을 두둑이 먹고 산으로 가서 삼 형제가 산 위에서 호랑이를 몰면 보리밥 장군이 산 아래에서 잡기로 했다.",
        "textWordEA": 22
      }
    },
    {
      "srcTextID": "96967",
      "srcText": "좀 있으려니까 어흥! 어흥! 호랑이가 막 뛰어 내려와. 빨간 혀를 날름거리는 게 당장 보리밥 장군을 잡아먹을 기세야. 보리밥 장군은 우들우들 떨며 나무 위로 엉금엉금. 호랑이도 먹이 잡는다고 나무 위로 펄쩍!",
      "srcPage": 6,
      "srcSentenceEA": 6,
      "srcWordEA": 35,
      "character": "호랑이,보리밥 장군,혀",
      "setting": "나무 위",
      "action": "뛰어 내려와,날름거리는,잡아먹을,떨며",
      "feeling": null,
      "causalRelationship": null,
      "outcomeResolution": null,
      "prediction": null,
      "plotSummaryInfoCount": 1,
      "plotSummaryInfo": {
        "classification": "의사소통",
        "readAge": "유아",
        "form": "long-form",
        "plotSummaryText": "좀 있으려니 호랑이가 막 뛰어 내려와서 보리밥 장군을 잡아먹을 기세라 보리밥 장군은 떨며 나무 위로 올라갔고 호랑이도 먹이 잡는다고 나무 위로 펄쩍했다.",
        "textWordEA": 22
      }
    },
    {
      "srcTextID": "96971",
      "srcText": "보리밥 장군은 다시 길을 떠났어. 근데 길모퉁이에서 앙앙앙앙 아이 우는 소리가 들려. 아이 하는 말이, 집에 집채만 한 도둑이 들었는데 집에 있는 것 몽땅 빼앗고 식구들을 달달 괴롭힌다는 거야. 보리밥 장군은 아이를 따라 그 집에 갔어.",
      "srcPage": 10,
      "srcSentenceEA": 4,
      "srcWordEA": 39,
      "character": "보리밥 장군,아이,도둑",
      "setting": "길모퉁이,집",
      "action": "길을 떠났어,들려,들었는데,빼앗고,괴롭힌다는 거야,갔어",
      "feeling": null,
      "causalRelationship": null,
      "outcomeResolution": null,
      "prediction": null,
      "plotSummaryInfoCount": 1,
      "plotSummaryInfo": {
        "classification": "의사소통",
        "readAge": "유아",
        "form": "long-form",
        "plotSummaryText": "보리밥 장군이 다시 길을 떠났는데 아이 우는 소리가 들려서 가보니 집채만 한 도둑이 들어와 몽땅 빼앗고 식구들을 괴롭힌다는 말을 듣고 그 집에 갔다.",
        "textWordEA": 23
      }
    },
    {
      "srcTextID": "96963",
      "srcText": "이만한 덩치면 힘깨나 쓸 만하지? 그런데 보리밥 장군은 힘을 통 못 쓰더래. 밥그릇 하나 드는 데도 낑낑낑낑. 밥은 황소만큼 먹으면서 일은 베짱이만큼도 못하니 식구들 모두 쫄쫄 굶어 죽을 판이었지. 부모는 할 수 없이 보리밥 장군을 내쫓았어.",
      "srcPage": 2,
      "srcSentenceEA": 5,
      "srcWordEA": 40,
      "character": "보리밥 장군,식구들,부모,밥,그릇",
      "setting": null,
      "action": "쓸 만하지,드는 데도,먹으면서,굶어 죽을,내쫓았어",
      "feeling": null,
      "causalRelationship": null,
      "outcomeResolution": null,
      "prediction": null,
      "plotSummaryInfoCount": 1,
      "plotSummaryInfo": {
        "classification": "의사소통",
        "readAge": "유아",
        "form": "long-form",
        "plotSummaryText": "이만한 덩치면 힘깨나 쓸 만한데 보리밥 장군은 밥그릇 하나 드는 데도 낑낑대고 밥은 황소만큼 먹으면서 일은 베짱이만큼도 못해서 식구들이 모두 굶어 죽을 판이라 보리밥 장군을 내쫓았다.",
        "textWordEA": 26
      }
    },
    {
      "srcTextID": "96965",
      "srcText": "할머니 생각엔 영락없이 하늘서 보낸 장군이야. \"부탁이오, 부탁이오, 늙은이 부탁이오. 우리 영감 호랑이한테 잡아먹혀 아들 셋이 날마다 호랑이와 싸운다오. 부디 장군님의 폭풍 같은 힘 보태 주어 호랑이를 꼭꼭 잡아 주오.\" 보리밥 장군은 할머니 부탁을 들어주기로 했어.",
      "srcPage": 4,
      "srcSentenceEA": 5,
      "srcWordEA": 39,
      "character": "할머니,장군,늙은이,영감,호랑이,아들,보리밥 장군",
      "setting": "하늘",
      "action": "보낸,부탁이오,잡아먹혀,싸운다오,보태 주어,잡아 주오,들어주기로 했어",
      "feeling": null,
      "causalRelationship": null,
      "outcomeResolution": null,
      "prediction": null,
      "plotSummaryInfoCount": 1,
      "plotSummaryInfo": {
        "classification": "의사소통",
        "readAge": "유아",
        "form": "long-form",
        "plotSummaryText": "할머니 생각엔 영락없이 하늘서 보낸 장군이라 우리 영감이 호랑이한테 잡아먹혀 아들 셋이 호랑이와 싸우고 있으니 폭풍 같은 힘을 보태 주어 호랑이를 잡아 달라고 해서 보리밥 장군은 할머니 부탁을 들어주기로 했다.",
        "textWordEA": 30
      }
    },
    {
      "srcTextID": "96968",
      "srcText": "\"아이고, 나 죽네!\" 보리밥 장군은 그만 정신이 아찔해져서 아악 아악 목이 터져라 외쳤어. 어라? 근데 이게 웬일이야?",
      "srcPage": 7,
      "srcSentenceEA": 4,
      "srcWordEA": 20,
      "character": "보리밥 장군,목",
      "setting": null,
      "action": "죽네,터져라 외쳤어",
      "feeling": null,
      "causalRelationship": null,
      "outcomeResolution": null,
      "prediction": null,
      "plotSummaryInfoCount": 1,
      "plotSummaryInfo": {
        "classification": "의사소통",
        "readAge": "유아",
        "form": "long-form",
        "plotSummaryText": "보리밥 장군은 정신이 아찔해져서 나 죽는다고 목이 터져라 외쳤다.",
        "textWordEA": 9
      }
    },
    {
      "srcTextID": "96969",
      "srcText": "살살 눈을 떠 보니까 글쎄 호랑이가 나뭇가지에 코가 찔려 죽어 있어. 아하, 호랑이가 나무 위로 펄쩍 뛰어오르다 보리밥 장군 천둥 같은 목소리에 깜짝 놀라 툭 떨어져 나뭇가지에 찔려 죽은 게지. \"아이고, 살았네, 살았어.\" 보리밥 장군은 쓱쓱 가슴을 쓸어내리며 얼른 나무에서 내려왔어.",
      "srcPage": 8,
      "srcSentenceEA": 4,
      "srcWordEA": 43,
      "character": "호랑이,나뭇가지,눈",
      "setting": "나무 위",
      "action": "떠 보니까,죽어 있어,뛰어오르다,떨어져,찔려 죽은 게지,쓸어 내리며,내려왔어",
      "feeling": "깜짝 놀라",
      "causalRelationship": null,
      "outcomeResolution": null,
      "prediction": null,
      "plotSummaryInfoCount": 1,
      "plotSummaryInfo": {
        "classification": "의사소통",
        "readAge": "유아",
        "form": "long-form",
        "plotSummaryText": "눈을 떠 보니까 호랑이가 나무 위로 뛰어오르다 보리밥 장군 목소리에 깜짝 놀라서 나뭇가지에 찔려 죽은 걸 알고 보리밥 장군은 가슴을 쓸어내리며 나무에서 내려왔다.",
        "textWordEA": 23
      }
    },
    {
      "srcTextID": "96973",
      "srcText": "밥그릇 하나 드는 데도 낑낑대는 판에 도끼 한 자루 들자니까 끙끙끙끙. 겨우겨우 도둑놈 있는 데까지 들고 가기는 했는데 그만 도끼를 툭 떨어뜨리고 말았네. 이를 어째! 도끼머리가 도둑놈 이마를 툭 치고 말았네.",
      "srcPage": 12,
      "srcSentenceEA": 4,
      "srcWordEA": 34,
      "character": "밥그릇,도끼,도둑놈,도끼머리,이마",
      "setting": null,
      "action": "드는 데도,들자니까,들고,떨어뜨리고,치고",
      "feeling": null,
      "causalRelationship": null,
      "outcomeResolution": null,
      "prediction": null,
      "plotSummaryInfoCount": 1,
      "plotSummaryInfo": {
        "classification": "의사소통",
        "readAge": "유아",
        "form": "long-form",
        "plotSummaryText": "밥그릇도 겨우 드는 판에 도끼 한 자루 들자니 겨우 도둑놈 있는 데까지 들고 가긴 했는데, 그만 도끼를 떨어뜨려서 도둑놈 이마를 치고 말았다.",
        "textWordEA": 22
      }
    },
    {
      "srcTextID": "96976",
      "srcText": "이 집 식구들이 우당탕퉁탕 나와 온갖 음식 배불리 대접하니 보리밥 장군 배가 빵빵, 보리 방귀도 뿡뿡. 다음은 또 어디서 보리밥을 얻어먹으려나? 탱글탱글 미끌미끌한 보리밥!",
      "srcPage": 15,
      "srcSentenceEA": 3,
      "srcWordEA": 26,
      "character": "식구들,보리밥 장군",
      "setting": "이 집",
      "action": "나와,대접하니,얻어먹으려나",
      "feeling": null,
      "causalRelationship": null,
      "outcomeResolution": null,
      "prediction": null,
      "plotSummaryInfoCount": 1,
      "plotSummaryInfo": {
        "classification": "의사소통",
        "readAge": "유아",
        "form": "short-form",
        "plotSummaryText": "이 집 식구들이 온갖 음식 배불리 대접해서 보리밥 장군 배가 빵빵해지니 다음은 어디서 얻어먹으려나 생각했다.",
        "textWordEA": 15
      }
    },
    {
      "srcTextID": "96987",
      "srcText": "호랑이하고 맞섰을 때 쩌렁쩌렁 커다란 목소리로 한몫을 하잖아요! 그게 다 열심히 먹어 둔 덕분이겠지요. 무서운 도둑하고 당당하게 맞선 배포도 다 먹은 힘에서 나온 거라고 할 수 있습니다.",
      "srcPage": 21,
      "srcSentenceEA": 3,
      "srcWordEA": 29,
      "character": "호랑이,도둑",
      "setting": null,
      "action": "맞섰을,한몫을 하잖아요,먹어 둔,맞선,먹은,나온",
      "feeling": null,
      "causalRelationship": null,
      "outcomeResolution": null,
      "prediction": null,
      "plotSummaryInfoCount": 1,
      "plotSummaryInfo": {
        "classification": "의사소통",
        "readAge": "유아",
        "form": "short-form",
        "plotSummaryText": "호랑이하고 맞섰을 때 커다란 목소리로 한몫을 한 것은 모두 열심히 먹어 둔 덕분이고 도둑하고 맞선 배포도 다 먹은 힘에서 나온 것입니다.",
        "textWordEA": 21
      }
    },
    {
      "srcTextID": "96982",
      "srcText": "보리밥 장군이 남보다 많이 먹는다는 데서 뭔가 그럴듯하게 연상할 수 있는 또 다른 의미가 있지 않을까요? 조금 엉뚱한 얘기일지 모르지만, 보리밥 장군이 밥 먹는 일에서 이것저것 책을 많이 읽으면서 지식을 채우는 일을 연상할 수 있을 것 같아요. 세상에는 남들보다 열 배 스무 배로 책을 읽으며 지식을 쌓는 사람이 있습니다.",
      "srcPage": 23,
      "srcSentenceEA": 3,
      "srcWordEA": 51,
      "character": "보리밥 장군,사람,책",
      "setting": "세상",
      "action": "많이 먹는다는,연상할 수 있는,밥 먹는,많이 읽으면서,지식을 채우는,읽으며,쌓는",
      "feeling": null,
      "causalRelationship": null,
      "outcomeResolution": null,
      "prediction": null,
      "plotSummaryInfoCount": 1,
      "plotSummaryInfo": {
        "classification": "의사소통",
        "readAge": "유아",
        "form": "short-form",
        "plotSummaryText": "보리밥 장군이 남보다 많이 먹는다는 데서 연상할 수 있는 또 다른 의미가 책을 많이 읽으면서 지식을 채우는 일을 연상할 수 있을 것 같은데 남들보다 열 배, 스무 배로 책을 읽으며 지식을 쌓는 사람이 있습니다.",
        "textWordEA": 34
      }
    },
    {
      "srcTextID": "96985",
      "srcText": "얼핏 보면 좀 바보스러워 보일지 몰라요. 저렇게 책을 읽는다고 쌀이 나오나 돈이 나오나, 이렇게 말할 수 있겠지요. 하지만 그건 눈앞의 일이 그럴 뿐이지요.",
      "srcPage": 24,
      "srcSentenceEA": 3,
      "srcWordEA": 25,
      "character": "책,쌀,돈",
      "setting": "눈앞",
      "action": "얼핏 보면,읽는다고,말할 수,나오나",
      "feeling": null,
      "causalRelationship": null,
      "outcomeResolution": null,
      "prediction": null,
      "plotSummaryInfoCount": 1,
      "plotSummaryInfo": {
        "classification": "의사소통",
        "readAge": "유아",
        "form": "short-form",
        "plotSummaryText": "저렇게 책을 읽는다고 쌀이 나오나, 돈이 나오나 말할 수 있겠지만, 그건 눈앞의 일이 그럴 뿐입니다.",
        "textWordEA": 15
      }
    },
    {
      "srcTextID": "96981",
      "srcText": "멀리 보면 결국은 큰 힘을 내게 되어 있습니다. 마음속에 풍부하게 채워 둔 지식은 뒷날 더 큰 일에 요긴하게 쓰일 수가 있지요. 보리밥 장군이 호랑이를 잡고 도둑을 쫓아낸 것처럼 말이에요.",
      "srcPage": 25,
      "srcSentenceEA": 3,
      "srcWordEA": 31,
      "character": "보리밥 장군,호랑이,도둑",
      "setting": null,
      "action": "멀리 보면,채워 둔,쓰일 수가,잡고,쫓아낸",
      "feeling": null,
      "causalRelationship": null,
      "outcomeResolution": null,
      "prediction": null,
      "plotSummaryInfoCount": 1,
      "plotSummaryInfo": {
        "classification": "의사소통",
        "readAge": "유아",
        "form": "short-form",
        "plotSummaryText": "멀리 보면 결국 큰 힘을 내게 되어 있고 지식은 요긴하게 쓰일 수 있는데 보리밥 장군이 호랑이를 잡고 도둑을 쫓아낸 것처럼 말입니다.",
        "textWordEA": 21
      }
    },
    {
      "srcTextID": "96983",
      "srcText": "보리밥 장군이 잘된 일을 보면서 사람들이 “쟤가 웬일이야?” 하며 눈이 휘둥그레질지 모르지만 그건 원래 그리될 일이었다고 할 수 있습니다. 그래요, 꼭 어떤 특별한 일을 해결할 수 있어야만 하는 게 아니지요.",
      "srcPage": 26,
      "srcSentenceEA": 4,
      "srcWordEA": 32,
      "character": "보리밥 장군,눈",
      "setting": null,
      "action": "일을 보면서,해결할 수 있어야만,휘둥그레질지",
      "feeling": null,
      "causalRelationship": null,
      "outcomeResolution": null,
      "prediction": null,
      "plotSummaryInfoCount": 1,
      "plotSummaryInfo": {
        "classification": "의사소통",
        "readAge": "유아",
        "form": "long-form",
        "plotSummaryText": "보리밥 장군이 잘된 일을 보면서 눈이 휘둥그레질지 모르지만 그건 원래 그리될 일이었다고 할 수 있고 꼭 특별한 일을 해결할 수 있어야만 하는 게 아닙니다.",
        "textWordEA": 24
      }
    },
    {
      "srcTextID": "96979",
      "srcText": "넓고 풍부한 지식을 갖추고 있으면‘생각하는 법’을 알게 돼서 그 자체로 큰 능력자가 되거든요. 좋은 먹거리를 잘 먹으면 크고 건강한 사람이 돼서 아무 일이라도 잘할 수 있는 것처럼요. 맞다! 보리밥이 좀 거칠긴 하지만 영양가는 최고라잖아요!",
      "srcPage": 27,
      "srcSentenceEA": 5,
      "srcWordEA": 38,
      "character": "능력자,먹거리,보리밥,사람",
      "setting": null,
      "action": "갖추고 있으면,생각하는,알게 돼서,먹으면",
      "feeling": null,
      "causalRelationship": null,
      "outcomeResolution": null,
      "prediction": null,
      "plotSummaryInfoCount": 1,
      "plotSummaryInfo": {
        "classification": "의사소통",
        "readAge": "유아",
        "form": "long-form",
        "plotSummaryText": "넓고 풍부한 지식을 갖추고 있으면 그 자체로 큰 능력자가 되고 좋은 먹거리를 잘 먹으면 건강한 사람이 돼서 아무 일이라도 잘할 수 있습니다.",
        "textWordEA": 22
      }
    }
  ]
}