{
  "title": "선녀와 나무꾼",
  "author": "신혜진",
  "illustrator": "이형진",
  "isbn": "9791157987498",
  "publishedYear": 2019,
  "publisher": "세이펜북스",
  "paragraphInfoCount": 40,
  "paragraphInfo": [
    {
      "srcTextID": "96276",
      "srcText": "그래 그만 떨어지고 말았지. 나무꾼이 울고 있으니, 노루가 와서 마지막이라며 박 씨를 또 주었어. 그걸 심어서 넝쿨이 뻗자 조심조심 하늘로 올라갔어.",
      "srcPage": 11,
      "srcSentenceEA": 3,
      "srcWordEA": 23,
      "character": "나무꾼,노루,박 씨,넝쿨",
      "setting": "심어서 넝쿨이 뻗자",
      "action": "울고 있으니,노루가 와서,조심조심 하늘로 올라갔어",
      "feeling": null,
      "causalRelationship": null,
      "outcomeResolution": "그래 그만 떨어지고 말았지.",
      "prediction": null,
      "plotSummaryInfoCount": 1,
      "plotSummaryInfo": {
        "classification": "의사소통",
        "readAge": "유아",
        "form": "short-form",
        "plotSummaryText": "나무꾼이 울고 있자 노루는 마지막이라며 박 씨를 주었고, 나무꾼은 넝쿨이 뻗자 조심조심 하늘로 올라갔습니다.",
        "textWordEA": 14
      }
    },
    {
      "srcTextID": "96281",
      "srcText": "옥황상제가 먼저 숨었는데 아무리 찾아도 보이지 않으니, 나무꾼은 밥도 못 먹고 울고만 있었지. 선녀가 걱정하지 말라며 일러 주었어. \"여기서 곧장 가면 작은 집 닭장에 수탉이 있을 거예요.\"",
      "srcPage": 14,
      "srcSentenceEA": 3,
      "srcWordEA": 28,
      "character": "옥황상제,나무꾼,밥,선녀,수탉",
      "setting": "작은 집 닭장",
      "action": "먼저 숨었는데,못 먹고,울고만 있었지",
      "feeling": "걱정하지",
      "causalRelationship": null,
      "outcomeResolution": null,
      "prediction": null,
      "plotSummaryInfoCount": 1,
      "plotSummaryInfo": {
        "classification": "의사소통",
        "readAge": "유아",
        "form": "short-form",
        "plotSummaryText": "옥황상제가 숨었는데 아무리 찾아도 보이지 않아 나무꾼이 밥도 못 먹고 울고 있는 모습을 선녀는 걱정하지 말라고 하며 곧장 가면 작은 집 닭장에 수탉이 있을 거라고 했습니다.",
        "textWordEA": 26
      }
    },
    {
      "srcTextID": "96295",
      "srcText": "땅을 밟은 나무꾼은 하늘로 돌아갈 수 없었어. 나무꾼은 날마다 하늘을 바라보며 하염없이 눈물짓다가 죽어서 수탉이 되었지. 그래서 수탉은 조금이라도 하늘과 가까워지려고 지붕에 올라가 우는 거래. \"옥황상제님, 우리 식구들 잘 돌봐 주세요. 꼭이오 꼬끼오.\"",
      "srcPage": 29,
      "srcSentenceEA": 5,
      "srcWordEA": 36,
      "character": "나무꾼,수탉,옥황상제",
      "setting": "땅,하늘,지붕",
      "action": "밟은,돌아갈 수 없었어,바라보며,눈물짓다가 죽어서",
      "feeling": null,
      "causalRelationship": null,
      "outcomeResolution": null,
      "prediction": null,
      "plotSummaryInfoCount": 1,
      "plotSummaryInfo": {
        "classification": "의사소통",
        "readAge": "유아",
        "form": "long-form",
        "plotSummaryText": "땅을 밟은 나무꾼은 하늘로 돌아가지 못했고, 날마다 하늘을 바라보며 눈물짓다 죽어 수탉이 되어 옥황상제에게 우리 식구들을 잘 돌봐 달라고 하늘에 가까운 지붕에 올라가 울게 되었습니다.",
        "textWordEA": 25
      }
    },
    {
      "srcTextID": "96301",
      "srcText": "신동흔 선생님과 함께 읽는 옛이야기 땅과 하늘 사이, 그리고 과거와 미래 사이. 이 이야기는 선녀와 나무꾼이라고도 하고 나무꾼과 선녀라고도 해요. 어느 제목이 더 어울릴까요?",
      "srcPage": 30,
      "srcSentenceEA": 3,
      "srcWordEA": 26,
      "character": "신동흔 선생님,선녀,나무꾼",
      "setting": "땅,하늘",
      "action": null,
      "feeling": null,
      "causalRelationship": null,
      "outcomeResolution": null,
      "prediction": null,
      "plotSummaryInfoCount": 1,
      "plotSummaryInfo": {
        "classification": "의사소통",
        "readAge": "유아",
        "form": "short-form",
        "plotSummaryText": "선녀와 나무꾼, 나무꾼과 선녀, 땅과 하늘 사이, 과거와 미래 사이 중에서 어느 제목이 더 어울리나요.",
        "textWordEA": 15
      }
    },
    {
      "srcTextID": "96302",
      "srcText": "어떻게 보면 나무꾼이 선녀를 붙잡은 것과 선녀가 떠나는 것이 서로 짝이 된다고도 할 수 있어요. 만약 여기서 이야기가 끝난다면 싱거운 일일 거예요. 날개옷을 주는 실수를 했지만 본래 착한 사람이었던 나무꾼에게는 기회가 한 번 더 주어집니다.",
      "srcPage": 34,
      "srcSentenceEA": 3,
      "srcWordEA": 37,
      "character": "나무꾼,선녀,날개옷",
      "setting": null,
      "action": "붙잡은,주는",
      "feeling": null,
      "causalRelationship": null,
      "outcomeResolution": null,
      "prediction": null,
      "plotSummaryInfoCount": 1,
      "plotSummaryInfo": {
        "classification": "의사소통",
        "readAge": "유아",
        "form": "short-form",
        "plotSummaryText": "나무꾼이 선녀를 붙잡고, 날개옷을 주는 실수를 했지만 본래 착한 사람이었던 나무꾼에게는 기회가 한 번 더 주어집니다.",
        "textWordEA": 16
      }
    },
    {
      "srcTextID": "96297",
      "srcText": "그 순간 미래로 가는 길은 끊기고 말지요. 나무꾼은 속절없이 죽어서 수탉이 됩니다. 수탉이 된 나무꾼은 하늘 가까이 올라가 울었다고 합니다.",
      "srcPage": 39,
      "srcSentenceEA": 3,
      "srcWordEA": 22,
      "character": "나무꾼,수탉",
      "setting": "하늘",
      "action": "죽어서,됩니다,올라가,울었다고 합니다",
      "feeling": null,
      "causalRelationship": null,
      "outcomeResolution": null,
      "prediction": null,
      "plotSummaryInfoCount": 1,
      "plotSummaryInfo": {
        "classification": "의사소통",
        "readAge": "유아",
        "form": "short-form",
        "plotSummaryText": "미래로의 길이 끊기고 나무꾼은 수탉이 되어 하늘 가까이 올라가 울었다고 합니다.",
        "textWordEA": 11
      }
    },
    {
      "srcTextID": "96279",
      "srcText": "이때 선녀의 아버지 옥황상제가 오더니 물어. \"웬 사람 냄새가 나느냐?\" 선녀가 인간 세상에서 같이 살던 남편이 왔다고 했더니 옥황상제가 이러지. \"여기는 사람이 올 곳이 아니다. 나하고 숨기 내기를 해서 지면 당장 쫓겨날 줄 알아라.\"",
      "srcPage": 13,
      "srcSentenceEA": 5,
      "srcWordEA": 36,
      "character": "선녀,아버지,옥황상제,남편,인간 세상",
      "setting": null,
      "action": "오더니,물어",
      "feeling": null,
      "causalRelationship": "나하고 숨기 내기를 해서 지면 당장 쫓겨날 줄 알아라.",
      "outcomeResolution": null,
      "prediction": null,
      "plotSummaryInfoCount": 1,
      "plotSummaryInfo": {
        "classification": "의사소통",
        "readAge": "유아",
        "form": "long-form",
        "plotSummaryText": "선녀의 아버지인 옥황상제는 여긴 사람이 올 곳이 아니라며 숨기 내기를 해서 지면 당장 쫓겨날 줄 알라고 말했습니다.",
        "textWordEA": 17
      }
    },
    {
      "srcTextID": "96282",
      "srcText": "\"그런데 웃으면 실꾸리가 떨어져서 훤히 보이니까 절대 웃으면 안 돼요.\" 선녀가 시키는 대로 했더니 정말 옥황상제가 못 찾아. \"못 찾겠으니 나와 봐라.\"",
      "srcPage": 17,
      "srcSentenceEA": 3,
      "srcWordEA": 23,
      "character": "실꾸리,선녀,옥황상제",
      "setting": null,
      "action": "시키는 대로 했더니,못 찾아,실꾸리가 떨어져서",
      "feeling": null,
      "causalRelationship": null,
      "outcomeResolution": null,
      "prediction": null,
      "plotSummaryInfoCount": 1,
      "plotSummaryInfo": {
        "classification": "의사소통",
        "readAge": "유아",
        "form": "short-form",
        "plotSummaryText": "선녀가 시키는 대로 했더니 옥황상제는 나무꾼을 찾지 못했습니다.",
        "textWordEA": 8
      }
    },
    {
      "srcTextID": "96283",
      "srcText": "나무꾼이 하하 웃으니, 실꾸리가 떨렁 떨어지면서 모습이 보이지. \"야, 정말 재주가 좋구나. 실꾸리 속에 들어가 숨다니.\"",
      "srcPage": 18,
      "srcSentenceEA": 3,
      "srcWordEA": 17,
      "character": "나무꾼,실꾸리",
      "setting": null,
      "action": "웃으니,떨어지면서,모습이 보이지,실꾸리 속에 들어가 숨다니",
      "feeling": "정말 재주가 좋구나",
      "causalRelationship": null,
      "outcomeResolution": null,
      "prediction": null,
      "plotSummaryInfoCount": 1,
      "plotSummaryInfo": {
        "classification": "의사소통",
        "readAge": "유아",
        "form": "short-form",
        "plotSummaryText": "나무꾼이 실꾸리 속에 들어가 숨다니 정말 재주가 좋다고 말했습니다.",
        "textWordEA": 9
      }
    },
    {
      "srcTextID": "96285",
      "srcText": "\"이 말을 타고 가면 큰 기와집에 아픈 사람이 있을 거예요. 아픈 사람한테 박힌 화살 세 대를 뽑아 주머니에 넣어 오세요. 도중에 일이 생겨도 늦추지 말고 빨리 오셔야 해요.\"",
      "srcPage": 20,
      "srcSentenceEA": 3,
      "srcWordEA": 30,
      "character": "말,아픈 사람,화살,주머니",
      "setting": "큰 기와집",
      "action": null,
      "feeling": null,
      "causalRelationship": null,
      "outcomeResolution": "도중에 일이 생겨도 늦추지 말고 빨리 오셔야 해요.",
      "prediction": null,
      "plotSummaryInfoCount": 1,
      "plotSummaryInfo": {
        "classification": "의사소통",
        "readAge": "유아",
        "form": "short-form",
        "plotSummaryText": "말을 타고 가서 아픈 사람에게 박힌 화살 세 대를 뽑아 주머니에 넣고 도중에 일이 생겨도 늦추지 말고 빨리 오셔야 한다고 말했습니다.",
        "textWordEA": 21
      }
    },
    {
      "srcTextID": "96288",
      "srcText": "나무꾼은 선녀 말대로 화살 세 대를 뽑아 주머니에 넣었어. 그랬더니 아픈 사람 몸이 싹 나았지. 그 집 사람들이 잔치를 하겠다며 잔칫상을 받고 가라 하지.",
      "srcPage": 21,
      "srcSentenceEA": 3,
      "srcWordEA": 26,
      "character": "나무꾼,선녀,화살,주머니,아픈 사람,사람들,잔칫상",
      "setting": "그 집",
      "action": "화살 세 대를 뽑아,넣었어,나았지",
      "feeling": null,
      "causalRelationship": null,
      "outcomeResolution": null,
      "prediction": null,
      "plotSummaryInfoCount": 1,
      "plotSummaryInfo": {
        "classification": "의사소통",
        "readAge": "유아",
        "form": "short-form",
        "plotSummaryText": "선녀 말대로 나무꾼은 화살 세 대를 뽑자 아픈 사람 몸이 싹 나아서 잔치하겠다며 잔칫상을 받고 가라고 했습니다.",
        "textWordEA": 17
      }
    },
    {
      "srcTextID": "96287",
      "srcText": "\"바빠서 그럴 짬이 없습니다.\" 그래 돌아오는데 웬 까마귀가 날아와 머리와 손을 물어뜯어. 나무꾼은 까마귀를 쫓으려고 주머니를 휘두르다 그만 주머니를 빼앗기고 말았어. 그러니까 또 웬 검독수리가 나타나 까마귀한테서 주머니를 빼앗아 갔지. 나무꾼은 투덜거리며 돌아왔어.",
      "srcPage": 22,
      "srcSentenceEA": 5,
      "srcWordEA": 37,
      "character": "까마귀,나무꾼,주머니,검독수리",
      "setting": null,
      "action": "돌아오는데,날아와,머리와 손을 물어뜯어,휘두르다,빼앗기고 말았어,나타나,빼앗아 갔지,투덜거리며 돌아왔어",
      "feeling": null,
      "causalRelationship": null,
      "outcomeResolution": null,
      "prediction": null,
      "plotSummaryInfoCount": 1,
      "plotSummaryInfo": {
        "classification": "의사소통",
        "readAge": "유아",
        "form": "long-form",
        "plotSummaryText": "나무꾼은 까마귀를 쫓으려 주머니를 휘두르다가 주머니를 빼앗기고, 검독수리가 나타나 까마귀한테서 주머니를 빼앗아 갔다고 투덜거리며 말했습니다.",
        "textWordEA": 15
      }
    },
    {
      "srcTextID": "96292",
      "srcText": "나무꾼은 선녀하고 하늘에서 잘 살았어. 살다가 보니 두고 온 어머니 생각이 자꾸 났지. 나무꾼이 끙끙 앓는 것을 보고 선녀가 말했어.",
      "srcPage": 25,
      "srcSentenceEA": 3,
      "srcWordEA": 22,
      "character": "나무꾼,선녀,어머니",
      "setting": "하늘",
      "action": "살았어,앓는 것을 보고,말했어",
      "feeling": null,
      "causalRelationship": null,
      "outcomeResolution": null,
      "prediction": null,
      "plotSummaryInfoCount": 1,
      "plotSummaryInfo": {
        "classification": "의사소통",
        "readAge": "유아",
        "form": "short-form",
        "plotSummaryText": "나무꾼은 선녀와 하늘에서 잘 살았지만 두고 온 어머니 생각에 끙끙 자꾸 앓았습니다.",
        "textWordEA": 12
      }
    },
    {
      "srcTextID": "96300",
      "srcText": "사실 선녀는 어느 날 갑자기 자기 뜻과 상관없이 모든 게 낯설기만 한 곳에서 나무꾼과 살게 된 것이었잖아요. 몸은 땅에 있지만 마음은 늘 부모님 계신 하늘나라로 향해 있었을 거예요. 그러니 날개옷을 찾자마자 곧바로 하늘로 올라가는 거지요.",
      "srcPage": 33,
      "srcSentenceEA": 3,
      "srcWordEA": 37,
      "character": "선녀,나무꾼,부모님,날개 옷",
      "setting": "땅,하늘나라,하늘,낯설기만 한 곳",
      "action": "찾자마자,올라가는 거지요",
      "feeling": null,
      "causalRelationship": null,
      "outcomeResolution": null,
      "prediction": null,
      "plotSummaryInfoCount": 1,
      "plotSummaryInfo": {
        "classification": "의사소통",
        "readAge": "유아",
        "form": "short-form",
        "plotSummaryText": "선녀는 자기 뜻과 상관없이 나무꾼과 살게 되었으니, 마음은 늘 부모님 계신 하늘나라에 있었을 겁니다.",
        "textWordEA": 14
      }
    },
    {
      "srcTextID": "96306",
      "srcText": "하늘나라에 살 자격을 얻게 되었으니 전화위복이었지요. 그렇게 행복하게 잘 살았다고 하면 될 것 같은데, 이야기는 나무꾼한테 또 한 번의 시험을 부여합니다. 지상에 내려가서 땅에 발을 디디지 않아야 한다는 것이었지요.",
      "srcPage": 36,
      "srcSentenceEA": 3,
      "srcWordEA": 31,
      "character": "나무꾼",
      "setting": "하늘나라,지상,땅",
      "action": "내려가서,땅에 발을 디디지 않아야 한다는 것",
      "feeling": "행복하게",
      "causalRelationship": null,
      "outcomeResolution": null,
      "prediction": null,
      "plotSummaryInfoCount": 1,
      "plotSummaryInfo": {
        "classification": "의사소통",
        "readAge": "유아",
        "form": "short-form",
        "plotSummaryText": "하늘나라에서 행복하게 잘 살았지만, 나무꾼에게 땅에 발을 디디지 않아야 한다는 또 한 번의 시험에 부딪힙니다.",
        "textWordEA": 15
      }
    },
    {
      "srcTextID": "96296",
      "srcText": "과거로 돌아갈 것인가, 미래로 나아갈 것인가. 과거에는 어머니가 있고 미래에는 아내와 자식이 있으니 참 어려운 선택이지요. 그 갈림길에서 나무꾼은 과거 쪽을 향합니다.",
      "srcPage": 38,
      "srcSentenceEA": 3,
      "srcWordEA": 24,
      "character": "어머니,아내,자식,나무꾼",
      "setting": null,
      "action": "향합니다",
      "feeling": null,
      "causalRelationship": null,
      "outcomeResolution": null,
      "prediction": null,
      "plotSummaryInfoCount": 1,
      "plotSummaryInfo": {
        "classification": "의사소통",
        "readAge": "유아",
        "form": "short-form",
        "plotSummaryText": "과거의 어머니와 미래의 아내와 자식 사이에서 나무꾼은 과거 쪽을 향합니다.",
        "textWordEA": 10
      }
    },
    {
      "srcTextID": "96268",
      "srcText": "옛날 깊은 산골에 나무꾼 총각이 살았어. 하루는 산에서 나무를 하는데 노루가 헐레벌떡 뛰어와 말했어. \"나무꾼님, 저 좀 숨겨 주세요. 사냥꾼이 쫓아와요.\"",
      "srcPage": 1,
      "srcSentenceEA": 4,
      "srcWordEA": 23,
      "character": "나무꾼 총각,나무,노루,사냥꾼",
      "setting": "옛날 깊은 산골에,하루",
      "action": "헐레벌떡 뛰어와,말했어,쫓아와요,살았어",
      "feeling": null,
      "causalRelationship": null,
      "outcomeResolution": null,
      "prediction": null,
      "plotSummaryInfoCount": 1,
      "plotSummaryInfo": {
        "classification": "의사소통",
        "readAge": "유아",
        "form": "long-form",
        "plotSummaryText": "옛날 깊은 산골에 사는 나무꾼에게 노루가 찾아와 사냥꾼이 쫓아온다며 숨겨 달라 말했습니다.",
        "textWordEA": 12
      }
    },
    {
      "srcTextID": "96298",
      "srcText": "그렇게 자식이 죽었으니 어머니 입장에서도 더 슬픈 일이 되겠지요. 이런 결말에는 다음과 같은 의미가 담겨 있는 것이라 생각해 봅니다. 때가 되면 자식은 부모를 떠나야 하고 부모는 그 자식을 의연히 놓아줄 수 있어야 한다고요. 그래야 세상은 돌고 돌아 새로워질 테니까요.",
      "srcPage": 40,
      "srcSentenceEA": 4,
      "srcWordEA": 42,
      "character": "자식,어머니,부모",
      "setting": null,
      "action": "생각해 봅니다,떠나야",
      "feeling": "슬픈",
      "causalRelationship": null,
      "outcomeResolution": null,
      "prediction": null,
      "plotSummaryInfoCount": 1,
      "plotSummaryInfo": {
        "classification": "의사소통",
        "readAge": "유아",
        "form": "long-form",
        "plotSummaryText": "때가 되면 자식은 부모를 떠나야 하고 부모는 그 자식을 의연히 놓아줄 수 있어야 세상은 돌고 돌아 새로워질 것입니다.",
        "textWordEA": 18
      }
    },
    {
      "srcTextID": "96269",
      "srcText": "\"저 연못에 선녀들이 내려와서 목욕을 할 거예요. 요기 숨어 있다가 막내 선녀의 날개옷을 감춰 두세요. 그러면 하늘로 오르지 못할 것이니, 같이 살면 날개옷을 준다고 하세요. 아이를 셋 낳을 때까지는 날개옷을 주면 절대 안 돼요.\"",
      "srcPage": 4,
      "srcSentenceEA": 4,
      "srcWordEA": 37,
      "character": "선녀들,막내 선녀,날개옷",
      "setting": "연못,하늘",
      "action": "내려와서,목욕을 할 거예요,요기 숨어 있다가",
      "feeling": null,
      "causalRelationship": null,
      "outcomeResolution": null,
      "prediction": "아이를 셋 낳을 때까지는 날개옷을 주면 절대 안 돼요.",
      "plotSummaryInfoCount": 1,
      "plotSummaryInfo": {
        "classification": "의사소통",
        "readAge": "유아",
        "form": "long-form",
        "plotSummaryText": "연못에 선녀들이 내려와 목욕을 할 때 막내 선녀의 날개옷을 감추고 아이를 셋 낳을 때까지 그녀의 날개옷을 주면 안 됩니다.",
        "textWordEA": 19
      }
    },
    {
      "srcTextID": "96271",
      "srcText": "나무꾼은 연못 옆에 숨었어. 그랬더니 정말 하늘에서 선녀 셋이 내려와 연못에서 목욕을 하지 않겠어? 나무꾼은 넋을 잃고 보다가 아차차! 하며 막내 선녀의 날개옷을 가져와 숨겼어.",
      "srcPage": 5,
      "srcSentenceEA": 4,
      "srcWordEA": 28,
      "character": "나무꾼,선녀,막내 선녀,날개옷",
      "setting": "연못,하늘",
      "action": "숨었어,내려와,목욕을 하지 않겠어,보다가,가져와,숨겼어",
      "feeling": null,
      "causalRelationship": null,
      "outcomeResolution": null,
      "prediction": null,
      "plotSummaryInfoCount": 1,
      "plotSummaryInfo": {
        "classification": "의사소통",
        "readAge": "유아",
        "form": "long-form",
        "plotSummaryText": "나무꾼이 연못 옆에 숨고 선녀들이 내려와 목욕하자 나무꾼은 막내 선녀의 날개옷을 가져와 숨겼습니다.",
        "textWordEA": 13
      }
    },
    {
      "srcTextID": "96290",
      "srcText": "선녀는 풀이 죽어 돌아오는 나무꾼에게 왜 그러는지 물었어. 나무꾼이 까마귀랑 검독수리한테 화살을 빼앗겼다고 했지. 선녀는 화살 주머니를 내주며 이러지.",
      "srcPage": 23,
      "srcSentenceEA": 3,
      "srcWordEA": 21,
      "character": "선녀,나무꾼,까마귀,검독수리,화살,화살 주머니",
      "setting": null,
      "action": "돌아오는,물었어,빼앗겼다고 했지,내주며",
      "feeling": "풀이 죽어",
      "causalRelationship": null,
      "outcomeResolution": null,
      "prediction": null,
      "plotSummaryInfoCount": 1,
      "plotSummaryInfo": {
        "classification": "의사소통",
        "readAge": "유아",
        "form": "short-form",
        "plotSummaryText": "나무꾼이 풀이 죽어 돌아오자, 선녀는 화살 주머니를 내어 주었습니다.",
        "textWordEA": 9
      }
    },
    {
      "srcTextID": "96289",
      "srcText": "\"이거 말인가요?\" 나무꾼은 그제야 검독수리가 선녀였다는 걸 알았어. 옥황상제는 화살을 받더니 칭찬을 하지. \"오, 재주가 참 좋구나. 너는 여기서 그냥 살아라.\"",
      "srcPage": 24,
      "srcSentenceEA": 5,
      "srcWordEA": 24,
      "character": "나무꾼,검독수리,선녀,옥황상제,화살",
      "setting": null,
      "action": "받더니,칭찬을 하지",
      "feeling": null,
      "causalRelationship": null,
      "outcomeResolution": null,
      "prediction": null,
      "plotSummaryInfoCount": 1,
      "plotSummaryInfo": {
        "classification": "의사소통",
        "readAge": "유아",
        "form": "long-form",
        "plotSummaryText": "검은독수리가 선녀라는 걸 나무꾼은 이제서야 알았고 옥황상제는 화살을 받으며 칭찬하였습니다.",
        "textWordEA": 10
      }
    },
    {
      "srcTextID": "96291",
      "srcText": "\"이 말을 타고 다녀오세요. 하지만 땅을 밟으면 다시는 돌아올 수 없으니 절대로 땅을 밟지 마세요.\" 나무꾼은 말을 타고 어머니 집으로 내려갔어.",
      "srcPage": 26,
      "srcSentenceEA": 3,
      "srcWordEA": 23,
      "character": "말,나무꾼",
      "setting": "땅,어머니 집",
      "action": "절대로 땅을 밟지 마세요,타고,내려갔어",
      "feeling": null,
      "causalRelationship": null,
      "outcomeResolution": null,
      "prediction": null,
      "plotSummaryInfoCount": 1,
      "plotSummaryInfo": {
        "classification": "의사소통",
        "readAge": "유아",
        "form": "short-form",
        "plotSummaryText": "말을 타고 어머니 집에 내려가서 땅을 밟으면 다시는 돌아올 수 없으니 절대 땅을 밟지 말라고 했습니다.",
        "textWordEA": 16
      }
    },
    {
      "srcTextID": "96294",
      "srcText": "어머니와 나무꾼은 눈물을 흘리며 기뻐했어. 곧 하늘로 올라가야 한다니 어머니가 안타까워 말했지. \"네가 좋아하는 호박죽이라도 먹고 가려무나.\"",
      "srcPage": 27,
      "srcSentenceEA": 3,
      "srcWordEA": 18,
      "character": "어머니,나무꾼,호박죽",
      "setting": "하늘",
      "action": "눈물을 흘리며 기뻐했어,말했지",
      "feeling": "안타까워,좋아하는",
      "causalRelationship": null,
      "outcomeResolution": null,
      "prediction": null,
      "plotSummaryInfoCount": 1,
      "plotSummaryInfo": {
        "classification": "의사소통",
        "readAge": "유아",
        "form": "short-form",
        "plotSummaryText": "어머니는 곧 하늘로 올라가야 한다는 나무꾼에게 호박죽이라도 먹고 가라고 했습니다.",
        "textWordEA": 10
      }
    },
    {
      "srcTextID": "96293",
      "srcText": "어머니는 급하게 호박죽을 끓여 내왔어. 나무꾼이 말 위에서 죽을 먹다가 그만 말 등에 흘리고 말았어. 화들짝 놀란 말이 날뛰자, 나무꾼은 땅에 내동댕이쳐졌지.",
      "srcPage": 28,
      "srcSentenceEA": 3,
      "srcWordEA": 24,
      "character": "어머니,호박죽,나무꾼,말",
      "setting": "땅",
      "action": "끓여 내왔어,먹다가,흘리고,날뛰자",
      "feeling": "화들짝 놀란",
      "causalRelationship": null,
      "outcomeResolution": null,
      "prediction": null,
      "plotSummaryInfoCount": 1,
      "plotSummaryInfo": {
        "classification": "의사소통",
        "readAge": "유아",
        "form": "short-form",
        "plotSummaryText": "어머니가 끓여온 호박죽을 말 위에서 먹다가 말 등에 흘리자 화들짝 놀란 말이 날뛰어 나무꾼은 땅에 내동댕이쳐졌습니다.",
        "textWordEA": 16
      }
    },
    {
      "srcTextID": "96305",
      "srcText": "저는 '선녀와 나무꾼'이라는 제목을 더 좋아한답니다. 이 이야기에는 여성들의 삶과 애환이 짙게 담겨 있고, 그래서 선녀 입장에서 이야기를 볼 때 더 애틋함이 느껴지거든요. 아마 나무꾼 입장에서는 날개옷을 찾은 선녀가 하늘로 훌쩍 떠나는 것이 이해가 되지 않을 거예요.",
      "srcPage": 31,
      "srcSentenceEA": 4,
      "srcWordEA": 40,
      "character": "선녀,나무꾼,날개옷",
      "setting": "하늘",
      "action": "볼 때",
      "feeling": "좋아한답니다,애환,애틋함",
      "causalRelationship": null,
      "outcomeResolution": null,
      "prediction": null,
      "plotSummaryInfoCount": 1,
      "plotSummaryInfo": {
        "classification": "의사소통",
        "readAge": "유아",
        "form": "long-form",
        "plotSummaryText": "여성들의 삶과 애환이 담겨 있는 선녀와 나무꾼은 선녀의 입장에서 이야기를 볼 때 더 애틋함이 느껴집니다.",
        "textWordEA": 15
      }
    },
    {
      "srcTextID": "96299",
      "srcText": "나무꾼은 불쌍한 노루를 구해 줄 정도로 착한 사람이니까 선녀한테도 꽤 잘해 주었을 것 같아요. 그렇게 오순도순 살면서 자식을 둘이나 낳았는데 어느 날 갑자기 말도 없이 하늘로 떠나가다니 당황할 만도 하지요. 하지만 선녀 입장에서 보면 그렇게 떠난 것이 당연한 일일지도 몰라요.",
      "srcPage": 32,
      "srcSentenceEA": 3,
      "srcWordEA": 42,
      "character": "나무꾼,노루,선녀,자식",
      "setting": "하늘",
      "action": "살면서,낳았는데",
      "feeling": "당황할 만도",
      "causalRelationship": null,
      "outcomeResolution": null,
      "prediction": null,
      "plotSummaryInfoCount": 1,
      "plotSummaryInfo": {
        "classification": "의사소통",
        "readAge": "유아",
        "form": "short-form",
        "plotSummaryText": "나무꾼은 선녀한테도 잘해 주었을 테지만, 선녀 입장에서 보면 갑자기 말도 없이 하늘로 떠난 것이 당연한 일일지도 모릅니다.",
        "textWordEA": 17
      }
    },
    {
      "srcTextID": "96303",
      "srcText": "원래 뭐든 기회는 한 번 더 주어지는 법이지요. 그 기회를 잘 잡아서 나무꾼은 하늘에 오릅니다. 그리고 하늘까지 자기를 찾아온 남편을 고맙게 여겨서 적극 도와준 선녀 아내 덕분에 나무꾼은 옥황상제와 내기를 해서 이깁니다.",
      "srcPage": 35,
      "srcSentenceEA": 3,
      "srcWordEA": 34,
      "character": "나무꾼,남편,선녀 아내,옥황상제",
      "setting": "하늘",
      "action": "그 기회를 잘 잡아서,하늘에 오릅니다",
      "feeling": "고맙게 여겨서",
      "causalRelationship": null,
      "outcomeResolution": null,
      "prediction": null,
      "plotSummaryInfoCount": 1,
      "plotSummaryInfo": {
        "classification": "의사소통",
        "readAge": "유아",
        "form": "short-form",
        "plotSummaryText": "기회를 잘 잡아 하늘에 오른 나무꾼은 선녀 아내 덕분에 옥황상제와 내기를 해서 이깁니다.",
        "textWordEA": 13
      }
    },
    {
      "srcTextID": "96304",
      "srcText": "이 시험이 뜻하는 건 무엇일까요? 여기서 땅은 나무꾼이 살았던 '과거'를 뜻하는 것이라 볼 수 있습니다. 땅에 내리는 순간 나무꾼은 다시 과거에 발목 잡혀서 주저앉게 되지요.",
      "srcPage": 37,
      "srcSentenceEA": 4,
      "srcWordEA": 28,
      "character": "나무꾼",
      "setting": "땅",
      "action": "내리는 순간,주저앉게 되지요",
      "feeling": null,
      "causalRelationship": null,
      "outcomeResolution": null,
      "prediction": null,
      "plotSummaryInfoCount": 1,
      "plotSummaryInfo": {
        "classification": "의사소통",
        "readAge": "유아",
        "form": "long-form",
        "plotSummaryText": "나무꾼이 땅에 내리는 순간 다시 과거에 발목 잡혀서 주저앉게 되었습니다.",
        "textWordEA": 10
      }
    },
    {
      "srcTextID": "96286",
      "srcText": "며칠이 지났어. 옥황상제는 활을 세 번 쏘더니 화살을 찾아오라지. 화살이 어디 떨어졌는지 알 수가 없으니, 나무꾼은 선녀한테 와서 야단났다고 걱정걱정했어.",
      "srcPage": 19,
      "srcSentenceEA": 3,
      "srcWordEA": 22,
      "character": "옥황상제,활,화살,나무꾼,선녀",
      "setting": "며칠이 지났어.",
      "action": "쏘더니,찾아오라지,와서",
      "feeling": "걱정걱정했어",
      "causalRelationship": null,
      "outcomeResolution": null,
      "prediction": null,
      "plotSummaryInfoCount": 1,
      "plotSummaryInfo": {
        "classification": "의사소통",
        "readAge": "유아",
        "form": "short-form",
        "plotSummaryText": "옥황상제가 활을 세 번 쏘고 화살을 찾아오라고 하자, 나무꾼은 선녀에게 떨어진 곳을 알 수가 없어 야단났다며 걱정했습니다.",
        "textWordEA": 17
      }
    },
    {
      "srcTextID": "96275",
      "srcText": "\"이걸 심어서 넝쿨이 하늘에 닿으면 타고 올라가세요. 올라갈 때 아래를 보면 떨어지니까 조심하세요.\" 나무꾼은 박 씨를 심어서 넝쿨을 타고 오르다가 아래를 봤어.",
      "srcPage": 10,
      "srcSentenceEA": 3,
      "srcWordEA": 24,
      "character": "넝쿨,나무꾼,박 씨",
      "setting": null,
      "action": "심어서,넝쿨을 타고 오르다가,아래를 봤어",
      "feeling": null,
      "causalRelationship": null,
      "outcomeResolution": null,
      "prediction": null,
      "plotSummaryInfoCount": 1,
      "plotSummaryInfo": {
        "classification": "의사소통",
        "readAge": "유아",
        "form": "short-form",
        "plotSummaryText": "박 씨를 심어 넝쿨을 타고 올라가다 아래를 보면 떨어지니 조심하라는 말을 나무꾼에게 하였지만 나무꾼은 아래를 보고야 말았습니다.",
        "textWordEA": 17
      }
    },
    {
      "srcTextID": "96278",
      "srcText": "나무꾼이 하늘에 닿으니 버드나무 아래 놀고 있던 아들이 소리쳤어. \"아버지 오신다!\" 아들은 아버지 손을 잡고 어머니한테 갔어. \"당신이 여길 오시다니요!\" 깜짝 놀란 선녀는 밥하다가 나와서는 나무꾼을 끌고 얼른 방 안으로 들어갔어.",
      "srcPage": 12,
      "srcSentenceEA": 5,
      "srcWordEA": 33,
      "character": "나무꾼,버드나무,아들,아버지,어머니,선녀",
      "setting": "하늘,방,버드나무 아래",
      "action": "닿으니,놀고 있던,소리쳤어,손을 잡고,갔어,밥하다가 나와서는,끌고,들어갔어",
      "feeling": "깜짝 놀란",
      "causalRelationship": null,
      "outcomeResolution": null,
      "prediction": null,
      "plotSummaryInfoCount": 1,
      "plotSummaryInfo": {
        "classification": "의사소통",
        "readAge": "유아",
        "form": "long-form",
        "plotSummaryText": "나무꾼이 하늘에 닿자, 버드나무 아래 놀던 아들이 아버지 오신다며 소리치며 어머니한테 가자, 선녀는 놀라 나무꾼을 끌고 방 안으로 들어갔습니다.",
        "textWordEA": 19
      }
    },
    {
      "srcTextID": "96280",
      "srcText": "\"그러면 그 수탉더러 '아버님, 왜 남의 집 수탉이 돼 있습니까?' 하고 말하세요.\" 선녀가 시킨 대로 했더니 수탉은 옥황상제가 되어 말했어. \"야, 네가 아주 재주가 좋구나.\"",
      "srcPage": 15,
      "srcSentenceEA": 5,
      "srcWordEA": 27,
      "character": "수탉,아버님,선녀,옥황상제",
      "setting": "남의 집",
      "action": "시킨 대로 했더니,말했어",
      "feeling": "재주가 좋구나",
      "causalRelationship": null,
      "outcomeResolution": null,
      "prediction": null,
      "plotSummaryInfoCount": 1,
      "plotSummaryInfo": {
        "classification": "의사소통",
        "readAge": "유아",
        "form": "long-form",
        "plotSummaryText": "선녀가 시킨 대로 수탉에게 아버님이라 하니 수탉은 옥황상제가 되어 네가 재주가 아주 좋다고 이야기했습니다.",
        "textWordEA": 14
      }
    },
    {
      "srcTextID": "96284",
      "srcText": "닷새쯤 지나서 옥황상제가 나무꾼한테 숨어 보래. 나무꾼은 걱정을 하다가 선녀한테 방법을 물었어. \"아무 데나 숨으면 내가 당신 머리 양쪽에다 실꾸리를 달아 놓을게요.\"",
      "srcPage": 16,
      "srcSentenceEA": 3,
      "srcWordEA": 23,
      "character": "옥황상제,나무꾼,선녀,실꾸리",
      "setting": null,
      "action": "방법을 물었어",
      "feeling": "걱정을 하다가",
      "causalRelationship": null,
      "outcomeResolution": null,
      "prediction": null,
      "plotSummaryInfoCount": 1,
      "plotSummaryInfo": {
        "classification": "의사소통",
        "readAge": "유아",
        "form": "short-form",
        "plotSummaryText": "닷새쯤 지나자, 옥황상제는 나무꾼에게 숨으라 하고, 나무꾼은 선녀에게 방법을 물었습니다.",
        "textWordEA": 10
      }
    },
    {
      "srcTextID": "96267",
      "srcText": "나무꾼은 노루를 나무로 덮어 숨겼어. 곧바로 사냥꾼이 달려와 물었지. \"혹시 이리로 노루가 오지 않았소?\" 저쪽으로 가더라고 하니까 사냥꾼은 그냥 돌아갔어.",
      "srcPage": 2,
      "srcSentenceEA": 4,
      "srcWordEA": 22,
      "character": "나무꾼,노루,나무,사냥꾼",
      "setting": null,
      "action": "덮어 숨겼어,돌아갔어,달려와 물었지",
      "feeling": null,
      "causalRelationship": null,
      "outcomeResolution": null,
      "prediction": null,
      "plotSummaryInfoCount": 1,
      "plotSummaryInfo": {
        "classification": "의사소통",
        "readAge": "유아",
        "form": "long-form",
        "plotSummaryText": "나무꾼은 노루를 숨겨주고 사냥꾼에게 저쪽으로 가더라고 이야기하자 사냥꾼은 그냥 돌아갔습니다.",
        "textWordEA": 10
      }
    },
    {
      "srcTextID": "96270",
      "srcText": "사냥꾼이 멀리 가니까 노루가 꾸벅 절하며 말해. \"덕분에 살았어요. 은혜를 갚고 싶으니, 저를 따라오세요.\" 노루를 따라갔더니 깊은 산골짜기에 연못이 있지.",
      "srcPage": 3,
      "srcSentenceEA": 4,
      "srcWordEA": 22,
      "character": "사냥꾼,노루",
      "setting": "산골짜기,연못",
      "action": "꾸벅 절하며,말해,따라갔더니,멀리 가니까,덕분에 살았어요,은혜를 갚고 싶으니",
      "feeling": null,
      "causalRelationship": null,
      "outcomeResolution": null,
      "prediction": null,
      "plotSummaryInfoCount": 1,
      "plotSummaryInfo": {
        "classification": "의사소통",
        "readAge": "유아",
        "form": "long-form",
        "plotSummaryText": "사냥꾼이 멀리 가자, 노루는 은혜를 갚겠다며 깊은 산골짜기로 자기를 따라오라고 했습니다.",
        "textWordEA": 11
      }
    },
    {
      "srcTextID": "96272",
      "srcText": "선녀들이 목욕을 다 하고 날개옷을 입는데 막내 선녀만 발을 동동 구르며 어쩔 줄을 몰랐어. 다른 선녀들은 하늘로 올라갔어. 그때 나무꾼이 다가가 이러지. \"나랑 살면 날개옷을 주겠소.\" 선녀는 할 수 없이 같이 살겠다고 했어.",
      "srcPage": 6,
      "srcSentenceEA": 5,
      "srcWordEA": 36,
      "character": "선녀들,날개옷,막내 선녀,나무꾼",
      "setting": "연못,하늘로",
      "action": "목욕을 다 하고,날개옷을 입는데,발을 동동 구르며,하늘로 올라갔어,나무꾼이 다가가",
      "feeling": "어쩔 줄을 몰랐어",
      "causalRelationship": null,
      "outcomeResolution": "나랑 살면 날개옷을 주겠소.",
      "prediction": null,
      "plotSummaryInfoCount": 1,
      "plotSummaryInfo": {
        "classification": "의사소통",
        "readAge": "유아",
        "form": "long-form",
        "plotSummaryText": "다른 선녀들은 목욕 다 하고 하늘로 올라갔고, 막내 선녀는 나무꾼이 자기와 살면 날개옷을 준다고 해서 할 수 없이 같이 살겠다고 했습니다.",
        "textWordEA": 21
      }
    },
    {
      "srcTextID": "96273",
      "srcText": "나무꾼은 선녀와 살면서 아들 둘을 낳았어. 어느 날 선녀가 말했지. \"내가 당신과 산 지도 벌써 몇 년인데 이제 날개옷을 주세요.\" 나무꾼은 아들을 둘이나 낳았으니 괜찮겠지 하며 날개옷을 내줬어.",
      "srcPage": 7,
      "srcSentenceEA": 4,
      "srcWordEA": 30,
      "character": "나무꾼,선녀,아들,당신,날개옷",
      "setting": "당신과 산 지도 벌써 몇 년",
      "action": "살면서,낳았어,말했지,내줬어",
      "feeling": null,
      "causalRelationship": "나무꾼은 아들을 둘이나 낳았으니 괜찮겠지 하며 날개옷을 내줬어.",
      "outcomeResolution": null,
      "prediction": null,
      "plotSummaryInfoCount": 1,
      "plotSummaryInfo": {
        "classification": "의사소통",
        "readAge": "유아",
        "form": "long-form",
        "plotSummaryText": "선녀는 나무꾼에게 당신과 살면서 아들 둘을 낳았으니, 날개옷을 달라는 말에 나무꾼은 괜찮을 거라고 생각하며 선녀에게 날개옷을 내주었습니다.",
        "textWordEA": 17
      }
    },
    {
      "srcTextID": "96274",
      "srcText": "그날 나무꾼이 낮잠을 자다가 깨어 보니 살던 집도 흩어지고 선녀가 날개옷을 입고 아들 둘을 양쪽에 하나씩 끼고 하늘로 올라가지 않겠어? \"여보, 어디 가오?\" 나무꾼은 망연자실하여 구슬피 울었어.",
      "srcPage": 8,
      "srcSentenceEA": 3,
      "srcWordEA": 28,
      "character": "나무꾼,선녀,날개옷,아들,여보",
      "setting": "그날,낮잠을 자다가 깨어 보니",
      "action": "살던 집도 흩어지고,날개옷을 입고,양쪽에 하나씩 끼고,구슬피 울었어",
      "feeling": "망연자실",
      "causalRelationship": null,
      "outcomeResolution": null,
      "prediction": null,
      "plotSummaryInfoCount": 1,
      "plotSummaryInfo": {
        "classification": "의사소통",
        "readAge": "유아",
        "form": "short-form",
        "plotSummaryText": "나무꾼이 낮잠을 자고 깨어보니 선녀가 날개옷을 입고 아들 둘을 양쪽에 하나씩 끼고 하늘로 올라가자, 나무꾼은 망연자실 울었습니다.",
        "textWordEA": 17
      }
    },
    {
      "srcTextID": "96277",
      "srcText": "그러자 노루가 와서 이러지. \"그러게 아이 셋을 낳은 다음에 날개옷을 주라고 했잖아요.\" 노루는 하염없이 울고 있는 나무꾼에게 박 씨를 주면서 이래.",
      "srcPage": 9,
      "srcSentenceEA": 3,
      "srcWordEA": 22,
      "character": "노루,날개옷,나무꾼,박 씨",
      "setting": null,
      "action": "하염없이 울고 있는,박 씨를 주면서",
      "feeling": null,
      "causalRelationship": null,
      "outcomeResolution": null,
      "prediction": null,
      "plotSummaryInfoCount": 1,
      "plotSummaryInfo": {
        "classification": "의사소통",
        "readAge": "유아",
        "form": "short-form",
        "plotSummaryText": "노루가 와서 하염없이 울고 있는 나무꾼에게 아이 셋을 낳은 다음 날개옷을 줬어야 한다고 이야기했습니다.",
        "textWordEA": 14
      }
    }
  ]
}