{
  "title": "신기한 그림",
  "author": "이미애",
  "illustrator": "조예정",
  "isbn": "9791157987481",
  "publishedYear": 2019,
  "publisher": "세이펜북스",
  "paragraphInfoCount": 20,
  "paragraphInfo": [
    {
      "srcTextID": "125127",
      "srcText": "스님은 붓에 푸른 물감을 듬뿍 찍었지. 붓을 몇 번 척척 휘두르자 종이 위에 푸른 바다가 출렁였어. 스님은 파도 위에 작은 배를 한 척 그려 넣었어.",
      "srcPage": 18,
      "srcSentenceEA": 3,
      "srcWordEA": 27,
      "character": "스님",
      "setting": null,
      "action": "찍었지,휘두르자,출렁였어,그려 넣었어",
      "feeling": null,
      "causalRelationship": "붓을 몇 번 척척 휘두르자 종이 위에 푸른 바다가 출렁였어",
      "outcomeResolution": null,
      "prediction": null,
      "plotSummaryInfoCount": 1,
      "plotSummaryInfo": {
        "classification": "의사소통",
        "readAge": "유아",
        "form": "short-form",
        "plotSummaryText": "붓에 푸른 물감을 듬뿍 찍은 스님이 붓을 몇 번 척척 휘둘러 종이 위에 출렁이는 푸른 바다와  파도 위에 작은 배를 한 척 그려 넣었다.",
        "textWordEA": 25
      }
    },
    {
      "srcTextID": "125115",
      "srcText": "스님은 선비의 마음이 고마웠어. “자네 마음 잘 알겠네. 내 가기 전에 그림이나 한 장 그려 줌세.” 스님은 봇짐에서 빈 두루마리를 꺼내 펼쳤어. 그러고는 붓을 이리 휘익 저리 휘익, 장닭 한 마리를 쓱쓱 그려 주며 말했어. “이 닭 한 마리면 일생 굶지는 않을 걸세.”",
      "srcPage": 5,
      "srcSentenceEA": 6,
      "srcWordEA": 46,
      "character": "스님,선비",
      "setting": null,
      "action": "그려 줌세,꺼내,펼쳤어,그려 주며,말했어",
      "feeling": "고마웠어",
      "causalRelationship": null,
      "outcomeResolution": null,
      "prediction": null,
      "plotSummaryInfoCount": 1,
      "plotSummaryInfo": {
        "classification": "의사소통",
        "readAge": "유아",
        "form": "long-form",
        "plotSummaryText": "선비의 마음이 고마웠던 스님이 자네 마음은 잘 알겠다며 봇짐에서 빈 두루마리를 꺼내 펼쳐 붓으로 장닭 한 마리를 쓱쓱 그려 주며 이 닭 한 마리면 일생 굶지는 않을 거라 말했습니다.",
        "textWordEA": 29
      }
    },
    {
      "srcTextID": "125118",
      "srcText": "아내도 낯빛이 환해졌어. 하지만 아내는 궁금해 죽을 지경이었어. ‘대체 서방님은 밖에 나가지도 않으면서 매일 쌀을 어떻게 구해 올까?’ 몇 번을 물어봐도 선비는 알려 주지 않았어.",
      "srcPage": 8,
      "srcSentenceEA": 4,
      "srcWordEA": 28,
      "character": "아내,서방님,선비",
      "setting": null,
      "action": "나가지도,구해 올까,물어봐도",
      "feeling": null,
      "causalRelationship": null,
      "outcomeResolution": null,
      "prediction": null,
      "plotSummaryInfoCount": 1,
      "plotSummaryInfo": {
        "classification": "의사소통",
        "readAge": "유아",
        "form": "long-form",
        "plotSummaryText": "낯빛이 환해졌던 아내는 대체 밖에 나가지도 않는 서방님이 어떻게 매일 쌀을 구해 오는지 궁금해 죽을 지경이어서 몇 번을 물어봤지만 선비는 알려 주지 않았습니다.",
        "textWordEA": 23
      }
    },
    {
      "srcTextID": "125122",
      "srcText": "바로 그때 대궐 곳간에서는 쌀가마니들이 폭삭 주저앉았어. 매일 세 뚝배기씩 빠져나갈 때는 표가 나지 않았는데 말이지. 그 바람에 대궐이 발칵 뒤집혔지.",
      "srcPage": 12,
      "srcSentenceEA": 3,
      "srcWordEA": 23,
      "character": "대궐",
      "setting": "대궐 곳간",
      "action": "주저앉았어,빠져나갈,뒤집혔지",
      "feeling": null,
      "causalRelationship": null,
      "outcomeResolution": "그 바람에 대궐이 발칵 뒤집혔지",
      "prediction": null,
      "plotSummaryInfoCount": 1,
      "plotSummaryInfo": {
        "classification": "의사소통",
        "readAge": "유아",
        "form": "short-form",
        "plotSummaryText": "매일 세 뚝배기씩 빠져나갈 때는 표가 나지 않았는데 대궐 곳간의 쌀가마니들이 폭삭 주저앉자, 대궐이 발칵 뒤집혔습니다.",
        "textWordEA": 16
      }
    },
    {
      "srcTextID": "125126",
      "srcText": "사람들은 모이기만 하면 입방아를 찧었어. “선비가 대궐의 쌀을 훔치다니 간도 크지.” “그런데 그림에서 쌀이 나온다고 거짓말까지 한다지?”",
      "srcPage": 15,
      "srcSentenceEA": 3,
      "srcWordEA": 17,
      "character": "사람들",
      "setting": null,
      "action": "모이기만,입방아를 찧었어,훔치다니,나온다고,거짓말까지 한다지",
      "feeling": null,
      "causalRelationship": null,
      "outcomeResolution": null,
      "prediction": null,
      "plotSummaryInfoCount": 1,
      "plotSummaryInfo": {
        "classification": "의사소통",
        "readAge": "유아",
        "form": "short-form",
        "plotSummaryText": "사람들은 모이기만 하면 선비가 대궐의 쌀을 훔치다니 간도 크다며 그림에서 쌀이 나온다고 거짓말한다고 입방아를 찍었습니다.",
        "textWordEA": 15
      }
    },
    {
      "srcTextID": "125111",
      "srcText": "옛날 낡아 빠진 집에 찢어지게 가난하게 사는 선비가 있었어. 아이들은 배고프다 앙앙 울어, 아내는 기운 없다 누워 있어, 참 기가 막히지. 어느 날 어릴 적 친하던 친구가 찾아왔어. 친구는 스님이 되어 세상을 떠돌고 있었어. 이 선비 맘씨가 착해서 맨발로 펄쩍 달려 나가 반가이 맞았어.",
      "srcPage": 1,
      "srcSentenceEA": 5,
      "srcWordEA": 48,
      "character": "선비,아이들,아내,친구,스님",
      "setting": null,
      "action": "배고프다,울어,누워 있어,찾아왔어,떠돌고 있었어,맞았어",
      "feeling": "기운 없다,반가이",
      "causalRelationship": null,
      "outcomeResolution": null,
      "prediction": null,
      "plotSummaryInfoCount": 1,
      "plotSummaryInfo": {
        "classification": "의사소통",
        "readAge": "유아",
        "form": "long-form",
        "plotSummaryText": "찢어지게 가난하게 사는 선비 집에 어릴 적 친하던 친구가 스님이 되어 세상을 떠돌다 찾아왔는데 마음이 착한 선비가 맨발로 펄쩍 달려 나가 반가이 맞았습니다.",
        "textWordEA": 23
      }
    },
    {
      "srcTextID": "125113",
      "srcText": " 안에서 가만히 듣고 난 스님은 선비네 집 딱한 속사정을 알게 되었지. 스님은 봇짐을 주섬주섬 챙겨 들었어. “이보게, 갈 길이 바쁘니 난 이만 가 보겠네.”",
      "srcPage": 3,
      "srcSentenceEA": 3,
      "srcWordEA": 26,
      "character": "스님,선비",
      "setting": "안",
      "action": "듣고,챙겨 들었어,가 보겠네",
      "feeling": null,
      "causalRelationship": "안에서 가만히 듣고 난 스님은 선비네 집 딱한 속사정을 알게 되었지",
      "outcomeResolution": null,
      "prediction": null,
      "plotSummaryInfoCount": 1,
      "plotSummaryInfo": {
        "classification": "의사소통",
        "readAge": "유아",
        "form": "short-form",
        "plotSummaryText": "안에서 가만히 듣고 선비네 집 딱한 속사정을 알게 된 스님이 갈 길이 바빠 이만 가보겠다 말하며 봇짐을 챙겨 들었습니다.",
        "textWordEA": 19
      }
    },
    {
      "srcTextID": "125116",
      "srcText": "스님은 나무 꼬챙이를 척 꺼내면서 말했어. “뚝배기 하나 가져오게.” 스님은 선비가 가져다준 뚝배기를 닭 주둥이 밑에 놓고는 꼬챙이로 닭 부리를 톡톡 두드렸어. 그러자 닭 부리에서 쌀이 졸졸 흘러나와 뚝배기를 그득 채우잖아? 선비는 눈이 휘둥그레졌지.",
      "srcPage": 6,
      "srcSentenceEA": 5,
      "srcWordEA": 37,
      "character": "스님,선비",
      "setting": null,
      "action": "꺼내면서,말했어,가져오게,가져다준,두드렸어,흘러나와",
      "feeling": "눈이 휘둥그레졌지",
      "causalRelationship": null,
      "outcomeResolution": null,
      "prediction": null,
      "plotSummaryInfoCount": 1,
      "plotSummaryInfo": {
        "classification": "의사소통",
        "readAge": "유아",
        "form": "long-form",
        "plotSummaryText": "나무 꼬챙이를 꺼낸 스님이 선비에게  뚝배기 하나 가져오라더니 닭 주둥이 밑에 놓고는 꼬챙이로 닭 부리를 톡톡 두드리자, 닭 부리에서 쌀이 졸졸 흘러나와 뚝배기를 그득 채우는 걸 본 선비의 눈이 휘둥그레졌다.",
        "textWordEA": 31
      }
    },
    {
      "srcTextID": "125119",
      "srcText": "그런데 벽장 속에 웬 닭 그림이 걸려 있는 거야. 그 아래엔 뚝배기와 꼬챙이가 되똑 놓여 있어. “이게 다 뭐람.” 아내는 꼬챙이로 그림을 이리저리 두드려 보았어. 무심코 닭 주둥이를 톡톡 두드리자 쌀이 졸졸 흘러나오지 뭐야.",
      "srcPage": 10,
      "srcSentenceEA": 5,
      "srcWordEA": 37,
      "character": "닭 그림,아내",
      "setting": "벽장 속",
      "action": "걸려 있는 거야,두드려 보았어,두드리자,흘러나오지 뭐야",
      "feeling": null,
      "causalRelationship": null,
      "outcomeResolution": null,
      "prediction": null,
      "plotSummaryInfoCount": 1,
      "plotSummaryInfo": {
        "classification": "의사소통",
        "readAge": "유아",
        "form": "long-form",
        "plotSummaryText": "벽장 속에 걸려 있는 닭 그림과 그 아래에 놓여 있는  뚝배기와 꼬챙이를 본 아내가 꼬챙이로 그림을 이리저리 두드려 보다 무심코 닭 주둥이를 톡톡 두드리자 쌀이 졸졸 흘러나왔다.",
        "textWordEA": 28
      }
    },
    {
      "srcTextID": "125123",
      "srcText": "“저기 쌀이 떨어져 있다.” 떨어진 쌀은 곳간 밖으로 줄줄이 이어졌어. 포졸들은 쌀을 졸졸 따라갔어.",
      "srcPage": 13,
      "srcSentenceEA": 3,
      "srcWordEA": 16,
      "character": "포졸들",
      "setting": "곳간 밖",
      "action": "떨어져 있다,떨어진,이어졌어,따라갔어",
      "feeling": null,
      "causalRelationship": null,
      "outcomeResolution": null,
      "prediction": null,
      "plotSummaryInfoCount": 1,
      "plotSummaryInfo": {
        "classification": "의사소통",
        "readAge": "유아",
        "form": "short-form",
        "plotSummaryText": "떨어진 쌀이 곳간 밖으로 줄줄이 이어진 것을 본 포졸들이 쌀을 졸졸 따라갔습니다.",
        "textWordEA": 12
      }
    },
    {
      "srcTextID": "125112",
      "srcText": "마루 밑 생쥐도 쫄쫄 굶는 마당에 손님이 오니 아내는 큰 걱정이었어. 볼일 급한 스님은 급한 대로 선비의 신을 신고 뒷간에 갔어. 신이 안 보이자 아내는 남편이 뒷간에 간 줄 알았어. 그래 뒷간 앞에 가서 걱정을 한보따리 늘어놓았지. “휴우, 집구석 탈탈 털어봐야 생쥐 먹을 쌀 한 톨도 없는데 손님상을 어찌 차려요.”",
      "srcPage": 2,
      "srcSentenceEA": 5,
      "srcWordEA": 53,
      "character": "생쥐,스님,선비,남편,아내",
      "setting": "마루 밑,뒷간",
      "action": "갔어,신고,보이자,간 줄 알았어,걱정을 한보따리 늘어놓았지,털어봐야,차려요",
      "feeling": null,
      "causalRelationship": "마루 밑 생쥐도 쫄쫄 굶는 마당에 손님이 오니 아내는 큰 걱정이었어",
      "outcomeResolution": null,
      "prediction": null,
      "plotSummaryInfoCount": 1,
      "plotSummaryInfo": {
        "classification": "의사소통",
        "readAge": "유아",
        "form": "long-form",
        "plotSummaryText": "마루 밑 생쥐도 쫄쫄 굶는 마당에 손님이 오니 걱정이 컸던 아내가 선비의 신이 안 보이자, 남편이 뒷간에 간 줄 알고 뒷간 앞에 가서 집구석을 털어봐도 생쥐 먹을 쌀 한 톨도 없는데 손님상을 어찌 차리냐 걱정을 한 보따리 늘어놓았습니다.",
        "textWordEA": 38
      }
    },
    {
      "srcTextID": "125117",
      "srcText": "그 뒤 선비 가족은 굶을 일이 없었어. 선비가 끼니때마다 쌀을 한 뚝배기씩 아내에게 건넸거든. 아이들은 포동포동 살이 올랐어.",
      "srcPage": 7,
      "srcSentenceEA": 3,
      "srcWordEA": 20,
      "character": "선비,아내,아이들",
      "setting": null,
      "action": "굶을,건넸거든,살이 올랐어",
      "feeling": null,
      "causalRelationship": null,
      "outcomeResolution": null,
      "prediction": null,
      "plotSummaryInfoCount": 1,
      "plotSummaryInfo": {
        "classification": "의사소통",
        "readAge": "유아",
        "form": "short-form",
        "plotSummaryText": "끼니때마다 쌀을 한 뚝배기씩 아내에게 건넨 선비 가족은 굶을 일이 없어져 아이들도 포동포동 살이 올랐습니다.",
        "textWordEA": 15
      }
    },
    {
      "srcTextID": "125120",
      "srcText": "어느 날 선비가 산 너머 잔칫집에 갔어. 아내는 이때다 하고 방 안을 샅샅이 뒤졌어. 그러다 벽장문도 열어 보았겠지.",
      "srcPage": 9,
      "srcSentenceEA": 3,
      "srcWordEA": 20,
      "character": "선비,아내",
      "setting": "산 너머 잔칫집,방 안",
      "action": "갔어,뒤졌어,열어 보았겠지",
      "feeling": null,
      "causalRelationship": null,
      "outcomeResolution": null,
      "prediction": null,
      "plotSummaryInfoCount": 1,
      "plotSummaryInfo": {
        "classification": "의사소통",
        "readAge": "유아",
        "form": "short-form",
        "plotSummaryText": "어느 날 선비가 산 너머 잔칫집에 가자, 이때다 하고 방 안을 샅샅이 뒤졌던 아내가 벽장문을 열어 보았습니다.",
        "textWordEA": 17
      }
    },
    {
      "srcTextID": "125121",
      "srcText": "“그림에서 쌀이 나오네!” 아내는 신기해서 자꾸자꾸 두드렸어. 닭 부리에서 흘러나온 쌀이 벽장을 채우고 방 안을 채우고 마당까지 넘쳤어.",
      "srcPage": 11,
      "srcSentenceEA": 3,
      "srcWordEA": 20,
      "character": "아내",
      "setting": null,
      "action": "나오네,두드렸어,흘러나온,채우고,넘쳤어",
      "feeling": "신기해서",
      "causalRelationship": null,
      "outcomeResolution": null,
      "prediction": null,
      "plotSummaryInfoCount": 1,
      "plotSummaryInfo": {
        "classification": "의사소통",
        "readAge": "유아",
        "form": "short-form",
        "plotSummaryText": "그림에서 쌀이 나오는 것이 신기했던 아내가 자꾸두드리자, 닭 부리에서 흘러나온 쌀이 벽장과 방 안을 채우고 마당까지 넘쳤다.",
        "textWordEA": 17
      }
    },
    {
      "srcTextID": "125124",
      "srcText": "“저쪽이다, 저쪽으로 간다. 따라잡아라.” 쌀 줄은 대궐을 지나 성곽을 돌아 선비네 집까지 이어졌지. 마침 선비가 털레털레 돌아오다가 집 앞에서 잡혀갔어.",
      "srcPage": 14,
      "srcSentenceEA": 4,
      "srcWordEA": 23,
      "character": "선비",
      "setting": "집 앞",
      "action": "따라잡아라,지나,돌아,이어졌지,돌아오다가,잡혀갔어",
      "feeling": null,
      "causalRelationship": null,
      "outcomeResolution": null,
      "prediction": null,
      "plotSummaryInfoCount": 1,
      "plotSummaryInfo": {
        "classification": "의사소통",
        "readAge": "유아",
        "form": "long-form",
        "plotSummaryText": "대궐을 지나고 성곽을 돌아 선비네 집까지 이어진 쌀 줄을 때문에  털레털레 돌아오던 선비가 집 앞에서 잡혀갔다.",
        "textWordEA": 17
      }
    },
    {
      "srcTextID": "125125",
      "srcText": "마침내 스님도 소문을 들었어. 스님은 그길로 대궐로 달려갔어. “모든 게 제 잘못입니다. 제가 그려 준 요술 그림 때문이니 선비를 풀어 주고 대신 저를 죽이십시오.”",
      "srcPage": 16,
      "srcSentenceEA": 4,
      "srcWordEA": 26,
      "character": "스님,선비",
      "setting": "대궐",
      "action": "소문을 들었어,달려갔어,그려 준,풀어 주고,죽이십시오",
      "feeling": null,
      "causalRelationship": null,
      "outcomeResolution": "제가 그려 준 요술 그림 때문이니 선비를 풀어 주고 대신 저를 죽이십시오",
      "prediction": null,
      "plotSummaryInfoCount": 1,
      "plotSummaryInfo": {
        "classification": "의사소통",
        "readAge": "유아",
        "form": "long-form",
        "plotSummaryText": "소문을 듣고 그길로 대궐로 달려간 스님이 모든 게 제가 그려 준 요술 그림 때문이니 선비를 풀어 주고 대신 저를 죽이라고 말했다.",
        "textWordEA": 21
      }
    },
    {
      "srcTextID": "125128",
      "srcText": "임금은 선비를 풀어주더니 스님을 비웃으며 말했어. “네가 그리 그림을 잘 그린단 말이냐? 그럼 죽기 전에 한 장 그려 보아라.” 스님 앞에 종이와 붓과 물감이 놓였어.",
      "srcPage": 17,
      "srcSentenceEA": 4,
      "srcWordEA": 27,
      "character": "임금,선비,스님",
      "setting": null,
      "action": "풀어주더니,비웃으며,말했어,잘 그린단 말이냐,죽기,그려 보아라",
      "feeling": null,
      "causalRelationship": null,
      "outcomeResolution": null,
      "prediction": null,
      "plotSummaryInfoCount": 1,
      "plotSummaryInfo": {
        "classification": "의사소통",
        "readAge": "유아",
        "form": "long-form",
        "plotSummaryText": "선비를 풀어준 임금이 비웃으며 네가 그리 그림을 잘 그린다면 죽기 전에 한 장 그려 보라며 스님 앞에 종이와 붓과 물감을 놓았습니다.",
        "textWordEA": 21
      }
    },
    {
      "srcTextID": "125130",
      "srcText": "스님은 붓을 딱 내려놓고 말했어. “임금님, 이 배를 타 보시렵니까?” “허허, 그림 속 배를 어찌 탄단 말이냐. 너나 타 보아라.” “그럼 제가 타겠습니다.” 스님은 선뜻 배에 올라탔어.",
      "srcPage": 19,
      "srcSentenceEA": 6,
      "srcWordEA": 29,
      "character": "스님,임금님",
      "setting": null,
      "action": "내려놓고,말했어,타 보시렵니까,탄단 말이냐,보아라,타겠습니다,올라탔어",
      "feeling": null,
      "causalRelationship": null,
      "outcomeResolution": null,
      "prediction": null,
      "plotSummaryInfoCount": 1,
      "plotSummaryInfo": {
        "classification": "의사소통",
        "readAge": "유아",
        "form": "long-form",
        "plotSummaryText": "스님이 임금님께 이 배를 타 보시겠냐고 묻자 그림 속 배를 어찌 타냐 답하니 그럼 제가 타보겠다고 말하며 스님이 선뜻 배에 올라탔습니다.",
        "textWordEA": 21
      }
    },
    {
      "srcTextID": "125129",
      "srcText": "세상에, 스님이 어느새 콩알만 해지더니 작은 배를 타고 바다를 둥둥 떠가지 뭐야. 배는 좁쌀만큼 작아지더니 쑥 사라지고 말았지. 그 뒤로 스님을 본 사람은 아무도 없었대. 지금도 그림 속에서 잘 살고 있다나 뭐라나.",
      "srcPage": 20,
      "srcSentenceEA": 4,
      "srcWordEA": 35,
      "character": "스님,배,사람",
      "setting": "바다,그림 속",
      "action": "타고,떠가지 뭐야,작아지더니,사라지고 말았지,본,살고 있다나",
      "feeling": null,
      "causalRelationship": null,
      "outcomeResolution": null,
      "prediction": null,
      "plotSummaryInfoCount": 1,
      "plotSummaryInfo": {
        "classification": "의사소통",
        "readAge": "유아",
        "form": "long-form",
        "plotSummaryText": "어느새 콩알만 해진 스님이 작은 배를 타고 바다를 둥둥 떠가 좁쌀만큼 작아진 배가 쑥 사라져 그 뒤로 스님을 본 사람은 아무도 없었다고 한다.",
        "textWordEA": 23
      }
    },
    {
      "srcTextID": "125114",
      "srcText": "선비는 서둘러 나가는 친구를 기어이 붙잡아 앉혔어. “아니, 그게 무슨 소린가. 오랜만에 멀리서 찾아왔는데 그냥 간다면 내가 너무 섭섭하네.”",
      "srcPage": 4,
      "srcSentenceEA": 3,
      "srcWordEA": 20,
      "character": "선비,친구",
      "setting": null,
      "action": "나가는,붙잡아 앉혔어,찾아왔는데,간다면",
      "feeling": "섭섭하네",
      "causalRelationship": null,
      "outcomeResolution": null,
      "prediction": null,
      "plotSummaryInfoCount": 1,
      "plotSummaryInfo": {
        "classification": "의사소통",
        "readAge": "유아",
        "form": "short-form",
        "plotSummaryText": "서둘러 나가는 친구를 기어이 붙잡아 앉힌 선비가 그게 무슨 소리냐며 그냥 간다면 내가 너무 섭섭하다고 말했습니다.",
        "textWordEA": 16
      }
    }
  ]
}