{
  "title": "우렁각시",
  "author": "백승온",
  "illustrator": "임광희",
  "isbn": "9791157987528",
  "publishedYear": 2019,
  "publisher": "세이펜북스",
  "paragraphInfoCount": 22,
  "paragraphInfo": [
    {
      "srcTextID": "96249",
      "srcText": "이튿날 총각이 밭일을 마치고 왔는데, 이게 웬일이야. 따끈따끈 흰 쌀밥에 고소한 고기반찬이 한 상 차려져 있네. 다음 날도 한 상, 그다음 날도 한 상이야.",
      "srcPage": 4,
      "srcSentenceEA": 3,
      "srcWordEA": 26,
      "character": "총각,쌀밥,고기반찬,상",
      "setting": "이튿날,다음 날,그다음 날",
      "action": "마치고,왔는데,차려져",
      "feeling": null,
      "causalRelationship": null,
      "outcomeResolution": null,
      "prediction": null,
      "plotSummaryInfoCount": 1,
      "plotSummaryInfo": {
        "classification": "의사소통",
        "readAge": "유아",
        "form": "short-form",
        "plotSummaryText": "이튿날 총각이 밭일을 마치고 왔는데, 흰 쌀밥에 고기반찬이 한 상 차려져 있었고, 다음 날도 그다음 날도 한 상 차려져 있었습니다.",
        "textWordEA": 20
      }
    },
    {
      "srcTextID": "96245",
      "srcText": "밭고랑을 툭 찍으니, \"이놈 밭 일궈서 나랑 먹고살지요.\" 글쎄 저쪽에서 답이 오잖아. \"이놈 밭 일궈서 누구랑 먹고사나?\" 또 밭고랑을 툭 찍으니까, \"이놈 밭 일궈서 나랑 먹고살지요.\" 또 저쪽에서 답이 오네.",
      "srcPage": 2,
      "srcSentenceEA": 7,
      "srcWordEA": 33,
      "character": null,
      "setting": "밭고랑,밭,저쪽",
      "action": "찍으니,오네,일궈서,먹고살지요,오잖아",
      "feeling": null,
      "causalRelationship": null,
      "outcomeResolution": null,
      "prediction": null,
      "plotSummaryInfoCount": 1,
      "plotSummaryInfo": {
        "classification": "의사소통",
        "readAge": "유아",
        "form": "long-form",
        "plotSummaryText": "밭고랑을 툭 찍으니 이놈 밭 일궈서 나랑 먹고산다는 답이 저쪽에서 오고, 또 찍으면 저쪽에서 답이 또 옵니다.",
        "textWordEA": 17
      }
    },
    {
      "srcTextID": "96252",
      "srcText": "각시가 항아리 속에 다시 들어가려는데 총각이 덥석 붙잡고 놔주질 않아. \"어딜 가오? 이리 보고 저리 봐도 내 각시요. 나랑 재미나게 삽시다!\"",
      "srcPage": 7,
      "srcSentenceEA": 4,
      "srcWordEA": 23,
      "character": "각시,항아리,총각,나",
      "setting": null,
      "action": "붙잡고,놔주질,들어가려는데,가오,보고,봐도,삽시다",
      "feeling": null,
      "causalRelationship": null,
      "outcomeResolution": null,
      "prediction": null,
      "plotSummaryInfoCount": 1,
      "plotSummaryInfo": {
        "classification": "의사소통",
        "readAge": "유아",
        "form": "long-form",
        "plotSummaryText": "총각은 항아리 속에 다시 들어가려는 각시를 붙잡고 재미나게 살자고 하며 놔주질 않았습니다.",
        "textWordEA": 12
      }
    },
    {
      "srcTextID": "96253",
      "srcText": "각시가 화들짝 뒷걸음질치다가 토닥토닥 총각을 달랬지. \"아직 때가 아닙니다. 조금만 기다리세요.\"",
      "srcPage": 8,
      "srcSentenceEA": 3,
      "srcWordEA": 12,
      "character": "각시,총각",
      "setting": null,
      "action": "달랬지,뒷걸음질치다가,기다리세요",
      "feeling": "화들짝",
      "causalRelationship": null,
      "outcomeResolution": null,
      "prediction": null,
      "plotSummaryInfoCount": 1,
      "plotSummaryInfo": {
        "classification": "의사소통",
        "readAge": "유아",
        "form": "short-form",
        "plotSummaryText": "각시는 화들짝 뒷걸음질 치다가 아직 때가 아니니 기다리라며 총각을 달랬습니다.",
        "textWordEA": 10
      }
    },
    {
      "srcTextID": "96251",
      "srcText": "\"때는 무슨 때? 나는 조금도 못 기다리오.\" 총각이 각시 말은 들은 체도 않고 졸라 대니 어쩌겠어. 그냥 살기로 했지.",
      "srcPage": 9,
      "srcSentenceEA": 4,
      "srcWordEA": 22,
      "character": "총각,각시,나는",
      "setting": null,
      "action": "졸라 대니,못 기다리오,들은 체도 않고,살기로",
      "feeling": null,
      "causalRelationship": null,
      "outcomeResolution": null,
      "prediction": null,
      "plotSummaryInfoCount": 1,
      "plotSummaryInfo": {
        "classification": "의사소통",
        "readAge": "유아",
        "form": "long-form",
        "plotSummaryText": "총각이 각시 말은 들은 체도 하지 않고 조금도 못 기다린다며 졸라 대니 그냥 살기로 했습니다.",
        "textWordEA": 15
      }
    },
    {
      "srcTextID": "96256",
      "srcText": "원님이 지나는데 언덕 밑에서 빛이 뻗쳐 나오잖아. \"멈춰라.\" 원님이 가던 길을 멈추고 이방을 불렀어. \"저 언덕 아래 무엇이 빛을 내는지 가 보아라.\"",
      "srcPage": 12,
      "srcSentenceEA": 3,
      "srcWordEA": 23,
      "character": "원님,이방,빛",
      "setting": "언덕 밑",
      "action": "지나는데,뻗쳐 나오잖아,가던,멈추고,불렀어,내는지,가 보아라",
      "feeling": null,
      "causalRelationship": null,
      "outcomeResolution": null,
      "prediction": null,
      "plotSummaryInfoCount": 1,
      "plotSummaryInfo": {
        "classification": "의사소통",
        "readAge": "유아",
        "form": "short-form",
        "plotSummaryText": "원님이 지나는데 언덕 밑에서 빛이 뻗쳐 나오자, 원님은 가던 길을 멈추고 이방을 불러 무엇이 빛을 내는지 가 보라고 했습니다.",
        "textWordEA": 19
      }
    },
    {
      "srcTextID": "96259",
      "srcText": "그런데도 원님은 \"아니다, 아직도 빛이 뻗친다. 가 보아라.\" 해. 각시가 갖신을 벗어 주었는데도 \"아직 빛이 뻗친다. 가 보아라.\" 하잖아.",
      "srcPage": 15,
      "srcSentenceEA": 8,
      "srcWordEA": 24,
      "character": "원님,각시,갖신",
      "setting": null,
      "action": "벗어 주었는데도,뻗친다,가 보아라",
      "feeling": null,
      "causalRelationship": null,
      "outcomeResolution": null,
      "prediction": null,
      "plotSummaryInfoCount": 1,
      "plotSummaryInfo": {
        "classification": "의사소통",
        "readAge": "유아",
        "form": "long-form",
        "plotSummaryText": "원님이 아니라며 가 보라고 해서 각시가 갖신을 벗어 주었는데도 아직 빛이 뻗친다고 가 보라고 했습니다.",
        "textWordEA": 15
      }
    },
    {
      "srcTextID": "96262",
      "srcText": "해가 꼴딱 넘어가서야 총각이 집에 왔는데 글쎄 각시는 안 보이고 어머니가 눌은밥만 벅벅 긁고 있어. 각시를 찾으니 밥 갖다 주러 나갔는데 못 봤냐고 되레 묻잖아. 총각은 발을 동동 구르며 각시를 찾아 나섰지. 동네방네 구석구석 뒤져 봐도 각시는 온데간데없어.",
      "srcPage": 17,
      "srcSentenceEA": 4,
      "srcWordEA": 41,
      "character": "총각,각시,어머니,눌은밥,밥,발",
      "setting": "집,해가 꼴딱 넘어가서야,동네방네,집",
      "action": "긁고 있어,왔는데,안 보이고,찾으니,갖다 주러,나갔는데,못 봤냐고,굴,며,나섰지,뒤져 봐도",
      "feeling": null,
      "causalRelationship": null,
      "outcomeResolution": null,
      "prediction": null,
      "plotSummaryInfoCount": 1,
      "plotSummaryInfo": {
        "classification": "의사소통",
        "readAge": "유아",
        "form": "long-form",
        "plotSummaryText": "해가 꼴딱 넘어가서야 집에 온 총각은 각시가 보이지 않아서 어머니에게 물었고, 밥 갖다주러 나갔다는 말에 각시를 찾아 동네방네 뒤졌지만, 각시는 없었습니다.",
        "textWordEA": 21
      }
    },
    {
      "srcTextID": "96261",
      "srcText": "이 사람 저 사람 붙들고 물으니 동네 사람 하나가 봤는데 원님이 가마에 태워 갔다나. 그래 부리나케 관아로 달려갔는데, 문지기가 막아서지. 사정사정 울고불고 데굴데굴 뒹굴어도 소용이 없어. 문을 박차고 뛰어들다 모질게 매만 맞고 쫓겨났지.",
      "srcPage": 18,
      "srcSentenceEA": 4,
      "srcWordEA": 36,
      "character": "원님,가마,동네 사람,문지기,문,매",
      "setting": "관아",
      "action": "붙들고,물으니,봤는데,달려갔는데,쫓겨났지,태워,막아서지,뒹굴어도,박차고,뛰어들다,맞고",
      "feeling": null,
      "causalRelationship": null,
      "outcomeResolution": null,
      "prediction": null,
      "plotSummaryInfoCount": 1,
      "plotSummaryInfo": {
        "classification": "의사소통",
        "readAge": "유아",
        "form": "long-form",
        "plotSummaryText": "동네 사람이 봤는데 원님이 가마에 태워 갔다고 해서, 관아로 달려가 문을 박차고 뛰어들다 매만 맞고 쫓겨났습니다.",
        "textWordEA": 16
      }
    },
    {
      "srcTextID": "96264",
      "srcText": "그날부터 파랑새가 관아 별당 보리수나무에 앉아 각시만 보고 날마다 구슬프게 울어. 각시는 서방님인 줄 금세 알아챘지. 하루는 원님이 각시한테 저 새가 왜 우느냐 묻네. 각시가 말하길, \"저 새는 원래 제 서방님이옵니다. 저를 찾아 여기까지 왔습니다.\"",
      "srcPage": 20,
      "srcSentenceEA": 6,
      "srcWordEA": 39,
      "character": "파랑새,보리수나무,각시,서방님,새,원님,제,저",
      "setting": "관아 별당,하루는,그날부터",
      "action": "울어,앉아,보고,묻네,말하길,찾아,왔습니다",
      "feeling": null,
      "causalRelationship": null,
      "outcomeResolution": null,
      "prediction": null,
      "plotSummaryInfoCount": 1,
      "plotSummaryInfo": {
        "classification": "의사소통",
        "readAge": "유아",
        "form": "long-form",
        "plotSummaryText": "그날부터 파랑새가 관아 별당 보리수나무에 앉아 날마다 울었는데, 저 새가 왜 우느냐고 묻는 원님에게 각시는 자기를 찾아 여기까지 온 서방님이라고 했습니다.",
        "textWordEA": 21
      }
    },
    {
      "srcTextID": "96260",
      "srcText": "이제 더 내줄 것이 없으니 어쩌겠어. 할 수 없이 각시가 이방을 따라가 원님 앞에 섰지. 비단결처럼 곱디고운 각시 얼굴을 보고 한눈에 반했지. 그래 누가 볼세라 얼른 가마에 태워 데려갔지.",
      "srcPage": 16,
      "srcSentenceEA": 4,
      "srcWordEA": 32,
      "character": "각시,이방,원님,가마,비단결,얼굴",
      "setting": null,
      "action": "내줄,없으니,따라가,섰지,보고,볼세라,태워,데려갔지",
      "feeling": null,
      "causalRelationship": null,
      "outcomeResolution": null,
      "prediction": null,
      "plotSummaryInfoCount": 1,
      "plotSummaryInfo": {
        "classification": "의사소통",
        "readAge": "유아",
        "form": "long-form",
        "plotSummaryText": "이제 더 내줄 것이 없어 이방을 따라가 원님 앞에 선 각시의 곱디고운 얼굴을 보고, 원님은 한눈에 반해 가마에 태워 데려갔습니다.",
        "textWordEA": 20
      }
    },
    {
      "srcTextID": "96266",
      "srcText": "그런데 그때 각시 머리 구멍에서 자그마한 파랑새가 푸르릉 날갯짓하며 나오네. 그 모습이 총각 목구멍에서 나온 파랑새랑 꼭 닮았잖아. 파랑새가 된 총각이랑 각시는 꼭 붙어서 폴랑폴랑 하늘을 날더니 홀홀 멀리멀리 날아갔지.",
      "srcPage": 22,
      "srcSentenceEA": 3,
      "srcWordEA": 32,
      "character": "각시,파랑새,머리 구멍,총각,목구멍,하늘",
      "setting": null,
      "action": "날갯짓하며,나오네,날아갔지,나온,붙어서,날더니",
      "feeling": null,
      "causalRelationship": null,
      "outcomeResolution": null,
      "prediction": null,
      "plotSummaryInfoCount": 1,
      "plotSummaryInfo": {
        "classification": "의사소통",
        "readAge": "유아",
        "form": "short-form",
        "plotSummaryText": "총각 목구멍에서 나온 파랑새랑 꼭 닮은 파랑새가 각시 머리 구멍에서 날갯짓하며 나오더니, 총각이랑 각시는 꼭 붙어서 하늘 멀리 날아갔습니다.",
        "textWordEA": 19
      }
    },
    {
      "srcTextID": "96246",
      "srcText": "옛날 어느 산골 마을에 장가 못 간 총각이 살았어. 하루는 들에 나가 밭고랑을 내는데 힘이 들어 중얼중얼했지. \"이놈 밭 일궈서 누구랑 먹고사나?\"",
      "srcPage": 1,
      "srcSentenceEA": 3,
      "srcWordEA": 23,
      "character": "총각,밭고랑,밭",
      "setting": "옛날,하루,산골 마을,들",
      "action": "못 간,중얼중얼했지,살았어,내는데,들어,일궈서,먹고사나",
      "feeling": null,
      "causalRelationship": null,
      "outcomeResolution": null,
      "prediction": null,
      "plotSummaryInfoCount": 1,
      "plotSummaryInfo": {
        "classification": "의사소통",
        "readAge": "유아",
        "form": "short-form",
        "plotSummaryText": "옛날 어느 산골 마을에 장가 못 간 총각이 살았는데, 하루는 들에 나가 밭고랑을 내면서 힘이 들어 중얼중얼했습니다.",
        "textWordEA": 17
      }
    },
    {
      "srcTextID": "96247",
      "srcText": "그래 살금살금 소리 나는 데로 가 봤지. 그랬더니 커다란 우렁이가 풀잎에 딱 붙어 있어. \"우아, 우렁이가 크기도 참말 크다!\" 총각은 우렁이를 가져다가 부엌 항아리에 넣어 뒀지.",
      "srcPage": 3,
      "srcSentenceEA": 4,
      "srcWordEA": 28,
      "character": "우렁이,풀잎,총각,항아리",
      "setting": "부엌",
      "action": "소리 나는,가 봤지,붙어,가져다가,넣어 뒀지",
      "feeling": null,
      "causalRelationship": null,
      "outcomeResolution": null,
      "prediction": null,
      "plotSummaryInfoCount": 1,
      "plotSummaryInfo": {
        "classification": "의사소통",
        "readAge": "유아",
        "form": "long-form",
        "plotSummaryText": "소리 나는 데로 가 봤더니 커다란 우렁이가 풀잎에 붙어 있어서, 총각은 우렁이를 가져다가 부엌 항아리에 넣어 뒀습니다.",
        "textWordEA": 17
      }
    },
    {
      "srcTextID": "96248",
      "srcText": "누가 차려 놨나 옆집에 물어봐도 고개를 절레절레, 뒷집에 물어봐도 고개를 절레절레. 별수 있나? 총각 눈으로 똑똑히 봐야지.",
      "srcPage": 5,
      "srcSentenceEA": 3,
      "srcWordEA": 19,
      "character": "총각,눈,고개,옆집,뒷집",
      "setting": null,
      "action": "차려 놨나,물어봐도,봐야지",
      "feeling": null,
      "causalRelationship": null,
      "outcomeResolution": null,
      "prediction": null,
      "plotSummaryInfoCount": 1,
      "plotSummaryInfo": {
        "classification": "의사소통",
        "readAge": "유아",
        "form": "short-form",
        "plotSummaryText": "누가 차려 놨나 옆집에 물어봐도 뒷집에 물어봐도 고개를 절레절레하니 총각은 눈으로 직접 보기로 했습니다.",
        "textWordEA": 14
      }
    },
    {
      "srcTextID": "96250",
      "srcText": "하루는 일 나가는 척하다 숨어 지켜보기로 했어. 가만가만 숨죽여 부엌을 엿보는데 이게 꿈이야 생시야. 우렁이를 넣어 둔 항아리에서 고운 각시가 나오잖아. 그러더니 쫑쫑 버선발로 또각또각 썰고 지지고 볶더니 뚝딱 한 상을 차려 내와.",
      "srcPage": 6,
      "srcSentenceEA": 4,
      "srcWordEA": 36,
      "character": "우렁이,항아리,각시,버선발,상",
      "setting": "하루,부엌",
      "action": "나가는,숨어,지켜보기로,엿보는데,넣어 둔,나오잖아,썰고,지지고,볶더니,차려 내와",
      "feeling": null,
      "causalRelationship": null,
      "outcomeResolution": null,
      "prediction": null,
      "plotSummaryInfoCount": 1,
      "plotSummaryInfo": {
        "classification": "의사소통",
        "readAge": "유아",
        "form": "long-form",
        "plotSummaryText": "하루는 일 나가는 척하다 숨어 지켜보기로 하고 가만히 숨죽여 부엌을 엿보는데, 우렁이를 넣어 둔 항아리에서 고운 각시가 나와 한 상을 뚝딱 차려 내왔습니다.",
        "textWordEA": 23
      }
    },
    {
      "srcTextID": "96254",
      "srcText": "그런데 어머니는 눌은밥을 며느리가 먹을까 봐 발길이 안 떨어져. 그래 배가 아프다면서 며느리한테 갖다 주라고 시켰지. 각시가 고분고분 밥 광주리를 이고 길을 나서는데, 저쪽에서 요란스레 원님 행차 소리가 들려. 얼른 언덕 아래로 내려가 몸을 숨겼지.",
      "srcPage": 11,
      "srcSentenceEA": 4,
      "srcWordEA": 38,
      "character": "어머니,며느리,눌은밥,발길,배,각시,밥 광주리,원님",
      "setting": "저쪽,언덕 아래",
      "action": "숨겼지,갖다 주라고,시켰지,먹을까 봐,안 떨어져,나서는데,들려,내려가",
      "feeling": null,
      "causalRelationship": null,
      "outcomeResolution": null,
      "prediction": null,
      "plotSummaryInfoCount": 1,
      "plotSummaryInfo": {
        "classification": "의사소통",
        "readAge": "유아",
        "form": "long-form",
        "plotSummaryText": "어머니가 며느리한테 갖다주라고 시켜서 각시가 밥 광주리를 이고 길을 나서는데, 저쪽에서 원님 행차 소리가 들려 언덕 아래로 내려가 몸을 숨겼습니다.",
        "textWordEA": 20
      }
    },
    {
      "srcTextID": "96257",
      "srcText": "이방이 내려가 보니, 곱디고운 각시가 웅크리고 있어. 각시는 이방에게 금가락지를 빼 주며 \"이것이라 하시오.\" 했지. 이방이 쪼르르 달려가 원님한테 \"이것입니다.\" 하고 내밀었지.",
      "srcPage": 13,
      "srcSentenceEA": 6,
      "srcWordEA": 26,
      "character": "이방,각시,금가락지",
      "setting": null,
      "action": "내려가 보니,웅크리고,빼 주며,달려가,내밀었지",
      "feeling": null,
      "causalRelationship": null,
      "outcomeResolution": null,
      "prediction": null,
      "plotSummaryInfoCount": 1,
      "plotSummaryInfo": {
        "classification": "의사소통",
        "readAge": "유아",
        "form": "long-form",
        "plotSummaryText": "이방이 내려가 보니 고운 각시가 웅크리고 있다가 금가락지를 빼 주며 이것이라 하라고 말했고, 이방은 원님한테 달려가 이것이라며 내밀었습니다.",
        "textWordEA": 18
      }
    },
    {
      "srcTextID": "96258",
      "srcText": "그런데 원님은 또, \"아니다, 아직도 빛이 뻗친다. 가 보아라.\" 하지. 이번에는 각시가 은비녀를 주며 \"이것이라 하시오.\" 했어.",
      "srcPage": 14,
      "srcSentenceEA": 7,
      "srcWordEA": 21,
      "character": "원님,빛,각시,은비녀",
      "setting": null,
      "action": "뻗친다,주며,가 보아라,하시오",
      "feeling": null,
      "causalRelationship": null,
      "outcomeResolution": null,
      "prediction": null,
      "plotSummaryInfoCount": 1,
      "plotSummaryInfo": {
        "classification": "의사소통",
        "readAge": "유아",
        "form": "long-form",
        "plotSummaryText": "원님이 아직도 빛이 뻗친다며 가 보라고 하자, 이번에는 각시가 은비녀를 주며 이것이라 하라고 말했습니다.",
        "textWordEA": 14
      }
    },
    {
      "srcTextID": "96255",
      "srcText": "총각이 살맛이 나서 싱글벙글 힘이 절로 솟아. 하루는 어머니한테 밭에 점심밥 좀 가져다 달랬지. 올 적에 각시 말고 꼭 어머니가 오시라면서 말이야.",
      "srcPage": 10,
      "srcSentenceEA": 3,
      "srcWordEA": 24,
      "character": "총각,어머니,각시,점심밥",
      "setting": "하루,밭",
      "action": null,
      "feeling": null,
      "causalRelationship": null,
      "outcomeResolution": null,
      "prediction": null,
      "plotSummaryInfoCount": 1,
      "plotSummaryInfo": {
        "classification": "의사소통",
        "readAge": "유아",
        "form": "short-form",
        "plotSummaryText": "하루는 총각이 어머니한테 밭에 점심밥을 가져다 달라고 하면서, 올 적에 각시 말고 꼭 어머니가 오시라고 했습니다.",
        "textWordEA": 16
      }
    },
    {
      "srcTextID": "96263",
      "srcText": "총각은 그 자리에 주저앉아 땅을 치다 가슴을 치다 사흘이고 나흘이고 울기만 했어. 얼마나 목을 놓아 울었던지 총각은 그만 죽고 말았지. 그런데 목구멍에서 자그마한 파랑새가 포르르 날갯짓하며 날아오르네.",
      "srcPage": 19,
      "srcSentenceEA": 3,
      "srcWordEA": 29,
      "character": "총각,가슴,목,목구멍,파랑새",
      "setting": "그 자리,사흘,나흘",
      "action": "울기만 했어,주저앉아,치다,놓아,죽고,날아오르네",
      "feeling": null,
      "causalRelationship": null,
      "outcomeResolution": null,
      "prediction": null,
      "plotSummaryInfoCount": 1,
      "plotSummaryInfo": {
        "classification": "의사소통",
        "readAge": "유아",
        "form": "short-form",
        "plotSummaryText": "총각은 그 자리에 주저앉아 사흘이고 나흘이고 목 놓아 울기만 하다가 죽고 말았는데, 목구멍에서 자그마한 파랑새가 날갯짓하며 날아올랐습니다.",
        "textWordEA": 17
      }
    },
    {
      "srcTextID": "96265",
      "srcText": "원님이 각시 말을 들으니 화가 머리끝까지 치솟잖아. \"뭣이, 이런 괘씸한 놈을 봤나!\" 그래 홧김에 담뱃대를 냅다 새한테 던졌어. 그런데 담뱃대가 맞으라는 새한텐 안 맞고, 나무 둥치에 탁 맞더니 튕겨 나와 각시 머리를 크게 치고 말았네. 그렇게 각시도 죽고 말았지.",
      "srcPage": 21,
      "srcSentenceEA": 5,
      "srcWordEA": 42,
      "character": "각시,담뱃대,새,머리끝,나무 둥치,머리",
      "setting": null,
      "action": "들으니,치솟잖아,봤나,던졌어,맞으라는,안 맞고,맞더니,튕겨,치고,죽고",
      "feeling": "화가 머리끝까지 치솟잖아,괘씸한",
      "causalRelationship": null,
      "outcomeResolution": null,
      "prediction": null,
      "plotSummaryInfoCount": 1,
      "plotSummaryInfo": {
        "classification": "의사소통",
        "readAge": "유아",
        "form": "long-form",
        "plotSummaryText": "원님이 화가 머리끝까지 치솟아 괘씸한 놈이라며 홧김에 담뱃대를 새한테 던졌지만, 나무 둥치에 맞더니 튕겨 나와 각시 머리를 크게 쳐서 각시도 죽고 말았습니다.",
        "textWordEA": 22
      }
    }
  ]
}