{
  "title": "반쪽이",
  "author": "전성태",
  "illustrator": "박우희",
  "isbn": "9791157987412",
  "publishedYear": 2019,
  "publisher": "세이펜북스",
  "paragraphInfoCount": 24,
  "paragraphInfo": [
    {
      "srcTextID": "97215",
      "srcText": "오랫동안 자식 없이 사는 부부가 있었어. 아이 하나 갖는 게 소원이었지. 밤낮 삼신할머니께 반쪽이라도 좋으니 아이 하나만 갖게 해 달라고 빌었어.",
      "srcPage": 1,
      "srcSentenceEA": 3,
      "srcWordEA": 23,
      "character": "자식,부부,아이,삼신할머니",
      "setting": "오랫동안,밤낮",
      "action": "사는,빌었어",
      "feeling": null,
      "causalRelationship": null,
      "outcomeResolution": null,
      "prediction": null,
      "plotSummaryInfoCount": 1,
      "plotSummaryInfo": {
        "classification": "의사소통",
        "readAge": "유아",
        "form": "short-form",
        "plotSummaryText": "오랫동안 자식 없이 사는 부부가 아이를 갖게 해 달라고 삼신할머니께 빌었어.",
        "textWordEA": 11
      }
    },
    {
      "srcTextID": "97216",
      "srcText": "하룻밤 부인 꿈에 머리 하얀 할멈이 나타났어. 곶감 세 개를 던져 주는데 두 개를 맛나게 받아먹고 남은 하나 오물오물 먹는 참이야. 그런데 남편이 달려들어 \"곶감 세 개를 혼자 다 먹어? 나도 먹자.\" 하여 절반을 똑 떼어 줬지.",
      "srcPage": 2,
      "srcSentenceEA": 6,
      "srcWordEA": 41,
      "character": "할멈,곶감,남편,부인",
      "setting": "하룻밤,꿈에",
      "action": "나타났어,던져,받아먹고,먹는,달려들어,떼어",
      "feeling": null,
      "causalRelationship": null,
      "outcomeResolution": null,
      "prediction": null,
      "plotSummaryInfoCount": 1,
      "plotSummaryInfo": {
        "classification": "의사소통",
        "readAge": "유아",
        "form": "long-form",
        "plotSummaryText": "부인 꿈에 할멈이 곶감을 던져 줘서 남편과 함께 맛나게 먹었어.",
        "textWordEA": 10
      }
    },
    {
      "srcTextID": "97217",
      "srcText": "그러고 나서 부부는 아들 삼 형제를 차례로 얻었는데 첫째도 말짱하고 둘째도 옹근데 셋째가 문제야. 눈 하나 귀 하나 팔 하나 다리 하나 머리도 절반 몸뚱이도 절반, 되다 만 반쪽이였어. 부부는 그저 얘가 살아날까 근심, 자라 줄까 걱정이었지.",
      "srcPage": 3,
      "srcSentenceEA": 3,
      "srcWordEA": 39,
      "character": "부부,아들,형제,눈,귀,팔,다리,머리,몸뚱이",
      "setting": null,
      "action": "얻었는데,말짱하고,옹근데,자라",
      "feeling": "걱정이었지",
      "causalRelationship": null,
      "outcomeResolution": null,
      "prediction": null,
      "plotSummaryInfoCount": 1,
      "plotSummaryInfo": {
        "classification": "의사소통",
        "readAge": "유아",
        "form": "short-form",
        "plotSummaryText": "그리고 부부는 아들 삼 형제를 얻었는데 첫째도 둘째도 말짱한데 셋째는 눈 하나 귀 하나 팔 하나에 몸뚱이도 절반, 되다만 반쪽이어서 부부는 셋째가 살아날까, 자라 줄까 근심이었어.",
        "textWordEA": 26
      }
    },
    {
      "srcTextID": "97218",
      "srcText": "그런데 반쪽이는 젖을 먹든 안 먹든 쑥쑥 자랐대. 만날 먹기만 하고, 만날 자기만 하는 아이 같았어. 나중에는 한 발로 콩콩 뛰어다녔지.",
      "srcPage": 4,
      "srcSentenceEA": 3,
      "srcWordEA": 23,
      "character": "반쪽이,아이",
      "setting": null,
      "action": "자랐대,먹기만,자기만,뛰어다녔지",
      "feeling": null,
      "causalRelationship": null,
      "outcomeResolution": null,
      "prediction": null,
      "plotSummaryInfoCount": 1,
      "plotSummaryInfo": {
        "classification": "의사소통",
        "readAge": "유아",
        "form": "short-form",
        "plotSummaryText": "반쪽이는 쑥쑥 자랐고 나중에는 한 발로 콩콩 뛰어다녔어.",
        "textWordEA": 8
      }
    },
    {
      "srcTextID": "97219",
      "srcText": "힘도 얼마나 센지 몰라. 아기 장사가 따로 없더래. 나무를 쏙쏙 뽑고 바위를 돌돌 굴리며 놀았지.",
      "srcPage": 5,
      "srcSentenceEA": 3,
      "srcWordEA": 17,
      "character": "아기,장사,나무,바위",
      "setting": null,
      "action": "센지,뽑고,굴리며,놀았지",
      "feeling": null,
      "causalRelationship": null,
      "outcomeResolution": null,
      "prediction": null,
      "plotSummaryInfoCount": 1,
      "plotSummaryInfo": {
        "classification": "의사소통",
        "readAge": "유아",
        "form": "short-form",
        "plotSummaryText": "힘도 얼마나 센지 나무를 뽑고 바위를 굴리며 놀았어.",
        "textWordEA": 8
      }
    },
    {
      "srcTextID": "97220",
      "srcText": "형들은 반쪽이를 미워하고 싫어했어. 둘이 쑥덕거리면서 밤낮 해칠 궁리만 했지. 하루는 반쪽이를 산으로 꼬여 내더니 큰 바위에 꽁꽁 묶어 놓고 도망쳐 버렸지. 다시는 돌아오지 못하게 말이야. ",
      "srcPage": 6,
      "srcSentenceEA": 4,
      "srcWordEA": 29,
      "character": "형들,반쪽이",
      "setting": "밤낮,하루는,산으로,큰 바위에",
      "action": "쑥덕거리면서,해칠,꼬여 내더니,묶어 놓고,도망쳐,돌아오지",
      "feeling": "미워하고 싫어했어",
      "causalRelationship": null,
      "outcomeResolution": null,
      "prediction": null,
      "plotSummaryInfoCount": 1,
      "plotSummaryInfo": {
        "classification": "의사소통",
        "readAge": "유아",
        "form": "long-form",
        "plotSummaryText": "형들은 반쪽이를 미워하고 싫어했고 하루는 반쪽이를 산에 있는 큰 바위에 묶어 놓았어.",
        "textWordEA": 12
      }
    },
    {
      "srcTextID": "97222",
      "srcText": "형들은 약이 올랐지 뭐야. 둘이 쏙닥쏙닥 반쪽이를 또 꼬여 내더니 이번에는 숲에서 가장 큰 나무에 묶어 버렸지. 영영 돌아오지 못하게 말이야.",
      "srcPage": 8,
      "srcSentenceEA": 3,
      "srcWordEA": 23,
      "character": "형들,반쪽이",
      "setting": "숲,나무",
      "action": "꼬여 내더니,묶어,돌아오지",
      "feeling": "약이 올랐지",
      "causalRelationship": null,
      "outcomeResolution": null,
      "prediction": null,
      "plotSummaryInfoCount": 1,
      "plotSummaryInfo": {
        "classification": "의사소통",
        "readAge": "유아",
        "form": "short-form",
        "plotSummaryText": "형들이 이번에는 숲에서 가능 큰 나무에 반쪽이를 묶었어.",
        "textWordEA": 8
      }
    },
    {
      "srcTextID": "97224",
      "srcText": "어느덧 삼 형제가 쑥쑥 자라 과거를 보러 가게 되었어. 형들은 반쪽이가 창피해서 데려가기 싫었지. 호랑이 득실거리는 숲을 지날 때 형들은 쑥덕거렸어. 그러더니 반쪽이를 칡덩굴 밭에다가 밀어뜨리고는 온몸을 친친 감아 놓고 가 버렸어.",
      "srcPage": 10,
      "srcSentenceEA": 4,
      "srcWordEA": 35,
      "character": "형제,형들,반쪽이,호랑이",
      "setting": "숲,칡덩굴 밭",
      "action": "자라,보러 가게,쑥덕거렸어,밀어뜨리고,감아 놓고,가",
      "feeling": "창피해서",
      "causalRelationship": null,
      "outcomeResolution": null,
      "prediction": null,
      "plotSummaryInfoCount": 1,
      "plotSummaryInfo": {
        "classification": "의사소통",
        "readAge": "유아",
        "form": "long-form",
        "plotSummaryText": "삼 형제가 과거를 보러 가는길에 형들은 칡덩굴 밭에 반쪽이를 밀어뜨리고 온몸을 친친 감아 놨어.",
        "textWordEA": 14
      }
    },
    {
      "srcTextID": "97225",
      "srcText": "금세 호랑이들이 어흥 어흥 몰려들었어. 반쪽이가 힘을 한 번 주니까 그깟 칡덩굴쯤이야 툭툭 끊어지지. 그래 호랑이들과 싸우는데 달려드는 족족 꼬리를 잡아채서 한 손으로 빙빙 돌려서 내던졌어. 한 마리, 두 마리 호랑이들이 쌓여 갔지. 밤을 꼴딱 새우고 나니 죽은 호랑이가 산더미야.",
      "srcPage": 11,
      "srcSentenceEA": 5,
      "srcWordEA": 44,
      "character": "호랑이들,반쪽이,칡덩굴,꼬리",
      "setting": "밤",
      "action": "주니까,끊어지지,싸우는데,잡아채서,내던졌어,쌓여",
      "feeling": null,
      "causalRelationship": null,
      "outcomeResolution": null,
      "prediction": null,
      "plotSummaryInfoCount": 1,
      "plotSummaryInfo": {
        "classification": "의사소통",
        "readAge": "유아",
        "form": "long-form",
        "plotSummaryText": "반쪽이와 호랑이들은 밤을 꼴딱 새우며 싸웠고 죽은 호랑이가 산더미였어.",
        "textWordEA": 9
      }
    },
    {
      "srcTextID": "97231",
      "srcText": "그렇게 몇 날 밤이 지났는지 몰라. 모두가 지쳐서 눈이 벌게졌어. 서서도 졸고 앉아서도 조는 거야. 그 틈을 타서 반쪽이는 집으로 숨어들었어.",
      "srcPage": 19,
      "srcSentenceEA": 4,
      "srcWordEA": 24,
      "character": "반쪽이,눈",
      "setting": "몇 날 밤,집",
      "action": "벌게졌어,서서도,앉아서도,숨어들었어",
      "feeling": null,
      "causalRelationship": null,
      "outcomeResolution": null,
      "prediction": null,
      "plotSummaryInfoCount": 1,
      "plotSummaryInfo": {
        "classification": "의사소통",
        "readAge": "유아",
        "form": "long-form",
        "plotSummaryText": "반쪽이는 몇 날 밤이 지나고 모두 지쳐있을 때 집으로 숨어들었어.",
        "textWordEA": 10
      }
    },
    {
      "srcTextID": "97232",
      "srcText": "살금살금 하인들 상투를 풀어 서로 묶고 지붕에 오른 하인한테는 항아리를 씌웠지. 부인 허리에는 북을 채우고 며느리 손에는 징을 들려 줬어. 아들 저고리 소매에다가 자갈을 채우고 영감님 긴 수염에다가는 유황을 발라 놓았지. ",
      "srcPage": 20,
      "srcSentenceEA": 3,
      "srcWordEA": 33,
      "character": "하인들,항아리,부인,북,며느리,징,아들,자갈,영감,유황",
      "setting": "지붕",
      "action": "풀어,묶고,오른,씌웠지,채우고,들려,발라",
      "feeling": null,
      "causalRelationship": null,
      "outcomeResolution": null,
      "prediction": null,
      "plotSummaryInfoCount": 1,
      "plotSummaryInfo": {
        "classification": "의사소통",
        "readAge": "유아",
        "form": "short-form",
        "plotSummaryText": "하인들과 부인, 며느리, 아들, 영감님에게 살금살금 다가가서 움직이지 못 하거나 당황스럽게 장치를 만들어놓았어.",
        "textWordEA": 13
      }
    },
    {
      "srcTextID": "97227",
      "srcText": "반쪽이는 호랑이 가죽을 둘러멨어. 형들은 멀리 가 버렸고 문득 집이 그립더래. 호랑이 가죽으로 어머니께 푹신한 깔개를 해 드리고 싶었어.",
      "srcPage": 12,
      "srcSentenceEA": 3,
      "srcWordEA": 21,
      "character": "반쪽이,호랑이,가죽,형들,어머니",
      "setting": null,
      "action": "둘러멨어,버렸고",
      "feeling": null,
      "causalRelationship": null,
      "outcomeResolution": null,
      "prediction": null,
      "plotSummaryInfoCount": 1,
      "plotSummaryInfo": {
        "classification": "의사소통",
        "readAge": "유아",
        "form": "short-form",
        "plotSummaryText": "형들은 멀리 가 버렸고 반쪽이는 호랑이 가죽으로 어머니께 푹신한 깔개를 해 드리고 싶었어.",
        "textWordEA": 13
      }
    },
    {
      "srcTextID": "97226",
      "srcText": "그렇게 길을 가다가 나귀 탄 부잣집 영감을 만났어. 영감은 비싼 호랑이 가죽을 탐냈어. \"반쪽아, 내게 예쁜 딸이 하나 있는데 장가들지 않으련?\" 그러고는 내기를 하자더래. 장기 세 판을 두어서 반쪽이가 이기면 딸을 주고, 영감이 이기면 호랑이 가죽을 가져가기로.",
      "srcPage": 13,
      "srcSentenceEA": 5,
      "srcWordEA": 40,
      "character": "나귀,영감,호랑이,가죽,딸,장기,반쪽이",
      "setting": "길",
      "action": "가다가,탄,만났어,탐냈어",
      "feeling": "예쁜",
      "causalRelationship": null,
      "outcomeResolution": null,
      "prediction": null,
      "plotSummaryInfoCount": 1,
      "plotSummaryInfo": {
        "classification": "의사소통",
        "readAge": "유아",
        "form": "long-form",
        "plotSummaryText": "반쪽이는 길을 가다 부잣집 영감을 만났는데 호랑이 가죽과 딸을 두고 내기를 했어.",
        "textWordEA": 12
      }
    },
    {
      "srcTextID": "97228",
      "srcText": "그런데 말이야, 영감이 말을 싹 바꾸지 뭐야. 딸을 못 주겠대. 어느 처녀가 반쪽이한테 시집을 가겠냐고.",
      "srcPage": 15,
      "srcSentenceEA": 3,
      "srcWordEA": 17,
      "character": "영감,딸,처녀,반쪽이",
      "setting": null,
      "action": "바꾸지,주겠대,가겠냐고",
      "feeling": null,
      "causalRelationship": null,
      "outcomeResolution": null,
      "prediction": null,
      "plotSummaryInfoCount": 1,
      "plotSummaryInfo": {
        "classification": "의사소통",
        "readAge": "유아",
        "form": "short-form",
        "plotSummaryText": "영감이 반쪽이에게 딸을 못 주겠다며 말을 바꿨어.",
        "textWordEA": 7
      }
    },
    {
      "srcTextID": "97230",
      "srcText": "반쪽이는 화가 났어. \"약속은 약속이니 오늘 밤에 영감님 딸을 업어 가겠어요.\" 반쪽이는 영감에게 겁을 주었어.",
      "srcPage": 16,
      "srcSentenceEA": 3,
      "srcWordEA": 16,
      "character": "반쪽이,영감,딸",
      "setting": "오늘 밤",
      "action": "업어",
      "feeling": null,
      "causalRelationship": null,
      "outcomeResolution": null,
      "prediction": null,
      "plotSummaryInfoCount": 1,
      "plotSummaryInfo": {
        "classification": "의사소통",
        "readAge": "유아",
        "form": "short-form",
        "plotSummaryText": "화가난 반쪽이는 오늘 밤에 영감님 딸을 업어 가겠다고 겁을 주었어.",
        "textWordEA": 10
      }
    },
    {
      "srcTextID": "100141",
      "srcText": "영감은 난리가 났지. 집안 하인들을 풀고 가족들을 불러 모았어. 깊숙한 방에다가 딸을 꼭꼭 숨기고 집을 두 겹 세 겹 지키게 했어. 대문 앞에 뒷마당에 지붕에 하인들을 몽둥이 들려 세웠어.",
      "srcPage": 17,
      "srcSentenceEA": 4,
      "srcWordEA": 32,
      "character": "영감,하인들,가족들,딸,몽둥이",
      "setting": "깊숙한 방,집,대문 앞,뒷마당,지붕",
      "action": "풀고,불러 모았어,숨기고,지키게,들려 세웠어",
      "feeling": null,
      "causalRelationship": null,
      "outcomeResolution": null,
      "prediction": null,
      "plotSummaryInfoCount": 1,
      "plotSummaryInfo": {
        "classification": "의사소통",
        "readAge": "유아",
        "form": "long-form",
        "plotSummaryText": "난리가 난 영감은 딸을 깊숙한 방에 숨기고 하인들은 집을 지켰어.",
        "textWordEA": 10
      }
    },
    {
      "srcTextID": "100140",
      "srcText": "마누라하고 며느리는 방에 앉히고 영감은 아들하고 마루를 지켰지. 그러자니 그날 밤은 찍소리도 없이 지나갔어. 다음 날도 반쪽이는 나타나지 않았어. 그럴수록 영감은 속이 바짝바짝 타들었지.",
      "srcPage": 18,
      "srcSentenceEA": 4,
      "srcWordEA": 27,
      "character": "마누라,며느리,영감,아들,반쪽이",
      "setting": "방,마루,그날 밤,다음 날",
      "action": "앉히고,지켰지,나타나지",
      "feeling": null,
      "causalRelationship": null,
      "outcomeResolution": null,
      "prediction": null,
      "plotSummaryInfoCount": 1,
      "plotSummaryInfo": {
        "classification": "의사소통",
        "readAge": "유아",
        "form": "long-form",
        "plotSummaryText": "며칠 동안 반쪽이가 나타나지 않자, 영감은 점점 속이 바짝바짝 타들었어.",
        "textWordEA": 10
      }
    },
    {
      "srcTextID": "97229",
      "srcText": "반쪽이는 좋아라 장기판에 앉았지. 장이야 멍이야, 둘은 해 떨어질 때까지 장기를 두었어. 반쪽이가 내리 세 판을 이겼네.",
      "srcPage": 14,
      "srcSentenceEA": 3,
      "srcWordEA": 19,
      "character": "반쪽이,장기",
      "setting": "장기판에,해 떨어질 때까지",
      "action": "앉았지,두었어,이겼네",
      "feeling": null,
      "causalRelationship": null,
      "outcomeResolution": null,
      "prediction": null,
      "plotSummaryInfoCount": 1,
      "plotSummaryInfo": {
        "classification": "의사소통",
        "readAge": "유아",
        "form": "short-form",
        "plotSummaryText": "둘은 해가 떨어질 때까지 장기를 두었고 반쪽이가 이겼어.",
        "textWordEA": 8
      }
    },
    {
      "srcTextID": "97221",
      "srcText": "그런데 반쪽이가 끙 힘을 쓰니까 바위가 통째로 들리더래. 그걸 짊어지고 집으로 돌아오니 어머니 눈이 똥그래지지 않겠어? \"그 큰 바위를 어따 쓰려고 가져왔니?\" 반쪽이는 바위를 마당에 쿵 내려놓으며 말했다네. \"어머니 힘드실 때 여기 앉아 쉬시라고요.\"",
      "srcPage": 7,
      "srcSentenceEA": 5,
      "srcWordEA": 36,
      "character": "반쪽이,바위,어머니",
      "setting": "집으로,마당에",
      "action": "쓰니까,짊어지고,돌아오니,똥그래지지,가져왔니,내려놓으며,말했다네,앉아",
      "feeling": null,
      "causalRelationship": null,
      "outcomeResolution": null,
      "prediction": null,
      "plotSummaryInfoCount": 1,
      "plotSummaryInfo": {
        "classification": "의사소통",
        "readAge": "유아",
        "form": "long-form",
        "plotSummaryText": "반쪽이는 바위를 들어서 집으로 왔고 놀란 어머니에게 힘드실 때 앉아 쉬라고 했어.",
        "textWordEA": 12
      }
    },
    {
      "srcTextID": "97223",
      "srcText": "그런데 반쪽이가 끙 힘을 쓰니까 나무가 쑥 뽑히더래. 그걸 짊어지고 집으로 돌아오니 어머니 입이 쩍 벌어지지 않겠어? \"그 큰 나무를 어따 쓰려고 가져왔니?\" 반쪽이는 나무를 마당에 콩 박으며 말했어. \"어머니 쉬실 때 그늘 되라고요.\"",
      "srcPage": 9,
      "srcSentenceEA": 5,
      "srcWordEA": 36,
      "character": "반쪽이,나무,어머니",
      "setting": "집으로,마당에",
      "action": "짊어지고,돌아오니,벌어지지,가져왔니,박으며,말했어",
      "feeling": null,
      "causalRelationship": null,
      "outcomeResolution": null,
      "prediction": null,
      "plotSummaryInfoCount": 1,
      "plotSummaryInfo": {
        "classification": "의사소통",
        "readAge": "유아",
        "form": "long-form",
        "plotSummaryText": "반쪽이는 나무를 짊어지고 집으로 와서 어머니에게 쉬실 때 그늘 되라고 나무를 가져왔다고 말했어.",
        "textWordEA": 13
      }
    },
    {
      "srcTextID": "97233",
      "srcText": "반쪽이는 처녀를 훌떡 업고 뛰었어. 온 집 안이 쩌렁쩌렁 울리게 소리치면서 말이야. \"반쪽이가 색시를 업어 간다!\"",
      "srcPage": 22,
      "srcSentenceEA": 3,
      "srcWordEA": 17,
      "character": "반쪽이,처녀,색시",
      "setting": "온 집 안",
      "action": "업고,뛰었어,소리치면서,업어",
      "feeling": null,
      "causalRelationship": null,
      "outcomeResolution": null,
      "prediction": null,
      "plotSummaryInfoCount": 1,
      "plotSummaryInfo": {
        "classification": "의사소통",
        "readAge": "유아",
        "form": "short-form",
        "plotSummaryText": "반쪽이는 처녀를 업고 뛰면서 반쪽이가 색시를 업어 간다고 소리쳤어.",
        "textWordEA": 9
      }
    },
    {
      "srcTextID": "97234",
      "srcText": "이제 반쪽이는 방마다 벼룩을 한 줌씩 뿌렸어. 머잖아 깊숙한 방에서 \"아이, 따가워!\" 하면서 한 처녀가 뛰어나오더래.",
      "srcPage": 21,
      "srcSentenceEA": 4,
      "srcWordEA": 18,
      "character": "반쪽이,벼룩,처녀",
      "setting": "방마다,깊숙한 방",
      "action": "뿌렸어,하면서,뛰어나오더래",
      "feeling": null,
      "causalRelationship": null,
      "outcomeResolution": null,
      "prediction": null,
      "plotSummaryInfoCount": 1,
      "plotSummaryInfo": {
        "classification": "의사소통",
        "readAge": "유아",
        "form": "long-form",
        "plotSummaryText": "반쪽이가 방마다 벼룩을 뿌리자 한 처녀가 따갑다며 뛰어나왔어.",
        "textWordEA": 8
      }
    },
    {
      "srcTextID": "97235",
      "srcText": "난리가 났지. 영감님 깜짝 놀라 불을 댕기는데 수염이 후루룩, \"아이고, 내 수염!\" 이걸 보고도 천근만근 아들은 꼼짝도 못하고, \"아이고머니나!\" 부인하고 며느리는 무슨 잔치 났다고 둥둥둥 징징징, 하인들은 서로 상투 놓으라고 엉켰지, 항아리 쓴 놈은 하늘이 무너졌다고 울고불고 난리야.",
      "srcPage": 23,
      "srcSentenceEA": 5,
      "srcWordEA": 41,
      "character": "영감,아들,부인,며느리,하인들,항아리",
      "setting": null,
      "action": "댕기는데,엉켰지,울고불고",
      "feeling": "놀라",
      "causalRelationship": null,
      "outcomeResolution": null,
      "prediction": null,
      "plotSummaryInfoCount": 1,
      "plotSummaryInfo": {
        "classification": "의사소통",
        "readAge": "유아",
        "form": "long-form",
        "plotSummaryText": "영감님은 놀라 불을 댕기는데 수염이 타고 이걸 보고 아들은 꼼짝도 못 하고 부인은 무슨 잔치 났냐고 북을 둥둥둥 하인들은 서로 엉키고 항아리 쓴 놈은 하늘이 무너졌다고 울고불고 난리였어.",
        "textWordEA": 28
      }
    },
    {
      "srcTextID": "97236",
      "srcText": "반쪽이는? 집으로 돌아와서는 후다닥 영감 딸과 혼례를 치렀어. 부잣집 며느리 데려오고 귀한 호랑이 가죽을 잔뜩 가져오니 옹근 형들보다 낫다고 부모님은 잔치 열고 법석이야. 색시 얻고 난 반쪽이는 나머지 몸이 새로 붙어서 잘생긴 낭군이 되어 행복하게 잘 살았대.",
      "srcPage": 24,
      "srcSentenceEA": 3,
      "srcWordEA": 40,
      "character": "반쪽이,영감,딸,며느리,호랑이,가죽,형들,부모님,색시",
      "setting": "집으로",
      "action": "돌아와서는,치렀어,데려오고,가져오니",
      "feeling": null,
      "causalRelationship": null,
      "outcomeResolution": null,
      "prediction": null,
      "plotSummaryInfoCount": 1,
      "plotSummaryInfo": {
        "classification": "의사소통",
        "readAge": "유아",
        "form": "short-form",
        "plotSummaryText": "집으로 돌아온 반쪽이는 영감 딸과 혼례를 치렀고 나머지 몸이 새로 붙어서 행복하게 잘 살았어.",
        "textWordEA": 14
      }
    }
  ]
}