{
  "title": "꽁지 닷 발 주둥이 닷 발",
  "author": "김빈애",
  "illustrator": " 여기",
  "isbn": "9791157987221",
  "publishedYear": 2019,
  "publisher": "세이펜북스",
  "paragraphInfoCount": 18,
  "paragraphInfo": [
    {
      "srcTextID": "95668",
      "srcText": "동생은 어찌할 바를 모르고 엉엉 울고만 있었어. 오빠가 서당에서 돌아와 보니 기가 막히지 않겠어? 당장에 어머니 원수를 갚겠다고 발딱 일어났어. 누이도 따라나섰지.",
      "srcPage": 2,
      "srcSentenceEA": 4,
      "srcWordEA": 25,
      "character": "동생,오빠,어머니,누이",
      "setting": "서당",
      "action": "모르고,울고만 있었어,돌아와 보니,갚겠다고,일어났어,따라나섰지",
      "feeling": "기가 막히지",
      "causalRelationship": null,
      "outcomeResolution": null,
      "prediction": null,
      "plotSummaryInfoCount": 1,
      "plotSummaryInfo": {
        "classification": "의사소통",
        "readAge": "유아",
        "form": "long-form",
        "plotSummaryText": "서당에서 돌아온 오빠는 울고 있는 동생을 보고 어머니의 원수를 갚겠다며 일어났고 누이도 따라나섰습니다.",
        "textWordEA": 13
      }
    },
    {
      "srcTextID": "95672",
      "srcText": "\"까마귀야 까마귀야, 꽁지 닷 발 주둥이 닷 발 새가 어디 사는지 아니?\" \"뒷간 구더기를 한 바가지 잡아다 아랫물에 씻고 윗물에 헹궈 내 입에 넣어 주면 일러 주마.\" 오누이는 팔을 걷어붙이고 구더기를 잡아다 아랫물에 씻고 윗물에 헹궈 까마귀 입에 한 마리씩 넣어 주었어. 까마귀는 삭정이 한 단을 내어 주며 말했지. \"수수밭 한가운데 제일 큰 수숫대를 뽑아 보렴.\"",
      "srcPage": 6,
      "srcSentenceEA": 5,
      "srcWordEA": 58,
      "character": "까마귀,새,뒷간 구더기,오누이,삭정이,수숫대",
      "setting": "수수밭 한가운데",
      "action": "잡아다,씻고,헹궈,넣어 주면 일러 주마,걷어붙이고,넣어 주었어,내어 주며 말했지,뽑아 보렴",
      "feeling": null,
      "causalRelationship": null,
      "outcomeResolution": null,
      "prediction": null,
      "plotSummaryInfoCount": 1,
      "plotSummaryInfo": {
        "classification": "의사소통",
        "readAge": "유아",
        "form": "long-form",
        "plotSummaryText": "까마귀에게 새가 어디 사는지 물으니 시키는 일을 하면 일러주겠다는 말에 오누이가 시키는 대로 하자, 삭정이 한 단을 내어 주며 수수밭 한가운데 제일 큰 수숫대를 뽑아 보라고 말했습니다.",
        "textWordEA": 27
      }
    },
    {
      "srcTextID": "97964",
      "srcText": "새는 밥을 한 솥 그득 지어 놓고 밥 풀 주걱을 빌리러 나가네. 오누이는 얼른 내려와 밥 한 솥을 다 먹어 치웠어. \"아니, 밥이 어디로 갔어!\" 새는 푸다닥푸다닥 난리를 쳐댔지.",
      "srcPage": 13,
      "srcSentenceEA": 4,
      "srcWordEA": 31,
      "character": "새,밥,주걱,오누이",
      "setting": null,
      "action": "지어 놓고,빌리러 나가네,내려와,먹어 치웠어,어디로 갔어,난리를 쳐댔지",
      "feeling": null,
      "causalRelationship": null,
      "outcomeResolution": null,
      "prediction": null,
      "plotSummaryInfoCount": 1,
      "plotSummaryInfo": {
        "classification": "의사소통",
        "readAge": "유아",
        "form": "long-form",
        "plotSummaryText": "밥을 그득 지어 놓은 새가 밥풀 주걱을 빌리러 나간 사이, 오누이가 밥을 다 먹어 치우고 나니 새가 돌아와 밥을 찾으며 난리를 쳐댔습니다.",
        "textWordEA": 22
      }
    },
    {
      "srcTextID": "95669",
      "srcText": "오누이는 부지런히 논을 갈고 모를 심고 김을 맸어. 가을이 되어 익은 벼를 차분차분 거두자 아저씨가 볏짚 태운 재 한 줌을 주며 말했어. \"재 너머 빨래하는 아주머니한테 가서 물어보려무나.\"",
      "srcPage": 4,
      "srcSentenceEA": 3,
      "srcWordEA": 29,
      "character": "오누이,모,벼,아저씨,볏짚,빨래하는 아주머니",
      "setting": "가을,논",
      "action": "갈고,심고,맸어,익은,거두자,주며 말했어,가서 물어보려무나,태운",
      "feeling": null,
      "causalRelationship": null,
      "outcomeResolution": null,
      "prediction": null,
      "plotSummaryInfoCount": 1,
      "plotSummaryInfo": {
        "classification": "의사소통",
        "readAge": "유아",
        "form": "short-form",
        "plotSummaryText": "오누이는 일을 도왔으며, 가을이 되자 아저씨는 볏짚 태운 재 한 줌을 주며 빨래하는 아주머니한테 가서 물어보라고 말했습니다.",
        "textWordEA": 17
      }
    },
    {
      "srcTextID": "95673",
      "srcText": "까마귀 말대로 넓은 수수밭 한가운데 유난히 큰 수숫대가 있네. 그걸 쑥 뽑았더니 그 아래 굴이 있어. 수숫대를 밧줄 삼아 내려가 보니 커다란 집 한 채가 있는데 주변에 기다란 깃털 몇 개가 떨어져 있는 거야. 바로 꽁지 닷 발 주둥이 닷 발 새가 사는 집이지. 오누이는 살금살금 집 안으로 들어갔어.",
      "srcPage": 7,
      "srcSentenceEA": 5,
      "srcWordEA": 53,
      "character": "수숫대,까마귀,깃털,오누이",
      "setting": "넓은 수수밭 한가운데,커다란 집,집 안",
      "action": "뽑았더니,내려가 보니,있는데,떨어져 있는 거야,사는,들어갔어",
      "feeling": null,
      "causalRelationship": null,
      "outcomeResolution": null,
      "prediction": null,
      "plotSummaryInfoCount": 1,
      "plotSummaryInfo": {
        "classification": "의사소통",
        "readAge": "유아",
        "form": "long-form",
        "plotSummaryText": "까마귀 말대로 큰 수숫대를 뽑으니 그 아래에는 꽁지 닷 발 주둥이 닷 발 새의 집이었으며, 오누이는 살금살금 집 안으로 들어갔습니다.",
        "textWordEA": 20
      }
    },
    {
      "srcTextID": "95674",
      "srcText": "새는 시루 가득 떡을 찌더니 떡 썰 칼을 빌리러 나가네. 그사이 오누이는 떡 한 시루를 다 먹어 없앴어. \"아니, 떡이 어디로 갔지?\" 새는 온 부엌을 헤집으며 씩씩거리다 맥이 빠져서 잠이 들었지.",
      "srcPage": 9,
      "srcSentenceEA": 4,
      "srcWordEA": 33,
      "character": "새,떡,칼,오누이",
      "setting": "부엌",
      "action": "찌더니,빌리러 나가네,먹어 없앴어,헤집으며,맥이 빠져서,들었지",
      "feeling": null,
      "causalRelationship": null,
      "outcomeResolution": null,
      "prediction": null,
      "plotSummaryInfoCount": 1,
      "plotSummaryInfo": {
        "classification": "의사소통",
        "readAge": "유아",
        "form": "long-form",
        "plotSummaryText": "떡을 찐 새가 칼을 빌리러 나간 사이에 오누이는 떡을 다 먹어 없앴고, 새는 떡을 찾다가 맥이 빠져 잠이 들었습니다.",
        "textWordEA": 19
      }
    },
    {
      "srcTextID": "97965",
      "srcText": "셋째 날, 새가 힘없이 중얼거렸어. \"오늘 저녁은 밥을 지어 콕 찍어 먹을까, 죽을 쑤어 훌훌 들이켤까, 떡을 쪄서 꿀꺽 삼킬까? 에라, 밥을 지어서 콕콕 찍어 먹어야겠다.\"",
      "srcPage": 12,
      "srcSentenceEA": 3,
      "srcWordEA": 27,
      "character": "새,밥,죽,떡",
      "setting": "셋째 날,오늘 저녁",
      "action": "중얼거렸어,지어,찍어 먹을까,쑤어,들이켤까,쪄서,삼킬까,먹어야겠다",
      "feeling": null,
      "causalRelationship": null,
      "outcomeResolution": null,
      "prediction": null,
      "plotSummaryInfoCount": 1,
      "plotSummaryInfo": {
        "classification": "의사소통",
        "readAge": "유아",
        "form": "short-form",
        "plotSummaryText": "셋째 날, 새가 힘없이 오늘 저녁 식사를 어떻게 할지 중얼거리는 소리가 들렸습니다.",
        "textWordEA": 12
      }
    },
    {
      "srcTextID": "95677",
      "srcText": "꽁지 닷 발 주둥이 닷 발 새는 사흘이나 굶어서 기운이 없었어. \"애고애고, 누워 쉬어야겠다.\" 그때 오빠가 방에다 재를 훌훌 뿌렸어.",
      "srcPage": 14,
      "srcSentenceEA": 3,
      "srcWordEA": 21,
      "character": "새,오빠,재",
      "setting": "방",
      "action": "굶어서,없었어,누워 쉬어야겠다,뿌렸어",
      "feeling": null,
      "causalRelationship": null,
      "outcomeResolution": null,
      "prediction": null,
      "plotSummaryInfoCount": 1,
      "plotSummaryInfo": {
        "classification": "의사소통",
        "readAge": "유아",
        "form": "short-form",
        "plotSummaryText": "사흘이나 굶어서 기운이 없었던 꽁지 닷 발 주둥이 닷 발 새가 누워서 쉬려는데, 오빠가 방에다 재를 뿌렸습니다.",
        "textWordEA": 17
      }
    },
    {
      "srcTextID": "95679",
      "srcText": "오누이는 재빨리 지붕에서 내려왔어. 오빠는 가마솥 뚜껑을 덮고 그 위에 커다란 돌을 올려놓았어. 동생은 아궁이에 삭정이를 집어넣고 불을 때기 시작했지.",
      "srcPage": 16,
      "srcSentenceEA": 3,
      "srcWordEA": 22,
      "character": "오누이,오빠,가마솥 뚜껑,커다란 돌,동생,삭정이",
      "setting": "지붕,아궁이",
      "action": "내려왔어,덮고,올려놓았어,집어넣고,때기 시작했지",
      "feeling": null,
      "causalRelationship": null,
      "outcomeResolution": null,
      "prediction": null,
      "plotSummaryInfoCount": 1,
      "plotSummaryInfo": {
        "classification": "의사소통",
        "readAge": "유아",
        "form": "short-form",
        "plotSummaryText": "재빨리 지붕에서 내려온 오빠가 가마솥 뚜껑을 덮고 그 위에 커다란 돌을 올려놓자, 동생은 아궁이에 삭정이를 집어넣고 불을 때기 시작했습니다.",
        "textWordEA": 19
      }
    },
    {
      "srcTextID": "95678",
      "srcText": "꽁지 닷 발 주둥이 닷 발 새는, \"따뜻하다, 따뜻해!\" 그러다 점점 뜨거워지니까, \"뜨거워라, 뜨거워! 고만 때라, 고만 때!\" 하면서 새까맣게 타 죽었어.",
      "srcPage": 17,
      "srcSentenceEA": 6,
      "srcWordEA": 25,
      "character": "새",
      "setting": null,
      "action": "뜨거워지니까,고만 때라,타 죽었어",
      "feeling": null,
      "causalRelationship": null,
      "outcomeResolution": null,
      "prediction": null,
      "plotSummaryInfoCount": 1,
      "plotSummaryInfo": {
        "classification": "의사소통",
        "readAge": "유아",
        "form": "long-form",
        "plotSummaryText": "새는 점점 뜨거워지자, 뜨거워 고만 때라고 하면서 새까맣게 타 죽었습니다.",
        "textWordEA": 10
      }
    },
    {
      "srcTextID": "95671",
      "srcText": "\"아주머니 아주머니, 꽁지 닷 발 주둥이 닷 발 새가 어디 사는지 아세요?\" \"이 빨래를 다 빨아 헹궈 말리고 다려 개어 주면 일러 주마.\" 오누이는 찰박찰박 철썩철썩, 허리 한번 펴지 않고 빨래를 했지. 그 많은 빨래를 헹구고 말리고 다려서 개어 주니까 아주머니는 도꼬마리 한 움큼을 주며 말했어. \"낭떠러지 꼭대기에 사는 까마귀한테 물어보렴.\"",
      "srcPage": 5,
      "srcSentenceEA": 5,
      "srcWordEA": 53,
      "character": "아주머니,새,빨래,오누이,도꼬마리,까마귀",
      "setting": "낭떠러지 꼭대기",
      "action": "아세요,다 빨아,헹궈 말리고,다려 개어 주면,일러 주마,펴지 않고,헹구고,말리고,말했어,사는,물어보렴",
      "feeling": null,
      "causalRelationship": null,
      "outcomeResolution": null,
      "prediction": null,
      "plotSummaryInfoCount": 1,
      "plotSummaryInfo": {
        "classification": "의사소통",
        "readAge": "유아",
        "form": "long-form",
        "plotSummaryText": "아주머니에게 새에 관해 묻자, 빨래를 도와주면 알려준다고 하여 오누이가 시키는 대로 하니 도꼬마리 한 움큼 주며 낭떠러지 꼭대기에 사는 까마귀에게 물어보라고 말했습니다.",
        "textWordEA": 22
      }
    },
    {
      "srcTextID": "95675",
      "srcText": "오누이가 지붕 밑에 숨었을 때 새가 중얼중얼하며 나와. \"오늘 저녁은 밥을 지어 콕 찍어 먹을까, 죽을 쑤어 훌훌 들이켤까, 떡을 쪄서 꿀꺽 삼킬까? 에라, 떡을 쪄서 꿀꺽 삼켜야겠다.\"",
      "srcPage": 8,
      "srcSentenceEA": 3,
      "srcWordEA": 29,
      "character": "오누이,새,밥,죽,떡",
      "setting": "지붕 밑,숨었을 때",
      "action": "나와,지어,찍어 먹을까,쑤어,들이켤까,쪄서,삼킬까,삼켜야겠다",
      "feeling": null,
      "causalRelationship": null,
      "outcomeResolution": null,
      "prediction": null,
      "plotSummaryInfoCount": 1,
      "plotSummaryInfo": {
        "classification": "의사소통",
        "readAge": "유아",
        "form": "short-form",
        "plotSummaryText": "오누이가 지붕 밑에 숨었을 때, 새는 오늘 저녁은 어떻게 식사할 지 중얼거리는 소리가 들렸습니다.",
        "textWordEA": 14
      }
    },
    {
      "srcTextID": "97961",
      "srcText": "다음 날 저녁, 새가 또 혼자 중얼거리네. \"오늘 저녁은 밥을 지어 콕 찍어 먹을까, 죽을 쑤어 훌훌 들이켤까, 떡을 쪄서 꿀꺽 삼킬까? 에라, 죽을 쑤어 훌훌 들이켜야겠다.\"",
      "srcPage": 10,
      "srcSentenceEA": 3,
      "srcWordEA": 28,
      "character": "새,밥,죽,떡",
      "setting": "다음 날 저녁,오늘 저녁",
      "action": "중얼거리네,지어,찍어 먹을까,쑤어,들이켤까,쪄서,삼킬까,들이켜야겠다",
      "feeling": null,
      "causalRelationship": null,
      "outcomeResolution": null,
      "prediction": null,
      "plotSummaryInfoCount": 1,
      "plotSummaryInfo": {
        "classification": "의사소통",
        "readAge": "유아",
        "form": "short-form",
        "plotSummaryText": "다음 날 저녁, 새는 또 오늘 저녁 식사를 어떻게 할지 중얼거리는 소리가 들렸습니다.",
        "textWordEA": 13
      }
    },
    {
      "srcTextID": "95676",
      "srcText": "\"아이고, 매워! 매워서 못 눕겠네!\" 재를 피해 바깥으로 나오는 새 앞에 동생은 도꼬마리를 집어 던졌어. \"아이고, 따가워! 빈대가 무나! 물어서 못 눕겠네!\" 새는 물것이 없는 곳을 찾아 가마솥으로 들어갔어.",
      "srcPage": 15,
      "srcSentenceEA": 7,
      "srcWordEA": 34,
      "character": "재,동생,도꼬마리,빈대",
      "setting": "바깥,새 앞,가마솥",
      "action": "못 눕겠네,피해,나오는,집어 던졌어,찾아,들어갔어",
      "feeling": null,
      "causalRelationship": null,
      "outcomeResolution": null,
      "prediction": null,
      "plotSummaryInfoCount": 1,
      "plotSummaryInfo": {
        "classification": "의사소통",
        "readAge": "유아",
        "form": "long-form",
        "plotSummaryText": "맵다며 재를 피해 바깥으로 나오는 새 앞으로 동생이 도꼬마리를 집어 던지니, 따갑다고 말하며 물건이 없는 곳을 찾던 새는 가마솥으로 들어갔습니다.",
        "textWordEA": 20
      }
    },
    {
      "srcTextID": "95680",
      "srcText": "오누이가 한참 있다 가마솥을 열어 보니 새는 간데없이 까맣게 탄 덩어리만 남아 있네. 그걸 꺼내 절구에 콩콩 찧으니까 가루가 날아가며 날것들로 변하지 뭐야. 꽁지 닷 발 주둥이 닷 발 새를 닮아 꽁지도 길고 주둥이도 긴 모기가 된 거야. 생김새만 꼭 같겠어? 모기란 놈 성질 고약한 것이 딱 꽁지 닷 발 주둥이 닷 발 새를 닮아 그런 거지, 암.",
      "srcPage": 18,
      "srcSentenceEA": 5,
      "srcWordEA": 62,
      "character": "오누이,새,모기",
      "setting": "가마솥,절구",
      "action": "열어 보니,남아 있네,꺼내,찧으니까,날아가며,변하지 뭐야,된 거야",
      "feeling": null,
      "causalRelationship": null,
      "outcomeResolution": null,
      "prediction": null,
      "plotSummaryInfoCount": 1,
      "plotSummaryInfo": {
        "classification": "의사소통",
        "readAge": "유아",
        "form": "long-form",
        "plotSummaryText": "오누이는 가마솥을 열어 까맣게 탄 덩어리를 꺼내 절구에 찧으니, 가루가 날것들로 변하여 모기가 되었습니다.",
        "textWordEA": 14
      }
    },
    {
      "srcTextID": "95670",
      "srcText": "한나절 꼬박 걸어가니, 논 가는 아저씨가 있어. \"아저씨 아저씨, 꽁지 닷 발 주둥이 닷 발 새가 어디 사는지 아세요?\" \"이 논 다 갈아서 모심고 김매서 거둬 주면 일러 주마.\"",
      "srcPage": 3,
      "srcSentenceEA": 3,
      "srcWordEA": 29,
      "character": "논,아저씨,새",
      "setting": "한나절",
      "action": "걸어가니,가는,있어,아세요,갈아서,일러 주마,모심고,김매서 거둬 주면",
      "feeling": null,
      "causalRelationship": null,
      "outcomeResolution": null,
      "prediction": null,
      "plotSummaryInfoCount": 1,
      "plotSummaryInfo": {
        "classification": "의사소통",
        "readAge": "유아",
        "form": "short-form",
        "plotSummaryText": "한나절을 걸어 아저씨를 만나 새가 어디 사는지 물어보니, 이 논 다 갈아서 모심고 김매서 거둬 주면 일러 주겠다고 했습니다.",
        "textWordEA": 19
      }
    },
    {
      "srcTextID": "97962",
      "srcText": "새는 죽을 한 솥 쑤어 놓고 죽 뜰 바가지를 빌리러 나가네. 오누이는 얼른 죽 한 솥을 다 먹어 없앴어. \"아니, 죽이 어디로 갔지?\" 새는 집 안팎으로 펄펄 뛰다가 기운이 빠져서 잠이 들었어.",
      "srcPage": 11,
      "srcSentenceEA": 4,
      "srcWordEA": 34,
      "character": "새,죽,바가지,오누이",
      "setting": "집 안팎",
      "action": "쑤어 놓고,빌리러 나가네,먹어 없앴어,어디로 갔지,뛰다가",
      "feeling": null,
      "causalRelationship": null,
      "outcomeResolution": null,
      "prediction": null,
      "plotSummaryInfoCount": 1,
      "plotSummaryInfo": {
        "classification": "의사소통",
        "readAge": "유아",
        "form": "long-form",
        "plotSummaryText": "죽을 쑤어 놓은 새가 바가지를 빌리러 나갈 때 오누이가 죽을 다 먹어 없애자, 새는 죽을 찾다가 기운이 빠져 잠이 들었습니다.",
        "textWordEA": 20
      }
    },
    {
      "srcTextID": "95667",
      "srcText": "옛날 옛날 간날 간날, 깊은 산골 외딴집에 가난한 어머니와 사이좋은 오누이가 살았어. 어느 날, 어머니는 장에 가고 오빠는 서당에 가고 누이동생 혼자 놀고 있는데, 꽁지가 닷 발 주둥이가 닷 발 되는 아주 큰 새가 날아왔어. \"아가 아가, 한 입 거리도 안 되는 아가, 너희 엄마 어디 갔니?\" \"우리 엄마 장에 갔지.\" 새는 어머니가 장에서 돌아오기를 기다렸다가 냉큼 잡아먹고 가 버렸어.",
      "srcPage": 1,
      "srcSentenceEA": 5,
      "srcWordEA": 62,
      "character": "어머니,오누이,오빠,누이동생,새",
      "setting": "옛날 옛날,깊은 산골 외딴집,장,서당",
      "action": "살았어,가고,놀고 있는데,날아왔어,기다렸다가,잡아먹고 가 버렸어",
      "feeling": null,
      "causalRelationship": null,
      "outcomeResolution": null,
      "prediction": null,
      "plotSummaryInfoCount": 1,
      "plotSummaryInfo": {
        "classification": "의사소통",
        "readAge": "유아",
        "form": "long-form",
        "plotSummaryText": "옛날 깊은 산골 외딴집에 가난한 어머니와 사이좋은 누이가 살고 있었는데, 어느 날 아주 큰 새가 날아와 장에서 돌아오는 어머니를 잡아먹고 가 버렸습니다.",
        "textWordEA": 22
      }
    }
  ]
}