{
  "title": "오늘이",
  "author": "박서영",
  "illustrator": "김언희",
  "isbn": "9791157987689",
  "publishedYear": 2019,
  "publisher": "세이펜북스",
  "paragraphInfoCount": 28,
  "paragraphInfo": [
    {
      "srcTextID": "107193",
      "srcText": "\"그런데 저도 부탁이 하나 있어요. 저는 윗가지에만 꽃이 하나 피고 밑가지에는 꽃이 피지 않거든요. 원천강에 가거든 왜 그런지 물어봐 줄래요?\" 오늘이는 그러마고 했어.",
      "srcPage": 6,
      "srcSentenceEA": 4,
      "srcWordEA": 26,
      "character": "저,윗가지,꽃,밑가지,오늘이",
      "setting": null,
      "action": "가거든,물어봐,그러마고 했어",
      "feeling": null,
      "causalRelationship": null,
      "outcomeResolution": null,
      "prediction": null,
      "plotSummaryInfoCount": 1,
      "plotSummaryInfo": {
        "classification": "의사소통",
        "readAge": "유아",
        "form": "long-form",
        "plotSummaryText": "그는 윗가지에만 꽃이 하나 피고 밑가지에는 꽃이 피지 않는 이유를 물어봐 달라고 부탁을 했고, 오늘이는 그러겠다고 했다.",
        "textWordEA": 17
      }
    },
    {
      "srcTextID": "105310",
      "srcText": "\"여의주를 하나만 물고 나머지는 처음 만나는 사람에게 뱉어 주면 용이 될 수 있답니다.\" 이무기가 얼른 여의주 두 개를 뱉어서 오늘이에게 주네. 그러고는 용이 되어 하늘로 올라갔어.",
      "srcPage": 25,
      "srcSentenceEA": 3,
      "srcWordEA": 28,
      "character": "여의주,사람,용,될,이무기,오늘이,하늘",
      "setting": null,
      "action": "물고,만나는,뱉어,뱉어서,주네,올라갔어",
      "feeling": null,
      "causalRelationship": null,
      "outcomeResolution": null,
      "prediction": null,
      "plotSummaryInfoCount": 1,
      "plotSummaryInfo": {
        "classification": "의사소통",
        "readAge": "유아",
        "form": "short-form",
        "plotSummaryText": "여의주를 하나만 물고 나머지는 처음 만나는 사람에게 뱉어 주면 용이 될 수 있다고 하자, 이무기는 여의주 두 개를 뱉어서 오늘이에게 주고는 용이 되어 하늘로 올라갔다.",
        "textWordEA": 25
      }
    },
    {
      "srcTextID": "105308",
      "srcText": "서천강 정자를 찾아가니 푸른 옷을 입은 장상 도령이 글을 읽고 있어. 원천강 가는 길을 물었더니 장상 도령이 대답해. \"가다 보면 연못이 있는데 거기 연꽃나무에게 물으면 알려 줄 겁니다.\"",
      "srcPage": 3,
      "srcSentenceEA": 3,
      "srcWordEA": 29,
      "character": "푸른 옷,장상 도령,연꽃나무",
      "setting": "서천강 정자,원천강,연못",
      "action": "찾아가니,입은,읽고,물었더니,대답해,가다,물으면",
      "feeling": null,
      "causalRelationship": null,
      "outcomeResolution": null,
      "prediction": null,
      "plotSummaryInfoCount": 1,
      "plotSummaryInfo": {
        "classification": "의사소통",
        "readAge": "유아",
        "form": "short-form",
        "plotSummaryText": "서천강 정자를 찾아가니 푸른 옷을 입은 장상 도령이 글을 읽고 있어서 길을 물었더니, 연꽃나무에게 물으면 알려 줄 거라고 대답했다.",
        "textWordEA": 19
      }
    },
    {
      "srcTextID": "107200",
      "srcText": "오늘이는 풀을 베어 뭉쳐서 구멍을 막았어. 송진을 녹여 칠하니 물이 새지 않았지. 선녀들은 순식간에 우물물을 다 퍼내고 기뻐했어.",
      "srcPage": 12,
      "srcSentenceEA": 3,
      "srcWordEA": 20,
      "character": "오늘이,풀,송진,물,선녀들,우물물",
      "setting": null,
      "action": "베어,뭉쳐서,막았어,녹여,칠하니,퍼내고",
      "feeling": "기뻐했어",
      "causalRelationship": null,
      "outcomeResolution": null,
      "prediction": null,
      "plotSummaryInfoCount": 1,
      "plotSummaryInfo": {
        "classification": "의사소통",
        "readAge": "유아",
        "form": "short-form",
        "plotSummaryText": "오늘이는 풀을 베어 뭉쳐서 구멍을 막고 송진을 녹여 칠하니 물이 새지 않았고, 선녀들은 순식간에 우물물을 다 퍼내어 기뻐했다.",
        "textWordEA": 18
      }
    },
    {
      "srcTextID": "107201",
      "srcText": "선녀들은 오늘이를 원천강에 데려다 주었어. \"우리는 여기까지만 올 수 있어요. 여기서부터는 혼자 가야 해요.\" 선녀들은 오늘이에게 복을 빌어 주고 돌아갔어.",
      "srcPage": 14,
      "srcSentenceEA": 4,
      "srcWordEA": 22,
      "character": "선녀들,오늘이,우리,혼자",
      "setting": "원천강",
      "action": "데려다,가야,복을 빌어 주고,돌아갔어",
      "feeling": null,
      "causalRelationship": null,
      "outcomeResolution": null,
      "prediction": null,
      "plotSummaryInfoCount": 1,
      "plotSummaryInfo": {
        "classification": "의사소통",
        "readAge": "유아",
        "form": "long-form",
        "plotSummaryText": "선녀들은 오늘이를 원천강에 데려다주면서 우리는 여기까지만 올 수 있으니, 여기서부터는 혼자 가야 한다고 복을 빌어 주고 돌아갔다.",
        "textWordEA": 17
      }
    },
    {
      "srcTextID": "107206",
      "srcText": "오늘이는 하늘이 무너지는 것 같았어. \"멀리서 여기까지 왔는데 부모님을 못 만나고 가다니요. 산 넘고 강 건너 고생고생 왔는데 이렇게도 모질게 막으시다니요.\"",
      "srcPage": 17,
      "srcSentenceEA": 3,
      "srcWordEA": 22,
      "character": "오늘이,하늘,부모님,산,강",
      "setting": null,
      "action": "왔는데,못 만나고,가다니요,넘고,건너,막으시다니요",
      "feeling": null,
      "causalRelationship": null,
      "outcomeResolution": null,
      "prediction": null,
      "plotSummaryInfoCount": 1,
      "plotSummaryInfo": {
        "classification": "의사소통",
        "readAge": "유아",
        "form": "short-form",
        "plotSummaryText": "오늘이는 여기까지 와서 부모님을 못 만나고 간다고 하니 하늘이 무너지는 것 같았다.",
        "textWordEA": 12
      }
    },
    {
      "srcTextID": "107191",
      "srcText": "아득한 옛날 적막한 들에 옥같이 고운 여자아이 하나가 외로이 나타났어. 사람들이 물으니 이름도 모르고 나이도 모른다지. 그저 하늘에서 학이 날아와 날개로 품어 주고 먹을 걸 가져다줘서 살아왔다는 거야. 사람들은 이 아이를 오늘 만났다 해서 오늘이라고 부르기로 했어.",
      "srcPage": 1,
      "srcSentenceEA": 4,
      "srcWordEA": 40,
      "character": "옥,여자아이,사람들,하늘,학,날개,먹을 걸,아이,오늘이",
      "setting": "옛날,들",
      "action": "나타났어,물으니,날아와,품어 주고,가져다줘서,살아왔다는,만났다,부르기로",
      "feeling": "외로이",
      "causalRelationship": null,
      "outcomeResolution": null,
      "prediction": null,
      "plotSummaryInfoCount": 1,
      "plotSummaryInfo": {
        "classification": "의사소통",
        "readAge": "유아",
        "form": "long-form",
        "plotSummaryText": "하늘에서 학이 날아와 날개로 품어 주고 먹을 걸 가져다줘서 살아왔다는 옥같이 고운 여자아이를 사람들은 오늘이라고 부르기로 했다.",
        "textWordEA": 17
      }
    },
    {
      "srcTextID": "107192",
      "srcText": "오늘이가 이곳저곳을 다니다 무엇이든 다 안다는 백씨 부인을 만나게 되었어. \"제 부모님이 어디 계신지 알려 주세요.\" \"네 부모는 하늘나라 원천강에 있단다.\" 원천강을 어떻게 갈 수 있냐니까 서천강 정자에서 글 읽는 장상 도령에게 물어보래.",
      "srcPage": 2,
      "srcSentenceEA": 4,
      "srcWordEA": 34,
      "character": "오늘이,백씨 부인,제,부모님,네,부모,장상 도령",
      "setting": "하늘나라 원천강,서천강 정자",
      "action": "다니다,만나게,갈,읽는,물어보래",
      "feeling": null,
      "causalRelationship": null,
      "outcomeResolution": null,
      "prediction": null,
      "plotSummaryInfoCount": 1,
      "plotSummaryInfo": {
        "classification": "의사소통",
        "readAge": "유아",
        "form": "long-form",
        "plotSummaryText": "오늘이가 무엇이든 다 안다는 백씨 부인을 만나 부모님이 어디 계신지 알려 달라고 하니 서천강 정자에서 글 읽는 장상 도령에게 물어보라고 했다.",
        "textWordEA": 21
      }
    },
    {
      "srcTextID": "107194",
      "srcText": "가다 보니 정말 연못에 연꽃나무가 있어. 원천강 가는 길을 물었더니 연꽃나무가 대답해. \"가다 보면 푸른 강이 나오는데 거기 이무기에게 물으면 알려 줄 거예요.\"",
      "srcPage": 5,
      "srcSentenceEA": 3,
      "srcWordEA": 24,
      "character": "연꽃나무,이무기",
      "setting": "연못,원천강,푸른 강",
      "action": "가다,가는,물었더니,대답해,물으면,알려 줄",
      "feeling": null,
      "causalRelationship": null,
      "outcomeResolution": null,
      "prediction": null,
      "plotSummaryInfoCount": 1,
      "plotSummaryInfo": {
        "classification": "의사소통",
        "readAge": "유아",
        "form": "short-form",
        "plotSummaryText": "가다 보니 연못에 연꽃나무가 있었는데 연꽃나무가 가다 보면 푸른 강이 나오는데, 거기 이무기에게 물으면 알려 줄 거라고 대답했다.",
        "textWordEA": 18
      }
    },
    {
      "srcTextID": "107196",
      "srcText": "가다 보니 정말 출러덩출러덩 푸른 강에 큰 이무기가 있어. 원천강 가는 길을 물었더니 이무기가 대답은 않고 이렇게 말해. \"나는 여의주를 세 개나 물었는데도 용이 못 되었어요.\"",
      "srcPage": 7,
      "srcSentenceEA": 3,
      "srcWordEA": 27,
      "character": "이무기,나,여의주,용",
      "setting": "푸른 강,원천강",
      "action": "가다,가는,물었더니,대답은 않고,말해,물었는데도",
      "feeling": null,
      "causalRelationship": null,
      "outcomeResolution": null,
      "prediction": null,
      "plotSummaryInfoCount": 1,
      "plotSummaryInfo": {
        "classification": "의사소통",
        "readAge": "유아",
        "form": "short-form",
        "plotSummaryText": "가다 보니 푸른 강에 큰 이무기가 있어 물었더니, 이무기는 대답은 않고 여의주를 세 개나 물었는데도 용이 못 되었다고 말했다.",
        "textWordEA": 19
      }
    },
    {
      "srcTextID": "107195",
      "srcText": "\"다른 이무기들은 한 개만 물어도 용이 되는데 말이에요. 원천강에 가면 이유를 알아다 줄래요?\" 오늘이가 그러마고 하니까 이무기가 등에 태워 강을 건네줘. 가다 보면 매일이라는 사람을 만날 테니 길을 물어보래.",
      "srcPage": 8,
      "srcSentenceEA": 4,
      "srcWordEA": 32,
      "character": "이무기들,용,오늘이,등,매일이,사람",
      "setting": "원천강,강",
      "action": "물어도,가면,알아다,그러마고 하니까,태워,건네줘,가다,만날,물어보래",
      "feeling": null,
      "causalRelationship": null,
      "outcomeResolution": null,
      "prediction": null,
      "plotSummaryInfoCount": 1,
      "plotSummaryInfo": {
        "classification": "의사소통",
        "readAge": "유아",
        "form": "long-form",
        "plotSummaryText": "다른 이무기들은 한 개만 물어도 용이 되는데 그 이유를 알아다 주기로 하고, 이무기가 강을 건네주고 매일이라는 사람을 만날 테니 길을 물어보라고 했다.",
        "textWordEA": 22
      }
    },
    {
      "srcTextID": "107198",
      "srcText": "가다 보니 정말 매일이라는 사람이 있어. 꼭 장상 도령처럼 정자에서 글을 읽고 있네. 원천강 가는 길을 물었지.",
      "srcPage": 9,
      "srcSentenceEA": 3,
      "srcWordEA": 19,
      "character": "매일이,사람,장상 도령",
      "setting": "정자,원천강",
      "action": "가다,읽고,가는,물었지",
      "feeling": null,
      "causalRelationship": null,
      "outcomeResolution": null,
      "prediction": null,
      "plotSummaryInfoCount": 1,
      "plotSummaryInfo": {
        "classification": "의사소통",
        "readAge": "유아",
        "form": "short-form",
        "plotSummaryText": "장상 도령처럼 정자에서 글을 읽고 있는 매일이에게 원천강 가는 길을 물었다.",
        "textWordEA": 11
      }
    },
    {
      "srcTextID": "107197",
      "srcText": "\"가다 보면 우물가에서 선녀들이 울고 있을 거예요. 그 선녀들에게 원천강에 데려다 달라고 하세요. 원천강에 가거든 제가 온종일 글만 읽고 집 밖으로 나가지 못하는 까닭을 물어봐 줄래요?\" 오늘이는 그러마고 했어.",
      "srcPage": 10,
      "srcSentenceEA": 4,
      "srcWordEA": 32,
      "character": "선녀들,제,오늘이",
      "setting": "우물가,원천강,집",
      "action": "가다,울고,데려다,하세요,가거든,읽고,나가지 못하는,물어봐,그러마고 했어",
      "feeling": null,
      "causalRelationship": null,
      "outcomeResolution": null,
      "prediction": null,
      "plotSummaryInfoCount": 1,
      "plotSummaryInfo": {
        "classification": "의사소통",
        "readAge": "유아",
        "form": "long-form",
        "plotSummaryText": "우물가에서 울고 있는 선녀들에게 원천강에 데려다 달라고 말하라면서 원천강에 가거든 글만 읽고 집 밖으로 나가지 못하는 까닭을 물어봐 달라고 했다.",
        "textWordEA": 20
      }
    },
    {
      "srcTextID": "107199",
      "srcText": "가다 보니 정말 갈림길 옆 우물가에서 선녀들이 울고 있어. \"선녀님들은 왜 울고 계세요?\" \"우리는 옥황상제의 선녀였는데 죄를 지어 쫓겨났어요. 이 우물물을 다 퍼내야 돌아갈 수 있는데 두레박에 구멍이 나서 아무리 해도 안 돼요.\"",
      "srcPage": 11,
      "srcSentenceEA": 4,
      "srcWordEA": 34,
      "character": "선녀들,우리,옥황상제,선녀,우물물,두레박",
      "setting": "우물가",
      "action": "가다,울고,죄를 지어,퍼내야,돌아갈,해도",
      "feeling": null,
      "causalRelationship": null,
      "outcomeResolution": null,
      "prediction": null,
      "plotSummaryInfoCount": 1,
      "plotSummaryInfo": {
        "classification": "의사소통",
        "readAge": "유아",
        "form": "long-form",
        "plotSummaryText": "갈림길 옆 우물가에 죄를 지어 쫓겨난 선녀들이 있었고, 그녀들은 우물물을 다 퍼내야 돌아갈 수 있는데 두레박에 구멍이 나서 아무리 해도 안 된다고 울고 있었다.",
        "textWordEA": 24
      }
    },
    {
      "srcTextID": "107202",
      "srcText": "오늘이는 선녀들에게 물었어. \"원천강으로 가려는데 어떻게 하면 갈 수 있을까요?\" \"우리가 모셔다 드릴게요.\"",
      "srcPage": 13,
      "srcSentenceEA": 3,
      "srcWordEA": 13,
      "character": "오늘이,선녀들,원천강,우리",
      "setting": null,
      "action": "물었어,가려는데,갈,모셔다",
      "feeling": null,
      "causalRelationship": null,
      "outcomeResolution": null,
      "prediction": "우리가 모셔다 드릴게요.",
      "plotSummaryInfoCount": 1,
      "plotSummaryInfo": {
        "classification": "의사소통",
        "readAge": "유아",
        "form": "short-form",
        "plotSummaryText": "오늘이는 선녀들에게 원천강으로 가려는데 어떻게 하면 갈 수 있냐고 묻자, 선녀들이 모셔다드린다고 했다.",
        "textWordEA": 13
      }
    },
    {
      "srcTextID": "107204",
      "srcText": "원천강에는 높은 성이 있고 문지기가 지키고 있어. \"문지기님, 문 좀 열어 주세요.\" \"너는 누구이고, 무슨 일로 문을 열어 달라느냐?\"",
      "srcPage": 15,
      "srcSentenceEA": 3,
      "srcWordEA": 19,
      "character": "성,문지기,문,너",
      "setting": "원천강",
      "action": "지키고,열어",
      "feeling": null,
      "causalRelationship": null,
      "outcomeResolution": null,
      "prediction": null,
      "plotSummaryInfoCount": 1,
      "plotSummaryInfo": {
        "classification": "의사소통",
        "readAge": "유아",
        "form": "short-form",
        "plotSummaryText": "원천강의 높은 성에 문지기가 지키고 있는데, 문 좀 열어 주라고 말하니, 누구며, 무슨 일로 문을 열어 달라느냐고 물었다.",
        "textWordEA": 18
      }
    },
    {
      "srcTextID": "105307",
      "srcText": "\"그런데 내 부탁 하나 들어주겠소? 나는 옥황상제의 명으로 밤낮으로 글만 읽고 있다오. 내가 언제까지 글만 읽어야 하는지 원천강에 가거든 물어봐 주시오.\" 오늘이는 그러마고 했어.",
      "srcPage": 4,
      "srcSentenceEA": 4,
      "srcWordEA": 27,
      "character": "내,나,옥황상제,오늘이",
      "setting": "원천강",
      "action": "들어주겠소,읽고,읽어야,가거든,물어봐,그러마고 했어",
      "feeling": null,
      "causalRelationship": null,
      "outcomeResolution": null,
      "prediction": null,
      "plotSummaryInfoCount": 1,
      "plotSummaryInfo": {
        "classification": "의사소통",
        "readAge": "유아",
        "form": "long-form",
        "plotSummaryText": "그가 나는 글만 읽고 있는데 언제까지 글만 읽어야 하는지 물어봐 주라고 하니, 오늘이는 그러겠다고 했다.",
        "textWordEA": 15
      }
    },
    {
      "srcTextID": "107203",
      "srcText": "\"저는 인간 세상 오늘이인데, 부모님을 만나러 왔어요.\" \"절대 열어 줄 수 없다! 여기는 사람이 올 데가 아니니 얼른 돌아가거라.\" 문지기는 꿈쩍도 하지 않았어. 거듭거듭 애원해도 소용이 없어.",
      "srcPage": 16,
      "srcSentenceEA": 5,
      "srcWordEA": 30,
      "character": "저,오늘이,부모님,사람,문지기",
      "setting": null,
      "action": "만나러,올,돌아가거라,꿈쩍도 하지 않았어,애원해도",
      "feeling": null,
      "causalRelationship": null,
      "outcomeResolution": null,
      "prediction": null,
      "plotSummaryInfoCount": 1,
      "plotSummaryInfo": {
        "classification": "의사소통",
        "readAge": "유아",
        "form": "long-form",
        "plotSummaryText": "저는 인간 세상 오늘이인데, 부모님을 만나러 왔다고 하자 문지기는 절대 열어 줄 수 없다고 말했고, 거듭거듭 애원해도 소용이 없었다.",
        "textWordEA": 19
      }
    },
    {
      "srcTextID": "107205",
      "srcText": "\"부모님을 문 뒤에 두고 외롭고도 외롭네. 가련해라 내 신세, 그리워라 부모님.\" 오늘이가 구슬프게 흐느끼니 문지기도 마음이 바뀌었나 봐. 문지기는 부모궁에 올라가 오늘이가 왔다고 전했어.",
      "srcPage": 18,
      "srcSentenceEA": 4,
      "srcWordEA": 27,
      "character": "부모님,문,내,오늘이,문지기",
      "setting": "부모궁",
      "action": "올라가,왔다고,전했어",
      "feeling": "외롭고도,외롭네,그리워라,구슬프게 흐느끼니",
      "causalRelationship": null,
      "outcomeResolution": null,
      "prediction": null,
      "plotSummaryInfoCount": 1,
      "plotSummaryInfo": {
        "classification": "의사소통",
        "readAge": "유아",
        "form": "long-form",
        "plotSummaryText": "부모님을 문 뒤에 두고 외롭고 그립다고 오늘이가 구슬프게 흐느끼니, 문지기도 마음이 바뀌었는지 부모궁에 올라가 오늘이가 왔다고 전했다.",
        "textWordEA": 17
      }
    },
    {
      "srcTextID": "107209",
      "srcText": "오늘이가 부모궁으로 올라가자 아버지 어머니가 반겨. \"어린 네가 여기를 어떻게 찾아왔느냐.\" 오늘이는 애달파하는 부모님께 지난 일을 모조리 말했어.",
      "srcPage": 19,
      "srcSentenceEA": 3,
      "srcWordEA": 19,
      "character": "오늘이,아버지,어머니,네,부모님",
      "setting": "부모궁",
      "action": "올라가자,찾아왔느냐,말했어",
      "feeling": "반겨,애달파하는",
      "causalRelationship": null,
      "outcomeResolution": null,
      "prediction": null,
      "plotSummaryInfoCount": 1,
      "plotSummaryInfo": {
        "classification": "의사소통",
        "readAge": "유아",
        "form": "short-form",
        "plotSummaryText": "오늘이가 부모궁으로 올라가자 부모님은 어린 네가 여기를 어떻게 찾아왔냐고 반겼고, 오늘이는 애달파하는 부모님께 지난 일을 모조리 말했다.",
        "textWordEA": 17
      }
    },
    {
      "srcTextID": "107207",
      "srcText": "\"기특하고 기특하구나. 우리 자식이 틀림없다.\" 아버지 어머니는 눈물을 흘리며 말했어.",
      "srcPage": 20,
      "srcSentenceEA": 3,
      "srcWordEA": 12,
      "character": "우리 자식,아버지,어머니,눈물",
      "setting": null,
      "action": "흘리며,말했어",
      "feeling": null,
      "causalRelationship": null,
      "outcomeResolution": null,
      "prediction": null,
      "plotSummaryInfoCount": 1,
      "plotSummaryInfo": {
        "classification": "의사소통",
        "readAge": "유아",
        "form": "short-form",
        "plotSummaryText": "기특하다고 하면서 우리 자식이 틀림없다고 아버지 어머니는 눈물을 흘리며 말했다.",
        "textWordEA": 10
      }
    },
    {
      "srcTextID": "107208",
      "srcText": "\"너를 낳았을 즈음 옥황상제님이 원천강을 지키라고 하셨단다. 명령을 거스를 수 없어 여기 있지만 네가 하는 일을 다 보고 너를 지켜 주고 있었단다.\" 부모님은 원천강 구경이나 하고 가라지.",
      "srcPage": 21,
      "srcSentenceEA": 3,
      "srcWordEA": 29,
      "character": "너,옥황상제,네,부모님",
      "setting": "원천강",
      "action": "낳았을,지키라고,하셨단다,하는 일,보고,지켜,구경,가라지",
      "feeling": null,
      "causalRelationship": null,
      "outcomeResolution": null,
      "prediction": null,
      "plotSummaryInfoCount": 1,
      "plotSummaryInfo": {
        "classification": "의사소통",
        "readAge": "유아",
        "form": "short-form",
        "plotSummaryText": "옥황상제님이 원천강을 지키라고 하셔서 여기 있지만, 부모님은 네가 하는 일을 다 보고 지켜 주고 있으니 원천강 구경이나 하고 가라고 했다.",
        "textWordEA": 20
      }
    },
    {
      "srcTextID": "107211",
      "srcText": "오늘이는 연꽃나무를 만나 들은 대로 일러 주었어. \"윗가지에 핀 꽃 하나를 꺾어 처음 만나는 사람에게 주면 밑가지에도 꽃을 피울 수 있대요.\" 연꽃나무는 얼른 윗가지에 핀 꽃을 꺾어 오늘이에게 주네. 그러자 가지마다 고운 꽃이 피어나 연못을 뒤덮어. 연꽃 향내가 멀리까지 퍼져 나갔지.",
      "srcPage": 26,
      "srcSentenceEA": 5,
      "srcWordEA": 44,
      "character": "오늘이,연꽃나무,윗가지,꽃,사람,밑가지,가지,연꽃",
      "setting": "연못",
      "action": "만나,일러,꺾어,주면,주네,피어나,뒤덮어",
      "feeling": null,
      "causalRelationship": null,
      "outcomeResolution": null,
      "prediction": null,
      "plotSummaryInfoCount": 1,
      "plotSummaryInfo": {
        "classification": "의사소통",
        "readAge": "유아",
        "form": "long-form",
        "plotSummaryText": "연꽃나무는 얼른 윗가지에 핀 꽃을 꺾어 오늘이에게 주자 가지마다 고운 꽃이 피어나 연못을 뒤덮였다.",
        "textWordEA": 14
      }
    },
    {
      "srcTextID": "107213",
      "srcText": "오늘이는 백씨 부인을 만나 여의주 하나를 주었어. \"덕분에 부모님을 만나고 왔어요.\" 오늘이는 연꽃과 여의주를 가지고 선녀가 되었어. 지금도 오늘이는 사람 사는 세상에 내려와 마을마다 다니며 원천강 이야기를 들려준다지.",
      "srcPage": 28,
      "srcSentenceEA": 4,
      "srcWordEA": 30,
      "character": "오늘이,백씨 부인,여의주,부모님,연꽃,선녀,사람,마을",
      "setting": "원천강",
      "action": "만나,주었어,만나고,왔어요,가지고,되었어,내려와,다니며,들려준다지",
      "feeling": null,
      "causalRelationship": null,
      "outcomeResolution": null,
      "prediction": null,
      "plotSummaryInfoCount": 1,
      "plotSummaryInfo": {
        "classification": "의사소통",
        "readAge": "유아",
        "form": "long-form",
        "plotSummaryText": "백씨 부인을 만나 여의주 하나를 주었고, 오늘이는 연꽃과 여의주를 가지고 선녀가 되었고, 지금도 오늘이는 사람 사는 세상에 내려와 마을마다 다니며 원천강 이야기를 들려준다고 했다.",
        "textWordEA": 24
      }
    },
    {
      "srcTextID": "107210",
      "srcText": "어느덧 돌아갈 때가 되었어. 오면서 부탁받은 것들을 물어보자 부모님이 말해 주었지. \"장상 도령과 매일이는 둘이 혼인을 하면 행복하게 살 것이고 연꽃나무는 윗가지에 핀 꽃 하나를 꺾어 처음 만나는 사람에게 주면 밑가지에도 꽃이 필 것이다. 이무기는 여의주를 한 개만 물었으면 용이 되었을 것인데 욕심 부리느라 세 개를 물어서 못 된 것이니 처음 만나는 사람에게 두 개를 뱉어 주면 용이 될 것이다. 너는 연꽃과 여의주를 가지면 선녀가 될 것이니라.\"",
      "srcPage": 23,
      "srcSentenceEA": 5,
      "srcWordEA": 70,
      "character": "부모님,장상 도령,매일이,연꽃나무,윗가지,꽃,사람,밑가지,이무기,여의주,용,너,연꽃,선녀",
      "setting": "돌아갈 때",
      "action": "오면서,물어보자,말해,혼인을,꺾어,만나는,주면,필,물었으면,물어서,뱉어,가지면,될",
      "feeling": "행복하게",
      "causalRelationship": null,
      "outcomeResolution": null,
      "prediction": null,
      "plotSummaryInfoCount": 1,
      "plotSummaryInfo": {
        "classification": "의사소통",
        "readAge": "유아",
        "form": "long-form",
        "plotSummaryText": "부모님이 장상 도령과 매일이는 둘이 혼인을 하면 행복하게 살 것이고, 처음 만나는 사람에게 주면 밑가지에도 꽃이 필 것이고, 이무기는 여의주를 한 개만 물었으면 용이 될 것이고, 너는 연꽃과 여의주를 가지면 선녀가 될 것이라고 했다.",
        "textWordEA": 34
      }
    },
    {
      "srcTextID": "107212",
      "srcText": "오늘이는 장상 도령을 만나 들은 대로 일러 주었어. \"여기 있는 매일이 아가씨와 혼인하면 행복해질 수 있대요.\" 이 말을 듣고 장상 도령은 매일이와 혼인을 했지.",
      "srcPage": 27,
      "srcSentenceEA": 3,
      "srcWordEA": 25,
      "character": "오늘이,장상 도령,아가씨,매일이",
      "setting": null,
      "action": "만나,들은,일러,혼인하면,듣고,혼인을 했지",
      "feeling": null,
      "causalRelationship": null,
      "outcomeResolution": null,
      "prediction": null,
      "plotSummaryInfoCount": 1,
      "plotSummaryInfo": {
        "classification": "의사소통",
        "readAge": "유아",
        "form": "short-form",
        "plotSummaryText": "오늘이는 장상 도령을 만나 들은 대로 일러 주었고, 이 말을 들은 장상 도령은 매일이와 혼인을 했다.",
        "textWordEA": 16
      }
    },
    {
      "srcTextID": "105309",
      "srcText": "오늘이는 원천강 성 곳곳마다 문을 열어 보았어. 문 하나를 여니 봄이고, 다른 문을 여니 여름이고, 원천강에는 사계절이 다 있어. 오늘이는 꿈같이 행복하게 몇 날 며칠을 보냈어.",
      "srcPage": 22,
      "srcSentenceEA": 3,
      "srcWordEA": 28,
      "character": "오늘이,문",
      "setting": "원천강 성",
      "action": "열어,여니,보냈어",
      "feeling": "꿈같이 행복하게",
      "causalRelationship": null,
      "outcomeResolution": null,
      "prediction": null,
      "plotSummaryInfoCount": 1,
      "plotSummaryInfo": {
        "classification": "의사소통",
        "readAge": "유아",
        "form": "short-form",
        "plotSummaryText": "오늘이는 원천강 성 곳곳의 문을 열어 보았는데, 원천강에는 사계절이 다 있었고, 꿈같이 행복하게 보냈다.",
        "textWordEA": 14
      }
    },
    {
      "srcTextID": "105311",
      "srcText": "오늘이는 원천강을 떠나 인간 세상으로 돌아왔어. 돌아오는 길에 매일이를 만나 들은 대로 일러 주고 함께 장상 도령을 만나러 떠났어. 가는 길에 이무기를 만나 들은 대로 일러 주었어.",
      "srcPage": 24,
      "srcSentenceEA": 3,
      "srcWordEA": 29,
      "character": "오늘이,인간,매일이,장상 도령,이무기",
      "setting": "원천강",
      "action": "떠나,돌아왔어,돌아오는,만나,들은,일러,만나러,떠났어",
      "feeling": null,
      "causalRelationship": null,
      "outcomeResolution": null,
      "prediction": null,
      "plotSummaryInfoCount": 1,
      "plotSummaryInfo": {
        "classification": "의사소통",
        "readAge": "유아",
        "form": "short-form",
        "plotSummaryText": "오늘이는 원천강을 떠나 매일이를 만나 들은 대로 일러 주고, 함께 가는 길에 이무기를 만나 들은 대로 일러 주었다.",
        "textWordEA": 18
      }
    }
  ]
}