{
  "title": "전강동이와 누나",
  "author": "최향숙",
  "illustrator": "이윤민",
  "isbn": "9791157987436",
  "publishedYear": 2019,
  "publisher": "세이펜북스",
  "paragraphInfoCount": 32,
  "paragraphInfo": [
    {
      "srcTextID": "98229",
      "srcText": "이런 이들이 있어야 세상이 돌아가는 법이니 이들이야말로 진짜 '장사'가 아닐까요? 이야기 속에서 전강동이의 누나가 더 큰 장사였다는 데는 이런 의미가 담겨 있다고 생각해 볼 수 있겠습니다. 그래요, 전강동이처럼 앞으로 나서서 잘난 척하는 게 대수가 아니지요. 겸손한 마음으로 주변을 살펴보고 다른 사람을 존중하는 태도를 가질 필요가 있다는 소중한 교훈을 이 이야기는 우리에게 잘 전해 주고 있습니다.",
      "srcPage": 32,
      "srcSentenceEA": 5,
      "srcWordEA": 59,
      "character": "전강동이,누나",
      "setting": null,
      "action": "앞으로 나서서,살펴보고,존중하는 태도",
      "feeling": "이런 의미가,겸손한 마음,소중한 교훈",
      "causalRelationship": null,
      "outcomeResolution": null,
      "prediction": null,
      "plotSummaryInfoCount": 1,
      "plotSummaryInfo": {
        "classification": "의사소통",
        "readAge": "유아",
        "form": "long-form",
        "plotSummaryText": "이런 이들이 있어야 세상이 돌아가는 법이니 이들이야말로 진짜 장사이고 전강동이처럼 앞으로 나서서 잘난 척하는 게 대수가 아니고 겸손한 마음으로 주변을 살펴보고 다른 사람을 존중하는 태도를 가질 필요가 있다는 소중한 교훈을 우리에게 잘 전해 주고 있습니다.",
        "textWordEA": 35
      }
    },
    {
      "srcTextID": "98200",
      "srcText": "가만 보니 중들이 밤만 되면 어디를 갔다 오는 거야. 그래서 어느 날은 전강동이가 가만가만 따라가 봤지. 중들이 간 곳은 앞산 골짜기 큰 바위 앞이었어.",
      "srcPage": 3,
      "srcSentenceEA": 3,
      "srcWordEA": 26,
      "character": "중들,전강동이",
      "setting": "그래서 어느 날은,앞산 골짜기 큰 바위 앞",
      "action": "가만가만 따라가 봤지,간 곳은",
      "feeling": null,
      "causalRelationship": null,
      "outcomeResolution": null,
      "prediction": null,
      "plotSummaryInfoCount": 1,
      "plotSummaryInfo": {
        "classification": "의사소통",
        "readAge": "유아",
        "form": "short-form",
        "plotSummaryText": "중들이 밤만 되면 어디를 갔다 와서 전강동이가 따라가 봤는데 중들이 간 곳은 골짜기 앞산 바위 앞이었습니다.",
        "textWordEA": 16
      }
    },
    {
      "srcTextID": "98198",
      "srcText": "저기 저 곽산 땅에 망국봉이란 산이 있는데, 옛날 이 산 밑에 전강동이라는 아이가 살았어. 전강동이는 집이 가난해서 서당에 다닐 수가 없었어. 그래서 근처 절에서 잔심부름을 하며 글공부를 했지.",
      "srcPage": 1,
      "srcSentenceEA": 3,
      "srcWordEA": 30,
      "character": "전강동이라는 아이,서당",
      "setting": "곽산 땅,망국봉이란 산,옛날 이 산 밑에,절",
      "action": "다닐 수가 없었어,글공부를 했지",
      "feeling": null,
      "causalRelationship": null,
      "outcomeResolution": null,
      "prediction": null,
      "plotSummaryInfoCount": 1,
      "plotSummaryInfo": {
        "classification": "의사소통",
        "readAge": "유아",
        "form": "short-form",
        "plotSummaryText": "곽산 땅 망국봉이란 산에 전강동이라는 아이가 살았는데 전강동은 집이 가난해서 서당에 다닐 수가 없자 근처 절에서 심부름하며 글공부를 했다고 합니다.",
        "textWordEA": 20
      }
    },
    {
      "srcTextID": "98225",
      "srcText": "아마도 그래서 이렇게 '힘이 세지는 물'에 대한 얘기도 나오는 것 같습니다. 글쎄요, 어쩌면 그런 '장군수'가 실제로 있을지도 몰라요. 산속 깊이 들어가서 바위틈에서 나오는 맑은 물을 먹으면 그게 곧 장군수가 되는 거 아닐까요?",
      "srcPage": 25,
      "srcSentenceEA": 6,
      "srcWordEA": 36,
      "character": "바위틈,물,장군수",
      "setting": null,
      "action": "들어가서,먹으면,나오는 것 같습니다",
      "feeling": "아마도,글쎄요",
      "causalRelationship": null,
      "outcomeResolution": null,
      "prediction": null,
      "plotSummaryInfoCount": 1,
      "plotSummaryInfo": {
        "classification": "의사소통",
        "readAge": "유아",
        "form": "long-form",
        "plotSummaryText": "아마도 그래서 힘이 세지는 물에 관한 이야기도 나오고 그런 장군수가 실제로 있을지도 모르는데 산속 깊이 들어가서 맑은 물을 먹으면 그게 장군수가 아닌가 하는 생각이 드내요.",
        "textWordEA": 25
      }
    },
    {
      "srcTextID": "98199",
      "srcText": "그런데 그 절 중들이 하나같이 우락부락해. 힘도 어찌나 센지, 기다란 쇠몽둥이를 작대기처럼 휘휘 휘둘렀지. 그 힘을 믿고 중들은 걸핏하면 마을 사람들을 괴롭혔어. 전강동이는 궁금했어. '고기도 안 먹는 중들이 어찌 저리 힘이 셀까?'",
      "srcPage": 2,
      "srcSentenceEA": 5,
      "srcWordEA": 35,
      "character": "그 절 중들이,작대기,마을 사람들,전강동이",
      "setting": null,
      "action": "휘휘 휘둘렀지,걸핏하면,우락부락해",
      "feeling": null,
      "causalRelationship": "고기도 안 먹는 중들이 어찌 저리 힘이 셀까",
      "outcomeResolution": null,
      "prediction": null,
      "plotSummaryInfoCount": 1,
      "plotSummaryInfo": {
        "classification": "의사소통",
        "readAge": "유아",
        "form": "long-form",
        "plotSummaryText": "그런데 그 절 중들이 하나같이 힘도 어찌나 센지 쇠몽둥이를 작대기처럼 휘둘렀고 그 힘을 믿고 마을 사람들을 괴롭혀서 전강동이는 고기도 안 먹는 중들이 어찌 저리 힘이 셀지 생각이 들었습니다.",
        "textWordEA": 28
      }
    },
    {
      "srcTextID": "98227",
      "srcText": "운동이 꽤 많이 될 테니 말예요. 절에 사는 중들이 다 장사라고 했어요. 그러고 보면 세상에 숨은 장사가 참 많네요.",
      "srcPage": 26,
      "srcSentenceEA": 3,
      "srcWordEA": 21,
      "character": "중들이,숨은 장사",
      "setting": "절",
      "action": null,
      "feeling": null,
      "causalRelationship": null,
      "outcomeResolution": null,
      "prediction": null,
      "plotSummaryInfoCount": 1,
      "plotSummaryInfo": {
        "classification": "의사소통",
        "readAge": "유아",
        "form": "short-form",
        "plotSummaryText": "절에 사는 중들이 다 장사라고 했는데 그러고 보면 세상에 숨은 장사들이 많은 것 같습니다.",
        "textWordEA": 14
      }
    },
    {
      "srcTextID": "98222",
      "srcText": "그런데 진짜 장사는 더 가까운 데 있었습니다. 맞아요, 전강동이의 누나를 두고 하는 말입니다. 그 누나는 여자라서 몸집도 작아 보이고 어디 가서 장군수를 몰래 먹은 것 같지도 않은데 저렇게 대단한 힘을 가지고 있다니 아주 놀라운 일이지요.",
      "srcPage": 27,
      "srcSentenceEA": 3,
      "srcWordEA": 37,
      "character": "전강동이,누나,장군수",
      "setting": null,
      "action": "몰래 먹은,대단한 힘을 가지고 있다니",
      "feeling": "놀라운",
      "causalRelationship": null,
      "outcomeResolution": null,
      "prediction": null,
      "plotSummaryInfoCount": 1,
      "plotSummaryInfo": {
        "classification": "의사소통",
        "readAge": "유아",
        "form": "short-form",
        "plotSummaryText": "그런데 진짜 장사는 전강동이의 누나였는데 그 누나는 여자라서 몸집도 작아 보이고 어디 가서 장군수를 몰래 먹지 않은 것 같았는데 대단한 힘을 가지고 있다니 놀라운 일이었습니다.",
        "textWordEA": 25
      }
    },
    {
      "srcTextID": "98226",
      "srcText": "우리가 눈길을 둘 것은 전강동이의 누나가 힘만 센 것이 아니라 지략이나 마음 씀씀이가 남다르다는 사실이에요. 사립문 앞에 바윗덩이를 매달아서 중들을 물리치는 것도 그렇고, 일부러 씨름판에서 동생을 눕혀서 교만한 마음을 누그러뜨리는 것도 그렇지요. 정말 인재 중의 인재라 할 수 있습니다.",
      "srcPage": 28,
      "srcSentenceEA": 3,
      "srcWordEA": 41,
      "character": "전강동이,누나",
      "setting": null,
      "action": "눕혀서,매달아서",
      "feeling": "교만한 마음을 누그러뜨리는",
      "causalRelationship": null,
      "outcomeResolution": null,
      "prediction": null,
      "plotSummaryInfoCount": 1,
      "plotSummaryInfo": {
        "classification": "의사소통",
        "readAge": "유아",
        "form": "short-form",
        "plotSummaryText": "전강동이의 누나는 힘만 센 것이 아니라 지략이나 마음 씀씀이가 남다른데 사립문 앞에 바윗덩이를 매달아서 중들을 물리치는 것도 그렇고, 일부러 씨름판에서 동생을 눕혀서 교만한 마음을 누그러뜨리는 것도 그렇고 정말 인재 중의 인재입니다.",
        "textWordEA": 31
      }
    },
    {
      "srcTextID": "98208",
      "srcText": "그런데 이게 웬일이야. 전강동이가 아무리 기를 써도 아이가 꿈쩍을 안 해! 오히려 아이는 왼발을 전강동이 가랑이 사이로 쏙 넣더니 다리를 척 거는 거야. 어찌나 재빠르고 암팡지던지 전강동이는 그대로 나자빠지고 말았어.",
      "srcPage": 11,
      "srcSentenceEA": 4,
      "srcWordEA": 33,
      "character": "전강동이,아이",
      "setting": null,
      "action": "나자빠지고,쏙 넣더니,아이가 꿈쩍을 안 해,재빠르고 암팡지던지",
      "feeling": "이게 웬일이야",
      "causalRelationship": null,
      "outcomeResolution": null,
      "prediction": null,
      "plotSummaryInfoCount": 1,
      "plotSummaryInfo": {
        "classification": "의사소통",
        "readAge": "유아",
        "form": "long-form",
        "plotSummaryText": "그런데 전강동이가 아무리 기를 써도 아이가 꿈쩍도 안 하더니 왼발을 전강동이 가랑이 사이로 쏙 넣고, 다리를 걸어서 전강동이는 그대로 나자빠지고 말았습니다.",
        "textWordEA": 21
      }
    },
    {
      "srcTextID": "98209",
      "srcText": "그날 저녁, 전강동이는 분이 나서 제 가슴을 쿵쿵 쳤어. \"이길 때가 있으면 질 때도 있는 건데 뭘 그래. 다만, 다음부터는 함부로 사람을 얕보지 마.\"",
      "srcPage": 12,
      "srcSentenceEA": 3,
      "srcWordEA": 25,
      "character": "전강동이,가슴",
      "setting": "그날 저녁",
      "action": "쿵쿵 쳤어",
      "feeling": "뭘 그래,얕보지 마,분이 나서",
      "causalRelationship": null,
      "outcomeResolution": null,
      "prediction": null,
      "plotSummaryInfoCount": 1,
      "plotSummaryInfo": {
        "classification": "의사소통",
        "readAge": "유아",
        "form": "short-form",
        "plotSummaryText": "그날 저녁 전강동이는 분이 나서 제 가슴을 쿵쿵 치니 이길 때가 있으면 질 때도 있으니, 다음부터는 함부로 사람을 얕보지 말라고 했습니다.",
        "textWordEA": 21
      }
    },
    {
      "srcTextID": "98211",
      "srcText": "전강동이는 눈을 껌뻑이다 물었어. \"혹시 아까 씨름판의 그 아이도 누나였어?\" 누나는 그제야 웃으며 고개를 끄덕였어. \"그래, 네가 힘만 믿고 으스대는 걸 혼내 주려고 간 거야.\"",
      "srcPage": 15,
      "srcSentenceEA": 4,
      "srcWordEA": 26,
      "character": "전강동이,누나",
      "setting": null,
      "action": "껌뻑이다 물었어,고개를 끄덕였어,혼내 주려고 간 거야",
      "feeling": "힘만 믿고 으스대는 걸,웃으며",
      "causalRelationship": null,
      "outcomeResolution": null,
      "prediction": null,
      "plotSummaryInfoCount": 1,
      "plotSummaryInfo": {
        "classification": "의사소통",
        "readAge": "유아",
        "form": "long-form",
        "plotSummaryText": "전강동이는 눈을 껌뻑이다 혹시 아까 씨름판의 아이도 누나였냐고 물었고 누나는 그제야 고개를 끄덕이며 네가 힘만 믿고 으스대는 걸 혼내 주려  갔다 말했습니다.",
        "textWordEA": 23
      }
    },
    {
      "srcTextID": "98217",
      "srcText": "중들은 앞 다투어 바위 앞으로 갔어. 전강동이처럼 들이받아 보려고 말이야. 제아무리 장사라도 바위를 들이받으면 어떻게 되겠어?",
      "srcPage": 20,
      "srcSentenceEA": 3,
      "srcWordEA": 18,
      "character": "중들은,전강동이,바위 앞",
      "setting": null,
      "action": "들이받아,앞으로 갔어",
      "feeling": "들이받아 보려고",
      "causalRelationship": null,
      "outcomeResolution": null,
      "prediction": null,
      "plotSummaryInfoCount": 1,
      "plotSummaryInfo": {
        "classification": "의사소통",
        "readAge": "유아",
        "form": "short-form",
        "plotSummaryText": "중들은 전강동이처럼 들이박아 보려고 앞다투어 바위 앞으로 갔습니다.",
        "textWordEA": 8
      }
    },
    {
      "srcTextID": "98220",
      "srcText": "그 누나는 나중에 어떻게 됐을지 궁금한데 이야기는 그에 대해서 따로 말하지 않네요. 이 이야기에는 우리가 유심히 음미해 볼 만한 깊은 뜻이 깃들어 있습니다. 세상만사란 겉으로 드러난 것이 다가 아니라는 사실을 깨닫게 하지요.",
      "srcPage": 29,
      "srcSentenceEA": 3,
      "srcWordEA": 34,
      "character": "누나",
      "setting": null,
      "action": "말하지,깨닫게 하지요",
      "feeling": "어떻게 됐을지 궁금한데,유심히,음미해 볼 만한,깊은 뜻이,깃들어",
      "causalRelationship": null,
      "outcomeResolution": null,
      "prediction": null,
      "plotSummaryInfoCount": 1,
      "plotSummaryInfo": {
        "classification": "의사소통",
        "readAge": "유아",
        "form": "short-form",
        "plotSummaryText": "이 이야기에는 우리가 음미해 볼 만한 깊은 뜻이 깃들어 있는데 세상만사란 겉으로 드러난 것이 다가 아니라는 사실을 말해주고 있네요.",
        "textWordEA": 19
      }
    },
    {
      "srcTextID": "98221",
      "srcText": "그러면서도 그런 자기 역할에 만족하고 억울해하지 않는 것 같으니 참 존경할 만한 일입니다. 세상에는 전강동이 누나처럼 보이지 않는 곳에서 큰 역할을 하면서 세상을 움직여 가는 사람이 많습니다. 자식을 키우는 어머니들도 그런 사람이고, 공장에서 말없이 열심히 일하는 사람들도 그런 이들이지요.",
      "srcPage": 31,
      "srcSentenceEA": 3,
      "srcWordEA": 41,
      "character": "전강동이,누나",
      "setting": null,
      "action": "키우는,열심히 일하는",
      "feeling": "억울해하지 않는 것 같으니,존경할 만한",
      "causalRelationship": null,
      "outcomeResolution": null,
      "prediction": null,
      "plotSummaryInfoCount": 1,
      "plotSummaryInfo": {
        "classification": "의사소통",
        "readAge": "유아",
        "form": "short-form",
        "plotSummaryText": "그러면서도 자기 역할에 만족하니 참 존경할 만한 일이고 세상에는 전강동이 누나처럼 보이지 않는 곳에서 큰 역할을 하는 사람이 많은데 어머니들도 그런 사람이고, 공장에서 말없이 일하는 사람들도 그런 이들입니다.",
        "textWordEA": 28
      }
    },
    {
      "srcTextID": "98203",
      "srcText": "다음 날도 그다음 날도 전강동이는 샘물을 먹었어. 사흘째가 되자 배 속이 알싸한 느낌이 들었어. 닷새 되던 날엔 엉덩이가 저절로 씰룩이는 것 같더니, 열흘이 넘어가니까 팔뚝이 불끈불끈, 장딴지가 불룩불룩해지는 거야. 보름이 되니, 바위를 한 손으로 들 수 있네!",
      "srcPage": 6,
      "srcSentenceEA": 4,
      "srcWordEA": 40,
      "character": "샘물,장딴지,바위,전강동이",
      "setting": "다음 날도 그다음 날도,사흘째가 되자,닷새 되던 날,열흘이 넘어가니까,보름이 되니",
      "action": "먹었어,들 수 있네",
      "feeling": "알싸한 느낌이",
      "causalRelationship": null,
      "outcomeResolution": null,
      "prediction": null,
      "plotSummaryInfoCount": 1,
      "plotSummaryInfo": {
        "classification": "의사소통",
        "readAge": "유아",
        "form": "long-form",
        "plotSummaryText": "매일 샘물을 먹었더니 사흘째가 되자 배 속이 알싸한 느낌이 들었고 닷새 되던 날엔 엉덩이가 씰룩이는 것 같더니 열흘이 넘어가니까 팔뚝이 불끈불끈 해 지고 보름이 되니 바위를 한 손으로 들 수 있게 되었습니다.",
        "textWordEA": 32
      }
    },
    {
      "srcTextID": "98204",
      "srcText": "전강동이는 집으로 돌아가기로 마음먹었어. 자기가 샘물을 먹은 걸 알면 중들이 가만있을 리 없잖아. 한편으로는 세상에 나가 남들처럼 살고 싶기도 했어. 힘도 세졌는데 무서울 게 뭐가 있겠어. 전강동이가 돌아오자 누나가 반갑게 맞아 주었지.",
      "srcPage": 7,
      "srcSentenceEA": 5,
      "srcWordEA": 36,
      "character": "중,누나,전강동이",
      "setting": null,
      "action": "먹은 걸,돌아오자",
      "feeling": "마음먹었어,가만있을 리 없잖아,남들처럼 살고 싶기도 했어,반갑게 맞아 주었지",
      "causalRelationship": null,
      "outcomeResolution": null,
      "prediction": null,
      "plotSummaryInfoCount": 1,
      "plotSummaryInfo": {
        "classification": "의사소통",
        "readAge": "유아",
        "form": "long-form",
        "plotSummaryText": "전강동이는 자기가 샘물 먹은 걸 알면 중들이 가만있을 리 없고 세상에 나가 남들처럼 살고 싶기도 해서 집으로 돌아가기로 마음먹고 집에 가니 누나가 반갑게 맞아 주었습니다.",
        "textWordEA": 25
      }
    },
    {
      "srcTextID": "98205",
      "srcText": "곽산에서는 해마다 단오가 되면 씨름 대회가 열렸어. 전강동이도 씨름판에 나갔지. 그러고는 상대가 나오는 족족 메다꽂았어.",
      "srcPage": 8,
      "srcSentenceEA": 3,
      "srcWordEA": 17,
      "character": "전강동이,단오",
      "setting": "곽산에서는",
      "action": "나오는 족족,메다꽂았어,씨름 대회가 열렸어,씨름판에 나갔지",
      "feeling": null,
      "causalRelationship": null,
      "outcomeResolution": null,
      "prediction": null,
      "plotSummaryInfoCount": 1,
      "plotSummaryInfo": {
        "classification": "의사소통",
        "readAge": "유아",
        "form": "short-form",
        "plotSummaryText": "곽산에서는 해마다 단오가 되면 씨름 대회가 열리는데 전강동이도 씨름판에 나가 상대가 나오는 족족 메다꽂았어요.",
        "textWordEA": 14
      }
    },
    {
      "srcTextID": "98206",
      "srcText": "샘물을 먹은 전강동이를 누가 당하겠어? 전강동이는 기세등등해서 소리쳤어. \"이제 나랑 붙을 사람 없냐?\"",
      "srcPage": 9,
      "srcSentenceEA": 3,
      "srcWordEA": 14,
      "character": "전강동이,샘물",
      "setting": null,
      "action": "소리쳤어,샘물을 먹은,기세등등해서",
      "feeling": null,
      "causalRelationship": null,
      "outcomeResolution": null,
      "prediction": "이제 나랑 붙을 사람 없냐",
      "plotSummaryInfoCount": 1,
      "plotSummaryInfo": {
        "classification": "의사소통",
        "readAge": "유아",
        "form": "short-form",
        "plotSummaryText": "샘물을 먹은 전강동이를 당해낼 사람이 없자 더 기세가 등등해서 이제 나랑 붙을 사람 없냐고 소리쳤습니다.",
        "textWordEA": 15
      }
    },
    {
      "srcTextID": "98207",
      "srcText": "주위는 쥐 죽은 듯 조용했어. 그런데 저 뒤쪽에서 아이 하나가 나와 이러는 거야. \"이보시오, 나랑 한판 붙어 봅시다.\" 전강동이는 픽 웃고 말았어. 조그만 녀석이 덤비니까 기가 막히기도 하고 우습기도 했던 거지.",
      "srcPage": 10,
      "srcSentenceEA": 5,
      "srcWordEA": 34,
      "character": "아이,전강동이",
      "setting": null,
      "action": "나와,픽 웃고 말았어",
      "feeling": "기가 막히기도 하고,우습기도 했던 거지",
      "causalRelationship": null,
      "outcomeResolution": null,
      "prediction": null,
      "plotSummaryInfoCount": 1,
      "plotSummaryInfo": {
        "classification": "의사소통",
        "readAge": "유아",
        "form": "long-form",
        "plotSummaryText": "주위는 쥐 죽은 듯 조용했는데 뒤쪽에서 아이 하나가 자기랑 한판 붙어 보자고 해서 전강동이는 조그만 녀석이 덤비니 기가 막히고 우습기도 했어요.",
        "textWordEA": 21
      }
    },
    {
      "srcTextID": "98201",
      "srcText": "중 하나가 끙, 하더니 바위를 쓱 들어 올리네. 그러자 바위 밑에 작은 샘이 하나 있어. 중들은 그 샘물을 먹고 바위를 내려놓더니 절로 향했지. 전강동이는 생각했어. '저 물을 먹으면 힘이 나는가 보다!'",
      "srcPage": 4,
      "srcSentenceEA": 5,
      "srcWordEA": 34,
      "character": "중,바위,작은 샘",
      "setting": null,
      "action": "들어 올리네,내려놓더니,향했지,먹고",
      "feeling": "끙 하더니",
      "causalRelationship": null,
      "outcomeResolution": null,
      "prediction": "저 물을 먹으면 힘이 나는가 보다",
      "plotSummaryInfoCount": 1,
      "plotSummaryInfo": {
        "classification": "의사소통",
        "readAge": "유아",
        "form": "long-form",
        "plotSummaryText": "중 하나가 바위를 들어 올리니 바위 밑에 작은 샘이 있었고 중들이 샘물을 먹고 바위를 내려놓더니 절로 향해서 전강동이는 저 물을 먹으면 힘이 나는가 보다 생각했어요.",
        "textWordEA": 25
      }
    },
    {
      "srcTextID": "98212",
      "srcText": "전강동이는 마지못해 누나의 손을 잡았지. 그런데 팔씨름을 시작하자마자 누나가 전강동이 팔을 넘겨 버리는 거야! 사실 누나는 타고난 장사였어. 힘을 자랑하지 않아 아무도 몰랐던 거지.",
      "srcPage": 14,
      "srcSentenceEA": 4,
      "srcWordEA": 27,
      "character": "전강동이,누나",
      "setting": null,
      "action": "잡았지,팔을 넘겨 버리는 거야",
      "feeling": "힘을 자랑하지 않아",
      "causalRelationship": null,
      "outcomeResolution": null,
      "prediction": null,
      "plotSummaryInfoCount": 1,
      "plotSummaryInfo": {
        "classification": "의사소통",
        "readAge": "유아",
        "form": "long-form",
        "plotSummaryText": "전강동이는 마지못해 팔씨름을 시작했는데 누나가 전강동이 팔을 넘겨 버렸고 사실 누나는 타고난 장사였는데 힘 자랑을 하지 않아 아무도 몰랐습니다.",
        "textWordEA": 19
      }
    },
    {
      "srcTextID": "98213",
      "srcText": "어느 날, 중들이 전강동이와 힘을 겨뤄 보겠다며 들이닥치네. 누나가 얼른 앞으로 나서며 말했어. \"전강동이는 외갓집에 가서 사흘 뒤에나 와요.\"",
      "srcPage": 16,
      "srcSentenceEA": 3,
      "srcWordEA": 20,
      "character": "중들이,전강동이,누나",
      "setting": "어느 날",
      "action": "앞으로 나서며 말했어,들이닥치네,외갓집에 가서",
      "feeling": null,
      "causalRelationship": null,
      "outcomeResolution": null,
      "prediction": null,
      "plotSummaryInfoCount": 1,
      "plotSummaryInfo": {
        "classification": "의사소통",
        "readAge": "유아",
        "form": "short-form",
        "plotSummaryText": "어느 날 중들이 전강동이와 힘을 겨뤄 보겠다며 들이닥쳤는데 누나가 전강동이는 외갓집 가서 사흘 뒤에나 온다고 말했어요.",
        "textWordEA": 16
      }
    },
    {
      "srcTextID": "98216",
      "srcText": "사흘 뒤, 아침 댓바람에 중들이 들이닥쳤어. 그런데 사립문 앞에 절구통만 한 바위가 매달려 있네. 중들은 바위를 힐끗거리며 전강동이를 찾았어.",
      "srcPage": 18,
      "srcSentenceEA": 3,
      "srcWordEA": 21,
      "character": "중들이,전강동이,사립문,절구통,바위가",
      "setting": "사흘 뒤",
      "action": "찾았어,바위를 힐끗거리며",
      "feeling": null,
      "causalRelationship": null,
      "outcomeResolution": null,
      "prediction": null,
      "plotSummaryInfoCount": 1,
      "plotSummaryInfo": {
        "classification": "의사소통",
        "readAge": "유아",
        "form": "short-form",
        "plotSummaryText": "사흘 뒤 아침에 중들이 들이닥쳤는데 사립문 앞에 절구통만 한 바위가 매달려 있었고 중들은 바위를 힐끗거리며 전강동이를 찾았어요.",
        "textWordEA": 17
      }
    },
    {
      "srcTextID": "98210",
      "srcText": "누나는 이렇게 말하며 손을 내밀었어. \"나랑 팔씨름할래?\" \"누나가 내 상대가 될 것 같아?\" 전강동이가 버럭 소리치자 누나가 야단치듯 말했어. \"봐! 너는 사람을 얕보는 게 문제야.\"",
      "srcPage": 13,
      "srcSentenceEA": 5,
      "srcWordEA": 27,
      "character": "누나,전강동이,손",
      "setting": null,
      "action": "야단치듯 말했어,내밀었어,버럭 소리치자",
      "feeling": "될 것 같아,얕보는 게",
      "causalRelationship": null,
      "outcomeResolution": null,
      "prediction": null,
      "plotSummaryInfoCount": 1,
      "plotSummaryInfo": {
        "classification": "의사소통",
        "readAge": "유아",
        "form": "long-form",
        "plotSummaryText": "누나는 자기랑 팔씨름하자며 손을 내밀었지만, 전강동이가 누나는 내 상대가 될 것 같냐며 소리치자, 누나는 너는 사람을 얕보는 게 문제라며 야단치듯 말했습니다.",
        "textWordEA": 21
      }
    },
    {
      "srcTextID": "98214",
      "srcText": "중들이 돌아가자 전강동이가 막 툴툴거려. \"내가 이길 수도 있는데 누나가 왜 미리부터 막는 거야?\" 그러자 누나가 전강동이를 타일렀어. \"힘센 사람끼리 겨루다 보면 누구든 다치기 마련이야. 이럴 때는 싸우지 않고 이기는 게 제일이야.\"",
      "srcPage": 17,
      "srcSentenceEA": 5,
      "srcWordEA": 34,
      "character": "중들이,전강동이,누나",
      "setting": null,
      "action": "힘센,돌아가자,막는 거야,툴툴거려,이길 수도 있는데,타일렀어",
      "feeling": null,
      "causalRelationship": null,
      "outcomeResolution": null,
      "prediction": null,
      "plotSummaryInfoCount": 1,
      "plotSummaryInfo": {
        "classification": "의사소통",
        "readAge": "유아",
        "form": "long-form",
        "plotSummaryText": "중들이 돌아가자, 전강동이는 내가 이길 수도 있었는데 왜 미리 막느냐고 툴툴거렸고 누나는 힘센 사람끼리 겨루다 보면 누구든 다치기 마련이니 이럴 땐 싸우지 않고 이기는 게 제일이라며 타일렀습니다.",
        "textWordEA": 27
      }
    },
    {
      "srcTextID": "98218",
      "srcText": "첫 번째 중은 눈앞에 별이 빙글빙글 돌았어. 두 번째 중은 눈앞에 새가 삐악삐악 울었고, 세 번째 중은 이마에 혹이 봉긋봉긋 솟았어. 네 번째, 다섯 번째 중들도 마찬가지였지.",
      "srcPage": 21,
      "srcSentenceEA": 3,
      "srcWordEA": 29,
      "character": "중,새,별,혹,눈앞에",
      "setting": null,
      "action": "빙글빙글 돌았어,삐악삐악 울었고,봉긋봉긋 솟았어",
      "feeling": null,
      "causalRelationship": null,
      "outcomeResolution": null,
      "prediction": null,
      "plotSummaryInfoCount": 1,
      "plotSummaryInfo": {
        "classification": "의사소통",
        "readAge": "유아",
        "form": "short-form",
        "plotSummaryText": "첫 번째 중은 눈앞에 별이 돌았고, 두 번째 중은 눈앞에 새가 울었고, 세 번째 중은 이마에 혹이, 네 번째, 다섯 번째 종들도 마찬가지였습니다.",
        "textWordEA": 23
      }
    },
    {
      "srcTextID": "98219",
      "srcText": "중들은 허둥지둥 내빼기 시작했어. 전강동이를 이길 수 없다고 생각한 거야. 그 모습을 보며 전강동이는 마음먹었대. 누구도 얕보지 않고, 힘도 함부로 쓰지 않겠다고 말이야. 그 뒤 전강동이는 최고의 씨름꾼이 되었다는구나.",
      "srcPage": 22,
      "srcSentenceEA": 5,
      "srcWordEA": 33,
      "character": "중들은,전강동이,최고의 씨름꾼",
      "setting": null,
      "action": "허둥지둥 내빼기 시작했어,마음먹었대",
      "feeling": null,
      "causalRelationship": null,
      "outcomeResolution": null,
      "prediction": null,
      "plotSummaryInfoCount": 1,
      "plotSummaryInfo": {
        "classification": "의사소통",
        "readAge": "유아",
        "form": "long-form",
        "plotSummaryText": "중들은 전강동이를 이길 수 없다고 생각하고 허둥지둥 내빼기 시작했고 그 모습을 본 전강동이는 누구도 얕보지 않고 힘도 함부로 쓰지 않겠다고 마음먹었고 그 뒤로 그는 최고의 씨름꾼이 되었습니다.",
        "textWordEA": 27
      }
    },
    {
      "srcTextID": "98215",
      "srcText": "누나는 곧 올 테니 기다리라고 했어. 그러자 중들이 저 바위가 뭐냐고 묻지. 누나는 기다렸다는 듯 대답했어. \"전강동이가 오면가면 들이받는 바위예요. 송아지만 하던 게 하도 들이받아 저렇게 작아졌죠.\"",
      "srcPage": 19,
      "srcSentenceEA": 5,
      "srcWordEA": 30,
      "character": "누나,중들이,전강동이,바위",
      "setting": null,
      "action": "들이받는",
      "feeling": "곧 올 테니,기다렸다는 듯",
      "causalRelationship": "전강동이가 오면가면 들이받는 바위예요. 송아지만 하던 게 하도 들이받아 저렇게 작아졌죠.",
      "outcomeResolution": null,
      "prediction": null,
      "plotSummaryInfoCount": 1,
      "plotSummaryInfo": {
        "classification": "의사소통",
        "readAge": "유아",
        "form": "long-form",
        "plotSummaryText": "누나는 곧 올 테니 기다리라고 했고 중들이 저 바위가 뭐냐고 묻자, 누나는 전강동이가 오며가며 들이받는 바위인데 송아지만 하던 게 자주 들이박아 저렇게 작아졌다고 했어요.",
        "textWordEA": 24
      }
    },
    {
      "srcTextID": "98223",
      "srcText": "먹으면 힘이 세지는 신기한 물을 장군수라 하는데, 전강동이는 그걸 먹고서 장사가 된 주인공이지요. 세상에는 남다르게 힘센 사람들이 종종 있어요. 그런 사람을 보면 우리는 무심결에 \"저 사람은 대체 무얼 먹었기에 저렇게 힘이 센 거야?\" 하고 말하곤 합니다.",
      "srcPage": 24,
      "srcSentenceEA": 5,
      "srcWordEA": 39,
      "character": "전강동이,힘센 사람들,장군수",
      "setting": null,
      "action": "먹고서,먹었기에,말하곤 합니다",
      "feeling": "무심결에",
      "causalRelationship": null,
      "outcomeResolution": null,
      "prediction": null,
      "plotSummaryInfoCount": 1,
      "plotSummaryInfo": {
        "classification": "의사소통",
        "readAge": "유아",
        "form": "long-form",
        "plotSummaryText": "먹으면 힘이 세지는 물을 장군수라 하는데, 전강동이는 그걸 먹고 장사가 된 주인공으로 세상에 힘센 사람들을 보면 무심결에 저 사람은 대체 무얼 먹었기에 저렇게 힘이 센 거냐고 말하기도 합니다.",
        "textWordEA": 28
      }
    },
    {
      "srcTextID": "98202",
      "srcText": "전강동이도 샘물을 먹으려고 바위를 밀었어. 하지만 집채만 한 바위가 어디 꼼짝이나 해야지. 생각 끝에 대롱을 하나 구해 왔어. 한쪽 끝을 바위 밑에 찔러 넣고 샘물을 빨아 먹었지.",
      "srcPage": 5,
      "srcSentenceEA": 4,
      "srcWordEA": 30,
      "character": "바위,샘물,전강동이",
      "setting": null,
      "action": "밀었어,찔러 넣고,빨아 먹었지,구해 왔어",
      "feeling": "꼼짝이나 해야지",
      "causalRelationship": null,
      "outcomeResolution": null,
      "prediction": null,
      "plotSummaryInfoCount": 1,
      "plotSummaryInfo": {
        "classification": "의사소통",
        "readAge": "유아",
        "form": "long-form",
        "plotSummaryText": "전강동이도 샘물을 먹으려고 바위를 밀었는데 바위가 꼼짝도 안 해서 생각 끝에 대롱을 하나 구해서 바위 밑에 찔러 넣고 샘물을 빨아 먹었어요.",
        "textWordEA": 21
      }
    },
    {
      "srcTextID": "98228",
      "srcText": "이 이야기에서 세상을 움직인 진짜 주인공은 누구일까요? 그건 전강동이보다 그를 조용히 뒷받침한 누나였어요. 전강동이와 달리 이름조차 알려져 있지 않지만, 문제를 감당하고 풀어낸 실질적인 주체는 그 사람이었지요.",
      "srcPage": 30,
      "srcSentenceEA": 3,
      "srcWordEA": 28,
      "character": "전강동이,누나",
      "setting": null,
      "action": "뒷받침한",
      "feeling": "조용히",
      "causalRelationship": null,
      "outcomeResolution": null,
      "prediction": null,
      "plotSummaryInfoCount": 1,
      "plotSummaryInfo": {
        "classification": "의사소통",
        "readAge": "유아",
        "form": "short-form",
        "plotSummaryText": "이 이야기에서 세상을 움직인 진짜 주인공은 전강동이보다 그를 조용히 뒷받침한 누나였으며 그녀는 비록 이름조차 알려지지 않았지만, 문제를 풀어낸 실질적인 주체였습니다.",
        "textWordEA": 20
      }
    },
    {
      "srcTextID": "98224",
      "srcText": "신동흔 선생님과 함께 읽는 옛이야기. 진짜 인재는 보이지 않는 곳에. 전강동이, 처음 듣는 이름이지요? 전설적인 인물이에요.",
      "srcPage": 23,
      "srcSentenceEA": 4,
      "srcWordEA": 19,
      "character": "신동흔,전강동이,인재",
      "setting": null,
      "action": "읽는",
      "feeling": null,
      "causalRelationship": null,
      "outcomeResolution": null,
      "prediction": null,
      "plotSummaryInfoCount": 1,
      "plotSummaryInfo": {
        "classification": "의사소통",
        "readAge": "유아",
        "form": "long-form",
        "plotSummaryText": "신동흔 선생님과 함께 읽는 옛이야기의 주인공인 전강동이는 처음 듣는 이름이겠지만 전설적인 인물이랍니다.",
        "textWordEA": 12
      }
    }
  ]
}