{
  "title": "꾀 많은 하인 장글대",
  "author": "이미애",
  "illustrator": "이갑규",
  "isbn": "9791157987351",
  "publishedYear": 2019,
  "publisher": "세이펜북스",
  "paragraphInfoCount": 19,
  "paragraphInfo": [
    {
      "srcTextID": "125464",
      "srcText": "옛날 어느 부자가 돈을 아끼느라고 그 큰 집에 하인을 하나만 두었어. 장글대가 바로 그 하인이지. 아, 이 주인 욕심이 하늘을 찔러. 종일 나무해라, 마당 쓸어라, 지붕 고쳐라 부려 먹고는 번번이 장글대를 쫄쫄 굶기지 뭐야.",
      "srcPage": 1,
      "srcSentenceEA": 4,
      "srcWordEA": 37,
      "character": "부자,하인,장글대,지붕,마당",
      "setting": "집,옛날",
      "action": "아끼느라고,두었어,나무해라,마당 쓸어라,고쳐라,부려 먹고는,굶기지 뭐야",
      "feeling": null,
      "causalRelationship": null,
      "outcomeResolution": null,
      "prediction": "아,이 주인 욕심이 하늘을 찔러.",
      "plotSummaryInfoCount": 1,
      "plotSummaryInfo": {
        "classification": "의사소통",
        "readAge": "유아",
        "form": "long-form",
        "plotSummaryText": "옛날 어느 큰 집에 사는 부자가 돈을 아끼느라고 하인 장글대에게 종일 나무도 해오고 마당도 쓸고 지붕도 고치라고 부려 먹고는 쫄쫄 굶겼습니다.",
        "textWordEA": 21
      }
    },
    {
      "srcTextID": "125479",
      "srcText": "“아이고, 무거워. 주막에서 좀 쉬었다 와야겠다.” 주인 아들이 궤짝을 내려놓고 간 새 장글대는 틈새로 밖을 내다보았어. 마침 장님이 지팡이를 짚고 다가오는 걸 보더니 소리쳤어. “내 눈은 번쩍! 내 눈은 번쩍! 내 눈은 번쩍!” 장님은 난데없는 소리에 우뚝 멈춰 섰어. “내 눈은 번쩍이라니 그게 무슨 말이오?” “저는 원래 장님이었는데 이 궤짝에 들어앉아 주문을 외었더니 눈이 번쩍 떠지지 뭐예요?”",
      "srcPage": 16,
      "srcSentenceEA": 10,
      "srcWordEA": 63,
      "character": "주인 아들,장님,장글대,지팡이,눈,궤짝",
      "setting": "주막",
      "action": "쉬었다,와야겠다,내려놓고,내다보았어,짚고,다가오는 걸,소리쳤어,멈춰 섰어,들어앉아,주문을 외었더니,번쩍 떠지지",
      "feeling": "무거워",
      "causalRelationship": null,
      "outcomeResolution": null,
      "prediction": "저는 원래 장님이었는데 이 궤짝에 들어앉아 주문을 외었더니 눈이 번쩍 떠지지 뭐예요?",
      "plotSummaryInfoCount": 1,
      "plotSummaryInfo": {
        "classification": "의사소통",
        "readAge": "유아",
        "form": "long-form",
        "plotSummaryText": "주인 아들이 쉬었다 와야겠다면서 궤짝을 내려놓고 간 사이 장글대는 틈새로 밖을 내다보며 지팡이를 짚고 다가오는 장님에게 내 눈은 번쩍이라고 소리쳤더니우뚝 멈춰 선 장님이 무슨 소리인지 묻자 궤짝에 들어앉아 주문을 외었더니 눈이 떠졌다고 말했습니다.",
        "textWordEA": 33
      }
    },
    {
      "srcTextID": "125481",
      "srcText": "며칠이 지났어. 장글대는 말쑥하게 차려입고는 싱글벙글 밝은 얼굴로 집으로 갔어. 장글대가 멀쩡하게 살아 돌아오자 주인은 깜짝 놀랐어. “아니, 어찌 된 일이냐?” 장글대는 눈을 반짝이며 말했어. “아아, 바닷속 용궁을 다녀왔지요. 얼마나 좋은지 눌러 살고 싶은 걸 꾹 참고 돌아온 거예요.”",
      "srcPage": 18,
      "srcSentenceEA": 7,
      "srcWordEA": 43,
      "character": "장글대,주인",
      "setting": "바닷속 용궁,집",
      "action": "차려입고는,살아 돌아오자,말했어,다녀왔지요,돌아온 거예요,갔어",
      "feeling": "깜짝 놀랐어,얼마나 좋은지,눌러 살고 싶은 걸 꾹 참고",
      "causalRelationship": null,
      "outcomeResolution": null,
      "prediction": "아아,바닷속 용궁을 다녀왔지요. 얼마나 좋은지 눌러 살고 싶은 걸 꾹 참고 돌아온 거예요.",
      "plotSummaryInfoCount": 1,
      "plotSummaryInfo": {
        "classification": "의사소통",
        "readAge": "유아",
        "form": "long-form",
        "plotSummaryText": "말쑥하게 차려입고 밝은 얼굴로 집으로 간 장글대가 멀쩡하게 살아 돌아오자 주인은 깜짝 놀랐고, 바닷속 용궁을 다녀왔는데 얼마나 좋은지 눌러 살고 싶은 걸 꾹 참고 돌아 왔다고 말했습니다.",
        "textWordEA": 27
      }
    },
    {
      "srcTextID": "125466",
      "srcText": "어느 날 주인이 서울 가는 길에 장글대를 데려가는데 저 먹을 밥만 달랑 챙기네. “주인님, 점심때인데 밥을 먹고 가지요.” 아침도 못 먹고 나선 장글대는 몹시 배가 고팠어.",
      "srcPage": 2,
      "srcSentenceEA": 3,
      "srcWordEA": 27,
      "character": "주인,장글대,밥",
      "setting": "서울 가는 길,점심때",
      "action": "데려가는데,먹을,챙기네,밥을 먹고 가지요,못 먹고,나선",
      "feeling": "배가 고팠어",
      "causalRelationship": null,
      "outcomeResolution": null,
      "prediction": "아침도 못 먹고 나선 장글대는 몹시 배가 고팠어.",
      "plotSummaryInfoCount": 1,
      "plotSummaryInfo": {
        "classification": "의사소통",
        "readAge": "유아",
        "form": "short-form",
        "plotSummaryText": "어느 날 서울 가는 길에 장글대를 데려가는 주인은 자신 먹을 밥만 달랑 챙겼는데, 점심때인데 밥을 먹고 가자고 말했습니다.",
        "textWordEA": 18
      }
    },
    {
      "srcTextID": "125468",
      "srcText": "장글대는 말 뒤를 쫄랑쫄랑 따라가며 주인 점심밥을 아구아구 몰래 먹어 치웠어. 그러고는 얼른 똥을 뿌지직 싸서 밥그릇에 담아 놓았지. 한참 만에 배가 고파진 주인이 밥그릇 뚜껑을 열고는 놀라 자빠졌지.",
      "srcPage": 4,
      "srcSentenceEA": 3,
      "srcWordEA": 31,
      "character": "장글대,주인,말,점심밥,똥,밥그릇,배,뚜껑",
      "setting": null,
      "action": "따라가며,몰래 먹어 치웠어,담아 놓았지,열고는,싸서",
      "feeling": "배가 고파진,놀라 자빠졌지",
      "causalRelationship": null,
      "outcomeResolution": "한참 만에 배가 고파진 주인이 밥그릇 뚜껑을 열고는 놀라 자빠졌지.",
      "prediction": null,
      "plotSummaryInfoCount": 1,
      "plotSummaryInfo": {
        "classification": "의사소통",
        "readAge": "유아",
        "form": "short-form",
        "plotSummaryText": "장글대는 말 뒤를 따라가며 주인 점심밥을 몰래 먹어 치우고 나서 얼른 똥을 싸서 밥그릇에 담아 놓았고, 한참 만에 배가 고파진 주인이 밥그릇 뚜껑을 열고 놀랐습니다.",
        "textWordEA": 25
      }
    },
    {
      "srcTextID": "125467",
      "srcText": "“윽! 똥이다, 똥!” “거보세요, 밥을 오래 두면 똥이 된다니까요.” 주인은 점심도 못 먹고 쫄쫄 굶어야 했지.",
      "srcPage": 5,
      "srcSentenceEA": 3,
      "srcWordEA": 18,
      "character": "주인,밥,똥",
      "setting": null,
      "action": "오래 두면,점심도 못 먹고,굶어야 했지",
      "feeling": null,
      "causalRelationship": null,
      "outcomeResolution": "주인은 점심도 못 먹고 쫄쫄 굶어야 했지",
      "prediction": null,
      "plotSummaryInfoCount": 1,
      "plotSummaryInfo": {
        "classification": "의사소통",
        "readAge": "유아",
        "form": "short-form",
        "plotSummaryText": "밥을 오래 두면 똥이 된다고 말했고, 주인은 점심도 못 먹고 쫄쫄 굶어야 했습니다.",
        "textWordEA": 13
      }
    },
    {
      "srcTextID": "125470",
      "srcText": "서울에 다 왔을 때야. 주인이 장글대에게 심부름을 시켰어. “저기 주막에 가서 죽이나 한 그릇 사 와라.” 장글대는 냉큼 달려가 죽을 산 다음 더러운 손가락으로 휘휘 저으며 왔어.",
      "srcPage": 6,
      "srcSentenceEA": 4,
      "srcWordEA": 29,
      "character": "주인,장글대,주막,죽,한 그릇,손가락",
      "setting": "서울,다 왔을 때",
      "action": "심부름을 시켰어,가서,사 와라,달려가,휘휘 저으며 왔어,죽을 산 다음",
      "feeling": "더러운",
      "causalRelationship": null,
      "outcomeResolution": null,
      "prediction": "장글대는 냉큼 달려가 죽을 산 다음 더러운 손가락으로 휘휘 저으며 왔어.",
      "plotSummaryInfoCount": 1,
      "plotSummaryInfo": {
        "classification": "의사소통",
        "readAge": "유아",
        "form": "long-form",
        "plotSummaryText": "서울에 다 왔을 때 주인은 주막에 가서 죽이나 한 그릇 사오라고 심부름을 시켜서 장글대는 달려가서 죽을 산 다음 더러운 손가락으로 휘휘 저으며 왔습니다.",
        "textWordEA": 23
      }
    },
    {
      "srcTextID": "125476",
      "srcText": "장글대가 집으로 가다 가다 산등성이에 이르자 배고픈 스님이 쭈그려 앉아 있었어. “스님, 떡 한입 줄 테니 내 등에 쓰인 걸 읽어 주세요.” 꿀떡을 한입 꿀떡 삼킨 스님이 말했어. “쯧쯧, 가자마자 때려죽이라고 돼 있습니다그려.” “아이고, 스님. 남은 떡 다 줄 테니 부르는 대로 다시 써 주세요.” 꼴깍, 스님은 남은 꿀떡이 더 먹고 싶었지. 그래서 불러 주는 대로 이러저러하라고 써 주었어.",
      "srcPage": 13,
      "srcSentenceEA": 8,
      "srcWordEA": 63,
      "character": "장글대,스님,떡,등,꿀떡",
      "setting": "산등성이",
      "action": "이르자,쭈그려 앉아 있었어,줄 테니,쓰인,읽어 주세요,삼킨,말했어,때려죽이라고,써 주세요,써 주었어,가다,부르는 대로,불러 주는 대로",
      "feeling": "배고픈,더 먹고 싶었지",
      "causalRelationship": "꼴깍,스님은 남은 꿀떡이 더 먹고 싶었지. 그래서 불러 주는 대로 이러저러하라고 써 주었어.",
      "outcomeResolution": null,
      "prediction": null,
      "plotSummaryInfoCount": 1,
      "plotSummaryInfo": {
        "classification": "의사소통",
        "readAge": "유아",
        "form": "long-form",
        "plotSummaryText": "장글대가 산등성이에 쭈그려 앉아 있는 스님에게 떡 한입 줄 테니 자신의 등에 쓰인 걸 읽어 달라하였는데, 꿀떡을 한입 꿀떡 삼킨 스님은 가자마자 때려죽이라고 되어 있다고 말해서, 남은 떡을 다 줄테니 부르는 대로 써달라는 부탁에 꿀떡이 더 먹고 싶은 스님은 불러 주는 대로 써 주었습니다.",
        "textWordEA": 44
      }
    },
    {
      "srcTextID": "125477",
      "srcText": "장글대는 집에 가서 주인 아들에게 등을 내보였어. “주인님이 제 등에 편지를 써 주셨어요.” ‘장글대 덕에 일이 다 잘되었으니 곧바로 누이와 혼인시켜라.’ 뭐 어째, 주인 아들은 장글대와 누이를 후닥닥 혼인시켰지, 뭐. 장글대는 색시와 알콩달콩 잘 살았어.",
      "srcPage": 14,
      "srcSentenceEA": 5,
      "srcWordEA": 38,
      "character": "장글대,아들,주인님,누이,색시,등,편지",
      "setting": "집",
      "action": "등을 내보였어,편지를 써 주셨어요,잘되었으니,혼인시켜라,혼인시켰지,잘 살았어",
      "feeling": null,
      "causalRelationship": null,
      "outcomeResolution": "뭐 어째,주인 아들은 장글대와 누이를 후닥닥 혼인시켰지,뭐. 장글대는 색시와 알콩달콩 잘 살았어.",
      "prediction": null,
      "plotSummaryInfoCount": 1,
      "plotSummaryInfo": {
        "classification": "의사소통",
        "readAge": "유아",
        "form": "long-form",
        "plotSummaryText": "장글대가 집에 가서 주인 아들에게 내보인 등에는 장글대 덕에 일이 다 잘되었으니 곧바로 누이와 혼인 시키라고 써있어서 그 편지대로 이들을 혼인시켜서 알콩달콩 잘 살았습니다.",
        "textWordEA": 24
      }
    },
    {
      "srcTextID": "125478",
      "srcText": "한 달 뒤 일을 마친 주인이 돌아왔어. 죽은 줄 알았던 장글대를 보고는 눈이 휘둥그레지지. 게다가 딸과 혼인한 걸 알고는 기가 막히고 코가 막혀서 눈알이 막 돌아가네. 그래서 장글대가 쿨쿨 잠든 새 몽둥이로 흠씬 두들겨 팬 뒤 궤짝에 냅다 처넣었어. “이 궤짝을 바다에 던져 버려라.” 주인 아들은 뭐가 든 줄도 모른 채 궤짝을 지고 바다로 갔어.",
      "srcPage": 15,
      "srcSentenceEA": 6,
      "srcWordEA": 59,
      "character": "주인,장글대,딸,아들,눈,코,눈알,몽둥이,궤짝",
      "setting": "한 달 뒤,바다",
      "action": "일을 마친,돌아왔어,보고는,혼인한 걸,잠든,두들겨 팬,처넣었어,던져 버려라,지고,갔어,휘둥그레지지",
      "feeling": "죽은 줄 알았던,기가 막히고 코가 막혀서 눈알이 막 돌아가네",
      "causalRelationship": null,
      "outcomeResolution": null,
      "prediction": "주인 아들은 뭐가 든 줄도 모른 채 궤짝을 지고 바다로 갔어.",
      "plotSummaryInfoCount": 1,
      "plotSummaryInfo": {
        "classification": "의사소통",
        "readAge": "유아",
        "form": "long-form",
        "plotSummaryText": "일을 마치고 돌아온 주인은 죽은 줄 알았던 장글대가 딸과 혼인한 걸 알고 눈알이 돌아가서 잠든 그를 몽둥이로 흠씬 두들겨 팬 뒤 궤짝에 냅다 처넣고 바다에 던지라고 해서 주인 아들은 뭐가 든 줄도 모른 채 궤짝을 지고 바다로 갔습니다.",
        "textWordEA": 38
      }
    },
    {
      "srcTextID": "125480",
      "srcText": "“아, 그래요? 제발 나도 들어가게 해 주시우.” 장님은 더듬거리며 궤짝을 열어 주고는 자기가 대신 들어갔어. 장글대는 몸을 숨긴 채 주인 아들을 살금살금 뒤따랐어. 주인 아들은 궤짝을 바다에 풍덩 던지고 돌아섰지. 장글대는 부랴부랴 궤짝을 건져 내 흠뻑 젖은 장님을 꺼내 주었어. 그러고는 어질어질, 장님이 미처 정신을 차리기도 전에 멀리 내뺐지.",
      "srcPage": 17,
      "srcSentenceEA": 7,
      "srcWordEA": 55,
      "character": "장님,궤짝,장글대,몸,주인 아들",
      "setting": "바다",
      "action": "들어가게,더듬거리며,열어 주고는,들어갔어,뒤따랐어,던지고 돌아섰지,꺼내 주었어,내뺐지,몸을 숨긴 채,건져",
      "feeling": null,
      "causalRelationship": null,
      "outcomeResolution": null,
      "prediction": null,
      "plotSummaryInfoCount": 1,
      "plotSummaryInfo": {
        "classification": "의사소통",
        "readAge": "유아",
        "form": "long-form",
        "plotSummaryText": "장님은 더듬거리며 궤짝을 열더니 자신이 대신 들어갔고 주인 아들이 궤짝을 바다에 던지고 돌아서자 장글대는 그것을 건져 내 장님을 꺼내 주고 멀리 내뺐습니다.",
        "textWordEA": 22
      }
    },
    {
      "srcTextID": "125482",
      "srcText": "아, 장글대가 입만 열면 용궁 자랑을 어찌나 하는지 샘이 나서 속이 다 부글거릴 지경이야. 주인은 욕심이 뻗쳐 밤새 끙끙대다가 날이 밝기도 전에 몰래 바다로 갔지 뭐야. 그러고는 저 죽을 줄 모르고 바다로 풍덩 뛰어들었어. 그 뒤로 아무도 주인을 보지 못했지. 장글대와 남은 사람들은 행복하게 잘 살았고말고.",
      "srcPage": 19,
      "srcSentenceEA": 5,
      "srcWordEA": 50,
      "character": "장글대,용궁,주인,사람들,입",
      "setting": "바다",
      "action": "끙끙대다가,갔지,뛰어들었어,보지 못했지,잘 살았고말고",
      "feeling": "행복하게,샘이 나서,욕심이 뻗쳐,속이 다 부글거릴 지경",
      "causalRelationship": null,
      "outcomeResolution": "장글대와 남은 사람들은 행복하게 잘 살았고말고.",
      "prediction": null,
      "plotSummaryInfoCount": 1,
      "plotSummaryInfo": {
        "classification": "의사소통",
        "readAge": "유아",
        "form": "long-form",
        "plotSummaryText": "입만 열면 용궁 자랑을 해서 샘이 난 주인은 밤새 끙끙대다가 바다로 가서 뛰어들었는데 그 뒤로 아무도 그를 보지 못했고, 장글대와 남은 사람들은 행복하게 잘 살았습니다.",
        "textWordEA": 25
      }
    },
    {
      "srcTextID": "125472",
      "srcText": "그러고는 코를 감싸고 고삐를 쥔 채 납작 엎드려 있었어. 주인이 돌아와서 말은 어딨냐고 고래고래 소리쳤지. “전 코 베어 갈까 봐 코를 감싸 쥐고 있는데 누가 고삐만 끊고 말을 채어 갔지 뭐예요.”",
      "srcPage": 9,
      "srcSentenceEA": 3,
      "srcWordEA": 32,
      "character": "주인,말,코,고삐",
      "setting": null,
      "action": "감싸고,엎드려 있었어,돌아와서,소리쳤지,채어 갔지 뭐예요,감싸 쥐고 있는데,쥔 채,베어,끊고,어딨냐고",
      "feeling": null,
      "causalRelationship": null,
      "outcomeResolution": null,
      "prediction": null,
      "plotSummaryInfoCount": 1,
      "plotSummaryInfo": {
        "classification": "의사소통",
        "readAge": "유아",
        "form": "short-form",
        "plotSummaryText": "납작 엎드려 있었는데 주인이 돌아와서 말이 어딨냐고 소리치자 코 베어 갈까 봐 감싸 쥐고 있는데 누가 고삐만 끊고 말을 채어 갔다고 말했습니다.",
        "textWordEA": 22
      }
    },
    {
      "srcTextID": "125474",
      "srcText": "장글대가 집으로 가다 아이 업고 떡방아 찧는 아낙을 만났어. “내가 아이를 안을 테니 편히 찧으세요.” 아낙이 아이를 맡기고 덩더쿵덕 떡을 다 찧었지. 장글대는 떡을 꺼내고는 절구에 아이를 내려놓았어. 그러고는 아낙이 아이를 꺼내느라 정신이 없는 새 떡을 들고 냅다 달아났지 뭐야.",
      "srcPage": 11,
      "srcSentenceEA": 5,
      "srcWordEA": 43,
      "character": "장글대,아이,아낙,떡방아,떡,절구",
      "setting": null,
      "action": "가다,업고,떡방아 찧는,만났어,안을 테니,찧으세요,맡기고,찧었지,꺼내고는,내려놓았어,들고,달아났지,꺼내느라",
      "feeling": "편히,정신이 없는",
      "causalRelationship": null,
      "outcomeResolution": "그러고는 아낙이 아이를 꺼내느라 정신이 없는 새 떡을 들고 냅다 달아났지 뭐야.",
      "prediction": null,
      "plotSummaryInfoCount": 1,
      "plotSummaryInfo": {
        "classification": "의사소통",
        "readAge": "유아",
        "form": "long-form",
        "plotSummaryText": "장글대가 집으로 가다 만난 아이 업고 떡방아 찧는 아낙에게 자신이 아이를 안고 있을테니 편히 찧으라고 했고, 아이를 맡기고 떡을 다 찧었는데 장글대가 새 떡을 들고 냅다 달아났습니다.",
        "textWordEA": 27
      }
    },
    {
      "srcTextID": "125465",
      "srcText": "아침 잘 먹고 나선 주인은 도리질하며 말했지. “아, 무슨 밥을 벌써 먹어. 어여 더 가자.” 장글대는 몇 번이고 보채다가 그랬지. “밥을 오래 두면 똥이 되니 그럽니다.” “야, 야, 더러운 소리 마라. 어찌 밥이 똥이 되누.”",
      "srcPage": 3,
      "srcSentenceEA": 7,
      "srcWordEA": 38,
      "character": "주인,장글대,밥,똥",
      "setting": null,
      "action": "먹고 나선,도리질하며,말했지,벌써 먹어,가자,보채다가,소리 마라",
      "feeling": "더러운",
      "causalRelationship": null,
      "outcomeResolution": null,
      "prediction": null,
      "plotSummaryInfoCount": 1,
      "plotSummaryInfo": {
        "classification": "의사소통",
        "readAge": "유아",
        "form": "long-form",
        "plotSummaryText": "아침 잘 먹고 나선 주인은 도리질하며 무슨 밥을 벌써 먹냐며 더 가자 하였고, 장글대는 몇 번이고 보채다가 밥을 오래 두면 똥이 된다고 했더니, 더러운 소리 하지 말라고 했습니다.",
        "textWordEA": 28
      }
    },
    {
      "srcTextID": "125469",
      "srcText": "“아이고, 뭐하는 짓이냐?” “제 콧물이 빠져서 건져 내려고요.” “에, 더럽다, 더러워. 너나 먹어라.” 장글대는 신이 나서 뚝딱 해치웠어.",
      "srcPage": 7,
      "srcSentenceEA": 5,
      "srcWordEA": 20,
      "character": "너,장글대,콧물",
      "setting": null,
      "action": "빠져서,건져 내려고요,먹어라,해치웠어,뭐하는 짓이냐",
      "feeling": "더럽다,더러워,신이 나서",
      "causalRelationship": null,
      "outcomeResolution": "장글대는 신이 나서 뚝딱 해치웠어.",
      "prediction": null,
      "plotSummaryInfoCount": 1,
      "plotSummaryInfo": {
        "classification": "의사소통",
        "readAge": "유아",
        "form": "long-form",
        "plotSummaryText": "뭐하는 짓이냐고 물었더니 콧물이 빠져서 건져 내는 것이라고 하자 더러우니 너나 먹으라고 해서 장글대는 뚝딱 해치웠습니다.",
        "textWordEA": 16
      }
    },
    {
      "srcTextID": "125471",
      "srcText": "“내 직접 가서 죽을 사 먹고 오마. 서울은 눈 감으면 코 베어 가는 곳이니 말을 잘 보고 있어라.” 주인이 자리를 뜨자마자 장글대는 말을 냉큼 팔아 치웠어.",
      "srcPage": 8,
      "srcSentenceEA": 3,
      "srcWordEA": 28,
      "character": "말,주인,장글대,죽,눈,코",
      "setting": "서울",
      "action": "가서,사 먹고 오마,눈 감으면,코 베어 가는,잘 보고 있어라,자리를 뜨자마자,팔아 치웠어",
      "feeling": null,
      "causalRelationship": null,
      "outcomeResolution": null,
      "prediction": "주인이 자리를 뜨자마자 장글대는 말을 냉큼 팔아 치웠어.",
      "plotSummaryInfoCount": 1,
      "plotSummaryInfo": {
        "classification": "의사소통",
        "readAge": "유아",
        "form": "short-form",
        "plotSummaryText": "서울은 눈 감으면 코 베어 가는 곳이니 말을 잘 보고 있으라는 주인이 자리를 뜨자마자 장글대는 말을 냉큼 팔아 치웠습니다.",
        "textWordEA": 19
      }
    },
    {
      "srcTextID": "125473",
      "srcText": "‘이놈을 더 데리고 있다간 큰일 나겠구나.’ 주인은 화가 나서 붉으락푸르락하다가 장글대 등에 여차여차 글을 몇 줄 썼어. “네 등에 편지를 썼으니 집에 가자마자 내 아들한테 보여라.” 뜻밖에 집으로 돌아가게 된 장글대는 신이 나서 펄쩍펄쩍 뛰어갔지.",
      "srcPage": 10,
      "srcSentenceEA": 4,
      "srcWordEA": 37,
      "character": "이놈,주인,장글대,내 아들,등,편지",
      "setting": "집",
      "action": "데리고,큰일 나겠구나,붉으락푸르락하다가,몇 줄 썼어,썼으니,보여라,돌아가게 된,뛰어갔지,가자마자",
      "feeling": "화가 나서,신이 나서",
      "causalRelationship": null,
      "outcomeResolution": null,
      "prediction": "네 등에 편지를 썼으니 집에 가자마자 내 아들한테 보여라.",
      "plotSummaryInfoCount": 1,
      "plotSummaryInfo": {
        "classification": "의사소통",
        "readAge": "유아",
        "form": "long-form",
        "plotSummaryText": "주인은 장글대 등에 글을 몇 줄 쓰고 네 등에 편지를 썼으니 집에 가자마자 자신의 아들에게 보이라는 말에  뜻밖에 집으로 돌아가게 된 장글대는 신이 나서 뛰어갔습니다.",
        "textWordEA": 26
      }
    },
    {
      "srcTextID": "125475",
      "srcText": "장글대가 집으로 가다 꿀을 파는 사내를 만났어. “꿀을 한 단지 살 테니 이 떡에 부어 보세요.” 사내가 꿀을 붓자 장글대는 괜한 트집이야. “에이, 꿀이 한 단지가 안 되니 안 살래요. 도로 담아 가세요.” 하지만 이미 떡에 꿀이 속속들이 밴 다음이었지. 장글대는 달콤한 꿀떡을 들고 자리를 떴어.",
      "srcPage": 12,
      "srcSentenceEA": 7,
      "srcWordEA": 50,
      "character": "장글대,사내,꿀,떡,한 단지,꿀떡",
      "setting": null,
      "action": "가다,파는,만났어,살 테니,부어 보세요,붓자,담아 가세요,들고,자리를 떴어,트집이야,안 살래요",
      "feeling": "달콤한",
      "causalRelationship": null,
      "outcomeResolution": "장글대는 달콤한 꿀떡을 들고 자리를 떴어.",
      "prediction": null,
      "plotSummaryInfoCount": 1,
      "plotSummaryInfo": {
        "classification": "의사소통",
        "readAge": "유아",
        "form": "long-form",
        "plotSummaryText": "집으로 가다 꿀을 파는 사내를 만난 장글대는 한 단지 살 테니 이 떡에 부어 보라 한 다음 한 단지가 안 되니 안 산다며 트집을 잡았고, 떡 속메 밴 꿀떡을 들고 자리를 떴습니다.",
        "textWordEA": 32
      }
    }
  ]
}