{
  "title": "한국이 좋은 이유?",
  "author": "서혜숙",
  "illustrator": "윤희재",
  "isbn": "9791193449035",
  "publishedYear": 2023,
  "publisher": "아람북스",
  "paragraphInfoCount": 16,
  "paragraphInfo": [
    {
      "srcTextID": "141849",
      "srcText": "안녕? 난 미국에서 온 사라야. 우리 가족은 한국 음악과 가수를 엄청 좋아하지. 그래서 한국 여행을 왔어.",
      "srcPage": 1,
      "srcSentenceEA": 3,
      "srcWordEA": 19,
      "character": "우리 가족,가수,사라",
      "setting": "미국,한국",
      "action": "왔어,온",
      "feeling": "좋아하지",
      "causalRelationship": null,
      "outcomeResolution": null,
      "prediction": null,
      "plotSummaryInfoCount": 1,
      "plotSummaryInfo": {
        "classification": "의사소통",
        "readAge": "유아",
        "form": "short-form",
        "plotSummaryText": "난 미국에서 온 사라이고 우리 가족은 한국 음악과 가수를 엄청 좋아해서 한국 여행을 왔습니다.",
        "textWordEA": 14
      }
    },
    {
      "srcTextID": "141848",
      "srcText": "나는 스마트폰으로 기록하는 걸 정말 좋아해. 드디어 한국 도착! 한국 가수들을 볼 수 있을까?",
      "srcPage": 2,
      "srcSentenceEA": 3,
      "srcWordEA": 16,
      "character": "나,스마트폰,가수들",
      "setting": "한국",
      "action": "기록하는,볼,도착",
      "feeling": "좋아해",
      "causalRelationship": null,
      "outcomeResolution": null,
      "prediction": null,
      "plotSummaryInfoCount": 1,
      "plotSummaryInfo": {
        "classification": "의사소통",
        "readAge": "유아",
        "form": "short-form",
        "plotSummaryText": "나는 스마트폰으로 기록하는 걸 정말 좋아하고 드디어 한국 도착했는데 한국 가수들을 볼 수 있을까 궁금합니다.",
        "textWordEA": 15
      }
    },
    {
      "srcTextID": "141850",
      "srcText": "살랑살랑 바람 부는 첫째 날의 기록. 청계천 징검다리 위를 폴짝폴짝! 푸른 나무 사이로 나비들이 훨훨. 우리 마음도 한들한들 설레었어.",
      "srcPage": 3,
      "srcSentenceEA": 4,
      "srcWordEA": 22,
      "character": "나비들,우리",
      "setting": "청계천 징검다리 위",
      "action": "폴짝폴짝",
      "feeling": "설레었어",
      "causalRelationship": null,
      "outcomeResolution": null,
      "prediction": null,
      "plotSummaryInfoCount": 1,
      "plotSummaryInfo": {
        "classification": "의사소통",
        "readAge": "유아",
        "form": "long-form",
        "plotSummaryText": "살랑살랑 바람 부는 첫째 날, 청계천 징검다리 위를 폴짝폴짝 뛰어다니고 푸른 나무 사이로 나비들이 훨훨 날고 우리 마음도 한들한들 설레였습니다.",
        "textWordEA": 20
      }
    },
    {
      "srcTextID": "141851",
      "srcText": "짙은 풀 내음이 기분 좋은 둘째 날의 기록. 화려한 한복을 입고, 사뿐사뿐 다리를 건넜지. 좋아요 53개 나는 마치 공주가 된 것 같았어. 그런데 내 동생은 궁궐에서도 다람쥐만 찾고 있지 뭐야.",
      "srcPage": 4,
      "srcSentenceEA": 4,
      "srcWordEA": 33,
      "character": "공주,내 동생,한복,다람쥐",
      "setting": "궁궐",
      "action": "입고,찾고,건넜지",
      "feeling": "화려한,기분 좋은,공주가 된 것 같았어",
      "causalRelationship": null,
      "outcomeResolution": null,
      "prediction": null,
      "plotSummaryInfoCount": 1,
      "plotSummaryInfo": {
        "classification": "의사소통",
        "readAge": "유아",
        "form": "long-form",
        "plotSummaryText": "짙은 풀 내음이 기분 좋은 둘째 날, 화려한 한복을 입고, 사뿐사뿐 다리를 건넜고 나는 마치 공주가 된 것 같았는데 내 동생은 궁궐에서도 다람쥐만 찾고 있습니다.",
        "textWordEA": 25
      }
    },
    {
      "srcTextID": "141852",
      "srcText": "고소한 향기를 따라간 셋째 날의 기록. 오늘은 전통 시장에 갔어. 맛있는 냄새가 이곳저곳에서 솔솔.",
      "srcPage": 5,
      "srcSentenceEA": 3,
      "srcWordEA": 16,
      "character": null,
      "setting": "전통시장에",
      "action": "따라간,갔어",
      "feeling": null,
      "causalRelationship": null,
      "outcomeResolution": null,
      "prediction": null,
      "plotSummaryInfoCount": 1,
      "plotSummaryInfo": {
        "classification": "의사소통",
        "readAge": "유아",
        "form": "short-form",
        "plotSummaryText": "고소한 향기를 따라간 셋째 날, 오늘은 전통 시장에 갔는데 맛있는 냄새가 이곳저곳에서 솔솔 풍겼습니다.",
        "textWordEA": 14
      }
    },
    {
      "srcTextID": "141853",
      "srcText": "헤헤 후후 헉헉 잉잉. 라볶이가 너무 매워서 눈물이 찔끔 났지. 그래도 한국 라면은 정말 맛있었어.",
      "srcPage": 6,
      "srcSentenceEA": 3,
      "srcWordEA": 17,
      "character": "라볶이,한국 라면",
      "setting": null,
      "action": "너무 매워서,눈물이 찔끔 났지",
      "feeling": "정말 맛있었어",
      "causalRelationship": null,
      "outcomeResolution": null,
      "prediction": null,
      "plotSummaryInfoCount": 1,
      "plotSummaryInfo": {
        "classification": "의사소통",
        "readAge": "유아",
        "form": "short-form",
        "plotSummaryText": "라볶이가 너무 매워서 눈물이 찔끔 났는데 한국 라면은 정말 맛있었습니다.",
        "textWordEA": 10
      }
    },
    {
      "srcTextID": "141856",
      "srcText": "끼루룩 끼룩 갈매기와 함께한 다섯째 날의 기록. 바닷물이 빠진 갯벌에서 철벅철벅. 우리는 땀을 뻘뻘 흘리며 조개를 캤지. 바구니는 금세 조개로 그득그득해졌어.",
      "srcPage": 9,
      "srcSentenceEA": 4,
      "srcWordEA": 24,
      "character": "우리,바구니,갈매기,조개",
      "setting": "갯벌에서",
      "action": "흘리며,캤지",
      "feeling": null,
      "causalRelationship": null,
      "outcomeResolution": null,
      "prediction": null,
      "plotSummaryInfoCount": 1,
      "plotSummaryInfo": {
        "classification": "의사소통",
        "readAge": "유아",
        "form": "long-form",
        "plotSummaryText": "다섯째 날, 바닷물이 빠진 갯벌에서 철벅철벅 걸어 우리는 땀을 뻘뻘 흘리며 조개를 캤는데 바구니는 금세 조개로 그득그득해졌습니다.",
        "textWordEA": 17
      }
    },
    {
      "srcTextID": "141857",
      "srcText": "반짝반짝 야경이 멋진 여섯째 날의 기록. 한국은 밤도 낮처럼 환해서 정말 좋았어. 우리는 선물을 사러 인사동에 갔지.",
      "srcPage": 10,
      "srcSentenceEA": 3,
      "srcWordEA": 19,
      "character": "우리,선물",
      "setting": "인사동에,한국,밤,낮",
      "action": "사러,갔지",
      "feeling": "좋았어",
      "causalRelationship": null,
      "outcomeResolution": null,
      "prediction": null,
      "plotSummaryInfoCount": 1,
      "plotSummaryInfo": {
        "classification": "의사소통",
        "readAge": "유아",
        "form": "short-form",
        "plotSummaryText": "여섯째 날, 한국은 밤도 낮처럼 환해서 정말 좋았고 우리는 선물을 사러 인사동에 갔습니다.",
        "textWordEA": 13
      }
    },
    {
      "srcTextID": "141860",
      "srcText": "내일은 미국으로 돌아가는 날이야. “사라야, 어디가 가장 좋았어?” 엄마는 내 생각이 궁금한지 계속 물었지.",
      "srcPage": 12,
      "srcSentenceEA": 3,
      "srcWordEA": 15,
      "character": "엄마,사라",
      "setting": "미국으로,내일",
      "action": "돌아가는,물었지",
      "feeling": "가장 좋았어",
      "causalRelationship": null,
      "outcomeResolution": null,
      "prediction": null,
      "plotSummaryInfoCount": 1,
      "plotSummaryInfo": {
        "classification": "의사소통",
        "readAge": "유아",
        "form": "short-form",
        "plotSummaryText": "내일은 미국으로 돌아가는 날인데 어디가 가장 좋았냐고 엄마는 내 생각이 궁금한지 계속 물었습니다.",
        "textWordEA": 13
      }
    },
    {
      "srcTextID": "141859",
      "srcText": "나는 잠깐 고민했어. 바로 말할 수 있었지만 엄마가 실망할 것 같았거든. 그래도 솔직히 말해야겠지?",
      "srcPage": 13,
      "srcSentenceEA": 3,
      "srcWordEA": 16,
      "character": "나,엄마",
      "setting": null,
      "action": "말할 수 있었지만,말해야겠지",
      "feeling": "고민했어,실망할 것 같았거든",
      "causalRelationship": null,
      "outcomeResolution": null,
      "prediction": "그래도 솔직히 말해야겠지?",
      "plotSummaryInfoCount": 1,
      "plotSummaryInfo": {
        "classification": "의사소통",
        "readAge": "유아",
        "form": "short-form",
        "plotSummaryText": "나는 잠깐 고민했는데 바로 말할 수 있었지만, 엄마가 실망할 것 같은데 그래도 솔직히 말해야겠습니다.",
        "textWordEA": 14
      }
    },
    {
      "srcTextID": "141865",
      "srcText": "텔레비전에는 내가 좋아하는 가수들이 계속 나오고. 먹고 싶은 음식도 척척 배달해서 먹을 수 있으니까. 넌 어떻게 생각해?",
      "srcPage": 15,
      "srcSentenceEA": 3,
      "srcWordEA": 19,
      "character": "가수들,텔레비전,음식",
      "setting": null,
      "action": "먹고,나오고,배달해서,먹을 수 있으니까",
      "feeling": "먹고 싶은",
      "causalRelationship": null,
      "outcomeResolution": null,
      "prediction": "넌 어떻게 생각해?",
      "plotSummaryInfoCount": 1,
      "plotSummaryInfo": {
        "classification": "의사소통",
        "readAge": "유아",
        "form": "short-form",
        "plotSummaryText": "텔레비전에는 내가 좋아하는 가수들이 계속 나오고, 먹고 싶은 음식도 척척 배달해서 먹을 수 있습니다.",
        "textWordEA": 14
      }
    },
    {
      "srcTextID": "141854",
      "srcText": "그때 갑자기 동생이 마술사에게 와락. 마술을 알려 달라며 지팡이에 대롱대롱 매달렸어. 우리 가족은 조금 부끄러웠지.",
      "srcPage": 8,
      "srcSentenceEA": 3,
      "srcWordEA": 17,
      "character": "동생,마술사,우리 가족,지팡이",
      "setting": null,
      "action": "알려 달라며,매달렸어",
      "feeling": "부끄러웠지",
      "causalRelationship": null,
      "outcomeResolution": null,
      "prediction": null,
      "plotSummaryInfoCount": 1,
      "plotSummaryInfo": {
        "classification": "의사소통",
        "readAge": "유아",
        "form": "short-form",
        "plotSummaryText": "그때 갑자기 동생이 마술사에게 와락 달려들어 마술을 알려 달라며 지팡이에 대롱대롱 매달려서 우리 가족은 조금 부끄러웠습니다.",
        "textWordEA": 16
      }
    },
    {
      "srcTextID": "141858",
      "srcText": "아빠는 사슴 부채. 나는 사자 부채를 골랐어. 인사동에는 신기하고 색다른 기념품들이 정말 많았어.",
      "srcPage": 11,
      "srcSentenceEA": 3,
      "srcWordEA": 15,
      "character": "아빠,기념품,사슴 부채,나,사자 부채",
      "setting": "인사동",
      "action": "골랐어",
      "feeling": null,
      "causalRelationship": null,
      "outcomeResolution": null,
      "prediction": null,
      "plotSummaryInfoCount": 1,
      "plotSummaryInfo": {
        "classification": "의사소통",
        "readAge": "유아",
        "form": "short-form",
        "plotSummaryText": "아빠는 사슴 부채, 나는 사자 부채를 골랐고 인사동에는 신기하고 색다른 기념품들이 정말 많았습니다.",
        "textWordEA": 13
      }
    },
    {
      "srcTextID": "141861",
      "srcText": "“나는 숙소가 제일 좋았어요!” 역시나 엄마는 약간 실망한 것 같지? 하지만 숙소는 그 어떤 곳보다 환상적이었는걸.",
      "srcPage": 14,
      "srcSentenceEA": 3,
      "srcWordEA": 18,
      "character": "나,엄마",
      "setting": "숙소",
      "action": null,
      "feeling": "제일 좋았어요,실망한 것 같지,환상적이었는걸",
      "causalRelationship": null,
      "outcomeResolution": null,
      "prediction": null,
      "plotSummaryInfoCount": 1,
      "plotSummaryInfo": {
        "classification": "의사소통",
        "readAge": "유아",
        "form": "short-form",
        "plotSummaryText": "나는 숙소가 제일 좋았다고 했는데 역시나 엄마는 약간 실망한 것 같은데, 숙소는 그 어떤 곳보다 환상적이었습니다.",
        "textWordEA": 16
      }
    },
    {
      "srcTextID": "141863",
      "srcText": "숙소가 제일 좋았다고? 그럼요! 다음엔 숙소만 바꿔 가면서 여행할 거예요. 룰루랄라~가나다라마바사 손을 잡고 따라와!",
      "srcPage": 16,
      "srcSentenceEA": 5,
      "srcWordEA": 18,
      "character": null,
      "setting": "숙소",
      "action": "잡고,여행할,바꿔 가면서,따라와",
      "feeling": "제일 좋았다고",
      "causalRelationship": null,
      "outcomeResolution": null,
      "prediction": null,
      "plotSummaryInfoCount": 1,
      "plotSummaryInfo": {
        "classification": "의사소통",
        "readAge": "유아",
        "form": "long-form",
        "plotSummaryText": "숙소가 제일 좋았고 다음엔 숙소만 바꿔 가면서 여행할겁니다.",
        "textWordEA": 8
      }
    },
    {
      "srcTextID": "141855",
      "srcText": "와글와글 북적북적 신나는 넷째 날의 기록. 우아, 예쁜 공주님과 멋진 왕자님이 탄 마차가 지나갔어. 그리고 흥겨운 퍼레이드가 시작됐지.",
      "srcPage": 7,
      "srcSentenceEA": 3,
      "srcWordEA": 20,
      "character": "공주님,왕자님,마차",
      "setting": null,
      "action": "지나갔어,시작됐지",
      "feeling": null,
      "causalRelationship": null,
      "outcomeResolution": null,
      "prediction": null,
      "plotSummaryInfoCount": 1,
      "plotSummaryInfo": {
        "classification": "의사소통",
        "readAge": "유아",
        "form": "short-form",
        "plotSummaryText": "와글와글 북적북적 신나는 넷째 날, 예쁜 공주님과 멋진 왕자님이 탄 마차가 지나가고  흥겨운 퍼레이드가 시작됐습니다.",
        "textWordEA": 16
      }
    }
  ]
}