{
  "title": "은혜 갚은 두꺼비",
  "author": "강숙인",
  "illustrator": "최현묵",
  "isbn": "9791157987337",
  "publishedYear": 2019,
  "publisher": "세이펜북스",
  "paragraphInfoCount": 19,
  "paragraphInfo": [
    {
      "srcTextID": "95334",
      "srcText": "소녀가 제물로 갈 때 입어야 하는 옷이었단다. 아버지는 한숨을 푹푹 내쉬었어. 소녀는 눈물을 꾹꾹 참으며 아버지를 바라보았어.",
      "srcPage": 8,
      "srcSentenceEA": 3,
      "srcWordEA": 19,
      "character": "소녀,옷,아버지",
      "setting": "제물로 갈 때",
      "action": "내쉬었어,참으며,바라보았어",
      "feeling": null,
      "causalRelationship": null,
      "outcomeResolution": null,
      "prediction": null,
      "plotSummaryInfoCount": 1,
      "plotSummaryInfo": {
        "classification": "의사소통",
        "readAge": "유아",
        "form": "short-form",
        "plotSummaryText": "아버지는 한숨을 내쉬었고 소녀는 눈물을 참으며 아버지를 바라보았습니다.",
        "textWordEA": 8
      }
    },
    {
      "srcTextID": "95346",
      "srcText": "마을 사람들은 어두컴컴한 신당 안에 소녀를 홀로 남겨 두고 문을 꼭 닫았어. 그러고는 빈 가마를 메고 서둘러 돌아갔단다. 소녀는 웅크리고 앉아 오들오들 떨었어.",
      "srcPage": 12,
      "srcSentenceEA": 3,
      "srcWordEA": 25,
      "character": "마을 사람들,소녀,문,빈 가마",
      "setting": "신당 안에",
      "action": "남겨 두고,닫았어,메고,돌아갔단다,웅크리고 앉아,오들오들 떨었어",
      "feeling": null,
      "causalRelationship": null,
      "outcomeResolution": null,
      "prediction": null,
      "plotSummaryInfoCount": 1,
      "plotSummaryInfo": {
        "classification": "의사소통",
        "readAge": "유아",
        "form": "short-form",
        "plotSummaryText": "마을 사람들은 신당 안에 소녀를 두고 문을 꼭 닫고 서둘러 돌아갔고 소녀는 웅크리고 앉아 떨었습니다.",
        "textWordEA": 15
      }
    },
    {
      "srcTextID": "95350",
      "srcText": "바로 그때 꽈당, 무언가가 부딪치는 소리가 났어. 문이 확 열리면서 두꺼비가 구르듯이 안으로 들어왔지. 지네가 크르릉 소리를 내며 두꺼비를 향해 붉은 연기를 내뿜었어. 두꺼비도 질세라 누런 연기를 내뿜으며 맞서 싸웠어.",
      "srcPage": 15,
      "srcSentenceEA": 4,
      "srcWordEA": 33,
      "character": "문,두꺼비,지네",
      "setting": "바로 그때,안으로",
      "action": "부딪치는,소리가 났어,확 열리면서,들어왔지,소리를 내며,내뿜었어,내뿜으며,맞서 싸웠어",
      "feeling": null,
      "causalRelationship": null,
      "outcomeResolution": null,
      "prediction": null,
      "plotSummaryInfoCount": 1,
      "plotSummaryInfo": {
        "classification": "의사소통",
        "readAge": "유아",
        "form": "long-form",
        "plotSummaryText": "바로 그때 문이 열리면서 두꺼비가 들어오자, 지네는 두꺼비를 향해 붉은 연기를 내뿜었고 두꺼비도 누런 연기를 내뿜으며 맞서 싸웠습니다.",
        "textWordEA": 18
      }
    },
    {
      "srcTextID": "95331",
      "srcText": "어느 날 밤, 마을 촌장 집 사랑방에 열여섯 살 딸을 둔 아버지들이 둘러앉았어. 촌장이 통을 내밀며 말했어. \"자, 제비를 하나씩 뽑으시오.\"",
      "srcPage": 5,
      "srcSentenceEA": 3,
      "srcWordEA": 22,
      "character": "아버지들,촌장,제비,통",
      "setting": "어느 날 밤,마을 촌장 집 사랑방에",
      "action": "둘러앉았어,내밀며 말했어,뽑으시오",
      "feeling": null,
      "causalRelationship": null,
      "outcomeResolution": null,
      "prediction": null,
      "plotSummaryInfoCount": 1,
      "plotSummaryInfo": {
        "classification": "의사소통",
        "readAge": "유아",
        "form": "short-form",
        "plotSummaryText": "어느 날 밤, 마을 촌장 집 사랑방에 열여섯 살 딸을 둔 아버지들이 둘러앉았는데 촌장이 제비를 하나씩 뽑으라고 했습니다.",
        "textWordEA": 18
      }
    },
    {
      "srcTextID": "95354",
      "srcText": "쉴 새 없이 뿜어 나오는 누런 연기 붉은 연기가 뱀처럼 구불구불 뒤엉키며 신당 안을 가득 채웠단다. 소녀는 마음속으로 두꺼비를 응원했지. '두껍아, 힘내렴. 제발 힘내렴.' 그러다 독한 연기에 숨이 막혀 까무룩 정신을 잃고 말았단다.",
      "srcPage": 16,
      "srcSentenceEA": 5,
      "srcWordEA": 36,
      "character": "소녀,두꺼비",
      "setting": "신당 안",
      "action": "뿜어 나오는,뒤엉키며,채웠단다,응원했지,숨이 막혀,정신을 잃고",
      "feeling": null,
      "causalRelationship": null,
      "outcomeResolution": null,
      "prediction": null,
      "plotSummaryInfoCount": 1,
      "plotSummaryInfo": {
        "classification": "의사소통",
        "readAge": "유아",
        "form": "long-form",
        "plotSummaryText": "쉴 새 없이 뿜어 나오는 누런 연기와 붉은 연기가 뒤엉키며 신당 안을 가득 채웠고, 소녀는 마음속으로 두꺼비를 응원하다가 정신을 잃고 말았습니다.",
        "textWordEA": 21
      }
    },
    {
      "srcTextID": "97945",
      "srcText": "그때 마을 사람들이 신당 안으로 들어왔어. 소녀를 양지바른 곳에 묻어 주려고 온 거야. 그런데 소녀가 멀쩡하게 살아 있으니 깜짝 놀라지. 소녀는 눈물을 씻으며 간밤의 일을 이야기했단다.",
      "srcPage": 18,
      "srcSentenceEA": 4,
      "srcWordEA": 29,
      "character": "소녀,마을 사람들",
      "setting": "신당 안,양지바른 곳",
      "action": "들어왔어,묻어 주려고 온,살아 있으니,눈물을 씻으며,이야기했단다",
      "feeling": "깜짝 놀라지",
      "causalRelationship": null,
      "outcomeResolution": null,
      "prediction": null,
      "plotSummaryInfoCount": 1,
      "plotSummaryInfo": {
        "classification": "의사소통",
        "readAge": "유아",
        "form": "long-form",
        "plotSummaryText": "그때 마을 사람들이 소녀를 묻어 주려고 신당 안으로 왔는데 소녀가 살아 있어 깜짝 놀라자, 간밤의 일을 이야기했습니다.",
        "textWordEA": 17
      }
    },
    {
      "srcTextID": "95325",
      "srcText": "어느 마을에 아버지와 단둘이 사는 소녀가 있었어. 아버지는 밭에서 부지런히 일하고, 소녀는 힘껏 집안일을 도우며 오순도순 알콩달콩 살았단다. 어느 날 소녀가 부엌에서 일할 때였어. 두꺼비 한 마리가 떡하니 부뚜막 위에 앉아 있지 뭐야.",
      "srcPage": 1,
      "srcSentenceEA": 4,
      "srcWordEA": 36,
      "character": "아버지,소녀,두꺼비",
      "setting": "어느 마을에,밭에서,어느 날,부엌에서,일할 때,부뚜막 위에",
      "action": "사는,일하고,도우며,살았단다,앉아",
      "feeling": null,
      "causalRelationship": null,
      "outcomeResolution": null,
      "prediction": null,
      "plotSummaryInfoCount": 1,
      "plotSummaryInfo": {
        "classification": "의사소통",
        "readAge": "유아",
        "form": "long-form",
        "plotSummaryText": "어느 마을에 아버지와 단둘이 사는 소녀가 있었는데 아버지는 부지런히 일했고, 소녀는 집안일을 도우며 살았는데 어느 날 두꺼비 한 마리가 부뚜막 위에 앉아 있었습니다.",
        "textWordEA": 23
      }
    },
    {
      "srcTextID": "95324",
      "srcText": "소녀는 두꺼비와 눈을 맞추며 소곤소곤 물었단다. \"배고프니, 두껍아?\" 두꺼비는 대답이라도 하듯 눈을 껌벅거렸어. 소녀가 솥에 남은 밥을 긁어 주었더니 두꺼비는 우물우물 꿀꺽 맛있게도 먹더란다.",
      "srcPage": 2,
      "srcSentenceEA": 4,
      "srcWordEA": 26,
      "character": "소녀,두꺼비,밥,솥,눈",
      "setting": null,
      "action": "맞추며,물었단다,껌벅거렸어,긁어 주었더니,맛있게도 먹더란다",
      "feeling": null,
      "causalRelationship": null,
      "outcomeResolution": null,
      "prediction": null,
      "plotSummaryInfoCount": 1,
      "plotSummaryInfo": {
        "classification": "의사소통",
        "readAge": "유아",
        "form": "long-form",
        "plotSummaryText": "소녀는 두꺼비에게 배고프냐고 물었고 두꺼비가 대답하듯 눈을 껌벅거려서 솥에 남은 밥을 긁어 주었더니 맛있게도 먹었답니다.",
        "textWordEA": 15
      }
    },
    {
      "srcTextID": "95330",
      "srcText": "마을에는 큰 신당이 있어 삼 년마다 제사를 지내는데 열여섯 살 소녀를 제물로 바쳐야 해. 안 그러면 마을에 나쁜 일이 많이 생긴대. \"어이쿠, 조상님!\" 제비를 펴 보던 소녀의 아버지는 눈앞이 캄캄했어. 소녀가 제물로 뽑히게 된 거야.",
      "srcPage": 6,
      "srcSentenceEA": 5,
      "srcWordEA": 38,
      "character": "신당,열여섯 살 소녀,제비,소녀의 아버지,소녀",
      "setting": "마을에는,삼 년마다",
      "action": "있어,지내는데,바쳐야 해,펴 보던,뽑히게 된 거야",
      "feeling": null,
      "causalRelationship": "마을에는 큰 신당이 있어 삼 년마다 제사를 지내는데 열여섯 살 소녀를 제물로 바쳐야 해. 안 그러면 마을에 나쁜 일이 많이 생긴대.",
      "outcomeResolution": null,
      "prediction": null,
      "plotSummaryInfoCount": 1,
      "plotSummaryInfo": {
        "classification": "의사소통",
        "readAge": "유아",
        "form": "long-form",
        "plotSummaryText": "마을에는 큰 신당이 있어 삼 년마다 제사를 지내는데 열여섯 살 소녀를 제물로 바쳐야 해서 제비를 뽑자, 소녀가 제물로 뽑히게 되어 아버지는 눈앞이 캄캄해졌습니다.",
        "textWordEA": 23
      }
    },
    {
      "srcTextID": "95335",
      "srcText": "제사를 지내는 날 아침, 소녀네 마당에는 쌀가마니와 곡식 자루가 쌓여 갔어. 마을 사람들이 고맙다고 보내 준 거야. 마루에는 곱게 개킨 혼례복이 놓였지.",
      "srcPage": 7,
      "srcSentenceEA": 3,
      "srcWordEA": 24,
      "character": "쌀가마니,곡식 자루,마을 사람들,혼례복",
      "setting": "제사를 지내는 날 아침,소녀네 마당에는,마루에는",
      "action": "보내 준 거야,곱게 개킨,놓였지",
      "feeling": "고맙다고",
      "causalRelationship": null,
      "outcomeResolution": null,
      "prediction": null,
      "plotSummaryInfoCount": 1,
      "plotSummaryInfo": {
        "classification": "의사소통",
        "readAge": "유아",
        "form": "short-form",
        "plotSummaryText": "제사 지내는 날 아침, 마당에는 마을 사람들이 고맙다고 보낸 쌀가마니와 곡식이 쌓였고 마루에는 혼례복이 놓여있었습니다.",
        "textWordEA": 15
      }
    },
    {
      "srcTextID": "95343",
      "srcText": "이윽고 사람들이 소녀가 탄 가마를 메고 집을 나섰어. 아버지는 그 자리에 주저앉아 땅을 치고 울었더란다. 가마는 천천히 마을 신당으로 향했지. 그런데 그 뒤를 삽살개만 한 두꺼비가 엉금엉금 따라가는 거야.",
      "srcPage": 11,
      "srcSentenceEA": 4,
      "srcWordEA": 32,
      "character": "사람들,소녀,가마,아버지,땅,두꺼비",
      "setting": "집을,마을 신당으로",
      "action": "탄,메고,나섰어,주저앉아,치고,울었더란다,향했지,따라가는 거야",
      "feeling": null,
      "causalRelationship": null,
      "outcomeResolution": null,
      "prediction": null,
      "plotSummaryInfoCount": 1,
      "plotSummaryInfo": {
        "classification": "의사소통",
        "readAge": "유아",
        "form": "long-form",
        "plotSummaryText": "소녀가 탄 가마가 집을 나섰고 아버지는 주저앉아 땅을 치고 울었는데, 가마 뒤를 삽살개만 한 두꺼비가 따라갔습니다.",
        "textWordEA": 16
      }
    },
    {
      "srcTextID": "95349",
      "srcText": "이윽고 달이 떠서 신당 안이 어슴푸레해졌을 때야. 갑자기 스르륵스르륵하는 소리가 들려왔어. 소녀는 벌벌 떨며 사방을 둘러보았어. 세상에, 천장에서 커다란 지네가 꿈틀꿈틀 내려오지 뭐야.",
      "srcPage": 13,
      "srcSentenceEA": 4,
      "srcWordEA": 26,
      "character": "달,소녀,지네",
      "setting": "신당 안,어슴푸레해졌을 때,천장에서",
      "action": "소리가 들려왔어,벌벌 떨며,둘러보았어,내려오지",
      "feeling": null,
      "causalRelationship": null,
      "outcomeResolution": null,
      "prediction": "세상에,천장에서 커다란 지네가 꿈틀꿈틀 내려오지 뭐야.",
      "plotSummaryInfoCount": 1,
      "plotSummaryInfo": {
        "classification": "의사소통",
        "readAge": "유아",
        "form": "long-form",
        "plotSummaryText": "이윽고 달이 떴을 때 갑자기 스르륵 하는 소리가 들려 소녀가 벌벌 떨며 둘러보니 천장에서 커다란 지네가 내려오고 있었습니다.",
        "textWordEA": 18
      }
    },
    {
      "srcTextID": "95361",
      "srcText": "소녀와 마을 사람들은 두꺼비를 정성껏 묻어 주었어. 그 뒤로 신당에서 제사를 지내는 풍습은 사라졌어. 살아 있는 처녀를 제물로 바치지 않게 된 마을 사람들은 평화롭고 행복하게 잘 살았지. 밥을 먹여 기른 두꺼비가 은혜 갚은 이야기를 아이들에게 들려주면서 말이야.",
      "srcPage": 19,
      "srcSentenceEA": 4,
      "srcWordEA": 40,
      "character": "소녀,마을 사람들,두꺼비,처녀,밥,아이들",
      "setting": "신당에서",
      "action": "묻어 주었어,지내는,사라졌어,바치지 않게 된,잘 살았지,먹여 기른,은혜 갚은,들려주면서 말이야",
      "feeling": "평화롭고 행복하게",
      "causalRelationship": null,
      "outcomeResolution": null,
      "prediction": null,
      "plotSummaryInfoCount": 1,
      "plotSummaryInfo": {
        "classification": "의사소통",
        "readAge": "유아",
        "form": "long-form",
        "plotSummaryText": "소녀와 마을 사람들은 두꺼비를 정성껏 묻어 주었고 그 뒤로 살아있는 처녀를 제물로 바치며 신당에서 제사 지내는 풍습은 사라져서 마을 사람들은 은혜 갚은 두꺼비 이야기를 하며 평화롭고 행복하게 잘 살았습니다.",
        "textWordEA": 29
      }
    },
    {
      "srcTextID": "97942",
      "srcText": "해가 가고 달이 바뀌어 여러 해가 흘렀어. 두꺼비는 부쩍부쩍 자라 삽살개만큼 커다래졌어. 소녀는 열여섯, 어여쁜 처녀가 되었지.",
      "srcPage": 4,
      "srcSentenceEA": 3,
      "srcWordEA": 19,
      "character": "두꺼비,삽살개,소녀,처녀",
      "setting": "여러 해가,열여섯",
      "action": "자라,커다래졌어,되었지",
      "feeling": null,
      "causalRelationship": null,
      "outcomeResolution": null,
      "prediction": null,
      "plotSummaryInfoCount": 1,
      "plotSummaryInfo": {
        "classification": "의사소통",
        "readAge": "유아",
        "form": "short-form",
        "plotSummaryText": "여러 해가 흘러 두꺼비는 삽살개만큼 커졌고, 소녀는 열여섯 처녀가 되었습니다.",
        "textWordEA": 10
      }
    },
    {
      "srcTextID": "97941",
      "srcText": "그때부터 두꺼비는 아예 그 집 부엌에서 살았어. 소녀는 끼니때마다 꼬박꼬박 밥을 챙겨 주었지. 소녀가 '두껍아' 부르면 두 눈을 껌벅껌벅, 도란도란 얘기를 들려주면 얼굴을 움찔움찔하더란다. 두꺼비가 아니라 꼭 귀여운 강아지 같았다니까.",
      "srcPage": 3,
      "srcSentenceEA": 5,
      "srcWordEA": 34,
      "character": "두꺼비,소녀,밥,강아지,얼굴",
      "setting": "그때부터,부엌에서",
      "action": "살았어,챙겨 주었지,부르면,들려주면,움찔움찔하더란다",
      "feeling": null,
      "causalRelationship": null,
      "outcomeResolution": null,
      "prediction": null,
      "plotSummaryInfoCount": 1,
      "plotSummaryInfo": {
        "classification": "의사소통",
        "readAge": "유아",
        "form": "long-form",
        "plotSummaryText": "소녀는 끼니때마다 두꺼비를 챙겨주어 두꺼비는 아예 그 집 부엌에서 살았고 소녀가 두꺼비를 부르면 눈을 껌벅거렸고, 이야기를 들려주면 얼굴을 움찔거리는 것이 꼭 귀여운 강아지 같았습니다.",
        "textWordEA": 24
      }
    },
    {
      "srcTextID": "95338",
      "srcText": "소녀는 부엌으로 들어가 두꺼비에게 마지막 밥을 주었어. \"이제 누가 너한테 밥을 준다니?\" 툭툭, 참고 참았던 눈물이 뺨을 타고 흘러내려 두꺼비의 얼굴에 떨어졌단다. 두꺼비는 눈을 껌벅이며 소녀를 빤히 쳐다보았지. 소녀의 눈에서 흘러내리는 눈물은 방울방울 끝이 없었어.",
      "srcPage": 9,
      "srcSentenceEA": 5,
      "srcWordEA": 38,
      "character": "소녀,두꺼비,밥,뺨,두꺼비의 얼굴,눈",
      "setting": "부엌으로",
      "action": "들어가,주었어,흘러내려,떨어졌단다,껌벅이며,쳐다보았지,흘러내리는",
      "feeling": null,
      "causalRelationship": null,
      "outcomeResolution": null,
      "prediction": null,
      "plotSummaryInfoCount": 1,
      "plotSummaryInfo": {
        "classification": "의사소통",
        "readAge": "유아",
        "form": "long-form",
        "plotSummaryText": "소녀는 부엌으로 들어가 두꺼비에게 마지막 밥을 주고 이제 누가 너한테 밥을 주냐고 했고, 참았던 눈물이 두꺼비의 얼굴에 끝이 없이 떨어졌습니다.",
        "textWordEA": 20
      }
    },
    {
      "srcTextID": "95342",
      "srcText": "신당으로 떠날 시간이 되었어. 혼례복을 차려입은 소녀는 아버지께 절을 올렸지. \"아버지, 오래도록 평안하세요.\"",
      "srcPage": 10,
      "srcSentenceEA": 3,
      "srcWordEA": 14,
      "character": "혼례복,소녀,아버지",
      "setting": "신당으로 떠날 시간이",
      "action": "차려입은,올렸지",
      "feeling": null,
      "causalRelationship": null,
      "outcomeResolution": null,
      "prediction": null,
      "plotSummaryInfoCount": 1,
      "plotSummaryInfo": {
        "classification": "의사소통",
        "readAge": "유아",
        "form": "short-form",
        "plotSummaryText": "신당으로 떠날 시간이 되어 혼례복을 차려입은 소녀가 아버지께 오래도록 평안하시라고 절을 올렸습니다.",
        "textWordEA": 12
      }
    },
    {
      "srcTextID": "95348",
      "srcText": "소녀는 무섭고 놀라서 으악 비명을 질렀어. 바닥으로 내려온 지네가 입을 크게 벌렸어. 금방이라도 소녀를 집어삼킬 것 같았다니까.",
      "srcPage": 14,
      "srcSentenceEA": 3,
      "srcWordEA": 19,
      "character": "소녀,지네,입",
      "setting": "바닥으로",
      "action": "질렀어,내려온,크게 벌렸어",
      "feeling": "무섭고 놀라서",
      "causalRelationship": null,
      "outcomeResolution": null,
      "prediction": null,
      "plotSummaryInfoCount": 1,
      "plotSummaryInfo": {
        "classification": "의사소통",
        "readAge": "유아",
        "form": "short-form",
        "plotSummaryText": "소녀는 무섭고 놀라서 비명을 질렀고 지네는 입을 크게 벌려 금방이라도 소녀를 집어삼킬 것 같았습니다.",
        "textWordEA": 14
      }
    },
    {
      "srcTextID": "97946",
      "srcText": "다음 날 아침, 소녀가 깨어나 신당 안을 둘러보니 저만치 두꺼비와 지네가 널브러져 있지 뭐야. \"두껍아, 눈 좀 떠 봐, 두껍아.\" 소녀의 눈에서 눈물이 철철 흘러내렸어.",
      "srcPage": 17,
      "srcSentenceEA": 3,
      "srcWordEA": 26,
      "character": "소녀,두꺼비,지네,눈",
      "setting": "다음 날 아침,신당 안",
      "action": "깨어나,둘러보니,널브러져,흘러내렸어",
      "feeling": null,
      "causalRelationship": null,
      "outcomeResolution": null,
      "prediction": null,
      "plotSummaryInfoCount": 1,
      "plotSummaryInfo": {
        "classification": "의사소통",
        "readAge": "유아",
        "form": "short-form",
        "plotSummaryText": "다음 날 아침, 소녀가 깨어나 보니 두꺼비와 지네가 널브러져 있었고 소녀는 눈물을 흘리며 두꺼비에게 눈 좀 떠 보라고 했습니다.",
        "textWordEA": 19
      }
    }
  ]
}