{
  "title": "해와 달이 된 오누이",
  "author": "원종국",
  "illustrator": "강나래",
  "isbn": "9791157987603",
  "publishedYear": 2019,
  "publisher": "세이펜북스",
  "paragraphInfoCount": 22,
  "paragraphInfo": [
    {
      "srcTextID": "106037",
      "srcText": "오누이는 진짜 어머니인지도 모른다고 생각했어. 그래서 문을 열고 말았지. 문을 열자, 시커먼 것이 성큼 들어왔어. 오누이는 방구석 호롱불 밑에서 오도카니 올려다보았지.",
      "srcPage": 9,
      "srcSentenceEA": 4,
      "srcWordEA": 24,
      "character": "오누이,어머니,문,호롱불",
      "setting": "방구석",
      "action": "생각했어,열고 말았지,들어왔어,올려다보았지",
      "feeling": null,
      "causalRelationship": "오누이는 진짜 어머니인지도 모른다고 생각했어. 그래서 문을 열고 말았지.",
      "outcomeResolution": null,
      "prediction": null,
      "plotSummaryInfoCount": 1,
      "plotSummaryInfo": {
        "classification": "의사소통",
        "readAge": "유아",
        "form": "long-form",
        "plotSummaryText": "오누이는 어머니인지도 모른다고 생각해서 문을 열고 말았고, 방구석 호롱불 밑에서 올려다보니 시커먼 것이 성큼 들어왔다.",
        "textWordEA": 15
      }
    },
    {
      "srcTextID": "106036",
      "srcText": "분명히 어머니 옷을 입고는 있는데, 걸음걸이도 다르고 덩치도 엄청나게 컸어. 새끼손가락만 한 호롱불이 무서운지 저만치에서 서성이는데 치맛자락 사이로 슬그머니, 털이 숭숭 달린 꼬리가 꿈틀대지 않겠어. 마침내 오누이는 호랑이한테 속은 걸 알게 됐지.",
      "srcPage": 10,
      "srcSentenceEA": 3,
      "srcWordEA": 34,
      "character": "어머니,호랑이,옷,호롱불,치맛자락,털,꼬리,오누이",
      "setting": null,
      "action": "입고는 있는데,서성이는데,꿈틀대지 않겠어,속은,알게 됐지",
      "feeling": "무서운지",
      "causalRelationship": null,
      "outcomeResolution": "마침내 오누이는 호랑이한테 속은 걸 알게 됐지.",
      "prediction": null,
      "plotSummaryInfoCount": 1,
      "plotSummaryInfo": {
        "classification": "의사소통",
        "readAge": "유아",
        "form": "short-form",
        "plotSummaryText": "어머니 옷을 입고는 있지만, 치맛자락 사이로 털이 숭숭 달린 꼬리가 꿈틀대고 있었고, 오누이는 호랑이한테 속은 걸 알게 됐다.",
        "textWordEA": 18
      }
    },
    {
      "srcTextID": "106046",
      "srcText": "호랑이가 하는 짓이 우스워서 오누이가 그만 웃고 말았어. \"히히히.\" 호랑이는 나무 위를 쳐다보고서야 속은 줄을 알았지. \"너희들 거긴 어떻게 올라갔니?\"",
      "srcPage": 15,
      "srcSentenceEA": 3,
      "srcWordEA": 21,
      "character": "호랑이,오누이",
      "setting": "나무 위",
      "action": "하는,웃고 말았어,쳐다보고서야,속은,올라갔니",
      "feeling": null,
      "causalRelationship": null,
      "outcomeResolution": null,
      "prediction": "너희들 거긴 어떻게 올라갔니?",
      "plotSummaryInfoCount": 1,
      "plotSummaryInfo": {
        "classification": "의사소통",
        "readAge": "유아",
        "form": "short-form",
        "plotSummaryText": "호랑이가 우스워서 오누이가 웃자, 나무 위를 쳐다본 호랑이는 거긴 어떻게 올라갔냐고 물었다.",
        "textWordEA": 12
      }
    },
    {
      "srcTextID": "106047",
      "srcText": "\"얘들아, 너희들은 재주도 좋구나. 도대체 어떻게 거길 올라갔니?\" 호랑이가 불쌍한 표정을 지어 가며 물었어.",
      "srcPage": 17,
      "srcSentenceEA": 3,
      "srcWordEA": 16,
      "character": "호랑이",
      "setting": null,
      "action": "올라갔니,표정을 지어 가며,물었어",
      "feeling": null,
      "causalRelationship": null,
      "outcomeResolution": null,
      "prediction": "도대체 어떻게 거길 올라갔니?",
      "plotSummaryInfoCount": 1,
      "plotSummaryInfo": {
        "classification": "의사소통",
        "readAge": "유아",
        "form": "short-form",
        "plotSummaryText": "호랑이가 너희는 재주도 좋다며 어떻게 올라갔냐고 물었어.",
        "textWordEA": 7
      }
    },
    {
      "srcTextID": "106048",
      "srcText": "\"옆집에서 도끼를 얻어다가 나무를 찍으며 올라왔지.\" 철없는 누이동생이 덜컥 이러는 거야. 호랑이는 도끼를 훔쳐다가 쿵 쿵 나무를 찍으며 올라오기 시작했어.",
      "srcPage": 18,
      "srcSentenceEA": 3,
      "srcWordEA": 22,
      "character": "누이동생,호랑이,도끼",
      "setting": "옆집,나무",
      "action": "얻어다가,찍으며,올라왔지,이러는 거야,훔쳐다가,시작했어",
      "feeling": null,
      "causalRelationship": null,
      "outcomeResolution": null,
      "prediction": null,
      "plotSummaryInfoCount": 1,
      "plotSummaryInfo": {
        "classification": "의사소통",
        "readAge": "유아",
        "form": "short-form",
        "plotSummaryText": "도끼를 얻어 나무를 찍어 올라왔다고 누이동생이 말하자 그 말을 들은 호랑이는 도끼로 나무를 찍으며 올라오기 시작했다.",
        "textWordEA": 16
      }
    },
    {
      "srcTextID": "106049",
      "srcText": "오누이는 더 높은 나뭇가지로 올라갔지만 호랑이도 바짝 따라 올라왔어. 마침내 더 올라갈 곳이 없게 된 오누이는 두 손을 모으고 하느님께 빌었지. \"하느님! 우리를 살리시려거든 새 동아줄을 내려 주시고, 우리를 죽이시려거든 썩은 동아줄을 내려 주세요.\"",
      "srcPage": 19,
      "srcSentenceEA": 3,
      "srcWordEA": 36,
      "character": "오누이,호랑이,하느님,나뭇가지,두 손,동아줄",
      "setting": null,
      "action": "올라갔지만,바짝 따라 올라왔어,모으고,빌었지,살리시려거든,내려 주시고,죽이시려거든",
      "feeling": null,
      "causalRelationship": null,
      "outcomeResolution": null,
      "prediction": null,
      "plotSummaryInfoCount": 1,
      "plotSummaryInfo": {
        "classification": "의사소통",
        "readAge": "유아",
        "form": "short-form",
        "plotSummaryText": "오누이가 더 올라갈 곳이 없게 되자 하느님께 우리를 살리시려거든 새 동아줄을 내려달라고 기도했다.",
        "textWordEA": 13
      }
    },
    {
      "srcTextID": "106052",
      "srcText": "그렇지만 그건 썩은 동아줄이었지. 동아줄이 툭 끊어지자 호랑이는 땅으로 뚝 떨어져 죽고 말았어. 그때 호랑이가 떨어진 곳이 수수를 거둔 밭이었는데, 지금도 수숫대가 빨간 것은 그때 묻은 호랑이 피 때문이래. 그렇게 해서 하늘에 올라간 오빠는 달이 되고 누이동생은 해가 되었대. 그래서 혼자 숲길을 가는 사람이 있으면 낮이나 밤이나 무섭지 말라고 하늘에서 환한 빛을 보내 준단다.",
      "srcPage": 22,
      "srcSentenceEA": 5,
      "srcWordEA": 58,
      "character": "호랑이,오빠,누이동생,동아줄,수수,수숫대,달,해",
      "setting": "밭,하늘,숲길,낮,밤",
      "action": "끊어지자,떨어져 죽고 말았어,거둔,올라간,가는,보내 준단다",
      "feeling": null,
      "causalRelationship": null,
      "outcomeResolution": "오빠는 달이 되고 누이동생은 해가 되었대.",
      "prediction": null,
      "plotSummaryInfoCount": 1,
      "plotSummaryInfo": {
        "classification": "의사소통",
        "readAge": "유아",
        "form": "long-form",
        "plotSummaryText": "썩은 동아줄을 잡고 올라간 호랑이는 땅으로 떨어져 죽고 하늘로 올라간 오빠는 달이 되고 누이동생은 해가 되었대.",
        "textWordEA": 16
      }
    },
    {
      "srcTextID": "106019",
      "srcText": "옛날 아주 먼 옛날, 어느 깊은 산골에 오누이와 어머니가 살았어. 가난한 어머니는 방아품을 팔거나 남의 집 밭일을 도와주며 간신히 살림을 꾸렸지. 하루는 어머니가 개떡을 얻어 밤늦게 돌아오는 길이었어. 집까지 가려면 큰 고개를 몇 개나 넘어야 했지.",
      "srcPage": 1,
      "srcSentenceEA": 4,
      "srcWordEA": 39,
      "character": "어머니,오누이,방아품,집,살림,개떡",
      "setting": "산골,길,고개,옛날",
      "action": "살았어,팔거나,도와주며,살림을 꾸렸지,얻어,돌아오는,가려면,넘어야 했지",
      "feeling": null,
      "causalRelationship": null,
      "outcomeResolution": null,
      "prediction": null,
      "plotSummaryInfoCount": 1,
      "plotSummaryInfo": {
        "classification": "의사소통",
        "readAge": "유아",
        "form": "long-form",
        "plotSummaryText": "먼 옛날, 깊은 산골에 오누이와 어머니가 살았는데 가난한 어머니는 방아품을 팔거나 밭일을 도와주며 살림을 꾸렸다.",
        "textWordEA": 15
      }
    },
    {
      "srcTextID": "106042",
      "srcText": "오들오들 떨던 오누이는 도망갈 생각으로 꾀를 냈어. “엄마, 똥 마려워.” “방에다 누어라.” “그럼 구린내가 나서 안 돼.”",
      "srcPage": 11,
      "srcSentenceEA": 4,
      "srcWordEA": 17,
      "character": "오누이,엄마,똥",
      "setting": "방",
      "action": "도망갈,꾀를 냈어,마려워,누어라,구린내가 나서",
      "feeling": null,
      "causalRelationship": null,
      "outcomeResolution": null,
      "prediction": null,
      "plotSummaryInfoCount": 1,
      "plotSummaryInfo": {
        "classification": "의사소통",
        "readAge": "유아",
        "form": "long-form",
        "plotSummaryText": "오누이는 꾀를 내어 똥이 마렵다하니, 방에다 누라는 말에 구린내가 나서 안 된다고 했다.",
        "textWordEA": 13
      }
    },
    {
      "srcTextID": "106041",
      "srcText": "“토방에다 누어라.” “그럼 나가다가 밟을 텐데!” “뒷간에 가서 누어라.” 오누이는 방에서 냉큼 도망쳤지.",
      "srcPage": 12,
      "srcSentenceEA": 4,
      "srcWordEA": 14,
      "character": "오누이",
      "setting": "토방,뒷간",
      "action": "누어라,나가다가,밟을 텐데,가서,도망쳤지",
      "feeling": null,
      "causalRelationship": null,
      "outcomeResolution": null,
      "prediction": null,
      "plotSummaryInfoCount": 1,
      "plotSummaryInfo": {
        "classification": "의사소통",
        "readAge": "유아",
        "form": "long-form",
        "plotSummaryText": "뒷간에 가서 누어라고 해서, 오누이는 방에서 냉큼 도망쳤다.",
        "textWordEA": 8
      }
    },
    {
      "srcTextID": "106044",
      "srcText": "호랑이는 오누이가 우물 속에 들어가 숨은 줄 알고 손짓발짓을 하며 소리쳤어. \"얘들아, 이리 나오너라. 어서 나오너라. 저것들을 바가지로 건져 낼까, 조리로 건져 낼까?\"",
      "srcPage": 14,
      "srcSentenceEA": 4,
      "srcWordEA": 25,
      "character": "호랑이,오누이,바가지,조리",
      "setting": "우물",
      "action": "들어가,숨은,알고,손짓발짓을 하며,소리쳤어,나오너라,건져 낼까",
      "feeling": null,
      "causalRelationship": null,
      "outcomeResolution": null,
      "prediction": "저것들을 바가지로 건져 낼까,조리로 건져 낼까?\"",
      "plotSummaryInfoCount": 1,
      "plotSummaryInfo": {
        "classification": "의사소통",
        "readAge": "유아",
        "form": "long-form",
        "plotSummaryText": "호랑이는 오누이가 우물 속에 숨은 줄 알고 손짓발짓을 하며 나오라고 소리쳤고, 바가지로 건져 낼까, 조리로 건져 낼까 생각했다.",
        "textWordEA": 18
      }
    },
    {
      "srcTextID": "106051",
      "srcText": "하늘에서 동아줄이 내려오자 오누이가 붙잡고 하늘로 둥실둥실 올라갔어. 까딱 잘못했다간 큼직한 호랑이 발에 훅, 잡힐 뻔했지. 눈앞에서 오누이를 놓친 호랑이는 분하고 억울했어.",
      "srcPage": 20,
      "srcSentenceEA": 3,
      "srcWordEA": 24,
      "character": "오누이,호랑이,동아줄,발",
      "setting": "하늘",
      "action": "내려오자,붙잡고,올라갔어,잡힐 뻔했지,놓친",
      "feeling": "분하고 억울했어",
      "causalRelationship": null,
      "outcomeResolution": null,
      "prediction": null,
      "plotSummaryInfoCount": 1,
      "plotSummaryInfo": {
        "classification": "의사소통",
        "readAge": "유아",
        "form": "short-form",
        "plotSummaryText": "오누이가 동아줄을 붙잡고 하늘로 올라가자, 오누이를 놓친 호랑이는 분하고 억울했다.",
        "textWordEA": 10
      }
    },
    {
      "srcTextID": "106050",
      "srcText": "그래서 오누이를 흉내 내 하느님께 빌었단다. \"하느님, 나를 살리려거든 새 동아줄을 내려 주고, 죽이려거든 썩은 동아줄을 내려 주오.\" 하늘에서 동아줄이 내려오자 호랑이는 그 줄을 잡고 올라갔어.",
      "srcPage": 21,
      "srcSentenceEA": 3,
      "srcWordEA": 27,
      "character": "오누이,하느님,동아줄",
      "setting": null,
      "action": "흉내 내,빌었단다,살리려거든,내려 주고,죽이려거든,내려오자,잡고,올라갔어",
      "feeling": null,
      "causalRelationship": null,
      "outcomeResolution": null,
      "prediction": null,
      "plotSummaryInfoCount": 1,
      "plotSummaryInfo": {
        "classification": "의사소통",
        "readAge": "유아",
        "form": "short-form",
        "plotSummaryText": "호랑이는 오누이 흉내를 내며 하느님께 동아줄을 내려달라고 기도하자 동아줄이 내려와 그 줄을 잡고 올라갔어.",
        "textWordEA": 14
      }
    },
    {
      "srcTextID": "106031",
      "srcText": "그러고 나니 호랑이는 집에 있는 아이들마저 잡아먹고 싶어졌어. 그래 어머니에게서 빼앗은 치마와 저고리와 머릿수건을 두르고는 오누이가 있는 집으로 향했단다. 오누이는 이제나저제나 어머니 돌아오기만 기다리고 있었지.",
      "srcPage": 5,
      "srcSentenceEA": 3,
      "srcWordEA": 27,
      "character": "호랑이,어머니,아이들,치마,저고리,머릿수건,오누이,집",
      "setting": null,
      "action": "빼앗은,두르고는,향했단다,돌아오기만 기다리고",
      "feeling": "잡아먹고 싶어졌어",
      "causalRelationship": null,
      "outcomeResolution": null,
      "prediction": null,
      "plotSummaryInfoCount": 1,
      "plotSummaryInfo": {
        "classification": "의사소통",
        "readAge": "유아",
        "form": "short-form",
        "plotSummaryText": "호랑이는 아이들마저 잡아먹고 싶어져서 빼앗은 치마와 저고리와 머릿수건을 두르고는 오누이가 있는 집으로 향했는데, 오누이는 어머니 돌아오기만 기다리고 있었다.",
        "textWordEA": 18
      }
    },
    {
      "srcTextID": "106032",
      "srcText": "그런데 가만히 들어 보니 어머니 목소리랑 다른 거야. \"우리 엄마 목소리는 그렇게 거칠지 않아요.\" \"온종일 일한 데다, 올 적에 찬 바람을 쐬어서 그렇지.\"",
      "srcPage": 7,
      "srcSentenceEA": 3,
      "srcWordEA": 23,
      "character": "어머니",
      "setting": null,
      "action": "들어 보니,거칠지 않아요,일한 데다,올,쐬어서",
      "feeling": null,
      "causalRelationship": null,
      "outcomeResolution": null,
      "prediction": null,
      "plotSummaryInfoCount": 1,
      "plotSummaryInfo": {
        "classification": "의사소통",
        "readAge": "유아",
        "form": "short-form",
        "plotSummaryText": "가만히 들어 보니 어머니 목소리랑 달라서 엄마 목소리는 그렇게 거칠지 않다고 얘기하니, 온종일 일한 데다 올 적에 찬 바람을 쐬어서 그렇다고 했다.",
        "textWordEA": 22
      }
    },
    {
      "srcTextID": "106043",
      "srcText": "그러고는 멀찍이 떨어진 우물 옆 나무 위로 올라가 숨을 죽이고 있었단다. 오누이가 돌아오지 않자, 호랑이는 밖으로 뛰어나와 사방을 살피기 시작했어. 뒷간에도 없고, 부엌에도 없고, 마당에도 없고... 그러다가 우물 속을 들여다보니 나무 위에 올라앉은 오누이의 모습이 비쳤지 뭐야.",
      "srcPage": 13,
      "srcSentenceEA": 4,
      "srcWordEA": 40,
      "character": "오누이,호랑이,나무,뒷간,부엌,마당",
      "setting": "우물",
      "action": "떨어진,올라가,숨을 죽이고 있었단다,돌아오지 않자,뛰어나와,살피기 시작했어,들여다보니,올라앉은,비쳤지",
      "feeling": null,
      "causalRelationship": null,
      "outcomeResolution": null,
      "prediction": null,
      "plotSummaryInfoCount": 1,
      "plotSummaryInfo": {
        "classification": "의사소통",
        "readAge": "유아",
        "form": "long-form",
        "plotSummaryText": "우물 옆 나무 위로 올라가 숨을 죽이고 있었는데 오누이가 돌아오지 않자, 호랑이는 밖으로 뛰어나와 사방을 살피다가 우물 속을 들여다보니 나무 위에 올라앉은 오누이의 모습이 비쳤다.",
        "textWordEA": 25
      }
    },
    {
      "srcTextID": "106045",
      "srcText": "오빠가 대답했어. \"어떻게 올라오긴. 앞집에서 들기름을 빌려다 처덕처덕 바르고 올라왔지.\" 호랑이는 들기름을 훔쳐 와 나무에 휙휙 뿌렸어. 그러곤 덥석 나무에 매달렸는데, 그만 미끄덩, 쿵!",
      "srcPage": 16,
      "srcSentenceEA": 5,
      "srcWordEA": 27,
      "character": "오빠,호랑이,들기름,나무",
      "setting": "앞집",
      "action": "대답했어,올라오긴,빌려다,바르고,올라왔지,훔쳐 와,뿌렸어,매달렸는데",
      "feeling": null,
      "causalRelationship": null,
      "outcomeResolution": null,
      "prediction": null,
      "plotSummaryInfoCount": 1,
      "plotSummaryInfo": {
        "classification": "의사소통",
        "readAge": "유아",
        "form": "long-form",
        "plotSummaryText": "앞집에서 들기름을 빌려 바르고 올라왔다고 하자 호랑이는 들기름을 훔쳐 나무에 뿌리고 나무에 매달렸는데 미끄러웠다.",
        "textWordEA": 14
      }
    },
    {
      "srcTextID": "106030",
      "srcText": "그때 문밖에서 웬 소리가 들렸어. \"엄마 왔다. 문 열어라.\"",
      "srcPage": 6,
      "srcSentenceEA": 3,
      "srcWordEA": 10,
      "character": "엄마,문",
      "setting": "문밖",
      "action": "들렸어,왔다,열어라",
      "feeling": null,
      "causalRelationship": null,
      "outcomeResolution": null,
      "prediction": null,
      "plotSummaryInfoCount": 1,
      "plotSummaryInfo": {
        "classification": "의사소통",
        "readAge": "유아",
        "form": "short-form",
        "plotSummaryText": "그때 문밖에서 엄마 왔으니 문열어라라는 소리가 들렸다.",
        "textWordEA": 7
      }
    },
    {
      "srcTextID": "106020",
      "srcText": "어머니가 고개 하나를 넘었을 때였어. 갑자기 집채만 한 호랑이가 나타나 앞을 턱 가로막는 거야. \"어흥, 떡을 주면 안 잡아먹지.\" 어머니는 할 수 없이 떡을 주었어. 떡을 다 먹은 호랑이는 숲속 어딘가로 사라졌지.",
      "srcPage": 2,
      "srcSentenceEA": 5,
      "srcWordEA": 35,
      "character": "어머니,호랑이,집채,떡",
      "setting": "고개,숲속",
      "action": "넘었을,나타나,가로막는 거야,주면,잡아먹지,주었어,먹은,사라졌지",
      "feeling": null,
      "causalRelationship": null,
      "outcomeResolution": "떡을 다 먹은 호랑이는 숲 속 어딘가로 사라졌지.",
      "prediction": null,
      "plotSummaryInfoCount": 1,
      "plotSummaryInfo": {
        "classification": "의사소통",
        "readAge": "유아",
        "form": "long-form",
        "plotSummaryText": "어머니가 고개 하나를 넘었을 때 갑자기 호랑이가 나타나 떡을 주면 안 잡아먹는다고 해서 어머니는 할 수 없이 떡을 주었고, 떡을 다 먹은 호랑이는 숲속으로 사라졌다.",
        "textWordEA": 25
      }
    },
    {
      "srcTextID": "106024",
      "srcText": "두 번째 고개를 넘었더니 웬걸, 호랑이가 다시 나타난 거야. \"어흥, 옷을 벗어 주면 안 잡아먹지.\" 어머니가 벌벌 떨며 머릿수건과 저고리와 치마를 벗어 던져 주었어. 호랑이는 어머니 옷을 가지고 사라졌지.",
      "srcPage": 3,
      "srcSentenceEA": 4,
      "srcWordEA": 31,
      "character": "호랑이,어머니,옷,머릿수건,저고리,치마",
      "setting": "고개",
      "action": "넘었더니,나타난 거야,벗어 주면,잡아먹지,떨며,벗어 던져 주었어,가지고,사라졌지",
      "feeling": null,
      "causalRelationship": null,
      "outcomeResolution": "호랑이는 어머니 옷을 가지고 사라졌지.",
      "prediction": null,
      "plotSummaryInfoCount": 1,
      "plotSummaryInfo": {
        "classification": "의사소통",
        "readAge": "유아",
        "form": "long-form",
        "plotSummaryText": "두 번째 고개를 넘었더니 호랑이가 다시 나타나 옷을 벗어 주면 안 잡아먹는다고 해서 어머니가 떨며 머릿수건과 저고리와 치마를 벗어 던져 주었고 호랑이는 옷을 가지고 사라졌다.",
        "textWordEA": 25
      }
    },
    {
      "srcTextID": "106025",
      "srcText": "그런데 세 번째 고개를 넘으니까 이놈의 호랑이가 또 나타났네. \"호랑이님, 이젠 줄 것이 없어요. 그저 목숨만은 살려 주세요. 집에서 어린것들이 이 어미만 기다리고 있어요.\" 어머니가 울면서 빌었지만, 호랑이는 단숨에 어머니를 잡아먹어 버렸어.",
      "srcPage": 4,
      "srcSentenceEA": 5,
      "srcWordEA": 35,
      "character": "호랑이,어머니,집,어린것들",
      "setting": "고개",
      "action": "넘으니까,나타났네,줄,살려 주세요,기다리고 있어요,울면서,빌었지만,잡아먹어 버렸어",
      "feeling": null,
      "causalRelationship": null,
      "outcomeResolution": "어머니가 울면서 빌었지만, 호랑이는 단숨에 어머니를 잡아먹어 버렸어.",
      "prediction": null,
      "plotSummaryInfoCount": 1,
      "plotSummaryInfo": {
        "classification": "의사소통",
        "readAge": "유아",
        "form": "long-form",
        "plotSummaryText": "세 번째 고개를 넘으니까 호랑이가 또 나타나 이젠 줄 것이 없고 집에서 어린것들이 이 어미만 기다리고 있으니까 목숨만은 살려 주라고 어머니가 울면서 빌었지만, 호랑이는 어머니를 잡아먹어 버렸다.",
        "textWordEA": 27
      }
    },
    {
      "srcTextID": "106034",
      "srcText": "\"그럼 문구멍으로 손을 밀어 넣어 보세요. 우리 엄마 손인가 보게.\" 호랑이가 문구멍으로 손을 밀어 넣자 오누이가 그 손을 만져 봤어. \"우리 엄마 손은 이렇게 꺼끌꺼끌하지 않아요.\" \"하루 종일 풀을 뽑다 보니 흙이 말라붙어서 그렇지.\"",
      "srcPage": 8,
      "srcSentenceEA": 5,
      "srcWordEA": 36,
      "character": "엄마,호랑이,문구멍,손,풀,흙",
      "setting": null,
      "action": "밀어 넣어 보세요,만져 봤어,밀어 넣자,뽑다 보니,말라붙어서",
      "feeling": null,
      "causalRelationship": "하루 종일 풀을 뽑다 보니 흙이 말라붙어서 그렇지.",
      "outcomeResolution": null,
      "prediction": null,
      "plotSummaryInfoCount": 1,
      "plotSummaryInfo": {
        "classification": "의사소통",
        "readAge": "유아",
        "form": "long-form",
        "plotSummaryText": "엄마 손을 확인하기 위해 문구멍으로 호랑이가 손을 밀어 넣자, 그 손을 만져본 오누이는 우리 엄마 손은 꺼끌꺼끌하지 않다고 하니 하루 종일 풀을 뽑아 흙이 말라붙어서 그렇다고 했다.",
        "textWordEA": 27
      }
    }
  ]
}