{
  "title": "머리 아홉 달린 괴물",
  "author": "양혜원",
  "illustrator": "에스더",
  "isbn": "9791157987559",
  "publishedYear": 2019,
  "publisher": "세이펜북스",
  "paragraphInfoCount": 39,
  "paragraphInfo": [
    {
      "srcTextID": "98269",
      "srcText": "“공주들을 무사히 구해 오는 사람에게 나라 땅 절반을 주고 셋째 공주와 혼인시키겠다.” 시골에서 무술을 닦던 젊은이가 방을 보고 찾아왔어. 공주들을 구해 올 테니 무사 셋을 달라지. 젊은이는 무사들과 길을 떠났어.",
      "srcPage": 3,
      "srcSentenceEA": 4,
      "srcWordEA": 33,
      "character": "공주들,셋째 공주,젊은이,무사 셋",
      "setting": "나라,시골",
      "action": "무술을 닦던,방을 보고 찾아왔어,길을 떠났어,혼인시키겠다",
      "feeling": null,
      "causalRelationship": null,
      "outcomeResolution": null,
      "prediction": null,
      "plotSummaryInfoCount": 1,
      "plotSummaryInfo": {
        "classification": "의사소통",
        "readAge": "유아",
        "form": "long-form",
        "plotSummaryText": "시골에서 방을 보고 찾아온 젊은이가 무사 셋을 달라고 했고, 공주들을 구하기 위해 무사들과 함께 길을 떠났습니다.",
        "textWordEA": 16
      }
    },
    {
      "srcTextID": "98271",
      "srcText": "\"땅속 나라 괴물을 어찌 땅 위에서 찾는가.\" 머리가 새하얀 노인이 지팡이를 짚고 나타나 말했어. 젊은이는 괴물 있는 곳을 알려 달라고 사정했지.",
      "srcPage": 5,
      "srcSentenceEA": 3,
      "srcWordEA": 23,
      "character": "괴물,머리가 새하얀 노인,지팡이,젊은이",
      "setting": "땅속 나라,땅 위",
      "action": "찾는가,짚고,나타나,말했어,알려 달라고,사정했지",
      "feeling": null,
      "causalRelationship": null,
      "outcomeResolution": null,
      "prediction": null,
      "plotSummaryInfoCount": 1,
      "plotSummaryInfo": {
        "classification": "의사소통",
        "readAge": "유아",
        "form": "short-form",
        "plotSummaryText": "지팡이를 짚은 노인이 나타나 땅속 나라 괴물을 어찌 땅 위에서 찾느냐고 말하자, 젊은이는 괴물이 있는 곳을 알려 달라고 사정했습니다.",
        "textWordEA": 19
      }
    },
    {
      "srcTextID": "98276",
      "srcText": "젊은이는 셋째 공주를 따라 기와집으로 들어갔어. \"지금은 괴물이 바깥세상에 나가고 없어요. 괴물이 돌아오기 전에 힘을 길러야 해요. 이 칼을 들어 보세요.\" 공주들이 아홉 자나 되는 긴 칼을 주는데 아무리 용을 써도 꿈쩍을 안 해.",
      "srcPage": 10,
      "srcSentenceEA": 5,
      "srcWordEA": 37,
      "character": "젊은이,셋째 공주,괴물,칼,공주들",
      "setting": "기와집,바깥세상",
      "action": "따라 들어갔어,나가고,주는데",
      "feeling": null,
      "causalRelationship": null,
      "outcomeResolution": null,
      "prediction": null,
      "plotSummaryInfoCount": 1,
      "plotSummaryInfo": {
        "classification": "의사소통",
        "readAge": "유아",
        "form": "long-form",
        "plotSummaryText": "셋째 공주를 따라 기와집으로 들어간 젊은이는 공주들이 준 아홉 자나 되는 긴 칼을 들어보려고 했지만 아무리 용을 써도 들 수가 없었습니다.",
        "textWordEA": 21
      }
    },
    {
      "srcTextID": "98268",
      "srcText": "옛날 어느 임금이 공주 셋을 두었어. 금이야 옥이야 키운 귀한 딸내미들이지. 하루는 공주들과 산책을 하는데, 하늘이 캄캄해지고 바람이 몰아쳐. 아, 그러더니 머리 아홉 달린 괴물이 나타나 공주 셋을 눈 깜박할 새 채 가네.",
      "srcPage": 1,
      "srcSentenceEA": 4,
      "srcWordEA": 36,
      "character": "임금,공주 셋,딸내미들,공주들,괴물",
      "setting": "옛날,하루",
      "action": "두었어,산책을 하는데,나타나,채 가네,깜박할 새",
      "feeling": null,
      "causalRelationship": null,
      "outcomeResolution": null,
      "prediction": null,
      "plotSummaryInfoCount": 1,
      "plotSummaryInfo": {
        "classification": "의사소통",
        "readAge": "유아",
        "form": "long-form",
        "plotSummaryText": "옛날 어느 임금님에게 금이야 옥이야 키운 귀한 공주 셋이 있었는데, 하루는 머리 아홉 달린 괴물이 나타나 공주들을 눈 깜박할 새 채 갔습니다.",
        "textWordEA": 22
      }
    },
    {
      "srcTextID": "97996",
      "srcText": "젊은이와 무사들은 넓은 강이며 깊은 바다, 높은 산 할 것 없이 샅샅이 뒤졌어. 한데 공주들 간 데를 통 모르겠어. \"쳇! 괜히 우릴 데려와서 고생시킨담.\" 무사들이 투덜댔지. 네 사람은 지칠 대로 지쳐 산속에 널브러졌어.",
      "srcPage": 4,
      "srcSentenceEA": 5,
      "srcWordEA": 37,
      "character": "젊은이,무사들,공주들,우릴,네 사람",
      "setting": "강,바다,산속",
      "action": "뒤졌어,데려와서,투덜댔지,널브러졌어,샅샅이 뒤졌어",
      "feeling": null,
      "causalRelationship": null,
      "outcomeResolution": null,
      "prediction": null,
      "plotSummaryInfoCount": 1,
      "plotSummaryInfo": {
        "classification": "의사소통",
        "readAge": "유아",
        "form": "long-form",
        "plotSummaryText": "젊은이와 무사들은 강, 바다, 산 할 것 없이 곳곳을 샅샅이 뒤졌지만, 공주들을 찾을 수 없자 지칠 대로 지쳐 산속에 널브러졌습니다.",
        "textWordEA": 20
      }
    },
    {
      "srcTextID": "98272",
      "srcText": "\"이 산속으로 깊이 들어가면 큰 바위가 있네. 바위를 밀어 보게.” 노인은 말을 남기고 연기처럼 사라져. 젊은이가 놀라 눈을 뜨니 꿈이지 뭐야.",
      "srcPage": 6,
      "srcSentenceEA": 4,
      "srcWordEA": 24,
      "character": "바위,노인,젊은이,눈",
      "setting": "산,큰 바위",
      "action": "말을 남기고,사라져,뜨니",
      "feeling": null,
      "causalRelationship": null,
      "outcomeResolution": null,
      "prediction": null,
      "plotSummaryInfoCount": 1,
      "plotSummaryInfo": {
        "classification": "의사소통",
        "readAge": "유아",
        "form": "long-form",
        "plotSummaryText": "노인이 산속 깊은 곳에 있는 큰 바위를 밀어 보라는 말을 남기고 사라지자, 젊은이가 놀라서 눈을 뜨니 꿈이었습니다.",
        "textWordEA": 17
      }
    },
    {
      "srcTextID": "98274",
      "srcText": "산속으로 깊이 들어가니 정말 바위가 나와. 네 사람이 힘을 합쳐 미니까 바위 밑에 구멍이 보이네. 한 사람이 겨우 드나들 만큼 좁은 구멍이야.",
      "srcPage": 7,
      "srcSentenceEA": 3,
      "srcWordEA": 24,
      "character": "바위,네 사람",
      "setting": "산",
      "action": "들어가니,미니까",
      "feeling": null,
      "causalRelationship": null,
      "outcomeResolution": null,
      "prediction": null,
      "plotSummaryInfoCount": 1,
      "plotSummaryInfo": {
        "classification": "의사소통",
        "readAge": "유아",
        "form": "short-form",
        "plotSummaryText": "깊은 산속 있는 바위를 네 사람이 힘을 합쳐 미니까 바위 밑에 사람이 겨우 드나들 만큼 좁은 구멍이 있었습니다.",
        "textWordEA": 18
      }
    },
    {
      "srcTextID": "98275",
      "srcText": "젊은이는 밧줄로 몸을 단단히 묶고 내려갔어. 땅속 나라를 얼마쯤 가자 대궐 같은 기와집이 나와. 고운 아가씨가 사뿐히 걸어와서는 누구냐고 묻네.",
      "srcPage": 8,
      "srcSentenceEA": 3,
      "srcWordEA": 22,
      "character": "젊은이,밧줄,몸,대궐,기와집,아가씨",
      "setting": "땅속 나라",
      "action": "묶고,내려갔어,가자,사뿐히 걸어와서는,묻네",
      "feeling": null,
      "causalRelationship": null,
      "outcomeResolution": null,
      "prediction": null,
      "plotSummaryInfoCount": 1,
      "plotSummaryInfo": {
        "classification": "의사소통",
        "readAge": "유아",
        "form": "short-form",
        "plotSummaryText": "젊은이가 밧줄을 타고 땅속 나라로 내려가니, 대궐 같은 기와집이 있고 고운 아가씨가 걸어 나와 누구냐고 물었습니다.",
        "textWordEA": 16
      }
    },
    {
      "srcTextID": "98273",
      "srcText": "\"괴물이 잡아간 공주님들을 구하러 왔습니다.\" 고운 아가씨가 놀라며 말하지. \"제가 셋째 공주랍니다.\"",
      "srcPage": 9,
      "srcSentenceEA": 3,
      "srcWordEA": 13,
      "character": "괴물,공주님들,아가씨,제가 셋째 공주",
      "setting": null,
      "action": "잡아간,구하러 왔습니다,말하지",
      "feeling": "놀라며",
      "causalRelationship": null,
      "outcomeResolution": null,
      "prediction": null,
      "plotSummaryInfoCount": 1,
      "plotSummaryInfo": {
        "classification": "의사소통",
        "readAge": "유아",
        "form": "short-form",
        "plotSummaryText": "공주님들을 구하러 왔다는 말을 듣고 고운 아가씨는 깜짝 놀라며 자기가 셋째 공주라고 말했습니다.",
        "textWordEA": 13
      }
    },
    {
      "srcTextID": "98270",
      "srcText": "임금 걱정이야 말할 것도 없지. 장수들에게 공주들을 찾으라고 하니 허탕만 쳐. 그래서 임금은 나라 곳곳에 방을 붙이라고 했어.",
      "srcPage": 2,
      "srcSentenceEA": 3,
      "srcWordEA": 20,
      "character": "임금,장수들,공주들,방",
      "setting": "나라 곳곳",
      "action": "찾으라고,하니,허탕만 쳐,붙이라고,했어",
      "feeling": "걱정이야",
      "causalRelationship": null,
      "outcomeResolution": null,
      "prediction": null,
      "plotSummaryInfoCount": 1,
      "plotSummaryInfo": {
        "classification": "의사소통",
        "readAge": "유아",
        "form": "short-form",
        "plotSummaryText": "임금은 공주들을 찾기 위해 장수들에게 말을 하였지만, 허탕만 치자 임금은 나라 곳곳에 방을 붙이라고 했습니다.",
        "textWordEA": 15
      }
    },
    {
      "srcTextID": "98004",
      "srcText": "젊은이는 괴물의 머리를 차례차례 베어 나갔어. 하나, 둘, 셋. 드디어 아홉 번째 머리가 땅으로 떨어졌지.",
      "srcPage": 21,
      "srcSentenceEA": 3,
      "srcWordEA": 17,
      "character": "젊은이,괴물,머리,아홉 번째 머리",
      "setting": "땅",
      "action": "베어,나갔어,떨어졌지",
      "feeling": null,
      "causalRelationship": null,
      "outcomeResolution": null,
      "prediction": null,
      "plotSummaryInfoCount": 1,
      "plotSummaryInfo": {
        "classification": "의사소통",
        "readAge": "유아",
        "form": "short-form",
        "plotSummaryText": "젊은이가 괴물의 머리를 차례대로 베어 나가자 드디어 아홉 번째 머리가 땅에 떨어졌습니다.",
        "textWordEA": 12
      }
    },
    {
      "srcTextID": "98286",
      "srcText": "젊은이는 공주들을 데리고 땅으로 통하는 구멍으로 가서는 차례차례 위로 올려 보냈어. 그런데 젊은이가 올라갈 차례가 되자 밧줄이 툭, 떨어져 버리는 거야. 젊은이가 올라오지 못하도록 무사들이 일부러 놓아 버린 거였어.",
      "srcPage": 24,
      "srcSentenceEA": 3,
      "srcWordEA": 31,
      "character": "젊은이,공주들,밧줄,무사들",
      "setting": "구멍",
      "action": "데리고,가서는,올려보냈어,놓아",
      "feeling": null,
      "causalRelationship": null,
      "outcomeResolution": null,
      "prediction": null,
      "plotSummaryInfoCount": 1,
      "plotSummaryInfo": {
        "classification": "의사소통",
        "readAge": "유아",
        "form": "short-form",
        "plotSummaryText": "구멍을 통해 공주들을 차례차례 위로 올려보낸 젊은이는 자기 차례가 되었지만, 밧줄이 툭 떨어져 버리는 바람에 땅 위로 올라갈 수가 없었습니다.",
        "textWordEA": 20
      }
    },
    {
      "srcTextID": "98005",
      "srcText": "곳간을 열었더니 쌓아 둔 곡식이 어마어마해. 젊은이가 곡식을 나눠 주자 사람들은 땅속 나라에서 농사를 짓고 살겠대. 나갈 방도가 없으니 어쩌겠어.",
      "srcPage": 26,
      "srcSentenceEA": 3,
      "srcWordEA": 22,
      "character": "곡식,젊은이,사람들",
      "setting": "곳간,땅속 나라",
      "action": "열었더니,나눠 주자",
      "feeling": null,
      "causalRelationship": null,
      "outcomeResolution": null,
      "prediction": "나갈 방도가 없으니 어쩌겠어.",
      "plotSummaryInfoCount": 1,
      "plotSummaryInfo": {
        "classification": "의사소통",
        "readAge": "유아",
        "form": "short-form",
        "plotSummaryText": "젊은이가 곳간에 쌓여 있던 어마어마한 곡식을 나눠 주자, 사람들은 나갈 방법이 없어서 땅속 나라에서 살겠다고 했습니다.",
        "textWordEA": 16
      }
    },
    {
      "srcTextID": "98014",
      "srcText": "땅속 깊은 곳에 왜 하필 이런 흉한 괴물이 깃들어 사는 것일까 궁금해지기도 합니다. 그건 아마도 옛사람들이 가볍고 밝은 하늘과 달리 땅을 무겁고 어두운 곳으로 보았던 것과 관련이 있을 듯합니다. 무언가가 은밀하게 숨겨져 있는 차갑고 어둡고 비밀스러운 공간. 이것이 지하 세계가 전하는 이미지라 할 수 있습니다.",
      "srcPage": 33,
      "srcSentenceEA": 4,
      "srcWordEA": 48,
      "character": "흉한 괴물,옛사람들",
      "setting": "땅속,하늘,땅,공간,지하 세계",
      "action": "사는,보았던",
      "feeling": null,
      "causalRelationship": null,
      "outcomeResolution": null,
      "prediction": null,
      "plotSummaryInfoCount": 1,
      "plotSummaryInfo": {
        "classification": "의사소통",
        "readAge": "유아",
        "form": "long-form",
        "plotSummaryText": "흉한 괴물이 땅속 깊은 곳에 있다는 이야기의 설정은,  옛사람들이 땅을 무겁고 어두운 곳으로 보았던 것과 관련이 있을 듯합니다.",
        "textWordEA": 19
      }
    },
    {
      "srcTextID": "98015",
      "srcText": "우리의 주인공인 젊은이는 남들이 다 기피하는 그 어둡고 비밀스러운 땅 속 세상을 찾아들어갑니다. 그리고 마침내 괴물을 찔러 죽이고서 잡혀 있던 공주들을 구해 내는 데 성공합니다. 큰 영웅이라고 부를 만한 놀라운 활약이었지요.",
      "srcPage": 34,
      "srcSentenceEA": 3,
      "srcWordEA": 33,
      "character": "주인공,젊은이,괴물,공주들,영웅",
      "setting": "땅속 세상",
      "action": "찾아 들어갑니다,찔러,죽이고서,구해",
      "feeling": "놀라운",
      "causalRelationship": null,
      "outcomeResolution": null,
      "prediction": null,
      "plotSummaryInfoCount": 1,
      "plotSummaryInfo": {
        "classification": "의사소통",
        "readAge": "유아",
        "form": "short-form",
        "plotSummaryText": "젊은이는 남들이 다 기피하는 땅속 세상을 찾아 들어가 괴물을 죽이고 공주들을 구해 내는데 놀라운 활약을 한 영웅이었습니다.",
        "textWordEA": 17
      }
    },
    {
      "srcTextID": "98018",
      "srcText": "젊은이와 달리 그를 따라갔던 무사들은 지하 세계로 들어가 활약을 하지 않았습니다. 밖에서 안을 엿보고서 상황을 눈치챘을 뿐이지요. 그러면서도 그들은 공주들을 구한 공로를 자기들이 가로채려 합니다.",
      "srcPage": 35,
      "srcSentenceEA": 3,
      "srcWordEA": 27,
      "character": "젊은이,그,무사들,그들,공주들,자기들",
      "setting": "지하 세계,밖에서 안을",
      "action": "따라갔던,들어가,활약을 하지 않았습니다,엿보고서,눈치챘을,가로채려",
      "feeling": null,
      "causalRelationship": null,
      "outcomeResolution": null,
      "prediction": null,
      "plotSummaryInfoCount": 1,
      "plotSummaryInfo": {
        "classification": "의사소통",
        "readAge": "유아",
        "form": "short-form",
        "plotSummaryText": "무사들은 지하 세계로 들어가지도 않고 밖에서 상황만 엿보고 있었으면서 공주들을 구한 공로를 자기들이 가로채려 했습니다.",
        "textWordEA": 15
      }
    },
    {
      "srcTextID": "98013",
      "srcText": "그야말로 교활한술수이고 폭력이었지요. 지하 세계로 가는 통로를 막고 공주들의 입을 막으면 그만이라 여겼겠지요. 그러고는 입을 맞춰서 세상 사람들을 속이는 것이지요. 지하 세계의 진실을 알 수 없는 사람들은 그 말을 믿게 될 것이고요.",
      "srcPage": 36,
      "srcSentenceEA": 4,
      "srcWordEA": 35,
      "character": "공주들,입,사람들",
      "setting": "지하 세계,통로",
      "action": "막고,막으면,맞춰서,속이는",
      "feeling": null,
      "causalRelationship": null,
      "outcomeResolution": null,
      "prediction": null,
      "plotSummaryInfoCount": 1,
      "plotSummaryInfo": {
        "classification": "의사소통",
        "readAge": "유아",
        "form": "long-form",
        "plotSummaryText": "지하 세계로 가는 통로를 막고 공주들의 입을 막는 교활한 술수와 폭력을 써서 세상 사람들을 속이려고 했습니다. ",
        "textWordEA": 16
      }
    },
    {
      "srcTextID": "98012",
      "srcText": "그런데 땅속 나라 도적의 모습이 꽤나 흉합니다. 머리가 아홉이나 된다니 끔찍하지요. 머리를 잘라도 다시 가서 덜컥 붙는다는 것도 아주 무섭습니다. 우리나라 옛날이야기에 흉측한 괴물이 그리 많은 편이 아닌데, 이 괴물은 만만치가 않은 것 같습니다.",
      "srcPage": 32,
      "srcSentenceEA": 4,
      "srcWordEA": 37,
      "character": "도적,머리,괴물",
      "setting": "땅속 나라,우리나라",
      "action": "잘라도,붙는다는",
      "feeling": "끔찍하지요,무섭습니다",
      "causalRelationship": null,
      "outcomeResolution": null,
      "prediction": null,
      "plotSummaryInfoCount": 1,
      "plotSummaryInfo": {
        "classification": "의사소통",
        "readAge": "유아",
        "form": "long-form",
        "plotSummaryText": "땅속 나라 도적의 모습이 머리가 아홉이나 된다니, 우리나라 옛날이야기에 나오는 괴물 치고는 매우 흉측한 편입니다.",
        "textWordEA": 15
      }
    },
    {
      "srcTextID": "98016",
      "srcText": "음험한 거짓 앞에 무방비로 노출될 수도 있지요. 이때 기가 죽거나 실망해서 주저앉으면 안 됩니다. 맞서 싸워서 이겨 내야 합니다. 마침내 정의는 이기게 되어 있다는 굳은 믿음을 가지고서요.",
      "srcPage": 39,
      "srcSentenceEA": 4,
      "srcWordEA": 30,
      "character": null,
      "setting": null,
      "action": "주저앉으면,싸워서",
      "feeling": "실망해서",
      "causalRelationship": null,
      "outcomeResolution": "마침내 정의는 이기게 되어 있다는 굳은 믿음을 가지고서요.",
      "prediction": null,
      "plotSummaryInfoCount": 1,
      "plotSummaryInfo": {
        "classification": "의사소통",
        "readAge": "유아",
        "form": "long-form",
        "plotSummaryText": "거짓을 마주하게 될 때 실망해서 주저앉지 말고 정의는 이기게 되어 있다는 굳은 믿음을 가지고 맞서 싸워서 이겨 내야 합니다.",
        "textWordEA": 19
      }
    },
    {
      "srcTextID": "97999",
      "srcText": "\"괴물이 십 리 밖에 왔군요.\" 아이고, 공주들 얼굴이 하얗게 질리네. \"으하하하!\" 금세 귀청이 찢어질 듯 웃는 소리가 들려왔어.",
      "srcPage": 14,
      "srcSentenceEA": 3,
      "srcWordEA": 20,
      "character": "괴물,공주들,얼굴",
      "setting": "십 리 밖에",
      "action": "왔군요",
      "feeling": null,
      "causalRelationship": null,
      "outcomeResolution": null,
      "prediction": null,
      "plotSummaryInfoCount": 1,
      "plotSummaryInfo": {
        "classification": "의사소통",
        "readAge": "유아",
        "form": "short-form",
        "plotSummaryText": "괴물이 십 리 밖에 왔다고 말하는 공주들의 얼굴이 하얗게 질릴 때 귀청이 찢어질 듯 웃는 소리가 들렸습니다.",
        "textWordEA": 17
      }
    },
    {
      "srcTextID": "98280",
      "srcText": "\"괴물이 잠들었으니 석 달 열흘 뒤에나 일어날 거예요.\" 셋째 공주가 다시 약수를 가져왔어. 젊은이는 하루도 거르지 않고 꼬박꼬박 마셨지.",
      "srcPage": 16,
      "srcSentenceEA": 3,
      "srcWordEA": 21,
      "character": "괴물,셋째 공주,약수,젊은이",
      "setting": null,
      "action": "잠들었으니,가져왔어,마셨지",
      "feeling": null,
      "causalRelationship": null,
      "outcomeResolution": null,
      "prediction": null,
      "plotSummaryInfoCount": 1,
      "plotSummaryInfo": {
        "classification": "의사소통",
        "readAge": "유아",
        "form": "short-form",
        "plotSummaryText": "젊은이는 셋째 공주가 가져다준 약수를 괴물이 잠든 동안 하루도 거르지 않고 꼬박꼬박 마셨습니다.",
        "textWordEA": 13
      }
    },
    {
      "srcTextID": "98285",
      "srcText": "그런데 웬일이야? 아홉 번째 머리가 날아오르더니 도로 붙어 버리지 뭐야. \"앗, 머리가 붙지 못하게 재를 뿌려야 해.\"",
      "srcPage": 22,
      "srcSentenceEA": 3,
      "srcWordEA": 18,
      "character": "아홉 번째 머리,머리,재",
      "setting": null,
      "action": "날아오르더니,붙어,뿌려야",
      "feeling": null,
      "causalRelationship": null,
      "outcomeResolution": null,
      "prediction": null,
      "plotSummaryInfoCount": 1,
      "plotSummaryInfo": {
        "classification": "의사소통",
        "readAge": "유아",
        "form": "short-form",
        "plotSummaryText": "머리가 도로 붙지 못하게 아홉 번째 머리에 재를 뿌려야 한다고 했습니다.",
        "textWordEA": 11
      }
    },
    {
      "srcTextID": "98288",
      "srcText": "여러 날이 지났어. 젊은이는 바깥세상을 그리며 힘없이 앉아 있었지. 그때 커다란 학이 젊은이 앞에 내려앉으며 말하는 거야.",
      "srcPage": 27,
      "srcSentenceEA": 3,
      "srcWordEA": 19,
      "character": "젊은이,학",
      "setting": "여러 날,바깥세상,젊은이 앞",
      "action": "그리며,앉아 있었지,내려앉으며,말하는 거야",
      "feeling": null,
      "causalRelationship": null,
      "outcomeResolution": null,
      "prediction": null,
      "plotSummaryInfoCount": 1,
      "plotSummaryInfo": {
        "classification": "의사소통",
        "readAge": "유아",
        "form": "short-form",
        "plotSummaryText": "바깥세상을 그리며 힘없이 앉아 있던 젊은이 앞에 커다란 학이 내려앉으며 말했습니다.",
        "textWordEA": 11
      }
    },
    {
      "srcTextID": "98017",
      "srcText": "이 책의 이야기는 '지하국 대적 퇴치 설화'라고 불리는 유명한 이야기입니다. 땅속에 사는 큰 도적이라니 좀 낯설고 특이한 설정이지요. 하지만 하늘나라 선녀나 신선 이야기가 많고 바닷속 용궁에 관한 이야기도 많으니 땅속 나라에 관한 재미있는 이야기가 있는 것도 어울리는 일이라 하겠습니다.",
      "srcPage": 31,
      "srcSentenceEA": 5,
      "srcWordEA": 42,
      "character": "책,대적,도적,선녀,신선",
      "setting": "지하국,땅속,땅속 나라",
      "action": null,
      "feeling": null,
      "causalRelationship": null,
      "outcomeResolution": null,
      "prediction": null,
      "plotSummaryInfoCount": 1,
      "plotSummaryInfo": {
        "classification": "의사소통",
        "readAge": "유아",
        "form": "long-form",
        "plotSummaryText": "이 책에 등장하는 땅속에 사는 큰 도적은 낯설고 특이한 설정이지만 지하국 대적 퇴치 설화라고 불리는 유명한 이야기입니다.",
        "textWordEA": 17
      }
    },
    {
      "srcTextID": "98278",
      "srcText": "약수를 마시니 점점 힘이 났어. 그러다가 어느 날은 칼을 들 수 있게 되었지. 한데 마음대로 휘두를 정도는 아니었어.",
      "srcPage": 12,
      "srcSentenceEA": 3,
      "srcWordEA": 20,
      "character": "약수,칼",
      "setting": "어느 날",
      "action": "마시니,들 수,휘두를 정도는",
      "feeling": null,
      "causalRelationship": null,
      "outcomeResolution": null,
      "prediction": null,
      "plotSummaryInfoCount": 1,
      "plotSummaryInfo": {
        "classification": "의사소통",
        "readAge": "유아",
        "form": "short-form",
        "plotSummaryText": "약수를 마시니 점점 힘이 세져서 어느 날 드디어 칼을 들 수 있게 되었지만, 휘두를 정도는 아니었습니다.",
        "textWordEA": 16
      }
    },
    {
      "srcTextID": "98279",
      "srcText": "공주들은 젊은이를 꽁꽁 숨겨 놓고 뛰쳐나갔지. \"어서 오셔요. 맛있는 음식과 술을 마련해 놓았답니다.\" 공주들이 전에 없이 사근사근하게 굴자 괴물 입이 헤벌쭉 벌어지네. 괴물은 술을 항아리째 들이켜더니 이내 곯아떨어졌지.",
      "srcPage": 15,
      "srcSentenceEA": 5,
      "srcWordEA": 31,
      "character": "공주들,젊은이,음식,술,괴물,입,항아리",
      "setting": null,
      "action": "숨겨 놓고,뛰쳐나갔지,마련해 놓았답니다,벌어지네,들이켜더니,곯아떨어졌지",
      "feeling": null,
      "causalRelationship": null,
      "outcomeResolution": null,
      "prediction": null,
      "plotSummaryInfoCount": 1,
      "plotSummaryInfo": {
        "classification": "의사소통",
        "readAge": "유아",
        "form": "long-form",
        "plotSummaryText": "공주들이 음식과 술을 마련하여 내놓자, 입이 헤벌쭉 벌어지며 기분이 좋아진 괴물은 술을 항아리째 들이키더니 이내 곯아떨어졌습니다.",
        "textWordEA": 16
      }
    },
    {
      "srcTextID": "98282",
      "srcText": "\"에잇!\" 젊은이는 긴 칼로 첫 번째 머리를 내리쳤어. 그러자 괴물이 벌떡 일어났지. \"감히 누가 내 목을 베느냐!\"",
      "srcPage": 19,
      "srcSentenceEA": 3,
      "srcWordEA": 19,
      "character": "젊은이,칼,첫 번째 머리,괴물,목",
      "setting": null,
      "action": "내리쳤어,벌떡 일어났지",
      "feeling": null,
      "causalRelationship": null,
      "outcomeResolution": null,
      "prediction": null,
      "plotSummaryInfoCount": 1,
      "plotSummaryInfo": {
        "classification": "의사소통",
        "readAge": "유아",
        "form": "short-form",
        "plotSummaryText": "젊은이가 내리친 칼에 첫 번째 머리가 떨어져 나가자 괴물이 벌떡 일어났습니다.",
        "textWordEA": 11
      }
    },
    {
      "srcTextID": "98003",
      "srcText": "놀란 괴물은 하늘로 날아올랐어. 젊은이도 따라 하늘 높이 뛰어올랐지. 둘이 싸우는 동안 땅이 흔들리고 하늘이 갈라지는 소리가 났어.",
      "srcPage": 20,
      "srcSentenceEA": 3,
      "srcWordEA": 20,
      "character": "괴물,젊은이,둘",
      "setting": "하늘,땅",
      "action": "날아올랐어,뛰어올랐지,흔들리고",
      "feeling": "놀란",
      "causalRelationship": null,
      "outcomeResolution": null,
      "prediction": null,
      "plotSummaryInfoCount": 1,
      "plotSummaryInfo": {
        "classification": "의사소통",
        "readAge": "유아",
        "form": "short-form",
        "plotSummaryText": "괴물과 젊은이가 싸우는 동안 땅과 하늘이 흔들리고 갈라지는 소리가 났습니다.",
        "textWordEA": 10
      }
    },
    {
      "srcTextID": "98277",
      "srcText": "공주들은 젊은이를 캄캄한 광에 숨겼어. \"이 물은 괴물이 마시는 약수예요. 마실수록 힘이 세지는 신비한 물이지요.\" 셋째 공주가 날마다 약수를 갖다 주었어.",
      "srcPage": 11,
      "srcSentenceEA": 4,
      "srcWordEA": 23,
      "character": "공주들,젊은이,물,괴물,약수,셋째 공주",
      "setting": "광",
      "action": "숨겼어,갖다주었어,마시는",
      "feeling": null,
      "causalRelationship": null,
      "outcomeResolution": null,
      "prediction": null,
      "plotSummaryInfoCount": 1,
      "plotSummaryInfo": {
        "classification": "의사소통",
        "readAge": "유아",
        "form": "long-form",
        "plotSummaryText": "공주들은 젊은이를 광에 숨겨주고 셋째 공주는 마실수록 힘이 세지는 신비한 물을 날마다 갖다주었습니다.",
        "textWordEA": 13
      }
    },
    {
      "srcTextID": "98281",
      "srcText": "그렇게 석 달이 지나자 긴 칼을 마음대로 휘두르게 되었어. 뿐만 아니야. 온몸이 쇳덩이처럼 단단해지고 하늘 높이 뛰어오를 수도 있게 되었지.",
      "srcPage": 17,
      "srcSentenceEA": 3,
      "srcWordEA": 22,
      "character": "칼,온몸,쇳덩이",
      "setting": "석 달이 지나자",
      "action": "휘두르게,뛰어오를 수도",
      "feeling": null,
      "causalRelationship": null,
      "outcomeResolution": null,
      "prediction": null,
      "plotSummaryInfoCount": 1,
      "plotSummaryInfo": {
        "classification": "의사소통",
        "readAge": "유아",
        "form": "short-form",
        "plotSummaryText": "석 달이 지나자 온몸이 단단해지고 긴 칼을 마음대로 휘두르며 하늘 높이 뛰어오를 수도 있게 되었습니다.",
        "textWordEA": 15
      }
    },
    {
      "srcTextID": "98283",
      "srcText": "드디어 젊은이가 괴물 앞에 섰어. \"이 몹쓸 괴물아, 너를 죽이러 왔다!\" 젊은이가 소리치자 괴물은 머리 아홉 개를 빙그르 돌리더니 다시 잠들어 버리네.",
      "srcPage": 18,
      "srcSentenceEA": 3,
      "srcWordEA": 23,
      "character": "젊은이,괴물,너를,머리 아홉 개를",
      "setting": null,
      "action": "섰어,왔다,소리치자,돌리더니,잠들어",
      "feeling": null,
      "causalRelationship": null,
      "outcomeResolution": null,
      "prediction": null,
      "plotSummaryInfoCount": 1,
      "plotSummaryInfo": {
        "classification": "의사소통",
        "readAge": "유아",
        "form": "short-form",
        "plotSummaryText": "젊은이가 너를 죽이러 왔다며 소리치자, 괴물은 아홉 개나 되는 머리를 빙그르 돌리더니 이내 다시 잠들었습니다.",
        "textWordEA": 15
      }
    },
    {
      "srcTextID": "98287",
      "srcText": "\"내 등에 올라타게.\" 젊은이가 학 등에 올라타니 어, 하는 사이 바깥세상이야. \"도와주셔서 감사.\" 젊은이가 말을 맺기도 전에 학은 감쪽같이 사라졌지.",
      "srcPage": 28,
      "srcSentenceEA": 4,
      "srcWordEA": 22,
      "character": "내 등,젊은이,학",
      "setting": "바깥세상",
      "action": "올라타니,사라졌지",
      "feeling": null,
      "causalRelationship": null,
      "outcomeResolution": null,
      "prediction": null,
      "plotSummaryInfoCount": 1,
      "plotSummaryInfo": {
        "classification": "의사소통",
        "readAge": "유아",
        "form": "long-form",
        "plotSummaryText": "학이 자기 등에 올라타라고 말하자, 젊은이가 학 등에 올라타니 순간 바깥세상이 펼쳐졌습니다.",
        "textWordEA": 12
      }
    },
    {
      "srcTextID": "98289",
      "srcText": "옆에서 셋째 공주도 거들었지. 임금은 무사들에게 무서운 벌을 내렸어. 젊은이는 셋째 공주와 혼인하여 행복하게 잘 살았대.",
      "srcPage": 30,
      "srcSentenceEA": 3,
      "srcWordEA": 18,
      "character": "셋째 공주,임금,무사들,젊은이",
      "setting": null,
      "action": "거들었지,벌을 내렸어,혼인하여,잘 살았대",
      "feeling": "행복하게",
      "causalRelationship": null,
      "outcomeResolution": null,
      "prediction": null,
      "plotSummaryInfoCount": 1,
      "plotSummaryInfo": {
        "classification": "의사소통",
        "readAge": "유아",
        "form": "short-form",
        "plotSummaryText": "무사들은 무서운 벌을 받았고, 젊은이는 셋째 공주와 혼인하여 행복하게 잘 살았습니다.",
        "textWordEA": 11
      }
    },
    {
      "srcTextID": "98290",
      "srcText": "젊은이는 단숨에 대궐로 달려갔어. 그날은 마침 공주들과 세 무사가 혼인하는 날이야. 젊은이는 임금께 그동안의 일을 얘기했어.",
      "srcPage": 29,
      "srcSentenceEA": 3,
      "srcWordEA": 18,
      "character": "젊은이,공주들,세 무사,임금",
      "setting": "대궐,그날,혼인하는 날",
      "action": "달려갔어,얘기했어",
      "feeling": null,
      "causalRelationship": null,
      "outcomeResolution": null,
      "prediction": null,
      "plotSummaryInfoCount": 1,
      "plotSummaryInfo": {
        "classification": "의사소통",
        "readAge": "유아",
        "form": "short-form",
        "plotSummaryText": "단숨에 대궐로 달려간 젊은이는 임금께 그동안 있었던 일을 얘기했는데, 그날은 마침 공주들과 세 무사가 혼인하는 날이었습니다.",
        "textWordEA": 16
      }
    },
    {
      "srcTextID": "98019",
      "srcText": "하지만 저 깊은 곳에서 벌어진 일을 덮어 버리고자 했던 음험한 시도는 성공하지 못했습니다. 비록 사람들이 직접 보지 못한 일이었다고 하지만, 진실은 그리 쉽사리 덮어질 수 있는 게 아니거든요. 묻혀 있는 진실은 언젠가 어떻게든 솟구쳐 나와서 온 세상에 드러나기 마련이지요. 손바닥으로 하늘을 가릴 수는 없는 법이거든요.",
      "srcPage": 37,
      "srcSentenceEA": 4,
      "srcWordEA": 48,
      "character": "사람들,손바닥",
      "setting": "깊은 곳,온 세상,하늘",
      "action": "덮어,시도는,가릴,버리고자,보지 못한",
      "feeling": null,
      "causalRelationship": null,
      "outcomeResolution": null,
      "prediction": null,
      "plotSummaryInfoCount": 1,
      "plotSummaryInfo": {
        "classification": "의사소통",
        "readAge": "유아",
        "form": "long-form",
        "plotSummaryText": "비록 사람들이 직접 보지 못한 일이었다고 하더라도 진실은 언젠가 어떻게든 온 세상에 드러나기 마련이기에, 그 음험한 시도는 성공하지 못했습니다.",
        "textWordEA": 19
      }
    },
    {
      "srcTextID": "98011",
      "srcText": " 젊은이가 학을 타고 올라와 무사들을 물리친 것은 감추어진 진실이 비로소 드러나 잘못된 일이 바로잡히는 상황을 나타내는 것이라 할 수 있습니다. 세상을 살아가다 보면 좋은 일, 편한 일만 있는 것이 아니겠지요. 저 젊은이처럼 크고 무서운 괴물과 맞닥뜨릴 수도 있고 뜻하지 않은 배반을 당할수도 있습니다.",
      "srcPage": 38,
      "srcSentenceEA": 3,
      "srcWordEA": 46,
      "character": "젊은이,학,무사들,괴물",
      "setting": "세상",
      "action": "타고,올라와,물리친,맞닥뜨릴 수도",
      "feeling": null,
      "causalRelationship": null,
      "outcomeResolution": null,
      "prediction": null,
      "plotSummaryInfoCount": 1,
      "plotSummaryInfo": {
        "classification": "의사소통",
        "readAge": "유아",
        "form": "short-form",
        "plotSummaryText": "젊은이가 학을 타고 올라와 무사들을 물리친다는 설정은 비로소 진실이 드러나 잘못된 일이 바로잡히는 것을 의미합니다.",
        "textWordEA": 15
      }
    },
    {
      "srcTextID": "98284",
      "srcText": "공주들이 재빨리 재를 담아 와서는 아홉 번째 머리가 떨어지자 얼른 뿌렸어. 아홉 번째 머리는 하늘로 솟구치다 떨어졌어. 머리가 떨어진 괴물은 힘없이 쓰러졌어. 젊은이가 괴물 심장에 칼을 꽂자 괴물은 영영 못 일어났지.",
      "srcPage": 23,
      "srcSentenceEA": 4,
      "srcWordEA": 34,
      "character": "공주들,재,아홉 번째 머리,머리,괴물,젊은이,괴물 심장,칼",
      "setting": "하늘",
      "action": "담아,와서는,떨어지자,뿌렸어,솟구치다,떨어졌어,떨어진,쓰러졌어,꽂자,못 일어났지",
      "feeling": null,
      "causalRelationship": null,
      "outcomeResolution": "젊은이가 괴물 심장에 칼을 꽂자 괴물은 영영 못 일어났지.",
      "prediction": null,
      "plotSummaryInfoCount": 1,
      "plotSummaryInfo": {
        "classification": "의사소통",
        "readAge": "유아",
        "form": "long-form",
        "plotSummaryText": "머리가 떨어져 힘없이 쓰러져 있던 괴물의 심장에 젊은이가 칼을 꽂자, 괴물은 영영 일어나지 못했습니다.",
        "textWordEA": 14
      }
    },
    {
      "srcTextID": "98006",
      "srcText": "젊은이는 하는 수 없이 괴물 집으로 돌아갔어. 감옥에 가 보니 수많은 사람이 갇혀 있어. 그래 돌문을 부숴 사람들을 구해 주었지.",
      "srcPage": 25,
      "srcSentenceEA": 3,
      "srcWordEA": 22,
      "character": "젊은이,괴물,사람,돌문,사람들",
      "setting": "집,감옥",
      "action": "돌아갔어,부숴,구해 주었지",
      "feeling": null,
      "causalRelationship": null,
      "outcomeResolution": null,
      "prediction": null,
      "plotSummaryInfoCount": 1,
      "plotSummaryInfo": {
        "classification": "의사소통",
        "readAge": "유아",
        "form": "short-form",
        "plotSummaryText": "괴물 집으로 돌아온 젊은이는 돌문을 부수고 감옥에 갇혀 있던 사람들을 구해 주었습니다.",
        "textWordEA": 12
      }
    },
    {
      "srcTextID": "98000",
      "srcText": "하루는 쿵, 소리가 나더니 바람이 불고 땅이 흔들려. \"괴물이 백 리 밖에 왔다는 소리예요.\" 공주들이 덜덜 떨며 말했어. 다시 콰쾅, 소리가 나고 아까보다 세찬 바람이 몰아쳐.",
      "srcPage": 13,
      "srcSentenceEA": 4,
      "srcWordEA": 28,
      "character": "바람,땅,괴물,공주들",
      "setting": "하루는",
      "action": "불고,흔들려,덜덜 떨며,말했어,왔다는",
      "feeling": null,
      "causalRelationship": null,
      "outcomeResolution": null,
      "prediction": null,
      "plotSummaryInfoCount": 1,
      "plotSummaryInfo": {
        "classification": "의사소통",
        "readAge": "유아",
        "form": "long-form",
        "plotSummaryText": "하루는 쿵 소리가 나고 바람이 불고 땅이 흔들리니, 공주들은 괴물이 백 리 밖에 온 소리라고 덜덜 떨면서 말했습니다.",
        "textWordEA": 18
      }
    }
  ]
}