{
  "title": "앨리스와 떠나는 미술 여행",
  "author": "박은선",
  "illustrator": "박은선",
  "isbn": "9788961915656",
  "publishedYear": 2011,
  "publisher": "한얼교육",
  "paragraphInfoCount": 16,
  "paragraphInfo": [
    {
      "srcTextID": "130288",
      "srcText": "문들의 나라에 가면 그림을 그린 사람들을 직접 만나 볼 수 있어요. \"앨리스, 문들의 나라에 빨리 가 보고 싶어.\" 헤나는 문들의 나라에 가는 날을 손꼽아 기다렸어요.",
      "srcPage": 2,
      "srcSentenceEA": 3,
      "srcWordEA": 26,
      "character": "사람들,앨리스,헤나",
      "setting": "문들의 나라",
      "action": "가면,그린,만나 볼 수,기다렸어요",
      "feeling": null,
      "causalRelationship": null,
      "outcomeResolution": null,
      "prediction": null,
      "plotSummaryInfoCount": 1,
      "plotSummaryInfo": {
        "classification": "의사소통",
        "readAge": "유아",
        "form": "short-form",
        "plotSummaryText": "그림을 그린 사람들을 직접 만날 수 있는 문들의 나라에 가는 날을 손꼽아 기다리는 헤나는 앨리스에게 빨리 가 보고 싶다고 했습니다.",
        "textWordEA": 20
      }
    },
    {
      "srcTextID": "130291",
      "srcText": "잠시 후, 헤나와 앨리스는 문들의 나라에 도착했어요. 첫 번째 문인 회색 문으로 들어서자, 커다란 동굴 벽화와 교회의 스테인드글라스가 눈에 들어왔어요. 헤나는 동굴 벽화를 그리고 있는 원시인에게 다가가서 물었어요.",
      "srcPage": 4,
      "srcSentenceEA": 3,
      "srcWordEA": 30,
      "character": "헤나,앨리스,동굴 벽화,스테인드글라스,원시인",
      "setting": "문들의 나라,회색 문",
      "action": "도착했어요,들어서자,다가가서,물었어요",
      "feeling": null,
      "causalRelationship": null,
      "outcomeResolution": null,
      "prediction": null,
      "plotSummaryInfoCount": 1,
      "plotSummaryInfo": {
        "classification": "의사소통",
        "readAge": "유아",
        "form": "short-form",
        "plotSummaryText": "문들의 나라에 도착한 헤나와 앨리스가 첫 번째 문인 회색 문으로 들어서자 커다란 동굴 벽화와 교회의 스테인드글라스가 눈에 들어왔고, 헤나는 동굴 벽화를 그리고 있는 원시인에게 다가가서 물었어요.",
        "textWordEA": 26
      }
    },
    {
      "srcTextID": "130292",
      "srcText": "이번에는 알록달록한 스테인드글라스가 헤나의 눈길을 사로잡았어요. \"유리들은 어떻게 예쁜 색깔을 갖게 된 거죠?\" \"유리에 색을 입혀서 그런 거야. 햇빛에 반사되어 더 아름답게 보이는 거란다.\" 유리에 색을 칠하고 있던 사람이 대답해 주었어요.",
      "srcPage": 6,
      "srcSentenceEA": 5,
      "srcWordEA": 33,
      "character": "스테인드글라스,헤나,유리,사람",
      "setting": null,
      "action": "사로잡았어요,갖게,입혀서,보이는,칠하고,대답해",
      "feeling": "아름답게",
      "causalRelationship": null,
      "outcomeResolution": null,
      "prediction": null,
      "plotSummaryInfoCount": 1,
      "plotSummaryInfo": {
        "classification": "의사소통",
        "readAge": "유아",
        "form": "long-form",
        "plotSummaryText": "스테인드글라스에 눈길을 사로잡힌 헤나는 어떻게 유리가 예쁜 색깔을 갖게 되었냐고 묻자, 그것에 색을 입혔고 햇빛에 반사되어 아름답게 보이는 거라고 색을 칠하고 있던 사람이 대답했습니다.",
        "textWordEA": 24
      }
    },
    {
      "srcTextID": "130293",
      "srcText": "\"자, 이제 노란 문으로 가 보자.\" 앨리스는 헤나를 노란 문 앞으로 데려갔어요. 헤나가 노란 문을 열자 눈앞에 노란 꽃들이 펼쳐졌어요. 고흐가 그린 해바라기 그림이었어요.",
      "srcPage": 7,
      "srcSentenceEA": 4,
      "srcWordEA": 27,
      "character": "앨리스,헤나,노란 꽃,고흐,해바라기 그림",
      "setting": "노란 문",
      "action": "데려갔어요,열자,그린",
      "feeling": null,
      "causalRelationship": null,
      "outcomeResolution": null,
      "prediction": null,
      "plotSummaryInfoCount": 1,
      "plotSummaryInfo": {
        "classification": "의사소통",
        "readAge": "유아",
        "form": "long-form",
        "plotSummaryText": "앨리스가 노란 문으로 헤나를 데려가서 그 문을 열자, 눈앞에 노란 꽃들이 펼쳐진 고흐가 그린 해바라기 그림이 보였습니다.",
        "textWordEA": 17
      }
    },
    {
      "srcTextID": "130295",
      "srcText": "\"아저씨는 주로 어떤 그림을 그리시나요?\" 헤나가 피카소에게 물었어요. \"나는 나만의 생각을 개성 있게 표현해서 독창적인 그림 세계를 만들었단다.\" 피카소가 친절하게 설명해 주었어요.",
      "srcPage": 9,
      "srcSentenceEA": 4,
      "srcWordEA": 24,
      "character": "아저씨,헤나,나,피카소",
      "setting": null,
      "action": "물었어요,설명해 주었어요",
      "feeling": "친절하게",
      "causalRelationship": null,
      "outcomeResolution": null,
      "prediction": null,
      "plotSummaryInfoCount": 1,
      "plotSummaryInfo": {
        "classification": "의사소통",
        "readAge": "유아",
        "form": "long-form",
        "plotSummaryText": "헤나가 주로 어떤 그림을 그리는지 묻자, 피카소는 자신의 생각을 개성 있게 표현해서 독창적인 그림 세계를 만들었다고 친절하게 설명해 주었습니다.",
        "textWordEA": 19
      }
    },
    {
      "srcTextID": "130296",
      "srcText": "파란 문을 벗어나니 반짝반짝 빛으로 된 문이 기다리고 있었어요. \"어머나! 불이 켜졌다 꺼졌다 할 때마다 문이 생겼다 없어졌다 하잖아?\" 헤나는 깜짝 놀랐어요. \"이곳에는 빛을 이용해 만들어진 현대 작품들이 전시되어 있단다.\" 앨리스가 설명해 주었어요.",
      "srcPage": 10,
      "srcSentenceEA": 5,
      "srcWordEA": 36,
      "character": "헤나,앨리스",
      "setting": "파란 문,빛으로 된 문",
      "action": "벗어나니,설명해 주었어요",
      "feeling": "깜짝 놀랐어요",
      "causalRelationship": null,
      "outcomeResolution": null,
      "prediction": null,
      "plotSummaryInfoCount": 1,
      "plotSummaryInfo": {
        "classification": "의사소통",
        "readAge": "유아",
        "form": "long-form",
        "plotSummaryText": "파란 문을 벗어나니 빛으로 된 문이 기다리고 있었고, 이곳에는 빛을 이용해 만들어진 현대 작품들이 전시되어 있다고 앨리스가 설명해 주었습니다.",
        "textWordEA": 19
      }
    },
    {
      "srcTextID": "130302",
      "srcText": "\"정말 신기하고 예쁜 꽃이야. 그래도 세상에서 가장 예쁜 꽃은 사람인 것 같아.\" 헤나의 말에 앨리스는 고개를 끄덕였어요. \"맞아, 그러니까 사람들이 만든 미술 작품들도 모두 아름다운 거란다.\"",
      "srcPage": 15,
      "srcSentenceEA": 4,
      "srcWordEA": 28,
      "character": "꽃,사람,헤나,앨리스,사람들",
      "setting": null,
      "action": "끄덕였어요",
      "feeling": "신기하고,예쁜,아름다운",
      "causalRelationship": null,
      "outcomeResolution": null,
      "prediction": null,
      "plotSummaryInfoCount": 1,
      "plotSummaryInfo": {
        "classification": "의사소통",
        "readAge": "유아",
        "form": "long-form",
        "plotSummaryText": "세상에서 가장 예쁜 꽃은 사람인 것 같다는 헤나의 말에 앨리스는 고개를 끄덕이며 사람들이 만든 미술 작품들도 모두 아름다운 거라고 말했습니다.",
        "textWordEA": 20
      }
    },
    {
      "srcTextID": "130289",
      "srcText": "꽃들이 활짝 핀 어느 날, 헤나는 드디어 앨리스를 따라 문들의 나라에 가게 되었어요. \"옛날 그림들까지 볼 수 있다니까 무척 설렌다, 앨리스.\" 앨리스의 손을 잡고 문들의 나라를 향해 날아가는 헤나의 가슴은 두근두근 뛰었어요.",
      "srcPage": 3,
      "srcSentenceEA": 3,
      "srcWordEA": 33,
      "character": "꽃,헤나,앨리스,손",
      "setting": "어느 날,문들의 나라",
      "action": "따라,잡고,날아가는",
      "feeling": "설렌다,가슴은 두근두근 뛰었어요",
      "causalRelationship": null,
      "outcomeResolution": null,
      "prediction": null,
      "plotSummaryInfoCount": 1,
      "plotSummaryInfo": {
        "classification": "의사소통",
        "readAge": "유아",
        "form": "short-form",
        "plotSummaryText": "꽃들이 활짝 핀 어느 날, 드디어 앨리스를 따라 문들의 나라를 향해 날아가는 헤나의 가슴은 두근두근 뛰었습니다.",
        "textWordEA": 16
      }
    },
    {
      "srcTextID": "130287",
      "srcText": "헤나는 앨리스와 '문들의 나라'로 여행을 떠나기로 약속했어요. 앨리스는 문들의 나라 안내자였어요. \"문들의 나라에 가면 사람들이 만든 세상의 모든 미술 작품을 구경할 수 있단다.\" 앨리스는 헤나에게 이렇게 얘기하곤 했어요.",
      "srcPage": 1,
      "srcSentenceEA": 6,
      "srcWordEA": 31,
      "character": "헤나,앨리스,안내자,사람들,미술 작품",
      "setting": "문들의 나라",
      "action": "약속했어요,만든,구경할,얘기하곤",
      "feeling": null,
      "causalRelationship": null,
      "outcomeResolution": null,
      "prediction": null,
      "plotSummaryInfoCount": 1,
      "plotSummaryInfo": {
        "classification": "의사소통",
        "readAge": "유아",
        "form": "long-form",
        "plotSummaryText": "헤나는 사람들이 만든 세상의 모든 미술 작품을 구경할 수 있는 문들의 나라로, 그곳의 안내자인 앨리스와 함께 여행을 떠나기로 약속했습니다.",
        "textWordEA": 19
      }
    },
    {
      "srcTextID": "130290",
      "srcText": "\"벽에 동물 그림을 그리는 이유가 뭐예요?\" \"원시 시대에는 주로 소원을 빌기 위해 벽에 그림을 그렸단다. 나는 사냥이 잘되기를 빌며 그림을 그리는 중이야.\" 원시인은 친절하게 설명해 주었어요.",
      "srcPage": 5,
      "srcSentenceEA": 4,
      "srcWordEA": 28,
      "character": "벽,동물 그림,원시인,나",
      "setting": "원시 시대",
      "action": "그리는,빌기 위해,그렸단다,설명해 주었어요",
      "feeling": "친절하게",
      "causalRelationship": null,
      "outcomeResolution": null,
      "prediction": null,
      "plotSummaryInfoCount": 1,
      "plotSummaryInfo": {
        "classification": "의사소통",
        "readAge": "유아",
        "form": "long-form",
        "plotSummaryText": "벽에 동물 그림을 그리는 이유를 묻자, 원시인은 원시 시대에 주로 소원을 빌기 위해 벽에 그림을 그렸다고 친절하게 설명해 주었습니다.",
        "textWordEA": 19
      }
    },
    {
      "srcTextID": "130299",
      "srcText": "\"어머나! 이제 문 닫을 시간이 얼마 남지 않았어. 빨리 분홍 문을 열어 보렴.\" 앨리스가 헤나를 재촉했어요.",
      "srcPage": 12,
      "srcSentenceEA": 3,
      "srcWordEA": 19,
      "character": "앨리스,헤나",
      "setting": "문 닫을 시간,분홍 문",
      "action": "열어,재촉했어요",
      "feeling": null,
      "causalRelationship": null,
      "outcomeResolution": null,
      "prediction": null,
      "plotSummaryInfoCount": 1,
      "plotSummaryInfo": {
        "classification": "의사소통",
        "readAge": "유아",
        "form": "short-form",
        "plotSummaryText": "문 닫을 시간이 얼마 남지 않았다며 앨리스는 헤나를 재촉하며 빨리 분홍 문을 열어 보라고 했습니다.",
        "textWordEA": 15
      }
    },
    {
      "srcTextID": "130304",
      "srcText": "\"헤나야, 이제 미술로 생각을 표현하는 방법이 여러 가지라는 걸 알았지?\" \"응, 나도 앞으로 마음속에 있는 생각들을 나만의 독특한 방식으로 표현해 볼래.\" 헤나와 앨리스는 아쉬운 마음을 뒤로 한 채 거울 문을 닫고 문들의 나라를 나왔어요.",
      "srcPage": 16,
      "srcSentenceEA": 3,
      "srcWordEA": 35,
      "character": "헤나,앨리스",
      "setting": "거울 문,문들의 나라",
      "action": "닫고,나왔어요",
      "feeling": "아쉬운",
      "causalRelationship": null,
      "outcomeResolution": null,
      "prediction": null,
      "plotSummaryInfoCount": 1,
      "plotSummaryInfo": {
        "classification": "의사소통",
        "readAge": "유아",
        "form": "short-form",
        "plotSummaryText": "헤나도 앞으로 마음속에 있는 생각들을 자신만의 독특한 방식으로 표현해 보겠다고 말하며 앨리스와 함께 아쉬운 마을을 뒤로 한 채 거울 문을 닫고 문들의 나라를 나왔습니다.",
        "textWordEA": 24
      }
    },
    {
      "srcTextID": "130294",
      "srcText": "노란 문 옆에는 파란 문이 있었어요. \"이번에는 어떤 작품들이 있을까?\" 헤나는 살며시 파란 문을 열었어요. 파란 문 안에는 피카소의 그림들이 자리 잡고 있었어요. 피카소의 그림은 알쏭달쏭, 그 뜻을 알기가 쉽지 않았어요.",
      "srcPage": 8,
      "srcSentenceEA": 5,
      "srcWordEA": 34,
      "character": "헤나,피카소",
      "setting": "노란 문,파란 문",
      "action": "열었어요,자리 잡고",
      "feeling": null,
      "causalRelationship": null,
      "outcomeResolution": null,
      "prediction": null,
      "plotSummaryInfoCount": 1,
      "plotSummaryInfo": {
        "classification": "의사소통",
        "readAge": "유아",
        "form": "long-form",
        "plotSummaryText": "노란 문 옆에는 파란 문이 있었고, 헤나가 그 문을 열자 알쏭달쏭, 그 뜻을 알기가 쉽지 않는 피카소의 그림들이 자리 잡고 있었습니다.",
        "textWordEA": 21
      }
    },
    {
      "srcTextID": "130298",
      "srcText": "다음에는 빛을 이용한 입체적인 작품들을 보러 갔어요. 그림에 불이 들어오면 불쑥 탑이 생겼다가, 불이 꺼지면 탑이 사라졌어요. 또 불이 들어올 때마다 계단과 문이 생겼어요. 빛은 숨어 있는 것을 보여 주었어요.",
      "srcPage": 11,
      "srcSentenceEA": 4,
      "srcWordEA": 33,
      "character": "그림,탑,계단,문",
      "setting": null,
      "action": "보러 갔어요,숨어,보여 주었어요",
      "feeling": null,
      "causalRelationship": null,
      "outcomeResolution": null,
      "prediction": null,
      "plotSummaryInfoCount": 1,
      "plotSummaryInfo": {
        "classification": "의사소통",
        "readAge": "유아",
        "form": "long-form",
        "plotSummaryText": "빛을 이용한 입체적인 작품들을 보러 간 곳에는 그림에 불이 들어오면 불쑥 탑이 생겼다가, 불이 꺼지면 탑이 사라졌고 또 불이 들어올 때마다 계단과 문이 생기는 숨어 있는 것을 보여 주었습니다.",
        "textWordEA": 29
      }
    },
    {
      "srcTextID": "130301",
      "srcText": "헤나가 분홍 문을 열자 마술이 펼쳐졌어요. 걸음을 옮길 때마다 천장이 높아지고 흰 벽에 집과 길이 그려졌어요. 쉿! 누군가 그 길을 걸어가고 있었어요. 헤나와 앨리스는 살금살금 분홍 문을 빠져나왔어요.",
      "srcPage": 13,
      "srcSentenceEA": 5,
      "srcWordEA": 32,
      "character": "헤나,천장,벽,집,앨리스",
      "setting": "분홍 문",
      "action": "열자,옮길,걸어가고,빠져나왔어요,그려졌어요",
      "feeling": null,
      "causalRelationship": null,
      "outcomeResolution": null,
      "prediction": null,
      "plotSummaryInfoCount": 1,
      "plotSummaryInfo": {
        "classification": "의사소통",
        "readAge": "유아",
        "form": "long-form",
        "plotSummaryText": "헤나가 분홍 문을 열자 걸음을 옮길 때마다 천장이 높아지고 흰 벽에 집과 길이 그려지는 마술이 펼쳐졌고, 누군가 그 길을 걸어가고 있어서 앨리스와 함께 빠져나왔습니다.",
        "textWordEA": 24
      }
    },
    {
      "srcTextID": "130303",
      "srcText": "어느덧 헤나와 앨리스는 마지막 문인 거울 문 앞에 서 있었어요. 안으로 들어가자 거울로 만든 꽃이 활짝 피어 있었어요. \"꽃잎 하나하나가 사람 모양으로 되어 있네.\"",
      "srcPage": 14,
      "srcSentenceEA": 3,
      "srcWordEA": 25,
      "character": "헤나,앨리스,문,거울,꽃",
      "setting": "거울 문",
      "action": "들어가자,만든,서,피어",
      "feeling": null,
      "causalRelationship": null,
      "outcomeResolution": null,
      "prediction": null,
      "plotSummaryInfoCount": 1,
      "plotSummaryInfo": {
        "classification": "의사소통",
        "readAge": "유아",
        "form": "short-form",
        "plotSummaryText": "헤나와 앨리스가 마지막 문인 거울 문 안으로 들어가자, 꽃잎 하나하나가 사람 모양인 거울로 만든 꽃이 활짝 피어 있었습니다.",
        "textWordEA": 18
      }
    }
  ]
}