{
  "title": "개와 고양이와 구슬",
  "author": "양연주",
  "illustrator": "김규택",
  "isbn": "9791157987184",
  "publishedYear": 2019,
  "publisher": "세이펜북스",
  "paragraphInfoCount": 25,
  "paragraphInfo": [
    {
      "srcTextID": "96940",
      "srcText": "혼례를 무사히 치르고 돌아가는 날이 되었어. 신랑은 가는 길에 구렁이한테 잡아먹힐 생각을 하니 기가 막히고 한숨만 푹푹 나왔지. \"서방님, 무슨 걱정이라도 있습니까?\"",
      "srcPage": 3,
      "srcSentenceEA": 3,
      "srcWordEA": 23,
      "character": "신랑,구렁이,서방님",
      "setting": "돌아가는 날",
      "action": "혼례를 무사히 치르고,잡아먹힐",
      "feeling": null,
      "causalRelationship": null,
      "outcomeResolution": null,
      "prediction": null,
      "plotSummaryInfoCount": 1,
      "plotSummaryInfo": {
        "classification": "의사소통",
        "readAge": "유아",
        "form": "short-form",
        "plotSummaryText": "혼례를 무사히 치르고 돌아가는 날, 신랑은 구렁이한테 잡아먹힐 생각에 한숨만 나왔고 서방님 무슨 걱정이라도 있냐고 물었어요.",
        "textWordEA": 16
      }
    },
    {
      "srcTextID": "96944",
      "srcText": "순간 구렁이가 멈칫해. 그러더니 어디를 갔다 와서는 구슬을 하나 주네. 이걸 가지면 평생 먹고살 수 있다면서.",
      "srcPage": 7,
      "srcSentenceEA": 3,
      "srcWordEA": 18,
      "character": "구렁이,구슬",
      "setting": null,
      "action": "멈칫해,갔다 와서는,하나 주네",
      "feeling": null,
      "causalRelationship": null,
      "outcomeResolution": null,
      "prediction": null,
      "plotSummaryInfoCount": 1,
      "plotSummaryInfo": {
        "classification": "의사소통",
        "readAge": "유아",
        "form": "short-form",
        "plotSummaryText": "구렁이가 멈칫하더니, 어디를 갔다 와서는 구슬 하나를 주며 이걸 가지면 평생 먹고살 수 있다고 했어요.",
        "textWordEA": 15
      }
    },
    {
      "srcTextID": "96937",
      "srcText": "그러니 이 사람이 구렁이를 달랬겠지. \"나는 지금 장가가는 길이니 혼례나 치르고 올 적에 잡아먹어라.\" 그랬더니 구렁이도 그러라면서 길을 비켜 주더라는 거야.",
      "srcPage": 2,
      "srcSentenceEA": 3,
      "srcWordEA": 22,
      "character": "사람,구렁이",
      "setting": null,
      "action": "혼례나 치르고,달랬겠지,잡아먹어라,비켜 주더라는",
      "feeling": null,
      "causalRelationship": null,
      "outcomeResolution": null,
      "prediction": null,
      "plotSummaryInfoCount": 1,
      "plotSummaryInfo": {
        "classification": "의사소통",
        "readAge": "유아",
        "form": "short-form",
        "plotSummaryText": "이 사람이 혼례나 치르고 올 적에 잡아먹으라며 구렁이를 달랬더니 길을 비켜 주었어요.",
        "textWordEA": 12
      }
    },
    {
      "srcTextID": "96941",
      "srcText": "\"서방님을 의지하고 한평생 살아야 하는데 지금 잡아먹으면 나는 어떻게 살란 말이냐. 한평생 내가 먹고살 것이나 마련해 주고 서방님을 잡아먹든지 말든지 해라.\" 각시가 소리치며 가로막고 섰지.",
      "srcPage": 6,
      "srcSentenceEA": 3,
      "srcWordEA": 27,
      "character": "서방님,각시",
      "setting": null,
      "action": "잡아먹으면,소리치며,가로막고 섰지",
      "feeling": null,
      "causalRelationship": null,
      "outcomeResolution": null,
      "prediction": null,
      "plotSummaryInfoCount": 1,
      "plotSummaryInfo": {
        "classification": "의사소통",
        "readAge": "유아",
        "form": "short-form",
        "plotSummaryText": "각시는 먹고살 것이나 마련해 주고 서방님을 잡아먹든지 하라고 소리치며 가로막고 섰지요.",
        "textWordEA": 11
      }
    },
    {
      "srcTextID": "96943",
      "srcText": "\"이 구멍은 밥 나오는 구멍이고, 이 구멍은 옷 나오는 구멍이고, 이 구멍은 돈 나오는 구멍이고, 이 구멍은 종 나오는 구멍이고.\" 이러면서 다 가르쳐 줘. 딱 한 구멍만 빼고 말이야.",
      "srcPage": 8,
      "srcSentenceEA": 3,
      "srcWordEA": 31,
      "character": "밥,옷,돈,종",
      "setting": null,
      "action": "가르쳐 줘",
      "feeling": null,
      "causalRelationship": null,
      "outcomeResolution": null,
      "prediction": null,
      "plotSummaryInfoCount": 1,
      "plotSummaryInfo": {
        "classification": "의사소통",
        "readAge": "유아",
        "form": "short-form",
        "plotSummaryText": "딱 한 구멍만 빼고 밥, 옷, 돈, 종이 나오는 구멍이라고 가르쳐 줬어요.",
        "textWordEA": 12
      }
    },
    {
      "srcTextID": "96946",
      "srcText": "그러니 각시가 나머지 한 구멍은 뭐냐 묻지. 구렁이가 머뭇거리면서 말을 안 해 줘. \"안 가르쳐 주면 우리 서방님도 못 잡아먹는다.\"",
      "srcPage": 9,
      "srcSentenceEA": 3,
      "srcWordEA": 21,
      "character": "각시,구렁이,서방님",
      "setting": null,
      "action": "묻지,머뭇거리면서,말을 안 해 줘",
      "feeling": null,
      "causalRelationship": null,
      "outcomeResolution": null,
      "prediction": null,
      "plotSummaryInfoCount": 1,
      "plotSummaryInfo": {
        "classification": "의사소통",
        "readAge": "유아",
        "form": "short-form",
        "plotSummaryText": "각시가 나머지 한 구멍을 묻자, 구렁이가 말을 안 해 줘서 우리 서방님도 못 잡아먹는다고 했어요.",
        "textWordEA": 15
      }
    },
    {
      "srcTextID": "96939",
      "srcText": "신랑 한숨에 각시가 왜 그러냐고 물어. 신랑이 사실은 일이 이러저러하다며 사정을 털어놓았어. 그랬더니 각시가 걱정 말고 자기만 믿으라는 거야.",
      "srcPage": 4,
      "srcSentenceEA": 3,
      "srcWordEA": 21,
      "character": "신랑,각시",
      "setting": null,
      "action": "물어,털어놓았어",
      "feeling": null,
      "causalRelationship": null,
      "outcomeResolution": null,
      "prediction": null,
      "plotSummaryInfoCount": 1,
      "plotSummaryInfo": {
        "classification": "의사소통",
        "readAge": "유아",
        "form": "short-form",
        "plotSummaryText": "각시가 왜 그러냐고 물어 신랑은 사정을 털어놓으니, 각시는 걱정 말고 자기만 믿으라고 했어요.",
        "textWordEA": 13
      }
    },
    {
      "srcTextID": "96942",
      "srcText": "역시나 어디쯤에서 구렁이가 또 길을 막고 있네. \"캬웅. 내가 배가 고프니 너를 잡아먹겠다.\" 그러자 각시가 앞으로 나섰어.",
      "srcPage": 5,
      "srcSentenceEA": 3,
      "srcWordEA": 19,
      "character": "구렁이,각시,길",
      "setting": null,
      "action": "막고 있네,잡아먹겠다,앞으로 나섰어",
      "feeling": null,
      "causalRelationship": null,
      "outcomeResolution": null,
      "prediction": null,
      "plotSummaryInfoCount": 1,
      "plotSummaryInfo": {
        "classification": "의사소통",
        "readAge": "유아",
        "form": "short-form",
        "plotSummaryText": "역시나 구렁이가 또 길을 막고 잡아먹겠다고 하자, 각시가 앞으로 나섰어요.",
        "textWordEA": 10
      }
    },
    {
      "srcTextID": "96949",
      "srcText": "신랑 각시는 구슬을 가지고 집으로 왔어. 구슬로 밥도 나오게 하고 돈도 나오게 해서 남부럽지 않게 잘 먹고 잘살았지. 그러던 한 날, 이 집에 도둑이 들었어.",
      "srcPage": 12,
      "srcSentenceEA": 3,
      "srcWordEA": 27,
      "character": "신랑 각시,구슬,밥,돈,도둑",
      "setting": "집",
      "action": "가지고,왔어,잘 먹고,잘살았지,도둑이 들었어",
      "feeling": null,
      "causalRelationship": null,
      "outcomeResolution": null,
      "prediction": null,
      "plotSummaryInfoCount": 1,
      "plotSummaryInfo": {
        "classification": "의사소통",
        "readAge": "유아",
        "form": "short-form",
        "plotSummaryText": "신랑 각시는 구슬을 가지고 집으로 와서 잘 먹고 잘살았는데, 한 날 집에 도둑이 들었어요.",
        "textWordEA": 14
      }
    },
    {
      "srcTextID": "96954",
      "srcText": "고양이가 구슬을 받아 집에 가려니까 개가 갖고 가겠대. \"안 그러면 강 건널 때 업어 주지 않을 테다.\" 이러면서 말이야. 고양이는 헤엄을 못 치니까 어쩌겠어.",
      "srcPage": 18,
      "srcSentenceEA": 4,
      "srcWordEA": 26,
      "character": "고양이,구슬,집,개,강",
      "setting": null,
      "action": "받아",
      "feeling": null,
      "causalRelationship": null,
      "outcomeResolution": null,
      "prediction": null,
      "plotSummaryInfoCount": 1,
      "plotSummaryInfo": {
        "classification": "의사소통",
        "readAge": "유아",
        "form": "long-form",
        "plotSummaryText": "고양이가 구슬을 받아 집에 가려 하자, 개는 자기가 갖고 가겠다며 안 그러면 강 건널 때 업어 주지 않겠다고 했어요.",
        "textWordEA": 19
      }
    },
    {
      "srcTextID": "96956",
      "srcText": "한참을 헤엄쳐 강 한가운데쯤 이르렀어. 개가 강 위쪽을 보니까 커다란 똥덩이가 동동 떠 내려오는 거야. 똥이라면 사족을 못 쓰는 개가 얼씨구나 좋다, 이거나 먹자, 하고는 입을 딱 벌렸지. 그 바람에 물고 있던 구슬이 퐁당 빠져 버렸어. 구슬은 꼬르륵꼬르륵 깊이깊이 가라앉았지.",
      "srcPage": 20,
      "srcSentenceEA": 5,
      "srcWordEA": 44,
      "character": "개,구슬,똥덩이",
      "setting": "강",
      "action": "헤엄쳐,입을 딱 벌렸지,물고 있던,빠져 버렸어,가라앉았지",
      "feeling": null,
      "causalRelationship": null,
      "outcomeResolution": null,
      "prediction": null,
      "plotSummaryInfoCount": 1,
      "plotSummaryInfo": {
        "classification": "의사소통",
        "readAge": "유아",
        "form": "long-form",
        "plotSummaryText": "한참을 헤엄쳐 가는데, 커다란 똥덩이가 떠내려오는 것을 본 개가 입을 벌리는 바람에 물고 있던 구슬이 강에 빠져 버렸어요.",
        "textWordEA": 18
      }
    },
    {
      "srcTextID": "96959",
      "srcText": "마침 신랑 각시는 개와 고양이가 하루 종일 안 보여서 걱정하고 있던 차야. 그런데 둘이 잉어까지 물고 왔으니 좋아라 했지. \"어이쿠, 너희들 덕분에 배부르게 먹겠구나.\"",
      "srcPage": 23,
      "srcSentenceEA": 3,
      "srcWordEA": 25,
      "character": "도롱뇽,술래,친구들,참개구리,바위,두꺼비,가랑잎,청개구리,나뭇잎",
      "setting": null,
      "action": "걸어왔어,놀자,흩어져,숨었어,찾지 못했지",
      "feeling": null,
      "causalRelationship": null,
      "outcomeResolution": "결국 도롱뇽은 아무도 찾지 못했지",
      "prediction": null,
      "plotSummaryInfoCount": 1,
      "plotSummaryInfo": {
        "classification": "의사소통",
        "readAge": "유아",
        "form": "short-form",
        "plotSummaryText": "개와 고양이를 걱정하고 있던 신랑 각시는 둘이 잉어까지 물고 왔으니 좋아했지요.",
        "textWordEA": 11
      }
    },
    {
      "srcTextID": "96960",
      "srcText": "잉어를 손질하려고 배를 갈랐더니 그 속에 잃어버린 구슬이 있어! 강물 속에 떨어진 구슬을 잉어가 날름 삼킨 거지. 신랑 각시는 도둑맞은 구슬을 찾았으니 얼마나 더 기뻐했겠어.",
      "srcPage": 24,
      "srcSentenceEA": 3,
      "srcWordEA": 27,
      "character": "잉어,구슬,신랑 각시",
      "setting": null,
      "action": "갈랐더니,떨어진,삼킨 거지,찾았으니",
      "feeling": null,
      "causalRelationship": null,
      "outcomeResolution": null,
      "prediction": null,
      "plotSummaryInfoCount": 1,
      "plotSummaryInfo": {
        "classification": "의사소통",
        "readAge": "유아",
        "form": "short-form",
        "plotSummaryText": "잉어의 배를 갈랐더니 그 속에 잃어버린 구슬이 있었고, 신랑 각시는 더욱 기뻐했어요.",
        "textWordEA": 12
      }
    },
    {
      "srcTextID": "96961",
      "srcText": "그 뒤로 신랑 각시는 다시 잘 먹고 잘살게 됐다는 이야기야. 개와 고양이는 어쨌냐고? 잘 얻어먹고 살았겠지, 뭐.",
      "srcPage": 25,
      "srcSentenceEA": 3,
      "srcWordEA": 19,
      "character": "신랑 각시,개,고양이",
      "setting": null,
      "action": "잘 먹고,잘살게 됐다",
      "feeling": null,
      "causalRelationship": null,
      "outcomeResolution": null,
      "prediction": null,
      "plotSummaryInfoCount": 1,
      "plotSummaryInfo": {
        "classification": "의사소통",
        "readAge": "유아",
        "form": "short-form",
        "plotSummaryText": "그 뒤로 신랑 각시는 다시 잘 먹고 잘살게 되었고, 개와 고양이도 잘 얻어먹고 살았다는 이야기에요.",
        "textWordEA": 15
      }
    },
    {
      "srcTextID": "96948",
      "srcText": " 도둑은 강 건너에 사는 사람이었지. 신랑 각시가 갑자기 부자가 돼서 잘사는 걸 보니까 궁금했던 거야. \"오호라, 저 구슬 때문이로구나!\" 도둑은 요술 구슬을 슬쩍해 갔지.",
      "srcPage": 13,
      "srcSentenceEA": 4,
      "srcWordEA": 27,
      "character": "도둑,강,사람,신랑 각시,구슬",
      "setting": null,
      "action": "보니까,슬쩍해 갔지",
      "feeling": null,
      "causalRelationship": null,
      "outcomeResolution": null,
      "prediction": null,
      "plotSummaryInfoCount": 1,
      "plotSummaryInfo": {
        "classification": "의사소통",
        "readAge": "유아",
        "form": "long-form",
        "plotSummaryText": "도둑은 강 건너에 사는 사람이었는데, 신랑 각시가 잘사는 걸 보니까 구슬 때문인 것을 알고는 슬쩍해 갔지요.",
        "textWordEA": 16
      }
    },
    {
      "srcTextID": "96950",
      "srcText": "개와 고양이는 한 날 머리를 맞대고 의논했어. \"주인이 우릴 잘 먹여 주고 길러 주었으니 가만있을 수 없잖아.\" 둘은 구슬을 찾아오자며 도둑놈 집으로 갔어.",
      "srcPage": 15,
      "srcSentenceEA": 3,
      "srcWordEA": 24,
      "character": "개,고양이,주인,구슬",
      "setting": "도둑놈 집",
      "action": "머리를 맞대고,의논했어,집으로 갔어",
      "feeling": null,
      "causalRelationship": null,
      "outcomeResolution": null,
      "prediction": null,
      "plotSummaryInfoCount": 1,
      "plotSummaryInfo": {
        "classification": "의사소통",
        "readAge": "유아",
        "form": "short-form",
        "plotSummaryText": "개와 고양이는 먹여 주고 길러 주었으니, 구슬을 찾아오자며 도둑놈 집으로 갔어요.",
        "textWordEA": 11
      }
    },
    {
      "srcTextID": "96945",
      "srcText": "각시가 암팡지게 버티니까 구렁이가 끙끙대다 이러는 거야. \"그 구멍은 나쁜 짓을 하는 놈한테다 대고 너 죽어라 하면 죽는 구멍이다.\" 그러니 각시가 가만있을 리 없잖아.",
      "srcPage": 10,
      "srcSentenceEA": 3,
      "srcWordEA": 25,
      "character": "각시,구렁이,놈",
      "setting": null,
      "action": "버티니까,끙끙대다,나쁜 짓을 하는",
      "feeling": null,
      "causalRelationship": null,
      "outcomeResolution": null,
      "prediction": null,
      "plotSummaryInfoCount": 1,
      "plotSummaryInfo": {
        "classification": "의사소통",
        "readAge": "유아",
        "form": "short-form",
        "plotSummaryText": "각시가 버티자 구렁이는 나쁜 짓을 하는 놈한테 죽어라 하면 죽는 구멍이라고 했다.",
        "textWordEA": 12
      }
    },
    {
      "srcTextID": "96952",
      "srcText": "고양이는 도둑놈 집에서 그 집 쥐들을 불러 모았어. \"구슬을 가져오지 않으면 모두 잡아먹겠다.\" 호통을 쳤지. \"아이코, 큰일 났구나.\" 겁에 질린 쥐들은 난리가 나서 구슬을 찾아 헤맸어. 어찌어찌해서 도둑놈 베개 속에 구슬이 있는 건 알아냈는데 어디 그리 쉽게 빼낼 수 있겠어?",
      "srcPage": 16,
      "srcSentenceEA": 6,
      "srcWordEA": 43,
      "character": "고양이,쥐들,구슬,도둑놈,베개",
      "setting": "도둑놈 집",
      "action": "불러 모았어,호통을 쳤지,찾아 헤맸어",
      "feeling": null,
      "causalRelationship": null,
      "outcomeResolution": null,
      "prediction": null,
      "plotSummaryInfoCount": 1,
      "plotSummaryInfo": {
        "classification": "의사소통",
        "readAge": "유아",
        "form": "long-form",
        "plotSummaryText": "고양이가 도둑놈 집의 쥐들을 불러 모아 구슬을 가져오지 않으면 모두 잡아먹겠다고 호통을 쳤고, 겁에 질린 쥐들은 구슬이 도둑놈 베개 속에 있는 건 알아냈지만 쉽게 빼낼 수 없었어요.",
        "textWordEA": 27
      }
    },
    {
      "srcTextID": "96955",
      "srcText": "할 수 없이 개한테 구슬을 주었지. 개는 구슬을 입에 문 채 고양이를 등에 업고 헤엄을 쳤어. \"잘 물고 가야 해.\" 고양이는 단단히 주의를 주었지.",
      "srcPage": 19,
      "srcSentenceEA": 4,
      "srcWordEA": 26,
      "character": "개,구슬,고양이",
      "setting": null,
      "action": "주었지,헤엄을 쳤어,입에 문 채",
      "feeling": null,
      "causalRelationship": null,
      "outcomeResolution": null,
      "prediction": null,
      "plotSummaryInfoCount": 1,
      "plotSummaryInfo": {
        "classification": "의사소통",
        "readAge": "유아",
        "form": "long-form",
        "plotSummaryText": "고양이는 할 수 없이 구슬을 주었고, 개는 구슬을 입에 문 채 헤엄을 쳤어요.",
        "textWordEA": 13
      }
    },
    {
      "srcTextID": "96938",
      "srcText": "옛날에 한 사람이 장가들러 각시 집에 가는 길이었어. 어디만큼 가니까 커다란 구렁이가 길을 딱 막더래. \"캬웅. 내가 배가 고프니 너를 잡아먹겠다.\"",
      "srcPage": 1,
      "srcSentenceEA": 3,
      "srcWordEA": 23,
      "character": "사람,커다란 구렁이",
      "setting": "옛날에,각시 집",
      "action": "가는 길이었어,가니까,길을 막더래",
      "feeling": null,
      "causalRelationship": null,
      "outcomeResolution": null,
      "prediction": null,
      "plotSummaryInfoCount": 1,
      "plotSummaryInfo": {
        "classification": "의사소통",
        "readAge": "유아",
        "form": "short-form",
        "plotSummaryText": "옛날에 한 사람이 장가들러 각시 집에 가는 길에 커다란 구렁이가 배가 고프니 너를 잡아먹겠다며 길을 막았어요.",
        "textWordEA": 16
      }
    },
    {
      "srcTextID": "96947",
      "srcText": "재빨리 구멍을 구렁이에 대고 힘껏 소리쳤지. \"구렁이 네놈 죽어라!\" 이러니까 구렁이는 그 자리에서 꽥, 죽고 말더래.",
      "srcPage": 11,
      "srcSentenceEA": 3,
      "srcWordEA": 17,
      "character": "구렁이",
      "setting": "그 자리에서",
      "action": "소리쳤지,죽고 말더래",
      "feeling": null,
      "causalRelationship": null,
      "outcomeResolution": null,
      "prediction": null,
      "plotSummaryInfoCount": 1,
      "plotSummaryInfo": {
        "classification": "의사소통",
        "readAge": "유아",
        "form": "short-form",
        "plotSummaryText": "재빨리 구멍을 대고 구렁이에게 죽어라 하고 힘껏 소리치자, 구렁이는 그 자리에서 죽고 말더래요.",
        "textWordEA": 13
      }
    },
    {
      "srcTextID": "96951",
      "srcText": "구슬을 도둑맞자 신랑 각시는 도로 가난뱅이가 되었어. 마침 이 집에서는 개와 고양이를 기르고 있었는데 주인들이 걱정하는 얘기를 들었어. 한솥밥 먹는 식구인데 왜 걱정이 안 되겠어.",
      "srcPage": 14,
      "srcSentenceEA": 3,
      "srcWordEA": 27,
      "character": "구슬,신랑 각시,가난뱅이,개,고양이",
      "setting": "집",
      "action": "기르고 있었는데,들었어,먹는",
      "feeling": null,
      "causalRelationship": null,
      "outcomeResolution": null,
      "prediction": null,
      "plotSummaryInfoCount": 1,
      "plotSummaryInfo": {
        "classification": "의사소통",
        "readAge": "유아",
        "form": "short-form",
        "plotSummaryText": "신랑 각시는 가난뱅이가 되어 걱정하는 얘기를 기르던 개와 고양이가 들었어요.",
        "textWordEA": 10
      }
    },
    {
      "srcTextID": "96953",
      "srcText": "쥐 대장이 나서서는 쥐들한테 세간을 갉아 대라 일렀지. 쥐들은 기둥이고 쌀뒤주고 농이고 이불이고 할 것 없이 닥치는 대로 갉아 댔어. 그러니 그 소리가 얼마나 시끄럽겠어. 쿨쿨 자다가 화가 난 도둑이 베개를 휙 던져 버렸네. 그 바람에 베개 속에서 구슬이 또르르 굴러 나왔고 쥐들은 잽싸게 고양이한테 구슬을 갖다 바쳤지.",
      "srcPage": 17,
      "srcSentenceEA": 5,
      "srcWordEA": 52,
      "character": "쥐 대장,쥐들,쌀뒤주,농,이불,도둑,베개,구슬,고양이",
      "setting": null,
      "action": "일렀지,갉아 댔어,던져 버렸네,갖다 바쳤지",
      "feeling": "화가 난",
      "causalRelationship": null,
      "outcomeResolution": null,
      "prediction": null,
      "plotSummaryInfoCount": 1,
      "plotSummaryInfo": {
        "classification": "의사소통",
        "readAge": "유아",
        "form": "long-form",
        "plotSummaryText": "쥐 대장이 쥐들한테 세간을 갉으라고 일렀고, 자다가 시끄러운 소리에 화가 난 도둑이 베개를 던져 버리면서 구슬이 굴러 나와 잽싸게 고양이한테 갖다 바쳤지요.",
        "textWordEA": 22
      }
    },
    {
      "srcTextID": "96958",
      "srcText": "고양이는 개를 나무랐지만 이미 잃어버린 구슬을 어쩌겠어. 어찌어찌 강을 건너와서는 집에도 못 가고 시름에 잠겨 앉아 있었지. 그때 한 영감이 잉어를 낚아서 다래끼에 넣는 게 보여.",
      "srcPage": 21,
      "srcSentenceEA": 3,
      "srcWordEA": 28,
      "character": "고양이,개,구슬,영감,잉어,다래끼",
      "setting": "강",
      "action": "건너와서는,앉아 있었지,낚아서,넣는 게 보여",
      "feeling": null,
      "causalRelationship": null,
      "outcomeResolution": null,
      "prediction": null,
      "plotSummaryInfoCount": 1,
      "plotSummaryInfo": {
        "classification": "의사소통",
        "readAge": "유아",
        "form": "short-form",
        "plotSummaryText": "고양이와 개는 강을 건너와 시름에 잠겨 앉아 있었는데, 한 영감이 잉어를 낚아서 다래끼에 넣는 게 보였어요.",
        "textWordEA": 16
      }
    },
    {
      "srcTextID": "96957",
      "srcText": "\"저거라도 훔쳐서 주인한테 갖다 줘야겠다.\" 고양이는 영감이 한눈파는 사이에 잉어를 물고 냅다 뛰었어. 개도 덩달아 뛰었지.",
      "srcPage": 22,
      "srcSentenceEA": 3,
      "srcWordEA": 18,
      "character": "주인,고양이,영감,잉어,개",
      "setting": null,
      "action": "훔쳐서,물고,뛰었어,덩달아 뛰었지",
      "feeling": null,
      "causalRelationship": null,
      "outcomeResolution": null,
      "prediction": null,
      "plotSummaryInfoCount": 1,
      "plotSummaryInfo": {
        "classification": "의사소통",
        "readAge": "유아",
        "form": "short-form",
        "plotSummaryText": "고양이는 영감이 한눈파는 사이에 잉어를 물고는 냅다 뛰었고, 개도 덩달아 뛰었지요.",
        "textWordEA": 11
      }
    }
  ]
}