{
  "title": "구렁덩덩 신선비",
  "author": "김장성",
  "illustrator": "김미화",
  "isbn": "9791157987054",
  "publishedYear": 2019,
  "publisher": "세이펜북스",
  "paragraphInfoCount": 35,
  "paragraphInfo": [
    {
      "srcTextID": "97883",
      "srcText": "구렁이로 태어난 자식이라니 참 놀랍고도 좀 흉측한 일이지요. 그런데 그 구렁이는 징그러운 허물 속에 신선처럼 빛나는 모습을 숨기고 있었어요. 어머니도 미처 못 알아본 그 참모습을 알아본 사람이 바로 이웃집 셋째 딸이었습니다.",
      "srcPage": 29,
      "srcSentenceEA": 3,
      "srcWordEA": 33,
      "character": "구렁이,허물,어머니,딸",
      "setting": "이웃집",
      "action": "숨기고",
      "feeling": null,
      "causalRelationship": null,
      "outcomeResolution": null,
      "prediction": null,
      "plotSummaryInfoCount": 1,
      "plotSummaryInfo": {
        "classification": "의사소통",
        "readAge": "유아",
        "form": "short-form",
        "plotSummaryText": "구렁이 안에 신선처럼 빛나는 모습을 숨기고 있었고 어머니도 못 알아본 모습을 알아본 사람이 이웃집 셋째 딸이었습니다.",
        "textWordEA": 16
      }
    },
    {
      "srcTextID": "97888",
      "srcText": "위의 두 언니가 겉모습만 보고 그를 조롱할 적에 셋째 딸은 그의 가치를 꿰뚫어 보고 ‘구렁 덩덩 신선비님’이라고 부르며 눈물을 닦아 주지요. 이면의 참가치와 접속되는 순간입니다. 남들이 지나치고 외면한 참모습을 꿰뚫어 보자 인생이 확 바뀝니다.",
      "srcPage": 30,
      "srcSentenceEA": 4,
      "srcWordEA": 37,
      "character": "언니,딸,신선비,눈물",
      "setting": null,
      "action": "꿰뚫어 보고,지나치고,외면한,부르며,닦아 주지요",
      "feeling": null,
      "causalRelationship": null,
      "outcomeResolution": null,
      "prediction": null,
      "plotSummaryInfoCount": 1,
      "plotSummaryInfo": {
        "classification": "의사소통",
        "readAge": "유아",
        "form": "long-form",
        "plotSummaryText": "위의 두 언니가 겉모습만 보고 조롱할 때 셋째 딸은 그의 가치를 꿰뚫어 보았고, 남들이 지나치고 외면한 참모습을 꿰뚫어 보자 인생이 확 바뀌게 된다.",
        "textWordEA": 23
      }
    },
    {
      "srcTextID": "97880",
      "srcText": "구렁덩덩 신선비와의 혼인이 그것이지요. 왜 하필 구렁이를 남편으로 택할까 다들 뜨악했겠지만, 의아심은 곧 찬탄으로 바뀝니다. 셋째 딸의 손길에 의해 허물이 벗겨지면서 구렁덩덩 신선비의 빛나는 참모습이 세상에 환히 드러나게 되지요.",
      "srcPage": 31,
      "srcSentenceEA": 3,
      "srcWordEA": 31,
      "character": "신선비,구렁이,남편,딸,허물",
      "setting": null,
      "action": "벗겨지면서",
      "feeling": null,
      "causalRelationship": null,
      "outcomeResolution": null,
      "prediction": null,
      "plotSummaryInfoCount": 1,
      "plotSummaryInfo": {
        "classification": "의사소통",
        "readAge": "유아",
        "form": "short-form",
        "plotSummaryText": "구렁덩덩 신선비와의 혼인이 그것인데, 셋째 딸의 손길에 허물이 벗겨지면서 신선비의 빛나는 모습이 환히 드러나게 된다.",
        "textWordEA": 15
      }
    },
    {
      "srcTextID": "97881",
      "srcText": "구렁덩덩 신선비의 경우 자기 허물이 태워졌다는 건 작지 않은 일이에요. 그 허물은 신 선비에게 지난 삶의 자취이면서 자신의 정체성을 확인해 주는 징표라 할 수 있습니다. 허물을 잘 보관하는 것은 신선비와 아내 사이의 믿음을 가늠하는 시금석이기도 했지요.",
      "srcPage": 32,
      "srcSentenceEA": 3,
      "srcWordEA": 38,
      "character": "허물,신선비,아내",
      "setting": null,
      "action": "태워졌다는 건,보관하는",
      "feeling": null,
      "causalRelationship": null,
      "outcomeResolution": null,
      "prediction": null,
      "plotSummaryInfoCount": 1,
      "plotSummaryInfo": {
        "classification": "의사소통",
        "readAge": "유아",
        "form": "short-form",
        "plotSummaryText": "신선비의 허물이 태워졌다는 것은 작지 않은 일이고, 신선비의 삶의 자취이자 정체성을 확인해 주는 징표이자 허물을 잘 보관하는 것은 신선비와 아내 사이의 믿음을 가늠하는 시금석이다.",
        "textWordEA": 24
      }
    },
    {
      "srcTextID": "97864",
      "srcText": "“농부님, 농부님, 구렁덩덩 신선비 못 보았습니까?” “이 돌밭 다 일구어 주면 알려 주리다.” 각시가 사흘 낮밤 돌밭을 일궈 줬지. “요 앞산을 넘어가면 강이 있는데, 강가에서 빨래하는 아낙한테 물어보오.”",
      "srcPage": 16,
      "srcSentenceEA": 4,
      "srcWordEA": 29,
      "character": "농부,신선비,아낙",
      "setting": "돌밭,사흘 낮밤,앞산,강,강가",
      "action": "일궈",
      "feeling": null,
      "causalRelationship": null,
      "outcomeResolution": null,
      "prediction": null,
      "plotSummaryInfoCount": 1,
      "plotSummaryInfo": {
        "classification": "의사소통",
        "readAge": "유아",
        "form": "long-form",
        "plotSummaryText": "농부님에게 구렁덩덩 신선비를 못 보았냐고 하니, 돌밭을 일구어 주면 알려 준다고 해서 사흘 낮밤 돌밭을 일궈 주니 강가에서 빨래하는 아낙한테 물어보라고 했다.",
        "textWordEA": 22
      }
    },
    {
      "srcTextID": "97870",
      "srcText": "앞산을 넘어가니 한 아낙이 산더미 같은 빨래를 하고 있었지. “아낙네요, 아낙네요, 구렁덩덩 신선비 못 보았습니까?” “흰 빨래 검게 빨고 검은 빨래 희게 빨고, 이 빨래 다 빨아 주면 알려 주리다.” 각시가 사흘 낮밤 빨래를 빨아 줬지. “요 앞강을 건너가면 두엄더미 옆에 나무가 있는데, 거기 앉은 까마귀 떼한테 물어보오.”",
      "srcPage": 17,
      "srcSentenceEA": 5,
      "srcWordEA": 49,
      "character": "아낙,신선비,나무,까마귀",
      "setting": "앞산,사흘 낮밤,앞강",
      "action": "넘어가니,빨아 줬지",
      "feeling": null,
      "causalRelationship": null,
      "outcomeResolution": null,
      "prediction": null,
      "plotSummaryInfoCount": 1,
      "plotSummaryInfo": {
        "classification": "의사소통",
        "readAge": "유아",
        "form": "long-form",
        "plotSummaryText": "아낙에게 구렁덩덩 신선비 못 보았냐고 하니, 빨래를 다 빨아주면 알려 준다고 해서 사흘 낮밤 빨래를 빨아 줬더니 앞강 건너 까마귀 떼한테 물어보라고 했다.",
        "textWordEA": 23
      }
    },
    {
      "srcTextID": "97833",
      "srcText": "부지깽이로 구렁이를 콕 찔렀어. 둘째 딸이 보고는 “아이, 징그러워. 아기가 아니라 구렁이네!”",
      "srcPage": 3,
      "srcSentenceEA": 4,
      "srcWordEA": 14,
      "character": "부지깽이,구렁이,딸,아기",
      "setting": null,
      "action": "찔렀어,보고는",
      "feeling": "징그러워",
      "causalRelationship": null,
      "outcomeResolution": null,
      "prediction": null,
      "plotSummaryInfoCount": 1,
      "plotSummaryInfo": {
        "classification": "의사소통",
        "readAge": "유아",
        "form": "long-form",
        "plotSummaryText": "부지깽이로 구렁이를 찔렀고 둘째 딸도 보고는 아기가 아니라 구렁이라고 징그럽다고 했다.",
        "textWordEA": 11
      }
    },
    {
      "srcTextID": "97856",
      "srcText": "살짝 보고 돌려줄 테니 어서 보여 다오!” 언니들이 억지로 허물을 빼앗더니 “에그, 징그러워!” 하며 화롯불에 던져 넣었지. 허물 타는 연기는 훨훨 날아가고, 신선비는 영영 돌아오지 않았어.",
      "srcPage": 14,
      "srcSentenceEA": 5,
      "srcWordEA": 29,
      "character": "언니들,허물,화롯불,신선비",
      "setting": null,
      "action": "빼앗더니,던져,넣었지,돌아오지",
      "feeling": null,
      "causalRelationship": null,
      "outcomeResolution": null,
      "prediction": null,
      "plotSummaryInfoCount": 1,
      "plotSummaryInfo": {
        "classification": "의사소통",
        "readAge": "유아",
        "form": "long-form",
        "plotSummaryText": "언니들은 허물을 빼앗아 보더니 징그럽다며 화롯불에 던졌고, 허물은 날아가 신선비는 영영 돌아오지 않았다.",
        "textWordEA": 13
      }
    },
    {
      "srcTextID": "97834",
      "srcText": "부지깽이로 구렁이를 콕 찔렀어. 셋째 딸이 보고는 “어머나, 구렁덩덩 신선비님이네!” 옷고름으로 구렁이 눈물을 닦아 주었어.",
      "srcPage": 4,
      "srcSentenceEA": 4,
      "srcWordEA": 17,
      "character": "부지깽이,구렁이,딸,구렁덩덩 신선비,옷고름,눈물",
      "setting": null,
      "action": "찔렀어,보고는,닦아",
      "feeling": null,
      "causalRelationship": null,
      "outcomeResolution": null,
      "prediction": null,
      "plotSummaryInfoCount": 1,
      "plotSummaryInfo": {
        "classification": "의사소통",
        "readAge": "유아",
        "form": "long-form",
        "plotSummaryText": "셋째 딸이 보고는 구렁덩덩 신선비님이라며, 옷고름으로 구렁이 눈물을 닦아 주었다.",
        "textWordEA": 10
      }
    },
    {
      "srcTextID": "97847",
      "srcText": "구렁이가 은 대야 물에 몸을 씻으니, 스르르 허물 벗고 훤칠한 선비 됐네! “아유, 우리 멋진 신선비!” “아유, 우리 착한 새색시!”",
      "srcPage": 10,
      "srcSentenceEA": 3,
      "srcWordEA": 20,
      "character": "구렁이,은,대야,선비,신선비",
      "setting": null,
      "action": "씻으니,벗고",
      "feeling": null,
      "causalRelationship": null,
      "outcomeResolution": null,
      "prediction": null,
      "plotSummaryInfoCount": 1,
      "plotSummaryInfo": {
        "classification": "의사소통",
        "readAge": "유아",
        "form": "short-form",
        "plotSummaryText": "구렁이가 은 대야 물에 몸을 씻으니, 허물을 벗고 훤칠한 선비가 되었다.",
        "textWordEA": 11
      }
    },
    {
      "srcTextID": "97848",
      "srcText": "둘은 얼싸안고 춤을 추었어. 신선비는 각시한테 허물을 주며 몇 번이고 꼭꼭 다짐을 받았어. “내 허물을 아무한테도 내주지 마오.”",
      "srcPage": 11,
      "srcSentenceEA": 3,
      "srcWordEA": 19,
      "character": "신선비,허물",
      "setting": null,
      "action": "얼싸안고,추었어,주며",
      "feeling": null,
      "causalRelationship": null,
      "outcomeResolution": null,
      "prediction": null,
      "plotSummaryInfoCount": 1,
      "plotSummaryInfo": {
        "classification": "의사소통",
        "readAge": "유아",
        "form": "short-form",
        "plotSummaryText": "둘은 얼싸안고 춤을 추었고, 각시한테 허물을 주면서 내 허물을 아무한테도 내주지 말라고 했다.",
        "textWordEA": 13
      }
    },
    {
      "srcTextID": "97857",
      "srcText": "신선비는 각시랑 재미나게 살다가, 때가 되어 서울로 과거 시험을 보러 갔지. 며칠 뒤 언니들이 각시를 찾아왔어. “셋째야, 네 신랑 허물 좀 보여 다오.”",
      "srcPage": 12,
      "srcSentenceEA": 3,
      "srcWordEA": 24,
      "character": "신선비,언니들,허물",
      "setting": "서울,며칠 뒤",
      "action": "살다가,보러 갔지,찾아왔어",
      "feeling": null,
      "causalRelationship": null,
      "outcomeResolution": null,
      "prediction": null,
      "plotSummaryInfoCount": 1,
      "plotSummaryInfo": {
        "classification": "의사소통",
        "readAge": "유아",
        "form": "short-form",
        "plotSummaryText": "신선비가 서울로 과거 시험을 보러 갔는데, 며칠 뒤 언니들이 찾아와 신랑 허물을 보여 달라고 했다.",
        "textWordEA": 15
      }
    },
    {
      "srcTextID": "97872",
      "srcText": "앞고개 넘어가니 맑은 옹달샘에 은 바가지 하나 동동 떠 있었지. 각시가 얼른 올라타니, 어느결에 딴 세상이라. 네 귀에 풍경을 단 커다란 기와집에 동자 하나 마당을 쓸고 있네.",
      "srcPage": 19,
      "srcSentenceEA": 3,
      "srcWordEA": 29,
      "character": "은,바가지,각시,동자",
      "setting": "앞고개,옹달샘,기와집,마당",
      "action": "넘어가니,올라타니,쓸고",
      "feeling": null,
      "causalRelationship": null,
      "outcomeResolution": null,
      "prediction": null,
      "plotSummaryInfoCount": 1,
      "plotSummaryInfo": {
        "classification": "의사소통",
        "readAge": "유아",
        "form": "short-form",
        "plotSummaryText": "앞고개 넘어가니 옹달샘에 은 바가지가 있어서 얼른 올라타니 어느결에 딴 세상이고 기와집에 동자 하나가 마당을 쓸고 있었다.",
        "textWordEA": 17
      }
    },
    {
      "srcTextID": "97874",
      "srcText": "각시가 바랑을 내밀며 말했어. “동자님아, 동자님아, 쌀 한 바가지 동냥 주오.” 동자가 쌀 한 바가지 부어 주니 밑 터진 바랑이라 좌르르 쏟아지지.",
      "srcPage": 20,
      "srcSentenceEA": 3,
      "srcWordEA": 23,
      "character": "각시,바랑,동자,쌀,바가지",
      "setting": null,
      "action": "내밀며,말했어,부어 주니,쏟아지지",
      "feeling": null,
      "causalRelationship": null,
      "outcomeResolution": null,
      "prediction": null,
      "plotSummaryInfoCount": 1,
      "plotSummaryInfo": {
        "classification": "의사소통",
        "readAge": "유아",
        "form": "short-form",
        "plotSummaryText": "각시가 바랑을 내밀며 쌀 한 바가지 동냥 달라고 하자 동자가 쌀을 부어 주니 밑 터진 바랑이라 쏟아졌다.",
        "textWordEA": 17
      }
    },
    {
      "srcTextID": "97875",
      "srcText": "각시가 한 알 한 알 손으로 줍다 보니 어느새 해가 꼴딱 넘어갔어. “외양간이라도 좋으니 하룻밤 재워 주오.” “외양간엔 소가 자야 해서 아니 되오.”",
      "srcPage": 21,
      "srcSentenceEA": 3,
      "srcWordEA": 23,
      "character": "각시,해,소",
      "setting": "외양간,하룻밤",
      "action": "줍다 보니",
      "feeling": null,
      "causalRelationship": null,
      "outcomeResolution": null,
      "prediction": null,
      "plotSummaryInfoCount": 1,
      "plotSummaryInfo": {
        "classification": "의사소통",
        "readAge": "유아",
        "form": "short-form",
        "plotSummaryText": "각시가 한 알 한 알 줍다 보니 어느새 해가 넘어가서 외양간이라도 좋으니 재워 달라고 하니 외양간엔 소가 자야 해서 안 된다고 했다.",
        "textWordEA": 22
      }
    },
    {
      "srcTextID": "97873",
      "srcText": "“마구간이라도 좋으니 하룻밤 재워 주오.” “마구간엔 말이 자야 해서 아니 되오.” “마루 밑이라도 좋으니 하룻밤 재워 주오.” “마루 밑은 비었으니 거기서 자고 가오.”",
      "srcPage": 22,
      "srcSentenceEA": 4,
      "srcWordEA": 23,
      "character": "말",
      "setting": "마구간,하룻밤,마루 밑",
      "action": "재워,자야 해서",
      "feeling": null,
      "causalRelationship": null,
      "outcomeResolution": null,
      "prediction": null,
      "plotSummaryInfoCount": 1,
      "plotSummaryInfo": {
        "classification": "의사소통",
        "readAge": "유아",
        "form": "long-form",
        "plotSummaryText": "마구간은 말이 자야 해서 안 되고, 마루 밑은 비었으니 자고 가라고 했다.",
        "textWordEA": 12
      }
    },
    {
      "srcTextID": "97876",
      "srcText": "각시가 마루 밑에 팔 괴고 누웠는데 사내 하나 마당에 나와 달 보며 노래하네. “저 달은 눈 없어도 우리 각시 보련마는 이 몸은 눈 있어도 우리 각시 못 보누나.” 들어 보니 틀림없는 신선비 목소리라. 각시가 노래를 되받아 불렀지. “저 달은 멀어도 신선비님이 보건마는 이 몸은 가까워도 신선비님이 못 보시네.”",
      "srcPage": 23,
      "srcSentenceEA": 5,
      "srcWordEA": 50,
      "character": "각시,사내,달,신선비,팔",
      "setting": "마루 밑,마당",
      "action": "누웠는데,나와,보며,노래하네,불렀지",
      "feeling": null,
      "causalRelationship": null,
      "outcomeResolution": null,
      "prediction": null,
      "plotSummaryInfoCount": 1,
      "plotSummaryInfo": {
        "classification": "의사소통",
        "readAge": "유아",
        "form": "long-form",
        "plotSummaryText": "각시가 마루 밑에 누웠는데 사내 하나가 마당에 나와 달을 보며 각시를 못 본다고 노래했고, 신선비의 목소리를 알아들은 각시가 이 몸은 가까워도 신선비를 못 본다고 되받아 불렀다.",
        "textWordEA": 26
      }
    },
    {
      "srcTextID": "97879",
      "srcText": "신선비가 깜짝 놀라 소리쳤어. “우리 각시 어디 있는 거요? 어서 나오시오!”",
      "srcPage": 24,
      "srcSentenceEA": 3,
      "srcWordEA": 12,
      "character": "신선비,각시",
      "setting": null,
      "action": "소리쳤어",
      "feeling": null,
      "causalRelationship": null,
      "outcomeResolution": null,
      "prediction": null,
      "plotSummaryInfoCount": 1,
      "plotSummaryInfo": {
        "classification": "의사소통",
        "readAge": "유아",
        "form": "short-form",
        "plotSummaryText": "신선비가 깜짝 놀라서 각시를 찾으며 어서 나오라고 소리쳤다.",
        "textWordEA": 8
      }
    },
    {
      "srcTextID": "97871",
      "srcText": "앞강을 건너가니 까마귀 떼가 까악까악 배고프다 울고 있었지. “까마귀요, 까마귀요, 구렁덩덩 신선비 못 보았습니까?” “이 두엄 저 두엄 구더기를 잡아서 깨끗이 씻어 체에 밭쳐 주면 알려 주리다.” 각시가 사흘 낮밤 구더기를 잡아 깨끗이 씻어 체에 밭쳐 줬지. “요 앞고개 넘어가면 옹달샘이 있는데, 은 바가지 하나 동동 떠 있을 테니 그걸 타고 가면 볼 수 있으리다.”",
      "srcPage": 18,
      "srcSentenceEA": 5,
      "srcWordEA": 56,
      "character": "까마귀,신선비,구더기,체,은,바가지,옹달샘",
      "setting": "앞강,사흘 낮밤,고개",
      "action": "건너가니,울고,잡아,씻어,밭쳐",
      "feeling": null,
      "causalRelationship": null,
      "outcomeResolution": null,
      "prediction": null,
      "plotSummaryInfoCount": 1,
      "plotSummaryInfo": {
        "classification": "의사소통",
        "readAge": "유아",
        "form": "long-form",
        "plotSummaryText": "까마귀 떼에게 구렁덩덩 신선비 못 보았냐고 물으니, 구더기를 잡아 깨끗이 씻어 체에 받쳐 주면 알려 주겠다고 해서 사흘 낮밤 구더기를 잡아 씻어 체에 밭쳐 주었더니, 앞고개 넘어 옹달샘이 있는데 은 바가지 하나 떠 있는 걸 타고 가면 볼 수 있다고 했다.",
        "textWordEA": 41
      }
    },
    {
      "srcTextID": "97878",
      "srcText": "그제야 각시가 마루 밑에서 나왔어. 둘은 얼싸안고 춤을 추었지. “아유, 우리 멋진 신선비!”",
      "srcPage": 25,
      "srcSentenceEA": 3,
      "srcWordEA": 14,
      "character": "각시,신선비",
      "setting": "마루 밑",
      "action": "나왔어,얼싸안고,추었지",
      "feeling": null,
      "causalRelationship": null,
      "outcomeResolution": null,
      "prediction": null,
      "plotSummaryInfoCount": 1,
      "plotSummaryInfo": {
        "classification": "의사소통",
        "readAge": "유아",
        "form": "short-form",
        "plotSummaryText": "그제야 각시가 마루 밑에서 나왔고 둘은 얼싸안고 춤을 추었다.",
        "textWordEA": 9
      }
    },
    {
      "srcTextID": "97877",
      "srcText": "“아유, 우리 착한 새색시!” 각시는 그동안 있었던 일을 얘기해 줬어. 신선비가 다 듣고 이렇게 말했지. “이곳에선 허물 없이 살 수 있으나 그곳에선 허물 없이 살 수 없다오.” 둘은 다시 돌아가지 않고 오래도록 허물 없이 잘 살았다지.",
      "srcPage": 26,
      "srcSentenceEA": 5,
      "srcWordEA": 39,
      "character": "각시,신선비,허물",
      "setting": "이곳에선,그곳에선",
      "action": "얘기해 줬어,듣고,말했지",
      "feeling": null,
      "causalRelationship": null,
      "outcomeResolution": null,
      "prediction": null,
      "plotSummaryInfoCount": 1,
      "plotSummaryInfo": {
        "classification": "의사소통",
        "readAge": "유아",
        "form": "long-form",
        "plotSummaryText": "각시가 그동안 있었던 일을 얘기해 주었더니, 신선비는 이곳에선 허물 없이 살 수 있어도 그곳에선 허물 없이 살 수 없다고 돌아가지 않고 허물 없이 잘 살았다.",
        "textWordEA": 25
      }
    },
    {
      "srcTextID": "97882",
      "srcText": "구렁이 허물 속의 빛나는 사람. 구렁덩덩 신선비는 우리나라의 대표적인 옛날이야기 가운데 하나입니다. 전국 방방곡곡에서 수많은 이야기가 전해 왔지요.",
      "srcPage": 27,
      "srcSentenceEA": 3,
      "srcWordEA": 20,
      "character": "구렁이,허물,사람,신선비",
      "setting": null,
      "action": "전해 왔지요",
      "feeling": null,
      "causalRelationship": null,
      "outcomeResolution": null,
      "prediction": null,
      "plotSummaryInfoCount": 1,
      "plotSummaryInfo": {
        "classification": "의사소통",
        "readAge": "유아",
        "form": "short-form",
        "plotSummaryText": "구렁덩덩 신선비는 구렁이 허물 속의 빛나는 사람으로 전국에서 수많은 이야기가 전해 왔다.",
        "textWordEA": 12
      }
    },
    {
      "srcTextID": "97884",
      "srcText": "그 이야기 속에는 변신, 동물과의 혼인, 금기와 위반, 이계 여행, 잃어버린 배필 찾기 등 흥미로운 화소들이 가득합니다. 이야기 속에 담겨 있는 의미도 무궁무진하지요. 관심 깊게 헤아려 볼 수많은 화소가 있지만, 먼저 눈길을 주게 되는 건 바로 구렁이 아들의 모습이 아닐까 합니다.",
      "srcPage": 28,
      "srcSentenceEA": 3,
      "srcWordEA": 43,
      "character": "구렁이,아들",
      "setting": null,
      "action": null,
      "feeling": "흥미로운",
      "causalRelationship": null,
      "outcomeResolution": null,
      "prediction": null,
      "plotSummaryInfoCount": 1,
      "plotSummaryInfo": {
        "classification": "의사소통",
        "readAge": "유아",
        "form": "short-form",
        "plotSummaryText": "이야기 속에는 변신, 동물과 혼인, 금기와 위반 등 흥미로운 화소들이 가득하고, 먼저 눈길을 주는 것은 구렁이 아들의 모습이다.",
        "textWordEA": 18
      }
    },
    {
      "srcTextID": "98316",
      "srcText": "할머니가 할 수 없이 앞집 가서 말했지. 앞집 어머니가 딸들을 불렀어. “첫째야, 네가 구렁이한테 시집갈래?” “싫어요, 싫어요, 저는 싫어요.”",
      "srcPage": 7,
      "srcSentenceEA": 4,
      "srcWordEA": 20,
      "character": "할머니,어머니,딸들,구렁이",
      "setting": "앞집",
      "action": "말했지,불렀어",
      "feeling": null,
      "causalRelationship": null,
      "outcomeResolution": null,
      "prediction": null,
      "plotSummaryInfoCount": 1,
      "plotSummaryInfo": {
        "classification": "의사소통",
        "readAge": "유아",
        "form": "long-form",
        "plotSummaryText": "할머니가 할 수 없이 앞집을 가서 말했더니, 앞집 어머니가 첫째에게 구렁이한테 시집가겠냐고 물으니 싫다고 했다.",
        "textWordEA": 15
      }
    },
    {
      "srcTextID": "97846",
      "srcText": "구렁이가 셋째한테 장가를 가는데, 제 집 담장이랑 앞집 담장에 장대를 걸쳐 놓고 구불렁구불렁 건너서 갔어. 그날 밤 구렁이가 각시한테 말했지. “은 대야에 물을 담아 오구려.”",
      "srcPage": 9,
      "srcSentenceEA": 3,
      "srcWordEA": 26,
      "character": "구렁이,장대,각시,은,대야",
      "setting": "제 집 담장,앞집 담장,그날 밤",
      "action": "걸쳐 놓고,건너서 갔어,말했지",
      "feeling": null,
      "causalRelationship": null,
      "outcomeResolution": null,
      "prediction": null,
      "plotSummaryInfoCount": 1,
      "plotSummaryInfo": {
        "classification": "의사소통",
        "readAge": "유아",
        "form": "short-form",
        "plotSummaryText": "구렁이가 셋째한테 장가를 가는데 제 집 담장이랑 앞집 당장에 장대를 걸쳐 놓고 건너서 갔고, 그날 밤에 은 대야에 물을 담아 오라고 했다.",
        "textWordEA": 22
      }
    },
    {
      "srcTextID": "98315",
      "srcText": "“둘째야, 네가 구렁이한테 시집갈래?” “싫어요, 싫어요, 저는 싫어요.” “셋째야, 네가 구렁이한테 시집갈래?” “네, 제가 신선비한테 시집갈래요.”",
      "srcPage": 8,
      "srcSentenceEA": 4,
      "srcWordEA": 16,
      "character": "구렁이,신선비",
      "setting": null,
      "action": "시집갈래",
      "feeling": "싫어요",
      "causalRelationship": null,
      "outcomeResolution": null,
      "prediction": null,
      "plotSummaryInfoCount": 1,
      "plotSummaryInfo": {
        "classification": "의사소통",
        "readAge": "유아",
        "form": "long-form",
        "plotSummaryText": "둘째도 싫다고 했고, 셋째에게 구렁이한테 시집 가겠냐고 물으니, 자신이 신선비한테 시집을 가겠다고 했다.",
        "textWordEA": 13
      }
    },
    {
      "srcTextID": "97855",
      "srcText": "“안 돼요, 언니. 그건 안 돼요.” “그깟 게 뭐가 귀하다고 꽁꽁 감춰 두니?”",
      "srcPage": 13,
      "srcSentenceEA": 3,
      "srcWordEA": 14,
      "character": "언니",
      "setting": null,
      "action": "감춰",
      "feeling": "귀하다고",
      "causalRelationship": null,
      "outcomeResolution": null,
      "prediction": null,
      "plotSummaryInfoCount": 1,
      "plotSummaryInfo": {
        "classification": "의사소통",
        "readAge": "유아",
        "form": "short-form",
        "plotSummaryText": "언니한테 그건 안 된다고 하니 그깟 게 뭐가 귀하다고 꽁꽁 감춰두냐고 했다.",
        "textWordEA": 12
      }
    },
    {
      "srcTextID": "97865",
      "srcText": "각시는 기다리다 기다리다 구렁덩덩 신선비를 찾아 나섰어. 낡은 치마 잘라 내어 가사 장삼 지어 입고, 헌 저고리 오려 내어 고깔 만들어 쓰고, 밑 터진 바랑 메고 중 모양을 하고서 훠이훠이 멀고 먼 길을 떠났어. 아홉산을 넘고 아홉 강을 건너니, 한 농부가 넓은 돌밭을 일구고 있었지.",
      "srcPage": 15,
      "srcSentenceEA": 3,
      "srcWordEA": 47,
      "character": "신선비,치마,고깔,농부,가사 장삼,저고리,바랑",
      "setting": "아홉산,아홉 강,돌밭",
      "action": "기다리다,찾아 나섰어,잘라 내어,지어 입고,오려 내어,만들어 쓰고,메고,떠났어,넘고,건너니,일구고",
      "feeling": null,
      "causalRelationship": null,
      "outcomeResolution": null,
      "prediction": null,
      "plotSummaryInfoCount": 1,
      "plotSummaryInfo": {
        "classification": "의사소통",
        "readAge": "유아",
        "form": "short-form",
        "plotSummaryText": "각시는 기다리다 중 모양을 하고 신선비를 찾아 나섰고, 아홉산과 아홉 강을 건너니 농부가 돌밭을 일구고 있었다.",
        "textWordEA": 16
      }
    },
    {
      "srcTextID": "97825",
      "srcText": "옛날에 혼자 사는 할머니가 애를 낳았는데 사람이 아니라 구렁이를 낳았어. “에그, 어쩌다가 구렁이가 나왔누!” 할머니는 부엌 한구석에 맷방석을 깔아 주고 삼태기를 씌워 놓았어.",
      "srcPage": 1,
      "srcSentenceEA": 3,
      "srcWordEA": 24,
      "character": "할머니,구렁이,맷방석,삼태기,사람",
      "setting": "옛날,부엌",
      "action": "낳았는데,깔아 주고,씌워",
      "feeling": null,
      "causalRelationship": null,
      "outcomeResolution": null,
      "prediction": null,
      "plotSummaryInfoCount": 1,
      "plotSummaryInfo": {
        "classification": "의사소통",
        "readAge": "유아",
        "form": "short-form",
        "plotSummaryText": "옛날에 혼자 사는 할머니가 애를 낳았는데 사람이 아닌 구렁이가 나와서 할머니는 부엌 한구석에 맷방석을 깔아 주고 삼태기를 씌워 놓았다.",
        "textWordEA": 19
      }
    },
    {
      "srcTextID": "97832",
      "srcText": "그 앞집에 딸 셋이 있었는데 할머니가 아이를 낳았다니까 궁금해서 보러 왔어. 첫째 딸이 보고는 “아이, 징그러워. 아기가 아니라 구렁이네!”",
      "srcPage": 2,
      "srcSentenceEA": 4,
      "srcWordEA": 21,
      "character": "딸,할머니,아이,아기,구렁이",
      "setting": "앞집",
      "action": "낳았다니까,보러 왔어,보고는",
      "feeling": "궁금해서,징그러워",
      "causalRelationship": null,
      "outcomeResolution": null,
      "prediction": null,
      "plotSummaryInfoCount": 1,
      "plotSummaryInfo": {
        "classification": "의사소통",
        "readAge": "유아",
        "form": "long-form",
        "plotSummaryText": "그 앞집에 딸 셋이 있었는데, 궁금해서 보러 온 첫째 딸이 보고는 아기가 아니고 구렁이라고 징그럽다고 했다.",
        "textWordEA": 16
      }
    },
    {
      "srcTextID": "97839",
      "srcText": "이러구러 세월이 제법 흘러갔거든. 하루는 구렁이가 할머니한테 말했어. “어머니, 어머니, 앞집 처녀한테 장가갈래요.”",
      "srcPage": 5,
      "srcSentenceEA": 3,
      "srcWordEA": 14,
      "character": "구렁이,할머니,어머니,처녀",
      "setting": "앞집,하루",
      "action": "말했어",
      "feeling": null,
      "causalRelationship": null,
      "outcomeResolution": null,
      "prediction": null,
      "plotSummaryInfoCount": 1,
      "plotSummaryInfo": {
        "classification": "의사소통",
        "readAge": "유아",
        "form": "short-form",
        "plotSummaryText": "세월이 흘러 하루는 구렁이가 할머니한테 앞집 처녀에게 장가가겠다고 했다.",
        "textWordEA": 9
      }
    },
    {
      "srcTextID": "97838",
      "srcText": "“에그, 누가 구렁이한테 딸을 준다니?” “그래도 앞집 가서 말해 주세요.” “에그, 누가 구렁이한테 시집온다니?” 하지만 구렁이는 밤새도록 할머니에게 졸라댔지.",
      "srcPage": 6,
      "srcSentenceEA": 4,
      "srcWordEA": 20,
      "character": "구렁이,딸,할머니",
      "setting": "앞집,밤새도록",
      "action": "졸라댔지",
      "feeling": null,
      "causalRelationship": null,
      "outcomeResolution": null,
      "prediction": null,
      "plotSummaryInfoCount": 1,
      "plotSummaryInfo": {
        "classification": "의사소통",
        "readAge": "유아",
        "form": "long-form",
        "plotSummaryText": "누가 구렁이한테 딸을 주고 시집을 오냐고 했는데, 구렁이는 밤새도록 할머니를 졸라댔다.",
        "textWordEA": 11
      }
    },
    {
      "srcTextID": "97887",
      "srcText": "농부의 돌밭도 일궈 주고 아낙의 빨래도 해주고 까마귀 떼한테 구더기도 잡아 주면서요. 그렇게 밝은 눈을 가지고 거침없이 나아가니 길이 열리지 않을 수 없지요. 그러니 셋째 딸이 별세계에 이르러서 구렁덩덩 신선비와 다시 만나 행복을 이루는 것은 필연적인 결과라 할 수 있습니다.",
      "srcPage": 35,
      "srcSentenceEA": 3,
      "srcWordEA": 42,
      "character": "농부,아낙,까마귀,구더기,딸,신선비",
      "setting": "돌밭",
      "action": "일궈,해주고,잡아,나아가니",
      "feeling": null,
      "causalRelationship": null,
      "outcomeResolution": null,
      "prediction": null,
      "plotSummaryInfoCount": 1,
      "plotSummaryInfo": {
        "classification": "의사소통",
        "readAge": "유아",
        "form": "short-form",
        "plotSummaryText": "농부의 돌밭도 일궈 주고 아낙의 빨래도 해주고 까마귀한테 구더기도 잡아 주면서 거침없이 나아가니 길이 열렸고, 별세계에서 신선비와 다시 만나 행복을 이루게 되는 것은 필연적인 결과이다.",
        "textWordEA": 25
      }
    },
    {
      "srcTextID": "97885",
      "srcText": "그 허물이 태워짐으로써 신선비의 자의식과 정체성이 훼손되고 부부 사이의 신뢰가 위기를 맞게 됩니다. 신선비가 돌아오지 않은 것은 이 때문이라 할 수 있지요. 하지만 저 셋째 딸이 가만히 앉아 울다가 쓰러질 사람이 아니니 걱정 없습니다.",
      "srcPage": 33,
      "srcSentenceEA": 3,
      "srcWordEA": 36,
      "character": "허물,신선비,딸,부부",
      "setting": null,
      "action": "돌아오지,앉아,울다가,쓰러질,훼손되고",
      "feeling": null,
      "causalRelationship": null,
      "outcomeResolution": null,
      "prediction": null,
      "plotSummaryInfoCount": 1,
      "plotSummaryInfo": {
        "classification": "의사소통",
        "readAge": "유아",
        "form": "short-form",
        "plotSummaryText": "허물이 태워짐으로 신선비의 정체성이 훼손되고 부부 사이의 신뢰가 위기를 맞아 신선비가 돌아오지 않게 되는데, 셋째 딸이 가만히 앉아있을 사람이 아니다.",
        "textWordEA": 20
      }
    },
    {
      "srcTextID": "97886",
      "srcText": "그녀는 가치를 알아보는 사람일 뿐 아니라 잃어버린 가치를 찾아낼 수 있는 능력자였어요. 무엇보다 그녀는 ‘움직여서 찾아내는’ 인물이었지요. 신선비를 찾아 길을 나선 셋째 딸은 세상 구석구석을 눈여겨보면서 소통을 합니다.",
      "srcPage": 34,
      "srcSentenceEA": 4,
      "srcWordEA": 31,
      "character": "그녀,사람,신선비,딸",
      "setting": "길",
      "action": "잃어버린,찾아낼,나선",
      "feeling": null,
      "causalRelationship": null,
      "outcomeResolution": null,
      "prediction": null,
      "plotSummaryInfoCount": 1,
      "plotSummaryInfo": {
        "classification": "의사소통",
        "readAge": "유아",
        "form": "long-form",
        "plotSummaryText": "그녀는 잃어버린 가치도 찾아낼 수 있는 능력자여서 신선비를 찾아 나선 길에 세상 구석구석을 보며 소통을 한다.",
        "textWordEA": 16
      }
    }
  ]
}