{
  "title": "까치와 여우와 왁새",
  "author": "박혜숙",
  "illustrator": "윤진현",
  "isbn": "9791157987382",
  "publishedYear": 2019,
  "publisher": "세이펜북스",
  "paragraphInfoCount": 16,
  "paragraphInfo": [
    {
      "srcTextID": "95727",
      "srcText": "그러자 까치는 배에 힘을 꽉 주고 말했어. \"예끼, 이놈! 누운 나무도 못 오르는 놈이 서 있는 나무에 오르겠다고? 어디, 올라올 테면 올라와 봐라!\"",
      "srcPage": 10,
      "srcSentenceEA": 4,
      "srcWordEA": 25,
      "character": "까치,배,누운 나무",
      "setting": "나무",
      "action": "말했어,못 오르는",
      "feeling": null,
      "causalRelationship": null,
      "outcomeResolution": null,
      "prediction": null,
      "plotSummaryInfoCount": 1,
      "plotSummaryInfo": {
        "classification": "의사소통",
        "readAge": "유아",
        "form": "long-form",
        "plotSummaryText": "까치는 누운 나무도 못 오르는 놈이 서 있는 나무에 올라올 수 있으면 올라와 보라고 말했습니다.",
        "textWordEA": 15
      }
    },
    {
      "srcTextID": "95728",
      "srcText": "그 말을 들은 여우는 얼굴이 벌게졌어. '이놈의 까치! 당장 올라가서 잡아먹어 버릴 테다!' 여우는 이를 악물고 나무 위로 올라가려고 했지. 하지만 몇 발짝 올라가지도 못하고 바동바동하다가 툭 떨어지더니 팩 쓰러졌어.",
      "srcPage": 11,
      "srcSentenceEA": 5,
      "srcWordEA": 33,
      "character": "여우,얼굴,까치",
      "setting": "나무",
      "action": "얼굴이 벌게졌어,이를 악물고,바동바동하다가,떨어지더니,쓰러졌어",
      "feeling": null,
      "causalRelationship": null,
      "outcomeResolution": null,
      "prediction": null,
      "plotSummaryInfoCount": 1,
      "plotSummaryInfo": {
        "classification": "의사소통",
        "readAge": "유아",
        "form": "long-form",
        "plotSummaryText": "그 말을 들은 여우는 얼굴이 벌게져서는 나무 위로 올라가려고 했지만, 몇 발짝 올라가지도 못하고 바동바동하다가 툭 떨어지더니 쓰러졌습니다.",
        "textWordEA": 18
      }
    },
    {
      "srcTextID": "95730",
      "srcText": "한참 뒤 가까스로 정신을 차린 여우는 벌떡 일어나서 씩씩거리며 말했어. \"누가 네게 그런 말을 해 주던?\" 까치는 여우가 하나도 무섭지 않았어.",
      "srcPage": 12,
      "srcSentenceEA": 3,
      "srcWordEA": 22,
      "character": "여우,까치",
      "setting": null,
      "action": "정신을 차린,일어나서,말했어",
      "feeling": null,
      "causalRelationship": null,
      "outcomeResolution": null,
      "prediction": null,
      "plotSummaryInfoCount": 1,
      "plotSummaryInfo": {
        "classification": "의사소통",
        "readAge": "유아",
        "form": "short-form",
        "plotSummaryText": "한참 뒤 정신을 차린 여우는 벌떡 일어나서 누가 그런 말을 해주었냐고 물었고, 까치는 여우가 하나도 무섭지 않았습니다.",
        "textWordEA": 17
      }
    },
    {
      "srcTextID": "95729",
      "srcText": "그래서 어깨를 쫙 펴고 의기양양하게 말했지. \"누군 누구야? 건너 산골짝에 사는 왁새지.\"",
      "srcPage": 13,
      "srcSentenceEA": 3,
      "srcWordEA": 13,
      "character": "왁새",
      "setting": null,
      "action": "어깨를 쫙 펴고,말했지",
      "feeling": null,
      "causalRelationship": null,
      "outcomeResolution": null,
      "prediction": null,
      "plotSummaryInfoCount": 1,
      "plotSummaryInfo": {
        "classification": "의사소통",
        "readAge": "유아",
        "form": "short-form",
        "plotSummaryText": "어깨를 쫙 펴고 의기양양하게 건너 산골짝에 사는 왁새라고 말했습니다.",
        "textWordEA": 9
      }
    },
    {
      "srcTextID": "95720",
      "srcText": "그다음 날이었어. 여우가 찾아와서 새끼 한 마리를 또 달라지 뭐야. 까치는 기가 막혀서 못 주겠다고 했어.",
      "srcPage": 3,
      "srcSentenceEA": 3,
      "srcWordEA": 18,
      "character": "여우,새끼 한 마리,까치",
      "setting": null,
      "action": "찾아와서,달라지 뭐야,못 주겠다고 했어",
      "feeling": "기가 막혀서",
      "causalRelationship": null,
      "outcomeResolution": null,
      "prediction": null,
      "plotSummaryInfoCount": 1,
      "plotSummaryInfo": {
        "classification": "의사소통",
        "readAge": "유아",
        "form": "short-form",
        "plotSummaryText": "그다음 날, 여우가 찾아와서 새끼 한 마리를 또 달라고 하자, 까치는 못 주겠다고 했습니다.",
        "textWordEA": 14
      }
    },
    {
      "srcTextID": "95723",
      "srcText": "\"까치야, 아침부터 왜 울고 있니?\" \"여우가 날마다 찾아와서 새끼 한 마리를 안 주면 모두 잡아먹겠다고 해서 할 수 없이 주고 주고 했어요. 이제 달랑 한 마리 남았는데 이것마저 빼앗길 생각을 하니까 서러워서 자꾸 눈물만 나네요.\" 까치가 훌쩍이며 말했지.",
      "srcPage": 6,
      "srcSentenceEA": 4,
      "srcWordEA": 40,
      "character": "까치,여우",
      "setting": null,
      "action": "울고,찾아와서,주고,훌쩍이며 말했지",
      "feeling": "서러워서",
      "causalRelationship": null,
      "outcomeResolution": null,
      "prediction": null,
      "plotSummaryInfoCount": 1,
      "plotSummaryInfo": {
        "classification": "의사소통",
        "readAge": "유아",
        "form": "long-form",
        "plotSummaryText": "아침부터 왜 울고 있냐고 물으니, 까치는 여우가 새끼 한 마리를 안 주면 모두 잡아먹겠다고 해서 할 수 없이 주었는데, 이제 남은 한 마리도 빼앗길 생각을 하니 서러워서 자꾸 눈물만 난다고 훌쩍이며 말했습니다.",
        "textWordEA": 32
      }
    },
    {
      "srcTextID": "95725",
      "srcText": "이런, 이런, 이 미련한 녀석아! 새끼를 주긴 왜 주니? 여우는 누운 나무도 못 오르는데 서 있는 나무를 어떻게 오르니?",
      "srcPage": 7,
      "srcSentenceEA": 3,
      "srcWordEA": 21,
      "character": "미련한 녀석,여우,나무",
      "setting": null,
      "action": "주니,못 오르는데",
      "feeling": null,
      "causalRelationship": null,
      "outcomeResolution": null,
      "prediction": null,
      "plotSummaryInfoCount": 1,
      "plotSummaryInfo": {
        "classification": "의사소통",
        "readAge": "유아",
        "form": "short-form",
        "plotSummaryText": "미련한 녀석이라며, 여우는 누운 나무도 못 오르는데 서 있는 나무를 어떻게 오르냐고 했습니다.",
        "textWordEA": 13
      }
    },
    {
      "srcTextID": "95726",
      "srcText": "그다음 날 여우가 또 찾아와서 거들먹거리며 말했지. \"까치야, 남은 새끼 한 마리도 마저 주렴. 안 그러면 올라가서 너까지 잡아먹을 테니!\"",
      "srcPage": 9,
      "srcSentenceEA": 3,
      "srcWordEA": 21,
      "character": "여우,까치",
      "setting": null,
      "action": "거들먹거리며,말했지,찾아와서",
      "feeling": null,
      "causalRelationship": null,
      "outcomeResolution": null,
      "prediction": null,
      "plotSummaryInfoCount": 1,
      "plotSummaryInfo": {
        "classification": "의사소통",
        "readAge": "유아",
        "form": "short-form",
        "plotSummaryText": "여우는 또 찾아와서 거들먹거리며 남은 새끼 한 마리도 마저 안주면 올라가서 까치까지 잡아먹겠다고 말했습니다.",
        "textWordEA": 14
      }
    },
    {
      "srcTextID": "95731",
      "srcText": "\"이놈의 왁새, 다 된 밥에 재를 뿌렸것다.\" 먹이를 놓쳐서 분한 여우는 건너 산골짝으로 쏜살같이 달려갔어. 그때 왁새는 냇물 바위틈에서 버들치를 잡고 있었어.",
      "srcPage": 14,
      "srcSentenceEA": 3,
      "srcWordEA": 24,
      "character": "왁새,여우,버들치",
      "setting": "건너 산골짝,냇물 바위틈",
      "action": "달려갔어,잡고 있었어",
      "feeling": "분한",
      "causalRelationship": null,
      "outcomeResolution": null,
      "prediction": null,
      "plotSummaryInfoCount": 1,
      "plotSummaryInfo": {
        "classification": "의사소통",
        "readAge": "유아",
        "form": "short-form",
        "plotSummaryText": "분한 여우는 건너 산골짝으로 쏜살같이 달려갔고, 그때 왁새는 냇물 바위틈에서 버들치를 잡고 있었다.",
        "textWordEA": 13
      }
    },
    {
      "srcTextID": "95733",
      "srcText": "그러다가 그만 찍! 하얀 똥을 싸고 말았어. 그런데 이 똥이 하필이면 여우 콧등에 처러럭 떨어졌지 뭐야. 그때부터 여우 콧등이 하얗게 되었대.",
      "srcPage": 16,
      "srcSentenceEA": 4,
      "srcWordEA": 24,
      "character": "하얀 똥,여우 콧등,여우",
      "setting": null,
      "action": "싸고,떨어졌지 뭐야,하얗게 되었대",
      "feeling": null,
      "causalRelationship": null,
      "outcomeResolution": null,
      "prediction": null,
      "plotSummaryInfoCount": 1,
      "plotSummaryInfo": {
        "classification": "의사소통",
        "readAge": "유아",
        "form": "long-form",
        "plotSummaryText": "그러다가 하얀 똥을 싸고 말았는데, 이 똥이 여우 콧등에 떨어져 그때부터 여우의 콧등은 하얗게 되었습니다.",
        "textWordEA": 15
      }
    },
    {
      "srcTextID": "95732",
      "srcText": "여우는 살금살금 왁새 곁으로 다가가 펄쩍 뛰어올라 확 덮쳤어. 여우가 꽉! 물려고 하자 화들짝 놀란 왁새는 왝! 하고 날아갔어.",
      "srcPage": 15,
      "srcSentenceEA": 4,
      "srcWordEA": 22,
      "character": "여우,왁새",
      "setting": null,
      "action": "다가가,뛰어올라,덮쳤어,날아갔어",
      "feeling": "놀란",
      "causalRelationship": null,
      "outcomeResolution": null,
      "prediction": null,
      "plotSummaryInfoCount": 1,
      "plotSummaryInfo": {
        "classification": "의사소통",
        "readAge": "유아",
        "form": "long-form",
        "plotSummaryText": "여우는 왁새 곁으로 다가가 펄쩍 뛰어올라 덮치자, 놀란 왁새는 왝하고 날아갔습니다.",
        "textWordEA": 11
      }
    },
    {
      "srcTextID": "95718",
      "srcText": "옛날 어느 곳에 까치가 살았어. 높다란 나무 위에 둥지를 짓고 새끼 아홉 마리를 까서 키웠지. 하루는 건너 산골짝에 사는 여우가 찾아와서는 머리를 달싹거리며 말했어. \"까치야, 네 새끼를 하나 주라. 안 그러면 올라가서 모조리 잡아먹겠다.\"",
      "srcPage": 1,
      "srcSentenceEA": 5,
      "srcWordEA": 37,
      "character": "까치,둥지,여우",
      "setting": "옛날,나무 위에",
      "action": "짓고,키웠지,찾아와서는,말했어",
      "feeling": null,
      "causalRelationship": null,
      "outcomeResolution": null,
      "prediction": null,
      "plotSummaryInfoCount": 1,
      "plotSummaryInfo": {
        "classification": "의사소통",
        "readAge": "유아",
        "form": "long-form",
        "plotSummaryText": "옛날에 까치가 나무 위에 둥지를 짓고 새끼 아홉 마리를 까서 키웠는데, 하루는 여우가 찾아와 새끼를 하나 주지 않으면 모조리 잡아먹겠다고 말했어.",
        "textWordEA": 21
      }
    },
    {
      "srcTextID": "95719",
      "srcText": "겁이 난 까치는 할 수 없이 새끼 한 마리를 나무 밑으로 내려 주었지. 모조리 죽는 것보다는 낫잖아. 여우는 헤헤거리며 새끼 까치를 물고 갔어.",
      "srcPage": 2,
      "srcSentenceEA": 3,
      "srcWordEA": 25,
      "character": "까치,나무,여우,새끼 까치",
      "setting": null,
      "action": "내려 주었지,물고 갔어",
      "feeling": "겁이 난",
      "causalRelationship": null,
      "outcomeResolution": null,
      "prediction": null,
      "plotSummaryInfoCount": 1,
      "plotSummaryInfo": {
        "classification": "의사소통",
        "readAge": "유아",
        "form": "short-form",
        "plotSummaryText": "겁이 난 까치는 할 수 없이 새끼 한 마리를 나무 밑으로 내려 주었고, 여우는 헤헤거리며 새끼 까치를 물고 갔습니다.",
        "textWordEA": 19
      }
    },
    {
      "srcTextID": "95721",
      "srcText": "그랬더니 여우는 또 모조리 잡아먹겠다고 으름장을 놓았어. 겁이 난 까치는 할 수 없이 또 새끼 한 마리를 내려 주었지. 여우는 신이 나서 폴짝폴짝 뛰어갔어.",
      "srcPage": 4,
      "srcSentenceEA": 3,
      "srcWordEA": 26,
      "character": "여우,까치,새끼",
      "setting": null,
      "action": "으름장을 놓았어,내려 주었지,뛰어갔어",
      "feeling": "겁이 난,신이 나서",
      "causalRelationship": null,
      "outcomeResolution": null,
      "prediction": null,
      "plotSummaryInfoCount": 1,
      "plotSummaryInfo": {
        "classification": "의사소통",
        "readAge": "유아",
        "form": "short-form",
        "plotSummaryText": "또 모조리 잡아먹겠다는 여우의 으름장에 겁이 난 까치는 새끼 한 마리를 내려 주었고, 여우는 신이 나서 뛰어갔습니다.",
        "textWordEA": 17
      }
    },
    {
      "srcTextID": "95722",
      "srcText": "그다음부터 여우는 날마다 찾아와서 새끼 까치를 한 마리씩 빼앗아 갔어. 이제 새끼는 달랑 한 마리밖에 남지 않았지. 까치는 너무 슬퍼서 아침부터 깍깍 구슬프게 울었어. 마침 왁새가 날아가다가 그 모습을 보았어.",
      "srcPage": 5,
      "srcSentenceEA": 4,
      "srcWordEA": 33,
      "character": "여우,새끼 까치,까치,왁새",
      "setting": null,
      "action": "찾아와서,빼앗아 갔어,울었어,날아가다가,보았어",
      "feeling": "슬퍼서",
      "causalRelationship": null,
      "outcomeResolution": null,
      "prediction": null,
      "plotSummaryInfoCount": 1,
      "plotSummaryInfo": {
        "classification": "의사소통",
        "readAge": "유아",
        "form": "long-form",
        "plotSummaryText": "여우가 날마다 새끼 까치를 빼앗아 가, 이제 새끼가 한 마리밖에 남지 않은 까치는 슬퍼서 울었고, 마침 왁새가 날아가다가 그 모습을 보았습니다.",
        "textWordEA": 21
      }
    },
    {
      "srcTextID": "95724",
      "srcText": "여우가 내일 또 와서 새끼를 달라고 하면 못 준다고 해. 올라올 수 있으면 올라와서 잡아먹어 보라고. 왁새가 혀를 끌끌 차며 날아갔어.",
      "srcPage": 8,
      "srcSentenceEA": 3,
      "srcWordEA": 23,
      "character": "여우,왁새",
      "setting": null,
      "action": "혀를 끌끌 차며,날아갔어",
      "feeling": null,
      "causalRelationship": null,
      "outcomeResolution": null,
      "prediction": null,
      "plotSummaryInfoCount": 1,
      "plotSummaryInfo": {
        "classification": "의사소통",
        "readAge": "유아",
        "form": "short-form",
        "plotSummaryText": "왁새는 여우가 또 새끼를 달라고 하면 올라올 수 있으면 올라와서 잡아먹어 보라고 하라며 혀를 끌끌 차며 날아갔습니다.",
        "textWordEA": 17
      }
    }
  ]
}