{
  "title": "불개",
  "author": "신현배",
  "illustrator": "김주경",
  "isbn": "9791157987696",
  "publishedYear": 2019,
  "publisher": "세이펜북스",
  "paragraphInfoCount": 21,
  "paragraphInfo": [
    {
      "srcTextID": "104180",
      "srcText": "해와 달만 있으면 까막 나라도 밝은 나라로 바뀌겠지? 임금님도 이 사실을 알고 있었어. 그러나 해와 달을 어떻게 구해 오느냐가 문제였지.",
      "srcPage": 4,
      "srcSentenceEA": 3,
      "srcWordEA": 22,
      "character": "임금님,해,달",
      "setting": "까막 나라,밝은 나라",
      "action": "바뀌겠지,알고 있었어,구해 오느냐",
      "feeling": null,
      "causalRelationship": null,
      "outcomeResolution": null,
      "prediction": "그러나 해와 달을 어떻게 구해 오느냐가 문제였지.",
      "plotSummaryInfoCount": 1,
      "plotSummaryInfo": {
        "classification": "의사소통",
        "readAge": "유아",
        "form": "short-form",
        "plotSummaryText": "임금님도 해와 달만 있으면 까막 나라도 밝은 나라로 바뀐다는 사실을 알고 있었지만 해와 달을 어떻게 구해 오느냐가 문제였습니다.",
        "textWordEA": 18
      }
    },
    {
      "srcTextID": "104179",
      "srcText": "다른 나라로 날아가 해와 달을 훔쳐 와야 하는데, 그럴 만한 사람이 까막 나라에는 없었으니까 말이야. '해와 달을 구할 방법이 없을까?' 임금님은 머리를 싸고 궁리를 거듭했단다.",
      "srcPage": 5,
      "srcSentenceEA": 3,
      "srcWordEA": 26,
      "character": "임금님,해,달,머리,사람",
      "setting": "까막 나라,다른 나라",
      "action": "날아가,훔쳐 와야 하는데,구할,싸고,거듭했단다",
      "feeling": null,
      "causalRelationship": null,
      "outcomeResolution": null,
      "prediction": null,
      "plotSummaryInfoCount": 1,
      "plotSummaryInfo": {
        "classification": "의사소통",
        "readAge": "유아",
        "form": "short-form",
        "plotSummaryText": "다른 나라로 날아가 해와 달을 훔쳐 올 만한 사람이 까막 나라에는 없었고, 임금님은 구할 방법이 없을까 머리를 싸고 궁리를 거듭했습니다.",
        "textWordEA": 20
      }
    },
    {
      "srcTextID": "104184",
      "srcText": "불개는 불을 잘 다루는 사나운 개야. 까막 나라에 많이 살았지. 가장 빠르고 용감한 불개를 뽑아 오자 임금님이 말했어.",
      "srcPage": 8,
      "srcSentenceEA": 3,
      "srcWordEA": 20,
      "character": "불개,임금님,개,불",
      "setting": "까막 나라",
      "action": "다루는,살았지,뽑아 오자,말했어",
      "feeling": "용감한",
      "causalRelationship": null,
      "outcomeResolution": null,
      "prediction": null,
      "plotSummaryInfoCount": 1,
      "plotSummaryInfo": {
        "classification": "의사소통",
        "readAge": "유아",
        "form": "short-form",
        "plotSummaryText": "불개는 불을 잘다루는 사나운 개인데 까막 나라에 많이 살고 있었고, 가장 빠르고 용감한 불개를 뽑아 오자 임금님이 말했습니다.",
        "textWordEA": 18
      }
    },
    {
      "srcTextID": "104189",
      "srcText": "\"그럼 달을 훔쳐 오너라. 달은 뜨겁지 않을 테니 물어 올 수 있을 게다.\" 컹컹! 불개는 곧바로 길을 나섰지.",
      "srcPage": 15,
      "srcSentenceEA": 4,
      "srcWordEA": 21,
      "character": "불개,달,길",
      "setting": null,
      "action": "훔쳐 오너라,물어 올 수 있을 게다,나섰지",
      "feeling": null,
      "causalRelationship": null,
      "outcomeResolution": null,
      "prediction": null,
      "plotSummaryInfoCount": 1,
      "plotSummaryInfo": {
        "classification": "의사소통",
        "readAge": "유아",
        "form": "long-form",
        "plotSummaryText": "임금님은 그럼 달을 훔쳐 오라고 하며 달은 뜨겁지 않을 테니 물어 올 수 있을 거라 하였고, 불개는 곧바로 길을 나섰습니다.",
        "textWordEA": 20
      }
    },
    {
      "srcTextID": "104191",
      "srcText": "불개는 까막 나라를 떠나 머나먼 길을 쉬지 않고 달렸어. 불개는 드디어 달 곁에까지 다가갔어. 달은 차갑게 빛나고 있었지. 달 곁에 있으니 몸이 으슬으슬 추웠어. 으르렁! 불개는 망설임 없이 달을 향해 몸을 솟구쳐 용감하게 달려들었단다.",
      "srcPage": 16,
      "srcSentenceEA": 6,
      "srcWordEA": 39,
      "character": "불개,몸,달",
      "setting": "까막 나라,길",
      "action": "떠나,쉬지 않고,달렸어,다가갔어,솟구쳐,달려들었단다",
      "feeling": "용감하게",
      "causalRelationship": null,
      "outcomeResolution": null,
      "prediction": null,
      "plotSummaryInfoCount": 1,
      "plotSummaryInfo": {
        "classification": "의사소통",
        "readAge": "유아",
        "form": "long-form",
        "plotSummaryText": "불개는 까막 나라를 떠나 머나먼 길을 쉬지 않고 달렸고, 드디어 달 곁에까지 다가갔는데 달이 차갑게 빛나고 있었고 곁에 있으니 몸이 으슬으슬 추웠지만 불개는 망설임 없이 달을 향해 몸을 솟구쳐 용감하게 달려들었습니다.",
        "textWordEA": 31
      }
    },
    {
      "srcTextID": "104186",
      "srcText": "불개는 드디어 해 곁에까지 다가갔어. 이글이글 타오르는 해 곁에 있으니 눈을 뜰 수 없었어. 으르렁! 불개는 망설임 없이 해를 향해 몸을 솟구쳐 용감하게 달려들었단다.",
      "srcPage": 11,
      "srcSentenceEA": 4,
      "srcWordEA": 27,
      "character": "불개,해,눈,몸",
      "setting": null,
      "action": "다가갔어,뜰 수 없었어,솟구쳐,달려들었단다",
      "feeling": "용감하게",
      "causalRelationship": null,
      "outcomeResolution": null,
      "prediction": null,
      "plotSummaryInfoCount": 1,
      "plotSummaryInfo": {
        "classification": "의사소통",
        "readAge": "유아",
        "form": "long-form",
        "plotSummaryText": "불개는 드디어 해 곁에까지 다가갔는데 이글이글 타오르는 해 곁에 있으니 눈을 뜰 수 없었으나 불개는 망설임 없이 해를 향해 몸을 솟구쳐 용감하게 달려들었습니다.",
        "textWordEA": 23
      }
    },
    {
      "srcTextID": "104187",
      "srcText": "불개는 입을 크게 벌려 해를 꽉 깨물었어. \"앗, 뜨거워!\" 불개는 그만 해를 도로 뱉고 말았어. 어찌나 뜨거운지 입안이 타는 것 같았어.",
      "srcPage": 12,
      "srcSentenceEA": 4,
      "srcWordEA": 23,
      "character": "불개,입,해",
      "setting": null,
      "action": "벌려,깨물었어,뱉고 말았어,타는",
      "feeling": "뜨거운지",
      "causalRelationship": null,
      "outcomeResolution": null,
      "prediction": null,
      "plotSummaryInfoCount": 1,
      "plotSummaryInfo": {
        "classification": "의사소통",
        "readAge": "유아",
        "form": "long-form",
        "plotSummaryText": "불개는 입을 크게 벌려 해를 꽉 깨물자 너무 뜨거워서 해를 도로 뱉고 말았는데 어찌나 뜨거운지 입안이 타는 것 같았습니다.",
        "textWordEA": 19
      }
    },
    {
      "srcTextID": "104188",
      "srcText": "잠시 뒤, 불개는 다시 달려들어 해를 덥석 물었어. 하지만 너무 뜨거워 또다시 뱉고 말았지. 세 번, 네 번, 다섯 번. 불개는 해를 물었다가 뱉기를 되풀이했어. 불개는 결국 지칠 대로 지쳐 발길을 돌릴 수밖에 없었어.",
      "srcPage": 13,
      "srcSentenceEA": 5,
      "srcWordEA": 38,
      "character": "불개,해",
      "setting": null,
      "action": "달려들어,물었어,뱉고,되풀이했어,지쳐,발길을 돌릴 수밖에 없었어",
      "feeling": null,
      "causalRelationship": null,
      "outcomeResolution": "불개는 결국 지칠 대로 지쳐 발길을 돌릴 수밖에 없었어.",
      "prediction": null,
      "plotSummaryInfoCount": 1,
      "plotSummaryInfo": {
        "classification": "의사소통",
        "readAge": "유아",
        "form": "long-form",
        "plotSummaryText": "잠시 뒤, 불개는 다시 달려들어 해를 덥석 물었고 너무 뜨거워 또다시 뱉고 말았는데 여러 번 물고, 뱉기를 되풀이하다 지칠 대로 지쳐 발길을 돌릴 수밖에 없었습니다.",
        "textWordEA": 25
      }
    },
    {
      "srcTextID": "104195",
      "srcText": "임금님은 다른 불개들에게 해와 달을 물어 오라고 했어. 그러나 다른 불개들도 마찬가지였어. 임금님은 포기하지 않고 불개들을 계속 보냈어. 그때마다 불개들은 허탕을 치고 돌아왔단다.",
      "srcPage": 20,
      "srcSentenceEA": 4,
      "srcWordEA": 26,
      "character": "임금님,불개,해,달",
      "setting": null,
      "action": "물어 오라고 했어,포기하지 않고,보냈어,돌아왔단다",
      "feeling": null,
      "causalRelationship": null,
      "outcomeResolution": "그때마다 불개들은 허탕을 치고 돌아왔단다.",
      "prediction": null,
      "plotSummaryInfoCount": 1,
      "plotSummaryInfo": {
        "classification": "의사소통",
        "readAge": "유아",
        "form": "long-form",
        "plotSummaryText": "임금님은 다른 불개들에게 해와 달을 물어 오라고 했으나 다른 불개들도 마찬가지였고, 임금님은 포기하지 않고 계속 보냈으나 그때마다 불개들은 허탕을 치고 돌아왔습니다.",
        "textWordEA": 21
      }
    },
    {
      "srcTextID": "104178",
      "srcText": "\"아유, 깜깜해. 눈이 있어도 볼 수가 없으니.\" 까막 나라 백성들은 어두운 데서 사는 게 너무 힘들어 임금님을 찾아가서 하소연했어.",
      "srcPage": 2,
      "srcSentenceEA": 3,
      "srcWordEA": 21,
      "character": "백성들,임금님,눈",
      "setting": "까막 나라",
      "action": "볼,사는 게,찾아가서,하소연했어",
      "feeling": "힘들어",
      "causalRelationship": "까막 나라 백성들은 어두운 데서 사는 게 너무 힘들어 임금님을 찾아가서 하소연했어.",
      "outcomeResolution": null,
      "prediction": null,
      "plotSummaryInfoCount": 1,
      "plotSummaryInfo": {
        "classification": "의사소통",
        "readAge": "유아",
        "form": "short-form",
        "plotSummaryText": "까막 나라 백성들은 눈이 있어도 볼 수가 없다며 어두운 데서 사는 게 너무 힘들어 임금님을 찾아가서 하소연했습니다.",
        "textWordEA": 17
      }
    },
    {
      "srcTextID": "104181",
      "srcText": "그러던 어느 날, 나이 든 신하가 말했어. \"우리 나라에는 불개가 있지 않습니까? 불개라면 해를 물어 올 수 있을 겁니다.\"",
      "srcPage": 6,
      "srcSentenceEA": 3,
      "srcWordEA": 20,
      "character": "신하,불개,해",
      "setting": "우리 나라",
      "action": "말했어,물어 올 수 있을 겁니다",
      "feeling": null,
      "causalRelationship": null,
      "outcomeResolution": null,
      "prediction": null,
      "plotSummaryInfoCount": 1,
      "plotSummaryInfo": {
        "classification": "의사소통",
        "readAge": "유아",
        "form": "short-form",
        "plotSummaryText": "그러던 어느 날, 나이 든 신하가 우리나라에는 불개가 있지 않냐며 불개라면 해를 물어 올 수 있을 거라고 말했습니다.",
        "textWordEA": 18
      }
    },
    {
      "srcTextID": "104183",
      "srcText": "\"너는 당장 다른 나라에 가서 해를 훔쳐 오너라. 그러면 너에게 큰 상을 내리겠다.\" 컹컹! 불개는 곧바로 길을 나섰어.",
      "srcPage": 9,
      "srcSentenceEA": 4,
      "srcWordEA": 21,
      "character": "불개,해,상,길",
      "setting": "다른 나라",
      "action": "가서,훔쳐 오너,내리겠다,나섰어",
      "feeling": null,
      "causalRelationship": null,
      "outcomeResolution": null,
      "prediction": null,
      "plotSummaryInfoCount": 1,
      "plotSummaryInfo": {
        "classification": "의사소통",
        "readAge": "유아",
        "form": "long-form",
        "plotSummaryText": "임금님은 불개에게 당장 다른 나라에 가서 해를 훔쳐 오면 큰 상을 내리겠다 했고 불개는 곧바로 길을 나섰습니다.",
        "textWordEA": 17
      }
    },
    {
      "srcTextID": "104192",
      "srcText": "불개는 입을 크게 벌려 달을 꽉 깨물었어. \"앗, 차가워!\" 불개는 그만 달을 도로 뱉고 말았어. 어찌나 차가운지 입안이 얼어붙는 것 같았어.",
      "srcPage": 17,
      "srcSentenceEA": 4,
      "srcWordEA": 23,
      "character": "불개,입,달",
      "setting": null,
      "action": "벌려,깨물었어,뱉고 말았어",
      "feeling": null,
      "causalRelationship": null,
      "outcomeResolution": null,
      "prediction": null,
      "plotSummaryInfoCount": 1,
      "plotSummaryInfo": {
        "classification": "의사소통",
        "readAge": "유아",
        "form": "long-form",
        "plotSummaryText": "불개는 입을 크게 벌려 달을 꽉 깨물었는데 너무 차가워서 달을 도로 뱉고 말았고, 어찌나 차가운지 입안이 얼어붙는 것 같았습니다.",
        "textWordEA": 19
      }
    },
    {
      "srcTextID": "104194",
      "srcText": "불개가 또다시 허탕을 치고 돌아오자 까막 나라 임금님은 큰 소리로 꾸짖었어. \"못난 녀석! 차갑다고 달을 뱉어 버려?\"",
      "srcPage": 19,
      "srcSentenceEA": 3,
      "srcWordEA": 18,
      "character": "불개,임금님",
      "setting": null,
      "action": "돌아오자,꾸짖었어,뱉어 버려",
      "feeling": null,
      "causalRelationship": null,
      "outcomeResolution": null,
      "prediction": null,
      "plotSummaryInfoCount": 1,
      "plotSummaryInfo": {
        "classification": "의사소통",
        "readAge": "유아",
        "form": "short-form",
        "plotSummaryText": "불개가 또다시 허탕을 치고 돌아오자 까막 나라 임금님은 큰 소리로 차갑다고 달을 뱉냐며 꾸짖었습니다.",
        "textWordEA": 14
      }
    },
    {
      "srcTextID": "104176",
      "srcText": "까마득히 오랜 옛날, 땅 위에 여러 나라가 있듯이 하늘에도 여러 나라가 있었어. 그 가운데 '까막 나라'가 있었는데, 이름 그대로 언제나 깜깜한 나라였지. 빛이 한 점도 없어서 나라 안은 늘 밤중처럼 어두웠어.",
      "srcPage": 1,
      "srcSentenceEA": 5,
      "srcWordEA": 34,
      "character": null,
      "setting": "옛날,까막 나라,하늘",
      "action": null,
      "feeling": null,
      "causalRelationship": "빛이 한 점도 없어서 나라 안은 늘 밤중처럼 어두웠어.",
      "outcomeResolution": null,
      "prediction": null,
      "plotSummaryInfoCount": 1,
      "plotSummaryInfo": {
        "classification": "의사소통",
        "readAge": "유아",
        "form": "long-form",
        "plotSummaryText": "까마득히 오랜 옛날, 땅 위에 여러 나라가 있듯이 하늘에도 여러 나라가 있었는데 그중 까막 나라라는 나라는 이름 그대로 빛이 한 점도 없어서 늘 밤중처럼 어두운 깜깜한 나라입니다.",
        "textWordEA": 27
      }
    },
    {
      "srcTextID": "104177",
      "srcText": "\"빛이 없으니 답답해서 살 수가 없습니다. 저희들도 이제는 밝고 환한 세상에서 살고 싶습니다. 해와 달을 구해 주십시오.\"",
      "srcPage": 3,
      "srcSentenceEA": 3,
      "srcWordEA": 19,
      "character": "해,달",
      "setting": null,
      "action": "살 수가 없습니다,구해 주십시오",
      "feeling": "답답해서",
      "causalRelationship": "빛이 없으니 답답해서 살 수가 없습니다.",
      "outcomeResolution": null,
      "prediction": null,
      "plotSummaryInfoCount": 1,
      "plotSummaryInfo": {
        "classification": "의사소통",
        "readAge": "유아",
        "form": "short-form",
        "plotSummaryText": "빛이 없으니 답답해서 살 수가 없다며 밝고 환한 세상에서 살고 싶다고 해와 달을 구해 달라고 하였습니다.",
        "textWordEA": 16
      }
    },
    {
      "srcTextID": "104182",
      "srcText": "임금님은 귀가 번쩍 뜨였어. \"옳지, 그게 좋겠다. 여봐라, 가장 빠르고 용감한 불개를 뽑아 오너라.\"",
      "srcPage": 7,
      "srcSentenceEA": 3,
      "srcWordEA": 15,
      "character": "임금님,귀,불개",
      "setting": null,
      "action": "번쩍 뜨였어,뽑아 오너라",
      "feeling": "용감한",
      "causalRelationship": null,
      "outcomeResolution": null,
      "prediction": null,
      "plotSummaryInfoCount": 1,
      "plotSummaryInfo": {
        "classification": "의사소통",
        "readAge": "유아",
        "form": "short-form",
        "plotSummaryText": "임금님은 귀가 번쩍 뜨였고 가장 빠르고 용감한 불개를 뽑아 오라고 하였습니다.",
        "textWordEA": 11
      }
    },
    {
      "srcTextID": "104185",
      "srcText": "불개는 까막 나라를 떠나 머나먼 길을 쉬지 않고 달렸어. 험한 산을 수없이 넘고 깊은 강을 수없이 건넜지. 가도 가도 끝이 없는 어둠 속을 뚫고 가자 저만치 빨간 점이 보이네. \"아, 저기 해가 있구나.\" 불개는 해를 향해 힘차게 달려갔어.",
      "srcPage": 10,
      "srcSentenceEA": 5,
      "srcWordEA": 41,
      "character": "불개,해",
      "setting": "까막 나라,산,강",
      "action": "쉬지 않고,달렸어,넘고,건넜지,뚫고 가자,보이네,달려갔어",
      "feeling": null,
      "causalRelationship": null,
      "outcomeResolution": null,
      "prediction": null,
      "plotSummaryInfoCount": 1,
      "plotSummaryInfo": {
        "classification": "의사소통",
        "readAge": "유아",
        "form": "long-form",
        "plotSummaryText": "불개는 까막 나라를 떠나 머나먼 길을 쉬지 않고 달렸는데 험한 산을 수없이 넘고 깊은 강을 수없이 건너고 나서도 가도 가도 끝이 없는 어둠 속을 뚫고 가서야 저만치 빨간 점이 보였고 불개는 해를 향해 힘차게 달려갔습니다.",
        "textWordEA": 35
      }
    },
    {
      "srcTextID": "104190",
      "srcText": "불개가 허탕을 치고 돌아오자 까막 나라 임금님은 불개를 꾸짖었어. \"못난 녀석! 뜨겁다고 뱉어 버려?\"",
      "srcPage": 14,
      "srcSentenceEA": 3,
      "srcWordEA": 15,
      "character": "불개,임금님",
      "setting": null,
      "action": "돌아오자,꾸짖었어,뱉어 버려",
      "feeling": null,
      "causalRelationship": null,
      "outcomeResolution": null,
      "prediction": null,
      "plotSummaryInfoCount": 1,
      "plotSummaryInfo": {
        "classification": "의사소통",
        "readAge": "유아",
        "form": "short-form",
        "plotSummaryText": "불개가 허탕을 치고 돌아오자 까막 나라 임금님은 뜨겁다고 뱉어버리냐며 불개를 꾸짖었어.",
        "textWordEA": 11
      }
    },
    {
      "srcTextID": "104193",
      "srcText": "잠시 뒤, 불개는 다시 달려들어 달을 덥석 물었어. 하지만 너무 차가워 또다시 뱉고 말았지. 세 번, 네 번, 다섯 번. 불개는 달을 물었다가 뱉기를 되풀이했어. 불개는 결국 지칠 대로 지쳐 발길을 돌리고 말았어.",
      "srcPage": 18,
      "srcSentenceEA": 5,
      "srcWordEA": 37,
      "character": "불개,달",
      "setting": null,
      "action": "달려들어,물었어,뱉고 말았지,되풀이했어,발길을 돌리고 말았어",
      "feeling": null,
      "causalRelationship": null,
      "outcomeResolution": "불개는 결국 지칠 대로 지쳐 발길을 돌리고 말았어.",
      "prediction": null,
      "plotSummaryInfoCount": 1,
      "plotSummaryInfo": {
        "classification": "의사소통",
        "readAge": "유아",
        "form": "long-form",
        "plotSummaryText": "잠시 뒤, 불개는 다시 달려들어 달을 덥석 물었지만 너무 차가워 또다시 뱉고 말았고, 여러 번 달을 물었다 뱉기를 되풀이하다가 불개는 결국 지칠 대로 지쳐 발길을 돌리고 말았습니다.",
        "textWordEA": 27
      }
    },
    {
      "srcTextID": "104196",
      "srcText": "까막 나라 임금님은 지금도 불개들을 해와 달에 보내고 있어. 어떻게 아느냐고? 불개들이 해와 달을 물 때마다 해와 달이 이지러지고 캄캄해지거든. 사람들은 해가 이지러지는 것을 '일식', 달이 이지러지는 것을 '월식'이라고 부른단다.",
      "srcPage": 21,
      "srcSentenceEA": 6,
      "srcWordEA": 35,
      "character": "임금님,불개,해,달,사람들",
      "setting": null,
      "action": "보내고 있어,물 때마다,이지러지는,부른단다",
      "feeling": null,
      "causalRelationship": "까막 나라 임금님은 지금도 불개들을 해와 달에 보내고 있어. 불개들이 해와 달을 물 때마다 해와 달이 이지러지고 캄캄해지거든.",
      "outcomeResolution": null,
      "prediction": null,
      "plotSummaryInfoCount": 1,
      "plotSummaryInfo": {
        "classification": "의사소통",
        "readAge": "유아",
        "form": "long-form",
        "plotSummaryText": "까막 나라 임금님은 지금도 불개들을 해와 달에 보내고 있는데 어떻게 아냐면, 불개들이 해와 달을 물 때마다 해와 달이 이지러지고 캄캄해지는데 사람들은 해가 이지러지는 것을 일식, 달이 이지러지는 것을 월식이라고 부른답니다.",
        "textWordEA": 30
      }
    }
  ]
}