{
  "title": "마음대로 집이 있다고?",
  "author": "최은주",
  "illustrator": "엘리",
  "isbn": "9791198465351",
  "publishedYear": 2023,
  "publisher": "아람북스",
  "paragraphInfoCount": 16,
  "paragraphInfo": [
    {
      "srcTextID": "141719",
      "srcText": "“그럼 여기서 마음대로 계속 살아도 돼?” 가 또다시 묻자 오소리가 웃으며 말했어요. “그럼! 우리 여기서 사이좋게 함께 살자.” 오소리와 곤충 친구들은 매일매일 마음대로 행복하게 살았답니다.",
      "srcPage": 17,
      "srcSentenceEA": 4,
      "srcWordEA": 28,
      "character": "오소리,곤충,매미",
      "setting": null,
      "action": "살았답니다,말했어요",
      "feeling": "행복하게",
      "causalRelationship": null,
      "outcomeResolution": null,
      "prediction": null,
      "plotSummaryInfoCount": 1,
      "plotSummaryInfo": {
        "classification": "의사소통",
        "readAge": "유아",
        "form": "long-form",
        "plotSummaryText": "매미가 여기서 마음대로 계속 살아도 되냐고 묻자 오소리는 사이좋게 함께 살자고 말했고 오소리와 곤충 친구들은 매일매일 마음대로 행복하게 살았습니다.",
        "textWordEA": 19
      }
    },
    {
      "srcTextID": "141705",
      "srcText": "올망졸망 귀여운 알들. 언제 깰까? 번데기들아, 많이 먹고 쑥쑥 자라렴.",
      "srcPage": 3,
      "srcSentenceEA": 3,
      "srcWordEA": 12,
      "character": "번데기,알",
      "setting": null,
      "action": "자라렴",
      "feeling": "귀여운",
      "causalRelationship": null,
      "outcomeResolution": null,
      "prediction": null,
      "plotSummaryInfoCount": 1,
      "plotSummaryInfo": {
        "classification": "의사소통",
        "readAge": "유아",
        "form": "short-form",
        "plotSummaryText": "올망졸망 귀여운 알들이 언제 깰까 번데기들이 많이 먹고 쑥쑥 자라길 바랍니다.",
        "textWordEA": 11
      }
    },
    {
      "srcTextID": "141706",
      "srcText": "왜 매일 쾅쾅거리지? 아래층에 사는 가 꾹 참다가 소리쳐요. “쾅쾅 발소리, 너무 시끄러워!”",
      "srcPage": 5,
      "srcSentenceEA": 3,
      "srcWordEA": 14,
      "character": null,
      "setting": "아래층,매일",
      "action": "소리쳐요",
      "feeling": null,
      "causalRelationship": null,
      "outcomeResolution": null,
      "prediction": null,
      "plotSummaryInfoCount": 1,
      "plotSummaryInfo": {
        "classification": "의사소통",
        "readAge": "유아",
        "form": "short-form",
        "plotSummaryText": "매일 쾅쾅거리자 아래층에 사는 매미가 참다가 시끄럽다 소리쳤습니다.",
        "textWordEA": 8
      }
    },
    {
      "srcTextID": "141708",
      "srcText": "4층에는 음악을 사랑하는 가족이 살아요. 여름 에 맞춰 쿵쾅쿵쾅 노느라 온 집 안이 우르릉! “이야, 정말 즐거워.”",
      "srcPage": 6,
      "srcSentenceEA": 3,
      "srcWordEA": 18,
      "character": "가족",
      "setting": "4층",
      "action": "노느라,살아요",
      "feeling": "사랑하는,즐거워",
      "causalRelationship": null,
      "outcomeResolution": null,
      "prediction": null,
      "plotSummaryInfoCount": 1,
      "plotSummaryInfo": {
        "classification": "의사소통",
        "readAge": "유아",
        "form": "short-form",
        "plotSummaryText": "4층에는 음악을 사랑하는 가족이 사는데 여름에 맞춰 쿵쾅쿵쾅 노느라 집 안이 우르릉거렸지만 정말 즐겁습니다.",
        "textWordEA": 14
      }
    },
    {
      "srcTextID": "141713",
      "srcText": "2층에는 운동을 즐기는 메뚜기 가족이 살아요. 땀 흘리며 폴짝폴짝 뛰어서 온 집 안이 쾅쾅! “휙휙, 좀 더 높이 뛰어 볼까?” 아래층에 사는 나비가 깜짝 놀라서 소리쳐요.",
      "srcPage": 10,
      "srcSentenceEA": 4,
      "srcWordEA": 28,
      "character": "메뚜기 가족,나비",
      "setting": "2층",
      "action": "살아요,뛰어서,소리쳐요",
      "feeling": null,
      "causalRelationship": null,
      "outcomeResolution": null,
      "prediction": null,
      "plotSummaryInfoCount": 1,
      "plotSummaryInfo": {
        "classification": "의사소통",
        "readAge": "유아",
        "form": "long-form",
        "plotSummaryText": "2층에 운동을 즐기는 메뚜기 가족이 폴짝폴짝 뛰면 온 집안이 쾅쾅거려 아래층 사는 나비가 깜짝 놀라서 소리쳤습니다.",
        "textWordEA": 16
      }
    },
    {
      "srcTextID": "141714",
      "srcText": "“쿵쿵 뛰는 소리, 너무 시끄러워.” 쿵쿵 소리가 너무 커서 머리가 아파. 우아, 멋져! 넌 할 수 있어! 폴짝! 더 높이 뛸 거야!",
      "srcPage": 11,
      "srcSentenceEA": 6,
      "srcWordEA": 27,
      "character": "소리,머리",
      "setting": null,
      "action": "뛰는,뛸 거야",
      "feeling": "아파",
      "causalRelationship": null,
      "outcomeResolution": null,
      "prediction": null,
      "plotSummaryInfoCount": 1,
      "plotSummaryInfo": {
        "classification": "의사소통",
        "readAge": "유아",
        "form": "long-form",
        "plotSummaryText": "쿵쿵 뛰는 소리가 너무 시끄러워 머리가 아팠습니다.",
        "textWordEA": 7
      }
    },
    {
      "srcTextID": "141717",
      "srcText": "꿀벌, 메뚜기, 나비는 두근두근 설레는 마음으로 네 집으로 출발했어요. “어떤 집일까? 정말 궁금해!” 모두 줄을 지어 초대장 안내대로 한참을 갔어요. “와, 저기 큰 가 보여!” 네 집은 어디야? 이 숲길을 지나면 큰 가 있대. 헉헉, 조금만 쉬었다 가자. 다 왔어. 빨리 가자!",
      "srcPage": 14,
      "srcSentenceEA": 10,
      "srcWordEA": 49,
      "character": "꿀벌,메뚜기,나비,초대장",
      "setting": "오소리네집",
      "action": "출발했어요,숲길을 지나면",
      "feeling": null,
      "causalRelationship": null,
      "outcomeResolution": null,
      "prediction": null,
      "plotSummaryInfoCount": 1,
      "plotSummaryInfo": {
        "classification": "의사소통",
        "readAge": "유아",
        "form": "long-form",
        "plotSummaryText": "꿀벌, 메뚜기, 나비는 두근두근 설레는 마음으로 오소리네 집으로 출발했고 모두 줄을 지어 초대장 안내대로 한참을 갔습니다.",
        "textWordEA": 16
      }
    },
    {
      "srcTextID": "141718",
      "srcText": "드디어 큰 앞에 도착했어요. “어? 는 보이지 않고 커다란 엘리베이터 문만 있네?” 가 말했어요. 는 어디 있지? 보셨나요? 여기 문이 있어. 어, 이 문은 뭐지?",
      "srcPage": 15,
      "srcSentenceEA": 7,
      "srcWordEA": 31,
      "character": "엘리베이터,문,나무,오소리",
      "setting": null,
      "action": "도착했어요,말했어요",
      "feeling": null,
      "causalRelationship": null,
      "outcomeResolution": null,
      "prediction": null,
      "plotSummaryInfoCount": 1,
      "plotSummaryInfo": {
        "classification": "의사소통",
        "readAge": "유아",
        "form": "long-form",
        "plotSummaryText": "드디어 큰 나무앞에 도착했는데 오소리는 보이지 않고 커다란 엘리베이터 문만 있었습니다.",
        "textWordEA": 11
      }
    },
    {
      "srcTextID": "141704",
      "srcText": "5층에는 부지런한 대가족이 살지요. 와 번데기들을 돌보고, 온종일 영차, 영차 일해서 온 집 안이 쿵쿵! 쾅쾅! “아, 바쁘다. 바빠!”",
      "srcPage": 2,
      "srcSentenceEA": 5,
      "srcWordEA": 22,
      "character": "대가족,번데기",
      "setting": "5층",
      "action": "돌보고,일해서,살지요",
      "feeling": null,
      "causalRelationship": null,
      "outcomeResolution": null,
      "prediction": null,
      "plotSummaryInfoCount": 1,
      "plotSummaryInfo": {
        "classification": "의사소통",
        "readAge": "유아",
        "form": "long-form",
        "plotSummaryText": "5층에는 부지런한 대가족이 사는데 번데기들을 돌보고 온종일 일해서 온 집안이 쿵쿵 쾅쾅 바쁩니다.",
        "textWordEA": 13
      }
    },
    {
      "srcTextID": "141715",
      "srcText": "우당탕 곤충 아파트는 매일 티격태격 옥신각신! “이대로는 안 되겠어! 좋은 방법이 없을까?” 아파트 주민들은 회의를 열었어요. 하지만 모두 투덜거리기만 했지요. 난 조용한 게 좋아. 노래를 하지 못하면 슬플 것 같아. 우리 싸우지 말자. 우리 모두 행복해졌으면 좋겠어!",
      "srcPage": 12,
      "srcSentenceEA": 9,
      "srcWordEA": 44,
      "character": "아파트 주민",
      "setting": "곤충 아파트",
      "action": "투덜거리기만,회의를 열었어요",
      "feeling": "슬플,행복해졌으면",
      "causalRelationship": null,
      "outcomeResolution": null,
      "prediction": null,
      "plotSummaryInfoCount": 1,
      "plotSummaryInfo": {
        "classification": "의사소통",
        "readAge": "유아",
        "form": "long-form",
        "plotSummaryText": "우당탕 곤충 아파트가 매일 티격태격 옥신각신하자 좋은 방법이 없을지 아파트 주민들은 회의를 열었지만 모두 투덜거리기만 했습니다.",
        "textWordEA": 16
      }
    },
    {
      "srcTextID": "141720",
      "srcText": "메뚜기가 버튼을 누르니 문이 쓱 열렸어요. 모두들 엘리베이터를 타고 땅속으로 스르르. 띵! 문이 열리자 가 반겨 주었어요. “마음대로 집에 온 걸 환영해!”",
      "srcPage": 16,
      "srcSentenceEA": 5,
      "srcWordEA": 25,
      "character": "메뚜기,버튼,문,엘리베이터,오소리",
      "setting": null,
      "action": "타고",
      "feeling": "반겨",
      "causalRelationship": null,
      "outcomeResolution": null,
      "prediction": null,
      "plotSummaryInfoCount": 1,
      "plotSummaryInfo": {
        "classification": "의사소통",
        "readAge": "유아",
        "form": "long-form",
        "plotSummaryText": "메뚜기가 버튼을 누르니 문이 쓱 열렸고 모두들 엘리베이터를 타고 땅속으로 내려가 문이 열리자 오소리가 반겨 주었습니다.",
        "textWordEA": 16
      }
    },
    {
      "srcTextID": "141709",
      "srcText": "아래층에 사는 꿀벌이 귀를 꽉 막고 소리쳐요. “우르릉 크게 떠드는 소리. 너무 시끄러워.”",
      "srcPage": 7,
      "srcSentenceEA": 3,
      "srcWordEA": 14,
      "character": "꿀벌,귀",
      "setting": "아래층",
      "action": "소리쳐요,떠드는",
      "feeling": null,
      "causalRelationship": null,
      "outcomeResolution": null,
      "prediction": null,
      "plotSummaryInfoCount": 1,
      "plotSummaryInfo": {
        "classification": "의사소통",
        "readAge": "유아",
        "form": "short-form",
        "plotSummaryText": "아래층에 사는 꿀벌이 귀를 꽉 막고 우르릉 크게 떠드는 소리가 너무 시끄럽다 소리칩니다.",
        "textWordEA": 13
      }
    },
    {
      "srcTextID": "141716",
      "srcText": "와, 어떤 집일까? 마음대로 뛰어도 된다고? 어떻게 그럴 수 있지? 그러던 어느 날 아파트 우편함에 가 보낸 커다란 초대장이 왔어요. “어? 이게 뭐지?” 소식을 들은 곤충들이 모두 모였어요. “우아! 네 마음대로 집에서는 신나게 놀아도 된대. 우리 같이 가 보자!” 신나게 놀 수 있다고? 꿀벌, 메뚜기, 나비에게 내가 사는 집은 아래층이 없어서 신나게 놀아도 되는 곳이야.",
      "srcPage": 13,
      "srcSentenceEA": 10,
      "srcWordEA": 64,
      "character": "꿀벌,메뚜기,나비,곤충",
      "setting": null,
      "action": "뛰어도,모였어요",
      "feeling": null,
      "causalRelationship": null,
      "outcomeResolution": null,
      "prediction": null,
      "plotSummaryInfoCount": 1,
      "plotSummaryInfo": {
        "classification": "의사소통",
        "readAge": "유아",
        "form": "long-form",
        "plotSummaryText": "그러던 어느 날 아파트 우편함에 커다란 초대장이 와 곤충들이 모두 모였고, 꿀벌, 메뚜기, 나비에게 내가 사는 집은 아래층이 없어서 신나게 놀아도 되는 곳이라고 했습니다.",
        "textWordEA": 24
      }
    },
    {
      "srcTextID": "141703",
      "srcText": "우당탕 곤충 아파트에는 , , 꿀벌, 메뚜기, 나비가 옹기종기 모여 살아요. 바쁘다, 바빠. 쿵쾅쿵쾅. 랄랄라 왕왕. 룰루랄라 휭휭. 오늘도 시끄럽네.",
      "srcPage": 1,
      "srcSentenceEA": 6,
      "srcWordEA": 25,
      "character": "개미,매미,꿀벌,메뚜기,나비",
      "setting": "곤충 아파트",
      "action": "모여 살아요",
      "feeling": null,
      "causalRelationship": null,
      "outcomeResolution": null,
      "prediction": null,
      "plotSummaryInfoCount": 1,
      "plotSummaryInfo": {
        "classification": "의사소통",
        "readAge": "유아",
        "form": "long-form",
        "plotSummaryText": "우당탕 곤충 아파트에는 개미, 매미, 꿀벌, 메뚜기, 나비가 옹기종기 모여 살았습니다.",
        "textWordEA": 11
      }
    },
    {
      "srcTextID": "141711",
      "srcText": " 아래층에 사는 메뚜기가 벌떡 일어나서 소리쳐요. “휭휭 춤추는 소리, 너무 시끄러워.” 3층에는 춤을 좋아하는 꿀벌 가족이 살아요. 와 함께 붕붕 신나게 춤을 추면 온 집 안이 들썩들썩!",
      "srcPage": 8,
      "srcSentenceEA": 4,
      "srcWordEA": 30,
      "character": "메뚜기,꿀벌 가족",
      "setting": "아래층,3층",
      "action": "소리쳐요,춤을 추면",
      "feeling": null,
      "causalRelationship": null,
      "outcomeResolution": null,
      "prediction": null,
      "plotSummaryInfoCount": 1,
      "plotSummaryInfo": {
        "classification": "의사소통",
        "readAge": "유아",
        "form": "long-form",
        "plotSummaryText": "아래층에 사는 메뚜기가 벌떡 일어나서 춤추는 소리가 너무 시끄럽다 소리쳤고, 3층에는 춤을 좋아하는 꿀벌 가족이 신나게 춤을 추면 온 집 안이 들썩들썩 합니다.",
        "textWordEA": 23
      }
    },
    {
      "srcTextID": "141712",
      "srcText": "“으아, 신난다!” 춤추는 소리 때문에 어질어질해. 오늘은 윙윙 춤추자! 야, 우리 춤을 잘 봐! 흔 들 흔 들 움직이기! 잘 보고 따라 해 봐. 우리도 춤출 때 가장 신나!",
      "srcPage": 9,
      "srcSentenceEA": 7,
      "srcWordEA": 35,
      "character": "소리",
      "setting": "오늘",
      "action": "춤추는,움직이기,보고",
      "feeling": "신난다",
      "causalRelationship": null,
      "outcomeResolution": null,
      "prediction": null,
      "plotSummaryInfoCount": 1,
      "plotSummaryInfo": {
        "classification": "의사소통",
        "readAge": "유아",
        "form": "long-form",
        "plotSummaryText": "춤추는 소리 때문에 어질어질했지만 흔들흔들 춤출 때가 가장 신났습니다.",
        "textWordEA": 9
      }
    }
  ]
}