{
  "title": "포리포리 퐁퐁퐁",
  "author": "최지혜",
  "illustrator": "김효주",
  "isbn": "9791193449103",
  "publishedYear": 2023,
  "publisher": "아람북스",
  "paragraphInfoCount": 17,
  "paragraphInfo": [
    {
      "srcTextID": "141959",
      "srcText": "알콩달콩 동화 마을에는 무엇이든지 가게가 있어요. 신기한 마법 주문으로 물건을 만들어 주는 곳이지요. 포포는 항상 마법 주문을 배우고 싶었어요.",
      "srcPage": 1,
      "srcSentenceEA": 3,
      "srcWordEA": 21,
      "character": "포포,물건",
      "setting": "동화 마을,가게",
      "action": "마법 주문으로,만들어 주는,배우고 싶었어요",
      "feeling": null,
      "causalRelationship": null,
      "outcomeResolution": null,
      "prediction": null,
      "plotSummaryInfoCount": 1,
      "plotSummaryInfo": {
        "classification": "의사소통",
        "readAge": "유아",
        "form": "short-form",
        "plotSummaryText": "알콩달콩 동화 마을에는 무엇이든지 가게가 있는데 신기한 마법 주문으로 물건을 만들어 주는 곳으로 포포는 항상 마법 주문을 배우고 싶었습니다.",
        "textWordEA": 19
      }
    },
    {
      "srcTextID": "141958",
      "srcText": "그리고 드디어 오늘, 할머니에게 마법 주문을 배우게 되었어요. 하지만 생각보다 어려웠지요. 포도를 만들고 싶으면 포크의 포 도넛의 도 합쳐서 포리포리 퐁퐁퐁! 포도를 만들 때는, 포크의 포 도넛의 도? 어려워요.",
      "srcPage": 2,
      "srcSentenceEA": 5,
      "srcWordEA": 33,
      "character": "할머니,포도,포크",
      "setting": "오늘",
      "action": "배우게 되었어요,어려웠지요",
      "feeling": null,
      "causalRelationship": null,
      "outcomeResolution": null,
      "prediction": null,
      "plotSummaryInfoCount": 1,
      "plotSummaryInfo": {
        "classification": "의사소통",
        "readAge": "유아",
        "form": "long-form",
        "plotSummaryText": "드디어 오늘, 할머니에게 포도를 만들고 싶으면 포크의 포 도넛의 도를 합쳐서 포리포리 퐁퐁퐁하고 마법 주문을 하라고 배웠는데 어려웠습니다.",
        "textWordEA": 18
      }
    },
    {
      "srcTextID": "141966",
      "srcText": "강낭콩의 강 아기의 아 지렁이의 지 합쳐서 포리포리 퐁퐁퐁! 주문을 마치자마자 펑! 강아지가 나타나 헨젤의 품에 쏙 안겼어요.",
      "srcPage": 10,
      "srcSentenceEA": 3,
      "srcWordEA": 20,
      "character": "강낭콩,아기,지렁이,강아지,헨젤",
      "setting": null,
      "action": "강아지가 나타나,품에 쏙 안겼어요",
      "feeling": null,
      "causalRelationship": null,
      "outcomeResolution": null,
      "prediction": null,
      "plotSummaryInfoCount": 1,
      "plotSummaryInfo": {
        "classification": "의사소통",
        "readAge": "유아",
        "form": "short-form",
        "plotSummaryText": "강낭콩의 강과 아기의 아와 지렁이의 지를 합쳐서 주문을 마치자마자 강아지가 나타나 헨젤의 품에 쏙 안겼습니다.",
        "textWordEA": 15
      }
    },
    {
      "srcTextID": "141960",
      "srcText": "마법을 배운 뒤, 첫 손님으로 신데렐라가 왔어요. “결혼식 때 입을 반짝반짝 치마가 필요해요.” 포포는 설레는 마음으로 마법 주문을 외쳤어요.",
      "srcPage": 3,
      "srcSentenceEA": 3,
      "srcWordEA": 20,
      "character": "손님,신데렐라,치마,포포",
      "setting": null,
      "action": "왔어요,필요해요,외쳤어요",
      "feeling": "설레는",
      "causalRelationship": null,
      "outcomeResolution": null,
      "prediction": null,
      "plotSummaryInfoCount": 1,
      "plotSummaryInfo": {
        "classification": "의사소통",
        "readAge": "유아",
        "form": "short-form",
        "plotSummaryText": "마법을 배운 뒤, 첫 손님으로 신데렐라가 왔는데 결혼식 때 입을 치마가 필요하다고 하자 포포는 마법 주문을 외쳤습니다.",
        "textWordEA": 17
      }
    },
    {
      "srcTextID": "141961",
      "srcText": "어? 뭐가 잘못된 걸까요? 반짝반짝 치마는 보이지 않고 더러운 잠옷이 나왔어요. 음, 고슴도치의 도 하마의 마 합쳐서 포리포리 퐁퐁퐁! 펑 앗, 이게 어떻게 된 거죠? 어머, 죄송해요.",
      "srcPage": 4,
      "srcSentenceEA": 5,
      "srcWordEA": 32,
      "character": "치마,잠옷,고슴도치,하마",
      "setting": null,
      "action": "잠옷이 나왔어요",
      "feeling": "죄송해요",
      "causalRelationship": null,
      "outcomeResolution": null,
      "prediction": null,
      "plotSummaryInfoCount": 1,
      "plotSummaryInfo": {
        "classification": "의사소통",
        "readAge": "유아",
        "form": "long-form",
        "plotSummaryText": "고슴도치의 도 하마의 마를 합쳐서 주문을 외치자 치마는 보이지 않고 더러운 잠옷이 나왔는데 잘못되어 죄송하다고 했습니다.",
        "textWordEA": 16
      }
    },
    {
      "srcTextID": "141971",
      "srcText": "한숨을 돌리려는데 피노키오가 들어왔어요. “꽃밭에서 나비와 함께 놀고 싶어요.” “하하, 그런 것쯤이야.” 포포는 자신만만하게 주문을 외쳤어요. 이건 어때? 너무 쪼그마해요. 이건 너무 못생겼어요. 더 멋진 나비를 만들어 달라고요! 멋진 나비로 부탁해요.",
      "srcPage": 13,
      "srcSentenceEA": 9,
      "srcWordEA": 37,
      "character": "피노키오,나비,포포",
      "setting": "꽃밭",
      "action": "한숨을 돌리려는데,들어왔어요,놀고 싶어요,외쳤어요,부탁해요",
      "feeling": null,
      "causalRelationship": null,
      "outcomeResolution": null,
      "prediction": null,
      "plotSummaryInfoCount": 1,
      "plotSummaryInfo": {
        "classification": "의사소통",
        "readAge": "유아",
        "form": "long-form",
        "plotSummaryText": "피노키오가 들어와서 꽃밭에서 나비와 함께 놀고 싶다고 하자 포포는 주문을 외쳤는데 너무  쪼그맣고 이건 너무 못생겼다면서 더 멋진 나비를 만들어 달라고 부탁했습니다.",
        "textWordEA": 23
      }
    },
    {
      "srcTextID": "141973",
      "srcText": "“이제 거짓말은 하지 않을게. 미안해.” 피노키오는 욕심을 부리지 않기로 다짐했어요. 그러자 피노키오의 코가 다시 짧아졌어요. 포포와 피노키오는 창문을 활짝 열었어요. “나비들아, 넓은 곳에서 자유롭게 날아다니렴.” 나비들아, 잘 가. 이제 욕심부리지 않을게.",
      "srcPage": 16,
      "srcSentenceEA": 8,
      "srcWordEA": 37,
      "character": "피노키오,코,포포,창문,나비",
      "setting": null,
      "action": "다짐했어요,짧아졌어요,활짝 열었어요,욕심부리지 않을게",
      "feeling": "미안해",
      "causalRelationship": null,
      "outcomeResolution": null,
      "prediction": null,
      "plotSummaryInfoCount": 1,
      "plotSummaryInfo": {
        "classification": "의사소통",
        "readAge": "유아",
        "form": "long-form",
        "plotSummaryText": "피노키오가 욕심을 부리지 않기로 다짐하자 피노키오의 코가 다시 짧아졌고, 포포와 피노키오는 창문을 활짝 열고 나비들에게 넓은 곳에서 자유롭게 날아다니라고 보내줬습니다.",
        "textWordEA": 20
      }
    },
    {
      "srcTextID": "141963",
      "srcText": "포포는 매일 마법 주문을 연습하고 또 연습했어요. 고슴도치의 치. 하마의 마. 합쳐서 포리포리 퐁퐁퐁!",
      "srcPage": 6,
      "srcSentenceEA": 4,
      "srcWordEA": 17,
      "character": "포포,고슴도치,하마",
      "setting": "매일",
      "action": "연습하고",
      "feeling": null,
      "causalRelationship": null,
      "outcomeResolution": null,
      "prediction": null,
      "plotSummaryInfoCount": 1,
      "plotSummaryInfo": {
        "classification": "의사소통",
        "readAge": "유아",
        "form": "long-form",
        "plotSummaryText": "포포는 매일 마법 주문을 연습했고 고슴도치의 치와 하마의 마를 합쳐서 포리포리 퐁퐁퐁하고 주문을 외쳤습니다.",
        "textWordEA": 14
      }
    },
    {
      "srcTextID": "141965",
      "srcText": "며칠 뒤, 아기 돼지 삼 형제가 찾아왔어요. “새로 지은 집에서 오리를 키우고 싶어요.” 포포는 찬찬히 마법 주문을 외쳤어요.",
      "srcPage": 7,
      "srcSentenceEA": 3,
      "srcWordEA": 19,
      "character": "아기 돼지 삼 형제,오리,포포",
      "setting": "며칠 뒤",
      "action": "찾아왔어요,키우고 싶어요,외쳤어요",
      "feeling": null,
      "causalRelationship": null,
      "outcomeResolution": null,
      "prediction": null,
      "plotSummaryInfoCount": 1,
      "plotSummaryInfo": {
        "classification": "의사소통",
        "readAge": "유아",
        "form": "short-form",
        "plotSummaryText": "며칠 뒤, 아기 돼지 삼 형제가 찾아왔는데 새로 지은 집에서 오리를 키우고 싶다고 해서 포포는 마법 주문을 외쳤습니다.",
        "textWordEA": 18
      }
    },
    {
      "srcTextID": "141964",
      "srcText": "그러자 펑! 아기 오리 세 마리가 나타났어요. 싱글벙글하는 아기 돼지들을 보니 포포도 기분이 무척 좋았어요. 야, 이번엔 성공이야.",
      "srcPage": 8,
      "srcSentenceEA": 4,
      "srcWordEA": 21,
      "character": "아기 오리,아기 돼지,포포",
      "setting": null,
      "action": "나타났어요,싱글벙글하는,아기 돼지들을 보니",
      "feeling": "기분이 무척 좋았어요",
      "causalRelationship": null,
      "outcomeResolution": null,
      "prediction": null,
      "plotSummaryInfoCount": 1,
      "plotSummaryInfo": {
        "classification": "의사소통",
        "readAge": "유아",
        "form": "long-form",
        "plotSummaryText": "아기 오리 세 마리가 나타났고 싱글벙글하는 아기 돼지들을 보니 포포도 이번엔 성공이라면서 기분이 무척 좋았습니다.",
        "textWordEA": 15
      }
    },
    {
      "srcTextID": "141967",
      "srcText": "다음 날, 헨젤과 그레텔이 울면서 들어왔어요. “잃어버린 강아지를 찾아 주세요.” 포포는 거침없이 마법 주문을 척척 외쳤어요.",
      "srcPage": 9,
      "srcSentenceEA": 3,
      "srcWordEA": 17,
      "character": "헨젤,그레텔,강아지,포포",
      "setting": "다음 날",
      "action": "울면서,들어왔어요,외쳤어요",
      "feeling": null,
      "causalRelationship": null,
      "outcomeResolution": null,
      "prediction": "포포는 거침없이 마법 주문을 척척 외쳤어요.",
      "plotSummaryInfoCount": 1,
      "plotSummaryInfo": {
        "classification": "의사소통",
        "readAge": "유아",
        "form": "short-form",
        "plotSummaryText": "다음 날, 헨젤과 그레텔이 울면서 잃어버린 강아지를 찾아 달라고 하자 포포는 거침없이 마법 주문을 척척 외쳤습니다.",
        "textWordEA": 16
      }
    },
    {
      "srcTextID": "141969",
      "srcText": "쫄깃쫄깃 오징어도 만들어 줄 수 있나요?” 이번엔 성냥팔이 소녀가 부탁했어요. 포포는 멋지게 마법 주문에 성공했지요. 오이의 오 징의 징 어묵의 어 합쳐서 포리포리 퐁퐁퐁!",
      "srcPage": 11,
      "srcSentenceEA": 4,
      "srcWordEA": 27,
      "character": "오징어,성냥팔이 소녀,포포,오이,징,어묵",
      "setting": null,
      "action": "부탁했어요,성공했지요",
      "feeling": null,
      "causalRelationship": null,
      "outcomeResolution": null,
      "prediction": null,
      "plotSummaryInfoCount": 1,
      "plotSummaryInfo": {
        "classification": "의사소통",
        "readAge": "유아",
        "form": "long-form",
        "plotSummaryText": "오징어도 만들어 줄 수 있냐고 성냥팔이 소녀가 부탁했고 포포는 오이의 오와 징의 징과 어묵의 어를 합쳐서 주문을 외쳤고, 마법 주문에 성공했습니다.",
        "textWordEA": 21
      }
    },
    {
      "srcTextID": "141968",
      "srcText": "브레멘 음악대는 알파카를 만나고 싶대요. 포포는 막힘없이 마법 주문을 외웠어요. 이번에도 멋지게 성공했지요. 알의 알 파인애플의 파 카메라의 카 합쳐서 포리포리 퐁퐁퐁!",
      "srcPage": 12,
      "srcSentenceEA": 4,
      "srcWordEA": 25,
      "character": "브레멘 음악대,알파카,포포,알,파인애플,카메라",
      "setting": null,
      "action": "만나고 싶대요,외웠어요,성공했지요",
      "feeling": null,
      "causalRelationship": null,
      "outcomeResolution": null,
      "prediction": null,
      "plotSummaryInfoCount": 1,
      "plotSummaryInfo": {
        "classification": "의사소통",
        "readAge": "유아",
        "form": "long-form",
        "plotSummaryText": "브레멘 음악대가 알파카를 만나고 싶다고 하자 포포는 알의 알과 파인애플의 파와 카메라의 카를 합쳐서 성공적으로 마법 주문을 외쳤습니다.",
        "textWordEA": 18
      }
    },
    {
      "srcTextID": "141970",
      "srcText": "그런데 피노키오는 나비가 마음에 들지 않나 봐요. 계속 다른 나비를 만들어 달라고 떼를 쓰네요. 나무의 나 비행기의 비 합쳐서 포리포리 퐁퐁퐁!",
      "srcPage": 14,
      "srcSentenceEA": 3,
      "srcWordEA": 23,
      "character": "피노키오,나비,나무,비행기",
      "setting": null,
      "action": "마음에 들지 않나 봐요,떼를 쓰네요",
      "feeling": null,
      "causalRelationship": null,
      "outcomeResolution": null,
      "prediction": null,
      "plotSummaryInfoCount": 1,
      "plotSummaryInfo": {
        "classification": "의사소통",
        "readAge": "유아",
        "form": "short-form",
        "plotSummaryText": "피노키오는 나비가 마음에 들지 않아 계속 다른 나비를 만들어 달라고 떼를 쓰고, 나무의 나와 비행기의 비를 합쳐서 주문을 외쳤습니다.",
        "textWordEA": 19
      }
    },
    {
      "srcTextID": "141972",
      "srcText": "어느새 방 안은 나비로 가득 찼어요. 피노키오의 코까지 길어져 꼼짝할 수 없었지요. 사실 피노키오는 거짓말을 하면 코가 길어져요. “많은 나비들이랑 놀고 싶었는데.” 흑, 나비가 마음에 안 든다는 건 거짓말이었어. 그래서 코가 길어졌구나. ",
      "srcPage": 15,
      "srcSentenceEA": 6,
      "srcWordEA": 36,
      "character": "나비,피노키오",
      "setting": "방 안",
      "action": "가득 찼어요,코까지 길어져,꼼짝할 수 없었지요,거짓말을 하면,코가 길어져요",
      "feeling": null,
      "causalRelationship": "나비가 마음에 안 든다는 건 거짓말이었어. 그래서 코가 길어졌구나.",
      "outcomeResolution": null,
      "prediction": null,
      "plotSummaryInfoCount": 1,
      "plotSummaryInfo": {
        "classification": "의사소통",
        "readAge": "유아",
        "form": "long-form",
        "plotSummaryText": "어느새 방 안은 나비로 가득 찼고 피노키오는 나비가 마음에 안 든다는 거짓말을 계속해서 코가 길어졌습니다.",
        "textWordEA": 15
      }
    },
    {
      "srcTextID": "141962",
      "srcText": "“이런 실수를 하다니.” 포포는 기운이 쭉 빠졌어요. 할머니는 다시 차근차근 주문하는 방법을 알려 주었어요.",
      "srcPage": 5,
      "srcSentenceEA": 3,
      "srcWordEA": 16,
      "character": "포포,할머니",
      "setting": null,
      "action": "실수를 하다니,쭉 빠졌어요,알려 주었어요",
      "feeling": null,
      "causalRelationship": null,
      "outcomeResolution": null,
      "prediction": null,
      "plotSummaryInfoCount": 1,
      "plotSummaryInfo": {
        "classification": "의사소통",
        "readAge": "유아",
        "form": "short-form",
        "plotSummaryText": "포포는 실수해서 기운이 쭉 빠졌고 할머니는 다시 차근차근 주문하는 방법을 알려 주었습니다.",
        "textWordEA": 12
      }
    },
    {
      "srcTextID": "141974",
      "srcText": "며칠이 지나고, 동화 마을 친구들이 무엇이든지 가게 앞에 길게 줄을 섰어요. “나비를 백 마리도 넘게 만든 마법사 집이 바로 여기래.” 오늘은 포포가 또 어떤 마법에 성공할까요? 유명한 마법사니까 내 소원도 들어주겠지? 내가 많이 유명해졌나 봐.",
      "srcPage": 17,
      "srcSentenceEA": 5,
      "srcWordEA": 38,
      "character": "친구들,나비,마법사,포포",
      "setting": "동화 마을,무엇이든지 가게,오늘",
      "action": "길게 줄을 섰어요",
      "feeling": null,
      "causalRelationship": null,
      "outcomeResolution": null,
      "prediction": null,
      "plotSummaryInfoCount": 1,
      "plotSummaryInfo": {
        "classification": "의사소통",
        "readAge": "유아",
        "form": "long-form",
        "plotSummaryText": "동화 마을 친구들이 무엇이든지 가게 앞에 나비를 백 마리도 넘게 만든 마법사 집이라면서 길게 줄을 섰고, 포포는 유명한 마법사니까 내 소원도 들어줄거라고 생각했습니다.",
        "textWordEA": 23
      }
    }
  ]
}