{
  "title": "숲 속으로 떠나는 음악 여행",
  "author": "이김천",
  "illustrator": "이김천",
  "isbn": "9788961915632",
  "publishedYear": 2011,
  "publisher": "한얼교육",
  "paragraphInfoCount": 16,
  "paragraphInfo": [
    {
      "srcTextID": "144554",
      "srcText": "땅속에서 고개를 쏙 내민 여린 싹들은 크기가 제각각이에요. ‘딩동딩동’ 실로폰 소리처럼 경쾌함이 느껴져요. 형형색색 아름다운 들꽃은 수줍은 듯 조금씩 몸을 흔들어요. ‘삐리리~ 삐리리~’ 가늘고 고운 플루트의 소리처럼 들려요.",
      "srcPage": 3,
      "srcSentenceEA": 7,
      "srcWordEA": 34,
      "character": "여린 싹들,들꽃,플루트,실로폰",
      "setting": "땅속에서",
      "action": "내민,흔들어요",
      "feeling": null,
      "causalRelationship": null,
      "outcomeResolution": null,
      "prediction": null,
      "plotSummaryInfoCount": 1,
      "plotSummaryInfo": {
        "classification": "의사소통",
        "readAge": "유아",
        "form": "long-form",
        "plotSummaryText": "땅속에서 고개를 쏙 내민 여린 싹들은 크기가 제각각인데 실로폰 소리처럼 경쾌함이 느껴지고 조금씩 몸을 흔들어 가늘고 고운 플루트의 소리처럼 들립니다.",
        "textWordEA": 20
      }
    },
    {
      "srcTextID": "144541",
      "srcText": "솔솔 상쾌한 바람이 부는 기분 좋은 여름날, 푸른 숲 속에 귀를 대고 가만히 들어 보세요. 아름다운 음악 소리가 들려오지 않나요? 자, 그럼 우리 함께 숲 속으로 음악 여행을 떠나요.",
      "srcPage": 1,
      "srcSentenceEA": 3,
      "srcWordEA": 31,
      "character": "우리",
      "setting": "숲 속,여름날",
      "action": "귀를 대고,떠나요,여행을 떠나요",
      "feeling": "상쾌한,기분 좋은",
      "causalRelationship": null,
      "outcomeResolution": null,
      "prediction": null,
      "plotSummaryInfoCount": 1,
      "plotSummaryInfo": {
        "classification": "의사소통",
        "readAge": "유아",
        "form": "short-form",
        "plotSummaryText": "솔솔 상쾌한 바람이 부는 기분 좋은 여름날, 푸른 숲 속에 귀를 대면 아름다운 음악 소리가 들려오는 것 같은데 우리 함께 숲 속으로 음악 여행을 떠납시다.",
        "textWordEA": 25
      }
    },
    {
      "srcTextID": "144714",
      "srcText": "물 소리. 새 소리. 풀벌레 소리. 꽃망울 터지는 소리. 나뭇잎 바스락거리는 소리……. 숲에서 나는 온갖 소리들이 어우러져 내 마음속에 숲의 교향곡을 들려줘요.",
      "srcPage": 9,
      "srcSentenceEA": 6,
      "srcWordEA": 27,
      "character": "새,풀벌레,꽃망울,나뭇잎",
      "setting": "숲",
      "action": "터지는,바스락거리는,들려줘요",
      "feeling": null,
      "causalRelationship": null,
      "outcomeResolution": null,
      "prediction": null,
      "plotSummaryInfoCount": 1,
      "plotSummaryInfo": {
        "classification": "의사소통",
        "readAge": "유아",
        "form": "long-form",
        "plotSummaryText": "물소리, 새 소리, 풀벌레 소리, 꽃망울 터지는 소리, 나뭇잎 바스락거리는 소리는 숲에서 나는 온갖 소리가 어우러져 내 마음속에 숲의 교향곡을 들려줍니다.",
        "textWordEA": 21
      }
    },
    {
      "srcTextID": "144600",
      "srcText": "세찬 바람이 불어와요. 나뭇잎도, 꽃들도 바람의 흐름을 따라 더 큰 소리로 신나게 연주하네요. 휘이잉~  차츰 바람이 멈추고 숲은 잠시 고요해지더니 둥근달이 떠올라 숲을 비추어요. 은은한 달빛을 받은 숲은 잔잔한 선율로 첼로를 연주해요.",
      "srcPage": 6,
      "srcSentenceEA": 5,
      "srcWordEA": 37,
      "character": "나뭇잎,꽃들,첼로,둥근달",
      "setting": "숲",
      "action": "연주하네요,비추어요,연주해요",
      "feeling": null,
      "causalRelationship": null,
      "outcomeResolution": null,
      "prediction": null,
      "plotSummaryInfoCount": 1,
      "plotSummaryInfo": {
        "classification": "의사소통",
        "readAge": "유아",
        "form": "long-form",
        "plotSummaryText": "세찬 바람이 불어 나뭇잎도, 꽃들도 바람의 흐름을 따라 더 큰 소리로 신나게 연주하는데  차츰 바람이 잦아들고 고요해지더니 둥근달이 떠올라 숲을 비추고 달빛을 받은 숲은 잔잔한 선율로 첼로 연주를 합니다.",
        "textWordEA": 30
      }
    },
    {
      "srcTextID": "144713",
      "srcText": "마음을 열고 귀를 기울이면 주변의 모든 소리를 들을 수 있어요. 이를 바탕으로 하여 여러분이 느끼는 대로 음악을 만들면, 그것이 바로 여러분만의 음악 철학이 되는 거예요. 진달래, 장미, 개나리, 무궁화, 봉숭아, 나팔꽃, 튤립 등 꽃들은 저마다 다른 느낌을 가지고 있어요.",
      "srcPage": 14,
      "srcSentenceEA": 3,
      "srcWordEA": 41,
      "character": "진달래,장미,개나리,무궁화,봉숭아,나팔꽃,튤립,꽃들",
      "setting": null,
      "action": "만들면,마음을 열고,귀를 기울이면",
      "feeling": "저마다 다른 느낌을 가지고 있어요",
      "causalRelationship": null,
      "outcomeResolution": null,
      "prediction": null,
      "plotSummaryInfoCount": 1,
      "plotSummaryInfo": {
        "classification": "의사소통",
        "readAge": "유아",
        "form": "short-form",
        "plotSummaryText": "마음을 열고 귀를 기울이면 주변의 모든 소리를 들을 수 있고 이를 바탕으로 여러분이 느끼는 대로 음악을 만들면, 그것이 바로 여러분만의 음악 철학이 됩니다.",
        "textWordEA": 23
      }
    },
    {
      "srcTextID": "144712",
      "srcText": "마음을 열고 귀를 기울이면 솔솔 부는 바람 소리도. 졸졸졸 흐르는 물소리도 음악 소리가 되고. 하늘거리는 꽃들의 모습에서도 아름다운 음악을 느낄 수 있습니다.",
      "srcPage": 11,
      "srcSentenceEA": 3,
      "srcWordEA": 24,
      "character": "꽃들,귀,물",
      "setting": null,
      "action": "기울이면,하늘거리는,열고",
      "feeling": "아름다운 음악을 느낄 수 있습니다",
      "causalRelationship": null,
      "outcomeResolution": null,
      "prediction": null,
      "plotSummaryInfoCount": 1,
      "plotSummaryInfo": {
        "classification": "의사소통",
        "readAge": "유아",
        "form": "short-form",
        "plotSummaryText": "마음을 열고 귀를 기울이면 솔솔 부는 바람 소리, 졸졸졸 흐르는 물소리, 하늘거리는 꽃들의 모습에서도 아름다운 음악을 느낄 수 있습니다.",
        "textWordEA": 19
      }
    },
    {
      "srcTextID": "144717",
      "srcText": "음악, 미술, 문학 작품 등 모든 예술은 결국 사람의 생각 속에서 나오기 때문에, 아무 생각 없이 악보대로만 연주한다고 되는 것은 아니랍니다. 연주가는 그 곡을 만든 사람의 마음을 헤아리고, 자신의 느낌을 살려서 연주해야만 진정한 음악을 전달할 수 있답니다. 이런 의미에서 볼 때 음악은 마음속 깊이 생각을 하여 나오는 철학이라고 할 수 있습니다.",
      "srcPage": 12,
      "srcSentenceEA": 3,
      "srcWordEA": 53,
      "character": "사람,악보,연주가",
      "setting": null,
      "action": "연주해야만,만든,마음을 헤아리고,전달할",
      "feeling": null,
      "causalRelationship": "음악,미술,문학 작품 등 모든 예술은 결국 사람의 생각 속에서 나오기 때문에,아무 생각 없이 악보대로만 연주한다고 되는 것은 아니랍니다.",
      "outcomeResolution": null,
      "prediction": null,
      "plotSummaryInfoCount": 1,
      "plotSummaryInfo": {
        "classification": "의사소통",
        "readAge": "유아",
        "form": "short-form",
        "plotSummaryText": "모든 예술은 사람의 생각 속에서 나오기 때문에, 연주가는 그 곡을 만든 사람의 마음을 헤아리고 자신의 느낌을 살려서 연주해야만 진정한 음악을 전달할 수 있고, 이런 의미에서 음악은 마음속 깊이 생각을 하여 나오는 철학이라고 할 수 있습니다.",
        "textWordEA": 35
      }
    },
    {
      "srcTextID": "144548",
      "srcText": "구불구불 산길을 걸으니 아름다운 음악의 선율이 느껴져요. 삐죽삐죽 나뭇가지에 달린 작은 잎들은 ‘통통통’ 리듬을 타는 작은북처럼 빠르게 움직여요. 팔랑팔랑 바람에 흔들리는 기다란 나뭇잎은 부드러운 몸짓으로 바이올린을 켜네요.",
      "srcPage": 2,
      "srcSentenceEA": 4,
      "srcWordEA": 30,
      "character": "작은 잎들,나뭇잎,바이올린,나뭇가지,작은북",
      "setting": "산길",
      "action": "걸으니,움직여요,흔들리는,켜네요",
      "feeling": "아름다운 음악의 선율이 느껴져요",
      "causalRelationship": null,
      "outcomeResolution": null,
      "prediction": null,
      "plotSummaryInfoCount": 1,
      "plotSummaryInfo": {
        "classification": "의사소통",
        "readAge": "유아",
        "form": "long-form",
        "plotSummaryText": "구불구불 산길을 걸으니 아름다운 음악의 선율이 느껴지는데 나뭇가지에 달린 작은 잎들은 리듬을 타는 작은북처럼 빠르게 움직이고  바람에 흔들리는 기다란 나뭇잎은 부드러운 몸짓으로 바이올린을 켭니다.",
        "textWordEA": 25
      }
    },
    {
      "srcTextID": "144560",
      "srcText": "나비는 알록달록 예쁜 날개를 펄럭이며 세상의 모든 멜로디를 표현하지요. 어머나! 작은 꽃씨들이 날리고 있어요. 꽃을 피우던 날을 생각하면서 추억의 노래를 읊조리는 듯 훨훨 날아가네요.",
      "srcPage": 4,
      "srcSentenceEA": 4,
      "srcWordEA": 27,
      "character": "나비,작은 꽃씨,꽃",
      "setting": null,
      "action": "펄럭이며,날리고,날아가네요,읊조리는 듯 훨훨 날아가네요",
      "feeling": null,
      "causalRelationship": null,
      "outcomeResolution": null,
      "prediction": null,
      "plotSummaryInfoCount": 1,
      "plotSummaryInfo": {
        "classification": "의사소통",
        "readAge": "유아",
        "form": "long-form",
        "plotSummaryText": "나비는 알록달록 예쁜 날개를 펄럭이며 세상의 모든 멜로디를 표현하며 꽃을 피우던 날을 생각하면서, 추억의 노래를 읊조리는 듯 훨훨 날아갑니다.",
        "textWordEA": 19
      }
    },
    {
      "srcTextID": "144619",
      "srcText": "여러 가지 모습의 나뭇잎들이 달빛 속에서 각자의 개성에 맞춰 소리 내기 시작하네요. 삐쭉삐쭉, 둥글둥글. 넓적넓적, 길쭉길쭉. 오밀조밀, 성글성글.",
      "srcPage": 7,
      "srcSentenceEA": 4,
      "srcWordEA": 21,
      "character": "나뭇잎들",
      "setting": "달빛 속에서",
      "action": "소리 내기 시작하네요",
      "feeling": null,
      "causalRelationship": null,
      "outcomeResolution": null,
      "prediction": null,
      "plotSummaryInfoCount": 1,
      "plotSummaryInfo": {
        "classification": "의사소통",
        "readAge": "유아",
        "form": "long-form",
        "plotSummaryText": "여러 가지 모습의 나뭇잎들이 달빛 속에서 각자의 개성에 맞춰 삐쭉삐쭉, 둥글둥글, 넓적넓적, 길쭉길쭉, 오밀조밀, 성글성글 소리내기 시작합니다.",
        "textWordEA": 17
      }
    },
    {
      "srcTextID": "144715",
      "srcText": "반짝반짝 빛나는 별들도 작은 속삭임으로 트라이앵글을 연주해요. 마음의 문을 활짝 열고 들어 보세요. 바람 소리.",
      "srcPage": 8,
      "srcSentenceEA": 3,
      "srcWordEA": 17,
      "character": "트라이앵글,별들",
      "setting": null,
      "action": "연주해요,열고,들어 보세요,활짝 열고",
      "feeling": null,
      "causalRelationship": null,
      "outcomeResolution": null,
      "prediction": null,
      "plotSummaryInfoCount": 1,
      "plotSummaryInfo": {
        "classification": "의사소통",
        "readAge": "유아",
        "form": "short-form",
        "plotSummaryText": "반짝반짝 빛나는 별들도 작은 속삭임으로 트라이앵글을 연주하는데, 마음의 문을 활짝 열고 들어봅시다.",
        "textWordEA": 12
      }
    },
    {
      "srcTextID": "144706",
      "srcText": "단자에는 돌처럼 물질로 된 단자도 있고. 식물이나 동물도 있으며. 인간도 있습니다.",
      "srcPage": 16,
      "srcSentenceEA": 3,
      "srcWordEA": 13,
      "character": "식물,동물,인간,물질,돌",
      "setting": null,
      "action": null,
      "feeling": null,
      "causalRelationship": null,
      "outcomeResolution": "식물이나 동물도 있으며. 인간도 있습니다",
      "prediction": null,
      "plotSummaryInfoCount": 1,
      "plotSummaryInfo": {
        "classification": "의사소통",
        "readAge": "유아",
        "form": "short-form",
        "plotSummaryText": "단자에는 돌처럼 물질로 된 단자와 식물이나 동물, 인간도 있습니다.",
        "textWordEA": 9
      }
    },
    {
      "srcTextID": "144584",
      "srcText": "커다란 고목나무에서는 살아온 세월만큼 깊고 묵직한 소리가 들려와요. 마치 콘트라베이스의 낮은음처럼 말이에요. 언덕에 올라 아래를 내려다보니 층층이, 겹겹이 어우러진 크고 작은 나무들이 서 있네요. 든든한 모습이 마치 음악의 흐름을 잡아 주는 큰북과 심벌즈 같아요.",
      "srcPage": 5,
      "srcSentenceEA": 4,
      "srcWordEA": 37,
      "character": "고목나무,콘트라베이스,나무들,큰북,심벌즈",
      "setting": "언덕",
      "action": "언덕에 올라,아래를 내려다보니,서 있네요",
      "feeling": null,
      "causalRelationship": null,
      "outcomeResolution": null,
      "prediction": null,
      "plotSummaryInfoCount": 1,
      "plotSummaryInfo": {
        "classification": "의사소통",
        "readAge": "유아",
        "form": "long-form",
        "plotSummaryText": "커다란 고목나무에서는 깊고 묵직한 콘트라베이스의 낮은음 같은 소리가 들려오고 언덕에 올라 아래를 내려다보니, 크고 작은 나무들은 마치 음악의 흐름을 잡아 주는 큰북과 심벌즈 같다.",
        "textWordEA": 24
      }
    },
    {
      "srcTextID": "144711",
      "srcText": "마음속에서 우러나오는 음악. 우리는 주변에 있는 모든 것에서 음악을 느낄 수 있습니다. 음악은 바로 사람의 마음속에서 나오기 때문입니다.",
      "srcPage": 10,
      "srcSentenceEA": 3,
      "srcWordEA": 20,
      "character": "우리,사람",
      "setting": null,
      "action": "나오기",
      "feeling": "느낄 수 있습니다",
      "causalRelationship": "우리는 주변에 있는 모든 것에서 음악을 느낄 수 있습니다. 음악은 바로 사람의 마음속에서 나오기 때문입니다.",
      "outcomeResolution": null,
      "prediction": null,
      "plotSummaryInfoCount": 1,
      "plotSummaryInfo": {
        "classification": "의사소통",
        "readAge": "유아",
        "form": "short-form",
        "plotSummaryText": "음악은 바로 사람의 마음속에서 나오기 때문에 우리는 주변에 있는 모든 것에서 음악을 느낄 수 있습니다.",
        "textWordEA": 15
      }
    },
    {
      "srcTextID": "144716",
      "srcText": "생각의 열매 맺기. 나도 숲 속의 지휘자! 마음을 열고 귀를 기울이면 주변의 모든 소리를 들을 수 있어요.",
      "srcPage": 13,
      "srcSentenceEA": 3,
      "srcWordEA": 19,
      "character": "나,지휘자,열매",
      "setting": "숲 속",
      "action": "열고,기울이면,들을 수 있어",
      "feeling": null,
      "causalRelationship": null,
      "outcomeResolution": null,
      "prediction": null,
      "plotSummaryInfoCount": 1,
      "plotSummaryInfo": {
        "classification": "의사소통",
        "readAge": "유아",
        "form": "short-form",
        "plotSummaryText": "나도 숲속의 지휘자, 마음을 열고 귀를 기울이면 주변의 모든 소리를 들을 수 있습니다.",
        "textWordEA": 13
      }
    },
    {
      "srcTextID": "144708",
      "srcText": "라이프니츠. 독일의 철학자 라이프니츠는 힘이 있는 것만 실체라고 생각했으며. 이 세상에는 힘이 있는 실체인 단자들만 존재한다고 주장했습니다. 여기서 단자는 물질이 아니라 정신적인 것을 뜻합니다.",
      "srcPage": 15,
      "srcSentenceEA": 3,
      "srcWordEA": 27,
      "character": "라이프니츠,독일의 철학자",
      "setting": "세상에는",
      "action": "주장했습니다",
      "feeling": "실체라고 생각했으며",
      "causalRelationship": null,
      "outcomeResolution": null,
      "prediction": null,
      "plotSummaryInfoCount": 1,
      "plotSummaryInfo": {
        "classification": "의사소통",
        "readAge": "유아",
        "form": "short-form",
        "plotSummaryText": "독일의 철학자 라이프니츠는 힘이 있는 것만 실체라고 생각했으며, 세상에는 힘이 있는 실체인 단자들만 존재한다고 주장했고 여기서 단자는 물질이 아니라 정신적인 것을 뜻한다.",
        "textWordEA": 22
      }
    }
  ]
}