{
  "title": "지리산 포수 아들",
  "author": "김은경",
  "illustrator": "신은경",
  "isbn": "9791157987658",
  "publishedYear": 2019,
  "publisher": "세이펜북스",
  "paragraphInfoCount": 41,
  "paragraphInfo": [
    {
      "srcTextID": "101243",
      "srcText": "그런데 자꾸 놀림을 받으니, 아이도 더는 참을 수가 없었지. \"제가 왜 호랑이 밥이에요?\" 아이는 몇 날 며칠을 어머니를 졸라댔어.",
      "srcPage": 4,
      "srcSentenceEA": 3,
      "srcWordEA": 20,
      "character": "아이,호랑이 밥,어머니",
      "setting": null,
      "action": "졸라댔어,놀림을 받으니",
      "feeling": "참을 수가 없었지",
      "causalRelationship": null,
      "outcomeResolution": null,
      "prediction": "제가 왜 호랑이 밥이에요?",
      "plotSummaryInfoCount": 1,
      "plotSummaryInfo": {
        "classification": "의사소통",
        "readAge": "유아",
        "form": "short-form",
        "plotSummaryText": "자꾸 놀림을 받아 더는 참을 수가 없었던 아이가 제가 왜 호랑이 밥이냐 물으며 몇 날 며칠을 어머니를 졸라댔습니다.",
        "textWordEA": 18
      }
    },
    {
      "srcTextID": "100184",
      "srcText": "그랬더니 아이들이 너도나도 부러진 낫이며 녹슨 호미 같은 것을 가지고 왔어. 아이는 쇠붙이를 지게 가득 모아 가지고 대장간으로 갔어. \"아저씨, 총 하나 만들어 주세요. 호랑이 잡을 거니까 크고 단단한 걸로요!\"",
      "srcPage": 7,
      "srcSentenceEA": 4,
      "srcWordEA": 32,
      "character": "아이들,낫,아이,아저씨,호미,쇠붙이,지게",
      "setting": "대장간",
      "action": "가지고 왔어,모아 가지고,갔어,만들어 주세요,잡을 거니까",
      "feeling": null,
      "causalRelationship": null,
      "outcomeResolution": null,
      "prediction": null,
      "plotSummaryInfoCount": 1,
      "plotSummaryInfo": {
        "classification": "의사소통",
        "readAge": "유아",
        "form": "long-form",
        "plotSummaryText": "아이들이 너도나도 가져온 낫이며 녹슨 호미 같은 쇠붙이를 지게 가득 모아 대장간으로 가 아저씨에게 호랑이 잡을 거니까 크고 단단한 총 하나 만들어 달라고 했습니다.",
        "textWordEA": 24
      }
    },
    {
      "srcTextID": "100191",
      "srcText": "아무래도 할머니 하는 양이 이상해 뉘시냐고 물었어. \"나는 산신령이란다. 네 효심이 하도 기특해 산삼 밥을 해 놓고 기다리고 있었단다.\" 그때서야 아이도 마음 놓고 한숨 푹 잤어.",
      "srcPage": 16,
      "srcSentenceEA": 4,
      "srcWordEA": 28,
      "character": "할머니,산신령,산삼밥",
      "setting": null,
      "action": "물었어,해 놓고,기다리고 있었단다,한숨 푹 잤어",
      "feeling": "기특해,이상해",
      "causalRelationship": "네 효심이 하도 기특해 산삼밥을 해 놓고 기다리고 있었단다.",
      "outcomeResolution": null,
      "prediction": null,
      "plotSummaryInfoCount": 1,
      "plotSummaryInfo": {
        "classification": "의사소통",
        "readAge": "유아",
        "form": "long-form",
        "plotSummaryText": "아무래도 하는 양이 이상한 할머니에게 뉘시냐고 묻자, 산신령이라며 네 효심이 하도 기특해 산삼 밥을 해 놓고 기다리고 있었다는 말을 듣고서야 아이도 마음 놓여 한숨 푹 잤습니다.",
        "textWordEA": 26
      }
    },
    {
      "srcTextID": "101244",
      "srcText": "아이는 어머니에게 물었어. \"어머니, 애들이 저더러 호랑이 밥이래요. 왜 그러는 거예요?\"",
      "srcPage": 2,
      "srcSentenceEA": 3,
      "srcWordEA": 12,
      "character": "아이,어머니,호랑이 밥",
      "setting": null,
      "action": "물었어,그러는 거예요",
      "feeling": null,
      "causalRelationship": null,
      "outcomeResolution": null,
      "prediction": "애들이 저더러 호랑이 밥이래요.",
      "plotSummaryInfoCount": 1,
      "plotSummaryInfo": {
        "classification": "의사소통",
        "readAge": "유아",
        "form": "short-form",
        "plotSummaryText": "어머니에게 애들이 왜 저더러 호랑이 밥이라 부르냐고 물었습니다.",
        "textWordEA": 8
      }
    },
    {
      "srcTextID": "100183",
      "srcText": "'이놈의 호랑이, 내가 반드시 잡고 말 테다!' 아이는 단단히 마음먹고는 어머니에게 콩 한 말을 볶아 달랬어. 볶은 콩을 가지고 글방에 갔어. \"얘들아, 이 콩 먹고 싶지? 그럼, 쇠붙이 가져와.\"",
      "srcPage": 6,
      "srcSentenceEA": 5,
      "srcWordEA": 32,
      "character": "호랑이,아이,콩 한 말,볶은 콩,쇠붙이",
      "setting": null,
      "action": "갔어,볶아 달랬어,가지고,가져와",
      "feeling": null,
      "causalRelationship": null,
      "outcomeResolution": null,
      "prediction": null,
      "plotSummaryInfoCount": 1,
      "plotSummaryInfo": {
        "classification": "의사소통",
        "readAge": "유아",
        "form": "long-form",
        "plotSummaryText": "이놈의 호랑이 내가 반드시 잡고 말 거라고 단단히 마음먹은 아이가 어머니에게 콩 한 말을 볶아 달래서는 볶은 콩을 가지고 글방에 가 애들에게 이 콩 먹고 싶으면 쇠붙이를 가져오라고 했습니다.",
        "textWordEA": 29
      }
    },
    {
      "srcTextID": "100194",
      "srcText": "\"여기서 더 들어가면 호랑이들만 사는 데가 나올 게야. 거기 호랑이들은 수천 년 묵어 둔갑을 잘한단다. 중도 됐다 나무꾼도 됐다 각시도 됐다 하니까 속지 말고 죄다 쏴 죽여라.\" 아이는 연신 절을 하고는 다시 길을 떠났어.",
      "srcPage": 19,
      "srcSentenceEA": 4,
      "srcWordEA": 37,
      "character": "호랑이,중,아이,나무꾼,각시",
      "setting": "길",
      "action": "떠났어,들어가면,사는,묵어,속지 말고,쏴 죽여라,절을 하고는",
      "feeling": null,
      "causalRelationship": "중도 됐다 나무꾼도 됐다 각시도 됐다 하니까 속지 말고 죄다 쏴 죽여라.",
      "outcomeResolution": null,
      "prediction": null,
      "plotSummaryInfoCount": 1,
      "plotSummaryInfo": {
        "classification": "의사소통",
        "readAge": "유아",
        "form": "long-form",
        "plotSummaryText": "여기서 더 들어가면 수천 년 묵어 둔갑을 잘하는 호랑이들만 사는 데가 나오는데 중이나 나무꾼 그리고 각시도 됐다 하니 속지 말고 죄다 쏴 죽이라는 말에 아이가 연신 절을 하고는 다시 길을 떠났습니다.",
        "textWordEA": 31
      }
    },
    {
      "srcTextID": "100185",
      "srcText": "\"안 된다. 호랑이가 얼마나 무서운 줄 모르느냐. 너까지 잡아먹히면 어미는 어쩌라고....\" 어머니가 아무리 어르고 달래도 도무지 듣지를 않아.",
      "srcPage": 9,
      "srcSentenceEA": 4,
      "srcWordEA": 21,
      "character": "호랑이,어미,어머니",
      "setting": null,
      "action": "듣지를 않아,어르고 달래도,잡아먹히면",
      "feeling": "무서운 줄",
      "causalRelationship": null,
      "outcomeResolution": null,
      "prediction": null,
      "plotSummaryInfoCount": 1,
      "plotSummaryInfo": {
        "classification": "의사소통",
        "readAge": "유아",
        "form": "long-form",
        "plotSummaryText": "어머니가 무서운 호랑이에게 너까지 잡아먹히면 어미는 어찌냐고 말하였지만 아무리 어르고 달래도 도무지 듣지를 않았습니다.",
        "textWordEA": 14
      }
    },
    {
      "srcTextID": "100190",
      "srcText": "이 말을 들은 아이는 십 리 밖 나뭇잎을 한 방에 맞혔어. 그러자 어머니는 또 이렇게 말했어. \"네 아버지는 십 리 밖에서 내가 이고 오는 물동이를 한 방에 맞혀 구멍 내고, 다시 한 방을 더 쏘아 그 구멍을 막는 재주가 있었단다. 그런데도 호랑이 밥이 되었어.\"",
      "srcPage": 11,
      "srcSentenceEA": 4,
      "srcWordEA": 46,
      "character": "아이,어머니,물동이,호랑이 밥,구멍,아버지",
      "setting": "십 리 밖",
      "action": "들은,맞혔어,말했어,이고 오는,구멍 내고,쏘아,막는",
      "feeling": null,
      "causalRelationship": null,
      "outcomeResolution": "그런데도 호랑이 밥이 되었어.",
      "prediction": null,
      "plotSummaryInfoCount": 1,
      "plotSummaryInfo": {
        "classification": "의사소통",
        "readAge": "유아",
        "form": "long-form",
        "plotSummaryText": "십 리 밖 나뭇잎을 한 방에 맞힌 아이에게 어머니가 네 아버지는 십 리 밖에서 내가 이고 오는 물동이를 한 방에 맞혀 구멍을 냈다가 다시 한 방을 더 쏘아 그 구멍을 막는 재주가 있었는데도 호랑이 밥이 되었다고 말했습니다.",
        "textWordEA": 37
      }
    },
    {
      "srcTextID": "100189",
      "srcText": "그러니까 아이가 또 저도 할 수 있다면서 해 보이는데, 이번에도 아주 잘하는 거야. 이러니 어머니도 더는 말릴 수 없어서 떠나랄밖에. 아이는 지팡이 하나를 마당에 꽂으며, 말했어.",
      "srcPage": 12,
      "srcSentenceEA": 3,
      "srcWordEA": 28,
      "character": "어머니,아이,지팡이,마당에",
      "setting": null,
      "action": "말했어,해 보이는데,꽂으며",
      "feeling": null,
      "causalRelationship": null,
      "outcomeResolution": null,
      "prediction": null,
      "plotSummaryInfoCount": 1,
      "plotSummaryInfo": {
        "classification": "의사소통",
        "readAge": "유아",
        "form": "short-form",
        "plotSummaryText": "이번에도 아주 잘 해내는 아이를 보며 더 이상 말릴 수 없었던 어머니가 떠나라고 하자 지팡이 하나를 마당에 꽂은 아이가 말했습니다.",
        "textWordEA": 20
      }
    },
    {
      "srcTextID": "100193",
      "srcText": "허름한 외딴집에서 머리가 허연 할머니가 문을 여는데, 하룻밤 묵어가겠다니까 그러래. \"내 지금껏 이 산에 들어온 포수는 많이 봤어도 나간 포수는 못 봤네. 모두 수천 년 묵은 호랑이한테 잡아먹혀서 그렇지.\" 그러면서 밥 한 그릇 내놓는데, 한술 뜨자마자 힘이 불끈 솟아.",
      "srcPage": 15,
      "srcSentenceEA": 4,
      "srcWordEA": 41,
      "character": "할머니,포수,호랑이,머리,밥",
      "setting": "허름한 외딴집,하룻밤",
      "action": "문을 여는데,묵어가겠다니까,들어온,봤어도,잡아먹혀서,내놓는데,뜨자마자,불끈 솟아",
      "feeling": null,
      "causalRelationship": "내 지금껏 이 산에 들어온 포수는 많이 봤어도 나간 포수는 못 봤네. 모두 수천 년 묵은 호랑이한테 잡아먹혀서 그렇지.",
      "outcomeResolution": null,
      "prediction": null,
      "plotSummaryInfoCount": 1,
      "plotSummaryInfo": {
        "classification": "의사소통",
        "readAge": "유아",
        "form": "long-form",
        "plotSummaryText": "허름한 외딴집에서 문을 열고 나온 머리가 허연 할머니에게 하룻밤 묵어 가겠다고 청하니 그러라며 지금껏 이 산에 들어온 포수는 많이 봤지만, 나간 포수는 못 봤다며 수천 년 묵은 호랑이한테 잡아먹혀서 그렇다고 했습니다.",
        "textWordEA": 31
      }
    },
    {
      "srcTextID": "101271",
      "srcText": "바둑 두는 중들과 나무꾼, 나물 캐는 각시, 기와집에서 아이를 유혹하던 예쁜 색시도 아주 무서운 함정이었습니다. 함정이란 겉으로 아무렇지 않고 안전해 보이는 모습 속에 깃들어 있기 마련이지요. 저 아이는 늘 정신을 바짝 차리고 거기 대비했기 때문에, 유혹에 넘어가지 않는 냉철함을 유지했기 때문에 승리를 거둔 것이라고 할 수 있습니다.",
      "srcPage": 40,
      "srcSentenceEA": 3,
      "srcWordEA": 49,
      "character": "나무꾼,각시,중들,나물,아이",
      "setting": "기와집",
      "action": "바둑 두는,나물 캐는,유혹하던,깃들어 있기,대비했기 때문에,넘어가지 않는,유지했기,승리를 거둔",
      "feeling": "무서운",
      "causalRelationship": null,
      "outcomeResolution": "저 아이는 늘 정신을 바짝 차리고 거기 대비했기 때문에, 유혹에 넘어가지 않는 냉철함을 유지했기 때문에 승리를 거둔 것이라고 할 수 있습니다.",
      "prediction": null,
      "plotSummaryInfoCount": 1,
      "plotSummaryInfo": {
        "classification": "의사소통",
        "readAge": "유아",
        "form": "short-form",
        "plotSummaryText": "바둑 두는 중들과 나무꾼과 기와집에서 아이를 유혹하던 예쁜 색시처럼 아무렇지 않고 안전해 보이는 모습 속에 깃들어 있기 마련인 무서운 함정들을 아이는 늘 정신을 바짝 차리고, 냉정함을 유지해 유혹에 넘어가지 않고 승리를 거둔 것이라고 할 수 있습니다.",
        "textWordEA": 36
      }
    },
    {
      "srcTextID": "101272",
      "srcText": "생각하면 무척 비장한 일입니다. 이야기 속에서는 그것이 '호랑이'로 돼 있지만, 요즘 식으로 풀어 생각하면 포악한 폭력 조직이나 막강한 힘을 가진 권력자 등을 떠올리게 됩니다. 잘못 건드렸다가는 파탄을 면하기 힘든 무서운 상대임에 틀림없지요.",
      "srcPage": 36,
      "srcSentenceEA": 4,
      "srcWordEA": 35,
      "character": "호랑이",
      "setting": null,
      "action": "풀어 생각하면,가진,떠올리게 됩니다,건드렸다가는",
      "feeling": "무서운,비장한,포악한",
      "causalRelationship": null,
      "outcomeResolution": "잘못 건드렸다가는 파탄을 면하기 힘든 무서운 상대임에 틀림없지요.",
      "prediction": null,
      "plotSummaryInfoCount": 1,
      "plotSummaryInfo": {
        "classification": "의사소통",
        "readAge": "유아",
        "form": "long-form",
        "plotSummaryText": "무척 비장한 이야기 속의 호랑이를 요즘 식으로 풀어 생각하면 잘못 건드렸다가는 파탄을 면하기 힘든 무서운 상대인 폭력 조직이나 막강한 힘을 가진 권력자 등을 떠올리게 됩니다.",
        "textWordEA": 25
      }
    },
    {
      "srcTextID": "101274",
      "srcText": "이 이야기의 주인공은 그 힘든 싸움에 떨치고 나서서 마침내 승리를 쟁취해 냅니다. 그의 행보에는 크고 무서운 상대와 어떻게 싸워서 자기 삶을 펼쳐 나갈 것인가 하는 물음에 대한 답들이 담겨 있습니다. 우선적으로 갖춰야 할 것은 스스로의 의지입니다.",
      "srcPage": 37,
      "srcSentenceEA": 3,
      "srcWordEA": 38,
      "character": "주인공",
      "setting": null,
      "action": "떨치고 나서서,쟁취해 냅니다,싸워서,펼쳐 나갈 것인가,갖춰야 할",
      "feeling": "무서운",
      "causalRelationship": null,
      "outcomeResolution": "우선적으로 갖춰야 할 것은 스스로의 의지입니다.",
      "prediction": null,
      "plotSummaryInfoCount": 1,
      "plotSummaryInfo": {
        "classification": "의사소통",
        "readAge": "유아",
        "form": "short-form",
        "plotSummaryText": "그 힘든 싸움에 떨치고 나서 마침내 승리를 쟁취한 이야기 주인공의 행보에는 크고 무서운 상대와 어떻게 싸워서 자기 삶을 펼쳐 나갈 것인가에 대한 답들이 담겨 있는 데 우선 갖춰야 할 것은 스스로의 의지입니다.",
        "textWordEA": 32
      }
    },
    {
      "srcTextID": "100195",
      "srcText": "그랬더니 까마귀가 우수수 떨어지는데, 그게 까마귀가 아니고 모두 호랑이야. \"네 아버지는 겨우 세 마리밖에 못 맞혔는데 넌 재주가 용하구나. 호랑이 떼를 만나도 걱정 없겠어.\" 그러더니 또 동삼 밥을 내주며 이래.",
      "srcPage": 18,
      "srcSentenceEA": 4,
      "srcWordEA": 32,
      "character": "까마귀,호랑이,아버지,동삼 밥",
      "setting": null,
      "action": "떨어지는데,못 맞혔는데,만나도,내주며",
      "feeling": "걱정 없겠어",
      "causalRelationship": "네 아버지는 겨우 세 마리밖에 못 맞혔는데 넌 재주가 용하구나. 호랑이 떼를 만나도 걱정 없겠어.",
      "outcomeResolution": null,
      "prediction": null,
      "plotSummaryInfoCount": 1,
      "plotSummaryInfo": {
        "classification": "의사소통",
        "readAge": "유아",
        "form": "long-form",
        "plotSummaryText": "우수수 떨어진 그게 까마귀가 아니고 모두 호랑이였고, 네 아버지는 겨우 세 마리밖에 못 맞혔는데 넌 재주가 용해 호랑이 떼를 만나도 걱정 없겠다더니 또 동삼 밥을 내주었습니다.",
        "textWordEA": 26
      }
    },
    {
      "srcTextID": "100198",
      "srcText": "가도 가도 첩첩산중 길도 없고 인적도 없는데, 짐승들 소리만 들리니 등골이 오싹해. 그래, 바삐 걸음을 옮겼어. 한참 가다 보니 웬 늙은 중들이 바둑을 두고 있어.",
      "srcPage": 20,
      "srcSentenceEA": 3,
      "srcWordEA": 27,
      "character": "중들,짐승들,등골",
      "setting": "길,첩첩산중",
      "action": "들리니,걸음을 옮겼어,가다 보니,바둑을 두고 있어",
      "feeling": "등골이 오싹해",
      "causalRelationship": null,
      "outcomeResolution": null,
      "prediction": null,
      "plotSummaryInfoCount": 1,
      "plotSummaryInfo": {
        "classification": "의사소통",
        "readAge": "유아",
        "form": "short-form",
        "plotSummaryText": "첩첩산중에 길도 없고 인적도 없이 짐승들 소리만 들려 등골이 오싹해서 바삐 걸음을 옮기다 보니 웬 늙은 중들이 바둑을 두고 있었습니다.",
        "textWordEA": 20
      }
    },
    {
      "srcTextID": "100199",
      "srcText": "중들이 총 맞은 데를 슬슬 긁으면서 빤히 쳐다보는 거야. 겁이 덜컥 났지. 그래서 총을 연거푸 쏘아 댔어. 그랬더니 그때서야 중들이 길길이 날뛰면서 나자빠지는데, 죽은 걸 보니 영락없는 호랑이들이더래.",
      "srcPage": 22,
      "srcSentenceEA": 4,
      "srcWordEA": 31,
      "character": "중들,총,호랑이들",
      "setting": null,
      "action": "긁으면서,쳐다보는 거야,쏘아 댔어,길길이 날뛰면서,나자빠지는데,보니",
      "feeling": "겁이 덜컥 났지",
      "causalRelationship": "겁이 덜컥 났지. 그래서 총을 연거푸 쏘아 댔어.",
      "outcomeResolution": null,
      "prediction": null,
      "plotSummaryInfoCount": 1,
      "plotSummaryInfo": {
        "classification": "의사소통",
        "readAge": "유아",
        "form": "long-form",
        "plotSummaryText": "총 맞은 데를 슬슬 긁으며 빤히 쳐다보는 중들을 보고는 겁이 덜컥 나 총을 연거푸 쏘아 댔더니 길길이 날뛰면서 나자빠져 죽은 중들을 보니 영락없는 호랑이들이었습니다.",
        "textWordEA": 24
      }
    },
    {
      "srcTextID": "100203",
      "srcText": "색시가 실실 웃으면서 따라 들어와 곁에 눕는 거야. 아무리 봐도 색시 하는 양이 수상해. 가만 살펴보니 각시 발에 털이 부숭부숭, 발톱이 뾰족뾰족한 게 사람이 아냐.",
      "srcPage": 26,
      "srcSentenceEA": 3,
      "srcWordEA": 27,
      "character": "색시,발,털,발톱,사람",
      "setting": null,
      "action": "실실 웃으면서,따라 들어와,눕는 거야,살펴보니",
      "feeling": "수상해",
      "causalRelationship": null,
      "outcomeResolution": null,
      "prediction": null,
      "plotSummaryInfoCount": 1,
      "plotSummaryInfo": {
        "classification": "의사소통",
        "readAge": "유아",
        "form": "short-form",
        "plotSummaryText": "실실 웃으며 따라 들어와 곁에 눕는 색시 하는 양이 수상해 가만 살펴보니 각시 발에 털이 부숭부숭하고 발톱이 뾰족뾰족한 게 사람이 아니었습니다.",
        "textWordEA": 21
      }
    },
    {
      "srcTextID": "100205",
      "srcText": "아이는 정신이 아찔한데 호랑이가 덥석 총을 무네. 옳거니! 냅다 방아쇠를 당겼지. 그랬더니 온 산이 쩌렁 울리도록 크게 울부짖으며 호랑이가 팩 고꾸라지는 거야. 총알이 목구멍을 지나 배 속까지 들어갔으니 제아무리 수천 년 묵은 호랑이라도 안 죽고 배길 재간이 있겠어?",
      "srcPage": 28,
      "srcSentenceEA": 5,
      "srcWordEA": 42,
      "character": "아이,호랑이,총",
      "setting": null,
      "action": "당겼지,총을 무네,울리도록,울부짖으며,고꾸라지는 거야,지나,들어갔으니,안 죽고 배길",
      "feeling": "정신이 아찔한데",
      "causalRelationship": "총알이 목구멍을 지나 배 속까지 들어갔으니 제아무리 수천 년 묵은 호랑이라도 안 죽고 배길 재간이 있겠어?",
      "outcomeResolution": null,
      "prediction": null,
      "plotSummaryInfoCount": 1,
      "plotSummaryInfo": {
        "classification": "의사소통",
        "readAge": "유아",
        "form": "long-form",
        "plotSummaryText": "호랑이가 덥석 총을 물자 정신이 아찔해 냅다 아이가 방아쇠를 당기니 총알이 목구멍을 지나 배 속까지 들어가 제아무리 수천 년 묵은 호랑이라도 안 죽고 배길 재간이 없어 호랑이가 팩 고꾸라졌습니다.",
        "textWordEA": 29
      }
    },
    {
      "srcTextID": "100206",
      "srcText": "\"아버지, 아들이 왔어요. 아버지 원수도 갚았어요. 여기 계시면 뭐라 아는 체라도 해 주세요.\" 그랬더니 어디선가 띵! 소리가 나.",
      "srcPage": 30,
      "srcSentenceEA": 5,
      "srcWordEA": 22,
      "character": "아버지,아들,원수",
      "setting": null,
      "action": "왔어요,갚았어요,아는 체라도 해 주세요,소리가 나",
      "feeling": null,
      "causalRelationship": null,
      "outcomeResolution": null,
      "prediction": null,
      "plotSummaryInfoCount": 1,
      "plotSummaryInfo": {
        "classification": "의사소통",
        "readAge": "유아",
        "form": "long-form",
        "plotSummaryText": "아버지에게 아들이 와서 아버지 원수도 갚았다며 여기 계시면 뭐라 아는 체라도 해 주라 하니 어디선가 띵 하는 소리가 났습니다.",
        "textWordEA": 19
      }
    },
    {
      "srcTextID": "100207",
      "srcText": "아이는 소리 나는 뼈를 주워 가지런히 담았어. 그런데 또 어디선가 띵! 소리가 나. 돌아보니 묻혀 있던 총에서 난 소리야. 아이는 아버지 총이려니 생각하며 총도 잘 챙겨 나왔어.",
      "srcPage": 31,
      "srcSentenceEA": 5,
      "srcWordEA": 31,
      "character": "아이,아버지,총,뼈",
      "setting": null,
      "action": "소리 나는,주워,담았어,돌아보니,생각하며,챙겨 나왔어",
      "feeling": null,
      "causalRelationship": null,
      "outcomeResolution": "아이는 아버지 총이려니 생각하며 총도 잘 챙겨 나왔어.",
      "prediction": null,
      "plotSummaryInfoCount": 1,
      "plotSummaryInfo": {
        "classification": "의사소통",
        "readAge": "유아",
        "form": "long-form",
        "plotSummaryText": "소리 나는 뼈를 주워 가지런히 담은 아이에게 어디선가 띵 소리가 나 돌아보니 묻혀 있던 총에서 난 소리여서 아버지 총이려니 생각해 총도 잘 챙겨 나왔습니다.",
        "textWordEA": 24
      }
    },
    {
      "srcTextID": "101276",
      "srcText": "편안하게 웃고 즐기는 이야기와는 성격이 좀 다르지요. 옛 시절에 호랑이는 정말로 무시무시한 존재였답니다. 그와 마주치면 십중팔구 죽음이에요.",
      "srcPage": 33,
      "srcSentenceEA": 3,
      "srcWordEA": 19,
      "character": "호랑이",
      "setting": null,
      "action": "웃고,마주치면",
      "feeling": "즐기는,편안하게,무시무시한",
      "causalRelationship": "그와 마주치면 십중팔구 죽음이에요.",
      "outcomeResolution": null,
      "prediction": null,
      "plotSummaryInfoCount": 1,
      "plotSummaryInfo": {
        "classification": "의사소통",
        "readAge": "유아",
        "form": "short-form",
        "plotSummaryText": "편안하게 웃고 즐기는 이야기와는 성격이 좀 다른 이유는 옛 시절에 무시무시한 존재였던 호랑이와의 마주침은 십중팔구 죽음을 의미했기 때문입니다.",
        "textWordEA": 18
      }
    },
    {
      "srcTextID": "100197",
      "srcText": "\"사람 하나 없는 산중에 바둑이라니, 별 중들을 다 보겠네.\" 그냥 지나가려는데, 산신령이 일러준 말이 떠올라 아이가 총을 한 방 쏘았어. \"이가 무나, 벼룩이 무나?\"",
      "srcPage": 21,
      "srcSentenceEA": 3,
      "srcWordEA": 25,
      "character": "산신령,아이,총,사람,이,벼룩",
      "setting": "산",
      "action": "보겠네,지나가려는데,일러준,쏘았어",
      "feeling": null,
      "causalRelationship": null,
      "outcomeResolution": null,
      "prediction": null,
      "plotSummaryInfoCount": 1,
      "plotSummaryInfo": {
        "classification": "의사소통",
        "readAge": "유아",
        "form": "short-form",
        "plotSummaryText": "사람 하나 없는 산 중에서 바둑을 두는 별 중들을 다 보겠다며 그냥 지나가려 할 때 산신령이 일러준 말이 떠올라 아이가 총을 한 방 쏘자, 이가 무나, 벼룩이 무냐며 말하는 소리가 들려왔습니다.",
        "textWordEA": 31
      }
    },
    {
      "srcTextID": "101270",
      "srcText": "맞서서 이겨 내겠다는 의지가 없다면 아예 싸움이 불가능하겠지요. 이와 함께 피나는 노력을 통해 실력을 닦는 과정이 필요합니다. 아이는 누구보다도 열심히 총 쏘는 연습을 했고 그래서 호랑이와 맞설 수 있었던 것이지요.",
      "srcPage": 38,
      "srcSentenceEA": 3,
      "srcWordEA": 32,
      "character": "아이,호랑이,총",
      "setting": null,
      "action": "맞서서 이겨 내겠다는,실력을 닦는,연습을 했고,맞설 수 있었던",
      "feeling": null,
      "causalRelationship": null,
      "outcomeResolution": null,
      "prediction": null,
      "plotSummaryInfoCount": 1,
      "plotSummaryInfo": {
        "classification": "의사소통",
        "readAge": "유아",
        "form": "short-form",
        "plotSummaryText": "맞서서 이겨 내겠다는 의지가 없다면 아예 싸움이 불가능하고 더불어 피나는 노력을 통해 실력을 닦는 과정이 필요한데 아이는 누구보다도 열심히 총 쏘는 연습을 했고 그래서 호랑이와 맞설 수 있었습니다.",
        "textWordEA": 28
      }
    },
    {
      "srcTextID": "100186",
      "srcText": "그 뒤로 아이는 글방엔 가지도 않고 날마다 총 쏘는 연습만 했어. 그러기를 몇 달, 이제 제법 총을 잘 쏘게 되었어. 어느 날 아이는 아버지 원수를 갚으러 가겠대.",
      "srcPage": 8,
      "srcSentenceEA": 3,
      "srcWordEA": 29,
      "character": "아이,아버지,총",
      "setting": "글방,날마다,그러기를 몇 달",
      "action": "총 쏘는 연습만 했어,쏘게 되었어,갚으러 가겠대",
      "feeling": null,
      "causalRelationship": null,
      "outcomeResolution": "어느 날 아이는 아버지 원수를 갚으러 가겠대.",
      "prediction": null,
      "plotSummaryInfoCount": 1,
      "plotSummaryInfo": {
        "classification": "의사소통",
        "readAge": "유아",
        "form": "short-form",
        "plotSummaryText": "글방엔 가지 않고 날마다 총 쏘는 연습만 했던 아이가 몇 달 그러더니 제법 총을 잘 쏘게 되자 어느 날 아버지 원수를 갚으러 가겠다고 했습니다.",
        "textWordEA": 24
      }
    },
    {
      "srcTextID": "100187",
      "srcText": "\"어머니, 이 지팡이가 살아 있으면 제가 살아 있는 줄 아시고, 죽으면 저도 죽은 줄 아세요.\" 어머니는 지팡이 나무를 아들인 양 바라보면서 빌었어. \"천지신명님, 제발 우리 아들을 살펴 주세요.\"",
      "srcPage": 13,
      "srcSentenceEA": 3,
      "srcWordEA": 29,
      "character": "어머니,지팡이,나무,아들,천지신명님",
      "setting": null,
      "action": "빌었어,살아 있으면,아시고,죽으면,바라보면서,살펴 주세요",
      "feeling": null,
      "causalRelationship": null,
      "outcomeResolution": null,
      "prediction": "제발 우리 아들을 살펴 주세요.",
      "plotSummaryInfoCount": 1,
      "plotSummaryInfo": {
        "classification": "의사소통",
        "readAge": "유아",
        "form": "short-form",
        "plotSummaryText": "어머니에게 아들이 이 지팡이가 살아 있으면 제가 살아 있는 줄 아시고, 죽으면 저도 죽은 줄 아시라고 하자 지팡이 나무를 아들인 양 바라보던 어머니가 천지신명님께 제발 우리 아들을 살펴 주시라고 빌었습니다.",
        "textWordEA": 30
      }
    },
    {
      "srcTextID": "100200",
      "srcText": "다시 더 깊은 산속으로 들어갔더니 이번에는 웬 나무꾼들이 담뱃불 좀 달래. '나무 하나 없는 바위산에서 나무를 하다니....'수상쩍어 방아쇠를 당기려는데, 나무꾼들이 달려들어 총을 빼앗으려고 해. 홱 뿌리치고 총을 연거푸 쏘아 댔지. 그랬더니 나무꾼들이 픽픽 쓰러지는데, 죽은 걸 보니 또 틀림없는 호랑이들이더래.",
      "srcPage": 23,
      "srcSentenceEA": 5,
      "srcWordEA": 43,
      "character": "나무꾼들,총,호랑이,담뱃불,나무,방아쇠",
      "setting": "바위산",
      "action": "들어갔더니,좀 달래,나무를 하다니,당기려는데,달려들어,빼앗으려고 해,뿌리치고,쏘아 댔지,쓰러지는데,보니",
      "feeling": null,
      "causalRelationship": "홱 뿌리치고 총을 연거푸 쏘아 댔지. 그랬더니 나무꾼들이 픽픽 쓰러지는데, 죽은 걸 보니 또 틀림없는 호랑이들이더래.",
      "outcomeResolution": null,
      "prediction": null,
      "plotSummaryInfoCount": 1,
      "plotSummaryInfo": {
        "classification": "의사소통",
        "readAge": "유아",
        "form": "long-form",
        "plotSummaryText": "다시 더 깊은 산속에서 담뱃불 좀 달라고 하는 나무꾼들이 나무 하나 없는 바위 산에 서 나무를 하는 것이 수상쩍어 방아쇠를 당기려 하자 나무꾼들이 달려들어 총을 빼앗으려고 해 홱 뿌리치고 총을 연거푸 쏘아 대니 픽픽 쓰러져 죽은 걸 보니 틀림없는 호랑이들이라고 말하고 있었습니다.",
        "textWordEA": 42
      }
    },
    {
      "srcTextID": "100202",
      "srcText": "다시 더 깊은 산속으로 들어가니 해가 저물었어. 그래 찬 이슬이나 피할까 하고 오두막을 찾는데, 으리으리한 기와집에서 예쁜 색시가 나오더니 들어오래. 마침 잘되었다 하고 들어가 누웠는데, \"총각 참 잘생겼다. 총각 옆에서 자야지.\"",
      "srcPage": 25,
      "srcSentenceEA": 5,
      "srcWordEA": 34,
      "character": "색시,총각,해,이슬,오두막",
      "setting": "기와집,깊은 산속",
      "action": "누웠는데,들어가니,저물었어,피할까,찾는데,나오더니,들어오래,자야지",
      "feeling": null,
      "causalRelationship": null,
      "outcomeResolution": null,
      "prediction": null,
      "plotSummaryInfoCount": 1,
      "plotSummaryInfo": {
        "classification": "의사소통",
        "readAge": "유아",
        "form": "long-form",
        "plotSummaryText": "해가 저문 깊은 산속에서 찬 이슬이나 피할까 하고 오두막을 찾는데, 으리으리한 기와집에서 나온 예쁜 색시가 들어오라고 말하더니 누워있는 총각에게 와서 잘생긴 총각 옆에서 자야겠다고 하였습니다.",
        "textWordEA": 25
      }
    },
    {
      "srcTextID": "100204",
      "srcText": "아이는 후다닥 일어나 총을 잡았어. 그랬더니 색시가 집채만 한 호랑이로 변해 가지고 입을 쩍 벌리고 벼락같이 울부짖으며 달려드는 거야. 눈앞이 캄캄, 팔다리가 후들후들.",
      "srcPage": 27,
      "srcSentenceEA": 3,
      "srcWordEA": 25,
      "character": "아이,색시,호랑이,총,집채,입,팔다리",
      "setting": null,
      "action": "일어나,잡았어,쩍 벌리고,울부짖으며,달려드는 거야,변해 가지고,후들후들",
      "feeling": "눈앞이 캄캄",
      "causalRelationship": null,
      "outcomeResolution": null,
      "prediction": null,
      "plotSummaryInfoCount": 1,
      "plotSummaryInfo": {
        "classification": "의사소통",
        "readAge": "유아",
        "form": "short-form",
        "plotSummaryText": "아이가 후다닥 일어나 총을 잡자, 색시가 집채만 한 호랑이로 변해 입을 쩍 벌리고 달려드니 눈앞이 캄캄해지고, 팔다리가 후들거렸습니다.",
        "textWordEA": 18
      }
    },
    {
      "srcTextID": "101277",
      "srcText": "호랑이와 맞서 싸운 지리산 포수 아들. 이 사연이 주는 느낌이 어떤지 궁금합니다. 이는 먼 지방에서 전설로 전해 내려온 이야기입니다.",
      "srcPage": 32,
      "srcSentenceEA": 3,
      "srcWordEA": 21,
      "character": "호랑이,아들,포수",
      "setting": "지리산,먼 지방",
      "action": "맞서 싸운,주는",
      "feeling": "궁금합니다",
      "causalRelationship": null,
      "outcomeResolution": null,
      "prediction": null,
      "plotSummaryInfoCount": 1,
      "plotSummaryInfo": {
        "classification": "의사소통",
        "readAge": "유아",
        "form": "short-form",
        "plotSummaryText": "먼 지방에서 전설로 전해 내려오는 이야기인 호랑이와 맞서 싸운 지리산 포수 아들의 사연이 주는 느낌이 어떤지 궁금합니다.",
        "textWordEA": 17
      }
    },
    {
      "srcTextID": "101269",
      "srcText": "또한 남에게 도움을 얻는 지혜도 필요합니다. 아이는 산속에서 만난 할머니가 자신을 도와줄 존재임을 알아보고 그 조언에 귀를 기울였기 때문에 싸움을 승리로 이끌 수 있었지요. 하지만 힘겨운 싸움을 해 나가면서 정말로 중요한 것은 유혹이나 함정을 이겨 내는 일이라 할 수 있습니다.",
      "srcPage": 39,
      "srcSentenceEA": 3,
      "srcWordEA": 42,
      "character": "아이,할머니,귀",
      "setting": "산속",
      "action": "도움을 얻는,만난,도와줄,알아보고,귀를 기울였기,이끌 수 있었지요,싸움을 해 나가면서,이겨 내는",
      "feeling": null,
      "causalRelationship": null,
      "outcomeResolution": "아이는 산속에서 만난 할머니가 자신을 도와줄 존재임을 알아보고 그 조언에 귀를 기울였기 때문에 싸움을 승리로 이끌 수 있었지요.",
      "prediction": null,
      "plotSummaryInfoCount": 1,
      "plotSummaryInfo": {
        "classification": "의사소통",
        "readAge": "유아",
        "form": "short-form",
        "plotSummaryText": "산속에서 만난 할머니가 자신을 도와줄 존재임을 알아보고 그 조언에 귀를 기울여 싸움을 승리로 이끌 수 있었던 아이처럼 남에게 도움을 얻는 지혜도 필요하지만 힘겨운 싸움에서 정말로 중요한 것은 유혹이나 함정을 이겨 내는 일입니다.",
        "textWordEA": 32
      }
    },
    {
      "srcTextID": "100182",
      "srcText": "옛날 지리산 밑에 아버지 없는 아이가 살았어. 그래서 종종 글방 아이들에게 놀림을 당했어. \"호랑이 밥아!\" \"호랑이 밥아!\"",
      "srcPage": 1,
      "srcSentenceEA": 4,
      "srcWordEA": 18,
      "character": "아버지 없는 아이,호랑이,아이들,밥",
      "setting": "옛날 지리산 밑에,글방",
      "action": "놀림을 당했어,살았어",
      "feeling": null,
      "causalRelationship": null,
      "outcomeResolution": null,
      "prediction": null,
      "plotSummaryInfoCount": 1,
      "plotSummaryInfo": {
        "classification": "의사소통",
        "readAge": "유아",
        "form": "long-form",
        "plotSummaryText": "옛날 지리산 밑에 아버지 없이 살아 종종 글방 아이들에게 놀림을 당했던 아이를 호랑이 밥아 하고 불렀습니다.",
        "textWordEA": 16
      }
    },
    {
      "srcTextID": "101241",
      "srcText": "\"알 것 없다. 글공부나 잘하렴.\" 어머니는 좀처럼 대답을 안 해 줬어.",
      "srcPage": 3,
      "srcSentenceEA": 3,
      "srcWordEA": 13,
      "character": "어머니",
      "setting": null,
      "action": "안 해 줬어,글공부나 잘하렴",
      "feeling": null,
      "causalRelationship": null,
      "outcomeResolution": null,
      "prediction": null,
      "plotSummaryInfoCount": 1,
      "plotSummaryInfo": {
        "classification": "의사소통",
        "readAge": "유아",
        "form": "short-form",
        "plotSummaryText": "어머니가 알 것 없다며 글공부나 잘하라고 좀처럼 대답을 안 해 줬습니다.",
        "textWordEA": 11
      }
    },
    {
      "srcTextID": "101242",
      "srcText": "그러니 어째? 사실대로 이야기해 주었지. \"네 아버지는 이름난 포수였는데, 네가 배 속에 있을 때 호랑이 잡으러 갔다가 그만 호랑이 밥이 되고 말았단다.\" 아이는 깜짝 놀랐어.",
      "srcPage": 5,
      "srcSentenceEA": 4,
      "srcWordEA": 27,
      "character": "아버지,호랑이,밥,아이,포수",
      "setting": null,
      "action": "이야기해 주었지,잡으러 갔다가",
      "feeling": "깜짝 놀랐어",
      "causalRelationship": "네 아버지는 이름난 포수였는데, 네가 배 속에 있을 때 호랑이 잡으러 갔다가 그만 호랑이 밥이 되고 말았단다.",
      "outcomeResolution": null,
      "prediction": null,
      "plotSummaryInfoCount": 1,
      "plotSummaryInfo": {
        "classification": "의사소통",
        "readAge": "유아",
        "form": "long-form",
        "plotSummaryText": "사실대로 이름난 포수였던 네 아버지가 네가 배 속에 있을 때 호랑이 잡으러 갔다가 그만 호랑이 밥이 되고 말았다고 알려주자, 아이가 깜짝 놀랐습니다.",
        "textWordEA": 22
      }
    },
    {
      "srcTextID": "100188",
      "srcText": "그래 아들 총 솜씨를 보려고 이렇게 말했어. \"네 아버지는 십 리 밖에 있는 나뭇잎도 한 방에 맞히는 재주가 있었단다. 그런데도 호랑이 밥이 되었어.\"",
      "srcPage": 10,
      "srcSentenceEA": 3,
      "srcWordEA": 24,
      "character": "아들,총,아버지,호랑이,나뭇잎,호랑이 밥",
      "setting": null,
      "action": "보려고,말했어,한 방에 맞히는",
      "feeling": null,
      "causalRelationship": null,
      "outcomeResolution": null,
      "prediction": null,
      "plotSummaryInfoCount": 1,
      "plotSummaryInfo": {
        "classification": "의사소통",
        "readAge": "유아",
        "form": "short-form",
        "plotSummaryText": "아들 총 솜씨를 시험해 보기 위해 네 아버지는 십 리 밖에 있는 나뭇잎도 한 방에 맞히는 재주가 있었지만, 호랑이 밥이 되었다고 말했습니다.",
        "textWordEA": 22
      }
    },
    {
      "srcTextID": "100192",
      "srcText": "아이는 산으로 들어갔어. 산은 점점 깊어지고 날은 저무는데, 사방을 둘러봐도 쉬어 갈 만한 데가 없어. 그때 마침 멀리 불빛이 비쳐 한달음에 달려갔지.",
      "srcPage": 14,
      "srcSentenceEA": 3,
      "srcWordEA": 24,
      "character": "아이",
      "setting": "산",
      "action": "들어갔어,둘러봐도,쉬어 갈,한달음에 달려갔지",
      "feeling": null,
      "causalRelationship": null,
      "outcomeResolution": null,
      "prediction": null,
      "plotSummaryInfoCount": 1,
      "plotSummaryInfo": {
        "classification": "의사소통",
        "readAge": "유아",
        "form": "short-form",
        "plotSummaryText": "산은 점점 깊어지고 날은 저무는데 사방을 둘러봐도 쉬어 갈 만한 데가 없던 아이가 마침 멀리 불빛이 비치자 한달음에 달려갔습니다.",
        "textWordEA": 19
      }
    },
    {
      "srcTextID": "100196",
      "srcText": "다음 날 아침, 할머니가 아이를 깨우며 이래. \"저 까마귀를 한 방에 맞혀 보아라.\" 그래 아이가 총을 탕 쏘았어.",
      "srcPage": 17,
      "srcSentenceEA": 3,
      "srcWordEA": 19,
      "character": "할머니가,까마귀,아이,총",
      "setting": "다음 날 아침",
      "action": "쏘았어,깨우며,총을 탕 쏘았어",
      "feeling": null,
      "causalRelationship": null,
      "outcomeResolution": null,
      "prediction": null,
      "plotSummaryInfoCount": 1,
      "plotSummaryInfo": {
        "classification": "의사소통",
        "readAge": "유아",
        "form": "short-form",
        "plotSummaryText": "다음 날 아침, 아이를 깨운 할머니가 저 까마귀를 한 방에 맞혀 보라고 하자 아이가 총을 탕 쏘았습니다.",
        "textWordEA": 17
      }
    },
    {
      "srcTextID": "100201",
      "srcText": "아이는 다시 깊은 산속으로 들어갔어. 그런데 이번에는 웬 각시들이 벼랑에서 나물을 캐고 있어. '풀 하나 없는 벼랑에서 나물을 캐다니....' 수상쩍어 연거푸 총을 쏘아 댔지. 그랬더니 각시들이 하나둘 고꾸라지는데, 죽은 걸 보니 이게 또 영락없는 호랑이들이지 뭐야.",
      "srcPage": 24,
      "srcSentenceEA": 5,
      "srcWordEA": 39,
      "character": "각시들,총,호랑이,풀,나물",
      "setting": "깊은 산속,벼랑",
      "action": "캐고 있어,쏘아 댔지,들어갔어,고꾸라지는데,보니",
      "feeling": "수상쩍어",
      "causalRelationship": null,
      "outcomeResolution": null,
      "prediction": null,
      "plotSummaryInfoCount": 1,
      "plotSummaryInfo": {
        "classification": "의사소통",
        "readAge": "유아",
        "form": "long-form",
        "plotSummaryText": "다시 깊은 산속으로 들어간 아이가 풀 하나 없는 벼랑에서 각시들이 나물을 캐고 있는 것이 수상쩍어 연거푸 총을 쏘아 대자 각시들이 하나둘 고꾸라져 죽은 걸 보니 이게 또 영락없는 호랑이들이었습니다.",
        "textWordEA": 29
      }
    },
    {
      "srcTextID": "100208",
      "srcText": "이튿날 날이 밝았어. 아이가 가만 보니 집 안 곳곳에 사람 뼈가 산더미처럼 쌓여 있어. 아이는 아버지 뼈도 그 안에 있겠지, 생각하니 눈물이 났어.",
      "srcPage": 29,
      "srcSentenceEA": 3,
      "srcWordEA": 25,
      "character": "아이,아버지,사람 뼈,산더미,눈물",
      "setting": "집",
      "action": "가만 보니,눈물이 났어,생각하니",
      "feeling": null,
      "causalRelationship": "아이는 아버지 뼈도 그 안에 있겠지 생각하니 눈물이 났어.",
      "outcomeResolution": null,
      "prediction": null,
      "plotSummaryInfoCount": 1,
      "plotSummaryInfo": {
        "classification": "의사소통",
        "readAge": "유아",
        "form": "short-form",
        "plotSummaryText": "이튿날 날이 밝아 집 안 곳곳에 사람 뼈가 산더미처럼 쌓여 있는 걸 본 아이는 아버지 뼈도 그 안에 있겠다는 생각에 눈물이 났습니다.",
        "textWordEA": 22
      }
    },
    {
      "srcTextID": "101268",
      "srcText": "그냥 곱게 죽는 것도 아니고 그 날카로운 이빨과 발톱에 온몸이 갈기갈기 찢기는 거니까 얼마나 무서워요. 그 무서운 호랑이와 일대일로 맞선다는 건 상상도 하기 어려운 일이지요. 활이 있고 총이 있다 해도 크게 다르지 않아요. 호랑이는 총 한 방에 픽 쓰러지는 존재가 아니거든요.",
      "srcPage": 34,
      "srcSentenceEA": 4,
      "srcWordEA": 44,
      "character": "호랑이,총,이빨,발톱,온몸,활",
      "setting": null,
      "action": "죽는,갈기갈기 찢기는,맞선다는건,쓰러지는",
      "feeling": "무서워요",
      "causalRelationship": "활이 있고 총이 있다 해도 크게 다르지 않아요. 호랑이는 총 한방에 픽 쓰러지는 존재가 아니거든요.",
      "outcomeResolution": null,
      "prediction": null,
      "plotSummaryInfoCount": 1,
      "plotSummaryInfo": {
        "classification": "의사소통",
        "readAge": "유아",
        "form": "long-form",
        "plotSummaryText": "그냥 곱게 죽이는 것이 아니라 날카로운 이빨과 발톱으로 온몸을 갈기갈기 찢는 무서운 호랑이와 일대일로 맞선다는 건 상상 하기 어려웠고 활과 총이 있다 해도 마찬가지였습니다.",
        "textWordEA": 24
      }
    },
    {
      "srcTextID": "101275",
      "srcText": "이 이야기의 주인공은 아버지를 호랑이한테 잃은 아이입니다. 저 아이는 감히 호랑이와 맞서려고 해요. 세상 사람이 다 이길 수 없다고 하는 상대와 홀로 맞서 싸운다는 것.",
      "srcPage": 35,
      "srcSentenceEA": 3,
      "srcWordEA": 27,
      "character": "아버지,호랑이,아이,주인공,세상 사람",
      "setting": null,
      "action": "잃은,맞서려고 해요,이길 수 없다고,싸운다는",
      "feeling": null,
      "causalRelationship": null,
      "outcomeResolution": null,
      "prediction": "세상 사람이 다 이길 수 없다고 하는 상대와 홀로 맞서 싸운다는 것.",
      "plotSummaryInfoCount": 1,
      "plotSummaryInfo": {
        "classification": "의사소통",
        "readAge": "유아",
        "form": "short-form",
        "plotSummaryText": "아버지를 호랑이한테 잃은 이 이야기의 주인공은 세상 사람이 다 이길 수 없다고 생각하는 상대인 호랑이와 홀로 맞서 싸우려고 합니다.",
        "textWordEA": 19
      }
    },
    {
      "srcTextID": "101273",
      "srcText": "이 이야기가 전해 주는 교훈은 늘 주변 사람을 불신하고 경계해야 한다는 것과는 다릅니다. 그렇게 해선 편안히 살아가기 어렵겠지요. 하지만 죽느냐 사느냐 하는 결정적인 장면에서는 얘기가 달라요. 그럴 때는 온 정신을 집중하고 냉철함을 유지해야 문제 해결이 가능한 법이지요. 흠, 많이 심각했나요? 이야기는 어디까지나 이야기니까 너무 긴장할 필요는 없답니다.",
      "srcPage": 41,
      "srcSentenceEA": 6,
      "srcWordEA": 52,
      "character": "사람",
      "setting": null,
      "action": "전해 주는,살아가기 어렵겠지요,죽느냐 사느냐",
      "feeling": "흠,편안히,긴장할,불신하고 경계해야 한다는,정신을 집중하고 냉철함을 유지해야",
      "causalRelationship": null,
      "outcomeResolution": "그럴때는 온 정신을 집중하고 냉철함을 유지해야 문제 해결이 가능한 법이지요.",
      "prediction": null,
      "plotSummaryInfoCount": 1,
      "plotSummaryInfo": {
        "classification": "의사소통",
        "readAge": "유아",
        "form": "long-form",
        "plotSummaryText": "이 이야기가 늘 주변 사람을 불신하고 경계해야 한다는 것이 아니라 죽느냐 사느냐 하는 결정적인 장면에서는 온 정신을 집중하고 냉철함을 유지해 문제 해결을 하라는 이야기이니 너무 긴장할 필요는 없습니다.",
        "textWordEA": 28
      }
    }
  ]
}