{
  "title": "토토로와 고양이 버스",
  "author": "백금서",
  "illustrator": "홍성용",
  "isbn": "9788961916097",
  "publishedYear": 2011,
  "publisher": "한얼교육",
  "paragraphInfoCount": 17,
  "paragraphInfo": [
    {
      "srcTextID": "125002",
      "srcText": "그때 숲의 신 토토로가 나타났어요. “토토로다!” 메이와 윤이가 동시에 소리쳤어요. “비를 흠뻑 맞았네요. 우산 빌려줄까요?” 사즈키가 토토로에게 우산을 내밀며 물었어요. 토토로는 사즈키가 건넨 우산을 썼어요.",
      "srcPage": 8,
      "srcSentenceEA": 6,
      "srcWordEA": 29,
      "character": "숲의 신,토토로,메이,윤,우산,사즈키",
      "setting": null,
      "action": "소리쳤어요,맞았네요,내밀며,물었어요,건넨,썼어요,나타났어요",
      "feeling": null,
      "causalRelationship": null,
      "outcomeResolution": null,
      "prediction": null,
      "plotSummaryInfoCount": 1,
      "plotSummaryInfo": {
        "classification": "의사소통",
        "readAge": "유아",
        "form": "long-form",
        "plotSummaryText": "그때 메이와 사즈키 그리고 윤이 앞에 비를 흠뻑 맞은 숲의 신 토토르가 나타났고, 토토로는 사즈키가 빌려준다며 건넨 우산을 썼습니다.",
        "textWordEA": 19
      }
    },
    {
      "srcTextID": "125008",
      "srcText": "바로 그때 토토로가 고양이 버스 문을 열어 주었어요. “고마워, 토토로.” 형이와 윤이는 얼른 고양이 버스에 올라탔어요. 그러고는 푹신한 버스 의자에 앉아 스르르 잠이 들었어요.",
      "srcPage": 14,
      "srcSentenceEA": 4,
      "srcWordEA": 26,
      "character": "토토로,고양이 버스,문,형이,윤,의자",
      "setting": null,
      "action": "열어 주었어요,올라탔어요,앉아,잠이 들었어요",
      "feeling": "고마워",
      "causalRelationship": null,
      "outcomeResolution": null,
      "prediction": null,
      "plotSummaryInfoCount": 1,
      "plotSummaryInfo": {
        "classification": "의사소통",
        "readAge": "유아",
        "form": "long-form",
        "plotSummaryText": "토토로가 고양이 버스 문을 열어주어 타게 된 형이와 윤이는, 푹신한 버스 의자에 앉아 잠이 들었어요.",
        "textWordEA": 15
      }
    },
    {
      "srcTextID": "124995",
      "srcText": "어느 따뜻한 오후, 엄마가 시장에 간 동안 형이는 동생 윤이를 돌보고 있었어요. “윤아, 우리 '이웃집 토토로' 볼래?” “좋아, 언니.” '이웃집 토토로'는 형이와 윤이가 제일 좋아하는 만화예요. 형이는 비디오테이프를 가져다가 '이웃집 토토로'를 틀었어요.",
      "srcPage": 1,
      "srcSentenceEA": 10,
      "srcWordEA": 36,
      "character": "엄마,형이,동생 윤이,이웃집 토토로,언니,비디오테이프,시장",
      "setting": "어느 따뜻한 오후",
      "action": "돌보고,가져다가,틀었어요",
      "feeling": "좋아",
      "causalRelationship": null,
      "outcomeResolution": null,
      "prediction": null,
      "plotSummaryInfoCount": 1,
      "plotSummaryInfo": {
        "classification": "의사소통",
        "readAge": "유아",
        "form": "long-form",
        "plotSummaryText": "어느 따듯한 오후, 엄마가 시장에 간 동안 형이는 동생 윤이를 돌보며 가장 좋아하는 만화 이웃집 토토를 보자고 하였고, 동생이 좋다고 하자, 형이는 비디오테이프를 가져다가 틀었어요.",
        "textWordEA": 25
      }
    },
    {
      "srcTextID": "125001",
      "srcText": "“동구리 검댕먼지 신을 만져서 그런가 봐. 나 집에 가고 싶어. 우리 언니 좀 찾아 줘. 응?” 윤이가 사즈키에게 부탁했어요. “알았어. 아빠가 오시면 부탁해 볼게.”",
      "srcPage": 7,
      "srcSentenceEA": 6,
      "srcWordEA": 29,
      "character": "동구리 검댕먼지 신,나,우리 언니,윤,사즈키,아빠,집",
      "setting": null,
      "action": "만져서,찾아 줘,부탁했어요,오시면,부탁해 볼게",
      "feeling": null,
      "causalRelationship": null,
      "outcomeResolution": null,
      "prediction": null,
      "plotSummaryInfoCount": 1,
      "plotSummaryInfo": {
        "classification": "의사소통",
        "readAge": "유아",
        "form": "long-form",
        "plotSummaryText": "동구리 검댕먼지 신을 만져서 그렇다는 윤이가 사즈키에게, 우리 언니 좀 찾아 달라고 말하자, 아빠가 오시면 부탁해 본다고 했어요.",
        "textWordEA": 18
      }
    },
    {
      "srcTextID": "125003",
      "srcText": "토토로는 우산을 때리는 빗방울 소리가 마음에 들었는지 하얀 이를 드러내고 씨익 웃었어요. “토토로, 이 아이를 언니한테 데려다주지 않겠어요?” 사즈키는 용기를 내어 토토로에게 부탁했어요. 그러자 우산 위로 빗방울이 떨어졌어요. “톡톡! 토독! 톡톡!”",
      "srcPage": 9,
      "srcSentenceEA": 6,
      "srcWordEA": 35,
      "character": "토토로,우산,하얀 이,아이,언니,사즈키",
      "setting": null,
      "action": "드러내고,웃었어요,데려다주지,부탁했어요",
      "feeling": null,
      "causalRelationship": null,
      "outcomeResolution": null,
      "prediction": null,
      "plotSummaryInfoCount": 1,
      "plotSummaryInfo": {
        "classification": "의사소통",
        "readAge": "유아",
        "form": "long-form",
        "plotSummaryText": "우산을 때리는 빗방울 소리가 마음에 들었는지 토토르가 씩 웃었고, 사즈키는 용기를 내어 이 아이를 언니에게 데려다 달라고 부탁했어요.",
        "textWordEA": 18
      }
    },
    {
      "srcTextID": "125004",
      "srcText": "“잘 가, 윤이야. 언니를 꼭 찾길 바랄게.” 사즈키와 메이가 윤이를 배웅해 주었어요.",
      "srcPage": 11,
      "srcSentenceEA": 3,
      "srcWordEA": 14,
      "character": "윤,언니,사즈키,메이",
      "setting": null,
      "action": "배웅해 주었어요",
      "feeling": null,
      "causalRelationship": null,
      "outcomeResolution": null,
      "prediction": null,
      "plotSummaryInfoCount": 1,
      "plotSummaryInfo": {
        "classification": "의사소통",
        "readAge": "유아",
        "form": "short-form",
        "plotSummaryText": "언니를 꼭 찾길 바란다며 사즈키와 메이가 윤이를 배웅해 주었어요.",
        "textWordEA": 9
      }
    },
    {
      "srcTextID": "125006",
      "srcText": "토토로와 윤이를 태운 고양이 버스는 하늘 위로 펄쩍 뛰어오르더니 전깃줄 위를 달리기 시작했어요. 넓은 들판에 이르렀을 때 윤이를 찾고 있던 형이의 모습이 보였어요. “어! 언니다. 토토로, 버스를 세워 주세요.”",
      "srcPage": 12,
      "srcSentenceEA": 4,
      "srcWordEA": 32,
      "character": "토토로,윤,고양이 버스,전깃줄,형이,언니,버스",
      "setting": "하늘 위,들판",
      "action": "태운,뛰어오르더니,달리기,이르렀을,세워 주세요,보였어요",
      "feeling": null,
      "causalRelationship": null,
      "outcomeResolution": null,
      "prediction": null,
      "plotSummaryInfoCount": 1,
      "plotSummaryInfo": {
        "classification": "의사소통",
        "readAge": "유아",
        "form": "long-form",
        "plotSummaryText": "토토로와 윤이를 태운 고양이 버스가 펄쩍 뛰어오르더니 전깃줄 위를 달리기 시작했고, 넓은 들판에 이르자 형이를 발견한 윤이는 버스를 세워 달라고 했어요.",
        "textWordEA": 21
      }
    },
    {
      "srcTextID": "125009",
      "srcText": "잠시 후, 잠에서 깨어난 형이와 윤이는 집에 돌아와 있었어요. “언니, 저기 봐. 토토로야.” 텔레비전 속에서 토토로는 형이와 윤이를 바라보며 씨익 웃고 있었어요.",
      "srcPage": 15,
      "srcSentenceEA": 4,
      "srcWordEA": 24,
      "character": "형이,윤,언니,토토로,텔레비전",
      "setting": "잠시 후,집",
      "action": "깨어난,돌아와,바라보며,웃고 있었어요",
      "feeling": null,
      "causalRelationship": null,
      "outcomeResolution": null,
      "prediction": null,
      "plotSummaryInfoCount": 1,
      "plotSummaryInfo": {
        "classification": "의사소통",
        "readAge": "유아",
        "form": "long-form",
        "plotSummaryText": "잠에서 깨어나 보니 집에 돌아와 있던 형이와 윤이는, 텔레비전 속에서 씩 웃고 있는 토토로를 보았어요.",
        "textWordEA": 15
      }
    },
    {
      "srcTextID": "125010",
      "srcText": "“언니, 우리가 타고 다니는 버스도 고양이 버스처럼 하늘을 날아다닌다면 정말 신나겠지?” “맞아, 나중에 크면 우리가 토토로 버스를 만들자.” “좋아, 토토로 버스에 씌울 우산은 내가 만들게.” 형이와 윤이는 서로를 바라보며 웃었어요.",
      "srcPage": 16,
      "srcSentenceEA": 4,
      "srcWordEA": 31,
      "character": "언니,우리,버스,고양이 버스,토토로 버스,우산,형이,윤",
      "setting": null,
      "action": "타고 다니는,날아다닌다면,만들자,씌울,만들게,바라보며,웃었어요",
      "feeling": "신나겠지",
      "causalRelationship": null,
      "outcomeResolution": null,
      "prediction": null,
      "plotSummaryInfoCount": 1,
      "plotSummaryInfo": {
        "classification": "의사소통",
        "readAge": "유아",
        "form": "long-form",
        "plotSummaryText": "우리가 타고 다니는 버스도 고양이 버스처럼 하늘을 날아다닌다면 정말 신나겠다고 하자, 형이와 윤이는 나중에 크면 하늘을 날아다니는 고양이 버스도 만들고, 버스에 씌울 우산도 만들자고 하며 웃었어요.",
        "textWordEA": 26
      }
    },
    {
      "srcTextID": "125011",
      "srcText": "형이와 윤이는 서로를 바라보며 웃었어요. 친구들도 비 오는 날 버스 정류장에서 토토로를 만나게 되면 우산을 빌려 주세요. 그럼 재미있고 신나는 모험이 시작될 거예요.",
      "srcPage": 17,
      "srcSentenceEA": 3,
      "srcWordEA": 25,
      "character": "형이,윤,친구들,토토로,우산,버스 정류장",
      "setting": null,
      "action": "바라보며,웃었어요",
      "feeling": "신나는",
      "causalRelationship": null,
      "outcomeResolution": null,
      "prediction": null,
      "plotSummaryInfoCount": 1,
      "plotSummaryInfo": {
        "classification": "의사소통",
        "readAge": "유아",
        "form": "short-form",
        "plotSummaryText": "재미있고 신나는 모험이 시작될 수도 있으니, 친구들도 비 오는 날 버스 정류장에서 토토로를 만난다면 우산을 빌려주세요.",
        "textWordEA": 16
      }
    },
    {
      "srcTextID": "124996",
      "srcText": "'이웃집 토토로'의 이야기는 주인공 사즈키와 메이 자매가 이사하는 날로부터 시작되지요. 작은 시골집에 도착한 사즈키와 메이는 새집에서 검고 동글동글한 동구리 ‘검댕먼지 신’을 만나요. “저게 뭐지?”",
      "srcPage": 2,
      "srcSentenceEA": 5,
      "srcWordEA": 27,
      "character": "이웃집 토토로,사즈키,메이,자매,동구리,검댕먼지 신,집",
      "setting": "시골집",
      "action": "이사하는,도착한,만나요",
      "feeling": null,
      "causalRelationship": null,
      "outcomeResolution": null,
      "prediction": "작은 시골집에 도착한 사즈키와 메이는 새집에서 검고 동글동글한 동구리 검댕먼지 신을 만나요.",
      "plotSummaryInfoCount": 1,
      "plotSummaryInfo": {
        "classification": "의사소통",
        "readAge": "유아",
        "form": "long-form",
        "plotSummaryText": "이웃집 토토로는, 주인공 사즈키와 메이 자매가 새로 이사한 작은 시골집에서 검고 동글동글한 검댕먼지 신을 만나면서 시작됩니다.",
        "textWordEA": 16
      }
    },
    {
      "srcTextID": "124997",
      "srcText": "호기심이 생긴 윤이는 텔레비전 안의 검댕먼지 신을 만지려고 손을 뻗었다가 텔레비전 속으로 ‘휘리릭’ 빨려 들어가고 말았어요. “윤아!” 형이는 재빨리 윤이의 발을 잡았어요. 그 바람에 형이도 텔레비전 속으로 빨려 들어가 정신을 잃고 말았지요.",
      "srcPage": 3,
      "srcSentenceEA": 4,
      "srcWordEA": 35,
      "character": "윤이,텔레비전,검댕먼지 신,손,형이,발",
      "setting": "텔레비전 속",
      "action": "만지려고,뻗었다가,빨려 들어가고,잡았어요,빨려 들어가,정신을 잃고",
      "feeling": null,
      "causalRelationship": null,
      "outcomeResolution": null,
      "prediction": null,
      "plotSummaryInfoCount": 1,
      "plotSummaryInfo": {
        "classification": "의사소통",
        "readAge": "유아",
        "form": "long-form",
        "plotSummaryText": "호기심이 생긴 윤이가 텔레비전 속 검댕먼지 신을 만지려다 텔레비전 속으로 빨려 들어가자, 재빨리 윤이의 발을 잡으려던 형이 마저 같이 빨려 들어가 정신을 잃고 말았습니다.",
        "textWordEA": 24
      }
    },
    {
      "srcTextID": "124998",
      "srcText": "잠시 후, 정신을 차리고 보니 형이는 울창한 나무숲에 누워 있었어요. “대체 여기가 어디지? 윤이는 또 어디 있는 거야? 윤아! 윤아!” 형이는 큰 소리로 윤이를 불렀어요.",
      "srcPage": 4,
      "srcSentenceEA": 6,
      "srcWordEA": 29,
      "character": "형이,윤",
      "setting": "잠시 후,나무숲",
      "action": "정신을 차리고 보니,누워,불렀어요",
      "feeling": null,
      "causalRelationship": null,
      "outcomeResolution": null,
      "prediction": null,
      "plotSummaryInfoCount": 1,
      "plotSummaryInfo": {
        "classification": "의사소통",
        "readAge": "유아",
        "form": "long-form",
        "plotSummaryText": "정신을 차리고 보니 형이는 울창한 나무숲에 누워 있었고 윤이가 보이지 않자, 큰 소리로 윤이를 불렀어요.",
        "textWordEA": 15
      }
    },
    {
      "srcTextID": "124999",
      "srcText": "그 무렵, 윤이도 형이를 찾아 길을 헤매고 있었어요. “언니, 엉엉엉!” 그때, 갑자기 ‘후두둑’ 비가 쏟아지기 시작했어요. 비를 맞으며 길을 걷던 윤이는 버스 정류장에서 아빠를 기다리고 있는 사즈키와 메이를 만났어요.",
      "srcPage": 5,
      "srcSentenceEA": 5,
      "srcWordEA": 32,
      "character": "윤,형이,길,언니,아빠,사즈키,메이",
      "setting": "버스 정류장",
      "action": "찾아,헤매고,쏟아지기,맞으며,걷던,기다리고 있는,만났어요",
      "feeling": null,
      "causalRelationship": null,
      "outcomeResolution": null,
      "prediction": null,
      "plotSummaryInfoCount": 1,
      "plotSummaryInfo": {
        "classification": "의사소통",
        "readAge": "유아",
        "form": "long-form",
        "plotSummaryText": "윤이도 형이를 찾아 헤매다 쏟아지는 비를 맞으며 길을 걷는 도중, 버스 정류장에서 아빠를 기다리고 있는 사즈키와 메이를 만났어요.",
        "textWordEA": 18
      }
    },
    {
      "srcTextID": "125000",
      "srcText": "“넌 누구니?” 메이가 물었어요. “난 윤이야.” “어머나! 손이 왜 그렇게 더럽니?” 사즈키가 윤이의 검은 손을 보며 물었어요.",
      "srcPage": 6,
      "srcSentenceEA": 5,
      "srcWordEA": 20,
      "character": "메이,윤,손,사즈키",
      "setting": null,
      "action": "물었어요,보며",
      "feeling": null,
      "causalRelationship": null,
      "outcomeResolution": null,
      "prediction": null,
      "plotSummaryInfoCount": 1,
      "plotSummaryInfo": {
        "classification": "의사소통",
        "readAge": "유아",
        "form": "long-form",
        "plotSummaryText": "메이와 사즈키는 윤이에게, 넌 누구며 손은 왜 그리 더럽냐고 물었어요.",
        "textWordEA": 10
      }
    },
    {
      "srcTextID": "125005",
      "srcText": "그러자 토토로는 마치 누군가를 부르듯 크게 소리 질렀어요. “쿠앙!” 곧이어 우스꽝스럽게 생긴 고양이 버스가 나타났어요. 토토로는 윤이를 버스에 태웠어요.",
      "srcPage": 10,
      "srcSentenceEA": 3,
      "srcWordEA": 21,
      "character": "토토로,고양이 버스,윤,버스",
      "setting": null,
      "action": "소리 질렀어요,나타났어요,태웠어요",
      "feeling": null,
      "causalRelationship": null,
      "outcomeResolution": null,
      "prediction": null,
      "plotSummaryInfoCount": 1,
      "plotSummaryInfo": {
        "classification": "의사소통",
        "readAge": "유아",
        "form": "short-form",
        "plotSummaryText": "토토르가 크게 소리 질렀고 우스꽝스럽게 생긴 고양이 버스가 나타나자, 토토로는 윤이를 버스에 태웠어요.",
        "textWordEA": 13
      }
    },
    {
      "srcTextID": "125007",
      "srcText": "고양이 버스는 형이가 있는 곳에서 멈춰 섰어요. “언니!” “윤아, 무사했구나.” 형이와 윤이는 반가운 마음에 얼싸안고 눈물을 흘렸어요. “그런데 어떻게 하면 집에 돌아갈 수 있지?” 형이와 윤이는 고민에 빠졌어요.",
      "srcPage": 13,
      "srcSentenceEA": 5,
      "srcWordEA": 30,
      "character": "고양이 버스,형이,언니,윤,집",
      "setting": null,
      "action": "멈춰 섰어요,얼싸안고,눈물을 흘렸어요",
      "feeling": "반가운",
      "causalRelationship": null,
      "outcomeResolution": null,
      "prediction": null,
      "plotSummaryInfoCount": 1,
      "plotSummaryInfo": {
        "classification": "의사소통",
        "readAge": "유아",
        "form": "long-form",
        "plotSummaryText": "고양이 버스가 멈춰 섰고, 윤이와 형이는 반가운 마음에 얼싸안고 눈물을 흘렸고, 어떻게 하면 집에 갈 수 있을지 고민에 빠졌어요.",
        "textWordEA": 19
      }
    }
  ]
}