{
  "title": "마법 주문을 배워 볼까?",
  "author": "조경인",
  "illustrator": "전병준",
  "isbn": "9791193449127",
  "publishedYear": 2023,
  "publisher": "아람북스",
  "paragraphInfoCount": 16,
  "paragraphInfo": [
    {
      "srcTextID": "141688",
      "srcText": "휙! 순식간에 울퉁불퉁 바위 숲에 도착! 팡이가 커다란 바위 위에 마법 막대를 툭툭. “강낭당랑망방상, 나와라, 강팡!”",
      "srcPage": 3,
      "srcSentenceEA": 3,
      "srcWordEA": 18,
      "character": "팡이,바위,마법 막대",
      "setting": "바위 숲",
      "action": "도착,나와라",
      "feeling": null,
      "causalRelationship": null,
      "outcomeResolution": null,
      "prediction": null,
      "plotSummaryInfoCount": 1,
      "plotSummaryInfo": {
        "classification": "의사소통",
        "readAge": "유아",
        "form": "short-form",
        "plotSummaryText": "순식간에 울퉁불퉁 바위 숲에 도착해서, 팡이가 커다란 바위 위에 마법 막대를 툭툭 쳤습니다.",
        "textWordEA": 13
      }
    },
    {
      "srcTextID": "141689",
      "srcText": "“와, 잘한다!” 말하는 나무들이 엄청 기뻐했어요. 신이난 팡이는 잇달아 마법을 부렸어요.",
      "srcPage": 6,
      "srcSentenceEA": 3,
      "srcWordEA": 13,
      "character": "나무들,팡이,마법",
      "setting": null,
      "action": "잘한다,말하는,부렸어요,잇달아",
      "feeling": "기뻐했어요,신이난",
      "causalRelationship": null,
      "outcomeResolution": null,
      "prediction": null,
      "plotSummaryInfoCount": 1,
      "plotSummaryInfo": {
        "classification": "의사소통",
        "readAge": "유아",
        "form": "short-form",
        "plotSummaryText": "말하는 나무들이 엄청 기뻐했고, 신이난 팡이는 잇달아 마법을 부렸습니다.",
        "textWordEA": 9
      }
    },
    {
      "srcTextID": "141692",
      "srcText": "주문을 외우고 ‘랑팡!’ 하고 외쳤지요. 글자 ‘랑’이 들어가는 거라면, 바로 나? 이어서 하나 더!",
      "srcPage": 7,
      "srcSentenceEA": 5,
      "srcWordEA": 18,
      "character": "글자,랑팡",
      "setting": null,
      "action": "주문을 외우고,외쳤지요,들어가는,이어서",
      "feeling": null,
      "causalRelationship": null,
      "outcomeResolution": null,
      "prediction": null,
      "plotSummaryInfoCount": 1,
      "plotSummaryInfo": {
        "classification": "의사소통",
        "readAge": "유아",
        "form": "long-form",
        "plotSummaryText": "주문을 외우고 랑팡이라고 외쳤고, 글자 랑이 들어가는 거라면, 바로 자신이라고 말했습니다.",
        "textWordEA": 11
      }
    },
    {
      "srcTextID": "141701",
      "srcText": "그때, 엄마가 방문을 활짝! “팡이가 랑이에게 책을 읽어 주고 있구나!” “팡이야, 엄마에게도 마법 이야기 해 줄래?” 팡이의 이야기는 또다시 시작되었어요.",
      "srcPage": 17,
      "srcSentenceEA": 4,
      "srcWordEA": 21,
      "character": "엄마,팡이,랑이,이야기,방문,책",
      "setting": null,
      "action": "읽어 주고,해 줄래,시작되었어요",
      "feeling": null,
      "causalRelationship": null,
      "outcomeResolution": null,
      "prediction": null,
      "plotSummaryInfoCount": 1,
      "plotSummaryInfo": {
        "classification": "의사소통",
        "readAge": "유아",
        "form": "long-form",
        "plotSummaryText": "그때, 엄마가 방문을 활짝 열었고, 팡이가 랑이에게 책을 읽어 주고 있었냐며, 엄마에게도 마법 이야기 해 달라고 말했고, 팡이의 이야기는 또다시 시작되었습니다.",
        "textWordEA": 21
      }
    },
    {
      "srcTextID": "141691",
      "srcText": "이번에는 말하는 나무들의 숲에 도착! 팡이가 마법 막대를 휘휘. “강낭당랑망방상, 나와라, 당팡!”",
      "srcPage": 5,
      "srcSentenceEA": 3,
      "srcWordEA": 13,
      "character": "팡이,마법 막대",
      "setting": "나무들의 숲",
      "action": "말하는,도착,나와라",
      "feeling": null,
      "causalRelationship": null,
      "outcomeResolution": null,
      "prediction": null,
      "plotSummaryInfoCount": 1,
      "plotSummaryInfo": {
        "classification": "의사소통",
        "readAge": "유아",
        "form": "short-form",
        "plotSummaryText": "이번에는 말하는 나무들의 숲에 도착해서, 팡이가 마법 막대를 휘휘 저으며, 강낭당랑망방상을 외웠습니다.",
        "textWordEA": 12
      }
    },
    {
      "srcTextID": "141694",
      "srcText": "멍멍 멍멍 길쭉길쭉 당근이 팡! 위풍당당 호랑이가 팡! 히이잉. 와, 여기는 반짝반짝 유리 숲!",
      "srcPage": 9,
      "srcSentenceEA": 4,
      "srcWordEA": 17,
      "character": "당근,호랑이",
      "setting": "유리 숲",
      "action": "위풍당당",
      "feeling": null,
      "causalRelationship": null,
      "outcomeResolution": null,
      "prediction": null,
      "plotSummaryInfoCount": 1,
      "plotSummaryInfo": {
        "classification": "의사소통",
        "readAge": "유아",
        "form": "long-form",
        "plotSummaryText": "길쭉길쭉 당근과 위풍당당 호랑이가 나왔고, 여기는 반짝반짝 유리 숲입니다.",
        "textWordEA": 9
      }
    },
    {
      "srcTextID": "141696",
      "srcText": "앙증맞은 망아지가 팡! 어흐으응! 누가 날 불렀어? “킁킁, 랑이야, 이게 무슨 냄새야?”",
      "srcPage": 11,
      "srcSentenceEA": 4,
      "srcWordEA": 14,
      "character": "망아지,랑이",
      "setting": null,
      "action": "불렀어",
      "feeling": null,
      "causalRelationship": null,
      "outcomeResolution": null,
      "prediction": null,
      "plotSummaryInfoCount": 1,
      "plotSummaryInfo": {
        "classification": "의사소통",
        "readAge": "유아",
        "form": "long-form",
        "plotSummaryText": "앙증맞은 망아지가 나왔고, 누가 날 불렀냐고 말했으며, 랑이에게 이게 무슨 냄새냐고 물었습니다.",
        "textWordEA": 12
      }
    },
    {
      "srcTextID": "141697",
      "srcText": "와, 휭휭 무지갯빛 강가에 도착! 팡이는 무지갯빛 강물을 보자마자 서둘러 주문을 외웠지요. “강낭당랑망방상, 나와라, 상팡!” 이번엔 무엇이 나올까요? 상팡! 강낭당랑망방상, 나와라, 상팡! 뭐가 나올까? 두근두근해.",
      "srcPage": 13,
      "srcSentenceEA": 8,
      "srcWordEA": 31,
      "character": "팡이,강물,주문,상팡",
      "setting": "무지갯빛 강가",
      "action": "도착,보자마자,외웠지요,나와라,나올까요",
      "feeling": null,
      "causalRelationship": null,
      "outcomeResolution": null,
      "prediction": null,
      "plotSummaryInfoCount": 1,
      "plotSummaryInfo": {
        "classification": "의사소통",
        "readAge": "유아",
        "form": "long-form",
        "plotSummaryText": "무지갯빛 강가에 도착했고, 팡이는 무지갯빛 강물을 보자마자 서둘러 주문을 외웠으며, 이번엔 무엇이 나올까 두근두근했습니다.",
        "textWordEA": 14
      }
    },
    {
      "srcTextID": "141698",
      "srcText": "“앙장창캉탕팡항, 나와라, 장팡! 창팡!” 팡이와 랑이는 강가 옆 동굴로 들어갔어요. 그곳에는 커다란 솥단지가 있었지요. “솥단지는 훌륭한 마법 도구지.” 팡이가 마법 가루를 솔솔, 마법 주문을 흥얼흥얼. 장팡! 창팡! 두 가지가 함께 나오는 건 아주 고급 기술이지. 우아, 형, 정말 멋져!",
      "srcPage": 14,
      "srcSentenceEA": 10,
      "srcWordEA": 47,
      "character": "팡이,랑이,솥단지,마법 도구,마법 가루,마법 주문,고급 기술",
      "setting": "강가 옆 동굴",
      "action": "나와라,들어갔어요,있었지요,나오는 건",
      "feeling": "멋져",
      "causalRelationship": null,
      "outcomeResolution": null,
      "prediction": null,
      "plotSummaryInfoCount": 1,
      "plotSummaryInfo": {
        "classification": "의사소통",
        "readAge": "유아",
        "form": "long-form",
        "plotSummaryText": "팡이와 랑이는 강가 옆 동굴로 들어갔고, 그곳에는 커다란 솥단지가 있었으며, 팡이가 마법 가루를 솔솔 뿌리고, 마법 주문을 흥얼흥얼했습니다.",
        "textWordEA": 18
      }
    },
    {
      "srcTextID": "141699",
      "srcText": "향긋한 장미와 초록 창문이 팡! 팡이는 어깨를 으쓱으쓱. 그사이 랑이가 다음 마법 주문을 얼른 외쳤어요. “아자차카, 아니, 앙장창캉탕팡항, 나와라, 탕팡!” 주문을 외치자 솥단지에서 연기가 뭉게뭉게! 탕팡! 우아, 어려운 마법 주문도 잘하는데!",
      "srcPage": 15,
      "srcSentenceEA": 7,
      "srcWordEA": 36,
      "character": "장미,초록 창문,랑이,마법 주문,솥단지",
      "setting": null,
      "action": "외쳤어요,나와라,외치자",
      "feeling": null,
      "causalRelationship": null,
      "outcomeResolution": null,
      "prediction": null,
      "plotSummaryInfoCount": 1,
      "plotSummaryInfo": {
        "classification": "의사소통",
        "readAge": "유아",
        "form": "long-form",
        "plotSummaryText": "향긋한 장미와 초록 창문이 나왔고, 그사이 랑이가 다음 마법 주문을 외치자, 솥단지에서 연기가 뭉게뭉게 피어났습니다.",
        "textWordEA": 15
      }
    },
    {
      "srcTextID": "141700",
      "srcText": "뭉게뭉게 솜사탕이 팡! 팡팡! 항팡! 우아, 팽글팽글 화사한 꽃밭에 도착! 꽃 위로 커다란 물방울들이 떨어지고 있었어요. “이젠 너도 마법사가 될 수 있겠어! 근사한 마법 도구를 선물해 줄게.” 팡이의 말에 랑이의 눈동자가 반짝반짝. 팡이가 힘차게 주문을 외쳤어요.",
      "srcPage": 16,
      "srcSentenceEA": 9,
      "srcWordEA": 43,
      "character": "솜사탕,물방울들,마법사,마법 도구,팡이,랑이",
      "setting": "꽃밭",
      "action": "떨어지고 있었어요,될 수 있겠어,선물해 줄게,외쳤어요",
      "feeling": null,
      "causalRelationship": null,
      "outcomeResolution": null,
      "prediction": null,
      "plotSummaryInfoCount": 1,
      "plotSummaryInfo": {
        "classification": "의사소통",
        "readAge": "유아",
        "form": "long-form",
        "plotSummaryText": "화사한 꽃밭에 도착하자 꽃 위로 커다란 물방울들이 떨어지고 있었고, 팡이는 이제 랑이도 마법사가 될 수 있겠다며 근사한 마법 도구를 선물해 주겠다고 말했습니다.",
        "textWordEA": 22
      }
    },
    {
      "srcTextID": "141702",
      "srcText": "앗 엄마다! 강아지가 주문을 외우자 배낭이 나왔어. 당근 먹는 호랑이가 주문을 외우자 망아지와 소방차가 나왔어.",
      "srcPage": 18,
      "srcSentenceEA": 3,
      "srcWordEA": 17,
      "character": "엄마,강아지,배낭,당근,호랑이,망아지,소방차",
      "setting": null,
      "action": "외우자,나왔어,먹는",
      "feeling": null,
      "causalRelationship": null,
      "outcomeResolution": null,
      "prediction": null,
      "plotSummaryInfoCount": 1,
      "plotSummaryInfo": {
        "classification": "의사소통",
        "readAge": "유아",
        "form": "short-form",
        "plotSummaryText": "강아지가 주문을 외우자 배낭이 나왔고, 당근 먹는 호랑이가 주문을 외우자 망아지와 소방차가 나왔습니다.",
        "textWordEA": 13
      }
    },
    {
      "srcTextID": "141686",
      "srcText": "팡이와 랑이는 알콩달콩 사이좋은 형제예요. “세상에서 마법 놀이가 가장 좋아!” 오늘도 팡이와 랑이는 마법의 숲으로 가요.",
      "srcPage": 1,
      "srcSentenceEA": 3,
      "srcWordEA": 17,
      "character": "팡이,랑이,형제,마법놀이",
      "setting": "마법의 숲",
      "action": "사이좋은,가요",
      "feeling": "좋아",
      "causalRelationship": null,
      "outcomeResolution": null,
      "prediction": null,
      "plotSummaryInfoCount": 1,
      "plotSummaryInfo": {
        "classification": "의사소통",
        "readAge": "유아",
        "form": "short-form",
        "plotSummaryText": "팡이와 랑이는 알콩달콩 사이좋은 형제이고, 그들은 세상에서 마법 놀이가 가장 좋다며 오늘도 마법의 숲으로 갑니다.",
        "textWordEA": 15
      }
    },
    {
      "srcTextID": "141693",
      "srcText": "그런데 갑자기 랑이가 팡이에게 떼를 써요. “나도 마법 주문 알려 줘. 응?” 랑이는 마법을 부리는 형이 부러웠어요.",
      "srcPage": 10,
      "srcSentenceEA": 4,
      "srcWordEA": 19,
      "character": "랑이,팡이,마법 주문,마법,형",
      "setting": null,
      "action": "떼를 써요,알려 줘,부리는",
      "feeling": "부러웠어요",
      "causalRelationship": null,
      "outcomeResolution": null,
      "prediction": null,
      "plotSummaryInfoCount": 1,
      "plotSummaryInfo": {
        "classification": "의사소통",
        "readAge": "유아",
        "form": "long-form",
        "plotSummaryText": "그런데 갑자기 랑이가 팡이에게 떼를 썼고, 마법을 부리는 형이 부러워, 자기도 마법 주문을 알려 달라고 말했습니다.",
        "textWordEA": 16
      }
    },
    {
      "srcTextID": "141695",
      "srcText": " 지독한 방귀가 팡! “흑, 마법 주문을 잘못 말하다니!” 랑이는 실망하지 않고 다시 천천히 마법 주문을 외쳤어요",
      "srcPage": 12,
      "srcSentenceEA": 3,
      "srcWordEA": 18,
      "character": "방귀,랑이,마법 주문",
      "setting": null,
      "action": "잘못 말하다니,실망하지 않고,외쳤어요",
      "feeling": null,
      "causalRelationship": null,
      "outcomeResolution": null,
      "prediction": null,
      "plotSummaryInfoCount": 1,
      "plotSummaryInfo": {
        "classification": "의사소통",
        "readAge": "유아",
        "form": "short-form",
        "plotSummaryText": "마법 주문을 잘못 말해서 지독한 방귀가 나왔고, 랑이는 실망하지 않고 다시 천천히 마법 주문을 외쳤습니다.",
        "textWordEA": 15
      }
    },
    {
      "srcTextID": "141685",
      "srcText": "오늘은 신비한 마법의 숲으로 떠나는 거 어때? 좋아, 좋아! 팡 팡 팡!",
      "srcPage": 2,
      "srcSentenceEA": 3,
      "srcWordEA": 14,
      "character": null,
      "setting": "오늘,마법의 숲",
      "action": "떠나는 거,신비한",
      "feeling": "좋아",
      "causalRelationship": null,
      "outcomeResolution": null,
      "prediction": null,
      "plotSummaryInfoCount": 1,
      "plotSummaryInfo": {
        "classification": "의사소통",
        "readAge": "유아",
        "form": "short-form",
        "plotSummaryText": "오늘은 신비한 마법의 숲으로 떠나는 게 어떠냐고 하자 좋다고 말했습니다.",
        "textWordEA": 10
      }
    }
  ]
}