{
  "title": "밤나무 아들 밤손이",
  "author": "신현배",
  "illustrator": "김효진",
  "isbn": "9791157987238",
  "publishedYear": 2019,
  "publisher": "세이펜북스",
  "paragraphInfoCount": 18,
  "paragraphInfo": [
    {
      "srcTextID": "106173",
      "srcText": "사내아이는 주인 영감 딸을 고르려고 동쪽으로 갔다 서쪽으로 갔다 했어. 하지만 밤손이는 누가 주인 영감 딸인지 몰라 우두커니 서 있었지. 바로 그때 어디선가 모기떼가 나타나더니 밤손이 귀에 대고 이렇게 속삭이네. \"앵앵! 동쪽, 동쪽!\" 밤손이는 이 말을 듣고 동쪽에 있는 처녀를 골랐어. 그러자 주인 영감이 웃으며 말했지. \"네가 제대로 골랐구나. 이 아이가 내 딸이야.\"",
      "srcPage": 18,
      "srcSentenceEA": 8,
      "srcWordEA": 59,
      "character": "사내아이,딸,밤손이,모기떼,처녀,주인 영감",
      "setting": null,
      "action": "고르려고,서,나타나더니,속삭이네,골랐어",
      "feeling": null,
      "causalRelationship": null,
      "outcomeResolution": null,
      "prediction": null,
      "plotSummaryInfoCount": 1,
      "plotSummaryInfo": {
        "classification": "의사소통",
        "readAge": "유아",
        "form": "long-form",
        "plotSummaryText": "어디선가 모기떼가 나타나 동쪽이라고 속삭였고, 밤손이가 딸을 고르자 주인 영감이 제대로 골랐다고 말했다.",
        "textWordEA": 13
      }
    },
    {
      "srcTextID": "106171",
      "srcText": "밤손이는 뒷산에 가서 밭에 뿌린 조를 줍기 시작했어. 하지만 너무 힘이 들어 밭에 주저앉아 엉엉 울었지. 바로 그때 어디선가 개미 떼가 나타나 밭에 쫙 깔리더니 조를 금세 다 물어 오네. 밤손이는 조 한 가마니를 짊어지고 기와집으로 돌아왔어. 그러자 주인 영감은 밤손이를 칭찬했지. \"네 재주가 참 용하구나!\"",
      "srcPage": 16,
      "srcSentenceEA": 6,
      "srcWordEA": 50,
      "character": "밤손이,개미 떼,주인 영감,조 한 가마니",
      "setting": "뒷산,밭,기와집",
      "action": "줍기,울었지,나타나,물어 오네,돌아왔어",
      "feeling": null,
      "causalRelationship": null,
      "outcomeResolution": null,
      "prediction": null,
      "plotSummaryInfoCount": 1,
      "plotSummaryInfo": {
        "classification": "의사소통",
        "readAge": "유아",
        "form": "long-form",
        "plotSummaryText": "밤손이가 또 너무 힘들어서 주저앉아 울었더니, 개미 떼가 조를 금세 다 물어와서 밤손이는 조 한 가마니를 짊어지고 돌아왔다.",
        "textWordEA": 18
      }
    },
    {
      "srcTextID": "106144",
      "srcText": "밤손이가 잘 자라 글방에 다니는데, 글방 친구들이 자꾸만 밤손이를 놀려 대네. \"아비 없는 자식! 아비 없는 자식!\" 밤손이는 속이 상해 어머니에게 물었어. \"다른 아이들은 아버지가 있는데 왜 저만 아버지가 없나요?\" 그랬더니 어머니가 대답했지. \"너라고 왜 아버지가 없겠니? 뒷산 밤나무가 바로 네 아버지야.\"",
      "srcPage": 2,
      "srcSentenceEA": 8,
      "srcWordEA": 46,
      "character": "밤손이,글방 친구,어머니,아버지,밤나무",
      "setting": null,
      "action": "자라,다니는데,놀려 대네,물었어,대답했지",
      "feeling": "속이 상해",
      "causalRelationship": null,
      "outcomeResolution": null,
      "prediction": null,
      "plotSummaryInfoCount": 1,
      "plotSummaryInfo": {
        "classification": "의사소통",
        "readAge": "유아",
        "form": "long-form",
        "plotSummaryText": "밤손이의 글방 친구들이 자꾸만 아비 없는 자식이라고 놀려 대서, 밤손이가 어머니에게 왜 자기만 아버지가 없냐고 물으니 뒷산 밤나무가 아버지라고 했다.",
        "textWordEA": 20
      }
    },
    {
      "srcTextID": "106153",
      "srcText": "물 위를 두둥실 떠내려가는데, 멧돼지 떼가 물에 둥둥 떠내려오네. 밤손이는 멧돼지들이 불쌍해서 밤나무에게 말했어. \"아버지, 저 멧돼지들을 구해 줘요.\" \"오냐, 그렇게 해라.\" 밤손이는 손을 내밀어 멧돼지들을 건져 줬지.",
      "srcPage": 7,
      "srcSentenceEA": 5,
      "srcWordEA": 30,
      "character": "멧돼지 떼,밤나무,밤손이",
      "setting": "물 위",
      "action": "떠내려가는데,떠내려오네,건져 줬지,손을 내밀어,말했어",
      "feeling": null,
      "causalRelationship": null,
      "outcomeResolution": null,
      "prediction": null,
      "plotSummaryInfoCount": 1,
      "plotSummaryInfo": {
        "classification": "의사소통",
        "readAge": "유아",
        "form": "long-form",
        "plotSummaryText": "멧돼지 떼가 떠내려오자 밤손이는 밤나무에게 멧돼지들을 구해 달라고 부탁한 뒤 허락을 받고 멧돼지들을 건져냈다.",
        "textWordEA": 14
      }
    },
    {
      "srcTextID": "106632",
      "srcText": "한참을 떠내려가는데, 저만치서 모기떼가 물에 둥둥 떠내려오네. 밤손이는 모기들도 불쌍해서 밤나무에게 말했어. \"아버지, 저 모기들을 구해 줘요.\" \"오냐, 그렇게 해라.\" 밤손이는 모기들도 건져 줬지.",
      "srcPage": 9,
      "srcSentenceEA": 5,
      "srcWordEA": 26,
      "character": "모기떼,밤손이,밤나무,아버지,모기들",
      "setting": null,
      "action": "떠내려오네,말했어,건져,구해",
      "feeling": "불쌍해서",
      "causalRelationship": null,
      "outcomeResolution": null,
      "prediction": null,
      "plotSummaryInfoCount": 1,
      "plotSummaryInfo": {
        "classification": "의사소통",
        "readAge": "유아",
        "form": "long-form",
        "plotSummaryText": "모기떼가 떠내려오자 밤송이는 모기들도 구해줬다.",
        "textWordEA": 5
      }
    },
    {
      "srcTextID": "106169",
      "srcText": "밤손이는 뒷산에 가서 밭을 갈기 시작했어. 하지만 너무 힘이 들어 밭에 주저앉아 엉엉 울었지. 바로 그때 어디선가 멧돼지 떼가 나타나더니 주둥이로 밭을 금세 다 갈아 주네. 밤손이는 조 한 가마니를 밭에 모두 뿌리고 기와집으로 돌아왔어. 그러자 주인 영감은 밤손이를 칭찬했지. \"너는 보통 아이가 아니로구나!\"",
      "srcPage": 14,
      "srcSentenceEA": 6,
      "srcWordEA": 48,
      "character": "밤손이,멧돼지 떼,주인 영감",
      "setting": "뒷산,밭",
      "action": "울었지,나타나더니,뿌리고,갈아 주네,칭찬했지",
      "feeling": null,
      "causalRelationship": null,
      "outcomeResolution": null,
      "prediction": null,
      "plotSummaryInfoCount": 1,
      "plotSummaryInfo": {
        "classification": "의사소통",
        "readAge": "유아",
        "form": "long-form",
        "plotSummaryText": "밤손이가 너무 힘들어서 주저앉아 울었더니 어디선가 멧돼지 떼가 나타나 금세 밭을 다 갈아 주어 무사히 일을 마칠 수 있었고 주인 영감은 그런 밤손이를 칭찬했다.",
        "textWordEA": 24
      }
    },
    {
      "srcTextID": "106170",
      "srcText": "사내아이는 약이 올라 또 주인 영감에게 말했어. \"아무리 농사일을 잘해도 어떻게 벌써 그 넓은 밭을 다 갈고 조 한 가마니를 뿌렸겠어요? 조를 다 버린 것 같으니 다시 주워 오라고 하세요.\" \"으음, 듣고 보니 그렇구나.\" 주인 영감은 당장 밤손이를 불러 그 일을 맡겼지.",
      "srcPage": 15,
      "srcSentenceEA": 5,
      "srcWordEA": 44,
      "character": "사내아이,주인 영감,밤손이,밭,조 한 가마니",
      "setting": null,
      "action": "뿌렸겠어요,버린,주워 오라고,불러",
      "feeling": null,
      "causalRelationship": null,
      "outcomeResolution": null,
      "prediction": null,
      "plotSummaryInfoCount": 1,
      "plotSummaryInfo": {
        "classification": "의사소통",
        "readAge": "유아",
        "form": "long-form",
        "plotSummaryText": "약이 오른 사내아이는 주인 영감에게 밤손이가 조를 다 버린 것 같으니 다시 주워 오게 하라고 부추겼다.",
        "textWordEA": 16
      }
    },
    {
      "srcTextID": "106143",
      "srcText": "옛날 어느 마을에 한 처녀가 홀로 살았어. 하루는 이 처녀가 뒷산 밤나무 밑에서 오줌을 누었지. 그런데 무엇이 아래를 따끔하게 찌르더니, 그날부터 배가 불러오네. 처녀는 열 달 만에 아들을 낳았는데, 이 아이가 바로 밤손이야. 밤나무 때문에 얻은 자식이라고 그렇게 이름을 지었지.",
      "srcPage": 1,
      "srcSentenceEA": 5,
      "srcWordEA": 44,
      "character": "한 처녀,밤손,아이,밤나무",
      "setting": "밤나무 밑",
      "action": "살았어,오줌을 누었지,찌르더니,배가 불러,낳았는데",
      "feeling": null,
      "causalRelationship": "밤나무 때문에 얻은 자식이라고 그렇게 이름을 지었지.",
      "outcomeResolution": "처녀는 열 달 만에 아들을 낳았는데, 이 아이가 바로 밤손이야.",
      "prediction": null,
      "plotSummaryInfoCount": 1,
      "plotSummaryInfo": {
        "classification": "의사소통",
        "readAge": "유아",
        "form": "long-form",
        "plotSummaryText": "옛날 한 처녀가 뒷산 밤나무 밑에서 오줌을 누다가 무엇에 따끔하게 찔린 뒤 열 달 만에 아들을 낳았는데, 이 아기가 바로 밤손이이다.",
        "textWordEA": 21
      }
    },
    {
      "srcTextID": "106172",
      "srcText": "주인 영감에겐 고운 딸이 하나, 딸과 얼굴이 꼭 닮은 종이 하나 있었어. 하루는 주인 영감이 딸과 종을 똑같이 꾸며서 나란히 세워 놓았지. 주인 영감은 밤손이와 사내아이를 불러 말했어. \"내 딸을 고르는 사람을 사위로 삼겠다. 종을 고르는 사람은 내 종이 된다.\"",
      "srcPage": 17,
      "srcSentenceEA": 5,
      "srcWordEA": 43,
      "character": "주인 영감,딸,밤손이,사내아이",
      "setting": null,
      "action": "꾸며서,세워,불러 말했어,고르는,삼겠다",
      "feeling": null,
      "causalRelationship": null,
      "outcomeResolution": null,
      "prediction": null,
      "plotSummaryInfoCount": 1,
      "plotSummaryInfo": {
        "classification": "의사소통",
        "readAge": "유아",
        "form": "long-form",
        "plotSummaryText": "주인 영감에겐 딸 하나와 그 딸을 꼭 닮은 종이 하나 있는데, 딸과 종을 똑같이 꾸며서 나란히 세워 두고 밤손이와 사내아이에게 내 딸을 고르는 사람을 사위로 삼고 종을 고르는 사람은 내 종이 된다고 했다.",
        "textWordEA": 33
      }
    },
    {
      "srcTextID": "106145",
      "srcText": "밤손이가 더 크게 \"아버지!\"하고 부르자, 그제야 밤나무가 반갑게 대답했지. \"왜 그러냐, 내 아들아!\" 그날부터 밤손이는 밤나무를 아버지라 여기고 날마다 나무 위에 올라가서 놀았단다.",
      "srcPage": 4,
      "srcSentenceEA": 4,
      "srcWordEA": 25,
      "character": "밤손이,아버지,아들,밤나무",
      "setting": null,
      "action": "부르자,대답했지,놀았단다",
      "feeling": null,
      "causalRelationship": null,
      "outcomeResolution": null,
      "prediction": null,
      "plotSummaryInfoCount": 1,
      "plotSummaryInfo": {
        "classification": "의사소통",
        "readAge": "유아",
        "form": "long-form",
        "plotSummaryText": "밤손이가 크게 아버지라고 부르자, 밤나무가 아들아라고 대답해서 밤손이는 밤나무를 아버지라 여기고 나무 위에서 놀았다.",
        "textWordEA": 14
      }
    },
    {
      "srcTextID": "106631",
      "srcText": "또 얼마쯤 떠내려가는데, 이번에는 개미 떼가 물에 둥둥 떠내려오네. 밤손이는 개미들도 불쌍해서 밤나무에게 말했어. \"아버지, 저 개미들을 구해 줘요.\" \"오냐, 그렇게 해라.\" 밤손이는 나뭇가지를 내밀어 개미들도 건져 줬지.",
      "srcPage": 8,
      "srcSentenceEA": 5,
      "srcWordEA": 30,
      "character": "개미 떼,밤손이,밤나무,나뭇가지",
      "setting": null,
      "action": "말했어,내밀어,건져 줬지,떠내려오네",
      "feeling": "불쌍해서",
      "causalRelationship": null,
      "outcomeResolution": null,
      "prediction": null,
      "plotSummaryInfoCount": 1,
      "plotSummaryInfo": {
        "classification": "의사소통",
        "readAge": "유아",
        "form": "long-form",
        "plotSummaryText": "이번엔 개미 떼가 떠내려왔고 또다시 밤나무에게 구해달라고 부탁한 후 밤손이는 나뭇가지를 개미들에게 내밀어 건져 줬다.",
        "textWordEA": 15
      }
    },
    {
      "srcTextID": "106166",
      "srcText": "자꾸 떠내려가니 섬이 하나 나왔어. 밤나무는 \"가고 싶은 데로 가거라.\" 하고는 또 둥둥 떠내려갔지. 멧돼지 떼와 개미 떼와 모기떼는 섬에 내려 어디론가 사라졌어.",
      "srcPage": 11,
      "srcSentenceEA": 5,
      "srcWordEA": 26,
      "character": "밤나무,멧돼지 떼,개미 떼,모기떼",
      "setting": "섬",
      "action": "떠내려가니,내려,가거라,떠내려갔지,사라졌어",
      "feeling": null,
      "causalRelationship": null,
      "outcomeResolution": null,
      "prediction": null,
      "plotSummaryInfoCount": 1,
      "plotSummaryInfo": {
        "classification": "의사소통",
        "readAge": "유아",
        "form": "long-form",
        "plotSummaryText": "섬을 발견한 밤나무가 멧돼지 떼와 개미 떼, 모기떼를 섬에 내려주자 그것들은 어디론가 사라졌다.",
        "textWordEA": 13
      }
    },
    {
      "srcTextID": "106165",
      "srcText": "밤손이와 사내아이는 산을 넘어 어느 마을에 이르렀지. 그 마을에는 큰 기와집이 있는데, 둘이는 주인 영감에게 이렇게 부탁했단다. \"이 댁에서 심부름이나 하며 살게 해 주세요.\" 주인 영감이 좋다고 하여 둘이는 그 집에서 살게 되었지.",
      "srcPage": 12,
      "srcSentenceEA": 4,
      "srcWordEA": 35,
      "character": "밤손이,사내아이,주인 영감",
      "setting": "어느 마을,큰 기와집",
      "action": "넘어,살게 되었지,부탁했단다,이르렀지",
      "feeling": null,
      "causalRelationship": null,
      "outcomeResolution": null,
      "prediction": null,
      "plotSummaryInfoCount": 1,
      "plotSummaryInfo": {
        "classification": "의사소통",
        "readAge": "유아",
        "form": "long-form",
        "plotSummaryText": "밤손이와 사내아이는 큰 기와집에 사는 주인 영감에게 심부름하며 살게 해 달라고 하곤 같이 살게 되었다.",
        "textWordEA": 15
      }
    },
    {
      "srcTextID": "106146",
      "srcText": "밤손이는 뒷산 밤나무에게 달려가 큰 소리로 외쳤어. \"아버지!\" 그런데 밤나무는 아무 대답이 없네. 밤손이는 다시 한번 \"아버지!\"하고 불렀어. 그래도 밤나무는 여전히 대답이 없네.",
      "srcPage": 3,
      "srcSentenceEA": 5,
      "srcWordEA": 27,
      "character": "밤손이,아버지,밤나무",
      "setting": null,
      "action": "달려가,외쳤어,불렀어",
      "feeling": null,
      "causalRelationship": null,
      "outcomeResolution": null,
      "prediction": null,
      "plotSummaryInfoCount": 1,
      "plotSummaryInfo": {
        "classification": "의사소통",
        "readAge": "유아",
        "form": "long-form",
        "plotSummaryText": "밤손이는 뒷산 밤나무에게 달려가서 연신 아버지라고 외쳤으나, 밤나무는 아무 대답이 없었다.",
        "textWordEA": 11
      }
    },
    {
      "srcTextID": "106149",
      "srcText": "하루는 밤나무가 밤손이에게 말했어. \"비가 많이 올 테니, 오늘은 집에 가지 말고 내 위에 올라타고 있어라.\" 밤손이는 밤나무가 시키는 대로 했어. 그랬더니 정말로 비가 억수로 내리기 시작하네.",
      "srcPage": 5,
      "srcSentenceEA": 4,
      "srcWordEA": 29,
      "character": "밤나무,밤손이,비,집",
      "setting": null,
      "action": "말했어,올라타고,가지,시키는",
      "feeling": null,
      "causalRelationship": null,
      "outcomeResolution": null,
      "prediction": "그랬더니 정말로 비가 억수로 내리기 시작하네.",
      "plotSummaryInfoCount": 1,
      "plotSummaryInfo": {
        "classification": "의사소통",
        "readAge": "유아",
        "form": "long-form",
        "plotSummaryText": "하루는 밤나무가 비가 많이 올 테니 집에 가지 말고 내 위에 올라타고 있으라고 해서 밤손이가 시키는 대로 했더니 정말 비가 억수로 내리기 시작했다.",
        "textWordEA": 23
      }
    },
    {
      "srcTextID": "106148",
      "srcText": "비는 몇 날 며칠 쏟아져 온 세상이 물에 잠겼어. 밤나무는 뿌리째 뽑혀 물에 둥둥 떠내려갔어. 밤손이도 밤나무를 타고 물에 둥둥 떠내려갔지.",
      "srcPage": 6,
      "srcSentenceEA": 3,
      "srcWordEA": 23,
      "character": "밤나무,밤손이,비",
      "setting": null,
      "action": "잠겼어,뽑혀,떠내려갔어,타고",
      "feeling": null,
      "causalRelationship": null,
      "outcomeResolution": "비는 몇 날 며칠 쏟아져 온 세상이 물에 잠겼어.",
      "prediction": null,
      "plotSummaryInfoCount": 1,
      "plotSummaryInfo": {
        "classification": "의사소통",
        "readAge": "유아",
        "form": "short-form",
        "plotSummaryText": "비가 몇 날 며칠 쏟아져 온 세상이 물에 잠기고 밤나무도 뿌리째 뽑혀 밤손이와 함께 물에 둥둥 떠내려갔다.",
        "textWordEA": 17
      }
    },
    {
      "srcTextID": "106160",
      "srcText": "멧돼지, 개미, 모기들을 태우고 떠내려가는데, 한 사내아이가 \"살려 주세요!\" 소리치며 떠내려오네. 밤손이는 아이가 불쌍해서 밤나무에게 말했어. \"아버지, 저 아이를 구해 줘요.\" \"그럴 것 없다. 나중에 너한테 못된 짓만 할걸.\" \"아니에요. 사람이 죽어 가는데 모른 척할 수 없어요.\" 밤손이는 손을 내밀어 아이를 건져 줬지.",
      "srcPage": 10,
      "srcSentenceEA": 9,
      "srcWordEA": 48,
      "character": "멧돼지,개미,한 사내아이,밤손이,밤나무",
      "setting": null,
      "action": "태우고,소리치며,내밀어,건져,구해",
      "feeling": "불쌍해서",
      "causalRelationship": null,
      "outcomeResolution": null,
      "prediction": null,
      "plotSummaryInfoCount": 1,
      "plotSummaryInfo": {
        "classification": "의사소통",
        "readAge": "유아",
        "form": "long-form",
        "plotSummaryText": "살려 달라는 한 사내아이를 보고 밤손이가 저 아이를 구해 달라고 했더니, 밤나무는 나중에 너한테 못된 짓만 할 것이라 했지만 밤손이는 그럼에도 아이를 구해줬다.",
        "textWordEA": 23
      }
    },
    {
      "srcTextID": "106168",
      "srcText": "밤손이는 늘 부지런하여 주인 영감에게 칭찬을 많이 들었어. 사내아이는 샘이 나서, 어느 날 주인 영감에게 거짓으로 고해바쳤지. \"밤손이는 농사일을 아주 잘해요. 한나절이면 뒷산에 있는 밭을 다 갈고 조 한 가마니를 뿌릴 수 있어요.\" \"오, 그래, 그게 정말이냐?\" 주인 영감은 당장 밤손이를 불러 그 일을 맡겼지.",
      "srcPage": 13,
      "srcSentenceEA": 6,
      "srcWordEA": 48,
      "character": "밤손이,주인 영감,사내아이,밭",
      "setting": "어느 날",
      "action": "고해바쳤지,갈고,불러,맡겼지,잘해요",
      "feeling": null,
      "causalRelationship": null,
      "outcomeResolution": null,
      "prediction": null,
      "plotSummaryInfoCount": 1,
      "plotSummaryInfo": {
        "classification": "의사소통",
        "readAge": "유아",
        "form": "long-form",
        "plotSummaryText": "밤손이가 부지런하여 주인 영감에게 칭찬을 많이 들으니 샘이 난 사내아이가, 주인 영감에게 거짓말로 밤손이가 농사일을 아주 잘한다고 하자 주인 영감은 밤손이에게 농사일을 맡겼다.",
        "textWordEA": 23
      }
    }
  ]
}