{
  "title": "여우 누이",
  "author": "김현주",
  "illustrator": "이윤정",
  "isbn": "9791157987160",
  "publishedYear": 2019,
  "publisher": "세이펜북스",
  "paragraphInfoCount": 19,
  "paragraphInfo": [
    {
      "srcTextID": "97659",
      "srcText": "옛날에 간날에 어떤 부잣집이 있었어. 이 집 부부는 아들을 셋이나 두었는데 그러고도 딸을 더 얻겠다고 만날 삼신할머니한테 빌었지. 그러면서 하는 말이 글쎄 여우라도 좋으니 그저 딸 하나만 낳게 해 달라지 뭐야.",
      "srcPage": 1,
      "srcSentenceEA": 3,
      "srcWordEA": 33,
      "character": "삼신할머니,여우,딸,부부,아들",
      "setting": "옛날",
      "action": "두었는데,얻겠다고,빌었지,낳게",
      "feeling": null,
      "causalRelationship": null,
      "outcomeResolution": null,
      "prediction": null,
      "plotSummaryInfoCount": 1,
      "plotSummaryInfo": {
        "classification": "의사소통",
        "readAge": "유아",
        "form": "short-form",
        "plotSummaryText": "옛날에 어떤 부잣집 부부는 아들을 셋이나 두었는데도 딸을 더 얻겠다고 삼신할머니한테 빌면서 여우라도 좋으니 딸 하나만 낳게 해 달라고 했습니다.",
        "textWordEA": 20
      }
    },
    {
      "srcTextID": "97598",
      "srcText": "간밤에도 소 한 마리 꼴까당 넘어져 죽었는데 말이야. 다음 날 밤 둘째도 고만 까무룩 잠이 들어 아무것도 못 보고 말았어. 그 밤에도 말 한 마리 탁 엎어져 죽었는데 말이야.",
      "srcPage": 4,
      "srcSentenceEA": 3,
      "srcWordEA": 31,
      "character": "소,말,둘째",
      "setting": null,
      "action": "넘어져,잠이 들어,못 보고,죽었는데",
      "feeling": null,
      "causalRelationship": null,
      "outcomeResolution": null,
      "prediction": null,
      "plotSummaryInfoCount": 1,
      "plotSummaryInfo": {
        "classification": "의사소통",
        "readAge": "유아",
        "form": "short-form",
        "plotSummaryText": "간밤에 소 한 마리가 죽었는데도 못 보고, 다음 날 둘째도 잠이 들어 밤에 말이 죽었는데 아무것도 못 보고 말았습니다.",
        "textWordEA": 19
      }
    },
    {
      "srcTextID": "97600",
      "srcText": "이번에는 아버지가 셋째한테 소와 말을 지키라 했어. 셋째는 잠이 올까 봐 볶은 콩을 오도독오도독 깨물어 먹었어. 한밤중이 되자 그 어린 누이란 게 방에서 스으윽 나오더니 외양간에 가서 소 똥구멍으로 손을 쑥! 넣더니 간을 쏙 빼서 꿀꺽 먹지 뭐야. 이러니 소는 이제 탁 엎어지지.",
      "srcPage": 5,
      "srcSentenceEA": 5,
      "srcWordEA": 47,
      "character": "아버지,소,말,셋째,어린 누이",
      "setting": "한밤중,외양간",
      "action": "깨물어 먹었어,넣더니,빼서,먹지,엎어지지,지키라,올까,나오더니,가서",
      "feeling": null,
      "causalRelationship": null,
      "outcomeResolution": null,
      "prediction": null,
      "plotSummaryInfoCount": 1,
      "plotSummaryInfo": {
        "classification": "의사소통",
        "readAge": "유아",
        "form": "long-form",
        "plotSummaryText": "이번엔 셋째한테 소와 말을 지키라고 해서 잠이 올까 봐 볶은 콩을 깨물어 먹었는데, 한밤중이 되자 어린 누이가 방에서 나오더니 외양간에 가서 소의 간을 빼서 먹었습니다.",
        "textWordEA": 25
      }
    },
    {
      "srcTextID": "97601",
      "srcText": "셋째는 아침에 울며불며 말했어. \"아버지, 우리 집 큰일 났어요. 저 애가 간을 빼서 먹으니까, 소가 푹 꺼꾸러졌어요.\"",
      "srcPage": 6,
      "srcSentenceEA": 3,
      "srcWordEA": 18,
      "character": "아버지,소,셋째,저 애,간",
      "setting": "아침",
      "action": "빼서 먹으니까,말했어,꺼꾸러졌어요",
      "feeling": null,
      "causalRelationship": null,
      "outcomeResolution": null,
      "prediction": null,
      "plotSummaryInfoCount": 1,
      "plotSummaryInfo": {
        "classification": "의사소통",
        "readAge": "유아",
        "form": "short-form",
        "plotSummaryText": "셋째는 아침에 아버지께 울며불며 저 애가 간을 빼서 먹으니까, 소가 꺼꾸러졌다고 말했습니다.",
        "textWordEA": 12
      }
    },
    {
      "srcTextID": "97606",
      "srcText": "이러면서 누이란 것이 막 반갑다며 달려오는 거야. 그런데 누이는 예전의 그 예쁜 누이가 아니야. 눈이 쪽 찢어진 게 괴상해 보여.",
      "srcPage": 12,
      "srcSentenceEA": 3,
      "srcWordEA": 22,
      "character": "누이,눈",
      "setting": null,
      "action": "달려오는,찢어진 게",
      "feeling": null,
      "causalRelationship": null,
      "outcomeResolution": null,
      "prediction": "눈이 쪽 찢어진 게 괴상해 보여.",
      "plotSummaryInfoCount": 1,
      "plotSummaryInfo": {
        "classification": "의사소통",
        "readAge": "유아",
        "form": "short-form",
        "plotSummaryText": "누이란 것이 반갑다고 달려오는데 예전 예쁜 누이가 아니고 눈이 찢어진 게 괴상해 보였습니다.",
        "textWordEA": 13
      }
    },
    {
      "srcTextID": "97660",
      "srcText": "셋째는 각시가 해 주는 밥을 먹고 좋은 기와집에서 거의 십 년을 살았어. 살다가는 이제 고향이 그리워서 갔다 오겠다고 했지. 했더니 각시 말이 자기 말대로 하면 고향에 보내 주고 그러지 않으면 보내 줄 수가 없대. 각시는 하고많은 말 중에 하필 비칠대는 말을 줘. 하얀 병, 파란 병, 빨간 병도 내주며 급하거든 던지라고 해.",
      "srcPage": 10,
      "srcSentenceEA": 5,
      "srcWordEA": 56,
      "character": "각시,셋째,말,하얀 병,파란 병",
      "setting": "기와집",
      "action": "해 주는,먹고,갔다 오겠다고,보내 주고,던지라고,내주며,줘",
      "feeling": null,
      "causalRelationship": null,
      "outcomeResolution": null,
      "prediction": null,
      "plotSummaryInfoCount": 1,
      "plotSummaryInfo": {
        "classification": "의사소통",
        "readAge": "유아",
        "form": "long-form",
        "plotSummaryText": "셋째는 각시와 기와집에서 십 년을 살다가 고향이 그리워 갔다 오겠다고 했더니 자기 말대로 해야 보내준다며 비칠대는 말을 주고 병도 내주며 급하거든 던지라고 했습니다.",
        "textWordEA": 23
      }
    },
    {
      "srcTextID": "97663",
      "srcText": "셋째가 말을 달리다가 돌아보니까 누이가 또 따라와서 말꼬리를 딱 물게 생겼어. 그래, 급해서 빨간 병을 홱 던졌더니 불이 확 일어서 누이는 고만 불에 타 죽고 말았어. 죽은 뒤에 봤더니 글쎄 꼬리가 아홉 개나 달린 여우지 뭐야. 셋째 아들은 이렇게 해서 겨우 살아서 각시한테 돌아가 잘 살았다고 하지.",
      "srcPage": 19,
      "srcSentenceEA": 4,
      "srcWordEA": 50,
      "character": "말,누이,여우,셋째,빨간 병",
      "setting": null,
      "action": "달리다가,던졌더니,일어서,돌아가,돌아보니까,따라와서,달린,타 죽고,죽은,살아,살았다고",
      "feeling": null,
      "causalRelationship": null,
      "outcomeResolution": "죽은 뒤에 봤더니 글쎄 꼬리가 아홉 개나 달린 여우지 뭐야.",
      "prediction": null,
      "plotSummaryInfoCount": 1,
      "plotSummaryInfo": {
        "classification": "의사소통",
        "readAge": "유아",
        "form": "long-form",
        "plotSummaryText": "셋째가 말을 달리다가 돌아보니까 누이가 또 따라와서 빨간 병을 던졌더니 불이 확 일어서 꼬리가 아홉 개나 달린 여우였던 누이는 불에 타 죽었고, 셋째는 겨우 살아서 각시한테 돌아가 잘 살았습니다.",
        "textWordEA": 29
      }
    },
    {
      "srcTextID": "97602",
      "srcText": "이러니까 아버지는 길길이 날뛰지 뭐야. \"요놈의 자식이 거짓말을 한다. 누이를 잡으려면 그냥 잡지. 이게 얼마나 귀한 딸이라고?\" 하면서 고만 셋째 아들만 집에서 쫓아냈어.",
      "srcPage": 7,
      "srcSentenceEA": 5,
      "srcWordEA": 26,
      "character": "아버지,누이,딸,셋째 아들,자식",
      "setting": "집",
      "action": "잡으려면,잡지,쫓아냈어,날뛰지,거짓말을 한다",
      "feeling": null,
      "causalRelationship": null,
      "outcomeResolution": null,
      "prediction": null,
      "plotSummaryInfoCount": 1,
      "plotSummaryInfo": {
        "classification": "의사소통",
        "readAge": "유아",
        "form": "long-form",
        "plotSummaryText": "아버지는 누이를 잡으려면 그냥 잡지 얼마나 귀한 딸인데 거짓말을 한다며 셋째 아들만 집에서 쫓아냈습니다.",
        "textWordEA": 14
      }
    },
    {
      "srcTextID": "97604",
      "srcText": "쫓겨난 셋째는 하염없이 걷다가 서낭당 고개를 넘었어. 그런데 깊은 산골 기와집 앞에서 웬 처녀가 그네를 타. 마침 해는 지지 배는 고프지 살 수가 없거든.",
      "srcPage": 8,
      "srcSentenceEA": 3,
      "srcWordEA": 26,
      "character": "셋째,처녀,그네,배,해",
      "setting": "서낭당 고개,산골,기와집",
      "action": "넘었어,타,걷다가,살 수가,쫓겨난,지지",
      "feeling": null,
      "causalRelationship": null,
      "outcomeResolution": null,
      "prediction": null,
      "plotSummaryInfoCount": 1,
      "plotSummaryInfo": {
        "classification": "의사소통",
        "readAge": "유아",
        "form": "short-form",
        "plotSummaryText": "쫓겨난 셋째는 걷다가 서낭당 고개를 넘었는데 산골 기와집 앞에서 처녀가 그네를 타고 있었습니다.",
        "textWordEA": 13
      }
    },
    {
      "srcTextID": "97662",
      "srcText": "마침내 누이가 밥을 해서 들어왔더니 셋째는 없고 똥만 있지. \"쳇! 이상하다 싶으니, 도망을 가 버렸구나. 오라비 한 끼 말 한 끼. 두 끼 먹을 것을 놓치겠다.\" 이러면서 후다닥 뒤를 쫓아가.",
      "srcPage": 15,
      "srcSentenceEA": 5,
      "srcWordEA": 34,
      "character": "누이,밥,말,오라비,셋째,똥",
      "setting": null,
      "action": "뒤를 쫓아가,들어왔더니,도망을 가,먹을,놓치겠다",
      "feeling": null,
      "causalRelationship": null,
      "outcomeResolution": null,
      "prediction": null,
      "plotSummaryInfoCount": 1,
      "plotSummaryInfo": {
        "classification": "의사소통",
        "readAge": "유아",
        "form": "long-form",
        "plotSummaryText": "누이가 밥을 해서 들어왔더니 셋째는 없고 똥만 있어서, 도망을 가 버려 두 끼 먹을 것을 놓치겠다며 뒤를 쫓아갔습니다.",
        "textWordEA": 18
      }
    },
    {
      "srcTextID": "97599",
      "srcText": "아버지는 맏이를 시켜 밤새 소와 말을 지키게 했어. 그런데 한밤중이 되니 스르르 잠이 오지. 맏이는 고만 쿨쿨 잠들어 아무것도 못 보았어.",
      "srcPage": 3,
      "srcSentenceEA": 3,
      "srcWordEA": 23,
      "character": "아버지,소,말,맏이",
      "setting": null,
      "action": "지키게,잠이 오지,잠들어,못 보았어",
      "feeling": null,
      "causalRelationship": null,
      "outcomeResolution": null,
      "prediction": null,
      "plotSummaryInfoCount": 1,
      "plotSummaryInfo": {
        "classification": "의사소통",
        "readAge": "유아",
        "form": "short-form",
        "plotSummaryText": "아버지는 맏이를 시켜 소와 말을 밤새워 지키게 했는데 한밤중이 되니 맏이가 잠들어 아무것도 못 보았습니다.",
        "textWordEA": 15
      }
    },
    {
      "srcTextID": "97597",
      "srcText": "그래서 그랬는지 그해 정말 아이가 생겨 딸을 하나 낳았는데 무럭무럭 쉬 잘 자라고 또 그렇게 잘생겼어. 게다가 하는 짓마다 어찌나 예쁜지 아유, 그 부모가 홀딱 반할 수밖에 없지. 그 딸이 몇 살 안 되었을 때야. 웬일인지 이 집 말이랑 소가 하룻밤만 지나고 나면 한 마리 죽고 하룻밤만 지나고 나면 또 한 마리 죽고. 이러니 두고만 볼 수가 있나?",
      "srcPage": 2,
      "srcSentenceEA": 5,
      "srcWordEA": 62,
      "character": "말,소,딸,아이",
      "setting": null,
      "action": "낳았는데,자라고,죽고,생겨,지나고,두고만 볼",
      "feeling": null,
      "causalRelationship": null,
      "outcomeResolution": null,
      "prediction": null,
      "plotSummaryInfoCount": 1,
      "plotSummaryInfo": {
        "classification": "의사소통",
        "readAge": "유아",
        "form": "long-form",
        "plotSummaryText": "아이가 생겨 낳은 딸이 잘 자라고 몇 살 안 되었을 때 이상하게 말이랑 소가 하룻밤만 지나고 나면 한 마리씩 죽는 일이 되풀이되어 두고만 볼 수가 없었습니다.",
        "textWordEA": 26
      }
    },
    {
      "srcTextID": "97603",
      "srcText": "\"미안하지만 하룻밤 재워 주고 밥 좀 해 줄래요?\" 말했더니 처녀가 이러지. \"나랑 부부가 되어 살면 밥을 해 주고 안 그러면 안 해 주지요.\" 그러니 같이 산다 그래야지 어쩌겠어.",
      "srcPage": 9,
      "srcSentenceEA": 4,
      "srcWordEA": 30,
      "character": "처녀,밥,부부",
      "setting": null,
      "action": "말했더니,재워 주고,해 주고,살면,산다,해 줄래요",
      "feeling": null,
      "causalRelationship": null,
      "outcomeResolution": null,
      "prediction": null,
      "plotSummaryInfoCount": 1,
      "plotSummaryInfo": {
        "classification": "의사소통",
        "readAge": "유아",
        "form": "long-form",
        "plotSummaryText": "미안하지만 하룻밤 재워 주고 밥 좀 해달라고 말했더니 처녀가 자기랑 부부가 되어 살면 밥을 해준다고 해서 같이 산다고 했습니다.",
        "textWordEA": 19
      }
    },
    {
      "srcTextID": "97608",
      "srcText": "셋째가 말을 잡아타고 도망을 가는데 누이가 막 따라오니까 어찌나 급한지 몰라. 누이가 말꼬리를 물려고 하는 찰나 셋째가 하얀 병을 홱 던졌어. 그랬더니 병이 깨지면서 가시덤불이 쫙 깔리는데 누이는 갇혀 못 오면서 중얼거리지. \"오라비 한 끼 말 한 끼.\" 이러면서 가시덤불을 어찌어찌 헤쳐 나와서는 막 쫓아와.",
      "srcPage": 16,
      "srcSentenceEA": 5,
      "srcWordEA": 48,
      "character": "말,누이,셋째,하얀 병,병,가시덤불",
      "setting": null,
      "action": "가는데,헤쳐 나와서는,잡아타고,던졌어,깨지면서,깔리는데,갇혀,쫓아와,따라오니까,물려고",
      "feeling": null,
      "causalRelationship": null,
      "outcomeResolution": null,
      "prediction": null,
      "plotSummaryInfoCount": 1,
      "plotSummaryInfo": {
        "classification": "의사소통",
        "readAge": "유아",
        "form": "long-form",
        "plotSummaryText": "셋째가 말을 잡아타고 도망을 가는데 누이가 막 따라오니까 하얀 병을 던졌더니, 병이 깨지면서 가시덤불이 깔려 누이가 갇혀 못 오면서도 중얼거리며 어찌어찌 헤쳐 나와서는 쫓아왔습니다.",
        "textWordEA": 24
      }
    },
    {
      "srcTextID": "97610",
      "srcText": "셋째가 말을 달리다가 돌아보니까 누이가 또 따라와 말꼬리를 물려고 하지. 그래 이번에는 파란 병을 홱 던졌어. 그랬더니 병이 깨지면서 시퍼런 물이 확 몰아쳐.",
      "srcPage": 17,
      "srcSentenceEA": 3,
      "srcWordEA": 25,
      "character": "말,누이,셋째,파란 병,병,말 꼬리",
      "setting": null,
      "action": "달리다가,물려고,던졌어,깨지면서,돌아보니까,따라와,몰아쳐",
      "feeling": null,
      "causalRelationship": null,
      "outcomeResolution": null,
      "prediction": null,
      "plotSummaryInfoCount": 1,
      "plotSummaryInfo": {
        "classification": "의사소통",
        "readAge": "유아",
        "form": "short-form",
        "plotSummaryText": "셋째가 말을 달리다가 돌아보니까 누이가 또 따라와서, 이번에는 파란 병을 던졌더니 병이 깨지면서 물이 몰아쳤습니다.",
        "textWordEA": 15
      }
    },
    {
      "srcTextID": "97607",
      "srcText": "누이가 밥을 해 주겠다니 방으로 들어갔는데 몸이 덜덜덜 떨리지 이제. 도망을 가야겠는데 \"아이, 오라버니, 가려고? 어디 가려고?\" 이러면서 누이가 방에서 안 나가니 어째. \"네 팔목에 실을 매고 내 팔목에 실을 매고 가서 밥을 끓여라.\" 했더니 그제야 얘가 밥을 하러 나가지.",
      "srcPage": 13,
      "srcSentenceEA": 7,
      "srcWordEA": 44,
      "character": "누이,밥,몸,오라버니,실,팔목",
      "setting": "방",
      "action": "해 주겠다니,가야겠는데,가려고,매고,안 나가니,끓여라,하러 나가지",
      "feeling": null,
      "causalRelationship": null,
      "outcomeResolution": null,
      "prediction": null,
      "plotSummaryInfoCount": 1,
      "plotSummaryInfo": {
        "classification": "의사소통",
        "readAge": "유아",
        "form": "long-form",
        "plotSummaryText": "누이가 밥을 해 주겠다고 해서 방에 들어갔더니 몸이 떨렸고, 도망을 가야겠는데 누이가 방에서 안 나가니 팔목에 실을 매고 가서 밥을 끓이라고 하니까 밥을 하러 나갔습니다.",
        "textWordEA": 25
      }
    },
    {
      "srcTextID": "97605",
      "srcText": "셋째가 고향에 돌아갔는데 이건 온통 쑥대밭이야. 집은 다 쓰러져 가고 사람도 하나 안 보여. 그 길을 타박타박 말을 끌고 지나가는데 \"아이고, 오라비 한 끼 말 한 끼, 오라비 한 끼 말 한 끼.\"",
      "srcPage": 11,
      "srcSentenceEA": 4,
      "srcWordEA": 35,
      "character": "말,오라비,셋째,사람,집",
      "setting": "고향",
      "action": "안 보여,쓰러져 가고,끌고,지나가는데,돌아갔는데",
      "feeling": null,
      "causalRelationship": null,
      "outcomeResolution": null,
      "prediction": null,
      "plotSummaryInfoCount": 1,
      "plotSummaryInfo": {
        "classification": "의사소통",
        "readAge": "유아",
        "form": "long-form",
        "plotSummaryText": "셋째가 고향에 돌아갔는데 온통 쑥대밭으로 집은 쓰러져 가고 사람도 안 보였습니다.",
        "textWordEA": 11
      }
    },
    {
      "srcTextID": "97661",
      "srcText": "누이가 부엌에서 밥을 하는 사이 셋째는 팔목에 묶은 실을 풀어 문고리에 묶고 방 안에는 똥을 몇 무더기 싸 놓고 도망을 갔어. 누이가 부엌에서 밥을 하다가 오라버니 있나 물으면 똥이 \"그래, 있다.\" 하고 대답하고 또 오라버니 있나 물으면 똥이 “오냐.” 하고 자꾸 대답해.",
      "srcPage": 14,
      "srcSentenceEA": 5,
      "srcWordEA": 45,
      "character": "누이,밥,실,똥,팔목,문고리,오라버니",
      "setting": "부엌",
      "action": "밥을 하는,밥을 하다가,물으면,도망을 갔어,풀어,묶고,싸,대답하고",
      "feeling": null,
      "causalRelationship": null,
      "outcomeResolution": null,
      "prediction": null,
      "plotSummaryInfoCount": 1,
      "plotSummaryInfo": {
        "classification": "의사소통",
        "readAge": "유아",
        "form": "long-form",
        "plotSummaryText": "누이가 부엌에서 밥을 하는 사이 셋째는 실을 문고리에 묶어 방 안에 똥을 싸 놓고 도망을 갔고, 밥을 하다가 오라버니 있나 하고 누이가 물으면 똥이 대답했습니다.",
        "textWordEA": 25
      }
    },
    {
      "srcTextID": "97609",
      "srcText": "누이는 물에 빠져 못 오면서 중얼거리지. \"오라비 한 끼 말 한 끼.\" 이러면서 물을 또 어찌어찌 헤쳐 나와서는 막 쫓아와.",
      "srcPage": 18,
      "srcSentenceEA": 3,
      "srcWordEA": 21,
      "character": "오라비,말,누이",
      "setting": null,
      "action": "쫓아와,중얼거리지,헤쳐 나와서,빠져,못 오면서",
      "feeling": null,
      "causalRelationship": null,
      "outcomeResolution": null,
      "prediction": null,
      "plotSummaryInfoCount": 1,
      "plotSummaryInfo": {
        "classification": "의사소통",
        "readAge": "유아",
        "form": "short-form",
        "plotSummaryText": "누이는 물에 빠져 못 오면서 오라비 한 끼 말 한 끼라고 중얼거리더니 물을 헤쳐 나와서 막 쫓아왔습니다.",
        "textWordEA": 17
      }
    }
  ]
}