{
  "title": "재주 많은 다섯 친구",
  "author": "이용포",
  "illustrator": "이승현",
  "isbn": "9791157987450",
  "publishedYear": 2019,
  "publisher": "세이펜북스",
  "paragraphInfoCount": 36,
  "paragraphInfo": [
    {
      "srcTextID": "98338",
      "srcText": "단지손이는 힘이 장사였어. 굵은 나무를 맨손으로 쑥 뽑기도 하고, 어른 머리통만 한 돌로 공기를 놀기도 했지. 단지손이가 손가락으로 밭을 갈면, 할아버지 할머니가 뒤를 따르며 씨를 뿌렸다니 말 다 했지, 뭐.",
      "srcPage": 3,
      "srcSentenceEA": 3,
      "srcWordEA": 32,
      "character": "단지손이,나무,돌,할아버지,할머니,씨",
      "setting": null,
      "action": "뽑기도 하고,갈면,뿌렸다니",
      "feeling": null,
      "causalRelationship": null,
      "outcomeResolution": null,
      "prediction": null,
      "plotSummaryInfoCount": 1,
      "plotSummaryInfo": {
        "classification": "의사소통",
        "readAge": "유아",
        "form": "short-form",
        "plotSummaryText": "단지손이는 힘이 장사여서 굵은 나무를 맨손으로 뽑기도 하고, 손가락으로 밭을 갈면, 할아버지와 할머니가 뒤를 따르며 씨를 뿌릴 정도였습니다.",
        "textWordEA": 18
      }
    },
    {
      "srcTextID": "98366",
      "srcText": "호랑이들이 나무를 던지기 시작하는데 소낙비 쏟아지듯 해. 다섯 친구는 숨 돌릴 틈 없이 척척 받아 쌓았어. 나뭇단은 금세 하늘에 닿을 듯이 높아졌지.",
      "srcPage": 20,
      "srcSentenceEA": 3,
      "srcWordEA": 24,
      "character": "나무,다섯 친구,호랑이",
      "setting": null,
      "action": "던지기 시작하는데,받아 쌓았어,쏟아지듯,높아졌지",
      "feeling": null,
      "causalRelationship": null,
      "outcomeResolution": null,
      "prediction": null,
      "plotSummaryInfoCount": 1,
      "plotSummaryInfo": {
        "classification": "의사소통",
        "readAge": "유아",
        "form": "short-form",
        "plotSummaryText": "호랑이들은 소낙비 쏟아지듯 나무를 던졌고, 다섯 친구는 척척 받아 쌓아서 나뭇단은 금세 높아졌습니다.",
        "textWordEA": 13
      }
    },
    {
      "srcTextID": "98377",
      "srcText": "슝! 한 개는 지구 반대편 바다에 풍덩. 슈웅! 두 개는 달나라까지 날아가 데굴데굴. 슈우웅! 나머지는 해님 입속으로 쏙.",
      "srcPage": 25,
      "srcSentenceEA": 5,
      "srcWordEA": 23,
      "character": null,
      "setting": "지구 반대편 바다,달나라,해님 입속",
      "action": "날아가",
      "feeling": null,
      "causalRelationship": null,
      "outcomeResolution": null,
      "prediction": null,
      "plotSummaryInfoCount": 1,
      "plotSummaryInfo": {
        "classification": "의사소통",
        "readAge": "유아",
        "form": "long-form",
        "plotSummaryText": "한 개는 지구 반대편 바다에, 두 개는 달나라까지 날아갔고, 나머지는 해님 입속으로 쏙 들어갔습니다.",
        "textWordEA": 14
      }
    },
    {
      "srcTextID": "98343",
      "srcText": "어찌나 많이 싸는지 홍수가 날 지경이야. \"오줌 한번 시원하게 싸는구나. 난 세상 구경 나온 단지손이라고 해.\"",
      "srcPage": 7,
      "srcSentenceEA": 3,
      "srcWordEA": 17,
      "character": "단지손이",
      "setting": null,
      "action": "싸는지,홍수가 날,싸는구나,구경 나온",
      "feeling": null,
      "causalRelationship": null,
      "outcomeResolution": null,
      "prediction": null,
      "plotSummaryInfoCount": 1,
      "plotSummaryInfo": {
        "classification": "의사소통",
        "readAge": "유아",
        "form": "short-form",
        "plotSummaryText": "어찌나 많이 싸는지 홍수가 날 지경이었고, 그걸 본 단지손이는 인사를 했습니다.",
        "textWordEA": 11
      }
    },
    {
      "srcTextID": "98347",
      "srcText": "세 친구가 길을 가는데 배 한 척이 땅 위를 누비고 다니네. 가만 보니 한 아이가 옷고름에 배를 달고 다니는 거야. \"난 배손이라고 해.\" 배손이도 세 친구를 따라나섰지.",
      "srcPage": 11,
      "srcSentenceEA": 4,
      "srcWordEA": 29,
      "character": "배,아이,배손이,친구,옷고름",
      "setting": "땅 위",
      "action": "가는데,누비고 다니네,달고,다니는 거야,따라나섰지",
      "feeling": null,
      "causalRelationship": null,
      "outcomeResolution": null,
      "prediction": null,
      "plotSummaryInfoCount": 1,
      "plotSummaryInfo": {
        "classification": "의사소통",
        "readAge": "유아",
        "form": "long-form",
        "plotSummaryText": "세 친구는 땅 위에서 배 한 척을 옷고름에 달고 다니는 배손이를 만났고, 배손이도 세 친구를 따라나섰습니다.",
        "textWordEA": 16
      }
    },
    {
      "srcTextID": "98346",
      "srcText": "네 친구가 길을 가는데 웬 아이가 무쇠 신을 신고 겅중겅중 뛰어오는 거야. \"난 무쇠손이라고 해. 세상 구경 같이 다니자.\" 다섯 친구는 신 나게 길을 떠났지.",
      "srcPage": 12,
      "srcSentenceEA": 4,
      "srcWordEA": 27,
      "character": "아이,무쇠 신,무쇠손이,친구",
      "setting": null,
      "action": "가는데,신고,뛰어오는 거야,다니자,떠났지",
      "feeling": "신나게",
      "causalRelationship": null,
      "outcomeResolution": null,
      "prediction": null,
      "plotSummaryInfoCount": 1,
      "plotSummaryInfo": {
        "classification": "의사소통",
        "readAge": "유아",
        "form": "long-form",
        "plotSummaryText": "네 친구는 무쇠 신을 신고 다니는 무쇠손이를 만났고, 다섯 친구는 신나게 길을 떠났습니다.",
        "textWordEA": 13
      }
    },
    {
      "srcTextID": "98385",
      "srcText": "단지손이, 오줌손이, 콧김손이, 배손이, 무쇠손이. 정말 대단한 아이들이에요. 이런 사람 하나만 있어도 신기하기 그지없을 텐데 다섯이라니요!",
      "srcPage": 27,
      "srcSentenceEA": 3,
      "srcWordEA": 18,
      "character": "단지손이,오줌손이,콧김손이,배손이,무쇠손이,사람",
      "setting": null,
      "action": "있어도",
      "feeling": "신기하기 그지없을 텐데",
      "causalRelationship": null,
      "outcomeResolution": null,
      "prediction": null,
      "plotSummaryInfoCount": 1,
      "plotSummaryInfo": {
        "classification": "의사소통",
        "readAge": "유아",
        "form": "short-form",
        "plotSummaryText": "단지손이, 오줌손이, 콧김손이, 배손이, 무쇠손이 중 하나만 있어도 신기하기 그지없을 텐데 다섯이라니 놀랍습니다.",
        "textWordEA": 13
      }
    },
    {
      "srcTextID": "98392",
      "srcText": "저 다섯 친구만 하더라도'누가 위이고 누가 아래다', '누가 왕초다', 이런 얘기를 하지 않잖아요! 그냥 서로 나란히 어울려서 편안하고 즐겁게 움직여 갈 따름이에요. 그러면서 부딪히는 상황에 따라서 아무라도 썩 나서서 한몫을 하는 거지요.",
      "srcPage": 29,
      "srcSentenceEA": 6,
      "srcWordEA": 37,
      "character": "다섯 친구",
      "setting": null,
      "action": "움직여 갈,나서서",
      "feeling": "편안하고 즐겁게",
      "causalRelationship": null,
      "outcomeResolution": null,
      "prediction": null,
      "plotSummaryInfoCount": 1,
      "plotSummaryInfo": {
        "classification": "의사소통",
        "readAge": "유아",
        "form": "long-form",
        "plotSummaryText": "다섯 친구는 우위를 가리지 않고 편안하고 즐겁게 움직여 가고, 상황에 따라 아무라도 나서서 자신의 몫을 합니다.",
        "textWordEA": 16
      }
    },
    {
      "srcTextID": "98388",
      "srcText": "어떻든 저 친구들은 참 좋겠다, 이런 생각이 들지 모르겠어요. 남다른 큰 재주를 가졌으니까 말이지요. 그런데 다시 잘 생각해 보면, 그 능력이라는 게 손이나 발이 튼튼하고 오줌발이 세고 콧김이 세고, 뭐 이런 것들이에요.",
      "srcPage": 31,
      "srcSentenceEA": 3,
      "srcWordEA": 34,
      "character": "친구,손,발,오줌",
      "setting": null,
      "action": "생각이 들지,가졌으니까,생각해 보면,튼튼하고,세고",
      "feeling": "참 좋겠다",
      "causalRelationship": null,
      "outcomeResolution": null,
      "prediction": null,
      "plotSummaryInfoCount": 1,
      "plotSummaryInfo": {
        "classification": "의사소통",
        "readAge": "유아",
        "form": "short-form",
        "plotSummaryText": "남다른 큰 재주를 가져서 좋겠다 생각할 수도 있지만, 사실 저 친구들의 능력은 손, 발 튼튼하고 오줌발이 세고 콧김 센 것입니다.",
        "textWordEA": 20
      }
    },
    {
      "srcTextID": "98391",
      "srcText": "이야기이니까 과장해서 재미있게 표현했지만, 사실 그리 특별한 재주가 아니라고 할 수도 있습니다. 잘 찾아보면 누구한테라도 이런 재주 하나쯤은 있는 거 아닐까요? 발 빠른 아이도 있고, 씨름 잘하는 아이도 있고, 춤 잘 추는 아이도 있고, 노래 잘하는 아이도 있고요.",
      "srcPage": 32,
      "srcSentenceEA": 3,
      "srcWordEA": 40,
      "character": "아이,발",
      "setting": null,
      "action": "찾아보면,빠른,잘하는,잘 추는",
      "feeling": null,
      "causalRelationship": null,
      "outcomeResolution": null,
      "prediction": null,
      "plotSummaryInfoCount": 1,
      "plotSummaryInfo": {
        "classification": "의사소통",
        "readAge": "유아",
        "form": "short-form",
        "plotSummaryText": "발 빠른 아이, 씨름 잘하는 아이, 춤 잘 추는 아이, 노래 잘하는 아이처럼 찾아보면 누구한테라도 이런 재주 하나쯤은 있습니다.",
        "textWordEA": 19
      }
    },
    {
      "srcTextID": "98390",
      "srcText": "이 이야기에 나오는 것처럼 자기 자신을 믿고 나간다면, 또 좋은 친구들과 함께 즐겁게 손잡고 나간다면 무서울 게 없지요. 호랑이가 아니라 도깨비나 귀신하고 만나더라도 상관없어요. 이리저리 잘 요리해 가지고 뻥뻥 걷어차면 그만이지요!",
      "srcPage": 36,
      "srcSentenceEA": 3,
      "srcWordEA": 33,
      "character": "친구들,호랑이",
      "setting": null,
      "action": "믿고,손잡고,나오는,나간다면,만나더라도,걷어차면,없지요",
      "feeling": "즐겁게,무서울",
      "causalRelationship": null,
      "outcomeResolution": null,
      "prediction": null,
      "plotSummaryInfoCount": 1,
      "plotSummaryInfo": {
        "classification": "의사소통",
        "readAge": "유아",
        "form": "short-form",
        "plotSummaryText": "이야기에 나오는 것처럼 자신을 믿고 좋은 친구들과 즐겁게 함께 나간다면 호랑이가 아니라 도깨비나 귀신이라도 무서울 게 없습니다.",
        "textWordEA": 17
      }
    },
    {
      "srcTextID": "98370",
      "srcText": "호랑이들은 분을 참지 못해 식식거렸어. 이번에도 지게 생겼으니 말이야. 그래 호랑이들이 쑥덕거리더니 나뭇단에 불을 질러 버리네. 나뭇단은 금세 활활 타올랐어. 다섯 친구는 꼼짝없이 타 죽게 생겼지.",
      "srcPage": 21,
      "srcSentenceEA": 5,
      "srcWordEA": 30,
      "character": "다섯 친구,호랑이들,나뭇단",
      "setting": null,
      "action": "질러 버리네,타올랐어,지게,쑥덕거리더니,타 죽게",
      "feeling": "분을 참지 못해",
      "causalRelationship": null,
      "outcomeResolution": null,
      "prediction": null,
      "plotSummaryInfoCount": 1,
      "plotSummaryInfo": {
        "classification": "의사소통",
        "readAge": "유아",
        "form": "long-form",
        "plotSummaryText": "분을 참지 못해 식식거리던 호랑이들은 나뭇단에 불을 질렀고, 나뭇단이 타올라 다섯 친구는 타 죽게 생겼습니다.",
        "textWordEA": 15
      }
    },
    {
      "srcTextID": "98376",
      "srcText": "그때 콧김손이가 썩 나서더니 콧김을 뿜기 시작했어. 그러자 오줌 강이 꽁꽁 얼어붙더니 허우적거리던 호랑이들까지 꽁꽁 얼어 버렸지. 무쇠손이가 무쇠 신을 신은 발로 호랑이 머리통을 뻥뻥 찼어.",
      "srcPage": 24,
      "srcSentenceEA": 3,
      "srcWordEA": 28,
      "character": "콧김손이,무쇠손이,무쇠 신,호랑이",
      "setting": "오줌 강",
      "action": "나서더니,뿜기 시작했어,신은,찼어,얼어붙더니",
      "feeling": null,
      "causalRelationship": null,
      "outcomeResolution": null,
      "prediction": null,
      "plotSummaryInfoCount": 1,
      "plotSummaryInfo": {
        "classification": "의사소통",
        "readAge": "유아",
        "form": "short-form",
        "plotSummaryText": "콧김손이가 콧김을 뿜어 오줌 강과 호랑이들이 얼어버렸고, 무쇠손이가 무쇠 신은 발로 호랑이 머리통을 찼습니다.",
        "textWordEA": 14
      }
    },
    {
      "srcTextID": "98384",
      "srcText": "다섯 친구는 다시 세상 구경을 하러 길을 떠났어. 지금쯤 어디를 가고 있으려나? 신동흔 선생님과 함께 읽는 옛이야기. 좋은 친구들과 함께라면 호랑이쯤이야!",
      "srcPage": 26,
      "srcSentenceEA": 4,
      "srcWordEA": 24,
      "character": "다섯 친구,신동흔 선생님,친구들,호랑이",
      "setting": "지금쯤,길,세상",
      "action": "떠났어,구경을 하러,가고 있으려나,읽는",
      "feeling": null,
      "causalRelationship": null,
      "outcomeResolution": null,
      "prediction": null,
      "plotSummaryInfoCount": 1,
      "plotSummaryInfo": {
        "classification": "의사소통",
        "readAge": "유아",
        "form": "long-form",
        "plotSummaryText": "다섯 친구는 다시 세상 구경을 하러 길을 떠났습니다.",
        "textWordEA": 8
      }
    },
    {
      "srcTextID": "98383",
      "srcText": "그런데 이 다섯 친구 가운데 누가 제일 대단하다고 생각되나요? 아이들한테도 한번 이야기하게 해 보면 재미있을 것 같네요. 맞아요, 그 가운데 누가 더 뛰어나고 누구는 덜하다 이런 생각을 굳이 할 일이 아니겠지요.",
      "srcPage": 28,
      "srcSentenceEA": 3,
      "srcWordEA": 33,
      "character": "다섯 친구,아이들",
      "setting": null,
      "action": "이야기하게",
      "feeling": "재미있을 것 같네요",
      "causalRelationship": null,
      "outcomeResolution": null,
      "prediction": null,
      "plotSummaryInfoCount": 1,
      "plotSummaryInfo": {
        "classification": "의사소통",
        "readAge": "유아",
        "form": "short-form",
        "plotSummaryText": "아이들에게 다섯 친구 중에 누가 제일 대단한지 이야기하게 해 보면 재밌을 것 같지만, 누가 더 뛰어나고 덜하단 생각을 굳이 할 일은 아닙니다.",
        "textWordEA": 22
      }
    },
    {
      "srcTextID": "98386",
      "srcText": "따지고 보면 별것이 아닌 재주라도 그걸 소중하게 여기고 잘 가꾸면 진짜로 특별한 재주가 되지요. 그리고 그 재주를 함께 잘 모으면 놀랍고 신나는 일을 할 수 있어요. 저 다섯 친구처럼 말이에요.",
      "srcPage": 34,
      "srcSentenceEA": 3,
      "srcWordEA": 32,
      "character": "다섯 친구",
      "setting": null,
      "action": "가꾸면,모으면,할 수 있어요,여기고",
      "feeling": "신나는",
      "causalRelationship": null,
      "outcomeResolution": null,
      "prediction": null,
      "plotSummaryInfoCount": 1,
      "plotSummaryInfo": {
        "classification": "의사소통",
        "readAge": "유아",
        "form": "short-form",
        "plotSummaryText": "별것이 아닌 재주도 소중히 여기고 잘 가꾸면 특별한 재주가 될 수 있고, 그 재주를 함께 모으면 다섯 친구처럼 신나는 일을 할 수 있습니다.",
        "textWordEA": 23
      }
    },
    {
      "srcTextID": "98389",
      "srcText": "이 이야기 속의 호랑이는 사람들을 위협하는 폭력이나 함정 같은 것을 상징한다고 할 수 있습니다. 사람들은 지레 겁을 먹고 거기 걸려서 쓰러지곤 하지요. 하지만 그럴 필요가 없습니다.",
      "srcPage": 35,
      "srcSentenceEA": 3,
      "srcWordEA": 28,
      "character": "호랑이,사람들",
      "setting": null,
      "action": "쓰러지곤,위협하는,상징한다고,걸려서",
      "feeling": "겁을 먹고",
      "causalRelationship": null,
      "outcomeResolution": null,
      "prediction": null,
      "plotSummaryInfoCount": 1,
      "plotSummaryInfo": {
        "classification": "의사소통",
        "readAge": "유아",
        "form": "short-form",
        "plotSummaryText": "이야기 속 호랑이는 사람들을 위협하는 폭력이나 함정 같은 것을 상징하는데, 사람들은 지레 겁을 먹고 쓰러지곤 하지만 그럴 필요가 없습니다.",
        "textWordEA": 19
      }
    },
    {
      "srcTextID": "98340",
      "srcText": "힘이 센 단지손이가 집에만 있자니 답답하거든. 그래 하루는 부모님께 넙죽 절하며 말했지. \"어머니, 아버지! 세상 구경 좀 하고 오렵니다.\"",
      "srcPage": 4,
      "srcSentenceEA": 4,
      "srcWordEA": 21,
      "character": "단지손이,부모님,어머니,아버지",
      "setting": "집에만,하루는",
      "action": "있자니,절하며,말했지,오렵니다",
      "feeling": "답답하거든",
      "causalRelationship": null,
      "outcomeResolution": null,
      "prediction": null,
      "plotSummaryInfoCount": 1,
      "plotSummaryInfo": {
        "classification": "의사소통",
        "readAge": "유아",
        "form": "long-form",
        "plotSummaryText": "단지손이가 집에만 있자니 답답해서 부모님께 절하며 세상 구경 좀 하고 오겠다고 했습니다.",
        "textWordEA": 12
      }
    },
    {
      "srcTextID": "98371",
      "srcText": "그때 오줌손이가 바지를 쑥 내리더니 오줌을 싸. 폭포 같은 오줌 줄기에 불꽃이 푸시식푸시식 사위었지. 오줌 줄기는 불을 끄고도 그치지 않아 홍수가 다 났지 뭐야.",
      "srcPage": 22,
      "srcSentenceEA": 3,
      "srcWordEA": 26,
      "character": "오줌손이",
      "setting": "그때",
      "action": "내리더니,싸,끄고도,그치지 않아,사위었지",
      "feeling": null,
      "causalRelationship": null,
      "outcomeResolution": null,
      "prediction": null,
      "plotSummaryInfoCount": 1,
      "plotSummaryInfo": {
        "classification": "의사소통",
        "readAge": "유아",
        "form": "short-form",
        "plotSummaryText": "그때 오줌손이의 오줌 줄기에 불꽃이 사위었고, 불을 끄고도 그치지 않아 홍수가 났습니다.",
        "textWordEA": 12
      }
    },
    {
      "srcTextID": "98372",
      "srcText": "다섯 친구는 배손이의 배를 타고 둥실둥실! 호랑이 오 형제는 물에 빠져 허우적허우적! \"아이고, 지린내야.\" \"어푸어푸! 살려 줘.\"",
      "srcPage": 23,
      "srcSentenceEA": 4,
      "srcWordEA": 19,
      "character": "다섯 친구,배손이,호랑이 오 형제,배",
      "setting": "물",
      "action": "타고,빠져",
      "feeling": null,
      "causalRelationship": null,
      "outcomeResolution": null,
      "prediction": null,
      "plotSummaryInfoCount": 1,
      "plotSummaryInfo": {
        "classification": "의사소통",
        "readAge": "유아",
        "form": "long-form",
        "plotSummaryText": "다섯 친구는 배손이의 배를 타고 갔고, 호랑이 오 형제는 지린내 나는 물에 빠져 허우적거렸습니다.",
        "textWordEA": 14
      }
    },
    {
      "srcTextID": "98345",
      "srcText": "오줌손이와 동무 삼아 산마루를 넘는데, 나무가 이리 휘청 저리 휘청 마구 흔들려. 가 봤더니 한 아이가 잠을 자는데 콧김이 어찌나 센지 나무가 태풍이라도 맞은 것처럼 휘어지는 거야. 단지손이는 아이를 깨워 누구냐고 물었어.",
      "srcPage": 9,
      "srcSentenceEA": 3,
      "srcWordEA": 34,
      "character": "오줌손이,나무,아이,단지손이",
      "setting": "산마루",
      "action": "넘는데,흔들려,가 봤더니,자는데,휘어지는 거야,깨워,물었어",
      "feeling": null,
      "causalRelationship": null,
      "outcomeResolution": null,
      "prediction": null,
      "plotSummaryInfoCount": 1,
      "plotSummaryInfo": {
        "classification": "의사소통",
        "readAge": "유아",
        "form": "short-form",
        "plotSummaryText": "산마루를 넘는데 한 아이가 자면서 내는 콧김 때문에 나무가 휘청거리는 모습을 보고 단지손이는 아이를 깨워 누구냐고 물었습니다.",
        "textWordEA": 17
      }
    },
    {
      "srcTextID": "98361",
      "srcText": "호랑이 오 형제가 이번에는 물싸움 내기를 하재. 호랑이들이 물을 막았다가 터뜨려 보내면 그 물을 다 막아야 하는 내기지. \"단지손이는 아까 힘을 썼으니 한숨 자도록 해.\"",
      "srcPage": 17,
      "srcSentenceEA": 3,
      "srcWordEA": 26,
      "character": "호랑이 오 형제,단지손이",
      "setting": null,
      "action": "막았다가,터뜨려,보내면,막아야 하는,썼으니,자도록 해",
      "feeling": null,
      "causalRelationship": null,
      "outcomeResolution": null,
      "prediction": null,
      "plotSummaryInfoCount": 1,
      "plotSummaryInfo": {
        "classification": "의사소통",
        "readAge": "유아",
        "form": "short-form",
        "plotSummaryText": "호랑이 오 형제가 이번에는 물을 막았다가 터뜨려 보내면 물을 막아야 하는 물싸움 내기를 하자고 했습니다.",
        "textWordEA": 15
      }
    },
    {
      "srcTextID": "98382",
      "srcText": "그러니 누가 더 많은 몫을 했고 누구는 적게 했다 하고 따질 일도 아닙니다. 이번에는 단지손이가 큰 몫을 한다면 다음에는 배손이가 한몫을 하고, 이런 식이지요. 그래요, 늘 작은 몫을 맡는다고 한들 또 무슨 상관이겠어요. 서로 즐겁게 나아가면 그만이지요!",
      "srcPage": 30,
      "srcSentenceEA": 4,
      "srcWordEA": 40,
      "character": "단지손이,배손이",
      "setting": null,
      "action": "따질,한다면,하고,맡는다고,나아가면",
      "feeling": "즐겁게",
      "causalRelationship": null,
      "outcomeResolution": null,
      "prediction": null,
      "plotSummaryInfoCount": 1,
      "plotSummaryInfo": {
        "classification": "의사소통",
        "readAge": "유아",
        "form": "long-form",
        "plotSummaryText": "누가 더 많은 몫을 하고 누구는 적게 했다고 따질 일도 아니고 이번엔 단지손이, 다음엔 배손이가 하며 서로 즐겁게 나아가면 그만입니다.",
        "textWordEA": 20
      }
    },
    {
      "srcTextID": "98387",
      "srcText": "맞아요, 이야기잘하는 아이도 있지요. 어디 그뿐인가요. 게임을 잘하거나, 잠을 잘 자거나, 밥을 많이 먹거나, 목소리가 크거나, 방귀를 잘 뀌거나 하는 것도 재주라면 재주일 수 있습니다. 보자, 아이들이 가진 남다른 재주에 또 뭐가 있지요? ",
      "srcPage": 33,
      "srcSentenceEA": 4,
      "srcWordEA": 36,
      "character": "아이,게임,밥,방귀,아이들",
      "setting": null,
      "action": "잘하거나,잘 자거나,많이 먹거나,잘 뀌거나,있지요,남다른",
      "feeling": null,
      "causalRelationship": null,
      "outcomeResolution": null,
      "prediction": null,
      "plotSummaryInfoCount": 1,
      "plotSummaryInfo": {
        "classification": "의사소통",
        "readAge": "유아",
        "form": "long-form",
        "plotSummaryText": "이야기 잘하는 아이도 있고, 게임을 잘하거나, 잠을 잘 자거나, 밥을 많이 먹거나 하는 것도 재주입니다.",
        "textWordEA": 15
      }
    },
    {
      "srcTextID": "98337",
      "srcText": "옛날 어느 마을에 할아버지 할머니가 살았는데 늙도록 자식이 없어 걱정이었어. 하루는 꿈에 눈썹이 하얀 노인이 나타나 이러더래. \"참한 단지에다 부부가 오줌을 눈 다음 그 단지를 땅속에 열 달 동안 묻어 두면 아들을 얻을 수 있느니라.\"",
      "srcPage": 1,
      "srcSentenceEA": 3,
      "srcWordEA": 36,
      "character": "할아버지,할머니,자식,노인,부부,단지,아들",
      "setting": "옛날 어느 마을,하루,땅속,열 달 동안",
      "action": "살았는데,나타나,이러더래,묻어 두면,얻을 수 있느니라",
      "feeling": "걱정이었어",
      "causalRelationship": "옛날 어느 마을에 할아버지 할머니가 살았는데 늙도록 자식이 없어 걱정이었어.",
      "outcomeResolution": null,
      "prediction": null,
      "plotSummaryInfoCount": 1,
      "plotSummaryInfo": {
        "classification": "의사소통",
        "readAge": "유아",
        "form": "short-form",
        "plotSummaryText": "자식이 없어 걱정이 많았던 할아버지와 할머니의 꿈에 노인이 나타나, 참한 단지에 부부가 오줌을 눈 다음 단지를 땅속에 열 달 동안 묻어두면 아들을 얻을 수 있다고 했습니다.",
        "textWordEA": 26
      }
    },
    {
      "srcTextID": "98336",
      "srcText": "꿈이 하도 생생해서 다음 날 그 말대로 했지. 열 달 뒤에 단지를 열어 보았더니 아 글쎄, 그 속에 손이 큰 사내아이가 있지 뭐야. 부부는 기뻐하며 아이 이름을 단지손이라 지었어.",
      "srcPage": 2,
      "srcSentenceEA": 3,
      "srcWordEA": 31,
      "character": "단지,사내아이,부부",
      "setting": "다음 날,열 달 뒤에",
      "action": "했지,열어 보았더니,지었어",
      "feeling": "기뻐하며",
      "causalRelationship": null,
      "outcomeResolution": null,
      "prediction": null,
      "plotSummaryInfoCount": 1,
      "plotSummaryInfo": {
        "classification": "의사소통",
        "readAge": "유아",
        "form": "short-form",
        "plotSummaryText": "다음 날 그대로 했고, 열 달 뒤에 단지를 열어 보니 그 속에 손이 큰 사내아이가 있어 단지손이라 이름을 지었습니다.",
        "textWordEA": 19
      }
    },
    {
      "srcTextID": "98339",
      "srcText": "\"아이고, 아서라! 세상이 얼마나 험한데 구경을 간다는 게냐.\" \"아무 염려 마세요. 건강하게 잘 다녀오겠습니다.\" 그러고는 길을 떠났지.",
      "srcPage": 5,
      "srcSentenceEA": 5,
      "srcWordEA": 20,
      "character": null,
      "setting": null,
      "action": "간다는,떠났지,험한데,다녀오겠습니다",
      "feeling": "염려 마세요",
      "causalRelationship": null,
      "outcomeResolution": null,
      "prediction": null,
      "plotSummaryInfoCount": 1,
      "plotSummaryInfo": {
        "classification": "의사소통",
        "readAge": "유아",
        "form": "long-form",
        "plotSummaryText": "세상이 얼마나 험한데 구경을 간다는 거냐는 걱정에도 아무 염려 마시라며 길을 떠났습니다.",
        "textWordEA": 12
      }
    },
    {
      "srcTextID": "98341",
      "srcText": "\"난 오줌손이야. 마침 잘됐네. 나도 세상 구경 나왔는데.\" 오줌손이는 단지손이를 따라나섰어.",
      "srcPage": 8,
      "srcSentenceEA": 4,
      "srcWordEA": 14,
      "character": "오줌손이,단지손이",
      "setting": null,
      "action": "따라나섰어,나왔는데",
      "feeling": null,
      "causalRelationship": null,
      "outcomeResolution": null,
      "prediction": null,
      "plotSummaryInfoCount": 1,
      "plotSummaryInfo": {
        "classification": "의사소통",
        "readAge": "유아",
        "form": "long-form",
        "plotSummaryText": "자신을 오줌손이라고 소개하고 자신도 세상 구경을 하러 나왔다며 단지손이를 따라나섰습니다.",
        "textWordEA": 10
      }
    },
    {
      "srcTextID": "98344",
      "srcText": "\"나는 콧김손이. 세상 구경 나왔다가 낮잠 자고 있었어.\" \"우리도 세상 구경 나왔는데 같이 갈래?\" 콧김손이도 친구들을 따라나섰어.",
      "srcPage": 10,
      "srcSentenceEA": 4,
      "srcWordEA": 19,
      "character": "콧김손이,친구들",
      "setting": null,
      "action": "나왔다가,나왔는데,갈래,따라나섰어",
      "feeling": null,
      "causalRelationship": null,
      "outcomeResolution": null,
      "prediction": null,
      "plotSummaryInfoCount": 1,
      "plotSummaryInfo": {
        "classification": "의사소통",
        "readAge": "유아",
        "form": "long-form",
        "plotSummaryText": "콧김손이는 세상 구경을 나왔다 했고, 같이 가자는 말에 친구들을 따라나섰습니다.",
        "textWordEA": 10
      }
    },
    {
      "srcTextID": "98348",
      "srcText": "다섯 친구가 길을 가다 보니 날이 저물었어. 마침 외딴집이 있어 문을 두드렸더니 할멈 하나가 나오네. \"하룻밤 묵어갈 수 있겠는지요?\" \"그러렴.\"",
      "srcPage": 13,
      "srcSentenceEA": 3,
      "srcWordEA": 21,
      "character": "문,할멈,친구",
      "setting": "외딴집,하룻밤",
      "action": "가다 보니,두드렸더니,나오네,묵어갈",
      "feeling": null,
      "causalRelationship": null,
      "outcomeResolution": null,
      "prediction": null,
      "plotSummaryInfoCount": 1,
      "plotSummaryInfo": {
        "classification": "의사소통",
        "readAge": "유아",
        "form": "short-form",
        "plotSummaryText": "날이 저물자, 다섯 친구는 외딴집 문을 두드려 하룻밤 묵을 수 있는지 할멈에게 물었습니다.",
        "textWordEA": 13
      }
    },
    {
      "srcTextID": "98352",
      "srcText": "밤이 되자 사냥 나갔던 할멈의 아들, 호랑이 오 형제가 돌아왔어. \"이 늙은 어미는 집에 가만히 앉아서 사람 다섯을 잡았는데, 너희들은 겨우 토끼 몇 마리 잡아온 게냐?\" 호랑이 오 형제는 밤새 침을 줄줄 흘리더니, 날이 밝자마자 다섯 친구에게 내기를 하자고 해. \"나무하기 내기를 하자. 너희가 이기면 살려 주고, 우리가 이기면 너희들을 잡아먹을 테다.\"",
      "srcPage": 15,
      "srcSentenceEA": 5,
      "srcWordEA": 54,
      "character": "할멈의 아들,호랑이 오 형제,늙은 어미,토끼,다섯 친구,나무",
      "setting": "밤이 되자,집에,밤새,날이 밝자마자",
      "action": "나갔던,돌아왔어,앉아서,잡았는데,잡아 온,흘리더니,잡아먹을 테다,살려 주고,이기면",
      "feeling": null,
      "causalRelationship": null,
      "outcomeResolution": null,
      "prediction": null,
      "plotSummaryInfoCount": 1,
      "plotSummaryInfo": {
        "classification": "의사소통",
        "readAge": "유아",
        "form": "long-form",
        "plotSummaryText": "밤이 되어 돌아온 호랑이 오 형제는 밤새 침을 줄줄 흘리더니, 날이 밝자마자 다섯 친구들에게 나무하기 내기를 해서 이기면 살려 준다고 말했습니다.",
        "textWordEA": 21
      }
    },
    {
      "srcTextID": "98360",
      "srcText": "그러고 네 친구가 둑을 쌓는데 미처 다 쌓을 새도 없이 콸콸콸콸, 시커먼 물이 들이닥치네. 콧김손이가 콧김을 씽 불어 단지손이를 깨웠어. 단지손이는 벌떡 일어나 커다란 바위를 던져 물막이 둑을 쌓았어. 조금만 늦었어도 졌을 텐데, 이번에도 다섯 친구가 이겼지.",
      "srcPage": 18,
      "srcSentenceEA": 4,
      "srcWordEA": 40,
      "character": "둑,콧김손이,단지손이,바위,다섯 친구",
      "setting": null,
      "action": "쌓는데,불어,깨웠어,벌떡 일어나,던져,쌓았어,이겼지,들이닥치네",
      "feeling": null,
      "causalRelationship": null,
      "outcomeResolution": null,
      "prediction": null,
      "plotSummaryInfoCount": 1,
      "plotSummaryInfo": {
        "classification": "의사소통",
        "readAge": "유아",
        "form": "long-form",
        "plotSummaryText": "네 친구가 둑을 다 쌓을 새도 없이 물이 들이닥쳐서 콧김손이는 콧김으로 단지손이를 깨웠고, 단지손이가 커다란 바위를 던져 물막이 둑을 쌓아 이겼습니다.",
        "textWordEA": 21
      }
    },
    {
      "srcTextID": "98342",
      "srcText": "단지손이가 길을 가는데 갑자기 폭포 떨어지는 소리가 나. 콰르르 콸콸, 콰르르 콸콸. 무슨 일인가 싶어 소리 나는 곳으로 가 봤더니 웬 아이가 오줌을 누고 있어.",
      "srcPage": 6,
      "srcSentenceEA": 3,
      "srcWordEA": 27,
      "character": "단지손이,아이",
      "setting": "폭포",
      "action": "가는데,떨어지는,가 봤더니,누고 있어,소리 나는",
      "feeling": null,
      "causalRelationship": null,
      "outcomeResolution": null,
      "prediction": null,
      "plotSummaryInfoCount": 1,
      "plotSummaryInfo": {
        "classification": "의사소통",
        "readAge": "유아",
        "form": "short-form",
        "plotSummaryText": "단지손이가 길을 가는데 갑자기 폭포 소리가 나서 보니 웬 아이가 오줌을 누고 있었습니다.",
        "textWordEA": 13
      }
    },
    {
      "srcTextID": "98349",
      "srcText": "할멈이 고맙게도 저녁까지 차려 주었는데, 아무도 먹으려 들지를 않아. 저녁이란 게 빨간 피로 만든 국에, 뼈다귀로 만든 반찬이었거든. 사실 할멈은 둔갑한 어미 호랑이였어.",
      "srcPage": 14,
      "srcSentenceEA": 3,
      "srcWordEA": 25,
      "character": "할멈,어미 호랑이,피,국,뼈다귀",
      "setting": null,
      "action": "차려 주었는데,먹으려,만든,둔갑한",
      "feeling": "고맙게도",
      "causalRelationship": null,
      "outcomeResolution": null,
      "prediction": null,
      "plotSummaryInfoCount": 1,
      "plotSummaryInfo": {
        "classification": "의사소통",
        "readAge": "유아",
        "form": "short-form",
        "plotSummaryText": "할멈이 차려준 저녁은 빨간 피로 만든 국과 뼈다귀 반찬이었는데, 사실 할멈은 둔갑한 어미 호랑이였습니다.",
        "textWordEA": 14
      }
    },
    {
      "srcTextID": "98357",
      "srcText": "그러고는 다짜고짜 도끼를 하나씩 들고서 나무 밑동을 쿵쿵 찍어 대. 찍을 때마다 한 아름이나 되는 나무가 픽픽 쓰러지지. 단지손이가 얼른 튀어 나가서 맨손으로 나무를 뽑았어. 손에 쥐는 대로 뿌리째 쑥쑥, 무 뽑듯이 뽑아 버리니 호랑이가 당할 수가 있나. 단지손이 혼자 호랑이 다섯을 이겼지.",
      "srcPage": 16,
      "srcSentenceEA": 5,
      "srcWordEA": 47,
      "character": "도끼,나무,단지손이,호랑이,무",
      "setting": null,
      "action": "들고서,찍어 대,쓰러지지,나가서,뽑았어,쥐는,뽑아 버리니,이겼지",
      "feeling": null,
      "causalRelationship": null,
      "outcomeResolution": null,
      "prediction": null,
      "plotSummaryInfoCount": 1,
      "plotSummaryInfo": {
        "classification": "의사소통",
        "readAge": "유아",
        "form": "long-form",
        "plotSummaryText": "단지손이가 나가서 맨손으로 나무를 무 뽑듯이 뽑아 혼자 호랑이 다섯을 이겼습니다.",
        "textWordEA": 11
      }
    },
    {
      "srcTextID": "98365",
      "srcText": "부아가 난 맏이 호랑이가 소리쳤어. \"마지막이다. 나뭇단 높이 쌓기 내기 어떠냐?\" 호랑이 형제가 나무를 던지면 다섯 친구가 받아서 쌓는 내기야.",
      "srcPage": 19,
      "srcSentenceEA": 3,
      "srcWordEA": 22,
      "character": "맏이 호랑이,호랑이 형제,나무,다섯 친구",
      "setting": null,
      "action": "소리쳤어,던지면,받아서,쌓는",
      "feeling": "부아가 난",
      "causalRelationship": null,
      "outcomeResolution": null,
      "prediction": null,
      "plotSummaryInfoCount": 1,
      "plotSummaryInfo": {
        "classification": "의사소통",
        "readAge": "유아",
        "form": "short-form",
        "plotSummaryText": "맏이 호랑이가 호랑이 형제가 나무를 던지면 다섯 친구가 받아서 쌓는 나뭇단 높이 쌓기 내기를 하자고 소리쳤습니다.",
        "textWordEA": 16
      }
    }
  ]
}