{
  "title": "사윗감 찾아 나선 두더지",
  "author": "백은하",
  "illustrator": "황은미",
  "isbn": "9791157987252",
  "publishedYear": 2019,
  "publisher": "세이펜북스",
  "paragraphInfoCount": 20,
  "paragraphInfo": [
    {
      "srcTextID": "96600",
      "srcText": "두더지 내외는 자나 깨나 주위를 둘러보고 또 둘러봤지만 도무지 성에 차지 않았어. 이 마을 저 마을 아무리 눈을 씻고 찾아봐도 마음에 드는 사윗감이 있어야 말이지. 하루는 가만히 하늘을 올려다보니 해가 쨍쨍 내리쬐는 거야. \"옳구나, 바로 저거로구나.\" 세상을 밝게 비춰 주는 해를 당할 자는 없겠구나 싶더래.",
      "srcPage": 2,
      "srcSentenceEA": 5,
      "srcWordEA": 48,
      "character": "두더지 내외,사윗감,해",
      "setting": null,
      "action": "눈을 씻고 찾아봐도,올려다보니,하늘을 올려다보니,둘러봤지만",
      "feeling": "마음에 드는,당할 자는 없겠구나 싶더래",
      "causalRelationship": null,
      "outcomeResolution": null,
      "prediction": null,
      "plotSummaryInfoCount": 1,
      "plotSummaryInfo": {
        "classification": "의사소통",
        "readAge": "유아",
        "form": "long-form",
        "plotSummaryText": "두더지 내외는 이 마을 저 마을 아무리 눈을 씻고 찾아봐도 마음에 드는 사윗감이 없었는데, 하루는 가만히 하늘을 올려다보니 세상을 밝게 비춰 주는 해를 당할 자는 없겠구나 싶었습니다.",
        "textWordEA": 27
      }
    },
    {
      "srcTextID": "96603",
      "srcText": "그때 두둥실 구름이 나타났어. 두더지 내외는 얼른 구름한테 다가가서 말했지. \"우리가 예쁜 딸을 두었는데 세상에서 제일 잘나고 힘센 사위를 얻어 주려고 해한테 물어봤더니 당신이 세상에서 가장 힘이 세고 훌륭하다고 하니 우리 사위가 되어 주시오.\"",
      "srcPage": 5,
      "srcSentenceEA": 3,
      "srcWordEA": 35,
      "character": "구름,두더지 내외,예쁜 딸,사위",
      "setting": null,
      "action": "나타났어,다가가서 말했지",
      "feeling": null,
      "causalRelationship": null,
      "outcomeResolution": null,
      "prediction": null,
      "plotSummaryInfoCount": 1,
      "plotSummaryInfo": {
        "classification": "의사소통",
        "readAge": "유아",
        "form": "short-form",
        "plotSummaryText": "그때 구름이 나타났고, 두더지 내외는 얼른 다가가서 우리가 예쁜 딸을 두어 세상에서 제일 잘나고 힘센 사위를 얻어 주려고 해한테 물어봤는데 구름 당신이라고 말했으니, 우리 사위가 되어 달라고 했습니다.",
        "textWordEA": 28
      }
    },
    {
      "srcTextID": "96602",
      "srcText": "해가 가만히 듣고 있다 대답하길, \"내가 온 세상 훤히 비춰 훌륭하기는 하지만 구름이 나와서 나를 덮어 버리면 그만 빛을 잃고 컴컴해진다오. 구름이 나보다 힘이 세고 훌륭하니까 구름한테 가서 사위가 되어 달라 하시오.\" 두더지 내외가 들어 보니까 옳다구나! 그 말이 딱 맞다 싶었지.",
      "srcPage": 4,
      "srcSentenceEA": 5,
      "srcWordEA": 45,
      "character": "해,구름,사위",
      "setting": null,
      "action": "듣고 있다 대답하길,나와서,컴컴해진다오",
      "feeling": "훌륭하기는 하지만",
      "causalRelationship": "내가 온 세상 훤히 비춰 훌륭하기는 하지만 구름이 나와서 나를 덮어 버리면 그만 빛을 잃고 컴컴해진다오.",
      "outcomeResolution": null,
      "prediction": null,
      "plotSummaryInfoCount": 1,
      "plotSummaryInfo": {
        "classification": "의사소통",
        "readAge": "유아",
        "form": "long-form",
        "plotSummaryText": "해가 가만히 듣고 있다 대답하길, 온 세상 훤히 비춰 훌륭하기는 하지만 구름이 나와서 덮어 버리면 빛을 잃어버리니, 나보다 힘이 세고 훌륭한 구름한테 가서 사위가 되어 달라 하라고 했고, 두더지 내외는 그 말이 딱 맞다 싶었습니다.",
        "textWordEA": 35
      }
    },
    {
      "srcTextID": "96605",
      "srcText": "그때 거센 바람이 후욱후욱 불며 지나가. 두더지 내외가 바람한테 달려가 말했지. \"우리가 예쁜 딸을 두었는데 세상에서 제일 잘나고 힘센 사위를 얻어 주려고 구름한테 물어봤더니 당신이 세상에서 가장 힘이 세고 훌륭하다고 하니 우리 사위가 되어 주시오.\"",
      "srcPage": 7,
      "srcSentenceEA": 3,
      "srcWordEA": 36,
      "character": "바람,두더지 내외,예쁜 딸,사위,구름",
      "setting": null,
      "action": "달려가 말했지,후욱후욱 불며 지나가,물어봤더니",
      "feeling": null,
      "causalRelationship": null,
      "outcomeResolution": null,
      "prediction": null,
      "plotSummaryInfoCount": 1,
      "plotSummaryInfo": {
        "classification": "의사소통",
        "readAge": "유아",
        "form": "short-form",
        "plotSummaryText": "그때 거센 바람이 후욱 불며 지나가길래 두더지 내외가 달려가 우리가 예쁜 딸을 두어 세상에서 제일 잘나고 힘센 사위를 얻어 주려고 구름에게 물어봤는데, 바람 당신이라고 하니, 우리 사위가 되어 달라고 말했습니다.",
        "textWordEA": 30
      }
    },
    {
      "srcTextID": "96613",
      "srcText": "먹이사슬을 연상시키는 재미있는 이야기입니다. 결국 두더지가 해를 이긴 셈이네요. 재미있기는 하지만, 결말에서 좀 허망한 느낌을 받지 않았는지 모르겠습니다.",
      "srcPage": 13,
      "srcSentenceEA": 3,
      "srcWordEA": 20,
      "character": "두더지,해",
      "setting": null,
      "action": "해를 이긴,먹이사슬을 연상시키는",
      "feeling": "허망한 느낌을",
      "causalRelationship": null,
      "outcomeResolution": null,
      "prediction": null,
      "plotSummaryInfoCount": 1,
      "plotSummaryInfo": {
        "classification": "의사소통",
        "readAge": "유아",
        "form": "short-form",
        "plotSummaryText": "먹이사슬을 연상시키는 이야기로 결국 두더지가 해를 이긴 셈이지만, 결말은 좀 허망한 느낌을 받았을지도 모르겠습니다.",
        "textWordEA": 14
      }
    },
    {
      "srcTextID": "96618",
      "srcText": "혹시 아이들이 \"에이, 이게 뭐야!\" 하는 반응을 보이지 않던가요? 좋은 짝을 구하려고 힘들여서 먼 길을 나섰다가 빈손으로 돌아왔으니 헛고생을 했다고 말할 수가 있겠어요. 남은 게 없잖아요. 어쩌면 이 이야기는 자기 기준을 세우지 못하고 남의 말에 이리저리 이끌려 가다가 곤경에 처한 사람에 대한 이야기라고도 할 수 있겠습니다.",
      "srcPage": 14,
      "srcSentenceEA": 6,
      "srcWordEA": 50,
      "character": "아이들,사람,좋은 짝",
      "setting": null,
      "action": "나섰다가,돌아왔으니,헛고생을 했다고,좋은 짝을 구하려고",
      "feeling": null,
      "causalRelationship": null,
      "outcomeResolution": "어쩌면 이 이야기는 자기 기준을 세우지 못하고 남의 말에 이리저리 이끌려 가다가 곤경에 처한 사람에 대한 이야기라고도 할 수 있겠습니다.",
      "prediction": null,
      "plotSummaryInfoCount": 1,
      "plotSummaryInfo": {
        "classification": "의사소통",
        "readAge": "유아",
        "form": "long-form",
        "plotSummaryText": "좋은 짝을 구하려고 먼 길을 나섰다가 빈손으로 돌아왔으니 헛고생했다고 말할 수 있겠지만, 어쩌면 자기 기준을 세우지 못하고 남의 말에 이리저리 이끌려 가다가 곤경에 처한 사람에 대한 이야기라고도 할 수 있겠습니다.",
        "textWordEA": 30
      }
    },
    {
      "srcTextID": "96616",
      "srcText": "우리 속담에 '남의 손의 떡은 커 보인다'는 말이 있습니다. 내가 가진 것보다 남의 것이 더 좋아 보인다는 말이지요. 이 말이 참 그럴듯합니다. 이 이야기를 놓고서 말한다면, 어두운 땅속을 기어 다니는 두더지보다 은진 미륵이나 바람과 구름, 해 같은 것이 훨씬 크고 훌륭한 존재가 아닌가 하는 것이지요.",
      "srcPage": 15,
      "srcSentenceEA": 6,
      "srcWordEA": 49,
      "character": "떡,두더지,은진 미륵,바람",
      "setting": null,
      "action": "기어 다니는",
      "feeling": null,
      "causalRelationship": null,
      "outcomeResolution": "이 이야기를 놓고서 말한다면, 어두운 땅속을 기어 다니는 두더지보다 은진 미륵이나 바람과 구름, 해 같은 것이 훨씬 크고 훌륭한 존재가 아닌가 하는 것이지요.",
      "prediction": null,
      "plotSummaryInfoCount": 1,
      "plotSummaryInfo": {
        "classification": "의사소통",
        "readAge": "유아",
        "form": "long-form",
        "plotSummaryText": "우리 속담에 남의 손의 떡은 커 보인다는 말이 있듯이, 이 이야기를 놓고서 말한다면, 어두운 땅속을 기어다니는 두더지보다 은진 미륵이나 바람과 구름, 해 같은 것이 훨씬 크고 훌륭한 존재가 아닌가 하는 것입니다.",
        "textWordEA": 31
      }
    },
    {
      "srcTextID": "96611",
      "srcText": "그보다는 우리 자신이 가진 가치를 제대로 알아야 한다, 이런 뜻으로 해석하고 싶습니다. 두더지는 자기가 보잘것없는 존재라 생각했지만 저 거센 바람이 못 이기는 은진 미륵을 흔들어 넘어뜨릴 만한 힘을 가지고 있었지요. 우리 자신이 그렇게 힘이 있고 소중한 존재라는 사실을 깨달을 때 남의 것을 바라보지 않고 온전한 자기 삶을 살 수 있게 되는 것이라 할 수 있습니다.",
      "srcPage": 19,
      "srcSentenceEA": 3,
      "srcWordEA": 57,
      "character": "두더지,바람,은진 미륵",
      "setting": null,
      "action": "흔들어",
      "feeling": "보잘것없는 존재라 생각했지만,넘어뜨릴 만한,사실을 깨달을 때",
      "causalRelationship": null,
      "outcomeResolution": "우리 자신이 그렇게 힘이 있고 소중한 존재라는 사실을 깨달을 때 남의 것을 바라보지 않고 온전한 자기 삶을 살 수 있게 되는 것이라 할 수 있습니다.",
      "prediction": null,
      "plotSummaryInfoCount": 1,
      "plotSummaryInfo": {
        "classification": "의사소통",
        "readAge": "유아",
        "form": "short-form",
        "plotSummaryText": "두더지는 자기가 보잘것없는 존재라 생각했지만, 바람이 못 이기는 은진 미륵을 흔들어 넘어뜨릴 만한 힘을 가지고 있듯이, 우리 자신이 가진 가치를 제대로 알고 소중한 존재라는 사실을 깨달을 때 남의 것을 바라보지 않고 온전한 자기 삶을 살 수 있다는 것입니다.",
        "textWordEA": 38
      }
    },
    {
      "srcTextID": "96599",
      "srcText": "옛날 어느 은진 미륵 밑에 금실 좋은 두더지 내외가 살았더래. 내외에게는 딸이 하나 있었는데 어찌나 예쁘게 컸는지 몰라. 그래 세상에서 제일가는 사위를 얻어 주어야겠다고 마음먹었지.",
      "srcPage": 1,
      "srcSentenceEA": 3,
      "srcWordEA": 27,
      "character": "두더지 내외,딸,사위",
      "setting": "옛날 어느 은진 미륵 밑에",
      "action": "살았더래",
      "feeling": "어찌나 예쁘게",
      "causalRelationship": null,
      "outcomeResolution": null,
      "prediction": null,
      "plotSummaryInfoCount": 1,
      "plotSummaryInfo": {
        "classification": "의사소통",
        "readAge": "유아",
        "form": "short-form",
        "plotSummaryText": "옛날 어느 은진 미륵 밑에 금실 좋은 두더지 내외가 살았는데, 하나 있는 딸이 어찌나 예쁘게 컸는지 세상에서 제일가는 사위를 얻어 주겠다고 마음먹었습니다.",
        "textWordEA": 22
      }
    },
    {
      "srcTextID": "96615",
      "srcText": "아예 잡을 기회가 없었다면 모르지만, 힘들게 해와 바람, 구름을 만나고서 그냥 놓치는 건 좀 바보 같다고 할 수 있겠습니다. \"나 같으면 누가 뭐래도 해를 잡았을 거다\", 이렇게 말할 수도 있겠어요. 만약 아이들이 이와 같이 말한다면 어떻게 답해야 할까요?",
      "srcPage": 16,
      "srcSentenceEA": 4,
      "srcWordEA": 40,
      "character": "해,바람,구름,아이들",
      "setting": null,
      "action": "만나고서",
      "feeling": "바보 같다고",
      "causalRelationship": null,
      "outcomeResolution": null,
      "prediction": "만약 아이들이 이와 같이 말한다면 어떻게 답해야 할까요?",
      "plotSummaryInfoCount": 1,
      "plotSummaryInfo": {
        "classification": "의사소통",
        "readAge": "유아",
        "form": "long-form",
        "plotSummaryText": "아예 잡을 기회가 없었다면 모르지만, 힘들게 해와 바람, 구름을 만나고서 그냥 놓치는 건 좀 바보 같다고 하며, 아이들이 나 같으면 해를 잡았을 거라고 말할 수도 있겠습니다.",
        "textWordEA": 26
      }
    },
    {
      "srcTextID": "96607",
      "srcText": "두더지 내외는 다시 오던 길을 돌아 몇 날 며칠 몇 달 삼 년이나 걸려 땅 아래로 내려와 우뚝 서 있는 은진 미륵 앞에서 말했지. \"당신은 해를 뒤덮어서 어둡게 하는 구름을 불어서 멀리 날려 보내는 바람보다 힘이 세다고 들었소. 당신이야말로 이 세상에서 가장 힘이 세고 훌륭하니 부디 우리 사위가 되어 주시구려.\"",
      "srcPage": 9,
      "srcSentenceEA": 3,
      "srcWordEA": 51,
      "character": "두더지 내외,해,구름,바람,사위",
      "setting": null,
      "action": "내려와,서 있는,말했지,다시 오던 길을 돌아,은진 미륵 앞에서 말했지",
      "feeling": null,
      "causalRelationship": null,
      "outcomeResolution": "당신이야말로 이 세상에서 가장 힘이 세고 훌륭하니 부디 우리 사위가 되어 주시구려.",
      "prediction": null,
      "plotSummaryInfoCount": 1,
      "plotSummaryInfo": {
        "classification": "의사소통",
        "readAge": "유아",
        "form": "short-form",
        "plotSummaryText": "두더지 내외는 다시 삼 년이나 걸려 땅 아래로 내려와 우뚝 서 있는 은진 미륵 앞에서, 당신은 해를 뒤덮는 구름을 날려 보내는 바람보다 힘이 세다고 들었다며, 당신이야말로 이 세상에서 가장 힘이 세고 훌륭하니 부디 우리 사위가 되어 달라고 말했습니다.",
        "textWordEA": 38
      }
    },
    {
      "srcTextID": "96608",
      "srcText": "가만히 듣고 있던 은진 미륵이 어떻게 했냐고? 이렇게 대답했대. \"나는 바람이 불어도 날아가지 않는 은진 미륵, 세상에서 제일 힘이 세고 훌륭할지는 모르오. 하지만 내가 서 있는 발밑에 사는 두더지가 자꾸 땅을 파헤치고 있어 곧 넘어질 참이니 나보다 힘이 세고 훌륭한 것은 두더지 아니겠소. 두더지한테 가서 사위가 되어 달라 해 보시오.\"",
      "srcPage": 10,
      "srcSentenceEA": 5,
      "srcWordEA": 53,
      "character": "은진 미륵,바람,두더지,사위",
      "setting": null,
      "action": "듣고 있던,땅을 파헤치고,대답했대",
      "feeling": null,
      "causalRelationship": "하지만 내가 서 있는 발밑에 사는 두더지가 자꾸 땅을 파헤치고 있어 곧 넘어질 참이니 나보다 힘이 세고 훌륭한 것은 두더지 아니겠소. 두더지한테 가서 사위가 되어 달라 해 보시오.",
      "outcomeResolution": null,
      "prediction": null,
      "plotSummaryInfoCount": 1,
      "plotSummaryInfo": {
        "classification": "의사소통",
        "readAge": "유아",
        "form": "long-form",
        "plotSummaryText": "가만히 듣고 있던 은진 미륵은 바람이 불어도 날아가지 않아 세상에서 제일 힘이 세고 훌륭할지는 모르지만, 내 발밑에 사는 두더지가 자꾸 땅을 파헤쳐 곧 넘어질 참이니, 나보다 힘이 세고 훌륭한 두더지한테 가서 사위가 되어 달라고 해 보라고 대답했습니다.",
        "textWordEA": 37
      }
    },
    {
      "srcTextID": "96609",
      "srcText": "\"옳구나! 멀리 갈 필요도 없었구나.\" 두더지 내외는 그제야 두더지가 세상에서 가장 힘이 세고 훌륭하다는 걸 깨달았어. 그래서 은진 미륵 밑에 사는 두더지 사위 하나 얻어 예쁜 딸과 혼례를 치러 주었다지.",
      "srcPage": 11,
      "srcSentenceEA": 3,
      "srcWordEA": 33,
      "character": "두더지 사위,예쁜 딸,은진 미륵",
      "setting": null,
      "action": "밑에 사는,하나 얻어,혼례를 치러 주었다지",
      "feeling": "훌륭하다는 걸 깨달았어",
      "causalRelationship": null,
      "outcomeResolution": "그래서 은진 미륵 밑에 사는 두더지 사위 하나 얻어 예쁜 딸과 혼례를 치러 주었다지.",
      "prediction": null,
      "plotSummaryInfoCount": 1,
      "plotSummaryInfo": {
        "classification": "의사소통",
        "readAge": "유아",
        "form": "short-form",
        "plotSummaryText": "멀리 갈 필요도 없었다며 그제야 깨달은 두더지 내외는 은진 미륵 밑에 사는 두더지 사위를 얻어 예쁜 딸과 혼례를 치러 주었습니다.",
        "textWordEA": 20
      }
    },
    {
      "srcTextID": "96614",
      "srcText": "신동흔 선생님과 함께 읽는 옛이야기 내가 서 있는 이곳이 세상의 중심! 두더지에서 해로, 해에서 구름으로, 구름에서 바람으로, 바람에서 은진 미륵으로, 그리고 다시 두더지로. 최고의 사윗감을 찾아서 돌고 돌아 다다른 곳이 원래 자기가 서 있던 자리였어요.",
      "srcPage": 12,
      "srcSentenceEA": 3,
      "srcWordEA": 37,
      "character": "두더지,해,구름,바람,신동흔 선생님",
      "setting": null,
      "action": "읽는,서 있는,찾아서",
      "feeling": null,
      "causalRelationship": null,
      "outcomeResolution": "최고의 사윗감을 찾아서 돌고 돌아 다다른 곳이 원래 자기가 서 있던 자리였어요.",
      "prediction": null,
      "plotSummaryInfoCount": 1,
      "plotSummaryInfo": {
        "classification": "의사소통",
        "readAge": "유아",
        "form": "short-form",
        "plotSummaryText": "신동흔 선생님과 함께 읽는 내가 서 있는 이곳이 세상의 중심이라는 옛이야기는 두더지에서 해로, 구름으로, 바람으로, 그리고 은진 미륵으로, 또다시 두더지로 최고의 신랑감을 찾아 돌고 돌아 다다른 곳이 원래 서 있던 자리였습니다.",
        "textWordEA": 31
      }
    },
    {
      "srcTextID": "96617",
      "srcText": "한번 이렇게 되묻는 건 어떨까요? \"만약 두더지 처녀가 진짜로 하늘의 해하고 결혼했다면, 또는 바람이나 구름, 은진 미륵하고 결혼했다면 정말로 행복했을까?\" 하고요. 과연 어땠을까요? 크고 멋진 짝을 얻었다는 성취감은 있을지 몰라도, 좋은 짝으로 어울려서 편안히 살기는 어렵지 않았을까요?",
      "srcPage": 17,
      "srcSentenceEA": 5,
      "srcWordEA": 40,
      "character": "바람,구름,은진 미륵,짝,두더지 처녀",
      "setting": null,
      "action": "되묻는 건,어울려서 편안히 살기는",
      "feeling": "행복했을까",
      "causalRelationship": null,
      "outcomeResolution": null,
      "prediction": null,
      "plotSummaryInfoCount": 1,
      "plotSummaryInfo": {
        "classification": "의사소통",
        "readAge": "유아",
        "form": "long-form",
        "plotSummaryText": "만약 두더지 처녀가 진짜로 하늘의 해, 또는 바람이나 구름, 은진 미륵하고 결혼했다면 행복했을지 되묻는 건 어떨지, 아마 크고 멋진 짝을 얻었다는 성취감은 있을지 몰라도, 좋은 짝으로 어울려서 편안히 살기는 어렵지 않았나 싶습니다.",
        "textWordEA": 32
      }
    },
    {
      "srcTextID": "96612",
      "srcText": "뜨거운 해에 다가가려다가 몸이 데었을지도 모르지요. 바람에 훌쩍 날아갈 수도 있고요. 자기 분수를 알고 욕심을 버려야 한다, 꼭 이런 뜻은 아닙니다.",
      "srcPage": 18,
      "srcSentenceEA": 3,
      "srcWordEA": 23,
      "character": "해,바람",
      "setting": null,
      "action": "데었을지도 모르지요,날아갈 수도",
      "feeling": null,
      "causalRelationship": null,
      "outcomeResolution": "자기 분수를 알고 욕심을 버려야 한다, 꼭 이런 뜻은 아닙니다.",
      "prediction": null,
      "plotSummaryInfoCount": 1,
      "plotSummaryInfo": {
        "classification": "의사소통",
        "readAge": "유아",
        "form": "short-form",
        "plotSummaryText": "뜨거운 해에 다가가려다가 몸이 데었을지도 모르고, 바람에 날아갈 수도 있듯이 자기 분수를 알아야 한다는 꼭 그런 뜻은 아닙니다.",
        "textWordEA": 18
      }
    },
    {
      "srcTextID": "96610",
      "srcText": "그러니까 두더지의 저 긴 여행은 허튼 것이 아니었다고 할 수 있습니다. 그것은 지금 내가 서 있는 여기가 세상의 중심이라는 사실을, 나 자신이 세상의 오롯한 주인공이라는 사실을 깨치는 소중한 각성의 여행이라 할 수 있습니다. 그 깨달음 끝에 얻은 두더지 사위는 세상에서 가장 멋지고 사랑스러운 사위가 아니었을까요? 그림 속의 표정, 참 행복해 보이잖아요!",
      "srcPage": 20,
      "srcSentenceEA": 4,
      "srcWordEA": 54,
      "character": "두더지,주인공,두더지 사위",
      "setting": null,
      "action": "내가 서 있는 여기가",
      "feeling": "행복해",
      "causalRelationship": "그 깨달음 끝에 얻은 두더지 사위는 세상에서 가장 멋지고 사랑스러운 사위가 아니었을까요? 그림 속의 표정, 참 행복해 보이잖아요!",
      "outcomeResolution": null,
      "prediction": null,
      "plotSummaryInfoCount": 1,
      "plotSummaryInfo": {
        "classification": "의사소통",
        "readAge": "유아",
        "form": "long-form",
        "plotSummaryText": "두더지의 긴 여행은 허튼 것이 아니고, 지금 내가 서 있는 여기가 세상의 중심이며, 주인공이라는 사실을 깨치는 소중한 각성의 여행이라 할 수 있고, 그 깨달음 끝에 얻은 두더지 사위는 세상에서 가장 멋지고 사랑스럽고 행복한 사위였을 것입니다.",
        "textWordEA": 35
      }
    },
    {
      "srcTextID": "96601",
      "srcText": "두더지 내외는 해를 만나러 나섰어. 신을 수십 켤레 삼아서 짊어지고 튼튼한 쇠지팡이를 짚고 몇 날 며칠 몇 달 삼 년이나 걸려 하늘 위로 올라가 해를 만났지. 해는 어찌나 크고 뜨거운지 두더지 내외는 겨우 다가가 이렇게 말했지. \"우리가 예쁜 딸을 두었는데 당신이 세상에서 제일 힘이 세고 훌륭하게 생겼으니 우리 사위가 되어 주시오.\"",
      "srcPage": 3,
      "srcSentenceEA": 4,
      "srcWordEA": 53,
      "character": "해,쇠지팡이,예쁜 딸,사위",
      "setting": null,
      "action": "하늘 위로 올라가,만나러 나섰어,짊어지고,말했지,겨우 다가가",
      "feeling": null,
      "causalRelationship": "우리가 예쁜 딸을 두었는데 당신이 세상에서 제일 힘이 세고 훌륭하게 생겼으니 우리 사위가 되어 주시오.",
      "outcomeResolution": null,
      "prediction": null,
      "plotSummaryInfoCount": 1,
      "plotSummaryInfo": {
        "classification": "의사소통",
        "readAge": "유아",
        "form": "long-form",
        "plotSummaryText": "두더지 내외는 해를 만나러 나섰고, 신을 수십 켤레 짊어지고 튼튼한 쇠지팡이를 짚고서 삼 년이나 걸려 크고 뜨거운 해를 만나, 우리가 예쁜 딸을 두었는데 당신이 세상에서 제일 힘이 세고 훌륭하게 생겼으니 사위가 되어 달라고 말했습니다.",
        "textWordEA": 34
      }
    },
    {
      "srcTextID": "96604",
      "srcText": "그랬더니 구름이 이렇게 대답했어. \"내가 해를 덮어 그 빛을 가릴 수는 있지만 바람이 와서 나를 불어 버리면 그만 힘없이 날아가 버리오. 바람이 나보다 힘이 세고 훌륭하니까 바람한테 가서 사위가 되어 달라 하시오.\" 두더지 내외가 듣고 보니 옳구나, 그 말이 딱 맞다 싶었지.",
      "srcPage": 6,
      "srcSentenceEA": 4,
      "srcWordEA": 44,
      "character": "구름,해,바람,사위",
      "setting": null,
      "action": "대답했어,덮어,가릴 수는 있지만,불어 버리면",
      "feeling": "훌륭하니까",
      "causalRelationship": null,
      "outcomeResolution": null,
      "prediction": null,
      "plotSummaryInfoCount": 1,
      "plotSummaryInfo": {
        "classification": "의사소통",
        "readAge": "유아",
        "form": "long-form",
        "plotSummaryText": "그랬더니 구름은 해를 가릴 수 있지만 바람은 불면 사라져 버리니, 나보다 더 강하고 뛰어난 바람에게 가서 사위로 들어오라고 했고, 두더지 부부는 그 말이 딱 맞는다고 생각했습니다.",
        "textWordEA": 26
      }
    },
    {
      "srcTextID": "96606",
      "srcText": "바람이 가만히 듣고 있다 대답했어. \"나는 구름을 불어서 멀리 쫓아 버리는 힘이 있지만 돌로 만든 은진 미륵만은 아무리 날려 보내려 해도 꿈적도 하지 않는다오. 은진 미륵이 나보다 힘이 세고 훌륭하니 은진 미륵한테 가서 사위가 되어 달라 하시오.\"",
      "srcPage": 8,
      "srcSentenceEA": 3,
      "srcWordEA": 38,
      "character": "바람,구름,사위",
      "setting": null,
      "action": "듣고 있다 대답했어,불어서 멀리 쫓아 버리는,은진 미륵한테 가서",
      "feeling": null,
      "causalRelationship": null,
      "outcomeResolution": null,
      "prediction": null,
      "plotSummaryInfoCount": 1,
      "plotSummaryInfo": {
        "classification": "의사소통",
        "readAge": "유아",
        "form": "short-form",
        "plotSummaryText": "바람이 가만히 듣고 있다 구름을 불어서 멀리 쫓아 버리는 힘이 있지만 돌로 만든 은진 미륵만은 꿈적도 하지 않는다며, 나보다 힘이 세고 훌륭한 은진 미륵한테 가서 사위가 되어 달라 하라고 말했습니다.",
        "textWordEA": 30
      }
    }
  ]
}