{
  "title": "토끼와 호랑이",
  "author": "최수복",
  "illustrator": "김영수",
  "isbn": "9791157987023",
  "publishedYear": 2019,
  "publisher": "세이펜북스",
  "paragraphInfoCount": 35,
  "paragraphInfo": [
    {
      "srcTextID": "95853",
      "srcText": "호랑이는 벌겋게 익은 떡을 보고만 있자니 군침이 돌아 견딜 수가 있어야지. 게다가 간장 가지러 간 토끼는 도무지 오질 않잖아. 더는 기다릴 수가 없어 구운 떡을 몽땅 입에 집어넣었어.",
      "srcPage": 6,
      "srcSentenceEA": 3,
      "srcWordEA": 30,
      "character": "호랑이,떡,간장,토끼",
      "setting": null,
      "action": "보고만 있자니,돌아,가지러 간,오질 않잖아,기다릴 수가 없어,집어넣었어",
      "feeling": null,
      "causalRelationship": null,
      "outcomeResolution": null,
      "prediction": null,
      "plotSummaryInfoCount": 1,
      "plotSummaryInfo": {
        "classification": "의사소통",
        "readAge": "유아",
        "form": "short-form",
        "plotSummaryText": "호랑이는 떡을 보고만 있자니 군침이 돌았고, 더는 기다릴 수가 없어 구운 떡을 몽땅 입에 집어넣었습니다.",
        "textWordEA": 15
      }
    },
    {
      "srcTextID": "95854",
      "srcText": "그리고 며칠 뒤에 호랑이와 토끼가 딱 마주쳤어. 호랑이가 이번에는 절대 속지 않겠다며 토끼를 한입에 삼키려고 했지. 그러자 토끼가 눈물을 철철 흘리며 이러더래. \"지난번에 간장을 갖고 갔더니 떡도 안 보이고 아저씨도 안 보여서 얼마나 걱정한 줄 아세요?\" 호랑이는 토끼가 저를 걱정해 준 게 기분 좋았나 봐.",
      "srcPage": 8,
      "srcSentenceEA": 5,
      "srcWordEA": 48,
      "character": "호랑이,토끼,간장,떡,아저씨",
      "setting": "며칠 뒤에",
      "action": "마주쳤어,삼키려고 했지,흘리며,갖고,갔더니,안 보이고",
      "feeling": null,
      "causalRelationship": null,
      "outcomeResolution": null,
      "prediction": null,
      "plotSummaryInfoCount": 1,
      "plotSummaryInfo": {
        "classification": "의사소통",
        "readAge": "유아",
        "form": "long-form",
        "plotSummaryText": "며칠 뒤에 토끼와 마주친 호랑이는 토끼가 눈물을 철철 흘리며 간장을 갖고 갔더니 떡도, 아저씨도 안 보여서 얼마나 걱정했다고 말하니 좋아했습니다.",
        "textWordEA": 20
      }
    },
    {
      "srcTextID": "95852",
      "srcText": "그랬더니 배 속이 뜨거워서 펄쩍펄쩍 뛰고 난리가 났지. 그제야 호랑이는 토끼한테 속은 걸 알고 분통이 났어. 이놈을 가만두지 않겠다고 단단히 별렀지.",
      "srcPage": 7,
      "srcSentenceEA": 3,
      "srcWordEA": 23,
      "character": "호랑이,토끼",
      "setting": null,
      "action": "뛰고,난리가 났지,속은 걸 알고,별렀지",
      "feeling": null,
      "causalRelationship": null,
      "outcomeResolution": null,
      "prediction": null,
      "plotSummaryInfoCount": 1,
      "plotSummaryInfo": {
        "classification": "의사소통",
        "readAge": "유아",
        "form": "short-form",
        "plotSummaryText": "배 속이 뜨거워서 뛰고 난리가 난 호랑이는 그제야 토끼한테 속은 걸 알고는 가만두지 않겠다고 생각하였습니다.",
        "textWordEA": 15
      }
    },
    {
      "srcTextID": "95859",
      "srcText": "토끼는 호랑이를 대숲 한가운데로 데리고 갔어. 거기서 호랑이한테 눈을 감고 입을 쩍 벌리고 꼼짝 말고 앉아 있으라는 거야. 그러고는 이렇게 단단히 일렀어.",
      "srcPage": 12,
      "srcSentenceEA": 3,
      "srcWordEA": 24,
      "character": "토끼,호랑이",
      "setting": "대숲 한가운데",
      "action": "데리고 갔어,감고,벌리고,앉아 있으라는 거야,일렀어",
      "feeling": null,
      "causalRelationship": null,
      "outcomeResolution": null,
      "prediction": null,
      "plotSummaryInfoCount": 1,
      "plotSummaryInfo": {
        "classification": "의사소통",
        "readAge": "유아",
        "form": "short-form",
        "plotSummaryText": "토끼는 호랑이를 대숲으로 데리고 가, 눈을 감고 입을 벌리고는 꼼짝 말고 앉아 있으라고 했습니다.",
        "textWordEA": 14
      }
    },
    {
      "srcTextID": "95866",
      "srcText": "토끼는 호랑이를 강 옆으로 데려가 말했어. \"아저씨, 이 강에는 물고기가 수도 없이 많으니까 몽땅 잡아먹게 해 줄게요.\" 그러더니 호랑이보고 꼬리를 물속에 푹 담그고 있으라는 거야.",
      "srcPage": 19,
      "srcSentenceEA": 3,
      "srcWordEA": 26,
      "character": "토끼,호랑이,아저씨",
      "setting": "강 옆,물속",
      "action": "데려가,말했어,잡아먹게,담그고",
      "feeling": null,
      "causalRelationship": null,
      "outcomeResolution": null,
      "prediction": null,
      "plotSummaryInfoCount": 1,
      "plotSummaryInfo": {
        "classification": "의사소통",
        "readAge": "유아",
        "form": "short-form",
        "plotSummaryText": "토끼는 호랑이를 강 옆으로 데려가, 이 강에는 물고기가 수도 없이 많으니, 꼬리를 물속에 푹 담그고 있으라고 말했습니다.",
        "textWordEA": 17
      }
    },
    {
      "srcTextID": "95848",
      "srcText": "그랬더니 토끼가 샐샐 거리며 이러더래. \"아저씨, 저는 워낙 쪼그마해서 잡숴 봤자 배도 안 부르고 입만 아플 거예요. 저를 살려 주시면 양껏 배부르게 해 드릴게요.\"",
      "srcPage": 2,
      "srcSentenceEA": 3,
      "srcWordEA": 25,
      "character": "토끼,아저씨",
      "setting": null,
      "action": "잡숴 봤자,안 부르고,아플 거에요,살려 주시면,배부르게 해 드릴게요",
      "feeling": null,
      "causalRelationship": null,
      "outcomeResolution": null,
      "prediction": null,
      "plotSummaryInfoCount": 1,
      "plotSummaryInfo": {
        "classification": "의사소통",
        "readAge": "유아",
        "form": "short-form",
        "plotSummaryText": "토끼는 워낙 작아서 잡숴 봤자 배도 안 부르고 아저씨 입만 아플 테니, 살려 주시면 양껏 배부르게 해 드리겠다고 했습니다.",
        "textWordEA": 19
      }
    },
    {
      "srcTextID": "95855",
      "srcText": "\"내가 아저씨를 위해서 새를 잡는 꾀를 알아 놓았어요. 아저씨가 입만 벌리고 앉아 있으면 그리로 수천 마리의 새를 몽땅 몰아 드릴게요. 저는 나중에 잡아먹어도 늦지 않잖아요.\"",
      "srcPage": 10,
      "srcSentenceEA": 3,
      "srcWordEA": 27,
      "character": "아저씨,새",
      "setting": "나중에",
      "action": "잡는,알아 놓았어요,벌리고,앉아 있으면,몰아 드릴게요,잡아먹어도",
      "feeling": null,
      "causalRelationship": null,
      "outcomeResolution": null,
      "prediction": null,
      "plotSummaryInfoCount": 1,
      "plotSummaryInfo": {
        "classification": "의사소통",
        "readAge": "유아",
        "form": "short-form",
        "plotSummaryText": "아저씨가 입만 벌리고 앉아 있으면 새를 몽땅 몰아 드릴 테니, 자신은 나중에 잡아먹어도 늦지 않는다고 했습니다.",
        "textWordEA": 16
      }
    },
    {
      "srcTextID": "95856",
      "srcText": "토끼 말을 들어 보니 그럴듯하거든. 새도 먹고 토끼도 먹으면 좀 좋아. 호랑이는 냉큼 토끼를 따라나섰어.",
      "srcPage": 11,
      "srcSentenceEA": 3,
      "srcWordEA": 17,
      "character": "토끼,새,호랑이",
      "setting": null,
      "action": "들어 보니,먹고,먹으면,따라나섰어",
      "feeling": null,
      "causalRelationship": null,
      "outcomeResolution": null,
      "prediction": null,
      "plotSummaryInfoCount": 1,
      "plotSummaryInfo": {
        "classification": "의사소통",
        "readAge": "유아",
        "form": "short-form",
        "plotSummaryText": "호랑이는 새도 먹고 토끼도 먹으면 좀 좋겠는가 싶어 토끼를 따라나섰습니다.",
        "textWordEA": 10
      }
    },
    {
      "srcTextID": "95860",
      "srcText": "호랑이는 토끼가 시키는 대로 눈을 감고 입을 크게 벌리고 꼼짝하지 않고 앉아 있었어. 그사이에 토끼는 대숲 여기저기에 불을 활활 질렀어. 이윽고 대나무에 불이 붙어 후루룩후루룩 소리가 나는 거야. 호랑이는 수천 마리의 새가 떼 지어 입안으로 날아오는 소리인 줄 알았지. 그래 좋아서 입을 더 크게 벌렸더래.",
      "srcPage": 14,
      "srcSentenceEA": 5,
      "srcWordEA": 49,
      "character": "호랑이,토끼,대나무",
      "setting": "대숲 여기저기,입안",
      "action": "감고,벌리고,앉아 있었어,질렀어,붙어,벌렸더래",
      "feeling": null,
      "causalRelationship": null,
      "outcomeResolution": null,
      "prediction": null,
      "plotSummaryInfoCount": 1,
      "plotSummaryInfo": {
        "classification": "의사소통",
        "readAge": "유아",
        "form": "long-form",
        "plotSummaryText": "토끼는 대숲에 불을 활활 질렀고, 불이 붙어 나는 소리가 수천 마리의 새 떼가 입안으로 날아오는 소리인 줄 안 호랑이는 좋아서 입을 더 크게 벌렸습니다.",
        "textWordEA": 24
      }
    },
    {
      "srcTextID": "95862",
      "srcText": "호랑이는 소스라치게 놀라 불구덩이에서 이리 뛰고 저리 뛰다 겨우 목숨을 구했지. 호랑이는 이번에도 토끼 놈한테 속아 죽을 뻔한 게 분통이 났어. 그래 당장 잡아먹어야겠다고 꾹꾹 다짐했지.",
      "srcPage": 16,
      "srcSentenceEA": 3,
      "srcWordEA": 28,
      "character": "호랑이,토끼",
      "setting": "불구덩이",
      "action": "이리 뛰고 저리 뛰다,구했지,속아,죽을 뻔한 게,잡아먹어야겠다고,다짐했지",
      "feeling": null,
      "causalRelationship": null,
      "outcomeResolution": null,
      "prediction": null,
      "plotSummaryInfoCount": 1,
      "plotSummaryInfo": {
        "classification": "의사소통",
        "readAge": "유아",
        "form": "short-form",
        "plotSummaryText": "호랑이는 겨우 목숨을 구했고, 이번에도 토끼 놈한테 속은 것이 분통이 나 당장 잡아먹어야겠다고 다짐했습니다.",
        "textWordEA": 14
      }
    },
    {
      "srcTextID": "95864",
      "srcText": "며칠이 지난 어느 날이었어. 숲속에서 호랑이와 토끼가 또 딱 만났지 뭐야. 호랑이는 토끼를 잡아먹겠다고 등잔만 한 눈을 뜨고 으르렁댔어.",
      "srcPage": 17,
      "srcSentenceEA": 3,
      "srcWordEA": 21,
      "character": "호랑이,토끼",
      "setting": "며칠이 지난 어느 날,숲속",
      "action": "만났지 뭐야,잡아먹겠다고,뜨고,으르렁댔어",
      "feeling": null,
      "causalRelationship": null,
      "outcomeResolution": null,
      "prediction": null,
      "plotSummaryInfoCount": 1,
      "plotSummaryInfo": {
        "classification": "의사소통",
        "readAge": "유아",
        "form": "short-form",
        "plotSummaryText": "며칠이 지난 어느 날, 숲속에서 토끼와 또 만난 호랑이는 토끼를 잡아먹겠다고 으르렁거렸습니다.",
        "textWordEA": 12
      }
    },
    {
      "srcTextID": "95857",
      "srcText": "하지만 그거도 잠시. 배가 고픈 호랑이는 입을 쩍 벌렸지. 그러자 토끼가 이러더래. \"아저씨, 뭐가 그리 급해요\"",
      "srcPage": 9,
      "srcSentenceEA": 4,
      "srcWordEA": 18,
      "character": "호랑이,토끼,아저씨",
      "setting": null,
      "action": "배가 고픈,벌렸지",
      "feeling": null,
      "causalRelationship": null,
      "outcomeResolution": null,
      "prediction": null,
      "plotSummaryInfoCount": 1,
      "plotSummaryInfo": {
        "classification": "의사소통",
        "readAge": "유아",
        "form": "long-form",
        "plotSummaryText": "배가 고픈 호랑이가 입을 벌리자, 토끼가 아저씨는 뭐가 그리 급하냐고 했습니다.",
        "textWordEA": 11
      }
    },
    {
      "srcTextID": "95871",
      "srcText": "굽혀서 빌거나 피해서 모면하는 것보다는 이렇게 정면으로 부딪쳐서 이겨 내는 게 더 확실한 방법이라 할 수 있습니다. 안그러면 내내 호랑이한테 위협을 당하면서 살게 될 테니까요. 사람들이 살아가는 일도 비슷하다고 할 수 있습니다.",
      "srcPage": 34,
      "srcSentenceEA": 3,
      "srcWordEA": 34,
      "character": "호랑이,사람들",
      "setting": null,
      "action": "빌거나,피해서,모면하는,부딪쳐서,이겨 내는,위협을 당하면서,살게 될,살아가는",
      "feeling": null,
      "causalRelationship": null,
      "outcomeResolution": null,
      "prediction": null,
      "plotSummaryInfoCount": 1,
      "plotSummaryInfo": {
        "classification": "의사소통",
        "readAge": "유아",
        "form": "short-form",
        "plotSummaryText": "빌거나 피했다면 내내 호랑이한테 위협을 당하면서 살게 되었겠지만, 정면으로 부딪쳐서 이겨 냈던 것처럼, 사람들이 살아가는 일도 비슷하다고 할 수 있습니다.",
        "textWordEA": 20
      }
    },
    {
      "srcTextID": "95877",
      "srcText": "임시로 모면하는 것보다 제대로 감당해서 해결하는 게 상책이지요. 그리하려면 힘을 기르는 과정이 필요합니다. 특히 내면 깊은 곳의 정신적인 힘을요!",
      "srcPage": 35,
      "srcSentenceEA": 3,
      "srcWordEA": 21,
      "character": null,
      "setting": null,
      "action": "모면하는,감당해서,해결하는,기르는,필요합니다",
      "feeling": null,
      "causalRelationship": "임시로 모면하는 것보다 제대로 감당해서 해결하는 게 상책이지요. 그리하려면 힘을 기르는 과정이 필요합니다.",
      "outcomeResolution": null,
      "prediction": null,
      "plotSummaryInfoCount": 1,
      "plotSummaryInfo": {
        "classification": "의사소통",
        "readAge": "유아",
        "form": "short-form",
        "plotSummaryText": "임시로 모면하는 것보다 제대로 감당해서 해결하는 게 상책이지요. 그리하려면 힘을 기르는 과정이 필요합니다.",
        "textWordEA": 13
      }
    },
    {
      "srcTextID": "95847",
      "srcText": "옛날에 간날에 호랑이가 살았는데 하루는 배가 몹시 고파서 이리저리 산속을 헤매고 다녔어. 그러다가 한 군데서 깡충깡충 뛰어가는 토끼를 만난 거야. 호랑이는 냅다 달려들어 덥석 잡아채서는 한입에 삼키려고 입을 쩍 벌렸어.",
      "srcPage": 1,
      "srcSentenceEA": 3,
      "srcWordEA": 32,
      "character": "호랑이,토끼",
      "setting": "옛날에,산속",
      "action": "살았는데,고파서,헤매고 다녔어,뛰어가는,만난 거야,달려들어,잡아채서는,삼키려고,벌렸어",
      "feeling": null,
      "causalRelationship": null,
      "outcomeResolution": null,
      "prediction": null,
      "plotSummaryInfoCount": 1,
      "plotSummaryInfo": {
        "classification": "의사소통",
        "readAge": "유아",
        "form": "short-form",
        "plotSummaryText": "옛날에 배고픈 호랑이가 산속을 헤매다가 뛰어가는 토끼를 잡아채서는 한입에 삼키려고 입을 벌렸습니다.",
        "textWordEA": 12
      }
    },
    {
      "srcTextID": "95858",
      "srcText": "\"아저씨, 제가 새를 몰면 수천 마리 새 떼가 파드닥파드닥 날아서 아저씨 입이 구멍인 줄 알고 몽땅 들어갈 거예요. 그런데 절대 눈을 떠서는 안 돼요. 만일에 눈을 떴다간 새들이 놀라서 달아나고 말 테니까요.\"",
      "srcPage": 13,
      "srcSentenceEA": 3,
      "srcWordEA": 34,
      "character": "아저씨,새",
      "setting": null,
      "action": "몰면,날아서,들어갈 거예요,달아나고 말 테니까요,떠서는,떴다간",
      "feeling": null,
      "causalRelationship": null,
      "outcomeResolution": null,
      "prediction": null,
      "plotSummaryInfoCount": 1,
      "plotSummaryInfo": {
        "classification": "의사소통",
        "readAge": "유아",
        "form": "short-form",
        "plotSummaryText": "새를 몰면 수천 마리 새 떼가 아저씨 입이 구멍인 줄 알고 들어갈 텐데, 눈을 떴다간 새들이 놀라서 달아나고 말 테니 절대 떠서는 안 된다고 했습니다.",
        "textWordEA": 25
      }
    },
    {
      "srcTextID": "95861",
      "srcText": "근데 아무리 기다려도 깃털 하나 입안으로 들어오질 않고 후끈후끈 몸만 점점 뜨거워지네. 그래 눈을 떠 보니까 대숲이 온통 불바다야. 털에도 불이 붙어 지글지글 타고 말이지!",
      "srcPage": 15,
      "srcSentenceEA": 3,
      "srcWordEA": 27,
      "character": "깃털,털",
      "setting": "입안,대숲",
      "action": "기다려도,들어오질 않고,떠 보니까,붙어,타고 말이지",
      "feeling": null,
      "causalRelationship": null,
      "outcomeResolution": null,
      "prediction": null,
      "plotSummaryInfoCount": 1,
      "plotSummaryInfo": {
        "classification": "의사소통",
        "readAge": "유아",
        "form": "short-form",
        "plotSummaryText": "기다려도 입안으로 들어오지도 않고 몸만 뜨거워져 눈을 떠 보니, 대숲도 온통 불바다고 털에도 불이 붙어 타고 있었습니다.",
        "textWordEA": 17
      }
    },
    {
      "srcTextID": "95863",
      "srcText": "그런데 토끼는 겁도 안 나는지 호랑이한테 꾸벅 절을 하며 이러더래. \"아저씨, 저번에는 얼마나 놀라셨어요? 일이 잘못돼서 불이 나는 바람에 새는 고사하고 아저씨가 불에 타 죽을 뻔했지 뭐예요.\" 이번에는 꼭 일이 잘되게 해 보자고 토끼가 새새 거리니까 호랑이는 어느새 또 맘이 푹 풀어졌지.",
      "srcPage": 18,
      "srcSentenceEA": 4,
      "srcWordEA": 44,
      "character": "토끼,호랑이,아저씨,새",
      "setting": null,
      "action": "절을 하며,고사하고,타 죽을 뻔했지,잘되게 해,새새 거리니까,풀어졌지",
      "feeling": null,
      "causalRelationship": null,
      "outcomeResolution": null,
      "prediction": null,
      "plotSummaryInfoCount": 1,
      "plotSummaryInfo": {
        "classification": "의사소통",
        "readAge": "유아",
        "form": "long-form",
        "plotSummaryText": "토끼는 호랑이한테 꾸벅 절을 하며 저번에는 얼마나 놀라셨냐며, 이번에는 꼭 일이 잘되게 해 보자며 새새 거리니, 호랑이는 또 맘이 푹 풀어졌습니다.",
        "textWordEA": 21
      }
    },
    {
      "srcTextID": "95868",
      "srcText": "호랑이는 토끼 말이 그럴듯해서 꼬리를 강물 속에 담그고 가만히 앉아 있었어. 아니나 다를까 물고기들이 와서 꼬리를 툭툭 치네. '물고기들이 몰려와서 꼬리에 붙는구나.'",
      "srcPage": 21,
      "srcSentenceEA": 3,
      "srcWordEA": 23,
      "character": "호랑이,토끼,물고기,꼬리",
      "setting": "강물 속",
      "action": "담구고,앉아 있었어,와서,툭툭 치네,몰려와서,붙는구나",
      "feeling": null,
      "causalRelationship": null,
      "outcomeResolution": null,
      "prediction": null,
      "plotSummaryInfoCount": 1,
      "plotSummaryInfo": {
        "classification": "의사소통",
        "readAge": "유아",
        "form": "short-form",
        "plotSummaryText": "호랑이는 토끼의 말대로 꼬리를 강물 속에 담그고 가만히 앉아 있었더니, 물고기들이 와서 꼬리를 툭툭 쳤습니다.",
        "textWordEA": 15
      }
    },
    {
      "srcTextID": "95867",
      "srcText": "호랑이는 속으로 좋아했지. 그런데 그때는 한겨울 강추위라서 해가 기울자, 강물이 꽁꽁 얼기 시작했어. 호랑이 꼬리도 강물과 함께 꽁꽁 얼어붙었지.",
      "srcPage": 22,
      "srcSentenceEA": 3,
      "srcWordEA": 21,
      "character": "호랑이,강물,꼬리",
      "setting": "한겨울",
      "action": "얼기,시작했어,얼어붙었지",
      "feeling": null,
      "causalRelationship": null,
      "outcomeResolution": null,
      "prediction": null,
      "plotSummaryInfoCount": 1,
      "plotSummaryInfo": {
        "classification": "의사소통",
        "readAge": "유아",
        "form": "short-form",
        "plotSummaryText": "한겨울 강추위라서 해가 기울자, 강물과 함께 호랑이 꼬리도 꽁꽁 얼어붙었습니다.",
        "textWordEA": 10
      }
    },
    {
      "srcTextID": "95869",
      "srcText": "그런 줄도 모르고 호랑이는 벙글벙글 좋아하며 이러더래. \"토끼야, 물고기가 너무 많이 붙었는지 꼬리가 안 올라온다.\" 그러자 토끼는 깡충깡충 뛰어가며 이러지. \"이 바보 멍청이야, 네놈이 자꾸 나를 잡아먹으려고 해서 나도 너를 죽이려고 그런 거야.\"",
      "srcPage": 23,
      "srcSentenceEA": 4,
      "srcWordEA": 34,
      "character": "호랑이,토끼,꼬리",
      "setting": null,
      "action": "붙었는지,올라온다,뛰어가며,잡아먹으려고,죽이려고",
      "feeling": null,
      "causalRelationship": null,
      "outcomeResolution": null,
      "prediction": null,
      "plotSummaryInfoCount": 1,
      "plotSummaryInfo": {
        "classification": "의사소통",
        "readAge": "유아",
        "form": "long-form",
        "plotSummaryText": "호랑이가 좋아하며 물고기가 너무 많이 붙었는지 꼬리가 안 올라온다고 하자, 토끼는 네놈이 자꾸 나를 잡아먹으려고 해서 나도 너를 죽이려고 그런 거라며 뛰어갔습니다.",
        "textWordEA": 22
      }
    },
    {
      "srcTextID": "95875",
      "srcText": "신동흔 선생님과 함께 읽는 옛이야기. 겉에 드러난 힘보다 안에 숨은 힘. 저 호랑이, 토끼한테 당하고서 얼마나 약이 오르고 화가 났을까요? \"한 입 거리도 안 되는 게 감히 날 이렇게 골탕 먹이다니! 두고 보자!",
      "srcPage": 25,
      "srcSentenceEA": 5,
      "srcWordEA": 36,
      "character": "신동흔 선생님,호랑이,토끼",
      "setting": null,
      "action": "읽는,당하고서,골탕 먹이다니,두고 보자",
      "feeling": null,
      "causalRelationship": null,
      "outcomeResolution": null,
      "prediction": null,
      "plotSummaryInfoCount": 1,
      "plotSummaryInfo": {
        "classification": "의사소통",
        "readAge": "유아",
        "form": "long-form",
        "plotSummaryText": "호랑이는 한 입 거리도 안 되는 토끼에게 골탕을 먹고 두고 보자고 했습니다.",
        "textWordEA": 12
      }
    },
    {
      "srcTextID": "95872",
      "srcText": "귀가 얇아 토끼의 달콤한 말에 넘어가서? 마음이 모질지 못해 토끼한테 연거푸 기회를 주어서? 욕심껏 배를 채우고자 하는 유혹을 이겨 내지 못해서? 아니면, 호랑이는 아무 문제가 없는데 교활한 토끼가 약삭빠르게 사기를 쳐서? 아마 다들 나름대로 답이 될 수 있을 것 같아요.",
      "srcPage": 27,
      "srcSentenceEA": 5,
      "srcWordEA": 44,
      "character": "토끼,호랑이,배",
      "setting": null,
      "action": "넘어가서,기회를 주어서,채우고자,이겨 내지,사기를 쳐서,될 수",
      "feeling": null,
      "causalRelationship": null,
      "outcomeResolution": null,
      "prediction": null,
      "plotSummaryInfoCount": 1,
      "plotSummaryInfo": {
        "classification": "의사소통",
        "readAge": "유아",
        "form": "long-form",
        "plotSummaryText": "귀가 얇아 토끼의 달콤한 말에 넘어갔다거나, 호랑이가 욕심껏 배를 채우고자 하는 유혹을 이겨 내지 못해서거나, 아니면 교활한 토끼가 약삭빠르게 사기를 쳐서 등이 나름대로 답이 될 수 있을 것 같습니다.",
        "textWordEA": 29
      }
    },
    {
      "srcTextID": "95879",
      "srcText": "하지만 이런 설명은 어떨까요? 토끼가 호랑이보다 강했다고 하면요. 토끼가 호랑이보다 강하다니 말이 안 되는 것 같지만, 그렇지 않습니다.",
      "srcPage": 28,
      "srcSentenceEA": 3,
      "srcWordEA": 20,
      "character": "토끼,호랑이",
      "setting": null,
      "action": "강했다고",
      "feeling": null,
      "causalRelationship": null,
      "outcomeResolution": null,
      "prediction": "토끼가 호랑이보다 강하다니 말이 안 되는 것 같지만, 그렇지 않습니다.",
      "plotSummaryInfoCount": 1,
      "plotSummaryInfo": {
        "classification": "의사소통",
        "readAge": "유아",
        "form": "short-form",
        "plotSummaryText": "토끼가 호랑이보다 강하다니 말이 안 되는 것 같지만, 그렇지 않습니다.",
        "textWordEA": 10
      }
    },
    {
      "srcTextID": "95874",
      "srcText": "대개들 겉으로 드러난 힘에 눈길이 가게 되지만, 이면의 정신적인 힘이 더 결정적인 경우가 많습니다. 호랑이가 토끼한테 거듭 당하는 것도 이 때문이지요. 그러니까 저 호랑이는 토끼를 자기 밥이라고 여기고서 만만히 볼 일이 아니었어요.",
      "srcPage": 30,
      "srcSentenceEA": 3,
      "srcWordEA": 34,
      "character": "호랑이,토끼",
      "setting": null,
      "action": "드러난,눈길이 가게,당하는,여기고서",
      "feeling": null,
      "causalRelationship": null,
      "outcomeResolution": null,
      "prediction": null,
      "plotSummaryInfoCount": 1,
      "plotSummaryInfo": {
        "classification": "의사소통",
        "readAge": "유아",
        "form": "short-form",
        "plotSummaryText": "보통 호랑이처럼 드러난 힘에 눈길이 가지만, 정신적인 힘이 더 결정적인 경우가 많아서 호랑이가 토끼한테 거듭 당하게 됩니다.",
        "textWordEA": 17
      }
    },
    {
      "srcTextID": "95878",
      "srcText": "제힘만 믿고 상대를 함부로 얕보다가는 큰코다치기 십상이지요. 호랑이는 토끼가 자기보다 약하니까 살기 위해서는 꼼짝없이 충성을 바칠 거라고 믿습니다. 허튼 교만이었지요.",
      "srcPage": 31,
      "srcSentenceEA": 3,
      "srcWordEA": 22,
      "character": "호랑이,토끼",
      "setting": null,
      "action": "믿고,얕보다가는,살기 위해서는,바칠 거라고,믿습니다",
      "feeling": null,
      "causalRelationship": null,
      "outcomeResolution": null,
      "prediction": null,
      "plotSummaryInfoCount": 1,
      "plotSummaryInfo": {
        "classification": "의사소통",
        "readAge": "유아",
        "form": "short-form",
        "plotSummaryText": "토끼가 자기보다 약하니까 살기 위해서 충성을 바칠 거라고 믿은 호랑이의 허튼 교만이었습니다.",
        "textWordEA": 12
      }
    },
    {
      "srcTextID": "95873",
      "srcText": "그런데 호랑이는 두 번이나 된통 당하고서도 이렇게 상대를 얕잡아 보는 태도를 고치지 않습니다. 그러니 보기 좋게 당할 수밖에 없지요. 호랑이는 사람들한테 잡혀가면서 \"저 약삭빠른 토끼 때문에 내가 억울하게 죽는구나!\" 하고 분통을 터뜨렸을지 모르지만, 그건 착각입니다. 상대가 더 강했던 거지요.",
      "srcPage": 32,
      "srcSentenceEA": 6,
      "srcWordEA": 43,
      "character": "호랑이,사람들,토끼",
      "setting": null,
      "action": "당하고서도,얕잡아 보는,고치지 않습니다,당할 수,잡혀가면서,죽는구나",
      "feeling": null,
      "causalRelationship": null,
      "outcomeResolution": null,
      "prediction": null,
      "plotSummaryInfoCount": 1,
      "plotSummaryInfo": {
        "classification": "의사소통",
        "readAge": "유아",
        "form": "long-form",
        "plotSummaryText": "호랑이는 두 번이나 당하고서도 상대를 얕잡아 보는 태도를 고치지 않아, 토끼 때문에 억울하게 죽는다고 분통을 터뜨리며 착각했습니다.",
        "textWordEA": 17
      }
    },
    {
      "srcTextID": "95851",
      "srcText": "호랑이는 토끼 말마따나 쪼그만 거 먹어 봤자 간에 기별도 안 가겠거든. 그래 토끼를 살려 주고 배부르게 해 달라고 했어. 그러자 토끼는 자갈을 가리키며 호들갑을 떨었어.",
      "srcPage": 3,
      "srcSentenceEA": 3,
      "srcWordEA": 27,
      "character": "호랑이,토끼,자갈",
      "setting": null,
      "action": "안 가겠거든,먹어 봤자,살려 주고,배부르게 해 달라고 했어,가리키며",
      "feeling": null,
      "causalRelationship": null,
      "outcomeResolution": null,
      "prediction": null,
      "plotSummaryInfoCount": 1,
      "plotSummaryInfo": {
        "classification": "의사소통",
        "readAge": "유아",
        "form": "short-form",
        "plotSummaryText": "호랑이는 배부르게 해 달라고 하자, 토끼는 자갈을 가리키며 호들갑을 떨었습니다.",
        "textWordEA": 10
      }
    },
    {
      "srcTextID": "95865",
      "srcText": "\"물고기가 꼬리에 많이 붙으면 무거워지는데, 그때까지 꼼짝 말고 앉아 있어야 해요. 그러다가 꼬리를 쭈욱 끌어 올리면 물고기가 주렁주렁 따라 나올 거예요. 그때 물고기를 몽땅 잡아먹으면 되지요.\" 토끼는 호랑이에게 조곤조곤 일러 주었어.",
      "srcPage": 20,
      "srcSentenceEA": 4,
      "srcWordEA": 34,
      "character": "토끼,호랑이,물고기",
      "setting": null,
      "action": "붙으면,꼼짝 말고,앉아 있어야,끌어 올리면,잡아먹으면,일러주었어",
      "feeling": null,
      "causalRelationship": null,
      "outcomeResolution": null,
      "prediction": null,
      "plotSummaryInfoCount": 1,
      "plotSummaryInfo": {
        "classification": "의사소통",
        "readAge": "유아",
        "form": "long-form",
        "plotSummaryText": "꼼짝 말고 앉아 있다가 꼬리를 따라 나온 물고기를 잡아먹으면 된다고 토끼는 호랑이에게 일러 주었습니다.",
        "textWordEA": 14
      }
    },
    {
      "srcTextID": "95870",
      "srcText": "그제야 속은 것을 안 호랑이가 얼어붙은 강에서 꼬리를 빼내려고 이리저리 용을 썼어. 하지만 아무리 몸부림을 쳐도 꽁꽁 언 꼬리가 빠져야지. 날이 새자, 호랑이는 몽둥이를 들고 온 사람들한테 잡혀갔대.",
      "srcPage": 24,
      "srcSentenceEA": 3,
      "srcWordEA": 30,
      "character": "호랑이,사람들,몽둥이,꼬리",
      "setting": "얼어붙은 강,날이 새자",
      "action": "빼내려고,용을 썼어,몸부림 쳐도,빠져야지,들고 온,잡혀갔대",
      "feeling": null,
      "causalRelationship": null,
      "outcomeResolution": null,
      "prediction": null,
      "plotSummaryInfoCount": 1,
      "plotSummaryInfo": {
        "classification": "의사소통",
        "readAge": "유아",
        "form": "short-form",
        "plotSummaryText": "그제야 속은 것을 안 호랑이는 얼어붙은 강에서 용을 썼지만 꼬리는 빠지지 않았고, 날이 새자, 몽둥이를 들고 온 사람들한테 잡혀갔습니다.\t",
        "textWordEA": 19
      }
    },
    {
      "srcTextID": "95880",
      "srcText": "하지만 현실은 사뭇 달랐어요. 두 번째도 세 번째도 거듭 토끼한테 당하지요. 뭐가 문제였을까요?",
      "srcPage": 26,
      "srcSentenceEA": 3,
      "srcWordEA": 15,
      "character": "토끼",
      "setting": null,
      "action": "당하지요",
      "feeling": null,
      "causalRelationship": null,
      "outcomeResolution": "하지만 현실은 사뭇 달랐어요.",
      "prediction": "뭐가 문제였을까요?",
      "plotSummaryInfoCount": 1,
      "plotSummaryInfo": {
        "classification": "의사소통",
        "readAge": "유아",
        "form": "short-form",
        "plotSummaryText": "하지만 현실은 사뭇 다르게 거듭 토끼한테 당했습니다.",
        "textWordEA": 7
      }
    },
    {
      "srcTextID": "95876",
      "srcText": "실제 현실에서야 호랑이가 강하겠지만, 이 이야기 속에서는 사정이 달라요. 호랑이는 토끼를 한입에 삼킬 만한 힘을 가지고 있지만 토끼는 그 힘에 맞설 만한 놀라운 지략을 가지고 있습니다. 호랑이의 힘이 겉으로 드러난 물리적인 힘이라면 토끼의 힘은 안에 깃들어 있는 정신적인 힘이지요.",
      "srcPage": 29,
      "srcSentenceEA": 3,
      "srcWordEA": 41,
      "character": "호랑이,토끼",
      "setting": null,
      "action": "삼킬,맞설,가지고,드러난,깃들어",
      "feeling": null,
      "causalRelationship": null,
      "outcomeResolution": null,
      "prediction": null,
      "plotSummaryInfoCount": 1,
      "plotSummaryInfo": {
        "classification": "의사소통",
        "readAge": "유아",
        "form": "short-form",
        "plotSummaryText": "호랑이는 토끼를 한입에 삼킬 만한 힘을 가지고 있지만 토끼는 그 힘에 맞설 놀라운 지략을 가지고 있는데, 호랑이는 겉으로 드러난 물리적인 힘이라면 토끼는 안에 깃들어 있는 정신적인 힘입니다.",
        "textWordEA": 27
      }
    },
    {
      "srcTextID": "95881",
      "srcText": "호랑이 말고 토끼를 보면 어떤 생각이 드는지 궁금합니다. 그냥 머리를 써서 잘 해결하면 되지 저렇게까지 심하게 상대를 공격해야 하는가 하는 생각이 들지 않던가요? 하지만 토끼 입장에서 보면 생존이 걸린 일이었지요.",
      "srcPage": 33,
      "srcSentenceEA": 3,
      "srcWordEA": 32,
      "character": "호랑이,토끼",
      "setting": null,
      "action": "보면,궁금합니다,써서,해결하면 되지,공격해야 하는가,들지",
      "feeling": null,
      "causalRelationship": null,
      "outcomeResolution": null,
      "prediction": null,
      "plotSummaryInfoCount": 1,
      "plotSummaryInfo": {
        "classification": "의사소통",
        "readAge": "유아",
        "form": "short-form",
        "plotSummaryText": "토끼를 보면서 머리를 써서 해결하면 되지 저렇게 까지 호랑이를 공격해야 하는가 하는 생각이 들겠지만, 토끼 입장에서는 생존이 걸린 일입니다.",
        "textWordEA": 19
      }
    },
    {
      "srcTextID": "95850",
      "srcText": "\"이 떡을 구워 먹으면 그 맛이 기가 막히지요.\" 그러고는 나무를 주워다가 불을 지펴서, 그 위에 자갈을 나란 나란히 얹어 놓더래. 이윽고 자갈이 벌겋게 달아오르자, 토끼가 이래.",
      "srcPage": 4,
      "srcSentenceEA": 3,
      "srcWordEA": 28,
      "character": "떡,나무,불,자갈,토끼",
      "setting": null,
      "action": "구워 먹으면,주워다가,지펴서,얹어 놓더래,달아오르자",
      "feeling": null,
      "causalRelationship": null,
      "outcomeResolution": null,
      "prediction": null,
      "plotSummaryInfoCount": 1,
      "plotSummaryInfo": {
        "classification": "의사소통",
        "readAge": "유아",
        "form": "short-form",
        "plotSummaryText": "토끼는 떡을 구워 먹으면 그 맛이 기가 막힌다고 하고는 나무를 주워다가 불을 지폈고, 자갈이 벌겋게 달아올랐습니다.",
        "textWordEA": 16
      }
    },
    {
      "srcTextID": "95849",
      "srcText": "\"구운 떡은 간장에 찍어 먹어야 더욱 맛나요. 제가 간장을 가져올 테니 떡이 타는지 잘 보고 계세요.\" 그래 호랑이는 얼른 다녀오라고 했지. 이 틈에 토끼는 재빨리 도망가 버렸어.",
      "srcPage": 5,
      "srcSentenceEA": 4,
      "srcWordEA": 30,
      "character": "간장,떡,호랑이,토끼",
      "setting": null,
      "action": "찍어 먹어야,가져올 테니,잘 보고 계세요,다녀오라고 했지,도망가 버렸어",
      "feeling": null,
      "causalRelationship": null,
      "outcomeResolution": null,
      "prediction": null,
      "plotSummaryInfoCount": 1,
      "plotSummaryInfo": {
        "classification": "의사소통",
        "readAge": "유아",
        "form": "long-form",
        "plotSummaryText": "토끼는 구운 떡은 간장에 찍어 먹어야 더욱 맛나니 간장을 가져올 동안 잘 보고 있으라고 하고는 도망가 버렸습니다.",
        "textWordEA": 17
      }
    }
  ]
}