{
  "title": "무지개 택배 배달부",
  "author": "이윤진",
  "illustrator": "배서현",
  "isbn": "9791193449059",
  "publishedYear": 2023,
  "publisher": "아람북스",
  "paragraphInfoCount": 17,
  "paragraphInfo": [
    {
      "srcTextID": "141740",
      "srcText": "주문을 받아서 오늘은 누구 집으로 배달할까? 물건들을 상자에 담은 뒤. 구름 트럭에 차곡차곡 실어.",
      "srcPage": 2,
      "srcSentenceEA": 3,
      "srcWordEA": 16,
      "character": "주문,집,물건들,상자,트럭",
      "setting": null,
      "action": "담은,실어",
      "feeling": null,
      "causalRelationship": null,
      "outcomeResolution": null,
      "prediction": null,
      "plotSummaryInfoCount": 1,
      "plotSummaryInfo": {
        "classification": "의사소통",
        "readAge": "유아",
        "form": "short-form",
        "plotSummaryText": "주문을 받고 오늘 어디에 배달할지 궁금해하며 물건들을 상자에 넣고 트럭에 차례로 실어요.",
        "textWordEA": 12
      }
    },
    {
      "srcTextID": "141743",
      "srcText": "아이코, 깜짝이야. 우아, 달콤한 딸기! 쑤욱 기린이 택배 상자를 열자, 달콤한 딸기 냄새가 솔솔.",
      "srcPage": 4,
      "srcSentenceEA": 3,
      "srcWordEA": 16,
      "character": "딸기,기린,택배 상자",
      "setting": null,
      "action": "열자",
      "feeling": null,
      "causalRelationship": null,
      "outcomeResolution": null,
      "prediction": null,
      "plotSummaryInfoCount": 1,
      "plotSummaryInfo": {
        "classification": "의사소통",
        "readAge": "유아",
        "form": "short-form",
        "plotSummaryText": "놀라며 기린이 택배 상자를 열자 달콤한 딸기가 가득했고, 달콤한 딸기향이 납니다.",
        "textWordEA": 11
      }
    },
    {
      "srcTextID": "141742",
      "srcText": "기린은 군침을 꿀꺽! 첫 번째 배달 장소 도착! 길쭉길쭉 마을에 사는 기린네 집이야. 문을 똑똑 두드리려는데, 기다란 기린이 머리를 쑥. 깜짝 놀랐지 뭐야! 앗, 놀라게 해서 미안.",
      "srcPage": 5,
      "srcSentenceEA": 6,
      "srcWordEA": 32,
      "character": "기린,배달 장소,집,문,머리",
      "setting": null,
      "action": "도착,두드리려는데",
      "feeling": null,
      "causalRelationship": null,
      "outcomeResolution": null,
      "prediction": null,
      "plotSummaryInfoCount": 1,
      "plotSummaryInfo": {
        "classification": "의사소통",
        "readAge": "유아",
        "form": "long-form",
        "plotSummaryText": "첫 번째 배달 장소 길쭉길쭉 마을의 기린네 집에 도착해 문을 두드리니 길게 뻗은 기린의 머리가 나와 놀랐더니 기린이 사과한 후 군침을 흘립니다.",
        "textWordEA": 22
      }
    },
    {
      "srcTextID": "141745",
      "srcText": "이구아나가 택배 상자를 열자, 이빨 썩은 이구아나 그림책이 뿅! 이구아나는 좋아서 싱글벙글. 야호, 내가 기다리던 그림책이야!",
      "srcPage": 7,
      "srcSentenceEA": 3,
      "srcWordEA": 18,
      "character": "이구아나,택배 상자,이빨,그림책",
      "setting": null,
      "action": "열자,기다리던",
      "feeling": null,
      "causalRelationship": null,
      "outcomeResolution": null,
      "prediction": null,
      "plotSummaryInfoCount": 1,
      "plotSummaryInfo": {
        "classification": "의사소통",
        "readAge": "유아",
        "form": "short-form",
        "plotSummaryText": "이구아나가 택배 상자를 여니 이빨 썩은 이구아나 그림책이 나왔고, 기다리던 책이라며 좋아합니다.",
        "textWordEA": 12
      }
    },
    {
      "srcTextID": "141747",
      "srcText": "세 번째 배달 장소에 가야 하는데 이를 어쩌지? 구불구불 마을의 너구리네 집을 못 찾겠어. 그때 조그만 개미들이 길을 알려 주네!",
      "srcPage": 8,
      "srcSentenceEA": 3,
      "srcWordEA": 22,
      "character": "개미들,길,너구리",
      "setting": "구불구불 마을",
      "action": "가야 하는데",
      "feeling": null,
      "causalRelationship": null,
      "outcomeResolution": null,
      "prediction": null,
      "plotSummaryInfoCount": 1,
      "plotSummaryInfo": {
        "classification": "의사소통",
        "readAge": "유아",
        "form": "short-form",
        "plotSummaryText": "세 번째 배달 장소 구불구불 마을의 너구리네 집을 헤매니, 작은 개미들이 길을 안내합니다.",
        "textWordEA": 13
      }
    },
    {
      "srcTextID": "141746",
      "srcText": "미끄럼틀을 지나 총총. 미로 같은 꽃밭을 지나 총총. 너구리네 집 주소가 지워졌어. 개미들아, 도와줘! 이쪽이야! 우리만 따라와!",
      "srcPage": 9,
      "srcSentenceEA": 6,
      "srcWordEA": 22,
      "character": "미끄럼틀,꽃밭,너구리,집,개미들",
      "setting": null,
      "action": "따라와",
      "feeling": null,
      "causalRelationship": null,
      "outcomeResolution": null,
      "prediction": null,
      "plotSummaryInfoCount": 1,
      "plotSummaryInfo": {
        "classification": "의사소통",
        "readAge": "유아",
        "form": "long-form",
        "plotSummaryText": "미끄럼틀과 미로 같은 꽃밭을 지났지만, 너구리네 집 주소가 지워져 개미들에게 도와달라 했고, 개미들은 따라오라 합니다.",
        "textWordEA": 15
      }
    },
    {
      "srcTextID": "141751",
      "srcText": "무지개 길을 따라 네 번째 배달 장소 도착! 크앙크앙 마을의 티라노사우루스가 택배 상자를 열고 부드러운 티슈를 쏙쏙. 그러더니 코를 팽! 고마워. 빨리 건강해져.",
      "srcPage": 13,
      "srcSentenceEA": 5,
      "srcWordEA": 27,
      "character": "티라노사우루스,택배 상자,티슈,코",
      "setting": "크앙크앙 마을",
      "action": "열고",
      "feeling": null,
      "causalRelationship": null,
      "outcomeResolution": null,
      "prediction": null,
      "plotSummaryInfoCount": 1,
      "plotSummaryInfo": {
        "classification": "의사소통",
        "readAge": "유아",
        "form": "long-form",
        "plotSummaryText": "무지개 길을 따라 네 번째 배달 장소에 도착해 크앙크앙 마을의 티라노사우루스가 택배 상자 속 티슈로 코를 풀고 고맙다고 하니, 건강하라 말합니다.",
        "textWordEA": 21
      }
    },
    {
      "srcTextID": "141752",
      "srcText": "다시 무지개 호스로 해님에게 물을 뿌리는데. 갑자기 커다란 검은 그림자가 쑥. 으악! 저 검은 그림자는 뭐지?",
      "srcPage": 14,
      "srcSentenceEA": 4,
      "srcWordEA": 19,
      "character": "무지개 호스,해님,물,그림자",
      "setting": null,
      "action": "뿌리는데",
      "feeling": null,
      "causalRelationship": null,
      "outcomeResolution": null,
      "prediction": null,
      "plotSummaryInfoCount": 1,
      "plotSummaryInfo": {
        "classification": "의사소통",
        "readAge": "유아",
        "form": "long-form",
        "plotSummaryText": "무지개 호스로 해님에 물을 뿌리는데, 커다란 그림자가 불쑥 나타나 놀랍니다.",
        "textWordEA": 10
      }
    },
    {
      "srcTextID": "141754",
      "srcText": "어머나, 키다리 우리 아빠잖아! 흠뻑 젖은 아빠 옷에서 물이 뚝뚝 떨어지지 뭐야. 아빠는 씩 웃으며 커다란 피자 상자를 번쩍 들어 올렸어.",
      "srcPage": 15,
      "srcSentenceEA": 3,
      "srcWordEA": 23,
      "character": "아빠,옷,피자 상자",
      "setting": null,
      "action": "들어 올렸어,젖은",
      "feeling": null,
      "causalRelationship": null,
      "outcomeResolution": null,
      "prediction": null,
      "plotSummaryInfoCount": 1,
      "plotSummaryInfo": {
        "classification": "의사소통",
        "readAge": "유아",
        "form": "short-form",
        "plotSummaryText": "키가 큰 우리 아빠 옷에서 물이 떨어졌고, 아빠는 웃더니 큰 피자 상자를 들어 올렸습니다.",
        "textWordEA": 14
      }
    },
    {
      "srcTextID": "141753",
      "srcText": "아빠, 정말 죄송해요! 다행히 피자는 괜찮아. 얼른 들어가서 먹자!",
      "srcPage": 16,
      "srcSentenceEA": 3,
      "srcWordEA": 11,
      "character": "아빠,피자",
      "setting": null,
      "action": "들어가서,먹자",
      "feeling": null,
      "causalRelationship": null,
      "outcomeResolution": null,
      "prediction": null,
      "plotSummaryInfoCount": 1,
      "plotSummaryInfo": {
        "classification": "의사소통",
        "readAge": "유아",
        "form": "short-form",
        "plotSummaryText": "아빠에게 죄송하다고 말하니, 피자에 문제가 없으니 들어가서 먹자고 말합니다.",
        "textWordEA": 9
      }
    },
    {
      "srcTextID": "141744",
      "srcText": "두 번째 배달 장소 도착! 으르렁 마을에 사는 이구아나네 집이야. 문을 똑똑 두드리니, 이구아나가 뾰족뾰족 이빨을 보이며 나왔어.",
      "srcPage": 6,
      "srcSentenceEA": 3,
      "srcWordEA": 20,
      "character": "이구아나,집,문,이빨",
      "setting": null,
      "action": "도착,보이며",
      "feeling": null,
      "causalRelationship": null,
      "outcomeResolution": null,
      "prediction": null,
      "plotSummaryInfoCount": 1,
      "plotSummaryInfo": {
        "classification": "의사소통",
        "readAge": "유아",
        "form": "short-form",
        "plotSummaryText": "두 번째 배달 장소 으르렁 마을의 이구아나네 집의 문을 두드리니 이구아나가 뾰족한 이빨을 보이며 나옵니다.",
        "textWordEA": 15
      }
    },
    {
      "srcTextID": "141739",
      "srcText": "나는 하늘하늘 마을의 무지개 택배 배달부! 어디든 무엇이든 척척 배달해. 오늘도 신나게 배달 준비를 해 볼까?",
      "srcPage": 1,
      "srcSentenceEA": 3,
      "srcWordEA": 18,
      "character": "마을,택배,배달부",
      "setting": "하늘하늘 마을",
      "action": null,
      "feeling": null,
      "causalRelationship": null,
      "outcomeResolution": null,
      "prediction": null,
      "plotSummaryInfoCount": 1,
      "plotSummaryInfo": {
        "classification": "의사소통",
        "readAge": "유아",
        "form": "short-form",
        "plotSummaryText": "나는 배달을 잘하는 하늘하늘 마을의 무지개 택배 배달부이고, 오늘도 즐겁게 배달 준비를 합니다.",
        "textWordEA": 13
      }
    },
    {
      "srcTextID": "141748",
      "srcText": "너구리가 택배 상자를 열자, 맛있는 도토리가 올망졸망. 너구리는 기뻐하며 와작와작! 너구리야, 늦어서 미안해.",
      "srcPage": 10,
      "srcSentenceEA": 3,
      "srcWordEA": 15,
      "character": "너구리,택배 상자,도토리",
      "setting": null,
      "action": "열자",
      "feeling": null,
      "causalRelationship": null,
      "outcomeResolution": null,
      "prediction": null,
      "plotSummaryInfoCount": 1,
      "plotSummaryInfo": {
        "classification": "의사소통",
        "readAge": "유아",
        "form": "short-form",
        "plotSummaryText": "너구리가 택배 상자를 열자 도토리가 있었고, 너구리가 기뻐하는 모습에 늦어서 미안하다고 말합니다.",
        "textWordEA": 12
      }
    },
    {
      "srcTextID": "141749",
      "srcText": "배가 엄청 고팠단 말이야! 정말 맛있어! 고마워. 개미들 덕분에 무사히 너구리네 집 도착! 하지만 너무 늦게 왔나 봐. 너구리가 배고프다고 힘들어 하지 뭐야!",
      "srcPage": 11,
      "srcSentenceEA": 6,
      "srcWordEA": 28,
      "character": "개미들",
      "setting": "너구리네 집",
      "action": "도착",
      "feeling": null,
      "causalRelationship": null,
      "outcomeResolution": null,
      "prediction": null,
      "plotSummaryInfoCount": 1,
      "plotSummaryInfo": {
        "classification": "의사소통",
        "readAge": "유아",
        "form": "long-form",
        "plotSummaryText": "개미들의 도움으로 너구리네 집에 도착했지만 늦게 온 것인지 너구리가 배고프다며 힘들어했지만, 너무 맛있다며 고맙다고 합니다.",
        "textWordEA": 15
      }
    },
    {
      "srcTextID": "141750",
      "srcText": "어? 무지개 길이 사라졌어! 괜찮아! 해님을 보고 후후 비눗방울을 불면, 퐁퐁 무지개 길이 다시 나타나거든. 얍! 나와라, 무지개 비눗방울!",
      "srcPage": 12,
      "srcSentenceEA": 5,
      "srcWordEA": 24,
      "character": "무지개 길,해님,비눗방울",
      "setting": null,
      "action": "보고",
      "feeling": null,
      "causalRelationship": null,
      "outcomeResolution": null,
      "prediction": null,
      "plotSummaryInfoCount": 1,
      "plotSummaryInfo": {
        "classification": "의사소통",
        "readAge": "유아",
        "form": "long-form",
        "plotSummaryText": "무지개 길이 사라졌지만, 해님을 보고 비눗방울을 불면 다시 무지개길이 생겨납니다.",
        "textWordEA": 10
      }
    },
    {
      "srcTextID": "141741",
      "srcText": "여기 봐! 알록달록 무지개 호스로 반짝반짝 해님에게 물을 뿌리면 사르르 무지개 길이 나타나! 참, 신기하지? 무지개 길 위를 부릉부릉 달려서 배달을 시작해 볼까? 얍! 나와라, 무지개 길!",
      "srcPage": 3,
      "srcSentenceEA": 6,
      "srcWordEA": 32,
      "character": "호스,해님,물,무지개 길",
      "setting": null,
      "action": "달려서",
      "feeling": null,
      "causalRelationship": null,
      "outcomeResolution": null,
      "prediction": null,
      "plotSummaryInfoCount": 1,
      "plotSummaryInfo": {
        "classification": "의사소통",
        "readAge": "유아",
        "form": "long-form",
        "plotSummaryText": "무지개 호스로 빛나는 해님에 물을 뿌리면 무지개 길이 생기며, 무지개 길을 달리며 배달하려고 무지개 길을 만듭니다.",
        "textWordEA": 16
      }
    },
    {
      "srcTextID": "141755",
      "srcText": "그런데 키위새한테 키위는 언제 배달해 주지?나는 배달 주문서를 휙 던지고는 아빠를 따라 후닥닥! 맛있는 피자는 참을 수가 없거든. 나는 길쭉길쭉 마을의 기린이야. 딸기가 먹고 싶어! 나는 구불구불 마을의 너구리야. 도토리가 먹고 싶어! 나는 으르렁 마을의 이구아나야. 이빨 썩은 이구아나라는 그림책을 읽고 싶어. 나는 크앙크앙 마을의 티라노사우루스야. 티슈가 필요해! 나는 키키 마을의 키위새야. 키위가 먹고 싶어! 야호, 맛있겠다!",
      "srcPage": 17,
      "srcSentenceEA": 14,
      "srcWordEA": 70,
      "character": "키위새,키위,피자,아빠",
      "setting": null,
      "action": "던지고는,먹고",
      "feeling": null,
      "causalRelationship": null,
      "outcomeResolution": null,
      "prediction": null,
      "plotSummaryInfoCount": 1,
      "plotSummaryInfo": {
        "classification": "의사소통",
        "readAge": "유아",
        "form": "long-form",
        "plotSummaryText": "키위새에게 키위를 배달해야 했지만 나는 피자가 먹고 싶어 배달 주문서를 휙 던져두고 아빠를 따라 후다닥 들어갔습니다.",
        "textWordEA": 16
      }
    }
  ]
}