{
  "title": "콩중이 팥중이",
  "author": "김현주",
  "illustrator": "곽성화",
  "isbn": "9791157987214",
  "publishedYear": 2019,
  "publisher": "세이펜북스",
  "paragraphInfoCount": 26,
  "paragraphInfo": [
    {
      "srcTextID": "98175",
      "srcText": "새엄마는 콩중이한테 음식이 어디서 났는지 물었어. 검은 암소가 주었다고 했더니 새엄마는 다음 날 콩중이한테는 쇠 호미와 쌀밥을 주며 모래밭에 보내고, 팥중이한테는 나무 호미와 겨밥을 주며 자갈밭에 보냈지. 팥중이가 자갈밭에서 왕왕 우니까 정말 검은 암소가 하늘에서 내려왔어. 팥중이도 암소가 시키는 대로 개울에 가서 손발 씻고 목욕하고 머리 감고 명주 수건으로 손을 감아 암소 배 속에 넣었어.",
      "srcPage": 4,
      "srcSentenceEA": 4,
      "srcWordEA": 58,
      "character": "새엄마,콩중이,검은 암소,쇠 호미,쌀밥,팥중이,나무 호미,겨밥,명주 수건",
      "setting": "다음 날,모래밭에,자갈밭에,하늘에서,개울에",
      "action": "물었어,주었다고 했더니,주며,보내고,보냈지,우니까,내려왔어,가서,손발 씻고,목욕하고,머리 감고,감아,넣었어",
      "feeling": null,
      "causalRelationship": null,
      "outcomeResolution": null,
      "prediction": null,
      "plotSummaryInfoCount": 1,
      "plotSummaryInfo": {
        "classification": "의사소통",
        "readAge": "유아",
        "form": "long-form",
        "plotSummaryText": "새엄마는 콩중이에게 음식을 얻는 이야기를 듣고는 팥중이에게 시켰으며, 팥중이에게도 검은 암소가 내려왔고 암소가 시키는 대로 했습니다.",
        "textWordEA": 16
      }
    },
    {
      "srcTextID": "98178",
      "srcText": "하루는 새엄마가 둘한테 누가 베를 많이 짜나 내기를 시켰어. 콩중이한테는 낡은 북과 콩 볶은 것을 주고, 팥중이한테는 새 북과 찰밥을 주었지. 콩중이는 콩 볶은 것을 오물오물 씹으며 쉬지 않고 베를 짜니 많이 짰어. 팥중이는 찰밥이 찐득찐득 달라붙어 베를 얼마 못 짰지.",
      "srcPage": 6,
      "srcSentenceEA": 4,
      "srcWordEA": 44,
      "character": "새엄마,베,콩중이,낡은 북,콩,팥중이,새 북,찰밥",
      "setting": "하루는",
      "action": "시켰어,주고,주었지,볶은,씹으며,쉬지 않고,짜니,달라붙어,못 짰지",
      "feeling": null,
      "causalRelationship": null,
      "outcomeResolution": null,
      "prediction": null,
      "plotSummaryInfoCount": 1,
      "plotSummaryInfo": {
        "classification": "의사소통",
        "readAge": "유아",
        "form": "long-form",
        "plotSummaryText": "하루는 새엄마는 베 짜기 내기를 시켰고, 콩중이는 새엄마가 준 볶은 콩을 씹으며 쉬지 않고 베를 많이 짰고, 팥중이는 찰밥이 달라붙어 얼마 짜지 못했습니다.",
        "textWordEA": 23
      }
    },
    {
      "srcTextID": "98177",
      "srcText": "다음번에 새엄마는 팥중이가 베를 많이 못 짠 건 찰밥 때문이라며 콩중이한테는 찰밥을 주고 팥중이한테는 콩 볶은 것을 주었어. 콩중이는 물을 떠다 찰밥을 떼어 먹으며 쉬지 않고 베를 짜서 많이 짰어. 팥중이는 콩알을 한 알 한 알 집어 먹느라 베를 얼마 못 짰지. 새엄마는 이래도 안 되고 저래도 안 되니까 콩중이를 더더욱 미워했어.",
      "srcPage": 7,
      "srcSentenceEA": 4,
      "srcWordEA": 55,
      "character": "새엄마,팥중이,베,찰밥,콩중이,콩",
      "setting": null,
      "action": "주었어,쉬지 않고,짰어,집어 먹느라,못 짰지",
      "feeling": "미워했어",
      "causalRelationship": null,
      "outcomeResolution": null,
      "prediction": null,
      "plotSummaryInfoCount": 1,
      "plotSummaryInfo": {
        "classification": "의사소통",
        "readAge": "유아",
        "form": "long-form",
        "plotSummaryText": "다음번엔 새엄마가 반대로 밥을 주었음에도 팥중이보다 콩중이가 베를 많이 짜자, 새엄마는 콩중이는 더 미워했습니다.",
        "textWordEA": 14
      }
    },
    {
      "srcTextID": "98180",
      "srcText": "콩중이는 방 아홉 칸을 다 치우고 아홉 방 아궁이 재를 다 담아냈어. 그러고 났더니 힘이 다 빠지고 벼 아홉 섬 찧을 일이 막막해서 왕왕 울었어. 그런데 울다 보니 참새 떼가 널어 둔 벼를 다 쪼아 먹네. 콩중이가 놀라 훠이훠이 쫓았더니 새들은 다 날아갔는데 흰 쌀알만 고스란히 남았어. 벼 아홉 섬이 다 찧어진 거지.",
      "srcPage": 9,
      "srcSentenceEA": 5,
      "srcWordEA": 57,
      "character": "콩중이,방,아궁이 재,벼,참새 떼,흰 쌀알",
      "setting": null,
      "action": "치우고,담아냈어,빠지고,울었어,널어 둔,쪼아 먹네,쫓았더니,날아갔는데,남았어,찧어진 거지",
      "feeling": "막막해서,놀라",
      "causalRelationship": null,
      "outcomeResolution": null,
      "prediction": null,
      "plotSummaryInfoCount": 1,
      "plotSummaryInfo": {
        "classification": "의사소통",
        "readAge": "유아",
        "form": "long-form",
        "plotSummaryText": "콩중이는 시킨 일을 하다가 힘이 빠져 울었더니 참새 떼가 와서 벼 아홉 섬을 다 찧어놓았습니다.",
        "textWordEA": 15
      }
    },
    {
      "srcTextID": "98182",
      "srcText": "이제는 일을 다 마치고 잔칫집에 가려는데 입고 갈 옷도 없고 신발도 없으니 콩중이는 또 왕왕 울었어. 그랬더니 하늘에서 검은 암소가 내려와 비단옷과 갖신 한 켤레를 주네. 콩중이는 이제 잔치 구경을 갈 수 있게 되었어.",
      "srcPage": 11,
      "srcSentenceEA": 3,
      "srcWordEA": 36,
      "character": "옷,신발,콩중이,검은 암소,비단옷,갖신",
      "setting": "잔칫집에,하늘에서",
      "action": "마치고,가려는데,없고,없으니,울었어,내려와,주네,갈 수 있게 되었어",
      "feeling": null,
      "causalRelationship": null,
      "outcomeResolution": null,
      "prediction": null,
      "plotSummaryInfoCount": 1,
      "plotSummaryInfo": {
        "classification": "의사소통",
        "readAge": "유아",
        "form": "short-form",
        "plotSummaryText": "일을 마친 콩중이가 잔칫집에 입고 갈 옷이 없어 우니, 하늘에서 검은 소가 내려와 옷을 주어 잔치 구경을 갈 수 있게 되었습니다.",
        "textWordEA": 21
      }
    },
    {
      "srcTextID": "98184",
      "srcText": "콩중이는 비단옷을 입고 갖신을 신고 잔칫집에 갔어. 잔치 구경을 한참 하다가 글쎄 새엄마를 보았지 뭐야. 콩중이는 야단맞을까 봐 겁이 나서 급하게 뛰다가 그만 갖신 한 짝을 잃어버렸지.",
      "srcPage": 12,
      "srcSentenceEA": 3,
      "srcWordEA": 29,
      "character": "콩중이,비단옷,갖신,새엄마",
      "setting": "잔칫집에",
      "action": "입고,신고,갔어,보았지 뭐야,뛰다가,잃어버렸지",
      "feeling": "겁이 나서",
      "causalRelationship": null,
      "outcomeResolution": null,
      "prediction": null,
      "plotSummaryInfoCount": 1,
      "plotSummaryInfo": {
        "classification": "의사소통",
        "readAge": "유아",
        "form": "short-form",
        "plotSummaryText": "잔칫집에 간 콩중이는 새엄마를 보고는 야단맞을까 봐 겁이 나서 급하게 뛰다가 갖신 한 짝을 잃어버렸습니다.",
        "textWordEA": 15
      }
    },
    {
      "srcTextID": "98183",
      "srcText": "마침 평안 감사가 지나가다가 갖신을 주웠어. \"신이 고운 걸 보니 신 임자도 곱겠구나.\" 평안 감사는 신 임자를 찾아 각시를 삼겠다고 사람 많은 잔칫집에 들어갔어.",
      "srcPage": 13,
      "srcSentenceEA": 3,
      "srcWordEA": 25,
      "character": "평안 감사,갖신,각시",
      "setting": "잔칫집에",
      "action": "지나가다가,주웠어,보니,곱겠구나,찾아,삼겠다고,들어갔어",
      "feeling": null,
      "causalRelationship": null,
      "outcomeResolution": null,
      "prediction": null,
      "plotSummaryInfoCount": 1,
      "plotSummaryInfo": {
        "classification": "의사소통",
        "readAge": "유아",
        "form": "short-form",
        "plotSummaryText": "마침 지나가던 감사가 갖신을 주워, 신 임자를 찾아 각시를 삼겠다며 잔칫집에 들어갔습니다.",
        "textWordEA": 12
      }
    },
    {
      "srcTextID": "98185",
      "srcText": "팥중이가 임자라며 갖신을 신는데 발이 안 들어가. 그래 거짓말을 한다고 감사한테 매를 철썩 맞았지. 다음에는 새엄마가 임자라며 갖신을 신는데 발이 안 들어가니 감사한테 또 매를 철썩 맞았어. 이 여자 저 여자 다 신어 봐도 안 맞는데 콩중이가 신으니 딱 맞았지. 감사는 콩중이를 데려다 각시를 삼았어.",
      "srcPage": 14,
      "srcSentenceEA": 5,
      "srcWordEA": 49,
      "character": "팥중이,갖신,감사,새엄마,콩중이,각시",
      "setting": null,
      "action": "신는데,안 들어가,철썩 맞았지,안 들어가니,철썩 맞았어,신어 봐도,안 맞는데,신으니,딱 맞았지,데려다,삼았어",
      "feeling": null,
      "causalRelationship": null,
      "outcomeResolution": null,
      "prediction": null,
      "plotSummaryInfoCount": 1,
      "plotSummaryInfo": {
        "classification": "의사소통",
        "readAge": "유아",
        "form": "long-form",
        "plotSummaryText": "팥중이와 새엄마가 자신이 임자라고 거짓말을 하다가 감사한테 매를 맞았고, 콩중이가 신을 신으니 딱 맞아서 감사는 콩중이를 각시로 삼았습니다.",
        "textWordEA": 18
      }
    },
    {
      "srcTextID": "98188",
      "srcText": "이러니 별수 없이 문을 열었는데 팥중이가 빈손으로 들어오며 이러지. \"콩중이야, 너 목에 때가 많다. 나랑 목욕이나 하자.\" 그러면서 콩중이를 연못으로 잡아끌었어.",
      "srcPage": 17,
      "srcSentenceEA": 4,
      "srcWordEA": 23,
      "character": "문,팥중이,콩중이",
      "setting": "연못으로",
      "action": "열었는데,들어오며,이러지,많다,하자,잡아끌었어",
      "feeling": null,
      "causalRelationship": null,
      "outcomeResolution": null,
      "prediction": null,
      "plotSummaryInfoCount": 1,
      "plotSummaryInfo": {
        "classification": "의사소통",
        "readAge": "유아",
        "form": "long-form",
        "plotSummaryText": "문을 열었더니 팥중이는 빈손으로 들어와 같이 목욕하자며 콩중이를 연못으로 잡아끌었습니다.",
        "textWordEA": 10
      }
    },
    {
      "srcTextID": "98189",
      "srcText": "콩중이는 또 속았구나 싶었지만 때를 씻어야겠다는 생각에 연못으로 갔어. 그런데 팥중이가 뒤에서 발로 탁 차서 콩중이는 그만 물에 빠져 죽고 말았어. 팥중이는 콩중이 옷으로 갈아입고 감사 집으로 가서 콩중이 행세를 했어.",
      "srcPage": 18,
      "srcSentenceEA": 3,
      "srcWordEA": 33,
      "character": "콩중이,팥중이,옷",
      "setting": "연못으로,감사 집으로",
      "action": "싶었지만,갔어,차서,빠져,죽고 말았어,갈아입고,가서,행세를 했어",
      "feeling": null,
      "causalRelationship": null,
      "outcomeResolution": null,
      "prediction": null,
      "plotSummaryInfoCount": 1,
      "plotSummaryInfo": {
        "classification": "의사소통",
        "readAge": "유아",
        "form": "short-form",
        "plotSummaryText": "팥중이는 씻으려는 콩중이를 발로 차서 연못에 빠뜨려 죽였으며, 팥중이는 콩중이 옷으로 갈아입고 콩중이 행세를 했습니다.",
        "textWordEA": 15
      }
    },
    {
      "srcTextID": "98191",
      "srcText": "감사가 돌아오더니 콩중이 노릇을 하는 팥중이한테 물었어. \"임자 얼굴이 왜 그리 검어졌는가?\" \"감사님 없다고 세수를 안 해서 그러지요.\"",
      "srcPage": 19,
      "srcSentenceEA": 3,
      "srcWordEA": 18,
      "character": "감사,팥중이",
      "setting": null,
      "action": "돌아오더니,하는,물었어",
      "feeling": null,
      "causalRelationship": null,
      "outcomeResolution": null,
      "prediction": null,
      "plotSummaryInfoCount": 1,
      "plotSummaryInfo": {
        "classification": "의사소통",
        "readAge": "유아",
        "form": "short-form",
        "plotSummaryText": "감사가 돌아와 팥중이한테 얼굴이 왜 그리 검어졌냐고 물었고, 세수를 안 해서 그렇다고 했습니다.",
        "textWordEA": 13
      }
    },
    {
      "srcTextID": "98192",
      "srcText": "그러던 어느 날 연못 가운데 함박꽃이 곱게 피었어. 하인이 꺾으려고 했더니 웬일인지 꺾이지 않네. 그래 감사가 꺾었더니 쉽사리 꺾였어. 그 함박꽃을 처마 끝에다 끼워 두고 맨날 보는데 감사가 지나가면 활짝 피고 웃고 머리를 쓸어 주지.",
      "srcPage": 21,
      "srcSentenceEA": 4,
      "srcWordEA": 38,
      "character": "함박꽃,하인,감사",
      "setting": "어느 날,연못 가운데,처마 끝에다",
      "action": "피었어,꺾였어,끼워 두고,보는데,지나가면,피고,쓸어 주지",
      "feeling": null,
      "causalRelationship": null,
      "outcomeResolution": null,
      "prediction": null,
      "plotSummaryInfoCount": 1,
      "plotSummaryInfo": {
        "classification": "의사소통",
        "readAge": "유아",
        "form": "long-form",
        "plotSummaryText": "어느 날 감사는 연못에 핀 함박꽃을 꺾어 처마 끝에 두고 보자, 감사가 지나가면 활짝 피고 머리를 쓸어 주었습니다.",
        "textWordEA": 18
      }
    },
    {
      "srcTextID": "98195",
      "srcText": "다음 날 옆집 할멈이 불을 얻으러 왔다가 아궁이에서 웬 구슬 하나를 주웠어. 할멈은 이 구슬을 고이 넣어 두었지. 그런데 이상하지. 할멈이 어디를 나갔다만 오면 밥상이 한 상 잘 차려져 있고 있고 그러지.",
      "srcPage": 23,
      "srcSentenceEA": 4,
      "srcWordEA": 35,
      "character": "옆집 할멈,구슬,밥상",
      "setting": "다음 날,아궁이에서",
      "action": "얻으러 왔다가,주웠어,넣어 두었지,나갔다만 오면,차려져 있고",
      "feeling": null,
      "causalRelationship": null,
      "outcomeResolution": null,
      "prediction": null,
      "plotSummaryInfoCount": 1,
      "plotSummaryInfo": {
        "classification": "의사소통",
        "readAge": "유아",
        "form": "long-form",
        "plotSummaryText": "다음 날 불을 얻으러 온 옆집 할멈이 아궁이에서 구슬을 주워 고이 넣어 두었더니, 나갔다 올 때마다 밥상이 차려져 있었습니다.",
        "textWordEA": 19
      }
    },
    {
      "srcTextID": "98172",
      "srcText": "옛날 어느 곳에 콩중이와 팥중이가 살았어. 콩중이는 엄마가 죽어 새엄마를 맞았는데 새엄마가 팥중이를 데려왔지. 하루는 새엄마가 둘한테 밭에 가 김을 매라고 했어. 콩중이한테는 나무 호미와 겨밥을 주며 자갈밭에 보내고, 팥중이한테는 쇠 호미와 팥밥을 주며 모래밭에 보냈지.",
      "srcPage": 1,
      "srcSentenceEA": 4,
      "srcWordEA": 39,
      "character": "콩중이,팥중이,엄마,새엄마,나무 호미,겨밥,쇠 호미,팥밥",
      "setting": "옛날 어느 곳에,하루는,자갈밭에,모래밭에",
      "action": "살았어,죽어,맞았는데,데려왔지,주며,보내고",
      "feeling": null,
      "causalRelationship": null,
      "outcomeResolution": null,
      "prediction": null,
      "plotSummaryInfoCount": 1,
      "plotSummaryInfo": {
        "classification": "의사소통",
        "readAge": "유아",
        "form": "long-form",
        "plotSummaryText": "옛날 어느 곳에 새엄마는 김을 매라며 콩중이한테는 나무 호미와 겨밥을 주고 팥중이한테는 쇠 호미와 팥밥을 주고 각각 자갈밭과 모래밭에 보냈습니다.",
        "textWordEA": 20
      }
    },
    {
      "srcTextID": "98173",
      "srcText": "콩중이가 나무 호미로 밭을 매는데 까마귀들이 와서 겨밥을 다 쪼아 먹었어. 콩중이는 힘도 들고 배도 고파서 왕왕 울었지. 그랬더니 하늘에서 검은 암소가 내려와 말했어. \"콩중이야, 저기 개울에 가서 아랫물에 손발 씻고 가운데 물에 목욕하고 윗물에 머리 감고 명주 수건으로 손을 감아 내 배 속에 넣어 봐라.\"",
      "srcPage": 2,
      "srcSentenceEA": 4,
      "srcWordEA": 48,
      "character": "콩중이,나무 호미,까마귀들,겨밥,검은 암소,명주 수건",
      "setting": "하늘에서,개울에",
      "action": "매는데,들고,고파서,울었지,내려와 말했어,씻고,목욕하고,넣어 봐라",
      "feeling": null,
      "causalRelationship": null,
      "outcomeResolution": null,
      "prediction": null,
      "plotSummaryInfoCount": 1,
      "plotSummaryInfo": {
        "classification": "의사소통",
        "readAge": "유아",
        "form": "long-form",
        "plotSummaryText": "까마귀들이 밭을 매고 있는 콩중이의 겨밥을 다 먹어 울었더니, 하늘에서 검은 암소가 내려와서 개울에서 씻고  수건으로 손을 감아 내 배 속에 넣어보라고 말했습니다.",
        "textWordEA": 24
      }
    },
    {
      "srcTextID": "98174",
      "srcText": "콩중이는 암소가 시키는 대로 개울에 가서 아랫물에 손발 씻고 가운데 물에 목욕하고 윗물에 머리 감고 명주 수건으로 손을 감아 암소 배 속에 넣었거든. 그랬더니 그 안에 과일이며 떡이며 과자며 맛있는 음식이 잔뜩 있는 거야. 콩중이는 이걸 꺼내 실컷 먹고 남은 것은 싸 가지고 집으로 왔지.",
      "srcPage": 3,
      "srcSentenceEA": 3,
      "srcWordEA": 47,
      "character": "콩중이,암소,명주 수건,과일,떡,과자",
      "setting": "개울에,집으로",
      "action": "가서,씻고,목욕하고,머리 감고,감아,넣었거든,있는 거야,꺼내,먹고,싸 가지고,왔지",
      "feeling": null,
      "causalRelationship": null,
      "outcomeResolution": null,
      "prediction": null,
      "plotSummaryInfoCount": 1,
      "plotSummaryInfo": {
        "classification": "의사소통",
        "readAge": "유아",
        "form": "short-form",
        "plotSummaryText": "콩중이는 암소가 시키는 대로 하였더니, 그 안에 맛있는 음식이 잔뜩 있어서 실컷 먹고 남은 것은 싸서 집으로 왔습니다.",
        "textWordEA": 18
      }
    },
    {
      "srcTextID": "98176",
      "srcText": "그런데 과자며 떡을 많이 먹겠다고 한 움큼이나 움켜쥐니 손이 빠져야 말이지. 팥중이는 암소에 매달려 들로 가시밭으로 끌려 다니다 상처투성이가 되었지. 새엄마는 만신창이가 된 팥중이를 보더니 콩중이가 거짓말을 했다며 때리고 야단치고 밥도 굶겼어.",
      "srcPage": 5,
      "srcSentenceEA": 3,
      "srcWordEA": 34,
      "character": "과자,떡,팥중이,암소,새엄마,밥",
      "setting": "들로,가시밭으로",
      "action": "움켜쥐니,빠져야 말이지,매달려,끌려 다니다,되었지,보더니,했다며,때리고 야단치고,굶겼어",
      "feeling": null,
      "causalRelationship": null,
      "outcomeResolution": null,
      "prediction": null,
      "plotSummaryInfoCount": 1,
      "plotSummaryInfo": {
        "classification": "의사소통",
        "readAge": "유아",
        "form": "short-form",
        "plotSummaryText": "팥중이가 욕심을 부리다 손이 빠지지 않아 달려가는 암소에 매달려 상처투성이가 되었고, 새엄마는 콩중이를 야단쳤습니다.",
        "textWordEA": 14
      }
    },
    {
      "srcTextID": "98179",
      "srcText": "하루는 새엄마와 팥중이가 외갓집에 잔치 구경을 가. 콩중이도 가겠다고 하니까 새엄마는 “방 아홉 칸을 다 치우고 아홉 방 아궁이에서 재를 다 담아내고 벼 아홉 섬을 다 찧어 놓고 밑 없는 아홉 독에 물을 가득 길어 놓고 그런 다음에 오든 말든 하려무나.” 이러면서 팥중이만 데리고 가 버렸어.",
      "srcPage": 8,
      "srcSentenceEA": 4,
      "srcWordEA": 48,
      "character": "새엄마,팥중이,콩중이,방,아궁이,벼,독",
      "setting": "하루는,외갓집에",
      "action": "가,가겠다고 하니까,치우고,담아내고,찧어 놓고,길어 놓고,하려무나,데리고 가 버렸어",
      "feeling": null,
      "causalRelationship": null,
      "outcomeResolution": null,
      "prediction": null,
      "plotSummaryInfoCount": 1,
      "plotSummaryInfo": {
        "classification": "의사소통",
        "readAge": "유아",
        "form": "long-form",
        "plotSummaryText": "하루는 새엄마와 팥중이는 외갓집에 잔치 구경을 갔고, 같이 가겠다는 콩중이에게는 일을 시키며 다 끝마치고 오든 말든 하라고 하였습니다.",
        "textWordEA": 18
      }
    },
    {
      "srcTextID": "98181",
      "srcText": "이제 밑 없는 아홉 독에 물을 길어야 하는데 아무리 부어도 차지 않으니 콩중이는 또 왕왕 울었어. 그런데 어디서 두꺼비 아홉 마리가 와서 한 마리씩 독 안에 들어가 엎드리더니 말했어. \"콩중이 아가씨, 이제 물을 길어다 부어 보세요.\" 콩중이가 큰 독마다 물을 한 동이씩 부으니 독은 금세 가득 찼지.",
      "srcPage": 10,
      "srcSentenceEA": 4,
      "srcWordEA": 49,
      "character": "독,콩중이,두꺼비",
      "setting": "독 안에",
      "action": "길어야 하는데,부어도,차지 않으니,울었어,와서,들어가 엎드리더니,말했어,길어다 부어 보세요,부으니,가득 찼지",
      "feeling": null,
      "causalRelationship": null,
      "outcomeResolution": null,
      "prediction": null,
      "plotSummaryInfoCount": 1,
      "plotSummaryInfo": {
        "classification": "의사소통",
        "readAge": "유아",
        "form": "long-form",
        "plotSummaryText": "밑 없는 독에 물을 길어도 차지 않아 콩중이가 울고 있을 때 두꺼비 아홉 마리가 와서 한 마리씩 독 안에 엎드리자, 독이 금세 가득 찼습니다.",
        "textWordEA": 24
      }
    },
    {
      "srcTextID": "98187",
      "srcText": "\"팥중이나 새엄마가 와도 절대 문을 열어 주지 마시오.\" 어느 날 감사가 먼 길을 가면서 천만번 일렀어. 그런데 감사가 나가자마자 팥중이가 왔어.",
      "srcPage": 15,
      "srcSentenceEA": 3,
      "srcWordEA": 23,
      "character": "팥중이,새엄마,문,감사",
      "setting": "어느 날",
      "action": "와도,열어 주지 마시오,가면서,일렀어,나가자마자,왔어",
      "feeling": null,
      "causalRelationship": null,
      "outcomeResolution": null,
      "prediction": null,
      "plotSummaryInfoCount": 1,
      "plotSummaryInfo": {
        "classification": "의사소통",
        "readAge": "유아",
        "form": "short-form",
        "plotSummaryText": "감사는 먼 길을 가면서 팥중이나 새엄마가 와도 절대 문을 열어주지 말라고 일렀지만, 감사가 나가자마자 팥중이가 왔습니다.",
        "textWordEA": 16
      }
    },
    {
      "srcTextID": "98190",
      "srcText": "\"그럼 얼굴은 왜 그리 얽었는가?\" \"감사님 마중 나가다가 콩 널어 놓은 멍석에 콩 넘어져서 그러지요.\" \"그럼 목은 왜 그리 길어졌는가?\" \"감사님 오시나 보려고 늘 담장 위로 넘겨다봐서 그러지요.\" 이러니 감사도 정말 그런가 보다 하지 뭐야.",
      "srcPage": 20,
      "srcSentenceEA": 5,
      "srcWordEA": 36,
      "character": "감사,콩",
      "setting": "멍석에,담장 위로",
      "action": "얽었는가,나가다가,널어 놓은,넘어져서,길어졌는가,보려고,넘겨다봐서",
      "feeling": null,
      "causalRelationship": null,
      "outcomeResolution": null,
      "prediction": null,
      "plotSummaryInfoCount": 1,
      "plotSummaryInfo": {
        "classification": "의사소통",
        "readAge": "유아",
        "form": "long-form",
        "plotSummaryText": "멍석에 넘어져서 얼굴이 얽었고, 담장 위를 넘겨다봐서 목이 길어졌다고 하며 물음에 답하니 감사도 그런가 보다 하였습니다.",
        "textWordEA": 16
      }
    },
    {
      "srcTextID": "98186",
      "srcText": "\"콩중이야, 콩중이야, 너 주려고 팥죽을 쑤어 왔다. 그릇이 뜨거워 손 데겠네. 앗, 뜨거. 아이, 뜨거.\"",
      "srcPage": 16,
      "srcSentenceEA": 4,
      "srcWordEA": 18,
      "character": "콩중이,팥죽,그릇",
      "setting": null,
      "action": "주려고,쑤어 왔다,손 데겠네",
      "feeling": null,
      "causalRelationship": null,
      "outcomeResolution": null,
      "prediction": null,
      "plotSummaryInfoCount": 1,
      "plotSummaryInfo": {
        "classification": "의사소통",
        "readAge": "유아",
        "form": "long-form",
        "plotSummaryText": "콩중이한테 너 주려고 팥죽을 쑤어 왔다고 했습니다.",
        "textWordEA": 7
      }
    },
    {
      "srcTextID": "98193",
      "srcText": "하지만 팥중이가 지나가면 꽃이 금세 시들면서 머리털을 쥐어뜯곤 하는 거야. \"별놈의 꽃을 다 보겠네.\" 팥중이는 이 함박꽃을 갖다가 아궁이에 던져 훨훨 태워 버렸어.",
      "srcPage": 22,
      "srcSentenceEA": 3,
      "srcWordEA": 24,
      "character": "팥중이,함박꽃",
      "setting": "아궁이에",
      "action": "지나가면,시들면서,쥐어뜯곤,보겠네,갖다가,던져,태워 버렸어",
      "feeling": null,
      "causalRelationship": null,
      "outcomeResolution": null,
      "prediction": null,
      "plotSummaryInfoCount": 1,
      "plotSummaryInfo": {
        "classification": "의사소통",
        "readAge": "유아",
        "form": "short-form",
        "plotSummaryText": "하지만 꽃은 팥중이가 지나갈 때마다 시들면서 머리털을 쥐어뜯자, 팥중이는 함박꽃을 아궁이에 태워 버렸습니다.",
        "textWordEA": 13
      }
    },
    {
      "srcTextID": "98194",
      "srcText": "그래 하루는 할멈이 숨어서 가만히 보니 구슬이 고운 색시로 변해 밥상을 차리지 뭐야. 할멈은 얼른 가서 색시를 붙잡고 누구냐고 물었어. \"저는 콩중이입니다. 억울한 죽음을 당하였으니 평안 감사를 모셔다 밥 한 상 올리고 싶습니다.\"",
      "srcPage": 24,
      "srcSentenceEA": 4,
      "srcWordEA": 35,
      "character": "할멈,구슬,색시,밥상,콩중이,평안 감사",
      "setting": "하루는",
      "action": "숨어서,보니,변해,차리지,가서,붙잡고,물었어,당하였으니,모셔다,올리고",
      "feeling": "억울한",
      "causalRelationship": null,
      "outcomeResolution": null,
      "prediction": null,
      "plotSummaryInfoCount": 1,
      "plotSummaryInfo": {
        "classification": "의사소통",
        "readAge": "유아",
        "form": "long-form",
        "plotSummaryText": "할멈은 색시로 변하여 밥상을 차리는 콩중이에게 억울한 사연을 들었습니다.",
        "textWordEA": 9
      }
    },
    {
      "srcTextID": "98197",
      "srcText": "할멈은 콩중이 부탁을 듣고 감사를 집에 초대했어. 감사가 와서 밥상을 보니 이상해서 묻지. \"왜 젓가락이 짝짝이고 한 짝은 거꾸로 놓여 있습니까?\"",
      "srcPage": 25,
      "srcSentenceEA": 3,
      "srcWordEA": 22,
      "character": "할멈,콩중이,감사,밥상,젓가락",
      "setting": "집에",
      "action": "듣고,초대했어,와서,보니,묻지",
      "feeling": null,
      "causalRelationship": null,
      "outcomeResolution": null,
      "prediction": null,
      "plotSummaryInfoCount": 1,
      "plotSummaryInfo": {
        "classification": "의사소통",
        "readAge": "유아",
        "form": "short-form",
        "plotSummaryText": "콩중이의 부탁으로 할멈이 감사를 초대하자, 감사는 밥상을 보더니 이상한 점을 물었습니다.",
        "textWordEA": 11
      }
    },
    {
      "srcTextID": "98196",
      "srcText": "그러자 콩중이가 뛰어나오며 외쳤어. \"여보 감사님, 젓가락 바뀐 건 알면서 각시 바뀐 건 왜 모르십니까?\" 그제야 감사는 팥중이가 콩중이 노릇을 하는 걸 깨달았어. 감사는 팥중이와 새엄마의 죄를 낱낱이 밝히고 먼 데로 귀양을 보내 벌을 주었어. 그 후로 콩중이는 감사와 다시 행복하게 잘 살았대.",
      "srcPage": 26,
      "srcSentenceEA": 5,
      "srcWordEA": 46,
      "character": "콩중이,감사,젓가락,각시,팥중이,새엄마",
      "setting": null,
      "action": "뛰어나오며 외쳤어,바뀐 건,깨달았어,밝히고,보내,벌을 주었어,살았대",
      "feeling": "행복하게",
      "causalRelationship": null,
      "outcomeResolution": null,
      "prediction": null,
      "plotSummaryInfoCount": 1,
      "plotSummaryInfo": {
        "classification": "의사소통",
        "readAge": "유아",
        "form": "long-form",
        "plotSummaryText": "각시 바뀐 건 모르냐는 콩중이의 말에 사실을 깨달은 감사는 팥중이와 새엄마의 죄를 밝혀 벌을 준 뒤, 콩쥐와 행복하게 잘 살았습니다.",
        "textWordEA": 20
      }
    }
  ]
}