{
  "title": "흥부와 놀부",
  "author": "김용란",
  "illustrator": "이희은",
  "isbn": "9791157987047",
  "publishedYear": 2019,
  "publisher": "세이펜북스",
  "paragraphInfoCount": 43,
  "paragraphInfo": [
    {
      "srcTextID": "95500",
      "srcText": "옛날 엣적 지리산 자락에 흥부 놀부 살았대. 놀부가 형이고, 흥부가 아우였지. 그런데 놀부로 말할 것 같으면, 한마디로 심술쟁이였단 말이야. 애호박에 말뚝 박고 불난 집에 부채질하고 똥 누는 애 깔아뭉개니. 마음씨가 고약하다고 동네 소문이 자자하네.",
      "srcPage": 1,
      "srcSentenceEA": 5,
      "srcWordEA": 38,
      "character": "놀부,흥부,심술쟁이,애호박,똥 누는 애,형,아우",
      "setting": "옛날 옛적,지리산 자락에,불난 집에,동네",
      "action": "살았대,말뚝 박고,부채질하고,깔아뭉개니",
      "feeling": null,
      "causalRelationship": null,
      "outcomeResolution": null,
      "prediction": null,
      "plotSummaryInfoCount": 1,
      "plotSummaryInfo": {
        "classification": "의사소통",
        "readAge": "유아",
        "form": "long-form",
        "plotSummaryText": "옛날 옛적, 지리산 자락에 흥부 놀부 살았는데 놀부는 애호박에 말뚝 박고 불난 집에 부채질하는 마음씨가 고약하다고 소문이 자자한 심술쟁이였다.",
        "textWordEA": 19
      }
    },
    {
      "srcTextID": "95499",
      "srcText": "아우 흥부는 전혀 딴판이야. 헐벗은 사람 옷 벗어 주고 못 먹는 사람 밥 퍼다 주고 짐 많은 사람 제 짐마냥 후딱 뺏어 지니 마음씨가 비단이라고 동네 칭찬 입이 마르네. 하지만 돈 한 푼 벌지 못하니 놀부에겐 그저 눈엣가시였지.",
      "srcPage": 2,
      "srcSentenceEA": 3,
      "srcWordEA": 40,
      "character": "흥부,헐벗은 사람,못 먹는 사람,짐 많은 사람,놀부,입,돈 한 푼",
      "setting": "동네",
      "action": "옷 벗어 주고,밥 퍼다 주고,뺏어 지니,마르네,벌지 못하니",
      "feeling": null,
      "causalRelationship": null,
      "outcomeResolution": null,
      "prediction": null,
      "plotSummaryInfoCount": 1,
      "plotSummaryInfo": {
        "classification": "의사소통",
        "readAge": "유아",
        "form": "short-form",
        "plotSummaryText": "흥부는 헐벗은 사람 옷 벗어 주고 못 먹는 사람 밥 퍼다 주고 마음씨가 비단이라고 칭찬이 자자했지만 돈 한 푼 벌지 못해 놀부에겐 눈엣가시였다.",
        "textWordEA": 23
      }
    },
    {
      "srcTextID": "95502",
      "srcText": "하루는 놀부가 흥부를 불러 을러댔어. \"네 이놈, 놀고먹는 흥부야! 내 집에서 당장 나가거라!\" \"아이고, 형님. 이 추운 겨울에 어디로 간답니까?\"",
      "srcPage": 3,
      "srcSentenceEA": 5,
      "srcWordEA": 22,
      "character": "놀부,흥부",
      "setting": "하루,당장,추운 겨울에,내 집",
      "action": "불러 을러댔어,놀고먹는,나가거라,간답니까",
      "feeling": null,
      "causalRelationship": null,
      "outcomeResolution": null,
      "prediction": null,
      "plotSummaryInfoCount": 1,
      "plotSummaryInfo": {
        "classification": "의사소통",
        "readAge": "유아",
        "form": "long-form",
        "plotSummaryText": "하루는 놀부가 흥부를 불러 내 집에서 당장 나가라고 을러대니 흥부가 추운 겨울에 어디로 가냐고 말했다.",
        "textWordEA": 15
      }
    },
    {
      "srcTextID": "95501",
      "srcText": "\"내가 언제까지 네 식구들 치다꺼리를 해야 한단 말이냐? 잔말 말고 썩 꺼져라!\" 흥부는 놀부 앞에 엎드려 빌었지만 아무 소용 없었지.",
      "srcPage": 4,
      "srcSentenceEA": 3,
      "srcWordEA": 22,
      "character": "흥부,네 식구들,내",
      "setting": "놀부 앞에",
      "action": "엎드려,빌었지만",
      "feeling": null,
      "causalRelationship": null,
      "outcomeResolution": null,
      "prediction": "흥부는 놀부 앞에 엎드려 빌었지만 아무 소용 없었지.",
      "plotSummaryInfoCount": 1,
      "plotSummaryInfo": {
        "classification": "의사소통",
        "readAge": "유아",
        "form": "short-form",
        "plotSummaryText": "내가 언제까지 네 식구들 치다꺼리를 해야 하냐며 썩 꺼지라고 해서 흥부는 놀부 앞에 엎드려 빌었지만 아무 소용 없었다.",
        "textWordEA": 18
      }
    },
    {
      "srcTextID": "95505",
      "srcText": "하루는 보다 못한 흥부가 휘적휘적 놀부 집을 찾아갔어. \"형님! 불쌍한 자식들 굶어 죽게 생겼으니, 먹다 남은 밥이라도 조금만 주십시오!\" 그러자 놀부는 몽둥이를 가져와 흥부를 마구 패지 않겠어?",
      "srcPage": 6,
      "srcSentenceEA": 3,
      "srcWordEA": 29,
      "character": "흥부,자식들,놀부,몽둥이,먹다 남은 밥",
      "setting": "하루는,놀부 집을",
      "action": "찾아갔어,굶어 죽게,조금만 주십시오,가져와,마구 패지 않겠어",
      "feeling": "불쌍한",
      "causalRelationship": null,
      "outcomeResolution": null,
      "prediction": null,
      "plotSummaryInfoCount": 1,
      "plotSummaryInfo": {
        "classification": "의사소통",
        "readAge": "유아",
        "form": "short-form",
        "plotSummaryText": "하루는 흥부가 놀부 집을 찾아가 불쌍한 자식들 굶어 죽게 생겼으니 먹다 남은 밥이라도 조금만 달라고 했더니 몽둥이를 가져와 흥부를 팼다.",
        "textWordEA": 20
      }
    },
    {
      "srcTextID": "95504",
      "srcText": "\"옜다, 여기 밥! 옜다, 여기 돈!\" 밥을 주기는커녕 흥부의 뺨을 철썩철썩 후려치지 뭐야? 흥부 빈손으로 나앚아 꺼이꺼이 울었어.",
      "srcPage": 8,
      "srcSentenceEA": 4,
      "srcWordEA": 21,
      "character": "밥,돈,흥부,뺨,빈손",
      "setting": null,
      "action": "후려치지 뭐야,나앉아,울었어,주기는커녕",
      "feeling": null,
      "causalRelationship": null,
      "outcomeResolution": null,
      "prediction": null,
      "plotSummaryInfoCount": 1,
      "plotSummaryInfo": {
        "classification": "의사소통",
        "readAge": "유아",
        "form": "long-form",
        "plotSummaryText": "밥을 주기는커녕 흥부의 뺨을 후려치고 빈손으로 내보내 흥부는 꺼이꺼이 울었다.",
        "textWordEA": 10
      }
    },
    {
      "srcTextID": "95509",
      "srcText": "이듬해 봄이 되자 제비가 돌아왔는데 박 씨 하나를 툭 떨어뜨리지 뭐야. \"아이고 반갑다. 다리의 명주실을 보니 내 제비가 맞구나.\" 흥부는 기꺼이 박 씨를 심었지. 박은 금세 순이 돋아나고 쑥쑥 자라더니 이내 주렁주렁 지붕을 뒤덮었어.",
      "srcPage": 11,
      "srcSentenceEA": 5,
      "srcWordEA": 37,
      "character": "제비,명주실,흥부,다리,박 씨,박,순",
      "setting": "이듬해 봄,지붕",
      "action": "돌아왔는데,떨어뜨리지 뭐야,보니,맞구나,심었지,돋아나고,자라더니,뒤덮었어",
      "feeling": null,
      "causalRelationship": null,
      "outcomeResolution": null,
      "prediction": null,
      "plotSummaryInfoCount": 1,
      "plotSummaryInfo": {
        "classification": "의사소통",
        "readAge": "유아",
        "form": "long-form",
        "plotSummaryText": "이듬해 봄이 되어 제비가 돌아와서 박 씨 하나를 떨어뜨리자, 흥부가 기꺼이 박 씨를 심었더니 순이 금세 돋아나고 이내 주렁주렁 지붕을 뒤덮었다.",
        "textWordEA": 21
      }
    },
    {
      "srcTextID": "95511",
      "srcText": "흥부는 여문 박을 줄줄이 따다 놓고 마당에 털썩 앉아 박 탈 준비를 마쳤겠지. \"슬근슬근 톱질하세, 스르렁스르렁 톱질하세. 이 박을 타거들랑 밥 한 통만 나오너라!\"",
      "srcPage": 13,
      "srcSentenceEA": 3,
      "srcWordEA": 25,
      "character": "흥부,박,밥",
      "setting": "마당에",
      "action": "따다 놓고,털썩 앉아,마쳤겠지",
      "feeling": null,
      "causalRelationship": null,
      "outcomeResolution": null,
      "prediction": null,
      "plotSummaryInfoCount": 1,
      "plotSummaryInfo": {
        "classification": "의사소통",
        "readAge": "유아",
        "form": "short-form",
        "plotSummaryText": "흥부는 마당에 여문 박을 따다 놓고 박 탈 준비를 마치고 슬근슬근 톱질하세, 이 박을 타거들랑 밥 한 통만 나오너라 하고 말했다.",
        "textWordEA": 21
      }
    },
    {
      "srcTextID": "95513",
      "srcText": "드디어 박이 탁 갈라졌어. 그런데 박속은 없고 큼지막한 궤짝 두 개가 들어 있지 뭐야? 한 궤에서는 쌀이 계속 쏟아지고, 또 한 궤에서는 금은보화가 계속 쏟아졌지.",
      "srcPage": 14,
      "srcSentenceEA": 3,
      "srcWordEA": 27,
      "character": "박,궤짝,쌀,금은보화",
      "setting": "한 궤에서는",
      "action": "갈라졌어,들어 있지 뭐야,쏟아지고,쏟아졌지",
      "feeling": null,
      "causalRelationship": null,
      "outcomeResolution": null,
      "prediction": null,
      "plotSummaryInfoCount": 1,
      "plotSummaryInfo": {
        "classification": "의사소통",
        "readAge": "유아",
        "form": "short-form",
        "plotSummaryText": "드디어 박이 갈라졌는데 박속은 없고 궤짝 두 개가 있는데 한 궤에서는 쌀이 쏟아지고 또 한 궤에서는 금은보화가 쏟아졌다.",
        "textWordEA": 18
      }
    },
    {
      "srcTextID": "95512",
      "srcText": "\"아이고, 이게 꿈인가 생시인가? 얼씨구나, 좋구나. 지화자, 좋다, 좋아!\"",
      "srcPage": 15,
      "srcSentenceEA": 3,
      "srcWordEA": 11,
      "character": null,
      "setting": null,
      "action": null,
      "feeling": "좋구나,좋아",
      "causalRelationship": null,
      "outcomeResolution": null,
      "prediction": "이게 꿈인가 생시인가?",
      "plotSummaryInfoCount": 1,
      "plotSummaryInfo": {
        "classification": "의사소통",
        "readAge": "유아",
        "form": "short-form",
        "plotSummaryText": "이게 꿈인가 생시인가 하며 지화자 좋구나, 좋다고 했다.",
        "textWordEA": 8
      }
    },
    {
      "srcTextID": "95507",
      "srcText": "매서운 겨울이 지나고 봄이 돌아왔어. 풀포기 하나 없는 흥부네 집에도 제비 한 쌍 날아들어 알 낳고 새끼를 쳤지. 그런데 이게 무슨 일이람? 구렁이 한 마리 쓸쩍 숨어들어 새끼들을 잡아먹네.",
      "srcPage": 9,
      "srcSentenceEA": 4,
      "srcWordEA": 32,
      "character": "구렁이,제비,새끼들,알",
      "setting": "흥부네 집,봄",
      "action": "날아들어,낳고,쳤지,숨어들어,잡아먹네",
      "feeling": null,
      "causalRelationship": null,
      "outcomeResolution": null,
      "prediction": null,
      "plotSummaryInfoCount": 1,
      "plotSummaryInfo": {
        "classification": "의사소통",
        "readAge": "유아",
        "form": "long-form",
        "plotSummaryText": "매서운 겨울이 지나고 봄이 왔고 흥부네 집에 제비 한 쌍 날아들어 알 낳고 새끼를 쳤는데 구렁이 한 마리가 숨어들어 새끼들을 잡아 먹었다.",
        "textWordEA": 22
      }
    },
    {
      "srcTextID": "95518",
      "srcText": "훙부가 부자 되었단 소문은 놀부 귀에도 들어갔어. 남 잘되는 꼴 못 보는 놀부라, 물어물어 흥부 집을 찾아갔단 말이야. 흥부는 반갑게 맞이하며 부자가 된 사연을 차근차근 털어놓네.",
      "srcPage": 19,
      "srcSentenceEA": 3,
      "srcWordEA": 28,
      "character": "흥부,놀부,귀,남,부자",
      "setting": "흥부 집을",
      "action": "들어갔어,못 보는,찾아갔단,맞이하며,털어놓네,된,물어물어",
      "feeling": null,
      "causalRelationship": null,
      "outcomeResolution": null,
      "prediction": null,
      "plotSummaryInfoCount": 1,
      "plotSummaryInfo": {
        "classification": "의사소통",
        "readAge": "유아",
        "form": "short-form",
        "plotSummaryText": "흥부가 부자 되었단 소문은 놀부 귀에도 들어갔는데, 남 잘되는 꼴 못 보는 놀부라 흥부 집을 찾아갔더니 흥부는 반갑게 맞이하며 부자가 된 사연을 털어놓았다.",
        "textWordEA": 23
      }
    },
    {
      "srcTextID": "95517",
      "srcText": "\"아니, 그게 정말이냐? 부자 되기 참 쉽구나.\" 놀부는 부리나케 집으로 돌아갔지.",
      "srcPage": 20,
      "srcSentenceEA": 3,
      "srcWordEA": 13,
      "character": "놀부",
      "setting": "집으로",
      "action": "돌아갔지",
      "feeling": null,
      "causalRelationship": null,
      "outcomeResolution": null,
      "prediction": null,
      "plotSummaryInfoCount": 1,
      "plotSummaryInfo": {
        "classification": "의사소통",
        "readAge": "유아",
        "form": "short-form",
        "plotSummaryText": "놀부는 부자 되기 참 쉽다며 부리나케 집으로 돌아갔다.",
        "textWordEA": 8
      }
    },
    {
      "srcTextID": "95508",
      "srcText": "새끼 한 마리 겨우 살았나 했더니, 톡 떨어져 다리가 똑. \"불쌍하다, 제비야. 네 얼마나 아프겠냐?\" 흥부는 북어 껍질로 다리 돌돌 싸매고 명주실로 친친 동여매 주었지. 정성껏 보살폈더니 마침내 훌훌 털고 강남으로 날아갔네.",
      "srcPage": 10,
      "srcSentenceEA": 5,
      "srcWordEA": 35,
      "character": "제비,흥부,새끼 한 마리,북어 껍질,다리,명주실",
      "setting": "강남으로",
      "action": "살았나 했더니,떨어져,싸매고,동여매 주었지,보살폈더니,털고,날아갔네",
      "feeling": "불쌍하다",
      "causalRelationship": null,
      "outcomeResolution": null,
      "prediction": null,
      "plotSummaryInfoCount": 1,
      "plotSummaryInfo": {
        "classification": "의사소통",
        "readAge": "유아",
        "form": "long-form",
        "plotSummaryText": "새끼 한 마리가 겨우 살았나 했더니 떨어져 다리가 똑 부러져 흥부는 북어 껍질로 싸매고 명주실로 동여매 주었고 정성껏 보살폈더니 마침내 훌훌 털고 강남으로 날아갔다.",
        "textWordEA": 24
      }
    },
    {
      "srcTextID": "95522",
      "srcText": "\"아이고, 제비님. 이제야 오십니까? 어서어서 새끼 까고, 처마에서 뚝 떨어지십시오.\" 놀부는 밤낮으로 새끼 제비 떨어지라 빌고 또 빌었어.",
      "srcPage": 22,
      "srcSentenceEA": 4,
      "srcWordEA": 21,
      "character": "새끼,놀부,제비",
      "setting": "처마에서,밤낮으로",
      "action": "빌고,빌었어,떨어지십시오",
      "feeling": null,
      "causalRelationship": null,
      "outcomeResolution": null,
      "prediction": "놀부는 밤낮으로 새끼 제비 떨어지라 빌고 또 빌었어.",
      "plotSummaryInfoCount": 1,
      "plotSummaryInfo": {
        "classification": "의사소통",
        "readAge": "유아",
        "form": "long-form",
        "plotSummaryText": "놀부는 제비에게 어서 새끼 까고 새끼 제비가 처마에서 떨어지라고 빌고 또 빌었다.",
        "textWordEA": 12
      }
    },
    {
      "srcTextID": "95544",
      "srcText": "어쩌면 흥부는 그 제비한테서 자기 모습을 본 것인지도 몰라요. 하루아침에 집에서 쫓겨난 흥부의 신세와 둥지에서 뚝 떨어져 다리가 부러진 제비의 신세, 비슷하지 않나요? 그 제비가 살아나 훨훨 하늘을 날게 되면서, 흥부의 삶의 희망도 살아난 것이라는 생각을 해 봅니다.",
      "srcPage": 39,
      "srcSentenceEA": 3,
      "srcWordEA": 40,
      "character": "흥부,제비,다리,하늘",
      "setting": "하루아침에,집에서,둥지에서",
      "action": "본,쫓겨난,떨어져,부러진,살아나,날게 되면서,생각을 해 봅니다",
      "feeling": null,
      "causalRelationship": null,
      "outcomeResolution": null,
      "prediction": null,
      "plotSummaryInfoCount": 1,
      "plotSummaryInfo": {
        "classification": "의사소통",
        "readAge": "유아",
        "form": "short-form",
        "plotSummaryText": "어쩌면 흥부는 제비한테서 집에서 쫓겨난 자신의 모습을 본 것인지도 모르는데, 그 제비가 살아나 훨훨 날게 되면서 흥부의 삶의 희망도 살아난 것이라고 생각해 볼 수 있다.",
        "textWordEA": 25
      }
    },
    {
      "srcTextID": "95523",
      "srcText": "아, 그런데 놀부 좀 보소. 제비 집 수백 개 만들어 달아 놓고는 하루 종일 고개 죽 빼고 제비만 기다리네. 그러던 어느 날, 지지리 복도 없는 제비 한 쌍이 놀부 집으로 덜컥 날아들었지.",
      "srcPage": 21,
      "srcSentenceEA": 3,
      "srcWordEA": 34,
      "character": "놀부,제비집,제비 한 쌍,고개",
      "setting": "하루 종일,어느 날,놀부 집",
      "action": "만들어,달아 놓고는,빼고,기다리네,날아들었지",
      "feeling": null,
      "causalRelationship": null,
      "outcomeResolution": null,
      "prediction": null,
      "plotSummaryInfoCount": 1,
      "plotSummaryInfo": {
        "classification": "의사소통",
        "readAge": "유아",
        "form": "short-form",
        "plotSummaryText": "놀부는 제비집 수백 개 만들어 놓고 하루 종일 제비만 기다렸는데 어느 날  지지리 복도 없는 제비 한 쌍이 놀부 집으로 날아들었다.",
        "textWordEA": 22
      }
    },
    {
      "srcTextID": "95524",
      "srcText": "하지만 당최 떨어져야 말이지. 참다못한 놀부는 혀를 널름널름, 눈알을 뒤룩뒤룩 굴리며 기어이 새끼 제비 한 마리를 꺼내 똑! 다리를 분지르고야 말았네. 그러고는 제비 다리 칭칭 감아 제비 집에 도로 넣어 주었지.",
      "srcPage": 23,
      "srcSentenceEA": 4,
      "srcWordEA": 34,
      "character": "놀부,제비,혀,눈알,새끼 제비 한 마리,다리",
      "setting": "제비집에",
      "action": "떨어져야 말이지,굴리며,꺼내,분지르고야 말았네,감아,넣어 주었지",
      "feeling": null,
      "causalRelationship": null,
      "outcomeResolution": null,
      "prediction": "그러고는 제비 다리 칭칭 감아 제비집에 도로 넣어 주었지.",
      "plotSummaryInfoCount": 1,
      "plotSummaryInfo": {
        "classification": "의사소통",
        "readAge": "유아",
        "form": "long-form",
        "plotSummaryText": "하지만 떨어지지 않자 놀부는 새끼 제비 한 마리를 꺼내서 다리를 똑 분지르고 부러진 다리를 칭칭 감아 제비집에 도로 넣어 주었다.",
        "textWordEA": 20
      }
    },
    {
      "srcTextID": "95546",
      "srcText": "이야기는 흥부가 탄 박에서 뜻밖의 재물이 나와, 하루아침에 부자가 된 것처럼 말하고 있어요. 이야기이니까 그렇겠지요. 하지만 흥부는 어떻게는 복을 받아 잘살 사람이었다고 생각합니다.",
      "srcPage": 40,
      "srcSentenceEA": 3,
      "srcWordEA": 25,
      "character": "흥부,잘살 사람",
      "setting": "박에서,하루아침에",
      "action": "탄,나와,말하고 있어요,받아,생각합니다",
      "feeling": null,
      "causalRelationship": null,
      "outcomeResolution": null,
      "prediction": null,
      "plotSummaryInfoCount": 1,
      "plotSummaryInfo": {
        "classification": "의사소통",
        "readAge": "유아",
        "form": "short-form",
        "plotSummaryText": "이야기는 흥부가 탄 박에서 뜻밖의 재물이 나와 하루아침에 부자가 된 것처럼 말하지만, 흥부는 어떻게든 복을 받아 잘살 사람이었다.",
        "textWordEA": 18
      }
    },
    {
      "srcTextID": "95543",
      "srcText": "어려움 속에서도 희망을 잃지 않고 열심히 살아가는 사람이 복을 받지 않는다면 말이 안 되지요! 원전 흥보가나 흥부전을 보면 흥부네 가족이 힘든 상황 속에서 희망을 열고 복을 찾아가는 모습이 잘 그려져 있답니다. 놀부 이야기를 길게 할 겨를이 없었네요. 누구는 놀부가 현대 사회에 어울리는 사람이라고 하는데, 정말 그럴까요?",
      "srcPage": 41,
      "srcSentenceEA": 4,
      "srcWordEA": 49,
      "character": "원전 흥보가,흥부전,흥부네 가족,놀부,사람",
      "setting": "현대 사회",
      "action": "잃지 않고,보면,열고,찾아가는,잘 그려져,하는데,열심히 살아가는,받지 않는다면,어울리는",
      "feeling": null,
      "causalRelationship": null,
      "outcomeResolution": null,
      "prediction": null,
      "plotSummaryInfoCount": 1,
      "plotSummaryInfo": {
        "classification": "의사소통",
        "readAge": "유아",
        "form": "long-form",
        "plotSummaryText": "원전 흥보가나 흥부전을 보면 흥부네 가족이 힘든 상황 속에서 희망을 열고 복을 찾는 모습이 잘 그려져 있는데, 한편 놀부는 현대 사회에 어울리는 사람이라고 한다.",
        "textWordEA": 24
      }
    },
    {
      "srcTextID": "95532",
      "srcText": "드디어 박이 탁 갈라졌어. 그런데 누런 금은 없고 웬 거지 노인이 나와 윽박질이지 뭐야? \"우리 집 하인이던 네 아비가 내 재산을 몽땅 훔쳐 갔으니, 놀부 네놈이 대신 갚아야겠다.\"",
      "srcPage": 26,
      "srcSentenceEA": 3,
      "srcWordEA": 29,
      "character": "박,거지 노인,누런 금,놀부,우리 집 하인,네 아비",
      "setting": null,
      "action": "갈라졌어,나와,훔쳐 갔으니,갚아야겠다",
      "feeling": null,
      "causalRelationship": null,
      "outcomeResolution": null,
      "prediction": null,
      "plotSummaryInfoCount": 1,
      "plotSummaryInfo": {
        "classification": "의사소통",
        "readAge": "유아",
        "form": "short-form",
        "plotSummaryText": "드디어 박이 탁 갈라졌는데 누런 금은 없고 웬 거지 노인이 나와서 우리 집 하인이던 네 아비가 재산을 훔쳐 갔으니 놀부 네놈이 대신 갚으라고 했다.",
        "textWordEA": 24
      }
    },
    {
      "srcTextID": "95536",
      "srcText": "놀부는 약이 바싹 올라 씩씩거렸어. \"애들아, 남은 박은 타지 말고 얼른 내다 버려라!\" 일꾼들이 박통을 냅다 던져 버리는데, 큰 칼 든 대장군이 튀어나와 눈을 부라리지 않겠어?",
      "srcPage": 29,
      "srcSentenceEA": 3,
      "srcWordEA": 27,
      "character": "놀부,박,일꾼들,박통,큰 칼 든 대장군,눈",
      "setting": null,
      "action": "씩씩거렸어,던져 버리는데,튀어나와,부라리지 않겠어",
      "feeling": null,
      "causalRelationship": null,
      "outcomeResolution": null,
      "prediction": null,
      "plotSummaryInfoCount": 1,
      "plotSummaryInfo": {
        "classification": "의사소통",
        "readAge": "유아",
        "form": "short-form",
        "plotSummaryText": "놀부가 약이 바싹 올라 남은 박은 타지 말고 내다 버리라고 했더니 큰 칼 든 대장군이 튀어나왔다.",
        "textWordEA": 16
      }
    },
    {
      "srcTextID": "95533",
      "srcText": "\"네 이놈 놀부야, 네 심술이 동생까지 쫓아냈구나. 오늘 네 목을 부러뜨려 주마.\" 이러니 놀부 내외는 바닥에 착 엎으려 바들바들 떨었지.",
      "srcPage": 30,
      "srcSentenceEA": 3,
      "srcWordEA": 22,
      "character": "놀부,동생,놀부 내외,네 목",
      "setting": "오늘,바닥에",
      "action": "쫓아냈구나,부러뜨려 주마,엎으려,바들바들 떨었지",
      "feeling": null,
      "causalRelationship": null,
      "outcomeResolution": null,
      "prediction": null,
      "plotSummaryInfoCount": 1,
      "plotSummaryInfo": {
        "classification": "의사소통",
        "readAge": "유아",
        "form": "short-form",
        "plotSummaryText": "네 심술이 동생까지 쫓아냈으니 네 목을 부러뜨려 주겠다고 해서 놀부는 바닥에 엎드려 바들바들 떨었다.",
        "textWordEA": 14
      }
    },
    {
      "srcTextID": "95548",
      "srcText": "자기 욕심만 차리는 부자는 자본주의 사회의 적이라 할 수 있습니다. 가진 사람일수록 나누고 베풀어야 세상이 제대로 돌아갈 수 있는 법이지요. 그게 본래 다 자기 재산이었던 것도 아니잖아요.",
      "srcPage": 42,
      "srcSentenceEA": 3,
      "srcWordEA": 29,
      "character": "가진 사람,자기,부자,적",
      "setting": "세상,자본주의 사회",
      "action": "차리는,나누고,베풀어야,돌아갈 수 있는",
      "feeling": null,
      "causalRelationship": null,
      "outcomeResolution": null,
      "prediction": null,
      "plotSummaryInfoCount": 1,
      "plotSummaryInfo": {
        "classification": "의사소통",
        "readAge": "유아",
        "form": "short-form",
        "plotSummaryText": "자기 욕심만 차리는 부자는 자본주의 사회의 적이라고 할 수 있고 가진 사람일수록 나누고 베풀어야 세상이 제대로 돌아갈 수 있는 법이다.",
        "textWordEA": 20
      }
    },
    {
      "srcTextID": "95541",
      "srcText": "그런 면에서 보면 흥부는 참 놀라워요. 자기를 내쫒은 놀부한테 재산의 절반을 뚝 떼어서 나눠 주다니 말이지요. 그렇게 나누어 줌으로써 흥부는 더 부자가 되었다고 생각합니다. 마음이 기쁨으로 충만하지 않았겠어요?",
      "srcPage": 43,
      "srcSentenceEA": 4,
      "srcWordEA": 31,
      "character": "흥부,놀부,자기,부자",
      "setting": null,
      "action": "내쫒은,떼어서,나눠 주다니,생각합니다,되었다고,충만하지",
      "feeling": null,
      "causalRelationship": null,
      "outcomeResolution": null,
      "prediction": null,
      "plotSummaryInfoCount": 1,
      "plotSummaryInfo": {
        "classification": "의사소통",
        "readAge": "유아",
        "form": "long-form",
        "plotSummaryText": "그런 면에서 보면 흥부는 재산의 절반을 놀부한테 나눠 주었는데, 그렇게 함으로써 흥부는 더 부자가 되었다고 생각한다.",
        "textWordEA": 16
      }
    },
    {
      "srcTextID": "95550",
      "srcText": "흥부는 놀부를 위로하며 재산의 절반을 나누어 주었다나. 그 뒤로 흥부 놀부는 한평생 정답게 잘 살았대. 신동흔 선생님과 함께 읽는 옛 이야기. 착한 흥부가 될까, 돈 많은 놀부가 될까?",
      "srcPage": 33,
      "srcSentenceEA": 4,
      "srcWordEA": 31,
      "character": "흥부,놀부,신동흔 선생님",
      "setting": "한평생,그 뒤로",
      "action": "나누어 주었다나,잘 살았대,읽는,될까,위로하며",
      "feeling": null,
      "causalRelationship": null,
      "outcomeResolution": null,
      "prediction": null,
      "plotSummaryInfoCount": 1,
      "plotSummaryInfo": {
        "classification": "의사소통",
        "readAge": "유아",
        "form": "long-form",
        "plotSummaryText": "흥부는 놀부를 위로하며 재산의 절반을 나누어 주고 한평생 정답게 살았다.",
        "textWordEA": 10
      }
    },
    {
      "srcTextID": "95549",
      "srcText": "형과 더불어 걱정 없이 살던 흥부는 어느 날 갑자기 쫓겨나 끼니를 굶는 신세가 됩니다. 잘살다가 못살게 되면 더 힘든 법이지요. 누구라도 흥부의 처지가 되고 보면 남을 원망하면서 주저앉을 만도 했을 거예요.",
      "srcPage": 36,
      "srcSentenceEA": 3,
      "srcWordEA": 33,
      "character": "형,흥부",
      "setting": "어느 날",
      "action": "살던,쫓겨나,굶는,됩니다,잘살다가,못살게 되면,처지가 되고 보면,주저앉을",
      "feeling": null,
      "causalRelationship": null,
      "outcomeResolution": null,
      "prediction": null,
      "plotSummaryInfoCount": 1,
      "plotSummaryInfo": {
        "classification": "의사소통",
        "readAge": "유아",
        "form": "short-form",
        "plotSummaryText": "형과 더불어 걱정 없이 살던 흥부는 갑자기 쫓겨나 끼니를 굶는 신세가 되는데, 누구라도 흥부의 처지라면 남을 원망하며 주저앉을 만도 했을 것이다.",
        "textWordEA": 21
      }
    },
    {
      "srcTextID": "95547",
      "srcText": "자기 먹고살기도 바쁜 상황에서 무심히 넘어갈 만도 하건만, 흥부는 불쌍한 제비를 그냥 지나치지 않아요. 정성껏 보살펴서 하늘을 날 수 있게 하지요. 흥부가 살아가는 방식을 잘 보여 주는 대목입니다.",
      "srcPage": 38,
      "srcSentenceEA": 3,
      "srcWordEA": 30,
      "character": "흥부,제비",
      "setting": "하늘",
      "action": "지나치지 않아요,보살펴서,날 수 있게,잘 보여 주는,살아가는",
      "feeling": null,
      "causalRelationship": null,
      "outcomeResolution": null,
      "prediction": null,
      "plotSummaryInfoCount": 1,
      "plotSummaryInfo": {
        "classification": "의사소통",
        "readAge": "유아",
        "form": "short-form",
        "plotSummaryText": "자기 먹고살기도 바쁜 상황에서 흥부는 불쌍한 제비를 그냥 지나치지 않고 정성껏 보살펴 주는데, 이것이 흥부가 살아가는 방식을 잘 보여 주는 대목이다.",
        "textWordEA": 21
      }
    },
    {
      "srcTextID": "95506",
      "srcText": "흥부는 흠씬 두들겨 맞다가 후다닥 안채로 들어갔지. \"아이고, 형수님, 밥이나 돈이나 있으면 조금만 주시오!\" 그러자 놀부 마누라는 밥주걱을 찾아 들고 냉큼 달려들었겠지.",
      "srcPage": 7,
      "srcSentenceEA": 3,
      "srcWordEA": 23,
      "character": "흥부,놀부 마누라,밥주걱,밥,돈",
      "setting": "안채로",
      "action": "두들겨 맞다가,들어갔지,찾아 들고,달려들었겠지",
      "feeling": null,
      "causalRelationship": null,
      "outcomeResolution": null,
      "prediction": null,
      "plotSummaryInfoCount": 1,
      "plotSummaryInfo": {
        "classification": "의사소통",
        "readAge": "유아",
        "form": "short-form",
        "plotSummaryText": "흥부는 두들겨 맞다가 안채로 들어가 형수님에게 밥이나 조금 달라고 했더니 놀부 마누라는 밥주걱을 찾아 들고 달려들었다.",
        "textWordEA": 16
      }
    },
    {
      "srcTextID": "95510",
      "srcText": "때는 팔월 한가위. 고소한 음식 냄새 골목골목 진동하는데, 흥부네 집에서는 밥 달라, 떡 달라, 가난 타령만 늘어졌네. \"박이나 한 통 타서 속은 끓여 먹고 바가지는 팔아 봅시다!\"",
      "srcPage": 12,
      "srcSentenceEA": 3,
      "srcWordEA": 28,
      "character": "바가지,박,밥,떡",
      "setting": "팔월 한가위,흥부네 집에서는",
      "action": null,
      "feeling": null,
      "causalRelationship": null,
      "outcomeResolution": null,
      "prediction": "박이나 한 통 타서 속은 끓여 먹고 바가지는 팔아 봅시다!",
      "plotSummaryInfoCount": 1,
      "plotSummaryInfo": {
        "classification": "의사소통",
        "readAge": "유아",
        "form": "short-form",
        "plotSummaryText": "때는 한가위라 고소한 냄새가 진동하는데 흥부네 집에서는 밥 달라 떡 달라 타령만 늘어져서 박이나 한 통 타서 속은 끓여 먹고 바가지는 팔아 보자고 했다.",
        "textWordEA": 24
      }
    },
    {
      "srcTextID": "95503",
      "srcText": "빈털터리로 쫓겨난 흥부네는 고향 근처 허름한 초가에 겨우 자리를 잡았어. 거적으로 문을 달고, 짚으로 이불 삼아 누우니 머리는 마당으로 쑥, 발목은 뒤뜰로 쑥. 뻥 뚫린 지붕으론 별이 총총 보이네. 흥부네 살림이 요 모양 요 꼴이라도, 자식만은 부자였지 뭐야. 아들만 조르르 스물아홉이었지.",
      "srcPage": 5,
      "srcSentenceEA": 5,
      "srcWordEA": 45,
      "character": "흥부네,문,자식,거적,짚,이불,머리,마당,발목,뒤뜰,지붕,별,아들",
      "setting": "고향 근처 허름한 초가에",
      "action": "쫓겨난,잡았어,달고,누우니,보이네",
      "feeling": null,
      "causalRelationship": null,
      "outcomeResolution": null,
      "prediction": null,
      "plotSummaryInfoCount": 1,
      "plotSummaryInfo": {
        "classification": "의사소통",
        "readAge": "유아",
        "form": "long-form",
        "plotSummaryText": "빈털터리로 쫓겨난 흥부네는 고향 근처 허름한 초가에 겨우 자리를 잡았고 거적으로 문을 달고 짚으로 이불 삼아 누웠는데 살림은 요 모양이어도 자식만은 부자였는데 아들만 스물아홉이었다.",
        "textWordEA": 24
      }
    },
    {
      "srcTextID": "95514",
      "srcText": "\"영감, 내친김에 또 박을 타 봅시다.\" \"좋소, 마누라. 그렇게 합시다.\" 흥부 내외, 다시 박을 타는데 이윽고 두 번째 박이 쩍 갈라졌어.",
      "srcPage": 16,
      "srcSentenceEA": 4,
      "srcWordEA": 23,
      "character": "영감,박,마누라,흥부 내외",
      "setting": null,
      "action": "타는데,갈라졌어",
      "feeling": "좋소",
      "causalRelationship": null,
      "outcomeResolution": null,
      "prediction": "흥부 내외,다시 박을 타는데 이윽고 두 번째 박이 쩍 갈라졌어.",
      "plotSummaryInfoCount": 1,
      "plotSummaryInfo": {
        "classification": "의사소통",
        "readAge": "유아",
        "form": "long-form",
        "plotSummaryText": "내친김에 박을 또 타 보자고 해서 흥부 내외 다시 박을 탔고 두 번째 박이 갈라졌다.",
        "textWordEA": 15
      }
    },
    {
      "srcTextID": "95515",
      "srcText": "이번에는 온갖 비단이 꾸역꾸역 나오네. \"얼씨구나, 좋구나. 지화자, 좋다, 좋아!\"",
      "srcPage": 17,
      "srcSentenceEA": 3,
      "srcWordEA": 11,
      "character": "비단",
      "setting": null,
      "action": "나오네",
      "feeling": "좋구나",
      "causalRelationship": null,
      "outcomeResolution": null,
      "prediction": null,
      "plotSummaryInfoCount": 1,
      "plotSummaryInfo": {
        "classification": "의사소통",
        "readAge": "유아",
        "form": "short-form",
        "plotSummaryText": "이번엔 온갖 비단이 나와서 얼씨구나 좋다고 했다.",
        "textWordEA": 7
      }
    },
    {
      "srcTextID": "95516",
      "srcText": "흥부 내외, 한참을 덩실거리다 다시 세 번째 박을 타는데, 박이 펑 터지더니 우르르 사람들이 나오는 거야. 뚝딱뚝딱, 우당탕퉁탕, 집 짓느라 야단이 났어. 순식간에 대궐 같은 기와집이 떡하니 서 있겠지. 세상에나! 하루아침에 흥부가 부자가 되었구나.",
      "srcPage": 18,
      "srcSentenceEA": 5,
      "srcWordEA": 38,
      "character": "박,사람들,흥부,흥부 내외,집,부자",
      "setting": "순식간에,대궐 같은 기와집이,하루아침에",
      "action": "덩실거리다,타는데,터지더니,나오는 거야,서 있겠지,되었구나,짓느라",
      "feeling": null,
      "causalRelationship": null,
      "outcomeResolution": null,
      "prediction": null,
      "plotSummaryInfoCount": 1,
      "plotSummaryInfo": {
        "classification": "의사소통",
        "readAge": "유아",
        "form": "long-form",
        "plotSummaryText": "흥부 내외 세 번째 박을 타는데 박이 터지더니 사람들이 우르르 나와서 순식간에 대궐 같은 기와집을 지어 하루아침에 부자가 되었다.",
        "textWordEA": 19
      }
    },
    {
      "srcTextID": "95526",
      "srcText": "놀부네 제비 겨우 살아나 무사히 강남으로 갔다가, 이듬해 봄이 되어 다시 올아왔겠지. 제비가 박 씨 하나 던져 주고 구름 속으로 사라지니 놀부는 뛸 듯이 기뻐하며 따독따독 심었어. 박 넝쿨 쉼 없이 뻗어 올라가더니 커다란 박이 열렸네, 열렸어.",
      "srcPage": 24,
      "srcSentenceEA": 3,
      "srcWordEA": 39,
      "character": "제비,박 씨,놀부,박,박 넝쿨",
      "setting": "강남,이듬해 봄,구름 속으로",
      "action": "살아나,갔다가,돌아왔겠지,던져 주고,사라지니,심었어,뻗어 올라가더니,열렸네,열렸어",
      "feeling": "뛸 듯이 기뻐하며",
      "causalRelationship": null,
      "outcomeResolution": null,
      "prediction": null,
      "plotSummaryInfoCount": 1,
      "plotSummaryInfo": {
        "classification": "의사소통",
        "readAge": "유아",
        "form": "short-form",
        "plotSummaryText": "놀부네 제비 겨우 살아나 무사히 강남 갔다가 이듬해 봄이 되어 놀부에게 박 씨 하나 던져 주고 사라지니 놀부는 뛸 듯이 기뻐하며 심었고, 박 넝쿨 쉼 없이 올라가더니 커다란 박이 열렸다.",
        "textWordEA": 30
      }
    },
    {
      "srcTextID": "95525",
      "srcText": "\"박이 누렇게 익은 걸 보니 분명 누런 금이 들어 있겠지? 히히히.\" 놀부는 기대에 가득 차서 박 탈 준비를 마쳤지. \"여기여라 톱질하세. 슬근슬근 톱질하세. 스르렁 슬근, 스르렁 슬근.\"",
      "srcPage": 25,
      "srcSentenceEA": 6,
      "srcWordEA": 31,
      "character": "박,금,놀부",
      "setting": null,
      "action": "익은,보니,탈,마쳤지",
      "feeling": null,
      "causalRelationship": null,
      "outcomeResolution": null,
      "prediction": null,
      "plotSummaryInfoCount": 1,
      "plotSummaryInfo": {
        "classification": "의사소통",
        "readAge": "유아",
        "form": "long-form",
        "plotSummaryText": "놀부는 박이 누렇게 익은 걸 보며 금이 들어 있을 거라는 기대에 차서 박 탈 준비를 마쳤다.",
        "textWordEA": 16
      }
    },
    {
      "srcTextID": "95530",
      "srcText": "\"이 주머니를 냉큼 채워라.\" 그래 주머니에 엽전을 붓는데 넣어도 넣어도 찰 기미가 안 보이네. 놀부 논이며 밭이며 팔아 바리바리 넣으니 그제야 주머니가 좀 차지.",
      "srcPage": 27,
      "srcSentenceEA": 3,
      "srcWordEA": 26,
      "character": "엽전,놀부,논,밭",
      "setting": "주머니",
      "action": "채워라,붓는데,안 보이네,넣어도,팔아,넣으니,차지",
      "feeling": null,
      "causalRelationship": null,
      "outcomeResolution": null,
      "prediction": null,
      "plotSummaryInfoCount": 1,
      "plotSummaryInfo": {
        "classification": "의사소통",
        "readAge": "유아",
        "form": "short-form",
        "plotSummaryText": "이 주머니를 냉큼 채우라는데 엽전을 넣어도 넣어도 찰 기미가 안 보여서 논이며 밭이며 팔아서 넣으니 그제야 주머니가 좀 찼다.",
        "textWordEA": 19
      }
    },
    {
      "srcTextID": "95531",
      "srcText": "놀부가 정신 차려 다시 박을 타니 두 번째 박이 쩍 갈라지는데, 상여 한 채와 상여꾼이 나오는 거야. \"아까 왔던 네 주인이 죽으면서 여기를 명당이라 했으니 내 이 집을 와지끈 부수고 묏자리로 써야겠다.\" 그러더니 우르르 쾅쾅 놀부 집을 부수지 곧 빈 터만 남았네. 세상에나! 순식간에 놀부가 쪽박을 쳤구나.",
      "srcPage": 28,
      "srcSentenceEA": 5,
      "srcWordEA": 50,
      "character": "놀부,박,상여꾼,상여 한 채,네 주인,내",
      "setting": "놀부 집을",
      "action": "타니,갈라지는데,나오는 거야,왔던,죽으면서,했으니,부수고,써야겠다,부수지,남았네,찼구나,정신 차려",
      "feeling": null,
      "causalRelationship": null,
      "outcomeResolution": null,
      "prediction": null,
      "plotSummaryInfoCount": 1,
      "plotSummaryInfo": {
        "classification": "의사소통",
        "readAge": "유아",
        "form": "long-form",
        "plotSummaryText": "놀부가 정신 차려 두 번째 박을 타니 상여 한 채와 상여꾼이 나와서는 네 주인이 여기가 명당이라고 했다며 이 집을 부수고 묏자리로 쓰겠다고 하더니 놀부 집을 부수고 빈 터만 남았다.",
        "textWordEA": 29
      }
    },
    {
      "srcTextID": "95535",
      "srcText": "그때, 소식을 들은 흥부가 한달음에 달려왔어. \"아이고, 장군님. 우리 형님 한번만 살려 주십시오.\"",
      "srcPage": 31,
      "srcSentenceEA": 3,
      "srcWordEA": 14,
      "character": "흥부,장군,형님",
      "setting": "그때",
      "action": "들은,달려왔어,살려 주십시오",
      "feeling": null,
      "causalRelationship": null,
      "outcomeResolution": null,
      "prediction": null,
      "plotSummaryInfoCount": 1,
      "plotSummaryInfo": {
        "classification": "의사소통",
        "readAge": "유아",
        "form": "short-form",
        "plotSummaryText": "그때 소식을 들은 흥부가 달려와 형님을 살려 달라고 했다.",
        "textWordEA": 9
      }
    },
    {
      "srcTextID": "95534",
      "srcText": "\"이놈, 놀부야. 네 동생을 보아 살려 주니 이제부터는 심술보 뚝 떼어 놓고 살아라.\" 대장군은 펑, 하고 연기처럼 사라졌어.",
      "srcPage": 32,
      "srcSentenceEA": 3,
      "srcWordEA": 20,
      "character": "놀부,동생,대장군",
      "setting": "이제부터는",
      "action": "살려 주니,떼어 놓고 살아라,사라졌어",
      "feeling": null,
      "causalRelationship": null,
      "outcomeResolution": null,
      "prediction": null,
      "plotSummaryInfoCount": 1,
      "plotSummaryInfo": {
        "classification": "의사소통",
        "readAge": "유아",
        "form": "short-form",
        "plotSummaryText": "대장군은 네 동생을 보아 살려 주니 이제부터는 심술보 떼어 놓고 살라고 하고 연기처럼 사라졌다.",
        "textWordEA": 14
      }
    },
    {
      "srcTextID": "95540",
      "srcText": "\"착하지만 가난한 흥부가 될래, 못됐지만 돈 많은 놀부가 될래?\" 사람들이 흔히 던지는 질문 가운데 하나에요. 여러분의 답은 어느 쪽인가요?",
      "srcPage": 34,
      "srcSentenceEA": 3,
      "srcWordEA": 21,
      "character": "흥부,놀부,사람들,여러분",
      "setting": null,
      "action": "던지는",
      "feeling": null,
      "causalRelationship": null,
      "outcomeResolution": null,
      "prediction": null,
      "plotSummaryInfoCount": 1,
      "plotSummaryInfo": {
        "classification": "의사소통",
        "readAge": "유아",
        "form": "short-form",
        "plotSummaryText": "착하지만 가난한 흥부가 될 건지, 못됐지만 돈 많은 놀부가 될 지 하는 건 사람들이 흔히 던지는 질문이다.",
        "textWordEA": 17
      }
    },
    {
      "srcTextID": "95545",
      "srcText": "이야기 속에서 흥부가 살아가는 방식을 보면 정말로 마음이 부자라는 생각을 하게 됩니다. 흥부는 착하지만, 가만히 앉아서 점잔만 떠는 사람이 아니에요. 헐벗은 사람 옷 벗어 주고, 못 먹는 사람 밥 퍼다 주고, 짐 많은 사람 짐 빼앗아 지는 그런 사람이었지요. 선행이 몸에 밴 행동파의 인물이라 할 수 있습니다.",
      "srcPage": 35,
      "srcSentenceEA": 4,
      "srcWordEA": 50,
      "character": "흥부,헐벗은 사람,못 먹는 사람,짐 많은 사람,사람,몸,옷,밥,짐",
      "setting": null,
      "action": "보면,앉아서,떠는,벗어 주고,퍼다 주고,빼앗아 지는,밴,생각을 하게 됩니다",
      "feeling": null,
      "causalRelationship": null,
      "outcomeResolution": null,
      "prediction": null,
      "plotSummaryInfoCount": 1,
      "plotSummaryInfo": {
        "classification": "의사소통",
        "readAge": "유아",
        "form": "long-form",
        "plotSummaryText": "흥부가 살아가는 방식을 보면 정말 마음이 부자라는 생각을 하게 되는데, 흥부는 점잔만 떠는 사람이 아니고 선행이 몸에  밴 행동파 인물이라고 할 수 있다.",
        "textWordEA": 24
      }
    },
    {
      "srcTextID": "95542",
      "srcText": "그런데도 흥부는 착한 마음을 잃지 않아요. 그래요, 이야기 속에도 그런 모습이 나와 있어요. 어떤 부분인가 하면 바로 등지에서 떨어진 제비 다리를 고쳐 주는 일이지요.",
      "srcPage": 37,
      "srcSentenceEA": 3,
      "srcWordEA": 26,
      "character": "흥부,제비 다리",
      "setting": "이야기 속에도,둥지에서",
      "action": "잃지 않아요,나와 있어요,떨어진,고쳐 주는",
      "feeling": null,
      "causalRelationship": null,
      "outcomeResolution": null,
      "prediction": null,
      "plotSummaryInfoCount": 1,
      "plotSummaryInfo": {
        "classification": "의사소통",
        "readAge": "유아",
        "form": "short-form",
        "plotSummaryText": "이야기 속에서도 흥부는 착한 마음을 잃지 않고 둥지에서 떨어진 제비 다리를 고쳐 준다.",
        "textWordEA": 13
      }
    }
  ]
}