{
  "title": "토끼의 재판",
  "author": "김한상",
  "illustrator": "신동근",
  "isbn": "9791157987306",
  "publishedYear": 2019,
  "publisher": "세이펜북스",
  "paragraphInfoCount": 19,
  "paragraphInfo": [
    {
      "srcTextID": "95184",
      "srcText": "호랑이가 그 커다란 입을 벌리고 달려들 참이야. 나그네가 급히 소리쳤지. \"자, 잠깐! 재판이나 해 보고 잡아먹으려무나!\"",
      "srcPage": 6,
      "srcSentenceEA": 4,
      "srcWordEA": 18,
      "character": "호랑이,나그네,입",
      "setting": null,
      "action": "벌리고,달려들,소리쳤지,재판이나 해 보고,잡아먹으려무나",
      "feeling": null,
      "causalRelationship": null,
      "outcomeResolution": null,
      "prediction": null,
      "plotSummaryInfoCount": 1,
      "plotSummaryInfo": {
        "classification": "의사소통",
        "readAge": "유아",
        "form": "long-form",
        "plotSummaryText": "호랑이가 입을 벌리고 달려들 순간에 나그네는 재판이나 해 보고 잡아먹으라고 소리쳤습니다.",
        "textWordEA": 11
      }
    },
    {
      "srcTextID": "95186",
      "srcText": "나그네가 느티나무에게 넙죽 절하며 물었지. \"느티나무님 느티나무님, 재판 좀 해 주시우. 구덩이에 빠진 호랑이를 살려 줬더니 나를 잡아먹겠답니다. 세상에 이런 법이 어디 있소?\"",
      "srcPage": 8,
      "srcSentenceEA": 4,
      "srcWordEA": 25,
      "character": "나그네,느티나무,호랑이,나",
      "setting": "구덩이",
      "action": "넙죽 절하며 물었지,재판 좀 해 주시우,빠진,살려 줬더니,잡아먹겠답니다",
      "feeling": null,
      "causalRelationship": null,
      "outcomeResolution": null,
      "prediction": null,
      "plotSummaryInfoCount": 1,
      "plotSummaryInfo": {
        "classification": "의사소통",
        "readAge": "유아",
        "form": "long-form",
        "plotSummaryText": "구덩이에 빠진 호랑이를 살려 줬더니 잡아먹겠다고 하는 법이 어디 있느냐며 나그네는 느티나무에 재판해 달라고 했습니다.",
        "textWordEA": 15
      }
    },
    {
      "srcTextID": "95189",
      "srcText": "호랑이는 얼씨구나 입을 쩍 벌리지. 나그네가 얼른 소리쳤어. \"잠깐! 저 바위에게도 물어보자.\"",
      "srcPage": 11,
      "srcSentenceEA": 3,
      "srcWordEA": 14,
      "character": "호랑이,나그네,바위,입",
      "setting": null,
      "action": "벌리지,소리쳤어,물어보자",
      "feeling": null,
      "causalRelationship": null,
      "outcomeResolution": null,
      "prediction": null,
      "plotSummaryInfoCount": 1,
      "plotSummaryInfo": {
        "classification": "의사소통",
        "readAge": "유아",
        "form": "short-form",
        "plotSummaryText": "호랑이가 입을 벌리자, 나그네는 바위에도 물어보자고 소리쳤습니다.",
        "textWordEA": 7
      }
    },
    {
      "srcTextID": "95190",
      "srcText": "나그네는 물가에 있는 큰 바위에게 넙죽 절하며 물었어. \"바위님 바위님, 재판 좀 해 주시우. 구덩이에 빠진 호랑이를 살려 줬더니 고마운 것도 모르고 나를 잡아먹겠답니다. 세상에 이런 법이 어디 있소?\"",
      "srcPage": 12,
      "srcSentenceEA": 4,
      "srcWordEA": 31,
      "character": "나그네,바위,호랑이,나",
      "setting": "물가,구덩이",
      "action": "넙죽 절하며 물었어,재판 좀 해 주시우,빠진,살려 줬더니,잡아먹겠답니다",
      "feeling": "고마운",
      "causalRelationship": null,
      "outcomeResolution": null,
      "prediction": null,
      "plotSummaryInfoCount": 1,
      "plotSummaryInfo": {
        "classification": "의사소통",
        "readAge": "유아",
        "form": "long-form",
        "plotSummaryText": "나그네는 구덩이에 빠진 호랑이를 살려 줬더니 고마운 것도 모르고 나를 잡아먹겠다고 한다며 물가에 있는 큰 바위에게 재판해 달라고 했습니다.",
        "textWordEA": 19
      }
    },
    {
      "srcTextID": "95191",
      "srcText": "\"그런 법이 있지. 냉큼 잡아먹어라!\" 바위의 대답에 나그네는 놀라 자빠질 판이지. 사람은 물놀이를 하며 바위에 옷가지를 얹고 이 바위 저 바위 올라타며 놀면서도 고마운 줄을 모른다.",
      "srcPage": 13,
      "srcSentenceEA": 4,
      "srcWordEA": 29,
      "character": "바위,나그네,사람,옷가지",
      "setting": null,
      "action": "잡아먹어라,물놀이를 하며,얹고,올라타며,놀면서도",
      "feeling": "놀라,고마운",
      "causalRelationship": null,
      "outcomeResolution": null,
      "prediction": null,
      "plotSummaryInfoCount": 1,
      "plotSummaryInfo": {
        "classification": "의사소통",
        "readAge": "유아",
        "form": "long-form",
        "plotSummaryText": "사람은 물놀이하며 바위에 올라타고 놀면서도 고마운 줄 모르니 냉큼 잡아먹으라는 바위의 대답에 나그네는 놀랐습니다.",
        "textWordEA": 14
      }
    },
    {
      "srcTextID": "95264",
      "srcText": "그때 저만큼 토끼 한 마리가 깡충깡충 뛰어갔어. 나그네가 호랑이한테 울며불며 매달렸지. \"마지막이다, 호랑이야. 저 토끼한테 한 번만 더 물어보자!\"",
      "srcPage": 15,
      "srcSentenceEA": 4,
      "srcWordEA": 21,
      "character": "토끼,나그네,호랑이",
      "setting": null,
      "action": "뛰어갔어,울며불며 매달렸지,물어보자",
      "feeling": null,
      "causalRelationship": null,
      "outcomeResolution": null,
      "prediction": null,
      "plotSummaryInfoCount": 1,
      "plotSummaryInfo": {
        "classification": "의사소통",
        "readAge": "유아",
        "form": "long-form",
        "plotSummaryText": "그때 토끼가 뛰어가자, 나그네는 호랑이에게 울며불며 매달려 마지막으로 토끼한테 한 번만 더 물어보자고 했습니다.",
        "textWordEA": 14
      }
    },
    {
      "srcTextID": "95266",
      "srcText": "\"아니, 없었지!\" 나그네는 통나무를 꺼냈어. \"아, 맨 처음에 이렇게 된 거로군요?\" 토끼가 그제야 고개를 끄덕끄덕.",
      "srcPage": 18,
      "srcSentenceEA": 4,
      "srcWordEA": 17,
      "character": "나그네,통나무,토끼,고개",
      "setting": "맨 처음",
      "action": "꺼냈어",
      "feeling": null,
      "causalRelationship": null,
      "outcomeResolution": null,
      "prediction": null,
      "plotSummaryInfoCount": 1,
      "plotSummaryInfo": {
        "classification": "의사소통",
        "readAge": "유아",
        "form": "long-form",
        "plotSummaryText": "나그네가 통나무를 꺼내자 토끼는 맨 처음에 이렇게 된 거냐며 고개를 끄덕였습니다.",
        "textWordEA": 11
      }
    },
    {
      "srcTextID": "95178",
      "srcText": "옛날 옛적, 호랑이도 말하던 시절 이야기야. 한 나그네가 먼 길을 가는데 어디서 짐승 울음소리가 들리는 거야. 나그네는 누가 저리 서럽게 우나 궁금해서 소리 나는 곳으로 가 보았어.",
      "srcPage": 1,
      "srcSentenceEA": 3,
      "srcWordEA": 29,
      "character": "호랑이,나그네",
      "setting": "옛날 옛적",
      "action": "말하던,가는데,들리는 거야,우나,가 보았어",
      "feeling": "서럽게,궁금해서",
      "causalRelationship": null,
      "outcomeResolution": null,
      "prediction": null,
      "plotSummaryInfoCount": 1,
      "plotSummaryInfo": {
        "classification": "의사소통",
        "readAge": "유아",
        "form": "short-form",
        "plotSummaryText": "옛날 옛적에 나그네가 먼 길을 가는데 짐승 울음소리가 들려 누가 서럽게 우나 궁금해서 소리 나는 곳으로 가 보았습니다.",
        "textWordEA": 18
      }
    },
    {
      "srcTextID": "95180",
      "srcText": "가 봤더니, 커다란 구덩이에 호랑이가 빠져 있지 뭐야? \"나그네님, 나그네님! 저 좀 살려 주세요!\" 호랑이가 애타게 말했어.",
      "srcPage": 2,
      "srcSentenceEA": 4,
      "srcWordEA": 19,
      "character": "호랑이,나그네",
      "setting": "커다란 구덩이",
      "action": "가 봤더니,빠져,살려 주세요,말했어",
      "feeling": "애타게",
      "causalRelationship": null,
      "outcomeResolution": null,
      "prediction": null,
      "plotSummaryInfoCount": 1,
      "plotSummaryInfo": {
        "classification": "의사소통",
        "readAge": "유아",
        "form": "long-form",
        "plotSummaryText": "커다란 구덩이에 호랑이가 빠져 나그네에게 살려 달라고 애타게 말했습니다.",
        "textWordEA": 9
      }
    },
    {
      "srcTextID": "95179",
      "srcText": "\"살려 주고는 싶지만, 너를 꺼내 주었다가 나를 잡아먹으면 어쩌느냐?\" \"어찌 생명의 은인을 잡아먹겠습니까? 저를 믿고 제발 좀 꺼내 주십시오.\"",
      "srcPage": 3,
      "srcSentenceEA": 3,
      "srcWordEA": 20,
      "character": "너,나,저,은인",
      "setting": null,
      "action": "살려 주고는,꺼내 주었다가,잡아먹으면,믿고,꺼내 주십시오",
      "feeling": null,
      "causalRelationship": null,
      "outcomeResolution": null,
      "prediction": null,
      "plotSummaryInfoCount": 1,
      "plotSummaryInfo": {
        "classification": "의사소통",
        "readAge": "유아",
        "form": "short-form",
        "plotSummaryText": "살려 주고는 싶지만 꺼내 주었다가 나를 잡아먹으면 어쩌느냐고 하자, 생명의 은인을 잡아먹겠냐며 믿고 꺼내 달라고 했습니다.",
        "textWordEA": 16
      }
    },
    {
      "srcTextID": "95181",
      "srcText": "호랑이 말이 어찌나 간절하던지, 나그네는 불쌍한 마음이 들었지. \"꺼내 주면, 정말 잡아먹지 않을 테냐?\" \"정말이고말고요! 믿어 주십시오.\" 그래 나그네는 통나무를 구해다 구덩이에 내려 주었어. 호랑이는 통나무를 타고 구덩이를 빠져나왔어.",
      "srcPage": 4,
      "srcSentenceEA": 5,
      "srcWordEA": 32,
      "character": "호랑이,나그네,통나무",
      "setting": "구덩이",
      "action": "꺼내 주면,잡아먹지 않을 테냐,믿어 주십시오,구해다,내려 주었어,타고,빠져나왔어",
      "feeling": "불쌍한",
      "causalRelationship": null,
      "outcomeResolution": null,
      "prediction": null,
      "plotSummaryInfoCount": 1,
      "plotSummaryInfo": {
        "classification": "의사소통",
        "readAge": "유아",
        "form": "long-form",
        "plotSummaryText": "불쌍한 마음이 들어서 나그네가 통나무를 구해다 구덩이에 내려 주니 호랑이는 통나무를 타고 구덩이를 빠져나왔습니다.",
        "textWordEA": 14
      }
    },
    {
      "srcTextID": "95183",
      "srcText": "그런데 호랑이가 갑자기 군침을 뚝뚝 흘리네. \"아무래도 배가 고파 너를 잡아먹어야겠다!\" 나그네는 까무러치게 놀랐지.",
      "srcPage": 5,
      "srcSentenceEA": 3,
      "srcWordEA": 15,
      "character": "호랑이,너,나그네,배",
      "setting": null,
      "action": "흘리네,잡아먹어야겠다",
      "feeling": "놀랐지",
      "causalRelationship": null,
      "outcomeResolution": null,
      "prediction": null,
      "plotSummaryInfoCount": 1,
      "plotSummaryInfo": {
        "classification": "의사소통",
        "readAge": "유아",
        "form": "short-form",
        "plotSummaryText": "배가 고파 나그네를 잡아먹어야겠다며 호랑이가 군침을 흘리자, 나그네는 까무러치게 놀랐습니다.",
        "textWordEA": 10
      }
    },
    {
      "srcTextID": "95185",
      "srcText": "\"뜬금없이 웬 재판?\" 나그네는 뒤편에 선 아름드리 느티나무를 가리켰어. \"저 느티나무한테 물어나 보자꾸나.\" 호랑이는 삐쭉거렸지만 느티나무 앞으로 갔어.",
      "srcPage": 7,
      "srcSentenceEA": 4,
      "srcWordEA": 20,
      "character": "나그네,느티나무,호랑이",
      "setting": "뒤편,느티나무 앞",
      "action": "선,가리켰어,물어나 보자꾸나,갔어",
      "feeling": null,
      "causalRelationship": null,
      "outcomeResolution": null,
      "prediction": null,
      "plotSummaryInfoCount": 1,
      "plotSummaryInfo": {
        "classification": "의사소통",
        "readAge": "유아",
        "form": "long-form",
        "plotSummaryText": "뒤편에 선 느티나무를 가리키며 물어나 보자는 나그네의 말에 호랑이는 느티나무 앞으로 갔습니다.",
        "textWordEA": 12
      }
    },
    {
      "srcTextID": "95187",
      "srcText": "\"그런 법이 있지. 냉큼 잡아먹어라!\" 느티나무 대답에 나그네는 얼이 빠지고 말았어.",
      "srcPage": 9,
      "srcSentenceEA": 3,
      "srcWordEA": 13,
      "character": "느티나무,나그네",
      "setting": null,
      "action": "잡아먹어라,빠지고 말았어",
      "feeling": null,
      "causalRelationship": null,
      "outcomeResolution": null,
      "prediction": null,
      "plotSummaryInfoCount": 1,
      "plotSummaryInfo": {
        "classification": "의사소통",
        "readAge": "유아",
        "form": "short-form",
        "plotSummaryText": "느티나무가 그런 법이 있다며 냉큼 잡아먹으라고 해서 나그네는 얼이 빠졌습니다.",
        "textWordEA": 10
      }
    },
    {
      "srcTextID": "95265",
      "srcText": "호랑이는 느긋하게 그러라고 했지. \"토끼님, 토끼님! 이런 법이 어디 있수?\" 나그네는 토끼한테 자초지종을 말했어. 토끼가 다 듣고 나더니, \"듣기만 해서는 모르겠으니 상황을 보여 주세요.\" 그러네.",
      "srcPage": 16,
      "srcSentenceEA": 7,
      "srcWordEA": 29,
      "character": "호랑이,토끼,나그네",
      "setting": null,
      "action": "그러라고 했지,말했어,듣고 나더니,듣기만 해서는,보여 주세요",
      "feeling": null,
      "causalRelationship": null,
      "outcomeResolution": null,
      "prediction": null,
      "plotSummaryInfoCount": 1,
      "plotSummaryInfo": {
        "classification": "의사소통",
        "readAge": "유아",
        "form": "long-form",
        "plotSummaryText": "호랑이가 그러라고 해서 나그네가 토끼에게 자초지종을 말하자 토끼는 듣기만 해서는 모르겠으니, 상황을 보여 달라고 했습니다.",
        "textWordEA": 15
      }
    },
    {
      "srcTextID": "95267",
      "srcText": "그랬더니 성질 급한 호랑이가 풀쩍 구덩이에 뛰어들며 말했어. \"아, 내가 이렇게 구덩이에 빠졌다니까.\" 토끼는 구덩이 속을 보더니 고개를 갸웃거리며 말했어. \"통나무는 원래 있었고요?\"",
      "srcPage": 17,
      "srcSentenceEA": 4,
      "srcWordEA": 24,
      "character": "호랑이,토끼,통나무",
      "setting": "구덩이",
      "action": "뛰어들며,말했어,빠졌다니까,보더니,갸웃거리며",
      "feeling": null,
      "causalRelationship": null,
      "outcomeResolution": null,
      "prediction": null,
      "plotSummaryInfoCount": 1,
      "plotSummaryInfo": {
        "classification": "의사소통",
        "readAge": "유아",
        "form": "long-form",
        "plotSummaryText": "성질 급한 호랑이가 구덩이에 뛰어들며 이렇게 빠졌다고 말하자, 토끼는 고개를 갸웃거리며 통나무가 원래 있었느냐고 물었습니다.",
        "textWordEA": 15
      }
    },
    {
      "srcTextID": "95268",
      "srcText": "그러더니 구덩이 속 호랑이한테 말하지. \"은혜도 모르는 호랑이야, 너는 사냥꾼이나 기다리려무나.\" 그러고는 깡충 뛰어가더래. 호랑이는 다시 꺼내 달라고 소리소리 지르고 십년감수한 나그네는 태연스레 제 갈 길을 갔어. 그 호랑이, 아직도 거기 있나 몰라.",
      "srcPage": 19,
      "srcSentenceEA": 5,
      "srcWordEA": 36,
      "character": "호랑이,너,사냥꾼",
      "setting": "구덩이",
      "action": "말하지,모르는,기다리려무나,뛰어가더래,꺼내 달라고,소리소리 지르고,길을 갔어",
      "feeling": null,
      "causalRelationship": null,
      "outcomeResolution": null,
      "prediction": null,
      "plotSummaryInfoCount": 1,
      "plotSummaryInfo": {
        "classification": "의사소통",
        "readAge": "유아",
        "form": "long-form",
        "plotSummaryText": "구덩이 속 호랑이한테 은혜도 모르니 사냥꾼이나 기다리라며 뛰어가자, 호랑이는 꺼내 달라고 소리를 지르고 나그네는 태연스레 제 갈 길을 갔습니다.",
        "textWordEA": 19
      }
    },
    {
      "srcTextID": "95188",
      "srcText": "\"사람은 나무 그늘에서 쉬고 열매를 따 먹지만 고마운 줄을 모른다. 그저 나무를 베어 빨래판이나 만들고 땔감으로 쓰려고만 하지. 사람 따위는 잡아먹어도 된다!\"",
      "srcPage": 10,
      "srcSentenceEA": 3,
      "srcWordEA": 24,
      "character": "사람,나무,빨래판,땔감,열매",
      "setting": "나무 그늘",
      "action": "쉬고,따 먹지만,베어,만들고,쓰려고만 하지,잡아먹어도 된다",
      "feeling": "고마운",
      "causalRelationship": null,
      "outcomeResolution": null,
      "prediction": null,
      "plotSummaryInfoCount": 1,
      "plotSummaryInfo": {
        "classification": "의사소통",
        "readAge": "유아",
        "form": "short-form",
        "plotSummaryText": "사람은 나무 그늘에서 쉬고 열매를 따 먹지만 고마운 줄 모르고 나무를 베어 쓰려고 하니 잡아먹어도 된다고 했습니다.",
        "textWordEA": 17
      }
    },
    {
      "srcTextID": "95192",
      "srcText": "그저 바위를 쪼개어 절구나 만들고 댓돌로 밟아 댈 생각만 하지. 사람 따위는 잡아먹어도 된다! 나그네는 이제 꼼짝없이 잡아먹히게 생겼지.",
      "srcPage": 14,
      "srcSentenceEA": 3,
      "srcWordEA": 21,
      "character": "바위,절구,댓돌,나그네,사람",
      "setting": null,
      "action": "쪼개어,만들고,밟아 댈,생각만 하지,잡아먹어도 된다,잡아먹히게 생겼지",
      "feeling": null,
      "causalRelationship": null,
      "outcomeResolution": null,
      "prediction": null,
      "plotSummaryInfoCount": 1,
      "plotSummaryInfo": {
        "classification": "의사소통",
        "readAge": "유아",
        "form": "short-form",
        "plotSummaryText": "바위를 쪼개어 절구나 만들고 댓돌로 밟아댈 생각만 하는 사람 따위는 잡아먹어도 된다고 하니 나그네는 잡아먹히게 생겼습니다.",
        "textWordEA": 16
      }
    }
  ]
}