{
  "title": "엄마가 제일 좋아요!",
  "author": "김영숙",
  "illustrator": "장현정",
  "isbn": "9788961915786",
  "publishedYear": 2011,
  "publisher": "한얼교육",
  "paragraphInfoCount": 16,
  "paragraphInfo": [
    {
      "srcTextID": "133476",
      "srcText": "우리 학교에서는 해마다 뮤지컬 공연을 해요. 이번에 공연할 뮤지컬은 미녀와 야수예요. 야수 역할을 맡은 나는 매일 엄마와 함께 연습을 했어요.",
      "srcPage": 1,
      "srcSentenceEA": 3,
      "srcWordEA": 22,
      "character": "엄마",
      "setting": "학교",
      "action": "맡은,연습을 했어요",
      "feeling": null,
      "causalRelationship": null,
      "outcomeResolution": null,
      "prediction": null,
      "plotSummaryInfoCount": 1,
      "plotSummaryInfo": {
        "classification": "의사소통",
        "readAge": "유아",
        "form": "short-form",
        "plotSummaryText": "학교에서 해마다 하는 뮤지컬 공연에서 이번에는 미녀와 야수를 하는데 야수 역할을 맡은 나는 매일 엄마와 함께 연습을 했습니다.",
        "textWordEA": 18
      }
    },
    {
      "srcTextID": "133479",
      "srcText": "엄마의 말에 나는 불쑥 화가 났어요. \"그건 안 돼요. 엄마가 없으면 뮤지컬 연습은 어떻게 해요!\" 나는 이렇게 소리치고는 방으로 들어가 문을 '쾅!' 닫았어요.",
      "srcPage": 5,
      "srcSentenceEA": 5,
      "srcWordEA": 26,
      "character": "엄마,문",
      "setting": "방",
      "action": "소리치고는,들어가,닫았어요",
      "feeling": "화가 났어요",
      "causalRelationship": null,
      "outcomeResolution": null,
      "prediction": null,
      "plotSummaryInfoCount": 1,
      "plotSummaryInfo": {
        "classification": "의사소통",
        "readAge": "유아",
        "form": "long-form",
        "plotSummaryText": "엄마의 말에 불쑥 화가 난 나는 뮤지컬 연습은 어떻게 하냐고 소리치고는 방으로 들어가 문을 닫았습니다.",
        "textWordEA": 15
      }
    },
    {
      "srcTextID": "133483",
      "srcText": "오후에는 방을 마구 어지럽혔어요. \"이런 거 이제 다 필요 없어!\" 나는 손에 잡히는 대로 장난감을 마구 집어 던졌어요. 그런데 그만 작년에 외할머니가 사 준 인형의 귀가 '찌익!' 찢어지고 말았어요.",
      "srcPage": 9,
      "srcSentenceEA": 5,
      "srcWordEA": 32,
      "character": "장난감,외할머니,인형",
      "setting": "오후,방,작년",
      "action": "잡히는,어지럽혔어요,집어 던졌어요,찢어지고,사 준",
      "feeling": null,
      "causalRelationship": null,
      "outcomeResolution": null,
      "prediction": null,
      "plotSummaryInfoCount": 1,
      "plotSummaryInfo": {
        "classification": "의사소통",
        "readAge": "유아",
        "form": "long-form",
        "plotSummaryText": "오후에는 방을 마구 어지럽혔고 손에 잡히는 대로 장난감을 마구 집어 던지다가 작년에 외할머니가 사 준 인형의 귀가 찢어지고 말았습니다.",
        "textWordEA": 19
      }
    },
    {
      "srcTextID": "133482",
      "srcText": "나는 세수도 하지 않고 식탁 앞에 앉았어요. \"왜 세수를 하지 않니?\" 엄마가 물었지만 나는 아무 대답도 하지 않았어요. 그러고는 거실로 나가 오전 내내 텔레비전만 보았어요.",
      "srcPage": 8,
      "srcSentenceEA": 4,
      "srcWordEA": 27,
      "character": "식탁,엄마,텔레비전",
      "setting": "거실",
      "action": "앉았어요,물었지만,나가,보았어요",
      "feeling": null,
      "causalRelationship": null,
      "outcomeResolution": null,
      "prediction": null,
      "plotSummaryInfoCount": 1,
      "plotSummaryInfo": {
        "classification": "의사소통",
        "readAge": "유아",
        "form": "long-form",
        "plotSummaryText": "나는 세수도 하지 않고 식탁 앞에 앉았고, 세수를 안 하냐고 엄마가 물었지만 대답하지 않고 거실로 나가 오전 내내 텔레비전만 보았습니다.",
        "textWordEA": 20
      }
    },
    {
      "srcTextID": "133478",
      "srcText": "어느 날, 학교에서 돌아와 보니 엄마가 기운 없는 모습으로 앉아 있었어요. \"엄마, 왜 그러세요?\" \"외할머니가 편찮으시다는구나. 아무래도 엄마가 할머니한테 가 봐야 할 것 같다.\" 엄마는 나를 꼭 껴안으며 말했어요.",
      "srcPage": 4,
      "srcSentenceEA": 5,
      "srcWordEA": 31,
      "character": "엄마,외할머니,할머니",
      "setting": "학교",
      "action": "돌아와,껴안으며,말했어요,가 봐야,앉아",
      "feeling": null,
      "causalRelationship": "외할머니가 편찮으시다는구나. 아무래도 엄마가 할머니한테 가 봐야 할 것 같다.",
      "outcomeResolution": null,
      "prediction": null,
      "plotSummaryInfoCount": 1,
      "plotSummaryInfo": {
        "classification": "의사소통",
        "readAge": "유아",
        "form": "long-form",
        "plotSummaryText": "학교에서 돌아와 보니 기운 없는 모습으로 앉아 있던 엄마가 할머니가 편찮으셔서 가 봐야 할 것 같다고 나를 꼭 껴안으며 말했습니다.",
        "textWordEA": 20
      }
    },
    {
      "srcTextID": "133485",
      "srcText": "다음 날 잠에서 깬 나는 엄마한테 미안한 마음이 들었어요. 나는 엄마와 얘기를 하기 위해 거실로 나갔어요. 그런데 소파에서 엄마와 아빠가 웃으면서 얘기하는 모습을 본 순간 또 화가 났어요. '역시 엄마는 내 걱정 따윈 안 하는 게 틀림없어. 이제 절대로 엄마와 말하지 않을 거야.' 나는 방으로 되돌아와 문을 '쾅!' 닫아 버렸어요.",
      "srcPage": 11,
      "srcSentenceEA": 7,
      "srcWordEA": 55,
      "character": "엄마,소파,아빠,문",
      "setting": "다음 날,거실",
      "action": "나갔어요,되돌아와,닫아 버렸어요",
      "feeling": "미안한,화가 났어요",
      "causalRelationship": null,
      "outcomeResolution": null,
      "prediction": null,
      "plotSummaryInfoCount": 1,
      "plotSummaryInfo": {
        "classification": "의사소통",
        "readAge": "유아",
        "form": "long-form",
        "plotSummaryText": "다음날 잠에서 깬 나는 미안한 마음이 들어 이야기하기 위해 거실로 나갔지만, 소파에서 엄마와 아빠가 웃으면서 얘기하는 모습을 본 순간 또 화가 나서 방으로 되돌아와 문을 닫아 버렸습니다.",
        "textWordEA": 27
      }
    },
    {
      "srcTextID": "133480",
      "srcText": "그날 밤, 아빠가 나를 달래 주려고 내 방에 들어왔어요. 하지만 나는 이불을 뒤집어쓰고 자는 척했어요. 엄마도 아빠도 모두 보고 싶지 않았거든요. :자는가 보구나. 잘 자라.\" 아빠가 나가자 나는 왠지 쓸쓸한 기분이 들었어요.",
      "srcPage": 6,
      "srcSentenceEA": 6,
      "srcWordEA": 37,
      "character": "아빠,이불,엄마",
      "setting": "밤,방",
      "action": "들어왔어요,뒤집어쓰고,나가자",
      "feeling": "쓸쓸한",
      "causalRelationship": "하지만 나는 이불을 뒤집어쓰고 자는 척했어요. 엄마도 아빠도 모두 보고 싶지 않았거든요.",
      "outcomeResolution": null,
      "prediction": null,
      "plotSummaryInfoCount": 1,
      "plotSummaryInfo": {
        "classification": "의사소통",
        "readAge": "유아",
        "form": "long-form",
        "plotSummaryText": "내 방에 들어온 아빠도 보고 싶지 않아 이불을 뒤집어쓰고 자는척했는데 자는것 같다며 잘자라고 인사하고 나가자 쓸쓸한 기분이 들었습니다.",
        "textWordEA": 18
      }
    },
    {
      "srcTextID": "133481",
      "srcText": "다음 날 잠에서 깬 나는 기분이 몹시 좋지 않았어요. '왜 엄마는 내 생각을 해 주지 않는 거야? 엄마는 나를 사랑하지 않는 게 틀림없어. 그렇다면 나도 이제부터 엄마 속을 썩일 테야.' 나는 이렇게 결심했어요.",
      "srcPage": 7,
      "srcSentenceEA": 5,
      "srcWordEA": 36,
      "character": "엄마",
      "setting": "다음 날",
      "action": "잠에서 깬,해 주지,썩일,결심했어요",
      "feeling": "사랑하지",
      "causalRelationship": null,
      "outcomeResolution": null,
      "prediction": null,
      "plotSummaryInfoCount": 1,
      "plotSummaryInfo": {
        "classification": "의사소통",
        "readAge": "유아",
        "form": "long-form",
        "plotSummaryText": "다음 날 잠에서 깬 나는 엄마가 내 생각을 해 주지 않고 나를 사랑하지 않는 게 틀림없으니 이제부터 속을 썩일 거라고 결심했습니다.",
        "textWordEA": 21
      }
    },
    {
      "srcTextID": "133475",
      "srcText": "\"내 장미를 꺾은 벌로 너의 세 딸 가운데 한 명을 데려오너라. 그렇지 않으면 가만두지 않을 테다!\" 나는 양팔을 쳐들어 사납게 휘두르며 말했어요.",
      "srcPage": 2,
      "srcSentenceEA": 3,
      "srcWordEA": 24,
      "character": "장미,딸,양팔",
      "setting": null,
      "action": "꺾은,데려오너라,쳐들어,휘두르며,말했어요",
      "feeling": null,
      "causalRelationship": null,
      "outcomeResolution": null,
      "prediction": null,
      "plotSummaryInfoCount": 1,
      "plotSummaryInfo": {
        "classification": "의사소통",
        "readAge": "유아",
        "form": "short-form",
        "plotSummaryText": "장미를 꺾은 벌로 너의 세 딸 가운데 한 명을 데려오지 않으면 가만두지 않을 거라고 양팔을 쳐들어 휘두르며 말했습니다.",
        "textWordEA": 18
      }
    },
    {
      "srcTextID": "133477",
      "srcText": "\"아버지, 걱정 마세요. 제가 야수에게 가겠어요.\" 엄마는 미녀의 대사를 읽으면서 내 연습 상대가 되어 주었어요. 내가 노래 연습을 할 때면 '딩동딩동' 피아노도 쳐 주었어요.",
      "srcPage": 3,
      "srcSentenceEA": 5,
      "srcWordEA": 28,
      "character": "아버지,야수,엄마,미녀,피아노",
      "setting": null,
      "action": "가겠어요,읽으면서,연습을 할,쳐 주었어요",
      "feeling": "걱정 마세요",
      "causalRelationship": null,
      "outcomeResolution": null,
      "prediction": null,
      "plotSummaryInfoCount": 1,
      "plotSummaryInfo": {
        "classification": "의사소통",
        "readAge": "유아",
        "form": "long-form",
        "plotSummaryText": "아버지에게 걱정하지 말라는 미녀의 대사를 읽으면서 엄마는 내 연습 상대가 되어 주며 노래 연습을 할 때 피아노도 쳐 주었습니다.",
        "textWordEA": 19
      }
    },
    {
      "srcTextID": "133484",
      "srcText": "내 방으로 들어온 엄마는 깜짝 놀랐어요. \"세상에! 방 좀 깨끗이 치워라. 인형 귀는 엄마가 꿰매 줄 테니까.\" 엄마는 인형을 가지고 나갔어요. 하지만 나는 엄마가 다시 내 방에 올 때까지 꼼짝도 않고 앉아 있었어요. \"아무래도 네겐 생각할 시간이 더 필요한가 보다. 하지만 네가 화를 내니까 엄마도 속상해.\"",
      "srcPage": 10,
      "srcSentenceEA": 7,
      "srcWordEA": 51,
      "character": "엄마,인형",
      "setting": "방",
      "action": "치워라,꿰매 줄,들어온,가지고,나갔어요,올 때까지,앉아,내니까",
      "feeling": "깜짝 놀랐어요,화를 내니까,속상해",
      "causalRelationship": null,
      "outcomeResolution": null,
      "prediction": null,
      "plotSummaryInfoCount": 1,
      "plotSummaryInfo": {
        "classification": "의사소통",
        "readAge": "유아",
        "form": "long-form",
        "plotSummaryText": "방으로 들어온 엄마는 깜짝 놀라 인형 귀는 꿰매 줄 테니까 방을 깨끗이 치우라며 인형을 가지고 나갔지만, 엄마가 다시 내 방에 올 때까지 꼼짝도 않고 앉아 있었더니 내가 화를 내니까 엄마도 속상하다고 했습니다.",
        "textWordEA": 32
      }
    },
    {
      "srcTextID": "133486",
      "srcText": "온종일 방 안에 혼자 있기란 정말 힘들었어요. 하지만 뮤지컬 생각만 하면 마음이 부글부글 끓어올랐어요. '흥, 두고 보라지. 여기서 한 발짝도 움직이지 않을 테니까.' 그러다가 나는 스르르 잠들고 말았어요.",
      "srcPage": 12,
      "srcSentenceEA": 5,
      "srcWordEA": 31,
      "character": null,
      "setting": "방",
      "action": "혼자 있기란,생각만 하면,두고 보라지,움직이지,잠들고 말았어요",
      "feeling": "힘들었어요",
      "causalRelationship": null,
      "outcomeResolution": "그러다가 나는 스르르 잠들고 말았어요.",
      "prediction": null,
      "plotSummaryInfoCount": 1,
      "plotSummaryInfo": {
        "classification": "의사소통",
        "readAge": "유아",
        "form": "long-form",
        "plotSummaryText": "온종일 방 안에 혼자 있기란 정말 힘들었지만, 뮤지컬 생각만 하면 마음이 부글부글 끓어올라 여기서 한 발짝도 움직이지 않을 테니까 두고 보라고 생각하다가 잠들고 말았습니다.",
        "textWordEA": 24
      }
    },
    {
      "srcTextID": "133487",
      "srcText": "나는 꿈속에서 엄마와 만났어요. \"엄마는 너를 사랑하지 않는 게 아니야. 너도 엄마가 아프면 엄마를 간호해 주잖아. 그러니까 엄마도 할머니를 돌봐 줘야 하지 않겠니?\" 엄마는 부드러운 손길로 내 머리를 쓰다듬어 주었어요.",
      "srcPage": 13,
      "srcSentenceEA": 5,
      "srcWordEA": 33,
      "character": "엄마,할머니,머리,손길",
      "setting": null,
      "action": "만났어요,쓰다듬어,간호해 주잖아,돌봐 줘야",
      "feeling": "사랑하지",
      "causalRelationship": null,
      "outcomeResolution": null,
      "prediction": null,
      "plotSummaryInfoCount": 1,
      "plotSummaryInfo": {
        "classification": "의사소통",
        "readAge": "유아",
        "form": "long-form",
        "plotSummaryText": "꿈속에서 엄마와 만났는데, 너를 사랑하지 않는 게 아니라면서 엄마가 아프면 엄마를 간호해 주니까 엄마도 할머니를 돌봐 줘야 하지 않겠느냐며 부드러운 손길로 내 머리를 쓰다듬어 주었습니다.",
        "textWordEA": 25
      }
    },
    {
      "srcTextID": "133488",
      "srcText": "그러자 엄마와 함께했던 순간들이 떠올랐어요. 엄마는 내게 맛있는 음식을 해 주고, 놀다가 먼지투성이가 되면 깨끗이 씻겨 주고, 재미있는 동화책도 읽어 주었지요. '엄마.' 항상 나를 돌봐 주는 엄마를 생각하니 눈물이 주르르 흘러내렸어요. 할머니도 딸인 엄마를 그렇게 돌봐 주셨겠지요. 나는 엄마가 할머니를 걱정하는 마음을 이해할 수 있었어요.",
      "srcPage": 14,
      "srcSentenceEA": 5,
      "srcWordEA": 49,
      "character": "엄마,할머니,음식,동화책,딸",
      "setting": null,
      "action": "씻겨 주고,읽어 주었지요,놀다가,돌봐 주는,흘러내렸어요",
      "feeling": null,
      "causalRelationship": null,
      "outcomeResolution": "나는 엄마가 할머니를 걱정하는 마음을 이해할 수 있었어요.",
      "prediction": null,
      "plotSummaryInfoCount": 1,
      "plotSummaryInfo": {
        "classification": "의사소통",
        "readAge": "유아",
        "form": "long-form",
        "plotSummaryText": "내게 음식을 해 주고 씻겨 주기도 하며 동화책도 읽어 주고 항상 돌봐 주는 엄마와 함께 했던 순간들이 떠올라서 눈물이 흘러내렸고, 할머니도 딸인 엄마를 그렇게 돌봐 주셨겠다는 생각이 들어 엄마가 할머니를 걱정하는 마음을 이해할 수 있었습니다.",
        "textWordEA": 35
      }
    },
    {
      "srcTextID": "133489",
      "srcText": "다음 날, 나는 일어나자마자 욕실로 달려가 말끔하게 세수를 했어요. 그리고 엄마가 차려 준 밥도 맛있게 먹었어요. 엄마 아빠는 어리둥절한 표정으로 나를 바라보았지만, 이내 밝은 미소를 지었어요.",
      "srcPage": 15,
      "srcSentenceEA": 3,
      "srcWordEA": 28,
      "character": "욕실,엄마,아빠",
      "setting": "다음 날",
      "action": "달려가,세수를 했어요,먹었어요,바라보았지만",
      "feeling": "어리둥절한",
      "causalRelationship": null,
      "outcomeResolution": null,
      "prediction": null,
      "plotSummaryInfoCount": 1,
      "plotSummaryInfo": {
        "classification": "의사소통",
        "readAge": "유아",
        "form": "short-form",
        "plotSummaryText": "다음 날에는 일어나자마자 말끔하게 세수를 하고 밥도 맛있게 먹었더니, 엄마 아빠는 어리둥절한 표정으로 나를 바라보았다가 이내 밝은 미소를 지었습니다.",
        "textWordEA": 19
      }
    },
    {
      "srcTextID": "133490",
      "srcText": "오늘 뮤지컬 연습 시간엔 다음과 같은 장면을 연습했어요. 야수와 함께 살게 된 미녀는 아버지가 편찮으시다는 소식을 듣고, 야수인 내게 말했어요. \"아버지가 편찮으셔서 잠시 집에 다녀와야겠어요.\" 그러자 나는 고개를 끄덕이며 말했어요. \"알았어요. 그 대신 곧 돌아와야 해요.\" 집에 가서 엄마와 함께 이 부분을 연습할 생각을 하니 뛸 듯이 기뻤어요.",
      "srcPage": 16,
      "srcSentenceEA": 6,
      "srcWordEA": 52,
      "character": "야수,미녀,아버지,엄마",
      "setting": null,
      "action": "말했어요,다녀와야겠어요,끄덕이며",
      "feeling": "기뻤어요",
      "causalRelationship": null,
      "outcomeResolution": null,
      "prediction": null,
      "plotSummaryInfoCount": 1,
      "plotSummaryInfo": {
        "classification": "의사소통",
        "readAge": "유아",
        "form": "long-form",
        "plotSummaryText": "야수와 함께 살게 된 미녀가 아버지가 편찮으시다는 소식을 듣고 잠시 집에 다녀와야겠다고 말하는 장면을 오늘 뮤지컬 연습 시간에 연습했는데, 집에 가서 엄마와 함께 이 부분을 연습할 생각을 하니 기뻤습니다.",
        "textWordEA": 29
      }
    }
  ]
}