{
  "title": "빨간 부채 파란 부채",
  "author": "신혜진",
  "illustrator": "김영수",
  "isbn": "9791157987566",
  "publishedYear": 2019,
  "publisher": "세이펜북스",
  "paragraphInfoCount": 33,
  "paragraphInfo": [
    {
      "srcTextID": "102677",
      "srcText": "빨간 부채 파란 부채를 이용해서 부자한테 큰돈을 얻어 내니까요. 어찌 보면 사기를 친 것 같지만, 코가 늘어나 걱정에 빠진 부자를 구해 준 셈이기도 하니 크게 해를 끼쳤다고 할 것은 아니지요. 그렇게 큰 부자가 됐으니 이 부채들은 큰 보물이라 할 수 있습니다.",
      "srcPage": 26,
      "srcSentenceEA": 3,
      "srcWordEA": 43,
      "character": "빨간 부채,파란 부채,부채들,보물,부자",
      "setting": null,
      "action": "이용해서,얻어 내니까요,사기를 친,구해 준",
      "feeling": "걱정에 빠진",
      "causalRelationship": null,
      "outcomeResolution": null,
      "prediction": null,
      "plotSummaryInfoCount": 1,
      "plotSummaryInfo": {
        "classification": "의사소통",
        "readAge": "유아",
        "form": "short-form",
        "plotSummaryText": "부채를 이용해서 부자한테 큰돈을 얻어 냈으니 사기를 친 것 같지만, 코가 늘어나 걱정에 빠진 부자를 구해 준 셈이기도 하니 남에게 크게 해를 끼치지 않고 큰 부자로 만들어 준 이 부채들은 보물이라 할 수 있습니다.",
        "textWordEA": 34
      }
    },
    {
      "srcTextID": "99659",
      "srcText": "옛날 어떤 마을에 집이 찢어지게 가난한 할아버지가 살았어. 할아버지가 하루는 길을 가다가 보니 나무 아래 요상한 비단 주머니가 떨어져 있지 않겠어? 비단 주머니에 고운 수가 놓여 있는 걸 보니 분명 아주 귀중한 물건 같은데 말이지.",
      "srcPage": 1,
      "srcSentenceEA": 3,
      "srcWordEA": 37,
      "character": "할아버지,비단 주머니,집",
      "setting": "마을,하루,길,나무 아래",
      "action": "살았어,떨어져 있지,보니",
      "feeling": null,
      "causalRelationship": null,
      "outcomeResolution": null,
      "prediction": null,
      "plotSummaryInfoCount": 1,
      "plotSummaryInfo": {
        "classification": "의사소통",
        "readAge": "유아",
        "form": "short-form",
        "plotSummaryText": "옛날 어떤 마을에 집이 찢어지게 가난한 할아버지가 살았는데, 하루는 길을 가다가 나무 아래 고운 수가 놓여 있는 비단 주머니가 떨어져 있는 걸 보았습니다.",
        "textWordEA": 23
      }
    },
    {
      "srcTextID": "99666",
      "srcText": "그래 그 비단 주머니를 열어 보니 빨간 부채랑 파란 부채가 하나씩 들어 있네. 할아버지는 무심코 빨간 부채를 꺼내 펄렁펄렁 얼굴을 부치며 가던 길을 갔다지. 그런데 별일도 다 있지.",
      "srcPage": 2,
      "srcSentenceEA": 3,
      "srcWordEA": 30,
      "character": "빨간 부채,파란 부채,비단 주머니,할아버지,얼굴",
      "setting": "길",
      "action": "열어 보니,길을 갔다지",
      "feeling": null,
      "causalRelationship": null,
      "outcomeResolution": null,
      "prediction": null,
      "plotSummaryInfoCount": 1,
      "plotSummaryInfo": {
        "classification": "의사소통",
        "readAge": "유아",
        "form": "short-form",
        "plotSummaryText": "비단 주머니를 열어 보니 빨간 부채랑 파란 부채가 들어 있었는데, 할아버지는 무심코 빨간 부채를 꺼내 펄렁펄렁 얼굴을 부치며 가던 길을 갔습니다.",
        "textWordEA": 21
      }
    },
    {
      "srcTextID": "99684",
      "srcText": "장난삼아 자기 코에 대고 살살 빨강 바람을 일으켰어. 코가 간질간질해. “으히히, 간지럽다, 간지러워.” 할아버지는 더욱 세차게 부채질을 했지.",
      "srcPage": 14,
      "srcSentenceEA": 4,
      "srcWordEA": 20,
      "character": "코,할아버지",
      "setting": null,
      "action": "부채질을 했지",
      "feeling": "간질간질해",
      "causalRelationship": null,
      "outcomeResolution": null,
      "prediction": null,
      "plotSummaryInfoCount": 1,
      "plotSummaryInfo": {
        "classification": "의사소통",
        "readAge": "유아",
        "form": "long-form",
        "plotSummaryText": "장난삼아 자기 코에 대고 살살 빨강 바람을 일으키니 코가 간질간질해서 할아버지는 더욱 세차게 부채질을 했습니다.",
        "textWordEA": 15
      }
    },
    {
      "srcTextID": "99687",
      "srcText": "쑤욱쑥 자란 코가 천장에 닿았어. “으헤헤, 재밌다, 재밌어.” 빠직, 지붕을 뚫어 버린 코가 나무만큼 커졌어.",
      "srcPage": 15,
      "srcSentenceEA": 3,
      "srcWordEA": 16,
      "character": "코,천장,지붕,나무",
      "setting": null,
      "action": "닿았어,뚫어 버린",
      "feeling": "재밌다",
      "causalRelationship": null,
      "outcomeResolution": null,
      "prediction": null,
      "plotSummaryInfoCount": 1,
      "plotSummaryInfo": {
        "classification": "의사소통",
        "readAge": "유아",
        "form": "short-form",
        "plotSummaryText": "쑥 자란 코가 천장에 닿자 그가 재미있어 했고, 금세 지붕을 뚫어 버린 코는 나무만큼 커졌습니다.",
        "textWordEA": 15
      }
    },
    {
      "srcTextID": "99686",
      "srcText": "나무에 앉아 있던 새들이 포르르 날아가고 매미들이 깜짝 놀라 요란하게 울었어. 하지만 할아버지는 쉬지 않고 빨간 부채를 부쳤지. 코는 구름을 지나 쭈욱쭉 올라갔어.",
      "srcPage": 16,
      "srcSentenceEA": 3,
      "srcWordEA": 25,
      "character": "코,할아버지,나무,새들,매미",
      "setting": null,
      "action": "날아가고,울었어,부채를 부쳤지",
      "feeling": null,
      "causalRelationship": null,
      "outcomeResolution": null,
      "prediction": null,
      "plotSummaryInfoCount": 1,
      "plotSummaryInfo": {
        "classification": "의사소통",
        "readAge": "유아",
        "form": "short-form",
        "plotSummaryText": "나무에 앉아 있던 새들이 깜짝 놀라 날아가고 매미들이 요란하게 우는데도 할아버지는 쉬지 않고 빨간 부채를 부쳤고 코는 점점 더 길어져 구름을 지나 쭈욱쭉 올라갔습니다.",
        "textWordEA": 24
      }
    },
    {
      "srcTextID": "99689",
      "srcText": "마침내 할아버지 코는 하늘나라에 닿고 말았어. 맞아, 옥황상제랑 옥황상제 부인이 사는 곳 말이야. 마침 옥황상제 부인이 부엌에서 밥을 하고 있었는데 뿌지직 빠지직, 부스럭부스럭 이상한 소리가 들리지 않겠어?",
      "srcPage": 17,
      "srcSentenceEA": 3,
      "srcWordEA": 29,
      "character": "할아버지,코,옥황상제,옥황상제 부인",
      "setting": "하늘나라",
      "action": "밥을 하고",
      "feeling": null,
      "causalRelationship": null,
      "outcomeResolution": null,
      "prediction": null,
      "plotSummaryInfoCount": 1,
      "plotSummaryInfo": {
        "classification": "의사소통",
        "readAge": "유아",
        "form": "short-form",
        "plotSummaryText": "마침내 할아버지 코는 하늘나라에 닿고 말았는데, 마침 옥황상제 부인이 부엌에서 밥을 하고 있다가 뿌지직 빠지직, 부스럭부스럭 이상한 소리를 들었습니다.",
        "textWordEA": 19
      }
    },
    {
      "srcTextID": "99688",
      "srcText": "가만 보니 땔감 더미가 들썩거리는 거야. “쥐가 들어왔나? 요놈, 맛 좀 봐라.” 옥황상제 부인은 부지깽이로 땔감 더미를 푹푹 찔렀어. 사실 그건 쭈욱쭉 늘어난 할아버지 코였는데 말이지.",
      "srcPage": 18,
      "srcSentenceEA": 5,
      "srcWordEA": 29,
      "character": "땔감 더미,코,할아버지,옥황상제 부인,부지깽이",
      "setting": null,
      "action": "푹푹 찔렀어,들어왔나",
      "feeling": null,
      "causalRelationship": null,
      "outcomeResolution": null,
      "prediction": null,
      "plotSummaryInfoCount": 1,
      "plotSummaryInfo": {
        "classification": "의사소통",
        "readAge": "유아",
        "form": "long-form",
        "plotSummaryText": "땔감 더미가 들썩거리기에 쥐가 들어온 걸로 생각한 옥황상제 부인은 부지깽이로 땔감 더미를 푹푹 찔렀는데 사실 그건 쭈욱쭉 늘어난 할아버지 코였습니다.",
        "textWordEA": 20
      }
    },
    {
      "srcTextID": "99690",
      "srcText": "이걸 어째? 옥황상제 부인이 기어코 뾰족한 부지깽이로 할아버지 콧구멍을 뽕 뚫고 말았네. 코를 찔린 할아버지는 아프다고 소리소리 치더니 급히 파란 부채를 펼쳐서는 팔락팔락 부채질을 했어. 그러자 기다란 코가 쏘옥쏙 줄어들기 시작했지. 그런데 코가 하늘나라 부지깽이에 걸려서 내려오지를 못하니 몸이 둥실 떠오르지 뭐야.",
      "srcPage": 19,
      "srcSentenceEA": 5,
      "srcWordEA": 46,
      "character": "할아버지,파란 부채,뾰족한 부지깽이,옥황상제 부인,코",
      "setting": "하늘나라",
      "action": "부채질을 했어,내려오지를 못하니,소리소리 치더니,펼쳐서는",
      "feeling": "아프다고",
      "causalRelationship": "코를 찔린 할아버지는 아프다고 소리소리 치더니 급히 파란 부채를 펼쳐서는 팔락팔락 부채질을 했어. 그러자 기다란 코가 쏘옥쏙 줄어들기 시작했지.",
      "outcomeResolution": null,
      "prediction": null,
      "plotSummaryInfoCount": 1,
      "plotSummaryInfo": {
        "classification": "의사소통",
        "readAge": "유아",
        "form": "long-form",
        "plotSummaryText": "옥황상제 부인의 부지깽이에 콧구멍이 뽕 뚫린 할아버지가 아프다고 소리소리 치더니 급히 파란 부채를 펼쳐서 부채질을 하자 기다란 코가 쏘옥쏙 줄어들기 시작했지만, 하늘나라 부지깽이에 걸린 코가 내려오지를 못하니 몸이 둥실 떠올랐습니다.",
        "textWordEA": 30
      }
    },
    {
      "srcTextID": "99691",
      "srcText": "할아버지 몸이 정자 천장에 부딪치자 기왓장이 우지끈, 무너졌어. 놀란 할아버지가 더욱 빨리 부채질을 하니 펄럭펄럭 파랑 바람이 거세게 불었지. 할아버지 몸이 나무 꼭대기만큼 올라가자 매미가 놀라 포르르 도망쳤어.",
      "srcPage": 20,
      "srcSentenceEA": 3,
      "srcWordEA": 30,
      "character": "할아버지,기왓장,나무,매미",
      "setting": null,
      "action": "부채질을 하니,도망쳤어",
      "feeling": "놀란",
      "causalRelationship": null,
      "outcomeResolution": null,
      "prediction": null,
      "plotSummaryInfoCount": 1,
      "plotSummaryInfo": {
        "classification": "의사소통",
        "readAge": "유아",
        "form": "short-form",
        "plotSummaryText": "정자 천장에 몸이 부딪쳐 기왓장이 우지끈 무너지자 놀란 할아버지는 더욱 빨리 부채질을 했고 펄럭펄럭 파랑 바람이 거세게 불어 할아버지의 몸은 나무 꼭대기만큼 올라갔습니다.",
        "textWordEA": 23
      }
    },
    {
      "srcTextID": "99692",
      "srcText": "할아버지가 구름만큼 올라가자 날아가던 새들도 허둥지둥 흩어졌지. 할아버지는 계속해서 올라가. 하늘로 하늘로 끝없이 말이야.",
      "srcPage": 21,
      "srcSentenceEA": 3,
      "srcWordEA": 16,
      "character": "할아버지,새들",
      "setting": "하늘",
      "action": "올라가자,허둥지둥 흩어졌지",
      "feeling": null,
      "causalRelationship": null,
      "outcomeResolution": null,
      "prediction": null,
      "plotSummaryInfoCount": 1,
      "plotSummaryInfo": {
        "classification": "의사소통",
        "readAge": "유아",
        "form": "short-form",
        "plotSummaryText": "할아버지가 구름만큼 올라가자 날아가던 새들도 허둥지둥 흩어지고 계속해서 하늘로 끝없이 올라갔습니다.",
        "textWordEA": 11
      }
    },
    {
      "srcTextID": "102671",
      "srcText": "그때 마침 옥황상제 부인이 밥을 다 해서 불을 빼려는지 부지깽이를 찾아. “내가 이걸 어디다 뒀더라?” 부엌을 두리번거리다 땔감 더미에 찔러 둔 부지깽이를 발견했지.",
      "srcPage": 22,
      "srcSentenceEA": 3,
      "srcWordEA": 24,
      "character": "옥황상제 부인,부지깽이,땔감 더미",
      "setting": "부엌,그때",
      "action": "찾아,두리번거리다,찔러,밥을 다 해서",
      "feeling": null,
      "causalRelationship": null,
      "outcomeResolution": null,
      "prediction": null,
      "plotSummaryInfoCount": 1,
      "plotSummaryInfo": {
        "classification": "의사소통",
        "readAge": "유아",
        "form": "short-form",
        "plotSummaryText": "그때 마침 옥황상제 부인은 밥을 다 해서 불을 빼려는지 부지깽이를 찾으려 부엌을 두리번거리다 땔감 더미에 찔러 둔 부지깽이를 발견했습니다.",
        "textWordEA": 19
      }
    },
    {
      "srcTextID": "102672",
      "srcText": "옥황상제 부인이 부지깽이를 쑥 뽑자 할아버지가 하늘에서 떨어지기 시작했어. 할아버지는 발버둥을 치면서 소리를 질렀어. “사람 살려!” 그런데 아무도 그 소리를 듣지 못했대.",
      "srcPage": 23,
      "srcSentenceEA": 4,
      "srcWordEA": 24,
      "character": "옥황상제 부인,할아버지,부지깽이",
      "setting": "하늘",
      "action": "쑥 뽑자,발버둥을 치면서,소리를 질렀어",
      "feeling": null,
      "causalRelationship": "옥황상제 부인이 부지깽이를 쑥 뽑자 할아버지가 하늘에서 떨어지기 시작했어.",
      "outcomeResolution": null,
      "prediction": null,
      "plotSummaryInfoCount": 1,
      "plotSummaryInfo": {
        "classification": "의사소통",
        "readAge": "유아",
        "form": "long-form",
        "plotSummaryText": "옥황상제 부인이 부지깽이를 쑥 뽑자, 하늘에서 떨어지기 시작한 할아버지는 발버둥을 치면서 사람 살려 하고 소리를 질렀지만 아무도 그 소리를 듣지 못했답니다.",
        "textWordEA": 21
      }
    },
    {
      "srcTextID": "102682",
      "srcText": "하나의 물건이 보물도 되고 요물도 되고. 가난한 노인이 길에서 발견한 빨간 부채와 파란 부채. 이야기니까 그렇다고 하겠지만, 그래도 참 재미있는 물건입니다.",
      "srcPage": 24,
      "srcSentenceEA": 3,
      "srcWordEA": 23,
      "character": "노인,빨간 부채,파란 부채,물건",
      "setting": null,
      "action": "발견한",
      "feeling": "재미있는",
      "causalRelationship": null,
      "outcomeResolution": null,
      "prediction": null,
      "plotSummaryInfoCount": 1,
      "plotSummaryInfo": {
        "classification": "의사소통",
        "readAge": "유아",
        "form": "short-form",
        "plotSummaryText": "가난한 노인이 길에서 빨간 부채와 파란 부채를 발견했는데, 하나의 물건이 보물도 되고 요물도 되는 재미있는 이야기입니다.",
        "textWordEA": 16
      }
    },
    {
      "srcTextID": "102674",
      "srcText": "도깨비 방망이처럼 보물이 쏟아져 나오는 것도 아니고 하필이면 코를 쭉쭉 늘어나게 하고 또 줄어들게 한다니 참 독특하고 우스운 상상이에요. 따지자면, 코가 늘어나고 줄어든다는 건 뭐 그리 특별한 일이 아닐지도 몰라요. 그런데 노인은 나름 꾀가 있었어요.",
      "srcPage": 25,
      "srcSentenceEA": 3,
      "srcWordEA": 37,
      "character": "도깨비방망이,코,보물,노인",
      "setting": null,
      "action": "쏟아져 나오는",
      "feeling": "우스운",
      "causalRelationship": null,
      "outcomeResolution": null,
      "prediction": null,
      "plotSummaryInfoCount": 1,
      "plotSummaryInfo": {
        "classification": "의사소통",
        "readAge": "유아",
        "form": "short-form",
        "plotSummaryText": "도깨비방망이처럼 보물이 나오는 것도 아니고 코를 늘어나게 하고 또 줄어들게 한다는 설정이 참 독특하고 우스운 이야기입니다.",
        "textWordEA": 16
      }
    },
    {
      "srcTextID": "99682",
      "srcText": "농사는 누가 지었냐고? 그거야 다 하인들 시켰지. 할아버지는 빈둥빈둥 놀기만 하는 게으름뱅이가 되었어.",
      "srcPage": 12,
      "srcSentenceEA": 3,
      "srcWordEA": 15,
      "character": "할아버지,게으름뱅이",
      "setting": null,
      "action": "시켰지,놀기만 하는",
      "feeling": null,
      "causalRelationship": null,
      "outcomeResolution": null,
      "prediction": null,
      "plotSummaryInfoCount": 1,
      "plotSummaryInfo": {
        "classification": "의사소통",
        "readAge": "유아",
        "form": "short-form",
        "plotSummaryText": "농사짓는 일은 하인들한테 시켜놓고 할아버지는 빈둥빈둥 놀기만 하는 게으름뱅이가 되었습니다.",
        "textWordEA": 10
      }
    },
    {
      "srcTextID": "99667",
      "srcText": "할아버지 코가 쑥쑥 두어 치나 늘어났지 뭐야. 그것도 모르고 활활 더 세게 부채질을 했더니 코는 엿가락처럼 쭉쭉 늘어났어. 할아버지는 갑자기 머리가 무거워져서 제대로 걸을 수가 없었지. 게다가 눈앞에 웬 코가 기다랗게 보이는 거라.",
      "srcPage": 3,
      "srcSentenceEA": 4,
      "srcWordEA": 36,
      "character": "할아버지,코,부채",
      "setting": null,
      "action": "부채질을 했더니,보이는 거라",
      "feeling": null,
      "causalRelationship": null,
      "outcomeResolution": null,
      "prediction": null,
      "plotSummaryInfoCount": 1,
      "plotSummaryInfo": {
        "classification": "의사소통",
        "readAge": "유아",
        "form": "long-form",
        "plotSummaryText": "부채질을 했더니 코가 쑥쑥 두어 치나 늘어났는데 할아버지는 그것도 모르고 더 세게 부채질을 하니 코는 엿가락처럼 쭉쭉 늘어나 눈앞에 웬 코가 기다랗게 보였습니다.",
        "textWordEA": 23
      }
    },
    {
      "srcTextID": "99685",
      "srcText": "하인들 일 시키고 떡이랑 과일이랑 실컷 먹고 빵빵한 배를 퉁퉁 두드리고 나니까 할 일이 없어. 너무너무 심심해진 할아버지가 뒤뜰 정자에 누웠어. 뭐 재미난 일이 없나 궁리하다 빨간 부채를 꺼냈지.",
      "srcPage": 13,
      "srcSentenceEA": 3,
      "srcWordEA": 31,
      "character": "하인,과일,떡,빨간 부채",
      "setting": "정자",
      "action": "일 시키고,실컷 먹고,퉁퉁 두드리고,누웠어,꺼냈지",
      "feeling": "심심해진,재미난",
      "causalRelationship": null,
      "outcomeResolution": null,
      "prediction": null,
      "plotSummaryInfoCount": 1,
      "plotSummaryInfo": {
        "classification": "의사소통",
        "readAge": "유아",
        "form": "short-form",
        "plotSummaryText": "하인들에게 일을 시키고 할 일이 없어 너무 심심해진 할아버지는 뒤뜰 정자에 누워 뭐 재미난 일이 없나 궁리하다 빨간 부채를 꺼냈습니다.",
        "textWordEA": 20
      }
    },
    {
      "srcTextID": "102676",
      "srcText": "문제는 저 부채가 발휘하는 놀라운 능력에 빛과 그림자가 함께 있다는 사실입니다. 잘 쓰면 보물이 되지만 잘못 쓰면 요물이 되지요. 부자가 된 노인이 쓸데없이 부채로 자기 코를 부쳤다가 하늘에서 떨어져 죽게 생겼으니 이렇게 흉하고 무서운 물건이 따로 없어요.",
      "srcPage": 27,
      "srcSentenceEA": 3,
      "srcWordEA": 39,
      "character": "부채,노인,코,보물,요물",
      "setting": null,
      "action": "부쳤다가",
      "feeling": null,
      "causalRelationship": null,
      "outcomeResolution": null,
      "prediction": null,
      "plotSummaryInfoCount": 1,
      "plotSummaryInfo": {
        "classification": "의사소통",
        "readAge": "유아",
        "form": "short-form",
        "plotSummaryText": "문제는 저 부채가 잘 쓰면 보물이 되지만 잘못 쓰면 요물이 된다는 사실인데, 부채 때문에 부자가 된 노인이 쓸데없이 부채로 자기 코를 부쳤다가 하늘에서 떨어져 죽게 생겼으니 이렇게 무서운 물건이 따로 없습니다.",
        "textWordEA": 31
      }
    },
    {
      "srcTextID": "99683",
      "srcText": "코를 고친 김 부자는 재산 반을 뚝 잘라 할아버지에게 줬어. 찢어지게 가난했던 할아버지가 부자가 된 거야. 할아버지는 신이 나서 땅도 사고 기와집도 지었어.",
      "srcPage": 11,
      "srcSentenceEA": 3,
      "srcWordEA": 25,
      "character": "김 부자,할아버지,기와집,땅",
      "setting": null,
      "action": "줬어,사고,지었어",
      "feeling": "신이 나서",
      "causalRelationship": null,
      "outcomeResolution": null,
      "prediction": null,
      "plotSummaryInfoCount": 1,
      "plotSummaryInfo": {
        "classification": "의사소통",
        "readAge": "유아",
        "form": "short-form",
        "plotSummaryText": "코를 고친 김 부자는 재산 반을 뚝 잘라 할아버지에게 줬고 가난했던 할아버지는 부자가 되어 땅도 사고 기와집도 지었습니다.",
        "textWordEA": 18
      }
    },
    {
      "srcTextID": "102680",
      "srcText": "제 욕심을 다스리지 못하고 마구 나가다 보면 곤경에 처하게 되는 것은 실제 세상살이가 그러하기도 합니다. 복권에 당첨되든가 해서 갑자기 부자가 된 사람이 오히려 잘못되는 경우를 꽤 많이 보잖아요! 잘 나갈 때 스스로를 돌아보고 조심해야 하는 게 삶의 이치라 할 수 있습니다.",
      "srcPage": 28,
      "srcSentenceEA": 3,
      "srcWordEA": 43,
      "character": "사람,복권,부자",
      "setting": null,
      "action": "스스로를 돌아보고,조심해야,많이 보잖아요",
      "feeling": null,
      "causalRelationship": null,
      "outcomeResolution": null,
      "prediction": null,
      "plotSummaryInfoCount": 1,
      "plotSummaryInfo": {
        "classification": "의사소통",
        "readAge": "유아",
        "form": "short-form",
        "plotSummaryText": "제 욕심을 다스리지 못하고 마구 나가다 보면 곤경에 처하게 되기도 하는데, 복권에 당첨되든가 해서 갑자기 부자가 된 사람이 오히려 잘못되는 경우를 많이 볼 수 있고 잘 나갈 때 스스로를 돌아보고 조심해야 하는 게 삶의 이치라 할 수 있습니다.",
        "textWordEA": 38
      }
    },
    {
      "srcTextID": "102678",
      "srcText": "빨간 부채와 파란 부채를 부치면 코가 늘어나고 또 줄어든다고 했어요. 여기서 ‘부채질’이나 ‘코’가 뜻하는 게 무엇인지 궁금해집니다. 코는 그렇게 클 필요가 없는 것이잖아요?",
      "srcPage": 29,
      "srcSentenceEA": 5,
      "srcWordEA": 27,
      "character": "빨간 부채,파란 부채,코",
      "setting": null,
      "action": "부치면",
      "feeling": "궁금해집니다",
      "causalRelationship": null,
      "outcomeResolution": null,
      "prediction": null,
      "plotSummaryInfoCount": 1,
      "plotSummaryInfo": {
        "classification": "의사소통",
        "readAge": "유아",
        "form": "long-form",
        "plotSummaryText": "빨간 부채와 파란 부채를 부치면 코가 늘어나고 또 줄어주는 이 이야기에서 부채질이나 코가 뜻하는 게 무엇인지 궁금해집니다.",
        "textWordEA": 17
      }
    },
    {
      "srcTextID": "102681",
      "srcText": "코가 잔뜩 커지는 것은 아주 잘난 척 자만심이 커지는 상황을 나타내고 코가 작아지는 것은 자존심이 푹 꺾이는 상황이라고 볼 수 있지 않을까요? 자만심이 커지면 하늘에라도 오른 듯 세상을 내려다보게 되잖아요. 그런데 그게 실은 굉장히 위험한 일이에요.",
      "srcPage": 32,
      "srcSentenceEA": 3,
      "srcWordEA": 38,
      "character": "코",
      "setting": "하늘,세상",
      "action": "내려다보게",
      "feeling": null,
      "causalRelationship": null,
      "outcomeResolution": null,
      "prediction": null,
      "plotSummaryInfoCount": 1,
      "plotSummaryInfo": {
        "classification": "의사소통",
        "readAge": "유아",
        "form": "short-form",
        "plotSummaryText": "코가 커지는 것은 잘난 척 자만심이 커지는 상황을 나타내고 코가 작아지는 것은 자존심이 푹 꺾이는 상황이라고 볼 수 있는데, 자만심이 커지면 하늘에라도 오른 듯 세상을 내려다보게 되는데 이는 굉장히 위험한 일입니다.",
        "textWordEA": 31
      }
    },
    {
      "srcTextID": "99672",
      "srcText": "할아버지는 큰일 났다고 생각했지. 그래 혹시나 하고 파란 부채를 꺼내서 팔락팔락 흔들었어. 그랬더니 이번엔 길쭉이 코가 점점 줄어들기 시작하는 거야.",
      "srcPage": 4,
      "srcSentenceEA": 3,
      "srcWordEA": 22,
      "character": "할아버지,파란 부채,코",
      "setting": null,
      "action": "꺼내서,흔들었어",
      "feeling": "큰일 났다고 생각했지",
      "causalRelationship": null,
      "outcomeResolution": null,
      "prediction": null,
      "plotSummaryInfoCount": 1,
      "plotSummaryInfo": {
        "classification": "의사소통",
        "readAge": "유아",
        "form": "short-form",
        "plotSummaryText": "큰일 났다고 생각한 할아버지가 혹시나 하고 파란 부채를 꺼내서 팔락팔락 흔들었더니 코가 점점 줄어들었습니다.",
        "textWordEA": 14
      }
    },
    {
      "srcTextID": "99671",
      "srcText": "“거참, 신기한 부채네. 아주 신통방통하구먼.” 요리 보고 조리 보고 요술 부채를 살펴보던 할아버지 마음에 욕심보가 꿈틀꿈틀 일어났어.",
      "srcPage": 5,
      "srcSentenceEA": 3,
      "srcWordEA": 19,
      "character": "부채,할아버지",
      "setting": null,
      "action": "살펴보던",
      "feeling": "신기한,욕심보가 꿈틀꿈틀 일어났어",
      "causalRelationship": null,
      "outcomeResolution": null,
      "prediction": null,
      "plotSummaryInfoCount": 1,
      "plotSummaryInfo": {
        "classification": "의사소통",
        "readAge": "유아",
        "form": "short-form",
        "plotSummaryText": "신기한 요술 부채를 요리조리 살펴보던 할아버지 마음에 욕심보가 꿈틀꿈틀 일어났습니다.",
        "textWordEA": 10
      }
    },
    {
      "srcTextID": "99678",
      "srcText": "할아버지는 요술 부채를 품에 숨기고 김 부자 집으로 갔어. 마침 김 부자는 마루에 누워 낮잠을 자고 있었지. 할아버지는 눈치를 살피다가 빨간 부채를 꺼내 김 부자 모르게 살살 부치기 시작했어.",
      "srcPage": 6,
      "srcSentenceEA": 3,
      "srcWordEA": 31,
      "character": "할아버지,빨간 부채,김 부자,요술 부채",
      "setting": "김 부자 집",
      "action": "살살 부치기 시작했어,숨기고,갔어,눈치를 살피다가,꺼내",
      "feeling": null,
      "causalRelationship": null,
      "outcomeResolution": null,
      "prediction": null,
      "plotSummaryInfoCount": 1,
      "plotSummaryInfo": {
        "classification": "의사소통",
        "readAge": "유아",
        "form": "short-form",
        "plotSummaryText": "요술 부채를 품에 숨기고 김 부잣집으로 간 할아버지는 마침 마루에 누워 낮잠을 자고 있던 김 부자에게 다가가 눈치를 살피다가 빨간 부채를 꺼내 살살 부치기 시작했습니다.",
        "textWordEA": 25
      }
    },
    {
      "srcTextID": "99677",
      "srcText": "빨간 부채에서 빨강 바람이 살살 나왔어. 코가 오이만큼 길어졌는데 김 부자는 그것도 모르고 쿨쿨 자고 있지. 할아버지가 부채질을 더 하자 김 부자 코가 쭈욱쭉 엿가락처럼 늘어났어.",
      "srcPage": 7,
      "srcSentenceEA": 3,
      "srcWordEA": 28,
      "character": "빨간 부채,코,오이,김 부자,할아버지,엿가락",
      "setting": null,
      "action": "부채질을 더 하자",
      "feeling": null,
      "causalRelationship": null,
      "outcomeResolution": null,
      "prediction": null,
      "plotSummaryInfoCount": 1,
      "plotSummaryInfo": {
        "classification": "의사소통",
        "readAge": "유아",
        "form": "short-form",
        "plotSummaryText": "빨간 부채의 빨강 바람을 맞아 코가 오이만큼 길어진 줄도 모르고 잠에 빠져 있던 김 부자의 코는 할아버지가 부채질을 더 하자 엿가락처럼 늘어났습니다.",
        "textWordEA": 22
      }
    },
    {
      "srcTextID": "102673",
      "srcText": "가만 생각해 보면 사람의 ‘똥배’도 그래요. 배가 나오면 몸이 거북하고 보기도 별로 안좋지요. 그래서 코가 늘어나고 줄어드는 모습에서 자꾸 먹어서 배가 튀어나오고 굶어서 배가 들어가는 모습을 연상하기도 했습니다.",
      "srcPage": 30,
      "srcSentenceEA": 4,
      "srcWordEA": 31,
      "character": "코,사람,똥배,배",
      "setting": null,
      "action": "자꾸 먹어서,굶어서",
      "feeling": "거북하고,안 좋지요",
      "causalRelationship": null,
      "outcomeResolution": null,
      "prediction": null,
      "plotSummaryInfoCount": 1,
      "plotSummaryInfo": {
        "classification": "의사소통",
        "readAge": "유아",
        "form": "long-form",
        "plotSummaryText": "배가 나오면 몸이 거북하고 보기도 별로 안 좋은데, 코가 늘어나고 줄어드는 모습에서 자꾸 먹어서 배가 나오고 굶어서 배가 들어가는 모습이 연상되기도 합니다.",
        "textWordEA": 22
      }
    },
    {
      "srcTextID": "102675",
      "srcText": "몸이 불었다가 줄었다가 하는 건 좋은 일이 아니니 자꾸 빨간 부채 파란 부채를 부쳐 댈 일이 아니겠지요. 그런데 이보다는 심리적 상징 쪽으로 읽는 게 조금 더 그럴듯할 것 같아요. 흔히 ‘콧대가 높다’고 하잖아요?",
      "srcPage": 31,
      "srcSentenceEA": 4,
      "srcWordEA": 36,
      "character": "빨간 부채,파란 부채,콧대",
      "setting": null,
      "action": "부쳐,읽는",
      "feeling": "좋은",
      "causalRelationship": null,
      "outcomeResolution": null,
      "prediction": null,
      "plotSummaryInfoCount": 1,
      "plotSummaryInfo": {
        "classification": "의사소통",
        "readAge": "유아",
        "form": "long-form",
        "plotSummaryText": "빨간 부채 파란 부채를 부쳐 댄다는 것은 흔히 콧대가 높다고 하는 것처럼 심리적 상징 쪽으로 읽는 게 조금 더 그럴듯할 것 같습니다.",
        "textWordEA": 22
      }
    },
    {
      "srcTextID": "102679",
      "srcText": "저 노인이 하늘에서 뚝 떨어져서 죽게 된 것처럼요. 흔히 사람의 진짜 적은 마음 안에 있다고 합니다. 열탕 냉탕을 자꾸 오가지 말고 마음을 잘 다스리는 게 진짜 보물이 아닐까 생각해 봅니다. 하지만 이건 썩 마음에 드는 해석이 아니에요. 이야기를 보고 또 보면서 그 속에 숨은 깊은 이치를 멋지게 찾아내 주면 좋겠습니다.",
      "srcPage": 33,
      "srcSentenceEA": 5,
      "srcWordEA": 54,
      "character": "노인,사람,보물,적",
      "setting": "하늘",
      "action": "다스리는,찾아내",
      "feeling": "좋겠습니다",
      "causalRelationship": null,
      "outcomeResolution": null,
      "prediction": null,
      "plotSummaryInfoCount": 1,
      "plotSummaryInfo": {
        "classification": "의사소통",
        "readAge": "유아",
        "form": "long-form",
        "plotSummaryText": "흔히 사람의 진짜 적은 마음 안에 있다고 하는데 오락가락하지 말고 마음을 잘 다스리는 게 진짜 보물이 아닐지 생각해 보면서, 이야기 속에 숨은 이치를 찾아내 주면 좋겠습니다.",
        "textWordEA": 26
      }
    },
    {
      "srcTextID": "99680",
      "srcText": "소식을 들은 할아버지가 빙그레 웃더니 김 부자 집으로 갔어. 가서는 밥풀을 뭉쳐 만든 가짜 약을 김 부자에게 먹였지. 그러고는 파란 부채를 꺼내 팔락팔락 부쳤어.",
      "srcPage": 9,
      "srcSentenceEA": 3,
      "srcWordEA": 26,
      "character": "할아버지,김 부자,파란 부채,밥풀,가짜 약",
      "setting": "김 부자 집",
      "action": "팔락팔락 부쳤어,뭉쳐 만든,갔어,먹였지",
      "feeling": null,
      "causalRelationship": null,
      "outcomeResolution": null,
      "prediction": null,
      "plotSummaryInfoCount": 1,
      "plotSummaryInfo": {
        "classification": "의사소통",
        "readAge": "유아",
        "form": "short-form",
        "plotSummaryText": "소식을 들은 할아버지는 김 부자 집으로 가서 밥풀을 뭉쳐 만든 가짜 약을 김 부자에게 먹이고는 파란 부채를 꺼내 팔락팔락 부쳤습니다.",
        "textWordEA": 20
      }
    },
    {
      "srcTextID": "99679",
      "srcText": "그날부터 김 부자는 창피해서 집 밖에도 못 나오고 머리가 무거워서 앉지도 못하게 됐지 뭐야. 근처 용하다는 의원들을 불러 코를 보였지만 모두가 고개를 절레절레 젓기만 했어. 무당까지 불러다 굿을 했는데도 전혀 소용없었다지. 김 부자는 울상이 되어 말했어. “코를 고쳐 주는 사람에게 내 재산 반을 주겠소!”",
      "srcPage": 8,
      "srcSentenceEA": 5,
      "srcWordEA": 47,
      "character": "김 부자,의원,코,무당",
      "setting": "집 밖",
      "action": "보였지만,말했어,앉지도,절레절레 젓기만 했어,주겠소",
      "feeling": "창피해서",
      "causalRelationship": null,
      "outcomeResolution": null,
      "prediction": null,
      "plotSummaryInfoCount": 1,
      "plotSummaryInfo": {
        "classification": "의사소통",
        "readAge": "유아",
        "form": "long-form",
        "plotSummaryText": "창피해서 집 밖에도 못 나오고 머리가 무거워서 앉지도 못하게 된 김 부자는 용하다는 의원도 무당도 다 소용이 없자 코를 고쳐 주는 사람에게 자기 재산의 반을 주겠다고 울상이 되어 말했습니다.",
        "textWordEA": 29
      }
    },
    {
      "srcTextID": "99681",
      "srcText": "파란 부채에서 파랑 바람이 폴폴 나왔어. 코가 애호박만큼 작아졌는데 김 부자는 그것도 모르고 말했어. “마음이 답답하니 더 덥구려. 좀 더 세게 부쳐 봐요.” 할아버지가 부채질을 더 하자 쏘옥쏙 코가 원래대로 줄어들었지.",
      "srcPage": 10,
      "srcSentenceEA": 5,
      "srcWordEA": 34,
      "character": "파란 부채,할아버지,김 부자,코,애호박",
      "setting": null,
      "action": "말했어,부쳐 봐요",
      "feeling": null,
      "causalRelationship": null,
      "outcomeResolution": null,
      "prediction": null,
      "plotSummaryInfoCount": 1,
      "plotSummaryInfo": {
        "classification": "의사소통",
        "readAge": "유아",
        "form": "long-form",
        "plotSummaryText": "파란 부채에서 파랑 바람이 폴폴 나와 코가 애호박만큼 작아졌는데 김 부자는 그것도 모른 채 좀 더 세게 부쳐 달라고 하고 할아버지가 부채질을 더 하자 코가 원래대로 줄어들었습니다.",
        "textWordEA": 27
      }
    }
  ]
}