{
  "title": "알쏭달쏭 키즈 카페",
  "author": "더나은",
  "illustrator": "엄수지",
  "isbn": "9791193449165",
  "publishedYear": 2023,
  "publisher": "아람북스",
  "paragraphInfoCount": 19,
  "paragraphInfo": [
    {
      "srcTextID": "141804",
      "srcText": "우리는 축구공 네 개를 바구니에 넣었지. 그러자 덜컹덜컹 축구 골대가 움직이기 시작했어. \"와! 축구 골대가 움직이네.\" \"골대 아래에 뭐가 있을까?\"",
      "srcPage": 15,
      "srcSentenceEA": 4,
      "srcWordEA": 22,
      "character": "우리,축구공,바구니,축구 골대",
      "setting": null,
      "action": "넣었지,시작했어,움직이네",
      "feeling": null,
      "causalRelationship": null,
      "outcomeResolution": null,
      "prediction": "골대 아래에 뭐가 있을까",
      "plotSummaryInfoCount": 1,
      "plotSummaryInfo": {
        "classification": "의사소통",
        "readAge": "유아",
        "form": "long-form",
        "plotSummaryText": "우리는 축구공 네 개를 바구니에 넣었고 덜컹덜컹 축구 골대가 움직이기 시작했으며, 골대 아래에 뭐가 있는지 궁금해졌습니다.",
        "textWordEA": 16
      }
    },
    {
      "srcTextID": "141791",
      "srcText": "나는 엄마, 아빠 그리고 누나와 함께 살아. 누나 이름은 눅눅이야. ‘룩룩’, ‘눅눅’ 글자가 비슷해서 기억하기 쉽지?",
      "srcPage": 2,
      "srcSentenceEA": 5,
      "srcWordEA": 20,
      "character": "엄마,아빠,눅눅",
      "setting": null,
      "action": "살아",
      "feeling": null,
      "causalRelationship": null,
      "outcomeResolution": null,
      "prediction": null,
      "plotSummaryInfoCount": 1,
      "plotSummaryInfo": {
        "classification": "의사소통",
        "readAge": "유아",
        "form": "long-form",
        "plotSummaryText": "나는 엄마, 아빠 그리고 눅눅이 누나와 함께 사는데 룩룩, 눅눅 글자가 비슷해서 기억하기 쉽습니다.",
        "textWordEA": 14
      }
    },
    {
      "srcTextID": "141795",
      "srcText": "근사한 주방이야. 우리는 예쁜 앞치마를 두르고 요리놀이를 했어! 그런데 어디선가 반짝!",
      "srcPage": 5,
      "srcSentenceEA": 3,
      "srcWordEA": 13,
      "character": "우리,앞치마",
      "setting": "주방",
      "action": "두르고,요리놀이를 했어",
      "feeling": null,
      "causalRelationship": null,
      "outcomeResolution": null,
      "prediction": null,
      "plotSummaryInfoCount": 1,
      "plotSummaryInfo": {
        "classification": "의사소통",
        "readAge": "유아",
        "form": "short-form",
        "plotSummaryText": "근사한 주방에서 우리는 예쁜 앞치마를 두르고 요리놀이를 했고 어디선가 반짝 했습니다.",
        "textWordEA": 11
      }
    },
    {
      "srcTextID": "141797",
      "srcText": "“이야, 찾았다!” 우리는 국자 그림과 글자를 찾았어. 우아! 스르륵 비밀의 문이 열렸어.",
      "srcPage": 8,
      "srcSentenceEA": 4,
      "srcWordEA": 15,
      "character": "우리,국자 그림",
      "setting": "비밀의 문",
      "action": "찾았어,열렸어",
      "feeling": null,
      "causalRelationship": null,
      "outcomeResolution": null,
      "prediction": null,
      "plotSummaryInfoCount": 1,
      "plotSummaryInfo": {
        "classification": "의사소통",
        "readAge": "유아",
        "form": "long-form",
        "plotSummaryText": "우리는 국자 그림과 글자를 찾았고, 스르륵 비밀의 문이 열렸습니다.",
        "textWordEA": 9
      }
    },
    {
      "srcTextID": "141798",
      "srcText": "그리고 묵북숙 방이 나타났지. \"이번엔 어떤 방이 나올까?\" \"와! 문이 열렸어.\"",
      "srcPage": 9,
      "srcSentenceEA": 3,
      "srcWordEA": 12,
      "character": null,
      "setting": "묵북숙 방",
      "action": "열렸어,나타났지",
      "feeling": null,
      "causalRelationship": null,
      "outcomeResolution": null,
      "prediction": "이번엔 어떤 방이 나올까",
      "plotSummaryInfoCount": 1,
      "plotSummaryInfo": {
        "classification": "의사소통",
        "readAge": "유아",
        "form": "short-form",
        "plotSummaryText": "그리고 묵북숙 방이 나타났고 이번엔 어떤 방이 나올까 궁금해하고 있는데 문이 열렸습니다.",
        "textWordEA": 12
      }
    },
    {
      "srcTextID": "141800",
      "srcText": "묵북숙 방에는 멋진 악기들이 있어. 우리는 멋진 음악가가 되어 흥겹게 연주를 했어. 그런데 어디선가 반짝!",
      "srcPage": 10,
      "srcSentenceEA": 3,
      "srcWordEA": 17,
      "character": "악기들,우리",
      "setting": "묵북숙 방",
      "action": "연주를 했어",
      "feeling": "흥겹게",
      "causalRelationship": null,
      "outcomeResolution": null,
      "prediction": null,
      "plotSummaryInfoCount": 1,
      "plotSummaryInfo": {
        "classification": "의사소통",
        "readAge": "유아",
        "form": "short-form",
        "plotSummaryText": "묵북숙 방에는 멋진 악기들이 있어서 우리는 멋진 음악가가 되어 흥겹게 연주를 했습니다.",
        "textWordEA": 12
      }
    },
    {
      "srcTextID": "141803",
      "srcText": "이번에는 욱죽축쿡 방이 나타났어. \"야호! 비밀의 문이 또 열렸어!\" \"올라가 보자!\"",
      "srcPage": 13,
      "srcSentenceEA": 3,
      "srcWordEA": 12,
      "character": null,
      "setting": "욱죽축쿡 방",
      "action": "나타났어,열렸어,올라가 보자",
      "feeling": null,
      "causalRelationship": null,
      "outcomeResolution": null,
      "prediction": null,
      "plotSummaryInfoCount": 1,
      "plotSummaryInfo": {
        "classification": "의사소통",
        "readAge": "유아",
        "form": "short-form",
        "plotSummaryText": "욱죽축쿡 방이 나타났고 비밀의 문이 또 열렸으니, 올라가 보자고 말했습니다.",
        "textWordEA": 10
      }
    },
    {
      "srcTextID": "141799",
      "srcText": "누나가 블록을 뱅그르르 돌렸지. 째깍째깍 시계 소리가 들리기 시작했어. 우리는 블록을 열심히 돌려 보았지.",
      "srcPage": 7,
      "srcSentenceEA": 3,
      "srcWordEA": 16,
      "character": "누나,블록",
      "setting": null,
      "action": "돌렸지,시작했어,돌려 보았지",
      "feeling": null,
      "causalRelationship": null,
      "outcomeResolution": null,
      "prediction": null,
      "plotSummaryInfoCount": 1,
      "plotSummaryInfo": {
        "classification": "의사소통",
        "readAge": "유아",
        "form": "short-form",
        "plotSummaryText": "누나가 블록을 뱅그르르 돌렸고 째깍째깍 시계 소리가 들리기 시작했으며 블록을 열심히 돌려 보았습니다.",
        "textWordEA": 13
      }
    },
    {
      "srcTextID": "141801",
      "srcText": "빛이 나는 커튼 뒤로 다가갔더니 게임 로봇이 문제를 내기 시작했어. “북을 찾아 북소리를 들려줘.” \"누나, 커튼 뒤에 뭐가 있어.\" \"북소리를 들려 달래.\"",
      "srcPage": 11,
      "srcSentenceEA": 4,
      "srcWordEA": 22,
      "character": "누나,북",
      "setting": "커튼 뒤",
      "action": "다가갔더니,시작했어",
      "feeling": null,
      "causalRelationship": null,
      "outcomeResolution": null,
      "prediction": null,
      "plotSummaryInfoCount": 1,
      "plotSummaryInfo": {
        "classification": "의사소통",
        "readAge": "유아",
        "form": "long-form",
        "plotSummaryText": "빛이 나는 커튼 뒤로 다가갔더니 게임 로봇이 문제를 내기 시작했고 북을 찾아 북소리를 들려주라고 했고, 누나에게 커튼 뒤에 뭐가 있다고 말했습니다.",
        "textWordEA": 21
      }
    },
    {
      "srcTextID": "141794",
      "srcText": "콩닥콩닥, 오늘은 무얼 하면서 재미있게 놀까? 첫 번째 방은 국눅둑룩 방이야. 여기 좀 봐.",
      "srcPage": 4,
      "srcSentenceEA": 3,
      "srcWordEA": 16,
      "character": null,
      "setting": "국눅둑룩 방,오늘은",
      "action": "놀까,봐",
      "feeling": null,
      "causalRelationship": null,
      "outcomeResolution": null,
      "prediction": null,
      "plotSummaryInfoCount": 1,
      "plotSummaryInfo": {
        "classification": "의사소통",
        "readAge": "유아",
        "form": "short-form",
        "plotSummaryText": "오늘은 무얼 하면서 재미있게 놀까 생각하며 첫 번째 방인 국눅둑룩 방을 보라고 했습니다.",
        "textWordEA": 13
      }
    },
    {
      "srcTextID": "141793",
      "srcText": "우리는 둘 다 재미있는 놀이를 참 좋아해. 여기는 ‘알쏭달쏭 키즈 카페’야. 정말정말 와 보고 싶었던 곳이야.",
      "srcPage": 3,
      "srcSentenceEA": 3,
      "srcWordEA": 19,
      "character": "우리",
      "setting": "키즈 카페",
      "action": "와 보고",
      "feeling": "좋아해,재미있는",
      "causalRelationship": null,
      "outcomeResolution": null,
      "prediction": null,
      "plotSummaryInfoCount": 1,
      "plotSummaryInfo": {
        "classification": "의사소통",
        "readAge": "유아",
        "form": "short-form",
        "plotSummaryText": "우리는 둘 다 재미있는 놀이를 참 좋아하고, 알쏭달쏭 키즈 카페는 정말 와 보고 싶었던 곳입니다.",
        "textWordEA": 15
      }
    },
    {
      "srcTextID": "141792",
      "srcText": "안녕? 나는 룩룩이야. 내 이름 참 특별하지? 모두들 잘 기억해 주니까 난 내 이름이 참 좋아!",
      "srcPage": 1,
      "srcSentenceEA": 3,
      "srcWordEA": 19,
      "character": "룩룩",
      "setting": null,
      "action": "기억해",
      "feeling": "좋아",
      "causalRelationship": null,
      "outcomeResolution": null,
      "prediction": null,
      "plotSummaryInfoCount": 1,
      "plotSummaryInfo": {
        "classification": "의사소통",
        "readAge": "유아",
        "form": "short-form",
        "plotSummaryText": "나는 룩룩이, 이름 참 특별하며 모두들 잘 기억해 주는 내 이름을 참 좋아합니다.",
        "textWordEA": 13
      }
    },
    {
      "srcTextID": "141796",
      "srcText": "빛이 나는 게임 로봇이 우리에게 다가오더니 문제를 내기 시작했어. “블록을 돌려서 국자 그림과 글자를 찾아 봐.” “와, 신기하다. 내가 돌려 볼게.”",
      "srcPage": 6,
      "srcSentenceEA": 4,
      "srcWordEA": 22,
      "character": "게임 로봇,블록,국자 그림",
      "setting": null,
      "action": "다가오더니,시작했어,찾아 봐,돌려 볼게",
      "feeling": "신기하다",
      "causalRelationship": null,
      "outcomeResolution": null,
      "prediction": null,
      "plotSummaryInfoCount": 1,
      "plotSummaryInfo": {
        "classification": "의사소통",
        "readAge": "유아",
        "form": "long-form",
        "plotSummaryText": "빛이 나는 게임 로봇이 우리에게 다가오더니 문제를 내기 시작했고, 블록을 돌려서 국자 그림과 글자를 찾아 봤고 신기하다며 돌려보겠다고 했습니다.",
        "textWordEA": 19
      }
    },
    {
      "srcTextID": "141807",
      "srcText": "여기 좀 봐. 골대 아래에 터널이 있어! 터널 끝에는 푹신푹신 구름이 둥둥 떠 있었어. \"우아, 멋지다! 룩룩아, 터널 아래로 내려가 볼까?\" \"쿵쾅쿵쾅, 정말 설레.\"",
      "srcPage": 16,
      "srcSentenceEA": 6,
      "srcWordEA": 27,
      "character": "룩룩,골대",
      "setting": "터널",
      "action": "내려가 볼까",
      "feeling": "멋지다,설레",
      "causalRelationship": null,
      "outcomeResolution": null,
      "prediction": null,
      "plotSummaryInfoCount": 1,
      "plotSummaryInfo": {
        "classification": "의사소통",
        "readAge": "유아",
        "form": "long-form",
        "plotSummaryText": "골대 아래에 터널이 있고 끝에는 푹신푹신 구름이 둥둥 떠 있어서, 룩룩이에게 터널 아래로 내려가 보자고 말했습니다.",
        "textWordEA": 16
      }
    },
    {
      "srcTextID": "141808",
      "srcText": "살포시 눈을 떠 보니 앗! 엄마, 아빠다! \"오늘은 최고로 신나는 날이에요.\" \"룩룩이가 신나 하니 엄마, 아빠도 즐거워.\"",
      "srcPage": 19,
      "srcSentenceEA": 4,
      "srcWordEA": 18,
      "character": "엄마,아빠,룩룩,눈",
      "setting": null,
      "action": "떠 보니",
      "feeling": "신나",
      "causalRelationship": null,
      "outcomeResolution": null,
      "prediction": null,
      "plotSummaryInfoCount": 1,
      "plotSummaryInfo": {
        "classification": "의사소통",
        "readAge": "유아",
        "form": "long-form",
        "plotSummaryText": "살포시 눈을 떠 보니 엄마, 아빠가 오셨고 룩룩이가 신나 하니 엄마, 아빠도 즐겁다고 하셨습니다.",
        "textWordEA": 14
      }
    },
    {
      "srcTextID": "141805",
      "srcText": "욱죽축쿡 방에는 축구공과 축구 골대가 있었어. 우리는 공을 툭툭 차면서 신나게 축구를 했어. 바로 그때, 게임 로봇이 다가와 문제를 냈어. “축구공 네 개를 바구니에 넣어 봐.”",
      "srcPage": 14,
      "srcSentenceEA": 4,
      "srcWordEA": 28,
      "character": "축구공,축구 골대,공,게임 로봇,바구니",
      "setting": "욱죽축쿡 방",
      "action": "차면서,축구를 했어,다가와 문제를 냈어,넣어 봐",
      "feeling": "신나게",
      "causalRelationship": null,
      "outcomeResolution": null,
      "prediction": null,
      "plotSummaryInfoCount": 1,
      "plotSummaryInfo": {
        "classification": "의사소통",
        "readAge": "유아",
        "form": "long-form",
        "plotSummaryText": "욱죽축쿡 방에는 축구공과 축구 골대가 있었고 공을 툭툭 차면서 신나게 축구를 했고 있는데, 게임 로봇이 다가와 문제를 냈습니다.",
        "textWordEA": 18
      }
    },
    {
      "srcTextID": "141802",
      "srcText": "우리는 요리조리 두리번두리번. 큰북과 작은북을 찾았어. 쿵쿵 쿵쿵쿵, 콩콩 콩콩콩! 신나게 북을 쳤더니, 스르륵 비밀의 문이 열렸어.",
      "srcPage": 12,
      "srcSentenceEA": 4,
      "srcWordEA": 20,
      "character": "우리,작은북,큰북",
      "setting": null,
      "action": "찾았어,쳤더니,열렸어",
      "feeling": "신나게",
      "causalRelationship": null,
      "outcomeResolution": null,
      "prediction": null,
      "plotSummaryInfoCount": 1,
      "plotSummaryInfo": {
        "classification": "의사소통",
        "readAge": "유아",
        "form": "long-form",
        "plotSummaryText": "우리는 요리조리 두리번두리번 큰북과 작은북을 찾았고 신나게 북을 쳤더니, 스르륵 비밀의 문이 열렸습니다.",
        "textWordEA": 13
      }
    },
    {
      "srcTextID": "141806",
      "srcText": "누나가 먼저 훅 뛰어들었어. 나도 뒤따라 씩씩하게 훅 뛰어들었지. 터널 아래로 내려가면 어떤 방이 있을까? 두근두근 쿵쾅쿵쾅! 무척 설레었어.",
      "srcPage": 17,
      "srcSentenceEA": 5,
      "srcWordEA": 23,
      "character": "누나",
      "setting": null,
      "action": "뛰어들었어,씩씩하게",
      "feeling": "설레었어",
      "causalRelationship": null,
      "outcomeResolution": null,
      "prediction": null,
      "plotSummaryInfoCount": 1,
      "plotSummaryInfo": {
        "classification": "의사소통",
        "readAge": "유아",
        "form": "long-form",
        "plotSummaryText": "누나가 먼저 훅 뛰어들었고 나도 뒤따라 씩씩하게 훅 뛰어들었으며, 터널 아래로 내려가면 어떤 방이 있을지 설레었습니다.",
        "textWordEA": 16
      }
    },
    {
      "srcTextID": "141809",
      "srcText": "주르륵 꿍! 어? 여기는 어디지? 푹신푹신 포근포근. 꼭 구름 동산에 온 기분이야.",
      "srcPage": 18,
      "srcSentenceEA": 5,
      "srcWordEA": 16,
      "character": "구름 동산",
      "setting": null,
      "action": "온",
      "feeling": null,
      "causalRelationship": null,
      "outcomeResolution": null,
      "prediction": "여기는 어디지?",
      "plotSummaryInfoCount": 1,
      "plotSummaryInfo": {
        "classification": "의사소통",
        "readAge": "유아",
        "form": "long-form",
        "plotSummaryText": "여기는 어디일지 궁금해하며 푹신푹신 포근포근 꼭 구름 동산에 온 기분이었습니다.",
        "textWordEA": 10
      }
    }
  ]
}