{
  "title": "공주님의 진짜 노란색 찾기",
  "author": "조정옥",
  "illustrator": "변선영",
  "isbn": "9788961916110",
  "publishedYear": 2011,
  "publisher": "한얼교육",
  "paragraphInfoCount": 16,
  "paragraphInfo": [
    {
      "srcTextID": "125993",
      "srcText": "옛날 어느 왕국에 초록색을 좋아하는 왕비가 살았어요. 어느 날, 왕비는 어여쁜 공주를 낳았어요. 그런데 공주는 태어나면서부터 노란색을 좋아했어요.",
      "srcPage": 1,
      "srcSentenceEA": 3,
      "srcWordEA": 20,
      "character": "왕비,공주",
      "setting": "옛날,어느 왕국,어느 날",
      "action": "살았어요,낳았어요,태어나면서부터",
      "feeling": "좋아하는,좋아했어요",
      "causalRelationship": null,
      "outcomeResolution": null,
      "prediction": null,
      "plotSummaryInfoCount": 1,
      "plotSummaryInfo": {
        "classification": "의사소통",
        "readAge": "유아",
        "form": "short-form",
        "plotSummaryText": "옛날 어느 왕국에 초록색을 좋아하는 왕비가 공주를 낳았는데, 그 공주는 태어나면서부터 노란색을 좋아했어요.",
        "textWordEA": 13
      }
    },
    {
      "srcTextID": "125995",
      "srcText": "공주는 노란 벽지를 바른 방에서 노란 옷을 입고 지냈어요. 잠도 노란 침대에서 잤고, 노란 식탁에 앉아 밥을 먹었지요. 온통 노란색 속에 파묻혀 살았지만, 공주는 항상 이렇게 투덜거렸어요.",
      "srcPage": 2,
      "srcSentenceEA": 3,
      "srcWordEA": 29,
      "character": "공주,노란 벽지,노란 옷,노란 침대,노란 식탁,밥",
      "setting": "방",
      "action": "입고,지냈어요,잤고,앉아,먹었지요,파묻혀 살았지만,투덜거렸어요",
      "feeling": null,
      "causalRelationship": null,
      "outcomeResolution": null,
      "prediction": null,
      "plotSummaryInfoCount": 1,
      "plotSummaryInfo": {
        "classification": "의사소통",
        "readAge": "유아",
        "form": "short-form",
        "plotSummaryText": "공주는 노란 벽지의 방에서 노란 옷을 입고 지내며 노란 침대에서 잤고 노란 식탁에 앉아 밥을 먹는 등 온통 노란색에 파묻혀 살았지만, 항상 투덜거렸어요.",
        "textWordEA": 23
      }
    },
    {
      "srcTextID": "125994",
      "srcText": "\"난 진짜 노란색을 보고 싶어.\" 그러자 신하가 말했어요. \"공주님이 신고 있는 구두야말로 가장 진한 노란색이에요.\"",
      "srcPage": 3,
      "srcSentenceEA": 3,
      "srcWordEA": 16,
      "character": "신하,공주님,구두",
      "setting": null,
      "action": "말했어요,신고 있는",
      "feeling": "보고 싶어",
      "causalRelationship": null,
      "outcomeResolution": null,
      "prediction": null,
      "plotSummaryInfoCount": 1,
      "plotSummaryInfo": {
        "classification": "의사소통",
        "readAge": "유아",
        "form": "short-form",
        "plotSummaryText": "진짜 노란색이 보고 싶다고 하자 신하는 공주님이 신고 있는 구두야말로 가장 진한 노란색이라고 말했어요.",
        "textWordEA": 14
      }
    },
    {
      "srcTextID": "125996",
      "srcText": "\"공주님, 진짜 노란색을 볼 수 있는 햇빛마을로 가려면 공주님의 새끼손가락에서 나오는 피 세 방울이 필요하답니다. 그래도 괜찮겠어요?\" \"진짜 노란색을 볼 수만 있다면 상관없어.\" 공주는 결의에 찬 표정으로 대답했어요.",
      "srcPage": 5,
      "srcSentenceEA": 4,
      "srcWordEA": 30,
      "character": "공주,새끼손가락",
      "setting": "햇빛마을",
      "action": "대답했어요",
      "feeling": null,
      "causalRelationship": null,
      "outcomeResolution": null,
      "prediction": null,
      "plotSummaryInfoCount": 1,
      "plotSummaryInfo": {
        "classification": "의사소통",
        "readAge": "유아",
        "form": "long-form",
        "plotSummaryText": "진짜 노란색을 볼 수 있는 햇빛마을로 가려면 공주님의 새끼손가락에서 나오는 피 세 방울이 필요하다는 말에 공주는 진짜 노란색을 볼 수 있다면 상관없다고 대답했어요.",
        "textWordEA": 23
      }
    },
    {
      "srcTextID": "125998",
      "srcText": "\"공주님, 어디 가세요?\" 초록뱀이 물었어요. \"햇빛마을로 간단다.\" \"그럼 저쪽 길로 가시면 돼요.\" 초록뱀은 꼬불꼬불한 길을 가리켰어요.",
      "srcPage": 7,
      "srcSentenceEA": 5,
      "srcWordEA": 18,
      "character": "공주,초록뱀",
      "setting": "햇빛마을,꼬불꼬불한 길",
      "action": "물었어요,간단다,가리켰어요",
      "feeling": null,
      "causalRelationship": null,
      "outcomeResolution": null,
      "prediction": null,
      "plotSummaryInfoCount": 1,
      "plotSummaryInfo": {
        "classification": "의사소통",
        "readAge": "유아",
        "form": "long-form",
        "plotSummaryText": "초록뱀은 공주님에게 어디 가냐고 물었고, 햇빛마을로 간다고 하니 저쪽 길로 가면 된다며 꼬불꼬불한 길을 가리켰어요.",
        "textWordEA": 15
      }
    },
    {
      "srcTextID": "126004",
      "srcText": "얼마 후, 공주는 맑은 개울을 발견했어요. 진짜 노란색을 찾아다니느라 피곤했던 공주는 시원한 개울물로 얼굴을 깨끗이 씻었어요. 그러자 뾰족산에 걸쳐 있는 무지개다리가 보였어요.",
      "srcPage": 12,
      "srcSentenceEA": 3,
      "srcWordEA": 24,
      "character": "공주,개울물,얼굴,무지개다리",
      "setting": "얼마 후,개울,뾰족산",
      "action": "발견했어요,씻었어요,보였어요",
      "feeling": null,
      "causalRelationship": null,
      "outcomeResolution": null,
      "prediction": null,
      "plotSummaryInfoCount": 1,
      "plotSummaryInfo": {
        "classification": "의사소통",
        "readAge": "유아",
        "form": "short-form",
        "plotSummaryText": "얼마 후, 맑은 개울을 발견한 공주는 진짜 노란색을 찾아다니느라 피곤해서 시원한 개울물로 얼굴을 씻자, 뾰족산에 걸쳐 있는 무지개다리가 보였어요.",
        "textWordEA": 19
      }
    },
    {
      "srcTextID": "126005",
      "srcText": "\"아, 정말 진한 노란색이로구나.\" 공주는 노란색을 잡기 위해 손을 뻗었어요. 그러자 노란빛이 흘러 나와 공주의 손을 노랗게 물들였어요.",
      "srcPage": 14,
      "srcSentenceEA": 3,
      "srcWordEA": 20,
      "character": "공주,손",
      "setting": null,
      "action": "뻗었어요",
      "feeling": null,
      "causalRelationship": null,
      "outcomeResolution": "그러자 노란빛이 흘러 나와 공주의 손을 노랗게 물들였어요.",
      "prediction": null,
      "plotSummaryInfoCount": 1,
      "plotSummaryInfo": {
        "classification": "의사소통",
        "readAge": "유아",
        "form": "short-form",
        "plotSummaryText": "공주가 노란색을 잡기 위해 손을 뻗자, 노란빛이 흘러 나와 공주의 손을 노랗게 물들였어요.",
        "textWordEA": 13
      }
    },
    {
      "srcTextID": "126000",
      "srcText": "꼬불꼬불한 길이 끝나자, 이번에는 사슴이 나타났어요. \"공주님, 어디 가세요?\" \"햇빛마을로 간단다.\" \"그럼 저곳으로 올라가시면 돼요.\" 사슴은 뾰족 계곡을 가리키며 말했어요.",
      "srcPage": 8,
      "srcSentenceEA": 5,
      "srcWordEA": 21,
      "character": "사슴,공주,햇빛마을",
      "setting": "꼬불꼬불한 길,뾰족 계곡",
      "action": "나타났어요,간단다,가리키며,말했어요",
      "feeling": null,
      "causalRelationship": null,
      "outcomeResolution": null,
      "prediction": null,
      "plotSummaryInfoCount": 1,
      "plotSummaryInfo": {
        "classification": "의사소통",
        "readAge": "유아",
        "form": "long-form",
        "plotSummaryText": "꼬불꼬불한 길이 끝나자, 이번에는 사슴이 나타나서 공주님에게 어디 가느냐고 물었고, 햇빛마을로 간다고 하니 뾰족 계곡을 가리키며 저곳으로 가면 된다고 말했어요.",
        "textWordEA": 20
      }
    },
    {
      "srcTextID": "126001",
      "srcText": "사슴이 가르쳐 준 뾰족 계곡 꼭대기로 올라간 공주는 하늘을 향해 나 있는 구멍 하나를 발견했어요. \"구멍을 발견하면 노란 요정이 빨간 장미 가시로 내 새끼손가락을 찌르라고 했지?\" 공주는 꿈 속에서 노란 요정이 했던 말을 떠올리며 빨간 장미 가시로 새끼손가락을 찔렀어요. 공주의 피 세 방울이 떨어지자 하늘 구멍에서 사다리가 내려왔어요.",
      "srcPage": 9,
      "srcSentenceEA": 4,
      "srcWordEA": 50,
      "character": "사슴,공주,노란 요정,빨간 장미,가시,새끼손가락,사다리",
      "setting": "뾰족 계곡 꼭대기,하늘 구멍",
      "action": "올라간,발견했어요,떠올리며,찔렀어요,떨어지자,내려왔어요",
      "feeling": null,
      "causalRelationship": null,
      "outcomeResolution": null,
      "prediction": null,
      "plotSummaryInfoCount": 1,
      "plotSummaryInfo": {
        "classification": "의사소통",
        "readAge": "유아",
        "form": "long-form",
        "plotSummaryText": "뾰족 계곡 꼭대기로 올라간 공주는 하늘을 향해 나 있는 구멍 하나를 발견했고, 노란 요정이 일러준 대로 빨간 장미 가시로 새끼손가락을 찔렀고 피 세 방울이 떨어지자, 하늘 구멍에서 사다리가 내려왔어요.",
        "textWordEA": 29
      }
    },
    {
      "srcTextID": "126003",
      "srcText": "마을의 물건들은 세상 물건들과 비슷했지만, 그것들보다 더 아름답고 완벽했어요. 그래서 마치 처음 보는 것 같은 느낌이 들었어요. 공주는 사흘 밤낮 동안 뾰족산 주위를 맴돌면서 진짜 노란색을 찾아보았어요.",
      "srcPage": 11,
      "srcSentenceEA": 3,
      "srcWordEA": 29,
      "character": "물건들,공주",
      "setting": "마을,사흘 밤낮 동안,뾰족산",
      "action": "맴돌면서,찾아보았어요",
      "feeling": "처음 보는 것 같은 느낌이 들었어요",
      "causalRelationship": null,
      "outcomeResolution": null,
      "prediction": null,
      "plotSummaryInfoCount": 1,
      "plotSummaryInfo": {
        "classification": "의사소통",
        "readAge": "유아",
        "form": "short-form",
        "plotSummaryText": "마을의 물건들은 마치 처음 보는 것처럼 아름답고 완벽했고, 공주는 사흘 밤낮 동안 뾰족산 주위를 맴돌면서 진짜 노란색을 찾아보았어요.",
        "textWordEA": 18
      }
    },
    {
      "srcTextID": "126006",
      "srcText": "공주가 무지개다리를 건너자 찬란한 색들이 나타났어요. 노란색은 색들 가운데 세 번째 자리에 놓여 있었어요. 그 노란색은 아주 아름답고 진한 색이었어요.",
      "srcPage": 13,
      "srcSentenceEA": 3,
      "srcWordEA": 22,
      "character": "공주,무지개다리",
      "setting": "세 번째 자리",
      "action": "건너자,나타났어요",
      "feeling": "아름답고",
      "causalRelationship": null,
      "outcomeResolution": null,
      "prediction": null,
      "plotSummaryInfoCount": 1,
      "plotSummaryInfo": {
        "classification": "의사소통",
        "readAge": "유아",
        "form": "short-form",
        "plotSummaryText": "공주가 무지개다리를 건너자 찬란한 색들이 나타났고, 세 번째 자리에 놓인 노란색은 아주 아름답고 진한 색이었어요.",
        "textWordEA": 15
      }
    },
    {
      "srcTextID": "125997",
      "srcText": "하지만 공주는 뾰로통한 표정으로 말했어요. \"어딘가에 분명히 내 구두보다 더 진한 노란색이 있을 거야.\" 어느 날, 노란 침대에서 잠을 자던 공주가 노란색 꿈을 꾸고 있을 때 노란 요정이 나타나서 말했어요.",
      "srcPage": 4,
      "srcSentenceEA": 3,
      "srcWordEA": 31,
      "character": "공주,구두,노란 침대,노란 요정",
      "setting": "어느 날,노란색 꿈을 꾸고 있을 때",
      "action": "말했어요,자던,나타나서",
      "feeling": null,
      "causalRelationship": null,
      "outcomeResolution": null,
      "prediction": null,
      "plotSummaryInfoCount": 1,
      "plotSummaryInfo": {
        "classification": "의사소통",
        "readAge": "유아",
        "form": "short-form",
        "plotSummaryText": "공주는 자기 구두보다 더 진한 노란색이 있을 거라고 말했는데 어느 날, 잠을 자던 공주가 노란색 꿈을 꾸고 있을 때 노란 요정이 나타나서 말했어요.",
        "textWordEA": 23
      }
    },
    {
      "srcTextID": "126002",
      "srcText": "공주는 사다리를 타고 하늘 위로 올라갔어요. 그곳에는 노란 태양이 아주 밝게 빛나고 있었어요. \"아, 눈 부셔!\" 잠시 후, 주위를 살펴보니 밝은 빛으로 된 큰 뾰족산과 마을이 보였어요.",
      "srcPage": 10,
      "srcSentenceEA": 4,
      "srcWordEA": 29,
      "character": "공주,사다리,노란 태양,뾰족산,마을",
      "setting": "하늘 위,잠시 후",
      "action": "타고,올라갔어요,살펴보니,보였어요",
      "feeling": null,
      "causalRelationship": null,
      "outcomeResolution": null,
      "prediction": null,
      "plotSummaryInfoCount": 1,
      "plotSummaryInfo": {
        "classification": "의사소통",
        "readAge": "유아",
        "form": "long-form",
        "plotSummaryText": "공주가 사다리를 타고 하늘 위로 올라갔더니 노란 태양이 밝게 빛나고 있었고, 주위를 살펴보니 밝은 빛으로 된 뾰족산과 마을이 보였어요.",
        "textWordEA": 19
      }
    },
    {
      "srcTextID": "126008",
      "srcText": "얼마 후, 공주는 궁전으로 돌아왔어요. 공주의 노란 손을 본 사람들은 깜짝 놀랐어요. \"공주님 손에 묻은 노란색은 이 세상의 노란색하고는 다르네.\"",
      "srcPage": 15,
      "srcSentenceEA": 3,
      "srcWordEA": 21,
      "character": "공주,노란 손,사람들,손",
      "setting": "얼마 후,궁전",
      "action": "돌아왔어요,본",
      "feeling": "깜짝 놀랐어요",
      "causalRelationship": null,
      "outcomeResolution": null,
      "prediction": null,
      "plotSummaryInfoCount": 1,
      "plotSummaryInfo": {
        "classification": "의사소통",
        "readAge": "유아",
        "form": "short-form",
        "plotSummaryText": "얼마 후 궁전으로 돌아온 공주의 노란 손을 본 사람들은 이 세상의 노란색과는 다르다며 깜짝 놀랐어요.",
        "textWordEA": 15
      }
    },
    {
      "srcTextID": "126007",
      "srcText": "\"그러게 말이야. 저게 정말 노란색인가 봐.\" 그때 누군가 조그만 목소리로 중얼거렸어요. \"그럼 진짜 빨간색은 어떤 느낌일까?\"",
      "srcPage": 16,
      "srcSentenceEA": 4,
      "srcWordEA": 18,
      "character": null,
      "setting": "그때",
      "action": "중얼거렸어요",
      "feeling": null,
      "causalRelationship": null,
      "outcomeResolution": null,
      "prediction": "그럼 진짜 빨간색은 어떤 느낌일까?",
      "plotSummaryInfoCount": 1,
      "plotSummaryInfo": {
        "classification": "의사소통",
        "readAge": "유아",
        "form": "long-form",
        "plotSummaryText": "저게 진짜 노란색인가 봐 하던 그때 누군가 조그만 목소리로 그럼 진짜 빨간색은 어떤 느낌일까 하며 중얼거렸어요.",
        "textWordEA": 16
      }
    },
    {
      "srcTextID": "125999",
      "srcText": "다음 날, 공주는 몰래 궁전을 빠져 나왔어요. 그러고는 노란 요정이 가르쳐 준 대로 빨간 장미가 가득 핀 높은 숲길로 올라갔어요. 공주가 한참 숲길을 따라 걸어가는데, 갑자기 초록뱀이 나타났어요.",
      "srcPage": 6,
      "srcSentenceEA": 3,
      "srcWordEA": 30,
      "character": "공주,노란 요정,빨간 장미,초록뱀",
      "setting": "다음 날,궁전,숲길",
      "action": "빠져 나왔어요,올라갔어요,걸어가는데,나타났어요",
      "feeling": null,
      "causalRelationship": null,
      "outcomeResolution": null,
      "prediction": null,
      "plotSummaryInfoCount": 1,
      "plotSummaryInfo": {
        "classification": "의사소통",
        "readAge": "유아",
        "form": "short-form",
        "plotSummaryText": "다음 날 몰래 궁전을 빠져나온 공주는 노란 요정이 가르쳐 준 대로 빨간 장미가 가득 핀 숲길을 걸어가는데, 갑자기 초록뱀이 나타났어요.",
        "textWordEA": 20
      }
    }
  ]
}