{
  "title": "서둘러 발명 박사와 자동차",
  "author": "김복희",
  "illustrator": "김미규",
  "isbn": "9791186298046",
  "readAge": "유아",
  "publishedYear": 2015,
  "publisher": "꼬마대통령",
  "classification": "자연탐구",
  "paragraphInfoCount": 28,
  "paragraphInfo": [
    {
      "srcTextID": "95073",
      "srcText": "서둘러 아저씨는 삐삐와 자전거를 타고 거리로 나왔어요. \"랄라라 나는야 서둘러 발명 박사. 이층 자전거 쌩쌩을 타고 어디든 간다네. 이리저리 쌩쌩, 요리조리 쌩쌩.\"",
      "srcPage": 4,
      "srcSentenceEA": 4,
      "srcWordEA": 24
    },
    {
      "srcTextID": "95072",
      "srcText": "그런데 자동차들이 지나갈 때마다 자전거가 기우뚱거렸어요. \"아이코, 내 자전거! 이러다가 쓰러지겠어.\"",
      "srcPage": 5,
      "srcSentenceEA": 3,
      "srcWordEA": 12
    },
    {
      "srcTextID": "95123",
      "srcText": "1885년 독일의 기술자 카를 벹츠가 최초의 가솔린 자동차를 발명했어요. 같은 해에 고트리프 다음러도 가솔린 자동차를 발명했어요. 하루는 벤츠의 아내와 아이들이 이 자동차를 타고 외가로 갔어요.",
      "srcPage": 18,
      "srcSentenceEA": 3,
      "srcWordEA": 27
    },
    {
      "srcTextID": "95142",
      "srcText": "포트 모델T(1923년) 20세기 초 세계 자동차 시장을 독점했어요. 힐만 스트레이트 8(1926년) 나무로 만들었으며 전 세계에 몇 대뿐인 자동차에요. MG TD(1948년) 많은 사람들의 인기를 얻은 초기 스포츠카에요.",
      "srcPage": 24,
      "srcSentenceEA": 3,
      "srcWordEA": 28
    },
    {
      "srcTextID": "95141",
      "srcText": "삐삐가 아저씨 옆을 뱅글뱅글 맴돌며 말했어요. \"이제 시작해 볼까? 이제 시작해 볼까?\"",
      "srcPage": 27,
      "srcSentenceEA": 3,
      "srcWordEA": 13
    },
    {
      "srcTextID": "95145",
      "srcText": "서둘러 아저씨는 연료도 비싸지 않고 매연도 없는 친환경 자동차를 만들기 시작했어요. \"랄라라 나는야 서둘러 발명 박사. 무엇이든 뚝딱뚝딱 만든다네.\" 오늘도 아저씨의 흥겨운 노랫소리가 집 안 가득 퍼져 나갔어요.",
      "srcPage": 28,
      "srcSentenceEA": 4,
      "srcWordEA": 30
    },
    {
      "srcTextID": "95125",
      "srcText": "엔진이 막히자 벤츠의 아내는 핀으로 수리를 하면서 계속 자동차를 운전했어요. 연료가 떨어지면 약국에서 사서 넣었지요. 당시에는 가솔린을 약국에서 팔았어요. 다행히 벤츠의 아내는 아이들과 함께 무사히 외가에 도착했어요. 외할머니는 얼굴과 옷에 검댕이 묻은 세 사람을 보고 깜짝 놀랐어요.",
      "srcPage": 20,
      "srcSentenceEA": 5,
      "srcWordEA": 41
    },
    {
      "srcTextID": "95110",
      "srcText": "시계가 멈추었네? 아앗! 태엽을 이용해서 말 없이도 마차를 움직이게 하는거야. 그런데 태엽을 계속 감아야 하니까 불편하겠는걸! 맞아 그거야!",
      "srcPage": 9,
      "srcSentenceEA": 5,
      "srcWordEA": 22
    },
    {
      "srcTextID": "95112",
      "srcText": "\"획획, 바람을 이용한 자동차도 있었구나! 마치 땅 위를 달리는 배 같지 않니, 삐삐야?\" 대답 대신 삐삐는 아저씨 말을 흉내 냈어요. \"달리는 배, 달리는 배.\"",
      "srcPage": 12,
      "srcSentenceEA": 4,
      "srcWordEA": 26
    },
    {
      "srcTextID": "95039",
      "srcText": "\"삐삐야, 이층 자전거 쌩썡이야. 어때, 멋지지?\" 앵무새 삐삐가 신이 나서 날개를 파닥거렸어요.",
      "srcPage": 3,
      "srcSentenceEA": 3,
      "srcWordEA": 14
    },
    {
      "srcTextID": "95103",
      "srcText": "앗, 맷돼지다. 워워 아무리 겁이 많아도 맷돼지에 놀라다니. 쯧쯧. 이랴, 어서 가야지, 이랴! 냠냠 풀 좀 먹고요. 아이 시원하다. 아이코, 냄새야. 물 좀 마시고 가요! 그래. 목이나 축이고 가자.",
      "srcPage": 7,
      "srcSentenceEA": 10,
      "srcWordEA": 38
    },
    {
      "srcTextID": "95083",
      "srcText": "집으로 돌아온 아저씨는 다시 연구를 했어요. \"랄라라 나는야 서둘러 발명 박사. 무엇이든 뚝딱뚝딱 만든다네. 자전거보다 안전한 자동차를 만들 거라네.\" 아저씨는 자동차 책을 모두 꺼내 읽었어요.",
      "srcPage": 6,
      "srcSentenceEA": 5,
      "srcWordEA": 28
    },
    {
      "srcTextID": "95102",
      "srcText": "\"자동차는 뭐니 뭐니 해도 바퀴가 중요해, 그렇지 삐삐야? 바퀴가 튼튼하면 자동차도 안전해.\" 삐삐가 파닥파닥 날갯짓을 했어요. \"삐삐야, 그런데 자동차가 나오기 전에 탔던 마차는 너무 불편해 보이지?\" 아저씨가 마차를 가리키며 얼굴을 찡그렸어요.",
      "srcPage": 8,
      "srcSentenceEA": 5,
      "srcWordEA": 34
    },
    {
      "srcTextID": "95111",
      "srcText": "책을 읽던 아저씨가 심각한 표정을 지었어요. \"레오나르도 다빈치도 자동차를 발명했어! 벽시계의 태엽을 감다가 태엽 자동차를 생각해 내다니. 역시 레오나르도 다빈치는 대단해.\"",
      "srcPage": 10,
      "srcSentenceEA": 4,
      "srcWordEA": 23
    },
    {
      "srcTextID": "95113",
      "srcText": "정말 말이 없는데도 움직이잖아? 바람이 불지 않을 땐 어떻게 움직이지? 바람이 부는 반대 방향으로는 갈 수가 없겠어!",
      "srcPage": 11,
      "srcSentenceEA": 3,
      "srcWordEA": 19
    },
    {
      "srcTextID": "95118",
      "srcText": "앗, 내리막길이야. 이 차에는 브레이크가 없는데 어떻게 하지? 15분마다 보일러에 물을 넣어야 해. 휴, 마차보다 더 불편한 것 같아. 자동차 앞부분이 무거워서 방향을 바꾸기가 어려워. 이렇게 느린 자동차를 타느니 차라리 걷는 게 빠르겠어!",
      "srcPage": 13,
      "srcSentenceEA": 6,
      "srcWordEA": 38
    },
    {
      "srcTextID": "95117",
      "srcText": "\"삐삐야, 이건 최초의 증기 자동차야. 이 증기 자동차를 시작으로 더욱 다양한 자동차들이 나오게 되었단다.\" 아저씨가 삐삐를 쓰다듬으며 말했어요.",
      "srcPage": 14,
      "srcSentenceEA": 3,
      "srcWordEA": 20
    },
    {
      "srcTextID": "95119",
      "srcText": "\"여기 봐. 영국의 리처드 트레비식도 증기 자동차를 만들었어. 하지만 아직도 증기 자동차는 너무 무겁고 느렸어.\"",
      "srcPage": 16,
      "srcSentenceEA": 3,
      "srcWordEA": 17
    },
    {
      "srcTextID": "95121",
      "srcText": "삐삐는 날개를 파악이며 아저씨 말을 따라 했어요. \"무겁고 느렸어. 무겁고 느렸어.\"",
      "srcPage": 17,
      "srcSentenceEA": 3,
      "srcWordEA": 12
    },
    {
      "srcTextID": "95122",
      "srcText": "\"삐삐야, 최초로 가솔린 자동차를 만든 사람은 벤츠와 다임러야. 그리고 다임러는 자동차용 가솔린 엔진도 개발했어. 이 두사람을 자동차의 아버지라고 부른단다. 용기 있게 최초의 가솔린 자동차를 운전한 벤츠의 아내, 베르타 벤츠는 자동차의 어머니라고 하지.\"",
      "srcPage": 21,
      "srcSentenceEA": 4,
      "srcWordEA": 35
    },
    {
      "srcTextID": "95128",
      "srcText": "더 싸고 더 빠른 자동차를 만들어야지. \"여기 좀 봐. 이 자동차가 바로 헨리 포드가 개발한 자동차, 포드 모델T야.\" 삐삐가 아저씨 옆으로 포르르 날아왔어요. \"포드 모델T가 많이 만들어져 가격이 내리자 많은 사람들이 자동차를 탈 수 있게 되었단다.\"",
      "srcPage": 22,
      "srcSentenceEA": 5,
      "srcWordEA": 38
    },
    {
      "srcTextID": "95140",
      "srcText": "벤츠 300SL(1954년) 자동차의 양쪽 문을 갈매기의 날개처럼 위쪽으로 접어 올릴 수 있어요. 케딜락 엘도라도(1963년) 차의 뒷모습이 날렵한 비행기의 꼬리 날개를 닮았어요. 링컨 콘티넨탈(1976년) 70년대 만들어진 고급 자동차에요.",
      "srcPage": 25,
      "srcSentenceEA": 3,
      "srcWordEA": 29
    },
    {
      "srcTextID": "95037",
      "srcText": "\"랄라라 나는야 서둘러 발명 박사. 무엇이든 뚝딱뚝딱 만든다네.\" 아저씨의 노랫소리가 집 안 가득 울려 퍼져요. 발명을 좋아하는 아저씨는 흉내쟁이 앵무새 삐삐와 함께 살아요. 삐삐는 아저씨의 귀여운 말동무에요.",
      "srcPage": 1,
      "srcSentenceEA": 5,
      "srcWordEA": 31
    },
    {
      "srcTextID": "95038",
      "srcText": "\"랄라라 나는야 서둘러 발명 박사. 뚝딱뚝딱 자전거를 만든다네.\" 드디어 이층 자전거가 완성되었어요.",
      "srcPage": 2,
      "srcSentenceEA": 3,
      "srcWordEA": 14
    },
    {
      "srcTextID": "95120",
      "srcText": "리처드 트레비식은 지름이 3미터 남짓한 큰 바퀴를 가진 자동차에 친구들을 태우고 시속 13킬로미터의 속도로 달리는 데 성공했습니다. 리처드 트레비식이 시험 운전을 하기 위해 친구들을 태우고 시냇물을 건너던 중 자동차가 뒤집어졌습니다. 사람들을 불러 차를 일으켜 세우는 데 성공했으나 보일러에 남아 있던 불씨가 나무로 만든 차에 옮겨붙어 모두 타 버리고 말았습니다.",
      "srcPage": 15,
      "srcSentenceEA": 3,
      "srcWordEA": 51
    },
    {
      "srcTextID": "95124",
      "srcText": "사람들은 처음 보는 자동차를 무척 신기하게 생각했지요. 그런데 오르막길에서 차가 움직이지 않았어요. 결국 아이들이 차를 밀어야 했어요.",
      "srcPage": 19,
      "srcSentenceEA": 3,
      "srcWordEA": 19
    },
    {
      "srcTextID": "95139",
      "srcText": "롤스로이스 실버고스트(1912년) 소리 없이 달리는 모습이 '은빛 유령' 같다고 해서 실버고스트라 불려요, 닷지 4(1918년) 닷지 형제가 개발한 자동차로 이들은 이후에 트럭도 만들었어요. 로드 투어러(1921년) 농민들이 농사에 이용할 수 있도록 만든 자동차에요.",
      "srcPage": 23,
      "srcSentenceEA": 4,
      "srcWordEA": 33
    },
    {
      "srcTextID": "95138",
      "srcText": "\"이야, 내가 만들고 싶은 자동차들이 여기 다 모여 있네! 정말 멋지지? 이보다 더 멋진 자동차를 만들고 싶은데, 이제 시작해 볼까?\"",
      "srcPage": 26,
      "srcSentenceEA": 3,
      "srcWordEA": 22
    }
  ]
}