{
  "title": "천사 같은 공무(공무원)",
  "author": "이세희",
  "illustrator": "김정연",
  "isbn": "9788968736773",
  "readAge": "유아",
  "publishedYear": 2020,
  "publisher": "키움북스",
  "classification": "자연탐구",
  "paragraphInfoCount": 18,
  "paragraphInfo": [
    {
      "srcTextID": "108328",
      "srcText": "\"내 예쁜 코가 깨진 것 좀 봐요! 공원 가로등이 없어서 밤에 운동할 때마다 넘어져요!\" \"아주머니 차근차근 말씀해 보세요.\" 주민센터의 누나가 천사 같은 미소로 화가 난 아줌마를 도와줘요.",
      "srcPage": 5,
      "srcSentenceEA": 4,
      "srcWordEA": 29
    },
    {
      "srcTextID": "108347",
      "srcText": "\"안녕하세요. 박이순 누나! 저예요, 제이.\" \"주민센터에서 일하는 내 쌍둥이 언니를 만났구나. 나는 시청에서 우리 시의 사람들이 문화행사를 즐길 수 있도록 돕는 박삼순이야.\" 삼순 누나 역시 윙크를 찡긋해요. 나 역시 또 얼굴이 빨개졌어요.",
      "srcPage": 8,
      "srcSentenceEA": 6,
      "srcWordEA": 37
    },
    {
      "srcTextID": "108358",
      "srcText": "어떤 능력이 필요한가요? 공무원은 업무를 잘 수행하기 위해서 행정에 관련되는 모든 법령을 이해하고 적용할 수 있는 사무 능력과 언어 전달 능력이 요구돼요. 국민을 위한 봉사자로서 공공의 이익을 실현하고 공무수행 과정에서 올바르게 실천해 나갈 수 있는 직업윤리 의식도 필요하죠. 관습이나 사회에 흥미가 있는 사람들에게 유리하답니다.",
      "srcPage": 14,
      "srcSentenceEA": 4,
      "srcWordEA": 47
    },
    {
      "srcTextID": "108355",
      "srcText": "딩동 \"안녕하세요. 생활에 불편하신 점은 없는지 조사하러 나온 공무원 박사순입니다.\" 엄마와 나는 마주 보고 웃으며 서로 고개를 끄덕였죠. 천사를 닮은 네쌍둥이 누나들. 하는 일은 모두 다르지만, 우리나라와 지역을 위해 일하는 멋진 공무원이에요. \"나도 커서 훌륭한 공무원이 될 거예요!\"",
      "srcPage": 12,
      "srcSentenceEA": 5,
      "srcWordEA": 42
    },
    {
      "srcTextID": "108361",
      "srcText": "주의해야 할 것은? 공무원이란 직업은 안정적이지만 다르게 보면 관습적일 수도 있고, 상대적으로 책임감을 많이 지녀야 해요. 그러므로 자기 적성과 잘 맞는지를 꼼꼼히 생각해 보아야 해요. 많은 시간을 들여서 천천히 생각해 보아야겠죠?",
      "srcPage": 18,
      "srcSentenceEA": 4,
      "srcWordEA": 34
    },
    {
      "srcTextID": "108356",
      "srcText": "경력직공무원은 실적과 자격에 따라 임용되고 신분이 보장되는 보통의 공무원을 말하며, 경력직공무원은 다시 일반직 공무원과 특정직공무원으로 나뉘죠. 특정직공무원은 특수분야의 업무를 담당하는 공무원으로 법관, 검사, 외무공무원, 경찰공무원, 소방공무원, 교육공무원, 군인, 군무원, 국가정보원 직원 등이 있어요. 일반직공무원은 기술 연구 또는 행정 일반에 대한 업무를 담당하는 공무원으로 행정공무원, 교정 공무원이 여기에 속해요. 특수경력직공무원은 경력직공무원 이외의 공무원을 말해요. 다시 선거나 국회의 동의를 거쳐 임명되는 정무직공무원과, 정치와 관련된 사무를 보는 공무원인 별정직공무원으로 나눠요.",
      "srcPage": 15,
      "srcSentenceEA": 5,
      "srcWordEA": 71
    },
    {
      "srcTextID": "108360",
      "srcText": "일하면서 힘들 때는 언제일까요? 많은 사람을 상대하는 일이기 때문에 힘이 들고, 까다로운 민원을 상대할 땐 더욱 긴장된대요. 간혹 오해로 인해 무작정 화를 내는 사람이 있기도 하지요. 그럴 때는 그런 사람을 달래고 설명하는 것에 많은 시간과 감정을 쏟아야 합니다.",
      "srcPage": 17,
      "srcSentenceEA": 4,
      "srcWordEA": 41
    },
    {
      "srcTextID": "108325",
      "srcText": "구청에서 아랫집에 새로 이사 온 분들을 만났어요. 구청 누나가 천사 같은 목소리로 그분들을 도와줘요. 누나가 그러는데 그분들은 부부가 되었다고 나라에 알리러 오신 거래요. \"혼인신고가 다 되었습니다.\"",
      "srcPage": 2,
      "srcSentenceEA": 4,
      "srcWordEA": 28
    },
    {
      "srcTextID": "108352",
      "srcText": "\"너는 병원에서 진찰받으렴. 그럼 의사 선생님이 처방전을 주실 거야. 그걸 들고 약국으로 가서 약사 선생님이 주시는 약을 먹어야 해. 어렵다면 내가 같이 가 줄게.\"",
      "srcPage": 9,
      "srcSentenceEA": 4,
      "srcWordEA": 27
    },
    {
      "srcTextID": "108354",
      "srcText": "현장학습이 끝나고 난 집으로 갔어요. 그리고 엄마에게 그동안 만난 세 명의 공무원 누나들에 대해 이야기했어요. \"제이가 천사 같은 공무원 누나들을 만나서 기분이 좋았겠구나!\"",
      "srcPage": 10,
      "srcSentenceEA": 3,
      "srcWordEA": 24
    },
    {
      "srcTextID": "108326",
      "srcText": "우리 차례가 되었어요. \"제이에게 동생이 생겼구나! 멋진 오빠가 됐네!\" 구청 누나가 윙크를 찡긋해요. 누나의 천사 같은 목소리에 나는 얼굴이 빨개졌어요. \"자 이제 다 되었습니다.\"",
      "srcPage": 3,
      "srcSentenceEA": 6,
      "srcWordEA": 27
    },
    {
      "srcTextID": "108353",
      "srcText": "우리나라 헌법 제7조 1항에는 '공무원은 국민 전체에 대한 봉사자이며, 국민에 대하여 책임진다.'라고 나와 있어요. 즉, 공무원이 공무원으로서 일을 잘 못하면 법률로 처벌받는다는 것이지요. 이렇게 막중한 책임을 지는 직업이므로, 책임감이 많은 사람이 공무원이 되는 것이 좋겠지요?",
      "srcPage": 11,
      "srcSentenceEA": 5,
      "srcWordEA": 38
    },
    {
      "srcTextID": "108327",
      "srcText": "다음 날 학교 가는 길에 주민센터 앞에서 화가 난 아줌마의 목소리가 들렸어요. \"내 코가 깨졌단 말이에요!\" 주민자치센터란? 주민들의 생활과 밀접한 민원사무와 문화, 복지기능을 담당하는 주민복지사업장이에요.",
      "srcPage": 4,
      "srcSentenceEA": 4,
      "srcWordEA": 27
    },
    {
      "srcTextID": "108329",
      "srcText": "\"누나 안녕하세요, 어제 구청에서 만났던 제이예요.\" \"아! 구청에서 일하는 내 쌍둥이 언니를 만났구나. 나는 주민센터에서 주민들을 위해 일하는 박이순이야.\" 이순 누나도 구청 누나처럼 윙크를 찡긋해요. 나는 또 얼굴이 빨개졌어요.",
      "srcPage": 6,
      "srcSentenceEA": 5,
      "srcWordEA": 33
    },
    {
      "srcTextID": "108334",
      "srcText": "학교에서 시청으로 현장학습을 왔어요. 아름다운 악기연주를 들으니, 가슴이 두근거려요. '우와! 주민센터에서 만난 천사 누나다!' \"감사합니다! 이번 문화행사도 잘 마무리되었네요. 모두 수고하셨어요.\"",
      "srcPage": 7,
      "srcSentenceEA": 5,
      "srcWordEA": 25
    },
    {
      "srcTextID": "108357",
      "srcText": "관공서에서 민원 상담과 사무 업무를 보는 공무원을 일반 행정직 공무원이라고 합니다. 크게 국가의 관공서에서 일하는 국가공무원과 지방자치단체에서 일하는 지방공무원으로 나뉘어요. 공무원이 되려면? 일반 행정직 공무원이 되려면 직급별로 시행되는 공무원 임용시험을 통과해야 해요. 현재 공무원 시험은 전직시험, 채용시험, 승진시험으로 나뉩니다. 채용시험과 승진시험은 공개경쟁시험과 특별시험으로 구분해 실시합니다.",
      "srcPage": 13,
      "srcSentenceEA": 6,
      "srcWordEA": 50
    },
    {
      "srcTextID": "108359",
      "srcText": "가장 보람을 느낄 때는 언제일까요? 공무원은 퇴근 시간이 대체로 일정한 편이랍니다. 그래서 다른 직장인들보다 개인 시간을 더욱 알차게 보낼 수 있어요. 가정에 더 많은 시간을 쏟을 수도 있고 자신의 취미를 즐길 수도 있죠. 일반인 중 공무원이라는 이유로 신뢰하는 사람도 있는데, 그럴 때 기분이 좋다고 해요.",
      "srcPage": 16,
      "srcSentenceEA": 5,
      "srcWordEA": 49
    },
    {
      "srcTextID": "108317",
      "srcText": "안녕? 나는 제이예요. 오늘은 아빠와 함께 구청에 갈 거예요. 동생 세이가 태어난 걸 세상에 알리려고요. 그래야 세이도 나중에 나처럼 학교에 갈 수 있대요. \"무엇을 도와드릴까요?\"",
      "srcPage": 1,
      "srcSentenceEA": 5,
      "srcWordEA": 29
    }
  ]
}