{
  "title": "신발 도둑",
  "author": "윤영선",
  "illustrator": "이재현",
  "isbn": "9788989459712",
  "readAge": "유아",
  "publishedYear": 2001,
  "publisher": "한국차일드아카데미",
  "classification": "자연탐구",
  "paragraphInfoCount": 19,
  "paragraphInfo": [
    {
      "srcTextID": "142128",
      "srcText": "고양이가 우쭐거리며 말했지. “이 길로 쭉 가면 개울이 나온단다. 거기 가서 물어보렴.”",
      "srcPage": 14,
      "srcSentenceEA": 3,
      "srcWordEA": 13
    },
    {
      "srcTextID": "142130",
      "srcText": "조금 가다 보니, 졸졸졸 개울에서 오리들이 꽥꽥거리며 놀고 있었어. “얘들아! 마을이 어디야?” 꼬마 도깨비가 물었어. “개울을 건너면 바로 마을이야.” 오리들이 친절하게 대답했지.",
      "srcPage": 15,
      "srcSentenceEA": 5,
      "srcWordEA": 25
    },
    {
      "srcTextID": "142132",
      "srcText": "그런데 어느 집 댓돌에 신발들이 잔뜩 있지 뭐야. 꼬마 도깨비는 알록달록 꽃신을 냉큼 신었어. 너무 작아. 따각따각 나막신을 냉큼 신었어. 너무 커.",
      "srcPage": 17,
      "srcSentenceEA": 5,
      "srcWordEA": 26
    },
    {
      "srcTextID": "142133",
      "srcText": "번들번들 가죽신을 냉큼 신었어. 너무 작아. 헐렁헐렁 미투리를 냉큼 신었어. 너무 커. 꼬마 도깨비는 이 신발 저 신발 신고 또 신어 보았지.",
      "srcPage": 18,
      "srcSentenceEA": 5,
      "srcWordEA": 26
    },
    {
      "srcTextID": "142120",
      "srcText": "꼬마 도깨비가 대답했어. “그거야 쉽지. 서로 대어 보면 알아.” 멧돼지와 곰이 얼른 등을 마주 대고 섰지.",
      "srcPage": 3,
      "srcSentenceEA": 4,
      "srcWordEA": 18
    },
    {
      "srcTextID": "142119",
      "srcText": "“오솔길을 곧장 따라가 봐. 아름드리 나무가 한 그루 나온단다. 거기 가서 물어보렴.”",
      "srcPage": 5,
      "srcSentenceEA": 3,
      "srcWordEA": 14
    },
    {
      "srcTextID": "142122",
      "srcText": "꼬마 도깨비가 대답했어. “그거야 쉽지. 양손에 들어 보면 알 수 있어.” 꼬마 도깨비는 바위를 번쩍 들어 무게를 가늠해 보았어. “말이 끄는 바위가 황소 것보다 더 무겁네, 뭐.” 꼬마 도깨비가 말했어.",
      "srcPage": 7,
      "srcSentenceEA": 6,
      "srcWordEA": 33
    },
    {
      "srcTextID": "142123",
      "srcText": "말이 신이 나서 말했지. “이 길로 쭉 가면 넓은 들이 나온단다. 거기 가서 물어보렴.”",
      "srcPage": 8,
      "srcSentenceEA": 3,
      "srcWordEA": 15
    },
    {
      "srcTextID": "142124",
      "srcText": "조금 가다 보니, 푸릇푸릇 넓은 들에서 염소와 토끼가 티격태격하고 있었어. “얘들아! 마을이 어디야?” 꼬마 도깨비가 물었어. “우리를 도와주면 가르쳐 줄게. 우리 중에 누구 그릇에 있는 머루 즙이 더 많은 것 같니?” 토끼가 뾰로통하게 물었어.",
      "srcPage": 9,
      "srcSentenceEA": 6,
      "srcWordEA": 38
    },
    {
      "srcTextID": "142131",
      "srcText": "마을에는 집들이 옹기종기 모여 있었어. 꼬마 도깨비는 성큼 마을로 들어가, 폴짝폴짝 이 집 저 집 담을 넘고 또 넘었지. 발에 꼭 맞는 신발을 찾으려고 말이야.",
      "srcPage": 16,
      "srcSentenceEA": 3,
      "srcWordEA": 27
    },
    {
      "srcTextID": "142134",
      "srcText": "꼬끼오, 꼬끼오오! 어느새 첫닭이 울고 날이 부옇게 밝아 왔어. 꼬마 도깨비는 갈팡질팡 어쩔 줄 몰라 하다, 부랴부랴 숲으로 돌아갔지. 제 발에 맞는 신발을 찾지도 못한 채 말이야.",
      "srcPage": 19,
      "srcSentenceEA": 4,
      "srcWordEA": 30
    },
    {
      "srcTextID": "142118",
      "srcText": "“곰이 멧돼지보다 더 크잖아.” 꼬마 도깨비가 말했어. 곰이 자랑스럽게 말했어.",
      "srcPage": 4,
      "srcSentenceEA": 3,
      "srcWordEA": 12
    },
    {
      "srcTextID": "142121",
      "srcText": "조금 가다 보니, 아름드리 나무 아래에서 황소와 말이 힘자랑을 하고 있었어. “얘들아! 마을이 어디야?” 꼬마 도깨비가 물었어. “우리를 도와주면 가르쳐 줄게. 우리 중에 누가 끄는 바위가 더 무거울 것 같니?” 황소가 씩씩거리며 물었어.",
      "srcPage": 6,
      "srcSentenceEA": 6,
      "srcWordEA": 37
    },
    {
      "srcTextID": "142127",
      "srcText": "조금 가다 보니, 시원시원 원두막에서 개와 고양이가 아옹다옹 다투고 있었어. “얘들아! 마을이 어디야?” 꼬마 도깨비가 물었어. “우리를 도와주면 가르쳐 줄게. 우리 중에 누구 널빤지가 더 넓니?” 개가 아르릉대며 물었어.",
      "srcPage": 12,
      "srcSentenceEA": 6,
      "srcWordEA": 33
    },
    {
      "srcTextID": "142117",
      "srcText": "가다 보니, 멧돼지와 곰이 티격태격하고 있었어. “얘들아! 마을이 어디야?” 꼬마 도깨비가 물었어. “우리를 도와주면 가르쳐 줄게. 우리 중에 누구 키가 더 크니?” 멧돼지가 씩씩거리며 물었어.",
      "srcPage": 2,
      "srcSentenceEA": 6,
      "srcWordEA": 29
    },
    {
      "srcTextID": "142125",
      "srcText": "꼬마 도깨비가 대답했어. “그거야 쉽지. 그릇이 똑같으니까 대어 보면 알아.” 꼬마 도깨비는 두 그릇을 맞대고 찬찬히 살펴보았어. “염소 머루 즙이 토끼 것보다 더 많네, 뭐.” 꼬마 도깨비가 말했어.",
      "srcPage": 10,
      "srcSentenceEA": 6,
      "srcWordEA": 31
    },
    {
      "srcTextID": "142126",
      "srcText": "염소가 으스대며 말했지. “이 길로 쭉 가면 원두막이 나온단다. 거기 가서 물어보렴.”",
      "srcPage": 11,
      "srcSentenceEA": 3,
      "srcWordEA": 13
    },
    {
      "srcTextID": "142129",
      "srcText": "꼬마 도깨비가 대답했어. “그거야 쉽지. 널빤지를 서로 대어 보면 알아.” 꼬마 도깨비는 두 널빤지를 맞대어 보았어. “고양이 널빤지가 개 널빤지보다 더 넓네, 뭐.” 꼬마 도깨비가 말했어.",
      "srcPage": 13,
      "srcSentenceEA": 6,
      "srcWordEA": 29
    },
    {
      "srcTextID": "142116",
      "srcText": "옛날에 도깨비들이 살았어. 도깨비들은 설을 하루 앞둔 그믐날 밤이면, 몰래 사람들의 신발을 훔쳤어. 한 꼬마 도깨비가 해가 지자마자 부리나케 마을로 내려갔어. 도저히 밤까지 기다릴 수 없었거든.",
      "srcPage": 1,
      "srcSentenceEA": 4,
      "srcWordEA": 29
    }
  ]
}