{
  "title": "신경은 뇌의 심부름꾼",
  "author": "이지현",
  "illustrator": "조준봉",
  "isbn": "9788956149752",
  "readAge": "유아",
  "publishedYear": 2014,
  "publisher": "차일드아카데미",
  "classification": "자연탐구",
  "paragraphInfoCount": 16,
  "paragraphInfo": [
    {
      "srcTextID": "149107",
      "srcText": "회전목마가 빙글빙글 돌아가요. 그러자 엉덩이가 자꾸 들썩이면서 몸이 바깥쪽으로 쏠려요. 어, 금방이라도 튕겨 나갈 것 같아요! 하지만 걱정하지 않아도 돼요. 소뇌가 몸의 균형을 잡아 주고, 근육 운동을 조절해 주거든요.",
      "srcPage": 5,
      "srcSentenceEA": 5,
      "srcWordEA": 33
    },
    {
      "srcTextID": "149109",
      "srcText": "무서움이나 추위를 느끼면 몸이 으슬으슬 떨리고 소름이 돋아요. 사이뇌가 몸의 체온을 조절하도록 명령을 내렸기 때문이에요. 더울 때는 땀을 내서 체온을 낮추고, 추울 때는 땀구멍을 좁혀서 열이 빠져나가는 것을 막아요.",
      "srcPage": 7,
      "srcSentenceEA": 3,
      "srcWordEA": 31
    },
    {
      "srcTextID": "149110",
      "srcText": "롤러코스터가 레일을 따라 쏜살같이 달려요. 갑자기 심장이 뛰고 숨이 가빠졌지요. 바로 숨뇌가 시킨 거예요. 숨뇌는 온몸으로 혈액을 돌게 할 뿐만 아니라 숨 쉬고 음식을 소화시키는 일을 해요. 침, 눈물을 흘리고 재채기나 딸꾹질을 하는 것도 숨뇌가 조절하는 일이에요.",
      "srcPage": 8,
      "srcSentenceEA": 5,
      "srcWordEA": 41
    },
    {
      "srcTextID": "149113",
      "srcText": "점심 무렵, 배에서 꼬르륵하고 신호를 보내왔어요. 음식점에서 고소한 닭튀김 냄새가 풍겨 오자, 어느새 입안 가득 침이 고였지요. 뇌가 닭튀김 냄새를 기억하고 있다가 그것에 반응한 것이지요. 이런 반응을 ‘조건 반사’라고 해요.",
      "srcPage": 11,
      "srcSentenceEA": 5,
      "srcWordEA": 34
    },
    {
      "srcTextID": "149114",
      "srcText": "“앗, 따가워!” 장미꽃을 꺾으려다가 그만 가시에 손끝을 찔렸어요. 나도 모르게 꽃에서 얼른 손을 떼었지요. 이렇게 뇌에서 명령을 내리기도 전에 일어나는 반응을 ‘무조건 반사’라고 해요. 위급한 상황에 빠르게 반응해야 하기 때문에 뇌 대신 척수에서 곧바로 명령을 내리지요.",
      "srcPage": 12,
      "srcSentenceEA": 6,
      "srcWordEA": 41
    },
    {
      "srcTextID": "149115",
      "srcText": "무조건 반사는 순간적인 반응이에요. 뜨거운 것을 잡았을 때나 발을 헛디뎠을 때처럼 위급한 순간에 자신도 모르게 반응할 때가 있어요. 이것을 ‘무조건 반사’라고 해요. 무조건 반사는 외부의 자극을 뇌까지 전달하지 않고 척수에서 재빨리 판단한 뒤 처리한 거예요.",
      "srcPage": 13,
      "srcSentenceEA": 5,
      "srcWordEA": 39
    },
    {
      "srcTextID": "149116",
      "srcText": "심장이나 소화 기관은 스스로 움직여요. 말초 신경계에 있는 자율 신경은 뇌의 명령을 받지 않고 스스로 움직이거든요. 달리기를 할 때 심장 박동이 빨라지는 것은 자율 신경이 자극을 크게 받았기 때문이고, 가만히 멈췄을 때 심장 박동이 느려지는 것은 자율 신경이 더 이상 자극을 받지 않기 때문이에요.",
      "srcPage": 14,
      "srcSentenceEA": 3,
      "srcWordEA": 46
    },
    {
      "srcTextID": "149117",
      "srcText": "집에 돌아와 씻고 나니 기분이 상쾌해요. 오늘은 신나는 꿈을 꾸면 좋겠어요. 잠을 자면 몸속의 활동도 멈출 것 같지만, 콩닥콩닥 심장도 뛰고, 새근새근 숨도 쉬어요. 그럼 뇌는 무엇을 하느냐고요? 부지런히 움직여서 꿈을 꾸게 하지요.",
      "srcPage": 15,
      "srcSentenceEA": 5,
      "srcWordEA": 37
    },
    {
      "srcTextID": "149118",
      "srcText": "뇌는 우리 몸의 대장이에요. 생각하고, 말하고, 뛰고, 먹는 모든 일을 맡아서 조절하거든요. 신경은 뇌의 명령과 온몸의 자극을 전달하는 훌륭한 심부름꾼이에요. 이 둘이 서로 조화롭게 일을 해서 우리 몸이 건강하다는 것, 잊어서는 안 돼요!",
      "srcPage": 16,
      "srcSentenceEA": 4,
      "srcWordEA": 36
    },
    {
      "srcTextID": "149103",
      "srcText": "놀이동산에는 탈것이 아주 많아요. “롤러코스터를 탈까, 회전목마를 탈까?” 정말로 고민이지 뭐예요. 그런데 고민은 우리 몸의 어떤 것이 할까요? 바로 머릿속에 있는 뇌에서 해요. 뇌는 생각하고, 보고, 듣고, 움직이고, 숨 쉬는 것 등 몸에서 벌어지는 모든 일을 조절하지요.",
      "srcPage": 1,
      "srcSentenceEA": 6,
      "srcWordEA": 41
    },
    {
      "srcTextID": "149104",
      "srcText": "뇌는 우그렁우그렁 주름지고 말랑말랑해요. 머리뼈가 이를 단단히 감싸고 있지요. 또 뇌는 수많은 신경 세포로 이루어져 있어요. 신경 세포는 온몸에 뻗어 있는 신경과 연결되어, 뇌에 정보를 전달하고 뇌의 명령을 내보내요. 뇌는 크게 대뇌, 소뇌, 뇌줄기로, 뇌줄기는 사이뇌, 중간뇌, 숨뇌로 나뉘어요.",
      "srcPage": 2,
      "srcSentenceEA": 5,
      "srcWordEA": 43
    },
    {
      "srcTextID": "149106",
      "srcText": "좌뇌우뇌 대뇌는 우뇌와 좌뇌로 나뉘어요. 우뇌는 감성과 창조적인 능력을 담당하며, 몸의 왼쪽 부분을 지휘해요. 좌뇌는 언어와 논리적인 생각을 담당하며, 몸의 오른쪽 부분을 지휘하지요.",
      "srcPage": 3,
      "srcSentenceEA": 3,
      "srcWordEA": 25
    },
    {
      "srcTextID": "149105",
      "srcText": "대뇌는 무슨 일을 할까요? 대뇌는 뇌의 대부분을 차지하며, 우그렁우그렁 주름이 많아요. 생각하거나 기억하고, 감각 기관에서 받아들인 정보를 판단해서 그에 알맞은 명령을 내리는 일을 해요.",
      "srcPage": 4,
      "srcSentenceEA": 3,
      "srcWordEA": 26
    },
    {
      "srcTextID": "149108",
      "srcText": "도깨비 집으로 살금살금 들어갔어요. 깜깜해서 도무지 아무것도 보이지 않네요. 어디에선가 도깨비가 불쑥 튀어나올 것만 같아요. 아이들이 하나둘 울음을 터뜨리는데, 그제야 앞이 조금씩 보이기 시작했어요. 중간뇌가 눈에 빛이 더 많이 들어오도록 동공을 크게 키웠기 때문이에요.",
      "srcPage": 6,
      "srcSentenceEA": 5,
      "srcWordEA": 38
    },
    {
      "srcTextID": "149111",
      "srcText": "뇌가 내리는 명령과 몸의 각 기관이 받아들인 정보를 전달하는 것이 바로 신경계예요. 신경계는 중추 신경계와 말초 신경계로 나뉘어요. 중추 신경계는 뇌와 척수로 이루어져 있으며, 받아들인 자극을 종합해서 반응하도록 명령을 내려요. 말초 신경계는 자극과 명령을 전달하며, 감각 기관과 내부 기관 등을 중추 신경계와 이어 주지요.",
      "srcPage": 9,
      "srcSentenceEA": 4,
      "srcWordEA": 47
    },
    {
      "srcTextID": "149112",
      "srcText": "척수는 무슨 일을 할까요? 척수는 기다란 척추 안에 있는 중추 신경계의 한 부분으로, 뇌와 말초 신경계를 연결해 주어요. 말초 신경계에서 받아들인 자극을 뇌에 전달하고, 뇌에서 내린 명령을 다시 말초 신경계로 전달하지요. 척수에 이상이 생기면 대뇌의 명령이 전달되지 않아서 몸이 아무런 반응을 할 수 없어요.",
      "srcPage": 10,
      "srcSentenceEA": 4,
      "srcWordEA": 47
    }
  ]
}