{
  "title": "도자기가 첨단산업?(세라믹 전문가)",
  "author": "정유나",
  "illustrator": "정지란",
  "isbn": "9788968736964",
  "readAge": "유아",
  "publishedYear": 2020,
  "publisher": "키움북스",
  "classification": "자연탐구",
  "paragraphInfoCount": 26,
  "paragraphInfo": [
    {
      "srcTextID": "107813",
      "srcText": "샥샥 변해라, 도자기로 변해라. 얍!\" \"와! 멋지다! 물을 내리면 깨끗해지고. 정말 최고야.\" 도자기로 변한 변기를 보고 마을 사람들은 좋아했어요.",
      "srcPage": 6,
      "srcSentenceEA": 6,
      "srcWordEA": 24
    },
    {
      "srcTextID": "107812",
      "srcText": "\"에구, 이게 아니잖아! 왜 기뻐하는 거야?\" 요정은 머리를 갸우뚱거렸어요.",
      "srcPage": 7,
      "srcSentenceEA": 3,
      "srcWordEA": 11
    },
    {
      "srcTextID": "107833",
      "srcText": "먼 우주에 로켓을 발사해도 안심. 도자기 부품은 녹이 안 슬어 안심. 뜨거운 열에도 잘 견딤.",
      "srcPage": 16,
      "srcSentenceEA": 3,
      "srcWordEA": 17
    },
    {
      "srcTextID": "107848",
      "srcText": "그릇 끝부분을 실로 정리해요. 손으로 원하는 형태를 잡아요. 실로 도자기를 분리하고 공방에 있는 화덕으로 구우면 오래도록 간직할 수 있는 도자기가 완성돼요!",
      "srcPage": 26,
      "srcSentenceEA": 3,
      "srcWordEA": 23
    },
    {
      "srcTextID": "107807",
      "srcText": "저 언덕 위에 선물 가게 가봤어? 소문에는 멋진 도자기 상품들이 넘쳐난다던데? 소곤소곤 마을 사람들이 이야기해요. 사람들 말을 엿들은 선물 가게 주인아저씨는 빙긋 웃었어요.",
      "srcPage": 1,
      "srcSentenceEA": 4,
      "srcWordEA": 26
    },
    {
      "srcTextID": "107811",
      "srcText": "\"히히히! 마을 사람들은 나무 변기를 쓰잖아. 나무 변기를 도자기 변기로 바꿔야겠어. 엉덩이가 차가워서 깜짝 놀랄 거야!",
      "srcPage": 5,
      "srcSentenceEA": 3,
      "srcWordEA": 19
    },
    {
      "srcTextID": "107816",
      "srcText": "숫돌이란? 칼이나 낫 등의 날을 세우는 데 쓰는 돌이에요. 정육점이란? 소고기나 돼지고기 등을 파는 가게를 말해요. 도자기는 점토에 장석, 석영 등의 돌가루를 섞어 모양을 빚고, 건조하여 그 위에 유약을 칠해 800도에서 1,500도 온도의 가마에 구워 만들어요.",
      "srcPage": 9,
      "srcSentenceEA": 4,
      "srcWordEA": 40
    },
    {
      "srcTextID": "107823",
      "srcText": "녹도 안 슬고 숫돌에 안 갈아도 되고. 정말 멋지군!\" 신이 난 정육점 주인이 덩실덩실 춤을 추자, 요정은 툴툴거렸어요. \"뭐야, 더 좋아하잖아! 이게 아닌데!\"",
      "srcPage": 11,
      "srcSentenceEA": 5,
      "srcWordEA": 26
    },
    {
      "srcTextID": "107829",
      "srcText": "우습겠다. 킬킬킬! 샥샥 변해라, 도자기로 변해라.\" 동네 아이들은 도자기로 변한 로봇을 보며 활짝 웃네요. 몰래 훔쳐보고 있던 요정은 깜짝 놀랐어요. \"로봇아! 너한테 정전기가 안 나서 정말 좋아! 우리가 여기다 예쁜 그림도 그려줄게!\"",
      "srcPage": 13,
      "srcSentenceEA": 6,
      "srcWordEA": 38
    },
    {
      "srcTextID": "107834",
      "srcText": "며칠 후, 그 발명가가 신문에 실렸어요. 괴짜 발명가는 도자기 로켓으로 유명해졌어요. \"이게 뭐야. 아이코야!\" 요정은 머리가 아팠어요.",
      "srcPage": 15,
      "srcSentenceEA": 5,
      "srcWordEA": 20
    },
    {
      "srcTextID": "107808",
      "srcText": "\"요정아, 배고프지?\" 선물 가게 아저씨에게는 비밀 친구가 있어요. \"날 여기서 꺼내줘요! 답답하다고요!\" \"나도 어서 꺼내주고 싶어!",
      "srcPage": 2,
      "srcSentenceEA": 5,
      "srcWordEA": 18
    },
    {
      "srcTextID": "107810",
      "srcText": "하지만 네가 뭐든 다 도자기로 바꿔서 말썽부리지 않겠다는 약속을 해야 해.\" 요정은 토라졌어요. 그러던 어느 날, 요정은 몰래 숨겨둔 개미를 풀어서, 아저씨 손등을 콱! 물게 했어요.",
      "srcPage": 3,
      "srcSentenceEA": 4,
      "srcWordEA": 29
    },
    {
      "srcTextID": "107809",
      "srcText": "그 틈을 타서 요정은 통통 튀어서 도망쳤어요. \"드디어, 바깥세상 구경을 할 수 있겠구나. 사람들을 골탕 먹여야지.\" \"아야야, 내 손가락!\"",
      "srcPage": 4,
      "srcSentenceEA": 4,
      "srcWordEA": 20
    },
    {
      "srcTextID": "107815",
      "srcText": "\"이번엔 뭘 바꿔볼까?\" 요정은 산꼭대기에서 마을을 둘러보다 정육점을 봤어요. 정육점 주인은 식칼들을 숫돌에 불꽃이 튀도록 갈고 있었어요.",
      "srcPage": 8,
      "srcSentenceEA": 3,
      "srcWordEA": 19
    },
    {
      "srcTextID": "107822",
      "srcText": "\"바로 저거야! 저 칼을 도자기로 바꿔버려야지. 샥샥 변해라, 도자기로 변해라. 얍!\" \"아니! 칼이 도자기로 변했네!",
      "srcPage": 10,
      "srcSentenceEA": 5,
      "srcWordEA": 19
    },
    {
      "srcTextID": "107827",
      "srcText": "점심시간. 레스토랑에서 일하는 깡통 로봇이 요정의 눈에 띄었어요. \"저 깡통 로봇을 도자기로 바꿔버리자! 몸이 무거워져서 놀라겠지?",
      "srcPage": 12,
      "srcSentenceEA": 3,
      "srcWordEA": 18
    },
    {
      "srcTextID": "107850",
      "srcText": "뉴 세라믹. 세라믹 반도체, 내열성 고온 재료, 세라믹 섬유, 광통신용 광화이버, 친환경 소재, 인공 치아 등이 있어요. 세라믹은 전기가 통하지 않을 때가 있어서 전기를 필요한 방향으로만 흐를 수 있도록 조절할 수 있어서 전자회로 기판과 반도체 등에 세라믹이 쓰이죠. 또 세라믹은 빛을 통과시킬 수도 있는데, 유리도 모래를 원료로 하는 세라믹의 한 종류에요. 세라믹은 휴대폰이나 모니터의 화면, 현미경, 망원경, 카메라 등 빛을 다루는 제품에도 사용되고 있어요. 그리고 세라믹은 인체조직과도 비교적 잘 어울려 인공 뼈를 만들기도 해요.",
      "srcPage": 23,
      "srcSentenceEA": 6,
      "srcWordEA": 79
    },
    {
      "srcTextID": "107846",
      "srcText": "세라믹 전문가가 되려면? 일반적으로 대학에서 관련학과의 전공을 통해 교육을 받은 후 연구와 개발 활동을 해요. 전통 세라믹의 경우 세라믹 디자인, 도예과, 도자기공예과, 생활도예과 등에서 전문 지식과 기술을 익힐 수 있어요. 뉴 세라믹 분야에서는 신소재공학, 반도체공학, 세라믹 기술학과, 재료공학 등의 소재 공학 분야를 이수한 후 석, 박사 연구원이나 연구소, 기술원 등에서 일해요.",
      "srcPage": 18,
      "srcSentenceEA": 4,
      "srcWordEA": 54
    },
    {
      "srcTextID": "107849",
      "srcText": "나도 세라믹 전문가! 세라믹의 분류 집에서 가까운 도자기 공방에 가 보아요. 어렵지 않게 도자기를 만들고 구울 수도 있을 거예요.",
      "srcPage": 24,
      "srcSentenceEA": 3,
      "srcWordEA": 21
    },
    {
      "srcTextID": "107851",
      "srcText": "원하는 도자기의 형태를 그려요. 흙 반죽을 물레에 올리고 물레를 돌려 형태를 만들어요. 엄지손가락을 꾹 누르면 구멍이 파이면서 그릇 형태가 만들어질 거예요.",
      "srcPage": 25,
      "srcSentenceEA": 3,
      "srcWordEA": 23
    },
    {
      "srcTextID": "107847",
      "srcText": "세라믹 전문가의 전망은? 세라믹 산업은 '도자기 산업'으로 대표돼 온 우리나라 고유의 전통산업이지만, 최근에는 첨단 기술이 접목된 신소재 산업으로 큰 주목을 받고 있어요. 이를 '뉴 세라믹 분야'라고 하는데, 현재까지는 우리나라가 주도하고 있는 반도체와 스마트폰의 핵심 세라믹 소재를 해외에 의존하고 있어요. 아직도 많은 개발과 연구가 필요한 상태이지만, 국가적인 관심과 관련 직종의 수요도 늘어나고 있다고 합니다.",
      "srcPage": 19,
      "srcSentenceEA": 8,
      "srcWordEA": 58
    },
    {
      "srcTextID": "107845",
      "srcText": "변기. 영국의 도자기공 토머스 트위퍼드가 1870년 세라믹으로 된 수세식 변기를 생산했어요. 이 변기는 악취를 차단하는 뚜껑이나 밸브가 없었으므로 다른 제품들에 비해 고장이 적었죠. 세라믹 덕분에 변기 산업이 눈부시게 발전했답니다.",
      "srcPage": 20,
      "srcSentenceEA": 3,
      "srcWordEA": 32
    },
    {
      "srcTextID": "107852",
      "srcText": "전통 세라믹. 생활, 건축, 산업용 도자기와 유리, 시멘트, 시멘트가공품 등이 있어요. 세라믹은 열에 매우 강해서 주방용품으로 많이 사용돼요. 열에 약한 소재를 사용할 경우 쉽게 변형되고, 음식에 영향을 끼칠 수 있기 때문이에요. 그리고 금속을 녹일 정도의 뜨거운 열도 이겨낼 수 있는 벽돌 같은 제품에도 세라믹이 유용하게 쓰인답니다. 세라믹은 금속처럼 금세 뜨거워지지는 않지만, 오랜 시간 열을 잃지 않는 특징이 있어서 온돌과 같은 난방에도 세라믹이 쓰여요.",
      "srcPage": 22,
      "srcSentenceEA": 6,
      "srcWordEA": 68
    },
    {
      "srcTextID": "107830",
      "srcText": "\"이번에야말로 골탕을 먹여야지.\" 요정은 괴짜 발명가가 마당에서 로켓을 만들고 있는 것을 보고 쪼르르 달려갔어요. 그리곤 몰래 로켓의 여기저기를 도자기로 바꿔버렸죠.",
      "srcPage": 14,
      "srcSentenceEA": 3,
      "srcWordEA": 22
    },
    {
      "srcTextID": "107844",
      "srcText": "로켓의 재료. 로켓이 발사하기 위해서 아주 중요한 부분인 노즐 합금 표면에 세라믹 코팅을 해서 내열성을 증가시켜요. 세라믹 코팅은 저온이나 고온 가열처리로 우수한 코팅 막을 형성하도록 하는 코팅 방법이에요. 세라믹 칼. 세라믹 칼은 소재의 특성으로 녹이 슬지 않고 음식 냄새도 배지 않아 위생적이에요. 스테인리스 칼보다 친환경적이고 무게가 가벼울 뿐 아니라 내구성이 좋아 단단하고 칼날이 예민해 사용하기 편리해요.",
      "srcPage": 21,
      "srcSentenceEA": 6,
      "srcWordEA": 61
    },
    {
      "srcTextID": "107843",
      "srcText": "\"어라! 이 녀석 집에 돌아왔네!\" 선물 가게 아저씨는 깜짝 놀라며 돌아온 요정을 반겨줬어요. 그날 저녁 아저씨와 요정은 새로 알게 된 도자기에 관한 많은 이야기를 했어요.",
      "srcPage": 17,
      "srcSentenceEA": 3,
      "srcWordEA": 28
    }
  ]
}