{
  "title": "놀이터 산타 마을(무대미술가)",
  "author": "박민주",
  "illustrator": "최유진",
  "isbn": "9788968736735",
  "readAge": "유아",
  "publishedYear": 2020,
  "publisher": "키움북스",
  "classification": "자연탐구",
  "paragraphInfoCount": 17,
  "paragraphInfo": [
    {
      "srcTextID": "110014",
      "srcText": "그리고 나는 커다란 종이를 펼쳐서, 놀이터를 연극 무대로 어떻게 꾸밀지 그려봤어. 후다닥! 나는 놀이터를 꾸밀 도구들을 바구니에 잔뜩 담아서 놀이터로 달려갔어. \"수리수리 마수리!\"",
      "srcPage": 4,
      "srcSentenceEA": 4,
      "srcWordEA": 25
    },
    {
      "srcTextID": "110024",
      "srcText": "무대조명은 무대에 내리쬐는 빛의 효과를 말해요. 무대 전반을 밝게 비추는 조명(플랫 조명) 과 무대의 분위기나 인물의 심리 따위를 표현하기 위한 효과를 내는 조명(스폿 조명)으로 나눠요. 무대배경은 무대 뒷벽의 그림과 무대 위의 장치, 그리고 무대 장식을 말해요. 무대에서 배경은 극의 장면이 어디서 행하는지를 암시합니다.",
      "srcPage": 14,
      "srcSentenceEA": 4,
      "srcWordEA": 46
    },
    {
      "srcTextID": "110017",
      "srcText": "우리 집엔 재봉틀도 있고 미술도구들도 잔뜩 있어. 왜냐면 우리 엄마가 무대미술가거든! 나는 먼저 알록달록 원단을 풀어서 유녕이에게 산타 옷과 모자를 만들어줬어. 유녕이는 산타로 변한 자신이 신기한지 놀란 표정이야. ",
      "srcPage": 7,
      "srcSentenceEA": 4,
      "srcWordEA": 31
    },
    {
      "srcTextID": "110020",
      "srcText": "칙칙폭폭! 기차가 초대장을 등에 싣고 출발했어. 놀이터를 빙글빙글 돌면서 놀이터 친구 모두를 '유녕산타 이야기' 연극의 배우로 초대했어. 다음날, 연극에 초대받은 친구들이 우르르 왔어. 귀여운 꼬마 산타가 된 유녕이는 긴장 되나봐!",
      "srcPage": 10,
      "srcSentenceEA": 6,
      "srcWordEA": 35
    },
    {
      "srcTextID": "110027",
      "srcText": "무대미술가와 무대연출가는 다른 사람인가요? 무대미술가와 무대연출가를 동시에 하는 사람도 있지만, 분리된 두 개의 직업이에요. 하지만 무대미술가와 무대연출가는 친밀하게 작업을 해야 하는데, 무대 설계에 따라 배우들 의 동작이 달라질 수 있기 때문입니다. 그래서 무대미술가와 무대연출가는 창작 의도에 대한 서로 간의 이해를 미리 확인하고 본 작업에 들어갑니다.",
      "srcPage": 16,
      "srcSentenceEA": 4,
      "srcWordEA": 48
    },
    {
      "srcTextID": "110026",
      "srcText": "가장 보람을 느끼는 순간은? 공연이 무대에 오르고, 무대 배경, 조명, 의상, 장치 등의 모든 시각적인 요소들이 무대 연출가의 계획에 따라 움직이는 것을 볼 때, 가장 보람을 느낀다고 합니다. 무대미술을 위해 땀을 흘리고 노력했던 순간들이 한눈에 결과로 보일 때, 큰 감동이 된다고 해요.",
      "srcPage": 17,
      "srcSentenceEA": 3,
      "srcWordEA": 44
    },
    {
      "srcTextID": "110011",
      "srcText": "어서 와! 우리 산타 놀이터에! 우리 놀이터에는 친구들이 많아. 그런데 얼마 전에 이사 온 친구 유녕이는 항상 혼자 시소에 앉아만 있는 거야. 유녕이는 친구가 없어서 외롭지 않을까?",
      "srcPage": 1,
      "srcSentenceEA": 5,
      "srcWordEA": 31
    },
    {
      "srcTextID": "110012",
      "srcText": "그러던 어느 날, 놀이터 말썽꾸러기들이 유녕이를 괴롭히고 있는 거야! 유녕이는 미끄럼틀 밑에 숨어서 도망가지도 못하고 울고 있었어. 나는 그런 유녕이에게 다가갔어.",
      "srcPage": 2,
      "srcSentenceEA": 3,
      "srcWordEA": 23
    },
    {
      "srcTextID": "110013",
      "srcText": "사각사각 색종이를 오리고, 착착 접고 붙이면 선물들이 완성! 야호! 그리고 놀이터 친구들에게 보낼 초대장도 만들었어. \"놀이터 친구들! '유녕산타 이야기' 연극에 놀이터 친구 모두를 배우로 초대할게! 놀이터에 무대가 있으니 꼭 와 줘.\"",
      "srcPage": 3,
      "srcSentenceEA": 7,
      "srcWordEA": 35
    },
    {
      "srcTextID": "110015",
      "srcText": "무대를 꾸밀 때 조심해야 할 점 1. 무대는 이야기의 배경이 되어야 해요. 2. 무대에서 연기하는 배우들의 행동을 막으면 안 돼요. 3. 무대에서는 배우들의 연기나 조명의 밝기 등으로 시간의 변화를 줘야 해요.",
      "srcPage": 5,
      "srcSentenceEA": 6,
      "srcWordEA": 36
    },
    {
      "srcTextID": "110016",
      "srcText": "반짝반짝 빨간 동그라미는 코에! 뾰족뾰족 뿔 머리띠는 머리에! 알록달록 예쁜 털 장화는 네 발에! 뽀송뽀송 하얀 털목도리는 목에! 앗! 어느새 목마는 귀여운 루돌프가 되어있네!",
      "srcPage": 6,
      "srcSentenceEA": 6,
      "srcWordEA": 29
    },
    {
      "srcTextID": "110019",
      "srcText": "난 유녕이를 우리 집에 데려왔어. 이제 유녕이에게 친구들을 잔뜩 만들어 줄 거야. 응? 어떻게 만들어 주냐고? 잘 지켜봐!",
      "srcPage": 8,
      "srcSentenceEA": 5,
      "srcWordEA": 22
    },
    {
      "srcTextID": "110018",
      "srcText": "그리고 빨간 코가 반짝이는 루돌프 썰매에 유녕이는 선물을 잔뜩 실었어. 드디어 유녕이의 선물 나눠주기가 시작된거야. 유녕이는 놀이터에 모여있는 모든 친구들에게 선물을 나눠줬어. 그랬더니 글쎄, 모두 기뻐서 함박웃음을 짓는 거야.",
      "srcPage": 9,
      "srcSentenceEA": 4,
      "srcWordEA": 32
    },
    {
      "srcTextID": "110021",
      "srcText": "\"우와!\" 함성소리와 함께 연극이 시작됐어. 나는 철봉에 매달린 커튼을 힘껏 열어젖혔어! 짝짝짝! 유녕이를 향한 박수소리가 놀이터에 가득 찼어. 모두 꼬마산타 유녕이를 좋아하게 됐나봐.",
      "srcPage": 11,
      "srcSentenceEA": 5,
      "srcWordEA": 28
    },
    {
      "srcTextID": "110022",
      "srcText": "무대미술가는 무대 효과를 예상하여 무대의 장치와 조명, 의상, 배경 등을 설계하고 디자인하는 사람을 말해요. 무대미술가가 되려면? 대학에서 무대미술과나 일부 연극영화과에서도 무대 미술을 배울 수 있어요. 일반적으로 프리랜서로 활동하는데, 극단이나 극장에서 의뢰를 받아 일하기 때문에 연출가와 프로듀서에게 재능을 인정받아야 하죠. 그러기 위해서는 극단 이나 무대 미술 작업 현장에 들어가 경험을 쌓기도 해요. 무대 제작회사에 소속되어 일하는 사람도 있어요.",
      "srcPage": 12,
      "srcSentenceEA": 6,
      "srcWordEA": 62
    },
    {
      "srcTextID": "110023",
      "srcText": "무대의상은 연기자가 등장인물의 특성을 관객에게 직접 전달하기 위해 입는 의상을 말해요. 시대와 국적, 직업, 나이, 성격 등의 등장인물 특징을 표현할 수 있어요. 연기자가 작품의 특성과 극 중 인물의 역할을 효과적으로 표현하기 위하여 하는 분장은, 연기자가 역할을 표현하도록 돕는 예술입니다.",
      "srcPage": 13,
      "srcSentenceEA": 3,
      "srcWordEA": 41
    },
    {
      "srcTextID": "110028",
      "srcText": "무대미술이 중요한가요? 무대미술은 공연뿐 아니라 관객과 배우에게 많은 영향을 줘요. 관객들에게는 단지 공연장 이 아닌, 극 중 배경이 되는 장소에 있는 것 같은 느낌을 줘요. 또한, 배우는 연기에 더욱 집중할 수 있죠. 연극과 뮤지컬 같은 공연은 공간을 이동할 수 없으므로, 무대 장치가 매우 중요하고, 무대미술가의 역할도 더욱 커진답니다.",
      "srcPage": 15,
      "srcSentenceEA": 5,
      "srcWordEA": 52
    }
  ]
}