{
  "title": "명탐정의 알 찾기",
  "author": "글뿌리",
  "illustrator": "유정미",
  "isbn": "9788929110512",
  "readAge": "유아",
  "publishedYear": 2015,
  "publisher": "글뿌리",
  "classification": "자연탐구",
  "paragraphInfoCount": 16,
  "paragraphInfo": [
    {
      "srcTextID": "151779",
      "srcText": "수달 탐정과 곰 조수가 강가에 왔어요. \"지금부터 꼬꼬 아주머니의 알을 찾아야 해. 그런데 꼬꼬 아주머니의 알이 어떻게 생겼지?\" 수달 탐정은 수풀을 헤지며 고개를 갸우뚱갸우뚱.",
      "srcPage": 2,
      "srcSentenceEA": 4,
      "srcWordEA": 26
    },
    {
      "srcTextID": "151780",
      "srcText": "\"찾았다! 말랑말랑 알 속에 까만 점이 있군. 꼬꼬 아주머니의 알이 틀림없어!\" 수달 탐정이 알을 조심조심 들었어요.",
      "srcPage": 3,
      "srcSentenceEA": 3,
      "srcWordEA": 19
    },
    {
      "srcTextID": "151781",
      "srcText": "그때 엄마 개구리가 팔짝팔짝 뛰어왔어요. \"왜 내 알을 가져가는 거예요? 곧 알에서 아기가 나올 거라고요.\" 수달 탐정은 깜짝 놀라 알을 내려놓았어요. 말랑말랑 투명한 알, 개구리알이었어요!",
      "srcPage": 4,
      "srcSentenceEA": 5,
      "srcWordEA": 28
    },
    {
      "srcTextID": "151783",
      "srcText": "그러자 엄마 연어가 버럭 화를 냈어요. \"왜 내 알을 건드리는 거예요? 난 곧 죽지만 알에서 아기들이 나올 거라고요!\" 수달 탐정은 깜짝 놀라 자갈을 내려놓았어요. 모래 웅덩이 속의 알, 연어알이었어요!",
      "srcPage": 6,
      "srcSentenceEA": 5,
      "srcWordEA": 32
    },
    {
      "srcTextID": "151787",
      "srcText": "\"후유, 꼬꼬 아주머니의 알은 어디에 있을까?\" 수달 탐정은 풀밭에 벌렁 드러누웠어요. 풀잎 뒤에 촘촘히 붙어 있는 노란 알이 보였지요. \"여기도 알이 있네! 꼬꼬 아주머니의 알일지 몰라.\"",
      "srcPage": 10,
      "srcSentenceEA": 5,
      "srcWordEA": 29
    },
    {
      "srcTextID": "151790",
      "srcText": "\"어서 알을 찾아야 해. 꼬꼬 아주머니가 걱정하고 있을 거야!\" 수달 탐정은 꽃밭을 꼼꼼히 살펴보았어요.",
      "srcPage": 13,
      "srcSentenceEA": 3,
      "srcWordEA": 16
    },
    {
      "srcTextID": "151792",
      "srcText": "\"수달 아저씨, 안녕하세요?\" 노랑 병아리들이 삐악삐악 인사했어요. \"아, 알에서 병아리가 나왔군요!\" 수달 탐정은 송골송골 맺힌 땀을 닦으며 빙그레 웃었어요.",
      "srcPage": 16,
      "srcSentenceEA": 4,
      "srcWordEA": 21
    },
    {
      "srcTextID": "151789",
      "srcText": "엄마 무당벌레가 붕 날아왔어요. \"내 알에 가까이 오지 마세요! 이제 꼬물꼬물 아기들이 나올 거예요.\"",
      "srcPage": 11,
      "srcSentenceEA": 3,
      "srcWordEA": 15
    },
    {
      "srcTextID": "151788",
      "srcText": "\"아, 미안해요.\" 수달 탐정은 머리를 긁적이며 사과했어요. 풀잎 뒤의 노란 알, 무당벌레알이었어요!",
      "srcPage": 12,
      "srcSentenceEA": 3,
      "srcWordEA": 14
    },
    {
      "srcTextID": "151784",
      "srcText": "왜 알을 낳은 엄마 연어는 죽을까요? 연어는 알을 낳을 때가 되면 자기가 태어난 강까지 가기 위해 힘든 여행을 해요. 아무것도 먹지 않고 강물을 거슬러 헤엄치며 폭포를 뛰어오르기도 하지요. 강 상류에 도착하면 두세 번에 걸쳐 약 700개에서 7,000개의 알을 낳는겁니다. 알을 낳기 위해 온 힘을 쓴 엄마 연어는 더는 살지 못해요.",
      "srcPage": 7,
      "srcSentenceEA": 5,
      "srcWordEA": 54
    },
    {
      "srcTextID": "151785",
      "srcText": "수달 탐정은 물가를 샅샅이 살폈어요. \"찾았다! 흙구덩이에 동글동글 하얀 알이 있군. 꼬꼬 아주머니의 알이 틀림없어!\" 수달 탐정은 조심조심 흙을 파헤쳤어요.",
      "srcPage": 8,
      "srcSentenceEA": 4,
      "srcWordEA": 23
    },
    {
      "srcTextID": "151786",
      "srcText": "갑자기 엄마 자라가 물속에서 머리를 쑥 내밀었어요. \"내 알에 손대지 마요! 왜 남의 알을 가져가려고 해요?\" 수달 탐정은 허둥지둥 흙을 덮었어요. 동글동글 하얀 알, 자라악이었어요!",
      "srcPage": 9,
      "srcSentenceEA": 5,
      "srcWordEA": 28
    },
    {
      "srcTextID": "151782",
      "srcText": "\"혹시 알이 물속에 빠졌나?\" 수달 탐정은 물안경을 쓰고 물속을 요리조리 살펴보았어요. \"찾았다! 모래 웅덩이 속에 알 무더기가 있군. 꼬꼬 아주머니의 알이 틀림없어!\" 수달 탐정이 자갈을 조심조심 들어 올렸어요.",
      "srcPage": 5,
      "srcSentenceEA": 5,
      "srcWordEA": 32
    },
    {
      "srcTextID": "151791",
      "srcText": "그러다 깜짝 놀라서 우뚝. 알이 빠직빠직 깨져 있었거든요. \"꼬꼬 아주머니의 알이면 어떡하지?\"",
      "srcPage": 14,
      "srcSentenceEA": 3,
      "srcWordEA": 13
    },
    {
      "srcTextID": "151778",
      "srcText": "따르릉따르릉. 수달 탐정의 사무실에 전화가 왔어요. \"저런! 알을 잃어버렸다고요? 언제, 어디서 잃어버렸죠?\" 수달 탐정은 전화를 받으며 열심히 적었어요.",
      "srcPage": 1,
      "srcSentenceEA": 4,
      "srcWordEA": 22
    },
    {
      "srcTextID": "151793",
      "srcText": "그때 꼬꼬 아주머니가 허둥지둥 달려왔어요. \"수달 탐정님, 알을 찾았어요! 이제 알이 아니지만요. 호호.\"",
      "srcPage": 15,
      "srcSentenceEA": 4,
      "srcWordEA": 15
    }
  ]
}