{
  "title": "\t아빠 두더지의 신기한 사진기",
  "author": "양승현",
  "illustrator": "신희정",
  "isbn": "9788929110666",
  "readAge": "유아",
  "publishedYear": 2015,
  "publisher": "글뿌리",
  "classification": "자연탐구",
  "paragraphInfoCount": 16,
  "paragraphInfo": [
    {
      "srcTextID": "148644",
      "srcText": "아빠 두더지는 사진기를 들고 땅 위로 쑥! 마침 아이들이 달리기 경주를 하고 있었어요. 아빠 두더지는 얼른 사진기를 찰칵! 길쭉길쭉 다리뼈만 보이네요. \"음, 다리뼈가 몸을 받쳐 주는구나.\" 아빠 두더지는 무릎을 '탁' 쳤어요.\n\n",
      "srcPage": 2,
      "srcSentenceEA": 7,
      "srcWordEA": 36
    },
    {
      "srcTextID": "148645",
      "srcText": "덩더쿵 쿵덕, 덩더쿵 쿵덕. 흥겨운 풍물놀이가 시작되었어요. 아이들은 장단에 맞추어 고개를 빙글빙글.",
      "srcPage": 3,
      "srcSentenceEA": 3,
      "srcWordEA": 14
    },
    {
      "srcTextID": "148647",
      "srcText": "영치기영차, 영치기영차! 아이들이 구슬땀을 흘리며 줄다리기를 낑낑. 아빠 두더지는 얼른 사진기를 찰칵! 가지런한 갈비뼈가 보여요. \"음, 갈비뼈가 심장과 허파를 지켜 주는구나.\" 아빠 두더지는 빙그레 미소 지었어요.",
      "srcPage": 5,
      "srcSentenceEA": 6,
      "srcWordEA": 30
    },
    {
      "srcTextID": "148649",
      "srcText": "꼬물꼬물 손뼈가 보여요. \"손뼈 덕분에 물건을 집을 수 있구나!\" 박이 터지고 깃발이 펄럭펄럭. 아이들은 신나서 두 팔 번쩍, 만세!\n\n",
      "srcPage": 8,
      "srcSentenceEA": 4,
      "srcWordEA": 21
    },
    {
      "srcTextID": "148654",
      "srcText": "아빠 두더지는 다시 땅 위로 올라갔어요. 아이들이 춤을 추며 팔다리를 흔들흔들. 아빠 두더지도 신이 나서 손뼉을 쳤어요. \"뼈를 감싸고 있는 근육 덕분에 저렇게 몸을 잘 움직이는구나!\"",
      "srcPage": 12,
      "srcSentenceEA": 4,
      "srcWordEA": 28
    },
    {
      "srcTextID": "148655",
      "srcText": "\"으라차차!\" 체육 선생님이 무거운 역기를 번쩍! 팔뚝에 근육이 울퉁불퉁. \"와, 정말 멋진 근육인걸! 나도 열심히 굴을 파면 저렇게 멋진 근육이 생길까?\" 아빠 두더지는 혼자 쿡쿡 웃었어요.",
      "srcPage": 13,
      "srcSentenceEA": 5,
      "srcWordEA": 30
    },
    {
      "srcTextID": "148656",
      "srcText": "어느새  운동회가 끝났어요. 아이들은 하나둘씩 집으로 향했지요. 어떤 아이는 아빠에게 업히고, 어떤 아이는 가족과 하하 호호.",
      "srcPage": 14,
      "srcSentenceEA": 3,
      "srcWordEA": 19
    },
    {
      "srcTextID": "148646",
      "srcText": "아빠 두더지는 얼른 사진기를 찰칵! 반듯반듯 목뼈가 보이네요. \"음, 목뼈가 있어서 목이 움직이는구나.\" 아빠 두더지는 고개를 끄덕끄덕.",
      "srcPage": 4,
      "srcSentenceEA": 4,
      "srcWordEA": 19
    },
    {
      "srcTextID": "148651",
      "srcText": "즐거운 점심시간이 되었어요. 아이들은 가족들과 오순도순 점심을 먹었어요. 아빠 두더지는 얼른 사진기를 찰칵! \"아이코, 해골이잖아!\" 아빠 두더지는 깜짝 놀라서 땅속으로 후다닥!",
      "srcPage": 9,
      "srcSentenceEA": 5,
      "srcWordEA": 24
    },
    {
      "srcTextID": "148652",
      "srcText": "\"하하, 이건 사람들의 뼈 사진이야.\" \"뼈요? 그럼 우리도 뼈가 있어요?\" \"물론 있지! 뼈가 있어서 이렇게 움직이는 거란다.\"",
      "srcPage": 11,
      "srcSentenceEA": 4,
      "srcWordEA": 19
    },
    {
      "srcTextID": "148657",
      "srcText": "아빠 두더지는 얼른 사진기를 찰칵! 큰 해골과 작은 해골이 나란히 나란히. \"하하, 아주 재미있는 사진인데!\" 아빠 두더지는 사진을 요리조리 살펴보았어요.",
      "srcPage": 15,
      "srcSentenceEA": 4,
      "srcWordEA": 22
    },
    {
      "srcTextID": "148658",
      "srcText": "아기 두더지들은 사진을 보며 재잘재잘, 아빠 두더지는 팔을 만지작만지작. \"무거운 사진기를 들었더니 팔이 아프구나.\" 그러자 아기 두더지들이 아빠 두더지 팔을 조물조물. \"아빠, 우리는 뼈가 작아도 힘이 세요!\" \"허허, 정말 그렇구나. 아주 시원한걸!\"",
      "srcPage": 16,
      "srcSentenceEA": 6,
      "srcWordEA": 34
    },
    {
      "srcTextID": "148648",
      "srcText": "\"와! 달려라, 달려!\" 이어달리기가 시작되었네요. 이런, 한 아이가 달리다가 꽈당 넘어졌어요. 선생님이 얼른 달려와 약을 발라 주었지요. \"괜찮아. 뼈 안에 있는 골수가 금방 피를 만들어 줄 거야.\"",
      "srcPage": 6,
      "srcSentenceEA": 5,
      "srcWordEA": 32
    },
    {
      "srcTextID": "148650",
      "srcText": "이번에는 박 터트리기예요. 아이들은 우르르 달려 나갔지요. 아빠 두더지는 얼른 사진기를 찰칵!",
      "srcPage": 7,
      "srcSentenceEA": 3,
      "srcWordEA": 14
    },
    {
      "srcTextID": "148642",
      "srcText": "오늘은 신나는 운동회 날! 아침부터 운동장에 사람들이 북적북적. 땅속 아기 두더지들도 덩달아 가슴이 두근두근. 아기 두더지들은 아빠 두더지에게 졸랐어요. \"아빠, 우리도 운동회 보러 가요!\" \"안 돼. 사람이 많아서 위험해. 그 대신 아빠가 운동회 사진을 찍어서 보여 주마.\"\n\n",
      "srcPage": 1,
      "srcSentenceEA": 8,
      "srcWordEA": 42
    },
    {
      "srcTextID": "148653",
      "srcText": "아빠 두더지는 아기 두더지들에게 사진을 보여 주었어요. 아기 두더지들은 고개를 갸웃갸웃. \"사람들이 참 이상하게 생겼어요.\"",
      "srcPage": 10,
      "srcSentenceEA": 3,
      "srcWordEA": 16
    }
  ]
}