{
  "title": "아기별이 태어났어요",
  "author": "우현옥",
  "illustrator": "김선진",
  "isbn": "9788956141589",
  "readAge": "유아",
  "publishedYear": 2014,
  "publisher": "차일드아카데미",
  "classification": "자연탐구",
  "paragraphInfoCount": 16,
  "paragraphInfo": [
    {
      "srcTextID": "149235",
      "srcText": "쉬이익, 쉬이익! 요란한 소리가 깜깜한 우주를 뒤흔들었어요. 어디에서인가 가스가 쉴 새 없이 새어 나오더니, 먼지와 뒤엉켜 서로 밀고 당기느라 야단이었어요. “도대체 무슨 일이야?” “시끄러워서 잠을 잘 수가 없네!” 곤히 잠자던 별들이 깨어나서 투덜거렸어요. 별은 어떻게 생겨날까요? 우주에 흩어져 있는 가스가 먼지와 마구 뒤엉키면서 주위의 물질을 끌어 모아 점점 단단해져요. 가스 덩어리는 갈수록 온도가 높아지고 압력이 커 지다가 섭씨 1,500도가 되면 스스로 빛을 내지요. 밤하늘을 아름답게 수놓는 별은 이렇게 생겨나요.",
      "srcPage": 1,
      "srcSentenceEA": 10,
      "srcWordEA": 76
    },
    {
      "srcTextID": "149246",
      "srcText": "그때, 갑자기 요란한 말 울음소리가 들렸어요. “히힝~. 카시오페이아 여왕님이 도착하셨습니다.” 페가수스자리가 날개를 활짝 펼치며 소리쳤어요. “매애~. 안드로메다 공주님도 오셨습니다.” 염소자리와 양자리도 이에 질세라 크게 외쳤지요. 가을 별자리들은 아기별에게 축하 인사를 하랴, 서로를 챙기랴 야단법석이었어요. 가을에 보이는 별자리예요. 가을 밤하늘의 대사각 형을 이루는 페가수스 자리를 다른 별자리들 이 둘러싸고 있어요. 안 드로메다자리, 남쪽물 고기자리, 물병자리도 가을의 밤하늘을 지켜 요.",
      "srcPage": 12,
      "srcSentenceEA": 9,
      "srcWordEA": 66
    },
    {
      "srcTextID": "149247",
      "srcText": "가을 별자리들이 한바탕 인사를 끝마치자, 겨울 별자리들이 우르르 몰려왔어요. 오리온자리, 마차부자리, 큰개자리 등이었지요. “아기별아, 우리는 너와 친구가 되고 싶구나.” 귀여운 토끼자리와 우람한 황소자리, 사랑스러운 쌍둥이자리가 얼른 뒤따라와서 말했어요. 아기별은 해맑게 웃으며 고개를 끄덕였어요.",
      "srcPage": 13,
      "srcSentenceEA": 5,
      "srcWordEA": 36
    },
    {
      "srcTextID": "149248",
      "srcText": "겨울에 보이는 별자리예요. 겨울에는 밝은 별자리가 밤하늘을 화 려하게 수놓아요. 오리온자리의 알파 별 베텔게우스, 큰개자리의 알파별 시 리우스, 작은개자리의 알파별 프로키 온이 겨울 밤하늘의 대삼각형을 이루 지요. 그 밖에 황소자리, 마차부자리, 쌍둥이자리 등을 볼 수 있어요.",
      "srcPage": 14,
      "srcSentenceEA": 4,
      "srcWordEA": 39
    },
    {
      "srcTextID": "149249",
      "srcText": "태양이 지나는 길에 있는 열두 별자리가 우렁차게 노래했어요. “모두 한마음으로 축하해 주니 고마워요.” “아기별아, 너는 참 사랑스럽구나. 우리는 언제나 너와 함께할 거야.”",
      "srcPage": 15,
      "srcSentenceEA": 4,
      "srcWordEA": 23
    },
    {
      "srcTextID": "149250",
      "srcText": "아기별은 행복했어요. 조금도 무섭거나 외롭지 않았지요. “나는 태양님처럼 밝지도 않고, 베텔게우스님처럼 크지도 않아. 하지만 누군가의 마음을 위로해 주는 따뜻하고 소중한 별이 될 거야.” 아기별은 작은 꿈을 담아 온몸을 환히 밝혔어요.",
      "srcPage": 16,
      "srcSentenceEA": 5,
      "srcWordEA": 33
    },
    {
      "srcTextID": "149243",
      "srcText": "“흥, 얼음과 먼지투성이인 꼬리로 앞을 가로막는 통에 숨을 못 쉬겠어.” 사자자리가 볼멘소리를 하자, 목동자리가 거들었어요. “아기별아, 별이 꼬리가 길면 뭐하니? 우리처럼 친구가 많아야 밤하늘에서도 외롭지 않지.” 그 말에 곁에 있던 처녀자리가 고개를 끄덕였어요. 봄의 밤하늘을 아름답게 수놓는 별자리들이었지요. 봄에 보이는 별자리예요. 봄에 보이는 별자리에는 목동자 리, 처녀자리, 사자자리 등이 있 어요. 각 별자리 가운데 가장 밝 은 별을 ‘알파별’이라고 해요. 봄 에는 목동자리의 알파별 아르크 투루스, 처녀자리의 알파별 스피 카, 사자자리의 알파별 데네볼라 가 밤하늘의 대삼각형을 이루어 요.",
      "srcPage": 9,
      "srcSentenceEA": 11,
      "srcWordEA": 87
    },
    {
      "srcTextID": "149245",
      "srcText": "여름에 보이는 별자리예요. 여름에는 백조자리의 알파별 데네브, 거문고자리의 알파별 베가, 독수리자리의 알파별 알 타이르가 밤하늘의 대삼각형을 이루어요. 그 밖에 헤라클 레스자리, 궁수자리, 전갈자리, 돌고래자리, 뱀자리 등 많은 여름 별자리가 있지요.",
      "srcPage": 11,
      "srcSentenceEA": 3,
      "srcWordEA": 32
    },
    {
      "srcTextID": "149237",
      "srcText": "가스는 계속해서 먼지와 서로 뒤섞이면서 더욱 커다란 가스 덩어리가 되었어요. 가스 덩어리는 갈수록 단단해지더니, 뜨거운 열을 내뿜기 시작했지요. 얼마 안 가, 발갛게 달아오른 가스 덩어리에서 반짝반짝 아름다운 빛이 쏟아졌어요. 마침내 앙증맞은 아기별이 태어난 거예요.",
      "srcPage": 3,
      "srcSentenceEA": 4,
      "srcWordEA": 37
    },
    {
      "srcTextID": "149239",
      "srcText": "큰개자리, 작은개자리, 오리온자리 등이 있어요. 겨울 별자리 봄 별자리 목동자리, 처녀자리, 사자자리 등이 있어요. 계절에 따라 별자리가 달라져요. 지구에서는 태양을 등진 쪽에 있는 별들만 볼 수 있어요. 태양을 향한 쪽의 별들은 태양 빛이 너무 강해서 보이지 않거든요. 그런데 지구가 태양의 주 위를 일 년에 한 바퀴씩 돌기 때문에 지구의 위치에 따라 보이는 별자리도 달라져요.",
      "srcPage": 5,
      "srcSentenceEA": 6,
      "srcWordEA": 59
    },
    {
      "srcTextID": "149236",
      "srcText": "바로 그때, 우주를 쪼갤 듯한 굉음이 났어요. 수명을 다한 할아버지 별이 폭발한 거예요. 눈부시게 찬란한 빛과 별의 부스러기가 사방으로 흩어졌지요. “모두 조심해!” 주위에 있던 별들은 그 빛에 떠밀리지 않으려고 서로서로 꼭 붙들었어요.",
      "srcPage": 2,
      "srcSentenceEA": 5,
      "srcWordEA": 35
    },
    {
      "srcTextID": "149238",
      "srcText": "“와, 너무 깜찍하다!” 별들은 너도나도 기뻐하며 한마디씩 했어요. 다른 은하에 있는 별들도 별의 탄생 소식을 듣고 한달음에 달려왔어요. “아기별아, 우주에 태어난 걸 축하해!” 이글거리는 태양, 어마어마하게 큰 베텔게우스, 꼬리별, 길잡이별도 한마음으로 축복해 주었지요. 여름 별자리 가을 별자리 안드로메다자리, 페가수스자리 등이 있어요. 백조자리, 거문고자리, 독수리자리 등이 있어요.",
      "srcPage": 4,
      "srcSentenceEA": 7,
      "srcWordEA": 51
    },
    {
      "srcTextID": "149240",
      "srcText": "별들은 저마다 개성을 한껏 뽐냈어요. “뭐니 뭐니 해도 별은 밝아야 한단다. 그래야 어디든지 환히 비출 수 있어. 너도 나처럼 밝은 별이 되려무나.” 태양이 빛을 더욱 밝게 내뿜으며 말했어요. “알겠어요, 태양님.” 아기별이 초롱초롱 빛을 내며 대답했지요.",
      "srcPage": 6,
      "srcSentenceEA": 7,
      "srcWordEA": 39
    },
    {
      "srcTextID": "149241",
      "srcText": "“쳇, 너는 가까이에 있어서 환해 보일 뿐이야. 너보다 훨씬 밝게 빛나는 별도 많아.” 베텔게우스가 콧방귀를 뀌며 말했어요. “아기별아, 별은 밝게 빛나는 게 당연해. 뭐니 뭐니 해도 별은 나처럼 커야 해.” “알겠어요, 베텔게우스님.” 아기별은 기지개를 쭉 켜며 몸을 부풀렸어요.",
      "srcPage": 7,
      "srcSentenceEA": 7,
      "srcWordEA": 42
    },
    {
      "srcTextID": "149242",
      "srcText": "“호호, 고작 그 정도 크기로 우쭐대니? 마차부자리의 엡실론도 너보다는 클 거야.” 꼬리별이 깔깔거리며 베텔게우스를 비웃었어요. “아기별아, 밝게 빛을 내는 일도, 큰 별이 되는 일도 그리 중요하지 않아. 내 꼬리를 보렴. 너무 탐스럽지 않니?” 꼬리별은 보란 듯이 긴 꼬리를 휘휘 내둘렀어요.",
      "srcPage": 8,
      "srcSentenceEA": 7,
      "srcWordEA": 45
    },
    {
      "srcTextID": "149244",
      "srcText": "그때, 별 한 무리가 은하수를 건너왔어요. “우리 여름 별자리에는 특별한 재주꾼이 많단다. 구성지게 연주하는 거문고자리, 멋진 활 솜씨를 자랑하는 궁수자리처럼 말이야.” 백조자리가 날개를 퍼덕이며 말하자, 밤하늘을 신나게 헤엄치던 돌고래자리, 용감한 헤라클레스자리가 더욱 밝게 빛을 냈어요.",
      "srcPage": 10,
      "srcSentenceEA": 4,
      "srcWordEA": 37
    }
  ]
}