{
  "title": "땅이 아파서 끄응 끙",
  "author": "이호륜",
  "illustrator": "조준봉",
  "isbn": "9788956149691",
  "readAge": "유아",
  "publishedYear": 2014,
  "publisher": "차일드아카데미",
  "classification": "자연탐구",
  "paragraphInfoCount": 16,
  "paragraphInfo": [
    {
      "srcTextID": "149035",
      "srcText": "가만히 주위를 둘러봐. 작은 꽃이나 우람한 나무 밑에서 뿌리를 단단히 감싸고 있는 게 보이지? 그래, 바로 흙으로 뒤덮인 땅이야. 땅은 지구 어디에나 있어. 높이높이 치솟은 산이나 드넓은 초원, 사람과 동식물이 사는 곳곳에 있단다.",
      "srcPage": 1,
      "srcSentenceEA": 5,
      "srcWordEA": 37
    },
    {
      "srcTextID": "149037",
      "srcText": "쉿! 조용히 귀 기울여 봐. 땅이 끙끙 앓는 소리가 들리지 않니? 사람들이 숲을 파헤쳐서 길을 내고 오염 물질을 마구 버린 탓에 기름진 땅이 점점 사막처럼 바뀌고 있어. 사막은 너무 건조하고 거칠어서 동식물과 사람이 살아가기 어렵지.",
      "srcPage": 2,
      "srcSentenceEA": 4,
      "srcWordEA": 39
    },
    {
      "srcTextID": "149039",
      "srcText": "땅은 스스로 깨끗해지는 자정 능력이 있어. 땅속에 있는 미생물이 부지런히 움직여서 오염된 땅을 건강하게 만들거든. 그런데 땅속에 오염 물질이 계속 쌓이면 미생물의 수가 크게 줄어들어서 더 이상 땅이 깨끗해지지 않는단다. 그런데 땅이 왜 점점 오염되는 걸까?",
      "srcPage": 5,
      "srcSentenceEA": 4,
      "srcWordEA": 39
    },
    {
      "srcTextID": "149040",
      "srcText": "미생물이 땅을 깨끗하게 만들어요. 땅속에 있는 미생물은 오염된 물질을 분해해서 양분이 풍부한 물질로 바꾸어 주어요. 그 덕분에 땅이 기름져서 식물이 싱싱하게 자라지요.",
      "srcPage": 6,
      "srcSentenceEA": 3,
      "srcWordEA": 24
    },
    {
      "srcTextID": "149041",
      "srcText": "예로부터 사람들은 땅에서 농사를 지으며 살았어. 그런데 농작물에 들끓는 벌레와 잡초 때문에 해마다 거두어들이는 양이 눈에 띄게 줄었지. 그래서 사람들은 농약을 치고 화학 비료를 듬뿍 주었어. 땅이 스스로 깨끗해질 새도 없이 말이야. 논밭에 농약과 화학 비료가 점점 쌓이면서 땅은 조금씩 조금씩 병들어 갔지.",
      "srcPage": 7,
      "srcSentenceEA": 5,
      "srcWordEA": 47
    },
    {
      "srcTextID": "149042",
      "srcText": "아침에 눈을 뜨면 양치와 세수를 해. 식사를 마치면 설거지를 하고, 빨래와 목욕도 하지. 그런데 집집마다 사용하고 버린 물이 땅을 오염시키는 것을 알고 있니? 샴푸나 세제가 생활 하수에 섞여서 땅속으로 스며들거든.",
      "srcPage": 8,
      "srcSentenceEA": 4,
      "srcWordEA": 33
    },
    {
      "srcTextID": "149043",
      "srcText": "공장에서 버리는 폐수나 쓰레기도 땅을 병들게 해. 납, 수은 등의 중금속이 잔뜩 들어 있거든. 중금속은 고스란히 남아서 땅을 심하게 오염시켜. 오염된 땅을 다시 건강하게 만들려면 아주 오랜 시간과 많은 노력이 필요하지. 나라에서는 땅을 보호하기 위해 폐수를 정화해서 버리게 하는 법을 만들었단다.",
      "srcPage": 9,
      "srcSentenceEA": 5,
      "srcWordEA": 45
    },
    {
      "srcTextID": "149044",
      "srcText": "땅을 오염시키는 것이 또 있어. 자동차의 배기가스와 공장에서 내뿜는 매연이야. 이런 오염 물질이 구름을 이루었다가 비에 섞여 내리는데, 이것을 ‘산성비’라고 해. 산성비는 땅속에 스며들어서 미생물을 없애고, 그 땅에서 자라는 식물을 병들게 한단다.",
      "srcPage": 10,
      "srcSentenceEA": 5,
      "srcWordEA": 36
    },
    {
      "srcTextID": "149046",
      "srcText": "문명이 눈부시게 발달한 덕분에 우리의 생활은 편리하고 윤택해졌어. 하지만 사람들이 숨 가쁘게 도시를 세우고 여러 기계를 발명하는 사이에 땅은 병들어 갔지. 발전을 거듭할수록 늘어만 가는 산업 폐기물이 사람과 동식물의 보금자리가 되어 주는 땅에 돌이킬 수 없는 피해를 가져다준 거야.",
      "srcPage": 12,
      "srcSentenceEA": 3,
      "srcWordEA": 41
    },
    {
      "srcTextID": "149047",
      "srcText": "땅이 건강해야 우리 모두가 건강해. 땅은 생명체가 더불어 살아가는 터전이기 때문이야. 땅을 예전처럼 건강하게 되살리려면 너나없이 힘을 합쳐야 해. 가축의 배설물로 만든 천연 비료를 사용하고, 산업 폐기물을 엄격하게 관리해야 하지. 또 샴푸나 세제 등을 적게 쓰는 일도 매우 중요해.",
      "srcPage": 13,
      "srcSentenceEA": 5,
      "srcWordEA": 43
    },
    {
      "srcTextID": "149048",
      "srcText": "빈 병이나 빈 깡통, 폐지처럼 재활용할 수 있는 쓰레기는 따로 모으고, 쓰레기를 보면 줍는 습관을 길러야 해. 작은 쓰레기가 쌓이고 쌓이면, 지구는 쓰레기 속에 파묻힐지도 모르니까. 또 나무를 많이 심고 잘 가꾸는 일도 땅을 소중히 지키는 방법이란다.",
      "srcPage": 14,
      "srcSentenceEA": 3,
      "srcWordEA": 39
    },
    {
      "srcTextID": "149049",
      "srcText": "땅과 우리는 하나야. 우리는 오랫동안 땅에 기대어 살아왔어. 그동안 땅이 준 혜택을 마음껏 누린 것처럼 이제는 우리가 땅을 잘 보살펴야 해. 그래야 영원히 함께할 수 있을 테니까!",
      "srcPage": 15,
      "srcSentenceEA": 4,
      "srcWordEA": 30
    },
    {
      "srcTextID": "149050",
      "srcText": "일회용품의 사용을 줄여요. 한 번 쓰고 버리는 일회용품의 사용을 줄여요. 나무를 심고 가꾸어요.",
      "srcPage": 16,
      "srcSentenceEA": 3,
      "srcWordEA": 15
    },
    {
      "srcTextID": "149045",
      "srcText": "독성이 강한 쓰레기가 땅속에 묻히면 잘 썩지 않고 해로운 가스를 내뿜어. 비닐은 땅이 숨을 쉴 수 없게 만들고, 폐건전지나 알루미늄 깡통 등에서는 심각한 오염 물질이 빠져나오지. 지금처럼 쓰레기를 마구 버린다면 우리는 쓰레기 더미에 갇혀서 살게 될지도 몰라.",
      "srcPage": 11,
      "srcSentenceEA": 3,
      "srcWordEA": 39
    },
    {
      "srcTextID": "149036",
      "srcText": "땅이 사막처럼 바뀌고 있어요. 기름진 땅이 사막처럼 척박한 땅으로 바뀌는 현상을 ‘사막화’라고 해요. 사막화는 사람들이 나무를 마구 베거나 환경을 오염시킨 탓에 점점 심해지고 있어요. 그로 인해 사람이나 동식물이 살 수 있는 터전이 줄어들 뿐만 아니라 생태계에도 심각한 피해를 주고 있지요.",
      "srcPage": 3,
      "srcSentenceEA": 5,
      "srcWordEA": 44
    },
    {
      "srcTextID": "149038",
      "srcText": "건강한 땅에서 나고 자라는 식물은 빛깔도 곱고 모양도 아름다워. 또 그 식물을 먹고 사는 동물과 사람까지 건강하게 만들어 주지. 땅이 아프면 동식물과 사람이 함께 병들어. 이렇게 땅 위에 사는 모든 동식물은 땅과 떼려야 뗄 수 없는 관계에 있단다.",
      "srcPage": 4,
      "srcSentenceEA": 4,
      "srcWordEA": 41
    }
  ]
}