{
  "title": "재주 많은 다섯 친구",
  "author": "고지혜",
  "illustrator": "김미은",
  "isbn": "9788929110642\t",
  "readAge": "유아",
  "publishedYear": 2015,
  "publisher": "글뿌리",
  "classification": "자연탐구",
  "paragraphInfoCount": 16,
  "paragraphInfo": [
    {
      "srcTextID": "149560",
      "srcText": "\"아기 다람쥐야. 네 선물을 가져가서 미안해.\" 아기 여우가 아주 작은 소리로 말했어.",
      "srcPage": 14,
      "srcSentenceEA": 3,
      "srcWordEA": 14
    },
    {
      "srcTextID": "149553",
      "srcText": "“자세히 말해 볼래?\" \"발소리가 들려서 뒤돌아본 사이, 동그란 갈색 바구니가 사라졌어요.” “바구니 안에 뭐가 들어 있었니?\" \"냄새는 향긋하고, 만지면 매끈매끈하고, 맛은 새콤달콤한 선물이에요.\"",
      "srcPage": 7,
      "srcSentenceEA": 4,
      "srcWordEA": 23
    },
    {
      "srcTextID": "149554",
      "srcText": "\"아기 다람쥐의 선물을 어떻게 찾지?\" 우리는 머리를 맞대고 곰곰이 생각했어. 쫑긋이가 귀를 쫑긋 세우더니 말했어. “쉿! 멀리서 저벅저벅 발소리가 들려!\"",
      "srcPage": 8,
      "srcSentenceEA": 4,
      "srcWordEA": 23
    },
    {
      "srcTextID": "149561",
      "srcText": "“괜찮아. 나도 여우 할머니께 드리려고 했는걸.\" 아기 다람쥐는 여우 할머니께 향긋하고. 매끈매끈하고, 새콤달콤한 사과를 모두 드렸어.",
      "srcPage": 15,
      "srcSentenceEA": 3,
      "srcWordEA": 19
    },
    {
      "srcTextID": "149549",
      "srcText": "벌름벌름 커다란 코, 킁킁이 돼지야. “구수한 빵 냄새군. 향긋한 꽃향기군. 앗, 방귀 냄새!\" 어떤 냄새도 코를 벌름거리면 다 맡아.",
      "srcPage": 3,
      "srcSentenceEA": 5,
      "srcWordEA": 22
    },
    {
      "srcTextID": "149551",
      "srcText": "우물우물 커다란 입, 냠냠이 하마야. “새콤달콤, 시큼시큼, 아이, 짜\" 어떤 맛이라도 입을 우물거리면 다 느껴져.",
      "srcPage": 5,
      "srcSentenceEA": 3,
      "srcWordEA": 16
    },
    {
      "srcTextID": "149552",
      "srcText": "\"어떡해, 으앙!\" 아기 다람쥐가 꽃밭에서 갑자기 울음을 터뜨렸어. \"아기 다람쥐야, 무슨 일이니?\" \"여우 할머니께 드릴 선물을 잃어버렸어요.\"",
      "srcPage": 6,
      "srcSentenceEA": 4,
      "srcWordEA": 18
    },
    {
      "srcTextID": "149557",
      "srcText": "식탁 위에 동그란 바구니가 있어! 나는 긴 팔을 쭉 뻗어 바구니 안에 넣었어. “매끈매끈한 게 들어 있어!\"",
      "srcPage": 11,
      "srcSentenceEA": 3,
      "srcWordEA": 18
    },
    {
      "srcTextID": "149562",
      "srcText": "우리는 눈으로 보지 않고 손으로 만지기만 해도 물건의 종류를 알 수 있어요. 보자기 속에 물건을 넣어 둔 다음 손을 보자기 안으로 집어넣어 물건을 만져 보세요. 느낌이 어떤지. 어떤 물건인지 말해 보세요.",
      "srcPage": 16,
      "srcSentenceEA": 4,
      "srcWordEA": 34
    },
    {
      "srcTextID": "149547",
      "srcText": "얘들아, 안녕! 만나서 반가워. 나는 손으로 만지면 무엇이든 알 수 있어. 보들보들, 꺼끌꺼끌, 따끔따끔! 내 친구들은 더 신기한 재주를 가지고 있단다. 내 친구들을 만나 볼래?",
      "srcPage": 1,
      "srcSentenceEA": 6,
      "srcWordEA": 30
    },
    {
      "srcTextID": "149548",
      "srcText": "부리부리 커다란 눈, 왕눈이 부엉이야. \"알록달록 구슬이네. 반짝반짝 목걸이네. 앗, 찾았다. 맛있는 생쥐!\" 깜깜한 밤에도 눈을 크게 뜨면 다 보여.",
      "srcPage": 2,
      "srcSentenceEA": 6,
      "srcWordEA": 24
    },
    {
      "srcTextID": "149550",
      "srcText": "쫑쫑긋 커다란 귀, 쫑긋이 토끼야. 쿵짝쿵짝 음악 소리, 짹짹짹짹 새소리. 앗, 아기 울음소리는 시끄러워\" 어떤 소리라도 귀를 쫑긋 세우면 다 들려.",
      "srcPage": 4,
      "srcSentenceEA": 4,
      "srcWordEA": 24
    },
    {
      "srcTextID": "149555",
      "srcText": "모두 살금살금 발소리를 따라갔어.\n\"어, 이제 안 들리네\" 그러자 킁킁이가 얼른 코를 벌름거렸어. \"잠깐, 어디서 향긋한 냄새가 나!\"",
      "srcPage": 9,
      "srcSentenceEA": 4,
      "srcWordEA": 19
    },
    {
      "srcTextID": "149556",
      "srcText": "모두 살금살금 향긋한 냄새를 따라갔어. 숲속 작은 집에서 냄새가 솔솔 풍겨 나왔지. 왕눈이가 커다란 눈을 부리부리 떴어.",
      "srcPage": 10,
      "srcSentenceEA": 3,
      "srcWordEA": 19
    },
    {
      "srcTextID": "149558",
      "srcText": "나는 하나를 꺼내 냠냠이에게 주었어. 냠냠이는 와삭 베어 물더니 소리쳤어. \"아, 새콤달콤한 맛이 나! 아기 다람쥐가 잃어버린 선물이 틀림없어!\"",
      "srcPage": 12,
      "srcSentenceEA": 4,
      "srcWordEA": 21
    },
    {
      "srcTextID": "149559",
      "srcText": "저벅저벅 발소리가 다시 들렸어. 우리는 살그머니 창문 안을 들여다보았어. 아기 여우가 할머니께 무언가를 드리고 있지 뭐야.",
      "srcPage": 13,
      "srcSentenceEA": 3,
      "srcWordEA": 18
    }
  ]
}