{
  "title": "부지런한 개미",
  "author": "김미선, 채영숙, 김은정, 박찬",
  "illustrator": "정보 없음",
  "isbn": "895742024X",
  "readAge": "유아",
  "publishedYear": 2003,
  "publisher": "생각의 샘",
  "classification": "자연탐구",
  "paragraphInfoCount": 18,
  "paragraphInfo": [
    {
      "srcTextID": "130856",
      "srcText": "짝짓기를 마친 여왕개미는 알 낳을 방을 만듭니다. 그곳에다 알을 낳은 여왕개미는 몸속에 저장해 둔 양분으로 알을 기릅니다. 알이 더럽혀지지 않도록 이따금 혀로 핥아 줄 때도 있어요. 2주일 정도 지나면 알을 깨고 애벌레가 나옵니다.",
      "srcPage": 12,
      "srcSentenceEA": 4,
      "srcWordEA": 36
    },
    {
      "srcTextID": "130861",
      "srcText": "일개미는 쉬지 않고 먹이를 모읍니다. 자기 혼자만을 위해서가 아니라 개미집의 동료들까지 먹여 살리느라 쉴 틈 없이 돌아다닙니다. 모두들 부지런히 먹이를 모아들 기 때문에 창고마다 먹을 것이 가득합니다. 이제 추운 겨울이 와도 개미들은 걱정이 없답니다.",
      "srcPage": 17,
      "srcSentenceEA": 4,
      "srcWordEA": 37
    },
    {
      "srcTextID": "130834",
      "srcText": "큰 먹이를 발견하면 집으로 돌아가서 다른 일개미들을 데려옵니다. 그리고는 함께 운반해 갑니다. 일개미 혼자서 나르기에는 나비의 날개가 너무 커 보입니다. 커다란 꿀벌의 시체를 끌고 가고 있어요. 혼자 옮기기 힘겨운 먹이는 동료를 데려와서 함께 가져갑니다.",
      "srcPage": 5,
      "srcSentenceEA": 5,
      "srcWordEA": 38
    },
    {
      "srcTextID": "130837",
      "srcText": "냄새로 동료를 알아 내요. 나무줄기를 오르내리는 개미들이 더듬이를 비비면서 인사를 나누고 있어요. 개미 세계에서는 동료가 아니면 모두 적이 됩니다.",
      "srcPage": 6,
      "srcSentenceEA": 3,
      "srcWordEA": 21
    },
    {
      "srcTextID": "130830",
      "srcText": "이제부터 개미의 땅속 집을 엿보기로 해요. 흙이 무너져서 막혀 있는 출입구를 뚫고 있는 개미. 흙무덤을 쌓아 놓은 개미의 집 땅 속 집에서 나오는 일개미.",
      "srcPage": 2,
      "srcSentenceEA": 3,
      "srcWordEA": 26
    },
    {
      "srcTextID": "130862",
      "srcText": "일개미들이 살고 있는 아래쪽에서 살며, 일개미의 보살핌을 받으면서 알을 낳습니다. 온도와 습도에 알맞은 방을 찾아서 이 방 저 방으로 옮겨 다니면서 알을 낳기 때문에 확실하게 정해진 방은 없어요. 풀씨의 껍질을 벗겨서 부드럽게 해 놓은 먹이 먹을 수 있는 것과 먹을 수 없는 먹이로 구분해서 보관해 둡니다.",
      "srcPage": 18,
      "srcSentenceEA": 3,
      "srcWordEA": 48
    },
    {
      "srcTextID": "130835",
      "srcText": "같은 종류의 개미라고 해도 몸냄새가 다르면 적이 됩니다. 집으로 돌아온 개미가 입구를 지키고 있는 개미와 더듬이를 대고 동료인지를 확인하고 있어요. 같은 동료라는 것을 확인한 뒤 꿀을 나누어 주고 있어요.",
      "srcPage": 8,
      "srcSentenceEA": 3,
      "srcWordEA": 31
    },
    {
      "srcTextID": "130840",
      "srcText": "진딧물을 찾아가는 개미. 진딧물의 즙은 개미에게 좋은 먹잇감입니다. 진딧물은 식물의 즙을 빨아 먹고 나서 몸 밖으로 달콤한 즙을 내보냅니다. 개미가 더듬이로 진딧물의 몸을 건드리면 진딧물은 엉덩이에서 단물을 뿜어 냅니다. 이 달콤한 즙이 개미의 먹이가 됩니다.",
      "srcPage": 9,
      "srcSentenceEA": 5,
      "srcWordEA": 39
    },
    {
      "srcTextID": "130849",
      "srcText": "초여름이 되면 날개를 단 수개미들이 눈에 띕니다. 맑은 날이 되면, 날개를 단 수개미들이 집 앞에서 술 거리기 시작합니다. 수개미들 사이에는 몸이 큰 여왕개미도 있어요. 잠시 후, 여왕개미가 힘차게 하늘로 날아오릅니다. 짝짓기를 위한 결혼 비행이 시작된 것입니다.",
      "srcPage": 10,
      "srcSentenceEA": 5,
      "srcWordEA": 40
    },
    {
      "srcTextID": "130855",
      "srcText": "여왕개미가 집을 짓기 시작하자, 일개미들이 옆에서 돕고 있어요. 알 낳을 자리를 찾아다니다가 적당한 장소를 발견하고 구멍을 팝니다. 입으로 알을 핥아 주고 있는 여왕개미.",
      "srcPage": 13,
      "srcSentenceEA": 3,
      "srcWordEA": 25
    },
    {
      "srcTextID": "130831",
      "srcText": "먹이를 찾으러 나온 일개미. 집 공사를 끝낸 일개미들이 먹이를 찾으러 집 밖으로 나왔어요. 먹이를 찾는 일은 태어난 지 2주가 지난 일개미들이 합니다. 일개미들은 몇 마리씩 무리 지어 다닙니다. 먹이를 발견하면 동료들과 힘을 합해서 집으로 옮겨 갑니다.",
      "srcPage": 3,
      "srcSentenceEA": 5,
      "srcWordEA": 40
    },
    {
      "srcTextID": "130858",
      "srcText": "새끼개미는 혼자서 누에고치에서 나오지 못하기 때문에 여왕개미가 도와줍니다. 알에서 나온 지 얼마 안 되는 개미는 몸빛깔이 하얀색입니다. 일개미들이 차례차례 알을 깨고 나옵니다.",
      "srcPage": 15,
      "srcSentenceEA": 3,
      "srcWordEA": 24
    },
    {
      "srcTextID": "130860",
      "srcText": "여왕개미는 알을 낳은 지 얼마 안 되어서 또다시 알을 낳습니다. 그때마다 집은 더욱 커져 갑니다. 일개미들은 여왕개미가 집 짓는 일을 도울 뿐 아니라 먹이를 구해 오고, 애벌레를 키우는 일까지도 도맡아서 합니다. 일개미들은 여왕개미를 중심으로 서로서로 규칙을 지키면서 살아갑니다.",
      "srcPage": 16,
      "srcSentenceEA": 4,
      "srcWordEA": 41
    },
    {
      "srcTextID": "130829",
      "srcText": "땅 속을 파헤치는 개미.  봄이 되어 얼었던 땅이 녹기 시작하면 개미들이 땅속을 파헤치기 시작합니다. 겨울 동안 흙 속에 묻혀 있던 집 구멍을 손질하거나 땅속 집을 정리하려는 것입니다.",
      "srcPage": 1,
      "srcSentenceEA": 3,
      "srcWordEA": 30
    },
    {
      "srcTextID": "130852",
      "srcText": "붕! 날갯소리를 내면서 수컷 개미들이 한꺼번에 하늘로 날아오릅니다. 그들 중에서 가장 힘센 수컷 한 마리가 여왕개미와 공중에서 짝짓기를 하게 되는 것입니다. 짝짓기를 마치고 나면 수컷은 땅에 떨어져 죽고, 여왕개미는 땅으로 내려와서 날개를 떼어 버립니다. 알을 낳게 될 여왕개미는 새로운 집을 짓기 시작합니다.",
      "srcPage": 11,
      "srcSentenceEA": 4,
      "srcWordEA": 46
    },
    {
      "srcTextID": "130859",
      "srcText": "일개미가 태어나기 전까지는 집 짓는 일을 여왕개미 혼자서 합니다. 한 달쯤 지나서 일개미들이 태어납니다. 일개미들은 태어나자마자 여왕개미를 도와서 집을 짓고, 계속해서 태어나는 동생들을 돌보기도 합니다.",
      "srcPage": 14,
      "srcSentenceEA": 3,
      "srcWordEA": 27
    },
    {
      "srcTextID": "130833",
      "srcText": "큰 먹이는 나누어서.  일개미 한 마리가 나비의 날개를 나르고 있어요. 혼자서 나르기엔 너무 힘겨워 보입니다.",
      "srcPage": 4,
      "srcSentenceEA": 3,
      "srcWordEA": 18
    },
    {
      "srcTextID": "130836",
      "srcText": "개미들은 동료를 어떻게 알아보는 걸까요? 더듬이로 서로의 냄새를 맡아서 동료라는 것을 알아낸다고 합니다. 멀리까지 나갔다가도 이 냄새를 맡으면서 집을 찾아 돌아옵니다.",
      "srcPage": 7,
      "srcSentenceEA": 3,
      "srcWordEA": 23
    }
  ]
}