{
  "title": "거울아, 거울아",
  "author": "강선남",
  "illustrator": "차은실",
  "isbn": "9788956149943",
  "readAge": "유아",
  "publishedYear": 2014,
  "publisher": "차일드아카데미",
  "classification": "자연탐구",
  "paragraphInfoCount": 27,
  "paragraphInfo": [
    {
      "srcTextID": "150352",
      "srcText": "나는 집에 돌아오자마자 화장대 앞으로 갔어. “엄마, 이 거울에는 내가 왜 크게 보여요?” “네가 거울을 가까이에서 들여다보기 때문이야.\"",
      "srcPage": 9,
      "srcSentenceEA": 3,
      "srcWordEA": 18
    },
    {
      "srcTextID": "150354",
      "srcText": "“그럼 오목 거울로는 모든 걸 거꾸로 볼 수 있네요? 마을도 도시도 지구도 거꾸로 말이에요!” “네가 크면 그렇게 커다란 오목 거울을 꼭 만들려무나.”",
      "srcPage": 12,
      "srcSentenceEA": 3,
      "srcWordEA": 23
    },
    {
      "srcTextID": "150359",
      "srcText": "“도희야, 우리 몸속에도 볼록 렌즈가 있단다.” 아빠가 가만히 다가와 속삭였어. “정말요? 어디 있는데요?” 나는 눈을 크게 뜨고 몸 여기저기를 살펴보았어.",
      "srcPage": 17,
      "srcSentenceEA": 4,
      "srcWordEA": 23
    },
    {
      "srcTextID": "150369",
      "srcText": "천체 망원경은 렌즈와 거울을 이용해서 만들어요. 천체 망원경은 거울이나 렌즈의 성질을 이용해서 멀리 있는 별을 크게 관찰할 수 있도록 만든 장치예요. 천체 망원경의 종류를 함께 살펴보아요.",
      "srcPage": 27,
      "srcSentenceEA": 3,
      "srcWordEA": 28
    },
    {
      "srcTextID": "150344",
      "srcText": "나는 멋 내기를 좋아하는 일곱 살, 도희야. 엄마 아빠는 나를 ‘거울 공주’라고 불러. 하루 종일 손에서 거울을 놓지 않거든. ",
      "srcPage": 1,
      "srcSentenceEA": 4,
      "srcWordEA": 22
    },
    {
      "srcTextID": "150343",
      "srcText": "거울 말고도 나를 비춰 볼 수 있는 게 또 있어. 반질반질한 숟가락이나 매끈한 은박지처럼 말이야. 그런데 종이나 구깃구깃 구겨진 은박지에는 예쁜 내 얼굴이 비치지 않아.",
      "srcPage": 2,
      "srcSentenceEA": 3,
      "srcWordEA": 27
    },
    {
      "srcTextID": "150347",
      "srcText": "내 단짝 친구 은비랑 영수가 놀러 왔어. 우리는 거울 앞에 나란히 섰지. “어, 거울에 나는 안 보이고 영수가 보여.”",
      "srcPage": 4,
      "srcSentenceEA": 3,
      "srcWordEA": 20
    },
    {
      "srcTextID": "150348",
      "srcText": "볼록 거울에는 빛이 넓게 퍼져요. 볼록 거울은 사물을 비추는 면이 볼록하게 튀어나왔어요. 그래서 볼록 거울에 닿은 빛이 반사되어 여러 방향으로 퍼져 나가기 때문에 평면거울로 보는 것보다 훨씬 넓은 범위를 볼 수 있지요. 이때, 빛은 거울의 뒤쪽에 초점을 만들어서 사물이 똑바로 작게 보인답니다.",
      "srcPage": 7,
      "srcSentenceEA": 4,
      "srcWordEA": 45
    },
    {
      "srcTextID": "150350",
      "srcText": "저녁 무렵, 엄마와 함께 대형 할인점에 갔어. “와, 거울에 사람들이 아주 작게 보여요!” “저런 볼록 거울은 앞으로 볼록하게 튀어나와서 빛을 사방에서 받아들이고 넓게 퍼뜨린단다. 거울의 뒤쪽에 초점을 만들어서 사물이 작게 보이지. 볼록 거울은 넓은 공간을 비추기 때문에 주로 길거리나 대형 할인점 등의 구석에 설치해.”",
      "srcPage": 8,
      "srcSentenceEA": 5,
      "srcWordEA": 46
    },
    {
      "srcTextID": "150351",
      "srcText": "\"오목 거울은 빛을 모아서 거울의 앞쪽에 초점을 만들거든. 사물이 초점 안에 있을 때는 똑바로 크게 보이지만, 초점 밖에 있을 때는 거꾸로 작게 보인단다.” 앗, 정말 멀찌감치에 있는 인형이 거꾸로 작게 보이지 뭐야.",
      "srcPage": 10,
      "srcSentenceEA": 3,
      "srcWordEA": 34
    },
    {
      "srcTextID": "150353",
      "srcText": "오목 거울은 빛을 한곳으로 모아요. 오목 거울은 사물을 비추는 면이 옴폭 들어갔어요. 그래서 오목 거울에 닿은 빛이 거울의 안쪽으로 반사되어서 한곳(초점)으로 모이기 때문에 사물이 초점 안에 있으면 똑바로 크게 보이고, 초점 밖으로 멀어지면 거꾸로 작게 보이지요.",
      "srcPage": 11,
      "srcSentenceEA": 3,
      "srcWordEA": 38
    },
    {
      "srcTextID": "150355",
      "srcText": "엄마가 활짝 웃으며 내 머리를 쓰다듬어 주었어. 오목 거울은 가까이에 있는 사물을 크게 비추어서 면도용이나 화장용 거울, 현미경의 반사경으로 쓰여. 또 빛을 모아서 손전등이나 자동차의 전조등에도 쓰이지.",
      "srcPage": 13,
      "srcSentenceEA": 3,
      "srcWordEA": 29
    },
    {
      "srcTextID": "150360",
      "srcText": "“바로 우리 눈의 수정체가 볼록 렌즈란다. 빛이 수정체를 통과할 때 꺾여서 망막에 모이거든. 물이 담긴 비닐이나 둥근 어항도 볼록 렌즈의 역할을 해.”",
      "srcPage": 18,
      "srcSentenceEA": 3,
      "srcWordEA": 24
    },
    {
      "srcTextID": "150362",
      "srcText": "나는 냉큼 아빠 안경으로 이것저것 들여다보았어. 강아지가 개미만 하고, 집은 마치 장난감 집 같았지. 나는 한참 동안 안경 놀이에 푹 빠져 있었어.",
      "srcPage": 20,
      "srcSentenceEA": 3,
      "srcWordEA": 24
    },
    {
      "srcTextID": "150363",
      "srcText": "오목 렌즈를 통과한 빛은 넓게 퍼져요. 가운데 부분이 옴폭 들어간 렌즈를 ‘오목 렌즈’라고 해요. 오목 렌즈를 통과한 빛은 바깥쪽으로 꺾여서 여러 방향으로 퍼져 나가요. 그 빛을 렌즈의 뒤쪽으로 연결하면 한곳에 모여서 초점을 만들기 때문에 사물이 똑바로 작게 보이지요.",
      "srcPage": 21,
      "srcSentenceEA": 5,
      "srcWordEA": 42
    },
    {
      "srcTextID": "150365",
      "srcText": "그 순간, 나는 할머니의 돋보기가 생각났어. 한번 써 보았더니 세상이 빙글빙글 도는 듯했지. “아빠, 할머니의 돋보기도 오목 렌즈예요?”",
      "srcPage": 22,
      "srcSentenceEA": 3,
      "srcWordEA": 19
    },
    {
      "srcTextID": "150364",
      "srcText": "“아니, 돋보기는 가운데 부분이 두꺼운 볼록 렌즈란다.” “아하, 가까이에 있는 글자가 안 보일 때는 볼록 렌즈를, 멀리 있는 글자가 안 보일 때는 오목 렌즈를 쓰는군요.” 나는 그제야 알겠다는 듯이 고개를 끄덕끄덕했어.",
      "srcPage": 23,
      "srcSentenceEA": 3,
      "srcWordEA": 32
    },
    {
      "srcTextID": "150366",
      "srcText": "안경에는오목 렌즈와 볼록 렌즈가 있어요. 우리 눈으로 들어온 빛은 볼록 렌즈 모양의 수정체를 통과할 때 꺾여서 망막에 상을 맺어요. 수정체는 가까운 곳을 볼 때는 두꺼워지고 먼 곳을 볼 때는 얇아지면서 초점 거리를 조절하지요. 그런데 수정체의 탄력이 떨어지면 상이 망막의 앞이나 뒤에 맺혀서 잘 보이지 않아요. 이때, 오목 렌즈 안경이나 볼록 렌즈 안경을 써서 초점 거리를 조절해요.",
      "srcPage": 24,
      "srcSentenceEA": 5,
      "srcWordEA": 60
    },
    {
      "srcTextID": "150368",
      "srcText": "창밖에 어둠이 내리고 시원한 바람이 불어왔어. 나는 망원경으로 밤하늘을 올려다보았어. 초롱초롱 빛나는 별들이 바로 코앞에 있는 듯했지.",
      "srcPage": 25,
      "srcSentenceEA": 3,
      "srcWordEA": 19
    },
    {
      "srcTextID": "150367",
      "srcText": "“망원경에는 볼록 렌즈가 쓰였네요?” “이야, 우리 도희가 제법인걸!” 나는 이다음에 거울을 연구하는 과학자가 되기로 결심했어. 세상에서 제일가는 거울 공주 과학자 말이야.",
      "srcPage": 26,
      "srcSentenceEA": 4,
      "srcWordEA": 23
    },
    {
      "srcTextID": "150345",
      "srcText": "거울 속의 나는 나랑 똑같으면서도 달라. “참 이상해. 왜 왼쪽과 오른쪽이 뒤바뀌어 보이지?” “우리가 사물을 볼 수 있는 것은 빛이 반사되기 때문인데, 거울은 마치 판화를 찍듯이 빛을 그대로 반사해. 그래서 네 왼팔이 거울 속에서는 오른팔이 되고, 오른팔은 왼팔이 된단다.” 엄마의 말씀에 나는 ‘아, 그렇구나!’ 하고 소리쳤어.",
      "srcPage": 3,
      "srcSentenceEA": 7,
      "srcWordEA": 50
    },
    {
      "srcTextID": "150346",
      "srcText": "“헤헤, 내 눈에는 은비 네가 보이는걸!” 내 양옆에 선 은비와 영수가 한마디씩 했어. 빛은 거울과 이룬 각도만큼 반대쪽으로 튕겨 나가. 그래서 은비와 영수가 상대방을 볼 수 있는 거야.",
      "srcPage": 5,
      "srcSentenceEA": 4,
      "srcWordEA": 31
    },
    {
      "srcTextID": "150356",
      "srcText": "“아빠, 안경알도 거울처럼 오목하거나 볼록해요?” “그럼, 안경알에도 오목 렌즈와 볼록 렌즈가 있어. 그런데 빛은 거울에 닿으면 튕겨 나가고, 렌즈에 닿으면 통과하면서 꺾인단다.” 아빠가 오목 렌즈와 볼록 렌즈에 손전등을 비추었어. 그러자 오목 렌즈를 통과한 빛은 사방으로 퍼지고, 볼록 렌즈를 통과한 빛은 한곳으로 모였지.",
      "srcPage": 14,
      "srcSentenceEA": 5,
      "srcWordEA": 45
    },
    {
      "srcTextID": "150349",
      "srcText": "우리는 간식을 먹으면서 저마다 모습을 비춰 봤어. “이것 봐! 숟가락 안쪽에 내가 거꾸로 보여.” “주전자에는 내 얼굴이 똑바로 보이는걸.” 나랑 은비가 신기해하며 큰 소리로 외치자, 영수도 숟가락 바깥쪽에 얼굴을 비춰 보느라 야단이야. 이렇게 빛은 닿은 면이 오목한지 볼록한지에 따라 한곳으로 모이기도 하고 넓게 퍼지기도 해.",
      "srcPage": 6,
      "srcSentenceEA": 6,
      "srcWordEA": 48
    },
    {
      "srcTextID": "150357",
      "srcText": "“빛이 왜 렌즈마다 다른 방향으로 꺾여요?” “빛은 렌즈의 두꺼운 쪽으로 꺾이는 성질이 있거든. 볼록 렌즈는 가운데 부분이 두껍기 때문에 렌즈를 통과한 빛이 가운데로 모여서 사물이 커 보여.” 아빠의 말이 채 끝나기도 전에 나는 볼록 렌즈를 들고 마당으로 총총 뛰어나갔어. 그러고는 요것조것 닥치는 대로 비춰 보았지.",
      "srcPage": 15,
      "srcSentenceEA": 5,
      "srcWordEA": 48
    },
    {
      "srcTextID": "150358",
      "srcText": "볼록 렌즈를 통과한 빛은 한곳에 모여요. 가운데 부분이 튀어나온 렌즈를 ‘볼록 렌즈’라고 해요. 볼록 렌즈를 통과한 빛은 안쪽으로 꺾여서 한곳(초점)에 모여요. 그래서 사물이 초점 안에 있으면 똑바로 크게 보이고, 초점 밖으로 멀어지면 거꾸로 작게 보이지요.",
      "srcPage": 16,
      "srcSentenceEA": 5,
      "srcWordEA": 39
    },
    {
      "srcTextID": "150361",
      "srcText": "“그럼 아빠가 쓴 안경도 볼록 렌즈예요?” “아니, 이건 오목 렌즈야. 렌즈의 가장자리가 두꺼워서 빛이 넓게 퍼지지. 그래서 가까이에 있는 사물이 작게 보인단다.”",
      "srcPage": 19,
      "srcSentenceEA": 4,
      "srcWordEA": 24
    }
  ]
}