{
  "title": "곤충마을 장기대회",
  "author": "글뿌리",
  "illustrator": "서은정",
  "isbn": "9788929110550",
  "readAge": "유아",
  "publishedYear": 2015,
  "publisher": "글뿌리",
  "classification": "자연탐구",
  "paragraphInfoCount": 16,
  "paragraphInfo": [
    {
      "srcTextID": "151340",
      "srcText": "\"장기 대회가 열린대!\" \"재미있겠다. 나는 노래를 불러야지!\" \"나는 춤을 출 거야!\"",
      "srcPage": 1,
      "srcSentenceEA": 3,
      "srcWordEA": 12
    },
    {
      "srcTextID": "151342",
      "srcText": "\"친구들은 어떤 장기를 자랑할까?\" 거미는 친구들을 살펴보기로 했어요. 먼저 쇠똥구리를 찾아갔지요. \"영차! 영차! 더 크게 굴려야지!\" 쇠똥구리가 커다란 쇠똥 덩어리를 데굴데굴.",
      "srcPage": 3,
      "srcSentenceEA": 6,
      "srcWordEA": 26
    },
    {
      "srcTextID": "151347",
      "srcText": "그때 꿀벌들이 붕붕 날아왔어요. 꿀벌은 등에 달린 두 쌍의 날개로 파르르. 붕붕 날갯짓하며 멋지게 춤을 추었어요. \"와, 정말 멋진걸!\"",
      "srcPage": 7,
      "srcSentenceEA": 4,
      "srcWordEA": 21
    },
    {
      "srcTextID": "151352",
      "srcText": "드디어 장기 대회가 시작되었어요. 곤충들은 무대 앞에 모여서 들썩들썩 신이 났어요. 거미만 혼자 시무룩했지요. \"장기 대회에 꼭 나가고 싶은데.\" 그때였어요. 곤충 마을에 검은 그림자가 서서히 다가왔어요.",
      "srcPage": 12,
      "srcSentenceEA": 6,
      "srcWordEA": 30
    },
    {
      "srcTextID": "151355",
      "srcText": "\" 휴, 거미가 아니었으면 큰일 날 뻔했어!\" \"거미는 역시 멋진 우리 친구야!\" \"그래그래!\" \"거미야, 너도 장기를 뽐내렴.\" \"정말? 고마워!\" 거미와 곤충 친구들은 함께 어울려 신나게 장기 대회를 열었답니다.",
      "srcPage": 15,
      "srcSentenceEA": 5,
      "srcWordEA": 30
    },
    {
      "srcTextID": "151356",
      "srcText": "파리는 왜 계속 손을 비벼요? 부지런히 날아다니다 탁자에 내려앉은 파리를 자세히 보세요. 무엇을 그렇게 잘못했는지 두 손을 열심히 비벼요. 파리는 왜 손을 비빌까요?",
      "srcPage": 16,
      "srcSentenceEA": 4,
      "srcWordEA": 26
    },
    {
      "srcTextID": "151341",
      "srcText": "곤충들인 벌써부터 야단법석이었어요. 거미도 슬금슬금 기어 왔지요. \"장기 대회라면 나도 빠질 수 없지.\"",
      "srcPage": 2,
      "srcSentenceEA": 3,
      "srcWordEA": 14
    },
    {
      "srcTextID": "151343",
      "srcText": "\"아 쇠똥구리는 다리 여섯 개로 쇠똥을 굴리는구나. 데굴데굴 잘도 굴리네.\" 토독 윙윙, 토독 윙윙. \"이게 무슨 소리지?\" 거미는 눈을 동그랗게 뜨고 올려다보았어요.",
      "srcPage": 4,
      "srcSentenceEA": 5,
      "srcWordEA": 25
    },
    {
      "srcTextID": "151344",
      "srcText": "\"잡았다!\" 잠자리가 겹눈을 번득이며 사냥연습을 하고 있었지요. \"아 잠자리는 다닥다닥 겹눈으로 먹잇감을 살피는구나! 어쩌면 저렇게 잽쌀까?\"",
      "srcPage": 5,
      "srcSentenceEA": 3,
      "srcWordEA": 18
    },
    {
      "srcTextID": "151348",
      "srcText": "\"풀숲으로 들어가자 귀뚜라미가 있었어요. 귀뚜라미는 머리에 멋진 더듬이가 쑥쑥. 거미는 고개를 갸웃거리며 물었어요. \"귀뚜라미야, 더듬이로 무얼 하니?\" \"더듬더듬 무엇이든 알아맞히지.\"",
      "srcPage": 8,
      "srcSentenceEA": 5,
      "srcWordEA": 22
    },
    {
      "srcTextID": "151350",
      "srcText": "\"나도 빨리 장기 대회 연습해야지!\" 거미는 거미줄을 만들어 쓱쓱 미끄럼을 타고, 주르륵 내려왔어요. 하지만 곤충 친구들은 고개를 갸우뚱갸우뚱.",
      "srcPage": 10,
      "srcSentenceEA": 3,
      "srcWordEA": 20
    },
    {
      "srcTextID": "151351",
      "srcText": "\"거미야, 넌 장기 대회에 나갈 수 없어.\" 거미는 깜짝 놀랐어요. \"왜? 나도 곤충마을에 살잖아.\" \"너는 곤충이 아니야!\" 곤충 친구들이 한목소리로 말했어요.",
      "srcPage": 11,
      "srcSentenceEA": 5,
      "srcWordEA": 24
    },
    {
      "srcTextID": "151354",
      "srcText": "어머나! 무시무시한 사마귀예요. 사마귀는 입맛을 쩝쩝 다시며 슬금슬금 다가왔어요. \"앗, 친구들이 위험해!\"",
      "srcPage": 13,
      "srcSentenceEA": 3,
      "srcWordEA": 14
    },
    {
      "srcTextID": "151353",
      "srcText": "거미는 거둘러 커다란 거미줄을 짰어요. 그리고 사마귀를 향해 힘껏 휙! \"살려 줘!\" 사마귀는 그물 안에서 발버둥 쳤어요.",
      "srcPage": 14,
      "srcSentenceEA": 4,
      "srcWordEA": 19
    },
    {
      "srcTextID": "151346",
      "srcText": "맴맴, 맴맴. 수컷 매미가 큰 소리로 노래했어요. 거미는 슬쩍 매미에게 다가가 물었어요. \"매미야, 너는 어떻게 노래를 부르니?\" \"나는 머리, 가슴, 배가 있어. 이 통통한 배를 울려서 노래 부른단다.\"",
      "srcPage": 6,
      "srcSentenceEA": 6,
      "srcWordEA": 31
    },
    {
      "srcTextID": "151349",
      "srcText": "꾸불꾸불 땅속 개미집 문을 똑똑. \"개미야, 너희는 왜 장기 대회 연습을 안 해?\" \"우리는 동생들을 돌보느라 바빠. 동생들은 알에서 깨어 애벌레가 돼. 그리고 번데기가 되었다가 어른 개미가 되지.\"",
      "srcPage": 9,
      "srcSentenceEA": 5,
      "srcWordEA": 30
    }
  ]
}