{
  "title": "토비의 사파리 여행",
  "author": "장지윤",
  "illustrator": "배중열",
  "isbn": "9791186298077",
  "readAge": "유아",
  "publishedYear": 2015,
  "publisher": "꼬마대통령",
  "classification": "자연탐구",
  "paragraphInfoCount": 20,
  "paragraphInfo": [
    {
      "srcTextID": "97651",
      "srcText": "\"네, 아빠! 정말 신나요.\" 우리는 동물의 왕국 아프리카 세렝게티 국립 공원으로 출발했어요.",
      "srcPage": 2,
      "srcSentenceEA": 3,
      "srcWordEA": 14
    },
    {
      "srcTextID": "97704",
      "srcText": "숙소로 돌아오는 길에 원숭이 떼를 만났어요. 아빠는 원숭이들을 놓칠세라 사진을 찍었지요. 아빠가 사진 찍는 동안 가까이에서 원숭이들을 볼 수 있어 참 좋았어요.",
      "srcPage": 8,
      "srcSentenceEA": 3,
      "srcWordEA": 24
    },
    {
      "srcTextID": "97706",
      "srcText": "여행을 마치고는 숙소로 돌아와 저녁을 먹었어요. 처음 먹는 아프리카 음식도 맛있었고, 아프리카 사람들처럼 손으로 먹는 것도 재미있었어요. 밥을 먹고 나자 금세 졸음이 쏟아졌어요.",
      "srcPage": 9,
      "srcSentenceEA": 3,
      "srcWordEA": 25
    },
    {
      "srcTextID": "97707",
      "srcText": "다음 날, 숙소 앞 울타리 안에 아기 코끼리가 있었어요. \"어? 아기 코끼리잖아.\" 내가 아기 코끼리를 쓰다듬고 있는데 아빠가 다녀왔어요. \"가족들과 떨어져 혼자 외롭게 있는 것을 어제 이곳으로 데려왔다는구나.\"",
      "srcPage": 11,
      "srcSentenceEA": 4,
      "srcWordEA": 30
    },
    {
      "srcTextID": "97700",
      "srcText": "우리는 숙소에 짐을 내려놓고 사파리 차에 오라탔어요. 사파리 차는 초원을 향해 쌩썡 달렸어요. 기린은 높은 나뭇가지의 잎을 뜯어 먹고 있었어요. 영양과 누 떼도 보였지요.",
      "srcPage": 4,
      "srcSentenceEA": 4,
      "srcWordEA": 27
    },
    {
      "srcTextID": "97711",
      "srcText": "나는 아기 코끼리가 가족을 찾았으면 좋겠다고 생각하면서 점심을 먹으러 숙소로 향했어요. 숙소에서는 수의사와 야생 동물 구조대가 아기 코끼리를 트럭에 태우고 있었어요. 멀리 야생 동물 구조대의 헬리콥터도 보였고요.",
      "srcPage": 14,
      "srcSentenceEA": 3,
      "srcWordEA": 29
    },
    {
      "srcTextID": "97710",
      "srcText": "그때 안내원 아저씨가 말했어요. \"아기 코끼리를 가족들에게 데려다주려는 모양이군!\" \"정말요? 우리도 구경하러 가요.\" 우리는 식사를 미루고 야생 동물 구조대를 따라갔어요.",
      "srcPage": 15,
      "srcSentenceEA": 4,
      "srcWordEA": 22
    },
    {
      "srcTextID": "97713",
      "srcText": "멀리 코끼리 떼가 보이자 아기 코끼리를 내려 주었어요. 그런데 아기 코끼리는 그 자리에서 꿈쩍도 하지 않았어요. \"어서 엄마 아빠에게로 가!\"",
      "srcPage": 16,
      "srcSentenceEA": 3,
      "srcWordEA": 21
    },
    {
      "srcTextID": "97701",
      "srcText": "\"코끼리가 놀라면 공격을 하거든.\" \"네, 조용히 할게요. 그런데 저기 아기 코끼리도 있어요.\"",
      "srcPage": 6,
      "srcSentenceEA": 3,
      "srcWordEA": 13
    },
    {
      "srcTextID": "97705",
      "srcText": "달이 무척 밝다. 야생 동물 구조대들은 아직까지 일을 하나? 코끼리 그림자같이 생긴 건 뭘까? 아함, 졸려!",
      "srcPage": 10,
      "srcSentenceEA": 4,
      "srcWordEA": 19
    },
    {
      "srcTextID": "97714",
      "srcText": "\"토비야, 괜찮니?\" 아빠는 나를 안고 물었어요. \"네, 괜찮아요. 아기 코끼리가 가족들을 만나서 다행이에요.\"",
      "srcPage": 18,
      "srcSentenceEA": 4,
      "srcWordEA": 15
    },
    {
      "srcTextID": "97715",
      "srcText": "야생 동물 구조대의 헬리콥터와 구급차도 달려왔어요. 안내원 아저씨와 야생 동물 구조대가 코끼리들을 초원으로 이끌었어요. 아기 코끼리가 행복해하는 모습을 보자 나는 기분이 무척 좋았어요.",
      "srcPage": 19,
      "srcSentenceEA": 3,
      "srcWordEA": 25
    },
    {
      "srcTextID": "97652",
      "srcText": "우리 아빠는 여행가에요. 나는 처음으로 아빠와 함께 여행을 떠나기로 했어요. \"토비야, 네가 평소에 좋아하는 동물을을 모두 보고 오자꾸나.\"",
      "srcPage": 1,
      "srcSentenceEA": 3,
      "srcWordEA": 19
    },
    {
      "srcTextID": "97656",
      "srcText": "아프리카는 무척 더워서 신고 온 운동화를 벗고 타이어로 만든 까만 샌들을 신었어요. 그리고 오버랜드 트럭을 타고 사파리로 향했지요. 덜컹덜컹 트럭이 흔들릴 때마다 사람들은 흔들흔들 어깨춤을 추는 것 같았어요.",
      "srcPage": 3,
      "srcSentenceEA": 3,
      "srcWordEA": 30
    },
    {
      "srcTextID": "97702",
      "srcText": "한참을 더 달리자 코끼리 가족이 보였어요. \"와! 코끼리다.\" 내가 너무 기뻐서 소리를 지르자 안내원 아저씨가 손짓하며 말했어요. \"쉿, 토비야! 코끼리를 놀라게 하면 안 돼. \"",
      "srcPage": 5,
      "srcSentenceEA": 5,
      "srcWordEA": 27
    },
    {
      "srcTextID": "97703",
      "srcText": "그때 우르르 쾅쾅 천둥소리가 들리더니 주륵주륵 비가 내리기 시작했어요. 우리는 비를 피해 나무 아래에 차를 세웠어요. 사람들이 비를 피하고 있는 사이, 동물들은 고개를 들어 빗물을 받아 먹었어요.",
      "srcPage": 7,
      "srcSentenceEA": 3,
      "srcWordEA": 29
    },
    {
      "srcTextID": "97708",
      "srcText": "나는 아기 코끼리와 조금 놀다가 초원으로 향했어요. \"아빠, 동물들이 어제보다 기분 좋아 보여요.\" \"비가 온 뒤라 시원해서 그럴 거야.\"",
      "srcPage": 12,
      "srcSentenceEA": 3,
      "srcWordEA": 19
    },
    {
      "srcTextID": "97709",
      "srcText": "밤에 사냥을 하나 사자와 표범은 쿨쿨 낮잠을 자고 있었어요. 한참 동안 구경하고 있는데 코끼리 떼가 보였어요. '혹시 아기 코끼리의 가족들이 아닐까?'",
      "srcPage": 13,
      "srcSentenceEA": 3,
      "srcWordEA": 22
    },
    {
      "srcTextID": "97712",
      "srcText": "나는 아기 코끼리를 코끼리 떼 가까이로 떠밀었어요. 그때 갑자기 큰 코끼리들이 성큼성큼 다가왔어요. 아빠와 안내원 아저씨가 깜짝 놀라 뛰어왔지요.",
      "srcPage": 17,
      "srcSentenceEA": 3,
      "srcWordEA": 21
    },
    {
      "srcTextID": "97716",
      "srcText": "\"뽈리 뽈리, 하쿠나 마타타!\" 아프리카 사람들이 늘 하는 말인데, '천천히 천천히, 다 잘될 거야'라는 뜻이래요. 아기 코끼리가 가족을 찾는 일도 마찬가지였지요. 우리는 다시 오버랜드 트럭을 타고 새로운 모험을 찾아 출발했어요.",
      "srcPage": 20,
      "srcSentenceEA": 6,
      "srcWordEA": 34
    }
  ]
}