{
  "title": "행복이의 마법 개그(개그맨)",
  "author": "송선진",
  "illustrator": "연승희",
  "isbn": "9788968736902",
  "readAge": "유아",
  "publishedYear": 2020,
  "publisher": "키움북스",
  "classification": "자연탐구",
  "paragraphInfoCount": 19,
  "paragraphInfo": [
    {
      "srcTextID": "109785",
      "srcText": "어버이날을 맞이하여, 햇님반 친구들은 선생님과 함께 양로원으로 봉사활동을 갔어요. 재롱잔치를 보여드리기 위해서였죠. \"어서 와라, 귀여운 꼬마 천사들.\"",
      "srcPage": 3,
      "srcSentenceEA": 3,
      "srcWordEA": 18
    },
    {
      "srcTextID": "109784",
      "srcText": "드디어 마지막 순서! 행복이가 물구나무서기를 하고 등장하네요. 행복이는 국민 개그맨 유벙글 아저씨 성대모사와 재미있는 개그로 모두를 행복하게 해주었어요.",
      "srcPage": 4,
      "srcSentenceEA": 3,
      "srcWordEA": 20
    },
    {
      "srcTextID": "107021",
      "srcText": "행복이는 '창작 개그왕 선발대회'에서 상을 받진 못했지만 녹화를 마친 행복이의 얼굴은 행복해 보였답니다. 왜냐고요? 행복이의 우상인 유벙글 아저씨가 이렇게 말했기 때문이에요. \"행복아, 오늘 나에게 최고의 개그맨은 너였단다. 열심히 노력해서 이 다음에 같은 무대에서 사람들을 웃겨보자.\"",
      "srcPage": 10,
      "srcSentenceEA": 6,
      "srcWordEA": 39
    },
    {
      "srcTextID": "107024",
      "srcText": "개그맨은  방송이나 희극 공연장에서 재치 있는 말, 우스꽝스러운 분장과 몸짓으로 사람들에게 웃음을 주는 사람이에요. 남자는 개그맨, 여자는 개그우먼이에요. 개그맨이 되려면? 학력 제한은 없지만, 대학의 연극영화과나 코미디 연기학과에서 교육과 훈련을 받으면 개그맨이 되는데 큰 도움이 돼요. 방송사 시험에 합격하거나 코미디 극단에서 희극 연기경험을 쌓는 방법이 있어요.",
      "srcPage": 13,
      "srcSentenceEA": 5,
      "srcWordEA": 50
    },
    {
      "srcTextID": "107030",
      "srcText": "지금부터 무얼 하면 좋을까요? 새로운 아이디어를 생각해 내기 위해서는 평소에도 메모하는 습관이 중요해요. 그리고 대사나 몸짓으로 실감 나게 전달하기 위한 연기력과 순발력도 필요한데, 매일 연기 훈련을 통해 연기력을 키울 수 있어요. 항상 사람들이 즐거워할 수 있는 것을 탐구하고, 다양한 경험을 쌓는다면, 훌륭한 개그맨이 될 수 있을 거예요.",
      "srcPage": 18,
      "srcSentenceEA": 4,
      "srcWordEA": 50
    },
    {
      "srcTextID": "107031",
      "srcText": "어떤 능력이 필요한가요? 사람을 즐겁게 하는 일을 하는 개그맨은, 사람들에게 웃음을 주는 일을 좋아하고 소질도 있어야 해요. 또 새로운 아이디어를 생각할 수 있는 창의력이 필요하고, 이에 따른 스트레스를 잘 견딜 수 있어야 해요. 마지막으로 끊임없는 자기 변신과 희극연기에 대한 열정이 필요해요.",
      "srcPage": 19,
      "srcSentenceEA": 4,
      "srcWordEA": 44
    },
    {
      "srcTextID": "107015",
      "srcText": "그래서 행복이 곁에는 늘 친구들이 많죠. 친구랑 싸워서 울적한 친구도 엄마한테 혼이 나서 기분이 좋지 않은 친구도 행복이의 개그를 보고 있으면 기분이 좋아져요. 정말 신기하죠?",
      "srcPage": 2,
      "srcSentenceEA": 3,
      "srcWordEA": 27
    },
    {
      "srcTextID": "107017",
      "srcText": "다음 날, '개그 신동 행복이'라는 제목으로 행복이 기사가 지역신문에 크게 실렸어요. 신문을 읽은 마을 사람들과 친구들은 행복이에게 축하인사를 건넸어요. \"행복아, 우린 네가 정말 자랑스러워.\"",
      "srcPage": 6,
      "srcSentenceEA": 5,
      "srcWordEA": 26
    },
    {
      "srcTextID": "107018",
      "srcText": "행복이는 개그 방송에도 참가하게 되었어요. 방송국에서도 행복이의 가능성을 알아본 거죠. 그날 밤, 행복이는 아주 기뻐서 잠을 이루지 못했어요. 행복이의 꿈은 개그맨이 되는 거랍니다.",
      "srcPage": 7,
      "srcSentenceEA": 4,
      "srcWordEA": 26
    },
    {
      "srcTextID": "107022",
      "srcText": "행복이는 다른 사람들이 자신의 개그를 보고 웃는 모습을 볼 때 가장 행복해요. '콩닥콩닥' 드디어 방송 녹화 날이 다가왔어요. 평소 씩씩하고 자신감 넘치는 행복이였지만 이날만큼은 무척이나 긴장돼 보였어요.",
      "srcPage": 11,
      "srcSentenceEA": 3,
      "srcWordEA": 29
    },
    {
      "srcTextID": "107028",
      "srcText": "개그맨으로서 보람을 느낄 때는? 자신의 아이디어가 사람들에게 웃음을 주고 모든 사람이 따라 하는 유행어가 될 때 보람을 느낄 수 있어요. 특히 몸과 마음이 아픈 사람들에게 잠시라도 웃음을 줄 수 있고, 전달되는 즐거움 을 통해 아픈 사람들이 건강해질 수 있다고 자부할 수 있어요.",
      "srcPage": 16,
      "srcSentenceEA": 3,
      "srcWordEA": 44
    },
    {
      "srcTextID": "107029",
      "srcText": "개그맨으로서 힘든 점은 무엇일까요? 사람들을 즐겁게 하려면 개인적으로 슬프고 아픈 일이 있더라도 웃으며 연기해야 할 때가 있어요. 자신의 감정을 숨기고 연기를 해야 하는 일이 생길 때 가장 큰 어려움을 느낀다고 해요.",
      "srcPage": 17,
      "srcSentenceEA": 3,
      "srcWordEA": 33
    },
    {
      "srcTextID": "107025",
      "srcText": "단막극 형식의 희극을 창작하고 청중을 웃게 할 수 있는 언어와 행동을 연구해요. 연습하는 상황에서 즉흥적인 애드리브와 연출을 통해 극을 더욱 재미있게 만들려고 노력하지요. 방송 개그는 녹화방송으로 진행되는 게 일반적이므로 실수를 하면 다시 연기하기도 해요. 그리고 공연장에서 연기하는 공연 개그는 관객과 호흡하는 연기에 중점을 두게 된답니다.",
      "srcPage": 15,
      "srcSentenceEA": 4,
      "srcWordEA": 48
    },
    {
      "srcTextID": "107014",
      "srcText": "햇님반 친구들의 웃음꽃이 활짝 폈어요. 왜냐고요? 행복이가 있기 때문이에요. 행복이는 사람들을 즐겁게 해주고 웃게 해주는 재주가 있는 친구예요.",
      "srcPage": 1,
      "srcSentenceEA": 4,
      "srcWordEA": 21
    },
    {
      "srcTextID": "107016",
      "srcText": "때마침, 지역신문사에서 봉사활동을 온 햇님반 친구들과 선생님을 취재해 갔어요. 그중에서도 행복이는 가장 많은 관심을 받았답니다. 인터뷰도 따로 하고, 사진도 찍고 말이죠!",
      "srcPage": 5,
      "srcSentenceEA": 3,
      "srcWordEA": 23
    },
    {
      "srcTextID": "107019",
      "srcText": "\"개울가에 올챙이 한 마리\" 강당으로 올라간 햇님반 친구들은 준비한 순서대로 열심히 연습한 노래와 율동을 보여드렸어요. 친구들과 양로원 공연을 하기로 계획했다면 팀을 짜서 춤과 노래를 연습해 봐요. 열심히 준비하여 공연하면 그것을 보신 할머니 할아버지가 즐거워하는 모습에 보람을 느끼게 되죠.",
      "srcPage": 8,
      "srcSentenceEA": 4,
      "srcWordEA": 41
    },
    {
      "srcTextID": "107020",
      "srcText": "녹화가 시작되고, 행복이는 열심히 준비한 창작 개그를 선보였어요. 진행을 맡은 유벙글 아저씨는 물론, 방청객 모두 배꼽을 잡고 웃었답니다. \"정말, 개그 신동이 맞네요!\" 행복이는 유벙글 아저씨의 칭찬에 얼굴이 빨개졌어요.",
      "srcPage": 9,
      "srcSentenceEA": 4,
      "srcWordEA": 30
    },
    {
      "srcTextID": "107023",
      "srcText": "할아버지와 할머니들께서는 따뜻하고 사랑스러운 눈빛으로 바라봐주셨어요. 마치 손자와 손녀들을 바라보듯이 말이에요. 할아버지 할머니 건강하세요!",
      "srcPage": 12,
      "srcSentenceEA": 3,
      "srcWordEA": 16
    },
    {
      "srcTextID": "107026",
      "srcText": "주로 희극을 창작하고 연습하여 공연해요. 그리고 TV쇼와 각종 연예 프로그램, 각종 행사 진행 등의 활동을 합니다. 최근 들어 다양한 분야로 재능이 있는 개그맨들이 많아, 연기도 하고 가수처럼 정식 음반을 내는 등 영역의 구분 없이 엔터테이너로서 활동하기도 해요.",
      "srcPage": 14,
      "srcSentenceEA": 3,
      "srcWordEA": 39
    }
  ]
}