{
  "title": "오줌이 졸졸 땀이 삐질삐질",
  "author": "소라게",
  "illustrator": "허아성",
  "isbn": "9791165951290",
  "readAge": "유아",
  "publishedYear": 2021,
  "publisher": "아람북스",
  "classification": "자연탐구",
  "paragraphInfoCount": 16,
  "paragraphInfo": [
    {
      "srcTextID": "21127",
      "srcText": "도깨비에게 방광을 줬더니 정말 오줌이 안 나왔어. 숨바꼭질하다가도, 만화 영화를 보다가도, 귀찮게 화장실을 가지 않아도 됐지. 오줌을 참느라 몸을 배배 꼬지 않아도 되고.",
      "srcPage": 4,
      "srcSentenceEA": 3,
      "srcWordEA": 25
    },
    {
      "srcTextID": "23176",
      "srcText": "조금만 더, 조금만 더 놀고. 오줌이 마려웠지만 꾹 참았어. 그러다 바지에 오줌을 누어 버렸어.",
      "srcPage": 1,
      "srcSentenceEA": 3,
      "srcWordEA": 16
    },
    {
      "srcTextID": "21128",
      "srcText": "그런데 한참 뒤, 배가 슬슬 아프고, 식은땀이 삐질삐질 나는 거야. 몸은 또 왜 이리 오들오들 떨리는지. “엄마, 나 몸이 이상해요.”",
      "srcPage": 5,
      "srcSentenceEA": 3,
      "srcWordEA": 21
    },
    {
      "srcTextID": "23175",
      "srcText": "아이, 창피해. 화장실 가기는 너무 귀찮은데, 오줌 안 누는 방법 없나? 괜찮아, 그럴 수도 있지. 어떡해! 큰일 났다! 창피해. 앗, 드디어 찾았다!",
      "srcPage": 2,
      "srcSentenceEA": 7,
      "srcWordEA": 28
    },
    {
      "srcTextID": "21129",
      "srcText": "곧바로 난 엄마와 병원에 갔어. “뭐? 오줌을 안 누었다고?” 의사 선생님이 깜짝 놀랐어. “오줌은 몸에서 걸러진 찌꺼기가 물과 섞여 나오는 거야. 한번 사용하고 남은 찌꺼기는 버려야 해.”",
      "srcPage": 6,
      "srcSentenceEA": 5,
      "srcWordEA": 30
    },
    {
      "srcTextID": "23177",
      "srcText": "잠자기 전, 오줌을 눌까 말까 생각하고 있는데, 어디선가 도깨비가 뿅 나타났어. “오줌 누기 싫으면 내가 방광을 가져갈까?” “방광이 뭔데?” “몸 안에 오줌을 모아 두는 주머니야.” “어, 방광이 없으면 오줌도 안 나오겠네? 그럼, 당장 가져가!”",
      "srcPage": 3,
      "srcSentenceEA": 6,
      "srcWordEA": 35
    },
    {
      "srcTextID": "21131",
      "srcText": "“그런데 오줌 누는 게 너무 귀찮아요.” “그렇다고 참으면 절대 안 돼. 오줌이 마려운 건, 방광에 오줌이 가득 찼다는 뜻이야. 오줌을 오래 참으면, 오줌에 있던 찌꺼기들이 쌓여서 몸이 아플 수 있어. 오줌은 꼭 몸 밖으로 내보내야 한단다.”",
      "srcPage": 7,
      "srcSentenceEA": 5,
      "srcWordEA": 39
    },
    {
      "srcTextID": "21135",
      "srcText": "이번에도 난 엄마와 병원에 갔어. “뭐? 땀이 안 난다고?” 의사 선생님이 깜짝 놀랐어. “땀은 우리 몸의 체온을 조절해 줘. 더울 때는 땀을 흘려서 몸을 식혀 준단다.”",
      "srcPage": 11,
      "srcSentenceEA": 5,
      "srcWordEA": 29
    },
    {
      "srcTextID": "21137",
      "srcText": "밤이 되자 나는 큰 소리로 도깨비를 불렀어. “도깨비야, 내 땀샘을 돌려줘. 대신 내가 가장 아끼는 걸 줄게!”",
      "srcPage": 12,
      "srcSentenceEA": 3,
      "srcWordEA": 18
    },
    {
      "srcTextID": "21133",
      "srcText": "도깨비에게 땀샘을 줬더니 정말 땀이 한 방울도 안 났어. 아무리 더워도, 열심히 운동해도, 피부가 보송보송했지. 땀이 안 나니 이렇게 편할 수가!",
      "srcPage": 9,
      "srcSentenceEA": 3,
      "srcWordEA": 23
    },
    {
      "srcTextID": "21138",
      "srcText": "땀샘을 돌려받으니 다시 땀이 났어. 땀이 줄줄 날 때, 바람을 쐬니 정말 시원했지. 몸도 훨씬 가벼워진 것 같았어.",
      "srcPage": 14,
      "srcSentenceEA": 3,
      "srcWordEA": 20
    },
    {
      "srcTextID": "21132",
      "srcText": "그날 밤, 나는 도깨비를 불렀어. “도깨비야, 내 방광을 돌려줘.” “그럼, 땀샘을 줄래? 땀샘은 땀을 만들어, 몸 밖으로 내보내는 곳이야.” “그래? 땀샘이 없으면 땀도 안 나겠네? 그럼, 당장 가져가!”",
      "srcPage": 8,
      "srcSentenceEA": 6,
      "srcWordEA": 31
    },
    {
      "srcTextID": "21134",
      "srcText": "그런데 한참 뒤, 차가운 물을 벌컥벌컥 마시고 시원한 바람을 쐬어도 피부가 불이 난 것처럼 뜨거웠어. 그리고 몸이 왜 이렇게 가려운지. “엄마, 나 몸이 이상해요.”",
      "srcPage": 10,
      "srcSentenceEA": 3,
      "srcWordEA": 25
    },
    {
      "srcTextID": "21136",
      "srcText": "나는 젤리를 꺼내 도깨비 입에 쏙 넣어 주었어. “우아, 쫀득쫀득 새콤달콤 너무 맛있다!” 도깨비는 눈이 휘둥그레졌어. “땀샘을 돌려줄 테니, 젤리 좀 더 줘!” 맛있어!",
      "srcPage": 13,
      "srcSentenceEA": 5,
      "srcWordEA": 26
    },
    {
      "srcTextID": "21139",
      "srcText": "신나서 팔짝팔짝 뛰어다니다 꽈당 넘어지고 말았어. 울고 싶지 않은데 눈물이 왈칵. 어! 도깨비가 또 나타났네. 설마 눈물샘을 달라고 하는 건 아니겠지?",
      "srcPage": 15,
      "srcSentenceEA": 5,
      "srcWordEA": 25
    },
    {
      "srcTextID": "143813",
      "srcText": "오줌은 왜 누고 땀은 왜 흘릴까? 우리는 하루에도 몇 번씩 오줌을 누고, 더우면 땀을 흘려요. 우리 몸에서 오줌과 땀은 어떻게 만들어지는지 알아보아요. 우리 몸은 우리가 먹은 음식물 중, 몸에 필요한 것은 빨아들이고, 필요 없는 것은 몸 밖으로 내보내요. 땀과 오줌은, 필요 없는 찌꺼기가 물과 섞여서 몸 밖으로 나온 것인데, 이것을 배설이라고 해요.",
      "srcPage": 16,
      "srcSentenceEA": 5,
      "srcWordEA": 56
    }
  ]
}