{
  "title": "딸꾹질을 멈추려면?",
  "author": "고희동",
  "illustrator": "이탁근",
  "isbn": "9791165951269",
  "readAge": "유아",
  "publishedYear": 2021,
  "publisher": "아람북스",
  "classification": "자연탐구",
  "paragraphInfoCount": 17,
  "paragraphInfo": [
    {
      "srcTextID": "14944",
      "srcText": "욤욤 씨가 만든 음식은 정말 맛있어. 항상 많은 사람이 줄을 서서 기다리지. 욤욤 씨가 만든 음식을 먹으면 사람들 얼굴에서 웃음꽃이 피어나. 아주 가끔은 너무 맛있어서 눈물을 흘리는 사람도 있다니까.",
      "srcPage": 1,
      "srcSentenceEA": 4,
      "srcWordEA": 32
    },
    {
      "srcTextID": "14947",
      "srcText": "딸꾹! 이게 다 딸꾹질 때문이야! 요리할 때마다 딸꾹! 아무리 참아도 딸꾹! 도저히 멈추지 않는 딸꾹, 딸꾹, 딸꾹질!",
      "srcPage": 3,
      "srcSentenceEA": 4,
      "srcWordEA": 21
    },
    {
      "srcTextID": "14948",
      "srcText": "“딸꾹질 때문에 음식을 제대로 만들 수가 없어요.” 욤욤 씨의 말이 끝나자마자 과일 가게 아주머니가 나섰어. “욤욤 씨, 걱정하지 마. 우리가 도와줄게!”",
      "srcPage": 5,
      "srcSentenceEA": 4,
      "srcWordEA": 23
    },
    {
      "srcTextID": "14955",
      "srcText": "과일 가게 아주머니는 설명을 이어 나갔어. 그런데 사람만 숨을 쉬는 게 아니야. 물고기도 아가미를 뻐끔거리면서 숨을 쉬어. 물고기는 물속에 녹아 있는 산소를 마시는 거야.",
      "srcPage": 11,
      "srcSentenceEA": 4,
      "srcWordEA": 27
    },
    {
      "srcTextID": "14949",
      "srcText": "결국 욤욤 씨는 가게 문을 닫을 수밖에 없었어. 그렇게 며칠이 지나고, 주변 가게의 주인들이 욤욤 씨를 찾아왔어. “욤욤 씨, 요즘 가게 문이 계속 닫혀 있던데. 무슨 일이 있는 거야?”",
      "srcPage": 4,
      "srcSentenceEA": 4,
      "srcWordEA": 31
    },
    {
      "srcTextID": "14961",
      "srcText": "욤욤 씨는 기뻐서 어쩔 줄을 몰랐어. 다시 문을 연 욤욤 씨네 가게는 예전처럼 손님들이 많이 찾아왔어. 그 뒤로 ‘딸꾹질’ 때문에 가게 문을 닫는 일은 없었대. 이제 욤욤 씨는 딸꾹질을 멈추는 방법을 네 가지나 알고 있으니 말이야.",
      "srcPage": 17,
      "srcSentenceEA": 5,
      "srcWordEA": 40
    },
    {
      "srcTextID": "14945",
      "srcText": "그런데 요즘 욤욤 씨가 만든 음식의 맛이 뭔가 달라졌어. 손님들의 실망이 이만저만이 아니었지. 그 이유는 글쎄.",
      "srcPage": 2,
      "srcSentenceEA": 3,
      "srcWordEA": 18
    },
    {
      "srcTextID": "14950",
      "srcText": "“나도 딸꾹질 때문에 얼마나 고생했는지 몰라. 딸꾹질을 멈추려면 숨을 어떻게 쉬는지부터 알아야 해. 먼저 가슴과 배를 나누는 가로막, 가로막을 기억해야 해!”",
      "srcPage": 6,
      "srcSentenceEA": 3,
      "srcWordEA": 23
    },
    {
      "srcTextID": "14951",
      "srcText": "숨을 크게 들이쉬어 봐. 가슴 속이 넓어지는 게 느껴지니? 바로 이때! 갈비뼈는 올라가고, 가로막은 내려가지.",
      "srcPage": 7,
      "srcSentenceEA": 4,
      "srcWordEA": 18
    },
    {
      "srcTextID": "14952",
      "srcText": "이번에는 반대로 숨을 크게 내쉬어 봐. 가슴 속이 좁아지는 게 느껴지니? 바로 이때! 갈비뼈는 내려가고, 가로막은 올라가지.",
      "srcPage": 8,
      "srcSentenceEA": 4,
      "srcWordEA": 20
    },
    {
      "srcTextID": "14953",
      "srcText": "“그런데, 가로막이 제멋대로 오그라드는 경우가 있어. 이때 숨을 들이쉬려고 하면 공기가 목구멍에 부딪혀서 딸꾹, 소리가 나. 이게 바로 딸꾹질이야.” “숨 때문이면 딸꾹, 숨을 쉬지 말아야 하나요? 딸꾹!” 곧 멈출 거야! 괜찮아질 거야! 힘내!",
      "srcPage": 9,
      "srcSentenceEA": 8,
      "srcWordEA": 39
    },
    {
      "srcTextID": "14954",
      "srcText": "“숨을 안 쉬면 사람이 살 수가 없지. 사람은 숨을 쉬면서 공기 중에 있는 산소를 마시거든. 우리 몸에 꼭 필요한 산소에 대해 알아보자고!” “밥을 먹고 소화할 때도, 뇌가 생각할 때도, 심장이 두근두근 뛸 때도, 산소가 필요해. 이러니 산소가 없으면 어떻게 되겠어?”",
      "srcPage": 10,
      "srcSentenceEA": 5,
      "srcWordEA": 43
    },
    {
      "srcTextID": "14956",
      "srcText": "식물도 숨을 쉬냐고? 물론이지. 잎과 줄기의 작은 구멍으로, 뿌리로도 산소를 마셔. 그런데 제 딸꾹질은 어떻게 해야 멈출 수 있어요? 딸꾹, 딸꾹! ",
      "srcPage": 12,
      "srcSentenceEA": 5,
      "srcWordEA": 25
    },
    {
      "srcTextID": "14959",
      "srcText": "“아유, 배불러! 배 속이 출렁거려요.” 욤욤 씨는 투덜대며 말했어. “이런 걸 언제까지 해야 하나요?”",
      "srcPage": 15,
      "srcSentenceEA": 4,
      "srcWordEA": 16
    },
    {
      "srcTextID": "14960",
      "srcText": "그때 모두 욤욤 씨를 빤히 쳐다보았어. “어때? 딸꾹질 딱 멈췄지?” 신기하게도 욤욤 씨의 딸꾹질은 이미 멈춰 있었어.",
      "srcPage": 16,
      "srcSentenceEA": 3,
      "srcWordEA": 19
    },
    {
      "srcTextID": "14957",
      "srcText": "“아차차, 딸꾹질을 멈추려면. 뭐니 뭐니 해도 숨을 참는 게 최고야. 아, 물론 잠깐만 참고 있으라는 거야.” “에이, 그것보다는 손가락으로 두 귀를 막고 30초만 있어 봐.”",
      "srcPage": 13,
      "srcSentenceEA": 4,
      "srcWordEA": 27
    },
    {
      "srcTextID": "14958",
      "srcText": "“아니에요. 혀를 한번 쭉 내밀어 보세요. 그러면 목구멍이 넓어지면서 공기가 들어가서 딸꾹질이 멈출 거예요.” “마지막으로 물을 조금 빠르게 마셔 봐요. 물을 마시는 동안 진정이 될 테니까요.”",
      "srcPage": 14,
      "srcSentenceEA": 4,
      "srcWordEA": 29
    }
  ]
}