{
  "title": "뭐든지 척척",
  "author": "이루미 ",
  "illustrator": "전수현",
  "isbn": "9788929110826",
  "readAge": "유아",
  "publishedYear": 2015,
  "publisher": "글뿌리",
  "classification": "자연탐구",
  "paragraphInfoCount": 16,
  "paragraphInfo": [
    {
      "srcTextID": "152077",
      "srcText": "아빠 다람쥐와 아기 다람쥐는 막대를 힘껏 눌렀어요. 돌덩이가 연못 밖으로 쿵! \"막대 덕분에 돌덩이를 쉽게 옮겼네!\" 개구리들은 좋아서 폴짝폴짝 뛰었어요.",
      "srcPage": 12,
      "srcSentenceEA": 4,
      "srcWordEA": 22
    },
    {
      "srcTextID": "152066",
      "srcText": "다람쥐 가족이 산책을 하고 있었어요. \"앗, 저게 뭐지?\" 동그란 바퀴, 평평한 널빤지, 기다란 막대.",
      "srcPage": 1,
      "srcSentenceEA": 3,
      "srcWordEA": 15
    },
    {
      "srcTextID": "152067",
      "srcText": "튼튼한 밧줄이 길 위에 떨어져 있었지요. \"오호, 쓸모 있는 물건들이네.\" 아빠 다람쥐는 주섬주섬 물건을 주웠어요.",
      "srcPage": 2,
      "srcSentenceEA": 3,
      "srcWordEA": 16
    },
    {
      "srcTextID": "152070",
      "srcText": "통나무를 어떻게 옮기면 좋을까요? \"도구를 쓰면 통나무를 쉽게 옮길 수 있지.\" 아빠 다람쥐는 장난감의 널빤지를 뚝 떼어 내서 벽 옆에 비스듬히 세웠어요.",
      "srcPage": 5,
      "srcSentenceEA": 3,
      "srcWordEA": 23
    },
    {
      "srcTextID": "152076",
      "srcText": "막대로 어떻게 무거운 걸 들어 올릴 수 있을까요? 무거운 물건을 움직이는 데에 쓰는 막대기를 지레라고 해요. 물건 밑에 지레를 넣고 지레 가운데를 고정한 다음 반대쪽을 누르면 무거운 물건도 쉽게 들어 올릴 수 있어요. 이때 고정한 부분에서 멀리 떨어져서 지레를 누를수록 더 쉽게 들어 올릴 수 있답니다.",
      "srcPage": 11,
      "srcSentenceEA": 4,
      "srcWordEA": 49
    },
    {
      "srcTextID": "152079",
      "srcText": "아빠 다람쥐는 바퀴 두 개와 밧줄을 가지고 나무 위로 쪼르르 올라갔어요. 나뭇가지에 바퀴 하나, 그 아래에 또 바퀴 하나. 밧줄을 바퀴에 걸친 뒤 아래로 죽 늘어뜨렸지요.",
      "srcPage": 14,
      "srcSentenceEA": 3,
      "srcWordEA": 28
    },
    {
      "srcTextID": "152080",
      "srcText": "아빠 다람쥐는 바퀴 가운데에 아기 새가 든 바구니를 묶었어요. 그리고 밧줄을 힘껏 잡아당겼지요. 바구니가 슬슬 위로 올라가더니 아기 새가 둥지 안으로 폴짝! 엄마 새는 아기 새를 꼭 끌어안았어요.",
      "srcPage": 15,
      "srcSentenceEA": 4,
      "srcWordEA": 31
    },
    {
      "srcTextID": "152081",
      "srcText": "\"아빠, 빨리 집에 가요. 엄마가 보고 싶어요.\" 아기 다람쥐들은 장난감을 타고 엄마가 기다리는 집으로 씽씽!",
      "srcPage": 16,
      "srcSentenceEA": 3,
      "srcWordEA": 17
    },
    {
      "srcTextID": "152069",
      "srcText": "아빠 다람쥐가 밧줄을 당기니 바퀴가 데굴데굴! 아기 다람쥐들은 새 장난감을 타고 신이 났어요. 그런데 저쪽에서 멧돼지가 집을 짓고 있네요. 멧돼지는 무거운 통나무를 옮기느라 낑낑.",
      "srcPage": 4,
      "srcSentenceEA": 4,
      "srcWordEA": 27
    },
    {
      "srcTextID": "152072",
      "srcText": "널빤지 위로 통나무를 밀어 올렸어요. 통나무가 집 위로 쿵! \"널빤지 덕분에 통나무를 쉽게 옮겼네!\" 멧돼지는 좋아서 춤을 추며 꿀꿀.",
      "srcPage": 7,
      "srcSentenceEA": 4,
      "srcWordEA": 21
    },
    {
      "srcTextID": "152073",
      "srcText": "개구리들은 돌덩이를 빼내느라 야단이었어요. 하지만 돌덩이는 꼼짝도 하지 않았지요. 어떻게 돌덩이를 밖으로 옮길까요?",
      "srcPage": 9,
      "srcSentenceEA": 3,
      "srcWordEA": 15
    },
    {
      "srcTextID": "152075",
      "srcText": "\"도구를 쓰면 돌덩이를 쉽게 옮길 수 있지.\" 아빠 다람쥐는 장난감의 막대를 쭉 뽑아서 돌덩이 아래에 끼워 넣었어요. 그리고 다른 돌덩이로 막대 중간을 받쳤지요.",
      "srcPage": 10,
      "srcSentenceEA": 3,
      "srcWordEA": 25
    },
    {
      "srcTextID": "152078",
      "srcText": "어머나! 아기 새가 둥지에서 떨어져 울고 있어요. 엄마 새는 아기 새를 들어 올리지 못해서 발을 동동. 어떻게 아기 새를 둥지로 올릴 수 있을까요?",
      "srcPage": 13,
      "srcSentenceEA": 3,
      "srcWordEA": 26
    },
    {
      "srcTextID": "152068",
      "srcText": "아빠 다람쥐가 뚝딱뚝딱. 평평한 널빤지에 동그란 바퀴를 달고. 기다란 막대를 달고. 막대에 튼튼한 밧줄을 묶어 멋진 장난감을 만들었어요.",
      "srcPage": 3,
      "srcSentenceEA": 4,
      "srcWordEA": 21
    },
    {
      "srcTextID": "152071",
      "srcText": "널빤지로 어떻게 무거운 걸 옮길 수 있을까요? 널빤지처럼 평평한 면을 비스듬히 세운 것을 빗면이라고 해요. 빗면 위로 무거운 물건을 밀어 올리면 바로 들어 올리는 것보다 힘이 덜 들어요. 이때 빗면의 기울기가 작을수록 더 쉽게 물건을 옮길 수 있답니다.",
      "srcPage": 6,
      "srcSentenceEA": 4,
      "srcWordEA": 41
    },
    {
      "srcTextID": "152074",
      "srcText": "아기 다람쥐들은 다시 장난감을 타고 씽씽! 이번에는 개구리들을 만났어요. \"돌덩이를 옮기자!\"",
      "srcPage": 8,
      "srcSentenceEA": 3,
      "srcWordEA": 12
    }
  ]
}