{
  "title": "우리는 가족음악단(음악가)",
  "author": "박나래",
  "illustrator": "박나래",
  "isbn": "9788968736810",
  "readAge": "유아",
  "publishedYear": 2020,
  "publisher": "키움북스",
  "classification": "자연탐구",
  "paragraphInfoCount": 22,
  "paragraphInfo": [
    {
      "srcTextID": "110306",
      "srcText": "우리 가족 음악회. 음악은 클래식, 재즈, 대중음악, 국악 등 다양한 장르가 있어요. 음악을 들어보며 자신이 좋아하는 음악의 장르를 알아보아요.",
      "srcPage": 1,
      "srcSentenceEA": 3,
      "srcWordEA": 21
    },
    {
      "srcTextID": "110308",
      "srcText": "이건 무슨 소리? 엄마의 손가락이 피아노 건반 위에서 리듬을 타며 나는 아름다운 피아노 소리. 딩동댕 딩동댕.",
      "srcPage": 2,
      "srcSentenceEA": 3,
      "srcWordEA": 18
    },
    {
      "srcTextID": "110307",
      "srcText": "건반 악기란? 건반을 눌러서 소리를 내는 악기를 말합니다. 피아노, 오르간 등이 있어요.",
      "srcPage": 3,
      "srcSentenceEA": 3,
      "srcWordEA": 14
    },
    {
      "srcTextID": "110317",
      "srcText": "이건 무슨 소리? 언니의 간지럼에 까르륵 까르륵 웃음 짓는 바이올린 소리. 샤라랑 샤라랑.",
      "srcPage": 4,
      "srcSentenceEA": 3,
      "srcWordEA": 15
    },
    {
      "srcTextID": "110318",
      "srcText": "이건 무슨 소리? 할머니의 보드라운 입맞춤에 한들한들 바람이 왈츠를 추는 은색 플루트 소리. 필릴리 필릴리.",
      "srcPage": 5,
      "srcSentenceEA": 3,
      "srcWordEA": 17
    },
    {
      "srcTextID": "110321",
      "srcText": "신나는 우리 아빠 북 치는 소리. 둥둥둥 동동동 콩콩. 저리 쿵 이리 콩 이리 저리 쿵쿵.",
      "srcPage": 6,
      "srcSentenceEA": 3,
      "srcWordEA": 18
    },
    {
      "srcTextID": "110323",
      "srcText": "음악가는 재능과 함께 노력하는 마음가짐이 중요해요. 사람 앞에서 곡을 연주하기 위해서는, 남의 곡을 따라 하거나 즉흥곡만 연주할 수는 없어요. 자신만의 곡을 표현하고 연주할 수 있으려면 끈기있게 연습을 반복해야 해요.",
      "srcPage": 9,
      "srcSentenceEA": 3,
      "srcWordEA": 31
    },
    {
      "srcTextID": "110325",
      "srcText": "뱅글뱅글 준비됐나요? 가느다란 지휘봉을 우아하게 흔들흔들. 할아버지 손끝 따라 음악들이 춤을 춰요.",
      "srcPage": 10,
      "srcSentenceEA": 3,
      "srcWordEA": 14
    },
    {
      "srcTextID": "110326",
      "srcText": "모두 모두 모여요. 이리 모여요. 가족 음악회에 오신 걸 환영합니다.",
      "srcPage": 11,
      "srcSentenceEA": 3,
      "srcWordEA": 12
    },
    {
      "srcTextID": "110328",
      "srcText": "우리 가족 음악이 온 마을에 퍼지면. 지나가는 사람들 발걸음 멈추고. 덩실덩실 신나게 춤을 추어요.",
      "srcPage": 13,
      "srcSentenceEA": 3,
      "srcWordEA": 16
    },
    {
      "srcTextID": "110329",
      "srcText": "랄랄라 노래하는 새들도. 발그레 웃음 짓는 하늘도. 팔랑팔랑 흩날리는 나뭇잎도.",
      "srcPage": 14,
      "srcSentenceEA": 3,
      "srcWordEA": 12
    },
    {
      "srcTextID": "110320",
      "srcText": "리듬 악기란? 음의 길이와 강약을 연주하는 악기에요. 큰북, 작은북, 심벌즈 등이 있어요.",
      "srcPage": 7,
      "srcSentenceEA": 3,
      "srcWordEA": 14
    },
    {
      "srcTextID": "110327",
      "srcText": "이제 시작해 볼까요? 음악 콩쿠르. 음악에 뛰어난 재능을 가진 신인이나 단체를 경연시켜 심사해서 우열을 가리는 대회랍니다.",
      "srcPage": 12,
      "srcSentenceEA": 3,
      "srcWordEA": 18
    },
    {
      "srcTextID": "110330",
      "srcText": "우리 가족 음악 소리에 가만가만 귀 기울여요. 음악은 듣는 이로 하여금 기쁨, 슬픔, 설렘, 편안함 등 많은 감정을 느끼게 해요. 그래서 아픈 사람의 마음을 음악으로 치료하는 사람이 있는데, 이 사람을 '음악치료사'라고 해요.",
      "srcPage": 15,
      "srcSentenceEA": 4,
      "srcWordEA": 35
    },
    {
      "srcTextID": "110331",
      "srcText": "바람이 음악을 실어 온 세상에 들려주면. 숲 속의 모든 동물과 바닷속 물고기들도 함께 춤을 추어요. 우리의 음악으로 온 세상이 행복해져요.",
      "srcPage": 16,
      "srcSentenceEA": 3,
      "srcWordEA": 22
    },
    {
      "srcTextID": "110333",
      "srcText": "음악가가 되려면? 전문적인 음악 교육기관에서 이론을 공부하며 음악가가 될 수도 있지만, 일반적으로 악기를 배우기 시작하며 음악에 입문하게 됩니다. 음악의 장르가 다양하고, 관련된 직업이 많으므로 음악가가 되는 과정을 한마디로 정의하기는 어려워요. 예술 중학교와 예술 고등학교에서부터 전공을 정하고, 대학교에 서 좀 더 전문적으로 공부하기도 해요.",
      "srcPage": 17,
      "srcSentenceEA": 4,
      "srcWordEA": 46
    },
    {
      "srcTextID": "110334",
      "srcText": "피아노. 하나로 모든 소리를 낼 수 있어서 모든 음악가의 친구랍니다. 북. 나무나 쇠붙이로 만든 둥근 통의 양쪽 끝에 가죽이나 비단 등을 팽팽하게 씌우고, 채로 쳐서 소리를 내요. 바이올린. 현악기인 바이올린은 음의 범위가 넓고 비교적 높은 음역의 소리를 내요. 독주, 실내악, 관현악 등에 널리 쓰인답니다. 심벌즈. 쇠붙이로 둥글넓적하게 만든 악기로, 두 장을 마주치거나 한 장을 막대기로 쳐서 소리를 낸답니다. 플루트. 입김을 불어넣어 관 안의 공기를 진동시켜 소리를 내는 악기로, 아름다운 음색을 지녔어요.",
      "srcPage": 18,
      "srcSentenceEA": 10,
      "srcWordEA": 81
    },
    {
      "srcTextID": "110332",
      "srcText": "우리는 가족 음악단. 음악의 아버지라고 불리는 '바흐'는 독일의 작곡가로 어릴 적부터 바이올린과 오르간을 연주했어요. 바흐의 가문은 200년 동안 50명이 넘는 음악가가 나온 음악가 가족이래요. 바흐의 아버지와 할아버지는 교회에서 연주했고 아기 때부터 이를 듣고 보며 자란 바흐의 형제 또한 연주와 작곡을 잘하는 음악가로 자랐어요.",
      "srcPage": 19,
      "srcSentenceEA": 5,
      "srcWordEA": 47
    },
    {
      "srcTextID": "110341",
      "srcText": "피아노 소리 원리. 피아노 건반 뒤에는 수없이 많은 줄이 있고 그 위에 망치가 하나씩 달려있어요. 건반을 누르면 연결된 망치가 움직이게 되면서 팽팽한 줄을 두드리게 됩니다. 이때 진동이 생기면서 피아노의 음을 만들어 내는 것이랍니다.",
      "srcPage": 20,
      "srcSentenceEA": 4,
      "srcWordEA": 36
    },
    {
      "srcTextID": "110339",
      "srcText": "바이올린 소리 원리. 바이올린은 악기를 왼쪽 턱과 어깨 사이에 끼고, 왼손 손가락으로 줄을 누르며 활로 문질러 소리를 내는 악기에요. 악기에는 된 줄이 4개가 있고 이 줄을 팽팽하게 당겨 음을 맞춰요. 또, 활은 긴 나무에 말의 꼬리털을 팽팽하게 조여 연주해요.",
      "srcPage": 21,
      "srcSentenceEA": 4,
      "srcWordEA": 42
    },
    {
      "srcTextID": "110340",
      "srcText": "음악가의 다양한 분야. 작곡가. 일정한 질서에 따라 음을 조합하여 음악 작품을 창조해요. 작사가. 음에 맞는 예쁜 글을 써서 가사를 만들어요. 연주가. 피아노, 바이올린, 플루트 등의 악기를 연주해요. 성악가. 사람의 목소리에 의한 곡을 연주하는 사람이에요. 지휘자. 소리가 아름답게 어울릴 수 있도록 지휘봉으로 신호를 보내요.",
      "srcPage": 22,
      "srcSentenceEA": 11,
      "srcWordEA": 53
    },
    {
      "srcTextID": "110324",
      "srcText": "이건 무슨 소리? 아침 이슬처럼 고운 내 목소리. 풀잎 사이로 굴러가는 소리. 또르르 또르르.",
      "srcPage": 8,
      "srcSentenceEA": 4,
      "srcWordEA": 17
    }
  ]
}