{
  "title": "개구쟁이 공룡 구노",
  "author": "박효미",
  "illustrator": "니키타 안드레에프",
  "isbn": "9788956149622",
  "readAge": "유아",
  "publishedYear": 2014,
  "publisher": "차일드아카데미",
  "classification": "자연탐구",
  "paragraphInfoCount": 16,
  "paragraphInfo": [
    {
      "srcTextID": "151493",
      "srcText": "“얘야, 왜 우니?” “흑흑, 바닷가에서 엄마를 잃어버렸어요.” 마이아사우라가 묻자, 구노가 훌쩍이며 대답했어요. “바닷가는 여기서 그리 멀지 않단다. 저기 보이는 소철 숲 끝자락에......” 마이아사우라의 말이 채 끝나기도 전에 구노는 그곳을 향해 힘껏 달렸어요.",
      "srcPage": 9,
      "srcSentenceEA": 6,
      "srcWordEA": 35
    },
    {
      "srcTextID": "151494",
      "srcText": "소철 숲에서 벗어날 즈음, 펜타케라톱스가 고사리를 뜯어 먹는 게 보였어요. 구노도 배가 고프던 참이라 허겁지겁 따라 먹었지요. 바로 그때, 가장 작은 육식 공룡인 콤프소그나투스 떼가 우르르 몰려왔어요. “사나운 놈들이니 어서 피해라!” 펜타케라톱스가 황급히 달아나며 소리쳤어요.",
      "srcPage": 10,
      "srcSentenceEA": 5,
      "srcWordEA": 38
    },
    {
      "srcTextID": "151495",
      "srcText": "구노는 겁이 나서 심장이 오그라드는 것 같았어요. 다리가 땅바닥에 달라붙은 듯 꼼짝할 수 없었지요. 그때, 티라노사우루스가 구노를 향해 성큼성큼 다가왔어요.",
      "srcPage": 12,
      "srcSentenceEA": 3,
      "srcWordEA": 22
    },
    {
      "srcTextID": "151497",
      "srcText": "“크릉, 체통 없이 어린 공룡을 잡아먹으려는가?” 안킬로사우루스가 나타나 호통쳤어요. 그러자 옆에 있던 폴라칸투스도 콧김을 내뿜으며 티라노사우루스 앞을 가로막았지요. “상관하지 말고 저리 비켜! 카아앙!” 티라노사우루스도 지지 않고 사납게 울부짖었어요.",
      "srcPage": 13,
      "srcSentenceEA": 6,
      "srcWordEA": 32
    },
    {
      "srcTextID": "151500",
      "srcText": "구노는 엄마 손을 꼭 잡고 호숫가에 다다랐어요. 한발 앞서 도착한 이구아노돈들이 구노와 엄마 이구아노돈을 반갑게 맞이했어요. “엄마, 이제부터 여기서 사는 거예요?” 구노가 묻자, 엄마 이구아노돈이 고개를 끄덕였어요. 울창한 소철 숲으로 둘러싸인 호수에서 구노는 과연 말썽을 부리지 않았을까요?",
      "srcPage": 16,
      "srcSentenceEA": 5,
      "srcWordEA": 40
    },
    {
      "srcTextID": "151484",
      "srcText": "구노는 꼬마 이구아노돈 공룡이에요. 까불까불 장난을 좋아하는 개구쟁이이지요. 오늘도 구노는 잠에서 깨자마자, 친구 트리케라톱스에게 가려고 집을 나섰어요.",
      "srcPage": 1,
      "srcSentenceEA": 3,
      "srcWordEA": 19
    },
    {
      "srcTextID": "151490",
      "srcText": "구노는 주위를 두리번두리번 살펴보았어요. 소철 아래에서 수컷 파키케팔로사우루스가 암컷에게 다정하게 청혼하고 있었지요. 구노는 슬며시 일어나 숲길로 들어섰어요.",
      "srcPage": 7,
      "srcSentenceEA": 3,
      "srcWordEA": 19
    },
    {
      "srcTextID": "151486",
      "srcText": "화산이 곧 폭발하려는 듯 우르릉거렸어요. 이구아노돈 무리는 새끼들을 빙 둘러싼 채 서둘러 길을 떠났지요. “구노야, 육식 공룡이 사방에서 노리고 있으니 절대 다른 곳으로 가서는 안 된다!” 바로 그때, 땅이 크게 흔들리면서 화산이 폭발했어요. 조금만 늦었어도 떼죽음을 당할 뻔했지요.",
      "srcPage": 3,
      "srcSentenceEA": 5,
      "srcWordEA": 41
    },
    {
      "srcTextID": "151487",
      "srcText": "“아이, 심심해. 계속 걷기만 하고.......” 구노는 슬그머니 무리에서 빠져나왔어요. 바로 그때, 약삭빠르기로 소문난 트로오돈이 구노를 향해 쏜살같이 달려들었어요. “구노야, 위험해!” 엄마 이구아노돈이 다급하게 외치자, 이구아노돈들이 달려들어 트로오돈을 쫓아냈어요.",
      "srcPage": 4,
      "srcSentenceEA": 6,
      "srcWordEA": 32
    },
    {
      "srcTextID": "151488",
      "srcText": "“와, 바다다!” 눈앞에 드넓은 바다가 펼쳐지자, 구노는 신이 나서 바닷속으로 풍덩 뛰어들었어요. 이크티오사우루스가 물속에 있을 줄은 까맣게 몰랐지요. “으악, 구, 구노 살려!” 구노가 소리치며 발버둥 치는 순간, 프테라노돈이 구노를 홱 낚아채서 날아올랐어요.",
      "srcPage": 5,
      "srcSentenceEA": 5,
      "srcWordEA": 35
    },
    {
      "srcTextID": "151491",
      "srcText": "구노는 터덜터덜 걷다가 마이아사우라를 만났어요. “혹시 바닷가가 어디에 있는지 아세요?” “쉿, 아기들이 알에서 나오고 있단다.” 마이아사우라가 알을 돌보며 속삭였어요. 그 순간, 알이 톡톡 갈라지더니 새끼들이 한 마리씩 머리를 내밀었어요. 그 모습에 구노는 왈칵 눈물을 쏟았어요. 마이아사우라 공룡도 새끼를 길러요.",
      "srcPage": 8,
      "srcSentenceEA": 7,
      "srcWordEA": 43
    },
    {
      "srcTextID": "151483",
      "srcText": "“구노야, 곧 떠나야 하니 나가지 마라!” 엄마 이구아노돈이 다급히 뒤쫓아 와 말했어요. 바로 앞 산꼭대기에서 검은 연기가 피어올랐지요.",
      "srcPage": 2,
      "srcSentenceEA": 3,
      "srcWordEA": 20
    },
    {
      "srcTextID": "151489",
      "srcText": "구노는 벗어나려고 몸을 마구 흔들었어요. 그 바람에 땅으로 쿵 하고 떨어졌지요. “아이코, 그런데 여기가 어디지?”",
      "srcPage": 6,
      "srcSentenceEA": 3,
      "srcWordEA": 16
    },
    {
      "srcTextID": "151496",
      "srcText": "티라노사우루스 람베오사우루스 구노는 걸음아 날 살려라 하고 힘껏 달렸어요. 드넓은 호숫가에 다다르자, 람베오사우루스 무리에 큰 소란이 일었어요. 무시무시한 티라노사우루스가 나타난 거예요.",
      "srcPage": 11,
      "srcSentenceEA": 3,
      "srcWordEA": 23
    },
    {
      "srcTextID": "151498",
      "srcText": "티라노사우루스가 날카로운 이빨을 드러내며 먼저 사납게 덤벼들었어요. 그런데 안킬로사우루스가 잽싸게 피하는 바람에 티라노사우루스는 그만 푹 고꾸라졌지요. “아이고, 창피해라!” 티라노사우루스는 자리에서 벌떡 일어나더니, 뒤도 돌아보지 않고 줄행랑쳤어요.",
      "srcPage": 14,
      "srcSentenceEA": 4,
      "srcWordEA": 28
    },
    {
      "srcTextID": "151499",
      "srcText": "“네가 가려는 곳까지 우리가 함께 가 주마.” 안킬로사우루스와 폴라칸투스는 잔뜩 겁을 집어먹고 서 있는 구노를 다독인 뒤, 바닷가까지 안전하게 데려다주었어요. “구노야, 무사했구나!” 구노를 본 엄마 이구아노돈은 한달음에 달려왔어요. “엄마, 앞으로는 말썽 안 부릴게요.”",
      "srcPage": 15,
      "srcSentenceEA": 5,
      "srcWordEA": 35
    }
  ]
}