{
  "title": "우리 동네 한 바퀴",
  "author": "박명규",
  "illustrator": "조우영",
  "isbn": "9791165953744",
  "readAge": "유아",
  "publishedYear": 2021,
  "publisher": "아람북스",
  "classification": "자연탐구",
  "paragraphInfoCount": 16,
  "paragraphInfo": [
    {
      "srcTextID": "15146",
      "srcText": "미미는 엄마와 도서관으로 향하다가 버스 정류장 앞에 멈춰 섰어요. “엄마, 여기에 지갑이 있어요. 누가 놓고 갔나 봐요.”",
      "srcPage": 6,
      "srcSentenceEA": 3,
      "srcWordEA": 18
    },
    {
      "srcTextID": "15145",
      "srcText": "“저런, 파출소에 얼른 가져다줘야겠다. 그럼 경찰관이 주인을 찾아 줄 거야.” “아하! 그렇다면 파출소로 출발!”",
      "srcPage": 7,
      "srcSentenceEA": 3,
      "srcWordEA": 16
    },
    {
      "srcTextID": "15141",
      "srcText": "미미와 엄마는 우체국에 왔어요. “엄마, 우체국 간판에 그려진 건 뭐예요?” “반가운 소식을 전해 준다는 제비란다. 편지나 물건을 전해 주는 우체국에 딱 어울리는 새지. 그림책은 우편집배원이 잘 전해 줄 거야.”",
      "srcPage": 2,
      "srcSentenceEA": 5,
      "srcWordEA": 31
    },
    {
      "srcTextID": "15142",
      "srcText": "우체국에서 택배를 보내는 방법 1. 알맞은 크기의 상자를 골라 물건을 넣고 포장해요. 2. 택배 운송장에, 보내는 사람과 받을 사람의 이름과 주소, 연락처를 써요. 3. 택배 운송장을 상자에 붙여요. 4. 물건이 담긴 상자의 크기나 무게, 배달할 곳의 거리에 따라 요금을 내요. 우편집배원 편지나 물건 등의 우편물을 정해진 주소로 배달하는 사람 우체통 편지나 엽서 등을 넣기 위해 여러 곳에 설치한 통 우체국은 우리나라뿐 아니라 전 세계로 우편물을 배달해 주어요. 예금, 보험 등의 금융 업무도 해요.",
      "srcPage": 3,
      "srcSentenceEA": 10,
      "srcWordEA": 82
    },
    {
      "srcTextID": "15140",
      "srcText": "미미네 가족이 새 동네로 이사를 왔어요. “엄마, 엄마! 깜박하고 수아 언니의 그림책을 가지고 왔는데, 어떡해요?” “괜찮아, 우체국에 가서 택배로 보내 주면 돼. 동네 구경도 할 겸 우체국부터 가 볼까?” “우아, 신난다! 우체국으로 출발!”",
      "srcPage": 1,
      "srcSentenceEA": 7,
      "srcWordEA": 36
    },
    {
      "srcTextID": "15143",
      "srcText": "“미미야, 다음은 어디로 가 볼까?” “도서관이요! 도서관에 가서 책을 빌리고 싶어요.” “그럼, 행정 복지 센터부터 가야겠네! 미미 이름으로 도서관 회원증을 만들려면 주민 등록 등본이 필요하거든.” “아, 그렇구나. 그럼 행정 복지 센터로 출발!”",
      "srcPage": 4,
      "srcSentenceEA": 6,
      "srcWordEA": 35
    },
    {
      "srcTextID": "15144",
      "srcText": "“엄마, 그런데 행정 복지 센터는 뭐 하는 곳이에요?” “동네 주민들이 편안하게 생활할 수 있도록 필요한 서류도 만들어 주고, 여러 가지 서비스를 제공하는 곳이란다.” 엄마는 번호표를 뽑고, 차례가 되자 창구로 가서 주민 등록 등본을 받았어요. 행정 복지 센터는 주민 등록증을 발급하는 일부터 전입 신고, 출생 신고 등 많은 일을 해요. 공무원 국가나 지방 공공 단체의 일을 맡아서 하는 사람",
      "srcPage": 5,
      "srcSentenceEA": 5,
      "srcWordEA": 61
    },
    {
      "srcTextID": "15152",
      "srcText": "미미는 씩씩하게 보건소에 왔어요. “의사 선생님, 저 예방 주사 맞으러 왔어요!” “어머, 정말 용감하구나. 금방 끝날 거야.”",
      "srcPage": 13,
      "srcSentenceEA": 4,
      "srcWordEA": 18
    },
    {
      "srcTextID": "15154",
      "srcText": "“지갑 주인이 미미에게 고맙다고 꼭 전해 달래요.” 미미는 기분이 정말 좋았어요. “엄마, 우리 동네가 마음에 쏙 들어요!” ",
      "srcPage": 16,
      "srcSentenceEA": 3,
      "srcWordEA": 18
    },
    {
      "srcTextID": "15148",
      "srcText": "미미와 엄마는 파출소에 왔어요. “무엇을 도와드릴까요?” 미미는 주운 지갑을 경찰관에게 드렸어요. 경찰관은 미미의 연락처를 묻고 보관증을 내주었지요. ",
      "srcPage": 8,
      "srcSentenceEA": 4,
      "srcWordEA": 19
    },
    {
      "srcTextID": "15147",
      "srcText": "“미미야, 정말 고맙구나. 우리가 주인을 찾아 줄게.” 미미는 칭찬을 들으니까 어깨가 으쓱했어요. ",
      "srcPage": 9,
      "srcSentenceEA": 3,
      "srcWordEA": 14
    },
    {
      "srcTextID": "15149",
      "srcText": "도서관에서 지켜야 할 규칙 1. 자료실에서는 큰 소리로 떠들지 않아요. 2. 책은 소중히 다루어요. 3. 다 읽은 책은 반납대에 두어요. (책을 빌린 후, 반납일을 꼭 지켜요.) 4. 휴대폰은 진동으로, 통화는 밖에서 해요. 5. 자료실 안에서 음식을 먹지 않아요. 사서 사람들이 책을 쉽게 찾도록 정리하고, 책 대출과 반납 서비스를 담당하는 사람",
      "srcPage": 11,
      "srcSentenceEA": 12,
      "srcWordEA": 61
    },
    {
      "srcTextID": "15153",
      "srcText": "정말로 눈 깜짝할 사이에 예방 접종이 끝났어요. “우리 미미, 정말 대단한데!” 엄마가 미미를 꼭 안아 주었어요.",
      "srcPage": 14,
      "srcSentenceEA": 3,
      "srcWordEA": 17
    },
    {
      "srcTextID": "15155",
      "srcText": "미미와 엄마가 보건소를 나와 집으로 갈 때였어요. 엄마의 스마트폰이 삐리리 삐리리! “여기 파출소입니다. 지갑 주인을 찾았어요.”",
      "srcPage": 15,
      "srcSentenceEA": 4,
      "srcWordEA": 18
    },
    {
      "srcTextID": "15150",
      "srcText": "미미는 새 도서관 회원증을 만들었어요. “이제 책을 빌릴 수 있는 거죠?” 신이 난 미미는 책장에서 그림책을 골랐어요. “엄마, 나 이 책 빌릴래요!” “쉿, 미미야. 도서관에서는 조용히 해야 해.”",
      "srcPage": 10,
      "srcSentenceEA": 6,
      "srcWordEA": 30
    },
    {
      "srcTextID": "15151",
      "srcText": "도서관을 나오는데, 엄마의 스마트폰에서 알람음이 울렸어요. “어머나, 오늘 우리 미미 예방 주사 맞는 날이었네. 보건소로 가야겠는걸!” “안 돼요! 주사는 무서워요.” 무서워요.” “미미야, 예방 주사를 맞아야 건강하게 유치원에 갈 수 있고, 친구들도 만날 수 있어!” “음, 그럼 예방 주사 맞을래요. 보건소로 출발!”",
      "srcPage": 12,
      "srcSentenceEA": 9,
      "srcWordEA": 45
    }
  ]
}