{
  "title": "비행기는 어떻게 날까?",
  "author": "선자은",
  "illustrator": "최주석",
  "isbn": "9788956149929",
  "readAge": "유아",
  "publishedYear": 2014,
  "publisher": "차일드아카데미",
  "classification": "자연탐구",
  "paragraphInfoCount": 16,
  "paragraphInfo": [
    {
      "srcTextID": "148855",
      "srcText": "오랜 옛날부터 사람들은 꿈꾸었어. 하늘에 닿을 정도로 높이, 바다를 건널 정도로 멀리, 바람에 몸을 싣고 구름을 징검다리 삼아서 새처럼 훨훨 날 수 있기를! 새는 어떻게 하늘을 날까요? 새의 몸 구조는 하늘을 날기에 알맞아요.",
      "srcPage": 1,
      "srcSentenceEA": 4,
      "srcWordEA": 36
    },
    {
      "srcTextID": "148858",
      "srcText": "자, 이제 비행기를 타고 날아올라 볼까? 먼저 쭉 뻗은 활주로를 따라 달려야 해. 처음에는 천천히 달리다가 점점 속력을 내야 하지. 비행기의 날개 앞쪽은 비스듬히 치켜져 있어서 달릴수록 공기가 날개를 밀어 올려. 와, 드디어 비행기가 붕 날아올랐어.",
      "srcPage": 5,
      "srcSentenceEA": 5,
      "srcWordEA": 40
    },
    {
      "srcTextID": "148859",
      "srcText": "비행기가 착륙하려면 어떻게 해야 할까? 먼저 날개에 있는 플랩과 바퀴를 내려야 해. 그래야 새처럼 가볍게 내려앉을 수 있지. 쿵! 마침내 바퀴가 활주로에 닿았어. 이제 천천히 브레이크를 걸어서 비행기를 세울 거야.",
      "srcPage": 6,
      "srcSentenceEA": 6,
      "srcWordEA": 35
    },
    {
      "srcTextID": "148860",
      "srcText": "비행기 날개에는 과학의 원리가 숨어 있어. 볼록한 윗면과 평평한 아랫면이 날개 위아래의 공기 흐름을 다르게 만들거든. 날개의 아래쪽은 위쪽보다 공기가 느리게 흘러서 공기의 양이 아주 많아. 그래서 비행기가 날 수 있게 떠받치는 힘이 생기지.",
      "srcPage": 7,
      "srcSentenceEA": 4,
      "srcWordEA": 37
    },
    {
      "srcTextID": "148862",
      "srcText": "비행기가 높이 높이 날 때는 위아래에서 앞뒤에서, 각각 잡아당기는 힘이 생겨. 그 힘들이 서로 균형을 이루어서 비행기가 중심을 잃지 않고 하늘을 안전하게 날 수 있단다. 양력과 중력이 균형을 이루어서 비행기가 올라가거나 내려가지 않고 날 수 있어요. 추력과 항력이 균형을 이루어서 비행기가 일정한 속력으로 날 수 있어요",
      "srcPage": 9,
      "srcSentenceEA": 4,
      "srcWordEA": 49
    },
    {
      "srcTextID": "148863",
      "srcText": "비행기에는 여러 가지 장치가 있어. 플랩은 위아래로 움직여서 뜨는 힘을 조절해. 보조 날개는 몸체의 균형을, 꼬리 날개는 방향을 조절하지. 또 바퀴는 비행기가 뜨고 내리는 것을 돕는단다. 그 밖에 비행기 안에는 조종실과 객실, 짐칸, 승무원실 등의 공간이 있어.",
      "srcPage": 10,
      "srcSentenceEA": 5,
      "srcWordEA": 41
    },
    {
      "srcTextID": "148864",
      "srcText": "비행기의 종류는 매우 다양해. 먼저 사람들을 옮겨 주는 여객기와 무거운 짐을 실어 나르는 화물기가 있어. 여객기와 화물기는 엔진의 강한 힘으로 아주 먼 곳까지 빠르게 날아가.\n여객기와 화물기 덕분에 세계 여러 나라를 편하게 오갈 수 있지.",
      "srcPage": 11,
      "srcSentenceEA": 4,
      "srcWordEA": 37
    },
    {
      "srcTextID": "148865",
      "srcText": "때로는 비행기를 이용해서 나라끼리 싸움을 벌이기도 해. 전투기는 폭탄을 가득 싣고 쏜살같이 날아가서 적을 공격하지. 적진을 살피는 정찰기는 크기가 아주 작아. 그래야 적에게 들키지 않거든.",
      "srcPage": 12,
      "srcSentenceEA": 4,
      "srcWordEA": 28
    },
    {
      "srcTextID": "148866",
      "srcText": "겨우 두세 명만 탈 수 있는 경비행기도 있어. 하늘을 멋지게 날며 재주를 부리고, 사고를 당한 사람들을 구조해서 병원으로 실어 나르지. 그뿐만이 아니야. 물을 가득 싣고 와서 산불을 끄거나 드넓은 논밭에 농약을 뿌리기도 한단다.",
      "srcPage": 13,
      "srcSentenceEA": 4,
      "srcWordEA": 36
    },
    {
      "srcTextID": "148869",
      "srcText": "파란 하늘을 마음껏 날고 싶은 꿈을 마침내 이루었어. 이제 비행기를 타고 어디든지 갈 수 있지. 지금 이 순간에도 수많은 과학자가 더욱 기능이 향상된 비행기를 만들기 위해 끊임없이 연구하고 있단다.",
      "srcPage": 14,
      "srcSentenceEA": 3,
      "srcWordEA": 31
    },
    {
      "srcTextID": "148868",
      "srcText": "타이푼 UCAV. 2002년에 첫 비행을 한 독일의 소형 무인 전투기예요. 도시나 가까운 거리를 공격할 때 유용해요.",
      "srcPage": 15,
      "srcSentenceEA": 3,
      "srcWordEA": 18
    },
    {
      "srcTextID": "148867",
      "srcText": "X - 4. 보잉사가 만든 미래형 무인 전투기예요. 한 사람이 네 대까지 원격 조종할 수 있어요.",
      "srcPage": 16,
      "srcSentenceEA": 3,
      "srcWordEA": 18
    },
    {
      "srcTextID": "148856",
      "srcText": "사람들은 하늘을 날기 위해 이렇게도 만들어 보고, 저렇게도 만들어 보았어. 기구를 타고 둥실둥실, 비행선을 타고 부웅부웅, 글라이더를 타고 슈우웅! 마침내 하늘을 나는 꿈을 이루자, 사람들은 더욱 큰 꿈을 꾸었어. 더 높이, 더 멀리, 더 빨리, 더 안전하게 날 수 있기를. 날개를 널따랗게 만들어도 보고 엔진도 달아 보았지만, 모두 기대에 못 미쳤지.",
      "srcPage": 3,
      "srcSentenceEA": 5,
      "srcWordEA": 55
    },
    {
      "srcTextID": "148854",
      "srcText": "날개가 제 몸보다 커다랗고 위쪽이 볼록해서 공기를 재빨리 밀어낼 수 있거든요. 또 온몸에 깃털이 촘촘히 나 있는 데다가 몸속에는 공기주머니가 들어 있지요. 그래서 새는 날개를 위아래로 퍼덕여서 하늘로 힘차게 날아오른답니다.",
      "srcPage": 2,
      "srcSentenceEA": 3,
      "srcWordEA": 32
    },
    {
      "srcTextID": "148857",
      "srcText": "훨훨 나는 새의 모습을 잘 살펴보렴. 뾰족한 주둥이에, 양옆으로 길게 뻗은 날개가 있지? 아, 길쭉한 꽁지깃도 있구나! 하늘을 잘 날려면 머리끝부터 발끝까지 새처럼 매끈해야 해.",
      "srcPage": 4,
      "srcSentenceEA": 4,
      "srcWordEA": 28
    },
    {
      "srcTextID": "148861",
      "srcText": "비행기는 어떻게 뜰까요? 비행기의 날개는 윗면이 볼록하고 아랫면이 평평해요. 그래서 비행기가 빨리 달리면 날개 윗면으로는 공기가 빠르게 흐르면서 압력이 낮아지고, 아랫면으로는 공기가 느리게 흐르면서 압력이 높아져요. 그 힘으로 비행기가 공중에 뜨지요.",
      "srcPage": 8,
      "srcSentenceEA": 4,
      "srcWordEA": 34
    }
  ]
}