{
  "title": "개미 공주의 특별한 결혼식",
  "author": "배인주",
  "illustrator": "이경국",
  "isbn": "9791165951368",
  "readAge": "유아",
  "publishedYear": 2021,
  "publisher": "아람북스",
  "classification": "자연탐구",
  "paragraphInfoCount": 16,
  "paragraphInfo": [
    {
      "srcTextID": "16991",
      "srcText": "실망한 지네와 거미는 어쩔 수 없이 발길을 돌렸어. “멋진 다리춤을 보여 주려고 했는데.” “거미줄로 결혼식장을 예쁘게 꾸며 주려고 했는데.”",
      "srcPage": 8,
      "srcSentenceEA": 3,
      "srcWordEA": 19
    },
    {
      "srcTextID": "16996",
      "srcText": "화려하게 차려입은 나비들이 팔랑팔랑 춤을 추었어. 그러자 늠름한 개미 왕자들이 들어왔어. 이제 결혼식이 시작된 거야! ",
      "srcPage": 13,
      "srcSentenceEA": 3,
      "srcWordEA": 17
    },
    {
      "srcTextID": "16986",
      "srcText": "오늘은 개미 공주가 결혼하는 날이야. 결혼식에는 곤충들만 올 수 있대. 병정개미 일병이는 멋지게 차려입었어. 결혼식장 앞에서 안내하는 일을 맡았거든.",
      "srcPage": 1,
      "srcSentenceEA": 4,
      "srcWordEA": 22
    },
    {
      "srcTextID": "93351",
      "srcText": "베짱이의 몸을 요리조리 살피던 일병이가 외쳤어. \"베짱이 통과!\" 뒤이어 메뚜기와 방아깨비, 여치도 폴짝폴짝 뛰어서 왔어. \"너희도 통과!\"",
      "srcPage": 3,
      "srcSentenceEA": 4,
      "srcWordEA": 18
    },
    {
      "srcTextID": "16987",
      "srcText": "베짱이의 몸을 요리조리 살피던 일병이가 외쳤어. “베짱이 통과!” 뒤이어 메뚜기와 방아깨비, 여치도 폴짝폴짝 뛰어서 왔어. “너희도 통과!” 다음 손님으로 쇠똥구리가 왔어. “몸이 머리, 가슴, 배로 나뉘어 있고, 다리도 여섯 개인데. 이 동그란 건 뭐야?” “알사탕이라고? 좋아, 통과!” 쇠똥구리는 뒷다리로 쇠똥이나 다른 동물의 똥을 굴려. 똥 속에 알을 낳기도 하고, 어른벌레와 애벌레가 그 똥을 먹기도 해.",
      "srcPage": 4,
      "srcSentenceEA": 10,
      "srcWordEA": 61
    },
    {
      "srcTextID": "16989",
      "srcText": "곧이어 지네가 나타나자 일병이는 화들짝 놀라며 막아섰어. “다리가 도대체 몇 개야? 넌 곤충이 아니니까 결혼식장에 들어갈 수 없어.”",
      "srcPage": 5,
      "srcSentenceEA": 3,
      "srcWordEA": 19
    },
    {
      "srcTextID": "16990",
      "srcText": "이를 지켜보던 거미가 재빨리 다리 두 개를 감췄어. “난 다리가 여섯 개니까 들어가도 되지?” 일병이는 거미를 훑어보며 고개를 저었어. “안 돼, 머리랑 가슴이 붙어 있잖아.” 거미는 몸이 머리가슴과 배 두 부분으로 나뉘고 , 다리가 여덟 개라서 곤충이 아니야 .",
      "srcPage": 7,
      "srcSentenceEA": 5,
      "srcWordEA": 40
    },
    {
      "srcTextID": "93352",
      "srcText": "첫 번째 손님은 베짱이였어. \"다리가 여섯 개인지 확인 좀 할게. 몸이 머리, 가슴, 배로 나뉘어 있는지도.\"",
      "srcPage": 2,
      "srcSentenceEA": 3,
      "srcWordEA": 17
    },
    {
      "srcTextID": "16988",
      "srcText": "“흥, 너무해! 멀리서 열심히 기어 왔는데. 오늘은 너희를 잡아먹으러 온 게 아니란 말이야.” 지네는 곤충과 달리 몸이 여러 개의 마디로 되어 있고, 마디마다 다리가 달려 있어.",
      "srcPage": 6,
      "srcSentenceEA": 4,
      "srcWordEA": 29
    },
    {
      "srcTextID": "16993",
      "srcText": "“우아, 개미 공주님이다!” 드디어 개미 공주가 결혼식장에 들어왔어. 한 쌍의 반짝이는 더듬이, 두 쌍의 투명한 날개는 정말 눈부시게 아름다웠지. “이제 결혼을 하고 나면 날개를 떼고 멋진 여왕님이 되겠네.” 모두 개미 공주의 우아한 모습에 입을 다물지 못했어.",
      "srcPage": 10,
      "srcSentenceEA": 5,
      "srcWordEA": 39
    },
    {
      "srcTextID": "16994",
      "srcText": "개미 공주님이다! 이제 곧 여왕님이 되겠지. 맞아, 맞아! 오늘 결혼을 하면 여왕님이 되는 거야. 공주 개미는 수개미와 결혼 비행을 하며 짝짓기를 해. 결혼 비행이 끝나면 공주 개미는 날개를 떼고 여왕개미가 되어서 알을 낳아.",
      "srcPage": 11,
      "srcSentenceEA": 6,
      "srcWordEA": 38
    },
    {
      "srcTextID": "16992",
      "srcText": "“잠깐만요!” 누군가가 지네와 거미를 불렀어. 바로 개미 공주였지. “곤충은 아니지만 여기까지 왔으니 내 결혼식에 와도 좋아요.” “야호! 고마워요, 개미 공주님!” 지네와 거미는 기뻐하며 결혼식장으로 들어갔어.",
      "srcPage": 9,
      "srcSentenceEA": 5,
      "srcWordEA": 29
    },
    {
      "srcTextID": "16995",
      "srcText": "베짱이와 여치는 열심히 날개를 비벼 노래를 하기 시작했어. 찌르륵찌르륵, 아름다운 노랫소리가 결혼식장에 울려 퍼졌지. 수컷 곤충은 암컷 곤충을 유인하기 위해 소리를 내기도 해. 베짱이는 울음소리가 베를 짜는 소리와 비슷하다고 해서 붙여진 이름이야.",
      "srcPage": 12,
      "srcSentenceEA": 4,
      "srcWordEA": 35
    },
    {
      "srcTextID": "16997",
      "srcText": "개미 공주는 풀 위로 포르르 날아올랐어. 날개를 떨더니, 이내 위로 위로 높이높이 날아갔어. 가장 멋지고 힘센 개미 왕자를 만나려고 말이야.",
      "srcPage": 14,
      "srcSentenceEA": 3,
      "srcWordEA": 22
    },
    {
      "srcTextID": "16998",
      "srcText": "아름다운 결혼 비행을 보며 모두 개미 공주의 결혼을 축하했어. 여러 마리의 수개미와 한 마리의 공주 개미가 하늘로 날아올라 짝을 짓는 것을 결혼 비행이라고 해. 개미 이외에도 결혼 비행을 통해 짝짓기를 하는 곤충으로는 벌이 있어.",
      "srcPage": 15,
      "srcSentenceEA": 3,
      "srcWordEA": 36
    },
    {
      "srcTextID": "16999",
      "srcText": "날이 어두워지자 반딧불이들이 빛을 총총 밝혀 주었어. 흥겨운 파티는 밤새 계속되었어. 반딧불이는 배 의 노란 부분이 산소와 만나 빛을 내.",
      "srcPage": 16,
      "srcSentenceEA": 3,
      "srcWordEA": 22
    }
  ]
}