{
  "title": "채소에게 혼쭐 난 곰 이야기",
  "author": "민해",
  "illustrator": "현성숙",
  "isbn": "9788929110475",
  "readAge": "유아",
  "publishedYear": 2015,
  "publisher": "글뿌리",
  "classification": "자연탐구",
  "paragraphInfoCount": 16,
  "paragraphInfo": [
    {
      "srcTextID": "151526",
      "srcText": "어느 마을에 토끼들이 살았어요. 토끼들은 맛있는 채소와 과일을 키웠지요. 푹푹 밭을 갈고, 꼭꼭 씨를 심고, 졸졸 물을 주고, 술술 거름도 뿌렸어요.",
      "srcPage": 1,
      "srcSentenceEA": 3,
      "srcWordEA": 23
    },
    {
      "srcTextID": "151528",
      "srcText": "하루는 심술쟁이 곰이 토끼 마을을 찾아왔어요. \"너희를 몽땅 잡아먹겠다! 으르렁!\" 곰은 닥치는 대로 토끼를 잡았어요.",
      "srcPage": 2,
      "srcSentenceEA": 4,
      "srcWordEA": 17
    },
    {
      "srcTextID": "151527",
      "srcText": "토끼들은 바들바들 떨며 빌었지요. \"제발 살려 주세요. 그 대신 맛있는 채소와 과일을 드릴게요.\"",
      "srcPage": 3,
      "srcSentenceEA": 3,
      "srcWordEA": 14
    },
    {
      "srcTextID": "151536",
      "srcText": "\"아주 맛있군. 그래도 여전히 배가 고파. 역시 너희를 잡아먹어야겠다. 크앙!\" 그때 막내 토끼가 소리쳤어요.",
      "srcPage": 10,
      "srcSentenceEA": 5,
      "srcWordEA": 18
    },
    {
      "srcTextID": "151537",
      "srcText": "\"잠깐만 기다려 주세요! 제가 더 맛있는 걸 드릴게요.\" 막내 토끼는 밭으로 뛰어가 채소들을 땄어요. 그리고 호박잎에 꾹꾹 넣어, 쌈을 만들었어요.",
      "srcPage": 11,
      "srcSentenceEA": 4,
      "srcWordEA": 23
    },
    {
      "srcTextID": "151538",
      "srcText": "곰은 쌈을 덥석 받아먹었어요. 오물오물 짭짭. 우물우물 쩝쩝.\n\n",
      "srcPage": 13,
      "srcSentenceEA": 3,
      "srcWordEA": 10
    },
    {
      "srcTextID": "151530",
      "srcText": "토끼들은 얼른 호미로 땅을 팠어요. 울퉁불퉁 감자가 톡!  토실토실 고구마가 툭! 그러나 곰은 하품만 했어요. \"그것도 맛없어 보이는걸!\"",
      "srcPage": 5,
      "srcSentenceEA": 5,
      "srcWordEA": 22
    },
    {
      "srcTextID": "151531",
      "srcText": "\"어떤 채소가 좋을까?\" 토끼들은 길쭉길쭉 오이도 따고 매끈매끈 애호박도 뚝뚝 땄어요. 하지만 곰은 본체만체했어요. 그때 막내 토끼가 큰 소리로 말했어요. \"아, 건너편 밭에서 열매를 따와요!\"",
      "srcPage": 6,
      "srcSentenceEA": 5,
      "srcWordEA": 28
    },
    {
      "srcTextID": "151539",
      "srcText": "막내 토끼는 곰에게 쌈을 내밀었어요. \"맛있는 채소 쌈이에요.\" \"그래? 어디 한번 먹어 볼까?\" ",
      "srcPage": 12,
      "srcSentenceEA": 3,
      "srcWordEA": 14
    },
    {
      "srcTextID": "151534",
      "srcText": "\"곰님, 맛있는 채소와 과일이에요. 어서 드세요.\" \"그럼, 어디 한번 먹어 볼까?\"",
      "srcPage": 9,
      "srcSentenceEA": 3,
      "srcWordEA": 12
    },
    {
      "srcTextID": "151540",
      "srcText": "\"으악! 이게 뭐야? 매워! 물, 물을 줘!\" 콜록콜록! 훌쩍훌쩍! 곰은 펄쩍펄쩍 뛰며 냅다 달아났어요.",
      "srcPage": 14,
      "srcSentenceEA": 6,
      "srcWordEA": 20
    },
    {
      "srcTextID": "151532",
      "srcText": "건너편 밭에 가 보니, 옆으로 뻗은 줄기에 수박이 주렁주렁. 위로 뻗은 가지에 토마토가 대롱대롱. 토끼들은 커다란 수박을 골랐어요. 빨간 토마토도 한 아름 땄어요.",
      "srcPage": 7,
      "srcSentenceEA": 4,
      "srcWordEA": 26
    },
    {
      "srcTextID": "151533",
      "srcText": "토끼들은 우르르 과일나무로 달려갔어요. 사과나무에 새콤달콤 빨간 사과가 조롱조롱. 배나무에 아삭아삭 노란 배가 주렁주렁. 토끼들은 잘 익은 과일을 바구니에 담았어요.",
      "srcPage": 8,
      "srcSentenceEA": 4,
      "srcWordEA": 23
    },
    {
      "srcTextID": "151541",
      "srcText": "토끼들은 고개를 갸우뚱갸우뚱. 막내 토끼에게 물었어요. \"도대체 쌈 안에 뭘 넣었니?",
      "srcPage": 15,
      "srcSentenceEA": 3,
      "srcWordEA": 12
    },
    {
      "srcTextID": "151542",
      "srcText": "막내 토끼는 씩 웃으며 쌈을 펼쳤어요. 쌈 안에는 양파, 마늘, 고추가 한 움큼 들어 있었지요. \"하하, 곰 배 속에서 불이 났겠구나!\" 토끼들은 배꼽이 빠지게 웃었어요.\n\n",
      "srcPage": 16,
      "srcSentenceEA": 4,
      "srcWordEA": 27
    },
    {
      "srcTextID": "151529",
      "srcText": "토끼들은 후다닥 밭으로 뛰어갔어요. 푸른 잎을 잡고, 영차! 주황 당근이 쏙! 하얀 무가 쑥! 그러나 곰은 시큰둥했지요. \"영 맛없어 보이는데!\"\n\n",
      "srcPage": 4,
      "srcSentenceEA": 6,
      "srcWordEA": 24
    }
  ]
}