{
  "title": "특별한 자동차를 가지고 싶어요(자동차 디자이너)",
  "author": "새상 이야기",
  "illustrator": "김상덕",
  "isbn": "9788968736711",
  "readAge": "유아",
  "publishedYear": 2020,
  "publisher": "키움북스",
  "classification": "자연탐구",
  "paragraphInfoCount": 16,
  "paragraphInfo": [
    {
      "srcTextID": "144433",
      "srcText": "\"디자인이 결정되면 모형으로 먼저 만들어 봐야 해요.\" 뚝딱! 뚝딱! 자동차 모형을 만들어 보았더니, 고양이 박사의 마음에 쏙 들었어요. \"우와! 동글동글한 모양이 아주 마음에 들어요.\" \"좋아요. 그럼 이제 디자인대로 박사님의 자동차를 만듭시다.\"",
      "srcPage": 6,
      "srcSentenceEA": 6,
      "srcWordEA": 36
    },
    {
      "srcTextID": "144434",
      "srcText": "고양이 박사는 열심히 자동차를 만들기 시작했어요. 지잉! 지잉! 몸통을 만들고, 뚝딱! 뚝딱! 부품을 만들고, 스륵! 스륵! 핸들을 조립하고, 드륵! 드륵! 바퀴를 달았어요.",
      "srcPage": 7,
      "srcSentenceEA": 10,
      "srcWordEA": 31
    },
    {
      "srcTextID": "122806",
      "srcText": "자동차 디자이너가 되려면? 대학의 자동차 디자인학과에서 공부해요. 우리나라에는 서울대, 홍익대, 국민대 등에 관련 학과가 있고, 유학을 가서 공부할 수도 있어요. 자신이 생각하는 이미지를 잘 표현할 수 있도록 그림 그리는 연습을 꾸준히 하면, 멋지고 만들기 편한 자동차를 디자인할 수 있을 거예요. 자동차 디자이너가 일하는 곳은? 자동차 디자이너는 자동차 제조업체인 대기업에서 일해요. 일부 스포츠카나 특수 차량을 만드는 중소기업에서 일하는 경우도 있어요. 또 부품과 자재를 공급하는 외주회사에서 근무하는 경우도 있어요.",
      "srcPage": 15,
      "srcSentenceEA": 8,
      "srcWordEA": 74
    },
    {
      "srcTextID": "144437",
      "srcText": "한참을 달려 털실이 있는 둥실둥실 마을에 도착했어요. \"제 자동차를 예쁘게 디자인해줄 수 있나요?\" \"오! 그렇다면 제대로 찾아왔어요. 제가 바로 자동차를 예쁘게 디자인하는 멋진이랍니다.\"",
      "srcPage": 12,
      "srcSentenceEA": 4,
      "srcWordEA": 25
    },
    {
      "srcTextID": "122799",
      "srcText": "꼬불꼬불 산을 넘어가던 중에 장화를 만드는 고양이를 만났어요. \"혹시 제 자동차도 예쁘게 디자인해 줄 수 있나요?\" \"글쎄, 한 번도 해 본 적은 없지만, 내가 너를 도와줄게.\"",
      "srcPage": 3,
      "srcSentenceEA": 3,
      "srcWordEA": 26
    },
    {
      "srcTextID": "122800",
      "srcText": "쓱싹쓱싹 짠! 디자인이 나왔어요. \"어! 그런데 이건 장화에 바퀴를 달았네요? 답답할 거 같은데, 창문은 없나요?\" \"없어. 날씨가 좋을 땐 좀 덥겠지만, 비 오는 날에 타면 좋을 거야. 난 장화 디자이너라고! 싫으면 다른 디자이너를 찾아봐!\" 고양이 박사는 실망했지만, 포기하지 않고 다시 길을 떠났어요.",
      "srcPage": 4,
      "srcSentenceEA": 8,
      "srcWordEA": 49
    },
    {
      "srcTextID": "122802",
      "srcText": "고양이 박사가 설계한 자동차는 멋진이씨가 디자인한 대로 완성돼 갔어요. \"야호! 내가 드디어 새로운 자동차를 만들었어!\" 자동차 디자이너의 고민. 자동차를 디자인하려면 제일 먼저 차에 대한 지식을 가지고 있어야 해요. 자동차 는 빠른 속도로 달려야 하므로 공기의 저항을 덜 받도록 디자인하고 자동차를 구매하는 사람들에게 안전하다는 느낌도 들어야 하죠. 자동차의 모양과 내부를 새롭게 디자인하고, 구매자가 사용하기 편하게 개선해야 하는 등 디자이너는 많은 고민을 해야 해요.",
      "srcPage": 8,
      "srcSentenceEA": 6,
      "srcWordEA": 67
    },
    {
      "srcTextID": "122805",
      "srcText": "컨버터블이란? 자동차의 지붕을 접었다 펼 수 있는 승용차에요. 경차란? 무게가 가볍고 크기가 작은 자동차를 말해요. 사이드미러란? 차의 운전석과 조수석 문에 달려있어, 뒤쪽을 볼 수 있게 해주는 거울이에요.",
      "srcPage": 10,
      "srcSentenceEA": 5,
      "srcWordEA": 32
    },
    {
      "srcTextID": "122804",
      "srcText": "전조등이란? 어두운 곳에서 운전할 때 앞을 비추기 위해 설치된 전등으로, 자동차나 기차, 오토바이 전면에 부착되어 있어요. 렌더링이란? 외관을 예상할 수 있도록 최대한 실물처럼 그린 그림이에요. 평면적으로 보이는 물체에 그림자를 주거나, 색의 농도 변화로 입체감이 들게 할 수 있어요. 최근에는 컴퓨터 그래픽으로 좀 더 실감 이 나게 그릴 수 있어요.",
      "srcPage": 11,
      "srcSentenceEA": 5,
      "srcWordEA": 54
    },
    {
      "srcTextID": "144432",
      "srcText": "으, 온통 네모모양뿐이라서 답답해! 네모 나라에 사는 고양이 박사는 네모난 건물, 네모난 버스, 네모난 승용차, 네모난 트럭까지 온통 네모난 것만 있는 것이 너무 답답해요. '아, 재미없어! 내 자동차는 내가 직접 예쁘게 만들어야겠어!'",
      "srcPage": 1,
      "srcSentenceEA": 4,
      "srcWordEA": 34
    },
    {
      "srcTextID": "122798",
      "srcText": "고양이 박사는 튼튼한 몸체에 힘이 센 엔진이 있는 자동차를 만들 수 있었지만, 예쁘게 디자인하는 것이 너무 어려웠어요. '디자인을 잘해 줄 수 있는 자동차 디자이너를 찾아봐야겠어.' 고양이 박사는 자동차 디자이너를 찾아 길을 떠났어요.",
      "srcPage": 2,
      "srcSentenceEA": 3,
      "srcWordEA": 33
    },
    {
      "srcTextID": "122801",
      "srcText": "고양이 박사는 복숭아 마을에 사는 휴대폰 디자이너를 찾아갔어요. \"혹시 내 자동차도 멋있게 디자인해줄 수 있어요?\" \"한번 해 볼까? 내가 디자인하면 누구나 타고 싶어 안달이 날 거야!\" 고양이 박사는 엄청나게 기대를 했어요.",
      "srcPage": 5,
      "srcSentenceEA": 5,
      "srcWordEA": 33
    },
    {
      "srcTextID": "122803",
      "srcText": "고양이 박사는 새 자동차를 타고 네모네모 도시로 왔어요. 고양이 박사의 자동차는 모든 사람의 부러움을 한몸에 받았죠. 그건 모두 자동차 디자이너 멋진이씨가 디자인해 준 덕분이었어요.",
      "srcPage": 9,
      "srcSentenceEA": 3,
      "srcWordEA": 26
    },
    {
      "srcTextID": "122807",
      "srcText": "자동차 디자이너가 되신 특별한 계기가 있으신가요? 어릴 때부터 자동차를 매우 좋아했어요. 그중에서도 제가 가지고 있는 조형적 능력을 최대한 발휘할 수 있는 직업이 자동차 디자이너라고 생각했어요. 새로운 디자인을 창조할 수 있다는 점이 가장 매력적이에요. 가장 힘들 때는 언제인가요? 아름다움의 기준이 주관적이어서 정답이 없는 것 같아요. 그러므로 새롭고도 아름다운 디자인을 끊임없이 창조해야 하는 것이 때때로 힘들 때가 있어요.",
      "srcPage": 16,
      "srcSentenceEA": 7,
      "srcWordEA": 62
    },
    {
      "srcTextID": "144436",
      "srcText": "\"예쁜 자동차는 쉽게 디자인되는 게 아니에요.\" 자동차 디자이너와 고양이 박사는 자동차 설계도를 참고하여 자료조사를 하고, 다양한 구상을 스케치하여 자동차 디자인을 정했어요. 그런데 이게 어떻게 된 일인가요?",
      "srcPage": 13,
      "srcSentenceEA": 3,
      "srcWordEA": 28
    },
    {
      "srcTextID": "144435",
      "srcText": "\"앗! 이게 뭐야 네모잖아! 지붕은 어디 있어요?\" \"이 디자인이 최신 유행이라고, 쳇! 아무것도 모르면서. 싫으면 둥실둥실 마을에 사는 디자이너한테 가봐.\" 고양이 박사는 휴대전화 디자이너의 말을 듣고 둥실둥실 마을로 떠났어요.",
      "srcPage": 14,
      "srcSentenceEA": 6,
      "srcWordEA": 34
    }
  ]
}