{
  "title": "완벽한 생일(파티 플래너)",
  "author": "송윤수",
  "illustrator": "송윤수",
  "isbn": "9788968737183",
  "readAge": "유아",
  "publishedYear": 2020,
  "publisher": "키움북스",
  "classification": "자연탐구",
  "paragraphInfoCount": 16,
  "paragraphInfo": [
    {
      "srcTextID": "109378",
      "srcText": "당연하죠, 안 그래도 할아버지를 위한 깜짝 생일파티를 할 생각이에요. 의사 할아버지의 생일이 다가오자, 숲속 동물들은 모두 모여 회의를 시작했어요. \"숲속의 모든 꽃을 가져다가 장식해 드려요!\"",
      "srcPage": 2,
      "srcSentenceEA": 3,
      "srcWordEA": 26
    },
    {
      "srcTextID": "109380",
      "srcText": "거위씨가 마을 주민들 앞에 나타났어요. \"여러분 안녕하세요! 의사 할아버지의 생일파티 소식을 듣고 이렇게 달려왔답니다. 저는 즐거운 파티를 만드는 일에는 자신 있어요!\"",
      "srcPage": 4,
      "srcSentenceEA": 4,
      "srcWordEA": 23
    },
    {
      "srcTextID": "109384",
      "srcText": "어떤 자세를 가져야 하나요? 무엇보다도 파티주인공을 기쁘게 해주겠다는 마음이 커야 합니다. 파티는 대부분 주인공의 행복한 날에 이루어지는 것이기 때문에, 작은 실수라도 넘어가지 않고 빠짐없이 살펴야 해요. 주인공의 행복한 날을 책임져야 한다는 마음이 커야 하겠죠?",
      "srcPage": 12,
      "srcSentenceEA": 4,
      "srcWordEA": 37
    },
    {
      "srcTextID": "109381",
      "srcText": "\"이제 파티를 준비해 볼까요? 저에게 의사 할아버지에 대해서 설명해 주시겠어요?\" 마을 사람들은 거위씨에게 할아버지가 좋아하는 것들에 대해 알려주었어요.",
      "srcPage": 5,
      "srcSentenceEA": 3,
      "srcWordEA": 20
    },
    {
      "srcTextID": "109382",
      "srcText": "\"먼저 의사 할아버지가 좋아하는 생크림 케이크를 준비해 주세요. 원숭이 씨, 공연 준비는 잘 진행되고 있나요?\" 뚝딱뚝딱 거위씨의 도움으로 파티장이 완성되고 있어요.",
      "srcPage": 6,
      "srcSentenceEA": 3,
      "srcWordEA": 23
    },
    {
      "srcTextID": "111704",
      "srcText": "파티장에 음악이 흘러나오기 시작했어요. 그제야 자신의 깜짝 생일파티를 눈치챈 할아버지는 기뻐서 웃음을 지었답니다. 마을 주민들은 깜짝 파티의 성공에 모두 행복해했어요.",
      "srcPage": 7,
      "srcSentenceEA": 3,
      "srcWordEA": 22
    },
    {
      "srcTextID": "111703",
      "srcText": "거위 씨도 흐뭇한 웃음을 지었답니다. 생일 축하합니다, 사랑하는 할아버지~  생일 축하합니다, 생일 축하합니다, 생일 축하합니다. 정말 고마워요.",
      "srcPage": 8,
      "srcSentenceEA": 4,
      "srcWordEA": 21
    },
    {
      "srcTextID": "109390",
      "srcText": "파티 플래너로서 힘든 점은 무엇인가요? 항상 새로운 주인공의 취향을 고려하는 것이 가장 어렵습니다. 그래서 파티를 준비하기 전에 파티 주인공과 많은 대화를 해야 합니다. 또, 파티가 시작되면 끝날 때까지 긴장을 늦출 수 없어요. 많은 사람이 모여있는 곳에는 사고가 일어날 수도 있기 때문이에요.",
      "srcPage": 14,
      "srcSentenceEA": 5,
      "srcWordEA": 45
    },
    {
      "srcTextID": "109388",
      "srcText": "파티 플래너가 되고 싶은 친구들에게 해주고 싶은 말은? 창의적인 활동들을 많이 하세요. 미술관을 가거나, 직접 내 방을 꾸며보고, 친구의 깜짝 생일파티를 함께 준비해 보세요. 또한, 체력이 중요해요. 열심히 운동하고, 음식도 골고루 먹어요. 평소에 우리가 먹는 음식을 엄마와 함께 준비해 본다면 어떨까요?",
      "srcPage": 15,
      "srcSentenceEA": 6,
      "srcWordEA": 46
    },
    {
      "srcTextID": "109387",
      "srcText": "포트럭 디너 파티 (Potluck dinner). 파티 참가자들이 각각의 요리를 한가지씩 만들어서 함께 먹는 파티에요. 주최자는 장소 정도만 제공해요.",
      "srcPage": 10,
      "srcSentenceEA": 3,
      "srcWordEA": 20
    },
    {
      "srcTextID": "109389",
      "srcText": "파티 플래너가 언제부터 되고 싶었나요? 어릴 때부터 요리하고 남들에게 선보이는 것을 좋아했습니다. 집에 손님이 오시면 어머니와 함께 손님맞이 음식을 하고 손님이 음식을 드실 식탁을 예쁘게 꾸미는 것을 즐거워했어요.",
      "srcPage": 13,
      "srcSentenceEA": 3,
      "srcWordEA": 30
    },
    {
      "srcTextID": "109379",
      "srcText": "공연이란? 공개된 장소에서 연극이나 음악, 무용 등을 관객에게 연출하여 보여주는 것이에요. 결국, 염소 이장님이 말씀하셨어요. \"이렇게 의견이 맞지 않으니, 파티를 성공적으로 준비할 수 있는 전문가를 모십시다.\"",
      "srcPage": 3,
      "srcSentenceEA": 3,
      "srcWordEA": 28
    },
    {
      "srcTextID": "109376",
      "srcText": "작은 숲속 푸른 마을에는 동물들을 치료해 주는 의사 할아버지가 살고 있어요. 푸른 마을 주민들은 모두 할아버지를 존경하지요. 며칠 후면 의사 할아버지 생신인 거 알고 있어요?",
      "srcPage": 1,
      "srcSentenceEA": 3,
      "srcWordEA": 27
    },
    {
      "srcTextID": "109385",
      "srcText": "칵테일파티 (Cocktail party). 가장 많이 행해지는 파티로서, 간단한 음료와 먹거리를 준비해요. 실용적이고 부담 없는 파티라고 할 수 있어요.",
      "srcPage": 9,
      "srcSentenceEA": 3,
      "srcWordEA": 20
    },
    {
      "srcTextID": "109383",
      "srcText": "디너 파티 (Dinner party). 초청장에서 복장, 음식 순서에 이르기까지 정해진 형식에 따라 준비되는 가장 격식을 갖추는 파티라고 할 수 있어요. 샤워 파티 (Shower party) 친한 친구들끼리 결혼과 출산 등에 필요한 물품을 선물하며 축하의 인사와 실질적인 도움을 주고자 마련된 파티에요.",
      "srcPage": 11,
      "srcSentenceEA": 3,
      "srcWordEA": 41
    },
    {
      "srcTextID": "146969",
      "srcText": "어떤 자세를 가져야 하나요? 무엇보다도 파티주인공을 기쁘게 해주겠다는 마음이 커야 합니다. 파티는 대부분 주인공의 행복한 날에 이루어지는 것이기 때문에, 작은 실수라도 넘어가지 않고 빠짐없이 살펴야 해요. 주인공의 행복한 날을 책임져야 한다는 마음이 커야 하겠죠?",
      "srcPage": 16,
      "srcSentenceEA": 4,
      "srcWordEA": 37
    }
  ]
}