{
  "title": "옥달이의 꿈(시나리오 작가)",
  "author": "이세희",
  "illustrator": "박준우, 장단",
  "isbn": "9788968737176",
  "readAge": "유아",
  "publishedYear": 2020,
  "publisher": "키움북스",
  "classification": "자연탐구",
  "paragraphInfoCount": 18,
  "paragraphInfo": [
    {
      "srcTextID": "108084",
      "srcText": "\"내가 쓴 그대로야, 어떻게 이런 일이!\" 사람들은 옥달이가 쓴 대로 이야기하고 행동했지. \"와, 내가 써놓은 대로 세상이 만들어지네!\"",
      "srcPage": 3,
      "srcSentenceEA": 3,
      "srcWordEA": 19
    },
    {
      "srcTextID": "109470",
      "srcText": "날씨조차 옥달이의 일기대로였다니까. \"일기장에 쓴 대로 되어버리는 세상. 내가 쓴 대로 행동하고 말하는 사람들, 재미있고 신난다!\"",
      "srcPage": 4,
      "srcSentenceEA": 3,
      "srcWordEA": 17
    },
    {
      "srcTextID": "109472",
      "srcText": "\"시험에 합격하게 해줘!\" 하지만 세상을 마음대로 바꿀 수 있다는 것은 위험한 일이야. \"아악, 살려줘, 휴, 꿈이었구나.\"",
      "srcPage": 6,
      "srcSentenceEA": 3,
      "srcWordEA": 17
    },
    {
      "srcTextID": "109474",
      "srcText": "다음 날, 옥달이는 우연히 영화 촬영 현장을 지나가게 되었어. \"자! 모두 시나리오 읽으셨죠? 그대로 갑시다!\"",
      "srcPage": 8,
      "srcSentenceEA": 3,
      "srcWordEA": 17
    },
    {
      "srcTextID": "109473",
      "srcText": "\"아저씨, 시나리오가 뭐예요?\" \"시나리오는 영화를 만드는 설계도나 마찬가지란다. 우리 스태프와 배우들 모두 시나리오 작가가 쓴 대로 움직이거든. 자 한번 볼래?\"",
      "srcPage": 9,
      "srcSentenceEA": 4,
      "srcWordEA": 22
    },
    {
      "srcTextID": "109501",
      "srcText": "촬영 단계. 촬영 스태프들은 대본에 맞춰 촬영 준비를 하고 연기자들은 총연습을 거친 후에 촬영에 들어갑니다. 완성 단계 촬영 한 분량을 이야기의 흐름에 맞게 다시 편집해요. 그리고 효과음과 자막을 넣어서 마무리 작업을 하면 영화가 완성!",
      "srcPage": 18,
      "srcSentenceEA": 4,
      "srcWordEA": 37
    },
    {
      "srcTextID": "109476",
      "srcText": "영화는 모두 시나리오에 쓰여있는 대로였어. \"내가 쓴 일기도 시나리오였을까? 그런데 영화 대본은 내 글과는 많이 다르네?\"",
      "srcPage": 10,
      "srcSentenceEA": 3,
      "srcWordEA": 17
    },
    {
      "srcTextID": "109475",
      "srcText": "\"하하하, 이건 네가 일기로 쓴 글과 같은 것을 촬영을 할 수 있게 바꾼 것일 뿐이야. 너의 일기도 제법이구나! 시나리오 작가가 되는 건 어때?\"",
      "srcPage": 11,
      "srcSentenceEA": 3,
      "srcWordEA": 25
    },
    {
      "srcTextID": "109497",
      "srcText": "시나리오 작가가 되려면? 시나리오 작가는 연극, 영화 시나리오 작가와 방송, 드라마 시나리오 작가로 나뉠 수 있어요. 관련학과로는 연극영화과나 극작가 쪽이 있으며 문예창작과도 있어요. 대학에서 전문적으로 공부할 수도 있고 전문교육기관에서 교육과정을 이수하는 방법도 있어요.",
      "srcPage": 14,
      "srcSentenceEA": 4,
      "srcWordEA": 36
    },
    {
      "srcTextID": "109499",
      "srcText": "영화 시나리오 작가. 영화를 만들기 위해서 작품의 주제를 선정하고 주제에 따라서 새롭게 영화 대본을 쓰거나 기존의 문학작품을 각색하여 대본을 집필하는 사람을 말해요. 드라마 작가. 방송 드라마 대본을 쓰는 사람을 말해요. 작품을 통해서 전달하고자 하는 주제 및 소재를 설정하는 일을 해요.",
      "srcPage": 16,
      "srcSentenceEA": 5,
      "srcWordEA": 44
    },
    {
      "srcTextID": "109471",
      "srcText": "\"뭐든지 내 마음대로구나!\" \"복권에 당첨되어 부자가 되게 해줘!\" \"돌아가신 할머니가 다시 살아나게 해줘!\"",
      "srcPage": 5,
      "srcSentenceEA": 3,
      "srcWordEA": 13
    },
    {
      "srcTextID": "118046",
      "srcText": "옥달이는 너무나 행복했어. 영화를 보며 울고 웃는 사람들을 보면 옥달이는 가슴이 벅찼어. 시나리오 작가 박옥달.",
      "srcPage": 13,
      "srcSentenceEA": 3,
      "srcWordEA": 17
    },
    {
      "srcTextID": "108082",
      "srcText": "옥달이라는 소녀 이야기 들어본 적 있니? 낡은 빨간색 대문이 바로 옥달이가 사는 집이야. 가난한 소녀는 가지고 싶은 것도, 되고 싶은 것도 많았지.",
      "srcPage": 1,
      "srcSentenceEA": 3,
      "srcWordEA": 24
    },
    {
      "srcTextID": "108083",
      "srcText": "하지만 마음대로 되는 것이 하나도 없었어. 그래서 소녀는 새로운 세상을 일기장에 쓰기 시작했어. 다음날 신기하게도 옥달이가 쓴 이야기가 똑같이 벌어졌어.",
      "srcPage": 2,
      "srcSentenceEA": 3,
      "srcWordEA": 22
    },
    {
      "srcTextID": "108085",
      "srcText": "\"훌쩍훌쩍, 아이고 저러다 죽으면 어떻게 하나.\" \"여보, 저건 진짜가 아니야, 드라마 작가가 시나리오로 쓴 세상이라고.\" \"시나리오?\" 다행히 꿈이었지만, 덕분에 소녀는 시나리오에 대해 알게 되었어.",
      "srcPage": 7,
      "srcSentenceEA": 3,
      "srcWordEA": 25
    },
    {
      "srcTextID": "118045",
      "srcText": "둘러보고, 살펴보고, 읽어보고, 느껴보고. 한 번 쓰고, 고쳐 쓰고, 다시 써 보고. 많은 시간과 노력이 필요했어. 그리고 꿈에서지만, 옥달이의 시나리오가 완성되어 영화로 만들어졌지.",
      "srcPage": 12,
      "srcSentenceEA": 4,
      "srcWordEA": 26
    },
    {
      "srcTextID": "109498",
      "srcText": "시나리오 작가의 다양한 분야. 방송작가. 라디오나 텔레비전 드라마에 필요한 대본을 만들고 집필하는 일을 담당해요. 완성된 프로그램을 위해서 방송작가는 방송 진행에 모두 관여하기도 해요.",
      "srcPage": 15,
      "srcSentenceEA": 4,
      "srcWordEA": 26
    },
    {
      "srcTextID": "109500",
      "srcText": "준비 단계. 우선 시나리오를 분석해서 촬영 계획을 세워요. 그런 다음 연기자 선정, 촬영 스태프 구성, 촬영 장소 선택 등을 합니다. 이런 준비가 끝나면 촬영대본을 만들고 연기자들과 연기 연습을 합니다.",
      "srcPage": 17,
      "srcSentenceEA": 4,
      "srcWordEA": 32
    }
  ]
}