{
  "title": "모든 게 궁금한 무빈이(물리학자)",
  "author": "성은경",
  "illustrator": "김미연",
  "isbn": "9788968737053",
  "readAge": "유아",
  "publishedYear": 2020,
  "publisher": "키움북스",
  "classification": "자연탐구",
  "paragraphInfoCount": 23,
  "paragraphInfo": [
    {
      "srcTextID": "107401",
      "srcText": "\"궁금해! 궁금해!\" \"오늘은 뭐가 그렇게 궁금하니?\" 반듯반듯 네모안경 쓴 아빠가 스마트폰을 꾹꾹 누르며 물었어요. \"갯벌에 바닷물은 왜 들어왔다 나갔다 하며 움직여요?\" 아빠가 갸우뚱!",
      "srcPage": 4,
      "srcSentenceEA": 5,
      "srcWordEA": 26
    },
    {
      "srcTextID": "107403",
      "srcText": "\"무빈이가 궁금해하는 것들을 연구하는 사람들이 있어. 바로 물리학자야.\" \"저도 궁금한 것이 정말 많아요. 물리학자는 궁금한 걸 알아내는 사람인 거죠?\"",
      "srcPage": 6,
      "srcSentenceEA": 4,
      "srcWordEA": 21
    },
    {
      "srcTextID": "107398",
      "srcText": "엄마 뒤따라 졸졸졸. 아빠 뒤따라 졸졸졸. 할아버지 뒤따라 졸졸졸. 할머니 뒤따라 졸졸졸. 호기심 많은 무빈이가 오늘도 눈을 반짝거려요. '왜 그럴까?'",
      "srcPage": 1,
      "srcSentenceEA": 6,
      "srcWordEA": 24
    },
    {
      "srcTextID": "107417",
      "srcText": "물리학자는 이렇게 나뉘어요. 이론물리학자. 주로 아주 작은 원자 단위의 세계의 물리학을 연구 하기 때문에 직접 실험할 수 없어서 생각만으로 하는 실험을 해요. 실험물리학자. 실험을 통해 연구해요.",
      "srcPage": 9,
      "srcSentenceEA": 5,
      "srcWordEA": 30
    },
    {
      "srcTextID": "107418",
      "srcText": "\"그래서 왜 그런지 알아낸 물리학자가 있어요?\" \"그럼, 영국의 아이작 뉴턴이란 물리학자가 사과가 떨어지는 걸 보고 물체가 떨어지는 이유를 알아냈단다.\" \"우와, 멋지다.\" 앗, 바로 이거야!",
      "srcPage": 10,
      "srcSentenceEA": 4,
      "srcWordEA": 25
    },
    {
      "srcTextID": "107421",
      "srcText": "\"저는 열심히 노력해서 꼭 물리학자가 될 거예요!\" \"그래, 우리 무빈이는 훌륭한 물리학자가 될 수 있을 거야.\" 1933년 노벨물리학상 수상자인 ‘폴 디랙'은, 이전에는 아무도 몰랐던 사실을 모두가 알아들을 수 있는 말들로 전달하는 것이 바로 물리학 이라고 말했어요.",
      "srcPage": 12,
      "srcSentenceEA": 4,
      "srcWordEA": 38
    },
    {
      "srcTextID": "107428",
      "srcText": "갯벌에 바닷물은 왜 들어왔다 나갔다 하며 움직여요? 바다 갯벌의 물이 들어오고 빠지는 것은 달과 태양 및 기타 여러 천체의 인력과 지구의 원심력에 의해 일어나는 현상이에요. 이런 것을 밀물과 썰물이라고 해요.",
      "srcPage": 15,
      "srcSentenceEA": 3,
      "srcWordEA": 32
    },
    {
      "srcTextID": "107433",
      "srcText": "지구가 빙글빙글 도는데 난 왜 어지럽지 않아요? 비행기나 자동차가 한창 달리고 있을 동안은 속도를 거의 느끼지 못하는 원리와 같아요. 어지러움을 느낀다는 것은 달팽이관의 림프액의 흔들림으로 알 수 있는 것인데 지구는 일정한 속도로 끊임없이 자전을 하고 있어 어지러움을 느끼지 않는다고 해요.",
      "srcPage": 17,
      "srcSentenceEA": 3,
      "srcWordEA": 42
    },
    {
      "srcTextID": "107431",
      "srcText": "물리학자는 어디서 일하나요? 일반적으로는 연구소의 연구원이나 대학의 대학교수 또는 강사로 일해요. 또는 공채나 특채를 통해 정부기관이나 기업부설 연구소의 연 구원으로 활동해요. 증권 분석가나 컨설턴트 등의 응용 분야에서도 물리학자가 활동하는 경우도 있어요.",
      "srcPage": 19,
      "srcSentenceEA": 4,
      "srcWordEA": 34
    },
    {
      "srcTextID": "107407",
      "srcText": "\"엄마, 저도 물리학자가 될 수 있을까요?\" \"물론이지! 물리학자들은 보통 사람들보다 뛰어난 호기심을 가지고 연구한단다. 우리 무빈이처럼 말이야.\"",
      "srcPage": 7,
      "srcSentenceEA": 3,
      "srcWordEA": 19
    },
    {
      "srcTextID": "107416",
      "srcText": "\"예를 들면, 이렇게 수돗물을 틀면 물이 아래로 흐르는데, 물리학자들이라면 왜 물은 위로 올라가지 않고 밑으로만 떨어질까? 라고 생각을 하겠지?\" 물은 왜 아래로만 흐를까?",
      "srcPage": 8,
      "srcSentenceEA": 3,
      "srcWordEA": 25
    },
    {
      "srcTextID": "107429",
      "srcText": "롤러코스터를 탄 사람들은 왜 밖으로 튕겨 나오지 않지요? 롤러코스터가 360도로 돌 때 순간적이지만, 거꾸로 매달려 있어도 떨어지지 않는 것은 원심력과 중력이 같기 때문이에요. 물체가 든 바구니를 끈을 매달고 돌리면 물체가 쏟아지지 않는 것과 같은 원리죠.",
      "srcPage": 14,
      "srcSentenceEA": 3,
      "srcWordEA": 37
    },
    {
      "srcTextID": "107432",
      "srcText": "왜 물은 위로 올라가지 않고 밑으로만 떨어질까요? 뉴턴이 발견한 중력의 법칙으로 설명할 수 있어요. 지구에는 모든 것을 지구 가운데로 끌어당기는 중력을 가지고 있는데 물도 이런 중력을 받아 위에서 아래로 떨어진답니다. 중력 덕분에 지구 반대쪽에서도 사람이 안전하게 땅 위에 서 있을 수 있답니다.",
      "srcPage": 16,
      "srcSentenceEA": 4,
      "srcWordEA": 45
    },
    {
      "srcTextID": "107435",
      "srcText": "실 전화를 만들어요! 바늘에 실을 꿰어서 종이컵 바닥 면 중간에 꽂아 넣어요. 나머지 종이컵에도 실을 꽃아 하나로 연결해요.",
      "srcPage": 22,
      "srcSentenceEA": 3,
      "srcWordEA": 20
    },
    {
      "srcTextID": "107430",
      "srcText": "물리학자가 되려면? 물리학자가 되려면 전문성이 요구되는 기초학 문의 특성으로 인해, 대학교에서 물리학을 전공하고 대학원 이상의 공부를 해요. 석사학위를 취득한 후 연구논문 심사를 통해 박사학위 까지 얻는 것이 일반적이라고 해요.",
      "srcPage": 18,
      "srcSentenceEA": 3,
      "srcWordEA": 31
    },
    {
      "srcTextID": "107438",
      "srcText": "유명한 물리학자들은 누가 있나요? 아이작 뉴턴 운동의 3법칙(관성의 법칙, 가속도의 법칙, 작용 반작용의 법칙)을 발견한 물리학자예요. 최초로 반사망원경을 개발하고 만유인력의 법칙을 세우기도 했어요.",
      "srcPage": 20,
      "srcSentenceEA": 3,
      "srcWordEA": 25
    },
    {
      "srcTextID": "107437",
      "srcText": "알버트 아인슈타인. 상대성이론을 발견한 사람으로 유명해요. 광전효과의 발견으로 노벨상을 받았고 세계에서 가장 위대한 업적을 세운 물리학자로 불려요. 이휘소. 한국 최초로 노벨 물리학상의 후보에 올랐던 물리학자에요. 세계 최초로 참(Charm)이라는 입자의 존재를 예측했다고 해요.",
      "srcPage": 21,
      "srcSentenceEA": 6,
      "srcWordEA": 37
    },
    {
      "srcTextID": "107436",
      "srcText": "실이 풀어지지 않도록 매듭을 잘 지으면 실 전화가 완성! 소리가 컵 안을 진동한 후, 실을 타고 반대편 컵으로 전해질 거예요. 멀리서도 들리는지 확인해 보세요!",
      "srcPage": 23,
      "srcSentenceEA": 3,
      "srcWordEA": 26
    },
    {
      "srcTextID": "107399",
      "srcText": "\"궁금해! 궁금해!\" \"오늘은 뭐가 그렇게 궁금하니?\" 하얀 눈이 소복히 내린 듯 머리가 희끗희끗 하신 할아버지가 빙그레 웃으며 물었어요. \"이것 보세요! 구슬은 왜 아래로만 떨어지죠?\" 할아버지는 갸우뚱!",
      "srcPage": 2,
      "srcSentenceEA": 6,
      "srcWordEA": 30
    },
    {
      "srcTextID": "107400",
      "srcText": "\"궁금해! 궁금해!\" \"오늘은 뭐가 그렇게 궁금하니?\" 머리에 뽀글뽀글 라면 가락이 춤을 추는 듯한 할머니가 살래살래 고개를 흔들며 물었어요. \"롤러코스터를 탄 사람들은 왜 밖으로 튕겨 나오지 않아요?\" 할머니는 갸우뚱!",
      "srcPage": 3,
      "srcSentenceEA": 5,
      "srcWordEA": 31
    },
    {
      "srcTextID": "107422",
      "srcText": "\"엄마가 설거지하는 동안 아이작 뉴턴에 대해서 알아보고 있을게요. 걱정하지 마시고 설거지하세요.\" \"호호, 다 컸네. 우리 아들.\" 물리학자가 되려면 성격이 꼼꼼해야 하고, 수학적 기초가 있어야 한대요. 물리를 연구한 책들이 영어로 쓰여 있는 경우가 많아서 영어도 잘해야 하죠.",
      "srcPage": 13,
      "srcSentenceEA": 6,
      "srcWordEA": 40
    },
    {
      "srcTextID": "107402",
      "srcText": "\"궁금해! 궁금해!\" \"오늘은 또 뭐가 그렇게 궁금하니?\" 설거지하는 엄마의 앞치마를 당기며 무빈이가 물었어요. \"지구가 빙글빙글 도는데 난 왜 어지럽지 않아요?\" \"우리 무빈이는 궁금한 게 아주 많구나.\"",
      "srcPage": 5,
      "srcSentenceEA": 5,
      "srcWordEA": 28
    },
    {
      "srcTextID": "107420",
      "srcText": "여러분도 호기심을 가지고 관찰해보세요! 유레카를 외친 일화로 유명한, 고대 그리스의 수학자이자 물리 학자인 아르키메데스는, 욕조에 채워진 물이 자신이 들어가자 넘쳐흐르는 것을 보고 호기심과 의문이 생겼다고 해요. 이러한 사소한 호기심이 오늘날 우리에게 중요한 밑거름이 된답니다.",
      "srcPage": 11,
      "srcSentenceEA": 3,
      "srcWordEA": 36
    }
  ]
}