{
  "title": "집게를 자랑하는 사슴벌레",
  "author": "채영숙, 김미선, 류재혁, 현진오",
  "illustrator": "정보 없음",
  "isbn": "8957420266",
  "readAge": "유아",
  "publishedYear": 2003,
  "publisher": "생각의 샘",
  "classification": "자연탐구",
  "paragraphInfoCount": 19,
  "paragraphInfo": [
    {
      "srcTextID": "130779",
      "srcText": "여름을 기다리는 곤충들. 봄이 되어 바람결이 따스해지면 나무들이 새잎을 돋아 내기 시작합니다. 봄바람의 살랑거림을 들으면서 여름이 오기를 기다리는 곤충들이 있어요.",
      "srcPage": 1,
      "srcSentenceEA": 3,
      "srcWordEA": 22
    },
    {
      "srcTextID": "130783",
      "srcText": "썩은 상수리나무 줄기 속에서는 사슴벌레가 날개돋이를 합니다. 여름을 맞아 가지와 잎을 뻗는 상수리나무 초록색 잎이 햇빛을 받아 양분을 만듭니다. 톱사슴벌레의 날개돋이 등의 허물이 갈라지면서 어른벌레의 몸이 나옵니다. 날개돋이를 마친 사슴벌레 몸이 점점 굳어지고 날개의 색깔이 변합니다. 며칠 후면 밖으로 나갈 수 있게 됩니다.",
      "srcPage": 6,
      "srcSentenceEA": 5,
      "srcWordEA": 47
    },
    {
      "srcTextID": "130784",
      "srcText": "낮에는 무엇을 하면서 지낼까요? 부드러운 흙 속으로 들어가 잠을 자거나, 나무 틈 속에서 웅크린 채 지낸답니다. 가지 위에 웅크리는 톱사슴벌레 낮 동안에는 잠을 자거나 그늘 속에서 웅크린 채 지냅니다. 야행성 곤충들은 낮 동안 흙 속이나 나무 틈 속에서 잠을 잡니다.",
      "srcPage": 8,
      "srcSentenceEA": 4,
      "srcWordEA": 43
    },
    {
      "srcTextID": "130795",
      "srcText": "상수리나무 잎들이 갈색으로 물들기 시작하면, 곳곳에서 떨어져 죽은 사슴벌레의 모습을 볼 수 있습니다. 그러나 썩어 가는 상수리나무 속에서는 애벌레들이 살고 있습니다. 여름에 낳아 놓은 알에서 깨어난 애벌레들입니다. 나뭇잎이 떨어질 무렵이면, 애벌레는 썩은 나무를 먹으며 자라기 시작합니다. 암컷의 턱 암컷은 알을 낳을 때 턱을 사용하여 구멍을 팝니다. 톱사슴벌레의 알 낳았을 당시는 럭비공처럼 길쭉하지만, 날이 갈수록 동그란 공 모양이 되어 갑니다. 가을이 깊어지자 나뭇잎이 떨어져 바닥에 쌓여 갑니다. 알을 낳으려는 톱사슴벌레의 암컷 턱으로 나무줄기에 구멍을 뚫은 다음, 그 속에 산란관을 꽂고서 알을 낳습니다.",
      "srcPage": 18,
      "srcSentenceEA": 8,
      "srcWordEA": 88
    },
    {
      "srcTextID": "130786",
      "srcText": "그 털에 나뭇진을 적셔서 빨아먹는답니다. 나뭇진을 빨아먹는 톱사슴벌레 나뭇진에는 잎에서 만들어진 양분이 듬뿍 들어 있어요. 톱사슴벌레의 혀 털 뭉치가 밑에서부터 둘로 갈라져 있어요. 털에 나뭇진을 듬뿍 적셔서 빨아먹습니다.",
      "srcPage": 10,
      "srcSentenceEA": 4,
      "srcWordEA": 31
    },
    {
      "srcTextID": "130788",
      "srcText": "나뭇진이 많이 나오는 나무줄기에는 장수풍뎅이,  풍이, 사슴벌레, 나방 등 여러 곤충으로 북적거립니다. 날아오르는 장수풍뎅이. 낮 동안 땅속에서 지내다가 밤이 되자 날개를 활짝 펴고 날아오릅니다.",
      "srcPage": 12,
      "srcSentenceEA": 3,
      "srcWordEA": 27
    },
    {
      "srcTextID": "130796",
      "srcText": "가을이 깊어지는 동안 상수리나무는 잎을 다 떨어낸 앙상한 가지만 남게 됩니다. 겨울이 되자, 빈 가지에는 하얀 눈이 쌓이고 찬바람만 쌩쌩 소리를 내며 스쳐 갑니다. 모든 것이 멈춘 듯한 겨울 숲 속 어딘가에는 따뜻한 계절을 기다리는 곤충들이 살고 있답니다. 갓 깨어난 사슴벌레의 1령 애벌레 여름에 낳아 놓은 알에서 방금 깨어난 애벌레의 모습입니다. 썩은 나무 줄기 속에서 두 해째를 맞은 2령 애벌레 썩은 나무줄기 속의 습기나 온도에 따라서 애벌레의 자라는 속도가 다릅니다. 사슴벌레의 종령 애벌레 여름이 되면 날개돋이를 하게 될 애벌레입니다. 날개돋이한 채 나무줄기 속에서 겨울을 나는 애사슴벌레의 어른벌레",
      "srcPage": 19,
      "srcSentenceEA": 7,
      "srcWordEA": 93
    },
    {
      "srcTextID": "130785",
      "srcText": "여름의 상수리나무 숲은 여러 곤충으로 북적거립니다. 그런데 사슴벌레는 눈에 잘 띄지 않습니다. 밤에만 나뭇진을 찾아 돌아다니는 야행성 곤충이기 때문이지요.",
      "srcPage": 7,
      "srcSentenceEA": 3,
      "srcWordEA": 21
    },
    {
      "srcTextID": "130794",
      "srcText": "암컷 한 마리를 두고 수컷끼리 싸우는 것은 다른 생물들에서도 볼 수 있는 모습입니다. 짝짓기를 하는 사슴벌레의 수컷과 암컷 짝짓기가 끝나면 다시 혼자 생활합니다. 톱사슴벌레 한 쌍 짝을 이룬 암컷과 수컷이 사이좋게 나뭇진을 먹고 있어요.",
      "srcPage": 16,
      "srcSentenceEA": 3,
      "srcWordEA": 36
    },
    {
      "srcTextID": "130792",
      "srcText": "몸집이 큰 쪽이 수컷이고, 작은 쪽이 암컷입니다. 수컷끼리 싸우는 모습 생활할 때에는 별로 쓸모가 없는 큰 턱이 싸움할 때에는 무기가 됩니다. 상대방의 가슴을 먼저 큰 턱에 끼우는 쪽이 유리합니다.",
      "srcPage": 17,
      "srcSentenceEA": 3,
      "srcWordEA": 31
    },
    {
      "srcTextID": "130778",
      "srcText": "매미나 장수풍뎅이, 사슴벌레 등의 애벌레들입니다. 상수리나무, 갈참나무, 졸참나무, 신갈나무 등의 참나무 숲에는 참나무 즙을 먹는 여러 곤충이 모여듭니다. 사슴벌레의 번데기 사슴벌레는 알, 애벌레, 번데기 시절을 땅속에서 보냅니다.",
      "srcPage": 2,
      "srcSentenceEA": 3,
      "srcWordEA": 29
    },
    {
      "srcTextID": "130782",
      "srcText": "날씨가 무더워지기 시작하면 나뭇잎들이 무성해져 하늘을 뒤덮습니다. 여름이 온 것을 알고 장수풍뎅이의 번데기가 땅속에서 나와 허물 벗기를 합니다. 땅속에서 나온 매미의 애벌레도 나무로 기어올라 날개돋이를 시작합니다.",
      "srcPage": 5,
      "srcSentenceEA": 3,
      "srcWordEA": 28
    },
    {
      "srcTextID": "130790",
      "srcText": "각자의 무기로 상대의 몸을 집어서 나무에서 떨어뜨리는 쪽이 이기게 됩니다. 사슴벌레는 몸이 크고 다리의 힘이 센 장수풍뎅이를 당하지 못합니다. 장수풍뎅이가 긴 뿔로 사슴벌레를 집어서 멀리 던져 버립니다. 싸움이 시작되었어요. 다리에 힘이 들어가고, 발톱이 나무껍질 속으로 파고듭니다.",
      "srcPage": 14,
      "srcSentenceEA": 5,
      "srcWordEA": 40
    },
    {
      "srcTextID": "130780",
      "srcText": "매미나 장수풍뎅이의 애벌레가 땅속에서 자랄 동안, 사슴벌레의 애벌레는 썩은 상수리나무의 줄기 속에서 자랍니다. 나무줄기 속에 낳아 놓은 알에서 깨어난 사슴벌레 애벌레는 줄기 속을 갉아먹으면서 자랍니다. 번데기 생활을 마치면 밖으로 기어 나오게 될 것입니다.",
      "srcPage": 3,
      "srcSentenceEA": 3,
      "srcWordEA": 35
    },
    {
      "srcTextID": "130781",
      "srcText": "지난해 10월쯤 나무줄기 속에서 어른벌레가 된 채 겨울을 난 애사슴벌레 사슴벌레의 애벌레는 썩기 시작한 나무를 먹고 자랍니다. 홍다리사슴벌레의 번데기 턱이 될 부분이 가슴 쪽으로 굽어 있어요. 번데기 기간은 3주일쯤 됩니다. 며칠 후면 날개돋이가 시작될 것입니다.",
      "srcPage": 4,
      "srcSentenceEA": 4,
      "srcWordEA": 38
    },
    {
      "srcTextID": "130787",
      "srcText": "사슴벌레의 애벌레는 썩은 나무를 먹지만 어른벌레는 나뭇진을 먹고 삽니다. 나뭇진이 나오는 나무를 찾으면, 몸을 부딪치듯이 줄기에 달라붙습니다. 사슴벌레의 혀는 붓끝과 같은 털 뭉치로 되어 있어요.",
      "srcPage": 9,
      "srcSentenceEA": 3,
      "srcWordEA": 27
    },
    {
      "srcTextID": "130791",
      "srcText": "나뭇진이 부족한 곳에서 함께 나뭇진을 먹던 사슴벌레와 장수풍뎅이가 서로 상대를 노려봅니다. 사슴벌레는 다리를 벌리고 가슴을 치켜들고 있고, 장수풍뎅이는 뿔을 낮게 겨누고 있어요. 사슴벌레의 무기는 좌우로 움직이는 큰 턱이고, 장수풍뎅이의 무기는 머리에 달린 긴 뿔입니다.",
      "srcPage": 13,
      "srcSentenceEA": 3,
      "srcWordEA": 36
    },
    {
      "srcTextID": "130789",
      "srcText": "사슴벌레와 장수풍뎅이는 비슷한 점이 참 많아요. 나뭇진을 먹고 사는 것도 같지만, 낮에 잠을 자고 밤에만 활동하는 점도 비슷합니다. 나뭇진이 풍부할 때에는 사슴벌레와 장수풍뎅이가 서로 사이좋게 머리를 맞대고 나누어 먹지만, 나뭇진이 부족할 때에는 싸우기도 합니다.",
      "srcPage": 11,
      "srcSentenceEA": 3,
      "srcWordEA": 36
    },
    {
      "srcTextID": "130793",
      "srcText": "사슴벌레의 수컷끼리도 싸움 합니다. 짝짓기 무렵, 암컷을 서로 차지하려고 할 때입니다. 싸움에 진 수컷은 다른 나뭇진 샘에서 다른 암컷과 만나게 될 것입니다. ",
      "srcPage": 15,
      "srcSentenceEA": 3,
      "srcWordEA": 24
    }
  ]
}