{
  "title": "코리는 로봇 공학자(로봇 공학자)",
  "author": "가 빈",
  "illustrator": "김주경",
  "isbn": "9788968736681",
  "readAge": "유아",
  "publishedYear": 2020,
  "publisher": "키움북스",
  "classification": "자연탐구",
  "paragraphInfoCount": 25,
  "paragraphInfo": [
    {
      "srcTextID": "104361",
      "srcText": "잡동사니 사이로 손잡이가 보였어요. 코리가 낡은 환풍기와 자전거를 치우자 오래된 잔디 깎는 기계가 있었어요. 뭐가 고장이 난 걸까요?",
      "srcPage": 2,
      "srcSentenceEA": 3,
      "srcWordEA": 20
    },
    {
      "srcTextID": "104363",
      "srcText": "\"우와, 움직인다, 움직여!\" 잔디 깎는 기계가 요란한 소리를 냈어요. \"빨리 잔디를 깎아봐야지.\"",
      "srcPage": 4,
      "srcSentenceEA": 3,
      "srcWordEA": 13
    },
    {
      "srcTextID": "104366",
      "srcText": "\"우당탕탕\" 엄청난 소리에 마을 사람 모두가 달려왔어요. 키다리 할머니 정원이 순식간에 엉망이 돼버렸네요. 키다리 할머니는 화가 많이 났어요.",
      "srcPage": 8,
      "srcSentenceEA": 3,
      "srcWordEA": 21
    },
    {
      "srcTextID": "104368",
      "srcText": "주어진 일을 스스로 처리하는 능력을 갖춘 기계를 로봇이라고 해요. 창고로 달려간 코리가 온갖 잡동사니를 모아서 정원 로봇을 뚝딱뚝딱 만들어요. 할머니 조금만 기다리세요!",
      "srcPage": 10,
      "srcSentenceEA": 3,
      "srcWordEA": 24
    },
    {
      "srcTextID": "104369",
      "srcText": "창고 쪽을 지나가시던 할아버지가 소리쳤어요. \"또 시끄럽게 뭘 만드는 거니? 그만두지 못해!\" 이 사고뭉치 녀석!",
      "srcPage": 11,
      "srcSentenceEA": 4,
      "srcWordEA": 17
    },
    {
      "srcTextID": "104370",
      "srcText": "코리는 마음이 상했지만, 묵묵히 로봇을 완성했어요. 스위치를 누르자 정원 로봇은 키다리 할머니네 정원에서 빙글빙글 돌며 물을 주기 시작했어요. 스위치는 기계에서 전기의 흐름을 연결해 주거나 차단해 주는 기구랍니다.",
      "srcPage": 12,
      "srcSentenceEA": 3,
      "srcWordEA": 29
    },
    {
      "srcTextID": "104359",
      "srcText": "만들기를 좋아하는 코리는 뒤뜰에 있는 창고가 매우 좋아요. 창고에는 오래되거나 고장 난 물건들이 가득해요. \"여긴 내 보물창고야, 오늘은 뭘 만들어 볼까?\"",
      "srcPage": 1,
      "srcSentenceEA": 3,
      "srcWordEA": 22
    },
    {
      "srcTextID": "104367",
      "srcText": "다음날 코리는 키다리 할머니를 길에서 보았어요. \"나이가 들어서 정원 가꾸기도 힘들구나.\" 할머니의 혼잣말을 들은 코리는 어제 일로 미안한 마음에 물을 뿌리는 정원 로봇을 만들기로 했어요.",
      "srcPage": 9,
      "srcSentenceEA": 3,
      "srcWordEA": 26
    },
    {
      "srcTextID": "104372",
      "srcText": "\"코리야 일어나렴.\" 엄마가 코리를 흔들어 깨웠어요. \"마을에 큰불이 났단다. 소방차가 와서 불을 끄고 있지만 불길이 좀처럼 잡히질 않는구나.\" 불은 우리에게 아주 중요한 에너지지만, 불이 잘못 나면 아주 큰 피해를 볼 수도 있답니다.",
      "srcPage": 15,
      "srcSentenceEA": 5,
      "srcWordEA": 35
    },
    {
      "srcTextID": "104374",
      "srcText": "누군가 말했어요. \"아니. 저건 코리가 만든 정원 로봇이에요.\" \"코리가 만든 로봇이 마을을 구했어!\" 사람들의 칭찬을 듣자 코리는 무척 기뻤어요.",
      "srcPage": 17,
      "srcSentenceEA": 4,
      "srcWordEA": 21
    },
    {
      "srcTextID": "107516",
      "srcText": "네가 마을을 구했어! 코리야, 이제까지 혼만 내서 미안하구나. \"네가 만든 로봇이 큰일을 했구나.",
      "srcPage": 18,
      "srcSentenceEA": 3,
      "srcWordEA": 14
    },
    {
      "srcTextID": "104380",
      "srcText": "로봇 공학자가 되려면? 로봇 공학자가 되려면 기계공학적인 지식과 전기, 전자공학적인 지식이 필요합니다. 기계, 전자 컴퓨터 공학의 기본은 수학과 과학이기에 어릴 적부터 수학과 과학에 대한 전반적인 지식을 쌓고 대학교에서는 이를 토대로 자신의 적성에 맞는 전공을 선택하여 배우는 것이 중요합니다.",
      "srcPage": 21,
      "srcSentenceEA": 3,
      "srcWordEA": 40
    },
    {
      "srcTextID": "104381",
      "srcText": "로봇 연구원의 다양한 분야. 산업용, 의료용, 해저자원 개발용 및 실생활에 이용할 수 있는 로봇을 연구하고 개발하는 일을 하는 로봇 연구원에는 다양한 분야가 있어요. 기계공학. 로봇의 형태와 움직임에 관한 연구를 해요. 전자공학. 회로설계 같은 전기신호가 흘러가는 부분에 대해 설계해요. 컴퓨터공학. 설계된 시스템이 잘 동작할 수 있도록 프로그램을 만들어요. 통신공학. 외부의 통신을 통해 로봇을 제어한다거나 주위와 커뮤니케이션하는 부분을 연구해요.",
      "srcPage": 22,
      "srcSentenceEA": 10,
      "srcWordEA": 66
    },
    {
      "srcTextID": "104375",
      "srcText": "코리는 정원 로봇과 마을로 갔어요. 스위치를 누르자 분수처럼 물이 쏟아지며 불을 끄네요. \"우와, 소방차가 더 왔다.\"",
      "srcPage": 16,
      "srcSentenceEA": 3,
      "srcWordEA": 17
    },
    {
      "srcTextID": "107515",
      "srcText": "넌 우리 마을의 로봇 공학자야.\" 매일 혼만 내시던 흰머리 할아버지가 웃으며 말씀하셨어요. 코리는 '로봇공학자'가 뭔지 잘 몰랐지만, 어깨가 으쓱해졌어요.",
      "srcPage": 19,
      "srcSentenceEA": 4,
      "srcWordEA": 22
    },
    {
      "srcTextID": "104373",
      "srcText": "화가 머리끝까지 난 할머니는 코리를 쫓아냈어요. '내가 만든 건 누구에게도 도움이 안 되나 봐.' 코리는 이제 로봇을 만들지 못할 것 같았어요. 그리고 슬픈 표정으로 잠이 들었죠.",
      "srcPage": 14,
      "srcSentenceEA": 4,
      "srcWordEA": 28
    },
    {
      "srcTextID": "107517",
      "srcText": "코리는 꿈속에서도 로봇을 만들어요. 청소 로봇을 만들어서 엄마 대신 일을 시키고, 출근 로봇을 만들어서 아빠 대신 회사에 보내요. 그리고 온 가족이 놀이동산에 가서 신나게 노는 꿈을 꾸는 코리의 얼굴은 환하게 빛나고 있었어요.",
      "srcPage": 20,
      "srcSentenceEA": 3,
      "srcWordEA": 34
    },
    {
      "srcTextID": "104382",
      "srcText": "로봇 공학자가 되신 동기가 무엇인가요? 어려서부터 사물을 보는 것보다는 손에 잡고 느끼는 것을 좋아했습니다. 신기한 것을 보면 어떻게 동작하는지 꼭 분해해야 직성이 풀릴 정도로 호기심도 많았습니다. 수학과 과학을 좋아했던 것도 로봇공학자가 되는 데 큰 역할을 한 것 같습니다. 수학, 과학 및 기계공학, 전자공학 등에 대한 지식을 쌓으면서 어려서부터 만들고 싶었던 것을 만들 수 있는 직업을 선택하였는데 그것이 로봇공학이었습니다.",
      "srcPage": 23,
      "srcSentenceEA": 5,
      "srcWordEA": 62
    },
    {
      "srcTextID": "104384",
      "srcText": "로봇 공학자로서 가장 힘들 때는 언제인가요? 로봇을 구상하는 과정이 가장 힘이 듭니다. 다시 말해, 특정 목적을 위한 로봇을 만들 때 어떤 식으로 동작할지 어떤 부품을 어떻게 사용할지를 정하는 과정이 가장 힘듭니다.",
      "srcPage": 24,
      "srcSentenceEA": 3,
      "srcWordEA": 33
    },
    {
      "srcTextID": "104383",
      "srcText": "로봇 공학자로서 가장 행복했던 때는 언제인가요? 제가 만든 로봇이 완성되어 정상적으로 동작할 때 행복을 느낍니다. 그리고, 만든 로봇을 사람들이 좋아해 줄 때도 정말 기쁩니다.",
      "srcPage": 25,
      "srcSentenceEA": 3,
      "srcWordEA": 26
    },
    {
      "srcTextID": "104360",
      "srcText": "와 신기한데, 내가 고쳐 봐야지! 코리는 잔디 깎는 기계를 분해하고 조립해요. 자, 이제 스위치를 눌러볼까요?",
      "srcPage": 3,
      "srcSentenceEA": 3,
      "srcWordEA": 17
    },
    {
      "srcTextID": "104362",
      "srcText": "\"끼끼끼, 컥컥컥, 쿠룩쿠룩\" 잔디 깎기 기계 안에는 회전하는 칼날이 있어서 잔디를 자르고 손질할 수 있어요. 이상한 소리가 계속 났지만 기계가 지나간 자리는 잔디가 깨끗하게 다듬어졌어요.",
      "srcPage": 5,
      "srcSentenceEA": 3,
      "srcWordEA": 27
    },
    {
      "srcTextID": "104365",
      "srcText": "이런, 누군가 심술궂은 목소리로 고함을 쳐요. \"이 녀석, 조용히 하지 못해!\" 옆집 흰머리 할아버지가 기계 소리에 화가 나셨어요.",
      "srcPage": 6,
      "srcSentenceEA": 3,
      "srcWordEA": 19
    },
    {
      "srcTextID": "104364",
      "srcText": "무슨 소리지? 기계에서 '퍽 퍽 퍽' 이상한 소리가 났어요. 잔디 깎는 기계는 계속 이상한 소리를 내며 무서운 속도로 옆집 키다리 할머니네 정원으로 돌진해요. 안돼, 안돼! 키다리 할머니집 정원은 안돼!",
      "srcPage": 7,
      "srcSentenceEA": 7,
      "srcWordEA": 34
    },
    {
      "srcTextID": "104371",
      "srcText": "그런데 물이 분수처럼 쏟아졌어요. 코리가 재빨리 스위치를 껐지만 키다리 할머니네 정원은 순식간에 물바다가 되었죠. 이상한 소리를 듣고 달려온 사람들도 모두 물에 젖은 생쥐 꼴이 되었어요.",
      "srcPage": 13,
      "srcSentenceEA": 3,
      "srcWordEA": 27
    }
  ]
}