{
  "title": "나도 강아지 키우고 싶어요!",
  "author": "함지슬",
  "illustrator": "서영",
  "isbn": "9791165953676",
  "readAge": "유아",
  "publishedYear": 2021,
  "publisher": "아람북스",
  "classification": "자연탐구",
  "paragraphInfoCount": 16,
  "paragraphInfo": [
    {
      "srcTextID": "15178",
      "srcText": "그날 이후, 난 매일매일 엄마 아빠에게 강아지를 키우고 싶다고 말했어요. 잘 놀아 주고, 잘 키울 자신 있다고요. 강아지야, 너랑 살고 싶단 말이야. 강아지야!",
      "srcPage": 12,
      "srcSentenceEA": 4,
      "srcWordEA": 26
    },
    {
      "srcTextID": "15180",
      "srcText": "꼬박 열흘째 되던 날, 엄마가 내게 물었어요. 강아지를 키우면, 배변 훈련도 시켜야 하고, 목욕도 시켜 줘야 하고, 아프면 병원에도 데려가야 해. 해야 할 일이 많은데 다 할 수 있겠니?",
      "srcPage": 13,
      "srcSentenceEA": 3,
      "srcWordEA": 31
    },
    {
      "srcTextID": "15182",
      "srcText": "어? 그런데 어떤 강아지가 왔는지 봐요. 바로 내가 만났던 그 강아지예요! 강아지야, 안녕? 너랑 살게 돼서 정말 좋아. 내가 잘 돌봐 주고, 사랑해 줄게. 우리 재밌게 놀자!",
      "srcPage": 15,
      "srcSentenceEA": 6,
      "srcWordEA": 33
    },
    {
      "srcTextID": "15172",
      "srcText": "우리가 함께 살면, 내가 제일 좋아하는 음식을 나누어 줄게. 친구들을 초대해서 와글와글 파티도 열어야지! 은별아, 너와 친구들이 좋아하는 음식을 내가 먹으면 배가 아파.",
      "srcPage": 4,
      "srcSentenceEA": 3,
      "srcWordEA": 25
    },
    {
      "srcTextID": "15171",
      "srcText": "내가 좋아하는 음식은 사료랑 간식, 물이야. 강아지에게는 초콜릿이나 과일씨, 양파, 고춧가루 등이 든 음식을 주면 안 돼요. 강아지는 이러한 음식들을 소화할 수 있는 능력이 떨어져서 먹으면 몸에 해로워요.",
      "srcPage": 5,
      "srcSentenceEA": 3,
      "srcWordEA": 30
    },
    {
      "srcTextID": "15169",
      "srcText": "나는 강아지가 좋아요. 동주가 키우는 앵무새도 좋고, 한별이가 키우는 햄스터도 좋고, 지민이가 키우는 고양이도 좋고, 여린이가 키우는 토끼도 좋지만, 나는 강아지가 세상에서 제일 좋아요. 그런데. 우리 집에는 강아지가 없어요.",
      "srcPage": 1,
      "srcSentenceEA": 4,
      "srcWordEA": 32
    },
    {
      "srcTextID": "15168",
      "srcText": "강아지랑 살면 얼마나 좋을까요? 나도 강아지를 키우고 싶어요. 어? 나랑 같이 살고 싶다고?",
      "srcPage": 2,
      "srcSentenceEA": 4,
      "srcWordEA": 16
    },
    {
      "srcTextID": "15170",
      "srcText": "와! 강아지네! 은별아! 우리가 함께 살면, 나랑 무엇을 하고 싶어? 우리가 함께 살면, 아주아주 크고 멋진 성을 만들어서 너랑 같이 잘 거야. 고맙지만, 크고 멋진 성은 나에게 맞지 않아. 난 작아도 아늑한 곳이 좋아. 편하게 눕고 일어설 수 있는 크기에, 따뜻하고 조용히 쉴 수 있는 아늑한 집",
      "srcPage": 3,
      "srcSentenceEA": 7,
      "srcWordEA": 54
    },
    {
      "srcTextID": "15173",
      "srcText": "그럼 이건 어때? 둘이서 마법사 옷도 입고 뾰족한 모자도 쓰자. 같이 마법을 부리면서 악당을 잡는 거야. 정말 재밌겠지? ",
      "srcPage": 6,
      "srcSentenceEA": 4,
      "srcWordEA": 21
    },
    {
      "srcTextID": "15174",
      "srcText": "응, 재밌겠다. 하지만 난 마법사 옷은 안 입을래. 내 몸에 있는 털이 나에게는 제일 멋진 옷이거든. 너무 추울 때 입는 강아지 옷 강아지는 이미 자기만의 털옷을 입고 있지만, 털을 자른 뒤 불편해하거나 추위를 탈 때는 옷을 입혀요. 강아지 옷은 목을 죄거나 몸에 꽉 끼지 않는 것으로 골라서 입혀요.",
      "srcPage": 7,
      "srcSentenceEA": 5,
      "srcWordEA": 52
    },
    {
      "srcTextID": "15175",
      "srcText": "나랑 놀이동산에 가서 하루 종일 놀이 기구도 타자. 씽씽 달리는 롤러코스터도 타고, 빙글빙글 돌아가는 대관람차도 타면 정말 신날 거야. 나는 놀이동산에 가는 것보다 너랑 함께 집 주변을 산책하고, 공 던지기 놀이를 하고 싶어.",
      "srcPage": 8,
      "srcSentenceEA": 3,
      "srcWordEA": 35
    },
    {
      "srcTextID": "15176",
      "srcText": "내가 날마다 안아 주고, 뽀뽀도 해 줄게. 짝꿍처럼 둘이 꼭 붙어서 아침부터 밤까지 뭐든지 함께하는 거야. 은별아, 나도 나만의 시간이 필요해. 낮잠도 자고 때로는 푹 쉬어야 너랑 더 재밌게 놀 수 있거든. 어린 강아지는 하루에 18시간 이상 잠을 자고, 다 자라면 12~14시간씩 잠을 자며 에너지를 보충해요. ",
      "srcPage": 9,
      "srcSentenceEA": 6,
      "srcWordEA": 51
    },
    {
      "srcTextID": "15177",
      "srcText": "나, 그렇게 할 수 있어. 잘 때는 깨우지 않고, 네가 깨어 있을 때 신나게 놀기! 산책도 하고, 공 던지기 놀이도 하고 네 사료도 챙겨 주고 아늑한 집도 만들어 줄게. 정말? 약속하는 거야?",
      "srcPage": 10,
      "srcSentenceEA": 5,
      "srcWordEA": 36
    },
    {
      "srcTextID": "15179",
      "srcText": "내가 약속한다고 말하려는 순간, 어? 어디 간 거죠? 강아지가 사라지고 없어요!",
      "srcPage": 11,
      "srcSentenceEA": 3,
      "srcWordEA": 13
    },
    {
      "srcTextID": "15181",
      "srcText": "우리 가족도 이제 강아지를 키울 거예요. 엄마 아빠는 유기견 보호 센터에 가서 주인이 없는 강아지를 데려오기로 했어요. 난 엄마 아빠를 기다리며 강아지가 이야기해 준 대로 아늑한 집을 만들었어요.",
      "srcPage": 14,
      "srcSentenceEA": 3,
      "srcWordEA": 30
    },
    {
      "srcTextID": "147027",
      "srcText": "어떻게 하면 강아지를 잘 키울 수 있을까? 강아지를 키우는 방법을 알아보고 강아지 집을 만들어 봐! 강아지를 키우고 싶다면, 내가 강아지랑 엄마에게 했던 약속들을 잘 기억해 봐. 그럼, 강아지랑 행복하게 지낼 수 있을 거야.",
      "srcPage": 16,
      "srcSentenceEA": 4,
      "srcWordEA": 36
    }
  ]
}