{
  "title": "무거운 코코넛 좀 옮겨 줘!",
  "author": "소라게",
  "illustrator": "김성은",
  "isbn": "9791165951405",
  "readAge": "유아",
  "publishedYear": 2021,
  "publisher": "아람북스",
  "classification": "자연탐구",
  "paragraphInfoCount": 17,
  "paragraphInfo": [
    {
      "srcTextID": "16713",
      "srcText": "여우가 깜짝 놀라 집 밖으로 나가려고 했지만 소용없었지. “밖에 누구 없어요? 나 좀 도와줘요! 아이고, 답답해.”",
      "srcPage": 3,
      "srcSentenceEA": 4,
      "srcWordEA": 18
    },
    {
      "srcTextID": "16715",
      "srcText": "그제야 숲속 동물들은 여우를 도와주기로 했어. 숲속 동물들은 커다란 코코넛을 밀어도 보고, 당겨도 보고, 쪼아도 봤어. 하지만 코코넛은 조금도 움직이지 않았어.",
      "srcPage": 5,
      "srcSentenceEA": 3,
      "srcWordEA": 23
    },
    {
      "srcTextID": "16727",
      "srcText": "커다란 코코넛이 점점 위로 들리더니 나무 막대에서 떨어져 언덕을 따라 떼굴떼굴 굴러가는 게 아니겠어? “어? 코코넛이 굴러간다!” “우리가 해냈어요!” 숲속 동물들 덕분에 여우는 집 밖으로 나올 수 있었어. 코코넛은 떼굴떼굴 구르고 구르다가 커다란 바위에 부딪쳐 구멍이 뚫렸어.",
      "srcPage": 16,
      "srcSentenceEA": 5,
      "srcWordEA": 40
    },
    {
      "srcTextID": "16724",
      "srcText": "“이번에는 돌을 앞으로 옮기고 뒤로 바짝 붙어 앉아 볼까요?” 나무 막대를 받치고 있던 돌을 코코넛에 가깝게 옮기고는 나무 막대 위로 차례로 올라탔어. 그러자. 돌을 코코넛 가까이로 옮겨 봅시다!",
      "srcPage": 15,
      "srcSentenceEA": 4,
      "srcWordEA": 31
    },
    {
      "srcTextID": "16726",
      "srcText": "그 구멍으로 코코넛 주스가 콸콸 흘러나왔지. 여우는 동물들에게 우쭐대며 말했어. “코코넛 주스 맛있죠? 다 내 덕이라고요!”",
      "srcPage": 17,
      "srcSentenceEA": 4,
      "srcWordEA": 18
    },
    {
      "srcTextID": "16711",
      "srcText": "숲속 동물들은 여우를 싫어했어. 여우는 남의 것을 쉽게 빼앗았거든. 아니나 다를까, 여우가 이번에는 똥과 오줌을 누어서 오소리 집을 빼앗았어. 여우가 오소리 집을 빼앗았네. 아유, 편안해라.",
      "srcPage": 1,
      "srcSentenceEA": 5,
      "srcWordEA": 29
    },
    {
      "srcTextID": "16714",
      "srcText": "하지만 아무도 여우를 도우려고 하지 않았어. 여우는 불쌍한 목소리로 말했어. “날 도와주면 집을 돌려줄게요. 제발 도와주세요.”",
      "srcPage": 4,
      "srcSentenceEA": 4,
      "srcWordEA": 18
    },
    {
      "srcTextID": "16717",
      "srcText": "여우는 집 안에서 소리쳤어. “주변에 도움이 될 만한 게 있는지 찾아봐 주세요. 너무 답답해요.” 여우의 말에 멧돼지 아저씨가 주변을 둘러보았어. “옳지, 이거다!”",
      "srcPage": 6,
      "srcSentenceEA": 5,
      "srcWordEA": 24
    },
    {
      "srcTextID": "16719",
      "srcText": "코코넛이 움직이는가 싶더니 다시 원래대로 돌아가 버렸어. “아휴, 아까워라. 살짝 움직였는데.” “이번에는 앞쪽으로 모여 앉아 볼까요?” 오소리의 말에 동물들은 코코넛에 더욱 가까이 다가가 앉았어. 하지만 코코넛은 꿈쩍도 하지 않았어. 이상하다. 왜 안 움직이지?",
      "srcPage": 9,
      "srcSentenceEA": 8,
      "srcWordEA": 38
    },
    {
      "srcTextID": "16712",
      "srcText": "여우가 누워서 쉬고 있을 때였어. 쿵! 하고 커다란 소리가 나지 뭐야? 아주아주 큰 코코넛이 여우네 집 구멍을 막아 버린 거야.",
      "srcPage": 2,
      "srcSentenceEA": 4,
      "srcWordEA": 23
    },
    {
      "srcTextID": "16716",
      "srcText": "나무 막대 아래에, 받침대인 돌을 놓고 시소를 만듭시다! 시소는 지레의 원리와 같아. 동물들은 나무 막대와 돌로 시소를 만들었어.",
      "srcPage": 7,
      "srcSentenceEA": 3,
      "srcWordEA": 20
    },
    {
      "srcTextID": "16718",
      "srcText": "그러고는 다람쥐 할머니부터 멧돼지 아저씨까지 차례로 나무 막대 위에 올라탔어. 멧돼지 아저씨가 올라타는 순간! 코코넛이 슬쩍 들리는 듯했어. “어, 어, 어! 움직인다.”",
      "srcPage": 8,
      "srcSentenceEA": 5,
      "srcWordEA": 25
    },
    {
      "srcTextID": "16720",
      "srcText": "“아무래도 뒤쪽에 앉는 게 좋겠어요.” “그럼, 모두 뒤로 모여 보세요. 바짝 붙어 앉아 봅시다.”",
      "srcPage": 10,
      "srcSentenceEA": 3,
      "srcWordEA": 15
    },
    {
      "srcTextID": "16723",
      "srcText": "“조금만 더 힘을 내주세요!” “여우야, 아무래도 우리 힘으로는 코코넛을 옮기기 힘들겠어.” 숲속 동물들이 포기하려는 순간, 여우가 애원하며 말했어.",
      "srcPage": 13,
      "srcSentenceEA": 3,
      "srcWordEA": 19
    },
    {
      "srcTextID": "16725",
      "srcText": "“제발 도와주세요, 흑흑. 이제 착하게 살게요.” 숲속 동물들은 마지막으로 한 번 더 해 보기로 했어.",
      "srcPage": 14,
      "srcSentenceEA": 3,
      "srcWordEA": 17
    },
    {
      "srcTextID": "16722",
      "srcText": "멧돼지 아저씨의 말에 모두들 엉덩이를 움찔움찔 움직여 따닥따닥 붙어 앉았어. 이번에는 아까보다 코코넛이 더 많이 들렸어. 여우가 집 구멍에서 얼굴을 빼꼼 내밀고 말했어.",
      "srcPage": 11,
      "srcSentenceEA": 3,
      "srcWordEA": 25
    },
    {
      "srcTextID": "16721",
      "srcText": "“야호! 이제 곧 나갈 수 있겠어요.” 하지만 코코넛은 더 이상 움직이지 않았어. 조금 움직이는 것 같아!",
      "srcPage": 12,
      "srcSentenceEA": 3,
      "srcWordEA": 19
    }
  ]
}