{
  "title": "프리마돈나 유미(발레리나)",
  "author": "최인순",
  "illustrator": "박동미",
  "isbn": "9788968736797",
  "readAge": "유아",
  "publishedYear": 2020,
  "publisher": "키움북스",
  "classification": "자연탐구",
  "paragraphInfoCount": 17,
  "paragraphInfo": [
    {
      "srcTextID": "98508",
      "srcText": "첫 공연을 하는 날! 유미는 설레는 마음을 안고, 예쁘게 단장을 했어요. 훌륭한 발레리나가 된 유미는 발레단의 프리마돈나가 된 거죠.",
      "srcPage": 11,
      "srcSentenceEA": 3,
      "srcWordEA": 21
    },
    {
      "srcTextID": "98509",
      "srcText": "화려한 조명이 팡팡 켜지자 유미는 당당하게 무대 위로 올라갔어요. 관객들이 온통 유미만 바라봐요. 밤하늘의 별보다 더 아름다운 프리마돈나 유미를 말이죠. 프리마돈나(Prima donna)란 오페라나 발레 등의 공연 무대에 서는 여자 주인공을 뜻해요.",
      "srcPage": 12,
      "srcSentenceEA": 4,
      "srcWordEA": 34
    },
    {
      "srcTextID": "102388",
      "srcText": "토슈즈는 발레 공연에서 무용수가 신는 신발이에요. 신발 끝 부분에 단단한 재질로 되어 있어 발끝으로 서는 게 가능해요. 튀튀는 여성 발레 무용수가 입는 의상으로, 종아리까지 오는 종 모양의 '로맨틱 튀튀'와 짧고 옆으로 퍼진 형태의 '클래식 튀튀' 가 있어요. 레오타드는 수영복과 비슷한 형태의 의상으로, 튀튀와 함께 입어요. 주로 스판 소재로 탄력이 좋고 활동하기 편해요. 워머는 양말과 비슷한 소재로 타이즈 위에 겹쳐서 신고, 발목 부분을 보호해줘요.",
      "srcPage": 15,
      "srcSentenceEA": 10,
      "srcWordEA": 70
    },
    {
      "srcTextID": "98492",
      "srcText": "눈을 감고 음악을 들으면 발레와 음악은 친구가 돼요. 그러면 음악에 몸을 싣고 리듬을 타요. 리듬이란 음이 빠르거나 느리게, 강하거나 약하기를 반복하며 만들어 주는 소리의 규칙을 뜻해요. 가락, 화성과 함께 음악의 3요소를 이뤄요.",
      "srcPage": 4,
      "srcSentenceEA": 4,
      "srcWordEA": 35
    },
    {
      "srcTextID": "98499",
      "srcText": "때로는 발랄한 소녀로, 때로는 슬픈 여인으로 혹은 우아한 백조가 되어 다양한 감정을 표현해야 해요. 백조의 호수. 마법에 걸려 백조가 되어 버린 오데트 공주와 지그프리트 왕자의 사랑이야기를 그린 백조의 호수는, 잠자는 숲 속의 미녀, 호두까기 인형과 더불어 고전발레의 3대 명작 중 하나로 손꼽혀요.",
      "srcPage": 5,
      "srcSentenceEA": 3,
      "srcWordEA": 44
    },
    {
      "srcTextID": "98501",
      "srcText": "유미는 힘들고 어려웠지만, 발레단에 오래 있었어요. 그리고 어느 날, 유미는 아름다운 세상을 보기 위해 주말여행을 떠났어요. 유미는 여행지에서 오랜만에 자유를 느꼈어요.",
      "srcPage": 6,
      "srcSentenceEA": 3,
      "srcWordEA": 23
    },
    {
      "srcTextID": "98500",
      "srcText": "거리에서는 광대들의 공연이 벌어지고 있었어요. 즐겁게 춤추며 웃고 있는 사람들을 보며 유미는 생각했어요. \"그래, 바로 이거야!\"",
      "srcPage": 7,
      "srcSentenceEA": 3,
      "srcWordEA": 17
    },
    {
      "srcTextID": "98479",
      "srcText": "\"우리 발레단에 들어온 것을 축하해!\" 오늘 유미는 처음으로 발레를 시작하게 되었어요. 이 발레단에서는 한 명만이 프리마돈나가 될 수 있대요.",
      "srcPage": 1,
      "srcSentenceEA": 3,
      "srcWordEA": 21
    },
    {
      "srcTextID": "98507",
      "srcText": "오늘도 혼자 남아 발레 연습을 하는 유미는 음악을 들으며 상상을 해요. \"오늘은 어디로 가볼까?\" 상상 속의 유미가 멋진 도시에서 발레를 하네요. 예술가들이 가득한 거리. 아름다운 세상.",
      "srcPage": 10,
      "srcSentenceEA": 5,
      "srcWordEA": 29
    },
    {
      "srcTextID": "102387",
      "srcText": "유럽에서 발생하여 발달해온 고전 무용의 한 형식인 발레를 하는 사람을 발레리나라고 해요. 남자무용수는 발레리노라고 불러요. 발레리나가 되려면? 발레와 같은 고전 무용의 무용수가 되기 위해서는 어렸을 때부터 무용에 대한 소질을 발견하고 전문적으로 교육을 받는 것이 일반적이에요. 예술 학교로의 진학이나 유학도 도움이 되고, 콩쿠르나 공연 오디션을 통해 데뷔할 수도 있어요.",
      "srcPage": 13,
      "srcSentenceEA": 5,
      "srcWordEA": 52
    },
    {
      "srcTextID": "98484",
      "srcText": "유미는 발레연습을 마치고 잠자리에 누워 상상해 봤어요. 달콤하고 아름다운 세상을 말이죠. 새처럼 나비처럼 춤추는 프리마돈나.",
      "srcPage": 2,
      "srcSentenceEA": 3,
      "srcWordEA": 17
    },
    {
      "srcTextID": "102386",
      "srcText": "발레리나는 아름다운 몸매를 유지하고 매일 꾸준한 연습으로 동작을 반복하고 안무를 해야 하므로 하루도 빠짐없이 운동해야 해요. 그리고 큰 무대에서도 관객들 앞에서 자신감을 잃지 않아야 하죠. 또한, 다른 무용수들과 함께 안무해야 해서 협동심을 지니는 것도 중요합니다.",
      "srcPage": 14,
      "srcSentenceEA": 3,
      "srcWordEA": 37
    },
    {
      "srcTextID": "98502",
      "srcText": "유미는 새로운 마음으로 발레단에 돌아왔어요. 이제 프리마돈나에 대한 욕심을 버리고 아무리 힘들어도 열심히 발레 연습만 했어요. 유미는 발레 연습을 하며 아름다운 세상을 꿈꿔요.",
      "srcPage": 8,
      "srcSentenceEA": 3,
      "srcWordEA": 25
    },
    {
      "srcTextID": "98516",
      "srcText": "발레용어들은 대부분 프랑스어이기 때문에 기본적인 단어와 회화 정도는 익혀 두는 것이 큰 도움이 돼요. 그리고 발레리나를 꿈꾼다면, 음악에 맞추어 춤을 추며 감정을 표현하는 것에 익숙해야 해요. 특히 발레는 클래식 음악에 맞추는 안무가 많아요. 지금부터 클래식 음악과 친해지는 것도 도움이 된답니다.",
      "srcPage": 16,
      "srcSentenceEA": 4,
      "srcWordEA": 43
    },
    {
      "srcTextID": "98515",
      "srcText": "나도 발레리나! 그림을 보고 발레의 기본 팔 동작을 따라 해 보아요. 네 가지 동작을 순서대로 반복해서 연습해요. 준비자세로, 옆구리와 팔 사이의 약간의 공간을 띄워 줘요. 팔을 배꼽 정도의 위치로 올려주고, 자세가 예쁜지 확인해요. 두 팔을 벌리고 팔 끝을 자연스럽고 둥글게 말아줘요. 두 팔을 동그랗게 말아 머리 위로 올려줍니다.",
      "srcPage": 17,
      "srcSentenceEA": 7,
      "srcWordEA": 54
    },
    {
      "srcTextID": "98483",
      "srcText": "그렇지만 발레는 몸의 균형이 잘 맞아야 해요. 스트레칭으로 몸짓도 우아하게 나풀나풀. 스트레칭은 몸의 유연성을 유지하고자 할 때 도움이 되는, 신체 부위를 늘여주는 운동이에요. 발레 스트레칭에는 발목 스트레칭(포인, 플렉스), 옆구리 스트레칭, 골반 스트레칭 등이 있어요.",
      "srcPage": 3,
      "srcSentenceEA": 4,
      "srcWordEA": 37
    },
    {
      "srcTextID": "98503",
      "srcText": "음악에 맞춰 꽃잎이 눈처럼 내려요. 아름다운 꽃들로 가득 찬 세상. 어느새 유미는 아름다운 꽃들로 가득 찬 세상에 와있는 거예요. \"와! 정말 꿈만 같아!\"",
      "srcPage": 9,
      "srcSentenceEA": 4,
      "srcWordEA": 26
    }
  ]
}