{
  "title": "가수가 될 수 있을까?(가수)",
  "author": "김현정",
  "illustrator": "김은희",
  "isbn": "9788968736759",
  "readAge": "유아",
  "publishedYear": 2020,
  "publisher": "키움북스",
  "classification": "자연탐구",
  "paragraphInfoCount": 18,
  "paragraphInfo": [
    {
      "srcTextID": "109222",
      "srcText": "\"포비야, 넌 고음이 특이하니까 개성 있는 가수가 될 수 있을 거야. 그러니 네 목소리의 장점을 살릴 수 있는 작곡을 해 봐. 난 그 곡에 어울리는 가사를 만들어줄게.\" 래키의 말에 포비는 힘이 났어요.",
      "srcPage": 6,
      "srcSentenceEA": 4,
      "srcWordEA": 35
    },
    {
      "srcTextID": "109223",
      "srcText": "포비는 래키와 함께 정성껏 만든 노래를 불러보았어요. \"와우! 너에게 너무 잘 어울리는 노래 같아.\" \"그렇지? 가사도 정말 좋다.\"",
      "srcPage": 7,
      "srcSentenceEA": 3,
      "srcWordEA": 20
    },
    {
      "srcTextID": "109224",
      "srcText": "포비는 기쁜 마음으로 연습하고 또 연습했어요. 노래대회가 열리는 날, 포비는 정말 긴장됐어요. 래키는 엄지손가락을 치켜세우며 응원해 주었어요. \"떨지 마! 네가 얼마나 열심히 연습했는데. 넌 최고가 될 수 있어!\"",
      "srcPage": 8,
      "srcSentenceEA": 6,
      "srcWordEA": 32
    },
    {
      "srcTextID": "109225",
      "srcText": "포비는 집중해서 노래를 부르기 시작했어요. 포비는 자신의 노래 가사처럼 정말 행복했어요. 최선을 다했으니까요. \"이런 행복을 느껴본 지가\"",
      "srcPage": 9,
      "srcSentenceEA": 4,
      "srcWordEA": 19
    },
    {
      "srcTextID": "109226",
      "srcText": "노래 대회를 지켜보던 친구들은 깜짝 놀랐어요. \"예전의 포비가 아닌걸?\" \"목소리가 정말 아름다워!\"",
      "srcPage": 10,
      "srcSentenceEA": 3,
      "srcWordEA": 12
    },
    {
      "srcTextID": "109227",
      "srcText": "\"지금부터 심사 결과를 발표하겠습니다. 인기상은...포비양입니다. 축하합니다!\"\"포비야, 축하해! 우리가 해냈어!\" \"고마워! 래키, 너의 도움이 없었다면 해낼 수 없었을 거야!\"",
      "srcPage": 11,
      "srcSentenceEA": 6,
      "srcWordEA": 24
    },
    {
      "srcTextID": "109228",
      "srcText": "\"축하해! 네가 너무 자랑스러워!\" \"시끄럽다고 했던 우리를 용서해줘!\" \"우리 모두 포비를 축하해주자!\" 친구들은 포비를 들어 하늘 높이 던져주었어요.",
      "srcPage": 12,
      "srcSentenceEA": 4,
      "srcWordEA": 20
    },
    {
      "srcTextID": "109229",
      "srcText": "가수는 혼자나 여러 명이 팀을 이뤄 직업적으로 노래하는 사람이에요. 공연장이나 콘서트, 방송 등에 출연하여 노래를 불러요. 가수가 되려면? 가수가 되기 위한 기본 소양을 다지기 위해 대학에서 실용음악과나 음악관련학과를 전공할 수 있어요. 하지만 음반사나 기획사의 오디션에 통과하거나 자신의 노래를 녹음하여 각 음반사나 기획사, 방송사에 보내 발탁 되는 경우가 더 일반적입니다. 음반사나 기획사에서는 일정 수준이 될 때까지 훈련하고, 자신의 노래를 음반으로 발매하면서 가수를 시작할 수 있어요.",
      "srcPage": 13,
      "srcSentenceEA": 6,
      "srcWordEA": 69
    },
    {
      "srcTextID": "109230",
      "srcText": "대중가수는 일반적으로 대중매체를 통해 친숙하게 볼 수 있는 가수로, 대중음악을 불러요. 오페라 가수는 성악 창법으로 노래를 부르는 가수로서 오페라, 가곡, 교회 음악 등을 불러요. 여자는 소프라노, 메조소프라노, 알토로, 남자는 테너, 바리톤, 베이스로 구별해요. 국악 가수는 판소리나 민요 등의 우리나라 전통 음악을 노래하는 가수로, 최근에는 대중가요와의 접목을 시도하기도 해요. 그 밖에도 장르에 따라 재즈 가수, 록가수, 리듬 앤드 블루스 가수, 트로트 가수 등이 있어요.",
      "srcPage": 15,
      "srcSentenceEA": 5,
      "srcWordEA": 67
    },
    {
      "srcTextID": "109219",
      "srcText": "\"여러분, 광장으로 모여주세요! 마을 회장님께서 중요한 전달사항이 있으시대요.\" 곧 가수의 꿈을 이룰 수 있는 노래 대회가 있을 예정입니다. 자신의 재능을 보여줄 좋은 기회이니 많은 참여 부탁합니다.",
      "srcPage": 3,
      "srcSentenceEA": 4,
      "srcWordEA": 29
    },
    {
      "srcTextID": "109220",
      "srcText": "\"드디어 가수의 꿈을 이룰 기회가 왔어!\" '난 작곡에는 자신 있으니까 멋진 곡을 만들어야지. 가사는 시를 잘 쓰는 너구리 래키에게 부탁해야겠다.'",
      "srcPage": 4,
      "srcSentenceEA": 3,
      "srcWordEA": 21
    },
    {
      "srcTextID": "109221",
      "srcText": "\"래키야, 이번 노래대회에 나갈 가사를 써줄 수 있니? 그리고 넌 기타를 잘 치니 나와 함께 연주해보지 않겠니?\" \"그래! 좋아. 같이 열심히 해보자!\"",
      "srcPage": 5,
      "srcSentenceEA": 4,
      "srcWordEA": 25
    },
    {
      "srcTextID": "109235",
      "srcText": "가수는 노래만 부르나요? 방송 음악 프로그램에 출연하여 노래를 부르고, 공연장과 행사장에 가서 노래와 공연을 해요. 그리고 콘서트도 하지요. 하지만 음악 이외에도 예능 프로그램이나 라디오 프로그램에 출연하여 다양한 활동을 합니다. 그리고 가수로서 활동할 수 있도록 노래와 춤 연습을 꾸준히 해요. 직접 작사나 작곡, 편곡 등에 참여하거나, 간혹 자신의 공연무대를 연출할 수도 있어요.",
      "srcPage": 16,
      "srcSentenceEA": 6,
      "srcWordEA": 56
    },
    {
      "srcTextID": "109236",
      "srcText": "힘든 점은 무엇일까요? 일반인들보다 가수라는 직업은, 남들에게 자주 사생활을 침해받고, 개인적인 시간이 부족해 힘들어 할 수 있어요. 혼자만의 비밀이나 주변의 사람들, 남들에게 보이기 싫은 부분까지도 쉽게 대중들에게 알려져서 큰 곤욕을 치르기도 하지요. 그래서 인기나 사람들의 관심이 너무 많은 것이 오히려 힘들 수도 있답니다.",
      "srcPage": 17,
      "srcSentenceEA": 4,
      "srcWordEA": 46
    },
    {
      "srcTextID": "109231",
      "srcText": "어떤 능력이 필요한가요? 가수는 뛰어난 노래 실력과 음감이 좋아야 해요. 그리고 자신의 노래를 표현할 수 있는 표현력과 예술적인 성향, 많은 사람 앞에서도 노래를 부르고 춤을 출 수 있는 적극적인 성격이 필요해요. 무엇 보다도 새롭고 다양한 음악을 들려주기 위해서 늘 고민하고, 열정적으로 발전시킬 수 있어야 해요.",
      "srcPage": 14,
      "srcSentenceEA": 4,
      "srcWordEA": 48
    },
    {
      "srcTextID": "109234",
      "srcText": "가수가 되면 좋은 점이 있나요? 평소 노래하기를 좋아하는 사람이라면, 자신이 좋아하는 일을 직업으로 삼을 수 있는 것이 큰 장점이에요. 좋아하는 일이기 때문에, 힘든 일도 즐겁게 하고, 마지막까지 포기하지 않고 노력할 수 있다고 해요. 책임감과 마음가짐부터 달라지기 때문이니까요.",
      "srcPage": 18,
      "srcSentenceEA": 4,
      "srcWordEA": 40
    },
    {
      "srcTextID": "109218",
      "srcText": "'나도 노래를 잘하고 싶은데.' 친구들의 반응에 포비는 슬펐어요. 그래서 마음속으로 다짐했어요. '그래! 친구들이 지금은 내 노래를 싫어하지만, 꼭 멋지게 불러서 모두를 깜짝 놀라게 해줄 거야!'",
      "srcPage": 2,
      "srcSentenceEA": 4,
      "srcWordEA": 28
    },
    {
      "srcTextID": "109217",
      "srcText": "노래 부르는 것을 좋아하는 여우 포비는 오늘도 노래 연습을 하고 있어요. 그런데 친구들이 듣기 싫어하네요. \"도레미파솔 솔파미레도\"\"시끄러워!\" \"제발 조용히 해줘. 포비!\"",
      "srcPage": 1,
      "srcSentenceEA": 5,
      "srcWordEA": 24
    }
  ]
}