{
  "title": "누구랑 놀지?",
  "author": "윤아해",
  "illustrator": "오현균",
  "isbn": "9788956149646",
  "readAge": "유아",
  "publishedYear": 2014,
  "publisher": "차일드아카데미",
  "classification": "자연탐구",
  "paragraphInfoCount": 16,
  "paragraphInfo": [
    {
      "srcTextID": "151201",
      "srcText": "“아이, 심심해. 누구랑 놀지?” 작은 토끼 토야는 친구를 찾아 나섰어요. 풀밭에 이르러서 굼틀대는 애벌레를 만났지요.",
      "srcPage": 1,
      "srcSentenceEA": 4,
      "srcWordEA": 18
    },
    {
      "srcTextID": "151200",
      "srcText": "“꼬물꼬물 애벌레야, 나랑 같이 놀자.” “안 돼. 나무 위로 올라가서 번데기가 되어야 해.” 애벌레가 연방 몸을 오므렸다 폈다 하면서 지나쳐 가자, 토야는 다른 곳으로 깡충깡충 뛰어갔어요.",
      "srcPage": 2,
      "srcSentenceEA": 4,
      "srcWordEA": 28
    },
    {
      "srcTextID": "151213",
      "srcText": "토야와 부엉이는 금세 친해졌어요. 부엉이는 밤마다 재미난 이야기를 들려주었어요. 그러고는 아침이면 깊은 잠에 빠져들었다가 밤이 되면 깨어나서 다시 이야기를 시작했지요. 토야는 낮에도, 밤에도 잠을 자지 못했어요. 그 바람에 눈동자가 빨갛게 변해 갔지요. “부엉이야, 너랑 노는 건 너무 힘들어.”",
      "srcPage": 13,
      "srcSentenceEA": 6,
      "srcWordEA": 42
    },
    {
      "srcTextID": "151202",
      "srcText": "갑자기 빗방울이 후드득 떨어졌어요. 촉촉이 젖은 땅 위에서 지렁이가 움찍거렸지요. “굼틀굼틀 지렁이야, 나랑 같이 놀자.” 토야와 지렁이는 서로 친구가 되어, 비를 흠뻑 맞으며 뛰놀았어요. 그런데 비가 그치고 햇볕이 쨍쨍 내리쬐자, 지렁이는 땅속으로 쏙 들어갔어요.",
      "srcPage": 3,
      "srcSentenceEA": 5,
      "srcWordEA": 37
    },
    {
      "srcTextID": "151209",
      "srcText": "토야는 쉭쉭 소리에 놀라서 부스스 눈을 떴어요. “안녕, 작은 토끼야!” 구불구불 뱀이 긴 혀를 날름대며 말을 걸었어요. “으응……, 그런데 네 옷 참 예쁘다.” 토야가 잠에서 덜 깬 목소리로 말했지요. “흐흐, 너도 한번 입어 볼래?” 토야는 기뻐서 얼른 고개를 끄덕였어요.",
      "srcPage": 10,
      "srcSentenceEA": 7,
      "srcWordEA": 42
    },
    {
      "srcTextID": "151212",
      "srcText": "“휴, 큰일 날 뻔했구나. 여기서 숨 좀 돌리고 가야겠다.” 토야는 나뭇등걸에 걸터앉아 쉬다가, 이내 깊은 잠에 빠져들었어요. 토야가 눈을 떴을 때는 이미 깜깜한 밤이었지요. 토야는 나뭇가지에 앉아 있는 부엉이에게 물었어요. “부엉부엉 부엉이야, 나랑 같이 놀래?”",
      "srcPage": 12,
      "srcSentenceEA": 6,
      "srcWordEA": 39
    },
    {
      "srcTextID": "151203",
      "srcText": "불가사리가 모래밭에 누워서 쉬고 있었거든요. “오톨도톨 불가사리야, 나랑 같이…….” 토야가 말을 채 마치기도 전에 불가사리는 파도를 타고 바닷속으로 사라졌어요.",
      "srcPage": 5,
      "srcSentenceEA": 3,
      "srcWordEA": 20
    },
    {
      "srcTextID": "151204",
      "srcText": "토야는 다시 혼자가 되었어요. 어느새 다다른 바닷가에는 흰 파도만 철썩였어요. 그 순간, 토야의 눈이 번쩍 뜨였어요.",
      "srcPage": 4,
      "srcSentenceEA": 3,
      "srcWordEA": 18
    },
    {
      "srcTextID": "151206",
      "srcText": "토야는 실망해서 모래밭에 털썩 주저앉았어요. 그때, 낙지가 흐느적흐느적 다가오더니 긴 다리로 토야를 친친 휘감았어요. “작은 토끼야, 나랑 놀까?”",
      "srcPage": 6,
      "srcSentenceEA": 3,
      "srcWordEA": 19
    },
    {
      "srcTextID": "151205",
      "srcText": "토야는 그만 숨이 턱 막혔어요. “캑캑, 제발 나를 놓아줘!” 그러자 낙지는 냅다 먹물을 쏘고는 달아났어요.",
      "srcPage": 7,
      "srcSentenceEA": 3,
      "srcWordEA": 16
    },
    {
      "srcTextID": "151216",
      "srcText": "점박이 토끼, 까만 토끼, 밤색 토끼. 마침내 토야는 멋진 친구들을 찾았어요. 하나같이 귀가 쫑긋쫑긋, 코가 벌름벌름. “얘들아, 우리 숨바꼭질하자!” 토야가 술래가 되어 외쳤어요. “꼭꼭 숨어라! 기다란 귀 보인다!” 온 숲에 토야의 목소리가 울려 퍼졌어요.",
      "srcPage": 16,
      "srcSentenceEA": 8,
      "srcWordEA": 39
    },
    {
      "srcTextID": "151208",
      "srcText": "토야는 겅중겅중 작은 연못으로 갔어요. 고개를 수그리고 물을 한 모금 마시려는데, 개구리가 폴짝폴짝 뛰어왔어요. “이야, 너 참 잘 뛰는구나! 나도 함께 뛸까?” “좋아. 먼저 내 아이들을 만나 볼래? 얘는 꼬물이, 얘는 꾸물이, 얘는 고물이…….” 토야는 올챙이들과 인사하다가 깜박 잠이 들었어요.",
      "srcPage": 9,
      "srcSentenceEA": 7,
      "srcWordEA": 45
    },
    {
      "srcTextID": "151211",
      "srcText": "뱀은 기다렸다는 듯이 토야에게 와락 달려들었어요. 바로 그때, 독수리가 쌩하고 날아오더니 두 발로 뱀을 홱 낚아챘어요. “안 돼! 내 친구를 어디로 데려가는 거야?” 토야가 화가 나서 고래고래 소리를 지르자, 개구리가 풀숲에서 튀어나와 혀를 차며 말했어요. “쯧쯧, 조금만 늦었으면 뱀에게 잡아먹혔을 거야.”",
      "srcPage": 11,
      "srcSentenceEA": 6,
      "srcWordEA": 44
    },
    {
      "srcTextID": "151214",
      "srcText": "토야는 부엉이와 헤어져서 터덜터덜 걸었어요. 그때, 여우가 꼬리를 살랑살랑 흔들며 나타났어요. “여우야, 네 꼬리 참 멋지다! 나랑 같이 놀래?” “좋아, 그런데 난 지금 몹시 배가 고파.” 그 말에 토야가 풀을 뜯어 주려고 두리번거리자, 여우는 음흉한 미소를 지으며 다가왔어요.",
      "srcPage": 14,
      "srcSentenceEA": 6,
      "srcWordEA": 41
    },
    {
      "srcTextID": "151215",
      "srcText": "“으악, 토, 토끼 살려!” 토야는 죽을힘을 다해 도망쳤어요. 여우도 놓칠세라 날쌔게 뒤쫓았지요. 토야는 깡충깡충, 여우는 팔짝팔짝! 토야는 금방이라도 붙잡힐 것만 같았어요. “얘, 얼른 이리로 숨어!”",
      "srcPage": 15,
      "srcSentenceEA": 6,
      "srcWordEA": 29
    },
    {
      "srcTextID": "151207",
      "srcText": "토야가 겨우 숨을 고르는데, 청새치가 바다 위로 힘차게 솟구쳤어요. “와, 멋있다! 뾰족뾰족 청새치야, 나랑 놀자!” 토야는 뗏목을 타고 청새치에게 다가갔어요. 그런데 뗏목이 청새치의 기다란 주둥이에 부딪혀서 그만 산산조각이 났지요. 토야는 간신히 통나무를 붙잡고 바다를 빠져나왔어요.",
      "srcPage": 8,
      "srcSentenceEA": 6,
      "srcWordEA": 39
    }
  ]
}