{
  "title": "숨바꼭질은 정말 재미있어!",
  "author": "박지숙",
  "illustrator": "이종균",
  "isbn": "9788956149608",
  "readAge": "유아",
  "publishedYear": 2014,
  "publisher": "차일드아카데미",
  "classification": "자연탐구",
  "paragraphInfoCount": 16,
  "paragraphInfo": [
    {
      "srcTextID": "149119",
      "srcText": "나는 햇살강에 사는 꼬마 연어야. 햇살이 따스한 이 강이 내가 태어난 곳이지. “버들치야, 놀자!” 아침마다 버들치를 깨워서 숨바꼭질을 해. 바위뒤에, 물풀 뒤에 꼭꼭 숨고는 버들치에게 들킬까 봐 가슴이 콩닥콩닥. 숨바꼭질은 정말 재미있어!",
      "srcPage": 1,
      "srcSentenceEA": 6,
      "srcWordEA": 36
    },
    {
      "srcTextID": "149120",
      "srcText": "물고기는 어떻게 생겼을까요? 대부분 물고기는 몸이 유선형이며 비늘로 덮여 있어요. 지느러미와 부레가 있고 아가미로 숨을 쉬며 주로 알을 낳아요.",
      "srcPage": 2,
      "srcSentenceEA": 3,
      "srcWordEA": 21
    },
    {
      "srcTextID": "149122",
      "srcText": "힘없이 이리저리 헤엄쳐 다니는데 은어 아저씨가 나를 불렀어. “연어야, 너도 이제 바다로 떠나야지.” 어른이 되려면 바다로 가야 하거든. “너에게 아주 멋진 여행이 될거야.”",
      "srcPage": 4,
      "srcSentenceEA": 4,
      "srcWordEA": 24
    },
    {
      "srcTextID": "149128",
      "srcText": "몇 년 동안 나는 넓은 바다에서 지냈어. 햇살강을 떠날 때보다 몸이 엄청나게 커졌지. “이제 햇살 강으로 돌아가야겠어.” 우리 연어들은 고향으로 돌아가서 알을 낳거든.",
      "srcPage": 9,
      "srcSentenceEA": 4,
      "srcWordEA": 25
    },
    {
      "srcTextID": "149127",
      "srcText": "멀리 햇살 강이 보이자 향긋한 고향의 냄새가 났어. 친구들이 거센 물살을 거슬러 올라가는 게 보였어. 나도 뒤질세라 더욱 힘차게 헤엄쳤지.",
      "srcPage": 10,
      "srcSentenceEA": 3,
      "srcWordEA": 22
    },
    {
      "srcTextID": "149129",
      "srcText": "“휴, 힘들어! 좀 쉬어 가야겠다.” 물살을 거슬러 오르느라 온몸에 힘이 빠졌어. 잠시 숨을 고르는데 참개구리가 눈에 띄었어. “개골개골.” 요란한 울음소리, 공처럼 툭 튀어나온 눈, 금방이라도 펄쩍 뛰어오를 듯한 긴 뒷다리. 물고기와는 다른 신기한 생김새였지.",
      "srcPage": 11,
      "srcSentenceEA": 6,
      "srcWordEA": 39
    },
    {
      "srcTextID": "149131",
      "srcText": "“연어야, 내 친구들을 소개해 줄게.” 참개구리가 풀숲에서 친구들을 불러왔어. “안녕, 난 두꺼비야.” 우툴두툴 두꺼비가 반갑게 인사하자 맹꽁이와 청개구리도 나를 반겼어. “얘들아, 숨바꼭질할래?” 내 말에 친구들이 환호하며 좋아하지 뭐야.",
      "srcPage": 13,
      "srcSentenceEA": 6,
      "srcWordEA": 31
    },
    {
      "srcTextID": "149132",
      "srcText": "그때 도롱뇽이 어기적어기적 걸어왔어. “얘들아, 나도 같이 놀자!” “그래, 그럼 도롱뇽이 술래!” 나와 친구들은 사방으로 흩어져 숨었어. 참개구리는 바위 위에, 두꺼비는 가랑잎 위에, 청개구리는 나뭇잎 위에, 나는 물속에 꼭꼭. 결국 도롱뇽은 아무도 찾지 못했지.",
      "srcPage": 14,
      "srcSentenceEA": 6,
      "srcWordEA": 37
    },
    {
      "srcTextID": "149123",
      "srcText": "그런데 갑자기 찌릿찌릿 옆줄에 위험이 느껴지지 뭐야. 송사리 떼가 새까맣게 몰려오고 있었어. 나는 얼른밑바닥으로 숨었지.",
      "srcPage": 6,
      "srcSentenceEA": 3,
      "srcWordEA": 17
    },
    {
      "srcTextID": "149121",
      "srcText": "오늘은 다른 친구를 찾아 기웃기웃. 저기 혼인색을 띤 각시붕어가 춤을 추네. “각시 붕어야, 나랑 숨바꼭질할래?” “난 지금 짝짓기하느라 바빠.” 그럼 친절한 가시고기 아저씨에게 말해 볼까? “저런! 지금은 알들을 지켜야 한단다.”",
      "srcPage": 3,
      "srcSentenceEA": 6,
      "srcWordEA": 33
    },
    {
      "srcTextID": "149125",
      "srcText": "“앗! 저건 뭐지?” 나는 숨 돌릴 틈도 없이 다시 겁에 질렸어. 물고기들을 마구 잡아먹는 블루길이 떼 지어 왔거든. 물고기들은 강바닥이나 물풀사이로 쏙쏙 재빨리 숨었어. 나도 거뭇거뭇한 돌 위에 바짝엎 드렸지.",
      "srcPage": 7,
      "srcSentenceEA": 5,
      "srcWordEA": 35
    },
    {
      "srcTextID": "149124",
      "srcText": "드디어 바다로 떠나는 날! “연어야, 건강히 잘 다녀와!” 햇살 강 친구들의 배웅을 받으며 나는 강 아래쪽으로 힘차게 헤엄쳐 갔어.",
      "srcPage": 5,
      "srcSentenceEA": 3,
      "srcWordEA": 20
    },
    {
      "srcTextID": "149126",
      "srcText": "나는 쉴 새 없이 헤엄쳐 마침내 바다에 도착했어. 얕은 바다에는 가자미와 망둑어가 있었지. “갈매기가 나타났다. 어서 숨어!” 가자미가 크게 소리치더니 모래바닥에 납작. 나도 가자미 옆에 바짝. 갈매기는 날개짓을 하며 순식간에 날아들더니 미처 숨지 못한 망둑어를 휙 낚아채 갔어.",
      "srcPage": 8,
      "srcSentenceEA": 7,
      "srcWordEA": 43
    },
    {
      "srcTextID": "149130",
      "srcText": "그때 참개구리가 물속으로 첨벙 뛰어들었어. “우아, 헤엄도 칠 줄 아는구나.” “그럼, 올챙이 적에는 물속에서만 살았는걸!” 참개구리가 자랑하듯 으스대며 말했어. “물속에서도, 물 밖에서도 살 수 있다니 멋지다!” 내 칭찬에 참개구리도 금세 마음을 열었나 봐.",
      "srcPage": 12,
      "srcSentenceEA": 6,
      "srcWordEA": 35
    },
    {
      "srcTextID": "149133",
      "srcText": "신나게 놀다 보니 모두 배가 고팠어. “우리 싱싱한 먹이를 잡아먹자.” 참개구리가 긴 혀를 내밀어 파리를 후룩, 맹꽁이와 두꺼비가 하루살이와 모기를 휘릭. “연어야, 너도 먹을래?” “아니, 난 알을 낳을 시기에는 먹지 않아.” 친구들은 그제야 꿀떡꿀떡 맛있게 식사했지.",
      "srcPage": 15,
      "srcSentenceEA": 6,
      "srcWordEA": 38
    },
    {
      "srcTextID": "149134",
      "srcText": "“개굴개굴, 개굴개굴.” 물가에서 개구리들이 시끄럽게 울어 댔어. “네 친구들이 어디 아픈가 봐.” “아니야. 짝을 찾으려고 노래하는 거야.” 참개구리가 밝게 웃으며 말했어. 나는 친구들과 헤어져 다시 강을 거슬러 올랐어. 저녁 노을이 햇살강을 붉게 물들였지.",
      "srcPage": 16,
      "srcSentenceEA": 7,
      "srcWordEA": 38
    }
  ]
}