{
  "title": "나는 소중해!",
  "author": "조임생",
  "illustrator": "이정인",
  "isbn": "9788956149523",
  "readAge": "유아",
  "publishedYear": 2014,
  "publisher": "차일드아카데미",
  "classification": "자연탐구",
  "paragraphInfoCount": 21,
  "paragraphInfo": [
    {
      "srcTextID": "149180",
      "srcText": "줄기는 물과 양분이 지나는 길이야. 또 몸을 지탱하는 일도 하지. 뿌리는 물과 양분을 빨아들이고 줄기를 지탱한단다.",
      "srcPage": 5,
      "srcSentenceEA": 3,
      "srcWordEA": 18
    },
    {
      "srcTextID": "149187",
      "srcText": "산골짜기의 바위틈에서는 돌단풍이 잘 자라. 잎이 단풍나무 잎을 닮아서 붙여지 이름이지. 돌단풍은 추운 겨울에 뿌리만 남았다가 봄이 되면 다시 줄기를 내밀고 꽃을 피워. 이런 풀을 ‘여러해살이풀’이라고 해. 엉겅퀴와 토끼풀, 국화, 수선화도 모두 여러해살이풀이야.",
      "srcPage": 12,
      "srcSentenceEA": 6,
      "srcWordEA": 38
    },
    {
      "srcTextID": "149189",
      "srcText": "숲에서는 꽃을 일찍 피우고 씨앗을 맺어. 나뭇잎이 빽빽해지면 해를 볼 수 없거든. 봄맞이꽃이 맨 먼저 피는 것도 그 때문이야. 달래나 할미꽃은 산 위에서 잘 자라고, 들에서는 쑥부쟁이, 질경이, 애기똥풀, 패랭이꽃 등의 다양한 풀꽃을 만날 수 있단다.",
      "srcPage": 14,
      "srcSentenceEA": 4,
      "srcWordEA": 39
    },
    {
      "srcTextID": "149178",
      "srcText": "옛날에 나는 나무처럼 집을 짓는 재료로 쓰였어. 짚을 이어 만든 초가지붕이 바로 내 작품이야. 나누는 나와 같은 식물이지만 풀은 아니야.",
      "srcPage": 2,
      "srcSentenceEA": 3,
      "srcWordEA": 22
    },
    {
      "srcTextID": "149196",
      "srcText": "나는 사랑을 받으면 더 잘 자란단다. 길가에서 흔히 볼 수 있는 민들레에게, 깽깽이풀이나 노루귀, 동강할미꽃처럼 점점 사라져 가는 풀꽃들에게, 논밭에서 자라는 곡식들에게 말해 줄래? “사랑해! 무럭무럭 자라라.” 하고 말이야. 그럼 힘을 내서 더 쑥쑥 자랄 테니까.",
      "srcPage": 21,
      "srcSentenceEA": 5,
      "srcWordEA": 40
    },
    {
      "srcTextID": "149179",
      "srcText": "사람을 포함한 동물에게는 산소가 꼭 필요하지? 그 산소를 만드는 게 바로 나라는 말씀! 내 몸은 뿌리와 줄기, 잎으로 이루어져 있는데 잎은 햇빛을 받으면 광합성을 통해 산소를 만들거든.",
      "srcPage": 4,
      "srcSentenceEA": 3,
      "srcWordEA": 29
    },
    {
      "srcTextID": "149182",
      "srcText": "뿌리가 물을 흠뻑 머금고 흙을 꽉 잡아 주거든. 빗물을 지하수로 보내는 일도 하지. 어때? 이만하면 정말 대단하지?",
      "srcPage": 7,
      "srcSentenceEA": 4,
      "srcWordEA": 20
    },
    {
      "srcTextID": "149191",
      "srcText": "물에서는 고운 연꽃과 수련이 피어나. 물속 바닥에 뿌리줄기를 내리고, 줄기와 잎은 물 위로 쑥 솟아 있단다. 눈에 보이는 것보다 키가 큰 편이지.",
      "srcPage": 15,
      "srcSentenceEA": 3,
      "srcWordEA": 24
    },
    {
      "srcTextID": "149190",
      "srcText": "물가에서 자라는 갈대, 창포, 부들도 마찬가지야. 반대로 개구리밥과 부레옥잠은 키가 작아. 수면 바로 아래에 뿌리가 있거든.",
      "srcPage": 16,
      "srcSentenceEA": 3,
      "srcWordEA": 18
    },
    {
      "srcTextID": "149177",
      "srcText": "여러 해를 살면서 해마다 줄기가 굵어지거든. 한 해에 한 개씩 늘어나는 나이테로 알 수 있지. 나는 주로 한 해만 살기 때문에 나이테가 없어. 여러 해를 살기도 하지만 겨울에는 줄기가 시들지.",
      "srcPage": 3,
      "srcSentenceEA": 4,
      "srcWordEA": 33
    },
    {
      "srcTextID": "149183",
      "srcText": "씨앗을 퍼뜨릴 때는 올랍도록 지혜롭단다. 저기 하얀 갓털로 뒤덮인 민들레를 봐. 갓털에 붙은 홀씨들은 바람을 따라 여행을 해.",
      "srcPage": 8,
      "srcSentenceEA": 3,
      "srcWordEA": 20
    },
    {
      "srcTextID": "149184",
      "srcText": "제비꽃은 열매의 꼬투리를 팡 터뜨려서 씨앗을 멀리멀리 날려 보내지. 양지꽃은 줄기가 옆으로 자라다가 뿌리를 내려. 새들이 싼 똥 속에서 싹을 틔우는 친구도 있지.",
      "srcPage": 9,
      "srcSentenceEA": 3,
      "srcWordEA": 25
    },
    {
      "srcTextID": "149185",
      "srcText": "사람의 옷이나 동물의 털에 달라붙어 열매를 널리 퍼뜨리는 친구도 있어. 도깨비바늘과 도꼬마리처럼 말이야. 둘 다 열매를 퍼뜨리고 나면 시들어 죽는데 이렇게 한 해만 사는 풀을 ‘한해살이풀’이라고 해. 코스모스, 봉숭아, 강아지풀, 채송화도 모두 한해살이풀이란다.",
      "srcPage": 10,
      "srcSentenceEA": 5,
      "srcWordEA": 37
    },
    {
      "srcTextID": "149186",
      "srcText": "자연에서 찾아낸 발명품, 벨크로. 도꼬마리나 도깨비바늘, 우엉의 열매에는 가각 털, 가시, 갈고리가 있어 동물의 털에 잘 달라붙어요. 스위스의 게오르그 데 메스트랄은 우엉 열매의 갈고리 모양을 본떠 흔히 ‘찍찍이’라고 불리는 벨크로를 발명했답니다.",
      "srcPage": 11,
      "srcSentenceEA": 4,
      "srcWordEA": 34
    },
    {
      "srcTextID": "149176",
      "srcText": "안녕? 나는 파릇파릇 풀이야. 누구든 나를 본 적이 있을 거야. 산과 들, 길가 어디에서나 잘 자라니까. 약한 바람에도 한들한들 흔들릴 만큼 여리지만 태풍이 불어도 끄떡없을 만큼 생명력이 강해. 내가 얼마나 대단한지 한번 들어볼래?",
      "srcPage": 1,
      "srcSentenceEA": 5,
      "srcWordEA": 38
    },
    {
      "srcTextID": "149188",
      "srcText": "예전에는 집 주변에 분꽃이 많았어. 사람들은 분꽃 씨앗을 빻은 가루로 화장을 했지. 또 수세미외로는 그릇 닦는 수세미를 만들어 쓰고, 박은 삶거나 말려서 바가지로 썼어. 주름치마처럼 생긴 자줏빛 꽃 맨드라미, 하루 종일 해를 따라다니는 해바리기는 지금도 주위에서 쉽게 볼 수 있는 풀꽃이야.",
      "srcPage": 13,
      "srcSentenceEA": 4,
      "srcWordEA": 44
    },
    {
      "srcTextID": "149192",
      "srcText": "나는 사람의 귀하디귀한 식량이 되기도 해. 벼와 왕골, 피 등은 논에서 자라는데 특히 벼는 세계 인구의 절반이 주식으로 먹어. 보리, 조, 수수, 밀, 옥수수 등도 식량으로 쓰이는데 벼와 달리 밭에서 자라. 마늘, 부추, 파, 아스파라거스 등은 음식의 재료에 쓰이는 밭작물이지.",
      "srcPage": 17,
      "srcSentenceEA": 4,
      "srcWordEA": 43
    },
    {
      "srcTextID": "149194",
      "srcText": "옥수수 씨앗은 어떻게 싹이 틀까요?  딱딱한 씨앗을 심어요. 씨앗이 점점 부풀어요.",
      "srcPage": 18,
      "srcSentenceEA": 3,
      "srcWordEA": 14
    },
    {
      "srcTextID": "149193",
      "srcText": "씨껍질을 뚫고 뿌리가 나와요. 떡잎 싸개가 땅 위로 나와요. 떡잎 싸개 사이로 본잎이 나와요. 줄기가 자라면서 새잎이 나와요.",
      "srcPage": 19,
      "srcSentenceEA": 4,
      "srcWordEA": 21
    },
    {
      "srcTextID": "149195",
      "srcText": "냉이, 도라지, 고사리, 취나물은 향긋한 봄나물로 식탁 위에 오르고는 해. 달래를 넣은 된장찌개도 맛이 일품이지. 둥굴레나 치커리는 구수한 차로 이용해. 다만 산에 피는 미치광이풀이나 매발톱꽃, 독버섯에는 독이 들어 있으니 조심해야 해!",
      "srcPage": 20,
      "srcSentenceEA": 4,
      "srcWordEA": 34
    },
    {
      "srcTextID": "149181",
      "srcText": "곤충과 초식 동물도 내가 없으면 큰일 날걸? 그들의 먹이와 보금자리가 되어 주니까. 또 나는 홍수와 산사태가 나는 것을 막아 줘.",
      "srcPage": 6,
      "srcSentenceEA": 3,
      "srcWordEA": 22
    }
  ]
}