{
  "title": "향기로운 버섯",
  "author": "채영숙, 김미선",
  "illustrator": "정보 없음",
  "isbn": "8990591791",
  "readAge": "유아",
  "publishedYear": 2003,
  "publisher": "생각의 샘",
  "classification": "자연탐구",
  "paragraphInfoCount": 20,
  "paragraphInfo": [
    {
      "srcTextID": "133465",
      "srcText": "식물은 엽록체로 광합성을 하여 성장에 필요한 양분을 만들어 냅니다. 그러나 버섯은 광합성을 하지 못합니다. 대신에 다른 식물의 줄기나 뿌리, 낙엽 등에서 양분을 얻으면서 살아갑니다. 이렇게 다른 것으로부터 양분을 빼앗으면서 살아가는 것을‘균류’라고 해요.",
      "srcPage": 10,
      "srcSentenceEA": 5,
      "srcWordEA": 36
    },
    {
      "srcTextID": "133464",
      "srcText": "나무그루터기에서 양분을 얻으면서 자라는 구름버섯. 큰눈물버섯 버섯은 스스로 양분을 만들지 못하기 때문에 식물이 아닙니다. 스스로 양분을 만들고 꽃을 피우는 식물 식물은 광합성을 하여 스스로 양분을 만들고 꽃을 피운 다음 씨를 만들어 번식합니다.",
      "srcPage": 11,
      "srcSentenceEA": 3,
      "srcWordEA": 34
    },
    {
      "srcTextID": "133456",
      "srcText": "보이지 않던 버섯들이 어느 날 갑자기 여기저기서 얼굴을 내 었어요. 어디에서 생겨난 걸까요? 버섯들은 일 년 내내 땅속에 숨어 있다가 가을이 오면 밖으로 나오기 시작합니다.",
      "srcPage": 2,
      "srcSentenceEA": 3,
      "srcWordEA": 27
    },
    {
      "srcTextID": "133457",
      "srcText": "특히, 비가 와서 습기가 많아지면 때를 만난 듯 버섯들이 한꺼번에 돋아납니다. 숲이 우거져 습기가 많은 곳일수록 여러 종류의 버섯들이 자랍니다. 비가 오고 난 뒤 습기가 많아진 땅속에서 흰알광대버섯이 흙을 어올리면서 솟아났어요.",
      "srcPage": 3,
      "srcSentenceEA": 3,
      "srcWordEA": 33
    },
    {
      "srcTextID": "133466",
      "srcText": "버섯은 양 기관인 균사체와 씨를 가지고 번식하는 자실체로 이루어져 있어요. 균사체는 자루 맨 밑부분의 솜털 같은 줄기를 말하며, 보통 식물의 뿌리, 줄기, 잎에 해당됩니다. 홀씨가 떨어지면 하얀 실 뭉치 같은 균사체가 사방으로 퍼지면서 양분을 빨아먹게 됩니다.",
      "srcPage": 12,
      "srcSentenceEA": 3,
      "srcWordEA": 38
    },
    {
      "srcTextID": "133473",
      "srcText": "갓에 흰 점이 있고 자루에 고리가 있는 독버섯입니다. 사람의 생명을 위협할 정도로 센 독을 가지고 있어요. 광대버섯 색깔이 아주 화려한 독버섯입니다.",
      "srcPage": 20,
      "srcSentenceEA": 3,
      "srcWordEA": 23
    },
    {
      "srcTextID": "133458",
      "srcText": "나무나 풀이 저마다 모여서 자라는 장소가 있듯이 버섯도 종류마다 자라는 장소가 정해져 있어요. 참나무 숲에서는 비늘버섯, 뽕나무버섯, 흰알광대버섯 등을 볼 수 있어요. 소나무 숲에서는 송이버섯, 비단그물버섯, 싸리버섯, 옷솔버섯 등이 자랍니다.",
      "srcPage": 4,
      "srcSentenceEA": 3,
      "srcWordEA": 32
    },
    {
      "srcTextID": "133459",
      "srcText": "말뚝버섯, 망태버섯 등은 대나무 숲에서 많이 볼 수 있어요. 소나무가 잘린 둥치에서 자라는 분홍콩먼지. 낙엽 위에서 자라는 버섯 낙엽 더미가 쌓인 곳에서 자라는 버섯은 낙엽의 양분을 빨아먹고 자랍니다.",
      "srcPage": 5,
      "srcSentenceEA": 3,
      "srcWordEA": 30
    },
    {
      "srcTextID": "133460",
      "srcText": "같은 숲 속에서 자라더라도 버섯마다 좋아하는 양분은 다 다릅니다. 낙엽이나 썩은 나무에서 양분을 먹고 자라는 버섯이 있는가 하면, 생나무에서만 자라는 버섯도 있어요. 이렇게 자라는 장소가 다른 것은 버섯마다 좋아하는 양분이 다르기 때문입니다.",
      "srcPage": 6,
      "srcSentenceEA": 3,
      "srcWordEA": 34
    },
    {
      "srcTextID": "133467",
      "srcText": "자실체가 나온 뒤 얼마 후면 위쪽이 면봉처럼 뭉쳐 있지만 며칠이 지나면 쟁반 모양으로 모습이 바뀌어 갑니다. 버섯의 균사체. 홀씨가 떨어지면 하얀 실 같은 균사체가 뻗어 나와 양분을 빨아들입니다.",
      "srcPage": 13,
      "srcSentenceEA": 3,
      "srcWordEA": 30
    },
    {
      "srcTextID": "133469",
      "srcText": "자실체는 식물의 꽃에 해당됩니다. 갓과 주름살, 자루의 세 부분으로 이루어져 있어요. 갓이란 자실체의 맨 위쪽을 말합니다. 그리고 갓 아래에 주름살이 있고, 자루가 갓과 주름살을 떠받치고 있어요. 자실체의 주름살 부분에 씨를 간직하고 있답니다.",
      "srcPage": 14,
      "srcSentenceEA": 5,
      "srcWordEA": 36
    },
    {
      "srcTextID": "133461",
      "srcText": "삼색도장버섯 송이버섯 소나무 숲이 있는 땅속에서 모여납니다. 뽕나무버섯 살아 있는 나무 밑동에서 모여납니다. 잔나비걸상 버섯 나무의 그루터기에서 자라요.",
      "srcPage": 7,
      "srcSentenceEA": 3,
      "srcWordEA": 20
    },
    {
      "srcTextID": "133468",
      "srcText": "그물 모양 관 자실체의 주름살 부분이 관 모양으로 되어 있어요. 이 그물 속에 홀씨들이 붙어 있어요. 갓 모양의 자실체를 가진 수원그물버섯.",
      "srcPage": 15,
      "srcSentenceEA": 3,
      "srcWordEA": 23
    },
    {
      "srcTextID": "133471",
      "srcText": "버섯은 한 개씩 나오기도 하지만 여러 개가 한꺼번에 얼굴을 내미는 경우도 있어요. 균사체가 땅속에서 계속 자라다가 어느 날 갑자기 얼굴을 내 기 때문입니다. 어떤 때에는 둥근 원을 그리면서 나오기도 하는데, 이렇게 원 모양으로 나오는 버섯의 띠를 ‘균륜’이라고 해요.",
      "srcPage": 16,
      "srcSentenceEA": 4,
      "srcWordEA": 41
    },
    {
      "srcTextID": "133470",
      "srcText": "떼 지어 나온 버섯. 갓버섯의 균륜. 균륜을 이룬 버섯. 어느 날 갑자기 솟아오른 자실체들이 원 모양을 이루고 있어요.",
      "srcPage": 17,
      "srcSentenceEA": 4,
      "srcWordEA": 21
    },
    {
      "srcTextID": "133462",
      "srcText": "땅이나 썩은 나무, 낙엽 위에서 자라는 버섯들과는 달리 특별한 양분을 먹고 자라는 버섯들도 있어요. 이끼에서 자라거나 솔방울과 같은 나무 열매에서 자라는 버섯이 있는가 하면, 동물의 똥에서 자라는 버섯도 있어요. 그리고 들판의 짚단과 쓰레기 더미에서 자라는 버섯들도 있답니다.",
      "srcPage": 8,
      "srcSentenceEA": 3,
      "srcWordEA": 39
    },
    {
      "srcTextID": "133472",
      "srcText": "버섯은 독특한 향내와 맛으로 오래전부터 사랑받아 오던 음식입니다. 버섯 가운데는 독을 간직하고 있는 버섯도 있기 때문에 모양과 색에 대한 정확한 상식을 알고 있어야만 합니다. 목이버섯 큰그물버섯 싸리버섯 비늘버섯.",
      "srcPage": 18,
      "srcSentenceEA": 3,
      "srcWordEA": 30
    },
    {
      "srcTextID": "133474",
      "srcText": "버섯 중에는 사람의 목숨을 위협할 정도로 나쁜 독을 가지고 있는 독버섯이 있어요. 흔히 색이 화려한 것을 독버섯으로 알고 있지만, 사실은 먹을 수 있는 버섯과 구별할 수 없을 만큼 수수한 독버섯들도 있답니다. 흰알광대버섯 광대버섯 마귀광대버섯.",
      "srcPage": 19,
      "srcSentenceEA": 3,
      "srcWordEA": 36
    },
    {
      "srcTextID": "133455",
      "srcText": "숲 속으로 들어서면 갑자기 시원해지면서 코끝으로 향기로운 냄새가 들어옵니다. 그 가운데는 버섯의 향내도 섞여 있어요. 쌓여 있는 나뭇잎들을 살며시 들추어 보면 여러 모양의 버섯들을 만날 수 있을 거예요.",
      "srcPage": 1,
      "srcSentenceEA": 3,
      "srcWordEA": 30
    },
    {
      "srcTextID": "133463",
      "srcText": "말똥에서 솟아나온 흰계란모자버섯. 흰계란모자버섯이나 말똥버섯아재 등은 동물의 배설물에서 양분을 빨아들이면서 자랍니다. 곤충의 몸에서 나는 동충하초.",
      "srcPage": 9,
      "srcSentenceEA": 3,
      "srcWordEA": 17
    }
  ]
}