{
  "title": "외계인들의 우주선 경주",
  "author": "김소형",
  "illustrator": "김보미",
  "isbn": "9791186298183",
  "readAge": "유아",
  "publishedYear": 2015,
  "publisher": "꼬마대통령",
  "classification": "자연탐구",
  "paragraphInfoCount": 17,
  "paragraphInfo": [
    {
      "srcTextID": "124963",
      "srcText": "“어이쿠, 땅바닥이 아니네?” 외계인들이 착륙을 하려다가 깜짝 놀랐어요. 두꺼운 구름을 지나 보니 바닥이 온통 울렁거렸거든요.",
      "srcPage": 10,
      "srcSentenceEA": 3,
      "srcWordEA": 17
    },
    {
      "srcTextID": "124967",
      "srcText": "토성의 띠를 간신히 빠져나온 외계인들은 풀이 죽었어요. 76년이나 기다린 경주인데, 시작도 못하게 생겼으니 말이에요. 그다음으로 찾아간 천왕성과 해왕성도 마음에 들지 않았어요. “아, 이 넓은 태양계에 경주할 만한 행성이 없다니.” 그동안 경주할 곳을 찾아다니느라 외계인들의 우주선은 여기저기 부서져 고장이 났어요.",
      "srcPage": 14,
      "srcSentenceEA": 5,
      "srcWordEA": 42
    },
    {
      "srcTextID": "124956",
      "srcText": "“우리 경주하기 좋은 곳을 직접 찾아보자!” 모두 각자의 우주선을 타고 태양에서 가장 가까운 수성으로 날아갔어요. 수성에 도착하자마자 외계인들이 소리를 질렀어요.",
      "srcPage": 2,
      "srcSentenceEA": 3,
      "srcWordEA": 22
    },
    {
      "srcTextID": "124955",
      "srcText": "“앗, 뜨거워!” “앗, 차가워!” 수성은 해가 비치는 곳은 무척 뜨겁고, 그림자가 지는 곳은 무척 차가웠어요. 온도를 조절하는 벽과 반사판이 있는 수성 우주선만 끄떡없었지요. “수성에서는 경주를 못하겠어. 금성으로 가자!”",
      "srcPage": 3,
      "srcSentenceEA": 6,
      "srcWordEA": 31
    },
    {
      "srcTextID": "124957",
      "srcText": "하지만 금성도 경주를 하기가 힘들었어요. “으악, 앞이 보이지 않아!” 금성은 황산으로 이루어진 구름으로 덮여 있는 데다가 아주 뜨거웠거든요. 커다란 선풍기가 달린 금성 우주선만 황산 구름을 헤치고 산을 넘고 골짜기를 건넜어요.",
      "srcPage": 4,
      "srcSentenceEA": 4,
      "srcWordEA": 32
    },
    {
      "srcTextID": "124959",
      "srcText": "황산 구름 때문에 앞이 보이지 않아 쿵쿵 서로 부딪힌 외계인들은 화가 났어요. “금성도 안 되겠어. 달로 가 보자!” 모두 지구를 돌고 있는 달로 가 보았어요.",
      "srcPage": 5,
      "srcSentenceEA": 4,
      "srcWordEA": 27
    },
    {
      "srcTextID": "124962",
      "srcText": "화성 우주선에는 우주선을 데우는 난로와 바람을 뿜어내며 둥둥 떠다닐 수 있는 장치가 있었어요. “우리 목성으로 가자. 목성이 제일 커!” 외계인들은 태양계에서 가장 큰 목성으로 향했어요.",
      "srcPage": 9,
      "srcSentenceEA": 4,
      "srcWordEA": 27
    },
    {
      "srcTextID": "124969",
      "srcText": "모두들 우주복을 입고 부품을 모아 뚝딱뚝딱 우주선을 만들었지요. “우주선 벽에 항상 물이 흐르도록 만들면 갑자기 차가워지거나 뜨거워지지 않을 거야.” “바퀴를 크고 두껍게 만들면 구덩이가 있어도 크게 흔들리지 않아.” 모두의 힘을 모았더니 훌륭한 우주선이 완성됐어요.",
      "srcPage": 16,
      "srcSentenceEA": 4,
      "srcWordEA": 35
    },
    {
      "srcTextID": "124960",
      "srcText": "“에취, 추워라. 왜 이렇게 추워?” 화성의 북극은 꽁꽁 언 얼음으로 뒤덮여 있었지요. 외계인들은 추워서 밖으로 나오지 못하고 다들 우주선 안에서 덜덜 떨었어요. 화성 외계인들만 스케이트를 타며 좋아했지요.",
      "srcPage": 8,
      "srcSentenceEA": 5,
      "srcWordEA": 31
    },
    {
      "srcTextID": "124964",
      "srcText": "목성인들이 쭈뼛쭈뼛 말을 했어요. “목성 표면은 액체로 된 수소와 헬륨으로 되어 있어서 그래. 하지만 목성 주변에는 위성들이 아주 많아. 장애물 경주를 하면 재미있을 거야. 어때?” “위성에 부딪히면 우주선이 고장 나서 안 돼!” 모두들 조심조심 목성을 빠져나왔어요.",
      "srcPage": 11,
      "srcSentenceEA": 7,
      "srcWordEA": 40
    },
    {
      "srcTextID": "124965",
      "srcText": "다들 통신 위성으로 회의를 하면서 경주할 행성을 찾지 못해 투덜거렸어요. “다들 자기 행성에서만 경주하려고 하면 어떡해?” 외계인들은 경주할 행성을 찾지 못해 시무룩했어요. 그때 토성 외계인이 큰 소리로 말했어요. “우리 토성에 가 보자!”",
      "srcPage": 12,
      "srcSentenceEA": 5,
      "srcWordEA": 34
    },
    {
      "srcTextID": "124966",
      "srcText": "위이잉! 모두들 우주선을 타고 토성으로 향했어요. 멀리 보이는 토성은 정말 멋졌지요. 넓고 멋진 띠가 토성을 둘러싸고 있었어요. 하지만 토성도 경주하기가 힘든 행성이었어요. 멋진 띠는 돌과 얼음으로 이루어져 있었거든요.",
      "srcPage": 13,
      "srcSentenceEA": 5,
      "srcWordEA": 33
    },
    {
      "srcTextID": "124968",
      "srcText": "“우리 튼튼한 우주선을 만들어 볼까?” “그래그래, 어느 행성에 가도 끄떡없는 우주선을 만들자!” 다들 신이 나서 우주 정거장으로 향했어요. 그곳이라면 모두 모여 우주선을 만들 수 있을 테니까요.",
      "srcPage": 15,
      "srcSentenceEA": 4,
      "srcWordEA": 28
    },
    {
      "srcTextID": "124970",
      "srcText": "새로 만든 우주선은 정말 멋있었어요. “어서 타! 경주는 못하겠지만 태양계 여행은 할 수 있어!” 외계인들은 신이 나서 우주선에 올라탔어요. 수성, 금성, 지구, 화성, 목성, 토성, 천왕성, 해왕성! 태양계의 행성들이 우주선을 반갑게 맞아 주었어요.",
      "srcPage": 17,
      "srcSentenceEA": 6,
      "srcWordEA": 37
    },
    {
      "srcTextID": "124954",
      "srcText": "태양계에 76년마다 열리는 우주선 경주 대회가 다가오고 있어요. 우주 정거장에 모인 외계인들은 저마다 자기가 사는 곳에서 경주를 하자고 야단이에요. “제일 크고 멋진 목성에서 대회를 열자!” “이번에는 아름다운 금성에서 대회를 열어야 해!”",
      "srcPage": 1,
      "srcSentenceEA": 4,
      "srcWordEA": 32
    },
    {
      "srcTextID": "124958",
      "srcText": "외계인들이 탄 우주선이 달 표면을 지날 때 쿵쿵 쿵쿵, 천장에 머리를 부딪쳤어요. “어이쿠, 왜 이렇게 구덩이가 많은 거야!” 여러 개의 작은 바퀴를 단 달 우주선만 울퉁불퉁한 달을 잘 지나다녔어요.",
      "srcPage": 6,
      "srcSentenceEA": 3,
      "srcWordEA": 30
    },
    {
      "srcTextID": "124961",
      "srcText": "“우리 예쁜 화성에 가서 경주하자!” 모두들 화성으로 몰려갔어요. 덜컹덜컹, 화성도 달처럼 구덩이가 많았어요. 외계인들은 하얗고 매끈매끈해 보이는 곳에 우주선을 세웠어요.",
      "srcPage": 7,
      "srcSentenceEA": 4,
      "srcWordEA": 23
    }
  ]
}