{
  "title": "꼬마 왕의 자동차 경주",
  "author": "김혜선",
  "illustrator": "강영수",
  "isbn": "9791186298121",
  "readAge": "유아",
  "publishedYear": 2015,
  "publisher": "꼬마대통령",
  "classification": "자연탐구",
  "paragraphInfoCount": 18,
  "paragraphInfo": [
    {
      "srcTextID": "100705",
      "srcText": "꼬마 왕은 온 나라를 돌며 빠르고 멋진 자동차를 모으기로 했어. 월요일에는 노란 밀밭으로 나갔더니 빨간 자동차 한 대가 보였어. 가족들을 모두 싣고 어디 가는 길일까?",
      "srcPage": 6,
      "srcSentenceEA": 3,
      "srcWordEA": 27
    },
    {
      "srcTextID": "107641",
      "srcText": "자동차 경주를 좋아하는 프랑소아 2세는 아주 작은 꼬마 왕이야. 아버지가 물려준 왕관을 쓰고 있던 꼬마 왕은 왕관이 너무 커서 자꾸만 아래로 흘러내렸어. “왕관이 왜 이렇게 큰 거야?” 꼬마 왕이 투덜거리자 신하들이 빙그레 웃었어.",
      "srcPage": 1,
      "srcSentenceEA": 4,
      "srcWordEA": 35
    },
    {
      "srcTextID": "100701",
      "srcText": "오늘은 꼬마 왕이 해야 할 일이 너무너무 많아. \"10시에는 나라걱정위원회의 회의가 있습니다.\" \"12시에는 이웃 나라 국왕과 점심 식사가 있습니다.\"",
      "srcPage": 2,
      "srcSentenceEA": 3,
      "srcWordEA": 19
    },
    {
      "srcTextID": "100700",
      "srcText": " \"2시에는 세계 씩씩한 어린이 시상식이 있습니다.\" \"4시에는 애완동물 사랑 대회에서 최고의 강아지를 골라 주어야 합니다. 그리고 6시에는.\" \"이제 그만! 자동차 경주는 언제 하는 거예요?\"",
      "srcPage": 3,
      "srcSentenceEA": 5,
      "srcWordEA": 26
    },
    {
      "srcTextID": "100702",
      "srcText": "꼬마 왕이 소리치자 신하들은 서둘러 자동차 경주 안내문을 내걸었어. 안내문을 본 꼬마 왕은 가슴이 콩닥콩닥 뛰었지. '어떤 멋진 자동차들이 모일까?'",
      "srcPage": 4,
      "srcSentenceEA": 3,
      "srcWordEA": 21
    },
    {
      "srcTextID": "100704",
      "srcText": "꼬마 왕은 빨간 자동차를 향해 외쳤어. \"일요일 12시에 에펠 탑으로 오세요!\" 자동차 경주가 열려요! 스포츠카",
      "srcPage": 7,
      "srcSentenceEA": 4,
      "srcWordEA": 17
    },
    {
      "srcTextID": "100703",
      "srcText": "자동차 경주 안내문 참가할 차들은 모두 일요일 12시 에펠 탑으로 모이세요. 주의할 점 1. 늦게 오면 안 됨. 2. 어린이 혼자서는 안 됨. 3. 기차나 트럭, 배는 안 됨. 4. 비나 눈이 와도 모일 것. 프랑소아 2세",
      "srcPage": 5,
      "srcSentenceEA": 10,
      "srcWordEA": 46
    },
    {
      "srcTextID": "104172",
      "srcText": "일요일에는 드디어 에펠 탑에 도착했지. 꼬마 왕은 가슴이 두근두근 뛰었어. \"우아, 자동차가 수십 대, 수백 대, 수천 대.\"",
      "srcPage": 14,
      "srcSentenceEA": 3,
      "srcWordEA": 19
    },
    {
      "srcTextID": "107645",
      "srcText": "수요일에는 바닷가 마을을 지나갔어. 자동차들이 줄지어 지나가고 있었지. 꼬마 왕은 자동차들을 향해 크게 외쳤어. \"일요일 12시에 에펠 탑으로 오세요!\" 자동차 경주가 열려요!",
      "srcPage": 9,
      "srcSentenceEA": 5,
      "srcWordEA": 25
    },
    {
      "srcTextID": "104170",
      "srcText": "꼬마 왕은 까치발로 서서 자동차를 향해 외쳤어. \"일요일 12시에 에펠 탑으로 오세요!\" 자동차 경주가 열려요!",
      "srcPage": 12,
      "srcSentenceEA": 3,
      "srcWordEA": 16
    },
    {
      "srcTextID": "107646",
      "srcText": "토요일에는 미술관 앞을 지나갔어. 미술관에서 멋진 전시회가 열리고 있었어. 아름다운 그림을 보고 싶었지만, 꼬마 왕은 잊지 않고 자동차를 향해 외쳤어. \"내일이에요, 12시 에펠 탑! 모두 모두 오세요!\" 자동차 경주가 열려요!",
      "srcPage": 13,
      "srcSentenceEA": 6,
      "srcWordEA": 34
    },
    {
      "srcTextID": "100706",
      "srcText": "화요일에는 깊은 숲길을 달리는데 반짝반짝 윤이 나는 자동차들이 보였어. 서둘러 서둘러 어디 가는 길일까? 꼬마 왕은 자동차를 향해 크게 외쳤지. \"일요일 12시에 에펠 탑으로 오세요!\" 자동차 경주가 열려요!",
      "srcPage": 8,
      "srcSentenceEA": 5,
      "srcWordEA": 31
    },
    {
      "srcTextID": "104168",
      "srcText": "목요일에는 예술의 거리를 달렸어. 많은 자동차들이 보였어. 가볍고 힘차게 어디 가는 길일까? 꼬마 왕은 자동차들을 향해 목청껏 외쳤어. \"일요일 12시에 에펠 탑으로 오세요!\" 자동차 경주가 열려요!",
      "srcPage": 10,
      "srcSentenceEA": 6,
      "srcWordEA": 30
    },
    {
      "srcTextID": "104169",
      "srcText": " 금요일에는 센강을 따라 달렸어. 부릉부릉 자동차들로 길이 꽉 막혔어. 줄줄이 어디 가는 길일까?",
      "srcPage": 11,
      "srcSentenceEA": 3,
      "srcWordEA": 16
    },
    {
      "srcTextID": "104171",
      "srcText": "야호, 자동차 천국이다! 여기도 자동차, 저기도 자동차, 온 세상이 자동차로 가득해. 꼬마 왕은 그 많은 자동차 운전자 중에서 최고의 자동차 경주 왕이 되었어.",
      "srcPage": 15,
      "srcSentenceEA": 3,
      "srcWordEA": 25
    },
    {
      "srcTextID": "104173",
      "srcText": "그리고 궁으로 돌아와 잠이 들었지. \"프랑소아, 일어나! 자동차 경주 날이야.\" 아빠가 프랑소아를 깨우며 말했어. \"이런 이런, 또 자기 전에 장난감 자동차를 가지고 놀았구나.\"",
      "srcPage": 16,
      "srcSentenceEA": 5,
      "srcWordEA": 25
    },
    {
      "srcTextID": "104174",
      "srcText": "부릉부릉, 웅성웅성! 여기는 자동차 경주장이야. 빽빽하게 앉은 구경꾼들은 저마다 큰 소리로 자동차를 응원했어.",
      "srcPage": 17,
      "srcSentenceEA": 3,
      "srcWordEA": 15
    },
    {
      "srcTextID": "104175",
      "srcText": "신이 난 프랑소아가 아빠에게 소리쳤어. \"아빠, 1등 하는 차 좀 보세요. 어제 내 꿈에서 나온 자동차랑 똑같아요!\"",
      "srcPage": 18,
      "srcSentenceEA": 3,
      "srcWordEA": 18
    }
  ]
}