{
  "title": "왜 멈출 수가 없을까?",
  "author": "박소영",
  "illustrator": "김경하",
  "isbn": "9791167082329",
  "readAge": "유아",
  "publishedYear": 2022,
  "publisher": "글뿌리",
  "classification": "자연탐구",
  "paragraphInfoCount": 16,
  "paragraphInfo": [
    {
      "srcTextID": "149699",
      "srcText": "“내가 해 보마.” 힘센 아저씨가 망치로 가운데 블록을 쳤어요. 이번에도 위에 있는 블록은 제자리로 떨어졌어요. 멈추고 싶은데 움직이고, 움직이게 하고 싶은데 제자리에 있는 이런 현상은 왜 일어날까요?",
      "srcPage": 4,
      "srcSentenceEA": 4,
      "srcWordEA": 30
    },
    {
      "srcTextID": "149703",
      "srcText": "동희가 탁자를 옮기려고 힘껏 밀어요. 그런데 탁자는 꼼짝도 하지 않아요. 동희가 힘을 주는 방향과 반대 방향으로 탁자의 운동을 방해하는 마찰력이 작용하기 때문이에요. 마찰력은 물체의 무게가 무거울수록 커진답니다.",
      "srcPage": 8,
      "srcSentenceEA": 4,
      "srcWordEA": 30
    },
    {
      "srcTextID": "149706",
      "srcText": "우주에서 물체에 힘을 주면 어떻게 될까요? 물체의 운동을 방해하는 마찰력이 없기 때문에 물체는 힘을 주는 방향으로 계속해서 움직여요. 누군가 잡지 않는다면 우주 공간으로 끝없이 날아갈 거예요.",
      "srcPage": 11,
      "srcSentenceEA": 3,
      "srcWordEA": 28
    },
    {
      "srcTextID": "149709",
      "srcText": "쇼트 트랙 경기에도 관성의 비밀이 숨어 있어요. 곡선 트랙을 돌 때 선수들이 바닥에 손을 짚지요? 관성 때문에 몸이 트랙 밖으로 나가려고 해서 반대쪽으로 손을 짚어 중심을 잡는 거예요. ",
      "srcPage": 14,
      "srcSentenceEA": 3,
      "srcWordEA": 30
    },
    {
      "srcTextID": "149697",
      "srcText": "그런데 슬로프의 경사가 너무 급해요. “으악! 멈출 수가 없어!” 동희는 온몸을 버둥거렸지만 도저히 멈출 수가 없었어요. 휘리릭, 꽈당! 동희는 그만 넘어지고 말았어요. 왜 스키가 멈추지 않았을까요?",
      "srcPage": 2,
      "srcSentenceEA": 6,
      "srcWordEA": 31
    },
    {
      "srcTextID": "149700",
      "srcText": "이런 현상을 잘 이해하려면 물체가 힘을 받을 때 어떤 일이 일어나는지 알아야 해요. 고무찰흙을 힘껏 눌러 보세요. 어떻게 되나요? 찌그러져서 처음 모양과 달라져요. 굴러가는 공을 손으로 막아 보세요. 공이 제자리에 멈춰 서요.",
      "srcPage": 5,
      "srcSentenceEA": 6,
      "srcWordEA": 37
    },
    {
      "srcTextID": "149704",
      "srcText": "책상 위에 놓인 필통을 툭 밀어 보세요. 필통이 조금 움직여요. 얼음 위에서 같은 힘으로 필통을 밀어 보세요. 필통이 훨씬 더 멀리 가요. 왜 그럴까요? 물체의 운동을 방해하는 마찰력은 물체와 물체가 닿는 면이 매끄러울수록 작아지기 때문이에요. ",
      "srcPage": 9,
      "srcSentenceEA": 6,
      "srcWordEA": 40
    },
    {
      "srcTextID": "149707",
      "srcText": "동희는 스키장에서 집으로 돌아오는 버스를 탔어요. 부릉, 차가 갑자기 출발하자 사람들의 몸이 뒤로 쏠렸어요. 차가 멈춰 있을 때는 사람들도 계속 멈춰 있으려고 해요. 그런데 갑자기 차가 앞으로 움직이면, 멈춘 상태를 유지하려는 관성 때문에 몸이 뒤로 쏠리는 거예요. 끼익, 버스가 갑자기 멈췄어요. 그러자 사람들의 몸이 앞으로 쏠렸어요. 사람들의 몸이 계속 앞으로 움직이려고 하는 관성 때문이지요.",
      "srcPage": 12,
      "srcSentenceEA": 7,
      "srcWordEA": 60
    },
    {
      "srcTextID": "149696",
      "srcText": "눈이 펑펑 내렸어요. 동희는 가족들과 스키장에 왔어요. “야호, 좀 더 높은 슬로프에 도전해 볼까?”",
      "srcPage": 1,
      "srcSentenceEA": 3,
      "srcWordEA": 15
    },
    {
      "srcTextID": "149698",
      "srcText": "동희는 스키를 멈추고 싶었지만 계속 앞으로 움직였어요. 반대로, 움직이게 하고 싶은데 그렇게 되지 않을 때도 있어요. 여기 차곡차곡 쌓인 블록을 보세요. 가운데 끼어 있는 블록을 망치로 세게 치면 어떻게 될까요? 망치에 맞은 블록만 앞으로 튀어 나가고, 그 위에 있던 블록은 제자리로 떨어지지요.",
      "srcPage": 3,
      "srcSentenceEA": 5,
      "srcWordEA": 46
    },
    {
      "srcTextID": "149701",
      "srcText": "움직이는 축구공을 옆에서 들이받으면 어떻게 될까요? 축구공이 방향을 바꾸어 다른 방향으로 날아가는군요. 힘을 받지 않는 물체에는 어떤 일이 일어날까요? 모양도 변하지 않고, 움직임도 변하지 않을 거예요. 물체가 힘을 받지 않으면 정지한 물체는 계속 정지해 있고, 움직이는 물체는 계속 움직이려는 성질이 있어요. 이것을 ‘관성’이라고 하지요. 동희가 언덕 위에서 내려올 때 스키를 멈출 수 없었던 것도 바로 관성 때문이었답니다. 굴러가는 공은 계속 굴러가요.",
      "srcPage": 6,
      "srcSentenceEA": 9,
      "srcWordEA": 69
    },
    {
      "srcTextID": "149705",
      "srcText": "마찰력이 없는 곳도 있을까요? 예, 있어요. 바로 우주 공간이에요. 우주에는 중력이 없기 때문에 사람이나 물건이 둥둥 떠다녀요. 물체가 닿는 면이 없으니까 당연히 마찰력도 없지요. 공기가 없는 우주선 밖에서는 공기와의 마찰도 없어요.",
      "srcPage": 10,
      "srcSentenceEA": 6,
      "srcWordEA": 36
    },
    {
      "srcTextID": "149710",
      "srcText": "경기장에서 하는 자전거 경주도 마찬가지예요. 경기장 트랙이 평평하지 않고 안쪽으로 기울어진 것도 자전거가 관성 때문에 밖으로 나가지 않도록 하기 위해서랍니다. 우리가 좋아하는 놀이공원에서도 관성을 발견할 수 있어요. 짜릿한 롤러코스터에 작용하는 관성을 살펴볼까요? 롤러코스터가 높은 곳에서 아래로 내려올 때 관성이 작용해요. 힘을 주지 않아도 저절로 아래로 내려오거든요. 롤러코스터의 레일이 약간 기울어진 것이 보이지요? 롤러코스터가 빙그르르 돌 때 밖으로 튀어 나가는 것을 막으려는 거예요.",
      "srcPage": 15,
      "srcSentenceEA": 8,
      "srcWordEA": 69
    },
    {
      "srcTextID": "149702",
      "srcText": "“자, 받아!” 동희가 동생 은재 앞으로 공을 굴렸어요. 그런데 공이 데굴데굴 굴러가다가 멈췄어요. 흠, 이상한데요? 관성 때문에 움직이는 공은 계속 움직여야 하잖아요? 그렇다면 관성을 방해하는 다른 힘이 작용한 것은 아닐까요? 맞아요. 공과 바닥 사이에는 물체의 운동을 방해하는 마찰력이 작용해요.",
      "srcPage": 7,
      "srcSentenceEA": 8,
      "srcWordEA": 46
    },
    {
      "srcTextID": "149708",
      "srcText": "그래서 위험한 사고가 일어나기도 해요. 달리던 차가 갑자기 멈추면 관성 때문에 몸이 앞으로 쏠려 크게 다칠 수 있거든요. 그러니까 자동차를 탈 때는 반드시 안전띠를 매세요. 안전띠는 관성 때문에 튕겨 나가는 몸을 잡아 주는 생명의 끈이랍니다. 자동차의 에어백도 똑같은 역할을 해요. 차가 충돌할 때 에어백이 터지면 몸이 앞으로 쏠려 차에 부딪히거나 튕겨 나가는 것을 막아 주지요.",
      "srcPage": 13,
      "srcSentenceEA": 6,
      "srcWordEA": 60
    },
    {
      "srcTextID": "149711",
      "srcText": "이제 관성이 무엇인지 잘 알았지요? 그럼 넘어지지 않고 스키를 멈추는 법도 알겠군요. 관성 때문에 잘 멈춰지지 않는 스키는 눈과의 마찰력을 이용해서 멈춰야 해요. 두 발끝을 안쪽으로 모아서 스키의 날을 V브이 자로 만들면 마찰력이 커져서 스키를 멈출 수 있어요. “아하! 이제 스키를 안전하게 탈 수 있겠어!”",
      "srcPage": 16,
      "srcSentenceEA": 5,
      "srcWordEA": 49
    }
  ]
}