{
  "title": "펭귄을 찾습니다",
  "author": "정재은",
  "illustrator": "허라영",
  "isbn": "9788956141534",
  "readAge": "유아",
  "publishedYear": 2014,
  "publisher": "차일드아카데미",
  "classification": "자연탐구",
  "paragraphInfoCount": 19,
  "paragraphInfo": [
    {
      "srcTextID": "151943",
      "srcText": "드문드문 눈 녹은 벌판에 여름꽃이 피어 있고, 순록 떼가 한가롭게 풀을 뜯고 있었어요. 흰돌이는 순록에게 다가가서 사진을 내보였어요. “혹시 이 동물을 본 적 있니?”",
      "srcPage": 3,
      "srcSentenceEA": 3,
      "srcWordEA": 25
    },
    {
      "srcTextID": "151955",
      "srcText": "흰돌이는 밤늦도록 펭귄을 찾아 헤맸어요. 그때, 갑자기 눈앞이 대낮처럼 환해지더니 하늘이 알록달록 곱게 물들었어요. 바로 오로라였지요. “와, 남극에서도 북극처럼 오로라가 펼쳐지는구나!” 오로라는 밤하늘을 아름답게 수놓으며 오래도록 휘황찬란하게 빛났어요. 남극에서 멋진 오로라를 보게 될 줄이야!",
      "srcPage": 16,
      "srcSentenceEA": 6,
      "srcWordEA": 38
    },
    {
      "srcTextID": "151942",
      "srcText": "“아니, 처음 보는데. 이곳에 사는 동물 맞니?” “그럼, 여름에도 눈이 있는 곳은 북극뿐이잖아.” 흰돌이의 말에 순록은 고개를 갸웃거렸어요. 혹시 이 동물을 본 적 있니? 처음 보는 동물인데. 흰돌이가 누굴 찾는 거지? 쟤는 호기심이 많아도 너무 많더라.",
      "srcPage": 4,
      "srcSentenceEA": 8,
      "srcWordEA": 42
    },
    {
      "srcTextID": "151945",
      "srcText": "“흰돌아, 어디 가니?” 이누이트족 소년이 흰돌이를 반갑게 불렀어요. “혹시 이 동물을 본 적 있니?”",
      "srcPage": 5,
      "srcSentenceEA": 3,
      "srcWordEA": 15
    },
    {
      "srcTextID": "151944",
      "srcText": "“글쎄, 처음 보는걸! 북극점에 사는 동물이 아닐까?” “아하, 그곳에는 특이한 동물이 많다고 했지?” 흰돌이는 서둘러 북극점으로 향했어요. 아마 북극점에 사는 동물일 거야. 알려 줘서 고마워! 당장 북극점으로 가 봐야겠다.",
      "srcPage": 6,
      "srcSentenceEA": 7,
      "srcWordEA": 34
    },
    {
      "srcTextID": "151947",
      "srcText": "흰돌이는 육분의로 태양과 지평선의 각도를 잰 뒤, 북극점을 향해 다시 걸었어요. 마침내 흰돌이는 북극점에 다다랐어요. 거대한 빙하 위로 바람이 세차게 휘몰아쳤지요. 육분의로 각도를 재면 어디로 가야 북극점이 나오는지 알 수 있지.",
      "srcPage": 8,
      "srcSentenceEA": 4,
      "srcWordEA": 34
    },
    {
      "srcTextID": "151948",
      "srcText": "“휴, 힘들고 지쳐서 더는 못 걷겠다.” 흰돌이는 자리에 털썩 주저앉은 채 잠들었다가, 한참 뒤에야 깨어나 주위를 두리번거렸어요. “지금이 대체 낮이야, 밤이야?”",
      "srcPage": 9,
      "srcSentenceEA": 3,
      "srcWordEA": 22
    },
    {
      "srcTextID": "151951",
      "srcText": "흰돌이는 터덜터덜 걷다가 바다코끼리를 만났어요. 바다코끼리도 사진을 보고는 고개를 절레절레 저었지요. “제비갈매기에게 물어보면 알지도 몰라. 얼마 전 남극에 여행을 다녀왔거든.”",
      "srcPage": 11,
      "srcSentenceEA": 4,
      "srcWordEA": 22
    },
    {
      "srcTextID": "151950",
      "srcText": "흰돌이는 바다코끼리를 따라 제비갈매기에게 갔어요. “이 동물은 남극에 사는 펭귄이란다.” 제비갈매기가 날개를 퍼덕이며 알려 주었지요. 남극에 사는 펭귄이라고? 거봐! 제비갈매기는 알 거라고 했지? 역시 여행을 많이 하면 아는 것도 많은가 봐. 응, 남극에는 펭귄들이 아주 많아.",
      "srcPage": 12,
      "srcSentenceEA": 8,
      "srcWordEA": 42
    },
    {
      "srcTextID": "151952",
      "srcText": "“남극은 아주 머니까 우리가 데려다줄게.” 제비갈매기들이 선뜻 나서며 말했어요. 그러고는 흰돌이를 바구니에 태운 채 힘껏 날아올랐지요. 제비갈매기들은 산 넘고 바다 건너 한없이 날아가서, 마침내 남극에 다다랐어요. “이야, 북극이랑 똑같다!” 흰돌이가 아래를 내려다보며 크게 소리쳤어요. 와, 여기가 남극이야? 북극에서 남극까지는 너무 멀다.",
      "srcPage": 13,
      "srcSentenceEA": 8,
      "srcWordEA": 47
    },
    {
      "srcTextID": "151954",
      "srcText": "긴수염고래는 깜짝 놀라서 몸을 마구 흔들었어요. 그러자 흰돌이는 쭉 미끄러졌다가 한참 뒤에야 바다 위로 고개를 빼죽 내밀었어요. 그 순간, 찬 바람이 흰돌이의 얼굴을 훑고 지나갔지요. “바람이 매서운걸! 그나저나 뭘 좀 먹어야겠다.” 때마침 작은 크릴 떼가 살랑살랑 몰려들자, 흰돌이는 크릴을 잡아서 허겁지겁 주린 배를 채웠어요. 마침 배고픈데 잘됐다. 크릴들아, 이리 오렴. 흥! 네가 부른다고 우리가 갈 것 같니?",
      "srcPage": 15,
      "srcSentenceEA": 10,
      "srcWordEA": 65
    },
    {
      "srcTextID": "151958",
      "srcText": "얘들아, 난 북극곰 흰돌이야. 너희와 친구가 되고 싶어서 여기까지 왔어.” “우리와 친구가 되고 싶다고?” 펭귄들이 흰돌이 주위로 하나둘 모여들었어요. 흰돌이는 금세 펭귄들과 친구가 되어, 함께 눈사람을 만들고 크릴도 잡아먹었지요. 지금쯤 흰돌이는 북극으로 돌아갔을까요? 북극에서 온 곰, 어디 있어? 아직 못 봤어? 자꾸 보니까 귀여워. 나도 잘 먹으면 북극곰만 해지려나? 하하, 너희와 노니까 너무 재미있다. 근데 너 북극에서 여기까지 어떻게 왔어?",
      "srcPage": 19,
      "srcSentenceEA": 12,
      "srcWordEA": 70
    },
    {
      "srcTextID": "151940",
      "srcText": "“누구일까?” 북극곰 흰돌이는 벌러덩 드러누워서 곰곰 생각했어요. 우연히 주운 사진 속에서 처음 보는 동물이 반갑게 손을 흔들고 있었지요. 흰돌이는 그 깜찍한 동물과 친구가 되고 싶었어요.",
      "srcPage": 1,
      "srcSentenceEA": 3,
      "srcWordEA": 28
    },
    {
      "srcTextID": "151956",
      "srcText": "얼마쯤 가자, 오로라를 구경하는 사람들이 눈에 띄었어요. 남극 기지에서 일하는 연구원들이었지요. 흰돌이는 반갑게 손을 흔들며 소리쳤어요. “저는 펭귄을 만나려고 북극에서 왔어요. 어디로 가면 만날 수 있을까요?” 사람들은 어리둥절한 표정으로 흰돌이를 바라보더니, 펭귄이 사는 곳을 자세히 가르쳐 주었어요. 아저씨, 펭귄을 만나려면 어디로 가야 해요? 저쪽으로 가면 펭귄을 만날 수 있을 거다. 북극곰이 남극에는 웬일이지? 어, 한국에 있을 때 동물원에서 본 흰곰이다!",
      "srcPage": 17,
      "srcSentenceEA": 10,
      "srcWordEA": 68
    },
    {
      "srcTextID": "151946",
      "srcText": "흰돌이는 끝없이 펼쳐진 얼음 위를 걷고 또 걸었어요. ‘대체 어디로 가야 북극점이 나올까?’ 그때, 문득 가방 속에 있는 육분의가 떠올랐어요.",
      "srcPage": 7,
      "srcSentenceEA": 3,
      "srcWordEA": 22
    },
    {
      "srcTextID": "151949",
      "srcText": "북극은 여름 내내 해가 지지 않아요. 그래서 낮인지 밤인지를 구별하기가 어려워요. “에이, 그냥 집으로 돌아갈래.” 쟨 누군데 대낮에 잠꼬대야?",
      "srcPage": 10,
      "srcSentenceEA": 4,
      "srcWordEA": 21
    },
    {
      "srcTextID": "151953",
      "srcText": "“다 왔다! 아주 추울 테니 마음 단단히 먹어.” 제비갈매기의 말에 흰돌이가 몸을 번쩍 일으켰어요. 그 바람에 바구니가 기우뚱 기울면서 흰돌이가 그만 바다로 곤두박질쳤지요. “으악, 희, 흰돌이 살려!” 흰돌이는 긴수염고래의 매끈한 등 위로 쿵 하고 떨어졌어요. 흰돌이 어디 갔니? 어쩌지? 으악, 희, 흰돌이 살려! 헉, 깜짝이야! 얘는 뭐니?",
      "srcPage": 14,
      "srcSentenceEA": 11,
      "srcWordEA": 56
    },
    {
      "srcTextID": "151941",
      "srcText": "“눈으로 뒤덮인 걸 보니 북극이 틀림없어.” 흰돌이는 사진을 챙겨 들고 길을 나섰어요. 흰돌아, 뭐해? 나랑 같이 놀자. 이 귀여운 동물은 누구일까?",
      "srcPage": 2,
      "srcSentenceEA": 5,
      "srcWordEA": 25
    },
    {
      "srcTextID": "151957",
      "srcText": "흰돌이는 사람들이 알려 준 곳까지 부지런히 걸었어요. “휴, 도대체 얼마나 더 가야 할까?” 그 순간, 흰돌이는 가슴이 쿵쿵 방망이질하듯 뛰었어요. 새까만 날개, 새하얀 배, 짧디짧은 다리! 사진 속에서 본 펭귄들이 바로 코앞에 있지 뭐예요! “와, 드디어 찾았다.” 하지만 펭귄들은 흰돌이를 보고는 달아나기 바빴지요. 얘들아, 반가워! 난 북극곰 흰돌이야. 쟤, 우리 잡아먹으러 온 거지? 그럴걸. 얼른 뛰자고! 에고, 언제쯤 달리기 실력이 나아지려나.",
      "srcPage": 18,
      "srcSentenceEA": 13,
      "srcWordEA": 71
    }
  ]
}