{
  "title": "요모조모 편리한 도구",
  "author": "이루미",
  "illustrator": "장연주",
  "isbn": "9788929110833",
  "readAge": "유아",
  "publishedYear": 2015,
  "publisher": "글뿌리",
  "classification": "자연탐구",
  "paragraphInfoCount": 17,
  "paragraphInfo": [
    {
      "srcTextID": "151744",
      "srcText": "도구가 뭘까요? 도구는 사람이 일을 쉽고 편하게 할 수 있도록 도와주는 물건이에요. 아주 먼 옛날에 음식을 담기 위해 그릇을 만들어 쓴 것이 도구의 시작이에요. 사람은 먹고, 자고 입고 살아가기 위해 다양한 도구를 사용한답니다.",
      "srcPage": 4,
      "srcSentenceEA": 4,
      "srcWordEA": 36
    },
    {
      "srcTextID": "151743",
      "srcText": "\"박사님, 숨바꼭질하다가 커튼을 찢었어요. 엄마가 알면 화낼 텐데 어쩌지요?\" 아기 토끼들이 문 앞에서 울먹울먹.",
      "srcPage": 2,
      "srcSentenceEA": 3,
      "srcWordEA": 16
    },
    {
      "srcTextID": "151745",
      "srcText": "박사님은 아기 토끼들을 토닥토닥. \"얘들아, 도구가 있으면 쉽게 고칠 수 있단다. 자, 어떤 도구로 커튼을 고칠까?\"",
      "srcPage": 3,
      "srcSentenceEA": 3,
      "srcWordEA": 17
    },
    {
      "srcTextID": "151746",
      "srcText": "줄자로 길이를 재고, 가위로 헝겊을 싹둑싹둑. 손가락에 골무를 끼고, 바늘과 실로 헝겊을 꿰매요. 드르륵드르륵 재봉틀로 박았더니, 짠! 커튼이 예쁘게 고쳐졌어요. \"바느질 도구들아, 고마워!\"",
      "srcPage": 5,
      "srcSentenceEA": 5,
      "srcWordEA": 26
    },
    {
      "srcTextID": "151756",
      "srcText": "\"쉿! 박사님이 깨지 않도록 조심하세요.\" 청소 도구로 청소 시작! 먼지떨이로 먼지를 탈탈, 털털.",
      "srcPage": 15,
      "srcSentenceEA": 3,
      "srcWordEA": 16
    },
    {
      "srcTextID": "151747",
      "srcText": "똑똑. 이번에는 누가 찾아왔을까요? \"박사님, 제가 아끼는 의자가 망가졌어요.\" 곰 아저씨엿어요. \"도구가 있으면 문제없어요. 자, 어떤 도구로 의자를 고칠까?\"",
      "srcPage": 6,
      "srcSentenceEA": 5,
      "srcWordEA": 22
    },
    {
      "srcTextID": "151748",
      "srcText": "막대자로 길이를 재고, 톱으로 나무 막대기를 쓱싹쓱싹. 대패와 사포로 싹싹 문지르고, 망치로 탕탕 못을 박았더니, 짠! 의자가 멋지게 고쳐졌어요. \"목공 도구들아, 고마워!\"",
      "srcPage": 7,
      "srcSentenceEA": 4,
      "srcWordEA": 24
    },
    {
      "srcTextID": "151749",
      "srcText": "똑똑. 오리 선생님이 찾아왔어요. \"박사님, 아기 동물들에게 과자를 만들어 주고 싶어요. 어떻게 하면 될까요?\"",
      "srcPage": 8,
      "srcSentenceEA": 3,
      "srcWordEA": 16
    },
    {
      "srcTextID": "151750",
      "srcText": "박사님이 빙그레 웃으며 말했어요. \"도구만 있으면 어떤 과자도 만들 수 있어요. 음, 요리 도구들이 어디 있더라?'",
      "srcPage": 9,
      "srcSentenceEA": 3,
      "srcWordEA": 17
    },
    {
      "srcTextID": "151751",
      "srcText": "그릇에 재료를 담고 거품기로 휙휙. 말랑말랑 반죽을 밀대로 죽죽. 모양 틀로 콕콕.",
      "srcPage": 10,
      "srcSentenceEA": 3,
      "srcWordEA": 14
    },
    {
      "srcTextID": "151752",
      "srcText": "그리고 뜨거운 오븐에 넣었더니, 짠! 바삭바삭하고 고소한 과자가 구워졌어요. \"요리 도구들아, 고마워!\"",
      "srcPage": 11,
      "srcSentenceEA": 3,
      "srcWordEA": 13
    },
    {
      "srcTextID": "151753",
      "srcText": "쾅쾅! 아이코, 누가 이렇게 문을 세게 두드릴까요? \"말썽꾸러기 두더지가 내 정원을 엉망으로 만들었어!\" 화가 잔뜩 난 염소 할머니네요. 도구 박사님이 말했어요. \"제가 도구를 가지고 정원을 다시 꾸며 드릴게요.\"",
      "srcPage": 12,
      "srcSentenceEA": 5,
      "srcWordEA": 31
    },
    {
      "srcTextID": "151754",
      "srcText": "갈퀴로 나뭇잎과 꽃잎을 모아서, 삽으로 판 구덩이에 묻어요. 모종삽으로 송이송이 꽃을 심고, 물뿌리개로 물을 주었더니, 짠! 예쁜 정원이 만들어졌어요. \"원예 도구들아, 고마워!\"",
      "srcPage": 13,
      "srcSentenceEA": 4,
      "srcWordEA": 24
    },
    {
      "srcTextID": "151755",
      "srcText": "\"후유, 오늘도 바쁜 하루였어!\" 도구 박사님은 터덜터덜 집으로 돌아와서는 침대에 풀썩 쓰러졌어요. 드르렁 쿨쿨! 그때, 누군가 집 안으로 살금살금.",
      "srcPage": 14,
      "srcSentenceEA": 4,
      "srcWordEA": 22
    },
    {
      "srcTextID": "151757",
      "srcText": "빗주라로 쓰레기를 쓱쓱 모아서 쓰레받기에 탁탁. 대걸레로 바닥을 죽죽. 창문도 뽀드득뽀드득 닦아요.",
      "srcPage": 16,
      "srcSentenceEA": 3,
      "srcWordEA": 14
    },
    {
      "srcTextID": "151742",
      "srcText": "도구 박사님은 오늘도 편리한 도구를 만드느라 바빠요. 탕탕 두드리고 휙 구부리고, 요리조리 붙였다 떼었다 열심이지요. \"음, 여기에 이걸 붙이고 구부리면.\" 그때였어요. 똑똑.",
      "srcPage": 1,
      "srcSentenceEA": 5,
      "srcWordEA": 25
    },
    {
      "srcTextID": "151758",
      "srcText": "다음 날, 날이 밝았어요. \"아, 잘 잤다!\" 도구 박사님은 기지개를 쭉 켜며 일어났아요. \"어? 우리 집이 깨끗해졌네! 어떻게 된 일이지?\"",
      "srcPage": 17,
      "srcSentenceEA": 5,
      "srcWordEA": 23
    }
  ]
}