{
  "title": "내 엉덩이 친구",
  "author": "김선영",
  "illustrator": "엄수지",
  "isbn": "9791165953720",
  "readAge": "유아",
  "publishedYear": 2021,
  "publisher": "아람북스",
  "classification": "자연탐구",
  "paragraphInfoCount": 16,
  "paragraphInfo": [
    {
      "srcTextID": "15271",
      "srcText": "그런데 어디선가 갑자기 사자 한 마리가 급하게 달려왔어. “저리 비켜 줘! 비, 비키라고!” 사자는 화장실 문이 열리자마자, 눈 깜짝할 사이에 화장실로 뛰어 들어갔어.",
      "srcPage": 2,
      "srcSentenceEA": 4,
      "srcWordEA": 25
    },
    {
      "srcTextID": "15275",
      "srcText": "원숭이들이 화장실 문을 더 세게 두드리자, 사자가 화장실 문을 벌컥 열고 나왔어. 그러고는 이렇게 말했지. “내가 다시 올 때까지 화장실에는 아무도 들어가면 안 돼! 부탁할게!” 그러고는 쌩하니 사라져 버렸어.",
      "srcPage": 6,
      "srcSentenceEA": 5,
      "srcWordEA": 32
    },
    {
      "srcTextID": "15273",
      "srcText": "변기에 앉은 사자는 얼굴이 빨개진 채로 똥을 누었어. 소리가 어찌나 컸던지 똥을 눈 사자도 깜짝 놀랐지 뭐야? “앗, 설마 밖에까지 들리지는 않았겠지?”",
      "srcPage": 3,
      "srcSentenceEA": 3,
      "srcWordEA": 23
    },
    {
      "srcTextID": "15272",
      "srcText": "똥을 눈 사자는 기분 좋게 변기 손잡이를 내렸어. 어? 그런데 물이 내려가지 않았어. 사자는 손잡이를 내리고, 또 내렸지. 그랬더니 변기 물이 콸콸 흘러넘치는 게 아니겠어?",
      "srcPage": 4,
      "srcSentenceEA": 5,
      "srcWordEA": 29
    },
    {
      "srcTextID": "15274",
      "srcText": "쿵쿵! 쾅! 쾅! 쾅! 사자가 나오지 않자, 볼일이 급한 원숭이들이 문을 두드렸어. “어떡하지? 어떡해?” “기다려! 금방 나갈게!” “동물의 왕 사자가 이게 무슨 일이람. 그냥 눈 꼭 감고 뛰어나갈까?”",
      "srcPage": 5,
      "srcSentenceEA": 8,
      "srcWordEA": 35
    },
    {
      "srcTextID": "18819",
      "srcText": "“다른 변기도 보여 줄까? 이건 남자들이 사용하는 소변기야. 어떤 화가는 이 소변기를 뒤집어서 전시회에 작품으로 내기도 했지.”",
      "srcPage": 10,
      "srcSentenceEA": 3,
      "srcWordEA": 19
    },
    {
      "srcTextID": "15285",
      "srcText": "이제 연두 마을 화장실에는 변기가 네 개나 생겼어. 볼일이 급할 때 오래 기다리지 않아도 되었지. 하지만 물을 내릴 때 변기에서 사자 울음소리가 나서 모두들 깜짝깜짝 놀라곤 한대.",
      "srcPage": 15,
      "srcSentenceEA": 3,
      "srcWordEA": 29
    },
    {
      "srcTextID": "15270",
      "srcText": "여기는 원숭이들이 사는 연두 마을이야. 오늘도 원숭이들이 화장실 앞에 길게 줄지어 서 있었어. 이 마을 화장실에는 변기가 하나밖에 없거든.",
      "srcPage": 1,
      "srcSentenceEA": 3,
      "srcWordEA": 21
    },
    {
      "srcTextID": "15276",
      "srcText": "몇 시간 뒤, 사자가 다시 나타났어. “미안해. 사실은 내가 변기를 고장 냈어. 그래서 새 변기들을 가져왔어. 옛날에 왕이 사용했던 변기부터 다양한 모양의 변기까지 종류가 참 많아.” 옛날 프랑스의 왕, 루이 14세가 사용했던 변기 조선 시대의 왕이 사용했던 변기, 매화틀 앞으로 너희들의 엉덩이 친구가 되어 줄 변기들을 가져왔으니까 마음껏 골라 봐.",
      "srcPage": 7,
      "srcSentenceEA": 5,
      "srcWordEA": 54
    },
    {
      "srcTextID": "15277",
      "srcText": "“이건 걸터앉아서 사용하는 양변기야. 너희도 잘 알지? 양변기는 오래 앉아 있어도 다리가 아프지 않아. 그리고 변기 뚜껑을 덮고 물을 내리면 나쁜 세균이 공기 중으로 퍼지는 걸 막을 수 있어.”",
      "srcPage": 8,
      "srcSentenceEA": 4,
      "srcWordEA": 32
    },
    {
      "srcTextID": "15280",
      "srcText": "“이건 화변기야. 쭈그리고 앉아서 사용하는 변기지. 다리가 저리기도 하지만 똥이 쑥쑥 잘 나와.” 이렇게 사용해요! 1. 변기 옆에 다리를 벌리고 서요. 2. 옷을 내리고 그대로 앉아요. 3. 똥이나 오줌을 누어요. 4. 휴지로 닦아요. 5. 일어나서 옷을 올려요. 6. 물을 내려요.",
      "srcPage": 9,
      "srcSentenceEA": 16,
      "srcWordEA": 55
    },
    {
      "srcTextID": "18822",
      "srcText": "“이런 거 봤니? 중력이 없는 우주에서 사용하는 변기. 우주에서 사용하는 변기에는 물이 없어. 진공청소기처럼 똥오줌을 빨아들이고, 똥은 압축시켜서 보관하지.”",
      "srcPage": 11,
      "srcSentenceEA": 4,
      "srcWordEA": 22
    },
    {
      "srcTextID": "18821",
      "srcText": "“이건 이동식 변기야. 주로 캠핑카나 텐트에서 사용해.” “여기, 비행기에서 사용하는 변기도 있어! 이 두 변기는 너희가 한 번쯤 구경하면 좋을 것 같아서 가져온 거야.” “우아, 정말 신기해!”",
      "srcPage": 12,
      "srcSentenceEA": 5,
      "srcWordEA": 29
    },
    {
      "srcTextID": "18820",
      "srcText": "“어떤 변기가 좋을까?” 원숭이들은 다양한 변기를 꼼꼼히 살펴보았어. 난 화변기가 마음에 들어! 소변기도 좋을 것 같은데? ",
      "srcPage": 13,
      "srcSentenceEA": 4,
      "srcWordEA": 19
    },
    {
      "srcTextID": "15284",
      "srcText": "사자는 껄껄 웃으며 말했어. “지금부터 내 실력을 보여 줘야겠군. 자, 그럼 새 변기들을 달아 볼까? 여기 설치하는 것 좀 도와줄래?”",
      "srcPage": 14,
      "srcSentenceEA": 4,
      "srcWordEA": 22
    },
    {
      "srcTextID": "15286",
      "srcText": "그러더니 다 같이 말했어. “우린 모두 마음에 들어!” 난 변기가 많을수록 좋아. 변기의 종류에 따라 모양도, 크기도 다양하지? 주변에서 여러 가지 변기를 찾아 봐.",
      "srcPage": 16,
      "srcSentenceEA": 5,
      "srcWordEA": 27
    }
  ]
}