{
  "title": "나리의 패션디자이너 도전기(패션디자이너)",
  "author": "최인순",
  "illustrator": "곽혜원",
  "isbn": "9788968737138",
  "readAge": "유아",
  "publishedYear": 2020,
  "publisher": "키움북스",
  "classification": "자연탐구",
  "paragraphInfoCount": 16,
  "paragraphInfo": [
    {
      "srcTextID": "109170",
      "srcText": "조개에서 추출한 자주색 염료는 가격이 비싸고 희소성 있는 색으로, 로마에서는 '황제'를 상징 하는 색이었대요. 나리는 신이 나서 드레스를 그렸어요. 그러자 마리의 요정 친구들이 거미의 실로 짠 천에다가 조개에서 구한 자주색으로 염색을 하여 멋진 드레스를 만들어 줬어요.",
      "srcPage": 10,
      "srcSentenceEA": 4,
      "srcWordEA": 39
    },
    {
      "srcTextID": "109172",
      "srcText": "어떤 능력이 필요한가요? 계속해서 새로운 디자인의 옷을 생각해 낼 수 있는 창의력과 미적 감각이 있어야 하고, 시대의 흐름을 읽어 분석하고 예상할 수 있어야 해요. 또 자신이 만들고 싶은 옷을 표현할 수 있는 표현능력이 필요해요. 여러 사람과 팀을 이루어서 일하므로 의사소통 능력도 중요해요.",
      "srcPage": 13,
      "srcSentenceEA": 4,
      "srcWordEA": 45
    },
    {
      "srcTextID": "109153",
      "srcText": "나리는 인형 놀이하기를 무척 좋아해요. 오늘도 나리는 인형 친구 마리에게 이런저런 옷을 입혀 보고 있어요. \"마리야 이 옷도 입어볼까?\"",
      "srcPage": 1,
      "srcSentenceEA": 3,
      "srcWordEA": 20
    },
    {
      "srcTextID": "109164",
      "srcText": "\"나리야, 옷을 만드는 과정을 알아볼까?\" 1. 먼저 색채를 골라요. 2. 천을 선택하여 그 색채를 염색해요. 3. 옷의 모양은 이미지 맵으로 정해요.",
      "srcPage": 5,
      "srcSentenceEA": 7,
      "srcWordEA": 27
    },
    {
      "srcTextID": "109167",
      "srcText": "엄마의 사무실을 둘러보고 온 나리는 무척 즐거웠어요. 그렇지만 어린이 패션쇼에 내야 할 옷을 생각하니 걱정이 돼서 마리를 꼭 끌어안고 잠이 들었답니다. \"나리\" \"나리\" 이름을 부르는 소리에 나리는 깜짝 놀랐어요. 마리가 웃으면서 나리에게 말을 걸어 왔거든요.",
      "srcPage": 7,
      "srcSentenceEA": 4,
      "srcWordEA": 38
    },
    {
      "srcTextID": "109169",
      "srcText": "\"나도 저런 아름다운 드레스를 만들 수 있다면 얼마나 좋을까.\" \"나리! 우리가 너를 도와줄게.\" 의기소침해진 나리 앞에 마리가 요정 친구들을 데리고 나타났어요.",
      "srcPage": 9,
      "srcSentenceEA": 3,
      "srcWordEA": 23
    },
    {
      "srcTextID": "109165",
      "srcText": "며칠 후, 엄마는 사무실에 온 나리에게 함께 일하시는 분들을 소개해 주셨어요. \"이건 다음 계절에 선보일 옷이란다.\" 나리는 작업과정을 하나하나 볼 수 있었어요.",
      "srcPage": 4,
      "srcSentenceEA": 3,
      "srcWordEA": 23
    },
    {
      "srcTextID": "109166",
      "srcText": "4.옷을 종류별로 그려요. 5. 패턴을 만들어요. 6. 천을 패턴대로 바느질해서 옷을 만들어요. 7. 샘플인 이 옷들은 공장에서 대량으로 만들어져요. \"이렇게 다양한 과정을 거쳐 하나의 옷이 완성되는 거란다. 우리 딸도 잘할 수 있겠지?\"",
      "srcPage": 6,
      "srcSentenceEA": 9,
      "srcWordEA": 40
    },
    {
      "srcTextID": "109168",
      "srcText": "마리와 나리는 패션쇼장으로 날아갔어요. 음악 소리가 울려 퍼지고, 스포트라이트를 받으며 걸어 나오는 모델들은 정말 멋있었어요. \"와! 너무너무 멋지다.\"",
      "srcPage": 8,
      "srcSentenceEA": 3,
      "srcWordEA": 20
    },
    {
      "srcTextID": "109171",
      "srcText": "매우 기쁜 나머지 눈물이 글썽한 채 잠에서 깬 나리는 마리가 보여준 꿈의 세계를 생각하며 학교로 향했답니다. \"그래! 난 할 수 있어!\" 패션 디자이너는 옷과 장신구, 구두 등을 디자인하는 사람을 말해요. 옷의 기능, 소재, 착용감 등을 신경 써서 새로운 디자인을 기획해요.",
      "srcPage": 11,
      "srcSentenceEA": 4,
      "srcWordEA": 43
    },
    {
      "srcTextID": "109173",
      "srcText": "패션디자이너가 되려면? 공개채용 시험, 의류회사에 입사, 개인 브랜드를 만드는 등의 활동으로 패션디자이너가 될 수 있어요. 채용을 위해서는 필기와 실기시험 또는 면접과 포트폴리오 심사과정을 거치는데, 대학교 혹은 직업훈련 사설교육기관에서 의상 디자인학, 패션디자인, 의류학 등을 전공하는 것이 유리해요.",
      "srcPage": 12,
      "srcSentenceEA": 3,
      "srcWordEA": 38
    },
    {
      "srcTextID": "109174",
      "srcText": "패션머천다이저는 새로 출시하게 될 옷을 계획하는 사람이에요. 시장의 특성과 유행을 분석하며 총괄적인 일을 해요. 소재, 자재부는 옷을 디자인할 때 원단의 색과 소재, 패턴 등을 제안하고 원단, 지퍼, 단추 같은 장식을 준비하는 사람들이에요. 패턴사는 입체적이고 다양한 디자인으로 만들어지기 위해 다양한 크기와 모양의 패턴을 만드는 사람을 말해요. 봉제사는 디자인과 패턴이 완성되고 원단과 부자재들이 준비되면, 모든 재료를 옷으로 만들어 내는 사람들이에요.",
      "srcPage": 14,
      "srcSentenceEA": 5,
      "srcWordEA": 62
    },
    {
      "srcTextID": "109176",
      "srcText": "패션의 도시? 세계적인 3대 패션의 도시로는 프랑스의 파리, 이탈리아의 밀라노, 미국의 뉴욕이 있어요. 이 도시에서는 시즌마다 큰 패션쇼와 행사들이 열리는데 이를 '패션위크'라고 불러요.",
      "srcPage": 15,
      "srcSentenceEA": 4,
      "srcWordEA": 26
    },
    {
      "srcTextID": "109175",
      "srcText": "시즌이란? 계절이란 뜻을 포함하며 새로운 디자인을 출시하는 시기를 말해요. 보통 봄, 여름과 가을, 겨울로 나누어 SS, FW라고 불러요. 실제로 그 계절의 한두 달 앞서서 패션쇼를 통해 디자인을 발표하고 제작해요.",
      "srcPage": 16,
      "srcSentenceEA": 3,
      "srcWordEA": 32
    },
    {
      "srcTextID": "109154",
      "srcText": "\"이번 여름 특활반에서 어린이 패션쇼가 열린대요. 저도 거기에 참가하고 싶어요. 엄마! 좀 도와주세요.\" 나리의 엄마는 패션 디자이너예요.",
      "srcPage": 2,
      "srcSentenceEA": 5,
      "srcWordEA": 21
    },
    {
      "srcTextID": "109155",
      "srcText": "\"물론이지, 엄마가 뭘 도와줄까?\" \"엄마 일하는 곳에 가 보고 싶어요.\" \"그럼, 엄마의 사무실을 구경시켜 줄게.\"",
      "srcPage": 3,
      "srcSentenceEA": 3,
      "srcWordEA": 15
    }
  ]
}