{
  "title": "\t신기한 힘, 이상한 힘",
  "author": "민해",
  "illustrator": "김태란",
  "isbn": "9788929110819",
  "readAge": "유아",
  "publishedYear": 2015,
  "publisher": "글뿌리",
  "classification": "자연탐구",
  "paragraphInfoCount": 17,
  "paragraphInfo": [
    {
      "srcTextID": "148419",
      "srcText": "\"이 나라에 있는 모든 마찰력을 주세요. 마찰력은 운동을 방해하는 힘이니까 필요 없잖아요.\" 요정은 임금님을 살살 꾀었어요. \"좋다! 마찰력을 모두 가져가라.\"",
      "srcPage": 3,
      "srcSentenceEA": 4,
      "srcWordEA": 23
    },
    {
      "srcTextID": "148423",
      "srcText": "그런데 이게 웬일이에요. 온 나라에 한바탕 난리가 났어요. 사람들이 이리 꽈당, 저리 꽈당.",
      "srcPage": 7,
      "srcSentenceEA": 3,
      "srcWordEA": 15
    },
    {
      "srcTextID": "148425",
      "srcText": "\"그럼 마찰력 대신 탄성력을 주세요. 처음으로 되돌아가려는 힘은 필요 없잖아요?\" \"좋다! 탄성력을 모두 가져가라.\" 요정은 다시 마법의 주문을 외었지요. \"뾰롱뾰롱 뾰로롱! 힘 힘 힘!\"",
      "srcPage": 10,
      "srcSentenceEA": 6,
      "srcWordEA": 28
    },
    {
      "srcTextID": "148428",
      "srcText": "장사꾼은 저울을 쓰지 못해 울상을 지었지요. 저울의 용수철이 꼼짝도 하지 않았거든요. 모두 탄성력이 없어졌기 때문이에요.",
      "srcPage": 12,
      "srcSentenceEA": 3,
      "srcWordEA": 17
    },
    {
      "srcTextID": "148430",
      "srcText": "어머나, 이번에는 물 위에 떠 있던 것들이 가라앉기 시작했어요. 커다란 배도, 작은 배도, 헤엄치던 사람들도 모두 물속으로 꼬륵꼬륵 꼬르륵! 모두 부력이 없어졌기 때문이에요.",
      "srcPage": 14,
      "srcSentenceEA": 3,
      "srcWordEA": 25
    },
    {
      "srcTextID": "148422",
      "srcText": "세다세 임금님은 갑자기 힘이 불끈불끈. 아무리 크고 무거운 물건도 번쩍! \"하하! 내가 세상에서 가장 힘이 세다!\"",
      "srcPage": 5,
      "srcSentenceEA": 3,
      "srcWordEA": 18
    },
    {
      "srcTextID": "148421",
      "srcText": "\"그럼 저는 마찰력을 가져갈게요. 뾰롱뾰롱 뾰로롱! 힘 힘 힘!\"",
      "srcPage": 6,
      "srcSentenceEA": 3,
      "srcWordEA": 11
    },
    {
      "srcTextID": "148426",
      "srcText": "\"아니, 이게 대체 어떻게 된 일이지?\" 세다세 임금님은 깜짝 놀라 소리쳤어요. \"요정아! 마찰력을 돌려 다오!\"",
      "srcPage": 9,
      "srcSentenceEA": 3,
      "srcWordEA": 17
    },
    {
      "srcTextID": "148427",
      "srcText": "그런데 이번에도 이상한 일이 벌어졌어요. 고무줄 바지를 입자 바지가 아래로 줄줄. 새총의 고무줄도, 활시위도 밑으로 축축.",
      "srcPage": 11,
      "srcSentenceEA": 3,
      "srcWordEA": 18
    },
    {
      "srcTextID": "148429",
      "srcText": "\"이를 어쩌면 좋담? 요정아, 탄성력을 돌려 다오!\" \"왜 자꾸 이랬다저랬다 하세요? 그럼 탄성력 대신 부력을 주세요. 설마 물이 밀어내는 힘이 필요하겠어요?\" \"그래, 좋다! 부력을 모두 주마.\" \"뾰롱뾰롱 뾰로롱! 힘 힘 힘!\"",
      "srcPage": 13,
      "srcSentenceEA": 9,
      "srcWordEA": 36
    },
    {
      "srcTextID": "148433",
      "srcText": "\"좋아요. 부력을 돌려 드릴게요. 뾰롱뾰롱 뾰로롱! 힘 힘 힘!\" 이제 모두 처음으로 돌아갔어요. 세다세 임금님도 원래대로 돌아갔지요. 그런데 그날 이후 궁전에서는 날마다 이런 소리가 들려왔어요. \"영차, 영차! 영치기, 영차! 으라차차!\" 대체 무슨 소리일까요?",
      "srcPage": 17,
      "srcSentenceEA": 10,
      "srcWordEA": 42
    },
    {
      "srcTextID": "148431",
      "srcText": "\"안 되겠다. 빨리 과학자를 불러라!\" 세다세 임금님은 과학자를 불러 물었어요. \"이 나라에 또 어떤 힘들이 있지?\" \"전기의 힘인 전기력, 자석의 힘인 자기력, 지구의 힘인 중력 등이 있습니다.\" \"오, 안 돼! 이 힘들도 없으면 큰일 날 거야.\" 세다세 임금님은 한숨을 푹 내쉬었어요.",
      "srcPage": 15,
      "srcSentenceEA": 8,
      "srcWordEA": 45
    },
    {
      "srcTextID": "148420",
      "srcText": "요정은 신이 나서 마법의 주문을 외었어요. \"뾰롱뾰룡 뽀로롱! 힘 힘 힘!\"",
      "srcPage": 4,
      "srcSentenceEA": 3,
      "srcWordEA": 12
    },
    {
      "srcTextID": "148417",
      "srcText": "어느 나라에 세다세 임금님이 있었어요. 세다세 임금님은 자나 깨나 한숨만 푹푹. \"세상에서 가장 힘센 사람이 되고 싶다! 아, 어떻게 해야 힘이 세지지?\"",
      "srcPage": 1,
      "srcSentenceEA": 4,
      "srcWordEA": 24
    },
    {
      "srcTextID": "148418",
      "srcText": "그때, 장난꾸러기 요정이 나타났어요. \"임금님, 제가 임금님의 소원을 들어 드릴게요.\" \"오, 그게 정말이냐?\" \"그 대신 임금님도 제 소원을 들어주셔야 해요.\" \"암, 무엇이든 말만 해라.\"",
      "srcPage": 2,
      "srcSentenceEA": 5,
      "srcWordEA": 24
    },
    {
      "srcTextID": "148424",
      "srcText": "물건들도 여기서 쿵, 저기서 쿵쿵. 자동차와 자전거들도 멈추지 못하고 썡쌩. 모두 마찰력이 없어졌기 때문이에요.",
      "srcPage": 8,
      "srcSentenceEA": 3,
      "srcWordEA": 16
    },
    {
      "srcTextID": "148432",
      "srcText": "세다세 임금님은 다시 한 번 요정에게 부탁했어요. \"요정아, 부력을 돌려 다오!\" 요정이 싱글벙글 웃으며 물었지요. \"그럼 제게 뭘 주실 거예요?\" \"네가 내게 준 힘을 돌려주마. 그 힘보다 훨씬 중요한 힘이 있다는 것을 알았다.\"",
      "srcPage": 16,
      "srcSentenceEA": 6,
      "srcWordEA": 35
    }
  ]
}