{
  "title": "굴려라, 굴려! 쇠똥구리 케프리",
  "author": "민정원",
  "illustrator": "최보람",
  "isbn": "9791186298091",
  "readAge": "유아",
  "publishedYear": 2015,
  "publisher": "꼬마대통령",
  "classification": "자연탐구",
  "paragraphInfoCount": 16,
  "paragraphInfo": [
    {
      "srcTextID": "100601",
      "srcText": "그러자 마을에 꿈의 태양이 떠올랐어요. 이제 사람들 마음에도 꿈이 반짝거렸어요. 모두 옛날처럼 빛나는 왕국을 만들기 위해 열심히 일했어요. 오마르 아저씨는 꿈의 태양을 보며 빙긋이 웃었어요. 그러고는 다시 일터로 발걸음을 옮겼어요.",
      "srcPage": 15,
      "srcSentenceEA": 5,
      "srcWordEA": 34
    },
    {
      "srcTextID": "100593",
      "srcText": "오마르 아저씨는 너클 크레인으로 수도관을 놓으며 노래를 불렀어요. \"굴려라 굴려, 데굴데굴 떽떼굴. 꿈의 태양을 굴려라, 쇠똥구리 케프리.\" 오마르 아저씨의 노랫소리는 온 세상에 울려 퍼졌어요. 너클 크레인",
      "srcPage": 7,
      "srcSentenceEA": 5,
      "srcWordEA": 29
    },
    {
      "srcTextID": "100595",
      "srcText": "오마르 아저씨가 그레이더를 타고 길을 만들며 사막을 지나고 있을 때였어요. 어디선가 시원한 바람이 불어왔어요. 산도 없고 바다도 없는 사막에서 어찌 된 일일까요? 그건 바로 스핑크스가 뿜어 준 바람이었지요. 그레이더",
      "srcPage": 9,
      "srcSentenceEA": 5,
      "srcWordEA": 33
    },
    {
      "srcTextID": "100590",
      "srcText": "비록 지금은 빛이 작지만, 바닷가까지 굴려 가면 커다란 꿈의 태양이 되어 떠오를 거예요. 이곳에는 새로운 꿈이 필요해요. 나를 도와주지 않겠어요?\"",
      "srcPage": 5,
      "srcSentenceEA": 3,
      "srcWordEA": 22
    },
    {
      "srcTextID": "143712",
      "srcText": "위잉, 철컥, 우웅. 일하는 자동차들은 종류가 다양해요. 큰 소리를 내며 힘든 일도 척척 해내지요. 땅을 파고 수도관을 묻는 일, 새로운 길을 만드는 일, 새집과 건물을 짓는 일 등 어렵고 힘든 일을 도와주는 고마운 자동차들이에요.",
      "srcPage": 16,
      "srcSentenceEA": 4,
      "srcWordEA": 37
    },
    {
      "srcTextID": "100599",
      "srcText": "하지만 꿈의 태양은 바다를 코앞에 두고 옴짝달싹도 하지 않았어요. 케프리는 울상이 되었어요. 그때, 오마르 아저씨가 커다란 기중기차를 몰고 와서, 꿈의 태양을 번쩍 들어 올렸어요.",
      "srcPage": 13,
      "srcSentenceEA": 3,
      "srcWordEA": 26
    },
    {
      "srcTextID": "100588",
      "srcText": "\"꺼내 줘서 고맙습니다. 오마르 아저씨.\" 아저씨는 쇠똥구리가 말을 하자 깜짝 놀랐어요.",
      "srcPage": 3,
      "srcSentenceEA": 3,
      "srcWordEA": 13
    },
    {
      "srcTextID": "100591",
      "srcText": "쇠똥구리는 옛 무덤의 벽화에서 보았던 사람으로 변했어요. \"나는 꿈의 태양을 띄우는 케프리예요. 이 강을 따라 꿈의 빛을 굴리고 있었어요.",
      "srcPage": 4,
      "srcSentenceEA": 3,
      "srcWordEA": 20
    },
    {
      "srcTextID": "100594",
      "srcText": "낙타를 타고 가던 사람들이 케프리를 응원해 주었어요. 오마르 아저씨는 더위에 지친 케프리를 위해 로더로 그늘을 만들어 주었어요. '굴려라 굴려, 데굴데굴 떽떼굴. 힘차게 굴려라, 쇠똥구리 케프리.\" 로더",
      "srcPage": 8,
      "srcSentenceEA": 5,
      "srcWordEA": 29
    },
    {
      "srcTextID": "100596",
      "srcText": "드디어 바닷가로 가는 길이 나왔어요. 오마르 아저씨는 로드 롤러로 울퉁불퉁한 길을 매끈매끈하게 닦아 주었지요. 꿈의 태양도 이제 제법 커졌어요.",
      "srcPage": 10,
      "srcSentenceEA": 3,
      "srcWordEA": 21
    },
    {
      "srcTextID": "100598",
      "srcText": "바닷가 마을에 도착한 오마르 아저씨는 도서관 유리를 뽀득뽀득 닦았어요. 케프리도 아저씨를 따라 도서관 꼭대기로 올라갔어요. 그리고 그곳에서 꿈의 태양을 바다 쪽으로 굴렸어요. 데굴데굴 떽떼굴, 데구루루. 꿈의 태양은 빠르게 바다로 굴러갔어요.",
      "srcPage": 12,
      "srcSentenceEA": 5,
      "srcWordEA": 34
    },
    {
      "srcTextID": "100587",
      "srcText": "오마르 아저씨가 사는 마을은 옛 무덤이 많은 곳이에요. 금빛 왕국의 옛 무덤에는 귀한 보물이 가득했어요. 하지만 옛 무덤 속의 보물은 박물관으로 옮겨졌어요. 그리고 마을에는 보물 대신 여기저기 쓰레기만 쌓여 갔어요.",
      "srcPage": 1,
      "srcSentenceEA": 4,
      "srcWordEA": 33
    },
    {
      "srcTextID": "100589",
      "srcText": "오마르 아저씨는 굴착기로 흙을 퍼서 쓰레기로 가득 찬 강을 메웠어요. 스물한 번째 흙을 퍼 올렸는데 흙 속에서 무엇인가 반짝반짝 빛이 났어요. 그것은 쇠똥구리였어요. 굴착기",
      "srcPage": 2,
      "srcSentenceEA": 4,
      "srcWordEA": 27
    },
    {
      "srcTextID": "100592",
      "srcText": "케프리의 말에 오마르 아저씨는 바닷가로 가는 길을 열어 주었어요. 기중기차로 쓰레기도 치우고 다리도 놓으면서요. 다시 쇠똥구리로 변한 케프리는 아저씨 뒤를 따라 열심히 꿈의 태양을 굴려 갔어요. 기중기차 지게차",
      "srcPage": 6,
      "srcSentenceEA": 4,
      "srcWordEA": 31
    },
    {
      "srcTextID": "100597",
      "srcText": "사람들은 모두 케프리를 응원했어요. \"굴려라 굴려, 데굴데굴 떽떼굴. 꿈의 태양을 굴려라, 푸른 바다 끝까지.\" 로드 롤러",
      "srcPage": 11,
      "srcSentenceEA": 4,
      "srcWordEA": 18
    },
    {
      "srcTextID": "100600",
      "srcText": "그러고는 성 위의 대포 안에 꿈의 태양을 넣고 하늘을 향해 쏘아 올렸어요. 케프리는 날아가는 꿈의 태양에 폴짝 올라탔어요. 오마르 아저씨가 크게 외쳤어요. \"꿈의 태양아, 하늘 높이 떠올라라!\" 펑!",
      "srcPage": 14,
      "srcSentenceEA": 5,
      "srcWordEA": 31
    }
  ]
}