{
  "title": "토비의 용감한 여행(비행기 승무원)",
  "author": "신영하",
  "illustrator": "신정은",
  "isbn": "9788968737060",
  "readAge": "유아",
  "publishedYear": 2020,
  "publisher": "키움북스",
  "classification": "자연탐구",
  "paragraphInfoCount": 25,
  "paragraphInfo": [
    {
      "srcTextID": "107821",
      "srcText": "\"여러분, 목적지에 도착했습니다. 이용해 주셔서 감사합니다.\" 비버 나라에 도착하자마자, 토비는 초콜릿 호수로 한걸음에 달려갔어요. 초콜릿도 마음껏 먹고, 풍덩 풍덩 헤엄도 치면서 신 나게 놀았어요.",
      "srcPage": 6,
      "srcSentenceEA": 4,
      "srcWordEA": 27
    },
    {
      "srcTextID": "107828",
      "srcText": "그날 밤, 잠자리에 든 토비는 비버 승무원들을 떠올렸어요. \"나도 비버 승무원들처럼 친절하고 멋진 승무원이 될 거야.\" 살며시 잠이 든 토비는 꿈속에서 어느새 토끼 승무원이 되어 비버 나라로 여행을 하고 있었어요.",
      "srcPage": 10,
      "srcSentenceEA": 3,
      "srcWordEA": 31
    },
    {
      "srcTextID": "107838",
      "srcText": "비행기 승무원은 탑승객이 목적지까지 안전하고 쾌적하게 여행할 수 있도록 각종 서비스를 제공합니다. 보통 승무원이라고 하면 기내식을 준비해 주는 서비스가 전부일 것 같지만, 승무원이 하는 가장 중요한 일은 안전을 책임지는 일이랍니다. 비행기 승무원이 되려면? 승무원의 다양한 업무에 적극적인 성격과 서비스 정신은 큰 도움이 됩니다. 또한, 건강관리와 위기 시의 대처능력도 중요합니다. 항공운항과, 항공관광과, 항공서비스과 등의 관련학과를 나오기도 합니다.",
      "srcPage": 16,
      "srcSentenceEA": 6,
      "srcWordEA": 61
    },
    {
      "srcTextID": "110093",
      "srcText": "비행기 승무원이라는 직업의 가장 큰 매력은 무엇인가요? 승무원은 일을 위해 해외로 떠나지만, 도착지에서 주어지는 휴식 시간에 원하는 곳을 여행할 수 있답니다. 책에서만 보았던 세계 곳곳의 명소에 가서 좋은 풍경을 보면 비행 중에 쌓였던 피로도 잊고 '승무원이 되길 잘했구나!'라는 생각이 듭니다.",
      "srcPage": 21,
      "srcSentenceEA": 5,
      "srcWordEA": 43
    },
    {
      "srcTextID": "110092",
      "srcText": "비행기 승무원으로서 힘든 점은 뭔가요? 겉으로 보기엔 화려하지만 알고 보면 힘든 점이 많아요. 비행하다 보면 밤을 새우는 경우가 많아 낮과 밤이 바뀌는데, 그때 건강이 약해지기도 하죠. 그래서 평소에 운동을 꾸준히 해서 체력을 키우고 자기관리를 철저히 하려고 노력합니다.",
      "srcPage": 22,
      "srcSentenceEA": 4,
      "srcWordEA": 40
    },
    {
      "srcTextID": "110095",
      "srcText": "손님 여러분, 로스앤젤레스 국제공항에 도착했습니다. 로스앤젤레스의 현재 시각은 1월 1일 수요일 오후 4시 25분입니다. 항공기가 완전히 멈출 때까지 좌석에 앉아 좌석벨트를 매고 계시기 바랍니다. 아름다운 도시 로스앤젤레스에서 즐겁게 지내시기 바랍니다. 안녕히 가십시오.",
      "srcPage": 25,
      "srcSentenceEA": 5,
      "srcWordEA": 36
    },
    {
      "srcTextID": "107832",
      "srcText": "\"여러분! 걱정하지 마세요. 안전띠를 매셨는지 확인해주세요.\" 비버 승무원은 침착하게 안전 수칙을 말해주었어요. \"아이고, 머리야. 갑자기 멀미가 나고, 머리가 아픈 것 같아.\" \"할머니! 이 약을 드시고 담요를 덮으세요.\"",
      "srcPage": 11,
      "srcSentenceEA": 6,
      "srcWordEA": 32
    },
    {
      "srcTextID": "107835",
      "srcText": "\"과일 드실래요? 채소 드실래요?\" 식사시간이 되자 비버 승무원들이 도시락을 나눠줘요. \"와, 맛있어! 엄마가 기르시는 당근만큼 맛있는데?\" 토비는 식사시간이 너무 즐거웠어요.",
      "srcPage": 14,
      "srcSentenceEA": 6,
      "srcWordEA": 24
    },
    {
      "srcTextID": "107837",
      "srcText": "비버 승무원들은 신문도 나눠주었어요. \"초콜릿 호수에서 곧 축제가 열린대요.\" \"초콜릿은 어떤 맛일까?\" 신문을 읽던 사람들은 비버 나라가 더 궁금해졌어요.",
      "srcPage": 15,
      "srcSentenceEA": 4,
      "srcWordEA": 20
    },
    {
      "srcTextID": "107842",
      "srcText": "해외에 자주 나가는 승무원들은 가방 싸기의 달인이랍니다. 여행 가방에는 세면도구와 평상복, 잠옷, 그리고 간단하게 읽을 수 있는 책 등이 있습니다. 유니폼은 승무원의 직업, 소속, 직위를 한눈에 알아볼 수 있는 기능을 합니다.",
      "srcPage": 19,
      "srcSentenceEA": 3,
      "srcWordEA": 33
    },
    {
      "srcTextID": "110096",
      "srcText": "탑승권 확인해 드리겠습니다. 좌석 안내해 드리겠습니다. 짐은 좌석 밑이나 선반 위에 올려주시기 바랍니다.",
      "srcPage": 24,
      "srcSentenceEA": 3,
      "srcWordEA": 15
    },
    {
      "srcTextID": "107819",
      "srcText": "\"정말 하늘을 날 수 있을까?\" \"저게 비버 비행기구나!\" 비행장에 도착하니 비행기를 타려는 사람들이 몰려들고 있었어요. \"어서 오십시오. 여러분!\" 비버 승무원이 손님들을 친절하게 맞아요.",
      "srcPage": 4,
      "srcSentenceEA": 6,
      "srcWordEA": 26
    },
    {
      "srcTextID": "107820",
      "srcText": "비행기 안으로 들어서자, 친절한 비버 승무원이 인사를 해요. \"비버 비행기에 오신 것을 환영합니다. 이쪽으로 오세요. 자리를 알려드릴게요. 짐은 짐칸에 넣어주세요.\"",
      "srcPage": 5,
      "srcSentenceEA": 5,
      "srcWordEA": 23
    },
    {
      "srcTextID": "107831",
      "srcText": "\"abcdefg...\" 고슴도치가 외국어로 질문하고, 비버 승무원은 척척 대답해요. \"손님 여러분, 불편하신 것이 있다면 언제든지 말씀해주세요.\" 친절한 승무원들 덕분에 토비는 조금씩 마음이 편안해졌어요.",
      "srcPage": 12,
      "srcSentenceEA": 3,
      "srcWordEA": 24
    },
    {
      "srcTextID": "107836",
      "srcText": "\"여러분 자리에 앉아, 안전띠를 매주세요. 이륙합니다!\" 기내에 방송이 나오고, 모두가 자리에 앉자 비행기가 날아가요. \"와! 하늘을 날고 있어. 구름들이 커다란 솜사탕 같아!\" 그 때, 갑자기 비행기가 흔들리기 시작했어요.",
      "srcPage": 13,
      "srcSentenceEA": 6,
      "srcWordEA": 33
    },
    {
      "srcTextID": "107841",
      "srcText": "여권은 해외여행을 하는 사람을 위해 정부가 발행하는 공식 신분증명서입니다. 외국으로 가는 항공사 승무원들은 항상 여권을 챙겨야 합니다. 전자 여권을 발급받으면 10년 동안 사용할 수 있습니다.",
      "srcPage": 18,
      "srcSentenceEA": 3,
      "srcWordEA": 27
    },
    {
      "srcTextID": "107839",
      "srcText": "어떤 능력이 필요한가요? 비행기 승무원은 국제선 비행에 대비한 지식과 외국어 실력을 갖추어야 하고요, 또 위기상황에 대처할 수 있는 순발력이 필요해요. 다른 직업과는 달리 공중에서 일해야 하며, 해외 체류가 잦고, 야간이나 주말, 휴일에도 일해야 할 때가 많으므로 강한 체력이 중요해요. 또, 봉사정신, 배려심, 사회성 등이 좋은 사람이어야 해요.",
      "srcPage": 20,
      "srcSentenceEA": 4,
      "srcWordEA": 50
    },
    {
      "srcTextID": "110094",
      "srcText": "비행하면서 가장 기억에 남는 일이 뭔가요? 비행 중에 비틀거리는 어린이 손님이 있었어요. 복도 바닥에 부딪힐까 봐 넘어지기 전에 뛰어가서 안아주었습니다. 소화가 안 돼서 현기증이 났나 봐요. 그 손님을 바닥에 눕히고 응급처치를 하자 곧 깨어났어요. 다치지 않고 무사히 도착할 수 있어서 정말 다행이었어요.",
      "srcPage": 23,
      "srcSentenceEA": 6,
      "srcWordEA": 47
    },
    {
      "srcTextID": "107814",
      "srcText": "호기심 많은 토비는 토끼 나라에 살고 있어요. \"엄마, 다른 나라에는 무엇이 있을까요?\" \"글쎄, 비버 나라에는 초콜릿 호수가 있다고 하더라.\" 엄마는 뜨개질을 멈추고 토비를 보며 말했어요.",
      "srcPage": 1,
      "srcSentenceEA": 4,
      "srcWordEA": 26
    },
    {
      "srcTextID": "107818",
      "srcText": "\"엄마! 저도 비버 나라에 가보고 싶어요!\" 엄마는 토비를 바라보며 말했어요. \"토비야, 여행은 용기가 필요하단다. 하지만 배울 점도 많을 테니, 조심히 다녀와야 한다.\" 토비는 신이 나서 비행장으로 달려갔어요.",
      "srcPage": 3,
      "srcSentenceEA": 5,
      "srcWordEA": 31
    },
    {
      "srcTextID": "107817",
      "srcText": "어느 날 아침, 토비가 학교로 가던 길에 비버가 전단을 나눠주며 외치는 소리를 들었어요. \"여러분! 비버 나라로 오세요!\" \"우와! 초콜릿 호수가 있대.\" 토끼 친구들이 웅성대기 시작했어요. 토비도 전단을 읽어 보았어요.",
      "srcPage": 2,
      "srcSentenceEA": 5,
      "srcWordEA": 33
    },
    {
      "srcTextID": "107824",
      "srcText": "\"나도 집에 갈래.\" 해가 뉘엿뉘엿 질 무렵, 비버 친구들이 하나둘 집으로 돌아갔어요. 토비도 엄마 아빠가 보고 싶어졌어요. 다시 비버 비행기를 타고 집으로 돌아오자, 엄마 아빠는 토비를 반갑게 맞아주었어요.",
      "srcPage": 7,
      "srcSentenceEA": 4,
      "srcWordEA": 31
    },
    {
      "srcTextID": "107825",
      "srcText": "\"여행은 어땠니?\" \"비버 나라에는 정말 커다란 초콜릿 호수가 있었어요!\" \"토비야, 승무원이란 탑승객들의 안전한 여행을 먼저 생각해야 한단다.\"",
      "srcPage": 8,
      "srcSentenceEA": 3,
      "srcWordEA": 17
    },
    {
      "srcTextID": "107826",
      "srcText": "\"이것 좀 보세요!\" 모두가 식탁에 둘러앉았어요. 토비의 가방에는 비버 나라에서 가져온 알록달록 초콜릿이 한가득 있었어요. \"엄마, 난 비행기 승무원이 돼서 많은 나라를 구경하고 싶어요.\" 그러자 엄마는 미소를 지었어요.",
      "srcPage": 9,
      "srcSentenceEA": 5,
      "srcWordEA": 31
    },
    {
      "srcTextID": "107840",
      "srcText": "어떤 훈련을 받나요? 승무원으로 항공사에 입사하게 되면 총 3개월의 훈련기간을 거칩니다. 1개월은 비상 상황이 발생했을 때 대처방법을 훈련받고, 그 후에는 기내 서비스 훈련을 받습니다.",
      "srcPage": 17,
      "srcSentenceEA": 3,
      "srcWordEA": 26
    }
  ]
}