{
  "title": "날개가 고와서 왕오색 나비래요",
  "author": "김미선, 채영숙, 김은정, 박찬",
  "illustrator": "정보 없음",
  "isbn": "8957420290",
  "readAge": "유아",
  "publishedYear": 2003,
  "publisher": "생각의 샘",
  "classification": "자연탐구",
  "paragraphInfoCount": 19,
  "paragraphInfo": [
    {
      "srcTextID": "130754",
      "srcText": "나무숲에서 살아요. 꽃밭에서 꿀을 찾아다니는 나비들과는 달리 왕오색나비는 나무숲에서 삽니다. 여름날 숲에 가거든 하늘을 한 번 올려다보세요. 큰 날개를 팔랑거리며 날고 있는 왕오색나비를 보게 될지도 모릅니다.",
      "srcPage": 1,
      "srcSentenceEA": 4,
      "srcWordEA": 29
    },
    {
      "srcTextID": "130761",
      "srcText": "날개를 접고 나무의 진을 먹는 왕오색나비와 흑백알락나비. 날개를 펴면 날개의 윗면이 보입니다. 수컷(오른쪽)의 날개에는 아름다운 보라색이 있지만, 암컷에게는 없어요.",
      "srcPage": 6,
      "srcSentenceEA": 3,
      "srcWordEA": 21
    },
    {
      "srcTextID": "130765",
      "srcText": "애벌레가 태어났어요. 알을 낳은 지 7 10일 사이에 알을 깨고 애벌레가 나옵니다. 기생벌 따위의 천적이 알을 노리기 때문에, 무사히 어른벌레가 되는 것은 100개의 알 중에서 고작 한두 개뿐입니다. 애벌레의 처음 식사는 알껍데기입니다.",
      "srcPage": 9,
      "srcSentenceEA": 4,
      "srcWordEA": 35
    },
    {
      "srcTextID": "130769",
      "srcText": "안전한 자리를 만들어요. 허물 벗기를 할 때마다 실을 토해서 나뭇잎에 안전한 자리를 만듭니다. 나뭇잎을 먹다가 다른 잎으로 옮겨 갈 때에도 입에서 가느다란 실을 토합니다. 자신이 돌아올 자리를 표시해 두려는 것입니다. 번데기가 되기까지 애벌레는 열 번쯤 자리를 바꾸어 갑니다.",
      "srcPage": 13,
      "srcSentenceEA": 5,
      "srcWordEA": 42
    },
    {
      "srcTextID": "130771",
      "srcText": "잎의 색깔이 갈색으로 변하는 것에 맞추어 몸의 색깔도 갈색으로 변해 갑니다. 잎을 가볍게 건드려 보면 4령 애벌레가 입을 크게 벌리고 위협하는 듯한 모습을 보입니다. 가을 햇살을 받는 4령 애벌레.",
      "srcPage": 16,
      "srcSentenceEA": 3,
      "srcWordEA": 31
    },
    {
      "srcTextID": "130776",
      "srcText": "등과 날개 부분의 허물이 갈라집니다. 잠시 후, 날개가 달린 모습이 나타났어요. 꼬리가 빠지면 머리를 위로 향합니다. 체액을 보내어 움츠러든 날개를 펼칩니다.",
      "srcPage": 22,
      "srcSentenceEA": 4,
      "srcWordEA": 24
    },
    {
      "srcTextID": "130757",
      "srcText": "그 사이 나무의 진에는 등에나 풍뎅이 따위의 곤충들이 쉴 새 없이 모여듭니다. 버찌와 같은 열매의 즙도 왕오색나비가 좋아하는 먹이입니다. 빨대 모양의 입을 쭉 펴고 밤나무의 진을 빨아먹는 왕오색나비.",
      "srcPage": 4,
      "srcSentenceEA": 3,
      "srcWordEA": 30
    },
    {
      "srcTextID": "130764",
      "srcText": "낳은 지 4일째 된 알. 낳은 지 7일째 된 알에서 나온 애벌레. 알에서 나온 애벌레가 알껍데기를 먹는 모습. 알에서 갓 깨어난 1령 애벌레들이 새잎을 찾아서 사방으로 흩어져 갑니다. 기생 당한 알에서 벌들이 태어납니다. 겨우 1.5mm짜리 알에서 20~40마리의 벌들이 나옵니다.",
      "srcPage": 10,
      "srcSentenceEA": 8,
      "srcWordEA": 46
    },
    {
      "srcTextID": "130767",
      "srcText": "허물벗기를 해요. 왕오색나비는 나무의 진을 먹지만, 애벌레 시기에는 풍게나무의 잎을 먹고 자랍니다. 애벌레는 몸이 커질 때마다 허물 벗기를 합니다. 허물 벗기를 하는 동안에 개미나 거미의 습격을 받고 죽는 애벌레들도 많습니다.",
      "srcPage": 11,
      "srcSentenceEA": 4,
      "srcWordEA": 33
    },
    {
      "srcTextID": "130772",
      "srcText": "다시 초록색 몸으로. 이듬해 봄이 되면, 애벌레는 자신이 알에서 깨어난 나무로 다시 기어오릅니다. 10일쯤 지나면, 애벌레는 허물을 벗기 시작합니다. 허물을 다 벗은 5령 애벌레는 몸이 초록색입니다. 5령 애벌레는 거꾸로 매달린 채로 잎을 갉아먹기 시작합니다.",
      "srcPage": 17,
      "srcSentenceEA": 5,
      "srcWordEA": 38
    },
    {
      "srcTextID": "130763",
      "srcText": "한 번에 180개씩, 모두 400 500개의 알을 낳습니다. 12 더듬이를 위아래로 움직여서 알 낳을 자리를 확인합니다. 자리가 정해지면 온 힘을 다하여 알을 하나씩 낳아 붙입니다. 알의 크기는 지름이 1.5mm입니다. 날개를 접고 잎 그늘에 붙어서 짝짓기를 합니다.",
      "srcPage": 8,
      "srcSentenceEA": 5,
      "srcWordEA": 41
    },
    {
      "srcTextID": "130758",
      "srcText": "나무의 진을 먹어요. 아침 햇살이 떠오르면 왕오색나비가 날기 시작합니다. 아침 식사로 나무의 진을 먹으려는 것입니다. 왕오색나비는 오전 10시쯤부터 많아지며, 기온이 가장 높은 한낮에는 어디론가 사라집니다.",
      "srcPage": 3,
      "srcSentenceEA": 4,
      "srcWordEA": 28
    },
    {
      "srcTextID": "130760",
      "srcText": "날개가 아름다워요. 왕오색나비의 오색영롱한 날개 색은 곤충을 싫어하는 사람조차도 반하게 합니다. 암수 모두 날개의 밑이 노란색이지만, 수컷의 날개 윗면에는 보랏빛이 섞여 있어서 더욱 아름답습니다.",
      "srcPage": 5,
      "srcSentenceEA": 3,
      "srcWordEA": 26
    },
    {
      "srcTextID": "130762",
      "srcText": "짝짓기와 알낳기. 6월 중순경부터 어른벌레가 되는 수컷은 암컷을 찾아 짝짓기 합니다. 짝짓기를 끝내고 일 주일쯤 후면, 암컷은 잎 위에 알을 낳아 붙입니다. 알에서 나온 애벌레가 잎을 먹게 하려는 것이에요.",
      "srcPage": 7,
      "srcSentenceEA": 4,
      "srcWordEA": 32
    },
    {
      "srcTextID": "130766",
      "srcText": "1령 애벌레는 잎의 부드러운 부분에서부터 갉아먹습니다. 개미한테 습격당한 1령 애벌레. 애벌레가 한창 자랄 무렵, 새끼를 낳은 어미는 날개가 망가지고 나는 힘도 약해집니다.",
      "srcPage": 12,
      "srcSentenceEA": 3,
      "srcWordEA": 24
    },
    {
      "srcTextID": "130768",
      "srcText": "실을 토해서 만든 자리에 다른 애벌레가 들어오면 뿔로 공격하여 내쫓습니다. 애벌레는 잎의 끝 부분에 실을 토해서 다리의 갈고리를 겁니다. 그러면 바람이 불거나 비가 와도 안전하답니다.",
      "srcPage": 14,
      "srcSentenceEA": 3,
      "srcWordEA": 27
    },
    {
      "srcTextID": "130770",
      "srcText": "계절에 따라 색이 변해요. 9월 중순에 허물을 벗은 4령 애벌레는 뿔이 짧고 몸이 통통합니다. 4령 애벌레는 다음 해 봄까지 허물을 벗지 않고 그대로 겨울을 나므로 ‘월동 애벌레’라고 해요. 10월 초가 되면, 애벌레의 몸이 마른 잎 색깔로 변해 갑니다.",
      "srcPage": 15,
      "srcSentenceEA": 5,
      "srcWordEA": 42
    },
    {
      "srcTextID": "130777",
      "srcText": "마침내 나비가 되었어요. 번데기가 되고 나서 15 20일이 지나면 초록색의 몸이 거무스름해집니다. 허물을 벗을 때가 된 것입니다. 마침내 허물이 갈라지면서 나비의 등이 보이고, 이어서 꼬리가 벗겨집니다. 20분쯤 지나면 눈부실 만큼 아름다운 날개가 펼쳐집니다.",
      "srcPage": 21,
      "srcSentenceEA": 5,
      "srcWordEA": 37
    },
    {
      "srcTextID": "130755",
      "srcText": "서산으로 해가 기울면 왕오색나비들이 활발하게 날아다닙니다. 저녁 식사로 나무의 진을 먹기 위해서 나온 것입니다. 풍게나무, 팽나무, 떡갈나무, 졸참나무, 굴참나무, 밤나무 등 나무의 진이 많은 나무숲에서 왕오색나비를 볼 수 있어요.",
      "srcPage": 2,
      "srcSentenceEA": 3,
      "srcWordEA": 31
    }
  ]
}