{
  "title": "봄을 싣고 날아오는 제비",
  "author": "채영숙, 김미선, 류재혁, 현진오",
  "illustrator": "정보 없음",
  "isbn": "8957420045",
  "readAge": "유아",
  "publishedYear": 2003,
  "publisher": "생각의 샘",
  "classification": "자연탐구",
  "paragraphInfoCount": 20,
  "paragraphInfo": [
    {
      "srcTextID": "130883",
      "srcText": "새끼를 낳아 기르다 보면 어느새 가을이 옵니다. 제비들은 또다시 따뜻한 나라로 날아가야 합니다. 그동안 새끼들은 부모 새와 구별하기 어려울 정도로 자라 있어요. 남쪽 나라로 갔다가 돌아오면 이 새끼들도 부모 새가 되어 새끼를 낳게 될 것입니다. 남쪽 나라로 날아가던 제비가 잠시 동안 전선에 앉아서 지친 몸을 쉬고 있어요. 어엿하게 어른 제비로 자란 새끼들이 과수원이나 갈대밭으로 옮겨 가기 시작합니다. 먹이를 충분하게 먹고서 남쪽 나라로 떠나가야 하기 때문입니다.",
      "srcPage": 19,
      "srcSentenceEA": 7,
      "srcWordEA": 71
    },
    {
      "srcTextID": "130864",
      "srcText": "제비가 돌아옵니다. 봄이 되면 따뜻한 남쪽 나라로 날아갔던 제비들이 우리나라로 날아옵니다. 제비들은 돌아오자마자 새로 둥지를 만들거나, 지난해에 살던 집을 다시 손질하느라 바쁘게 날아다닙니다. ",
      "srcPage": 1,
      "srcSentenceEA": 3,
      "srcWordEA": 25
    },
    {
      "srcTextID": "130863",
      "srcText": "봄이 깊어갈수록 제비들의 수도 점점 많아집니다. 돌아오자마자 둥지를 만들기 위해 바쁘게 날아다닙니다. 따뜻한 봄이 되면 남쪽 나라로 날아갔던 제비들이 우리 나라로 돌아옵니다.",
      "srcPage": 2,
      "srcSentenceEA": 3,
      "srcWordEA": 24
    },
    {
      "srcTextID": "130866",
      "srcText": "제비는 매년 같은 둥지를 사용합니다. 그러나 지난해에 나서 어른이 되어 돌아온 제비들은 자신의 둥지를 새로 만들어야 합니다. 둥지를 만들 때는 자주 땅으로 내려옵니다.",
      "srcPage": 4,
      "srcSentenceEA": 3,
      "srcWordEA": 25
    },
    {
      "srcTextID": "130867",
      "srcText": "진흙과 지푸라기를 물어다 둥지를 만들어야 하기 때문입니다.진흙만으로는 약하기 때문에 지푸라기와 마른풀을 진흙과 섞어서 집을 만듭니다. 몸을 구부려서 닭이 모이를 쪼듯이 진흙과 지푸라기를 물고 있어요. 둥지를 만들기 위해서 한입 가득 진흙을 물고 있어요.",
      "srcPage": 5,
      "srcSentenceEA": 4,
      "srcWordEA": 35
    },
    {
      "srcTextID": "130871",
      "srcText": "집을 짓기 시작한 지 이틀째입니다. 마른 부분은 첫날에 바른 것입니다. 새벽부터 다시 진흙을 날라 와 바르기 시작합니다. 마른풀을 진흙 사이에 섞어서 튼튼하게 집을 지어 갑니다. 집이 거의 다 만들어졌어요. 집을 짓는 데는 보통 1주일 정도가 걸립니다.",
      "srcPage": 9,
      "srcSentenceEA": 6,
      "srcWordEA": 41
    },
    {
      "srcTextID": "130873",
      "srcText": "둥지를 만드는 동안, 암컷과 수컷은 짝짓기를 합니다. 알을 낳을 때가 된 암컷은 둥지 안으로 들어가 알을 낳기 시작합니다. 하루에 1개씩 모두 4 6개를 낳아 품습니다.",
      "srcPage": 10,
      "srcSentenceEA": 3,
      "srcWordEA": 27
    },
    {
      "srcTextID": "130874",
      "srcText": "수컷은 작은 곤충들을 잡아다가 알을 품고 있는 암컷에게 먹여 줍니다. 둥지가 다 만들어지면 둥지 안에 마른풀이나 새의 깃털을 깔아서 알 낳을 자리를 포근하게 만듭니다. 암컷은 기다렸다는 듯이 둥지로 들어가 알을 납니다. 하루에 한 개씩 4 6개의 알을 납니다. 알을 품고 있는 암컷",
      "srcPage": 11,
      "srcSentenceEA": 5,
      "srcWordEA": 46
    },
    {
      "srcTextID": "130884",
      "srcText": "새끼가 둥지를 떠나기 직전에는 위험한 일이 아주 많아요. 새끼의 몸무게를 견디지 못하고 둥지가 무너져 새끼가 떨어져 죽는가 하면, 약한 새끼들이 튼튼한 새끼에게 려 떨어져 죽는 일도 있답니다. 가을이 다가오면 제비들은 남쪽 지방으로 날아갈 준비를 합니다. 4월 집을 짓습니다. 5월 알을 낳아 품습니다. 6월 새끼를 돌봅니다. 알을 낳아 품습니다. 새끼를 돌봅니다. 집을 떠나서 도시에서 생활합니다. 남쪽 지방으로 옮겨 가기 시작합니다. 7월 집을 떠나 도시에서 삽니다. 9월 천천히 남쪽 지방으로 옮겨 가기 시작합니다. 8월 갈대밭이나 과수원으로 옮겨 갑니다. 3월 도시에 제비가 나타납니다. 첫번째 알을 날 때는 5월 말에서 6월 초 사이입니다. 두 번째 알은 7월 중순에서 말 사이에 낳습니다. 알을 품고 있는 기간은 14 15일입니다. 알에서 깬 새끼를 21 22일 동안 돌봐 줍니다. 9월 말부터 천천히 남쪽 지방으로 옮겨 가기 시작하여 10월 말에는 거의 모든 제비가 우리나라를 떠납니다. 둥지를 떠나기 전에 새끼 제비들은 잘못해서 둥지에서 떨어지기도 합니다. 또 약한 제비가 튼튼한 제비에게 려서 둥지 밖으로 떨어져 죽는 일도 있어요.",
      "srcPage": 20,
      "srcSentenceEA": 21,
      "srcWordEA": 167
    },
    {
      "srcTextID": "130865",
      "srcText": "암컷이 전깃줄에 앉아 있는 것을 보고 수컷 제비가 날아와 곁에 앉았어요. 각자 날개 다듬기를 하던 제비들은 어느새 친해집니다. 이제부터 한 쌍의 제비들은 어디든 함께 날아다닙니다.",
      "srcPage": 3,
      "srcSentenceEA": 3,
      "srcWordEA": 27
    },
    {
      "srcTextID": "130870",
      "srcText": "제비는 사람과 친숙해서 처마 밑이나 집 벽 등, 사람이 사는 곳 가까이에 집을 짓습니다. 집을 지을 때에는 암컷과 수컷이 서로 도와서 일을 합니다. 진흙과 지푸라기를 섞어서 만든 둥지는 약 1주일이면 완성됩니다.",
      "srcPage": 7,
      "srcSentenceEA": 3,
      "srcWordEA": 33
    },
    {
      "srcTextID": "130869",
      "srcText": "둥지가 만들어지면, 안에 깃털이나 지푸라기를 깔아서 알 낳을 자리를 만듭니다. 첫날에는 받침대 위에 진흙을 조금씩 바릅니다. 진흙이 잘 마르는지 보려는 것입니다.",
      "srcPage": 8,
      "srcSentenceEA": 3,
      "srcWordEA": 23
    },
    {
      "srcTextID": "130876",
      "srcText": "암컷과 수컷은 번갈아 가며 알을 품어 줍니다. 며칠 후면 둥지에서 가느다란 울음소리가 들려 옵니다. 새끼 제비가 알에서 깨어난 것입니다.",
      "srcPage": 12,
      "srcSentenceEA": 3,
      "srcWordEA": 21
    },
    {
      "srcTextID": "130879",
      "srcText": "바빠지는 부모 제비. 태어난 지 5 8일 정도가 지나면 새끼들이 눈을 뜨기 시작합니다. 부모 제비들은 새끼에게 먹이를 물어다 주느라 쉬지 않고 계속 날아다닙니다.",
      "srcPage": 14,
      "srcSentenceEA": 3,
      "srcWordEA": 25
    },
    {
      "srcTextID": "130878",
      "srcText": "몸집이 커진 새끼들이 먹이를 달라고 시도 때도 없이 조르기 때문입니다. 아빠 제비가 먹이를 물어다 주기를 기다리고 있는 새끼 제비들 새끼가 날 수 있으려면 알에서 나온 지 3주일쯤 지나야 합니다. 새끼가 날 수 있을 때까지 제비 부부는 먹이를 물어다 새끼들에게 먹여 줍니다.",
      "srcPage": 15,
      "srcSentenceEA": 3,
      "srcWordEA": 43
    },
    {
      "srcTextID": "130868",
      "srcText": "비가 내린 다음 날에는 곳곳에 웅덩이가 만들어져서 제비가 집을 짓기에 알맞은 진흙들이 많아집니다. 그러면 제비들은 더욱 바빠집니다. 진흙이 마르기 전에 집을 완성해야 하기 때문입니다.",
      "srcPage": 6,
      "srcSentenceEA": 3,
      "srcWordEA": 26
    },
    {
      "srcTextID": "130877",
      "srcText": "암컷이 알을 품은 지 14일 만의 일입니다. 어미 제비가 새끼를 품고 있으면, 아빠 제비가 먹이를 물어다가 새끼와 암컷에게 먹여 줍니다. 귀여운 새끼 제비가 알을 깨고 나왔어요. 새끼 제비는 알을 깨고 나온 지 6일째에 눈을 뜹니다.",
      "srcPage": 13,
      "srcSentenceEA": 4,
      "srcWordEA": 38
    },
    {
      "srcTextID": "130881",
      "srcText": "집을 떠나는 새끼 제비. 알에서 나온 지 3주일쯤 지나면 새끼들이 둥지에서 나와 전깃줄에서 쉬고 있는 것을 볼 수 있어요. 아직은 먹이를 잡는 것이 서툴기 때문에 부모 제비에게 먹을 것을 달라고 조릅니다.",
      "srcPage": 16,
      "srcSentenceEA": 3,
      "srcWordEA": 33
    },
    {
      "srcTextID": "130880",
      "srcText": "새끼들이 스스로 살아갈 수 있을 때까지 부모 제비는 열심히 먹이를 물어다 줍니다. 새끼들은 둥지를 떠난 뒤에도 얼마 동안은 부모 새에게 먹이를 받아먹습니다. 해바라기꽃이 필 여름 무렵이면 새끼 제비들이 집을 떠나 날아다니는 것을 볼 수 있어요.",
      "srcPage": 17,
      "srcSentenceEA": 3,
      "srcWordEA": 37
    },
    {
      "srcTextID": "130882",
      "srcText": "공중에 뜬 채로 새끼제비의 입속에 벌레를 넣어 줍니다. 부모 제비는 먹이를 줄 때에 전깃줄에 내려앉지 않아요. 공중에 뜬 채 새끼 제비 입 속에 먹이를 깊숙이 넣어 주고는 다시 하늘로 날아갑니다. 새끼 제비는 날개를 퍼덕이면서 응석을 부립니다.",
      "srcPage": 18,
      "srcSentenceEA": 4,
      "srcWordEA": 39
    }
  ]
}