{
  "title": "눈물, 콧물 톡톡",
  "author": "강성은",
  "illustrator": "이진화",
  "isbn": "9791165953553",
  "readAge": "유아",
  "publishedYear": 2021,
  "publisher": "아람북스",
  "classification": "자연탐구",
  "paragraphInfoCount": 16,
  "paragraphInfo": [
    {
      "srcTextID": "15903",
      "srcText": "다빈치가 그린 모나리자야. 정말 유명한 그림이지. 어느 날, 뒤샹이란 화가가 모나리자 그림 위에 수염을 그렸어. 그랬더니 그림이 완전히 달라 보이지 뭐야. 우아, 이 그림 정말 재미있는걸!",
      "srcPage": 1,
      "srcSentenceEA": 5,
      "srcWordEA": 30
    },
    {
      "srcTextID": "15915",
      "srcText": "그래, 콧물이 나와! 맑은 콧물이 주르륵 나오면 감기에 걸린 거야. 콧물이 누렇게 변하면 우리 몸이 감기 바이러스와 싸우고 있는 거야. 콧물이 멈추면 감기가 다 나은 거야.",
      "srcPage": 12,
      "srcSentenceEA": 4,
      "srcWordEA": 29
    },
    {
      "srcTextID": "15918",
      "srcText": "눈도 크고 코도 긴 코끼리 그림에 눈물, 콧물을 톡톡! 동물도 눈물샘이 있어서 눈물을 흘려. 동물이 눈물을 흘릴 때는 눈이 마르거나 몸이 많이 아플 때야.",
      "srcPage": 15,
      "srcSentenceEA": 3,
      "srcWordEA": 26
    },
    {
      "srcTextID": "15908",
      "srcText": "나도 뒤샹처럼 모나리자 그림 위에 그려 볼 거야. 모나리자가 왜 눈물을 흘리냐고? 눈 한 번 깜박이지 않고 앞을 빤히 보고 있잖아.",
      "srcPage": 3,
      "srcSentenceEA": 3,
      "srcWordEA": 23
    },
    {
      "srcTextID": "15909",
      "srcText": "눈보라를 맞으며 걸어가는 사람들 그림에도 눈물을 그려야겠어. 바람이 휭휭 불 때 눈과 먼지가 두 눈에 들어가거든. 두 눈에 눈과 먼지가 들어가면 눈물이 나와. 그러니까 사람들 눈에 눈물을 톡톡! 두 눈에 먼지가 들어가면 그걸 씻어 내려고 눈물이 나와.",
      "srcPage": 5,
      "srcSentenceEA": 5,
      "srcWordEA": 41
    },
    {
      "srcTextID": "15912",
      "srcText": "이 아저씨는 슬퍼 보여. 차라리 울면 어떨까? 한바탕 울고 나면 기분이 나아질 때도 있잖아.",
      "srcPage": 7,
      "srcSentenceEA": 3,
      "srcWordEA": 16
    },
    {
      "srcTextID": "15914",
      "srcText": "이 그림에는 콧물도 같이 그리자. 눈물이 왈칵 날 때 콧물도 나오니까. 눈물이 나오는 길은 코로 이어져 있어. 울 때 코에서 나오는 건 콧물이 아니라 눈물이야.",
      "srcPage": 10,
      "srcSentenceEA": 4,
      "srcWordEA": 28
    },
    {
      "srcTextID": "15916",
      "srcText": "단오에 목욕하는 여인들. 차가운 냇물로 몸을 씻으면 감기에 걸릴지도 몰라. 에취! 감기에 걸리면 뭐가 나오지?",
      "srcPage": 11,
      "srcSentenceEA": 4,
      "srcWordEA": 18
    },
    {
      "srcTextID": "15919",
      "srcText": "마지막으로 동물 그림에도 그려 볼까? 동물도 눈물, 콧물이 나와. 눈이 말라 있으면 눈물이 나오고, 감기에 걸리면 콧물이 나오지.",
      "srcPage": 14,
      "srcSentenceEA": 3,
      "srcWordEA": 20
    },
    {
      "srcTextID": "15911",
      "srcText": "그러니까 아저씨 눈에도 눈물을 톡톡! 슬플 때 몸속에는 스트레스 호르몬이 생겨. 울고 나면 이 호르몬이 줄어들어서 마음이 안정되는 거야.",
      "srcPage": 8,
      "srcSentenceEA": 3,
      "srcWordEA": 21
    },
    {
      "srcTextID": "15906",
      "srcText": "나도 뒤샹처럼 해 볼 테야. 그림 위에 무얼 그려 볼까? 그래! 눈물, 콧물이 좋겠어. 자, 그럼 시작해 볼까?",
      "srcPage": 2,
      "srcSentenceEA": 5,
      "srcWordEA": 22
    },
    {
      "srcTextID": "15907",
      "srcText": "계속 그러고 있으면 눈물이 찔끔 나지. 그러니까 모나리자 눈에 눈물을 톡톡! 눈을 깜박이지 않으면 눈의 표면이 말라. 그때 눈물샘에서 눈물이 나오는 거야.",
      "srcPage": 4,
      "srcSentenceEA": 4,
      "srcWordEA": 25
    },
    {
      "srcTextID": "153356",
      "srcText": "눈물과 콧물은 언제 나올까? 눈물, 콧물 모양의 스탬프를 찍으며 명화를 감상해 봐! 이제 눈물, 콧물이 언제 나오는지 알았지? 눈물, 콧물 모양의 스탬프를 찍을 수 있는 그림이 또 있는지 찾아 봐.",
      "srcPage": 16,
      "srcSentenceEA": 4,
      "srcWordEA": 33
    },
    {
      "srcTextID": "15910",
      "srcText": "하아암 크게 하품하는 아주머니 그림에도 눈물을 그릴 거야. 하품할 때에도 눈물이 찔끔 나거든. 그러니까 아주머니 눈에 눈물을 톡톡! 하품을 하면 얼굴 근육이 눈물주머니를 눌러. 그래서 눈물이 나오는 거야.",
      "srcPage": 6,
      "srcSentenceEA": 5,
      "srcWordEA": 32
    },
    {
      "srcTextID": "15913",
      "srcText": "너무너무 무서울 때에도 눈물이 핑! 기쁘고 행복할 때에도 눈물이 또르르! 야단을 맞을 때도 왈칵 눈물이 나.",
      "srcPage": 9,
      "srcSentenceEA": 3,
      "srcWordEA": 18
    },
    {
      "srcTextID": "15917",
      "srcText": "뜨거운 음식을 먹을 때에도 콧물이 나와. 마을에서 열린 떠들썩한 결혼식. 김이 모락모락 나는 수프 앞에서 콧물이 주르륵! 앗, 수프에 콧물이 떨어지지 않게 조심조심. 콧속에 뜨거운 김이 들어가면 콧속의 온도를 낮추려고 콧물이 나와.",
      "srcPage": 13,
      "srcSentenceEA": 5,
      "srcWordEA": 36
    }
  ]
}