{
  "title": "빙글빙글 신기한 박물관",
  "author": "곽영미",
  "illustrator": "이광익",
  "isbn": "9791165951498",
  "readAge": "유아",
  "publishedYear": 2021,
  "publisher": "아람북스",
  "classification": "자연탐구",
  "paragraphInfoCount": 17,
  "paragraphInfo": [
    {
      "srcTextID": "60603",
      "srcText": "“오, 멋진 기둥이네!” 아빠가 감탄하며 말했어요. “기둥요? 제 눈에는 사람들이 보이는데요?”",
      "srcPage": 4,
      "srcSentenceEA": 3,
      "srcWordEA": 13
    },
    {
      "srcTextID": "60613",
      "srcText": "“얘들아, 이번에도 우리 눈이 착각을 일으킨 거란다. 사실 음식의 크기는 둘 다 똑같아. 그리고 이건 모형이라 먹지 못한단다.” 어떤 음식이 더 커 보이나요?",
      "srcPage": 7,
      "srcSentenceEA": 4,
      "srcWordEA": 26
    },
    {
      "srcTextID": "60637",
      "srcText": "“우리, 이제 2층으로 올라가 볼까?” “우아, 저기 좀 보세요! 그림이 흔들흔들 움직여요.” “그림 속으로 빨려 들어갈 것 같아요.” 현아와 현수는 복잡한 무늬가 그려진 그림을 보고 눈이 동그래졌어요.",
      "srcPage": 10,
      "srcSentenceEA": 5,
      "srcWordEA": 29
    },
    {
      "srcTextID": "60649",
      "srcText": "어? 네 개가 아니네. 아, 헷갈려. 다시 세어 봐야겠다. 코끼리의 다리는 몇 개일까요?",
      "srcPage": 12,
      "srcSentenceEA": 4,
      "srcWordEA": 17
    },
    {
      "srcTextID": "60602",
      "srcText": "“맞아요. 사람들이 서로 마주 보고 있는 것 같아요.” 현아가 동생의 말에 맞장구쳤어요. 무엇이 먼저 보이나요?",
      "srcPage": 5,
      "srcSentenceEA": 3,
      "srcWordEA": 18
    },
    {
      "srcTextID": "60614",
      "srcText": "“우아, 음식이다! 아빠, 제 앞에 놓인 게 더 커요!” “이런, 내 음식이 더 작잖아.” 현아가 불만스러운 목소리로 말했어요.",
      "srcPage": 6,
      "srcSentenceEA": 4,
      "srcWordEA": 20
    },
    {
      "srcTextID": "60634",
      "srcText": "이번에는 두 개의 문이 보였어요. “얘들아, 어떤 문이 더 커 보이니?” “오른쪽 문요!” 현아와 현수가 동시에 외쳤어요.",
      "srcPage": 8,
      "srcSentenceEA": 4,
      "srcWordEA": 18
    },
    {
      "srcTextID": "60644",
      "srcText": "“으악, 조심해!” 현아가 갑자기 소리를 질렀어요. “아이참, 깜짝 놀랐잖아. 이건 그냥 그림이라고!” “어이쿠, 아빠도 깜빡 속았구나.”",
      "srcPage": 11,
      "srcSentenceEA": 5,
      "srcWordEA": 18
    },
    {
      "srcTextID": "60650",
      "srcText": "“엄마, 발이 쑥 빠질 것 같아요.” “조심해서 엄마를 따라오렴.” 현아네 가족은 서로 손을 꼭 잡고 계단을 내려왔어요. “아빠, 무서워요! 같이 내려가요!” “아빠도 눈이 뱅글뱅글 도는구나.”",
      "srcPage": 13,
      "srcSentenceEA": 6,
      "srcWordEA": 27
    },
    {
      "srcTextID": "60663",
      "srcText": "“먹음직스러운 과일이 담긴 바구니네. 맛있겠다!” “아빠, 여기 그림을 거꾸로 보라고 쓰여 있어요.” “그래? 거꾸로 보면 뭐가 달라 보일까?” “우아, 모자를 쓴 아저씨의 얼굴이 보여요!” 그림을 거꾸로 보세요.",
      "srcPage": 14,
      "srcSentenceEA": 6,
      "srcWordEA": 30
    },
    {
      "srcTextID": "60664",
      "srcText": "“귀여운 쥐를 그린 그림이네요.” “쥐? 엄마 눈에는 고양이 그림으로 보이는걸.” “그럼 고양이 얼굴에 쥐가 올라탄 걸까요?” “보면 볼수록 신기한 그림이구나.” 무엇이 먼저 보이나요?",
      "srcPage": 15,
      "srcSentenceEA": 5,
      "srcWordEA": 25
    },
    {
      "srcTextID": "60531",
      "srcText": "현아네 가족이 ‘신기한 박물관’ 앞에 도착했어요. 엄마, 여기가 신기한 박물관이에요. 안에 뭐가 있을까요? 빨리 보고 싶어요. 현아네 가족은 궁금한 마음에 얼른 박물관 안으로 들어갔어요. 여기예요, 여기! 신기한 박물관!",
      "srcPage": 1,
      "srcSentenceEA": 8,
      "srcWordEA": 35
    },
    {
      "srcTextID": "60587",
      "srcText": "“엄마, 저 벽을 좀 봐요! 검은색 점이 자꾸만 도망가요.” \"현아야, 검은색 점은 없어. 검은색 사각형들이 선에 영향을 주어서 선과 선이 만나는 곳에 검은색 점이 깜박이는 것처럼 보이는 거야. 이렇게 우리 눈이 착각을 일으키는 현상을 착시라고 한단다.\"",
      "srcPage": 2,
      "srcSentenceEA": 5,
      "srcWordEA": 39
    },
    {
      "srcTextID": "60588",
      "srcText": "현아는 신기해서 한참 동안이나 벽을 바라보았어요. 우리 눈이 착각을 일으켜서 사물의 크기나 모양 등을 잘못 보는 것을 착시라고 해요. 벽에서 검은색 점을 찾아 보세요.",
      "srcPage": 3,
      "srcSentenceEA": 3,
      "srcWordEA": 26
    },
    {
      "srcTextID": "60633",
      "srcText": "“땡! 틀렸어. 두 문의 크기는 똑같아.” “진짜요? 보고 또 봐도 다른 것 같은데요.” “점점 좁아지는 줄무늬의 간격 때문에 오른쪽 문이 더 커 보이는 거야.” 어떤 문이 더 커 보이나요?",
      "srcPage": 9,
      "srcSentenceEA": 5,
      "srcWordEA": 33
    },
    {
      "srcTextID": "60679",
      "srcText": "박물관을 모두 둘러본 현아네 가족은 밖으로 나왔어요. “앗! 문에도 움직이는 그림이 있어요.” 빨간색 점, 파란색 점들이 출렁출렁!",
      "srcPage": 16,
      "srcSentenceEA": 3,
      "srcWordEA": 19
    },
    {
      "srcTextID": "60678",
      "srcText": "계속 보니까 어지러워요. “하하, 정말 신기한 착시 박물관이었어.” 현아네 가족은 집으로 발걸음을 옮겼어요.",
      "srcPage": 17,
      "srcSentenceEA": 3,
      "srcWordEA": 14
    }
  ]
}