{
  "title": "왕방울 눈의 소",
  "author": "채영숙, 김미선, 류재혁, 현진오",
  "illustrator": "정보 없음",
  "isbn": "8990591813",
  "readAge": "유아",
  "publishedYear": 2003,
  "publisher": "생각의 샘",
  "classification": "자연탐구",
  "paragraphInfoCount": 20,
  "paragraphInfo": [
    {
      "srcTextID": "131018",
      "srcText": "원을 그리듯 걸어요. 농부 아저씨가 소를 몰면서 논을 갈기 시작합니다. 농부 아저씨가 뒤에서 잡고 있지만, 소는 똑바로 가지 않고 자꾸만 길을 돌아서 갑니다. 소에게는 동그랗게 원을 그리듯 걷는 습성이 있기 때문입니다.요즘에는 농기계로 밭갈이를 하고 있지만, 산간 지방의 논에서는 아직도 소를 이용한 써레질이 더 능률적입니다.",
      "srcPage": 14,
      "srcSentenceEA": 5,
      "srcWordEA": 48
    },
    {
      "srcTextID": "131019",
      "srcText": "농사일을 도와요. 우리나라에서는 소가 중요한 일꾼이었어요. 소에 쟁기를 달아 논을 갈아엎어 모내기를 했고, 밭을 갈고 난 뒤 씨를 뿌렸어요.",
      "srcPage": 15,
      "srcSentenceEA": 3,
      "srcWordEA": 21
    },
    {
      "srcTextID": "131022",
      "srcText": "소들에게도 서열이 있어요. 소들의 세계에도 서열이 있어요. 나이가 많은 소가 어른이고, 수소가 암소보다는 우선입니다. 길을 갈 때에도 이러한 서열대로 줄을 맞추어서 걸어갑니다.",
      "srcPage": 17,
      "srcSentenceEA": 4,
      "srcWordEA": 25
    },
    {
      "srcTextID": "131021",
      "srcText": "새로운 소가 들어오면 서로 서열을 정하려고 싸움을 합니다. 서열이 정해지고 나면 곧바로 친구가 됩니다. 방목장 소들이 모여 사는 곳에는 항상 우두머리 소가 있어요. 줄을 서서 걸어가는 소들 소들은 나이가 많고 힘이 센 순서대로 걸어갑니다.",
      "srcPage": 18,
      "srcSentenceEA": 4,
      "srcWordEA": 37
    },
    {
      "srcTextID": "131024",
      "srcText": "소싸움 놀이. 먼 옛날에는 소를 데리고 노는 풍습이 많았어요. 특히 남 지방의 소싸움 놀이가 유명합니다. 추석날, 마을끼리 힘센 소를 뽑아서 싸움을 벌이게 합니다. 이 싸움에서 이긴 마을은 진 마을로부터 한 해 동안 ‘형님 마을’로 불리게 됩니다.",
      "srcPage": 19,
      "srcSentenceEA": 6,
      "srcWordEA": 41
    },
    {
      "srcTextID": "131006",
      "srcText": "커다란 눈과 가마. 소의 눈은 유난히 크고 동그랗습니다. 동그란 눈을 끔뻑거릴 때는 정말로 순하고 착해 보입니다.",
      "srcPage": 1,
      "srcSentenceEA": 3,
      "srcWordEA": 18
    },
    {
      "srcTextID": "131015",
      "srcText": "되새김질을 해요. 소는 한꺼번에 풀을 뜯어 먹은 다음 되새김질을 합니다. 되새김질이란, 삼켰던 먹이를 입 안으로 토해 내서 씹은 다음 도로 삼키는 것을 말합니다. 힘센 맹수들에게 쫓겨 살 때의 습성이 그대로 남아 있기 때문이라고 합니다.",
      "srcPage": 11,
      "srcSentenceEA": 4,
      "srcWordEA": 37
    },
    {
      "srcTextID": "131016",
      "srcText": "소는 풀을 먹을 뿐 아니라 양분이 모자랄 때에는 흙이나 나무줄기를 먹기도 합니다. 되새김질할 때는 침이 많이 흘러나옵니다. 침은 소화가 잘 되도록 도와줍니다. 소는 주로 풀을 뜯어 먹고 살지만 양분이 부족할 때에는 흙이나 나무줄기를 먹기도 합니다. 소는 새벽녘이나 해질 무렵, 하루 중 가장 많은 풀을 먹어요.",
      "srcPage": 12,
      "srcSentenceEA": 5,
      "srcWordEA": 49
    },
    {
      "srcTextID": "131017",
      "srcText": "소와 백로. 소가 풀밭에서 한가로이 풀을 뜯고 있으면 백로 떼들이 주변으로 모여듭니다. 백로는 소의 몸에 붙어사는 기생충을 잡아먹기 때문에 소한테는 무척 반가운 새입니다. 소는 힘들이지 않고 몸을 청소하고, 백로는 배부르게 먹이를 잡아먹으면서 서로 돕는 것입니다.",
      "srcPage": 13,
      "srcSentenceEA": 4,
      "srcWordEA": 38
    },
    {
      "srcTextID": "131005",
      "srcText": "소의 큰 눈은 바깥쪽으로 약간 튀어나와 있기 때문에 앞 옆 뒤쪽까지도 한꺼번에 볼 수 있다고 해요. 눈 사이와 눈 주위에는 사람처럼 가마도 있어요. 소마다 가마의 위치나 생김새가 달라서 소를 구별할 수 있게 합니다.",
      "srcPage": 2,
      "srcSentenceEA": 3,
      "srcWordEA": 35
    },
    {
      "srcTextID": "131007",
      "srcText": "커다란 소의 눈. 소는 눈이 크고 동그래서 왕방울 눈이라고 합니다. 왕방울 같은 눈을 끔뻑거릴 때면 정말 순하고 착해 보입니다. 소마다 가마의 위치나 생김새가 다릅니다.",
      "srcPage": 3,
      "srcSentenceEA": 4,
      "srcWordEA": 27
    },
    {
      "srcTextID": "131009",
      "srcText": "힘을 상징하는 뿔과 발굽. 송아지가 태어난 지 2개월이 되면 뿔이 나오기 시작합니다. 이때부터 송아지는 이것저것 들이받는 시늉을 하면서 힘자랑을 합니다. 진흙땅이나 울퉁불퉁한 땅에서도 소가 잘 걸을 수 있는 것은 단단한 발굽을 가지고 있기 때문입니다.",
      "srcPage": 4,
      "srcSentenceEA": 4,
      "srcWordEA": 37
    },
    {
      "srcTextID": "131008",
      "srcText": "발굽은 진흙에서 오래 서 있어도 짓무르는 일이 없어요. 소의 뿔은 힘의 상징입니다. 소마다 각각 다른 모양의 뿔을 가지고 있어요. 발굽은 진흙에서 오래 서 있어도 짓무르는 일 없이 단단합니다. 갈라진 발굽 앞에서 보면 발굽이 둘로 갈라져 있어요.",
      "srcPage": 5,
      "srcSentenceEA": 5,
      "srcWordEA": 40
    },
    {
      "srcTextID": "131011",
      "srcText": "태어나면서부터 걸어요. 송아지는 엄마 뱃속에서 평균 10개월 정도 자라다가 태어납니다. 갓 태어난 송아지는 온몸이 젖어 있어요. 어미 소는 새끼의 젖은 몸을 혀로 핥아 줍니다.",
      "srcPage": 6,
      "srcSentenceEA": 4,
      "srcWordEA": 27
    },
    {
      "srcTextID": "131010",
      "srcText": "얼마 후, 송아지는 혼자 힘으로 일어서서 어미 소를 따라다닙니다. 새끼는 어미와 크기만 다를 뿐 생김새와 털빛은 똑 닮았답니다. 송아지가 일어서는 것을 어미 소가 도와줍니다. 새끼의 젖은 몸을 핥아 주는 어미 소.",
      "srcPage": 7,
      "srcSentenceEA": 4,
      "srcWordEA": 34
    },
    {
      "srcTextID": "131013",
      "srcText": "젖을 먹는 송아지. 송아지는 어미 소가 서 있는 다리 사이로 들어가서 젖을 빨기 시작합니다. 10분 정도 젖을 먹고 나자 배가 불룩해집니다. 송아지는 태어나서 처음 사흘 동안은 어미젖을 꼭 먹습니다.",
      "srcPage": 8,
      "srcSentenceEA": 4,
      "srcWordEA": 32
    },
    {
      "srcTextID": "131012",
      "srcText": "이 기간에 나오는 젖에는 양분이 풍부하고, 병을 이기게 하는 면역 성분이 들어 있기 때문입니다. 젖 먹는 송아지 송아지가 젖을 먹을 때에는 어미와 머리가 반대 방향입니다. 3시간 간격으로 하루에 5, 8차례 젖을 먹습니다. 송아지가 어미 소의 배 밑으로 들어가 젖을 빨고 있어요.",
      "srcPage": 9,
      "srcSentenceEA": 4,
      "srcWordEA": 44
    },
    {
      "srcTextID": "131014",
      "srcText": "앉는 모습이 달라요. 소들은 배가 부르면 한가로이 풀밭에 앉아서 쉽니다. 송아지 때에는 아무 방향으로나 앉지만, 나이가 들면서 오른쪽으로만 앉는 소가 많아집니다.",
      "srcPage": 10,
      "srcSentenceEA": 3,
      "srcWordEA": 23
    },
    {
      "srcTextID": "131020",
      "srcText": "소는 농사일뿐 아니라 짐을 나르는 짐꾼의 역할도 했어요. 밭갈이를 하는 소 소는 농사에서 중요한 일꾼 역할을 합니다. 겨우내 얼어 있던 밭을 갈아엎고 있어요. 달구지 예전에는 소가 앞에서 짐을 끄는 달구지가 짐차 역할을 했어요.",
      "srcPage": 16,
      "srcSentenceEA": 4,
      "srcWordEA": 36
    },
    {
      "srcTextID": "131023",
      "srcText": "뿔을 맞대고 싸우는 두 마리의 소. 싸움이 얼마나 격렬한지 주변에 뽀얀 먼지가 일고 있어요. 두 마리의 소들이 서로 뿔을 맞대고 겨루기를 합니다.",
      "srcPage": 20,
      "srcSentenceEA": 3,
      "srcWordEA": 24
    }
  ]
}