{
  "title": "출동! 지식 탐험대 3 생활, 장소",
  "author": "한슬,최고은,하루",
  "illustrator": "한은영,김잔디,이인화",
  "isbn": "9791165953829",
  "readAge": "유아",
  "publishedYear": 2021,
  "publisher": "아람북스",
  "classification": "자연탐구",
  "paragraphInfoCount": 59,
  "paragraphInfo": [
    {
      "srcTextID": "17123",
      "srcText": "몸을 뒤집어 배를 보일 때 당신이 정말 좋아요. 기지개 켜는 자세를 할 때 나랑 놀아요. 뒷발로 몸을 계속 긁을 때 스트레스 받아요. 자기 코를 핥을 때 불안해요.",
      "srcPage": 11,
      "srcSentenceEA": 4,
      "srcWordEA": 30
    },
    {
      "srcTextID": "17131",
      "srcText": "집 안 곳곳을 살펴보자! 침실에서 푹 자고 일어난 알콩이가 욕실에 가서 깨끗이 세수해요. 세수를 하고, 발코니에 나가 밖을 보니 비가 내려요. ",
      "srcPage": 15,
      "srcSentenceEA": 3,
      "srcWordEA": 23
    },
    {
      "srcTextID": "17141",
      "srcText": " 세계 여러 나라의 장난감 세계에서 가장 많이 팔린 장난감은? 큐브는 전 세계에서 가장 많이 팔린 장난감 중 하나로, 어린이들과 어른들 모두 좋아하는 장난감이에요. 큐브는 서로 다른 색으로 되어 있는 작은 조각들을 돌려서 한 면을 같은 색으로 맞추는 퍼즐이에요. 정육면체가 기본 모양이고, 직육면체, 피라미드 모양 등 여러 종류가 있어요. 전 세계 큐브 선수들이 모여서 겨루는 큐브 빨리 맞추기 대회가 열리기도 해요.",
      "srcPage": 29,
      "srcSentenceEA": 5,
      "srcWordEA": 65
    },
    {
      "srcTextID": "17146",
      "srcText": "더러운 물이 깨끗한 물로 변신! 변기에 똥을 누고 물을 내리면, 똥과 물은 변기 속으로 빨려 들어가요. 변기로 들어간 물은 여러 과정을 거쳐 다시 깨끗한 물이 돼요. 더러운 물이 깨끗해지는 과정을 알아보아요. ",
      "srcPage": 30,
      "srcSentenceEA": 4,
      "srcWordEA": 34
    },
    {
      "srcTextID": "17127",
      "srcText": "단독 주택  다른 건물과 일정한 거리를 두고 한 채씩 따로 지은 집이에요. 개인의 취향에 맞게 집을 지을 수 있어요. 아파트 한 건물에 여러 가구가 살 수 있도록 지은 5층 이상의 공동 주택이에요. 복도, 계단, 엘리베이터를 공동으로 사용해요. ",
      "srcPage": 13,
      "srcSentenceEA": 4,
      "srcWordEA": 41
    },
    {
      "srcTextID": "17130",
      "srcText": "주방에서는 맛있는 냄새가 솔솔 나요. 아침밥이 다 될 때까지 알콩이는 거실에서 그림책을 봐요. 아침밥을 맛있게 먹고 현관에서 신발을 신어요. 이제 유치원에 갈 시간이에요.",
      "srcPage": 16,
      "srcSentenceEA": 4,
      "srcWordEA": 26
    },
    {
      "srcTextID": "17134",
      "srcText": "지글지글, 보글보글 요리해 보자! 세상에는 맛있는 음식이 아주 많아요. 음식을 맛있게 만들어 주는 여러 가지 조리 방법을 알아보아요.",
      "srcPage": 17,
      "srcSentenceEA": 3,
      "srcWordEA": 20
    },
    {
      "srcTextID": "17142",
      "srcText": "베트남의 쭈온쭈온  잠자리 모양의 장난감이에요. 잠자리 머리 부분을 손가락 끝에 올려놓고 떨어지지 않게 균형을 맞추며 놀이해요. 일본의 켄다마 몸체와 공이 줄로 연결된 장난감이에요.",
      "srcPage": 27,
      "srcSentenceEA": 3,
      "srcWordEA": 26
    },
    {
      "srcTextID": "17148",
      "srcText": "유입 펌프 커다란 펌프로 물을 끌어 올려요. 최초 침전지 더러운 물을 모아 두었다가 뜨는 물질과 가라앉는 물질을 분리하여 처리해요. 포기조 물에 공기를 넣어, 미생물을 이용하여 남아 있는 유기물을 흡착시켜요. 최종 침전지 흡착된 유기물 덩어리를 가라앉히고, 맑은 물을 흘려 보내요. 소독조 깨끗해진 물은 소독을 한 뒤 강으로 흘려보내요.",
      "srcPage": 32,
      "srcSentenceEA": 5,
      "srcWordEA": 51
    },
    {
      "srcTextID": "17154",
      "srcText": "안전 체험관  화재, 지진, 태풍 등의 재난 상황을 가상으로 체험하며 안전 교육을 받을 수 있는 곳이에요. 공영 주차장 주차의 어려움을 해소하기 위해 국가나 지방 자치 단체에서 많은 사람들이 편리하게 이용할 수 있도록 만든 주차장이에요. 사회 복지관 지역 사회 내에서 시설과 전문 인력을 갖추고 복지 서비스를 제공하는 곳으로, 어려운 계층에 대한 지원을 우선으로 해요.",
      "srcPage": 39,
      "srcSentenceEA": 3,
      "srcWordEA": 56
    },
    {
      "srcTextID": "17160",
      "srcText": "동물원 큐레이터 동물이 건강하고 행복하게 생활할 수 있도록 연구해요. 동물이 사는 환경을 야생 환경과 비슷하게 꾸며 동물이 자연스럽고 정상적으로 행동할 수 있게 해 주어요. 동물 박제사 죽은 동물을 살아 있을 때와 똑같은 모습으로 만드는 일을 해요. 박제된 동물은 전시와 연구, 교육을 위한 자료로 쓰여요. 동물 해설사 동물이 살아가는 모습과 환경, 동물의 습성에 대한 이야기를 들려주며, 환경 보전의 중요성을 알려 주어요. ",
      "srcPage": 46,
      "srcSentenceEA": 5,
      "srcWordEA": 64
    },
    {
      "srcTextID": "17157",
      "srcText": "아름다운 경쟁을 위한 스포츠 정신 운동 경기를 할 때 중요한 것은 이기고 지는 것이 아니라, 규칙을 잘 지키고 상대 선수에게 예의를 갖추는 것이에요. 운동 경기를 할 때 지녀야 할 스포츠 정신에 대해 알아보아요. 경기 규칙 지키기  심판이 보지 않아도 경기 규칙을 잘 지키면서 경기를 해요. ",
      "srcPage": 41,
      "srcSentenceEA": 3,
      "srcWordEA": 48
    },
    {
      "srcTextID": "17158",
      "srcText": "협동심 가지기 팀의 목표를 이루기 위해 같은 팀 선수들과 힘을 합쳐 경기를 해요. 책임감 가지기  질 것 같다고 포기하지 않고, 끝까지 최선을 다해요. 자신감 가지기  “잘할 수 있다.”, “끝까지 할 수 있다.” 라는 믿음을 가지고 경기를 해요.",
      "srcPage": 42,
      "srcSentenceEA": 6,
      "srcWordEA": 42
    },
    {
      "srcTextID": "17161",
      "srcText": "동물원에서 일하는 사람들 동물원에는 동물들이 보다 건강하고 편안하게 지낼 수 있도록 해 주는 여러 사람들이 있어요. 동물과 함께하는 직업으로 무엇이 있는지 알아보아요. 동물 사육사 동물을 관리하고 보살펴요. 동물이 사는 곳을 청소하고 먹이를 주며 동물의 상태를 관찰하지요. 동물을 운동시키고 훈련시키기도 해요. ",
      "srcPage": 44,
      "srcSentenceEA": 5,
      "srcWordEA": 44
    },
    {
      "srcTextID": "17116",
      "srcText": "가족의 형태는 다양해 어떤 친구는 아빠, 엄마하고만 살기도 하고, 어떤 친구는 할아버지, 할머니와 함께 살기도 해요. 가족의 형태는 누구와 사는가에 따라 달라져요. 여러 가지 가족 형태에 대해 알아보아요. ",
      "srcPage": 1,
      "srcSentenceEA": 3,
      "srcWordEA": 30
    },
    {
      "srcTextID": "17125",
      "srcText": "어떤 강아지를 키울까? 강아지는 사람과 오랫동안 함께한 동물이에요. 강아지는 저마다 생김새, 성격, 생활 습성이 다르기 때문에 강아지를 키우려면 강아지의 특성을 잘 알아야 해요. 여러 강아지 중에 내가 키우고 싶은 강아지가 있는지 찾아 볼까요? ",
      "srcPage": 5,
      "srcSentenceEA": 4,
      "srcWordEA": 36
    },
    {
      "srcTextID": "17126",
      "srcText": "치와와 몸집이 가장 작은 강아지예요. 관심받는 것을 좋아하는데, 갑자기 다가가면 무서워서 짖기도 해요. 포메라니안  털이 많고 길어서 자주 손질해 주어야 해요. 호기심이 많고 활동적이에요.  ",
      "srcPage": 7,
      "srcSentenceEA": 4,
      "srcWordEA": 28
    },
    {
      "srcTextID": "17122",
      "srcText": "몰티즈 흰색 털이 엉키지 않게 자주 빗질해 주어야 해요. 활발하고 활동량이 많은 편이라 외출하여 많이 움직이게 해 주는 것이 좋아요. 푸들 양털처럼 곱슬거리는 털을 가졌어요. 호기심이 많고 활동적이에요.",
      "srcPage": 8,
      "srcSentenceEA": 4,
      "srcWordEA": 31
    },
    {
      "srcTextID": "17143",
      "srcText": "세계 여러 나라의 장난감 장난감은 어린이들이 가지고 노는 놀이 도구로, 어린이들의 정신적, 육체적인 발달에 아주 중요한 역할을 해요. 우리나라와 세계 여러 나라의 어린이들이 오래전부터 가지고 놀았던 장난감에는 어떤 것들이 있을까요? 우리나라의 제기 동전이나 쇠붙이를 종이나 헝겊으로 싼 다음 끝을 여러 갈래로 찢어서 만든 장난감이에요. 땅에 떨어뜨리지 않게 발로 차며 놀이해요.",
      "srcPage": 25,
      "srcSentenceEA": 4,
      "srcWordEA": 53
    },
    {
      "srcTextID": "17166",
      "srcText": " 창경궁 성종 때 지어진 궁궐로, 왕실 웃어른들을 편하게 모시기 위해 지었어요. 그 뒤, 우리나라를 빼앗은 일본인들이 창경궁 안에 동물원과 식물원을 만든 적도 있었는데, 이후 다시 고쳐서 지금은 옛날의 모습을 되찾았어요. 경희궁 광해군 때 지어진 경희궁은 수많은 임금이 정사를 살폈던 궁궐로 조선 후기에는 가장 중요한 궁궐이었어요.",
      "srcPage": 53,
      "srcSentenceEA": 3,
      "srcWordEA": 48
    },
    {
      "srcTextID": "17144",
      "srcText": "우리 나라의 팽이 나무의 한쪽 끝을 뾰족하게 깎아서 심을 박아 만든 장난감이에요. 땅이나 얼음판에서 채로 쳐서 돌리며 놀이해요. 체코의 마리오네트 머리, 팔, 다리 등에 실을 매달아 조작하는 인형이에요. 인형을 움직이며 인형극을 해요.",
      "srcPage": 26,
      "srcSentenceEA": 4,
      "srcWordEA": 35
    },
    {
      "srcTextID": "17140",
      "srcText": " 공을 몸체 양옆 받침대나 위쪽 뾰족한 부분에 끼워 넣으며 놀이해요.  호주의 부메랑  활등처럼 굽은 나무 막대기로, 오래전 원주민들이 무기로 사용하다가, 지금은 놀이용으로 사용해요. 던지면 빙글빙글 돌면서 날아갔다가 되돌아와요.",
      "srcPage": 28,
      "srcSentenceEA": 3,
      "srcWordEA": 33
    },
    {
      "srcTextID": "17162",
      "srcText": "국립중앙박물관 선사 시대부터 대한 제국 시기까지의 귀한 유물들을 모으고 연구하는 곳이에요. 전시된 시대별 역사 자료와 도자기, 미술품 등을 통해 옛날 사람들이 어떻게 생활했는지 알 수 있어요. 국립한글박물관 한글의 문화와 역사에 대해 보여 주는 곳이에요. 한글과 관련된 다양한 전시품과 체험으로 한글의 원리를 쉽게 알려 주며 외국인들에게도 한글을 소개하고 알려요. ",
      "srcPage": 48,
      "srcSentenceEA": 4,
      "srcWordEA": 51
    },
    {
      "srcTextID": "17163",
      "srcText": "국립항공박물관 우리나라와 세계의 항공 역사, 항공 생활, 항공 산업 등을 보여 주는 곳이에요. 과거에 우리나라에서 만든 여러 비행기를 볼 수 있고, 공항 체험, 조종사와 관제사 체험, 기내 훈련 체험, 승무원 체험 등 항공과 관련된 다양한 체험도 해 볼 수 있어요. 서대문자연사박물관 우리나라 최초의 자연사박물관으로 사람이 자연의 일부이며, 자연환경과 함께 어떻게 살아가야 할지를 알려 주기 위해 설립되었어요. 지구의 변화 과정과 중생대에 살다가 사라진 공룡 등 생물에 대한 여러 가지 자료를 볼 수 있어요. ",
      "srcPage": 50,
      "srcSentenceEA": 4,
      "srcWordEA": 75
    },
    {
      "srcTextID": "17149",
      "srcText": "이러한 이유로 물을 내리지 않아도 되는 변기가 개발되었어요. 바로, 똥을 낙엽이나 볏짚으로 덮은 뒤 발효시켜 퇴비로 만드는 ‘퇴비변기’ 예요. 물을 아낄 수 있고, 거름으로 이용하여 흙에 좋은 영양분까지 주는 친환경 변기예요.",
      "srcPage": 34,
      "srcSentenceEA": 4,
      "srcWordEA": 34
    },
    {
      "srcTextID": "17150",
      "srcText": "어떤 교육 기관에 갈까? 우리는 많은 것을 보고 듣고 배우기 위해 교육 기관에 다녀요. 나이에 따라 다니는 교육 기관은 모두 다르지요. 교육 기관의 종류에 대해 알아보아요.",
      "srcPage": 35,
      "srcSentenceEA": 4,
      "srcWordEA": 29
    },
    {
      "srcTextID": "17167",
      "srcText": "경복궁 조선 시대에 지어진 5개의 궁궐 중 가장 처음으로 지어진 궁궐이에요. 일본과의 전쟁인 임진왜란 때 불에 타 버렸는데, 조선 시대 말 고종 때 다시 지어졌어요. 창덕궁 경복궁에 이어 두 번째로 지어진 궁궐로, 태종이 즉위한 뒤에 지어진 궁궐이에요. 창덕궁은 임진왜란 때 불에 타 버려서 광해군 때 다시 지어졌어요. 조선의 5대 궁궐 중 가장 아름다운 궁궐로 손꼽히며, 유네스코 세계 문화유산으로 지정되기도 했어요. ",
      "srcPage": 52,
      "srcSentenceEA": 5,
      "srcWordEA": 64
    },
    {
      "srcTextID": "17172",
      "srcText": "물, 음료수 액체류는 액체로 된 폭발물을 가지고 탈 위험이 있기 때문에 비행기에 가지고 탈 수 없어요. 하지만 100ml 가 넘지 않는 용기에 담으면 비행기 에 가지고 탈 수 있어요. 샴푸, 린스, 치약 젤 형태로 된 것들은 폭발물의 재료가 될 수 있기 때문에 비행기에 가지고 탈 수 없어요. 하지만 100ml가 넘지 않는 용기에 담으면 가지고 탈 수 있어요. 야구 배트 누군가를 위협하는 무기로 사용될 수 있는 스포츠용품은 비행기에 가지고 탈 수 없어요. 망치, 못, 드릴 무기로 사용될 수 있는 공구류는 비행기에 가지고 탈 수 없어요.",
      "srcPage": 57,
      "srcSentenceEA": 6,
      "srcWordEA": 89
    },
    {
      "srcTextID": "17168",
      "srcText": "덕수궁 덕수궁의 원래 이름은 경운궁이에요. 임진왜란 때 피난을 갔다 돌아온 선조가 머무르며 궁궐이 되어서, 위치나 배치가 다른 궁궐들과는 달라요. 고종이 황제에서 물러난 뒤에 덕수궁으로 이름을 바꿨어요. ",
      "srcPage": 54,
      "srcSentenceEA": 3,
      "srcWordEA": 28
    },
    {
      "srcTextID": "17173",
      "srcText": "비행기에 가지고 탈 수 없어! 비행기를 타고 다른 나라로 여행을 갈 때 이것저것 챙겨 갈 것이 많아요. 그런데 비행기에 가지고 탈 수 없는 물건들이 있어요. 어떤 것들이 있는지 알아보아요. ",
      "srcPage": 55,
      "srcSentenceEA": 4,
      "srcWordEA": 32
    },
    {
      "srcTextID": "17170",
      "srcText": " 공 농구공, 축구공처럼 공기가 들어 있는 공은 기압 차이에 의해 터질 수 있기 때문에 비행기에 가지고 탈 수 없어요. 하지만 1/3 이하로 공기를 빼면 가지고 탈 수 있어요. 스프레이 헤어스프레이와 살충제 등의 스프레이 제품은 안에 들어 있는 가스가 폭발할 수 있기 때문에 비행기에 가지고 탈 수 없고, 수하물로도 가지고 갈 수 없어요. ",
      "srcPage": 56,
      "srcSentenceEA": 3,
      "srcWordEA": 55
    },
    {
      "srcTextID": "17174",
      "srcText": "안전한 공항을 위해 일하는 사람들 공항은 많은 사람들이 이용하는 곳이에요. 공항에는 모두의 안전을 위해 일하는 사람들이 있어요. 공항 보안 검색 요원 금속 탐지기로 승객의 몸을 살피고, 엑스레이 검사기로 비행기에 가지고 타는 짐을 검사해요. 또, 폭발물이 있는지 검색해요.",
      "srcPage": 58,
      "srcSentenceEA": 4,
      "srcWordEA": 40
    },
    {
      "srcTextID": "17171",
      "srcText": "공항 경찰 공항에서 일어날 수 있는 테러를 막고, 사고를 예방하며, 범죄자를 잡기도 해요. 또 공항 직원과 승객을 안전하게 지켜 주어요. 공항 세관원 다른 나라에서 사 오는 물건을 검사하여 세금을 매기고, 가지고 올 수 없는 물건을 가려내요. 위험한 약이나 무기, 폭발물 등을 찾기 위해 탐지견을 이용하기도 해요. 공항 검역관 다른 나라에서 온 농산물과 축산물 등이 안전한지 살피고, 가지고 오면 안 되는 것이 있는지 검사해요. 또 승객을 대상으로 열이 나는지 검사해서 전염병을 예방해요. ",
      "srcPage": 59,
      "srcSentenceEA": 6,
      "srcWordEA": 76
    },
    {
      "srcTextID": "17145",
      "srcText": "가정 변기에 똥을 누고 물을 내리면 오수관을 타고 정화조로 흘러가요. 정화조 변기에서 흘러내린 물을 정화 처리 한 후 하수도를 통해 하수 처리장으로 흘려 보내요. 침사지 물속에 있는 흙, 모래 등 무거운 물질을 가라앉혀요.",
      "srcPage": 31,
      "srcSentenceEA": 3,
      "srcWordEA": 35
    },
    {
      "srcTextID": "17147",
      "srcText": "물이 필요 없는 변기가 있어! 우리가 흔히 사용하는 양변기는 깨끗하고 편리해요. 하지만 많은 양의 물이 필요하고 환경을 오염시킬 수 있다는 단점이 있어요.",
      "srcPage": 33,
      "srcSentenceEA": 3,
      "srcWordEA": 24
    },
    {
      "srcTextID": "17151",
      "srcText": "어린이집과 유치원 친구들과 함께 어울리며 노래, 율동, 그리기, 만들기, 블록 쌓기 등 다양한 활동을 해요. 여러 활동을 통해 몸과 마음이 쑥쑥 자라요. 초등학교 일상생활과 공부에 필요한 기초 능력을 길러요. 특히 바른 인성을 키우는 데 중점을 두어요.",
      "srcPage": 36,
      "srcSentenceEA": 4,
      "srcWordEA": 39
    },
    {
      "srcTextID": "17124",
      "srcText": "시추 작은 몸을 재빠르게 움직여요. 사람을 좋아하고 영리해요. 성격도 부드러워서 잘 짖지 않아요.",
      "srcPage": 9,
      "srcSentenceEA": 3,
      "srcWordEA": 15
    },
    {
      "srcTextID": "17120",
      "srcText": "강아지도 사람처럼 기쁘거나 슬픈 감정을 느낄 수 있어요. 말을 할 수 없는 강아지는 몸짓과 짖는 소리로 기분이나 몸 상태를 표현하지요. 강아지가 하는 몸짓의 의미를 알아 두면 강아지의 마음을 알 수 있어요. ",
      "srcPage": 10,
      "srcSentenceEA": 3,
      "srcWordEA": 33
    },
    {
      "srcTextID": "17156",
      "srcText": "무리한 욕심 버리기 이겨야 한다는 마음이 지나치면 무리하다가 다칠 수 있어요. 내가 할 수 있는 만큼 최선을 다해요. 인내심 가지기 목표를 이루기 위해 힘든 연습과 훈련을 참고 이겨 내요. 상대 선수 배려하기 상대 선수를 다치게 하지 않고, 배려하는 마음으로 경기를 해요. ",
      "srcPage": 43,
      "srcSentenceEA": 4,
      "srcWordEA": 44
    },
    {
      "srcTextID": "17129",
      "srcText": "어떤 집들이 있을까? 우리 주변에는 여러 형태의 집이 있어요. 우리 가족의 특징과 취향에 맞는 집은 어떤 집일까요? 여러 형태의 집을 살펴보아요.",
      "srcPage": 12,
      "srcSentenceEA": 4,
      "srcWordEA": 24
    },
    {
      "srcTextID": "17128",
      "srcText": "빌라 다른 나라에서는 도시를 벗어난 곳에 휴식을 위해 지은 별장을 뜻해요. 우리나라에서는 주로 공동 주택을 가리켜요. 주상 복합 건물 물건을 파는 상점과 집이 함께 있는 건물이에요. 보통 낮은 층에는 상점이 있고, 높은 층에는 집이 있어요. 오피스텔 사무실과 호텔의 기능을 둘 다 가지고 있는 복합 빌딩이에요. 일을 하거나 공부를 하는 사무실로도 이용하고, 집으로도 이용해요.",
      "srcPage": 14,
      "srcSentenceEA": 6,
      "srcWordEA": 58
    },
    {
      "srcTextID": "17138",
      "srcText": "무엇으로 만든 옷일까? 아주 오래전부터 사람들은 식물의 잎이나 동물의 가죽으로 옷을 만들어 입었어요. 그러다가 동물과 식물에서 실을 뽑아 옷감을 짤 수 있게 되었지요. 지금은 석유, 석탄 등으로 만든 실로도 옷을 만들어요. ",
      "srcPage": 20,
      "srcSentenceEA": 4,
      "srcWordEA": 34
    },
    {
      "srcTextID": "17135",
      "srcText": "레이온 셔츠 레이온은 나무에서 추출한 재료로 만든 섬유예요. 레이온으로 만든 옷은 부드럽고 바람이 잘 통해 시원해요. 아크릴 스웨터 아크릴은 석유, 석탄, 가스 등을 원료로 만든 실로 짜 낸 섬유예요. 아크릴로 만든 옷은 가볍고 따뜻해요.",
      "srcPage": 23,
      "srcSentenceEA": 4,
      "srcWordEA": 37
    },
    {
      "srcTextID": "17139",
      "srcText": "페트병으로 옷을 만든다고?  페트병을 깨끗이 씻어 손톱 크기로 잘라 ‘플레이크’로 만들어요. 다시 쌀알 크기의 ‘플레이크 칩’으로 만들어 실을 뽑아요. 이 실로 짜 낸 섬유로 티셔츠와 레깅스 등을 만들어요. ",
      "srcPage": 24,
      "srcSentenceEA": 6,
      "srcWordEA": 34
    },
    {
      "srcTextID": "17152",
      "srcText": "중·고등학교 각각 3년 동안 다니며, 일상생활과 공부에 필요한 기본 능력을 길러요. 또 앞으로 어떤 일을 할지 고민하는 시간을 가져요. 대학교 . 원하는 분야를 더 깊게 배우고 공부해요. 배우고 싶은 과목과 수업 시간을 스스로 선택할 수 있어요. 졸업 후 직업을 가지기 위한 준비도 해요. ",
      "srcPage": 37,
      "srcSentenceEA": 6,
      "srcWordEA": 47
    },
    {
      "srcTextID": "17155",
      "srcText": "우리 동네에는 어떤 공공시설이 있을까? 우리 동네에는 여러 사람이 함께 이용하는 공공 기관과 공공시설이 있어요. 주변에 어떤 공공시설들이 있는지 알아보아요. 공공시설이란? 지역 주민 누구나 편리하게 이용할 수 있는 시설을 말해요. 공공시설은 지역 주민들이 편리하게 생활하고, 살기 좋은 지역을 만들기 위해 국가나 공공 단체가 만들어요.",
      "srcPage": 38,
      "srcSentenceEA": 6,
      "srcWordEA": 49
    },
    {
      "srcTextID": "17117",
      "srcText": "대가족 전통적인 가족 형태로 3대 이상이 모여 사는 가족이에요. 할아버지와 할머니, 아빠와 엄마, 자녀가 함께 살아요. 입양 가족 아빠와 엄마가, 입양한 자녀와 함께 사는 가족이에요. 입양은 직접 낳지 않은 아이를 자신의 아이로 받아들이는 것을 말해요.",
      "srcPage": 2,
      "srcSentenceEA": 4,
      "srcWordEA": 38
    },
    {
      "srcTextID": "17118",
      "srcText": "재혼 가족 아빠, 엄마가 이혼한 뒤 다른 사람과 다시 결혼하여 새 아빠나 새 엄마, 자녀가 함께 사는 가족이에요. 원래는 한 가족이 아니었지만, 새롭게 한 가족이 된 거예요. 핵가족 아빠, 엄마, 자녀가 함께 사는 가족이에요. 농사를 짓거나 물고기를 잡으며 살던 옛날과 달리 사람들이 새로운 일자리를 찾아 떠나면서 핵가족이 늘었어요.",
      "srcPage": 3,
      "srcSentenceEA": 4,
      "srcWordEA": 51
    },
    {
      "srcTextID": "17119",
      "srcText": "조손 가족  할아버지, 할머니와 손자나 손녀가 함께 사는 가족이에요. 아빠, 엄마가 자녀를 돌볼 수 없는 상황이 생겨 할아버지, 할머니가 돌봐 주어요. 한 부모 가족 아빠와 자녀 또는 엄마와 자녀만 함께 사는 가족이에요. 아빠, 엄마가 이혼이나 다른 이유로 헤어지게 되어 혼자 자녀를 키워요. 다문화 가족 아빠, 엄마 둘 중 한 명이 다른 국적, 인종, 문화를 가진 가족이에요. 요즘에는 다른 나라 사람과 만날 기회가 많아지면서 다문화 가족도 늘고 있어요.",
      "srcPage": 4,
      "srcSentenceEA": 6,
      "srcWordEA": 73
    },
    {
      "srcTextID": "17121",
      "srcText": "나랑 강아지랑 닮았다고? 강아지는 보호자의 성격을 닮는다고 해요. 강아지가 보호자의 성격과 행동을 살펴서 그에 맞게 행동하기 때문이에요. ",
      "srcPage": 6,
      "srcSentenceEA": 3,
      "srcWordEA": 19
    },
    {
      "srcTextID": "17165",
      "srcText": "어떤 박물관에 가 볼까? 박물관은 여러 가지 자료와 물품을 모아 보존하며 연구하고, 전시하는 곳이에요. 전시하는 물품에 따라 다양한 박물관이 있어요. 여러분은 어떤 박물관에 가 보고 싶나요?",
      "srcPage": 47,
      "srcSentenceEA": 4,
      "srcWordEA": 29
    },
    {
      "srcTextID": "17164",
      "srcText": "국립해양박물관 배, 해양 생물, 해양 산업 등 해양에 관련된 모든 것을 보여 주는 박물관이에요. 다양한 전시품을 통해 바다의 역사를 알고 미래를 볼 수 있어요. 수족관과 해양 체험을 통해 평소 만나기 힘든 해양 생물도 관찰해 볼 수 있어요. ",
      "srcPage": 49,
      "srcSentenceEA": 3,
      "srcWordEA": 39
    },
    {
      "srcTextID": "17132",
      "srcText": "굽기 석쇠나 프라이팬을 이용하여 음식 재료를 불에서 직접 익히거나, 오븐의 열기로 익히는 방법이에요. 찌기 음식 재료를 뜨거운 수증기로 익히거나 데우는 방법이에요. 끓이기  음식 재료를 물에 넣고 여러 가지 양념을 더해 가열하는 방법이에요. ",
      "srcPage": 18,
      "srcSentenceEA": 3,
      "srcWordEA": 35
    },
    {
      "srcTextID": "17133",
      "srcText": "삶기 음식 재료를 물에 넣어 익힌 후 건져 내는 방법이에요. 조리기  음식 재료를 국물에 넣고 바짝 끓여서 양념이 배어들게 하는 방법이에요. 볶기  물기가 거의 없거나 적은 상태에서 음식 재료에 열을 가하여 이리저리 저으며 익히는 방법이에요. 부치기 프라이팬에 기름을 두르고 음식 재료를 뒤집어 가며 익히는 방법이에요. 튀기기 끓는 기름에 음식 재료를 넣고 익히는 방법이에요. ",
      "srcPage": 19,
      "srcSentenceEA": 5,
      "srcWordEA": 59
    },
    {
      "srcTextID": "17137",
      "srcText": "면 티셔츠 면은 ‘목화’라는 식물로 만든 섬유예요. 면으로 만든 옷은 땀을 잘 빨아들이고, 공기가 잘 통해요. 모 스웨터 모는 양의 털로 만든 섬유예요. 모로 만든 옷은 몸을 포근하게 감싸 주어 추운 계절에 입기 좋아요. ",
      "srcPage": 21,
      "srcSentenceEA": 5,
      "srcWordEA": 38
    },
    {
      "srcTextID": "17136",
      "srcText": "마 셔츠 마는 삼, 아마, 모시풀에서 뽑아낸 실로 만든 섬유예요. 마로 만든 옷은 까슬까슬하고 바람이 잘 통해 여름에 입기 좋아요. 실크 스카프 실크는 누에고치에서 뽑아낸 실로 만든 섬유예요. 실크로 만든 스카프나 옷은 가볍고 광택이 나며 따뜻해요. ",
      "srcPage": 22,
      "srcSentenceEA": 4,
      "srcWordEA": 39
    },
    {
      "srcTextID": "17153",
      "srcText": "문화 예술 회관  공연, 전시 등의 다양한 프로그램을 통해 문화 체험을 할 수 있는 곳이에요. 공공 체육 시설 국민의 체육 활동을 위해 국가 또는 지방 자치 단체에서 만든 체육관이나 수영장 등의 체육 시설이에요. 공원 사람들이 산책하거나 휴식을 즐길 수 있도록 지역에 있는 산이나 호수, 강 등에 만든 정원이나 유원지예요. 국공립 도서관  종이책, 전자책, 멀티미디어 등의 자료를 모아 두고 사람들이 보거나 빌려 갈 수 있게 해 주는 곳이에요. 사람들이 필요로 하는 여러 가지 프로그램을 운영하기도 해요. ",
      "srcPage": 40,
      "srcSentenceEA": 5,
      "srcWordEA": 81
    },
    {
      "srcTextID": "17169",
      "srcText": "조선의 아름다운 궁궐들 궁궐은 옛날에 왕이 살면서 나랏일을 했던 곳이에요. 조선의 수도였던 서울에는 궁궐이 5개나 있어요. 조선 시대를 대표하는 궁궐을 알아보아요.",
      "srcPage": 51,
      "srcSentenceEA": 3,
      "srcWordEA": 23
    },
    {
      "srcTextID": "17159",
      "srcText": "동물원 수의사 동물원에 사는 동물의 병을 치료하고 병에 걸리지 않도록 예방해요. 동물의 종류가 다양해서 치료할 동물에 맞는 약과 치료법, 수술법 등을 공부해요. 동물 영양사  동물이 건강하게 지낼 수 있도록 동물의 영양을 관리해요. 동물마다 건강관리를 위한 알맞은 먹이를 필요한 영양소에 맞게 식단을 짜요.",
      "srcPage": 45,
      "srcSentenceEA": 4,
      "srcWordEA": 46
    }
  ]
}