{
  "title": "괴짜가 아니야!(유전공학자)",
  "author": "강두영",
  "illustrator": "김선미",
  "isbn": "9788968737237",
  "readAge": "유아",
  "publishedYear": 2020,
  "publisher": "키움북스",
  "classification": "자연탐구",
  "paragraphInfoCount": 26,
  "paragraphInfo": [
    {
      "srcTextID": "109137",
      "srcText": "씨 뱉기가 힘든 코끼리는 씨 없는 수박을 한입에 다 먹었어. 멋쟁이 벌새는 원하던 파란 꽃다발을 한 아름 받았지. 그리고 사자는 맵지 않은 오이고추를 선물 받았단다. 그러자 친구들 모두가 나에게 고마워했어. 난 이제 더는 괴짜가 아니야!",
      "srcPage": 12,
      "srcSentenceEA": 5,
      "srcWordEA": 39
    },
    {
      "srcTextID": "109162",
      "srcText": "유전공학의 전망은? 유전공학기술은 인간 생활을 위해 유용하게 응용되고 적용할 수 있는 분야이기 때문에, 국가적인 차원에서의 투자가 증대하고 있어요. 점차 생명공학의 중심에는 유전자를 다루는 유전공학이 자리 잡게 될 것이며 무한할 가능성과 전망을 보이고 있어요.",
      "srcPage": 24,
      "srcSentenceEA": 3,
      "srcWordEA": 35
    },
    {
      "srcTextID": "109080",
      "srcText": "\"꿀꿀, 친구들 안녕? 난 호기심 많은 돼지 승우라고 해. 나는 마을 곳곳을 돌아다니는 게 하루 일과야. 오늘도 친구들을 위해 일해 볼까?\"",
      "srcPage": 1,
      "srcSentenceEA": 4,
      "srcWordEA": 24
    },
    {
      "srcTextID": "109082",
      "srcText": "사자는 매운 걸 못 먹는대. 고추에 꿀을 넣어줄까? 코끼리는 씨 뱉기가 힘든가 봐. 수박에 빨대를 꽂아주자.",
      "srcPage": 2,
      "srcSentenceEA": 4,
      "srcWordEA": 19
    },
    {
      "srcTextID": "109081",
      "srcText": "벌새는 파란 꽃을 좋아해. 장미에 파란색을 칠해야지. 수많은 과학자가 파란색 장미를 만들어 보려고 노력했지만, 아직 완벽하게 파란 장미는 못 만들고 있대요.",
      "srcPage": 3,
      "srcSentenceEA": 3,
      "srcWordEA": 23
    },
    {
      "srcTextID": "109083",
      "srcText": "겁쟁이 사자가 얼굴을 찡그렸어. 어쩌지? 고추 맛이 이상한가 봐. 멋쟁이 벌새의 날개가 엉망이 됐어.",
      "srcPage": 4,
      "srcSentenceEA": 4,
      "srcWordEA": 17
    },
    {
      "srcTextID": "109084",
      "srcText": "퉤퉤 저리가! 이 괴짜야! 이제 네 도움은 필요 없어! 난 방에서 혼자 슬퍼했지. \"어휴. 무엇이 문제였을까?\"",
      "srcPage": 6,
      "srcSentenceEA": 5,
      "srcWordEA": 20
    },
    {
      "srcTextID": "109090",
      "srcText": "연구, 연구, 유레카! 드디어 방법을 찾았어. \"얘들아, 얘들아! 내가 방법을 찾아냈어!\"",
      "srcPage": 9,
      "srcSentenceEA": 4,
      "srcWordEA": 13
    },
    {
      "srcTextID": "109161",
      "srcText": "유전공학을 반대하는 사람은 왜 그런 거죠? 유전공학을 반대하는 사람들은, 자연적으로 유지되는 생태계의 구조를 파괴하고, 생명 가치를 가볍게 여길 수 있다는 점을 이유로 들어 유전공학을 반대해요. 특히 유전공학 기술이 악용되면 이익을 위해 다량의 인간 복제를 할 수도 있어요. 안전과 윤리 문제를 미리 예방하고 위험을 최소화하려는 노력이 필요해요.",
      "srcPage": 25,
      "srcSentenceEA": 4,
      "srcWordEA": 49
    },
    {
      "srcTextID": "109150",
      "srcText": "\"그만해, 얘들아! 기막힌 생각이 났어. 내가 토마토랑 감자 모두 심을 수 있게 해줄게! 이번엔 반드시 너희를 실망하게 하지 않을 거야.\" 친구들은 투덜거렸지만 난 자신 있게 말했어.",
      "srcPage": 16,
      "srcSentenceEA": 5,
      "srcWordEA": 30
    },
    {
      "srcTextID": "109160",
      "srcText": "나도 유전공학자! 강낭콩을 길러봐요. 평평한 그릇에 솜을 깔고 강낭콩을 3, 4개 정도 놓아요. 솜이 적셔질 때까지만 물을 붓고 하루 동안 불려요. 물을 가득 부으면 강낭콩이 숨 막혀 해요. 4, 5일이 지난 후 강낭콩에 잔뿌리가 났는지를 관찰해요. 강낭콩을 화분으로 옮겨 심으면 강낭콩에서 싹이 나기 시작해요. 흙 속과 같은 조건을 위하여 휴지로 덮어주고 마르지 않게 계속 물을 적당히 뿌려 주세요.",
      "srcPage": 26,
      "srcSentenceEA": 8,
      "srcWordEA": 65
    },
    {
      "srcTextID": "109158",
      "srcText": "염색체. 현미경으로 세포를 들여다보면 세포의 중앙에 둥근 모양의 핵이 하나씩 있는데, 그 핵 속에는 실타래 모양의 염색체들이 있어요. 생물이 갖는 유전성분을 저장·전달하는 기능을 담당하는 구조로서, 종에 따라 수와 모양이 일정해요. DNA. DNA는 유전정보를 담는 화학 물질이에요. 염색체 내에 유전자가 존재하고, 유전자는 DNA라는 물질로 이루어져 있습니다. 즉, DNA가 모여 유전자를 이루고, 다시 수많은 유전자가 모여 염색체를 이룹니다.",
      "srcPage": 20,
      "srcSentenceEA": 6,
      "srcWordEA": 62
    },
    {
      "srcTextID": "109157",
      "srcText": "어떤 능력이 필요한가요? 장시간 동안 반복되며 진행되는 실험들을 견뎌낼 수 있는 끈기와 연구 중 발생하는 문제점을 찾아내고 해결할 수 있어야 해요. 그리고 다른 분야를 함께 연계하는 개방성과 창의적 생각이 요구돼요. 무엇보다도 생명 유전과 바이러스 등을 다루는 과학자로서 연구에 정밀 하고 각별한 주의를 가지고 연구에 임할 수 있어야 해요.",
      "srcPage": 22,
      "srcSentenceEA": 4,
      "srcWordEA": 51
    },
    {
      "srcTextID": "109093",
      "srcText": "친구들 앞에서 내가 만든 씨앗을 땅속에 심었어. 얼마 후 놀라운 일이 벌어졌지. 감자와 토마토를 합쳐서 만든 식물을 '포마토'라고 해요. 줄기에는 토마토가, 뿌리에는 감자가 열려요.",
      "srcPage": 10,
      "srcSentenceEA": 5,
      "srcWordEA": 28
    },
    {
      "srcTextID": "109149",
      "srcText": "\"흥, 땅속은 다 내 거야! 난 감자를 심어서 마음껏 먹을 거야. 감자는 두고두고 오랫동안 보관할 수 있다고!\"",
      "srcPage": 15,
      "srcSentenceEA": 3,
      "srcWordEA": 19
    },
    {
      "srcTextID": "109085",
      "srcText": "파란 물감이 여기저기 묻었네. 코흘리개 코끼리는 상한 수박을 던져버렸어. 수박이 쿵! 깨져버렸어.",
      "srcPage": 5,
      "srcSentenceEA": 4,
      "srcWordEA": 15
    },
    {
      "srcTextID": "109086",
      "srcText": "어느 날, 마을에 큰 싸움이 벌어졌어. 넓은 밭의 주인인 욕심쟁이 토끼와 땅속에 사는 불평쟁이 두더지가 다투고 있는 거야. \"이 밭은 모두 다 내 것이야!",
      "srcPage": 7,
      "srcSentenceEA": 3,
      "srcWordEA": 25
    },
    {
      "srcTextID": "109163",
      "srcText": "유전공학이 사람들을 어떻게 도와줄 수 있나요? 유전 공학은 오늘날 사람들이 겪고 있는 식량, 의료, 에너지 등의 문제를 해결할 수 있어요. 식량문제를 해결해 기아를 없애고, 불치병 치료와 노화를 억제하며, 환경오염이 사라지게 해 주고, 무한히 쓸 수 있는 에너지 개발 등이 가능하다고 해요.",
      "srcPage": 23,
      "srcSentenceEA": 3,
      "srcWordEA": 43
    },
    {
      "srcTextID": "109088",
      "srcText": "\"난 토마토를 심어서 맛있게 먹을 거야. 토마토는 내 고운 얼굴을 더 곱게 만들어 준다고!\" 송송송. 토마토와 감자를 자르고, 맛보고. 씨앗을 심어보고, 돋보기로 자세히 관찰했지.",
      "srcPage": 8,
      "srcSentenceEA": 5,
      "srcWordEA": 28
    },
    {
      "srcTextID": "109092",
      "srcText": "난 친구들을 위해 다른 연구들을 시작했어. 재미있고 신나는 실험들이 다시 시작된 거야! 난 친구들을 위해 많은 씨앗을 개발했어.",
      "srcPage": 11,
      "srcSentenceEA": 3,
      "srcWordEA": 20
    },
    {
      "srcTextID": "109141",
      "srcText": "친구들이 소문을 듣고 하나둘씩 찾아왔어. 덕분에 조용했던 우리 집은 친구들로 항상 북적북적 거리는 중이야. 난 내 실험실에 '생명공학연구소'라는 팻말도 붙였지! 앞으로도 친구들을 위해 신나게 연구 할거야!",
      "srcPage": 13,
      "srcSentenceEA": 5,
      "srcWordEA": 30
    },
    {
      "srcTextID": "109148",
      "srcText": "\"이제 싸울 필요 없지?\" 욕심쟁이 토끼와 불평쟁이 두더지는 손을 마주 잡고 활짝 웃었어. 친구들은 더는 나를 괴짜라고 놀리지 않았어. 드디어 친구들이 행복해졌어!",
      "srcPage": 14,
      "srcSentenceEA": 4,
      "srcWordEA": 25
    },
    {
      "srcTextID": "109151",
      "srcText": "싹이 쑤욱 자라기 시작하더니. 뿌리에는 노오란 감자가. 줄기에는 빠알간 토마토가 열리기 시작하는 거야.",
      "srcPage": 17,
      "srcSentenceEA": 3,
      "srcWordEA": 15
    },
    {
      "srcTextID": "109152",
      "srcText": "그리고 나는 빨리 연구를 시작할 생각에 한걸음에 집으로 달려갔어. 뿌리엔 감자가 열리고, 줄기엔 토마토가 열리면 좋을 텐데! 연구란? 어떤 것을 깊이 생각하거나 자세히 조사하는 것을 말해요.",
      "srcPage": 18,
      "srcSentenceEA": 4,
      "srcWordEA": 29
    },
    {
      "srcTextID": "109156",
      "srcText": "세포. 세포는 모든 생물의 구조와 기능에 있어 기본적인 단위에요. 생물의 종류에 따라 세포의 모양과 수, 구조가 달라요. 동물의 세포는 세포벽은 없고 세포막으로만 이루어져 있으며, 흐물거려요. 이에 반해, 식물의 세포는 세포막 위에 세포벽이 한 겹 더 있어, 세포를 외부로부터 보호하고 단단한 모양을 유지해요.",
      "srcPage": 19,
      "srcSentenceEA": 4,
      "srcWordEA": 46
    },
    {
      "srcTextID": "109159",
      "srcText": "유전공학자가 되려면? 대학교에서 생명과학과, 유전공학과, 생명 공학과, 수의학과, 의학과 등 유전공학 관련 분야를 전공해요. 그리고 일반적으로 유전학, 분자생물학, 미생물학, 면역학, 발생학, 세포학 등의 좀 더 세분된 분야를 공부하며 석사에서 박사학위까지 취득해요. 학위 취득 후에는, 논문, 연구경력 등을 심사하여 연구원이 될 수 있어요.",
      "srcPage": 21,
      "srcSentenceEA": 4,
      "srcWordEA": 45
    }
  ]
}