{
  "title": "곰 아주머니의 꽃모자",
  "author": "민수현",
  "illustrator": "김혜란",
  "isbn": "9791186298060",
  "readAge": "유아",
  "publishedYear": 2015,
  "publisher": "꼬마대통령",
  "classification": "자연탐구",
  "paragraphInfoCount": 17,
  "paragraphInfo": [
    {
      "srcTextID": "95752",
      "srcText": "4월의 마지막 날이 다가왔어요. 여왕님의 생일을 맞아 모두들 기쁨에 들떠 있었어요. “가장 예쁜 꽃으로 꽃모자를 만들어야지.”",
      "srcPage": 1,
      "srcSentenceEA": 3,
      "srcWordEA": 17
    },
    {
      "srcTextID": "95762",
      "srcText": "곰 아주머니는 잠시 과수원 앞에 차를 세웠어요. ‘흐흐흐, 꽃모자도 물줄기는 피할 수 없을걸!’ 여우 아저씨가 단단히 벼르고 있는데 어쩌지요?",
      "srcPage": 11,
      "srcSentenceEA": 3,
      "srcWordEA": 21
    },
    {
      "srcTextID": "95763",
      "srcText": "여우 아저씨의 작전이 성공한 걸까요? 물자동차가 과수원 여기저기에 물을 뿌려 댔어요. 곰 아주머니의 꽃모자에도 살짝 물이 뿌려졌어요. “어머, 시원한 물 덕분에 꽃들이 더 싱싱해졌네!” 곰 아주머니는 콧노래를 부르며 궁전으로 향했어요.",
      "srcPage": 12,
      "srcSentenceEA": 5,
      "srcWordEA": 33
    },
    {
      "srcTextID": "95754",
      "srcText": "“꽃 장식 대회가 열리는 궁전으로 출발!” 부릉부릉! 곰 아주머니는 완성된 꽃모자를 차에 싣고 너구리 총각의 체리 농장을 지나고 있었어요. ‘흐흐흐, 잔가지 파쇄기를 고장 내서 꽃모자에 잔가지를 덮어씌워야지!’ 여우 아저씨가 심술을 부리려나 봐요. 이를 어쩌지요?",
      "srcPage": 3,
      "srcSentenceEA": 6,
      "srcWordEA": 39
    },
    {
      "srcTextID": "95753",
      "srcText": "풍차 마을에 사는 곰 아주머니는 꽃 장식 대회에 낼 작품을 만드느라 열심이었어요. 여우 아저씨가 몰래 지켜보는 줄도 모르고 말이에요. 작년에는 옆집 여우 아저씨에게 일등을 내주었지만 올해는 꼭 최고상을 타고 싶었거든요.",
      "srcPage": 2,
      "srcSentenceEA": 3,
      "srcWordEA": 32
    },
    {
      "srcTextID": "95755",
      "srcText": "윙 탁탁탁! 슝슝슝! 꽃모자를 망치려던 여우 아저씨의 작전은 실패했어요. 잔가지는 여우 아저씨의 꽃 케이크에 쿡쿡 박혔고, 곰 아주머니의 꽃모자에는 예쁜 체리들이 콕콕 꽂혔지요.",
      "srcPage": 4,
      "srcSentenceEA": 4,
      "srcWordEA": 26
    },
    {
      "srcTextID": "95757",
      "srcText": "저런, 여우 아저씨가 실수를 했어요. 커다란 치즈 덩어리들이 휙휙 날아가 여우 아저씨의 꽃 케이크 위로 떨어졌어요. 꽃 케이크가 망가져서 여우 아저씨는 꽃 장식 대회에 나갈 수 없게 되었어요. 곰 아주머니는 아무것도 모르는 채 치즈를 먹으며 궁전으로 향했어요.",
      "srcPage": 6,
      "srcSentenceEA": 4,
      "srcWordEA": 40
    },
    {
      "srcTextID": "95759",
      "srcText": "부릉부릉 끼익, 곰 아주머니는 추수가 한창인 밀밭 사이에 멈췄어요. “먼저 지나가세요. 제가 양보할게요!”",
      "srcPage": 7,
      "srcSentenceEA": 3,
      "srcWordEA": 14
    },
    {
      "srcTextID": "95756",
      "srcText": "곰 아주머니는 치즈를 파는 광장에 도착했어요. “배가 고픈데 치즈와 빵을 좀 먹고 갈까?” ‘흐흐흐, 치즈를 꽃모자 위로 던져야지!’ 여우 아저씨가 단단히 벼르고 있는데 어쩌지요?",
      "srcPage": 5,
      "srcSentenceEA": 4,
      "srcWordEA": 26
    },
    {
      "srcTextID": "95760",
      "srcText": "하지만 여우 아저씨의 계획은 또 실패했어요. 여우 아저씨가 탄 콤바인이 언덕을 넘어 사자 아저씨의 콩밭으로 들어가 버렸거든요. 여우 아저씨가 무사할지 걱정이네요.",
      "srcPage": 9,
      "srcSentenceEA": 3,
      "srcWordEA": 23
    },
    {
      "srcTextID": "95761",
      "srcText": "곰 아주머니는 마음이 설레었어요. 토끼 할아버지네 과수원을 지나면 궁전이었거든요. “잠시 화장실에 들렀다 가야겠어.”",
      "srcPage": 10,
      "srcSentenceEA": 3,
      "srcWordEA": 14
    },
    {
      "srcTextID": "95765",
      "srcText": "여왕님도 꼼꼼히 작품들을 살펴보았지요. 곰 아주머니의 차례였어요. 그때 여우 아저씨가 심술궂게 소리쳤어요.",
      "srcPage": 14,
      "srcSentenceEA": 3,
      "srcWordEA": 14
    },
    {
      "srcTextID": "95758",
      "srcText": "곰 아주머니가 다른 자동차들에게 길을 비켜 줬어요. ‘으하하하, 꽃모자 위로 밀짚을 잔뜩 뿌려 줘야지!’ 여우 아저씨가 자신만만한 표정으로 주먹을 불끈 쥐었어요.",
      "srcPage": 8,
      "srcSentenceEA": 3,
      "srcWordEA": 23
    },
    {
      "srcTextID": "95766",
      "srcText": "여우 아저씨는 약이 바짝 올라 이대로 포기할 수 없었어요. 꽃 농장에서 빌린 비료 살포기를 몰고 곰 아주머니를 재빨리 따라갔어요. 곰 아주머니가 궁전에 도착하자 꽃 장식 대회가 시작되었어요.",
      "srcPage": 13,
      "srcSentenceEA": 3,
      "srcWordEA": 29
    },
    {
      "srcTextID": "95764",
      "srcText": "“비료 살포기, 발사!” 그런데 비료 살포기에서 꽃잎들이 터져 나와 꽃모자를 더욱 예쁘게 꾸며 주었어요. 곰 아주머니의 꽃모자는 올해의 최고상을 받았어요.",
      "srcPage": 15,
      "srcSentenceEA": 3,
      "srcWordEA": 22
    },
    {
      "srcTextID": "95767",
      "srcText": "“고마워요, 여우 아저씨!” “아, 그게 말이죠....... 미안해요, 곰 아주머니!”",
      "srcPage": 16,
      "srcSentenceEA": 3,
      "srcWordEA": 10
    },
    {
      "srcTextID": "95768",
      "srcText": "“뭐가요? 덕분에 상도 탔는걸요.” 부릉부릉 덜컹덜컹! 곰 아주머니와 여우 아저씨는 사이좋게 집을 향해 달려갔어요.",
      "srcPage": 17,
      "srcSentenceEA": 3,
      "srcWordEA": 17
    }
  ]
}