{
  "title": "반칙은 안 돼!(국제심판)",
  "author": "성은경",
  "illustrator": "이연지",
  "isbn": "9788968736933",
  "readAge": "유아",
  "publishedYear": 2020,
  "publisher": "키움북스",
  "classification": "자연탐구",
  "paragraphInfoCount": 18,
  "paragraphInfo": [
    {
      "srcTextID": "101509",
      "srcText": "\"아니야, 난 정말 운이 없어요! 내가 아인이보다 일찍 뽑았으면 태권도 선수가 될 수 있었는데요!\" 지후는 입을 쭉 내밀고는 자신의 방으로 들어갔어요.",
      "srcPage": 6,
      "srcSentenceEA": 3,
      "srcWordEA": 23
    },
    {
      "srcTextID": "101510",
      "srcText": "\"이제부터 엄마가 지후가 맡은 국제 심판이 하는 일을 설명해 줄게!\" 지후는 못마땅하다는 표정을 지으며 소파에 앉았어요. 엄마는 올림픽 경기 동영상들을 보여주셨어요.",
      "srcPage": 7,
      "srcSentenceEA": 3,
      "srcWordEA": 23
    },
    {
      "srcTextID": "101505",
      "srcText": "\"이게 뭐야? 지후야.\" \"올림픽 초대장...\" \"아, 유치원에서 올림픽을 하는구나.\" 유치원에서 돌아온 지후는 시무룩한 표정으로 엄마에게 초대장을 내밀었어요.",
      "srcPage": 1,
      "srcSentenceEA": 5,
      "srcWordEA": 19
    },
    {
      "srcTextID": "101506",
      "srcText": "\"그런데 우리 지후 표정이 왜 그래? 무슨 일 있었어?\" 엄마의 물음에 갑자기 지후는 울음을 터뜨렸어요.",
      "srcPage": 2,
      "srcSentenceEA": 3,
      "srcWordEA": 17
    },
    {
      "srcTextID": "101507",
      "srcText": "\"나 유치원 안 갈 거예요!\" 한참을 울던 지후는 울음을 멈추고 입을 열었어요. 당황한 엄마는 지후의 눈물을 닦아 주셨어요.",
      "srcPage": 3,
      "srcSentenceEA": 3,
      "srcWordEA": 20
    },
    {
      "srcTextID": "106321",
      "srcText": "\"나도 친구들처럼 할 수 있는데, 나는 그냥 경기를 지켜봐야 한대요. 국제심판이라고 하던데.\" \"와! 우리 지후 멋지다.\" 국제 심판이란? 국제 경기에서 심판을 담당하는 사람이에요. 올림픽 대회에서의 심판은 꼭 국제 심판이어야 해요.",
      "srcPage": 4,
      "srcSentenceEA": 6,
      "srcWordEA": 35
    },
    {
      "srcTextID": "106322",
      "srcText": "\"뭐가 멋져요? 친구들은 신나게 경기하는데 나는 가만히 보고만 있어야 한대요!\" \"그렇지 않아. 우리 지후는 모든 경기에 다 참가하는 거야.\" 국제 심판은 축구, 양궁, 태권도 등의 각종 운동 경기에 참여해서 경기 상황을 지켜봐야 해요.",
      "srcPage": 5,
      "srcSentenceEA": 5,
      "srcWordEA": 36
    },
    {
      "srcTextID": "101512",
      "srcText": "\"왜요?\" \"경기의 시작을 알려주는 사람도 심판이고 선수들이 경기를 잘할 수 있게 도와주는 사람도 심판이거든.\" 페어플레이란? '정정당당한 승부', '정당한 대결'을 뜻해요.",
      "srcPage": 9,
      "srcSentenceEA": 5,
      "srcWordEA": 23
    },
    {
      "srcTextID": "101517",
      "srcText": "판정 시비는 어떻게 해결하나요? 모든 스포츠 경기의 참가자는 경기에서 심판의 판정을 인정하겠다는 선언을 한 뒤 경기에 출전해요. 그래서 원칙적으로는 심판 판정 자체를 심판할 수 없지만, 심판의 판정이 악의적인 의도를 가졌다고 판단되면, 분쟁을 심판하는 국제 스포츠중재재판소(CAS)가 있답니다. CAS는 심판의 부정직한 판정을 입증하는 명확한 증거를 요구해요.",
      "srcPage": 15,
      "srcSentenceEA": 4,
      "srcWordEA": 47
    },
    {
      "srcTextID": "101514",
      "srcText": "국제심판의 자격시험, 무엇을 보나요? 체력 테스트 시험. 2005년부터 주심을 뽑을 때 40m 달리기를 6회 실시하고, 매회 1분 30초씩 쉬어요. 남자는 6.2초 안에, 여자는 6.6초 안에 주파해야 하며 2회 실패하면 탈락합니다. 또한, 남녀의 차이에 따라, 30~35초 안에 150m를 전력 질주하고, 35~40초 안에 50m 걷기를 통과해야 하죠.",
      "srcPage": 16,
      "srcSentenceEA": 9,
      "srcWordEA": 53
    },
    {
      "srcTextID": "101516",
      "srcText": "심판에 필요한 자격요건은? 규칙에 관한 지식은 물론 경험과 기술, 체력 등이 요구돼요. 특히 축구나 농구 같은 경우, 선수들보다 훨씬 많이 뛰어다니면서 규칙 위반 여부를 살펴야 하므로 선수 못지않은 체력은 필수예요. 또 관련 협회에서 자격 제도를 관리하는 종목은 그에 따른 자격이 필요해요.",
      "srcPage": 17,
      "srcSentenceEA": 4,
      "srcWordEA": 44
    },
    {
      "srcTextID": "106323",
      "srcText": "\"특히 올림픽처럼 세계 각국의 선수들이 모인 곳에서 국제 심판의 역할은 정말 중요해. 그리고 선수들이 규칙을 어기면, 선수들에게 경고해야 한단다.\" \"와, 대장이네!\" 국제 심판은 경기 중 선수들의 규칙 위반을 찾아내요.",
      "srcPage": 10,
      "srcSentenceEA": 4,
      "srcWordEA": 31
    },
    {
      "srcTextID": "101518",
      "srcText": "레드카드(Red Card). 스포츠 경기 중 악질적 반칙을 한 선수에게 퇴장 처분을 하기 위해 사용하는 빨간색 카드에요. 축구, 럭비, 배구, 핸드볼 등의 여러 스포츠 종목에서 이용됩니다. 옐로카드(yellow Card) 운동 경기 중 고의로 반칙하거나 스포츠 정신에 어긋난 행동을 한 선수에게 주심이 경고할 때 사용하는, 노란색 카드를 말해요.",
      "srcPage": 18,
      "srcSentenceEA": 4,
      "srcWordEA": 48
    },
    {
      "srcTextID": "101513",
      "srcText": "\"엄마, 우리 경고 카드부터 만들어요!\" \"아까는 유치원에 안 간다며?\" \"히히히, 내가 안 가면 경기를 못 하잖아요. 올림픽이 엉망진창이 되면 안 되니까요.\"",
      "srcPage": 11,
      "srcSentenceEA": 4,
      "srcWordEA": 22
    },
    {
      "srcTextID": "101511",
      "srcText": "\"경기에 심판이 없다면 어떻게 될까?\" 엄마의 질문에 지후는 곰곰이 생각해 보았어요. \"심판이 없다면 경기는 시작되지 못할 거야.\"",
      "srcPage": 8,
      "srcSentenceEA": 3,
      "srcWordEA": 18
    },
    {
      "srcTextID": "106324",
      "srcText": "'오늘은 올림픽 경기의 날' 삑! 지후의 호루라기 소리에 맞춰 올림픽 경기가 시작되었어요. 지후는 선수들 속에서 소리 없이 반짝반짝 빛났답니다.",
      "srcPage": 12,
      "srcSentenceEA": 4,
      "srcWordEA": 22
    },
    {
      "srcTextID": "106325",
      "srcText": "국제심판과 관련 직종은? 프로 스포츠 선수. 프로 스포츠의 종류로는 프로 야구, 프로 축구, 프로 배구 등이 있어요. 이런 스포츠를 직업적으로 전념하는 선수를 말해요. 감독. 감독은 선수의 훈련이나 시합에 대한 계획을 세우고 작전을 지시해요. 스포츠 해설가. 스포츠를 관람하는 사람들에게 쉽고 재미있게 설명해 주는 사람이에요.",
      "srcPage": 13,
      "srcSentenceEA": 8,
      "srcWordEA": 50
    },
    {
      "srcTextID": "101515",
      "srcText": "국제심판이 되려면? 국내에서 1급 심판 자격을 획득한 후 20회 이상 성인 경기에서 주심으로 활동해야 국제심판 시험을 볼 수 있는 자격이 생겨요. 시험은 체력 테스트와 이론으로 나뉘고 혈액 검사, 엑스레이, 내과 검진, 소변검사 등의 종합 검진을 받고 그 결과 서류를 제출해야 해요.",
      "srcPage": 14,
      "srcSentenceEA": 3,
      "srcWordEA": 43
    }
  ]
}