{
  "title": "쿠니의 생각 노트(변리사)",
  "author": "이지수",
  "illustrator": "유희경",
  "isbn": "9788968736650",
  "readAge": "유아",
  "publishedYear": 2020,
  "publisher": "키움북스",
  "classification": "자연탐구",
  "paragraphInfoCount": 17,
  "paragraphInfo": [
    {
      "srcTextID": "118382",
      "srcText": "반짝반짝 숲속, 신비로운 열매를 가꾸는 요정 별리가 살고 있어요. 열매를 얻을 방법은 딱 한 가지! 별리에게 새로운 아이디어를 들려주는 거예요. \"새로운 아이디어가 듣고 싶은데 친구들을 불러볼까?\"",
      "srcPage": 1,
      "srcSentenceEA": 4,
      "srcWordEA": 28
    },
    {
      "srcTextID": "118383",
      "srcText": "친구들과 놀던 앨리는 길에 떨어져 있던 쿠니의 발명노트를 주웠어요. '잠시만 보고 돌려줘야겠다.' 앨리는 망설였지만, 쿠니의 노트를 가지고 집으로 향했어요.",
      "srcPage": 3,
      "srcSentenceEA": 3,
      "srcWordEA": 20
    },
    {
      "srcTextID": "110156",
      "srcText": "쿠니의 노트를 열어본 순간 앨리는 쏟아지는 아이디어에 깜짝 놀랐어요. \"와! 아이디어가 정말 좋다.\" 그리고 앨리도 좋은 아이디어가 떠올랐어요.",
      "srcPage": 4,
      "srcSentenceEA": 3,
      "srcWordEA": 20
    },
    {
      "srcTextID": "110157",
      "srcText": "앨리는 별리 요정을 찾아갔어요. \"별리야, 나 좋은 아이디어가 생각났어!\" 별리는 앨리의 이야기에 귀를 쫑긋하고 들어주었어요.",
      "srcPage": 5,
      "srcSentenceEA": 3,
      "srcWordEA": 16
    },
    {
      "srcTextID": "110158",
      "srcText": "학교에는 벌써 앨리의 소식이 퍼졌어요. \"자, 여러분 앨리가 별리열매를 받았답니다. 모두 축하해주세요\" \"우와! 앨리, 어떤 아이디어야?\" 친구들이 아이디어와 열매를 보여 달라고 했지만 앨리는 마음이 편하지 않았어요. '빨리 쿠니의 노트를 돌려줘야 하는데...'",
      "srcPage": 6,
      "srcSentenceEA": 6,
      "srcWordEA": 34
    },
    {
      "srcTextID": "110159",
      "srcText": "\"앨리야. 너의 아이디어를 들려줘. 여기 반짝이는 열매를 줄게\" '음냐, 별리열매... 나도 꼬마 발명가가 되고 싶어...' 앨리는 잠을 자면서도 온통 별리열매 생각뿐이었지만 아이디어가 없었어요.",
      "srcPage": 7,
      "srcSentenceEA": 5,
      "srcWordEA": 27
    },
    {
      "srcTextID": "110160",
      "srcText": "솔직한 앨리의 마음에 감동한 별리는 앨리에게 한 번 더 기회를 주기로 했어요. 그러자 열매가 다시 빛나기 시작했어요. \"앨리야, 너의 순수한 마음이 이 열매를 다시 빛나게 해 주었어. 그러니 이건 너의 열매야. 쿠니에게도 꼭 사과를 해야 한다는 걸 잊지 마!\"",
      "srcPage": 8,
      "srcSentenceEA": 5,
      "srcWordEA": 42
    },
    {
      "srcTextID": "110161",
      "srcText": "앨리는 별리에게 열매를 돌려주러 갔어요. \"별리야, 난 이 열매를 가질 자격이 없어.\" 이미 특허권을 받은 기술이나 물건은 도용하면 안 돼요. 특허권자는 자신이 이미 특허를 받은 기술이나 물건 등이 자신의 허락도 없이 쓰이는 것을 봤을 때 '특허침해소송'을 할 수 있어요. 이때, 변리사는 특허권자의 대리가 되어, 법원에서 재판하게 되는 것을 도와줍니다.",
      "srcPage": 9,
      "srcSentenceEA": 6,
      "srcWordEA": 53
    },
    {
      "srcTextID": "110162",
      "srcText": "자기만의 아이디어를 가지고 별리의 숲으로 놀러 오세요! 특별한 열매가 기다리고 있어요! 발명가 쿠니와 앨리가 초대장을 받았어요. 쿠니는 초대장을 휙 던지고 우쭐거렸어요. \"나는 열매를 받았으니까 초대장 필요 없지롱!\" 앨리는 별리열매를 자랑하는 쿠니가 부러웠어요.",
      "srcPage": 10,
      "srcSentenceEA": 6,
      "srcWordEA": 36
    },
    {
      "srcTextID": "110164",
      "srcText": "변리사는 특허를 내고자 하는 개인이나 기업이 새로운 기술과 디자인, 상표 등에서 특허권을 얻을 수 있도록 도와주는 사람이랍니다. 변리사가 되려면? 변리사가 되려면 특허청에서 실시하는 변리사 시험에 합격하거나 변호사 시험에 합격해 변리사 등록을 하면 돼요. 변리사를 위한 교육기관은 따로 없으므로 개별적으로 변리사 시험에 응시해요. 법률 과 관련된 일이지만 발명품을 제대로 이해해야 하므로 법학이나 공학을 전공한 사람들이 많아요.",
      "srcPage": 12,
      "srcSentenceEA": 5,
      "srcWordEA": 59
    },
    {
      "srcTextID": "110155",
      "srcText": "'아이디어를 가져오면 별리열매를 드려요!' 별리는 초대장을 만들었어요. \"깡총토끼들아, 어서 다녀와.\" 별리가 마법의 물을 뿌리자 열매는 더욱 반짝거렸어요. 별리의 마법의 열매는 특허청에 아이디어가 등록되면 받을 수 있는 특허권과 같아요.",
      "srcPage": 2,
      "srcSentenceEA": 5,
      "srcWordEA": 31
    },
    {
      "srcTextID": "110163",
      "srcText": "'어! 열매가 빛나지 않네?' 집에 돌아온 앨리는 점점 빛을 잃어 가는 열매를 보며 눈물이 났어요. 앨리는 솔직하게 쿠니의 노트에 대해서 있었던 일을 모두 말했어요. \"그럼, 쿠니의 아이디어를 훔친 거야?\" \"그렇진 않지만, 허락도 없이 쿠니의 노트를 본 것이 마음에 걸려. 이제라도 쿠니에게 가서 사실대로 말하고 용서를 빌어야겠어.\"",
      "srcPage": 11,
      "srcSentenceEA": 6,
      "srcWordEA": 50
    },
    {
      "srcTextID": "110167",
      "srcText": "변리사로서 좋은 점은 무엇이 있을까요? 과학 기술이 발전하면서 변리사의 역할 또한 중요해졌어요. 통신, 생명공학, 로봇공학, 우주공학에 이르기까지 새로운 기술에 대한 특허가 중요한 재산으로 인식되고 있으며, 나아가 국가 경쟁력에도 큰 영향을 끼치고 있어요. 그에 따라 변리사의 역할도 더욱 중요해지고 있답니다.",
      "srcPage": 15,
      "srcSentenceEA": 4,
      "srcWordEA": 42
    },
    {
      "srcTextID": "110168",
      "srcText": "변리사로서 힘든 점은 무엇이 있을까요? 매일같이 발전하는 첨단 기술을 다루는 직업이므로 전공 분야에 대한 새로운 지식을 끊임없이 공부해야 해요. 또한, 특허권의 특성 상, 외국의 특허법도 잘 알아야 하고, 외국어 또한 잘해야 해요. 그래서 많은 공부를 해야 하는 것이 힘들게 느껴질 수 있어요.",
      "srcPage": 16,
      "srcSentenceEA": 4,
      "srcWordEA": 45
    },
    {
      "srcTextID": "110169",
      "srcText": "지금부터 준비해 볼까요? 과학과 기술 등의 이공 계열, 그리고 법률을 동시에 다루기 때문에 과학, 사회 분야 모두에 흥미가 있어야 해요. 또 논리적이고 분석적인 사고력을 기르는 것이 중요해요. 이를 위해 평소에 독서를 열심히 하고, 자신의 의견을 글로 정리하는 습관을 지니도록 노력해 보세요!",
      "srcPage": 17,
      "srcSentenceEA": 4,
      "srcWordEA": 44
    },
    {
      "srcTextID": "110165",
      "srcText": "변리사에게 필요한 소질은? 법적 전문지식뿐 아니라 다른 사람이 하고자 하는 이야기를 잘 이해하고 이해시킬 수 있는 소통의 기술이 필요해요. 또한, 문서 와 관련된 일들이 많으므로 문서를 읽고 해석하는 능력을 갖추고 있다면 더욱 좋아요. 그리고 국제화 시대에 맞춰 영어 실력을 갖추는 것이 큰 도움이 돼요.",
      "srcPage": 13,
      "srcSentenceEA": 4,
      "srcWordEA": 47
    },
    {
      "srcTextID": "110166",
      "srcText": "특허청은 사람들의 아이디어와 창작물, 그에 대한 권리를 보호하도록 돕는 정부 기관이에요. 특허 출원은 특허를 받고자 하는 발명자가 특허 출원서라고 하는 문서를 작성해 특허청에 심사를 받기 위해 제출하는 일을 말해요. 특허청에서 심사한 뒤 특허 등록이 가능하다고 판단하면, 발명자에게 특허 결정서를 보내요. 이를 받은 발명자가 특허청에 등록합니다. 이런 등록 과정을 특허 등록이라고 해요.",
      "srcPage": 14,
      "srcSentenceEA": 5,
      "srcWordEA": 55
    }
  ]
}