{
  "title": "동글동글 감자",
  "author": "채영숙, 김미선",
  "illustrator": "정보 없음",
  "isbn": "8990591775",
  "readAge": "유아",
  "publishedYear": 2003,
  "publisher": "생각의 샘",
  "classification": "자연탐구",
  "paragraphInfoCount": 16,
  "paragraphInfo": [
    {
      "srcTextID": "129422",
      "srcText": "감자의 싹에는‘솔라닌’이라는 독이 들어 있기 때문에 먹으면 안 됩니다. 감자에서 싹이 나오고 있어요. 감자 속의 양분은 수분과 양분을 나르는 관을 통해서 싹으로 옮겨집니다. 싹과 감자의 연결 부분에서 뿌리가 뻗어 나와 있어요.",
      "srcPage": 3,
      "srcSentenceEA": 5,
      "srcWordEA": 35
    },
    {
      "srcTextID": "129425",
      "srcText": "줄기의 생장점을 보호하기 위해서 끝 부분이 구부러지면서 자라는 것입니다. 싹에서 자라는 뿌리 싹이 자라면서 많은 뿌리가 땅 속으로 뻗어 갑니다. 뿌리가 잘 자라기 위해서는 충분한 물이 필요합니다. 뿌리에 난 잔뿌리 털 뿌리에서 뻗어 나온 잔뿌리 털은 물과 양분을 빨아들입니다.",
      "srcPage": 5,
      "srcSentenceEA": 4,
      "srcWordEA": 42
    },
    {
      "srcTextID": "129427",
      "srcText": "땅속의 줄기 끝이 부풀어오르는 모습. 줄기에서 뻗은 가지의 끝이 동그랗게 부풀어오릅니다. 2주일 정도가 지나면 팥알만 하게 커집니다. 새끼 감자입니다. 감자가 되는 가지. 감자가 되는 가지는 한 줄기에 10~20개 정도 나옵니다. 싹이 나와서 2~3일 후에 가지가 뻗기 시작하며, 10~15일쯤 자란 후 끝이 부풀기 시작합니다.",
      "srcPage": 8,
      "srcSentenceEA": 10,
      "srcWordEA": 52
    },
    {
      "srcTextID": "129423",
      "srcText": "싹이 자라면 감자와 싹의 연결 부분에서 뿌리가 뻗어 나옵니다. 싹은 얼마 후 땅 위로도 얼굴을 내밉니다. 싹의 끝에는 세포의 수를 늘리는 생장점이 있어요. 이 부분이 부러지면 자랄 수 없어서 보호하기 위해서 끝이 구부러집니다.",
      "srcPage": 2,
      "srcSentenceEA": 4,
      "srcWordEA": 36
    },
    {
      "srcTextID": "129424",
      "srcText": "감자와 싹의 연결 부분에서만 나오던 뿌리는 자라면서 싹의 중간 부분에서도 나오게 됩니다. 굵은 뿌리에서는 다시 잔뿌리들이 옆으로 뻗어 나옵니다. 잔뿌리 털은 땅속의 양분을 흡수하여 줄기나 잎이 자라게 합니다.",
      "srcPage": 4,
      "srcSentenceEA": 3,
      "srcWordEA": 30
    },
    {
      "srcTextID": "129421",
      "srcText": "감자는 양이 풍부하여 샐러드, 감자튀김, 과자, 빵 등 여러 가지 요리로 만들어집니다. 그리고 녹말가루나 물엿 등 요리에 쓰이는 재료들도 감자로 만들어집니다. 감자는 씨로 자라는 것이 아니라 씨감자를 심어서 자랍니다. 감자의 껍질을 살펴보면 움푹 팬 곳이 있는데, 그 안쪽에 줄기와 잎이 될 싹이 들어 있답니다. 이른 봄에 싹이 붙은 씨감자를 땅속에 심으면, 싹이 올라옵니다.",
      "srcPage": 1,
      "srcSentenceEA": 5,
      "srcWordEA": 57
    },
    {
      "srcTextID": "129428",
      "srcText": "잎이 무성해질 무렵, 땅속줄기에서는 하얀 가지가 뻗어 나옵니다. 이것은 감자로 양을 보내게 될 땅속 가지입니다. 2주일 후면 끝이 둥 게 부풀어오릅니다. 잎이 만든 양분이 땅속으로 운반되어 감자를 키우게 된 것입니다.",
      "srcPage": 7,
      "srcSentenceEA": 4,
      "srcWordEA": 33
    },
    {
      "srcTextID": "129426",
      "srcText": "감자의 줄기가 땅 위로 나오면 맨 위에 붙어 있는 잎이 활짝 펼쳐집니다. 잎이 펼쳐지면, 이때부터는 햇빛을 받아서 잎이 양분을 만들기 시작합니다. 줄기 끝에서 잎이 펼쳐집니다.",
      "srcPage": 6,
      "srcSentenceEA": 3,
      "srcWordEA": 27
    },
    {
      "srcTextID": "129429",
      "srcText": "감자를 심은 지 두 달쯤 지나면 감자밭에 꽃봉오리들이 맺히기 시작합니다. 꽃봉오리가 나오고 꽃이 피기 시작하면 땅 속에서는 갑자기 감자 알이 굵어지기 시작합니다. 꽃은 피었다가 2~3일이 지나면 시들어 버립니다. 낮과 밤을 아는 꽃 감자꽃은 낮에는 활짝 피었다가 밤이 되면 오므라듭니다.",
      "srcPage": 9,
      "srcSentenceEA": 5,
      "srcWordEA": 43
    },
    {
      "srcTextID": "129431",
      "srcText": "꽃을 세로로 자른 모습 암술의 밑동에 열매로 자라게 될 씨방이 있어요. 씨방 속에는 씨가 될 밑씨가 자라고 있습니다. 수술과 암술 암술머리에 꽃가루가 묻어 있어요. 꽃봉오리를 가로로 자른 모습 가운데에 암술이 있고, 그 주변을 수술들이 둘러싸고 있어요. 암술 꽃가루가 달라붙기 쉽도록 암술머리 부분이 축축합니다. 수술 끝 부분에 꽃가루가 나오는 구멍이 보입니다.",
      "srcPage": 11,
      "srcSentenceEA": 6,
      "srcWordEA": 55
    },
    {
      "srcTextID": "129435",
      "srcText": "감자는 보통 한 그루에 10~20개 정도가 달립니다. 이 감자들이 알알이 굵어지는 동안 잎과 줄기는 갈색으로 시들어 갑니다. 감자밭이 온통 갈색으로 물들면 감자의 성장도 멈춥니다. 수확 때가 가까워진 것입니다.",
      "srcPage": 15,
      "srcSentenceEA": 5,
      "srcWordEA": 32
    },
    {
      "srcTextID": "129430",
      "srcText": "감자의 꽃잎은 다섯 장이며, 오각형으로 붙어 있는 통꽃입니다. 꽃 속에는 다섯 개의 노란색 수술들이 하나의 암술을 둘러싸고 있습니다. 감자꽃은 위쪽의 꽃자루에 달린 꽃봉오리부터 피기 시작합니다. 감자꽃 빛깔은 품종에 따라 다르지만, 꽃 모양은 모두 똑같습니다.",
      "srcPage": 10,
      "srcSentenceEA": 4,
      "srcWordEA": 37
    },
    {
      "srcTextID": "129432",
      "srcText": "보통의 식물은 암술과 수술이 만나면 열매를 맺지만, 씨감자로 번식하는 감자는 열매를 맺는 일이 드뭅니다. 감자의 열매는 버찌만큼 작고, 속을 잘라 보면 토마토처럼 씨가 들어 있습니다. 감자의 열매를 잘라 보면 속에 토마토와 같은 작은 씨들이 들어 있어요.",
      "srcPage": 12,
      "srcSentenceEA": 3,
      "srcWordEA": 38
    },
    {
      "srcTextID": "129433",
      "srcText": "꽃이 피었다 지고 나면 잎과 줄기는 성장을 멈추고, 땅속의 감자 알들이 굵어지기 시작합니다. 그동안 싹을 키워 내느라 수고했던 씨감자는, 마지막 남은 양분을 모조리 새끼 감자에게 옮겨주고 말라 버립니다. 새끼 감자는 뿌리와 잎에서 보내진 양분을 저장해서 크게 자라납니다.",
      "srcPage": 13,
      "srcSentenceEA": 3,
      "srcWordEA": 39
    },
    {
      "srcTextID": "129434",
      "srcText": "커다란 감자 주변에는 새로운 새끼 감자들이 나오기도 합니다. 알이 굵어지는 감자 꽃이 피고 나면 땅 위의 잎과 줄기는 자라지 않고 땅속의 감자들이 굵어집니다. 이제까지 양분을 주던 씨감자는 시들어서 흙으로 돌아갑니다.",
      "srcPage": 14,
      "srcSentenceEA": 3,
      "srcWordEA": 32
    },
    {
      "srcTextID": "129436",
      "srcText": "한 그루에서 열리는 감자는 10~20개 정도입니다. 수확 때가 가까워지면 더는 크게 자라지 않아요. 수확 때가 되면 잎과 줄기는 갈색으로 변해 갑니다.",
      "srcPage": 16,
      "srcSentenceEA": 4,
      "srcWordEA": 24
    }
  ]
}