{
  "title": "실로 살아가는 곤충들",
  "author": "김미선, 채영숙, 김은정, 박찬",
  "illustrator": "정보 없음",
  "isbn": "8957420193",
  "readAge": "유아",
  "publishedYear": 2003,
  "publisher": "생각의 샘",
  "classification": "자연탐구",
  "paragraphInfoCount": 20,
  "paragraphInfo": [
    {
      "srcTextID": "130398",
      "srcText": "잘라진 나도밤나무 잎을 실로 붙이려고 하는 푸른수리팔랑나비의 애벌레. 고치에서 어른벌레가 되어 나온 푸른큰수리팔랑나비가 파꽃 위에 앉아서 꿀을 빨아먹고 있어요. 잎을 오므려 만든 애벌레의 집.",
      "srcPage": 11,
      "srcSentenceEA": 3,
      "srcWordEA": 26
    },
    {
      "srcTextID": "130406",
      "srcText": "암컷과 수컷 거미가 짝짓기를 하고 난 후, 암컷은 실젖에서 뽑아 낸 실로 알주머니를 만들고 그 속에 알을 납니다. 암컷은 알이 깰 때까지 알주머니를 가지고 다니지만 바위틈, 나뭇잎 위, 나무껍질 속에 숨겨 놓기도 해요. 알주머니 속의 알은 실에 싸여서 겨울을 보내게 됩니다. 암컷은 알이 깰 때까지 알주머니를 가지고 다니기도 하지만, 나뭇잎 위나 나무 껍질 속에 숨겨 놓기도 해요. 알주머니를 가지고 물 속으로 도망치는 물거미 알주머니를 뚫고 새끼들이 나올 때까지 어미거미는 알주머니를 지키기 위해서 어떤 위험과도 맞섭니다.",
      "srcPage": 18,
      "srcSentenceEA": 5,
      "srcWordEA": 79
    },
    {
      "srcTextID": "130408",
      "srcText": "호랑나비 애벌레가 번데기가 될 준비를 서두르고 있어요. 조심조심 줄을 돌립니다. 가느다란 줄이지만, 몸의 무게를 지탱하기에는 충분합니다. 실에 매달린 번데기는 며칠 동안 잠만 잡니다. 그 사이에 아름다운 날개와 빨대 같은 입이 만들어집니다. 아름다운 나비가 될 수 있는 것은 번데기를 지탱하고 있는 실 덕택입니다. 거미줄을 띠처럼 이용하여 나뭇가지에 매달린 호랑나비의 번데기 호랑나비 번데기는 배 끝의 갈고리를 걸 수 있도록 실을 붙입니다. 그 실에 갈고리를 걸고 몸을 돌리면서 띠를 두릅니다. 머리 쪽부터 껍데기를 벗어 나갑니다. 번데기 속에서 들신선나비가 나오고 있어요. 멧노랑나비의 번데기 날개의 모습이 도드라져 보이면 어른벌레가 될 날이 얼마 남지 않았다는 것입니다.",
      "srcPage": 20,
      "srcSentenceEA": 11,
      "srcWordEA": 100
    },
    {
      "srcTextID": "130374",
      "srcText": "실로 짜여진 고치. 팽나무 가지에 달린 저것은 무엇일까요? 주머니 같기도 하고 콩깍지 같기도 합니다.",
      "srcPage": 1,
      "srcSentenceEA": 3,
      "srcWordEA": 16
    },
    {
      "srcTextID": "130383",
      "srcText": "유리산누에나방 애벌레의 고치 만들기. 해질 무렵, 유리산누에나방의 애벌레가 고치 만들기를 시작했어요. 아주 느린 동작으로, 입에서 나오는 실을 둘러 감고 있어요. ",
      "srcPage": 4,
      "srcSentenceEA": 3,
      "srcWordEA": 22
    },
    {
      "srcTextID": "130381",
      "srcText": "바람이 나뭇가지를 흔들면 잠시 동작을 멈춥니다. 그리고 잠시 후 다시 일을 시작합니다. 애벌레는 이 고치 안에서 번데기가 된 다음, 어른벌레로 자라게 됩니다.",
      "srcPage": 5,
      "srcSentenceEA": 3,
      "srcWordEA": 24
    },
    {
      "srcTextID": "130388",
      "srcText": "쐐기나방은 아주 특별한 고치를 만듭니다. 고치마다 무늬가 다 다를 뿐 아니라, 입에서 나온 가는 실로 만들어졌다고는 믿기 어려울 만큼 고치가 매우 튼튼하고 단단합니다. 봄을 맞은 쐐기나방의 고치 감나무 가지에 만들어진 쐐기나방의 고치.",
      "srcPage": 7,
      "srcSentenceEA": 3,
      "srcWordEA": 34
    },
    {
      "srcTextID": "130396",
      "srcText": "한복을 지을 때 쓰이는 비단은 바로 누에의 고치에서 뽑아 낸 실로 짜여집니다. 아름다운 비단실을 뽑을 수 있는 누에고치. 누에고치에서 실을 뽑아 짠 비단.",
      "srcPage": 9,
      "srcSentenceEA": 3,
      "srcWordEA": 25
    },
    {
      "srcTextID": "130399",
      "srcText": "푸른큰수리팔랑나비의 애벌레도 실을 능숙하게 사용합니다. 하지만, 고치를 만들 수 있을 만큼의 실을 뽑아 내지는 못합니다. 나뭇잎을 둥글게 말아서 집을 만들 때, 접착제처럼 실을 사용할 뿐입니다.",
      "srcPage": 10,
      "srcSentenceEA": 3,
      "srcWordEA": 27
    },
    {
      "srcTextID": "130403",
      "srcText": "실이 길잡이 역할을 하는 것입니다. 명자나무 나뭇가지에 만들어진 눈나비의 집. 눈나비의 애벌레는 실로 집을 만들고 집의 표시를 해 둡니다.",
      "srcPage": 15,
      "srcSentenceEA": 3,
      "srcWordEA": 21
    },
    {
      "srcTextID": "130375",
      "srcText": "자세히 보면, 가느다란 실 같은 것으로 촘촘히 짜여져 있어요. 바로 곤충이 만든 고치입니다. 곤충들이 고치를 만드는 과정과 그 쓰임새를 살펴보기로 해요.",
      "srcPage": 2,
      "srcSentenceEA": 3,
      "srcWordEA": 23
    },
    {
      "srcTextID": "130373",
      "srcText": "나뭇잎과 닮은 녹색의 유리산누에나방의 고치. 유리산누에나방의 애벌레는 상수리나무나 졸참나무, 팽나무 잎을 먹고 자랍니다. 6월경, 길이가 3.5cm 정도의 고치를 만듭니다.",
      "srcPage": 3,
      "srcSentenceEA": 4,
      "srcWordEA": 22
    },
    {
      "srcTextID": "130382",
      "srcText": "유리산누에나방 애벌레는 몸길이가 60mm 정도가 되면 고치를 만들기 시작합니다. 처음에는 나뭇가지에 의지하여 만들기 시작합니다. 애벌레의 몸이 실로 다 뒤덮이면 고치의 한쪽이 가지에서 떨어져 나갑니다. 나뭇가지와 누에가 연결된 부분은 더욱 튼튼하고 정성스럽게 만듭니다. 유리산누에나방 애벌레는 고치 안에서 번데기가 된 다음, 11월경 나방이 되어 나옵니다.",
      "srcPage": 6,
      "srcSentenceEA": 5,
      "srcWordEA": 47
    },
    {
      "srcTextID": "130401",
      "srcText": "어리여치의 나뭇잎 집. 어리여치도 나뭇잎 집을 만듭니다. 잎을 돌돌 말아서 고정시킬 때에는, 입에서 나오는 실을 사용합니다.",
      "srcPage": 12,
      "srcSentenceEA": 3,
      "srcWordEA": 18
    },
    {
      "srcTextID": "130400",
      "srcText": "낮 동안에는 집 안에서 살고, 밤이 되면 먹이를 찾아 돌아다닙니다. 입에서 실을 뽑아서 잎을 고정시키는 어리여치. 어리여치의 나뭇잎 집.",
      "srcPage": 13,
      "srcSentenceEA": 3,
      "srcWordEA": 21
    },
    {
      "srcTextID": "130402",
      "srcText": "눈나비의 애벌레들은 실로 집을 만들고, 집의 표시도 해 둡니다. 식사 때에는 실을 더듬어 집에서 슬슬 기어나옵니다. 식사가 끝나면 다시 실을 더듬어 집으로 돌아옵니다.",
      "srcPage": 14,
      "srcSentenceEA": 3,
      "srcWordEA": 25
    },
    {
      "srcTextID": "130405",
      "srcText": "거미줄이 흔들리는 것으로 먹이가 걸려든 것을 알게 된 것입니다. 거미에게 있어서 거미줄은 훌륭한 사냥 도구가 되는 것입니다. 거미줄에 걸려든 먹이를 거미줄로 휘감는 긴호랑거미 무당거미의 거미줄에 땅벌이 잡혀서 발버둥치지만 벗어날 수가 없답니다.",
      "srcPage": 17,
      "srcSentenceEA": 3,
      "srcWordEA": 33
    },
    {
      "srcTextID": "130407",
      "srcText": "풀잎을 거둬 모은 뒤 거미의 실을 엮어서 자기의 집을 숨기는 새가 있어요. 바로 촉새입니다. 부리를 사용하여 풀어지지 않도록 매듭을 짓는 것도 잊지 않는답니다. 하지만, 거미 입장에서 보면 큰 피해를 보는 셈이지요. 벌레를 잡아 집으로 돌아온 촉새. 촉새는 거미줄을 이용하여 자기의 둥지를 숨기는 영리한 새입니다.",
      "srcPage": 19,
      "srcSentenceEA": 6,
      "srcWordEA": 49
    },
    {
      "srcTextID": "130395",
      "srcText": "비단실이 나오는 누에나방의 고치. 누에나방의 애벌레는 뽕잎을 먹고 자랍니다. 그리고 그 애벌레가 만든 고치에서 아름다운 실을 뽑을 수 있습니다.",
      "srcPage": 8,
      "srcSentenceEA": 3,
      "srcWordEA": 21
    },
    {
      "srcTextID": "130404",
      "srcText": "거미줄에 땅벌 한 마리가 걸렸어요. 벗어나려고 발버둥칠수록 끈적끈적한 줄이 몸에 휘감기고 거미줄이 출 거립니다. 거미줄의 한가운데에 있던 거미가 먹이 쪽을 봅니다.",
      "srcPage": 16,
      "srcSentenceEA": 3,
      "srcWordEA": 23
    }
  ]
}