{
  "title": "쌀이 우리에게 오기까지",
  "author": "채영숙, 김미선",
  "illustrator": "정보 없음",
  "isbn": "8990591678",
  "readAge": "유아",
  "publishedYear": 2003,
  "publisher": "생각의 샘",
  "classification": "자연탐구",
  "paragraphInfoCount": 23,
  "paragraphInfo": [
    {
      "srcTextID": "128790",
      "srcText": "못자리 만들기. 벼를 논에 심기 전, 볍씨에서 5 6장의 잎이 자랄 때까지 기르는 곳을‘못자리’라고 해요. 소독한 종자를 모판에 심고 나서는 알맞은 온도를 유지하기 위해 비닐로 덮어 주고 물관리를 해 주어야 합니다.",
      "srcPage": 3,
      "srcSentenceEA": 4,
      "srcWordEA": 34
    },
    {
      "srcTextID": "128792",
      "srcText": "못자리에서 자란 볏모를 뽑아서 논에 옮겨 심는 일을‘모내기’라고 해요. 못자리에서 뽑은 모를 한 묶음씩 묶어 논으로 옮긴 다음, 3~4포기씩 논에 심습니다. 모내기 후에는 논에 물을 알맞게 대주는 일이 중요합니다.",
      "srcPage": 5,
      "srcSentenceEA": 5,
      "srcWordEA": 33
    },
    {
      "srcTextID": "128799",
      "srcText": "한여름이 되면 줄기를 감싸는 잎 사이에서 어린 이삭이 생깁니다. 밖으로 나온 이삭은 곧 겉껍질이 벌어지면서 수술이 나오게 되는데, 이것이 바로 벼의 꽃입니다. 벼 꽃은 꽃잎과 꽃받침이 없이 수술과 암술로만 이루어져 있어요.",
      "srcPage": 11,
      "srcSentenceEA": 3,
      "srcWordEA": 33
    },
    {
      "srcTextID": "128798",
      "srcText": "수술의 꽃가루가 암술에 묻으면 씨방이 자라기 시작합니다. 벼 꽃이 핀 모습 암술머리에 수술의 꽃가루가 묻어 있는 모습. 꽃가루받이가 끝나고 나면 씨방이 자랍니다.",
      "srcPage": 12,
      "srcSentenceEA": 3,
      "srcWordEA": 24
    },
    {
      "srcTextID": "128800",
      "srcText": "모내기가 끝나고 벼가 자라기 시작하면 해충들이 생겨 논에 피해를 주게 됩니다. 해충이 생기면 논에 이로움을 주는 이로운 벌레가 나타나서 자연적으로 해충을 잡아먹기도 합니다. 그러나 해충이 너무 많아져서 도열병, 흰빛잎마름병,  잎집무늬마름병, 줄무늬잎마름병 등이 생기면 해충을 없애기 위한 농약을 뿌려야 합니다.",
      "srcPage": 13,
      "srcSentenceEA": 3,
      "srcWordEA": 42
    },
    {
      "srcTextID": "128805",
      "srcText": "이삭에서 낟알을 털어 내는 것을‘탈곡’이라고 해요. 벼를 베면 작은 다발로 묶어 말린 다음 탈곡을 하지만, 요즘은 콤바인을 사용해서 벼 베기와 탈곡을 한꺼번에 끝내기도 합니다. 탈곡을 마치고 나면 3일 정도 햇빛에 말린 다음, 자루에 담아서 서늘한 곳에 보관합니다. 농촌의 탈곡 풍경 여러 사람이 모여 공동으로 일하고 있어요.",
      "srcPage": 18,
      "srcSentenceEA": 5,
      "srcWordEA": 50
    },
    {
      "srcTextID": "128808",
      "srcText": "논에서 태어나서 논에서 한살이를 마치는 생물들이 있지만, 먹이를 얻으려고 잠깐씩 찾아오는 것들도 있어요. 벼메뚜기나 이화명나방은 알에서부터 어른벌레가 될 때까지 논에서 사는 해충입니다. 논우렁이도 여러 해 동안 논에서 삽니다.",
      "srcPage": 19,
      "srcSentenceEA": 3,
      "srcWordEA": 30
    },
    {
      "srcTextID": "128810",
      "srcText": "잡풀이 논에서 자라는 시기는 종류에 따라 다릅니다. 여름 논에서 자라는 잡풀로는 피, 개구리밥,  물달개비, 가래, 방동사니 등이 있어요. 이러한 잡풀들은 못자리에 볍씨를 뿌릴 무렵에 싹이 터서 벼와 함께 자랍니다. 그리고 벼가 베어지고 난 뒤의 겨울 논에서는 둑새풀, 벼룩나물, 황새냉이, 논냉이, 개구리자리 등이 자랍니다.",
      "srcPage": 22,
      "srcSentenceEA": 4,
      "srcWordEA": 47
    },
    {
      "srcTextID": "128789",
      "srcText": "봄이 되면 겨우내 얼어 있던 논을 갈아서 뒤집어엎는 작업을 합니다. 이러한 일을‘논갈이’라고 해요. 예전에는 소에 쟁기를 달아서 논갈이 했지만 요즘에는 경운기, 콤바인, 트랙터 등의 기계를 사용하기 때문에 농사일이 훨씬 쉬워졌어요.",
      "srcPage": 2,
      "srcSentenceEA": 4,
      "srcWordEA": 33
    },
    {
      "srcTextID": "128791",
      "srcText": "못자리에 볍씨를 뿌린 지 2 3일이 지나면 뿌리가 나오고 떡잎이 나옵니다. 추위로부터 모를 보호하기 위하여 육묘 하우스를 만들어서 모를 기르기도 해요. 튼튼한 볏모를 만들기 위해서는 좋은 볍씨를 고르는 일과, 물관리를 해 주는 일, 알맞은 온도를 유지해 주는 일이 중요합니다.",
      "srcPage": 4,
      "srcSentenceEA": 3,
      "srcWordEA": 41
    },
    {
      "srcTextID": "128788",
      "srcText": "쌀은‘벼’라는 식물에서 길러지는 열매입니다. 쌀은 우리가 매일 밥을 해 먹는 주식의 재료이며, 세계의 절반 인구가 먹는 식량이기도 합니다. 요즘에는 빵, 과자, 엿, 술 등을 쌀로 만들기도 합니다. 쌀이 어떤 과정을 거쳐서 우리의 식탁에 오르게 되는지 벼의 일 년 과정을 살펴보기로 해요.",
      "srcPage": 1,
      "srcSentenceEA": 4,
      "srcWordEA": 45
    },
    {
      "srcTextID": "128793",
      "srcText": "우리나라에서는 5월 중순부터 시작되어 6월 중순경까지 모내기가 계속됩니다. 못자리에서 뽑은 모를 논으로 옮겨 심은 모습. 모판에 심어 놓았던 모를 논으로 옮겨 심는 모습.",
      "srcPage": 6,
      "srcSentenceEA": 3,
      "srcWordEA": 25
    },
    {
      "srcTextID": "128794",
      "srcText": "벼가 자라는 모습. 벼는 본 줄기에서 새 줄기가 나오고, 새 줄기가 또다시 가지를 치면서 자랍니다. 이처럼 줄기가 늘어나는 것을‘포기벌기’라고 해요.",
      "srcPage": 7,
      "srcSentenceEA": 4,
      "srcWordEA": 23
    },
    {
      "srcTextID": "128801",
      "srcText": "해충의 피해가 심해지면 농약을 뿌리게 됩니다. 벼 줄기를 갉아먹는 나방애벌레. 영글기 시작한 벼 이삭을 먹는 메뚜기. 벼의 겉겨 양분을 흡수하는 노린재.",
      "srcPage": 14,
      "srcSentenceEA": 4,
      "srcWordEA": 24
    },
    {
      "srcTextID": "128803",
      "srcText": "수확을 앞둔 논. 암술과 수술의 꽃가루가 만나면 이삭의 겉껍질이 닫히고 낟알이 살찌기 시작합니다. 이삭이 나온 지 40 50일 후면 낟알의 겉껍질이 누렇게 익어 갑니다.",
      "srcPage": 15,
      "srcSentenceEA": 3,
      "srcWordEA": 26
    },
    {
      "srcTextID": "128802",
      "srcText": "낟알이 익어서 여물면 제 무게를 이기지 못한 이삭은 고개를 숙입니다. 벼 이삭이 노란색으로 익어서 머리를 숙이게 되면 추수가 가까워진 것입니다. 낟알이 익어 가면 제 무게를 이기지 못한 이삭은 고개를 숙입니다.",
      "srcPage": 16,
      "srcSentenceEA": 3,
      "srcWordEA": 32
    },
    {
      "srcTextID": "128796",
      "srcText": "물관리가 중요해요. 논농사에서 가장 중요한 것은 논에 물을 대주는 일입니다. 벼는 못자리에서 싹이 터서 누렇게 익기 전까지 거의 물이 있는 상태에서 자랍니다.",
      "srcPage": 9,
      "srcSentenceEA": 3,
      "srcWordEA": 24
    },
    {
      "srcTextID": "128795",
      "srcText": "포기벌기를 할 때마다 위쪽에는 계속 새 잎이 생겨나고, 아래쪽의 묵은 잎은 시들기 때문에 한 그루의 벼에는 항상 싱싱한 잎이 4 5개씩만 붙어 있게 됩니다. 날씨가 무더워지면 잎들이 풍성해져서 논을 가득 메웁니다. 논으로 옮겨진 벼가 단단하게 뿌리를 내리고 나면 줄기가 쑥쑥 자랍니다.",
      "srcPage": 8,
      "srcSentenceEA": 3,
      "srcWordEA": 43
    },
    {
      "srcTextID": "128809",
      "srcText": "이러한 잡풀들은 가을부터 싹이 터서 추운 겨울과 봄까지 자라다가 벼가 자라기 전에 씨를 맺고 시듭니다. 가래 땅속에 단단하게 뿌리를 박고 두꺼운 잎을 펼치기 때문에 벼가 잘 자라지 못합니다. 개구리밥 물 위를 온통 덮을 만큼 가득 떠 있습니다.",
      "srcPage": 23,
      "srcSentenceEA": 3,
      "srcWordEA": 39
    },
    {
      "srcTextID": "128804",
      "srcText": "이삭이 노랗게 물들어 머리를 숙이면 논에서 벼를 베어 내어야 합니다. 가을에 논과 밭에서 곡식을 거두는 일을 ‘추수’라고 합니다. 벼를 베는 시기는 낟알의 빛깔을 보고 결정하지만, 보통 이삭이 나온 지 40 45일경이면 벼 베기를 합니다. 논에서 잘라 낸 벼는 단으로 묶어서 햇빛에 잘 말립니다. 벼 베기가 끝난 논 벼를 베어서 말리고 있어요.",
      "srcPage": 17,
      "srcSentenceEA": 6,
      "srcWordEA": 56
    },
    {
      "srcTextID": "128806",
      "srcText": "개구리는 논에 알을 낳아서 개구리로 탈바꿈한 다음에는 논과 풀밭을 오가면서 삽니다. 그리고 논에서 사는 생물들을 먹이로 삼는 참새와 백로 등도 논에서 삽니다. 벼가 한창 자랄 무렵의 논에서는 피, 돌피, 물달개비, 가래,  마디꽃 등의 물풀들이 벼와 함께 자라면서 벼의 생장을 방해합니다.",
      "srcPage": 20,
      "srcSentenceEA": 3,
      "srcWordEA": 43
    },
    {
      "srcTextID": "128807",
      "srcText": "그리고 볏 잎을 갉아먹는 벼메뚜기와 벼메뚜기를 잡아먹는 사마귀도 찾아옵니다. 논바닥에서는 논우 이, 송사리, 미꾸라지, 개구리, 뱀 등이 삽니다. 그리고 이러한 생물을 잡아먹는 참새와 백로 등도 논으로 모여듭니다. 논에서 벼와 함께 자라면서 벼의 양분을 가로채서 먹고 자라는 것을‘잡풀’이라고 해요.",
      "srcPage": 21,
      "srcSentenceEA": 5,
      "srcWordEA": 42
    },
    {
      "srcTextID": "128797",
      "srcText": "벼가 자라는 시기에 따라 물을 알맞게 대주어야만 좋은 쌀을 수확할 수가 있어요. 비가 오지 않을 때에는 저수지에서 물을 끌어 논에 공급합니다. 논과 논 사이를 연결하는 배수로 벼가 자라는 시기에 따라 알맞게 물을 대주어야만 좋은 쌀을 수확할 수가 있어요.",
      "srcPage": 10,
      "srcSentenceEA": 3,
      "srcWordEA": 40
    }
  ]
}