{
  "title": "수상한 파란대문 아저씨(문학가)",
  "author": "성은경",
  "illustrator": "박준우",
  "isbn": "9788968737046",
  "readAge": "유아",
  "publishedYear": 2020,
  "publisher": "키움북스",
  "classification": "자연탐구",
  "paragraphInfoCount": 18,
  "paragraphInfo": [
    {
      "srcTextID": "107512",
      "srcText": "방송작가는 방송프로그램의 구성을 함께 기획하고 대본을 작성하는 작가예요. 방송 원고 글을 쓰는 것 이외에도 출연진이나 인터뷰 섭외 업무, 방송의 배경음악 나레이션까지 준비하는 일을 한답니다. 드라마작가, 음악방송작가, 구성작가 등이 있어요.",
      "srcPage": 14,
      "srcSentenceEA": 3,
      "srcWordEA": 31
    },
    {
      "srcTextID": "107513",
      "srcText": "시나리오작가는 영화, 연극, 애니메이션의 시나리오를 쓰는 작가를 시나리오 작가라고 해요. 영상이나 연극을 구성하고 대본을 쓰는 일을 해요. 영화시나리오작가, 연극시나리오작가, 만화스토리작가, 게임시나리오작가, 광고시나리오작가 등이 있어요.",
      "srcPage": 15,
      "srcSentenceEA": 3,
      "srcWordEA": 26
    },
    {
      "srcTextID": "110113",
      "srcText": "'강아지 똥'으로 유명한 권정생 선생님은 작품뿐 아니라 삶 자체로도 우리에게 감동을 주어요. 그는 삶을 마무리 하면서 '인세는 어린이로 인해 생긴 것이니 그들에게 돌려줘야 한다'는 유언과 함께 모든 재산을 사회에 남기기도 했죠. 대표작으로는 '몽실언니', '황소 아저씨', '사과나무밭 달님' 등이 있어요.",
      "srcPage": 16,
      "srcSentenceEA": 9,
      "srcWordEA": 46
    },
    {
      "srcTextID": "107505",
      "srcText": "짜잔, 봐봐! 내 보물 1호! 이건 내가 제일 좋아하는 책이야! 이 탐정 책 속에 나오는 수리 탐정은 사람들의 궁금증을 풀어주는 해결사야.",
      "srcPage": 6,
      "srcSentenceEA": 4,
      "srcWordEA": 24
    },
    {
      "srcTextID": "107506",
      "srcText": "\"엄마, 수리 탐정 같은 사람이 있을까?\" 그러자 엄마는 방긋 웃으며 말씀하셨어. \"글쎄, 하지만 그걸 잘 알고 있는 사람은 있지.\" \"정말? 그게 누군데?\"",
      "srcPage": 7,
      "srcSentenceEA": 4,
      "srcWordEA": 24
    },
    {
      "srcTextID": "107507",
      "srcText": "\"그건 바로 그 책을 쓴 문학가지.\" \"문학가? 이야기를 쓴 사람을 말하는 거야? 그럼 나도 그 문학가를 만나보고 싶어.\" \"그렇다면 엄마가 한번 알아볼게.\"",
      "srcPage": 8,
      "srcSentenceEA": 4,
      "srcWordEA": 24
    },
    {
      "srcTextID": "107501",
      "srcText": "\"쉿! 이 이야기는 정말 정말 비밀이야!\" 우리 동네 파란 대문집 아저씨는 두꺼운 검은 뿔테안경에 고무신, 알록달록 옷을 입은 아저씨야. 요리조리 빙글빙글 이리저리 뱅글뱅글 왔다갔다 이리저리 왔다갔다 요리조리. 정말 수상해! 수상해!",
      "srcPage": 1,
      "srcSentenceEA": 5,
      "srcWordEA": 35
    },
    {
      "srcTextID": "110114",
      "srcText": "라빈드라나드 타고르는 '동방의 등불'이라는 시로 일제 강점기에 탄압받던 우리나라 사람들에게도 희망을 주었던 인도의 시인입니다. 그는 '기탄잘리'라는 시로 아시아인 최초의 노벨 문학상 수상자가 되었고, 세계에 동양문학을 알리는 계기가 되었어요. 대표작으로는 '들꽃', '동방의 등불' 등이 있어요.",
      "srcPage": 17,
      "srcSentenceEA": 8,
      "srcWordEA": 40
    },
    {
      "srcTextID": "110115",
      "srcText": "지금부터 무얼 하면 좋을까요? 무엇보다도 메모하는 습관이 중요해요. 매일 일기나 독서 노트를 쓰는 습작 훈련을 통해 문장력, 표현력 등을 기르고 바른 언어 습관을 지니려고 노력해 요. 그리고 작품을 창작하기 위해서는 다양한 경험이 중요해요. 소재를 쌓아 가며 많은 상상과 탐구를 해보아요.",
      "srcPage": 18,
      "srcSentenceEA": 5,
      "srcWordEA": 44
    },
    {
      "srcTextID": "107510",
      "srcText": "내 보물 1호 수리 탐정을 쓴 문학가 아저씨가 우리 동네에 사는 수상한 아저씨라니! 내가 아저씨를 수상하게 생각한 건 비밀이야! \"아저씨가 수리 탐정을 쓰셨다고요?\" \"처음 이 수리부엉이 인형을 보고 이야기가 떠올랐지.\"",
      "srcPage": 11,
      "srcSentenceEA": 4,
      "srcWordEA": 31
    },
    {
      "srcTextID": "110112",
      "srcText": "어느 날, 파란 대문 아저씨가 친구들을 모아 놓고 이야기를 하는 거야. '어떤 이야기를 하는 걸까? 궁금해.' 하지만 엄마와 함께 그냥 지나쳐야 했어. 정말 수상해! 수상해!",
      "srcPage": 2,
      "srcSentenceEA": 6,
      "srcWordEA": 29
    },
    {
      "srcTextID": "107502",
      "srcText": "파란 대문 아저씨는 이상한 게 한두 가지가 아니야. 우리 동네 공원에서도 그 아저씨를 만난 거야. 나는 살금살금 아저씨 뒤를 따라갔지.",
      "srcPage": 3,
      "srcSentenceEA": 3,
      "srcWordEA": 22
    },
    {
      "srcTextID": "107503",
      "srcText": "'봐. 봐, 정말 이상해!' 아저씨는 공원 안에 사는 모든 것들을 보면서 다정하게 인사를 나누는 거야. 아저씨는 회사에 다니지도 않고, 내가 아는 어른들하고는 정말 달라. \"하늘아, 안녕! 바람아, 안녕! 새들아, 안녕!\"",
      "srcPage": 4,
      "srcSentenceEA": 6,
      "srcWordEA": 35
    },
    {
      "srcTextID": "107508",
      "srcText": "드디어 약속 날. 두근두근 콩닥콩닥 가슴이 마구 뛰었어. 마치 새로운 세계로 모험을 떠나는 것 같았지. 엄마는 직접 구운 쿠키를 예쁜 상자에 담으셨어. \"수리 탐정을 쓴 문학가를 만나러 출발!\"",
      "srcPage": 9,
      "srcSentenceEA": 5,
      "srcWordEA": 31
    },
    {
      "srcTextID": "107509",
      "srcText": "그런데 여기는... 파란 대문 집 앞에 딱 서게 된 거야! 나는 어리둥절한 표정으로 문이 열리길 기다렸어. 왜냐하면, 여기는 그 수상한 아저씨가 사는 집이니까. 잠시 후 아저씨가 엄마와 나를 반겨주셨어. '설마 이 수상한 아저씨가 수리 탐정을 쓴 거야?'",
      "srcPage": 10,
      "srcSentenceEA": 6,
      "srcWordEA": 41
    },
    {
      "srcTextID": "107511",
      "srcText": "문학가는 문학 작품을 쓰고 연구하는 사람을 말해요. 글 작가라고도 불리며 출판, 연극, 영화, 방송을 위한 문학작품을 창작하거나 소설, 시, 동화를 창작해요. 문학가가 되려면? 작가로 활동하기 위한 특별한 자격 제한은 없지만, 대학의 국어국문학과, 문예창작학과 같은 관련 학과에 진학해 교육을 받으면 많은 도움을 받을 수 있어요. 또 글과 관련된 공모전에 도전해 보는 것도 좋은 방법이에요.",
      "srcPage": 12,
      "srcSentenceEA": 5,
      "srcWordEA": 57
    },
    {
      "srcTextID": "107514",
      "srcText": "어떤 능력이 필요한가요? 작가는 타고난 언어감각과 문장력, 표현력, 창의력, 추리력을 갖추어야 하며, 역사나 사회현상 등 다양한 분야에 관심을 가져야 해요. 장시간 작업하는 경우가 많아서 인내력이 요구되며, 사물이나 사람에 대한 세밀한 관찰력과 호기심도 필요해요.",
      "srcPage": 13,
      "srcSentenceEA": 3,
      "srcWordEA": 35
    },
    {
      "srcTextID": "107504",
      "srcText": "내가 창문을 열었는데 파란 대문 아저씨가 옥상에서 하늘을 보며 서 있는 거야! 한참 동안 하늘을 보더니 사진을 찍는 거야. 내가 좋아하는 별을 아저씨도 좋아하는 걸까?",
      "srcPage": 5,
      "srcSentenceEA": 3,
      "srcWordEA": 27
    }
  ]
}