{
  "title": "꽃나무 열매 풍성하네(펀드매니저)",
  "author": "서슬기사벳",
  "illustrator": "이경현",
  "isbn": "9788968736704",
  "readAge": "유아",
  "publishedYear": 2020,
  "publisher": "키움북스",
  "classification": "자연탐구",
  "paragraphInfoCount": 16,
  "paragraphInfo": [
    {
      "srcTextID": "144888",
      "srcText": "결국, 팡이는 사고를 치고 말았어요. 글쎄, 마을의 꽃나무를 훔쳐 다른 마을로 도망가 버린 거죠. 에잇, 무거워.",
      "srcPage": 15,
      "srcSentenceEA": 3,
      "srcWordEA": 18
    },
    {
      "srcTextID": "144879",
      "srcText": "\"어느새 나도 이만큼이나 모았네! 그럼 이제 꽃나무를 하나 사볼까?\" 무는 어린 시절부터 철갑아저씨의 창고 안에 차곡차곡 저금을 해왔어요.",
      "srcPage": 8,
      "srcSentenceEA": 3,
      "srcWordEA": 20
    },
    {
      "srcTextID": "144880",
      "srcText": "그것이 이제는 꽃나무를 살 정도가 되었네요. 철갑 아저씨, 안녕하세요? 무가 모은 열매가 이렇게 많구나!",
      "srcPage": 9,
      "srcSentenceEA": 3,
      "srcWordEA": 16
    },
    {
      "srcTextID": "144886",
      "srcText": "어떤 능력이 필요한가요? 우선 경제에 대한 관심이 많아야 해요. 시장 경제의 흐름과 변화를 분석하고 예측할 수도 있어야 하죠. 또 국내·외 경제 흐름을 파악하기 위해 영어와 컴퓨 터 능력이 요구돼요. 그리고 많은 사람의 재산을 관 리하기 위해서는, 윤리 의식과 책임감이 강해야 해 요. 풍부한 상식과 튼튼한 체력도 필요하죠.",
      "srcPage": 14,
      "srcSentenceEA": 6,
      "srcWordEA": 52
    },
    {
      "srcTextID": "144868",
      "srcText": "수플 마을은 몬스터들이 사는 곳이에요. 이곳에는 열매가 풍성한 꽃나무가 있어요. 꽃나무는 열매를 보관하는 곳이기 때문에, 꽃나무가 있다는 것은 엄청난 부자라는 거예요. 수플 마을은 꽃나무가 있는 부자 마을이었어요.",
      "srcPage": 1,
      "srcSentenceEA": 4,
      "srcWordEA": 30
    },
    {
      "srcTextID": "144870",
      "srcText": "'꽃나무를 팡이가 훔쳐갔어요!' '여보, 어떻게 해요.' '어머나, 세상에!' '꽃나무가 없으면 아무것도 살 수 없어!' '우리 아기는 어떻게 키우지요?'",
      "srcPage": 3,
      "srcSentenceEA": 5,
      "srcWordEA": 18
    },
    {
      "srcTextID": "144878",
      "srcText": "무는 자신을 믿어준 친구들에게 피해를 주기 싫어서 계획을 세우기 시작했지요. 무는 컴퓨터를 치며 일을 해 나갔어요. 와, 정말 신기해! 12달을 모으면 꽃나무를 찾을 수 있겠다!",
      "srcPage": 7,
      "srcSentenceEA": 4,
      "srcWordEA": 28
    },
    {
      "srcTextID": "144882",
      "srcText": "그리고 또, 무는 다른 마을로 조사하러 떠나요. 열매로 이득을 얻을 투자에는 무엇이 있는지 알아보기 위해서지요. 무는 별꽃 마을, 새잎 마을, 풍성 마을 여러 곳을 돌아다녔어요.",
      "srcPage": 10,
      "srcSentenceEA": 3,
      "srcWordEA": 27
    },
    {
      "srcTextID": "144883",
      "srcText": "무는 집으로 돌아와 친구들이 맡겨준 열매가 얼마나 이익을 냈는지 컴퓨터로 확인했어요. 그리고 친구들을 불러 알려주었어요. 밍과 지기는 무의 설명을 들으며 감탄했죠.",
      "srcPage": 11,
      "srcSentenceEA": 3,
      "srcWordEA": 23
    },
    {
      "srcTextID": "144884",
      "srcText": "수플 마을은 무가 새로 사온 꽃나무 열매와 그것을 다시 투자해서 이익을 더 내주는 무 덕분에 이전보다 더 부유해졌어요. 무는 웃었지요. \"이 모든 것이 어릴 적부터 철갑 아저씨 창고에 저축했던 습관 덕분이야!\"",
      "srcPage": 12,
      "srcSentenceEA": 3,
      "srcWordEA": 32
    },
    {
      "srcTextID": "144887",
      "srcText": "펀드매니저가 되려면? 대학에서 경영학, 경제학, 통계학, 회계학, 금융학, 법학 등 관련된 분야의 체계적인 공부가 필요 하지만, 전공은 크게 중요하지 않아요. 그렇지만 투자신탁 회사에서 일하기 위해서는, 일반 운용 전문인력(RFM) 자격증이 꼭 필요해요. 시험 응시 자격은 관련 기관에서 3년 이상 근무한 경력이 있거나, 투자신탁협회·금융 투자교육원 등에 서 관련 교육을 이수한 사람에게 주어져요.",
      "srcPage": 13,
      "srcSentenceEA": 4,
      "srcWordEA": 53
    },
    {
      "srcTextID": "144889",
      "srcText": "소문이라는 것은 참 빨라요. 무를 믿지 않았던 마을 주민들은 무의 집을 하나둘 찾아오기 시작했어요. 자신들의 꽃나무 열매 몫을 무에게 맡기기 위해서죠.",
      "srcPage": 16,
      "srcSentenceEA": 3,
      "srcWordEA": 23
    },
    {
      "srcTextID": "144871",
      "srcText": "이 소식을 알게 된 마을 총장 탕은 주민들에게 말을 했어요. \"우리 마을에 큰일이 났습니다. 팡이가 꽃나무를 가지고 도망가 버렸어요. 이제 우린 어떻게 살아가야 할지...\" 마을에 사는 몬스터들은 모두 걱정에 사로잡혔어요.",
      "srcPage": 2,
      "srcSentenceEA": 5,
      "srcWordEA": 33
    },
    {
      "srcTextID": "144873",
      "srcText": "뒤늦게 소식을 접한 무는 마을 주민들을 모으기 시작해요. \"경제적으로 힘든 지금 도울 수 있는 몬스터는 저밖에 없을 거예요. 각자 갖고 있는 꽃나무 열매를 제게 주시면, 몇 배로 도움을 드리고 마을에도 이득이 될 거예요.\" 그러나 무의 말을 들은 마을 주민들은 시큰둥했어요.",
      "srcPage": 4,
      "srcSentenceEA": 4,
      "srcWordEA": 42
    },
    {
      "srcTextID": "144875",
      "srcText": "주민들이 모여서 이야기했어요. 무를 어떻게 믿느냐고 말들이 많았어요. 여러분, 무를 믿어도 될까요? 그 어린 녀석 말은 절대로 믿으면 안 돼요! 우리 몫의 꽃나무 열매는 우리 집 전 재산이라구요.",
      "srcPage": 5,
      "srcSentenceEA": 5,
      "srcWordEA": 32
    },
    {
      "srcTextID": "144876",
      "srcText": "하지만 무의 친구 밍과 지기는 오래전부터 무가 저축을 해왔다는 것을 알고 있었지요. 밍과 지기는 무를 찾아가 가지고 있던 열매를 내밀었어요. \"우리가 가지고 있는 것의 전부야. 무, 우린 너를 믿어!\" 셋은 서로 바라보며 활짝 웃었어요.",
      "srcPage": 6,
      "srcSentenceEA": 5,
      "srcWordEA": 37
    }
  ]
}