{
  "title": "출동! 지식 탐험대 2 살아 있는 몸, 표현",
  "author": "한슬,최고은,하루",
  "illustrator": "한은영,김잔디,이인화",
  "isbn": "9791165953812",
  "readAge": "유아",
  "publishedYear": 2021,
  "publisher": "아람북스",
  "classification": "자연탐구",
  "paragraphInfoCount": 50,
  "paragraphInfo": [
    {
      "srcTextID": "15186",
      "srcText": "뇌 뇌는 태어날 때부터 호두처럼 쭈글쭈글 주름져 있어요. 사람의 뇌는 동물의 뇌에 비해 주름이 많아요. 입술 음식을 먹거나 말을 할 때 입을 쉽게 벌렸다 오므렸다 하게 해 주어요. ",
      "srcPage": 5,
      "srcSentenceEA": 3,
      "srcWordEA": 30
    },
    {
      "srcTextID": "15187",
      "srcText": "눈가 눈을 움직이거나 표정을 지을 때 눈을 쉽게 감았다 떴다 하게 해 주어요. 목 목을 이리저리 잘 움직이게 해 주어요. 팔꿈치 움직일 때 팔을 쉽게 구부렸다 폈다 하게 해 주어요. ",
      "srcPage": 6,
      "srcSentenceEA": 3,
      "srcWordEA": 32
    },
    {
      "srcTextID": "15192",
      "srcText": "머리털은 색도, 모양도 모두 달라! 머리털의 색은 멜라닌 세포의 종류 중 유멜라닌 세포와 페오멜라닌 세포의 양에 따라 결정되어요. 또, 사람마다 머리털의 모양이 다른 이유는 모낭의 모양 때문이에요. ",
      "srcPage": 10,
      "srcSentenceEA": 3,
      "srcWordEA": 29
    },
    {
      "srcTextID": "15185",
      "srcText": "콧물이 만들어지고 나오는 곳 콧속은 끈끈한 액체로 덮여 있는데, 이를 ‘점액’이라고 해요. 점액은 먼지나 병균들이 몸속으로 들어오지 못하게 막아 주어요. 날씨가 춥거나 병균이 콧속으로 들어오면, 우리 몸은 온도를 조절하고 병균을 내보내기 위해 많은 양의 점액을 만들어요. 이것이 바로 콧물이에요. 콧속에 콧물이 많아지면 코 밖으로 줄줄 흘러나오는 거예요. ",
      "srcPage": 3,
      "srcSentenceEA": 6,
      "srcWordEA": 52
    },
    {
      "srcTextID": "15190",
      "srcText": "우리 몸에는 주름이 아주 많아요. 주름은 피부에도 있고 눈에 보이지 않는 몸속에도 있어요. 우리 몸 어디에 주름이 있는지, 주름 덕분에 어떤 도움을 받는지 알아보아요. ",
      "srcPage": 4,
      "srcSentenceEA": 3,
      "srcWordEA": 26
    },
    {
      "srcTextID": "15189",
      "srcText": "손목 손목을 쉽게 구부렸다 폈다 하며 손을 여러 방향으로 움직이게 해 주어요. 손가락 마디마디 물건을 잡을 때 손가락을 쉽게 구부렸다 폈다 하게 해 주어요.  위 위에는 쭈글쭈글한 주름이 있는데, 음식물이 없을 때는 주름이 뚜렷하게 있다가 음식물이 들어오면 주름이 펴지면서 위의 크기가 커져요. ",
      "srcPage": 7,
      "srcSentenceEA": 3,
      "srcWordEA": 45
    },
    {
      "srcTextID": "15191",
      "srcText": "항문 똥을 눌 때 항문을 쉽게 벌렸다 오므렸다 하게 해 주어요. 무릎 걸을 때 무릎을 쉽게 구부렸다 폈다 하게 해 주어요. 발목 발목을 쉽게 구부렸다 폈다 하며 발을 여러 방향으로 움직이게 해 주어요. 발가락 움직일 때 발가락을 쉽게 구부렸다 폈다 하게 해 주어요. ",
      "srcPage": 8,
      "srcSentenceEA": 4,
      "srcWordEA": 46
    },
    {
      "srcTextID": "15188",
      "srcText": "물속에 오래 있으면 손발에 주름이 왜 생길까? 물속에 오래 있으면 피부 속으로 물이 스며들고, 물이 스며든 부분이 부풀어 올라 피부가 쭈글쭈글해져요. 손과 발에는 지문이 있어 다른 피부에 비해 유난히 더 쭈글쭈글해져요.",
      "srcPage": 9,
      "srcSentenceEA": 3,
      "srcWordEA": 33
    },
    {
      "srcTextID": "15183",
      "srcText": "눈물과 콧물은 어디서 만들어질까? 우리는 기쁘거나 슬플 때, 아플 때에도 눈물이 나요. 또 눈물이 왈칵 날 때나 뜨거운 음식을 먹을 때, 감기에 걸렸을 때에 콧물이 나고요. 눈물과 콧물은 어디서 만들어져 어떻게 나오는 걸까요? ",
      "srcPage": 1,
      "srcSentenceEA": 4,
      "srcWordEA": 36
    },
    {
      "srcTextID": "15184",
      "srcText": "눈물이 만들어지고 나오는 곳 눈물샘 눈물을 만들고 내보내는 기관이에요. 눈물점 눈물이 콧속으로 빠져나가는 길의 입구로, 위아래 눈꺼풀에 있어요. 눈물소관 눈물점에서 눈물주머니까지 뻗은 관이에요. 눈물주머니 눈물소관에서 흐른 눈물이 모이는 주머니예요. 코눈물관 눈물주머니에서 콧구멍으로 통하는 관이에요. ",
      "srcPage": 2,
      "srcSentenceEA": 5,
      "srcWordEA": 38
    },
    {
      "srcTextID": "15222",
      "srcText": "알토 여자가 낼 수 있는 가장 낮은음으로 노래해요. 메조소프라노 소프라노와 알토의 중간 음으로 노래해요. 소프라노 여자가 낼 수 있는 가장 높은음으로 노래해요. 오페라의 경우 주로 여자 주인공을 맡아요.",
      "srcPage": 38,
      "srcSentenceEA": 4,
      "srcWordEA": 31
    },
    {
      "srcTextID": "15195",
      "srcText": "맛을 느끼게 해요 혀에는 맛봉오리가 있어서 단맛, 쓴맛, 짠맛, 신맛 등을 느낄 수 있어요. 음식을 먹는 것을 도와요. 음식과 침이 잘 섞이게 해 주고, 음식을 삼킬 수 있게 도와주어요. 말하는 것을 도와요. 입안에서 소리를 만들고, 여러 가지 발음을 할 수 있게 도와주어요. ",
      "srcPage": 14,
      "srcSentenceEA": 5,
      "srcWordEA": 46
    },
    {
      "srcTextID": "15202",
      "srcText": "사람은 누구나 방귀를 뀌어요. 사람마다 방귀 냄새도, 소리도 다르지요. 뿡! 방귀에 관한 재미있는 이야기를 알아보아요.",
      "srcPage": 16,
      "srcSentenceEA": 4,
      "srcWordEA": 18
    },
    {
      "srcTextID": "15200",
      "srcText": "방귀는 왜 냄새가 나요? 방귀는 질소, 이산화 탄소, 수소, 암모니아, 황화수소 등의 성분으로 이루어져 있는데, 이 중 ‘암모니아’와 ‘황화수소’라는 성분은 냄새가 아주 지독해요. 이 성분 때문에 방귀를 뀌면 냄새가 나는 거예요. ",
      "srcPage": 17,
      "srcSentenceEA": 5,
      "srcWordEA": 35
    },
    {
      "srcTextID": "15203",
      "srcText": "어떤 음식을 먹으면 방귀 냄새가 지독해요? 방귀 냄새는 먹는 음식에 따라 달라져요. 지방이나 단백질이 많이 포함된 음식을 먹으면 분해되는 과정에서 황화수소가 만들어져서, 방귀 냄새도 지독해요. 그런 음식으로는 달걀, 우유, 생선, 고기류 등이 있어요. ",
      "srcPage": 18,
      "srcSentenceEA": 4,
      "srcWordEA": 36
    },
    {
      "srcTextID": "15199",
      "srcText": "방귀 소리가 크면 냄새도 더 지독해요? 방귀 소리가 유난히 클 때가 있어요. 방귀 소리가 크면 냄새가 지독할 것 같지만, 사실은 아무 상관이 없어요. 한꺼번에 많은 양의 가스가 항문으로 빠져나오거나, 직장과 항문이 가스를 밀어내는 힘이 세면 방귀 소리가 크게 나요.",
      "srcPage": 19,
      "srcSentenceEA": 4,
      "srcWordEA": 42
    },
    {
      "srcTextID": "15193",
      "srcText": "모낭이 곧으면 곧은 머리털! 모낭은 머리털이 자라는 주머니야. 모낭이 조금 구부러져 있으면 조금 구불구불한 머리털! 모낭이 많이 구부러져 있으면 많이 구불구불한 머리털! 황인종이나 흑인종은 유멜라닌 세포의 양이 많아서 머리털이 갈색이나 검은색이에요. 백인종은 페오멜라닌 세포의 양이 많아서 머리털이 금색이나 붉은색이에요. ",
      "srcPage": 11,
      "srcSentenceEA": 6,
      "srcWordEA": 44
    },
    {
      "srcTextID": "15204",
      "srcText": "하루에 몇 번 방귀를 뀌어요? 건강한 사람은 보통 하루에 10~25번 정도 방귀를 뀌어요. 잠을 자는 동안에도 방귀를 뀌지요. 하루에 10번 넘게 방귀를 뀌지만 자기도 모르는 사이에 뀌어서 알아차리지 못하는 경우가 많아요. ",
      "srcPage": 20,
      "srcSentenceEA": 5,
      "srcWordEA": 35
    },
    {
      "srcTextID": "15201",
      "srcText": "방귀를 참으면 어떻게 돼요? 몸속에 필요하지 않은 가스는 방귀를 통해 몸 밖으로 나가요. 그런데 방귀를 계속 참으면 몸속에 가스가 쌓여서 속이 더부룩하고, 소화가 잘 안될 수 있어요. 또, 대장이 부풀어서 배가 아플 수도 있기 때문에 방귀는 참지 않는 게 좋아요. ",
      "srcPage": 21,
      "srcSentenceEA": 4,
      "srcWordEA": 43
    },
    {
      "srcTextID": "15198",
      "srcText": "껌을 씹으면 방귀를 많이 뀐다고요? 우리 몸속으로 들어온 공기는 방귀가 되어 밖으로 빠져나가요. 껌을 씹으면, 다른 음식을 먹을 때보다 공기를 많이 마시게 되어 방귀를 더 많이 뀌게 되어요.",
      "srcPage": 22,
      "srcSentenceEA": 3,
      "srcWordEA": 30
    },
    {
      "srcTextID": "15209",
      "srcText": "햇빛은 몸에 점을 생기게 하는 것 말고도 우리 몸에 많은 영향을 끼쳐요. 햇빛을 쬐면 우리 몸에 필요한 비타민 D가 만들어지고 기분이 좋아지기도 하지만, 지나치게 오래 쬐면 몸에 좋지 않아요. 햇빛을 오래 쬐면 어떤 일이 생길까요? ",
      "srcPage": 23,
      "srcSentenceEA": 3,
      "srcWordEA": 37
    },
    {
      "srcTextID": "15208",
      "srcText": "햇빛으로부터 피부를 보호하기 위해서는 자외선 차단제를 바르고, 모자를 쓰거나 긴소매와 긴바지 등으로 피부를 가리는 게 좋아요. 햇빛으로부터 눈을 보호하기 위해서는 선글라스를 끼거나 챙이 넓은 모자를 쓰는 것도 좋아요.  햇빛을 막아 주는 양산을 써도 좋아요.",
      "srcPage": 25,
      "srcSentenceEA": 3,
      "srcWordEA": 37
    },
    {
      "srcTextID": "15206",
      "srcText": "자외선 차단제를 바르면 왜 하얘질까? 자외선 차단제를 바르면 피부가 하얘져요. 피부 표면에 만들어지는 미네랄 막이 피부에 흡수되지 않고 자외선을 튕겨 내기 때문이지요. 하지만 자외선을 흡수하는 자외선 차단제의 경우 발라도 하얘지지 않아요.",
      "srcPage": 26,
      "srcSentenceEA": 4,
      "srcWordEA": 34
    },
    {
      "srcTextID": "15211",
      "srcText": "발뒤꿈치 걷고 뛰는 데 중요한 역할을 하고 발 뒤쪽의 균형을 잡아 주어요. 발가락  발끝에 있는 부분으로, 균형을 잡거나 힘을 주어 버틸 수 있게 해 주어요. 발볼 발의 넓적한 부분으로, 발가락과 발등을 연결하는 관절이 있어요. 발허리 잘록하게 들어간 부분으로, 걷거나 달릴 때 발바닥이 받는 충격을 덜어 주어요. ",
      "srcPage": 29,
      "srcSentenceEA": 4,
      "srcWordEA": 50
    },
    {
      "srcTextID": "15221",
      "srcText": "아름다운 목소리로 노래하는 성악가는 남자와 여자가 내는 음의 높낮이에 따라 구분되어요. 낮은음을 내는 베이스부터 높은음을 내는 소프라노의 대표적인 성악가를 알아보아요. 표도르 이바노비치 샬라핀 러시아의 성악가로, 20세기 최고의 베이스 가수로 꼽혀요. 풍부한 성량과 아름다운 음색, 독특한 창법과 뛰어난 연기력으로 유명했어요. ",
      "srcPage": 35,
      "srcSentenceEA": 4,
      "srcWordEA": 42
    },
    {
      "srcTextID": "15218",
      "srcText": "디트리히 피셔디스카우 독일의 성악가로, 20세기 최고의 바리톤 가수로 꼽혀요. 독특한 음색과 완벽한 발음으로 한결같이 높은 수준의 노래를 불렀어요. 루치아노 파바로티 이탈리아의 성악가로, 20세기 테너의 거장으로 불렸어요. 맑고 깨끗한 음색으로 전 세계인에게 사랑을 받았어요. ",
      "srcPage": 36,
      "srcSentenceEA": 4,
      "srcWordEA": 36
    },
    {
      "srcTextID": "15219",
      "srcText": "메리언 앤더슨 미국의 성악가로, 20세기 최고의 알토 가수로 꼽혀요. 정열적이고 강렬한 목소리로 노래했으며, 미국의 메트로폴리탄 오페라 극장에 선 최초의 흑인 가수예요. 크리스타 루트비히 독일의 성악가로, 20세기 최고의 메조소프라노로 꼽혀요. 풍부한 성량과 폭넓은 음역, 뛰어난 연기력으로 사랑받았어요. 마리아 칼라스 미국의 성악가로, 20세기를 대표하는 소프라노 중 한 명이에요. 풍부한 성량으로 노래의 슬픔, 희망 등의 감성을 극적으로 표현했어요. ",
      "srcPage": 37,
      "srcSentenceEA": 6,
      "srcWordEA": 60
    },
    {
      "srcTextID": "15230",
      "srcText": "무용은 음악에 맞춰 몸으로 표현하는 예술 활동이에요. 발레와 현대 무용에 대해 알아보아요.  발레는 음악에 맞추어 몸짓으로 이야기를 표현하는 무용이에요. ‘발레’ 하면 발끝으로 서서 춤추는 모습이 떠올라요. 이것이 발레의 기본자세이지요. 여자 발레 무용수를 ‘발레리나’, 남자 발레 무용수를 ‘발레리노’라고 해요. ",
      "srcPage": 41,
      "srcSentenceEA": 9,
      "srcWordEA": 47
    },
    {
      "srcTextID": "15207",
      "srcText": "자외선 차단제의 PA, SPF는 무슨 뜻일까? 자외선 차단제에는 ‘PA’, ‘SPF’라고 쓰여 있어요. PA는 피부를 늙게 하는 자외선 A 차단 지수이고, SPF는 피부에 화상을 입힐 수 있는 자외선 B 차단 지수예요. PA, SPF가 높을수록 자외선을 잘 막아 주지만 피부에 자극이 될 수 있기 때문에 피부에 맞는 것을 사용해야 해요. ",
      "srcPage": 27,
      "srcSentenceEA": 6,
      "srcWordEA": 53
    },
    {
      "srcTextID": "15196",
      "srcText": "혀는 입 안에 있는 길쭉한 모양의 기관이에요. 동물들은 혀로 냄새를 맡거나, 먹이를 잡아먹어요. 또 몸을 닦거나 몸의 온도를 조절하기도 해요. 그렇다면 사람의 혀는 무슨 일을 할까요? ",
      "srcPage": 13,
      "srcSentenceEA": 4,
      "srcWordEA": 29
    },
    {
      "srcTextID": "15194",
      "srcText": "사람의 머리카락은 몇 개일까? 머리카락의 개수를 세어 본 적이 있나요? 머리카락의 개수는 사람마다 다르지만 보통 8만~10만 개 정도 된다고 해요. 매일 수십 개씩 빠지고, 또 그만큼 새로운 머리카락이 나요. ",
      "srcPage": 12,
      "srcSentenceEA": 5,
      "srcWordEA": 33
    },
    {
      "srcTextID": "15205",
      "srcText": "눈이 상해요 강한 햇빛은 우리 눈을 상하게 해서 염증을 일으키거나 시력을 떨어뜨리기도 해요. 일사병에 걸려요 강한 햇빛 아래에서 오래 놀면, 가슴이 뛰면서 어지럽고 심하면 정신을 잃을 수도 있어요. 피부가 다쳐요 뜨거운 햇빛을 오래 쬐면, 피부에 화상을 입기도 해요.",
      "srcPage": 24,
      "srcSentenceEA": 3,
      "srcWordEA": 40
    },
    {
      "srcTextID": "15212",
      "srcText": "우리가 밖에 나갈 때 항상 신는 신발에는 여러 종류가 있어요. 발을 보호해 주는 여러 가지 신발에 대해 알아보아요. 추울 때 신는 털 부츠 신발 안쪽에 털이 달려 있어 발과 발목을 따뜻하게 해 주어요. ",
      "srcPage": 30,
      "srcSentenceEA": 3,
      "srcWordEA": 35
    },
    {
      "srcTextID": "15217",
      "srcText": "어떤 방법으로 그려 볼까? 오리고, 붙이고, 긁고, 찍는 등 재료와 방법에 따라 다양하게 표현할 수 있어요. 그림을 그리는 여러 가지 방법을 알아보아요. ",
      "srcPage": 32,
      "srcSentenceEA": 3,
      "srcWordEA": 24
    },
    {
      "srcTextID": "15227",
      "srcText": "오케스트라는 여러 연주자들이 각각의 악기를 함께 연주하며 웅장한 음악을 만들어 내요. 여러 개의 현악기, 타악기, 목관 악기, 금관 악기가 어우러져 아름다운 소리를 내지요. 오케스트라의 규모는 목관 악기의 수로 결정되어요. 목관 악기가 2개씩이면 2관 편성, 3개씩이면 3관 편성, 4개씩이면 4관 편성이에요. 목관 악기의 수가 늘어날수록 오케스트라의 규모가 커져요. ",
      "srcPage": 39,
      "srcSentenceEA": 5,
      "srcWordEA": 51
    },
    {
      "srcTextID": "15229",
      "srcText": "플루트 구멍에 입김을 불어 넣어 연주하는 목관 악기로, 목관 악기 중에서 가장 높은 소리를 내요. 피아노 음악을 연주할 때 가장 많이 사용하는 악기예요. 건반을 두드려서 타악기로 보기도 하고, 건반이 현을 튕겨 소리를 내서 현악기로 보기도 해요. ",
      "srcPage": 40,
      "srcSentenceEA": 3,
      "srcWordEA": 38
    },
    {
      "srcTextID": "15197",
      "srcText": "혀를 돌돌 말아 봐! 혀를 오므려 동그랗게 말아 보세요. 혀 말기가 되는 사람도 있고, 안 되는 사람도 있을 거예요. 혀 말기는 대부분 부모님에게 물려받은 유전으로 결정되는데, 간혹 예외도 있어요.",
      "srcPage": 15,
      "srcSentenceEA": 4,
      "srcWordEA": 32
    },
    {
      "srcTextID": "15213",
      "srcText": "우리는 두 발 덕분에 서고 걷고 몸의 균형을 유지할 수 있어요. 부지런히 일하는 발은 어떻게 생겼는지 알아보아요. 발등 발의 윗부분으로, 발의 모양을 유지해 주어요. ",
      "srcPage": 28,
      "srcSentenceEA": 3,
      "srcWordEA": 26
    },
    {
      "srcTextID": "15210",
      "srcText": "더울 때 신는 샌들 발등을 완전히 덮지 않기 때문에 다른 신발에 비해 발이 시원해요. 비 올 때 신는 장화 고무나 비닐 소재로 만들어져서 빗물이 새는 걸 막아 주어요. 달리기할 때 신는 스파이크 슈즈 바닥에 철로 된 징이 박혀 있어 달릴 때 미끄러지지 않고 땅바닥을 디딜 수 있어요. 등산할 때 신는 등산화 질기고 튼튼한 소재로 만들어져서 나뭇가지나 돌에 신발이 잘 찢어지지 않아요.  물놀이할 때 신는 아쿠아 슈즈 물속에서 발을 안전하게 보호해 주고, 미끄러짐을 방지해 주어요. ",
      "srcPage": 31,
      "srcSentenceEA": 5,
      "srcWordEA": 79
    },
    {
      "srcTextID": "15214",
      "srcText": "데칼코마니 종이에 물감을 발라 반으로 접거나 다른 종이에 찍어, 대칭적인 무늬를 만드는 방법이에요. 물감이 흐르거나 섞여서 뜻밖의 무늬가 만들어지기도 해요. 콜라주 잡지, 신문, 책 등에서 그림이나 사진을 오려 붙여서 표현하는 방법이에요. 천이나 나뭇조각, 나뭇잎 등의 재료를 사용하기도 해요. ",
      "srcPage": 33,
      "srcSentenceEA": 4,
      "srcWordEA": 41
    },
    {
      "srcTextID": "15216",
      "srcText": "스크래치 크레파스로 여러 가지 색을 칠하고 그 위에 다른 색을 덧칠해요. 그런 다음 도구로 긁어서 처음에 칠한 색이 나타나게 하는 방법이에요. 긁는 도구에 따라 선 굵기를 다르게 표현할 수 있어요. 프로타주 나뭇잎, 동전, 돌 등 올록볼록한 물체 위에 종이를 대고 크레파스나 색연필로 칠해서 표현하는 방법이에요. 종이 아래에 있는 물체의 무늬가 그대로 베껴져요.",
      "srcPage": 34,
      "srcSentenceEA": 5,
      "srcWordEA": 56
    },
    {
      "srcTextID": "15231",
      "srcText": "안나 파블로바는 러시아 출신으로, 발레 역사상 가장 위대한 발레리나 중 한 명이에요. 세상을 떠나기 전까지 세계 여러 나라를 돌아다니며 멋진 공연을 했어요. 루돌프 누레예프는 러시아 출신으로, 최고의 발레리노예요. 안무가로도 활동하며 러시아의 고전 발레를 다른 나라에 널리 알렸어요. 이사도라 덩컨은 미국 출신의 현대 무용가예요. 형식을 깬 자유롭고 파격적인 무용으로 현대 무용을 이끌었어요.",
      "srcPage": 42,
      "srcSentenceEA": 6,
      "srcWordEA": 56
    },
    {
      "srcTextID": "15235",
      "srcText": "연기란 이야기 속 인물이 되어 목소리, 표정, 몸짓으로 인물의 감정과 행동 등을 표현하는 것을 말해요. 연기를 하는 직업에는 무엇이 있을까요? 성우 목소리로만 연기하는 배우로, 주로 라디오 드라마, 만화 영화, 외국 영화에 목소리를 입혀요. 호흡, 억양, 목소리의 강약, 빠르기 등을 다르게 하여 여러 가지 감정을 표현해요.",
      "srcPage": 43,
      "srcSentenceEA": 4,
      "srcWordEA": 48
    },
    {
      "srcTextID": "15234",
      "srcText": "연극 배우 관객이 직접 보고 있는 연극 무대에서 연기하는 배우예요. 공간이 제한적이고, 관객이 바로 앞에 있기 때문에 훈련된 목소리와 무대에 어울리는 동작이 필요해요. 뮤지컬 배우 뮤지컬 공연에 출연하여 연기하는 배우예요. 뮤지컬 배우는 관객이 직접 보고 있는 무대에서 대사와 함께 노래와 춤으로 감정을 표현해요. 팬터마임 배우 팬터마임은 일반 연극과 다르게 말을 하지 않는 연극이에요. 팬터마임 배우는 대사 없이 표정과 몸짓으로만 감정을 표현해요.",
      "srcPage": 45,
      "srcSentenceEA": 6,
      "srcWordEA": 66
    },
    {
      "srcTextID": "15238",
      "srcText": "카메라는 필름을 넣고 찍는 것부터, 찍자마자 사진이 바로 나오는 것까지 종류가 다양해요. 여러 종류의 카메라에 대해 알아보아요. 뷰카메라 직접 주름상자를 움직여서 초점을 맞출 수 있어요. 전문가용 대형 카메라로, 오래전에 사진관에서 주로 사용했어요. ",
      "srcPage": 46,
      "srcSentenceEA": 4,
      "srcWordEA": 35
    },
    {
      "srcTextID": "15242",
      "srcText": "점자는 앞을 보지 못하는 사람이 손가락으로 더듬어 읽을 수 있게 만든 특수 문자예요.  어린 시절, 송곳에 눈을 찔려 앞을 보지 못하게 된 루이 브라유는 야간 문자를 알게 되었어요. 그 후 오랜 시간 야간 문자를 연구하여 6개의 점으로 이루어진 점자를 만들었어요. 루이 브라유가 만든 알파벳 점자는 오늘날 전 세계에서 사용되고 있어요. ",
      "srcPage": 48,
      "srcSentenceEA": 4,
      "srcWordEA": 54
    },
    {
      "srcTextID": "15241",
      "srcText": "점자는 세계 공통어일까? 전 세계가 공통으로, 6개의 점으로 이루어진 점자를 사용해요. 그렇다고 해서 점자가 세계 공통어는 아니에요. 점자는 각 나라가 사용하는 문자에 기초해서 만들어지기 때문에 언어가 다르면 문자가 다르고, 문자가 다르면 점자도 당연히 달라져요. ",
      "srcPage": 50,
      "srcSentenceEA": 4,
      "srcWordEA": 37
    },
    {
      "srcTextID": "15233",
      "srcText": " TV 드라마 배우, 영화배우 TV 드라마나 영화에 나오는 인물의 배역을 맡아 연기하는 배우예요. 배우의 연기가 영상을 통해 전달되기 때문에, 카메라 앵글에 따라 배우의 표정이 훨씬 더 드러나기 쉬워요. 그래서 표정 연기가 아주 중요해요.  ",
      "srcPage": 44,
      "srcSentenceEA": 3,
      "srcWordEA": 36
    },
    {
      "srcTextID": "15239",
      "srcText": "필름 카메라 필름을 넣고 사진을 찍는 카메라예요. 물체의 모습을 필름에 저장하지요. 카메라로 찍은 뒤 사진으로 뽑아야 찍힌 모습을 볼 수 있어요.  ",
      "srcPage": 47,
      "srcSentenceEA": 3,
      "srcWordEA": 23
    },
    {
      "srcTextID": "15240",
      "srcText": "우리나라의 훈맹정음 훈맹정음은 우리나라 시각 장애인들을 위한 한글 점자로, 1926년에 박두성이 만들었어요. 박두성은 일본 점자를 가르치던 교사였는데, 한글 점자가 없는 사실을 안타까워하며 비밀리에 한글 점자를 만든 거예요. 훈맹정음도 루이 브라유의 점자처럼 6개의 점으로 이루어져 있어요. ",
      "srcPage": 49,
      "srcSentenceEA": 3,
      "srcWordEA": 37
    }
  ]
}