{
  "title": "요술 부채",
  "author": "박설아",
  "illustrator": "홍경주",
  "isbn": "9791165957681",
  "publishedYear": 2022,
  "publisher": "아람북스",
  "paragraphInfoCount": 16,
  "paragraphInfo": [
    {
      "srcTextID": "6035",
      "srcText": "“아니, 웬 부채지? 스님이 놓고 가셨나 보네? 나중에 오다가다 들르면 전해 주게 잘 놔둡시다.” 그나저나 오늘은 유난히 푹푹 찌는구려. ",
      "srcPage": 3,
      "srcSentenceEA": 4,
      "srcWordEA": 22,
      "character": "부채,스님",
      "setting": "오늘은",
      "action": "놓고,가셨나 보네,들르면,전해 주게,놔둡시다",
      "feeling": null,
      "causalRelationship": null,
      "outcomeResolution": null,
      "prediction": null,
      "plotSummaryInfoCount": 1,
      "plotSummaryInfo": {
        "classification": "의사소통",
        "readAge": "초등_고학년",
        "form": "long-form",
        "plotSummaryText": "스님이 부채를 놓고 가서 나중에 들르면 전해 주게 잘 놔두자고 했습니다.",
        "textWordEA": 11
      }
    },
    {
      "srcTextID": "6038",
      "srcText": "날도 더운데 그 부채 좀 써 봅시다. 할머니가 빨간 부채를 들고 팔랑팔랑 부치자, 갑자기 할아버지 코가 엿가락처럼 쭈욱 늘어났어요. 깜짝 놀란 할머니가 파란 부채를 들고 펄렁펄렁 부치자, 이번에는 할아버지 코가 쏘옥 들어가더니 목도 자라목처럼 줄어들었지요. ",
      "srcPage": 4,
      "srcSentenceEA": 3,
      "srcWordEA": 37,
      "character": "부채,할머니,빨간 부채,할아버지 코,엿가락,파란 부채,목,자라목",
      "setting": null,
      "action": "써 봅시다,들고,부치자,늘어났어요,들어가더니,줄어들었지요",
      "feeling": "깜짝 놀란",
      "causalRelationship": null,
      "outcomeResolution": null,
      "prediction": null,
      "plotSummaryInfoCount": 1,
      "plotSummaryInfo": {
        "classification": "의사소통",
        "readAge": "초등_고학년",
        "form": "short-form",
        "plotSummaryText": "할머니가 빨간 부채를 들고 부치자 할아버지 코가 늘어났고, 깜짝 놀란 할머니가 파란 부채를 들고 부치자 할아버지 코가 들어가더니 목도 자라목처럼 줄어들었습니다.",
        "textWordEA": 21
      }
    },
    {
      "srcTextID": "6039",
      "srcText": "“미안하네. 이 부채는 내 것이 아니라서 빌려 줄 수가 없네.” 그러지 말고 좀 빌려주게. 그럼, 우리 집 돼지와 바꾸세.",
      "srcPage": 7,
      "srcSentenceEA": 3,
      "srcWordEA": 22,
      "character": "부채,내,우리 집 돼지",
      "setting": null,
      "action": "빌려 줄,빌려 주게,바꾸세",
      "feeling": "미안하네",
      "causalRelationship": null,
      "outcomeResolution": null,
      "prediction": null,
      "plotSummaryInfoCount": 1,
      "plotSummaryInfo": {
        "classification": "의사소통",
        "readAge": "초등_고학년",
        "form": "short-form",
        "plotSummaryText": "이 부채는 빌려 줄 수가 없어 미안하다고 하자, 그러지 말고 빌려주라면서 우리 집 돼지와 바꾸자고 했습니다.",
        "textWordEA": 16
      }
    },
    {
      "srcTextID": "6049",
      "srcText": "욕심쟁이 할아버지가 살려 달라고 외쳤지만, 아무 소용이 없었지요. 욕심쟁이 할아버지는 다시 푸우욱 구름을 뚫고, 와자작 나무를 부수고, 와장창 지붕을 깬 뒤 땅으로 떨어졌어요. 욕심쟁이 할아버지는 퉁퉁 부어오른 코를 잡고서 몇 날 며칠을 끙끙대며 앓다가 죽었어요.",
      "srcPage": 15,
      "srcSentenceEA": 3,
      "srcWordEA": 37,
      "character": "욕심쟁이 할아버지,구름,나무,지붕,코",
      "setting": "땅,몇 날 며칠",
      "action": "살려 달라고,외쳤지만,뚫고,부수고,깬,떨어졌어요,부어오른,잡고서,앓다가,죽었어요",
      "feeling": null,
      "causalRelationship": null,
      "outcomeResolution": null,
      "prediction": null,
      "plotSummaryInfoCount": 1,
      "plotSummaryInfo": {
        "classification": "의사소통",
        "readAge": "초등_고학년",
        "form": "short-form",
        "plotSummaryText": "욕심쟁이 할아버지가 살려 달라고 외쳤지만, 다시 구름을 뚫고 나무와 지붕을 부순 뒤 땅으로 떨어져 몇 날 며칠을 앓다가 죽었습니다.",
        "textWordEA": 19
      }
    },
    {
      "srcTextID": "6043",
      "srcText": "순간 욕심쟁이 할아버지가 부채를 낚아채더니 줄행랑을 쳤어요. “아니, 여보게. 부채 이리 주게나.” 할아버지가 욕심쟁이 할아버지 뒤를 쫓아갔지만, 다람쥐처럼 어찌나 빨리 도망을 가는지 도저히 잡을 수가 없었어요. ",
      "srcPage": 9,
      "srcSentenceEA": 4,
      "srcWordEA": 28,
      "character": "욕심쟁이 할아버지,부채,할아버지,다람쥐",
      "setting": null,
      "action": "낚아채더니,줄행랑을 쳤어요,이리 주게나,쫓아갔지만,도망을 가는지,잡을",
      "feeling": null,
      "causalRelationship": null,
      "outcomeResolution": null,
      "prediction": null,
      "plotSummaryInfoCount": 1,
      "plotSummaryInfo": {
        "classification": "의사소통",
        "readAge": "초등_고학년",
        "form": "long-form",
        "plotSummaryText": "욕심쟁이 할아버지가 부채를 낚아채더니 줄행랑을 쳤고, 부채를 달라며 할아버지가 뒤를 쫓아갔지만, 다람쥐처럼 빨리 도망을 가서 잡을 수가 없었습니다.",
        "textWordEA": 18
      }
    },
    {
      "srcTextID": "6046",
      "srcText": "욕심쟁이 할아버지가 물을 마시는 홍 서방에게 살살 부채질을 했더니, 빠지직 바가지 깨지는 소리가 들리면서 코가 불쑥 튀어나왔어요. “아이고, 내 코! 사, 사람 살려!” ",
      "srcPage": 11,
      "srcSentenceEA": 3,
      "srcWordEA": 24,
      "character": "욕심쟁이 할아버지,물,홍 서방,바가지,코,내",
      "setting": null,
      "action": "마시는,부채질을 했더니,깨지는,들리면서,튀어나왔어요,살려",
      "feeling": null,
      "causalRelationship": null,
      "outcomeResolution": null,
      "prediction": null,
      "plotSummaryInfoCount": 1,
      "plotSummaryInfo": {
        "classification": "의사소통",
        "readAge": "초등_고학년",
        "form": "short-form",
        "plotSummaryText": "욕심쟁이 할아버지가 홍 서방에게 부채질을 했더니, 바가지 깨지는 소리가 들리면서 코가 불쑥 튀어나왔습니다.",
        "textWordEA": 13
      }
    },
    {
      "srcTextID": "6047",
      "srcText": "당장 끌어올려 보거라! “어기영차, 올리세. 어기여차, 당기세.” 그러자 욕심쟁이 할아버지의 몸이 부웅 떠올랐어요. 놀란 할아버지는 얼른 파란 부채를 부쳤어요.",
      "srcPage": 13,
      "srcSentenceEA": 5,
      "srcWordEA": 22,
      "character": "욕심쟁이 할아버지,아버지,파란 부채,몸",
      "setting": null,
      "action": "끌어올려 보거라,올리세,당기세,떠올랐어요,부쳤어요",
      "feeling": "놀란",
      "causalRelationship": null,
      "outcomeResolution": null,
      "prediction": null,
      "plotSummaryInfoCount": 1,
      "plotSummaryInfo": {
        "classification": "의사소통",
        "readAge": "초등_고학년",
        "form": "long-form",
        "plotSummaryText": "당장 끌어올려 보라고 하자, 욕심쟁이 할아버지의 몸이 부웅 떠올라서 놀란 할아버지는 얼른 파란 부채를 부쳤습니다.",
        "textWordEA": 15
      }
    },
    {
      "srcTextID": "6048",
      "srcText": "그랬더니 몸이 더 빠른 속도로 위로 올라가면서 와장창 지붕을 깨고, 와자작 나무를 부수고, 푸우욱 구름을 뚫고, 하늘로 하늘로 올라갔어요. 그런데 그만 코를 잡아당기던 신하들이 코를 놓쳐 버리고 말았어요. “으악, 사람 살려!”",
      "srcPage": 14,
      "srcSentenceEA": 3,
      "srcWordEA": 32,
      "character": "지붕,나무,구름,하늘,코,신하들",
      "setting": null,
      "action": "올라가면서,깨고,부수고,뚫고,올라갔어요,잡아당기던,놓쳐",
      "feeling": null,
      "causalRelationship": null,
      "outcomeResolution": null,
      "prediction": "으악, 사람 살려!",
      "plotSummaryInfoCount": 1,
      "plotSummaryInfo": {
        "classification": "의사소통",
        "readAge": "초등_고학년",
        "form": "short-form",
        "plotSummaryText": "몸이 빠른 속도로 위로 올라가면서 지붕과 나무를 부수고 구름을 뚫으며 하늘로 올라갔는데, 코를 잡아당기던 신하들이 코를 놓치고 말았습니다.",
        "textWordEA": 18
      }
    },
    {
      "srcTextID": "6037",
      "srcText": "산속 깊은 마을에 오순도순 정답게 살아가는 할아버지와 할머니가 있었어요. 어느 날 그 집에 한 스님이 찾아왔어요. “계십니까? 시원한 물 한 대접만 주시겠습니까?”",
      "srcPage": 1,
      "srcSentenceEA": 3,
      "srcWordEA": 24,
      "character": "할아버지,할머니,스님,대접",
      "setting": "산속 깊은 마을,어느 날,그 집",
      "action": "살아가는,찾아왔어요,계십니까,주시겠습니까",
      "feeling": "정답게",
      "causalRelationship": null,
      "outcomeResolution": null,
      "prediction": null,
      "plotSummaryInfoCount": 1,
      "plotSummaryInfo": {
        "classification": "의사소통",
        "readAge": "초등_고학년",
        "form": "short-form",
        "plotSummaryText": "산속 깊은 마을에 정답게 살아가는 할아버지와 할머니에게 어느 날 스님이 찾아와 시원한 물 한 대접만 주시겠냐고 했습니다.",
        "textWordEA": 17
      }
    },
    {
      "srcTextID": "6045",
      "srcText": "“휴, 이제는 안 쫓아오겠지? 이 요술 부채를 실험해 봐야 하는데. 옳지, 저기 홍 서방이 있군.”",
      "srcPage": 10,
      "srcSentenceEA": 3,
      "srcWordEA": 17,
      "character": "요술 부채,홍 서방",
      "setting": null,
      "action": "안 쫓아오겠지,실험해 봐야,있군",
      "feeling": null,
      "causalRelationship": null,
      "outcomeResolution": null,
      "prediction": null,
      "plotSummaryInfoCount": 1,
      "plotSummaryInfo": {
        "classification": "의사소통",
        "readAge": "초등_고학년",
        "form": "short-form",
        "plotSummaryText": "이제는 안 쫓아올 거라며 요술 부채를 실험해 봐야 하는데 마침 홍 서방이 있었습니다.",
        "textWordEA": 13
      }
    },
    {
      "srcTextID": "6044",
      "srcText": "“얼씨구나, 좋을시고. 빨간 부채로 코배기 만들고, 파란 부채로 코 고쳐 주고! 이 부채를 이용해서 돈이나 벌어 볼까? 흐흐흐!” 기이한 일이로고. 여봐라! 저것이 무엇이기에 예까지 올라온 것이냐?",
      "srcPage": 12,
      "srcSentenceEA": 7,
      "srcWordEA": 32,
      "character": "빨간 부채,파란 부채,코,부채,코배기",
      "setting": null,
      "action": "만들고,고쳐 주고,이용해서,벌어,올라온",
      "feeling": "좋을시고,기이한",
      "causalRelationship": null,
      "outcomeResolution": null,
      "prediction": null,
      "plotSummaryInfoCount": 1,
      "plotSummaryInfo": {
        "classification": "의사소통",
        "readAge": "초등_고학년",
        "form": "long-form",
        "plotSummaryText": "빨간 부채로 코배기 만들고 파란 부채로 코 고쳐 주며 이 부채를 이용해서 돈이나 벌어 볼까 하면서 저것이 무엇이기에 예까지 올라온 것이냐고 물었습니다.",
        "textWordEA": 22
      }
    },
    {
      "srcTextID": "6036",
      "srcText": "“어휴, 날도 더운데 고생이시네요. 잠시 쉬었다 가시지요?” 스님은 마루에 앉아서 땀을 식히고는 다시 길을 떠났어요.",
      "srcPage": 2,
      "srcSentenceEA": 3,
      "srcWordEA": 17,
      "character": "스님,날,길",
      "setting": "마루",
      "action": "쉬었다 가시지요,앉아서,식히고는,떠났어요",
      "feeling": null,
      "causalRelationship": null,
      "outcomeResolution": null,
      "prediction": null,
      "plotSummaryInfoCount": 1,
      "plotSummaryInfo": {
        "classification": "의사소통",
        "readAge": "초등_고학년",
        "form": "short-form",
        "plotSummaryText": "날도 더운데 고생이라고 잠시 쉬었다 가라고 하자, 스님은 땀을 식히고는 다시 길을 떠났습니다.",
        "textWordEA": 13
      }
    },
    {
      "srcTextID": "6041",
      "srcText": "“거참, 신기하네. 영감, 아무래도 요술 부채인 모양이구려!” 그때 마침 골목을 지나가던 욕심쟁이 할아버지가 이 모습을 보게 되었어요. 여보게, 날이 덥구만.",
      "srcPage": 5,
      "srcSentenceEA": 4,
      "srcWordEA": 23,
      "character": "영감,요술 부채,욕심쟁이 할아버지",
      "setting": "골목",
      "action": "지나가던,보게 되었어요",
      "feeling": "신기하네",
      "causalRelationship": null,
      "outcomeResolution": null,
      "prediction": null,
      "plotSummaryInfoCount": 1,
      "plotSummaryInfo": {
        "classification": "의사소통",
        "readAge": "초등_고학년",
        "form": "long-form",
        "plotSummaryText": "아무래도 요술 부채인 모양이라며 신기하다고 했고, 골목을 지나가던 욕심쟁이 할아버지가 이 모습을 보게 되었습니다.",
        "textWordEA": 14
      }
    },
    {
      "srcTextID": "6042",
      "srcText": "나도 그 부채 좀 빌려주게. 내가 요즘 더워서 잠을 못 자서 말이야. 그 부채로 부치면 잠이 솔솔 올 것 같은데.",
      "srcPage": 6,
      "srcSentenceEA": 3,
      "srcWordEA": 22,
      "character": "나,부채,내",
      "setting": "요즘",
      "action": "빌려 주게,못 자서,부치면,올",
      "feeling": null,
      "causalRelationship": null,
      "outcomeResolution": null,
      "prediction": null,
      "plotSummaryInfoCount": 1,
      "plotSummaryInfo": {
        "classification": "의사소통",
        "readAge": "초등_고학년",
        "form": "short-form",
        "plotSummaryText": "요즘 더워서 잠을 못 자니 그 부채로 부치면 잠이 솔솔 올 것 같다며 부채 좀 빌려주라고 했습니다.",
        "textWordEA": 17
      }
    },
    {
      "srcTextID": "6040",
      "srcText": "아니면 이 노리개는 어떤가? 할아버지는 절대 빌려 줄 수 없다고 손사래를 쳤어요. “에이, 모르겠다. 그럼, 이 수밖에 없지.”",
      "srcPage": 8,
      "srcSentenceEA": 4,
      "srcWordEA": 20,
      "character": "노리개,할아버지,손사래",
      "setting": null,
      "action": "빌려 줄,손사래를 쳤어요",
      "feeling": null,
      "causalRelationship": null,
      "outcomeResolution": null,
      "prediction": null,
      "plotSummaryInfoCount": 1,
      "plotSummaryInfo": {
        "classification": "의사소통",
        "readAge": "초등_고학년",
        "form": "long-form",
        "plotSummaryText": "아니면 노리개는 어떠냐고 하자, 할아버지는 절대 빌려 줄 수 없다고 손사래를 쳤습니다.",
        "textWordEA": 12
      }
    },
    {
      "srcTextID": "145736",
      "srcText": "저런 저런, 욕심쟁이의 욕심은 한도 끝도 없네요. 요술 부채로 부자가 된 욕심쟁이가 또 다른 궁리를 하고 있어요. 욕심쟁이는 이제 요술 부채로 무엇을 할까요? 여러분이 요술 부채의 주인이라고 생각하고 마음껏 상상해 보세요. 그리고 코가 길게 늘어나면 불편하기만 할까요? 혹시 늘어난 코 덕분에 편리한 일은 없는지 한번 생각해 보세요.",
      "srcPage": 16,
      "srcSentenceEA": 6,
      "srcWordEA": 52,
      "character": "요술 부채,부자,욕심쟁이,주인,코",
      "setting": null,
      "action": "늘어나면",
      "feeling": null,
      "causalRelationship": null,
      "outcomeResolution": null,
      "prediction": null,
      "plotSummaryInfoCount": 1,
      "plotSummaryInfo": {
        "classification": "의사소통",
        "readAge": "초등_고학년",
        "form": "long-form",
        "plotSummaryText": "요술 부채로 부자가 된 욕심쟁이가 또 다른 궁리를 하고, 욕심쟁이의 욕심은 끝도 없습니다.",
        "textWordEA": 13
      }
    }
  ]
}