{
  "title": "우화 속 리더십 동화",
  "author": "이원경",
  "illustrator": "최지경",
  "isbn": "9788961911931",
  "publishedYear": 2008,
  "publisher": "한얼교육",
  "paragraphInfoCount": 19,
  "paragraphInfo": [
    {
      "srcTextID": "131350",
      "srcText": "허풍쟁이 사냥꾼. 옛날에 잘난 체하기 좋아하는 사냥꾼이 있었어요. 사냥꾼은 사람들 앞에서 으스대며 말했어요. “내가 사자를 잡아 올 테니 기대하시오.” 숲 속으로 들어간 사냥꾼은 커다란 사자 발자국을 발견했어요. 하지만 막상 발자국을 보자 더럭 겁이 났지요. 두리번두리번, 살금살금. 그러다 사냥꾼은 발자국을 놓치고 말았어요.",
      "srcPage": 1,
      "srcSentenceEA": 8,
      "srcWordEA": 47,
      "character": "사냥꾼,사자",
      "setting": "숲 속",
      "action": "말했어요,들어간,두리번두리번,살금살금,놓치고 말았어요",
      "feeling": "허풍쟁이,좋아하는,겁이 났지요",
      "causalRelationship": null,
      "outcomeResolution": null,
      "prediction": null,
      "plotSummaryInfoCount": 1,
      "plotSummaryInfo": {
        "classification": "의사소통",
        "readAge": "초등_고학년",
        "form": "long-form",
        "plotSummaryText": "사람들 앞에서 잘난 체하기 좋아하는 사냥꾼이 사자를 잡아 오겠다며 숲속으로 들어갔는데, 커다란 사자 발자국을 발견하자 사냥꾼은 더럭 겁이 났고 두리번두리번하다가 발자국을 놓쳤습니다.",
        "textWordEA": 22
      }
    },
    {
      "srcTextID": "131351",
      "srcText": "그때 마침 나무꾼이 그곳을 지나가고 있었어요. 사냥꾼은 또 잘난 체하며 물었지요. “이보게! 혹시 사자 발자국 못 보았나?” 그러자 나무꾼이 커다란 바위를 가리키며 말했어요. “쉿! 사자는 지금 저 뒤에서 낮잠을 자고 있다오.” 그 말을 듣고 놀란 사냥꾼은 갑자기 산을 내려가기 시작했어요. “아, 아니! 그냥 사자 발자국만 찾는 중이었네.” 나무꾼은 그 모습을 보며 끌끌 혀를 찼지요. “말로만 용감하면 뭐하나! 진짜 용기는 행동으로 보여 주는 것이지.”",
      "srcPage": 2,
      "srcSentenceEA": 11,
      "srcWordEA": 71,
      "character": "나무꾼,사냥꾼,사자,바위",
      "setting": "산",
      "action": "지나가고 있었어요,물었지요,가리키며 말했어요,내려가기 시작했어요,혀를 찼지요",
      "feeling": "잘난 체,용감,용기",
      "causalRelationship": null,
      "outcomeResolution": null,
      "prediction": null,
      "plotSummaryInfoCount": 1,
      "plotSummaryInfo": {
        "classification": "의사소통",
        "readAge": "초등_고학년",
        "form": "long-form",
        "plotSummaryText": "나무꾼이 때마침 그곳을 지나가고 있었는데, 잘난 체하며 사냥꾼이 사자 발자국을 못 봤냐고 묻자, 커다란 바위를 가리킨 나무꾼이 저 뒤에서 지금 사자가 낮잠을 자고 있다고 말했는데 사냥꾼은 그 말을 듣고 놀라서 갑자기 산에서 내려가기 시작했습니다.",
        "textWordEA": 34
      }
    },
    {
      "srcTextID": "131353",
      "srcText": "사자와 생쥐. 사자 한 마리가 꾸벅꾸벅 졸고 있는데 생쥐가 실수로 사자의 발등을 꾹 밟았어요. “조그만 녀석이 감히 사자의 낮잠을 깨우다니!” “잘못했어요, 사자님. 용서해 주시면 꼭 은혜를 갚을게요.” “하하하! 네 주제에 은혜를 갚는다고? 이번은 봐줄 테니 어서 가거라.” 사자는 생쥐의 약속이 우스울 뿐이었지요.",
      "srcPage": 4,
      "srcSentenceEA": 8,
      "srcWordEA": 47,
      "character": "사자,생쥐,발등",
      "setting": null,
      "action": "졸고 있는데,밟았어요",
      "feeling": "잘못했어요,용서,은혜,우스울",
      "causalRelationship": null,
      "outcomeResolution": null,
      "prediction": null,
      "plotSummaryInfoCount": 1,
      "plotSummaryInfo": {
        "classification": "의사소통",
        "readAge": "초등_고학년",
        "form": "long-form",
        "plotSummaryText": "생쥐가 실수로 꾸벅꾸벅 졸고 있는 사자의 발등을 꾹 밟고서는, 잘못했다면서 용서해 주시면 은혜를 꼭 갚겠다고 말했는데, 생쥐의 약속이 우스웠던 사자가 이번만은 봐주겠다며 어서 가라고 말했습니다.",
        "textWordEA": 25
      }
    },
    {
      "srcTextID": "131355",
      "srcText": "새장 안 비둘기, 새장 밖 비둘기. 요리사가 비둘기들을 새장 안에 넣고 맛있는 모이를 듬뿍 주었어요. 그러고는 날마다 가장 통통하게 살찐 비둘기를 잡아 요리를 했지요. 영리한 비둘기 한 마리가 말했어요. “이제 모이를 먹지 말자. 살이 찌면 냄비 속에 들어가게 돼.” 하지만 다른 비둘기들은 모이만 보면 참지 못하고 콕콕, 콕콕.",
      "srcPage": 6,
      "srcSentenceEA": 7,
      "srcWordEA": 53,
      "character": "새장,비둘기,요리사,모이,냄비",
      "setting": null,
      "action": "주었어요,잡아,요리를 했지요,말했어요",
      "feeling": "영리한",
      "causalRelationship": null,
      "outcomeResolution": null,
      "prediction": null,
      "plotSummaryInfoCount": 1,
      "plotSummaryInfo": {
        "classification": "의사소통",
        "readAge": "초등_고학년",
        "form": "long-form",
        "plotSummaryText": "새장 안에 비둘기를 넣고 맛있는 모이를 듬뿍 주었던 요리사는 날마다 가장 통통하게 살찐 비둘기를 잡아 요리했는데, 영리한 비둘기 한 마리가 살이 찌면 냄비 속에 들어가게 된다면서 모이를 먹지 말자고 했지만 다른 비둘기들은 모이만 보면 참지 못했습니다.",
        "textWordEA": 36
      }
    },
    {
      "srcTextID": "131356",
      "srcText": "영리한 비둘기는 배가 고파도 꾹 참고 절대로 모이를 먹지 않았어요. 영리한 비둘기는 점점 몸이 마르더니, 새장의 창살 틈으로 쏙 빠져나갔지요. “어? 우리도 같이 가자!” 다른 비둘기들도 새장을 빠져나가려고 했지만 살이 쪄서 우당탕퉁탕, 파닥파닥! 요란한 소리에 화가 난 요리사는 남은 비둘기들을 몽땅 요리해 버렸어요.",
      "srcPage": 7,
      "srcSentenceEA": 5,
      "srcWordEA": 47,
      "character": "비둘기,모이,새장,요리사",
      "setting": null,
      "action": "먹지 않았어요,빠져나갔지요,요리해 버렸어요",
      "feeling": "영리한,화가 난",
      "causalRelationship": null,
      "outcomeResolution": null,
      "prediction": null,
      "plotSummaryInfoCount": 1,
      "plotSummaryInfo": {
        "classification": "의사소통",
        "readAge": "초등_고학년",
        "form": "long-form",
        "plotSummaryText": "배가 고파도 꾹 참고 절대로 모이를 먹지 않았던 영리한 비둘기는 점점 몸이 마르게 돼서 새장의 창살 틈으로 쏙 빠져나갔는데, 다른 비둘기들도 새장을 빠져나가려고 했지만 살이 쪄서 나갈 수가 없었고 요리사는 요란한 소리에 화가 나서 남은 비둘기들을 몽땅 요리해 버렸습니다.",
        "textWordEA": 39
      }
    },
    {
      "srcTextID": "131357",
      "srcText": "스무 명의 아들. 한 노인에게 스무 명의 아들이 있었어요. 그런데 이 아들들은 걸핏하면 아옹다옹 다투었어요. 참다못한 노인이 아들들을 불러 모았지요. “얘들아, 화살 한 개씩을 부러뜨려 보거라.” 아들들은 뚝! 뚝! 쉽게 화살을 부러뜨렸어요. “이번에는 화살 스무 개를 한 번에 부러뜨려라.” 하지만 아무도 화살을 부러뜨리지 못했어요. “화살 한 대는 쉽게 부러뜨릴 수 있지만 여러 대를 모으면 부러뜨리기 어렵다. 너희도 힘을 모으면 못할 게 없는데, 왜 부러지기 쉬운 화살이 되려 하느냐!” 스무 명의 아들은 부끄러워 고개를 떨구었어요.",
      "srcPage": 8,
      "srcSentenceEA": 13,
      "srcWordEA": 83,
      "character": "아들,노인,화살",
      "setting": null,
      "action": "다투었어요,불러 모았지요,부러뜨렸어요,못했어요,고개를 떨구었어요",
      "feeling": "어렵다,부끄러워",
      "causalRelationship": null,
      "outcomeResolution": null,
      "prediction": null,
      "plotSummaryInfoCount": 1,
      "plotSummaryInfo": {
        "classification": "의사소통",
        "readAge": "초등_고학년",
        "form": "long-form",
        "plotSummaryText": "한 노인에게 걸핏하면 다투었던 스무 명의 아들이 있었는데, 참다못한 노인이 아들들을 불러 모아서 화살 한 개씩을 부러뜨리라고 말하자 아들들은 쉽게 화살을 부러뜨렸고 화살 스무 개를 한 번에 부러뜨리라고 하자 아무도 화살을 부러뜨리지 못했는데, 화살도 여러 대 모으면 부러뜨리기 어렵다면서 왜 부러지기 쉬운 화살이 되냐고 꾸짖자 스무 명의 아들은 부끄러워서 고개를 떨구었습니다.",
        "textWordEA": 51
      }
    },
    {
      "srcTextID": "131359",
      "srcText": "몹시 화가 난 신은 약속을 어긴 농부에게 벌을 내리기로 했어요. 신은 농부의 꿈에 나타나 말했지요. “약속한 소 백 마리는 잘 받았네. 그 답례로 내일 아침 바닷가에 가면 은 백 냥을 볼 수 있도록 해 주겠네.” 신이 난 농부가 아침 일찍 바닷가로 가자, 무서운 해적들이 기다리고 있었어요! 해적들은 농부를 더도 덜도 아닌 은 백 냥에 아주 먼 나라로 팔아넘겼어요.",
      "srcPage": 10,
      "srcSentenceEA": 6,
      "srcWordEA": 62,
      "character": "신,농부,소,은,해적들",
      "setting": "바닷가,내일 아침",
      "action": "말했지요,가자,팔아넘겼어요",
      "feeling": "화가 난,신이 난,무서운",
      "causalRelationship": null,
      "outcomeResolution": null,
      "prediction": null,
      "plotSummaryInfoCount": 1,
      "plotSummaryInfo": {
        "classification": "의사소통",
        "readAge": "초등_고학년",
        "form": "long-form",
        "plotSummaryText": "신은 몹시 화가 나서 약속을 어긴 농부에게 벌을 내리기로 했는데, 농부의 꿈에 나타난 신이 내일 아침 바닷가에 가면 은 백 냥을 볼 수 있도록 해 주겠다고 말하자 농부는 신이 나서 아침 일찍 바닷가로 갔고 거기에는 무서운 해적들이 기다리고 있었고 해적들은 농부를 더도 덜도 아닌 은 백 냥에 아주 먼 나라로 팔아 넘겼습니다.",
        "textWordEA": 52
      }
    },
    {
      "srcTextID": "131360",
      "srcText": "기울어진 술병. 스승과 제자들이 여행 중에 한 집에 묵게 되었어요. 그런데 그 집에는 기울어진 모양의 술병이 하나 있었어요. 스승은 집 주인인 노인에게 물었어요. “저 기울어진 술병은 무엇인가요?” “네, 돌아가신 저희 아버님께서 저 술병을 보고 깨달음을 얻으셨다 해서 보관하고 있지요.” 노인의 말에 스승은 고개를 끄덕였지요.",
      "srcPage": 11,
      "srcSentenceEA": 7,
      "srcWordEA": 48,
      "character": "술병,스승,제자들,노인,아버님",
      "setting": "집",
      "action": "묵게 되었어요,물었어요,고개를 끄덕였지요",
      "feeling": "깨달음",
      "causalRelationship": null,
      "outcomeResolution": null,
      "prediction": null,
      "plotSummaryInfoCount": 1,
      "plotSummaryInfo": {
        "classification": "의사소통",
        "readAge": "초등_고학년",
        "form": "long-form",
        "plotSummaryText": "스승과 제자들이 여행 중에 한 집에 묵게 되었는데 스승이 저 기울어진 술병은 무엇이냐고 집주인인 노인에게 묻자, 돌아가신 자기 아버님이 술병을 보고 깨달음을 얻었다고 해서 보관하고 있다고 노인이 대답했고 노인의 말에 스승은 고개를 끄덕였습니다.",
        "textWordEA": 33
      }
    },
    {
      "srcTextID": "131361",
      "srcText": "“스승님, 노인의 말이 무슨 뜻인지요?” 그러자 스승이 기울어진 술병에 술을 붓기 시작했어요. 졸졸졸, 술이 중간쯤 차자 술병이 똑바로 서더니, 졸졸졸, 술이 더 차오르자 그만 훌렁 뒤집어졌죠. “술이 너무 많이 차면 술병이 뒤집어지는 것처럼 사람도 뭐든 넘치지 않고 겸손하게 살아야 한단다.” 제자들은 그제야 고개를 끄덕이며 기울어진 술병의 가르침을 마음 깊이 새겼어요.",
      "srcPage": 12,
      "srcSentenceEA": 5,
      "srcWordEA": 53,
      "character": "스승,노인,술병,술,제자들,스승님",
      "setting": null,
      "action": "붓기 시작했어요,고개를 끄덕이며",
      "feeling": "겸손하게,마음 깊이 새겼어요",
      "causalRelationship": null,
      "outcomeResolution": null,
      "prediction": null,
      "plotSummaryInfoCount": 1,
      "plotSummaryInfo": {
        "classification": "의사소통",
        "readAge": "초등_고학년",
        "form": "long-form",
        "plotSummaryText": "노인의 말이 무슨 뜻이냐고 묻자, 스승이 기울어진 술병에 술을 붓기 시작했고 술이 다 차오르자 그만 뒤집어졌는데, 술이 너무 많이 차면 술병이 뒤집어지는 것처럼 사람도 넘치지 않고 겸손하게 살아야 한다고 말하자, 제자들은 고개를 끄덕이며 술병의 가르침을 마음 깊이 새겼습니다.",
        "textWordEA": 38
      }
    },
    {
      "srcTextID": "131362",
      "srcText": "거지와 죽은 쥐. 어느 날, 부자가 게으름뱅이 친구에게 말했어요. “뭐든 열심히 노력만 하면 저기 있는 죽은 쥐를 갖고도 돈을 벌 수 있네.” 마침 거지가 그 집 앞을 지나다가 부자의 이야기를 들었어요. 거지는 죽은 쥐를 주워 들고 어떻게 돈을 벌 수 있을지 곰곰이 생각했어요. 아주 큰 부자에게 게으름뱅이 친구가 있었어요. 그 친구는 부자에게 몇 번씩 돈을 빌려 장사를 했지만 그때마다 실패해 빈털터리가 되었지요.",
      "srcPage": 13,
      "srcSentenceEA": 7,
      "srcWordEA": 67,
      "character": "거지,쥐,부자,친구,돈",
      "setting": "집",
      "action": "말했어요,지나다가,들었어요,주워 들고",
      "feeling": "게으름뱅이,실패",
      "causalRelationship": null,
      "outcomeResolution": null,
      "prediction": null,
      "plotSummaryInfoCount": 1,
      "plotSummaryInfo": {
        "classification": "의사소통",
        "readAge": "초등_고학년",
        "form": "long-form",
        "plotSummaryText": "어느 날, 부자가 게으름뱅이 친구에게 뭐든 열심히 노력만 하면 저기 있는 죽은 쥐를 갖고도 돈을 벌 수 있다고 말했는데, 마침 그 집 앞을 지나가다 부자의 이야기를 들은 거지가 죽은 쥐를 주워 들고는 어떻게 돈을 벌 수 있을지 곰곰이 생각했습니다.",
        "textWordEA": 39
      }
    },
    {
      "srcTextID": "131363",
      "srcText": "거지는 죽은 쥐를 들고 주막으로 갔어요. “이 집 고양이가 쥐를 못 잡는다고요? 죽은 쥐를 가지고 놀다 보면 산 쥐를 잡고 싶은 생각이 들 거요.” 거지는 동전 한 닢에 죽은 쥐를 팔았지요. 그리고 그 돈으로 꿀을 사서 꿀물을 만들고는 과수원 집 머슴에게 꿀물을 주고 바싹 마른 나무 한 그루를 얻었어요. 거지는 그 나무를 뚝딱뚝딱 패서 장작을 만들었어요. 그러고는 장작을 옹기장이에게 주어 옹기 몇 개를 얻었지요. 그 옹기들을 시장에 내다 팔자 제법 많은 돈이 모였어요. 거지는 그 돈으로 장사를 해서 곧 큰 부자가 되었어요.",
      "srcPage": 14,
      "srcSentenceEA": 9,
      "srcWordEA": 89,
      "character": "거지,쥐,고양이,동전,돈,꿀,꿀물,머슴,나무,장작,옹기장이,옹기",
      "setting": "주막,과수원 집,시장",
      "action": "들고,갔어요,팔았지요,사서,만들고는,주고,얻었어요,만들었어요,패서,얻었지요,주어,내다 팔자,장사를 해서",
      "feeling": null,
      "causalRelationship": null,
      "outcomeResolution": null,
      "prediction": null,
      "plotSummaryInfoCount": 1,
      "plotSummaryInfo": {
        "classification": "의사소통",
        "readAge": "초등_고학년",
        "form": "long-form",
        "plotSummaryText": "죽은 쥐를 들고 주막으로 간 거지는 동전 한 닢에 죽은 쥐를 팔았는데, 그 돈으로 꿀물을 만들어서 과수원 집 머슴에게 꿀물을 주고 바싹 마른 나무 한 그루를 얻었는데, 다시 그 나무를 패서 만든 장작을 옹기장이에게 주어서 옹기들을 얻었고, 그것을 시장에 팔자 많은 돈이 모였는데 그 돈으로 장사를 해서 거지는 곧 큰 부자가 되었습니다.",
        "textWordEA": 52
      }
    },
    {
      "srcTextID": "131366",
      "srcText": "두 딸을 가진 아버지. 두 딸을 가진 아버지가 있었어요. 아버지는 큰딸은 농부에게, 작은딸은 옹기장이에게 시집을 보냈지요. 그런데 딸들이 시집을 가고 나자 아버지는 비가 오는 날에도 걱정, 비가 안 오는 날에도 걱정이었어요. 비가 오는 날이면, “작은딸네가 옹기를 못 빚을 텐데.” 비가 안 오는 날이면, “큰딸네가 농사를 망칠 텐데.” 그러자 지혜로운 이웃이 한마디했어요. “비가 오면 큰딸네 농사가 잘되고, 비가 안 오면 작은딸네가 옹기를 잘 빚으니 좋잖소!” 그 말에 농부의 얼굴은 걱정 대신 기쁨으로 가득 찼대요.",
      "srcPage": 17,
      "srcSentenceEA": 11,
      "srcWordEA": 80,
      "character": "아버지,딸,큰딸,농부,작은딸,옹기장이,이웃",
      "setting": null,
      "action": "시집을 보냈지요,한마디했어요",
      "feeling": "걱정,망칠 텐데,지혜로운,좋잖소,기쁨",
      "causalRelationship": null,
      "outcomeResolution": null,
      "prediction": null,
      "plotSummaryInfoCount": 1,
      "plotSummaryInfo": {
        "classification": "의사소통",
        "readAge": "초등_고학년",
        "form": "long-form",
        "plotSummaryText": "큰딸은 농부에게, 작은딸은 옹기장이에게 시집을 보낸 아버지는 비가 오는 날이면, 작은딸네가 옹기를 못 빚을 거라면서 걱정했고 비가 안 오는 날이면 큰딸네가 농사를 망칠 거라고 걱정했는데, 그러자 지혜로운 이웃이 비가 오면 큰딸네 농사가 잘되고, 비가 안 오면 작은딸네가 옹기를 잘 빚으니 좋지 않냐고 말했습니다.",
        "textWordEA": 43
      }
    },
    {
      "srcTextID": "131367",
      "srcText": "까마귀와 산양과 쥐와 거북. 까마귀와 산양과 쥐와 거북은 모습은 달랐지만 아주 친한 친구였어요. 그런데 어느 날, 산양이 사냥꾼의 그물에 걸렸어요. 하늘을 날던 까마귀가 산양을 보고 말했지요. “잠깐만 기다려. 우리가 구해 줄게!” 까마귀는 쥐와 거북에게 그 사실을 알렸어요. 셋은 산양을 구하러 부지런히 달려갔어요.",
      "srcPage": 18,
      "srcSentenceEA": 8,
      "srcWordEA": 48,
      "character": "까마귀,산양,쥐,거북,친구,사냥꾼,그물",
      "setting": null,
      "action": "걸렸어요,날던,말했지요,알렸어요.,달려갔어요",
      "feeling": "친한,부지런히",
      "causalRelationship": null,
      "outcomeResolution": null,
      "prediction": null,
      "plotSummaryInfoCount": 1,
      "plotSummaryInfo": {
        "classification": "의사소통",
        "readAge": "초등_고학년",
        "form": "long-form",
        "plotSummaryText": "까마귀와 산양과 쥐와 거북은 모습은 달랐지만 아주 친한 친구였는데, 어느 날 산양이 사냥꾼의 그물에 걸리자 하늘을 날던 까마귀가 잠깐만 기다리라며 우리가 구해주겠다고 말하고는 부지런히 쥐와 거북에게 그 사실을 알렸습니다.",
        "textWordEA": 29
      }
    },
    {
      "srcTextID": "131368",
      "srcText": "쥐가 이빨로 그물에 구멍을 내자 산양이 빠져나왔어요. 산양을 잡아갈 자루를 들고 오던 사냥꾼이 도망가는 산양을 보고는 뒤를 쫓아갔어요. 그때 거북이 엉금엉금 기어가 사냥꾼의 발을 꽉 물었어요. “아얏!” 사냥꾼이 놀라 멈칫한 순간, 산양은 재빨리 뛰어 도망쳤지요. 화가 난 사냥꾼이 거북을 잡는 사이에 쥐는 자루에다 열심히 구멍을 뚫었어요. 거북은 곧 사냥꾼에게 잡혀 자루에 갇혔지만 자루에 난 구멍으로 쏙 빠져나왔지요. 목숨을 구한 산양이 까마귀와 쥐와 거북에게 말했어요. “얘들아, 정말 고마워!” “이 정도로 뭘, 우리는 친구잖아!”",
      "srcPage": 19,
      "srcSentenceEA": 9,
      "srcWordEA": 78,
      "character": "쥐,그물,산양,자루,사냥꾼,거북이,까마귀,친구",
      "setting": null,
      "action": "빠져나왔어요,구멍을 내자,쫓아갔어요,물었어요,기어가,도망쳤지요,구멍을 뚫었어요,말했어요,빠져나왔지요",
      "feeling": "놀라,화가 난,고마워",
      "causalRelationship": null,
      "outcomeResolution": null,
      "prediction": null,
      "plotSummaryInfoCount": 1,
      "plotSummaryInfo": {
        "classification": "의사소통",
        "readAge": "초등_고학년",
        "form": "long-form",
        "plotSummaryText": "쥐가 그물에 이빨로 구멍을 내자 산양이 빠져나왔고, 사냥꾼이 도망가는 산양을 보고는 뒤를 쫓아갔는데 그때 사냥꾼의 발을 거북이가 엉금엉금 기어가서 콱 물었고 사냥꾼이 놀라 멈칫한 순간, 산양은 재빨리 뛰어 도망쳤는데 사냥꾼이 화가 나서 거북을 잡는 동안 쥐가 자루에다 구멍을 뚫었고 덕분에 사냥꾼에게 잡힌 거북은 자루에 난 구멍으로 쏙 빠져나오게 되었는데, 목숨을 구한 산양이 까마귀와 쥐와 거북에게 고맙다고 말했습니다.",
        "textWordEA": 57
      }
    },
    {
      "srcTextID": "131352",
      "srcText": "제비와 삼씨. 봄이 되자 농부가 밭에 삼씨를 심었어요. “삼이 크게 자라면 그 줄기로 그물을 만들어 새를 잡아야지.” 때마침 날아가던 제비가 농부의 말을 귀 기울여 듣고는 다른 새들에게 전했어요. “얘들아, 삼씨가 자라기 전에 어서 먹어야 해. 농부가 삼 줄기로 그물을 만들어 우리를 잡겠대.” 하지만 아무도 제비의 말에 귀 기울이지 않았어요. “농부가 삼씨를 심었어? 삼이 자라서 여물면 얼마나 맛있는데! 다 자랄 때까지 기다려야지.” 결국 가을이 오자 농부는 삼 줄기로 그물을 만들어서 새들을 몽땅 잡아버렸지 뭐예요.",
      "srcPage": 3,
      "srcSentenceEA": 11,
      "srcWordEA": 80,
      "character": "제비,삼씨,농부,삼,그물,새,줄기",
      "setting": "봄,밭,가을",
      "action": "심었어요,전했어요,잡아버렸지 뭐예요,만들어서",
      "feeling": null,
      "causalRelationship": null,
      "outcomeResolution": null,
      "prediction": null,
      "plotSummaryInfoCount": 1,
      "plotSummaryInfo": {
        "classification": "의사소통",
        "readAge": "초등_고학년",
        "form": "long-form",
        "plotSummaryText": "봄이 되자 농부는 삼씨를 밭에 심으면서, 그물로 새를 잡아야겠다고 말했는데 때마침 날아가던 제비가 농부의 말을 귀 기울여 듣고는 다른 새들에게 그 말을 전했지만 아무도 제비의 말에 귀 기울이지 않았고 결국 가을이 오자 삼 줄기로 그물을 만든 농부가 새들을 몽땅 잡아버렸습니다.",
        "textWordEA": 40
      }
    },
    {
      "srcTextID": "131354",
      "srcText": "며칠 뒤, 사자는 그만 사냥꾼이 쳐 놓은 그물에 걸리고 말았어요. 사자는 옴짝달싹 못하고 으르렁거리기만 했지요. 그때 멀리서 울음소리를 들은 생쥐가 한걸음에 달려오더니 사각사각, 이빨로 그물을 물어뜯어 사자를 구했어요. “생쥐야, 네가 약속을 지켜 내 목숨을 구했구나!” 사자는 생쥐에게 고맙다고 인사했어요.",
      "srcPage": 5,
      "srcSentenceEA": 5,
      "srcWordEA": 42,
      "character": "사자,사냥꾼,그물,생쥐,이빨",
      "setting": "며칠 뒤",
      "action": "걸리고 말았어요,옴짝달싹 못하고,으르렁거리기만 했지요,달려오더니,물어뜯어,인사했어요",
      "feeling": "고맙다",
      "causalRelationship": null,
      "outcomeResolution": null,
      "prediction": null,
      "plotSummaryInfoCount": 1,
      "plotSummaryInfo": {
        "classification": "의사소통",
        "readAge": "초등_고학년",
        "form": "long-form",
        "plotSummaryText": "며칠 뒤, 사냥꾼이 쳐 놓은 그물에 걸리고 만 사자는 옴짝달싹 못 하고 으르렁거리기만 했는데, 멀리서 울음소리를 들은 생쥐가 달려와서 그물을 이빨로 물어뜯어 사자를 구했고, 자기 목숨을 구했다며 사자가 생쥐에게 고맙다고 인사했습니다.",
        "textWordEA": 31
      }
    },
    {
      "srcTextID": "131358",
      "srcText": "팔려 간 농부. 큰 병에 걸린 농부가 신에게 기도했어요. “제 병을 낫게만 해 주시면 소 백 마리를 제물로 바치겠나이다.” 기도를 들은 신은 농부의 병을 씻은 듯이 낫게 해 주었지요. 하지만 막상 병이 낫자 농부는 소를 바치는 게 아까웠어요. ‘옳거니! 이렇게 해 보자.’ 만지작만지작, 주물럭주물럭. 농부는 밀가루로 소 백 마리를 빚어 진짜 소인 것처럼 신께 바쳤어요.",
      "srcPage": 9,
      "srcSentenceEA": 9,
      "srcWordEA": 62,
      "character": "농부,신,소,밀가루",
      "setting": null,
      "action": "기도했어요,빚어,바쳤어요",
      "feeling": "아까웠어요",
      "causalRelationship": null,
      "outcomeResolution": null,
      "prediction": null,
      "plotSummaryInfoCount": 1,
      "plotSummaryInfo": {
        "classification": "의사소통",
        "readAge": "초등_고학년",
        "form": "long-form",
        "plotSummaryText": "큰 병에 걸린 농부가 병을 낫게 해 주면 소 백 마리를 제물로 바치겠다고 신에게 기도했는데, 기도를 들은 신이 농부의 병을 낫게 해 주었지만 농부는 소를 바치는 게 아까워서 밀가루로 소 백 마리를 빚고는 진짜 소인 것처럼 신에게 바쳤습니다.",
        "textWordEA": 38
      }
    },
    {
      "srcTextID": "131364",
      "srcText": "고양이 목에 방울 달기. 사나운 고양이에게 괴롭힘을 당하는 쥐들이 한자리에 모여 회의를 했어요. “도대체 고양이 때문에 살 수가 없어.” “맞아. 이러다가 모두 고양이 밥이 되겠어.” 쥐들은 머리를 맞대고 고민을 했어요. 그때 영리한 쥐 한 마리가 나서며 말했지요. “고양이 목에 방울을 달자! 움직일 때마다 딸랑딸랑 방울이 울릴 테니 그 소리를 듣고 도망치면 잡힐 일이 없잖아.” 쥐들은 모두 손뼉을 치며 좋아라 했어요.",
      "srcPage": 15,
      "srcSentenceEA": 9,
      "srcWordEA": 66,
      "character": "고양이,방울,쥐",
      "setting": null,
      "action": "회의를 했어요,말했지요,손뼉을 치며",
      "feeling": "사나운,괴롭힘,영리한,좋아라 했어요",
      "causalRelationship": null,
      "outcomeResolution": null,
      "prediction": null,
      "plotSummaryInfoCount": 1,
      "plotSummaryInfo": {
        "classification": "의사소통",
        "readAge": "초등_고학년",
        "form": "long-form",
        "plotSummaryText": "사나운 고양이에게 괴롭힘을 당하는 쥐들이 한자리에 모여 회의를 했는데, 고양이 때문에 살 수가 없다면서 쥐들이 머리를 맞대며 고민했고 그때 영리한 쥐 한 마리가 나서서 고양이 목에 방울을 달자고 말했습니다.",
        "textWordEA": 29
      }
    },
    {
      "srcTextID": "131365",
      "srcText": "“그런데 누가 고양이 목에 방울을 달지?” “난 다리를 다쳐서.” “난 고양이 털만 스쳐도 재채기가 나, 에취!” 겁이 난 쥐들은 저마다 핑계를 댔지요. 결국 근사한 계획을 세우고도 실천을 못해서 쥐들은 오늘도 고양이에게 쫓기고 있지요. 야옹야옹, 찍! 찍! 찍!",
      "srcPage": 16,
      "srcSentenceEA": 8,
      "srcWordEA": 42,
      "character": "고양이,방울",
      "setting": null,
      "action": null,
      "feeling": "겁이 난,근사한",
      "causalRelationship": null,
      "outcomeResolution": null,
      "prediction": null,
      "plotSummaryInfoCount": 1,
      "plotSummaryInfo": {
        "classification": "의사소통",
        "readAge": "초등_고학년",
        "form": "long-form",
        "plotSummaryText": "누가 고양이 목에 방울을 달겠냐고 묻자, 겁이 난 쥐들은 다리를 다쳤다거나 고양이 털만 스쳐도 재채기가 난다면서 저마다 핑계를 댔고 결국 쥐들은 근사한 계획을 세우고도 실천을 못해서 오늘도 고양이에게 쫓기고 있답니다.",
        "textWordEA": 30
      }
    }
  ]
}