{
  "title": "방귀 시합",
  "author": "이혜옥, 하늘땅",
  "illustrator": "오승민",
  "isbn": "9791165957919",
  "publishedYear": 2022,
  "publisher": "아람북스",
  "paragraphInfoCount": 17,
  "paragraphInfo": [
    {
      "srcTextID": "7166",
      "srcText": "“내 태어나 저렇게 센 방귀는 처음일세. 아랫마을 방귀쟁이 아낙의 방귀는 소문대로 대단하구먼.” “뭐? 아랫마을 방귀쟁이? 나보다 센 방귀를 뀐단 말이야?” 방귀쟁이 사내는 속이 배배 꼬여 참을 수가 없었어요. ",
      "srcPage": 4,
      "srcSentenceEA": 5,
      "srcWordEA": 32,
      "character": "방귀쟁이 아낙,방귀쟁이 사내",
      "setting": "아랫마을",
      "action": "속이 배배 꼬여,뀐단",
      "feeling": null,
      "causalRelationship": null,
      "outcomeResolution": null,
      "prediction": null,
      "plotSummaryInfoCount": 1,
      "plotSummaryInfo": {
        "classification": "의사소통",
        "readAge": "초등_고학년",
        "form": "long-form",
        "plotSummaryText": "방귀쟁이 사내는 아랫마을 방귀쟁이 아낙이 자기보다 더 센 방귀를 뀐다는 말을 듣고 참을 수가 없었어요.",
        "textWordEA": 15
      }
    },
    {
      "srcTextID": "7170",
      "srcText": "“윗마을 방귀쟁이가 왔소! 어서 나와 보시오!” 하지만 인기척은 없고 누렁이만 멍멍 짖어 댔어요. ",
      "srcPage": 7,
      "srcSentenceEA": 3,
      "srcWordEA": 15,
      "character": "방귀쟁이,누렁이",
      "setting": null,
      "action": "왔소,짖어 댔어요,나와",
      "feeling": null,
      "causalRelationship": null,
      "outcomeResolution": null,
      "prediction": null,
      "plotSummaryInfoCount": 1,
      "plotSummaryInfo": {
        "classification": "의사소통",
        "readAge": "초등_고학년",
        "form": "short-form",
        "plotSummaryText": "윗마을 방귀쟁이가 왔다며 나와 보라고 소리쳤는데 인기척은 없고 누렁이만 짖어 댔다.",
        "textWordEA": 11
      }
    },
    {
      "srcTextID": "7171",
      "srcText": "방귀쟁이 아낙의 집 근처에 가니 구린내가 풍풍 풍겼어요. “옳아, 이 집이구먼.” 방귀쟁이 사내는 사립문을 박차고 들어갔어요. ",
      "srcPage": 6,
      "srcSentenceEA": 3,
      "srcWordEA": 17,
      "character": "방귀쟁이 아낙,방귀쟁이 사내,사립문",
      "setting": "집",
      "action": "들어갔어요",
      "feeling": null,
      "causalRelationship": null,
      "outcomeResolution": null,
      "prediction": null,
      "plotSummaryInfoCount": 1,
      "plotSummaryInfo": {
        "classification": "의사소통",
        "readAge": "초등_고학년",
        "form": "short-form",
        "plotSummaryText": "방귀쟁이 사내는 구린내가 풍기는 방귀쟁이 아낙의 집 사립문을 박차고 들어갔다.",
        "textWordEA": 10
      }
    },
    {
      "srcTextID": "7169",
      "srcText": "“에잇, 내가 올 걸 알고 숨어 버린 거야?” 심술이 난 사내는 참았던 방귀를 냅다 뀌었지요. “깨갱깽깽깽깽!” 검댕이가 된 누렁이가 이리 뛰고 저리 뛰고 야단을 피우자, 방귀쟁이 사내는 그제야 직성이 풀린 듯 집으로 돌아갔어요. ",
      "srcPage": 8,
      "srcSentenceEA": 3,
      "srcWordEA": 35,
      "character": "방귀쟁이 사내,누렁이",
      "setting": null,
      "action": "뀌었지요,뛰고,돌아갔어요",
      "feeling": "심술이 난",
      "causalRelationship": null,
      "outcomeResolution": null,
      "prediction": null,
      "plotSummaryInfoCount": 1,
      "plotSummaryInfo": {
        "classification": "의사소통",
        "readAge": "초등_고학년",
        "form": "short-form",
        "plotSummaryText": "심술이 난 방귀쟁이 사내는 방귀를 냅다 뀌었고 누렁이는 검댕이가 되어 이리 뛰고 저리 뛰고 야단을 피웠다.",
        "textWordEA": 16
      }
    },
    {
      "srcTextID": "7176",
      "srcText": " “아이고, 더는 못 뀌것다.” “아이고, 나도 못 뀌것소.” 힘이 빠진 방귀쟁이 사내와 아낙은 마지막 시합을 하기로 했어요. ",
      "srcPage": 14,
      "srcSentenceEA": 3,
      "srcWordEA": 18,
      "character": "방귀쟁이 사내,아낙",
      "setting": null,
      "action": "시합을 하기로 했어요",
      "feeling": null,
      "causalRelationship": null,
      "outcomeResolution": "힘이 빠진 방귀쟁이 사내와 아낙은 마지막 시합을 하기로 했어요.",
      "prediction": null,
      "plotSummaryInfoCount": 1,
      "plotSummaryInfo": {
        "classification": "의사소통",
        "readAge": "초등_고학년",
        "form": "short-form",
        "plotSummaryText": "더는 못 뀌겠다며 방귀쟁이 사내와 아낙은 결국 힘이 빠졌고 마지막 시합을 하기로 했다.",
        "textWordEA": 13
      }
    },
    {
      "srcTextID": "7175",
      "srcText": "화가 난 윗마을 방귀쟁이 사내가 방귀를 뿡 뀌자, 맷돌이 휙 날아갔어요. 맷돌은 아랫마을 방귀쟁이 아낙네의 지붕 위로 쿵 떨어졌지요. 이번에는 아랫마을 방귀쟁이 아낙이 방귀를 뀌자, 다듬잇돌이 쌩 날아가 윗마을 방귀쟁이네 기둥을 바지직 부러뜨렸어요. ",
      "srcPage": 12,
      "srcSentenceEA": 3,
      "srcWordEA": 35,
      "character": "방귀쟁이 사내,맷돌,방귀쟁이 아낙,다듬잇돌,기둥",
      "setting": "윗마을 방귀쟁이네,지붕 위, 아랫마을",
      "action": "뀌자,날아갔어요,떨어졌어요,날아가,부러뜨렸어요",
      "feeling": "화가 난",
      "causalRelationship": null,
      "outcomeResolution": null,
      "prediction": null,
      "plotSummaryInfoCount": 1,
      "plotSummaryInfo": {
        "classification": "의사소통",
        "readAge": "초등_고학년",
        "form": "short-form",
        "plotSummaryText": "윗마을 방귀쟁이 사내가 방귀를 뀌자, 맷돌이 날아가 아랫마을 방귀쟁이 아낙네 지붕 위로 떨어졌다.",
        "textWordEA": 13
      }
    },
    {
      "srcTextID": "7178",
      "srcText": "그 뒤로도 계속 항아리가 뿡! 솥단지가 뽕! 요강이 뿡! 경대가 뽕! 삼 일 낮 삼 일 밤 동안 뿡뿡 뽕뽕 뿡뿡 뽕뽕, 방귀 시합은 쉬지 않고 계속됐어요. 어찌나 방귀를 뀌어 댔는지 방귀쟁이 사내와 방귀쟁이 아낙은 엉덩이가 욱신욱신했어요. ",
      "srcPage": 13,
      "srcSentenceEA": 6,
      "srcWordEA": 42,
      "character": "항아리,솥단지,요강,경대,방귀쟁이 사내,방귀쟁이 아낙,엉덩이",
      "setting": "삼 일 낮,삼 일 밤",
      "action": "쉬지 않고 계속됐어요,뀌어 댔는지",
      "feeling": null,
      "causalRelationship": null,
      "outcomeResolution": null,
      "prediction": null,
      "plotSummaryInfoCount": 1,
      "plotSummaryInfo": {
        "classification": "의사소통",
        "readAge": "초등_고학년",
        "form": "long-form",
        "plotSummaryText": "방귀쟁이 사내와 방귀쟁이 아낙은 항아리와 솥단지 같은 물건들을 이용하며 계속 방귀 시합을 했고 서로 엉덩이가 욱신욱신했다.",
        "textWordEA": 16
      }
    },
    {
      "srcTextID": "7165",
      "srcText": "아랫마을에는 방귀쟁이 아낙이 살았어요. 아낙의 방귀 또한 어찌나 요란한지 “나 방귀 뀔라요.” 하면 마을 사람들은 귀 틀어막고, 코 틀어막고, 꽁꽁 소 묶어 놓고, 아이 꼭 끌어안고, 난리도 난리도 그런 난리가 없었지요. ",
      "srcPage": 2,
      "srcSentenceEA": 4,
      "srcWordEA": 33,
      "character": "방귀쟁이 아낙,마을 사람들,소,아이,귀,코",
      "setting": "아랫마을",
      "action": "살았어요,귀 틀어막고,묶어 놓고,끌어안고,코 틀어막고",
      "feeling": null,
      "causalRelationship": null,
      "outcomeResolution": null,
      "prediction": null,
      "plotSummaryInfoCount": 1,
      "plotSummaryInfo": {
        "classification": "의사소통",
        "readAge": "초등_고학년",
        "form": "long-form",
        "plotSummaryText": "아랫마을에는 방귀쟁이 아낙이 살고 있었는데 아낙이 방귀를 뀌면 마을 사람들은 귀와 코를 틀어막고 소를 꽁꽁 묶어 놓고. 난리 법석이었다.",
        "textWordEA": 19
      }
    },
    {
      "srcTextID": "7167",
      "srcText": "하루는 방귀쟁이 사내가 낮잠을 늘어지게 자고 있는데 땅이 흔들리고 벽이 쩌억 갈라졌어요. “아이코, 땅이 꺼지려나 하늘이 무너지려나!” 그때 아랫마을에서 한 사람이 헐레벌떡 달려왔어요. ",
      "srcPage": 3,
      "srcSentenceEA": 3,
      "srcWordEA": 24,
      "character": "방귀쟁이 사내,땅,벽,사람,하늘",
      "setting": "아랫마을에서",
      "action": "자고,흔들리고,갈라졌어요,달려왔어요",
      "feeling": null,
      "causalRelationship": null,
      "outcomeResolution": null,
      "prediction": null,
      "plotSummaryInfoCount": 1,
      "plotSummaryInfo": {
        "classification": "의사소통",
        "readAge": "초등_고학년",
        "form": "short-form",
        "plotSummaryText": "어느 날 방귀쟁이 사내가 낮잠을 자고 있었는데 갑자기 땅이 흔들리고 벽이 갈라졌다.",
        "textWordEA": 12
      }
    },
    {
      "srcTextID": "7168",
      "srcText": "참다못한 방귀쟁이 사내는 방귀 잘 나오는 보리밥을 잔뜩 지어 먹었어요. 그러고는 꽁무니를 꾹 틀어막고 아랫마을로 내려갔어요. “흥, 내 방귀가 더 세지. 암, 그렇고말고.” 누구 방귀가 더 센지 가려보자고! ",
      "srcPage": 5,
      "srcSentenceEA": 5,
      "srcWordEA": 31,
      "character": "방귀쟁이 사내,보리밥",
      "setting": "아랫마을",
      "action": "먹었어요,틀어막고,내려갔어요",
      "feeling": null,
      "causalRelationship": null,
      "outcomeResolution": null,
      "prediction": "누구 방귀가 더 센지 가려보자고.",
      "plotSummaryInfoCount": 1,
      "plotSummaryInfo": {
        "classification": "의사소통",
        "readAge": "초등_고학년",
        "form": "long-form",
        "plotSummaryText": "방귀쟁이 사내는 보리밥을 잔뜩 지어 먹고 난 뒤 꽁무니를 꾹 틀어막고 아랫마을로 내려갔다.",
        "textWordEA": 13
      }
    },
    {
      "srcTextID": "7172",
      "srcText": "뒤늦게 방귀쟁이 아낙이 집에 돌아와 보니 온 집 안에 물건들이 이리 뒹굴 저리 뒹굴, 문이란 문은 죄다 덜렁덜렁, 검댕이가 된 누렁이는 펄쩍펄쩍 뛰며 짖어 댔지요. “이게 웬 난리래?” 아낙은 콧구멍을 발랑발랑 냄새를 맡아 보더니 “아이고, 구린내! 윗마을 방귀쟁이 짓이구먼.”",
      "srcPage": 9,
      "srcSentenceEA": 5,
      "srcWordEA": 41,
      "character": "방귀쟁이 아낙,문,누렁이,콧구멍",
      "setting": "집,윗마을",
      "action": "이리 뒹굴 저리 뒹굴,짖어 댔지요,맡아 보더니",
      "feeling": null,
      "causalRelationship": null,
      "outcomeResolution": null,
      "prediction": null,
      "plotSummaryInfoCount": 1,
      "plotSummaryInfo": {
        "classification": "의사소통",
        "readAge": "초등_고학년",
        "form": "long-form",
        "plotSummaryText": "방귀쟁이 아낙이 뒤늦게 집에 돌아왔는데, 온 집 안이 난리가 나 있었고 누렁이는 검댕이가 돼서 펄쩍펄쩍 뛰며 짖어 댔다.",
        "textWordEA": 18
      }
    },
    {
      "srcTextID": "7177",
      "srcText": "“절구통을 방귀로 치고받읍시다!” “절구통을 못 받고 떨어뜨리는 사람이 지는 거요!” 이렇게 해서 방귀 시합은 다시 시작되었지요. ",
      "srcPage": 15,
      "srcSentenceEA": 3,
      "srcWordEA": 17,
      "character": "절구통,사람",
      "setting": null,
      "action": "치고받읍시다,방귀 시합,받고,떨어뜨리는",
      "feeling": null,
      "causalRelationship": null,
      "outcomeResolution": null,
      "prediction": null,
      "plotSummaryInfoCount": 1,
      "plotSummaryInfo": {
        "classification": "의사소통",
        "readAge": "초등_고학년",
        "form": "short-form",
        "plotSummaryText": "마지막으로 절구통을 방귀로 치고받자고 하는 방귀 시합이 다시 시작되었다.",
        "textWordEA": 9
      }
    },
    {
      "srcTextID": "7179",
      "srcText": "방귀쟁이 사내와 아낙의 방귀를 맞은 절구통은 이리 가지도 저리 가지도 못하고 하늘 높이 부웅 솟아올랐어요. 절구통은 구름을 뚫고 날아올라 달나라 계수나무 아래에 콕 박혔어요. 그때부터 달나라 옥토끼들은 절구통에 쿵더쿵쿵더쿵 방아를 찧었다고 해요. ",
      "srcPage": 17,
      "srcSentenceEA": 3,
      "srcWordEA": 34,
      "character": "방귀쟁이 사내,아낙,절구통,계수나무,옥토끼",
      "setting": "하늘 높이",
      "action": "솟아올랐어요,날아올라,박혔어요,방아를 찧었다고 해요",
      "feeling": null,
      "causalRelationship": null,
      "outcomeResolution": null,
      "prediction": null,
      "plotSummaryInfoCount": 1,
      "plotSummaryInfo": {
        "classification": "의사소통",
        "readAge": "초등_고학년",
        "form": "short-form",
        "plotSummaryText": "방귀쟁이 사내와 아낙의 방귀를 맞은 절구통은 결국 하늘 높이 솟아 달나라까지 갔는데 그때부터 달나라 옥토끼들이 절구통에 방아를 찧었다.",
        "textWordEA": 18
      }
    },
    {
      "srcTextID": "7164",
      "srcText": "옛날 어느 고을 윗마을에 방귀쟁이 사내가 살았어요. 한 번 방귀를 뀌었다 하면 어찌나 세게 방귀를 뀌는지 “나 방귀 뀔라네.” 하면 마을 사람들은 귀 틀어막고, 코 틀어막고, 문 걸어 잠그고, 기둥 부여잡고, 우당탕 쿵탕 난리 법석이었지요. ",
      "srcPage": 1,
      "srcSentenceEA": 4,
      "srcWordEA": 37,
      "character": "방귀쟁이 사내,마을 사람들,귀,코,문,기둥",
      "setting": "옛날 어느 고울 윗마을",
      "action": "살았어요,세게 방귀를 뀌는지,귀를 틀어막고,문 걸어 잠그고,기둥 부여잡고",
      "feeling": null,
      "causalRelationship": null,
      "outcomeResolution": null,
      "prediction": null,
      "plotSummaryInfoCount": 1,
      "plotSummaryInfo": {
        "classification": "의사소통",
        "readAge": "초등_고학년",
        "form": "long-form",
        "plotSummaryText": "옛날 어느 고을 윗마을에는 방귀쟁이 사내가 살았었는데, 방귀를 뀌었다 하면 마을 사람들은 귀와 코를 틀어막고 문을 걸어 잠그고, 난리 법석이었지요.",
        "textWordEA": 20
      }
    },
    {
      "srcTextID": "7174",
      "srcText": "아낙은 방귀 잘 나오는 고구마 한 광주리를 쪄 먹고, 부리나케 윗마을로 올라갔어요. 저만치 윗마을 방귀쟁이의 초가집이 보였어요. 아낙은 주먹을 불끈 쥐고는 방귀쟁이의 집을 향해 돌아섰어요. ",
      "srcPage": 10,
      "srcSentenceEA": 3,
      "srcWordEA": 27,
      "character": "아낙,고구마",
      "setting": "윗마을,방귀쟁의 초가집",
      "action": "쪄 먹고,올라갔어요,보였어요,불끈 쥐고는,돌아섰어요",
      "feeling": null,
      "causalRelationship": null,
      "outcomeResolution": null,
      "prediction": null,
      "plotSummaryInfoCount": 1,
      "plotSummaryInfo": {
        "classification": "의사소통",
        "readAge": "초등_고학년",
        "form": "short-form",
        "plotSummaryText": "아낙은 고구마 한 광주리를 쪄 먹고 곧바로 윗마을로 올라가 방귀쟁이의 초가집을 찾아갔어요.",
        "textWordEA": 12
      }
    },
    {
      "srcTextID": "7173",
      "srcText": "그러고는 젖 먹던 힘까지 모아서 방귀를 뀌었지요. “끄으으응!” 마침 뒷간에서 똥을 누던 방귀쟁이 사내는 뒷간이 무너지는 바람에 철퍼덕 똥을 깔고 앉아 버렸어요. “으으으, 도저히 참을 수 없어!” ",
      "srcPage": 11,
      "srcSentenceEA": 3,
      "srcWordEA": 28,
      "character": "젖,방귀쟁이 사내,똥",
      "setting": "뒷간",
      "action": "뀌었지요,똥을 누던,앉아 버렸어요",
      "feeling": null,
      "causalRelationship": null,
      "outcomeResolution": "뒷간에서 똥을 누던 방귀쟁이 사내는 뒷간이 무너지는 바람에 철퍼덕 똥을 깔고 앉아 버렸어요.",
      "prediction": null,
      "plotSummaryInfoCount": 1,
      "plotSummaryInfo": {
        "classification": "의사소통",
        "readAge": "초등_고학년",
        "form": "short-form",
        "plotSummaryText": "방귀쟁이 사내는 뒷간에서 똥을 누고 있었는데 뒷간이 무너져서 똥을 깔고 앉아 버렸다.",
        "textWordEA": 12
      }
    },
    {
      "srcTextID": "7180",
      "srcText": "하늘에는 휙휙 절구통이 날아다니고, 땅 위에는 뿡뿡 방귀 소리가 온 동네를 울렸어요. 절구통이 내려오려고 하면, 사내는 있는 힘을 다해 뿡! 아낙도 있는 힘을 다해 뽕! ",
      "srcPage": 16,
      "srcSentenceEA": 3,
      "srcWordEA": 27,
      "character": "하늘,땅,절구통,사내,아낙",
      "setting": "땅 위,온 동네",
      "action": "날아다니고,온 동네를 울렸어요, 내려오려고 하면 ",
      "feeling": null,
      "causalRelationship": null,
      "outcomeResolution": null,
      "prediction": null,
      "plotSummaryInfoCount": 1,
      "plotSummaryInfo": {
        "classification": "의사소통",
        "readAge": "초등_고학년",
        "form": "short-form",
        "plotSummaryText": "땅 위에는 아낙과 사내의 방귀 소리가 온 동네를 울렸고 하늘에는 절구통이 날아다녔다.",
        "textWordEA": 12
      }
    }
  ]
}