{
  "title": "땅속 나라 괴물 이야기",
  "author": "김호현",
  "illustrator": "배종숙",
  "isbn": "9791128213106",
  "publishedYear": 2018,
  "publisher": "아람북스",
  "paragraphInfoCount": 24,
  "paragraphInfo": [
    {
      "srcTextID": "5782",
      "srcText": "잠시 후 눈앞을 가렸던 검은 구름이 걷히고 보니 새색시가 온데간데없이 사라져 버리고 말았어요. 새신랑은 발을 동동 구르며 새색시를 찾았어요. “색시, 어디 있소?”",
      "srcPage": 2,
      "srcSentenceEA": 3,
      "srcWordEA": 23,
      "character": "새색시,새신랑,발",
      "setting": "잠시 후",
      "action": "걷히고,구르며,찾았어요",
      "feeling": null,
      "causalRelationship": null,
      "outcomeResolution": null,
      "prediction": null,
      "plotSummaryInfoCount": 1,
      "plotSummaryInfo": {
        "classification": "의사소통",
        "readAge": "초등_고학년",
        "form": "short-form",
        "plotSummaryText": "잠시 후 검은 구름이 걷히고 보니 새색시가 사라져 버렸고, 새신랑은 발을 동동 구르며 새색시를 찾았다.",
        "textWordEA": 15
      }
    },
    {
      "srcTextID": "5781",
      "srcText": "그러다가 땅바닥에 커다란 웅덩이가 움푹움푹 파여 있는 것을 발견했지요. “이건 괴물 발자국이 틀림없어!” 새신랑은 두 주먹을 불끈 쥐고 커다란 발자국을 따라갔어요.",
      "srcPage": 3,
      "srcSentenceEA": 3,
      "srcWordEA": 22,
      "character": "괴물,새신랑",
      "setting": "웅덩이",
      "action": "따라갔어요,쥐고",
      "feeling": null,
      "causalRelationship": null,
      "outcomeResolution": null,
      "prediction": null,
      "plotSummaryInfoCount": 1,
      "plotSummaryInfo": {
        "classification": "의사소통",
        "readAge": "초등_고학년",
        "form": "short-form",
        "plotSummaryText": "땅바닥에 커다란 웅덩이가 파여 있는 것을 발견하고, 괴물 발자국이라고 생각한 새신랑은 발자국을 따라갔다.",
        "textWordEA": 13
      }
    },
    {
      "srcTextID": "5783",
      "srcText": "“마침 잘되었구려. 나도 괴물에게 아내를 빼앗겼는데, 우리 함께 갑시다.” 그리하여 새신랑은 석수장이와 함께 길을 나섰어요. 두 사람은 두 번째 산을 넘다가 나무꾼을 만났어요.",
      "srcPage": 5,
      "srcSentenceEA": 4,
      "srcWordEA": 26,
      "character": "괴물,아내,새신랑,석수장이,나무꾼",
      "setting": "두번째 산",
      "action": "넘다가,만났어요,나섰어요",
      "feeling": null,
      "causalRelationship": null,
      "outcomeResolution": null,
      "prediction": null,
      "plotSummaryInfoCount": 1,
      "plotSummaryInfo": {
        "classification": "의사소통",
        "readAge": "초등_고학년",
        "form": "long-form",
        "plotSummaryText": "괴물에게 아내를 빼앗긴 석수장이도 새신랑과 함께 나섰는데 두 번째 산을 넘다가 나무꾼을 만났다.",
        "textWordEA": 13
      }
    },
    {
      "srcTextID": "5789",
      "srcText": "집채만 한 바위가 떡하니 길을 막고 있었거든요. “모두들 멀리 비켜서시오, 이건 내 일이오!” 석수장이는 사흘 밤낮으로 바위를 쪼아 구멍을 뻥 뚫었어요.",
      "srcPage": 7,
      "srcSentenceEA": 3,
      "srcWordEA": 22,
      "character": "바위,석수장이,구멍",
      "setting": "길",
      "action": "쪼아,뚫었어요",
      "feeling": null,
      "causalRelationship": null,
      "outcomeResolution": null,
      "prediction": null,
      "plotSummaryInfoCount": 1,
      "plotSummaryInfo": {
        "classification": "의사소통",
        "readAge": "초등_고학년",
        "form": "short-form",
        "plotSummaryText": "집채만 한 바위가 길을 막고 있었는데, 석수장이가 사흘 밤낮으로 바위를 쪼아 구멍을 뻥 뚫었다.",
        "textWordEA": 14
      }
    },
    {
      "srcTextID": "5787",
      "srcText": "구멍을 내고 안을 들여다보니 땅속 나라로 통하는 길고 긴 굴이 보였어요. “이번에는 우리 차례요.” 대장장이와 나무꾼이 팔을 걷어붙이고 앞으로 나섰어요. ",
      "srcPage": 8,
      "srcSentenceEA": 3,
      "srcWordEA": 21,
      "character": "굴,대장장이,나무꾼",
      "setting": "구멍 안",
      "action": "나섰어요,들여다보니",
      "feeling": null,
      "causalRelationship": null,
      "outcomeResolution": null,
      "prediction": null,
      "plotSummaryInfoCount": 1,
      "plotSummaryInfo": {
        "classification": "의사소통",
        "readAge": "초등_고학년",
        "form": "short-form",
        "plotSummaryText": "구멍 안에 땅속 나라로 통하는 길고 긴 굴이 보였고, 이번에는 대장장이와 나무꾼이 앞으로 나섰다.",
        "textWordEA": 14
      }
    },
    {
      "srcTextID": "5790",
      "srcText": "대장장이는 사흘 밤낮으로 길고 긴 쇠줄을 만들고, 나무꾼은 사흘 밤낮으로 커다란 바구니를 짰어요. 드디어 땅속 나라로 내려갈 준비가 끝났어요. 그런데 누구 한 명 선뜻 나서지 못했지요.",
      "srcPage": 9,
      "srcSentenceEA": 3,
      "srcWordEA": 28,
      "character": "대장장이,쇠줄,나무꾼,바구니",
      "setting": null,
      "action": "만들고,짰어요",
      "feeling": null,
      "causalRelationship": null,
      "outcomeResolution": null,
      "prediction": null,
      "plotSummaryInfoCount": 1,
      "plotSummaryInfo": {
        "classification": "의사소통",
        "readAge": "초등_고학년",
        "form": "short-form",
        "plotSummaryText": "대장장이는 긴 쇠줄을 만들고, 나무꾼은 커다란 바구니를 짜 드디어 땅속 나라로 내려갈 준비가 끝났지만 누구 한 명 나서지 못했다.",
        "textWordEA": 19
      }
    },
    {
      "srcTextID": "5791",
      "srcText": "이때 새신랑이 주먹을 불끈 쥐며 나섰어요. \"겁날 것이 뭐 있소, 내가 내려가리다!\" 새신랑은 바구니를 타고 땅속 나라로 내려갔어요.",
      "srcPage": 10,
      "srcSentenceEA": 3,
      "srcWordEA": 19,
      "character": "새신랑,바구니",
      "setting": "땅속 나라",
      "action": "내려갔어요,쥐며,나섰어요",
      "feeling": null,
      "causalRelationship": null,
      "outcomeResolution": null,
      "prediction": null,
      "plotSummaryInfoCount": 1,
      "plotSummaryInfo": {
        "classification": "의사소통",
        "readAge": "초등_고학년",
        "form": "short-form",
        "plotSummaryText": "이때 새신랑이 주먹을 불끈 쥐며 나서서 땅속 나라로 내려갔다.",
        "textWordEA": 9
      }
    },
    {
      "srcTextID": "5796",
      "srcText": "“서, 서방님 아니세요?” 새색시는 너무나 놀랍고 반가워 눈물을 흘렸어요. 하지만 기쁨도 잠시 이내 얼굴이 어두워졌어요.",
      "srcPage": 14,
      "srcSentenceEA": 3,
      "srcWordEA": 17,
      "character": "서방님,새색시,눈물",
      "setting": null,
      "action": "흘렸어요",
      "feeling": null,
      "causalRelationship": null,
      "outcomeResolution": null,
      "prediction": null,
      "plotSummaryInfoCount": 1,
      "plotSummaryInfo": {
        "classification": "의사소통",
        "readAge": "초등_고학년",
        "form": "short-form",
        "plotSummaryText": "새색시는 너무나 놀랍고 반가워 눈물을 흘렸지만, 이내 얼굴이 어두워졌다.",
        "textWordEA": 9
      }
    },
    {
      "srcTextID": "5795",
      "srcText": "“땅속 나라는 사나운 짐승들이 밤낮으로 지키고 있는 곳이에요. 그래서 한 번 들어오면 절대로 밖으로 나갈 수가 없어요. 게다가 나를 데려온 괴물은 땅 위 세상으로 도적질을 나갔는데 석 달이 지나면 다시 돌아올 거예요.” ",
      "srcPage": 15,
      "srcSentenceEA": 3,
      "srcWordEA": 34,
      "character": "짐승들,괴물,나",
      "setting": "땅속나라",
      "action": null,
      "feeling": null,
      "causalRelationship": null,
      "outcomeResolution": null,
      "prediction": null,
      "plotSummaryInfoCount": 1,
      "plotSummaryInfo": {
        "classification": "의사소통",
        "readAge": "초등_고학년",
        "form": "short-form",
        "plotSummaryText": "땅속 나라는 사나운 짐승들이 밤낮으로 지키고 있어서, 한 번 들어오면 절대로 나갈 수가 없다.",
        "textWordEA": 14
      }
    },
    {
      "srcTextID": "5799",
      "srcText": "새색시는 서둘러 집으로 들어가더니 산삼 달인 물 세 사발을 가지고 나왔어요. “어서 쭉 들이켜세요!” 새신랑은 새색시가 시키는 대로 물 한 사발을 마셨어요.",
      "srcPage": 16,
      "srcSentenceEA": 3,
      "srcWordEA": 23,
      "character": "새색시,물,새신랑,산삼",
      "setting": "집",
      "action": "달인,마셨어요,들어가더니,나왔어요",
      "feeling": null,
      "causalRelationship": null,
      "outcomeResolution": null,
      "prediction": null,
      "plotSummaryInfoCount": 1,
      "plotSummaryInfo": {
        "classification": "의사소통",
        "readAge": "초등_고학년",
        "form": "short-form",
        "plotSummaryText": "새색시는 집에서 산삼 달인 물 세 사발을 가지고 나와 마시라고 하여 새신랑은 새색시가 시키는 대로 물을 마셨다.",
        "textWordEA": 17
      }
    },
    {
      "srcTextID": "5803",
      "srcText": "그렇게 한 달, 두 달 시간이 흘러 석 달째 되던 어느 날 드디어 괴물이 나타났어요. 쿵! 쿵! 쿵! 새신랑은 무쇠 칼을 들고 괴물을 향해 달려들었어요. 칼을 휙 휘두르자 괴물의 팔이 뚝 떨어져 나갔어요.",
      "srcPage": 18,
      "srcSentenceEA": 6,
      "srcWordEA": 38,
      "character": "괴물,새신랑,무쇠칼",
      "setting": "석 달째",
      "action": "달려들었어요,나타났어요,들고,휘두르자,떨어져",
      "feeling": null,
      "causalRelationship": null,
      "outcomeResolution": null,
      "prediction": null,
      "plotSummaryInfoCount": 1,
      "plotSummaryInfo": {
        "classification": "의사소통",
        "readAge": "초등_고학년",
        "form": "long-form",
        "plotSummaryText": "석 달째 되던 어느 날 괴물이 나타났고 새신랑은 무쇠 칼을 휘둘러 괴물의 팔을 잘랐다.",
        "textWordEA": 14
      }
    },
    {
      "srcTextID": "5785",
      "srcText": "새신랑은 첫 번째 산을 넘다가 석수장이를 만났어요. “여보시오, 어딜 그리 서둘러 가시오?” 석수장이가 물었어요. “괴물에게 끌려간 색시를 찾으러 간다오.”",
      "srcPage": 4,
      "srcSentenceEA": 4,
      "srcWordEA": 20,
      "character": "새신랑,석수장이,괴물,색시",
      "setting": "산",
      "action": "만났어요,넘다가,찾으러",
      "feeling": null,
      "causalRelationship": null,
      "outcomeResolution": null,
      "prediction": null,
      "plotSummaryInfoCount": 1,
      "plotSummaryInfo": {
        "classification": "의사소통",
        "readAge": "초등_고학년",
        "form": "long-form",
        "plotSummaryText": "새신랑은 첫 번째 산을 넘다가 석수장이를 만나 괴물에게 끌려간 색시를 찾으러 간다고 말했다.",
        "textWordEA": 13
      }
    },
    {
      "srcTextID": "5792",
      "srcText": "몇 날 며칠이 지났는지 모를 정도로 어두운 굴속을 아주 오랫동안 내려갔지요. 덜커덕 쿵! 마침내 바구니가 바닥에 닿았어요. 새신랑은 재빨리 버드나무 위로 올라가 둘레둘레 주위를 살폈어요.",
      "srcPage": 11,
      "srcSentenceEA": 4,
      "srcWordEA": 28,
      "character": "바구니,새신랑,버드나무",
      "setting": null,
      "action": "올라가,내려갔지요,살폈어요",
      "feeling": null,
      "causalRelationship": null,
      "outcomeResolution": null,
      "prediction": null,
      "plotSummaryInfoCount": 1,
      "plotSummaryInfo": {
        "classification": "의사소통",
        "readAge": "초등_고학년",
        "form": "long-form",
        "plotSummaryText": "새신랑은 어두운 굴속을 오랫동안 내려가 바닥에 닿자 버드나무 위로 올라가 주위를 살폈다.",
        "textWordEA": 12
      }
    },
    {
      "srcTextID": "5805",
      "srcText": "그때 새색시가 재 바구니를 들고 나왔어요. “서방님, 다시 한 번 해 보세요.” 새신랑은 젖 먹던 힘을 다해 칼을 휘둘렀어요. ",
      "srcPage": 19,
      "srcSentenceEA": 3,
      "srcWordEA": 20,
      "character": "새색시,바구니,칼,새신랑",
      "setting": null,
      "action": "휘둘렀어요,들고",
      "feeling": null,
      "causalRelationship": null,
      "outcomeResolution": null,
      "prediction": null,
      "plotSummaryInfoCount": 1,
      "plotSummaryInfo": {
        "classification": "의사소통",
        "readAge": "초등_고학년",
        "form": "short-form",
        "plotSummaryText": "새색시가 재 바구니를 들고 나와 다시 한 번 해보라고 하여 새신랑은 힘껏 칼을 휘둘렀다.",
        "textWordEA": 14
      }
    },
    {
      "srcTextID": "5807",
      "srcText": "새신랑과 새색시는 얼싸안고 기뻐했어요. 그리고 갇혀 있던 사람들을 모두 풀어 주었어요. 석수장이의 아내와 나무꾼의 딸과 대장장이의 누이동생, 그리고 수많은 아낙들이 끝도 없이 달려 나왔지요.",
      "srcPage": 21,
      "srcSentenceEA": 3,
      "srcWordEA": 26,
      "character": "새신랑,새색시,석수장이,아내,나무꾼,딸,대장장이,누이동생,아낙들",
      "setting": null,
      "action": "달려,갇혀,풀어 주었어요",
      "feeling": null,
      "causalRelationship": null,
      "outcomeResolution": null,
      "prediction": null,
      "plotSummaryInfoCount": 1,
      "plotSummaryInfo": {
        "classification": "의사소통",
        "readAge": "초등_고학년",
        "form": "short-form",
        "plotSummaryText": "갇혀 있던 사람들을 풀어주자 석수장이의 아내, 나무꾼의 딸, 대장장이의 누이동생, 수많은 아낙들이 달려 나왔다.",
        "textWordEA": 14
      }
    },
    {
      "srcTextID": "5806",
      "srcText": "새신랑과 새색시는 아낙들을 바구니에 태워 모두 땅 위로 올려 보냈어요. 이제 새신랑과 새색시가 올라갈 차례가 되었어요. 그런데 어찌 된 일인지 아무리 기다려도 바구니가 내려오지 않았어요. ",
      "srcPage": 22,
      "srcSentenceEA": 3,
      "srcWordEA": 27,
      "character": "새신랑,새색시,아낙들,바구니",
      "setting": null,
      "action": "올려,내려오지",
      "feeling": null,
      "causalRelationship": null,
      "outcomeResolution": null,
      "prediction": null,
      "plotSummaryInfoCount": 1,
      "plotSummaryInfo": {
        "classification": "의사소통",
        "readAge": "초등_고학년",
        "form": "short-form",
        "plotSummaryText": "아낙들을 모두 땅 위로 올려 보냈고 이제 새신랑과 새색시가 올라갈 차례인데 바구니가 내려오지 않았다.",
        "textWordEA": 14
      }
    },
    {
      "srcTextID": "5809",
      "srcText": "이유인즉 마지막으로 올라간 사람이 새신랑과 새색시는 땅속 나라 사람이라고 생각했기 때문이었지요. 할 수 없이 새신랑과 새색시는 다른 방법을 찾아보기로 했어요. 그러다가 한 할아버지를 만났어요. ",
      "srcPage": 23,
      "srcSentenceEA": 3,
      "srcWordEA": 26,
      "character": "새신랑,새색시,할아버지",
      "setting": null,
      "action": "만났어요",
      "feeling": null,
      "causalRelationship": null,
      "outcomeResolution": null,
      "prediction": null,
      "plotSummaryInfoCount": 1,
      "plotSummaryInfo": {
        "classification": "의사소통",
        "readAge": "초등_고학년",
        "form": "short-form",
        "plotSummaryText": "땅속 나라에 남은 새신랑과 새색시는 다른 방법을 찾다가 한 할아버지를 만났다.",
        "textWordEA": 11
      }
    },
    {
      "srcTextID": "5780",
      "srcText": "울긋불긋 예쁜 꽃들이 고운 빛을 뽐내는 따스한 봄날, 이제 막 혼례를 치른 새신랑과 새색시가 다정하게 산길을 가고 있었어요. 그런데 갑자기 하늘이 시커멓게 변하더니 돌개바람이 휙 몰려왔지요. “사, 사람 살려!”",
      "srcPage": 1,
      "srcSentenceEA": 3,
      "srcWordEA": 30,
      "character": "새신랑,새색시,사람",
      "setting": "봄날",
      "action": "가고,몰려왔다",
      "feeling": null,
      "causalRelationship": null,
      "outcomeResolution": null,
      "prediction": null,
      "plotSummaryInfoCount": 1,
      "plotSummaryInfo": {
        "classification": "의사소통",
        "readAge": "초등_고학년",
        "form": "short-form",
        "plotSummaryText": "따스한 봄날, 이제 막 혼례를 치른 새신랑과 새색시가 산길을 가고 있었는데, 돌개바람이 몰려왔다.",
        "textWordEA": 13
      }
    },
    {
      "srcTextID": "5794",
      "srcText": "아, 그런데 깊은 땅속 나라에도 논과 밭이 있고, 고래 등 같은 기와집들이 우뚝우뚝 서 있는 거예요. 새신랑은 그만 입이 떡 벌어졌어요. 그때 한 아낙이 조심조심 물동이를 이고 걸어왔어요.",
      "srcPage": 12,
      "srcSentenceEA": 3,
      "srcWordEA": 30,
      "character": "논,밭,고래,기와집,새신랑,물동이,아낙",
      "setting": "땅속 나라",
      "action": "이고,걸어왔어요",
      "feeling": null,
      "causalRelationship": null,
      "outcomeResolution": null,
      "prediction": null,
      "plotSummaryInfoCount": 1,
      "plotSummaryInfo": {
        "classification": "의사소통",
        "readAge": "초등_고학년",
        "form": "short-form",
        "plotSummaryText": "깊은 땅속 나라에 논과 밭, 고래 등 같은 기와집들을 보고 놀란 새신랑을 향해 한 아낙이 물동이를 이고 걸어왔다.",
        "textWordEA": 18
      }
    },
    {
      "srcTextID": "5793",
      "srcText": "새신랑은 버드나무 잎을 한 움큼 따서 떨어뜨렸어요. “어머, 바람도 없는데 잎이 떨어지네?” 아낙은 나무 위를 말끄러미 올려다보았어요.",
      "srcPage": 13,
      "srcSentenceEA": 3,
      "srcWordEA": 18,
      "character": "새신랑,버드나무잎,아낙",
      "setting": "나무위",
      "action": "따서,떨어뜨렸어요,올려다보았어요",
      "feeling": null,
      "causalRelationship": null,
      "outcomeResolution": null,
      "prediction": null,
      "plotSummaryInfoCount": 1,
      "plotSummaryInfo": {
        "classification": "의사소통",
        "readAge": "초등_고학년",
        "form": "short-form",
        "plotSummaryText": "새신랑이 버드나무 잎을 한 움큼 따서 떨어뜨리자 아낙은 나무 위를 올려다보았다.",
        "textWordEA": 11
      }
    },
    {
      "srcTextID": "5786",
      "srcText": "우리 함께 갑시다. 의기투합한 세 사람이 산을 또 하나 넘으려는데 이번에는 대장장이를 만났어요. 여보시오, 나는 괴물에게 누이동생을 빼앗겼소. ",
      "srcPage": 6,
      "srcSentenceEA": 3,
      "srcWordEA": 20,
      "character": "대장장이,세사람,괴물,누이동생",
      "setting": "산",
      "action": "갑시다,만났어요,빼앗겼소",
      "feeling": null,
      "causalRelationship": null,
      "outcomeResolution": null,
      "prediction": null,
      "plotSummaryInfoCount": 1,
      "plotSummaryInfo": {
        "classification": "의사소통",
        "readAge": "초등_고학년",
        "form": "short-form",
        "plotSummaryText": "의기투합한 세 사람이 산을 또 넘으려다 대장장이를 만났는데, 그도 괴물에게 누이동생을 빼앗겼다고 했다.",
        "textWordEA": 13
      }
    },
    {
      "srcTextID": "5798",
      "srcText": "그러자 힘이 불끈 솟아올라 바위를 번쩍 들어 올렸어요. 다시 한 사발을 마셨더니 이번에는 바위 두 개를 양손에 하나씩 번쩍번쩍 들어 올렸지요. 새신랑은 남은 한 사발을 한 번에 쭉 들이켰어요. ",
      "srcPage": 17,
      "srcSentenceEA": 3,
      "srcWordEA": 31,
      "character": "바위,새신랑,사발",
      "setting": null,
      "action": "들어,올렸어요,마셨더니",
      "feeling": null,
      "causalRelationship": null,
      "outcomeResolution": null,
      "prediction": null,
      "plotSummaryInfoCount": 1,
      "plotSummaryInfo": {
        "classification": "의사소통",
        "readAge": "초등_고학년",
        "form": "short-form",
        "plotSummaryText": "힘이 불끈 솟아올라 바위를 들어 올렸고, 차례로 한 사발씩 더 마셨다.",
        "textWordEA": 11
      }
    },
    {
      "srcTextID": "5804",
      "srcText": "괴물의 머리, 팔, 다리가 뚝뚝 떨어져 나가자, 새색시가 재빨리 재를 훅 뿌렸어요. 그러자 괴물의 머리와 팔과 다리가 다시 붙지 못하고 데구루루 나가 떨어졌어요. 결국 괴물은 푹 고꾸라져 죽고 말았지요.",
      "srcPage": 20,
      "srcSentenceEA": 3,
      "srcWordEA": 31,
      "character": "괴물,새색시,재",
      "setting": null,
      "action": "떨어져,나가자,뿌렸어요,죽고",
      "feeling": null,
      "causalRelationship": null,
      "outcomeResolution": null,
      "prediction": null,
      "plotSummaryInfoCount": 1,
      "plotSummaryInfo": {
        "classification": "의사소통",
        "readAge": "초등_고학년",
        "form": "short-form",
        "plotSummaryText": "괴물의 머리, 팔, 다리가 떨어져 나가자, 새색시가 재빨리 재를 뿌렸고 괴물은 푹 고꾸라져 죽고 말았다.",
        "textWordEA": 15
      }
    },
    {
      "srcTextID": "5808",
      "srcText": "부부의 사연을 들은 할아버지는 두루미 한 마리를 내주었어요. 그렇게 땅 위로 올라온 새신랑과 새색시는 아들딸 낳고 오래오래 잘 살았어요. 행복하게 잘 사시오. 감사합니다.",
      "srcPage": 24,
      "srcSentenceEA": 4,
      "srcWordEA": 26,
      "character": "할아버지,두루미,새신랑,새색시,아들 딸",
      "setting": "땅 위",
      "action": "올라온",
      "feeling": null,
      "causalRelationship": null,
      "outcomeResolution": null,
      "prediction": null,
      "plotSummaryInfoCount": 1,
      "plotSummaryInfo": {
        "classification": "의사소통",
        "readAge": "초등_고학년",
        "form": "long-form",
        "plotSummaryText": "사연을 들은 할아버지는 두루미 한 마리를 내주었고, 새신랑과 새색시는 땅 위로 올라와 아들딸 낳고 오래오래 잘 살았다.",
        "textWordEA": 17
      }
    }
  ]
}