{
  "title": "소나기와 소내기",
  "author": "한미혜",
  "illustrator": "이유진",
  "isbn": "9791128213489",
  "publishedYear": 2018,
  "publisher": "아람북스",
  "paragraphInfoCount": 20,
  "paragraphInfo": [
    {
      "srcTextID": "7487",
      "srcText": "“아이고, 이걸 어째! 다 말라 가네. 다 말라 가. 쥐 오줌만큼이라도 비가 와야 하는데.” 몇 달째 비가 한 방울도 내리지 않아 논과 밭이 바짝바짝 타들어 가고 있었어요. ",
      "srcPage": 2,
      "srcSentenceEA": 5,
      "srcWordEA": 31,
      "character": "쥐,오줌,비,논,밭",
      "setting": "몇 달째",
      "action": "말라,내리지,타들어",
      "feeling": null,
      "causalRelationship": "몇 달째 비가 한 방울도 내리지 않아 논과 밭이 바짝바짝 타들어 가고 있었어요.",
      "outcomeResolution": null,
      "prediction": null,
      "plotSummaryInfoCount": 1,
      "plotSummaryInfo": {
        "classification": "의사소통",
        "readAge": "초등_고학년",
        "form": "long-form",
        "plotSummaryText": "몇 달째 비가 한 방울도 내리지 않아 논과 밭이 타들어 가고 있었어요.",
        "textWordEA": 12
      }
    },
    {
      "srcTextID": "7502",
      "srcText": "“어제 무척 후텁지근했지요? 축축한 공기 때문에 땀도 잘 마르지 않고요.” 어휴, 말도 마슈. ",
      "srcPage": 15,
      "srcSentenceEA": 3,
      "srcWordEA": 15,
      "character": "땀",
      "setting": "어제",
      "action": "마르지",
      "feeling": null,
      "causalRelationship": "축축한 공기 때문에 땀도 잘 마르지 않고요.",
      "outcomeResolution": null,
      "prediction": null,
      "plotSummaryInfoCount": 1,
      "plotSummaryInfo": {
        "classification": "의사소통",
        "readAge": "초등_고학년",
        "form": "short-form",
        "plotSummaryText": "어제는 공기가 축축해서 후텁지근하고 땀도 잘 마르지 않았지요?",
        "textWordEA": 8
      }
    },
    {
      "srcTextID": "7503",
      "srcText": "어젯밤엔 정말 온몸이 끈적끈적해서 한숨도 못 잤소. “그리고 제비도 낮게 날았지요.” “제비야 낮게 날기도 하지 않소?” ",
      "srcPage": 16,
      "srcSentenceEA": 3,
      "srcWordEA": 16,
      "character": "온몸,제비",
      "setting": "어젯밤",
      "action": "날았지요,날기도,잤소",
      "feeling": null,
      "causalRelationship": "어젯밤엔 정말 온몸이 끈적끈적해서 한숨도 못 잤소.",
      "outcomeResolution": null,
      "prediction": "그리고 제비도 낮게 날았지요.",
      "plotSummaryInfoCount": 1,
      "plotSummaryInfo": {
        "classification": "의사소통",
        "readAge": "초등_고학년",
        "form": "short-form",
        "plotSummaryText": "한 숨도 못 잘 만큼 온몸이 끈적했고,제비도 낮게 날았다고 했어요.",
        "textWordEA": 10
      }
    },
    {
      "srcTextID": "7500",
      "srcText": "“벌레는 비가 올 때쯤이면 풀숲에 몸을 숨기기 때문에 제비도 벌레를 잡으려고 낮게 난답니다. 그래서 제비가 낮게 날아다니는 것은 비가 올 징후지요.” 농부는 감탄한 듯 스님을 쳐다보았어요. ",
      "srcPage": 17,
      "srcSentenceEA": 3,
      "srcWordEA": 28,
      "character": "벌레,비,몸,제비,농부,스님",
      "setting": "풀숲",
      "action": "숨기기,잡으려고,난답니다,날아다니는,쳐다보았어요",
      "feeling": "감탄한",
      "causalRelationship": "벌레는 비가 올 때쯤이면 풀숲에 몸을 숨기기 때문에 제비도 벌레를 잡으려고 낮게 난답니다. 그래서 제비가 낮게 날아다니는 것은 비가 올 징후지요.",
      "outcomeResolution": null,
      "prediction": null,
      "plotSummaryInfoCount": 1,
      "plotSummaryInfo": {
        "classification": "의사소통",
        "readAge": "초등_고학년",
        "form": "short-form",
        "plotSummaryText": "스님은 제비가 낮게 나는 것이 비가 올 징후라는 것을 자세히 설명해 주었어요.",
        "textWordEA": 12
      }
    },
    {
      "srcTextID": "7505",
      "srcText": "“스님, 여기 시주할.” 그런데 스님은 벌써 온데간데없이 사라지고 없었지요. 이때부터 갑자기 내리는 비를 ‘소내기’라고 부르기 시작했어요. 왜냐하면 농부와 스님이 한 내기가 ‘소내기’라서 그렇게 이름이 붙여진 거예요. 지금은 ‘소나기’라고 부르지만 말이에요. ",
      "srcPage": 20,
      "srcSentenceEA": 8,
      "srcWordEA": 37,
      "character": "스님,비,농부",
      "setting": null,
      "action": "시주할,사라지고,내리는,부르기",
      "feeling": null,
      "causalRelationship": "이때부터 갑자기 내리는 비를 소내기라고 부르기 시작했어요. 왜냐하면 농부와 스님이 한 내기가 소내기라서 그렇게 이름이 붙여진 거예요.",
      "outcomeResolution": "이때부터 갑자기 내리는 비를 소내기라고 부르기 시작했어요.",
      "prediction": null,
      "plotSummaryInfoCount": 1,
      "plotSummaryInfo": {
        "classification": "의사소통",
        "readAge": "초등_고학년",
        "form": "long-form",
        "plotSummaryText": "그런데 스님은 사라지고 없었고,지금은 소나기라고 부르는 갑자기 내리는 비를 소를 걸고 내기를 했다고 해서 소내기라고 부르기 시작했답니다.",
        "textWordEA": 17
      }
    },
    {
      "srcTextID": "7488",
      "srcText": "넓은 논밭이 시원스레 펼쳐진 시골 마을에 부지런한 농부가 살았어요. 농부는 해가 쨍쨍 내리쬐는데도 땀을 뻘뻘 흘리며 가뭄으로 메마른 밭을 갈았어요. 이따금 뽀얀 먼지바람이 농부의 이마를 훑고 갔지요. ",
      "srcPage": 1,
      "srcSentenceEA": 3,
      "srcWordEA": 29,
      "character": "농부,해,땀,밭,먼지바람,이마",
      "setting": "논밭,시골 마을",
      "action": "흘리며,메마른,갈았어요,훑고",
      "feeling": null,
      "causalRelationship": null,
      "outcomeResolution": null,
      "prediction": null,
      "plotSummaryInfoCount": 1,
      "plotSummaryInfo": {
        "classification": "의사소통",
        "readAge": "초등_고학년",
        "form": "short-form",
        "plotSummaryText": "시골 마을에 사는 부지런한 농부가 해가 내리쬐고 먼지바람이 이마를 훑고 가는 와중에도 땀을 뻘뻘 흘리며 메마른 밭을 갈았어요.",
        "textWordEA": 18
      }
    },
    {
      "srcTextID": "7489",
      "srcText": "농부는 원망스레 하늘을 올려다보았어요. “참말로 하늘은 어찌 저리 쨍하니 맑을꼬. 애써 지은 농사 모두 망치겠구먼!” ",
      "srcPage": 3,
      "srcSentenceEA": 3,
      "srcWordEA": 16,
      "character": "농부,하늘,농사",
      "setting": null,
      "action": "올려다보았어요,지은",
      "feeling": "원망스레",
      "causalRelationship": null,
      "outcomeResolution": null,
      "prediction": null,
      "plotSummaryInfoCount": 1,
      "plotSummaryInfo": {
        "classification": "의사소통",
        "readAge": "초등_고학년",
        "form": "short-form",
        "plotSummaryText": "농사를 망치게 생긴 농부는 쨍하니 맑은 하늘을 원망스럽게 올려다보았어요.",
        "textWordEA": 9
      }
    },
    {
      "srcTextID": "7493",
      "srcText": "다음 날 아침, 길 떠날 채비를 하던 스님이 농부에게 물었어요. “주인장, 무슨 근심이라도 있소?” “근심은 무슨.” 밤새 잠을 이루지 못한 농부는 귀찮은 듯 대답했어요. ",
      "srcPage": 6,
      "srcSentenceEA": 4,
      "srcWordEA": 25,
      "character": "길,스님,농부,주인장",
      "setting": "다음 날 아침,밤새",
      "action": "물었어요,대답했어요",
      "feeling": "귀찮은",
      "causalRelationship": "밤새 잠을 이루지 못한 농부는 귀찮은 듯 대답했어요.",
      "outcomeResolution": null,
      "prediction": null,
      "plotSummaryInfoCount": 1,
      "plotSummaryInfo": {
        "classification": "의사소통",
        "readAge": "초등_고학년",
        "form": "long-form",
        "plotSummaryText": "다음 날 아침,스님은 농부에게 무슨 근심이 있는지 물었지만 농부는 귀찮은 듯 별 일 없다고 했어요.",
        "textWordEA": 15
      }
    },
    {
      "srcTextID": "7492",
      "srcText": "“그러지 말고 말해 보시오. 백지장도 맞들면 낫고 걱정은 나누면 반이라 하지 않소?” “보면 모르겠소? 농사꾼이 농사 걱정 말고 또 뭐가 있겠소? 비가 안 내리면 모내기 못하고, 모내기 못하면 추수할 곡식 없고, 곡식 없으면 모두 굶게 되니, 걱정이 *태산입죠!”",
      "srcPage": 7,
      "srcSentenceEA": 5,
      "srcWordEA": 41,
      "character": "백지장,농사꾼,비,곡식",
      "setting": null,
      "action": "말해,맞들면,보면,추수할",
      "feeling": null,
      "causalRelationship": "비가 안 내리면 모내기 못하고,모내기 못하면 추수할 곡식 없고,곡식 없으면 모두 굶게 되니,걱정이 태산입죠.",
      "outcomeResolution": null,
      "prediction": null,
      "plotSummaryInfoCount": 1,
      "plotSummaryInfo": {
        "classification": "의사소통",
        "readAge": "초등_고학년",
        "form": "long-form",
        "plotSummaryText": "그래도 말해보라고 하자,농사꾼은 비가 내리지 않아 모내기를 못하니 추수할 곡식이 없어 굶게 될 것이 걱정이라고 말했어요.",
        "textWordEA": 16
      }
    },
    {
      "srcTextID": "7497",
      "srcText": "농부가 소를 가리키며 자신 있다는 듯 큰소리쳤어요. 그러자 스님이 등짐을 내려놓으며 “좋소, 비가 오지 않으면 얼마 없소만, 시주 받은 것을 모두 주고 가리다.” 그때부터 스님과 농부는 저녁이 되길 기다렸어요. ",
      "srcPage": 11,
      "srcSentenceEA": 4,
      "srcWordEA": 31,
      "character": "농부,소,스님,등짐,비",
      "setting": "저녁",
      "action": "가리키며,내려놓으며,오지,주고,가리다,기다렸어요",
      "feeling": "자신 있다는",
      "causalRelationship": "비가 오지 않으면 얼마 없소만,시주 받은 것을 모두 주고 가리다.",
      "outcomeResolution": null,
      "prediction": null,
      "plotSummaryInfoCount": 1,
      "plotSummaryInfo": {
        "classification": "의사소통",
        "readAge": "초등_고학년",
        "form": "long-form",
        "plotSummaryText": "스님은 비가 오지 않으면 시주 받은 것을 모두 주고 가기로 했고,스님과 농부는 저녁이 되길 기다렸어요.",
        "textWordEA": 15
      }
    },
    {
      "srcTextID": "7498",
      "srcText": "농부는 배고픈 것도 잊고 맑은 하늘만 뚫어져라 바라봤지요. 어느새 해가 서산으로 넘어가고 있었어요. 시주는 자비심으로 조건 없이 스님이나 절에 물건이나 돈을 베풀어 주는 일입니다. ",
      "srcPage": 12,
      "srcSentenceEA": 3,
      "srcWordEA": 26,
      "character": "농부,하늘,해,서산,스님,물건,돈",
      "setting": "절",
      "action": "바라봤지요,베풀어",
      "feeling": null,
      "causalRelationship": null,
      "outcomeResolution": null,
      "prediction": null,
      "plotSummaryInfoCount": 1,
      "plotSummaryInfo": {
        "classification": "의사소통",
        "readAge": "초등_고학년",
        "form": "short-form",
        "plotSummaryText": "농부는 뚫어지게 하늘은 바라보았고,어느 새 서산으로 해가 지고 있었어요.",
        "textWordEA": 9
      }
    },
    {
      "srcTextID": "7499",
      "srcText": "그런데 갑자기 먹구름이 서서히 하늘을 뒤덮더니 정말로 비가 내리기 시작했어요. “얼씨구나, 비다! 비가 오는구나. 정말 비가 오는구나. 하하하!” 농부는 아이마냥 마당을 폴짝폴짝 뛰어다니며 소리쳤어요. 굵은 빗줄기에 먼지 날리던 땅도 촉촉하게 젖어 들었지요. ",
      "srcPage": 13,
      "srcSentenceEA": 7,
      "srcWordEA": 37,
      "character": "먹구름,하늘,비,농부,아이,빗줄기,먼지",
      "setting": "마당,땅",
      "action": "뒤덮더니,내리기,오는구나,뛰어다니며,소리쳤어요,날리던",
      "feeling": null,
      "causalRelationship": null,
      "outcomeResolution": null,
      "prediction": null,
      "plotSummaryInfoCount": 1,
      "plotSummaryInfo": {
        "classification": "의사소통",
        "readAge": "초등_고학년",
        "form": "long-form",
        "plotSummaryText": "그런데 정말로 비가 내리기 시작했고,농부는 비가 오는 것이 기뻐서 굵은 빗줄기에 촉촉하게 젖은 마당을 뛰어다녔어요.",
        "textWordEA": 15
      }
    },
    {
      "srcTextID": "7501",
      "srcText": "“스님은 혹시 부처님과 통하시는 분이요?” “허허, 그렇다면 얼마나 좋겠소.” “그럼, 어찌 비가 올 걸 아셨소?” ",
      "srcPage": 14,
      "srcSentenceEA": 3,
      "srcWordEA": 15,
      "character": "스님,부처님,비",
      "setting": null,
      "action": "통하시는,아셨소",
      "feeling": "좋겠소",
      "causalRelationship": null,
      "outcomeResolution": null,
      "prediction": "그럼,어찌 비가 올 걸 아셨소?",
      "plotSummaryInfoCount": 1,
      "plotSummaryInfo": {
        "classification": "의사소통",
        "readAge": "초등_고학년",
        "form": "short-form",
        "plotSummaryText": "농부는 어찌 비가 올 것을 알았는지 스님에게 물었어요.",
        "textWordEA": 8
      }
    },
    {
      "srcTextID": "7504",
      "srcText": "“또 어제 개미들이 높은 처마로 이사 가는 것도 보았지요?” “개미도 비랑 무슨 상관이 있나요?” “그럼요, 개미는 비가 오면 집이 잠길까 봐 미리 높은 곳으로 이사를 간답니다.” “아하!” 농부는 스님의 이야기에 저도 모르게 무릎을 탁 쳤어요. ",
      "srcPage": 18,
      "srcSentenceEA": 4,
      "srcWordEA": 36,
      "character": "개미,처마,비,집,농부,스님",
      "setting": null,
      "action": "보았지요,잠길",
      "feeling": null,
      "causalRelationship": "개미는 비가 오면 집이 잠길까 봐 미리 높은 곳으로 이사를 간답니다.",
      "outcomeResolution": null,
      "prediction": null,
      "plotSummaryInfoCount": 1,
      "plotSummaryInfo": {
        "classification": "의사소통",
        "readAge": "초등_고학년",
        "form": "long-form",
        "plotSummaryText": "스님이 비를 피해 높은 처마로 이사하는 개미에 대해서도 이야기 해 주자 농부는 무릎을 탁 쳤어요.",
        "textWordEA": 15
      }
    },
    {
      "srcTextID": "7491",
      "srcText": "그러던 어느 날이었어요. 해가 뉘엿뉘엿 산을 넘어갈 무렵 한 스님이 목탁을 치며 농부를 찾아왔어요. “하룻밤만 묵어가고 싶습니다만.”",
      "srcPage": 4,
      "srcSentenceEA": 3,
      "srcWordEA": 18,
      "character": "해,산,스님,목탁,농부",
      "setting": "하룻밤",
      "action": "넘어갈,치며,찾아왔어요,묵어가고",
      "feeling": null,
      "causalRelationship": null,
      "outcomeResolution": null,
      "prediction": "하룻밤만 묵어가고 싶습니다만.",
      "plotSummaryInfoCount": 1,
      "plotSummaryInfo": {
        "classification": "의사소통",
        "readAge": "초등_고학년",
        "form": "short-form",
        "plotSummaryText": "그러던 어느 날,한 스님이 하룻밤만 묵어가고 싶다며 농부를 찾아왔어요.",
        "textWordEA": 9
      }
    },
    {
      "srcTextID": "7490",
      "srcText": "“저기, 아랫방에서 묵어가쇼.” 농부는 낡은 부채를 연방 펄럭이며 말했어요. “허참, 여름도 아닌데 왜 이리 더울꼬! 비는 한 방울도 오지 않아 속이 타는데 웬 땀은 이리 흐르는 건지.” ",
      "srcPage": 5,
      "srcSentenceEA": 4,
      "srcWordEA": 29,
      "character": "농부,부채,비,땀",
      "setting": "아랫방",
      "action": "묵어가쇼,펄럭이며,말했어요,오지,흐르는",
      "feeling": "속이 타는데",
      "causalRelationship": null,
      "outcomeResolution": null,
      "prediction": null,
      "plotSummaryInfoCount": 1,
      "plotSummaryInfo": {
        "classification": "의사소통",
        "readAge": "초등_고학년",
        "form": "long-form",
        "plotSummaryText": "여름이 아닌데도 땀이 흐르던 농부는 부채를 연방 펄럭이며 스님에게 아랫방에서 묵어가라고 말했어요.",
        "textWordEA": 12
      }
    },
    {
      "srcTextID": "7495",
      "srcText": "농부의 푸념을 듣던 스님이 허허허 웃었어요. “그렇다면 이젠 걱정 마시오. 한바탕 비가 쏟아질 테니.” ",
      "srcPage": 8,
      "srcSentenceEA": 3,
      "srcWordEA": 15,
      "character": "농부,스님,비",
      "setting": null,
      "action": "쏟아질",
      "feeling": "걱정 마시오",
      "causalRelationship": null,
      "outcomeResolution": null,
      "prediction": "그렇다면 이젠 걱정 마시오. 한바탕 비가 쏟아질 테니.",
      "plotSummaryInfoCount": 1,
      "plotSummaryInfo": {
        "classification": "의사소통",
        "readAge": "초등_고학년",
        "form": "short-form",
        "plotSummaryText": "농부의 말을 듣고 스님은 이제 비가 쏟아질 것이라고 말하며 웃었어요.",
        "textWordEA": 10
      }
    },
    {
      "srcTextID": "7494",
      "srcText": "“비가 온다고요? 이렇게 날이 맑은데 비는 무슨?” 농부는 이맛살을 찌푸렸어요. “저녁때쯤 분명히 비가 올 거요.” “쳇, 스님이 무슨 부처님이라도 되시오? 비 오긴 이미 그른 하늘이오.” ",
      "srcPage": 9,
      "srcSentenceEA": 6,
      "srcWordEA": 28,
      "character": "비,농부,스님,부처님,하늘",
      "setting": "저녁",
      "action": "온다고요,이맛살을 찌푸렸어요",
      "feeling": null,
      "causalRelationship": null,
      "outcomeResolution": null,
      "prediction": null,
      "plotSummaryInfoCount": 1,
      "plotSummaryInfo": {
        "classification": "의사소통",
        "readAge": "초등_고학년",
        "form": "long-form",
        "plotSummaryText": "스님이 저녁때쯤 비가 올거라고 말하자 농부는 맑은 하늘을 보면서 비가 오긴 글렀다며 이맛살을 찌푸렸어요.",
        "textWordEA": 14
      }
    },
    {
      "srcTextID": "7496",
      "srcText": "“곧 내 말이 맞다는 것을 알게 될 것이오.” “좋소, 좋아. 그리 우기시니 나와 내기를 하시구려. 오늘 밤 비가 쏟아진다면, 저 누렁이를 부처님께 시주하겠소!” ",
      "srcPage": 10,
      "srcSentenceEA": 4,
      "srcWordEA": 25,
      "character": "나,비,누렁이,부처님",
      "setting": "밤",
      "action": "우기시니,쏟아진다면,시주하겠소",
      "feeling": null,
      "causalRelationship": "오늘 밤 비가 쏟아진다면,저 누렁이를 부처님께 시주하겠소.",
      "outcomeResolution": null,
      "prediction": null,
      "plotSummaryInfoCount": 1,
      "plotSummaryInfo": {
        "classification": "의사소통",
        "readAge": "초등_고학년",
        "form": "long-form",
        "plotSummaryText": "농부는 오늘 밤에 비가 쏟아지면 누렁이를 부처님께 시주하겠다며 내기를 하자고 했어요.",
        "textWordEA": 11
      }
    },
    {
      "srcTextID": "7506",
      "srcText": "비가 와서 즐거워하던 농부의 얼굴이 갑자기 어두워졌어요. “아차차, 비가 오면 소를 시주하기로 했지!” 농부는 터벅터벅 외양간으로 가서 소를 끌고 나왔어요. ",
      "srcPage": 19,
      "srcSentenceEA": 3,
      "srcWordEA": 21,
      "character": "비,농부,얼굴,소",
      "setting": "외양간",
      "action": "오면,시주하기로,끌고 나왔어요",
      "feeling": "즐거워하던",
      "causalRelationship": null,
      "outcomeResolution": null,
      "prediction": "농부는 터벅터벅 외양간으로 가서 소를 끌고 나왔어요.",
      "plotSummaryInfoCount": 1,
      "plotSummaryInfo": {
        "classification": "의사소통",
        "readAge": "초등_고학년",
        "form": "short-form",
        "plotSummaryText": "즐거워하던 농부가 비가 오면 소를 시주하기로 한 것이 생각나 어두워진 얼굴로 외양간에서 소를 끌고 나왔어요.",
        "textWordEA": 15
      }
    }
  ]
}