{
  "title": "페로 동화",
  "author": "샤를 페로",
  "illustrator": "김미연",
  "isbn": "9791128217913",
  "publishedYear": 2019,
  "publisher": "아람북스",
  "paragraphInfoCount": 20,
  "paragraphInfo": [
    {
      "srcTextID": "118616",
      "srcText": "옛날 어느 마을에 마음씨 착한 소녀가 부모님과 함께 행복하게 살고 있었어요. 그러던 어느 날, 소녀에게 갑작스러운 불행이 닥쳤어요. 엄마가 그만 병에 걸려 자리에 눕고 만 거예요.",
      "srcPage": 1,
      "srcSentenceEA": 3,
      "srcWordEA": 28,
      "character": "소녀,부모님,엄마",
      "setting": "옛날 어느 마을,어느 날",
      "action": "살고,병에 걸려,눕고",
      "feeling": "착한,행복하게",
      "causalRelationship": null,
      "outcomeResolution": null,
      "prediction": null,
      "plotSummaryInfoCount": 1,
      "plotSummaryInfo": {
        "classification": "의사소통",
        "readAge": "초등_고학년",
        "form": "short-form",
        "plotSummaryText": "옛날 어느 마을에 마음씨 착한 소녀가 부모님과 함께 행복하게 살고 있었는데, 엄마가 그만 병에 걸려 자리에 눕고 말았습니다.",
        "textWordEA": 18
      }
    },
    {
      "srcTextID": "118615",
      "srcText": "소녀는 엄마의 곁을 떠나지 않고 정성껏 간호했지만, 엄마의 병은 점점 깊어만 갔어요.  결국 몇 달 뒤 엄마는 가엾은 딸을 남겨 둔 채 숨을 거두고 말았어요. 다음 해 봄이 되자, 소녀의 아빠는 새엄마를 맞아 들였어요.",
      "srcPage": 2,
      "srcSentenceEA": 3,
      "srcWordEA": 37,
      "character": "소녀,엄마,딸,아빠,새엄마",
      "setting": "몇 달 뒤,다음 해,봄",
      "action": "떠나지 않고,간호했지만,숨을 거두고,맞아 들였어요",
      "feeling": "가엾은",
      "causalRelationship": null,
      "outcomeResolution": null,
      "prediction": null,
      "plotSummaryInfoCount": 1,
      "plotSummaryInfo": {
        "classification": "의사소통",
        "readAge": "초등_고학년",
        "form": "short-form",
        "plotSummaryText": "소녀는 엄마의 곁을 떠나지 않고 정성껏 간호했지만 결국 몇 달 뒤 엄마는 가엾은 딸을 남겨 둔 채 숨을 거두었고, 소녀의 아빠는 새엄마를 맞아 들였습니다.",
        "textWordEA": 24
      }
    },
    {
      "srcTextID": "118618",
      "srcText": "그저 소녀를 애처롭게 바라볼 뿐이었어요. 마음씨 착한 소녀는 아빠가 걱정할까 봐 아무런 내색도 하지 않았지요. 집안일이 모두 끝나면 소녀는 너무 지쳐 다락방으로 올라갈 힘조차 없었어요.",
      "srcPage": 6,
      "srcSentenceEA": 3,
      "srcWordEA": 27,
      "character": "소녀,아빠",
      "setting": "다락방",
      "action": "바라볼,끝나면,올라갈",
      "feeling": "애처롭게,착한",
      "causalRelationship": null,
      "outcomeResolution": null,
      "prediction": null,
      "plotSummaryInfoCount": 1,
      "plotSummaryInfo": {
        "classification": "의사소통",
        "readAge": "초등_고학년",
        "form": "short-form",
        "plotSummaryText": "집안일이 끝나면 소녀는 너무 지쳐 다락방으로 올라갈 힘조차 없었지만 마음씨 착한 소녀는 아빠가 걱정할까 봐 아무런 내색도 하지 않았습니다.",
        "textWordEA": 19
      }
    },
    {
      "srcTextID": "118621",
      "srcText": "언니들은 깔깔 웃으며 소녀를 놀려 댔어요. 신데렐라는 ‘재를 뒤집어쓴 소녀’라는 뜻이에요. 그러던 어느 날, 궁전에서 왕자의 신붓감을 뽑는 무도회가 열린다는 소식이 전해졌어요.",
      "srcPage": 8,
      "srcSentenceEA": 4,
      "srcWordEA": 25,
      "character": "언니들,소녀,재,왕자,신붓감",
      "setting": "어느 날,궁전,무도회",
      "action": "웃으며,놀려 댔어요,뒤집어 쓴,뽑는",
      "feeling": null,
      "causalRelationship": null,
      "outcomeResolution": null,
      "prediction": null,
      "plotSummaryInfoCount": 1,
      "plotSummaryInfo": {
        "classification": "의사소통",
        "readAge": "초등_고학년",
        "form": "long-form",
        "plotSummaryText": "재를 뒤집어쓴 소녀라는 뜻으로 신데렐라라고 놀려 대며 언니들은 웃었고, 그러던 어느 날 궁전에서 왕자의 신붓감을 뽑는 무도회 소식이 전해졌습니다.",
        "textWordEA": 19
      }
    },
    {
      "srcTextID": "118620",
      "srcText": "사흘 동안 열리는 무도회에 나라의 모든 소녀들이 초대를 받았지요. 새엄마와 언니들은 무도회에 갈 때 입을 옷과 모자, 신발 등을 고르느라 바빴어요. 신데렐라도 언니들처럼 무도회에 가고 싶었어요.",
      "srcPage": 9,
      "srcSentenceEA": 3,
      "srcWordEA": 28,
      "character": "소녀들,새엄마,언니들,옷,모자,신발,신데렐라",
      "setting": "시흘 동안,무도회,나라",
      "action": "초대를 받았지요,고르느라",
      "feeling": null,
      "causalRelationship": null,
      "outcomeResolution": null,
      "prediction": null,
      "plotSummaryInfoCount": 1,
      "plotSummaryInfo": {
        "classification": "의사소통",
        "readAge": "초등_고학년",
        "form": "short-form",
        "plotSummaryText": "무도회에 나라의 모든 소녀들이 초대를 받아 새엄마와 언니들도 무도회에 갈 때 입을 옷들을 고르느라 바빴으며, 신데렐라도 언니들처럼 무도회에 가고 싶었습니다.",
        "textWordEA": 20
      }
    },
    {
      "srcTextID": "118622",
      "srcText": "그럼 집안일을 모두 끝낸 다음에 오렴, 호호.” “쓸데없는 소리 하지 말고 어서 가자. 저런 차림으로 무도회에 가 봤자 망신당할 게 뻔해.”",
      "srcPage": 12,
      "srcSentenceEA": 3,
      "srcWordEA": 22,
      "character": null,
      "setting": "무도회",
      "action": "끝낸,오렴,하지 말고,가자,가 봤자,망신당할",
      "feeling": null,
      "causalRelationship": null,
      "outcomeResolution": null,
      "prediction": null,
      "plotSummaryInfoCount": 1,
      "plotSummaryInfo": {
        "classification": "의사소통",
        "readAge": "초등_고학년",
        "form": "short-form",
        "plotSummaryText": "집안일을 끝낸 다음에 오라고 하며 저런 차림으로 무도회에 가 봤자 망신당할 게 뻔하다고 했습니다.",
        "textWordEA": 14
      }
    },
    {
      "srcTextID": "118629",
      "srcText": "새엄마와 언니들이 서둘러 집을 나섰어요. 혼자 남은 신데렐라는 그제야 참았던 울음을 터뜨렸어요. 바로 그때 창문에서 갑자기 환한 빛이 비치더니 웬 할머니가 나타났어요.",
      "srcPage": 14,
      "srcSentenceEA": 3,
      "srcWordEA": 24,
      "character": "새엄마,언니들,신데렐라,할머니",
      "setting": "집,바로 그때,창문",
      "action": "나섰어요,울음을 터뜨렸어요,비치더니,나타났어요",
      "feeling": null,
      "causalRelationship": null,
      "outcomeResolution": null,
      "prediction": null,
      "plotSummaryInfoCount": 1,
      "plotSummaryInfo": {
        "classification": "의사소통",
        "readAge": "초등_고학년",
        "form": "short-form",
        "plotSummaryText": "새엄마와 언니들이 집을 나서고 혼자 남은 신데렐라가 참았던 울음을 터뜨리자, 그때 창문에서 빛이 비치더니 웬 할머니가 나타났습니다.",
        "textWordEA": 17
      }
    },
    {
      "srcTextID": "118632",
      "srcText": "신데렐라는 깜짝 놀라서 물었어요. “네? 할머니가 어떻게요?” “밭에 가서 잘 익은 호박 한 개만 따 오너라.”",
      "srcPage": 16,
      "srcSentenceEA": 3,
      "srcWordEA": 17,
      "character": "신데렐라,할머니,호박",
      "setting": "밭",
      "action": "물었어요,가서,따 오너라",
      "feeling": "깜짝 놀라서",
      "causalRelationship": null,
      "outcomeResolution": null,
      "prediction": null,
      "plotSummaryInfoCount": 1,
      "plotSummaryInfo": {
        "classification": "의사소통",
        "readAge": "초등_고학년",
        "form": "short-form",
        "plotSummaryText": "신데렐라가 깜짝 놀라서 어떻게 할지 물었더니, 할머니는 밭에 가서 잘 익은 호박 한 개만 따 오라고 했습니다.",
        "textWordEA": 17
      }
    },
    {
      "srcTextID": "118630",
      "srcText": "신데렐라는 가장 크고 잘 익은 호박 한 개를 따 왔어요. 요정 할머니는 요술봉으로 호박을 톡 건드렸어요. 그러자 호박은 눈 깜짝할 사이에 금빛 마차로 변했어요.",
      "srcPage": 17,
      "srcSentenceEA": 3,
      "srcWordEA": 26,
      "character": "신데렐라,호박,요정,할머니,요술봉,금빛 마차",
      "setting": null,
      "action": "따 왔어요,건드렸어요,변했어요",
      "feeling": null,
      "causalRelationship": null,
      "outcomeResolution": null,
      "prediction": null,
      "plotSummaryInfoCount": 1,
      "plotSummaryInfo": {
        "classification": "의사소통",
        "readAge": "초등_고학년",
        "form": "short-form",
        "plotSummaryText": "신데렐라가 따 온 호박을 요정 할머니가 요술봉으로 건드리자, 호박은 눈 깜짝할 사이에 금빛 마차로 변했습니다.",
        "textWordEA": 15
      }
    },
    {
      "srcTextID": "118631",
      "srcText": "신데렐라는 깜짝 놀라 눈이 휘둥그레졌어요. “이번에는 쥐덫이 있는 곳으로 가자.” 신데렐라는 요정 할머니를 부엌으로 데리고 갔어요.",
      "srcPage": 18,
      "srcSentenceEA": 3,
      "srcWordEA": 17,
      "character": "신데렐라,눈,쥐덫,요정,할머니",
      "setting": "부엌",
      "action": "휘둥그레졋어요,가자,데리고 갔어요",
      "feeling": null,
      "causalRelationship": null,
      "outcomeResolution": null,
      "prediction": null,
      "plotSummaryInfoCount": 1,
      "plotSummaryInfo": {
        "classification": "의사소통",
        "readAge": "초등_고학년",
        "form": "short-form",
        "plotSummaryText": "놀란 신데렐라에게 요정 할머니가 쥐덫이 있는 곳으로 가자고 해서, 신데렐라는 부엌으로 요정 할머니를 데리고 갔습니다.",
        "textWordEA": 15
      }
    },
    {
      "srcTextID": "118628",
      "srcText": "부엌 구석에 놓인 쥐덫에는 쥐 여섯 마리가 찍찍거리고 있었어요. “신데렐라, 쥐들을 한 마리씩 풀어 주어라.” 요정 할머니는 요술봉으로 쪼르르 뛰어나오는 쥐들을 톡!",
      "srcPage": 19,
      "srcSentenceEA": 3,
      "srcWordEA": 23,
      "character": "쥐덫,쥐,신데렐라,쥐들,요정,할머니,요술봉",
      "setting": "부엌",
      "action": "찍찍거리고,풀어 주어라,뛰어나오는",
      "feeling": null,
      "causalRelationship": null,
      "outcomeResolution": null,
      "prediction": null,
      "plotSummaryInfoCount": 1,
      "plotSummaryInfo": {
        "classification": "의사소통",
        "readAge": "초등_고학년",
        "form": "short-form",
        "plotSummaryText": "쥐 여섯 마리가 부엌 구석에 놓인 쥐덫에 있었는데, 한 마리씩 풀어 주라고 말한 요정 할머니는 뛰어나오는 쥐들을 요술봉으로 톡 건드렸습니다.",
        "textWordEA": 20
      }
    },
    {
      "srcTextID": "118614",
      "srcText": "성질이 고약한 새엄마는 자기와 똑 닮은 두 딸을 데리고 왔어요. 소녀는 언니들이 생겨서 기뻤지만, 두 언니는 소녀를 별로 좋아하지 않았어요. 새엄마도 소녀를 못마땅하게 여겼지요.",
      "srcPage": 3,
      "srcSentenceEA": 3,
      "srcWordEA": 26,
      "character": "새엄마,딸,소녀,언니들",
      "setting": null,
      "action": "데리고 왔어요,생겨서",
      "feeling": "기뻤지만,좋아하지 않았어요",
      "causalRelationship": null,
      "outcomeResolution": null,
      "prediction": null,
      "plotSummaryInfoCount": 1,
      "plotSummaryInfo": {
        "classification": "의사소통",
        "readAge": "초등_고학년",
        "form": "short-form",
        "plotSummaryText": "성질이 고약한 새엄마는 두 딸을 데리고 왔고, 소녀는 언니들이 생겨서 기뻤지만 두 언니와 새엄마는 소녀를 별로 좋아하지 않았습니다.",
        "textWordEA": 18
      }
    },
    {
      "srcTextID": "118627",
      "srcText": "그러자 쥐들은 눈 깜짝할 사이에 훌륭한 말로 변했어요. 신데렐라는 눈앞에서 벌어지고 있는 일들을 도저히 믿을 수가 없었어요. “이제 친절한 마부만 있으면 되겠구나.”",
      "srcPage": 20,
      "srcSentenceEA": 3,
      "srcWordEA": 23,
      "character": "쥐들,눈,말,신데렐라,마부",
      "setting": null,
      "action": "변했어요,벌어지고",
      "feeling": null,
      "causalRelationship": null,
      "outcomeResolution": null,
      "prediction": "이제 친절한 마부만 있으면 되겠구나.",
      "plotSummaryInfoCount": 1,
      "plotSummaryInfo": {
        "classification": "의사소통",
        "readAge": "초등_고학년",
        "form": "short-form",
        "plotSummaryText": "눈 깜짝할 사이에 쥐들은 훌륭한 말로 변했고, 신데렐라는 눈앞에서 벌어지고 있는 일들을 도저히 믿을 수가 없었습니다.",
        "textWordEA": 16
      }
    },
    {
      "srcTextID": "118623",
      "srcText": "새엄마가 딱 잘라 말했어요. 신데렐라는 언니들의 드레스를 입혀 주고, 언니들의 머리를 가지런히 빗겨 주었어요. “신데렐라, 너도 무도회에 가고 싶니?",
      "srcPage": 11,
      "srcSentenceEA": 3,
      "srcWordEA": 20,
      "character": "새엄마,신데렐라,언니들,드레스,머리,너",
      "setting": "무도회",
      "action": "말했어요,입혀 주고,빗겨 주었어요",
      "feeling": null,
      "causalRelationship": null,
      "outcomeResolution": null,
      "prediction": null,
      "plotSummaryInfoCount": 1,
      "plotSummaryInfo": {
        "classification": "의사소통",
        "readAge": "초등_고학년",
        "form": "short-form",
        "plotSummaryText": "신데렐라가 언니들의 드레스를 입혀주고 언니들의 머리를 가지런히 빗겨 주자, 언니들은 신데렐라도 무도회가 가고 싶냐고 물었습니다.",
        "textWordEA": 15
      }
    },
    {
      "srcTextID": "118613",
      "srcText": "새엄마는 아빠의 눈을 피해 소녀에게 누더기를 입히고 집안일을 시켰어요. 새엄마와 언니들의 식사가 끝나면 소녀는 설거지를 해야 했고, 새엄마와 언니들의 방을 먼지 하나 없이 깨끗하게 치워 놓아야 했지요. 집안일은 해도 해도 끝이 없었어요.",
      "srcPage": 4,
      "srcSentenceEA": 3,
      "srcWordEA": 34,
      "character": "새엄마,아빠,눈,누더기,언니들,소녀",
      "setting": "방",
      "action": "피해,입히고,시켰어요,식사가 끝나면,설거지를 해야,치워 놓아야",
      "feeling": null,
      "causalRelationship": null,
      "outcomeResolution": null,
      "prediction": null,
      "plotSummaryInfoCount": 1,
      "plotSummaryInfo": {
        "classification": "의사소통",
        "readAge": "초등_고학년",
        "form": "short-form",
        "plotSummaryText": "새엄마는 아빠의 눈을 피해 소녀에게 누더기를 입히고 설거지와 새엄마와 언니들의 방을 치우는 집안일을 시켰고 집안일은 해도 해도 끝이 없었습니다.",
        "textWordEA": 19
      }
    },
    {
      "srcTextID": "118619",
      "srcText": "두 언니는 소녀를 따라다니며 못살게 굴었어요. 밤이 되면 소녀는 초라한 다락방에서 추위에 오들오들 떨며 잠을 잤어요. 새엄마의 구박은 나날이 심해졌지만, 소녀의 아빠는 새엄마의 눈치를 보느라 아무 말도 못 했어요.",
      "srcPage": 5,
      "srcSentenceEA": 3,
      "srcWordEA": 31,
      "character": "언니,소녀,새엄마,아빠",
      "setting": "밤,다락방",
      "action": "따라다니며,못살게 굴었어요,떨며,잤어요,눈치를 보느라,말도 못 했어요",
      "feeling": null,
      "causalRelationship": null,
      "outcomeResolution": null,
      "prediction": null,
      "plotSummaryInfoCount": 1,
      "plotSummaryInfo": {
        "classification": "의사소통",
        "readAge": "초등_고학년",
        "form": "short-form",
        "plotSummaryText": "두 언니는 소녀를 따라다니며 못살게 굴었고, 새엄마의 구박은 나날이 심해져 밤이 되면 소녀는 초라한 다락방에서 추위에 떨며 잠을 잤습니다.",
        "textWordEA": 19
      }
    },
    {
      "srcTextID": "118617",
      "srcText": "그래서 늘 부엌 아궁이 근처에 쌓아 놓은 잿더미 옆에서 잠이 들고는 했지요. “얘는 온통 시커먼 재투성이네. 이제부터 얘를 ‘신데렐라’라고 부르자.”",
      "srcPage": 7,
      "srcSentenceEA": 4,
      "srcWordEA": 22,
      "character": "잿더미,얘,신데렐라",
      "setting": "부엌 아궁이",
      "action": "쌓아 놓은,잠이 들고는,부르자",
      "feeling": null,
      "causalRelationship": null,
      "outcomeResolution": null,
      "prediction": null,
      "plotSummaryInfoCount": 1,
      "plotSummaryInfo": {
        "classification": "의사소통",
        "readAge": "초등_고학년",
        "form": "long-form",
        "plotSummaryText": "늘 부엌 아궁이 근처에 쌓아 놓은 잿더미 옆에서 잠이 들어서 시커먼 재투성이었던 아이를 신데렐라고 부르자고 했습니다.",
        "textWordEA": 16
      }
    },
    {
      "srcTextID": "118625",
      "srcText": "하지만 신데렐라에게는 예쁜 옷과 신발이 없었어요. “신데렐라, 넌 무도회에 갈 수 없어. 우선 언니들의 몸치장을 거들어 준 다음, 밀린 집안일이나 해!”",
      "srcPage": 10,
      "srcSentenceEA": 3,
      "srcWordEA": 22,
      "character": "신데렐라,옷,신발,언니들",
      "setting": "무도회",
      "action": "갈 수 없어,거들어 준",
      "feeling": "예쁜",
      "causalRelationship": null,
      "outcomeResolution": null,
      "prediction": null,
      "plotSummaryInfoCount": 1,
      "plotSummaryInfo": {
        "classification": "의사소통",
        "readAge": "초등_고학년",
        "form": "short-form",
        "plotSummaryText": "신데렐라에게는 예쁜 옷과 신발이 없었기에 언니들은 넌 무도회에 갈 수 없으니 자신들의 몸치장을 거들어 준 다음 밀린 집안일이나 하라고 했습니다.",
        "textWordEA": 20
      }
    },
    {
      "srcTextID": "118624",
      "srcText": "새엄마와 언니들은 초라한 신데렐라를 보며 한참 동안 깔깔 웃어 댔어요. “신데렐라, 집안일이나 하고 있어. 그게 너에게 딱 어울리니까 말이야.”",
      "srcPage": 13,
      "srcSentenceEA": 3,
      "srcWordEA": 20,
      "character": "새엄마,언니들,신데렐라,너",
      "setting": null,
      "action": "보며,웃어 댔어요,하고 있어",
      "feeling": null,
      "causalRelationship": null,
      "outcomeResolution": null,
      "prediction": null,
      "plotSummaryInfoCount": 1,
      "plotSummaryInfo": {
        "classification": "의사소통",
        "readAge": "초등_고학년",
        "form": "short-form",
        "plotSummaryText": "새엄마와 언니들은 초라한 신데렐라를 보며 너에게 딱 어울리니까 집안일이나 하고 있으라면서 웃어 댔습니다.",
        "textWordEA": 13
      }
    },
    {
      "srcTextID": "118626",
      "srcText": "그 할머니는 요정이었어요. “신데렐라, 울지 말아라. 내가 무도회에 보내 주마!”",
      "srcPage": 15,
      "srcSentenceEA": 3,
      "srcWordEA": 11,
      "character": "할머니,요정,신데렐라",
      "setting": "무도회",
      "action": "울지 말아라,보내 주마",
      "feeling": null,
      "causalRelationship": null,
      "outcomeResolution": null,
      "prediction": null,
      "plotSummaryInfoCount": 1,
      "plotSummaryInfo": {
        "classification": "의사소통",
        "readAge": "초등_고학년",
        "form": "short-form",
        "plotSummaryText": "할머니 요정이 신데렐라에게 무도회를 보내 줄 테니 울지 말라고 했습니다.",
        "textWordEA": 10
      }
    }
  ]
}