{
  "title": "나처럼 그려봐!",
  "author": "이민진",
  "illustrator": "오은영",
  "isbn": "9788961911405",
  "publishedYear": 2008,
  "publisher": "한얼교육",
  "paragraphInfoCount": 17,
  "paragraphInfo": [
    {
      "srcTextID": "14081",
      "srcText": "풍덩! “앗, 차가워!” 민이의 얼굴에 연못 물이 튀었어요. “어? 내가 졸았나 봐!” 민이는 조금 아쉬웠지만, 스케치북과 크레용을 주섬주섬 챙겨 집으로 향했어요.",
      "srcPage": 15,
      "srcSentenceEA": 4,
      "srcWordEA": 24,
      "character": "민이,스케치북,크레용,연못 물,얼굴",
      "setting": "연못,집",
      "action": "튀었어요,향했어요,졸았나 봐,챙겨",
      "feeling": null,
      "causalRelationship": null,
      "outcomeResolution": null,
      "prediction": null,
      "plotSummaryInfoCount": 1,
      "plotSummaryInfo": {
        "classification": "의사소통",
        "readAge": "초등_고학년",
        "form": "long-form",
        "plotSummaryText": "졸던 민이의 얼굴에 물이 튀었고, 아쉬운 마음을 가지고 민이는 스케치북과 크레용을 챙겨 집으로 향했다.",
        "textWordEA": 14
      }
    },
    {
      "srcTextID": "14007",
      "srcText": "“민아, 노랑 크레용 좀 빌려줄래?” “여기 있어. 가져가서 써.” 민이는 남이 보지 못하게 가린 채 고개도 들지 않고 그림을 그렸어요. “민아, 바르게 앉아서 그림을 그려야지.” 선생님이 민이의 어깨를 톡톡 치며 말했어요. “아, 아니요. 전 이게 편해요.”",
      "srcPage": 1,
      "srcSentenceEA": 8,
      "srcWordEA": 40,
      "character": "노랑 크레용,고개,그림,선생님,민이,민이의 어깨,전",
      "setting": null,
      "action": "빌려 줄래,가져가서,써,그렸어요,앉아서,치며,말했어요,보지 못하게,들지 않고,그려야지,가린",
      "feeling": null,
      "causalRelationship": null,
      "outcomeResolution": null,
      "prediction": null,
      "plotSummaryInfoCount": 1,
      "plotSummaryInfo": {
        "classification": "의사소통",
        "readAge": "초등_고학년",
        "form": "long-form",
        "plotSummaryText": "남이 보지 못하게 가린 채 고개도 들지 않고 그림을 그리는 민이에게 선생님은 바르게 앉아서 그림을 그리라고 말했다.",
        "textWordEA": 17
      }
    },
    {
      "srcTextID": "14011",
      "srcText": "교실 벽에 친구들이 그린 그림이 나란히 붙었어요. 친구들은 그림을 보며 종알종알 이야기했지요. “민아, 저건 뭘 그린 거야? 하마야?” “아냐! 우리 엄마야!”",
      "srcPage": 2,
      "srcSentenceEA": 5,
      "srcWordEA": 24,
      "character": "친구들,그림,하마,엄마",
      "setting": "교실 벽",
      "action": "그린,붙었어요,보며,이야기했지요,그린 거야",
      "feeling": null,
      "causalRelationship": null,
      "outcomeResolution": null,
      "prediction": null,
      "plotSummaryInfoCount": 1,
      "plotSummaryInfo": {
        "classification": "의사소통",
        "readAge": "초등_고학년",
        "form": "long-form",
        "plotSummaryText": "친구들이 민이의 그림을 보고 하마를 그린 거냐고 물었고 민이는 엄마를 그린 거라고 했다.",
        "textWordEA": 13
      }
    },
    {
      "srcTextID": "14046",
      "srcText": "“이 정도쯤이야! 뭐.” 민이는 갑자기 우쭐해졌어요. “이 그림 너한테 선물로 줄게.” 두더지는 민이에게 고맙다는 인사를 열 번이나 하고는 그림을 들고 땅속으로 쏙 들어갔어요.",
      "srcPage": 9,
      "srcSentenceEA": 5,
      "srcWordEA": 26,
      "character": "민이,그림,선물,두더지",
      "setting": "땅속",
      "action": "줄게,들고,들어갔어요,인사를 열 번이나 하고",
      "feeling": null,
      "causalRelationship": null,
      "outcomeResolution": null,
      "prediction": null,
      "plotSummaryInfoCount": 1,
      "plotSummaryInfo": {
        "classification": "의사소통",
        "readAge": "초등_고학년",
        "form": "long-form",
        "plotSummaryText": "우쭐해진 민이는 두더지에게 선물로 그림을 주었고, 두더지는 민이에게 고맙다는 인사를 열 번이나 했다.",
        "textWordEA": 13
      }
    },
    {
      "srcTextID": "14049",
      "srcText": "“뭐가 멋지다는 거야?” “네 그림 말이야. 어떻게 ‘날개팔랑알록달록새’를 아니? 아주 옛날에 살던 귀한 새야. 아무도 이 새를 제대로 그린 적이 없는데, 지금 네가 그렸잖아!” 민이는 그 말에 또 우쭐해져서 파랑새에게 그림을 선물했어요.",
      "srcPage": 11,
      "srcSentenceEA": 7,
      "srcWordEA": 37,
      "character": "그림,날개팔랑알록달록새,새,파랑새,민이",
      "setting": null,
      "action": "살던,그렸잖아,선물했어요,그린",
      "feeling": null,
      "causalRelationship": "민이는 그 말에 또 우쭐해져서 파랑새에게 그림을 선물했어요.",
      "outcomeResolution": null,
      "prediction": null,
      "plotSummaryInfoCount": 1,
      "plotSummaryInfo": {
        "classification": "의사소통",
        "readAge": "초등_고학년",
        "form": "long-form",
        "plotSummaryText": "파랑새는 아주 옛날에 살았던 날개팔랑알록달록새를 제대로 그린 적이 없는데 민이가 그렸다며 정말 멋지다고 말했고,  민이는 파랑새에게 그림을 선물했다.",
        "textWordEA": 19
      }
    },
    {
      "srcTextID": "14087",
      "srcText": "집에 돌아온 민이는 생각했지요. ‘그래! 그림은 즐겁고 신나게 그리는 게 중요해. 내가 느끼는 대로 그리면 되는 거지 뭐!’ 민이는 힘차게 크레용을 들었어요. “자! 오늘 만난 친구들을 그려 볼까?”",
      "srcPage": 16,
      "srcSentenceEA": 6,
      "srcWordEA": 33,
      "character": "민이,그림,크레용,친구들",
      "setting": "집",
      "action": "돌아온,그리면,들었어요,만난,그려 볼까",
      "feeling": null,
      "causalRelationship": null,
      "outcomeResolution": null,
      "prediction": null,
      "plotSummaryInfoCount": 1,
      "plotSummaryInfo": {
        "classification": "의사소통",
        "readAge": "초등_고학년",
        "form": "long-form",
        "plotSummaryText": "집에 돌아온 민이는 그림은 즐겁고 신나게 그리는 게 중요하다며, 오늘 만난 친구들을 그려 보기로 했다.",
        "textWordEA": 15
      }
    },
    {
      "srcTextID": "14093",
      "srcText": " “민이야, 지금 뭐 그리는 거야?” “아, 이거? ‘입삐뚤코삐뚤이상해왕자’야. 그 나라 사람들은 이렇게 생겼거든. 너희도 나처럼 마음껏 그려 봐!” 민이는 이제 미술 시간이 가장 즐거워졌어요.",
      "srcPage": 17,
      "srcSentenceEA": 6,
      "srcWordEA": 29,
      "character": "민이,입삐뚤코삐뚤이상해왕자,사람들,나",
      "setting": "미술 시간",
      "action": "그리는,그려 봐",
      "feeling": "즐거워졌어요.",
      "causalRelationship": null,
      "outcomeResolution": "민이는 이제 미술 시간이 가장 즐거워졌어요.",
      "prediction": null,
      "plotSummaryInfoCount": 1,
      "plotSummaryInfo": {
        "classification": "의사소통",
        "readAge": "초등_고학년",
        "form": "long-form",
        "plotSummaryText": "입삐뚤코삐뚤이상해왕자를 그린다며 너희도 마음껏 그려보라고 말하는 민이는 이제 미술 시간이 가장 즐거워졌다.",
        "textWordEA": 12
      }
    },
    {
      "srcTextID": "14010",
      "srcText": "“그럼, 저건 뭐야? 돼지?” “아냐! 내 동생이란 말이야!” 친구들이 그림을 보고 놀리자 민이는 속이 엄청나게 상했어요.",
      "srcPage": 3,
      "srcSentenceEA": 4,
      "srcWordEA": 19,
      "character": "돼지,내 동생,친구들,그림,민이",
      "setting": null,
      "action": "보고,놀리자",
      "feeling": null,
      "causalRelationship": null,
      "outcomeResolution": null,
      "prediction": null,
      "plotSummaryInfoCount": 1,
      "plotSummaryInfo": {
        "classification": "의사소통",
        "readAge": "초등_고학년",
        "form": "long-form",
        "plotSummaryText": "동생을 그린 민이 그림을 돼지냐며 친구들이 놀리자, 민이는 속이 엄청나게 상했다.",
        "textWordEA": 11
      }
    },
    {
      "srcTextID": "14041",
      "srcText": "집에 오자마자 민이는 엄마에게 투정을 부렸어요. “엄마, 난 왜 이렇게 그림을 못 그려?” 엄마가 보기에는 엄마의 큰 입과 동생의 통통한 볼을 잘 그린 것 같은데?",
      "srcPage": 4,
      "srcSentenceEA": 3,
      "srcWordEA": 26,
      "character": "민이,엄마,그림,입,동생,볼",
      "setting": "집",
      "action": "오자마자,못 그려,잘 그린",
      "feeling": null,
      "causalRelationship": null,
      "outcomeResolution": null,
      "prediction": null,
      "plotSummaryInfoCount": 1,
      "plotSummaryInfo": {
        "classification": "의사소통",
        "readAge": "초등_고학년",
        "form": "short-form",
        "plotSummaryText": "집에 오자마자 민이는 왜 나는 이렇게 그림을 못 그리냐며 엄마에게 투정을 부렸다.",
        "textWordEA": 12
      }
    },
    {
      "srcTextID": "14040",
      "srcText": "그림은 똑같이 그리는 게 중요한 게 아니야. 그저 즐겁게 그리면 되는 거란다. 그래도 민이의 기분은 좋아지지 않았어요.",
      "srcPage": 5,
      "srcSentenceEA": 3,
      "srcWordEA": 19,
      "character": "그림,민이",
      "setting": null,
      "action": "그리는,그리면 되는",
      "feeling": "좋아지지 않았어요",
      "causalRelationship": null,
      "outcomeResolution": null,
      "prediction": null,
      "plotSummaryInfoCount": 1,
      "plotSummaryInfo": {
        "classification": "의사소통",
        "readAge": "초등_고학년",
        "form": "short-form",
        "plotSummaryText": "그림은 즐겁게 그리면 되는 거라지만, 민이의 기분은 좋아지지 않았다.",
        "textWordEA": 9
      }
    },
    {
      "srcTextID": "14043",
      "srcText": "민이는 스케치북과 크레용을 들고 밖으로 나갔어요. “두고 봐. 열심히 그림 연습을 해서 모두 깜짝 놀라게 해 줄 테니까!” 민이는 아무도 없는 곳을 찾아 숲속 깊이 걸어 들어갔어요. 한참을 가자, 초록 풀밭이 넓게 펼쳐진 들판이 나왔어요.",
      "srcPage": 6,
      "srcSentenceEA": 5,
      "srcWordEA": 38,
      "character": "민이,스케치북,크레용,초록 풀",
      "setting": "밖으로,아무도 없는 곳,들판,숲 속 깊이,한참",
      "action": "들고,나갔어요,찾아,걸어,들어갔어요,가자,나왔어요,연습을 해서,해 줄",
      "feeling": null,
      "causalRelationship": null,
      "outcomeResolution": null,
      "prediction": null,
      "plotSummaryInfoCount": 1,
      "plotSummaryInfo": {
        "classification": "의사소통",
        "readAge": "초등_고학년",
        "form": "long-form",
        "plotSummaryText": "열심히 그림 연습을 해서 모두를 깜짝 놀라게 해 주려는 민이는 스케치북과 크레용을 들고 밖으로 나와 숲속 깊이 걸어 들어갔다.",
        "textWordEA": 19
      }
    },
    {
      "srcTextID": "14044",
      "srcText": "들판에 토끼 한 마리가 깡충깡충 뛰어다녔어요. “토끼를 그려야지.” 민이가 열심히 토끼를 그리고 있는데, 어디선가 말소리가 들렸어요. “오, 대단한걸!” 주위를 둘러보니 두더지가 고개를 내밀고 민이의 그림을 바라보고 있네요.",
      "srcPage": 7,
      "srcSentenceEA": 5,
      "srcWordEA": 29,
      "character": "토끼,민이,두더지,고개,민이의 그림",
      "setting": "들판",
      "action": "뛰어다녔어요,그려야지,그리고,들렸어요,둘러보니,내밀고,바라보고",
      "feeling": null,
      "causalRelationship": null,
      "outcomeResolution": null,
      "prediction": null,
      "plotSummaryInfoCount": 1,
      "plotSummaryInfo": {
        "classification": "의사소통",
        "readAge": "초등_고학년",
        "form": "long-form",
        "plotSummaryText": "민이가 토끼를 그리고 있는데, 두더지가 고개를 내밀고 민이의 그림을 바라보며 대단하다고 말했다.",
        "textWordEA": 12
      }
    },
    {
      "srcTextID": "14045",
      "srcText": "“뭐가 대단하다는 거야?” “네 그림 말이야. 어떻게 ‘귀길쭉발길쭉땅땅이’를 아니? 아주 오래전에 땅속에 살았던 동물이야. 아무도 이 동물을 제대로 그린 적이 없는데 지금 네가 그렸잖아!”",
      "srcPage": 8,
      "srcSentenceEA": 6,
      "srcWordEA": 28,
      "character": "그림,귀길쭉발길쭉땅땅이,동물",
      "setting": "땅속",
      "action": "살았던,그린,그렸잖아",
      "feeling": null,
      "causalRelationship": null,
      "outcomeResolution": null,
      "prediction": null,
      "plotSummaryInfoCount": 1,
      "plotSummaryInfo": {
        "classification": "의사소통",
        "readAge": "초등_고학년",
        "form": "long-form",
        "plotSummaryText": "아주 오래전에 땅속에 살았던 귀길쭉발길쭉땅땅이를 아무도 제대로 그린 적이 없는데 민이가 그려서 대단하다고 말했다.",
        "textWordEA": 14
      }
    },
    {
      "srcTextID": "14047",
      "srcText": "민이는 들판을 걸어가다가 커다란 나무를 보았어요. “저 새를 그리면 좋겠다.” 민이는 나무에 앉은 새를 열심히 그렸어요. “정말 멋져!” 난데없는 말소리에 민이가 둘러보니, 파랑새가 날개를 파닥이며 민이의 그림을 바라보고 있었어요.",
      "srcPage": 10,
      "srcSentenceEA": 5,
      "srcWordEA": 31,
      "character": "민이,새,파랑새,날개,그림",
      "setting": "들판,나무",
      "action": "걸어가다가,보았어요,그리면,앉은,그렸어요,둘러보니,파닥이며,바라보고",
      "feeling": null,
      "causalRelationship": null,
      "outcomeResolution": null,
      "prediction": null,
      "plotSummaryInfoCount": 1,
      "plotSummaryInfo": {
        "classification": "의사소통",
        "readAge": "초등_고학년",
        "form": "long-form",
        "plotSummaryText": "민이가 새를 열심히 그리고 있는데, 파랑새가 정말 멋지다며 민이의 그림을 보고 있었다.",
        "textWordEA": 12
      }
    },
    {
      "srcTextID": "14052",
      "srcText": "민이는 들판을 걸어가다가 맑은 연못 속을 헤엄치는 물고기를 보았어요. “저 물고기를 한번 그려 볼까?” 민이는 물속의 물고기를 열심히 그렸지요. “정말 훌륭해!” 이번에는 개구리가 동글동글 눈을 뜨고 민이의 그림을 바라보고 있었어요. ",
      "srcPage": 12,
      "srcSentenceEA": 5,
      "srcWordEA": 32,
      "character": "민이,물고기,개구리,눈,그림",
      "setting": "들판,맑은 연못 속,물속",
      "action": "걸어가다가,헤엄치는,보았어요,그렸지요,뜨고,바라보고,그려 볼까",
      "feeling": null,
      "causalRelationship": null,
      "outcomeResolution": null,
      "prediction": null,
      "plotSummaryInfoCount": 1,
      "plotSummaryInfo": {
        "classification": "의사소통",
        "readAge": "초등_고학년",
        "form": "long-form",
        "plotSummaryText": "민이는 물고기를 열심히 그리고 있는데, 이번에는 개구리가 정말 훌륭하다며 민이의 그림을 바라보고 있었다.",
        "textWordEA": 13
      }
    },
    {
      "srcTextID": "14066",
      "srcText": "“뭐가 훌륭하다는 거야?” “네 그림 말이야. 어떻게 ‘연못저깊숙이물고기’를 아니? 연못 아주 깊숙이 살아서 사람들이 한 번도 본 적이 없어. 그런데 지금 네가 그렸잖아!”",
      "srcPage": 13,
      "srcSentenceEA": 6,
      "srcWordEA": 27,
      "character": "연못저깊숙이물고기,사람들,네 그림",
      "setting": "연못 아주 깊숙이",
      "action": "살아서,그렸잖아,본",
      "feeling": null,
      "causalRelationship": "연못 아주 깊숙이 살아서 사람들이 한 번도 본 적이 없어.",
      "outcomeResolution": null,
      "prediction": null,
      "plotSummaryInfoCount": 1,
      "plotSummaryInfo": {
        "classification": "의사소통",
        "readAge": "초등_고학년",
        "form": "long-form",
        "plotSummaryText": "개구리는 사람들이 한 번도 본 적이 없는 연못저깊숙이물고기를 민이가 그려서 훌륭하다고 말했다.",
        "textWordEA": 12
      }
    },
    {
      "srcTextID": "14067",
      "srcText": "“헤헤, 이 정도 가지고 뭘. 이 그림 너한테 선물할게.” 개구리는 너무나 기뻐서 민이에게 고맙다는 말을 서른 번이나 하고는 연못에 뛰어드는데.",
      "srcPage": 14,
      "srcSentenceEA": 3,
      "srcWordEA": 22,
      "character": "그림,개구리,민이",
      "setting": "연못",
      "action": "선물할게,뛰어드는데",
      "feeling": null,
      "causalRelationship": null,
      "outcomeResolution": null,
      "prediction": null,
      "plotSummaryInfoCount": 1,
      "plotSummaryInfo": {
        "classification": "의사소통",
        "readAge": "초등_고학년",
        "form": "short-form",
        "plotSummaryText": "민이는 개구리에게 그림을 선물했고, 개구리는 너무 기뻐서 민이에게 고맙다는 말을 서른 번이나 했다.",
        "textWordEA": 13
      }
    }
  ]
}