{
  "title": "망주석 재판",
  "author": "정소영",
  "illustrator": "황수민",
  "isbn": "9791165957735",
  "publishedYear": 2022,
  "publisher": "아람북스",
  "paragraphInfoCount": 22,
  "paragraphInfo": [
    {
      "srcTextID": "7555",
      "srcText": "비단 장수는 비단을 찾아 정신없이 돌아다녔어요. 하지만 비단을 봤다는 사람은 아무도 없었지요. 그런데 그때, “우리 원님을 찾아가 보시오. 무엇이든 똑 부러지게 해결해 주시니 아마 당신 비단도 찾아 주실 거요.” “그, 그게 참말이오? 고맙소, 고마워!”  ",
      "srcPage": 3,
      "srcSentenceEA": 7,
      "srcWordEA": 38,
      "character": "비단 장수,비단,원님,당신",
      "setting": null,
      "action": "돌아다녔어요",
      "feeling": null,
      "causalRelationship": null,
      "outcomeResolution": null,
      "prediction": null,
      "plotSummaryInfoCount": 1,
      "plotSummaryInfo": {
        "classification": "의사소통",
        "readAge": "초등_고학년",
        "form": "long-form",
        "plotSummaryText": "비단 장수는 비단을 찾아 돌아다니다가 원님을 찾아가 보라는 이야기를 듣게 되었다.",
        "textWordEA": 11
      }
    },
    {
      "srcTextID": "7564",
      "srcText": "원님을 찾아온 비단 장수는 눈물을 뚝뚝 흘리며 말했어요. “원님, 제 비단 좀 찾아 주십시오! 잠깐 잠든 사이에 비단이 감쪽같이 없어졌습니다.” ",
      "srcPage": 4,
      "srcSentenceEA": 3,
      "srcWordEA": 21,
      "character": "롤스로이스,플라잉 레이디,영국 귀족,여비서",
      "setting": "영국",
      "action": "사랑했는데,달아 달라고 했어요,나타나요,끄면,켜면",
      "feeling": null,
      "causalRelationship": null,
      "outcomeResolution": null,
      "prediction": null,
      "plotSummaryInfoCount": 1,
      "plotSummaryInfo": {
        "classification": "의사소통",
        "readAge": "초등_고학년",
        "form": "short-form",
        "plotSummaryText": "비단 장수는 원님에게 잠든 사이에 사라진 비단을 찾아달라고 눈물을 흘리며 사정했다.",
        "textWordEA": 11
      }
    },
    {
      "srcTextID": "7578",
      "srcText": "나졸이 깜짝 놀라 묻자, 원님이 더 큰 소리로 명령했어요. “뭣들 하느냐! 당장 망주석을 끌고 오라니까?” “예이!” “도대체 이게 무슨 일이람?” ",
      "srcPage": 7,
      "srcSentenceEA": 4,
      "srcWordEA": 21,
      "character": "원님,나졸,망주석",
      "setting": null,
      "action": "묻자,명령했어요",
      "feeling": null,
      "causalRelationship": null,
      "outcomeResolution": null,
      "prediction": null,
      "plotSummaryInfoCount": 1,
      "plotSummaryInfo": {
        "classification": "의사소통",
        "readAge": "초등_고학년",
        "form": "long-form",
        "plotSummaryText": "놀라는 나졸에게 원님은 당장 망주석을 끌고 오라고 더 큰 소리로 명령했다.",
        "textWordEA": 11
      }
    },
    {
      "srcTextID": "7594",
      "srcText": "다음 날 아침, 끌려온 망주석을 보려고 마을 사람들이 관아로 모였어요. “흠흠!” 헛기침 소리에 사람들은 모두 숨을 죽이고 원님을 쳐다봤어요. “네 이놈, 망주석은 바른 대답만 하거라! 비단 장수의 비단을 가져간 자가 누구냐?” ",
      "srcPage": 10,
      "srcSentenceEA": 4,
      "srcWordEA": 33,
      "character": "망주석,원님,비단 장수,마을 사람들,비단",
      "setting": "다음 날 아침,관아",
      "action": "모였어요,보려고,쳐다봤어요,가져간",
      "feeling": null,
      "causalRelationship": null,
      "outcomeResolution": null,
      "prediction": null,
      "plotSummaryInfoCount": 1,
      "plotSummaryInfo": {
        "classification": "의사소통",
        "readAge": "초등_고학년",
        "form": "long-form",
        "plotSummaryText": "다음 날 아침, 원님은 마을 사람들이 구경하는 가운데, 비단을 가져간 자가 누구냐고 망주석에게 호통을 쳤다.",
        "textWordEA": 15
      }
    },
    {
      "srcTextID": "7606",
      "srcText": "얼마 지나지 않아 비단을 판 도둑이 잡혀 왔어요. “네 이놈! 네가 네 죄를 알렷다!” 비단 도둑을 보고 원님이 호통을 쳤어요. ",
      "srcPage": 20,
      "srcSentenceEA": 4,
      "srcWordEA": 22,
      "character": "비단,도둑,원님",
      "setting": "얼마 지나지 않아",
      "action": "보고,호통을 쳤어요,판,잡혀",
      "feeling": null,
      "causalRelationship": null,
      "outcomeResolution": null,
      "prediction": null,
      "plotSummaryInfoCount": 1,
      "plotSummaryInfo": {
        "classification": "의사소통",
        "readAge": "초등_고학년",
        "form": "long-form",
        "plotSummaryText": "얼마 후 비단을 판 도둑이 잡혀 왔고, 원님은 도둑에게 호통을 쳤다.",
        "textWordEA": 11
      }
    },
    {
      "srcTextID": "7553",
      "srcText": "햇볕이 쨍쨍 내리쬐는 어느 여름날에, 더위에 지친 비단 장수가 망주석 그늘에서 잠이 들었어요. 산들산들 불어오는 바람을 부채 삼아 새들의 노랫소리를 자장가 삼아 비단 장수는 달콤한 잠에 푹 빠져들었지요. 뻐꾹뻐꾹 뻐뻐꾹 뻐꾹! 요란한 뻐꾸기 소리에 잠을 깬 비단 장수는 기지개를 펴다가 깜짝 놀라 소리쳤어요. ",
      "srcPage": 1,
      "srcSentenceEA": 4,
      "srcWordEA": 46,
      "character": "비단 장수,햇볕,부채,뻐꾸기",
      "setting": "망주석 그늘,어느 여름날",
      "action": "기지개를 펴다,소리쳤어요,잠을 깬",
      "feeling": null,
      "causalRelationship": null,
      "outcomeResolution": null,
      "prediction": null,
      "plotSummaryInfoCount": 1,
      "plotSummaryInfo": {
        "classification": "의사소통",
        "readAge": "초등_고학년",
        "form": "long-form",
        "plotSummaryText": "어느 여름날 더위에 지친 비단 장수가 망주석 그늘에서 잠이 들었다가 깬 뒤 깜짝 놀라 소리쳤다.",
        "textWordEA": 15
      }
    },
    {
      "srcTextID": "7577",
      "srcText": "“그러게 말이야, 원님이 어디 아프신 거 아냐? 애꿎은 망주석은 왜 끌고 오라는 거야?” 마을 사람들은 밤늦도록 들려오는 영차 소리에 잠을 잘 수가 없었어요. ",
      "srcPage": 8,
      "srcSentenceEA": 3,
      "srcWordEA": 25,
      "character": "원님,망주석,사람들",
      "setting": "밤늦도록",
      "action": "끌고,잘",
      "feeling": null,
      "causalRelationship": null,
      "outcomeResolution": null,
      "prediction": null,
      "plotSummaryInfoCount": 1,
      "plotSummaryInfo": {
        "classification": "의사소통",
        "readAge": "초등_고학년",
        "form": "short-form",
        "plotSummaryText": "마을 사람들은 밤늦도록 망주석을 끌고 오는 소리에 잠을 잘 수가 없었다.",
        "textWordEA": 11
      }
    },
    {
      "srcTextID": "7579",
      "srcText": "사르르 두 눈이 감겼다가도 영차 소리에 눈이 번쩍 뜨였지요. “영차 영차 꽁꽁 묶어서 으랏차차 힘껏 밀어라! 영차 영차 꽁꽁 묶어서 으랏차차 힘껏 당겨라!” ",
      "srcPage": 9,
      "srcSentenceEA": 3,
      "srcWordEA": 24,
      "character": "두 눈",
      "setting": null,
      "action": "묶어서,뜨였지요,감겼다가",
      "feeling": null,
      "causalRelationship": null,
      "outcomeResolution": null,
      "prediction": null,
      "plotSummaryInfoCount": 1,
      "plotSummaryInfo": {
        "classification": "의사소통",
        "readAge": "초등_고학년",
        "form": "short-form",
        "plotSummaryText": "두 눈이 감겼다가도 영차 소리에 눈이 번쩍 뜨였다.",
        "textWordEA": 8
      }
    },
    {
      "srcTextID": "7601",
      "srcText": "“바쁘다 바빠. 이보시오, 비단 한 필 주시오!” “숨차다 숨차. 이보시오, 나도 한 필 주시오!” 사람들은 이 마을, 저 마을, 온 장터를 샅샅이 뒤져 비단 한 필씩을 구해서 관아로 돌아왔어요. ",
      "srcPage": 17,
      "srcSentenceEA": 5,
      "srcWordEA": 32,
      "character": "비단,사람들",
      "setting": "마을,장터,관아",
      "action": "돌아왔어요",
      "feeling": null,
      "causalRelationship": null,
      "outcomeResolution": null,
      "prediction": null,
      "plotSummaryInfoCount": 1,
      "plotSummaryInfo": {
        "classification": "의사소통",
        "readAge": "초등_고학년",
        "form": "long-form",
        "plotSummaryText": "사람들은 온 장터를 뒤져 비단 한 필씩을 구해서 관아로 돌아왔다.",
        "textWordEA": 10
      }
    },
    {
      "srcTextID": "7603",
      "srcText": "원님은 비단 장수에게 잃어버린 비단을 찾아보라고 했어요. “원님! 찾았습니다. 이게 제 비단입니다.” 원님은 그 비단을 가지고 온 사람에게 물었어요. ",
      "srcPage": 18,
      "srcSentenceEA": 4,
      "srcWordEA": 22,
      "character": "원님,비단,비단 장수,사람",
      "setting": null,
      "action": "잃어버린,찾아,물었어요",
      "feeling": null,
      "causalRelationship": null,
      "outcomeResolution": null,
      "prediction": null,
      "plotSummaryInfoCount": 1,
      "plotSummaryInfo": {
        "classification": "의사소통",
        "readAge": "초등_고학년",
        "form": "long-form",
        "plotSummaryText": "비단 장수는 잃어버린 비단을 찾아냈고, 원님은 그 비단을 가지고 온 사람에게 물었다.",
        "textWordEA": 12
      }
    },
    {
      "srcTextID": "7604",
      "srcText": "“죽을죄를 지었습니다. 한 번만 용서해 주십시오!” 비단 도둑이 잡히자 비단 장수는 싱글벙글 신이 났어요. ",
      "srcPage": 21,
      "srcSentenceEA": 3,
      "srcWordEA": 16,
      "character": "비단 장수,비단 도둑",
      "setting": null,
      "action": "잡히자",
      "feeling": null,
      "causalRelationship": null,
      "outcomeResolution": null,
      "prediction": null,
      "plotSummaryInfoCount": 1,
      "plotSummaryInfo": {
        "classification": "의사소통",
        "readAge": "초등_고학년",
        "form": "short-form",
        "plotSummaryText": "비단 도둑이 잡히자 비단 장수는 신이 났다.",
        "textWordEA": 7
      }
    },
    {
      "srcTextID": "7605",
      "srcText": "그런데 어찌 된 일일까요? 사람들이 원님 앞에서 “아함!” 하면서 하품하네요? 재판 때문에 어젯밤부터 한숨도 못 잤으니 그럴 만도 하지요. ",
      "srcPage": 23,
      "srcSentenceEA": 4,
      "srcWordEA": 22,
      "character": "사람들",
      "setting": "원님 앞에서,어젯밤",
      "action": "하품하네요,잤으니",
      "feeling": null,
      "causalRelationship": null,
      "outcomeResolution": null,
      "prediction": null,
      "plotSummaryInfoCount": 1,
      "plotSummaryInfo": {
        "classification": "의사소통",
        "readAge": "초등_고학년",
        "form": "long-form",
        "plotSummaryText": "재판 때문에 밤을 새운 사람들이 원님 앞에서 하품을 했다.",
        "textWordEA": 9
      }
    },
    {
      "srcTextID": "7554",
      "srcText": "“여보시오, 혹시 내 비단 못 봤소? 무지개처럼 곱고 깃털처럼 보드라운 비단이라오. 여보쇼, 내 비단 좀 찾아 주시오!” ",
      "srcPage": 2,
      "srcSentenceEA": 3,
      "srcWordEA": 19,
      "character": "비단,무지개,깃털",
      "setting": null,
      "action": "찾아,주시오",
      "feeling": null,
      "causalRelationship": null,
      "outcomeResolution": null,
      "prediction": null,
      "plotSummaryInfoCount": 1,
      "plotSummaryInfo": {
        "classification": "의사소통",
        "readAge": "초등_고학년",
        "form": "short-form",
        "plotSummaryText": "그는 무지개처럼 곱고 보드라운 자신의 비단을 찾아 달라고 소리쳤다.",
        "textWordEA": 9
      }
    },
    {
      "srcTextID": "7563",
      "srcText": "“음, 자기 전이나 자고 난 뒤에 주변에 사람은 없었느냐?” “예, 아무도 없었습니다. 제가 본 거라고는 망주석뿐입니다.” ",
      "srcPage": 5,
      "srcSentenceEA": 3,
      "srcWordEA": 17,
      "character": "망주석,사람,제가",
      "setting": "주변",
      "action": "자고,본",
      "feeling": null,
      "causalRelationship": null,
      "outcomeResolution": null,
      "prediction": null,
      "plotSummaryInfoCount": 1,
      "plotSummaryInfo": {
        "classification": "의사소통",
        "readAge": "초등_고학년",
        "form": "short-form",
        "plotSummaryText": "잠들기 전후로 주변에 사람은 없었고 본 것은 망주석뿐이라고 답했다.",
        "textWordEA": 9
      }
    },
    {
      "srcTextID": "7568",
      "srcText": "원님은 일순간 표정이 굳더니 나졸들을 향해 명령했어요. “여봐라, 가서 망주석을 끌고 오너라!” “예? 그 무거운 돌덩이를요?” ",
      "srcPage": 6,
      "srcSentenceEA": 3,
      "srcWordEA": 17,
      "character": "원님,나졸,망주석,돌덩이",
      "setting": null,
      "action": "끌고,명령했어요",
      "feeling": null,
      "causalRelationship": null,
      "outcomeResolution": null,
      "prediction": null,
      "plotSummaryInfoCount": 1,
      "plotSummaryInfo": {
        "classification": "의사소통",
        "readAge": "초등_고학년",
        "form": "short-form",
        "plotSummaryText": "원님은 나졸들에게 망주석을 끌고 오라고 명령했다.",
        "textWordEA": 6
      }
    },
    {
      "srcTextID": "7595",
      "srcText": "원님의 목소리가 관아 마당에 쩌렁쩌렁 울렸어요. 그렇지만 돌덩이인 망주석이 대답할 리가 없었지요. “어허, 아무 말이 없는 걸 보니 너도 도둑과 한패로구나. 여봐라, 저 못된 망주석의 볼기를 매우 쳐라!” ",
      "srcPage": 11,
      "srcSentenceEA": 4,
      "srcWordEA": 30,
      "character": "망주석,원님,돌덩이,도둑,볼기",
      "setting": "관아 마당",
      "action": "대답할,쳐라",
      "feeling": null,
      "causalRelationship": null,
      "outcomeResolution": null,
      "prediction": null,
      "plotSummaryInfoCount": 1,
      "plotSummaryInfo": {
        "classification": "의사소통",
        "readAge": "초등_고학년",
        "form": "long-form",
        "plotSummaryText": "돌덩이인 망주석이 대답할 리 없었지만, 원님은 망주석이 도둑과 한패라며 볼기를 치라고 명한다.",
        "textWordEA": 12
      }
    },
    {
      "srcTextID": "7596",
      "srcText": "망주석이 곤장을 맞자, 사람들이 숙덕대기 시작했어요. “쯧쯧, 돌덩이한테 대답하라니 무슨 일이래?” “틀림없이 원님이 더위를 잡수셨어.” ",
      "srcPage": 12,
      "srcSentenceEA": 3,
      "srcWordEA": 15,
      "character": "망주석,곤장,사람들,돌덩이,원님",
      "setting": null,
      "action": "맞자,대답하라니,잡수셨어",
      "feeling": null,
      "causalRelationship": null,
      "outcomeResolution": null,
      "prediction": null,
      "plotSummaryInfoCount": 1,
      "plotSummaryInfo": {
        "classification": "의사소통",
        "readAge": "초등_고학년",
        "form": "short-form",
        "plotSummaryText": "망주석이 곤장을 맞자, 사람들은 원님이 더위를 먹었다며 숙덕거렸다.",
        "textWordEA": 8
      }
    },
    {
      "srcTextID": "7597",
      "srcText": " “저런다고 돌덩이가 아프기나 하겠어?” 사람들은 웃음을 참으려고 애를 썼지만, 그럴수록 웃음이 더 터져 나왔어요. 사람들의 웃음소리에 원님은 크게 화를 내며 소리쳤어요. ",
      "srcPage": 13,
      "srcSentenceEA": 3,
      "srcWordEA": 23,
      "character": "원님,돌덩이,사람들은",
      "setting": null,
      "action": "소리쳤어요",
      "feeling": null,
      "causalRelationship": null,
      "outcomeResolution": null,
      "prediction": null,
      "plotSummaryInfoCount": 1,
      "plotSummaryInfo": {
        "classification": "의사소통",
        "readAge": "초등_고학년",
        "form": "short-form",
        "plotSummaryText": "참지 못하고 웃는 사람들의 웃음소리에 원님은 화를 내며 소리쳤다.",
        "textWordEA": 9
      }
    },
    {
      "srcTextID": "7598",
      "srcText": "“원님, 잘못했습니다. 한 번만 용서해 주십시오.” “제발 용서해 주십시오. 시키시는 일은 무엇이든 다 하겠습니다.” ",
      "srcPage": 15,
      "srcSentenceEA": 4,
      "srcWordEA": 16,
      "character": "원님",
      "setting": null,
      "action": "용서해,시키시는,하겠습니다",
      "feeling": null,
      "causalRelationship": null,
      "outcomeResolution": null,
      "prediction": null,
      "plotSummaryInfoCount": 1,
      "plotSummaryInfo": {
        "classification": "의사소통",
        "readAge": "초등_고학년",
        "form": "long-form",
        "plotSummaryText": "그는 시키는 일은 무엇이든 하겠다며 원님에게 용서를 빌었다.",
        "textWordEA": 8
      }
    },
    {
      "srcTextID": "7602",
      "srcText": " “이 비단을 어디서 구했느냐?” “마침 한 장사꾼이 비단을 싸게 팔기에 샀습니다.” “옳거니, 그 장사꾼이 바로 도둑이다! 어서 가서 잡아 오너라! ",
      "srcPage": 19,
      "srcSentenceEA": 4,
      "srcWordEA": 21,
      "character": "장사꾼,비단,도둑",
      "setting": null,
      "action": "팔기에,샀습니다,잡아",
      "feeling": null,
      "causalRelationship": null,
      "outcomeResolution": null,
      "prediction": null,
      "plotSummaryInfoCount": 1,
      "plotSummaryInfo": {
        "classification": "의사소통",
        "readAge": "초등_고학년",
        "form": "long-form",
        "plotSummaryText": "한 장사꾼이 비단을 싸게 팔기에 샀다고 하자, 그가 바로 도둑이니 잡아 오라고 명했다.",
        "textWordEA": 13
      }
    },
    {
      "srcTextID": "7607",
      "srcText": "원님은 비단 장수에게도 주의를 줬어요. “눈앞에 재물이 있으면 누구나 탐이 나는 법, 비단 장수도 앞으로는 물건을 잘 간수하도록 해라.” “예, 원님! 명심하겠습니다.” 마을 사람들은 또 한 번 원님의 지혜로운 판결에 감탄했어요. ",
      "srcPage": 22,
      "srcSentenceEA": 5,
      "srcWordEA": 33,
      "character": "원님,비단 장수,재물,물건,마을 사람들",
      "setting": null,
      "action": "간수하도록",
      "feeling": null,
      "causalRelationship": null,
      "outcomeResolution": null,
      "prediction": null,
      "plotSummaryInfoCount": 1,
      "plotSummaryInfo": {
        "classification": "의사소통",
        "readAge": "초등_고학년",
        "form": "long-form",
        "plotSummaryText": "원님은 비단 장수에게도 물건을 잘 간수하라며 주의를 줬고, 마을 사람들은 원님의 지혜로운 판결에 감탄했다.",
        "textWordEA": 14
      }
    },
    {
      "srcTextID": "7599",
      "srcText": "“좋다, 그렇다면 해 지기 전까지 비단을 한 필씩 구해 오너라.” “비단을요?” “그게 싫다면 옥살이를 하겠느냐?” “아, 아닙니다. 구해 오겠습니다.” 사람들은 비단을 구하러 우르르 달려 나갔어요. ",
      "srcPage": 16,
      "srcSentenceEA": 5,
      "srcWordEA": 27,
      "character": "비단,사람들",
      "setting": "해 지기 전",
      "action": "구하러,달려,나갔어요",
      "feeling": null,
      "causalRelationship": null,
      "outcomeResolution": null,
      "prediction": null,
      "plotSummaryInfoCount": 1,
      "plotSummaryInfo": {
        "classification": "의사소통",
        "readAge": "초등_고학년",
        "form": "long-form",
        "plotSummaryText": "옥살이를 면하려면 해지기 전에 비단을 한 필씩 구해오라는 말에 사람들은 비단을 구하러 달려 나갔다.",
        "textWordEA": 14
      }
    }
  ]
}