{
  "title": "무지개다리",
  "author": "이선아",
  "illustrator": "달연예쁠아",
  "isbn": "9791128212963",
  "publishedYear": 2018,
  "publisher": "아람북스",
  "paragraphInfoCount": 18,
  "paragraphInfo": [
    {
      "srcTextID": "6268",
      "srcText": "아주 오랜 옛날에는 사람들이 하늘나라에서 살았대. 그곳에서는 자기가 맡은 일만 열심히 하면 아무런 걱정 없이 천년만년 행복하게 살 수 있었지. 그런데 한 젊은 총각이 어여쁜 처녀와 사랑에 빠졌어. ",
      "srcPage": 1,
      "srcSentenceEA": 3,
      "srcWordEA": 30,
      "character": "젊은 총각,어여쁜 처녀",
      "setting": "하늘나라,옛날",
      "action": "살았대,살",
      "feeling": null,
      "causalRelationship": null,
      "outcomeResolution": null,
      "prediction": null,
      "plotSummaryInfoCount": 1,
      "plotSummaryInfo": {
        "classification": "의사소통",
        "readAge": "초등_고학년",
        "form": "short-form",
        "plotSummaryText": "옛날에는 사람들이 하늘나라에서 천년만년 살 수 있었는데 한 젊은 총각이 어여쁜 처녀와 사랑에 빠졌다.",
        "textWordEA": 14
      }
    },
    {
      "srcTextID": "6270",
      "srcText": "문제는 그 총각과 처녀가 맡은 일을 내팽개쳐 놓고 매일같이 놀기만 했다는 거야. 결국 옥황상제도 그 일을 알게 되었어. 이런, 게으른 것들! ",
      "srcPage": 2,
      "srcSentenceEA": 3,
      "srcWordEA": 23,
      "character": "총각,처녀,옥황상제",
      "setting": null,
      "action": "놀기만,알게",
      "feeling": null,
      "causalRelationship": null,
      "outcomeResolution": null,
      "prediction": null,
      "plotSummaryInfoCount": 1,
      "plotSummaryInfo": {
        "classification": "의사소통",
        "readAge": "초등_고학년",
        "form": "short-form",
        "plotSummaryText": "그 총각과 처녀가 맡은 일을 내팽개쳐 놓고 놀기만 한다는 것을 결국 옥황상제도 알게 되었다.",
        "textWordEA": 14
      }
    },
    {
      "srcTextID": "6272",
      "srcText": "제발 저희를 불쌍히 여기시어 용서해 주십시오. 옥황상제는 총각과 처녀가 진심으로 잘못을 뉘우치자, 땅에서도 살 수 있도록 해 주겠다는 약속을 했어. 그리하여 총각과 처녀는 땅으로 내려갔어. ",
      "srcPage": 4,
      "srcSentenceEA": 3,
      "srcWordEA": 27,
      "character": "옥황상제,총각,처녀",
      "setting": "땅",
      "action": "살,내려갔어",
      "feeling": null,
      "causalRelationship": null,
      "outcomeResolution": null,
      "prediction": null,
      "plotSummaryInfoCount": 1,
      "plotSummaryInfo": {
        "classification": "의사소통",
        "readAge": "초등_고학년",
        "form": "short-form",
        "plotSummaryText": "옥황상제는 땅에서도 살 수 있도록 해 주겠다고 약속을 했고, 총각과 처녀는 땅으로 내려갔다.",
        "textWordEA": 13
      }
    },
    {
      "srcTextID": "6282",
      "srcText": "그날부터 세상은 몇 날 며칠을 쉬지 않고 비가 내렸어. 하지만 착한 사람들만 더욱더 고통스럽게 되었지 뭐야. 옥황상제는 나쁜 사람들을 벌주기 위해 한 해는 흉년이 들게 하고, 그다음 해는 풍년이 들게 하고, 또 그다음 해는 홍수가 나게 했단다.",
      "srcPage": 15,
      "srcSentenceEA": 3,
      "srcWordEA": 39,
      "character": "착한 사람들,옥황상제,나쁜 사람들,풍년,흉년",
      "setting": "몇 날 며칠",
      "action": "내렸어,벌주기,들게,나게",
      "feeling": null,
      "causalRelationship": null,
      "outcomeResolution": null,
      "prediction": null,
      "plotSummaryInfoCount": 1,
      "plotSummaryInfo": {
        "classification": "의사소통",
        "readAge": "초등_고학년",
        "form": "short-form",
        "plotSummaryText": "쉬지 않고 비가 내렸지만 착한 사람들만 더욱 고통스럽게 됐고, 옥황상제는 나쁜 사람들을 벌주기 위해 한 해는 흉년, 그다음 해는 풍년, 또 그다음 해는 홍수가 나게 했다.",
        "textWordEA": 26
      }
    },
    {
      "srcTextID": "6281",
      "srcText": "물론 옥황상제도 이 사실을 알게 되었지. 옥황상제는 사람들에게 더 큰 벌을 내렸어. 그날 이후 땅에는 비 한 방울 내리지 않았어. ",
      "srcPage": 12,
      "srcSentenceEA": 3,
      "srcWordEA": 22,
      "character": "옥황상제,사람들,비",
      "setting": "그날 이후",
      "action": "내렸어",
      "feeling": null,
      "causalRelationship": null,
      "outcomeResolution": null,
      "prediction": null,
      "plotSummaryInfoCount": 1,
      "plotSummaryInfo": {
        "classification": "의사소통",
        "readAge": "초등_고학년",
        "form": "short-form",
        "plotSummaryText": "문제를 알게 된 옥황상제는 사람들에게 더 큰 벌을 내려, 이후 땅에는 비 한 방울 내리지 않았어.",
        "textWordEA": 16
      }
    },
    {
      "srcTextID": "6283",
      "srcText": "어찌 된 일인지, 나쁜 사람들은 여전히 잘살고, 열심히 일하는 착한 사람들만 더욱 살기 힘들어졌지. 그 모습을 본 옥황상제는 마음이 편치 않았어. “가뭄이 무섭지 않다면, 홍수는 무서워하겠지?” ",
      "srcPage": 14,
      "srcSentenceEA": 3,
      "srcWordEA": 27,
      "character": "나쁜 사람들,착한 사람들,홍수",
      "setting": null,
      "action": "살기,일하는,본",
      "feeling": null,
      "causalRelationship": null,
      "outcomeResolution": null,
      "prediction": null,
      "plotSummaryInfoCount": 1,
      "plotSummaryInfo": {
        "classification": "의사소통",
        "readAge": "초등_고학년",
        "form": "short-form",
        "plotSummaryText": "나쁜 사람들은 잘살고, 열심히 일하는 착한 사람들만 더욱 살기 힘들어지는 모습을 본 옥황상제는 홍수는 무서워할 거라고 기대했다.",
        "textWordEA": 17
      }
    },
    {
      "srcTextID": "6280",
      "srcText": "거북 등짝처럼 땅이 쩍쩍 갈라지고, 뽀얀 흙먼지가 풀썩풀썩 날렸지. 계곡도, 우물도 모두 말라붙어 농사는커녕 먹을 물조차 구하기 힘들게 되었어. 그런데 농사를 짓지 못하면 빼앗을 게 없을 거라 여겼던 옥황상제의 생각이 빗나갔어. ",
      "srcPage": 13,
      "srcSentenceEA": 3,
      "srcWordEA": 33,
      "character": "옥황상제",
      "setting": null,
      "action": "갈라지고,날렸지,말라붙어,구하기,짓지,빼앗을",
      "feeling": null,
      "causalRelationship": null,
      "outcomeResolution": null,
      "prediction": null,
      "plotSummaryInfoCount": 1,
      "plotSummaryInfo": {
        "classification": "의사소통",
        "readAge": "초등_고학년",
        "form": "short-form",
        "plotSummaryText": "계곡도, 우물도 말라붙어 먹을 물조차 구하기 힘들게 되었지만, 농사를 짓지 못하면 빼앗을 게 없을 거라 여겼던 옥황상제의 생각은 빗나갔다.",
        "textWordEA": 19
      }
    },
    {
      "srcTextID": "6269",
      "srcText": "너희가 맡은 일을 하지 않아 하늘의 질서를 어지럽혔으니, 지금 당장 하늘을 떠나 땅으로 내려가거라. 옥황상제의 호통에 총각과 처녀는 뒤늦게 후회하며 빌었어. 땅에는 거친 흙과 돌뿐인데, 저희보고 어찌 살라 하십니까?",
      "srcPage": 3,
      "srcSentenceEA": 3,
      "srcWordEA": 31,
      "character": "옥황상제,총각,처녀,하늘,땅",
      "setting": null,
      "action": "내려가거라,빌었어",
      "feeling": null,
      "causalRelationship": null,
      "outcomeResolution": null,
      "prediction": null,
      "plotSummaryInfoCount": 1,
      "plotSummaryInfo": {
        "classification": "의사소통",
        "readAge": "초등_고학년",
        "form": "short-form",
        "plotSummaryText": "일을 하지 않아 질서를 어지럽혔으니, 당장 땅으로 내려가라는 옥황상제의 호통에 총각과 처녀는 후회하며 빌었다.",
        "textWordEA": 14
      }
    },
    {
      "srcTextID": "6271",
      "srcText": "그런데 거칠고 메마른 땅은 온데간데없고, 아름답고 풍요로운 세상으로 변해 있었어. 구석구석 나무가 울창하고, 꽃이 만발했지. 내가 너희를 가엾게 여겨 먹고살 수 있도록 해 주었으니, 열심히 일하며 살도록 하여라. ",
      "srcPage": 5,
      "srcSentenceEA": 3,
      "srcWordEA": 30,
      "character": "나무,꽃,너희,땅,세상",
      "setting": null,
      "action": "먹고,살도록,변해",
      "feeling": null,
      "causalRelationship": null,
      "outcomeResolution": null,
      "prediction": null,
      "plotSummaryInfoCount": 1,
      "plotSummaryInfo": {
        "classification": "의사소통",
        "readAge": "초등_고학년",
        "form": "short-form",
        "plotSummaryText": "열심히 일하면 먹고살 수 있게 거칠고 메마른 땅이 아름답고 풍요로운 세상으로 변해 있었다.",
        "textWordEA": 13
      }
    },
    {
      "srcTextID": "6274",
      "srcText": "그리하면 복을 누릴 것이고, 그렇지 않으면 큰 벌을 받을 것이니라. 총각과 처녀는 옥황상제의 말을 마음 깊이 새겨들었어. 세월이 흐르고 흘러, 둘 사이에 예쁜 아이들이 생겼어. ",
      "srcPage": 6,
      "srcSentenceEA": 3,
      "srcWordEA": 27,
      "character": "총각,처녀,옥황상제,아이들",
      "setting": null,
      "action": "새겨들었어,생겼어",
      "feeling": null,
      "causalRelationship": null,
      "outcomeResolution": null,
      "prediction": null,
      "plotSummaryInfoCount": 1,
      "plotSummaryInfo": {
        "classification": "의사소통",
        "readAge": "초등_고학년",
        "form": "short-form",
        "plotSummaryText": "총각과 처녀는 옥황상제의 말을 마음 깊이 새겼고, 세월이 흘러 둘 사이에 예쁜 아이들이 생겼다.",
        "textWordEA": 14
      }
    },
    {
      "srcTextID": "6273",
      "srcText": "그 아이들이 자라서 아이를 낳고, 또 그 아이들이 자라서 아이를 낳았지. 이제 땅 위에는 많은 사람들이 살게 되었어. 그러자 마을이 생기고, 나라가 생겼지. ",
      "srcPage": 7,
      "srcSentenceEA": 3,
      "srcWordEA": 25,
      "character": "아이들,사람들,땅,마을,나라",
      "setting": null,
      "action": "살게,생겼지",
      "feeling": null,
      "causalRelationship": null,
      "outcomeResolution": null,
      "prediction": null,
      "plotSummaryInfoCount": 1,
      "plotSummaryInfo": {
        "classification": "의사소통",
        "readAge": "초등_고학년",
        "form": "short-form",
        "plotSummaryText": "땅 위에 많은 사람들이 살게 되자 마을이 생기고, 나라가 생겼다.",
        "textWordEA": 10
      }
    },
    {
      "srcTextID": "6276",
      "srcText": "땅은 이제 하나의 커다란 세상이 되었단다. 그런데 평화롭던 세상에 문제가 생겼어. 사람들이 많다 보니 싸움이 자주 일어났지 뭐야? ",
      "srcPage": 8,
      "srcSentenceEA": 3,
      "srcWordEA": 20,
      "character": "사람들,세상,땅",
      "setting": null,
      "action": "되었단다,생겼어,일어났지",
      "feeling": null,
      "causalRelationship": null,
      "outcomeResolution": null,
      "prediction": null,
      "plotSummaryInfoCount": 1,
      "plotSummaryInfo": {
        "classification": "의사소통",
        "readAge": "초등_고학년",
        "form": "short-form",
        "plotSummaryText": "땅은 하나의 커다란 세상이 되었고, 사람들이 많아지니 평화롭던 세상에 싸움이 자주 일어났다.",
        "textWordEA": 12
      }
    },
    {
      "srcTextID": "6275",
      "srcText": "“쯧쯧, 어리석은 사람들 같으니라고. 열심히 일하며 살지 않으면 내가 큰 벌을 주겠다고 한 것을 벌써 잊었단 말인가. 싸울 틈이 없도록 고생을 시켜야겠군.” ",
      "srcPage": 9,
      "srcSentenceEA": 3,
      "srcWordEA": 24,
      "character": "사람들",
      "setting": null,
      "action": "일하며,살지,싸울,주겠다고,시켜야겠군",
      "feeling": null,
      "causalRelationship": null,
      "outcomeResolution": null,
      "prediction": null,
      "plotSummaryInfoCount": 1,
      "plotSummaryInfo": {
        "classification": "의사소통",
        "readAge": "초등_고학년",
        "form": "short-form",
        "plotSummaryText": "열심히 일하며 살지 않으면 큰 벌을 주겠다고 한 것을 잊은 듯하니, 싸울 틈이 없도록 고생을 시켜야겠다.",
        "textWordEA": 16
      }
    },
    {
      "srcTextID": "6278",
      "srcText": "옥황상제의 분노로 기름지고 풍요롭던 땅이 순식간에 메마르고 거친 땅으로 변했어. 이제 땅은 씨를 뿌리고, 거름을 주고, 땀 흘려 돌보아야만 열매를 맺었지. 노력하지 않고는 아무것도 얻을 수 없게 된 거야. ",
      "srcPage": 10,
      "srcSentenceEA": 3,
      "srcWordEA": 31,
      "character": "옥황상제,씨,열매",
      "setting": "땅",
      "action": "변했어,얻을,뿌리고,주고,돌보아야만",
      "feeling": null,
      "causalRelationship": null,
      "outcomeResolution": null,
      "prediction": null,
      "plotSummaryInfoCount": 1,
      "plotSummaryInfo": {
        "classification": "의사소통",
        "readAge": "초등_고학년",
        "form": "short-form",
        "plotSummaryText": "옥황상제의 분노로 풍요롭던 땅은 노력하지 않고는 아무것도 얻을 수 없도록 메마르고 거칠게 변했다.",
        "textWordEA": 13
      }
    },
    {
      "srcTextID": "6279",
      "srcText": "그런데 또 다른 문제가 생겼어. 슬슬 꾀를 부리는 사람들이 생겨난 거야. 그들은 다른 사람들이 일할 때는 빈둥거리며 놀다가 추수할 때면 나타나 농사지은 것들을 모두 빼앗았어. ",
      "srcPage": 11,
      "srcSentenceEA": 3,
      "srcWordEA": 27,
      "character": "사람들",
      "setting": null,
      "action": "놀다,추수할,농사지은,빼앗았어",
      "feeling": null,
      "causalRelationship": null,
      "outcomeResolution": null,
      "prediction": null,
      "plotSummaryInfoCount": 1,
      "plotSummaryInfo": {
        "classification": "의사소통",
        "readAge": "초등_고학년",
        "form": "short-form",
        "plotSummaryText": "다른 사람들이 일할 때는 빈둥거리며 놀다가 추수할 때면 농사지은 것들을 모두 빼앗는 사람들이 생겨났다.",
        "textWordEA": 14
      }
    },
    {
      "srcTextID": "6284",
      "srcText": "그러나 아무리 홍수와 가뭄으로 벌을 내려도 나쁜 사람들은 절대로 반성할 줄을 몰랐어. 옥황상제는 고개를 절레절레 흔들며 한숨을 내쉬었어. 더 이상 어찌할 방법이 없구나. ",
      "srcPage": 16,
      "srcSentenceEA": 3,
      "srcWordEA": 25,
      "character": "옥황상제,사람들",
      "setting": null,
      "action": "내려도,반성할,흔들며,내쉬었어",
      "feeling": null,
      "causalRelationship": null,
      "outcomeResolution": null,
      "prediction": null,
      "plotSummaryInfoCount": 1,
      "plotSummaryInfo": {
        "classification": "의사소통",
        "readAge": "초등_고학년",
        "form": "short-form",
        "plotSummaryText": "벌을 내려도 나쁜 사람들은 반성할 줄을 몰랐고, 옥황상제는 한숨을 내쉬며 어찌할 방법이 없다고 생각했다.",
        "textWordEA": 14
      }
    },
    {
      "srcTextID": "6285",
      "srcText": "다만 착하게 살다 죽은 사람을 하늘로 데려와 편안히 살도록 하는 수밖에. 옥황상제는 하늘과 땅 사이에 일곱 빛깔 무지개다리를 놓았어. 그런 다음, 착하게 산 사람들만 무지개다리에 오르도록 했지. ",
      "srcPage": 17,
      "srcSentenceEA": 3,
      "srcWordEA": 29,
      "character": "옥황상제,무지개다리,사람들",
      "setting": null,
      "action": "놓았어,오르도록",
      "feeling": null,
      "causalRelationship": null,
      "outcomeResolution": null,
      "prediction": null,
      "plotSummaryInfoCount": 1,
      "plotSummaryInfo": {
        "classification": "의사소통",
        "readAge": "초등_고학년",
        "form": "short-form",
        "plotSummaryText": "옥황상제는 하늘과 땅 사이에 무지개다리를 놓고  착하게 살다 죽은 사람들만 무지개다리에 오르도록 했다.",
        "textWordEA": 14
      }
    },
    {
      "srcTextID": "6286",
      "srcText": "무지개다리를 타고 하늘로 올라간 착한 사람들은 땅에서의 온갖 고생을 모두 잊고 행복하게 살았대. 나쁜 사람들은 어떻게 되었냐고? 남의 것을 빼앗고 나쁜 일만 일삼던 사람들은 당연히 지옥으로 떨어져 영원히 벌을 받았지. 지금도 비가 갠 후에 하늘과 땅 사이에 무지개가 뜨는 건 옥황상제가 착한 사람들을 불러들이기 위해 무지개다리를 만들었기 때문이야. ",
      "srcPage": 18,
      "srcSentenceEA": 4,
      "srcWordEA": 51,
      "character": "무지개다리,사람들,옥황상제",
      "setting": "하늘,땅,지옥",
      "action": "타고,올라간,살았대,떨어져",
      "feeling": null,
      "causalRelationship": null,
      "outcomeResolution": null,
      "prediction": null,
      "plotSummaryInfoCount": 1,
      "plotSummaryInfo": {
        "classification": "의사소통",
        "readAge": "초등_고학년",
        "form": "long-form",
        "plotSummaryText": "무지개다리를 타고 하늘로 올라간 착한 사람들은 땅에서의 온갖 고생을 모두 잊고 행복하게 살았고 나쁜 사람들은 지옥으로 떨어져 영원히 벌을 받았다.",
        "textWordEA": 20
      }
    }
  ]
}