{
  "title": "선녀와 나무꾼",
  "author": "이영경",
  "illustrator": "한용욱",
  "isbn": "9791165957704",
  "publishedYear": 2022,
  "publisher": "아람북스",
  "paragraphInfoCount": 22,
  "paragraphInfo": [
    {
      "srcTextID": "6753",
      "srcText": "“어디 보자, 내 아들. 어디 갔다 이제 왔느냐?” 어머니는 아들을 끌어안고 울음을 터뜨렸어요. ",
      "srcPage": 17,
      "srcSentenceEA": 3,
      "srcWordEA": 15,
      "character": "요정들,송이,사탕,솜사탕",
      "setting": "송이 머리,머리카락",
      "action": "내려앉았어요",
      "feeling": null,
      "causalRelationship": null,
      "outcomeResolution": null,
      "prediction": null,
      "plotSummaryInfoCount": 1,
      "plotSummaryInfo": {
        "classification": "의사소통",
        "readAge": "초등_고학년",
        "form": "short-form",
        "plotSummaryText": "어머니는 아들을 끌어안고 어디 갔다가 이제 왔느냐며 울음을 터뜨렸습니다.",
        "textWordEA": 9
      }
    },
    {
      "srcTextID": "6749",
      "srcText": "노루는 나무꾼에게 선녀들의 두레박 이야기를 전해 주곤 사라졌어요. 나무꾼은 노루가 일러 준 대로 연못에 가서 선녀가 물을 긷는 두레박이 내려오기를 기다렸어요. 그리고 두레박에 올라탔지요.",
      "srcPage": 14,
      "srcSentenceEA": 3,
      "srcWordEA": 26,
      "character": "노루,나무꾼,선녀들,두레박",
      "setting": "연못",
      "action": "사라졌어요,기다렸어요,올라탔지요",
      "feeling": null,
      "causalRelationship": null,
      "outcomeResolution": null,
      "prediction": null,
      "plotSummaryInfoCount": 1,
      "plotSummaryInfo": {
        "classification": "의사소통",
        "readAge": "초등_고학년",
        "form": "short-form",
        "plotSummaryText": "나무꾼은 노루가 일러 준 대로 연못에 가서 두레박에 올라탔습니다.",
        "textWordEA": 9
      }
    },
    {
      "srcTextID": "6752",
      "srcText": "“보자마자 이별이라니 그게 무슨 말이냐. 어미가 끓인 호박죽이라도 한 그릇 먹고 가거라.” ‘음식을 먹으면 안 된다고 했는데.’",
      "srcPage": 19,
      "srcSentenceEA": 3,
      "srcWordEA": 19,
      "character": "호박죽",
      "setting": null,
      "action": "먹고,가거라,끓인",
      "feeling": null,
      "causalRelationship": null,
      "outcomeResolution": null,
      "prediction": "어미가 끓인 호박죽이라도 한 그릇 먹고 가거라.",
      "plotSummaryInfoCount": 1,
      "plotSummaryInfo": {
        "classification": "의사소통",
        "readAge": "초등_고학년",
        "form": "short-form",
        "plotSummaryText": "어머니는 호박죽이라도 한 그릇 먹고 가라고 하였습니다.",
        "textWordEA": 7
      }
    },
    {
      "srcTextID": "6758",
      "srcText": "하지만 어머니의 간절한 청을 뿌리칠 수가 없었어요. ‘먹는 시늉이라도 해야겠다.’ 나무꾼은 어머니에게서 호박죽 그릇을 건네받았어요.",
      "srcPage": 20,
      "srcSentenceEA": 3,
      "srcWordEA": 17,
      "character": "송이,사탕,요정들,솜사탕 머리카락",
      "setting": null,
      "action": "먹었어요,나눠 주었지요,먹었더니,먹고 싶어",
      "feeling": null,
      "causalRelationship": "사탕만 먹었더니 다른 것도 먹고 싶어",
      "outcomeResolution": null,
      "prediction": null,
      "plotSummaryInfoCount": 1,
      "plotSummaryInfo": {
        "classification": "의사소통",
        "readAge": "초등_고학년",
        "form": "short-form",
        "plotSummaryText": "어머니의 간절한 청을 뿌리칠 수 없었던 나무꾼은 호박죽 그릇을 건네받았습니다.",
        "textWordEA": 10
      }
    },
    {
      "srcTextID": "6736",
      "srcText": "옛날 옛적 깊은 산속에 홀어머니를 모시고 사는 나무꾼 총각이 있었어요. 마음씨 착하고 인정도 많은 총각이었지만, 나무를 팔아 겨우 하루하루 먹고사는 형편이다 보니 장가들 생각은 꿈에도 하지 못했지요. 그러던 어느 날 나무꾼이 산에서 나무를 하고 있었어요.",
      "srcPage": 1,
      "srcSentenceEA": 3,
      "srcWordEA": 37,
      "character": "홀어머니,나무꾼 총각,나무",
      "setting": "깊은 산속,산",
      "action": "모시고 사는,팔아,먹고사는,나무를 하고 있었어요",
      "feeling": null,
      "causalRelationship": null,
      "outcomeResolution": null,
      "prediction": "그러던 어느 날 나무꾼이 산에서 나무를 하고 있었어요.",
      "plotSummaryInfoCount": 1,
      "plotSummaryInfo": {
        "classification": "의사소통",
        "readAge": "초등_고학년",
        "form": "short-form",
        "plotSummaryText": "옛날 옛적 깊은 산속에 마음씨 착하고 인정 많은 가난한 나무꾼 총각이 홀어머니를 모시고 살고 있었습니다.",
        "textWordEA": 15
      }
    },
    {
      "srcTextID": "6741",
      "srcText": "제게 소원 한 가지를 말씀해 보세요. “나야, 색시 얻어 장가가는 게 소원이지.” “그럼, 오늘 보름달이 뜨면 저기 연못으로 꼭 오세요. 꼭이오.”",
      "srcPage": 3,
      "srcSentenceEA": 4,
      "srcWordEA": 22,
      "character": "색시,보름달",
      "setting": "연못",
      "action": "말씀해 보세요,오세요.뜨면,얻어",
      "feeling": null,
      "causalRelationship": null,
      "outcomeResolution": null,
      "prediction": null,
      "plotSummaryInfoCount": 1,
      "plotSummaryInfo": {
        "classification": "의사소통",
        "readAge": "초등_고학년",
        "form": "long-form",
        "plotSummaryText": "색시를 얻어 장가가는 게 소원이라는 총각에게 오늘 보름달이 뜨면 연못으로 꼭 오라고 말하였습니다.",
        "textWordEA": 13
      }
    },
    {
      "srcTextID": "6746",
      "srcText": "나무꾼은 하늘을 보며 한숨짓는 아내가 항상 마음에 걸렸어요. ‘그래, 이제 아이도 둘이나 되는데, 설마 무슨 일이 있을라고?’ 나무꾼은 아내에게 조심스럽게 날개옷을 보여 주었어요.",
      "srcPage": 10,
      "srcSentenceEA": 3,
      "srcWordEA": 25,
      "character": "나무꾼,아내,날개옷",
      "setting": null,
      "action": "한숨짓는,보여 주었어요,보며",
      "feeling": null,
      "causalRelationship": "나무꾼은 하늘을 보며 한숨짓는 아내가 항상 마음에 걸렸어요.",
      "outcomeResolution": null,
      "prediction": "나무꾼은 아내에게 조심스럽게 날개옷을 보여 주었어요.",
      "plotSummaryInfoCount": 1,
      "plotSummaryInfo": {
        "classification": "의사소통",
        "readAge": "초등_고학년",
        "form": "short-form",
        "plotSummaryText": "하늘을 보며 한숨짓는 아내가 항상 마음에 걸린 나무꾼은 조심스럽게 날개옷을 보여 주었습니다.",
        "textWordEA": 12
      }
    },
    {
      "srcTextID": "6756",
      "srcText": "결국 나무꾼은 하늘나라로 돌아갈 수 없게 되었어요. 그 후 나무꾼은 매일매일 하늘을 바라보며 혼잣말을 했어요. “기다려요. 꼭 갈게요. '꼭'이오. 꼭꼭!” 아내와 아이들을 그리워하던 나무꾼은 시름시름 앓다가 쓸쓸히 눈을 감고 말았어요. ",
      "srcPage": 21,
      "srcSentenceEA": 5,
      "srcWordEA": 35,
      "character": "나무꾼,아내,아이들",
      "setting": null,
      "action": "바라보며,혼잣말을 했어요,앓다가,눈을 감고 말았어요",
      "feeling": "그리워",
      "causalRelationship": null,
      "outcomeResolution": "결국 나무꾼은 하늘 나라로 돌아갈 수 없게 되었어요.",
      "prediction": null,
      "plotSummaryInfoCount": 1,
      "plotSummaryInfo": {
        "classification": "의사소통",
        "readAge": "초등_고학년",
        "form": "long-form",
        "plotSummaryText": "결국 하늘나라로 돌아갈 수 없게 된 나무꾼은 아내와 아이들이 그리워 시름시름 앓다가 쓸쓸히 눈을 감고 말았습니다.",
        "textWordEA": 16
      }
    },
    {
      "srcTextID": "6734",
      "srcText": " ‘오늘은 이걸 팔아 어머니께 생선을 구워 드려야지.’ 이런 생각을 하며 도끼 쥔 손에 힘을 주는 참인데, 노루 한 마리가 겅중겅중 뛰어왔어요. 저 좀 숨겨 주세요!",
      "srcPage": 2,
      "srcSentenceEA": 3,
      "srcWordEA": 28,
      "character": "어머니,생선,도끼,노루 한 마리",
      "setting": null,
      "action": "구워 드려야지,뛰어왔어요,힘을 주는 참인데",
      "feeling": null,
      "causalRelationship": null,
      "outcomeResolution": null,
      "prediction": null,
      "plotSummaryInfoCount": 1,
      "plotSummaryInfo": {
        "classification": "의사소통",
        "readAge": "초등_고학년",
        "form": "short-form",
        "plotSummaryText": "도끼 쥔 손에 힘을 주는 참인데, 노루 한 마리가 뛰어와서 숨겨 달라고 청하였습니다.",
        "textWordEA": 13
      }
    },
    {
      "srcTextID": "6747",
      "srcText": "아내는 아이처럼 좋아하며 날개옷을 어루만졌어요. 아내의 웃는 얼굴을 보니 나무꾼도 좋았지요. 그런데 그날 밤 문득 잠에서 깬 나무꾼은 깜짝 놀랐어요.",
      "srcPage": 11,
      "srcSentenceEA": 3,
      "srcWordEA": 22,
      "character": "아내,날개옷,나무꾼,아이,얼굴",
      "setting": null,
      "action": "어루만졌어요,보니,잠에서 깬",
      "feeling": "좋았지요,깜짝 놀랐어요",
      "causalRelationship": null,
      "outcomeResolution": null,
      "prediction": "그날 밤 문득 잠에서 깬 나무꾼은 깜짝 놀랐어요.",
      "plotSummaryInfoCount": 1,
      "plotSummaryInfo": {
        "classification": "의사소통",
        "readAge": "초등_고학년",
        "form": "short-form",
        "plotSummaryText": "아이처럼 좋아하며 날개옷을 어루만지는 아내의 얼굴을 보니 나무꾼도 좋았습니다.",
        "textWordEA": 9
      }
    },
    {
      "srcTextID": "6750",
      "srcText": "하지만 아무 대답도 없었지요. 그때 어떻게 알았는지 노루가 나타났어요. 나무꾼은 고개를 떨군 채 눈물만 뚝뚝 흘렸어요.",
      "srcPage": 13,
      "srcSentenceEA": 3,
      "srcWordEA": 18,
      "character": "노루,나무꾼",
      "setting": null,
      "action": "나타났어요,고개를 떨군 채,흘렸어요",
      "feeling": null,
      "causalRelationship": null,
      "outcomeResolution": null,
      "prediction": null,
      "plotSummaryInfoCount": 1,
      "plotSummaryInfo": {
        "classification": "의사소통",
        "readAge": "초등_고학년",
        "form": "short-form",
        "plotSummaryText": "그때 노루가 나타났고 나무꾼은 고개를 떨군 채 눈물만 뚝뚝 흘렸습니다.",
        "textWordEA": 10
      }
    },
    {
      "srcTextID": "6744",
      "srcText": "그뿐인가요? 반질반질 살림도 잘하는 며느리가 자식을 둘이나 낳자 더 이상 바랄 것이 없었지요. 나무꾼도 예쁜 색시와 재롱을 피우는 자식들이 있어 더없이 행복했어요. 하지만 보름달이 뜨는 밤이 되면 선녀는 물끄러미 하늘을 바라보곤 했어요.",
      "srcPage": 9,
      "srcSentenceEA": 3,
      "srcWordEA": 35,
      "character": "나무꾼,자식들,선녀,색시",
      "setting": "보름달이 뜨는 밤",
      "action": "살림도 잘하는,낳자,바라보곤,재롱을 피우는",
      "feeling": "행복했어요",
      "causalRelationship": null,
      "outcomeResolution": null,
      "prediction": null,
      "plotSummaryInfoCount": 1,
      "plotSummaryInfo": {
        "classification": "의사소통",
        "readAge": "초등_고학년",
        "form": "short-form",
        "plotSummaryText": "살림도 잘하는 며느리가 자식을 둘이나 낳자 기뻐하였고, 나무꾼도 예쁜 색시와 재롱 피우는 자식들이 있어 행복했습니다.",
        "textWordEA": 15
      }
    },
    {
      "srcTextID": "6759",
      "srcText": "그렇게 하늘나라에 있는 가족을 그리워하다 죽은 나무꾼은 수탉으로 다시 태어났다고 해요. 밤마다 하늘을 향해 ‘꼭'이오, 꼭꼭! 하던 혼잣말은 ‘꼬끼오, 꼬꼬!’ 하는 닭 울음소리로 바뀌었지요. 지금도 수탉이 하늘을 바라보며 긴 울음을 우는 건 이런 슬픈 사연 때문이래요. ",
      "srcPage": 22,
      "srcSentenceEA": 6,
      "srcWordEA": 41,
      "character": "나무꾼,수탉,가족,닭",
      "setting": "밤마다",
      "action": "태어났다고,바라보며,긴 울음을 우는 건",
      "feeling": "그리워",
      "causalRelationship": null,
      "outcomeResolution": "하늘 나라에 있는 가족을 그리워하다 죽은 나무꾼은 수탉으로 다시 태어났다고 해요.",
      "prediction": null,
      "plotSummaryInfoCount": 1,
      "plotSummaryInfo": {
        "classification": "의사소통",
        "readAge": "초등_고학년",
        "form": "long-form",
        "plotSummaryText": "가족을 그리워하다 죽은 나무꾼은 수탉으로 다시 태어났는데, 지금도 하늘을 바라보며 수탉이 긴 울음을 우는 건 이런 슬픈 사연 때문이랍니다.",
        "textWordEA": 19
      }
    },
    {
      "srcTextID": "6751",
      "srcText": "두레박은 묵직한 소리를 내며 하늘로 올라갔어요. 하늘나라에 도착한 나무꾼은 그리운 가족을 다시 만나 행복한 시간을 보냈어요. 하지만 집에 홀로 계신 어머니가 마음에 걸렸어요.",
      "srcPage": 15,
      "srcSentenceEA": 3,
      "srcWordEA": 25,
      "character": "두레박,나무꾼,어머니",
      "setting": null,
      "action": "올라갔어요,도착한,만나",
      "feeling": null,
      "causalRelationship": "하늘 나라에 도착한 나무꾼은 그리운 가족을 다시 만나 행복한 시간을 보냈어요.",
      "outcomeResolution": null,
      "prediction": null,
      "plotSummaryInfoCount": 1,
      "plotSummaryInfo": {
        "classification": "의사소통",
        "readAge": "초등_고학년",
        "form": "short-form",
        "plotSummaryText": "하늘나라에 도착한 나무꾼은 가족을 다시 만나 행복한 시간을 보냈지만, 집에 홀로 계신 어머니가 마음에 걸렸습니다.",
        "textWordEA": 15
      }
    },
    {
      "srcTextID": "6755",
      "srcText": "나무꾼의 마음을 알아챈 아내는 날개 달린 말을 마련해 주었어요. 그러면서 나무꾼에게 인간 세상의 음식을 먹지 말고, 절대 땅에 발을 디디지 말라는 당부를 했어요. 나무꾼을 태운 말은 단숨에 어머니가 계신 집에 도착했어요.",
      "srcPage": 16,
      "srcSentenceEA": 3,
      "srcWordEA": 33,
      "character": "아내,날개 달린 말,나무꾼,음식",
      "setting": null,
      "action": "주었어요,먹지 말고,당부를 했어요,도착했어요",
      "feeling": null,
      "causalRelationship": "나무꾼의 마음을 알아챈 아내는 날개 달린 말을 마련해 주었어요.",
      "outcomeResolution": null,
      "prediction": null,
      "plotSummaryInfoCount": 1,
      "plotSummaryInfo": {
        "classification": "의사소통",
        "readAge": "초등_고학년",
        "form": "short-form",
        "plotSummaryText": "아내는 날개 달린 말을 마련해 주며, 인간 세상의 음식을 먹지 말고 절대 땅에 발을 디디지 말라고 당부했습니다.",
        "textWordEA": 17
      }
    },
    {
      "srcTextID": "6754",
      "srcText": "나무꾼도 여윈 어머니를 보고 눈물을 흘렸지요. “어머니, 저는 다시 하늘나라로 돌아가야 해요. 건강하시고, 식사도 잘 챙겨 드세요.”",
      "srcPage": 18,
      "srcSentenceEA": 3,
      "srcWordEA": 18,
      "character": "나무꾼,어머니",
      "setting": null,
      "action": "흘렸지요,보고,돌아가야",
      "feeling": null,
      "causalRelationship": "나무꾼도 여윈 어머니를 보고 눈물을 흘렸지요.",
      "outcomeResolution": null,
      "prediction": null,
      "plotSummaryInfoCount": 1,
      "plotSummaryInfo": {
        "classification": "의사소통",
        "readAge": "초등_고학년",
        "form": "short-form",
        "plotSummaryText": "다시 하늘나라로 돌아가야 하는 나무꾼은 여윈 어머니를 보고 눈물을 흘렸습니다.",
        "textWordEA": 10
      }
    },
    {
      "srcTextID": "6748",
      "srcText": "아내와 아이들이 보이지 않았기 때문이었지요. 황급히 마당으로 나와 보니 날개옷을 입은 아내가 아이 둘을 데리고 하늘로 올라가고 있었어요. “여보! 얘들아!” 나무꾼은 목이 터져라, 아내와 아이들을 불렀어요. ",
      "srcPage": 12,
      "srcSentenceEA": 4,
      "srcWordEA": 29,
      "character": "아내,아이들,날개옷,나무꾼",
      "setting": "마당,하늘",
      "action": "나와 보니,올라가고,불렀어요,날개옷을 입은",
      "feeling": null,
      "causalRelationship": null,
      "outcomeResolution": null,
      "prediction": null,
      "plotSummaryInfoCount": 1,
      "plotSummaryInfo": {
        "classification": "의사소통",
        "readAge": "초등_고학년",
        "form": "long-form",
        "plotSummaryText": "나무꾼이 황급히 마당으로 나와 보니 아내가 아이 둘을 데리고 하늘로 올라가고 있었습니다.",
        "textWordEA": 12
      }
    },
    {
      "srcTextID": "6739",
      "srcText": "노루는 나무꾼에게 이렇게 당부를 하고 사라졌어요. 그날 밤 나무꾼은 노루가 일러 준 연못으로 갔어요. 그곳에는 하얀 물보라 속에서 목욕하는 선녀들이 보였어요. ",
      "srcPage": 4,
      "srcSentenceEA": 3,
      "srcWordEA": 23,
      "character": "노루,나무꾼,선녀들",
      "setting": "그날 밤,연못",
      "action": "사라졌어요,갔어요,목욕하는,보였어요",
      "feeling": null,
      "causalRelationship": null,
      "outcomeResolution": null,
      "prediction": null,
      "plotSummaryInfoCount": 1,
      "plotSummaryInfo": {
        "classification": "의사소통",
        "readAge": "초등_고학년",
        "form": "short-form",
        "plotSummaryText": "그날 밤 노루가 일러 준 연못으로 간 나무꾼은 하얀 물보라 속에서 목욕하는 선녀들을 보았습니다.",
        "textWordEA": 14
      }
    },
    {
      "srcTextID": "6740",
      "srcText": "언제 왔는지 노루가 나무꾼에게 소곤거렸어요. 어서 날개옷을 감추세요. 날개옷이 없으면 선녀는 하늘로 올라가지 못해요. ",
      "srcPage": 5,
      "srcSentenceEA": 3,
      "srcWordEA": 16,
      "character": "노루,나무꾼,날개옷,선녀",
      "setting": null,
      "action": "소곤거렸어요,왔는지",
      "feeling": null,
      "causalRelationship": "날개옷이 없으면 선녀는 하늘로 올라가지 못해요.",
      "outcomeResolution": null,
      "prediction": null,
      "plotSummaryInfoCount": 1,
      "plotSummaryInfo": {
        "classification": "의사소통",
        "readAge": "초등_고학년",
        "form": "short-form",
        "plotSummaryText": "노루는 나무꾼에게 선녀가 하늘로 올라가지 못하게 날개옷을 감추라고 소곤거렸습니다.",
        "textWordEA": 9
      }
    },
    {
      "srcTextID": "6743",
      "srcText": "그리고 옷을 잃은 선녀를 색시로 삼으세요. 나무꾼은 떨리는 손으로 날개옷 한 벌을 집었어요. 심장이 벌렁벌렁, 팔다리가 후들후들거렸지요.",
      "srcPage": 6,
      "srcSentenceEA": 3,
      "srcWordEA": 19,
      "character": "선녀,나무꾼,날개옷 한 벌,손,팔다리",
      "setting": null,
      "action": "집었어요,떨리는",
      "feeling": null,
      "causalRelationship": null,
      "outcomeResolution": null,
      "prediction": null,
      "plotSummaryInfoCount": 1,
      "plotSummaryInfo": {
        "classification": "의사소통",
        "readAge": "초등_고학년",
        "form": "short-form",
        "plotSummaryText": "노루의 말에 나무꾼은 떨리는 손으로 선녀의 날개옷 한 벌을 집었습니다.",
        "textWordEA": 10
      }
    },
    {
      "srcTextID": "6745",
      "srcText": "하지만 날개옷을 잃어버린 선녀는 하늘로 올라가지 못했지요. 나무꾼은 혼자 남은 선녀를 아내로 맞았어요. 늘 아들을 걱정하던 어머니도 소원을 풀었다며 덩실덩실 춤을 추며 기뻐했지요.",
      "srcPage": 8,
      "srcSentenceEA": 3,
      "srcWordEA": 25,
      "character": "날개옷,선녀,나무꾼,어머니,하늘",
      "setting": null,
      "action": "맞았어요,춤을 추며",
      "feeling": "기뻐했지요",
      "causalRelationship": "날개옷을 잃어버린 선녀는 하늘로 올라가지 못했지요.",
      "outcomeResolution": null,
      "prediction": null,
      "plotSummaryInfoCount": 1,
      "plotSummaryInfo": {
        "classification": "의사소통",
        "readAge": "초등_고학년",
        "form": "short-form",
        "plotSummaryText": "나무꾼은 날개옷을 잃어버려 하늘로 올라가지 못하고 혼자 남은 선녀를 아내로 맞이하였습니다.",
        "textWordEA": 11
      }
    },
    {
      "srcTextID": "6742",
      "srcText": "“선녀가 아이를 셋 낳을 때까지 절대 날개옷을 보여 주시면 안 돼요.” 노루는 이 말을 남기고 사라졌어요. 목욕을 끝낸 선녀들은 날개옷을 입고 하늘로 올라갔어요.",
      "srcPage": 7,
      "srcSentenceEA": 3,
      "srcWordEA": 25,
      "character": "선녀,아이,날개옷,노루",
      "setting": null,
      "action": "사라졌어요,올라갔어요,목욕을 끝낸,입고,낳을",
      "feeling": null,
      "causalRelationship": null,
      "outcomeResolution": null,
      "prediction": null,
      "plotSummaryInfoCount": 1,
      "plotSummaryInfo": {
        "classification": "의사소통",
        "readAge": "초등_고학년",
        "form": "short-form",
        "plotSummaryText": "선녀가 아이를 셋 낳을 때까지 절대 날개옷을 보여주면 안 된다는 말을 남기고 노루는 사라졌습니다.",
        "textWordEA": 14
      }
    }
  ]
}