{
  "title": "풀죽새 이야기",
  "author": "최유희",
  "illustrator": "오은하",
  "isbn": "9791128213502",
  "publishedYear": 2018,
  "publisher": "아람북스",
  "paragraphInfoCount": 23,
  "paragraphInfo": [
    {
      "srcTextID": "7322",
      "srcText": "마당에는 호랑이 발자국이 선명하게 찍혀 있었어요. “그래, 어디 아픈 곳은 없니?” 새어머니도 한마디 거드는 척했어요.",
      "srcPage": 16,
      "srcSentenceEA": 3,
      "srcWordEA": 16,
      "character": "새어머니,호랑이 발자국",
      "setting": "마당",
      "action": "찍혀",
      "feeling": null,
      "causalRelationship": null,
      "outcomeResolution": "마당에는 호랑이 발자국이 선명하게 찍혀 있었어요.",
      "prediction": null,
      "plotSummaryInfoCount": 1,
      "plotSummaryInfo": {
        "classification": "의사소통",
        "readAge": "초등_고학년",
        "form": "short-form",
        "plotSummaryText": "마당에는 호랑이 발자국이 선명했고 새어머니는 아픈 곳이 없냐며 거드는 척을 했다.",
        "textWordEA": 11
      }
    },
    {
      "srcTextID": "7321",
      "srcText": "“엄마, 저를 지켜 주세요. 산신님, 저를 살려 주세요.” 순이는 꽁꽁 언 손으로 빌고 또 빌다가 그만 정신을 잃고 말았어요.",
      "srcPage": 14,
      "srcSentenceEA": 3,
      "srcWordEA": 21,
      "character": "엄마,순이,손",
      "setting": null,
      "action": "지켜,살려,빌고,잃고",
      "feeling": null,
      "causalRelationship": null,
      "outcomeResolution": null,
      "prediction": "순이는 꽁꽁 언 손으로 빌고 또 빌다가 그만 정신을 잃고 말았어요.",
      "plotSummaryInfoCount": 1,
      "plotSummaryInfo": {
        "classification": "의사소통",
        "readAge": "초등_고학년",
        "form": "short-form",
        "plotSummaryText": "순이는 꽁꽁 언 손으로 엄마와 산신님께 살려 달라고 빌고 또 빌다가 정신을 잃었다.",
        "textWordEA": 13
      }
    },
    {
      "srcTextID": "7324",
      "srcText": "살랑살랑 봄바람에 사르르 얼음이 녹고 연둣빛 새싹이 파릇파릇 돋기 시작하자, 순이도 간신히 일어날 수 있었어요. 하지만 개나리 꽃길을 따라 아버지가 멀리 장사를 떠나자, 새어머니의 구박은 더욱더 심해졌어요. 하루 한 끼도 제대로 먹지 못한 순이는 점점 더 야위어 갔어요. 도대체 언제까지 아픈 척할래?",
      "srcPage": 18,
      "srcSentenceEA": 4,
      "srcWordEA": 45,
      "character": "얼음,새싹,순이,아버지,새어머니",
      "setting": "개나리 꽃길",
      "action": "녹고,돋기,시작하자,일어날,떠나자,먹지,아픈 척",
      "feeling": null,
      "causalRelationship": "하지만 개나리 꽃길을 따라 아버지가 멀리 장사를 떠나자, 새어머니의 구박은 더욱더 심해졌어요.",
      "outcomeResolution": null,
      "prediction": null,
      "plotSummaryInfoCount": 1,
      "plotSummaryInfo": {
        "classification": "의사소통",
        "readAge": "초등_고학년",
        "form": "long-form",
        "plotSummaryText": "봄이 되어 아버지가 멀리 장사를 떠나자, 순이에 대한 새어머니의 구박은 더욱 심해졌고, 하루 한 끼도 제대로 먹지 못한 순이는 점점 야위어 갔다.",
        "textWordEA": 22
      }
    },
    {
      "srcTextID": "7318",
      "srcText": "그날 저녁 아버지가 돌아오자, 새어머니는 눈물을 흘리는 시늉을 하며 말했어요. “아이고, 이걸 어째요. 내가 말려도 기어코 산신께 기도를 드린다며 산에 가더니, 아직도 오지 않았어요. 흑흑.” ",
      "srcPage": 11,
      "srcSentenceEA": 4,
      "srcWordEA": 27,
      "character": "아버지,새어머니",
      "setting": "산,그날 저녁",
      "action": "돌아오자,흘리는,드린다,말했어요,가더니",
      "feeling": null,
      "causalRelationship": null,
      "outcomeResolution": null,
      "prediction": "내가 말려도 기어코 산신께 기도를 드린다며 산에 가더니, 아직도 오지 않았어요.",
      "plotSummaryInfoCount": 1,
      "plotSummaryInfo": {
        "classification": "의사소통",
        "readAge": "초등_고학년",
        "form": "long-form",
        "plotSummaryText": "아버지가 돌아오자, 새어머니는 말려도 산신께 기도를 드린다며 산에 간 순이가 아직도 오지 않는다며 눈물 흘리는 시늉을 했다.",
        "textWordEA": 17
      }
    },
    {
      "srcTextID": "7319",
      "srcText": "아버지도 걱정이 되었지만, 새어머니를 위로했어요. “산신께 기도를 올릴 때마다 제 엄마와 수없이 가 본 길이오. 그러니 별 탈 없이 돌아올 거요.”",
      "srcPage": 12,
      "srcSentenceEA": 3,
      "srcWordEA": 22,
      "character": "아버지,새어머니,엄마",
      "setting": null,
      "action": "되었지만,올릴,가 본,돌아올 거요",
      "feeling": "걱정이 되었지만",
      "causalRelationship": "산신께 기도를 올릴 때마다 제 엄마와 수없이 가 본 길이오. 그러니 별 탈 없이 돌아올 거요.",
      "outcomeResolution": null,
      "prediction": null,
      "plotSummaryInfoCount": 1,
      "plotSummaryInfo": {
        "classification": "의사소통",
        "readAge": "초등_고학년",
        "form": "short-form",
        "plotSummaryText": "아버지도 걱정이 되었지만, 제 엄마와 산신께 기도를 드릴 때마다 많이 가본 길이니 별 탈 없이 돌아올 거라며 새어머니를 위로했다.",
        "textWordEA": 19
      }
    },
    {
      "srcTextID": "7323",
      "srcText": "순이가 다시 깨어난 곳은 집 마당이었어요. 인기척 소리에 아버지가 급히 뛰어나왔어요. “산신님이 호랑이로 나타난다더니, 그 말이 참말이로구나! 고맙습니다, 산신님.”",
      "srcPage": 15,
      "srcSentenceEA": 4,
      "srcWordEA": 21,
      "character": "순이,호랑이,아버지",
      "setting": "집 마당",
      "action": "깨어난,뛰어나왔어요,나타난다더니",
      "feeling": "고맙습니다",
      "causalRelationship": "인기척 소리에 아버지가 급히 뛰어나왔어요.",
      "outcomeResolution": null,
      "prediction": null,
      "plotSummaryInfoCount": 1,
      "plotSummaryInfo": {
        "classification": "의사소통",
        "readAge": "초등_고학년",
        "form": "long-form",
        "plotSummaryText": "순이가 다시 깨어난 곳은 집 마당이었고, 아버지가 급히 뛰어나오며 산신님이 호랑이로 나타나더니 참말이라며 산신님께 고맙다고 했다.",
        "textWordEA": 16
      }
    },
    {
      "srcTextID": "7351",
      "srcText": "“다음부터는 절대 혼자서 산에 올라가지 말거라.” 아버지는 그제야 안심하며 가슴을 쓸어내렸어요. 그날 밤 순이는 온몸에 열꽃이 돋아 앓아누웠어요. “어이쿠 내 새끼, 이걸 어쩌누!” 새어머니는 미음을 끓여서 순이에게 떠먹이는 척하다가, 아버지가 안 보는 사이에 슬쩍슬쩍 자기가 다 먹어 버렸어요.",
      "srcPage": 17,
      "srcSentenceEA": 5,
      "srcWordEA": 41,
      "character": "아버지,순이,열꽃,새어머니,미음",
      "setting": "산,그날 밤",
      "action": "올라가지,쓸어내렸어요,끓여서,떠먹이는,보는,앓아누웠어요,먹어 버렸어요.",
      "feeling": "안심하며",
      "causalRelationship": null,
      "outcomeResolution": null,
      "prediction": null,
      "plotSummaryInfoCount": 1,
      "plotSummaryInfo": {
        "classification": "의사소통",
        "readAge": "초등_고학년",
        "form": "long-form",
        "plotSummaryText": "아버지는 절대 산에 혼자 올라가지 말라며 말했고, 새어머니는 미음을 순이에게 먹이는 척하다가 아버지가 보지 않으면 자기가 다 먹어 버렸다.",
        "textWordEA": 19
      }
    },
    {
      "srcTextID": "7325",
      "srcText": "날도 풀렸으니, 오늘은 새로 창호지를 바르거라! 창호지를 바르려던 순이의 눈에 모락모락 김이 나는 풀죽이 보였어요. 순이의 눈에는 풀죽이 먹음직스러워 보였어요.",
      "srcPage": 19,
      "srcSentenceEA": 3,
      "srcWordEA": 22,
      "character": "창호지,순이,풀죽",
      "setting": "오늘",
      "action": "바르거라,바르려던,보였어요",
      "feeling": null,
      "causalRelationship": null,
      "outcomeResolution": null,
      "prediction": "순이의 눈에는 풀죽이 먹음직스러워 보였어요.",
      "plotSummaryInfoCount": 1,
      "plotSummaryInfo": {
        "classification": "의사소통",
        "readAge": "초등_고학년",
        "form": "short-form",
        "plotSummaryText": "새로 창호지를 바르라는 말에, 창호지를 바르려던 순이의 눈에 먹음직스러워 보이는 풀죽이 보였다.",
        "textWordEA": 12
      }
    },
    {
      "srcTextID": "7326",
      "srcText": "배고픔을 참지 못한 순이는 풀죽을 마구 퍼먹기 시작했어요. 그 모습을 본 새어머니가 소리를 질렀어요. “아니, 너 먹으라고 풀죽을 쑨 줄 알아!”",
      "srcPage": 20,
      "srcSentenceEA": 3,
      "srcWordEA": 22,
      "character": "순이,풀죽,새어머니",
      "setting": null,
      "action": "퍼먹기,시작했어요,본,질렀어요",
      "feeling": null,
      "causalRelationship": "배고픔을 참지 못한 순이는 풀죽을 마구 퍼먹기 시작했어요.",
      "outcomeResolution": null,
      "prediction": null,
      "plotSummaryInfoCount": 1,
      "plotSummaryInfo": {
        "classification": "의사소통",
        "readAge": "초등_고학년",
        "form": "short-form",
        "plotSummaryText": "풀죽을 마구 퍼먹는 순이를 본 새어머니는 너 먹으라는 풀죽이 아니라며 소리를 질렀다.",
        "textWordEA": 12
      }
    },
    {
      "srcTextID": "7327",
      "srcText": "새어머니가 빗자루를 집어 들었어요. “창호지를 바르라고 쑨 풀죽을 먹다니, 오늘 혼 좀 나 봐라!” “자, 잘못했어요. 어머니, 잘못했어요.” 순이가 있는 힘을 다해 빌었지만, 새어머니는 매질을 멈추지 않았어요.",
      "srcPage": 21,
      "srcSentenceEA": 5,
      "srcWordEA": 29,
      "character": "새어머니,빗자루,창호지,풀죽,순이",
      "setting": "오늘",
      "action": "집어 들었어요,바르라,쑨,먹다니,멈추지,빌었지만,매질을 멈추지 않았어요.",
      "feeling": null,
      "causalRelationship": "창호지를 바르라고 쑨 풀죽을 먹다니, 오늘 혼 좀 나 봐라.",
      "outcomeResolution": null,
      "prediction": "순이가 있는 힘을 다해 빌었지만, 새어머니는 매질을 멈추지 않았어요.",
      "plotSummaryInfoCount": 1,
      "plotSummaryInfo": {
        "classification": "의사소통",
        "readAge": "초등_고학년",
        "form": "long-form",
        "plotSummaryText": "새어머니는 창호지를 바르라고 쑨 풀죽을 먹었다며 순이를 빗자루로 매질했다.",
        "textWordEA": 9
      }
    },
    {
      "srcTextID": "7328",
      "srcText": " 결국 순이는 쓰러지고 말았지요. “어, 엄마.” 그런데 이게 웬일일까요? 갑자기 순이의 몸이 공중으로 붕 떠오르더니 한 마리 새로 변했어요. ",
      "srcPage": 22,
      "srcSentenceEA": 4,
      "srcWordEA": 22,
      "character": "순이,엄마,몸,새",
      "setting": null,
      "action": "쓰러지고,떠오르더니,변했어요",
      "feeling": null,
      "causalRelationship": null,
      "outcomeResolution": "결국 순이는 쓰러지고 말았지요.",
      "prediction": null,
      "plotSummaryInfoCount": 1,
      "plotSummaryInfo": {
        "classification": "의사소통",
        "readAge": "초등_고학년",
        "form": "long-form",
        "plotSummaryText": "결국 쓰러진 순이의 몸이 갑자기 공중으로 떠오르더니 한 마리 새로 변했다.",
        "textWordEA": 11
      }
    },
    {
      "srcTextID": "7329",
      "srcText": "여리고 작은 새는 “풀죽풀죽.” 울며 한참 동안 순이네 지붕을 뱅뱅 맴돌았어요. 사람들은 풀죽을 먹다 죽은 순이의 넋이 새가 되었다고 생각했어요. 풀죽풀죽 우는 풀죽새의 울음소리는 뻐꾹뻐꾹 소리로도 들려서 ‘뻐꾹새’라고도 불렀어요. ",
      "srcPage": 23,
      "srcSentenceEA": 5,
      "srcWordEA": 33,
      "character": "작은 새,풀죽,뻐꾹새,사람들,순이",
      "setting": "순이네 지붕",
      "action": "울며,맴돌았어요,먹다,죽은,되었다고,생각했어요,우는,불렀어요",
      "feeling": null,
      "causalRelationship": "풀죽풀죽 우는 풀죽새의 울음소리는 뻐꾹뻐꾹 소리로도 들려서 뻐꾹새라고도 불렀어요.",
      "outcomeResolution": null,
      "prediction": null,
      "plotSummaryInfoCount": 1,
      "plotSummaryInfo": {
        "classification": "의사소통",
        "readAge": "초등_고학년",
        "form": "long-form",
        "plotSummaryText": "사람들은 풀죽을 먹다 죽은 순이의 넋이 풀죽새가 되었다고 생각했고, 풀죽풀죽 우는 울음소리는 뻐꾹뻐꾹 소리로도 들려 뻐꾹새라고도 불렀다.",
        "textWordEA": 17
      }
    },
    {
      "srcTextID": "7308",
      "srcText": "그날 저녁, 밥을 먹던 순이가 “아야!” 소리를 내자 새어머니는 어쩔 줄을 몰라 했어요. “괜찮니? 아가야?” “괜찮아요. 밥에 돌이 있었나 봐요.” “아이고, 미안하다. 몹시 아프지?” 그 모습을 본 아버지는 흐뭇한 미소를 지었어요.",
      "srcPage": 2,
      "srcSentenceEA": 7,
      "srcWordEA": 36,
      "character": "밥,순이,새어머니,돌,아버지",
      "setting": "그날 저녁",
      "action": "먹던,본,지었어요",
      "feeling": "미안하다,흐뭇한 ",
      "causalRelationship": null,
      "outcomeResolution": "그 모습을 본 아버지는 흐뭇한 미소를 지었어요.",
      "prediction": null,
      "plotSummaryInfoCount": 1,
      "plotSummaryInfo": {
        "classification": "의사소통",
        "readAge": "초등_고학년",
        "form": "long-form",
        "plotSummaryText": "그날 저녁, 밥에 돌이 있어서 아파하는 순이에게 미안하다고 말하는 새어머니의 모습을 본 아버지는 미소를 지었다.",
        "textWordEA": 15
      }
    },
    {
      "srcTextID": "7311",
      "srcText": "새 아내가 순이를 잘 보살피는 것 같았기 때문이지요. 다음 날 아버지가 외출하자 새어머니와 순이만 집에 있게 되었어요. 그런데 아버지가 집을 나서자마자, 이것아, 돌 하나 씹었다고 이가 빠지니?",
      "srcPage": 3,
      "srcSentenceEA": 3,
      "srcWordEA": 29,
      "character": "새 아내,순이,아버지,새어머니,돌,이",
      "setting": "다음 날,집",
      "action": "보살피는,외출하자,나서자,씹었다,빠지니",
      "feeling": null,
      "causalRelationship": "다음 날 아버지가 외출하자 새어머니와 순이만 집에 있게 되었어요.",
      "outcomeResolution": null,
      "prediction": null,
      "plotSummaryInfoCount": 1,
      "plotSummaryInfo": {
        "classification": "의사소통",
        "readAge": "초등_고학년",
        "form": "short-form",
        "plotSummaryText": "다음 날, 새 아내가 순이를 잘 보살핀다고 생각하는 아버지가 외출하자, 새어머니는 순이에게 돌 하나 씹었다고 이가 빠지냐고 말했다.",
        "textWordEA": 18
      }
    },
    {
      "srcTextID": "7312",
      "srcText": "아버지가 집에 없자, 새어머니는 갑자기 딴사람으로 변했어요. 순이가 부엌을 반질반질하게 청소해 두면 새어머니는 아궁이의 시커먼 재를 뿌려 놓았고, 뽀얗게 빨래를 해 오면, “이것도 빨래라고 한 거야?” 하면서 마당에 내팽개쳤어요.",
      "srcPage": 5,
      "srcSentenceEA": 4,
      "srcWordEA": 31,
      "character": "아버지,새어머니,순이,아궁이,재,빨래",
      "setting": "집,부엌,마당",
      "action": "청소해,뿌려 놓았고,해 오면,변했어요,내팽개쳤어요",
      "feeling": null,
      "causalRelationship": "아버지가 집에 없자, 새어머니는 갑자기 딴사람으로 변했어요.",
      "outcomeResolution": null,
      "prediction": null,
      "plotSummaryInfoCount": 1,
      "plotSummaryInfo": {
        "classification": "의사소통",
        "readAge": "초등_고학년",
        "form": "long-form",
        "plotSummaryText": "아버지가 집에 없으면 새어머니는 순이가 청소해 놓은 부엌에 시커면 재를 뿌려 놓는가 하면 뽀얗게 한 빨래를 마당에 내팽개쳤다.",
        "textWordEA": 18
      }
    },
    {
      "srcTextID": "7317",
      "srcText": "“이러면 꽁꽁 얼어서 미끄럽겠지?” 순이는 발갛게 얼어 터질 것 같은 손으로 물동이를 꼭 쥐고 눈길을 걸었어요. 혹시라도 물동이를 엎을까 봐 고양이처럼 조심조심 걸음을 옮겼지요. ",
      "srcPage": 8,
      "srcSentenceEA": 3,
      "srcWordEA": 26,
      "character": "순이,손,물동이,고양이",
      "setting": "눈길",
      "action": "얼어 터질,쥐고,걸었어요,엎을까,옮겼지요",
      "feeling": "발갛게",
      "causalRelationship": "물동이를 엎을까 봐 고양이처럼 조심조심 걸음을 옮겼지요.",
      "outcomeResolution": null,
      "prediction": null,
      "plotSummaryInfoCount": 1,
      "plotSummaryInfo": {
        "classification": "의사소통",
        "readAge": "초등_고학년",
        "form": "short-form",
        "plotSummaryText": "순이는 물동이를 엎을까 봐 걱정하며 얼어 터질 것 같은 손으로 물동이를 꼭 쥐고 조심조심 걸음을 옮겼다.",
        "textWordEA": 16
      }
    },
    {
      "srcTextID": "7315",
      "srcText": "‘후유, 이제 다 왔네!’ 집 앞에 거의 도착해서야 안도의 한숨을 내쉬는데, 그 순간 순이가 얼음에 미끄러져 넘어졌어요. 물동이는 산산조각이 났고, 순이는 차디찬 물을 뒤집어쓰고 말았어요.",
      "srcPage": 9,
      "srcSentenceEA": 3,
      "srcWordEA": 27,
      "character": "순이,얼음,물동이",
      "setting": "집 앞",
      "action": "왔네,도착해서,내쉬는데,넘어졌어요,뒤집어쓰고",
      "feeling": null,
      "causalRelationship": "그 순간 순이가 얼음에 미끄러져 넘어졌어요. 물동이는 산산조각이 났고, 순이는 차디찬 물을 뒤집어쓰고 말았어요.",
      "outcomeResolution": null,
      "prediction": null,
      "plotSummaryInfoCount": 1,
      "plotSummaryInfo": {
        "classification": "의사소통",
        "readAge": "초등_고학년",
        "form": "short-form",
        "plotSummaryText": "집 앞에 도착해 안도의 한숨을 내쉬는 순간, 얼음에 미끄러진 순이는 차디찬 물을 뒤집어쓰고 말았고 물동이는 산산조각이 났다.",
        "textWordEA": 17
      }
    },
    {
      "srcTextID": "7316",
      "srcText": "“아니, 일도 못 하면서 살림살이만 다 부수는구나!” 새어머니는 기다렸다는 듯이 바닥에 쓰러진 순이를 산에 내다 버리고 혼자서 돌아왔어요. 흥, 이제야 좀 편히 살겠네.",
      "srcPage": 10,
      "srcSentenceEA": 3,
      "srcWordEA": 25,
      "character": "새어머니,순이",
      "setting": "바닥,산",
      "action": "부수는구나,쓰러진,버리고,돌아왔어요",
      "feeling": null,
      "causalRelationship": null,
      "outcomeResolution": "새어머니는 기다렸다는 듯이 바닥에 쓰러진 순이를 산에 내다 버리고 혼자서 돌아왔어요.",
      "prediction": null,
      "plotSummaryInfoCount": 1,
      "plotSummaryInfo": {
        "classification": "의사소통",
        "readAge": "초등_고학년",
        "form": "short-form",
        "plotSummaryText": "새어머니는 바닥에 쓰러진 순이를 일도 못 하면서 살림살이만 부순다며 산에 버리고 혼자 돌아왔다.",
        "textWordEA": 13
      }
    },
    {
      "srcTextID": "7309",
      "srcText": "옛날 어느 마을에 홀아버지와 단둘이 살던 순이가 있었어요. 아버지는 어머니도 없이 혼자 집안일을 하는 어린 딸이 항상 가여웠어요. 그래서 새어머니를 데리고 왔지요. ",
      "srcPage": 1,
      "srcSentenceEA": 3,
      "srcWordEA": 24,
      "character": "홀아버지,순이,새어머니",
      "setting": "옛날,마을",
      "action": "살던,집안일을 하는,데리고 왔지요",
      "feeling": "가여웠어요",
      "causalRelationship": "아버지는 어머니도 없이 혼자 집안일을 하는 어린 딸이 항상 가여웠어요. 그래서 새어머니를 데리고 왔지요.",
      "outcomeResolution": null,
      "prediction": null,
      "plotSummaryInfoCount": 1,
      "plotSummaryInfo": {
        "classification": "의사소통",
        "readAge": "초등_고학년",
        "form": "short-form",
        "plotSummaryText": "옛날 어느 마을에 홀아버니와 단둘이 살던 순이가 있었는데, 혼자 집안일을 하는 어린 딸이 가여웠던 아버지는 새어머니를 데려왔다.",
        "textWordEA": 17
      }
    },
    {
      "srcTextID": "7310",
      "srcText": "돌이 있으면 조용히 빼고 먹으면 될 것이지, 정말 유별나다, 유별나. 하며 느닷없이 새어머니가 순이에게 화를 냈어요. “당장 나가서 설거지하고, 마당도 쓸어라!”",
      "srcPage": 4,
      "srcSentenceEA": 3,
      "srcWordEA": 22,
      "character": "돌,순이,새어머니",
      "setting": "마당",
      "action": "빼고,먹으면,나가서,쓸어라",
      "feeling": "화를 냈어요",
      "causalRelationship": null,
      "outcomeResolution": null,
      "prediction": null,
      "plotSummaryInfoCount": 1,
      "plotSummaryInfo": {
        "classification": "의사소통",
        "readAge": "초등_고학년",
        "form": "short-form",
        "plotSummaryText": "어머니는 순이에게 돌이 있으면 빼고 먹지 유별나다며 화를 내고는 설거지하고 마당도 쓸라고 했다.",
        "textWordEA": 13
      }
    },
    {
      "srcTextID": "7320",
      "srcText": "‘여기가 어디지?’ 겨우 눈을 뜬 순이는 주위를 두리번거렸어요. ‘아, 엄마하고 기도하러 왔던 사당이구나!’ 순이는 갑자기 엄마가 보고 싶어졌어요.",
      "srcPage": 13,
      "srcSentenceEA": 4,
      "srcWordEA": 21,
      "character": "순이,엄마",
      "setting": "사당",
      "action": "뜬,두리번거렸어요",
      "feeling": "보고 싶어졌어요",
      "causalRelationship": null,
      "outcomeResolution": null,
      "prediction": "아, 엄마하고 기도하러 왔던 사당이구나! 순이는 갑자기 엄마가 보고 싶어졌어요.",
      "plotSummaryInfoCount": 1,
      "plotSummaryInfo": {
        "classification": "의사소통",
        "readAge": "초등_고학년",
        "form": "long-form",
        "plotSummaryText": "눈을 떠 주위를 본 순이는 엄마하고 기도를 드리던 사당인 걸 알고는 갑자기 엄마가 보고 싶어졌다.",
        "textWordEA": 15
      }
    },
    {
      "srcTextID": "7314",
      "srcText": "새어머니의 구박과 심술은 날이 갈수록 점점 더 심해졌어요. 새하얀 눈이 소복소복 쌓이던 어느 날, 새어머니는 순이의 깨끗한 새 옷을 빼앗고 낡은 옷을 던져 주었어요. 일하기 바쁜데 새 옷이 다 무어니?",
      "srcPage": 6,
      "srcSentenceEA": 3,
      "srcWordEA": 32,
      "character": "새어머니,눈,순이,새 옷,낡은 옷",
      "setting": "새하얀 눈이 소복소복 쌓이던 어느 날",
      "action": "빼앗고,던져 주었어요",
      "feeling": "심해졌어요,낡은",
      "causalRelationship": null,
      "outcomeResolution": "새어머니의 구박과 심술은 날이 갈수록 점점 더 심해졌어요.",
      "prediction": null,
      "plotSummaryInfoCount": 1,
      "plotSummaryInfo": {
        "classification": "의사소통",
        "readAge": "초등_고학년",
        "form": "short-form",
        "plotSummaryText": "새어머니의 구박과 심술이 심해져 가던 어느 날, 새어머니는 일하기 바쁜데 새 옷이 무어냐며 순이의 새 옷을 빼앗고 낡은 옷을 던져 주었다.",
        "textWordEA": 21
      }
    },
    {
      "srcTextID": "7313",
      "srcText": "넌 누더기가 더 잘 어울려! 물이 다 떨어졌더라, 가서 물 좀 길어 오거라. 그런데 순이가 물동이를 이고 냇가로 나가자마자, 새어머니가 집 앞에 물을 쏟아붓는 거예요.",
      "srcPage": 7,
      "srcSentenceEA": 3,
      "srcWordEA": 27,
      "character": "누더기,물,순이,물동이,새어머니",
      "setting": "냇가,집 앞",
      "action": "떨어졌더라,가서,길어 오거라,이고,나가자,쏟아 붓는",
      "feeling": null,
      "causalRelationship": null,
      "outcomeResolution": null,
      "prediction": "순이가 물동이를 이고 냇가로 나가자마자, 새어머니가 집 앞에 물을 쏟아 붓는 거예요.",
      "plotSummaryInfoCount": 1,
      "plotSummaryInfo": {
        "classification": "의사소통",
        "readAge": "초등_고학년",
        "form": "short-form",
        "plotSummaryText": "물을 길어 오라는 새어머니의 말에 순이가 물동이를 이고 냇가로 나가자, 새어머니는 집 앞에 물을 쏟아부었다.",
        "textWordEA": 15
      }
    }
  ]
}