{
  "title": "호랑이와 곶감",
  "author": "전현영",
  "illustrator": "김품창",
  "isbn": "9791165957933",
  "publishedYear": 2022,
  "publisher": "아람북스",
  "paragraphInfoCount": 25,
  "paragraphInfo": [
    {
      "srcTextID": "8327",
      "srcText": "어흥 소리에 깜짝 놀란 소도둑이 엉겁결에 토끼의 꼬리를 확 잡아당겼어. 토끼는 엉덩이를 빼내며 소리쳤어. “으아악, 토끼 살려!”",
      "srcPage": 23,
      "srcSentenceEA": 3,
      "srcWordEA": 18,
      "character": "소도둑,토끼",
      "setting": null,
      "action": "잡아당겼어,엉덩이를 빼내며 소리쳤어",
      "feeling": "깜짝 놀란",
      "causalRelationship": null,
      "outcomeResolution": null,
      "prediction": null,
      "plotSummaryInfoCount": 1,
      "plotSummaryInfo": {
        "classification": "의사소통",
        "readAge": "초등_고학년",
        "form": "short-form",
        "plotSummaryText": "어흥 소리에 깜짝 놀란 소도둑이 토끼의 꼬리를 잡아당겼고 토끼는 살려달라고 소리쳤습니다.",
        "textWordEA": 11
      }
    },
    {
      "srcTextID": "8326",
      "srcText": "그런데 소도둑이 어찌나 세게 잡아당겼는지 토끼 꼬리가 그만 쑤욱 빠져 버렸지 뭐야. 꼬리가 아픈 토끼가 그때 얼마나 많이 울었는지 지금까지도 눈이 빨갛대. 그리고 꼬리도 그때부터 짧아졌다지 아마. 참, 호랑이는 토끼가 죽을 듯이 울자, 곶감이 나타난 줄 알고 냅다 숲 속으로 달아나 버렸대.",
      "srcPage": 24,
      "srcSentenceEA": 4,
      "srcWordEA": 45,
      "character": "소도둑,토끼,꼬리,호랑이,곶감",
      "setting": "숲 속",
      "action": "잡아당겼는지,빠져 버렸지,울었는지,울자,나타난 줄 알고,달아나 버렸대",
      "feeling": "아픈",
      "causalRelationship": null,
      "outcomeResolution": null,
      "prediction": null,
      "plotSummaryInfoCount": 1,
      "plotSummaryInfo": {
        "classification": "의사소통",
        "readAge": "초등_고학년",
        "form": "long-form",
        "plotSummaryText": "소도둑이 토끼의 꼬리를 세게 잡아당겨 꼬리가 빠져 버렸고, 아픈 토끼는 많이 울어 지금까지도 눈이 빨갛다고 하고, 꼬리도 짧아졌으며 이 모습을 본 호랑이는 곶감이 나타난 줄 알고 숲 속으로 달아났습니다.",
        "textWordEA": 29
      }
    },
    {
      "srcTextID": "8324",
      "srcText": "호랑이님 여기 사람이 있어요!” 토끼는 나무 구멍을 엉덩이로 꽉 막으면서 소리쳤어. “사람이라고? 어흥, 안 그래도 배고팠는데 잘됐다.”",
      "srcPage": 22,
      "srcSentenceEA": 3,
      "srcWordEA": 19,
      "character": "호랑이,사람,토끼",
      "setting": "나무 구멍",
      "action": "막으면서 소리쳤어,있어요",
      "feeling": "배고팠는데",
      "causalRelationship": null,
      "outcomeResolution": null,
      "prediction": null,
      "plotSummaryInfoCount": 1,
      "plotSummaryInfo": {
        "classification": "의사소통",
        "readAge": "초등_고학년",
        "form": "short-form",
        "plotSummaryText": "토끼는 사람이 있다고 나무 구멍을 막으면서 소리쳤고, 호랑이는 배고픈데 잘 됐다며 이야기했습니다.",
        "textWordEA": 12
      }
    },
    {
      "srcTextID": "8328",
      "srcText": "참, 호랑이는 토끼가 죽을 듯이 울자, 곶감이 나타난 줄 알고 냅다 숲 속으로 달아나 버렸대. 그 뒤로 마을에는 호랑이 한 마리 얼씬하지 않았대. 곶감을 좋아했던 아기는 무럭무럭 잘 자라서 엄마와 행복하게 살았단다.",
      "srcPage": 25,
      "srcSentenceEA": 3,
      "srcWordEA": 34,
      "character": "호랑이,토끼,곶감,아기,엄마",
      "setting": "숲 속,마을",
      "action": "울자,달아나 버렸대,얼씬하지 않았대,잘 자라서,살았단다.",
      "feeling": "좋아했던,행복하게",
      "causalRelationship": null,
      "outcomeResolution": "곶감을 좋아했던 아기는 무럭무럭 잘 자라서 엄마와 행복하게 살았단다.",
      "prediction": null,
      "plotSummaryInfoCount": 1,
      "plotSummaryInfo": {
        "classification": "의사소통",
        "readAge": "초등_고학년",
        "form": "short-form",
        "plotSummaryText": "토끼가 죽을 듯이 울자 호랑이는 곶감이 나타난 줄 알고 숲 속으로 달아났고, 그 이후 마을에는 호랑이가 나타나지 않아 곶감을 좋아하는 아기는 엄마와 행복하게 살았습니다.",
        "textWordEA": 24
      }
    },
    {
      "srcTextID": "8323",
      "srcText": "“세상에서 제일 무서운 놈이요?” “그래, 곶감! 곶감을 만났지.” “곶감이요?” 눈치 빠른 토끼는 속으로 까르르 웃었어. 그러고 나서 호랑이에게 곶감을 떼어 냈던 자리에 가 보자고 했지.",
      "srcPage": 20,
      "srcSentenceEA": 5,
      "srcWordEA": 28,
      "character": "무서운 놈,곶감,토끼,호랑이",
      "setting": "자리",
      "action": "만났지,떼어 냈던,가 보자고",
      "feeling": "웃었어",
      "causalRelationship": null,
      "outcomeResolution": null,
      "prediction": null,
      "plotSummaryInfoCount": 1,
      "plotSummaryInfo": {
        "classification": "의사소통",
        "readAge": "초등_고학년",
        "form": "long-form",
        "plotSummaryText": "호랑이가 곶감을 만났다고 이야기하자 토끼는 속으로 웃으며 곶감을 떼어 냈던 곳으로 가보자고 했습니다.",
        "textWordEA": 13
      }
    },
    {
      "srcTextID": "8325",
      "srcText": "히죽히죽 웃음이 나는 걸 간신히 참으면서 말이야. 그때 토끼가 나무 구멍에 숨어 잠이 든 도둑을 발견했지 뭐야. 어, 사람이 있네?",
      "srcPage": 21,
      "srcSentenceEA": 3,
      "srcWordEA": 22,
      "character": "토끼,도둑,사람",
      "setting": "나무 구멍",
      "action": "참으면서,숨어,발견했지",
      "feeling": "웃음이 나는 걸",
      "causalRelationship": null,
      "outcomeResolution": null,
      "prediction": null,
      "plotSummaryInfoCount": 1,
      "plotSummaryInfo": {
        "classification": "의사소통",
        "readAge": "초등_고학년",
        "form": "short-form",
        "plotSummaryText": "토끼는 웃음을 참으면서 나무 구멍에 잠이 든 도둑을 발견하고 사람이 있는 것을 알았습니다.",
        "textWordEA": 13
      }
    },
    {
      "srcTextID": "8314",
      "srcText": "그래서 후다닥 외양간으로 뛰어들었지. ‘후유, 여기 숨어 있다가 곶감이 가고 나면 나가야겠다.’ 그런데 그때 웬 시커먼 녀석이 외양간으로 불쑥 들어오는 거야.",
      "srcPage": 11,
      "srcSentenceEA": 3,
      "srcWordEA": 23,
      "character": "곶감,시커먼 녀석",
      "setting": "외양간",
      "action": "뛰어들었지,숨어 있다가,가고 나면,나가야겠다,들어오는 거야",
      "feeling": null,
      "causalRelationship": null,
      "outcomeResolution": null,
      "prediction": null,
      "plotSummaryInfoCount": 1,
      "plotSummaryInfo": {
        "classification": "의사소통",
        "readAge": "초등_고학년",
        "form": "short-form",
        "plotSummaryText": "외양간으로 뛰어들어간 호랑이는 곶감이 가고 나면 가야겠다고 생각하며  숨어있는데 시커먼 녀석이 외양간에 불쑥 들어왔습니다.",
        "textWordEA": 15
      }
    },
    {
      "srcTextID": "8322",
      "srcText": "등이 허전해진 호랑이는 그제야 한숨을 몰아쉬며 뒤도 안 보고 후다닥 달아났어. ‘후유, 하마터면 큰일 날 뻔했잖아.’ 한참을 달린 호랑이가 잠시 가쁜 숨을 몰아쉬려는데, 나무 밑동에서 곶감을 먹던 토끼가 물었어.",
      "srcPage": 18,
      "srcSentenceEA": 3,
      "srcWordEA": 31,
      "character": "호랑이,곶감,토끼",
      "setting": null,
      "action": "달아났어,뒤도 안 보고,가쁜 숨을 몰아쉬려는데,물었어,한숨을 몰아쉬며",
      "feeling": "허전해진",
      "causalRelationship": null,
      "outcomeResolution": null,
      "prediction": null,
      "plotSummaryInfoCount": 1,
      "plotSummaryInfo": {
        "classification": "의사소통",
        "readAge": "초등_고학년",
        "form": "short-form",
        "plotSummaryText": "등이 허전해지자 호랑이는 그제야 한숨을 몰아쉬며 달아났고, 잠시 가쁜 숨을 몰아쉬는데 나무 밑동에서 곶감을 먹던 토끼가 물었습니다.",
        "textWordEA": 17
      }
    },
    {
      "srcTextID": "8321",
      "srcText": "“호랑이님, 무슨 일로 이리 헉헉거리세요?” 호랑이는 곶감에게 당한 것이 분해서 토끼에게 씩씩대며 소리쳤어. “어유, 내가 간밤에 세상에서 제일 무서운 놈을 만나 밤새 고생해서 그렇다. 왜?”",
      "srcPage": 19,
      "srcSentenceEA": 4,
      "srcWordEA": 27,
      "character": "호랑이,곶감,토끼,무서운 놈",
      "setting": "간밤에",
      "action": "헉헉거리세요,소리쳤어,만나",
      "feeling": "고생했어",
      "causalRelationship": null,
      "outcomeResolution": null,
      "prediction": null,
      "plotSummaryInfoCount": 1,
      "plotSummaryInfo": {
        "classification": "의사소통",
        "readAge": "초등_고학년",
        "form": "long-form",
        "plotSummaryText": "토끼가 호랑이에게 헉헉거리는 이유를 묻자, 호랑이는 곶감에게 당한 것을 분해하며 간밤에 무서운 놈을 만나 고생해서 그런다며 소리쳤습니다.",
        "textWordEA": 17
      }
    },
    {
      "srcTextID": "8307",
      "srcText": "“아가, 어디 아프니? 울지 마라 우리 아가, 착하지 우리 아가.” 엄마가 토닥토닥 달래도 아기는 계속 울어 댔어.",
      "srcPage": 3,
      "srcSentenceEA": 3,
      "srcWordEA": 19,
      "character": "아가,엄마,우리 아가",
      "setting": null,
      "action": "달래도,울어 댔어",
      "feeling": "아프니,착하지",
      "causalRelationship": null,
      "outcomeResolution": null,
      "prediction": null,
      "plotSummaryInfoCount": 1,
      "plotSummaryInfo": {
        "classification": "의사소통",
        "readAge": "초등_고학년",
        "form": "short-form",
        "plotSummaryText": "엄마가 아가에게 아프냐고 물으며 달래도 아가는 계속 울어댔습니다.",
        "textWordEA": 8
      }
    },
    {
      "srcTextID": "8310",
      "srcText": "그래도 아기는 쉬지 않고 울어 댔지. “그만, 뚝! 자꾸 울면 달걀귀신 온다!” 그래도 아기는 으앙으앙 울어 댔어.",
      "srcPage": 5,
      "srcSentenceEA": 4,
      "srcWordEA": 19,
      "character": "아기,달걀귀신",
      "setting": null,
      "action": "울어 댔지,울면,온다,울어 댔어",
      "feeling": null,
      "causalRelationship": "자꾸 울면 달걀귀신 온다",
      "outcomeResolution": null,
      "prediction": null,
      "plotSummaryInfoCount": 1,
      "plotSummaryInfo": {
        "classification": "의사소통",
        "readAge": "초등_고학년",
        "form": "long-form",
        "plotSummaryText": "아기가 계속 울어 자꾸 울면 달걀귀신이 온다 하여도 아기는 계속 울어 댔습니다.",
        "textWordEA": 12
      }
    },
    {
      "srcTextID": "8308",
      "srcText": " “그만, 뚝! 저기 호랑이 온다!” ‘옳지, 진작에 내 이름을 말했어야지. 내가 얼마나 무서운데.’",
      "srcPage": 6,
      "srcSentenceEA": 4,
      "srcWordEA": 16,
      "character": "호랑이,내",
      "setting": null,
      "action": "온다,말했어야지",
      "feeling": "무서운데",
      "causalRelationship": null,
      "outcomeResolution": null,
      "prediction": null,
      "plotSummaryInfoCount": 1,
      "plotSummaryInfo": {
        "classification": "의사소통",
        "readAge": "초등_고학년",
        "form": "long-form",
        "plotSummaryText": "호랑이 온다고 뚝 그치라는 말을 듣고, 호랑이는 자신이 얼마나 무서운데 진작 말했어야지 하며 생각했어요.",
        "textWordEA": 14
      }
    },
    {
      "srcTextID": "8313",
      "srcText": "그때 엄마가 “곶감이다, 곶감!” 하며 아기를 달랬어. 그런데 이게 어찌 된 일이야, 곶감 소리에 아기가 울음을 뚝 그친 거야.",
      "srcPage": 9,
      "srcSentenceEA": 4,
      "srcWordEA": 21,
      "character": "엄마,곶감,아기",
      "setting": null,
      "action": "달랬어,울음을 뚝 그친 거야",
      "feeling": null,
      "causalRelationship": "곶감 소리에 아기가 울음을 뚝 그친 거야",
      "outcomeResolution": null,
      "prediction": null,
      "plotSummaryInfoCount": 1,
      "plotSummaryInfo": {
        "classification": "의사소통",
        "readAge": "초등_고학년",
        "form": "long-form",
        "plotSummaryText": "엄마가 아기에게 곶감이라며 달래자 곶감 소리에 아이가 울음을 뚝 그쳤습니다.",
        "textWordEA": 10
      }
    },
    {
      "srcTextID": "8318",
      "srcText": "소가 아니라 호랑이잖아! 아이고 난 죽었네. 소도둑은 호랑이에게 들키지 않으려고 죽자 살자 호랑이 등에 매달렸어. 어흥! 어흥!",
      "srcPage": 16,
      "srcSentenceEA": 5,
      "srcWordEA": 21,
      "character": "소,호랑이,소도둑",
      "setting": null,
      "action": "매달렸어",
      "feeling": "아이고 난 죽었네",
      "causalRelationship": null,
      "outcomeResolution": null,
      "prediction": null,
      "plotSummaryInfoCount": 1,
      "plotSummaryInfo": {
        "classification": "의사소통",
        "readAge": "초등_고학년",
        "form": "long-form",
        "plotSummaryText": "소가 아닌 호랑이인 것을 알게 된 소도둑은 들키지 않으려고 호랑이의 등에 매달렸습니다.",
        "textWordEA": 12
      }
    },
    {
      "srcTextID": "8306",
      "srcText": " “그만, 뚝! 자꾸 울면 망태 할아버지가 잡아간다!” 그래도 아기는 으앙으앙 울어 댔어. “그만, 뚝! 자꾸 울면 도깨비 온다!”",
      "srcPage": 4,
      "srcSentenceEA": 5,
      "srcWordEA": 21,
      "character": "망태 할아버지,아기,도깨비",
      "setting": null,
      "action": "울면,잡아간다,울어 댔어,온다",
      "feeling": null,
      "causalRelationship": "자꾸 울면 망태 할아버지가 잡아간다,자꾸 울면 도깨비 온다",
      "outcomeResolution": null,
      "prediction": null,
      "plotSummaryInfoCount": 1,
      "plotSummaryInfo": {
        "classification": "의사소통",
        "readAge": "초등_고학년",
        "form": "long-form",
        "plotSummaryText": "망태 할아버지가 잡아간다고 하여도, 도깨비가 온다고 하여도 아기는 계속 울어댔습니다.",
        "textWordEA": 10
      }
    },
    {
      "srcTextID": "8309",
      "srcText": " 그런데 이게 웬일이래. 오히려 아기는 더 큰 소리로 울어 대지 뭐야. 어라, 저 녀석이 호랑이가 안 무섭단 말이지.",
      "srcPage": 7,
      "srcSentenceEA": 3,
      "srcWordEA": 21,
      "character": "아기,녀석,호랑이",
      "setting": null,
      "action": "울어 대지",
      "feeling": "안 무섭단",
      "causalRelationship": null,
      "outcomeResolution": null,
      "prediction": null,
      "plotSummaryInfoCount": 1,
      "plotSummaryInfo": {
        "classification": "의사소통",
        "readAge": "초등_고학년",
        "form": "short-form",
        "plotSummaryText": "그런데 아기는 더 큰 소리로 울어 대기 시작했고, 호랑이는 아기가 호랑이를 안 무서워한다고 생각했습니다.",
        "textWordEA": 14
      }
    },
    {
      "srcTextID": "8312",
      "srcText": " ‘곶감? 그게 대체 어떤 놈이지?’ 갑자기 호랑이는 털이 쭈뼛쭈뼛 서고 다리가 후들거렸어. ‘여기서 우물쭈물하다가 곶감한테 걸리면 큰코다치겠는걸.’",
      "srcPage": 10,
      "srcSentenceEA": 4,
      "srcWordEA": 21,
      "character": "곶감,호랑이",
      "setting": "여기서",
      "action": "우물쭈물하다가,걸리면",
      "feeling": "다리가 후들거렸어,털이 쭈뼛쭈뼛 서고",
      "causalRelationship": null,
      "outcomeResolution": null,
      "prediction": null,
      "plotSummaryInfoCount": 1,
      "plotSummaryInfo": {
        "classification": "의사소통",
        "readAge": "초등_고학년",
        "form": "long-form",
        "plotSummaryText": "곶감이 무엇인지 모르는 호랑이는 우물쭈물하다가 곶감에게 걸리면 큰일 나겠다는 생각에 털이 쭈뼛쭈뼛 서고 다리가 후들거렸습니다.",
        "textWordEA": 15
      }
    },
    {
      "srcTextID": "8305",
      "srcText": "나무가 울창한 깊은 산속에 호랑이 한 마리가 살았어. 추운 겨울 먹을 게 없자, 호랑이는 먹잇감을 찾으러 마을로 내려갔지. 어슬렁어슬렁 마을을 지나던 호랑이가 어느 집 외양간을 보고는 ‘송아지로 몸보신이나 해 볼까?’ 하고 입맛을 쩍쩍 다시며 집 안으로 들어섰어.",
      "srcPage": 1,
      "srcSentenceEA": 4,
      "srcWordEA": 40,
      "character": "나무,호랑이,송아지",
      "setting": "깊은 산속,겨울,마을,어느 집 외양간,집 안",
      "action": "살았어,찾으러,내려갔지,지나던,보고는,입맛을 쩍쩍 다시며,들어섰어",
      "feeling": null,
      "causalRelationship": "추운 겨울 먹을 게 없자,호랑이는 먹잇감을 찾으러 마을로 내려갔지.",
      "outcomeResolution": null,
      "prediction": null,
      "plotSummaryInfoCount": 1,
      "plotSummaryInfo": {
        "classification": "의사소통",
        "readAge": "초등_고학년",
        "form": "long-form",
        "plotSummaryText": "추운 겨울 깊은 산속에 살고 있는 호랑이 한 마리가 먹잇감을 찾으러 마을로 내려가 어느 집 외양간을 보고는 송아지를 잡아먹으러 입맛을 다시며 집 안으로 들어갔습니다.",
        "textWordEA": 24
      }
    },
    {
      "srcTextID": "8304",
      "srcText": "그때 방 안에서 아기 울음소리가 들려오네. ‘옳거니, 애도 있었군. 그럼 저 녀석부터 꿀꺽? 흐흐흐.’ 으앙!으앙! ",
      "srcPage": 2,
      "srcSentenceEA": 5,
      "srcWordEA": 20,
      "character": "아기,애,저 녀석",
      "setting": "방 안",
      "action": "들려오네",
      "feeling": null,
      "causalRelationship": null,
      "outcomeResolution": null,
      "prediction": null,
      "plotSummaryInfoCount": 1,
      "plotSummaryInfo": {
        "classification": "의사소통",
        "readAge": "초등_고학년",
        "form": "long-form",
        "plotSummaryText": "방 안에서 들리는 아기의 울음소리를 듣고 저 녀석부터 먹어야겠다고 생각했습니다.",
        "textWordEA": 10
      }
    },
    {
      "srcTextID": "8311",
      "srcText": "어디 두고 보자. 네 녀석을 꼭 잡아먹어 버릴 테다. 가만히 엿듣고 있던 호랑이는 화가 나서 씩씩거렸어.",
      "srcPage": 8,
      "srcSentenceEA": 3,
      "srcWordEA": 18,
      "character": "호랑이,녀석",
      "setting": null,
      "action": "잡아먹어 버릴 테다,엿듣고",
      "feeling": "화가 나서",
      "causalRelationship": null,
      "outcomeResolution": null,
      "prediction": null,
      "plotSummaryInfoCount": 1,
      "plotSummaryInfo": {
        "classification": "의사소통",
        "readAge": "초등_고학년",
        "form": "short-form",
        "plotSummaryText": "엿듣고 있던 호랑이는 아기를 잡아먹겠다며 화가 나서 씩씩 거렸습니다.",
        "textWordEA": 9
      }
    },
    {
      "srcTextID": "8316",
      "srcText": "‘어이쿠, 저놈이 곶감인가 보다!’ 호랑이는 눈앞이 캄캄해졌어. 게다가 그 곶감이란 녀석이 호랑이 등을 더듬더듬 만지기까지 하네.",
      "srcPage": 12,
      "srcSentenceEA": 3,
      "srcWordEA": 18,
      "character": "곶감,호랑이,녀석",
      "setting": null,
      "action": "만지기까지",
      "feeling": "눈앞이 캄캄해졌어",
      "causalRelationship": null,
      "outcomeResolution": null,
      "prediction": null,
      "plotSummaryInfoCount": 1,
      "plotSummaryInfo": {
        "classification": "의사소통",
        "readAge": "초등_고학년",
        "form": "short-form",
        "plotSummaryText": "곶감이라고 생각한 호랑이는 곶감이 자신을 만지기까지 한다고 생각하자 눈앞이 캄캄해졌습니다.",
        "textWordEA": 10
      }
    },
    {
      "srcTextID": "8315",
      "srcText": " ‘아이고, 이제 난 꼼짝없이 죽었구나.’ 하지만 호랑이를 더듬은 것은 소도둑이었어. 이놈 묵직한 게 제법 큰 소인가 보군!",
      "srcPage": 13,
      "srcSentenceEA": 3,
      "srcWordEA": 20,
      "character": "호랑이,소도둑,이놈,소",
      "setting": null,
      "action": "더듬은 것은",
      "feeling": "이제 난 꼼짝없이 죽었구나",
      "causalRelationship": null,
      "outcomeResolution": null,
      "prediction": null,
      "plotSummaryInfoCount": 1,
      "plotSummaryInfo": {
        "classification": "의사소통",
        "readAge": "초등_고학년",
        "form": "short-form",
        "plotSummaryText": "호랑이는 이제 난 꼼짝없이 죽었다고 생각하였지만, 호랑이를 더듬은 것은 소도둑이었습니다.",
        "textWordEA": 10
      }
    },
    {
      "srcTextID": "8317",
      "srcText": " 다른 놈은 볼 것도 없겠다.’ 소도둑은 호랑이인지도 모르고 호랑이 등에 훌쩍 올라탔어. 곶감이 등에 올라타자 화들짝 놀란 호랑이는 곶감을 떼어 내려고 정신없이 달렸어.",
      "srcPage": 14,
      "srcSentenceEA": 3,
      "srcWordEA": 26,
      "character": "소도둑,호랑이,곶감",
      "setting": null,
      "action": "올라탔어,올라타자,떼어 내려고,달렸어",
      "feeling": "화들짝 놀란,정신없이",
      "causalRelationship": null,
      "outcomeResolution": null,
      "prediction": null,
      "plotSummaryInfoCount": 1,
      "plotSummaryInfo": {
        "classification": "의사소통",
        "readAge": "초등_고학년",
        "form": "short-form",
        "plotSummaryText": "호랑이는 소도둑이 등에 올라타자 곶감이 등에 올라탄지 알고 화들짝 놀라 곶감을 떼어 내려고 달렸습니다.",
        "textWordEA": 14
      }
    },
    {
      "srcTextID": "8319",
      "srcText": "어흥거리며 달리고, 또 달렸지. 어흥 소리에 소도둑도 깜짝 놀랐어. 헉, 이게 뭐야?",
      "srcPage": 15,
      "srcSentenceEA": 3,
      "srcWordEA": 14,
      "character": "소도둑",
      "setting": null,
      "action": "달리고,달렸지",
      "feeling": "깜짝 놀랐어",
      "causalRelationship": null,
      "outcomeResolution": null,
      "prediction": null,
      "plotSummaryInfoCount": 1,
      "plotSummaryInfo": {
        "classification": "의사소통",
        "readAge": "초등_고학년",
        "form": "short-form",
        "plotSummaryText": "호랑이의 어흥 소리에 소도둑은 깜짝 놀랐습니다.",
        "textWordEA": 6
      }
    },
    {
      "srcTextID": "8320",
      "srcText": "얼마나 갔을까, 소도둑이 나뭇가지에 걸려 매달리는 바람에 겨우 호랑이에게서 떨어졌어. ‘휴, 살았다. 하마터면 호랑이 밥이 될 뻔했잖아?’ 소도둑은 통나무에 난 구멍 속으로 잽싸게 몸을 숨겼어.",
      "srcPage": 17,
      "srcSentenceEA": 4,
      "srcWordEA": 28,
      "character": "소도둑,호랑이",
      "setting": "통나무에 난 구멍 속",
      "action": "걸려 매달리는,떨어졌어,몸을 숨겼어",
      "feeling": "살았다",
      "causalRelationship": null,
      "outcomeResolution": null,
      "prediction": null,
      "plotSummaryInfoCount": 1,
      "plotSummaryInfo": {
        "classification": "의사소통",
        "readAge": "초등_고학년",
        "form": "long-form",
        "plotSummaryText": "소도둑이 나뭇가지에 걸려 호랑이에게서 떨어졌고, 소도둑은 통나무에 난 구멍 속에 몸을 숨겼습니다.",
        "textWordEA": 12
      }
    }
  ]
}