{
  "title": "꼴찌 초록이",
  "author": "김윤영",
  "illustrator": "미겸",
  "isbn": "9788961911597",
  "publishedYear": 2008,
  "publisher": "한얼교육",
  "paragraphInfoCount": 16,
  "paragraphInfo": [
    {
      "srcTextID": "126616",
      "srcText": "오늘은 초록이가 모래 언덕 위에 있는 거북 학교로 전학 온 첫날이에요. 그런데 초록이는 첫날부터 지각이네요. “야! 너 때문에 수영 시간이 늦어졌잖아!” 도도가 툴툴거리며 말했어요. “도도야, 새 친구한테 그러면 안 돼.” 선생님의 말에 도도는 입을 삐죽 내밀었지요.",
      "srcPage": 1,
      "srcSentenceEA": 6,
      "srcWordEA": 40,
      "character": "초록이,도도,친구,선생님,입",
      "setting": "오늘,첫날,모래 언덕 위,거북 학교",
      "action": "말했어요,삐죽 내밀었지요,전학 온,툴툴거리며",
      "feeling": null,
      "causalRelationship": null,
      "outcomeResolution": null,
      "prediction": null,
      "plotSummaryInfoCount": 1,
      "plotSummaryInfo": {
        "classification": "의사소통",
        "readAge": "초등_고학년",
        "form": "long-form",
        "plotSummaryText": "모래 언덕 위에 있는 거북 학교로 전학 온 첫날부터 지각 한 초록이에게 도도가 툴툴거리며 수영 시간에 늦어졌다고 말하자, 선생님은 새 친구한테 그러면 안 된다고 말했습니다.",
        "textWordEA": 25
      }
    },
    {
      "srcTextID": "126617",
      "srcText": "도도가 으쓱하며 큰 소리로 말했지요. “초록이 넌 꼭 물에 빠져 허우적거리는 것 같더라. 하하.” “도도야, 초록이도 열심히 했으니까 놀리면 안 돼.” 선생님의 말에 도도는 슬슬 화가 났어요. ‘선생님은 초록이만 예뻐해!’",
      "srcPage": 3,
      "srcSentenceEA": 6,
      "srcWordEA": 33,
      "character": "도도,초록이,선생님",
      "setting": "물",
      "action": "말했지요,허우적거리는,빠져",
      "feeling": "화가 났어요",
      "causalRelationship": "도도야,초록이도 열심히 했으니까 놀리면 안 돼.",
      "outcomeResolution": null,
      "prediction": null,
      "plotSummaryInfoCount": 1,
      "plotSummaryInfo": {
        "classification": "의사소통",
        "readAge": "초등_고학년",
        "form": "long-form",
        "plotSummaryText": "도도가 초록이에게 물에 빠져 허우적거리는 것 같다고 해서 선생님이 놀리면 안 된다고 말했고, 도도는 선생님은 초록이만 예뻐한다고 생각하여 화가 났다.",
        "textWordEA": 20
      }
    },
    {
      "srcTextID": "126627",
      "srcText": "어느새 부글부글 끓던 화가 가라앉았어요. “화가 날 때에는 화를 내는 것보다 이렇게 먼저 기분을 가라앉혀야 해. 그러면 아주 어려운 문제도 쉽게 풀 수 있단다.”",
      "srcPage": 12,
      "srcSentenceEA": 3,
      "srcWordEA": 25,
      "character": null,
      "setting": "화가 날 때",
      "action": "풀 수 있단다,기분을 가라앉혀야 해,끓던",
      "feeling": "화가 가라앉았어요",
      "causalRelationship": null,
      "outcomeResolution": null,
      "prediction": null,
      "plotSummaryInfoCount": 1,
      "plotSummaryInfo": {
        "classification": "의사소통",
        "readAge": "초등_고학년",
        "form": "short-form",
        "plotSummaryText": "어느새 화가 가라앉았고, 화가 날 때는 먼저 기분을 가라앉혀야 어려운 문제도 쉽게 풀 수 있다고 했다.",
        "textWordEA": 16
      }
    },
    {
      "srcTextID": "126624",
      "srcText": "“도도 너! 그만 안 해?” “흥! 그게 싫으면 빨리빨리 하면 되잖아!” “너 계속 그럴래?” 초록이와 도도는 화가 머리끝까지 치밀었어요. “너희, 싸우면 안 돼!” 선생님이 달려와 도도와 초록이를 말렸지만 둘은 눈을 흘기고 씩씩거렸지요. “안 되겠다! 지금부터 너희 둘은 등딱지 안으로 들어가서 숨을 크게 쉬며 하나부터 다섯까지 아주 천천히 세거라!”",
      "srcPage": 9,
      "srcSentenceEA": 9,
      "srcWordEA": 53,
      "character": "도도,초록이,선생님,눈",
      "setting": "등딱지 안",
      "action": "싸우면,달려와,말렸지만,들어가서,하면,흘기고,씩씩거렸지요,세거라",
      "feeling": "화가 머리끝까지 치밀었어요",
      "causalRelationship": null,
      "outcomeResolution": null,
      "prediction": null,
      "plotSummaryInfoCount": 1,
      "plotSummaryInfo": {
        "classification": "의사소통",
        "readAge": "초등_고학년",
        "form": "long-form",
        "plotSummaryText": "초록이와 도도는 화가 머리끝까지 치밀었고, 선생님이 달려와 말려도 둘 다 눈을 흘기며 씩씩거리자, 선생님은 지금부터 등딱지 안으로 들어가서 숨을 크게 쉬며 하나부터 다섯까지 아주 천천히 세라고 했다.",
        "textWordEA": 27
      }
    },
    {
      "srcTextID": "126621",
      "srcText": "“다했다!” 꼬마 거북들이 외쳤어요. 하지만 초록이는 아직 멀었어요. “야! 너 빨리 좀 해.” 도도가 짜증을 내며 말했어요. “으응. 나도 이제 다 했어.” 초록이가 기둥 위에 지붕을 조심조심 올리는데.",
      "srcPage": 6,
      "srcSentenceEA": 6,
      "srcWordEA": 34,
      "character": "꼬마 거북들,초록이,도도,지붕",
      "setting": "기둥 위",
      "action": "말했어요,올리는데,외쳤어요",
      "feeling": "짜증을 내며",
      "causalRelationship": null,
      "outcomeResolution": null,
      "prediction": null,
      "plotSummaryInfoCount": 1,
      "plotSummaryInfo": {
        "classification": "의사소통",
        "readAge": "초등_고학년",
        "form": "long-form",
        "plotSummaryText": "꼬마 거북들은 다 했다고 외쳤지만, 초록이는 아직 멀어서 도도가 빨리 좀 하라며 짜증을 냈고, 초록이는 기둥 위에 지붕을 조심히 올렸다.",
        "textWordEA": 20
      }
    },
    {
      "srcTextID": "126630",
      "srcText": "다음 날 아침, 초록이가 모래 언덕 아래에 도착했어요. 엉금엉금, 헉헉. 엉금엉금, 헉헉. 어? 그런데 도도와 친구들이 기다리고 있네요. “초록아, 어서 타!” 도도가 썰매를 가리키며 말했어요.",
      "srcPage": 15,
      "srcSentenceEA": 7,
      "srcWordEA": 30,
      "character": "초록이,도도,친구,썰매",
      "setting": "다음 날 아침,언덕 아래",
      "action": "도착했어요,타,가리키며 말했어요,기다리고",
      "feeling": null,
      "causalRelationship": null,
      "outcomeResolution": null,
      "prediction": null,
      "plotSummaryInfoCount": 1,
      "plotSummaryInfo": {
        "classification": "의사소통",
        "readAge": "초등_고학년",
        "form": "long-form",
        "plotSummaryText": "다음 날 아침, 초록이가 모래 언덕 아래에 도착하자, 친구들이 기다리고 있었고, 도도가 썰매를 가리키며 어서 타라고 말했다.",
        "textWordEA": 17
      }
    },
    {
      "srcTextID": "126626",
      "srcText": "도도와 초록이는 다시 등딱지 밖으로 나왔어요. 선생님이 물었지요. “아직도 화가 나니?” 초록이도, 도도도 고개를 푹 숙인 채 절레절레 고개를 저었어요.",
      "srcPage": 11,
      "srcSentenceEA": 4,
      "srcWordEA": 22,
      "character": "도도,초록이,선생님,고개",
      "setting": "등딱지 밖",
      "action": "나왔어요,숙인 채,저었어요,물었지요",
      "feeling": null,
      "causalRelationship": null,
      "outcomeResolution": null,
      "prediction": null,
      "plotSummaryInfoCount": 1,
      "plotSummaryInfo": {
        "classification": "의사소통",
        "readAge": "초등_고학년",
        "form": "long-form",
        "plotSummaryText": "도도와 초록이가 등딱지 밖으로 나오자, 선생님은 아직도 화가 나냐고 물었고, 둘은 고개를 푹 숙인 채 고개를 저었다.",
        "textWordEA": 17
      }
    },
    {
      "srcTextID": "126625",
      "srcText": "도도와 초록이는 선생님이 시키는 대로 했어요. 등딱지 안에 얼굴과 팔다리를 쏙 집어넣고, 파도가 밀려왔다가 밀려가듯 숨을 크게 들이쉬고 내쉬면서 마음속으로 천천히 다섯을 셌지요. “하나, 둘, 셋, 넷, 다섯!”",
      "srcPage": 10,
      "srcSentenceEA": 3,
      "srcWordEA": 29,
      "character": "도도,초록이,선생님,얼굴,팔다리",
      "setting": "등딱지 안",
      "action": "집어넣고,숨을 크게 들이쉬고,내쉬면서,시키는 대로 했어요,셌지요",
      "feeling": null,
      "causalRelationship": null,
      "outcomeResolution": null,
      "prediction": null,
      "plotSummaryInfoCount": 1,
      "plotSummaryInfo": {
        "classification": "의사소통",
        "readAge": "초등_고학년",
        "form": "short-form",
        "plotSummaryText": "도도와 초록이는 선생님이 시키는 대로 등딱지 안에 얼굴과 팔다리를 집어넣고, 숨을 크게 들이쉬고 내쉬면서 마음속으로 천천히 다섯을 셌다.",
        "textWordEA": 18
      }
    },
    {
      "srcTextID": "126628",
      "srcText": "선생님은 초록이에게 물었어요. “초록아, 왜 도도랑 다툰 거니?” “도도가 자꾸 저를 놀렸어요.” “도도야, 너는 초록이를 왜 놀렸는데?” “초록이가 뭐든지 느릿느릿 하잖아요. 선생님은 초록이 편만 드시고, 저도 모르게 화가 났어요.”",
      "srcPage": 13,
      "srcSentenceEA": 6,
      "srcWordEA": 30,
      "character": "선생님,초록이,도도",
      "setting": null,
      "action": "다툰 거니,물었어요,놀렸어요,놀렸는데,편만 드시고",
      "feeling": "화가 났어요",
      "causalRelationship": "선생님은 초록이 편만 드시고,저도 모르게 화가 났어요.",
      "outcomeResolution": null,
      "prediction": null,
      "plotSummaryInfoCount": 1,
      "plotSummaryInfo": {
        "classification": "의사소통",
        "readAge": "초등_고학년",
        "form": "long-form",
        "plotSummaryText": "선생님이 왜 다툰 거냐고 묻자 초록이는 도도가 자꾸 놀려서 그렇다고 했고, 도도는 초록이가 뭐든지 느린데 선생님이 초록이 편만 들어서 자신도 모르게 화가 났다고 했다.",
        "textWordEA": 24
      }
    },
    {
      "srcTextID": "126629",
      "srcText": "그러자 초록이는 꼭꼭 숨기고 있던 오른쪽 팔을 도도에게 보여 주었어요. “도도야, 나는 오른쪽 팔이 왼쪽보다 짧아. 그래서 뭐든지 느리고 잘 못해.” 초록이의 말에 도도는 깜짝 놀랐어요. “도도야, 선생님은 초록이를 도와주려고 했던 건데, 초록이 편을 드는 줄 알았구나. 선생님은 도도랑 초록이 그리고 우리 반 친구 모두를 똑같이 좋아한단다.”",
      "srcPage": 14,
      "srcSentenceEA": 6,
      "srcWordEA": 50,
      "character": "초록이,도도,선생님,친구",
      "setting": null,
      "action": "숨기고,보여 주었어요,도와주려고,편을 드는",
      "feeling": "놀랐어요",
      "causalRelationship": "도도야,나는 오른쪽 팔이 왼쪽보다 짧아. 그래서 뭐든지 느리고 잘 못해.",
      "outcomeResolution": null,
      "prediction": null,
      "plotSummaryInfoCount": 1,
      "plotSummaryInfo": {
        "classification": "의사소통",
        "readAge": "초등_고학년",
        "form": "long-form",
        "plotSummaryText": "초록이는 숨기고 있던 오른쪽 팔을 보여 주며 왼쪽보다 짧아서 뭐든지 느리고 잘 못한다고 하자, 도도는 깜짝 놀랐다.",
        "textWordEA": 17
      }
    },
    {
      "srcTextID": "126620",
      "srcText": "땡! 땡! 땡! 이번에는 미술 시간이에요. “넷이서 한 조가 되어 찰흙 집을 만들어 보세요.” 초록이와 도도는 같은 조가 되었어요.",
      "srcPage": 4,
      "srcSentenceEA": 5,
      "srcWordEA": 23,
      "character": "초록이,도도,찰흙 집",
      "setting": "미술 시간",
      "action": "만들어",
      "feeling": null,
      "causalRelationship": null,
      "outcomeResolution": null,
      "prediction": null,
      "plotSummaryInfoCount": 1,
      "plotSummaryInfo": {
        "classification": "의사소통",
        "readAge": "초등_고학년",
        "form": "long-form",
        "plotSummaryText": "미술 시간에 넷이서 한 조가 되어 찰흙 집을 만들어 보기로 했고, 초록이와 도도가 같은 조가 되었다.",
        "textWordEA": 16
      }
    },
    {
      "srcTextID": "126619",
      "srcText": "“난 지붕을 만들래!” 도도가 제일 먼저 말했지요. “난 울타리!” “난 바닥!” “어? 그럼 난 기둥이네.” 마지막으로 남은 기둥은 초록이 차지가 되었어요.",
      "srcPage": 5,
      "srcSentenceEA": 6,
      "srcWordEA": 24,
      "character": "도도,초록이,울타리,바닥,지붕,기둥",
      "setting": null,
      "action": "만들래,말했지요",
      "feeling": null,
      "causalRelationship": null,
      "outcomeResolution": null,
      "prediction": null,
      "plotSummaryInfoCount": 1,
      "plotSummaryInfo": {
        "classification": "의사소통",
        "readAge": "초등_고학년",
        "form": "long-form",
        "plotSummaryText": "도도가 제일 먼저 지붕을 만들겠다고 말했고, 초록이는 마지막으로 남은 기둥을 차지하게 되었다.",
        "textWordEA": 12
      }
    },
    {
      "srcTextID": "126623",
      "srcText": "땡! 땡! 땡! 세 번째 수업은 모래 파기 시간이에요. “하나, 둘, 하나, 둘!” 모두 쉬지 않고 열심히 모래를 팠어요. 다른 친구들은 벌써 모래 구덩이를 세 개나 만들었는데, 초록이는 겨우 하나를 팠네요. “아유, 답답해. 넌 뭐든 꼴찌구나? 꼴찌 초록이!” 도도의 목소리가 초록이의 귓가를 울려 댔어요.",
      "srcPage": 8,
      "srcSentenceEA": 10,
      "srcWordEA": 52,
      "character": "친구,초록이,도도,모래 구덩이,꼴찌,모래",
      "setting": "모래 파기 시간",
      "action": "팠어요,만들었는데,팠네요,울려",
      "feeling": "답답해",
      "causalRelationship": null,
      "outcomeResolution": null,
      "prediction": null,
      "plotSummaryInfoCount": 1,
      "plotSummaryInfo": {
        "classification": "의사소통",
        "readAge": "초등_고학년",
        "form": "long-form",
        "plotSummaryText": "세 번째 모래 파기 수업 시간에 다른 친구들은 모래 구덩이를 세 개나 만들 때 초록이는 겨우 하나를 파서, 초록이의 귓가에 또 꼴지라고 하는 도도의 목소리가 울려 댔다.",
        "textWordEA": 27
      }
    },
    {
      "srcTextID": "126622",
      "srcText": "“아앗!” 찰흙 집이 그만 폭삭 주저앉고 말았어요! “기둥을 너무 약하게 만들었잖아!” 도도는 버럭 화를 냈어요. 찰흙이 채 마르기도 전에 서두른 도도 때문인데, 오히려 도도는 초록이를 탓했지요.",
      "srcPage": 7,
      "srcSentenceEA": 4,
      "srcWordEA": 29,
      "character": "도도,초록이,기둥,찰흙 집",
      "setting": null,
      "action": "주저앉고,만들었잖아,탓했지요",
      "feeling": "화를 냈어요",
      "causalRelationship": null,
      "outcomeResolution": null,
      "prediction": null,
      "plotSummaryInfoCount": 1,
      "plotSummaryInfo": {
        "classification": "의사소통",
        "readAge": "초등_고학년",
        "form": "long-form",
        "plotSummaryText": "찰흙이 마르기도 전에 서두른 도도 때문에 찰흙 집이 주저앉고 말았는데, 도도는 기둥을 약하게 만들었다고 화를 내며 초록이를 탓했다.",
        "textWordEA": 18
      }
    },
    {
      "srcTextID": "126618",
      "srcText": "땡! 땡! 땡! 수영 시간이 시작되었어요. “여러분, 지난 시간에 말했었죠? 오늘은 수영 시합을 하겠어요.” 호르르륵! 선생님이 호루라기를 부는 소리에 모두 출발! 시합 결과는 도도가 일 등, 초록이가 꼴찌였어요.",
      "srcPage": 2,
      "srcSentenceEA": 8,
      "srcWordEA": 35,
      "character": "선생님,도도,초록이",
      "setting": "오늘",
      "action": "호루라기를 부는,말했었죠,시합을 하겠어요",
      "feeling": null,
      "causalRelationship": null,
      "outcomeResolution": null,
      "prediction": null,
      "plotSummaryInfoCount": 1,
      "plotSummaryInfo": {
        "classification": "의사소통",
        "readAge": "초등_고학년",
        "form": "long-form",
        "plotSummaryText": "수영 시합을 하겠다며 선생님이 호루라기를 부는 소리를 내자 모두 출발했고, 결과는 도도가 일 등, 초록이가 꼴찌였다.",
        "textWordEA": 16
      }
    },
    {
      "srcTextID": "126631",
      "srcText": "“정말 여기 타라고?” “하하! 내가 좋아하는 수영 시간이 또 늦어지는 건 싫거든. 어서 타!” 도도와 친구들은 초록이를 썰매에 태우고 모래 언덕을 쌩쌩 올라갔어요. “초록아, 꽉 잡아!” “야호!” 초록이는 세상에서 가장 멋진 썰매를 타고 학교에 갔지요.",
      "srcPage": 16,
      "srcSentenceEA": 6,
      "srcWordEA": 39,
      "character": "도도,친구들,초록이,썰매",
      "setting": "세상,학교,모래 언덕",
      "action": "타라고,올라갔어요,잡아,타고,갔지요,타,태우고",
      "feeling": null,
      "causalRelationship": null,
      "outcomeResolution": null,
      "prediction": null,
      "plotSummaryInfoCount": 1,
      "plotSummaryInfo": {
        "classification": "의사소통",
        "readAge": "초등_고학년",
        "form": "long-form",
        "plotSummaryText": "본인이 좋아하는 수영 시간이 또 늦어지는 건 싫다며 도도와 친구들은 초록이를 썰매에 태우고 모래 언덕을 올라갔고, 초록이는 세상에서 가장 멋진 썰매를 타고 학교에 갔다.",
        "textWordEA": 24
      }
    }
  ]
}