{
  "title": "바느질 일곱 친구",
  "author": "박지영",
  "illustrator": "윤정주",
  "isbn": "9791165957964",
  "publishedYear": 2022,
  "publisher": "아람북스",
  "paragraphInfoCount": 16,
  "paragraphInfo": [
    {
      "srcTextID": "7775",
      "srcText": "“다들 좀 들어 봐. 아무리 곱고 귀한 비단이 있어도 내 몸으로 길고 짧음을 척척 재 주지 않으면 주 부인이 옷을 만들 수 있을까?” 자 부인의 말에 가위 각시가 펄쩍 뛰며 말했어요.",
      "srcPage": 2,
      "srcSentenceEA": 3,
      "srcWordEA": 33,
      "character": "비단,주 부인,옷,가위 각시,자 부인",
      "setting": null,
      "action": "펄쩍 뛰며",
      "feeling": null,
      "causalRelationship": null,
      "outcomeResolution": null,
      "prediction": null,
      "plotSummaryInfoCount": 1,
      "plotSummaryInfo": {
        "classification": "의사소통",
        "readAge": "초등_고학년",
        "form": "short-form",
        "plotSummaryText": "자 부인이 길고 짧음을 척척 재 주지 않으면 옷을 만들 수 없다는 말에 가위 각시가 펄쩍 뛰었다.",
        "textWordEA": 17
      }
    },
    {
      "srcTextID": "7779",
      "srcText": "진주는 꿰어야 보배이고, 비단은 꿰매야 옷이지. 바느질은요, 바늘이 있어야만 되는 거라고요. 그때 청실홍실 각시는 실패에 몸을 기댄 채 소리쳤어요.",
      "srcPage": 3,
      "srcSentenceEA": 3,
      "srcWordEA": 21,
      "character": "진주,비단,옷,바늘,각시,청실홍실 각시",
      "setting": null,
      "action": "몸을 기댄 채",
      "feeling": null,
      "causalRelationship": null,
      "outcomeResolution": null,
      "prediction": null,
      "plotSummaryInfoCount": 1,
      "plotSummaryInfo": {
        "classification": "의사소통",
        "readAge": "초등_고학년",
        "form": "short-form",
        "plotSummaryText": "청실홍실 각시는 바느질은 바늘이 있어야만 되는 거라고 실패에 몸을 기댄 채 소리쳤습니다.",
        "textWordEA": 12
      }
    },
    {
      "srcTextID": "7774",
      "srcText": "자 부인, 가위 각시, 바늘 각시, 청실홍실 각시 그리고 인두 낭자, 다리미 낭자, 골무 할미였어요. 하루는 주 부인이 방 안에서 낮잠을 자고 있었어요. 바느질 친구들이 모여 쉬고 있는데, 갑자기 자 부인이 긴 허리를 뽐내며 말했어요.",
      "srcPage": 1,
      "srcSentenceEA": 3,
      "srcWordEA": 37,
      "character": "주 부인,가위 각시,바늘 각시,청실홍실 각시,인두 낭자,다리미 낭자,골무 할미,바느질 친구들,자 부인이",
      "setting": "방 안",
      "action": "낮잠을 자고 있었어요,모여,말했어요",
      "feeling": "뽐내며",
      "causalRelationship": null,
      "outcomeResolution": null,
      "prediction": null,
      "plotSummaryInfoCount": 1,
      "plotSummaryInfo": {
        "classification": "의사소통",
        "readAge": "초등_고학년",
        "form": "short-form",
        "plotSummaryText": "하루는 바느질 친구들이 모여 쉬고 있는데, 갑자기 방 안에서 낮잠을 자고 있었던 자 부인이 긴 허리를 뽐내며 말했습니다.",
        "textWordEA": 18
      }
    },
    {
      "srcTextID": "7781",
      "srcText": "주 부인이 바느질을 편하게 할 수만 있다면 바랄 것이 없거든. 그런데 바느질에서 누가 더 잘난지가 그리 중요한가? 방 안이 잠시 조용해졌어요.",
      "srcPage": 5,
      "srcSentenceEA": 3,
      "srcWordEA": 23,
      "character": "주 부인",
      "setting": "방 안",
      "action": null,
      "feeling": null,
      "causalRelationship": "바느질을 편하게 할 수만 있다면 바랄 것이 없거든.",
      "outcomeResolution": null,
      "prediction": null,
      "plotSummaryInfoCount": 1,
      "plotSummaryInfo": {
        "classification": "의사소통",
        "readAge": "초등_고학년",
        "form": "short-form",
        "plotSummaryText": "주 부인이 바느질을 편하게 할 수만 있다면 누가 더 잘난지가 중요하지 않다는 말에 방 안이 잠시 조용해졌습니다.",
        "textWordEA": 17
      }
    },
    {
      "srcTextID": "7783",
      "srcText": "바느질이 들쑥날쑥해도 내가 지나가면 반짝반짝 빛난다고요. 그러자 다리미 낭자는 콧방귀를 뀌며 말했어요. 거참, 내가 인두 언니보다 쓰임새가 더 많지요.",
      "srcPage": 6,
      "srcSentenceEA": 3,
      "srcWordEA": 21,
      "character": "바느질,다리미 낭자,인두 언니",
      "setting": null,
      "action": "콧방귀를 끼며",
      "feeling": null,
      "causalRelationship": "내가 지나가면 반짝반짝 빛난다고요.",
      "outcomeResolution": null,
      "prediction": null,
      "plotSummaryInfoCount": 1,
      "plotSummaryInfo": {
        "classification": "의사소통",
        "readAge": "초등_고학년",
        "form": "short-form",
        "plotSummaryText": "바느질이 들쑥날쑥해도 내가 지나가면 반짝반짝 빛난다고 하자 다리미 낭자는 콧방귀를 뀌었습니다.",
        "textWordEA": 11
      }
    },
    {
      "srcTextID": "7786",
      "srcText": "구깃구깃한 옷들, 풀 먹여 둔 빨래들 모두 내가 한 번 지나가면 고운 옷들이 돼요. 주 부인이 바느질해서 만든 옷을 완성하는 건 나라고요, 나! 잠시 뒤, 주 부인이 벌떡 일어나 소리쳤어요.",
      "srcPage": 7,
      "srcSentenceEA": 3,
      "srcWordEA": 32,
      "character": "옷,풀,빨래,주 부인,나",
      "setting": "잠시 뒤",
      "action": "벌떡 일어나",
      "feeling": null,
      "causalRelationship": null,
      "outcomeResolution": null,
      "prediction": null,
      "plotSummaryInfoCount": 1,
      "plotSummaryInfo": {
        "classification": "의사소통",
        "readAge": "초등_고학년",
        "form": "short-form",
        "plotSummaryText": "다리미 낭자가 주 부인이 바느질해서 만든 옷을 완성하는 건 나라고 하자 주 부인이 벌떡 일어나 소리쳤습니다.",
        "textWordEA": 16
      }
    },
    {
      "srcTextID": "7780",
      "srcText": "가만히 듣고 있던 골무 할미가 피식 웃었어요. 자네는 바늘 꽁무니만 쫓아다니면서 말이 참 많군. 이 늙은이는 바늘 각시가 내 얼굴을 콕콕 찔러 대도 그저 참고 또 참을 뿐이오.",
      "srcPage": 4,
      "srcSentenceEA": 3,
      "srcWordEA": 30,
      "character": "골무 할미,바늘,바늘각시,자네",
      "setting": null,
      "action": "얼굴을 콕콕 찔러 대도",
      "feeling": null,
      "causalRelationship": null,
      "outcomeResolution": null,
      "prediction": null,
      "plotSummaryInfoCount": 1,
      "plotSummaryInfo": {
        "classification": "의사소통",
        "readAge": "초등_고학년",
        "form": "short-form",
        "plotSummaryText": "골무 할미가 피식 웃으며 이 늙은이는 바늘 각시가 내 얼굴을 콕콕 찔러 대도 그저 참고 또 참을 뿐이오라고 했습니다.",
        "textWordEA": 19
      }
    },
    {
      "srcTextID": "7790",
      "srcText": "자 부인이 푸념을 하자 가위 각시도 나섰어요. “맞아요, 맞아. 나 아니면 비단을 자르지도 못하면서 날이 드니 안 드니 하며 내 양다리를 흔들 때에는 기분이 정말 나빠요.” 나도 할 말이 많아요.",
      "srcPage": 10,
      "srcSentenceEA": 4,
      "srcWordEA": 32,
      "character": "자 부인,가위 각시,비단,나",
      "setting": null,
      "action": "양다리를 흔들 때",
      "feeling": "기분이 정말 나빠요",
      "causalRelationship": null,
      "outcomeResolution": null,
      "prediction": null,
      "plotSummaryInfoCount": 1,
      "plotSummaryInfo": {
        "classification": "의사소통",
        "readAge": "초등_고학년",
        "form": "long-form",
        "plotSummaryText": "나 아니면 비단을 자르지도 못하면서 내 양다리를 흔들 때에는 기분이 정말 나쁘다고 가위 각시도 나섰습니다.",
        "textWordEA": 15
      }
    },
    {
      "srcTextID": "7791",
      "srcText": "“나는 무슨 죄로 뜨거운 불로 얼굴을 지져 가며 일을 할까요?” “나야말로, 내 몸을 마구 눌러 대니 하늘이 노랗게 보인다니까요.” 또 주 부인이 벌떡 일어나 소리쳤어요.",
      "srcPage": 12,
      "srcSentenceEA": 3,
      "srcWordEA": 26,
      "character": "주 부인,나,하늘",
      "setting": null,
      "action": "벌떡 일어나,소리쳤습니다",
      "feeling": null,
      "causalRelationship": null,
      "outcomeResolution": null,
      "prediction": null,
      "plotSummaryInfoCount": 1,
      "plotSummaryInfo": {
        "classification": "의사소통",
        "readAge": "초등_고학년",
        "form": "short-form",
        "plotSummaryText": "뜨거운 불로 얼굴을 지져 가며 일을 한 나는 하늘이 노랗게 보인다며 벌떡 일어나 소리쳤습니다.",
        "textWordEA": 14
      }
    },
    {
      "srcTextID": "7789",
      "srcText": "가느다란 허리로 바느질을 열심히 도와도 마음에 안 들면 허리를 똑 부러뜨리니, 얼마나 분하겠어요? 손톱 밑을 찔러서 피라도 내야 후련하건만, 골무 할미가 다 막아 내니 답답해요. 바늘 각시에 이어 인두 낭자, 다리미 낭자도 울분을 터뜨렸어요.",
      "srcPage": 11,
      "srcSentenceEA": 3,
      "srcWordEA": 36,
      "character": "골무 할미,바늘각시,인두 낭자,다리미 낭자",
      "setting": null,
      "action": "허리를 똑 부러뜨리니",
      "feeling": "울분을 터트렸어요,답답해요",
      "causalRelationship": null,
      "outcomeResolution": null,
      "prediction": null,
      "plotSummaryInfoCount": 1,
      "plotSummaryInfo": {
        "classification": "의사소통",
        "readAge": "초등_고학년",
        "form": "short-form",
        "plotSummaryText": "열심히 도와도 마음에 안 들면 허리를 똑 부러뜨려 버리고, 골무 할미도 바늘을 다 막아 내니 바늘 각시는 답답해했습니다.",
        "textWordEA": 18
      }
    },
    {
      "srcTextID": "7793",
      "srcText": "너희들이 하도 잘난 척을 해서 그렇게 말한 거였어. 너희들 모두 소중한 친구들이고, 바느질할 때 꼭 필요하단다. 그 뒤에도 주 부인은 변함없이 일곱 친구와 함께 뚝딱뚝딱 예쁜 옷을 만들었어요. 바느질 친구들도 이제는 서로 더 이상 잘난 척을 하지 않았다고 해요.",
      "srcPage": 14,
      "srcSentenceEA": 4,
      "srcWordEA": 42,
      "character": "주 부인,친구들,일곱 친구,옷,바느질 친구들",
      "setting": null,
      "action": "예쁜 옷을 만들었어요",
      "feeling": null,
      "causalRelationship": null,
      "outcomeResolution": "더 이상 잘난 척을 하지 않았다고 해요.",
      "prediction": null,
      "plotSummaryInfoCount": 1,
      "plotSummaryInfo": {
        "classification": "의사소통",
        "readAge": "초등_고학년",
        "form": "long-form",
        "plotSummaryText": "주 부인은 일곱 친구와 함께 예쁜 옷을 만들었고 바느질 친구들도 더 이상 잘난 척을 하지 않았다고 했습니다.",
        "textWordEA": 17
      }
    },
    {
      "srcTextID": "7794",
      "srcText": "주 부인이 우리를 쓰지 않으면 우리가 쓸모없다고 말한 게 서운해서 그런 거예요. 골무 할미의 말을 들은 주 부인이 고개를 끄덕였어요. 서운하게 했다면 미안해.",
      "srcPage": 13,
      "srcSentenceEA": 3,
      "srcWordEA": 25,
      "character": "주 부인,우리,골무 할미",
      "setting": null,
      "action": "끄덕였어요",
      "feeling": "서운해서 그런 거예요",
      "causalRelationship": null,
      "outcomeResolution": null,
      "prediction": null,
      "plotSummaryInfoCount": 1,
      "plotSummaryInfo": {
        "classification": "의사소통",
        "readAge": "초등_고학년",
        "form": "short-form",
        "plotSummaryText": "주 부인이 우리를 쓰지 않으면 우리가 쓸모없다고 말한 게 서운해서 그런다고 하니 주 부인이 고개를 끄덕였습니다. ",
        "textWordEA": 16
      }
    },
    {
      "srcTextID": "7784",
      "srcText": "“시끄러워서 잠을 잘 수 있어야지. 내가 너희들을 쓰지 않으면 너희들은 쓸모없다는 걸 모른단 말이냐?” 바느질 친구들은 할 말을 잃고 서로 쳐다보기만 했어요.",
      "srcPage": 8,
      "srcSentenceEA": 3,
      "srcWordEA": 24,
      "character": "바느질 친구들,너희들",
      "setting": null,
      "action": "서로 쳐다보기만 했어요",
      "feeling": null,
      "causalRelationship": null,
      "outcomeResolution": null,
      "prediction": null,
      "plotSummaryInfoCount": 1,
      "plotSummaryInfo": {
        "classification": "의사소통",
        "readAge": "초등_고학년",
        "form": "short-form",
        "plotSummaryText": "너희들을 쓰지 않으면 너희들은 쓸모없다는 걸 모르냐라는 말에 바느질 친구들은 할 말을 잃었고 서로 쳐다보기만 했습니다.",
        "textWordEA": 16
      }
    },
    {
      "srcTextID": "7788",
      "srcText": "주 부인의 드르렁드르렁 코 고는 소리가 들리자 여기저기서 한숨 소리가 터져 나왔어요. “아, 정말 너무하네. 옷 지을 때나 뭘 잴 때에는 그렇게나 나를 먼저 찾아서 허리가 아파 죽겠는데, 뭐라고?”",
      "srcPage": 9,
      "srcSentenceEA": 3,
      "srcWordEA": 30,
      "character": "주 부인,옷,나",
      "setting": "허리가 아파 죽겠는데",
      "action": null,
      "feeling": "한숨 소리가 터져 나왔어요",
      "causalRelationship": null,
      "outcomeResolution": null,
      "prediction": null,
      "plotSummaryInfoCount": 1,
      "plotSummaryInfo": {
        "classification": "의사소통",
        "readAge": "초등_고학년",
        "form": "short-form",
        "plotSummaryText": "주 부인의 코 고는 소리가 들리자, 옷 지을 때나 뭘 잴 때에는 나를 먼저 찾아서 허리가 아파 죽겠다고 한숨 소리가 터져 나왔습니다. ",
        "textWordEA": 22
      }
    },
    {
      "srcTextID": "128737",
      "srcText": "사공이 많으면 배가 산으로 간다. 어떤 일을 할 때, 책임을 지고 관리하는 사람 없이 여러 사람이 자기주장만 내세우면 일이 제대로 되기 어려움을 이르는 말이야. 바느질 친구들은 서로 잘난 척을 하며 싸우다가 주 부인에게 크게 혼이 났지. 주 부인에게서 자기가 사용하지 않으면 쓸모없다는 말까지 들었어. 그러다가 골무 할미가 나서서 오해를 푼 뒤에야 일이 마무리되었지.",
      "srcPage": 15,
      "srcSentenceEA": 5,
      "srcWordEA": 57,
      "character": "사람,바느질 친구들,주 부인,골무 할미",
      "setting": null,
      "action": "할 때,싸우다가,혼이 났지",
      "feeling": null,
      "causalRelationship": null,
      "outcomeResolution": null,
      "prediction": null,
      "plotSummaryInfoCount": 1,
      "plotSummaryInfo": {
        "classification": "의사소통",
        "readAge": "초등_고학년",
        "form": "long-form",
        "plotSummaryText": "여러 사람이 자기주장만 내세우면 일이 제대로 되지 않고, 바느질 친구들은 잘난 척하며 싸우다가 크게 혼났으며, 자기가 사용하지 않으면 쓸모없다는 말까지 들었습니다.",
        "textWordEA": 21
      }
    },
    {
      "srcTextID": "128741",
      "srcText": "베갯모는 베개를 감싸는 천으로, 옛 여인들은 베갯모에 수를 놓거나 색실로 꾸몄어요. 특히 좋은 꿈을 꾸고 소원이 이루어지길 바라는 마음으로 문양을 중요시했어요. 부부의 화목을 바라서 원앙이나 봉황을 수놓기도 했어요.",
      "srcPage": 16,
      "srcSentenceEA": 3,
      "srcWordEA": 30,
      "character": "베갯모,베게,천,옛 여인들,색실,부부,원앙,봉황",
      "setting": null,
      "action": "꾸몄어요,했어요",
      "feeling": null,
      "causalRelationship": null,
      "outcomeResolution": null,
      "prediction": null,
      "plotSummaryInfoCount": 1,
      "plotSummaryInfo": {
        "classification": "의사소통",
        "readAge": "초등_고학년",
        "form": "short-form",
        "plotSummaryText": "베갯모는 베개를 감싸는 천으로, 옛 여인들은 수를 놓거나 색실로 꾸미기도 했으며, 특히 소원이 이루어지길 바라는 마음으로 문양을 중요시했습니다.",
        "textWordEA": 18
      }
    }
  ]
}