{
  "title": "안데르센",
  "author": "최미숙 엮음",
  "illustrator": "김재숙",
  "isbn": "9788961712125",
  "publishedYear": 2007,
  "publisher": "교연아카데미",
  "paragraphInfoCount": 20,
  "paragraphInfo": [
    {
      "srcTextID": "133932",
      "srcText": "이런 칭찬을 들을 때마다 한스는 훌륭한 배우가 되어 있는 자신의 모습을 상상해 보곤 했습니다. 날이 갈수록 의젓해지는 한스를 바라보며 어머니는 이런 생각이 들었습니다. '이제는 저 아이의 장래도 생각해야 될 텐데.' 어머니는 한스를 불러 조심스럽게 물었습니다. \"한스, 넌 장래에 무엇이 되고 싶으냐?\" \"배우가 되고 싶어요.\" \"뭐라고? 한스, 그건 허황된 생각이란다. 재단사가 되면 어떻겠니? 엄마의 생각으로는 그 일이 너에게 가장 어울릴 것 같구나. 넌 인형 옷도 잘 만들잖니?\" \"전 어떻게 해서든 배우가 될 거예요.\" 이제까지 어머니의 말을 어겨 본 일이 없는 한스였지만 이번에는 무척 완강했습니다. \"한스, 잘 생각해 보거라. 배우의 길은 무척 험난하단다. 애써 노력을 해도 성공하지 못하는 경우가 더 많다더구나.\" 결심을 꺾으려는 어머니의 앞에서 한스는 더 이상 아무 말도 하지 않았습니다. 하지만 그렇다고 해서 배우의 꿈을 포기한 것은 아니었습니다. 배우가 되겠다는 꿈은 날이 갈수록 더욱 뚜렷하게 한스의 마음속에 자리잡아 갔습니다. 그 무렵 어머니가 재혼을 했습니다. 새아버지는 한스의 친아버지처럼 구둣방 일을 하는 사람이었습니다.",
      "srcPage": 15,
      "srcSentenceEA": 20,
      "srcWordEA": 155,
      "character": "한스,배우,어머니,아이,재단사,엄마,새아버지,친아버지,사람",
      "setting": "구둣방",
      "action": "바라보며,불러,물었습니다,재혼을 했습니다,일을 하는",
      "feeling": null,
      "causalRelationship": null,
      "outcomeResolution": null,
      "prediction": null,
      "plotSummaryInfoCount": 1,
      "plotSummaryInfo": {
        "classification": "의사소통",
        "readAge": "초등_고학년",
        "form": "long-form",
        "plotSummaryText": "한스는 칭찬받을 때 자신이 훌륭한 배우가 될 모습을 상상했고 어머니는 성장해 가는 한스를 보며 장래를 걱정하며 배우가 되기보다는 재단사가 되는 것을 바랐고, 이에 한스는 강한 의지로 배우의 꿈을 포기하지 않았으며 어머니가 배우의 길이 험난하다고 말하며 그 꿈을 접길 바랐지만, 한스는 결심을 꺾지 않았으며 어머니는 구둣방에서 일하는 사람과 재혼했습니다.",
        "textWordEA": 48
      }
    },
    {
      "srcTextID": "133933",
      "srcText": "하지만 새아버지는 친아버지와 달리, 마음씨가 그다지 착한 사람이 아니었습니다. 게으르고 술주정뱅이인데다 성격도 괴팍했습니다. 새아버지는 한스를 미워했으며, 한스가 하는 일마다 사사건건 못마땅하게 생각했습니다. 한스는 늘 새아버지의 눈치만 살피는 어머니를 볼 때마다 마음이 아팠습니다. 그래서 한스는 새아버지와 부딪치지 않으려고 일부러 피해 다녔습니다. 그러던 어느 날 한스가 견진 성사를 받아야 하는 날이 다가왔습니다. 견진 성사란 크리스트 교에서 행하는 의식으로, 이 의식을 치러야 비로소 어른이 되는 것입니다. 견진 성사를 받기 위해서는 크리스트 교의 가르침을 배워야 하는데, 이 때문에 한스는 잠시 교회에 나가게 되었습니다. 이웃에 사는 친구들도 견진 성사를 받기 위해 같이 교회에 다녔습니다. 그런데 그 애들은 모두 한스와는 비교도 되지 않는 훌륭한 집안의 아이들이었습니다. 본래 사람들과 어울리는 것보다 혼자 있기를 좋아하는 한스는 그 아이들과 쉽게 친해지지 못했습니다. 교리 공부가 끝난 후, 한스는 아이들과 떨어져 혼자서 터덜터덜 걸어오고 있었습니다. 화창한 날씨에 지지 않으려는 듯 꽃향기가 풍겨 와 한스를 더욱 서글프게 했습니다. 한스가 그 향기에 취해 눈을 감고 걷고 있을 때, 예쁜 여자 아이의 목소리가 들려왔습니다.",
      "srcPage": 16,
      "srcSentenceEA": 14,
      "srcWordEA": 163,
      "character": "새아버지,친아버지,사람,술주정뱅이,어머니,어른,이웃,친구,여자 아이",
      "setting": "어느 날,교회,집안",
      "action": "피해 다녔습니다,나가게 되었습니다,걸어오고 있었습니다,걷고 있을 때",
      "feeling": "착한,괴팍했습니다,미워했으며,마음이 아팠습니다,좋아하는,서글프게 했습니다",
      "causalRelationship": null,
      "outcomeResolution": null,
      "prediction": null,
      "plotSummaryInfoCount": 1,
      "plotSummaryInfo": {
        "classification": "의사소통",
        "readAge": "초등_고학년",
        "form": "long-form",
        "plotSummaryText": "한스의 새아버지는 친아버지와는 달리 성격이 나쁘고 게으른 주정뱅이에 한스를 미워해 하는 일을 못마땅하게 여겼고, 새아버지의 눈치를 살피는 어머니의 모습에 슬퍼하며 아버지를 피해 다니던 어느 날 한스는 크리스트교의 가르침을 받은 후 어른으로 인정받는 견진 성사를 받기 위해 교회에 갔지만 혼자 있기 좋아하며 집안 차이가 큰 이유로 아이들과 어울리지 못한 채 교리 공부를 끝낸 후 혼자 화창한 날 꽃향기를 느끼며 걷는데 예쁜 여자아이의 목소리가 들려옵니다.",
        "textWordEA": 63
      }
    },
    {
      "srcTextID": "133920",
      "srcText": "구둣방집 아이. 한스 크리스티안 안데르센은 1805년 덴마크의 오덴세라는 마을에서 가난한 구둣방집 아들로 태어났습니다. 한스는 태어날 때부터 소문난 울보였습니다. 그래서 그의 울음소리가 조금이라도 들리기만 하면 이웃 사람들은 눈살을 찌푸리며 투덜거리는 것이었습니다. \"또 구둣방집 아이가 울기 시작했군.\" \"저 녀석은 왜 밤낮 질질 짜는 거야?\" 이렇게 울보로 소문난 한스였지만, 몸은 건강하여 아무 탈 없이 잘 자라났습니다. 한스네 집에는 구두를 고치는 도구들이 여기저기 흩어져 있었습니다. 한스는 그것들을 장난감처럼 가지고 놀곤 했습니다. 어머니는 정신 없이 바쁜 와중에도 마당 한쪽에 조그마한 밭을 만들어 그 곳에 양파도 심고 파슬리도 심어 정성껏 가꾸었습니다. 한스는 어머니가 가꾸는 그 작은 밭을 보며 꿈을 키워 갔습니다.",
      "srcPage": 4,
      "srcSentenceEA": 11,
      "srcWordEA": 103,
      "character": "아이,한스 크리스티안 안데르센,아들,울보,이웃 사람,어머니",
      "setting": "구둣방집,덴마크,오덴세,마을,밤낮,집,마당,밭",
      "action": "놀곤 했습니다,만들어,양파도 심고,파슬리도 심어,가꾸었습니다",
      "feeling": null,
      "causalRelationship": null,
      "outcomeResolution": null,
      "prediction": null,
      "plotSummaryInfoCount": 1,
      "plotSummaryInfo": {
        "classification": "의사소통",
        "readAge": "초등_고학년",
        "form": "long-form",
        "plotSummaryText": "한스 크리스티안 안데르센은 1805년 덴마크 오덴세 마을의 가난한 구둣방 집 아들로 태어나, 어릴 때부터 소문난 울보였지만 몸은 건강하게 잘 자란 한스는 집에 흩어져 있는 구도 고치는 도구를 장난감처럼 가지고 놀았고 어머니가 마당 한쪽에 밭을 만들어 양파, 파슬리를 정성껏 가꾸었는데, 한스는 그 밭을 보며 꿈을 키워 갔습니다.",
        "textWordEA": 46
      }
    },
    {
      "srcTextID": "133924",
      "srcText": "그런데 5살이 되면서부터 한스는 조용한 아이로 변해 갔습니다. 밖에서 아이들과 어울려 놀기보다는, 여자 아이처럼 아버지가 만들어 준 인형에 옷을 입히거나 색종이로 장난감을 만들며 혼자 노는 일이 많아졌습니다. 그런데 한스는 손재주가 무척 뛰어나서, 그가 만들어 놓은 장난감은 보는 사람들의 눈을 휘둥그레지게 했습니다. \"이 아이는 커서 훌륭한 재단사가 되려나 봐요.\" 한스를 보며 어머니와 아버지는 무척 대견해했습니다.",
      "srcPage": 7,
      "srcSentenceEA": 5,
      "srcWordEA": 57,
      "character": "한스,여자 아이,아버지,인형,사람,재단사",
      "setting": "밖",
      "action": "변해 갔습니다,만들어 준,옷을 입히거나,만들며,놀기보다는",
      "feeling": "대견해했습니다",
      "causalRelationship": null,
      "outcomeResolution": null,
      "prediction": null,
      "plotSummaryInfoCount": 1,
      "plotSummaryInfo": {
        "classification": "의사소통",
        "readAge": "초등_고학년",
        "form": "long-form",
        "plotSummaryText": "한스는 5살이 되면서 조용한 아이가 되어 아이들과 놀기보다는 아버지가 만들어 준 인형 옷 입히기, 색종이로 장난감 만들기 등 혼자 하는 놀이를 많이 했고, 손재주가 뛰어나 그가 만든 장난감을 본 사람들은 깜짝 놀라며 훌륭한 재단사가 될 것 같다고 말하며 어머니와 아버지는 무척 대견해했습니다.",
        "textWordEA": 42
      }
    },
    {
      "srcTextID": "133938",
      "srcText": "한스는 이제 더 이상 학비와 생활비를 걱정하지 않아도 되었습니다. 시보니 선생과 작곡가인 바이제 씨가 뒷바라지를 책임지겠다고 약속했기 때문입니다. 다음 날부터 한스는 꽉 짜여진 일과에 맞추어 생활했습니다. 시보니 선생은 한스에게 성악을 가르쳤고, 바이제 씨는 음악의 기초적 이론을 가르쳐 주었습니다. 또 한스는 훌륭한 가수가 되기 위해서 틈나는 대로 독일어를 공부했습니다. 한스는 자기의 소망이 하나하나 이루어지자 쉬지 않고 더욱더 열심히 노력하였으며, 그에 따라 실력은 날이 갈수록 향상되었습니다. \"한 번 가르친 것은 절대 잊지 않고 금세 자신의 것으로 받아들이니, 정말 뛰어난 재주를 지녔군.\" \"게다가 가장 칭찬해 주고 싶은 것은 공부하는 태도라네. 저렇게까지 열심히 하는데 하루가 다르게 실력이 늘 수밖에 없지.\" 시보니 선생과 바이제 씨는 한스의 노력하는 태도에 감탄하며 더욱 기대를 걸었습니다. 두 사람의 칭찬을 들은 한스는 가슴이 뿌듯했습니다. 한스는 그들의 기대에 어긋나지 않도록 더욱 열심히 배우고 익혔습니다. 몇 달 후에 한스는 시보니 선생과 간단한 대화를 나눌 수 있을 정도로 독일어 실력이 부쩍 좋아졌습니다. 계속해서 한스는 이탈리아 어를 공부하기로 마음먹었습니다. 가슴속에 희망을 품은 한스는 즐거운 마음으로 공부를 했습니다.",
      "srcPage": 21,
      "srcSentenceEA": 15,
      "srcWordEA": 165,
      "character": "한스,시보니 선생,작곡가,바이제,가수",
      "setting": "다음 날,이탈리아",
      "action": "가르쳤고,가르쳐 주었습니다,독일어를 공부했습니다,공부하기로",
      "feeling": "감탄하며,뿌듯했습니다,즐거운",
      "causalRelationship": null,
      "outcomeResolution": null,
      "prediction": null,
      "plotSummaryInfoCount": 1,
      "plotSummaryInfo": {
        "classification": "의사소통",
        "readAge": "초등_고학년",
        "form": "long-form",
        "plotSummaryText": "한스는 시보니 선생과 작곡가 바이제 씨의 도움으로 학비와 생활비 걱정을 하지 않아도 되었고, 시보니 선생은 성악을 바이제 씨는 음악의 기초 이론을 가르쳐 주며 배우려 하는 태도가 좋으니, 실력이 늘어간다며 그에게 칭찬과 기대를 했고, 한스는 그들의 칭찬에 뿌듯해하며  더 열심히 배우고 익히니 몇 달 후 독일어로 간단한 대화가 가능할 만큼 실력이 향상됐고, 이어서 이탈리아어까지 정복하려고 마음먹으며 희망을 품고 즐거운 마음으로 공부합니다.",
        "textWordEA": 61
      }
    },
    {
      "srcTextID": "133936",
      "srcText": " \"그것 잘됐군요. 저렇게 재능있는 아이는 큰 도시로 가서 커야 하는 거예요.\" \"맞아요. 한스는 꼭 오덴세를 빛낼 훌륭한 배우가 될 수 있을 거예요.\" 이들 중에는 유명한 무용가인 샤르 부인을 잘 안다며 소개장을 써 주는 사람도 있었습니다. 1819년 초가을의 어느 날 드디어 한스는 오덴세를 떠나게 되었습니다. 한스의 어머니와 할머니는 한스를 배웅하기 위해 마을 밖까지 나왔습니다. 할머니는 한스의 목을 끌어안으며 말했습니다. \"한스, 힘내거라.\" 옆에 있던 어머니도 눈물을 흘리며 말했습니다. \"도착하는 대로 편지해야 한다.\" 마부가 출발을 알리는 나팔을 불자 마차는 흔들거리면서 달리기 시작했습니다.",
      "srcPage": 19,
      "srcSentenceEA": 11,
      "srcWordEA": 87,
      "character": "아이,한스,배우,무용가,샤르 부인,사람,할머니,마부",
      "setting": "오덴세,초가을,어느 날,마을 밖,도시",
      "action": "써 주는,떠나게 되었습니다,나왔습니다,끌어안으며,말했습니다,나팔을 불자,달리기 시작했습니다",
      "feeling": null,
      "causalRelationship": null,
      "outcomeResolution": null,
      "prediction": null,
      "plotSummaryInfoCount": 1,
      "plotSummaryInfo": {
        "classification": "의사소통",
        "readAge": "초등_고학년",
        "form": "long-form",
        "plotSummaryText": " 한스는 오덴세를 빛내는 배우가 될 거라며 유명한 무용가 샤르 부인에게 소개장을 써주는 사람도 있었고, 1819년 초가을 한스는 마을 밖까지 나와서 힘내라 말하며 안아주는 할머니와 눈물을 흘리며 도착해서 편지를 달라는 어머니의 배웅을 받으며 마부가 나팔 신호를 주자 마차가 출발하며 오덴세를 떠납니다.",
        "textWordEA": 40
      }
    },
    {
      "srcTextID": "133940",
      "srcText": "'왜 진작 생각하지 못했을까? 지금이라도 그분께 편지를 보내 봐야겠다. 꼭 좋은 일이 생길 것 같은 예감이 드는걸.' 한스는 구르벨에게 편지를 띄웠습니다. 시인 구르벨은 한스의 편지를 받자마자 곧 답장을 보내 왔습니다. '형에게서 얘기는 많이 들었네. 참 반갑군. 난 언제든 괜찮으니 조만간 한번 찾아오게.' 한스는 생각지도 못한 구르벨의 편지에 마음이 한껏 부풀어 올랐습니다. '그래, 이분을 찾아가서 도움을 받자. 그럼 다시 내 꿈을 키울 수 있을지도 몰라.' 며칠 후, 한스는 설레는 마음으로 시인 구르벨을 찾아갔습니다. \"어서 오게, 한스 군.\" 구르벨은 무척 친절하게 한스를 맞아 주었습니다. 한스의 초라한 모습을 본 구르벨은 그에게 다정한 목소리로 말했습니다. \"그 동안 고생이 많았겠군. 그러나 이젠 안심하게. 내가 힘닿는 데까지 자네를 도와줄 테니까. 그런데 한스 군, 자네가 보낸 편지는 맞춤법이 엉망이더군. 덴마크 어를 가르쳐 줄 테니 우선 올바른 철자법부터 차근차근 익히도록 하게.\" 그 날부터 한스는 매일같이 구르벨의 집으로 가서 덴마크 어를 배웠습니다. 그리고 얼마 후, 마음씨 착한 구르벨은 그다지 넉넉하지 않은 형편이면서도 한스를 위해서 돈까지 마련해 주었습니다. \"자, 이것으로 새 숙소를 마련하고 생활에 필요한 것들을 장만하게.\" \"정말 고맙습니다, 구르벨 씨.\"",
      "srcPage": 23,
      "srcSentenceEA": 24,
      "srcWordEA": 178,
      "character": "한스,구르벨,형",
      "setting": "덴마크,집,숙소",
      "action": "받자마자,보내 왔습니다,찾아가서,찾아갔습니다,보낸,가르쳐 줄 테니,마련하고,장만하게",
      "feeling": "설레는",
      "causalRelationship": null,
      "outcomeResolution": null,
      "prediction": null,
      "plotSummaryInfoCount": 1,
      "plotSummaryInfo": {
        "classification": "의사소통",
        "readAge": "초등_고학년",
        "form": "long-form",
        "plotSummaryText": "시인 구르벨은 한스의 편지에 형에게 이야기를 들었다며 언제든 좋으니 조만간 찾아오라는 답장을 보냈고, 한스는 그의 답장을 받고 그루벨을 찾아가면 도움을 받고 다시 꿈을 키울 수 있을지 모른다고 생각하며 설렜고, 한스가 구르벨을 찾아가니 친절하게 맞아주며 자신이 도와주겠다고 말했고, 마음씨 착한 구르벨은 자신도 넉넉하지 못했지만 한스에게 새 숙소와 필요한 것들을 장만하라며 돈을 마련해 주었습니다.",
        "textWordEA": 52
      }
    },
    {
      "srcTextID": "133950",
      "srcText": "한스의 책상 위에서 이 시를 발견한 교장 선생님은 불같이 화를 내며 한스를 꾸짖었습니다. \"한스 군, 공부할 시간에 이렇게 딴 생각을 하다니, 앞으로 어떻게 대학에 갈 작정인가? 지금 자네에겐 한가한 생각에 빠져 있을 여유가 없네. 자넨 지금 나라의 돈으로 공부하고 있는 거라고.\" 그 후로 교장 선생님은 한스를 한층 더 엄하게 대했고, 한스는 괴로운 마음에 잠을 설칠 때가 많았습니다. 결국 한스는 헬싱괴르의 라틴 어 학교를 졸업하지 못한 채 코펜하겐으로 돌아오고 말았습니다. 하지만 교장 선생님은 본래 악의가 있는 사람이 아니었습니다. 단지 한스를 뛰어난 성적으로 대학에 입학시키고 싶었기 때문에 한스에게 엄하게 대했던 것입니다. 한스도 오래지 않아 그것을 깨닫게 되었습니다.",
      "srcPage": 32,
      "srcSentenceEA": 9,
      "srcWordEA": 102,
      "character": "한스,교장 선생님,사람,대학",
      "setting": "책상 위,헬싱괴르,라틴 어 학교,코펜하겐",
      "action": "발견한,공부하고,돌아오고 말았습니다,입학시키고",
      "feeling": "화를 내며,괴로운",
      "causalRelationship": null,
      "outcomeResolution": null,
      "prediction": null,
      "plotSummaryInfoCount": 1,
      "plotSummaryInfo": {
        "classification": "의사소통",
        "readAge": "초등_고학년",
        "form": "long-form",
        "plotSummaryText": "한스의 책상 위 시를 발견한 교장선생님은 공부만 생각하라며 대학을 어떻게 갈 건지 크게 화를 내며 꾸짖었고, 이후 교장선생님은 한스를 더 엄하게 대해 괴로워하며 잠을 못 잤고 결국 헬싱괴르의 라틴어 학교를 졸업하지 못하고 코펜하겐으로 돌아오고 말았습니다.",
        "textWordEA": 35
      }
    },
    {
      "srcTextID": "133922",
      "srcText": "그리고 그 밭 옆에서 책을 읽거나 하늘을 날아다니는 여러 종류의 새들을 보며 즐거워했습니다. 이 조그만 밭은 훗날 그가 쓴 눈의 여왕이라는 동화의 배경이 되었습니다. 이처럼 어릴 때의 추억은 한스에게 큰 영향을 주었으며, 어른이 된 후에도 마음 속에서 지워지지 않았습니다. 아버지보다 두 살 위인 어머니는 무척 가난한 집에서 태어났습니다. 그래서 어머니가 종종 들려주시는 어머니의 어렸을 적 이야기들은 한스의 마음을 무척 슬프게 했습니다. \"엄마가 어렸을 때 너희 외할아버지는 엄마에게 밖에 나가서 먹을 것을 얻어 오라고 하셨단다. 이 엄마가 마을에서 얻어 온 음식으로 그날 그날의 끼니를 이어 갔지.\" 이렇게 말하는 어머니의 눈에는 눈물이 고였습니다. 이러한 이야기를 들을 때마다 어린 한스는 마음속으로 다짐했습니다. '불쌍한 우리 엄마, 내가 꼭 행복하게 해 드릴 거야.' 한스의 아버지는 어려서부터 친구들과 어울려 놀기보다는 책 읽기를 무척 좋아했습니다.",
      "srcPage": 5,
      "srcSentenceEA": 11,
      "srcWordEA": 126,
      "character": "새,여왕,한스,어른,아버지,어머니,외할아버지,엄마,친구",
      "setting": "밭,하늘,집,밖,마을",
      "action": "책을 읽거나,날아다니는,나가서,얻어,눈물이 고였습니다,놀기보다,책 읽기",
      "feeling": "즐거워했습니다,슬프게,행복하게",
      "causalRelationship": "아버지보다 두 살 위인 어머니는 무척 가난한 집에서 태어났습니다. 그래서 어머니가 종종 들려주시는 어머니의 어렸을 적 이야기들은 한스의 마음을 무척 슬프게 했습니다.",
      "outcomeResolution": null,
      "prediction": null,
      "plotSummaryInfoCount": 1,
      "plotSummaryInfo": {
        "classification": "의사소통",
        "readAge": "초등_고학년",
        "form": "long-form",
        "plotSummaryText": "한스는 밭 옆에서 책 읽기와 새 구경을 즐겼는데 이 밭은 훗날 그의 동화 눈의 여왕의 배경이 되고 이처럼 어릴 때 추억은 한스에게 큰 영향을 주며 어른이 된 후에도 마음에 새겼는데, 그의 어머니는 매우 가난한 집에서 태어나 조부모님이 밖에서 얻어온 음식으로 끼니를 때운 일 등의 이야기를 가끔 들려주시며 눈물을 보였고, 한스는 이야기를 듣고 슬퍼하며 자신의 어머니를 행복하게 해드리겠다고 다짐했고, 한스의 아버지는 친구들과 놀기보다 책 읽기를 즐겼습니다.",
        "textWordEA": 65
      }
    },
    {
      "srcTextID": "133939",
      "srcText": "깨어진 꿈. 한스가 시보니 선생 밑에서 공부한 지도 어느덧 9개월이 흘렀습니다. 그런데 이 무렵 한스에게 갑작스런 불행이 닥쳤습니다. 한스의 고운 목소리가 쉰 소리로 변한 것입니다. 변성기가 찾아오기도 했지만 겨울 내내 허름한 신발을 신고 다녔기 때문에 동상에 걸려, 그로 인해 목소리까지 해치게 된 것입니다. 시보니 선생이 한스를 불러 말했습니다. \"한스 군, 훌륭한 가수가 되겠다는 자네의 꿈은 그만 접는 게 좋겠네.\" 한스는 눈앞이 캄캄해졌습니다. '아, 이제 정말 모든 것이 끝난 건가? 이대로 내 꿈을 포기해 버려야만 하는 걸까?' 한스의 머릿속에는 이대로 오덴세로 돌아가느니 차라리 죽어 버리는 게 낫겠다는 절망적인 생각마저 들었습니다. 그렇게 며칠이 지난 어느 날 한스는 문득 한 시인이 생각났습니다. 오덴세에 있을 때 한스는 구르벨이라는 군인으로부터 많은 귀여움을 받았는데, 그 군인의 동생이 시인이었던 것입니다. 한스는 언젠가 구르벨과 나누었던 이야기를 떠올렸습니다. \"한스, 내 동생은 코펜하겐에서 꽤 호평을 받고 있는 유명한 시인이란다.\" \"정말 좋으시겠어요.\" \"암, 난 내 동생이 무척 자랑스러워.\" 한스는 코펜하겐으로 떠나 올 때 시인 구르벨의 주소를 적어 두었습니다.",
      "srcPage": 22,
      "srcSentenceEA": 18,
      "srcWordEA": 159,
      "character": "한스,시보니 선생,가수,시인,구르벨,군인,동생",
      "setting": "겨울,오덴세,코펜하겐",
      "action": "신고 다녔기,말했습니다,돌아가느니,죽어 버리는,떠나 올 때,적어 두었습니다",
      "feeling": "좋으시겠어요,자랑스러워",
      "causalRelationship": null,
      "outcomeResolution": null,
      "prediction": null,
      "plotSummaryInfoCount": 1,
      "plotSummaryInfo": {
        "classification": "의사소통",
        "readAge": "초등_고학년",
        "form": "long-form",
        "plotSummaryText": "한스가 시보니 선생에게 가르침을 받은 지 9개월 차에 변성기와 쉰 목소리가 났고, 쉰 목소리의 원인은 겨우내 낡은 신발을 신어 발에 동상이 목소리에 영향을 준 것이었으며, 시보니 선생이 한스를 불러 가수의 꿈을 포기하는 것이 좋겠다고 조언하니 한스는 절망에 빠져 꿈을 포기하고 오덴세로 돌아가느니 죽겠다는 생각까지 하며 힘들어했고, 며칠 후 한스는 옛날 오덴세에서 만난 군인 구르벨의 동생이 유명한 시인이라는 말한 것을 떠올렸습니다.",
        "textWordEA": 60
      }
    },
    {
      "srcTextID": "133947",
      "srcText": "한스가 고향으로 돌아왔다는 소식을 들은 이웃 사람들은 한스네 집으로 모여들었습니다. 예전에 한스를 놀리면서 거들떠보지도 않던 친구들도 한스를 만나러 왔습니다. 한스가 성공해서 돌아오자 새아버지도 그를 부드럽게 대해 주었습니다. 한 달 동안의 여름 방학은 꿈결처럼 지나가 버렸습니다. 방학이 끝날 무렵 한스는 다시 라틴 어 학교로 돌아가야 했습니다. 한스에게 다시금 어려운 공부가 시작되었습니다.",
      "srcPage": 30,
      "srcSentenceEA": 6,
      "srcWordEA": 55,
      "character": "한스,이웃 사람,친구,새아버지",
      "setting": "고향,한스네 집,여름방학,라틴 어 학교",
      "action": "돌아왔다,모여들었습니다,만나러 왔습니다,돌아오자",
      "feeling": null,
      "causalRelationship": null,
      "outcomeResolution": null,
      "prediction": null,
      "plotSummaryInfoCount": 1,
      "plotSummaryInfo": {
        "classification": "의사소통",
        "readAge": "초등_고학년",
        "form": "long-form",
        "plotSummaryText": "한스가 고향에 왔단 소식에 이웃 사람들과 한스를 놀리던 친구들도 한스네 집에 모여들었고, 한스가 성공하여 돌아오니 새아버지도 그를 잘 대해주었으며 한 달 동안 여름방학이 꿈처럼 지나간 후 방학이 끝날 무렵 한스는 라틴어 학교로 돌아가 다시 힘든 공부를 시작합니다.",
        "textWordEA": 37
      }
    },
    {
      "srcTextID": "133948",
      "srcText": "어느 날 엄격하기로 소문이 난 교장 선생님이 한스를 불러 말했습니다 \"한스 군, 이제 나는 헬싱괴르에 있는 학교로 전근을 가게 되었다네. 그런데 내가 자네 뒤를 돌보아 주기로 콜린 씨와 약속을 했으니, 자네도 당연히 함께 가야 하지 않겠나?\" 이렇게 해서 한스는 교장 선생님을 따라 헬싱괴르로 옮겨 가게 되었습니다. 헬싱괴르는 셸란 섬의 북쪽 끝에 있는 아름다운 도시로, 한스는 곧 그 곳의 아름다움에 흠뻑 빠져들었습니다. 그러나 엄격하기만 한 교장 선생님은 한스가 잠시도 밖으로 나가는 것을 허락하지 않고 늘 공부만 하도록 강요했습니다. 공부를 무척 좋아하는 한스였지만 이런 생활은  더 이상 견딜 수가 없었습니다. 어느 날 한스는 자신의 처지가 너무나 슬퍼진 나머지 어머니를 생각하며 시를 한 편 썼습니다. 어머니 어머니 인자하신 어머니, 나는 지쳤어요. 슬퍼졌어요. 나는 울고 싶어요. 쉬고 싶어요. 인자하신 어머니 품에 안겨서.",
      "srcPage": 31,
      "srcSentenceEA": 13,
      "srcWordEA": 130,
      "character": "교장 선생님,한스,콜린,어머니",
      "setting": "헬싱괴르,학교,셸란 섬의 북쪽,도시",
      "action": "말했습니다,썼습니다",
      "feeling": "좋아하는,슬퍼진,슬퍼졌어요",
      "causalRelationship": null,
      "outcomeResolution": null,
      "prediction": null,
      "plotSummaryInfoCount": 1,
      "plotSummaryInfo": {
        "classification": "의사소통",
        "readAge": "초등_고학년",
        "form": "long-form",
        "plotSummaryText": "어느 날 엄격한 교장 선생님이 한스를 불러 헬싱괴르에 있는 학교에 전근을 가야 하는데 콜린과 한스를 돌봐주기로 약속했으니 같이 가자고 말해 한스도 헬싱괴르로 가게 되었고, 헬싱괴르는 셀란섬의 북쪽 끝의 아름다운 도시로, 한스도 헬싱괴르의 아름다움이 좋았지만 엄격한 교장 선생님은 그를 밖에 나가지 못하게 한 후 공부만 강요했고 공부를 좋아하던 한스도 이런 생활이 힘들어 어머니의 품에서 쉬고 싶다는 내용의 시를 썼습니다.",
        "textWordEA": 58
      }
    },
    {
      "srcTextID": "133931",
      "srcText": "\"와, 굉장하군요!\" 서재에는 책꽂이가 모자라 천장에까지 닿을 정도로 빽빽하게 책이 꽂혀 있었던 것입니다. 한스는 태어나서 지금까지 그렇게 많은 책을 본 적이 없었습니다. 그런 한스를 바라보던 분케프로드 부인이 따뜻한 음성으로 말했습니다. \"한스, 읽고 싶은 책이 있으면 가져다 읽도록 해라. 책을 가까이한다는 것은 매우 좋은 일이지.\" \"정말 고맙습니다.\" 한스는 아버지를 닮아 책 읽기를 매우 좋아했습니다. 부인의 여동생은 그런 한스에게 햄릿과 리어 왕 등 세계적으로 유명한 희곡에 대해서도 자세하게 이야기해 주었습니다. 그날 밤 한스는 셰익스피어의 희곡을 빌려 와 정신 없이 읽어 내려갔습니다. 책을 다 읽고 난 한스는 마치 배우가 된 듯 대사를 외웠습니다. 그리고 이웃 사람들을 모아 놓고 혼자서 연극을 해 보였습니다. 한스가 배우의 목소리를 능숙하게 흉내내는 것을 보며 사람들은 칭찬을 아끼지 않았습니다. \"아주 훌륭하다, 한스. 너의 목소리는 꼭 하늘의 천사가 속삭이는 것처럼 듣기 좋구나.\" \"노래뿐만 아니라 연기도 훌륭했지. 아무튼 한스 녀석은 재주꾼이야.\"",
      "srcPage": 14,
      "srcSentenceEA": 17,
      "srcWordEA": 142,
      "character": "한스,분케프로드 부인,아버지,여동생,햄릿,리어 왕,셰익스피어,배우,이웃 사람,천사,재주꾼",
      "setting": "서재,천장,밤,하늘",
      "action": "바라보던,말했습니다,가져다 읽도록 해라,읽어 내려갔습니다,모아 놓고,연극을 해 보였습니다",
      "feeling": "좋아했습니다,좋구나",
      "causalRelationship": null,
      "outcomeResolution": null,
      "prediction": null,
      "plotSummaryInfoCount": 1,
      "plotSummaryInfo": {
        "classification": "의사소통",
        "readAge": "초등_고학년",
        "form": "long-form",
        "plotSummaryText": "한스는 서재에 천장까지 빽빽한 책을 보며 감탄하자 분케프로드 부인은 한스에게 읽고 싶은 책을 가져다 읽으라고 말하였고, 부인의 여동생은 햄릿과 리어왕 등 유명한 희곡들에 대해 설명해 주어, 그날 밤 한스는 셰익스피어의 희곡을 빌려와 정신없이 책을 다 읽고 배우가 된 듯 대사를 외워 이웃 사람들을 모아놓고 그들의 앞에서 배우처럼 능숙하게 연기를 하니 사람들은 목소리도 좋고 노래와 연기까지 잘한다며 한스의 재주를 칭찬합니다.",
        "textWordEA": 59
      }
    },
    {
      "srcTextID": "133934",
      "srcText": "\"저기, 한스.\" 한스는 깜짝 놀라 눈을 떴습니다. 그 목소리의 주인공은 바로 테네르였습니다. \"자, 이거 받아.\" 테네르는 예쁜 꽃다발을 내밀며 수줍게 속삭였습니다. 부잣집 아이들은 가난한 한스와 사귀고 싶어하지 않았지만 테네르만은 달랐습니다. 테네르는 부잣집 아이이면서도 한스에게 매우 친절하게 대해 주었습니다. \"응? 정말 나에게 주는 거니?\" \"그래. 어서 받아.\" 테네르가 고개를 끄덕이며 대답했습니다. 한스는 믿을 수가 없었습니다. 친구들에게서 한 번도 선물을 받아 본 적이 없었던 한스는, 테네르가 내미는 한 다발의 꽃을 받고 그저 어리둥절할 뿐이었습니다. 얼마나 감격스러웠는지 테네르와 헤어진 뒤 어떻게 집에 왔는지조차도 모를 정도였습니다. \"엄마, 이것 좀 보세요. 교회에 같이 다니는 친구가 준 거예요.\" 어머니는 한스가 신이 나 있는 모습을 보자 덩달아 즐거웠습니다. \"그래? 한스, 넌 정말 좋겠구나. 좋은 친구도 생기고 이렇게 예쁜 꽃 선물도 받았으니.\" 학교나 교회에서 아이들에게 따돌림만 받아 오던 한스는 친절한 친구가 생기자 용기가 솟아났습니다.",
      "srcPage": 17,
      "srcSentenceEA": 19,
      "srcWordEA": 142,
      "character": "한스,테네르,주인공,부잣집 아이,친구,엄마",
      "setting": "집,학교,교회",
      "action": "눈을 떴습니다,내밀며,고개를 끄덕이며,내미는,왔는지조차,다니는,받았으니",
      "feeling": "놀라,감격스러웠는지,즐거웠습니다,좋겠구나",
      "causalRelationship": null,
      "outcomeResolution": null,
      "prediction": null,
      "plotSummaryInfoCount": 1,
      "plotSummaryInfo": {
        "classification": "의사소통",
        "readAge": "초등_고학년",
        "form": "long-form",
        "plotSummaryText": "다른 부잣집 아이들과 달리 테네르는 한스에게 예쁜 꽃다발을 주며 친절하게 대해 주었고, 한스는 처음 받는 선물에 놀라고 감격스러웠는지 그녀와 헤어진 뒤 정신없이 집에 돌아왔고, 어머니는 한스가 좋은 친구를 사귀게 된 것을 함께 기뻐해 주셨고, 한스는 학교와 교회에서 따돌림을 받았지만, 친절한 친구 덕에 용기를 얻게 되었습니다.",
        "textWordEA": 45
      }
    },
    {
      "srcTextID": "133919",
      "srcText": "어리둥절해하고 있는 한스를 바라보며 샤르 부인은 이런 생각을 하고 있었습니다. '이 소년은 허황된 꿈 때문에 머리가 돌아 버린 게 틀림없어. 가엾게도.' 1819년 9월의 어느 날, 배우가 되려는 꿈을 간직하고 코펜하겐으로 온 한스는 이렇게 샤르 부인의 집에서 쫓겨 나오고 말았습니다. '이제 어디로 가야 하나.' 갈 곳이 없는 한스는 무작정 거리를 헤맸습니다. 절망감이 그의 몸과 마음을 휘청거리게 했습니다. 그러나 한스는 배우가 되려는 꿈을 결코 포기할 수 없었습니다. 한스는 마음을 다잡고 스스로를 타일렀습니다. '이대로 포기할 수는 없어. 그래, 다른 사람에게 부탁을 할 게 아니라 직접 극장 지배인을 찾아가 보는 거야.'",
      "srcPage": 2,
      "srcSentenceEA": 11,
      "srcWordEA": 94,
      "character": "한스,샤르 부인,소년,배우,사람,지배인",
      "setting": "코펜하겐,집,거리,극장",
      "action": "바라보며,헤맸습니다,찾아가",
      "feeling": "어리둥절해하고",
      "causalRelationship": null,
      "outcomeResolution": null,
      "prediction": null,
      "plotSummaryInfoCount": 1,
      "plotSummaryInfo": {
        "classification": "의사소통",
        "readAge": "초등_고학년",
        "form": "long-form",
        "plotSummaryText": "샤르 부인은 어리바리한 한스를  보며 허황한 꿈으로 머리가 아픈 것 같다고 생각했고, 1819년 9월 배우가 되려고 코펜하겐으로 온 한스는 샤르 부인의 집에서 쫓겨나 목적지 없이 절망하며 거리를 헤맸으나 배우의 꿈을 포기할 수 없는 한스는 마음을 굳게 먹고 직접 극장의 지배인을 찾아가려 합니다.",
        "textWordEA": 43
      }
    },
    {
      "srcTextID": "133945",
      "srcText": "새로운 길. 그 무렵, 한스는 덴마크의 일류 정치가이면서 왕립 극장의 지배인인 요나스 콜린을 만났습니다. 그는 한스가 희곡을 써서 왕립 극장에 보냈을 때, 그것을 읽었던 사람이었습니다. 콜린은 한스의 희곡을 퇴짜놓기는 했지만 한스가 가진 재능을 한눈에 알아보았습니다. '한스는 문학가로서의 소질이 충분해. 좌절하지 않고 계속 노력한다면 훌륭한 글을 쓸 수 있을 거야.' 그래서 콜린은 한스를 만나자마자 이렇게 말했습니다. \"자네는 아직 공부가 모자라네. 학교에서 공부를 계속하는 것에 대해 어떻게 생각하나?\" \"그건 잘 알고 있습니다. 하지만 제겐 그럴 만한 돈이.\" \"나도 알고 있네. 내가 학교를 주선해 줄 테니 그 걱정은 하지 말고 자넨 공부만 열심히 하게.\" 막막하기만 하던 한스의 운명은 요나스 콜린에 의해서 밝아지기 시작했습니다.",
      "srcPage": 28,
      "srcSentenceEA": 14,
      "srcWordEA": 109,
      "character": "한스,정치가,지배인,사람,콜린,문학가,요나스 콜린",
      "setting": "길,덴마크,왕립 극장,학교",
      "action": "만났습니다,써서,보냈을 때,읽었던,만나자마자",
      "feeling": null,
      "causalRelationship": null,
      "outcomeResolution": null,
      "prediction": null,
      "plotSummaryInfoCount": 1,
      "plotSummaryInfo": {
        "classification": "의사소통",
        "readAge": "초등_고학년",
        "form": "long-form",
        "plotSummaryText": "한스는 희곡을 왕립극장에 보냈을 때 읽었던 사람인 덴마크의 정치가 이자 왕립 극장의 지배인 요나스 콜린을 만났고, 콜린은 한스의 희곡에 퇴짜를 주긴 했지만, 그의 재능을 알아보고 문학가로 소질이 있으니 좌절하지 말고 노력하라 조언했던 사람으로 한스에게 아직 공부가 부족하니, 자신이 학교를 주선해 줄 테니 공부만 열심히 하라며 한스에게 희망을 주었습니다.",
        "textWordEA": 48
      }
    },
    {
      "srcTextID": "133926",
      "srcText": "이처럼 한스는 비록 가난한 집에서 태어나기는 했어도 늘 밝고 정직했기 때문에 모든 사람들에게 사랑을 받았습니다. 6, 7살이 된 한스는 초등학교에 입학하게 되었습니다. 신입생들 중에서 나이가 제일 어렸던 한스는 칼스텐 선생님의 사랑을 독차지했습니다. 그런데 그 무렵에 한스의 아버지는 부쩍 말이 없고 우울해하고 있었습니다. 하고 싶은 공부를 중단하고 구두장이가 되어 있는 자신의 모습이 점점 더 싫어졌기 때문입니다. 무릎에 머리를 박고 괴로워하는 아버지의 모습을 지켜보는 한스의 마음은 몹시 슬펐습니다. 이렇게 괴로운 나날을 보내던 어느 날, 아버지에게 꿈 같은 소식이 전해졌습니다. 어느 백작 부인이 아버지를 전속 양화공으로 추천한 것이었습니다. 전속 양화공이란 어느 한 사람만의 구두를 만들어 주는 것이므로, 만약 채용이  결정되면 아버지는 백작 부인의 구두만을 만들어 주고 얼마간의 월급을 받으면 되는 것이었습니다. 집안 분위기는 갑자기 밝게 변했습니다. 아버지는 전에 없이 기분이 들떠 있는 듯했고, 어머니의 입가에서는 웃음이 떠나지 않았습니다. 그런데 전속 양화공으로 채용되기 위해서는 먼저 시험에 합격해야만 했습니다. 백작 부인은, 무용할 때 신는 구두를 한 켤레 만들어 그것이 자신의 마음에 들어야 아버지를 채용하겠다고 말했기 때문이었습니다.",
      "srcPage": 9,
      "srcSentenceEA": 13,
      "srcWordEA": 164,
      "character": "한스,사람,신입생,칼스텐,선생님,아버지,구두장이,백작 부인,양화공",
      "setting": "집,초등학교,어느 날,집안",
      "action": "입학하게 되었습니다,머리를 박고,만들어 주는 것,신는,만들어,지켜보는",
      "feeling": "괴로워하는,슬펐습니다",
      "causalRelationship": null,
      "outcomeResolution": null,
      "prediction": null,
      "plotSummaryInfoCount": 1,
      "plotSummaryInfo": {
        "classification": "의사소통",
        "readAge": "초등_고학년",
        "form": "long-form",
        "plotSummaryText": "한스는 가난했지만 밝고 정직해 사람들이 좋아했고, 초등학교 입학 당시 신입생 중 나이가 가장 어려 선생님의 사랑을 독차지했지만, 이때 한스의 아버지는 공부를 포기하고 구두장이가 된 자신에게 실망해 우울감을 느끼며  괴로워하는 아버지의 모습을 본 한스는 매우 슬퍼했는데, 어느 날 한 백작 부인이 전속 양화공으로 아버지를 추천하며 집안의 분위기가 밝아졌고, 아버지의 들떠있는 모습에 어머니도 웃음을 띠었지만, 양화공이 되기 위해서는 먼저 시험에 합격해야 했습니다.",
        "textWordEA": 61
      }
    },
    {
      "srcTextID": "133927",
      "srcText": "아버지는 그 날부터 꼬박 이틀 동안 구두 만드는 일에 전념했습니다. 아버지가 손수 가죽을 사다가 만든 무용 구두는 마침내 훌륭하게 완성되었습니다. 어머니와 한스는 감격하여 소리쳤습니다. \"아빠, 정말 멋져요!\" \"어쩜, 정말 훌륭한 구두로군요!\" 아버지는 완성된 구두를 정성껏 수건에 싸 들고 백작 부인을 찾아갔습니다. 그러나 백작 부인은  구두를 들고 서 있는 초라한 모습의 아버지를 보자마자 안색이 확 변했습니다. \"아니, 이 구두를 나보고 신으라는 건가요? 이렇게 초라한 구두는 하녀들에게나 어울리겠군요. 당신의 실력으로는 아무래도 안 되겠어요.\" 백작 부인은 찬바람을 일으키며 방으로 들어가 버렸습니다. 아버지의 초라한 모습을 보자 백작 부인의 마음이 변한 것이었습니다. \"자존심이 몹시 상한 아버지는 주머니 속에 있던 칼을 꺼내 그 자리에서 구두를 갈기갈기 찢어 버렸습니다. 집으로 돌아온 후에도 아버지의 분노는 쉽게 사그러들지 않았습니다.",
      "srcPage": 10,
      "srcSentenceEA": 14,
      "srcWordEA": 120,
      "character": "아버지,어머니,한스,아빠,백작 부인,하녀",
      "setting": "방,집,이틀 동안",
      "action": "구두 만드는 일,만든,소리쳤습니다,싸 들고,찾아갔습니다,들고 서 있는,들어가 버렸습니다,칼을 꺼내,찢어 버렸습니다",
      "feeling": null,
      "causalRelationship": null,
      "outcomeResolution": null,
      "prediction": null,
      "plotSummaryInfoCount": 1,
      "plotSummaryInfo": {
        "classification": "의사소통",
        "readAge": "초등_고학년",
        "form": "long-form",
        "plotSummaryText": "아버지는 손수 가죽을 사다가 만든 무용 구두를 한스와 어머니는 훌륭하다며 감격했고, 아버지는 완성한 구두를 수건에 싸 백작 부인을 찾아갔지만, 초라한  아버지의 모습에 표정이 변한 백작 부인은 구두가 초라하다며 실력이 없어 안되겠다고 말하곤 방으로 들어가 버리자 자존심이 상한 아버지는 주머니 속 칼로 그 자리에서 구두를 찢고, 집으로 돌아온 후에도 분노가 풀리지 않았습니다.",
        "textWordEA": 52
      }
    },
    {
      "srcTextID": "133930",
      "srcText": "배우의 꿈. 아버지가 돌아가신 뒤, 어머니는 집안 살림을 꾸려 가기 위해 이웃집의 세탁물을 얻어다가 빨래를 해 주거나 다른 집의 일을 거들어야 했습니다. 어머니가 일을 하러 밖으로 나가면 한스는 하루 종일 집 안에 틀어박혀 연극 대사를 읽는 일로 시간을 보냈습니다. 아버지가 살아 계실 때 자주 갔었던 극장에서 알게 된 연극 공연 담당자로부터 연극의 대본을 얻어 볼 수 있었던 것입니다. 한스에게 있어서 연극 대본을 읽는 것은 그 어떤 일보다도 즐거웠습니다. 어느 날 일을 마치고 집으로 돌아온 어머니가 한스에게 말했습니다. \"한스, 분케프로드 부인이 한번 놀러 오라고 너를 초대하시더구나.\" \"정말이에요?\" 항상 집에만 틀어박혀 외롭게 지내던 한스는 마음이 부풀어 올랐습니다. 이웃에 사는 분케프로드 부인은 목사인 남편이 죽은 뒤로 여동생과 함께 살고 있었는데, 두 자매 모두 교양 있는 사람들이었습니다. 한스는 자신의 옷 가운데에서 가장 좋은 옷을 골라 말끔하게 차려입고 분케프로드 부인을 방문했습니다. \"저, 안, 안녕하세요?\" 한스는 이런 교양 있는 사람들과 사귀는 것이 처음이기 때문에 몹시 긴장했습니다. 그러나 분케프로드 부인이 매우 친절하게 대해 주어서 한스의 긴장감은 단숨에 풀어졌습니다. \"어서 오너라, 한스. 네가 늘 혼자 지내는 것 같아서 이렇게 불렀단다.\" \"감사합니다.\" \"자, 우선 서재부터 구경해 보지 않을래?\" 분케프로드 부인을 따라 서재에 들어선 한스는 자기도 모르게 그만 입이 딱 벌어지고 말았습니다.",
      "srcPage": 13,
      "srcSentenceEA": 17,
      "srcWordEA": 194,
      "character": "배우,아버지,어머니,분케프로드 부인,대본",
      "setting": "이웃집,밖,집 안,극장,서재",
      "action": "돌아가신 뒤,얻어다가,빨래를 해 주거나,나가면,읽는 일로,얻어 볼 수 있었던,돌아온,초대하시더구나,차려입고,방문했습니다,오너라,불렀단다,구경해,들어선",
      "feeling": "즐거웠습니다,외롭게",
      "causalRelationship": null,
      "outcomeResolution": null,
      "prediction": null,
      "plotSummaryInfoCount": 1,
      "plotSummaryInfo": {
        "classification": "의사소통",
        "readAge": "초등_고학년",
        "form": "long-form",
        "plotSummaryText": "아버지가 돌아가신 후 어머니는 생계를 위해 이웃집 빨래와 집안일을 하느라 밖에 나갔고, 한스는 하루 종일 집에서 대본 읽기를 즐겼는데 이는 아버지가 와 자주 가던 극장의 연극 공연 담당자가 주었던 대본이었고, 어느 날 일을 마치고 집에 온 어머니는 분케프로드 부인의 초대를 받았다고 전했고 집에만 있어 외로웠던 한스는 말끔히 차려입고 그녀의 집에 방문했는데, 부인은 반갑게 인사하며 친절하게 대해 주어서 한스의 긴장은 단숨에 풀어졌습니다.",
        "textWordEA": 61
      }
    },
    {
      "srcTextID": "133942",
      "srcText": "그러나 결과는 마찬가지로 이번에도 퇴짜였습니다. 맥이 빠져 쓰러질 듯 서 있는 한스에게 왕립 극장의 한 담당자가 위로의 말을 해 주었습니다. \"이봐요, 한스. 너무 실망하지 마세요. 당신이 쓴 희곡엔 재미있는 부분도 있더군요. 공부를 계속하기만 한다면 좋은 글을 쓸 수 있을 거라고 지배인이 말했어요.\" 담당자의 말에 희미한 웃음을 보인 채 한스는 힘없이 그 곳을 빠져 나왔습니다. '언젠가는 하느님이 나를 무대에 서게 해 주실 거야.' 신앙심이 깊었던 한스는 이렇게 기도하며 결코 꿈을 포기하지 않았습니다.",
      "srcPage": 25,
      "srcSentenceEA": 9,
      "srcWordEA": 77,
      "character": "한스,담당자,지배인,하느님,희곡",
      "setting": "왕립 극장,무대",
      "action": "쓰러질 듯 서 있는,말을 해 주었습니다,쓴,빠져 나왔습니다,기도하며",
      "feeling": "실망하지",
      "causalRelationship": null,
      "outcomeResolution": null,
      "prediction": null,
      "plotSummaryInfoCount": 1,
      "plotSummaryInfo": {
        "classification": "의사소통",
        "readAge": "초등_고학년",
        "form": "long-form",
        "plotSummaryText": "결과는 실패였고, 쓰러질 듯 서 있는 한스에게 왕립 극장의 담당자가 위로하며 당신의 희곡에 재미있는 부분이 있었으니, 공부를 계속 이어가 좋은 글을 쓰라며 조언했고, 한스는 담당자의 말에 살짝 웃음을 보인 후 밖으로 나와 하느님에게 기도하며 꿈을 포기하지 않습니다.",
        "textWordEA": 37
      }
    }
  ]
}