{
  "title": "꿀강아지 똥강아지",
  "author": "김은영",
  "illustrator": "최희옥",
  "isbn": "9791128212901",
  "publishedYear": 2018,
  "publisher": "아람북스",
  "paragraphInfoCount": 24,
  "paragraphInfo": [
    {
      "srcTextID": "9618",
      "srcText": "옛날 골이 깊은 두메산골에 늙은 어머니를 모시고 사는 총각이 있었어. 하루는 총각이 꿀을 따서 지고 오는데, 어머니가 한숨을 푹푹 내쉬는 거야. “에이그, 죽기 전에 조기 한 마리만 먹어 봤으면.” ",
      "srcPage": 1,
      "srcSentenceEA": 3,
      "srcWordEA": 30,
      "character": "어머니,총각",
      "setting": "두메산골",
      "action": "살고,내쉬는",
      "feeling": null,
      "causalRelationship": null,
      "outcomeResolution": null,
      "prediction": null,
      "plotSummaryInfoCount": 1,
      "plotSummaryInfo": {
        "classification": "의사소통",
        "readAge": "초등_고학년",
        "form": "short-form",
        "plotSummaryText": "두메산골에서 총각과 살고 있는 어머니가 조기 한마리가 먹고 싶다며 한숨을 내쉬었다.",
        "textWordEA": 11
      }
    },
    {
      "srcTextID": "9630",
      "srcText": "그때 어디선가 나타난 강아지 한 마리가 총각의 신발을 할짝할짝 핥아 댔어. 총각은 집에 두고 온 누렁이가 떠올랐지. “배가 고픈 모양이구먼. 옛다 이거라도 먹어라.” 총각은 주섬주섬 먹을 것을 꺼내서 강아지에게 주었어.",
      "srcPage": 14,
      "srcSentenceEA": 5,
      "srcWordEA": 33,
      "character": "총각,강아지,누렁이",
      "setting": null,
      "action": "먹을,꺼내,떠올랐지,두고,주었어",
      "feeling": null,
      "causalRelationship": null,
      "outcomeResolution": null,
      "prediction": null,
      "plotSummaryInfoCount": 1,
      "plotSummaryInfo": {
        "classification": "의사소통",
        "readAge": "초등_고학년",
        "form": "long-form",
        "plotSummaryText": "총각은 신발을 핥아 대는 강아지를 보며 두고 온 누렁이가 떠올라 먹을 것을 꺼내 주었다.",
        "textWordEA": 14
      }
    },
    {
      "srcTextID": "9633",
      "srcText": "얼마 후 강아지는 찍, 찍, 물찌똥을 싸는가 싶더니 몽글몽글 꿀 똥을 싸기 시작했어. 색깔도 냄새도 제법 꿀처럼 보였지. “맞구먼, 이 강아지로 사내를 혼내 줘야겠구먼!”",
      "srcPage": 16,
      "srcSentenceEA": 3,
      "srcWordEA": 25,
      "character": "강아지,사내,꿀,똥",
      "setting": null,
      "action": "싸기,보였지",
      "feeling": null,
      "causalRelationship": null,
      "outcomeResolution": null,
      "prediction": null,
      "plotSummaryInfoCount": 1,
      "plotSummaryInfo": {
        "classification": "의사소통",
        "readAge": "초등_고학년",
        "form": "short-form",
        "plotSummaryText": "얼마 후 강아지가 색깔도 냄새도 꿀처럼 보이는 꿀 똥을 싸자 강아지로 사내를 혼내 줘야겠다고 생각헀다.",
        "textWordEA": 15
      }
    },
    {
      "srcTextID": "9638",
      "srcText": "“꿀 똥 싸는 꿀강아지구먼유.” 총각이 강아지 궁둥이를 툭툭 치자, 몽글몽글 꿀이 흘러나오는 거야. “고놈, 참 신기하네. 한 냥 줄 테니 팔게.”",
      "srcPage": 18,
      "srcSentenceEA": 4,
      "srcWordEA": 23,
      "character": "총각,꿀,똥,강아지",
      "setting": null,
      "action": "치자,흘러나오는,싸는,팔게",
      "feeling": null,
      "causalRelationship": null,
      "outcomeResolution": null,
      "prediction": null,
      "plotSummaryInfoCount": 1,
      "plotSummaryInfo": {
        "classification": "의사소통",
        "readAge": "초등_고학년",
        "form": "long-form",
        "plotSummaryText": "총각이 강아지 궁둥이를 툭툭 쳐 몽글몽글 꿀이 흘러나오자 사내가 한 냥 줄테니 팔라고 말했다.",
        "textWordEA": 14
      }
    },
    {
      "srcTextID": "9636",
      "srcText": "‘뭐? 꿀을 먹이기만 한다면? 내가 잘못 들었나? 아, 잘 먹이기만 한다면! 그야 자신 있지!’",
      "srcPage": 21,
      "srcSentenceEA": 4,
      "srcWordEA": 18,
      "character": "꿀",
      "setting": null,
      "action": "먹이기,자신 있지",
      "feeling": null,
      "causalRelationship": null,
      "outcomeResolution": null,
      "prediction": null,
      "plotSummaryInfoCount": 1,
      "plotSummaryInfo": {
        "classification": "의사소통",
        "readAge": "초등_고학년",
        "form": "long-form",
        "plotSummaryText": "꿀이 아니라 잘 먹이기는 자신 있다.",
        "textWordEA": 6
      }
    },
    {
      "srcTextID": "9623",
      "srcText": "그러면서 총각에게 속삭였지. “꿀을 판다고? 아이고, 이 사람 큰일 낼 사람이구먼.” “왜유?” “여보게, 요즘 꿀을 팔면 큰일 난다네!”",
      "srcPage": 5,
      "srcSentenceEA": 4,
      "srcWordEA": 19,
      "character": "총각,꿀",
      "setting": null,
      "action": "판다고,속삭였지,팔면",
      "feeling": null,
      "causalRelationship": null,
      "outcomeResolution": null,
      "prediction": null,
      "plotSummaryInfoCount": 1,
      "plotSummaryInfo": {
        "classification": "의사소통",
        "readAge": "초등_고학년",
        "form": "long-form",
        "plotSummaryText": "요즘 꿀을 팔면 큰일 난다고 총각에게 속삭였다.",
        "textWordEA": 7
      }
    },
    {
      "srcTextID": "9626",
      "srcText": "총각은 코끝이 시큰시큰, 눈물이 핑 돌았어. “어쩐대유, 이 꿀 못 팔면 큰일 나유! 울 엄니 조기 사다 드려야 한단 말이여유!”",
      "srcPage": 7,
      "srcSentenceEA": 3,
      "srcWordEA": 21,
      "character": "총각,꿀,조기,엄니,코",
      "setting": null,
      "action": "돌았어,팔면,사다",
      "feeling": null,
      "causalRelationship": null,
      "outcomeResolution": null,
      "prediction": null,
      "plotSummaryInfoCount": 1,
      "plotSummaryInfo": {
        "classification": "의사소통",
        "readAge": "초등_고학년",
        "form": "short-form",
        "plotSummaryText": "어머니께 조기를 사다 드려야 하는 총각은 꿀을 못 팔 생각에 눈물이 핑 돌았다.",
        "textWordEA": 13
      }
    },
    {
      "srcTextID": "9625",
      "srcText": "사내는 한참을 곰곰이 생각하는 듯하더니, “좋네. 그럼 내가 그 꿀을 사겠네. 대신 많이는 못 쳐주고 한 냥, 한 냥 쳐줌세!” 총각은 눈물을 훔치며 꿀 항아리를 내밀었어.",
      "srcPage": 8,
      "srcSentenceEA": 4,
      "srcWordEA": 29,
      "character": "총각,사내,꿀,꿀항아리",
      "setting": null,
      "action": "사겠네,내밀었어",
      "feeling": null,
      "causalRelationship": null,
      "outcomeResolution": null,
      "prediction": null,
      "plotSummaryInfoCount": 1,
      "plotSummaryInfo": {
        "classification": "의사소통",
        "readAge": "초등_고학년",
        "form": "long-form",
        "plotSummaryText": "한 냥에 꿀을 사겠다는 사내의 말에 총각은 눈물을 훔치며 꿀 항아리를 내밀었다.",
        "textWordEA": 12
      }
    },
    {
      "srcTextID": "9628",
      "srcText": "총각은 한 냥을 손에 꼭 쥐고 물어물어 장에 도착했어. “조기요, 싱싱한 조기 사세요!” 총각은 냅다 달려가서 한 냥을 쑥 내밀었어. “조기 한 마리 주셔유.”",
      "srcPage": 10,
      "srcSentenceEA": 4,
      "srcWordEA": 25,
      "character": "총각,조기",
      "setting": "장",
      "action": "사세요,쥐고,도착했어,주셔유,내밀었어",
      "feeling": null,
      "causalRelationship": null,
      "outcomeResolution": null,
      "prediction": null,
      "plotSummaryInfoCount": 1,
      "plotSummaryInfo": {
        "classification": "의사소통",
        "readAge": "초등_고학년",
        "form": "long-form",
        "plotSummaryText": "장에 도착한 총각은 한 냥을 내밀며 조기 한 마리 달라고 말했다.",
        "textWordEA": 11
      }
    },
    {
      "srcTextID": "9617",
      "srcText": "“엄니, 조금만 기다리세유. 지가 이 꿀 팔아서 조기 한 마리 꼭 사올게유.” 총각은 구불구불 산길을 따라 마을로 내려갔어. ",
      "srcPage": 2,
      "srcSentenceEA": 3,
      "srcWordEA": 20,
      "character": "꿀,총각,마을,조기",
      "setting": null,
      "action": "팔아서,내려갔어",
      "feeling": null,
      "causalRelationship": null,
      "outcomeResolution": null,
      "prediction": null,
      "plotSummaryInfoCount": 1,
      "plotSummaryInfo": {
        "classification": "의사소통",
        "readAge": "초등_고학년",
        "form": "short-form",
        "plotSummaryText": "꿀 팔아서 조기 한 마리 꼭 사오겠다며 총각은 산길을 따라 마을로 내려갔다.",
        "textWordEA": 12
      }
    },
    {
      "srcTextID": "9619",
      "srcText": "산 아래 큰 마을에는 비단옷 입은 사람들과 어여쁜 색시들이 많았어. 총각은 입을 헤 벌리고는 두리번두리번 구경을 했지. “아이고, 참말로 좋구먼. 이곳이 바로 별천지로구먼.”",
      "srcPage": 3,
      "srcSentenceEA": 4,
      "srcWordEA": 25,
      "character": "총각,입",
      "setting": "마을",
      "action": "벌리고는,했지",
      "feeling": null,
      "causalRelationship": null,
      "outcomeResolution": null,
      "prediction": null,
      "plotSummaryInfoCount": 1,
      "plotSummaryInfo": {
        "classification": "의사소통",
        "readAge": "초등_고학년",
        "form": "long-form",
        "plotSummaryText": "마을에서 총각은 입을 벌리고 두리번거리며 구경을 했다.",
        "textWordEA": 7
      }
    },
    {
      "srcTextID": "9624",
      "srcText": "“한 냥이면 조기 한 마리 살 수 있지유?” “그, 그럼, 그렇지. 얼마든지 살 수 있지.” 그러면서 사내는 휭하니 가 버리는 거야.",
      "srcPage": 9,
      "srcSentenceEA": 4,
      "srcWordEA": 23,
      "character": "사내,조기",
      "setting": null,
      "action": "살,가",
      "feeling": null,
      "causalRelationship": null,
      "outcomeResolution": null,
      "prediction": null,
      "plotSummaryInfoCount": 1,
      "plotSummaryInfo": {
        "classification": "의사소통",
        "readAge": "초등_고학년",
        "form": "long-form",
        "plotSummaryText": "힌 냥에 조기 한 마리를 살 수 있냐고 묻자 사내는 살 수 있다고 말하며 휭하니 가 버렸다.",
        "textWordEA": 17
      }
    },
    {
      "srcTextID": "9627",
      "srcText": "그러자 조기 장수는 매섭게 쏘아붙였어. “세상에 한 냥짜리 조기가 어디 있나? 요 작은 놈도 닷 냥은 받아야 하는디.” 총각은 온몸에 기운이 쑥 빠지는 듯했어. “뭐, 뭐라구유? 조기 한 마리에 한 냥 아닌감유?”",
      "srcPage": 11,
      "srcSentenceEA": 6,
      "srcWordEA": 35,
      "character": "총각,조기,한 냥,닷 냥",
      "setting": null,
      "action": "빠지는,받아야",
      "feeling": null,
      "causalRelationship": null,
      "outcomeResolution": null,
      "prediction": null,
      "plotSummaryInfoCount": 1,
      "plotSummaryInfo": {
        "classification": "의사소통",
        "readAge": "초등_고학년",
        "form": "long-form",
        "plotSummaryText": "한 냥짜리 조기는 없고 작은 놈도 닷 냥은 받아야 한다는 조기 장수의 말에 총각은 기운이 쏙 빠지는 듯했다.",
        "textWordEA": 18
      }
    },
    {
      "srcTextID": "9631",
      "srcText": "기운이 쫙 빠진 총각이 비척비척 걸어가는데, 꿀 장수가 보였어. “저거 뭐여? 꿀 장수 아니여?” 총각은 꿀 장수를 붙잡고 사내에게 들은 이야기를 물어보았어.",
      "srcPage": 12,
      "srcSentenceEA": 4,
      "srcWordEA": 24,
      "character": "총각",
      "setting": null,
      "action": "걸어가는데,보였어,물어보았어,들은",
      "feeling": null,
      "causalRelationship": null,
      "outcomeResolution": null,
      "prediction": null,
      "plotSummaryInfoCount": 1,
      "plotSummaryInfo": {
        "classification": "의사소통",
        "readAge": "초등_고학년",
        "form": "long-form",
        "plotSummaryText": "기운이 쫙 빠져 걷다가 꿀 장수를 본 총각은 사내에게 들은 이야기를 물어보았다.",
        "textWordEA": 12
      }
    },
    {
      "srcTextID": "9620",
      "srcText": "“아이고, 내가 뭘 하고 있는 겨. 어서 꿀 팔아 우리 엄니 조기 사다 드려야지.” 그때 한 사내가 다가와서는 총각을 힐끔힐끔, 꿀단지를 흘끔흘끔 쳐다봤어.",
      "srcPage": 4,
      "srcSentenceEA": 3,
      "srcWordEA": 25,
      "character": "꿀,총각,사내,꿀단지",
      "setting": null,
      "action": "팔아,사다,쳐다봤어",
      "feeling": null,
      "causalRelationship": null,
      "outcomeResolution": null,
      "prediction": null,
      "plotSummaryInfoCount": 1,
      "plotSummaryInfo": {
        "classification": "의사소통",
        "readAge": "초등_고학년",
        "form": "short-form",
        "plotSummaryText": "어머니께 꿀 팔아 조기를 사다 드릴 생각을 하고 있는데, 한 사내가 다가와 총각과 꿀단지를 쳐다봤다.",
        "textWordEA": 15
      }
    },
    {
      "srcTextID": "9622",
      "srcText": "“그리유? 그런디 왜유?” “아, 글쎄. 얼마 전에 어떤 양반이 꿀 한 숟가락을 퍼먹고는 간질간질 부스럼이 돋았지 뭔가? 하루가 지나니 가족들도 간질간질, 이틀이 지나니 하인들도 간질간질, 사흘이 지나니 온 마을 사람들이 모두 간질간질 부스럼 병에 걸렸다네.” “그리유? 그런디 왜유?” “이런 답답한 사람을 봤나. 그게 모두 꿀 때문이라고 하지 않았는가? 관가에서 꿀을 사지도 팔지도 말라고 방을 붙였단 말일세.”",
      "srcPage": 6,
      "srcSentenceEA": 8,
      "srcWordEA": 62,
      "character": "양반,꿀,부스럼,병,관가",
      "setting": null,
      "action": "걸렸다네,사지도,팔지도,말라고,붙였단",
      "feeling": null,
      "causalRelationship": null,
      "outcomeResolution": null,
      "prediction": null,
      "plotSummaryInfoCount": 1,
      "plotSummaryInfo": {
        "classification": "의사소통",
        "readAge": "초등_고학년",
        "form": "long-form",
        "plotSummaryText": "어떤 양반이 꿀을 먹고 부스럼 병이 걸려 관가에서 꿀을 사지도 팔지도 말라고 방을 붙였다.",
        "textWordEA": 14
      }
    },
    {
      "srcTextID": "9629",
      "srcText": "“아니, 그 무슨 해괴망측한 소리인가? 쯧쯧, 웬 놈에게 속았구먼.” 총각은 배배 속이 꼬이고, 울컥 울화가 치밀어 참을 수가 없었어.",
      "srcPage": 13,
      "srcSentenceEA": 3,
      "srcWordEA": 21,
      "character": "총각",
      "setting": null,
      "action": "속았구먼,치밀어,참을",
      "feeling": null,
      "causalRelationship": null,
      "outcomeResolution": null,
      "prediction": null,
      "plotSummaryInfoCount": 1,
      "plotSummaryInfo": {
        "classification": "의사소통",
        "readAge": "초등_고학년",
        "form": "short-form",
        "plotSummaryText": "웬 놈에게 속았다는 소리에 총각은 울컥 울화가 치밀어 참을 수가 없었다.",
        "textWordEA": 11
      }
    },
    {
      "srcTextID": "9632",
      "srcText": "“거참, 희한한 강아지네. 먹은 것을 그대로 싸는구먼. 옳거니!” 총각은 좋은 수가 떠올랐어. 그래서 곧장 강아지를 집으로 데리고 가 남겨 둔 꿀 한 단지를 모두 먹였어.",
      "srcPage": 15,
      "srcSentenceEA": 5,
      "srcWordEA": 29,
      "character": "총각,강아지,꿀",
      "setting": null,
      "action": "먹은,싸는,데리고,먹였어",
      "feeling": null,
      "causalRelationship": null,
      "outcomeResolution": null,
      "prediction": null,
      "plotSummaryInfoCount": 1,
      "plotSummaryInfo": {
        "classification": "의사소통",
        "readAge": "초등_고학년",
        "form": "long-form",
        "plotSummaryText": "먹은 것을 그대로 싸는 강아지를 보며 좋은 수를 떠올린 총각은 남겨 둔 꿀 한 단지를 모두 먹였다.",
        "textWordEA": 17
      }
    },
    {
      "srcTextID": "9635",
      "srcText": "다음 날 총각은 강아지를 번쩍 들어 안고는 자기를 속인 사내를 찾아 나섰어. 온 마을을 뒤지고 다니다가 지친 총각이 주막에서 물을 얻어 마시다가 사내를 발견했어. 꼼짝없이 잡힌 사내는 변명을 늘어놨지. “오늘 아침에 꿀을 팔아도 된다는 방이 붙었지 뭔가? 그런데 그 강아지는 뭔가?”",
      "srcPage": 17,
      "srcSentenceEA": 5,
      "srcWordEA": 44,
      "character": "사내,총각,강아지,주막,물",
      "setting": null,
      "action": "잡힌,늘어놨지,붙었지",
      "feeling": null,
      "causalRelationship": null,
      "outcomeResolution": null,
      "prediction": null,
      "plotSummaryInfoCount": 1,
      "plotSummaryInfo": {
        "classification": "의사소통",
        "readAge": "초등_고학년",
        "form": "long-form",
        "plotSummaryText": "다음 날 마을에서 꼼짝없이 잡힌 사내는 오늘 아침 꿀을 팔아도 된다는 방이 붙었다고 변명을 늘아놓았다. ",
        "textWordEA": 15
      }
    },
    {
      "srcTextID": "9639",
      "srcText": "“안 돼유! 이 강아지는 절대 안 돼유.” 한참을 그렇게 실랑이를 벌이다가 “그럼, 지금 가진 거 모두 줄 테니 팔게!” 하며 사내가 돈주머니를 내밀었어. 총각은 그제야 꿀강아지를 주었지.",
      "srcPage": 19,
      "srcSentenceEA": 6,
      "srcWordEA": 31,
      "character": "강아지,사내,돈주머니,총각",
      "setting": null,
      "action": "팔게,줄테니,내밀었어,주었지",
      "feeling": null,
      "causalRelationship": null,
      "outcomeResolution": null,
      "prediction": null,
      "plotSummaryInfoCount": 1,
      "plotSummaryInfo": {
        "classification": "의사소통",
        "readAge": "초등_고학년",
        "form": "long-form",
        "plotSummaryText": "지금 가진 거 모두 줄 테니 강아지를 팔라며 사내가 돈주머니를 내밀었고 총각은 그제야 꿀강아지를 주었다.",
        "textWordEA": 15
      }
    },
    {
      "srcTextID": "9637",
      "srcText": "“근데, 이 강아지가 꿀강아지임이 틀림없지?” “그럼유. 꿀을 먹이기만 한다면유.” 총각은 두둑한 돈주머니를 받아 들고 휭하니 가 버렸어.",
      "srcPage": 20,
      "srcSentenceEA": 3,
      "srcWordEA": 19,
      "character": "총각,꿀,강아지,돈주머니",
      "setting": null,
      "action": "받아,들고,가,먹이기만",
      "feeling": null,
      "causalRelationship": null,
      "outcomeResolution": null,
      "prediction": null,
      "plotSummaryInfoCount": 1,
      "plotSummaryInfo": {
        "classification": "의사소통",
        "readAge": "초등_고학년",
        "form": "short-form",
        "plotSummaryText": "사내에게 꿀을 먹이기만 하면 꿀 강아지임이 틀림없다고 말하고 총각은 두둑한 돈주머니를 받아 들고 휭하니 가 버렸다.",
        "textWordEA": 16
      }
    },
    {
      "srcTextID": "9640",
      "srcText": "뿌지지지직! 뿌지직! 뿌지직! 사내는 꿀강아지에게 고기며 과일이며 온갖 음식을 먹였어. 반나절이 지나자 뽀오옹, “아이코, 귀한 방귀!” 한나절이 지나자 뿡뿡뿡, “아이코, 거름 똥 말고 귀한 꿀 똥 빨리빨리 누시게.” 사내는 금 단지를 꺼내 강아지의 꽁무니에 댔어. 그런데 된똥만 잔뜩 싸는 거야.",
      "srcPage": 22,
      "srcSentenceEA": 9,
      "srcWordEA": 47,
      "character": "사내,꿀강아지,고기,과일,단지,된똥",
      "setting": null,
      "action": "싸는,먹였어,누시게",
      "feeling": null,
      "causalRelationship": null,
      "outcomeResolution": null,
      "prediction": null,
      "plotSummaryInfoCount": 1,
      "plotSummaryInfo": {
        "classification": "의사소통",
        "readAge": "초등_고학년",
        "form": "long-form",
        "plotSummaryText": "사내는 꿀강아지에게 고기며 과일이며 온갖 음식을 먹였는데 한나절이 지나자 된똥만 잔뜩 쌌다.",
        "textWordEA": 12
      }
    },
    {
      "srcTextID": "9641",
      "srcText": " “이런 고얀 놈. 똥강아지를 팔다니!” 화가 난 사내는 강아지를 끌고 총각을 찾아 나섰어. 그런데 이름도 모르고 집도 모르는 총각을 어찌 찾겠어.",
      "srcPage": 23,
      "srcSentenceEA": 4,
      "srcWordEA": 24,
      "character": "총각,사내,이름,집,강아지",
      "setting": null,
      "action": "모르는,찾아",
      "feeling": null,
      "causalRelationship": null,
      "outcomeResolution": null,
      "prediction": null,
      "plotSummaryInfoCount": 1,
      "plotSummaryInfo": {
        "classification": "의사소통",
        "readAge": "초등_고학년",
        "form": "long-form",
        "plotSummaryText": "화가 난 사내는 총각을 찾아 나섰는데 이름도 모르고 집도 모르는 총각을 찾을 수 없었다.",
        "textWordEA": 14
      }
    },
    {
      "srcTextID": "9642",
      "srcText": "게다가 강아지는 계속 찍찍 물찌똥을 싸 대는 거야. “어이쿠, 촌놈이라고 얕봤다가 된통 당했네!” 사내는 그만 길을 잃고 산속을 헤매다가 간신히 집으로 돌아갔어. 참, 사내에게서 받은 돈으로 조기를 산 총각은 어머니와 함께 맛난 저녁을 먹었단다. ",
      "srcPage": 24,
      "srcSentenceEA": 4,
      "srcWordEA": 36,
      "character": "사내,집,돈,조기,총각,어머니,저녁",
      "setting": null,
      "action": "먹었단다,돌아갔어,받은,산,얕봤다가",
      "feeling": null,
      "causalRelationship": null,
      "outcomeResolution": null,
      "prediction": null,
      "plotSummaryInfoCount": 1,
      "plotSummaryInfo": {
        "classification": "의사소통",
        "readAge": "초등_고학년",
        "form": "long-form",
        "plotSummaryText": "촌놈이라고 얕봤다가 된통 당한 사내는 간신히 집으로 갔고, 사내에게서 받은 돈으로 조기를 산 총각은 어머니와 함께 맛난 저녁을 먹었다.",
        "textWordEA": 19
      }
    }
  ]
}