{
  "title": "초록 강 꼬마 비버",
  "author": "이원경",
  "illustrator": "양혜원",
  "isbn": "9788961911849",
  "publishedYear": 2008,
  "publisher": "한얼교육",
  "paragraphInfoCount": 16,
  "paragraphInfo": [
    {
      "srcTextID": "125445",
      "srcText": "얼마 되지 않아 초록 강은 사람들이 버린 쓰레기로 더러워졌어요. “이건 뭐지? 예쁘게 생겼네.”",
      "srcPage": 3,
      "srcSentenceEA": 3,
      "srcWordEA": 14,
      "character": "쓰레기",
      "setting": "초록 강",
      "action": null,
      "feeling": "이건 뭐지? 예쁘게 생겼네.",
      "causalRelationship": null,
      "outcomeResolution": "얼마 되지 않아 초록 강은 사람들이 버린 쓰레기로 더러워졌어요.",
      "prediction": null,
      "plotSummaryInfoCount": 1,
      "plotSummaryInfo": {
        "classification": "의사소통",
        "readAge": "초등_고학년",
        "form": "short-form",
        "plotSummaryText": "얼마 되지 않아 사람들이 버린 쓰레기로 인해 초록 강이 더러워졌습니다.",
        "textWordEA": 10
      }
    },
    {
      "srcTextID": "125444",
      "srcText": "“앗! 유리 조각은 조심해야 해. 아빠가 유리 조각에 베어서 피가 났었어.” “잉잉, 이건 또 뭘까? 꼬리에 감겨 헤엄을 못 치겠어.”",
      "srcPage": 4,
      "srcSentenceEA": 4,
      "srcWordEA": 23,
      "character": "유리 조각,아빠",
      "setting": null,
      "action": "유리 조각에 베어서,잉잉",
      "feeling": "조심해야 해",
      "causalRelationship": "아빠가 유리 조각에 베어서 피가 났었어.",
      "outcomeResolution": null,
      "prediction": null,
      "plotSummaryInfoCount": 1,
      "plotSummaryInfo": {
        "classification": "의사소통",
        "readAge": "초등_고학년",
        "form": "long-form",
        "plotSummaryText": "아빠가 유리 조각에 베어서 피가 났고, 뭔가 꼬리에 감겨 헤엄을 칠 수 없었습니다.",
        "textWordEA": 13
      }
    },
    {
      "srcTextID": "125449",
      "srcText": "“꼬비 좀 봐. 너무 지저분해.” “고약한 냄새까지 난다니까.” 친구들은 꼬비가 이상해졌다며 수군거렸어요. 꼬마 비버들이 이빨로 나무를 갉아 튼튼한 집을 만드는 연습을 하는 동안 꼬비는 쓰레기만 갖고 놀았어요.",
      "srcPage": 8,
      "srcSentenceEA": 5,
      "srcWordEA": 30,
      "character": "꼬비",
      "setting": "튼튼한 집",
      "action": "수군거렸어요,나무를 갉아,튼튼한 집을 만드는,쓰레기만 갖고 놀았어요",
      "feeling": null,
      "causalRelationship": null,
      "outcomeResolution": null,
      "prediction": null,
      "plotSummaryInfoCount": 1,
      "plotSummaryInfo": {
        "classification": "의사소통",
        "readAge": "초등_고학년",
        "form": "long-form",
        "plotSummaryText": "친구들은 꼬비가 너무 지저분하고 고약한 냄새까지 난다고 수군거렸고, 꼬비는 쓰레기만 갖고 놀았습니다.",
        "textWordEA": 12
      }
    },
    {
      "srcTextID": "125450",
      "srcText": "몇 주 동안 어른 비버들은 열심히 이사 갈 준비를 했어요. 그러던 어느 날, 비버들은 뭔가 이상한 생각이 들었어요. “어라? 쓰레기가 줄어들었어!” “맞아, 초록 강이 깨끗해졌어!” 그렇다고 해서 비버들이 이사 갈 생각을 그만둔 건 아니었어요.",
      "srcPage": 9,
      "srcSentenceEA": 5,
      "srcWordEA": 37,
      "character": "어른 비버,비버들,쓰레기",
      "setting": "몇 주,어느 날,초록 강",
      "action": "이사 갈 준비를 했어요",
      "feeling": "어라? 쓰레기가 줄어들었어!,이사 갈 생각을 그만둔 건",
      "causalRelationship": null,
      "outcomeResolution": null,
      "prediction": null,
      "plotSummaryInfoCount": 1,
      "plotSummaryInfo": {
        "classification": "의사소통",
        "readAge": "초등_고학년",
        "form": "long-form",
        "plotSummaryText": "어른 비버들이 몇 주 동안 이사 갈 준비를 하던 어느 날, 비버들은 초록 강에 쓰레기가 줄어들어 깨끗해졌다고 말했습니다.",
        "textWordEA": 18
      }
    },
    {
      "srcTextID": "125456",
      "srcText": "뚝딱뚝딱! 쿵쾅쿵쾅! 꼬마 비버들이 쓰레기로 멋진 놀이터를 만들었네요. “이건 빙글 뱅글 그네.” “이건 통통 쭈룩 미끄럼틀.” “이건 반짝 대롱 철봉.” “이건 찰랑 딩동 악기.”",
      "srcPage": 15,
      "srcSentenceEA": 6,
      "srcWordEA": 26,
      "character": "쓰레기,미끄럼틀,철봉,악기,그네,꼬마 비버들",
      "setting": "놀이터",
      "action": "만들었네요,뚝딱뚝딱,쿵쾅쿵쾅",
      "feeling": null,
      "causalRelationship": null,
      "outcomeResolution": null,
      "prediction": null,
      "plotSummaryInfoCount": 1,
      "plotSummaryInfo": {
        "classification": "의사소통",
        "readAge": "초등_고학년",
        "form": "long-form",
        "plotSummaryText": "그네, 미끄럼틀, 악기 등, 꼬마 비버들이 쓰레기로 멋진 놀이터를 만들었습니다.",
        "textWordEA": 10
      }
    },
    {
      "srcTextID": "125442",
      "srcText": "반짝이는 햇살과 푸른 물결, 상쾌한 공기. 여기는 비버들이 사는 초록 강이에요. 강가에는 비버들의 집을 지을 나무들도 있고, 맛있는 먹이도 많이 있지요.",
      "srcPage": 1,
      "srcSentenceEA": 3,
      "srcWordEA": 23,
      "character": "비버,집을 지을 나무,먹이",
      "setting": "비버들이 사는 초록 강",
      "action": null,
      "feeling": null,
      "causalRelationship": null,
      "outcomeResolution": null,
      "prediction": null,
      "plotSummaryInfoCount": 1,
      "plotSummaryInfo": {
        "classification": "의사소통",
        "readAge": "초등_고학년",
        "form": "short-form",
        "plotSummaryText": "비버들은 사는 초록강의 강가에는 집을 지을 나무들과 맛있는 먹이가 많이 있습니다.",
        "textWordEA": 11
      }
    },
    {
      "srcTextID": "125453",
      "srcText": "“이렇게 쓰레기를 모아서 뭘 하려고?” “쓰레기를 치우면 초록 강도 살릴 수 있고, 더 멋진 일도 할 수 있다는 걸 보여 줄 거야.” 친구들은 꼬비의 생각에 감동했어요. “우리도 도울게!”",
      "srcPage": 13,
      "srcSentenceEA": 4,
      "srcWordEA": 29,
      "character": "쓰레기,초록 강",
      "setting": null,
      "action": "보여 줄,우리도 도울게,치우면",
      "feeling": "감동했어요",
      "causalRelationship": null,
      "outcomeResolution": "쓰레기를 치우면 초록 강도 살릴 수 있고, 더 멋진 일도 할 수 있다는 걸 보여 줄 거야.",
      "prediction": null,
      "plotSummaryInfoCount": 1,
      "plotSummaryInfo": {
        "classification": "의사소통",
        "readAge": "초등_고학년",
        "form": "long-form",
        "plotSummaryText": "꼬비가 쓰레기를 치우면 초록 강도 살릴 수 있고 더 멋진 일도 할 수 있다는 걸 보여 줄 거라고 말하자, 친구들은 그의 생각에 감동했습니다.",
        "textWordEA": 23
      }
    },
    {
      "srcTextID": "125447",
      "srcText": "더 이상은 안 되겠다 싶어 비버들은 회의를 열었어요. “물속까지 쓰레기투성이예요.” “쓰레기를 치우든지, 이사를 가든지 합시다!”",
      "srcPage": 5,
      "srcSentenceEA": 3,
      "srcWordEA": 15,
      "character": "비버,쓰레기",
      "setting": "물속",
      "action": "이사를 가든,회의를 열었어요",
      "feeling": "쓰레기를 치우든지,이사를 가든지 합시다!",
      "causalRelationship": null,
      "outcomeResolution": null,
      "prediction": null,
      "plotSummaryInfoCount": 1,
      "plotSummaryInfo": {
        "classification": "의사소통",
        "readAge": "초등_고학년",
        "form": "short-form",
        "plotSummaryText": "비버들은 회의를 열었는데, 물속까지 쓰레기투성이니 쓰레기를 치우든지, 이사를 가든지 하자고 말했습니다.",
        "textWordEA": 11
      }
    },
    {
      "srcTextID": "125443",
      "srcText": "꼬마 비버 꼬비는 초록 강을 정말 좋아했어요. 비버들만 초록 강을 좋아하는 건 아니었어요. 사람들도 부릉부릉 자동차를 몰고 와서는 강가에서 음식을 해 먹고, 헤엄을 치고, 그물을 던져 물고기를 잡았지요.",
      "srcPage": 2,
      "srcSentenceEA": 3,
      "srcWordEA": 30,
      "character": "꼬마 비버 꼬비,부릉부릉 자동차",
      "setting": "초록 강",
      "action": "그물을 던져 물고기를 잡았지요,헤엄을 치고,몰고 와서는,음식을 해 먹고",
      "feeling": null,
      "causalRelationship": null,
      "outcomeResolution": null,
      "prediction": null,
      "plotSummaryInfoCount": 1,
      "plotSummaryInfo": {
        "classification": "의사소통",
        "readAge": "초등_고학년",
        "form": "short-form",
        "plotSummaryText": "꼬마 비버 꼬비는 초록 강을 정말 좋아했는데, 자동차를 몰고 온 사람들이 강가에서 음식을 해 먹고, 헤엄을 치고, 그물을 던져 물고기를 잡았습니다.",
        "textWordEA": 21
      }
    },
    {
      "srcTextID": "125448",
      "srcText": "다음 날, 꼬비는 아침 일찍 일어나 강가로 갔어요. 그러고는 쓰레기를 모아 어디론가 가져갔지요. 해님이 머리 위에 떠 있는 한낮에도, 올빼미가 훨훨 날아다니는 늦은 밤에도 끄응 끄응, 영차 어영차!",
      "srcPage": 7,
      "srcSentenceEA": 3,
      "srcWordEA": 30,
      "character": "올빼미,꼬비,해님이",
      "setting": "다음 날,꼬비는 아침 일찍 일어나 강가로",
      "action": "갔어요,어디론가 가져갔지요,머리 위에 떠 있는,훨훨 날아다니는",
      "feeling": null,
      "causalRelationship": null,
      "outcomeResolution": null,
      "prediction": null,
      "plotSummaryInfoCount": 1,
      "plotSummaryInfo": {
        "classification": "의사소통",
        "readAge": "초등_고학년",
        "form": "short-form",
        "plotSummaryText": "다음 날, 아침 일찍 일어난 꼬비가 강가로 가서 쓰레기를 모아 어디론가 가져갔습니다.",
        "textWordEA": 12
      }
    },
    {
      "srcTextID": "125452",
      "srcText": "살금살금, 찰바당찰바당. 조심조심, 찰바당찰바당. 꼬비는 초록 강 어귀에 닿자 쓰레기를 가지고 풀숲으로 들어갔어요.",
      "srcPage": 11,
      "srcSentenceEA": 3,
      "srcWordEA": 15,
      "character": "꼬비,쓰레기",
      "setting": "초록 강,풀숲",
      "action": "풀숲으로 들어갔어요,살금살금,찰바당찰바당,조심조심",
      "feeling": null,
      "causalRelationship": null,
      "outcomeResolution": null,
      "prediction": null,
      "plotSummaryInfoCount": 1,
      "plotSummaryInfo": {
        "classification": "의사소통",
        "readAge": "초등_고학년",
        "form": "short-form",
        "plotSummaryText": "초록 강어귀에 닿자, 꼬비는 쓰레기를 가지고 풀숲으로 들어갔습니다.",
        "textWordEA": 8
      }
    },
    {
      "srcTextID": "125455",
      "srcText": "꼬비는 친구들에게 자기가 하려는 일이 무엇인지 들려주었어요. 꼬마 비버들은 생각을 모아 더 좋은 계획을 짰고, 힘을 모아 더 많은 쓰레기를 모았지요. 이번에는 어른 비버들도 눈치를 채고, 살금살금, 찰바당찰바당. 조심조심, 찰바당찰바당. 꼬마 비버들을 뒤따라갔어요.",
      "srcPage": 14,
      "srcSentenceEA": 5,
      "srcWordEA": 37,
      "character": "꼬비,어른 비버,쓰레기,꼬마 비버",
      "setting": null,
      "action": "들려주었어요,좋은 계획을 짰고,모았지요,눈치를 채고,살금살금,찰바당찰바당,조심조심,뒤따라갔어요",
      "feeling": null,
      "causalRelationship": null,
      "outcomeResolution": null,
      "prediction": null,
      "plotSummaryInfoCount": 1,
      "plotSummaryInfo": {
        "classification": "의사소통",
        "readAge": "초등_고학년",
        "form": "long-form",
        "plotSummaryText": "꼬비가 하려는 일이 무엇인지 친구들에게 들려주자, 꼬마 비버들은 더 좋은 계획을 짜고 힘을 모았고, 어른 비버들도 눈치를 채고 꼬마 비버들을 뒤따라갔습니다.",
        "textWordEA": 21
      }
    },
    {
      "srcTextID": "125457",
      "srcText": "놀이터를 본 어른 비버들은 몹시 부끄러웠어요. “꼬비야 그리고 얘들아, 너희가 초록 강을 아름답게 바꾸고 우리 생각도 바꿔 주었구나. 고맙다!” 비버들은 다시는 초록 강을 잃지 말자고 다짐했어요. 이렇게 멋진 놀이터가 있는 강은 세상에 하나뿐이거든요!",
      "srcPage": 16,
      "srcSentenceEA": 5,
      "srcWordEA": 36,
      "character": "어른 비버,꼬비,우리,얘들아",
      "setting": "놀이터,초록 강",
      "action": "바꿔 주었구나",
      "feeling": "몹시 부끄러웠어요,고맙다",
      "causalRelationship": null,
      "outcomeResolution": "비버들은 다시는 초록 강을 잃지 말자고 다짐했어요. 이렇게 멋진 놀이터가 있는 강은 세상에 하나뿐이거든요!",
      "prediction": null,
      "plotSummaryInfoCount": 1,
      "plotSummaryInfo": {
        "classification": "의사소통",
        "readAge": "초등_고학년",
        "form": "long-form",
        "plotSummaryText": "어른 비버들이 놀이터를 보고 몹시 부끄러워하면서 초록 강과 자기들의 생각을 바꿔 주어 고맙다고 말했고, 비버들은 다시는 초록 강을 잃지 말자고 다짐했습니다.",
        "textWordEA": 21
      }
    },
    {
      "srcTextID": "125446",
      "srcText": "“쓰레기를 언제 다 치워요? 그냥 이사를 가요.” 꼬비는 생각이 달랐어요. “안 돼요! 초록 강은 우리의 고향이에요!” 하지만 아무도 꼬비의 말에 귀 기울이지 않았어요.",
      "srcPage": 6,
      "srcSentenceEA": 6,
      "srcWordEA": 27,
      "character": "꼬비",
      "setting": "초록 강",
      "action": null,
      "feeling": "안 돼요",
      "causalRelationship": null,
      "outcomeResolution": "쓰레기를 언제 다 치워요? 그냥 이사를 가요, 아무도 꼬비의 말에 귀 기울이지 않았어요.",
      "prediction": null,
      "plotSummaryInfoCount": 1,
      "plotSummaryInfo": {
        "classification": "의사소통",
        "readAge": "초등_고학년",
        "form": "long-form",
        "plotSummaryText": "쓰레기를 언제 다 치우느냐며 그냥 이사하자는 의견에, 꼬비는 초록 강은 우리의 고향이라서 안 된다고 말했지만, 아무도 귀 기울이지 않았습니다.",
        "textWordEA": 19
      }
    },
    {
      "srcTextID": "125451",
      "srcText": "꼬비의 친구들도 초록 강이 점점 깨끗해지는 걸 눈치챘어요. “아마 꼬비가 쓰레기를 가져갔기 때문일 거야. 도대체 뭘 하는 건지 몰래 따라가 보자.”",
      "srcPage": 10,
      "srcSentenceEA": 3,
      "srcWordEA": 22,
      "character": "친구들,쓰레기,꼬비",
      "setting": "초록 강",
      "action": "따라가 보자,눈치챘어요,가져갔기,깨끗해지는 걸",
      "feeling": null,
      "causalRelationship": null,
      "outcomeResolution": null,
      "prediction": null,
      "plotSummaryInfoCount": 1,
      "plotSummaryInfo": {
        "classification": "의사소통",
        "readAge": "초등_고학년",
        "form": "short-form",
        "plotSummaryText": "초록 강이 점점 깨끗해지는 걸 눈치챈 꼬비의 친구들은 꼬비가 쓰레기를 가져갔기 때문일 거라면서, 뭘 하는 건지 몰래 따라가 보자고 말했습니다.",
        "textWordEA": 20
      }
    },
    {
      "srcTextID": "125454",
      "srcText": "풀숲에는 꼬비가 모아 둔 쓰레기가 차곡차곡 쌓여 있었어요. 깨끗이 닦고 말려서 냄새도 나지 않았지요. “꼬비야!” “어? 언제 따라왔지? 헤헤.”",
      "srcPage": 12,
      "srcSentenceEA": 4,
      "srcWordEA": 22,
      "character": "꼬비,쓰레기",
      "setting": "풀숲",
      "action": "차곡차곡 쌓여 있었어요,깨끗이 닦고,말려서,따라왔지",
      "feeling": "헤헤",
      "causalRelationship": null,
      "outcomeResolution": null,
      "prediction": null,
      "plotSummaryInfoCount": 1,
      "plotSummaryInfo": {
        "classification": "의사소통",
        "readAge": "초등_고학년",
        "form": "long-form",
        "plotSummaryText": "풀숲에는 꼬비가 모아 둔 쓰레기가 차곡차곡 쌓여 있었는데, 깨끗이 닦고 말려서 냄새도 나지 않았습니다.",
        "textWordEA": 14
      }
    }
  ]
}