{
  "title": "호랑이 잡은 토끼",
  "author": "정소영",
  "illustrator": "김영숙",
  "isbn": "9791128213335",
  "publishedYear": 2018,
  "publisher": "아람북스",
  "paragraphInfoCount": 17,
  "paragraphInfo": [
    {
      "srcTextID": "13918",
      "srcText": "토끼는 호랑이에게 눈을 꼭 감고 열을 세라고 했어. 그러고는 쿡쿡 웃음을 참으며 “아참, 참새구이를 하려면 불을 피워야 하는데, 제가 얼른 가서 준비할게요.”하고는 풀숲으로 폴짝폴짝 사라졌지. “흐흐흐, 맛있겠다.” 하면서 호랑이는 눈을 꼭 감고 열을 세었어.",
      "srcPage": 8,
      "srcSentenceEA": 6,
      "srcWordEA": 37,
      "character": "호랑이,토끼,눈,참새구이,불",
      "setting": "풀숲",
      "action": "감고,세라고 했어,피워야 하는데,가서,준비할게요,사라졌지",
      "feeling": "웃음을 참으며",
      "causalRelationship": null,
      "outcomeResolution": null,
      "prediction": null,
      "plotSummaryInfoCount": 1,
      "plotSummaryInfo": {
        "classification": "의사소통",
        "readAge": "초등_고학년",
        "form": "long-form",
        "plotSummaryText": "토끼는 호랑이에게 눈을 감고 열을 세라고 하고, 자기는 참새구이를 하려면 불을 피워야 하니 얼른 가서 준비하겠다며 풀숲으로 사라졌습니다.",
        "textWordEA": 18
      }
    },
    {
      "srcTextID": "13924",
      "srcText": "숲속에 하얀 눈이 소복소복 쌓인 어느 날 또, 또, 호랑이가 나타났네! 호랑이가 입을 쩍 벌리려는데, “자, 잠깐, 잠깐만요. 싱싱한 물고기 좀 드실래요?” 토끼의 말에 호랑이는 침을 꿀꺽 삼키려다 꾹 참았어.",
      "srcPage": 11,
      "srcSentenceEA": 5,
      "srcWordEA": 33,
      "character": "눈,호랑이,입,물고기,토끼",
      "setting": "숲속",
      "action": "쌓인,나타났네,벌리려는데,드실래요,삼키려다",
      "feeling": null,
      "causalRelationship": null,
      "outcomeResolution": null,
      "prediction": null,
      "plotSummaryInfoCount": 1,
      "plotSummaryInfo": {
        "classification": "의사소통",
        "readAge": "초등_고학년",
        "form": "long-form",
        "plotSummaryText": "숲속에 눈이 쌓인 어느 날 호랑이가 또 나타나 입을 벌리려 하자, 토끼는 호랑이에게 싱싱한 물고기 좀 드시겠냐고 물었습니다.",
        "textWordEA": 18
      }
    },
    {
      "srcTextID": "13931",
      "srcText": "토끼는 얼음을 쾅쾅 깨서 작은 구멍을 만들고는 “꼬리를 쑤욱 집어넣으면 물고기가 주렁주렁 매달릴 거예요. 전 물고기 담을 그릇을 가져올게요.” 하며 숲으로 *깡충깡충 뛰어갔지.",
      "srcPage": 14,
      "srcSentenceEA": 4,
      "srcWordEA": 25,
      "character": "토끼,얼음,구멍,꼬리,물고기",
      "setting": "숲",
      "action": "깨서,만들고는,집어넣으면,매달릴 거예요,뛰어갔지",
      "feeling": null,
      "causalRelationship": null,
      "outcomeResolution": null,
      "prediction": null,
      "plotSummaryInfoCount": 1,
      "plotSummaryInfo": {
        "classification": "의사소통",
        "readAge": "초등_고학년",
        "form": "long-form",
        "plotSummaryText": "토끼는 얼음을 깨서 구멍을 만들고 꼬리를 집어넣으면 물고기가 매달릴 거라고 하며 숲으로 뛰어갔습니다.",
        "textWordEA": 13
      }
    },
    {
      "srcTextID": "13937",
      "srcText": "저기, 토끼 말고 웃는 이가 또 있네. 사냥꾼이 호랑이 잡으러 왔나 봐. 호랑이야, 큰일 났어! 뭐, 좋은 생각 없니? 자, 잠깐, 잠깐만요!",
      "srcPage": 17,
      "srcSentenceEA": 5,
      "srcWordEA": 26,
      "character": "토끼,사냥꾼,호랑이,웃는 이",
      "setting": null,
      "action": "잡으러 왔나 봐,생각 없니,또 있네",
      "feeling": null,
      "causalRelationship": null,
      "outcomeResolution": null,
      "prediction": null,
      "plotSummaryInfoCount": 1,
      "plotSummaryInfo": {
        "classification": "의사소통",
        "readAge": "초등_고학년",
        "form": "long-form",
        "plotSummaryText": "토끼 말고 웃는 이가 또 있는데 사냥꾼이 호랑이를 잡으러 왔나 봅니다.",
        "textWordEA": 11
      }
    },
    {
      "srcTextID": "13935",
      "srcText": "물고기를 잡으려다 꽁꽁 얼어 버린 호랑이는 이번에도 토끼한테 속아서, 눈물이 꽁꽁! 콧물이 꽁꽁! 꼬리가 꽝꽝! 떼굴떼굴 구르지도 못하고, 뒤뚱뒤뚱 걷지도 못하고, 차가운 얼음판에 발만 동동 굴렀어. 토끼가 그 꼴을 보고 또 까르르 깔깔 웃더란다.",
      "srcPage": 16,
      "srcSentenceEA": 5,
      "srcWordEA": 38,
      "character": "물고기,호랑이,토끼,꼬리,얼음판,발",
      "setting": null,
      "action": "잡으려다,얼어 버린,속아서,굴렀어,보고",
      "feeling": "웃더란다",
      "causalRelationship": null,
      "outcomeResolution": null,
      "prediction": null,
      "plotSummaryInfoCount": 1,
      "plotSummaryInfo": {
        "classification": "의사소통",
        "readAge": "초등_고학년",
        "form": "long-form",
        "plotSummaryText": "물고기를 잡으려다 얼어 버린 호랑이는 이번에도 토끼한테 속아서 차가운 얼음판에 발만 동동 굴렀고, 토끼는 그 꼴을 보고 또 깔깔 웃었습니다.",
        "textWordEA": 20
      }
    },
    {
      "srcTextID": "13909",
      "srcText": "떡이 모두 아홉 개니까 먼저 먹으면 안 돼요. 하고 숲으로 뛰어갔어. 호랑이는 침을 꼴깍 삼키며 떡을 하나둘 헤아려 보았어.",
      "srcPage": 4,
      "srcSentenceEA": 3,
      "srcWordEA": 21,
      "character": "떡,호랑이",
      "setting": "숲",
      "action": "먹으면,뛰어갔어,삼키며,헤아려 보았어",
      "feeling": null,
      "causalRelationship": null,
      "outcomeResolution": null,
      "prediction": null,
      "plotSummaryInfoCount": 1,
      "plotSummaryInfo": {
        "classification": "의사소통",
        "readAge": "초등_고학년",
        "form": "short-form",
        "plotSummaryText": "떡은 아홉 개니까  먼저 먹으면 안 된다고 하며 숲으로 뛰어갔고, 호랑이는 떡을 헤아려 보았습니다.",
        "textWordEA": 15
      }
    },
    {
      "srcTextID": "13917",
      "srcText": "풀잎을 깨우는 바람이 숲속으로 솔솔 불어오는 나른한 오후, 또 호랑이가 나타났네! 호랑이가 입을 쩍 벌리려는데, “자, 잠깐, 잠깐만요. 고소한 참새구이 좀 드실래요?” 토끼의 말에 호랑이는 또 침을 꿀꺽 삼켰어.",
      "srcPage": 7,
      "srcSentenceEA": 5,
      "srcWordEA": 32,
      "character": "풀잎,호랑이,입,참새구이,토끼",
      "setting": "오후,숲속",
      "action": "깨우는,불어오는,나타났네,벌리려는데,드실래요",
      "feeling": null,
      "causalRelationship": null,
      "outcomeResolution": null,
      "prediction": null,
      "plotSummaryInfoCount": 1,
      "plotSummaryInfo": {
        "classification": "의사소통",
        "readAge": "초등_고학년",
        "form": "long-form",
        "plotSummaryText": "바람이 숲속으로 불어오는 나른한 오후에 또 호랑이가 나타나자 토끼는 고소한 참새구이 좀 드시겠냐고 물었습니다.",
        "textWordEA": 14
      }
    },
    {
      "srcTextID": "13906",
      "srcText": "옛날 어느 산골에 토끼 한 마리가 살았어. 가뭄에도 마르지 않는 샘물처럼 꾀가 퐁퐁 샘솟는 지혜로운 토끼였지. 아마 호랑이가 나타난대도 눈 하나 깜짝하지 않을걸?",
      "srcPage": 1,
      "srcSentenceEA": 3,
      "srcWordEA": 25,
      "character": "토끼,샘물,호랑이",
      "setting": "옛날,어느 산골",
      "action": "살았어,마르지 않는,샘솟는,나타난대도",
      "feeling": null,
      "causalRelationship": null,
      "outcomeResolution": null,
      "prediction": null,
      "plotSummaryInfoCount": 1,
      "plotSummaryInfo": {
        "classification": "의사소통",
        "readAge": "초등_고학년",
        "form": "short-form",
        "plotSummaryText": "옛날 어느 산골에 지혜로운 토끼가 살았습니다.",
        "textWordEA": 6
      }
    },
    {
      "srcTextID": "13908",
      "srcText": "“하나, 둘, 셋, 아홉, 열!” 아! 글쎄, 떡이 아홉 개가 아니라 모두 열 개인 거야. “어, 떡 하나가 남잖아?” 호랑이는 얼씨구나, 횡재로세! 떡 하나를 날름 삼켰지.",
      "srcPage": 5,
      "srcSentenceEA": 6,
      "srcWordEA": 30,
      "character": "떡,호랑이",
      "setting": null,
      "action": "삼켰지,남잖아",
      "feeling": null,
      "causalRelationship": null,
      "outcomeResolution": null,
      "prediction": null,
      "plotSummaryInfoCount": 1,
      "plotSummaryInfo": {
        "classification": "의사소통",
        "readAge": "초등_고학년",
        "form": "long-form",
        "plotSummaryText": "호랑이는 떡이 하나 남는다며 얼씨구 하고 날름 삼켰습니다.",
        "textWordEA": 8
      }
    },
    {
      "srcTextID": "13914",
      "srcText": "돌을 떡인 줄 알고 먹은 호랑이는 눈물이 뚝뚝! 콧구멍이 벌렁! 침이 질질! 떼굴떼굴 구르다가 이리 쿵 저리 쿵! 뒤뚱뒤뚱 걷다가 꽈당 꽈다당! 토끼가 그 꼴을 보고 까르르 깔깔 웃더란다.",
      "srcPage": 6,
      "srcSentenceEA": 6,
      "srcWordEA": 34,
      "character": "돌,떡,호랑이,토끼",
      "setting": null,
      "action": "먹은,구르다가,걷다가,보고",
      "feeling": "웃더란다",
      "causalRelationship": null,
      "outcomeResolution": null,
      "prediction": null,
      "plotSummaryInfoCount": 1,
      "plotSummaryInfo": {
        "classification": "의사소통",
        "readAge": "초등_고학년",
        "form": "long-form",
        "plotSummaryText": "떡인 줄 알고 돌을 먹은 호랑이의 꼴을  보고 토끼는 깔깔 웃었습니다.",
        "textWordEA": 12
      }
    },
    {
      "srcTextID": "13907",
      "srcText": "어머나, 정말로 호랑이가 나타났네! 호랑이는 토끼를 잡아먹으려고 입을 쩍 벌렸어. “자, 잠깐, 잠깐만요. 따끈따끈한 떡 좀 드실래요?”",
      "srcPage": 2,
      "srcSentenceEA": 4,
      "srcWordEA": 19,
      "character": "호랑이,토끼,떡",
      "setting": null,
      "action": "나타났네,잡아먹으려고,벌렸어,드실래요",
      "feeling": null,
      "causalRelationship": null,
      "outcomeResolution": null,
      "prediction": null,
      "plotSummaryInfoCount": 1,
      "plotSummaryInfo": {
        "classification": "의사소통",
        "readAge": "초등_고학년",
        "form": "long-form",
        "plotSummaryText": "토끼를 잡아먹으려고 입을 벌리는 호랑이에게 떡 좀 드시겠냐고 물었습니다.",
        "textWordEA": 9
      }
    },
    {
      "srcTextID": "13910",
      "srcText": "토끼의 말에 호랑이는 침을 꿀꺽 삼켰어. 토끼는 떡처럼 생긴 조약돌을 주워 와서 돌돌돌돌 불에 구웠어. 아참, 떡 찍어 먹을 꿀을 깜빡했네.",
      "srcPage": 3,
      "srcSentenceEA": 3,
      "srcWordEA": 23,
      "character": "토끼,호랑이,떡,조약돌,불,꿀",
      "setting": null,
      "action": "삼켰어,생긴,주워 와서,구웠어",
      "feeling": null,
      "causalRelationship": null,
      "outcomeResolution": null,
      "prediction": null,
      "plotSummaryInfoCount": 1,
      "plotSummaryInfo": {
        "classification": "의사소통",
        "readAge": "초등_고학년",
        "form": "short-form",
        "plotSummaryText": "토끼의 말에 호랑이는 침을 꿀꺽 삼켰고, 토끼는 떡처럼 생긴 조약돌을 주워 와서 불에 구웠습니다.",
        "textWordEA": 14
      }
    },
    {
      "srcTextID": "13921",
      "srcText": "그사이에 불씨가 포르르 날아오르더니 불길이 바작바작 타올랐어. 호랑이는 그 소리가 참새들의 날갯짓 소리인 줄 알고 얼씨구나 좋아서 입을 헤 벌렸지. 참새구이는 구경도 못 하고 털만 홀라당 탄 호랑이는 눈물이 뚝뚝!",
      "srcPage": 9,
      "srcSentenceEA": 3,
      "srcWordEA": 32,
      "character": "불씨,불길,호랑이,참새들,입,참새구이,털",
      "setting": null,
      "action": "날아오르더니,타올랐어,벌렸지,탄",
      "feeling": "좋아서",
      "causalRelationship": null,
      "outcomeResolution": null,
      "prediction": null,
      "plotSummaryInfoCount": 1,
      "plotSummaryInfo": {
        "classification": "의사소통",
        "readAge": "초등_고학년",
        "form": "short-form",
        "plotSummaryText": "호랑이는 불길이 타오르는 소리를 참새들의 날갯짓 소리인 줄 알고 입을 벌렸지만, 털만 홀라당 탔습니다.",
        "textWordEA": 14
      }
    },
    {
      "srcTextID": "13922",
      "srcText": "콧구멍이 벌렁! 땀이 줄줄! 떼굴떼굴 구르다가 이리 쿵 저리 쿵! 뒤뚱뒤뚱 걷다가 꽈당 꽈다당! 토끼가 그 꼴을 보고 또 까르르 깔깔 웃더란다.",
      "srcPage": 10,
      "srcSentenceEA": 5,
      "srcWordEA": 26,
      "character": "콧구멍,땀,토끼",
      "setting": null,
      "action": "벌렁,구르다가,걷다가,보고",
      "feeling": "웃더란다",
      "causalRelationship": null,
      "outcomeResolution": null,
      "prediction": null,
      "plotSummaryInfoCount": 1,
      "plotSummaryInfo": {
        "classification": "의사소통",
        "readAge": "초등_고학년",
        "form": "long-form",
        "plotSummaryText": "토끼가 그 꼴을 보고 또 까르르 깔깔 웃었습니다.",
        "textWordEA": 8
      }
    },
    {
      "srcTextID": "13927",
      "srcText": "“흥! 내가 또 속을 줄 알고?” 호랑이가 입을 쩍 벌리려는데, 어라, 이번엔 토끼가 조용하네. 토끼야, 뭐 해?",
      "srcPage": 12,
      "srcSentenceEA": 3,
      "srcWordEA": 20,
      "character": "호랑이,입,토끼",
      "setting": null,
      "action": "속을 줄 알고,벌리려는데,조용하네",
      "feeling": null,
      "causalRelationship": null,
      "outcomeResolution": null,
      "prediction": null,
      "plotSummaryInfoCount": 1,
      "plotSummaryInfo": {
        "classification": "의사소통",
        "readAge": "초등_고학년",
        "form": "short-form",
        "plotSummaryText": "또 속을 줄 아냐며 호랑이가 입을 벌리려는데 이번엔 토끼가 조용했습니다.",
        "textWordEA": 10
      }
    },
    {
      "srcTextID": "13928",
      "srcText": "내가 입을 쩍 벌리면 네가 ‘잠깐!’ 해야지? “쉿! 지금 바빠요. 꼬리로 물고기 잡는 방법을 생각 중이거든요” 호랑이는 얼씨구나 신이 나서 토끼를 따라 강으로 갔어. 쉿!",
      "srcPage": 13,
      "srcSentenceEA": 6,
      "srcWordEA": 30,
      "character": "입,꼬리,물고기,호랑이,토끼",
      "setting": "강",
      "action": "벌리면,잡는,따라",
      "feeling": "신이 나서",
      "causalRelationship": null,
      "outcomeResolution": null,
      "prediction": null,
      "plotSummaryInfoCount": 1,
      "plotSummaryInfo": {
        "classification": "의사소통",
        "readAge": "초등_고학년",
        "form": "long-form",
        "plotSummaryText": "꼬리로 물고기를 잡는 방법을 생각 중이라고 하자, 호랑이는 신이 나서 토끼를 따라 강으로 갔습니다.",
        "textWordEA": 14
      }
    },
    {
      "srcTextID": "13932",
      "srcText": "휘이잉 휘익, 휘이잉 휘익, 매서운 바람이 휘몰아쳤어. 얼마나 지났을까? 호랑이가 끙끙 한참을 앉았다 일어서려는데, 아! 글쎄, 몸이 꼼짝도 안 하는 거야.",
      "srcPage": 15,
      "srcSentenceEA": 4,
      "srcWordEA": 24,
      "character": "호랑이,몸",
      "setting": null,
      "action": "휘몰아쳤어,앉았다 일어서려는데,꼼짝도 안 하는 거야",
      "feeling": null,
      "causalRelationship": null,
      "outcomeResolution": null,
      "prediction": null,
      "plotSummaryInfoCount": 1,
      "plotSummaryInfo": {
        "classification": "의사소통",
        "readAge": "초등_고학년",
        "form": "long-form",
        "plotSummaryText": "호랑이는 한참을 앉았다 일어서려고 했는데 몸이 꼼짝도 안 했습니다.",
        "textWordEA": 9
      }
    }
  ]
}