{
  "title": "진짜진짜 좋은 별명",
  "author": "김세실",
  "illustrator": "한수진",
  "isbn": "9788961911474",
  "publishedYear": 2008,
  "publisher": "한얼교육",
  "paragraphInfoCount": 16,
  "paragraphInfo": [
    {
      "srcTextID": "13596",
      "srcText": "햇살이 방글방글, 바람이 소곤소곤, 꽃향기는 소올솔. 꼬마 토끼가 활짝 웃으며 깡충깡충 뛰어가요. 나무 뒤에 있던 여우와 너구리가 토끼를 보고 놀렸어요. “저 큰 발 좀 봐. 야, 왕발이!”",
      "srcPage": 1,
      "srcSentenceEA": 5,
      "srcWordEA": 30,
      "character": "여우,너구리,꼬마 토끼",
      "setting": "나무 뒤",
      "action": "뛰어가요,놀렸어요,보고,봐",
      "feeling": "활짝 웃으며",
      "causalRelationship": null,
      "outcomeResolution": null,
      "prediction": null,
      "plotSummaryInfoCount": 1,
      "plotSummaryInfo": {
        "classification": "의사소통",
        "readAge": "초등_고학년",
        "form": "long-form",
        "plotSummaryText": "나무 뒤에 있던 여우와 너구리가 활짝 웃으며 뛰어가는 꼬마 토끼를 보고 발이 크다고 놀렸다.",
        "textWordEA": 14
      }
    },
    {
      "srcTextID": "13597",
      "srcText": "꼬마 토끼가 당근밭에서 오도독오도독 당근을 베어 먹는데, 또 여우와 너구리가 나타나 놀렸어요. “와, 저 튀어나온 이빨 좀 봐. 야, 갈갈이!” 화가 난 꼬마 토끼가 귀를 쫑긋 세우자, “하하, 저 나팔 귀 좀 봐. 야야, 나팔 귀!”",
      "srcPage": 2,
      "srcSentenceEA": 6,
      "srcWordEA": 39,
      "character": "너구리,꼬마 토끼,여우,나팔 귀,당근",
      "setting": "당근 밭",
      "action": "베어 먹는데,나타나 놀렸어요,세우자,봐",
      "feeling": "화가 난",
      "causalRelationship": null,
      "outcomeResolution": null,
      "prediction": null,
      "plotSummaryInfoCount": 1,
      "plotSummaryInfo": {
        "classification": "의사소통",
        "readAge": "초등_고학년",
        "form": "long-form",
        "plotSummaryText": "여우와 너구리가 당근을 베어 먹는 토끼에게 튀어나온 이빨 때문에 갈갈이라고 놀렸고 꼬마토끼가 화가 나서 귀를 쫑긋 세우자 나팔 귀라고 놀렸다.",
        "textWordEA": 20
      }
    },
    {
      "srcTextID": "13604",
      "srcText": "“딱따구리는 숲속에서 일어난 일은 모르는 게 없어. 딱따구리에게 딱 맞는 별명은 뭘까?” “두더지는 제일가는 굴 파기 선수야. 땅속에 지은 집이 얼마나 멋지다고!”",
      "srcPage": 5,
      "srcSentenceEA": 4,
      "srcWordEA": 24,
      "character": "딱따구리,두더지",
      "setting": "숲속,땅속,집",
      "action": null,
      "feeling": "멋지다고",
      "causalRelationship": null,
      "outcomeResolution": null,
      "prediction": null,
      "plotSummaryInfoCount": 1,
      "plotSummaryInfo": {
        "classification": "의사소통",
        "readAge": "초등_고학년",
        "form": "long-form",
        "plotSummaryText": "숲속에서 일어난 일은 다 아는 딱따구리에게 어울리는 뭐가있을지 말했고 두더지는 땅속 집을 멋지게 지을 수 있으니 굴 파기 선수라고 말했다.",
        "textWordEA": 20
      }
    },
    {
      "srcTextID": "13605",
      "srcText": "“멧돼지는 많이 먹는 것만큼 힘도 세. 통나무도 쿵 쓰러뜨리고 바위도 척척 굴리지.” 숲속 친구들에게 어울리는 ‘좋은 별명’은 뭘까요?",
      "srcPage": 6,
      "srcSentenceEA": 4,
      "srcWordEA": 21,
      "character": "멧돼지,통나무,바위,친구들",
      "setting": "숲속",
      "action": "쓰러뜨리고,굴리지,먹는",
      "feeling": null,
      "causalRelationship": null,
      "outcomeResolution": null,
      "prediction": null,
      "plotSummaryInfoCount": 1,
      "plotSummaryInfo": {
        "classification": "의사소통",
        "readAge": "초등_고학년",
        "form": "long-form",
        "plotSummaryText": "멧돼지는 많이 먹는 만큼 힘도 세서 통나무도 쓰러뜨리고 바위도 굴릴 수 있는데 다른 숲 속 친구들에게 어울리는 좋은 별명이 있을지 생각했다.",
        "textWordEA": 21
      }
    },
    {
      "srcTextID": "13621",
      "srcText": "“얘야, 왜 그렇게 시무룩하니?” 꼬마 토끼는 놀림당한 이야기를 할머니에게 털어놓았어요. “네 큰 발과 큰 귀는 위험을 잘 피하게 해 준단다. 튀어나온 이빨로는 딱딱한 것을 잘 먹을 수 있지. 그것들은 놀림당할 게 아니라 오히려 자랑할 점이란다.” 할머니의 말씀에 꼬마 토끼는 활짝 웃었어요. “와, 정말 그러네요!”",
      "srcPage": 8,
      "srcSentenceEA": 7,
      "srcWordEA": 48,
      "character": "할머니,꼬마 토끼,네 큰 발과 큰 귀",
      "setting": null,
      "action": "털어놓았어요,피하게,먹을 수 있지",
      "feeling": "시무룩하니,활짝 웃었어요",
      "causalRelationship": null,
      "outcomeResolution": "그것들은 놀림당할 게 아니라 오히려 자랑할 점이란다.",
      "prediction": null,
      "plotSummaryInfoCount": 1,
      "plotSummaryInfo": {
        "classification": "의사소통",
        "readAge": "초등_고학년",
        "form": "long-form",
        "plotSummaryText": "왜 그렇게 시무룩하냐는 할머니의 물음에 꼬마 토끼는 놀림당한 이야기를 할머니에게 털어놓았고 이야기를 들은 할머니는 놀림당할 게 아니라 오히려 자랑할 점이라고 말했고 꼬마 토끼는 활짝 웃었다,",
        "textWordEA": 25
      }
    },
    {
      "srcTextID": "13623",
      "srcText": "꾀돌이 여우는 멋진 생각을 해냈어요. “얘들아, 숲속의 다른 친구들에게도 좋은 별명을 붙여 주면 어떨까?” “우아, 어떻게 그런 기특한 생각을 다 했니? 아무튼 여우는 꾀돌이라니까!” 꼬마 토끼와 여우와 너구리는 머리를 맞댔어요.",
      "srcPage": 9,
      "srcSentenceEA": 5,
      "srcWordEA": 32,
      "character": "친구들,꼬마 토끼,여우,너구리",
      "setting": "숲속",
      "action": "맞댔어요",
      "feeling": null,
      "causalRelationship": null,
      "outcomeResolution": "꼬마 토끼와 여우와 너구리는 머리를 맞댔어요.",
      "prediction": null,
      "plotSummaryInfoCount": 1,
      "plotSummaryInfo": {
        "classification": "의사소통",
        "readAge": "초등_고학년",
        "form": "long-form",
        "plotSummaryText": "꾀돌이 여우는 숲속의 다른 친구들에게 좋은 별명을 붙여 주자고 제안했고 어떻게 그런 기특한 생각을 다했냐고 칭찬을 해주며 꼬마 토끼와 여우와 너구리는 머리를 맞댔다.",
        "textWordEA": 23
      }
    },
    {
      "srcTextID": "13624",
      "srcText": "꼬마 토끼는 곰곰이 생각했어요. ‘나쁜 별명으로 부르면 서로 다투게 되고 기분도 나빠져. 맞아! 좋은 별명을 지어 주는 거야! 그럼, 친구의 좋은 점을 찾게 되니까 기분도 좋아지고 더 친해지지 않겠어?’",
      "srcPage": 10,
      "srcSentenceEA": 5,
      "srcWordEA": 33,
      "character": "꼬마 토끼,친구",
      "setting": null,
      "action": "부르면,다투게,찾게",
      "feeling": null,
      "causalRelationship": "나쁜 별명으로 부르면 서로 다투게 되고 기분도 나빠져.",
      "outcomeResolution": "좋은 별명을 지어 주는 거야!",
      "prediction": "그럼, 친구의 좋은 점을 찾게 되니까 기분도 좋아지고 더 친해지지 않겠어?",
      "plotSummaryInfoCount": 1,
      "plotSummaryInfo": {
        "classification": "의사소통",
        "readAge": "초등_고학년",
        "form": "long-form",
        "plotSummaryText": "꼬마 토끼는 나쁜 별명으로 부르면 기분이 나빠지게 되니 좋은 별명을 지어주면 친구의 좋은 점을 찾게 되니까 기분도 좋아지고 더 친해지지 않을까라고 생각했다.",
        "textWordEA": 22
      }
    },
    {
      "srcTextID": "13626",
      "srcText": "여우는 깜짝 놀랐어요. “내가 왜 꾀돌이야? 내 별명은 까불이인데.” “네가 가끔 까불기는 하지만 머리가 좋잖아. 너는 꾀 많은 꾀돌이야.” 여우는 좋아서 얼굴이 발그레해졌어요.",
      "srcPage": 11,
      "srcSentenceEA": 6,
      "srcWordEA": 26,
      "character": "여우",
      "setting": null,
      "action": "얼굴이 발그레해졌어요",
      "feeling": "좋아서,깜짝 놀랐어요",
      "causalRelationship": null,
      "outcomeResolution": null,
      "prediction": null,
      "plotSummaryInfoCount": 1,
      "plotSummaryInfo": {
        "classification": "의사소통",
        "readAge": "초등_고학년",
        "form": "long-form",
        "plotSummaryText": "여우에게 까불이란 별명 대신 머리가 좋고 꾀가 많은 꾀돌이라고 하자 좋아서 얼굴이 발그레해졌다.",
        "textWordEA": 13
      }
    },
    {
      "srcTextID": "13625",
      "srcText": "너구리도 깜짝 놀랐어요. “내가 왜 멋쟁이야? 내 별명은 못난이인데.” “네 눈은 까만 안경을 쓴 것 같고, 털은 회색 양복을 입은 것 같잖아. 그래서 넌 멋쟁이야.” 너구리도 신이 나서 입이 헤벌쭉 벌어졌어요. ",
      "srcPage": 12,
      "srcSentenceEA": 6,
      "srcWordEA": 34,
      "character": "너구리,까만 안경,회색 양복",
      "setting": null,
      "action": "쓴 것,입은 것",
      "feeling": "깜짝 놀랐어요,신이 나서",
      "causalRelationship": "네 눈은 까만 안경을 쓴 것 같고, 털은 회색 양복을 입은 것 같잖아. 그래서 넌 멋쟁이야.",
      "outcomeResolution": null,
      "prediction": null,
      "plotSummaryInfoCount": 1,
      "plotSummaryInfo": {
        "classification": "의사소통",
        "readAge": "초등_고학년",
        "form": "long-form",
        "plotSummaryText": "너구리에게도 못난이 대신 까만 안경에 회색 양복을 입은 멋쟁이라고 하자 신이 나서 입이 헤벌쭉 벌어졌다.",
        "textWordEA": 15
      }
    },
    {
      "srcTextID": "13630",
      "srcText": "다음 날, 꼬마 토끼가 할머니랑 볕을 쬐러 나왔어요. 그런데 어디선가 이상한 말이 들려왔지요. “진진토야! 우리랑 놀자!” 아! 나무 뒤에 숨어 있던 친구들이었어요.",
      "srcPage": 15,
      "srcSentenceEA": 5,
      "srcWordEA": 26,
      "character": "할머니,꼬마 토끼,친구들",
      "setting": "나무 뒤,다음 날",
      "action": "나왔어요,들려왔지요,놀자,숨어 있던",
      "feeling": null,
      "causalRelationship": null,
      "outcomeResolution": null,
      "prediction": null,
      "plotSummaryInfoCount": 1,
      "plotSummaryInfo": {
        "classification": "의사소통",
        "readAge": "초등_고학년",
        "form": "long-form",
        "plotSummaryText": "다음 날, 꼬마 토끼가 할머니랑 볕을 쬐러 나왔는데 어디선가 이상한 말이 들려왔고 그건 나무 뒤에 숨어 있던 친구들이 토끼에게 같이 놀자고 말한것이었다.",
        "textWordEA": 22
      }
    },
    {
      "srcTextID": "13602",
      "srcText": "“넌 얼굴에 까만 안경을 쓴 것 같은 못난이야!” 여우의 말에 너구리는 화가 나 펄쩍펄쩍 뛰었어요. “내가 못난이라고? 이제 너랑 안 놀아, 이 까불아!”",
      "srcPage": 4,
      "srcSentenceEA": 4,
      "srcWordEA": 25,
      "character": "여우,너구리,까만 안경,못난이",
      "setting": "이제",
      "action": "뛰었어요,쓴,놀아",
      "feeling": "화가 나",
      "causalRelationship": null,
      "outcomeResolution": null,
      "prediction": "이제 너랑 안 놀아, 이 까불아!",
      "plotSummaryInfoCount": 1,
      "plotSummaryInfo": {
        "classification": "의사소통",
        "readAge": "초등_고학년",
        "form": "long-form",
        "plotSummaryText": "여우는 너구리에게 까만 안경을 쓴 것 같은 못난이라고 말했고 너구리는 화가 나서 같이 놀지 않겠다고 말했다.",
        "textWordEA": 16
      }
    },
    {
      "srcTextID": "13603",
      "srcText": "꼬마 토끼는 연못가에 앉아 물끄러미 물속을 들여다보았어요. ‘여우랑 너구리 말이 맞아. 나는 정말 발도 크고, 이빨도 튀어나오고, 귀도 길쭉해.’ 꼬마 토끼는 슬퍼져서 훌쩍훌쩍 울었어요.",
      "srcPage": 3,
      "srcSentenceEA": 4,
      "srcWordEA": 27,
      "character": "꼬마 토끼,여우,너구리,발,이빨,귀",
      "setting": "연못가,물속",
      "action": "울었어요,앉아,들여다보았어요",
      "feeling": "슬퍼져서",
      "causalRelationship": null,
      "outcomeResolution": null,
      "prediction": null,
      "plotSummaryInfoCount": 1,
      "plotSummaryInfo": {
        "classification": "의사소통",
        "readAge": "초등_고학년",
        "form": "long-form",
        "plotSummaryText": "꼬마 토끼는 연못가에 앉아 물속을 들여다보면서 여우랑 너구리 말처럼 자신은 발도 크고, 이빨도 튀어나오고, 귀도 길쭉하다고 생각하며 슬퍼져서 울었다.",
        "textWordEA": 19
      }
    },
    {
      "srcTextID": "13627",
      "srcText": "그런데 정말로 신기한 일이 일어났어요. 여우는 더 이상 까불이처럼 까불지 않고 꾀돌이처럼 똑똑해졌어요. 너구리도 못난이가 아니라 멋쟁이 신사처럼 굴었고요. 여우와 너구리는 꼬마 토끼를 놀리지 않았어요. 그리고 셋은 사이좋은 친구가 되었어요. ",
      "srcPage": 13,
      "srcSentenceEA": 5,
      "srcWordEA": 34,
      "character": "여우,너구리,토끼,멋쟁이 신사",
      "setting": null,
      "action": "까불지 않고,신사처럼 굴었고요,놀리지 않았어요",
      "feeling": null,
      "causalRelationship": null,
      "outcomeResolution": "그리고 셋은 사이좋은 친구가 되었어요.",
      "prediction": null,
      "plotSummaryInfoCount": 1,
      "plotSummaryInfo": {
        "classification": "의사소통",
        "readAge": "초등_고학년",
        "form": "long-form",
        "plotSummaryText": "그런데 신기하게도 여우는 꾀돌이처럼 똑똑해졌고, 너구리는 멋쟁이 신사처럼 굴었으며, 여우와 너구리는 꼬마 토끼를 놀리지 않고 사이 좋은 친구가 되었다.",
        "textWordEA": 19
      }
    },
    {
      "srcTextID": "13628",
      "srcText": "꼬마 토끼와 여우와 너구리는 숲속 친구들을 이렇게 불렀어요. “천사 곰아! 넌 정말 마음씨가 착해.” “알뜰이 다람쥐야! 먹이는 많이 모았니?” “건축가 두더지야! 오늘도 열심히 집을 지었구나!” “이야기 배달부 딱따구리야! 오늘은 어떤 소식이 있니?” “천하장사 멧돼지야! 나도 너처럼 힘이 세면 좋겠다.”",
      "srcPage": 14,
      "srcSentenceEA": 11,
      "srcWordEA": 44,
      "character": "꼬마 토끼,여우,너구리,천사 곰,알뜰이 다람쥐,건축가 두더지,집,배달부 딱따구리야,천하장사 멧돼지",
      "setting": "숲속",
      "action": "불렀어요,집을 지었구나,모았니",
      "feeling": null,
      "causalRelationship": null,
      "outcomeResolution": null,
      "prediction": null,
      "plotSummaryInfoCount": 1,
      "plotSummaryInfo": {
        "classification": "의사소통",
        "readAge": "초등_고학년",
        "form": "long-form",
        "plotSummaryText": "꼬마 토끼와 여우와 너구리는 숲속 친구들을 천사 곰, 알뜰이 다람쥐, 건축가 두더지, 이야기 배달부 딱따구리, 천하장사 멧돼지라고 불렀다.",
        "textWordEA": 18
      }
    },
    {
      "srcTextID": "13629",
      "srcText": "“진진토라니? 그게 무슨 뜻이야?” “히히, ‘진짜 진짜 좋은 토끼’라는 뜻이야!” 꼬마 토끼는 새 별명이 진짜 진짜 마음에 쏙 들었어요.",
      "srcPage": 16,
      "srcSentenceEA": 4,
      "srcWordEA": 22,
      "character": "꼬마 토끼",
      "setting": null,
      "action": null,
      "feeling": "마음에 쏙 들었어요,좋은",
      "causalRelationship": null,
      "outcomeResolution": "꼬마 토끼는 새 별명이 진짜 진짜 마음에 쏙 들었어요.",
      "prediction": null,
      "plotSummaryInfoCount": 1,
      "plotSummaryInfo": {
        "classification": "의사소통",
        "readAge": "초등_고학년",
        "form": "long-form",
        "plotSummaryText": "진진토는 진짜 진짜 좋은 토끼라는 뜻이었고, 꼬마 토끼는 새 별명이 마음에 쏙 들었했다.",
        "textWordEA": 13
      }
    },
    {
      "srcTextID": "13622",
      "srcText": "“곰은 마음이 참 착해. 화도 잘 안 내고. 곰에게는 어떤 별명이 좋을까?” “다람쥐는 참 부지런해. 먹이를 구하면 다 먹지 않고 차곡차곡 모아 두지.” ",
      "srcPage": 7,
      "srcSentenceEA": 5,
      "srcWordEA": 26,
      "character": "곰,다람쥐",
      "setting": null,
      "action": "모아 두지,구하면,먹지 않고",
      "feeling": "착해,부지런해",
      "causalRelationship": null,
      "outcomeResolution": null,
      "prediction": "곰에게는 어떤 별명이 좋을까?",
      "plotSummaryInfoCount": 1,
      "plotSummaryInfo": {
        "classification": "의사소통",
        "readAge": "초등_고학년",
        "form": "long-form",
        "plotSummaryText": "곰은 착하고 화도 잘 내지 않으니 어떤 별명이 좋을까라고 말했고 먹이를 구하면 다 먹지 않고 모아 두는 다람쥐는 부지런하다고 말했다.",
        "textWordEA": 20
      }
    }
  ]
}