{
  "title": "요술 항아리",
  "author": "정지아",
  "illustrator": "배종숙",
  "isbn": "9791165957780",
  "publishedYear": 2022,
  "publisher": "아람북스",
  "paragraphInfoCount": 16,
  "paragraphInfo": [
    {
      "srcTextID": "13576",
      "srcText": "구경하던 사람들이 모두 돌아가고 조용해지자, 기다렸다는 듯이 원님은 관아를 뒤지기 시작했어. “제일 좋은 것을 넣어야 해. 이게 좋을까? 아니면, 쌀? 아니 아니, 더 좋은 걸로. 황소? 아니 아니, 더 좋은 걸로.” 하루 종일 원님은 항아리에 들어갈 제일 좋은 물건을 찾느라 온 관아를 헤집고 다녔어. ",
      "srcPage": 11,
      "srcSentenceEA": 8,
      "srcWordEA": 50,
      "character": "원님,항아리",
      "setting": "관아",
      "action": "돌아가고,뒤지기,넣어야,들어갈,헤집고",
      "feeling": null,
      "causalRelationship": null,
      "outcomeResolution": null,
      "prediction": null,
      "plotSummaryInfoCount": 1,
      "plotSummaryInfo": {
        "classification": "의사소통",
        "readAge": "초등_고학년",
        "form": "long-form",
        "plotSummaryText": "사람들이 돌아가자, 원님은 항아리에 넣을 제일 좋은 물건을 찾느라 온 관아를 헤집고 다녔다.",
        "textWordEA": 13
      }
    },
    {
      "srcTextID": "13581",
      "srcText": "그때 한 아버지가 쓰러지면서 요술 항아리를 깨고 말았어. 그러자 원님의 진짜 아버지만 남고 모두 사라졌지. 그 후, 욕심쟁이 원님은 잘못을 뉘우치고 고을을 잘 다스렸대. ",
      "srcPage": 15,
      "srcSentenceEA": 3,
      "srcWordEA": 26,
      "character": "아버지,항아리,원님",
      "setting": null,
      "action": "꺠고,뉘우치고,다스렸대",
      "feeling": null,
      "causalRelationship": null,
      "outcomeResolution": null,
      "prediction": null,
      "plotSummaryInfoCount": 1,
      "plotSummaryInfo": {
        "classification": "의사소통",
        "readAge": "초등_고학년",
        "form": "short-form",
        "plotSummaryText": "그때 한 아버지가 쓰러지면서 요술 항아리를 깨자, 욕심쟁이 원님은 잘못을 뉘우치고 고을을 잘 다스렸다.",
        "textWordEA": 14
      }
    },
    {
      "srcTextID": "12776",
      "srcText": "요리조리 항아리를 살펴보니 여기도 금이 쩍 저기도 금이 쫙 아주 볼품없는 항아리였어. 그래도 아직 쓸 만하겠다 싶었던 농부는 낑낑거리며 항아리를 집으로 가져갔어. 그러고는 마당에 굴러다니는 괭이를 항아리 속에 휙 던져두었지. ",
      "srcPage": 2,
      "srcSentenceEA": 3,
      "srcWordEA": 32,
      "character": "농부,항아리,괭이",
      "setting": "마당",
      "action": "가져갔어,던져두었지",
      "feeling": null,
      "causalRelationship": null,
      "outcomeResolution": null,
      "prediction": null,
      "plotSummaryInfoCount": 1,
      "plotSummaryInfo": {
        "classification": "의사소통",
        "readAge": "초등_고학년",
        "form": "short-form",
        "plotSummaryText": "항아리를 살펴보니 쓸 만하겠다 싶었던 농부는 낑낑거리며 항아리를 집으로 가져가 마당에 굴러다니는 괭이를 항아리 속에 던져두었다.",
        "textWordEA": 16
      }
    },
    {
      "srcTextID": "13580",
      "srcText": "요술 항아리 속에서는 계속해서 아버지가 나왔어. “아니, 왜 남의 아들을 부르는 거요?” “내가 아버지니까 부르지.” ",
      "srcPage": 14,
      "srcSentenceEA": 3,
      "srcWordEA": 15,
      "character": "아버지,항아리",
      "setting": null,
      "action": "나왔어",
      "feeling": null,
      "causalRelationship": null,
      "outcomeResolution": null,
      "prediction": null,
      "plotSummaryInfoCount": 1,
      "plotSummaryInfo": {
        "classification": "의사소통",
        "readAge": "초등_고학년",
        "form": "short-form",
        "plotSummaryText": "요술 항아리 속에서 계속해서 아버지가 나왔다.",
        "textWordEA": 6
      }
    },
    {
      "srcTextID": "13582",
      "srcText": "요술 항아리에서 나온 아버지들은 서로 자기가 원님의 아버지라고 싸우기 시작했어. ‘내가 욕심만 부리지 않았더라면 이런 일은 생기지 않았을 텐데.’ 원님은 자신의 잘못을 진심으로 뉘우쳤어.",
      "srcPage": 16,
      "srcSentenceEA": 3,
      "srcWordEA": 26,
      "character": "아버지,원님",
      "setting": null,
      "action": "싸우기,뉘우쳤어",
      "feeling": null,
      "causalRelationship": null,
      "outcomeResolution": null,
      "prediction": null,
      "plotSummaryInfoCount": 1,
      "plotSummaryInfo": {
        "classification": "의사소통",
        "readAge": "초등_고학년",
        "form": "short-form",
        "plotSummaryText": "아버지들이 싸우기 시작하자 원님은 자신이 욕심만 부리지 않았더라면 이런 일은 생기지 않았을 거라며 자기 잘못을 진심으로 뉘우쳤다.",
        "textWordEA": 17
      }
    },
    {
      "srcTextID": "12779",
      "srcText": "난 자네에게 밭만 팔았지 요술 항아리는 팔지 않았거든. 그러면서 욕심쟁이 영감은 요술 항아리를 덥석 끌어안았어. 요술 항아리에 찰싹 달라붙은 욕심쟁이 영감은 끙끙대며 항아리를 옮기려고 했지.",
      "srcPage": 6,
      "srcSentenceEA": 3,
      "srcWordEA": 27,
      "character": "영감,항아리",
      "setting": null,
      "action": "팔았지,옮기려고",
      "feeling": null,
      "causalRelationship": null,
      "outcomeResolution": null,
      "prediction": null,
      "plotSummaryInfoCount": 1,
      "plotSummaryInfo": {
        "classification": "의사소통",
        "readAge": "초등_고학년",
        "form": "short-form",
        "plotSummaryText": "밭만 팔았지 요술 항아리는 팔지 않았다며, 욕심쟁이 영감은 끙끙대며 항아리를 옮기려고 했다. ",
        "textWordEA": 12
      }
    },
    {
      "srcTextID": "13569",
      "srcText": "욕심쟁이 영감이 하루 종일 끙끙댔지만, 요술 항아리는 꿈쩍도 하지 않았어. 그러자 지켜보던 사람들이 한마디씩 거들었어. “저러다 욕심쟁이 영감이 요술 항아리만 깨뜨리겠네. 이럴 게 아니라 원님께 가서 누구 것이 맞는지 판결을 내려 달라고 하게.” ",
      "srcPage": 7,
      "srcSentenceEA": 4,
      "srcWordEA": 35,
      "character": "영감,사람들,원님,요술항아리",
      "setting": null,
      "action": "지켜보던",
      "feeling": null,
      "causalRelationship": null,
      "outcomeResolution": null,
      "prediction": null,
      "plotSummaryInfoCount": 1,
      "plotSummaryInfo": {
        "classification": "의사소통",
        "readAge": "초등_고학년",
        "form": "long-form",
        "plotSummaryText": "욕심쟁이 영감이 애써도 요술 항아리는 꿈쩍도 하지 않았고, 지켜보던 사람들은 원님께 가서 누구 것인지 판결해달라고 하자 했다.",
        "textWordEA": 17
      }
    },
    {
      "srcTextID": "13571",
      "srcText": "결국 농부와 욕심쟁이 영감은 원님을 찾아갔어. 원님은 농부의 하소연을 듣는 둥 마는 둥 욕심쟁이 영감 말도 요리 팽 저리 팽 고개만 끄덕이며 듣는 척만 하는 거야. 흘끔흘끔 요술 항아리만 바라보던 원님이 마침내 판결을 내렸지. ",
      "srcPage": 8,
      "srcSentenceEA": 3,
      "srcWordEA": 36,
      "character": "농부,영감,원님",
      "setting": null,
      "action": "찾아갔어,듣는",
      "feeling": null,
      "causalRelationship": null,
      "outcomeResolution": null,
      "prediction": null,
      "plotSummaryInfoCount": 1,
      "plotSummaryInfo": {
        "classification": "의사소통",
        "readAge": "초등_고학년",
        "form": "short-form",
        "plotSummaryText": "결국 농부와 영감은 원님을 찾아갔는데, 하소연을 듣는 척만 하고 요술 항아리만 바라보던 원님이 마침내 판결을 내렸다.",
        "textWordEA": 16
      }
    },
    {
      "srcTextID": "13578",
      "srcText": "“아범아! 아범아! 나 좀 꺼내다오.” 요술 항아리에서 원님을 부르는 소리가 들리는 거야. 깜짝 놀란 원님이 황급히 요술 항아리 속에서 아버지를 꺼냈어. ",
      "srcPage": 12,
      "srcSentenceEA": 4,
      "srcWordEA": 25,
      "character": "원님,아버지,항아리",
      "setting": null,
      "action": "부르는,꺼냈어",
      "feeling": null,
      "causalRelationship": null,
      "outcomeResolution": null,
      "prediction": null,
      "plotSummaryInfoCount": 1,
      "plotSummaryInfo": {
        "classification": "의사소통",
        "readAge": "초등_고학년",
        "form": "long-form",
        "plotSummaryText": "꺼내달라는 소리에 깜짝 놀란 원님이 황급히 요술 항아리 속에서 아버지를 꺼냈다.",
        "textWordEA": 11
      }
    },
    {
      "srcTextID": "12775",
      "srcText": "산 좋고 물 좋은 어느 마을에 부지런하기로 소문난 농부가 살았어. 그날도 농부는 밤늦도록 밭을 갈고 있었지. 그때 쨍! “어, 이게 무슨 소리지?” 깜짝 놀란 농부가 조심조심 밭을 파 보았더니 아, 글쎄 커다란 항아리가 있는 거야. ",
      "srcPage": 1,
      "srcSentenceEA": 5,
      "srcWordEA": 38,
      "character": "농부,항아리,밭",
      "setting": null,
      "action": "갈고,파",
      "feeling": null,
      "causalRelationship": null,
      "outcomeResolution": null,
      "prediction": null,
      "plotSummaryInfoCount": 1,
      "plotSummaryInfo": {
        "classification": "의사소통",
        "readAge": "초등_고학년",
        "form": "long-form",
        "plotSummaryText": "어느 마을에 부지런한 농부가 밤늦도록 밭을 갈다가, 커다란 항아리를 발견했다.",
        "textWordEA": 10
      }
    },
    {
      "srcTextID": "12780",
      "srcText": "이 모습을 몰래 엿보던 욕심쟁이 영감은 요술 항아리가 탐이 나서 견딜 수가 없었어. 요술 항아리만 생각하면 심장이 쿵쾅쿵쾅, 얼굴이 화끈화끈, 속이 부글부글 끓어올라서 잠도 제대로 못 자겠는 거야. 도저히 참을 수가 없었던 욕심쟁이 영감은 농부를 찾아갔지. ",
      "srcPage": 3,
      "srcSentenceEA": 3,
      "srcWordEA": 38,
      "character": "농부,항아리,영감",
      "setting": null,
      "action": "찾아갔지",
      "feeling": null,
      "causalRelationship": null,
      "outcomeResolution": null,
      "prediction": null,
      "plotSummaryInfoCount": 1,
      "plotSummaryInfo": {
        "classification": "의사소통",
        "readAge": "초등_고학년",
        "form": "short-form",
        "plotSummaryText": "욕심쟁이 영감은 요술 항아리가 탐이나 견딜 수가 없어 농부를 찾아갔다.",
        "textWordEA": 10
      }
    },
    {
      "srcTextID": "12777",
      "srcText": "“이보게, 그 요술 항아리 얼른 돌려주게.” 욕심쟁이 영감은 다짜고짜 요술 항아리를 내놓으라고 소리를 쳤어. “예? 그게 무슨 말씀입니까?” ",
      "srcPage": 4,
      "srcSentenceEA": 3,
      "srcWordEA": 20,
      "character": "염감,항아리",
      "setting": null,
      "action": "돌려주게,소리를 쳤어",
      "feeling": null,
      "causalRelationship": null,
      "outcomeResolution": null,
      "prediction": null,
      "plotSummaryInfoCount": 1,
      "plotSummaryInfo": {
        "classification": "의사소통",
        "readAge": "초등_고학년",
        "form": "short-form",
        "plotSummaryText": "요술 항아리를 돌려주라고 욕심쟁이 영감은 다짜고짜 소리를 쳤다.",
        "textWordEA": 8
      }
    },
    {
      "srcTextID": "12778",
      "srcText": "“자네, 그 밭을 누구에게 샀나?” “그야 십 년 전에 영감님께 샀습지요.” 그러니까 그 요술 항아리는 내 거야. ",
      "srcPage": 5,
      "srcSentenceEA": 3,
      "srcWordEA": 18,
      "character": "영감,항아리,밭",
      "setting": "십년 전에",
      "action": "샀나",
      "feeling": null,
      "causalRelationship": null,
      "outcomeResolution": null,
      "prediction": null,
      "plotSummaryInfoCount": 1,
      "plotSummaryInfo": {
        "classification": "의사소통",
        "readAge": "초등_고학년",
        "form": "short-form",
        "plotSummaryText": "그 밭을 십 년 전에 영감님께 샀다고 하니, 그래서 요술 항아리는 자신의 것이라고  했다.",
        "textWordEA": 15
      }
    },
    {
      "srcTextID": "13575",
      "srcText": "욕심쟁이 영감과 농부는 요술 항아리를 껴안으며 기겁을 했지. 그러자 원님이 거드름을 피우며 말했어. 반으로 쪼개는 것이 싫으면 어찌하겠느냐? ",
      "srcPage": 9,
      "srcSentenceEA": 3,
      "srcWordEA": 20,
      "character": "농부,영감,원님",
      "setting": null,
      "action": "말했어,쪼개는",
      "feeling": null,
      "causalRelationship": null,
      "outcomeResolution": null,
      "prediction": null,
      "plotSummaryInfoCount": 1,
      "plotSummaryInfo": {
        "classification": "의사소통",
        "readAge": "초등_고학년",
        "form": "short-form",
        "plotSummaryText": "농부와 영감이 놀라자, 반으로 쪼개는 것이 싫으면 어찌할 건지 원님이 물었다.",
        "textWordEA": 11
      }
    },
    {
      "srcTextID": "13574",
      "srcText": "그렇다고 누구 한 사람에게 줄 수도 없으니, 둘 중 한 사람이 양보할 마음이 생기거든 그때 이 요술 항아리를 가져가도록 하거라! 욕심쟁이 영감과 농부는 원님의 명령이라 어쩔 수 없었지.  잠깐만요! 항아리를 자르면 안돼요! ",
      "srcPage": 10,
      "srcSentenceEA": 4,
      "srcWordEA": 36,
      "character": "영감,농부,원님,항아리",
      "setting": null,
      "action": "가져가도록",
      "feeling": null,
      "causalRelationship": null,
      "outcomeResolution": null,
      "prediction": null,
      "plotSummaryInfoCount": 1,
      "plotSummaryInfo": {
        "classification": "의사소통",
        "readAge": "초등_고학년",
        "form": "long-form",
        "plotSummaryText": "원님은 농부와 영감 둘 중 한 사람이 양보할 마음이 생기거든 그때 요술 항아리를 가져가라고 했다.",
        "textWordEA": 15
      }
    },
    {
      "srcTextID": "13579",
      "srcText": "“아이고, 십년감수했네. 무슨 항아리에 먹을 것이 하나도 없누.” 그런데 또 원님을 부르는 소리가 들려왔어. 당황한 원님이 요술 항아리에서 아버지를 또 꺼냈지. ",
      "srcPage": 13,
      "srcSentenceEA": 4,
      "srcWordEA": 24,
      "character": "원님,아버지",
      "setting": null,
      "action": "꺼냈지",
      "feeling": "당황한",
      "causalRelationship": null,
      "outcomeResolution": null,
      "prediction": null,
      "plotSummaryInfoCount": 1,
      "plotSummaryInfo": {
        "classification": "의사소통",
        "readAge": "초등_고학년",
        "form": "long-form",
        "plotSummaryText": "또 원님을 부르는 소리가 들렸고, 당황한 원님은 요술 항아리에서 아버지를 또 꺼냈다.",
        "textWordEA": 12
      }
    }
  ]
}