{
  "title": "80일간의 세계 일주 ",
  "author": "쥘 베른",
  "illustrator": "이한이,김백송",
  "isbn": "9791165955410",
  "publishedYear": 2022,
  "publisher": "아람북스",
  "paragraphInfoCount": 19,
  "paragraphInfo": [
    {
      "srcTextID": "118825",
      "srcText": "그곳에는 아침 8시부터 오전 11시 30분까지 하인이 해야 할 일이 적혀 있었다. 8시 23분 차와 토스트로 아침 식사. 9시 37분 면도할 물의 온도를 30도로 데워 놓을 것. 9시 40분 머리 손질.",
      "srcPage": 16,
      "srcSentenceEA": 4,
      "srcWordEA": 34,
      "character": "하인",
      "setting": "8시 23분,9시 37분,9시 40분,아침 8시부터 오전 11시 30분까지",
      "action": "데워 놓을 것,머리 손질.",
      "feeling": null,
      "causalRelationship": null,
      "outcomeResolution": null,
      "prediction": null,
      "plotSummaryInfoCount": 1,
      "plotSummaryInfo": {
        "classification": "의사소통",
        "readAge": "초등_고학년",
        "form": "long-form",
        "plotSummaryText": "8시 23분 차와 토스트로 아침 식사, 9시 37분 면도할 물의 온도를 30도로 데워 놓을 것 등등 아침 8시부터 오전 11시 30분까지 하인이 해야 할 일이 그곳에 적혀 있었습니다.",
        "textWordEA": 28
      }
    },
    {
      "srcTextID": "118809",
      "srcText": "“아닙니다. 존이 아니고 장입니다. 그리고 별명은 파스파르투라고 합니다.” “파스파르투? 프랑스어로 ‘만능열쇠’ 아닌가? 왜 그런 별명을 얻게 되었지?”",
      "srcPage": 5,
      "srcSentenceEA": 5,
      "srcWordEA": 22,
      "character": "장,만능열쇠",
      "setting": null,
      "action": "얻게 되었지?",
      "feeling": null,
      "causalRelationship": null,
      "outcomeResolution": null,
      "prediction": null,
      "plotSummaryInfoCount": 1,
      "plotSummaryInfo": {
        "classification": "의사소통",
        "readAge": "초등_고학년",
        "form": "long-form",
        "plotSummaryText": "존이 아니고 장이라면서 별명은 파스파르투라고 말하자, 파스파르투는 프랑스어로 만능열쇠가 아니냐면서 왜 그런 별명을 얻게 되었냐고 물었습니다.",
        "textWordEA": 16
      }
    },
    {
      "srcTextID": "118810",
      "srcText": "“주인 나리, 새 하인이 왔습니다.” 포스터가 말했다. “들어오라고 하게.” 곧 젊은 사나이가 방 안으로 들어섰다. “프랑스 사람에다가 이름이 존이라고 했던가?”",
      "srcPage": 4,
      "srcSentenceEA": 5,
      "srcWordEA": 22,
      "character": "포스터,존",
      "setting": "방 안",
      "action": "왔습니다,들어오라고 하게,들어섰다",
      "feeling": null,
      "causalRelationship": null,
      "outcomeResolution": null,
      "prediction": null,
      "plotSummaryInfoCount": 1,
      "plotSummaryInfo": {
        "classification": "의사소통",
        "readAge": "초등_고학년",
        "form": "long-form",
        "plotSummaryText": "새 하인이 왔다고 포스터가 말하자, 들어오라고 대답했고 곧 방 안으로 젊은 사나이가 들어섰는데, 이름이 존이냐고 물었습니다.",
        "textWordEA": 16
      }
    },
    {
      "srcTextID": "118824",
      "srcText": "포그 씨는 엄숙하게 말하고 모자를 쓴 뒤에 집을 나갔다. “주인이 지나치게 꼼꼼한 사람이로군. 앞으로 고생 좀 하겠는데.”",
      "srcPage": 11,
      "srcSentenceEA": 3,
      "srcWordEA": 18,
      "character": "포그",
      "setting": "집",
      "action": "모자를 쓴 뒤에,나갔다",
      "feeling": "엄숙하게,지나치게 꼼꼼한",
      "causalRelationship": null,
      "outcomeResolution": null,
      "prediction": null,
      "plotSummaryInfoCount": 1,
      "plotSummaryInfo": {
        "classification": "의사소통",
        "readAge": "초등_고학년",
        "form": "short-form",
        "plotSummaryText": "엄숙하게 말하던 포그 씨가 모자를 쓴 뒤에 집을 나갔는데, 주인이 지나치게 꼼꼼한 사람이라면서 앞으로 고생 할 것 같다고 말했습니다.",
        "textWordEA": 19
      }
    },
    {
      "srcTextID": "118822",
      "srcText": "파스파르투는 혼자 중얼거렸다. 포그 씨는 키가 크고 머리털과 수염은 황금빛이었다. 얼굴은 부잣집 신사답게 윤기가 흘렀다.",
      "srcPage": 12,
      "srcSentenceEA": 3,
      "srcWordEA": 17,
      "character": "파스파르투,포그",
      "setting": null,
      "action": "중얼거렸다",
      "feeling": null,
      "causalRelationship": null,
      "outcomeResolution": null,
      "prediction": null,
      "plotSummaryInfoCount": 1,
      "plotSummaryInfo": {
        "classification": "의사소통",
        "readAge": "초등_고학년",
        "form": "short-form",
        "plotSummaryText": "파스파르투가 혼자 중얼거렸는데, 키가 크고 머리털과 수염은 황금빛이었던 포그 씨는 부잣집 신사답게 얼굴에서 윤기가 흘렀습니다.",
        "textWordEA": 15
      }
    },
    {
      "srcTextID": "118828",
      "srcText": "파스파르투는 미소를 지으며 3층에 가서 자신이 쓸 방으로 들어가 보았다. “마음에 드는 방이야!” 그때 파스파르투의 눈에 들어온 것이 있었다. 방 한쪽에 붙어 있는 하인의 일과표였다.",
      "srcPage": 15,
      "srcSentenceEA": 4,
      "srcWordEA": 27,
      "character": "파스파르투,하인의 일과표",
      "setting": "방",
      "action": "가서,들어가 보았다,들어온",
      "feeling": "미소를 지으며,마음에 드는",
      "causalRelationship": null,
      "outcomeResolution": null,
      "prediction": null,
      "plotSummaryInfoCount": 1,
      "plotSummaryInfo": {
        "classification": "의사소통",
        "readAge": "초등_고학년",
        "form": "long-form",
        "plotSummaryText": "미소를 지으며 3층으로 간 파스파르투는 자신이 쓸 방으로 들어가 보았는데, 그때 방 한쪽에 붙어 있는 하인의 일과표가 파스파르투의 눈에 들어왔습니다.",
        "textWordEA": 20
      }
    },
    {
      "srcTextID": "118826",
      "srcText": "옷마다 입은 날짜가 적힌 꼬리표가 붙어 있었다. 구두 역시 마찬가지였다. 그러나 잠시 후 파스파르투는 고개를 갸우뚱거렸다.",
      "srcPage": 18,
      "srcSentenceEA": 3,
      "srcWordEA": 18,
      "character": "꼬리표,옷,구두,파스파르투",
      "setting": null,
      "action": "입은,붙어 있었다,고개를 갸우뚱거렸다",
      "feeling": null,
      "causalRelationship": null,
      "outcomeResolution": null,
      "prediction": null,
      "plotSummaryInfoCount": 1,
      "plotSummaryInfo": {
        "classification": "의사소통",
        "readAge": "초등_고학년",
        "form": "short-form",
        "plotSummaryText": "입은 날짜가 적힌 꼬리표가 옷마다 붙어 있었고 구두 역시 마찬가지였는데, 잠시 후 파스파르투가 고개를 갸우뚱거렸습니다.",
        "textWordEA": 15
      }
    },
    {
      "srcTextID": "118823",
      "srcText": "포그 씨는 걸음을 걸을 때 상당히 신중했다. 클럽에 갈 때도 지름길만 골라서 갔고 지나가는 사람들을 곁눈질하지도 않았다. 그리고 절대로 초조해하거나 서두르지 않았다. 포그 씨는 아주 착실할 뿐만 아니라 꼼꼼하고 침착한 영국 신사였다.",
      "srcPage": 13,
      "srcSentenceEA": 4,
      "srcWordEA": 35,
      "character": "포그,사람들",
      "setting": "클럽",
      "action": "걸음을 걸을 때,지름길만 골라서 갔고,곁눈질하지도 않았다",
      "feeling": "신중했다",
      "causalRelationship": null,
      "outcomeResolution": null,
      "prediction": null,
      "plotSummaryInfoCount": 1,
      "plotSummaryInfo": {
        "classification": "의사소통",
        "readAge": "초등_고학년",
        "form": "long-form",
        "plotSummaryText": "걸음을 걸을 때 상당히 신중한 포그 씨는 클럽에 갈 때도 지름길만 골라서 갔고 지나가는 사람들을 곁눈질하지도 않았으며, 아주 착실하고 꼼꼼한 영국 신사였습니다.",
        "textWordEA": 22
      }
    },
    {
      "srcTextID": "118610",
      "srcText": "1872년, 영국 런던에 필리어스 포그라는 신사가 살고 있었다. 포그 씨는 매우 유명한 클럽의 회원이며 상당한 부자였는데 한편으로 별난 데가 있는 신사였다. 그는 자신을 드러내기 싫어했으며, 생활은 엄격할 만큼 규칙적이었다. 포그 씨는 아침에 일어나자마자 신문을 읽고 정해진 시간에 식사를 하고 정해진 시간에 클럽에 가서 카드놀이를 했다.",
      "srcPage": 1,
      "srcSentenceEA": 4,
      "srcWordEA": 48,
      "character": "필리어스 포그",
      "setting": "1872년,영국 런던,아침,클럽",
      "action": "살고 있었다,규칙적이었다,신문을 읽고,식사를 하고,카드놀이를 했다.",
      "feeling": "싫어했으며",
      "causalRelationship": null,
      "outcomeResolution": null,
      "prediction": null,
      "plotSummaryInfoCount": 1,
      "plotSummaryInfo": {
        "classification": "의사소통",
        "readAge": "초등_고학년",
        "form": "long-form",
        "plotSummaryText": "1872년, 필리어스 포그라는 신사가 영국 런던에 살고 있었는데, 매우 유명한 클럽의 회원이며 상당한 부자였고, 규칙적이었지만 별난 데가 있는 신사였으며, 아침에 일어나자마자 신문을 읽고 정해진 시간에 식사하고 정해진 시간에 클럽에 가서 카드놀이를 했습니다.",
        "textWordEA": 32
      }
    },
    {
      "srcTextID": "118827",
      "srcText": "이 밖에도 포그 씨가 클럽에서 돌아와서부터 잠들 때까지의 일과가 빠짐없이 적혀 있었다. 파스파르투는 주인의 양복장을 열었다. 양복장 안도 말끔하게 정돈되어 있었다.",
      "srcPage": 17,
      "srcSentenceEA": 3,
      "srcWordEA": 23,
      "character": "포그,파스파르투,클럽",
      "setting": "양복장",
      "action": "돌아와서,열었다",
      "feeling": null,
      "causalRelationship": null,
      "outcomeResolution": null,
      "prediction": null,
      "plotSummaryInfoCount": 1,
      "plotSummaryInfo": {
        "classification": "의사소통",
        "readAge": "초등_고학년",
        "form": "short-form",
        "plotSummaryText": "이 밖에도 포그 씨가 클럽에서 돌아오고부터 잠들 때까지의 일과가 빠짐없이 적혀 있었고, 파스파르투가 주인의 양복장을 열자 양복장 안도 말끔하게 정돈되어 있었습니다.",
        "textWordEA": 21
      }
    },
    {
      "srcTextID": "118808",
      "srcText": "“무슨 일이든 시키기만 하면 잘 해내기 때문에 다른 사람들이 붙여 주었습니다.” 젊은 사나이가 말했다. 저는 지금까지 여러 곳에서 많은 일을 했습니다.",
      "srcPage": 6,
      "srcSentenceEA": 3,
      "srcWordEA": 23,
      "character": "다른 사람들,젊은 사나이",
      "setting": null,
      "action": "붙여 주었습니다,일을 했습니다.",
      "feeling": null,
      "causalRelationship": null,
      "outcomeResolution": null,
      "prediction": null,
      "plotSummaryInfoCount": 1,
      "plotSummaryInfo": {
        "classification": "의사소통",
        "readAge": "초등_고학년",
        "form": "short-form",
        "plotSummaryText": "무슨 일이든 시키기만 하면 잘 해내기 때문에 다른 사람들이 붙여 주었다고 말하면서, 지금까지 여러 곳에서 많은 일을 했다고 젊은 사나이가 말했습니다.",
        "textWordEA": 21
      }
    },
    {
      "srcTextID": "118811",
      "srcText": "그러다가 최근에 일자리를 잃었는데 마침 포그 씨가 하인을 찾는다기에 이렇게 찾아왔습니다. “파스파르투라는 이름이 마음에 드는군. 자넨 내 조건들을 알고 있나?”",
      "srcPage": 8,
      "srcSentenceEA": 3,
      "srcWordEA": 21,
      "character": "포그,파스파르투",
      "setting": null,
      "action": "일자리를 잃었는데,찾아왔습니다.",
      "feeling": null,
      "causalRelationship": null,
      "outcomeResolution": null,
      "prediction": null,
      "plotSummaryInfoCount": 1,
      "plotSummaryInfo": {
        "classification": "의사소통",
        "readAge": "초등_고학년",
        "form": "short-form",
        "plotSummaryText": "포그 씨가 하인을 찾는다고 해서 이렇게 찾아왔다고 말하자, 파스파르투라는 이름이 마음에 든다면서 자기 조건들을 알고 있냐고 물었습니다.",
        "textWordEA": 17
      }
    },
    {
      "srcTextID": "118821",
      "srcText": "“자네 시계는 4분이 늦네.” “그럴 리가요. 그럴 리 없습니다.” “아무튼 자네는 1872년 10월 2일 수요일 오전 11시 29분부터 내 하인이 되었네.”",
      "srcPage": 10,
      "srcSentenceEA": 4,
      "srcWordEA": 22,
      "character": "시계,하인",
      "setting": "1872년 10월 2일 수요일 오전 11시 29분",
      "action": "되었네,늦네",
      "feeling": null,
      "causalRelationship": null,
      "outcomeResolution": null,
      "prediction": null,
      "plotSummaryInfoCount": 1,
      "plotSummaryInfo": {
        "classification": "의사소통",
        "readAge": "초등_고학년",
        "form": "long-form",
        "plotSummaryText": "자네 시계는 4분이 늦다고 말하며, 아무튼 자네는 1872년 10월 2일 수요일 오전 11시 29분부터 자기 하인이 되었다고 말했습니다.",
        "textWordEA": 18
      }
    },
    {
      "srcTextID": "118829",
      "srcText": "파스파르투는 붙임성이 아주 좋은 사나이였다. 포그 씨가 나가고 난 뒤 파스파르투는 이 집의 구석구석을 살피면서 앞으로 해야 할 일이 무엇인지를 봐 두기로 했다. “깨끗해서 한결 일하기가 편하겠어.”",
      "srcPage": 14,
      "srcSentenceEA": 3,
      "srcWordEA": 28,
      "character": "파스파르투,포그",
      "setting": "집",
      "action": "나가고 난 뒤,살피면서,봐 두기로 했다.",
      "feeling": "편하겠어",
      "causalRelationship": null,
      "outcomeResolution": null,
      "prediction": null,
      "plotSummaryInfoCount": 1,
      "plotSummaryInfo": {
        "classification": "의사소통",
        "readAge": "초등_고학년",
        "form": "short-form",
        "plotSummaryText": "붙임성이 아주 좋은 사나이였던 파스파르투는 포그 씨가 나가고 난 뒤, 이 집의 구석구석을 살피면서 앞으로 해야 할 일이 무엇인지를 봐 두기로 했는데, 깨끗해서 일하기 편하겠다고 생각했습니다.",
        "textWordEA": 26
      }
    },
    {
      "srcTextID": "118831",
      "srcText": "집 안에 서재가 없었기 때문이었다. 아무리 눈을 씻고 보아도 집 안에는 책이라고는 한 권도 없었다. 어쨌든 파스파르투는 기뻤다. 집의 어느 곳 하나 마음에 들지 않는 곳이 없었기 때문이었다.",
      "srcPage": 19,
      "srcSentenceEA": 4,
      "srcWordEA": 31,
      "character": "책,파스파르투,서재",
      "setting": "집 안",
      "action": "눈을 씻고 보아도",
      "feeling": "기뻤다",
      "causalRelationship": null,
      "outcomeResolution": null,
      "prediction": null,
      "plotSummaryInfoCount": 1,
      "plotSummaryInfo": {
        "classification": "의사소통",
        "readAge": "초등_고학년",
        "form": "long-form",
        "plotSummaryText": "집 안에 서재가 없었고 책이 한 권도 없었지만, 파스파르투는 집의 어느 곳 하나 마음에 들지 않는 곳이 없었기 때문에 기뻤습니다.",
        "textWordEA": 20
      }
    },
    {
      "srcTextID": "118612",
      "srcText": "포그 씨는 하인과 둘이서만 살고 있었다. 포그 씨의 집은 그다지 큰 편이 아니었고 언제나 생활이 한결같았기 때문에 하인은 참 편했다. 10월 2일, 포그 씨는 지금까지 부리던 포스터라는 하인을 내보내고 새로운 하인을 고용하기로 했다. 포스터가 포그 씨의 면도 물을 30도로 데워야 하는데 29도로 데우는 실수를 했기 때문이었다.",
      "srcPage": 2,
      "srcSentenceEA": 4,
      "srcWordEA": 49,
      "character": "포그,포스터",
      "setting": "집,10월 2일",
      "action": "살고 있었다,부리던,내보내고,고용하기로 했다,데워야 하는데,데우는",
      "feeling": "편했다",
      "causalRelationship": null,
      "outcomeResolution": null,
      "prediction": null,
      "plotSummaryInfoCount": 1,
      "plotSummaryInfo": {
        "classification": "의사소통",
        "readAge": "초등_고학년",
        "form": "long-form",
        "plotSummaryText": "그다지 큰 편이 아니었던 포그 씨의 집에서는 생활이 언제나 한결같았기 때문에 포그 씨와 단둘이서 살고 있던 하인은 참 편했지만, 10월 2일,  포그 씨는 지금까지 부리던 포스터라는 하인을 내보내고 새로운 하인을 고용하기로 했습니다.",
        "textWordEA": 33
      }
    },
    {
      "srcTextID": "118611",
      "srcText": "새로 일하게 된 하인은 오전 11시에서 11시 30분 사이에 오기로 되어 있었다. 포그 씨는 단정한 모습으로 팔걸이의자에 앉아 있었다. 그리고 시곗바늘을 바라보면서 하인이 오기만을 기다렸다. 그때, 문을 두드리는 소리가 들렸다.",
      "srcPage": 3,
      "srcSentenceEA": 4,
      "srcWordEA": 33,
      "character": "하인,포그,문",
      "setting": "오전 11시에서 11시 30분 사이,팔걸이의자",
      "action": "일하게 된,앉아 있었다,바라보면서,기다렸다,두드리는 소리가 들렸다.",
      "feeling": null,
      "causalRelationship": null,
      "outcomeResolution": null,
      "prediction": null,
      "plotSummaryInfoCount": 1,
      "plotSummaryInfo": {
        "classification": "의사소통",
        "readAge": "초등_고학년",
        "form": "long-form",
        "plotSummaryText": "오전 11시에서 11시 30분 사이에 새로 일하게 된 하인이 오기로 되어 있었고 포그 씨는 시곗바늘을 바라보면서 하인이 오기만을 기다리고 있었는데, 그때 문을 두드리는 소리가 들렸습니다.",
        "textWordEA": 25
      }
    },
    {
      "srcTextID": "118812",
      "srcText": "서커스단에서 곡예사도 했었고 노래도 불렀으며, 소방수 노릇과. “그럼 하인 노릇은 처음인가?” 그렇지는 않습니다. 저는 프랑스 사람으로 5년 전에 영국으로 건너왔습니다. 가정적인 삶을 살고 싶어서 한 가정집에 들어가 하인으로 일했습니다. ",
      "srcPage": 7,
      "srcSentenceEA": 5,
      "srcWordEA": 32,
      "character": "프랑스 사람",
      "setting": "서커스단,5년 전,영국,가정집",
      "action": "곡예사도 했었고 노래도 불렀으며,건너왔습니다,들어가,일했습니다.",
      "feeling": null,
      "causalRelationship": null,
      "outcomeResolution": null,
      "prediction": null,
      "plotSummaryInfoCount": 1,
      "plotSummaryInfo": {
        "classification": "의사소통",
        "readAge": "초등_고학년",
        "form": "long-form",
        "plotSummaryText": "서커스단에서 곡예사를 했었고 노래도 불렀다는 말에 하인 노릇은 처음이냐고 묻자, 그렇지는 않다면서 자기는 프랑스 사람이며 5년 전에 영국으로 건너와 일했다고 말했습니다.",
        "textWordEA": 21
      }
    },
    {
      "srcTextID": "118807",
      "srcText": "“네, 알고 있습니다.” 포그 씨는 시계를 쳐다보더니 혼자 중얼거렸다. “음, 11시 26분이군. 그런데 자넨 시계가 없나?” 파스파르투는 재빨리 호주머니에서 커다란 시계를 꺼냈다. “주인님, 제 시계는 11시 22분입니다.”",
      "srcPage": 9,
      "srcSentenceEA": 6,
      "srcWordEA": 30,
      "character": "포그,시계,파스파르투,호주머니",
      "setting": "11시 26분,11시 22분",
      "action": "혼자 중얼거렸다,꺼냈다",
      "feeling": null,
      "causalRelationship": null,
      "outcomeResolution": null,
      "prediction": null,
      "plotSummaryInfoCount": 1,
      "plotSummaryInfo": {
        "classification": "의사소통",
        "readAge": "초등_고학년",
        "form": "long-form",
        "plotSummaryText": "시계를 쳐다보고 혼자 중얼거렸던 포그 씨가, 11시 26분이라면서 시계가 왜 없냐고 묻자 파스파르투는 재빨리 호주머니에서 커다란 시계를 꺼냈고, 자기 시계는 11시 22분이라고 말했습니다.",
        "textWordEA": 23
      }
    }
  ]
}