{
  "title": "견우와 직녀",
  "author": "임형진",
  "illustrator": "하주희",
  "isbn": "9791165957742",
  "publishedYear": 2022,
  "publisher": "아람북스",
  "paragraphInfoCount": 16,
  "paragraphInfo": [
    {
      "srcTextID": "6516",
      "srcText": "부부가 된 견우와 직녀는 행복한 시간을 보냈어요. 견우는 푸른 들판에서 소를 돌보는 일도 잊고, 직녀는 베틀에 앉아 베를 짜는 것도 잊었지요. 이제 하늘나라에는 철커덕철커덕 베틀 소리도 우어우어 소 모는 소리도 들리지 않게 되었어요. 선녀들은 견우와 직녀를 걱정했어요. “혹시 견우님과 직녀님이 아프신 것은 아닐까?”",
      "srcPage": 6,
      "srcSentenceEA": 5,
      "srcWordEA": 46,
      "character": "견우,직녀,소,선녀들",
      "setting": "푸른 들판,하늘나라",
      "action": "돌보는,앉아,베를 짜는,모는,부부가 된,보냈어요,잊었지요",
      "feeling": "행복한,걱정했어요",
      "causalRelationship": null,
      "outcomeResolution": null,
      "prediction": null,
      "plotSummaryInfoCount": 1,
      "plotSummaryInfo": {
        "classification": "의사소통",
        "readAge": "초등_고학년",
        "form": "long-form",
        "plotSummaryText": "부부가 된 견우와 직녀가 행복한 시간을 보내냈는데, 견우는 소 돌보는 일을 잊었고, 직녀는 베틀에 앉아 베를 짜는 것도 잊어버리자, 하늘나라에는 견우와 직녀를 걱정했습니다.",
        "textWordEA": 23
      }
    },
    {
      "srcTextID": "6511",
      "srcText": "아주 오랜 옛날 하늘나라 임금님에게 예쁜 딸이 있었어요. 베를 아주 잘 짜서 이름도 직녀였지요. 직녀는 이른 아침부터 늦은 밤까지 베를 짰어요. 캄캄한 밤하늘에 베틀 소리가 울려 퍼지면 별들이 별똥별을 떨어뜨려 하늘에 반짝반짝 수를 놓았지요.",
      "srcPage": 1,
      "srcSentenceEA": 4,
      "srcWordEA": 37,
      "character": "하늘나라 임금님,예쁜 딸,베,직녀,별들,별똥별,베틀",
      "setting": "아주 오랜 옛날,하늘나라,이른 아침부터 늦은 밤까지,캄캄한 밤하늘",
      "action": "베를 짰어요,떨어뜨려,수를 놓았지요,잘 짜서,소리가 울려 퍼지면",
      "feeling": null,
      "causalRelationship": null,
      "outcomeResolution": null,
      "prediction": null,
      "plotSummaryInfoCount": 1,
      "plotSummaryInfo": {
        "classification": "의사소통",
        "readAge": "초등_고학년",
        "form": "long-form",
        "plotSummaryText": "아주 옛날 하늘나라 임금님에게 예쁜 직녀라는 딸이 있었는데 그녀는 베를 짜며 밤하늘에 베틀 소리가 울려 퍼지며 별들이 별똥별을 떨어뜨려 하늘에 수를 놓았습니다.",
        "textWordEA": 22
      }
    },
    {
      "srcTextID": "6513",
      "srcText": "직녀는 알록달록 예쁜 꽃들을 찾아 하늘나라 들판을 돌아다녔어요. 그때 직녀의 눈에 저 멀리 소를 몰고 가는 한 청년이 들어왔어요. 청년의 이름은 견우였지요.",
      "srcPage": 4,
      "srcSentenceEA": 3,
      "srcWordEA": 24,
      "character": "직녀,꽃들,소,청년,견우",
      "setting": "하늘나라 들판",
      "action": "찾아,돌아다녔어요,몰고 가는",
      "feeling": null,
      "causalRelationship": null,
      "outcomeResolution": null,
      "prediction": null,
      "plotSummaryInfoCount": 1,
      "plotSummaryInfo": {
        "classification": "의사소통",
        "readAge": "초등_고학년",
        "form": "short-form",
        "plotSummaryText": "직녀는 예쁜 꽃들을 찾아 하늘나라 들판을 돌아다니다가 소를 몰고 가는 한 청년이 눈에 들어왔는데, 그의 이름은 견우였습니다.",
        "textWordEA": 17
      }
    },
    {
      "srcTextID": "6515",
      "srcText": "세월이 흘러 견우와 직녀는 서로 좋아하게 되었어요. 둘은 황금색 꽃반지를 끼워 주며 혼인을 약속했지요. 임금님도 소를 열심히 돌보는 견우가 믿음직스러워 혼인을 허락했어요. 견우와 직녀는 신랑 신부가 되어 선녀들의 축복 속에 혼례를 올렸어요.",
      "srcPage": 5,
      "srcSentenceEA": 4,
      "srcWordEA": 35,
      "character": "견우,직녀,둘,황금색 꽃반지,임금님,소,신랑 신부,선녀들,혼인",
      "setting": null,
      "action": "끼워 주며,약속했지요,열심히 돌보는,허락했어요,혼례를 올렸어요",
      "feeling": "좋아하게",
      "causalRelationship": null,
      "outcomeResolution": null,
      "prediction": null,
      "plotSummaryInfoCount": 1,
      "plotSummaryInfo": {
        "classification": "의사소통",
        "readAge": "초등_고학년",
        "form": "long-form",
        "plotSummaryText": "서로 좋아하게 된 견우와 직녀는 혼인을 약속했고, 임금님도 소를 열심히 돌보는 견우가 믿음직스러워 혼인을 허락했으며, 선녀들의 축복 속에 신랑 신부가 된 견우와 직녀는 혼례를 올렸습니다.",
        "textWordEA": 25
      }
    },
    {
      "srcTextID": "6520",
      "srcText": "“은하수를 건널 수 있다면 좋으련만.” 견우와 직녀가 흘린 눈물은 하늘나라 아래로 아래로 흘러내려 땅 위의 숲과 마을을 휩쓸었어요. 그 바람에 땅 위에 살던 사람들과 동물들이 큰 고통을 받았지요.",
      "srcPage": 11,
      "srcSentenceEA": 3,
      "srcWordEA": 30,
      "character": "견우,직녀,눈물,사람들,동물들",
      "setting": "은하수,하늘나라 아래,숲과 마을,땅 위",
      "action": "건널,흘린,흘러내려,휩쓸었어요,큰 고통을 받았지요",
      "feeling": null,
      "causalRelationship": null,
      "outcomeResolution": null,
      "prediction": null,
      "plotSummaryInfoCount": 1,
      "plotSummaryInfo": {
        "classification": "의사소통",
        "readAge": "초등_고학년",
        "form": "short-form",
        "plotSummaryText": "견우와 직녀가 흘린 눈물은 하늘나라 아래로 계속 흘러내려 땅 위의 숲과 마을을 휩쓸자, 땅 위에 살던 사람들과 동물들이 큰 고통을 받았습니다.",
        "textWordEA": 21
      }
    },
    {
      "srcTextID": "6521",
      "srcText": "다시 긴 시간이 지나고 다음 해 칠월 칠석이 다가왔어요. 오늘도 은하수 강가에 나와 서로의 이름을 부르며 울던 견우와 직녀는 깜짝 놀랐어요. 까치와 까마귀들이 서로서로를 의지하면서 길고 튼튼한 다리를 만들고 있었으니까요.",
      "srcPage": 12,
      "srcSentenceEA": 3,
      "srcWordEA": 32,
      "character": "견우,직녀,까치,까마귀들,다리",
      "setting": "다음 해 칠월 칠석,오늘,은하수 강가",
      "action": "나와,부르며 울던,만들고,서로서로를 의지하면서,다시 긴 시간이 지나고,다가왔어요",
      "feeling": "깜짝 놀랐어요",
      "causalRelationship": null,
      "outcomeResolution": null,
      "prediction": null,
      "plotSummaryInfoCount": 1,
      "plotSummaryInfo": {
        "classification": "의사소통",
        "readAge": "초등_고학년",
        "form": "short-form",
        "plotSummaryText": "칠월 칠석이 다가오자, 은하수 강가에 나와 서로의 이름을 부르며 울던 견우와 직녀가 까치와 까마귀들이 서로서로 의지하면서 길고 튼튼한 다리를 만들고 있어서 깜짝 놀랐습니다.",
        "textWordEA": 23
      }
    },
    {
      "srcTextID": "6519",
      "srcText": "“이제부터 둘은 서로 떨어져 지내거라. 직녀는 은하수 서쪽에서 베를 짜고, 견우는 은하수 동쪽에서 소를 돌보거라!” 견우와 직녀는 뒤늦게 눈물을 흘리며 후회했지만, 이미 돌이킬 수 없었어요.",
      "srcPage": 9,
      "srcSentenceEA": 3,
      "srcWordEA": 27,
      "character": "둘,직녀,견우",
      "setting": "은하수 서쪽,은하수 동쪽",
      "action": "베를 짜고,소를 돌보거라,눈물을 흘리며",
      "feeling": "후회했지만",
      "causalRelationship": null,
      "outcomeResolution": null,
      "prediction": null,
      "plotSummaryInfoCount": 1,
      "plotSummaryInfo": {
        "classification": "의사소통",
        "readAge": "초등_고학년",
        "form": "short-form",
        "plotSummaryText": "직녀는 은하수 서쪽에서 베를 짜고 견우는 은하수 동쪽에서 소를 돌보도록 하자, 견우와 직녀는 뒤늦게 후회했지만 이미 돌이킬 수 없었습니다.",
        "textWordEA": 19
      }
    },
    {
      "srcTextID": "6522",
      "srcText": "임금님도 벌을 내리긴 했지만, 사랑하는 두 사람을 떼어 놓으려니 마음이 아팠지요. 그래서 일 년에 한 번, 음력 칠월 칠일에만 견우와 직녀가 만날 수 있도록 허락해 주었어요. 칠월 칠석이 되어도 만날 수가 없는 견우와 직녀는 웃음을 잃고 눈물로 세월을 보냈어요.",
      "srcPage": 10,
      "srcSentenceEA": 3,
      "srcWordEA": 41,
      "character": "임금님,두 사람,견우,직녀",
      "setting": "음력 칠월 칠일,칠월 칠석",
      "action": "만날,벌을 내리긴 했지만,웃음을 잃고,세월을 보냈어요",
      "feeling": "사랑하는,마음이 아팠지요,눈물로",
      "causalRelationship": null,
      "outcomeResolution": null,
      "prediction": null,
      "plotSummaryInfoCount": 1,
      "plotSummaryInfo": {
        "classification": "의사소통",
        "readAge": "초등_고학년",
        "form": "short-form",
        "plotSummaryText": "임금님도 마음이 아파서 일 년에 한 번, 음력 칠월 칠일에만 견우와 직녀가 만날 수 있도록 허락해 주었지만, 칠월 칠석이 되어도 만날 수가 없는 견우와 직녀는 눈물로 세월을 보냈습니다.",
        "textWordEA": 28
      }
    },
    {
      "srcTextID": "6525",
      "srcText": "견우와 직녀는 한달음에 은하수 강가로 달려갔어요. 하지만 은하수가 너무 넓고 깊어 건널 수가 없었지요. “보고 싶은 견우님!” “보고 싶은 직녀님!” ",
      "srcPage": 14,
      "srcSentenceEA": 4,
      "srcWordEA": 21,
      "character": "견우,직녀",
      "setting": "은하수 강가,은하수",
      "action": "달려갔어요,건널 수가 없었지요",
      "feeling": "보고 싶은",
      "causalRelationship": null,
      "outcomeResolution": null,
      "prediction": null,
      "plotSummaryInfoCount": 1,
      "plotSummaryInfo": {
        "classification": "의사소통",
        "readAge": "초등_고학년",
        "form": "long-form",
        "plotSummaryText": "견우와 직녀는 한달음에 은하수 강가로 달려갔지만, 은하수가 너무 넓고 깊어 건널 수가 없었습니다.",
        "textWordEA": 13
      }
    },
    {
      "srcTextID": "6524",
      "srcText": "견우와 직녀는 서로의 이름만 애타게 부르다 끝내 발길을 돌려야 했어요. 견우와 직녀는 다음 해 칠월 칠석을 약속하며 눈물 대신 엷은 미소를 머금은 채 헤어졌어요. 내년에도 까치와 까마귀들이 만든 오작교를 건너 만날 테니까요.",
      "srcPage": 15,
      "srcSentenceEA": 3,
      "srcWordEA": 34,
      "character": "견우,직녀,까치,까마귀들",
      "setting": "다음 해 칠월 칠석,내년에도,오작교",
      "action": "부르다,발길을 돌려야 했어요,약속하며,헤어졌어요,만든,엷은 미소를 머금은 채",
      "feeling": "애타게",
      "causalRelationship": null,
      "outcomeResolution": null,
      "prediction": null,
      "plotSummaryInfoCount": 1,
      "plotSummaryInfo": {
        "classification": "의사소통",
        "readAge": "초등_고학년",
        "form": "short-form",
        "plotSummaryText": "견우와 직녀는 끝내 발길을 돌려야 했고, 그들은 다음 해 칠월 칠석을 약속하며 눈물 대신 엷은 미소를 머금을 채 헤어졌는데, 내년에도 오작교를 건너 만날 수 있기 때문입니다.",
        "textWordEA": 26
      }
    },
    {
      "srcTextID": "6517",
      "srcText": "어느덧 하늘나라에 겨울이 찾아왔어요. 직녀가 겨울옷을 만들지 않았기 때문에 선녀들은 추워서 오들오들 떨어야 했어요. 또 견우가 돌보지 않은 소들이 제멋대로 날뛰는 바람에 하늘나라 들판은 아주 엉망이 되었지요.",
      "srcPage": 7,
      "srcSentenceEA": 3,
      "srcWordEA": 29,
      "character": "직녀,겨울옷,선녀들,견우,소들",
      "setting": "하늘나라,겨울,하늘나라 들판",
      "action": "만들지,오들오들 떨어야,제멋대로 날뛰는,찾아왔어요",
      "feeling": null,
      "causalRelationship": "직녀가 겨울옷을 만들지 않았기 때문에 선녀들은 추워서 오들오들 떨어야 했어요.",
      "outcomeResolution": null,
      "prediction": null,
      "plotSummaryInfoCount": 1,
      "plotSummaryInfo": {
        "classification": "의사소통",
        "readAge": "초등_고학년",
        "form": "short-form",
        "plotSummaryText": "하늘나라에 겨울이 찾아오자, 직녀가 겨울옷을 만들지 않아서 선녀들은 추워서 오들오들 떨어야 했고, 견우는 소들을 돌보지 않아 하늘나라 들판이 아주 엉망이 되었습니다.",
        "textWordEA": 21
      }
    },
    {
      "srcTextID": "6512",
      "srcText": "직녀는 정성 들여 짠 옷감으로 하늘나라 사람들의 옷을 만들었어요. 직녀가 만든 옷은 너무나 아름다워서 하늘나라 선녀들이 무척 좋아했어요. “이렇게 곱고 예쁜 옷을 만드는 직녀 공주님은 아마 마음씨도 이 옷처럼 고우실 거야.” 선녀들이 기뻐하는 모습을 보고 마음이 흐뭇해진 직녀는 더욱더 열심히 베를 짰어요.",
      "srcPage": 2,
      "srcSentenceEA": 4,
      "srcWordEA": 44,
      "character": "직녀,옷감,사람들,옷,선녀들",
      "setting": "하늘나라",
      "action": "옷을 만들었어요,보고,베를 짰어요,정성 들여 짠,만든 옷은,옷을 만드는,마음이 흐뭇해진",
      "feeling": "무척 좋아했어요,기뻐하는",
      "causalRelationship": null,
      "outcomeResolution": null,
      "prediction": null,
      "plotSummaryInfoCount": 1,
      "plotSummaryInfo": {
        "classification": "의사소통",
        "readAge": "초등_고학년",
        "form": "long-form",
        "plotSummaryText": "직녀는 짠 옷감으로 하늘나라 사람들의 옷을 만들었는데 그녀가 만든 옷은 너무나 아름다워 하늘나라 선녀들이 무척 좋아했고 선녀들이 기뻐하는 모습을 보고 더욱더 열심히 베를 짰습니다.",
        "textWordEA": 24
      }
    },
    {
      "srcTextID": "6514",
      "srcText": "하늘나라에 향긋한 봄이 왔어요. 바람이 꽃향기를 몰고 와서 코를 간질이자, 직녀에게 좋은 생각이 떠올랐어요. ‘그래, 꽃을 따다 옷감에 수놓으면 정말 아름다울 거야!’",
      "srcPage": 3,
      "srcSentenceEA": 3,
      "srcWordEA": 24,
      "character": "직녀,옷감",
      "setting": "하늘나라,봄",
      "action": "꽃을 따다,수놓으면,꽃향기를 몰고 와서,생각이 떠올랐어요",
      "feeling": "좋은",
      "causalRelationship": null,
      "outcomeResolution": "그래, 꽃을 따다 옷감에 수놓으면 정말 아름다울 거야!",
      "prediction": null,
      "plotSummaryInfoCount": 1,
      "plotSummaryInfo": {
        "classification": "의사소통",
        "readAge": "초등_고학년",
        "form": "short-form",
        "plotSummaryText": "하늘나라에 봄이 와 바람이 꽃향기를 몰고 와서 코를 간질이자, 직녀는 꽃을 따다 옷감에 수놓으면 아름다울 거라고 생각했습니다.",
        "textWordEA": 17
      }
    },
    {
      "srcTextID": "6518",
      "srcText": "임금님은 머리끝까지 화가 났어요. “일은 하지 않고 날마다 놀러만 다니다니!” 임금님은 견우와 직녀에게 큰 벌을 내렸어요.",
      "srcPage": 8,
      "srcSentenceEA": 3,
      "srcWordEA": 17,
      "character": "임금님,견우,직녀",
      "setting": null,
      "action": "놀러만 다니다니,큰 벌을 내렸어요",
      "feeling": "화가 났어요",
      "causalRelationship": null,
      "outcomeResolution": null,
      "prediction": null,
      "plotSummaryInfoCount": 1,
      "plotSummaryInfo": {
        "classification": "의사소통",
        "readAge": "초등_고학년",
        "form": "short-form",
        "plotSummaryText": "임금님은 일을 하지 않고 놀러만 다니는 견우와 직녀에게 화가 나서 큰 벌을 내렸습니다.",
        "textWordEA": 13
      }
    },
    {
      "srcTextID": "6523",
      "srcText": "“견우님, 직녀님, 이제 은하수를 건너가세요.” 드디어 만난 두 사람은 또다시 기쁨의 눈물을 흘렸어요. 드디어 기다리고 기다리던 칠월 칠석이 되었어요.",
      "srcPage": 13,
      "srcSentenceEA": 3,
      "srcWordEA": 21,
      "character": "견우님,직녀님,두 사람",
      "setting": "은하수,칠월 칠석",
      "action": "건너가세요,만난,흘렸어요,되었어요",
      "feeling": "기쁨의 눈물을",
      "causalRelationship": null,
      "outcomeResolution": null,
      "prediction": null,
      "plotSummaryInfoCount": 1,
      "plotSummaryInfo": {
        "classification": "의사소통",
        "readAge": "초등_고학년",
        "form": "short-form",
        "plotSummaryText": "드디어 만난 두 사람은 또다시 기쁨의 눈물을 흘렸고, 기다리고 기다리던 칠월 칠석이 되었습니다.",
        "textWordEA": 13
      }
    },
    {
      "srcTextID": "146949",
      "srcText": "행복하게 잘 사는 부부를 보고 \"천생연분이네.\" 하고 말하는 것을 들어 봤지? 이 말은 하늘이 짝지어 맺어 준 인연이라는 뜻이야. 그만큼 둘이 꼭 어울린다는 말이지. 우리처럼 말이야. 천생인연 또는 천정연분이라는 말도 같은 뜻으로 쓰인단다.",
      "srcPage": 16,
      "srcSentenceEA": 6,
      "srcWordEA": 38,
      "character": "부부,천생연분,하늘,인연,우리,천생인연,천정연분",
      "setting": null,
      "action": "잘 사는,보고,말하는 것,맺어 준",
      "feeling": "행복하게",
      "causalRelationship": null,
      "outcomeResolution": null,
      "prediction": null,
      "plotSummaryInfoCount": 1,
      "plotSummaryInfo": {
        "classification": "의사소통",
        "readAge": "초등_고학년",
        "form": "long-form",
        "plotSummaryText": "행복하게 잘 사는 부부를 보고 천생연분이네 라고 하는데, 하늘이 짝지어 맺어 준 인연이라는 뜻으로, 천생인연, 천정연분이라는 말도 같은 뜻으로 쓰입니다.",
        "textWordEA": 20
      }
    }
  ]
}