{
  "title": "꼬마 추장 우수리",
  "author": "김지유",
  "illustrator": "황요섭",
  "isbn": "9788961911672",
  "publishedYear": 2008,
  "publisher": "한얼교육",
  "paragraphInfoCount": 16,
  "paragraphInfo": [
    {
      "srcTextID": "125636",
      "srcText": "“아니지. 내 밭 옆에 있으니 내 땅이지!” 두 농부는 자신들의 밭 사이에 있는 땅을 놓고 서로 자기 땅이라고 우겼어요. 이른 아침이에요. 두 농부가 아옹다옹 다투고 있어요. “이 땅은 내 밭 옆에 있으니 내 땅이야!”",
      "srcPage": 2,
      "srcSentenceEA": 5,
      "srcWordEA": 38,
      "character": "두 농부,밭",
      "setting": "이른 아침",
      "action": "우겼어요,다투고",
      "feeling": null,
      "causalRelationship": null,
      "outcomeResolution": null,
      "prediction": null,
      "plotSummaryInfoCount": 1,
      "plotSummaryInfo": {
        "classification": "의사소통",
        "readAge": "초등_고학년",
        "form": "long-form",
        "plotSummaryText": "이른 아침에 두 농부는 자신들의 밭 사이에 있는 땅을 놓고 서로 자기 땅이라고 우기며 다투고 있었습니다.",
        "textWordEA": 16
      }
    },
    {
      "srcTextID": "125639",
      "srcText": "그때 꼬마 추장 우수리가 나타났어요. 우수리가 두 농부에게 말했어요. \"그 땅에 두 분이 함께 옥수수를 심어 가꾸세요.\"",
      "srcPage": 4,
      "srcSentenceEA": 3,
      "srcWordEA": 18,
      "character": "우수리,두 농부,옥수수",
      "setting": null,
      "action": "나타났어요,말했어요,심어,가꾸세요",
      "feeling": null,
      "causalRelationship": null,
      "outcomeResolution": null,
      "prediction": null,
      "plotSummaryInfoCount": 1,
      "plotSummaryInfo": {
        "classification": "의사소통",
        "readAge": "초등_고학년",
        "form": "short-form",
        "plotSummaryText": "꼬마 추장 우수리가 나타나 두 농부에게 그 땅에 두 분이 함께 옥수수를 심어 가꾸라고 말했습니다.",
        "textWordEA": 15
      }
    },
    {
      "srcTextID": "125641",
      "srcText": "해님이 하늘 꼭대기에 올라왔어요. “구구구구 구구구구구.......” 닭 한 마리가 흙을 콕콕 쪼며 이리저리 돌아다니고 있었어요.",
      "srcPage": 6,
      "srcSentenceEA": 3,
      "srcWordEA": 16,
      "character": "해님",
      "setting": "하늘 꼭대기",
      "action": "올라왔어요,쪼며,돌아다니고",
      "feeling": null,
      "causalRelationship": null,
      "outcomeResolution": null,
      "prediction": null,
      "plotSummaryInfoCount": 1,
      "plotSummaryInfo": {
        "classification": "의사소통",
        "readAge": "초등_고학년",
        "form": "short-form",
        "plotSummaryText": "해님이 하늘 꼭대기에 올라왔고, 닭 한 마리가 흙을 콕콕 쪼며 이리저리 돌아다니고 있었습니다.",
        "textWordEA": 13
      }
    },
    {
      "srcTextID": "125640",
      "srcText": "그러자 마을 사람 다섯 명이 우르르 몰려와 “아유, 내 닭!” “아니, 내 닭이에요!” 하며, 모두 자기 닭이라고 우겼어요.",
      "srcPage": 7,
      "srcSentenceEA": 4,
      "srcWordEA": 19,
      "character": "마을 사람,닭",
      "setting": null,
      "action": "몰려와,우겼어요",
      "feeling": null,
      "causalRelationship": null,
      "outcomeResolution": null,
      "prediction": null,
      "plotSummaryInfoCount": 1,
      "plotSummaryInfo": {
        "classification": "의사소통",
        "readAge": "초등_고학년",
        "form": "long-form",
        "plotSummaryText": "마을 사람 다섯 명이 우르르 몰려와 모두 자기 닭이라고 우겼습니다.",
        "textWordEA": 10
      }
    },
    {
      "srcTextID": "125643",
      "srcText": "그때 꼬마 추장 우수리가 나타났어요. “흠, 닭 주인을 찾기는 아무래도 어렵겠네요. 그냥 저 닭을 잡아 함께 먹는 게 좋겠어요.” 그러자 네 사람은 좋아서 입이 헤벌쭉 벌어졌는데, 한 사람만 울상을 지었지요.",
      "srcPage": 9,
      "srcSentenceEA": 4,
      "srcWordEA": 32,
      "character": "우수리,한 사람,닭 주인,닭",
      "setting": null,
      "action": "나타났어요,잡아,먹는,찾기는,울상을 지었지요",
      "feeling": "좋겠어요,어렵겠네요",
      "causalRelationship": null,
      "outcomeResolution": null,
      "prediction": null,
      "plotSummaryInfoCount": 1,
      "plotSummaryInfo": {
        "classification": "의사소통",
        "readAge": "초등_고학년",
        "form": "long-form",
        "plotSummaryText": "꼬마 추장 우수리가 나타나 저 닭을 잡아 함께 먹는 게 좋겠다고 하자 네 사람은 좋아서 입이 헤벌쭉 벌어졌는데, 한 사람만 울상을 지었습니다.",
        "textWordEA": 22
      }
    },
    {
      "srcTextID": "125644",
      "srcText": "꼬마 추장 우수리는 그 사람에게 닭을 건넸어요. “자, 이 닭을 가져가세요. 진짜 주인만이 자기가 키운 닭을 소중히 여길 테니까요.” 닭 주인은 그제야 환하게 웃었지요.",
      "srcPage": 10,
      "srcSentenceEA": 4,
      "srcWordEA": 26,
      "character": "우수리,닭",
      "setting": null,
      "action": "건넸어요,환하게 웃었지요,가져가세요",
      "feeling": "소중히",
      "causalRelationship": null,
      "outcomeResolution": null,
      "prediction": null,
      "plotSummaryInfoCount": 1,
      "plotSummaryInfo": {
        "classification": "의사소통",
        "readAge": "초등_고학년",
        "form": "long-form",
        "plotSummaryText": "꼬마 추장 우수리는 그 사람에게 닭을 건네며 진짜 주인만이 자기가 키운 닭을 소중히 여긴다고 말하자 닭 주인은 그제야 환하게 웃었습니다.",
        "textWordEA": 20
      }
    },
    {
      "srcTextID": "125646",
      "srcText": "“내 옥수수빵이 없어졌다!” 옥수수빵을 잃어버렸다며 큰소리를 친 사람은 펄펄 뛰며 앞집, 옆집, 뒷집을 뒤져 보고 사람들 입안까지 살펴봤지요. 마을은 또 한바탕 떠들썩해졌어요.",
      "srcPage": 12,
      "srcSentenceEA": 3,
      "srcWordEA": 24,
      "character": "옥수수빵",
      "setting": "마을",
      "action": "뛰며,살펴봤지요,뒤져 보고",
      "feeling": null,
      "causalRelationship": null,
      "outcomeResolution": null,
      "prediction": null,
      "plotSummaryInfoCount": 1,
      "plotSummaryInfo": {
        "classification": "의사소통",
        "readAge": "초등_고학년",
        "form": "short-form",
        "plotSummaryText": "옥수수빵을 잃어버렸다며 소리를 친 사람은 앞집, 옆집, 뒷집을 뒤져 보고 사람들 입안까지 살펴봐 마을은 또 한바탕 떠들썩해졌습니다.",
        "textWordEA": 17
      }
    },
    {
      "srcTextID": "125649",
      "srcText": "꼬마 추장 우수리는 집으로 돌아왔어요. “아함! 졸려.” 엄마 품에 안긴 우수리가 긴 하품을 했어요. 아무리 지혜로운 추장이지만, 우수리는 아직 엄마 품이 마냥 좋은가 봐요. “꼬마 추장 우수리야, 잘 자!”",
      "srcPage": 15,
      "srcSentenceEA": 5,
      "srcWordEA": 32,
      "character": "우수리",
      "setting": "집으로",
      "action": "돌아왔어요,안긴,하품을 했어요",
      "feeling": "좋은가 봐요",
      "causalRelationship": null,
      "outcomeResolution": null,
      "prediction": null,
      "plotSummaryInfoCount": 1,
      "plotSummaryInfo": {
        "classification": "의사소통",
        "readAge": "초등_고학년",
        "form": "long-form",
        "plotSummaryText": "꼬마 추장 우수리는 집으로 돌아와 엄마 품에 안긴 채 하품하는 모습을 보니, 그가 아무리 지혜로운 추장이지만 아직 엄마가 마냥 좋은가 봅니다.",
        "textWordEA": 21
      }
    },
    {
      "srcTextID": "125637",
      "srcText": "다툼 소리를 듣고 마을 사람들이 몰려왔어요. “땅을 똑같이 나누면 되잖아.” 그러더니 막대기를 들고 땅에 선을 쭈욱 그었어요. 그러자 한 농부가 외쳤어요. “내 땅이 더 작잖아!” 다시 선을 쭈욱 긋자, 이번엔 다른 농부가 투덜거렸어요. “비뚤어졌어! 내 땅이 훨씬 작아!”",
      "srcPage": 3,
      "srcSentenceEA": 7,
      "srcWordEA": 42,
      "character": "마을 사람들,막대기,한 농부",
      "setting": null,
      "action": "듣고,몰려왔어요,투덜거렸어요,들고,그었어요",
      "feeling": null,
      "causalRelationship": null,
      "outcomeResolution": null,
      "prediction": null,
      "plotSummaryInfoCount": 1,
      "plotSummaryInfo": {
        "classification": "의사소통",
        "readAge": "초등_고학년",
        "form": "long-form",
        "plotSummaryText": "다툼 소리를 듣고 마을 사람들이 몰려와 땅을 똑같이 나누면 된다고 하더니 막대기를 들고 땅에 선을 쭈욱 그었고, 서로 자기 땅이 더 작다며 투덜거렸습니다.",
        "textWordEA": 23
      }
    },
    {
      "srcTextID": "125638",
      "srcText": "\"그리고 옥수수를 거둘 때 똑같이 나누어 가지면 되지 않겠어요?\" “아하 그게 좋겠군요!” 두 농부는 그제야 환하게 웃었어요.",
      "srcPage": 5,
      "srcSentenceEA": 3,
      "srcWordEA": 18,
      "character": "옥수수,두 농부",
      "setting": null,
      "action": "웃었어요,가지면",
      "feeling": "환하게",
      "causalRelationship": null,
      "outcomeResolution": null,
      "prediction": null,
      "plotSummaryInfoCount": 1,
      "plotSummaryInfo": {
        "classification": "의사소통",
        "readAge": "초등_고학년",
        "form": "short-form",
        "plotSummaryText": "옥수수를 거둘 때 똑같이 나누어서 가지면 되지 않겠냐고 하자 그제야 두 농부는 환하게 웃었습니다.",
        "textWordEA": 14
      }
    },
    {
      "srcTextID": "125635",
      "srcText": "아프리카 어느 마을에 지혜롭기로 이름난 꼬마 추장 우수리가 있었어요. 우수리는 하루에 세 번 마을을 돌아다니며 문제가 없는지 살피고, 남다른 지혜로 문제를 해결해 주었지요. 꼬마 추장 우수리가 얼마나 지혜로운지 한번 따라가 볼까요?",
      "srcPage": 1,
      "srcSentenceEA": 3,
      "srcWordEA": 33,
      "character": "우수리",
      "setting": "아프리카",
      "action": "돌아다니며,살피고,해결해",
      "feeling": null,
      "causalRelationship": null,
      "outcomeResolution": null,
      "prediction": null,
      "plotSummaryInfoCount": 1,
      "plotSummaryInfo": {
        "classification": "의사소통",
        "readAge": "초등_고학년",
        "form": "short-form",
        "plotSummaryText": "아프리카 어느 마을에 지혜로운 꼬마 추장 우수리가 있었는데 우수리는 마을을 돌아다니며 문제가 없는지 살피고, 남다른 지혜로 문제를 해결해 주었습니다.",
        "textWordEA": 19
      }
    },
    {
      "srcTextID": "125642",
      "srcText": "사람들은 그 닭이 왜 자기 닭인지 말하기 시작했어요. “내 닭은 볏이 아주 탐스러워요!” “내 닭은 새벽마다 ‘꼬끼오!’하고 울어요!” “내 닭은 좁쌀을 아주 좋아하지요!” 세상에! 어느 닭이 안 그럴까요?",
      "srcPage": 8,
      "srcSentenceEA": 7,
      "srcWordEA": 31,
      "character": "사람들,닭",
      "setting": null,
      "action": "말하기,울어요",
      "feeling": "좋아하지요",
      "causalRelationship": null,
      "outcomeResolution": null,
      "prediction": null,
      "plotSummaryInfoCount": 1,
      "plotSummaryInfo": {
        "classification": "의사소통",
        "readAge": "초등_고학년",
        "form": "long-form",
        "plotSummaryText": "사람들은 서로 자기 닭을 설명하며 그 닭이 왜 자기 닭인지 말하기 시작했지만, 세상에 어느 닭이 안 그럴까요?",
        "textWordEA": 17
      }
    },
    {
      "srcTextID": "125645",
      "srcText": "해가 기울어 가는 저녁이에요. 집집마다 옥수수빵을 굽는 고소한 냄새가 솔솔. “엄마, 아직 안 됐어요? 꼴깍.” “이제 다 돼 간단다. 조금만 기다리렴.” 아이들은 빵이 구워지길 기다리며 침을 꼴깍꼴깍 삼켰어요. 그런데.......",
      "srcPage": 11,
      "srcSentenceEA": 8,
      "srcWordEA": 34,
      "character": "해,옥수수빵,엄마,아이들",
      "setting": "저녁",
      "action": "굽는,삼켰어요",
      "feeling": null,
      "causalRelationship": null,
      "outcomeResolution": null,
      "prediction": null,
      "plotSummaryInfoCount": 1,
      "plotSummaryInfo": {
        "classification": "의사소통",
        "readAge": "초등_고학년",
        "form": "long-form",
        "plotSummaryText": "해가 기울어 가는 저녁에 집집마다 옥수수빵을 굽는 고소한 냄새가 솔솔 나며 아이들이 빵이 구워지길 기다리며 침을 꼴깍꼴깍 삼키고 있었습니다.",
        "textWordEA": 19
      }
    },
    {
      "srcTextID": "125647",
      "srcText": "“지혜로운 꼬마 추장님, 옥수수빵 도둑을 잡아 주세요!” “난 도둑을 잡지 않겠어요. 옥수수빵이 없어진 건 배고픈 사람이 있기 때문이고, 그건 다 이 추장의 잘못이지요.”",
      "srcPage": 13,
      "srcSentenceEA": 3,
      "srcWordEA": 24,
      "character": "옥수수빵,도둑,배고픈 사람",
      "setting": null,
      "action": "잡아",
      "feeling": null,
      "causalRelationship": "옥수수빵이 없어진 건 배고픈 사람이 있기 때문이고, 그건 다 이 추장의 잘못이지요.",
      "outcomeResolution": null,
      "prediction": null,
      "plotSummaryInfoCount": 1,
      "plotSummaryInfo": {
        "classification": "의사소통",
        "readAge": "초등_고학년",
        "form": "short-form",
        "plotSummaryText": "옥수수빵 도둑을 잡아 달라는 말에 빵이 없어진 건 배고픈 사람이 있기 때문이고 그건 다 이 추장의 잘못이라고 말했습니다.",
        "textWordEA": 18
      }
    },
    {
      "srcTextID": "125648",
      "srcText": "대신 꼬마 추장 우수리는 부하에게 창고 안에 있는 옥수수 가루를 가져오라고 했어요. “자, 이 옥수수 가루로 모두가 배불리 먹을 수 있을 만큼 빵을 만드세요.” 달빛이 환하게 비치는 그날 저녁에 마을 사람들은 고소한 옥수수빵으로 잔치를 벌였지요.",
      "srcPage": 14,
      "srcSentenceEA": 3,
      "srcWordEA": 36,
      "character": "우수리,옥수숫가루",
      "setting": "창고 안에",
      "action": "가져오라고,비치는,벌였지요",
      "feeling": null,
      "causalRelationship": null,
      "outcomeResolution": null,
      "prediction": null,
      "plotSummaryInfoCount": 1,
      "plotSummaryInfo": {
        "classification": "의사소통",
        "readAge": "초등_고학년",
        "form": "short-form",
        "plotSummaryText": "꼬마 추장 우수리는 창고 안에 있는 옥수숫가루를 가져와 모두가 배불리 먹을 수 있을 만큼 빵을 만들라고 했고 마을 사람들은 고소한 옥수수빵으로 잔치를 벌였습니다.",
        "textWordEA": 23
      }
    },
    {
      "srcTextID": "146916",
      "srcText": "창의력은 지금까지 없었던 것을 새롭게 만들어 내거나, 기발한 생각을 하는 능력을 말해요. 오늘날 많은 학자들은 창의성이 지능보다 더 중요한 능력이라고 말하지요. 같은 지능을 가진 사람들이라도 창의성에 따라 문제를 해결하는 능력이 다르기 때문이에요. 창의력은 모든 분야에서 요구되고 있어요. 과학이나 음악, 문학과 같은 학문적 분야에서뿐 아니라 우리의 학교, 가정, 친구와의 관계에서도 새로운 방법으로 문제를 해결할 수 있는 창의력이 필요하니까요.",
      "srcPage": 16,
      "srcSentenceEA": 5,
      "srcWordEA": 61,
      "character": "학자들,창의성,지능,사람들,과학,음악,문학,친구,창의력",
      "setting": "오늘날,학교,가정",
      "action": "말하지요,다르기 때문이에요",
      "feeling": null,
      "causalRelationship": null,
      "outcomeResolution": null,
      "prediction": null,
      "plotSummaryInfoCount": 1,
      "plotSummaryInfo": {
        "classification": "의사소통",
        "readAge": "초등_고학년",
        "form": "long-form",
        "plotSummaryText": "창의력은 모든 분야에서 요귀 되고, 과학, 음악, 문학과 같은 학문적 분야에서뿐 아니라 학교, 가정, 친구와의 관계에서도 새로운 방법으로 문제를 해결할 수 있는 창의력이 필요합니다.",
        "textWordEA": 24
      }
    }
  ]
}