{
  "title": "우렁이 각시",
  "author": "김근주",
  "illustrator": "이수인",
  "isbn": "9791165957773",
  "publishedYear": 2022,
  "publisher": "아람북스",
  "paragraphInfoCount": 19,
  "paragraphInfo": [
    {
      "srcTextID": "7841",
      "srcText": "총각은 서둘러 밭으로 나갔어요. 어스름한 저녁이 되어서야 집으로 돌아온 총각은 자기 눈을 믿을 수가 없었어요. 마루에 김이 무럭무럭 나는 하얀 쌀밥과 국이며 반찬이 가지런히 차려져 있었으니까요.",
      "srcPage": 5,
      "srcSentenceEA": 3,
      "srcWordEA": 28,
      "character": "총각,쌀밥,국,반찬",
      "setting": "밭,저녁,집,마루",
      "action": "나갔어요,돌아온",
      "feeling": null,
      "causalRelationship": "어스름한 저녁이 되어서야 집으로 돌아온 총각은 자기 눈을 믿을 수가 없었어요. 마루에 김이 무럭무럭 나는 하얀 쌀밥과 국이며 반찬이 가지런히 차려져 있었으니까요.",
      "outcomeResolution": null,
      "prediction": null,
      "plotSummaryInfoCount": 1,
      "plotSummaryInfo": {
        "classification": "의사소통",
        "readAge": "초등_고학년",
        "form": "short-form",
        "plotSummaryText": "총각은 밭으로 나갔다가 어스름한 저녁이 되어서 집에 돌아왔는데, 마루에 쌀밥, 국, 반찬이 차려져 있어 깜짝 놀랐다.",
        "textWordEA": 16
      }
    },
    {
      "srcTextID": "7851",
      "srcText": "고민하던 총각은 우렁이 각시에게 이 이야기를 털어놓았어요. 그러자 우렁이 각시는 총각에게 가락지 하나를 주며 바닷물에 던지라고 했어요. 바닷가에 도착한 총각은 바다 한가운데를 향해 가락지를 힘껏 내던졌어요.",
      "srcPage": 15,
      "srcSentenceEA": 3,
      "srcWordEA": 28,
      "character": "총각,우렁이 각시,가락지",
      "setting": "바닷가",
      "action": "털어놓았어요,주며,던지라고,도착한,내던졌어요",
      "feeling": null,
      "causalRelationship": null,
      "outcomeResolution": "바닷가에 도착한 총각은 바다 한가운데를 향해 가락지를 힘껏 내던졌어요.",
      "prediction": null,
      "plotSummaryInfoCount": 1,
      "plotSummaryInfo": {
        "classification": "의사소통",
        "readAge": "초등_고학년",
        "form": "short-form",
        "plotSummaryText": "고민하던 총각은 우렁이 각시에게 이 이야기를 털어놓았고, 이후 우렁이 각시가 시키는 대로 바닷가로 가서 바닷물에 가락지를 힘껏 내던졌다.",
        "textWordEA": 18
      }
    },
    {
      "srcTextID": "7853",
      "srcText": "“허허, 그럼, 네가 내 사위로구나. 내 선물을 하나 줄 터이니 무슨 일이 생길 때마다 이 조롱박을 열거라.” 총각은 조롱박을 가지고 산으로 갔어요. 총각이 조롱박 마개를 열자, 꼬마 장정들이 쪼르르 줄지어 나와 순식간에 쓱싹쓱싹 나무를 몽땅 베고는 사라졌어요.",
      "srcPage": 17,
      "srcSentenceEA": 4,
      "srcWordEA": 40,
      "character": "사위,선물,총각,조롱박,산,꼬마 장정들",
      "setting": null,
      "action": "갔어요,마개를 열자,줄지어 나와,베고는 사라졌어요",
      "feeling": null,
      "causalRelationship": null,
      "outcomeResolution": null,
      "prediction": null,
      "plotSummaryInfoCount": 1,
      "plotSummaryInfo": {
        "classification": "의사소통",
        "readAge": "초등_고학년",
        "form": "long-form",
        "plotSummaryText": "용왕님은 사위인 총각에게 조롱박을 선물했고, 총각은 이 조롱박의 도움을 받아 나무를 몽땅 벨 수 있었다.",
        "textWordEA": 15
      }
    },
    {
      "srcTextID": "7856",
      "srcText": "총각이 내기에서 이기자, 화가 난 원님은 다른 시합을 하자고 했어요. 이번에는 말을 타고 먼저 강을 건너는 사람이 이기는 시합이었지요. 강가에 도착한 총각이 조롱박을 열었어요.",
      "srcPage": 18,
      "srcSentenceEA": 3,
      "srcWordEA": 26,
      "character": "총각,원님,조롱박",
      "setting": "강가",
      "action": "건너는,열었어요,타고",
      "feeling": null,
      "causalRelationship": "총각이 내기에서 이기자,화가 난 원님은 다른 시합을 하자고 했어요.",
      "outcomeResolution": null,
      "prediction": null,
      "plotSummaryInfoCount": 1,
      "plotSummaryInfo": {
        "classification": "의사소통",
        "readAge": "초등_고학년",
        "form": "short-form",
        "plotSummaryText": "총각이 내기에서 이기자 화가 난 원님은 말을 타고 강을 먼저 건너자는 새로운 시합을 제안했고, 총각은 강가에 도착해서 조롱박을 열었다.",
        "textWordEA": 19
      }
    },
    {
      "srcTextID": "7857",
      "srcText": "머리 꼭대기까지 화가 치민 원님은 배를 타고 바다 건너기 시합을 하자고 했어요. 총각이 조롱박을 열자, 작은 조각배가 나왔어요. 원님의 배는 둥둥 북소리에 맞춰 바다로 나아갔어요.",
      "srcPage": 21,
      "srcSentenceEA": 3,
      "srcWordEA": 27,
      "character": "원님,배,총각,조롱박,조각배",
      "setting": null,
      "action": "열자,나왔어요,나아갔어요",
      "feeling": "화가 치민",
      "causalRelationship": "총각이 조롱박을 열자,작은 조각배가 나왔어요.",
      "outcomeResolution": null,
      "prediction": null,
      "plotSummaryInfoCount": 1,
      "plotSummaryInfo": {
        "classification": "의사소통",
        "readAge": "초등_고학년",
        "form": "short-form",
        "plotSummaryText": "화가 난 원님은 다시 배를 타고 바다 건너기 시합을 하자고 제안했고, 총각은 조롱박을 열어 작은 조각배를 얻었다.",
        "textWordEA": 17
      }
    },
    {
      "srcTextID": "7845",
      "srcText": "총각은 쏜살같이 부엌으로 달려갔어요. 그리고 각시의 손을 덥석 잡았지요. “각시, 우렁이 각시! 내 색시가 되어 줘요.” 우렁이 각시는 얼굴을 살짝 붉히더니 이내 고개를 끄덕끄덕했지요.",
      "srcPage": 9,
      "srcSentenceEA": 5,
      "srcWordEA": 27,
      "character": "총각,각시,손,우렁이",
      "setting": "부엌",
      "action": "달려갔어요,잡았지요,끄덕끄덕했지요",
      "feeling": null,
      "causalRelationship": null,
      "outcomeResolution": null,
      "prediction": null,
      "plotSummaryInfoCount": 1,
      "plotSummaryInfo": {
        "classification": "의사소통",
        "readAge": "초등_고학년",
        "form": "long-form",
        "plotSummaryText": "총각은 부엌으로 달려가 우렁이 각시의 손은 잡고 색시가 되어 달라고 말했고, 우렁이 각시는 고개를 끄덕였다.",
        "textWordEA": 15
      }
    },
    {
      "srcTextID": "7847",
      "srcText": "총각은 이제 혼자가 아니었어요. 밭에 나가도 각시랑, 밥을 먹어도 각시랑 함께였지요. 괭이질 한 번 하고 각시 얼굴 보고, 호미질 한 번 하고 각시 얼굴 보고, 괭이질 두 번 하고 각시 얼굴 보고, 호미질 두 번 하고 각시 얼굴 보고, 총각은 각시가 너무 좋았어요.",
      "srcPage": 10,
      "srcSentenceEA": 3,
      "srcWordEA": 45,
      "character": "총각,각시,밥,괭이,호미",
      "setting": "밭에",
      "action": "먹어도,얼굴 보고",
      "feeling": "너무 좋았어요",
      "causalRelationship": null,
      "outcomeResolution": null,
      "prediction": null,
      "plotSummaryInfoCount": 1,
      "plotSummaryInfo": {
        "classification": "의사소통",
        "readAge": "초등_고학년",
        "form": "short-form",
        "plotSummaryText": "총각은 각시가 너무 좋았고, 밭에 나갈 때도 밥을 먹을 때도 함께 했다.",
        "textWordEA": 12
      }
    },
    {
      "srcTextID": "7848",
      "srcText": "‘흠, 듣던 대로 천하제일 미인이구먼.’ 원님은 우렁이 각시를 아내로 삼고 싶어졌어요. 그래서 총각을 관아로 불렀지요. ",
      "srcPage": 13,
      "srcSentenceEA": 3,
      "srcWordEA": 17,
      "character": "원님,우렁이 각시,총각",
      "setting": "관아",
      "action": "불렀지요",
      "feeling": null,
      "causalRelationship": null,
      "outcomeResolution": null,
      "prediction": "총각을 관아로 불렀지요.",
      "plotSummaryInfoCount": 1,
      "plotSummaryInfo": {
        "classification": "의사소통",
        "readAge": "초등_고학년",
        "form": "short-form",
        "plotSummaryText": "원님은 천하제일 미인인 우렁이 각시를 아내고 삼고 싶어서 총각을 관아로 불렀다.",
        "textWordEA": 11
      }
    },
    {
      "srcTextID": "7849",
      "srcText": "“자네가 이 마을에서 일을 제일 잘한다는 소문이 있던데, 나와 저 산에 있는 나무를 빨리 베는 시합을 해 보세.” 총각이 이기면 많은 땅을 주고, 원님이 이기면 우렁이 각시를 데려가겠다고 했죠. 총각은 그만 털썩 주저앉았어요. 원님이야 다른 사람을 시켜도 되지만, 총각은 원님을 이길 방법이 없었기 때문이지요.",
      "srcPage": 14,
      "srcSentenceEA": 4,
      "srcWordEA": 47,
      "character": "나무,총각,땅,원님,우렁이 각시",
      "setting": "마을에서",
      "action": "데려가겠다고,주저앉았어요",
      "feeling": null,
      "causalRelationship": null,
      "outcomeResolution": null,
      "prediction": null,
      "plotSummaryInfoCount": 1,
      "plotSummaryInfo": {
        "classification": "의사소통",
        "readAge": "초등_고학년",
        "form": "long-form",
        "plotSummaryText": "원님은 총각과 나무를 빨리 베는 시합을 하자고 제안했고,  총각이 이기면 많은 땅을 주고 원님이 이기면 우렁이 각시를 데려가겠다고 했다.",
        "textWordEA": 20
      }
    },
    {
      "srcTextID": "7850",
      "srcText": "총각이 예쁜 각시를 얻었다는 소문은 금세 아랫마을에까지 퍼졌어요. 욕심 많은 원님도 이 소식을 듣게 되었지요. 원님은 일부러 산골 마을에 가서 우렁이 각시를 몰래 훔쳐보았어요.",
      "srcPage": 12,
      "srcSentenceEA": 3,
      "srcWordEA": 26,
      "character": "총각,각시,원님",
      "setting": "아랫마을,산골 마을",
      "action": "얻었다는,듣게 되었지요,가서,훔쳐보았어요",
      "feeling": null,
      "causalRelationship": null,
      "outcomeResolution": null,
      "prediction": null,
      "plotSummaryInfoCount": 1,
      "plotSummaryInfo": {
        "classification": "의사소통",
        "readAge": "초등_고학년",
        "form": "short-form",
        "plotSummaryText": "총각이 예쁜 각시를 얻었다는 소문이 아랫마을까지 퍼지면서 욕심 많은 원님도 듣게 되었고, 원님은 산골 마을에 가서 우렁이 각시를 몰래 훔쳐봤다.",
        "textWordEA": 20
      }
    },
    {
      "srcTextID": "7852",
      "srcText": "그러자 돌개바람이 몰아치더니 파도가 거칠게 치솟았어요. “어느 놈이 날 부르느냐?” “아이고! 용왕님, 살려 줍쇼. 전 우렁이 각시가 가락지를 주어서 던졌을 뿐입니다.”",
      "srcPage": 16,
      "srcSentenceEA": 4,
      "srcWordEA": 23,
      "character": "용왕님,우렁이 각시,가락지",
      "setting": null,
      "action": "치솟았어요,던졌을 뿐입니다",
      "feeling": null,
      "causalRelationship": "그러자 돌개바람이 몰아치더니 파도가 거칠게 치솟았어요.",
      "outcomeResolution": null,
      "prediction": null,
      "plotSummaryInfoCount": 1,
      "plotSummaryInfo": {
        "classification": "의사소통",
        "readAge": "초등_고학년",
        "form": "long-form",
        "plotSummaryText": "돌개바람이 몰아치고 파도가 거칠게 치솟더니 용왕님이  나타났고, 총각은 용왕님에게 사정했다.",
        "textWordEA": 11
      }
    },
    {
      "srcTextID": "7858",
      "srcText": "총각은 작은 조각배의 노를 휘휘 저으며 바다로 나아갔죠. 그때 집채만 한 파도가 밀려와 원님의 배를 꿀꺽 삼켜 버렸지요. 그렇게 세 번째 내기에서도 못된 원님을 이긴 총각은 우렁이 각시와 아들딸을 낳고 오래오래 행복하게 살았어요.",
      "srcPage": 22,
      "srcSentenceEA": 3,
      "srcWordEA": 35,
      "character": "총각,작은 조각배,노,배,원님,우렁이 각시,아들딸",
      "setting": "바다,그때",
      "action": "저으며,나아갔죠,밀려와,꿀꺽 삼켜,낳고,살았어요",
      "feeling": null,
      "causalRelationship": "집채만 한 파도가 밀려와 원님의 배를 꿀꺽 삼켜 버렸지요.",
      "outcomeResolution": null,
      "prediction": null,
      "plotSummaryInfoCount": 1,
      "plotSummaryInfo": {
        "classification": "의사소통",
        "readAge": "초등_고학년",
        "form": "short-form",
        "plotSummaryText": "세 번째 내기에서도 원님은 졌고, 이긴 총각은 우렁이 각시와 아들딸을 낳고 행복하게 살았다.",
        "textWordEA": 13
      }
    },
    {
      "srcTextID": "7839",
      "srcText": "아주 아주 먼 옛날 깊은 산골 마을에 혼자 사는 총각이 있었어요. 굽이굽이 산이 높고 험해 찾아오는 사람이 없어 총각은 늘 외로웠지요. 하루는 총각이 밭에서 일을 하는데, 이상한 일이 생겼어요.",
      "srcPage": 1,
      "srcSentenceEA": 3,
      "srcWordEA": 31,
      "character": "총각,사람",
      "setting": "아주 아주 먼 옛날,깊은 산골 마을,밭에서",
      "action": "찾아오는,일을 하는데",
      "feeling": "외로웠지요",
      "causalRelationship": "굽이굽이 산이 높고 험해 찾아오는 사람이 없어 총각은 늘 외로웠지요.",
      "outcomeResolution": null,
      "prediction": null,
      "plotSummaryInfoCount": 1,
      "plotSummaryInfo": {
        "classification": "의사소통",
        "readAge": "초등_고학년",
        "form": "short-form",
        "plotSummaryText": "아주 먼 옛날 깊은 산골 마을에 혼자 사는 총각은 찾아오는 사람이 없어 늘 외로웠는데, 하루는 밭에서 일을 하다가 이상한 경험을 했다.",
        "textWordEA": 21
      }
    },
    {
      "srcTextID": "7842",
      "srcText": "“아이고, 답답해라. 이러다 나 죽것네! 누가 그랬는지 내일은 꼭 알아내고야 말겠어.” 다음 날 총각은 일하러 가는 척 나가다가 울타리 뒤에 숨어서 집 안을 지켜보았어요.",
      "srcPage": 7,
      "srcSentenceEA": 4,
      "srcWordEA": 27,
      "character": "총각,나",
      "setting": "울타리 뒤,다음 날,집 안",
      "action": "나가다가,숨어서,지켜보았어요",
      "feeling": null,
      "causalRelationship": null,
      "outcomeResolution": null,
      "prediction": null,
      "plotSummaryInfoCount": 1,
      "plotSummaryInfo": {
        "classification": "의사소통",
        "readAge": "초등_고학년",
        "form": "long-form",
        "plotSummaryText": "다음 날 총각은 너무 궁금한 나머지 일하러 가는 척 나가다가 울타리 뒤에 숨어서 집 안을 지켜봤다.",
        "textWordEA": 16
      }
    },
    {
      "srcTextID": "7855",
      "srcText": "실망한 총각이 탄식하자, 시들시들하던 말이 갑자기 번개처럼 휙 내달리는 것이었어요. “원님, 이번에도 제가 이겼습죠?” 총각은 뒤따라오는 원님을 향해 히쭉 웃었어요.",
      "srcPage": 20,
      "srcSentenceEA": 3,
      "srcWordEA": 21,
      "character": "총각,말,원님",
      "setting": null,
      "action": "탄식하자,내달리는,웃었어요,뒤따라오는",
      "feeling": null,
      "causalRelationship": null,
      "outcomeResolution": null,
      "prediction": null,
      "plotSummaryInfoCount": 1,
      "plotSummaryInfo": {
        "classification": "의사소통",
        "readAge": "초등_고학년",
        "form": "short-form",
        "plotSummaryText": "총각이 실망하며 탄식하자, 시들시들하던 말이 갑자기 번개처럼 내달려 원님을 이겼다.",
        "textWordEA": 10
      }
    },
    {
      "srcTextID": "7838",
      "srcText": "“이 밭에 고구마 심으면 누구랑 먹지?” 하며 총각이 중얼거리는데, “나랑 나눠 먹지!” 하는 소리가 들려왔어요. 깜짝 놀란 총각이 숨죽이고 있다가 다시 조심조심 혼잣말을 해 보았어요. “이 밭에 옥수수 심으면 누구랑 먹지?” ",
      "srcPage": 2,
      "srcSentenceEA": 6,
      "srcWordEA": 34,
      "character": "고구마,총각,옥수수",
      "setting": "밭",
      "action": "심으면,중얼거리는데,혼잣말을",
      "feeling": null,
      "causalRelationship": null,
      "outcomeResolution": null,
      "prediction": null,
      "plotSummaryInfoCount": 1,
      "plotSummaryInfo": {
        "classification": "의사소통",
        "readAge": "초등_고학년",
        "form": "long-form",
        "plotSummaryText": "총각은 혼잣말로 밭에 고구마를 심으면 누구랑 먹냐고 중얼거렸는데 같이 나눠 먹자는 대답이 들려왔고, 다시 옥수수를 심어서 누구랑 먹냐고 혼잣말을 했다.",
        "textWordEA": 20
      }
    },
    {
      "srcTextID": "7840",
      "srcText": "다음 날 총각은 우렁이를 넣어 둔 항아리를 보고 말했어요. “우렁아, 일하고 올게.” “그럼, 난 집에서 기다리지.” 우렁이의 목소리가 가물가물 들리는 듯했지요.",
      "srcPage": 4,
      "srcSentenceEA": 4,
      "srcWordEA": 22,
      "character": "총각,우렁이,항아리",
      "setting": "집",
      "action": "말했어요,일하고 올게,기다리지",
      "feeling": null,
      "causalRelationship": null,
      "outcomeResolution": null,
      "prediction": "우렁이의 목소리가 가물가물 들리는 듯했지요.",
      "plotSummaryInfoCount": 1,
      "plotSummaryInfo": {
        "classification": "의사소통",
        "readAge": "초등_고학년",
        "form": "long-form",
        "plotSummaryText": "총각이 우렁이를 넣어 둔 항아리를 보고 일하고 오겠다고 말하자 기다리겠다는 우렁이의 목소리가 가물가물 들리는 듯했다.",
        "textWordEA": 15
      }
    },
    {
      "srcTextID": "7843",
      "srcText": "다음 날도, 그다음 날도 총각이 일을 끝내고 집으로 돌아오면 따뜻한 밥상이 차려져 있었어요. “누굴까? 누가 밥을 해 놓고 갔을까?” 총각은 밤이나 낮이나 그 생각만 했어요. ",
      "srcPage": 6,
      "srcSentenceEA": 3,
      "srcWordEA": 27,
      "character": "총각,밥상,밥",
      "setting": "집,밤,낮",
      "action": "일을 끝내고,돌아오면,밥을 해 놓고",
      "feeling": null,
      "causalRelationship": "다음 날도,그다음 날도 총각이 일을 끝내고 집으로 돌아오면 따뜻한 밥상이 차려져 있었어요.",
      "outcomeResolution": null,
      "prediction": null,
      "plotSummaryInfoCount": 1,
      "plotSummaryInfo": {
        "classification": "의사소통",
        "readAge": "초등_고학년",
        "form": "short-form",
        "plotSummaryText": "총각이 일을 끝내고 집으로 돌아오면 날마다 따뜻한 밥상이 차려져 있었고, 도대체 누가 밥을 해 놓고 갔는지 궁금했다.",
        "textWordEA": 17
      }
    },
    {
      "srcTextID": "7844",
      "srcText": "잠시 후 항아리에서 신비한 연기가 뭉게뭉게 피어오르더니 달처럼 환한 여인이 스르르 나타났어요. 깜짝 놀란 총각은 정신이 얼떨떨했어요. ‘우렁이가 각시가 되었나?’",
      "srcPage": 8,
      "srcSentenceEA": 3,
      "srcWordEA": 22,
      "character": "항아리,달,여인,총각,우렁이,각시",
      "setting": null,
      "action": "나타났어요",
      "feeling": null,
      "causalRelationship": null,
      "outcomeResolution": null,
      "prediction": null,
      "plotSummaryInfoCount": 1,
      "plotSummaryInfo": {
        "classification": "의사소통",
        "readAge": "초등_고학년",
        "form": "short-form",
        "plotSummaryText": "잠시 후 항아리에서 연기가 피어오르더니  달처럼 환한 여인이 나타났고, 총각은 우렁이 각시를 보고 얼떨떨했다.",
        "textWordEA": 15
      }
    }
  ]
}