{
  "title": "진진씨와 깔깔씨",
  "author": "김호정",
  "illustrator": "박정인",
  "isbn": "9788961911450",
  "publishedYear": 2008,
  "publisher": "한얼교육",
  "paragraphInfoCount": 16,
  "paragraphInfo": [
    {
      "srcTextID": "13923",
      "srcText": "그러던 어느 날, 진진 씨네 이웃집에 한 펭귄이 이사를 왔어요. 안녕하세요? 난 깔깔 씨라고 해요! 아저씨 수염이 깔깔해요? 깔깔 잘 웃어서 깔깔이란다. 재미있는 이웃이 생겼네요.",
      "srcPage": 2,
      "srcSentenceEA": 6,
      "srcWordEA": 30,
      "character": "진진 씨,펭귄,깔깔 씨",
      "setting": "어느 날,진진 씨네 이웃집",
      "action": "이사를 왔어요,생겼네요,웃어서",
      "feeling": "재미있는",
      "causalRelationship": "깔깔 잘 웃어서 깔깔이란다.",
      "outcomeResolution": null,
      "prediction": null,
      "plotSummaryInfoCount": 1,
      "plotSummaryInfo": {
        "classification": "의사소통",
        "readAge": "초등_고학년",
        "form": "long-form",
        "plotSummaryText": "진진 씨네 이웃집에 깔깔 잘 웃어서 깔깔 씨라고 하는 재미있는 펭귄이 이사를 왔습니다.",
        "textWordEA": 13
      }
    },
    {
      "srcTextID": "13940",
      "srcText": "진진 씨는 깜짝 놀라 눈이 동그래졌어요. “얼마 전에 밤낚시를 갔다가 이걸 봤어요. 좀 더 지켜보다가 말하려고 했는데, 지금 얘기해야 될 것 같군요.”",
      "srcPage": 9,
      "srcSentenceEA": 3,
      "srcWordEA": 23,
      "character": "진진 씨",
      "setting": "얼마 전,지금",
      "action": "봤어요,말하려고,동그래졌어요,갔다가,지켜보다가,얘기해야",
      "feeling": "깜짝 놀라",
      "causalRelationship": null,
      "outcomeResolution": null,
      "prediction": null,
      "plotSummaryInfoCount": 1,
      "plotSummaryInfo": {
        "classification": "의사소통",
        "readAge": "초등_고학년",
        "form": "short-form",
        "plotSummaryText": "얼마 전에 밤낚시를 갔다가 이걸 봤다는 말을 듣고 진진 씨는 깜짝 놀라 눈이 동그래졌습니다.",
        "textWordEA": 14
      }
    },
    {
      "srcTextID": "13943",
      "srcText": "아뇨, 힘으로는 당하지 못해요. 방법을 찾아야 해요. 바다사자는 환한 달밤에 고기를 잡아요. 배는 북쪽 바위섬 사이에 두지요.",
      "srcPage": 11,
      "srcSentenceEA": 4,
      "srcWordEA": 20,
      "character": "바다사자,고기,배",
      "setting": "북쪽 바위섬 사이,환한 달밤",
      "action": "잡아요,당하지 못해요,찾아야 해요,두지요",
      "feeling": null,
      "causalRelationship": null,
      "outcomeResolution": null,
      "prediction": null,
      "plotSummaryInfoCount": 1,
      "plotSummaryInfo": {
        "classification": "의사소통",
        "readAge": "초등_고학년",
        "form": "long-form",
        "plotSummaryText": "힘으로는 당하지 못하고 바다사자는 환한 달밤에 고기를 잡으니, 배는 북쪽 바위섬 사이에 두자고 의견을 냈습니다.",
        "textWordEA": 15
      }
    },
    {
      "srcTextID": "13952",
      "srcText": "“진진 씨, 나도 당신이 부러워요. 진지하고 지혜로운 그 눈빛은 믿음을 주지요.” “하하, 그럼 우리 서로에게 부러운 점을 배웁시다.” 진진 씨와 깔깔 씨는 즐겁게 이야기꽃을 피웠어요.",
      "srcPage": 15,
      "srcSentenceEA": 4,
      "srcWordEA": 27,
      "character": "진진 씨,깔깔 씨,나,당신",
      "setting": null,
      "action": "주지요,배웁시다,피웠어요",
      "feeling": "부러워요,즐겁게",
      "causalRelationship": "나도 당신이 부러워요. 진지하고 지혜로운 그 눈빛은 믿음을 주지요.",
      "outcomeResolution": "우리 서로에게 부러운 점을 배웁시다.",
      "prediction": null,
      "plotSummaryInfoCount": 1,
      "plotSummaryInfo": {
        "classification": "의사소통",
        "readAge": "초등_고학년",
        "form": "long-form",
        "plotSummaryText": "진진 씨와 깔깔 씨는 서로에게 부러운 점을 배우자며 즐겁게 이야기꽃을 피웠습니다.",
        "textWordEA": 11
      }
    },
    {
      "srcTextID": "13959",
      "srcText": "그 뒤로 진진 씨와 깔깔 씨는 뭐든지 함께하는 좋은 친구가 되었지요. 여보게, 진진이. 안경! 아니, 안녕도 아니고 안경이라니! 앗! 으하하, 깔깔이 자네는 아무도 못 말린다니까!",
      "srcPage": 16,
      "srcSentenceEA": 6,
      "srcWordEA": 30,
      "character": "진진 씨,깔깔 씨,진진이,깔깔이,친구,안경,자네",
      "setting": "그 뒤로",
      "action": "되었지요,못 말린다니까,함께하는",
      "feeling": null,
      "causalRelationship": null,
      "outcomeResolution": "그 뒤로 진진 씨와 깔깔 씨는 뭐든지 함께하는 좋은 친구가 되었지요.",
      "prediction": null,
      "plotSummaryInfoCount": 1,
      "plotSummaryInfo": {
        "classification": "의사소통",
        "readAge": "초등_고학년",
        "form": "long-form",
        "plotSummaryText": "그 뒤로 진진 씨와 깔깔 씨는 뭐든지 함께하는 좋은 친구가 되었습니다.",
        "textWordEA": 11
      }
    },
    {
      "srcTextID": "13933",
      "srcText": "“후유!” 요즘 갑자기 물고기가 많이 잡히지 않는대요. 그러면 창고도 쓸모없어지게 되니 마을의 펭귄들은 한숨만 늘었지요. 이래서는 안 되겠다 싶어, 펭귄들은 회의를 열기로 했어요.",
      "srcPage": 6,
      "srcSentenceEA": 3,
      "srcWordEA": 26,
      "character": "펭귄들,물고기,창고",
      "setting": "마을,요즘",
      "action": "잡히지 않는대요,쓸모없어지게 되니,열기로 했어요",
      "feeling": null,
      "causalRelationship": null,
      "outcomeResolution": null,
      "prediction": "이래서는 안 되겠다 싶어, 펭귄들은 회의를 열기로 했어요.",
      "plotSummaryInfoCount": 1,
      "plotSummaryInfo": {
        "classification": "의사소통",
        "readAge": "초등_고학년",
        "form": "short-form",
        "plotSummaryText": "마을의 펭귄들은 갑자기 물고기가 많이 잡히지 않아 창고도 쓸모없어지게 되자 회의를 열기로 했습니다.",
        "textWordEA": 13
      }
    },
    {
      "srcTextID": "13939",
      "srcText": "“자, 이것 좀 보세요.” 깔깔 씨는 한숨을 쉬는 펭귄들을 보더니, 사진 한 장을 꺼냈어요. 바다사자가 밤에 몰래 나와 그물을 던져 물고기를 한꺼번에 잡아가는 모습이었어요.",
      "srcPage": 8,
      "srcSentenceEA": 3,
      "srcWordEA": 26,
      "character": "깔깔 씨,펭귄들,바다사자,사진,그물,물고기",
      "setting": "밤",
      "action": "꺼냈어요,잡아가는,보세요,보더니,나와,던져",
      "feeling": null,
      "causalRelationship": null,
      "outcomeResolution": null,
      "prediction": null,
      "plotSummaryInfoCount": 1,
      "plotSummaryInfo": {
        "classification": "의사소통",
        "readAge": "초등_고학년",
        "form": "short-form",
        "plotSummaryText": "깔깔 씨는 한숨을 쉬는 펭귄들을 보더니 바다사자가 밤에 그물을 던져 물고기를 잡아가는 사진 한 장을 꺼냈습니다.",
        "textWordEA": 16
      }
    },
    {
      "srcTextID": "13942",
      "srcText": "다음 날, 다시 마을 회의가 열렸어요. 깔깔 씨는 어제와 다른 진지한 모습으로 이야기했지요. 당장 바다사자를 찾아갑시다!",
      "srcPage": 10,
      "srcSentenceEA": 3,
      "srcWordEA": 18,
      "character": "바다사자,깔깔 씨",
      "setting": "다음 날,어제",
      "action": "이야기했지요,찾아갑시다,열렸어요",
      "feeling": null,
      "causalRelationship": null,
      "outcomeResolution": null,
      "prediction": null,
      "plotSummaryInfoCount": 1,
      "plotSummaryInfo": {
        "classification": "의사소통",
        "readAge": "초등_고학년",
        "form": "short-form",
        "plotSummaryText": "다음 날 마을 회의에서 깔깔 씨는 어제와 다른 진지한 모습으로 바다사자를 찾아가자고 말했습니다.",
        "textWordEA": 13
      }
    },
    {
      "srcTextID": "13947",
      "srcText": "오늘 밤에 달이 뜰 거야. 작전 개시! 역시! 밤에 물고기를 잡으려고 낮에 미리 잠을 자고 있군. 어서 배에 구멍을 내자! 그물도 여기저기 찢어 두자! ",
      "srcPage": 12,
      "srcSentenceEA": 6,
      "srcWordEA": 29,
      "character": "달,물고기,그물",
      "setting": "오늘 밤,밤,낮,배",
      "action": "자고 있군,구멍을 내자,찢어 두자,뜰 거야,잡으려고",
      "feeling": null,
      "causalRelationship": null,
      "outcomeResolution": null,
      "prediction": null,
      "plotSummaryInfoCount": 1,
      "plotSummaryInfo": {
        "classification": "의사소통",
        "readAge": "초등_고학년",
        "form": "long-form",
        "plotSummaryText": "달이 뜨는 밤에 물고기를 잡으려고 낮에 미리 낮잠을 자는 동안 배에 구멍을 내고 그물을 찢기로 했습니다.",
        "textWordEA": 16
      }
    },
    {
      "srcTextID": "13950",
      "srcText": "깔깔 씨와 펭귄들이 바다사자 앞에 섰어요. “바다사자 씨, 물고기를 그물로 마구 잡다 보면 언젠가는 바다사자 씨가 먹을 물고기마저 모두 사라지고 말 거예요.” “미안합니다. 내가 욕심을 부렸어요. 이제부터는 낚시로 먹을 만큼만 잡을게요.” 펭귄들과 바다사자는 화해를 하고 물고기 창고도 함께 쓰기로 했지요.",
      "srcPage": 13,
      "srcSentenceEA": 5,
      "srcWordEA": 43,
      "character": "깔깔 씨,펭귄들,바다사자,물고기,그물,내",
      "setting": "바다사자 앞,언젠가,이제부터,창고",
      "action": "앞에 섰어요,잡다 보면,먹을,사라지고 말 거예요,부렸어요,잡을게요,화해를 하고,쓰기로 했지요",
      "feeling": "미안합니다",
      "causalRelationship": null,
      "outcomeResolution": null,
      "prediction": "펭귄들과 바다사자는 화해를 하고 물고기 창고도 함께 쓰기로 했지요.",
      "plotSummaryInfoCount": 1,
      "plotSummaryInfo": {
        "classification": "의사소통",
        "readAge": "초등_고학년",
        "form": "long-form",
        "plotSummaryText": "펭귄들과 바다사자는 물고기를 마구 잡지 않기로 화해를 하고 물고기 창고도 함께 쓰기로 했습니다.",
        "textWordEA": 13
      }
    },
    {
      "srcTextID": "13953",
      "srcText": "진진 씨는 깔깔 씨를 저녁 식사에 초대했어요. “깔깔 씨, 물고기 창고에서 화낸 건 미안해요. 내가 당신을 잘못 생각했어요. 어떤 때라도 웃음을 잃지 않는 당신이 부러워요.”",
      "srcPage": 14,
      "srcSentenceEA": 4,
      "srcWordEA": 27,
      "character": "진진 씨,깔깔 씨,내,당신",
      "setting": "저녁 식사,물고기 창고,어떤 때",
      "action": "초대했어요,잘못 생각했어요",
      "feeling": "미안해요,부러워요,화낸",
      "causalRelationship": "물고기 창고에서 화낸 건 미안해요.",
      "outcomeResolution": null,
      "prediction": null,
      "plotSummaryInfoCount": 1,
      "plotSummaryInfo": {
        "classification": "의사소통",
        "readAge": "초등_고학년",
        "form": "long-form",
        "plotSummaryText": "진진 씨는 깔깔 씨를 저녁 식사에 초대해 물고기 창고에서 화를 내 미안하고, 웃음을 잃지 않는 깔깔 씨가 부럽다고 말했습니다.",
        "textWordEA": 19
      }
    },
    {
      "srcTextID": "13920",
      "srcText": "펭귄 마을에 진진 씨라는 펭귄이 살았어요. 마을에 무슨 일이 생기면 펭귄들은 모두 진진 씨를 찾아가 의논했지요. 진진 씨는 언제나 진지한 얼굴로 진지하게 말했어요. 그러면 마을 펭귄들은 모두 감탄을 했지요. “이야, 어쩌면 그리 생각이 깊으신지!”",
      "srcPage": 1,
      "srcSentenceEA": 5,
      "srcWordEA": 37,
      "character": "펭귄,진진 씨,펭귄들",
      "setting": "펭귄 마을,언제나",
      "action": "살았어요,찾아가,생기면,의논했지요",
      "feeling": "감탄을 했지요",
      "causalRelationship": null,
      "outcomeResolution": null,
      "prediction": null,
      "plotSummaryInfoCount": 1,
      "plotSummaryInfo": {
        "classification": "의사소통",
        "readAge": "초등_고학년",
        "form": "long-form",
        "plotSummaryText": "펭귄 마을에는 진진 씨라는 펭귄이 살았는데 마을에 무슨 일이 생기면 펭귄들은 모두 진지한 얼굴로 진지하게 말하는 진진 씨를 찾아가 의논하고 감탄했습니다.",
        "textWordEA": 21
      }
    },
    {
      "srcTextID": "13930",
      "srcText": "펭귄 마을은 무척 바빠졌어요. 물고기를 모아 둘 창고를 짓기로 했거든요. 밤낮으로 일하느라 펭귄들은 모두 지쳤어요.",
      "srcPage": 4,
      "srcSentenceEA": 3,
      "srcWordEA": 17,
      "character": "펭귄들,물고기",
      "setting": "펭귄 마을,밤낮,창고",
      "action": "바빠졌어요,모아 둘,짓기로 했거든요,일하느라",
      "feeling": null,
      "causalRelationship": "펭귄 마을은 무척 바빠졌어요. 물고기를 모아 둘 창고를 짓기로 했거든요,",
      "outcomeResolution": "밤낮으로 일하느라 펭귄들은 모두 지쳤어요.",
      "prediction": null,
      "plotSummaryInfoCount": 1,
      "plotSummaryInfo": {
        "classification": "의사소통",
        "readAge": "초등_고학년",
        "form": "short-form",
        "plotSummaryText": "펭귄 마을은 물고기를 모아 둘 창고를 짓느라 바빴고, 펭귄들은 밤낮으로 일하느라 지쳤습니다.",
        "textWordEA": 12
      }
    },
    {
      "srcTextID": "13929",
      "srcText": "진진 씨가 가쁜 숨을 몰아쉬고 있는데, 깔깔 씨는 갑자기 어디론가 가네요. 어? 누구지? 깔깔 씨 좀 봐! 으하하! 깔깔 씨 덕분에 피곤이 풀렸어.",
      "srcPage": 5,
      "srcSentenceEA": 6,
      "srcWordEA": 28,
      "character": "병아리들,암탉,농장 식구들,뒷마당",
      "setting": null,
      "action": null,
      "feeling": null,
      "causalRelationship": null,
      "outcomeResolution": "꼬꼬댁, 병아리들이 태어났어요!",
      "prediction": null,
      "plotSummaryInfoCount": 1,
      "plotSummaryInfo": {
        "classification": "의사소통",
        "readAge": "초등_고학년",
        "form": "long-form",
        "plotSummaryText": "진진 씨가 가쁜 숨을 몰아쉬고 있었는데, 깔깔 씨 덕분에 피곤이 풀렸습니다.",
        "textWordEA": 11
      }
    },
    {
      "srcTextID": "13925",
      "srcText": "며칠 뒤, 진진 씨의 아들이 얼음판에서 미끄러져 팔을 다치고 말았어요. 진진 씨는 걱정이 이만저만 큰 게 아니었죠. 그때 깔깔 씨가 문병을 왔어요.",
      "srcPage": 3,
      "srcSentenceEA": 3,
      "srcWordEA": 24,
      "character": "진진 씨,깔깔 씨,진진 씨의 아들",
      "setting": "얼음판,며칠 뒤,그때",
      "action": "미끄러져,왔어요,다치고 말았어요",
      "feeling": null,
      "causalRelationship": "아들이 얼음판에서 미끄러져 팔을 다치고 말았어요.",
      "outcomeResolution": null,
      "prediction": null,
      "plotSummaryInfoCount": 1,
      "plotSummaryInfo": {
        "classification": "의사소통",
        "readAge": "초등_고학년",
        "form": "short-form",
        "plotSummaryText": "진진 씨의 아들이 얼음판에서 미끄러져 팔을 다쳐 걱정하고 있는데, 깔깔 씨가 문병을 왔습니다.",
        "textWordEA": 13
      }
    },
    {
      "srcTextID": "13938",
      "srcText": "진진씨는 화가 났어요. “깔깔 씨, 물고기가 안 잡히는 건 큰 문제예요! 우리 펭귄들이 굶어 죽을지도 모르는데 웃음이 나옵니까!” 진진 씨의 말에 펭귄들은 웃음을 뚝 그치고 푹푹 한숨을 쉬기 시작했어요. “후유!”",
      "srcPage": 7,
      "srcSentenceEA": 4,
      "srcWordEA": 32,
      "character": "진진씨,깔깔 씨,펭귄들,물고기",
      "setting": null,
      "action": "안 잡히는,굶어 죽을지도,나옵니까,그치고,한숨을 쉬기",
      "feeling": "화가 났어요",
      "causalRelationship": null,
      "outcomeResolution": null,
      "prediction": null,
      "plotSummaryInfoCount": 1,
      "plotSummaryInfo": {
        "classification": "의사소통",
        "readAge": "초등_고학년",
        "form": "long-form",
        "plotSummaryText": "진진 씨는 깔깔 씨에게 물고기가 안 잡혀서 펭귄들이 굶어 죽을지도 모르는데 웃음이 나오냐며 화를 냈습니다.",
        "textWordEA": 15
      }
    }
  ]
}