{
  "title": "도깨비와 개암",
  "author": "신영란",
  "illustrator": "오윤화",
  "isbn": "9791128213243",
  "publishedYear": 2018,
  "publisher": "아람북스",
  "paragraphInfoCount": 18,
  "paragraphInfo": [
    {
      "srcTextID": "10258",
      "srcText": "동생은 개암을 주머니에 넣었어. 지게 가득 나무를 하고, 개암을 줍는 사이 어느새 주위가 어둑어둑해졌어. “너무 깊이 들어왔나? 큰일 났네. 어두워서 앞이 잘 보이질 않네.” ",
      "srcPage": 4,
      "srcSentenceEA": 5,
      "srcWordEA": 27,
      "character": "동생,개암,주머니,지게,나무",
      "setting": "어느새",
      "action": "넣었어,줍는,나무를 하고,들어왔나,보이질",
      "feeling": null,
      "causalRelationship": "어두워서 앞이 잘 보이질 않네.",
      "outcomeResolution": null,
      "prediction": null,
      "plotSummaryInfoCount": 1,
      "plotSummaryInfo": {
        "classification": "의사소통",
        "readAge": "초등_고학년",
        "form": "long-form",
        "plotSummaryText": "동생이 나무를 하고 개암을 줍는 사이 날은 저물어 어느새 주위가 어둑해졌습니다.",
        "textWordEA": 11
      }
    },
    {
      "srcTextID": "10264",
      "srcText": "그런데 그만, 개암이 입 안에서 큰 소리를 내며 깨졌어. 개암 깨지는 소리에 깜짝 놀란 도깨비들이 모두 그 자리에 얼어붙은 듯 멈춰 섰어. 하지만 곧 조용해지자, 다시 음식들을 먹으면서 떠들썩하게 잔치를 벌였지. ",
      "srcPage": 10,
      "srcSentenceEA": 3,
      "srcWordEA": 33,
      "character": "개암,도깨비들,음식들",
      "setting": null,
      "action": "깨졌어,멈춰 섰어,먹으면서,벌였지",
      "feeling": "놀란",
      "causalRelationship": "하지만 곧 조용해지자, 다시 음식들을 먹으면서 떠들썩하게 잔치를 벌였지.",
      "outcomeResolution": null,
      "prediction": null,
      "plotSummaryInfoCount": 1,
      "plotSummaryInfo": {
        "classification": "의사소통",
        "readAge": "초등_고학년",
        "form": "short-form",
        "plotSummaryText": "개암이 입안에서 큰 소리를 내며 깨지는 소리에 놀란 도깨비들은 잠시 멈췄다가, 다시 떠들썩하게 잔치를 벌였어요.",
        "textWordEA": 15
      }
    },
    {
      "srcTextID": "10262",
      "srcText": "도깨비방망이는 뚝딱뚝딱 맛있는 음식을 척척 만들어 냈어. 하루 종일 아무것도 먹지 않은 동생은 꼬르륵꼬르륵 배가 고팠어. ‘뭐 먹을 게 없을까? 맞아! 개암이 있었지? 개암이라도 입에 물고 있어야겠다.'",
      "srcPage": 9,
      "srcSentenceEA": 6,
      "srcWordEA": 32,
      "character": "도깨비방망이,음식,동생,개암",
      "setting": "하루 종일",
      "action": "만들어,먹지,물고",
      "feeling": "배가 고팠어",
      "causalRelationship": null,
      "outcomeResolution": null,
      "prediction": null,
      "plotSummaryInfoCount": 1,
      "plotSummaryInfo": {
        "classification": "의사소통",
        "readAge": "초등_고학년",
        "form": "long-form",
        "plotSummaryText": "도깨비들이 맛있는 음식을 만들어 내는 것을 본 동생은 배가 고파져서 개암을 입에 물고 있어야겠다고 생각했어요.",
        "textWordEA": 15
      }
    },
    {
      "srcTextID": "10269",
      "srcText": "“옳거니, 드디어 왔구나!” 형은 얼른 입 속에 개암을 넣고 따악 깨물었어. 그런데 어찌 된 일인지 도깨비들이 놀라지도 않고 다락방으로 뚜벅뚜벅 걸어왔어. 그러자 형은 계속해서 개암을 깨물었지.",
      "srcPage": 16,
      "srcSentenceEA": 4,
      "srcWordEA": 29,
      "character": "형,개암,도깨비들",
      "setting": "다락방",
      "action": "왔구나,넣고,깨물었어,걸어왔어",
      "feeling": "놀라지도",
      "causalRelationship": null,
      "outcomeResolution": null,
      "prediction": null,
      "plotSummaryInfoCount": 1,
      "plotSummaryInfo": {
        "classification": "의사소통",
        "readAge": "초등_고학년",
        "form": "long-form",
        "plotSummaryText": "도깨비들이 온 것을 발견한 형은 입 속에 개암을 넣고 깨물었지만, 도깨비들은 놀라지도 않고 다락방으로 걸어왔어요.",
        "textWordEA": 15
      }
    },
    {
      "srcTextID": "10254",
      "srcText": "어느 마을에 욕심쟁이 형과 착한 동생이 살았어. 욕심쟁이 형은 마음보가 고약해 얼굴 가득 심술이 덕지덕지 붙었고, 인정머리라고는 눈곱만치도 없었지. 얼마 후 아버지가 돌아가시자, 욕심쟁이 형은 혼자서 재산을 몽땅 차지하고 늙은 어머니와 동생을 모른 척했어.",
      "srcPage": 1,
      "srcSentenceEA": 3,
      "srcWordEA": 36,
      "character": "형,동생,얼굴,아버지,어머니",
      "setting": "어느 마을",
      "action": "고약해,살았어,붙었고,돌아가시자,차지하고,모른 척했어",
      "feeling": null,
      "causalRelationship": "얼마 후 아버지가 돌아가시자, 욕심쟁이 형은 혼자서 재산을 몽땅 차지하고 늙은 어머니와 동생을 모른 척했어.",
      "outcomeResolution": null,
      "prediction": null,
      "plotSummaryInfoCount": 1,
      "plotSummaryInfo": {
        "classification": "의사소통",
        "readAge": "초등_고학년",
        "form": "short-form",
        "plotSummaryText": "어느 마을에 욕심쟁이 형과 착한 동생이 살고 있었는데, 아버지가 돌아가시자 욕심쟁이 형은 재산을 차지하고 늙은 어머니와 동생을 모른 척했습니다.",
        "textWordEA": 19
      }
    },
    {
      "srcTextID": "10256",
      "srcText": "동생은 더 좋은 땔감을 구하려고 산속으로 점점 더 깊이 들어갔어. 그때 톡! 머리 위로 개암 하나가 떨어졌어. “어, 개암이네? 어머니 갖다 드려야지.”",
      "srcPage": 3,
      "srcSentenceEA": 5,
      "srcWordEA": 25,
      "character": "동생,땔감,머리,개암,어머니",
      "setting": "산속",
      "action": "들어갔어,떨어졌어,갖다,드려야지",
      "feeling": null,
      "causalRelationship": null,
      "outcomeResolution": null,
      "prediction": null,
      "plotSummaryInfoCount": 1,
      "plotSummaryInfo": {
        "classification": "의사소통",
        "readAge": "초등_고학년",
        "form": "long-form",
        "plotSummaryText": "더 좋은 땔감을 구하려고 깊은 산속으로 들어간 동생의 머리 위로 개암 하나가 떨어졌습니다.",
        "textWordEA": 13
      }
    },
    {
      "srcTextID": "10259",
      "srcText": "동생은 조심조심 길을 찾다가 빈집을 발견했어. “잘됐다. 쉬었다가 날 밝으면 가야겠다.” 삐거덕! 깊은 산속 빈집은 낡고 몹시 으스스했어.",
      "srcPage": 5,
      "srcSentenceEA": 4,
      "srcWordEA": 21,
      "character": "동생",
      "setting": "길,빈집,깊은 산속",
      "action": "발견했어,찾다가,쉬었다가,가야겠다,낡고",
      "feeling": "으스스했어",
      "causalRelationship": null,
      "outcomeResolution": null,
      "prediction": null,
      "plotSummaryInfoCount": 1,
      "plotSummaryInfo": {
        "classification": "의사소통",
        "readAge": "초등_고학년",
        "form": "long-form",
        "plotSummaryText": "동생은 깊은 산속에서 낡고 으스스한 빈집을 발견하곤 하룻밤 쉬어가기로 했습니다.",
        "textWordEA": 10
      }
    },
    {
      "srcTextID": "10266",
      "srcText": "새 집 나와라 뚝딱! 금돈 나와라 뚝딱! 그랬더니 초가집이 사라지고 으리으리한 새 집이 뚝딱, 금돈이 와르르 쏟아졌지.",
      "srcPage": 13,
      "srcSentenceEA": 3,
      "srcWordEA": 19,
      "character": "금돈",
      "setting": "초가집,새 집",
      "action": "나와라,사라지고,쏟아졌지",
      "feeling": null,
      "causalRelationship": null,
      "outcomeResolution": null,
      "prediction": null,
      "plotSummaryInfoCount": 1,
      "plotSummaryInfo": {
        "classification": "의사소통",
        "readAge": "초등_고학년",
        "form": "short-form",
        "plotSummaryText": "주문을 외우자, 초가집이 사라지고 으리으리한 새집과 금돈이 쏟아졌어요.",
        "textWordEA": 8
      }
    },
    {
      "srcTextID": "10270",
      "srcText": "“우리가 또 속을 줄 알고? 우리 방망이 훔쳐 간 놈이 바로 너지? 우리 방망이 내놔라!”",
      "srcPage": 17,
      "srcSentenceEA": 3,
      "srcWordEA": 17,
      "character": "방망이,놈",
      "setting": null,
      "action": "훔쳐 간,내놔라,속을 줄",
      "feeling": null,
      "causalRelationship": null,
      "outcomeResolution": null,
      "prediction": null,
      "plotSummaryInfoCount": 1,
      "plotSummaryInfo": {
        "classification": "의사소통",
        "readAge": "초등_고학년",
        "form": "short-form",
        "plotSummaryText": "도깨비는 이번엔 속지 않고 형에게 훔쳐 간 방망이를 내어놓으라고 했어요.",
        "textWordEA": 10
      }
    },
    {
      "srcTextID": "10271",
      "srcText": "도깨비들은 쉴 새 없이 형을 때렸어. “아이고, 사람 살려!” 형은 실컷 두들겨 맞고 어기적어기적 산을 기어 내려왔어.",
      "srcPage": 18,
      "srcSentenceEA": 3,
      "srcWordEA": 18,
      "character": "도깨비들,형,사람",
      "setting": "산",
      "action": "때렸어,두들겨 맞고,내려왔어,살려",
      "feeling": null,
      "causalRelationship": "형은 실컷 두들겨 맞고 어기적어기적 산을 기어 내려왔어.",
      "outcomeResolution": null,
      "prediction": null,
      "plotSummaryInfoCount": 1,
      "plotSummaryInfo": {
        "classification": "의사소통",
        "readAge": "초등_고학년",
        "form": "short-form",
        "plotSummaryText": "도깨비들에게 실컷 두들겨 맞은 형은 산을 기어 내려왔어요.",
        "textWordEA": 8
      }
    },
    {
      "srcTextID": "10255",
      "srcText": "착한 동생은 외딴곳 허름한 초가집에서 어머니와 단둘이 살았어. 동생은 비가 오나 눈이 오나 하루도 쉬지 않고 나무를 해서 어머니를 정성껏 모셨지. “오늘도 나무를 많이 해서 어머니에게 맛난 음식을 사 드려야지.”  동생은 콧노래를 부르며 지게를 지고 산으로 올라갔어.",
      "srcPage": 2,
      "srcSentenceEA": 4,
      "srcWordEA": 40,
      "character": "동생,어머니,나무,음식,지게",
      "setting": "외딴곳,초가집,산",
      "action": "살았어,모셨지,사 드려야지,부르며,지고,올라갔어",
      "feeling": null,
      "causalRelationship": null,
      "outcomeResolution": null,
      "prediction": null,
      "plotSummaryInfoCount": 1,
      "plotSummaryInfo": {
        "classification": "의사소통",
        "readAge": "초등_고학년",
        "form": "long-form",
        "plotSummaryText": "외딴곳 허름한 초가집에서 어머니와 살게 된 동생은 매일 나무를 해서 어머니에게 맛난 음식을 사 드리며 정성껏 모셨습니다.",
        "textWordEA": 17
      }
    },
    {
      "srcTextID": "10257",
      "srcText": "“무섭지만 달리 갈 곳이 없으니 어쩔 수 없지. 잠이 들면 무서움도 사라질 거야.” 빈집을 둘러보던 동생은 구석에 있는 다락으로 올라가 잠을 청했어.",
      "srcPage": 6,
      "srcSentenceEA": 3,
      "srcWordEA": 24,
      "character": "동생",
      "setting": "빈집,다락",
      "action": "둘러보던,올라가,사라질 거야,잠을 청했어",
      "feeling": "무섭지만",
      "causalRelationship": null,
      "outcomeResolution": null,
      "prediction": null,
      "plotSummaryInfoCount": 1,
      "plotSummaryInfo": {
        "classification": "의사소통",
        "readAge": "초등_고학년",
        "form": "short-form",
        "plotSummaryText": "무섭지만 어쩔 수 없었던 동생은 구석에 있는 다락으로 올라가 잠을 청했습니다.",
        "textWordEA": 11
      }
    },
    {
      "srcTextID": "10260",
      "srcText": "동생이 몸을 잔뜩 웅크리고 막 잠이 들려는 순간 이상한 소리가 들렸어. ‘이게 무슨 소리지?’ 동생은 다락방 문틈 사이로 밖을 살폈어.",
      "srcPage": 7,
      "srcSentenceEA": 3,
      "srcWordEA": 22,
      "character": "동생,몸",
      "setting": "다락방",
      "action": "웅크리고,들렸어,살폈어",
      "feeling": "이상한",
      "causalRelationship": null,
      "outcomeResolution": null,
      "prediction": null,
      "plotSummaryInfoCount": 1,
      "plotSummaryInfo": {
        "classification": "의사소통",
        "readAge": "초등_고학년",
        "form": "short-form",
        "plotSummaryText": "막 잠이 들려는 순간 들리는 이상한 소리에 동생은 다락방 문틈으로 밖을 살펴보았습니다.",
        "textWordEA": 12
      }
    },
    {
      "srcTextID": "10261",
      "srcText": "“쿵작쿵작 놀아 보세!” 빈집으로 들어온 도깨비들은 방망이를 휘두르며 잔치를 벌이고 있었어. 밥 나와라 뚝딱! 고기 나와라 뚝딱!",
      "srcPage": 8,
      "srcSentenceEA": 4,
      "srcWordEA": 20,
      "character": "도깨비들,방망이,밥,고기",
      "setting": "빈집",
      "action": "들어온,휘두르며,벌이고,나와라",
      "feeling": null,
      "causalRelationship": null,
      "outcomeResolution": null,
      "prediction": null,
      "plotSummaryInfoCount": 1,
      "plotSummaryInfo": {
        "classification": "의사소통",
        "readAge": "초등_고학년",
        "form": "long-form",
        "plotSummaryText": "빈집으로 들어온 도깨비들은 방망이를 휘두르며 잔치를 벌이고 있었습니다.",
        "textWordEA": 8
      }
    },
    {
      "srcTextID": "10263",
      "srcText": "그 모습을 보자 동생은 더욱더 배가 고파져 개암 하나를 또 입에 물었어. 그런데 따악! 개암은 더 큰 소리를 내며 깨졌어. “지, 집이 무너진다!” 도깨비들은 허겁지겁 집 밖으로 달아났어.",
      "srcPage": 11,
      "srcSentenceEA": 5,
      "srcWordEA": 31,
      "character": "동생,개암,입,도깨비들",
      "setting": "집,집 밖",
      "action": "보자,물었어,달아났어,깨졌어,무너진다",
      "feeling": null,
      "causalRelationship": null,
      "outcomeResolution": null,
      "prediction": null,
      "plotSummaryInfoCount": 1,
      "plotSummaryInfo": {
        "classification": "의사소통",
        "readAge": "초등_고학년",
        "form": "long-form",
        "plotSummaryText": "더욱더 배가 고파진 동생이 입에 넣은 개암은 더 큰 소리를 내며 깨졌고, 도깨비들은 집이 무너진다며 허겁지겁 집 밖으로 달아났어요.",
        "textWordEA": 19
      }
    },
    {
      "srcTextID": "10265",
      "srcText": "날이 밝자마자 동생은 도깨비가 두고 간 도깨비방망이를 들고 집으로 갔어. “어머니, 이것 보세요.” 동생은 도깨비방망이를 꺼내어 소리쳤어.",
      "srcPage": 12,
      "srcSentenceEA": 3,
      "srcWordEA": 18,
      "character": "동생,도깨비,도깨비방망이,어머니",
      "setting": "집,날이 밝자마자",
      "action": "두고 간,갔어,꺼내어,소리쳤어",
      "feeling": null,
      "causalRelationship": null,
      "outcomeResolution": null,
      "prediction": null,
      "plotSummaryInfoCount": 1,
      "plotSummaryInfo": {
        "classification": "의사소통",
        "readAge": "초등_고학년",
        "form": "short-form",
        "plotSummaryText": "날이 밝자 동생은 도깨비가 두고 간 도깨비방망이를 집으로 가져가 어머니에게 보여주었어요.",
        "textWordEA": 11
      }
    },
    {
      "srcTextID": "10267",
      "srcText": "동생이 어떻게 부자가 되었는지 알게 된 욕심쟁이 형은 한달음에 산으로 올라갔어. “흐흐, 토실한 개암을 잔뜩 가져가서 도깨비방망이를 몽땅 가져와야지.” 형은 개암나무를 마구 흔들어 우수수 떨어진 개암을 정신없이 주워 담았어.",
      "srcPage": 14,
      "srcSentenceEA": 3,
      "srcWordEA": 30,
      "character": "동생,부자,욕심쟁이 형,개암,도깨비방망이,개암나무",
      "setting": "산",
      "action": "올라갔어,가져가서,흔들어,주워 담았어,떨어진",
      "feeling": null,
      "causalRelationship": null,
      "outcomeResolution": null,
      "prediction": null,
      "plotSummaryInfoCount": 1,
      "plotSummaryInfo": {
        "classification": "의사소통",
        "readAge": "초등_고학년",
        "form": "short-form",
        "plotSummaryText": "동생의 이야기를 들은 욕심쟁이 형은 산으로 올라가 도깨비방망이를 몽땅 가져오려고 개암나무를 마구 흔들어 개암을 주워 담았어요.",
        "textWordEA": 16
      }
    },
    {
      "srcTextID": "10268",
      "srcText": "그러고는 대낮부터 빈집 다락방에 누워 도깨비가 나타나기를 기다렸지. “어서어서 해야 져라, 네가 져야 도깨비방망이 내 것이 된다.” 기다리다 지친 형이 깜빡 잠이 들려는데 도깨비들이 빈집으로 들어섰어.",
      "srcPage": 15,
      "srcSentenceEA": 3,
      "srcWordEA": 27,
      "character": "도깨비,도깨비방망이,형",
      "setting": "대낮,빈집 다락방",
      "action": "져라,누워,기다렸지,들어섰어",
      "feeling": "지친",
      "causalRelationship": null,
      "outcomeResolution": null,
      "prediction": null,
      "plotSummaryInfoCount": 1,
      "plotSummaryInfo": {
        "classification": "의사소통",
        "readAge": "초등_고학년",
        "form": "short-form",
        "plotSummaryText": "대낮부터 빈집 다락방에 누워 도깨비를 기다리다 형이 깜박 잠이 들려는 순간 도깨비들이 빈집으로 들어섰어요.",
        "textWordEA": 14
      }
    }
  ]
}