{
  "title": "레 미제라블 ",
  "author": "빅토르 마리 위고",
  "illustrator": "전병준",
  "isbn": "9791165955458",
  "publishedYear": 2022,
  "publisher": "아람북스",
  "paragraphInfoCount": 20,
  "paragraphInfo": [
    {
      "srcTextID": "115947",
      "srcText": "주교는 장 발장이 말을 마치자 얼른 마글루아르 부인에게 일렀어요. “마글루아르 부인, 어서 저녁상을 차리고 잠자리도 봐 주세요.” 그러자 장 발장은 믿어지지 않는다는 표정으로 말했어요. “정말 저를 재워 주시겠습니까?” 주교는 대답 대신 조용히 고개를 끄덕였어요.",
      "srcPage": 18,
      "srcSentenceEA": 5,
      "srcWordEA": 36,
      "character": "주교,장 발장,마글루아르 부인",
      "setting": null,
      "action": "일렀어요,차리고,말했어요,끄덕였어요",
      "feeling": null,
      "causalRelationship": null,
      "outcomeResolution": null,
      "prediction": null,
      "plotSummaryInfoCount": 1,
      "plotSummaryInfo": {
        "classification": "의사소통",
        "readAge": "초등_고학년",
        "form": "long-form",
        "plotSummaryText": "주교는 마글루아르 부인에게 저녁상을 차리고 잠자리도 봐 달라고 부탁했고, 이에 장 발장은 믿어지지 않는다는 표정으로 정말 자신을 재워 주냐고 하니 주교는 조용히 고개를 끄덕였습니다.",
        "textWordEA": 24
      }
    },
    {
      "srcTextID": "115930",
      "srcText": "머리와 수염은 덥수룩했고 눈마저 움푹 들어가 몹시 지쳐 보였어요. 사나이는 주위를 두리번거리다가 한 여관으로 들어갔어요. “어서 오십시오!” “식사를 한 다음 하룻밤 묵을 수 있습니까?”",
      "srcPage": 2,
      "srcSentenceEA": 4,
      "srcWordEA": 25,
      "character": "사나이,머리,수염,눈",
      "setting": "여관",
      "action": "덥수룩했고,두리번거리다가,들어갔어요",
      "feeling": null,
      "causalRelationship": null,
      "outcomeResolution": null,
      "prediction": null,
      "plotSummaryInfoCount": 1,
      "plotSummaryInfo": {
        "classification": "의사소통",
        "readAge": "초등_고학년",
        "form": "long-form",
        "plotSummaryText": "머리와 수염은 덥수룩했고 눈마저 움푹 들어가 몹시 지쳐 보였던 사나이는 한 여관으로 들어가서 식사를 한 다음 하룻밤 묵을 수 있는지 물었습니다.",
        "textWordEA": 21
      }
    },
    {
      "srcTextID": "115941",
      "srcText": "식당이나 술집도 마찬가지였어요. 사나이는 지친 나머지 성당 앞마당에 있는 긴 의자에 몸을 뉘었어요. 할머니가 그곳을 지나다가 사나이 옆에 멈춰 섰어요.",
      "srcPage": 11,
      "srcSentenceEA": 3,
      "srcWordEA": 22,
      "character": "사나이,할머니,긴 의자",
      "setting": "식당,술집,성당 앞마당",
      "action": "몸을 뉘었어요,멈춰 섰어요",
      "feeling": null,
      "causalRelationship": null,
      "outcomeResolution": "사나이는 지친 나머지 성당 앞마당에 있는 긴 의자에 몸을 뉘었어요.",
      "prediction": null,
      "plotSummaryInfoCount": 1,
      "plotSummaryInfo": {
        "classification": "의사소통",
        "readAge": "초등_고학년",
        "form": "short-form",
        "plotSummaryText": "식당이나 술집도 마찬가지였고 사나이는 지친 나머지 성당 앞마당에 있는 긴 의자에 몸을 뉘었는데 지나가던 할머니가 사나이 옆에 멈춰 섰습니다.",
        "textWordEA": 19
      }
    },
    {
      "srcTextID": "115945",
      "srcText": "사나이가 문을 열고 안으로 들어서니 주교가 가족들과 이야기를 나누고 있었어요. 가족은 주교의 여동생과 집안일을 도와주는 마글루아르 부인뿐이었어요. 사나이를 보자 여동생과 마글루아르 부인은 흠칫 놀랐어요.",
      "srcPage": 15,
      "srcSentenceEA": 3,
      "srcWordEA": 26,
      "character": "사나이,주교,가족들,주교의 여동생,마글루아르 부인",
      "setting": null,
      "action": "열고,들어서니,이야기를 나누고",
      "feeling": "놀랐어요",
      "causalRelationship": null,
      "outcomeResolution": null,
      "prediction": null,
      "plotSummaryInfoCount": 1,
      "plotSummaryInfo": {
        "classification": "의사소통",
        "readAge": "초등_고학년",
        "form": "short-form",
        "plotSummaryText": "사나이가 문을 열고 안으로 들어서니 주교가 가족들과 이야기를 나누고 있었고, 사나이를 보고서 여동생과 부인은 놀랐습니다.",
        "textWordEA": 15
      }
    },
    {
      "srcTextID": "115942",
      "srcText": "“저는 장 발장입니다. 19년 동안 감옥에 있다가 며칠 전에 풀려났습니다. 날이 저물어 여관을 찾아갔지만 아무도 저를 받아 주지 않았습니다.”",
      "srcPage": 17,
      "srcSentenceEA": 3,
      "srcWordEA": 21,
      "character": "장 발장",
      "setting": "감옥,며칠,여관",
      "action": "풀려났습니다,찾아갔지만",
      "feeling": null,
      "causalRelationship": null,
      "outcomeResolution": null,
      "prediction": null,
      "plotSummaryInfoCount": 1,
      "plotSummaryInfo": {
        "classification": "의사소통",
        "readAge": "초등_고학년",
        "form": "short-form",
        "plotSummaryText": "자기는 장 발장이고 19년 동안 감옥에 있다가 며칠 전에 풀려났는데, 날이 저물어 여관을 찾아갔지만 아무도 받아 주지 않았다고 했습니다.",
        "textWordEA": 19
      }
    },
    {
      "srcTextID": "115939",
      "srcText": "그것은 범죄자들만 들고 다니는 통행증이었어요. 통행증을 바라보던 사나이의 눈에서 눈물이 주르륵 흘러내렸어요. 사나이가 찾아가는 여관마다 모두 그를 거절했어요.",
      "srcPage": 10,
      "srcSentenceEA": 3,
      "srcWordEA": 20,
      "character": "범죄자들,사나이,통행증,눈",
      "setting": "여관",
      "action": "거절했어요,들고 다니는,찾아가는",
      "feeling": null,
      "causalRelationship": null,
      "outcomeResolution": "사나이가 찾아가는 여관마다 모두 그를 거절했어요.",
      "prediction": null,
      "plotSummaryInfoCount": 1,
      "plotSummaryInfo": {
        "classification": "의사소통",
        "readAge": "초등_고학년",
        "form": "short-form",
        "plotSummaryText": "그것은 범죄자들만 들고 다니는 통행증이었고 이것을 바라보던 사나이의 눈에서 눈물이 주르륵 흘러내렸습니다.",
        "textWordEA": 12
      }
    },
    {
      "srcTextID": "115933",
      "srcText": "장 발장이라는 사나이. 1815년 어느 가을날, 해 질 무렵 프랑스 남부의 디뉴라는 마을에 몹시 초라한 사나이가 나타났어요. 그는 낡은 옷에 배낭을 짊어진 채, 굵은 지팡이를 들고 있었어요.",
      "srcPage": 1,
      "srcSentenceEA": 3,
      "srcWordEA": 29,
      "character": "장 발장,초라한 사나이",
      "setting": "1815년,가을날,해 질 무렵,프랑스 남부의 디뉴",
      "action": "나타났어요,짊어진 채,들고 있었어요",
      "feeling": null,
      "causalRelationship": null,
      "outcomeResolution": null,
      "prediction": null,
      "plotSummaryInfoCount": 1,
      "plotSummaryInfo": {
        "classification": "의사소통",
        "readAge": "초등_고학년",
        "form": "short-form",
        "plotSummaryText": "1815년 어느 가을날, 프랑스 남부의 디뉴라는 마을에 몹시 초라한 장 발장이라는 사나이가 나타났는데, 그는 낡은 옷에 배낭을 짊어진 채, 지팡이를 들고 있었습니다.",
        "textWordEA": 22
      }
    },
    {
      "srcTextID": "115934",
      "srcText": "친절하게 맞이하던 여관 주인은 사나이의 차림을 훑어 보더니 무뚝뚝하게 말했어요. “잠시 기다리세요.” 그러고는 심부름하는 아이를 불러 귓속말을 했어요.",
      "srcPage": 3,
      "srcSentenceEA": 3,
      "srcWordEA": 19,
      "character": "여관 주인,사나이,아이",
      "setting": "여관",
      "action": "훑어 보더니,말했어요,귓속말을 했어요,맞이하던,심부름하는",
      "feeling": null,
      "causalRelationship": null,
      "outcomeResolution": null,
      "prediction": null,
      "plotSummaryInfoCount": 1,
      "plotSummaryInfo": {
        "classification": "의사소통",
        "readAge": "초등_고학년",
        "form": "short-form",
        "plotSummaryText": "친절하게 맞이하던 여관 주인은 사나이의 차림새를 보더니 무뚝뚝하게 잠시 기다리라고 하고는 심부름하는 아이를 불러 귓속말을 했습니다.",
        "textWordEA": 16
      }
    },
    {
      "srcTextID": "115932",
      "srcText": "아이는 곧장 어딘가로 달려갔어요. 여관 주인은 음식 주문도 받지 않은 채 사나이를 힐끔힐끔 바라만 봤어요. 심부름 갔던 아이가 돌아와 주인에게 쪽지를 건넸어요. 여관 주인은 쪽지를 보더니 단번에 얼굴빛이 변했어요.",
      "srcPage": 4,
      "srcSentenceEA": 4,
      "srcWordEA": 32,
      "character": "아이,여관 주인,사나이",
      "setting": null,
      "action": "달려갔어요,바라만 봤어요,건넸어요,보더니,변했어요",
      "feeling": null,
      "causalRelationship": null,
      "outcomeResolution": "여관 주인은 쪽지를 보더니 단번에 얼굴빛이 변했어요.",
      "prediction": null,
      "plotSummaryInfoCount": 1,
      "plotSummaryInfo": {
        "classification": "의사소통",
        "readAge": "초등_고학년",
        "form": "long-form",
        "plotSummaryText": "아이는 어딘가로 달려갔다가 돌아와 주인에게 쪽지를 건넸고 여관 주인은 쪽지를 보더니 단번에 얼굴빛이 변했습니다.",
        "textWordEA": 14
      }
    },
    {
      "srcTextID": "115929",
      "srcText": "“죄송합니다만, 다른 여관으로 가시지요.” “걱정하지 마십시오. 돈은 얼마든지 있습니다.”",
      "srcPage": 5,
      "srcSentenceEA": 3,
      "srcWordEA": 10,
      "character": "돈",
      "setting": "다른 여관",
      "action": "가시지요",
      "feeling": "걱정하지,죄송합니다만",
      "causalRelationship": null,
      "outcomeResolution": null,
      "prediction": null,
      "plotSummaryInfoCount": 1,
      "plotSummaryInfo": {
        "classification": "의사소통",
        "readAge": "초등_고학년",
        "form": "short-form",
        "plotSummaryText": "죄송하지만 다른 여관으로 가시라는 말에 돈은 얼마든지 있으니 걱정하지 말라고 했습니다.",
        "textWordEA": 11
      }
    },
    {
      "srcTextID": "115931",
      "srcText": "사나이는 당황하며 가죽 지갑에서 돈을 꺼내 보였어요. 하지만 여관 주인은 막무가내로 사나이를 밖으로 내몰았어요. “마구간이나 헛간이라도 좋습니다.”",
      "srcPage": 6,
      "srcSentenceEA": 3,
      "srcWordEA": 18,
      "character": "사나이,여관 주인,가죽 지갑,돈",
      "setting": "마구간,헛간",
      "action": "꺼내 보였어요,내몰았어요",
      "feeling": "당황하며,좋습니다",
      "causalRelationship": null,
      "outcomeResolution": null,
      "prediction": null,
      "plotSummaryInfoCount": 1,
      "plotSummaryInfo": {
        "classification": "의사소통",
        "readAge": "초등_고학년",
        "form": "short-form",
        "plotSummaryText": "사나이는 돈을 꺼내 보였지만 여관 주인은 막무가내로 사나이를 밖으로 내몰았습니다.",
        "textWordEA": 10
      }
    },
    {
      "srcTextID": "115938",
      "srcText": "“음식도 없어요.” 여관 주인의 목소리는 더욱 싸늘해졌어요. “당신은 장 발장이잖아요! 내가 모를 줄 알고!”",
      "srcPage": 8,
      "srcSentenceEA": 4,
      "srcWordEA": 16,
      "character": "여관 주인,장 발장,음식",
      "setting": "여관",
      "action": "없어요,모를 줄",
      "feeling": null,
      "causalRelationship": null,
      "outcomeResolution": null,
      "prediction": "내가 모를 줄 알고!",
      "plotSummaryInfoCount": 1,
      "plotSummaryInfo": {
        "classification": "의사소통",
        "readAge": "초등_고학년",
        "form": "long-form",
        "plotSummaryText": "음식도 없다는 말에 덧붙여 여관 주인은 더욱 싸늘하게 당신이 장 발장이라는 것을 모를 줄 아느냐고 말했습니다.",
        "textWordEA": 16
      }
    },
    {
      "srcTextID": "115935",
      "srcText": "“그것도 안 돼요.” 사나이가 허리를 굽히며 사정을 해도 여관 주인은 냉정하게 말했어요. “그렇다면 식사만이라도 할게요.”",
      "srcPage": 7,
      "srcSentenceEA": 3,
      "srcWordEA": 16,
      "character": "사나이,여관 주인,허리",
      "setting": null,
      "action": "말했어요,굽히며,식사만이라도 할게요",
      "feeling": null,
      "causalRelationship": null,
      "outcomeResolution": null,
      "prediction": null,
      "plotSummaryInfoCount": 1,
      "plotSummaryInfo": {
        "classification": "의사소통",
        "readAge": "초등_고학년",
        "form": "short-form",
        "plotSummaryText": "사나이가 사정을 해도 여관 주인은 그것도 안 된다며 냉정하게 말하자, 그렇다면 식사만이라도 하겠다고 했습니다.",
        "textWordEA": 14
      }
    },
    {
      "srcTextID": "115940",
      "srcText": "그제야 사나이는 더 이상 애원하지 않고 배낭을 걸머지고 나왔어요. 날은 어둑어둑해졌고, 하늘에는 별들이 떠 있었어요. 사나이는 주머니에서 노란 종이를 꺼냈어요.",
      "srcPage": 9,
      "srcSentenceEA": 3,
      "srcWordEA": 22,
      "character": "사나이,노란 종이,주머니,배낭",
      "setting": null,
      "action": "걸머지고 나왔어요,꺼냈어요,애원하지 않고",
      "feeling": null,
      "causalRelationship": null,
      "outcomeResolution": null,
      "prediction": null,
      "plotSummaryInfoCount": 1,
      "plotSummaryInfo": {
        "classification": "의사소통",
        "readAge": "초등_고학년",
        "form": "short-form",
        "plotSummaryText": "사나이는 더 이상 애원하지 않고 배낭을 걸머지고 나온 뒤 주머니에서 노란 종이를 꺼냈습니다.",
        "textWordEA": 13
      }
    },
    {
      "srcTextID": "115943",
      "srcText": "“주교님, 이 은혜는 평생 잊지 않겠습니다.” 주교는 마글루아르 부인에게 귀한 손님이 올 때만 쓰는 은촛대와 은그릇을 꺼내 상을 차리게 했어요. 장 발장은 모처럼 배불리 먹고 깨끗한 침대에서 쉴 수 있었어요.",
      "srcPage": 19,
      "srcSentenceEA": 3,
      "srcWordEA": 32,
      "character": "주교,마글루아르 부인,귀한 손님,은촛대,은그릇,깨끗한 침대",
      "setting": null,
      "action": "상을 차리게,먹고,쉴 수 있었어요,꺼내",
      "feeling": null,
      "causalRelationship": null,
      "outcomeResolution": "장 발장은 모처럼 배불리 먹고 깨끗한 침대에서 쉴 수 있었어요.",
      "prediction": null,
      "plotSummaryInfoCount": 1,
      "plotSummaryInfo": {
        "classification": "의사소통",
        "readAge": "초등_고학년",
        "form": "short-form",
        "plotSummaryText": "주교는 귀한 손님이 올 때만 쓰는 은촛대와 은그릇을 꺼내 상을 차리게 했고, 장 발장은 모처럼 배불리 먹고 깨끗한 침대에서 쉴 수 있었습니다.",
        "textWordEA": 22
      }
    },
    {
      "srcTextID": "116033",
      "srcText": "장 발장은 가난한 농부의 아들로 태어났어요. 부모님이 일찍 세상을 떠나자 장 발장은 결혼한 누나의 집에 얹혀살게 되었어요. 하지만 누나도 가난했기 때문에 장 발장은 학교도 다니지 못하고 나뭇가지 치는 일을 하며 살았어요.",
      "srcPage": 20,
      "srcSentenceEA": 3,
      "srcWordEA": 33,
      "character": "장 발장,농부의 아들,부모님,누나,학교,나뭇가지",
      "setting": "누나의 집",
      "action": "태어났어요,얹혀살게,살았어요",
      "feeling": null,
      "causalRelationship": "하지만 누나도 가난했기 때문에 장 발장은 학교도 다니지 못하고 나뭇가지 치는 일을 하며 살았어요.",
      "outcomeResolution": null,
      "prediction": null,
      "plotSummaryInfoCount": 1,
      "plotSummaryInfo": {
        "classification": "의사소통",
        "readAge": "초등_고학년",
        "form": "short-form",
        "plotSummaryText": "가난한 농부의 아들로 태어난 장 발장은 부모님이 일찍 세상을 떠나자 누나의 집에 얹혀살게 되었지만, 누나도 가난했기 때문에 장 발장은 나뭇가지 치는 일을 하며 살았습니다.",
        "textWordEA": 24
      }
    },
    {
      "srcTextID": "115937",
      "srcText": "“밤이 깊어 가는데 여관으로 가시지요.” “여관, 식당에 다 들렀지만 하룻밤 재워 주기는커녕 밥도 팔지 않는걸요.” 사나이는 퉁명스럽게 대답했어요.",
      "srcPage": 12,
      "srcSentenceEA": 3,
      "srcWordEA": 19,
      "character": "사나이",
      "setting": "여관,식당",
      "action": "대답했어요,재워 주기는커녕,팔지 않는걸요",
      "feeling": null,
      "causalRelationship": null,
      "outcomeResolution": null,
      "prediction": null,
      "plotSummaryInfoCount": 1,
      "plotSummaryInfo": {
        "classification": "의사소통",
        "readAge": "초등_고학년",
        "form": "short-form",
        "plotSummaryText": "밤이 깊었으니, 여관으로 가라는 말에 사나이는 하룻밤 재워 주기는커녕 밥도 팔지 않는다고 퉁명스럽게 대답했다.",
        "textWordEA": 14
      }
    },
    {
      "srcTextID": "115936",
      "srcText": "“그럼, 저 집에 가서 부탁해 보세요. 아마 거절하지는 않을 겁니다.” 사나이는 벌떡 일어나 할머니가 가리킨 집을 향해 터벅터벅 걸어갔어요.",
      "srcPage": 13,
      "srcSentenceEA": 3,
      "srcWordEA": 21,
      "character": "사나이,할머니",
      "setting": "집",
      "action": "일어나,걸어갔어요,거절하지는",
      "feeling": null,
      "causalRelationship": null,
      "outcomeResolution": null,
      "prediction": null,
      "plotSummaryInfoCount": 1,
      "plotSummaryInfo": {
        "classification": "의사소통",
        "readAge": "초등_고학년",
        "form": "short-form",
        "plotSummaryText": "저 집은 거절하지 않을 것이니 가보라는 말에 사나이는 벌떡 일어나 할머니가 가리킨 집을 향해 걸어갔습니다.",
        "textWordEA": 15
      }
    },
    {
      "srcTextID": "115944",
      "srcText": "그 집은 미리엘 주교의 집이었어요. 사나이가 문을 두드리자 점잖은 목소리가 들렸어요. “문은 열려 있습니다. 어서 들어오세요.”",
      "srcPage": 14,
      "srcSentenceEA": 4,
      "srcWordEA": 18,
      "character": "사나이,문",
      "setting": "미리엘 주교의 집",
      "action": "두드리자,들렸어요,들어오세요",
      "feeling": null,
      "causalRelationship": null,
      "outcomeResolution": null,
      "prediction": null,
      "plotSummaryInfoCount": 1,
      "plotSummaryInfo": {
        "classification": "의사소통",
        "readAge": "초등_고학년",
        "form": "long-form",
        "plotSummaryText": "그 집은 미리엘 주교의 집이었고 사나이가 문을 두드리자, 문은 열려 있으니 들어오라는 목소리가 들렸습니다.",
        "textWordEA": 14
      }
    },
    {
      "srcTextID": "115946",
      "srcText": "사실 사나이의 이야기를 하던 중이었거든요. 하지만 주교는 인자한 눈빛으로 사나이를 보았어요. “어서 이쪽으로 오세요.”",
      "srcPage": 16,
      "srcSentenceEA": 3,
      "srcWordEA": 15,
      "character": "사나이,주교",
      "setting": null,
      "action": "보았어요,이야기를 하던,오세요",
      "feeling": null,
      "causalRelationship": null,
      "outcomeResolution": null,
      "prediction": null,
      "plotSummaryInfoCount": 1,
      "plotSummaryInfo": {
        "classification": "의사소통",
        "readAge": "초등_고학년",
        "form": "short-form",
        "plotSummaryText": "사실 사나이의 이야기를 하던 중이었지만 주교는 이쪽으로 오라며 인자한 눈빛으로 사나이를 보았습니다.",
        "textWordEA": 12
      }
    }
  ]
}