{
  "title": "흥부와 놀부",
  "author": "윤지연",
  "illustrator": "문구선",
  "isbn": "9791165957605",
  "publishedYear": 2022,
  "publisher": "아람북스",
  "paragraphInfoCount": 22,
  "paragraphInfo": [
    {
      "srcTextID": "14244",
      "srcText": "어서 빨리 타 봅시다! 놀부는 남은 박 하나를 서둘러 탔어. 슬근슬근 슬근슬근. 흥겹게 놀아 준 값 열 배로 쳐 내놓으렷다! 저승 가는 노자 만 냥을 내놓으렷다!",
      "srcPage": 22,
      "srcSentenceEA": 5,
      "srcWordEA": 30,
      "character": "놀부,박",
      "setting": null,
      "action": "탔어,내놓으렷다",
      "feeling": null,
      "causalRelationship": null,
      "outcomeResolution": null,
      "prediction": null,
      "plotSummaryInfoCount": 1,
      "plotSummaryInfo": {
        "classification": "의사소통",
        "readAge": "초등_고학년",
        "form": "long-form",
        "plotSummaryText": "놀부가 남은 박 하나를 슬근슬근 슬근슬근 서둘러 탔다.",
        "textWordEA": 8
      }
    },
    {
      "srcTextID": "14242",
      "srcText": "이 고얀 놈! 네 조상이 빌려 간 돈 삼천 냥 내놓으렷다! 도깨비 굿 구경한 값 만 냥을 내놓으렷다! 열흘쯤 지나자, 제비 다리는 용케 나았어. 그리고 가을이 되자, 놀부네 제비도 남쪽 나라로 훨훨 날아갔지.",
      "srcPage": 21,
      "srcSentenceEA": 5,
      "srcWordEA": 37,
      "character": "제비,놀부네",
      "setting": "열흘쯤 지나자",
      "action": "날아갔지",
      "feeling": null,
      "causalRelationship": null,
      "outcomeResolution": null,
      "prediction": null,
      "plotSummaryInfoCount": 1,
      "plotSummaryInfo": {
        "classification": "의사소통",
        "readAge": "초등_고학년",
        "form": "long-form",
        "plotSummaryText": "제비는 열흘쯤 지나자 용케도 다리가 나았고 가을이 되어 놀부네 집을 떠나 남쪽 나라로 날아갔다.",
        "textWordEA": 14
      }
    },
    {
      "srcTextID": "14239",
      "srcText": "흥부네 집은 어느새 비단옷과 좋은 음식으로 넘쳐났어. 소문을 들은 놀부가 냉큼 달려왔지. “이놈 흥부야! 네 형님, 놀부가 왔다!” ",
      "srcPage": 16,
      "srcSentenceEA": 4,
      "srcWordEA": 20,
      "character": "놀부,흥부",
      "setting": "흥부네 집",
      "action": "달려왔지,왔다",
      "feeling": null,
      "causalRelationship": null,
      "outcomeResolution": null,
      "prediction": null,
      "plotSummaryInfoCount": 1,
      "plotSummaryInfo": {
        "classification": "의사소통",
        "readAge": "초등_고학년",
        "form": "long-form",
        "plotSummaryText": "놀부는 흥부가 부자가 되었다는 소문을 듣고 흥부네 집으로 냉큼 달려갔다.",
        "textWordEA": 10
      }
    },
    {
      "srcTextID": "14222",
      "srcText": "옛날 어느 마을에 흥부와 놀부가 살았어. 둘은 형제지만 닮은 곳이 하나도 없었지. 동생 흥부는 마음이 착하고 따뜻한데, 형 놀부는 소문난 욕심쟁이에다 심술만 덕지덕지 붙어 있었어.",
      "srcPage": 1,
      "srcSentenceEA": 3,
      "srcWordEA": 27,
      "character": "흥부,놀부",
      "setting": "옛날,어느 마을",
      "action": null,
      "feeling": null,
      "causalRelationship": null,
      "outcomeResolution": null,
      "prediction": null,
      "plotSummaryInfoCount": 1,
      "plotSummaryInfo": {
        "classification": "의사소통",
        "readAge": "초등_고학년",
        "form": "short-form",
        "plotSummaryText": "옛날 어느 마을에 마음 착한 동생 흥부와 욕심 많은 형 놀부가 살았다.",
        "textWordEA": 12
      }
    },
    {
      "srcTextID": "14221",
      "srcText": "상주 앞에서 춤추고, 얼씨구, 하하. 항아리에 돌 던지고, 신난다, 헤헤. 가난한 설마 밥 빼앗고, 재미있다, 흐흐. 똥 싸는 놈 주저앉게 하고, 고소하다, 킥킥. 불난 집에 부채질하면서, 시원하다, 히히거렸어.",
      "srcPage": 2,
      "srcSentenceEA": 5,
      "srcWordEA": 32,
      "character": "상주",
      "setting": null,
      "action": "춤추고,던지고,빼앗고,주저앉게 하고,히히거렸어",
      "feeling": "신난다,재미있다,고소하다,시원하다",
      "causalRelationship": null,
      "outcomeResolution": null,
      "prediction": null,
      "plotSummaryInfoCount": 1,
      "plotSummaryInfo": {
        "classification": "의사소통",
        "readAge": "초등_고학년",
        "form": "long-form",
        "plotSummaryText": "상주 앞에서 춤추고, 항아리에 돌 던지고, 가난한 사람 밥 빼앗고, 똥 싸는 놈 주저앉게 하고, 불난 집에 부채질하고 온갖 심술을 부리며 재미있어했다.",
        "textWordEA": 22
      }
    },
    {
      "srcTextID": "14226",
      "srcText": "그러던 어느 날 제비가 요란스레 울기에 나가 보니 커다란 구렁이가 새끼 제비를 잡아먹으려는 게 아니겠어? “구렁이 이놈, 어딜 넘보느냐?” 흥부는 장대로 구렁이를 쫓아냈지. 그사이 새끼 한 마리가 땅에 툭 떨어져 다리가 부러지고 말았어.",
      "srcPage": 8,
      "srcSentenceEA": 4,
      "srcWordEA": 35,
      "character": "제비,구렁이,흥부,새끼 제비",
      "setting": null,
      "action": "나가 보니,잡아먹으려는,쫓아냈지,요란스레 울기에",
      "feeling": null,
      "causalRelationship": null,
      "outcomeResolution": null,
      "prediction": null,
      "plotSummaryInfoCount": 1,
      "plotSummaryInfo": {
        "classification": "의사소통",
        "readAge": "초등_고학년",
        "form": "long-form",
        "plotSummaryText": "어느 날 흥부는 구렁이가 새끼 제비를 잡아먹으려고 하는 것을 보고 장대로 구렁이를 쫓아냈는데,  그사이 새끼 한 마리가 둥지에서 땅에 떨어져 다리가 부러지고 말았다.",
        "textWordEA": 24
      }
    },
    {
      "srcTextID": "14233",
      "srcText": "“어이쿠, 웬 박씨지?” 제비의 맘이 고마운 흥부는 담장 아래에 정성스레 박씨를 심었어. 하루가 지나고 이틀 사흘이 지나자, 파릇파릇 싹이 트고, 반들반들 잎이 나고, 하얀 박꽃이 피더니 달덩이 같은 박이 주렁주렁 매달렸어. “배고픈데 잘되었구나. 저 박을 타서 죽이라도 끓여 먹자!”",
      "srcPage": 13,
      "srcSentenceEA": 5,
      "srcWordEA": 42,
      "character": "박씨,제비,흥부",
      "setting": null,
      "action": "심었어,타서,끓여 먹자",
      "feeling": null,
      "causalRelationship": null,
      "outcomeResolution": null,
      "prediction": null,
      "plotSummaryInfoCount": 1,
      "plotSummaryInfo": {
        "classification": "의사소통",
        "readAge": "초등_고학년",
        "form": "long-form",
        "plotSummaryText": "제비가 물고 온 박씨를 심었더니 가을이 되자 박이 주렁주렁 매달려서, 흥부는 박을 타서 죽이라도 끓여 먹으려고 했다.",
        "textWordEA": 17
      }
    },
    {
      "srcTextID": "14236",
      "srcText": "놀부는 둥지에서 제비 한 마리를 꺼내어 다리를 똑 부러뜨렸지. “아이고, 가엾은 제비야! 어쩌다 다리가 부러졌느냐? 내 얼른 고쳐 주마.” 놀부는 너스레를 떨며 준비해 둔 명주실로 제비 다리를 꽁꽁 묶었어.",
      "srcPage": 15,
      "srcSentenceEA": 5,
      "srcWordEA": 32,
      "character": "놀부,제비 한 마리",
      "setting": null,
      "action": "꺼내어,부러뜨렸지,묶었어",
      "feeling": null,
      "causalRelationship": null,
      "outcomeResolution": null,
      "prediction": null,
      "plotSummaryInfoCount": 1,
      "plotSummaryInfo": {
        "classification": "의사소통",
        "readAge": "초등_고학년",
        "form": "long-form",
        "plotSummaryText": "놀부는 둥지에서 제비 한 마리를 꺼내어 일부러 다리를 부러뜨리고 얼른 고쳐 주마하고 너스레를 떨며  명주실로 제비 다리를 꽁꽁 묶었다.",
        "textWordEA": 20
      }
    },
    {
      "srcTextID": "14224",
      "srcText": "그런 놀부이니 추운 겨울날, 동생 흥부네 식구들을 내쫓고 부모님이 물려준 재산을 몽땅 차지한 것도 당연했어. 하루는 배고픔을 참지 못한 흥부가 놀부를 찾아왔어. “형님! 농사지어 갚을 테니, 쌀 좀 빌려주소.” ",
      "srcPage": 3,
      "srcSentenceEA": 3,
      "srcWordEA": 31,
      "character": "놀부,흥부네 식구들,부모님,흥부,쌀",
      "setting": "추운 겨울날",
      "action": "내쫓고,찾아왔어",
      "feeling": null,
      "causalRelationship": null,
      "outcomeResolution": null,
      "prediction": null,
      "plotSummaryInfoCount": 1,
      "plotSummaryInfo": {
        "classification": "의사소통",
        "readAge": "초등_고학년",
        "form": "short-form",
        "plotSummaryText": "흥부는 배가 고파 참을 수가 없어서 놀부를 찾아가 쌀을 좀 빌려 달라고 애걸했다.",
        "textWordEA": 13
      }
    },
    {
      "srcTextID": "14223",
      "srcText": "“내다 버릴 쌀은 있어도 너 줄 쌀은 없다. 썩 물러가거라!” 쫓겨나던 흥부는 밥 냄새가 폴폴 나는 부엌을 기웃거렸지. 그러자 밥주걱을 든 놀부의 아내가 흥부의 뺨을 힘껏 내려쳤어. ",
      "srcPage": 4,
      "srcSentenceEA": 4,
      "srcWordEA": 30,
      "character": "쌀,흥부,놀부의 아내",
      "setting": "부엌",
      "action": "내다 버릴,기웃거렸지,힘껏 내려쳤어",
      "feeling": null,
      "causalRelationship": null,
      "outcomeResolution": null,
      "prediction": null,
      "plotSummaryInfoCount": 1,
      "plotSummaryInfo": {
        "classification": "의사소통",
        "readAge": "초등_고학년",
        "form": "long-form",
        "plotSummaryText": "놀부의 아내는 밥 냄새를 맡고 부엌을 기웃거리는 흥부의 뺨을 밥주걱으로 힘껏 내려쳤다.",
        "textWordEA": 12
      }
    },
    {
      "srcTextID": "14225",
      "srcText": "흥부는 뺨에 붙은 밥알을 떼어먹으며 다른 쪽 뺨도 내밀었어. “형수님, 이번엔 우리 아이들 주게 이쪽 뺨도 때려 주소.” 그 소리를 듣고 놀부가 몽둥이를 들고 뛰어나왔어. “그게 소원이면 내가 때려 주마!” 흥부는 놀부에게 흠씬 두들겨 맞고는 쫓겨났지.",
      "srcPage": 5,
      "srcSentenceEA": 5,
      "srcWordEA": 38,
      "character": "흥부,밥알,형수님,아이들,놀부",
      "setting": null,
      "action": "떼어 먹으며,내밀었어,듣고,들고 뛰어나왔어",
      "feeling": null,
      "causalRelationship": null,
      "outcomeResolution": "흥부는 놀부에게 흠씬 두들겨 맞고는 쫓겨났지.",
      "prediction": null,
      "plotSummaryInfoCount": 1,
      "plotSummaryInfo": {
        "classification": "의사소통",
        "readAge": "초등_고학년",
        "form": "long-form",
        "plotSummaryText": "흥부가 밥알이 붙은 주걱으로 다른 쪽 뺨도 때려 달라고 말하는 소리를 듣고, 놀부가 뛰어나와서 흥부를 몽둥이로 흠씬 두들겨 때려서 쫓아냈다.",
        "textWordEA": 20
      }
    },
    {
      "srcTextID": "14228",
      "srcText": "추운 겨울이 지나고 따뜻한 봄이 왔어. 흥부네 처마 밑에는 제비 한 쌍이 날아와 집을 지었지. 좋은 집도 많은데 하필 허름한 우리 집에 집을 짓느냐? ",
      "srcPage": 6,
      "srcSentenceEA": 3,
      "srcWordEA": 26,
      "character": "제비 한 쌍",
      "setting": "따뜻한 봄,흥부네 처마 밑,우리 집",
      "action": "날아와,집을 지었지,짓느냐",
      "feeling": null,
      "causalRelationship": null,
      "outcomeResolution": null,
      "prediction": null,
      "plotSummaryInfoCount": 1,
      "plotSummaryInfo": {
        "classification": "의사소통",
        "readAge": "초등_고학년",
        "form": "short-form",
        "plotSummaryText": "어느새 따뜻한 봄이 오고 제비 한 쌍이 날아와 허름한 흥부네 집 처마 밑에 집을 지었다.",
        "textWordEA": 15
      }
    },
    {
      "srcTextID": "14227",
      "srcText": "오뉴월 장맛비에 힘들게 쯧쯧. 무너지면 어쩌려고. 흥부의 걱정에도 아랑곳없이 제비는 알까지 낳았어. 제비 부부와 새끼들이 옹기종기 모여 사는 모습은 점점 흥부네를 닮아 갔지.",
      "srcPage": 7,
      "srcSentenceEA": 4,
      "srcWordEA": 26,
      "character": "흥부,제비,제비 부부,새끼들",
      "setting": null,
      "action": "알까지 낳았어",
      "feeling": null,
      "causalRelationship": null,
      "outcomeResolution": null,
      "prediction": null,
      "plotSummaryInfoCount": 1,
      "plotSummaryInfo": {
        "classification": "의사소통",
        "readAge": "초등_고학년",
        "form": "long-form",
        "plotSummaryText": "장맛비에 제비집이 무너지면 어쩌나 하는 흥부의 걱정에도 아랑곳없이 제비집에는 어느새 새끼들이 태어나고 제비 가족이 옹기종기 모여 살게 되었다.",
        "textWordEA": 18
      }
    },
    {
      "srcTextID": "14230",
      "srcText": "“여보 마누라, 명주실 좀 가져오소.” 흥부는 새끼 제비를 손에 들고 다급하게 말했어. 없는 살림에 명주실이 어디 있을까 싶더니, 그래도 이리저리 뒤지니 몇 가닥 있었지.",
      "srcPage": 9,
      "srcSentenceEA": 3,
      "srcWordEA": 26,
      "character": "마누라,흥부,명주실,새끼 제비",
      "setting": null,
      "action": "가져오소,손에 들고,말했어",
      "feeling": null,
      "causalRelationship": null,
      "outcomeResolution": null,
      "prediction": null,
      "plotSummaryInfoCount": 1,
      "plotSummaryInfo": {
        "classification": "의사소통",
        "readAge": "초등_고학년",
        "form": "short-form",
        "plotSummaryText": "흥부는 다리가 부러진 새끼 제비를 손에 들고 아내에게 명주실을 가져오라고 다급하게 말했다.",
        "textWordEA": 12
      }
    },
    {
      "srcTextID": "14232",
      "srcText": "흥부는 부러진 제비 다리를 정성스레 동여매 주었어. 흥부의 따뜻한 보살핌 덕분인지 제비는 금세 나았지. 놀부 소식을 들은 흥부가 한달음에 달려왔어. ",
      "srcPage": 10,
      "srcSentenceEA": 3,
      "srcWordEA": 22,
      "character": "흥부,제비,놀부",
      "setting": null,
      "action": "동여매 주었어,달려왔어",
      "feeling": null,
      "causalRelationship": "흥부의 따뜻한 보살핌 덕분인지 제비는 금세 나았지.",
      "outcomeResolution": null,
      "prediction": null,
      "plotSummaryInfoCount": 1,
      "plotSummaryInfo": {
        "classification": "의사소통",
        "readAge": "초등_고학년",
        "form": "short-form",
        "plotSummaryText": "흥부가 부러진 제비 다리를 치료해 주자 흥부의 따뜻한 보살핌 덕분인지 제비는 금세 나았다.",
        "textWordEA": 13
      }
    },
    {
      "srcTextID": "14235",
      "srcText": "그날부터 놀부는 처마마다 제비집을 지어 놓고 제비가 날아들기를 기다렸어. 따뜻한 봄이 되자 놀부네 처마에도 제비 한 쌍이 날아왔어. 그런데 아무리 기다려도 구렁이가 나타나지 않는 거야.",
      "srcPage": 14,
      "srcSentenceEA": 3,
      "srcWordEA": 27,
      "character": "놀부,제비,구렁이",
      "setting": "따뜻한 봄",
      "action": "지어 놓고,날아왔어",
      "feeling": null,
      "causalRelationship": null,
      "outcomeResolution": null,
      "prediction": null,
      "plotSummaryInfoCount": 1,
      "plotSummaryInfo": {
        "classification": "의사소통",
        "readAge": "초등_고학년",
        "form": "short-form",
        "plotSummaryText": "처마마다 제비집을 지어 놓고 제비를 기다리던 놀부네 집에도 제비 한 쌍이 날아와 둥지를 틀었는데,  아무리 기다려도 구렁이는 나타나지 않았다.",
        "textWordEA": 20
      }
    },
    {
      "srcTextID": "14240",
      "srcText": "“옳거니, 박씨야. 박씨!” 마음 급한 놀부는 당장 처마 밑에 거름 듬뿍 넣고 박씨를 심었어. 하루가 지나고 이틀 사흘이 지나자, 파릇파릇 싹이 트고, 반들반들 잎이 나고, 하얀 박꽃이 피더니 둥글둥글 커다란 박이 주렁주렁 열렸어. “열렸구나, 열렸어! 금은보화 가득 찬 박이 열렸어!”",
      "srcPage": 20,
      "srcSentenceEA": 6,
      "srcWordEA": 44,
      "character": "박씨,놀부",
      "setting": "처마 밑",
      "action": "심었어",
      "feeling": null,
      "causalRelationship": null,
      "outcomeResolution": null,
      "prediction": null,
      "plotSummaryInfoCount": 1,
      "plotSummaryInfo": {
        "classification": "의사소통",
        "readAge": "초등_고학년",
        "form": "long-form",
        "plotSummaryText": "놀부는 처마 밑에 박씨를 심어 박을 키웠는데 커다란 박이 주렁주렁 열린 것을 보면서 금은보화가 가득 찬 박을 상상하며 엄청나게 기뻐했다.",
        "textWordEA": 20
      }
    },
    {
      "srcTextID": "14231",
      "srcText": "“형님, 너무 마음 아파 마소. 형제라고는 달랑 우리 둘인데 의지하며 함께 살면 좋지 않소.” 흥부의 말에 놀부는 부끄러워 고개를 들 수가 없었어. 그 뒤 지난날의 잘못을 뉘우친 놀부와 착한 흥부는 서로 아끼며 의좋게 살았지.",
      "srcPage": 11,
      "srcSentenceEA": 4,
      "srcWordEA": 37,
      "character": "흥부,놀부",
      "setting": null,
      "action": "고개를 들 수가",
      "feeling": "부끄러워",
      "causalRelationship": null,
      "outcomeResolution": null,
      "prediction": null,
      "plotSummaryInfoCount": 1,
      "plotSummaryInfo": {
        "classification": "의사소통",
        "readAge": "초등_고학년",
        "form": "long-form",
        "plotSummaryText": "함께 살자고 하는 흥부의 말에 놀부는 부끄러워 고개를 들 수가 없었고, 그 뒤 두 형제는 서로 아끼며 의좋게 살았다.",
        "textWordEA": 19
      }
    },
    {
      "srcTextID": "14234",
      "srcText": "이듬해 봄, 제비가 다시 흥부네 집으로 돌아왔어. “여보, 이리 나와 보세요. 제비가 돌아왔어요.” 흥부가 맨발로 달려 나와 반기자, 어디서 물고 왔는지 제비가 박씨 하나를 흥부 발 앞에 톡 떨어뜨렸지. ",
      "srcPage": 12,
      "srcSentenceEA": 4,
      "srcWordEA": 31,
      "character": "제비,흥부,박씨 하나",
      "setting": "이듬해 봄,흥부네 집",
      "action": "돌아왔어,달려 나와,톡 떨어뜨렸지",
      "feeling": null,
      "causalRelationship": null,
      "outcomeResolution": null,
      "prediction": null,
      "plotSummaryInfoCount": 1,
      "plotSummaryInfo": {
        "classification": "의사소통",
        "readAge": "초등_고학년",
        "form": "long-form",
        "plotSummaryText": "이듬해 봄에 돌아온 제비가 박씨 하나를 물고 와서 흥부 발 앞에 톡 떨어뜨렸다.",
        "textWordEA": 13
      }
    },
    {
      "srcTextID": "14238",
      "srcText": "흥부네 살림살이를 요것조것 훑어보고 이것저것 들춰 보던 놀부가 냅다 호통을 쳤어. “도둑질을 한 게로구나! 천벌을 받을 놈!” ",
      "srcPage": 17,
      "srcSentenceEA": 3,
      "srcWordEA": 18,
      "character": "놀부,흥부네 살림살이",
      "setting": null,
      "action": "훑어보고,들춰 보던,호통을 쳤어",
      "feeling": null,
      "causalRelationship": null,
      "outcomeResolution": null,
      "prediction": null,
      "plotSummaryInfoCount": 1,
      "plotSummaryInfo": {
        "classification": "의사소통",
        "readAge": "초등_고학년",
        "form": "short-form",
        "plotSummaryText": "놀부는 흥부네 살림살이를 훑어보고 들춰 보다가 흥부에게 도둑질했냐며 냅다 호통을 쳤다.",
        "textWordEA": 11
      }
    },
    {
      "srcTextID": "14237",
      "srcText": "깜짝 놀란 흥부는 그동안의 이야기를 모두 들려주었어. ‘옳거니, 나도 제비 다리 고쳐 주고 박씨를 얻어야겠다.’ 놀부는 서둘러 집으로 돌아갔어.",
      "srcPage": 18,
      "srcSentenceEA": 3,
      "srcWordEA": 21,
      "character": "흥부,제비 다리,박씨,놀부",
      "setting": null,
      "action": "들려주었어,고쳐 주고,돌아갔어",
      "feeling": "깜짝 놀란",
      "causalRelationship": null,
      "outcomeResolution": null,
      "prediction": null,
      "plotSummaryInfoCount": 1,
      "plotSummaryInfo": {
        "classification": "의사소통",
        "readAge": "초등_고학년",
        "form": "short-form",
        "plotSummaryText": "흥부가 그동안의 이야기를 들려주자 시기가 난 놀부는 자기도 제비 다리를 고쳐주고 박씨를 얻을 생각에 서둘러 집으로 돌아갔다.",
        "textWordEA": 17
      }
    },
    {
      "srcTextID": "14241",
      "srcText": "이듬해 봄이 되자, 제비가 다시 돌아왔어. “왔구나 왔어, 제비가 왔어!” 놀부가 덩실덩실 춤을 추는데, 제비가 박씨 하나를 툭 떨어뜨리지, 뭐야.",
      "srcPage": 19,
      "srcSentenceEA": 3,
      "srcWordEA": 21,
      "character": "제비,놀부,박씨",
      "setting": "봄",
      "action": "돌아왔어,춤을 추는데,툭 떨어뜨리지",
      "feeling": null,
      "causalRelationship": null,
      "outcomeResolution": null,
      "prediction": null,
      "plotSummaryInfoCount": 1,
      "plotSummaryInfo": {
        "classification": "의사소통",
        "readAge": "초등_고학년",
        "form": "short-form",
        "plotSummaryText": "이듬해 봄이 되자 놀부가 애타게 기다리던 제비가 돌아와 놀부네 집에도 박씨 하나를 가져다주었다.",
        "textWordEA": 13
      }
    }
  ]
}