{
  "title": "반가워, 콩콩아! 반가워, 팥동아!",
  "author": "이성수",
  "illustrator": "정호선",
  "isbn": "9788963832500",
  "readAge": "유아",
  "publishedYear": 2011,
  "publisher": "별똥별",
  "classification": "신체운동_건강",
  "paragraphInfoCount": 20,
  "paragraphInfo": [
    {
      "srcTextID": "115180",
      "srcText": "방광 오줌을 모아 두는 오줌통이에요. 요관 콩팥에서 방광으로 오줌을 보내는 오줌관이에요. 요도 오줌을 몸 밖으로 내 보내는 오줌길이에요.",
      "srcPage": 10,
      "srcSentenceEA": 3,
      "srcWordEA": 20
    },
    {
      "srcTextID": "115174",
      "srcText": "콩콩이와 예삐가 탄 배가 섬마을에 다다르자 사람들이 신기한 듯 바라보아요. \"엄마, 외계인 의사랑 로봇 간호사예요.\" \"그래, 참 신기하구나.\" \"이름난 신장 내과 의사라던데.\" \"신장 내과? 콩팥을 치료하는 곳이군.\"",
      "srcPage": 3,
      "srcSentenceEA": 6,
      "srcWordEA": 28
    },
    {
      "srcTextID": "115170",
      "srcText": "외계인 의사 콩콩이는 가방을 챙기느라 바빠요. 장난감, 달콤한 사탕, 동물 모양 과자가 망가질까 부서질까 조심조심! 섬 마을로 의료 봉사를 갈 거래요.",
      "srcPage": 1,
      "srcSentenceEA": 3,
      "srcWordEA": 23
    },
    {
      "srcTextID": "115183",
      "srcText": "\"얘들아, 여기에 오줌을 받아 오렴.\" \"우헤헤, 오줌을 받아 오라고?\" \"에이! 싫어, 싫어!\" 아이들이 처음엔 요리조리 피했지만 이내 컵을 들고 화장실로 갔지요.",
      "srcPage": 13,
      "srcSentenceEA": 4,
      "srcWordEA": 23
    },
    {
      "srcTextID": "115196",
      "srcText": "콩콩이와 팥동이는 힘을 합쳐 일하기로 했어요. 얼마 뒤, 콩콩이와 팥동이는 콩팥튼튼병원을 열었어요. 가족들이 축하해 주러 왔는데. 하하! 한눈에 알아볼 수 있겠죠?",
      "srcPage": 20,
      "srcSentenceEA": 5,
      "srcWordEA": 25
    },
    {
      "srcTextID": "115185",
      "srcText": "예삐가 아이들의 오줌을 검사해 보니 나리만 빼고 모두 건강했어요. '나리는 피 검사도 해 봐야겠다.' 나리는 피를 뽑을 때 팔이 따끔, 눈물이 찔끔! 나리의 피 속에 콩팥에 해로운 것들이 있는 것을 확인한 콩콩이가 서두르며 말했어요. \"나리야, 콩팥을 치료하려면 신장 내과에 입원해야 해. 어서 가자.\"",
      "srcPage": 14,
      "srcSentenceEA": 6,
      "srcWordEA": 46
    },
    {
      "srcTextID": "115186",
      "srcText": "\"드디어 네 콩팥에서 나쁜 균이 없어졌어. 주사를 그만 맞아도 되고, 내일은 섬마을에도 갈 수 있지.\" \"와, 신 난다! 콩콩아, 나 좀 봐. 이젠 밥도 잘 먹고 기운도 세졌어.\"",
      "srcPage": 16,
      "srcSentenceEA": 5,
      "srcWordEA": 31
    },
    {
      "srcTextID": "115175",
      "srcText": "여기는 끼룩끼룩유치원이에요. 아이들이 콩콩이를 보고 이리저리 도망가는데 나리는 쪼르르 달려와 장난을 치네요. \"깜짝이야!\" 콩콩이는 문득 별별유치원에 다니던 때가 떠올랐어요.",
      "srcPage": 4,
      "srcSentenceEA": 3,
      "srcWordEA": 21
    },
    {
      "srcTextID": "115179",
      "srcText": "금세 도착한 119 구조대 아저씨들이 팥동이를 구급차에 싣고 떠난 뒤, 선생님이 말했어요. \"팥동이는 아기 때부터 콩팥이 약했대요. 병원으로 갔으니까 괜찮아질 거예요.\"",
      "srcPage": 7,
      "srcSentenceEA": 3,
      "srcWordEA": 22
    },
    {
      "srcTextID": "115178",
      "srcText": "\"선생님, 콩팥이 뭐예요?\" \"콩팥은 우리 몸속에서 생긴 불필요한 물질을 몸 밖으로 내보내는 일을 해요. 바로 오줌으로 말이에요.\"",
      "srcPage": 8,
      "srcSentenceEA": 3,
      "srcWordEA": 18
    },
    {
      "srcTextID": "115182",
      "srcText": "콩콩이는 집에 돌아오자마자 콩팥에 대해 찾아보았어요. '콩팥이 어떻게 생겼지?' 콩팥 피를 깨끗이 걸러 내어 오줌을 만들어요.",
      "srcPage": 9,
      "srcSentenceEA": 3,
      "srcWordEA": 17
    },
    {
      "srcTextID": "115181",
      "srcText": "사람은 콩팥이 두 개다. 콩팥에서 몸속의 찌꺼기를 걸러 내어 오줌을 만든다. 팥동이처럼 콩팥이 아픈 친구를 낫게 하는 의사가 되고 싶다.",
      "srcPage": 11,
      "srcSentenceEA": 3,
      "srcWordEA": 22
    },
    {
      "srcTextID": "115184",
      "srcText": "\"콩콩아, 선물 다 나누어 줬어.\" 예삐가 말했어요. \"어! 잠깐 옛날 생각을 하고 있었어.\" 콩콩이가 나리 배 속의 소리를 듣는 동안 예삐는 아이들에게 컵을 나누어 주었어요.",
      "srcPage": 12,
      "srcSentenceEA": 4,
      "srcWordEA": 28
    },
    {
      "srcTextID": "115177",
      "srcText": "선생님은 119에 전화를 걸었어요. \"별별유치원인데 아이가 쓰러졌어요. 어서 와서 도와주세요.\"",
      "srcPage": 6,
      "srcSentenceEA": 3,
      "srcWordEA": 11
    },
    {
      "srcTextID": "115195",
      "srcText": "오늘은 의사들이 각자 공부한 것을 발표하는 날. 콩콩이가 발표를 마쳤을 때 한 신장 내과 의사가 다가왔어요. \"반가워, 콩콩아. 나 별별유치원에 다니던 팥동이야.\"",
      "srcPage": 18,
      "srcSentenceEA": 4,
      "srcWordEA": 24
    },
    {
      "srcTextID": "115194",
      "srcText": "\"정말? 와, 반가워, 팥동아. 너 아주 건강해졌구나!\" \"응, 콩팥 치료를 열심히 받았거든.\" 콩콩이는 팥동이가 건강해져서 무척 기뻤답니다.",
      "srcPage": 19,
      "srcSentenceEA": 4,
      "srcWordEA": 20
    },
    {
      "srcTextID": "115176",
      "srcText": "꼬마 콩콩이가 지구에 와서 별별유치원에 간 첫날이었어요. 아이들이 앞구르기를 하며 즐거워하는데, 팥동이는 구경만 하고 있었죠. 그런데 팥동이가 갑자기 픽 쓰러지지 뭐예요!",
      "srcPage": 5,
      "srcSentenceEA": 3,
      "srcWordEA": 23
    },
    {
      "srcTextID": "115188",
      "srcText": "콩팥 수술을 하러 수술실에도 들어갔죠. 콩콩이는 나리 말고도 치료해야 할 환자가 많았어요. 콩콩이는 틈나는 대로 공부도 열심히 했어요. 콩팥에 관해서 공부할 것이 아주 많았거든요.",
      "srcPage": 17,
      "srcSentenceEA": 4,
      "srcWordEA": 27
    },
    {
      "srcTextID": "115187",
      "srcText": "나리는 콩콩이가 일하는 병원의 신장 내과에 입원했어요. 콩콩이는 날마다 나리를 살피러 갔지요. \"나리야, 기쁜 소식이야.\"",
      "srcPage": 15,
      "srcSentenceEA": 3,
      "srcWordEA": 16
    },
    {
      "srcTextID": "115169",
      "srcText": "로봇 예삐도 가방을 챙기느라 바빠요. 청진기, 오줌 검사할 컵, 주사기에 나쁜 균이 묻지 않도록 조심조심! 콩콩이를 도와야 하거든요.",
      "srcPage": 2,
      "srcSentenceEA": 3,
      "srcWordEA": 20
    }
  ]
}