{
  "title": "축구 잘하는 다혜 인형 놀이하는 지후",
  "author": "키움북스 편집부",
  "illustrator": "김기현",
  "isbn": "9788968736421",
  "readAge": "유아",
  "publishedYear": 2019,
  "publisher": "키움북스",
  "classification": "신체운동_건강",
  "paragraphInfoCount": 19,
  "paragraphInfo": [
    {
      "srcTextID": "107643",
      "srcText": "“여러분, 모두 모이세요!” 옆에서 지후와 다혜의 대화를 들은 선생님이 유치원의 모든 아이들을 모이게 했어요. “오늘은 여자와 남자의 같은 점과 다른 점에 대해 이야기할 거예요.” 지후와 다혜는 물론, 놀리던 친구들도 모두 선생님 말씀에 귀를 쫑긋 세웠어요.",
      "srcPage": 7,
      "srcSentenceEA": 4,
      "srcWordEA": 37
    },
    {
      "srcTextID": "107642",
      "srcText": "“남자와 여자는 어떻게 다를까요?” 선생님이 물었어요. “여자는 인형을 좋아해요.” “남자는 운동을 잘해요.” “여자는 가슴이 나와요.” “남자는 고추가 있어요.”",
      "srcPage": 8,
      "srcSentenceEA": 6,
      "srcWordEA": 19
    },
    {
      "srcTextID": "110102",
      "srcText": "“맞는 대답도 있고 틀린 대답도 있어요. 틀린 대답은 뭘까요? 아는 사람?” 선생님이 질문하자, 형우가 손을 번쩍 들었어요. “ 인형 싫어하는 여자도 있어요. 우리 엄마요!”",
      "srcPage": 9,
      "srcSentenceEA": 6,
      "srcWordEA": 28
    },
    {
      "srcTextID": "110103",
      "srcText": "형우의 대답에 선생님이 고개를 끄덕였어요. “맞아요. 인형을 좋아하는 건 여자인지 남자인지는 상관없는 일이에요. 남자도 인형을 좋아할 수 있고, 여자도 인형을 싫어할 수 있어요.”",
      "srcPage": 10,
      "srcSentenceEA": 3,
      "srcWordEA": 25
    },
    {
      "srcTextID": "107644",
      "srcText": "“지후는 남자인데 인형을 좋아해요.” 은아가 짓궂게 말했어요. 지후의 얼굴이 빨개졌어요. “아까 얘네들이 인형 놀이 한다고 지후를 놀렸어요.” 다혜가 씩씩거리며 말했어요. “머리가 짧다고 남자라고 저도 놀렸어요.”",
      "srcPage": 11,
      "srcSentenceEA": 6,
      "srcWordEA": 28
    },
    {
      "srcTextID": "107648",
      "srcText": "선생님이 심각한 표정으로 말했어요. “여자와 남자의 몸은 태어날 때부터 달라요. 우선, 아까 친구들이 말한 것처럼 생식기가 다르게 생겼어요. 언니나 형처럼 자라면서 가슴이나 수염 등 몸의 달라지는 부분이 더 많아져요. 하지만, 무엇을 좋아하고 싫어하는 것은 남자인지 여자인지와는 상관없는 거예요. 분홍색을 좋아하는 남자도 있고 치마 입는 것을 싫어하는 여자도 있어요.”",
      "srcPage": 12,
      "srcSentenceEA": 6,
      "srcWordEA": 52
    },
    {
      "srcTextID": "107649",
      "srcText": "선생님은 이야기를 계속했어요. “어떤 일을 잘하고 못하는 것도 여자, 남자라는 성별과는 관계없어요. 권투를 잘하는 여자도 있고, 요리를 잘하는 남자도 있어요. 집에서 아기를 키우는 아빠도 있고, 회사에 다니며 일하는 엄마도 있어요.” 선생님의 얘기를 듣는 친구들의 표정이 제법 진지해졌어요.",
      "srcPage": 13,
      "srcSentenceEA": 5,
      "srcWordEA": 40
    },
    {
      "srcTextID": "107650",
      "srcText": "“우리 집은 엄마가 회사 가고 아빠는 집에서 일해요. 그래서 조금 창피했어요.” 준우가 머뭇거리며 말했어요. “엄마도 아빠도 준우와 가족을 위해 열심히 일하시는 거예요. 집에서 일하는 것이 창피한 일이 아니고, 나가서 일하는 게 더 자랑스러운 것도 아니에요.” 선생님이 준우를 보며 얘기했어요. “나는 엄마가 나갔으면 좋겠어. 게임 실컷 하게.” 은찬이 말에 친구들이 모두 웃었어요.",
      "srcPage": 14,
      "srcSentenceEA": 9,
      "srcWordEA": 57
    },
    {
      "srcTextID": "110105",
      "srcText": "은찬이가 지후에게 사과했어요. “지후야 아까 놀려서 미안해.” “그래, 우리 사이좋게 지내자.” 지후가 은찬이의 사과를 받아주었어요.",
      "srcPage": 15,
      "srcSentenceEA": 4,
      "srcWordEA": 16
    },
    {
      "srcTextID": "110104",
      "srcText": "“인형 놀이 재미있어? 나도 해볼까?” 은찬이가 공주 인형을 집어 들고 물었어요. “같이 놀자. 나는 공주, 너는 왕자 할까?” 지후가 신이 나서 대답했어요.",
      "srcPage": 16,
      "srcSentenceEA": 6,
      "srcWordEA": 26
    },
    {
      "srcTextID": "107659",
      "srcText": "“나도 같이 하자. 나는 도둑을 잡는 경찰 할래.” 다혜가 함께 놀자고 다가왔어요. “그러면 나는 아픈 사람 돌봐주는 간호사다.” 준우도 끼어들었어요.",
      "srcPage": 17,
      "srcSentenceEA": 5,
      "srcWordEA": 23
    },
    {
      "srcTextID": "107660",
      "srcText": "“머리 짧다고, 또 놀리지 않을 거지?” 다혜의 말에 준우가 머리를 긁적이며 말했어요. “미안해, 다시는 안 그럴게.” 친구들은 여자, 남자, 구별하지 않고 즐겁게 놀았어요.",
      "srcPage": 18,
      "srcSentenceEA": 4,
      "srcWordEA": 25
    },
    {
      "srcTextID": "107661",
      "srcText": "성차별이란 무엇일까요? 성이 다르다는 이유로 차별하는 것을 말합니다. 우리나라는 예로부터 여성에 대한 성차별이 심했고 남아선호사상이 심했습니다. 성차별은 성 역할 고정관념 때문에 생겨납니다. 남자와 여자를 능력이 아닌 성별에 따른 선입견으로 판단하여 차별하는 성차별은 인간의 기본적인 권리를 침해하는 것입니다.",
      "srcPage": 19,
      "srcSentenceEA": 5,
      "srcWordEA": 41
    },
    {
      "srcTextID": "107635",
      "srcText": "다혜는 활달한 여자 어린이예요. 태권도를 배워서 벌써 빨간 띠를 땄어요. 다혜는 축구를 제일 좋아해요.",
      "srcPage": 1,
      "srcSentenceEA": 3,
      "srcWordEA": 16
    },
    {
      "srcTextID": "107636",
      "srcText": "지후는 차분한 남자 어린이예요. 발레를 배워서 다리찢기도 할 수 있어요. 지후는 인형 놀이를 제일 좋아해요.",
      "srcPage": 2,
      "srcSentenceEA": 3,
      "srcWordEA": 17
    },
    {
      "srcTextID": "107638",
      "srcText": "다혜는 긴 머리카락이 귀찮았어요. 앞 머리카락은 눈을 자꾸 찌르고 뒷머리는 목을 덮어서 땀이 났어요. 그래서 미용실에 가서 머리를 짧게 잘랐어요.",
      "srcPage": 3,
      "srcSentenceEA": 3,
      "srcWordEA": 22
    },
    {
      "srcTextID": "107637",
      "srcText": "“얼레리꼴레리 다혜는 남자래요.” “머리가 하나도 없대요.” 다혜의 짧은 머리를 보고 친구들이 놀렸어요. “남자만 짧은 머리 하라는 법 있어?” 다혜가 덤벼들자, 아이들은 더 큰 소리로 놀리면서 도망갔어요.",
      "srcPage": 4,
      "srcSentenceEA": 5,
      "srcWordEA": 28
    },
    {
      "srcTextID": "107640",
      "srcText": "다혜는 화가 나고 속상했어요. ‘여자는 머리가 짧으면 안 되나?’ 다혜가 생각에 잠겨있는데, 지후의 우는 소리가 들렸어요.",
      "srcPage": 5,
      "srcSentenceEA": 3,
      "srcWordEA": 18
    },
    {
      "srcTextID": "107639",
      "srcText": "“지후야, 왜 울어?” “ 엉엉! 애들이 놀려서 우는 거야. 내가 인형 놀이 한다고 여자라고 놀려.” “얼레리, 꼴레리 지후는 여자래요.” “여자처럼 인형 갖고 논대요.”",
      "srcPage": 6,
      "srcSentenceEA": 6,
      "srcWordEA": 25
    }
  ]
}