{
  "title": "놀이공원에서 길을 잃었어요",
  "author": "안재원",
  "illustrator": "박정민",
  "isbn": "9788968735929",
  "readAge": "유아",
  "publishedYear": 2018,
  "publisher": "키움북스",
  "classification": "신체운동_건강",
  "paragraphInfoCount": 16,
  "paragraphInfo": [
    {
      "srcTextID": "32744",
      "srcText": "“지윤아, 놀러 갈 때는 예쁜 옷보다 더 중요한 것이 있어. 놀이공원처럼 넓고 사람이 많은 장소에서는 길을 잃어버리기 쉬워. 혼자 돌아다니지 말고 꼭 엄마, 아빠 손을 잡고 다녀야 해.”",
      "srcPage": 3,
      "srcSentenceEA": 3,
      "srcWordEA": 30
    },
    {
      "srcTextID": "32749",
      "srcText": "“하나, 멈추기!” 길을 잃게 되면 그 자리에 멈춰서 서 있어야 해. 그래야 엄마 아빠가 너를 찾으러 갔을 때 서로 길이 어긋나지 않고 더 빨리 만날 수 있어. “둘, 생각하기!” 멈춘 다음엔 당황하지 말고 엄마 아빠 이름과 지윤이 이름, 그리고 집주소와 전화번호를 차근차근 외워 보는 거야.",
      "srcPage": 4,
      "srcSentenceEA": 5,
      "srcWordEA": 48
    },
    {
      "srcTextID": "32758",
      "srcText": "‘그래 맞아! 엄마가 꼭 기억하라고 알려 주신 세 가지! 하나, 멈추기! 놀이공원에서 엄마, 아빠를 잃어버리고 혼자가 되면 그 자리에서 그대로 서서 움직이지 말라고 했어. 내가 부모님을 찾으러 여기저기 움직이면 더 만나기가 힘들어진다고 제자리에서 기다리면 엄마, 아빠가 날 찾으러 온다고 하셨어.’ 지윤이는 어제 엄마가 일러준 얘기를 하나하나 떠올렸어요.",
      "srcPage": 11,
      "srcSentenceEA": 6,
      "srcWordEA": 52
    },
    {
      "srcTextID": "32762",
      "srcText": "지윤이 눈에 마침 놀이공원 안내소가 보였어요. ‘저기 안내원 아저씨들에게 엄마 아빠를 찾아 달라고 하자.’ 지윤이는 다리 아래 있는 놀이공원 안내소로 향했습니다. ",
      "srcPage": 14,
      "srcSentenceEA": 3,
      "srcWordEA": 23
    },
    {
      "srcTextID": "32741",
      "srcText": "“엄마, 아빠 이 멜빵 치마 예쁘죠? 내일 놀이공원에 갈 때 입을 거예요.” 놀이공원에 갈 생각에 지윤이는 벌써부터 기분이 좋았습니다.",
      "srcPage": 1,
      "srcSentenceEA": 3,
      "srcWordEA": 21
    },
    {
      "srcTextID": "32742",
      "srcText": "“하하하 그렇게 좋아?” “신나서 예쁜 옷도 미리 준비했구나.” 엄마와 아빠도 하하 웃으셨습니다. 웃으시던 엄마가 진지한 표정으로 지윤이에게 말씀하셨어요.",
      "srcPage": 2,
      "srcSentenceEA": 4,
      "srcWordEA": 20
    },
    {
      "srcTextID": "32748",
      "srcText": "“셋, 도움 청하기!” 기다려도 엄마 아빠가 오지 않으면 주변을 둘러보고 도움을 구해야 한단다. 특히 경찰관, 아이와 함께 있는 아주머니, 상점 안에서 물건을 파는 사람에게 도와달라고 하는 거야. 한 번 따라 해볼까?",
      "srcPage": 5,
      "srcSentenceEA": 4,
      "srcWordEA": 34
    },
    {
      "srcTextID": "32752",
      "srcText": "다음 날 지윤이네 가족은 놀이공원에 놀러 갔어요. 놀이공원 입구에 들어가자 회전목마가 보였어요. “엄마 아빠 저기 제가 제일 좋아하는 회전목마가 있어요. 와 재미있겠다. 우리도 어서 타러 가요. 빨리요 빨리.”",
      "srcPage": 6,
      "srcSentenceEA": 6,
      "srcWordEA": 32
    },
    {
      "srcTextID": "32751",
      "srcText": "“지윤이가 회전목마가 타고 싶구나? 그래, 우리도 저쪽으로 가서 줄 서서 기다리자.” 신이 난 지윤이는 폴짝폴짝 뛰어서 회전목마로 향했어요. 회전목마를 워낙 좋아하는 지윤이는 기다리면서도 기분이 좋았어요.",
      "srcPage": 7,
      "srcSentenceEA": 4,
      "srcWordEA": 28
    },
    {
      "srcTextID": "32753",
      "srcText": "“곧 광장에서 퍼레이드가 진행될 예정이오니 많은 관람 부탁 드립니다.” 지윤이도 퍼레이드가 보고 싶어졌어요. 지윤이는 엄마와 아빠가 따라 오기도 전에 다른 사람들 뒤를 따라 광장으로 걸어갔어요.",
      "srcPage": 8,
      "srcSentenceEA": 3,
      "srcWordEA": 27
    },
    {
      "srcTextID": "32756",
      "srcText": "지윤이는 전날 엄마가 말해 주었던 ‘부모님 손잡고 다니기’와 ‘혼자 다니지 않기’도 잊어버린 채 퍼레이드를 보러 가는 사람들 뒤를 따라갔어요. “히히, 내가 일등으로 가서 앞에서 봐야지” 처음에는 신나게 뛰었지만, 곧 덥고 힘이 들었어요.",
      "srcPage": 9,
      "srcSentenceEA": 5,
      "srcWordEA": 35
    },
    {
      "srcTextID": "32757",
      "srcText": "조금 전까지만 해도 놀이공원에 놀러와 신났던 지윤이는 이제는 미아가 되어버렸어요. “무서워...” ‘퍼레이드 보려고 사람들 따라가지 않고 멈췄으면 이렇게 멀리 오지 않았을 텐데 잠깐, 멈췄으면?’ 지윤이는 어제 엄마가 하신 말씀이 생각났어요.",
      "srcPage": 10,
      "srcSentenceEA": 3,
      "srcWordEA": 32
    },
    {
      "srcTextID": "32760",
      "srcText": "‘어제 자기 전에 엄마랑 함께 전화번호를 외워 두길 참 잘했어.’ 하지만 번호를 다 외우는 동안에도 부모님은 보이지 않았어요. 지윤이는 다음에 엄마가 했던 말을 다시 한번 생각했어요.",
      "srcPage": 12,
      "srcSentenceEA": 3,
      "srcWordEA": 28
    },
    {
      "srcTextID": "32761",
      "srcText": "‘세 번째는 뭐였지? 세 번째는... 맞아! 도움 청하기, 어서 주변을 둘러 보자. 엄마가 도움을 청할 때는 특히 경찰관, 아이와 함께 있는 아주머니, 상점 안에 들어가서 도와달라고 했었는데’",
      "srcPage": 13,
      "srcSentenceEA": 5,
      "srcWordEA": 31
    },
    {
      "srcTextID": "32767",
      "srcText": " “그래 지윤아 혹시 부모님 이름과 휴대폰 번호 알고 있니?” “네! 알아요! 엄마랑 같이 외웠어요!” 지윤이가 말한 전화번호로 안내원 아저씨는 부모님에게 전화도 해주었고 놀이공원 안에 크게 들리도록 안내 방송도 해주셨어요.",
      "srcPage": 15,
      "srcSentenceEA": 4,
      "srcWordEA": 32
    },
    {
      "srcTextID": "32770",
      "srcText": "안내원 아저씨와 잠시 기다리니 멀리서 엄마, 아빠가 뛰어오셨어요. “지윤아! 아이고 우리 딸!” “엄마, 아빠 보고 싶었어요. 다음부턴 절대 혼자 다니지 않을게요.”",
      "srcPage": 16,
      "srcSentenceEA": 4,
      "srcWordEA": 23
    }
  ]
}