{
  "title": "두리를 도와주세요",
  "author": "혜린",
  "illustrator": "윤수정",
  "isbn": "9788968735967",
  "readAge": "유아",
  "publishedYear": 2018,
  "publisher": "키움북스",
  "classification": "신체운동_건강",
  "paragraphInfoCount": 18,
  "paragraphInfo": [
    {
      "srcTextID": "43308",
      "srcText": "아라는 수업시간에도 늘 피곤한 모습으로 자주 졸던 두리의 모습을 떠올렸어요. 요즘 들어 두리는 결석도 자주 해요. 두리에게 무슨 일이 있는 걸까요?",
      "srcPage": 1,
      "srcSentenceEA": 3,
      "srcWordEA": 23
    },
    {
      "srcTextID": "43309",
      "srcText": "드르륵, 교실 문이 열리고 보건 선생님께서 들어오셨어요. “친구들, 안녕하세요?” “선생님, 안녕하세요!” 모두 반갑게 인사를 했지만 아라는 두리가 걱정이 되어서 기운이 나지 않았어요. 1교시는 보건 선생님의 수업이에요. “오늘은 우리 함께 아동학대에 대해 배워 볼 거예요. 아동학대란 어른이 아이를 나쁘게 대하고 힘들게 하는 것을 말해요.”",
      "srcPage": 2,
      "srcSentenceEA": 7,
      "srcWordEA": 46
    },
    {
      "srcTextID": "43316",
      "srcText": "‘내가 만약 저런 일을 당하면 어떻게 하지?’ 아동학대에 대한 설명을 들으며 아라는 겁이 덜컥 났어요. 마치 아라의 마음을 읽은 것처럼 선생님께서 친절하게 얘기하셨어요. “학대를 당했을 때는 믿을 수 있는 어른들에게 학대 사실에 대해 자세히 알리는 것이 중요해요. 우리 어린이들이 전화나 인터넷으로 직접 학대 신고를 할 수도 있답니다.”",
      "srcPage": 6,
      "srcSentenceEA": 5,
      "srcWordEA": 50
    },
    {
      "srcTextID": "43320",
      "srcText": "아라의 말에 두리가 희미하게 웃더니 말했어요. “엄마, 아빠가 학교에 못 가게 했어.” 아라는 오늘 학교에서 배운 것이 생각났어요.",
      "srcPage": 8,
      "srcSentenceEA": 3,
      "srcWordEA": 19
    },
    {
      "srcTextID": "43315",
      "srcText": "학대를 당하면 이런 증상이 나타나요. 사고로 다칠 수 없는 곳이나 같은 곳에 자꾸 상처가 나요. 집에 가기 싫어하고 부모님을 지나치게 무서워해요.",
      "srcPage": 4,
      "srcSentenceEA": 3,
      "srcWordEA": 23
    },
    {
      "srcTextID": "43313",
      "srcText": "불안한 모습을 자주 보이고 지나치게 주눅 들어 있어요. 계절에 맞지 않는 옷을 입거나 몸이 청결하지 못해요. 수업시간에 졸거나 이유 없는 결석을 자주 해요.",
      "srcPage": 5,
      "srcSentenceEA": 3,
      "srcWordEA": 25
    },
    {
      "srcTextID": "43319",
      "srcText": "아라는 하굣길에 울고 있는 두리를 만났어요. “두리야 왜 울어?” 아라가 물어도 두리는 대답을 안 했어요. “학교에는 왜 안 왔어? 짝꿍인 네가 없어서 나는 종일 심심했단 말이야.”",
      "srcPage": 7,
      "srcSentenceEA": 5,
      "srcWordEA": 28
    },
    {
      "srcTextID": "43325",
      "srcText": "조사를 끝마친 후 두리는 부모님과 떨어져 친절한 선생님과 친구들이 있는 아동보호소에서 잠시 지내게 되었어요. 낯선 환경이라 처음에는 어색했지만 상냥한 상담 선생님과 이야기하면서 두리는 마음을 열었어요. 일찍 일어나서 제때에 꼬박꼬박 맛있는 밥을 먹고 학교도 빠지지 않았지요. 밤에는 아무 걱정 없이 잠도 잘 자면서 두리는 아픈 몸과 마음을 치료받았어요.",
      "srcPage": 15,
      "srcSentenceEA": 4,
      "srcWordEA": 50
    },
    {
      "srcTextID": "43327",
      "srcText": "몇 개월이 흐른 뒤 부모님과 두리는 모두 집으로 돌아왔어요. 여러 사람의 도움으로 집은 깨끗하게 청소되어 있었어요. “두리야 미안해.” “이제부터는 좋은 엄마 아빠가 되기 위해 노력할게.” 두리 부모님은 진심으로 두리에게 사과했어요. 두리는 활짝 웃으며 부모님 품에 안겼어요.",
      "srcPage": 17,
      "srcSentenceEA": 6,
      "srcWordEA": 39
    },
    {
      "srcTextID": "43328",
      "srcText": "“아라야 안녕!” “두리야 안녕? 일찍 왔네.” 요즘 두리는 결석을 하지 않고 일찍 학교에 온답니다. 수업 시간에는 졸지 않고 열심히 공부하고, 쉬는 시간에는 친구들과 운동장을 뛰며 즐겁게 놀아요. “우리 교실까지 누가 먼저 가나 경주할까?” “깔깔깔” “하하하” 두리와 아라의 웃음소리가 운동장 가득 울려 퍼졌어요.",
      "srcPage": 18,
      "srcSentenceEA": 7,
      "srcWordEA": 46
    },
    {
      "srcTextID": "43317",
      "srcText": "“두리야 얼굴이 왜 이래? 멍이 들었네. 오늘 학교에도 안 오고 무슨 일인지 선생님한테 얘기해 줄 수 있어?” 두리는 힘들게 지금까지 집에서 있었던 일에 대해서 자세히 이야기했어요. 두리의 부모님은 두리를 때리기도 하고 가끔 학교에도 가지 못하게 했어요.",
      "srcPage": 10,
      "srcSentenceEA": 5,
      "srcWordEA": 40
    },
    {
      "srcTextID": "43322",
      "srcText": "학대를 받으면 어떻게 해야할까요? 학대를 당한 아동의 이름, 나이, 성별, 주소를 말해요. 학대 행위자로 의심되는 사람에 대한 정보를 알려주세요. 학대를 받았다고 의심되는 이유도 알려주세요.",
      "srcPage": 13,
      "srcSentenceEA": 4,
      "srcWordEA": 27
    },
    {
      "srcTextID": "43311",
      "srcText": "성 학대 내 소중한 부분을 만져요. 이상한 그림이나 몸의 일부를 보여줘요. 어른들만 가는 곳에 데리고 가요. 방임 돌보지 않음 밥을 안 줘요. 아픈데 병원에 데리고 가지 않아요. 학교에 보내주지 않아요. 집에 혼자 있게 하고 안 들어와요. ",
      "srcPage": 3,
      "srcSentenceEA": 7,
      "srcWordEA": 42
    },
    {
      "srcTextID": "43318",
      "srcText": "“두리야! 우리 같이 선생님께 얘기하러 가자.” 아라는 머뭇거리는 두리 손을 잡고 학교로 갔어요. 마침 교무실에 계시던 보건 선생님께서 친절하게 맞이해 주셨어요.",
      "srcPage": 9,
      "srcSentenceEA": 3,
      "srcWordEA": 24
    },
    {
      "srcTextID": "43323",
      "srcText": "학대를 받으면 어떻게 해야할까요? 학대를 받을 수 있는 상황이 발생할 것 같은 분위기에서는 우선 자리를 피해요. 학대 사실을 주변의 믿을 수 있는 어른들에게 알리고 도움을 요청해요.",
      "srcPage": 11,
      "srcSentenceEA": 3,
      "srcWordEA": 28
    },
    {
      "srcTextID": "43321",
      "srcText": "도움을 요청받은 어른은 학대를 당한 증거를 확보하고 피해 사실을 기록해요. 아동학대 신고 기관에 신고해요. 신고 국번없이 112로 전화해요. 24시간 관할 지역 아동보호 전문기관에 방문해서 신고해요. 상담 아동보호전문기관 02-558-1391 건강가정지원센터 1577-9337 보건복지 콜센터 129",
      "srcPage": 12,
      "srcSentenceEA": 5,
      "srcWordEA": 37
    },
    {
      "srcTextID": "43324",
      "srcText": "두리의 얘기를 들은 선생님은 두리가 아동학대를 받았다고 판단하고 경찰에 신고했어요. 신고를 받은 경찰은 두리네 집으로 가서 조사했어요. 집은 청소를 제대로 하지 않아 지저분했고, 술병이 굴러다녔어요. 경찰은 두리의 몸 여기저기에 있는 상처와 멍을 발견했어요. 여러 증거가 모여 두리가 부모님에게 아동학대를 당하고 있었다는 사실이 밝혀졌어요.",
      "srcPage": 14,
      "srcSentenceEA": 5,
      "srcWordEA": 47
    },
    {
      "srcTextID": "43326",
      "srcText": "두리 부모님은 어떻게 되었을까요? 부모님도 잘못한 점에 대해서는 벌을 받아요. 여러 가지 안 좋은 일들이 겹쳐서 두리 부모님도 마음의 병을 앓고 있었대요. 게다가 아이를 돌보는 방법을 잘 알지 못해 더욱 두리를 힘들게 했다고 합니다. 두리 부모님도 심리 치료를 받고 아동발달과 부모 역할에 대해 배우는 시간을 가졌어요.",
      "srcPage": 16,
      "srcSentenceEA": 5,
      "srcWordEA": 50
    }
  ]
}