{
  "title": "남자는 남탕으로, 여자는 여탕으로!",
  "author": "정이숙",
  "illustrator": "이혜진",
  "isbn": "9788968736438",
  "readAge": "유아",
  "publishedYear": 2019,
  "publisher": "키움북스",
  "classification": "신체운동_건강",
  "paragraphInfoCount": 22,
  "paragraphInfo": [
    {
      "srcTextID": "107895",
      "srcText": "아롱이와 다롱이는 여섯 살, 쌍둥이 남매입니다. 280일 동안 엄마의 배 속에서 사이좋게 함께 지내다가 같은 날 세상으로 나왔어요. 아롱이가 3분 먼저 나와서 오빠가 되었고, 다롱이는 3분 늦어서 동생이 되었어요.",
      "srcPage": 1,
      "srcSentenceEA": 3,
      "srcWordEA": 31
    },
    {
      "srcTextID": "107896",
      "srcText": "아롱이와 다롱이는 무엇이든 함께했어요. 밥도 함께, 놀이터도 함께, 그림책도 함께, 목욕도 함께! 무엇이든 함께하면 훨씬 더 재미있거든요.",
      "srcPage": 2,
      "srcSentenceEA": 3,
      "srcWordEA": 19
    },
    {
      "srcTextID": "107898",
      "srcText": "그런데, 함께할 수 없는 일이 생겼어요. 어느 일요일, 아롱다롱이 가족이 동네의 대중목욕탕에 들어갈 때 일어난 일이에요. “다롱아, 오빠랑 같이 가자.” 아롱이는 언제나처럼 다롱이의 손을 잡아 끌었어요.",
      "srcPage": 3,
      "srcSentenceEA": 4,
      "srcWordEA": 28
    },
    {
      "srcTextID": "107897",
      "srcText": "“다롱이는 엄마 따라서, 여탕에 가야 한단다.” 아빠가 안 된다고 고개를 저었어요. “집에서는 맨날 목욕 같이 했는데?” 다롱이가 볼멘소리를 했어요.",
      "srcPage": 4,
      "srcSentenceEA": 4,
      "srcWordEA": 21
    },
    {
      "srcTextID": "107899",
      "srcText": "“여기는 여러 사람이 오는 대중 목욕탕이라 여자는 여자끼리, 남자는 남자끼리 따로 들어가야 해.” 엄마가 설명했어요. 아빠와 아롱이는 남탕으로. 엄마와 다롱이는 여탕으로. 하는 수 없이 아롱이와 다롱이는 서로 다른 입구로 들어갔어요.",
      "srcPage": 5,
      "srcSentenceEA": 5,
      "srcWordEA": 34
    },
    {
      "srcTextID": "107901",
      "srcText": "“아빠, 고추는 남자들만 있는 거지요?” 아롱이가 아빠에게 물었어요. “네가 아기 때는 알아듣기 쉽게 고추라고 불렀지만 고추의 정확한 이름은 ‘음경’이란다.” “안경이요?” “하하! 안경이 아니라, 음경이야.”",
      "srcPage": 7,
      "srcSentenceEA": 4,
      "srcWordEA": 27
    },
    {
      "srcTextID": "107904",
      "srcText": " “여자에게는 음순이 있고 아기가 사는 집인 자궁도 있어. 여자의 아기 씨를 키우는 난소도 있지.” 엄마의 말을 들으니, 몸 속에 뭔가 대단한 것이 있는 것처럼 느껴졌어요.",
      "srcPage": 11,
      "srcSentenceEA": 3,
      "srcWordEA": 27
    },
    {
      "srcTextID": "107906",
      "srcText": "개운하게 목욕을 마치고 탈의실로 나왔어요. 아롱이 얼굴이 뽀드득, 깨끗해 보이네요. 속옷을 입던 아롱이가 물었어요. “왜 나는 고추에, 아니 음경에 털이 없어요?” “지금은 털이 없지만 중학교에 갈 나이쯤 되면 너도 턱과 겨드랑이, 음경에도 털이 나게 될 거야.” 아빠가 자세하게 설명해 주었어요.",
      "srcPage": 12,
      "srcSentenceEA": 6,
      "srcWordEA": 43
    },
    {
      "srcTextID": "107902",
      "srcText": "“음경 아래 있는 작은 주머니는 뭐예요?” 아롱이가 아래를 들여다보며 물었어요. “남자의 아기 씨를 만드는 고환이란다. 음낭이 잘 싸서 보호해 주고 있어.” 아빠가 자세하게 설명해 주었어요.",
      "srcPage": 8,
      "srcSentenceEA": 5,
      "srcWordEA": 28
    },
    {
      "srcTextID": "107903",
      "srcText": "“샤워기가 이렇게 많은 건, 처음 봐요!” 난생처음 대중목욕탕에 간 다롱이는 모든 게 신기했어요. 주름이 쪼글쪼글한 할머니가 예쁜 언니의 등을 밀어주고 있고, 커다란 탕 안에는 다롱이 또래의 친구들이 물장난을 하고 있었어요.",
      "srcPage": 9,
      "srcSentenceEA": 3,
      "srcWordEA": 32
    },
    {
      "srcTextID": "107905",
      "srcText": "여탕 안의 사람들을 쳐다보던 다롱이가 물었어요. “엄마, 여자는 왜 고추가 없어요?” “여자는 고추 대신 잠지가 있잖아. 다롱이도 아기가 아니니까 이제부터는 ‘음순’이라고 부르자. 잠지의 바른 이름은 음순이란다.",
      "srcPage": 10,
      "srcSentenceEA": 6,
      "srcWordEA": 29
    },
    {
      "srcTextID": "107908",
      "srcText": "다롱이와 엄마도 목욕을 끝냈어요. 다롱이가 장난스럽게 엄마의 속옷을 가슴에 걸치며 물었어요. “엄마, 나는 왜 가슴이 이렇게 작아요?”",
      "srcPage": 13,
      "srcSentenceEA": 3,
      "srcWordEA": 18
    },
    {
      "srcTextID": "107909",
      "srcText": "목욕을 마친 아롱이네 가족은 아이스크림을 먹으러 갔어요. 화장실에 다녀온 아롱이가 물었어요. “남자는 왜 서서 오줌을 누나요?” “남자의 음경과 여자의 음순은 몸에 있는 위치가 다르기 때문에, 여자는 앉아서 남자는 서서, 오줌 누는 게 편리하단다.” 엄마가 설명해 주었어요. “나도 서서 쉬를 해봤는데 팬티가 다 젖었어.” 다롱이가 웃으며 말했어요.",
      "srcPage": 15,
      "srcSentenceEA": 7,
      "srcWordEA": 49
    },
    {
      "srcTextID": "107911",
      "srcText": "꿈나라로 갈 시간이에요. “남탕에는 엄청나게 큰 욕조가 있어.” “여탕에는 샤워기가 백 개는 있는 것 같아.” 침대에 누운 아롱이와 다롱이가 소곤소곤 얘기했어요.",
      "srcPage": 16,
      "srcSentenceEA": 4,
      "srcWordEA": 22
    },
    {
      "srcTextID": "107912",
      "srcText": "아기의 성별은 언제 결정될까? 아기의 성별은 남자의 아기 씨인 정자와 여자의 아기 씨인 난자가 만나 수정하여 수정란이 되는 순간에 결정됩니다. 수정란은 엄마와 아빠의 염색체를 하나씩 받아서 만들어지는데 여자인 엄마는 X염색체를 주고 남자인 아빠는 X 또는 Y 염색체를 준답니다.",
      "srcPage": 18,
      "srcSentenceEA": 3,
      "srcWordEA": 40
    },
    {
      "srcTextID": "107913",
      "srcText": "우리가 흔히 고추라고 부르는 남자 생식기의 바른 이름은 음경입니다. 음경 아래에는 음낭에 쌓여있는 고환이 한 쌍 있습니다. 고환은 남자의 아기 씨인 정자와 남성호르몬을 만드는 일을 합니다.",
      "srcPage": 19,
      "srcSentenceEA": 3,
      "srcWordEA": 28
    },
    {
      "srcTextID": "107914",
      "srcText": "잠지라고 흔히 부르는 여자 생식기의 바른 이름은 음순입니다. 음순은 소변이 나오는 길인 요도와 아기가 나오는 길인 질을 감싸고 있습니다. 여자의 몸 안에는 난자와 여러 종류의 성호르몬을 만드는 난소, 난소와 자궁을 이어주는 난관, 태아가 성장하는 자궁 등이 있습니다.",
      "srcPage": 20,
      "srcSentenceEA": 3,
      "srcWordEA": 39
    },
    {
      "srcTextID": "107916",
      "srcText": "남자는 자라면서 근육이 발달하고 힘이 더 세져요. 겨드랑이와 음경 주변에 털이 나요. 코밑과 턱에 수염도 자라기 시작해요. 여자는 자라면서 유방과 골반이 커져요. 겨드랑이와 음순 주변에 털이 나요. 한 달에 한 번 월경을 시작해요.",
      "srcPage": 22,
      "srcSentenceEA": 6,
      "srcWordEA": 38
    },
    {
      "srcTextID": "107900",
      "srcText": "“와! 여기서는 수영도 할 수 있겠어요.” 아롱이가 물이 가득 담긴 커다란 욕조를 보고 기뻐서 소리를 질렀어요. “다른 사람들이 불편하지 않게 조심해야 한다.” 아빠가 주의를 주었어요. 비누칠을 하는 아저씨, 머리를 감는 형아, 탕 안에 몸을 담그고 눈을 지그시 감고 있는 할아버지... 목욕탕 안에는 많은 사람들이 몸을 씻고 있었어요.",
      "srcPage": 6,
      "srcSentenceEA": 6,
      "srcWordEA": 52
    },
    {
      "srcTextID": "107907",
      "srcText": "“걱정 마세요, 귀여운 꼬마 아가씨. 지금은 작아도 더 자라서 사춘기가 되면 다롱이 가슴도 더 자랄 테니까.” 엄마가 대답했어요.",
      "srcPage": 14,
      "srcSentenceEA": 3,
      "srcWordEA": 20
    },
    {
      "srcTextID": "107910",
      "srcText": "“빨리 형아들처럼 커서 수염이 나면 좋겠다.” “나는 언니들처럼 가슴이 커지고 싶어.” 아롱이와 다롱이는 쑥쑥 자라서 어른이 된 모습을 상상하며, 잠이 들었어요.",
      "srcPage": 17,
      "srcSentenceEA": 3,
      "srcWordEA": 22
    },
    {
      "srcTextID": "107915",
      "srcText": "남자와 여자, 이런점이 달라요! 남자는 서서 소변을 보고 여자는 앉아서 봐요. 하지만 양변기에 앉아서 소변을 보는 남자도 있어요. 남자는 팬티만 입고 여자는 팬티에 더해 가슴을 보호하는 속옷인 브래지어를 입어요. 하지만 브래지어를 꼭 입어야 하는 건 아니에요.",
      "srcPage": 21,
      "srcSentenceEA": 5,
      "srcWordEA": 40
    }
  ]
}