{
  "title": "토끼와 거북이 시합을 한대요",
  "author": "백은영",
  "illustrator": "노은정",
  "isbn": "9791165430634",
  "readAge": "유아",
  "publishedYear": 2020,
  "publisher": "아람키즈",
  "classification": "신체운동_건강",
  "paragraphInfoCount": 17,
  "paragraphInfo": [
    {
      "srcTextID": "16368",
      "srcText": "어느 날 토끼는 거북을 찾아가서 킥보드를 타고 경주하자고 했어요. 바람처럼 씽씽 달리는 토끼는 거북을 이길 거라고 자신했지요. 우당탕, 쿵쾅! 저런, 토끼가 미끄러져 엉덩방아를 찧었어요. 하지만 토끼는 거북의 충고를 들은 척도 안 했어요. 그 바람에 아주 혼쭐이 났지요!",
      "srcPage": 3,
      "srcSentenceEA": 6,
      "srcWordEA": 42
    },
    {
      "srcTextID": "16369",
      "srcText": "같이 타자. 안 돼. 한 명만 타야 해. 바퀴는 왜 살피는 거야? 응, 고장이 났는지 살펴보는 거야.",
      "srcPage": 6,
      "srcSentenceEA": 5,
      "srcWordEA": 21
    },
    {
      "srcTextID": "16381",
      "srcText": "내리막길에서는 조심해야 해. 경찰관 아저씨, 안녕하세요? 제가 시장바구니 들어 드릴게요. 야호, 너무 재밌어. 제가 도와드릴게요.",
      "srcPage": 17,
      "srcSentenceEA": 5,
      "srcWordEA": 19
    },
    {
      "srcTextID": "16372",
      "srcText": "거북은 시무룩해진 토끼가 마음에 걸렸어요. 그래서 이번에는 거북이 먼저 자전거를 타고 경주하자고 했지요. 거북은 토끼의 경주 준비를 도와주기로 했어요. 인도에서 타면 위험해! 내리막길에서는 천천히 달려야 해!",
      "srcPage": 8,
      "srcSentenceEA": 5,
      "srcWordEA": 30
    },
    {
      "srcTextID": "16377",
      "srcText": "잠깐! 준비가 필요해 토끼는 거북이 계속 이기자 화가 났어요. 그래서 이번에는 래프팅 경기를 하자고 했지요. 토끼는 물 위에서라면 안전 보호 장비가 없어도 괜찮을 거라고 생각했어요.",
      "srcPage": 12,
      "srcSentenceEA": 3,
      "srcWordEA": 28
    },
    {
      "srcTextID": "16378",
      "srcText": "잠깐! 준비가 필요해요 다음 날, 토끼가 스케이트를 들고 나타났어요. 이번에는 스케이트 경주를 하자고 했지요. 토끼는 얼음판 위에서라면 마음껏 달려도 괜찮을 거라고 생각했어요.",
      "srcPage": 13,
      "srcSentenceEA": 3,
      "srcWordEA": 25
    },
    {
      "srcTextID": "16379",
      "srcText": "풍덩, 어푸어푸! 저런, 토끼가 물에 빠져 허우적대고 있어요. 래프팅을 할 땐 이렇게 준비해요. 헬멧 구명조끼 운동화 래프팅을 할 때는 반드시 어른과 함께 타야 해요. 날이 덥다고 구명조끼를 벗으면 절대 안 돼요. 보트에 있는 밧줄에 발이나 손을 끼우면 안 돼요.",
      "srcPage": 14,
      "srcSentenceEA": 6,
      "srcWordEA": 44
    },
    {
      "srcTextID": "16382",
      "srcText": "제멋대로 행동하는 토끼를 거북은 불평 한마디 없이 도와주었어요. 거북 때문에 토끼는 몰라보게 달라졌어요. 안전 보호 장비를 꼭 사용하고, 주위도 살피게 됐지요.",
      "srcPage": 15,
      "srcSentenceEA": 3,
      "srcWordEA": 23
    },
    {
      "srcTextID": "16380",
      "srcText": "고슴도치 아주머니에게 인사도 잘하고, 곰 아저씨의 과일 가게 일도 도와주었어요. 날씨가 좋은 날에는 거북과 자전거를 타고 놀러 가기도 했답니다. 죄송합니다! 전조등을 켜니까, 잘 보이지? ",
      "srcPage": 16,
      "srcSentenceEA": 4,
      "srcWordEA": 27
    },
    {
      "srcTextID": "16371",
      "srcText": "킥보드를 탈 땐 이렇게 준비해요. 헬멧 팔꿈치 보호대 손목 보호대 무릎 보호대 시합을 하려면 반드시 경기장에서 해요. 킥보드는 한 사람이 하나씩 타요. 킥보드를 타기 전에 고장 난 곳은 없는지 살펴보세요!",
      "srcPage": 4,
      "srcSentenceEA": 4,
      "srcWordEA": 33
    },
    {
      "srcTextID": "16370",
      "srcText": "어, 너무 어두워서 앞이 안 보여. 저 산에서 시합하자. 안 돼. 경기장에서 해야 해.",
      "srcPage": 5,
      "srcSentenceEA": 4,
      "srcWordEA": 17
    },
    {
      "srcTextID": "16375",
      "srcText": "잠깐! 준비가 필요해요 터널이나 어두운 곳에서는 전조등을 달아야 해! 토끼가 막 출발하려고 할 때였어요. “안전 보호 장비를 갖추지 않으면 인라인스케이트를 탈 수 없어!” 심판을 보던 곰 아저씨가 소리쳤어요. 뱅그르르, 쿵! 저런, 토끼가 스케이트장 벽에 머리를 부딪혀 울고 있어요. 스케이트를 탈 땐 이렇게 준비해요. 헬멧. 팔꿈치. 보호대. 장갑. 무릎. 보호대.",
      "srcPage": 9,
      "srcSentenceEA": 13,
      "srcWordEA": 61
    },
    {
      "srcTextID": "16373",
      "srcText": "다음 날, 토끼는 거북에게 다시 경주를 하자고 했어요. 이번에는 인라인스케이트를 신고 달리자고 했지요. 토끼는 꼭 거북을 이기고 싶었거든요.",
      "srcPage": 7,
      "srcSentenceEA": 3,
      "srcWordEA": 20
    },
    {
      "srcTextID": "16374",
      "srcText": "스케이트는 속도가 무척 빨라서 사람들과 같은 방향으로 타야 해요. 다른 사람과 부딪히면 위험하니까 앞사람과 적당한 거리를 유지하고 타요. 스케이트장 벽에 부딪히면 다칠 수 있으니 조심해야 해요.",
      "srcPage": 10,
      "srcSentenceEA": 3,
      "srcWordEA": 28
    },
    {
      "srcTextID": "16376",
      "srcText": "인라인스케이트를 탈 땐 이렇게 준비해요. 헬멧, 팔꿈치 보호대, 손목 보호대, 무릎 보호대. 차나 자전거 뒤를 따라가면 위험해요. 인라인스케이트를 신고 계단을 오르내리면 위험해요. 가파른 내리막길로 달리면 위험해요.",
      "srcPage": 11,
      "srcSentenceEA": 5,
      "srcWordEA": 30
    },
    {
      "srcTextID": "16366",
      "srcText": "산 너머 마을에 사는 토끼는 아주 유명해요. 왜 유명하냐 하면 바람처럼 씽씽 달리는 걸 아주 좋아하기 때문이에요. 토끼는 주위에 누가 있건 신경 쓰지 않아요. 그래서 시장을 가던 고슴도치 아주머니도 과일 가게에서 일하던 곰 아저씨도 토끼를 만나면 정신이 없었답니다.",
      "srcPage": 1,
      "srcSentenceEA": 4,
      "srcWordEA": 41
    },
    {
      "srcTextID": "16367",
      "srcText": "이 마을에 사는 거북도 아주 유명했어요. 왜 유명하냐 하면 언제나 느릿느릿 서두르는 법이 없고 항상 친절하기 때문이에요. 그래서 토끼는 늘 주변을 살피며 남을 돕는 거북을 싫어했어요. 거북이 매일매일 칭찬만 받는 것이 샘났거든요.",
      "srcPage": 2,
      "srcSentenceEA": 4,
      "srcWordEA": 35
    }
  ]
}