{
  "title": "도와줘요 빨래 할머니",
  "author": "엄미랑",
  "illustrator": "장효원",
  "isbn": "9788963830322",
  "readAge": "유아",
  "publishedYear": 2009,
  "publisher": "별똥별",
  "classification": "신체운동_건강",
  "paragraphInfoCount": 16,
  "paragraphInfo": [
    {
      "srcTextID": "120896",
      "srcText": "엘리베이터는 2층을 지나고 있었어요. 소라는 떨리는 손으로 얼른 3층 버튼을 눌렀어요. 가슴에서 콩닥거리는 소리가 점점 크게 들렸어요.",
      "srcPage": 3,
      "srcSentenceEA": 3,
      "srcWordEA": 19
    },
    {
      "srcTextID": "120897",
      "srcText": "잠시 뒤에 엘리베이터가 멈췄어요. 소라는 재빨리 엘리베이터에서 내리며 소리쳤어요. \"안 돼요! 싫어요!\" 우리 소라 잘했구나. 다음에도 낯선 사람이 엘리베이터에서 몸을 만지면 얼른 내리거라!",
      "srcPage": 4,
      "srcSentenceEA": 6,
      "srcWordEA": 27
    },
    {
      "srcTextID": "120894",
      "srcText": "빨래 할머니가 꾸벅꾸벅 졸고 있는데, 까만 비눗방울이 폴폴 날아와 펑 터졌어요. \"아이코, 깜짝이야! 쯧쯧, 나쁜 사람들이 또 아이들을 괴롭히는 모양이군. 어서 가 봐야지.\"",
      "srcPage": 1,
      "srcSentenceEA": 4,
      "srcWordEA": 25
    },
    {
      "srcTextID": "120902",
      "srcText": "수경이는 새 게임기를 선물 받았어요. \"와, 멋진 게임기네!\" 가끔 본 적이 있는 동네 오빠가 다가왔어요. \"이리 와 봐. 내가 게임 방법을 알려 줄게.\" 오빠는 수경이를 으슥한 골목길로 데려갔어요.",
      "srcPage": 9,
      "srcSentenceEA": 6,
      "srcWordEA": 31
    },
    {
      "srcTextID": "120903",
      "srcText": "그러고는 수경이 몸에 바싹 붙어 섰어요. \"이렇게 하면 돼, 이렇게.\" 오빠는 점점 더 몸을 붙여 왔어요.",
      "srcPage": 10,
      "srcSentenceEA": 3,
      "srcWordEA": 17
    },
    {
      "srcTextID": "120904",
      "srcText": "수경이는 기분이 좋지 않았어요. 그래서 오빠의 발을 꽉 밟고 소리쳤어요. \"안 돼요, 싫어요!\" 우리 수경이 잘했구나. 아는 사람이라도 몸을 만지려고 하면 싫다고 꼭 말하거라!",
      "srcPage": 11,
      "srcSentenceEA": 5,
      "srcWordEA": 27
    },
    {
      "srcTextID": "120905",
      "srcText": "송이는 놀이터에서 미끄럼틀을 타다가 그만 꽈당 넘어졌어요. 멀리서 지켜보던 아저씨가 달려왔어요. \"저런, 아저씨가 일으켜 줄게.\" 아저씨는 송이를 일으켜 세우며 슬쩍 엉덩이를 만졌어요. 또 옷에 묻은 흙을 툭툭 털어 주는 척하며 몸을 쓱쓱 만졌어요.",
      "srcPage": 12,
      "srcSentenceEA": 5,
      "srcWordEA": 36
    },
    {
      "srcTextID": "120907",
      "srcText": "민하네 옆집에는 할아버지가 혼자 살아요. 민하가 피아노 학원에 가려는데 옆집 할아버지가 민하를 불렀어요. \"민하야, 우리 집에 맛있는 케이크가 있는데 먹고 가렴.\"",
      "srcPage": 14,
      "srcSentenceEA": 3,
      "srcWordEA": 22
    },
    {
      "srcTextID": "120908",
      "srcText": "할아버지가 민하의 손을 잡아끌었어요. \"안 돼요! 싫어요!\" 우리 민하 잘했구나. 아는 사람이라도 혼자서는 절대 따라가지 말거라!",
      "srcPage": 15,
      "srcSentenceEA": 5,
      "srcWordEA": 19
    },
    {
      "srcTextID": "120899",
      "srcText": "아저씨는 구슬이를 억지로 무릎에 앉히고, 엉덩이를 만지며 구슬이의 얼굴에 자기 뺨을 비볐어요. 구슬이는 벌떡 일어나 밖으로 뛰쳐나왔어요. \"안 돼요, 싫어요!\" 우리 구슬이 잘했구나. 다음에도 다른 사람이 몸을 만지면 얼른 자리를 피하거라!",
      "srcPage": 6,
      "srcSentenceEA": 5,
      "srcWordEA": 34
    },
    {
      "srcTextID": "120900",
      "srcText": "하림이가 우산을 쓰고 집으로 가는데, 자동차가 끼익 멈춰 섰어요. \"얘야, 비가 많이 오는데 아저씨가 태워 줄게.\" 하림이는 싫다고 고개를 저었어요.",
      "srcPage": 7,
      "srcSentenceEA": 3,
      "srcWordEA": 21
    },
    {
      "srcTextID": "120901",
      "srcText": "그런데 차에 있던 아저씨가 하림이 손을 잡으려고 했어요. 그러자 하림이는 아저씨 손을 뿌리치며 달아났어요. \"안 돼요, 싫어요!\" 우리 하림이 잘했구나. 다음에도 낯선 사람의 차는 절대로 타지 말거라!",
      "srcPage": 8,
      "srcSentenceEA": 5,
      "srcWordEA": 30
    },
    {
      "srcTextID": "120906",
      "srcText": "송이는 얼굴을 찡그렸어요. 그러자 아저씨가 송이를 번쩍 들어 올리려 했어요. 송이는 힘을 잔뜩 주고 몸을 공벌레처럼 움츠렸어요. \"안 돼요, 싫어요!\" 우리 송이 잘했구나. 다음에도 낯선 사람이 몸을 만지려고 하면 몸을 움츠리고 큰 소리로 도움을 청하거라!",
      "srcPage": 13,
      "srcSentenceEA": 6,
      "srcWordEA": 39
    },
    {
      "srcTextID": "120909",
      "srcText": "\"오늘도 빨랫거리가 많군!\" 빨래 할머니는 팔을 훌훌 걷어붙이고, 나쁜 사람들의 더러운 마음을 빨기 시작했어요. \"빨래 할머니, 고맙습니다!\"",
      "srcPage": 16,
      "srcSentenceEA": 3,
      "srcWordEA": 18
    },
    {
      "srcTextID": "120895",
      "srcText": "소라가 혼자서 엘리베이터를 탔어요. 문이 닫히려는데, \"잠깐만!\" 하며 낯선 아저씨가 엘리베이터로 뛰어 들어왔어요. 낯선 아저씨는 소라에게 다가와 얼굴을 만지며 말했어요. \"참 예쁘게 생겼구나!\" 소라는 기분이 나빴어요.",
      "srcPage": 2,
      "srcSentenceEA": 6,
      "srcWordEA": 30
    },
    {
      "srcTextID": "120898",
      "srcText": "구슬이가 문방구에 갔어요. \"아저씨, 색종이 주세요.\" \"구슬이 왔구나. 오늘 예쁜 스티커가 새로 왔단다. 이리 가까이 와서 보렴.\" 구슬이는 아저씨 옆으로 다가가 스티커를 보았어요.",
      "srcPage": 5,
      "srcSentenceEA": 6,
      "srcWordEA": 26
    }
  ]
}