{
  "title": "눈이 좋은 눈뿅뿅",
  "author": "박영지",
  "illustrator": "심보영",
  "isbn": "9788963832524",
  "readAge": "유아",
  "publishedYear": 2011,
  "publisher": "별똥별",
  "classification": "신체운동_건강",
  "paragraphInfoCount": 17,
  "paragraphInfo": [
    {
      "srcTextID": "117102",
      "srcText": "지구로 간 눈뿅뿅은 튼튼병원에서 일하게 되었어요. 오늘은 눈뿅뿅이 진료하는 첫날. 벌써 환자들로 북적거리네요. \"눈이조아별에서 안과 의사가 왔대!\" \"눈을 잘 치료한대!\"",
      "srcPage": 4,
      "srcSentenceEA": 5,
      "srcWordEA": 22
    },
    {
      "srcTextID": "117103",
      "srcText": "초롱이가 환자를 데리고 들어왔어요. 일곱 살 찬이는 잔뜩 겁먹은 표정이에요. \"눈뿅뿅, 눈이 간질간질하고 눈꺼풀 속에 작은 알맹이 같은 게 만져져.\" 눈뿅뿅이 찬이의 눈을 검사하려고 하자, 찬이는 주춤 뒤로 물러서요.",
      "srcPage": 5,
      "srcSentenceEA": 4,
      "srcWordEA": 31
    },
    {
      "srcTextID": "117105",
      "srcText": "\"이것 봐, 곰 인형은 하나도 안 무섭대. 찬이도 곰 인형처럼 용감할 것 같은데?\" 눈뿅뿅이 곰 인형의 눈을 살피며 말하자 찬이의 얼굴이 밝아졌어요.",
      "srcPage": 6,
      "srcSentenceEA": 3,
      "srcWordEA": 24
    },
    {
      "srcTextID": "117104",
      "srcText": "\"맞아, 나도 곰 인형처럼 용감해!\" 눈뿅뿅이 찬이의 눈을 자세히 들여다봤어요. \"눈꺼풀에 만져지는 알맹이는 다래끼야.\" 눈뿅뿅의 말에 찬이가 또 움츠러들어요.",
      "srcPage": 7,
      "srcSentenceEA": 4,
      "srcWordEA": 21
    },
    {
      "srcTextID": "117107",
      "srcText": "눈뿅뿅이 부드러운 목소리로 찬이를 달래요. \"찬이야, 다래끼는 별것 아냐. 눈에 안약을 넣고 약을 먹으면 금세 낫는단다. 더러운 손으로 눈을 비비지 않으면 다래끼는 다시 안 생길 거야.\"",
      "srcPage": 8,
      "srcSentenceEA": 4,
      "srcWordEA": 28
    },
    {
      "srcTextID": "116476",
      "srcText": "희수가 얼굴을 찌푸리며 말해요. \"눈뿅뿅, 얼마 전부터 눈이 잘 안 보여.\" 눈뿅뿅이 희수의 눈을 검사하면서 안경처럼 생긴 것을 씌웠어요.",
      "srcPage": 11,
      "srcSentenceEA": 3,
      "srcWordEA": 20
    },
    {
      "srcTextID": "117112",
      "srcText": "방송국에서 눈뿅뿅을 인터뷰하러 왔어요. \"별똥별 방송국에서 나왔습니다. 눈뿅뿅은 어떤 의사가 되고 싶나요?\"",
      "srcPage": 16,
      "srcSentenceEA": 3,
      "srcWordEA": 13
    },
    {
      "srcTextID": "117109",
      "srcText": "쉿! 조용히 하세요. 눈뿅뿅이 잠들었거든요. 낮에는 환자들을 돌보느라 눈코 뜰 새 없고, 밤에는 지구에서 의사 자격증을 따려고 공부하느라 엄청 피곤했나 봐요. \"초롱아, 지구에서 의사 자격증이 있어야 더 많은 사람의 눈을 치료할 수 있대. 음냐음냐!\" 하하, 눈뿅뿅이 잠꼬대까지 하네요. 쿨쿨, 의사 자격증. 음냐음냐!",
      "srcPage": 14,
      "srcSentenceEA": 8,
      "srcWordEA": 49
    },
    {
      "srcTextID": "117100",
      "srcText": "눈뿅뿅은 의사예요. 눈이조아별에서 눈을 치료하죠. 텔레비전을 보던 눈뿅뿅의 눈이 휘둥그레졌어요. \"저런, 지구에 안경 쓴 아이들이 저렇게 많다니! 내가 가서 치료해 주어야겠다.\"",
      "srcPage": 2,
      "srcSentenceEA": 5,
      "srcWordEA": 24
    },
    {
      "srcTextID": "117101",
      "srcText": "눈뿅뿅은 로봇 초롱이와 우주선을 타고 지구를 향해 먼 여행을 떠났어요. 우주는 은빛 가루를 뿌려 놓은 듯 별빛으로 가득했어요. \"지구에서는 안과에서 눈을 치료한다지?\" 눈뿅뿅은 마음이 설레었답니다.",
      "srcPage": 3,
      "srcSentenceEA": 4,
      "srcWordEA": 27
    },
    {
      "srcTextID": "117106",
      "srcText": "그제야 찬이는 마음이 놓인 듯 재잘거려요. \"놀이터에서 놀다가 더러운 손으로 눈을 비볐어. 앞으로는 안 그럴 거야. 눈뿅뿅, 안녕!\"",
      "srcPage": 9,
      "srcSentenceEA": 4,
      "srcWordEA": 20
    },
    {
      "srcTextID": "117108",
      "srcText": "안녕? 눈뿅뿅! 안녕? 눈뿅뿅! 이번에는 꼬마 아가씨가 들어오더니 초롱이에게 인사를 하네요. \"안녕, 네가 눈뿅뿅이니? 난 희수야.\" \"후후, 나는 간호사 초롱이야.\" 희수가 얼굴이 빨개져서 말했어요. \"미안, 밖에서도 강아지랑 화분이 눈뿅뿅인 줄 알고 인사했지 뭐야.\"",
      "srcPage": 10,
      "srcSentenceEA": 9,
      "srcWordEA": 39
    },
    {
      "srcTextID": "116475",
      "srcText": "눈으로 사물을 어떻게 보는지 알려 줄게. 1. 빛이 들어와요. 2. 각막과 수정체에서 눈으로 들어온 빛을 모아요. 3. 망막에 뒤집힌 모양을 만들어요. 4. 시신경이 뇌에게 어떤 모양인지 알려 줘요.",
      "srcPage": 13,
      "srcSentenceEA": 9,
      "srcWordEA": 36
    },
    {
      "srcTextID": "117111",
      "srcText": "\"반짝반짝 초롱초롱 건강한 눈을 위해 우주 최고의 의사가 될 거예요. 외계인과 지구인이 예쁜 세상을 잘 볼 수 있게 해 주고 싶거든요.\" 눈뿅뿅은 모든 사람의 눈이 건강해질 때까지 지구에 계속 머물 거랍니다. 물론 초롱이도 함께요.",
      "srcPage": 17,
      "srcSentenceEA": 4,
      "srcWordEA": 37
    },
    {
      "srcTextID": "116474",
      "srcText": "\"이제야 네가 잘 보인다. 나도 아빠처럼 안경을 쓰는 거야? 멋지겠는걸!\" 희수가 신나서 소리치자 눈뿅뿅이 말했어요. \"안경을 쓴다고 멋쟁이가 되는 건 아니야. 눈이 반짝반짝 건강해야 진짜 멋쟁이지.\"",
      "srcPage": 12,
      "srcSentenceEA": 6,
      "srcWordEA": 30
    },
    {
      "srcTextID": "117110",
      "srcText": "눈뿅뿅의 하루하루가 정말 바쁘게 지나갔어요. 어, 눈뿅뿅의 눈이 더 커지더니 밖으로 툭! 툭! 툭! 튀어나와요. 이건 무척 기쁜 일이 생겼다는 뜻이죠. \"초롱아, 내가 지구 안과 의사 시험에 합격했어.\" 와! 눈뿅뿅이 외계인 1호 안과 의사가 됐군요. 축하해요!",
      "srcPage": 15,
      "srcSentenceEA": 10,
      "srcWordEA": 44
    },
    {
      "srcTextID": "117099",
      "srcText": "눈을 중요하게 여기는 눈이조아별이에요. 쉿! 비밀 하나를 알려 줄까요? 눈이조아별에서는 눈이 반짝반짝 건강해야 진짜 진짜 멋쟁이래요.",
      "srcPage": 1,
      "srcSentenceEA": 4,
      "srcWordEA": 19
    }
  ]
}