{
  "title": "피가 붉다고?",
  "author": "소망",
  "illustrator": "조수진",
  "isbn": "9788963832517",
  "readAge": "유아",
  "publishedYear": 2011,
  "publisher": "별똥별",
  "classification": "신체운동_건강",
  "paragraphInfoCount": 16,
  "paragraphInfo": [
    {
      "srcTextID": "118420",
      "srcText": "\"으악, 이게 무슨 일이야?\" 외계인 의사들이 많이 다친 것 같아요. 환자를 치료하러 가던 와우별 우주선 병원이 고장 나서 지구에 잘못 떨어진 거예요.",
      "srcPage": 2,
      "srcSentenceEA": 3,
      "srcWordEA": 24
    },
    {
      "srcTextID": "118428",
      "srcText": "핏줄은 동맥과 정맥, 모세 혈관이 있어. 핏줄 피가 다니는 길. 동맥 피가 심장에서 온몸으로 나가는 길이에요. 정맥 온몸으로 나간 피가 심장으로 들어오는 길이에요. 모세 혈관 온몸에 그물 모양으로 퍼져 있는 매우 가는 핏줄이에요.",
      "srcPage": 9,
      "srcSentenceEA": 5,
      "srcWordEA": 37
    },
    {
      "srcTextID": "118429",
      "srcText": "\"드디어 알았다, 알았어!\" 또로링이 밖으로 나오네요. 모두가 연구 결과를 궁금해했지요.",
      "srcPage": 11,
      "srcSentenceEA": 3,
      "srcWordEA": 12
    },
    {
      "srcTextID": "118432",
      "srcText": "\"적혈구는 산소를 허파에서 온몸으로 나르고, 온몸을 돌며 모아 온 이산화탄소를 다시 허파로 보내. 붉은 피의 비밀은 바로 적혈구 속의 헤모글로빈! 헤모글로빈에 있는 빨간 색소 때문에 피가 붉은 거야.\" 발표가 끝나자 모두 박수를 쳤어요.",
      "srcPage": 13,
      "srcSentenceEA": 4,
      "srcWordEA": 36
    },
    {
      "srcTextID": "118433",
      "srcText": "적혈구 산소를 날라요. 산소는 공기의 주성분이야. 몸에서 생긴 이산화탄소를 적혈구가 다시 허파로 날라요.",
      "srcPage": 14,
      "srcSentenceEA": 3,
      "srcWordEA": 15
    },
    {
      "srcTextID": "118434",
      "srcText": "그러는 동안 고장 났던 우주선을 말끔히 고쳤어요. 그런데 사람들이 계속 우주선 병원에 찾아왔어요. 결국 또로링과 외계인 의사들은 오랫동안 지구를 떠나지 않고 사람들을 치료해 주었대요.",
      "srcPage": 15,
      "srcSentenceEA": 3,
      "srcWordEA": 26
    },
    {
      "srcTextID": "118424",
      "srcText": "또로링과 외계인 의사들이 병찬이에게 모여들었어요. \"피가 왜 붉을까?\" \"내가 연구해 볼게.\" 또로링이 궁금증을 참지 못하고 나서자, 외계인도 지구인도 모두 좋다고 했어요.",
      "srcPage": 5,
      "srcSentenceEA": 4,
      "srcWordEA": 22
    },
    {
      "srcTextID": "118426",
      "srcText": "지잉! 로봇 도우미 밍이 사진을 찍자, 병찬이의 몸속이 훤히 들여다보여요. \"쉬지 않고 움직이며 피를 돌게 하는 심장이 어디 있나?\" 심장을 찾던 또로링은 깜짝 놀랐어요. \"와, 지구인은 왼쪽 가슴 아래에 심장이 있어. 우리는 배꼽 밑에 있는데 말이야. 신기하다!\"",
      "srcPage": 7,
      "srcSentenceEA": 6,
      "srcWordEA": 41
    },
    {
      "srcTextID": "118421",
      "srcText": "쿵! 어이쿠, 이게 무슨 일이죠? 하늘에서 우주선이 떨어졌어요. 우주선에서 외계인들이 하나 둘 기어 나오네요.",
      "srcPage": 1,
      "srcSentenceEA": 3,
      "srcWordEA": 17
    },
    {
      "srcTextID": "118422",
      "srcText": "우주선이 떨어지면서 다친 사람은 외계인만이 아니었어요. \"으앙!\" 병찬이도 무릎과 팔꿈치를 다쳤어요. 우주선을 피하려다 넘어졌대요. 으앙! 힘들다. 아파요. 악!",
      "srcPage": 3,
      "srcSentenceEA": 7,
      "srcWordEA": 24
    },
    {
      "srcTextID": "118423",
      "srcText": "우주선에서 꾸물꾸물 기어 나온 외계인 의사 또로링이 외쳤어요. \"잉? 저 꼬마는 피 색깔이 우리랑 달라.\" 빨간색이다! \"어, 외계인이다!\" 병찬이와 주변 사람들도 눈이 휘둥그레졌지요.",
      "srcPage": 4,
      "srcSentenceEA": 5,
      "srcWordEA": 26
    },
    {
      "srcTextID": "118425",
      "srcText": "또로링은 병찬이를 우주선으로 데려왔어요. 다행히 혈액 내과는 크게 부서지지 않았어요. \"혈액 내과는 피에 생긴 병을 치료하는 곳이야. 네 상처는 금세 나을 테니까 걱정하지 말고 나 좀 도와줄래?\" \"응, 좋아!\"",
      "srcPage": 6,
      "srcSentenceEA": 5,
      "srcWordEA": 31
    },
    {
      "srcTextID": "118427",
      "srcText": "또로링과 밍은 두 번째 사진을 찍었어요. \"지구인도 몸속에 핏줄이 퍼져 있네.\" \"또로링, 핏줄이 뭐야?\" \"피가 다니는 길이야.\"",
      "srcPage": 8,
      "srcSentenceEA": 4,
      "srcWordEA": 17
    },
    {
      "srcTextID": "118430",
      "srcText": "또로링은 꼼짝도 않고 피를 연구했어요. \"이번 연구는 너무 어려워!\" 또로링은 꽤 오랫동안 밖으로 나오지 않았어요.",
      "srcPage": 10,
      "srcSentenceEA": 3,
      "srcWordEA": 16
    },
    {
      "srcTextID": "118431",
      "srcText": "또로링이 차분하게 발표를 시작했어요. \"지구인의 피는 혈장 속에 백혈구, 혈소판, 적혈구로 이루어져 있어. 피 속에서 하는 일은 각각 달라. 백혈구는 병균을 죽여서 우리 몸에 병이 생기지 않게 하고, 혈소판은 상처가 나면 피를 굳게 해.\"",
      "srcPage": 12,
      "srcSentenceEA": 4,
      "srcWordEA": 36
    },
    {
      "srcTextID": "146920",
      "srcText": "피는 어디에서 만들어지고 무슨 일을 하나요? 적혈구와 백혈구, 혈소판은 뼈 속의 골수에서 만들어요. 피는 몸에 필요한 영양분과 산소를 실어 나르는 일을 해요. 작은창자에서 얻은 영양분과 허파(폐)에서 얻은 산소를 몸 구석구석으로 전달하지요. 그리고 쓸모없는 찌꺼기인 노폐물을 모아 다시 허파나 콩팥으로 보내서 몸 밖으로 내보낼 수 있도록 해요. 그 외에도 몸에 병균이 들어왔을 때 병균을 잡아먹어서 병에 걸리지 않게 하지요.",
      "srcPage": 16,
      "srcSentenceEA": 6,
      "srcWordEA": 63
    }
  ]
}