{
  "title": "괜찮아, 네 잘못이 아니야!",
  "author": "키움북스 편집부",
  "illustrator": "이주연",
  "isbn": "9788968736391",
  "readAge": "유아",
  "publishedYear": 2019,
  "publisher": "키움북스",
  "classification": "신체운동_건강",
  "paragraphInfoCount": 20,
  "paragraphInfo": [
    {
      "srcTextID": "107777",
      "srcText": "집에 온 밍밍이는 당장 목욕을 하고 싶었어요. 꿀이 오빠가 만진 곳이 더러워진 것 같았거든요. 엄마가 따라와 목욕탕으로 들어가는 밍밍이를 잡았어요. “밍밍아, 무슨 일 있었어?” 밍밍이는 금방 대답을 하지 못했어요. “언제든, 네가 말하고 싶을 때 말해. 엄마는 언제나 우리 밍밍이 편이란다.”",
      "srcPage": 13,
      "srcSentenceEA": 7,
      "srcWordEA": 44
    },
    {
      "srcTextID": "110100",
      "srcText": "밍밍이는 엄마와 함께 상담 선생님에게 갔어요. “밍밍아, 너 때문에 생긴 일이 아니란다. 엄마, 아빠, 친구들과 선생님 모두 네 편이니 걱정 마.” 상담 선생님의 말에 밍밍이는 마음이 놓였어요. 어른들은 더 세심한 보호의 손길로 밍밍이를 보살펴 주었어요.",
      "srcPage": 19,
      "srcSentenceEA": 5,
      "srcWordEA": 38
    },
    {
      "srcTextID": "110101",
      "srcText": "밍밍이의 마음은 이제 많이 편안해졌어요. 그러나 밍밍이는 이제 유치원이 끝나도 절대, 혼자 집에 오지 않아요. 낯선 곳에 혼자 가지도 않아요. 친구들과 재잘재잘, 부모님과 도란도란! 언제나 어디든 안전하게! 함께 다닌답니다.",
      "srcPage": 20,
      "srcSentenceEA": 6,
      "srcWordEA": 34
    },
    {
      "srcTextID": "107762",
      "srcText": "“나비야, 나랑 놀자!” 밍밍이는 나비를 따라갔어요. 정신없이 나비를 따라가다가 이웃 동네까지 왔어요.",
      "srcPage": 2,
      "srcSentenceEA": 3,
      "srcWordEA": 14
    },
    {
      "srcTextID": "107769",
      "srcText": "꿀이 오빠는 밍밍이의 입술에 뽀뽀했어요. ‘싫어요, 싫단 말이야!’ 밍밍이는 소리도 못 지르고 바들바들 떨기만 했어요.",
      "srcPage": 8,
      "srcSentenceEA": 3,
      "srcWordEA": 17
    },
    {
      "srcTextID": "107774",
      "srcText": "“방금 무슨 소리 들렸지?” 냥이가 귀를 쫑긋 세우며 말했어요. “응, 저기 숲속이야.” 멍멍이가 앞장서 달리고, 냥이가 뒤따랐어요. “멍멍! 기다려!” “야옹, 야옹! 지금 간다!”",
      "srcPage": 10,
      "srcSentenceEA": 7,
      "srcWordEA": 27
    },
    {
      "srcTextID": "107778",
      "srcText": "“사실은요...” 밍밍이 눈에서 눈물이 뚝뚝! 떨어졌어요. 밍밍이는 울면서 꿀이 오빠가 한 일을 얘기했어요. “괜찮아, 괜찮아... 네가 잘못한 게 아니란다.”",
      "srcPage": 15,
      "srcSentenceEA": 5,
      "srcWordEA": 23
    },
    {
      "srcTextID": "107763",
      "srcText": "유치원이 끝난 뒤, 밍밍이가 집에 가고 있어요. 집이 멀지 않고, 늘 다니는 익숙한 길이라 밍밍이는 혼자서도 잘 갈 수 있어요. 어? 저기 예쁜 나비가 날아가네요.",
      "srcPage": 1,
      "srcSentenceEA": 4,
      "srcWordEA": 28
    },
    {
      "srcTextID": "110099",
      "srcText": "“여기가 어디지?” 밍밍이가 두리번거렸어요. “너, 밍밍이지? 왜 여기까지 왔어?” 같은 동네에 사는 꿀이 오빠였어요.",
      "srcPage": 3,
      "srcSentenceEA": 5,
      "srcWordEA": 17
    },
    {
      "srcTextID": "110098",
      "srcText": "“나비 따라서 오다가, 길을 잃었어요.” 밍밍이가 말했어요. “이리 와, 내가 집에 데려다줄게.” 꿀이 오빠는 밍밍이의 작은 손목을 꼭 잡았어요.",
      "srcPage": 4,
      "srcSentenceEA": 4,
      "srcWordEA": 21
    },
    {
      "srcTextID": "107767",
      "srcText": "오빠에게 손목을 잡히자 밍밍이는 가슴이 쿵쾅거리고 식은땀이 났어요. 꽉 잡힌 손목이 아파서 빼고 싶었지만, 꿀이 오빠가 화를 낼까 봐 참았어요. 꿀이 오빠는 자꾸 낯선 길로 갔어요.",
      "srcPage": 5,
      "srcSentenceEA": 3,
      "srcWordEA": 28
    },
    {
      "srcTextID": "107766",
      "srcText": "“우리, 저기 공원에 가서 놀자.” 꿀이 오빠는 사람이 많이 다니지 않는 숲속을 가리켰어요. 밍밍이는 무서워서 싫다는 말을 할 수 없었어요.",
      "srcPage": 6,
      "srcSentenceEA": 3,
      "srcWordEA": 22
    },
    {
      "srcTextID": "107768",
      "srcText": "“밍밍이 엉덩이는 참 보드랍구나!” 꿀이 오빠가 밍밍이의 엉덩이를 만졌어요. “엄마, 아빠처럼 뽀뽀해 줄게.”",
      "srcPage": 7,
      "srcSentenceEA": 3,
      "srcWordEA": 14
    },
    {
      "srcTextID": "107773",
      "srcText": "꿀이 오빠가 막 밍밍이의 손을 자기 바지 속에 넣으려고 했을 때 지나가는 친구들의 목소리가 들렸어요. 밍밍이는 있는 힘을 다해 소리쳤어요. “ 살려주세요! ” ”도와주세요!”",
      "srcPage": 9,
      "srcSentenceEA": 3,
      "srcWordEA": 24
    },
    {
      "srcTextID": "107776",
      "srcText": "친구들 소리를 들은 꿀이 오빠가 말했어요. “여기서 있었던 일을 말하면 혼내 줄 테다.” 냥이와 멍멍이가 밍밍이를 발견하고 물었어요. “무슨 일이야?”",
      "srcPage": 11,
      "srcSentenceEA": 4,
      "srcWordEA": 21
    },
    {
      "srcTextID": "107775",
      "srcText": "“밍밍이가 길을 잃어서, 내가 데려다주려고 해.” 꿀이 오빠가 험악한 표정으로 말했어요. 냥이와 멍멍이도 겁이 났지만, 용기 내서 말했어요. “밍밍이는 우리 친구니까 우리가 데려다줄게요.”",
      "srcPage": 12,
      "srcSentenceEA": 4,
      "srcWordEA": 25
    },
    {
      "srcTextID": "107779",
      "srcText": "저녁이 되었는데도, 밍밍이는 배가 고프지 않았어요. 밥도 안 먹고, 멍하게 있는 밍밍이에게 아빠가 걱정스러운 눈길로 물었어요. “배 안 고프면, 밍밍이 좋아하는 코코아 마실래?”",
      "srcPage": 14,
      "srcSentenceEA": 3,
      "srcWordEA": 24
    },
    {
      "srcTextID": "107780",
      "srcText": "엄마도 눈물을 글썽이며 밍밍이를 꼬옥 안아주었어요. “말하기 힘들었지... 이제 아무 문제 없을 거야. 우리 밍밍이, 진짜 용감하구나!” 엄마는 밍밍이 몸에 상처가 있지는 않은지 꼼꼼하게 살펴주었어요.",
      "srcPage": 16,
      "srcSentenceEA": 5,
      "srcWordEA": 28
    },
    {
      "srcTextID": "107781",
      "srcText": "“그런 나쁜 녀석은 신고해서 벌을 받게 해야 해.” 아빠는 당장 경찰서에 전화를 걸었어요. 부엉이 경찰 아줌마가 와서 밍밍이와 부모님의 이야기를 들었어요.",
      "srcPage": 17,
      "srcSentenceEA": 3,
      "srcWordEA": 23
    },
    {
      "srcTextID": "107782",
      "srcText": "밍밍이 아빠의 신고로, 꿀이 오빠가 경찰에게 잡혀갔어요. 밍밍이 말고도, 많은 어린 친구들을 괴롭혔던 사실이 밝혀져서 꿀이 오빠는 큰 벌을 받을 거래요. \"으아앙, 잘못했어요!\"",
      "srcPage": 18,
      "srcSentenceEA": 3,
      "srcWordEA": 24
    }
  ]
}