{
  "title": "나를 지키는 주문을 외쳐 봐!",
  "author": "이혜옥",
  "illustrator": "황미진",
  "isbn": "9791165430665",
  "readAge": "유아",
  "publishedYear": 2020,
  "publisher": "아람북스",
  "classification": "신체운동_건강",
  "paragraphInfoCount": 47,
  "paragraphInfo": [
    {
      "srcTextID": "16047",
      "srcText": "전화기에 부재중 응답 기능을 달아 주세요. 낯선 이의 전화는 받지 않고, 부모님의 전화만 골라 받을 수 있어요. 아이에게 오늘 집에 누가 오는지 미리 알려 주세요. 미리 알려 주지 않은 사람은 문을 열어 주지 않아도 된다고 일러두세요.",
      "srcPage": 20,
      "srcSentenceEA": 4,
      "srcWordEA": 39
    },
    {
      "srcTextID": "16050",
      "srcText": "혜리는 겁이 덜컹 났어요. ‘왜 층 단추도 누르지 않고 나만 보는 거지? 무용 학원 층 단추를 누르고 올라가도 될까?’ 순간 엘리베이터가 움직이기 시작했어요. 여러분이 혜리라면 어떻게 해야 할까요?",
      "srcPage": 23,
      "srcSentenceEA": 5,
      "srcWordEA": 32
    },
    {
      "srcTextID": "16053",
      "srcText": "“선생님, 저 왔어요!” 소리치면서요. 다행히 아저씨는 혜리를 따라 내리지 않았어요. 혜리는 계단을 따라 다시 1층으로 내려갔어요. 그리고 경비실에 있는 인터폰으로 학원에 전화를 했지요.",
      "srcPage": 25,
      "srcSentenceEA": 5,
      "srcWordEA": 27
    },
    {
      "srcTextID": "16052",
      "srcText": " 얼마 후 무용 학원 선생님이 혜리를 데리러 내려오셨어요. “혜리야, 무사해서 다행이야. 다음부터는 지각하지 말고 친구들과 함께 올라오렴.” 혜리는 새끼손가락을 걸고 선생님과 약속했어요.",
      "srcPage": 26,
      "srcSentenceEA": 4,
      "srcWordEA": 25
    },
    {
      "srcTextID": "16038",
      "srcText": "집 주소와 전화번호는 가족의 소중한 정보예요. 나쁜 사람들은 집 주소와 전화번호만으로도 우리 가족에게 해가 되는 행동을 할 수 있어요. 낯선 사람은 물론이고 이웃에 사는 낯익은 사람이라도 집 주소나 전화번호를 물어보면 단호하게 말하세요. “싫어요! 꼭 알고 싶으시면, 우리 엄마에게 직접 물어보세요.”라고요.",
      "srcPage": 8,
      "srcSentenceEA": 4,
      "srcWordEA": 44
    },
    {
      "srcTextID": "16037",
      "srcText": "소지품에 이름은 적당한 크기로 적어 주세요. 가방이나 소지품에 주소와 전화번호를 너무 크게 적어 두지 마세요. 범죄에 이용될 수 있어요.",
      "srcPage": 9,
      "srcSentenceEA": 3,
      "srcWordEA": 21
    },
    {
      "srcTextID": "16036",
      "srcText": "낯선 사람이 그 이름을 보고 접근해서 아이의 이름을 부르면 아이들은 ‘나를 아는 사람인가?’ 하고 생각하거든요. 가방일 경우 이름은 적당한 크기로 가방 안쪽에 적고, “여기 네 이름을 적어 뒀어. 그러니까 네 이름을 안다고 꼭 너를 아는 사람은 아니야.” 라고 꼭 일러두세요.",
      "srcPage": 10,
      "srcSentenceEA": 6,
      "srcWordEA": 44
    },
    {
      "srcTextID": "16041",
      "srcText": "그때, 딩동, 딩동! 벨이 울렸어요. 은규는 쿠당탕 신나게 달려 나갔어요. 그러다가 문 앞에 우뚝 멈춰 섰지요.",
      "srcPage": 12,
      "srcSentenceEA": 4,
      "srcWordEA": 19
    },
    {
      "srcTextID": "16039",
      "srcText": "‘아차차, 누군지 확인해야지.’ 은규는 방범 돋보기로 문밖을 내다봤어요. ‘어? 모르는 아주머니네.’ 벨이 또다시 딩동, 딩동! “엄마 친구야. 어서 문 열어!” 은규는 생각했어요.",
      "srcPage": 13,
      "srcSentenceEA": 8,
      "srcWordEA": 28
    },
    {
      "srcTextID": "16040",
      "srcText": "‘엄마 친구? 엄마가 친구 온다고 안 하셨는데. 엄마 안 계시다고 다음에 오시라고 할까?’ 이번에는 문을 쿵쿵쿵! “어서 문 열어, 엄마 친구라니까!” 여러분이 은규라면 어떻게 해야 할까요?",
      "srcPage": 14,
      "srcSentenceEA": 6,
      "srcWordEA": 30
    },
    {
      "srcTextID": "16043",
      "srcText": "‘아무도 없는 것처럼 하는 게 좋겠어. 혼자 있는 걸 알면 계속 문을 열어 달라고 할 거야.’ 은규는 살금살금 걸었어요.",
      "srcPage": 15,
      "srcSentenceEA": 3,
      "srcWordEA": 21
    },
    {
      "srcTextID": "16044",
      "srcText": "딩동, 딩동, 쿵쿵쿵! 아주머니는 몇 번을 더 벨을 누르고 쿵쾅거렸어요. 그리고 지쳤는지 돌아갔지요.",
      "srcPage": 16,
      "srcSentenceEA": 3,
      "srcWordEA": 15
    },
    {
      "srcTextID": "16045",
      "srcText": "얼마 후, 엄마가 문을 열고 들어왔어요. 은규는 조금 전에 있었던 일을 말했어요. “잘했어. 우리 은규 다 컸네!” 엄마는 은규를 꼭 안아 줬어요. “엄마, 답답해요. 헤헤헤!”",
      "srcPage": 17,
      "srcSentenceEA": 6,
      "srcWordEA": 29
    },
    {
      "srcTextID": "16048",
      "srcText": "집에 혼자 있다는 것은 비밀이에요! 혼자 집을 보고 있을 때, 낯선 사람이 오면 가능한 한 조용히 있는 게 좋아요. 부모님께서 미리 “삼촌이 오실 거야.” 하는 등의 말씀이 없을 때에는 이웃이라도 문을 열어 주지 말아야 해요. 혼자 열쇠로 문을 열거나, 비밀번호를 눌러 집으로 들어와야 할 때에는 반드시 주변을 살펴보세요. 혹시 낯선 사람이 있을 때는 잠깐 기다렸다가 낯선 사람이 가고 나면 문을 열고 들어가세요.",
      "srcPage": 18,
      "srcSentenceEA": 7,
      "srcWordEA": 67
    },
    {
      "srcTextID": "16046",
      "srcText": "아이가 혼자 집을 볼 때는 이렇게 하세요. 택배나 우편물은 경비실에 맡겨 달라고 부탁해요. 경비실이 없을 경우, 어른이 집에 있는 시간에 오도록 말해 두세요.",
      "srcPage": 19,
      "srcSentenceEA": 3,
      "srcWordEA": 25
    },
    {
      "srcTextID": "16049",
      "srcText": "낯선 사람과 엘리베이터를 탔어요! 혜리는 오늘 무용 학원에 늦었어요. “친구들이 모두 올라가 버렸네.”",
      "srcPage": 21,
      "srcSentenceEA": 3,
      "srcWordEA": 14
    },
    {
      "srcTextID": "16051",
      "srcText": "혜리는 할 수 없이 혼자 엘리베이터를 탔어요. “얘야, 잠깐. 같이 가자!” 엘리베이터로 한 아저씨가 뛰어 들어왔어요. “참 예쁘게 생겼구나. 10층 가니?” 아저씨가 혜리를 음흉하게 바라보며 말했어요.",
      "srcPage": 22,
      "srcSentenceEA": 7,
      "srcWordEA": 30
    },
    {
      "srcTextID": "16054",
      "srcText": "무용 학원은 10층이었지만, 혜리는 재빨리 3층 단추를 눌렀어요. 3층은 영어 학원이 있는 층이거든요. 혜리는 3층 문이 열리자마자 부리나케 내렸어요.",
      "srcPage": 24,
      "srcSentenceEA": 3,
      "srcWordEA": 21
    },
    {
      "srcTextID": "16056",
      "srcText": "엘리베이터는 혼자 타지 마세요! 엘리베이터는 가능한 한 혼자 타지 마세요. 친구들 여럿이나 부모님과 잘 알고 지내는 이웃과 함께 타는 게 좋아요. 혼자서 엘리베이터를 타야 한다면, 꼭 어른들께 인터폰이나 전화로 알려요. 만약 엘리베이터 안에 낯선 사람이 함께 탔을 경우, 가는 층수보다 낮은 층수도 눌러 놓으면 좋아요. 혹시 낯선 사람이 이상한 행동을 하면, 중간에 내릴 수 있도록 해 두는 거예요.",
      "srcPage": 27,
      "srcSentenceEA": 6,
      "srcWordEA": 63
    },
    {
      "srcTextID": "16057",
      "srcText": "이웃 간에 서로 친하게 지내요. 부모님 없이 아이 혼자 동네를 다녀야 할 경우가 종종 있어요. 이럴 때, 가까운 이웃과 친하게 지내면 큰 도움을 받을 수 있어요.",
      "srcPage": 28,
      "srcSentenceEA": 3,
      "srcWordEA": 28
    },
    {
      "srcTextID": "16055",
      "srcText": "아이와 함께 다니며, 이웃의 얼굴을 익히고, 예의 바르게 인사하도록 가르쳐 주세요. 혼자 다니는 낯선 상황에서 도움을 받을 수 있고, 또 아이가 위험한 상황에 처했을 때, 당황하지 않고 대처할 수 있는 힘이 된답니다. 단, 평소에 얼굴을 알고 지내는 이웃이라도 엄마의 허락 없이 이웃집에 가거나, 함께 낯선 곳에 가서는 안 된다는 것도 꼭 일러두세요. 가까운 가족이나 이웃이라도, 이상한 것을 요구하거나 기분 나쁜 행동을 하는 것은 옳지 않은 것이라고 말하면 이해할 거예요.",
      "srcPage": 29,
      "srcSentenceEA": 4,
      "srcWordEA": 72
    },
    {
      "srcTextID": "16059",
      "srcText": "그때, 빨간 차 한 대가 다가왔어요. “어머나, 우리 경한이 많이 컸구나. 엄마 친군데, 아줌마가 게임기 사 줄게. 어서 차에 타렴.”",
      "srcPage": 31,
      "srcSentenceEA": 4,
      "srcWordEA": 22
    },
    {
      "srcTextID": "16062",
      "srcText": "하지만 경한이는 낯선 사람을 따라가지 말라고 한 엄마 말씀이 생각났어요. 가슴이 쿵쾅거리고 무서웠지만 크게 소리쳤어요. “싫어요! 안 돼요!” 경한이는 뒤도 돌아보지 않고 집으로 달려갔어요. 왠지 자꾸 눈물이 났어요.",
      "srcPage": 32,
      "srcSentenceEA": 5,
      "srcWordEA": 32
    },
    {
      "srcTextID": "16066",
      "srcText": "나를 지켜 주는 주문, “싫어요! 안 돼요! ” 나쁜 마음을 먹고 다가오는 어른은 내 이름과 집 주소, 심지어 부모님의 이름까지도 알고 있을지 몰라요. 낯선 사람이 내 이름을 알고 있다고 해서 믿고 따라가서는 절대 안 돼요.",
      "srcPage": 34,
      "srcSentenceEA": 4,
      "srcWordEA": 37
    },
    {
      "srcTextID": "16065",
      "srcText": "“엄마에게 무슨 일이 생겼어. 어서 가자!”라고 무서운 말로 협박하더라도 절대 당황하지 마세요. 일단 “싫어요! 안 돼요!”라고 말하고, 주변에 있는 어른에게 도움을 청하세요. 그러고 나서 집에 전화를 걸거나, 집으로 곧장 가는 것이 좋아요.",
      "srcPage": 35,
      "srcSentenceEA": 7,
      "srcWordEA": 38
    },
    {
      "srcTextID": "16068",
      "srcText": "아이의 마음을 이용해 도움을 청하기도 해요. “길을 좀 알려 줄래?” 혹은 “게임 방법 좀 알려 줘.” 하면서 아이를 유인하는 거지요. 절대 따라가지 말라고 일러두세요.",
      "srcPage": 37,
      "srcSentenceEA": 6,
      "srcWordEA": 27
    },
    {
      "srcTextID": "16067",
      "srcText": "아이가 좋아하는 물건을 주겠다고 함께 가자고 해요. 예전에는 과자같이 먹을 것을 이용했다면, 요즘에는 아이들이 좋아하는 게임기나 애완동물 등을 준다고 하지요. 아무리 갖고 싶어도 절대 따라가지 말라고 일러두세요. 낯선 사람이 아닌 이웃도 조심해야 해요. 이웃이라도 아주 친한 이웃이 아니라면, 부모님의 허락 없이는 절대 따라가지 말라고 일러두세요.",
      "srcPage": 38,
      "srcSentenceEA": 5,
      "srcWordEA": 49
    },
    {
      "srcTextID": "16060",
      "srcText": "낯선 사람이 차에 태우려고 해요! 경한이는 심술이 잔뜩 났어요. “엄마 아빠는 게임기도 안 사 주고!”",
      "srcPage": 30,
      "srcSentenceEA": 3,
      "srcWordEA": 16
    },
    {
      "srcTextID": "16061",
      "srcText": "엄마의 얼굴을 보고서야 경한이는 마음이 놓였어요. 경한이는 조금 전 일을 엄마에게 말했어요. “우리 경한이 많이 놀랐나 보구나. 엄마가 있으니 이제 괜찮아.” 엄마는 경한이를 꼭 안아 주었어요.",
      "srcPage": 33,
      "srcSentenceEA": 5,
      "srcWordEA": 29
    },
    {
      "srcTextID": "16069",
      "srcText": "여러 상황을 미리 이야기해 주세요. 갈수록 납치나 유괴의 수법이 매우 다양해지고 있어요. 아이와 함께 미리 납치나 유괴의 여러 사례들을 이야기해 두세요. 미리 알고 예방하는 방법이 안전해요.",
      "srcPage": 36,
      "srcSentenceEA": 4,
      "srcWordEA": 29
    },
    {
      "srcTextID": "16070",
      "srcText": "“이런 걸 엄마 아빠한테 말하면 안 돼! 엄마 아빠가 가온이한테 실망할 거야. 그래서 가온이를 미워할지도 몰라.”",
      "srcPage": 41,
      "srcSentenceEA": 3,
      "srcWordEA": 18
    },
    {
      "srcTextID": "16076",
      "srcText": "\"이제 어떡하지?\" \"정말, 엄마 아빠가 나를 미워할까?\" 한참을 망설이던 가온이는 엄마에게 달려갔어요. “엄마, 할 말이 있어요!”",
      "srcPage": 43,
      "srcSentenceEA": 4,
      "srcWordEA": 17
    },
    {
      "srcTextID": "16080",
      "srcText": "다음 날부터 옆집 아저씨는 보이지 않았어요. 가까이 사는 경한이가 이야기해 줬어요. “경찰관 아저씨가 옆집 아저씨를 잡아갔어.” 가온이는 그제야 마음이 놓였어요.",
      "srcPage": 46,
      "srcSentenceEA": 4,
      "srcWordEA": 22
    },
    {
      "srcTextID": "16071",
      "srcText": "가온이가 집에 혼자 있으면 아저씨는 가온이를 불러요. “가온아, 우리 집에 와서 과자 먹을래?” 그럴 때면, 아저씨는 가온이의 몸을 만져요. 그러면서 아저씨는 늘 말해요.",
      "srcPage": 40,
      "srcSentenceEA": 4,
      "srcWordEA": 25
    },
    {
      "srcTextID": "16073",
      "srcText": "하지만 가온이는 아저씨가 몸을 만지는 게 싫었어요. ‘어떡하지? 어떻게 하면 좋지?’ 여러분이 가온이라면 어떻게 해야 할까요?",
      "srcPage": 42,
      "srcSentenceEA": 4,
      "srcWordEA": 19
    },
    {
      "srcTextID": "16078",
      "srcText": "가온이는 아저씨와 있었던 일을 모두 말했어요. “엄마, 정말 가온이가 미워요?” 가온이가 결국 울음을 터뜨렸어요.",
      "srcPage": 44,
      "srcSentenceEA": 3,
      "srcWordEA": 15
    },
    {
      "srcTextID": "16079",
      "srcText": "가온이네 옆집에는 이제 새로운 가족이 이사 왔어요. 그리고 엄마와 아빠는 지금도 가온이를 사랑해요. 아저씨의 말처럼 실망하지도, 미워하지도 않아요. 가온이는 다짐했어요. “나쁜 비밀은 절대 만들지도 지키지도 않을 거야.”",
      "srcPage": 47,
      "srcSentenceEA": 5,
      "srcWordEA": 30
    },
    {
      "srcTextID": "16025",
      "srcText": "낯선 사람이 전화번호를 물어봐요! 건희는 뾰로통 화가 났어요. 유치원 버스에서 내려 혼자 집으로 가야 했거든요.",
      "srcPage": 1,
      "srcSentenceEA": 3,
      "srcWordEA": 17
    },
    {
      "srcTextID": "16023",
      "srcText": " “엄마는 매일 바쁘대.” 건희는 천천히 집을 향해 걸어갔어요. 그때, 한 아주머니가 다가왔어요.",
      "srcPage": 2,
      "srcSentenceEA": 3,
      "srcWordEA": 14
    },
    {
      "srcTextID": "16026",
      "srcText": "아주머니는 예쁘고 친절해 보였어요. 건희는 생각했어요. 어른이 묻는 말에는 또박또박 대답해야 하는 거지? 이 아주머니는 나쁜 사람 같지는 않아.",
      "srcPage": 3,
      "srcSentenceEA": 4,
      "srcWordEA": 22
    },
    {
      "srcTextID": "16027",
      "srcText": "하지만 모르는 사람인데. 전화번호도 모른다고 나를 바보로 알면 어쩌지?’ 건희는 아주머니를 바라봤어요.",
      "srcPage": 4,
      "srcSentenceEA": 3,
      "srcWordEA": 14
    },
    {
      "srcTextID": "16030",
      "srcText": "경비 아저씨의 전화를 받고 엄마가 달려왔어요. “우리 건희, 괜찮니? 잘했어, 정말 잘했어!”",
      "srcPage": 5,
      "srcSentenceEA": 3,
      "srcWordEA": 13
    },
    {
      "srcTextID": "16072",
      "srcText": "낯선 사람이 내 몸을 만져요! 가온이네 옆집에는 혼자 사는 아저씨가 있어요. 가온이네 가족과도 인사를 나누는 사이지요.",
      "srcPage": 39,
      "srcSentenceEA": 3,
      "srcWordEA": 18
    },
    {
      "srcTextID": "16077",
      "srcText": "“아니, 우리 가온이가 용기 내어 말해 줘서 자랑스러운데?” 엄마는 가온이를 꼭 안아 주었어요. “가온이, 잘했어, 정말 잘했어!”",
      "srcPage": 45,
      "srcSentenceEA": 3,
      "srcWordEA": 18
    },
    {
      "srcTextID": "16029",
      "srcText": "건희는 엄마의 손을 꼭 잡고 경비실을 나왔어요. 낯선 아주머니는 어디로 갔는지 보이지 않았어요. 아마도 똑똑한 건희의 행동에 겁을 먹고 도망쳤나 봐요.",
      "srcPage": 6,
      "srcSentenceEA": 3,
      "srcWordEA": 23
    },
    {
      "srcTextID": "16031",
      "srcText": "고민하던 건희는 말했어요. “싫어요!” 그리고 곧장 아파트 경비실로 달려갔어요. 집으로 가면 아주머니가 따라와서 주소를 알아낼지도 모르니까요.",
      "srcPage": 7,
      "srcSentenceEA": 3,
      "srcWordEA": 18
    },
    {
      "srcTextID": "16042",
      "srcText": "낯선 사람이 벨을 눌러요! 은규는 길게 기지개를 켰어요. “으아, 심심해. 혼자 집 보는 건 너무 지루해. 누구 놀러 오는 사람 없나?”",
      "srcPage": 11,
      "srcSentenceEA": 5,
      "srcWordEA": 24
    }
  ]
}