{
  "title": "여우야, 불이 나면 어떻게 해?",
  "author": "백은영",
  "illustrator": "지영이",
  "isbn": "9791165430702",
  "readAge": "유아",
  "publishedYear": 2020,
  "publisher": "아람키즈",
  "classification": "신체운동_건강",
  "paragraphInfoCount": 17,
  "paragraphInfo": [
    {
      "srcTextID": "15810",
      "srcText": "원숭이 마을에 동상이 나타난 건 달도 뜨지 않은 어두운 밤이었어요. 원숭이들은 그 동상이 무엇에 쓰는 물건인지 궁금했어요. 날이 밝자 원숭이들은 옆 마을에 사는 꾀쟁이 여우를 불렀어요.",
      "srcPage": 1,
      "srcSentenceEA": 3,
      "srcWordEA": 28
    },
    {
      "srcTextID": "15821",
      "srcText": "때르르르릉! 비상벨 소리가 요란하게 울려 퍼졌어요. “저기 저 건물로 피해!” 꾀쟁이 여우가 소리쳤어요. 원숭이들은 얼른 옆 건물로 갔어요.",
      "srcPage": 8,
      "srcSentenceEA": 4,
      "srcWordEA": 21
    },
    {
      "srcTextID": "15827",
      "srcText": "“침착하게 119번으로 전화하세요. 어디서 불이 났는지 주소를 꼭 알려 주세요.” ‘이제 보니 이 동상은 소방서로 가던 물건이었나 봐.’ 꾀쟁이 여우는 119라는 말에 가슴이 덜컥했어요. 다시 동상이 말했어요. “소방서에서 알았다고 할 때까지 전화를 끊지 말아야 해요.”",
      "srcPage": 13,
      "srcSentenceEA": 6,
      "srcWordEA": 39
    },
    {
      "srcTextID": "15832",
      "srcText": "그때 비명이 들려왔어요. 병아리들이 사는 건물에서 들리는 소리였어요. 건물에서는 검은 연기가 피어올랐어요.",
      "srcPage": 15,
      "srcSentenceEA": 3,
      "srcWordEA": 14
    },
    {
      "srcTextID": "15833",
      "srcText": "불길은 점점 더 심해졌어요. 꾀쟁이 여우는 “맞아!” 하고 외쳤어요. “원숭이들아, 일찍 서둘러! 방금 배운 대로 하면 돼!” 원숭이들은 병아리들을 구하러 달려갔어요.",
      "srcPage": 16,
      "srcSentenceEA": 6,
      "srcWordEA": 25
    },
    {
      "srcTextID": "15811",
      "srcText": "동상을 이리 살피고 저리 살피던 꾀쟁이 여우는 동상에 달린 단추를 꾹 눌렀어요. “불을 발견하면 ‘불이야!’ 하고 큰 소리로 외치세요!” 동상에서 우렁찬 소리가 났어요.",
      "srcPage": 2,
      "srcSentenceEA": 4,
      "srcWordEA": 25
    },
    {
      "srcTextID": "15822",
      "srcText": "건물 안으로 들어오자, 꾀쟁이 여우는 동상의 단추를 계속 눌렀어요. “연기가 나면 최대한 낮은 자세로 기어서 가세요. 물에 적신 담요나 수건으로 몸과 얼굴을 감싸 주세요. 문을 열기 전에 문손잡이를 꼭 만져 보세요. 뜨겁지 않다면 열어도 돼요. 만약 방 안에 갇혔다면 물에 적신 천으로 방문 틈을 모두 막아 주세요.” 동상의 말에 따라 원숭이들은 바쁘게 움직였어요.",
      "srcPage": 9,
      "srcSentenceEA": 7,
      "srcWordEA": 58
    },
    {
      "srcTextID": "15825",
      "srcText": "“소화기는 순서에 따라 사용하세요. 어린이는 소화기를 사용하지 말고 바로 대피하세요.” 소화기라는 말에 원숭이들이 웅성거렸어요. 그러다가 예전에 사람들이 사용하던 모습을 떠올렸어요.",
      "srcPage": 10,
      "srcSentenceEA": 4,
      "srcWordEA": 23
    },
    {
      "srcTextID": "15826",
      "srcText": "소화기 사용 순서 1. 소화기의 안전핀을 뽑아요. 2. 소화기의 호스를 불 가까이 향하게 잡아요. 3. 바람이 부는 방향을 등지고 사용해요. 4. 손잡이를 힘껏 쥐고 양옆으로 비질하듯이 호스를 움직여요.",
      "srcPage": 11,
      "srcSentenceEA": 8,
      "srcWordEA": 35
    },
    {
      "srcTextID": "15828",
      "srcText": "지친 대장 원숭이가 얼굴을 찌푸렸어요. “정말로 보물을 찾을 수 있는 거 맞아?” “내 말을 못 믿겠다는 거야?” 꾀쟁이 여우는 도리어 화를 냈어요. 그러면서 또 동상의 단추를 눌렀어요.",
      "srcPage": 12,
      "srcSentenceEA": 5,
      "srcWordEA": 29
    },
    {
      "srcTextID": "15831",
      "srcText": "“소방서라고?” 그제야 원숭이들은 꾀쟁이 여우에게 속은 것을 알았어요. 그리고 씩씩거리며 여우에게 다가갔어요. 꾀쟁이 여우는 슬슬 뒷걸음질했어요.",
      "srcPage": 14,
      "srcSentenceEA": 3,
      "srcWordEA": 19
    },
    {
      "srcTextID": "15834",
      "srcText": "다음 날, 병아리 신문에는 원숭이들과 꾀쟁이 여우의 사진이 커다랗게 실렸어요. 모두 멋진 메달을 선물로 받았어요. “그것 봐. 마법의 동상 맞지?” 꾀쟁이 여우는 어깨를 으쓱이며 말했답니다.",
      "srcPage": 17,
      "srcSentenceEA": 5,
      "srcWordEA": 28
    },
    {
      "srcTextID": "15818",
      "srcText": "꾀쟁이 여우는 원숭이들의 행동이 우스웠어요. 그래서 동상의 단추를 또 눌렀어요. “비상벨을 누르세요.” 그때 꾀쟁이 여우가 한곳을 가리키며 말했어요. “저기에 비상벨이 있다!” 그러자 한 원숭이가 비상벨을 눌렀어요.",
      "srcPage": 7,
      "srcSentenceEA": 6,
      "srcWordEA": 29
    },
    {
      "srcTextID": "15812",
      "srcText": "“이게 도대체 무슨 소리지?” 원숭이들이 꾀쟁이 여우에게 물었어요. 사실 꾀쟁이 여우도 몰랐지만, 모른다고 말하기가 싫었어요.",
      "srcPage": 3,
      "srcSentenceEA": 3,
      "srcWordEA": 17
    },
    {
      "srcTextID": "15813",
      "srcText": "그때 머릿속에 좋은 꾀가 반짝 떠올랐어요. “에헴, 이건 마법의 동상이야. 보물이 숨겨진 곳을 말해 주지.”",
      "srcPage": 4,
      "srcSentenceEA": 3,
      "srcWordEA": 16
    },
    {
      "srcTextID": "15814",
      "srcText": "신이 난 원숭이들은 동상을 가마에 싣고 보물을 찾으러 나섰어요. 꾀쟁이 여우도 가마에 올라탔어요. 원숭이들은 가마를 들고 산을 넘고 강을 지나 다시 산을 넘었어요. 산을 넘자 피자 가게가 보였어요. 그런데 피자 가게 굴뚝에서 쉴 새 없이 연기가 피어올랐어요.",
      "srcPage": 5,
      "srcSentenceEA": 5,
      "srcWordEA": 41
    },
    {
      "srcTextID": "15815",
      "srcText": "피자 가게 안에 들어서자, 불이 보였어요. 원숭이들은 동상의 말이 떠올랐어요. “불이야, 불이야!” 불을 보고 원숭이들이 소리쳤어요.",
      "srcPage": 6,
      "srcSentenceEA": 4,
      "srcWordEA": 18
    }
  ]
}