{
  "title": "자꾸 고추에 손이 가요",
  "author": "키움북스 편집부",
  "illustrator": "이경진",
  "isbn": "9788968736384",
  "readAge": "유아",
  "publishedYear": 2019,
  "publisher": "키움북스",
  "classification": "신체운동_건강",
  "paragraphInfoCount": 17,
  "paragraphInfo": [
    {
      "srcTextID": "107575",
      "srcText": "멋진 집이 완성되었어요. 종이 상자로 만든 집에 ‘정가을’이라고 쓴 문패를 만들어 매달았어요. “오늘은 이 집에서 잘래요.” 가을이가 상자 집에 쏙 들어가서 누웠어요. ‘영차 영차’ 땀 흘리며 집을 만든 가을이는 눕자마자 쿨쿨 잠이 들었어요.",
      "srcPage": 17,
      "srcSentenceEA": 7,
      "srcWordEA": 38
    },
    {
      "srcTextID": "107547",
      "srcText": "여기는 꿈동산 유치원입니다. 가을이가 민정이, 여름이와 병원 놀이를 하고 있네요. 민정이는 의사, 가을이는 간호사, 여름이는 환자예요. “감기가 아주 심하군요.” 민정이가 여름이 셔츠를 위로 올리고 장난감 청진기를 가슴에 대어보며 말했어요.",
      "srcPage": 1,
      "srcSentenceEA": 5,
      "srcWordEA": 32
    },
    {
      "srcTextID": "107559",
      "srcText": "놀이 시간이 끝나고 미술 시간이에요. 하준이는 고무찰흙으로 로봇을 만들고 있어요. 여름이는 엄마 아빠의 얼굴을 그리네요. 어? 그런데 가을이는 도화지를 앞에 두고도 그림은 그리지 않고 바지 안에 손을 넣어서 고추를 만지고 있어요.",
      "srcPage": 10,
      "srcSentenceEA": 5,
      "srcWordEA": 35
    },
    {
      "srcTextID": "107572",
      "srcText": "“맞아요, 기분 좋아요. 근데 가끔 아프기도 해요.” “음경을 만지는 게 나쁜 건 아니지만 너무 자주 만지거나 심하게 만지면 병에 걸릴 수 있어.” 아빠는 부드러운 목소리로 말했어요.",
      "srcPage": 14,
      "srcSentenceEA": 4,
      "srcWordEA": 28
    },
    {
      "srcTextID": "107549",
      "srcText": "여름이가 '콜록콜록' 가짜로 기침을 했어요. \"자, 주사를 맞으세요.\" 가을이는 여름이의 치마를 들치고 팬티를 벗기려고 했어요.",
      "srcPage": 2,
      "srcSentenceEA": 3,
      "srcWordEA": 17
    },
    {
      "srcTextID": "107573",
      "srcText": "“우리 집짓기 놀이 할까?” 아빠가 베란다에서 커다란 상자를 꺼내 왔어요. 냉장고를 쌌던 상자라 아빠가 들어가도 될 만큼 컸어요.",
      "srcPage": 15,
      "srcSentenceEA": 3,
      "srcWordEA": 20
    },
    {
      "srcTextID": "107554",
      "srcText": "하준이와 은아는 소꿉놀이를 하고 있어요. 하준이는 아빠, 은아는 엄마예요. “여보 사랑해.” 하준이가 은아의 입술을 향해 입술을 쭉 내밀며 말했어요. “어서 불 끄고 잡시다.” 은아는 돗자리를 깔고 하준이 옆에 누웠어요.",
      "srcPage": 8,
      "srcSentenceEA": 6,
      "srcWordEA": 32
    },
    {
      "srcTextID": "107558",
      "srcText": "“얘네들 뽀뽀해요!” 가을이가 소리를 질렀어요. “얘들아, 엄마 아빠 놀이할 때 진짜 입을 맞추거나 함부로 몸을 만지는 건 잘못된 행동이야.” 선생님이 주의를 주었어요.",
      "srcPage": 9,
      "srcSentenceEA": 4,
      "srcWordEA": 24
    },
    {
      "srcTextID": "107567",
      "srcText": "“가을이는 그림 그리는 게 재미없구나? 저기 하준이랑 같이 고무찰흙 만들기 해볼까?” 선생님이 가을이를 고무찰흙 놀이로 데리고 갔어요. 가을이는 바지에서 손을 빼고는 신나게 여러 가지 동물을 만들었어요.",
      "srcPage": 11,
      "srcSentenceEA": 4,
      "srcWordEA": 29
    },
    {
      "srcTextID": "107568",
      "srcText": "가을이가 집에 돌아왔어요. 아빠는 신문을 보고 엄마는 책을 읽고 있어요. 그림책을 보던 가을이는 심심해졌어요. 저절로 바지 속으로 손이 들어갔어요. 심심할 때 고추를 만지면 재미있거든요. 고추를 만지다가 아빠와 눈이 딱 마주쳤어요.",
      "srcPage": 12,
      "srcSentenceEA": 6,
      "srcWordEA": 35
    },
    {
      "srcTextID": "107571",
      "srcText": "“가을아, 고추를 만지면 기분이 어때? 아빠도 어릴 때 만져봤는데, 아빠는 기분이 좋았어. 아 참, 고추의 바른 명칭은 음경이란다.”",
      "srcPage": 13,
      "srcSentenceEA": 3,
      "srcWordEA": 20
    },
    {
      "srcTextID": "107553",
      "srcText": "그때 선생님이 다가와서 말했어요. \"얘들아, 병원놀이할 때는 옷을 벗는 척만 하는 거야.\" \"왜요? 병원에 가면 진짜 벗잖아요.\" 가을이가 불만스럽게 물었어요.",
      "srcPage": 4,
      "srcSentenceEA": 4,
      "srcWordEA": 22
    },
    {
      "srcTextID": "107548",
      "srcText": "\"꺅! 뭐 하는 거야?\" 여름이가 소리 지르며 팬티를 잡아당겼어요. \"주사 맞으려면 팬티를 벗어야지.\" 가을이가 계속 팬티를 벗기려 하자 여름이가 울음을 터트렸어요.",
      "srcPage": 3,
      "srcSentenceEA": 4,
      "srcWordEA": 24
    },
    {
      "srcTextID": "107552",
      "srcText": "“병원에는 진짜 아파서 가는 거잖아. 진짜 의사와 간호사 선생님이 진찰하고, 주사를 놓아주시지? 안 그래?” “그건 그렇지만 놀이할 때 벗으면 왜 안 돼요?” 민정이가 고개를 갸우뚱했어요.",
      "srcPage": 5,
      "srcSentenceEA": 5,
      "srcWordEA": 28
    },
    {
      "srcTextID": "110107",
      "srcText": "“우리 몸의 가슴과 엉덩이, 성기는 아주 중요하고 약한 곳이야. 친구들끼리 함부로 만지거나 남에게 보이면 아플 수 있어. 그래서 속옷을 입어서 잘 보호하고 소중하게 다뤄야 한단다.” 선생님이 자세하게 설명해 주었어요.",
      "srcPage": 6,
      "srcSentenceEA": 4,
      "srcWordEA": 32
    },
    {
      "srcTextID": "110106",
      "srcText": "“여름아 미안해.” “몰라서 그런 거니까 괜찮아.” 가을이가 사과하자 여름이도 활짝 웃었어요.",
      "srcPage": 7,
      "srcSentenceEA": 3,
      "srcWordEA": 12
    },
    {
      "srcTextID": "107574",
      "srcText": "영차, 영차! 아빠와 엄마, 가을이가 상자를 자르고 구부리고 테이프로 붙이며 집을 만들고 있어요. 가을이는 땀까지 뻘뻘 흘리네요.",
      "srcPage": 16,
      "srcSentenceEA": 3,
      "srcWordEA": 19
    }
  ]
}