{
  "title": "창문 쿵! 높은 곳은 위험해!",
  "author": "겨울",
  "illustrator": "이미은",
  "isbn": "9788968735974",
  "readAge": "유아",
  "publishedYear": 2018,
  "publisher": "키움북스",
  "classification": "신체운동_건강",
  "paragraphInfoCount": 22,
  "paragraphInfo": [
    {
      "srcTextID": "33278",
      "srcText": "안전탐험대 의자와 침대 같은 가구에 올라가는 것은 안전할까요? 베란다나 창문에 기대거나 몸을 밖으로 내미는 것은 위험한 행동인가요? 방충망을 밀거나 방충망에 매달리는 것은 안전할까요? 블라인드 끈은 질식사고를 일으킬 수 있을까요? 베란다에 혼자 가는 것은 안전할까요?",
      "srcPage": 11,
      "srcSentenceEA": 5,
      "srcWordEA": 38
    },
    {
      "srcTextID": "33281",
      "srcText": "블라인드는 어떤지 한 번 볼까요? 걸려 넘어질 수 있어요. 꽈당! 목에 줄이 감겨 질식할 수 있어요. 켁켁!",
      "srcPage": 15,
      "srcSentenceEA": 5,
      "srcWordEA": 21
    },
    {
      "srcTextID": "33282",
      "srcText": "“투투투투투투 슈웅 슈웅” 미요가 베란다에 나와 장난감 헬리콥터를 가지고 놀다가 잘못하여 손에서 놓쳤어요. 장난감이 베란다 아래로 떨어졌어요. “아얏! 아파.” 지나가던 친구가 떨어지는 장난감에 머리를 맞고 비명을 질렀어요.",
      "srcPage": 16,
      "srcSentenceEA": 5,
      "srcWordEA": 31
    },
    {
      "srcTextID": "33286",
      "srcText": "“엄마, 베란다 화분에 물을 줄 때가 된 것 같아요. 베란다에 함께 가요!” “우리 미요가 베란다에 혼자 가지 않는 것을 보니 낙상사고에 대해 많이 배웠구나. 엄마나 아빠가 함께 있으면 너희가 혼자서 사고를 당할 위험이 줄어들게 되지.”",
      "srcPage": 20,
      "srcSentenceEA": 4,
      "srcWordEA": 37
    },
    {
      "srcTextID": "33288",
      "srcText": "미요와 봉이는 자진해서 낙상사고 지킴이가 되었어요. 창 밖으로 고개를 쑥 내민 친구나 창틀에 올라가는 친구를 발견하면 누구보다 먼저 뛰어가 말린답니다. 그리고 이렇게 이야기를 시작해요. “창문에 그렇게 매달리면 위험해! 얘들아 내가 낙상사고에 대해 지금부터 알려줄게!”",
      "srcPage": 22,
      "srcSentenceEA": 5,
      "srcWordEA": 37
    },
    {
      "srcTextID": "33264",
      "srcText": "‘띵동 띵동’ 미요네 집으로 안전신문이 도착했어요. “이런, 매일 10명의 어린이가 낙상사고로 다친다는구나!” 거실에서 신문을 읽던 아빠가 혼잣말을 했어요.",
      "srcPage": 1,
      "srcSentenceEA": 4,
      "srcWordEA": 20
    },
    {
      "srcTextID": "33266",
      "srcText": "“낙상사고의 대부분은 가구를 통해 발생한단다. 침대, 의자, 책상, 소파와 같이 미요와 봉이가 평소에도 자주 올라가는 가구에서 낙상사고가 가장 많이 일어난다는구나. 손을 뻗어도 닿지 않는 높이에 있는 물건을 꺼낼 때에는 직접 가구를 이용해 올라가지 말고, 어른들에게 도움을 요청하렴!”",
      "srcPage": 3,
      "srcSentenceEA": 3,
      "srcWordEA": 39
    },
    {
      "srcTextID": "33285",
      "srcText": "다음 날 저녁이 되었어요. 미요와 봉이는 베란다에 나와 퇴근하는 아빠를 기다렸어요. 저기 아래 아빠의 모습이 보였어요.",
      "srcPage": 18,
      "srcSentenceEA": 3,
      "srcWordEA": 18
    },
    {
      "srcTextID": "33287",
      "srcText": "미요는 엄마와 함께 베란다에 나가 화분에 물을 주었어요. 물을 주니 화분의 꽃들이 고맙다고 방긋 웃는 것 같았어요. 봉이와 아빠도 킁킁 싱그러운 꽃향기를 맡았어요. ‘앞으로도 꼬옥 엄마, 아빠와 함께 베란다에 가야지’",
      "srcPage": 21,
      "srcSentenceEA": 4,
      "srcWordEA": 33
    },
    {
      "srcTextID": "33271",
      "srcText": "의자 위에 올라가 선반 위에 있는 장난감을 잡으려다가 봉이가 떨어졌어요. 미요가 깜짝 놀라 소리쳤어요. “아빠! 봉이가 의자에서 떨어졌어요!”",
      "srcPage": 4,
      "srcSentenceEA": 3,
      "srcWordEA": 20
    },
    {
      "srcTextID": "33272",
      "srcText": "새들은 짹짹 차들은 빵빵 아이들은 꺄르르 창문 밖에서 요란스러운 소리가 들려왔어요. 무슨 소리일까 궁금해진 봉이와 미요는 고개를 쑥 내밀고 쳐다봤어요. 그 모습을 본 아빠는 깜짝 놀라서 말렸어요. “얘들아! 창문 밖으로 몸을 내밀면 떨어질 수도 있어.”",
      "srcPage": 6,
      "srcSentenceEA": 4,
      "srcWordEA": 38
    },
    {
      "srcTextID": "33265",
      "srcText": "“아빠, 낙상사고가 뭐예요?” 미요의 동생 봉이가 물었어요. “낙상사고는 넘어지거나 높은 곳에서 떨어지는 사고를 말해. 우리 같이 자세히 알아보도록 할까?”",
      "srcPage": 2,
      "srcSentenceEA": 4,
      "srcWordEA": 21
    },
    {
      "srcTextID": "33270",
      "srcText": "아빠는 황급히 달려와 봉이를 살펴보았어요 “다행히 크게 다치지 않았구나. 무릎이 살짝 까졌으니 연고를 바르면 금방 나을 거야.” “낙상사고는 이렇게 순식간에 벌어진단다. 다음부터는 손이 닿지 않는 곳에 있는 물건은 어른에게 꺼내 달라고 해야 한다.” “쿵!!”",
      "srcPage": 5,
      "srcSentenceEA": 5,
      "srcWordEA": 36
    },
    {
      "srcTextID": "33274",
      "srcText": "봉이와 미요는 밖이 보이는 창가 근처에서 놀고 있었어요. 방충망에 몸을 기대고 앉아 책을 읽기도 하고, 창 밖을 구경했어요. 엄마가 정색을 하고 말씀 하셨어요.",
      "srcPage": 7,
      "srcSentenceEA": 3,
      "srcWordEA": 25
    },
    {
      "srcTextID": "33273",
      "srcText": "“얘들아 창문이나 베란다 방충망에 기대면 위험해! 방충망은 너희들이 생각하는 것보다 약해. 방충망에 기대면 창 밖으로 떨어질 수도 있단다! 방충망의 역할은 모기와 곤충을 막아주는 것이지 기대고 노는 것이 아니야.”",
      "srcPage": 8,
      "srcSentenceEA": 4,
      "srcWordEA": 31
    },
    {
      "srcTextID": "33276",
      "srcText": "창문 밖으로 떨어지면 어떻게 될까? 미요는 상상해 봤어요. 삐뽀 삐뽀 구급차가 달려오고 구급대원이 피투성이가 된 사람을 들것에 싣는 장면이 떠올랐어요.",
      "srcPage": 9,
      "srcSentenceEA": 3,
      "srcWordEA": 22
    },
    {
      "srcTextID": "33275",
      "srcText": "“여러분 뒤로 물러나주세요. 환자 이송합니다.” 구급대원의 황급한 목소리가 들리는 것 같았어요. ‘어휴 끔찍하다. 머리, 팔, 다리 안 다친 곳이 없네. 상상만으로도 엄청나게 무서운 걸.’ 미요는 창문 밖으로 몸을 내밀거나 방충망에 기대지 말아야겠다고 마음먹었어요. 아늑하고 편안한 집 안에도 의외로 위험한 것들이 많이 있어요. 블라인드 줄이 길게 늘어져 있으면 블라인드 줄을 가지고 놀다가",
      "srcPage": 10,
      "srcSentenceEA": 9,
      "srcWordEA": 59
    },
    {
      "srcTextID": "33279",
      "srcText": "창문, 베란다 낙상사고 예방 매뉴얼 1. 의자, 침대 등 가구들을 창문 가까이 두지 않습니다. 가구를 딛고 올라가 창문에서 추락할 수 있습니다. 2. 추락의 위험이 있는 창문과 베란다에 난간이 설치되어 있는지, 설치상태는 견고한지 수시로 흔들어 보아 점검합니다.",
      "srcPage": 12,
      "srcSentenceEA": 5,
      "srcWordEA": 40
    },
    {
      "srcTextID": "33277",
      "srcText": "3. 가정 내 모든 창문에 낙상 방지용 난간을 설치합니다. 방충망은 어린이 낙상을 예방해주지 못합니다. 4. 블라인드 끈은 질식 사고를 일으킬 수 있습니다. 아이의 손이 닿지 않도록 높이 감아 올려 놓도록 합니다. 5. 베란다에서는 가급적 어린이 혼자 놀지 않도록 합니다.",
      "srcPage": 13,
      "srcSentenceEA": 7,
      "srcWordEA": 46
    },
    {
      "srcTextID": "33280",
      "srcText": "베란다도 위험한 곳 중의 하나랍니다. 아빠가 안전신문에 나온 베란다 난간에 관한 기준을 읽어 주셨어요. “높이가 1미터 20센티미터 이상이면 우리 봉이가 기어 올라갈 염려가 없겠다.” 하지만 베란다 난간이 기준에 맞게 설치되어 있어도 난간에서 위험한 행동을 하면 사고가 날 수 있어요.",
      "srcPage": 14,
      "srcSentenceEA": 4,
      "srcWordEA": 41
    },
    {
      "srcTextID": "33283",
      "srcText": "엄마가 깜짝 놀라서 뛰어 내려갔어요. 살짝 스쳐서 다행이었지만 큰일날 뻔했어요. 뒤따라 내려온 미요도 사과했어요.",
      "srcPage": 17,
      "srcSentenceEA": 3,
      "srcWordEA": 16
    },
    {
      "srcTextID": "33284",
      "srcText": "“아빠, 여기 보세요!” 미요와 봉이는 베란다 잠금장치를 열고 아빠를 부르려고 했어요. “얘들아, 위험해!” “너희들 손으로 잠금장치를 풀어서 창문을 자주 열고 닫다 보면 무시무시한 낙상사고가 일어날 수 있어.” 엄마가 뒤에서 주의를 주었어요.",
      "srcPage": 19,
      "srcSentenceEA": 5,
      "srcWordEA": 33
    }
  ]
}