{
  "title": "끙끙 혼자 눠요",
  "author": "한은선",
  "illustrator": "김민조",
  "isbn": "9788963830254",
  "readAge": "유아",
  "publishedYear": 2009,
  "publisher": "별똥별",
  "classification": "신체운동_건강",
  "paragraphInfoCount": 20,
  "paragraphInfo": [
    {
      "srcTextID": "124555",
      "srcText": "먼저 변기 시트가 똑바로 내려졌는지 살폈어요. 그리고 팬티를 내리고, 조심조심 변기에 앉았어요. \"끄으응, 끙!\"",
      "srcPage": 7,
      "srcSentenceEA": 3,
      "srcWordEA": 15
    },
    {
      "srcTextID": "124566",
      "srcText": "\"엄마, 준호는 바지를 엉덩이 밑으로 내리고 서서 오줌을 눠요!\" 민지는 유치원에서 준호를 놀렸던 것을 떠올렸어요. \"엄마, 준호는 왜 서서 오줌을 눠요?\" 민지는 고개를 갸웃거리며 물었어요.",
      "srcPage": 18,
      "srcSentenceEA": 4,
      "srcWordEA": 27
    },
    {
      "srcTextID": "124568",
      "srcText": "\"아빠도 서서 오줌을 누는걸!\" 엄마는 빙그레 웃으며 민지에게 말했어요. \"아빠도요?\" 민지의 눈이 왕방울만 해졌어요.",
      "srcPage": 19,
      "srcSentenceEA": 3,
      "srcWordEA": 16
    },
    {
      "srcTextID": "124554",
      "srcText": "민지는 옷을 입고 거실로 나왔어요. 엄마는 민지 배를 살살 문질러 주었어요. 그러자 다시 부글부글 똥이 마려웠어요.",
      "srcPage": 5,
      "srcSentenceEA": 3,
      "srcWordEA": 18
    },
    {
      "srcTextID": "124550",
      "srcText": "양치질을 하고 나니 배에서 부글부글! 똥이 마려웠어요. \"똥도 혼자 눌 수 있어.\" 민지는 자신만만하게 변기에 털썩 앉다가 엉덩이가 변기 속으로 풍덩 빠져 버렸어요. 변기 시트가 위로 올려져 있었거든요.",
      "srcPage": 2,
      "srcSentenceEA": 5,
      "srcWordEA": 31
    },
    {
      "srcTextID": "124553",
      "srcText": "\"민지야, 엄마가 도와줄까?\" \"아니요, 저 혼자 할래요.\" 민지는 화장실로 들어가 문을 꼭 닫았어요.",
      "srcPage": 6,
      "srcSentenceEA": 3,
      "srcWordEA": 14
    },
    {
      "srcTextID": "124559",
      "srcText": "민지는 팬티를 올리고는 엄마를 향해 말했어요. \"엄마, 혼자 똥 눴어요. 저 잘했죠?\"",
      "srcPage": 10,
      "srcSentenceEA": 3,
      "srcWordEA": 13
    },
    {
      "srcTextID": "124558",
      "srcText": "\"그래, 잘했다. 손도 깨끗이 닦았니?\"민지는 손을 슬며시 뒤로 하고 빙긋 웃었어요. \"똥이나 오줌을 누고 나면 손을 꼭 닦아야 해. 그렇지 않으면 세균이 입속으로 들어갈 지도 몰라!\"",
      "srcPage": 11,
      "srcSentenceEA": 5,
      "srcWordEA": 29
    },
    {
      "srcTextID": "124561",
      "srcText": "민지는 슬그머니 화장실로 들어갔어요. 그런데 화장실에서 구린내가 퐁퐁! 변기 속에 똥이 둥둥!",
      "srcPage": 12,
      "srcSentenceEA": 3,
      "srcWordEA": 14
    },
    {
      "srcTextID": "124549",
      "srcText": "다섯 살 민지는 밥도 혼자 먹고, 옷도 혼자 입고, 무엇이든 혼자서도 잘해요. \"이도 혼자 닦을래요.\" 치카치카, 푸카푸카, 오로록 퉤! \"히히, 엄마 저 잘하지요?\"",
      "srcPage": 1,
      "srcSentenceEA": 4,
      "srcWordEA": 24
    },
    {
      "srcTextID": "124560",
      "srcText": "\"아차차! 물을 안 내렸네!\" 민지는 쏴 변기 물을 내렸어요. 그리고 뽀글뽀글 비누칠을 해서 물로 쓱쓱 싹싹 깨끗이 손을 씻었어요.",
      "srcPage": 13,
      "srcSentenceEA": 3,
      "srcWordEA": 22
    },
    {
      "srcTextID": "124551",
      "srcText": "\"으앙, 엄마!\" 민지의 울음소리를 듣고, 엄마가 깜짝 놀라 달려왔어요. \"어이쿠, 우리 민지. 많이 놀랐겠네.\"",
      "srcPage": 3,
      "srcSentenceEA": 4,
      "srcWordEA": 16
    },
    {
      "srcTextID": "124552",
      "srcText": "엄마는 변기에 빠진 민지를 꺼내 주고, 깨끗이 닦아 주었어요. 엄마는 민지를 다시 변기에 앉혀 주었지만 똥이 배 속으로 쏙 들어가 버렸어요. \"끄응! 똥이 안 나와요. 안 눌래요.\" \"끄응!\"",
      "srcPage": 4,
      "srcSentenceEA": 4,
      "srcWordEA": 31
    },
    {
      "srcTextID": "124557",
      "srcText": "\"야호, 다 눴다!\" 민지는 도로록 톡! 화장지를 떼었어요. 그리고 엉덩이에 대고, 앞에서 뒤로 쓰윽! 깨끗이 닦았어요 다 닦은 화장지는 휴지통에 버렸어요.",
      "srcPage": 9,
      "srcSentenceEA": 5,
      "srcWordEA": 25
    },
    {
      "srcTextID": "124565",
      "srcText": "민지는 킥킥거리며 말했어요. \"아까 유치원에서 준호 엉덩이 봤어요.\" 민지는 다시 까르르 웃었어요.",
      "srcPage": 17,
      "srcSentenceEA": 3,
      "srcWordEA": 13
    },
    {
      "srcTextID": "124562",
      "srcText": "\"야, 우리 민지 최고다!\" 엄마가 화장실을 둘러보며 칭찬했어요. 민지는 어깨를 으쓱했어요. \"저는 뭐든지 혼자 할 수 있어요!\"",
      "srcPage": 14,
      "srcSentenceEA": 4,
      "srcWordEA": 19
    },
    {
      "srcTextID": "124563",
      "srcText": "민지는 신이 나서 폴짝폴짝 뛰었어요. 그러다가 미끄덩 쿵! 엉덩방아를 찧고 말았지요. \"이런, 민지야! 화장실 바닥은미끄러우니까 조심해야 해.\"",
      "srcPage": 15,
      "srcSentenceEA": 5,
      "srcWordEA": 20
    },
    {
      "srcTextID": "124564",
      "srcText": "민지는 엉덩이를 문지르며 밖으로 나오더니 키득키득 웃기 시작했어요. \"엉덩이, 엉덩이!\" 하면서요. 엄마는 고개를 갸우뚱했어요.",
      "srcPage": 16,
      "srcSentenceEA": 4,
      "srcWordEA": 16
    },
    {
      "srcTextID": "124567",
      "srcText": "\"그럼, 남자와 여자는 서로 몸이 달라. 그래서 남자는 서서 오줌을 누고, 여자는 앉아서 오줌을 누는 게 편하지.\" 민지는 그제야 고개를 끄덕였어요.",
      "srcPage": 20,
      "srcSentenceEA": 3,
      "srcWordEA": 23
    },
    {
      "srcTextID": "124569",
      "srcText": "문득 민지는 준호를 놀렸던 일이 미안했어요. \"남자와 여자가 달라서 오줌을 누는 모습도 다른 거구나!\" 민지는 예쁜 종이에 편지를 썼어요. 준호야 놀려서 미안해 민지",
      "srcPage": 21,
      "srcSentenceEA": 4,
      "srcWordEA": 25
    }
  ]
}