{
  "title": "어리의 포근포근 겨울나기",
  "author": "김경민",
  "illustrator": "열매",
  "isbn": "9788968735837",
  "readAge": "유아",
  "publishedYear": 2018,
  "publisher": "키움북스",
  "classification": "신체운동_건강",
  "paragraphInfoCount": 23,
  "paragraphInfo": [
    {
      "srcTextID": "43329",
      "srcText": "어리와 동생이 잠에서 깼을 땐 이미 온 세상이 하얗게 변한 후였어. 텔레비전을 켜보니 날씨를 전해주는 기상 캐스터가 대설 소식을 전하고 있었지. “오늘 많은 눈이 내리겠으며 빙판길을 조심하셔야 합니다.”",
      "srcPage": 1,
      "srcSentenceEA": 3,
      "srcWordEA": 29
    },
    {
      "srcTextID": "43330",
      "srcText": "이런 날 일기예보를 보는 일은 매우 중요해. ‘길이 미끄러워서 학교에 늦겠는걸? 선생님께 미리 연락해야겠어.’ 날씨 뉴스를 보던 어리가 중얼거렸어.",
      "srcPage": 2,
      "srcSentenceEA": 4,
      "srcWordEA": 22
    },
    {
      "srcTextID": "43332",
      "srcText": "어리는 학교에서 배운 겨울철 안전 수칙을 떠올렸어. ‘외출할 때는 체온을 유지할 수 있는 따뜻한 옷을 입어야 해. 내복을 입으면 체온을 보호할 수 있어.",
      "srcPage": 3,
      "srcSentenceEA": 3,
      "srcWordEA": 25
    },
    {
      "srcTextID": "43331",
      "srcText": "두꺼운 옷을 한 겹 입기보단 얇은 옷을 여러 겹 입고, 눈과 비에 젖지 않는 외투를 선택해야 하지. 또 모자와 목도리 장갑 등도 체온을 유지해 줘. 신발은 미끄러지지 않는 겨울 신발을 신어야 하지.’ 신발은 눈이나 빙판길에 미끄러지지 않도록 바닥에 미끄럼 방지 처리가 된 것을 신어요.",
      "srcPage": 4,
      "srcSentenceEA": 4,
      "srcWordEA": 47
    },
    {
      "srcTextID": "43333",
      "srcText": "포근하고 따뜻하게 입은 어리와 동생은 집을 나섰어. 골목을 들어서며 어리는 동생에게 주의를 주었어. “오늘은 주머니에 손을 넣고 걸으면 안 돼. 겨울에는 땅이 얼어서 미끄러지기 쉬운데 주머니에 손을 넣으면 균형을 잡기가 어려워서 넘어지기 쉽고, 크게 다칠 수 있어. 걸을 때는 빙판길이 있는지 주변을 잘 확인하고, 빙판을 피해서 천천히 걸어야 해”",
      "srcPage": 5,
      "srcSentenceEA": 5,
      "srcWordEA": 52
    },
    {
      "srcTextID": "43335",
      "srcText": "어리와 동생은 건널목에 다다랐어. “오빠 초록불이야!” 신호가 바뀌자마자 뛰어가려는 동생을 어리가 붙잡았어. ‘끼이익’ 하고 차도 멈춰 섰어. 콩닥거리는 마음을 달래며 어리가 말했어.",
      "srcPage": 6,
      "srcSentenceEA": 6,
      "srcWordEA": 26
    },
    {
      "srcTextID": "43334",
      "srcText": "“횡단보도를 건널 때는 초록 불로 바뀌었다고 막 뛰어가면 안 돼. 먼저 차가 멈췄는지 확인해야 해. 눈이 내리면 도로가 꽁꽁 얼어서 차도 빨리 멈추지 못하고 미끄러지기도 하거든.” ",
      "srcPage": 7,
      "srcSentenceEA": 3,
      "srcWordEA": 28
    },
    {
      "srcTextID": "43336",
      "srcText": "학교에 도착한 어리는 등교하는 동안 젖은 양말을 갈아 신기 위해 가방에서 새 양말을 꺼냈어. 친구들도 젖은 양말을 갈아 신거나 수건으로 젖은 머리와 손발을 잘 닦았지. 젖은 옷을 그대로 두면 감기나 동상에 걸릴 수 있어. 눈이 많이 오는 날에는 여분의 양말과 장갑 등을 준비해서 가지고 다녀야 해.",
      "srcPage": 8,
      "srcSentenceEA": 4,
      "srcWordEA": 49
    },
    {
      "srcTextID": "43339",
      "srcText": "점심시간이 되었어. 어리와 친구들은 한껏 들뜬 채 급식실로 향했지. “으악! 엄마야!” 계단을 뛰어 내려가던 친구가 미끄러졌어. 계단을 오르내릴 때는 난간을 잡아야 하고 절대 뛰면 안 돼.",
      "srcPage": 9,
      "srcSentenceEA": 5,
      "srcWordEA": 30
    },
    {
      "srcTextID": "43337",
      "srcText": "계단에 남은 물기가 얼면 평소보다 훨씬 미끄러워서 쉽게 다칠 수 있거든. 실내화도 바르게 착용해야 해. 꺾어 신으면 안 돼요.",
      "srcPage": 10,
      "srcSentenceEA": 3,
      "srcWordEA": 21
    },
    {
      "srcTextID": "43338",
      "srcText": "바닥에 미끄럼 방지 처리가 된 실내화를 신어요. 물기를 잘 털어서 신어요. 발의 크기에 잘 맞는 실내화를 착용합니다.",
      "srcPage": 11,
      "srcSentenceEA": 3,
      "srcWordEA": 19
    },
    {
      "srcTextID": "43340",
      "srcText": "하교 후 친구들과 놀러 간 호수에서 어리는 그만 큰 사고가 날 뻔했어. 꽁꽁 언 것 같았던 호수로 신나게 걸어 들어가는 순간 ‘와자작 와자작’하고 얼음이 갈라지는 소리가 들렸거든. “어리야 위험해!” 친구들의 다급한 외침에 재빨리 돌아 나왔지만, 가슴이 쿵쾅거렸어.",
      "srcPage": 12,
      "srcSentenceEA": 5,
      "srcWordEA": 40
    },
    {
      "srcTextID": "43348",
      "srcText": "보송보송하게 마른 옷을 입은 동생이 어리에게 물었어. “눈이 많이 와서 위험한데 어른이 없을 땐 어떻게 해야 해?” 119와 112 혹은 주민 자치센터에 도움을 요청해야 해. ",
      "srcPage": 19,
      "srcSentenceEA": 3,
      "srcWordEA": 26
    },
    {
      "srcTextID": "43343",
      "srcText": "손상 부위가 차갑고 창백해지면서 처음에는 따갑고 저리지만 시간이 지나며 점점 감각이 둔해집니다. 또 빨갛게 부어오르면서 물집이 생기기도 합니다. 동상은 심한 경우 손상 부위의 절단으로까지 이어질 수 있기 때문에 신속한 초기대응이 필요합니다.",
      "srcPage": 14,
      "srcSentenceEA": 3,
      "srcWordEA": 33
    },
    {
      "srcTextID": "43341",
      "srcText": "동상의 초기 대응은? 손상 부위가 저리면서 감각이 둔해지면 부모님, 선생님 및 주위 어른들께 즉시 알립니다. 가까운 피부과를 방문합니다. 응급상황의 경우 응급의학과를 방문합니다.",
      "srcPage": 15,
      "srcSentenceEA": 4,
      "srcWordEA": 25
    },
    {
      "srcTextID": "43346",
      "srcText": "집으로 돌아오는 길에 있는 집들 지붕에는 모자를 쓴 것처럼 큰 눈이 쌓여 있었어. 어리와 친구들이 장난을 치는데 지붕에 쌓여있던 눈이 순식간에 와르르 쏟아졌어. 지붕에 매달려 있던 고드름도 떨어져서 하마터면 머리에 맞을 뻔했어.",
      "srcPage": 16,
      "srcSentenceEA": 3,
      "srcWordEA": 34
    },
    {
      "srcTextID": "43351",
      "srcText": "“안전 수칙을 잘 지키면 눈이 많이 오는 겨울도 건강하고 안전하게 보낼 수 있겠구나! 우리 지금 당장 눈 쓸러 가자!” “지금은 밤이니까 내일 쓸자.” 갑자기 서두르는 동생을 보며 어리가 웃었어.",
      "srcPage": 23,
      "srcSentenceEA": 4,
      "srcWordEA": 31
    },
    {
      "srcTextID": "43347",
      "srcText": "어리와 동생은 친구들과 안전한 놀이터에서 눈사람도 만들고 눈싸움도 했어. 신나게 놀다가 집에 돌아와서는 깨끗하게 씻고 곧바로 새 옷으로 갈아입었어. 동생의 내복 입기를 도와주며 어리가 말했지. “눈 놀이를 하고 난 후에 집에 오면 새 옷으로 갈아입거나 젖은 옷을 잘 말려서 입어야 해. 혼자서도 잘할 수 있지?”",
      "srcPage": 18,
      "srcSentenceEA": 5,
      "srcWordEA": 48
    },
    {
      "srcTextID": "43345",
      "srcText": "어리는 선생님이 조심하라고 얘기했던 걸 하나씩 차근차근 다시 떠올려 봤어. 대설, 한파 이렇게 위험합니다! 옷과 신발이 젖어 동상에 걸릴 수 있어요.",
      "srcPage": 17,
      "srcSentenceEA": 3,
      "srcWordEA": 23
    },
    {
      "srcTextID": "43342",
      "srcText": "동상이란? 사람의 몸은 추위에 노출되는 시간이 길어지면 신체의 중심부 온도를 유지하기 위해 말단으로 가는 혈관을 수축시킵니다. 이렇게 되면 손끝과 발끝 등 말단부위의 피부조직이 얼어버려서 동상이 발생합니다. 동상의 증상 동상은 주로 얼굴, 코, 귀, 손끝, 발끝에서 발생합니다.",
      "srcPage": 13,
      "srcSentenceEA": 3,
      "srcWordEA": 39
    },
    {
      "srcTextID": "43349",
      "srcText": "소방관과 경찰관은 위험으로부터 우리를 지켜주는 일을 하는 분들이야. 주민자치센터는 우리 마을의 위험한 곳을 손질하고 정리하지. 도움을 요청할 수 있는 이웃의 연락처도 알아둬야 해.",
      "srcPage": 20,
      "srcSentenceEA": 3,
      "srcWordEA": 25
    },
    {
      "srcTextID": "43350",
      "srcText": "어리는 이야기를 이어갔어. “만약 어른이 아무도 없는데 폭설로 집에 혼자 갇혔다면 119에 구조 요청한 후 소방관 아저씨들이 올 때까지 집안에서 안전하게 기다려야 해.” “아하! 119, 119 잊어버리지 말아야겠다.” 동생이 잊지 않으려고 전화번호를 계속 중얼거렸어.",
      "srcPage": 21,
      "srcSentenceEA": 4,
      "srcWordEA": 36
    },
    {
      "srcTextID": "43352",
      "srcText": "“오빠. 눈이 올 때 우리가 할 일은 없어?” “눈이 많이 쌓이거나 얼지 않도록 길을 쓸어야 해. 모든 사람이 내 집 앞과 골목의 눈을 내가 치운다는 마음을 가지면 눈길에 넘어지는 일도 줄어들겠지?”",
      "srcPage": 22,
      "srcSentenceEA": 3,
      "srcWordEA": 33
    }
  ]
}