{
  "title": "나도 동생이 갖고 싶어요",
  "author": "키움북스 편집부",
  "illustrator": "신소연",
  "isbn": "9788968736414",
  "readAge": "유아",
  "publishedYear": 2019,
  "publisher": "키움북스",
  "classification": "신체운동_건강",
  "paragraphInfoCount": 25,
  "paragraphInfo": [
    {
      "srcTextID": "107609",
      "srcText": "“니야옹! 아기 고양이라면 알려 줄 수 있어. 내가 뱃속에서 두 달 동안 키우면 아기 고양이가 태어난단다. 네가 잘 키워준다고 약속하면 한 마리 줄 수도 있어.” “아기 고양이도 좋지만 저는 제 동생이 생겼으면 좋겠어요.”",
      "srcPage": 6,
      "srcSentenceEA": 4,
      "srcWordEA": 36
    },
    {
      "srcTextID": "107613",
      "srcText": "아기 동생을 가질 방법을 골똘히 생각하며 걷다가 현이는 돌부리에 걸려 넘어질 뻔했어요. “저런, 앞을 잘 보고 다녀야지. 넘어져서 다치면 어쩌려고 그래?” 발밑에 있던 노란 민들레가 현이에게 말을 걸었어요.",
      "srcPage": 7,
      "srcSentenceEA": 4,
      "srcWordEA": 30
    },
    {
      "srcTextID": "107612",
      "srcText": "“어? 민들레구나. 어떡하면 아기 동생을 가질 수 있을까?” “글쎄... 아기 민들레라면 내 홀씨를 나누어 줄 수 있는데...” “고맙지만, 괜찮아.”",
      "srcPage": 8,
      "srcSentenceEA": 4,
      "srcWordEA": 22
    },
    {
      "srcTextID": "107597",
      "srcText": "“현이 안녕? 우리 같이 그네 탈까?” 지아가 손을 흔들며 인사 했어요. “잠깐만 아기 먼저 보고 타자.” 현이는 그네보다 지아 동생이랑 더 놀고 싶었어요.",
      "srcPage": 2,
      "srcSentenceEA": 5,
      "srcWordEA": 26
    },
    {
      "srcTextID": "107598",
      "srcText": "보드라운 바람이 살랑살랑, 따사로운 햇살은 보들보들! 현이는 나비처럼 팔랑팔랑 뛰어서 놀이터에 놀러 갔어요. 단짝 친구 지아가 먼저 나와 있어요. 지아 엄마와 지아 동생도 함께 있네요.",
      "srcPage": 1,
      "srcSentenceEA": 4,
      "srcWordEA": 28
    },
    {
      "srcTextID": "107600",
      "srcText": "아기가 입을 ‘앙’ 벌리고 하품했어요. 작은 손으로 눈도 비볐어요. “한 번, 만져 봐도 돼요?” 현이는 아기의 손을 조심스럽게 잡아 봤어요.",
      "srcPage": 3,
      "srcSentenceEA": 5,
      "srcWordEA": 23
    },
    {
      "srcTextID": "107601",
      "srcText": "아기는 현이의 손가락을 꼭 쥐었어요. 그 모습이 어찌나 귀여운지 집으로 데려가고 싶은 정도였어요. 동생이 있는 지아가 정말 부러웠어요.",
      "srcPage": 4,
      "srcSentenceEA": 3,
      "srcWordEA": 20
    },
    {
      "srcTextID": "107610",
      "srcText": "어떻게 하면 아기 동생이 생길까? 현이는 몹시 궁금했어요. 집에 가다가 산책하던 고양이를 만났어요. “야옹이 아줌마, 어떻게 하면 아기 동생이 생길까요?”",
      "srcPage": 5,
      "srcSentenceEA": 4,
      "srcWordEA": 22
    },
    {
      "srcTextID": "107624",
      "srcText": "엄마는 달걀은 품을 생각도 안 하고 태연하게 웃기만 했어요. “지아도 동생이 있고, 강수도 동생이 있단 말이에요. 얼른, 이 달걀로 나도 동생 만들어 줘요.” 현이가 떼를 썼어요.",
      "srcPage": 13,
      "srcSentenceEA": 4,
      "srcWordEA": 28
    },
    {
      "srcTextID": "107622",
      "srcText": "“아기는 달걀에서 나오는 게 아니란다. 우리 현이가 어떻게 태어났는지 먼저 얘기해 줄게.” 엄마가 차근차근 이야기를 시작했어요.",
      "srcPage": 14,
      "srcSentenceEA": 3,
      "srcWordEA": 18
    },
    {
      "srcTextID": "107623",
      "srcText": "아이들이 성에 대한 호기심을 가지고 질문할 때 부모는 야단을 치거나 말문을 막지 않아야 합니다. 얼버무리거나 거짓말을 해서도 안 됩니다. 부모가 대답을 회피하면 자녀는 ‘성에 관한 질문은 어른들을 불편하게 한다’고 생각하고 또래나 큰아이들, 인터넷 등을 통해 왜곡된 성 지식을 습득하기 쉽습니다.",
      "srcPage": 15,
      "srcSentenceEA": 4,
      "srcWordEA": 43
    },
    {
      "srcTextID": "107629",
      "srcText": "“나는 하나도 기억이 안 나는데?” 현이는 엄마 배 속에 있었던 기억을 까맣게 잊은 것이 속상했어요. “40주가 지나고 진통이 시작되었어. 소리를 지를 만큼 진통이 심했지만, 사랑스러운 우리 현이를 만난다는 기쁨에 아픈 것도 참을 수 있었어.”",
      "srcPage": 20,
      "srcSentenceEA": 4,
      "srcWordEA": 36
    },
    {
      "srcTextID": "107619",
      "srcText": "짹짹짹, 짹짹짹! 나무에 달아 놓은 새장에서 새끼 참새가 울었어요. 엄마 참새가 벌레를 잡아다 새끼 입에 넣어 주었어요. “참새 아줌마, 아기 동생은 어디서 나요?”",
      "srcPage": 9,
      "srcSentenceEA": 4,
      "srcWordEA": 25
    },
    {
      "srcTextID": "107618",
      "srcText": "날아가려던 엄마 참새가 대답했어요. “내가 12일쯤 알을 품고 있으면 아기 참새가 나온단다. 너도 엄마한테 알을 품으라고 얘기해 봐.” “정말이요?” 신이 난 현이는 집으로 달려갔어요.",
      "srcPage": 10,
      "srcSentenceEA": 4,
      "srcWordEA": 26
    },
    {
      "srcTextID": "107621",
      "srcText": "집에 도착하자마자, 현이는 냉장고를 열고 달걀을 꺼냈어요. “엄마, 엄마! 빨리 이 알을 좀 품어 보세요!” 엄마가 어리둥절해서 물었어요. “무슨 소리야? 달걀은 왜 꺼냈어?”",
      "srcPage": 11,
      "srcSentenceEA": 6,
      "srcWordEA": 26
    },
    {
      "srcTextID": "107620",
      "srcText": "“참새 아줌마가 그러는데 알을 품으면 아기 참새가 나온대요. 그러니까, 엄마도 알을 품어서 아기 동생을 만들어 주세요!” “하하하! 우리 현이가 동생이 갖고 싶구나?”",
      "srcPage": 12,
      "srcSentenceEA": 3,
      "srcWordEA": 24
    },
    {
      "srcTextID": "107630",
      "srcText": "무사히 세상에 나온 우리 현이는 우렁차게 ‘응애’하고 울었어. 건강하고 예쁜 네가 와 주어서 엄마랑 아빠는 눈물이 날 만큼 기뻤단다.” 눈을 반짝이며, 엄마의 이야기를 다 들은 현이는 엄마 배에 귀를 대어 봤어요.",
      "srcPage": 21,
      "srcSentenceEA": 4,
      "srcWordEA": 34
    },
    {
      "srcTextID": "107626",
      "srcText": "“엄마와 아빠는 서로를 아주 많이 아끼고 사랑했단다. 그래서 두 사람을 꼭 닮은 아기를 가지기로 했지. 엄마, 아빠는 귀엽고 소중한 아기를 갖기 위해 사랑을 나눴어. 그때 엄마 몸속에 있던 아기 씨와 아빠 몸속에 있던 아기 씨가 만나서 하나의 수정란이 되었단다.",
      "srcPage": 16,
      "srcSentenceEA": 4,
      "srcWordEA": 42
    },
    {
      "srcTextID": "107625",
      "srcText": " 엄마가 가진, 아기 씨는 난자, 아빠가 가진, 아기 씨는 정자라고 불러. 그때 아빠의 몸에는 1억 개가 넘는 정자가 있었어. 그중에서 제일 빨리 헤엄친 단 하나의 정자만이 엄마 몸속의 난자를 만나서 수정란이 되었고, 그 수정란이 자라서 지금의 현이를 만든 거야.”",
      "srcPage": 17,
      "srcSentenceEA": 3,
      "srcWordEA": 42
    },
    {
      "srcTextID": "107627",
      "srcText": "“내가 언제? 나는 헤엄을 못 치는데?” 현이가 물었어요. “아빠 몸속에 아기 씨로 있을 때는 헤엄을 아주 잘 쳤어.” “엄마, 아빠의 아기 씨가 합쳐져서 어떻게 됐어요?” “엄마의 아기집 속으로 쏙! 들어가 280일 동안 살았어. 아기집은 자궁이라고 하는데, 그 속에서 사는 동안 눈도 생기고, 코도 생기고, 머리카락까지 몸에 필요한 모든 것들이 생겨난 거야.”",
      "srcPage": 18,
      "srcSentenceEA": 8,
      "srcWordEA": 55
    },
    {
      "srcTextID": "107628",
      "srcText": "“현이가 아기집에 있는 동안 엄마와 아빠는 좋은 음악을 들려 주기도 하고 책도 읽어 주었단다. 예쁜 것만 골라서 먹고 착한 생각만 하려고 노력했어. 현이는 가끔 엄마 배를 발로 차서 ‘나 잘 있어요!’하고 알려주기도 했어.”",
      "srcPage": 19,
      "srcSentenceEA": 4,
      "srcWordEA": 36
    },
    {
      "srcTextID": "107632",
      "srcText": "“혹시, 동생 소리가 나나 들어보는 거예요.” “호호! 미안해서 어쩌지? 엄마의 아기집에는 아무도 없단다.” “없으면, 만들어 주세요!”",
      "srcPage": 22,
      "srcSentenceEA": 4,
      "srcWordEA": 18
    },
    {
      "srcTextID": "107631",
      "srcText": "“아빠, 일찍 퇴근해서 동생 만들어 주세요!” 현이가 아빠에게 전화하네요. 아빠는 현이의 소원대로 일찍 퇴근할까요? 현이에게 예쁜 동생이 생기면 참 좋겠죠?",
      "srcPage": 23,
      "srcSentenceEA": 4,
      "srcWordEA": 23
    },
    {
      "srcTextID": "107633",
      "srcText": "아기는 어떻게 생길까? 아기는 남자의 정자와 여자의 난자가 만나는 ‘수정’을 통해 만들어집니다. 수정이 일어나려면 먼저 1억 마리가 넘는 정자가 여자의 생식기관인 질을 통해 자궁으로 들어갑니다. 정자들은 긴 수란관을 열심히 헤엄쳐서 수란관 끝에서 난자와 만납니다. 1억 마리 정자 중에 단 하나만 난자와 결합하여 수정란이 됩니다. 우리는 모두 단 하나밖에 없는 귀하고 소중한 존재들입니다.",
      "srcPage": 24,
      "srcSentenceEA": 7,
      "srcWordEA": 58
    },
    {
      "srcTextID": "107634",
      "srcText": "정자와 난자는 어떻게 만들어질까? 정자는 남자의 생식기관 중 정소에서, 난자는 여자의 생식기관 중 난소에서 만들어집니다. 난자와 정자는 모두 남성 호르몬, 여성호르몬이 나오는 사춘기 때 배출됩니다. 남자의 정자는 사춘기 때 처음 만들어지는 데 비해 여자의 난자는 엄마 배 속에 있는 태아 시절에 이미 어느 정도 만들어진 상태로 태어납니다.",
      "srcPage": 25,
      "srcSentenceEA": 4,
      "srcWordEA": 50
    }
  ]
}