{
  "title": "아영이 팬티는 노랑 팬티래",
  "author": "키움북스 편집부",
  "illustrator": "서영주",
  "isbn": "9788968736360",
  "readAge": "유아",
  "publishedYear": 2019,
  "publisher": "키움북스",
  "classification": "신체운동_건강",
  "paragraphInfoCount": 31,
  "paragraphInfo": [
    {
      "srcTextID": "108624",
      "srcText": "“남자가 울어도 창피한 게 아니에요?” 석후가 물었어. “그럼, 창피한 일이 아니고 말고. “여자가 힘세고 싸움 잘하는 건?” 아영이가 물었어.",
      "srcPage": 17,
      "srcSentenceEA": 5,
      "srcWordEA": 21
    },
    {
      "srcTextID": "108625",
      "srcText": "“힘센 것이 창피한 건 아니지만 싸움은 나쁜 거지. 싸움하는 건 남자나 여자나 잘못하는 거야.” 아영이 엄마가 대답하셨어.",
      "srcPage": 18,
      "srcSentenceEA": 3,
      "srcWordEA": 19
    },
    {
      "srcTextID": "108626",
      "srcText": "“친구의 몸을 대상으로 장난치는 것은 좋지 않은 행동이야. 그리고 여자는 이래야 하고, 남자는 저래야 한다고 강요하는 것도 바르지 못한 생각이란다.” “남자와 여자의 몸은 다르게 생겼지만 성격이나 잘하는 일이 성별에 따라 달라지는 건 아니거든.” 아영이 엄마의 설명에 아이들은 고개를 끄덕였어.",
      "srcPage": 19,
      "srcSentenceEA": 4,
      "srcWordEA": 41
    },
    {
      "srcTextID": "108627",
      "srcText": "“아영아, 치마 들쳐서 미안해.” 석후가 사과했어. “나도 바지 벗겨서 미안해.” 아영이도 사과하며 화해했어.",
      "srcPage": 20,
      "srcSentenceEA": 4,
      "srcWordEA": 15
    },
    {
      "srcTextID": "108628",
      "srcText": "아영이 엄마가 잘 했다고 아이스크림을 사주셨어. 친구랑 화해하고 달콤한 아이스크림도 먹고! 아영이와 석후는 사이좋게 어깨동무하며 웃었어.",
      "srcPage": 21,
      "srcSentenceEA": 3,
      "srcWordEA": 18
    },
    {
      "srcTextID": "108634",
      "srcText": "주변의 어른이 무심코 하는 성차별적인 말에 어린이들은 잘못된 성 역할 고정관념을 가지기 쉽습니다. 다음과 같은 말이 잘못된 생각이라는 것을 자녀에게 알려주세요. 성별로 차별하는 잘못된 말들.",
      "srcPage": 22,
      "srcSentenceEA": 3,
      "srcWordEA": 27
    },
    {
      "srcTextID": "108632",
      "srcText": "여자는 얌전하고 다소곳해야 한다. 남자는 용감하고 힘이 넘쳐야 한다. 여자는 분홍색, 남자는 파란색 옷을 입어야 한다.",
      "srcPage": 23,
      "srcSentenceEA": 3,
      "srcWordEA": 18
    },
    {
      "srcTextID": "108629",
      "srcText": "남자는 사람들 앞에서 함부로 울면 안 된다. 여자는 얼굴만 예쁘면 된다. 남자가 속이 좁으면 안 된다. 여자는 친절해야 한다.",
      "srcPage": 24,
      "srcSentenceEA": 4,
      "srcWordEA": 22
    },
    {
      "srcTextID": "108631",
      "srcText": "속담 속에 나타난 성차별. 남자는 태어나 세 번 운다. (남자는 우는 모습을 보이면 안 된다.)",
      "srcPage": 25,
      "srcSentenceEA": 3,
      "srcWordEA": 18
    },
    {
      "srcTextID": "108630",
      "srcText": "남자는 하늘이요, 여자는 땅이다. (여자보다 남자를 더 높이 생각한다.) 암탉이 울면 집안이 망한다. (여자의 목소리가 크면 집안이 망한다.) 여자 웃음이 담장을 넘어가선 안 된다. (여자는 얌전해야 한다.)",
      "srcPage": 26,
      "srcSentenceEA": 6,
      "srcWordEA": 33
    },
    {
      "srcTextID": "108635",
      "srcText": "친구 사이에 지켜야 할 성 예절에 대해 아이의 눈높이에 맞춰 가르쳐 주세요! 다른 사람의 신체 변화나 특징에 대해 이야기 하지 않는다. 다른 사람의 몸에 대해 놀리지 않는다.",
      "srcPage": 27,
      "srcSentenceEA": 3,
      "srcWordEA": 29
    },
    {
      "srcTextID": "108633",
      "srcText": "장난으로라도 타인의 몸을 함부로 만지지 않는다. 친한 사이라도 속옷이나 잠옷 차림을 보이는 것은 삼가한다. 신체의 특징으로 별명을 지어 놀리지 않는다. 친구가 싫다고 하는 별명이면, 그 별명으로 부르는 것을 중지하고, 다시 하지 않는다. 싫은 것은 싫다고 하고, 기분이 나쁠 때는 나쁘다고 정확하게 자신의 의사를 정확하게 표현한다.",
      "srcPage": 28,
      "srcSentenceEA": 5,
      "srcWordEA": 49
    },
    {
      "srcTextID": "108637",
      "srcText": "성차별과 성차이. 남자와 여자가 태어날 때부터 다른 성차이는 당연한 것입니다. 그러나 성별에 따라 이렇게 해야 한다고 차별하는 성차별은 잘못입니다. 어떤 것이 성차이이고 어떤 것이 성차별인지 알아봅시다.",
      "srcPage": 29,
      "srcSentenceEA": 4,
      "srcWordEA": 29
    },
    {
      "srcTextID": "108638",
      "srcText": "성차이. 여자의 성 염색체는 XX이고 남자의 성염색체는 XY이다. 자궁은 여자에게만 있고 전립선은 남자에게만 있다. 여자는 아기를 낳는다. 여자와 남자는 자라면서 신체구조가 다르게 변한다.",
      "srcPage": 30,
      "srcSentenceEA": 4,
      "srcWordEA": 27
    },
    {
      "srcTextID": "108636",
      "srcText": "성차별. 남자는 씩씩해야 하고, 여자는 다소곳해야 한다. 대장은 남자, 부하는 여자가 해야 한다. 남자는 밖에 나가 돈을 벌기 때문에 집안일을 안 해도 된다. 남자는 여자들보다 강하기 때문에 슬퍼도 울면 안 된다. 여자는 집안에서 아기를 키우고 살림을 해야 한다. 남자는 여자보다 월급을 많이 받아야 한다.",
      "srcPage": 31,
      "srcSentenceEA": 6,
      "srcWordEA": 50
    },
    {
      "srcTextID": "108608",
      "srcText": "동네방네 소문난 장난꾸러기 석후가 놀이터에 나타났어. 이번에는 무슨 장난을 칠까, 두리번두리번. 어? 저기 아영이가 친구들과 놀고 있어. 석후가 살금살금 아영이 뒤로 다가가네. 앗! 아영아, 위험해!",
      "srcPage": 1,
      "srcSentenceEA": 7,
      "srcWordEA": 31
    },
    {
      "srcTextID": "108609",
      "srcText": "석후가 아영이 치마를 몰래 들쳤어. \"꺅!\" 아영이가 소리를 질렀어. “ 아영이 팬티, 노랑 팬티!” 석후가 놀리면서 도망쳤어. 아영이는 속이 상해서 주저앉아 울었어.",
      "srcPage": 2,
      "srcSentenceEA": 5,
      "srcWordEA": 25
    },
    {
      "srcTextID": "108610",
      "srcText": "석후가 매미채를 들고 나무 위를 쳐다보고 있어. 맴맴 우는 매미를 잡으려고 정신이 팔려있어. 엥? 아영이가 석후 뒤로 몰래 다가가네?",
      "srcPage": 3,
      "srcSentenceEA": 4,
      "srcWordEA": 22
    },
    {
      "srcTextID": "108611",
      "srcText": "아영이는 석후 바지를 확 끌어내렸어. 팬티까지 벗겨져서 엉덩이가 다 보였지 뭐야. “ 석후 엉덩이, 오리 궁둥이!” 아영이가 놀리며 도망쳤어.",
      "srcPage": 4,
      "srcSentenceEA": 4,
      "srcWordEA": 21
    },
    {
      "srcTextID": "108612",
      "srcText": "\"아아악!\" 석후가 소리를 지르며 바지를 추켜올렸어. “너 잡히면 가만 안 둬!” 석후가 도망가는 아영이를 따라 뛰어갔어.",
      "srcPage": 5,
      "srcSentenceEA": 3,
      "srcWordEA": 18
    },
    {
      "srcTextID": "108613",
      "srcText": "“누가 내 치마 들치래?” 아영이는 혀를 내밀고 더 빨리 뛰었어. 장난이라고 생각하고 무심코 하는 말이나 행동이 친구의 마음을 아프게 하는 폭력이 될 수 있다는 점을 자녀에게 알려주세요.",
      "srcPage": 6,
      "srcSentenceEA": 3,
      "srcWordEA": 29
    },
    {
      "srcTextID": "108615",
      "srcText": "화가 난 석후가 아영이를 잡으려고 뛰다가 넘어졌어. “아앙, 엉엉!” 석후는 약이 오르는 데다, 넘어져서 무릎까지 다치니 참지 못하고 울음을 터트렸어.",
      "srcPage": 7,
      "srcSentenceEA": 3,
      "srcWordEA": 21
    },
    {
      "srcTextID": "108614",
      "srcText": "“ 석후는 겁쟁이래요. 남자가 징징 운대요.” 아영이가 더 놀렸어.",
      "srcPage": 8,
      "srcSentenceEA": 3,
      "srcWordEA": 11
    },
    {
      "srcTextID": "108617",
      "srcText": "석후가 아영이의 머리를 잡아당겼어. “아얏!” 아영이는 비명을 지르며 석후의 발을 걸었어. 그 바람에 석후와 아영이 둘 다 넘어졌어.",
      "srcPage": 9,
      "srcSentenceEA": 3,
      "srcWordEA": 20
    },
    {
      "srcTextID": "108618",
      "srcText": "싸우느라 지친 둘은 아예 벌렁 누워서 씩씩거렸어. “야, 너는 여자애가 왜 이렇게 사나워?” 석후가 볼멘소리로 불평했어.",
      "srcPage": 10,
      "srcSentenceEA": 3,
      "srcWordEA": 17
    },
    {
      "srcTextID": "108616",
      "srcText": "“너는 남자애가 왜 이렇게 힘이 약해?” 아영이도 지지 않고 따졌어. \"아파, 이거 놔!\" \"싫어, 네가 먼저 놔.\"",
      "srcPage": 11,
      "srcSentenceEA": 4,
      "srcWordEA": 18
    },
    {
      "srcTextID": "108619",
      "srcText": "아영이 엄마가 지나가다가 그 모습을 보셨어. “얘들아, 거기서 뭐 하니?” \"아영이가 제 바지를 벗겼어요!\" \"석후가 먼저 치마를 들쳤어요!\"",
      "srcPage": 12,
      "srcSentenceEA": 4,
      "srcWordEA": 18
    },
    {
      "srcTextID": "108620",
      "srcText": "아영이와 석후는 저마다 상대방이 잘못했다고 일렀어. “저런, 둘 다 잘 못 했네.” 아영이 엄마가 미소를 지으며 말씀하셨어.",
      "srcPage": 13,
      "srcSentenceEA": 3,
      "srcWordEA": 18
    },
    {
      "srcTextID": "108621",
      "srcText": "“얘들아, 친구의 치마를 들치거나 바지를 벗기는 건, 정말 나쁜 장난이야. 친구가 안에 있는데 화장실 문을 열어도 안 돼. 우리 몸의 약하고, 중요한 곳인 엉덩이나 성기가 보일 수 있기 때문이지.”",
      "srcPage": 14,
      "srcSentenceEA": 3,
      "srcWordEA": 31
    },
    {
      "srcTextID": "108623",
      "srcText": "그래도 아영이와 석후는 서로 상대가 잘못했다고 우겼어. “쟤는 여자인데 정말 사나워요.” “너는 남자가 징징 울었잖아?”",
      "srcPage": 15,
      "srcSentenceEA": 3,
      "srcWordEA": 15
    },
    {
      "srcTextID": "108622",
      "srcText": "“얘들아, 여자는 얌전해야 하고 남자는 울면 안 된다는 건 틀린 생각이야.” 아영이 엄마가 둘을 타이르셨어. “성별에 따라 행동이 달라야 하는 건 아니란다.”",
      "srcPage": 16,
      "srcSentenceEA": 3,
      "srcWordEA": 23
    }
  ]
}