{
  "title": "함부로 먹지 않아요",
  "author": "씬디",
  "illustrator": "김도희",
  "isbn": "9788968735844",
  "readAge": "유아",
  "publishedYear": 2018,
  "publisher": "키움북스",
  "classification": "신체운동_건강",
  "paragraphInfoCount": 19,
  "paragraphInfo": [
    {
      "srcTextID": "35144",
      "srcText": "“선생님, 놀이터에서 놀다가 갑자기 배가 아파 쉬고 있는데, 친구가 먹으라고 약을 줬어요. 그것도 먹으면 안 되나요?” 수진이가 선생님께 물었어요. “아픈 사람마다 증상도 다르고 먹어야 하는 약도 달라요. 모르는 사람이나 친구가 주는 약은 절대 먹지 말아야 해요.”",
      "srcPage": 12,
      "srcSentenceEA": 5,
      "srcWordEA": 39
    },
    {
      "srcTextID": "35151",
      "srcText": "“저는 안 먹는데요, 동생 안호가 아무거나 집어 먹어요.” “동생이 위험한 화학제품을 먹지 않도록 진호가 잘 보살펴 주도록 해요.” 선생님의 말씀에 진호가 고개를 끄덕였어요.",
      "srcPage": 16,
      "srcSentenceEA": 3,
      "srcWordEA": 24
    },
    {
      "srcTextID": "35152",
      "srcText": "낯선 사람이 주는 약을 먹는다. 조금만 아파도 약을 먹는다. 약이 쓰다고 콜라, 주스, 우유와 함께 약을 먹는다. 많이 아프면 무조건 많은 양의 약을 먹는다. 아프지 않아도 약이 맛있어서 먹는다.",
      "srcPage": 18,
      "srcSentenceEA": 5,
      "srcWordEA": 33
    },
    {
      "srcTextID": "35126",
      "srcText": "“지금 보이는 사진에는 우리가 먹을 수 있는 음료수가 있고 절대로 먹어서는 안 되는 화학제품이 섞여 있어요. 어떤 화학제품에서는 좋은 향기가 나고 겉모습은 음료수처럼 보여요. 우리 친구들은 만지거나 먹지 말아야 할 것이 무엇인지 알아맞힐 수 있을까요?” 선생님은 입 안을 헹구는 구강청결제를 들고 설명했어요.",
      "srcPage": 3,
      "srcSentenceEA": 4,
      "srcWordEA": 45
    },
    {
      "srcTextID": "35132",
      "srcText": "“구강청결제는 알록달록한 색깔을 하고 있어서 맛있는 음료수와 비슷해 보여요.” “와 파란색이 제가 좋아하는 음료수랑 비슷해 먹어보고 싶어요.” 한결이가 이야기하자 선생님께서 말씀했어요. “구강청결제는 알록달록 색깔 때문에 음료수로 보일 수 있어요. 그래도 마시면 절대 안 돼요.”",
      "srcPage": 4,
      "srcSentenceEA": 5,
      "srcWordEA": 36
    },
    {
      "srcTextID": "35133",
      "srcText": "“제가 조금 먹어 봤는데 맛은 없고 배만 아팠어요!” 은수의 말에 친구들이 모두 하하 웃었어요. 선생님은 웃음을 그치고 심각하게 얘기했어요. “맞아요. 비눗 방울을 먹으면 배가 아주 많이 아파져요.” “절대 먹으면 안 돼요.”",
      "srcPage": 6,
      "srcSentenceEA": 5,
      "srcWordEA": 34
    },
    {
      "srcTextID": "35137",
      "srcText": "선생님은 유치원에서 그림 그릴 때 쓰는 도구들을 보여주며 이야기를 이어갔어요. “그림 그릴 때 사용하는 사인펜, 색연필, 크레파스 등을 입에 물면 될까요? 안 될까요?” “안 돼요.” 아이들이 대답했어요. “잘 맞추었어요. 그림 그릴 때 사용하는 색연필, 크레파스뿐만 아니라 사인펜 뚜껑도 입속에 넣으면 안 돼요. 화학성분들이 입속으로 들어가면 중독 사고가 생길 수 있어요.”",
      "srcPage": 9,
      "srcSentenceEA": 8,
      "srcWordEA": 54
    },
    {
      "srcTextID": "35142",
      "srcText": "“네가 먹고 싶다고 달라고 했잖아!” 한결이와 경찬이가 서로 선생님께 일렀어요. 선생님이 차분하게 다시 타일렀어요. “그때는 몰라서 그랬던 거죠? 지금 배웠으니까 다시는 그러지 말기로 해요.”",
      "srcPage": 11,
      "srcSentenceEA": 5,
      "srcWordEA": 27
    },
    {
      "srcTextID": "35125",
      "srcText": "아이들이 모이자 선생님은 이야기를 시작했어요. “화학제품은 집에서 쉽게 볼 수 있어요. 화학제품은 손에 닿거나 모르고 먹었을 때 위험할 수 있어요. 그래서 화학제품은 어른들만 사용하는 거예요. 샴푸, 향수, 매니큐어, 세제들이 모두 화학제품이랍니다.”",
      "srcPage": 2,
      "srcSentenceEA": 5,
      "srcWordEA": 34
    },
    {
      "srcTextID": "35134",
      "srcText": "선생님은 이번에는 비눗방울을 들고 얘기했어요. “비눗방울은 재미있게 부는 건데 간혹 맛이 궁금하다고 먹는 친구들이 있어요. 그러면 어떻게 될까요?”",
      "srcPage": 5,
      "srcSentenceEA": 3,
      "srcWordEA": 19
    },
    {
      "srcTextID": "35136",
      "srcText": "“어린이 친구들, 이런 물건을 집에서 본 적이 있나요?” 선생님께서 방향제를 들고 이야기했어요. “네!” 해님반 친구들이 대답했어요.",
      "srcPage": 7,
      "srcSentenceEA": 3,
      "srcWordEA": 18
    },
    {
      "srcTextID": "35135",
      "srcText": "“모기약, 방향제, 섬유탈취제는 화학제품이기 때문에 어린이들이 함부로 만져서는 안 돼요. 스프레이 통을 들고 뿌리거나 장난치면 안 돼요.” “나쁜 성분이 입이나 코로 들어갈 수 있어요.”",
      "srcPage": 8,
      "srcSentenceEA": 3,
      "srcWordEA": 25
    },
    {
      "srcTextID": "35143",
      "srcText": "“먹는 약은 꼭 부모님께서 주실 때만 먹어야 해요. 약이 맛있다고 몰래 먹어서는 안 돼요.” “앗, 지난번에 한결이가 맛있다고 나눠줘서 먹었어요.”",
      "srcPage": 10,
      "srcSentenceEA": 3,
      "srcWordEA": 21
    },
    {
      "srcTextID": "35113",
      "srcText": "햇살 유치원의 해님반 친구들이 옹기종기 모여 있어요. 한결이는 자동차 장난감을 가지고 붕붕 소리를 내며 신나게 놀고 있어요. 수진이는 귀여운 곰 인형을 안고 놀아요. 그때 선생님께서 부르시는 소리가 들렸어요. “모두 모이세요.”",
      "srcPage": 1,
      "srcSentenceEA": 5,
      "srcWordEA": 33
    },
    {
      "srcTextID": "35148",
      "srcText": "“너무 쓴 약은 콜라랑 먹어야 할 것 같아요.” “모두 그럴듯한 대답이지만 약은 반드시 물과 함께 먹어야 해요. 주스나 콜라, 우유에 들어 있는 성분이 약효를 떨어트릴 수도 있거든요. 잘 알아 들었죠?\" “네!” 선생님의 설명에 친구들이 모두 입을 모아 대답했어요.",
      "srcPage": 14,
      "srcSentenceEA": 5,
      "srcWordEA": 41
    },
    {
      "srcTextID": "35150",
      "srcText": "“사탕처럼 예쁜 색깔을 가졌거나 맛있는 냄새가 나는 것들을 함부로 먹으면 안 돼요. 겉모습은 사탕처럼 보이지만 약이거나 화학제품일 수 있으니 조심해요.” 선생님의 설명에 진호가 대답했어요.",
      "srcPage": 15,
      "srcSentenceEA": 3,
      "srcWordEA": 26
    },
    {
      "srcTextID": "35153",
      "srcText": "약 먹을 때 이런 행동을 하면 안돼요! 약을 혼자서 찾아 먹는다. 친구가 권해주는 약을 먹는다. ",
      "srcPage": 17,
      "srcSentenceEA": 3,
      "srcWordEA": 17
    },
    {
      "srcTextID": "35154",
      "srcText": "“우리 친구들, 오늘 화학제품과 약에 대해서 배운 내용 잘 기억할 수 있나요?” “네, 잘 기억할 수 있어요!” “그럼 우리, 앞으로 화학제품과 약을 함부로 만지거나 먹지 않기로 약속해요!” “네, 약속해요!” 해님반 친구들은 다 같이 화학제품은 조심하고 약은 처방에 따라 먹기로 서로서로 새끼손가락을 걸고 약속했어요.",
      "srcPage": 19,
      "srcSentenceEA": 5,
      "srcWordEA": 44
    },
    {
      "srcTextID": "35149",
      "srcText": "“자 이번에는 좀 어려운 질문이에요. 쓴 약을 먹을 때 달콤한 콜라나 주스, 우유와 함께 먹어도 될까요?” “우유는 몸에 좋은 거니까 괜찮지 않을까요?”",
      "srcPage": 13,
      "srcSentenceEA": 3,
      "srcWordEA": 23
    }
  ]
}