{
  "title": "응급 상황! 119번을 눌러라!",
  "author": "이혜옥",
  "illustrator": "임경희",
  "isbn": "9791165430733",
  "readAge": "유아",
  "publishedYear": 2020,
  "publisher": "아람키즈",
  "classification": "신체운동_건강",
  "paragraphInfoCount": 25,
  "paragraphInfo": [
    {
      "srcTextID": "16885",
      "srcText": "그래도 배고픈 늑대의 머릿속은 온통 아기 양들을 잡아먹을 생각뿐이었어요. “옳지! 굴뚝을 타고 오두막집 안으로 들어가야지!” 늑대가 굴뚝을 만지는 순간, “앗, 뜨거워! 손을 데었어.” 아기 양들은 또 119번으로 전화를 걸었어요.",
      "srcPage": 17,
      "srcSentenceEA": 6,
      "srcWordEA": 33
    },
    {
      "srcTextID": "16886",
      "srcText": "뜨거운 것에 데었어요. 열을 식혀야 하니까 차가운 수돗물에 상처를 대고 있어요. 상처를 소독하고, 깨끗한 붕대로 감아 줘요. 상처가 부풀거나 물집이 생기면 병원에 가서 치료를 받아요.",
      "srcPage": 18,
      "srcSentenceEA": 4,
      "srcWordEA": 28
    },
    {
      "srcTextID": "16889",
      "srcText": "“열린 창문이 있을지도 몰라.” 늑대는 오두막집을 꼼꼼히 살펴봤어요. “흐흐, 다락방 창문이 열렸구나.”",
      "srcPage": 19,
      "srcSentenceEA": 3,
      "srcWordEA": 13
    },
    {
      "srcTextID": "16898",
      "srcText": "아기 양들은 늑대 이야기를 말했어요. “저런, 큰일 날 뻔했구나.” 엄마 양은 늑대를 도와준 아기 양들을 칭찬했어요.",
      "srcPage": 25,
      "srcSentenceEA": 3,
      "srcWordEA": 17
    },
    {
      "srcTextID": "16891",
      "srcText": "늑대를 실은 구급차는 삐뽀삐뽀 병원으로 가고, 아기 양들을 실은 구급차는 덜컹덜컹 할머니 집으로 갔지요. 아기 양들은 어질어질, 차멀미가 났어요. “웩, 도와줘요, 119!” ",
      "srcPage": 22,
      "srcSentenceEA": 3,
      "srcWordEA": 23
    },
    {
      "srcTextID": "16892",
      "srcText": "멀미가 나요. 창문을 열고 시원한 공기를 마셔요. 벨트나 단추를 풀어 몸을 편안히 해요. 참을 수 없다면 토해도 괜찮아요.",
      "srcPage": 23,
      "srcSentenceEA": 4,
      "srcWordEA": 21
    },
    {
      "srcTextID": "16899",
      "srcText": "아기 양들이 할머니 집에 도착했어요. “여기까지 어떻게 온 거니?” 엄마 양이 깜짝 놀라 달려 나왔어요.",
      "srcPage": 24,
      "srcSentenceEA": 3,
      "srcWordEA": 16
    },
    {
      "srcTextID": "16859",
      "srcText": "숲속 작은 오두막집에, 엄마 양과 일곱 마리 아기 양이 살았어요. 하루는 엄마 양이 급히 할머니 집에 가야 했어요. “할머니께서 아프시다는구나. 얼른 다녀올 테니 너희는 집을 보고 있거라.” 그러고는 구급상자를 아기 양에게 건넸어요.",
      "srcPage": 1,
      "srcSentenceEA": 5,
      "srcWordEA": 35
    },
    {
      "srcTextID": "16860",
      "srcText": "엄마 양은 아기 양들에게 단단히 일렀어요. 다치거나 아프면 119번으로 전화를 하렴. 어떻게 해야 하는지 자세히 알려 줄 거야. 구급상자에 우선 필요한 것이 있단다.",
      "srcPage": 2,
      "srcSentenceEA": 4,
      "srcWordEA": 26
    },
    {
      "srcTextID": "16861",
      "srcText": "참, 늑대는 절대 집 안에 들어오게 하지 말거라! 그리고 종종걸음으로 할머니 집으로 갔지요. “와, 구급상자가 보물 상자 같아!” 아기 양들은 구급상자의 물건을 살펴보았어요.",
      "srcPage": 3,
      "srcSentenceEA": 4,
      "srcWordEA": 25
    },
    {
      "srcTextID": "16863",
      "srcText": "집에 남은 아기 양들은 심심했어요. 무슨 놀이를 할까 곰곰이 생각하다가 베개 싸움을 시작했어요. 베개를 툭툭 부딪칠 때마다 깃털과 먼지가 폴폴 새어 나왔어요. 깃털과 먼지가 아기 양들의 눈과 코로 들어갔어요. “아야, 눈과 코가 아파. 도와줘요, 119!”",
      "srcPage": 4,
      "srcSentenceEA": 6,
      "srcWordEA": 39
    },
    {
      "srcTextID": "16862",
      "srcText": "눈과 코에 먼지가 들어갔어요. 눈에 먼지가 들어가면 눈물을 흘려야 해요. 아프다고 손으로 눈을 비비지 마세요. 코에 먼지가 들어가면 다른 쪽 콧구멍을 막고 ‘킁’ 하세요.",
      "srcPage": 5,
      "srcSentenceEA": 5,
      "srcWordEA": 28
    },
    {
      "srcTextID": "16866",
      "srcText": "똑똑똑! 누가 찾아왔나 봐요. 문밖에 늑대가 서 있었어요. 화들짝 놀란 아기 양들은 딸꾹질을 했어요.",
      "srcPage": 6,
      "srcSentenceEA": 3,
      "srcWordEA": 17
    },
    {
      "srcTextID": "16867",
      "srcText": "“늑대가 못 들어오게 문을 막자!” 아기 양들은 문 앞으로 나무 의자와 탁자를 옮겼어요. 그러다가 “아야!” 나무 의자에 삐죽 나온 가시가 손에 박혔어요. 아기 양은 아파서 울어 댔어요. “아파요, 아파! 도와줘요, 119!”",
      "srcPage": 7,
      "srcSentenceEA": 7,
      "srcWordEA": 36
    },
    {
      "srcTextID": "16869",
      "srcText": "“창문도 꼭꼭 닫아야 해!” 아기 양들은 창문을 닫고 커튼을 쳤어요. 그러다가 창문 사이에 손이 끼이고 말았지요. “아야, 아파. 도와줘요, 119!”",
      "srcPage": 8,
      "srcSentenceEA": 5,
      "srcWordEA": 23
    },
    {
      "srcTextID": "16870",
      "srcText": "손이 문에 끼였어요. 손을 천천히 뺀 다음 움직여 보세요. 손과 손가락이 자유롭게 움직여진다면 괜찮아요. 손이 계속 아프다면, 뼈가 다쳤을 수도 있어요. 딱딱한 것을 아픈 손에 대고 붕대를 감아 고정 한 후 병원으로 가세요.",
      "srcPage": 9,
      "srcSentenceEA": 5,
      "srcWordEA": 37
    },
    {
      "srcTextID": "16872",
      "srcText": "아기 양들은 옹기종기 모여 앉았어요. “집 안에 가만히 있으면 괜찮을 거야.” 그런데 시간이 흐르자 웅크렸던 팔과 다리가 찌릿찌릿, 찌릿찌릿 저려 왔어요. “아아, 발이 저려요. 도와줘요, 119!”",
      "srcPage": 10,
      "srcSentenceEA": 5,
      "srcWordEA": 28
    },
    {
      "srcTextID": "16873",
      "srcText": "편하게 앉아 마사지해요. 저린 부위를 따뜻하게 해 주고 부드럽게 주무르면 금세 좋아질 거예요. 물놀이를 하다가 쥐가 나면 물 밖으로 나와요. 두 다리를 쭉 펴고 앉아 양손으로 발끝을 당기며 마사지해요.",
      "srcPage": 11,
      "srcSentenceEA": 4,
      "srcWordEA": 32
    },
    {
      "srcTextID": "16874",
      "srcText": "“앗, 따가워!” 비명 소리에 아기 양들이 창밖으로 내다봤더니, 늑대가 벌에 쏘여 버둥대고 있었어요. “굉장히 따가울 텐데, 어쩌지?” “119번으로 전화해 보자!” 마음씨 착한 아기 양들은 서둘러 119번으로 전화를 걸었어요.",
      "srcPage": 12,
      "srcSentenceEA": 5,
      "srcWordEA": 30
    },
    {
      "srcTextID": "16875",
      "srcText": "벌에 쏘였어요. 먼저 벌에 쏘인 곳을 살펴서 벌침을 찾아요. 신용 카드처럼 얇고 빳빳한 물건으로 긁어서 벌침을 빼내요. 얼음주머니를 대고 있으면 부기가 가라앉아요. 그래도 많이 부풀어 오르면 병원으로 가세요.",
      "srcPage": 13,
      "srcSentenceEA": 5,
      "srcWordEA": 32
    },
    {
      "srcTextID": "16879",
      "srcText": "“코, 코, 코피다! 늑대 살려, 늑대 살려!” 이번에도 아기 양들이 늑대를 도와주었어요.",
      "srcPage": 15,
      "srcSentenceEA": 3,
      "srcWordEA": 14
    },
    {
      "srcTextID": "16890",
      "srcText": "늑대는 사다리를 타고 올라갔어요. 그러다가 그만 쿵! 떨어졌어요. 깜짝 놀란 아기 양들이 119번으로 전화를 걸었어요. 잠시 후 구급차 두 대가 왔어요.",
      "srcPage": 20,
      "srcSentenceEA": 5,
      "srcWordEA": 25
    },
    {
      "srcTextID": "16893",
      "srcText": "하마 구급 대원 아저씨는 아기 양들이 걱정되었어요. “너희끼리 있는 건 위험할 것 같구나. 할머니 집에 데려다줄 테니 타거라.”",
      "srcPage": 21,
      "srcSentenceEA": 3,
      "srcWordEA": 19
    },
    {
      "srcTextID": "16876",
      "srcText": "“도와준 건 고맙지만, 난 너무 배가 고파. 오늘은 꼭 너희들을 잡아먹고 말 거야.” 그런데 그만 늑대가 돌부리에 걸려 넘어졌어요. 늑대는 아파서 큰 소리로 울부짖었어요. 119, 119번에 전화를 걸어 줘, 제발! 아기 양들은 119번으로 전화를 걸었어요.",
      "srcPage": 14,
      "srcSentenceEA": 6,
      "srcWordEA": 40
    },
    {
      "srcTextID": "16881",
      "srcText": "코피가 나요. 당황하지 말고 마음을 차분하게 가라앉혀요. 고개를 살짝 앞으로 숙여요. 코피가 목으로 넘어가면 불쾌할 수도 있어요. 집게손가락과 엄지손가락으로 코를 지그시 눌러 주세요. 10분 이상 코피가 멈추지 않으면, 병원으로 가세요.",
      "srcPage": 16,
      "srcSentenceEA": 6,
      "srcWordEA": 35
    }
  ]
}