{
  "title": "장난감이랑 약속해 줘",
  "author": "박영란",
  "illustrator": "이선화",
  "isbn": "9791165433109",
  "readAge": "유아",
  "publishedYear": 2020,
  "publisher": "아람키즈",
  "classification": "신체운동_건강",
  "paragraphInfoCount": 29,
  "paragraphInfo": [
    {
      "srcTextID": "14991",
      "srcText": " “우리 새로 문을 연 장난감 가게에 가 볼까? 여기 초대장도 있어. 호랑이 아저씨가 언제든 놀러 오래.”",
      "srcPage": 1,
      "srcSentenceEA": 3,
      "srcWordEA": 18
    },
    {
      "srcTextID": "14992",
      "srcText": "“좋아, 좋아. 어서 가 보자.” 여우의 말에 토끼가 폴짝폴짝 뛰며 좋아했어요. 곰이랑 돼지, 다람쥐도 고개를 끄덕였지요. 그러고는 언덕 너머에 있는 장난감 가게로 뛰어갔어요.",
      "srcPage": 2,
      "srcSentenceEA": 5,
      "srcWordEA": 27
    },
    {
      "srcTextID": "15012",
      "srcText": "장난감 소재도 살펴 주세요. 플라스틱, 얇은 플라스틱으로 만든 제품은 아닌지 살펴봐요. 이어진 부분의 마무리나 색이 쉽게 벗겨지지 않는지, 독성이 없는지 확인해요. 나무, 나뭇결이 긁히는 느낌이 없는지 손으로 문질러 보고, 색이 벗겨지지 않는지, 모서리 부분이 부드러운지 확인해요. ",
      "srcPage": 22,
      "srcSentenceEA": 4,
      "srcWordEA": 39
    },
    {
      "srcTextID": "14998",
      "srcText": "“에이, 맛없어. 퉤퉤퉤.” 돼지는 장난감 포도를 뱉고, 이번에는 장난감 자동차의 문을 입에 넣었어요. “아야!” 돼지는 장난감 자동차의 모서리에 그만 입을 다쳤어요. 먹으면 안 돼!",
      "srcPage": 8,
      "srcSentenceEA": 5,
      "srcWordEA": 28
    },
    {
      "srcTextID": "15004",
      "srcText": "고무나 비닐 장난감. 고무나 비닐로 만든 장난감은 유아가 가지고 노는 경우가 많으므로 최소한 주 2회마다 유아용 세제를 스펀지에 묻혀 닦은 뒤, 흐르는 물에 깨끗이 씻어요. 블록 장난감. 블록 장난감은 먼저 미지근한 물에 30분 정도 담가 두어요. 그런 다음 블록 틈새를 면봉으로 닦고, 세제를 칫솔에 묻혀 먼지와 얼룩을 닦아 내요.",
      "srcPage": 14,
      "srcSentenceEA": 5,
      "srcWordEA": 53
    },
    {
      "srcTextID": "15014",
      "srcText": "장난감의 안전 표시 읽는 방법. 국내에서 만든 제품을 대상으로 생활용품 실험 연구원에서 발행하는 품질 보증 마크예요. 한국의 KS, 일본의 JS처럼 유럽 연합의 표준 규정을 준수한 제품에 붙이는 마크예요. 유럽에서 수입된 장난감에 붙여요. 안전, 보건, 환경, 품질 등 분야별 인증 마크를 국가적으로 통합한 국가 통합 인증 마크예요. 국민의 안전을 위해 법으로 정한 제품을 판매하려면 제품에 이 마크를 표시해야 해요. ",
      "srcPage": 21,
      "srcSentenceEA": 6,
      "srcWordEA": 63
    },
    {
      "srcTextID": "14995",
      "srcText": "욕심쟁이 곰은 장난감을 잔뜩 꺼내 놓고 가지고 놀 장난감을 골랐어요. 하지만 마음에 드는 장난감을 고르지 못했어요. 이건 너무 커. 이건 너무 작아. 이건 색깔이 마음에 안 들어. 이건 너무 복잡해. 이건 재미없어. ",
      "srcPage": 4,
      "srcSentenceEA": 7,
      "srcWordEA": 38
    },
    {
      "srcTextID": "14997",
      "srcText": "여기저기 어질러 놓은 장난감 때문에 친구들은 기우뚱기우뚱하며 넘어졌어요. “장난감은 하나씩 꺼내서 놀아야지. 그리고 다 가지고 논 장난감은 제자리에 정리해야 해. 늘어놓은 장난감 때문에 다칠 수도 있단다.” 곰은 머리를 긁적이며 장난감을 정리했어요.",
      "srcPage": 6,
      "srcSentenceEA": 5,
      "srcWordEA": 34
    },
    {
      "srcTextID": "14999",
      "srcText": "곰이 장난감을 정리하는 동안 돼지는 소꿉놀이하고 있었어요. “이거 맛있게 생겼다.” 돼지는 장난감 포도를 입에 넣었지요.\t",
      "srcPage": 7,
      "srcSentenceEA": 3,
      "srcWordEA": 16
    },
    {
      "srcTextID": "15000",
      "srcText": "다행히 살짝 긁히기만 했을 뿐 많이 다치지는 않았지요. “다행이구나. 삼키기라도 하면 큰일이니까, 절대로 장난감을 입에 넣으면 안 돼. 알았지?” 돼지는 호랑이 아저씨 말에 고개를 끄덕였어요.",
      "srcPage": 10,
      "srcSentenceEA": 4,
      "srcWordEA": 28
    },
    {
      "srcTextID": "15003",
      "srcText": "플라스틱 장난감을 빨면 안 돼요. 장난감 액세서리도 함부로 입에 넣지 마세요. 작은 블록을 입에 넣으면 위험해요. ",
      "srcPage": 12,
      "srcSentenceEA": 3,
      "srcWordEA": 18
    },
    {
      "srcTextID": "15008",
      "srcText": "털이 있는 장난감. 털이 많은 장난감은 작은 솔로 자주 먼지를 털고, 햇볕에 말려요. 물로 세탁할 때는 유아용 세제를 푼 미지근한 물에서 주무르듯 때를 빼고, 세탁기에 넣을 때는 세탁 망에 넣어 주세요. ",
      "srcPage": 16,
      "srcSentenceEA": 3,
      "srcWordEA": 33
    },
    {
      "srcTextID": "15017",
      "srcText": "“너무 큰 소리는 귀를 아프게 할 수 있어.” 아저씨 말에 다람쥐는 시무룩해져서 소리를 줄였어요. “이 소리 나는 장난감은 밖에서 가지고 놀자. 알았지?” 다람쥐는 고개를 끄덕이며 장난감 집을 나왔어요. ",
      "srcPage": 26,
      "srcSentenceEA": 5,
      "srcWordEA": 31
    },
    {
      "srcTextID": "14996",
      "srcText": " “으흠.” 호랑이 아저씨가 화난 얼굴로 다가와 말했어요. “장난감을 이렇게 늘어놓아도 될까?” 호랑이 아저씨의 말에 곰은 눈만 껌벅였어요. “친구들 좀 보렴.” 곰은 친구들을 살펴보았어요.",
      "srcPage": 5,
      "srcSentenceEA": 5,
      "srcWordEA": 26
    },
    {
      "srcTextID": "15015",
      "srcText": "종이, 쉽게 찢어지지 않는지, 약하지 않은지 확인해요. 천, 물거나, 입에 넣고 빨았을 때 보풀이 빠지지 않는지 확인해요. 이음새 부분에 바느질이 꼼꼼한지도 확인해요. 금속, 베거나 찔릴 위험이 있는 날카로운 부분은 없는지 살펴요. 삼키거나 입에 넣으면 위험하다는 내용의 안전 표시가 있는지 확인해요. ",
      "srcPage": 23,
      "srcSentenceEA": 5,
      "srcWordEA": 44
    },
    {
      "srcTextID": "15016",
      "srcText": "호랑이 아저씨는 두리번두리번 주변을 살펴보았어요. 아까부터 다람쥐의 모습이 보이지 않았거든요. 아저씨는 붕붕 차 뒤와 미끄럼틀 아래도 찾아보았지만, 다람쥐의 몸집이 작아서 쉽게 찾을 수 없었지요. 다행히 다람쥐는 장난감 집 안에서 놀고 있었어요.",
      "srcPage": 24,
      "srcSentenceEA": 4,
      "srcWordEA": 34
    },
    {
      "srcTextID": "15019",
      "srcText": "장난감 소리를 확인해요! 소리가 나는 장난감을 귀 가까이에 대지 마세요. 장난감 소리를 크게 켜 두지 마세요. 장난감 소리가 크게 나는지 확인해요. ",
      "srcPage": 27,
      "srcSentenceEA": 4,
      "srcWordEA": 24
    },
    {
      "srcTextID": "15021",
      "srcText": "동물 친구들은 다 같이 장난감 기차를 탔어요. “칙칙폭폭, 칙칙폭폭 기차가 달려요.” “칙칙폭폭, 칙칙폭폭 기차가 섰어요.” “칙칙폭폭, 칙칙폭폭 기차가 굴에 들어가요.” 신이 난 동물 친구들은 노래를 불렀어요.",
      "srcPage": 29,
      "srcSentenceEA": 5,
      "srcWordEA": 27
    },
    {
      "srcTextID": "15010",
      "srcText": "“야호, 재미있겠다.” 토끼와 곰이 알록달록 긴 줄을 빙글빙글 돌리면서 놀았어요. 그때였어요. “그만!” 호랑이 아저씨가 갑자기 소리를 질렀어요. 깜짝 놀란 토끼는 눈을 동그랗게 뜨고 호랑이 아저씨를 바라봤지요. ",
      "srcPage": 18,
      "srcSentenceEA": 5,
      "srcWordEA": 30
    },
    {
      "srcTextID": "15009",
      "srcText": " “줄넘기 줄이나 고무줄도 마찬가지야. 장난감이 모두 안전하다고 생각하면 안 된단다.” 토끼는 호랑이 아저씨의 말에 고개를 끄덕였어요.",
      "srcPage": 20,
      "srcSentenceEA": 3,
      "srcWordEA": 18
    },
    {
      "srcTextID": "15001",
      "srcText": "돼지의 비명에 호랑이 아저씨가 달려왔어요. “장난감은 가지고 노는 거지, 먹는 게 아니야.” 호랑이 아저씨는 돼지의 입 속을 살폈어요. ",
      "srcPage": 9,
      "srcSentenceEA": 3,
      "srcWordEA": 19
    },
    {
      "srcTextID": "15002",
      "srcText": "장난감을 가지고 놀 때 주의하세요! 장난감을 함부로 입에 넣지 마세요! 인형 털을 빨거나 잡아당기지 마세요. 공 같은 건 절대 입에 넣지 마세요.",
      "srcPage": 11,
      "srcSentenceEA": 4,
      "srcWordEA": 25
    },
    {
      "srcTextID": "15007",
      "srcText": "장난감을 안전하게 청소, 관리하는 방법. 아무리 안전한 장난감이라도 자주 살펴봐야 해요. 장난감을 만든 재료에 따라 알맞은 관리와 청소로 안전하고 깨끗하게 가지고 놀도록 해 주세요.",
      "srcPage": 13,
      "srcSentenceEA": 3,
      "srcWordEA": 26
    },
    {
      "srcTextID": "14994",
      "srcText": "“안녕하세요, 호랑이 아저씨!” 모두 큰 소리로 아저씨에게 인사했어요. “오호, 어서 오너라.” 호랑이 아저씨는 동물 친구들을 반갑게 맞아 주었어요. 장난감을 본 동물 친구들의 눈이 휘둥그레지자, 호랑이 아저씨가 싱긋 웃으며 말했어요. “이곳에 있는 장난감은 마음껏 가지고 놀아도 된단다.”",
      "srcPage": 3,
      "srcSentenceEA": 6,
      "srcWordEA": 39
    },
    {
      "srcTextID": "15006",
      "srcText": "나무 장난감. 나무로 만든 장난감은 얼룩이 많이 묻지 않았다면 물기를 꼭 짠 천으로 닦아 줘요. 하지만 얼룩이 많이 묻었다면 스펀지에 유아용 세제를 묻혀 닦은 뒤 그늘에서 말려요. 천 장난감. 천으로 만든 장난감은 먼지가 많이 붙으므로 먼저 셀로판테이프로 먼지를 없애요. 그런 다음 유아용 세제를 물에 풀어 거품을 내요. 그리고 장난감을 10분 정도 담갔다 깨끗이 헹궈서 햇볕에 말려요. ",
      "srcPage": 15,
      "srcSentenceEA": 7,
      "srcWordEA": 62
    },
    {
      "srcTextID": "15005",
      "srcText": "금속 장난감. 장난감 총이나 칼, 미니카와 같은 금속 장난감에 물수건을 사용하면 녹이 슬어요. 그러므로 마른 수건과 면봉으로 먼지만 없애 주는 것이 좋아요. 플라스틱 장난감. 큰 미끄럼틀이나 그네는 젖은 수건이나 알코올로 자주 닦아 주세요. 하지만 크기가 작거나 장치가 많은 장난감은 유아용 세제를 묻힌 수 건으로 닦아 주세요. 그리고 수건으로 닦아 바람이 잘 통하는 그늘에서 말려요. ",
      "srcPage": 17,
      "srcSentenceEA": 7,
      "srcWordEA": 60
    },
    {
      "srcTextID": "15011",
      "srcText": "“줄로 몸을 칭칭 감으면 위험해. 그리고 줄이 발에 걸리면 중심을 잡지 못해 넘어질 수도 있어.” 호랑이 아저씨는 곰을 일으켜 주었어요.",
      "srcPage": 19,
      "srcSentenceEA": 3,
      "srcWordEA": 22
    },
    {
      "srcTextID": "15018",
      "srcText": "그때 갑자기 시끄러운 음악 소리가 들렸어요. 다람쥐가 음악이 나오는 장난감들을 한꺼번에 켜 두었기 때문이에요. “다람쥐야! 너무 시끄럽지 않니?” 호랑이 아저씨가 타이르듯 말했어요.",
      "srcPage": 25,
      "srcSentenceEA": 4,
      "srcWordEA": 25
    },
    {
      "srcTextID": "15020",
      "srcText": "“다람쥐야, 어디 있었어? 찾았잖아. 우리 같이 놀자.” 토끼가 다람쥐를 잡아끌었어요.",
      "srcPage": 28,
      "srcSentenceEA": 4,
      "srcWordEA": 13
    }
  ]
}