{
  "title": "사건으로 본 우리 정치",
  "author": "이흔",
  "illustrator": "이은주",
  "isbn": "9791165141035",
  "publishedYear": 2020,
  "publisher": "한국차일드아카데미",
  "paragraphInfoCount": 20,
  "paragraphInfo": [
    {
      "srcTextID": "137714",
      "srcText": "꼭지켜야 할 의무 나라의 주인인 국민으로서 누려야 할 권리가 있다면 동시에 국민이 지켜야 할 의무도 있어요. 의무를 잘 지켜야 국민으로서의 권리도 당당하게 주장할 수 있는 거예요. 국민의 의무에는 어떤 것들이 있을까요? 국민의 의무 아빠와 엄마는 열심히 일을 해서 번 돈으로 생활을 하고 세금을 내. 그리고 자녀들을 학교에 보내 교육을 시키지. 이렇게 저마다 맡은 일을 열심히 하면서 온 가족이 오순도순 살아가는 거야. 국가도 똑같아. 튼튼하고 살기 좋은 나라를 만들려면 국민이 꼭 해야 할 일이 있단다. 국민의 의무에는 어떤 것들이 있을까? 근로의 의무 개인과 국가가 모두 잘살기 위해 일을 해야 할 의무가 있어요. 납세의 의무 나라 살림을 꾸리는 데 꼭 필요한 세금을 내야 할 의무가 있어요.",
      "srcPage": 5,
      "srcSentenceEA": 11,
      "srcWordEA": 114,
      "character": "주인,국민,아빠,엄마,돈,자녀들,가족,국가,개인",
      "setting": "나라,학교",
      "action": "누려야 할,지켜야 할,당당하게 주장할 수 있는,일을 해서 번,생활을 하고,교육을 시키지,살아가는,만들려면,세금을 내야 할",
      "feeling": null,
      "causalRelationship": null,
      "outcomeResolution": null,
      "prediction": null,
      "plotSummaryInfoCount": 1,
      "plotSummaryInfo": {
        "classification": "사회관계",
        "readAge": "초등_저학년",
        "form": "long-form",
        "plotSummaryText": "나라의 주인인 국민으로서 누려야 할 권리가 있다면 동시에 국민이 지켜야 할 의무도 있는데 아빠와 엄마는 열심히 번 돈으로 생활하고 세금을 내는 납세의 의무와 개인과 국가가 모두 잘살기 위해 일을 해야 할 의무가 있다.",
        "textWordEA": 33
      }
    },
    {
      "srcTextID": "137711",
      "srcText": "국가가 없으면 사람들이 재산을 빼앗기고 목숨을 위협받는데도 아무도 나서지 않으면 어떻게 될까? 아마 사회는 금방 혼란해질 거야. 국가는 사회 질서를 지켜서 국민의 생명과 재산을 보\n호해 줘. 그리고 다른 나라의 침략을 막고 국민 모두 안전하고 행복한 생활을 누릴 수 있도록 보살피는 것도 국가가 하는 일이야. 국가의 주인은 국민 주권은 한 국가가 다른 나라의 간섭 없이 스스로 나라의 주요한 일을 결정하는 최고 권력이야. 이처럼 중요한 주권은 어디에서 나오는 걸까? 우리나라는 국민이 주인인 민주주의 국가야. 우리나라 헌법은 ‘대한민국의 주권은 국민에게 있고, 모든 권력은 국민으로부터 나온다.’ 고 밝히고 있어. 대한민국에는 대략 5,000만 명의 국민이 살고 있어. 그러니까 5,000만 명 모두가 대한민국의 주인인 셈이지.",
      "srcPage": 2,
      "srcSentenceEA": 11,
      "srcWordEA": 109,
      "character": "국가,사람들,국민,주인,민주주의 국가,대한민국의 주인",
      "setting": "다른 나라,우리나라,대한민국",
      "action": "빼앗기고 목숨을 위협받는데도,나서지 않으면,사회 질서를 지켜서,생명과 재산을 보호해 줘,침략을 막고,보살피는,간섭 없이,결정하는,살고 있어",
      "feeling": "안전하고 행복한",
      "causalRelationship": null,
      "outcomeResolution": null,
      "prediction": null,
      "plotSummaryInfoCount": 1,
      "plotSummaryInfo": {
        "classification": "사회관계",
        "readAge": "초등_저학년",
        "form": "long-form",
        "plotSummaryText": "국가는 사회 질서를 위해 국민의 생명과 재산을 보호하여야 하고 다른 나라의 침략을 막으며 국민 모두 안전하고 행복한 생활을 누릴 수 있도록 보살피는 것 또한 국가의 일이며 우리나라 헌법에서 대한민국의 주권은 국민에게 있고 모든 권력은 국민에게서 나온다고 밝히고 있습니다.",
        "textWordEA": 38
      }
    },
    {
      "srcTextID": "137716",
      "srcText": "정치와 민주주의 지금 우리가 누리고 있는 민주주의는 그냥 얻은 것이 아니에요. 수많은 사람이 목숨을 바쳐 싸운 덕분에 지금과 같은 자유와 민주주의를 누리고 있는 거예요. 민주주의가 무엇일까요? 사람들이 목숨을 걸 만큼 소중한 걸까요?",
      "srcPage": 7,
      "srcSentenceEA": 4,
      "srcWordEA": 35,
      "character": "우리,사람",
      "setting": null,
      "action": "누리고 있는,목숨을 바쳐 싸운",
      "feeling": null,
      "causalRelationship": null,
      "outcomeResolution": null,
      "prediction": null,
      "plotSummaryInfoCount": 1,
      "plotSummaryInfo": {
        "classification": "사회관계",
        "readAge": "초등_저학년",
        "form": "long-form",
        "plotSummaryText": "민주주의는 그냥 얻은 것이 아니라 수많은 사람이 목숨을 바쳐 싸운 덕분에 우리가 이렇게 누리고 있는 것이다.",
        "textWordEA": 16
      }
    },
    {
      "srcTextID": "137717",
      "srcText": "국민이 주인인 세상! 6월 민주 항쟁 1987년 6월 10일, 군부 독재에 반대하며 일어난 민주 항쟁이에요. 4 19 혁명 1960년 4월 19일, 시민과 학생들이 이승만 자유당 정권의 부패, 부정 선거에 항거하여 시위를 벌였어요.",
      "srcPage": 8,
      "srcSentenceEA": 3,
      "srcWordEA": 34,
      "character": "국민,주인,시민,학생들,이승만",
      "setting": "1987년 6월 10일,1960년 4월 19일",
      "action": "반대하며 일어난,항거하여,시위를 벌였어요",
      "feeling": null,
      "causalRelationship": null,
      "outcomeResolution": null,
      "prediction": null,
      "plotSummaryInfoCount": 1,
      "plotSummaryInfo": {
        "classification": "사회관계",
        "readAge": "초등_저학년",
        "form": "short-form",
        "plotSummaryText": "6월 민주 항쟁은 1987년 6월 10일에 군부 독재에 반대하며 일어난 민주 항쟁이며 4 19 혁명은 1960년 4월 19일 시민과 학생들이 이승만 자유당 정권의 부정부패 선거에 항거하여 일어난 시위입니다.",
        "textWordEA": 28
      }
    },
    {
      "srcTextID": "137725",
      "srcText": "민주주의와 시민혁명 시민 혁명은 인간으로서의 존엄과 평등, 자유를 해치는 부당한 힘에 대항하여 시민들이 적극적으로 항거하면서 시작된 사회 변혁 운동이에요. 우리나라의 민주화 운동과 세계의 시민 혁명에 대해 알아볼까요? 1960년 4·19 혁명 4·19 혁명은 이승만 자유당 정권의 부패와 무능에 반대하여 시민과 학생들이 일으킨 항거였어. 이승만 대통령은 장기 집권을 위해 부정한 방법으로 또다시 대통령에 당선되었지. 이에 분노한 국민들의 시위가 전국적으로 확산되었어. 결국 이승만 대통령은 대통령직에서 물러나 하와이로 망명했단다. 1987년 6·10 민주 항쟁 6·10 민주 항쟁은 1987년 6월 10일 이후부터 벌어진 민주화 운동을 말해. 전두환 군사 정권 때 대학생인 박종철과 이한열의 사망 사건을 계기로 분노한 시민들이 시위를 벌였지. 6.10 민주 항쟁으로 6·29 선언이 발표되었고, 국민이 직접 투표로 대통령을 뽑는 직선제 개헌이 이루어졌단다.",
      "srcPage": 15,
      "srcSentenceEA": 10,
      "srcWordEA": 117,
      "character": "인간,시민들,이승만 자유당,시민,학생들,이승만 대통령,대통령,국민들,대학생,박종철,이한열,국민",
      "setting": "우리나라,1960년 4·19 혁명,전국적으로,하와이,1987년 6·10 민주 항쟁,1987년 6월 10일 이후부터,전두환 군사 정권 때",
      "action": "대항하여,물러나,망명했단다,시위를 벌였지,발표되었고",
      "feeling": "분노한",
      "causalRelationship": null,
      "outcomeResolution": null,
      "prediction": null,
      "plotSummaryInfoCount": 1,
      "plotSummaryInfo": {
        "classification": "사회관계",
        "readAge": "초등_저학년",
        "form": "long-form",
        "plotSummaryText": "이승만 대통령이 장기 집권을 위해 부정한 방법으로 다시 대통령에 당선되자, 이에 분노한 국민들의 시위가 전국적으로 확산하였고 결국 이승만 대통령은 대통령직에서 물러난 1960년에 일어난 4·19 혁명 있고 또 다른 민주화 운동으로는 6·10 민주 항쟁이 있다.",
        "textWordEA": 34
      }
    },
    {
      "srcTextID": "137719",
      "srcText": "정치는 어른들만 하는 걸까? 정치는 국회의원과 대통령 같은 정치인들만 하는 걸까? 사실 정치는 우리 생활 곳곳에서 이루어지고 있어. 엄마랑 아빠도, 이웃집 아저씨도, 어린이들도 정치를 하고 있어. 회사에서, 학교에서, 가정에서, 마을에서 말이지. 여러 사람이 모여 필요한 일을 의논하는 일이라면 모두 정치라고 할 수 있어.",
      "srcPage": 10,
      "srcSentenceEA": 6,
      "srcWordEA": 48,
      "character": "어른들,국회의원,대통령,정치인들,엄마,아빠,이웃집 아저씨,어린이들,사람",
      "setting": "회사,학교,가정,마을",
      "action": "이루어지고 있어,정치를 하고,모여,의논하는",
      "feeling": null,
      "causalRelationship": null,
      "outcomeResolution": null,
      "prediction": null,
      "plotSummaryInfoCount": 1,
      "plotSummaryInfo": {
        "classification": "사회관계",
        "readAge": "초등_저학년",
        "form": "long-form",
        "plotSummaryText": "정치는 어른들만 하는 것도, 정치인들만 하는 것도 아닌 우리 생활 곳곳에서 이루어지고 있는데 회사나 학교, 가정, 마을에서 여러 사람이 모여 필요한 일을 의논하는 일이라면 모두 정치라고 할 수 있습니다.",
        "textWordEA": 29
      }
    },
    {
      "srcTextID": "137712",
      "srcText": "마땅히누려야 할권리 대한민국 국민이라면 누구나 행복한 삶을 누릴 권리가 있어요. 이러한 권리를 기본권이라고 해요. 기본권의 종류에는 어떤 것들이 있을까요? 자유권 자유권은 바라는 것을 자유롭게 선택할 수 있는 권리야. 누구나 살고 싶은 데서 살고, 하고 싶은 일을 하고, 자신의 생각을 솔직하게 말할 권리가 있어. 그렇다고 해서 다른 사람에게 피해를 주거나 법을 어겨서는 안 돼. 자유권에는 어떤 것들이 있을까?",
      "srcPage": 3,
      "srcSentenceEA": 7,
      "srcWordEA": 63,
      "character": "대한민국 국민,자신,다른 사람,누구나",
      "setting": null,
      "action": "삶을 누릴,선택할 수 있는,살고 싶은 데서 살고,하고 싶은 일을 하고,생각을 솔직하게 말할,피해를 주거나,법을 어겨서는",
      "feeling": "행복한",
      "causalRelationship": null,
      "outcomeResolution": null,
      "prediction": null,
      "plotSummaryInfoCount": 1,
      "plotSummaryInfo": {
        "classification": "사회관계",
        "readAge": "초등_저학년",
        "form": "long-form",
        "plotSummaryText": "기본권은 마땅히 누려야할 권리를 말하는데 대한민국 국민이라면 누구나 행복한 삶을 누릴 수 있는 권리이며,  자유권은 바라는 것을 자유롭게 선택할 수 있는 권리로, 누구나 살고 싶은 데서 살고, 하고 싶은 일을 할 권리가 있다.",
        "textWordEA": 34
      }
    },
    {
      "srcTextID": "137721",
      "srcText": "국민이 주인인 나라 민주주의! 많이 들어 본 말이지요? 민주주의는 정치뿐만 아니라 우리 생활에서 일어나는 여러 문제를 해결하는 방식이 되었어요. ‘민주주의’ 라는 말에 담긴 뜻과 민주주의를 지키기 위한 기본 원리를 알아볼까요? 민주주의는 국민이 다스린다는 뜻 오늘날 대부분의 나라에서는 민주주의를 바탕으로 정치를 하고 있어. 우리나라도 마찬가지야. 민주주의는 몇몇 사람이 아니라 국민 모두가 주인이 되어 나라를 다스리는 정치 제도야. 국민 모두가 나라의 주인 대접을 받을 수 있도록 정치가 이루어진다는 뜻이지. 이와는 반대로 한 사람이 권력을 몽땅 움켜쥐고 제 맘대로 하는 것을 독재라고 해. 민주주의의 근본정신 민주주의는 인간 존중의 마음을 근본정신으로 삼고 있어. 사람들은 저마다 생김새도 다르고 생각도 달라. 돈이 많은 사람도 있고 적은 사람도 있어. 그렇지만 누구나 소중한 대접을 받아야 해. 인간 존중의 마음과 함께 자유와 평등도 민주주의의 근본정신이야. 인간이라면 누구나 국적, 피부색, 인종 등에 의해 차별받지 않을 권리가 있어. 모든 사람이 존중받는 자유롭고 평등한 사회가 바로 민주주의가 꿈꾸는 사회란다.",
      "srcPage": 11,
      "srcSentenceEA": 17,
      "srcWordEA": 153,
      "character": "국민,주인,우리,한 사람,사람들,돈,인간,국적,피부색,인종",
      "setting": "나라,오늘날,대부분의 나라,우리나라",
      "action": "해결하는,지키기,정치를 하고,다스리는,주인 대접을 받을 수 있도록,권력을 움켜쥐고,차별받지 않을",
      "feeling": null,
      "causalRelationship": null,
      "outcomeResolution": null,
      "prediction": null,
      "plotSummaryInfoCount": 1,
      "plotSummaryInfo": {
        "classification": "사회관계",
        "readAge": "초등_저학년",
        "form": "long-form",
        "plotSummaryText": "국민 모두가 주인이 되어 나라를 다스리는 정치 제도이기 때문에 모든 국민이 나라의 주인 대접을 받을 수 있도록 정치가 이루어진다는 뜻이며, 자유와 평등도 민주주의 근본정신이므로 모든 사람이 존중받는 자유롭고 평등한 사회가 바로 민주주의 꿈꾸는 사회입니다.",
        "textWordEA": 34
      }
    },
    {
      "srcTextID": "137722",
      "srcText": "민주주의의 근본정신을 지키려면 민주주의의 근본정신인 인간 존중, 자유, 평등을 이루기 위해서는 꼭 지켜야 할 원칙이 있어. 국민주권주의, 입헌주의, 권력 분립의 원칙이 바로 그것이야. 민주주의 국가에서 주인인 국민이 제대로 주인 노릇을 하려면 이 원칙을 꼭 지켜야 해. 우리나라는 법에 따라 모든 일이 이루어지는 입헌 정치 국가야. 그래서 민주주의의 근본정신과 그것을 지키는 데 필요한 원칙을 헌법으로 정해 놓고 꼭 지키도록 하고 있어.",
      "srcPage": 12,
      "srcSentenceEA": 5,
      "srcWordEA": 64,
      "character": "민주주의 국가,주인,국민,입헌 정치 국가,헌법",
      "setting": "우리나라",
      "action": "이루기 위해서는,지켜야,정해 놓고",
      "feeling": null,
      "causalRelationship": null,
      "outcomeResolution": null,
      "prediction": null,
      "plotSummaryInfoCount": 1,
      "plotSummaryInfo": {
        "classification": "사회관계",
        "readAge": "초등_저학년",
        "form": "long-form",
        "plotSummaryText": "민주주의 근본정신인 인간 존중, 자유, 평등을 이루기 위해서 지켜야 할 원칙은 국민주권주의, 입헌주의, 권력 분립의 원칙인데 민주주의 국가에서 주인인 국민이 제대로 주인 노릇을 하려면 우리나라에서 이 원칙을 꼭 지켜야 한다.",
        "textWordEA": 30
      }
    },
    {
      "srcTextID": "137723",
      "srcText": "민주 사회의 모습들 민주적인 방법으로 문제를 해결한다는 것은 서로 다른 생각을 존중하며 모두가 공감하는 방향으로 의견을 조절하는 것이에요. 다양한 생각을 가진 사람들이 모두 함께 평화롭게 살아가는 세상이 바로 민주적인 사회랍니다. 대화하고 타협해 다툼이나 문제가 생겼을 때 문제를 해결하는 가장 좋은 방법은 무엇일까? 다른 사람들 이야기를 잘 듣고 서로 충분히 대화한 다음, 한 발짝씩만 양보해서 결론을 내는 것이지. 대화와 토론, 타협의 과정을 거쳐 문제를 해결하는 것이 가장 민주적인 문제 해결 방법이라고 할 수 있어. 다수결! 많은 사람의 생각에 따르자 대화와 타협으로도 문제를 해결하기 어렵다면 어떻게 해야 할까? 많은 사람이 찬성하는 쪽으로 결정하면 아무래도 국민의 뜻을 더 많이 존중할 수 있겠지? 이것을 ‘다수결의 원칙’ 이라고 해. 그런데 많은 사람이 찬성한다고 해서 그 의견이 반드시 옳은 것은 아니야. 진정한 민주주의는 다수결의 원칙에 따르면서도 소수 의견을 존중하는 거야.",
      "srcPage": 13,
      "srcSentenceEA": 12,
      "srcWordEA": 135,
      "character": "사람들,다른 사람들,많은 사람",
      "setting": "세상",
      "action": "존중하며,조절하는,살아가는,양보해서",
      "feeling": null,
      "causalRelationship": null,
      "outcomeResolution": null,
      "prediction": null,
      "plotSummaryInfoCount": 1,
      "plotSummaryInfo": {
        "classification": "사회관계",
        "readAge": "초등_저학년",
        "form": "long-form",
        "plotSummaryText": "다양한 생각을 하는 사람들이 모두 함께 평화롭게 살아가는 세상이 바로 민주적인 사회인데 그럼에도 다툼이나 문제가 생겼을 때는 다른 사람들 이야기를 잘 듣고 서로 충분히 대화한 다음 서로 양보해 결론을 내는 것이 좋다.",
        "textWordEA": 32
      }
    },
    {
      "srcTextID": "137718",
      "srcText": "모두의의견을모아 정치는 대통령이나 국회의원들만 하는 걸까요? 우리도 날마다 정치를 하고 있다는데 정말 그럴까요? 정치란 무엇인지 알아보고 우리 주변에서 볼 수 있는 정치 활동에 대해 살펴보아요. 슬기롭게 문제를 해결해 흔히 나라를 다스리는 일을 ‘정치’라고 해. 정치는 저마다 다른 생각을 조정해서 조화롭게 문제를 해결하는 일이야. 대화를 통해 서로의 의견을 충분히 듣고, 다양한 의견을 골고루 반영해서 모두가 공감할 수 있는 방향으로 결론을 내리는 것이지. 정치하는 사람들은 왜 싸울까? 신문이나 텔레비전을 보면 정치인들이 곧잘 싸우는 것 같지? 여러 사람이 모여 일을 의논하다 보면 서로 의견이 갈리기도 한단다. 모든 사람이 똑같은 생각을 하는 것은 아니기 때문이야. 그런데 다른 사람들의 생각을 존중하지 않고 항상 자기만 옳다고 여기면 다툼이 생겨. 민주주의 사회에서는 이처럼 다양한 의견이 충돌할 때 충분한 대화와 토론을 거쳐 문제를 해결하는 것이 가장 좋아.",
      "srcPage": 9,
      "srcSentenceEA": 13,
      "srcWordEA": 131,
      "character": "대통령,국회의원들,우리,사람들,신문,텔레비전,정치인들,다른 사람들,자기",
      "setting": "날마다,나라",
      "action": "의견을모아,정치를 하고,알아보고,볼 수 있는,살펴보아요,문제를 해결해,다스리는,다른 생각을 조정해서 조화롭게 문제를 해결하는,대화를 통해 서로의 의견을 충분히 듣고,반영해서,공감할 수 있는 방향으로 결론을 내리는 것이지,싸울까,보면,여러 사람이 모여 일을 의논하다 보면,존중하지 않고,다툼이 생겨,다양한 의견이 충돌할 때,대화와 토론을 거쳐. 문제를 해결하는",
      "feeling": null,
      "causalRelationship": null,
      "outcomeResolution": null,
      "prediction": null,
      "plotSummaryInfoCount": 1,
      "plotSummaryInfo": {
        "classification": "사회관계",
        "readAge": "초등_저학년",
        "form": "long-form",
        "plotSummaryText": "정치는 대통령이나 국회의원들만 하는 것이 아니라 우리도 날마다 하고 있는데, 저마다 다른 생각을 대화를 통해 서로의 의견을 듣고, 다양한 의견을 반영해 모두가 공감할 수 있는 방향으로 결론을 내리지만, 모든 사람이 똑같은 생각을 하는 것은 아니다.",
        "textWordEA": 35
      }
    },
    {
      "srcTextID": "137726",
      "srcText": "영국의 명예혁명 1668년 영국에서 일어난 명예혁명은 무력 충돌 없이 이루어진 혁명이라고 해서 붙여진 이름이야. 당시 영국의 왕은 종교 문제로 의회와 갈등을 빚었어. 그 과정에서 의회가 새로운 국왕을 추대했고, 신민의 자유와 권리를 옹호하는 권리 장전이라는 선언문을 발표했지. 영국의 명예혁명은 왕의 권한을 줄이고 의회 민주주의를 더욱 강화한 혁명이야. 프랑스 혁명 프랑스 혁명은 1789년에 일어난 시민 혁명이야. 당시 프랑스 사회는 강력한 계급 사회로 신분 간의 차별이 심했어. 왕실의 사치로 국가 재정은 점점 궁핍해졌고 국민들의 삶은 더 힘겨워졌어. 분노한 시민들의 시위는 프랑스 전역으로 확산되었지. 혁명이 일어난 뒤 프랑스 국민 의회는 신분제를 폐지하고 자유, 평등, 재산권과 같은 권리를 인정하는 인권 선언을 발표했어.",
      "srcPage": 16,
      "srcSentenceEA": 9,
      "srcWordEA": 105,
      "character": "영국의 왕,의회,새로운 국왕,신민,선언문,왕,왕실,국민들,시민들,프랑스 국민 의회",
      "setting": "영국,1668년,프랑스,1789년,프랑스 전역,혁명이 일어난 뒤",
      "action": "일어난,갈등을 빚었어,추대했고,자유와 권리를 옹호하는,발표했지,권한을 줄이고,민주주의를 더욱 강화한,확산되었지,신분제를 폐지하고,인정하는,발표했어",
      "feeling": null,
      "causalRelationship": null,
      "outcomeResolution": null,
      "prediction": null,
      "plotSummaryInfoCount": 1,
      "plotSummaryInfo": {
        "classification": "사회관계",
        "readAge": "초등_저학년",
        "form": "long-form",
        "plotSummaryText": "영국의 명예혁명은 무력 충돌 없이 이루어진 혁명으로 왕의 권한을 줄이고 의회 민주주의를 더욱 강화한 혁명이고 프랑스 혁명은 시민혁명으로 그 당시 강력한 계급 사회의 신분 간의 차별로 국민들의 삶이 힘겨워졌다.",
        "textWordEA": 29
      }
    },
    {
      "srcTextID": "137727",
      "srcText": "대한민국은 어떻게 움직일까요? 아빠와 엄마가 알뜰살뜰 살림을 꾸리듯, 국가도 살기 좋은 나라를 만들기 위해 살림을 꾸려요. 국민이 낸 세금으로 학교를 짓고, 공원도 만들고, 국민들이 편안하게 살 수 있도록 돕지요. 누가, 어떻게 국민의 뜻에 따라 대한민국을 움직일까요?",
      "srcPage": 17,
      "srcSentenceEA": 4,
      "srcWordEA": 39,
      "character": "아빠,엄마,국가,국민,세금,학교,공원,국민들",
      "setting": "대한민국,나라",
      "action": "살림을 꾸리듯,살기 좋은,만들기 위해 살림을 꾸려요,낸,짓고,만들고",
      "feeling": null,
      "causalRelationship": null,
      "outcomeResolution": null,
      "prediction": null,
      "plotSummaryInfoCount": 1,
      "plotSummaryInfo": {
        "classification": "사회관계",
        "readAge": "초등_저학년",
        "form": "long-form",
        "plotSummaryText": "국가도 살기 좋은 나라를 만들기 위해 살림을 꾸리며 국민이 낸 세금으로 학교를 짓고, 공원도 만들고, 국민들이 편안하게 살 수 있도록 돕습니다.",
        "textWordEA": 21
      }
    },
    {
      "srcTextID": "137713",
      "srcText": "사회권 사회권은 인간다운 생활을 누리기 위해 국민이 국가에 요구할 수 있는 권리야. 사회권에는 근로권, 교육권, 환경권과 같은 것들이 있어. 근로권은 일할 수 있는 기회를 요구할 권리야. 교육권은 능력에 따라 교육을 받을 수 있는 권리이고, 환경권은 깨끗한 환경에서 생활할 권리를 말해. 국가는 모든 국민이 이런 권리를 누리며 살 수 있도록 더 적극적으로 노력해야 해. 평등권 평등권은 자유권과 함께 매우 중요한 국민의 기본권이야. 여성이든 남성이든, 돈이 많든 적든, 종교와 직업이 무엇이든 법 앞에서는 누구나 똑같이 대접을 받고 차별받지 않으며 균등한 기회를 가져. 청구권 국가에 필요한 것을 해 달라고 요구할 수 있는 권리야. 국민이 국가에 바라는 것이 있거나 억울한 일을 당했을 때 국회나 행정 기관에 알려서 문제를 해결할 수 있고, 재판을 받아서 바로잡을 수도 있어. 청구권은 국민의 기본권을 보호하기 위한 권리란다. 참정권 정치에 참여할 수 있는 권리야. 선거에 참여하여 대통령이나 국회의원 등 나라의 일꾼을 뽑고, 직접 국민의 대표가 되어 나랏일을 할 수도 있어. 또 국민투표에 참여하여 나라의 중요한 일을 결정할 수도 있지.",
      "srcPage": 4,
      "srcSentenceEA": 13,
      "srcWordEA": 161,
      "character": "인간,국민,국가,여성,남성,국회,행정 기관,대통령,국회의원,일꾼,국민의 대표",
      "setting": "깨끗한 환경,나라",
      "action": "누리기,요구할 수 있는,교육을 받을 수 있는,생활할,누리며 살 수 있도록,노력해야 해,대접을 받고,문제를 해결할 수 있고,재판을 받아서,보호하기 위한,참여할 수 있는,선거에 참여하여,뽑고,나랏일을 할 수도 있어,국민투표에 참여하여,중요한 일을 결정할 수도 있지",
      "feeling": null,
      "causalRelationship": null,
      "outcomeResolution": null,
      "prediction": null,
      "plotSummaryInfoCount": 1,
      "plotSummaryInfo": {
        "classification": "사회관계",
        "readAge": "초등_저학년",
        "form": "long-form",
        "plotSummaryText": "사회권은 인간다운 생활을 누리기 위해 국민이 국가에 요구할 수 있는 권리인데 사회권에는 일할 수 있는 기회를 요구할 권리인 근로권, 능력에 따라 교육을 받을 수 있는 권리인 교육권, 깨끗한 환경에서 생활할 권리인 환경권과 같은 것들이 있다.",
        "textWordEA": 35
      }
    },
    {
      "srcTextID": "137710",
      "srcText": "국가란 무엇일까요? 우리는 태어날 때부터 한 국가의 국적을 갖는 국민이 돼요. 그리고 국가는 국민의 자유와 권리를 든든히 지켜 주는 울타리 구실을 하지요. 국가가 없으면 개인의 자유와 권리는 누가 지켜 줄까요? 영토, 국민, 주권이 있어야 국가 세계에는 수많은 나라가 있어. 땅덩이가 크든 작든, 인구가 많든 적든, 나라를 이루려면 영토와 국민과 주권, 이 세 가지를 꼭 갖추어 야 해. 영토는 한 나라의 통치권이 미치는 일정한 지역을 말해. 그리고 그 영토 안에 살고 있는 사람을 국민이라고 하지. 주권은 나라를 스스로 다스릴 수 있는 힘을 뜻해. 완전한 자주 독립국이 되려면 영토와 국민이 있어도 주권이 없으면 온전한 나라라고 할 수 없어. 지난날 우리 민족은 일본에게 36년 동안 주권을 빼앗겼다가 되찾았지. 제2차 세계 대전 이후 중국에 주권을 빼앗긴 티베트 민족은 지금까지 중국의 다스림을 받으며 살고 있어. 국민 주권 영토 바다에도 주권이 미쳐요 한 나라의 주권이 미치는 바다를 ‘영해’라고 해요. 바다는 수산 자원과 광물 자원이 풍부하기 때문에 육지 못지않게 중요한 영토랍니다. 이웃 나라 일본이 독도를 자기네 땅이라고 우기는 이유도 자원이 풍부한 독도 주변의 너른 바다를 차지하려는 속셈 때문이지요.",
      "srcPage": 1,
      "srcSentenceEA": 16,
      "srcWordEA": 176,
      "character": "국가,우리,국민,영토,우리 민족,티베트 민족,영해,수산 자원,광물 자원,자기,땅,울타리",
      "setting": "태어날 때부터,일본,36년 동안,제2차 세계 대전 이후,중국,지금까지,바다,육지,이웃 나라 일본,독도",
      "action": "국적을 갖는,자유와 권리를 든든히 지켜 주는,한 나라의 통치권이 미치는,살고 있는,주권을 빼앗겼다가 되찾았지,주권을 빼앗긴,다스림을 받으며,살고 있어,우기는,차지하려는",
      "feeling": null,
      "causalRelationship": null,
      "outcomeResolution": null,
      "prediction": null,
      "plotSummaryInfoCount": 1,
      "plotSummaryInfo": {
        "classification": "사회관계",
        "readAge": "초등_저학년",
        "form": "long-form",
        "plotSummaryText": "우리는 태어날 때부터 한 국가의 국적을 갖는 국민이 되고 국가는 국민의 자유와 권리를 지켜 주는 울타리 구실을 하는데 먼저 이런 국가를 이루려면 영토와 국민, 주권, 이 세 가지를 갖추어야 한다.",
        "textWordEA": 30
      }
    },
    {
      "srcTextID": "137728",
      "srcText": "국민의대표를국회로 국회는 국민들이 선거로 뽑은 대표들이 모여 법을 만들고, 나랏일에 대한 중요한 회의를 하는 곳이에요. 국회에서 하는 가장 중요한 일이 법을 만드는 것이기 때문에 국회를 ‘입법부’ 라고 하기도 해요. 국민이 뽑은 일꾼, 국회의원 오늘날에는 국민 모두가 한자리에 모여 직접 나랏일을 하기는 어려워. 그래서 국민의 대표인 국회의원을 뽑아 국민 대신 일을 하도록 하고 있지. 국회의원은 4년마다 뽑는데, 국민이 뽑아만 준다면 몇 번이고 할 수 있어. 그 대신 다른 직업을 가져서는 안 되고 오직 나라와 국민의 이익을 위해서 일해야 해. 국민의 대표가 모인 국회 국민이 뽑은 일꾼인 국회의원들은 국회에 모여 일을 해. 국회는 국회의원들이 모두 모여서 하는 본회의, 나랏일을 여러 분야로 나누어 의논하는 상임 위원회, 특별한 안건을 심사하여 처리하는 특별 위원회로 구성된단다. 국회에서 회의를 여는 기간은 따로 정해져 있어. 일 년에 한 번씩 매년 9월 1일부터 정기 국회가 100일 정도 열리고, 필요하면 따로 임시 국회를 열기도 한단다.",
      "srcPage": 18,
      "srcSentenceEA": 11,
      "srcWordEA": 145,
      "character": "국민의대표,대표들,일꾼,국회의원,국회의원들",
      "setting": "국회,오늘날에는,4년마다,나라,일 년에 한 번씩 매년 9월 1일부터,100일 정도",
      "action": "선거로 뽑은,모여 법을 만들고,회의를 하는,한자리에 모여,뽑아,대신 일을 하도록 하고 있지,뽑는데,모여 일을 해,나누어 의논하는,심사하여 처리하는,회의를 여는,열리고",
      "feeling": null,
      "causalRelationship": null,
      "outcomeResolution": null,
      "prediction": null,
      "plotSummaryInfoCount": 1,
      "plotSummaryInfo": {
        "classification": "사회관계",
        "readAge": "초등_저학년",
        "form": "long-form",
        "plotSummaryText": "국회에서 하는 가장 중요한 일이 법을 만드는 것이기 때문에 국회를 입법부라고 하기도 하는데 국회의원은 4년마다 뽑고 국민이 뽑아만 준다면 몇 번이고 할 수 있는 대신 다른 직업을 가져서는 안 된다.",
        "textWordEA": 30
      }
    },
    {
      "srcTextID": "137729",
      "srcText": "국회에서는 어떤 일을 할까? 국회에서는 국민을 위한 법을 만들고, 나라가 살림을 잘 꾸려 가는지 감시도 하며, 나라의 주요 정책을 결정하는 회의를 하지. 법을 만드는 과정 우리나라는 법에 따라 모든 일이 이루어지는 법치 국가야. 대통령도 국회에서 만든 법에 따라 나라를 다스리지. 이러한 법은 국회에서 수많은 논의와 검토를 거쳐 만들어져. 입법 과정을 거쳐 만들어진 법률안을 대통령이 공포하면 그때부터 그 법률안은 효력을 갖게 돼.",
      "srcPage": 19,
      "srcSentenceEA": 6,
      "srcWordEA": 66,
      "character": "국회,국민,대통령",
      "setting": "나라,우리나라,그때부터",
      "action": "만들고,살림을 잘 꾸려 가는지,감시도 하며,결정하는 회의를 하지,법에 따라 모든 일이 이루어지는,만든 법에 따라,다스리지,수많은 논의와 검토를 거쳐 만들어져,입법 과정을 거쳐 만들어진,공포하면,효력을 갖게 돼",
      "feeling": null,
      "causalRelationship": null,
      "outcomeResolution": null,
      "prediction": null,
      "plotSummaryInfoCount": 1,
      "plotSummaryInfo": {
        "classification": "사회관계",
        "readAge": "초등_저학년",
        "form": "long-form",
        "plotSummaryText": "국회에서는 국민을 위한 법을 만들고 나라가 살림을 잘 꾸려 가는지 감시도 하며 나라의 주요 정책을 결정하는 회의를 하는데 대통령도 국회에서 만든 법에 따라 나라를 다스리는 것이다.",
        "textWordEA": 26
      }
    },
    {
      "srcTextID": "137730",
      "srcText": "나라 살림은행정부에서 행정부는 국민이 낸 세금으로 나라 살림을 꾸려 가는 곳이에요. 그래서 행정부가 하는 일은 우리의 일상생활과도 아주 관련이 많답니다. 행정부가 나라 살림을 어떻게 꾸려 가는지 구체적으로 살펴볼까요? 행정부는 나라의 살림꾼 행정부는 국민이 낸 소중한 세금으로 많은 일을 해. 모두 18개 부서가 나라 살림을 나누어 맡고 있지. 각 부서에서는 차관과 공무원들이 최고 책임자인 장관을 도와 일을 해. 행정부가 일을 잘해야 국민들이 편안하게 생활 할 수 있단다. 국민이 낸 세금을 엉뚱한 곳에 쓴다거나 국회에서 만든 법을 제대로 시행하지 않으면 나라 살림은 엉망이 되고 말 거야.",
      "srcPage": 20,
      "srcSentenceEA": 8,
      "srcWordEA": 91,
      "character": "행정부,국민,세금,차관,공무원들,최고 책임자,장관,국민들,국회",
      "setting": "나라",
      "action": "살림을 꾸려 가는,나누어 맡고,도와 일을 해,쓴다거나,시행하지 않으면",
      "feeling": null,
      "causalRelationship": null,
      "outcomeResolution": null,
      "prediction": null,
      "plotSummaryInfoCount": 1,
      "plotSummaryInfo": {
        "classification": "사회관계",
        "readAge": "초등_저학년",
        "form": "long-form",
        "plotSummaryText": "나라의 살림꾼인 행정부는 우리 일상생활과도 관련이 많은데, 18개 부서가 나라 살림을 나누어 맡고 있고 각 부서에서는 차관과 공무원들이 장관을 도와 일을 하고 있다.",
        "textWordEA": 23
      }
    },
    {
      "srcTextID": "137724",
      "srcText": "누구나 존중받는 세상 사람은 누구나 사람답게 살아갈 권리가 있어. 이것을 ‘인권’ 이라고 해. 인간 존중이라는 민주주의의 근본정신과 닿아 있는 인권은 법으로 만들어 놓은 권리가 아니라 태어나면서부터 인간이 갖는 기본적인 권리야. 1948년 유엔 총회에서는 ‘세계 인권 선언’ 을 발표했어. 이 선언에서는 모든 사람은 태어날 때부터 자유롭고 똑같이 존중받아야 하며, 인종이나 피부색, 성별, 사회적 신분, 종교 등을 이유로 차별해서는 안 된다고 밝히고 있지. 특별히 보호해야 할 우리 이웃 모든 사람이 존중받으며 사람답게 사는 세상이 바로 민주주의가 꿈꾸는 세상이야. 그런데 우리 주변에는 사회적 혹은 경제적으로 소외된 사람들이 있어. 또, 스스로를 지킬 힘이 부족해서 마땅히 누려야 할 권리마저 누리지 못하는 사람들도 있어. 아동, 여성, 노인, 장애인, 외국인 노동자들이 바로 그들이지. 국가는 이들의 인권을 보호하기 위해 적극적으로 노력해야 해.",
      "srcPage": 14,
      "srcSentenceEA": 12,
      "srcWordEA": 125,
      "character": "사람,인종,피부색,우리,사람들,아동,여성,노인,장애인,외국인 노동자들,그들,국가",
      "setting": "1948년 유엔 총회에서는,태어날 때부터",
      "action": "살아갈,발표했어,차별해서는,누려야 할,닿아 있는",
      "feeling": null,
      "causalRelationship": null,
      "outcomeResolution": null,
      "prediction": null,
      "plotSummaryInfoCount": 1,
      "plotSummaryInfo": {
        "classification": "사회관계",
        "readAge": "초등_저학년",
        "form": "long-form",
        "plotSummaryText": "사람은 누구나 사람답게 살아갈 권리가 있는데, 민주주의의 근본정신과 닿아 있는 인권은 법으로 만들어 놓은 권리가 아니라 태어날 때부터  인간이 갖는 기본적인 권리로 1948년 유엔 총회에서는 세계 인권 선언을 발표했다.",
        "textWordEA": 30
      }
    },
    {
      "srcTextID": "137715",
      "srcText": "환경 보전의 의무 환경 오염을 방지할 시설을 설치하거나 분리수거를 해야 할 의무가 있어요. 교육의 의무 모든 국민은 일정 기간 동안 기본적인 교육을 받을 의무가 있어요. 국방의 의무 모든 국민은 나라를 지킬 의무가 있어요.",
      "srcPage": 6,
      "srcSentenceEA": 3,
      "srcWordEA": 35,
      "character": "시설,국민,나라",
      "setting": "일정 기간 동안",
      "action": "환경 오염을 방지할,설치하거나,분리수거를 해야,교육을 받을,나라를 지킬",
      "feeling": null,
      "causalRelationship": null,
      "outcomeResolution": null,
      "prediction": null,
      "plotSummaryInfoCount": 1,
      "plotSummaryInfo": {
        "classification": "사회관계",
        "readAge": "초등_저학년",
        "form": "short-form",
        "plotSummaryText": "환경 보전의 의무는 환경 오염을 방지할 시설을 설치하거나 분리수거해야 할 의무이고 또 국민은 기본적인 교육을 받을 의무가 있으며, 모든 국민은 나라를 지킬 국방의 의무가 있습니다.",
        "textWordEA": 25
      }
    }
  ]
}