{
  "title": "월트 디즈니",
  "author": "이미애",
  "illustrator": "김민지",
  "isbn": "9791155395899",
  "publishedYear": 2016,
  "publisher": "(도서출판)때올비",
  "paragraphInfoCount": 20,
  "paragraphInfo": [
    {
      "srcTextID": "140567",
      "srcText": "“월트, 닭 모이 좀 가지고 오너라.” 아버지가 소리쳤지만 월트는 듣지 못했어요. 새로 칠한 창고 벽에 뭔가를 그리느라 정신이 없었거든요. “다 됐다. 이제 꼬리를 그려야지!” 얼마나 오랫동안 그림을 그렸을까요? 넓은 벽에는 월트의 키 높이를 따라 빙 둘러 돼지들이 그려졌어요. “이 못된 녀석! 이게 무슨 짓이냐?” 월트는 깜짝 놀라 엉덩방아를 찧고 말았어요. 언제 왔는지 아버지가 뒤에 서 있었거든요. 그런데 그림을 둘러보던 아버지는 깜짝 놀랐어요. “세상에! 돼지가 꼭 살아 있는 것 같구나!” 혼이 날까 봐 조마조마해하던 월트는 안도의 한숨을 내쉬었어요.",
      "srcPage": 1,
      "srcSentenceEA": 14,
      "srcWordEA": 88,
      "character": "월트,닭,아버지,돼지,녀석,꼬리",
      "setting": "넓은 벽,창고",
      "action": "가지고 오너라,소리쳤지만,칠한,리느라,꼬리를 그려야지,그림을 그렸을까요,그려졌어요,엉덩방아를 찧고 말았어요,뒤에 서 있었거든요,그림을 둘러보던,한숨을 내쉬었어요",
      "feeling": "못된,놀라,놀랐어요",
      "causalRelationship": null,
      "outcomeResolution": null,
      "prediction": null,
      "plotSummaryInfoCount": 1,
      "plotSummaryInfo": {
        "classification": "사회관계",
        "readAge": "초등_저학년",
        "form": "long-form",
        "plotSummaryText": "월트는 새로 칠한 창고 넓은 벽에 키 높이를 따라 빙 둘러 돼지들이 그렸고, 아버지는 돼지가 꼭 살아있는 것 같다며 월트의 그림을 보고 깜짝 놀랐습니다.",
        "textWordEA": 24
      }
    },
    {
      "srcTextID": "140571",
      "srcText": "“그림을 잘 그리려면 다른 공부도 해 둬야겠어.” 월트는 그림 공부뿐 아니라 다른 과목들도 열심히 공부했어요. 얼마 뒤, 아버지가 시카고의 과자 공장에서 일하게 되자 월트는 아버지를 도와 과자 공장에서 일을 하며 학교에 다녔어요. 틈틈이 우체국과 기차역에서도 일했답니다. “월트, 아까는 우체국에서 일하더니 어느새 철도 안내원 옷으로 갈아입었구나. 정말 부지런하단 말이야!” 사람들은 월트를 볼 때마다 격려의 말을 아끼지 않았어요.",
      "srcPage": 5,
      "srcSentenceEA": 7,
      "srcWordEA": 61,
      "character": "월트,아버지,철도 안내원,사람",
      "setting": "시카고,과자 공장,학교,우체국,기차역,얼마 뒤",
      "action": "그림을 잘 그리려면,열심히 공부했어요,일하게 되자,일을 하며,다녔어요,일했답니다,일하더니,갈아입었구나",
      "feeling": null,
      "causalRelationship": null,
      "outcomeResolution": null,
      "prediction": null,
      "plotSummaryInfoCount": 1,
      "plotSummaryInfo": {
        "classification": "사회관계",
        "readAge": "초등_저학년",
        "form": "long-form",
        "plotSummaryText": "월트는 그림 공부뿐 아니라 다른 과목들도 열심히 공부했고, 얼마 뒤, 아버지가 시카고의 과자 공장에서 일하게 되자 월트는 아버지를 도와 과자 공장에서 일을 하며 학교에 다녔고, 틈틈이 우체국과 기차역에서도 일했습니다.",
        "textWordEA": 29
      }
    },
    {
      "srcTextID": "140572",
      "srcText": "그 무렵, 유럽에서는 제1차 세계 대전이 한창이었어요. 미국의 많은 젊은이가 자원해 유럽으로 떠났어요. 월트의 두 형도 군인이 되어 전쟁터로 갔지요. 어느 날, 친구가 우체국으로 뛰어 들어오며 소리쳤어요. “월트, 적십자 구호 부대를 만드는데 우리 같은 소년도 받아 준대!” “그래? 나도 형들처럼 나라를 위해 싸울 테야!” 아버지가 반대했지만 월트는 나이를 속이고 적십자 구호 부대에 들어갔어요. 월트가 훈련소에서 훈련을 받는 사이 연합군의 승리로 긴 전쟁이 끝났어요. 하지만 전쟁을 치른 나라들은 모두 잿더미가 되었지요.",
      "srcPage": 6,
      "srcSentenceEA": 9,
      "srcWordEA": 77,
      "character": "젊은이,월트,형,군인,친구,소년,아버지,연합군",
      "setting": "유럽,제1차 세계 대전,미국,전쟁터,우체국,나라,훈련소",
      "action": "떠났어요,갔지요,뛰어 들어오며 소리쳤어요,만드는데,싸울 테야,들어갔어요",
      "feeling": null,
      "causalRelationship": null,
      "outcomeResolution": null,
      "prediction": null,
      "plotSummaryInfoCount": 1,
      "plotSummaryInfo": {
        "classification": "사회관계",
        "readAge": "초등_저학년",
        "form": "long-form",
        "plotSummaryText": "그 무렵, 유럽에서는 제1차 세계 대전이 한창이었고 월트의 두 형도 군인이 되어 전쟁터로 갔으며 월트도 나이를 속이고 적십자 구호 부대에 들어 갔고, 월트가 훈련소에서 훈련을 받는 사이 연합군의 승리로 긴 전쟁이 끝났지만 전쟁을 치른 나라들은 모두 잿더미가 되었습니다.",
        "textWordEA": 38
      }
    },
    {
      "srcTextID": "140575",
      "srcText": "월트는 새로 들어온 에이브와 형제처럼 친하게 지냈어요. 그즈음 월트는 움직이는 만화에 푹 빠져 있었어요. 그래서 직접 만드는 방법을 익혔지요. “에이브, 난 직접 만화 영화를 만들고 싶어!” 월트는 에이브와 함께 빈 창고를 빌려 촬영소를 만들었답니다. 광고 회사 일이 끝나자마자 둘은 촬영소로 달려갔어요. 그러고는 땀을 뻘뻘 흘리면서 밤새워 만화 영화를 만들었어요.",
      "srcPage": 9,
      "srcSentenceEA": 7,
      "srcWordEA": 54,
      "character": "월트,에이브,형제,땀",
      "setting": "창고,촬영소,광고 회사,밤",
      "action": "만드는,만들고 싶어,만들었답니다,달려갔어요,땀을 뻘뻘 흘리면서,만들었어요",
      "feeling": null,
      "causalRelationship": null,
      "outcomeResolution": null,
      "prediction": null,
      "plotSummaryInfoCount": 1,
      "plotSummaryInfo": {
        "classification": "사회관계",
        "readAge": "초등_저학년",
        "form": "long-form",
        "plotSummaryText": "월트는 새로 들어온 에이브와 형제처럼 친하게 지냈는데 월트는 움직이는 만화에 푹 빠져 직접 만드는 방법을 익혔고 직접 만들고 싶어 하여 에이브와 함께 창고를 빌려 촬영소를 만들고는 광고 회사 일이 끝나자마자 달려가 밤새워 만화 영화를 만들었습니다.",
        "textWordEA": 35
      }
    },
    {
      "srcTextID": "140579",
      "srcText": "월트는 좀 더 넓은 곳으로 가고 싶어 영화의 본고장 할리우드로 갔어요. 하지만 금세 빈털터리가 되고 말았지요. 만화 영화를 알리는 게 쉽지 않았거든요. 다행히 앨리스가 뒤늦게 좋은 반응을 얻어 만화 영화를 계속 만들 수 있었어요. 그런데 토끼 오스 왈드를 만들 때였어요. 누군가 월트의 작품을 베껴서 먼저 영화를 만들었어요. “세상에! 이럴 수가.” 월트는 한숨을 내쉬었어요. 그때 생쥐 한 마리가 다가와 월트를 말똥말똥 쳐다보았어요. “배가 고픈 거로구나.” 월트는 생쥐에게 먹던 빵을 나눠 주었어요. 그러다 문득 좋은 생각이 떠올랐어요. “그래, 생쥐를 주인공으로 해서 만화 영화를 만드는 거야!”",
      "srcPage": 13,
      "srcSentenceEA": 13,
      "srcWordEA": 93,
      "character": "월트,앨리스,주인공,생쥐,빵",
      "setting": "할리우드,세상",
      "action": "가고,갔어요,만들 수 있었어요,만들 때였어요,만들었어요,한숨을 내쉬었어요,다가와,먹던 빵을 나눠 주었어요,만드는 거야",
      "feeling": null,
      "causalRelationship": null,
      "outcomeResolution": null,
      "prediction": null,
      "plotSummaryInfoCount": 1,
      "plotSummaryInfo": {
        "classification": "사회관계",
        "readAge": "초등_저학년",
        "form": "long-form",
        "plotSummaryText": "월트는 영화의 본고장 할리우드로 갔지만 만화 영화를 알리는 게 쉽지 않아 금세 빈털터리가 되고 말았고, 월트가 한숨을 내쉬고 있을 때 생쥐 한 마리가 보여 문득 생쥐를 주인공으로 하는 만화 영화가 떠올랐습니다.",
        "textWordEA": 31
      }
    },
    {
      "srcTextID": "140584",
      "srcText": "“제발 몸을 좀 돌보세요. 쉬엄쉬엄 일하시고요.” 월트는 주위 사람들의 걱정에도 아랑곳하지 않고 일만 했어요. 그러다가 덜컥 병이 나고 말았지요. “당장 수술해서 폐를 잘라 내야 합니다.” 길고 힘든 수술이었지만 월트는 견뎌 냈어요. ‘아이들과 함께 놀아 주는 로봇을 꼭 만들어야 하는데.’ 월트는 병석에 누워서도 아이들 생각뿐이었지요. 하지만 안타깝게도 병은 쉽게 낫지 않았어요. 예순다섯 살의 겨울이 월트에게는 마지막 겨울이 되고 말았답니다. 비록 로봇의 꿈을 남긴 채 눈을 감았지만 사람들은 잊지 않고 월트의 뜻을 이어 가고 있어요. 세상 모든 어린이가 구김살 없이 밝게 웃을 수 있는 행복한 세상을 꿈꾸면서 말이에요.",
      "srcPage": 18,
      "srcSentenceEA": 12,
      "srcWordEA": 96,
      "character": "월트,사람,아이,어린이,몸,폐",
      "setting": "겨울,세상",
      "action": "일하시고요,일만 했어요,놀아 주는,만들어야 하는데,눈을 감았지만",
      "feeling": "행복한",
      "causalRelationship": null,
      "outcomeResolution": null,
      "prediction": null,
      "plotSummaryInfoCount": 1,
      "plotSummaryInfo": {
        "classification": "사회관계",
        "readAge": "초등_저학년",
        "form": "long-form",
        "plotSummaryText": "월트는 주위 사람들의 걱정에도 아랑곳하지 않고 일만 하다가 병이 나고 말았는데 당장 폐를 잘라내야 하는 힘든 수술이지만 월트는 아이들 생각뿐이었으며, 안타깝게도 병은 쉽게 낫지 않아 예순다섯 살에 눈을 감았고, 사람들은 잊지 않고 세상 모든 어린이가 밝게 웃을 수 있는 행복한 세상을 꿈꾸는 월트의 뜻을 이어 가고 있습니다.",
        "textWordEA": 47
      }
    },
    {
      "srcTextID": "140586",
      "srcText": "월트는 어린이뿐만 아니라 어른들을 위한 오락물의 창조자예요. 또 세계에서 가장 성공한 사업가이기도 하고요. 그러나 나중에는 월트와 그의 작품에 대해 예측하지 못한 다양한 평가가 나오기도 했어요. 심지어 월트를 싫어하는 사람도 생겼지요. 교육자들은 그의 만화 영화에 자주 등장하는 폭력성과 잔인함을 들어 월트를 공격했고, 디즈니랜드를 ‘오락물 슈퍼마켓’이라고 부르기도 했답니다. 그러나 죽기 전에 캘리포니아 주 발렌시아에 캘리포니아 미술 연구소를 만드는 데 크게 기여한 월트는 다른 사람들이 무슨 말을 하든 절대 흔들리지 않았어요. 언젠가 월트는 자신의 만화 영화와 디즈니랜드에 관해 “나는 예술을 한다고 말한 적이 없다. 이것은 사업이며 나는 사업가일 뿐이다.”라고 말했어요. 어른들이 월트를 어떻게 생각하고 있든 월트는 전 세계 모든 어린이에게 꿈과 희망을 심어 주었고, 만화 영화를 만든 아버지로서 어린이들의 사랑을 듬뿍 받고 있어요. 지금도 월트가 만든 만화 영화는 단 하루도 쉬지 않고 세계 여러 곳에서 어린이들과 만나고 있답니다.",
      "srcPage": 20,
      "srcSentenceEA": 13,
      "srcWordEA": 136,
      "character": "월트,어린이,어른,창조자,사업가,교육자,아버지",
      "setting": "세계,캘리포니아 주 발렌시아,캘리포니아 미술 연구소",
      "action": "만드는,말했어요,만나고 있답니다",
      "feeling": "싫어하는",
      "causalRelationship": null,
      "outcomeResolution": null,
      "prediction": null,
      "plotSummaryInfoCount": 1,
      "plotSummaryInfo": {
        "classification": "사회관계",
        "readAge": "초등_저학년",
        "form": "long-form",
        "plotSummaryText": "월트는 어린이뿐만 아니라 어른들을 위한 오락물의 창조자이기도 하고 세계에서 가장 성공한 사업가이자 전 세계 모든 어린이에게 꿈과 희망을 심어 준 만화 영화를 만든 아버지로서 어린이들의 사랑을 듬뿍 받고 있습니다.",
        "textWordEA": 29
      }
    },
    {
      "srcTextID": "140573",
      "srcText": "월트는 구호 부대에 뽑혀 다친 사람들을 치료하고 무너진 마을을 세우기 위해 프랑스로 떠났어요. 월트는 군인 매점에서 일하게 되었는데, 그곳에서도 열심히 그림을 그렸어요. 월트가 그린 포스터를 본 군인들이 줄을 섰어요. 그러자 소문을 듣고 크래커라는 사업가가 월트를 찾아왔어요. “월트, 독일군 철모를 구해 줄 테니 기념품으로 만들어 보지 않겠나?” 월트는 흔쾌히 승낙했어요. ‘어떻게 하면 멋진 기념품이 될까?’ 고민하던 끝에 월트는 철모를 땅에 문질러 흠집을 내고 군데군데 페인트 칠을 해서 낡은 것처럼 만들었어요. “멋져! 자네가 손질한 철모 기념품이 날개 돋친 듯 팔린다네.” 철모 기념품 덕분에 월트는 꽤 많은 돈을 벌었어요.",
      "srcPage": 7,
      "srcSentenceEA": 10,
      "srcWordEA": 94,
      "character": "월트,사람,군인,크래커,사업가,독일군",
      "setting": "마을,프랑스",
      "action": "치료하고,세우기,떠났어요,일하게 되었는데,그림을 그렸어요,그린,줄을 섰어요,찾아왔어요,만들어 보지 않겠나,땅에 문질러,흠집을 내고,페인트 칠을 해서,만들었어요",
      "feeling": null,
      "causalRelationship": null,
      "outcomeResolution": null,
      "prediction": null,
      "plotSummaryInfoCount": 1,
      "plotSummaryInfo": {
        "classification": "사회관계",
        "readAge": "초등_저학년",
        "form": "long-form",
        "plotSummaryText": "월트는 구호 부대에 뽑혀 프랑스로 떠났고, 군인 매점에서 일하며 열심히 그림을 그렸는데 월트가 그린 포스터를 본 군인들이 줄을 설 정도로 소문이 나자 크래커라는 사업가가 월트를 찾아와 독일군 철모로 기념품을 만들어달라고 하였고, 월트는 땅에 문질러 흠집을 내고 페이트칠을 해서 낡은 것처럼 만들었는데 이 철모 기념품 덕분에 월트는 꽤 많은 돈을 벌었습니다.",
        "textWordEA": 50
      }
    },
    {
      "srcTextID": "140577",
      "srcText": "“월트, 정말 대단해요! 자막을 따라 읽는 사람이 한 사람도 없었어요.” 뉴맨 극장 주인은 기뻐하며 월트에게 계속 일을 맡겼어요. 월트의 소문은 금세 온 도시에 퍼졌어요. 너도나도 월트에게 만화 영화를 만들어 달라고 찾아왔지요. 월트는 넓은 곳으로 촬영소를 옮겼어요. 카메라도 새것으로 장만했고요. 월트는 직접 만화 영화 회사를 차려야겠다고 생각했어요. “월트, 자네가 회사를 차린다면 기꺼이 돈을 빌려 주겠네.” 사람들은 월트를 믿고 선뜻 돈을 빌려 주었어요. 드디어 러프 오 그램 만화 영화 회사가 탄생했어요. 직원은 월트와 에이브, 세 명의 조수가 전부였지만 일감은 쉬지 않고 밀려들었어요.",
      "srcPage": 11,
      "srcSentenceEA": 12,
      "srcWordEA": 90,
      "character": "월트,사람,주인,에이브,조수,러프 오 그램 만화 영화 회사",
      "setting": "뉴맨 극장,도시,촬영소,만화 영화 회사",
      "action": "따라 읽는,만들어 달라고,찾아왔지요,옮겼어요,탄생했어요",
      "feeling": "기뻐하며",
      "causalRelationship": null,
      "outcomeResolution": null,
      "prediction": null,
      "plotSummaryInfoCount": 1,
      "plotSummaryInfo": {
        "classification": "사회관계",
        "readAge": "초등_저학년",
        "form": "long-form",
        "plotSummaryText": "뉴맨 극장 주인은 기뻐하며 월트에게 계속 일을 맡겼고, 소문은 금세 온 도시에 퍼져 너도나도 월트에게 만화 영화를 만들어 달라고 찾아와 촬영소를 넓은 곳으로 옮겼지만 월트는 만화 영화 회사를 차려야겠다고 생각했고, 사람들이 선뜻 돈을 빌려주어서 러프 오 그램 만화 영화 회사가 탄생했습니다.",
        "textWordEA": 41
      }
    },
    {
      "srcTextID": "140585",
      "srcText": "못다 한 이야기. 만화 영화의 선구자 월트 디즈니. 월트 디즈니는 만화 영화의 선구자로 미키 마우스와 도널드 덕 같은 만화 주인공들을 만들어 냈어요. 또 세계의 모든 어린이가 누구나 한 번쯤 가 보고 싶어 하는 꿈의 동산 디즈니랜드를 만들었지요. 1955년 로스앤젤레스 부근에 디즈니랜드를 개장했고, 플로리다 주 올랜도 부근에 제2의 유원지 월트 디즈니월드 건설 작업에 착공했어요. 월트 디즈니월드는 월트가 세상을 떠난 뒤 1973년에 개장해서 지금껏 전 세계 어린이들에게 큰 사랑을 받고 있답니다. 상상력과 창의력, 순발력 있는 유머 감각, 대중이 좋아하는 것을 척척 알아내는 재능을 지닌 월트는 전 세계의 모든 어린이에게 널리 사랑받는 만화 영화를 만들어 냈어요.",
      "srcPage": 19,
      "srcSentenceEA": 7,
      "srcWordEA": 99,
      "character": "선구자,월트 디즈니,미키 마우스,도널드 덕,만화 주인공,어린이,대중",
      "setting": "세계,디즈니랜드,로스앤젤레스,플로리다 주 올랜도,유원지,세상,1955년,1973년에",
      "action": "만들어 냈어요,가 보고,만들었지요,떠난 뒤",
      "feeling": "좋아하는",
      "causalRelationship": null,
      "outcomeResolution": "상상력과 창의력,순발력 있는 유머 감각,대중이 좋아하는 것을 척척 알아내는 재능을 지닌 월트는 전 세계의 모든 어린이에게 널리 사랑받는 만화 영화를 만들어 냈어요.",
      "prediction": null,
      "plotSummaryInfoCount": 1,
      "plotSummaryInfo": {
        "classification": "사회관계",
        "readAge": "초등_저학년",
        "form": "long-form",
        "plotSummaryText": "월트 디즈니는 만화 영화의 선구자로 미키 마우스와 도널드 덕 같은 만화 주인공들을 만들어 냈고, 또 세계의 모든 어린이가 누구나 한 번쯤 가 보고 싶어 하는 꿈의 동산 디즈니랜드를 만들어 냈으며 상상력과 창의력, 순발력 있는 유머 감각, 대중이 좋아하는 것을 척척 알아내는 재능을 지닌 월트는 전 세계의 모든 어린이에게 널리 사랑받는 만화 영화를 만들어 냈습니다.",
        "textWordEA": 54
      }
    },
    {
      "srcTextID": "140570",
      "srcText": "월트는 신문에 나온 만화를 따라 그리면서 만화가의 꿈을 키웠어요. 그러던 어느 날, 월트는 빼곡하게 만화를 그려 넣은 스케치북을 펼쳐 보이며 말했어요. “아버지, 전 만화가가 되고 싶어요.” “그래, 열심히 해 보려무나.” 아버지는 월트를 미술 학교에 보내 주었어요.",
      "srcPage": 4,
      "srcSentenceEA": 5,
      "srcWordEA": 38,
      "character": "월트,만화가,아버지,스케치북",
      "setting": "어느 날,미술 학교",
      "action": "따라 그리면서,펼쳐 보이며 말했어요,보내 주었어요",
      "feeling": null,
      "causalRelationship": null,
      "outcomeResolution": null,
      "prediction": null,
      "plotSummaryInfoCount": 1,
      "plotSummaryInfo": {
        "classification": "사회관계",
        "readAge": "초등_저학년",
        "form": "long-form",
        "plotSummaryText": "월트는 신문에 나온 만화를 따라 그리면서 만화가의 꿈을 키우던 어느 날, 만화를 그려 넣은 스케치북을 펼쳐 보이며 아버지에게 만화가가 되고 싶다고 말했고, 아버지는 월트를 미술 학교에 보내 주었습니다.",
        "textWordEA": 28
      }
    },
    {
      "srcTextID": "140574",
      "srcText": "월트는 그림 그리는 일을 하고 싶어 켄자스로 떠났어요. 하지만 일자리를 찾기가 쉽지 않았지요. 그러던 어느 날, 신문 귀퉁이에서 반가운 광고를 발견했어요. “켄자스 광고 회사, 만화가 구함! 바로 이거야!” 월트는 부리나케 광고 회사로 달려갔어요. “오, 그림 솜씨가 제법이군!” 광고 회사 사장은 월트의 스케치북을 보고 단번에 일을 맡겼어요. 월트는 신이 나서 열심히 일했어요. 바탕이 되는 밑그림을 그리고 종이 인형을 만들었지요. 그런 다음 인형을 오려 움직이며 하나씩 필름으로 찍었어요. 그러자 만화가 움직였어요. “이야! 만화가 정말 움직이네!” 월트는 즐거워서 콧노래를 불렀답니다.",
      "srcPage": 8,
      "srcSentenceEA": 14,
      "srcWordEA": 88,
      "character": "월트,만화가,광고 회사 사장",
      "setting": "켄자스,어느 날,켄자스 광고 회사",
      "action": "그림 그리는,떠났어요,발견했어요,달려갔어요,보고,열심히 일했어요,만들었지요,오려,찍었어요,움직였어요,콧노래를 불렀답니다",
      "feeling": "신이 나서,즐거워서",
      "causalRelationship": "인형을 오려 움직이며 하나씩 필름으로 찍었어요,그러자 만화가 움직였어요.",
      "outcomeResolution": null,
      "prediction": null,
      "plotSummaryInfoCount": 1,
      "plotSummaryInfo": {
        "classification": "사회관계",
        "readAge": "초등_저학년",
        "form": "long-form",
        "plotSummaryText": "월트는 그림 그리는 일을 하고 싶어 켄자스로 떠났지만 일자리를 찾기가 쉽지 않던 어느 날, 신문 귀퉁이에 만화가를 구한다는 광고를 발견하고 회사로 달려갔는데 사장은 월트의 스케치북을 보고 단번에 일을 맡겼고, 월트는 움직이는 만화를 만들면서 즐거워했습니다.",
        "textWordEA": 34
      }
    },
    {
      "srcTextID": "140578",
      "srcText": "하지만 모든 게 순조롭지는 않았어요. 영화 배급 회사가 망하는 바람에 월트는 눈물을 머금고 회사 문을 닫아야 했어요. 다시 가난한 시절로 돌아가고 만 거지요. 월트는 돌멩이처럼 딱딱한 빵을 씹으면서 생각했어요. ‘어떻게 하면 다시 만화 영화를 만들 수 있을까?’ 그때 전화벨이 요란하게 울렸어요. “어린이들에게 양치질하는 방법을 재미있게 가르쳐 주는 만화 영화를 만들어 주세요. 지금 바로 치과 대학교로 오실 수 있나요?” “지금 당장이라고요? 그런데 저, 구둣방에 맡긴 구두를 찾지 못해서.” 우물쭈물하는 사이 전화가 끊겼어요. 그런데 잠시 뒤 맥그램 교수가 월트의 구두를 찾아 들고 나타난 거예요! 그렇게 만든 영화가 토미 카터의 이랍니다. 토미 카터의 이를 보면 아이들은 물론 어른들까지도 이를 닦고 싶어졌지요.",
      "srcPage": 12,
      "srcSentenceEA": 14,
      "srcWordEA": 109,
      "character": "월트,어린이,맥그램 교수,토미 카터,아이,어른,빵,돌멩이,구두",
      "setting": "영화 배급 회사,회사,치과 대학교,구둣방",
      "action": "닫아야 했어요,빵을 씹으면서,만들 수 있을까,가르쳐 주는,만들어 주세요,오실 수 있나요,찾아 들고 나타난 거예요,만든,이를 닦고 싶어졌지요",
      "feeling": "재미있게",
      "causalRelationship": null,
      "outcomeResolution": null,
      "prediction": null,
      "plotSummaryInfoCount": 1,
      "plotSummaryInfo": {
        "classification": "사회관계",
        "readAge": "초등_저학년",
        "form": "long-form",
        "plotSummaryText": "영화 배급 회사가 망하는 바람에 월트는 회사 문을 닫아야 했고 다시 가난한 시절로 돌아간 월트가 어떻게 하면 다시 만화 영화를 만들 수 있을까 생각하고 있을 때 치과 대학교 맥그램 교수에게 전화가 와 어린이들에게 양치질하는 방법을 재미있게 가르쳐 주는 만화 영화를 만들어 달라고 했고, 그렇게 만든 영화가 토미 카터의 이입니다.",
        "textWordEA": 49
      }
    },
    {
      "srcTextID": "140568",
      "srcText": "토끼 굴속으로 들어간 이상한 나라의 앨리스, 사랑스러운 생쥐 미키 마우스, 세상에서 가장 예쁜 백설공주, 재투성이 아가씨 신데렐라, 거짓말을 하면 코가 쑥쑥 길어지는 피노키오. 보면 볼수록 재미있는 만화 영화지요. 월트는 어린 시절 시골에서 살았어요. 다람쥐며 토끼를 쫓아 산과 숲을 뛰어다녔지요. 월트와 함께 뒹굴며 놀았던 오리, 토끼, 개, 다람쥐 들은 나중에 만화 영화 속에서 생생하게 되살아났어요. 어머니는 틈만 나면 담벼락에 동물을 그려 대는 월트에게 말했어요. “월트야, 닭을 잘 돌보면 물감을 사 주마.” 물감이라는 말에 월트는 때 맞춰 모이도 주고 냄새나는 닭장도 깨끗이 치웠답니다.",
      "srcPage": 2,
      "srcSentenceEA": 8,
      "srcWordEA": 87,
      "character": "앨리스,생쥐,미키 마우스,백설공주,재투성이,아가씨,신데렐라,피노키오,월트,어머니",
      "setting": "나라,세상,토끼 굴속,어린 시절,시골,산,숲,담벼락",
      "action": "들어간,쑥쑥 길어지는,쫓아,뛰어다녔지요,뒹굴며 놀았던,그려 대는,말했어요,돌보면,모이도 주고,깨끗이 치웠답니다",
      "feeling": "사랑스러운,예쁜,재미있는",
      "causalRelationship": "윌트야,닭을 잘 돌보면 물감을 사 주마,물감이라는 말에 월트는 때 맞춰 모이도 주고 냄새나는 닭장도 깨끗이 치웠답니다.",
      "outcomeResolution": null,
      "prediction": null,
      "plotSummaryInfoCount": 1,
      "plotSummaryInfo": {
        "classification": "사회관계",
        "readAge": "초등_저학년",
        "form": "long-form",
        "plotSummaryText": "월트는 어린 시절 시골에서 살았는데 나중에 만화 영화 속에서 생생하게 되살아 난 오리, 토끼, 개, 다람쥐들과 함께 뒹굴고 놀았고, 어머니가 틈만 나면 담벼락에 동물을 그려 대는 월트에게 닭을 잘 돌보면 물감을 사주겠다고 말하자 월트는 때맞춰 모이도 주고 냄새나는 닭장도 깨끗이 치웠습니다.",
        "textWordEA": 41
      }
    },
    {
      "srcTextID": "140569",
      "srcText": "어느 날, 월트는 작대기로 마당에다 그림을 그리고 있었어요. 뒤에서 가만히 지켜보던 의사 선생님이 종이와 물감을 주며 말했어요. “월트, 나에게 말 그림을 그려 주지 않겠니?” 월트는 신이 나서 말을 그렸지요. 말은 금방이라도 ‘히잉!’ 하고 발길질을 할 것 같았어요. “정말 마음에 드는구나. 이건 그림값이다.” 월트는 의사 선생님에게 난생 처음 그림값을 받았어요. 월트 가족은 심한 가뭄으로 농사를 망치자 캔자스로 이사를 했어요. 그곳에서 작은 신문 보급소를 차려 온 가족이 함께 일했지요. 월트도 새벽같이 일어나 신문을 배달했어요. “신문이오, 신문!” 눈이 오나 비가 오나 월트는 단 하루도 빠뜨리지 않고 신문을 돌렸답니다.",
      "srcPage": 3,
      "srcSentenceEA": 14,
      "srcWordEA": 95,
      "character": "월트,의사 선생님,가족,작대기,물감",
      "setting": "어느 날,마당,캔자스,신문 보급소,새벽",
      "action": "그림을 그리고 있었어요,뒤에서 가만히 지켜보던,주며 말했어요,그려 주지 않겠니,그림값을 받았어요,이사를 했어요,일했지요,신문을 배달했어요,일어나,신문을 돌렸답니다",
      "feeling": "신이 나서",
      "causalRelationship": null,
      "outcomeResolution": null,
      "prediction": null,
      "plotSummaryInfoCount": 1,
      "plotSummaryInfo": {
        "classification": "사회관계",
        "readAge": "초등_저학년",
        "form": "long-form",
        "plotSummaryText": "어느 날, 의사 선생님이 종이와 물감을 주며 월트에게 말을 그려달라고 했고, 월트의 그림이 맘에 든다며 돈을 주었는데 그 돈이 난생처음 받은 그림값이었으며, 월트 가족은 가뭄으로 농사를 망치자 캔자스로 이사해 그곳에서 작은 신문 보급소를 차려 온 가족이 함께 일했는데, 월트는 단 하루도 빠뜨리지 않고 신문을 돌렸습니다.",
        "textWordEA": 45
      }
    },
    {
      "srcTextID": "140580",
      "srcText": "월트와 에이브는 미키 마우스를 만들기 시작했어요. ‘미키 마우스가 소리를 내게 할 수는 없을까?’ 월트는 자신의 목소리로 미키 마우스의 목소리를 만들었어요. 미키 마우스는 대성공이었어요. 사람들은 귀여운 미키 마우스를 보려고 줄을 길게 늘어섰어요.",
      "srcPage": 14,
      "srcSentenceEA": 5,
      "srcWordEA": 35,
      "character": "월트,에이브,미키 마우스,사람",
      "setting": null,
      "action": "만들기 시작했어요,만들었어요,줄을 길게 늘어섰어요",
      "feeling": "귀여운",
      "causalRelationship": null,
      "outcomeResolution": null,
      "prediction": null,
      "plotSummaryInfoCount": 1,
      "plotSummaryInfo": {
        "classification": "사회관계",
        "readAge": "초등_저학년",
        "form": "long-form",
        "plotSummaryText": "월트와 에이브는 미키 마우스를 만들기 시작했는데 자신의 목소리로 미키 마우스의 목소리를 만들었고, 사람들이 귀여운 미키 마우스를 보려고 줄을 길게 설 정도로 대성공이었습니다.",
        "textWordEA": 22
      }
    },
    {
      "srcTextID": "140581",
      "srcText": "월트는 미키 마우스로 아카데미상을 받았어요. “이제 색깔이 들어 있는 영화를 만들어야겠어!” 월트는 검은색과 흰색만 나오는 흑백 영화 시절에 알록달록한 컬러 영화를 만들어 냈어요. 또 만화 주인공들이 음악에 맞춰 신나게 움직이는 새로운 영화도 만들었지요.",
      "srcPage": 15,
      "srcSentenceEA": 4,
      "srcWordEA": 35,
      "character": "월트,미키 마우스,만화 주인공",
      "setting": null,
      "action": "받았어요,만들어야겠어,만들어 냈어요,움직이는,만들었지요",
      "feeling": "신나게",
      "causalRelationship": null,
      "outcomeResolution": null,
      "prediction": null,
      "plotSummaryInfoCount": 1,
      "plotSummaryInfo": {
        "classification": "사회관계",
        "readAge": "초등_저학년",
        "form": "long-form",
        "plotSummaryText": "월트는 미키 마우스로 아카데미상을 받았고, 월트는 흑백 영화 시절에 알록달록한 컬러 영화를 만들어 냈고 또 만화 주인공들이 음악에 맞춰 신나게 움직이는 새로운 영화도 만들었습니다.",
        "textWordEA": 24
      }
    },
    {
      "srcTextID": "140582",
      "srcText": "월트의 만화 영화는 사람들에게 사랑을 듬뿍 받았어요. 그 덕분에 월트는 어마어마한 부자가 되었지요. 하지만 마음속에는 늘 아쉬움이 남아 있었어요. ‘아이들이 마음 놓고 뛰어놀 수 있는 어린이 왕국이 있다면 얼마나 좋을까?’ 월트는 할리우드에서 50킬로미터쯤 떨어진 애너하임에 넓은 땅을 샀어요.",
      "srcPage": 16,
      "srcSentenceEA": 5,
      "srcWordEA": 42,
      "character": "월트,사람,부자,아이",
      "setting": "어린이 왕국,할리우드,애너하임,땅",
      "action": "뛰어놀 수 있는,샀어요",
      "feeling": null,
      "causalRelationship": null,
      "outcomeResolution": null,
      "prediction": "월트는 할리우드에서 50킬로미터쯤 떨어진 애너하임에 넓은 땅을 샀어요.",
      "plotSummaryInfoCount": 1,
      "plotSummaryInfo": {
        "classification": "사회관계",
        "readAge": "초등_저학년",
        "form": "long-form",
        "plotSummaryText": "월트의 만화 영화는 사람들에게 사랑을 듬뿍 받아 부자가 되었지만 마음속에는 아이들이 마음 놓고 뛰어놀 수 있는 어린이 왕국이 있다면 얼마나 좋을까 하는 아쉬움이 있었고, 월트는 할리우드에서 50킬로미터쯤 떨어진 애너하임에 넓은 땅을 샀습니다.",
        "textWordEA": 32
      }
    },
    {
      "srcTextID": "140583",
      "srcText": "‘코로 ‘뿌우우’ 물을 뿜는 코끼리 인형은 어떨까? 그래, 무시무시한 해골 바위도 세우자. 밤마다 불꽃을 터뜨리고, 강물에는 하마가 입을 ‘쩍’ 벌리고 있는 거야. 그 위로 유람선이 지나게 해야지!’ 월트는 ‘디즈니랜드’에다 온갖 신기한 것들을 만들어 세웠어요. “우아! 꼭 만화 영화 속으로 들어온 것 같아요!” 어린이들은 디즈니랜드에서 마음껏 뛰어놀며 행복해했어요.",
      "srcPage": 17,
      "srcSentenceEA": 10,
      "srcWordEA": 56,
      "character": "코끼리 인형,하마,월트,디즈니랜드,어린이",
      "setting": "밤,강물",
      "action": "세우자,지나게 해야지,만들어 세웠어요,들어온 것 같아요,뛰어놀며",
      "feeling": "행복해했어요",
      "causalRelationship": null,
      "outcomeResolution": null,
      "prediction": null,
      "plotSummaryInfoCount": 1,
      "plotSummaryInfo": {
        "classification": "사회관계",
        "readAge": "초등_저학년",
        "form": "long-form",
        "plotSummaryText": "물을 뿜는 코끼리 인형과 무시무시한 해골 바위도 세우고, 밤마다 불꽃을 터뜨리고, 강물에는 입을 벌린 하마가 있고, 그 위로 유람선이 지나게 해야겠다며 월트는 디즈니랜드에 신기한 것들을 만들어 세웠고, 어린이들은 꼭 만화 영화 속으로 들어온 것 같다며 마음껏 뛰어놀며 행복해했습니다.",
        "textWordEA": 38
      }
    },
    {
      "srcTextID": "140576",
      "srcText": "어느 날, 뉴맨 극장 주인이 월트를 찾아왔어요. “영화를 보면서 자막을 따라 읽는 사람들 때문에 너무 시끄러워요. 사람들의 입을 꾹 다물게 할 만화 영화를 만들어 주세요.” 월트는 궁리 끝에 땅딸보 아저씨를 만들었어요. 자막을 따라 읽는 사람들을 극장 밖으로 날려 버리는 내용이었지요. 땅딸보 아저씨는 대성공이었어요.",
      "srcPage": 10,
      "srcSentenceEA": 6,
      "srcWordEA": 47,
      "character": "주인,월트,사람,땅딸보 아저씨",
      "setting": "뉴맨 극장,극장 밖,어느 날",
      "action": "찾아왔어요,따라 읽는,입을 꾹 다물게 할,만들어 주세요,만들었어요",
      "feeling": null,
      "causalRelationship": null,
      "outcomeResolution": null,
      "prediction": null,
      "plotSummaryInfoCount": 1,
      "plotSummaryInfo": {
        "classification": "사회관계",
        "readAge": "초등_저학년",
        "form": "long-form",
        "plotSummaryText": "어느 날, 뉴맨 극장 주인이 월트를 찾아와 영화를 보면서 자막을 따라 읽는 사람들 때문에 시끄럽다면서 입을 다물게 할 만화 영화를 만들어 달라는 부탁을 했고, 궁리 끝에 자막을 따라 읽는 사람들을 극장 밖으로 날려 버리는 내용의 땅딸보 아저씨를 만들었는데 대성공이었습니다.",
        "textWordEA": 39
      }
    }
  ]
}