{
  "title": "버럭 씨 구출 작전",
  "author": "여름아이",
  "illustrator": "이주미",
  "isbn": "9791165953157",
  "publishedYear": 2021,
  "publisher": "아람북스",
  "paragraphInfoCount": 25,
  "paragraphInfo": [
    {
      "srcTextID": "19659",
      "srcText": "버럭 씨는 성질이 아주 고약했어. 마을 사람들이 인사를 건네면 버럭 화를 냈어. “상관 말아요.” 아이들이 버럭 씨 집 앞을 지나가면 버럭 소리를 질렀지. “조용히 해!”",
      "srcPage": 1,
      "srcSentenceEA": 5,
      "srcWordEA": 27,
      "character": "엄마,힘찬이,버스",
      "setting": null,
      "action": "붙잡았어요,타야지,다친단다",
      "feeling": null,
      "causalRelationship": null,
      "outcomeResolution": null,
      "prediction": null,
      "plotSummaryInfoCount": 1,
      "plotSummaryInfo": {
        "classification": "사회관계",
        "readAge": "초등_저학년",
        "form": "long-form",
        "plotSummaryText": "버럭 씨는 성질이 아주 고약해서, 마을 사람들이 인사를 건네면 버럭 화를 냈고, 아이들이 집 앞을 지나가면 소리를 질렀다.",
        "textWordEA": 18
      }
    },
    {
      "srcTextID": "19660",
      "srcText": "버럭 씨가 유일하게 좋아하는 것은 고양이 젤리뿐이었어. 젤리는 하얀색 털이 복슬복슬하고, 코는 마치 복숭아 젤리처럼 분홍색이었지. 젤리가 얼마나 사랑스러운지 한번 보면 누구나 홀딱 반해 버릴 정도였어.",
      "srcPage": 2,
      "srcSentenceEA": 3,
      "srcWordEA": 28,
      "character": "버럭 씨,고양이,젤리,털,코,복숭아",
      "setting": null,
      "action": "보면,반해 버릴",
      "feeling": null,
      "causalRelationship": null,
      "outcomeResolution": null,
      "prediction": null,
      "plotSummaryInfoCount": 1,
      "plotSummaryInfo": {
        "classification": "사회관계",
        "readAge": "초등_저학년",
        "form": "short-form",
        "plotSummaryText": "버럭 씨가 유일하게 좋아하는 것은 얼마나 사랑스러운지 한번 보면 누구나 홀딱 반해 버릴 고양이 젤리였다.",
        "textWordEA": 15
      }
    },
    {
      "srcTextID": "19662",
      "srcText": "“우아, 저렇게 예쁜 고양이는 처음 봐.” 아이들이 대문 밖으로 나온 젤리를 발견했어. 모두들 젤리를 쓰다듬으며 한마디씩 했지.",
      "srcPage": 3,
      "srcSentenceEA": 3,
      "srcWordEA": 19,
      "character": "고양이,아이들,젤리",
      "setting": "대문 밖",
      "action": "봐,나온,발견했어,쓰다듬으며",
      "feeling": null,
      "causalRelationship": null,
      "outcomeResolution": null,
      "prediction": null,
      "plotSummaryInfoCount": 1,
      "plotSummaryInfo": {
        "classification": "사회관계",
        "readAge": "초등_저학년",
        "form": "short-form",
        "plotSummaryText": "아이들이 대문 밖으로 나온 젤리를 발견하고는 예쁘다며 쓰다듬었다.",
        "textWordEA": 8
      }
    },
    {
      "srcTextID": "19664",
      "srcText": "아이들은 버럭 씨의 고함 소리에 깜짝 놀랐어. “죄송해요. 고양이가 너무 예뻐서.” 버럭 씨는 아이들의 말을 제대로 듣지도 않았어. “당장 저리 가지 못해?”",
      "srcPage": 6,
      "srcSentenceEA": 4,
      "srcWordEA": 24,
      "character": "아이들,버럭 씨,고양이",
      "setting": null,
      "action": "듣지도,가지",
      "feeling": "놀랐어",
      "causalRelationship": null,
      "outcomeResolution": null,
      "prediction": null,
      "plotSummaryInfoCount": 1,
      "plotSummaryInfo": {
        "classification": "사회관계",
        "readAge": "초등_저학년",
        "form": "long-form",
        "plotSummaryText": "놀란 아이들은 죄송하다고 했지만, 버럭씨는 듣지 않고 저리 가라고 소리쳤다.",
        "textWordEA": 10
      }
    },
    {
      "srcTextID": "19669",
      "srcText": "젤리가 아주머니에게 다가갔어. 그때였어. “우리 젤리에게 무슨 짓을 하는 거예요?” 버럭 씨가 잔뜩 화가 난 목소리로 아주머니에게 소리쳤어.",
      "srcPage": 10,
      "srcSentenceEA": 4,
      "srcWordEA": 20,
      "character": "젤리,아주머니,버럭 씨",
      "setting": null,
      "action": "다가갔어,소리쳤어,하는",
      "feeling": null,
      "causalRelationship": null,
      "outcomeResolution": null,
      "prediction": null,
      "plotSummaryInfoCount": 1,
      "plotSummaryInfo": {
        "classification": "사회관계",
        "readAge": "초등_저학년",
        "form": "long-form",
        "plotSummaryText": "젤리가 아주머니에게 다가가자, 버럭 씨는 젤리에게 무슨 짓을 하냐며 화난 목소리로 소리쳤다.",
        "textWordEA": 12
      }
    },
    {
      "srcTextID": "19670",
      "srcText": "버럭 씨네 집 담장에 팻말이 또 하나 늘었어. “아휴, 고약하기도 하지.” “정말 너무하네.” “이제부터 우리도 아는 척하지 맙시다.”",
      "srcPage": 12,
      "srcSentenceEA": 4,
      "srcWordEA": 18,
      "character": "버럭 씨네,팻말,우리",
      "setting": "버럭 씨네 집 담장",
      "action": "아는,늘었어",
      "feeling": null,
      "causalRelationship": null,
      "outcomeResolution": null,
      "prediction": null,
      "plotSummaryInfoCount": 1,
      "plotSummaryInfo": {
        "classification": "사회관계",
        "readAge": "초등_저학년",
        "form": "long-form",
        "plotSummaryText": "버럭 씨네 집 담장에 팻말이 하나 더 늘자, 이제부터 아는 척하지 말자고 말했다.",
        "textWordEA": 13
      }
    },
    {
      "srcTextID": "19683",
      "srcText": "한 아이는 ‘집 앞에서 약간 떠들어도 됩니다.’ 라고 쓰여 있는 팻말을 들어 보이며 말했어. “저는 이 팻말이 가장 마음에 들어요!”",
      "srcPage": 25,
      "srcSentenceEA": 3,
      "srcWordEA": 21,
      "character": "팻말,아이",
      "setting": "집 앞",
      "action": "가리켜,떠들어도,들어,보이며,말했어",
      "feeling": null,
      "causalRelationship": null,
      "outcomeResolution": null,
      "prediction": null,
      "plotSummaryInfoCount": 1,
      "plotSummaryInfo": {
        "classification": "사회관계",
        "readAge": "초등_저학년",
        "form": "short-form",
        "plotSummaryText": "한 아이는 집 앞에서 약간 떠들어도 된다는 팻말이 가장 마음에 든다고 말했다.",
        "textWordEA": 12
      }
    },
    {
      "srcTextID": "19665",
      "srcText": "‘집에 들어오지 마시오.’ 다음 날, 버럭 씨네 담장에는 팻말이 하나 늘었어. “버럭 아저씨네 집에는 들어가지도 않았는데.”",
      "srcPage": 7,
      "srcSentenceEA": 3,
      "srcWordEA": 17,
      "character": "버럭 씨네,담장,팻말,버럭 아저씨네",
      "setting": "집,다음 날",
      "action": "들어오지,들어가지도",
      "feeling": null,
      "causalRelationship": null,
      "outcomeResolution": null,
      "prediction": null,
      "plotSummaryInfoCount": 1,
      "plotSummaryInfo": {
        "classification": "사회관계",
        "readAge": "초등_저학년",
        "form": "short-form",
        "plotSummaryText": "다음 날, 버럭 씨네의 담장에는 집에 들어오지 말라고 쓰인 팻말이 생겼다.",
        "textWordEA": 11
      }
    },
    {
      "srcTextID": "19666",
      "srcText": "“고양이가 예뻐서 쓰다듬은 것뿐인데.” “버럭 아저씨는 정말 너무해.” “흥! 다시는 오지 말자.” 아이들도 버럭 씨에게 화가 났어.",
      "srcPage": 8,
      "srcSentenceEA": 4,
      "srcWordEA": 19,
      "character": "고양이,버럭 아저씨,아이들,버럭 씨",
      "setting": null,
      "action": "쓰다듬은,오지,말자",
      "feeling": null,
      "causalRelationship": null,
      "outcomeResolution": null,
      "prediction": null,
      "plotSummaryInfoCount": 1,
      "plotSummaryInfo": {
        "classification": "사회관계",
        "readAge": "초등_저학년",
        "form": "long-form",
        "plotSummaryText": "단지 고양이가 예뻐서 쓰다듬었던 아이들은 버럭 씨에게 화가 나 다시는 오지 말자고 했다.",
        "textWordEA": 13
      }
    },
    {
      "srcTextID": "19668",
      "srcText": "그날 오후 버럭 씨네 대문 밖에서 마을 아주머니가 고양이 간식을 들고 젤리를 불렀어. “아유, 예쁘기도 하지. 이거 먹으렴. 아주 맛있는 거야.”",
      "srcPage": 9,
      "srcSentenceEA": 4,
      "srcWordEA": 23,
      "character": "마을 아주머니,고양이 간식,젤리",
      "setting": "오후,버럭 씨네 대문 밖",
      "action": "들고,불렀어,먹으렴",
      "feeling": null,
      "causalRelationship": null,
      "outcomeResolution": null,
      "prediction": null,
      "plotSummaryInfoCount": 1,
      "plotSummaryInfo": {
        "classification": "사회관계",
        "readAge": "초등_저학년",
        "form": "long-form",
        "plotSummaryText": "그날 오후 버럭 씨네 대문 밖에서 마을 아주머니가 고양이 간식을 들고 젤리를 불렀다.",
        "textWordEA": 13
      }
    },
    {
      "srcTextID": "19671",
      "srcText": "“혼자 잘 살아 보라지.” 마을 사람들도 버럭 씨에게 화가 났어. 그러던 어느 날, 버럭 씨가 젤리를 안고 나무에 아슬아슬하게 매달려 있었어.",
      "srcPage": 13,
      "srcSentenceEA": 3,
      "srcWordEA": 23,
      "character": "마을 사람들,젤리,나무,버럭 씨",
      "setting": null,
      "action": "살아,안고,매달려",
      "feeling": null,
      "causalRelationship": null,
      "outcomeResolution": null,
      "prediction": null,
      "plotSummaryInfoCount": 1,
      "plotSummaryInfo": {
        "classification": "사회관계",
        "readAge": "초등_저학년",
        "form": "short-form",
        "plotSummaryText": "마을 사람들도 버럭 씨에게 화가 났는데, 어느 날  버럭 씨가 젤리를 안고 나무에 아슬아슬하게 매달려 있었다.",
        "textWordEA": 17
      }
    },
    {
      "srcTextID": "19672",
      "srcText": "젤리를 데리러 정신없이 나무를 타고 올라갔다가, 덜컥 겁이 나서 내려오지 못하고 있었던 거야. “어, 어떻게 내려가지?” 마을 사람들은 버럭 씨를 보고 소리쳤어.",
      "srcPage": 14,
      "srcSentenceEA": 3,
      "srcWordEA": 23,
      "character": "젤리,나무,마을 사람들,버럭 씨",
      "setting": null,
      "action": "데리러,타고 올라갔다가,소리쳤어",
      "feeling": null,
      "causalRelationship": null,
      "outcomeResolution": null,
      "prediction": null,
      "plotSummaryInfoCount": 1,
      "plotSummaryInfo": {
        "classification": "사회관계",
        "readAge": "초등_저학년",
        "form": "short-form",
        "plotSummaryText": "버럭 씨는 젤리를 데리러 나무에 올라갔다가, 겁이 나서 내려오지 못했다.",
        "textWordEA": 10
      }
    },
    {
      "srcTextID": "19673",
      "srcText": "“남의 일에 상관 말라잖아요.” “들어오지도 못 하게 하잖아요.” “맞아요, 우리 도움은 필요 없을 거예요.”",
      "srcPage": 16,
      "srcSentenceEA": 3,
      "srcWordEA": 14,
      "character": "우리",
      "setting": null,
      "action": "들어오지도",
      "feeling": null,
      "causalRelationship": null,
      "outcomeResolution": null,
      "prediction": "우리 도움은 필요 없을 거예요",
      "plotSummaryInfoCount": 1,
      "plotSummaryInfo": {
        "classification": "사회관계",
        "readAge": "초등_저학년",
        "form": "short-form",
        "plotSummaryText": "남의 일에 상관도 말고, 들어오지도 못하게 하니, 자신들의 도움은 필요 없을 거라고 했다.",
        "textWordEA": 13
      }
    },
    {
      "srcTextID": "19678",
      "srcText": "사람들은 서로서로 어깨동무를 하고, 버럭 씨가 있는 높이까지 탑을 쌓았어. 버럭 씨는 땀을 뻘뻘 흘리면서 어쩔 줄 몰라 했어. “버럭 씨 조금만 참아요. 우리가 구해 줄게요.”",
      "srcPage": 20,
      "srcSentenceEA": 4,
      "srcWordEA": 28,
      "character": "사람들,탑,땀,우리,버럭 씨",
      "setting": null,
      "action": "쌓았어,흘리면서,구해 줄게요",
      "feeling": null,
      "causalRelationship": null,
      "outcomeResolution": null,
      "prediction": "우리가 구해 줄게요",
      "plotSummaryInfoCount": 1,
      "plotSummaryInfo": {
        "classification": "사회관계",
        "readAge": "초등_저학년",
        "form": "long-form",
        "plotSummaryText": "사람들은 어깨동무를 하고 버럭 씨가 있는 높이까지 탑을 쌓으며, 구해 줄 테니 조금만 참으라고 말했다.",
        "textWordEA": 15
      }
    },
    {
      "srcTextID": "19680",
      "srcText": "얼굴이 빨개진 버럭 씨가 작은 목소리로 중얼거렸어. “미, 미안. 미안합니다.” 맨 마지막에 올라간 사람이 버럭 씨에게 다시 물었어. “뭐라고요?” “미, 미안하다고요. 그리고 고, 고맙습니다.”",
      "srcPage": 21,
      "srcSentenceEA": 6,
      "srcWordEA": 27,
      "character": "얼굴,사람,버럭 씨",
      "setting": null,
      "action": "중얼거렸어,올라간,물었어",
      "feeling": null,
      "causalRelationship": null,
      "outcomeResolution": null,
      "prediction": null,
      "plotSummaryInfoCount": 1,
      "plotSummaryInfo": {
        "classification": "사회관계",
        "readAge": "초등_저학년",
        "form": "long-form",
        "plotSummaryText": "버럭 씨가 작은 목소리로 미안하다고 중얼거려, 다시 물으니 더듬거리며 미안하고 고맙다고 말했다.",
        "textWordEA": 12
      }
    },
    {
      "srcTextID": "19679",
      "srcText": "“괜찮아요, 우리는 이웃이잖아요. 자, 제 손을 잡으세요.” 버럭 씨는 마을 사람들의 도움을 받아 천천히 밑으로 내려왔어.",
      "srcPage": 22,
      "srcSentenceEA": 3,
      "srcWordEA": 18,
      "character": "이웃,손,마을 사람들,버럭 씨",
      "setting": null,
      "action": "잡으세요,받아,내려왔어",
      "feeling": null,
      "causalRelationship": null,
      "outcomeResolution": "버럭 씨는 마을 사람들의 도움을 받아 천천히 밑으로 내려왔어",
      "prediction": null,
      "plotSummaryInfoCount": 1,
      "plotSummaryInfo": {
        "classification": "사회관계",
        "readAge": "초등_저학년",
        "form": "short-form",
        "plotSummaryText": "이웃이니까 괜찮다며 손을 내밀었고, 버럭 씨는 마을 사람들의 도움을 받아 천천히 밑으로 내려왔다.",
        "textWordEA": 13
      }
    },
    {
      "srcTextID": "19681",
      "srcText": "왼발, 오른발, 왼발, 오른발! 밑에서 지켜보던 사람들도 같이 응원했지. 왼발, 오른발, 왼발, 오른발!",
      "srcPage": 23,
      "srcSentenceEA": 3,
      "srcWordEA": 15,
      "character": "왼발,오른발,사람들",
      "setting": null,
      "action": "지켜보던,응원했지",
      "feeling": null,
      "causalRelationship": null,
      "outcomeResolution": null,
      "prediction": null,
      "plotSummaryInfoCount": 1,
      "plotSummaryInfo": {
        "classification": "사회관계",
        "readAge": "초등_저학년",
        "form": "short-form",
        "plotSummaryText": "왼발, 오른발 맞춰서 밑에서 지켜보던 사람들도 같이 응원했다.",
        "textWordEA": 8
      }
    },
    {
      "srcTextID": "19661",
      "srcText": "“나도 고양이 키우고 싶다.” “털이 진짜 복슬복슬해.” “안아 보고 싶다.”",
      "srcPage": 4,
      "srcSentenceEA": 3,
      "srcWordEA": 10,
      "character": "고양이,털",
      "setting": null,
      "action": "키우고,안아",
      "feeling": null,
      "causalRelationship": null,
      "outcomeResolution": null,
      "prediction": null,
      "plotSummaryInfoCount": 1,
      "plotSummaryInfo": {
        "classification": "사회관계",
        "readAge": "초등_저학년",
        "form": "short-form",
        "plotSummaryText": "털이 복슬복슬하다며, 안아 보고 싶고, 고양이 키우고 싶다고 했다.",
        "textWordEA": 9
      }
    },
    {
      "srcTextID": "19663",
      "srcText": "그때 버럭 씨가 아이들에게 버럭 소리를 질렀어. “너희 거기서 뭐 해! 누가 함부로 젤리를 만지래?”",
      "srcPage": 5,
      "srcSentenceEA": 3,
      "srcWordEA": 16,
      "character": "버럭 씨,아이들,젤리",
      "setting": null,
      "action": "질렀어,만지래",
      "feeling": null,
      "causalRelationship": null,
      "outcomeResolution": null,
      "prediction": null,
      "plotSummaryInfoCount": 1,
      "plotSummaryInfo": {
        "classification": "사회관계",
        "readAge": "초등_저학년",
        "form": "short-form",
        "plotSummaryText": "그때 버럭 씨가 누가 함부로 젤리를 만지냐며 아이들에게 소리를 질렀다.",
        "textWordEA": 10
      }
    },
    {
      "srcTextID": "19667",
      "srcText": "“고양이가 너무 예뻐서 간식을 준 것뿐이라오.” 버럭 씨는 손을 휘휘 저으며 말했어. “우리 젤리는 그런 거 안 먹어요. 당장 가져가요.”",
      "srcPage": 11,
      "srcSentenceEA": 4,
      "srcWordEA": 22,
      "character": "고양이,간식,손,젤리,버럭 씨",
      "setting": null,
      "action": "준,저으며,말했어,먹어요,가져가요",
      "feeling": null,
      "causalRelationship": null,
      "outcomeResolution": null,
      "prediction": null,
      "plotSummaryInfoCount": 1,
      "plotSummaryInfo": {
        "classification": "사회관계",
        "readAge": "초등_저학년",
        "form": "long-form",
        "plotSummaryText": "간식을 준 것 뿐이라고 하자, 버럭 씨는 젤리는 그런 거 안 먹으니 가져가라고 했다.",
        "textWordEA": 14
      }
    },
    {
      "srcTextID": "19674",
      "srcText": "“버럭 씨, 위험해요. 얼른 내려오세요!” 하지만 버럭 씨는 마을 사람들의 관심이 싫었어. “상관 말아요!” 누군가 팻말을 가리키며 말했어.",
      "srcPage": 15,
      "srcSentenceEA": 5,
      "srcWordEA": 21,
      "character": "마을 사람들,팻말,버럭 씨",
      "setting": null,
      "action": "내려오세요,가리키며,말했어",
      "feeling": null,
      "causalRelationship": null,
      "outcomeResolution": null,
      "prediction": null,
      "plotSummaryInfoCount": 1,
      "plotSummaryInfo": {
        "classification": "사회관계",
        "readAge": "초등_저학년",
        "form": "long-form",
        "plotSummaryText": "마을 사람들의 관심이 싫었던 버럭 씨에게 누군가가 팻말을 가리키며 상관 말자고 했다.",
        "textWordEA": 12
      }
    },
    {
      "srcTextID": "19676",
      "srcText": "그때 한 아이가 소리쳤어. “저것 보세요, 버럭 아저씨가 떨고 있어요.” 마을 사람들은 머리를 맞대고 회의를 했어.",
      "srcPage": 17,
      "srcSentenceEA": 3,
      "srcWordEA": 17,
      "character": "아이,마을 사람들,머리,버럭 아저씨",
      "setting": null,
      "action": "소리쳤어,떨고,맞대고",
      "feeling": null,
      "causalRelationship": null,
      "outcomeResolution": null,
      "prediction": null,
      "plotSummaryInfoCount": 1,
      "plotSummaryInfo": {
        "classification": "사회관계",
        "readAge": "초등_저학년",
        "form": "short-form",
        "plotSummaryText": "버럭 아저씨가 떨고 있다고 한 아이가 소리치자, 마을 사람들은 머리를 맞대고 회의를 했다.",
        "textWordEA": 13
      }
    },
    {
      "srcTextID": "19675",
      "srcText": "“그냥 내버려 두면 큰일 나요.” “맞아요, 사다리를 놓아 줍시다.” “사다리가 있어도 높은 곳에서는 혼자 못 내려올 수도 있어요.”",
      "srcPage": 18,
      "srcSentenceEA": 3,
      "srcWordEA": 18,
      "character": "사다리",
      "setting": null,
      "action": "놓아,내려올",
      "feeling": null,
      "causalRelationship": null,
      "outcomeResolution": null,
      "prediction": null,
      "plotSummaryInfoCount": 1,
      "plotSummaryInfo": {
        "classification": "사회관계",
        "readAge": "초등_저학년",
        "form": "short-form",
        "plotSummaryText": "사다리를 놓아 줘도 높은 곳에서는 혼자 못 내려올 수도 있다고 말했다.",
        "textWordEA": 11
      }
    },
    {
      "srcTextID": "19677",
      "srcText": "“맞아요, 나도 높은 곳에 올라가면 저렇게 식은땀을 흘린다고요.” “그러면 어쩌지요?” “누군가 올라가서 버럭 씨를 데리고 내려와야 해요.” “그래요!” 마을 사람들이 더 모여들었어.",
      "srcPage": 19,
      "srcSentenceEA": 4,
      "srcWordEA": 23,
      "character": "식은땀,마을 사람들,버럭 씨",
      "setting": null,
      "action": "올라가면,흘린다고요,데리고,내려와야,모여들었어",
      "feeling": null,
      "causalRelationship": null,
      "outcomeResolution": null,
      "prediction": null,
      "plotSummaryInfoCount": 1,
      "plotSummaryInfo": {
        "classification": "사회관계",
        "readAge": "초등_저학년",
        "form": "long-form",
        "plotSummaryText": "자신도 높은 곳에 올라가면 식은땀을 흘리니, 누군가 올라가서 버럭 씨를 데리고 내려와야 한다고 했고, 마을 사람들은 더 모여들었다.",
        "textWordEA": 18
      }
    },
    {
      "srcTextID": "19682",
      "srcText": "그날 이후, 버럭 씨네 팻말이 바뀌었어. ‘집에 들어와도 됩니다.’, ‘언제든지 오세요.’라고 말이야. 이제 아이들이 버럭 아저씨에게 인사하면 아저씨는 웃으면서 ‘잠깐 쉬었다 가세요.’팻말을 가리켜.",
      "srcPage": 24,
      "srcSentenceEA": 6,
      "srcWordEA": 28,
      "character": "팻말,아이들,버럭 아저씨",
      "setting": "그날 이후,집",
      "action": "바뀌었어,들어와도,오세요,인사하면,쉬었다",
      "feeling": null,
      "causalRelationship": null,
      "outcomeResolution": null,
      "prediction": null,
      "plotSummaryInfoCount": 1,
      "plotSummaryInfo": {
        "classification": "사회관계",
        "readAge": "초등_저학년",
        "form": "long-form",
        "plotSummaryText": "그날 이후, 버럭 씨네 팻말은 바뀌었고, 아이들이 버럭 씨에게 인사하면 아저씨는 웃으면서 잠깐 쉬다 가라는 팻말을 가리켰다.",
        "textWordEA": 17
      }
    }
  ]
}