{
  "title": "김현",
  "author": "일연",
  "illustrator": "정성화",
  "isbn": "9788954339728",
  "publishedYear": 2004,
  "publisher": "한국삐아제",
  "paragraphInfoCount": 20,
  "paragraphInfo": [
    {
      "srcTextID": "127311",
      "srcText": "그러던 어느 날, 김현은 용기를 내어 처녀에게 청혼했어요. “당신을 사랑하고 아끼며 한평생 같이 살고 싶소. 부디 나의 아내가 되어 주시오.” 하지만 처녀는 눈물을 떨구더니 고개를 저었어요. 청혼을 거절당하자 김현은 몹시 서운했어요. “내가 가난하고 신분이 낮아서 남편으로 맞기 싫은 건가요?” 김현의 물음에 처녀는 고개를 저으며 울먹였어요. “도련님, 그만 저를 잊어 주세요.” 말을 마치자마자 처녀는 쏜살같이 달아나기 시작했어요. 당황한 김현은 처녀를 따라갔어요. 처녀는 마을을 지나 토함산 중턱까지 단번에 달려갔어요. 연약한 처녀가 김현보다 더 빠른 속도로 토함산 중턱까지 올라가다니 김현은 도무지 믿을 수가 없었어요. ‘그래. 저 여자는 내게 이름도 집도 가르쳐 주지 않았어. 뭔가 비밀이 있는 거야.’ 김현은 필사적으로 처녀의 뒤를 따라갔어요.",
      "srcPage": 9,
      "srcSentenceEA": 16,
      "srcWordEA": 111,
      "character": "김현,처녀,남편,아내,눈물,고개,집",
      "setting": "토함산 중턱,어느 날,한평생,마을",
      "action": "청혼했어요,고개를 저었어요,저으며,울먹였어요,달아나기 시작했어요,달려갔어요,올라가다니,따라갔어요,되어 주시오,떨구더니,잊어 주세요,지나,가르쳐 주지 않았어",
      "feeling": "서운했어요,사랑하고,아끼며,같이 살고 싶소,당황한",
      "causalRelationship": "청혼을 거절당하자 김현은 몹시 서운했어요.,연약한 처녀가 김현보다 더 빠른 속도로 토함산 중턱까지 올라가다니 김현은 도무지 믿을 수가 없었어요.",
      "outcomeResolution": null,
      "prediction": null,
      "plotSummaryInfoCount": 1,
      "plotSummaryInfo": {
        "classification": "사회관계",
        "readAge": "초등_저학년",
        "form": "long-form",
        "plotSummaryText": "어느 날 김현은 처녀에게 용기를 내어 청혼했는데 거절을 당하자 몹시 서운해하며 가난하고 신분이 낮아서 남편으로 맞기 싫은 건지 물었고, 처녀는 고개를 저으며 자기를 잊어달라 말하고는 쏜살같이 마을을 지나 토함산 중턱까지 단번에 달려가며 달아났고 김현은 필사적으로 그녀의 뒤를 따라갔습니다.",
        "textWordEA": 38
      }
    },
    {
      "srcTextID": "127315",
      "srcText": "이때였어요. 밖에서 호랑이들의 울음소리가 들려왔어요. 순간 할머니와 처녀의 얼굴이 하얗게 질렸어요. “네 오빠들이 오고 있구나. 어서 이 총각을 숨겨라.” 처녀와 할머니는 김현을 벽장 안으로 밀어 넣고 문을 잠궜어요. ‘호랑이가 처녀의 오빠라고?’ 김현의 등에 식은땀이 흘렀어요. 이윽고 방 안으로 호랑이 세 마리가 들어왔어요. 김현은 벽장 문틈으로 그들을 훔쳐보았어요.",
      "srcPage": 12,
      "srcSentenceEA": 9,
      "srcWordEA": 55,
      "character": "호랑이들,할머니,처녀,오빠들,총각,김현",
      "setting": "이때,벽장 안,방 안",
      "action": "오고 있구나,숨겨라,밀어 넣고,문을 잠궜어요,들어왔어요,훔쳐보았어요",
      "feeling": null,
      "causalRelationship": null,
      "outcomeResolution": null,
      "prediction": null,
      "plotSummaryInfoCount": 1,
      "plotSummaryInfo": {
        "classification": "사회관계",
        "readAge": "초등_저학년",
        "form": "long-form",
        "plotSummaryText": "이때 밖에서 호랑이 울음소리가 들려오자 할머니가 네 오빠들이 오고 있다면서 처녀와 함께 총각을 벽장 안으로 밀어 넣고 문을 잠궜고 방 안으로 들어온 호랑이 세 마리를 김현은 벽장 문틈으로 훔쳐보았습니다.",
        "textWordEA": 29
      }
    },
    {
      "srcTextID": "127314",
      "srcText": "“하하하, 역시 사람 고기가 제일 맛있어.” “어머니도 저희와 같이 마을로 가셔서 사람을 잡아먹자고요.” 벽장에서 그들의 이야기를 엿듣던 김현은 소스라치게 놀랐어요. ‘이럴 수가! 여기가 호랑이들의 소굴이었구나. 내가 사랑한 여자가 호랑이라니!’ 이때 한 호랑이가 킁킁대더니 처녀를 향해 사납게 물었어요. “어디서 사람 냄새가 나는구나. 네가 숨겨 놓았지? 얼른 내놔!” 그러나 처녀는 침착하게 웃으며 대답했어요. “사람을 숨겨 놓다니요? 오늘 제가 절에 갔다 오느라 사람 냄새가 몸에 묻어서 그럴 거예요.” 하지만 오빠들은 처녀의 말을 믿지 않고 방을 뒤지기 시작했어요.",
      "srcPage": 13,
      "srcSentenceEA": 14,
      "srcWordEA": 84,
      "character": "어머니,호랑이들,호랑이,처녀,사람 고기,사람,김현",
      "setting": "마을,벽장,소굴,이때,오늘,절,방",
      "action": "가셔서,잡아먹자고요,엿듣던,물었어요,숨겨 놓았지,대답했어요,갔다 오느라,뒤지기 시작했어요,킁킁대더니,내놔",
      "feeling": "소스라치게 놀랐어요",
      "causalRelationship": null,
      "outcomeResolution": null,
      "prediction": null,
      "plotSummaryInfoCount": 1,
      "plotSummaryInfo": {
        "classification": "사회관계",
        "readAge": "초등_저학년",
        "form": "long-form",
        "plotSummaryText": "벽장에서 그들의 이야기를 엿듣던 김현은 여기가 호랑이들의 소굴이며 사랑한 여자가 호랑이라는 사실에 소스라치게 놀랐고, 호랑이들은 처녀를 향해 사람 냄새가 난다며 사납게 물었더니 처녀는 절에 갔다 오느라 사람 냄새가 몸에 묻어서 그럴 거라고 했지만 오빠들은 그 말을 믿지 않고 방을 뒤지기 시작했습니다.",
        "textWordEA": 41
      }
    },
    {
      "srcTextID": "127316",
      "srcText": "그때 갑자기 하늘에서 커다란 목소리가 들렸어요. “잔인한 호랑이들아! 너희를 위해 기도하는 여동생과 어미를 봐서 너희들을 벌주지 않았다만 더는 참을 수 없다. 너희가 찾는 사람은 신라를 위해 중요한 일을 할 사람이니 해치지 말지어다!” 그 말이 끝남과 동시에 호랑이들에게 벼락이 떨어졌어요. 호랑이들은 비명을 지르며 밖으로 달아났어요. 김현은 재빨리 허리춤의 칼을 뽑아 들고 그들을 뒤따라 나갔어요. 처녀는 김현을 붙잡으며 사정했어요. “오라버니들의 벌은 제가 받을 테니 용서해 주세요.”",
      "srcPage": 14,
      "srcSentenceEA": 9,
      "srcWordEA": 70,
      "character": "호랑이들,여동생,어미,김현,오라버니들,사람,칼",
      "setting": "그때,하늘,신라,밖",
      "action": "기도하는,찾는,해치지 말지어다,벼락이 떨어졌어요,비명을 지르며,달아났어요,뽑아 들고,뒤따라 나갔어요,사정했어요,붙잡으며,벌주지 않았다만,참을 수 없다,받을 테니,용서해 주세요",
      "feeling": null,
      "causalRelationship": null,
      "outcomeResolution": null,
      "prediction": null,
      "plotSummaryInfoCount": 1,
      "plotSummaryInfo": {
        "classification": "사회관계",
        "readAge": "초등_저학년",
        "form": "long-form",
        "plotSummaryText": "그때 갑자기 하늘에서 커다란 목소리로, 너희가 찾는 사람은 신라를 위해 중요한 일을 할 사람이니 해치지 말라는 말이 끝남과 동시에 호랑이들에게 벼락이 떨어져서 비명을 지르며 달아나는 호랑이를 김현은 칼을 뽑아 따라가려는데, 처녀가 그를 붙잡더니 오라버니들의 벌은 자신이 받을 테니 용서해 달라고 사졍했습니다.",
        "textWordEA": 41
      }
    },
    {
      "srcTextID": "127317",
      "srcText": "김현은 차마 사랑하는 처녀의 말을 외면할 수 없었어요. 처녀는 울먹이며 말했어요. “이제 제가 도련님과 혼인할 수 없는 이유를 아시겠지요? 저는 사람이 아니라 호랑이랍니다. 그러니 저를 잊으세요.” 김현은 입술을 꼭 깨물고 산을 내려왔어요. 사랑을 잃은 아픔으로 김현의 눈에는 아무것도 보이지 않았어요.",
      "srcPage": 15,
      "srcSentenceEA": 7,
      "srcWordEA": 45,
      "character": "김현,처녀,도련님,호랑이,사람,눈",
      "setting": "산",
      "action": "울먹이며,말했어요,혼인할,내려왔어요,외면할 수 없었어요,잊으세요,보이지 않았어요",
      "feeling": "사랑을 잃은 아픔",
      "causalRelationship": null,
      "outcomeResolution": null,
      "prediction": null,
      "plotSummaryInfoCount": 1,
      "plotSummaryInfo": {
        "classification": "사회관계",
        "readAge": "초등_저학년",
        "form": "long-form",
        "plotSummaryText": "차마 사랑하는 처녀의 말을 외면할 수 없었던 김현은 사람이 아닌 호랑이라서 혼인 할 수 없고 잊으라는 말을 듣고 입술을 깨물고 산을 내려왔습니다.",
        "textWordEA": 22
      }
    },
    {
      "srcTextID": "127319",
      "srcText": "몇 달이 지난 어느 날 김현은 흥륜사 탑을 돌다가 호랑이가 울부짖는 소리를 들었어요. 그리고 뒤이어 사람들의 비명 소리가 들렸지요. 또다시 호랑이가 나타난 거예요. 김현은 소리나는 곳으로 달려갔어요. 길 한복판에서 커다란 호랑이 한 마리가 어린아이를 입에 물고 달아나고 있었어요. 군사들도 겁에 질려 어쩔 줄 몰라 하고 있었지요. 김현은 재빨리 말을 잡아 타고 호랑이를 쫓아갔어요. ",
      "srcPage": 16,
      "srcSentenceEA": 7,
      "srcWordEA": 59,
      "character": "김현,호랑이,사람들,어린아이,군사들,탑,입,말",
      "setting": "흥륜사,길 한복판,몇 달이 지난 어느 날,소리나는 곳",
      "action": "돌다가,달려갔어요,달아나고 있었어요,잡아 타고,쫓아갔어요,들었어요,들렸지요,나타난 거예요,물고,어쩔 줄 몰라 하고",
      "feeling": "겁에 질려",
      "causalRelationship": null,
      "outcomeResolution": null,
      "prediction": null,
      "plotSummaryInfoCount": 1,
      "plotSummaryInfo": {
        "classification": "사회관계",
        "readAge": "초등_저학년",
        "form": "long-form",
        "plotSummaryText": "몇 달이 지난 어느 날, 흥륜사 탑을 돌다가 호랑이가 울부짖는 소리가 들려 달려가보니 길 한복판에서 커다란 호랑이 한 마리가 어린아이를 입에 물고 달아나고 있었고, 군사들도 어쩔 줄 몰라 하고 있었지만 김현은 재빨리 말을 잡아 타고 쫓아갔습니다.",
        "textWordEA": 36
      }
    },
    {
      "srcTextID": "127318",
      "srcText": "김현을 돌아본 호랑이는 깊은 숲 속으로 달려갔어요. 김현은 호랑이를 향해 화살을 겨누었어요. 슝! 화살은 호랑이 등에 명중했어요. 호랑이는 아이를 풀숲에 떨어뜨리고 더 깊은 숲 속으로 달아났지요. ‘상처를 입혔으니 멀리 못 갈 거야.’ 김현이 한참을 말을 달려 쫓아가자 숲 한쪽에서 낮은 신음 소리가 들렸어요. 김현은 말에서 내려 발소리를 죽이며 다가갔어요. 그 순간 김현은 너무 놀라 그 자리에 주저앉을 뻔했어요.",
      "srcPage": 17,
      "srcSentenceEA": 9,
      "srcWordEA": 66,
      "character": "김현,아이,호랑이,화살,등,말",
      "setting": "깊은 숲 속,풀숲,더 깊은 숲 속,숲 한쪽",
      "action": "돌아본,달려갔어요,겨누었어요,명중했어요,떨어뜨리고,달아났지요,쫓아가자,다가갔어요,달려,들렸어요,내려,발소리를 죽이며",
      "feeling": "놀라",
      "causalRelationship": "상처를 입혔으니 멀리 못 갈 거야.,그 순간 김현은 너무 놀라 그 자리에 주저앉을 뻔했어요.",
      "outcomeResolution": null,
      "prediction": null,
      "plotSummaryInfoCount": 1,
      "plotSummaryInfo": {
        "classification": "사회관계",
        "readAge": "초등_저학년",
        "form": "long-form",
        "plotSummaryText": "김현이 호랑이를 향해 화살을 겨눈 화살은 호랑이 등에 명중해서 아이를 풀숲에 떨어뜨리고 더 깊은 숲 속으로 달아났고 한참을 말을 달려 쫓아가자 숲 한쪽에서 낮은 신음 소리가 들려 다가갔습니다.",
        "textWordEA": 28
      }
    },
    {
      "srcTextID": "127321",
      "srcText": "화살을 맞아 신음하고 있는 것은 김현이 사랑하던 처녀였지요. “낭자, 이게 어찌된 일이오?” 김현은 달려가 처녀의 등에서 화살을 뽑아 주려 했어요. 하지만 처녀는 김현을 말렸어요. “저는 오라버니들의 죄를 대신해서 죽기로 했습니다. 기왕 죽을 목숨이라면 도련님의 손에 죽고 싶었습니다. 저를 잡으면 도련님이 벼슬을 하실 수 있으니까요.” 자기 손으로 사랑하는 여자를 쏘아 죽이다니 김현은 믿어지지 않았어요.",
      "srcPage": 18,
      "srcSentenceEA": 8,
      "srcWordEA": 58,
      "character": "김현,처녀,오라버니들,도련님,화살,등,손",
      "setting": null,
      "action": "신음하고 있는,뽑아 주려 했어요,말렸어요,죽기로 했습니다,잡으면,쏘아 죽이다니",
      "feeling": "죽고 싶었습니다",
      "causalRelationship": "기왕 죽을 목숨이라면 도련님의 손에 죽고 싶었습니다. 저를 잡으면 도련님이 벼슬을 하실 수 있으니까요.",
      "outcomeResolution": null,
      "prediction": null,
      "plotSummaryInfoCount": 1,
      "plotSummaryInfo": {
        "classification": "사회관계",
        "readAge": "초등_저학년",
        "form": "long-form",
        "plotSummaryText": "화살을 맞아 신음하고 있는 처녀의 등에 화살을 뽑아 주려 했지만 말리면서 오라버니들의 죄를 대신해서 죽기로 했으며 기왕 죽을 목숨이라면 도련님의 손에 죽고 싶었다는 이야기에 김현은 자신의 손으로 사랑하는 여자를 쏘아 죽인 사실이 믿어지지 않았습니다.",
        "textWordEA": 34
      }
    },
    {
      "srcTextID": "127320",
      "srcText": "하지만 처녀는 침착하게 말을 이었어요. “진심으로 도련님을 사랑했습니다. 도련님도 저를 사랑하신다면 제가 죽고 나서 절을 하나 지어 주세요. 그렇게 해 주신다면 저는 다음 생에 사람으로 태어날 수 있답니다. 도련님 품에서 죽을 수 있어 저는 행복합니다.” 말을 마치고 처녀는 숨을 거두었어요. 김현은 처녀를 안고 울음을 터뜨렸어요. “비록 호랑이지만 그대는 어떤 사람보다도 아름답고 착했소. 나는 그대를 영원히 잊지 못할 것이오.”",
      "srcPage": 19,
      "srcSentenceEA": 9,
      "srcWordEA": 64,
      "character": "처녀,도련님,사람,김현,호랑이",
      "setting": "절",
      "action": "죽고 나서,지어 주세요,태어날 수 있답니다,죽을 수 있어,숨을 거두었어요,안고,말을 이었어요,해 주신다면,말을 마치고,잊지 못할 것이오",
      "feeling": "행복합니다,아름답고,사랑했습니다",
      "causalRelationship": "도련님도 저를 사랑하신다면 제가 죽고 나서 절을 하나 지어 주세요. 그렇게 해 주신다면 저는 다음 생에 사람으로 태어날 수 있답니다.,도련님 품에서 죽을 수 있어 저는 행복합니다.",
      "outcomeResolution": null,
      "prediction": null,
      "plotSummaryInfoCount": 1,
      "plotSummaryInfo": {
        "classification": "사회관계",
        "readAge": "초등_저학년",
        "form": "long-form",
        "plotSummaryText": "처녀는 도련님을 진심으로 사랑했으며 다음 생에 사람으로 태어날 수 있도록 절을 하나 지어 지어 달라고 말하면서 숨을 거두자 그를 안은 김현은 비록 호랑이지만 그대는 어떤 사람보다도 아름답고 착했으며 영원히 잊지 못할 것이라면서 울음을 터뜨렸습니다.",
        "textWordEA": 34
      }
    },
    {
      "srcTextID": "127322",
      "srcText": "김현이 호랑이를 잡아 오자 원성왕은 김현에게 벼슬과 상금을 내렸어요. 그토록 바라던 벼슬과 상금을 손에 넣었지만 김현은 하나도 기쁘지 않았어요. 호랑이 처녀가 그리워 하루도 가슴속에서 슬픔이 걷히지 않았지요. 김현은 호랑이 처녀가 부탁했던 대로 절을 하나 지었어요. 그리고 ‘호원사’라는 이름을 붙였어요. ‘호랑이가 원해서 세운 절’이라는 뜻이지요. 그리고 호원사 마당에는 아름다운 탑을 세웠어요. 밤이 되면 김현은 혼자 그 탑을 돌며 호랑이 처녀를 위해 기도를 올렸어요. “부처님! 호랑이 처녀는 사람도 갖기 어려울 만큼 고운 마음씨를 갖고 있었습니다. 부디 호랑이 처녀가 다음 세상에서는 사람으로 태어나 행복을 누리게 해 주십시오.” 기도를 하며 탑을 돌던 김현은 가끔 멈춰서 주위를 돌아보곤 했어요. 혹시라도 그때처럼 처녀가 함께 탑돌이를 하고 있지 않을까 기대하면서요. 하지만 달빛에 비치는 탑 그림자만이 외롭게 보일 뿐이었어요. 김현은 평생 호랑이 처녀를 마음속에 깊이 간직한 채 살았답니다.",
      "srcPage": 20,
      "srcSentenceEA": 16,
      "srcWordEA": 135,
      "character": "김현,호랑이,원성왕,처녀,탑",
      "setting": "호원사 마당,밤,호원사,평생",
      "action": "잡아 오자,지었어요,부탁했던,이름을 붙였어요,세웠어요,돌며,기도를 올렸어요,태어나,돌아보곤 했어요,멈춰서,누리게 해 주십시오,기도를 하며,간직한 채,살았답니다",
      "feeling": "기쁘지 않았어요,그리워,슬픔이 걷히지 않았지요",
      "causalRelationship": "그토록 바라던 벼슬과 상금을 손에 넣었지만 김현은 하나도 기쁘지 않았어요. 호랑이 처녀가 그리워 하루도 가슴속에서 슬픔이 걷히지 않았지요.",
      "outcomeResolution": null,
      "prediction": null,
      "plotSummaryInfoCount": 1,
      "plotSummaryInfo": {
        "classification": "사회관계",
        "readAge": "초등_저학년",
        "form": "long-form",
        "plotSummaryText": "원성왕은 호랑이를 잡은 김현에게 벼슬과 상금을 내렸지만 김현은 하나도 기쁘지 않았고, 호랑이 처녀가 부탁한 대로 호랑이가 원해서 세운 절이라는 뜻의 호원사라는 절을 지었고 김현은 밤이 되면 혼자 그 탑을 돌며 호랑이 처녀를 위해 기도를 올렸으며, 평생 호랑이 처녀를 마음속에 깊이 간직한 채 살았답니다.",
        "textWordEA": 43
      }
    },
    {
      "srcTextID": "127303",
      "srcText": "신라 원성왕 때 김현이라는 가난한 젊은이가 홀어머니를 모시고 살고 있었어요. 김현의 어머니는 날마다 부처님께 기도를 올렸어요. “부처님, 현이가 신라를 위해 큰일을 할 수 있도록 도와주십시오.” 김현은 어머니의 마음을 잘 알고 있었어요. 그래서 집안이 가난한 것을 원망하지 않고 글공부와 무예 수련에 힘썼지요. 김현의 꿈은 화랑이 되는 것이었어요. 하지만 김현은 아무리 노력해도 화랑에 들어갈 수 없었어요. 신분 제도를 엄격하게 지키던 신라 사회에서는 능력이 뛰어나도 귀족의 아들이 아니면 화랑이 될 수 없었거든요. 김현은 화랑이 될 수 없다는 사실에 몹시 화가 나고 실망했어요. 마음이 상한 김현은 매일같이 숲으로 나가 닥치는 대로 동물을 잡아 오곤 했지요.",
      "srcPage": 1,
      "srcSentenceEA": 10,
      "srcWordEA": 99,
      "character": "김현,젊은이,홀어머니,부처님,화랑,동물",
      "setting": "숲,신라,원성왕 때",
      "action": "모시고,살고 있었어요,기도를 올렸어요,도와주십시오,수련에 힘썼지요,잡아 오곤 했지요",
      "feeling": "화가 나고,실망했어요",
      "causalRelationship": "김현의 꿈은 화랑이 되는 것이었어요. 하지만 김현은 아무리 노력해도 화랑에 들어갈 수 없었어요. 신분 제도를 엄격하게 지키던 신라 사회에서는 능력이 뛰어나도 귀족의 아들이 아니면 화랑이 될 수 없었거든요.",
      "outcomeResolution": null,
      "prediction": null,
      "plotSummaryInfoCount": 1,
      "plotSummaryInfo": {
        "classification": "사회관계",
        "readAge": "초등_저학년",
        "form": "long-form",
        "plotSummaryText": "신라 원성왕 때 홀어머니를 모시고 살고있는 가난한 젊은이 김현의 어머니는 현이가 큰일을 할 수 있도록 도와달라고 부처님께 기도를 드렸고 그런 김현은 집안을 원망하지 않고 수련에 힘쓰며 화랑이 되려고 노력했지만 신분 제도를 엄격히 지키던 신라 사회에서는 귀족의 아들이 아니면 화랑이 될 수 없었기에 마음이 상해 매일같이 숲으로 나가 닥치는 대로 동물을 잡아 오곤 했습니다.",
        "textWordEA": 53
      }
    },
    {
      "srcTextID": "127305",
      "srcText": "그 후 김현은 조금씩 변하기 시작했어요. 이제는 더 이상 분풀이를 위해 함부로 사냥을 하는 일은 없었어요. 활쏘기를 연습할 때에도 혹시라도 화살에 맞아 동물이 다칠까 봐 끝이 뭉툭한 화살을 사용했어요. 그러던 어느 날, 큰 소동이 일어났어요. 토함산에 사는 엄청나게 큰 호랑이 세 마리가 마을로 내려와 닥치는 대로 사람을 물어 갔지요. 호랑이들은 밤이 되면 온 마을을 자기 집처럼 뛰어다녔어요. 어흥! 어허흥! 한 마리가 울부짖으면 다른 호랑이들도 따라 울부짖었어요. 이렇게 호랑이 울음소리가 들리고 나면 어느 집에선가 끔찍한 비명소리가 나고 뒤이어 울음소리가 터져 나왔어요. 이웃 사람이 호랑이에게 잡혀 가도 사람들은 무서워서 방문을 걸어 잠그고 오들오들 떨기만 했답니다.",
      "srcPage": 3,
      "srcSentenceEA": 11,
      "srcWordEA": 103,
      "character": "김현,큰 호랑이 세 마리,사람,끝이 뭉툭한 화살,방문",
      "setting": "토함산,마을,어느 날,밤,집",
      "action": "사냥을 하는,사는,내려와,물어 갔지요,뛰어다녔어요,울부짖으면,울부짖었어요,잡혀 가도,걸어,잠그고,떨기만 했답니다",
      "feeling": "무서워서",
      "causalRelationship": null,
      "outcomeResolution": null,
      "prediction": null,
      "plotSummaryInfoCount": 1,
      "plotSummaryInfo": {
        "classification": "사회관계",
        "readAge": "초등_저학년",
        "form": "long-form",
        "plotSummaryText": "그 후 김현은 더이상 분풀이로 사냥을 하는 일도 없었는데 그러던 어느 날 토함산에 사는 엄청나게 큰 호랑이 세 마리가 마을로 내려와서 닥치는 대로 사람을 물어갔으며 한 마리가 울부짖으면 다른 호랑이들도 따라 울부짖었고 이웃사람이 호랑이에게 잡혀 가도 사람들은 무서워서 방문을 걸어 잠그고 떨기만 했습니다.",
        "textWordEA": 43
      }
    },
    {
      "srcTextID": "127306",
      "srcText": "대궐에서는 호랑이 사냥꾼을 시켜 토함산을 뒤지고, 마을에 군사들을 풀어 사람들을 보호하게 했어요. 하지만 호랑이는 잡히지 않았고 시간이 지날수록 호랑이에게 잡혀가거나 피해를 입는 사람들이 늘어났지요. 문제를 해결하기 위해 고민하던 원성왕은 중대한 발표를 했어요. ‘토함산 호랑이를 잡아 오는 사람에게는 신분을 따지지 않고 높은 벼슬과 상금을 내리겠노라.’ 어머니와 함께 밭일을 마치고 돌아오던 김현은 거리에서 이 이야기를 들었어요. 김현은 호랑이를 잡으면 신분이 낮아도 벼슬을 할 수 있다는 사실에 가슴이 뛰었지요. 하지만 함부로 생명을 죽이지 않겠다던 다짐이 생각났어요. 김현의 마음을 눈치챈 어머니가 말했어요. “현아, 생명을 함부로 해치는 것은 분명 나쁜 일이다. 하지만 많은 사람을 죽이는 호랑이를 그대로 두는 것 또한 부처님 뜻에 어긋나는 일이다. 그러니 네가 호랑이들을 잡아 사람들이 안심할 수 있게 도와주어라.” 어머니가 이렇게 허락해 주니 김현은 마음이 가벼워졌어요. 그리고 반드시 호랑이들을 잡겠다고 다짐했지요.",
      "srcPage": 4,
      "srcSentenceEA": 13,
      "srcWordEA": 131,
      "character": "대궐,호랑이,사냥꾼,군사들,원성왕,어머니,김현,사람들",
      "setting": "토함산,마을,거리",
      "action": "뒤지고,풀어,보호하게 했어요,발표를 했어요,잡아,오는,밭일을 마치고,돌아오던,도와주어라,허락해 주니,잡히지 않았고,잡혀가거나,말했어요,잡겠다고 다짐했지요",
      "feeling": "가슴이 뛰었지요,안심할 수 있게,마음이 가벼워졌어요",
      "causalRelationship": null,
      "outcomeResolution": null,
      "prediction": null,
      "plotSummaryInfoCount": 1,
      "plotSummaryInfo": {
        "classification": "사회관계",
        "readAge": "초등_저학년",
        "form": "long-form",
        "plotSummaryText": "대궐에서는 사냥꾼을 시켜 토함산을 뒤지고 군사들을 풀어 사람들을 보호하게 했지만 호랑이는 잡히지 않았고 피해를 입는 사람만 늘어나자, 원성왕은 호랑이를 잡아오는 사람에게 신분을 따지지 않고 높은 벼슬과 상금을 내리겠다고 해서 신분이 낮아도 벼슬을 할 수 있다는 사실에 가슴이 뛰었지만 함부로 생명을 죽이지 않겠다던 다짐이 생각났고 그런 김현의 마음을 눈치챈 어머니 사람들이 안심할 수 있게 도와주라는 말에 반드시 호랑이들을 잡겠다고 다짐했습니다.",
        "textWordEA": 59
      }
    },
    {
      "srcTextID": "127312",
      "srcText": "골짜기를 몇 개 넘자 희미한 불빛이 새어나오는 작은 초가가 보였어요. 처녀는 그 초가로 달려갔어요. 김현도 뒤를 따라갔지요. 초가 앞에 도착한 처녀는 김현을 돌아보았어요. 처녀의 눈에는 눈물이 괴어 있었어요. “이제 더 이상 숨길 수가 없군요. 모든 비밀을 다 말씀드릴 테니 저를 따라 들어오세요.” 김현은 처녀를 따라 방으로 들어갔어요. 좁은 방 구석에서 할머니가 기도를 하다가 인기척에 눈을 떴어요.",
      "srcPage": 10,
      "srcSentenceEA": 9,
      "srcWordEA": 63,
      "character": "처녀,김현,할머니,눈",
      "setting": "초가,방,골짜기,초가 앞",
      "action": "넘자,달려갔어요,따라갔지요,돌아보았어요,들어오세요,따라,들어갔어요,기도를 하다가,보였어요,도착한,떴어요",
      "feeling": null,
      "causalRelationship": null,
      "outcomeResolution": null,
      "prediction": null,
      "plotSummaryInfoCount": 1,
      "plotSummaryInfo": {
        "classification": "사회관계",
        "readAge": "초등_저학년",
        "form": "long-form",
        "plotSummaryText": "처녀는 골짜기를 몇 개 넘은 곳에 있는 초가로 들어가며 뒤를 돌아보고는 김현에게 따라 들어오라고 했고, 좁은 방 구석에서 기도를 하던 할머니가 인기척에 눈을 떴습니다.",
        "textWordEA": 24
      }
    },
    {
      "srcTextID": "127313",
      "srcText": "김현을 본 할머니는 화들짝 놀라며 처녀를 꾸짖었어요. “이게 무슨 짓이냐! 이곳에 사람을 데리고 오면 어쩌느냐?” 그러자 처녀는 무릎을 꿇더니 입을 열었어요. “죄송합니다, 어머니. 제가 흥륜사에 탑돌이를 갔다가 이분을 만나 사랑하게 되었어요. 그런데 이분은 제 사정을 전혀 모르고 청혼을 하십니다.” “어째서 네가 그런 어리석은 짓을 했단 말이냐!” 김현은 처녀와 할머니가 왜 그러는지 도무지 알 수 없었어요.",
      "srcPage": 11,
      "srcSentenceEA": 9,
      "srcWordEA": 60,
      "character": "김현,할머니,처녀,사람",
      "setting": "흥륜사,이곳",
      "action": "꾸짖었어요,데리고,무릎을 꿇더니,입을 열었어요,탑돌이를 갔다가,청혼을 하십니다,모르고,알 수 없었어요",
      "feeling": "화들짝 놀라며,사랑하게 되었어요",
      "causalRelationship": null,
      "outcomeResolution": null,
      "prediction": null,
      "plotSummaryInfoCount": 1,
      "plotSummaryInfo": {
        "classification": "사회관계",
        "readAge": "초등_저학년",
        "form": "long-form",
        "plotSummaryText": "이곳에 사람을 데리고 오면 어떻하냐고 꾸짖자 처녀는 무릎을 꿇고 흥륜사에 탑돌이를 갔다가 만난 이분이 청혼을 하신다고 말했더니 어리석은 짓을 했다고 말하는 할머니가 왜 그러는지 김현은 도무지 알 수 없었습니다.",
        "textWordEA": 29
      }
    },
    {
      "srcTextID": "127304",
      "srcText": "하루는 김현이 사냥을 나갔다가 돌아오자 어머니가 엄한 얼굴로 김현을 불렀어요. “나를 따르거라.” 김현은 사냥한 동물을 내려 놓고 어머니를 따라 나섰어요. 김현과 어머니는 흥륜사라는 절로 갔어요. 흥륜사 마당에는 커다란 탑이 있었는데 신라 사람들은 해마다 음력 2월 8일에서 15일 사이에 이 탑을 돌며 기도를 했지요. 사람들은 이것을 ‘탑돌이’라고 했어요. 흥륜사 마당에서는 많은 사람들이 스님의 목탁 소리에 맞춰 탑돌이를 하고 있었어요. 어머니는 김현의 손에 염주를 쥐어 주며 말했지요. “현아, 화랑이 되지 못한 것은 그렇게 실망하고 좌절할 일이 아니다. 네가 그 일로 화가 나서 함부로 동물들을 죽이면 그 죄를 어찌 갚으려고 하느냐?” 말을 마친 어머니는 김현과 함께 탑돌이를 하는 사람들 틈에 들어갔어요. 김현은 그제서야 자기가 어리석었다는 것을 깨달았지요. “부처님, 이제부터는 함부로 생명을 죽이지 않겠습니다.” 김현은 탑돌이를 하며 마음속으로 다짐했어요.",
      "srcPage": 2,
      "srcSentenceEA": 15,
      "srcWordEA": 126,
      "character": "김현,어머니,사람들,동물,탑",
      "setting": "흥륜사,음력 2월 8일에서 15일 사이,신라",
      "action": "사냥을 나갔다가,돌아오자,불렀어요,따르거라,따라 나섰어요,기도를 했지요,탑돌이를 하고 있었어요,죽이면,깨달았지요,다짐했어요",
      "feeling": "실망하고,좌절할,화가 나서",
      "causalRelationship": null,
      "outcomeResolution": null,
      "prediction": null,
      "plotSummaryInfoCount": 1,
      "plotSummaryInfo": {
        "classification": "사회관계",
        "readAge": "초등_저학년",
        "form": "long-form",
        "plotSummaryText": "하루는 어머니가 흥륜사라는 절로 김현을 데리고 가서 염주를 쥐어 주며 화랑이 되지 못한 것이 그렇게 실망하고 좌절할 일이 아닌데 그 일로 함부로 동물을 죽이면 그 죄를 어찌 갚으려 하냐는 말을 하였고, 어머니와 함께 탑돌이하던 김현은 그제야 자기의 어리석음을 깨달았으며 이제부터는 함부로 생명을 죽이지 않겠다고 마음속으로 다짐했습니다.",
        "textWordEA": 46
      }
    },
    {
      "srcTextID": "127307",
      "srcText": "김현은 하루 종일 토함산을 뒤지며 호랑이들을 찾아다녔어요. 그리고 밤이 되면 흥륜사에서 탑돌이를 했지요. ‘부처님! 저도 신라를 위해 일을 하고 싶습니다. 부디 제가 호랑이를 잡을 수 있도록 도와주십시오.’ 하지만 김현은 호랑이를 잡기는커녕 호랑이의 흔적도 찾을 수 없었지요. 이렇게 1년의 시간이 흘렀어요. 호랑이들은 여전히 마을로 내려와 사람들을 잡아가곤 했어요.",
      "srcPage": 5,
      "srcSentenceEA": 8,
      "srcWordEA": 54,
      "character": "김현,호랑이들,사람들",
      "setting": "토함산,흥륜사,밤,마을,하루 종일,신라,1년",
      "action": "뒤지며,찾아다녔어요,탑돌이를 했지요,잡을 수 있도록,내려와,잡아가곤 했어요,도와주십시오,잡기는커녕,찾을 수 없었지요",
      "feeling": null,
      "causalRelationship": null,
      "outcomeResolution": null,
      "prediction": null,
      "plotSummaryInfoCount": 1,
      "plotSummaryInfo": {
        "classification": "사회관계",
        "readAge": "초등_저학년",
        "form": "long-form",
        "plotSummaryText": "김현은 하루 종일 토함산을 뒤지며 호랑이들을 찾아다니고 밤이 되면 흥륜사에서 탑돌이를 했지만 흔적도 찾을 수 없었고 1년의 시간이 흘러도 호랑이들은 여전히 마을로 내려와 사람들을 잡아가곤 했어요.",
        "textWordEA": 26
      }
    },
    {
      "srcTextID": "127308",
      "srcText": "어떤 사람들은 견디다 못해 집을 버려 둔 채 다른 마을로 달아나기도 했어요. 마을에는 빈집이 하나 둘씩 생겨났지요. 이제 김현은 상을 받거나 벼슬을 하고 싶다는 생각은 하지 않았어요. 다만 호랑이 때문에 슬픔을 겪는 사람이 없기를 바랄 뿐이었지요. ‘부처님! 벼슬이나 상금에 대한 욕심은 버렸습니다. 이제는 사람들의 목숨을 해치는 호랑이를 잡아야 한다는 생각뿐입니다. 비록 제가 아닌 누구라도 호랑이를 잡게 하시어 사람들을 구해 주십시오.’",
      "srcPage": 6,
      "srcSentenceEA": 8,
      "srcWordEA": 67,
      "character": "사람들,김현,부처님,호랑이,빈집",
      "setting": "마을",
      "action": "달아나기도 했어요,목숨을 해치는,잡아야 한다는,구해 주십시오,버려 둔 채,바랄 뿐이었지요,버렸습니다,잡게,하시어",
      "feeling": null,
      "causalRelationship": null,
      "outcomeResolution": null,
      "prediction": null,
      "plotSummaryInfoCount": 1,
      "plotSummaryInfo": {
        "classification": "사회관계",
        "readAge": "초등_저학년",
        "form": "long-form",
        "plotSummaryText": "어떤 사람들은 집을 버려 둔 채 다른 마을로 달아나기도 해서 빈집이 하나 둘씩 생겨났고 김현은 상을 받거나 벼슬을 하고 싶다는 생각은 하지 않고 호랑이 때문에 슬픔을 겪는 사람이 없기를 바라며, 누구라도 호랑이를 잡게 하시어 사람들을 구해 주시라고 부처님께 바랐습니다.",
        "textWordEA": 39
      }
    },
    {
      "srcTextID": "127309",
      "srcText": "김현은 탑돌이를 하며 정성을 다해 기도를 올렸어요. 어느새 같이 탑돌이를 하던 사람들은 하나 둘 집으로 돌아가고 김현 혼자만 남아 탑돌이를 하고 있었어요. 그런데 김현이 문득 정신을 차려 보니 한 처녀가 조용히 김현의 뒤를 따르며 기도하고 있었어요. 밤하늘을 덮고 있던 구름이 걷히며 환한 달빛이 절 마당을 비추었어요. 달빛에 드러난 처녀의 모습을 본 김현은 숨이 멎는 것 같았어요. 백옥을 깎아 만든 듯한 하얗고 갸름한 얼굴에 긴 속눈썹이 아름다운 처녀였어요. 어느새 김현은 처녀를 넋을 잃고 바라보았지요. 처녀는 김현의 시선을 알아차리고 깜짝 놀라더니 갑자기 홱 돌아서서 총총히 가 버리는 게 아니겠어요? 김현은 잠시 망설였어요. 모르는 처녀를 좇아가는 것은 무례한 짓이었지만 그 처녀를 다시 못 만나면 어쩌나 하는 생각에 김현은 처녀의 뒤를 따랐어요.",
      "srcPage": 7,
      "srcSentenceEA": 10,
      "srcWordEA": 117,
      "character": "김현,사람들,처녀",
      "setting": "절 마당,밤하늘",
      "action": "탑돌이를 하며,기도를 올렸어요,돌아가고,기도하고 있었어요,비추었어요,바라보았지요,가 버리는 게 아니겠어요,돌아서서,뒤를 따랐어요,뒤를 따르며",
      "feeling": "아름다운,깜짝 놀라더니",
      "causalRelationship": "모르는 처녀를 좇아가는 것은 무례한 짓이었지만 그 처녀를 다시 못 만나면 어쩌나 하는 생각에 김현은 처녀의 뒤를 따랐어요.",
      "outcomeResolution": null,
      "prediction": null,
      "plotSummaryInfoCount": 1,
      "plotSummaryInfo": {
        "classification": "사회관계",
        "readAge": "초등_저학년",
        "form": "long-form",
        "plotSummaryText": "탑돌이를 하며 정성을 다해 기도를 올리던 김현이 문득 정신을 차려 보니 한 처녀가 조용히 그의 뒤를 따르며 기도하고 있었고, 밤하늘을 덮고 있던 구름이 걷히며 절 마당을 비추는 달빛에 드러난 처녀의 아름다운 모습에 그 또한 넋을 잃고 바라보았더니 시선을 알아차린 처녀가 돌아서서 총총히 가자 김현은 그 뒤를 따랐습니다.",
        "textWordEA": 47
      }
    },
    {
      "srcTextID": "127310",
      "srcText": "김현은 달려가 처녀를 붙잡아 세웠어요. 처녀는 달아나려 했지만 김현의 힘을 당해 낼 수 없었어요. 처녀가 당황한 목소리로 말했어요. “왜 알지도 못하는 사람을 따라오시는 겁니까? 놔 주세요.” “저도 무례한 행동인 줄은 압니다. 그런데 당신을 처음 본 순간 사랑에 빠지고 말았습니다.” 사실은 처녀도 김현이 진지하게 기도하는 모습을 보고 마음이 끌렸던 터라 얼굴을 붉히며 수줍어했어요. 서로 사랑하게 된 김현과 처녀는 매일 밤 만났답니다. 만나면 만날수록 김현은 처녀가 좋아졌어요. 그런데 처녀는 자신에 대해 아무것도 말하지 않았어요. 김현은 그게 마음에 걸리기는 했지만 그리 심각하게 생각하지 않았지요. 이제 김현은 호랑이를 잡는 것도 벼슬을 하는 것도 생각하지 않았어요.",
      "srcPage": 8,
      "srcSentenceEA": 13,
      "srcWordEA": 101,
      "character": "김현,처녀,호랑이",
      "setting": "매일 밤",
      "action": "달려가,붙잡아 세웠어요,달아나려 했지만,말했어요,따라오시는 겁니까,기도하는,만났답니다,말하지 않았어요,생각하지 않았지요,잡는,하는",
      "feeling": "당황한,좋아졌어요,사랑에 빠지고,수줍어했어요",
      "causalRelationship": null,
      "outcomeResolution": null,
      "prediction": null,
      "plotSummaryInfoCount": 1,
      "plotSummaryInfo": {
        "classification": "사회관계",
        "readAge": "초등_저학년",
        "form": "long-form",
        "plotSummaryText": "김현은 달려가 처녀를 붙잡아 세워, 처음 본 순간 사랑에 빠졌다고 말했고, 처녀도 진지하게 기도하는 김현의 모습에 마음이 끌려 서로 사랑하게 된 두 사람은 매일 밤 만나게 되었고, 김현은 처녀가 자신에 대해 아무것도 말하지 않는 것이 마음에 걸리기는 했지만 그리 심각하게 생각하지 않았습니다.",
        "textWordEA": 42
      }
    }
  ]
}