{
  "title": "지구 마을 상점에는 무엇을 팔까?",
  "author": "이승진",
  "illustrator": "문진화",
  "isbn": "9791191203172",
  "publishedYear": 2020,
  "publisher": "글뿌리",
  "paragraphInfoCount": 17,
  "paragraphInfo": [
    {
      "srcTextID": "145972",
      "srcText": "부러워할 거 없어! 해결할 방법이 있거든. 처음 보는 과일인데? 쩝쩝! 마호가니 나무로 가구를 만들면 100년 동안 끄떡없겠어!",
      "srcPage": 2,
      "srcSentenceEA": 5,
      "srcWordEA": 21,
      "character": "과일,마호가니 나무,가구",
      "setting": null,
      "action": "보는,만들면,끄떡없겠어",
      "feeling": "부러워할",
      "causalRelationship": null,
      "outcomeResolution": null,
      "prediction": null,
      "plotSummaryInfoCount": 1,
      "plotSummaryInfo": {
        "classification": "사회관계",
        "readAge": "초등_저학년",
        "form": "long-form",
        "plotSummaryText": "처음 보는 과일도 있고, 마호가니 나무로 가구를 만들면 100년 동안 끄떡없겠다.",
        "textWordEA": 11
      }
    },
    {
      "srcTextID": "145988",
      "srcText": "나라 사이의 무역이 활발해질수록 사람들은 더욱 풍요로운 삶을 누릴 수 있을 거야. 지구 곳곳에 있는 다양한 자원을 누구든지 이용할 수 있으니까. 모든 나라 사람이 ‘지구’라는 마을의 주민이 된 것처럼 말이지.",
      "srcPage": 17,
      "srcSentenceEA": 4,
      "srcWordEA": 33,
      "character": "나라,사람들,주민",
      "setting": null,
      "action": "이용할,누릴 수",
      "feeling": null,
      "causalRelationship": "나라 사이의 무역이 활발해질수록 사람들은 더욱 풍요로운 삶을 누릴 수 있을 거야,지구 곳곳에 있는 다양한 자원을 누구든지 이용할 수 있으니까",
      "outcomeResolution": null,
      "prediction": null,
      "plotSummaryInfoCount": 1,
      "plotSummaryInfo": {
        "classification": "사회관계",
        "readAge": "초등_저학년",
        "form": "long-form",
        "plotSummaryText": "나라 사이의 무역이 활발해질수록 사람들은 다양한 자원을 이용할 수 있어, 더욱 풍요로운 삶을 누릴 수 있을 것입니다.",
        "textWordEA": 17
      }
    },
    {
      "srcTextID": "145985",
      "srcText": "물건을 사는 나라는 필요한 물건을 얻어서 좋고, 물건을 파는 나라는 돈을 벌어서 좋고. 무역의 좋은 점은 헤아릴 수도 없이 많아. 하지만 무역을 할 때 주의할 점이 있어. 수입만 하면 돈을 많이 써서 나라 경제가 어려워질 수 있어. 또 수출만 하면 다른 나라와 사이가 안 좋아질 수 있지. 남의 물건은 사지 않고 자기 물건을 팔기만 하면 얄밉지 않겠어?",
      "srcPage": 14,
      "srcSentenceEA": 6,
      "srcWordEA": 62,
      "character": "물건",
      "setting": null,
      "action": "사는,얻어서,파는,벌어서,사지",
      "feeling": null,
      "causalRelationship": "수입만 하면 돈을 많이 써서 나라 경제가 어려워질 수 있어,또 수출만 하면 다른 나라와 사이가 안 좋아질 수 있지",
      "outcomeResolution": null,
      "prediction": null,
      "plotSummaryInfoCount": 1,
      "plotSummaryInfo": {
        "classification": "사회관계",
        "readAge": "초등_저학년",
        "form": "long-form",
        "plotSummaryText": "무역은 물건을 사는 나라는 필요한 물건을 얻어서 좋고, 물건을 파는 나라는 돈을 벌어서 좋습니다.",
        "textWordEA": 14
      }
    },
    {
      "srcTextID": "145971",
      "srcText": "반짝반짝 멋진데? 한번 입어 보고 싶어! 갖고 다닐 수 있는 작은 전화기? 멋진데!",
      "srcPage": 1,
      "srcSentenceEA": 4,
      "srcWordEA": 16,
      "character": "전화기",
      "setting": null,
      "action": "입어 보고,갖고 다닐",
      "feeling": "멋진데",
      "causalRelationship": null,
      "outcomeResolution": null,
      "prediction": null,
      "plotSummaryInfoCount": 1,
      "plotSummaryInfo": {
        "classification": "사회관계",
        "readAge": "초등_저학년",
        "form": "long-form",
        "plotSummaryText": "갖고 다닐 수 있는 작은 전화기라니, 멋집니다.",
        "textWordEA": 7
      }
    },
    {
      "srcTextID": "145980",
      "srcText": "무역은 나라 사이의 경계선을 무너뜨렸어. 브라질에서 키운 오렌지가 미국으로 건너가 주스로 만들어지고, 미국에서 만든 주스는 우리나라로 건너와 상점에서 팔리지. 무역으로 지구가 하나의 마을이 된 셈이야.",
      "srcPage": 9,
      "srcSentenceEA": 3,
      "srcWordEA": 27,
      "character": "오렌지,주스",
      "setting": "브라질,미국,우리나라",
      "action": "키운,건너가,만든,건너와,팔리지",
      "feeling": null,
      "causalRelationship": null,
      "outcomeResolution": null,
      "prediction": null,
      "plotSummaryInfoCount": 1,
      "plotSummaryInfo": {
        "classification": "사회관계",
        "readAge": "초등_저학년",
        "form": "short-form",
        "plotSummaryText": "브라질에서 키운 오렌지가 미국으로 건너가 주스로 만들어지고, 미국에서 만든 주스는 우리나라로 건너와 상점에서 팔립니다.",
        "textWordEA": 14
      }
    },
    {
      "srcTextID": "145981",
      "srcText": "그래도 무역의 좋은 점을 모르겠다고? 우리나라의 배 만드는 기술은 세계적으로 유명해. 배를 만들려면 철광석이 필요한데, 우리나라에는 철광석이 없잖아. 그래서 오스트레일리아의 철광석을 사 와서 배를 생산하지. 이렇게 수입을 하면 우리에게 없는 자원을 얻을 수 있어.",
      "srcPage": 10,
      "srcSentenceEA": 5,
      "srcWordEA": 38,
      "character": "우리나라,배,철광석",
      "setting": null,
      "action": "만드는,만들려면,사 와서,생산하지",
      "feeling": null,
      "causalRelationship": "배를 만들려면 철광석이 필요한데,우리나라에는 철광석이 없잖아,그래서 오스트레일리아의 철광석을 사 와서 배를 생산하지",
      "outcomeResolution": null,
      "prediction": null,
      "plotSummaryInfoCount": 1,
      "plotSummaryInfo": {
        "classification": "사회관계",
        "readAge": "초등_저학년",
        "form": "long-form",
        "plotSummaryText": "우리나라의 배 만드는 기술은 세계적으로 유명한데, 오스트레일리아의 철광석을 사 와서 배를 생산합니다.",
        "textWordEA": 12
      }
    },
    {
      "srcTextID": "145982",
      "srcText": "수입의 좋은 점은 그뿐만이 아니야. 보다 더 싸게 물건을 얻을 수 있지. 우리가 즐겨 먹는 바나나는 우리나라의 제주도와 남부 지방에서도 재배하지만, 대부분 동남아시아나 중남미 같은 열대 지방에서 수입해. 그곳에서는 많은 양의 바나나를 수확하면서 인건비는 적게 들기 때문에 바나나값이 훨씬 싸거든.",
      "srcPage": 11,
      "srcSentenceEA": 4,
      "srcWordEA": 43,
      "character": "물건,바나나,우리나라,제주도",
      "setting": null,
      "action": "얻을,먹는,재배하지만,수입해,수확하면서",
      "feeling": null,
      "causalRelationship": null,
      "outcomeResolution": null,
      "prediction": null,
      "plotSummaryInfoCount": 1,
      "plotSummaryInfo": {
        "classification": "사회관계",
        "readAge": "초등_저학년",
        "form": "long-form",
        "plotSummaryText": "바나나는 우리나라의 제주도와 남부 지방에서도 재배하지만, 대부분 동남아시아나 중남미 같은 열대 지방에서 수입합니다.",
        "textWordEA": 13
      }
    },
    {
      "srcTextID": "145987",
      "srcText": "커피 열매 커피 열매는 아프리카의 케냐, 에티오피아와 남아메리카의 콜롬비아, 브라질에서 많이 나요. ‘공정 무역’이란 어떤 것인가요? 공정 무역은 노동자에게 정당한 대가를 지불하고 소비자에게 좋은 제품을 공급하는 것을 말해요. 투명하고 공정한 방식의 무역을 통해 생산자(노동자)의 경제적인 권리를 보호하고, 계속 발전할 수 있도록 돕는 무역 형태이지요.",
      "srcPage": 16,
      "srcSentenceEA": 5,
      "srcWordEA": 48,
      "character": "커피 열매,노동자,소비자,제품,생산자",
      "setting": "아프리카의 케냐,에티오피아,남아메리카,콜룸비아,브라질",
      "action": "지불하고,공급하는,돕는",
      "feeling": null,
      "causalRelationship": null,
      "outcomeResolution": null,
      "prediction": null,
      "plotSummaryInfoCount": 1,
      "plotSummaryInfo": {
        "classification": "사회관계",
        "readAge": "초등_저학년",
        "form": "long-form",
        "plotSummaryText": "공정 무역은 노동자에게 정당한 대가를 지급하고 소비자에게 좋은 제품을 공급하는 것을 말합니다.",
        "textWordEA": 12
      }
    },
    {
      "srcTextID": "145973",
      "srcText": "우리나라에는 각 지방을 대표하는 상품들이 있어. 한 입 베어 물면 꿀물이 줄줄, 나주의 배. 입 안이 얼얼하게 매콤한 순창의 고추장. 신비한 빛이 알록달록, 통영의 나전칠기. 하지만 우리에게 필요한 것을 모두 가진 지역은 없지.",
      "srcPage": 3,
      "srcSentenceEA": 5,
      "srcWordEA": 37,
      "character": "꿀물,배,고추장,나전칠기",
      "setting": "우리나라,나주,순창,통영",
      "action": "베어 물면,필요한",
      "feeling": null,
      "causalRelationship": null,
      "outcomeResolution": null,
      "prediction": null,
      "plotSummaryInfoCount": 1,
      "plotSummaryInfo": {
        "classification": "사회관계",
        "readAge": "초등_저학년",
        "form": "long-form",
        "plotSummaryText": "우리나라에는 나주의 배, 순창의 고추장처럼 각 지방을 대표하는 상품들이 있습니다.",
        "textWordEA": 10
      }
    },
    {
      "srcTextID": "145974",
      "srcText": "세계의 여러 나라도 마찬가지야. 사람들에게 필요한 물건을 모두 만들어 낼 수 있는 나라는 없어. 이는 지역마다, 나라마다 자연환경이 다르기 때문이야.",
      "srcPage": 4,
      "srcSentenceEA": 3,
      "srcWordEA": 22,
      "character": "사람들,물건",
      "setting": null,
      "action": "만들어,필요한",
      "feeling": null,
      "causalRelationship": "사람들에게 필요한 물건을 모두 만들어 낼 수 있는 나라는 없어,이는 지역마다,나라마다 자연환경이 다르기 때문이야",
      "outcomeResolution": null,
      "prediction": null,
      "plotSummaryInfoCount": 1,
      "plotSummaryInfo": {
        "classification": "사회관계",
        "readAge": "초등_저학년",
        "form": "short-form",
        "plotSummaryText": "지역마다, 나라마다 자연환경이 다르기 때문에 사람들에게 필요한 물건을 모두 만들 수 있는 나라는 없습니다.",
        "textWordEA": 14
      }
    },
    {
      "srcTextID": "145975",
      "srcText": "우디아라비아는 땅속에서 석유가 콸콸 솟아나지만 건조한 사막인 탓에 농사를 짓기는 힘들어. 그래서 농작물이 많이 나는 나라에서 곡식을 사 오고, 남아도는 석유는 다른 나라에 팔지. 이렇게 나라와 나라끼리 필요한 물건을 사고파는 것을 ‘무역’이라고 해.",
      "srcPage": 5,
      "srcSentenceEA": 4,
      "srcWordEA": 36,
      "character": "석유,곡식",
      "setting": "사우디아라비아",
      "action": "짓기는,사 오고,팔지",
      "feeling": null,
      "causalRelationship": "사우디아라비아는 땅속에서 석유가 콸콸 솟아나지만 건조한 사막인 탓에 농사를 짓기는 힘들어,그래서 농작물이 많이 나는 나라에서 곡식을 사 오고,남아도는 석유는 다른 나라에 팔지",
      "outcomeResolution": null,
      "prediction": null,
      "plotSummaryInfoCount": 1,
      "plotSummaryInfo": {
        "classification": "사회관계",
        "readAge": "초등_저학년",
        "form": "long-form",
        "plotSummaryText": "사우디아라비아는 땅속에서 석유가 솟아나지만, 농사를 짓기는 힘들어서 농작물이 많이 나는 나라에서 곡식을 사 오고, 남아도는 석유는 다른 나라에 팝니다.",
        "textWordEA": 19
      }
    },
    {
      "srcTextID": "145976",
      "srcText": "사람들은 아주 오래전부터 무역을 했어. 배나 말을 이용해서 아주 멀리까지 갔지. 옛날에 중국은 비단을 팔려고 유럽까지 갔어. 그래서 중국과 유럽을 잇는 길이 생겼고 그 길을 비단길이라고 불러. 우리나라는 고려 시대에 아라비아 상인들과도 무역을 했대. ‘코리아’라는 영어 이름은 이때 만들어진 거야.",
      "srcPage": 6,
      "srcSentenceEA": 7,
      "srcWordEA": 46,
      "character": "사람들,배,말,비단,상인",
      "setting": "고려 시대,우리나라,아라비아",
      "action": "이용해서,갔지,팔려고",
      "feeling": null,
      "causalRelationship": "옛날에 중국은 비단을 팔려고 유럽까지 갔어,그래서 중국과 유럽을 잇는 길이 생겼고 그 길을 비단길이라고 불러",
      "outcomeResolution": null,
      "prediction": null,
      "plotSummaryInfoCount": 1,
      "plotSummaryInfo": {
        "classification": "사회관계",
        "readAge": "초등_저학년",
        "form": "long-form",
        "plotSummaryText": "사람들은 아주 오래전부터 무역을 했는데, 우리나라는 고려 시대에 아라비아 상인들과도 무역을 했습니다.",
        "textWordEA": 12
      }
    },
    {
      "srcTextID": "145977",
      "srcText": "쌀이 필요해요. 반도체를 수입 하고 싶어요. 석유. 나무를 보낼게요. 요즘은 세계 어느 나라와도 무역을 할 수 있어. 아무리 멀리 떨어져 있어도 문제 될 게 없지.",
      "srcPage": 7,
      "srcSentenceEA": 6,
      "srcWordEA": 30,
      "character": "쌀,석유,나무,반도체",
      "setting": "세계 어느 나라",
      "action": "보낼게요,무역을 할 수 있어",
      "feeling": null,
      "causalRelationship": null,
      "outcomeResolution": null,
      "prediction": null,
      "plotSummaryInfoCount": 1,
      "plotSummaryInfo": {
        "classification": "사회관계",
        "readAge": "초등_저학년",
        "form": "long-form",
        "plotSummaryText": "요즘은 세계 어느 나라와도 쌀, 반도체, 석유, 나무 등 다양한 무역을 할 수 있습니다.",
        "textWordEA": 14
      }
    },
    {
      "srcTextID": "145978",
      "srcText": "석유를 보내 주세요. 자동차를 더 수입할게요. 컴퓨터를 수입하고 싶어요. 바다를 누비는 배와 대륙을 가로지르는 열차, 하늘을 나는 비행기가 있으니까. 게다가 전화와 인터넷이 먼 나라의 상황을 정확하게 알려 주니까 무역하기가 더 편해졌지.",
      "srcPage": 8,
      "srcSentenceEA": 5,
      "srcWordEA": 35,
      "character": "석유,자동차,컴퓨터,바다,배,열차,비행기",
      "setting": null,
      "action": "보내 주세요,수입하고,누비는,가로지르는,나는",
      "feeling": null,
      "causalRelationship": "게다가 전화와 인터넷이 먼 나라의 상황을 정확하게 알려 주니까 무역하기가 더 편해졌지",
      "outcomeResolution": null,
      "prediction": null,
      "plotSummaryInfoCount": 1,
      "plotSummaryInfo": {
        "classification": "사회관계",
        "readAge": "초등_저학년",
        "form": "long-form",
        "plotSummaryText": "배, 열차, 비행기뿐만 아니라, 전화와 인터넷이 먼 나라의 상황을 정확하게 알려 주니까 무역하기가 더 편해졌습니다.",
        "textWordEA": 15
      }
    },
    {
      "srcTextID": "145983",
      "srcText": "그럼 수출을 하면 어떤 점이 좋을까? 오스트레일리아는 풍부한 지하자원과 농산물을 수출해. 남아프리카 공화국은 금과 다이아몬드를 수출하고, 쿠웨이트와 같은 서남아시아 국가들은 석유를 수출하지. 풍부한 자원을 수출해서 돈을 버는 거야. 그 돈으로 학교와 병원, 주택과 도로를 만들어 국민들의 생활 수준을 높이지. 다이아몬드는 반짝반짝 아름다워. 게다가 다이아몬드는 매우 단단해.",
      "srcPage": 12,
      "srcSentenceEA": 7,
      "srcWordEA": 52,
      "character": "지하자원,농산물,금,다이아몬드,석유",
      "setting": "오스트레일리아,남아프리카 공화국,쿠웨이트",
      "action": "수출해,수출하지,만들어",
      "feeling": "아름다워",
      "causalRelationship": null,
      "outcomeResolution": null,
      "prediction": null,
      "plotSummaryInfoCount": 1,
      "plotSummaryInfo": {
        "classification": "사회관계",
        "readAge": "초등_저학년",
        "form": "long-form",
        "plotSummaryText": "오스트레일리아는 지하자원과 농산물을 수출하고, 쿠웨이트는 석유를 수출하는데, 이처럼 풍부한 자원을 수출해서 돈을 벌고, 그 돈으로 학교와 병원, 주택과 도로를 만들어 국민의 생활 수준을 높입니다.",
        "textWordEA": 24
      }
    },
    {
      "srcTextID": "145984",
      "srcText": "그런데 천연자원이 부족한 나라는 무엇을 수출할까? 우리나라의 수출 주력 품목 중에 많은 부분을 차지하는 것이 바로 반도체야. 첨단 기술로 만든 우리나라의 반도체는 세계에서도 최고로 손꼽히지. 이처럼 천연자원 대신에 기술과 아이디어를 개발해서 수출할 수도 있어. 우리나라의 자원을 찾아보자!",
      "srcPage": 13,
      "srcSentenceEA": 5,
      "srcWordEA": 41,
      "character": "반도체",
      "setting": "우리나라,나라",
      "action": "수출할까,만든,개발해서,찾아보자",
      "feeling": null,
      "causalRelationship": null,
      "outcomeResolution": null,
      "prediction": null,
      "plotSummaryInfoCount": 1,
      "plotSummaryInfo": {
        "classification": "사회관계",
        "readAge": "초등_저학년",
        "form": "long-form",
        "plotSummaryText": "우리나라의 반도체처럼 천연자원 대신에 기술과 아이디어를 개발해서 수출할 수도 있습니다.",
        "textWordEA": 10
      }
    },
    {
      "srcTextID": "145986",
      "srcText": "무역을 할 때는 나라끼리 서로 도우며 수입과 수출을 지혜롭게 조절해야 해. 받는 것이 있으면 주는 것도 있고, 또 주는 것이 있으면 받는 것도 있게끔 말이야. 그래야 모든 나라가 무역의 혜택을 골고루 누리고, 좋은 관계로 발전할 수 있어.",
      "srcPage": 15,
      "srcSentenceEA": 3,
      "srcWordEA": 39,
      "character": null,
      "setting": null,
      "action": "도우며,조절해야,받는,주는",
      "feeling": "지혜롭게,좋은",
      "causalRelationship": null,
      "outcomeResolution": null,
      "prediction": null,
      "plotSummaryInfoCount": 1,
      "plotSummaryInfo": {
        "classification": "사회관계",
        "readAge": "초등_저학년",
        "form": "short-form",
        "plotSummaryText": "무역할 때는 나라끼리 서로 도우며 수입과 수출을 지혜롭게 조절해야 무역의 혜택을 골고루 누리고, 좋은 관계로 발전할 수 있습니다.",
        "textWordEA": 18
      }
    }
  ]
}