{
  "title": "의상 대사",
  "author": "구들",
  "illustrator": "홍영지",
  "isbn": "9788954339599",
  "publishedYear": 2004,
  "publisher": "한국삐아제",
  "paragraphInfoCount": 16,
  "paragraphInfo": [
    {
      "srcTextID": "127543",
      "srcText": "신라를 떠나기 전, 의상 대사는 당나라에 지엄 스님이라는 학식 높은 스님이 있다는 이야기를 들었어요. 그래서 지엄 스님을 찾아 종남산의 지상사로 갔지요. 지상사 입구에 들어서자 지엄 스님이 달려 나와 의상 대사를 반갑게 맞이했어요. “어서 오시오. 기다리고 있었소.” 의상 대사는 깜짝 놀랐지요. “지엄 스님께서 어찌 저를 아십니까? 또, 제가 올 것을 어떻게 미리 아셨습니까?” “어젯밤 꿈에 커다란 나무를 보았는데 부처님께서 바다 건너 동쪽에서 온 나무라고 하시더군요. 그런데 부처님의 말씀이 끝나자마자 그 나무가 당나라를 뒤덮는 게 아니겠소? 그 모습이 하도 신기하여 나무 위에 올라가 보았더니 둥지 안에서 귀한 보배가 아름다운 빛을 내고 있었다오. 잠에서 깬 뒤 동쪽 나라에서 귀한 분이 오실 거라 생각하고 기다리고 있었다오.” 지엄 스님의 꿈 이야기를 들은 의상 대사는 부끄러워졌어요. “저는 그렇게 훌륭한 사람이 아닙니다. 스님께서 저를 제자로 받아들여 주신다면 더 이상 바랄 것이 없습니다.” 지엄 스님은 의상 대사를 제자로 삼았어요.",
      "srcPage": 9,
      "srcSentenceEA": 16,
      "srcWordEA": 142,
      "character": "신라,의상 대사,지엄 스님,제자,나무,부처님,귀한 분",
      "setting": "당나라,종남산,지상사,지상사 입구,어젯밤,바다 건너 동쪽,나무 위,둥지 안,동쪽 나라",
      "action": "갔지요,들어서자,맞이했어요,달려나와,들었어요,보았는데,온,하시더군요,올라가 보았더니,오실 거라 생각하고,기다리고 있었다오,삼았어요",
      "feeling": "깜짝 놀랐지요,부끄러워졌어요,신기하여",
      "causalRelationship": "신라를 떠나기 전,의상 대사는 당나라에 지엄 스님이라는 학식 높은 스님이 있다는 이야기를 들었어요. 그래서 지엄 스님을 찾아 종남산의 지상사로 갔지요.",
      "outcomeResolution": null,
      "prediction": null,
      "plotSummaryInfoCount": 1,
      "plotSummaryInfo": {
        "classification": "사회관계",
        "readAge": "초등_저학년",
        "form": "long-form",
        "plotSummaryText": "당나라에 학식이 높은 지엄 스님이 어젯밤 꿈에 부처님께서 말씀하신 바다 건너 동쪽에서 온 나무 위에 올라가 보았더니, 둥지 안에서 귀한 보배가 아름다운 빛을 내고 있기에 귀한 분이 오실 거로 생각하고 기다리고 있었다는 말에 의상대사는 자신은 훌륭한 사람이 아니며 제자로 받아들여 주신다면 더 이상 바랄 것이 없다고 말했습니다.",
        "textWordEA": 47
      }
    },
    {
      "srcTextID": "127545",
      "srcText": "종남산을 내려온 의상 대사는 당나라 수도 장안으로 갔어요. 장안은 고구려, 백제, 신라 사람은 물론 멀리 인도와 아라비아에서도 사람들이 모여드는 국제적인 도시였지요. 의상 대사의 소문을 익히 들었던 당나라 스님들은 의상 대사에게 부처님의 말씀을 들려 달라고 간곡하게 부탁했지요. 의상 대사의 실력이 얼마나 대단했던지 당나라 황제도 의상 대사의 가르침을 듣고 싶어 했답니다. 당나라에 머무르고 있던 신라 사람들은 의상 대사를 무척 자랑스러워했어요. 의상 대사는 낯선 나라에서 힘든 생활을 하거나 어려운 처지에 있는 신라 사람들을 정성껏 도와주었어요. 하루는 여러 스님들에게 가르침을 전하던 의상 대사에게 한 남자가 다가와서 조용히 말을 건넸어요. “저는 김흠순 나리께서 보낸 사람입니다. 나리께서 급히 스님을 만나고 싶어 하십니다.”",
      "srcPage": 11,
      "srcSentenceEA": 9,
      "srcWordEA": 103,
      "character": "의상 대사,고구려,백제,신라 사람,사람들,당나라 스님들,당나라 황제,김흠순 나리,저",
      "setting": "종남산,당나라 수도 장안,당나라,인도,아라비아,낯선 나라",
      "action": "내려온,갔어요,부탁했지요,도와주었어요,다가와서,모여드는,들려 달라고,가르침을 전하던,말을 건넸어요",
      "feeling": "자랑스러워했어요,의상 대사의 가르침을 듣고 싶어했답니다",
      "causalRelationship": null,
      "outcomeResolution": null,
      "prediction": null,
      "plotSummaryInfoCount": 1,
      "plotSummaryInfo": {
        "classification": "사회관계",
        "readAge": "초등_저학년",
        "form": "long-form",
        "plotSummaryText": "종남산을 내려와 각국 사람들이 모여드는 국제적인 도시 장안으로 간 의상 대사에게 당나라 스님들은 부처님의 말씀을 들려 달라고 간곡하게 부탁했고, 황제도 가르침을 듣고 싶어 해서 그곳의 신라 사람들은 의상 대사를 무척 자랑스러워하며 지내던 어느 날, 하루는 한 남자가 다가와서 김흠순 나리께서 보낸 사람인데 나리께서 급히 스님을 만나고 싶어 하신다고 말을 건넸습니다.",
        "textWordEA": 50
      }
    },
    {
      "srcTextID": "127549",
      "srcText": "고민하던 문무왕은 이윽고 결정을 내렸어요. “의상 대사는 비록 스님이지만 신라 왕실 사람이오. 우리를 배신할 리가 없소. 또한 부처님의 가르침을 배운 분이 나라를 배신할 거라고는 생각하지 않소.” “폐하! 성은이 망극하옵니다.” 의상 대사는 눈물을 흘리며 문무왕에게 큰절을 올렸어요. 문무왕은 전쟁 준비를 시작했어요. 그러면서도 당나라를 안심시키기 위해 계속해서 사신과 선물을 보냈지요. 의상 대사의 말대로 몇 년 후 당나라는 말갈족과 함께 신라로 쳐들어왔어요. 미리 전쟁 준비를 해 두었던 신라는 침착하게 당나라를 물리칠 수 있었지요. 전쟁이 끝난 후 의상 대사는 신라 곳곳에 절을 짓고 신라 사람들에게 부처님의 말씀을 전하는 데에 일생을 바쳤어요. 나라를 위해 목숨을 아까워하지 않은 의상 대사는 뛰어난 스님이자 훌륭한 애국자였답니다.",
      "srcPage": 15,
      "srcSentenceEA": 12,
      "srcWordEA": 108,
      "character": "문무왕,의상 대사,스님,사신,나라,말갈족,신라 사람들,애국자",
      "setting": "신라,당나라,몇 년 후,절",
      "action": "결정을 내렸어요,눈물을 흘리며,큰절을 올렸어요,쳐들어왔어요,짓고,전쟁 준비를 시작했어요,보냈지요,전하는,일생을 바쳤어요",
      "feeling": null,
      "causalRelationship": "미리 전쟁 준비를 해 두었던 신라는 침착하게 당나라를 물리칠 수 있었지요.",
      "outcomeResolution": null,
      "prediction": null,
      "plotSummaryInfoCount": 1,
      "plotSummaryInfo": {
        "classification": "사회관계",
        "readAge": "초등_저학년",
        "form": "long-form",
        "plotSummaryText": "문무왕은 의상 대사는 신라 왕실 사람이고 부처님의 가르침을 배운 분이 나라를 배신할 거라고는 생각하지 않는다고 했고, 몇 년 후 당나라는 말갈족과 함께 신라로 쳐들어왔지만, 전쟁 준비를 해 두었기 때문에 물리칠 수 있었으며, 전쟁이 끝난 후 의상 대사는 신라 곳곳에 절을 짓고 부처님의 말씀을 전하는 데에 일생을 바쳤습니다.",
        "textWordEA": 47
      }
    },
    {
      "srcTextID": "127542",
      "srcText": "의상 대사는 홀로 떠나게 되어 섭섭했지만 원효 대사가 큰 깨달음을 얻은 것을 진심으로 축하해 주었어요. “나는 아직 깨달음을 얻지 못했네. 당나라에 가서 불교 공부를 더 하고 돌아오겠네.” 원효 대사와 헤어진 의상 대사는 혼자 배를 기다리다가 마침 신라를 다녀가던 당나라 사신 일행을 만났어요. “의상 대사 아니십니까! 지난번 서라벌에서 대사님의 말씀을 듣고 감동을 받았는데 여기서 또 뵙게 되다니 영광입니다.” 의상 대사는 사신의 도움으로 안전하게 당나라까지 갈 수 있었지요. 오랜 항해 끝에 드디어 배가 당나라 양주 땅에 닿았어요. 이미 당나라에도 의상 대사의 이름이 널리 알려져 있었기 때문에 양주를 다스리는 장군 유지인이 의상 대사를 정성스럽게 맞이했지요. “대사님! 부디 양주에 머무르시면서 가르침을 주십시오. 대사님을 위해 좋은 절을 지어 드리겠습니다.” 의상 대사는 잠시 흔들렸지만 곧 마음을 바로잡았지요. “말씀은 고맙지만, 저는 이곳에 공부를 하기 위해 왔으니 편안하게 머물 수는 없습니다.”",
      "srcPage": 8,
      "srcSentenceEA": 13,
      "srcWordEA": 132,
      "character": "의상 대사,원효 대사,당나라 사신 일행,장군 유지인,배",
      "setting": "서라벌,당나라,당나라 양주 땅,양주,신라,절",
      "action": "축하해 주었어요,기다리다가,만났어요,듣고,맞이했지요,가서,불교 공부를 더 하고,돌아오겠네,지어 드리겠습니다,흔들렸지만,바로잡았지요",
      "feeling": "섭섭했지만,감동을 받았는데,고맙지만",
      "causalRelationship": null,
      "outcomeResolution": null,
      "prediction": null,
      "plotSummaryInfoCount": 1,
      "plotSummaryInfo": {
        "classification": "사회관계",
        "readAge": "초등_저학년",
        "form": "long-form",
        "plotSummaryText": "원효 대사와 헤어져 홀로 떠나게 된 의상 대사는 혼자 배를 기다리다가 신라를 오가던 당나라 사신 일행을 만나 당나라까지 갈 수 있었고, 당나라 양주 땅을 다스리는 장군 유지인이 의상 대사에게 가르침을 달라면서 좋은 절을 지어 드리겠다고 했지만, 공부하기 위해 왔으니 편안하게 머무를 수는 없다고 말했습니다.",
        "textWordEA": 44
      }
    },
    {
      "srcTextID": "127544",
      "srcText": "의상 대사는 부처님의 가르침을 열심히 공부했어요. 신라 불교의 역사가 짧다며 무시하던 당나라 사람들과 스님들도 의상 대사가 들려주는 설법과 그 안에 담긴 깊은 뜻에 감탄했답니다. 그러던 어느 날이었어요. 지엄 스님이 의상 대사에게 푸른 쪽잎을 보여 주며 말했어요. “의상! 이 쪽잎으로 푸른 물감을 만드는데 어찌된 일인지 쪽잎보다 쪽잎에서 뽑아낸 물감이 더 푸르고 아름답다네, 허허허.” 의상 대사가 어리둥절해하자 지엄 스님이 웃으며 말을 이었어요. “내가 쪽잎이고 자네는 쪽잎으로 만든 푸른 물감이라네. 이제 스승인 나보다 자네가 부처님의 가르침을 더 잘 알고 있으니 넓은 세상으로 나가 불법을 전하도록 하게.” 처음에는 조심스레 거절하던 의상 대사도 결국은 지엄 스님의 뜻을 따르기로 했지요. “스님의 뜻을 받들어 넓은 세상으로 나가겠습니다.”",
      "srcPage": 10,
      "srcSentenceEA": 10,
      "srcWordEA": 107,
      "character": "의상 대사,신라,당나라 사람들,스님,지엄 스님,푸른 쪽잎,푸른 물감",
      "setting": "어느 날,넓은 세상",
      "action": "공부했어요,무시하던,들려 주는,보여 주며,말했어요,웃으며,말을 이었어요,만드는데,나가,전하도록 하게,거절하던,따르기로 했지요,뜻을 받들어,나가겠습니다",
      "feeling": "감탄했답니다,어리둥절해 하자",
      "causalRelationship": "이제 스승인 나보다 자네가 부처님의 가르침을 더 잘 알고 있으니 넓은 세상으로 나가 불법을 전하도록 하게.",
      "outcomeResolution": null,
      "prediction": null,
      "plotSummaryInfoCount": 1,
      "plotSummaryInfo": {
        "classification": "사회관계",
        "readAge": "초등_저학년",
        "form": "long-form",
        "plotSummaryText": "역사가 짧은 신라 불교를 무시하던 당나라 사람들과 스님들도 의상 대사가 들려주는 설법과 깊은 뜻에 감탄하며 지내던 어느 날, 지엄 스님은 스승인 자신보다 자네가 부처님의 가르침을 더 잘 알고 있으니 넓은 세상으로 나가 불법을 전하라고 했고, 거절하던 의상 대사는 그 뜻을 따르기로 했습니다.",
        "textWordEA": 42
      }
    },
    {
      "srcTextID": "127536",
      "srcText": "그날 저녁 대궐에서 돌아온 아버지는 소년을 불러 놓고 호통을 쳤어요. “신라 최고 가문의 아들인 네가 수련을 하다 말고 돌아오다니 이런 망신스러울 데가 어디 있겠느냐. 화랑의 세속오계를 외워 보거라!” 소년은 낮은 목소리로 세속오계를 말했어요. “첫째, 나라와 임금님께 충성한다. 둘째, 부모님께 효도한다. 셋째, 친구 사이의 의리를 지킨다. 넷째, 전쟁터에 나가면 물러서지 않는다. 다섯째, 살아 있는 것을 함부로 죽이지 않는다.” 소년의 말이 끝나기가 무섭게 아버지가 회초리로 종아리를 내리쳤어요. 회초리가 부러지자 아버지는 새 회초리를 들며 말했지요. “그렇다! 무슨 일이 있어도 전쟁터에서 물러서지 말아야 하거늘 겨우 수련을 하다 도망치다니, 부끄러운 줄도 모르느냐? 너는 나라에 충성을 다하지 않았고 부모에게도 불효를 저질렀다. 게다가 같이 고생하는 친구를 두고 혼자 도망쳤으니, 세속오계를 모두 어긴 것이나 다름없다!”",
      "srcPage": 2,
      "srcSentenceEA": 14,
      "srcWordEA": 118,
      "character": "아버지,소년,화랑,임금님,종아리,나라,부모님,회초리",
      "setting": "대궐,그날 저녁",
      "action": "돌아온,불러 놓고,호통을 쳤어요,말했어요,내리쳤어요,부러지자,들며",
      "feeling": "망신스러울",
      "causalRelationship": "너는 나라에 충성을 다하지 않았고 부모에게도 불효를 저질렀다. 게다가 같이 고생하는 친구를 두고 혼자 도망쳤으니 세속오계를 모두 어긴 것이나 다름없다!",
      "outcomeResolution": null,
      "prediction": null,
      "plotSummaryInfoCount": 1,
      "plotSummaryInfo": {
        "classification": "사회관계",
        "readAge": "초등_저학년",
        "form": "long-form",
        "plotSummaryText": "그날 저녁, 대궐에서 돌아온 아버지는 수련하다 말고 돌아온 소년에게 나라에 충성을 다하지 않았고 부모에게도 불효를 저질렀으니 세속오계를 모두 어긴 것이나 다름없다며 회초리로 종아리를 내리쳤습니다.",
        "textWordEA": 24
      }
    },
    {
      "srcTextID": "127539",
      "srcText": "신라에서 유명한 스님이 된 의상 대사는 원효 대사와 친구가 되었어요. 침착하고 차분한 성격의 의상 대사와 달리 원효 대사는 활달한 성격이었지요. 원효 대사는 한때 화랑으로 전쟁터에 나간 경험도 있어요. “나는 생명을 해치는 일을 할 수 없어 화랑을 그만두었다네.” 의상 대사의 말에 원효 대사는 빙긋 웃으며 대답했어요. “자네 생각이 옳아. 나도 전쟁터의 끔찍한 모습을 보고 생각을 바꾸었다네. 나라를 도울 수 있는 방법에는 여러 가지가 있어. 꼭 전쟁터에 나가 싸우지 않더라도 우리 나름대로 나라에 힘이 될 방법이 있을 거야.” 원효 대사의 말이 끝나자 의상 대사가 기다렸다는 듯 말을 꺼냈어요. “우리 함께 당나라에 가서 불교 공부를 하는 게 어떻겠나? 우리나라의 불교는 당나라에 비해 아직 많이 뒤처져 있으니 말이야.” 원효 대사도 좋은 생각이라며 찬성했답니다.",
      "srcPage": 5,
      "srcSentenceEA": 13,
      "srcWordEA": 118,
      "character": "스님,의상 대사,원효 대사,화랑,친구,나라",
      "setting": "신라,전쟁터,당나라",
      "action": "웃으며 대답했어요,말을 꺼냈어요,보고,생각을 바꾸었다네,찬성했답니다",
      "feeling": null,
      "causalRelationship": "나는 생명을 해치는 일을 할 수 없어 화랑을 그만두었다네.",
      "outcomeResolution": null,
      "prediction": null,
      "plotSummaryInfoCount": 1,
      "plotSummaryInfo": {
        "classification": "사회관계",
        "readAge": "초등_저학년",
        "form": "long-form",
        "plotSummaryText": "생명을 해치는 일을 할 수 없어 그만두었다는 의상대사와 전쟁터의 끔찍한 모습을 보고 생각을 바꾼 원효 대사는 친구가 되었고, 둘은 함께 당나라에 가서 불교 공부를 하기로 했습니다.",
        "textWordEA": 26
      }
    },
    {
      "srcTextID": "127546",
      "srcText": "김흠순은 당나라와 가깝게 지내기 위해 신라에서 보낸 뛰어난 재상이었지요. 처음 장안에 왔을 때 의상 대사도 김흠순을 만나려 했지만 당나라가 철저하게 감시하고 있어서 만날 수 없었어요. 의상 대사는 날이 어두워지기를 기다려 김흠순의 집으로 몰래 들어갔어요. 김흠순은 반갑게 의상 대사의 손을 잡았어요. 그러고는 걱정스러운 얼굴로 이야기를 꺼냈어요. “지금 당나라는 겉으로 신라와 가까이 지내는 척 하지만 사실은 신라를 공격하려고 전쟁 준비를 하고 있습니다. 신라는 당나라의 거짓말에 속고 있는 것입니다. 제가 이 사실을 신라에 알리려 하자 당나라 황제가 군사를 풀어 저를 감시하고 있으니 의상 대사께서 제 대신 신라에 이 소식을 알려 주십시오.” 김흠순의 말을 들은 의상 대사는 지금이야말로 신라를 위해 목숨을 걸어야 할 때라고 생각했어요.",
      "srcPage": 12,
      "srcSentenceEA": 9,
      "srcWordEA": 108,
      "character": "김흠순,신라,재상,의상 대사,손,당나라 황제,군사",
      "setting": "당나라,장안,김흠순의 집",
      "action": "보낸,들어갔어요,잡았어요,이야기를 꺼냈어요,감시하고 있으니,기다려,공격하려고,전쟁 준비를 하고,거짓말에 속고,알리려 하자,풀어,알려 주십시오,생각했어요",
      "feeling": "걱정스러운",
      "causalRelationship": "처음 장안에 왔을 때 의상 대사도 김흠순을 만나려 했지만 당나라가 철저하게 감시하고 있어서 만날 수 없었어요. 제가 이 사실을 신라에 알리려 하자 당나라 황제가 군사를 풀어 저를 감시하고 있으니 의상 대사께서 제 대신 신라에 이 소식을 알려 주십시오.",
      "outcomeResolution": null,
      "prediction": null,
      "plotSummaryInfoCount": 1,
      "plotSummaryInfo": {
        "classification": "사회관계",
        "readAge": "초등_저학년",
        "form": "long-form",
        "plotSummaryText": "당나라가 철저하게 감시하고 있던 김흠순을 만나기 위해 날이 어두워지자 그의 집으로 몰래 들어간 의상 대사는 당나라가 신라를 공격하려고 전쟁 준비를 하고 있으니 감시당하는 자기 대신해 신라에 이 소식을 알리라는 김흠순의 말을 듣고 지금이야말로 신라를 위해 목숨을 걸어야 할 때라고 생각했습니다.",
        "textWordEA": 40
      }
    },
    {
      "srcTextID": "127548",
      "srcText": "간신히 정신을 차린 의상 대사는 대궐로 들어가 문무왕을 만났어요. 마침 문무왕은 당나라에 보낼 선물을 준비하느라 대신들과 회의를 하고 있었지요. “폐하! 당나라는 지금 신라를 공격하기 위해 전쟁을 준비하고 있습니다. 서둘러 당나라의 공격에 대비하시는 것이 옳을 줄 싶습니다.” 문무왕은 선뜻 이해가 되지 않아 떨떠름한 표정을 지었어요. “하지만 김흠순이 당나라에서 보내온 편지에는 당나라가 신라와 더 친하게 지내고 싶어 한다는 내용밖에 없소.” 문무왕이 내민 편지를 읽은 의상 대사는 분명한 목소리로 말했어요. “폐하! 이것은 김흠순이 쓴 편지가 아니옵니다. 김흠순은 지금 당나라 군사에게 감시를 당하고 있어서 편지를 보내기는커녕 사람조차 마음대로 만나지 못하고 있습니다. 이 편지의 내용을 믿으시면 아니 되옵니다.” 대신들은 의상 대사가 거짓말을 하고 있다고 생각했어요. “의상 대사는 신라와 당나라 사이를 벌어지게 하려는 것입니다.” 문무왕은 몹시 혼란스러웠지요. 대신들과 의상 대사의 말 중에 어느 쪽을 믿어야 할지 알 수 없었어요.",
      "srcPage": 14,
      "srcSentenceEA": 14,
      "srcWordEA": 134,
      "character": "의상 대사,문무왕,폐하,김흠순,대신들,편지",
      "setting": "대궐,당나라,신라",
      "action": "들어가,만났어요,회의를 하고 있었지요,표정을 지었어요,준비하느라,전쟁을 준비하고,공격에 대비하시는,말했어요",
      "feeling": "떨떠름한,혼란스러웠지요",
      "causalRelationship": null,
      "outcomeResolution": null,
      "prediction": null,
      "plotSummaryInfoCount": 1,
      "plotSummaryInfo": {
        "classification": "사회관계",
        "readAge": "초등_저학년",
        "form": "long-form",
        "plotSummaryText": "의상 대사는 문무왕에게 당나라가 신라를 공격하기 위해 전쟁을 준비하고 있으니 대비하시라고 말했지만, 문무왕은 당나라가 더 친하게 지내고 싶어 한다는 내용밖에 없는 김흠순의 편지를 내밀었고, 대신들이 김흠순이 감시당하고 있다는 의상 대사의 말을 믿지 못하자, 문무왕은 어느 쪽을 믿어야 할지 알 수 없었습니다.",
        "textWordEA": 41
      }
    },
    {
      "srcTextID": "127535",
      "srcText": "딸각딸각! 딸가닥딸가닥! 조용한 오후, 요란한 말발굽 소리가 서라벌을 뒤흔들었어요. 사람들이 하던 일을 멈추고 소리가 나는 쪽을 바라보았지요. 저 멀리서 하얀 말이 뿌연 흙먼지를 날리며 달려왔어요. 말 등에 화려한 안장이 얹힌 것으로 보아 분명 어느 귀족 집의 말인 것 같은데 어찌 된 일인지 말 위에는 아무도 타고 있지 않았지요. “화랑들이 산에서 수련을 하고 있다는데 혹시 거기서 도망친 말이 아닐까?” “글쎄, 도대체 어디서 나타난 거지?” 사람들이 이렇게 수군거리고 있는데 누군가 말고삐를 쥐고 달려가는 게 보였어요. “어, 저분은 김한신 어른 댁 도련님이 아닌가?” “아니, 그 댁 도련님은 화랑인데 왜 길 한가운데서 말고삐를 잡고 뛰어다니시겠는가?” 사람들은 고개를 갸웃거렸지요.",
      "srcPage": 1,
      "srcSentenceEA": 11,
      "srcWordEA": 101,
      "character": "말발굽,사람들,하얀 말,안장,화랑들,말고삐,김한신 어른 댁 도련님,고개",
      "setting": "서라벌,조용한 오후,산",
      "action": "멈추고,바라보았지요,달려왔어요,수군거리고,쥐고,달려가는,보였어요,갸웃거렸지요",
      "feeling": null,
      "causalRelationship": "조용한 오후,요란한 말발굽 소리가 서라벌을 뒤흔들었어요. 사람들이 하던 일을 멈추고 소리가 나는 쪽을 바라보았지요.",
      "outcomeResolution": null,
      "prediction": null,
      "plotSummaryInfoCount": 1,
      "plotSummaryInfo": {
        "classification": "사회관계",
        "readAge": "초등_저학년",
        "form": "long-form",
        "plotSummaryText": "조용한 오후, 말발굽 소리에 사람들이 소리가 나는 쪽을 바라보니 귀족 집의 말인 것 같은데 아무도 타고 있지 않았고, 그때 길 한가운데에서 말고삐를 쥐고 달려가는 김한신 어른 댁 도련님이 보였다.",
        "textWordEA": 29
      }
    },
    {
      "srcTextID": "127537",
      "srcText": "소년은 종아리가 부르터도 비명 한 번 지르지 않았어요. 아픔을 참느라 입술을 꽉 깨무는 바람에 소년의 입술에는 핏방울이 맺혔지요. 아버지가 회초리를 멈추자, 소년은 무릎을 꿇고 앉아 또박또박 말했어요. “아버지, 저는 세속오계 가운데 다섯째 계율을 지키기 위해 나머지 네 개의 계율을 버리기로 했습니다.” 다섯째 계율은 살아 있는 것을 함부로 죽이지 않는다는 것이었지요. “어려서부터 활쏘기를 배웠지만 저는 단 한 번도 살아 있는 동물에게 활을 쏘지 않았습니다. 살아 있는 것을 죽이는 짓은 사람으로서 결코 해서는 안 될 일이기 때문입니다. 그런데 오늘 사슴 사냥을 하게 되었습니다. 저는 도저히 사슴에게 활을 쏠 수 없었습니다. 그래서 수련을 포기하고 돌아온 것입니다.”",
      "srcPage": 3,
      "srcSentenceEA": 10,
      "srcWordEA": 100,
      "character": "소년은,종아리,아버지,동물,활,입술,회초리,무릎,사슴",
      "setting": "오늘",
      "action": "깨무는,지르지 않았어요,말했어요,꿇고 앉아,멈추자,배웠지만,쏘지 않았습니다,쏠 수 없었습니다",
      "feeling": null,
      "causalRelationship": null,
      "outcomeResolution": null,
      "prediction": null,
      "plotSummaryInfoCount": 1,
      "plotSummaryInfo": {
        "classification": "사회관계",
        "readAge": "초등_저학년",
        "form": "long-form",
        "plotSummaryText": "종아리가 부르터도 비명 한 번 지르지 않고 아픔을 참던 소년은 아버지가 회초리를 멈추자, 세속오계의 다섯째 계율인 살아 있는 것을 함부로 죽이지 않는다는 것을 지키기 위해 나머지 네 개의 계율을 버리기로 했다고 하면서, 사냥 중에 사슴에게 활을 쏠 수 없어서 수련을 포기하고 돌아온 것이라고 말했습니다.",
        "textWordEA": 44
      }
    },
    {
      "srcTextID": "127538",
      "srcText": "소년은 어릴 때부터 작은 벌레도 함부로 죽이지 않았고 생선이나 고기로 만든 음식은 입에도 대지 않았어요. 아버지는 소년이 화랑 수련을 받다 보면 차츰 달라질 거라 믿었어요. 하지만 결국 소년은 화랑 생활에 적응하지 못하고 집으로 돌아오고 만 거예요. “우리 집에 아들이라고는 너 하나뿐인데 화랑이 되어 이름을 날리기는커녕 스님처럼 살려 하니 정말 걱정이로구나.” 아버지가 한숨을 내쉬며 말하자 소년의 눈이 빛났어요. “아버지, 저는 스님이 되고 싶습니다. 허락해 주세요.” 소년의 목소리에서는 간절함이 배어났어요. 아버지는 아무리 말려 보았자 소용이 없을 거라는 것을 알았지요. “좋다. 네가 바라는 대로 스님이 되거라. 하지만 한 가지는 분명히 약속해야 한다.” 소년은 두 눈을 동그랗게 뜨고 아버지를 쳐다보았어요. “스님이 되더라도 신라의 왕족으로서 나라에 어려움이 닥치면 목숨을 걸고 나서야 한다.” “약속하겠습니다. 아버지!” 소년은 아버지께 공손하게 인사를 드리고 방에서 나왔어요. 몇 년 후, 소년은 황복사라는 절로 들어가 ‘의상’이라는 이름의 스님이 되었어요.",
      "srcPage": 4,
      "srcSentenceEA": 17,
      "srcWordEA": 140,
      "character": "소년,벌레,생선,고기,입,스님,아버지,저,두 눈,왕족,의상",
      "setting": "집,방,황복사,신라,나라,몇 년 후",
      "action": "돌아오고,내쉬며 말하자,쳐다보았어요,나왔어요,들어가,동그랗게 뜨고,인사를 드리고,되었어요",
      "feeling": "간절함이 배어났어요,걱정이로구나",
      "causalRelationship": null,
      "outcomeResolution": null,
      "prediction": null,
      "plotSummaryInfoCount": 1,
      "plotSummaryInfo": {
        "classification": "사회관계",
        "readAge": "초등_저학년",
        "form": "long-form",
        "plotSummaryText": "아버지는 어릴 때부터 벌레도 죽이지 않고 생선이나 고기로 만든 음식은 입에도 대지 않은 소년이 화랑 수련을 받다 보면 달라질 거라 믿었지만, 하나뿐인 아들은 적응하지 못하고 스님처럼 살려 하니 걱정했고, 결국 소년은 신라의 왕족으로서 나라에 어려움이 닥치면 목숨을 걸고 나서겠다는 약속을 한 지 몇 년 후, 황복사라는 절에서 의상이라는 스님이 되었습니다.",
        "textWordEA": 50
      }
    },
    {
      "srcTextID": "127541",
      "srcText": "이윽고 당나라로 떠나는 배를 타기로 한 날이 되었어요. 그런데 그날 마침 비가 쏟아졌어요. 둘은 근처의 바위 동굴에서 하룻밤 묵기로 했지요. 다음 날 아침, 의상 대사가 눈을 떠 보니 원효 대사가 몹시 괴로운 표정으로 토하고 있었어요. “여보게, 원효. 자네 도대체 왜 그러나?” 원효 대사는 입을 틀어막은 채 옆을 가리켰어요. 원효 대사가 가리킨 곳을 살피던 의상 대사는 깜짝 놀랐어요. 거기에는 사람 해골이 나뒹굴고 있었거든요.",
      "srcPage": 6,
      "srcSentenceEA": 9,
      "srcWordEA": 69,
      "character": "배,비,의상 대사,원효 대사,사람 해골,눈,입",
      "setting": "바위 동굴,다음 날 아침,당나라,그날,하룻밤",
      "action": "토하고 있었어요,가리켰어요,틀어막은 채,살피던,떠 보니,나뒹굴고",
      "feeling": "깜짝 놀랐어요,괴로운 표정",
      "causalRelationship": null,
      "outcomeResolution": null,
      "prediction": null,
      "plotSummaryInfoCount": 1,
      "plotSummaryInfo": {
        "classification": "사회관계",
        "readAge": "초등_저학년",
        "form": "long-form",
        "plotSummaryText": "당나라로 떠나는 배를 타기로 한 날이 비가 쏟아져서 근처의 바위 동굴에서 하룻밤 묵었는데, 다음 날 아침 원효 대사는 괴로운 표정으로 토하고 있고 그가 가리킨 곳에는 사람 해골이 나뒹굴고 있었습니다.",
        "textWordEA": 29
      }
    },
    {
      "srcTextID": "127540",
      "srcText": "“새벽에 목이 말라 물을 마셨는데 아침에 깨어 보니 그 물이 저 해골에 담긴 것이 아니겠는가! 그 순간 갑자기 속이 뒤틀리기 시작했네.” 잠시 생각에 잠겼던 원효 대사가 갑자기 빙그레 웃음을 지었어요. “의상, 나는 당나라에 가지 않겠네.” 의상 대사는 원효 대사의 말에 어리둥절했어요. “나는 깨달음을 얻었네. 해골에 담긴 물인 줄 모르고 마셨을 때는 그렇게 시원하고 맛있더니 해골에 담긴 물인 걸 알고 나서 갑자기 속이 메스꺼워지다니! 세상 모든 것은 마음먹기에 달려 있어. 깨달음은 꼭 당나라에 가야 얻을 수 있는 게 아니야. 난 신라로 돌아가겠네.”",
      "srcPage": 7,
      "srcSentenceEA": 10,
      "srcWordEA": 88,
      "character": "목,물,원효 대사",
      "setting": "새벽,아침,해골,당나라,신라",
      "action": "마셨는데,깨어 보니,웃음을 지었어요,돌아가겠네",
      "feeling": "어리둥절했어요",
      "causalRelationship": null,
      "outcomeResolution": null,
      "prediction": null,
      "plotSummaryInfoCount": 1,
      "plotSummaryInfo": {
        "classification": "사회관계",
        "readAge": "초등_저학년",
        "form": "long-form",
        "plotSummaryText": "원효 대사는 갑자기 웃음을 짓고 당나라에 가지 않고 신라로 돌아가겠다며, 모르고 마셨을 때는 맛있었던 것이 해골에 담긴 물인 걸 알고 나선 속이 메스꺼워진 것을 보니 세상 모든 것은 마음먹기에 달려 있다고 했습니다.",
        "textWordEA": 32
      }
    },
    {
      "srcTextID": "127547",
      "srcText": "당나라 황제는 의상 대사가 김흠순을 만났다는 사실을 알아차리고 당장 의상 대사를 잡아 오라는 명령을 내렸어요. 다행히 의상 대사는 당나라 군사가 들이닥치기 전에 장안을 빠져나갔답니다. 하지만 신라로 가는 배를 타기 위해 서둘러 찾아간 나루터에는 어느새 당나라 군사들이 쫙 깔려 있었어요. 의상 대사는 배를 타는 것을 포기하고 위험한 산길을 헤치며 신라로 향했어요. 의상 대사는 산속에서 산적을 만나 가진 물건을 빼앗기기도 했고, 군사들에게 쫓겨 달아나다 벼랑에서 굴러 크게 다치기도 했지요. 갖은 고생 끝에 신라에 도착한 의상 대사는 그동안에 쌓인 피로와 긴장감 때문에 그대로 정신을 잃고 말았답니다.",
      "srcPage": 13,
      "srcSentenceEA": 6,
      "srcWordEA": 88,
      "character": "당나라 황제,의상 대사,김흠순,배,당나라 군사들,산적,물건",
      "setting": "장안,나루터,벼랑,당나라 군사가 들이닥치기 전,신라,위험한 산길,산속",
      "action": "만났다는,명령을 내렸어요,빠져나갔답니다,찾아간,굴러,알아차리고,쫙 깔려 있었어요,포기하고,헤치며,향했어요,만나,빼앗기기도 했고,쫓겨,달아나다,다치기도 했지요,도착한",
      "feeling": null,
      "causalRelationship": "갖은 고생 끝에 신라에 도착한 의상 대사는 그동안에 쌓인 피로와 긴장감 때문에 그대로 정신을 잃고 말았답니다.",
      "outcomeResolution": null,
      "prediction": null,
      "plotSummaryInfoCount": 1,
      "plotSummaryInfo": {
        "classification": "사회관계",
        "readAge": "초등_저학년",
        "form": "long-form",
        "plotSummaryText": "의상 대사가 김흠순을 만났다는 사실을 안 당나라 황제는 대사를 잡아 오라는 명령을 내렸지만, 의상 대사는 당나라 군사가 들이닥치기 전에 장안을 빠져나갔고, 고생 끝에 신라에 도착한 의상 대사는 피로로 인해 정신을 잃었습니다.",
        "textWordEA": 31
      }
    },
    {
      "srcTextID": "145480",
      "srcText": "‘나라와 임금에게 충성하고, 부모에게 효도하고, 친구와 의리를 지키며, 전쟁터에서는 절대 물러서지 않으며, 생명이 있는 것을 함부로 죽이지 않는다.’ 화랑이라면 꼭 지켜야 하는‘세속오계’의 내용입니다. 화랑은 전쟁이 일어나면 나라를 위해 기꺼이 전쟁터에 나가야 합니다. 그리고 전쟁에 이기기 위해서는 상대와 목숨을 걸고 싸워야 하지요. 신라 왕족 김한신의 아들이었던 의상 대사는 이런 문제로 고민을 했지요. 그리고 결국 화랑의 길을 버리고 스님이 되었습니다. 하지만 의상 대사는 스님이 된 후\n에도 신라를 위해 충성을 다하려고 노력했어요. 그 무렵 당나라 황제는 삼국 통일을 이룬 신라를 호시탐탐 노리고 있었습니다. 당나라에 머물고 있었던 의상 대사는 당나라 황제의 속셈을 알아차리고 신라로 돌아와 문무왕에게 이 사실을 알렸지요. 처음에는 당나라를 위해 거짓말을 한다는 오해를 받기도 했지만, 의상 대사는 결코 물러서지 않았고 당나라의 침입을 미리 막아 내는 데 큰 도움을 주었습니다. 의상 대사는 원효 대사와 더불어 신라 불교를 대표하는 스님으로 꼽힙니다. 불교 공부를 하기 위해 당나라로 가던 중, 원효 대사는 해골에 담긴 물을 마시고는‘모든 것은 마음먹기에 달렸다.’라는 진리를 깨닫고 신라로 돌아갔지만, 의상 대사는 당나라로 가서‘화엄종’을 공부하고 신라에 이를 널리 알렸습니다. 의상 대사는 나라를 위해 목숨을 아끼지 않은 애국자이자 신라의 불교와 문화를 발전시킨 분입니다.",
      "srcPage": 16,
      "srcSentenceEA": 16,
      "srcWordEA": 184,
      "character": "화랑,세속오계,전쟁,상대,의상 대사,스님,당나라 황제,문무왕,원효 대사,화엄종",
      "setting": "나라,전쟁터,신라,그 무렵,당나라",
      "action": "나가야 합니다,이기기 위해서,싸워야 하지요,고민을 했지요,노력했어요",
      "feeling": null,
      "causalRelationship": null,
      "outcomeResolution": "의상 대사는 나라를 위해 목숨을 아끼지 않은 애국자이자 신라의 불교와 문화를 발전시킨 분입니다.",
      "prediction": null,
      "plotSummaryInfoCount": 1,
      "plotSummaryInfo": {
        "classification": "사회관계",
        "readAge": "초등_저학년",
        "form": "long-form",
        "plotSummaryText": "의상 대사는 화랑의 길을 버리고 스님이 되었는데, 스님이 된 이후에도 신라를 위해 충성을 다하려고 노력했으며, 당나라에 머물고 있던 의상 대사는 당나라 황제의 속셈을 알아차리고 신라로 돌아와 문무왕에게 사실을 알렸고, 당나라의 침입을 막아냈으며, 의상 대사는 나라를 위해 목숨을 아끼지 않은 애국자이자 신라의 불교와 문화를 발전시킨 분입니다.",
        "textWordEA": 45
      }
    }
  ]
}