{
  "title": "딱 보면 알아 고민 상담소",
  "author": "우미옥",
  "illustrator": "이종균",
  "isbn": "9791165953126",
  "publishedYear": 2021,
  "publisher": "아람북스",
  "paragraphInfoCount": 17,
  "paragraphInfo": [
    {
      "srcTextID": "19642",
      "srcText": "“그게.” “알아요, 알아. 음식은 뭐든 다 맛있고, 움직이는 건 정말 귀찮지요?” “저.” “자, 오늘부터 잎사귀를 한 장씩만 드세요. 그리고 당장 운동을 시작하세요. 고민 해결! 다음 손님 들어오세요.” 애벌레는 아무 말도 하지 못하고 나갔어요.",
      "srcPage": 4,
      "srcSentenceEA": 7,
      "srcWordEA": 38,
      "character": "음식,잎사귀,손님,애벌레",
      "setting": null,
      "action": "알아요,귀찮지요,드세요,나갔어요",
      "feeling": null,
      "causalRelationship": null,
      "outcomeResolution": null,
      "prediction": null,
      "plotSummaryInfoCount": 1,
      "plotSummaryInfo": {
        "classification": "사회관계",
        "readAge": "초등_저학년",
        "form": "long-form",
        "plotSummaryText": "당장 운동을 시작하고 잎사귀를 한 장씩만 먹으라고 하자, 애벌레는 아무 말도 하지 못하고 나갔습니다.",
        "textWordEA": 14
      }
    },
    {
      "srcTextID": "19650",
      "srcText": "“저는 번데기가 되는 게 무서워요. 나비가 되기도 전에 숨이 막혀 죽으면 어떡하죠?” 애벌레는 무서운 나머지 몸을 달달 떨기까지 했어요. 토끼는 애벌레의 말을 끝까지 다 듣고 고개를 끄덕였어요.",
      "srcPage": 11,
      "srcSentenceEA": 4,
      "srcWordEA": 30,
      "character": "저,번데기,나비,토끼",
      "setting": null,
      "action": "죽으면,듣고,고개를 끄덕였어요",
      "feeling": "무서워요,무서운",
      "causalRelationship": null,
      "outcomeResolution": null,
      "prediction": null,
      "plotSummaryInfoCount": 1,
      "plotSummaryInfo": {
        "classification": "사회관계",
        "readAge": "초등_저학년",
        "form": "long-form",
        "plotSummaryText": "번데기가 되는 게 무섭다는 애벌레의 말을 토끼는 끝까지 다 듣고 고개를 끄덕였습니다.",
        "textWordEA": 12
      }
    },
    {
      "srcTextID": "19649",
      "srcText": "“어머나, 정말 무섭겠어요. 하지만 그 시간을 참고 견디면 아름다운 나비가 되어 여기저기 마음대로 날아다닐 수 있을 거예요. 달콤한 꿀도 먹을 수 있고요. 무서워도 조금만 참는 게 좋겠지요?” 토끼와 고민 상담을 마친 애벌레는 기분이 좋아져서 돌아갔어요.",
      "srcPage": 12,
      "srcSentenceEA": 5,
      "srcWordEA": 39,
      "character": "나비,꿀,토끼,애벌레",
      "setting": null,
      "action": "날아다닐 수,돌아갔어요",
      "feeling": "무섭겠어요,무서워도,좋아져서",
      "causalRelationship": null,
      "outcomeResolution": null,
      "prediction": null,
      "plotSummaryInfoCount": 1,
      "plotSummaryInfo": {
        "classification": "사회관계",
        "readAge": "초등_저학년",
        "form": "long-form",
        "plotSummaryText": "정말 무섭겠지만 참고 견디면 아름다운 나비가 되어 날아다닐 수도 있고 꿀도 먹을 수 있을 거라는 토끼의 말에 애벌레는 기분이 좋아져서 돌아갔습니다.",
        "textWordEA": 21
      }
    },
    {
      "srcTextID": "19652",
      "srcText": "이번에는 까마귀 차례였어요. 까마귀는 몸을 움츠리며 말했어요. “저는 몸이 까만 데다가 목소리도 너무 커서 친구들이 저를 싫어하는 것 같아요.”",
      "srcPage": 13,
      "srcSentenceEA": 3,
      "srcWordEA": 20,
      "character": "까마귀,몸,저,친구들",
      "setting": null,
      "action": "움츠리며,말했어요",
      "feeling": "싫어하는",
      "causalRelationship": null,
      "outcomeResolution": null,
      "prediction": null,
      "plotSummaryInfoCount": 1,
      "plotSummaryInfo": {
        "classification": "사회관계",
        "readAge": "초등_저학년",
        "form": "short-form",
        "plotSummaryText": "까마귀는 몸이 까맣고 목소리가 커서 친구들이 싫어하는 거 같다고 몸을 움츠리며 말했습니다.",
        "textWordEA": 12
      }
    },
    {
      "srcTextID": "19655",
      "srcText": "“저는 손님에게 어떤 고민이 있는지 딱 보면 알거든요. 그래서 보자마자 고민을 해결해 주었는데.” 토끼가 갸웃하며 물었어요. “그냥 딱 보면 고민을 안다고요? 어떻게요?”",
      "srcPage": 17,
      "srcSentenceEA": 5,
      "srcWordEA": 25,
      "character": "저,손님,토끼",
      "setting": null,
      "action": "보면,알거든요,물었어요,안다고요",
      "feeling": null,
      "causalRelationship": null,
      "outcomeResolution": null,
      "prediction": null,
      "plotSummaryInfoCount": 1,
      "plotSummaryInfo": {
        "classification": "사회관계",
        "readAge": "초등_저학년",
        "form": "long-form",
        "plotSummaryText": "손님의 고민을 딱 보자마자 알고 해결해 주었다고 하자, 그냥 딱 보고 고민을 어떻게 고민을 아느냐고 토끼가 물었습니다.",
        "textWordEA": 17
      }
    },
    {
      "srcTextID": "19656",
      "srcText": "그 순간 여우의 얼굴이 새빨개졌어요. “아, 안다고 생각했는데 아, 아니었나 봐요. 사실은 끝까지 다 안 들어서 손님들의 고민을 정확히 알지 못했던 것 같아요.”",
      "srcPage": 18,
      "srcSentenceEA": 3,
      "srcWordEA": 24,
      "character": "여우,손님들",
      "setting": null,
      "action": "생각했는데,안 들어서,알지 못했던",
      "feeling": null,
      "causalRelationship": null,
      "outcomeResolution": null,
      "prediction": null,
      "plotSummaryInfoCount": 1,
      "plotSummaryInfo": {
        "classification": "사회관계",
        "readAge": "초등_저학년",
        "form": "short-form",
        "plotSummaryText": "끝까지 다 안 들어서 손님들의 고민을 정확히 알지 못했던 것 같다고 새빨개진 얼굴로 여우가 말했습니다.",
        "textWordEA": 15
      }
    },
    {
      "srcTextID": "19657",
      "srcText": "“맞아요, 상대방이 하는 말을 끝까지 들어 봐야 상대방의 고민을 알 수 있어요.” 여우도 고개를 끄덕였지요. 상담을 마치고 돌아온 여우는 상담소 간판을 바꿔 달았어요. ‘두 번째로 잘 들어 주는 고민 상담소’라고 말이에요.",
      "srcPage": 20,
      "srcSentenceEA": 5,
      "srcWordEA": 35,
      "character": "여우,상담소 간판",
      "setting": null,
      "action": "들어 봐야,알 수 있어요,고개를 끄덕였지요,돌아온,바꿔 달았어요",
      "feeling": null,
      "causalRelationship": null,
      "outcomeResolution": null,
      "prediction": null,
      "plotSummaryInfoCount": 1,
      "plotSummaryInfo": {
        "classification": "사회관계",
        "readAge": "초등_저학년",
        "form": "long-form",
        "plotSummaryText": "상대방이 하는 말을 끝까지 들어 봐야 상대방의 고민을 알 수 있다는 토끼의 말에 여우는 고개를 끄덕였고, 돌아와서 두 번째로 잘 들어주는 고민 상담소라고 상담소 간판을 바꿔 달았습니다.",
        "textWordEA": 27
      }
    },
    {
      "srcTextID": "19639",
      "srcText": "여우가 휘파람을 휘휘 불며 ‘딱 보면 알아 고민 상담소’라고 쓰인 간판을 달고 있었어요. “곧 손님들이 몰려오겠지? 히히.” 여기저기 붙어 있는 광고지에는 이렇게 쓰여 있었어요. ‘어떤 고민이든 해결해 드립니다.’",
      "srcPage": 1,
      "srcSentenceEA": 6,
      "srcWordEA": 32,
      "character": "여우,간판,손님들,광고지",
      "setting": null,
      "action": "불며,달고 있었어요,몰려오겠지",
      "feeling": null,
      "causalRelationship": null,
      "outcomeResolution": null,
      "prediction": null,
      "plotSummaryInfoCount": 1,
      "plotSummaryInfo": {
        "classification": "사회관계",
        "readAge": "초등_저학년",
        "form": "long-form",
        "plotSummaryText": "여우는 손님들이 몰려오길 기대하며 딱 보면 알아 고민 상담소라고 쓰인 간판을 달고 있었습니다.",
        "textWordEA": 13
      }
    },
    {
      "srcTextID": "19641",
      "srcText": "여우의 생각대로 광고지를 보고 손님들이 찾아왔어요. 첫 번째 손님은 애벌레였어요. 애벌레가 자리에 앉자마자 여우가 먼저 말했어요.",
      "srcPage": 2,
      "srcSentenceEA": 3,
      "srcWordEA": 18,
      "character": "여우,광고지,손님들,첫 번째 손님,애벌레",
      "setting": null,
      "action": "보고,찾아왔어요,앉자마자,말했어요",
      "feeling": null,
      "causalRelationship": null,
      "outcomeResolution": null,
      "prediction": null,
      "plotSummaryInfoCount": 1,
      "plotSummaryInfo": {
        "classification": "사회관계",
        "readAge": "초등_저학년",
        "form": "short-form",
        "plotSummaryText": "여우의 생각대로 광고지를 보고 찾아온 첫 번째 손님은 애벌레였습니다.",
        "textWordEA": 9
      }
    },
    {
      "srcTextID": "19640",
      "srcText": "“말하지 않아도 딱 보니 알겠어요. 살이 쪄서 고민이군요! 친구들이 뚱뚱하다고 놀리죠?”",
      "srcPage": 3,
      "srcSentenceEA": 3,
      "srcWordEA": 13,
      "character": "친구들",
      "setting": null,
      "action": "말하지 않아도,보니,알겠어요,놀리죠",
      "feeling": null,
      "causalRelationship": null,
      "outcomeResolution": null,
      "prediction": null,
      "plotSummaryInfoCount": 1,
      "plotSummaryInfo": {
        "classification": "사회관계",
        "readAge": "초등_저학년",
        "form": "short-form",
        "plotSummaryText": "살이 찐 게 고민이겠다며 친구들이 놀리는지 물었습니다.",
        "textWordEA": 7
      }
    },
    {
      "srcTextID": "19644",
      "srcText": "두 번째 손님은 까마귀였어요. 까마귀가 앉자마자 여우가 또 먼저 나섰어요. 아하, 딱 보니 알겠어요.",
      "srcPage": 5,
      "srcSentenceEA": 3,
      "srcWordEA": 16,
      "character": "두 번째 손님,까마귀,여우",
      "setting": null,
      "action": "앉자마자,나섰어요,알겠어요",
      "feeling": null,
      "causalRelationship": null,
      "outcomeResolution": null,
      "prediction": null,
      "plotSummaryInfoCount": 1,
      "plotSummaryInfo": {
        "classification": "사회관계",
        "readAge": "초등_저학년",
        "form": "short-form",
        "plotSummaryText": "두 번째 손님으로 온 까마귀에게도 여우는 또 먼저 고민이 무엇인지 알겠다고 했습니다.",
        "textWordEA": 12
      }
    },
    {
      "srcTextID": "19646",
      "srcText": "까마귀는 부리를 쭉 내밀며 중얼거렸어요. “뭐야? 새들의 왕 뽑기도 안 읽어 봤나?” 까마귀가 나간 뒤 여우는 기분이 좋아서 우쭐우쭐했어요. “나는 정말 훌륭한 고민 상담사야!”",
      "srcPage": 8,
      "srcSentenceEA": 4,
      "srcWordEA": 26,
      "character": "까마귀,여우,나,고민 상담사",
      "setting": null,
      "action": "내밀며,중얼거렸어요,안 읽어 봤나,나간",
      "feeling": "좋아서",
      "causalRelationship": null,
      "outcomeResolution": null,
      "prediction": null,
      "plotSummaryInfoCount": 1,
      "plotSummaryInfo": {
        "classification": "사회관계",
        "readAge": "초등_저학년",
        "form": "long-form",
        "plotSummaryText": "까마귀는 새들의 왕 뽑기도 안 읽어봤냐고 중얼거리며 나갔지만, 여우는 자기는 훌륭한 상담사라며 우쭐했습니다.",
        "textWordEA": 13
      }
    },
    {
      "srcTextID": "19647",
      "srcText": "하지만 까마귀가 나간 뒤로 더 이상 손님이 오지 않았어요. 하루가 지나고 이틀이 지나도 말이지요. 그러던 어느 날, 여우는 아랫마을 ‘다 잘 들어 고민 상담소’에 손님들이 줄을 선다는 소문을 들었어요. “도대체 비결이 뭐길래 손님이 그렇게 많은 거야?” 여우는 그 비결을 알아내기 위해 변장을 하고 길을 나섰어요.",
      "srcPage": 9,
      "srcSentenceEA": 6,
      "srcWordEA": 49,
      "character": "까마귀,손님,여우,다 잘 들어 고민 상담소",
      "setting": "아랫마을",
      "action": "나간,오지 않았어요,들었어요,나섰어요",
      "feeling": null,
      "causalRelationship": null,
      "outcomeResolution": null,
      "prediction": null,
      "plotSummaryInfoCount": 1,
      "plotSummaryInfo": {
        "classification": "사회관계",
        "readAge": "초등_저학년",
        "form": "long-form",
        "plotSummaryText": "까마귀가 나간 뒤로 더 이상 손님이 오지 않자, 여우는 손님들이 줄을 선다는 다 잘 들어 고민 상담소의 비결을 알아내기 위해 변장을 하고 길을 나섰습니다.",
        "textWordEA": 24
      }
    },
    {
      "srcTextID": "19648",
      "srcText": "소문대로 ‘다 잘 들어 고민 상담소’에는 손님들이 길게 줄을 서 있었어요. 여기저기 살피던 여우는 자신이 상담해 준 애벌레와 까마귀도 줄 서 있는 것을 보고 눈이 휘둥그레졌어요. ‘뭐야? 내가 고민을 다 해결해 주었는데 왜 또 온 거지? 도대체 무슨 말을 하는지 들어 봐야겠어.’ 여우는 상담소 창문 아래에 몰래 숨어서 귀를 기울였어요.",
      "srcPage": 10,
      "srcSentenceEA": 7,
      "srcWordEA": 56,
      "character": "손님들,여우,애벌레,까마귀,내",
      "setting": "다 잘 들어 고민 상담소",
      "action": "서 있었어요,줄 서 있는,들어 봐야겠어,귀를 기울였어요",
      "feeling": null,
      "causalRelationship": null,
      "outcomeResolution": null,
      "prediction": null,
      "plotSummaryInfoCount": 1,
      "plotSummaryInfo": {
        "classification": "사회관계",
        "readAge": "초등_저학년",
        "form": "long-form",
        "plotSummaryText": "다 잘 들어 고민 상담소에는 여우가 상담해 준 애벌레와 까마귀도 줄 서 있는 것을 보고 여우는 눈이 휘둥그레졌고, 상담소 창문 아래에 몰래 숨어서 귀를 기울였습니다.",
        "textWordEA": 25
      }
    },
    {
      "srcTextID": "19651",
      "srcText": "까마귀의 말이 끝나자 토끼가 물었어요. “친구들이 싫어한다고요?” 까마귀가 머리를 긁적이며 말했어요. “글쎄요, 사실 싫어하는지 직접 물어본 적은 없어요.” “내가 볼 땐 까만 몸도 큰 목소리도 아주 멋진걸요.” “정말요?” “그럼요, 물론이죠.” 까마귀는 토끼에게 고맙다고 인사하고 상담소를 나갔어요.",
      "srcPage": 14,
      "srcSentenceEA": 7,
      "srcWordEA": 38,
      "character": "까마귀,토끼,친구들,내,까만 몸",
      "setting": null,
      "action": "물었어요,말했어요,인사하고",
      "feeling": "싫어하는지,고맙다고",
      "causalRelationship": null,
      "outcomeResolution": null,
      "prediction": null,
      "plotSummaryInfoCount": 1,
      "plotSummaryInfo": {
        "classification": "사회관계",
        "readAge": "초등_저학년",
        "form": "long-form",
        "plotSummaryText": "토끼는 친구들이 싫어하는지 직접 물어보진 않았다는 까마귀에게, 까만 몸에 큰 목소리가 아주 멋지다고 말했고, 까마귀는 토끼에게 고맙다고 인사하며 상담소를 나갔습니다.",
        "textWordEA": 20
      }
    },
    {
      "srcTextID": "19654",
      "srcText": "다음은 여우 차례였어요. “내가 왜 왔는지 딱 보면 알겠지요?” “고민을 말하지도 않았는데, 내가 어떻게 알겠어요? 괜찮으니까 편안하게 이야기해 보세요.” 그러자 여우는 자기도 모르게 한숨을 내쉬었어요.",
      "srcPage": 15,
      "srcSentenceEA": 5,
      "srcWordEA": 27,
      "character": "여우,내,토끼",
      "setting": null,
      "action": "왔는지,보면 알겠지요,말하지도 않았는데,이야기해 보세요",
      "feeling": null,
      "causalRelationship": null,
      "outcomeResolution": null,
      "prediction": null,
      "plotSummaryInfoCount": 1,
      "plotSummaryInfo": {
        "classification": "사회관계",
        "readAge": "초등_저학년",
        "form": "long-form",
        "plotSummaryText": "차례가 된 여우는 토끼에게 내 고민이 뭔지 알겠냐고 물었고, 토끼는 말하지 않으면 어떻게 알겠냐며 편안하게 이야기해 보라고 말했습니다.",
        "textWordEA": 18
      }
    },
    {
      "srcTextID": "19658",
      "srcText": "여우는 고민을 털어놓고 나니 마음이 후련했어요. “그동안 잘 듣지도 않고 내 말만 해서 손님들이 안 왔나 봐요.” 여우의 말을 들은 토끼가 고개를 끄덕였어요.",
      "srcPage": 19,
      "srcSentenceEA": 3,
      "srcWordEA": 24,
      "character": "여우,손님들,토끼",
      "setting": null,
      "action": "듣지도 않고,안 왔나 봐요,고개를 끄덕였어요",
      "feeling": "후련했어요",
      "causalRelationship": null,
      "outcomeResolution": null,
      "prediction": null,
      "plotSummaryInfoCount": 1,
      "plotSummaryInfo": {
        "classification": "사회관계",
        "readAge": "초등_저학년",
        "form": "short-form",
        "plotSummaryText": "그동안 손님들의 말을 듣지도 않고 자기 말만 해서 손님들이 안 온 거 같다는 여우의 말에 토끼는 고개를 끄덕였습니다.",
        "textWordEA": 18
      }
    }
  ]
}