{
  "title": "거짓말 전시회",
  "author": "서구름",
  "illustrator": "혜경",
  "isbn": "9791165953041",
  "publishedYear": 2021,
  "publisher": "아람북스",
  "paragraphInfoCount": 25,
  "paragraphInfo": [
    {
      "srcTextID": "17414",
      "srcText": " “남의 그림을 훔쳐서 자기 그림이라고 거짓말한 그림이랍니다.” “세상에서 가장 못 된 거짓말쟁이로군!” “정직하지 못한 사람은 크게 혼쭐이 나야 해!” 관람객들은 웅성거리며 그림 앞에서 손가락질을 했어. 그러더니 갑자기 뒤를 돌아 모두 나를 바라보는 거야. ",
      "srcPage": 18,
      "srcSentenceEA": 5,
      "srcWordEA": 35,
      "character": "그림,관람객,나",
      "setting": null,
      "action": "훔쳐서,웅성거리며,손가락질을 했어,뒤를 돌아,바라보는",
      "feeling": null,
      "causalRelationship": null,
      "outcomeResolution": "그러더니 갑자기 뒤를 돌아 모두 나를 바라보는 거야.",
      "prediction": null,
      "plotSummaryInfoCount": 1,
      "plotSummaryInfo": {
        "classification": "사회관계",
        "readAge": "초등_저학년",
        "form": "long-form",
        "plotSummaryText": "관람객들은 남의 그림을 훔쳐서 자기 그림이라고 거짓말한 그림을 보고는 세상에서 가장 못 된 거짓말쟁이라며 손가락질을 하다가 갑자기 뒤를 돌아 모두 나를 바라보았습니다.",
        "textWordEA": 22
      }
    },
    {
      "srcTextID": "17416",
      "srcText": "나는 뒤도 안 돌아보고 도망쳤어. 한참을 도망쳐서 도착한 곳은 내 방이었어. 나를 바라보던 사람들의 눈빛이 자꾸 생각났어. 커다란 바위가 가슴을 누르는 것만 같았지.",
      "srcPage": 19,
      "srcSentenceEA": 4,
      "srcWordEA": 26,
      "character": "나,사람들,바위,가슴",
      "setting": "내 방",
      "action": "도망쳤어,생각났어,누르는 것만",
      "feeling": null,
      "causalRelationship": "나를 바라보던 사람들의 눈빛이 자꾸 생각났어. 커다란 바위가 가슴을 누르는 것만 같았지.",
      "outcomeResolution": "커다란 바위가 가슴을 누르는 것만 같았지.",
      "prediction": null,
      "plotSummaryInfoCount": 1,
      "plotSummaryInfo": {
        "classification": "사회관계",
        "readAge": "초등_저학년",
        "form": "long-form",
        "plotSummaryText": "나는 뒤도 돌아보지 않고 한참을 도망쳐 내 방에 도착했고, 나를 바라보던 사람들의 눈빛이 자꾸 생각나서 가슴을 누르는 것만 같았습니다.",
        "textWordEA": 19
      }
    },
    {
      "srcTextID": "17420",
      "srcText": "엄마에게 혼날 줄 알았는데 엄마는 나를 꼭 안아 주었어. “지훈아, 엄마한테 정직하게 말해 줘서 고마워. 누나에게도 솔직하게 말해 줄 수 있겠니?” 나는 눈물을 흘리며 고개를 끄덕였어.",
      "srcPage": 23,
      "srcSentenceEA": 4,
      "srcWordEA": 28,
      "character": "엄마,지훈,누나,나",
      "setting": null,
      "action": "눈물을 흘리며,끄덕였어,혼날 줄,안아 주었어",
      "feeling": null,
      "causalRelationship": null,
      "outcomeResolution": null,
      "prediction": "나는 눈물을 흘리며 고개를 끄덕였어.",
      "plotSummaryInfoCount": 1,
      "plotSummaryInfo": {
        "classification": "사회관계",
        "readAge": "초등_저학년",
        "form": "long-form",
        "plotSummaryText": "엄마는 정직하게 말한 나를 꼭 안아 주며 누나에게도 솔직하게 말하라고 하셨고, 나는 눈물을 흘리며 고개를 끄덕였습니다.",
        "textWordEA": 16
      }
    },
    {
      "srcTextID": "17421",
      "srcText": " 선생님이 내 그림 앞에서 엄마와 누나를 반겨 주었어. “지훈아, 공룡이 그림 밖으로 나올 것 같아.” “헤헤, 선생님은 제가 지켜 드릴게요!” 선생님이 나를 보고 싱긋 웃었어. 나도 웃으며 엄지를 척 들었어. ",
      "srcPage": 25,
      "srcSentenceEA": 5,
      "srcWordEA": 33,
      "character": "선생님,그림,엄마,누나,지훈,공룡,엄지",
      "setting": null,
      "action": "반겨,지켜 드릴게요",
      "feeling": "싱긋 웃었어",
      "causalRelationship": null,
      "outcomeResolution": "나도 웃으며 엄지를 척 들었어.",
      "prediction": null,
      "plotSummaryInfoCount": 1,
      "plotSummaryInfo": {
        "classification": "사회관계",
        "readAge": "초등_저학년",
        "form": "long-form",
        "plotSummaryText": "선생님이 내 그림 앞에서 엄마와 누나를 반겨 주며 나를 보고 싱긋 웃었고, 나도 웃으며 엄지를 척 들었습니다.",
        "textWordEA": 17
      }
    },
    {
      "srcTextID": "17405",
      "srcText": " “잘 찾아봐, 집에 있던 그림이 어디 갔겠니?” “지훈아, 네가 숨긴 거 아니야?” “아냐, 난 몰라!” 나는 시치미를 뚝 떼고 누나에게 거짓말을 했어.",
      "srcPage": 10,
      "srcSentenceEA": 4,
      "srcWordEA": 23,
      "character": "그림,지훈,누나",
      "setting": "집",
      "action": "찾아,갔겠니,숨긴",
      "feeling": null,
      "causalRelationship": null,
      "outcomeResolution": null,
      "prediction": "나는 시치미를 뚝 떼고 누나에게 거짓말을 했어.",
      "plotSummaryInfoCount": 1,
      "plotSummaryInfo": {
        "classification": "사회관계",
        "readAge": "초등_저학년",
        "form": "long-form",
        "plotSummaryText": "나는 누나에게 시치미를 뚝 떼고 내가 숨긴 그림이 어디 있는지 모른다고 거짓말을 했습니다.",
        "textWordEA": 13
      }
    },
    {
      "srcTextID": "17402",
      "srcText": "“오늘 다 그리지 못한 그림은 집에 가서 완성해 오세요.” 선생님 말씀이 끝날 때 선생님과 눈이 마주쳤어. 나는 심장이 터질 것만 같았어. ",
      "srcPage": 5,
      "srcSentenceEA": 3,
      "srcWordEA": 23,
      "character": "선생님,눈,심장,그림",
      "setting": "집",
      "action": "마주쳤어,완성해,오세요",
      "feeling": null,
      "causalRelationship": "선생님 말씀이 끝날 때 선생님과 눈이 마주쳤어. 나는 심장이 터질 것만 같았어.",
      "outcomeResolution": "나는 심장이 터질 것만 같았어.",
      "prediction": null,
      "plotSummaryInfoCount": 1,
      "plotSummaryInfo": {
        "classification": "사회관계",
        "readAge": "초등_저학년",
        "form": "short-form",
        "plotSummaryText": "선생님 말씀이 끝날 때 눈이 마주친 순간, 나는 심장이 터질 것만 같았습니다.",
        "textWordEA": 12
      }
    },
    {
      "srcTextID": "17408",
      "srcText": " 나는 집으로 돌아오는 내내 기분이 울적했어. 집에 오자마자 내 방에 있는 뾰족성 뒤로 숨었어. 그런데 이상하게도 뾰족성 한쪽에 문이 생겨 있었어. 그 문을 열고 들어가 봤더니. ",
      "srcPage": 13,
      "srcSentenceEA": 4,
      "srcWordEA": 30,
      "character": "뾰족성,문",
      "setting": "집,방",
      "action": "돌아오는,숨었어,열고,들어가",
      "feeling": "울적했어",
      "causalRelationship": null,
      "outcomeResolution": null,
      "prediction": null,
      "plotSummaryInfoCount": 1,
      "plotSummaryInfo": {
        "classification": "사회관계",
        "readAge": "초등_저학년",
        "form": "long-form",
        "plotSummaryText": "나는 집으로 돌아오는 동안 기분이 울적해 집에 오자마자 내 방에 있는 뾰족성 뒤로 숨었는데, 이상하게도 한쪽에 문이 생겨 있었습니다.",
        "textWordEA": 19
      }
    },
    {
      "srcTextID": "17418",
      "srcText": "다음 날 아침이 되었어. “엄마, 그제 잃어버린 그림을 다시 그리느라 잠을 잘 못 잤어요.” 누나 얼굴을 보니까 엄청 피곤해 보였어. 사실대로 말하고 싶었지만 거짓말한 게 미안해서 누나랑 눈도 마주치지 못했어.",
      "srcPage": 21,
      "srcSentenceEA": 4,
      "srcWordEA": 32,
      "character": "엄마,누나,그림,얼굴,눈",
      "setting": null,
      "action": null,
      "feeling": "미안해서",
      "causalRelationship": null,
      "outcomeResolution": "사실대로 말하고 싶었지만 거짓말한 게 미안해서 누나랑 눈도 마주치지 못했어.",
      "prediction": null,
      "plotSummaryInfoCount": 1,
      "plotSummaryInfo": {
        "classification": "사회관계",
        "readAge": "초등_저학년",
        "form": "long-form",
        "plotSummaryText": "다음 날 아침이 되었을 때, 잃어버린 그림을 다시 그리느라 잠을 잘 자지 못하여 피곤해 보이는 누나에게 거짓말한 게 미안해서 눈도 마주치지 못했습니다.",
        "textWordEA": 22
      }
    },
    {
      "srcTextID": "17413",
      "srcText": "으리으리한 미술관에서 전시회가 열리고 있었어. “거짓말 전시회에 오신 걸 환영합니다. 화가들이 거짓말을 주제로 그림을 그렸습니다.”",
      "srcPage": 14,
      "srcSentenceEA": 3,
      "srcWordEA": 16,
      "character": "전시회,화가,그림",
      "setting": "미술관",
      "action": "오신 걸,그렸습니다",
      "feeling": null,
      "causalRelationship": null,
      "outcomeResolution": null,
      "prediction": null,
      "plotSummaryInfoCount": 1,
      "plotSummaryInfo": {
        "classification": "사회관계",
        "readAge": "초등_저학년",
        "form": "short-form",
        "plotSummaryText": "미술관에서 화가들이 거짓말을 주제로 그린 그림으로 거짓말 전시회가 열리고 있었습니다.",
        "textWordEA": 10
      }
    },
    {
      "srcTextID": "17398",
      "srcText": "전에는 미술 학원에 다니기 싫었는데 이젠 안 그래. 매일매일 미술 학원에 가고 싶어. 그림을 100장 그려 오라고 해도 그릴 수 있어.",
      "srcPage": 2,
      "srcSentenceEA": 3,
      "srcWordEA": 23,
      "character": "그림",
      "setting": "미술 학원",
      "action": "가고,그릴 수 있어",
      "feeling": "싫었는데",
      "causalRelationship": null,
      "outcomeResolution": null,
      "prediction": "매일매일 미술 학원에 가고 싶어.",
      "plotSummaryInfoCount": 1,
      "plotSummaryInfo": {
        "classification": "사회관계",
        "readAge": "초등_저학년",
        "form": "short-form",
        "plotSummaryText": "전엔 미술 학원에 다니기 싫었지만, 이젠 그림을 100장 그려 오라고 해도 그릴 수 있을 정도로 매일매일 미술 학원에 가고 싶습니다.",
        "textWordEA": 20
      }
    },
    {
      "srcTextID": "17403",
      "srcText": " 나는 스케치북에 공룡을 그리다 마음에 들지 않아 찢고 다시 그리고, 찢고 다시 그리기를 반복했어. “야, 그만 그려. 종이가 아깝다.” 누나는 나를 약 올리면서 나가 버렸어. 나는 누나가 잠깐 자리를 비운 사이에 누나가 그린 그림을 가방에 몰래 넣었어. ",
      "srcPage": 8,
      "srcSentenceEA": 5,
      "srcWordEA": 41,
      "character": "스케치북,공룡,종이,누나,가방",
      "setting": null,
      "action": "찢고,그리고,넣었어",
      "feeling": "약 올리면서,마음에 들지 않아",
      "causalRelationship": null,
      "outcomeResolution": "나는 누나가 잠깐 자리를 비운 사이에 누나가 그린 그림을 가방에 몰래 넣었어.",
      "prediction": null,
      "plotSummaryInfoCount": 1,
      "plotSummaryInfo": {
        "classification": "사회관계",
        "readAge": "초등_저학년",
        "form": "long-form",
        "plotSummaryText": "스케치북에 공룡 그림을 그리고 찢기를 반복하고 있는 내 모습을 본 누나는 나를 약을 올리며 나가 버려서, 나는 누나가 그린 그림을 몰래 가방에 넣었습니다.",
        "textWordEA": 23
      }
    },
    {
      "srcTextID": "17412",
      "srcText": "그림 해설가가 관람객들에게 작품 설명을 하고 있었어. 나도 그림 해설가를 따라다니며 설명을 들었어. 이상하게 가슴이 찌릿찌릿, 따끔따끔했어.",
      "srcPage": 15,
      "srcSentenceEA": 3,
      "srcWordEA": 19,
      "character": "그림,해설가,관람객,나,가슴",
      "setting": null,
      "action": "설명을 하고,설명을 들었어",
      "feeling": "가슴이 찌릿찌릿,따뜸따뜸했어",
      "causalRelationship": null,
      "outcomeResolution": null,
      "prediction": null,
      "plotSummaryInfoCount": 1,
      "plotSummaryInfo": {
        "classification": "사회관계",
        "readAge": "초등_저학년",
        "form": "short-form",
        "plotSummaryText": "그림 해설가가 관람객들에게 작품을 설명하고 있었고, 나도 따라다니며 설명을 듣는데 이상하게 가슴이 찌릿찌릿 따끔따끔했습니다.",
        "textWordEA": 14
      }
    },
    {
      "srcTextID": "17415",
      "srcText": "“이 방에는 최고의 거짓말 작품이 전시되어 있습니다.” 관람객들이 그림 앞으로 우르르 모여들었어. 나도 까치발을 하고 기웃거리다가 깜짝 놀랐어. ",
      "srcPage": 17,
      "srcSentenceEA": 3,
      "srcWordEA": 20,
      "character": "관람객,그림,나,까치발",
      "setting": "방",
      "action": "모여들었어,기웃거리다가",
      "feeling": "깜짝 놀랐어",
      "causalRelationship": null,
      "outcomeResolution": null,
      "prediction": null,
      "plotSummaryInfoCount": 1,
      "plotSummaryInfo": {
        "classification": "사회관계",
        "readAge": "초등_저학년",
        "form": "short-form",
        "plotSummaryText": "이 방에 최고의 거짓말 작품이 전시되어 있다는 말에 관람객들이 그림 앞으로 몰려들었고, 나도 기웃거리다가 깜짝 놀랐습니다.",
        "textWordEA": 16
      }
    },
    {
      "srcTextID": "17397",
      "srcText": "미술 학원에 선생님이 새로 오셨어. 나는 선생님이 처음 온 날부터 선생님이 정말 좋았어. 선생님은 얼굴도 예쁘고 목소리도 예뻐.",
      "srcPage": 1,
      "srcSentenceEA": 3,
      "srcWordEA": 20,
      "character": "선생님",
      "setting": "미술 학원",
      "action": null,
      "feeling": "좋았어,예쁘고,예뻐",
      "causalRelationship": null,
      "outcomeResolution": "나는 선생님이 처음 온 날부터 선생님이 정말 좋았어.",
      "prediction": null,
      "plotSummaryInfoCount": 1,
      "plotSummaryInfo": {
        "classification": "사회관계",
        "readAge": "초등_저학년",
        "form": "short-form",
        "plotSummaryText": "미술 학원에 선생님이 처음 온 날부터 나는 선생님이 정말 좋았습니다.",
        "textWordEA": 10
      }
    },
    {
      "srcTextID": "17399",
      "srcText": "“서진아, 호랑이를 정말 잘 그렸구나!” 뭐야? 선생님이 서진이를 칭찬하잖아? 게다가 선생님이 서진이 머리도 쓰다듬었어.",
      "srcPage": 3,
      "srcSentenceEA": 4,
      "srcWordEA": 17,
      "character": "서진,선생님,머리,호랑이",
      "setting": null,
      "action": "쓰다듬었어",
      "feeling": null,
      "causalRelationship": null,
      "outcomeResolution": null,
      "prediction": "뭐야? 선생님이 서진이를 칭찬하잖아?",
      "plotSummaryInfoCount": 1,
      "plotSummaryInfo": {
        "classification": "사회관계",
        "readAge": "초등_저학년",
        "form": "long-form",
        "plotSummaryText": "선생님께서 서진이가 그린 호랑이 그림을 보시고, 머리를 쓰다듬으며 칭찬했습니다.",
        "textWordEA": 9
      }
    },
    {
      "srcTextID": "17401",
      "srcText": " “지훈아, 기대할게. 마무리 잘해 오렴.” 야호! 드디어 선생님이 내 이름을 불렀어! 선생님이 내 그림을 기대한다잖아! 하늘로 날아오를 것 같은 기분이야. ",
      "srcPage": 6,
      "srcSentenceEA": 6,
      "srcWordEA": 25,
      "character": "지훈,선생님,그림,하늘",
      "setting": null,
      "action": "잘해,불렀어,날아오를",
      "feeling": "하늘로 날아오를 것 같은 기분이야",
      "causalRelationship": null,
      "outcomeResolution": null,
      "prediction": null,
      "plotSummaryInfoCount": 1,
      "plotSummaryInfo": {
        "classification": "사회관계",
        "readAge": "초등_저학년",
        "form": "long-form",
        "plotSummaryText": "선생님이 내 이름을 부르며 그림 마무리를 잘해 오라고 했을 때, 나는 하늘로 날아오를 것 같은 기분이었습니다.",
        "textWordEA": 16
      }
    },
    {
      "srcTextID": "17404",
      "srcText": "집에 오니까 누나가 공룡을 그리고 있었어. 나는 누나의 공룡 그림이 너무 탐났어. 그 그림이라면 선생님한테 칭찬을 받을 것 같았지.",
      "srcPage": 7,
      "srcSentenceEA": 3,
      "srcWordEA": 21,
      "character": "누나,공룡,선생님,그림",
      "setting": "집",
      "action": "그리고 있었어",
      "feeling": "탐났어",
      "causalRelationship": null,
      "outcomeResolution": null,
      "prediction": "나는 누나의 공룡 그림이 너무 탐났어.",
      "plotSummaryInfoCount": 1,
      "plotSummaryInfo": {
        "classification": "사회관계",
        "readAge": "초등_저학년",
        "form": "short-form",
        "plotSummaryText": "누나가 그린 공룡 그림이라면 선생님한테 칭찬을 받을 것 같아서 누나의 공룡 그림이 너무 탐났습니다.",
        "textWordEA": 14
      }
    },
    {
      "srcTextID": "17406",
      "srcText": "나는 내 방에 가방을 잽싸게 놓고 나왔어. 잠시 뒤, 누나가 자기 방에서 나오며 말했어. “엄마, 내 그림 못 봤어요? 숙제라 가져가야 하는데 그림이 없어졌어요.”",
      "srcPage": 9,
      "srcSentenceEA": 4,
      "srcWordEA": 26,
      "character": "가방,누나,엄마,그림",
      "setting": "방",
      "action": "놓고 나왔어,나오며,봤어요?",
      "feeling": null,
      "causalRelationship": null,
      "outcomeResolution": "숙제라 가져가야 하는데 그림이 없어졌어요.",
      "prediction": null,
      "plotSummaryInfoCount": 1,
      "plotSummaryInfo": {
        "classification": "사회관계",
        "readAge": "초등_저학년",
        "form": "long-form",
        "plotSummaryText": "나는 내 방에 가방을 놓고 나오자 잠시 뒤 누나가 자기 방에서 나오며 엄마에게 그림이 없어졌다고 말했습니다.",
        "textWordEA": 16
      }
    },
    {
      "srcTextID": "17417",
      "srcText": "누나한테 내가 가져갔다고 사실대로 말해야겠지? 미술 학원 선생님과 친구들에게도 말이야. 하지만 용기가 나지 않았어.",
      "srcPage": 20,
      "srcSentenceEA": 3,
      "srcWordEA": 16,
      "character": "누나,선생님,친구들,내",
      "setting": "미술 학원",
      "action": "가져갔다고",
      "feeling": null,
      "causalRelationship": null,
      "outcomeResolution": null,
      "prediction": null,
      "plotSummaryInfoCount": 1,
      "plotSummaryInfo": {
        "classification": "사회관계",
        "readAge": "초등_저학년",
        "form": "short-form",
        "plotSummaryText": "누나와 미술 학원 선생님 그리고 친구들에게 사실대로 말해야 했지만 용기가 나지 않았습니다.",
        "textWordEA": 12
      }
    },
    {
      "srcTextID": "17419",
      "srcText": "누나가 학교에 간 뒤, 나는 지금이라도 사실대로 말하지 않으면 안 될 것 같았어. “엄마, 사실은요. 내가 거짓말을 했어요. 내가 어제 누나 그림을 몰래 미술 학원에 가져갔어요.”",
      "srcPage": 22,
      "srcSentenceEA": 4,
      "srcWordEA": 28,
      "character": "누나,나,엄마,그림",
      "setting": "학교,미술 학원",
      "action": "간 뒤,가져갔어요",
      "feeling": null,
      "causalRelationship": null,
      "outcomeResolution": "나는 지금이라도 사실대로 말하지 않으면 안 될 것 같았어.",
      "prediction": null,
      "plotSummaryInfoCount": 1,
      "plotSummaryInfo": {
        "classification": "사회관계",
        "readAge": "초등_저학년",
        "form": "long-form",
        "plotSummaryText": "나는 누나가 학교에 간 뒤 엄마에게 누나 그림을 몰래 미술 학원에 가져갔었다고 이야기했습니다.",
        "textWordEA": 13
      }
    },
    {
      "srcTextID": "17422",
      "srcText": "“엄마, 이번에는 진짜 내가 그린 그림이에요.” 미술 학원의 그림 전시회에 가자마자 엄마에게 말했어. “지훈이가 그린 그림 저기 있다!” 누나는 내 그림 앞으로 달려갔어.",
      "srcPage": 24,
      "srcSentenceEA": 4,
      "srcWordEA": 25,
      "character": "엄마,그림,지훈,누나",
      "setting": "그림 전시회,미술 학원",
      "action": "그린,가자마자,달려갔어",
      "feeling": null,
      "causalRelationship": null,
      "outcomeResolution": null,
      "prediction": null,
      "plotSummaryInfoCount": 1,
      "plotSummaryInfo": {
        "classification": "사회관계",
        "readAge": "초등_저학년",
        "form": "long-form",
        "plotSummaryText": "미술 학원의 그림 전시회에서 진짜 내가 그린 그림을 엄마에게 이야기했고, 누나는 내 그림 앞으로 달려갔습니다.",
        "textWordEA": 15
      }
    },
    {
      "srcTextID": "17400",
      "srcText": "내가 그린 그림에는 눈길도 안 주고 말이야. 공룡은 내가 서진이보다 잘 그리는데. 내가 아무리 큰 소리로 공룡 흉내를 내도 선생님은 서진이 그림만 보고 나는 바라보지도 않아. 후유, 집에 빨리 가고 싶어. ",
      "srcPage": 4,
      "srcSentenceEA": 4,
      "srcWordEA": 34,
      "character": "서진이,선생님,그림,공룡,집",
      "setting": null,
      "action": "안 주고,잘 그리는데,흉내를 내도,보고,바라보지도 않아",
      "feeling": "후유",
      "causalRelationship": null,
      "outcomeResolution": "집에 빨리 가고 싶어.",
      "prediction": null,
      "plotSummaryInfoCount": 1,
      "plotSummaryInfo": {
        "classification": "사회관계",
        "readAge": "초등_저학년",
        "form": "long-form",
        "plotSummaryText": "선생님은 서진이가 그린 공룡 그림만 보고 내가 그린 그림과 나를 바라보지 않아서, 나는 빨리 집에 가고 싶었습니다.",
        "textWordEA": 17
      }
    },
    {
      "srcTextID": "17407",
      "srcText": " “지훈아, 이렇게 멋지게 그려 왔는데 왜 안 냈니?” 친구들이 우르르 선생님 옆으로 모여들었어. “어? 이거 지난번에 그리던 그림이랑 다르네?” “집에 가서 내가 다시 그린 거야.” 나는 또 거짓말을 하고 말았어. ",
      "srcPage": 12,
      "srcSentenceEA": 5,
      "srcWordEA": 33,
      "character": "지훈,친구들,선생님,그림",
      "setting": "집",
      "action": "그려,왔는데,냈니,모여들었어,가서",
      "feeling": null,
      "causalRelationship": null,
      "outcomeResolution": null,
      "prediction": "나는 또 거짓말을 하고 말았어.",
      "plotSummaryInfoCount": 1,
      "plotSummaryInfo": {
        "classification": "사회관계",
        "readAge": "초등_저학년",
        "form": "long-form",
        "plotSummaryText": "멋지게 그려온 그림을 왜 안 냈냐는 선생님 말씀에 친구들이 모여들어 지난번에 그리던 그림과 다르다고 하자, 나는 집에 가서 다시 그린 거라고 또 거짓말을 하고 말았습니다.",
        "textWordEA": 25
      }
    },
    {
      "srcTextID": "17409",
      "srcText": "다음 날, 나는 무거운 마음으로 미술 학원에 갔어. “여러분, 그림 다 완성해 왔죠?” 나는 가슴이 두근거려서 누나 그림을 내지 못했어. 그런데 내가 화장실에 다녀온 사이에 선생님이 누나 그림을 손에 들고 있지 않겠어?",
      "srcPage": 11,
      "srcSentenceEA": 4,
      "srcWordEA": 34,
      "character": "누나,선생님,그림,손",
      "setting": "다음 날,미술 학원,화장실",
      "action": "갔어,완성해 왔죠?,내지 못했어,다녀온,들고",
      "feeling": "무거운 마음,가슴이 두근거려서",
      "causalRelationship": null,
      "outcomeResolution": null,
      "prediction": null,
      "plotSummaryInfoCount": 1,
      "plotSummaryInfo": {
        "classification": "사회관계",
        "readAge": "초등_저학년",
        "form": "long-form",
        "plotSummaryText": "다음 날, 미술 학원에서 나는 가슴이 두근거려서 누나의 그림을 내지 못한 채 화장실에 다녀온 사이 선생님이 누나 그림을 손에 들고 있었습니다.",
        "textWordEA": 21
      }
    },
    {
      "srcTextID": "17411",
      "srcText": " 어리석은 사람들의 눈에는 보이지 않는 옷이라고 벌거벗은 임금님에게 거짓말을 하고 있어요. “이 그림을 자세히 보세요. 양 떼 속에 거짓말쟁이 양치기 소년이 숨어 있어요.” ",
      "srcPage": 16,
      "srcSentenceEA": 3,
      "srcWordEA": 25,
      "character": "사람들,눈,옷,벌거벗은 임금님,양치기 소년,그림",
      "setting": null,
      "action": "보이지 않는,거짓말을 하고,보세요,숨어",
      "feeling": null,
      "causalRelationship": null,
      "outcomeResolution": "양 떼 속에 거짓말쟁이 양치기 소년이 숨어 있어요.",
      "prediction": null,
      "plotSummaryInfoCount": 1,
      "plotSummaryInfo": {
        "classification": "사회관계",
        "readAge": "초등_저학년",
        "form": "short-form",
        "plotSummaryText": "어리석은 사람들의 눈에는 보이지 않는 옷이라고 벌거벗은 임금님에게 거짓말을 하고 있는 모습, 거짓말쟁이 양치기 소년이 양 떼 속에 숨어 있는 그림이 있었습니다.",
        "textWordEA": 22
      }
    }
  ]
}