{
  "title": "나도 할 수 있어!",
  "author": "정은미",
  "illustrator": "정은미",
  "isbn": "9791157591855",
  "publishedYear": 2015,
  "publisher": "아람북스",
  "paragraphInfoCount": 38,
  "paragraphInfo": [
    {
      "srcTextID": "19464",
      "srcText": "공책에는 줄이 있는 것과 줄이 없는 것이 있어요. 그리고 8칸과 10칸짜리 공책도 있어요. 요란한 소리를 내는 철제 필통은 공부를 방해해요. 필통과 부딪혀 연필심도 잘 부러져요. 되도록이면 천으로 된 필통을 준비하세요.",
      "srcPage": 13,
      "srcSentenceEA": 5,
      "srcWordEA": 34,
      "character": "공책,철제 필통,연필심,천으로 된 필통",
      "setting": null,
      "action": "부딪혀,부러져요,준비하세요",
      "feeling": null,
      "causalRelationship": "요란한 소리를 내는 철제 필통은 공부를 방해해요. 필통과 부딪혀 연필심도 잘 부러져요.",
      "outcomeResolution": "되도록이면 천으로 된 필통을 준비하세요.",
      "prediction": null,
      "plotSummaryInfoCount": 1,
      "plotSummaryInfo": {
        "classification": "사회관계",
        "readAge": "초등_저학년",
        "form": "long-form",
        "plotSummaryText": "공책은 줄이 있는 공책과 없는 공책과 칸이 나뉘어 있는 공책이 있고, 필통은 철제 필통이 아닌 천으로 된 필통을 준비해 야한다.",
        "textWordEA": 20
      }
    },
    {
      "srcTextID": "19472",
      "srcText": "병호의 얼굴이 새빨개졌어요. 미연이는 병호의 알림장을 보고 또 소리쳤어요. “선생님, 병호가 알림장에 색종이와 도화지를 안 썼어요.” 아이들이 병호 자리로 우당탕탕 몰려들었어요.",
      "srcPage": 19,
      "srcSentenceEA": 4,
      "srcWordEA": 23,
      "character": "병호,얼굴,미연,알림장,선생님,색종이,도화지,아이들",
      "setting": "병호 자리",
      "action": "보고,소리쳤어요,썼어요,몰려들었어요",
      "feeling": null,
      "causalRelationship": null,
      "outcomeResolution": null,
      "prediction": null,
      "plotSummaryInfoCount": 1,
      "plotSummaryInfo": {
        "classification": "사회관계",
        "readAge": "초등_저학년",
        "form": "long-form",
        "plotSummaryText": "미연이가 병호가 알림장에 색종이와 도화지를 안 썼다고 선생님께 알리자, 아이들이 병호 자리로 몰려들었다.",
        "textWordEA": 13
      }
    },
    {
      "srcTextID": "19480",
      "srcText": "날아다니는 글자들. 희영이는 학교 가는 게 즐거웠어요. 아빠처럼 자상한 선생님이 날마다 희영이를 반갑게 맞아 주거든요. 게다가 짝이 된 민수도 얼마나 착한지 몰라요.",
      "srcPage": 26,
      "srcSentenceEA": 4,
      "srcWordEA": 25,
      "character": "희영,아빠,선생님,짝,민수",
      "setting": "학교",
      "action": "날아다니는,가는,맞아 주거든요",
      "feeling": "즐거웠어요",
      "causalRelationship": "희영이는 학교 가는 게 즐거웠어요.",
      "outcomeResolution": null,
      "prediction": null,
      "plotSummaryInfoCount": 1,
      "plotSummaryInfo": {
        "classification": "사회관계",
        "readAge": "초등_저학년",
        "form": "long-form",
        "plotSummaryText": "희영이는 자상한 선생님이 날마다 반갑게 맞아주고 착한 민수가 짝이어서 학교 가는 게 즐거웠다.",
        "textWordEA": 13
      }
    },
    {
      "srcTextID": "19479",
      "srcText": "그런데 딱 한 가지 싫은 것이 있었어요. 그건 쓰기 시간이에요. 독서기록장 쓰기, 일기 쓰기, 알림장 쓰기. ‘뭐 이렇게 쓰는 게 많지? 유치원처럼 그림만 그리면 안 되나?’ 희영이는 쓰는 시간만 되면 투덜거렸어요.",
      "srcPage": 27,
      "srcSentenceEA": 6,
      "srcWordEA": 36,
      "character": "독서기록장,일기,알림장,그림,희영",
      "setting": "쓰기 시간,유치원",
      "action": "쓰는,그리면,투덜거렸어요",
      "feeling": "싫은",
      "causalRelationship": null,
      "outcomeResolution": null,
      "prediction": null,
      "plotSummaryInfoCount": 1,
      "plotSummaryInfo": {
        "classification": "사회관계",
        "readAge": "초등_저학년",
        "form": "long-form",
        "plotSummaryText": "희영이는 쓰기를 싫어해서 쓰기 시간만 되면 투덜거렸고, 유치원처럼 그림만 그리고 싶었다.",
        "textWordEA": 11
      }
    },
    {
      "srcTextID": "19481",
      "srcText": "“아휴, 글쓰기는 왜 있는 거야?” 희영이는 독서기록장을 펴 놓고 한숨을 푹푹 내쉬었어요. 그리고 책상에 엎드려 연필로 독서기록장만 콕콕 찍고 있었지요.",
      "srcPage": 28,
      "srcSentenceEA": 3,
      "srcWordEA": 22,
      "character": "희영,독서기록장,책상,연필",
      "setting": null,
      "action": "글쓰기,엎드려,찍고,내쉬었어요",
      "feeling": null,
      "causalRelationship": null,
      "outcomeResolution": null,
      "prediction": null,
      "plotSummaryInfoCount": 1,
      "plotSummaryInfo": {
        "classification": "사회관계",
        "readAge": "초등_저학년",
        "form": "short-form",
        "plotSummaryText": "글쓰기가 싫은 희영이는 독서기록장을 연필로 콕콕 찍으며 한숨을 내쉬었다.",
        "textWordEA": 9
      }
    },
    {
      "srcTextID": "19484",
      "srcText": "저런, 공책에서는 글자들이 나와서 날아다녀요. 옆으로 누운 글자, 머리만 큰 글자, 다리만 큰 글자, 거꾸로 된 글자. “맙소사!” 희영이와 글자들이 마법에 걸렸나 봐요.",
      "srcPage": 31,
      "srcSentenceEA": 3,
      "srcWordEA": 25,
      "character": "공책,글자들,옆으로 누운 글자,머리만 큰 글자,다리만 큰 글자,거꾸로 된 글자,희영",
      "setting": null,
      "action": "나와서,날아다녀요,누운",
      "feeling": null,
      "causalRelationship": null,
      "outcomeResolution": null,
      "prediction": null,
      "plotSummaryInfoCount": 1,
      "plotSummaryInfo": {
        "classification": "사회관계",
        "readAge": "초등_저학년",
        "form": "short-form",
        "plotSummaryText": "마치 마법에 걸린 것처럼 희영이의 글자들은 공책에서 나와 날아다녔다.",
        "textWordEA": 9
      }
    },
    {
      "srcTextID": "19485",
      "srcText": "“싫어! 가까이 오지 마!” 희영이가 의자에서 벌떡 일어났어요. “휴, 꿈이었구나.” 희영이는 안도의 숨을 내쉬었어요. ",
      "srcPage": 33,
      "srcSentenceEA": 4,
      "srcWordEA": 17,
      "character": "희영,의자",
      "setting": null,
      "action": "일어났어요,내쉬었어요",
      "feeling": null,
      "causalRelationship": null,
      "outcomeResolution": null,
      "prediction": null,
      "plotSummaryInfoCount": 1,
      "plotSummaryInfo": {
        "classification": "사회관계",
        "readAge": "초등_저학년",
        "form": "long-form",
        "plotSummaryText": "꿈에서 깬 희영이는 의자에서 벌떡 일어나 안도의 숨을 쉬었다.",
        "textWordEA": 9
      }
    },
    {
      "srcTextID": "19488",
      "srcText": "선생님, 국어 시간에는 또 무엇을 배우나요? 국어 시간에는 표준말을 사용하여 책을 잘 읽는지, 또 책을 읽고 어떤 내용인지 알아보는 공부를 해요. 받아쓰기 시험도 보니까 열심히 공부해야겠지요.",
      "srcPage": 35,
      "srcSentenceEA": 3,
      "srcWordEA": 28,
      "character": "선생님,책,받아쓰기",
      "setting": "국어 시간",
      "action": "배우나요,읽고,알아보는,공부를 해요,시험도 보니까",
      "feeling": null,
      "causalRelationship": null,
      "outcomeResolution": null,
      "prediction": null,
      "plotSummaryInfoCount": 1,
      "plotSummaryInfo": {
        "classification": "사회관계",
        "readAge": "초등_저학년",
        "form": "short-form",
        "plotSummaryText": "국어 시간에는 표준말로 책을 읽고 내용을 파악하는 것을 배우고, 받아쓰기 시험도 봤다.",
        "textWordEA": 12
      }
    },
    {
      "srcTextID": "19489",
      "srcText": "선생님, 남의 말을 잘 듣는 것도 공부죠? 그럼요, 국어 시간에는 남의 이야기를 주의 깊게 듣고, 자기 생각을 자신 있게 말하는 것을 배워요. 잘 들어야 정확하게 말할 수 있어요.",
      "srcPage": 36,
      "srcSentenceEA": 3,
      "srcWordEA": 30,
      "character": "선생님,자기",
      "setting": "국어 시간",
      "action": "듣는,말하는,배워요",
      "feeling": null,
      "causalRelationship": null,
      "outcomeResolution": "잘 들어야 정확하게 말할 수 있어요.",
      "prediction": null,
      "plotSummaryInfoCount": 1,
      "plotSummaryInfo": {
        "classification": "사회관계",
        "readAge": "초등_저학년",
        "form": "short-form",
        "plotSummaryText": "잘 들어야 정확하게 말할 수 있어서 국어 시간에는 남의 이야기를 잘 듣고 자기의 생각을 말하는 것을 배운다.",
        "textWordEA": 17
      }
    },
    {
      "srcTextID": "19491",
      "srcText": "희영이는 책상에 똑바로 앉아 동시 숙제를 했어요. 다음 날, 선생님은 친구들 앞에서 희영이를 칭찬해 주었어요. 동시도 재밌고 글씨도 정말 예쁘게 잘 썼다고요. 그리고 앞에 나와 써 온 동시를 읽어 보라고 했지요.",
      "srcPage": 37,
      "srcSentenceEA": 4,
      "srcWordEA": 34,
      "character": "희영,책상,선생님,친구들",
      "setting": "다음 날",
      "action": "앉아,했어요,써 온,읽어",
      "feeling": null,
      "causalRelationship": null,
      "outcomeResolution": null,
      "prediction": null,
      "plotSummaryInfoCount": 1,
      "plotSummaryInfo": {
        "classification": "사회관계",
        "readAge": "초등_저학년",
        "form": "long-form",
        "plotSummaryText": "선생님은 친구들 앞에서 희영이의 동시가 재밌고 글씨도 예쁘다고 칭찬하시고 써온 동시를 읽도록 했다.",
        "textWordEA": 13
      }
    },
    {
      "srcTextID": "19490",
      "srcText": "동시를 들은 반 친구들이 “우아!”하며 크게 박수를 쳤어요. 친구들은 희영이를 보고 최고라며 엄지손가락을 치켜들어 보였어요. 희영이는 어깨가 으쓱해졌어요. 이제 희영이는 글쓰기를 좋아하겠지요.",
      "srcPage": 38,
      "srcSentenceEA": 5,
      "srcWordEA": 26,
      "character": "동시,반 친구들,희영,엄지손가락,어깨",
      "setting": null,
      "action": "쳤어요",
      "feeling": null,
      "causalRelationship": null,
      "outcomeResolution": "이제 희영이는 글쓰기를 좋아하겠지요.",
      "prediction": null,
      "plotSummaryInfoCount": 1,
      "plotSummaryInfo": {
        "classification": "사회관계",
        "readAge": "초등_저학년",
        "form": "long-form",
        "plotSummaryText": "희영이의 동시를 들은 반 친구들이 최고라고 박수를 쳐주자 희영이의 어깨가 으쓱해졌다.",
        "textWordEA": 11
      }
    },
    {
      "srcTextID": "19456",
      "srcText": "교실에 도착한 소희는 친구들에게 반갑게 인사를 했어요. “얘들아, 안녕?” 소희는 짝꿍인 정태의 연필을 보고 눈이 동그래졌어요. “어? 내 연필과 똑같네.”",
      "srcPage": 4,
      "srcSentenceEA": 4,
      "srcWordEA": 22,
      "character": "소희,친구,정태,연필",
      "setting": "교실",
      "action": "도착한,인사를 했어요,보고",
      "feeling": null,
      "causalRelationship": "소희는 짝꿍인 정태의 연필을 보고 눈이 동그래졌어요.",
      "outcomeResolution": null,
      "prediction": null,
      "plotSummaryInfoCount": 1,
      "plotSummaryInfo": {
        "classification": "사회관계",
        "readAge": "초등_저학년",
        "form": "long-form",
        "plotSummaryText": "교실에서 친구들에게 인사한 소희는 짝꿍 정태의 연필과 자신의 연필이 똑같아 놀랐다.",
        "textWordEA": 11
      }
    },
    {
      "srcTextID": "19463",
      "srcText": "두리번두리번, 주변을 둘러봐도 실내화는 보이지 않았어요. 금세 소희의 눈에서 굵은 눈물이 뚝뚝 떨어졌어요. “소희야, 이 실내화, 네 거니?” 선생님이 실내화를 흔들어 보였어요.",
      "srcPage": 9,
      "srcSentenceEA": 4,
      "srcWordEA": 24,
      "character": "실내화,소희,눈물,선생님",
      "setting": null,
      "action": "둘러봐도,보이지,흔들어,떨어졌어요",
      "feeling": null,
      "causalRelationship": null,
      "outcomeResolution": null,
      "prediction": null,
      "plotSummaryInfoCount": 1,
      "plotSummaryInfo": {
        "classification": "사회관계",
        "readAge": "초등_저학년",
        "form": "long-form",
        "plotSummaryText": "실내화를 찾지 못해 눈물을 흘리는 소희에게 선생님이 실내화를 흔들어 보였다.",
        "textWordEA": 10
      }
    },
    {
      "srcTextID": "19462",
      "srcText": "“이름이 안 적혀 있어서 주인을 못 찾을 뻔했구나?” 저런, 소희가 실내화에 이름 쓰는 것을 깜박 잊은 모양이에요. 소희가 웃자, 주인을 찾은 실내화도 하얗게 웃었어요.",
      "srcPage": 10,
      "srcSentenceEA": 3,
      "srcWordEA": 26,
      "character": "주인,소희,실내화",
      "setting": null,
      "action": "쓰는,찾은,웃자,웃었어요",
      "feeling": null,
      "causalRelationship": null,
      "outcomeResolution": null,
      "prediction": null,
      "plotSummaryInfoCount": 1,
      "plotSummaryInfo": {
        "classification": "사회관계",
        "readAge": "초등_저학년",
        "form": "short-form",
        "plotSummaryText": "소희가 실내화에 이름 쓰는 것을 깜박 잊어서 실내화를 못 찾을 뻔했지만, 다행히 찾아서 활짝 웃었다.",
        "textWordEA": 15
      }
    },
    {
      "srcTextID": "19465",
      "srcText": "수업 시간에 필요한 준비물에는 무엇이 있을까요? 학교에 입학하면 공부하는 데 필요한 준비물이 있어요. 색연필, 크레파스, 풀, 가위, 연필, 지우개, 필통, 공책 등이지요.",
      "srcPage": 11,
      "srcSentenceEA": 3,
      "srcWordEA": 24,
      "character": "준비물,색연필,크레파스,풀,가위,연필,지우개,필통,공책",
      "setting": "수업 시간,학교",
      "action": "공부하는",
      "feeling": null,
      "causalRelationship": null,
      "outcomeResolution": null,
      "prediction": null,
      "plotSummaryInfoCount": 1,
      "plotSummaryInfo": {
        "classification": "사회관계",
        "readAge": "초등_저학년",
        "form": "short-form",
        "plotSummaryText": "학교 수업에 필요한 준비물에는 공책, 연필, 지우개, 색연필, 크레파스, 풀, 가위 등이 있다.",
        "textWordEA": 13
      }
    },
    {
      "srcTextID": "19468",
      "srcText": "학습 준비물은 꼭 담임 선생님의 말씀을 듣고 준비하세요. 미리 준비했다가 다시 사야 하는 경우도 있으니까요. 색연필은 종이 껍질을 벗겨 사용하는 것과 뒤 꼭지를 돌려 사용하는 것 두 가지가 있어요. 초등학교 1학년 아이들은 아직 쥐는 힘과 누르는 힘이 약하니까 약간 무르고 진한 2B 정도의 연필을 사용하는 것이 좋아요.",
      "srcPage": 12,
      "srcSentenceEA": 4,
      "srcWordEA": 50,
      "character": "학습 준비물,담임 선생님,색연필,종이 껍질,초등학교 1학년 아이들,연필",
      "setting": null,
      "action": "듣고,벗겨 사용하는,돌려,쥐는,누르는",
      "feeling": null,
      "causalRelationship": null,
      "outcomeResolution": null,
      "prediction": null,
      "plotSummaryInfoCount": 1,
      "plotSummaryInfo": {
        "classification": "사회관계",
        "readAge": "초등_저학년",
        "form": "long-form",
        "plotSummaryText": "학습 준비물은 담임 선생님의 말씀을 듣고 사고, 초등학교 1학년에 맞는 연필과 색연필을 준비한다.",
        "textWordEA": 13
      }
    },
    {
      "srcTextID": "19466",
      "srcText": "이런, 이름이 없군! 어떻게 주인을 찾아 주지? 여러분은 자기 물건에 꼭 빠짐없이 이름을 쓰세요. 그리고 자기 물건 잘 챙기기! 알았죠?",
      "srcPage": 14,
      "srcSentenceEA": 5,
      "srcWordEA": 24,
      "character": "주인,여러분,자기 물건",
      "setting": null,
      "action": "찾아,쓰세요,챙기기",
      "feeling": null,
      "causalRelationship": null,
      "outcomeResolution": null,
      "prediction": null,
      "plotSummaryInfoCount": 1,
      "plotSummaryInfo": {
        "classification": "사회관계",
        "readAge": "초등_저학년",
        "form": "long-form",
        "plotSummaryText": "이름이 없는 물건은 주인을 찾아주기 어려우니 여러분은 자기 물건에 이름을 꼭 써야 한다.",
        "textWordEA": 13
      }
    },
    {
      "srcTextID": "19470",
      "srcText": "알림장이 이상해요. 가위, 풀, 크레파스, 색연필, 색종이, 도화지. “내일 가져올 준비물이에요. 알림장에 빠짐없이 쓰도록 해요.” 병호는 알림장에 또박또박 준비물을 쓰기 시작했어요. “선생님, 다 썼어요.” 영수가 손을 번쩍 들고 말했어요. “저도요, 저도요!” 다른 아이들도 여기저기서 손을 들었어요.",
      "srcPage": 16,
      "srcSentenceEA": 9,
      "srcWordEA": 41,
      "character": "알림장,가위,풀,크레파스,색연필,색종이,도화지,병호,선생님,영수,아이들,손",
      "setting": null,
      "action": "가져올,쓰도록,썼어요,말했어요,들었어요",
      "feeling": null,
      "causalRelationship": null,
      "outcomeResolution": null,
      "prediction": null,
      "plotSummaryInfoCount": 1,
      "plotSummaryInfo": {
        "classification": "사회관계",
        "readAge": "초등_저학년",
        "form": "long-form",
        "plotSummaryText": "선생님이 내일 준비물을 알림장에 쓰도록 하자 아이들은 모두 알림장에 받아썼다.",
        "textWordEA": 10
      }
    },
    {
      "srcTextID": "19469",
      "srcText": "“벌써 다 썼어요? 아직 못 쓴 사람, 손들어 봐요.” 선생님이 교실 안을 빙 둘러봤지만 손드는 아이는 한 명도 없었어요. 병호는 손을 들까 말까 망설이다가 알림장을 덮어 버렸어요. “그럼, 내일 준비물 꼭 챙겨 오도록 해요.” “네!”",
      "srcPage": 17,
      "srcSentenceEA": 5,
      "srcWordEA": 38,
      "character": "사람,선생님,병호,알림장,준비물",
      "setting": "교실 안,내일",
      "action": "썼어요,손들어,덮어,챙겨",
      "feeling": null,
      "causalRelationship": null,
      "outcomeResolution": null,
      "prediction": null,
      "plotSummaryInfoCount": 1,
      "plotSummaryInfo": {
        "classification": "사회관계",
        "readAge": "초등_저학년",
        "form": "long-form",
        "plotSummaryText": "교실에서 선생님이 알림장에 준비물을 다 못 쓴 사람은 손을 들라고 하셨지만 아무도 손을 들지 않자, 병호는 그냥 알림장을 덮어버렸다.",
        "textWordEA": 19
      }
    },
    {
      "srcTextID": "19471",
      "srcText": "다음 날, 수업 시간이 되자 모두들 준비물을 꺼내기 시작했어요. “색종이랑 도화지는?” 미연이가 병호에게 물었어요. 그러고는 선생님을 향해 소리쳤어요. “선생님, 병호는 색종이랑 도화지 안 가져왔대요.” 아이들이 모두 고개를 쭉 빼고 병호를 쳐다봤어요.",
      "srcPage": 18,
      "srcSentenceEA": 6,
      "srcWordEA": 34,
      "character": "준비물,색종이,도화지,미연,병호,선생님,아이들",
      "setting": "다음 날,수업 시간",
      "action": "꺼내기,물었어요,소리쳤어요,가져왔대요,빼고,쳐다봤어요",
      "feeling": null,
      "causalRelationship": null,
      "outcomeResolution": null,
      "prediction": null,
      "plotSummaryInfoCount": 1,
      "plotSummaryInfo": {
        "classification": "사회관계",
        "readAge": "초등_저학년",
        "form": "long-form",
        "plotSummaryText": "다음날 수업 시간에 병호가 색종이와 도화지를 안 가져온 것을  보고 미연이가 선생님에게 소리쳤다.",
        "textWordEA": 14
      }
    },
    {
      "srcTextID": "19477",
      "srcText": "알림장은 왜 필요할까요? 알림장을 보면 다음 날, 학교에 가져가야 할 준비물이 무엇인지 알 수 있어요. 저도 알아요. 알림장을 보면 오늘 숙제를 잊지 않고 할 수 있어요. 맞아요, 또 알림장에는 선생님이 부모님에게, 부모님이 선생님에게, 하고 싶은 말을 간단히 적어 보낼 수 있어요.",
      "srcPage": 24,
      "srcSentenceEA": 5,
      "srcWordEA": 45,
      "character": "알림장,준비물,선생님,부모님",
      "setting": "다음 날,학교",
      "action": "가져가야,알아요,적어 보낼,보면",
      "feeling": null,
      "causalRelationship": null,
      "outcomeResolution": null,
      "prediction": null,
      "plotSummaryInfoCount": 1,
      "plotSummaryInfo": {
        "classification": "사회관계",
        "readAge": "초등_저학년",
        "form": "long-form",
        "plotSummaryText": "알림장을 보면 학교에 필요한 준비물과 숙제를 알 수 있고, 선생님이 부모님께, 부모님이 선생님께 하고 싶은 말을 쓸 수도 있다. ",
        "textWordEA": 19
      }
    },
    {
      "srcTextID": "19478",
      "srcText": "알림장은 이렇게 써요. 알림장을 틀리게 써 와도 기다려 주세요. 아직 글 쓰는 근육이 발달되지 않아 쓰는 것을 힘들어하는 아이들이 많아요. 아이들마다 개인차가 있어서 어떤 아이는 알림장을 다 써도, 어떤 아이는 알림장을 다 쓰지 못할 때가 있어요. 다 쓰지 않고 틀린 내용이 있어도 조급해하지 말고, 학교 홈페이지를 이용하여 내용을 확인해 주세요.",
      "srcPage": 25,
      "srcSentenceEA": 5,
      "srcWordEA": 54,
      "character": "알림장,아이들",
      "setting": null,
      "action": "써요,와도,이용하여",
      "feeling": null,
      "causalRelationship": "아직 글 쓰는 근육이 발달되지 않아 쓰는 것을 힘들어하는 아이들이 많아요.",
      "outcomeResolution": null,
      "prediction": null,
      "plotSummaryInfoCount": 1,
      "plotSummaryInfo": {
        "classification": "사회관계",
        "readAge": "초등_저학년",
        "form": "long-form",
        "plotSummaryText": "아이들은 글 쓰는 근육의 발달에 따라 개인차가 있고 알림장 쓰는 것을 힘들어할 수도 있으니 틀린 내용이 있어도 조급하게 생각지 말고 학교 홈페이지를 통해 내용을 확인한다.",
        "textWordEA": 25
      }
    },
    {
      "srcTextID": "19482",
      "srcText": "“희영아, 글을 쓸 때는 똑바로 앉아서 써야지.” 엄마가 엎드려 있는 희영이를 일으켜 세웠어요. “엎드려서 글을 쓰면 눈도 나빠지고, 저 소나무처럼 등이 휘어진단다.” 엄마가 마당에 서 있는 구부정한 소나무를 가리켰어요. “그래도 난 이게 편한걸요?” 희영이는 다시 책상에 엎드렸어요.",
      "srcPage": 29,
      "srcSentenceEA": 6,
      "srcWordEA": 40,
      "character": "희영,글,엄마,눈,소나무,등",
      "setting": "마당",
      "action": "앉아서,일으켜,세웠어요,엎드려서,쓰면,가리켰어요",
      "feeling": null,
      "causalRelationship": null,
      "outcomeResolution": null,
      "prediction": null,
      "plotSummaryInfoCount": 1,
      "plotSummaryInfo": {
        "classification": "사회관계",
        "readAge": "초등_저학년",
        "form": "long-form",
        "plotSummaryText": "엄마가 희영이에게 바른 자세로 글을 쓰라고 타일렀지만 희영이는 다시 책상에 엎드렸다.",
        "textWordEA": 11
      }
    },
    {
      "srcTextID": "19483",
      "srcText": "세상에, 이게 무슨 일이죠? 희영이 등이 점점 구부정구부정 휘기 시작했어요. 눈에는 뱅글뱅글 도수 높은 안경까지 끼고요!",
      "srcPage": 30,
      "srcSentenceEA": 3,
      "srcWordEA": 18,
      "character": "희영,등,눈,안경",
      "setting": null,
      "action": "끼고요",
      "feeling": null,
      "causalRelationship": null,
      "outcomeResolution": null,
      "prediction": null,
      "plotSummaryInfoCount": 1,
      "plotSummaryInfo": {
        "classification": "사회관계",
        "readAge": "초등_저학년",
        "form": "short-form",
        "plotSummaryText": "희영이는 점점 등이 굽고 도수 높은 안경까지 끼게 되었다.",
        "textWordEA": 9
      }
    },
    {
      "srcTextID": "19486",
      "srcText": "“희영아, 우린 너와 꼭 닮은 글자들이야.” 옆으로 누운 글자가 희영이의 귀에 대고 속삭였어요. “아냐, 난 너희들과 안 닮았어. 내가 너희들처럼 못생겼다고?” 그러자 다른 글자들도 흐느적거리며 다가오기 시작했어요. 희영이는 무서워서 도망가고 싶었지만, 몸이 움직이지 않았어요.",
      "srcPage": 32,
      "srcSentenceEA": 6,
      "srcWordEA": 38,
      "character": "희영,글자들,옆으로 누운 글자,귀,몸",
      "setting": null,
      "action": "속삭였어요,누운,흐느적거리며,다가오기,도망가고,움직이지",
      "feeling": "무서워서",
      "causalRelationship": null,
      "outcomeResolution": null,
      "prediction": null,
      "plotSummaryInfoCount": 1,
      "plotSummaryInfo": {
        "classification": "사회관계",
        "readAge": "초등_저학년",
        "form": "long-form",
        "plotSummaryText": "희영이는 옆으로 누운 글자가 다가와 너와 꼭 닮았다고 속삭이고 다른 글자들도 다가오자, 도망가고 싶었지만, 몸이 움직여지지 않았다.",
        "textWordEA": 17
      }
    },
    {
      "srcTextID": "19455",
      "srcText": "이름표가 없는 실내화. “엄마, 선생님이 자기 물건에 이름표 붙여 오라고 하셨어요.” 소희가 책가방을 거꾸로 들고 흔들자 책과 학용품이 쏟아졌어요. “아이고, 소희야! 하나씩 꺼내야지 그렇게 마구 흔들면 어떡하니?” 엄마 말에 소희가 헤헤 웃으며 흩어진 책과 학용품을 모았어요.",
      "srcPage": 1,
      "srcSentenceEA": 6,
      "srcWordEA": 39,
      "character": "이름표,실내화,엄마,선생님,소희,책가방,책,학용품",
      "setting": null,
      "action": "흔들자,꺼내야지,흔들면,모았어요",
      "feeling": null,
      "causalRelationship": "소희가 책가방을 거꾸로 들고 흔들자 책과 학용품이 쏟아졌어요.",
      "outcomeResolution": null,
      "prediction": null,
      "plotSummaryInfoCount": 1,
      "plotSummaryInfo": {
        "classification": "사회관계",
        "readAge": "초등_저학년",
        "form": "long-form",
        "plotSummaryText": "자기 물건에 이름표를 붙여 오라는 선생님의 이야기를 들은 소희가 책가방을 거꾸로 들고 흔들자, 책과 학용품이 쏟아졌고, 엄마는 하나씩 꺼내야 한다고 말했다.",
        "textWordEA": 21
      }
    },
    {
      "srcTextID": "19454",
      "srcText": "엄마는 스티커에 이름을 써 주었어요. 소희도 큼지막하게 이름을 썼어요. 삐뚤빼뚤하게 쓴 이름이 활짝 웃는 것 같았어요.",
      "srcPage": 2,
      "srcSentenceEA": 3,
      "srcWordEA": 18,
      "character": "엄마,스티커,소희",
      "setting": null,
      "action": "썼어요,웃는",
      "feeling": null,
      "causalRelationship": null,
      "outcomeResolution": null,
      "prediction": null,
      "plotSummaryInfoCount": 1,
      "plotSummaryInfo": {
        "classification": "사회관계",
        "readAge": "초등_저학년",
        "form": "short-form",
        "plotSummaryText": "소희가 엄마와 함께 스티커에 쓴 이름은 삐뚤빼뚤하지만, 활짝 웃는 듯 보였다.",
        "textWordEA": 11
      }
    },
    {
      "srcTextID": "19458",
      "srcText": "소희는 이름을 쓴 책가방과 신발주머니가 마음에 들었어요. “잘 다녀오렴.” 봄바람이 소희의 얼굴을 살랑살랑 간질였어요. 빨강 책가방도, 빨강 운동화도 신이 났어요. 길가의 개나리들도 학교에 가고 싶은지 소희만 쳐다봤어요.",
      "srcPage": 3,
      "srcSentenceEA": 5,
      "srcWordEA": 30,
      "character": "소희,책가방,신발주머니,봄바람,빨강 책가방,빨강 운동화,개나리",
      "setting": "학교",
      "action": "쓴,간질였어요,쳐다봤어요",
      "feeling": "신이 났어요",
      "causalRelationship": null,
      "outcomeResolution": null,
      "prediction": null,
      "plotSummaryInfoCount": 1,
      "plotSummaryInfo": {
        "classification": "사회관계",
        "readAge": "초등_저학년",
        "form": "long-form",
        "plotSummaryText": "소희는 마음에 드는 빨강 책가방과 신발주머니를 들고 학교에 가고 있다.",
        "textWordEA": 10
      }
    },
    {
      "srcTextID": "19457",
      "srcText": "소희가 자기 연필을 꺼내서 정태에게 보여 줬어요. “걱정 마, 소희야. 이름 때문에 누구 것인지 금방 알 수 있어.” 소희와 정태는 똑같은 연필을 들고 씽긋 웃었어요.",
      "srcPage": 5,
      "srcSentenceEA": 4,
      "srcWordEA": 27,
      "character": "소희,연필,정태",
      "setting": null,
      "action": "웃었어요,보여,꺼내서",
      "feeling": null,
      "causalRelationship": null,
      "outcomeResolution": "소희와 정태는 똑같은 연필을 들고 씽긋 웃었어요.",
      "prediction": null,
      "plotSummaryInfoCount": 1,
      "plotSummaryInfo": {
        "classification": "사회관계",
        "readAge": "초등_저학년",
        "form": "long-form",
        "plotSummaryText": "소희와 정태의 연필은 똑같지만, 각자의 이름 덕분에 금방 알 수 있어서 둘은 같은 연필을 들고 웃었다.",
        "textWordEA": 16
      }
    },
    {
      "srcTextID": "19460",
      "srcText": "오늘은 운동장 텃밭에 나가 어떤 식물들이 자라는지 알아보기로 했어요. 선생님이 반 아이들에게 물었어요. “이 텃밭에는 어떤 채소가 자라고 있을까요?” 그러자 아이들이 큰 소리로 채소 이름을 외쳤어요.",
      "srcPage": 6,
      "srcSentenceEA": 4,
      "srcWordEA": 28,
      "character": "식물,선생님,반 아이들,텃밭,채소",
      "setting": "오늘,운동장 텃밭",
      "action": "나가,물었어요,자라고,외쳤어요",
      "feeling": null,
      "causalRelationship": null,
      "outcomeResolution": null,
      "prediction": null,
      "plotSummaryInfoCount": 1,
      "plotSummaryInfo": {
        "classification": "사회관계",
        "readAge": "초등_저학년",
        "form": "long-form",
        "plotSummaryText": "오늘 선생님과 반 아이들은 운동장 텃밭에 나가 식물이 자라는 것을 보았는데, 선생님이 텃밭에 자라는 채소 이름을 묻자, 아이들이 외쳤다.",
        "textWordEA": 19
      }
    },
    {
      "srcTextID": "19459",
      "srcText": "“와, 어떻게 알았어요?” 선생님이 눈을 동그랗게 뜨고 물었어요. “이름이 쓰여 있잖아요.” 아이들이 푯말을 가리키며 까르르 웃자, 선생님도 아이들을 따라 웃었어요.",
      "srcPage": 7,
      "srcSentenceEA": 4,
      "srcWordEA": 22,
      "character": "선생님,아이들,푯말",
      "setting": null,
      "action": "물었어요,웃자,웃었어요",
      "feeling": null,
      "causalRelationship": "아이들이 푯말을 가리키며 까르르 웃자, 선생님도 아이들을 따라 웃었어요.",
      "outcomeResolution": null,
      "prediction": null,
      "plotSummaryInfoCount": 1,
      "plotSummaryInfo": {
        "classification": "사회관계",
        "readAge": "초등_저학년",
        "form": "long-form",
        "plotSummaryText": "아이들이 채소 이름을 대자 선생님은 깜짝 놀라 어떻게 알았는지 물었고, 아이들은 푯말을 가리키며 웃었다.",
        "textWordEA": 14
      }
    },
    {
      "srcTextID": "19461",
      "srcText": "“어, 실내화가 어디 갔지?” 소희는 가슴이 콩닥콩닥 뛰었어요. 신발주머니 속에 있어야 할 실내화가 없었거든요. 소희가 운동장으로 나올 때 신발을 바꿔 신으면서 실내화를 챙기지 않았나 봐요.",
      "srcPage": 8,
      "srcSentenceEA": 4,
      "srcWordEA": 28,
      "character": "실내화,소희,신발주머니,신발",
      "setting": "운동장",
      "action": "어디 갔지,뛰었어요,신으면서,나올,챙기지",
      "feeling": null,
      "causalRelationship": null,
      "outcomeResolution": null,
      "prediction": null,
      "plotSummaryInfoCount": 1,
      "plotSummaryInfo": {
        "classification": "사회관계",
        "readAge": "초등_저학년",
        "form": "long-form",
        "plotSummaryText": "운동장에 나오면서 실내화를 챙기지 않은 소희는 실내화를 잃어버린 줄 알고 가슴이 콩닥콩닥 뛰었다.",
        "textWordEA": 13
      }
    },
    {
      "srcTextID": "19473",
      "srcText": "“모두 제자리에 가서 앉아요.” 선생님의 목소리가 높아지자 모두 제자리로 돌아갔어요. “음, 병호 알림장에는 글자를 먹는 벌레가 사는구나. 그럼, 벌레를 없애 줄까? 수리수리, 벌레야 사라져라. 얍!” 선생님은 마술사처럼 알림장 위에 손바닥을 쫙 폈어요.",
      "srcPage": 20,
      "srcSentenceEA": 7,
      "srcWordEA": 37,
      "character": "선생님,병호,알림장,글자를 먹는 벌레,마술사,손바닥",
      "setting": "제자리",
      "action": "앉아요,돌아갔어요,먹는,사는구나,폈어요",
      "feeling": null,
      "causalRelationship": null,
      "outcomeResolution": null,
      "prediction": null,
      "plotSummaryInfoCount": 1,
      "plotSummaryInfo": {
        "classification": "사회관계",
        "readAge": "초등_저학년",
        "form": "long-form",
        "plotSummaryText": "선생님은 병호 알림장에 글자 먹는 벌레를 없애주겠다며 마술사처럼 손바닥을 쫙 펴고 주문을 외웠다.",
        "textWordEA": 13
      }
    },
    {
      "srcTextID": "19474",
      "srcText": "“우하하하! 선생님은 순 엉터리야.” 아이들은 책상을 막 두드리며 웃었어요. “병호야, 이젠 괜찮을 거야.” 선생님이 병호를 향해 쌩긋 웃으며 색종이와 도화지를 주셨어요.",
      "srcPage": 21,
      "srcSentenceEA": 4,
      "srcWordEA": 24,
      "character": "선생님,아이들,책상,병호,색종이,도화지",
      "setting": null,
      "action": "주셨어요,웃었어요",
      "feeling": null,
      "causalRelationship": null,
      "outcomeResolution": null,
      "prediction": null,
      "plotSummaryInfoCount": 1,
      "plotSummaryInfo": {
        "classification": "사회관계",
        "readAge": "초등_저학년",
        "form": "long-form",
        "plotSummaryText": "선생님은 병호에게 색종이와 도화지를 주시면서 이제는 괜찮을 거라고 말해주셨다.",
        "textWordEA": 9
      }
    },
    {
      "srcTextID": "19475",
      "srcText": "아이들이 칠판을 보며 열심히 알림장을 적고 있어요. 병호는 틀린 글자가 없는지 다시 훑어보았어요. 그리고 천천히 또박또박 이어 썼어요.",
      "srcPage": 22,
      "srcSentenceEA": 3,
      "srcWordEA": 20,
      "character": "아이들,칠판,알림장,병호,글자",
      "setting": null,
      "action": "보며,적고,훑어보았어요,썼어요",
      "feeling": null,
      "causalRelationship": null,
      "outcomeResolution": "그리고 천천히 또박또박 이어 썼어요.",
      "prediction": null,
      "plotSummaryInfoCount": 1,
      "plotSummaryInfo": {
        "classification": "사회관계",
        "readAge": "초등_저학년",
        "form": "short-form",
        "plotSummaryText": "병호는 알림장을 쓰는 동안 틀린 글자가 없는지 훑어보며 또박또박 썼다.",
        "textWordEA": 10
      }
    },
    {
      "srcTextID": "19467",
      "srcText": "이름표 쓰기. 설레는 1학년, 학교에 들어가면 모든 것이 낯설고 새로워요. 그래서 선생님께서는 여러분의 목에 이름표를 달아 주어 서로의 이름을 빨리 익히도록 하지요. 저런, 저런. 학교 늦었다고 허둥대고 가다간 잊고 가는 물건들이 많을 텐데. 1학년이 되었으니까 일찍 자고 일찍 일어나야지요.",
      "srcPage": 15,
      "srcSentenceEA": 6,
      "srcWordEA": 44,
      "character": "1학년,이름표,선생님,물건",
      "setting": "학교",
      "action": "쓰기,달아 주어,가다간,자고,일어나야지요",
      "feeling": null,
      "causalRelationship": null,
      "outcomeResolution": null,
      "prediction": null,
      "plotSummaryInfoCount": 1,
      "plotSummaryInfo": {
        "classification": "사회관계",
        "readAge": "초등_저학년",
        "form": "long-form",
        "plotSummaryText": "모든 것이 낯설고 새로운 1학년은 목에 이름표를 달아 서로의 이름을 빨리 익히고, 학교에 늦지 않게 일찍 자고 일찍 일어나야 한다.",
        "textWordEA": 20
      }
    },
    {
      "srcTextID": "19476",
      "srcText": "조금 지나자, 아이들은 책가방을 싸느라 무척 소란스러웠어요. 하지만 선생님은 병호가 다 쓸 때까지 말없이 기다려 주었지요. “선생님, 다 썼어요!” 병호가 활짝 웃으며 말하자 선생님이 교탁을 탁탁 쳤어요. “책가방 다 쌌나요? 그럼, 차 조심하고 내일 만나요.” “네!” 병호가 우렁차게 대답했어요.",
      "srcPage": 23,
      "srcSentenceEA": 7,
      "srcWordEA": 43,
      "character": "아이들,책가방,선생님,병호,교탁,차",
      "setting": "내일",
      "action": "싸느라,쓸,썼어요,말하자,쳤어요,쌌나요,대답했어요",
      "feeling": null,
      "causalRelationship": null,
      "outcomeResolution": null,
      "prediction": null,
      "plotSummaryInfoCount": 1,
      "plotSummaryInfo": {
        "classification": "사회관계",
        "readAge": "초등_저학년",
        "form": "long-form",
        "plotSummaryText": "아이들이 책가방을 싸느라  소란스러웠지만, 선생님은 병호가 다 쓸 때까지 말없이 기다려 주셨다.",
        "textWordEA": 13
      }
    },
    {
      "srcTextID": "19487",
      "srcText": "국어 시간에 무엇을 배울까요? 선생님, 국어 시간에는 무엇을 배우나요? 국어 시간에는 낱말을 정확하고 바르게 쓰고, 생각을 글씨로 표현하는 것을 연습해요. 희영이처럼 자꾸 쓰기 연습을 하다 보면 잘 쓸 수 있어요.",
      "srcPage": 34,
      "srcSentenceEA": 4,
      "srcWordEA": 33,
      "character": "선생님,낱말,글씨,희영",
      "setting": "국어 시간",
      "action": "배우나요,쓰고,연습해요",
      "feeling": null,
      "causalRelationship": null,
      "outcomeResolution": "희영이처럼 자꾸 쓰기 연습을 하다 보면 잘 쓸 수 있어요.",
      "prediction": null,
      "plotSummaryInfoCount": 1,
      "plotSummaryInfo": {
        "classification": "사회관계",
        "readAge": "초등_저학년",
        "form": "long-form",
        "plotSummaryText": "낱말을 정확하고 바르게 쓰고 생각을 글씨로 표현하는 것을 연습하는 국어 시간에 희영이처럼 쓰기 연습을 하면 잘 쓸 수 있다.",
        "textWordEA": 19
      }
    }
  ]
}