{
  "title": "진흥왕",
  "author": "한국역사교육연구회 편집3팀",
  "illustrator": "최현희",
  "isbn": "9788954339469",
  "publishedYear": 2004,
  "publisher": "한국삐아제",
  "paragraphInfoCount": 16,
  "paragraphInfo": [
    {
      "srcTextID": "131592",
      "srcText": "딸가닥 딸가닥. 고구려와 국경을 맞대고 있는 신라의 외딴 마을에 요란한 말발굽 소리가 들려왔어요. 사람들은 두려움에 떨며 밖을 내다보았어요. 고구려 군사 한 무리가 말을 타고 마을을 향해 달려오고 있었지요. “으악, 고구려군이다!” 신라 백성들은 재빨리 짐을 꾸려 산으로 달아났어요. 고구려군은 순식간에 마을을 점령했어요. 신라 백성들은 산속에 숨어 지내며 신라군을 기다렸어요. “차라리 내려가서 항복하는 게 나을 거야. 신라군이 와도 질 게 뻔하니까. 쿨럭쿨럭.” 한 노인이 고통스럽게 기침을 하며 말했어요.",
      "srcPage": 1,
      "srcSentenceEA": 12,
      "srcWordEA": 75,
      "character": "말발굽,사람들,군사,말,고구려군,백성들,짐,신라군,노인",
      "setting": "고구려,신라,마을,산,산속",
      "action": "들려왔어요,내다보았어요,타고,달려오고,꾸려,달아났어요,점령했어요,숨어 지내며,기다렸어요,와도,기침을 하며,말했어요",
      "feeling": "두려움에 떨며",
      "causalRelationship": "차라리 내려가서 항복하는 게 나을 거야. 신라군이 와도 질 게 뻔하니까.",
      "outcomeResolution": null,
      "prediction": null,
      "plotSummaryInfoCount": 1,
      "plotSummaryInfo": {
        "classification": "사회관계",
        "readAge": "초등_저학년",
        "form": "long-form",
        "plotSummaryText": "고구려와 국경을 맞대고 있는 신라의 마을에 고구려군이 나타나 마을을 점령했고, 신라 백성들은 산으로 달아나서 숨어 지내며 신라군을 기다렸는데 한 노인이 말하기를 신라군이 와도 질 게 뻔하니까 내려가서 항복하는 게 나을 거라고 했습니다.",
        "textWordEA": 32
      }
    },
    {
      "srcTextID": "131593",
      "srcText": "그때, 대궐에서는 왕의 즉위식이 열리고 있었어요. 일곱 살짜리 어린 왕은 의젓한 얼굴로 금관을 쓰고 옥좌에 앉았어요. 바로 신라 제24대 진흥왕이었지요. 진흥왕은 큰아버지 법흥왕의 뒤를 이어 왕이 되었어요. 그런데 진흥왕을 바라보는 어머니 지소 부인의 얼굴에는 근심이 어렸어요. 왕이 어리다는 이유로 대신들이 벌써부터 자기들 마음대로 나라를 움직이려 한다는 것을 알고 있었기 때문이에요. 즉위식을 마친 뒤, 지소 부인은 진흥왕을 불러 조용히 말했어요. “폐하가 앉으신 자리는 한 나라를 이끌어 가는 중요한 자리입니다. 어른도 제대로 감당하기 힘든 자리이지요.” 어린 진흥왕은 가만히 지소 부인을 바라보며 말했어요. “그래서 저도 많이 생각해 보았습니다. 어머니! 제가 어른이 될 때까지 제가 바른 정치를 할 수 있도록 도와주십시오.” 진흥왕의 말에 지소 부인은 빙그레 미소를 지었어요. “알겠습니다. 온 마음을 다해 폐하를 돕겠습니다.”",
      "srcPage": 3,
      "srcSentenceEA": 15,
      "srcWordEA": 122,
      "character": "왕,얼굴,금관,진흥왕,큰아버지,법흥왕,어머니,지소 부인,폐하,어른",
      "setting": "그때,대궐,신라,나라",
      "action": "쓰고,앉았어요,바라보는,불러,말했어요,미소를 지었어요",
      "feeling": null,
      "causalRelationship": "그런데 진흥왕을 바라보는 어머니 지소 부인의 얼굴에는 근심이 어렸어요. 왕이 어리다는 이유로 대신들이 벌써부터 자기들 마음대로 나라를 움직이려 한다는 것을 알고 있었기 때문이에요.",
      "outcomeResolution": null,
      "prediction": null,
      "plotSummaryInfoCount": 1,
      "plotSummaryInfo": {
        "classification": "사회관계",
        "readAge": "초등_저학년",
        "form": "long-form",
        "plotSummaryText": "대궐에서는 신라 제24대 진흥왕의 즉위식이 열리고 있었는데, 왕이 어려서 대신들이 자기들 마음대로 나라를 움직이려 하는 것을 걱정하는 어머니 지소 부인에게 어린 진흥왕은 자신이 어른이 될 때까지 바른 정치를 할 수 있도록 도와달라고 하여 지소 부인은 온 마음을 다해 돕겠다고 했습니다.",
        "textWordEA": 40
      }
    },
    {
      "srcTextID": "131594",
      "srcText": "지소 부인은 현명한 여인이었지요. 지소 부인은 진흥왕과 함께 밤낮으로 공부를 했어요. 특히 역사 공부를 하는 데 많은 시간을 보냈지요. “역사책을 보면 지난날 훌륭한 왕들이 어떻게 나라를 다스렸는지, 어리석고 나쁜 사람이 어떤 잘못을 하여 벌을 받았는지 잘 알 수 있습니다. 그러니 폐하께서는 역사를 열심히 공부하셔서 훌륭한 왕들을 본받으십시오.” 지소 부인은 지리 공부도 열심히 가르쳤어요. “땅의 모양과 성질을 알면 어느 곳에 무슨 농산물을 키워야 풍년이 드는지 알 수 있습니다. 또한 산과 골짜기의 위치와 모양을 알면 전쟁을 할 때 유리합니다. 그러니 우리 신라뿐 아니라 고구려, 백제, 가야 등 다른 나라의 지리도 아셔야 합니다.” 지소 부인은 대신 한 사람 한 사람의 됨됨이도 잘 살펴야 한다고 했어요. 누가 정직한지, 아첨을 잘하는지, 충신인지, 간신인지 말이에요. 어머니 지소 부인의 가르침으로 진흥왕은 나날이 총명해졌어요.",
      "srcPage": 4,
      "srcSentenceEA": 12,
      "srcWordEA": 125,
      "character": "지소 부인,여인,진흥왕,역사책,왕들,사람,폐하,어머니",
      "setting": "밤낮,산,골짜기,우리 신라,고구려,백제,가야",
      "action": "공부를 했어요,가르쳤어요,다스렸는지,벌을 받았는지,잘 살펴야 한다고,했어요",
      "feeling": null,
      "causalRelationship": "역사책을 보면 지난날 훌륭한 왕들이 어떻게 나라를 다스렸는지,어리석고 나쁜 사람이 어떤 잘못을 하여 벌을 받았는지 잘 알 수 있습니다. 그러니 폐하께서는 역사를 열심히 공부하셔서 훌륭한 왕들을 본받으십시오.",
      "outcomeResolution": null,
      "prediction": null,
      "plotSummaryInfoCount": 1,
      "plotSummaryInfo": {
        "classification": "사회관계",
        "readAge": "초등_저학년",
        "form": "long-form",
        "plotSummaryText": "현명한 여인이었던 지소 부인은 진흥왕과 함께 밤낮으로 공부하며 훌륭한 왕들을 본받게 하려는 역사 공부와 작물의 재배와 전쟁을 위한 지리 공부도 가르쳤으며, 대신 각각의 됨됨이도 잘 살펴야 한다는 가르침 덕에 진흥왕은 나날이 총명해졌습니다.",
        "textWordEA": 32
      }
    },
    {
      "srcTextID": "131591",
      "srcText": "“서쪽으로는 백제군이 쳐들어오고, 남쪽 해안으로는 왜구들이 쳐들어오고. 이게 다 약한 나라에서 태어난 죄예요.” 아이를 안은 여자가 울먹이며 말했어요. 당시 신라는 북쪽의 고구려, 서쪽의 백제에 비해 작고 약한 나라였어요. 그래서 늘 두 나라의 침략에 시달렸답니다. “후유, 소문을 들으니 이번에 왕위에 오르는 임금님은 겨우 일곱 살이래요.” 한 남자가 한숨을 쉬며 말하자 모두들 얼굴이 어두워졌지요.",
      "srcPage": 2,
      "srcSentenceEA": 7,
      "srcWordEA": 57,
      "character": "백제군,왜구들,아이,여자,임금님,남자",
      "setting": "서쪽,남쪽 해안,나라,신라,북쪽,고구려,백제",
      "action": "쳐들어오고,태어난,안은,울먹이며,말했어요,들으니,한숨을 쉬며,말하자",
      "feeling": null,
      "causalRelationship": "당시 신라는 북쪽의 고구려,서쪽의 백제에 비해 작고 약한 나라였어요. 그래서 늘 두 나라의 침략에 시달렸답니다.",
      "outcomeResolution": null,
      "prediction": null,
      "plotSummaryInfoCount": 1,
      "plotSummaryInfo": {
        "classification": "사회관계",
        "readAge": "초등_저학년",
        "form": "long-form",
        "plotSummaryText": "당시 신라는 북쪽의 고구려와 서쪽의 백제에 비해 작고 약한 나라여서 늘 두 나라의 침략에 시달렸고 남쪽 해안으로는 왜구들이 쳐들어왔는데, 소문을 들으니 이번에 왕위에 오르는 임금님은 겨우 일곱 살이라고 한 남자가 말하자 모두들 얼굴이 어두워졌습니다.",
        "textWordEA": 34
      }
    },
    {
      "srcTextID": "131597",
      "srcText": "진흥왕은 당장 명령을 내렸어요. “건강하고 총명한 젊은이들을 뽑아 한데 모은 다음 글과 무예를 가르치도록 하시오!” 신라 곳곳에서 수많은 젊은이들이 모여들었어요. 그리고 마침내 여러 번의 시험을 거쳐 뽑힌 우수한 젊은이들이 진흥왕 앞에 섰어요. 진흥왕은 흡족한 얼굴로 젊은이들을 보며 말했어요. “꽃처럼 아름답고 건강한 모습이구나. 그대들을 화랑이라고 부르겠다.” 화랑은 말 그대로 꽃 같은 젊은이라는 뜻이에요. “내가 화랑을 뽑은 것은 장차 우리 신라를 지고 나갈 대들보가 필요하기 때문이다. 그대들도 잘 알다시피 우리 신라는 작고 약해 언제나 고구려와 백제로부터 시달려 왔다. 고구려와 백제를 이기려면 그대들처럼 훌륭한 젊은이들이 중심이 되어 나라를 지켜야 한다. 그러니 오늘부터 열심히 글공부를 하고 무예를 갈고 닦아라. 그리하여 나라가 위태로울 때 공을 세워 다오.” “폐하의 기대에 어긋나지 않게 자랑스러운 신라의 대들보가 되겠습니다.” 화랑들은 씩씩하게 대답했어요.",
      "srcPage": 7,
      "srcSentenceEA": 15,
      "srcWordEA": 123,
      "character": "진흥왕,젊은이들,얼굴,꽃,그대들,화랑,젊음이,대들보,폐하",
      "setting": "신라,고구려,백제,오늘,나라",
      "action": "뽑아,가르치도록,모여들었어요,섰어요,보며,말했어요,부르겠다,대답했어요,명령을 내렸어요,지켜야 한다",
      "feeling": "흡족한,아름답고",
      "causalRelationship": "내가 화랑을 뽑은 것은 장차 우리 신라를 지고 나갈 대들보가 필요하기 때문이다.",
      "outcomeResolution": null,
      "prediction": null,
      "plotSummaryInfoCount": 1,
      "plotSummaryInfo": {
        "classification": "사회관계",
        "readAge": "초등_저학년",
        "form": "long-form",
        "plotSummaryText": "진흥왕은 건강하고 총명한 젊은이들을 뽑아 글과 무예를 가르치도록 명령을 내렸고, 그렇게 뽑힌 우수한 젊은이들을 화랑이라고 부르며 신라를 지고 나갈 대들보가 되어 나라가 위태로울 때 공을 세워 달라고 당부했습니다.",
        "textWordEA": 28
      }
    },
    {
      "srcTextID": "131605",
      "srcText": "왕위 싸움에 정신이 없던 고구려는 갑작스러운 신라와 백제의 공격에 깜짝 놀랐어요. 서둘러 반격을 했지만, 신라와 백제가 양쪽에서 공격해 오니 가운데서 옴짝달싹할 수가 없었지요. 용감한 화랑이 주축이 된 신라군은 죽령 이북의 고구려 땅 10군을, 백제군은 한강 아래쪽 고구려 땅 6군을 빼앗았어요. “세상에, 우리가 그 무서운 고구려를 이기다니!” 신라 백성들은 집 밖으로 뛰쳐나와 덩실덩실 춤을 추었답니다. 그러나 진흥왕은 생각에 잠겼어요. ‘기뻐하기는 아직 이르다. 한강 유역을 손에 넣지 못하면 신라는 절대 강해질 수 없다.’ 그 후 진흥왕은 군사를 일으켜 백제가 점령하고 있던 한강 아래쪽 6군을 빼앗았어요. 이로써 진흥왕은 오랫동안 염원했던 한강 유역 정복의 꿈을 이루게 되었어요. 진흥왕은 호탕하게 웃으며 외쳤답니다. “한강은 큰 바다를 지나 당나라로 닿는다. 이제 물길을 얻었으니 신라는 영원히 강한 나라로 빛나리라.”",
      "srcPage": 13,
      "srcSentenceEA": 13,
      "srcWordEA": 121,
      "character": "화랑,신라군,백제군,우리,백성들,진흥왕,군사",
      "setting": "고구려,신라,백제,집 밖,바다,죽령 이북의 고구려 땅 10군,한강 아래쪽 고구려 땅 6군,한강,당나라",
      "action": "빼앗았어요,뛰쳐나와,춤을 추었답니다.웃으며,외쳤답니다,반격을 했지만,생각에 잠겼어요,일으켜",
      "feeling": "놀랐어요",
      "causalRelationship": "서둘러 반격을 했지만,신라와 백제가 양쪽에서 공격해 오니 가운데서 옴짝달싹할 수가 없었지요.",
      "outcomeResolution": null,
      "prediction": null,
      "plotSummaryInfoCount": 1,
      "plotSummaryInfo": {
        "classification": "사회관계",
        "readAge": "초등_저학년",
        "form": "long-form",
        "plotSummaryText": "화랑이 주축이 된 신라군이 죽령 이북의 고구려 땅 10군을 빼앗았고, 백제군이 한강 아래쪽 고구려 땅 6군을 빼앗은 이후 백제가 점령하고 있던 한강 아래쪽 6군을 빼앗아 오랫동안 염원했던 한강 유역 정복의 꿈을 이루게 되었습니다.",
        "textWordEA": 33
      }
    },
    {
      "srcTextID": "131606",
      "srcText": "“안 된다! 더 이상 물러설 수는 없다!” 절박해진 성왕은 직접 말을 몰고 싸우다 신라군에게 붙잡혀 그만 전사하고 말았어요. 이 사실이 알려지자 백제군은 허둥지둥 도망치기 시작했어요. 신라군의 완벽한 승리였지요. 신라인들은 한강 유역에 커다란 비석을 세우고 진흥왕의 업적을 기록했어요. 이것이 바로 진흥왕순수비랍니다. 진흥왕순수비는 오늘날에도 그 모습이 남아 있어요.",
      "srcPage": 15,
      "srcSentenceEA": 8,
      "srcWordEA": 53,
      "character": "성왕,말,신라군,백제군,신라인들,비석,진흥왕,진흥왕순수비",
      "setting": "한강 유역,오늘날",
      "action": "몰고,싸우다,붙잡혀,전사하고,도망치기,세우고,기록했어요,남아 있어요",
      "feeling": "절박해진",
      "causalRelationship": null,
      "outcomeResolution": "이 사실이 알려지자 백제군은 허둥지둥 도망치기 시작했어요.",
      "prediction": null,
      "plotSummaryInfoCount": 1,
      "plotSummaryInfo": {
        "classification": "사회관계",
        "readAge": "초등_저학년",
        "form": "long-form",
        "plotSummaryText": "더 이상 물러설 수 없었던 성왕은 직접 말을 몰고 싸우다 신라군에게 붙잡혀 전사하니 백제군은 도망쳤고, 신라인들은 한강 유역에 진흥왕의 업적을 기록한 진흥왕순수비를 세워 오늘날에도 그 모습이 남아 있습니다.",
        "textWordEA": 28
      }
    },
    {
      "srcTextID": "131600",
      "srcText": "백제 성왕은 서둘러 신라에 사신을 보내 지원군을 요청했어요. 백제는 진흥왕의 큰아버지인 법흥왕 때까지 신라와 동맹 관계를 맺고 있었거든요. 하지만 진흥왕은 백제 사신을 향해 차갑게 말했어요. “신라는 백제를 위해 피 한 방울도 흘릴 수 없으니 돌아가라.” 진흥왕의 말에 백제 사신보다 신라 대신들이 더 놀랐어요. “폐하! 신라와 백제의 동맹은 법흥왕도 지키신 약속입니다. 그 약속을 깨시면 안 됩니다.” 대신들의 하소연에 진흥왕은 단호하게 말했어요. “지금까지 신라와 백제는 동맹 관계였다. 그런데도 백제는 틈만 나면 신라의 서쪽 국경을 침범하곤 하였다. 그런데 왜 신라만 약속을 지켜야 하는가?” 그러자 다른 대신이 말했어요. “폐하의 마음은 압니다만, 지원군을 보내지 않으면 전쟁이 끝난 뒤 반드시 백제가 보복을 해 올 것입니다.” 마침내 진흥왕의 분노가 폭발했어요. “그대들은 언제까지 백제의 눈치를 볼 것인가? 스스로 강해지지 않으면 모두들 우리를 얕보고 괴롭힐 것이다!”",
      "srcPage": 10,
      "srcSentenceEA": 16,
      "srcWordEA": 128,
      "character": "백제 성왕,사신,지원군,진흥왕,큰아버지,법흥왕,대신들,폐하",
      "setting": "신라,백제,서쪽 국경",
      "action": "보내,요청했어요,말했어요,돌아가라,침범하곤",
      "feeling": "놀랐어요,분노가 폭발했어요",
      "causalRelationship": "백제 성왕은 서둘러 신라에 사신을 보내 지원군을 요청했어요. 백제는 진흥왕의 큰아버지인 법흥왕 때까지 신라와 동맹 관계를 맺고 있었거든요.",
      "outcomeResolution": null,
      "prediction": null,
      "plotSummaryInfoCount": 1,
      "plotSummaryInfo": {
        "classification": "사회관계",
        "readAge": "초등_저학년",
        "form": "long-form",
        "plotSummaryText": "백제 성왕이 신라에 사신을 보내 지원군을 요청했지만 진흥왕은 백제를 위해 피 한 방울도 흘릴 수 없으니 돌아가라고 말했고, 놀란 신라 대신들이 백제와의 동맹을 지키지 않으면 후에 백제가 보복을 해 올 것이라고 하자 진흥왕은 분노가 폭발하여 스스로 강해지지 않으면 모두들 우리를 얕보고 괴롭힐 것이라고 했습니다.",
        "textWordEA": 44
      }
    },
    {
      "srcTextID": "131596",
      "srcText": "그리하여 진흥왕은 열여덟 살이 된 해부터 직접 나라를 다스렸어요. 지난 십 년 동안 지소 부인이 진흥왕을 잘 가르쳤기 때문에 대신들은 진흥왕이 어리다고 해서 함부로 얕볼 수가 없었어요. 하지만 진흥왕은 언제나 마음이 갑갑했어요. 대궐 안의 늙은 대신들은 도무지 진흥왕의 큰 꿈을 이해하지 못했거든요. “폐하! 신라는 본디 작은 나라입니다. 너무 욕심을 내시면 공연히 고구려와 백제로부터 또 침략을 당하니 조심해야 합니다.” “그러하옵니다. 백제와 고구려는 저희들끼리 자주 싸웁니다. 그러니 우리 신라는 그때그때 상황을 보아서 고구려가 강하면 고구려 편을 들고, 백제가 강하면 백제 편을 들면 됩니다. 그것이 안전합니다.” 대신들과 회의를 마친 진흥왕은 화가 치밀어 몇 시간이고 활을 쏘거나 혼자서 말을 타곤 했답니다. ‘아, 뜻을 같이 할 사람들이 없을까? 새로운 생각과 시도를 두려워하지 않는 젊은 친구들과 함께 이 나라를 이끌어 갈 수 있다면 좋으련만.’ 그때, 진흥왕에게 좋은 생각이 떠올랐어요. ‘그래, 어머니의 가르침이 지금의 나를 만들었다. 그렇다면 신라의 우수한 젊은이들을 뽑아 가르친 다음 나를 돕게 하면 되지 않을까?’",
      "srcPage": 6,
      "srcSentenceEA": 15,
      "srcWordEA": 155,
      "character": "진흥왕,지소 부인,늙은 대신들,폐하,활,말,사람들,젊은 친구들,어머니,나,젊은이들",
      "setting": "나라,십 년 동안,대궐 안,신라,고구려,백제,그때,지금",
      "action": "가르쳤기,쏘거나,타곤,뽑아,가르친,다스렸어요,만들었다",
      "feeling": "갑갑했어요,화가 치밀어",
      "causalRelationship": null,
      "outcomeResolution": null,
      "prediction": null,
      "plotSummaryInfoCount": 1,
      "plotSummaryInfo": {
        "classification": "사회관계",
        "readAge": "초등_저학년",
        "form": "long-form",
        "plotSummaryText": "열여덟 살이 된 해부터 직접 나라를 다스린 진흥왕은 자신의 꿈을 이해하지 못하는 늙은 대신들이 갑갑했기에, 뜻을 같이 할 사람들을 만들기 위해 우수한 젊은이들을 뽑아 가르치기로 했습니다.",
        "textWordEA": 26
      }
    },
    {
      "srcTextID": "131602",
      "srcText": "진흥왕은 여기서 그치지 않고 더 놀라운 명령을 내렸어요. “고구려와 백제는 계속 싸우느라 지금 매우 지쳐 있다. 그러니 지금이 가장 좋은 기회다. 도살성을 공격하라!” 진흥왕의 명령을 받은 이사부 장군이 신라군을 지휘하여 도살성을 공격했어요. 그동안 꾸준히 무예를 갈고 닦은 화랑들이 앞장섰지요. 신라군이 공격을 시작하자 도살성의 군사들과 백성들은 넋을 잃었어요. 고구려와 백제의 전쟁으로 지칠대로 지친 데다 잘 훈련받은 화랑과 신라군이 밀어닥치니 도무지 버틸 재간이 없었어요. 도살성 전투에서 신라군은 지금까지와는 아주 다른 모습을 보였어요. 다른 나라 군사 앞에서 어쩔 줄 몰라 하던 모습은 사라지고 용감하게 적을 공격했지요. 특히 화랑들의 활약이 대단했어요. 화랑들은 ‘전쟁터에서 절대 물러나지 않는다.’는 계율을 마음에 새기며 죽기를 각오하고 싸웠어요. 마침내 신라군은 도살성을 손에 넣었어요. “믿어지지가 않아, 우리 신라가 이기다니!” 신라군과 화랑들은 서로 얼싸안고 눈물을 흘렸어요.",
      "srcPage": 11,
      "srcSentenceEA": 16,
      "srcWordEA": 127,
      "character": "진흥왕,이사부 장군,신라군,화랑들,군사들,백성들,적",
      "setting": "고구려,백제,도살성,신라",
      "action": "명령을 내렸어요,공격하라,지휘하여,앞장섰지요,싸웠어요,얼싸안고,눈물을 흘렸어요,공격을 시작하자,공격했지요",
      "feeling": null,
      "causalRelationship": "신라군이 공격을 시작하자 도살성의 군사들과 백성들은 넋을 잃었어요. 고구려와 백제의 전쟁으로 지칠대로 지친 데다 잘 훈련받은 화랑과 신라군이 밀어닥치니 도무지 버틸 재간이 없었어요.",
      "outcomeResolution": null,
      "prediction": null,
      "plotSummaryInfoCount": 1,
      "plotSummaryInfo": {
        "classification": "사회관계",
        "readAge": "초등_저학년",
        "form": "long-form",
        "plotSummaryText": "진흥왕은 도살성을 공격하라는 더 놀라운 명령을 내렸고, 명령을 따라 이사부 장군은 화랑들을 앞세운 신라군을 지휘하여 도살성을 손에 넣게 되었습니다.",
        "textWordEA": 19
      }
    },
    {
      "srcTextID": "131607",
      "srcText": "한강 유역을 빼앗겼다는 소식을 들은 백제 성왕은 분노에 떨었어요. “아버지 무령왕이 되찾았던 한강 유역을 내 손으로 잃다니! 이런 부끄러운 일이 어디 있단 말이냐!” 성왕은 신라 관산성을 공격했어요. 백제군은 무서운 기세로 신라군을 무찔렀어요. 관산성이 거의 백제군에 의해 점령당할 무렵, 진흥왕이 보낸 지원군이 도착하여 백제는 승리를 코앞에 두고 후퇴를 하게 되었어요.",
      "srcPage": 14,
      "srcSentenceEA": 6,
      "srcWordEA": 53,
      "character": "백제 성왕,아버지,무령왕,백제군,신라군,진흥왕,지원군",
      "setting": "한강 유역,신라,관산성,백제",
      "action": "들은,되찾았던,잃다니,공격했어요,무찔렀어요,점령당할,보낸,도착하여,후퇴를 하게",
      "feeling": "분노에 떨었어요,부끄러운",
      "causalRelationship": null,
      "outcomeResolution": null,
      "prediction": null,
      "plotSummaryInfoCount": 1,
      "plotSummaryInfo": {
        "classification": "사회관계",
        "readAge": "초등_저학년",
        "form": "long-form",
        "plotSummaryText": "한강 유역을 빼앗겼다는 소식을 들은 백제 성왕은 분노에 떨며 신라 관산성을 공격해서 관산성이 거의 백제군에 의해 점령당할 무렵에 진흥왕이 보낸 지원군이 도착하여 후퇴를 하게 되었습니다.",
        "textWordEA": 25
      }
    },
    {
      "srcTextID": "131608",
      "srcText": "진흥왕은 승리의 여세를 몰아 신라 남쪽에 있던 작은 나라 대가야까지 정복했어요. 그리하여 신라의 땅은 낙동강 유역의 경상남북도 지방과 한강 유역, 강원도, 경기도 지방까지 이르게 되었지요. 정복 전쟁을 마친 진흥왕은 그동안 전쟁에 지친 백성들을 위로하기 위해 흥륜사를 지었어요. 흥륜사가 완성된 날은 온 나라 백성들에게 떡과 술을 나누어 주고, 감옥의 죄수도 풀어 주었답니다. 진흥왕은 한반도 동남쪽에 자리 잡은 작은 나라 신라를 한반도 제일의 나라로 만들었어요. 진흥왕이 다스리는 동안 신라는 최고의 전성기를 누렸지요. 그러나 왕위에 오른 지 37년 되던 해, 진흥왕은 병에 걸리고 말았어요. 병이 점점 심해지자 진흥왕은 사륜 태자를 불러 말했어요. “언제나 왕도를 지키도록 하여라.” 진흥왕은 짧은 말을 남기고 숨을 거두었어요. 진흥왕은 세상을 떠났지만 진흥왕이 만든 화랑 제도는 그 뒤로 더욱 발전하여 서기 668년, 화랑 출신의 뛰어난 장수들의 활약으로 삼국 통일을 이루게 되었지요.",
      "srcPage": 16,
      "srcSentenceEA": 11,
      "srcWordEA": 130,
      "character": "진흥왕,백성들,떡,술,죄수,사륜태자,화랑,장수들",
      "setting": "신라,대가야,낙동강,경상남도 지방,한강 유역,강원도,경기도,흥륜사,한반도,감옥,세상,서기 668년,왕위에 오른 지 37년 되던 해",
      "action": "정복했어요,지었어요,나누어 주고,풀어 주었답니다,만들었어요,다스리는,병에 걸리고,불러,말했어요,숨을 거두었어요,떠났지만,삼국 통일을 이루게,되었지요",
      "feeling": null,
      "causalRelationship": null,
      "outcomeResolution": null,
      "prediction": null,
      "plotSummaryInfoCount": 1,
      "plotSummaryInfo": {
        "classification": "사회관계",
        "readAge": "초등_저학년",
        "form": "long-form",
        "plotSummaryText": "진흥왕은 신라 남쪽에 있던 대가야까지 정복하면서 낙동강 유역의 경상남북도 지방과 한강 유역 및 강원도와 경기도 지방까지 땅을 넓혀 정복 전쟁을 마친 후에는 흥륜사를 지어 백성들을 위로하였고, 왕위에 오른 지 37년 되던 해에 병에 걸려 숨을 거두었지만 진흥왕이 만든 화랑 출신의 뛰어난 장수들의 활약으로 서기 668년 삼국 통일을 이루게 되었습니다.",
        "textWordEA": 49
      }
    },
    {
      "srcTextID": "131603",
      "srcText": "도살성 전투에서 이겼다는 소식이 전해지자 진흥왕과 신라 백성들은 몹시 기뻐했어요. 이제는 대신들도 더 이상 진흥왕의 말에 반대할 수 없었어요. 한편, 고구려의 조정에서는 서로 편을 갈라 싸우고 자기 편에 유리한 왕족을 왕으로 세우기 위해서 상대를 죽이는 일도 서슴지 않았어요. 기회를 만난 진흥왕은 서둘러 백제에 사신을 보내 지난번에 지원군을 보내지 못해 미안하다고 사과하는 한편 손을 잡고 함께 고구려를 공격하자는 말을 전했어요. 백제 성왕은 여전히 화가 풀리지 않았지만 일단 신라와 손을 잡기로 했어요. ‘일단 신라와 손을 잡고 고구려를 치자. 백제를 제일 위협하는 고구려를 정복한 다음 신라를 공격하는 거야.’ 이리하여 신라는 고구려의 동쪽, 백제는 고구려의 서쪽을 공격했어요.",
      "srcPage": 12,
      "srcSentenceEA": 8,
      "srcWordEA": 100,
      "character": "진흥왕,신라 백성들,대신들,왕,사신,지원군,백제 성왕,왕족",
      "setting": "고구려,백제,신라",
      "action": "싸우고,죽이는,보내,공격하는,반대할 수 없었어요,전했어요,공격했어요",
      "feeling": "기뻐했어요,미안하다고,화가 풀리지 않았지만",
      "causalRelationship": "도살성 전투에서 이겼다는 소식이 전해지자 진흥왕과 신라 백성들은 몹시 기뻐했어요. 이제는 대신들도 더 이상 진흥왕의 말에 반대할 수 없었어요.",
      "outcomeResolution": null,
      "prediction": null,
      "plotSummaryInfoCount": 1,
      "plotSummaryInfo": {
        "classification": "사회관계",
        "readAge": "초등_저학년",
        "form": "long-form",
        "plotSummaryText": "고구려의 조정이 어지러운 틈을 타 진흥왕은 백제에 사신을 보내 함께 고구려를 공격하자는 말을 전했고, 백제 성왕이 수락하여 신라는 고구려의 동쪽, 백제는 고구려의 서쪽을 공격했습니다.",
        "textWordEA": 24
      }
    },
    {
      "srcTextID": "131598",
      "srcText": "화랑들은 경서를 공부하고 칼과 창을 쓰는 법, 활쏘기, 말타기 등 무예를 갈고 닦았어요. 무리를 지어 전국의 산과 들, 골짜기를 다니기도 했지요. 그것은 단순한 여행이 아니라 땅의 모양과 성질을 익히기 위한 공부이기도 했답니다. 또한 단체 생활을 하면서 서로를 아끼고 위하는 마음도 길렀어요. 동료 화랑을 친형제처럼 사랑하는 마음은 전쟁터에서 뜨거운 우정과 의리로 발휘되었고, 그것은 곧 승리의 원천이 되었지요. 당시 신라에는 원광이라는 훌륭한 스님이 있었어요. 원광 스님은 화랑들이 신라에 큰 힘이 되어야 한다며 화랑을 위한 계율을 정해 주었답니다. 첫째, 나라와 임금님께 충성할 것. 둘째, 부모님께 효도할 것. 셋째, 친구는 믿음으로 사귈 것. 넷째, 전쟁터에 나가면 절대 물러서지 말 것. 다섯째, 목숨이 있는 것을 함부로 죽이지 말 것. 이 다섯 가지 계율은 ‘세속오계’라고 해서 화랑들이 생명처럼 소중하게 여기는 가치가 되었어요.",
      "srcPage": 8,
      "srcSentenceEA": 14,
      "srcWordEA": 129,
      "character": "화랑들,칼,창,동료 화랑,친형제,원광,스님,임금님,부모님,친구",
      "setting": "산,들,골짜기,전쟁터,나라,신라",
      "action": "공부하고,다니기도,나가면,갈고,닦았어요,무리를 지어,했지요,길렀어요",
      "feeling": null,
      "causalRelationship": null,
      "outcomeResolution": null,
      "prediction": null,
      "plotSummaryInfoCount": 1,
      "plotSummaryInfo": {
        "classification": "사회관계",
        "readAge": "초등_저학년",
        "form": "long-form",
        "plotSummaryText": "화랑들은 경서를 공부하고 무예를 갈고 닦아 무리를 지어 전국의 산과 들이나 골짜기를 다니기도 했는데, 당시 원광 스님은 화랑들이 신라에 큰 힘이 되어야 한다며 세속오계라는 계율을 정해 주기도 했습니다.",
        "textWordEA": 28
      }
    },
    {
      "srcTextID": "131595",
      "srcText": "진흥왕이 열여덟 살 되던 어느 날, 지소 부인이 진흥왕에게 물었어요. “폐하! 신라가 강해지기 위해서 가장 필요한 것이 무엇일까요?” 진흥왕은 거침없이 대답했어요. “한강 유역을 되찾는 것입니다.” 진흥왕은 열띤 목소리로 말을 이어 나갔어요. “신라는 땅도 좁고 인구도 적습니다. 그래서 늘 고구려와 백제의 침입을 당하는 것입니다. 그런 시달림으로부터 벗어나려면 수나라와 손을 잡아야 합니다. 따라서 한강을 차지해야 하는 것이 급선무입니다.” 한강에서 배를 타면 서해로 갈 수 있고, 서해만 건너면 당나라 땅에 바로 닿을 수 있었지요. 게다가 한강 유역은 땅이 기름져서 해마다 풍년이 들었어요. 그러다 보니 고구려와 백제는 한강 유역을 차지하기 위해 늘 으르렁거렸지만 힘이 약한 신라는 쳐다만 볼 뿐 감히 싸움에 끼어들 엄두도 내지 못했지요. 진흥왕의 대답에 지소 부인은 미소를 지으며 말했어요. “제대로 알고 계시는군요. 폐하께서는 더 이상 저의 도움이 필요하지 않으십니다. 이제부터는 폐하 스스로 이 나라를 잘 다스려 주십시오. 오늘부터 저는 절로 들어가 폐하와 신라의 발전을 기도하겠습니다.”",
      "srcPage": 5,
      "srcSentenceEA": 17,
      "srcWordEA": 147,
      "character": "진흥왕,지소 부인,폐하,배,땅",
      "setting": "어느 날,신라,한강,고구려,백제,수나라,서해,당나라,절,오늘",
      "action": "물었어요,대답했어요,타면,갈 수 있고,건너면,닿을 수,미소를 지으며,말했어요,들어가,기도하겠습니다",
      "feeling": null,
      "causalRelationship": "신라는 땅도 좁고 인구도 적습니다. 그래서 늘 고구려와 백제의 침입을 당하는 것입니다.",
      "outcomeResolution": null,
      "prediction": null,
      "plotSummaryInfoCount": 1,
      "plotSummaryInfo": {
        "classification": "사회관계",
        "readAge": "초등_저학년",
        "form": "long-form",
        "plotSummaryText": "진흥왕이 열여덟 살 되던 어느 날에 지소 부인이 진흥왕에게 신라가 강해지기 위해서 가장 필요한 것이 무엇인지 묻자, 수나라와 통하기 유리하고 땅이 기름져서 해마다 풍년이 드는 한강 유역을 되찾아야 한다고 대답하여 지소 부인은 더 이상 자신의 도움이 필요하지 않으니 스스로 나라를 다스리라고 말했습니다.",
        "textWordEA": 42
      }
    },
    {
      "srcTextID": "131599",
      "srcText": "진흥왕은 신라의 군대도 강하게 훈련시켰어요. 군인들에게 녹봉을 넉넉하게 주자 신라 곳곳에서 많은 남자들이 군사가 되겠다며 몰려들었지요. 진흥왕은 군사들을 철저하게 훈련시켰어요. 그리고 화랑들에게 신라군을 이끌게 했답니다. 화랑들은 여러 가지 병법을 공부했기 때문에 적은 희생으로 크게 승리할 수 있는 법도 잘 알고 있었지요. 게다가 무예도 뛰어나 군사들에게 좋은 스승이 될 수 있었어요. 이렇게 하루하루 나라의 힘을 키우고 있을 무렵, 때마침 좋은 기회가 왔어요. 고구려에 한강 유역을 빼앗기고 수도를 웅진으로 옮길 만큼 궁지에 몰린 백제 성왕이 고구려 도살성을 공격해 빼앗아 버린 것이었지요. 그러자 고구려도 지지 않고 백제의 금현성을 빼앗았어요. 그러고는 무서운 기세로 백제를 공격하기 시작했답니다.",
      "srcPage": 9,
      "srcSentenceEA": 10,
      "srcWordEA": 101,
      "character": "진흥왕,군대,군인들,남자들,군사,화랑들,신라군,스승,백제 성왕,녹봉",
      "setting": "신라,나라,고구려,한강,웅진,도살성,백제,금현성",
      "action": "훈련시켰어요,주자,몰려들었지요,공부했기,빼앗기고,공격해,빼앗아 버린,빼앗았어요,이끌게 했답니다,공격하기 시작했답니다",
      "feeling": null,
      "causalRelationship": "화랑들은 여러 가지 병법을 공부했기 때문에 적은 희생으로 크게 승리할 수 있는 법도 잘 알고 있었지요.",
      "outcomeResolution": null,
      "prediction": null,
      "plotSummaryInfoCount": 1,
      "plotSummaryInfo": {
        "classification": "사회관계",
        "readAge": "초등_저학년",
        "form": "long-form",
        "plotSummaryText": "진흥왕이 신라의 군대도 강하게 훈련시키고 화랑들에게 신라군을 이끌게 하여 나라의 힘을 키우고 있을 무렵, 고구려와 백제의 전쟁이 일어났습니다.",
        "textWordEA": 18
      }
    }
  ]
}