{
  "title": "콜럼버스",
  "author": "정명숙",
  "illustrator": "강신광",
  "isbn": "9791155395981",
  "publishedYear": 2016,
  "publisher": "(도서출판)때올비",
  "paragraphInfoCount": 19,
  "paragraphInfo": [
    {
      "srcTextID": "137239",
      "srcText": "그래서 콜럼버스는 항상 엉뚱한 질문만 했답니다. “아빠, 저렇게 무거운 배가 어떻게 뜨죠? 세상에서 가장 큰 나라는 어디예요?” 또 틈만 나면 선원들을 따라다니며 신기한 바다 이야기를 듣곤 했어요.",
      "srcPage": 3,
      "srcSentenceEA": 4,
      "srcWordEA": 29,
      "character": "콜럼버스,아빠,배,선원들",
      "setting": "바다",
      "action": "따라다니며,듣곤 했어요",
      "feeling": null,
      "causalRelationship": null,
      "outcomeResolution": null,
      "prediction": null,
      "plotSummaryInfoCount": 1,
      "plotSummaryInfo": {
        "classification": "사회관계",
        "readAge": "초등_저학년",
        "form": "long-form",
        "plotSummaryText": "콜럼버스는 아빠에게 항상 엉뚱한 질문만 했고 틈만 나면 선원들을 따라다니며 신기한 바다 이야기를 듣곤 했습니다.",
        "textWordEA": 15
      }
    },
    {
      "srcTextID": "137257",
      "srcText": "1492년 8월 3일, 드디어 출항의 순간이 다가왔어요. “닻을 올려라! 출항이다!” 콜럼버스는 뱃머리에 서서 우렁차게 외쳤어요. 많은 사람이 항구에 나와 콜럼버스 일행을 배웅했지요. 산타 마리아호를 이끄는 콜럼버스의 가슴은 희망으로 부풀었어요. 하지만 선원들은 달랐어요. “우리 모두 바다 귀신의 밥이 될지도 몰라.” “아니, 바다 끝 낭떠러지에 떨어져 죽고 말 거야.” “배를 돌려 고향으로 돌아가고 싶어.” 선원들의 눈에 눈물이 맺혔어요.",
      "srcPage": 10,
      "srcSentenceEA": 11,
      "srcWordEA": 62,
      "character": "콜럼버스,산타 마리아호,선원들,배,눈,눈물",
      "setting": "1492년 8월 3일,항구,바다",
      "action": "외쳤어요,나와,배웅했지요,맺혔어요",
      "feeling": null,
      "causalRelationship": null,
      "outcomeResolution": null,
      "prediction": null,
      "plotSummaryInfoCount": 1,
      "plotSummaryInfo": {
        "classification": "사회관계",
        "readAge": "초등_저학년",
        "form": "long-form",
        "plotSummaryText": "1492년 8월 3일, 드디어 출항의 순간이 다가왔고 많은 사람이 항구에 나와 콜럼버스 일행을 배웅했고 산타 마리아호를 이끄는 콜럼버스의 가슴은 희망으로 부풀었지만, 선원들은 바다귀신의 밥이 될지도 모르고 배를 돌려 고향으로 돌아가고 싶다며 눈에 눈물이 맺혔습니다.",
        "textWordEA": 34
      }
    },
    {
      "srcTextID": "137242",
      "srcText": "얼마 뒤, 콜럼버스는 난생 처음 배를 타게 되었어요. “배가 출렁출렁하네? 정말 신기해!” 장난꾸러기 콜럼버스는 배 안 여기저기를 신나게 뛰어다녔어요. 콜럼버스는 선장에게 물었어요. “선장님, 바다 끝까지 가 보셨어요?” “아니, 바다 끝은 낭떠러지여서 아무도 갈 수 없단다.” 선장이 잔뜩 겁을 주며 말했어요. 당시 사람들은 지구가 평평하다고 생각했어요. 그래서 평평한 지구 끝에는 낭떠러지가 있다고 믿었지요. 콜럼버스의 호기심은 점점 더 커져 갔어요.",
      "srcPage": 6,
      "srcSentenceEA": 11,
      "srcWordEA": 65,
      "character": "콜럼버스,배,선장",
      "setting": "바다,지구,배 안",
      "action": "타게,뛰어다녔어요,물었어요,말했어요",
      "feeling": null,
      "causalRelationship": null,
      "outcomeResolution": null,
      "prediction": null,
      "plotSummaryInfoCount": 1,
      "plotSummaryInfo": {
        "classification": "사회관계",
        "readAge": "초등_저학년",
        "form": "long-form",
        "plotSummaryText": "콜럼버스는 난생처음 배를 타게 되었고 배 안 여기저기를 신나게 뛰어다녔는데 선장에게 바다 끝까지 가 보았냐고 묻자, 선장은 낭떠러지여서 갈 수 없다고 했고 콜럼버스의 호기심은 점점 더 커져 갔습니다.",
        "textWordEA": 28
      }
    },
    {
      "srcTextID": "137288",
      "srcText": "어느 날, 콜럼버스는 마지막 항해를 떠났어요. 동생과 아들이 함께 배에 올랐지요. “자, 출항이다!” 힘찬 목소리로 닻을 올렸지만 항해는 그리 오래가지 못했어요. 콜럼버스의 건강이 갑자기 나빠져 배를 돌릴 수밖에 없었던 거예요. 에스파냐 산루카 항구에 닿자마자 콜럼버스는 자리에 눕고 말았어요. “인도 땅을 꼭 밟아 보고 싶었는데. 내가 못다 한 일들을 이루어 다오.” 콜럼버스는 이루지 못한 꿈을 뒤로하고 쉰여섯 살의 나이로 세상을 떠났답니다.",
      "srcPage": 17,
      "srcSentenceEA": 9,
      "srcWordEA": 66,
      "character": "콜럼버스,동생,아들,배,닻",
      "setting": "에스파냐 산루카 항구,인도",
      "action": "올렸지만,눕고 말았어요,세상을 떠났답니다",
      "feeling": null,
      "causalRelationship": null,
      "outcomeResolution": null,
      "prediction": null,
      "plotSummaryInfoCount": 1,
      "plotSummaryInfo": {
        "classification": "사회관계",
        "readAge": "초등_저학년",
        "form": "long-form",
        "plotSummaryText": "콜럼버스는 마지막 항해를 떠나 동생과 아들이 함께 배에 올랐는데 건강이 갑자기 나빠져 배를 돌릴 수밖에 없었고 에스파냐 산루카 항구에 닿자마자 콜럼버스는 자리에 눕고 말았으며 쉰여섯 살의 나이로 세상을 떠났답니다.",
        "textWordEA": 29
      }
    },
    {
      "srcTextID": "137292",
      "srcText": "신대륙을 발견한 뒤 콜럼버스는 유럽의 영웅이 되었어요. 여러 왕실에서 콜럼버스를 초대해 미지의 세계에 대한 이야기를 듣고 싶어 했어요. 콜럼버스는 힘들었던 항해와 선원들의 반란 그리고 신세계의 아름다움에 대해 말해 주었어요. 콜럼버스의 이야기를 듣고 왕과 귀족들은 모두 감탄했어요. 하루는 한 신부가 콜럼버스를 근사한 만찬에 초대했어요. 그 자리에는 귀족이 많이 있었어요. 귀족들은 콜럼버스의 탐험 이야기를 귀 기울여 들었어요. 그때였어요. 그 자리에 있던 한 귀족이 비웃듯이 말했어요. “쳇! 콜럼버스, 그대는 단지 운이 좋았을 뿐이오. 그곳은 당신이 아니더라도 언젠가는 누군가 가 발견할 땅이었소.”",
      "srcPage": 18,
      "srcSentenceEA": 11,
      "srcWordEA": 88,
      "character": "콜럼버스,선원들,왕,귀족들,신부,귀족,당신",
      "setting": "유럽,미지의 세계",
      "action": "말해 주었어요,듣고,초대했어요,말했어요,발견한",
      "feeling": null,
      "causalRelationship": null,
      "outcomeResolution": null,
      "prediction": null,
      "plotSummaryInfoCount": 1,
      "plotSummaryInfo": {
        "classification": "사회관계",
        "readAge": "초등_저학년",
        "form": "long-form",
        "plotSummaryText": "신대륙을 발견한 뒤 콜럼버스는 유럽의 영웅이 되었고 콜럼버스를 초대해 미지의 세계에 대한 이야기를 듣고 싶어 했으며 항해와 선원들의 반란 그리고 신세계의 아름다움에 대해 말해 주었고 귀족들은 콜럼버스의 탐험 이야기를 귀 기울여 들었습니다.",
        "textWordEA": 32
      }
    },
    {
      "srcTextID": "137237",
      "srcText": "어느 화창한 봄날, 키다리 선장과 조그만 소년이 뱃머리에 서서 바다를 바라보고 있었어요. “선장님, 저 바다 끝에는 무엇이 있나요?” “바다 저편에는 지구의 끝인 낭떠러지가 있단다. 그래서 가까이 가면 뚝 떨어지고 말지.” “선장님은 바다 끝을 보았나요?” “누구도 바다 끝을 본 적은 없단다.” 소년은 갑자기 큰 희망으로 가슴이 부풀어 올랐어요. ‘아무도 보지 못한 바다 끝을 내가 찾아낼 거야.’ 호기심 많은 이 소년이 훗날 아메리카 대륙을 발견한 크리스토퍼 콜럼버스입니다.",
      "srcPage": 1,
      "srcSentenceEA": 9,
      "srcWordEA": 69,
      "character": "선장,소년,크리스토퍼 콜럼버스",
      "setting": "봄날,뱃머리,바다,아메리카",
      "action": "서서,바라보고 있었어요",
      "feeling": null,
      "causalRelationship": null,
      "outcomeResolution": null,
      "prediction": null,
      "plotSummaryInfoCount": 1,
      "plotSummaryInfo": {
        "classification": "사회관계",
        "readAge": "초등_저학년",
        "form": "long-form",
        "plotSummaryText": "키다리 선장과 조그만 소년이 뱃머리에 서서 바다를 바라보며 소년이 저 바다 끝에는 무엇이 있나고 묻자, 선장은 누구도 바다 끝을 본 적은 없다고 했고 소년은 큰바다 끝을 찾아낼 거라고 생각했으며 바로 훗날 아메리카 대륙을 발견한 크리스토퍼 콜럼버스입니다.",
        "textWordEA": 36
      }
    },
    {
      "srcTextID": "137238",
      "srcText": "콜럼버스는 1451년 이탈리아 제네바에서 태어났어요. 아버지는 옷감을 파는 상인이었는데, 콜럼버스가 제네바 최고의 상인이 되길 바랐지요. 하지만 콜럼버스는 높은 물살을 가르며 커다란 배가 오가는 드넓은 바다가 좋았어요.",
      "srcPage": 2,
      "srcSentenceEA": 3,
      "srcWordEA": 28,
      "character": "콜럼버스,아버지,옷감,상인,배",
      "setting": "1451년,이탈리아 제네바,바다",
      "action": "태어났어요",
      "feeling": null,
      "causalRelationship": null,
      "outcomeResolution": null,
      "prediction": null,
      "plotSummaryInfoCount": 1,
      "plotSummaryInfo": {
        "classification": "사회관계",
        "readAge": "초등_저학년",
        "form": "short-form",
        "plotSummaryText": "1451년 이탈리아 제네바에서 태어난 콜럼버스의  아버지는 옷감을 파는 상인으로 아들이 제네바 최고의 상인이 되길 바랐지만, 콜럼버스는 드넓은 바다가 좋았습니다.",
        "textWordEA": 20
      }
    },
    {
      "srcTextID": "137240",
      "srcText": "“콜럼버스, 바다 밑에는 커다란 괴물이 살아. 그 괴물은 파도를 일으켜 성보다도 큰 배를 꿀꺽 삼켜 버린단다.” 콧수염 아저씨가 무서운 표정으로 말했어요. “우아! 으스스해요! 그런데 아저씨는 괴물과 싸워 봤어요?” 콜럼버스가 귀를 쫑긋 세우며 물었어요.",
      "srcPage": 4,
      "srcSentenceEA": 6,
      "srcWordEA": 38,
      "character": "콜럼버스,괴물,배,콧수염,아저씨",
      "setting": "바다 밑,성",
      "action": "말했어요,물었어요",
      "feeling": null,
      "causalRelationship": null,
      "outcomeResolution": null,
      "prediction": null,
      "plotSummaryInfoCount": 1,
      "plotSummaryInfo": {
        "classification": "사회관계",
        "readAge": "초등_저학년",
        "form": "long-form",
        "plotSummaryText": "콧수염 아저씨는 콜럼버스에게 바다 밑에는 커다란 괴물이 살고 파도를 일으켜 성보다도 큰 배를 꿀꺽 삼켜 버린다고 말했고 콜럼버스가 귀를 쫑긋 세우며 물었습니다.",
        "textWordEA": 22
      }
    },
    {
      "srcTextID": "137265",
      "srcText": "선원들의 거센 항의 속에서도 콜럼버스는 항해를 멈추지 않았어요. 그러던 어느 날이었어요. “앗, 저건 새잖아!” 새 무리가 콜럼버스 눈에 띈 거예요. 새가 있다는 건 멀지 않은 곳에 육지가 있다는 증거였지요. 그러자 뱃머리 위에 있던 선원들이 소리쳤어요. “육지다! 육지가 보인다!”",
      "srcPage": 12,
      "srcSentenceEA": 7,
      "srcWordEA": 43,
      "character": "선원들,콜럼버스,새",
      "setting": "육지,어느 날",
      "action": "소리쳤어요",
      "feeling": null,
      "causalRelationship": null,
      "outcomeResolution": null,
      "prediction": null,
      "plotSummaryInfoCount": 1,
      "plotSummaryInfo": {
        "classification": "사회관계",
        "readAge": "초등_저학년",
        "form": "long-form",
        "plotSummaryText": "선원들의 거센 항의 속에서도 콜럼버스는 항해를 멈추지 않았고 콜럼버스 눈에 새가 보였고 새가 있다는 건 멀지 않은 곳에 육지가 있다는 증거였으며 뱃머리 위에 있던 선원들이 육지가 보인다고 소리쳤습니다.",
        "textWordEA": 28
      }
    },
    {
      "srcTextID": "137277",
      "srcText": "얼마 뒤, 콜럼버스는 고향으로 돌아왔어요. 배에는 신비의 땅에서 가져온 선물이 가득했어요. 콜럼버스는 기쁜 마음으로 이사벨 여왕을 찾아갔어요. “여왕님, 저는 지구의 반대편까지 갔다 왔습니다. 그곳에서 여왕님께 드릴 선물을 가지고 왔습니다.” 콜럼버스는 섬에서 가지고 온 신기한 과일과 보석을 내놓았어요. “오, 세상에! 너무나 탐스럽고 아름답군요!” 이사벨 여왕은 기쁨을 감추지 못했어요. 그리고 콜럼버스가 원한다면 언제든지 항해를 할 수 있도록 돕겠다고 약속했답니다.",
      "srcPage": 15,
      "srcSentenceEA": 10,
      "srcWordEA": 64,
      "character": "콜럼버스,배,이사벨,여왕,보석",
      "setting": "얼마 뒤,고향,지구",
      "action": "돌아왔어요,찾아갔어요,내놓았어요",
      "feeling": null,
      "causalRelationship": null,
      "outcomeResolution": null,
      "prediction": null,
      "plotSummaryInfoCount": 1,
      "plotSummaryInfo": {
        "classification": "사회관계",
        "readAge": "초등_저학년",
        "form": "long-form",
        "plotSummaryText": "얼마 뒤, 콜럼버스는 고향으로 돌아왔고 배에는 신비의 땅에서 가져온 선물이 가득했으며 이사벨 여왕을 찾아가 지구 반대편 섬에서 가지고 온 신기한 과일과 보석을 내놓았고 여왕은 언제든지 항해를 할 수 있도록 돕겠다고 약속했답니다.",
        "textWordEA": 31
      }
    },
    {
      "srcTextID": "137299",
      "srcText": "사람들은 깜짝 놀라 콜럼버스의 눈치를 살폈어요. 그런데 콜럼버스는 눈 하나 깜짝하지 않고 조용히 식사를 하다가 식탁 위에 있는 삶은 달걀을 집어 들며 말했어요. “누구든 이 달걀을 식탁 위에 세워 보십시오.” “그거야 쉽지.” 사람들은 식탁 위에 달걀을 세우려고 애썼어요. 그러나 달걀은 쓰러지기만 할 뿐 세워지지 않았어요. 그러자 콜럼버스는 달걀 밑 부분을 두드려 깬 다음 식탁 위에 달걀을 세웠어요. “자, 보세요. 섰지요?” “그렇게는 누구든지 할 수 있소.” 귀족들의 말에 콜럼버스는 빙그레 웃으며 말했어요. “바로 그거예요. 무슨 일이든지 처음 해내는 것이 중요하지요. 어떤 사람들은 누구나 새로운 땅을 발견할 수 있다고 말하지만, 그 일을 처음 해낸 사람은 바로 접니다.” 귀족들은 아무 말도 하지 못하고 눈을 내리깐 채 입술을 꼭 깨물었어요. 콜럼버스는 아무도 가 보지 않은 길을 처음으로 간 사람이에요. 그는 수많은 장애물을 헤치고 새로운 바닷길을 열었어요. 콜럼버스의 신대륙 발견으로 수많은 유럽 사람이 아메리카 대륙으로 몰려갔어요. 콜럼버스 덕분에 세계 역사는 크게 변하기 시작했지요. 콜럼버스는 자신의 모든 것을 걸고, 스스로의 의지를 믿고 탐험을 시작했어요. 콜럼버스는 호기심의 천재이기도 하지만, 자신의 꿈을 이루어 낸 의지의 천재이기도 하답니다.",
      "srcPage": 19,
      "srcSentenceEA": 21,
      "srcWordEA": 174,
      "character": "콜럼버스,사람들,식탁,달걀,귀족들,유럽 사람,눈,입술",
      "setting": "아메리카 대륙",
      "action": "살폈어요,집어 들며 말했어요,두드려 깬,세웠어요,말했어요,아무 말도 하지 못하고,내리깐,깨물었어요",
      "feeling": null,
      "causalRelationship": null,
      "outcomeResolution": null,
      "prediction": null,
      "plotSummaryInfoCount": 1,
      "plotSummaryInfo": {
        "classification": "사회관계",
        "readAge": "초등_저학년",
        "form": "long-form",
        "plotSummaryText": "콜럼버스는 조용히 식사를 하다 식탁 위에 있는 삶은 달걀을 집어 들며 식탁 위에 세워 보라고 했고 사람들은 달걀을 세우려고 애썼지만 쓰러지기만 할 뿐 세워지지 않았고 콜럼버스는 달걀 밑 부분을 두드려 깬 다음 식탁 위에 달걀을 세운 후 무슨 일이든지 처음 해내는 것이 중요하다고 말했고 콜럼버스의 신대륙 발견으로 수많은 유럽 사람이 아메리카 대륙으로 몰려갔으며 세계 역사는 크게 변하기 시작했고 호기심의 천재이기도 하지만, 자신의 꿈을 이루어 낸 의지의 천재이기도 하답니다.",
        "textWordEA": 68
      }
    },
    {
      "srcTextID": "137280",
      "srcText": "콜럼버스가 이사벨 여왕에게 인정을 받자 심술궂은 귀족들은 콜럼버스를 헐뜯었어요. “흥! 자신이 발견한 땅에서 왕 노릇을 하려고 할걸?” “맞아! 제멋대로 굴게 내버려 둘 수는 없어!” 귀족들은 콜럼버스를 괴롭히고 창고에 가두었어요. “억울합니다. 나는 한번도 왕이 되겠다고 생각해 본 적이 없어요. 나는 그저 탐험가일 뿐이에요.” 콜럼버스가 억울함을 하소연했지만 소용없었어요. 소식을 들은 이사벨 여왕은 불같이 화를 냈어요. “콜럼버스를 당장 풀어 주어라!” 콜럼버스는 풀려나자마자 다시 항해를 시작했어요. 바다를 건너고 지구의 끝을 돌고 또 돌았지요.",
      "srcPage": 16,
      "srcSentenceEA": 11,
      "srcWordEA": 78,
      "character": "콜럼버스,이사벨,여왕,귀족들,왕,탐험가",
      "setting": "창고,바다,지구",
      "action": "헐뜯었어요,괴롭히고,가두었어요,화를 냈어요,풀려나자마자,항해를 시작했어요,건너고,돌고 또 돌았지요",
      "feeling": null,
      "causalRelationship": null,
      "outcomeResolution": null,
      "prediction": null,
      "plotSummaryInfoCount": 1,
      "plotSummaryInfo": {
        "classification": "사회관계",
        "readAge": "초등_저학년",
        "form": "long-form",
        "plotSummaryText": "콜럼버스가 이사벨 여왕에게 인정을 받자 심술궂은 귀족들은 콜럼버스를 헐뜯었고 괴롭히고 창고에 가두었으며 그는 왕이 되겠다고 생각해 본 적이 없으며 탐험가일 뿐이라고 하소연했지만, 소용이 없었으나 이사벨 여왕의 도움으로 풀려나자 다시 항해를 시작했습니다.",
        "textWordEA": 31
      }
    },
    {
      "srcTextID": "137241",
      "srcText": "“암, 한번은 큰 파도가 배를 들어올렸는데 파도 밑에 검고 물컹한 것이 있었어. 눈앞이 캄캄했지만 용기를 내서 대포를 쏘았지. 그러자 파도가 스르르 물러갔단다. 그것 참 희한하지?” 아저씨의 말을 들으며 콜럼버스는 생각했어요. ‘그래, 나도 선장이 되어 바다 끝까지 가 볼 테야.’",
      "srcPage": 5,
      "srcSentenceEA": 6,
      "srcWordEA": 44,
      "character": "배,대포,아저씨,콜럼버스,선장",
      "setting": "바다,파도 밑",
      "action": "쏘았지,들으며",
      "feeling": null,
      "causalRelationship": null,
      "outcomeResolution": null,
      "prediction": null,
      "plotSummaryInfoCount": 1,
      "plotSummaryInfo": {
        "classification": "사회관계",
        "readAge": "초등_저학년",
        "form": "long-form",
        "plotSummaryText": "아저씨는 파도가 배를 들어 올렸는데 파도 밑에 검고 물컹한 것이 있었고 용기를 내서 대포를 쏘았더니 파도가 스르르 물러갔다고 이야기해 주었고 콜럼버스 선장이 되어 바다 끝까지 가 볼 거로생각했습니다.",
        "textWordEA": 28
      }
    },
    {
      "srcTextID": "137251",
      "srcText": "어느 날, 콜럼버스는 마르코 폴로가 쓴 동방견문록을 읽다가 문득 기발한 생각이 떠올랐어요. “그래, 배를 타고 인도에 가는 거야! 그러면 육지로 가는 것보다 훨씬 빠르겠지!” 콜럼버스는 생각만으로도 가슴이 마구 뛰었어요. “배와 선원들, 먹을 식량과 물이 필요하고. 아참! 대포도 필요해. 해적이 나타날지도 모르니까.” 콜럼버스는 꼼꼼히 계획을 세웠어요. 그런데 필요한 것이 한두 가지가 아니었어요. 콜럼버스의 힘으로 필요한 것을 모두 준비하기란 불가능한 일이었지요.",
      "srcPage": 8,
      "srcSentenceEA": 11,
      "srcWordEA": 67,
      "character": "콜럼버스,마르코 폴로,동방견문록,배,선원들,식량,물,대포,해적",
      "setting": "인도,육지",
      "action": "읽다가",
      "feeling": null,
      "causalRelationship": null,
      "outcomeResolution": null,
      "prediction": null,
      "plotSummaryInfoCount": 1,
      "plotSummaryInfo": {
        "classification": "사회관계",
        "readAge": "초등_저학년",
        "form": "long-form",
        "plotSummaryText": "콜럼버스는 마르코 폴로가 쓴 동방견문록을 읽다가 배를 타고 인도에 가겠다고 생각했고 배와 선원들, 먹을 식량과 물, 대포 등을 준비하며 꼼꼼히 계획을 세웠습니다.",
        "textWordEA": 22
      }
    },
    {
      "srcTextID": "137264",
      "srcText": "콜럼버스는 선원들에게 외쳤어요. “여러분, 누구도 지구 끝까지 가 본 사람이 없는데 왜 지구 끝에 낭떠러지가 있다고 생각하는 거죠?” 콜럼버스의 말에 선원들은 마음이 놓였어요. “그래, 우리가 한번 가 보는 거야!” 선원들도 희망에 부풀어 소리쳤어요. 하지만 희망은 오래가지 못했어요. 집어삼킬 듯 달려드는 파도 그리고 거센 비바람과 싸우는 사이 선원들은 하나 둘 지쳐 갔어요. “선장님, 고향으로 돌아가고 싶어요!” “낯선 바다 위에서 죽고 싶지 않아요!” 날이 갈수록 선원들의 항의는 거세졌어요.",
      "srcPage": 11,
      "srcSentenceEA": 10,
      "srcWordEA": 71,
      "character": "콜럼버스,선원들,선장님",
      "setting": "지구,바다",
      "action": "외쳤어요,소리쳤어요",
      "feeling": null,
      "causalRelationship": null,
      "outcomeResolution": null,
      "prediction": null,
      "plotSummaryInfoCount": 1,
      "plotSummaryInfo": {
        "classification": "사회관계",
        "readAge": "초등_저학년",
        "form": "long-form",
        "plotSummaryText": "콜럼버스는 선원들에게 지구 끝까지 가 본 사람이 없는데 왜 지구 끝에 낭떠러지가 있다고 생각하는 거냐고 했고 선원들은 한번 가 보자고 희망에 부풀어 소리쳤지만 파도, 거센 비바람과 싸우는 사이 지쳐 돌아가고 싶다고 했습니다.",
        "textWordEA": 32
      }
    },
    {
      "srcTextID": "137246",
      "srcText": "콜럼버스는 스물다섯 살이 되던 해 제노바 상선의 선장이 되었어요. 첫 항해가 시작되던 날, 선원들은 콜럼버스와 함께 외쳤어요. “콜럼버스 선장을 위하여!” 선원들은 젊은 선장 콜럼버스를 믿고 잘 따랐어요. 그 덕분에 콜럼버스는 많은 돈을 벌었고 별 걱정 없이 살게 되었지요. 하지만 마음은 언제나 바다 저 건너편에 가 있었답니다. 아무도 보지 못한 바다의 끝은 꼭 정복하고 싶은 미지의 세계였으니까요.",
      "srcPage": 7,
      "srcSentenceEA": 7,
      "srcWordEA": 61,
      "character": "콜럼버스,선장,선원들",
      "setting": "스물다섯 살이 되던 해,제노바 상선,바다",
      "action": "외쳤어요",
      "feeling": null,
      "causalRelationship": null,
      "outcomeResolution": null,
      "prediction": null,
      "plotSummaryInfoCount": 1,
      "plotSummaryInfo": {
        "classification": "사회관계",
        "readAge": "초등_저학년",
        "form": "long-form",
        "plotSummaryText": "콜럼버스는 스물다섯 살이 되던 해 제노바 상선의 선장이 되었고 선원들은 젊은 선장 콜럼버스를 믿고 잘 따랐으며 많은 돈을 벌었고 별걱정 없이 살게 되었지만, 마음은 언제나 바다 저 건너편에 가 있었습니다.",
        "textWordEA": 30
      }
    },
    {
      "srcTextID": "137254",
      "srcText": "콜럼버스는 도움을 받기 위해 이곳저곳을 찾아다녔어요. “저에게 배와 돈을 지원해 주신다면 신비의 나라 인도에서 황금을 가져다 드리겠습니다.” 콜럼버스의 계획을 들은 사람들은 모두 터무니없다고 비웃었어요. “흥! 배를 타고 서쪽으로 가겠다고? 서쪽 끝은 바다 낭떠러지야. 정신 차리게, 콜럼버스!” 그러던 어느 날, 콜럼버스는 에스파냐의 이사벨 여왕을 만났어요. “콜럼버스, 그대에게 배를 세 척 내줄 테니 힘차게 나가 보시오!” 콜럼버스는 뛸 듯이 기뻐하며 항해 준비를 서둘렀어요.",
      "srcPage": 9,
      "srcSentenceEA": 9,
      "srcWordEA": 67,
      "character": "콜럼버스,배,돈,황금,사람들,이사벨 여왕",
      "setting": "인도,에스파냐",
      "action": "찾아다녔어요,만났어요",
      "feeling": null,
      "causalRelationship": null,
      "outcomeResolution": null,
      "prediction": null,
      "plotSummaryInfoCount": 1,
      "plotSummaryInfo": {
        "classification": "사회관계",
        "readAge": "초등_저학년",
        "form": "long-form",
        "plotSummaryText": "콜럼버스는 도움을 받기 위해 이곳저곳을 찾아다녔으며 배와 돈을 지원해 주면 신비의 나라 인도에서 황금을 가져다주겠다고 말했지만, 사람들은 모두 터무니없다고 비웃었고 에스파냐의 이사벨 여왕을 만났더니 배를 세 척 내줄 테니 힘차게 나가 보라고 말했습니다.",
        "textWordEA": 33
      }
    },
    {
      "srcTextID": "137266",
      "srcText": "콜럼버스와 선원들은 모두 갑판으로 달려 나왔어요. 작은 섬이 서서히 모습을 드러내자 모두 감격에 겨워 외쳤어요. “우아! 드디어 해냈어!” 콜럼버스와 선원들은 얼싸안고 기뻐했어요.",
      "srcPage": 13,
      "srcSentenceEA": 4,
      "srcWordEA": 25,
      "character": "콜럼버스,선원들",
      "setting": "갑판",
      "action": "달려 나왔어요,외쳤어요,얼싸안고",
      "feeling": null,
      "causalRelationship": null,
      "outcomeResolution": null,
      "prediction": null,
      "plotSummaryInfoCount": 1,
      "plotSummaryInfo": {
        "classification": "사회관계",
        "readAge": "초등_저학년",
        "form": "long-form",
        "plotSummaryText": "콜럼버스와 선원들은 모두 갑판으로 달려 나와 작은 섬이 서서히 모습을 드러내자 모두 감격에 겨워 얼싸안고 기뻐했습니다.",
        "textWordEA": 16
      }
    },
    {
      "srcTextID": "137272",
      "srcText": "“인도다! 황금의 나라 인도에 도착했어!” 콜럼버스는 섬에 첫발을 내디디며 소리쳤어요. 그러나 콜럼버스가 도착한 곳은 인도가 아니라 아메리카였어요. 콜럼버스는 죽는 순간까지 그 사실을 까맣게 몰랐지만 말이에요. 섬에는 원주민들이 살고 있었어요. 원주민들은 콜럼버스 일행이 몹시 낯설었어요. 하지만 금세 익숙해져 친절하게 대해 주었답니다.",
      "srcPage": 14,
      "srcSentenceEA": 7,
      "srcWordEA": 47,
      "character": "황금,콜럼버스,원주민들",
      "setting": "인도,아메리카,섬",
      "action": "내디디며 소리쳤어요",
      "feeling": null,
      "causalRelationship": null,
      "outcomeResolution": null,
      "prediction": null,
      "plotSummaryInfoCount": 1,
      "plotSummaryInfo": {
        "classification": "사회관계",
        "readAge": "초등_저학년",
        "form": "long-form",
        "plotSummaryText": "콜럼버스는 섬에 첫발을 내디디며 황금의 나라 인도에 도착했다고 소리쳤지만, 인도가 아니라 아메리카였고 원주민들은 콜럼버스 일행이 몹시 낯설었지만 금세 익숙해져 친절하게 대해 주었답니다.",
        "textWordEA": 22
      }
    }
  ]
}