{
  "title": "영웅도 잠을 자야 해!",
  "author": "김미애",
  "illustrator": "김고은",
  "isbn": "9791165952891",
  "publishedYear": 2021,
  "publisher": "아람북스",
  "paragraphInfoCount": 20,
  "paragraphInfo": [
    {
      "srcTextID": "15747",
      "srcText": "“어쩐지 영웅, 영웅 할 때부터 이상하더라.” “그러게 내가 뭐라 그랬어? 처음부터 수상했다니까.” 바쁘다맨을 칭찬하던 사람들은 한순간에 돌변했어요. ",
      "srcPage": 7,
      "srcSentenceEA": 4,
      "srcWordEA": 19,
      "character": "내,바쁘다맨,사람들",
      "setting": null,
      "action": "수상했다니까,칭찬하던,한순간에 돌변했어요",
      "feeling": "이상하더라",
      "causalRelationship": null,
      "outcomeResolution": "바쁘다맨을 칭찬하던 사람들은 한순간에 돌변했어요.",
      "prediction": null,
      "plotSummaryInfoCount": 1,
      "plotSummaryInfo": {
        "classification": "사회관계",
        "readAge": "초등_저학년",
        "form": "long-form",
        "plotSummaryText": "영웅, 영웅 할 때부터 이상했다며, 바쁘다맨을 칭찬하던 사람들은 한순간에 돌변했어요.",
        "textWordEA": 10
      }
    },
    {
      "srcTextID": "15750",
      "srcText": "“바쁘다맨, 잠깐만요!” 바쁘다맨은 와순의 목소리에 깜짝 놀랐어요. 왜? 나 지금 바쁘단 말이야. 여기저기 나를 찾는 곳에 빨리 가려면 몸이 튼튼해야 해. ",
      "srcPage": 10,
      "srcSentenceEA": 5,
      "srcWordEA": 25,
      "character": "바쁘다맨,와순,나,몸",
      "setting": "지금,여기저기",
      "action": "찾는,빨리 가려면",
      "feeling": "깜짝 놀랐어요",
      "causalRelationship": "여기저기 나를 찾는 곳에 빨리 가려면 몸이 튼튼해야 해.",
      "outcomeResolution": null,
      "prediction": null,
      "plotSummaryInfoCount": 1,
      "plotSummaryInfo": {
        "classification": "사회관계",
        "readAge": "초등_저학년",
        "form": "long-form",
        "plotSummaryText": "바쁘다맨은 와순의 목소리에 깜짝 놀라 자신을 찾는 곳에 빨리 가려면 몸이 튼튼해야 한다고 말했어요. ",
        "textWordEA": 14
      }
    },
    {
      "srcTextID": "15752",
      "srcText": "“또 아는 것도 잊어버리고, 물건이랑 사람이랑 헷갈리고요.” 척척 탐정단은 저마다 한마디씩 했어요. “정말? 그래서 내가 자꾸 실수를 하는 걸까?” “네, 그러니까 잠을 자야 해요!” ",
      "srcPage": 14,
      "srcSentenceEA": 4,
      "srcWordEA": 26,
      "character": "사람,척척 탐정단,내",
      "setting": null,
      "action": "헷갈리고요,한마디씩 했어요,자야 해요",
      "feeling": null,
      "causalRelationship": null,
      "outcomeResolution": "그러니까 잠을 자야 해요.",
      "prediction": "척척 탐정단은 저마다 한마디씩 했어요.",
      "plotSummaryInfoCount": 1,
      "plotSummaryInfo": {
        "classification": "사회관계",
        "readAge": "초등_저학년",
        "form": "long-form",
        "plotSummaryText": "아는 것도 잊어버리고, 물건이랑 사람이랑 헷갈리게 된다고 척척 탐정단이 한 마디씩 하니까,  그래서 내가 자꾸 실수를 하는 걸까라는 말에, 척척 탐정단은 그러니까 잠을 자야 한다고 말했어요. ",
        "textWordEA": 27
      }
    },
    {
      "srcTextID": "15759",
      "srcText": "뉴스에서 바쁘다맨의 인터뷰도 볼 수 있었지요. “사실 내가 다시 제자리로 돌아올 수 있게 된 건 척척 탐정단 덕분이에요. 척척 탐정단이 나에게 알려 준 중요한 사실은 바로! 잠을 잘 자는 것이랍니다. 하하! 척척 탐정단, 정말 고마워요. 어린이 여러분, 나처럼 영웅이 되려면 매일매일 잠을 잘 자야 해요!” 그러고는 엄지를 척 들었답니다.",
      "srcPage": 20,
      "srcSentenceEA": 8,
      "srcWordEA": 55,
      "character": "바쁘다맨,내,척척 탐정단,나,어린이 여러분,영웅",
      "setting": "매일매일",
      "action": "볼 수 있었지요,돌아올 수,알려 준,잘 자는,잘 자야,들었답니다",
      "feeling": "고마워요",
      "causalRelationship": "사실 내가 다시 제자리로 돌아올 수 있게 된 건 척척 탐정단 덕분이에요.",
      "outcomeResolution": null,
      "prediction": null,
      "plotSummaryInfoCount": 1,
      "plotSummaryInfo": {
        "classification": "사회관계",
        "readAge": "초등_저학년",
        "form": "long-form",
        "plotSummaryText": "바쁘다맨은 뉴스 인터뷰에서 영웅이 되려면 매일매일 잠을 잘 자야 한다고 말하며 척척 탐정단에게 고마움을 표했어요. ",
        "textWordEA": 15
      }
    },
    {
      "srcTextID": "15743",
      "srcText": "바쁘다맨은 눈 깜짝할 사이에 높은 파도가 치는 바다 한가운데로 날아갔어요. 그러고는 물속으로 가라앉으려는 배를 순식간에 들어 올려 사람들을 구해 냈지요. 여기저기서 바쁘다맨 이야기로 떠들썩했어요. 모두 바쁘다맨을 칭찬하느라 바빴지요.",
      "srcPage": 3,
      "srcSentenceEA": 4,
      "srcWordEA": 31,
      "character": "바쁘다맨,파도,바다,배,사람들,모두",
      "setting": "물속으로,여기저기서",
      "action": "깜짝할,날아갔어요,가라앉으려는,들어,올려,구해 냈지요,떠들썩했어요,칭찬하느라,바빴지요",
      "feeling": null,
      "causalRelationship": null,
      "outcomeResolution": null,
      "prediction": "모두 바쁘다맨을 칭찬하느라 바빴지요.",
      "plotSummaryInfoCount": 1,
      "plotSummaryInfo": {
        "classification": "사회관계",
        "readAge": "초등_저학년",
        "form": "long-form",
        "plotSummaryText": "바쁘다맨은 높은 파도가 치는 바다 한가운데로 날아가 배를 들어올려 사람들을 구해 냈지요. ",
        "textWordEA": 12
      }
    },
    {
      "srcTextID": "15744",
      "srcText": "“앗, 미안합니다.” 더벅머리 남자는 전봇대에 사과했어요. 그러고는 풍선 인형을 향해 넙죽 인사를 했지요. 게다가 더벅머리 남자는 신호등이 빨간불인데도 성큼성큼 횡단보도를 건너갔어요.",
      "srcPage": 5,
      "srcSentenceEA": 4,
      "srcWordEA": 24,
      "character": "더벅머리 남자,전봇대,풍선 인형,신호등",
      "setting": "횡단보도",
      "action": "사과했어요,향해,인사를 했지요,건너갔어요",
      "feeling": "미안합니다",
      "causalRelationship": "더벅머리 남자는 신호등이 빨간불인데도 성큼성큼 횡단보도를 건너갔어요.",
      "outcomeResolution": null,
      "prediction": null,
      "plotSummaryInfoCount": 1,
      "plotSummaryInfo": {
        "classification": "사회관계",
        "readAge": "초등_저학년",
        "form": "long-form",
        "plotSummaryText": "더벅머리 남자는 전봇대에 사과하고 신호등이 빨간불인데도 성큼성큼 횡단보도를 건너갔어요. ",
        "textWordEA": 9
      }
    },
    {
      "srcTextID": "15746",
      "srcText": "“맙소사, 저 더벅머리가 바쁘다맨이었어?” “아니야, 바쁘다맨일 리가 없어.” 사람들은 모두 고개를 갸웃거렸어.",
      "srcPage": 6,
      "srcSentenceEA": 3,
      "srcWordEA": 13,
      "character": "더벅머리,바쁘다맨,사람들,모두",
      "setting": null,
      "action": "갸웃거렸어",
      "feeling": null,
      "causalRelationship": null,
      "outcomeResolution": null,
      "prediction": "사람들은 모두 고개를 갸웃거렸어.",
      "plotSummaryInfoCount": 1,
      "plotSummaryInfo": {
        "classification": "사회관계",
        "readAge": "초등_저학년",
        "form": "short-form",
        "plotSummaryText": "사람들은 더벅머리가 바쁘다맨이었냐며 고개를 갸웃거렸어요. ",
        "textWordEA": 5
      }
    },
    {
      "srcTextID": "15749",
      "srcText": "척척 탐정단은 매일매일 서로 돌아가면서 바쁘다맨을 관찰했어요. 바쁘다맨은 며칠 동안 밤낮을 가리지 않고 바쁘게 지냈어요. 척척 탐정단은 바쁘다맨에게 무슨 일이 있는지 알아내고야 말았어요. ",
      "srcPage": 9,
      "srcSentenceEA": 3,
      "srcWordEA": 25,
      "character": "척척 탐정단,바쁘다맨",
      "setting": "매일매일,며칠 동안,밤낮",
      "action": "돌아가면서,관찰했어요,가리지 않고,바쁘게 지냈어요,알아내고야 말았어요",
      "feeling": null,
      "causalRelationship": null,
      "outcomeResolution": null,
      "prediction": "바쁘다맨은 며칠 동안 밤낮을 가리지 않고 바쁘게 지냈어요.",
      "plotSummaryInfoCount": 1,
      "plotSummaryInfo": {
        "classification": "사회관계",
        "readAge": "초등_저학년",
        "form": "short-form",
        "plotSummaryText": "척척 탐정단은 매일매일 바쁘다맨을 매일매일 관찰하며 무슨 일이 있는지 알아내고야 말았어요. ",
        "textWordEA": 11
      }
    },
    {
      "srcTextID": "15751",
      "srcText": "지금은 운동해야 하니까 나중에 이야기해. 바쁘다맨은 와순의 말을 들은 척도 하지 않고 다시 운동하기 시작했어요. “백만 스물하나, 백만 스물둘, 백만 스물셋.” ",
      "srcPage": 11,
      "srcSentenceEA": 3,
      "srcWordEA": 22,
      "character": "바쁘다맨,와순",
      "setting": "지금,나중",
      "action": "운동하기 시작했어요,들은 척도 하지 않고",
      "feeling": null,
      "causalRelationship": "지금은 운동해야 하니까 나중에 이야기해.",
      "outcomeResolution": "바쁘다맨은 와순의 말을 들은 척도 하지 않고 다시 운동하기 시작했어요.",
      "prediction": null,
      "plotSummaryInfoCount": 1,
      "plotSummaryInfo": {
        "classification": "사회관계",
        "readAge": "초등_저학년",
        "form": "short-form",
        "plotSummaryText": "바쁘다맨은 지금은 운동해야 하니까 나중에 얘기하자며 다시 운동하기 시작했어요. ",
        "textWordEA": 9
      }
    },
    {
      "srcTextID": "15755",
      "srcText": "바쁘다맨은 잠을 자기로 마음먹었어요. “얘들아, 오랜만에 자려고 하니까 잠이 오지 않아. 어떻게 자는지 잊어버렸나 봐.” “걱정 마세요. 우리가 도와줄게요.” ",
      "srcPage": 15,
      "srcSentenceEA": 5,
      "srcWordEA": 21,
      "character": "바쁘다맨,얘들,우리",
      "setting": null,
      "action": "자기로,마음먹었어요,자려고 하니까,오지 않아,잊어버렸나 봐,도와줄게요",
      "feeling": null,
      "causalRelationship": "오랜만에 자려고 하니까 잠이 오지 않아. 어떻게 자는지 잊어버렸나 봐.",
      "outcomeResolution": null,
      "prediction": "바쁘다맨은 잠을 자기로 마음먹었어요.",
      "plotSummaryInfoCount": 1,
      "plotSummaryInfo": {
        "classification": "사회관계",
        "readAge": "초등_저학년",
        "form": "long-form",
        "plotSummaryText": "바쁘다맨은 잠을 자기로 마음먹었지만 잠이 오지 않자, 오랜만에 자려고 하니까 어떻게 자는지 잊어버린 것 같다고 말했더니 아이들은 걱정 말라며 도와주겠다고 했어요.",
        "textWordEA": 21
      }
    },
    {
      "srcTextID": "15756",
      "srcText": "와순이 따뜻한 우유를 가져오고, 설록은 커튼을 쳐서 방을 어둡게 했어요. 그러고는 바쁘다맨의 등을 톡톡 두드려 주면서 자장가를 불러 주었지요. 드르렁드르렁 쿨쿨. 드르렁드르렁 쿨쿨. 어느새 바쁘다맨은 아기처럼 잠이 들었어요.",
      "srcPage": 16,
      "srcSentenceEA": 5,
      "srcWordEA": 32,
      "character": "와순,우유,설록,커튼,바쁘다맨,등,아기",
      "setting": "방",
      "action": "가져오고,쳐서,했어요,두드려 주면서,불러 주었지요,잠이 들었어요",
      "feeling": "따뜻한,어둡게",
      "causalRelationship": null,
      "outcomeResolution": "어느새 바쁘다맨은 아기처럼 잠이 들었어요.",
      "prediction": null,
      "plotSummaryInfoCount": 1,
      "plotSummaryInfo": {
        "classification": "사회관계",
        "readAge": "초등_저학년",
        "form": "long-form",
        "plotSummaryText": "와순이 따뜻한 우유를 가져오고, 설록은 커튼을 쳐서 방을 어둡게 하고는 등을 톡톡 두드려 주면서 자장가를 불러 주었더니, 어느새 바쁘다맨은 아기처럼 잠이 들었어요. ",
        "textWordEA": 22
      }
    },
    {
      "srcTextID": "15757",
      "srcText": "다음 날, 잠에서 깬 바쁘다맨은 기분이 아주 좋았어요. “잘 자고 일어났더니 힘이 막 솟아나네. 우아, 머리도 멍하지 않고 상쾌하잖아!” ",
      "srcPage": 17,
      "srcSentenceEA": 3,
      "srcWordEA": 20,
      "character": "바쁘다맨,머리",
      "setting": "다음 날",
      "action": "깬,자고,일어났더니,솟아나네",
      "feeling": "좋았어요,멍하지 않고,상쾌하잖아",
      "causalRelationship": "잘 자고 일어났더니 힘이 막 솟아나네,머리도 멍하지 않고 상쾌하잖아.",
      "outcomeResolution": null,
      "prediction": null,
      "plotSummaryInfoCount": 1,
      "plotSummaryInfo": {
        "classification": "사회관계",
        "readAge": "초등_저학년",
        "form": "short-form",
        "plotSummaryText": "다음 날, 잘 자고 일어난 바쁘다맨은 힘이 솟고, 머리도 멍하지 않고 상쾌했어요.",
        "textWordEA": 12
      }
    },
    {
      "srcTextID": "15760",
      "srcText": "다음 날, 신문과 텔레비전에서는 바쁘다맨의 이야기가 흘러나왔어요. “우리의 영웅, 바쁘다맨이 돌아오다!” “바쁘다맨, 화재로 빌딩에 갇힌 사람들을 모두 구하다!” ",
      "srcPage": 19,
      "srcSentenceEA": 3,
      "srcWordEA": 18,
      "character": "신문,텔레비전,바쁘다맨,우리,영웅,화재,사람들,모두",
      "setting": "다음 날,빌딩",
      "action": "흘러나왔어요,돌아오다,갇힌,구하다",
      "feeling": null,
      "causalRelationship": null,
      "outcomeResolution": null,
      "prediction": null,
      "plotSummaryInfoCount": 1,
      "plotSummaryInfo": {
        "classification": "사회관계",
        "readAge": "초등_저학년",
        "form": "short-form",
        "plotSummaryText": "다음 날, 화재로 빌딩에 갇힌 사람들을 구한 바쁘다맨의 이야기가 신문과 텔레비전에서 흘러나왔어요. ",
        "textWordEA": 12
      }
    },
    {
      "srcTextID": "15741",
      "srcText": "어른 아이 할 것 없이 모두 바쁘다맨을 반겼어요. “안녕, 친구들. 기다려 줘서 고마워. 위험한 일이 생기면 언제든 바쁘다맨을 찾아 줘. 앗, 어디선가 또 나를 부르네. 나중에 보자!” ",
      "srcPage": 2,
      "srcSentenceEA": 6,
      "srcWordEA": 31,
      "character": "어른,아이,바쁘다맨,친구들,나",
      "setting": null,
      "action": "기다려 줘서,생기면,찾아줘,부르네,보자",
      "feeling": "반겼어요,고마워",
      "causalRelationship": "위험한 일이 생기면 언제든 바쁘다맨을 찾아 줘.",
      "outcomeResolution": null,
      "prediction": "어디선가 또 나를 부르네.",
      "plotSummaryInfoCount": 1,
      "plotSummaryInfo": {
        "classification": "사회관계",
        "readAge": "초등_저학년",
        "form": "long-form",
        "plotSummaryText": "어른 아이 할 것 없이 모두가 바쁘다맨을 반기자 바쁘다맨은 위험한 일이 생기면 언제든 찾아 달라고 했어요. ",
        "textWordEA": 16
      }
    },
    {
      "srcTextID": "15745",
      "srcText": "그러던 어느 날이었어요. 어떤 더벅머리 남자가 마을을 휘젓고 다녔어요. 쾅! 더벅머리 남자가 전봇대를 들이받았어요.",
      "srcPage": 4,
      "srcSentenceEA": 4,
      "srcWordEA": 17,
      "character": "더벅머리남자,전봇대",
      "setting": "어느 날,마을",
      "action": "휘젓고,다녔어요,들이받았어요",
      "feeling": null,
      "causalRelationship": null,
      "outcomeResolution": "더벅머리 남자가 전봇대를 들이받았어요.",
      "prediction": "어떤 더벅머리 남자가 마을을 휘젓고 다녔어요.",
      "plotSummaryInfoCount": 1,
      "plotSummaryInfo": {
        "classification": "사회관계",
        "readAge": "초등_저학년",
        "form": "long-form",
        "plotSummaryText": "그러던 어느 날, 더벅머리 남자가 마을을 휘젓고 다니다 전봇대를 들이받았어요. ",
        "textWordEA": 10
      }
    },
    {
      "srcTextID": "15748",
      "srcText": "그때, 다섯 명의 아이들이 놀이터에 모였어요. 설록과 와순이 만든 척척 탐정단이었지요. “바쁘다맨은 사라지지 않아. 우리의 영웅이니까. 그리고 영웅도 실수할 수 있어.” “바쁘다맨에게 무슨 일이 있는지 우리가 밝혀내자.” ",
      "srcPage": 8,
      "srcSentenceEA": 6,
      "srcWordEA": 30,
      "character": "아이들,설록,와순,탐정단,바쁘다맨,우리,영웅",
      "setting": "놀이터",
      "action": "모였어요,실수할 수 있어,밝혀내자",
      "feeling": null,
      "causalRelationship": "바쁘다맨은 사라지지 않아. 우리의 영웅이니까.",
      "outcomeResolution": null,
      "prediction": "다섯 명의 아이들이 놀이터에 모였어요.",
      "plotSummaryInfoCount": 1,
      "plotSummaryInfo": {
        "classification": "사회관계",
        "readAge": "초등_저학년",
        "form": "long-form",
        "plotSummaryText": "척척 탐정단인 다섯 명의 아이들이 모여, 우리의 영웅 바쁘다맨에게 무슨 일이 있는지 밝혀내기로 했어요. ",
        "textWordEA": 14
      }
    },
    {
      "srcTextID": "15754",
      "srcText": "척척 탐정단은 나가려는 바쁘다맨을 말렸어요. “바쁘다맨, 당신은 오랫동안 잠을 안 잤어요. 그래서 하는 일마다 실수투성이인 거예요. 이제 잠을 자야 해요.”",
      "srcPage": 12,
      "srcSentenceEA": 4,
      "srcWordEA": 22,
      "character": "척척 탐정단,바쁘다맨,당신",
      "setting": null,
      "action": "나가려는,말렸어요,안 잤어요,자야 해요",
      "feeling": null,
      "causalRelationship": null,
      "outcomeResolution": "이제 잠을 자야 해요.",
      "prediction": "척척 탐정단은 나가려는 바쁘다맨을 말렸어요.",
      "plotSummaryInfoCount": 1,
      "plotSummaryInfo": {
        "classification": "사회관계",
        "readAge": "초등_저학년",
        "form": "long-form",
        "plotSummaryText": "척척 탐정단은 나가려는 바쁘다맨을 말리며, 당신이 오랫동안 잠을 안 자 하는 일마다 실수투성이인 거라고 말했어요. ",
        "textWordEA": 15
      }
    },
    {
      "srcTextID": "15753",
      "srcText": "“안 돼, 영웅이 되기 위해서는 사람들을 도와줘야 한단 말이야.” “나가 봤자 소용없어요. 머리가 멍해서 아무 일도 할 수 없다니까요.” “맞아요, 잠을 자지 않으면 어지럽고 몸이 제멋대로 움직여서 다쳐요.”",
      "srcPage": 13,
      "srcSentenceEA": 4,
      "srcWordEA": 29,
      "character": "영웅,사람들,머리,몸",
      "setting": null,
      "action": "자지 않으면,움직여서 다쳐요",
      "feeling": null,
      "causalRelationship": null,
      "outcomeResolution": null,
      "prediction": "나가 봤자 소용없어요.",
      "plotSummaryInfoCount": 1,
      "plotSummaryInfo": {
        "classification": "사회관계",
        "readAge": "초등_저학년",
        "form": "long-form",
        "plotSummaryText": "척척 탐정단은 영웅이 되려면 사람들을 도와줘야 한다고 고집을 부리는 바쁘다맨에게 잠을 자지 않으면 다칠 수도 있다고 얘기했어요. ",
        "textWordEA": 17
      }
    },
    {
      "srcTextID": "15758",
      "srcText": "바쁘다맨은 흥얼거리며 거리로 나왔어요. “앗, 누군가 위험에 빠졌다!” 바쁘다맨은 사람들을 구하기 위해 재빠르게 날아갔어요. 며칠 전 엉뚱한 행동을 했던 더벅머리 바쁘다맨은 다시 영웅으로 돌아온 거예요. ",
      "srcPage": 18,
      "srcSentenceEA": 4,
      "srcWordEA": 27,
      "character": "바쁘다맨,누군가,사람들,더벅머리 바쁘다맨,영웅",
      "setting": "거리로,며칠 전",
      "action": "흥얼거리며,나왔어요,빠졌다,구하기,재빠르게 날아갔어요,했던,돌아온",
      "feeling": null,
      "causalRelationship": null,
      "outcomeResolution": null,
      "prediction": "며칠 전 엉뚱한 행동을 했던 더벅머리 바쁘다맨은 다시 영웅으로 돌아온 거예요.",
      "plotSummaryInfoCount": 1,
      "plotSummaryInfo": {
        "classification": "사회관계",
        "readAge": "초등_저학년",
        "form": "long-form",
        "plotSummaryText": "누군가 위험에 빠지자 바쁘다맨은 재빠르게 날아갔는데, 며칠 전 엉뚱한 행동을 했던 더벅머리 바쁘다맨이 다시 영웅으로 돌아온 거예요.",
        "textWordEA": 17
      }
    },
    {
      "srcTextID": "15742",
      "srcText": "하늘에서 구름을 뚫고, 기다리고 기다리던 영웅 바쁘다맨이 나타났어요. “우아, 바쁘다맨이다!” “바쁘다맨이 우주 쓰레기를 처리하고 돌아왔다!” “우주 쓰레기가 떨어지면 우리가 다칠 수도 있었다고!”",
      "srcPage": 1,
      "srcSentenceEA": 4,
      "srcWordEA": 22,
      "character": "구름,바쁘다맨,우주 쓰레기,우리",
      "setting": "하늘에서",
      "action": "뚫고,나타났어요,처리하고,돌아왔다,떨어지면,다칠",
      "feeling": null,
      "causalRelationship": null,
      "outcomeResolution": null,
      "prediction": "바쁘다맨이 우주 쓰레기를 처리하고 돌아왔다.",
      "plotSummaryInfoCount": 1,
      "plotSummaryInfo": {
        "classification": "사회관계",
        "readAge": "초등_저학년",
        "form": "long-form",
        "plotSummaryText": "바쁘다맨이 우주 쓰레기를 처리하고 하늘에서 구름을 뚫고 나타났어요.",
        "textWordEA": 8
      }
    }
  ]
}