{
  "title": "마루네 피자 가게",
  "author": "서지원",
  "illustrator": "김태란",
  "isbn": "9791191203196",
  "publishedYear": 2020,
  "publisher": "글뿌리",
  "paragraphInfoCount": 22,
  "paragraphInfo": [
    {
      "srcTextID": "145996",
      "srcText": "루치아노 아저씨가 만든 피자는 금세 소문이 났어요. 하루 종일 가게는 손님들로 북적였지요. 마루 엄마는 피자를 포장하고, 마루 아빠는 배달을 나가느라 바빴어요. 루치아노 아저씨는 신이 나서 반죽을 휙휙! ",
      "srcPage": 7,
      "srcSentenceEA": 4,
      "srcWordEA": 30,
      "character": "루치아노 아저씨,손님들,마루 엄마,마루 아빠",
      "setting": "하루 종일,가게",
      "action": "만든,포장하고,배달을 나가느라",
      "feeling": "신이 나서",
      "causalRelationship": null,
      "outcomeResolution": null,
      "prediction": null,
      "plotSummaryInfoCount": 1,
      "plotSummaryInfo": {
        "classification": "사회관계",
        "readAge": "초등_저학년",
        "form": "long-form",
        "plotSummaryText": "루치아노 아저씨가 만든 피자가 금세 소문이 나자, 가게에는 손님들로 북적였으며, 이에 아저씨는 신이 났고, 마루 엄마와 아빠는 피자를 포장하고 배달을 나가느라 바빴습니다.",
        "textWordEA": 22
      }
    },
    {
      "srcTextID": "146002",
      "srcText": "마루 아빠와 루치아노 아저씨는 머리를 맞대고 며칠을 고민했어요. “가격을 낮추려면 재료를 더 싸게 구해야겠어.” “저는 우리 가게만의 특별한 피자를 만들어 볼게요!”",
      "srcPage": 13,
      "srcSentenceEA": 3,
      "srcWordEA": 21,
      "character": "마루 아빠,루치아노 아저씨",
      "setting": null,
      "action": "맞대고,구해야겠어,만들어",
      "feeling": "고민했어요",
      "causalRelationship": null,
      "outcomeResolution": null,
      "prediction": null,
      "plotSummaryInfoCount": 1,
      "plotSummaryInfo": {
        "classification": "사회관계",
        "readAge": "초등_저학년",
        "form": "short-form",
        "plotSummaryText": "마루 아빠와 루치아노 아저씨가 머리를 맞대고 며칠을 고민한 결과 재료를 더 싸게 구하고 가게만의 특별한 피자를 만들어 보자고 했습니다.",
        "textWordEA": 19
      }
    },
    {
      "srcTextID": "146004",
      "srcText": "마루네 가족은 피자를 잔뜩 구워서 거리로 나왔어요. “이번에 새로 출시된 피자를 무료로 나눠 드립니다!” 루치아노 아저씨가 한손으로 피자를 휙휙 돌리자, 사람들이 점점 몰려들었어요. 아빠는 확성기를 들고 신나게 외쳤지요. “오늘 마루 피자를 구매하시면 할인된 가격에 음료수와 샐러드까지 드립니다!”",
      "srcPage": 15,
      "srcSentenceEA": 5,
      "srcWordEA": 39,
      "character": "마루네 가족,루치아노 아저씨,사람들,아빠,음료수,샐러드",
      "setting": null,
      "action": "구워서,나왔어요,나눠 드립니다,돌리자,몰려들었어요,외쳤지요,구매하시면",
      "feeling": "신나게",
      "causalRelationship": null,
      "outcomeResolution": null,
      "prediction": null,
      "plotSummaryInfoCount": 1,
      "plotSummaryInfo": {
        "classification": "사회관계",
        "readAge": "초등_저학년",
        "form": "long-form",
        "plotSummaryText": "마루네 가족이 피자를 잔뜩 구워서 거리로 나와 홍보를 하자 사람들이 점점 몰려들었으며, 이에 아빠는 확성기를 들고 오늘 피자를 구매하면 할인된 가격에 음료수와 샐러드를 준다고 했습니다.",
        "textWordEA": 25
      }
    },
    {
      "srcTextID": "146000",
      "srcText": "“가격도 싸고, 크기도 훨씬 크네요.” “피자의 종류도 다양하고요.” 마루 엄마는 피자를 맛보며 걱정스러운 듯 말했어요. “이것보다 더 좋은 피자를 만들 수 있을까요?”",
      "srcPage": 12,
      "srcSentenceEA": 4,
      "srcWordEA": 23,
      "character": "마루 엄마,피자,가격",
      "setting": null,
      "action": "맛보며,말했어요,만들",
      "feeling": "걱정스러운,좋은",
      "causalRelationship": null,
      "outcomeResolution": null,
      "prediction": null,
      "plotSummaryInfoCount": 1,
      "plotSummaryInfo": {
        "classification": "사회관계",
        "readAge": "초등_저학년",
        "form": "long-form",
        "plotSummaryText": "피자의 가격이 싸고 크기도 크며 종류도 다양하다는 말에 마루 엄마는 걱정스러운 듯이 더 좋은 피자를 만들 수 있겠냐고 말했습니다.",
        "textWordEA": 19
      }
    },
    {
      "srcTextID": "146006",
      "srcText": "마루네 가게에 다시 손님이 늘었어요. 식구들 얼굴에도 웃음꽃이 활짝 피었지요. “요즘 마루 피자의 맛이 더 좋아졌어!” ",
      "srcPage": 16,
      "srcSentenceEA": 3,
      "srcWordEA": 17,
      "character": "손님,식구들",
      "setting": "마루네 가게",
      "action": null,
      "feeling": "좋아졌어,웃음꽃",
      "causalRelationship": "가게에 다시 손님이 늘었어요,식구들 얼굴에도 웃음꽃이 활짝 피었지요",
      "outcomeResolution": null,
      "prediction": null,
      "plotSummaryInfoCount": 1,
      "plotSummaryInfo": {
        "classification": "사회관계",
        "readAge": "초등_저학년",
        "form": "short-form",
        "plotSummaryText": "마루네 가게에는 손님이 다시 늘었으며 식구들 얼굴에도 웃음꽃이 활짝 피었습니다.",
        "textWordEA": 10
      }
    },
    {
      "srcTextID": "146011",
      "srcText": "사람들은 이제 마루 피자를 ‘대박 피자’라고 불러요. 손님들이 줄을 서서 먹을 정도로 유명해졌거든요. “여기가 좋은 재료로 정직하게 만든다는 마루 피자 맞나요?” 오늘도 방송국에서 카메라를 들고 찾아왔어요. 마루는 아빠가 몹시 자랑스러웠지요. ",
      "srcPage": 21,
      "srcSentenceEA": 6,
      "srcWordEA": 34,
      "character": "사람들,손님들,카메라,마루,아빠",
      "setting": "오늘도",
      "action": "불러요,줄을 서서,먹을,만든다는,들고,찾아왔어요",
      "feeling": "자랑스러웠지요",
      "causalRelationship": null,
      "outcomeResolution": null,
      "prediction": null,
      "plotSummaryInfoCount": 1,
      "plotSummaryInfo": {
        "classification": "사회관계",
        "readAge": "초등_저학년",
        "form": "long-form",
        "plotSummaryText": "마루 피자는 대박 피자라고 불리며 손님들이 줄을 서서 먹고, 방송국에서 카메라를 들고 찾아올 정도로 유명해졌는데, 이에 아빠는 몹시 자랑스러워했습니다.",
        "textWordEA": 19
      }
    },
    {
      "srcTextID": "145990",
      "srcText": "‘어떤 가게를 차리면 좋을까?’ 마루 아빠는 동네를 돌면서 고민했어요. 얼마 전에 이 동네로 이사를 왔거든요. ",
      "srcPage": 2,
      "srcSentenceEA": 3,
      "srcWordEA": 17,
      "character": "마루 아빠,가게",
      "setting": null,
      "action": "차리면,돌면서,이사를 왔거든요",
      "feeling": "좋을까",
      "causalRelationship": null,
      "outcomeResolution": null,
      "prediction": null,
      "plotSummaryInfoCount": 1,
      "plotSummaryInfo": {
        "classification": "사회관계",
        "readAge": "초등_저학년",
        "form": "short-form",
        "plotSummaryText": "마루 아빠는 얼마 전에 동네로 이사를 와서 어떤 가게를 차릴지 고민했습니다.",
        "textWordEA": 11
      }
    },
    {
      "srcTextID": "145993",
      "srcText": "“간판 올립니다!” 아저씨들이 잘 보이는 위치에 간판을 달았어요. ‘마루 피자’ 간판이 반짝반짝 빛났지요. 마루 아빠가 피자 가게를 연 거예요! 사람들이 기웃기웃 가게를 바라보았어요. 마루는 어깨를 으쓱거렸지요. ",
      "srcPage": 4,
      "srcSentenceEA": 7,
      "srcWordEA": 32,
      "character": "간판,아저씨들,마루 아빠,사람들,마루",
      "setting": null,
      "action": "올립니다,달았어요,연,바라보았어요,으쓱거렸지요",
      "feeling": null,
      "causalRelationship": "아빠가 피자 가게를 연 거예요,사람들이 기웃기웃 가게를 바라보았어요",
      "outcomeResolution": null,
      "prediction": null,
      "plotSummaryInfoCount": 1,
      "plotSummaryInfo": {
        "classification": "사회관계",
        "readAge": "초등_저학년",
        "form": "long-form",
        "plotSummaryText": "아저씨들이 잘 보이는 위치에 간판을 달며 마루 아빠네 피자 가게가 열리자, 사람들은 기웃거리며 가게를 바라보았고, 이에 마루는 어깨를 으쓱거렸습니다.",
        "textWordEA": 19
      }
    },
    {
      "srcTextID": "145998",
      "srcText": "그런데 이상한 일이 생겼어요. 얼마 전부터 손님이 줄어든 거예요. 마루 아빠와 루치아노 아저씨는 자꾸 창밖만 보았어요. ",
      "srcPage": 8,
      "srcSentenceEA": 3,
      "srcWordEA": 18,
      "character": "손님,마루 아빠,루치아노 아저씨",
      "setting": null,
      "action": "보았어요",
      "feeling": null,
      "causalRelationship": "얼마 전부터 손님이 줄어든 거예요,마루 아빠와 루치아노 아저씨는 자꾸 창밖만 보았어요.",
      "outcomeResolution": null,
      "prediction": null,
      "plotSummaryInfoCount": 1,
      "plotSummaryInfo": {
        "classification": "사회관계",
        "readAge": "초등_저학년",
        "form": "short-form",
        "plotSummaryText": "얼마 전부터 손님이 줄어드는 이상한 일이 생기자, 마루 아빠와 루치아노 아저씨는 창밖만 보았습니다.",
        "textWordEA": 13
      }
    },
    {
      "srcTextID": "145999",
      "srcText": "‘경쟁’이란 무엇인가요? 같은 목적(목표)에 대해서 서로 이기거나 앞서려고 겨루는 일을 말해요. 기업들의 경쟁은 나라의 발전과 경제 성장에 큰 도움이 된답니다.",
      "srcPage": 10,
      "srcSentenceEA": 3,
      "srcWordEA": 23,
      "character": "기업,경쟁,목표",
      "setting": "나라",
      "action": "이기거나,앞서려고,겨루는",
      "feeling": null,
      "causalRelationship": null,
      "outcomeResolution": "기업들의 경쟁은 나라의 발전과 경제 성장에 큰 도움이 된답니다.",
      "prediction": null,
      "plotSummaryInfoCount": 1,
      "plotSummaryInfo": {
        "classification": "사회관계",
        "readAge": "초등_저학년",
        "form": "short-form",
        "plotSummaryText": "경쟁이란 목표에 대해서 서로 이기거나 앞서려고 겨루는 일을 말하며 기업들끼리 이것을 할 때는 나라의 발전과 경제 성장에 큰 도움이 된다고 합니다.",
        "textWordEA": 21
      }
    },
    {
      "srcTextID": "145989",
      "srcText": "엄마가 생일 선물로 휴대 전화를 사 주신대요. 휴, 그런데 정말 고민이에요. 어느 가게로 가야 좋은 것을 살 수 있을까요? 한 군데에서만 팔면 고민할 필요도 없을 텐데, 왜 이렇게 가게가 많은지 모르겠어요! 엄마, 어디로 가야 해요?",
      "srcPage": 1,
      "srcSentenceEA": 5,
      "srcWordEA": 39,
      "character": "엄마,휴대 전화,생일 선물",
      "setting": "가게",
      "action": "사 주신대요,가야,살,팔면",
      "feeling": "좋은,고민이에요",
      "causalRelationship": null,
      "outcomeResolution": null,
      "prediction": null,
      "plotSummaryInfoCount": 1,
      "plotSummaryInfo": {
        "classification": "사회관계",
        "readAge": "초등_저학년",
        "form": "long-form",
        "plotSummaryText": "엄마가 생일 선물로 휴대 전화를 사 주신다고 했지만, 가게가 너무 많아서 고민이었습니다.",
        "textWordEA": 12
      }
    },
    {
      "srcTextID": "145995",
      "srcText": "루치아노 아저씨는 주방으로 들어가 주방장 모자를 썼어요. 하얀 밀가루 반죽을 휙휙! 햄과 치즈를 쓱쓱! 어느새 바삭바삭한 피자가 만들어졌지요.",
      "srcPage": 6,
      "srcSentenceEA": 4,
      "srcWordEA": 21,
      "character": "루치아노 아저씨",
      "setting": "주방",
      "action": "들어가,썼어요,만들어졌지요",
      "feeling": null,
      "causalRelationship": null,
      "outcomeResolution": "어느새 바삭바삭한 피자가 만들어졌지요.",
      "prediction": null,
      "plotSummaryInfoCount": 1,
      "plotSummaryInfo": {
        "classification": "사회관계",
        "readAge": "초등_저학년",
        "form": "long-form",
        "plotSummaryText": "루치아노 아저씨는 주방으로 들어가 주방장 모자를 쓰고 하얀 밀가루 반죽과 햄과 치즈로 피자를 만들었습니다.",
        "textWordEA": 14
      }
    },
    {
      "srcTextID": "146001",
      "srcText": "마루 아빠는 가게를 나섰어요. 잠시 뒤, 여러 개의 피자 상자를 들고 돌아왔지요. 새로 생긴 피자 가게의 피자였어요. ",
      "srcPage": 11,
      "srcSentenceEA": 3,
      "srcWordEA": 19,
      "character": "마루 아빠,피자 상자",
      "setting": "가게",
      "action": "나섰어요,들고,돌아왔지요",
      "feeling": null,
      "causalRelationship": null,
      "outcomeResolution": null,
      "prediction": null,
      "plotSummaryInfoCount": 1,
      "plotSummaryInfo": {
        "classification": "사회관계",
        "readAge": "초등_저학년",
        "form": "short-form",
        "plotSummaryText": "마루 아빠는 가게를 나서서 새로 생긴 피자 가게의 상자를 여러 개 들고 들어왔습니다.",
        "textWordEA": 13
      }
    },
    {
      "srcTextID": "145991",
      "srcText": "그 날 저녁, 마루는 피자가 먹고 싶었어요. 그런데 가까운 곳에 피자 가게가 없지 뭐예요. 마루는 아빠를 졸라서 먼 곳까지 피자를 먹으러 갔어요. “아빠! 우리 마을에도 피자 가게가 있으면 좋겠어요.”",
      "srcPage": 3,
      "srcSentenceEA": 4,
      "srcWordEA": 32,
      "character": "마루,아빠",
      "setting": "피자 가게,우리 마을",
      "action": "먹고,졸라서,먹으러,갔어요",
      "feeling": "좋겠어요",
      "causalRelationship": "가까운 곳에 피자 가게가 없지 뭐예요,마루는 아빠를 졸라서 먼 곳까지 피자를 먹으러 갔어요.",
      "outcomeResolution": null,
      "prediction": null,
      "plotSummaryInfoCount": 1,
      "plotSummaryInfo": {
        "classification": "사회관계",
        "readAge": "초등_저학년",
        "form": "long-form",
        "plotSummaryText": "그날 저녁, 마루는 피자가 먹고 싶었지만, 가까운 곳에 없어서 아빠를 졸라서 먼 곳까지 먹으러 가며 자신들의 마을에도 피자 가게가 있으면 좋겠다고 했습니다.",
        "textWordEA": 22
      }
    },
    {
      "srcTextID": "145994",
      "srcText": "똑똑! 외국인 아저씨가 가게로 들어왔어요. “내 이름은 루치아노. 이탈리아 요리사예요.” “어서 오세요. 기다리고 있었습니다.” 마루 아빠가 반갑게 맞아 주었어요.",
      "srcPage": 5,
      "srcSentenceEA": 6,
      "srcWordEA": 23,
      "character": "외국인 아저씨,루치아노,이탈리아 요리사,마루 아빠",
      "setting": "가게",
      "action": "들어왔어요,기다리고,맞아",
      "feeling": "반갑게",
      "causalRelationship": null,
      "outcomeResolution": null,
      "prediction": null,
      "plotSummaryInfoCount": 1,
      "plotSummaryInfo": {
        "classification": "사회관계",
        "readAge": "초등_저학년",
        "form": "long-form",
        "plotSummaryText": "외국인 아저씨가 가게로 들어와 본인을 이탈리아 요리사인 루치아노라고 소개하자, 마루 아빠는 반갑게 맞아 주었습니다.",
        "textWordEA": 14
      }
    },
    {
      "srcTextID": "145997",
      "srcText": "“아빠, 왜 손님이 없어요?” “며칠 전에 새로운 피자 가게가 생겼거든.” 그제야 마루는 건너편에서 피자를 나누어 주는 이유를 알았어요. “앞으로 저 피자 가게와 경쟁해야 해.”",
      "srcPage": 9,
      "srcSentenceEA": 4,
      "srcWordEA": 25,
      "character": "아빠,손님,마루",
      "setting": null,
      "action": "나누어 주는,경쟁해야",
      "feeling": null,
      "causalRelationship": "손님이 없어요,며칠 전에 새로운 피자 가게가 생겼거든.",
      "outcomeResolution": null,
      "prediction": null,
      "plotSummaryInfoCount": 1,
      "plotSummaryInfo": {
        "classification": "사회관계",
        "readAge": "초등_저학년",
        "form": "long-form",
        "plotSummaryText": "새로운 피자 가게가 생겼다는 말에 마루는 건너편에서 피자를 나누어 주는 이유를 알아내며 앞으로 그곳과 경쟁해야 한다고 말했습니다.",
        "textWordEA": 17
      }
    },
    {
      "srcTextID": "146003",
      "srcText": "마루도 적극적으로 의견을 말했어요. “아저씨, 별 모양이나 반달 모양 피자를 만드는 건 어때요?” “좋은 생각인데? 아이들이 좋아하겠어.” 마루 아빠는 피자 가격을 내린다고 가게 밖에 써 붙였지요.",
      "srcPage": 14,
      "srcSentenceEA": 5,
      "srcWordEA": 28,
      "character": "마루,아저씨,아이들,마루 아빠",
      "setting": null,
      "action": "말했어요,만드는,써 붙였지요",
      "feeling": "좋아하겠어",
      "causalRelationship": null,
      "outcomeResolution": null,
      "prediction": null,
      "plotSummaryInfoCount": 1,
      "plotSummaryInfo": {
        "classification": "사회관계",
        "readAge": "초등_저학년",
        "form": "long-form",
        "plotSummaryText": "마루가 별이나 반달 모양의 피자를 만들자고 의견을 말하자, 그의 아빠는 아이들이 좋아할 것 같다며 피자 가격을 내린다고 가게 밖에 써 붙였습니다.",
        "textWordEA": 21
      }
    },
    {
      "srcTextID": "146005",
      "srcText": "“다른 피자 가게들과 경쟁해서 그런가 봐요.” 손님들의 칭찬에 모두가 더 신이 났어요. “감사합니다! 또 오세요.”",
      "srcPage": 17,
      "srcSentenceEA": 3,
      "srcWordEA": 17,
      "character": "손님들,피자 가게",
      "setting": null,
      "action": "경쟁해서,오세요",
      "feeling": "신이 났어요,감사합니다",
      "causalRelationship": null,
      "outcomeResolution": null,
      "prediction": null,
      "plotSummaryInfoCount": 1,
      "plotSummaryInfo": {
        "classification": "사회관계",
        "readAge": "초등_저학년",
        "form": "short-form",
        "plotSummaryText": "그들은 다른 피자 가게들과 경쟁해서 그런 것 같다며 손님들의 칭찬에 신이 나서 감사하다고 인사했습니다.",
        "textWordEA": 14
      }
    },
    {
      "srcTextID": "146009",
      "srcText": "어느 날, 동네가 갑자기 소란스러웠어요. 마루 피자 건너편에서 단속반 아저씨들이 가게를 나서며 소리쳤지요. “수입산 소고기를 한우로 속여서 피자에 넣으면 어떡해요!” “유통 기한이 한참 지난 재료를 사용하면 안 되죠.” 결국 그 피자 가게는 문을 닫고 말았어요.",
      "srcPage": 20,
      "srcSentenceEA": 5,
      "srcWordEA": 37,
      "character": "단속반 아저씨들,수입산 소고기,한우",
      "setting": null,
      "action": "나서며,소리쳤지요,넣으면,사용하면,닫고",
      "feeling": null,
      "causalRelationship": null,
      "outcomeResolution": "결국 그 피자 가게는 문을 닫고 말았어요",
      "prediction": null,
      "plotSummaryInfoCount": 1,
      "plotSummaryInfo": {
        "classification": "사회관계",
        "readAge": "초등_저학년",
        "form": "long-form",
        "plotSummaryText": "어느 날, 마루 피자 건너편에서 단속반 아저씨들이 가게를 나서며 소고기 원산지를 속이고 유통 기한 지난 재료를 사용하면 어떡하냐며 소리 질렀는데, 이후 그 가게는 문을 닫고 말았습니다.",
        "textWordEA": 26
      }
    },
    {
      "srcTextID": "146010",
      "srcText": "마루도 어른이 되면 세상에서 가장 맛있는 피자를 만들 거예요! 외국의 큰 피자 가게들을 이긴 비결이 무엇입니까? 정직한 마음으로 손님을 위해 최선을 다했습니다.",
      "srcPage": 22,
      "srcSentenceEA": 3,
      "srcWordEA": 24,
      "character": "마루,어른,피자",
      "setting": null,
      "action": "만들,이긴",
      "feeling": "정직한",
      "causalRelationship": null,
      "outcomeResolution": null,
      "prediction": "마루도 어른이 되면 세상에서 가장 맛있는 피자를 만들 거예요",
      "plotSummaryInfoCount": 1,
      "plotSummaryInfo": {
        "classification": "사회관계",
        "readAge": "초등_저학년",
        "form": "short-form",
        "plotSummaryText": "마루는 어른이 되면 정직한 마음으로 손님을 위해 최선을 다해 세상에서 가장 맛있는 피자를 만들 거라고 했습니다.",
        "textWordEA": 16
      }
    },
    {
      "srcTextID": "146007",
      "srcText": "상품의 가격을 계속 내릴 수 있을까요? 같은 상품을 파는 기업들끼리 경쟁하듯 서로 가격을 내리는 것을 ‘가격 경쟁’이라고 해요. 기업은 이익을 남기기 위해 상품을 만들어 파는데, 계속 가격을 내리면 이익 이 점점 줄게 되지요. 따라서 끝없이 가격을 내릴 수는 없답니다.",
      "srcPage": 18,
      "srcSentenceEA": 5,
      "srcWordEA": 43,
      "character": "상품",
      "setting": null,
      "action": "파는,내리는,만들어,파는데,내리면",
      "feeling": null,
      "causalRelationship": "계속 가격을 내리면 이익이 점점 줄게 되지요.",
      "outcomeResolution": null,
      "prediction": null,
      "plotSummaryInfoCount": 1,
      "plotSummaryInfo": {
        "classification": "사회관계",
        "readAge": "초등_저학년",
        "form": "long-form",
        "plotSummaryText": "같은 상품을 파는 기업들끼리 서로 가격을 내리며 경쟁하는 것을 가격 경쟁이라고 하는데 기업도 이익을 남겨야 하므로 끝없이 가격을 내릴 수는 없습니다.",
        "textWordEA": 21
      }
    },
    {
      "srcTextID": "146008",
      "srcText": "그런데 또 무슨 일일까요? 마루네 가게에 손님이 다시 줄었어요. 마루는 아빠와 함께 맞은편 피자 가게로 갔지요. 가게에는 ‘폭탄 할인’이라는 광고지가 붙어 있었어요. “아빠, 우리도 가격을 더 내리면 되잖아요.” “안 돼. 우리는 저 가격으로 피자를 만들 수 없단다.” 아빠는 마루의 어깨를 토닥였어요. ",
      "srcPage": 19,
      "srcSentenceEA": 9,
      "srcWordEA": 47,
      "character": "손님,마루,아빠",
      "setting": "마루네 가게",
      "action": "갔지요,내리면,만들,토닥였어요",
      "feeling": null,
      "causalRelationship": null,
      "outcomeResolution": null,
      "prediction": null,
      "plotSummaryInfoCount": 1,
      "plotSummaryInfo": {
        "classification": "사회관계",
        "readAge": "초등_저학년",
        "form": "long-form",
        "plotSummaryText": "맞은편 피자 가게에서 할인 광고지를 붙이자, 마루네 가게에 손님이 다시 줄었는데, 이에 나는 아빠에게 자신들도 더 내리면 안 되냐고 물었고 그는 저 가격으로 피자를 만들 수 없다고 했습니다.",
        "textWordEA": 28
      }
    }
  ]
}