{
  "title": "짝꿍, 짝꿍, 내 짝꿍",
  "author": "오현경",
  "illustrator": "신나경",
  "isbn": "9791157591848",
  "publishedYear": 2015,
  "publisher": "아람북스",
  "paragraphInfoCount": 56,
  "paragraphInfo": [
    {
      "srcTextID": "19736",
      "srcText": "짝꿍, 짝꿍, 내 짝꿍. 토순이는 돼지 학교 1학년 3반이에요. 오늘은 짝을 정하는 날이에요. 이번에는 누가 짝이 될까 두근두근했어요.",
      "srcPage": 1,
      "srcSentenceEA": 4,
      "srcWordEA": 21,
      "character": "토순이,돼지 학교,짝꿍,내 짝꿍,짝",
      "setting": "오늘은",
      "action": "두근두근했어요",
      "feeling": null,
      "causalRelationship": null,
      "outcomeResolution": null,
      "prediction": null,
      "plotSummaryInfoCount": 1,
      "plotSummaryInfo": {
        "classification": "사회관계",
        "readAge": "초등_저학년",
        "form": "long-form",
        "plotSummaryText": "토순이는 돼지 학교 1학년 3반이고 오늘은 짝을 정하는 날인데 이번에는 누가 짝이 될까 두근두근했습니다.",
        "textWordEA": 14
      }
    },
    {
      "srcTextID": "19737",
      "srcText": "토순이는 지금 짝인 토식이가 마음에 들지 않았거든요. 그래서 빨리 새로운 짝을 만나고 싶었어요. 그런데 또 토식이가 짝이 되고 만 거예요.",
      "srcPage": 2,
      "srcSentenceEA": 3,
      "srcWordEA": 22,
      "character": "토순이,짝,토식이",
      "setting": null,
      "action": null,
      "feeling": "마음에 들지 않았거든요,만나고 싶었어요",
      "causalRelationship": null,
      "outcomeResolution": "그런데 또 토식이가 짝이 되고 만 거예요.",
      "prediction": null,
      "plotSummaryInfoCount": 1,
      "plotSummaryInfo": {
        "classification": "사회관계",
        "readAge": "초등_저학년",
        "form": "short-form",
        "plotSummaryText": "토순이는 지금 짝인 토식이가 마음에 들지 않아서 빨리 새로운 짝을 만나고 싶은데 또 토식이가 짝이 되었습니다.",
        "textWordEA": 16
      }
    },
    {
      "srcTextID": "93357",
      "srcText": "짝꿍, 짝꿍, 내 짝꿍. 토순이는 돼지 학교 1학년 3반이에요. 오늘은 짝을 정하는 날이에요. 이번에는 누가 짝이 될까 두근두근했어요.",
      "srcPage": 3,
      "srcSentenceEA": 4,
      "srcWordEA": 21,
      "character": "짝꿍,토순이,돼지 학교,짝",
      "setting": "오늘은",
      "action": null,
      "feeling": null,
      "causalRelationship": null,
      "outcomeResolution": null,
      "prediction": null,
      "plotSummaryInfoCount": 1,
      "plotSummaryInfo": {
        "classification": "사회관계",
        "readAge": "초등_저학년",
        "form": "long-form",
        "plotSummaryText": "토순이는 돼지 학교 1학년 3반인데 오늘은 짝을 정하는 날인데 이번에는 누가 짝이 될까 두근두근했습니다.",
        "textWordEA": 14
      }
    },
    {
      "srcTextID": "93362",
      "srcText": "쉬는 시간, 토순이와 토미가 선생님께 물었어요. \"선생님, 친한 친구끼리 짝하면 안 돼요?\" \"물론 그래도 되지. 하지만 반 친구들끼리 서로 배우고 돕도록 짝을 하는 거야.\"",
      "srcPage": 8,
      "srcSentenceEA": 4,
      "srcWordEA": 25,
      "character": "토순이,토미,선생님,친한 친구,짝,반 친구들",
      "setting": "쉬는 시간",
      "action": "물었어요,배우고,돕도록",
      "feeling": null,
      "causalRelationship": null,
      "outcomeResolution": null,
      "prediction": null,
      "plotSummaryInfoCount": 1,
      "plotSummaryInfo": {
        "classification": "사회관계",
        "readAge": "초등_저학년",
        "form": "long-form",
        "plotSummaryText": "토순이와 토미는 선생님께 친한 친구끼리 짝을 해도 되냐고 묻자, 선생님은 그래도 되지만 반 친구들끼리는 서로 배우고 돕기위해 짝을 한다고 했어요.",
        "textWordEA": 20
      }
    },
    {
      "srcTextID": "93361",
      "srcText": "그러자 토미가 말했어요. \"선생님, 친한 친구끼리 짝을 하면 싸우지 않잖아요.\" \"그렇겠구나, 대신 새로운 친구를 사귈 기회는 줄어들겠지? 반 친구들이 모두 친해지면 짝을 하고 싶은 친구와 앉혀 줄게.\"",
      "srcPage": 9,
      "srcSentenceEA": 4,
      "srcWordEA": 28,
      "character": "토미,선생님,친한 친구,짝,새로운 친구,반 친구들",
      "setting": null,
      "action": "말했어요,싸우지 않잖아요,사귈,친해지면,앉혀 줄게",
      "feeling": null,
      "causalRelationship": null,
      "outcomeResolution": null,
      "prediction": null,
      "plotSummaryInfoCount": 1,
      "plotSummaryInfo": {
        "classification": "사회관계",
        "readAge": "초등_저학년",
        "form": "long-form",
        "plotSummaryText": "토미가 친한 친구끼리 짝을 하면 싸우지 않는다고 하자, 선생님께서 반 친구들과 모두 친해지면 짝을 하고 싶은 친구와 앉혀 준다고 했어요.",
        "textWordEA": 20
      }
    },
    {
      "srcTextID": "93365",
      "srcText": "드디어 한 달이 지났어요. \"얘들아, 오늘 새로운 짝을 정하고 자리도 바꿀 거야. 오른쪽 줄만 쪽지에 자기 이름을 써서 바구니에 담도록 해라.\"",
      "srcPage": 10,
      "srcSentenceEA": 3,
      "srcWordEA": 22,
      "character": "짝,자리,오른쪽 줄,쪽지,바구니",
      "setting": "오늘,한 달",
      "action": "정하고,바꿀,써서,담도록",
      "feeling": null,
      "causalRelationship": null,
      "outcomeResolution": null,
      "prediction": null,
      "plotSummaryInfoCount": 1,
      "plotSummaryInfo": {
        "classification": "사회관계",
        "readAge": "초등_저학년",
        "form": "short-form",
        "plotSummaryText": "한 달이 지난 오늘 새로운 짝을 정하고 자리도 바꾼다며 오른쪽 줄만 쪽지에 자기 이름을 써 바구니에 담도록 하라고 했어요.",
        "textWordEA": 19
      }
    },
    {
      "srcTextID": "93368",
      "srcText": "토순이는 시무룩하게 자리에 앉아 있었어요. 그때 토식이가 친구들이 흘린 물건을 정리했어요. '그러고 보니 내 색연필을 찾아 놓은 게 토식이였잖아.'",
      "srcPage": 14,
      "srcSentenceEA": 3,
      "srcWordEA": 20,
      "character": "토순이,토식이,친구들,물건,색연필",
      "setting": null,
      "action": "앉아 있었어요,흘린,정리했어요,찾아 놓은",
      "feeling": "시무룩하게",
      "causalRelationship": null,
      "outcomeResolution": null,
      "prediction": null,
      "plotSummaryInfoCount": 1,
      "plotSummaryInfo": {
        "classification": "사회관계",
        "readAge": "초등_저학년",
        "form": "short-form",
        "plotSummaryText": "토순이는 토식이가 친구들이 흘린 물건을 정리하고 있었는데 내 색연필 찾아 놓은 게 토식이라는 게 생각났어요.",
        "textWordEA": 15
      }
    },
    {
      "srcTextID": "93367",
      "srcText": "그때, 친구들이 토순이에게 다가왔어요. \"토순아, 너 느림보 토식이랑 또 짝꿍이 돼서 속상하겠다.\" \"뭐? 토식이가 어때서? 앞으로 내 짝꿍에 대해 함부로 말하지 마.\"",
      "srcPage": 16,
      "srcSentenceEA": 4,
      "srcWordEA": 24,
      "character": "친구들,토순이,너,토식이,짝꿍",
      "setting": null,
      "action": "다가왔어요,말하지 마",
      "feeling": "속상하겠다",
      "causalRelationship": null,
      "outcomeResolution": null,
      "prediction": null,
      "plotSummaryInfoCount": 1,
      "plotSummaryInfo": {
        "classification": "사회관계",
        "readAge": "초등_저학년",
        "form": "long-form",
        "plotSummaryText": "친구들이 토순이에게 느림보 토식이랑 또 짝꿍이 되어 속상하겠다고 하자 내 짝꿍에 대해 함부로 말하지 말라고 했어요.",
        "textWordEA": 16
      }
    },
    {
      "srcTextID": "93377",
      "srcText": "토순이는 토식이에게 편지를 썼어요. 그리고 편지와 함께 아껴 두었던 막대 사탕을 토식이의 책상 서랍에 넣어 두었어요. 토식아, 안녕. 전에 색연필 빌려주지 않은 거 미안해! 그리고 우리 앞으로 친하게 지내자. 토순이가.",
      "srcPage": 17,
      "srcSentenceEA": 6,
      "srcWordEA": 35,
      "character": "토순이,토식이,편지,막대 사탕,책상 서랍,색연필,우리",
      "setting": null,
      "action": "썼어요,아껴 두었던,넣어 두었어요,빌려주지 않은,지내자",
      "feeling": "미안해",
      "causalRelationship": null,
      "outcomeResolution": null,
      "prediction": null,
      "plotSummaryInfoCount": 1,
      "plotSummaryInfo": {
        "classification": "사회관계",
        "readAge": "초등_저학년",
        "form": "long-form",
        "plotSummaryText": "토순이는 토식이에게 앞으로 친하게 지내자며 편지와 함께 아껴 두었던 사탕을 토식이의 책상 서랍에 넣어 두었어요.",
        "textWordEA": 15
      }
    },
    {
      "srcTextID": "93374",
      "srcText": "짝꿍은 왜 필요할까요? 짝꿍은 동료나 매우 친한 사람을 가리키는 말이에요. 하지만 학교에서의 짝꿍은 어떤가요? 때때로 나를 괴롭히거나 놀리지 않나요? 짝꿍 없이 나 혼자 앉으면 편할 것 같지만, 짝꿍이 없다면 외롭고 외톨이 같은 기분이 들 거예요.",
      "srcPage": 18,
      "srcSentenceEA": 5,
      "srcWordEA": 39,
      "character": "짝꿍,동료,친한 사람,나",
      "setting": "학교",
      "action": "괴롭히거나,놀리지,앉으면",
      "feeling": "외롭고,외톨이 같은 기분",
      "causalRelationship": null,
      "outcomeResolution": null,
      "prediction": null,
      "plotSummaryInfoCount": 1,
      "plotSummaryInfo": {
        "classification": "사회관계",
        "readAge": "초등_저학년",
        "form": "long-form",
        "plotSummaryText": "짝꿍은 동료나 매우 친한 사람을 가리키는 말인데 학교에선 때때로 나를 괴롭히거나 놀리지만 짝꿍 없이 나 혼자 앉으면 편할 것 같지만 짝꿍이 없다면 외롭운 기분이 들 거예요.",
        "textWordEA": 26
      }
    },
    {
      "srcTextID": "93373",
      "srcText": "짝꿍에게 양보하고 협동하면서 사이좋게 지내면 장차 어른이 되어 만나는 사람들과도 잘 지낼 수 있어요. 또한 짝꿍의 좋은 점은 배우고, 좋지 않은 점은 반복하지 않도록 이야기하고 도움을 주세요. 짝꿍이 내게 꼭 필요한 친구가 될 거예요.",
      "srcPage": 19,
      "srcSentenceEA": 3,
      "srcWordEA": 36,
      "character": "짝꿍,어른,사람들,친구,내",
      "setting": null,
      "action": "양보하고,협동하면서,지내면,만나는,지낼 수 있어요,배우고,반복하지,이야기하고,도움을 주세요",
      "feeling": null,
      "causalRelationship": null,
      "outcomeResolution": null,
      "prediction": null,
      "plotSummaryInfoCount": 1,
      "plotSummaryInfo": {
        "classification": "사회관계",
        "readAge": "초등_저학년",
        "form": "short-form",
        "plotSummaryText": "짝꿍에게 양보하고 사이좋게 지내면 장차 어른이 되어 만나는 사람들과도 잘 지낼 수 있고, 짝꿍의 좋은 점은 배우고 좋지 않은 점은 반복하지 않도록 이야기하고 도움을 주면 짝꿍이 내게 꼭 필요한 친구가 될 것입니다.",
        "textWordEA": 32
      }
    },
    {
      "srcTextID": "93358",
      "srcText": "토순이는 뒤에 앉은 토미에게 물었어요. \"토미야, 넌 짝꿍이 맘에 들어?\" \"글쎄, 넌 누구랑 짝하고 싶은데?\"",
      "srcPage": 6,
      "srcSentenceEA": 3,
      "srcWordEA": 15,
      "character": "토순이,토미,짝꿍",
      "setting": null,
      "action": "앉은,물었어요",
      "feeling": "맘에 들어",
      "causalRelationship": null,
      "outcomeResolution": null,
      "prediction": null,
      "plotSummaryInfoCount": 1,
      "plotSummaryInfo": {
        "classification": "사회관계",
        "readAge": "초등_저학년",
        "form": "short-form",
        "plotSummaryText": "토순이는 토미에게 넌 짝꿍이 맘에 드니라고 물었고, 넌 누구랑 짝하고 싶냐고 토미가 되물었습니다.",
        "textWordEA": 13
      }
    },
    {
      "srcTextID": "93366",
      "srcText": "선생님은 토순이가 앉은 줄을 가리키며 말했어요. \"그리고 왼쪽 줄에 있는 학생들이 쪽지를 골라 이름이 쓰여 있는 친구 옆에 가서 앉아.\" 토순이는 보물찾기를 할 때처럼 가슴이 두근거렸어요.",
      "srcPage": 11,
      "srcSentenceEA": 3,
      "srcWordEA": 27,
      "character": "선생님,토순이,줄,왼쪽 줄,학생들,쪽지",
      "setting": "이름이 쓰여 있는 친구 옆",
      "action": "앉은,가리키며,말했어요,골라,가서 앉아",
      "feeling": null,
      "causalRelationship": null,
      "outcomeResolution": null,
      "prediction": null,
      "plotSummaryInfoCount": 1,
      "plotSummaryInfo": {
        "classification": "사회관계",
        "readAge": "초등_저학년",
        "form": "short-form",
        "plotSummaryText": "토순이가 앉은 줄을 가리키며 왼쪽 줄에 있는 학생들이 쪽지를 골라 그 친구 옆에 가서 앉으라고 하자 토순이는 가슴이 두근거렸어요.",
        "textWordEA": 19
      }
    },
    {
      "srcTextID": "93369",
      "srcText": "토식이는 조용히 칠판을 지우고 지우개를 털러 나갔어요. 토순이는 토식이를 느림보라고 생각한 것이 미안했어요. 토식이가 찾아 준 색연필을 함께 쓰기 싫어한 것도 부끄러웠고요.",
      "srcPage": 15,
      "srcSentenceEA": 3,
      "srcWordEA": 24,
      "character": "토식이,칠판,지우개,색연필,토순이",
      "setting": null,
      "action": "지우고,털러 나갔어요,찾아 준,쓰기",
      "feeling": "미안했어요,싫어한,부끄러웠고요",
      "causalRelationship": null,
      "outcomeResolution": null,
      "prediction": null,
      "plotSummaryInfoCount": 1,
      "plotSummaryInfo": {
        "classification": "사회관계",
        "readAge": "초등_저학년",
        "form": "short-form",
        "plotSummaryText": "토식이가 칠판지우개를 털러 나가자 토순이는 토식이에게 갑자기 미안한 생각과 색연필을 함께 쓰기 싫어한 자신이 부끄러웠어요.",
        "textWordEA": 15
      }
    },
    {
      "srcTextID": "93384",
      "srcText": "\"줄냥이도 너보고 킹콩이라고 부르잖아. 킹콩보고 킹콩이라고 부르는데 뭐 잘못됐냐?\" 양양이는 곰곰이가 왜 소리를 치는지 몰라 어리둥절했어요. 그때 줄냥이가 양양이 곁으로 다가왔어요",
      "srcPage": 31,
      "srcSentenceEA": 4,
      "srcWordEA": 24,
      "character": "줄냥이,너,킹콩,양양이,곰곰이",
      "setting": "양양이 곁",
      "action": "부르잖아,부르는데,소리를 치는지,다가왔어요",
      "feeling": "어리둥절했어요",
      "causalRelationship": null,
      "outcomeResolution": null,
      "prediction": null,
      "plotSummaryInfoCount": 1,
      "plotSummaryInfo": {
        "classification": "사회관계",
        "readAge": "초등_저학년",
        "form": "long-form",
        "plotSummaryText": "줄냥이도 킹콩이라고 부르는데 뭐 잘못됐냐고 양양이가 말하면서도 곰곰이가 왜 소리치는지 몰라할 때 줄냥이가 양양이 곁으로 다가왔어요.",
        "textWordEA": 16
      }
    },
    {
      "srcTextID": "93371",
      "srcText": "예를 들면 '내 짝꿍은 너무 시끄러워.'라고 생각하기보다 '난 조용한 것을 좋아하는데 내 짝꿍은 조용한 것을 좋아하지 않나 봐.' 하고 생각하는 거지요. 그런 다음, 내 짝꿍 안에 꼭꼭 숨겨진 보물을 찾아보세요. 여러분이 미처 발견하지 못했던 좋은 점이 내 짝꿍에게도 있을 거예요.",
      "srcPage": 21,
      "srcSentenceEA": 7,
      "srcWordEA": 44,
      "character": "난,보물,여러분,내 짝꿍",
      "setting": null,
      "action": "생각하기보다,생각하는,찾아보세요,발견하지 못했던",
      "feeling": "좋아하는데,좋아하지 않나 봐",
      "causalRelationship": null,
      "outcomeResolution": null,
      "prediction": null,
      "plotSummaryInfoCount": 1,
      "plotSummaryInfo": {
        "classification": "사회관계",
        "readAge": "초등_저학년",
        "form": "long-form",
        "plotSummaryText": "예를 들면  난 조용한 것을 좋아하는데 내 짝꿍은 조용한 것을 좋아하지 않나 봐라고 생각하고 그런 다음 내 짝꿍 안에 꼭꼭 숨겨진 보물을 찾아보면 미처 발견하지 못했던 좋은 점이 내 짝꿍에게도 있을 거예요.",
        "textWordEA": 33
      }
    },
    {
      "srcTextID": "93375",
      "srcText": "짝꿍이 내게 빌려 간 물건을 함부로 다루거나 잘 돌려주지 않아요. 짝꿍에게 내 생각을 알려야 해요. 빌려 간 물건을 쓰고 돌려주지 않으면 앞으로는 빌려줄 수 없다고 말이에요.",
      "srcPage": 24,
      "srcSentenceEA": 3,
      "srcWordEA": 28,
      "character": "짝꿍,내,물건",
      "setting": null,
      "action": "빌려 간,돌려주지 않아요,알려야 해요,쓰고,돌려주지 않으면,빌려줄 수 없다고,함부로 다루거나",
      "feeling": null,
      "causalRelationship": null,
      "outcomeResolution": null,
      "prediction": null,
      "plotSummaryInfoCount": 1,
      "plotSummaryInfo": {
        "classification": "사회관계",
        "readAge": "초등_저학년",
        "form": "short-form",
        "plotSummaryText": "짝꿍이 빌려 간 물건을 잘 돌려주지 않는다면 짝꿍에게 내 생각을 알리고 빌려 간 물건을 주지 않는다면 앞으로는 빌려줄 수 없다고 말하세요.",
        "textWordEA": 21
      }
    },
    {
      "srcTextID": "93381",
      "srcText": "내 친구, 킹콩과 땅콩. 양양이는 까무잡잡하고 눈이 부리부리한 고양이예요. 성격이 활발해서 잠시도 가만있지 못하지요.",
      "srcPage": 25,
      "srcSentenceEA": 3,
      "srcWordEA": 16,
      "character": "친구,킹콩,땅콩,양양이,고양이,눈",
      "setting": null,
      "action": "가만있지 못하지요",
      "feeling": null,
      "causalRelationship": "성격이 활발해서 잠시도 가만있지 못하지요.",
      "outcomeResolution": null,
      "prediction": null,
      "plotSummaryInfoCount": 1,
      "plotSummaryInfo": {
        "classification": "사회관계",
        "readAge": "초등_저학년",
        "form": "short-form",
        "plotSummaryText": "킹콩, 땅콩, 양양이는 성격이 활발해서 잠시도 가만있지 못한 고양이는 내 친구예요.",
        "textWordEA": 11
      }
    },
    {
      "srcTextID": "93382",
      "srcText": "친구들이 붙여 준 별명도 셀 수 없이 많아요. 아프리카 원주민, 연탄, 검정콩, 왕눈이, 발발이. 그런데 곰곰이는 양양이와 많이 달랐어요.",
      "srcPage": 26,
      "srcSentenceEA": 3,
      "srcWordEA": 21,
      "character": "친구들,아프리카 원주민,연탄,검정콩,왕눈이,발발이,곰곰이,양양이",
      "setting": null,
      "action": "붙여 준",
      "feeling": null,
      "causalRelationship": null,
      "outcomeResolution": null,
      "prediction": null,
      "plotSummaryInfoCount": 1,
      "plotSummaryInfo": {
        "classification": "사회관계",
        "readAge": "초등_저학년",
        "form": "short-form",
        "plotSummaryText": "양양이와 다른 곰곰이는 친구들이 붙여 준 별명이 셀 수 없이 많아요.",
        "textWordEA": 11
      }
    },
    {
      "srcTextID": "93379",
      "srcText": "'곰곰이는 하루 종일 앉아서 무얼 하는 거지? 엉덩이도 안 아픈가?' 양양이는 슬며시 곰곰이 곁으로 가 보았어요.",
      "srcPage": 27,
      "srcSentenceEA": 3,
      "srcWordEA": 18,
      "character": "곰곰이,엉덩이,양양이",
      "setting": "하루 종일,곰곰이 곁",
      "action": "앉아서,가 보았어요",
      "feeling": null,
      "causalRelationship": null,
      "outcomeResolution": null,
      "prediction": null,
      "plotSummaryInfoCount": 1,
      "plotSummaryInfo": {
        "classification": "사회관계",
        "readAge": "초등_저학년",
        "form": "short-form",
        "plotSummaryText": "곰곰이가 무얼 하는 건지 궁금한 양양이는 슬며시 곰곰이 곁으로 가 보았어요.",
        "textWordEA": 11
      }
    },
    {
      "srcTextID": "93378",
      "srcText": "\"와! 킹콩, 이 그림 정말 멋지다. 이거 나 줘.\" 줄냥이가 곰곰이에게 말했어요. \"알았어, 땅콩 너 가져.\"",
      "srcPage": 28,
      "srcSentenceEA": 4,
      "srcWordEA": 19,
      "character": "킹콩,그림,나,줄냥이,곰곰이,땅콩,너",
      "setting": null,
      "action": "줘,말했어요,가져",
      "feeling": "멋지다",
      "causalRelationship": null,
      "outcomeResolution": null,
      "prediction": null,
      "plotSummaryInfoCount": 1,
      "plotSummaryInfo": {
        "classification": "사회관계",
        "readAge": "초등_저학년",
        "form": "long-form",
        "plotSummaryText": "줄냥이가 곰곰이에게 이 그림 멋지다며 나 줘라고 하자 알았다며 너 가져라고 했어요.",
        "textWordEA": 12
      }
    },
    {
      "srcTextID": "93380",
      "srcText": "곰곰이는 그림을 선뜻 줄냥이에게 주었어요. '킹콩과 땅콩? 잘 어울리는 별명이네.' 양양이는 곰곰이와 줄냥이가 부러웠어요.",
      "srcPage": 29,
      "srcSentenceEA": 4,
      "srcWordEA": 16,
      "character": "곰곰이,그림,줄냥이,킹콩,땅콩,양양이",
      "setting": null,
      "action": "주었어요",
      "feeling": "부러웠어요",
      "causalRelationship": null,
      "outcomeResolution": null,
      "prediction": null,
      "plotSummaryInfoCount": 1,
      "plotSummaryInfo": {
        "classification": "사회관계",
        "readAge": "초등_저학년",
        "form": "long-form",
        "plotSummaryText": "곰곰이는 그림을 선뜻 줄냥이에게 주자 양양이는 곰곰이와 줄냥이가 부러웠습니다.",
        "textWordEA": 9
      }
    },
    {
      "srcTextID": "93386",
      "srcText": "양양이는 그림을 잘 그리는 곰곰이와 친해지고 싶었어요. \"야, 킹콩! 나도 게임 주인공 하나만 그려 줘.\" \"뭐? 네가 뭔데 나한테 킹콩이래? 그리고 내가 왜 너한테 그림을 그려 줘야 하는데?\" 곰곰이가 눈을 치켜뜨며 소리쳤어요.",
      "srcPage": 30,
      "srcSentenceEA": 6,
      "srcWordEA": 36,
      "character": "양양이,그림,곰곰이,킹콩,나,네,내",
      "setting": null,
      "action": "그리는,그려 줘,그려 줘야 하는데,눈을 치켜뜨며 소리쳤어요",
      "feeling": "친해지고 싶었어요",
      "causalRelationship": null,
      "outcomeResolution": null,
      "prediction": null,
      "plotSummaryInfoCount": 1,
      "plotSummaryInfo": {
        "classification": "사회관계",
        "readAge": "초등_저학년",
        "form": "long-form",
        "plotSummaryText": "그림을 잘 그리는 곰곰이와 친해지고 싶은 양양이는 킹콩, 나도 하나만 그려줘라고 하자 왜 나한테 킹콩이라고 그러냐며  너한테 그림을 왜 그려주냐고 곰곰이가 소리쳤어요.",
        "textWordEA": 23
      }
    },
    {
      "srcTextID": "93387",
      "srcText": "셋이서 싸움이 붙을 듯 아슬아슬했어요. 그때 다행히 선생님이 오셨어요. \"이번 창의적 체험 활동 시간에는 토론을 할 거야. 친구의 별명을 부르는 것이 좋은 이유와 별명을 부르는 것이 좋지 않은 이유를 발표해 보자. 자, 누가 먼저 발표해 볼까?\"",
      "srcPage": 34,
      "srcSentenceEA": 5,
      "srcWordEA": 39,
      "character": "선생님,친구",
      "setting": "이번 창의적 체험 활동 시간에는",
      "action": "오셨어요,부르는,발표해 보자,발표해 볼까,토론을 할 거야",
      "feeling": null,
      "causalRelationship": null,
      "outcomeResolution": null,
      "prediction": null,
      "plotSummaryInfoCount": 1,
      "plotSummaryInfo": {
        "classification": "사회관계",
        "readAge": "초등_저학년",
        "form": "long-form",
        "plotSummaryText": "셋이 아슬아슬 싸움이 붙을 듯 할 때 선생님이 오셔서 이번 시간에는 친구의 별명을 부르는 것이 좋은 이유와 좋지 않은 이유를 발표해 보자고 하셨어요.",
        "textWordEA": 23
      }
    },
    {
      "srcTextID": "93388",
      "srcText": "양양이가 제일 먼저 손을 들었어요. \"저는 별명을 부르면 금세 친해져서 좋다고 생각합니다. 그리고 별명 때문에 그 친구를 쉽게 기억할 수도 있습니다.\"",
      "srcPage": 35,
      "srcSentenceEA": 3,
      "srcWordEA": 22,
      "character": "양양이,손,저,별명,친구",
      "setting": null,
      "action": "들었어요,부르면,기억할 수도",
      "feeling": null,
      "causalRelationship": null,
      "outcomeResolution": null,
      "prediction": null,
      "plotSummaryInfoCount": 1,
      "plotSummaryInfo": {
        "classification": "사회관계",
        "readAge": "초등_저학년",
        "form": "short-form",
        "plotSummaryText": "양양이가 손을 들고 저는 별명을 부르면 금세 친해져서 좋다고 생각한다며 별명 때문에 친구를 쉽게 기억할 수 있다고 했어요.",
        "textWordEA": 18
      }
    },
    {
      "srcTextID": "93392",
      "srcText": "이제야 둘이서 왜 화를 냈는지 알 것 같았어요. 선생님은 토론을 마무리하며 학생들에게 부탁했어요. \"앞으로는 친구가 싫어하면 별명은 부르지 않기로 하자.\"",
      "srcPage": 38,
      "srcSentenceEA": 3,
      "srcWordEA": 21,
      "character": "선생님,학생들,친구",
      "setting": null,
      "action": "토론을 마무리하며,부탁했어요,부르지 않기로 하자",
      "feeling": "화를 냈는지,싫어하면",
      "causalRelationship": null,
      "outcomeResolution": null,
      "prediction": null,
      "plotSummaryInfoCount": 1,
      "plotSummaryInfo": {
        "classification": "사회관계",
        "readAge": "초등_저학년",
        "form": "short-form",
        "plotSummaryText": " 선생님은 앞으로 친구가 싫어하는 별명은 부르지 않기로 하자라고 하셨고, 이제야 왜 둘이 화를 냈는지 알 것 같았어요.",
        "textWordEA": 17
      }
    },
    {
      "srcTextID": "93396",
      "srcText": "수업이 끝나자 양양이는 곰곰이를 찾아갔어요. \"곰곰아, 아까는 미안했어! 난 친해지려고 별명을 부른 건데 네가 싫다면 부르지 않을게.\" \"아니야, 나도 소리쳐서 미안해.\"",
      "srcPage": 40,
      "srcSentenceEA": 4,
      "srcWordEA": 22,
      "character": "양양이,곰곰이,네,나",
      "setting": null,
      "action": "찾아갔어요,부른 건데,부르지 않을게,소리쳐서",
      "feeling": "미안했어,싫다면,미안해",
      "causalRelationship": null,
      "outcomeResolution": null,
      "prediction": null,
      "plotSummaryInfoCount": 1,
      "plotSummaryInfo": {
        "classification": "사회관계",
        "readAge": "초등_저학년",
        "form": "long-form",
        "plotSummaryText": "양양이는 곰곰이를 찾아가 난 친해지려고 별명을 부른 건데 미안하다고 하자, 나도 소리쳐서 미안해라고 했어요.",
        "textWordEA": 14
      }
    },
    {
      "srcTextID": "93393",
      "srcText": "\"괜찮아. 참, 내 별명은 얼굴이 까맣다고 검정콩이야.\" \"뭐? 검정콩? 그러면 킹콩과 땅콩과 검정콩, 모두 콩이네.\" 곰곰이의 말에 콩 셋은 하하하 웃었어요.",
      "srcPage": 41,
      "srcSentenceEA": 4,
      "srcWordEA": 25,
      "character": "검정콩,킹콩,땅콩,콩,곰곰이",
      "setting": null,
      "action": "웃었어요",
      "feeling": "괜찮아",
      "causalRelationship": null,
      "outcomeResolution": null,
      "prediction": null,
      "plotSummaryInfoCount": 1,
      "plotSummaryInfo": {
        "classification": "사회관계",
        "readAge": "초등_저학년",
        "form": "long-form",
        "plotSummaryText": "내 별명은 얼굴이 까매서 검정콩이라고 하자 킹콩과 땅콩과 검정콩, 모두 콩이네라는 곰곰이 말에 셋은 하하하 웃었어요.",
        "textWordEA": 16
      }
    },
    {
      "srcTextID": "93394",
      "srcText": "새로운 친구는 어떻게 사귈까요? 성격이 활달하면 새로운 친구도 금방 사귀어요. 하지만 수줍음이 많으면 마음에 드는 친구가 있어도 선뜻 말을 걸기가 어려울 거예요. 그래서 그 친구가 먼저 말을 건네거나 아는 체해 주기를 기다리게 되지요.",
      "srcPage": 42,
      "srcSentenceEA": 4,
      "srcWordEA": 36,
      "character": "친구",
      "setting": null,
      "action": "사귈까요,사귀어요,말을 걸기가,말을 건네거나,아는 체해 주기를,기다리게 되지요",
      "feeling": null,
      "causalRelationship": null,
      "outcomeResolution": null,
      "prediction": null,
      "plotSummaryInfoCount": 1,
      "plotSummaryInfo": {
        "classification": "사회관계",
        "readAge": "초등_저학년",
        "form": "long-form",
        "plotSummaryText": "성격이 활달하면 새로운 친구를 금방 사귈 수 있지만, 수줍음이 많으면 선뜻 말 걸기가 어려워서 먼저 말을 건네주기를 기다리게 돼요.",
        "textWordEA": 19
      }
    },
    {
      "srcTextID": "93399",
      "srcText": "친구와 사이좋게 지내려면 어떻게 할까요? 친구를 사귀는 것만큼 친구와 사이좋게 지내는 것도 중요해요. 친구와 사이좋게 지내려면 지켜야 할 것들이 있어요.",
      "srcPage": 44,
      "srcSentenceEA": 3,
      "srcWordEA": 22,
      "character": "친구",
      "setting": null,
      "action": "지내려면,사귀는,지내는,지켜야 할",
      "feeling": null,
      "causalRelationship": null,
      "outcomeResolution": null,
      "prediction": null,
      "plotSummaryInfoCount": 1,
      "plotSummaryInfo": {
        "classification": "사회관계",
        "readAge": "초등_저학년",
        "form": "short-form",
        "plotSummaryText": "친구를 사귀는 것만큼 친구와 사이좋게 지내는 것도 중요하고 친구와 사이좋게 지내려면 지켜야 할 것들이 있습니다.",
        "textWordEA": 15
      }
    },
    {
      "srcTextID": "93398",
      "srcText": "첫째, 친한 친구 사이라도 예의를 지키세요. 친하다고 해서 무조건 내 뜻에 따라 달라고 고집을 부리거나, 싫어하는 별명을 마구 부른다거나, 약속 시간을 잘 안 지킨다거나, 친구가 싫어하는 행동을 하는 것은 친구 간의 예의에 어긋나요. 둘째, 약속을 꼭 지켜요. 친구와 약속한 것은 반드시 지켜야 해요. 그리고 친구가 나를 믿고 한 비밀 이야기를 다른 친구에게 전달해서는 안 돼요.",
      "srcPage": 45,
      "srcSentenceEA": 5,
      "srcWordEA": 59,
      "character": "내,친구,나",
      "setting": null,
      "action": "예의를 지키세요,고집을 부리거나,부른다거나,약속 시간을 잘 안 지킨다거나,싫어하는 행동을 하는,약속을 꼭 지켜요,지켜야 해요,전달해서는 안 돼요",
      "feeling": null,
      "causalRelationship": null,
      "outcomeResolution": null,
      "prediction": null,
      "plotSummaryInfoCount": 1,
      "plotSummaryInfo": {
        "classification": "사회관계",
        "readAge": "초등_저학년",
        "form": "long-form",
        "plotSummaryText": "친한 친구일수록 예의를 지켜야 하는데 고집을 부리거나, 싫어하는 별명을 부른다거나, 친구가 싫어하는 행동을 하지 않고 친구와 약속을 반드시 지켜야 해요. ",
        "textWordEA": 20
      }
    },
    {
      "srcTextID": "93400",
      "srcText": "\"안녕? 내 이름은 남팽준이야. 앞으로 사이좋게 지내자!\" 그런데 아이들은 모두 팽준이의 다리만 쳐다봤어요.",
      "srcPage": 48,
      "srcSentenceEA": 3,
      "srcWordEA": 16,
      "character": "남팽준,아이들,팽준이,다리",
      "setting": null,
      "action": "지내자,쳐다봤어요",
      "feeling": null,
      "causalRelationship": null,
      "outcomeResolution": null,
      "prediction": null,
      "plotSummaryInfoCount": 1,
      "plotSummaryInfo": {
        "classification": "사회관계",
        "readAge": "초등_저학년",
        "form": "short-form",
        "plotSummaryText": "내이름은 남팽준이라며 앞으로 사이좋게 지내자고 하자 아이들은 모두 팽준이 다리만 쳐다보았어요.",
        "textWordEA": 11
      }
    },
    {
      "srcTextID": "93404",
      "srcText": "팽규가 팽준이의 수학 공책을 보며 말했어요. \"그럼, 내가 도와줄까?\" \"정말? 그럼 내가 학교에 대해 알려 줄게.\" \"그래, 고마워.\"",
      "srcPage": 50,
      "srcSentenceEA": 4,
      "srcWordEA": 19,
      "character": "팽규,팽준이,수학 공책,내,학교",
      "setting": null,
      "action": "보며,말했어요,도와줄까,알려 줄게",
      "feeling": "고마워",
      "causalRelationship": null,
      "outcomeResolution": null,
      "prediction": null,
      "plotSummaryInfoCount": 1,
      "plotSummaryInfo": {
        "classification": "사회관계",
        "readAge": "초등_저학년",
        "form": "long-form",
        "plotSummaryText": "팽규가 팽준이에게 수학 공책을 보며 도와주겠다고 하자 나는 그럼 학교에 대해 알려주겠다고 했어요.",
        "textWordEA": 13
      }
    },
    {
      "srcTextID": "93402",
      "srcText": "쉬는 시간이 되었어요. 팽규가 손을 내밀자 팽준이가 빙그레 웃었어요. \"괜찮아, 나 혼자서도 걸을 수 있어.\" \"참, 그렇지!\" 화장실에 가는데 아이들이 팽준이를 보며 수군거렸어요.",
      "srcPage": 51,
      "srcSentenceEA": 5,
      "srcWordEA": 25,
      "character": "팽규,팽준이,나,아이들",
      "setting": "쉬는 시간,화장실",
      "action": "손을 내밀자,웃었어요,걸을 수 있어,가는데,보며,수군거렸어요",
      "feeling": "괜찮아",
      "causalRelationship": null,
      "outcomeResolution": null,
      "prediction": null,
      "plotSummaryInfoCount": 1,
      "plotSummaryInfo": {
        "classification": "사회관계",
        "readAge": "초등_저학년",
        "form": "long-form",
        "plotSummaryText": "쉬는 시간이 되어 팽규가 손을 내밀자 팽준이가 혼자서도 걸을 수 있다고 했고 화장실에 가는데 아이들이 팽준이를 보며 수군거렸습니다.",
        "textWordEA": 18
      }
    },
    {
      "srcTextID": "93405",
      "srcText": "\"팽준아, 아이들은 네가 낯설어서 그러는 거야.\" \"괜찮아, 이제 친구들이 쳐다보는 건 아무렇지도 않아.\" 팽준이는 괜찮은 듯 말했지만 어느새 얼굴이 빨개졌어요.",
      "srcPage": 52,
      "srcSentenceEA": 3,
      "srcWordEA": 21,
      "character": "아이들,네,친구들,팽준이",
      "setting": null,
      "action": "쳐다보는,괜찮은 듯 말했지만",
      "feeling": "괜찮아",
      "causalRelationship": null,
      "outcomeResolution": null,
      "prediction": null,
      "plotSummaryInfoCount": 1,
      "plotSummaryInfo": {
        "classification": "사회관계",
        "readAge": "초등_저학년",
        "form": "short-form",
        "plotSummaryText": "아이들은 네가 낯설어서 그러는 거라고 하니 이제 친구들이 쳐다보는 건 아무렇지도 않다고 팽준이는 괜찮은 듯 말했지만 어느새 얼굴이 빨개졌습니다.",
        "textWordEA": 19
      }
    },
    {
      "srcTextID": "93406",
      "srcText": "그때 다른 반 친구들이 팽규를 보며 말했어요. \"야, 쟤 누구냐?\" \"얘는 새로 전학 온 남팽준이야! 글씨도 잘 쓰고, 수학도 무지 잘해!\" 팽규는 자랑하듯 말했어요.",
      "srcPage": 53,
      "srcSentenceEA": 5,
      "srcWordEA": 26,
      "character": "친구들,팽규,쟤,얘,남팽준",
      "setting": null,
      "action": "보며,말했어요,쓰고,새로 전학 온,잘해",
      "feeling": null,
      "causalRelationship": null,
      "outcomeResolution": null,
      "prediction": null,
      "plotSummaryInfoCount": 1,
      "plotSummaryInfo": {
        "classification": "사회관계",
        "readAge": "초등_저학년",
        "form": "long-form",
        "plotSummaryText": "다른 반 친구들이 팽규를 보며 누구냐고 하자 글씨도 잘 쓰고, 수학도 잘하는 새로 전학 온 남팽준이라고 했어요.",
        "textWordEA": 17
      }
    },
    {
      "srcTextID": "93409",
      "srcText": "그때였어요. 운동장에서 놀고 있던 같은 반 친구들이 달려왔어요. \"야, 우리랑 같이 놀자!\" 팽규는 같은 반 친구들이 무척 반가웠어요. 팽준이도 기분이 좋은지 활짝 웃었어요.",
      "srcPage": 56,
      "srcSentenceEA": 4,
      "srcWordEA": 26,
      "character": "운동장,친구들,우리,팽규,팽준이",
      "setting": null,
      "action": "놀고 있던,달려왔어요,놀자,웃었어요",
      "feeling": "반가웠어요,기분이 좋은지",
      "causalRelationship": null,
      "outcomeResolution": null,
      "prediction": null,
      "plotSummaryInfoCount": 1,
      "plotSummaryInfo": {
        "classification": "사회관계",
        "readAge": "초등_저학년",
        "form": "long-form",
        "plotSummaryText": "운동장에서 친구들이 달려와 같이 놀자고 하자 팽규는 친구들이 무척 반가웠고 팽준이도 기분이 좋아 활짝 웃었어요.",
        "textWordEA": 15
      }
    },
    {
      "srcTextID": "93359",
      "srcText": "토순이는 지금 짝인 토식이가 마음에 들지 않았거든요. 그래서 빨리 새로운 짝을 만나고 싶었어요. 그런데 또 토식이가 짝이 되고 만 거예요.",
      "srcPage": 4,
      "srcSentenceEA": 3,
      "srcWordEA": 22,
      "character": "토순이,짝,토식이",
      "setting": "지금",
      "action": null,
      "feeling": "마음에 들지 않았거든요,만나고 싶었어요",
      "causalRelationship": null,
      "outcomeResolution": "그런데 또 토식이가 짝이 되고 만 거예요.",
      "prediction": null,
      "plotSummaryInfoCount": 1,
      "plotSummaryInfo": {
        "classification": "사회관계",
        "readAge": "초등_저학년",
        "form": "short-form",
        "plotSummaryText": "토순이는 지금 짝인 토식이가 마음에 들지 않아서, 빨리 새로운 짝을 만나고 싶었는데 또 토식이가 짝이 되고 말았습니다.",
        "textWordEA": 17
      }
    },
    {
      "srcTextID": "93356",
      "srcText": "또 짝이 된 토식이가 토순이를 불렀어요. \"토순아! 색연필 좀.\" \"싫어.\" 토순이는 토식이에게 색연필을 빌려주기 싫었어요.",
      "srcPage": 5,
      "srcSentenceEA": 3,
      "srcWordEA": 17,
      "character": "짝,토식이,토순이,색연필",
      "setting": null,
      "action": "불렀어요",
      "feeling": "싫어,빌려주기 싫었어요",
      "causalRelationship": null,
      "outcomeResolution": null,
      "prediction": null,
      "plotSummaryInfoCount": 1,
      "plotSummaryInfo": {
        "classification": "사회관계",
        "readAge": "초등_저학년",
        "form": "short-form",
        "plotSummaryText": "또 짝이 된 토식이가 토순이에게 색연필을 빌려 달라고 했는데 토순이는 색연필을 빌려주기 싫었습니다.",
        "textWordEA": 13
      }
    },
    {
      "srcTextID": "93360",
      "srcText": "토순이는 친구들을 둘러보다가 통통이랑 눈이 마주쳤어요. '으악, 제발! 장난꾸러기 통통이는 안 돼.' \"토순아, 넌 누구랑 짝하고 싶냐니까?\" \"어? 나야 당연히 너랑 짝하고 싶지.\"",
      "srcPage": 7,
      "srcSentenceEA": 5,
      "srcWordEA": 25,
      "character": "토순이,친구들,통통이,짝,나",
      "setting": null,
      "action": "둘러보다가,눈이 마주쳤어요",
      "feeling": "너랑 짝하고 싶지",
      "causalRelationship": null,
      "outcomeResolution": null,
      "prediction": null,
      "plotSummaryInfoCount": 1,
      "plotSummaryInfo": {
        "classification": "사회관계",
        "readAge": "초등_저학년",
        "form": "long-form",
        "plotSummaryText": "토순이는 친구들을 보다가 통통이는 안 된다고 생각하며 너랑 짝하고 싶다고 했어요.",
        "textWordEA": 11
      }
    },
    {
      "srcTextID": "93364",
      "srcText": "'으악, 어떡해!' 토순이는 토식이가 펼친 종이를 보고 그만 울상이 되었어요. 그 종이에는 '토순이'라고 쓰여 있었거든요.",
      "srcPage": 12,
      "srcSentenceEA": 4,
      "srcWordEA": 18,
      "character": "토순이,토식이,종이",
      "setting": null,
      "action": "펼친,보고",
      "feeling": null,
      "causalRelationship": "토순이는 토식이가 펼친 종이를 보고 그만 울상이 되었어요. 그 종이에는 '토순이'라고 쓰여 있었거든요.",
      "outcomeResolution": null,
      "prediction": null,
      "plotSummaryInfoCount": 1,
      "plotSummaryInfo": {
        "classification": "사회관계",
        "readAge": "초등_저학년",
        "form": "long-form",
        "plotSummaryText": "토식이가 펼친 종이에 토순이라고 쓰여 있어 토순이는 울상이 되었어요.",
        "textWordEA": 9
      }
    },
    {
      "srcTextID": "93363",
      "srcText": "\"선생님, 저랑 토식이가 또 짝이 되었어요. 바꿔 주세요!\" \"토순아, 토식이랑 한 달 동안 더 친해져 보렴. 짝을 바꾸고 싶은 친구들이 또 있을 텐데 너만 바꿔 줄 수 없구나.\"",
      "srcPage": 13,
      "srcSentenceEA": 4,
      "srcWordEA": 30,
      "character": "선생님,저,토식이,짝,친구들,너",
      "setting": "한 달 동안",
      "action": "바꿔,바꾸고",
      "feeling": null,
      "causalRelationship": null,
      "outcomeResolution": null,
      "prediction": null,
      "plotSummaryInfoCount": 1,
      "plotSummaryInfo": {
        "classification": "사회관계",
        "readAge": "초등_저학년",
        "form": "long-form",
        "plotSummaryText": "선생님께 토순이가 짝을 바꿔 달라고 하자 토식이랑 한 달 동안 더 친해져 보라며 너만 바꿔 줄 수 없다고 했어요.",
        "textWordEA": 19
      }
    },
    {
      "srcTextID": "93372",
      "srcText": "이럴 때는 어떻게 해야 할까요? 짝꿍이 마음에 안 들어요. 짝꿍이 마음에 들지 않는다고 내 맘에 맞게 만들 수는 없어요. 이럴 때에는 짝꿍이 나와 다른 점을 그대로 받아들이면 어떨까요?",
      "srcPage": 20,
      "srcSentenceEA": 4,
      "srcWordEA": 31,
      "character": "짝꿍,나",
      "setting": null,
      "action": "만들 수는,받아들이면",
      "feeling": "마음에 안 들어요,마음에 들지 않는다고",
      "causalRelationship": null,
      "outcomeResolution": null,
      "prediction": null,
      "plotSummaryInfoCount": 1,
      "plotSummaryInfo": {
        "classification": "사회관계",
        "readAge": "초등_저학년",
        "form": "long-form",
        "plotSummaryText": "짝꿍이 마음에 들지 않는다고 내 맘에 맞게 만들 수는 없으니, 이럴 때는 짝꿍이 나와 다른 점을 그대로 받아들이면 어떨까 생각해 봅니다.",
        "textWordEA": 21
      }
    },
    {
      "srcTextID": "93370",
      "srcText": "꼭 짝꿍을 하고 싶은 친구가 있어요. 알림장에 메모를 하거나 일기에 써 보세요. 선생님께서 답장을 써 주실 거예요. 지금 당장은 아니더라도 언젠가 짝꿍이 될지도 몰라요.",
      "srcPage": 22,
      "srcSentenceEA": 4,
      "srcWordEA": 27,
      "character": "짝꿍,친구,알림장,선생님,답장,일기",
      "setting": null,
      "action": "메모를 하거나,써 보세요,써 주실 거예요",
      "feeling": "짝꿍을 하고 싶은",
      "causalRelationship": null,
      "outcomeResolution": null,
      "prediction": null,
      "plotSummaryInfoCount": 1,
      "plotSummaryInfo": {
        "classification": "사회관계",
        "readAge": "초등_저학년",
        "form": "long-form",
        "plotSummaryText": "짝꿍을 하고 싶은 친구가 있다면 알림장에 메모를 하거나 일기를 써 놓으면 선생님께서 답장을 써 주실거예요.",
        "textWordEA": 15
      }
    },
    {
      "srcTextID": "93376",
      "srcText": "짝꿍이 수업 시간에 말을 시키고 자꾸만 괴롭혀요. 이런 짝꿍은 정말 곤란하겠지요? 짝꿍에게 수업 시간에 말이나 장난을 걸지 말라고 정확하게 말하세요. 그래도 안 되면 선생님께 조용히 말씀드려 도움을 청하세요.",
      "srcPage": 23,
      "srcSentenceEA": 4,
      "srcWordEA": 31,
      "character": "짝꿍,선생님",
      "setting": "수업 시간",
      "action": "말을 시키고,괴롭혀요,말이나 장난을 걸지 말라고,말하세요,말씀드려,도움을 청하세요",
      "feeling": null,
      "causalRelationship": null,
      "outcomeResolution": null,
      "prediction": null,
      "plotSummaryInfoCount": 1,
      "plotSummaryInfo": {
        "classification": "사회관계",
        "readAge": "초등_저학년",
        "form": "long-form",
        "plotSummaryText": "짝꿍이 수업 시간에 자꾸만 괴롭힌다면 장난을 치지 말라고 정확하게 말하고 조용히 선생님께 말씀을 드려요.",
        "textWordEA": 14
      }
    },
    {
      "srcTextID": "93383",
      "srcText": "\"누구보고 킹콩이래? 양양이 너 말조심해!\" \"땅콩, 너나 말조심해. 네 일도 아닌데 왜 끼어들어?\" 양양이는 곰곰이 편을 드는 줄냥이가 얄미웠어요.",
      "srcPage": 32,
      "srcSentenceEA": 5,
      "srcWordEA": 22,
      "character": "킹콩,양양이,너,땅콩,네,줄냥이",
      "setting": null,
      "action": "끼어들어,편을 드는",
      "feeling": "얄미웠어요",
      "causalRelationship": null,
      "outcomeResolution": null,
      "prediction": null,
      "plotSummaryInfoCount": 1,
      "plotSummaryInfo": {
        "classification": "사회관계",
        "readAge": "초등_저학년",
        "form": "long-form",
        "plotSummaryText": "양양이에게 말조심하라고 하자, 네일도 아닌데 끼어드냐고 말하는 양양이는 줄냥이가 곰곰이 편만 들어 얄미웠어요.",
        "textWordEA": 13
      }
    },
    {
      "srcTextID": "93385",
      "srcText": "'치! 둘이서 친하다고 같이 덤비네. 그럼 누가 기죽을 줄 알고?' 양양이가 화가 나서 씩씩거렸어요.",
      "srcPage": 33,
      "srcSentenceEA": 3,
      "srcWordEA": 17,
      "character": "양양이",
      "setting": null,
      "action": "덤비네,씩씩거렸어요",
      "feeling": "화가 나서",
      "causalRelationship": null,
      "outcomeResolution": null,
      "prediction": null,
      "plotSummaryInfoCount": 1,
      "plotSummaryInfo": {
        "classification": "사회관계",
        "readAge": "초등_저학년",
        "form": "short-form",
        "plotSummaryText": "둘이서 친하다고 같이 덤비자 양양이는 화가 나서 씩씩거렸어요.",
        "textWordEA": 8
      }
    },
    {
      "srcTextID": "93389",
      "srcText": "\"누가 제 별명을 부르면 놀리는 것 같아서 싫어요.\" 양양이 말에 줄냥이가 반대 의견을 발표했어요. 양양이 발표가 끝나자 곰곰이도 발표를 했지요.",
      "srcPage": 36,
      "srcSentenceEA": 3,
      "srcWordEA": 22,
      "character": "제,양양이,줄냥이,곰곰이",
      "setting": null,
      "action": "부르면,놀리는,발표했어요,발표를 했지요",
      "feeling": "싫어요",
      "causalRelationship": null,
      "outcomeResolution": null,
      "prediction": null,
      "plotSummaryInfoCount": 1,
      "plotSummaryInfo": {
        "classification": "사회관계",
        "readAge": "초등_저학년",
        "form": "short-form",
        "plotSummaryText": "양양이 말에 줄냥이는 누가 제 별명을 부르면 놀리는 것 같아 싫다고 발표하자 곰곰이도 이어 발표를 했어요.",
        "textWordEA": 16
      }
    },
    {
      "srcTextID": "93391",
      "srcText": "\"저는 친한 친구가 별명을 부르는 것은 괜찮아요. 하지만 친하지 않은 친구가 별명을 부르면 기분이 나빠요.\" 양양이는 줄냥이와 곰곰이의 말을 듣고 마음이 뜨끔했어요.",
      "srcPage": 37,
      "srcSentenceEA": 3,
      "srcWordEA": 24,
      "character": "저,친한 친구,친하지 않은 친구,양양이,줄냥이,곰곰이",
      "setting": null,
      "action": "부르는,부르면,듣고",
      "feeling": "괜찮아요,기분이 나빠요,마음이 뜨끔했어요",
      "causalRelationship": null,
      "outcomeResolution": null,
      "prediction": null,
      "plotSummaryInfoCount": 1,
      "plotSummaryInfo": {
        "classification": "사회관계",
        "readAge": "초등_저학년",
        "form": "short-form",
        "plotSummaryText": "저는 친한 친구가 부르는 별명은 괜찮지만 친하지 않은 친구가 부르면 기분이 나쁘다고 하자 양양이는 마음이 뜨끔했어요.",
        "textWordEA": 16
      }
    },
    {
      "srcTextID": "93390",
      "srcText": "\"대신, 친구의 좋은 점을 찾아 멋진 별명을 선물하는 게 어떨까?\" \"멋진 별명을 선물한다고요? 네, 좋아요.\" 아이들은 좋은 별명을 짓느라 속닥거렸어요.",
      "srcPage": 39,
      "srcSentenceEA": 4,
      "srcWordEA": 22,
      "character": "친구,아이들",
      "setting": null,
      "action": "찾아,선물하는,선물한다고요,별명을 짓느라,속닥거렸어요",
      "feeling": "좋아요",
      "causalRelationship": null,
      "outcomeResolution": null,
      "prediction": null,
      "plotSummaryInfoCount": 1,
      "plotSummaryInfo": {
        "classification": "사회관계",
        "readAge": "초등_저학년",
        "form": "long-form",
        "plotSummaryText": "친구의 좋은 점을 찾아 멋진 별명을 선물하면 좋겠다고 하자 아이들은 좋은 별명을 짓느라 속닥거렸어요.",
        "textWordEA": 14
      }
    },
    {
      "srcTextID": "93397",
      "srcText": "우선은 여러분이 사귀고 싶은 친구를 잘 관찰해 보세요. 그러면 친구의 성격이나 그 친구가 좋아하는 놀이, 그 친구와 친한 친구 등을 알 수 있을 거예요. 그런 다음, 나와 어떤 공통점이 있는지 살펴보세요. 게임을 좋아하면 게임에 대한 이야기를 먼저 건네고, 책 읽기를 좋아하면 내가 읽은 책을 빌려주거나 친구에게서 책을 빌려 보면 더욱 쉽게 친해질 수 있어요.",
      "srcPage": 43,
      "srcSentenceEA": 4,
      "srcWordEA": 57,
      "character": "여러분,친구,나,내,책",
      "setting": null,
      "action": "관찰해 보세요,살펴보세요,이야기를 먼저 건네고,읽은,빌려주거나,빌려 보면",
      "feeling": null,
      "causalRelationship": null,
      "outcomeResolution": null,
      "prediction": null,
      "plotSummaryInfoCount": 1,
      "plotSummaryInfo": {
        "classification": "사회관계",
        "readAge": "초등_저학년",
        "form": "long-form",
        "plotSummaryText": "사귀고 싶은 친구를 잘 관찰해 보면 친구의 성격이나 그 친구와 친한 친구 등을 알 수 있고  나와 어떤 공통점이 있는지 살펴보면서 책 읽기를 좋아하면 내가 읽은 책을 빌려주거나 친구에게서 책을 빌려 보면 더욱 쉽게 친해질 수 있습니다.",
        "textWordEA": 38
      }
    },
    {
      "srcTextID": "93395",
      "srcText": "셋째, 친구를 배려하고 양보할 줄 알아야 해요. 친구 사이에 하고 싶고, 갖고 싶은 것이 있을 때 다투지 말고 먼저 배려하고 양보하세요. 하지만 무조건 양보하거나 참지 말고 옳지 않다고 생각되는 것은 친구에게 충분히 설명하세요. 넷째, 친구를 험담하지 마세요. 다른 친구에게 친한 친구를 험담하기보다는 솔직하게 자신의 생각을 친구에게 말해요.",
      "srcPage": 46,
      "srcSentenceEA": 5,
      "srcWordEA": 51,
      "character": "친구",
      "setting": null,
      "action": "배려하고,양보할 줄 알아야 해요,다투지 말고,양보하세요,양보하거나,참지 말고,설명하세요,험담하지 마세요,말해요",
      "feeling": null,
      "causalRelationship": null,
      "outcomeResolution": null,
      "prediction": null,
      "plotSummaryInfoCount": 1,
      "plotSummaryInfo": {
        "classification": "사회관계",
        "readAge": "초등_저학년",
        "form": "long-form",
        "plotSummaryText": "친구 사이에 하고 싶고, 갖고 싶은 것이 있을 때는 먼저 배려하고 양보를 해야 하는데 무조건 양보하거나 참지 말고 옳지 않은 것은 친구에게 충분히 설명하세요.",
        "textWordEA": 24
      }
    },
    {
      "srcTextID": "93401",
      "srcText": "내 친구, 남팽준. \"오늘 우리 반에 전학을 온 새 친구 남팽준이다. 팽준이는 어려서 다리를 다쳐 걷는 게 조금 불편하니까 너희들이 팽준이를 많이 도와주거라.\"",
      "srcPage": 47,
      "srcSentenceEA": 3,
      "srcWordEA": 24,
      "character": "친구,남팽준,팽준이,너희들",
      "setting": "오늘,우리 반",
      "action": "걷는,도와주거라",
      "feeling": null,
      "causalRelationship": "팽준이는 어려서 다리를 다쳐 걷는 게 조금 불편하니까 너희들이 팽준이를 많이 도와주거라.",
      "outcomeResolution": null,
      "prediction": null,
      "plotSummaryInfoCount": 1,
      "plotSummaryInfo": {
        "classification": "사회관계",
        "readAge": "초등_저학년",
        "form": "short-form",
        "plotSummaryText": "오늘 우리 반에 다리를 다쳐 걷는 게 불편한 전학 온 새 친구를 많이 도와주라고 하셨어요.",
        "textWordEA": 15
      }
    },
    {
      "srcTextID": "93403",
      "srcText": "짝이 없던 팽규는 짝이 생겨서 신이 났어요. \"넌 수학을 잘하는구나. 난 잘 못하는데.\"",
      "srcPage": 49,
      "srcSentenceEA": 3,
      "srcWordEA": 14,
      "character": "짝,팽규",
      "setting": null,
      "action": null,
      "feeling": "신이 났어요",
      "causalRelationship": null,
      "outcomeResolution": null,
      "prediction": null,
      "plotSummaryInfoCount": 1,
      "plotSummaryInfo": {
        "classification": "사회관계",
        "readAge": "초등_저학년",
        "form": "short-form",
        "plotSummaryText": "짝이 없던 팽규는 짝이 생겨서 신이 났고 넌 수학을 잘하고 난 잘 못한다고 말했어요.",
        "textWordEA": 14
      }
    },
    {
      "srcTextID": "93407",
      "srcText": "그러고는 팽준이와 다정하게 식당으로 갔어요. \"팽준아, 맛있게 먹어.\" 팽규는 팽준이에게 급식을 들어다 주었어요. 팽준이는 미안해했지만 팽규는 마음이 뿌듯했어요.",
      "srcPage": 54,
      "srcSentenceEA": 4,
      "srcWordEA": 20,
      "character": "팽준이,식당,팽규,급식",
      "setting": null,
      "action": "갔어요,먹어,들어다 주었어요",
      "feeling": "미안해했지만,마음이 뿌듯했어요",
      "causalRelationship": null,
      "outcomeResolution": null,
      "prediction": null,
      "plotSummaryInfoCount": 1,
      "plotSummaryInfo": {
        "classification": "사회관계",
        "readAge": "초등_저학년",
        "form": "long-form",
        "plotSummaryText": "팽준이와 다정하게 식당으로 가서 팽규는 팽준이에게 급식을 들어다 주었고, 팽준이는 미안했지만 팽규는 마음이 뿌듯했습니다.",
        "textWordEA": 14
      }
    },
    {
      "srcTextID": "93408",
      "srcText": "\"팽준아, 우리 급식 다 먹고 얼음판에서 놀래?\" \"좋아, 재밌겠다!\" 급식을 먹고 난 뒤, 얼음판으로 향했어요. 팽규는 팽준이의 걷는 속도에 맞춰 천천히 걸었지요. 아이들이 또 팽규와 팽준이를 쳐다보며 수군거렸어요.",
      "srcPage": 55,
      "srcSentenceEA": 5,
      "srcWordEA": 31,
      "character": "팽준,우리,급식,팽규,팽준이,아이들,얼음판",
      "setting": null,
      "action": "먹고,놀래,걷는,걸었지요,쳐다보며,수군거렸어요,향했어요,맞춰",
      "feeling": "좋아",
      "causalRelationship": null,
      "outcomeResolution": null,
      "prediction": null,
      "plotSummaryInfoCount": 1,
      "plotSummaryInfo": {
        "classification": "사회관계",
        "readAge": "초등_저학년",
        "form": "long-form",
        "plotSummaryText": "급식을 먹고 난 뒤 얼음판으로 향했는데 팽규는 팽준이의 걷는 속도에 맞춰 천천히 걸었고 아이들이 또 팽규와 팽준이를 쳐다보며 수군거렸습니다.",
        "textWordEA": 19
      }
    }
  ]
}