{
  "title": "원광 법사",
  "author": "한국삐아제 편집부",
  "illustrator": "최양숙",
  "isbn": "9788954339506",
  "publishedYear": 2004,
  "publisher": "한국삐아제",
  "paragraphInfoCount": 16,
  "paragraphInfo": [
    {
      "srcTextID": "127782",
      "srcText": "“내 법사님을 쭉 지켜 봤는데 참으로 훌륭하더이다. 한 치의 흔들림 없이 밤낮으로 불법을 공부하고 덕을 쌓는 모습은 누구도 흉내 내기 힘들 것이오.” 부드럽게 말하던 노인의 얼굴이 갑자기 성난 빛으로 변했어요. “그런데 이웃 절에 있는 중은 법사님과는 영 딴판이오. 불공을 드린답시고 정성도 없이 시끄럽게 목탁만 두드리며 고래고래 소리를 질러 대니 산속의 동물들이 괴로워서 잠도 제대로 못 자는 지경이라오. 그러니 법사님이 가서 제발 그만두라고 전해 주시구려. 아니면 멀찌감치 다른 산으로 가든가.” “노인께서 직접 말씀해 보시지 그러십니까?” “내 말은 도통 듣지를 않으니 법사님께 부탁하는 것이 아니겠소?” “아무튼 제가 나설 문제는 아닌 것 같습니다. 같은 수행자 입장에서 시끄러우니 염불을 하지 말라고는 할 수 없는 게 아닙니까?” 원광 법사가 말했어요. “그럼 할 수 없군. 내 그 중을 살려 두지 않으리다.” 말을 마친 노인은 연기처럼 사라져 버렸어요.",
      "srcPage": 2,
      "srcSentenceEA": 15,
      "srcWordEA": 130,
      "character": "법사님,노인,동물들,수행자,원광 법사,얼굴,절,중,목탁,산",
      "setting": null,
      "action": "지켜 봤는데,공부하고,쌓는,흉내 내기,말하던,두드리며,못 자는,질러 대니,가서,전해 주시구려,가든가,말씀해,말했어요,듣지를 않으니,부탁하는,나설,사라져",
      "feeling": "성난,괴로워서",
      "causalRelationship": "불공을 드린답시고 정성도 없이 시끄럽게 목탁만 두드리며 고래고래 소리를 질러 대니 산속의 동물들이 괴로워서 잠도 제대로 못 자는 지경이라오.",
      "outcomeResolution": null,
      "prediction": null,
      "plotSummaryInfoCount": 1,
      "plotSummaryInfo": {
        "classification": "사회관계",
        "readAge": "초등_저학년",
        "form": "long-form",
        "plotSummaryText": "노인은 법사님에게 이웃 절에 있는 중이 불공을 드린답시고 정성도 없이 시끄럽게 목탁만 두드리며 소리를 질러 대니 산속의 동물들이 괴로워서 잠도 제대로 못 자는 지경이라 그만두거나 다른 산으로 가라고 전해 달라고 부탁했고, 원광 법사는 자신이 나설 문제가 아니라며 같은 수행자 입장에서 시끄러우니 염불을 하지 말라고는 할 수 없다고 했습니다.",
        "textWordEA": 48
      }
    },
    {
      "srcTextID": "127781",
      "srcText": "원광 법사는 백성들의 존경을 한 몸에 받았던 신라의 고승이에요. 원광 법사는 어릴 때부터 총명해서 사람들의 기대를 받았지만, 벼슬을 하는 것보다 부처님의 제자가 되어 마음을 닦는 것이 더 중요하다고 생각했어요. 그래서 스무 살 때 절에 들어가 스님이 되었답니다. 하루는 열심히 불법 공부를 하고 있는데 누군가 부르는 소리가 들렸어요.밖으로 나가 사방을 둘러보았지만 아무도 보이지 않았어요. “어허, 내가 헛소리를 들었나 보군!” 원광 법사가 다시 법당으로 들어가려 할 때였어요. “하하하! 여기요. 여기!” 그 소리는 법당 앞 나무 위에서 들려왔지요. 고개를 들어 올려다보니, 나무 위에 하얀 수염을 기르고 도포를 입은 노인이 앉아 있는 것이었어요. “아니, 누구십니까?” “나는 이 산을 지키는 산신령이라오.” 노인은 하얀 수염을 바람결에 휘날리며 말했어요.",
      "srcPage": 1,
      "srcSentenceEA": 14,
      "srcWordEA": 112,
      "character": "원광 법사,백성들,고승,제자,부처님,스님,나무,노인,사람들,절,하얀 수염,도포,산,산신령,고개",
      "setting": "신라,법당",
      "action": "받았던,받았지만,닦는,벼슬을 하는,들어가,들렸어요,나가,둘러보았지만,들었나 보군,들어,올려다보니,입은,말했어요,공부를 하고,들어가려 할,들려왔지요,앉아,지키는,휘날리며",
      "feeling": null,
      "causalRelationship": "벼슬을 하는 것보다 부처님의 제자가 되어 마음을 닦는 것이 더 중요하다고 생각했어요. 그래서 스무 살 때 절에 들어가 스님이 되었답니다",
      "outcomeResolution": null,
      "prediction": null,
      "plotSummaryInfoCount": 1,
      "plotSummaryInfo": {
        "classification": "사회관계",
        "readAge": "초등_저학년",
        "form": "long-form",
        "plotSummaryText": "백성들의 존경을 한 몸에 받았던 신라의 고승 원광 법사는 스무 살 때 절에 들어가 스님이 되었는데, 하루는 불법 공부를 하고 있다가 누군가 부르는 소리가 들려 밖으로 나가 둘러보았지만 아무도 보이지 않아서 다시 들어가려 할 때 법당 앞 나무 위에 하얀 수염을 기르고 도포를 입은 노인이 앉아 자기는 이 산을 지키는 산신령이라고 말했습니다.",
        "textWordEA": 52
      }
    },
    {
      "srcTextID": "127794",
      "srcText": "수나라 장수는 원광 법사를 보더니 서둘러 말에서 내려 공손하게 절을 했어요. “원광 법사님! 훌륭하신 분을 몰라 뵙고 큰 실수를 저질렀습니다. 부디 용서해 주십시오.” “어젯밤 막사에서 잠깐 잠이 들었는데 꿈 속에서 저희 수나라 군사들에게 묶여 있는 원광 법사님의 모습을 보았습니다. 그때 갑자기 한 노인이 나타나더니 원광 법사님을 구하라고 하더군요. 앞으로 큰일을 하실 분이니 절대 다치게 해서는 안 된다고 하였습니다.” 묵묵히 수나라 장수의 이야기에 귀를 기울이고 있던 원광 법사는 노인에 대한 고마움과 그리움으로 왈칵 목이 메는 것 같았어요. “노인이 나를 잊지 않고 도와주었구나.” 원광 법사는 마음속으로 노인에게 감사를 드렸어요.",
      "srcPage": 14,
      "srcSentenceEA": 10,
      "srcWordEA": 93,
      "character": "수나라 장수,원광 법사,노인,말,막사,수나라 군사들",
      "setting": "어젯밤,막사에서",
      "action": "보더니,내려,절을 했어요,보았습니다,구하라고,다치게 해서는,도와주었구나,묶여 있는",
      "feeling": "고마움,그리움",
      "causalRelationship": null,
      "outcomeResolution": null,
      "prediction": "노인이 나를 잊지 않고 도와주었구나.",
      "plotSummaryInfoCount": 1,
      "plotSummaryInfo": {
        "classification": "사회관계",
        "readAge": "초등_저학년",
        "form": "long-form",
        "plotSummaryText": "수나라 장수는 꿈 속에 한 노인이 나타나 수나라 군사들에게 묶여 있는 원광 법사님을 구하고 앞으로 큰일을 하실 분이니 다치게 해서는 안 된다고 하였다며 공손하게 절을 했고, 원광 법사는 잊지 않고 자기를 도와준 노인에 대한 고마움과 그리움으로 왈칵 목이 메는 것 같아 마음속으로 감사를 드렸습니다.",
        "textWordEA": 44
      }
    },
    {
      "srcTextID": "127796",
      "srcText": "다음 날 아침, 원광 법사는 근처에서 제일 오래된 나무 밑으로 갔어요. 나무 주위를 살피던 원광 법사는 깜짝 놀라 걸음을 멈추었지요. 나무 밑에 여우 한 마리가 죽어 있었거든요. ‘아! 노인은 정말 여우였구나. 그런데도 사람인 나를 미워하지 않고 도와주다니!’ 원광 법사는 여우의 시체를 깨끗이 씻긴 다음 정성스럽게 짠 관에 넣어 고이 묻어 주었어요. 원광 법사는 진평왕의 부름을 받고 대궐로 들어갔어요. 진평왕은 원광 법사를 나라의 스승인 국통으로 임명했지요. “그대의 뛰어난 덕으로 우리 신라 사람들을 잘 이끌어 주길 바라오.” 국통이 된 원광 법사는 신라 불교의 발전을 위해 노력하다가 99살의 나이로 황룡사에서 숨을 거두었어요. 신라를 대표하는 스님으로 사람들의 칭송을 받은 원광 법사는 너그럽고 따뜻한 성품으로 여우를 감동시키고 결국 여우의 도움으로 고승이 되었답니다.",
      "srcPage": 16,
      "srcSentenceEA": 12,
      "srcWordEA": 117,
      "character": "원광 법사,여우,관,진평왕,신라 사람들,나무,노인,사람,시체,스승,국통,황룡사,스님,사람들",
      "setting": "다음 날 아침,나무 밑,대궐",
      "action": "갔어요,살피던,멈추었지요,도와주다니,씻긴,넣어,묻어 주었어요,들어갔어요,이끌어 주길,부름을 받고",
      "feeling": "놀라,미워하지",
      "causalRelationship": null,
      "outcomeResolution": "신라를 대표하는 스님으로 사람들의 칭송을 받은 원광 법사는 너그럽고 따뜻한 성품으로 여우를 감동시키고 결국 여우의 도움으로 고승이 되었답니다.",
      "prediction": null,
      "plotSummaryInfoCount": 1,
      "plotSummaryInfo": {
        "classification": "사회관계",
        "readAge": "초등_저학년",
        "form": "long-form",
        "plotSummaryText": "다음 날 아침 원광 법사가 근처에서 제일 오래된 나무 밑으로 가서 죽어 있는 여우를 보고 깜짝 놀라 노인은 정말 여우였는데 사람인 자신을 미워하지 않고 도와주었다며 고이 묻어 주었고, 진평왕의 부름을 받아 대궐로 들어가서 국통으로 임명되어 신라 불교의 발전을 위해 노력하다가 99살에 황룡사에서 숨을 거두었습니다.",
        "textWordEA": 44
      }
    },
    {
      "srcTextID": "127789",
      "srcText": "노인이 씁쓸한 표정을 짓고 있는 원광 법사의 어깨를 두드리며 말했어요. “내가 법사님을 안전하게 안내하겠소. 내가 인도하는 대로 따라오면 고구려 군사와 마주치지 않고 무사히 진나라에 도착할 수 있을 것이오.” “도대체 무슨 방법으로 그리 한단 말입니까?” “내가 낮에는 나비가 되고 밤에는 반딧불이가 되어 법사님을 인도할 테니 믿고 따라오시오.” 말이 끝남과 동시에 노인의 모습은 온데간데없고 크고 하얀 나비 한 마리가 나타났어요. 나비는 어서 가자는 듯 원광 법사에게 팔랑팔랑 날갯짓을 했어요. 원광 법사는 서둘러 등짐을 챙겨 메고 나비를 따라 나섰지요.",
      "srcPage": 9,
      "srcSentenceEA": 8,
      "srcWordEA": 80,
      "character": "노인,원광 법사,법사님,고구려 군사,나비,반딧불이,어깨,진나라,등짐",
      "setting": null,
      "action": "두드리며,말했어요,안내하겠소,인도하는,따라오면,마주치지,도착할,나타났어요,가자는,날갯짓을 했어요,챙겨 메고,따라 나섰지요,따라오시오",
      "feeling": null,
      "causalRelationship": null,
      "outcomeResolution": "원광 법사는 서둘러 등짐을 챙겨 메고 나비를 따라 나섰지요.",
      "prediction": null,
      "plotSummaryInfoCount": 1,
      "plotSummaryInfo": {
        "classification": "사회관계",
        "readAge": "초등_저학년",
        "form": "long-form",
        "plotSummaryText": "노인은 씁쓸한 표정을 짓고 있는 원광 법사의 어깨를 두드리며 자신이 낮에는 나비가 되고 밤에는 반딧불이가 되어 길을 인도할 테니 따라오라고 말하면서 나비로 변했고, 원광 법사는 등짐을 챙겨 메고 나비를 따라 나섰습니다.",
        "textWordEA": 31
      }
    },
    {
      "srcTextID": "127786",
      "srcText": "다음 날 아침, 원광 법사는 무너진 절터로 가 보았어요. 노인에게서 들은 이야기가 자꾸 마음에 걸렸기 때문이지요. 흙더미를 파헤쳐 보니 부엌이 있던 자리에서 커다란 무쇠솥이 나왔어요. 솥뚜껑을 열어 본 순간 원광 법사는 놀라움에 숨이 막히는 듯했어요. 솥 안에 노루와 고라니가 반쯤 익은 채 들어 있었던 거예요. 이번에는 헛간 쪽으로 가 보았어요. 흙더미를 치우자 곰 가죽과 여우 가죽 따위가 잔뜩 쏟아져 나왔어요. ‘아, 노인의 말이 사실이었구나.’ 원광 법사는 노인에게 미안한 생각이 들었어요.",
      "srcPage": 7,
      "srcSentenceEA": 9,
      "srcWordEA": 78,
      "character": "원광 법사,노인,무쇠솥,노루,고라니,곰,여우,흙더미,부엌,솥뚜껑,솥,헛간,곰 가죽,여우 가죽",
      "setting": "다음 날 아침,무너진 절터",
      "action": "무너진,가 보았어요,파헤쳐,열어,치우자,나왔어요,익은,들어 있었던,쏟아져",
      "feeling": "놀라움에,미안한",
      "causalRelationship": null,
      "outcomeResolution": null,
      "prediction": null,
      "plotSummaryInfoCount": 1,
      "plotSummaryInfo": {
        "classification": "사회관계",
        "readAge": "초등_저학년",
        "form": "long-form",
        "plotSummaryText": "원광 법사는 노인에게서 들은 이야기가 마음에 걸려 다음 날 아침에 무너진 절터로 가서 흙더미를 파헤쳐 보고 곰 가죽과 여우 가죽이 잔뜩 쏟아져 나온 것을 본 뒤 노인의 말이 사실인 줄 알고 미안한 생각이 들었습니다.",
        "textWordEA": 34
      }
    },
    {
      "srcTextID": "127788",
      "srcText": "그날 밤, 노인이 다시 나타났어요. 원광 법사는 노인 앞에 무릎을 꿇고 용서를 빌었지요. “제가 오해했습니다. 용서하십시오.” 그러자 노인은 빙그레 웃으며 말했어요. “아니오. 상대가 형편없이 나쁜 사람일지라도 끝까지 감싸려는 법사님의 자비로운 마음에 무척 감동했소. 법사님 같은 분이 넓은 세상으로 나가서 부처님의 진리를 더 공부하고 온다면 우리 신라에 많은 도움이 될 텐데.” 그것은 원광 법사도 바라는 일이었어요. 당시에는 스님이라면 누구나 중국 진나라로 유학을 가고 싶어 했지요. 진나라에는 유명한 절이 많고 훌륭한 스님도 많았기 때문에 여러 나라에서 스님들이 불법을 공부하기 위해 모여들고 있었거든요. 하지만 진나라까지 가려면 만만치 않은 여비가 필요했어요. 게다가 신라에서 진나라로 가려면 적국인 고구려 땅을 지나야 했는데, 설령 고구려 땅을 안전하게 지날 수 있다 하더라도 바다에서 왜구를 만나 목숨을 잃기 일쑤였지요.",
      "srcPage": 8,
      "srcSentenceEA": 12,
      "srcWordEA": 120,
      "character": "노인,원광 법사,법사님,부처님,무릎,사람,스님,중국 진나라,진나라,절,고구려 땅,바다,왜구",
      "setting": "그날 밤,신라",
      "action": "나타났어요,무릎을 꿇고,웃으며,말했어요,공부하고 온다면,가고,지나야",
      "feeling": null,
      "causalRelationship": "진나라에는 유명한 절이 많고 훌륭한 스님도 많았기 때문에 여러 나라에서 스님들이 불법을 공부하기 위해 모여들고 있었거든요.",
      "outcomeResolution": null,
      "prediction": null,
      "plotSummaryInfoCount": 1,
      "plotSummaryInfo": {
        "classification": "사회관계",
        "readAge": "초등_저학년",
        "form": "long-form",
        "plotSummaryText": "그날 밤 다시 나타난 노인에게 원광 법사가 용서를 빌자 노인은 나쁜 사람일지라도 감싸려는 자비로운 마음에 감동했다며 넓은 세상으로 나가서 부처님의 진리를 더 공부하고 온다면 신라에 많은 도움이 되리라고 했고, 원광 법사도 유명한 절이 많고 훌륭한 스님도 많았던 중국 진나라로 가고 싶어 했지만 만만치 않은 여비와 안전하게 지나야 하는 문제가 있었습니다.",
        "textWordEA": 50
      }
    },
    {
      "srcTextID": "127785",
      "srcText": "바로 그때였어요. 꽈르릉! 꽈르르릉! 갑자기 산자락 뒤에서 벼락이 내리쳤어요. 엄청난 소리와 함께 문짝이 덜그럭거리고, 법당 마룻바닥이 덜컹거리면서 무언가 무너져 내리는 듯한 강한 떨림이 온몸으로 전해져 왔어요. ‘아니, 이건 또 무슨 일이란 말인가?’ 원광 법사는 부리나케 법당 밖으로 나가 보았어요. ‘아무래도 심상치 않아! 필시 그 스님에게 무슨 일이 생긴 것이야. 어서 찾아가 봐야겠다!’ 원광 법사는 바로 길을 나섰어요. 이웃 절에 도착한 원광 법사는 눈 앞에 펼쳐진 광경에 눈이 휘둥그레졌어요. 절이 무너진 뒷산 흙더미에 완전히 뒤덮여 버린 것이었지요. 흙더미 사이로 팔 하나가 삐죽 나와 있는 것이 보였어요. 바로 이웃 절에 살던 중이었어요. 중은 흙더미에 깔려 이미 숨을 거둔 상태였지요.",
      "srcPage": 5,
      "srcSentenceEA": 16,
      "srcWordEA": 112,
      "character": "문짝,마룻바닥,원광 법사,그 스님,중,벼락,절,흙더미,팔",
      "setting": "법당,이웃 절",
      "action": "나가 보았어요,찾아가,도착한,나섰어요,벼락이 내리쳤어요,일이 생긴 것이야,뒤덮여 버린 것이었지요,보였어요,흙더미에 깔려",
      "feeling": null,
      "causalRelationship": null,
      "outcomeResolution": "중은 흙더미에 깔려 이미 숨을 거둔 상태였지요.",
      "prediction": null,
      "plotSummaryInfoCount": 1,
      "plotSummaryInfo": {
        "classification": "사회관계",
        "readAge": "초등_저학년",
        "form": "long-form",
        "plotSummaryText": "그때 갑자기 산자락 뒤에서 벼락이 내리쳤고, 그 스님에게 무슨 일이 생긴 거라고 생각한 원광 법사는 길을 나서 이웃 절에 도착했는데, 무너진 흙더미에 절과 중이 뒤덮여 깔려서 중은 숨을 거둔 상태였습니다.",
        "textWordEA": 30
      }
    },
    {
      "srcTextID": "127787",
      "srcText": "원광 법사가 절로 돌아오자 노인이 기다리고 있었어요. 노인을 보는 순간 원광 법사는 화가 치밀었어요. “산신령이라는 분이 사람을 그렇게 함부로 죽여도 되는 겁니까?” 원광 법사가 따져 묻자 노인이 씁쓸한 얼굴로 대답했어요. “그 중은 계율을 지키기 싫어 산속으로 도망쳐 들어와 닥치는 대로 짐승을 잡아먹었다오. 벌을 받아 마땅하지요.” 하지만 원광 법사는 여전히 노인을 노려보았어요. “나는 그 말을 믿지 않습니다. 당신은 산신령이 아니라 3천 년 묵은 여우임에 틀림없소.” 그러자 노인은 슬픈 얼굴로 사라져 버렸답니다.",
      "srcPage": 6,
      "srcSentenceEA": 10,
      "srcWordEA": 76,
      "character": "원광 법사,노인,산신령,사람,짐승,여우,얼굴,중",
      "setting": "절",
      "action": "돌아오자,기다리고,보는,죽여도,따져 묻자,대답했어요,지키기,도망쳐,들어와,잡아먹었다오,받아,노려보았어요,사라져",
      "feeling": "화가 치밀었어요,슬픈",
      "causalRelationship": null,
      "outcomeResolution": "그러자 노인은 슬픈 얼굴로 사라져 버렸답니다.",
      "prediction": null,
      "plotSummaryInfoCount": 1,
      "plotSummaryInfo": {
        "classification": "사회관계",
        "readAge": "초등_저학년",
        "form": "long-form",
        "plotSummaryText": "절로 돌아온 원광 법사가 노인을 보고 화가 치밀어서 산신령이라는 분이 사람을 함부로 죽여도 되냐고 따져 묻자 계율을 지키기 싫어 산속으로 도망쳐 들어와 닥치는 대로 짐승을 잡아먹었으니 그 중은 벌을 받아 마땅하다고 했고, 원광 법사가 노인을 노려보며 믿지 않는다고 하니 노인은 슬픈 얼굴로 사라져 버렸습니다.",
        "textWordEA": 44
      }
    },
    {
      "srcTextID": "127793",
      "srcText": "“말로 해서는 안 되겠군.” 수나라 군사들이 잔인하게 웃더니 절 마당에 차곡차곡 장작을 쌓고 그 위에 기름을 부었어요. “진나라 피난민들이 있는 곳을 말하지 않으면 너를 태워 죽이겠다.” “나 한 사람 죽어 죄 없는 사람들의 목숨을 구할 수 있다면 몇 번이라도 기꺼이 죽겠소.” 그때였어요. 요란한 말발굽 소리와 함께 수나라 장수 한 명이 절 마당으로 들어섰고, 수나라 군사들은 깜짝 놀라 무릎을 꿇었지요.",
      "srcPage": 13,
      "srcSentenceEA": 6,
      "srcWordEA": 62,
      "character": "수나라 군사들,장작,진나라 피난민들,사람들,기름,사람,수나라 장수",
      "setting": "절 마당",
      "action": "웃더니,쌓고,부었어요,말하지,태워 죽이겠다,죽어,구할,들어섰고,꿇었지요",
      "feeling": "깜짝 놀라",
      "causalRelationship": null,
      "outcomeResolution": "요란한 말발굽 소리와 함께 수나라 장수 한 명이 절 마당으로 들어섰고, 수나라 군사들은 깜짝 놀라 무릎을 꿇었지요.",
      "prediction": null,
      "plotSummaryInfoCount": 1,
      "plotSummaryInfo": {
        "classification": "사회관계",
        "readAge": "초등_저학년",
        "form": "long-form",
        "plotSummaryText": "진나라 피난민들이 있는 곳을 말하지 않으면 태워 죽이겠다며 수나라 군사들이 절 마당에 장작을 쌓고 그 위에 기름을 부었을 때, 수나라 장수 한 명이 말을 타고 절 마당으로 들어서자 수나라 군사들은 깜짝 놀라 무릎을 꿇었습니다.",
        "textWordEA": 34
      }
    },
    {
      "srcTextID": "127784",
      "srcText": "그날 밤, 노인이 또 원광 법사를 찾아왔어요. “내 말을 전하셨는지요? 그래, 뭐라고 하던가요?” 원광 법사는 시치미를 떼며 대답했어요. “저는 그 스님을 만나지 않았습니다.” “허허허, 내 벌써 다 알고 왔는데 어찌 거짓말을 하시오? 두고 보시오. 그 중은 오늘 밤을 넘기지 못할 테니!” 말을 마친 노인은 껄껄대며 웃었지요. “아니, 염불을 좀 시끄럽게 한다고 하여 어찌 사람을 해친단 말입니까? 노인은 산신령이라 하셨으니 너그러운 마음으로 이해해 주시지요.” 원광 법사가 간청해 보았지만 아무 소용이 없었어요. “나는 한다면 하고야 맙니다. 이제 법사님이 아무리 사정한다 해도 듣지 않을 것이오!” 노인은 호통을 치더니 또다시 연기처럼 사라져 버렸어요. ‘별 이상한 노인이 다 있군. 어제 그 스님의 말로는 여우가 둔갑을 한 거라고 했는데, 도무지 누구 말이 맞는지 알 수가 없군. 어쨌든 그 스님이 무사하기를 바라는 수밖에.’",
      "srcPage": 4,
      "srcSentenceEA": 18,
      "srcWordEA": 128,
      "character": "노인,원광 법사,그 스님,중,사람,산신령,여우",
      "setting": "그날 밤,오늘 밤,어제",
      "action": "찾아왔어요,전하셨는지요,대답했어요,왔는데,말을 마친,웃었지요,호통을 치더니,사라져,말로는,만나지 않았습니다,거짓말을 하시오,사람을 해친단,둔갑을 한,만나지,넘기지,듣지,한다면 합니다,간청해",
      "feeling": "너그러운,이상한",
      "causalRelationship": null,
      "outcomeResolution": null,
      "prediction": null,
      "plotSummaryInfoCount": 1,
      "plotSummaryInfo": {
        "classification": "사회관계",
        "readAge": "초등_저학년",
        "form": "long-form",
        "plotSummaryText": "그날 밤 노인이 또 원광 법사를 찾아와서 말을 전했는지 묻자 원광 법사가 만나지 않았다고 했지만 노인은 다 알고 왔는데 거짓말을 한다면서 그 중은 오늘 밤을 넘기지 못할 것이라며 사라져 버렸고, 원광 법사는 누구 말이 맞는지 알 수가 없어도 어쨌든 그 스님이 무사하기를 바라는 수밖에 없다고 생각했습니다.",
        "textWordEA": 46
      }
    },
    {
      "srcTextID": "127791",
      "srcText": "그렇게 몇 년의 세월이 흐른 뒤 어느 날, 중국 땅 전체가 전쟁에 휩싸이게 되었어요. 중국을 통일하려는 수나라가 진나라로 쳐들어왔던 거예요. 전쟁이 일어나자 다른 나라에서 온 스님들은 앞 다투어 고국으로 돌아갔지만 원광 법사는 차마 그럴 수가 없었어요. “십수 년을 함께 보낸 이 나라 사람들을 버리고 나 혼자 돌아갈 수는 없어.” 원광 법사는 장엄사를 지키며 두려움에 떠는 진나라 사람들을 위로해 주었어요. 그리고 하루빨리 중국 땅에 평화가 깃들기를 부처님께 빌었지요.",
      "srcPage": 11,
      "srcSentenceEA": 6,
      "srcWordEA": 71,
      "character": "스님들,원광 법사,사람들,부처님",
      "setting": "중국,수나라,장엄사,진나라",
      "action": "흐른,휩싸이게,통일하려는,쳐들어왔던,일어나자,온,돌아갔지만,버리고,돌아갈,지키며,떠는,빌었지요",
      "feeling": "두려움",
      "causalRelationship": "그렇게 몇 년의 세월이 흐른 뒤 어느 날, 중국 땅 전체가 전쟁에 휩싸이게 되었어요. 중국을 통일하려는 수나라가 진나라로 쳐들어왔던 거예요.",
      "outcomeResolution": null,
      "prediction": null,
      "plotSummaryInfoCount": 1,
      "plotSummaryInfo": {
        "classification": "사회관계",
        "readAge": "초등_저학년",
        "form": "long-form",
        "plotSummaryText": "몇 년의 세월이 흐르고 수나라가 진나라로 쳐들어오면서 전쟁이 일어나자, 고국으로 돌아간 다른 스님들과는 달리 원광 법사는 장엄사를 지키며 두려움에 떠는 진나라 사람들을 위로해 주며 중국 땅에 평화가 깃들기를 부처님께 빌었습니다.",
        "textWordEA": 30
      }
    },
    {
      "srcTextID": "127792",
      "srcText": "장엄사에도 수나라 군사들이 쳐들어왔어요. 피난민들이 많이 숨어 있다는 소문을 들었기 때문이지요. 수나라 군사들이 올 것을 미리 눈치챈 원광 법사는 산속에 비밀 동굴을 만들어 진나라 사람들을 숨겨 놓고 홀로 절을 지키고 있었어요. “당장 진나라 피난민들이 숨어 있는 곳을 대라!” 수나라 군사가 원광 법사의 목에 칼을 대고 협박했어요. “나는 모르는 일이오.” 원광 법사는 당황해하는 기색 하나 없이 침착하게 대꾸했어요.",
      "srcPage": 12,
      "srcSentenceEA": 7,
      "srcWordEA": 61,
      "character": "수나라 군사들,피난민들,원광 법사,산,비밀 동굴,진나라 사람들,절,진나라 피난민들,수나라 군사,목,칼",
      "setting": "장엄사",
      "action": "쳐들어왔어요,올,협박했어요,대꾸했어요",
      "feeling": "당황해하는",
      "causalRelationship": "장엄사에도 수나라 군사들이 쳐들어왔어요. 피난민들이 많이 숨어 있다는 소문을 들었기 때문이지요.",
      "outcomeResolution": null,
      "prediction": null,
      "plotSummaryInfoCount": 1,
      "plotSummaryInfo": {
        "classification": "사회관계",
        "readAge": "초등_저학년",
        "form": "long-form",
        "plotSummaryText": "수나라 군사들이 장엄사에 피난민들이 숨어 있다는 소문을 듣고 쳐들어오는 것을 미리 눈치챈 원광 법사는 산속에 비밀 동굴을 만들어 진나라 사람들을 숨겨 놓고 홀로 절을 지키고 있었으며, 진나라 피난민들이 숨어 있는 곳을 대라며 칼로 협박하는 수나라 군사에게 당황해하는 기색 없이 모른다고 대꾸했습니다.",
        "textWordEA": 41
      }
    },
    {
      "srcTextID": "127790",
      "srcText": "하얀 나비는 험한 산속에서도 용케 좋은 길을 찾아냈어요. 밤이면 반딧불이가 어두운 밤길을 환히 밝혀 주고 동굴로 안내해 지친 원광 법사를 쉬게 해 주었지요. 이윽고 원광 법사는 고구려와 진나라의 경계를 이루는 곳에 이르렀어요. 그러자 나비는 할 일을 다했다는 듯 어디론가 사라지더니 다시는 나타나지 않았어요. 노인의 도움으로 진나라에 도착한 원광 법사는 11년 동안 부처님의 가르침을 공부하고 깨달음을 얻어 장엄사라는 절에서 설법을 시작했어요. 그러자 부처님의 진리를 쉽고 재미있게 가르쳐 주는 스님이 나타났다는 소문이 진나라 곳곳으로 금세 쫙 퍼졌어요. 진나라 사람들은 너도나도 원광 법사의 가르침을 듣기 위해 장엄사를 찾았지요.",
      "srcPage": 10,
      "srcSentenceEA": 7,
      "srcWordEA": 91,
      "character": "하얀 나비,반딧불이,원광 법사,진나라 사람들,동굴,고구려,노인,부처님,절,스님",
      "setting": "산속,진나라,장엄사,밤,11년",
      "action": "찾아냈어요,밝혀 주고,안내해,쉬게 해 주었지요,이루는,이르렀어요,다했다는,사라지더니,나타나지,도착한,공부하고,시작했어요,가르쳐 주는,나타났다는,찾았지요,퍼졌어요",
      "feeling": null,
      "causalRelationship": null,
      "outcomeResolution": null,
      "prediction": null,
      "plotSummaryInfoCount": 1,
      "plotSummaryInfo": {
        "classification": "사회관계",
        "readAge": "초등_저학년",
        "form": "long-form",
        "plotSummaryText": " 험한 산속에서도 길을 찾아낸 하얀 나비와 어두운 밤길을 환히 밝혀 준 반딧불이의 도움을 받으며 진나라에 도착한 원광 법사는 11년 동안 부처님의 가르침을 공부하고 깨달음을 얻어 장엄사라는 절에서 설법을 시작했고, 부처님의 진리를 쉽고 재미있게 가르쳐 주는 스님이 나타났다는 소문이 퍼져서 진나라 사람들은 원광 법사의 가르침을 듣기 위해 장엄사를 찾았습니다.",
        "textWordEA": 48
      }
    },
    {
      "srcTextID": "127795",
      "srcText": "신라로 돌아온 원광 법사는 예전에 수행을 하던 절로 노인을 찾아갔어요. 노인을 만난 원광 법사는 공손히 합장을 하며 말했지요. “신령님 덕분에 무사히 공부를 마치고 위험한 전쟁 중에도 목숨을 건졌습니다.” 노인이 웃으며 대답했어요. “법사님은 내 스승이오. 법사님을 만난 후로 나도 따뜻한 마음을 가지려고 노력했다오. 어떤 일에도 성내지 않고 누구에게도 벌을 주지 않았소. 이제 나도 죄를 씻고 사람으로 다시 태어날 수 있을 것 같소.” “사람으로 태어나신다니 그게 무슨 말씀이신지요?” 그러자 노인이 말했어요. “나는 오늘 목숨이 다할 것이오. 그래서 마지막으로 법사님을 보러 온 것이오. 내일 아침 일찍 이 근처에서 제일 오래된 나무 밑으로 오시오. 그러면 나의 진짜 모습을 볼 수 있을 것이오.” 말을 마친 노인은 조용히 사라졌어요.",
      "srcPage": 15,
      "srcSentenceEA": 15,
      "srcWordEA": 113,
      "character": "원광 법사,노인,신령님,법사님,스승,사람,나무",
      "setting": "신라,절",
      "action": "돌아온,찾아갔어요,만난,합장을 하며,말했지요,웃으며,대답했어요,태어날,씻고,사라졌어요,오시오,볼,벌을 주지 않았소,말했어요,보러 온",
      "feeling": "성내지,따뜻한",
      "causalRelationship": "법사님은 내 스승이오. 법사님을 만난 후로 나도 따뜻한 마음을 가지려고 노력했다오. 어떤 일에도 성내지 않고 누구에게도 벌을 주지 않았소. 이제 나도 죄를 씻고 사람으로 다시 태어날 수 있을 것 같소.",
      "outcomeResolution": null,
      "prediction": null,
      "plotSummaryInfoCount": 1,
      "plotSummaryInfo": {
        "classification": "사회관계",
        "readAge": "초등_저학년",
        "form": "long-form",
        "plotSummaryText": "신라로 돌아온 원광 법사가 예전에 수행을 하던 절로 노인을 찾아가서 인사를 드리자, 노인은 법사님은 스승이라면서 법사님을 만난 후로 죄를 씻고 사람으로 다시 태어날 수 있을 것 같다며 오늘 목숨이 다할 것이니 내일 아침 일찍 근처에서 제일 오래된 나무 밑으로 오면 진짜 모습을 볼 수 있을 것이라 말하고 사라졌습니다.",
        "textWordEA": 48
      }
    },
    {
      "srcTextID": "127783",
      "srcText": "원광 법사는 노인의 마지막 말이 마음에 걸렸어요. 그래서 이웃 절로 찾아가 노인의 이야기를 전했지요. “아무래도 다른 곳으로 옮기시는 게 좋을 듯합니다. 그렇지 않으면 언제 무슨 화를 입을지 모를 일입니다.” 그러자 중은 불같이 화를 내며 큰 소리로 말했어요. “스님은 어째서 요망한 여우에게 홀려 쓸데없는 말을 하고 다니는 게요?” “여우라니요?” “허, 그 노인은 산신령이 아니라 여우가 둔갑한 것이오. 불법을 공부하는 스님이 어찌 그것도 모른단 말이오? 아무튼 말씀 대로는 할 수 없으니 당장 돌아가시오!” 이웃 절의 중이 걱정되어 찾아갔던 원광 법사는 무안만 당한 채 돌아오고 말았지요.",
      "srcPage": 3,
      "srcSentenceEA": 10,
      "srcWordEA": 89,
      "character": "원광 법사,노인,스님,여우,산신령,중",
      "setting": "이웃 절",
      "action": "전했지요,옮기시는,말했어요,하고 다니는,둔갑한,돌아가시오,찾아갔던,돌아오고",
      "feeling": "걱정되어,화를 내며",
      "causalRelationship": "원광 법사는 노인의 마지막 말이 마음에 걸렸어요. 그래서 이웃 절로 찾아가 노인의 이야기를 전했지요.",
      "outcomeResolution": null,
      "prediction": null,
      "plotSummaryInfoCount": 1,
      "plotSummaryInfo": {
        "classification": "사회관계",
        "readAge": "초등_저학년",
        "form": "long-form",
        "plotSummaryText": "노인의 마지막 말이 마음에 걸려서 이웃 절의 중이 걱정되어 찾아갔던 원광 법사는 노인의 이야기를 전하면서 다른 곳으로 옮기지 않으면 언제 무슨 화를 입을지 모를 일이라고 하자, 산신령으로 둔갑한 여우에게 홀려 쓸데없는 말을 하고 다니는 거냐며 돌아가라고 화를 내는 중에게 무안만 당한 채 돌아오고 말았습니다.",
        "textWordEA": 44
      }
    }
  ]
}