{
  "title": "이차돈",
  "author": "한국역사교육연구회 편집3팀",
  "illustrator": "방대훈",
  "isbn": "9788954339452",
  "publishedYear": 2004,
  "publisher": "한국삐아제",
  "paragraphInfoCount": 16,
  "paragraphInfo": [
    {
      "srcTextID": "126992",
      "srcText": "그 순간 법흥왕이 귀족들을 무섭게 노려보며 외쳤어요. “이 광경을 보라! 하늘이 우리에게 화를 내고 계신 것이다. 나는 그대들 때문에 하늘에 큰 죄를 짓게 되었다. 그대들을 가만두지 않으리라!” 귀족들은 몸을 엎드린 채 용서를 빌었어요. “다시는 폐하의 말씀에 반대하지 않겠습니다. 또한 앞으로는 저희가 하늘의 자손이라고 하지 않겠으니 제발 목숨만 살려 주십시오.”",
      "srcPage": 15,
      "srcSentenceEA": 8,
      "srcWordEA": 54,
      "character": "법흥왕,귀족들,우리,나,그대들,폐하,저희",
      "setting": null,
      "action": "노려보며 외쳤어요,보라,용서를 빌었어요",
      "feeling": null,
      "causalRelationship": null,
      "outcomeResolution": null,
      "prediction": null,
      "plotSummaryInfoCount": 1,
      "plotSummaryInfo": {
        "classification": "사회관계",
        "readAge": "초등_저학년",
        "form": "long-form",
        "plotSummaryText": "그 순간 법흥왕이 귀족들을 무섭게 노려보며 하늘이 우리에게 화를 내고 있다며 하늘에 큰 죄를 짓게 되었으니 당신들을 가만두지 않겠다고 하자 귀족들은 몸을 엎드린 채 하늘의 자손이라고 하지 않겠으니 제발 목숨만 살려 달라고 용서를 빌었습니다.",
        "textWordEA": 34
      }
    },
    {
      "srcTextID": "126993",
      "srcText": "이후, 법흥왕은 중대한 발표를 했어요. “이제부터 신라의 종교는 불교다. 누구든지 자유롭게 불교를 믿을 수 있다. 귀족들도 불교를 믿어야 할 것이다. 그리고 천경림의 나무를 마저 베어 내고 그곳에 이차돈을 위한 절을 지을 것이다.” 그리하여 신라 백성들은 자유롭게 불교를 믿게 되었고 법흥왕은 귀족들의 방해를 받지 않고 나라를 잘 다스릴 수 있었어요. 몇 년 뒤, 귀족들의 성지이던 천경림에는 이차돈을 위한 절이 세워졌어요. 법흥왕은 그 절에서 기도를 하며 이차돈에게 깊이 고마움을 전했어요. ‘그대의 죽음으로 신라는 평화로운 나라가 되었소. 그대의 마음을 잊지 않을 것이오.’ 이렇게 이차돈은 기꺼이 자신의 목숨을 바쳐 나라를 구하고 신라에 불교를 널리 알린 순교자였답니다.",
      "srcPage": 16,
      "srcSentenceEA": 11,
      "srcWordEA": 101,
      "character": "법흥왕,귀족들,나무,이차돈,신라 백성들,순교자",
      "setting": "신라,천경림,절,몇 년 뒤",
      "action": "발표를 했어요,베어 내고,지을,기도를 하며,세워졌어요",
      "feeling": null,
      "causalRelationship": null,
      "outcomeResolution": "이렇게 이차돈은 기꺼이 자신의 목숨을 바쳐 나라를 구하고 신라에 불교를 널리 알린 순교자였답니다.",
      "prediction": null,
      "plotSummaryInfoCount": 1,
      "plotSummaryInfo": {
        "classification": "사회관계",
        "readAge": "초등_저학년",
        "form": "long-form",
        "plotSummaryText": "법흥왕은 신라의 종교를 불교로 선포했고, 몇 년 뒤 귀족들의 성지이던 천경림에는 이차돈을 위한 절이 세워졌으니 그는 자신의 목숨을 바쳐 나라를 구하고 신라에 불교를 널리 알린 순교자가 되었다.",
        "textWordEA": 27
      }
    },
    {
      "srcTextID": "126979",
      "srcText": "사람들이 웅성거리고 있을 때, 낯선 청년이 말을 타고 우물가로 왔어요. 연보라색 비단옷을 단정하게 차려입은 청년은 오똑한 코에 짙은 눈썹이 잘생긴 얼굴이었지요. 한눈에 봐도 귀족인 걸 알 수 있었어요. “제가 목이 말라서 물 좀 얻어 마시려고 왔습니다.” 한 아낙이 두레박에 물을 떠서 청년에게 내밀었어요. 청년은 공손하게 물을 받아 마시고는 정중하게 두레박을 돌려주었어요. 그러고는 감사의 인사를 하고 천경림으로 향했어요. “천경림으로 가는 걸 보니 역시 귀족 청년이군.” “그러게 말이야. 그런데 다른 귀족과는 달리 무척 정중하구먼.” 마을 사람들은 청년의 뒷모습을 보며 이렇게 수군거렸어요.",
      "srcPage": 2,
      "srcSentenceEA": 11,
      "srcWordEA": 86,
      "character": "사람들,말,비단옷,청년,한 아낙,두레박,마을 사람들",
      "setting": "우물가,천경림",
      "action": "타고,왔어요,차려입은,얻어 마시려고,왔습니다,떠서,내밀었어요,받아 마시고는,돌려주었어요,인사를 하고,수군거렸어요",
      "feeling": null,
      "causalRelationship": null,
      "outcomeResolution": null,
      "prediction": null,
      "plotSummaryInfoCount": 1,
      "plotSummaryInfo": {
        "classification": "사회관계",
        "readAge": "초등_저학년",
        "form": "long-form",
        "plotSummaryText": "사람들이 웅성거리고 있을 때, 연보라색 비단옷을 입은 잘생긴 귀족 청년이 말을 타고 우물가로 다가와 물을 청하자 아낙이 두레박으로 건넨 물을 공손하게 받아 마시고는 감사의 인사를 하고 천경림으로 향했는데, 마을 사람들은 다른 귀족과 다르게 그가 무척 정중하다며 수군거렸습니다.",
        "textWordEA": 37
      }
    },
    {
      "srcTextID": "126991",
      "srcText": "법흥왕이 이차돈을 향해 소리를 질렀어요. “그대는 감히 나의 명령이라 속이고 천경림을 파괴했다. 불교를 위해 나와 귀족들을 배신하다니 용서하지 않겠다.” 이차돈은 당당하게 말했어요. “오늘 저는 불교를 위해 죽습니다. 하지만 제가 죽고 나면 여러분은 불교가 위대한 종교라는 것을 알게 될 것입니다. 하늘이 그 증거를 보여 줄 것입니다.” 이차돈은 마지막 순간까지 자세를 흐트러뜨리지 않았어요. 이윽고 망나니가 칼을 들고 나타났어요. 이차돈은 두 눈을 꼭 감고 염불을 했어요. 둘러섰던 백성들도 용기를 내어 염불을 따라 외기 시작했지요. 망나니가 칼을 휘두를수록 염불 소리도 커져 갔어요. 드디어 망나니가 칼을 휘둘러 내리쳤어요. 이차돈의 목이 허공으로 날아올랐어요. 그때, 놀라운 일이 벌어졌어요. 잘려 나간 이차돈의 목에서 하얀 피가 솟구쳐 오르는 것이 아니겠어요! 그러자 하늘에서 무수히 많은 꽃송이들이 떨어지기 시작했어요. “아아, 부처님이 나타나셨다!” 백성들은 감격하여 더욱 큰 소리로 염불을 외웠어요. 귀족들은 두려워서 벌벌 떨었지요.",
      "srcPage": 14,
      "srcSentenceEA": 20,
      "srcWordEA": 138,
      "character": "법흥왕,이차돈,그대,나,귀족들,망나니,칼,백성들,꽃송이",
      "setting": "천경림,오늘",
      "action": "소리를 질렀어요,파괴했다,말했어요,죽습니다,들고 나타났어요,눈을 꼭 감고,염불을 했어요,휘둘러 내리쳤어요,외웠어요,잘려 나간",
      "feeling": "두려워서",
      "causalRelationship": null,
      "outcomeResolution": null,
      "prediction": null,
      "plotSummaryInfoCount": 1,
      "plotSummaryInfo": {
        "classification": "사회관계",
        "readAge": "초등_저학년",
        "form": "long-form",
        "plotSummaryText": "법흥왕이 이차돈을 향해 감히 천경림을 파괴한 죄를 추궁하자 이차돈은 자신이 죽으면 불교가 위대한 종교라는 것을 알게 될 것이라며 망나니의 칼에 처형됐는데, 잘려 나간 이차돈의 목에서 하얀 피가 솟구쳐 오르고 하늘에서 무수히 많은 꽃송이들이 떨어지자 백성들은 부처님이 나타나셨다며 감격하여 더욱 큰 소리로 염불을 외웠습니다.",
        "textWordEA": 43
      }
    },
    {
      "srcTextID": "126985",
      "srcText": "이차돈이 천경림에서 염주를 돌리며 염불을 했다는 소문은 삽시간에 신라 곳곳으로 퍼졌어요. 귀족들의 눈을 피해 절에 다니던 사람들과, 목숨을 걸고 불교를 전하던 스님들은 기뻐했어요. 이 소문을 들은 법흥왕이 이차돈을 대궐로 불러들였어요. 근심 어린 얼굴로 이차돈을 맞이한 법흥왕이 조용히 말문을 열었어요. “그대가 불교를 믿고 있다는데, 사실인가?” “그렇습니다. 폐하.” “불교에서 사람은 누구나 평등하다고 가르친다는데, 그 또한 사실인가?” “예, 모든 사람이 다 귀한 존재입니다.” 법흥왕의 물음에 이차돈은 침착하게 대답했어요.",
      "srcPage": 8,
      "srcSentenceEA": 9,
      "srcWordEA": 70,
      "character": "이차돈,천경림,염주,귀족들,사람들,스님들,법흥왕,폐하,사람",
      "setting": "신라,절,대궐",
      "action": "돌리며,염불을 했다는,불러들였어요,가르친다는데,대답했어요",
      "feeling": "기뻐했어요",
      "causalRelationship": null,
      "outcomeResolution": null,
      "prediction": null,
      "plotSummaryInfoCount": 1,
      "plotSummaryInfo": {
        "classification": "사회관계",
        "readAge": "초등_저학년",
        "form": "long-form",
        "plotSummaryText": "이차돈이 천경림에서 염주를 돌리며 염불을 했다는 소문은 삽시간에 신라 곳곳으로 퍼졌고 귀족들의 눈을 피해 절에 다니던 사람들과, 목숨을 걸고 불교를 전하던 스님들은 기뻐했으며 법흥왕은 이차돈을 대궐로 불러들여 정말로 불교를 믿고 있는지, 불교에서 사람은 누구나 평등하다고 가르치는지를 물었고 이차돈은 모든 사람이 다 귀한 존재라고 침착하게 대답했습니다.",
        "textWordEA": 45
      }
    },
    {
      "srcTextID": "126987",
      "srcText": "법흥왕의 고민을 알게 된 이차돈은 어떻게 하면 불교를 신라의 국교로 삼을 수 있을까 고민했어요. 그때 이차돈에게 좋은 생각이 떠올랐어요. 이차돈이 법흥왕에게 자신의 뜻을 전하자 법흥왕은 깜짝 놀라며 고개를 저었어요. “안 되오. 어찌 죄 없는 그대를 죽일 수 있겠는가?” 하지만 이차돈은 이미 마음의 준비를 한 상태였어요. “큰 뜻을 이루기 위해 기꺼이 목숨을 바치겠습니다. 부디 저의 청을 들어주십시오.”",
      "srcPage": 11,
      "srcSentenceEA": 8,
      "srcWordEA": 61,
      "character": "법흥왕,이차돈,그대",
      "setting": "신라",
      "action": "고개를 저었어요,들어주십시오,죽일",
      "feeling": "깜짝 놀라며",
      "causalRelationship": null,
      "outcomeResolution": null,
      "prediction": "큰 뜻을 이루기 위해 기꺼이 목숨을 바치겠습니다.",
      "plotSummaryInfoCount": 1,
      "plotSummaryInfo": {
        "classification": "사회관계",
        "readAge": "초등_저학년",
        "form": "long-form",
        "plotSummaryText": "법흥왕의 고민을 알게 된 이차돈은 불교를 신라의 국교로 만들 수 없을지 고민했고 이차돈은 큰 뜻을 이루기 위해 기꺼이 목숨을 바치겠다고 자신의 뜻을 전하자 법흥왕은 깜짝 놀라며 고개를 저었습니다.",
        "textWordEA": 28
      }
    },
    {
      "srcTextID": "126978",
      "srcText": "신라, 천경림이라는 숲에서 요란한 악기 소리가 울려 퍼졌어요. 무당이 굿을 하는 소리였어요. 개울가에서 놀던 동네 아이들이 소리에 끌려 숲 쪽으로 가려고 하자 동네 어른이 아이들을 말리며 말했어요. “아서라! 천경림 근처에는 가면 안 된다.” “우리 마을에 있는 숲인데 왜 가면 안 돼요?” 아이들은 눈을 동그랗게 뜨고 물었지요. 동네 어른이 낮은 목소리로 말했어요. “천경림은 보통 숲이 아니야. 신라 귀족들이 태어난 신성한 숲이라서 우리 같은 사람들은 함부로 가면 안 돼. 특히 오늘처럼 귀족들이 굿을 하는 날에는 더욱 조심해야 한단다.”",
      "srcPage": 1,
      "srcSentenceEA": 10,
      "srcWordEA": 83,
      "character": "악기,무당,어른,아이들,신라 귀족들",
      "setting": "신라,천경림,숲,개울가,우리 마을,오늘",
      "action": "굿을 하는,말리며,말했어요,물었지요,가면,울려 퍼졌어요,태어난",
      "feeling": null,
      "causalRelationship": null,
      "outcomeResolution": null,
      "prediction": null,
      "plotSummaryInfoCount": 1,
      "plotSummaryInfo": {
        "classification": "사회관계",
        "readAge": "초등_저학년",
        "form": "long-form",
        "plotSummaryText": "신라, 천경림에서 무당이 굿을 하는 소리가 울려 퍼졌고 동네 아이들이 소리에 끌려 숲 쪽으로 가려고 하자, 동네 어른이 천경림은 신라 귀족들이 태어난 신성한 숲이라서 함부로 가면 안 되며 특히 귀족들이 굿을 하는 날에는 더욱 조심해야 한다고 말해주었습니다.",
        "textWordEA": 37
      }
    },
    {
      "srcTextID": "126980",
      "srcText": "천경림에 도착한 청년은 말에서 내려 귀족들이 굿을 벌이는 곳으로 걸어갔어요. 칭칭칭, 챙챙챙! 덩덩덕, 쿵덕, 쿵딱딱! “하늘의 자손인 신라 귀족들이 하늘에 아룁니다. 부디 저희에게 부귀영화가 가득하게 해 주시고.” 요란하게 울리는 악기 소리에 청년은 눈썹을 찌푸렸어요. 청년의 이름은 이차돈으로 신라 귀족이었지요. 신라에서는 귀족을 하늘의 자손이라고 생각했어요. 전설에 따르면 신라 귀족들이 태어난 곳이 바로 이곳 천경림이었어요. 당시 신라 사람들은 하늘과 땅은 물론 세상 모든 것에 영혼이 있으니 제물을 바치고 기도를 해야 한다고 믿었지요. 그래서 신라 귀족들은 해마다 무당을 불러 천경림에서 굿을 했는데, 귀족이라면 반드시 이 자리에 참석해야 했어요. 하지만 이차돈은 천경림에서 굿을 하는 것이 싫었어요.",
      "srcPage": 3,
      "srcSentenceEA": 12,
      "srcWordEA": 102,
      "character": "청년,말,귀족들,신라 귀족들,악기,이차돈,신라 사람들,무당",
      "setting": "천경림,굿을 벌이는 곳",
      "action": "내려,걸어갔어요,아룁니다,찌푸렸어요,바치고,기도를 해야,불러,굿을 했는데",
      "feeling": null,
      "causalRelationship": null,
      "outcomeResolution": null,
      "prediction": null,
      "plotSummaryInfoCount": 1,
      "plotSummaryInfo": {
        "classification": "사회관계",
        "readAge": "초등_저학년",
        "form": "long-form",
        "plotSummaryText": "천경림에 도착한 이차돈은 말에서 내려 귀족들이 굿을 벌이는 곳으로 걸어갔고 요란하게 울리는 악기 소리에 눈썹을 찌푸렸는데, 당시 신라 사람들은 세상 모든 것에 영혼이 있으니 제물을 바치고 기도해야 한다고 믿었고, 신라 귀족들은 해마다 무당을 불러 굿을 했지만 이차돈은 천경림에서 굿을 하는 것이 싫었습니다.",
        "textWordEA": 42
      }
    },
    {
      "srcTextID": "126984",
      "srcText": "칭칭칭, 챙챙챙! 덩덩덕, 쿵덕, 쿵딱딱! 잠시 지난날을 떠올리던 이차돈은 숲에서 울려 퍼지는 요란한 악기 소리에 정신을 차렸어요. 숲에서는 굿이 한창이었어요. 그때, 살아 있는 소가 버둥거리며 끌려왔어요. 울긋불긋한 옷을 입은 무당이 마구 칼을 휘두르더니 소를 찔렀어요. 움머어. 소는 몸부림도 치지 못한 채 그대로 쓰러졌어요. 귀족들은 자신과 가족들이 부귀영화를 누리게 해 달라며 하늘을 향해 기도를 올렸어요. 그 모습을 보던 이차돈은 고개를 돌렸어요. ‘하늘의 자손이라는 사람들이 어떻게 이처럼 잔인한 짓을 한단 말인가? 이것이 정말 하늘의 뜻이란 말인가? 이는 분명 잘못된 일이다!’ 더 이상 참을 수 없었던 이차돈은 염불을 외기 시작했어요. 귀족들은 깜짝 놀라 이차돈을 바라보았어요. 이차돈의 아버지 길승은 화가 나 그만 쓰러지고 말았어요.",
      "srcPage": 7,
      "srcSentenceEA": 16,
      "srcWordEA": 115,
      "character": "이차돈,악기,무당,칼,소,귀족들,가족들,길승",
      "setting": "숲",
      "action": "휘두르더니,찔렀어요,올렸어요,돌렸어요,외기,바라보았어요",
      "feeling": "화가 나,깜짝 놀라",
      "causalRelationship": null,
      "outcomeResolution": null,
      "prediction": null,
      "plotSummaryInfoCount": 1,
      "plotSummaryInfo": {
        "classification": "사회관계",
        "readAge": "초등_저학년",
        "form": "long-form",
        "plotSummaryText": "이차돈이 굿 소리를 듣고 숲에 가 보니 무당이 칼로 살아있는 소를 찔렀고 귀족들은 부귀영화를 누리게 해 달라며 하늘을 향해 기도를 올렸는데, 그 모습을 보던 이차돈은 하늘의 자손이라고 자부하는 사람들이 벌이는 잔인함을 참을 수 없어 염불을 외기 시작했고 이를 본 아버지 길승은 화가 나 그만 쓰러지고 말았습니다.",
        "textWordEA": 46
      }
    },
    {
      "srcTextID": "126986",
      "srcText": "법흥왕은 옷소매 안에서 염주를 꺼냈어요. 이차돈은 깜짝 놀랐어요. 법흥왕이 불교를 믿는다는 것은 생각도 못 한 일이었기 때문이지요. “폐하께서도 불교를 믿고 계십니까?” 법흥왕은 고개를 끄덕이며 말했어요. “자네와는 좀 다른 이유로 불교를 믿고 있네. 불교에서는 백성들이 편안하려면 왕을 중심으로 뭉쳐야 한다고 하더군.” 그제서야 이차돈은 법흥왕의 마음을 알 수 있었어요. 당시 신라는 귀족들의 힘이 강한 나머지 왕이 제대로 힘을 쓸 수가 없었어요. 그러다 보니 귀족들은 왕을 무시하고 백성들을 제멋대로 괴롭혔지요. 하지만 왕은 귀족들에게 벌을 줄 수도 없었어요. 자신들이 하늘의 자손이라고 생각하는 귀족들은 왕이 조금이라도 마음에 들지 않으면 왕위에서 끌어내리거나 심지어 목숨을 빼앗았기 때문이에요. 왕과 백성이 평화롭게 살기 위해서는 반드시 귀족의 세력을 꺾어야만 했어요. 이러한 이유로 법흥왕은 불교를 나라의 종교로 만들고 싶었던 것이지요.",
      "srcPage": 9,
      "srcSentenceEA": 14,
      "srcWordEA": 120,
      "character": "법흥왕,염주,이차돈,폐하,백성들,왕,귀족들,자신들",
      "setting": "신라",
      "action": "꺼냈어요,끄덕이며,말했어요,끌어내리거나,괴롭혔지요",
      "feeling": "깜짝 놀랐어요",
      "causalRelationship": null,
      "outcomeResolution": null,
      "prediction": null,
      "plotSummaryInfoCount": 1,
      "plotSummaryInfo": {
        "classification": "사회관계",
        "readAge": "초등_저학년",
        "form": "long-form",
        "plotSummaryText": "법흥왕이 옷소매 안에서 염주를 꺼내자 이차돈은 깜짝 놀랐는데 불교에서는 백성들이 편안해지려면 왕을 중심으로 뭉쳐야 한다는 이유 때문이라고 하자 그제야 이차돈은 법흥왕의 마음을 알 수 있었는데, 당시 신라는 귀족들의 힘이 강한 나머지 왕이 제대로 힘을 쓸 수가 없었고 왕과 백성이 평화롭게 살기 위해서는 반드시 귀족의 세력을 꺾어야 했기에 법흥왕은 불교를 나라의 종교로 만들고 싶었던 것입니다.",
        "textWordEA": 54
      }
    },
    {
      "srcTextID": "126988",
      "srcText": "하지만 불교를 국교로 삼는 것은 쉬운 일이 아니었어요. 귀족이었던 대신들이 거세게 반대했기 때문이에요. “폐하! 신라에는 예로부터 전해 내려오는 종교가 있사옵니다. 어찌하여 다른 나라에서 들어온 불교를 나라의 종교로 삼으려 하십니까?” “불교를 믿는 중들은 머리를 빡빡 깎고 이상한 옷을 입고 다니며 사람들을 속이고 있습니다. 이런 중들이 많아진다면 신라는 혼란에 빠질 것입니다.” 번번이 귀족들의 반대에 부딪치던 법흥왕은 귀족의 신분으로 불교를 믿는 이차돈을 만나 몹시 반가웠어요.",
      "srcPage": 10,
      "srcSentenceEA": 7,
      "srcWordEA": 67,
      "character": "귀족,대신들,폐하,중,옷,사람들,법흥왕,이차돈",
      "setting": "신라,다른 나라",
      "action": "깎고,입고 다니며,속이고,만나,부딪치던",
      "feeling": null,
      "causalRelationship": null,
      "outcomeResolution": null,
      "prediction": null,
      "plotSummaryInfoCount": 1,
      "plotSummaryInfo": {
        "classification": "사회관계",
        "readAge": "초등_저학년",
        "form": "long-form",
        "plotSummaryText": "신라에는 이미 전통 종교가 있고, 중들이 많아지면 신라는 혼란에 빠질 것이라고 주장하는 귀족들의 반대에, 법흥왕은 불교를 국교로 삼는 게 쉽지 않았던 차에 귀족의 신분으로 불교를 믿는 이차돈을 만나 몹시 반가웠습니다.",
        "textWordEA": 30
      }
    },
    {
      "srcTextID": "126989",
      "srcText": "며칠 뒤, 이차돈은 군사들을 이끌고 천경림으로 향했어요. “폐하의 명령이다! 당장 천경림의 나무를 베어라! 이곳에 절을 지을 것이다.” 이차돈의 명령이 떨어지자 군사들이 힘차게 도끼를 휘두르며 나무를 베기 시작했어요. 이 소식을 들은 귀족들은 깜짝 놀라 천경림으로 몰려갔어요. “이보게, 자네 지금 제정신인가? 이 숲은 우리 귀족들이 신성하게 여기는 곳일세. 그런데 감히 이 숲의 나무를 베고 절을 지으려 하다니!” 이차돈은 귀족들의 목에 칼을 들이대며 말했어요. “만약 폐하의 명령을 어긴다면 당신의 목숨은 무사하지 못할 것이오.” 이차돈의 엄한 모습에 귀족들은 꼼짝도 못 한 채 천경림이 사라지는 것을 지켜볼 수밖에 없었지요. 귀족들은 몹시 화가 났지만 무턱대고 법흥왕을 죽일 수는 없었어요. 법흥왕이 미리 왕의 군대를 키워 놓았거든요. “신라에 불교가 들어오면 귀족들은 끝장이야. 불교를 믿는 사람들은 너도 나도 하늘의 자손이라고 우길걸? 그러면 우리 귀족들의 영광은 다 끝나는 거야!”",
      "srcPage": 12,
      "srcSentenceEA": 17,
      "srcWordEA": 131,
      "character": "이차돈,군사들,폐하,나무,도끼,귀족들,칼,법흥왕",
      "setting": "며칠 뒤,천경림,절,이 숲,신라",
      "action": "베어라,지을,휘두르며,베기,몰려갔어요,지으려 하다니,들이대며 말했어요",
      "feeling": "화가 났지만",
      "causalRelationship": null,
      "outcomeResolution": null,
      "prediction": null,
      "plotSummaryInfoCount": 1,
      "plotSummaryInfo": {
        "classification": "사회관계",
        "readAge": "초등_저학년",
        "form": "long-form",
        "plotSummaryText": "이차돈은 군사들을 이끌고 천경림의 나무를 베고 절을 지을 것이라고 하자 귀족들은 깜짝 놀라 천경림으로 몰려갔지만 이차돈은 귀족들의 목에 칼을 들이대며 폐하의 명령을 어긴다면 무사하지 못할 것이라고 했기에 귀족들은 몹시 화가 났지만 지켜볼 수밖에 없었다.",
        "textWordEA": 34
      }
    },
    {
      "srcTextID": "126981",
      "srcText": "이차돈은 어릴 때부터 동네 아이들과 어울려 노는 것을 좋아했어요. 하지만 이차돈의 아버지 길승은 회초리로 종아리를 때리며 이차돈을 야단쳤어요. “우리는 신라 귀족이다. 귀족은 하늘의 자손이다. 그런데 하늘의 자손인 네가 천한 아이들과 어울리는 것은 귀족을 욕되게 하는 짓이다.” 이차돈은 아버지의 말을 도무지 이해할 수가 없었어요. “마을 아이들이나 저나 겉모습도 똑같고 다같이 귀합니다. 그런데 어찌 천함과 귀함을 나누십니까?” 그 말을 들은 아버지는 이차돈의 종아리를 더욱 세게 때렸지요. 이 일이 있은 뒤, 이차돈은 말수가 줄었어요. 귀족 아이들과도 어울리는 일 없이 언제나 책만 읽었지요.",
      "srcPage": 4,
      "srcSentenceEA": 11,
      "srcWordEA": 87,
      "character": "이차돈,동네 아이들,아버지,길승,회초리,우리,신라 귀족,아이들,책",
      "setting": null,
      "action": "노는,때리며,야단쳤어요,때렸지요,읽었지요,줄었어요",
      "feeling": null,
      "causalRelationship": null,
      "outcomeResolution": null,
      "prediction": null,
      "plotSummaryInfoCount": 1,
      "plotSummaryInfo": {
        "classification": "사회관계",
        "readAge": "초등_저학년",
        "form": "long-form",
        "plotSummaryText": "이차돈은 어릴 때부터 동네 아이들과 어울려 노는 것을 좋아했지만 아버지 길승은 천한 아이들과 어울리는 것은 귀족을 욕되게 하는 짓이라며 야단치자, 마을 사람들과 자기가 다 같이 귀한데 어찌 천함과 귀함을 나누냐고 반박하는 아들을 아버지는 더 강하게 체벌했고, 그 후 말수가 줄어든 이차돈은 귀족 아이들과도 어울리는 일 없이 언제나 책만 읽었습니다.",
        "textWordEA": 49
      }
    },
    {
      "srcTextID": "126990",
      "srcText": "귀족들은 법흥왕에게 몰려갔어요. “폐하! 천경림은 하늘의 자손인 귀족들의 성지입니다. 그런데 이차돈을 시켜 그곳의 나무를 다 베어 내고 절을 지으라는 명령을 내리시다니요?” 법흥왕은 화를 내며 말했어요. “뭣이? 천경림을 베어 내고 절을 짓다니? 나는 그런 명령을 내린 적이 없다! 내 이차돈을 가만두지 않으리라!” 법흥왕의 말을 들은 귀족들은 어리둥절했어요. 귀족들은 법흥왕과 이차돈이 한통속이라고 생각했거든요. 법흥왕은 이차돈을 잡아들이고 광장에 사형장을 만들라고 명령했어요. 이차돈은 죽음을 눈앞에 두고도 표정 하나 변하지 않았어요. 아름다운 연보라색 비단옷에 검은 모자를 단정하게 쓴 이차돈은 염주알을 굴리며 가부좌를 틀고 염불을 하기 시작했어요. 그 모습을 본 귀족들은 화가 났지요. 하지만 불교를 믿는 사람들은 깊은 감동을 받았어요.",
      "srcPage": 13,
      "srcSentenceEA": 14,
      "srcWordEA": 107,
      "character": "법흥왕,폐하,귀족들,이차돈,나무,비단옷,검은 모자,염주알,사람들",
      "setting": "천경림,성지,절,광장",
      "action": "몰려갔어요,시켜,베어 내고,지으라는,명령을 내리시다니요,말했어요,잡아들이고,만들라고 명령했어요,굴리며,염불을 하기 시작했어요",
      "feeling": null,
      "causalRelationship": null,
      "outcomeResolution": null,
      "prediction": null,
      "plotSummaryInfoCount": 1,
      "plotSummaryInfo": {
        "classification": "사회관계",
        "readAge": "초등_저학년",
        "form": "long-form",
        "plotSummaryText": "귀족들은 법흥왕에게 몰려가 이차돈을 시켜 천경림의 나무를 다 베어 내고 절을 지으라는 명령했냐고 따지자, 법흥왕은 화를 내며 이차돈을 처형하라고 명령했으나 이차돈이 죽음을 눈앞에 두고도 표정 하나 변하지 않고 가부좌를 틀고 염불을 하는 모습에 불교를 믿는 사람들은 큰 감동을 받았다.",
        "textWordEA": 39
      }
    },
    {
      "srcTextID": "126982",
      "srcText": "그즈음 이차돈은 우연히 한 스님을 알게 되었어요. 이차돈은 평소에 궁금해하던 것을 스님에게 물었어요. “스님, 정말 하늘의 자손과 천한 사람이 따로 있습니까?” 그러자 스님은 고개를 저으며 말했어요. “사람은 누구나 평등하니 신분이나 혈통으로 차별해서는 안 됩니다. 동물 또한 사람만큼 귀한 존재입니다. 그러니 하찮은 동물일지라도 함부로 죽여서는 안 됩니다. 그것이 곧 부처님의 가르침입니다.” “사람은 누구나 똑같이 고귀한 존재라고 하셨지요. 저도 늘 그렇게 생각하고 있었습니다. 이제부터 저는 부처님의 가르침을 따르겠습니다. 그리고 부처님의 뜻을 전하는 데에 목숨을 바치겠습니다.” 그날부터 이차돈은 불경을 읽으며 부처님의 가르침을 열심히 공부했어요.",
      "srcPage": 5,
      "srcSentenceEA": 13,
      "srcWordEA": 90,
      "character": "이차돈,스님,사람,동물,불경",
      "setting": null,
      "action": "물었어요,고개를 저으며 말했어요,읽으며,공부했어요",
      "feeling": null,
      "causalRelationship": null,
      "outcomeResolution": null,
      "prediction": null,
      "plotSummaryInfoCount": 1,
      "plotSummaryInfo": {
        "classification": "사회관계",
        "readAge": "초등_저학년",
        "form": "long-form",
        "plotSummaryText": "이차돈은 우연히 한 스님을 알게 되어 정말 하늘의 자손과 천한 사람이 따로 있냐고 물으니, 스님은 사람은 누구나 평등하니 신분이나 혈통으로 차별해서는 안 되고 동물 또한 사람만큼 귀한 존재임이 부처님의 가르침이라고 대답하자, 이차돈은 부처님의 뜻을 전하는 데에 목숨을 바치겠다고 말하며 불경을 읽으며 부처님의 가르침을 열심히 공부했습니다.",
        "textWordEA": 45
      }
    },
    {
      "srcTextID": "126983",
      "srcText": "이차돈이 불경 공부에 매달리는 것을 안 아버지가 스님이 있는 절을 찾아가 화를 내며 말했어요. “신라를 어지럽히는 종교를 감히 내 아들에게 가르쳤단 말이오? 살고 싶다면 당장 이 나라를 떠나시오.” 신라 귀족들은 불교를 싫어했어요. 불교의 가르침 중에 귀족이나 평민이나 모두 똑같은 사람이라는 내용이 있기 때문이에요. 이차돈의 아버지 길승은 큰 권력을 가졌기 때문에 만약 스님이 떠나지 않으면 큰 봉변을 당할 수도 있었어요. 스님은 어쩔 수 없이 신라를 떠나야 했어요. 떠나기 전날 밤, 스님은 이차돈에게 염주를 주었어요. “사람에게는 108개의 고민이 있답니다. 마음이 어지럽거나 슬플 때 이 염주알을 굴리면서 기도를 하면 마음이 편안해질 것입니다.” 이차돈은 몰래 집을 빠져 나와 스님을 동구 밖까지 배웅했어요. 떠나는 스님의 뒷모습을 바라보며 이차돈은 다짐했어요. ‘불교는 훌륭한 종교다. 반드시 신라에 불교가 널리 퍼지도록 할 것이다.’",
      "srcPage": 6,
      "srcSentenceEA": 14,
      "srcWordEA": 125,
      "character": "이차돈,아버지,스님,아들,사람,길승,염주",
      "setting": "절,신라,이 나라,집,동구 밖",
      "action": "찾아가,말했어요,떠나시오,주었어요,굴리면서,기도를 하면,빠져 나와,배웅했어요,바라보며",
      "feeling": null,
      "causalRelationship": null,
      "outcomeResolution": null,
      "prediction": "반드시 신라에 불교가 널리 퍼지도록 할 것이다.",
      "plotSummaryInfoCount": 1,
      "plotSummaryInfo": {
        "classification": "사회관계",
        "readAge": "초등_저학년",
        "form": "long-form",
        "plotSummaryText": "이차돈이 불경 공부에 매달리는 것을 알게 된 아버지 길승이 스님을 신라 밖으로 쫓아내자, 스님에게 가르침을 받은 이차돈은 스님을 동구 밖으로 배웅하면서 반드시 신라에 불교를 널리 퍼지도록 할 것을 다짐합니다.",
        "textWordEA": 29
      }
    }
  ]
}