{
  "title": "고구려 2",
  "author": "방대광",
  "illustrator": "그림작가 정보없음",
  "isbn": "9791165140229",
  "publishedYear": 2020,
  "publisher": "한국차일드아카데미",
  "paragraphInfoCount": 20,
  "paragraphInfo": [
    {
      "srcTextID": "139565",
      "srcText": "중국을 통일한 수나라의 공격. 고구려와 수나라의 맞대결. 6세기 말, 중국의 수나라는 흩어진 중국을 통일했어요. 그리고 얼마 뒤, 수나라 황제 문제는 고구려도 수나라의 신하 나라로 만들려고 했지요. \"우리 수나라만이 천하의 중심이다. 그러니 고구려는 수나라의 신하 나라가 되어야 한다.\" 하지만 고구려는 수나라에 당당히 맞섰어요. \"천하의 중심은 너희 수나라가 아니라 바로 고구려다. 어찌 우리가 수나라에 머리를 숙일 수 있겠느냐?\" 고구려는 수나라가 쳐들어올 것을 대비해 성벽도 고치고 군사도 훈련시켰어요. 어느새 자신감에 찬 고구려는 수나라를 슬쩍 떠보기 위해 먼저 수나라를 공격했어요. 수나라 황제 문제는 고구려의 공격을 핑계로 고구려를 공격했어요. 마침내 천하의 중심이라고 외치는 두 나라 사이의 불꽃 튀는 대결이 시작된 거예요. 장마와 전염병에 스르르 무너진 수나라군. 수나라군은 고구려를 공격하기 위해 랴오허 강 하류를 건넜어요. 그런데 뜻밖의 어려움이 수나라군을 가로막았지요. 바로 장마와 전염병이었어요. 수나라는 장마철인 6월에 공격을 시작했는데, 때마침 늪지대가 많은 랴오허 강 하류 근처에 홍수로 물이 넘쳤어요. 그래서 수나라 군사들은 꼼짝없이 강가에 갇히게 되었지요. 강가에 갇힌 수나라군의 식량은 점점 바닥났어요. 그러자 굶주려 기운이 없어진 병사들 사이에 전염병이 돌기 시작했지요.",
      "srcPage": 2,
      "srcSentenceEA": 21,
      "srcWordEA": 172,
      "character": "신하,군사,물,식량,병사,수나라 황제 문제,나라,머리,성벽,수나라군,늪지대,홍수",
      "setting": "중국,수나라,고구려,랴오허 강 하류,6세기 말",
      "action": "통일했어요,만들려고 했지요,맞섰어요,훈련시켰어요,공격했어요,갇히게 되었지요,쳐들어올 것을,고치고,건넜어요,넘쳤어요,바닥났어요,전염병이 돌기",
      "feeling": "당당히,자신감에 찬",
      "causalRelationship": "수나라는 장마철인 6월에 공격을 시작했는데,때마침 늪지대가 많은 랴오허 강 하류 근처에 홍수로 물이 넘쳤어요. 그래서 수나라 군사들은 꼼짝없이 강가에 갇히게 되었지요.",
      "outcomeResolution": null,
      "prediction": null,
      "plotSummaryInfoCount": 1,
      "plotSummaryInfo": {
        "classification": "사회관계",
        "readAge": "초등_저학년",
        "form": "long-form",
        "plotSummaryText": "6세기 말에 중국의 수나라는 흩어진 중국을 통일해서 고구려도 수나라의 신하 나라로 만들려고 했지만, 고구려는 수나라가 쳐들어올 것을 대비해 성벽도 고치고 군사도 훈련시켜 천하의 중심이라고 외치는 두 나라 사이의 불꽃 튀는 대결이 시작되었는데 수나라군은 장마와 전염병에 무너지고 말았습니다.",
        "textWordEA": 37
      }
    },
    {
      "srcTextID": "139568",
      "srcText": "살수 대첩을 이끈 을지문덕 장군. 수나라의 특별 부대가 평양성 근처에 도착했어요. 그러자 그곳을 지키던 을지문덕 장군이 '수나라군의 우중문을 찾아갔어요. \"나는 고구려 장군 을지문덕이오. 곧 항복할 테니 협상합시다.\" 하지만 을지문덕 장군은 수나라군에 거짓으로 항복하는 체 한 거였어요. 사실은 수나라 군사들이 어떤지 알아보기 위해 간 것이었지요. 먹을 것이 거의 떨어진 수나라 군사들은 몹시 지쳐 있었어요. 을지문덕 장군에게 속았다는 것을 안 수나라군은 다시 평양성을 공격했어요. 서로 싸우고 막고를 계속하며 수나라군은 평양성 가까이 도착했지요. 을지문덕 장군은 우중문에게 편지를 보내 여기서 그만두고 돌아가면 고구려의 왕이 수나라 왕을 찾아가겠다고 했어요. 더 이상 싸울 힘도 식량도 남아 있지 않았던 우중문은 군사들을 데리고 돌아갔지요. 그런데 돌아가는 수나라군이 살수를 건널 때 고구려군은 수나라군을 공격했어요. 이 싸움이 유명한 살수 대첩이에요. 수나라 30만 대군 가운데 살아 돌아간 자가 불과 2,700명에 불과할 정도로 고구려의 대승이었어요. 수나라 놈들 맛 좀 봐라.",
      "srcPage": 5,
      "srcSentenceEA": 17,
      "srcWordEA": 142,
      "character": "을지문덕 장군,우중문,군사들,식량,편지,수나라,부대,수나라군,고구려 장군,왕,수나라 왕,고구려군",
      "setting": "평양성,고구려,살수",
      "action": "도착했어요,공격했어요,돌아갔지요,찾아갔어요,지키던,협상합시다,속았다는 것을 안,싸우고 막고,그만두고 돌아가면,돌아가는,건널,살아 돌아간",
      "feeling": "몹시 지쳐 있었어요",
      "causalRelationship": null,
      "outcomeResolution": "수나라 30만 대군 가운데 살아 돌아간 자가 불과 2,700명에 불과할 정도로 고구려의 대승이었어요.",
      "prediction": null,
      "plotSummaryInfoCount": 1,
      "plotSummaryInfo": {
        "classification": "사회관계",
        "readAge": "초등_저학년",
        "form": "long-form",
        "plotSummaryText": "을지문덕 장군은 수나라군에 거짓으로 항복하는 체 했고 속았다는 것을 안 수나라군은 다시 평양성을 공격했는데, 을지문덕 장군은 우중문에게 편지를 보내 여기서 그만두고 돌아가면 고구려의 왕이 수나라 왕을 찾아가겠다고 했으며 돌아가는 수나라군이 살수를 건널 때 고구려군이 공격해 수나라 30만 대군 가운데 살아 돌아간 자가 2,700명에 불과할 정도로 고구려의 대승이었습니다.",
        "textWordEA": 47
      }
    },
    {
      "srcTextID": "139572",
      "srcText": "무너진 흙산이 고구려를 돕다. \"안시성 성벽 앞에 흙산을 높이 쌓아라! 흙산 위에서 성을 공격하자!\" 당나라군이 흙산을 쌓기 시작했어요. 60일이 지나자 흙산은 어느덧 안시성 성벽보다 높아졌어요. 그러던 어느 날, 갑자기 흙산의 일부가 무너져 내렸어요. 그 바람에 흙산과 안시성의 성벽이 맞닿게 되었지요. \"흙산이 무너졌다. 당나라군을 몰아내고 흙산을 차지하자!\" 안시성의 고구려군은 기다렸다는 듯이 재빠르게 흙산을 차지해 버렸어요. 갑작스런 사고로 흙산을 빼앗긴 당나라군은 다시 기운을 잃었어요. 고구려와 당나라의 전쟁은 점점 길어졌어요. 점점 매서운 추위도 몰려왔지요. 이렇게 되자 당나라군은 식량이 바닥나기 시작했어요. '안시성처럼 작은 성 하나 제대로 손에 넣지 못하다니. 이대로 돌아가야 한단 말인가!' 당나라 태종은 깊은 한숨을 내쉬었어요. 하지만 안시성 싸움에서 진 당나라군은 되돌아 갈 수밖에 없었지요. 흙산이 무너지니 당황하는군. 하하. 이크, 돌아가자!",
      "srcPage": 9,
      "srcSentenceEA": 21,
      "srcWordEA": 126,
      "character": "당나라군,태종,고구려군,흙산,성,당나라,식량",
      "setting": "고구려,안시성 성벽 앞",
      "action": "공격하자,무너져 내렸어요,차지해 버렸어요,쌓아라,몰아내고,빼앗긴,바닥나기 시작했어요,돌아가야 한단,무너지니",
      "feeling": "당황하는군,깊은 한숨을",
      "causalRelationship": null,
      "outcomeResolution": null,
      "prediction": null,
      "plotSummaryInfoCount": 1,
      "plotSummaryInfo": {
        "classification": "사회관계",
        "readAge": "초등_저학년",
        "form": "long-form",
        "plotSummaryText": "안시성 성벽 앞에 당나라군이 흙산을 쌓기 시작했고 어느덧 안시성 성벽보다 높아졌지만 흙산의 일부가 무너져 내리는 바람에 흙산과 안시성의 성벽이 맞닿게 되자 안시성의 고구려군은 기다렸다는 듯이 재빠르게 흙산을 차지해 버렸으며, 안시성 싸움에서 진 당나라군은 되돌아 갈 수밖에 없었습니다.",
        "textWordEA": 37
      }
    },
    {
      "srcTextID": "139582",
      "srcText": "고구려를 되살리자! 당나라에 맞서는 고구려의 유민들. 보장왕의 항복으로 고구려는 무너졌지만, 압록강의 북쪽을 지키고 있던 고구려의 많은 유민들은 이에 굴하지 않고 용감하게 당나라군과 맞서 싸웠어요. \"보장왕은 백기를 들었지만, 그건 왕과 귀족들이 항복한 거야. 우리들은 끝까지 당나라에 맞설 거야!\" 고구려 유민들이 당나라군에 맞서자, 당나라는 유민들을 중국 안쪽으로 끌고 갔어요. 하지만 고구려를 다시 일으키려는 유민들은 줄지 않았어요. 아니 점점 더 많아졌어요. 나라는 사라졌지만 고구려의 힘은 고구려 유민들 속에서 꿈틀대고 있었어요.",
      "srcPage": 19,
      "srcSentenceEA": 9,
      "srcWordEA": 74,
      "character": "유민들,보장왕,당나라군,당나라,압록강,백기,왕,귀족들,중국,나라",
      "setting": "고구려",
      "action": "맞서 싸웠어요,들었지만,끌고 갔어요,항복한,맞서자,지키고 있던,항복한 거야,일으키려는,줄지 않았어요,사라졌지만,꿈틀대고 있었어요",
      "feeling": null,
      "causalRelationship": null,
      "outcomeResolution": null,
      "prediction": "나라는 사라졌지만 고구려의 힘은 고구려 유민들 속에서 꿈틀대고 있었어요.",
      "plotSummaryInfoCount": 1,
      "plotSummaryInfo": {
        "classification": "사회관계",
        "readAge": "초등_저학년",
        "form": "long-form",
        "plotSummaryText": "보장왕의 항복으로 고구려는 무너졌지만 압록강의 북쪽을 지키고 있던 고구려의 많은 유민들은 이에 굴하지 않고 용감하게 당나라군과 맞서 싸웠고, 나라는 사라졌지만 고구려의 힘은 고구려 유민들 속에서 꿈틀대고 있었습니다.",
        "textWordEA": 27
      }
    },
    {
      "srcTextID": "139564",
      "srcText": "고구려에 무릎 꿇은 중국. 흩어진 중국을 통일한 수나라는 고구려를 공격했어요. 수나라의 뒤를 이은 당나라 역시 고구려를 공격했지요. 하지만 고구려는 만만한 상대가 아니었어요. 을지문덕은 살수 대첩으로 수나라에게 큰 승리를 거두었고, 연개소문도 계속된 당나라의 공격에 당당히 맞섰어요. 양만춘도 안시성 싸움에서 당나라군을 몰아냈지요. 고구려의 힘이 생각보다 세군.",
      "srcPage": 1,
      "srcSentenceEA": 7,
      "srcWordEA": 50,
      "character": "을지문덕,양만춘,당나라군,무릎,중국,수나라,당나라,연개소문,안시성",
      "setting": "고구려",
      "action": "공격했어요,맞섰어요,몰아냈지요,승리를 거두었고,무릎 꿇은,통일한",
      "feeling": null,
      "causalRelationship": null,
      "outcomeResolution": null,
      "prediction": null,
      "plotSummaryInfoCount": 1,
      "plotSummaryInfo": {
        "classification": "사회관계",
        "readAge": "초등_저학년",
        "form": "long-form",
        "plotSummaryText": "흩어진 중국을 통일한 수나라는 고구려를 공격했고 당나라 역시 고구려를 공격했지만 을지문덕은 살수 대첩으로 수나라에게 큰 승리를 거두었고, 연개소문도 계속된 당나라의 공격에 당당히 맞섰으며 양만춘도 안시성 싸움에서 당나라군을 몰아냈습니다.",
        "textWordEA": 28
      }
    },
    {
      "srcTextID": "139566",
      "srcText": "\"이런, 고구려를 공격할 때를 잘못 골랐구나. 다시 우리 수나라로 돌아가자!\" 수나라군은 되돌아갔어요. 하지만 이미 수많은 병사를 잃고, 큰 손해를 본 후였지요. 수나라 문제의 뒤를 이어 황제가 된 양제는 욕심이 더욱 많은 사람이었어요. \"고구려왕이 직접 찾아와 머리를 숙이지 않는다면, 수나라는 군사를 이끌고 고구려로 쳐들어갈 것이다.\" 하지만 고구려는 절대 굽히지 않았어요. 이렇게 두 나라 사이에 큰 전쟁이 다시 다가오고 있었어요. 누구 맘대로 우리 고구려에 발을 들여놓았느냐? 이거 원 , 시시해서.  얕잡아 보았다가 큰 코 다쳤네. 배고파.",
      "srcPage": 3,
      "srcSentenceEA": 12,
      "srcWordEA": 85,
      "character": "황제,양제,사람,발,수나라군,수나라,병사,수나라 문제,고구려왕,머리,군사,나라",
      "setting": "고구려",
      "action": "되돌아갔어요,찾아와,이끌고,굽히지 않았어요,돌아가자,숙이지 않는다면,쳐들어갈,들여놓았느냐",
      "feeling": "시시해서",
      "causalRelationship": "고구려왕이 직접 찾아와 머리를 숙이지 않는다면,수나라는 군사를 이끌고 고구려로 쳐들어갈 것이다.",
      "outcomeResolution": null,
      "prediction": null,
      "plotSummaryInfoCount": 1,
      "plotSummaryInfo": {
        "classification": "사회관계",
        "readAge": "초등_저학년",
        "form": "long-form",
        "plotSummaryText": "수나라군은 되돌아갔지만 큰 손해를 본 후였고 문제의 뒤를 이어 황제가 된 양제는 고구려왕이 직접 찾아와 머리를 숙이지 않는다면, 수나라는 군사를 이끌고 고구려로 쳐들어간다고 했지만 고구려는 절대 굽히지 않았습니다.",
        "textWordEA": 28
      }
    },
    {
      "srcTextID": "139567",
      "srcText": "꾀를 내어 수나라군을 물리치다. 요동성까지 우르르 쳐들어온 수나라군. 수나라 양제는 5년 동안 고구려와 싸우기 위해 단단히 준비했어요. 그리고 612년, 드디어 많은 군사들을 이끌고 직접 고구려를 공격했지요. 하지만 고구려군이 랴오허 강을 건너려는 수나라군을 막아 세우는 바람에, 수나라군은 한 달이 지나서야 겨우 랴오허 강을 건너 고구려의 요동성에 도착할 수 있었지요. \"수나라군의 수가 너무 많으니 맞서 싸우지 말고 성을 지키며 기다려라. 기회를 봐서 공격하자!\" 고구려군은 지키기 작전으로 맞섰어요. 이에 답답해진 수나라군은 사다리를 타고 성벽을 오르기 시작했지요. 하지만 고구려군은 수나라군이 성에 들어오지 못하도록 잘 막았어요. 수나라 양제는 점점 초조해졌어요. 그래서 30만 명의 특별 부대를 뽑아 고구려의 수도인 평양성을 갑자기 공격하기로 했어요. 수나라의 특별 부대를 이끄는 우중문은 군사들을 이끌고 평양성을 향해 빠르게 달려갔어요.",
      "srcPage": 4,
      "srcSentenceEA": 13,
      "srcWordEA": 119,
      "character": "양제,수나라군,사다리,우중문,군사,수나라 양제,군사들,고구려군,성,성벽,부대,수도,평양성",
      "setting": "612년,랴오허 강,고구려,요동성",
      "action": "준비했어요,공격했지요,이끌고,건너려는,기다려라,오르기 시작했지요,막았어요,물리치다,쳐들어온,막아 세우는,도착할 수 있었지요,싸우지 말고,지키며 기다려라,타고,오르기,달려갔어요",
      "feeling": "초조해졌어요",
      "causalRelationship": "고구려군은 지키기 작전으로 맞섰어요. 이에 답답해진 수나라군은 사다리를 타고 성벽을 오르기 시작했지요.",
      "outcomeResolution": null,
      "prediction": null,
      "plotSummaryInfoCount": 1,
      "plotSummaryInfo": {
        "classification": "사회관계",
        "readAge": "초등_저학년",
        "form": "long-form",
        "plotSummaryText": "수나라 양제는 5년 동안 고구려와 싸우기 위해 단단히 준비했지만 고구려군이 랴오허 강을 건너려는 수나라군을 막아 세우는 바람에 수나라군은 한 달이 지나서야 겨우 랴오허 강을 건너 고구려의 요동성에 도착할 수 있었고, 수나라 양제는 점점 초조해져서 고구려의 수도인 평양성을 갑자기 공격하기로 했습니다.",
        "textWordEA": 40
      }
    },
    {
      "srcTextID": "139571",
      "srcText": "안시성 싸움으로 당나라를 몰아내다. 당나라를 몰아내다 연개소문이 강하게 맞서자 당나라 태종은 그동안 미루어 오던 고구려와의 전쟁을 시작했어요. 당나라군은 거침없이 공격해 왔어요. 그리고는 마침내 요동성 주위를 에워쌌어요. 고구려군은 요동성을 꿋꿋이 지켰어요. 하지만 바람을 타고 들어오는 당나라군의 불화살에 그만 요동성 안은 불바다가 되고 말았지요. 결국 고구려군은 요동성을 당나라군에게 내어 주었어요. 요동성에 이어 다른 고구려 성들도 하나둘 무너져 갔어요. 하지만 연개소문도 가만 있지는 않았어요. 당나라군을 둘러싸고 식량이 지나다니는 걸 막았어요. 식량이 떨어지자 당나라군은 안시성으로 공격해 왔어요. 하지만 이곳엔 성주 양만춘이 있었어요. 양만춘은 당나라군에 맞서 용감하게 싸웠어요. 드디어 고구려에 앙갚음을 할 때가 왔다. 고구려로 쳐들어가서 연개소문을 혼내 주자!",
      "srcPage": 8,
      "srcSentenceEA": 15,
      "srcWordEA": 108,
      "character": "연개소문,태종,불화살,식량,성주,양만춘,당나라,당나라군,고구려군,고구려 성",
      "setting": "요동성,안시성,고구려",
      "action": "시작했어요,지켰어요,내어 주었어요,막았어요,싸웠어요,공격해 왔어요,쳐들어가서,에워쌌어요,들어오는",
      "feeling": "용감하게",
      "causalRelationship": "고구려군은 요동성을 꿋꿋이 지켰어요. 하지만 바람을 타고 들어오는 당나라군의 불화살에 그만 요동성 안은 불바다가 되고 말았지요. 결국 고구려군은 요동성을 당나라군에게 내어 주었어요.",
      "outcomeResolution": null,
      "prediction": null,
      "plotSummaryInfoCount": 1,
      "plotSummaryInfo": {
        "classification": "사회관계",
        "readAge": "초등_저학년",
        "form": "long-form",
        "plotSummaryText": "연개소문이 강하게 맞서자 당나라 태종은 그동안 미루어 오던 고구려와의 전쟁을 시작했고, 고구려 성들이 무너져 갔지만 연개소문도 당나라군을 둘러싸고 식량이 지나다니는 걸 막았고 안시성의 성주 양만춘 역시 당나라군에 맞서 용감하게 싸웠습니다.",
        "textWordEA": 30
      }
    },
    {
      "srcTextID": "139576",
      "srcText": "김춘추의 부탁을 절한 연개소문. 쌀쌀 맞은 연개소문의 대답. 신라가 백제를 배신하고 한강 유역을 독차지하자 백제는 계속해서 신라를 공격했어요. 그리고 급기야 신라 왕족 김춘추의 사위가 지키던 대야성을 빼앗아 버렸지요. 이 싸움으로 사위와 딸을 잃어버린 김춘추는 큰 충격을 받았어요. 그리고 다짐했지요. '반드시 백제를 무찔러 내 딸과 사위의 원수를 갚을 것이다!' 김춘추는 고구려의 연개소문을 찾아갔어요. 그리고 연개소문에게 백제를 혼내 달라고 부탁했지요. 하지만 연개소문은 받아들이지 않았어요. \"왜 우리가 아무 얻는 것도 없이 백제를 공격하겠는가?\" 김춘추는 연개소문의 퉁명스러운 대답을 듣고 나서 말했어요. \"만약 저희 신라가 당나라와 함께 고구려를 공격한다고 생각해 보십시오. 그러면 고구려에 불행한 일이 아닙니까? 그러니 제 부탁을 들어 주십시오.\" 하지만 연개소문은 불쾌한 표정을 지으며 딱 잘라 말했어요. \"죽령의 북쪽은 원래 우리 고구려의 땅이오. 그런데 지금은 신라가 차지하고 있소. 그 땅을 돌려준다면 신라의 부탁을 들어 주겠소.\"",
      "srcPage": 13,
      "srcSentenceEA": 19,
      "srcWordEA": 136,
      "character": "김춘추,연개소문,사위,딸,신라,백제,한강,신라 왕족,대야성,당나라,죽령,땅",
      "setting": "고구려",
      "action": "배신하고,빼앗아 버렸지요,공격했어요,잃어버린,다짐했지요,찾아갔어요,부탁했지요,말했어요,지키던,무찔러,공격하겠는가,대답을 듣고,돌려준다면",
      "feeling": "불쾌한,쌀쌀 맞은,불행한",
      "causalRelationship": "신라가 백제를 배신하고 한강 유역을 독차지하자 백제는 계속해서 신라를 공격했어요.",
      "outcomeResolution": null,
      "prediction": null,
      "plotSummaryInfoCount": 1,
      "plotSummaryInfo": {
        "classification": "사회관계",
        "readAge": "초등_저학년",
        "form": "long-form",
        "plotSummaryText": "신라가 백제를 배신하고 한강 유역을 독차지하자 백제는 계속해서 신라를 공격했으며 신라 왕족 김춘추의 사위가 지키던 대야성을 빼앗아 버리자 큰 충격을 받은 김춘추는 고구려의 연개소문을 찾아가 백제를 혼내 달라고 부탁했는데, 연개소문은 원래 고구려의 땅인 죽령의 북쪽을 지금은 신라가 차지하고 있으니 돌려준다면 신라의 부탁을 들어 주겠다고 했습니다.",
        "textWordEA": 45
      }
    },
    {
      "srcTextID": "139577",
      "srcText": "꾀를 내어 신라로 돌아간 김춘추. 죽령의 북쪽은 신라에게 아주 중요한 땅이었어요. 만약 죽령을 고구려에게 돌려준다면 신라는 백제보다 더 무서운 고구려를 코앞에 두어야 했지요. \"그건 제 마음대로 결정할 수 없는 일이옵니다.\" 김춘추는 연개소문의 요구에 한 발 물러섰어요. 화가 난 연개소문은 김춘추를 가두어 버렸어요. 갇힌 김춘추는 고구려 귀족인 선도해에게 도와 달라고 부탁했어요. 선도해는 김춘추를 도와 한 가지 꾀를 내게 했지요. 바로 연개소문에게 거짓으로 땅을 돌려준다는 약속이었어요. \"제가 신라로 돌아가서 선덕 여왕께 죽령의 북쪽 땅을 고구려에게 돌려주자고 이야기하겠습니다. 그러니 저를 풀어 주십시오.\" 이렇게 해서 김춘추는 간신히 신라로 돌아갈 수 있었어요. 죽령의 북쪽을 돌려준다면 신라와 손을 잡을 수도 있지. 안 되겠다. 그냥 돌아가자!",
      "srcPage": 14,
      "srcSentenceEA": 15,
      "srcWordEA": 111,
      "character": "김춘추,연개소문,귀족,선도해,선덕 여왕,손,죽령,땅,신라,백제",
      "setting": "고구려",
      "action": "돌려준다면,한 발 물러섰어요,가두어 버렸어요,부탁했어요,이야기하겠습니다,돌아갈,돌아간,결정할 수 없는,돌려준다는 약속이었어요,풀어 주십시오,손을 잡을 수도",
      "feeling": "화가 난,무서운",
      "causalRelationship": "죽령의 북쪽은 신라에게 아주 중요한 땅이었어요. 만약 죽령을 고구려에게 돌려준다면 신라는 백제보다 더 무서운 고구려를 코앞에 두어야 했지요.",
      "outcomeResolution": null,
      "prediction": null,
      "plotSummaryInfoCount": 1,
      "plotSummaryInfo": {
        "classification": "사회관계",
        "readAge": "초등_저학년",
        "form": "long-form",
        "plotSummaryText": "죽령의 북쪽은 신라에게 아주 중요한 땅이어서 죽령을 고구려에게 돌려준다면 신라는 백제보다 더 무서운 고구려를 코앞에 두어야 하니 한 발 물러서자 연개소문은 김춘추를 가두어 버렸으며, 고구려 귀족 선도해는 연개소문에게 거짓으로 땅을 돌려준다는 약속을 하라고 제안했고 그것을 따라 김춘추는 간신히 신라로 돌아갈 수 있었습니다.",
        "textWordEA": 42
      }
    },
    {
      "srcTextID": "139578",
      "srcText": "나 당 연합군이 만들어지다. 신라와 당나라가 힘을 합치다. 간신히 신라로 돌아온 김춘추는 다짐했어요. '목숨을 걸고서라도 서해를 건너야겠다. 신라가 살아남는 길은 바다 건너의 당나라와 손을 잡는 방법밖에 없어.' 김춘추는 배를 타고 당나라로 향했어요. '당나라를 어떻게 끌어들여야 할까?' 김춘추는 곰곰이 생각했어요. '옳지! 당나라는 지금 고구려를 쓰러뜨릴 궁리만 하고 있으니 우리 신라를 먼저 도와 백제를 물리쳐 주면 우리가 당나라를 돕겠다고 하면 되겠군.' 서해를 건너 당나라의 황제 태종을 만난 김춘추는 신라를 괴롭히는 백제를 공격해 달라고 부탁했어요. 하지만 당나라의 태종은 백제에 신라를 공격하지 말라는 내용의 편지 한 통만을 써 주겠다고 했지요. 그러자 김춘추는 당나라의 아픈 과거를 이야기했어요. \"지난날, 당나라가 안시성 싸움을 비롯한 고구려와의 전쟁에서 진 이유는 식량을 나르는 것이 어려웠기 때문입니다. 만약 당나라가 우리 신라와 힘을 합쳐 고구려로 쳐들어간다면 신라가 식량을 대겠습니다.\" 당나라의 태종은 김춘추의 말에 마음이 흔들렸어요. 결국 신라와 당나라는 나 당 연합군을 만들기로 결정했지요. 그리고 나중에 백제와 고구려를 물리치면 대동강의 남쪽 땅은 신라가, 대동강의 북쪽 땅은 당나라가 나눠 갖기로 약속했어요.",
      "srcPage": 15,
      "srcSentenceEA": 17,
      "srcWordEA": 160,
      "character": "김춘추,편지,식량,나당 연합군,신라,서해,바다,배,백제,황제 태종,태종,안시성,고구려,대동강,땅",
      "setting": "당나라",
      "action": "다짐했어요,건너야겠다,타고,향했어요,생각했어요,이야기했어요,결정했지요,돌아온,쓰러뜨릴 궁리만 하고,만난,공격해 달라고,써 주겠다고,나르는 것이,쳐들어간다면,물리치면",
      "feeling": "아픈,괴롭히는",
      "causalRelationship": null,
      "outcomeResolution": null,
      "prediction": null,
      "plotSummaryInfoCount": 1,
      "plotSummaryInfo": {
        "classification": "사회관계",
        "readAge": "초등_저학년",
        "form": "long-form",
        "plotSummaryText": "간신히 신라로 돌아온 김춘추는 신라가 살아남는 길은 바다 건너의 당나라와 손을 잡는 방법밖에 없다는 생각에 당나라로 갔고 태종을 만나 신라를 괴롭히는 백제를 공격해 달라고 부탁하며 당나라가 안시성 싸움을 비롯한 고구려와의 전쟁에서 진 이유는 식량을 나르는 것이 어려웠기 때문이라면서, 우리 신라와 힘을 합쳐 고구려로 쳐들어간다면 신라가 식량을 대겠다고 해서 나당 연합군을 만들기로 결정했습니다.",
        "textWordEA": 52
      }
    },
    {
      "srcTextID": "139579",
      "srcText": "꺼지는 불꽃, 고구려. 660년, 백제를 멸망시킨 나·당 연합군은 그 이듬해 고구려를 공격했어요. 하지만 아무리 공격을 퍼부어도 연개소문을 중심으로 똘똘 뭉친 고구려는 쉽게 무너지지 않았어요. 몇몇 당나라 군사들만이 겨우 목숨을 건진 채 당나라로 돌아갔어요. 하지만 수나라에 이어 당나라까지 공격을 계속하자, 고구려의 힘은 날로 약해져 갔어요. 그리고 계속되는 흉년으로 나라의 살림살이도 어려워졌지요. 어느덧 연개소문도 나이가 들어 죽을 때가 다가왔어요. 연개소문은 세 아들을 불러놓고 말했어요. 당나라와신라가 우리 고구려를 호시탐탐 노리고 있다. 서로 힘을 모아 고구려를 지키거라! 하지만 연개소문이 죽자 아들들 사이에서 최고 권력자의 자리를 놓고 다툼이 일었어요. 고구려는 점점 힘을 잃어갔어요.",
      "srcPage": 16,
      "srcSentenceEA": 12,
      "srcWordEA": 99,
      "character": "연개소문,군사들,권력자,백제,당나라 군사들,당나라,수나라,나라,아들,신라",
      "setting": "고구려,660년",
      "action": "공격했어요,돌아갔어요,말했어요,지키거라,죽자,다툼이 일었어요,불러놓고,힘을 잃어갔어요",
      "feeling": null,
      "causalRelationship": null,
      "outcomeResolution": null,
      "prediction": null,
      "plotSummaryInfoCount": 1,
      "plotSummaryInfo": {
        "classification": "사회관계",
        "readAge": "초등_저학년",
        "form": "long-form",
        "plotSummaryText": "660년에 백제를 멸망시킨 나당 연합군은 그 이듬해 고구려를 공격했고 연개소문을 중심으로 똘똘 뭉친 고구려는 쉽게 무너지지 않았지만 수나라에 이어 당나라까지 공격을 계속하자 고구려의 힘은 날로 약해져 갔고, 연개소문은 세 아들을 불러놓고 힘을 모아 고구려를 지키라고 했지만 아들들 사이에서 최고 권력자의 자리를 놓고 다툼이 일었고 고구려는 점점 힘을 잃어갔습니다.",
        "textWordEA": 48
      }
    },
    {
      "srcTextID": "139581",
      "srcText": "얼마 뒤, 남건과 남산은 군사를 보내 남생을 공격했어요. 싸움에서 지자 화가 난 남생은 당나라로 찾아가 항복해 버렸어요. 어이없이 무너진 고구려. '연개소문도 죽고 그의 맏아들마저 우리 당나라에 항복했으니, 이제 고구려도 얼마 남지 않았군.' 당나라는 이때가 고구려를 물리칠 아주 좋은 기회라고 생각했어요. 당나라는 즉시 고구려를 공격했어요. 이때 당나라 군대를 이끌고 고구려로 쳐들어간 사람은, 다름 아닌 남생이었지요. 고구려에 대해 잘 알고 있는 남생이 앞세운 당나라 군대는 고구려의 성들을 손에 넣고 평양성을 향했어요. 신라군도 이를 도와 평양성으로 출발했지요. 적들에게 둘러싸인 고구려의 평양성은 마침내 배신자가 성문을 열어 준 탓에, 668년, 결국 나 당 연합군의 손에 넘어갔어요. 이것으로 700년의 역사를 이어 나가며 동북아시아를 크게 호령했던 고구려가 형제들 사이의 자리다툼으로 어이없이 무너지고 만 것이지요. 전쟁에서 이긴 당나라군은 보장왕과 20만 명의 고구려 사람들을 당나라로 끌고 갔어요. 그리고 고구려 땅에 안동 도호부를 만들어 고구려를 직접 다스리려고 했어요. 괘씸한 녀석들, 두고 보자!",
      "srcPage": 18,
      "srcSentenceEA": 14,
      "srcWordEA": 144,
      "character": "군사,남생,연개소문,맏아들,적,배신자,성문,형제들,남건,남산,당나라,군대,사람,성,신라군,나당 연합군,동북아시아,당나라군,보장왕,사람들,땅,안동 도호부",
      "setting": "고구려,평양성,668년",
      "action": "공격했어요,항복해 버렸어요,쳐들어간,향했어요,출발했지요,호령했던,끌고 갔어요,보내,싸움에서 지자,찾아가,이끌고,열어 준,이긴,다스리려고",
      "feeling": "화가 난,어이없이",
      "causalRelationship": "얼마 뒤,남건과 남산은 군사를 보내 남생을 공격했어요. 싸움에서 지자 화가 난 남생은 당나라로 찾아가 항복해 버렸어요.",
      "outcomeResolution": null,
      "prediction": null,
      "plotSummaryInfoCount": 1,
      "plotSummaryInfo": {
        "classification": "사회관계",
        "readAge": "초등_저학년",
        "form": "long-form",
        "plotSummaryText": "남건과 남산은 군사를 보내 남생을 공격하자 화가 난 남생은 당나라로 찾아가 항복해 버렸고 연개소문도 죽고 그의 맏아들마저 우리 당나라에 항복했으니 이제 고구려도 얼마 남지 않다는 생각에 당나라는 즉시 고구려를 공격했고, 남생을 앞세운 당나라 군대는 고구려의 성들을 손에 넣고 평양성을 향했으며 배신자가 성문을 열어 준 탓에 668년 결국 나 당 연합군의 손에 넘어갔습니다.",
        "textWordEA": 52
      }
    },
    {
      "srcTextID": "139573",
      "srcText": " 고구려의 튼튼한 성 중국의 큰 나라들은 수많은 군사와 우수한 무기를 갖고도 고구려를 쉽게 이기지 못했어요. 고구려의 성이 매우 튼튼했기 때문이지요. 중국의 성이 주로 평지에 벽돌을 쌓아 만든 것과 달리, 고구려의 성은 자연환경을 이용해 돌을 쌓아 만들었어요. 이런 고구려의 성에는 '치'와 '옹성' 이 있었지요. 치는 성을 둘러싼 성벽 중, 볼록 모양으로 볼록 튀어나온 부분이에요. 앞쪽과 왼쪽, 오른쪽에서 오는 적을 막기에 좋았어요. 또 옹성은 성문을 둥그렇게 말아 쌓은 것인데 적군을 가두어 무찌르는 데 쓸모가 있었지요. 추운 집을 따끈따끈하게 해 주는 온돌. 고구려 사람들은 온돌을 만들어 추위를 이겨 냈어요. 그런데 당시의 온돌은 방 한쪽에 흙으로 긴 굴을 만들어 아궁이에 장작을 때어 썼어요. 그러면 연결된 통로를 따라 따뜻한 기운이 전해졌지요. 온돌을 쓴 사람들은 평민들이었어요. 허름한 집에 사는 평민들에게는 추운 집을 따뜻하게 해 주는 온돌이 꼭 필요했기 때문이에요. 고구려 사람들이 사용하기 시작한 온돌은 점차 남쪽의 백제, 신라에까지 퍼져 나갔지요. 고구려 사람들의 먹을거리. 고구려는 백제나 신라에 비해 비옥한 땅이 적어 곡식이 모자랐어요. 그래서 사냥해서 잡은 동물의 고기를 곡식과 함께 먹었지요. 얼마 나지 않는 쌀은 아무나 먹을 수 없었어요. 높은 귀족들만 먹을 수 있었지요. 반면 평민들은 조, 콩, 밀과 같은 것을 먹었어요. 고구려 귀족들은 동해에서 나는 해산물도 즐겨 먹었어요. 동해안에 있는 옥저를 공격해서 특산물을 바치게 했기 때문이지요.",
      "srcPage": 10,
      "srcSentenceEA": 23,
      "srcWordEA": 214,
      "character": "군사,무기,벽돌,돌,적,온돌,아궁이,장작,평민들,사람들,조,콩,밀,해산물,성,중국,나라,평지,치,옹성,성벽,성문,집,방,흙,굴,백제,신라,곡식,동물,고기,쌀,귀족들,동해,옥저",
      "setting": "고구려",
      "action": "쌓아 만든,만들었어요,사냥해서,잡은,먹었지요,먹었어요,공격해서,둘러싼,적을 막기에,둥그렇게 말아 쌓은,가두어 무찌르는,만들어,때어 썼어요,사용하기 시작한",
      "feeling": null,
      "causalRelationship": "고구려는 백제나 신라에 비해 비옥한 땅이 적어 곡식이 모자랐어요. 그래서 사냥해서 잡은 동물의 고기를 곡식과 함께 먹었지요.",
      "outcomeResolution": null,
      "prediction": null,
      "plotSummaryInfoCount": 1,
      "plotSummaryInfo": {
        "classification": "사회관계",
        "readAge": "초등_저학년",
        "form": "long-form",
        "plotSummaryText": "중국의 큰 나라들은 수많은 군사와 우수한 무기를 갖고도 고구려를 쉽게 이기지 못했는데 중국의 성이 주로 평지에 벽돌을 쌓아 만든 것과 달리 고구려의 성은 자연환경을 이용해 돌을 쌓아 만들었기 때문이며, 고구려 사람들은 온돌을 만들어 추위를 이겨 내서 고구려 사람들이 사용하기 시작한 온돌은 점차 남쪽의 백제, 신라에까지 퍼져 나갔습니다.",
        "textWordEA": 47
      }
    },
    {
      "srcTextID": "139575",
      "srcText": "무너진 고구려, 다시 일어서라! 신라가 당나라와힘을 합해 고구려로 쳐들어오자 고구려는 크게 흔들렸어요. 게다가 연개소문이 죽자, 왕의 자리를 놓고 연개소문의 아들들 사이에 싸움이 벌어져 나라는 어지러웠어요. 이렇게 혼란한 틈을 타 쳐들어온 나 당 연합군에 고구려는 고개를 숙이고 말았지요. 하지만 고구려는 여기서 끝나지 않았어요. 고구려의 유민들은 계속해서 고구려를 다시 세우려 노력했어요. 그렇게 해서 세워진 나라가 발해예요. 고구려를 다시 일으켜 세웁시다! 힘을 보태겠소.",
      "srcPage": 12,
      "srcSentenceEA": 9,
      "srcWordEA": 68,
      "character": "연개소문,왕,아들들,고개,신라,당나라,나당 연합군,유민들,나라,발해",
      "setting": "고구려",
      "action": "쳐들어오자,고개를 숙이고 말았지요,노력했어요,일으켜 세웁시다,힘을 보태겠소,힘을 합해,싸움이 벌어져",
      "feeling": null,
      "causalRelationship": "고구려의 유민들은 계속해서 고구려를 다시 세우려 노력했어요. 그렇게 해서 세워진 나라가 발해예요.",
      "outcomeResolution": null,
      "prediction": null,
      "plotSummaryInfoCount": 1,
      "plotSummaryInfo": {
        "classification": "사회관계",
        "readAge": "초등_저학년",
        "form": "long-form",
        "plotSummaryText": "신라가 당나라와 힘을 합해 고구려로 쳐들어오자 고구려는 크게 흔들렸으며 연개소문이 죽자 왕의 자리를 놓고 연개소문의 아들들 사이에 싸움이 벌어져 나라는 어지러워져 결국 나당 연합군에 고구려는 고개를 숙이고 말았으며, 고구려의 유민들이 계속해서 고구려를 다시 세우려 노력해서 세워진 나라가 발해입니다.",
        "textWordEA": 38
      }
    },
    {
      "srcTextID": "139569",
      "srcText": "고구려를 휘어잡은 연개소문. 날로 거세지는 당나라의 위협. 수나라에 이어 중국에는 당나라가 들어섰어요. '고구려는 수나라의 공격에도 끄떡없었던 강한 나라야. 섣불리 공격했다가는 수나라와 똑같이 되고 말 거야!' 당나라는 처음 몇 년 동안은 고구려와 평화롭게 지냈어요. 하지만 태종이 황제가 된 후, 두 나라는 사이가 점점 벌어지기 시작했어요. 태종은 주변의 모든 나라를 차지하려는 당찬 생각을 가지고 차츰차츰 땅을 넓혀 갔어요. 고구려는 점점 강해지는 당나라에 맞설 준비를 했어요. 그리고 랴오허 강 주위의 국경에 천리장성도 쌓았지요. 그러던 어느 날, 당나라는 고구려에게 신하 나라가 될 것을 요구했어요. 우리 당나라의 신하 나라가 될 기회를 주겠다! 우리 고구려를 만만하게 보다니.",
      "srcPage": 6,
      "srcSentenceEA": 13,
      "srcWordEA": 102,
      "character": "태종,신하,황제,연개소문,당나라,수나라,중국,나라,땅,천리장성,신하 나라,랴오허 강",
      "setting": "고구려",
      "action": "넓혀 갔어요,쌓았지요,요구했어요,준비를 했어요,휘어잡은,공격했다가는,차지하려는",
      "feeling": null,
      "causalRelationship": null,
      "outcomeResolution": null,
      "prediction": null,
      "plotSummaryInfoCount": 1,
      "plotSummaryInfo": {
        "classification": "사회관계",
        "readAge": "초등_저학년",
        "form": "long-form",
        "plotSummaryText": "수나라에 이어 중국에는 당나라가 들어섰고 처음 몇 년 동안은 고구려와 평화롭게 지냈지만, 태종은 주변의 모든 나라를 차지하려고 했고 당나라는 고구려에게 신하 나라가 될 것을 요구했습니다.",
        "textWordEA": 25
      }
    },
    {
      "srcTextID": "139570",
      "srcText": "당나라에 기죽지 않은 연개소문 영류왕과 평양의 귀족들은 잠시 동안 당나라의 신하 나라가 되더라도 힘이 센 당나라와 평화롭게 지내야 한다고 했어요. 하지만 연개소문은 절대 당나라에 무릎을 꿇어선 안 된다고 당당히 맞섰지요. 싸움이 계속되자 연개소문을 싫어하던 귀족들은 영류왕과 짜고 연개소문을 몰래 죽이려고 했어요. 하지만 이를 눈치 챈 연개소문이 먼저 왕과 귀족들을 죽이고 권력을 차지했지요. 연개소문은 영류왕의 조카를 왕으로 앉히고 자신은 대막리지라는 최고 관직에 올랐어요. 이렇게 해서 왕이 된 어린 보장왕 뒤에서 권력을 마음대로 휘둘렀지요. 한편 고구려와 백제의 공격에 시달리던 신라는 당나라에 도움을 청했어요. 그러자 당나라는 고구려를 위협했어요. \"신라에 대한 공격을 그만두지 않으면, 고구려로 쳐들어가겠다!\" 하지만 연개소문은 눈 하나 깜짝하지 않았어요. \"어디 올 테면 와 봐라! 너희가 쳐들어오면 끝까지 맞서 싸울 테다.\" 이렇게 고구려와 당나라는 한 치의 양보도 없이 서로 맞섰어요.",
      "srcPage": 7,
      "srcSentenceEA": 13,
      "srcWordEA": 128,
      "character": "영류왕,귀족,신하,연개소문,조카,왕,무릎,당나라,신하 나라,대막리지,보장왕,백제,신라",
      "setting": "평양,고구려",
      "action": "맞섰지요,죽이려고 했어요,눈치 챈,차지했지요,휘둘렀지요,도움을 청했어요,지내야 한다고,싸움이 계속되자,공격에 시달리던,쳐들어가겠다",
      "feeling": "싫어하던,위협했어요",
      "causalRelationship": "싸움이 계속되자 연개소문을 싫어하던 귀족들은 영류왕과 짜고 연개소문을 몰래 죽이려고 했어요. 하지만 이를 눈치 챈 연개소문이 먼저 왕과 귀족들을 죽이고 권력을 차지했지요.",
      "outcomeResolution": null,
      "prediction": null,
      "plotSummaryInfoCount": 1,
      "plotSummaryInfo": {
        "classification": "사회관계",
        "readAge": "초등_저학년",
        "form": "long-form",
        "plotSummaryText": "영류왕과 평양의 귀족들은 당나라와 평화롭게 지내야 한다고 했지만 연개소문은 절대 무릎을 꿇어선 안 된다며 당당히 맞섰고, 귀족들이 영류왕과 짜고 연개소문을 죽이려 하자 연개소문은 영류왕의 조카를 왕으로 앉히고 자신은 대막리지라는 최고 관직에 올랐으며 당나라와 고구려는 한 치의 양보도 없이 서로 맞섰습니다.",
        "textWordEA": 40
      }
    },
    {
      "srcTextID": "139574",
      "srcText": "거문고를 만든 왕산악. 중국에서 일곱 줄이 있는 악기를 고구려에 보내 왔어요. 하지만 그 악기를 연주할 수 있는 사람을 찾을 수 없었지요. 결국 나라에서는 그 악기를 연주할 수 있는 사람에게 상을 내리기로 했어요. 그때 왕산악이 나섰어요. 왕산악은 그 악기를 새롭게 고쳐 만들었고 멋지게 연주를 했지요. 왕산악의 연주가 시작되자 어디선가 검은 학이 날아와 춤을 추었어요. 그래서 사람들은 새롭게 만들어진 이 악기를 거문고라 이름 지었다고 전해지고 있어요. 신분을 극복한 사랑 바보온달과 평강 공주. 온달산성 거문고 평원왕에게는 평강 공주라는 어여쁜 딸이 있었어요. 평강 공주는 어릴 적 엄청난 울보였지요. 공주가 울 때마다 왕은 공주에게 말했어요. \"어허, 이렇게 자꾸 울면 다음에 바보 온달한테 시집보낼 거야. 뚝!\" 평강 공주가 어른이 되자 평원왕은 평강 공주를 높은 귀족에게 시집보내려고 했어요. 그러자 평강 공주는 바보 온달에게 시집을 가겠다고 고집을 피웠지요. 왕은 공주를 궁궐에서 쫓아냈어요. 궁궐을 나온 공주는 온달을 찾아가 혼인을 했지요. 온달은 홀로 눈먼 어머니를 모시고 사는 착한 청년이었어요. 평강 공주와 혼인한 온달은 열심히 학문과 무예를 닦았어요. 그리고는 마침내 나라의 사냥 대회에서 일등을 했지요. 그리고 중국의 후주와 전쟁에서도 큰 공을 세웠어요. 그러자 평원왕은 온달을 사위로 받아들였어요. 이후에도 온달은 전쟁터에서 큰 활약을 했어요. 그러다가 신라군과 싸우던 아차산에서 안타깝게 죽고 말았답니다. 사냥에 나를 당할 사람은 없어.",
      "srcPage": 11,
      "srcSentenceEA": 26,
      "srcWordEA": 208,
      "character": "거문고,왕산악,악기,청년,딸,평강 공주,왕,바보 온달,중국,사람,나라,검은 학,온달산성,평원왕,울보,공주,어른,귀족,궁궐,온달,어머니,후주,사위,신라군,아차산",
      "setting": "고구려",
      "action": "보내 왔어요,나섰어요,연주를 했지요,말했어요,혼인을 했지요,일등을 했지요,만,연주할 수 있는,고쳐 만들었고,날아와 춤을 추었어요,만들어진,시집보낼 거야,시집을 가겠다고,쫓아냈어요,찾아가,모시고 사는,닦았어요,받아들였어요,싸우던",
      "feeling": "안타깝게,착한",
      "causalRelationship": null,
      "outcomeResolution": null,
      "prediction": null,
      "plotSummaryInfoCount": 1,
      "plotSummaryInfo": {
        "classification": "사회관계",
        "readAge": "초등_저학년",
        "form": "long-form",
        "plotSummaryText": "중국에서 일곱 줄이 있는 악기를 고구려에 보냈지만 연주할 수 있는 사람을 찾을 수 없었고 왕산악은 그 악기를 새롭게 고쳐 만들었고 멋지게 연주를 했고 연주가 시작되자 어디선가 검은 학이 날아와 춤을 추었으며 새롭게 만들어진 이 악기를 거문고라 이름 지었다고 전해지고, 평원왕에게는 평강 공주라는 어여쁜 딸이 있었는데 바보 온달에게 시집을 가겠다고 고집을 피웠고 온달은 열심히 학문과 무예를 닦았고 나라의 사냥 대회에서 일등을 했으며 중국의 후주와 전쟁에서도 큰 공을 세웠습니다.",
        "textWordEA": 67
      }
    },
    {
      "srcTextID": "139580",
      "srcText": "고구려, 700년 역사에 마침표를 찍다.연씨 형제들 사이의 다툼 연개소문의 자리는 큰아들 남생이 이어받았어요. 남생은 당나라와의 전쟁에 대비하기 위해 평양성을 떠났어요. 그러자 연씨 형제들 사이를 벌여 놓으려는 사람들이 나타났어요. \"남생은 아우인 두 분을 의심하고 있습니다. 그러니 이번 기회에 형의 자리를 빼앗아야 합니다. 그렇지 않으면 나중에 목숨을 잃을 겁니다.\" 이 말에 속아 넘어간 남건과 남산은 남생이 없는 틈을 타서 형의 자리를 빼앗았어요. 이 소식을 전해 들은 남생은 깜짝 놀랐지요. \"아니, 이 녀석들! 감히 형의 자리를 넘보다니. 가만 두지 않겠다.\" 하지만 남생에게는 군사가 얼마 없었어요. 그래서 우선은 국내성으로 피했지요.형인 나를 우습게 여기다니. 형도 우리를 의심했지 않습니까?",
      "srcPage": 17,
      "srcSentenceEA": 16,
      "srcWordEA": 106,
      "character": "연개소문,아우,사람들,형,연씨 형제들,큰아들 남생,당나라,남생,남건,남산,군사",
      "setting": "고구려,평양성,국내성",
      "action": "이어받았어요,떠났어요,나타났어요,빼앗았어요,피했지요,목숨을 잃을,속아 넘어간,전해 들은",
      "feeling": "놀랐지요,우습게 여기다니",
      "causalRelationship": null,
      "outcomeResolution": null,
      "prediction": null,
      "plotSummaryInfoCount": 1,
      "plotSummaryInfo": {
        "classification": "사회관계",
        "readAge": "초등_저학년",
        "form": "long-form",
        "plotSummaryText": "연씨 형제들 사이의 다툼 연개소문의 자리는 큰아들 남생이 이어받았고, 남생이 당나라와의 전쟁에 대비하기 위해 평양성을 떠나자 남건과 남산은 남생이 없는 틈을 타서 형의 자리를 빼앗았고 남생은 우선 국내성으로 피했습니다.",
        "textWordEA": 29
      }
    },
    {
      "srcTextID": "139583",
      "srcText": "고구려의 전통을 이어 받은 발해 고구려 관리였던 검모잠은 고구려 유민들을 모았어요. 그리고 한성, 지금의 황해도 재령에 자리를 잡고 활발하게 고구려를 다시 일으키기 위해 노력했지요. 그러면서 고구려의 왕족 안승을 왕으로 떠받들었어요. \"폐하, 이제 당나라를 물리치고 옛 고구려의 땅을 되찾아야 합니다!\" 안승과 검모잠, 고연무는 힘을 합쳐 평양성에 있던 당나라군을 몰아냈어요. 이렇게 힘을 합쳐 처음에는 큰 성과도 거두었지요. 하지만 서로 마음이 맞지 않아 결국 뜻을 이루지 못했어요. 이때 고구려 유민들은 당나라에서 벗어나 고구려를 다시 세우기 위해 계속해서 노력했어요. 그리고 698년, 고구려 유민이었던 대조영이 발해를 세웠지요. 마침내 고구려의 전통을 이어 나갈 나라가 세워진 거예요.",
      "srcPage": 20,
      "srcSentenceEA": 10,
      "srcWordEA": 98,
      "character": "유민들,안승,왕,당나라군,대조영,고구려,고구려 관리,검모잠,왕족,폐하,당나라,땅,고연무,평양성,나라",
      "setting": "발해,한성,황해도 재령,698년",
      "action": "모았어요,노력했지요,떠받들었어요,물리치고,몰아냈어요,세웠지요,되찾아야 합니다",
      "feeling": null,
      "causalRelationship": null,
      "outcomeResolution": null,
      "prediction": "마침내 고구려의 전통을 이어 나갈 나라가 세워진 거예요.",
      "plotSummaryInfoCount": 1,
      "plotSummaryInfo": {
        "classification": "사회관계",
        "readAge": "초등_저학년",
        "form": "long-form",
        "plotSummaryText": "고구려의 전통을 이어 받은 발해 고구려 관리였던 검모잠은 고구려 유민들을 모아 고구려의 왕족 안승을 왕으로 떠받들었고 안승과 검모잠과 고연무는 힘을 합쳐 평양성에 있던 당나라군을 몰아냈지만 서로 마음이 맞지 않아 결국 뜻을 이루지 못했으며, 698년에 고구려 유민이었던 대조영이 발해를 세워 마침내 고구려의 전통을 이어 나갈 나라가 세워진 것이었습니다.",
        "textWordEA": 47
      }
    }
  ]
}