{
  "title": "문희",
  "author": "구들",
  "illustrator": "손다혜",
  "isbn": "9788954339537",
  "publishedYear": 2004,
  "publisher": "한국삐아제",
  "paragraphInfoCount": 17,
  "paragraphInfo": [
    {
      "srcTextID": "130854",
      "srcText": "그 말에 선덕여왕과 대신들은 모두 놀랐어요. 김춘추는 얼굴이 하얗게 질려있었지요. “여봐라, 뭣들 하느냐. 불이 저렇게 타오르고 있는데. 여왕의 명령이니 문희 낭자를 살려주라고 김유신 공에게 전하거라.” 대신들이 김유신의 집으로 달려갔어요. 김춘추는 선덕여왕 앞에 엎드려 애절하게 하소연했어요. “이모님, 제가 죽을 죄를 지었습니다. 왕족인데도 신분이 다른 문희 낭자를 사랑했습니다. 저는 낭자를 포기할 수 없습니다. 제발 저희들의 혼인을 허락해 주십시오.” 선덕여왕은 마음이 따뜻한 사람이었어요. 그래서 김춘추를 일으켜 세우며 말했어요. “사람의 마음은 신분보다 더 강한 법이다. 왕의 권한으로 너와 문희의 혼인을 허락하마.” 그리하여 김춘추와 문희는 성대한 혼례식을 올렸어요.",
      "srcPage": 16,
      "srcSentenceEA": 16,
      "srcWordEA": 95,
      "character": "선덕여왕,대신들,김춘추,문희,김유신 공",
      "setting": null,
      "action": "전하거라,달려갔어요,엎드려,하소연했어요,혼인을 허락해 주십시오,일으켜 세우며 말했어요,혼인을 허락하마,혼례식을 올렸어요",
      "feeling": "놀랐어요,애절하게",
      "causalRelationship": null,
      "outcomeResolution": null,
      "prediction": null,
      "plotSummaryInfoCount": 1,
      "plotSummaryInfo": {
        "classification": "사회관계",
        "readAge": "초등_저학년",
        "form": "long-form",
        "plotSummaryText": "김춘추가 왕족인데도 신분이 다른 문희 낭자를 사랑했으나 포기할 수 없다며 혼인을 허락해 달라고 애절하게 하소연하니, 선덕여왕은 왕의 권한으로 두 사람의 혼인을 허락한다고 하여 김춘추와 문희는 성대한 혼례식을 올렸습니다.",
        "textWordEA": 28
      }
    },
    {
      "srcTextID": "130850",
      "srcText": "김춘추와 문희는 몰래 만나기 시작했어요. 왕족인 김춘추가 신분이 다른 문희와 사랑에 빠졌다는 것이 알려지면 김춘추와 문희는 물론이고 김유신까지 곤란해질 수 있었거든요. 둘은 서로를 깊이 사랑했지만 마음이 무거웠어요. 언제까지 이렇게 몰래 만날 수는 없으니까요. 그러던 어느 날, 문희는 자기가 임신했다는 사실을 알게 되었어요. 혼인도 하지 않은 여자가 임신한다는 것은 그 여자는 물론 집안 전체의 수치였어요. ‘집안 식구들이 알면 나를 가만두지 않을 텐데.’ 문희는 이 사실을 김춘추에게 알렸어요. 그러나 김춘추도 뾰족한 방법이 생각나지 않았어요. 문희는 몇 번이나 아버지께 사실대로 말씀드리려고 했지만 차마 입이 떨어지지 않았지요. 김춘추는 김유신의 얼굴을 제대로 볼 수가 없었어요. 김유신에게까지 비밀로 하고 문희를 만나왔으니까요. 김유신은 활달하던 문희가 늘 방에만 있고, 김춘추가 자기를 피하자 이상한 생각이 들었어요.",
      "srcPage": 13,
      "srcSentenceEA": 13,
      "srcWordEA": 119,
      "character": "김춘추,문희,김유신",
      "setting": null,
      "action": "만나기,임신했다는,말씀드리려고,볼,만나왔으니까요,방에만 있고,피하자,빠졌다는",
      "feeling": "사랑했지만,수치였어요,이상한",
      "causalRelationship": null,
      "outcomeResolution": null,
      "prediction": null,
      "plotSummaryInfoCount": 1,
      "plotSummaryInfo": {
        "classification": "사회관계",
        "readAge": "초등_저학년",
        "form": "long-form",
        "plotSummaryText": "왕족인 김춘추가 신분이 다른 문희와 사랑에 빠졌다는 것이 알려지면 두 사람은 물론이고 김유신까지 곤란해질 수 있는 상황이던 어느 날 문희는 자기가 임신했다는 사실을 알게 되어 혼인도 하지 않은 여자가 임신한다는 것은 집안 전체의 수치였기에 아버지께 사실대로 말씀드리려고 했지만 차마 입이 떨어지지 않았고, 김춘추는 김유신의 얼굴을 제대로 볼 수가 없었는데 활달하던 문희가 늘 방에만 있고 김춘추가 자기를 피하자 김유신은 이상한 생각이 들었습니다.",
        "textWordEA": 61
      }
    },
    {
      "srcTextID": "130846",
      "srcText": "그리고 환하게 빛나는 달님을 향해 기도를 올렸어요. “달님! 이제 서라벌이 잠기도록 오줌을 눈 건 보희가 아니라 문희입니다. 이것을 잊지 마시고 제 꿈을 이뤄주세요.” 보희는 그런 문희를 기가 막히다는 듯 바라보았답니다.",
      "srcPage": 10,
      "srcSentenceEA": 4,
      "srcWordEA": 33,
      "character": "보희,문희",
      "setting": "서라벌",
      "action": "기도를 올렸어요,오줌을 눈 건,바라보았답니다",
      "feeling": null,
      "causalRelationship": null,
      "outcomeResolution": null,
      "prediction": null,
      "plotSummaryInfoCount": 1,
      "plotSummaryInfo": {
        "classification": "사회관계",
        "readAge": "초등_저학년",
        "form": "long-form",
        "plotSummaryText": "문희는 환하게 빛나는 달님을 향해 이제 서라벌이 잠기도록 오줌을 눈 건 보희가 아니라 문희이니, 이것을 잊지 말고 자기 꿈을 이뤄달라며 기도를 올렸습니다.",
        "textWordEA": 22
      }
    },
    {
      "srcTextID": "130832",
      "srcText": "“남의 장롱은 왜 뒤지고 그러니?” 무안해진 보희는 톡 쏘아붙이고는 뾰로통해져서 돌아섰어요. 문희는 빙그레 웃으며 보희를 달랬어요. “오늘은 유신 오라버니가 돌아오는 날이잖아. 그러니 화 풀어, 응? 미안해.” 보희는 문희를 흘낏 쳐다보고 선 다시 함께 걷기 시작했어요. 보희와 문희의 오빠 김유신은 화랑이었어요. 그날은 김유신이 다른 화랑들과 여행을 떠났다가 돌아오는 날이었답니다. 문희와 보희는 오빠가 좋아하는 음식을 만들어주고 싶었어요. 그래서 직접 음식 재료를 사러 나왔어요.",
      "srcPage": 2,
      "srcSentenceEA": 11,
      "srcWordEA": 70,
      "character": "장롱,보희,문희,유신 오라버니,오빠,김유신,화랑,음식,음식 재료",
      "setting": null,
      "action": "뒤지고 그러니,돌아섰어요,웃으며,달랬어요,돌아오는,쳐다보고선,걷기 시작했어요,여행을 떠났다가 돌아오는,만들어주고,재료를 사러,나왔어요",
      "feeling": "무안해진,미안해,좋아하는",
      "causalRelationship": null,
      "outcomeResolution": null,
      "prediction": null,
      "plotSummaryInfoCount": 1,
      "plotSummaryInfo": {
        "classification": "사회관계",
        "readAge": "초등_저학년",
        "form": "long-form",
        "plotSummaryText": "그날은 오빠 김유신이 다른 화랑들과 여행을 떠났다가 돌아오는 날이어서, 보희와 문희는 오빠가 좋아하는 음식을 만들어 주고 싶어 직접 음식 재료를 사러 나왔습니다.",
        "textWordEA": 22
      }
    },
    {
      "srcTextID": "130841",
      "srcText": "며칠 뒤 토함산 기슭에서 날카로운 칼 소리와 우렁찬 기합 소리가 울려 퍼졌어요. 화랑들이 지켜보는 가운데 두 젊은이가 칼 솜씨를 겨루었지요. 그 두 젊은이 중 한 명이 김유신이었답니다. 김유신은 예리하게 상대의 움직임을 살펴본 다음 정확하게 상대의 급소를 찔렀어요. 상대 화랑은 비명을 지르며 쓰러졌어요. 연습이라 칼끝에 부드러운 솜을 대긴 했지만 공격당한 쪽에서는 제법 충격을 받았지요. 승부가 결정 나자 화랑들이 박수를 쳤어요. 가장 크게 박수를 치는 사람은 김춘추였답니다. 김유신은 칼집에 칼을 꽂고 화랑들에게 인사했어요. 그러고 나서 쓰러진 화랑을 일으켜주려고 손을 내밀었지요. 쓰러진 화랑은 얼굴을 찌푸리더니 김유신이 내민 손을 뿌리쳤어요. “흥! 무예 좀 한다고 자랑하고 싶은 모양인데, 아무리 그래도 네 몸에는 멸망한 가야 왕족의 피가 흐르고 있어. 넌 절대 신라의 영웅이 될 수 없다고!” 그 말에 김유신은 멍하니 허공을 바라보았어요. 멸망한 가야의 핏줄, 그것은 김유신에게 가장 큰 상처였지요.",
      "srcPage": 5,
      "srcSentenceEA": 15,
      "srcWordEA": 138,
      "character": "화랑들,두 젊은이,김유신,김춘추",
      "setting": "며칠 뒤,토함산 기슭",
      "action": "지켜보는,칼 솜씨를 겨루었지요,살펴본 다음,급소를 찔렀어요,비명을 지르며 쓰러졌어요,박수를 쳤어요,박수를 치는,인사했어요,칼을 꽂고,일으켜주려고,손을 내밀었지요,내민 손을 뿌리쳤어요,허공을 바라보았어요",
      "feeling": null,
      "causalRelationship": null,
      "outcomeResolution": null,
      "prediction": null,
      "plotSummaryInfoCount": 1,
      "plotSummaryInfo": {
        "classification": "사회관계",
        "readAge": "초등_저학년",
        "form": "long-form",
        "plotSummaryText": "김유신은 칼집에 칼을 꽂고 쓰러진 화랑을 일으켜 주려고 손을 내밀었는데, 그 화랑은 내민 손을 뿌리치고 네 몸에는 멸망한 가야 왕족의 피가 흐르고 있어서 너는 절대 신라의 영웅이 될 수 없다고 비아냥거리며 말했습니다.",
        "textWordEA": 32
      }
    },
    {
      "srcTextID": "130843",
      "srcText": "신라 귀족들의 이러한 마음을 잘 알고 있는 김서현은 김유신이 화랑으로 뽑혔을 때 이렇게 당부했어요. “우리 집안 사람은 더 노력해야 한다. 우리는 신라 사람보다 훨씬 많이 노력해야 성공할 수 있다는 것을 늘 명심하거라.” 김유신은 누구보다 더 열심히 공부하고 무예를 익혔지요. 그렇지만 동료 화랑에게 가야의 핏줄이라는 비난을 받을 때는 다리에 힘이 빠졌어요. 하지만 김춘추는 김유신을 위로해 주었지요. “유신! 자네 증조할아버지는 백성을 사랑하는 왕이셨네. 질게 뻔한 전쟁을 해서 불쌍한 백성들이 목숨을 잃는 걸 두고 볼 수 없으셨던 거야. 자네는 자랑스런 핏줄을 타고났으니 절대 주눅 들지 말게.\" “신라 왕족인 자네에게 그런 말을 들으니 좀 이상하군.” 김유신은 쓴웃음을 지었어요. 그러면서도 김춘추 같은 친구가 있다는 사실에 마음이 든든해졌어요. “춘추! 자네가 내 가족이면 참 좋겠어.” “자네와 나는 이미 친형제나 다름없네. 우리는 가장 친한 친구니까.” 김유신과 김춘추는 서로를 바라보며 웃었어요.",
      "srcPage": 7,
      "srcSentenceEA": 16,
      "srcWordEA": 134,
      "character": "신라 귀족들,김서현,김유신,동료 화랑,김춘추",
      "setting": "가야",
      "action": "당부했어요,공부하고 무예를 익혔지요,위로해 주었지요,쓴웃음을 지었어요,서로를 바라보며 웃었어요",
      "feeling": "사랑하는,불쌍한",
      "causalRelationship": null,
      "outcomeResolution": null,
      "prediction": null,
      "plotSummaryInfoCount": 1,
      "plotSummaryInfo": {
        "classification": "사회관계",
        "readAge": "초등_저학년",
        "form": "long-form",
        "plotSummaryText": "김유신이 가야의 핏줄이라는 비난을 받고 다리에 힘이 빠져 있을 때, 김춘추는 자네는 자랑스러운 핏줄을 타고났으니 절대 주눅 들지 말라고 위로해 주었고 그런 친구가 있다는 사실에 이내 마음이 든든해졌습니다.",
        "textWordEA": 28
      }
    },
    {
      "srcTextID": "130851",
      "srcText": "‘이래서는 문제가 해결되지 않아.’ 문희는 용기를 내어 김유신에게 모든 사실을 털어놓았어요. 김유신은 노발대발했어요. “혼인도 하지 않은 여자가 임신을 하다니! 너는 우리 집안의 명예에 먹칠을 했다. 너를 죽여 집안의 명예를 되살리겠다.” 김유신은 하인들을 시켜 장작을 쌓게 한 다음 명령했어요. “너는 집안의 수치다! 얼른 이곳으로 올라가거라.” 문희는 눈물을 꾹 참으며 장작더미 위로 올라갔어요. 김유신의 명령에 하인들은 울먹이며 장작에 불을 붙였지요. 검은 연기가 뭉실뭉실 피어오르기 시작했어요. 그때, 대신들과 김춘추를 거느리고 첨성대 주변을 산책하던 선덕여왕이 검은 연기를 보게 되었답니다.",
      "srcPage": 14,
      "srcSentenceEA": 13,
      "srcWordEA": 85,
      "character": "문희,김유신,하인들,대신들,선덕여왕",
      "setting": null,
      "action": "사실을 털어놓았어요,쌓게 한 다음 명령했어요,올라가거라,올라갔어요,불을 붙였지요,보게 되었답니다",
      "feeling": null,
      "causalRelationship": null,
      "outcomeResolution": null,
      "prediction": null,
      "plotSummaryInfoCount": 1,
      "plotSummaryInfo": {
        "classification": "사회관계",
        "readAge": "초등_저학년",
        "form": "long-form",
        "plotSummaryText": "김유신은 집안의 명예에 먹칠한 문희를 죽여 집안의 명예를 되살리겠다며 하인들을 시켜 장작을 쌓게 한 다음 문희를 장작더미 위로 올라가게 하고 불을 붙이니, 산책하던 선덕여왕이 검은 연기를 보게 되었습니다.",
        "textWordEA": 28
      }
    },
    {
      "srcTextID": "130853",
      "srcText": "“춘추야, 네 친구 유신 공의 집이 저 부근 아니냐? 그 근처에서 불이 났나 보다.” 사람들이 연기를 쳐다보고 있는데 김유신 집의 하인이 울며 달려오더니 김춘추 앞에 엎드렸어요. “제발 우리 문희 아가씨를 살려주십시오. 문희 아가씨가 춘추 공과 몰래 만나고 임신까지 했다는 걸 안 유신 공께서 지금 문희 아가씨를 불에 태워 죽이려고 하십니다.”",
      "srcPage": 15,
      "srcSentenceEA": 5,
      "srcWordEA": 53,
      "character": "김춘추,유신,하인,문희 아가씨",
      "setting": "김유신 집",
      "action": "울며 달려오더니,앞에 엎드렸어요,살려주십시오,몰래 만나고,임신까지 했다는,죽이려고 하십니다",
      "feeling": null,
      "causalRelationship": null,
      "outcomeResolution": null,
      "prediction": null,
      "plotSummaryInfoCount": 1,
      "plotSummaryInfo": {
        "classification": "사회관계",
        "readAge": "초등_저학년",
        "form": "long-form",
        "plotSummaryText": "김유신 집의 하인이 울며 달려오더니 김춘추 앞에 엎드리며 문희 아가씨가 춘추 공과 몰래 만나고 임신까지 했다는 걸 안 유신 공이 지금 문희 아가씨를 불에 태워 죽이려고 하니 제발 살려달라고 애원했습니다.",
        "textWordEA": 30
      }
    },
    {
      "srcTextID": "130839",
      "srcText": "김유신의 집에서는 맛있는 냄새가 풍겼어요. 말발굽 소리를 듣고 부엌에서 하얀 앞치마를 두른 보희가 나왔지요. “오라버니, 고생 많으셨어요.” “고생은 무슨, 좋은 경험하고 왔지. 이분은 나와 가장 친한 친구이자 여왕 폐하의 조카 되는 김춘추 공이시다. 인사하거라.” 보희는 발갛게 상기된 얼굴로 다소곳이 인사했어요. 김춘추는 잠시 보희의 아름다움에 마음을 빼앗겼답니다. “그런데 문희가 보이지 않는구나. 문희는 어디 갔지?” “오라버니, 저 여기 있어요!” 어디선가 문희의 밝은 목소리가 들려왔어요. 두리번거리던 김춘추는 깜짝 놀랐어요. 문희가 나무 위에 올라가있는 게 아니겠어요? 그러나 김유신은 놀라지 않았어요. “문희, 너 또 나무를 탔구나. 아버지에게 야단맞으려고.” “오라버니가 어디까지 오셨나 궁금해서 올라와 봤죠. 오라버니와 친구분이 말을 타고 저쪽 골목을 달려오시는 것도 봤어요.” 김춘추에게는 처음 보는 남자 앞에서도 전혀 부끄러워하지 않는 문희가 다른 여자들과는 많이 달라 보였어요.",
      "srcPage": 4,
      "srcSentenceEA": 20,
      "srcWordEA": 125,
      "character": "보희,오라버니,김춘추 공,문희,아버지",
      "setting": "김유신의 집,부엌",
      "action": "나왔지요,경험하고 왔지,인사하거라,인사했어요,보이지 않는구나,어디 갔지,올라가있는 게,탔구나,올라와 봤죠,달려오시는 것도 봤어요",
      "feeling": "아름다움에 마음을 빼앗겼답니다,깜짝 놀랐어요,놀라지 않았어요,부끄러워하지 않는",
      "causalRelationship": null,
      "outcomeResolution": null,
      "prediction": null,
      "plotSummaryInfoCount": 1,
      "plotSummaryInfo": {
        "classification": "사회관계",
        "readAge": "초등_저학년",
        "form": "long-form",
        "plotSummaryText": "김유신의 집에 간 김춘추는 보희의 아름다움에 잠시 마음을 빼앗겼는데, 나무 위에 올라가 있는 문희를 보고는 처음 보는 남자 앞에서도 전혀 부끄러워하지 않는 모습이 다른 여자들과는 많이 달라 보였습니다.",
        "textWordEA": 28
      }
    },
    {
      "srcTextID": "130842",
      "srcText": "김유신의 증조할아버지 구해왕은 금관가야의 왕이었답니다. 그런데 구해왕은 신라 법흥왕이 가야를 치러 오자 항복하고 말았어요. 신라 왕실은 구해왕을 따뜻하게 맞이했어요. 구해왕도 신라에 충성을 다했지요. 구해왕의 아들 김무력은 전쟁터에서 훌륭한 공을 세워 신라 장수들을 제치고 각간이라는 높은 벼슬을 맡았어요. 김 무력의 아들 김서현도 신라를 대표하는 명장이었지요. 그 김서현의 아들이 바로 김유신이에요. 김유신 또한 신라에서 제일가는 화랑으로 칭송받았어요. 그러나 신라의 귀족들과 대신들은 은근히 가야의 후손인 김유신의 집안을 무시하거나 질투했지요. ‘아무리 공을 세우면 뭐해? 그래봤자 망한 나라의 후손인데.’ 대부분의 귀족들이 그런 생각을 가지고 있었어요.",
      "srcPage": 6,
      "srcSentenceEA": 12,
      "srcWordEA": 91,
      "character": "구해왕,금관가야의 왕,신라 법흥왕,신라 왕실,김무력,김서현,김유신,귀족들",
      "setting": "가야,신라",
      "action": "치러 오자 항복하고 말았어요,맞이했어요",
      "feeling": "따뜻하게,무시하거나 질투했지요",
      "causalRelationship": null,
      "outcomeResolution": null,
      "prediction": null,
      "plotSummaryInfoCount": 1,
      "plotSummaryInfo": {
        "classification": "사회관계",
        "readAge": "초등_저학년",
        "form": "long-form",
        "plotSummaryText": "김유신의 증조할아버지 구해왕은 금관가야의 왕이었는데 신라 법흥왕이 가야를 치러 오자 항복하고 말았고, 신라의 귀족들과 대신들은 은근히 가야의 후손인 김유신의 집안을 무시하거나 질투했습니다.",
        "textWordEA": 22
      }
    },
    {
      "srcTextID": "130844",
      "srcText": "“언니! 춘추 공 정말 멋지지 않아?” 이제 막감은 머리의 물기를 닦아내며 문희가 물었어요. “글쎄, 난 잘 모르겠던데.” 이부자리를 펴던 보희는 새침하게 말했지요. “난 춘추 공이 마음에 들어. 춘추 공이 청혼하면 당장 받아들일 텐데.” 사실 보희의 가슴도 두근두근 뛰었어요. 보희도 춘추 공이 마음에 들었거든요. 그러나 보희는 문희보다 철이 들었기에 현실을 잘 알고 있었지요. “문희야, 춘추 공은 여왕 폐하의 조카야. 그런데 어떻게 네가 그분과 혼인을 하니?” 그러나 문희는 야무지게 말했어요. “춘추 공이 나를 좋아하지 않는다면 나도 포기하겠지만 신분 때문에 물러서는 일은 절대 없을 거야.” 밤은 점점 깊어가고 있었어요. 그러나 문희도, 보희도 좀체 잠을 이루지 못했답니다.",
      "srcPage": 8,
      "srcSentenceEA": 15,
      "srcWordEA": 104,
      "character": "춘추 공,문희,보희",
      "setting": null,
      "action": "물기를 닦아내며,물었어요,말했지요,혼인을 하니,말했어요,청혼하면,받아들일,물러서는",
      "feeling": "멋지지",
      "causalRelationship": null,
      "outcomeResolution": null,
      "prediction": null,
      "plotSummaryInfoCount": 1,
      "plotSummaryInfo": {
        "classification": "사회관계",
        "readAge": "초등_저학년",
        "form": "long-form",
        "plotSummaryText": "문희가 춘추 공이 청혼하면 당장 받아들이겠다고 하자 문희는 신분 때문에 물러서는 일은 절대 없을 거라고 야무지게 말했습니다.",
        "textWordEA": 17
      }
    },
    {
      "srcTextID": "130828",
      "srcText": "눈부신 연분홍 벚꽃이 서라벌을 물들였어요. 눈송이처럼 떨어지는 꽃잎 사이로 아리따운 아가씨 두 명이 걸어왔지요. 이들은 김서현의 딸들로 언니 이름은 보희, 동생 이름은 문희였어요. 두 사람 다 미인이었지만 생김새와 성격은 달랐답니다. 보희는 희고 갸름한 얼굴에 크지도 작지도 않은 눈을 가진 조용한 처녀였어요. 연분홍 저고리에 연두색 치마를 입은 보희는 조심스럽게 그늘로만 걸었어요. 문희는 동그란 얼굴에 눈이 크고 시원스런 활달한 처녀였어요. 문희는 크고 대담한 소용돌이 무늬가 그려진 치마에 짙은 보라색 저고리를 받쳐 입고서는 연신 주변을 두리번거리며 성큼성큼 걸었지요. “아, 정말 봄이 한창이네! 나도 올해는 시집가고 싶어.” 보희는 문희를 흘겨보며 나무랐어요. “문희야, 처녀가 그런 말을 어떻게. 넌 부끄럽지도 않니?” 보희의 말에 문희는 까르르 웃으며 대답했답니다. “언니도 시집가고 싶지? 장롱 안에 예쁜 옷과 장신구를 잔뜩 모아놓은 걸 내가 모를 줄 알아?” 보희는 얼굴이 빨갛게 달아올랐어요.",
      "srcPage": 1,
      "srcSentenceEA": 17,
      "srcWordEA": 133,
      "character": "벚꽃,아가씨 두 명,김서현의 딸들,언니,동생,보희,문희,옷,장신구,얼굴,저고리,눈,치마,미인",
      "setting": "서라벌,봄,올해",
      "action": "물둘였어요,떨어지는,걸어왔지요,걸었어요,그려진,입은,받쳐 입고서는,걸었지요,시집가고,나무랐어요,웃으며,대답했답니다,모아놓은",
      "feeling": "부끄럽지도 않니",
      "causalRelationship": null,
      "outcomeResolution": null,
      "prediction": null,
      "plotSummaryInfoCount": 1,
      "plotSummaryInfo": {
        "classification": "사회관계",
        "readAge": "초등_저학년",
        "form": "long-form",
        "plotSummaryText": "서라벌을 물들이고 눈송이처럼 떨어지는 눈부신 벛꽃 연분홍 꽃잎 사이로 아리따운 아가씨 두 명이 걸어왔는데, 봄이 한창이라 올해는 시집가고 싶다는 동생 문희를 언니 보희가 흘겨보며 넌 부끄럽지도 않냐고 나무랐더니 장롱 안에 예쁜 옷과 장신구를 잔뜩 모아놓은 걸 보니 언니도 시집가고 싶냐고 문희가 웃으며 대답했습니다.",
        "textWordEA": 43
      }
    },
    {
      "srcTextID": "130838",
      "srcText": "토함산에 땅거미가 질 때쯤 김유신은 다른 화랑들과 함께 말을 타고 서라벌 시내로 들어섰어요. 석 달 만에 집으로 오는 길이었지요. 체격이 큰 김유신은 보희보다는 문희와 더 닮았답니다. 김유신은 옆에서 함께 달려가는 김춘추를 바라보며 씩 웃었어요. 김유신보다 키가 약간 작은 김춘추는 인상이 좋은 귀공자였어요. 김춘추는 당시 신라를 다스리는 선덕여왕의 조카였는데 거만하지 않고 겸손해서 친구들에게 인기가 많았지요. 뛰어난 인물만 모아 놓았다는 화랑 중에서도 김유신과 김춘추는 눈에 띄었어요. 김유신은 무예에, 김춘추는 시와 역사에 재능이 있었지요. 두 사람은 서로 시기하지 않고 자기가 가지지 못한 능력에 대해 진심으로 칭찬했답니다. 김유신이 김춘추에게 말했어요. “우리 집에서 저녁이라도 먹고 가게. 우리 집이 이 근처라네.” “초대해 주니 고맙군. 안 그래도 배가 몹시 고팠어.” 두 사람은 말을 타고 김유신의 집으로 갔어요.",
      "srcPage": 3,
      "srcSentenceEA": 15,
      "srcWordEA": 122,
      "character": "김유신,화랑들,서라벌 시내,보희,문희,김춘추,선덕여왕의 조카",
      "setting": "토함산,땅거미가 질 때쯤,우리 집",
      "action": "들어섰어요,타고,오는 길이었지요,바라보며 씩 웃었어요,말했어요,먹고 가게,집으로 갔어요",
      "feeling": "인상이 좋은,거만하지 않고 겸손해서,시기하지 않고,칭찬했답니다,고맙군,배가 몹시 고팠어",
      "causalRelationship": null,
      "outcomeResolution": null,
      "prediction": null,
      "plotSummaryInfoCount": 1,
      "plotSummaryInfo": {
        "classification": "사회관계",
        "readAge": "초등_저학년",
        "form": "long-form",
        "plotSummaryText": "토함산에 땅거미가 질 때쯤 다른 화랑들과 함께 말을 타고 서라벌 시내로 들어선 김유신은 선덕여왕의 조카인 김춘추에게 저녁이라도 먹고 가라며 집으로 초대했고, 두 사람은 말을 타고 김유신의 집으로 갔습니다.",
        "textWordEA": 28
      }
    },
    {
      "srcTextID": "130857",
      "srcText": "몇 년 뒤 선덕여왕의 뒤를 이은 진덕여왕마저 자식 없이 죽자 김춘추가 왕이 되었어요. 그리고 문희는 왕비가 되었지요. 문희가 비단 치마 한 벌로 산 꿈, 그것은 바로 왕비가 되는 꿈이었답니다.",
      "srcPage": 17,
      "srcSentenceEA": 3,
      "srcWordEA": 31,
      "character": "선덕여왕,진덕여왕,김춘추,문희,왕비,비단 치마 한 벌",
      "setting": "몇 년 뒤",
      "action": "죽자,산",
      "feeling": null,
      "causalRelationship": null,
      "outcomeResolution": null,
      "prediction": null,
      "plotSummaryInfoCount": 1,
      "plotSummaryInfo": {
        "classification": "사회관계",
        "readAge": "초등_저학년",
        "form": "short-form",
        "plotSummaryText": "몇 년 뒤 선덕여왕의 뒤를 이은 진덕여왕마저 자식 없이 죽자, 김춘추가 왕이 되고 문희는 왕비가 되었는데 문희가 비단 치마 한 벌로 산 그 꿈이 바로 왕비가 되는 꿈이었습니다.",
        "textWordEA": 28
      }
    },
    {
      "srcTextID": "130847",
      "srcText": "햇볕 좋은 오후, 김유신의 집 마당에서 김유신과 김춘추는 공을 차고 있었어요. 그런데 그만 실수로 김유신이 김춘추의 옷고름을 밟고 말았어요. 그 바람에 김춘추의 옷고름이 떨어지면서 저고리 앞섶이 활짝 열렸지요. “아이고, 미안하네.” “아니, 괜찮아. 새끼줄로 동여매고 가지, 뭐.” 김춘추는 별것 아니라는 듯 웃으며 말했어요. “왕족인 자네가 새끼줄로 옷을 여미고 다니면 안 되지.” 김유신은 김춘추를 자기 방에 가있으라 하고 별당으로 달려갔어요. 마침 보희가 툇마루에 앉아 바느질을 하고 있었지요. “보희야, 내가 실수로 춘추공의 옷고름을 밟아 옷고름이 떨어졌단다. 그래서 우선 내 방에 있으라 했으니 가서 춘추 공의 옷고름 좀 달아주렴.” 그러자 보희는 고개를 저었어요. “오라버니, 처녀가 부끄러워서 어찌 그런 일을 해요?” 김유신은 난처했어요.",
      "srcPage": 11,
      "srcSentenceEA": 15,
      "srcWordEA": 107,
      "character": "김유신,김춘추,옷고름,보희,오라버니,처녀",
      "setting": "햇볕 좋은 오후,김유신의 집 마당,별당",
      "action": "공을 차고 있었어요,밟고 말았어요,동여매고 가지,웃으며 말했어요,여미고 다니면,달려갔어요,앉아,바느질을 하고 있었지요,달아주렴,고개를 저었어요",
      "feeling": "미안하네,부끄러워서",
      "causalRelationship": null,
      "outcomeResolution": null,
      "prediction": null,
      "plotSummaryInfoCount": 1,
      "plotSummaryInfo": {
        "classification": "사회관계",
        "readAge": "초등_저학년",
        "form": "long-form",
        "plotSummaryText": "김유신의 집 마당에서 공을 차다가 김유신이 실수로 김춘추의 옷고름을 밟아 옷고름이 떨어지자, 김유신은 춘추 공의 옷고름 좀 달아주라고 말했는데 보희는 처녀가 부끄러워서 어찌 그런 일을 하냐며 고개를 저었습니다.",
        "textWordEA": 28
      }
    },
    {
      "srcTextID": "130848",
      "srcText": "그때 방문이 드르륵 열리더니 문희가 고개를 내밀었어요. “오라버니, 제가 할게요.” “그래, 고맙다. 어서 가서 좀 도와주렴.” 문희는 반짇고리를 챙겨들고 김춘추가 기다리는 방으로 들어갔어요. 문희를 보자 오히려 김춘추가 더 당황했지요. 그러나 문희는 여유 있게 미소를 지으며 김춘추의 옷고름을 꿰매주었어요. 아름다운 목소리로 노래까지 부르면서 즐겁게 바느질을 하는 문희의 모습을 바라보던 김춘추는 자기도 모르게 마음이 끌리기 시작했어요. 활달하고 솔직한 성격의 문희는 지금까지 김춘추가 대궐에서 보던 왕족 아가씨들과는 달랐답니다. 김춘추와 문희의 시선이 자꾸만 마주쳤어요. 서로에 대한 사랑이 싹트기 시작한 거예요.",
      "srcPage": 12,
      "srcSentenceEA": 11,
      "srcWordEA": 84,
      "character": "문희,오라버니,김춘추,옷고름,왕족 아가씨들",
      "setting": null,
      "action": "열리더니,내밀었어요,도와주렴,챙겨들고,들어갔어요,보자,미소를 지으며,꿰매주었어요,노래까지 부르면서,바느질을 하는,바라보던,마주쳤어요",
      "feeling": "고맙다,당황했지요,즐겁게",
      "causalRelationship": null,
      "outcomeResolution": null,
      "prediction": null,
      "plotSummaryInfoCount": 1,
      "plotSummaryInfo": {
        "classification": "사회관계",
        "readAge": "초등_저학년",
        "form": "long-form",
        "plotSummaryText": "문희를 보자 오히려 김춘추가 더 당황했지만 문희가 미소를 지으며 옷고름을 꿰매주었는데 그 모습을 바라보던 김춘추는 자기도 모르게 마음이 끌리었고, 시선이 자꾸만 마주치던 두 사람은 서로에 대한 사랑이 싹트기 시작했습니다.",
        "textWordEA": 29
      }
    },
    {
      "srcTextID": "130845",
      "srcText": "그런데 잠들었던 보희가 소리를 지르며 벌떡 일어났어요. 문희도 덩달아 잠에서 깼지요. “문희야, 정말 망측한 꿈을 꿨어. 내가 토함산에 올라갔는데 오줌이 마려운 거야. 그래서 사람 없는 곳을 찾아 몰래 오줌을 누었지. 그랬더니 오줌에 서라벌이다 잠겨버린 거 있지? 아이, 부끄러워. 처녀가 그런 꿈을 꾸다니.” “서라벌이 다 잠겼다고? 그건 언니가 대단한 힘을 가지게 된다는 뜻이 아닐까?” 보희는 고개를 저었어요. “그럴 리가 없어. 생각하기도 싫어.” 그러자 문희가 제안했답니다. “언니가 갖고 싶어 하는 내 비단 치마를 줄 테니까 그 꿈을 나한테 팔아.” 보희는 망측한 꿈을 예쁜 치마와 바꾼다는 게 미안했지만, 그 꿈을 얼른 잊어버리고 싶고 치마도 탐이 나서 고개를 끄덕였어요. 문희는 장롱에서 치마를 꺼내 보희에게 주고는 창문을 열었지요.",
      "srcPage": 9,
      "srcSentenceEA": 17,
      "srcWordEA": 115,
      "character": "보희,문희,비단 치마",
      "setting": "토함산,서라벌",
      "action": "잠들었던,소리를 지르며 벌떡 일어났어요,잠에서 깼지요,올라갔는데,오줌을 누었지,고개를 저었어요,제안했답니다,줄 테니까,팔아,고개를 끄덕였어요,꺼내,주고는,열었지요",
      "feeling": "망측한,부끄러워,미안했지만",
      "causalRelationship": null,
      "outcomeResolution": null,
      "prediction": null,
      "plotSummaryInfoCount": 1,
      "plotSummaryInfo": {
        "classification": "사회관계",
        "readAge": "초등_저학년",
        "form": "long-form",
        "plotSummaryText": "보희가 토함산에 올라가 오줌을 누었는데 오줌에 서라벌이 다 잠겨버리는 꿈을 꾸었다며 부끄러워하자, 문희는 자기 비단 치마를 줄 테니까 그 꿈을 자기한테 팔라고 제안하여 언니의 꿈을 샀습니다.",
        "textWordEA": 26
      }
    }
  ]
}