{
  "title": "크니프의 친구 사귀기",
  "author": "윤선아",
  "illustrator": "이나르",
  "isbn": "9791165953188",
  "publishedYear": 2021,
  "publisher": "아람북스",
  "paragraphInfoCount": 21,
  "paragraphInfo": [
    {
      "srcTextID": "32225",
      "srcText": "크니프는 무엇이든지 큰 악어 친구예요. 눈도 크고, 입도 크고, 키도 크고, 꼬리도 크고 길었지요. 덩치만 큰 게 아니라 힘도 엄청 셌어요. 게다가 다른 악어들보다 특별한 능력도 있었어요. 물속에서 눈을 뜨고 일부터 백까지 셀 수도 있고, 밤에는 눈에서 레이저 광선처럼 노란빛도 났어요.",
      "srcPage": 1,
      "srcSentenceEA": 5,
      "srcWordEA": 45,
      "character": "크니프,악어,눈,입,키,꼬리,레이저 광선",
      "setting": "물속에서,밤에는",
      "action": "셀 수도 있고,노란빛도 났어요",
      "feeling": null,
      "causalRelationship": null,
      "outcomeResolution": null,
      "prediction": null,
      "plotSummaryInfoCount": 1,
      "plotSummaryInfo": {
        "classification": "사회관계",
        "readAge": "초등_저학년",
        "form": "long-form",
        "plotSummaryText": "힘이 센 크니프는 무엇이든지 큰 악어 친구였는데, 물속에서 오래 눈을 뜨고 있고, 밤에는 눈에서 노란빛을 내는 특별한 능력이 있었어요.",
        "textWordEA": 19
      }
    },
    {
      "srcTextID": "32226",
      "srcText": "만약 달리기나 수영 시합을 한다면, 일 등은 바로 크니프일 거예요. 하지만 크니프는 어떠한 시합도 하지 못했어요. 아무도 크니프와 놀려고 하지 않았거든요.",
      "srcPage": 3,
      "srcSentenceEA": 3,
      "srcWordEA": 23,
      "character": "달리기,수영,크니프",
      "setting": null,
      "action": "하지 못했어요,놀려고",
      "feeling": null,
      "causalRelationship": null,
      "outcomeResolution": null,
      "prediction": null,
      "plotSummaryInfoCount": 1,
      "plotSummaryInfo": {
        "classification": "사회관계",
        "readAge": "초등_저학년",
        "form": "short-form",
        "plotSummaryText": "달리기나 수영 시합을 한다면, 일 등은 바로 크니프일 거지만 아무도 크니프와 놀려고 하지 않아서 크니프는 어떠한 시합도 하지 못했어요.",
        "textWordEA": 19
      }
    },
    {
      "srcTextID": "93355",
      "srcText": "오늘도 크니프는 혼자 있었어요. \"아, 심심해. 아무도 나랑 놀아 주지 않아. 난 정말 외톨이야.\"",
      "srcPage": 4,
      "srcSentenceEA": 4,
      "srcWordEA": 16,
      "character": "크니프,나,난,외톨이",
      "setting": "오늘도",
      "action": "놀아",
      "feeling": null,
      "causalRelationship": null,
      "outcomeResolution": null,
      "prediction": null,
      "plotSummaryInfoCount": 1,
      "plotSummaryInfo": {
        "classification": "사회관계",
        "readAge": "초등_저학년",
        "form": "long-form",
        "plotSummaryText": "오늘도 혼자 있었던 크니프는 아무도 나랑 놀아 주지 않는다면서 자기는 정말 외톨이라고 말했어요.",
        "textWordEA": 13
      }
    },
    {
      "srcTextID": "93354",
      "srcText": "그때 어디선가 아주 작고도 작은 노랫소리가 들려왔어요. \"누구지? 노래를 참 잘 부른다.\" 크니프의 큰 목소리에 방울새 속삭이는 깜짝 놀랐어요.",
      "srcPage": 5,
      "srcSentenceEA": 3,
      "srcWordEA": 21,
      "character": "크니프,방울새,속삭이",
      "setting": null,
      "action": "잘 부른다",
      "feeling": "놀랐어요",
      "causalRelationship": null,
      "outcomeResolution": null,
      "prediction": null,
      "plotSummaryInfoCount": 1,
      "plotSummaryInfo": {
        "classification": "사회관계",
        "readAge": "초등_저학년",
        "form": "short-form",
        "plotSummaryText": "어디선가 들려오는 작은 노랫소리를 듣고, 크니프가 큰 목소리로 노래를 참 잘 부른다고 말하자 방울새 속삭이는 깜짝 놀랐어요.",
        "textWordEA": 17
      }
    },
    {
      "srcTextID": "32241",
      "srcText": "“정말 내 노랫소리가 들려? 아무도 못 듣던데. 난 속삭이야. 목소리는 작지만 아는 건 많지!” 둘은 잠시 마주 보았어요. “나는 크니프야. 너는 목소리가 참 예쁘구나. 정말 좋겠다.”",
      "srcPage": 6,
      "srcSentenceEA": 8,
      "srcWordEA": 32,
      "character": "내,난,크니프,속삭이,너",
      "setting": null,
      "action": "못 듣던데,마주 보았어요",
      "feeling": null,
      "causalRelationship": null,
      "outcomeResolution": null,
      "prediction": null,
      "plotSummaryInfoCount": 1,
      "plotSummaryInfo": {
        "classification": "사회관계",
        "readAge": "초등_저학년",
        "form": "long-form",
        "plotSummaryText": "자기는 목소리가 작지만, 아는 건 많다고 속삭이가 말하자 목소리가 참 예쁘다며 크니프가 말했고 둘은 잠시 마주 보았어요.",
        "textWordEA": 17
      }
    },
    {
      "srcTextID": "32240",
      "srcText": "“왜? 너는 목소리가 커서 멋있는걸.” “아냐아냐! 아무도 날 좋아하지 않아. 아무도 나랑 이야기도 하지 않고, 놀려고 하지도 않아.” 크니프는 뾰족한 발가락을 꼼지락거리며 말했어요.",
      "srcPage": 7,
      "srcSentenceEA": 4,
      "srcWordEA": 27,
      "character": "너,나,발가락,크니프",
      "setting": null,
      "action": "말했어요,꼼지락거리며",
      "feeling": null,
      "causalRelationship": null,
      "outcomeResolution": null,
      "prediction": null,
      "plotSummaryInfoCount": 1,
      "plotSummaryInfo": {
        "classification": "사회관계",
        "readAge": "초등_저학년",
        "form": "long-form",
        "plotSummaryText": "목소리가 커서 멋있다는 말에, 아무도 날 좋아하지 않고 나랑 놀려고 하지 않는다면서 뾰족한 발가락을 꼼지락거리며 크니프가 말했어요.",
        "textWordEA": 17
      }
    },
    {
      "srcTextID": "32242",
      "srcText": "“친구 사귀는 방법은 생각보다 간단해. 친구를 만나면 먼저 반갑게 인사해 봐!” 속삭이는 싱긋 웃었어요. 크니프는 속삭이의 말을 듣자마자 곧장 친구들에게 달려갔어요.",
      "srcPage": 8,
      "srcSentenceEA": 4,
      "srcWordEA": 24,
      "character": "친구,속삭이,크니프",
      "setting": null,
      "action": "웃었어요,듣자마자,달려갔어요",
      "feeling": null,
      "causalRelationship": null,
      "outcomeResolution": null,
      "prediction": null,
      "plotSummaryInfoCount": 1,
      "plotSummaryInfo": {
        "classification": "사회관계",
        "readAge": "초등_저학년",
        "form": "long-form",
        "plotSummaryText": "친구를 만나면 먼저 반갑게 인사해 보라고 속삭이가 싱긋 웃으면서 말하자 크니프는 곧장 친구들에게 달려갔어요.",
        "textWordEA": 14
      }
    },
    {
      "srcTextID": "35217",
      "srcText": "마침 친구들은 비눗방울 놀이를 하는 중이었어요. “아, 안녕. 얘들아!” 여기까지는 괜찮았어요. 그런데. “반가워!” “아이고, 깜짝이야!” 비눗방울 놀이를 하던 친구들은 모두 깜짝 놀라 놀잇감들을 떨어뜨렸어요. 크니프의 목소리가 어찌나 컸던지 모두 귀를 막고 달아났지요. 크니프는 축 처진 꼬리를 끌고 터덜터덜 다시 늪으로 돌아왔어요.",
      "srcPage": 9,
      "srcSentenceEA": 9,
      "srcWordEA": 47,
      "character": "친구들,비눗방울 놀이,얘들아,놀잇감,크니프,귀,꼬리",
      "setting": "늪",
      "action": "떨어뜨렸어요,달아났지요,돌아왔어요,막고",
      "feeling": null,
      "causalRelationship": null,
      "outcomeResolution": null,
      "prediction": null,
      "plotSummaryInfoCount": 1,
      "plotSummaryInfo": {
        "classification": "사회관계",
        "readAge": "초등_저학년",
        "form": "long-form",
        "plotSummaryText": "비눗방울 놀이를 하는 친구들에게 크니프가 큰 목소리로 반갑다고 말하자 친구들이 깜짝 놀라 놀잇감들을 떨어뜨리고 귀를 막고 달아나서 결국 크니프는 축 처진 꼬리를 끌고 늪으로 돌아왔어요.",
        "textWordEA": 25
      }
    },
    {
      "srcTextID": "35220",
      "srcText": "“어휴, 크니프. 친구들과 함께 놀고 싶을 땐 그냥 같이 놀자고 말해 봐!” 이번에도 크니프는 속삭이의 말을 듣고 친구들이 있는 곳으로 한걸음에 달려갔어요. 크니프는 조금 작은 목소리로 이렇게 말했지요. “저기 있잖아, 나랑 같이 물놀이하자!” 크니프의 말을 듣고 친구들이 하나둘 모여들기 시작했어요. 여기까지는 괜찮았어요. 그런데.",
      "srcPage": 10,
      "srcSentenceEA": 8,
      "srcWordEA": 49,
      "character": "크니프,속삭이,친구들,나랑,물놀이",
      "setting": null,
      "action": "달려갔어요,말했지요,듣고",
      "feeling": null,
      "causalRelationship": null,
      "outcomeResolution": null,
      "prediction": null,
      "plotSummaryInfoCount": 1,
      "plotSummaryInfo": {
        "classification": "사회관계",
        "readAge": "초등_저학년",
        "form": "long-form",
        "plotSummaryText": "속삭이의 말을 들은 크니프가 친구들이 있는 곳으로 한걸음에 달려갔고 같이 물놀이를 하자며 조금 작은 목소리로 말했어요.",
        "textWordEA": 16
      }
    },
    {
      "srcTextID": "32227",
      "srcText": "크고 힘센 크니프는 달리기와 수영도 자신 있었어요. 크니프는 땅에서는 몸을 세워 두 발로 아주 빠르게 달렸어요. 물속에서는 꼬리를 흔들며 미끄러지듯이 헤엄쳤지요.",
      "srcPage": 2,
      "srcSentenceEA": 3,
      "srcWordEA": 23,
      "character": "크니프,달리기,수영,몸,두 발,꼬리",
      "setting": "땅에서는,물속에서는",
      "action": "몸을 세워,달렸어요,꼬리를 흔들며,헤엄쳤지요",
      "feeling": null,
      "causalRelationship": null,
      "outcomeResolution": null,
      "prediction": null,
      "plotSummaryInfoCount": 1,
      "plotSummaryInfo": {
        "classification": "사회관계",
        "readAge": "초등_저학년",
        "form": "short-form",
        "plotSummaryText": "크니프는 달리기와 수영도 자신 있었어요.",
        "textWordEA": 5
      }
    },
    {
      "srcTextID": "35221",
      "srcText": "크니프가 첨벙 뛰어들자마자 물이 커다란 파도처럼 높이 튀었어요. 크니프만 빼고 모두 물살에 휩쓸리고, 휙휙 날아가 버렸지요. “엄마야!” “무서워!” 물놀이는 그렇게 끝이 나고 크니프는 다시 터덜터덜 늪으로 돌아왔어요.",
      "srcPage": 11,
      "srcSentenceEA": 3,
      "srcWordEA": 29,
      "character": "크니프,물,파도,물살",
      "setting": "늪",
      "action": "물살에 휩쓸리고,날아가 버렸지요,돌아왔어요",
      "feeling": "무서워",
      "causalRelationship": null,
      "outcomeResolution": null,
      "prediction": null,
      "plotSummaryInfoCount": 1,
      "plotSummaryInfo": {
        "classification": "사회관계",
        "readAge": "초등_저학년",
        "form": "short-form",
        "plotSummaryText": "첨벙 뛰어든 크니프 때문에 커다란 파도처럼 물이 높이 튀었고 모두 물살에 휩쓸리거나 휙휙 날아가 버려서, 결국 크니프는 다시 터덜터덜 늪으로 돌아오게 되었어요.",
        "textWordEA": 22
      }
    },
    {
      "srcTextID": "35233",
      "srcText": "“괜찮아, 괜찮아! 친구 사귀는 방법은 또 있어. 친구에게 네가 가장 아끼는 장난감을 빌려주는 거야.” 크니프는 속삭이가 알려 준 대로 했어요. 이번에도 크니프는 조금 작은 목소리로 말했어요.",
      "srcPage": 12,
      "srcSentenceEA": 5,
      "srcWordEA": 30,
      "character": "친구,네,장난감,크니프,속삭이",
      "setting": null,
      "action": "알려 준 대로 했어요,말했어요",
      "feeling": "괜찮아",
      "causalRelationship": null,
      "outcomeResolution": null,
      "prediction": null,
      "plotSummaryInfoCount": 1,
      "plotSummaryInfo": {
        "classification": "사회관계",
        "readAge": "초등_저학년",
        "form": "long-form",
        "plotSummaryText": "가장 아끼는 장난감을 친구에게 빌려주라는 말에 크니프는 속삭이가 알려 준 대로 했는데 이번에도 작은 목소리로 말했어요.",
        "textWordEA": 16
      }
    },
    {
      "srcTextID": "35234",
      "srcText": "“내 장난감 빌려줄까?” 여기까지는 괜찮았어요. 그런데. “으악, 무서워!” 크니프의 장난감을 보고 모두 깜짝 놀라 벌벌 떨며 달아났어요. 크니프는 또다시 터덜터덜 늪으로 돌아왔어요.",
      "srcPage": 13,
      "srcSentenceEA": 6,
      "srcWordEA": 26,
      "character": "장난감,크니프",
      "setting": "늪",
      "action": "달아났어요,돌아왔어요",
      "feeling": null,
      "causalRelationship": null,
      "outcomeResolution": null,
      "prediction": null,
      "plotSummaryInfoCount": 1,
      "plotSummaryInfo": {
        "classification": "사회관계",
        "readAge": "초등_저학년",
        "form": "long-form",
        "plotSummaryText": "크니프의 장난감을 보자 모두 무섭다고 말하면서 달아났고 크니프는 또다시 늪으로 돌아오게 되었어요.",
        "textWordEA": 12
      }
    },
    {
      "srcTextID": "35242",
      "srcText": "“이번에는 진짜 잘될 거야. 친구의 눈을 따뜻하게 바라보면서 부드럽게 웃어 봐.” 크니프는 또다시 친구들에게 달려가 그대로 해 보았어요. “따뜻하게 바라보면서, 부드럽게. 히히!” 여기까지는 괜찮았어요.",
      "srcPage": 14,
      "srcSentenceEA": 6,
      "srcWordEA": 28,
      "character": "친구,눈,크니프",
      "setting": null,
      "action": "바라보면서,웃어 봐,달려가,해 보았어요",
      "feeling": null,
      "causalRelationship": null,
      "outcomeResolution": null,
      "prediction": null,
      "plotSummaryInfoCount": 1,
      "plotSummaryInfo": {
        "classification": "사회관계",
        "readAge": "초등_저학년",
        "form": "long-form",
        "plotSummaryText": "친구의 눈을 따뜻하게 바라보면서 부드럽게 웃어 보라는 말에 친구들에게 달려간 크니프가 그대로 해보았어요.",
        "textWordEA": 13
      }
    },
    {
      "srcTextID": "35243",
      "srcText": "그런데 크니프와 눈이 마주친 친구들은 이번에도 깜짝 놀라 슬금슬금 뒷걸음질을 쳤어요. “어, 숙제하러 가야 해.” “나는 엄마가 빨리 오래.”",
      "srcPage": 15,
      "srcSentenceEA": 3,
      "srcWordEA": 19,
      "character": "크니프,눈,친구들,숙제,엄마",
      "setting": null,
      "action": "뒷걸음질을 쳤어요",
      "feeling": "깜짝 놀라",
      "causalRelationship": null,
      "outcomeResolution": null,
      "prediction": null,
      "plotSummaryInfoCount": 1,
      "plotSummaryInfo": {
        "classification": "사회관계",
        "readAge": "초등_저학년",
        "form": "short-form",
        "plotSummaryText": "친구들은 크니프와 눈을 마주치게 되자 깜짝 놀라면서 숙제하러 가야 한다거나 엄마가 빨리 오랬다며 슬금슬금 뒷걸음질을 쳤어요.",
        "textWordEA": 16
      }
    },
    {
      "srcTextID": "35259",
      "srcText": "그때 속삭이가 크니프의 귓가에 속삭였어요. “울지 마, 크니프. 정말정말 확실한 방법을 알려 줄게! 주위를 잘 둘러봐. 소중한 친구는 늘 가까이에 있어!” 크니프는 두리번두리번 주위를 둘러보았어요.",
      "srcPage": 17,
      "srcSentenceEA": 6,
      "srcWordEA": 29,
      "character": "속삭이,크니프,귓가,친구",
      "setting": null,
      "action": "속삭였어요,둘러보았어요",
      "feeling": null,
      "causalRelationship": null,
      "outcomeResolution": null,
      "prediction": null,
      "plotSummaryInfoCount": 1,
      "plotSummaryInfo": {
        "classification": "사회관계",
        "readAge": "초등_저학년",
        "form": "long-form",
        "plotSummaryText": "정말 확실한 방법을 알려 주겠다며 소중한 친구는 늘 가까이에 있다고 속삭이가 크니프의 귓가에 속삭이자, 크니프 주위를 둘러보았어요.",
        "textWordEA": 17
      }
    },
    {
      "srcTextID": "35268",
      "srcText": "“어디? 아무도 없는데?” 크니프는 화가 나서 눈이 삐죽, 콧구멍이 벌름 커졌어요. “도대체 어디 있어? 없어, 없다고!” 그때 크니프의 커다란 눈이 속삭이의 작은 눈과 마주쳤어요.",
      "srcPage": 18,
      "srcSentenceEA": 5,
      "srcWordEA": 28,
      "character": "크니프,눈,콧구멍,속삭이",
      "setting": null,
      "action": "벌름 커졌어요,마주쳤어요",
      "feeling": "화가 나서",
      "causalRelationship": null,
      "outcomeResolution": null,
      "prediction": null,
      "plotSummaryInfoCount": 1,
      "plotSummaryInfo": {
        "classification": "사회관계",
        "readAge": "초등_저학년",
        "form": "long-form",
        "plotSummaryText": "아무도 없다고 말하면서 화가 난 크니프의 콧구멍이 벌름거리며 커졌는데, 그때 속삭이의 작은 눈과 크니프의 커다란 눈이 마주쳤어요.",
        "textWordEA": 17
      }
    },
    {
      "srcTextID": "35267",
      "srcText": "“너밖에 안 보이잖아!” 속삭이가 조그만 어깨를 으쓱했어요. “그래, 바로 나!”",
      "srcPage": 19,
      "srcSentenceEA": 3,
      "srcWordEA": 11,
      "character": "너,속삭이,어깨,나",
      "setting": null,
      "action": "으쓱했어요",
      "feeling": null,
      "causalRelationship": null,
      "outcomeResolution": null,
      "prediction": null,
      "plotSummaryInfoCount": 1,
      "plotSummaryInfo": {
        "classification": "사회관계",
        "readAge": "초등_저학년",
        "form": "short-form",
        "plotSummaryText": "너밖에 안 보인다는 말에 조그만 어깨를 으쓱한 속삭이가 바로 나라고 대답했어요.",
        "textWordEA": 11
      }
    },
    {
      "srcTextID": "35258",
      "srcText": "“다 소용없어, 내 친구는 없어.” 크니프는 힘이 쭉 빠졌어요. 자꾸만 눈물이 날 것 같았지요.",
      "srcPage": 16,
      "srcSentenceEA": 3,
      "srcWordEA": 16,
      "character": "내,친구,크니프,눈물",
      "setting": null,
      "action": "힘이 쭉 빠졌어요",
      "feeling": null,
      "causalRelationship": null,
      "outcomeResolution": null,
      "prediction": null,
      "plotSummaryInfoCount": 1,
      "plotSummaryInfo": {
        "classification": "사회관계",
        "readAge": "초등_저학년",
        "form": "short-form",
        "plotSummaryText": "자기 친구는 없다며 힘이 쭉 빠진 크니프는 자꾸만 눈물이 날 것 같았어요.",
        "textWordEA": 12
      }
    },
    {
      "srcTextID": "35269",
      "srcText": "순간 화가 났던 크니프의 마음이 사르르 녹아내렸어요. 크니프는 아주 작은 목소리로 속삭였어요. “맞아, 우리는 친구야!”",
      "srcPage": 20,
      "srcSentenceEA": 3,
      "srcWordEA": 16,
      "character": "크니프,우리,친구",
      "setting": null,
      "action": "녹아내렸어요,속삭였어요",
      "feeling": null,
      "causalRelationship": null,
      "outcomeResolution": null,
      "prediction": null,
      "plotSummaryInfoCount": 1,
      "plotSummaryInfo": {
        "classification": "사회관계",
        "readAge": "초등_저학년",
        "form": "short-form",
        "plotSummaryText": "화가 났던 크니프의 마음이 사르르 녹아내렸는데, 크니프가 아주 작은 목소리로 우리는 친구라고 속삭였어요.",
        "textWordEA": 13
      }
    },
    {
      "srcTextID": "35274",
      "srcText": "그 뒤로 크니프와 속삭이는 늘 함께 다녔어요. 물론 속삭이는 크니프의 엄청 큰 목소리 때문에 자주 깜짝깜짝 놀랐어요. 크니프도 속삭이의 작은 목소리 때문에 숨을 참고 귀를 기울여야 했지요. 가끔 다툴 때도 있지만, 크니프와 속삭이는 서로의 이야기를 잘 들어 주는 소중한 친구가 되었어요.",
      "srcPage": 21,
      "srcSentenceEA": 4,
      "srcWordEA": 44,
      "character": "크니프,속삭이,친구,귀",
      "setting": null,
      "action": "함께 다녔어요,기울여야,다툴,들어",
      "feeling": "깜짝깜짝 놀랐어요",
      "causalRelationship": null,
      "outcomeResolution": null,
      "prediction": null,
      "plotSummaryInfoCount": 1,
      "plotSummaryInfo": {
        "classification": "사회관계",
        "readAge": "초등_저학년",
        "form": "long-form",
        "plotSummaryText": "크니프의 엄청나게 큰 목소리 때문에 속삭이는 깜짝깜짝 놀랐고, 속삭이의 작은 목소리 때문에 크니프도 숨을 참고 귀를 기울여야 했지만, 크니프와 속삭이는 서로의 이야기를 잘 들어 주는 소중한 친구가 되었어요.",
        "textWordEA": 28
      }
    }
  ]
}