{
  "title": "일곱 살은 말이지",
  "author": "이윤진",
  "illustrator": "박옥기",
  "isbn": "9791165952952",
  "publishedYear": 2021,
  "publisher": "아람북스",
  "paragraphInfoCount": 24,
  "paragraphInfo": [
    {
      "srcTextID": "17070",
      "srcText": "“엄마, 나도 이제 심부름쯤은 잘할 수 있어요. 앞집 단우도, 윗집 인아도 다 해 봤단 말이에요.” 하지만 엄마는 나 혼자 밖에 나가는 건 정말 정말 위험하대. 동화 속 빨간 모자처럼 늑대를 만날 일도 없고, 잭처럼 젖소를 요술 콩으로 바꾸어 오는 일도 없는데 말이야.",
      "srcPage": 2,
      "srcSentenceEA": 4,
      "srcWordEA": 45,
      "character": "엄마,나,앞집 단우,윗집 인아,동화 속 빨간 모자,늑대,잭,젖소,요술 콩",
      "setting": null,
      "action": "나가는,바꾸어,오는",
      "feeling": null,
      "causalRelationship": null,
      "outcomeResolution": null,
      "prediction": "나도 이제 심부름쯤은 잘할 수 있어요.",
      "plotSummaryInfoCount": 1,
      "plotSummaryInfo": {
        "classification": "사회관계",
        "readAge": "초등_저학년",
        "form": "long-form",
        "plotSummaryText": "나도 이제 심부름을 잘할 수 있는데, 엄마는 혼자 밖에 나가는 것이 위험하다고 하신다.",
        "textWordEA": 13
      }
    },
    {
      "srcTextID": "17090",
      "srcText": "나도 엄청 먹고 싶었지만 어쩔 수 없었어. 내가 왜 세모를 데리고 심부름한다고 했을까? 콩나물을 사고 집으로 가는 길에 열 번도 넘게 후회했어.",
      "srcPage": 21,
      "srcSentenceEA": 3,
      "srcWordEA": 24,
      "character": "나,세모,콩나물",
      "setting": "집으로 가는 길",
      "action": "데리고,사고,가는",
      "feeling": "후회했어",
      "causalRelationship": null,
      "outcomeResolution": "콩나물을 사고 집으로 가는 길에 열 번도 넘게 후회했어.",
      "prediction": null,
      "plotSummaryInfoCount": 1,
      "plotSummaryInfo": {
        "classification": "사회관계",
        "readAge": "초등_저학년",
        "form": "short-form",
        "plotSummaryText": "내가 세모를 데리고 심부름을 한다고 한 것을 집으로 가는 길에 열 번도 넘게 후회했다.",
        "textWordEA": 14
      }
    },
    {
      "srcTextID": "17091",
      "srcText": "“네모야, 세모야!” 아파트 앞까지 왔을 때 엄마가 우리를 불렀어. 나는 엄마를 보는 순간 눈물이 왈칵 쏟아졌어. “엄마, 으앙 세모가.”",
      "srcPage": 22,
      "srcSentenceEA": 4,
      "srcWordEA": 21,
      "character": "네모,세모,엄마,눈물",
      "setting": "아파트 앞",
      "action": "불렀어,쏟아졌어",
      "feeling": null,
      "causalRelationship": null,
      "outcomeResolution": "나는 엄마를 보는 순간 눈물이 왈칵 쏟아졌어.",
      "prediction": null,
      "plotSummaryInfoCount": 1,
      "plotSummaryInfo": {
        "classification": "사회관계",
        "readAge": "초등_저학년",
        "form": "long-form",
        "plotSummaryText": "아파트 앞에서 우리를 부르는 엄마를 보는 순간 나는 눈물이 쏟아졌다.",
        "textWordEA": 10
      }
    },
    {
      "srcTextID": "17078",
      "srcText": "나는 세모 손을 꼭 잡고 횡단보도 앞에 서 있었어. 신호등에 녹색등이 켜지자마자 세모가 막 건너려고 하지 뭐야. 나는 얼른 세모 손을 잡아당겼어.",
      "srcPage": 8,
      "srcSentenceEA": 3,
      "srcWordEA": 24,
      "character": "나,세모,손,녹색등",
      "setting": "횡단보도 앞",
      "action": "잡고,서 있었어,건너려고,잡아당겼어",
      "feeling": null,
      "causalRelationship": null,
      "outcomeResolution": "나는 얼른 세모 손을 잡아당겼어.",
      "prediction": null,
      "plotSummaryInfoCount": 1,
      "plotSummaryInfo": {
        "classification": "사회관계",
        "readAge": "초등_저학년",
        "form": "short-form",
        "plotSummaryText": "나는 신호등 앞 횡단보도 앞에 서 있었는데 녹색등이 켜지자마자 건너려는 세모의 손을 얼른 잡아당겼다.",
        "textWordEA": 14
      }
    },
    {
      "srcTextID": "17077",
      "srcText": "“세모야, 멈춰! 횡단보도 앞에서는 신호가 바뀌어도 우선 멈추고 차가 오는지 봐야 해.” 나는 두리번두리번 차가 오는지 확인한 뒤, 횡단보도를 건넜지. 그때까지는 그나마 괜찮았어. ",
      "srcPage": 9,
      "srcSentenceEA": 4,
      "srcWordEA": 26,
      "character": "세모,나,차",
      "setting": "횡단보도",
      "action": "멈춰,봐야 해,건넜지",
      "feeling": null,
      "causalRelationship": null,
      "outcomeResolution": null,
      "prediction": null,
      "plotSummaryInfoCount": 1,
      "plotSummaryInfo": {
        "classification": "사회관계",
        "readAge": "초등_저학년",
        "form": "long-form",
        "plotSummaryText": "나는 신호가 바뀌어도 우선 멈추고 차가 오는지 확인한 뒤 횡단보도를 건넜다.",
        "textWordEA": 11
      }
    },
    {
      "srcTextID": "17079",
      "srcText": "“오빠, 나 호떡 사 줘!” “알았어, 알았어. 나중에 사 줄게.” 후유, 세모는 그냥 지나치는 법이 없었어. 간신히 세모를 달래고 달래서 겨우 도서관에 도착했어.",
      "srcPage": 11,
      "srcSentenceEA": 5,
      "srcWordEA": 26,
      "character": "호떡,세모",
      "setting": "도서관",
      "action": "사 줄게,달래고,도착했어.",
      "feeling": null,
      "causalRelationship": null,
      "outcomeResolution": null,
      "prediction": null,
      "plotSummaryInfoCount": 1,
      "plotSummaryInfo": {
        "classification": "사회관계",
        "readAge": "초등_저학년",
        "form": "long-form",
        "plotSummaryText": "호떡을 사 달라는 세모를 겨우 달래고 달래서 겨우 도서관에 도착했다.",
        "textWordEA": 10
      }
    },
    {
      "srcTextID": "17094",
      "srcText": "나는 뭐든지 척척 잘하는 일곱 살이야. 일곱 살이면 말이지, 옷 입기, 신발 정리, 장난감 정리, 젓가락질, 동생을 데리고 심부름하는 것도 문제없다고! 그래서 나는 요즘 엄청 바빠.",
      "srcPage": 24,
      "srcSentenceEA": 3,
      "srcWordEA": 28,
      "character": "나,옷,신발,장난감",
      "setting": null,
      "action": "입기,젓가락질,데리고",
      "feeling": null,
      "causalRelationship": null,
      "outcomeResolution": null,
      "prediction": "나는 뭐든지 척척 잘하는 일곱 살이야.",
      "plotSummaryInfoCount": 1,
      "plotSummaryInfo": {
        "classification": "사회관계",
        "readAge": "초등_저학년",
        "form": "short-form",
        "plotSummaryText": "정리면 정리, 심부름이면 심부름, 뭐든지 척척 잘하는 나는 바쁜 일곱 살이다.",
        "textWordEA": 11
      }
    },
    {
      "srcTextID": "17087",
      "srcText": "우리는 채소 가게에서 놀이터를 지나, 도서관을 지나, 호떡집에 도착했어. “호떡 두 개만 주세요.” 세모와 나는 달콤한 호떡을 한 입씩 베어 물었어. 그 순간 갑자기 생각났지, 뭐야. “아, 맞다! 콩나물!” ",
      "srcPage": 18,
      "srcSentenceEA": 6,
      "srcWordEA": 32,
      "character": "호떡,세모,나,콩나물",
      "setting": "채소 가게,놀이터,도서관,호떡집",
      "action": "도착했어,베어 물었어",
      "feeling": null,
      "causalRelationship": null,
      "outcomeResolution": null,
      "prediction": null,
      "plotSummaryInfoCount": 1,
      "plotSummaryInfo": {
        "classification": "사회관계",
        "readAge": "초등_저학년",
        "form": "long-form",
        "plotSummaryText": "호떡집에서 달콤한 호떡 두 개를 사서 세모와 한 입씩 베어 무는 순간, 콩나물이 생각났다.",
        "textWordEA": 14
      }
    },
    {
      "srcTextID": "17082",
      "srcText": "도서관에서 나는 책 두 권을 들고 머뭇거렸어. 사실 한 번도 내가 책을 반납해 본 적이 없었거든. 나는 주뼛주뼛 사서 선생님에게 다가가서 기어들어 가는 목소리로 말을 했어. “저 선생님.”",
      "srcPage": 12,
      "srcSentenceEA": 4,
      "srcWordEA": 30,
      "character": "나,책,사서 선생님",
      "setting": "도서관",
      "action": "들고 머뭇거렸어,다가가서,말을 했어",
      "feeling": null,
      "causalRelationship": "도서관에서 나는 책 두 권을 들고 머뭇거렸어. 사실 한 번도 내가 책을 반납해 본 적이 없었거든.",
      "outcomeResolution": null,
      "prediction": null,
      "plotSummaryInfoCount": 1,
      "plotSummaryInfo": {
        "classification": "사회관계",
        "readAge": "초등_저학년",
        "form": "long-form",
        "plotSummaryText": "도서관에서 책 반납을 한 번도 해 본 적이 없는 나는, 책 두 권을 들고 사서 선생님에게 다가가서 말했다.",
        "textWordEA": 18
      }
    },
    {
      "srcTextID": "17081",
      "srcText": "그때 갑자기 세모의 목소리가 쩌렁쩌렁 울려 퍼졌어. “선생님, 책 가져왔어요!” 조금 창피하긴 했지만, 세모 덕분에 무사히 책을 반납했지. ",
      "srcPage": 13,
      "srcSentenceEA": 3,
      "srcWordEA": 19,
      "character": "세모,선생님,책",
      "setting": null,
      "action": "가져왔어요,반납했지",
      "feeling": null,
      "causalRelationship": null,
      "outcomeResolution": null,
      "prediction": null,
      "plotSummaryInfoCount": 1,
      "plotSummaryInfo": {
        "classification": "사회관계",
        "readAge": "초등_저학년",
        "form": "short-form",
        "plotSummaryText": "세모가 책을 가져왔다고 선생님에게 소리쳐서 창피하긴 했지만, 책을 무사히 반납했다.",
        "textWordEA": 10
      }
    },
    {
      "srcTextID": "17084",
      "srcText": "도서관에서 나오자마자, 세모는 내 손을 뿌리치고 뛰기 시작했어. 세모가 뛰어간 곳은 놀이터였어. “오빠, 미끄럼틀 딱 한 번만!” ",
      "srcPage": 14,
      "srcSentenceEA": 3,
      "srcWordEA": 18,
      "character": "세모,손,미끄럼틀",
      "setting": "도서관,놀이터",
      "action": "뛰기 시작했어",
      "feeling": null,
      "causalRelationship": null,
      "outcomeResolution": null,
      "prediction": null,
      "plotSummaryInfoCount": 1,
      "plotSummaryInfo": {
        "classification": "사회관계",
        "readAge": "초등_저학년",
        "form": "short-form",
        "plotSummaryText": "도서관에서 나오자마자, 세모는 놀이터에 있는 미끄럼틀을 타겠다며 내 손을 뿌리치고 뛰기 시작했다.",
        "textWordEA": 12
      }
    },
    {
      "srcTextID": "17092",
      "srcText": "“왜 그래, 네모야! 세모가 뭐?” “아니에요, 아무것도.” 나는 눈물을 닦고 시장바구니를 엄마에게 내밀었어. “우리 네모, 심부름 정말 잘하는구나. 진짜 최고!” ",
      "srcPage": 23,
      "srcSentenceEA": 6,
      "srcWordEA": 23,
      "character": "네모,나,눈물,시장바구니,엄마,세모",
      "setting": null,
      "action": "닦고,내밀었어",
      "feeling": null,
      "causalRelationship": null,
      "outcomeResolution": null,
      "prediction": null,
      "plotSummaryInfoCount": 1,
      "plotSummaryInfo": {
        "classification": "사회관계",
        "readAge": "초등_저학년",
        "form": "long-form",
        "plotSummaryText": "네모가 눈물을 닦고 시장바구니를 엄마에게 내밀자, 엄마는 심부름을 정말 잘한다며 칭찬해 주셨다.",
        "textWordEA": 12
      }
    },
    {
      "srcTextID": "17086",
      "srcText": "나는 세모의 손을 꼭 잡고 채소 가게로 갔어. 우물쭈물 조금 망설이긴 했지만, 용기를 내서 말했지. “저 애 애호박 한 개만 주세요. 그리고 또 뭐였더라?”",
      "srcPage": 16,
      "srcSentenceEA": 4,
      "srcWordEA": 26,
      "character": "나,세모,손,애호박",
      "setting": "채소 가게",
      "action": "잡고,갔어,말했지",
      "feeling": null,
      "causalRelationship": null,
      "outcomeResolution": null,
      "prediction": null,
      "plotSummaryInfoCount": 1,
      "plotSummaryInfo": {
        "classification": "사회관계",
        "readAge": "초등_저학년",
        "form": "long-form",
        "plotSummaryText": "세모의 손을 잡고 채소 가게로 간 나는 용기를 내서 애호박 한 개를 달라고 말했다.",
        "textWordEA": 14
      }
    },
    {
      "srcTextID": "17085",
      "srcText": "그때 느닷없이 세모가 고래고래 소리를 질렀어. “애호박 샀으니까 이제 호떡 사 줘! 아까 사 준다고 했잖아.” 나는 너무너무 창피해서 애호박만 사고 서둘러 호떡집으로 갔어. ",
      "srcPage": 17,
      "srcSentenceEA": 4,
      "srcWordEA": 26,
      "character": "세모,애호박,호떡,나",
      "setting": "호떡집",
      "action": "소리를 질렀어,사 줘,갔어",
      "feeling": "창피해서",
      "causalRelationship": "나는 너무너무 창피해서 애호박만 사고 서둘러 호떡집으로 갔어.",
      "outcomeResolution": null,
      "prediction": null,
      "plotSummaryInfoCount": 1,
      "plotSummaryInfo": {
        "classification": "사회관계",
        "readAge": "초등_저학년",
        "form": "long-form",
        "plotSummaryText": "세모가 호떡을 사 달라고 소리를 질러서 창피해진 나는 서둘러 호떡집으로 갔다.",
        "textWordEA": 11
      }
    },
    {
      "srcTextID": "17083",
      "srcText": "그런데 딱 한 번만 타겠다고 하더니, 열 번도 넘게 타지 뭐야. 이러다 금세 깜깜한 밤이 될 것 같았어. “세모야, 이제 그만 타고 가자. 오빠 말 잘 들어야 호떡 사 줄 거야.” 세모는 호떡이라는 소리에 후다닥 달려왔어. 세모를 데리고 오는 게 아니었는데. ",
      "srcPage": 15,
      "srcSentenceEA": 6,
      "srcWordEA": 45,
      "character": "세모,호떡",
      "setting": null,
      "action": "타고,달려왔어,오는",
      "feeling": null,
      "causalRelationship": "세모는 호떡이라는 소리에 후다닥 달려왔어.",
      "outcomeResolution": null,
      "prediction": null,
      "plotSummaryInfoCount": 1,
      "plotSummaryInfo": {
        "classification": "사회관계",
        "readAge": "초등_저학년",
        "form": "long-form",
        "plotSummaryText": "한 번만 타겠다더니 열 번도 넘게 타는 세모에게 호떡을 사준다고 했더니 후다닥 달려왔다.",
        "textWordEA": 13
      }
    },
    {
      "srcTextID": "17071",
      "srcText": "나는 뭐든지 척척 잘하는 일곱 살이야. 그런데 딱 하나 못 해 본 게 있어. 바로 심부름하는 거야.",
      "srcPage": 1,
      "srcSentenceEA": 3,
      "srcWordEA": 19,
      "character": "나",
      "setting": null,
      "action": "심부름하는 거,척척 잘하는",
      "feeling": null,
      "causalRelationship": null,
      "outcomeResolution": null,
      "prediction": "그런데 딱 하나 못 해 본 게 있어.",
      "plotSummaryInfoCount": 1,
      "plotSummaryInfo": {
        "classification": "사회관계",
        "readAge": "초등_저학년",
        "form": "short-form",
        "plotSummaryText": "나는 뭐든지 척척 잘하는 일곱 살인데 심부름하는 거는 못 해 봤다.",
        "textWordEA": 11
      }
    },
    {
      "srcTextID": "17089",
      "srcText": "나는 마음이 급했어. 다시 채소 가게로 가기 위해 세모 손을 세게 잡아끌었어. 그 바람에 세모의 호떡이 땅에 뚝 떨어졌지 뭐야. ",
      "srcPage": 19,
      "srcSentenceEA": 3,
      "srcWordEA": 22,
      "character": "나,세모 손,호떡,땅",
      "setting": "채소 가게",
      "action": "잡아끌었어",
      "feeling": null,
      "causalRelationship": null,
      "outcomeResolution": null,
      "prediction": "나는 마음이 급했어.",
      "plotSummaryInfoCount": 1,
      "plotSummaryInfo": {
        "classification": "사회관계",
        "readAge": "초등_저학년",
        "form": "short-form",
        "plotSummaryText": "마음이 급해진 나는 세모의 손을 세게 잡아끌었고, 세모의 호떡은 땅에 떨어졌다.",
        "textWordEA": 11
      }
    },
    {
      "srcTextID": "17088",
      "srcText": "“으앙, 내 호떡!” 세모는 털썩 주저앉아 엉엉 울어 댔어. “자, 내 거 먹어!” 나는 내 호떡을 세모에게 내밀었어. ",
      "srcPage": 20,
      "srcSentenceEA": 4,
      "srcWordEA": 20,
      "character": "호떡,세모,나,내",
      "setting": null,
      "action": "털썩 주저앉아,울어 댔어,내밀었어",
      "feeling": null,
      "causalRelationship": null,
      "outcomeResolution": "나는 내 호떡을 세모에게 내밀었어.",
      "prediction": null,
      "plotSummaryInfoCount": 1,
      "plotSummaryInfo": {
        "classification": "사회관계",
        "readAge": "초등_저학년",
        "form": "long-form",
        "plotSummaryText": "세모는 주저앉아 엉엉 울어 댔고, 나는 내 호떡을 세모에게 내밀었다.",
        "textWordEA": 10
      }
    },
    {
      "srcTextID": "17072",
      "srcText": "그러던 어느 날, 엄마가 드디어 결심을 했어. “네모야, 심부름 좀 해 줄래?” 엄마는 도서관에 반납할 책과 심부름 쪽지, 500원짜리 동전 여섯 개를 주었어.",
      "srcPage": 3,
      "srcSentenceEA": 3,
      "srcWordEA": 24,
      "character": "엄마,책,심부름 쪽지,500원짜리 동전",
      "setting": "어느 날,도서관",
      "action": "주었어",
      "feeling": null,
      "causalRelationship": null,
      "outcomeResolution": null,
      "prediction": null,
      "plotSummaryInfoCount": 1,
      "plotSummaryInfo": {
        "classification": "사회관계",
        "readAge": "초등_저학년",
        "form": "short-form",
        "plotSummaryText": "어느 날, 엄마는 도서관에 반납할 책과 심부름 쪽지 그리고 500원짜리 동전 여섯 개를 주시면서 심부름을 해 달라고 하셨다.",
        "textWordEA": 18
      }
    },
    {
      "srcTextID": "17073",
      "srcText": "그런데 동생 세모가 같이 가겠다고 떼를 썼어. “엄마, 일곱 살은 말이죠, 동생을 데리고 심부름하는 것도 어렵지 않아요.” 나는 심부름할 생각에 들떠서 하지 말아야 할 말을 해 버렸어. 어떤 일이 벌어질지 그때는 상상도 못 했어. ",
      "srcPage": 4,
      "srcSentenceEA": 4,
      "srcWordEA": 36,
      "character": "동생 세모,엄마,나",
      "setting": null,
      "action": "데리고,가겠다고,말을 해 버렸어",
      "feeling": null,
      "causalRelationship": null,
      "outcomeResolution": "나는 심부름할 생각에 들떠서 하지 말아야 할 말을 해 버렸어.",
      "prediction": null,
      "plotSummaryInfoCount": 1,
      "plotSummaryInfo": {
        "classification": "사회관계",
        "readAge": "초등_저학년",
        "form": "long-form",
        "plotSummaryText": "나는 같이 가겠다고 떼를 쓰는 동생 세모를 데리고 심부름을 다녀오겠다고 말했다.",
        "textWordEA": 11
      }
    },
    {
      "srcTextID": "17074",
      "srcText": "“네모야, 세모 손 꼭 잡고 길 건널 때 조심해. 알았지?” “네, 엄마!” 나는 세모 손을 꼭 잡고 집을 나섰어. 그런데 누군가 자꾸 따라오는 것 같았어.",
      "srcPage": 5,
      "srcSentenceEA": 5,
      "srcWordEA": 28,
      "character": "네모,세모 손,엄마",
      "setting": "길,집",
      "action": "잡고,건널 때,나섰어",
      "feeling": null,
      "causalRelationship": null,
      "outcomeResolution": null,
      "prediction": "나는 세모 손을 꼭 잡고 집을 나섰어.",
      "plotSummaryInfoCount": 1,
      "plotSummaryInfo": {
        "classification": "사회관계",
        "readAge": "초등_저학년",
        "form": "long-form",
        "plotSummaryText": "네모가 세모의 손을 꼭 잡고 집을 나섰는데, 누군가 자꾸 따라오는 것 같았다.",
        "textWordEA": 12
      }
    },
    {
      "srcTextID": "17075",
      "srcText": "“엄마, 따라오지 마세요. 나는 일곱 살이라니까요!” 엄마는 알았다고 하면서도 자꾸자꾸 따라왔어.",
      "srcPage": 6,
      "srcSentenceEA": 3,
      "srcWordEA": 13,
      "character": "엄마,나",
      "setting": null,
      "action": "따라왔어",
      "feeling": null,
      "causalRelationship": null,
      "outcomeResolution": null,
      "prediction": null,
      "plotSummaryInfoCount": 1,
      "plotSummaryInfo": {
        "classification": "사회관계",
        "readAge": "초등_저학년",
        "form": "short-form",
        "plotSummaryText": "엄마는 일곱 살인 나를 자꾸자꾸 따라왔다.",
        "textWordEA": 6
      }
    },
    {
      "srcTextID": "17076",
      "srcText": "“엄마, 진짜 따라오지 말라니까요.” 어? 엄마가 없네. 엄마가 안 보이니까 갑자기 겁이 나지 뭐야. 아니야, 괜찮아! 나는 뭐든지 척척 잘하는 일곱 살이니까.",
      "srcPage": 7,
      "srcSentenceEA": 6,
      "srcWordEA": 27,
      "character": "엄마,나",
      "setting": null,
      "action": "따라오지,보이니까",
      "feeling": "겁이 나지",
      "causalRelationship": "엄마가 안 보이니까 갑자기 겁이 나지 뭐야.",
      "outcomeResolution": null,
      "prediction": null,
      "plotSummaryInfoCount": 1,
      "plotSummaryInfo": {
        "classification": "사회관계",
        "readAge": "초등_저학년",
        "form": "long-form",
        "plotSummaryText": "엄마가 따라오지 않자 갑자기 겁이 났지만, 나는 일곱 살이니까 괜찮다.",
        "textWordEA": 10
      }
    },
    {
      "srcTextID": "17080",
      "srcText": "“오빠, 우리 인형 뽑기 하자, 응?” “안 돼, 그럴 돈 없어.” “오빠, 오빠. 이 토끼 모자 진짜 예쁘다!” “집에 모자 있잖아, 빨리 가자.”",
      "srcPage": 10,
      "srcSentenceEA": 5,
      "srcWordEA": 24,
      "character": "인형,돈,토끼 모자,집",
      "setting": null,
      "action": "뽑기,가자",
      "feeling": null,
      "causalRelationship": null,
      "outcomeResolution": null,
      "prediction": null,
      "plotSummaryInfoCount": 1,
      "plotSummaryInfo": {
        "classification": "사회관계",
        "readAge": "초등_저학년",
        "form": "long-form",
        "plotSummaryText": "세모는 토끼 모자가 예쁘다며 인형 뽑기를 하자고 했지만, 나는 그럴 돈이 없다며 빨리 가자고 했다.",
        "textWordEA": 15
      }
    }
  ]
}