{
  "title": "존 할아버지와 함께한 토요일",
  "author": "배인주",
  "illustrator": "박현주",
  "isbn": "9791165953300",
  "publishedYear": 2021,
  "publisher": "아람북스",
  "paragraphInfoCount": 22,
  "paragraphInfo": [
    {
      "srcTextID": "15470",
      "srcText": "사람들은 저마다 한마디씩 했어요. “저는 존 할아버지가 고쳐 주신 자전거를 타고 왔어요.” “저는 할아버지네 유리창을 깼던 야구공을 가져왔어요",
      "srcPage": 10,
      "srcSentenceEA": 3,
      "srcWordEA": 18,
      "character": "사람들,저,존 할아버지,자전거,할아버지네 유리창,야구공",
      "setting": null,
      "action": "한마디씩 했어요,고쳐 주신,타고,왔어요,가져왔어요",
      "feeling": null,
      "causalRelationship": null,
      "outcomeResolution": null,
      "prediction": "사람들은 저마다 한마디씩 했어요.",
      "plotSummaryInfoCount": 1,
      "plotSummaryInfo": {
        "classification": "사회관계",
        "readAge": "초등_저학년",
        "form": "short-form",
        "plotSummaryText": "사람들은 할아버지가 고쳐주신 자전거와 유리창을 깬 야구공을 가져와 한마디씩 했어요.",
        "textWordEA": 10
      }
    },
    {
      "srcTextID": "15476",
      "srcText": "그때 한 소녀가 손을 살그머니 들고 말했어요. “존 할아버지, 저 기억하세요? 할아버지께서 제가 잃어버린 도시락을 찾아서 들고 오셨었는데. ",
      "srcPage": 13,
      "srcSentenceEA": 3,
      "srcWordEA": 19,
      "character": "소녀,손,존 할아버지,저,할아버지,제,도시락",
      "setting": null,
      "action": "살그머니 들고,말했어요,잃어버린,찾아서 들고 오셨었는데",
      "feeling": null,
      "causalRelationship": null,
      "outcomeResolution": "그때 한 소녀가 손을 살그머니 들고 말했어요.",
      "prediction": null,
      "plotSummaryInfoCount": 1,
      "plotSummaryInfo": {
        "classification": "사회관계",
        "readAge": "초등_저학년",
        "form": "short-form",
        "plotSummaryText": "한 소녀가 손을 살그머니 들고 존 할아버지가 찾아준 도시락 이야기를 했어요.",
        "textWordEA": 11
      }
    },
    {
      "srcTextID": "15484",
      "srcText": "겨울이 끝나 가던 어느 날이었어요. 존 할아버지는 하늘 나라로 여행을 떠났어요. 존 할아버지네 집 앞에 마을 사람들이 모였어요. 저마다 존 할아버지가 좋아했던 것들을 가지고요. 오늘은 조금 울어도 괜찮은 날이에요.",
      "srcPage": 22,
      "srcSentenceEA": 5,
      "srcWordEA": 33,
      "character": "존 할아버지,마을 사람들",
      "setting": "오늘,겨울이 끝나 가던 어느 날,존 할아버지네 집 앞",
      "action": "떠났어요,모였어요,가지고요",
      "feeling": "좋아했던",
      "causalRelationship": null,
      "outcomeResolution": null,
      "prediction": "겨울이 끝나 가던 어느 날이었어요. 존 할아버지는 하늘 나라로 여행을 떠났어요.",
      "plotSummaryInfoCount": 1,
      "plotSummaryInfo": {
        "classification": "사회관계",
        "readAge": "초등_저학년",
        "form": "long-form",
        "plotSummaryText": "겨울이 끝나 가던 날 존 할아버지는 하늘나라로 여행을 떠났고 마을 사람들이 모였어요.",
        "textWordEA": 12
      }
    },
    {
      "srcTextID": "15451",
      "srcText": "“존 할아버지가 새로운 요리를 개발하셨나?” “맞아, 존 할아버지는 요리를 좋아하시지.” “어쩌면 존 할아버지가 또 대단한 무언가를 만드셨을지도 몰라.” “그럴 수도 있겠다.”",
      "srcPage": 2,
      "srcSentenceEA": 4,
      "srcWordEA": 21,
      "character": "존 할아버지,요리",
      "setting": null,
      "action": "개발하셨나,만드셨을지도",
      "feeling": "좋아하시지,대단한",
      "causalRelationship": null,
      "outcomeResolution": null,
      "prediction": "어쩌면 존 할아버지가 또 대단한 무언가를 만드셨을지도 몰라.",
      "plotSummaryInfoCount": 1,
      "plotSummaryInfo": {
        "classification": "사회관계",
        "readAge": "초등_저학년",
        "form": "long-form",
        "plotSummaryText": "요리를 좋아하는 존 할아버지가 대단한 무언가를 만드셨는지 모두 궁금해했어요.",
        "textWordEA": 9
      }
    },
    {
      "srcTextID": "15477",
      "srcText": "“뭐라고요? 장례식이라고요?” “장례식을 미리 한다고요?” “저는 이제 나이가 많아서 언제 죽음이 찾아올지 모릅니다. 미리 장례식을 해서 여러분과 마지막 인사를 나누고 싶었어요. 제가 세상을 떠나도 오늘의 유쾌한 파티를 기억해 주면 좋겠어요.” “존 할아버지, 멋있어요!” 사람들이 일어서서 손뼉을 쳤어요.",
      "srcPage": 16,
      "srcSentenceEA": 7,
      "srcWordEA": 41,
      "character": "저,여러분,제,존 할아버지,사람들",
      "setting": "장례식,오늘,파티",
      "action": "미리 한다고요,나누고 싶었어요,일어서서,손뼉을 쳤어요,떠나도",
      "feeling": "유쾌한,좋겠어요,멋있어요",
      "causalRelationship": "저는 이제 나이가 많아서 언제 죽음이 찾아올지 모릅니다. 미리 장례식을 해서 여러분과 마지막 인사를 나누고 싶었어요.",
      "outcomeResolution": null,
      "prediction": null,
      "plotSummaryInfoCount": 1,
      "plotSummaryInfo": {
        "classification": "사회관계",
        "readAge": "초등_저학년",
        "form": "long-form",
        "plotSummaryText": "나이가 많아 언제 죽음이 찾아올지 모르니 미리 장례식으로 인사를 나누고 싶었다고 말하자 사람들이 멋지다며 손뼉을 쳤어요.",
        "textWordEA": 16
      }
    },
    {
      "srcTextID": "15483",
      "srcText": "시간이 흘러 어느덧 깊은 밤이 되었어요. 모두들 집으로 돌아갈 시간이 되었지요. 존 할아버지는 돌아가는 마을 사람들에게 작은 선물을 주었어요. 아름다운 추억도 함께 주었지요. 존 할아버지와 함께한 토요일이 끝났어요.",
      "srcPage": 21,
      "srcSentenceEA": 5,
      "srcWordEA": 32,
      "character": "모두들,존 할아버지,마을 사람들,작은 선물,집",
      "setting": "깊은 밤,토요일",
      "action": "돌아갈,돌아가는,주었어요,주었지요",
      "feeling": "아름다운",
      "causalRelationship": null,
      "outcomeResolution": "존 할아버지와 함께한 토요일이 끝났어요.",
      "prediction": null,
      "plotSummaryInfoCount": 1,
      "plotSummaryInfo": {
        "classification": "사회관계",
        "readAge": "초등_저학년",
        "form": "long-form",
        "plotSummaryText": "깊은 밤이 되어 돌아갈 시간이 되자 존 할아버지는 마을 사람들에게 작은 선물을 주었어요.",
        "textWordEA": 13
      }
    },
    {
      "srcTextID": "15457",
      "srcText": "드디어 파티 날이 되었어요. 마을 사람들은 존 할아버지 집에서 새로운 걸 찾느라 바빴어요. “어, 뭐지? 새로운 요리가 없네?” ",
      "srcPage": 3,
      "srcSentenceEA": 4,
      "srcWordEA": 20,
      "character": "마을 사람들,존 할아버지,요리",
      "setting": "파티 날,집에서",
      "action": "찾느라",
      "feeling": null,
      "causalRelationship": null,
      "outcomeResolution": "드디어 파티 날이 되었어요.",
      "prediction": null,
      "plotSummaryInfoCount": 1,
      "plotSummaryInfo": {
        "classification": "사회관계",
        "readAge": "초등_저학년",
        "form": "long-form",
        "plotSummaryText": "파티 날이 되어 사람들은 존 할아버지 집에서 새로운 요리를 찾느라 바빴어요.",
        "textWordEA": 11
      }
    },
    {
      "srcTextID": "15456",
      "srcText": "“할아버지가 새로 만드신 것도 없어.” 파티는 보통 파티와 다를 것이 없었어요. “존 할아버지, 오늘 무슨 파티예요?”",
      "srcPage": 4,
      "srcSentenceEA": 3,
      "srcWordEA": 17,
      "character": "할아버지",
      "setting": "파티,오늘",
      "action": "만드신",
      "feeling": null,
      "causalRelationship": null,
      "outcomeResolution": "파티는 보통 파티와 다를 것이 없었어요.",
      "prediction": null,
      "plotSummaryInfoCount": 1,
      "plotSummaryInfo": {
        "classification": "사회관계",
        "readAge": "초등_저학년",
        "form": "short-form",
        "plotSummaryText": "보통 파티와 다를 것이 없어서 할아버지에게 오늘 무슨 파티냐고 물었어요.",
        "textWordEA": 10
      }
    },
    {
      "srcTextID": "15462",
      "srcText": "파티가 한창 무르익었어요. 식탁에 차려진 음식도 많이 줄었어요. 춤을 추는 사람도, 게임을 하는 사람도 없고, 흥겨운 음악을 연주하던 악단도 연주를 멈추었어요.",
      "srcPage": 6,
      "srcSentenceEA": 3,
      "srcWordEA": 23,
      "character": "식탁,음식,사람,악단",
      "setting": "파티",
      "action": "춤을 추는,게임을 하는,연주하던,멈추었어요",
      "feeling": "흥겨운",
      "causalRelationship": null,
      "outcomeResolution": "춤을 추는 사람도,게임을 하는 사람도 없고,흥겨운 음악을 연주하던 악단도 연주를 멈추었어요.",
      "prediction": null,
      "plotSummaryInfoCount": 1,
      "plotSummaryInfo": {
        "classification": "사회관계",
        "readAge": "초등_저학년",
        "form": "short-form",
        "plotSummaryText": "파티가 무르익었고, 춤을 추는 사람도 게임하는 사람도 없고, 악단도 연주를 멈추고 음식도 줄었어요.",
        "textWordEA": 13
      }
    },
    {
      "srcTextID": "15468",
      "srcText": "“제 생일에 선물로 주신 화분을 들고 왔어요.” “비 오던 날 빌려주신 우산을 가져왔어요.” 옆집 토미도 밀짚모자를 살짝 들어 올렸어요.",
      "srcPage": 11,
      "srcSentenceEA": 3,
      "srcWordEA": 20,
      "character": "제,선물,화분,우산,옆집 토미,밀짚모자",
      "setting": null,
      "action": "주신,들고 왔어요,빌려주신,가져왔어요,들어 올렸어요",
      "feeling": null,
      "causalRelationship": null,
      "outcomeResolution": "옆집 토미도 밀짚모자를 살짝 들어 올렸어요.",
      "prediction": null,
      "plotSummaryInfoCount": 1,
      "plotSummaryInfo": {
        "classification": "사회관계",
        "readAge": "초등_저학년",
        "form": "short-form",
        "plotSummaryText": "생일 선물로 준 화분과 빌려준 우산을 가져왔어요.",
        "textWordEA": 7
      }
    },
    {
      "srcTextID": "15469",
      "srcText": "“할아버지, 저는 이 모자를 가져왔어요. 작년에 할아버지랑 함께 낚시하러 갔을 때 주신 거예요.” “맞아, 그날 엄청나게 큰 물고기도 잡았었지?” “정말 재미있었어요.”",
      "srcPage": 12,
      "srcSentenceEA": 4,
      "srcWordEA": 22,
      "character": "할아버지,저,모자,물고기",
      "setting": null,
      "action": "가져왔어요,주신,잡았었지",
      "feeling": "재미있었어요",
      "causalRelationship": null,
      "outcomeResolution": null,
      "prediction": null,
      "plotSummaryInfoCount": 1,
      "plotSummaryInfo": {
        "classification": "사회관계",
        "readAge": "초등_저학년",
        "form": "long-form",
        "plotSummaryText": "할아버지랑 낚시하러 갔을때 받은 모자를 가져왔고, 큰 물고기 잡은 이야기를 했어요.",
        "textWordEA": 11
      }
    },
    {
      "srcTextID": "15475",
      "srcText": "교실 문을 열고 ‘애나, 도시락!’이라고 소리치셨지요. 그때부터 친구들이 저를 도시락이라고 불렀어요.” 사람들은 모두 소리 내어 웃었어요.",
      "srcPage": 14,
      "srcSentenceEA": 4,
      "srcWordEA": 19,
      "character": "교실 문,애나,도시락,친구들,저,사람들",
      "setting": null,
      "action": "열고,소리치셨지요,불렀어요,소리 내어,웃었어요",
      "feeling": null,
      "causalRelationship": "교실 문을 열고 ‘애나,도시락!’이라고 소리치셨지요. 그때부터 친구들이 저를 도시락이라고 불렀어요.",
      "outcomeResolution": null,
      "prediction": null,
      "plotSummaryInfoCount": 1,
      "plotSummaryInfo": {
        "classification": "사회관계",
        "readAge": "초등_저학년",
        "form": "long-form",
        "plotSummaryText": "친구들이 도시락이라고 부른 이야기를 하자 사람들은 모두 소리내어 웃었어요.",
        "textWordEA": 9
      }
    },
    {
      "srcTextID": "15478",
      "srcText": "“여러분, 파티가 즐거우셨나요? 오늘이 무슨 날인지 많이 궁금하셨지요? 사실, 오늘 파티는 제 장례식이랍니다. 정확히 말하면 미리 하는 장례식이지요.”",
      "srcPage": 15,
      "srcSentenceEA": 4,
      "srcWordEA": 21,
      "character": "제",
      "setting": "파티,오늘,장례식",
      "action": "말하면,미리 하는",
      "feeling": "즐거우셨나요,궁금하셨지요",
      "causalRelationship": null,
      "outcomeResolution": null,
      "prediction": "정확히 말하면 미리 하는 장례식이지요.",
      "plotSummaryInfoCount": 1,
      "plotSummaryInfo": {
        "classification": "사회관계",
        "readAge": "초등_저학년",
        "form": "long-form",
        "plotSummaryText": "사람들에게 오늘 파티가 미리 하는 장례식이라고 이야기 했어요.",
        "textWordEA": 8
      }
    },
    {
      "srcTextID": "15479",
      "srcText": "그때 토미가 손을 번쩍 들었어요. “토미야, 궁금한 게 있니?” “할아버지, 죽으면 다시 못 만나는 거 아니에요?”",
      "srcPage": 17,
      "srcSentenceEA": 3,
      "srcWordEA": 16,
      "character": "토미,손,할아버지",
      "setting": null,
      "action": "들었어요",
      "feeling": null,
      "causalRelationship": null,
      "outcomeResolution": null,
      "prediction": "죽으면 다시 못 만나는 거 아니에요?",
      "plotSummaryInfoCount": 1,
      "plotSummaryInfo": {
        "classification": "사회관계",
        "readAge": "초등_저학년",
        "form": "short-form",
        "plotSummaryText": "토미가 손을 들어 죽으면 다시 못 만나는 것인지 물었어요.",
        "textWordEA": 9
      }
    },
    {
      "srcTextID": "15482",
      "srcText": "“죽는다고 너무 슬퍼할 필요는 없어요. 같이 나눈 행복한 추억이 이렇게 많잖아요.” “그럼요, 죽음은 누구에게나 찾아오니까요.”",
      "srcPage": 19,
      "srcSentenceEA": 3,
      "srcWordEA": 16,
      "character": "누구",
      "setting": null,
      "action": "죽는다고,찾아오니까요",
      "feeling": "슬퍼할,행복한",
      "causalRelationship": null,
      "outcomeResolution": null,
      "prediction": "죽는다고 너무 슬퍼할 필요는 없어요. 같이 나눈 행복한 추억이 이렇게 많잖아요.",
      "plotSummaryInfoCount": 1,
      "plotSummaryInfo": {
        "classification": "사회관계",
        "readAge": "초등_저학년",
        "form": "short-form",
        "plotSummaryText": "죽음은 누구에게나 찾아오며 행복한 추억이 많으니 죽는다고 슬퍼할 필요가 없어요.",
        "textWordEA": 10
      }
    },
    {
      "srcTextID": "15452",
      "srcText": "따스한 봄날이에요. 마을의 최고 멋쟁이 존 할아버지가 초대장을 쓰고 있어요. 초대장을 받은 마을 사람들은 무슨 파티일지 무척 궁금해했어요. “존 할아버지의 생일 파티인가?” “아냐, 존 할아버지 생일은 가을이야.”",
      "srcPage": 1,
      "srcSentenceEA": 5,
      "srcWordEA": 29,
      "character": "존 할아버지,초대장,마을 사람들",
      "setting": "봄날,마을",
      "action": "쓰고 있어요,받은",
      "feeling": "궁금해했어요",
      "causalRelationship": null,
      "outcomeResolution": null,
      "prediction": "초대장을 받은 마을 사람들은 무슨 파티일지 무척 궁금해했어요.",
      "plotSummaryInfoCount": 1,
      "plotSummaryInfo": {
        "classification": "사회관계",
        "readAge": "초등_저학년",
        "form": "long-form",
        "plotSummaryText": "마을 최고 멋쟁이 존 할아버지의 초대장을 받은 사람들은 무슨 파티인지 궁금해했어요.",
        "textWordEA": 11
      }
    },
    {
      "srcTextID": "15458",
      "srcText": "옆집 사는 토미가 물었어요. “오늘이 무슨 날일지 한번 맞혀 보렴.” 존 할아버지는 그냥 웃기만 했어요. ",
      "srcPage": 5,
      "srcSentenceEA": 3,
      "srcWordEA": 16,
      "character": "토미,존 할아버지",
      "setting": "오늘",
      "action": "사는,물었어요,맞혀 보렴",
      "feeling": null,
      "causalRelationship": null,
      "outcomeResolution": null,
      "prediction": "오늘이 무슨 날일지 한번 맞혀 보렴.",
      "plotSummaryInfoCount": 1,
      "plotSummaryInfo": {
        "classification": "사회관계",
        "readAge": "초등_저학년",
        "form": "short-form",
        "plotSummaryText": "옆집 토미가 묻자 존 할아버지는 무슨 날인지 맞혀보라고 했어요.",
        "textWordEA": 9
      }
    },
    {
      "srcTextID": "15461",
      "srcText": "존 할아버지가 조용히 무대 위로 올라갔어요. “여러분, 저와의 추억이 담긴 물건을 가지고 와 달라고 했었지요? 어떤 추억을 가지고 오셨나요? 지금부터 저에게 이야기해 주시겠어요?” ",
      "srcPage": 7,
      "srcSentenceEA": 4,
      "srcWordEA": 25,
      "character": "존 할아버지,저,추억이 담긴 물건",
      "setting": "무대 위",
      "action": "올라갔어요,담긴,가지고 와 달라고,가지고 오셨나요,이야기해 주시겠어요",
      "feeling": null,
      "causalRelationship": null,
      "outcomeResolution": null,
      "prediction": null,
      "plotSummaryInfoCount": 1,
      "plotSummaryInfo": {
        "classification": "사회관계",
        "readAge": "초등_저학년",
        "form": "long-form",
        "plotSummaryText": "존 할아버지가 어떤  추억이 담긴 물건을 가지고 왔는지 이야기해달라고 했어요.",
        "textWordEA": 11
      }
    },
    {
      "srcTextID": "15465",
      "srcText": "“존 할아버지, 저는 이 가방을 가지고 왔어요. 기억나세요?” 제니 아주머니가 빨간 가방을 내밀었어요. “가만, 그 빨간 가방은. 아하! 제가 도둑에게서 찾아 준 그 가방이군요.”",
      "srcPage": 8,
      "srcSentenceEA": 6,
      "srcWordEA": 28,
      "character": "존 할아버지,저,가방,제니 아주머니,제,도둑,빨간 가방",
      "setting": null,
      "action": "가지고 왔어요,내밀었어요,찾아 준",
      "feeling": null,
      "causalRelationship": null,
      "outcomeResolution": "제니 아주머니가 빨간 가방을 내밀었어요.",
      "prediction": null,
      "plotSummaryInfoCount": 1,
      "plotSummaryInfo": {
        "classification": "사회관계",
        "readAge": "초등_저학년",
        "form": "long-form",
        "plotSummaryText": "제니 아주머니는 존 할아버지가 도둑에게서 찾아 준 빨간 가방을 내밀었어요.",
        "textWordEA": 10
      }
    },
    {
      "srcTextID": "15464",
      "srcText": " 존 할아버지가 무릎을 탁 쳤어요. “네, 맞아요. 존 할아버지는 정말 용감한 경찰관이셨어요.” 사람들이 손뼉을 쳤어요. ",
      "srcPage": 9,
      "srcSentenceEA": 4,
      "srcWordEA": 18,
      "character": "존 할아버지,무릎,경찰관,사람들",
      "setting": null,
      "action": "쳤어요",
      "feeling": "용감한",
      "causalRelationship": null,
      "outcomeResolution": null,
      "prediction": "존 할아버지는 정말 용감한 경찰관이셨어요.",
      "plotSummaryInfoCount": 1,
      "plotSummaryInfo": {
        "classification": "사회관계",
        "readAge": "초등_저학년",
        "form": "long-form",
        "plotSummaryText": "존 할아버지는 정말 용감한 경찰관이었다고 사람들이 손뼉을 쳤어요.",
        "textWordEA": 8
      }
    },
    {
      "srcTextID": "15480",
      "srcText": "다른 아이도 손을 들고 물었어요. “죽으면 다시 살아나지 못하는 거죠?” “다시 만나지는 못하지만, 추억 속에서 함께할 수 있단다.” 존 할아버지가 웃으며 말했어요. ",
      "srcPage": 18,
      "srcSentenceEA": 4,
      "srcWordEA": 23,
      "character": "다른 아이,손,존 할아버지",
      "setting": null,
      "action": "들고 물었어요,만나지는 못하지만,말했어요",
      "feeling": null,
      "causalRelationship": null,
      "outcomeResolution": null,
      "prediction": "다시 만나지는 못하지만,추억 속에서 함께할 수 있단다.",
      "plotSummaryInfoCount": 1,
      "plotSummaryInfo": {
        "classification": "사회관계",
        "readAge": "초등_저학년",
        "form": "long-form",
        "plotSummaryText": "죽으면 다시 만나지는 못하지만 추억 속에서 함께 할 수 있다고 존 할아버지는 말했어요.",
        "textWordEA": 13
      }
    },
    {
      "srcTextID": "15481",
      "srcText": "“존 할아버지와 함께한 유쾌한 파티를 기억합시다.” 마을 사람들은 모두 일어나 춤을 추었어요. “여러분, 저의 미리 하는 장례식에 와 주셔서 고마워요. 오늘을 마음껏 즐기세요.” 존 할아버지도 함께 춤을 추었어요. ",
      "srcPage": 20,
      "srcSentenceEA": 5,
      "srcWordEA": 31,
      "character": "존 할아버지,마을 사람들,여러분,저",
      "setting": "파티,오늘,미리 하는 장례식",
      "action": "일어나,춤을 추었어요,미리 하는,와 주셔서",
      "feeling": "유쾌한,고마워요,마음껏,즐기세요",
      "causalRelationship": null,
      "outcomeResolution": "마을 사람들은 모두 일어나 춤을 추었어요,존 할아버지도 함께 춤을 추었어요.",
      "prediction": null,
      "plotSummaryInfoCount": 1,
      "plotSummaryInfo": {
        "classification": "사회관계",
        "readAge": "초등_저학년",
        "form": "long-form",
        "plotSummaryText": "마을 사람들은 일어나 춤을 추었고 존 할아버지는 장례식을 마음껏 즐겨달라고 했어요.",
        "textWordEA": 11
      }
    }
  ]
}