{
  "title": "울보 평강 공주가 시집을 갔다고?",
  "author": "정스토리공방",
  "illustrator": "이만재",
  "isbn": "9791165430405",
  "publishedYear": 2020,
  "publisher": "아람키즈",
  "paragraphInfoCount": 19,
  "paragraphInfo": [
    {
      "srcTextID": "139847",
      "srcText": "“궁 밖에서는 여자아이들이 울 때 바보 온달에게 시집보낸다고 하면 울음을 뚝 그친답니다. 그렇게 해 보면 어떨까요?” 그래서 그 방법을 써 보았더니 공주가 울음을 딱 그치네. 그때부터 임금님은 공주가 울기만 하면 말했어. “자꾸 울면 바보 온달한테 시집보낸다.”",
      "srcPage": 2,
      "srcSentenceEA": 5,
      "srcWordEA": 39,
      "character": "여자아이들,바보 온달,공주,임금님",
      "setting": "궁",
      "action": "울,울음을 뚝 그친답니다,그치네,울기만 하면 말했어,울면,시집보낸다,해 보면,방법을 써",
      "feeling": null,
      "causalRelationship": null,
      "outcomeResolution": null,
      "prediction": null,
      "plotSummaryInfoCount": 1,
      "plotSummaryInfo": {
        "classification": "사회관계",
        "readAge": "초등_저학년",
        "form": "long-form",
        "plotSummaryText": "궁 밖에서는 여자아이들이 울 때 바보 온달에게 시집보낸다고 하면 울음을 뚝 그친다고 해서 임금님은 공주가 울기만 하면 바보 온달한테 시집보낸다고 말했습니다.",
        "textWordEA": 21
      }
    },
    {
      "srcTextID": "139849",
      "srcText": "세월이 흘러 공주가 결혼할 나이가 되었어. 임금님은 부자인 귀족에게 공주를 시집보내려 했지. 하지만 공주는 싫다고 고집을 부렸어. “저를 온달한테 시집보낸다고 하셨잖아요. 저는 온달한테 시집갈래요.”",
      "srcPage": 3,
      "srcSentenceEA": 5,
      "srcWordEA": 27,
      "character": "공주,임금님,귀족,온달",
      "setting": null,
      "action": "결혼할,시집보내려 했지,시집보낸다고 하셨잖아요,시집갈래요",
      "feeling": null,
      "causalRelationship": null,
      "outcomeResolution": null,
      "prediction": null,
      "plotSummaryInfoCount": 1,
      "plotSummaryInfo": {
        "classification": "사회관계",
        "readAge": "초등_저학년",
        "form": "long-form",
        "plotSummaryText": "공주가 결혼할 나이가 되었을 때 임금님은 부자인 귀족에게 시집보내려 했으나 공주는 온달한테 시집간다며 싫다고 고집을 부렸습니다.",
        "textWordEA": 16
      }
    },
    {
      "srcTextID": "139848",
      "srcText": "옛날 고구려 평원왕에게 딸이 하나 있었어. 눈에 넣어도 안 아플 만큼 귀엽고 예뻤지. 딱 한 가지 흠이 있다면 고집을 피우고 운다는 거야. “아휴, 머리야. 저 울음을 그치게 할 방법이 없느냐?” 그때 한 신하가 말했어.",
      "srcPage": 1,
      "srcSentenceEA": 6,
      "srcWordEA": 38,
      "character": "평원왕,딸,신하",
      "setting": "고구려",
      "action": "운다는 거야,말했어,넣어도,그치게 할",
      "feeling": null,
      "causalRelationship": null,
      "outcomeResolution": null,
      "prediction": null,
      "plotSummaryInfoCount": 1,
      "plotSummaryInfo": {
        "classification": "사회관계",
        "readAge": "초등_저학년",
        "form": "long-form",
        "plotSummaryText": "옛날 고구려 평원왕에게 눈에 넣어도 안 아플 만큼 귀엽고 예쁜 딸이 있었는데 고집을 피우며 우는, 딱 한 가지 흠이 있었습니다.",
        "textWordEA": 20
      }
    },
    {
      "srcTextID": "139852",
      "srcText": "“저는 평강 공주예요. 온달 님의 신부가 되려고 왔어요.” 공주가 말하자, 온달과 어머니는 깜짝 놀랐어.",
      "srcPage": 5,
      "srcSentenceEA": 3,
      "srcWordEA": 16,
      "character": "평강 공주,온달,신부,공주,어머니",
      "setting": null,
      "action": "되려고 왔어요,말하자",
      "feeling": "깜짝 놀랐어",
      "causalRelationship": null,
      "outcomeResolution": null,
      "prediction": null,
      "plotSummaryInfoCount": 1,
      "plotSummaryInfo": {
        "classification": "사회관계",
        "readAge": "초등_저학년",
        "form": "short-form",
        "plotSummaryText": "평강 공주가 온달의 신부가 되려고 찾아오자, 온달과 어머니는 깜짝 놀랐습니다.",
        "textWordEA": 10
      }
    },
    {
      "srcTextID": "139858",
      "srcText": "공주가 병든 말을 잘 먹이고 보살폈더니 번개처럼 빠르고 날쌘 말이 되었어. “이야, 신난다!” 온달이 말을 타고 달리면 꼬꼬댁, 꽥꽥, 깨개갱! 동물들이 이리저리 피하고 난리가 났어.",
      "srcPage": 11,
      "srcSentenceEA": 4,
      "srcWordEA": 27,
      "character": "공주,병든 말,동물들,날쌘 말,말",
      "setting": null,
      "action": "잘 먹이고 보살폈더니,말을 타고 달리면,피하고",
      "feeling": "신난다",
      "causalRelationship": null,
      "outcomeResolution": null,
      "prediction": null,
      "plotSummaryInfoCount": 1,
      "plotSummaryInfo": {
        "classification": "사회관계",
        "readAge": "초등_저학년",
        "form": "long-form",
        "plotSummaryText": "공주가 병든 말을 잘 먹이고 보살폈더니 번개처럼 빠르고 날쌘 말이 되어 온달이 말을 타고 달리면 동물들도 이리저리 피하고 난리였습니다.",
        "textWordEA": 19
      }
    },
    {
      "srcTextID": "139857",
      "srcText": "“우리 닭장 망가진 거 어떡할 거야!” 마을 사람들이 온달에게 손가락질하며 화를 냈어. 공주는 그때마다 마을 사람들을 달래야 했어.",
      "srcPage": 12,
      "srcSentenceEA": 3,
      "srcWordEA": 20,
      "character": "닭장,마을 사람들,온달,공주",
      "setting": null,
      "action": "손가락질하며,달래야 했어",
      "feeling": "화를 냈어",
      "causalRelationship": null,
      "outcomeResolution": null,
      "prediction": null,
      "plotSummaryInfoCount": 1,
      "plotSummaryInfo": {
        "classification": "사회관계",
        "readAge": "초등_저학년",
        "form": "short-form",
        "plotSummaryText": "마을 사람들은 닭장이 망가졌다며 온달에게 화풀이했으나 공주는 그때마다 찾아가 그들의 마음을 달랬습니다.",
        "textWordEA": 12
      }
    },
    {
      "srcTextID": "139859",
      "srcText": "“안 되겠어요, 깊은 산으로 들어가 무예가 뛰어난 도사님에게 무술을 배우세요.” 온달은 공주의 말대로 깊은 산에 들어가 무술을 배웠어. “이얍! 우아아아 얍!” 골짜기에 온달의 목소리가 우렁차게 울려 퍼졌어.",
      "srcPage": 13,
      "srcSentenceEA": 4,
      "srcWordEA": 30,
      "character": "도사님,온달,공주",
      "setting": "깊은 산,골짜기",
      "action": "배우세요,배웠어,들어가,울려 퍼졌어",
      "feeling": null,
      "causalRelationship": null,
      "outcomeResolution": null,
      "prediction": null,
      "plotSummaryInfoCount": 1,
      "plotSummaryInfo": {
        "classification": "사회관계",
        "readAge": "초등_저학년",
        "form": "long-form",
        "plotSummaryText": "공주는 깊은 산으로 들어가 무예가 뛰어난 도사에게 무술을 배우라고 제안했고 온달은 그녀의 말대로 산에 들어가 배우고 익혀 골짜기에 그의 목소리가 우렁차게 울려 퍼졌습니다.",
        "textWordEA": 23
      }
    },
    {
      "srcTextID": "139861",
      "srcText": "온달이 집으로 돌아온 지 얼마 안 되었을 때, 나라에서 뛰어난 장수를 뽑는 사냥 대회가 열렸어. “드디어 갈고닦은 실력을 펼칠 날이 왔군요.” 공주는 온달을 대회에 내보냈어. 수많은 장수들이 모여들어 실력을 뽐냈지만 그중에 온달이 가장 뛰어났어. 온달은 눈 깜짝할 새에 호랑이 한 마리와 멧돼지 다섯 마리를 잡아 왕과 장군들 앞에 우뚝 섰어.",
      "srcPage": 15,
      "srcSentenceEA": 5,
      "srcWordEA": 53,
      "character": "온달,장수,공주,장수들,호랑이,멧돼지,왕,장군들",
      "setting": "집,사냥 대회,나라",
      "action": "돌아온,내보냈어,모여들어,잡아,열렸어",
      "feeling": "뛰어났어",
      "causalRelationship": null,
      "outcomeResolution": null,
      "prediction": null,
      "plotSummaryInfoCount": 1,
      "plotSummaryInfo": {
        "classification": "사회관계",
        "readAge": "초등_저학년",
        "form": "long-form",
        "plotSummaryText": "나라에서 뛰어난 장수를 뽑는 사냥 대회가 열리자, 공주는 그를 대회에 내보냈으며 수많은 장수가 모여 실력을 뽐냈으나 온달이 가장 뛰어났으며 눈 깜짝할 새에 호랑이 한 마리와 멧돼지 다섯 마리를 잡아 왕과 장군들 앞에 우뚝 섰습니다.",
        "textWordEA": 34
      }
    },
    {
      "srcTextID": "139851",
      "srcText": "“방금 뭐라고 했소? 우리 온달이의 색시가 되겠다고?” “와하하, 예쁘다, 예뻐. 그만하면 내 색싯감으로 합격!” 그날부터 평강 공주는 온달의 집에서 살게 되었어.",
      "srcPage": 6,
      "srcSentenceEA": 5,
      "srcWordEA": 24,
      "character": "온달이,색시,평강 공주",
      "setting": "온달의 집",
      "action": "뭐라고 했소,살게 되었어",
      "feeling": "예쁘다",
      "causalRelationship": null,
      "outcomeResolution": "그날부터 평강 공주는 온달의 집에서 살게 되었어.",
      "prediction": null,
      "plotSummaryInfoCount": 1,
      "plotSummaryInfo": {
        "classification": "사회관계",
        "readAge": "초등_저학년",
        "form": "long-form",
        "plotSummaryText": "어머니는 온달이의 색시가 되겠다는 말에 놀랐으나 온달은 공주가 예쁘다며 좋아했으므로 그날부터 평강 공주는 온달의 집에서 살았습니다.",
        "textWordEA": 16
      }
    },
    {
      "srcTextID": "139855",
      "srcText": "공주는 온달에게 말을 사 오라고 했어. “꼭 궁궐에서 내다 파는 말을 사야 해요.” 장터에 가니 마침 궁궐에서 나온 말이 있지 뭐야. 온달은 얼른 그 말을 샀지. 그랬더니 사람들이 웃었어. “하하, 바보 온달이 병든 말을 사 가네.”",
      "srcPage": 9,
      "srcSentenceEA": 6,
      "srcWordEA": 39,
      "character": "공주,온달,말,사람들,바보 온달,병든 말",
      "setting": "장터",
      "action": "사 오라고 했어,내다 파는,사야 해요,가니,샀지,웃었어,나온",
      "feeling": null,
      "causalRelationship": null,
      "outcomeResolution": null,
      "prediction": null,
      "plotSummaryInfoCount": 1,
      "plotSummaryInfo": {
        "classification": "사회관계",
        "readAge": "초등_저학년",
        "form": "long-form",
        "plotSummaryText": "공주가 궁궐에서 내다 파는 말을 사라고 하자, 온달은 장터에 나가 마침 궁궐에서 나온 말이 있어 얼른 샀으나, 사람들은 바보 온달이 병든 말을 사 간다고 놀렸습니다.",
        "textWordEA": 25
      }
    },
    {
      "srcTextID": "139862",
      "srcText": "“이렇게 훌륭한 장수가 우리 고구려에 있었다니 내 마음이 아주 든든하구나. 장수는 이름이 무엇인가?” “저는 온달이라고 하옵니다.” 평원왕은 그 말에 화들짝 놀랐어. “뭐? 네가 온달이라고?” 평원왕은 평강 공주가 바보 온달을 장수로 만든 이야기를 듣고 펑펑 울었어. 그러곤 신하들을 시켜 평강 공주를 데려오게 하고 온달은 높은 장군으로 삼았지.",
      "srcPage": 16,
      "srcSentenceEA": 7,
      "srcWordEA": 51,
      "character": "장수,온달,평원왕,평강 공주,바보 온달,신하들,장군",
      "setting": "고구려",
      "action": "이야기를 듣고,울었어,시켜,데려오게 하고,장군으로 삼았지",
      "feeling": "마음이 아주 든든하구나,화들짝 놀랐어,훌륭한",
      "causalRelationship": null,
      "outcomeResolution": null,
      "prediction": null,
      "plotSummaryInfoCount": 1,
      "plotSummaryInfo": {
        "classification": "사회관계",
        "readAge": "초등_저학년",
        "form": "long-form",
        "plotSummaryText": "평원왕은 고구려에 훌륭한 장수가 있어 마음이 든든하다며 이름이 무엇인지 물었는데 온달이라고 대답하자, 화들짝 놀랐으며 평강 공주가 바보 온달을 장수로 만든 이야기를 듣고 펑펑 울었으며 신하들을 시켜 공주를 데려오게 하고 그를 장군으로 삼았습니다.",
        "textWordEA": 32
      }
    },
    {
      "srcTextID": "139864",
      "srcText": "그런데 어느 순간 화살이 피융 날아와 온달의 가슴에 콱! 온달은 화살을 맞고도 끝까지 싸우다 쓰러지고 말았지. 그걸 본 고구려 군사들은 더 용맹히 싸워 마침내 적을 물리쳤어. 그 후 장례를 치르기 위해 온달 장군을 마차에 실었지. 그런데 웬일일까? 아무리 밀고 끌어도 온달 장군을 실은 마차가 움직이질 않는 거야. 평강 공주가 부리나케 달려와 눈물을 흘리며 말했어. “애쓰셨어요, 서방님 덕분에 나라가 평안해졌으니 이제 마음 놓고 떠나세요.” 그제야 온달을 실은 마차가 움직이기 시작했어.",
      "srcPage": 18,
      "srcSentenceEA": 9,
      "srcWordEA": 76,
      "character": "온달,고구려 군사들,마차,평강 공주,서방님,화살,가슴,눈물",
      "setting": null,
      "action": "싸우다 쓰러지고 말았지,싸워,적을 물리쳤어,실었지,달려와,눈물을 흘리며 말했어,본,밀고 끌어도,움직이질 않는,움직이기 시작했어",
      "feeling": "용맹히,마음 놓고,애쓰셨어요",
      "causalRelationship": null,
      "outcomeResolution": null,
      "prediction": null,
      "plotSummaryInfoCount": 1,
      "plotSummaryInfo": {
        "classification": "사회관계",
        "readAge": "초등_저학년",
        "form": "long-form",
        "plotSummaryText": "온달은 화살을 맞았음에도 불구하고 끝까지 싸우다 쓰러졌고 그것을 본 고구려 군사들은 더 용맹하게 싸워 마침내 적을 물리쳤는데 장군의 유해를 실은 마차가 움직이지 않자, 평강 공주가 달려와 눈물을 흘리며 서방님 덕분에 나라가 평안해졌다고 말하자, 그제야 온달을 실은 마차가 움직이기 시작했습니다.",
        "textWordEA": 39
      }
    },
    {
      "srcTextID": "139865",
      "srcText": "바보를 장군으로 만든 슬기로운 여자 평강 공주는 예쁘고 귀여웠지만 고집쟁이 울보예요. 아버지인 평원왕은 울음을 그치게 하려고 바보 온달에게 시집보내겠다고 으름장을 놓지요. 결혼할 나이가 되어 귀족에게 시집을 보내려 하자, 바보 온달에게 시집가겠다며 집을 나와요. 아버지가 장난으로 한 말을 진짜로 믿고 실제로 행동한 거예요. 하지만 평강 공주는 매우 슬기로운 여자예요. 바보 온달을 뒷바라지해 똑똑하고 용맹한 장수로 만들어 나라를 위해 큰일을 하게 하지요. 여자가 세상에 나설 수 없던 시대에 남편을 통해 나라를 구한 셈이에요. 온달과 평강 공주는 실제 인물인가요? 우리나라 삼국 시대의 역사책인 삼국사기의 열전에 온달의 이야기가 쓰여 있어요. 고구려 제25대 왕인 평원왕이 울보 딸을 놀리며 바보 온달에게 시집보내겠다고 했다는 이야기로, 평강 공주가 정말 온달에게 시집가 온달을 훌륭한 장수로 만들었다는 이야기가 나와요. 이 이야기를 바탕으로 나중에 온달전이라는 옛 소설도 쓰였지요. 역사책에 나오는 인물이니 실제로 살았던 사람일 가능성이 아주 크겠죠? 평강 공주와 온달의 전설이 어린 곳. 우리나라에는 평강 공주와 온달의 이야기가 어린 곳들이 있어요. 충청북도의 온달산성과 서울의 아차산성은 온달이 싸우다 숨진 곳이라고 알려져 있지요. 또 북한의 평양에 있는 고구려 무덤 진파리 4호는 온달과 평강 공주의 무덤으로 알려져 있어요. 온달산성. 충청북도 단양에는 온달이 쌓았다는 온달산성이 있어요. 온달은 이곳에서 부하들을 이끌고 싸우다 죽음을 맞았어요. 온달은 전쟁에 나가면서 평강 공주에게 싸움에 이기지 않고는 돌아오지 않겠다고 맹세했어요. 그런데 죽음을 맞고 말았으니 집으로 갈 수가 없었지요. 그래서 온달의 관이 움직이지 않았던 거예요. 그것을 안 평강 공주가 와서 어루만지며 돌아가자고 하자, 그제서야 관이 움직였다는 전설이 전해 오지요. 아차산성. 아차산은 서울 광진구 한강 북쪽에 있는 산이에요. 이곳에 온달이 쌓았다는 성이 남아 있어요. 삼국사기에 따르면 온달은 신라 군사와 싸우다 아단성 아래에서 죽었다고 해요. 온달이 죽은 아단성이 이곳 아차산성인지 온달산성인지는 아직 정확히 밝혀지지 않았어요.",
      "srcPage": 19,
      "srcSentenceEA": 28,
      "srcWordEA": 278,
      "character": "바보,장군,고집쟁이 울보,평강 공주,아버지,평원왕,바보 온달,귀족,여자,남편,온달,고구려 제25대 왕,부하들,관,집,장수,온달전,소설,인물,사람",
      "setting": null,
      "action": "만든,시집보내겠다고,시집을 보내려 하자,시집가겠다며 집을 나와요,뒷바라지해,큰일을 하게 하지요,나라를 구한,놀리며,시집보내겠다고 했다는,장수로 만들었다는,싸우다 숨진,쌓았다는,부하들을 이끌고 싸우다 죽음을 맞았어요,싸움에 이기지 않고는,돌아오지 않겠다고,갈,어루만지며 돌아가자고 하자,죽었다고,행동한 거예요",
      "feeling": "훌륭한,예쁘고,용맹한",
      "causalRelationship": null,
      "outcomeResolution": "결",
      "prediction": null,
      "plotSummaryInfoCount": 1,
      "plotSummaryInfo": {
        "classification": "사회관계",
        "readAge": "초등_저학년",
        "form": "long-form",
        "plotSummaryText": "바보 온달을 장군으로 만든 슬기로운 평강 공주의 이야기는 삼국사기의 열전에 온달의 이야기로 나오며 고구려 제25대 왕인 평원왕이 울보 딸을 놀리려고 바보에게 시집을 보내겠다고 하자, 실제로 평강 공주는 온달과 결혼하여 그를 훌륭한 장수로 만들었으며 그가 전쟁에 나가기 전, 공주에게 싸움에 이기기 전에는 돌아오지 않겠다고 맹세했기 때문에 죽음을 맞았음에도 집으로 갈 수가 없어 관이 움직이지 않았다고 전합니다.",
        "textWordEA": 55
      }
    },
    {
      "srcTextID": "139850",
      "srcText": "참다못한 임금님이 화를 버럭 냈어. “그럼 네 마음대로 하거라!” 공주는 정말로 짐을 싸서 궁궐을 나왔어. 그러고는 물어물어 바보 온달을 찾아갔지.",
      "srcPage": 4,
      "srcSentenceEA": 4,
      "srcWordEA": 22,
      "character": "임금님,공주,바보 온달,짐",
      "setting": "궁궐",
      "action": "짐을 싸서,나왔어,찾아갔지",
      "feeling": "화를 버럭 냈어",
      "causalRelationship": null,
      "outcomeResolution": null,
      "prediction": null,
      "plotSummaryInfoCount": 1,
      "plotSummaryInfo": {
        "classification": "사회관계",
        "readAge": "초등_저학년",
        "form": "long-form",
        "plotSummaryText": "참다못한 임금님은 마음대로 하라고 화를 버럭 냈으며 공주는 짐을 싸서 궁궐을 나와 물어물어 바보 온달을 찾아갔습니다.",
        "textWordEA": 16
      }
    },
    {
      "srcTextID": "139853",
      "srcText": "공주는 궁에서 가져온 보석들을 내놓으며 말했어. “이것들을 팔아서 온달 님을 뒷바라지하겠어요. 온달 님은 열심히 공부하고 무술을 익히세요.” “에이, 난 공부도 싫고 무술도 싫어.”",
      "srcPage": 7,
      "srcSentenceEA": 4,
      "srcWordEA": 24,
      "character": "공주,보석들,온달",
      "setting": "궁",
      "action": "가져온,내놓으며 말했어,팔아서,뒷바라지하겠어요,공부하고,무술을 익히세요",
      "feeling": "싫고,싫어",
      "causalRelationship": null,
      "outcomeResolution": null,
      "prediction": null,
      "plotSummaryInfoCount": 1,
      "plotSummaryInfo": {
        "classification": "사회관계",
        "readAge": "초등_저학년",
        "form": "long-form",
        "plotSummaryText": "공주는 궁에서 가져온 보석들을 팔아서 온달을 뒷바라지하려고 했으나 온달은 공부도 싫고 무술도 싫다고 말했습니다.",
        "textWordEA": 14
      }
    },
    {
      "srcTextID": "139854",
      "srcText": "그때 온달의 어머니가 버럭 소리를 질렀어. “그게 무슨 소리냐! 당장 내일부터 색시 말대로 하거라. 안 그러면 이 어미가 혼내 줄 테다!” 온달은 효자여서 어머니의 말을 따르기로 했어.",
      "srcPage": 8,
      "srcSentenceEA": 5,
      "srcWordEA": 30,
      "character": "온달,어머니,색시,어미,효자",
      "setting": null,
      "action": "소리를 질렀어,말대로 하거라,혼내 줄 테다,말을 따르기로 했어",
      "feeling": null,
      "causalRelationship": null,
      "outcomeResolution": null,
      "prediction": null,
      "plotSummaryInfoCount": 1,
      "plotSummaryInfo": {
        "classification": "사회관계",
        "readAge": "초등_저학년",
        "form": "long-form",
        "plotSummaryText": "어머니는 내일부터 색시 말대로 하라고 버럭 소리를 질렀으며 효자인 온달은 그녀의 말을 따르기로 했습니다.",
        "textWordEA": 14
      }
    },
    {
      "srcTextID": "139856",
      "srcText": "하지만 공주는 달랐어. “좋은 말을 잘 사 오셨네요. 이제 들어가서 공부하세요.” 온달은 공부가 하기 싫어 빈둥빈둥. 훈장님이 머리를 절레절레 흔들었지. 그러던 어느 날 온달이 말했어. “공주의 끈기에 졌어요. 이제 열심히 공부할게요.”",
      "srcPage": 10,
      "srcSentenceEA": 8,
      "srcWordEA": 36,
      "character": "공주,말,온달,훈장님,머리",
      "setting": null,
      "action": "사 오셨네요,공부하세요,흔들었지,말했어,공부할게요,들어가서",
      "feeling": "싫어",
      "causalRelationship": null,
      "outcomeResolution": null,
      "prediction": null,
      "plotSummaryInfoCount": 1,
      "plotSummaryInfo": {
        "classification": "사회관계",
        "readAge": "초등_저학년",
        "form": "long-form",
        "plotSummaryText": "공주는 좋은 말을 잘 사 왔다며 이제 들어가서 공부하라고 말했으나 온달은 공부하기를 싫어해 훈장님도 머리를 절레절레 흔들었으나 공주의 끈기에 굴복해 열심히 공부하겠다고 말했습니다.",
        "textWordEA": 23
      }
    },
    {
      "srcTextID": "139860",
      "srcText": "온달은 하루도 쉬지 않고 무예를 갈고닦았어. 산짐승들조차 온달을 보면 벌벌 떨 정도가 되었지. 어느 날 도사님이 온달에게 말했어. “내가 가르칠 것은 이제 다 가르쳤구나. 가서 나라를 위해 큰일을 하거라.”",
      "srcPage": 14,
      "srcSentenceEA": 5,
      "srcWordEA": 32,
      "character": "온달,산짐승,도사님",
      "setting": "어느 날",
      "action": "쉬지 않고 무예를 갈고닦았어,말했어,가르쳤구나,일을 하거라",
      "feeling": null,
      "causalRelationship": null,
      "outcomeResolution": null,
      "prediction": null,
      "plotSummaryInfoCount": 1,
      "plotSummaryInfo": {
        "classification": "사회관계",
        "readAge": "초등_저학년",
        "form": "long-form",
        "plotSummaryText": "온달은 쉬지 않고 무예를 갈고닦아 산짐승들도 벌벌 떨 정도가 되었으며 어느 날 도사님이 그에게 이제 다 가르쳤으니 나가서 나라를 위해 큰일을 하라고 말했습니다.",
        "textWordEA": 23
      }
    },
    {
      "srcTextID": "139863",
      "srcText": "온달은 외적이 쳐들어올 때마다 앞장서서 적을 무찔러 나라를 구해 냈어. 그러던 어느 날 아주 큰 싸움이 벌어졌어. 수많은 군사들이 들판을 까맣게 뒤덮었지. “겁내지 마라! 우리는 이길 수 있다! 나라를 위해, 가족을 위해 목숨 걸고 싸우자! 자, 나가자! 와아아아!” 넓고 넓은 들판이 병사들로 가득 찼어. 그 가운데 온달 장군은 누구보다 용맹했어.",
      "srcPage": 17,
      "srcSentenceEA": 10,
      "srcWordEA": 58,
      "character": "온달,외적,군사들,온달 장군,가족,병사들",
      "setting": "들판,나라",
      "action": "앞장서서,적을 무찔러,목숨 걸고 싸우자,나가자,쳐들어올,벌어졌어,뒤덮었지",
      "feeling": "겁내지 마라,용맹했어",
      "causalRelationship": null,
      "outcomeResolution": null,
      "prediction": null,
      "plotSummaryInfoCount": 1,
      "plotSummaryInfo": {
        "classification": "사회관계",
        "readAge": "초등_저학년",
        "form": "long-form",
        "plotSummaryText": "온달은 외적이 쳐들어올 때마다 앞장서서 적을 무찔러 나라를 구했으며 어느 날 아주 큰 싸움이 벌어져 수많은 군사들이 들판을 까맣게 뒤덮었으나 그는 겁내지 않고 나라와 가족을 위해 목숨 걸고 싸웠으며 누구보다 용맹했습니다.",
        "textWordEA": 31
      }
    }
  ]
}