{
  "title": "박제상",
  "author": "한국역사교육연구회 편집3팀",
  "illustrator": "이연정",
  "isbn": "9788954339445",
  "publishedYear": 2004,
  "publisher": "한국삐아제",
  "paragraphInfoCount": 16,
  "paragraphInfo": [
    {
      "srcTextID": "126329",
      "srcText": "그러던 어느 날이었어요. 이번에는 고구려에서 사신을 보내와 복호 왕자를 볼모로 내놓으라고 했어요. 실성왕은 오랜 생각 끝에 어렵게 말을 꺼냈지요. “복호야, 정말 미안하구나. 나라를 위해 네가 고구려로 떠나 주어야겠다.” 복호 왕자는 눈물을 참고 대답했어요. “나라를 위해 내린 결정이니 따르겠습니다. 어린 미사흔도 견디고 있는데 제가 어찌 마다하겠습니까?” 그날 밤, 눌지 왕자는 복호 왕자와 약속했어요. “복호야, 내가 왕이 되면 반드시 너를 데려 오마.” 복호 왕자는 웃으며 말했답니다. “저는 형님이 약속을 지키리라 믿습니다. 우리는 꼭 다시 만날 거예요!”",
      "srcPage": 5,
      "srcSentenceEA": 13,
      "srcWordEA": 82,
      "character": "사신,복호 왕자,볼모,실성왕,어린 미사흔,눌지 왕자,복호,나라,너,우리,왕,형님",
      "setting": "고구려,그날 밤",
      "action": "보내와,내놓으라고,꺼냈지요,떠나,대답했어요,약속했어요,웃으며,말했답니다,데려 오마,만날 거예요,지키리라",
      "feeling": "미안하구나",
      "causalRelationship": null,
      "outcomeResolution": null,
      "prediction": null,
      "plotSummaryInfoCount": 1,
      "plotSummaryInfo": {
        "classification": "사회관계",
        "readAge": "초등_저학년",
        "form": "long-form",
        "plotSummaryText": "고구려에서 복호 왕자를 볼모로 내놓으라고 하자 실성왕은 복호 왕자에게 미안하다며 나라를 위해 고구려로 떠나 달라고 어렵게 말을 꺼냈고, 눌지 왕자는 왕이 되면 반드시 데려 오겠다고 복호 왕자와 약속했습니다.",
        "textWordEA": 28
      }
    },
    {
      "srcTextID": "126324",
      "srcText": "그러던 어느 날, 내물왕이 세 왕자를 불렀어요. 대궐에는 반갑지 않은 손님들이 와 있었지요. 바로 왜나라에서 온 사신들이었어요. 왜나라 사신들은 거들먹거리며 웃고 있었어요. 내물왕은 몹시 슬픈 얼굴로 왕자들을 바라보더니 미사흔 왕자에게 말했답니다. “미사흔아! 왜나라 사신들이 너를 데려가고 싶어한다. 너를 보내면 왜왕이 더 이상 우리 신라를 괴롭히지 않겠다고 하니, 이를 어쩌면 좋겠느냐?” 미사흔 왕자는 울음을 터뜨렸어요. 눌지 왕자가 미사흔 왕자를 안으며 내물왕에게 말했지요. “아바마마! 미사흔은 너무 어립니다. 차라리 저를 보내 주십시오.” 그러자 내물왕은 호통을 쳤어요. “너는 맏아들로 왕이 될 몸이다. 진정으로 신라를 위한다면 그런 소리는 하지 마라!” 결국 미사흔 왕자는 왜나라로 끌려가고 말았답니다.",
      "srcPage": 2,
      "srcSentenceEA": 15,
      "srcWordEA": 104,
      "character": "내물왕,세 왕자,손님들,사신들,왕자들,미사흔 왕자,왜왕,눌지 왕자,맏아들,왜나라,얼굴,미사흔,아바마마,왕,몸",
      "setting": "대궐,신라",
      "action": "불렀어요,와,온,웃고,바라보더니,말했답니다,터뜨렸어요,안으며,말했지요,호통을 쳤어요,끌려가고,데려가고,보내 주십시오",
      "feeling": "반갑지 않은,슬픈",
      "causalRelationship": null,
      "outcomeResolution": "결국 미사흔 왕자는 왜나라로 끌려가고 말았답니다.",
      "prediction": null,
      "plotSummaryInfoCount": 1,
      "plotSummaryInfo": {
        "classification": "사회관계",
        "readAge": "초등_저학년",
        "form": "long-form",
        "plotSummaryText": "내물왕이 슬픈 얼굴로 왜나라 사신들이 더 이상 신라를 괴롭히지 않는 대신 미사흔 왕자를 데려가고 싶어하니 어쩌면 좋겠느냐고 하자, 눌지 왕자가 자신을 보내 달라고 했지만 맏아들로 왕이 될 몸이 그런 소리는 하지 마라고 내물왕이 호통을 쳐서 결국 미사흔 왕자는 왜나라로 끌려갔습니다.",
        "textWordEA": 40
      }
    },
    {
      "srcTextID": "126332",
      "srcText": "박제상은 벼루 파는 장사꾼으로 변장하고는 물어물어 복호 왕자의 집까지 찾아갔어요. 박제상은 복호 왕자의 집 앞에서 노래를 지어 불렀지요. “토함산 산줄기에 봄이 오면 강남 갔던 제비가 돌아온다네. 강남 갔던 제비는 돌아오는데 내 아우는 왜 돌아오지 않는가.” 방에서 그림을 그리던 복호 왕자는 이 노랫소리를 듣고 귀가 번뜩 뜨였어요. 신라에 있을 때 들어 본 듯한 가락도 그러하거니와 가사에 담긴 내용이 자기의 사연을 이야기하고 있었기 때문이에요. 복호 왕자는 창문을 열고 밖을 내다보았어요. “그대는 누구인가?” 그러자 박제상은 모두 들으라는 듯 일부러 큰 소리로 대답했지요. “저는 벼루를 파는 장사꾼입니다요.” 총명한 복호 왕자는 박제상의 눈빛을 보고 보통 벼루 장수가 아니라는 걸 금방 알아차렸답니다. 그래서 복호 왕자도 아주 큰 소리로 말했어요. “오호! 벼루가 정말 좋아 보이는군. 잠깐 들어와서 구경 좀 시켜 주오.” 이렇게 해서 박제상은 자연스럽게 복호 왕자의 집에 들어갈 수 있었지요.",
      "srcPage": 8,
      "srcSentenceEA": 15,
      "srcWordEA": 135,
      "character": "박제상,벼루,장사꾼,아우,복호 왕자,토함산,강남,제비,방,그림,가사,창문,벼루 장수",
      "setting": "복호 왕자의 집",
      "action": "변장하고는,찾아갔어요,노래를 지어 불렀지요,그림을 그리던,듣고,열고,밖을 내다보았어요,대답했지요,보고,말했어요,들어갈,갔던,돌아온다네",
      "feeling": null,
      "causalRelationship": null,
      "outcomeResolution": "이렇게 해서 박제상은 자연스럽게 복호 왕자의 집에 들어갈 수 있었지요.",
      "prediction": null,
      "plotSummaryInfoCount": 1,
      "plotSummaryInfo": {
        "classification": "사회관계",
        "readAge": "초등_저학년",
        "form": "long-form",
        "plotSummaryText": "박제상이 복호 왕자의 집 앞에서 자신의 처지를 이야기하는 노래를 지어 부르는 것을 들은 복호 왕자가 박제상이 평범한 벼루 장사꾼이 아님을 알아차리고 벼루가 좋아 보이니 들어와서 구경 시켜 달라고 하자, 박제상은 자연스럽게 복호 왕자의 집에 들어갈 수 있었습니다.",
        "textWordEA": 37
      }
    },
    {
      "srcTextID": "126322",
      "srcText": "봄이 찾아오자 신라의 대궐 처마 서까래 밑에 제비들이 둥지를 틀었어요. “형님! 저 제비집은 지저분해서 보기 싫어요.” 미사흔 왕자가 형 눌지 왕자에게 말했지요. “맞아요. 당장 치워 버리라고 하세요.” 복호 왕자도 거들었답니다. 그러자 눌지 왕자가 고개를 가로저으며 동생들을 타일렀어요. “아우들아, 사람이나 동물이나 자기가 태어나고 자란 곳은 아주 중요하고 소중하단다. 너희들에게는 저 제비집이 지저분하고 쓸모 없어 보일지 몰라도 제비에게는 둘도 없는 보금자리란다.” 미사흔 왕자와 복호 왕자는 자기들의 생각이 짧았다며 부끄러워했어요.",
      "srcPage": 1,
      "srcSentenceEA": 9,
      "srcWordEA": 74,
      "character": "제비들,미사흔 왕자,형,눌지 왕자,복호 왕자,동생들,아우들,사람,동물,둥지,형님,제비집,제비,보금자리,고개",
      "setting": "봄,신라,대궐",
      "action": "찾아오자,틀었어요,보기,말했지요,가로저으며,타일렀어요,치워 버리라고,거들었답니다,태어나고,자란,보일지",
      "feeling": "싫어요,부끄러워했어요",
      "causalRelationship": null,
      "outcomeResolution": null,
      "prediction": "미사흔 왕자와 복호 왕자는 자기들의 생각이 짧았다며 부끄러워했어요.",
      "plotSummaryInfoCount": 1,
      "plotSummaryInfo": {
        "classification": "사회관계",
        "readAge": "초등_저학년",
        "form": "long-form",
        "plotSummaryText": "신라의 미사흔 왕자와 복호 왕자가 대궐 서까래 밑에 둥지를 튼 제비집이 지저분해서 보기 싫다며 당장 치워버리라고 하자, 눌지 왕자가 동생들에게 사람이나 동물이나 자기가 태어나고 자란 곳은 아주 중요하고 소중하다며 지저분하고 쓸모 없어 보일지 몰라도 제비에게는 저 제비집이 둘도 없는 보금자리라고 타일렀습니다.",
        "textWordEA": 41
      }
    },
    {
      "srcTextID": "126333",
      "srcText": "박제상은 집에 들어서자마자 복호 왕자에게 절을 올렸어요. “복호 왕자님! 저는 임금님의 뜻을 받들어 왕자님을 구하러 왔사옵니다.” 복호 왕자의 눈에 눈물이 맺혔어요. “형님이 왕이 되셨다는 소식은 나도 들었습니다. 형님께서 왕이 되면 나와 미사흔을 꼭 신라로 데려가겠다고 하셨는데, 그 약속을 잊지 않으셨군요.” “그러하옵니다.” 박제상은 서둘러 짐을 풀었어요. 벼루 밑에는 약이 들어 있었지요. “왕자님, 이것은 잠이 오는 약입니다. 오늘 밤 제가 나루터에 배를 대어 놓겠으니, 왕자님께서는 이 약을 미리 술에 탄 다음 이곳을 지키는 군사들을 불러 술을 대접하십시오. 술을 마신 군사들이 깊이 잠들면 쉽게 빠져나오실 수 있을 것이옵니다.” 박제상은 날카로운 단검도 손에 쥐어 주었어요. 약과 단검을 받아든 복호 왕자는 곧 조국으로 돌아간다는 생각에 가슴이 뛰었답니다.",
      "srcPage": 9,
      "srcSentenceEA": 13,
      "srcWordEA": 111,
      "character": "박제상,복호 왕자,임금님,형님,미사흔,약,군사들,술,단검,왕자님,눈,눈물,왕,신라,짐,벼루,나루터,배,손",
      "setting": "집",
      "action": "올렸어요,맺혔어요,풀었어요,대어,탄,불러,마신,쥐어 주었어요,대접하십시오,빠져나오실,받아든,구하러 왔사옵니다,들었습니다,데려가겠다고",
      "feeling": null,
      "causalRelationship": null,
      "outcomeResolution": null,
      "prediction": "약과 단검을 받아든 복호 왕자는 곧 조국으로 돌아간다는 생각에 가슴이 뛰었답니다.",
      "plotSummaryInfoCount": 1,
      "plotSummaryInfo": {
        "classification": "사회관계",
        "readAge": "초등_저학년",
        "form": "long-form",
        "plotSummaryText": "박제상이 복호 왕자에게 잠이 오는 약을 주면서 오늘 밤 나루터에 배를 대어 놓겠으니 미리 약을 술에 탄 다음 군사들을 불러 술을 대접하고 군사들이 깊이 잠들면 쉽게 빠져나오실 수 있을 것이라며 단검도 손에 쥐어 주자, 복호 왕자는 곧 조국으로 돌아간다는 생각에 가슴이 뛰었습니다.",
        "textWordEA": 42
      }
    },
    {
      "srcTextID": "126342",
      "srcText": "다음 날부터 박제상은 미사흔 왕자를 모시고 낚시와 사냥을 다녔어요. 한가로운 나날을 보내며 생활에 불만이 없는 척하면 왜왕의 감시가 느슨해질 테니까요. 하지만 박제상과 미사흔 왕자는 왜왕 모르게 신라로 돌아갈 배를 구해 놓고 왜나라의 여러 정보들도 알아내서 꼼꼼하게 기록하고 있었지요. 안개가 짙게 낀 어느 날 밤, 박제상은 미사흔 왕자를 배에 태우며 말했어요. “왕자님! 우리 두 사람이 함께 없어지면 의심을 사게 됩니다. 그러니 먼저 신라로 가십시오.” 그러나 미사흔 왕자는 그 말을 들으려 하지 않았어요. “그대 혼자 남으면 죽음을 피할 수 없을 것이오. 절대 나 혼자 돌아갈 수 없으니 어서 배를 타시오.” “아닙니다. 왕자님만 무사히 신라에 가시면 저는 죽어도 상관 없습니다. 지금이 좋은 시간이니 서둘러 가시옵소서.” 박제상이 눈짓을 하자 사공이 바로 노를 젓기 시작했어요. 미사흔 왕자가 박제상을 불렀지만 이미 박제상은 자취를 감춘 뒤였지요.",
      "srcPage": 13,
      "srcSentenceEA": 13,
      "srcWordEA": 130,
      "character": "박제상,미사흔 왕자,왜왕,사공,낚시,사냥,배,왕자님,두 사람,노",
      "setting": "어느 날 밤,왜나라,신라",
      "action": "모시고,다녔어요,돌아갈,구해 놓고,기록하고,태우며,말했어요,눈짓을 하자,젓기,불렀지만,감춘,남으면,타시오,가시면,죽어도,가시옵소서",
      "feeling": null,
      "causalRelationship": "다음 날부터 박제상은 미사흔 왕자를 모시고 낚시와 사냥을 다녔어요. 한가로운 나날을 보내며 생활에 불만이 없는 척하면 왜왕의 감시가 느슨해질 테니까요.",
      "outcomeResolution": null,
      "prediction": null,
      "plotSummaryInfoCount": 1,
      "plotSummaryInfo": {
        "classification": "사회관계",
        "readAge": "초등_저학년",
        "form": "long-form",
        "plotSummaryText": "안개가 짙게 낀 어느 날 밤, 왜왕의 감시를 느슨하게 만들면서 왜왕 모르게 신라로 돌아갈 배를 구해 놓고 왜나라의 여러 정보들도 알아내서 꼼꼼하게 기록하고 있었던 박제상은 절대 혼자 돌아갈 수 없다는 미사흔 왕자에게 무사히 신라에 가시면 자신은 죽어도 상관 없다며 지금이 좋은 시간이니 서둘러 가시라고 했습니다.",
        "textWordEA": 45
      }
    },
    {
      "srcTextID": "126330",
      "srcText": "복호 왕자를 떠나보내고 난 후 실성왕은 나날이 기력을 잃어가더니, 얼마 지나지 않아 세상을 떠나고 말았답니다. 실성왕이 세상을 떠나자 눌지가 왕위에 올랐어요. 눌지왕은 백성들의 사랑과 존경을 받았지만 늘 마음 한구석이 허전했어요. 아우들과 뛰놀던 정원을 거닐 때면 눌지왕은 자기도 모르게 대궐 처마 서까래 밑의 제비집에 눈길이 갔지요. “제비들은 해마다 돌아오는데 미사흔과 복호는 돌아오지 않는구나.” 눌지왕 역시 이전의 두 임금처럼 볼모로 잡혀 간 왕자들을 그리워하다 병에 걸리고 말았어요.",
      "srcPage": 6,
      "srcSentenceEA": 6,
      "srcWordEA": 69,
      "character": "복호 왕자,실성왕,눌지왕,백성들,아우들,제비들,볼모,왕자들,눌지,대궐 처마 서까래,제비집,미사흔,복호,두 임금",
      "setting": "정원",
      "action": "뛰놀던,거닐,눈길이 갔지요,잡혀 간,올랐어요,돌아오는데,돌아오지,걸리고,일어가더니,떠나고,떠나자",
      "feeling": "그리워하다",
      "causalRelationship": null,
      "outcomeResolution": null,
      "prediction": "눌지왕 역시 이전의 두 임금처럼 볼모로 잡혀 간 왕자들을 그리워하다 병에 걸리고 말았어요.",
      "plotSummaryInfoCount": 1,
      "plotSummaryInfo": {
        "classification": "사회관계",
        "readAge": "초등_저학년",
        "form": "long-form",
        "plotSummaryText": "실성왕이 세상을 떠나자 왕위에 오른 눌지는 백성들의 사랑과 존경을 받았지만, 눌지왕 역시 이전의 두 임금처럼 볼모로 잡혀 간 왕자들을 그리워하다 병에 걸리고 말았습니다.",
        "textWordEA": 23
      }
    },
    {
      "srcTextID": "126331",
      "srcText": "신하들은 회의를 했어요. “이대로 두면 눌지왕마저 돌아가실 것이오.” “그렇소. 어떻게든 미사흔 왕자와 복호 왕자를 모시고 와야 합니다.” “하지만 우리가 뭘 할 수 있단 말이오? 왕자를 몰래 데려오다가 들키기라도 하면 그 날로 신라는 불바다가 될 것이오.” 이때, 말없이 앉아 있던 박제상이 일어섰어요. “제가 왕자님들을 구해 오겠습니다.” 박제상은 평소에도 정의롭고 용감해서 많은 사람의 신임을 받았지요. 이야기를 전해 들은 눌지왕은 박제상을 불렀어요. “박제상! 정말 고맙소. 만약 그대가 내 아우들을 데리고 와 준다면 큰 상을 내리겠소.” 그러나 박제상은 고개를 가로저었지요. “신하가 임금을 위해 일하는 것은 상을 받기 위함이 아닙니다. 이왕 결심을 했으니 지금 당장 떠나겠습니다.” 대궐을 나온 박제상은 집에도 들르지 않고 그 길로 배를 타고 고구려로 떠났어요.",
      "srcPage": 7,
      "srcSentenceEA": 15,
      "srcWordEA": 113,
      "character": "신하들,눌지왕,미사흔 왕자,복호 왕자,박제상,왕자님들,신하,임금,왕자,사람,아우들,집,배,고구려",
      "setting": "신라,대궐",
      "action": "회의를 했어요,모시고 와야,말없이 앉아 있던,일어섰어요,불렀어요,고개를 가로저었지요,나온,타고,떠났어요",
      "feeling": "고맙소",
      "causalRelationship": null,
      "outcomeResolution": null,
      "prediction": null,
      "plotSummaryInfoCount": 1,
      "plotSummaryInfo": {
        "classification": "사회관계",
        "readAge": "초등_저학년",
        "form": "long-form",
        "plotSummaryText": "평소에도 정의롭고 용감해서 많은 사람의 신임을 받았던 박제상이 왕자님들을 구해 오겠다고 하자 눌지왕이 고맙다면서 큰 상을 내리겠다고 했지만, 신하가 임금을 위해 일하는 것은 상을 받기 위함이 아니라며 대궐을 나온 박제상은 집에도 들르지 않고 그 길로 배를 타고 고구려로 떠났습니다.",
        "textWordEA": 39
      }
    },
    {
      "srcTextID": "126337",
      "srcText": "박제상이 복호 왕자를 구해 왔다는 소식이 알려지자 서라벌 시내는 기쁨으로 술렁거렸지요. 10년 만에 다시 만난 눌지왕과 복호 왕자는 서로를 끌어안고 감격의 눈물을 흘렸어요. “박제상! 이 모든 것이 다 그대 덕분이오!” 눌지왕은 박제상을 칭찬하며 큰 잔치를 열었어요. 하지만 술기운이 돌자 눌지왕의 얼굴에는 다시 그늘이 졌어요. “오늘 같은 날, 미사흔도 이 자리에 있어야 하는 건데.” 미사흔 왕자가 왜국으로 간 지도 벌써 16년이 넘어 가고 있었지요. 사람들은 미사흔 왕자를 생각하며 슬픔에 젖어 들었답니다. 그때였어요. 박제상이 벌떡 일어나며 말했어요. “지금 바로 왜나라로 가서 미사흔 왕자님도 구해 오겠습니다.” 눌지왕이 박제상을 말렸어요. “왜나라는 고구려보다 훨씬 더 위험하오. 게다가 오늘은 날도 이미 저물었으니 떠나도 내일 떠나도록 하시오.” 하지만 이미 마음을 굳힌 박제상은 눌지왕과 복호 왕자에게 절을 올리고는 대궐 문을 나섰답니다.",
      "srcPage": 11,
      "srcSentenceEA": 15,
      "srcWordEA": 124,
      "character": "박제상,복호 왕자,눌지왕,사람들,미사흔 왕자,눈물,얼굴,미사흔",
      "setting": "서라벌,왜국,대궐,10년,16년,오늘,내일",
      "action": "만난,끌어안고,간,일어나며,말했어요,올리고는,나섰답니다,열었어요,가서,구해 오겠습니다,떠나도록,저물었으니,굳힌",
      "feeling": "기쁨으로,감격의,슬픔에",
      "causalRelationship": null,
      "outcomeResolution": null,
      "prediction": null,
      "plotSummaryInfoCount": 1,
      "plotSummaryInfo": {
        "classification": "사회관계",
        "readAge": "초등_저학년",
        "form": "long-form",
        "plotSummaryText": "10년 만에 다시 만난 눌지왕과 복호 왕자는 서로를 끌어안고 감격의 눈물을 흘렸지만, 미사흔 왕자를 생각하며 눌지왕의 얼굴에 다시 그늘이 지자 박제상은 지금 바로 왜나라로 가서 미사흔 왕자를 구해 오겠다며 절을 올리고 대궐 문을 나섰습니다.",
        "textWordEA": 34
      }
    },
    {
      "srcTextID": "126338",
      "srcText": "박제상은 홀로 작은 배를 타고 왜나라로 갔어요. 이번에는 대담하게 신라인 복장 그대로 왜왕을 찾아가 말했지요. “신라왕이 제 재산을 다 빼앗고 가족들도 모두 죽였습니다. 신라를 도망쳐 왔으니 여기서 살게 해 주십시오.” 박제상이 어찌나 절실하게 말을 했던지, 왜왕은 박제상의 말을 곧이곧대로 믿었어요. 박제상은 왜왕의 신발을 닦아 주기도 하고 대궐 마당을 쓸기도 하면서 왜왕의 마음을 산 다음 넌지시 말했지요. “신라가 싫어서 이곳으로 왔는데 막상 살아 보니 외롭습니다. 이곳에 신라 왕자님이 계신다고 하던데 제가 그 분의 하인 노릇을 하며 살면 안 되겠습니까?” 왜왕은 이번에도 박제상을 믿고 허락해 주었답니다. 드디어 박제상은 미사흔 왕자와 한 집에서 지낼 수 있게 되었어요. 박제상은 미사흔 왕자를 만나 자신이 왜나라에 온 이유를 말했지요. 미사흔 왕자는 무척이나 기뻤어요.",
      "srcPage": 12,
      "srcSentenceEA": 12,
      "srcWordEA": 116,
      "character": "박제상,왜왕,신라왕,가족들,신발,신라 왕자님,미사흔 왕자,배,신라인 복장,신라,대궐 마당,하인,집",
      "setting": "왜나라",
      "action": "타고,갔어요,찾아가 말했지요,도망쳐 왔으니,닦아,쓸기도,넌지시 말했지요,만나,온,말했지요,다 빼앗고,왔는데",
      "feeling": "싫어서,외롭습니다,무척이나 기뻤어요",
      "causalRelationship": null,
      "outcomeResolution": null,
      "prediction": "미사흔 왕자는 무척이나 기뻤어요.",
      "plotSummaryInfoCount": 1,
      "plotSummaryInfo": {
        "classification": "사회관계",
        "readAge": "초등_저학년",
        "form": "long-form",
        "plotSummaryText": "신라왕이 재산을 다 빼앗고 가족들도 모두 죽여서 신라를 도망쳐 왔으니 여기서 살게 해 달라며 절실하게 말을 하는 박제상의 말을 곧이곧대로 믿은 왜왕은  박제상에게 신라 왕자의 하인 노릇을 하며 살도록 허락해 주어 박제상은 미사흔 왕자와 한 집에서 지낼 수 있게 되었습니다.",
        "textWordEA": 41
      }
    },
    {
      "srcTextID": "126345",
      "srcText": "미사흔 왕자를 떠나 보낸 박제상은 방으로 들어가 자기가 미사흔 왕자인 것처럼 행동했어요. 어쩌다 왜왕의 신하가 찾아오면 병이 났다며 돌려보냈지요. “대체 얼마나 아프길래 일주일째 바깥출입도 못 한단 말인가?” 왜왕이 직접 미사흔 왕자의 집으로 찾아왔을 때가 돼서야 모든 것이 밝혀지고 말았지요. 왜왕은 불같이 화를 내며 박제상을 잡아 고문을 했어요. “왜 나를 배신했느냐?” 왜왕이 부르르 떨며 묻자 박제상은 빙긋 웃으며 대답했어요. “나는 신라의 신하요. 그러니 신라 임금의 뜻을 받드는 것이오.” 왜왕은 박제상의 충성심이 마음에 들었어요. 그래서 이번에는 박제상을 달래기 시작했지요. “그대 같은 신하를 곁에 두고 싶구나. 내 신하가 된다면 그대를 살려 주고 큰 상도 내리겠다.” 그러자 박제상은 대궐이 떠나갈 듯 웃으며 말했어요. “개, 돼지가 될지언정 왜왕의 신하 노릇은 하지 않겠소.” 왜왕은 박제상의 마음을 돌릴 수 없다는 것을 깨달았어요. “박제상! 비록 적국의 신하지만 네 충성심은 존경할 만하다. 하지만 나는 그대를 죽일 수밖에 없다.” 결국 박제상은 왜나라 땅에서 처참하게 죽임을 당하고 말았답니다.",
      "srcPage": 14,
      "srcSentenceEA": 19,
      "srcWordEA": 150,
      "character": "미사흔 왕자,박제상,왜왕의 신하,왜왕,신라의 신하,신라 임금,신하,개,돼지,방",
      "setting": "미사흔 왕자의 집,대궐,왜나라 땅",
      "action": "떠나 보낸,들어가,찾아오면,돌려보냈지요,찾아왔을,잡아,고문을 했어요,묻자,대답했어요,말했어요,행동했어요,달래기 시작했지요",
      "feeling": "화를 내며",
      "causalRelationship": null,
      "outcomeResolution": "결국 박제상은 왜나라 땅에서 처참하게 죽임을 당하고 말았답니다.",
      "prediction": null,
      "plotSummaryInfoCount": 1,
      "plotSummaryInfo": {
        "classification": "사회관계",
        "readAge": "초등_저학년",
        "form": "long-form",
        "plotSummaryText": "직접 미사흔 왕자의 집으로 찾아왔을 때가 돼서야 미사흔 왕자를 떠나 보낸 박제상이 미사흔 왕자인 것처럼 행동했다는 것이 밝혀져 왜왕이 박제상을 잡아 고문을 하며 자신의 신하가 된다면 살려 주고 큰 상도 내리겠다고 했지만, 개나 돼지가 될지언정 왜왕의 신하 노릇은 하지 않겠다고 해서 결국 박제상은 왜나라 땅에서 처참하게 죽임을 당하고 말았습니다.",
        "textWordEA": 49
      }
    },
    {
      "srcTextID": "126348",
      "srcText": "한편, 미사흔 왕자는 무사히 신라에 도착했어요. 다시 만난 기쁨에 미사흔 왕자를 부둥켜 안고 한참을 울고 난 눌지왕이 물었어요. “그런데 어째서 박제상이 보이지 않느냐?” 미사흔 왕자는 눈물을 흘리며 그동안의 일을 이야기했어요. 눌지왕과 복호 왕자는 물론, 신하들도 모두 박제상의 충성심에 감동하며 눈물을 흘렸답니다.",
      "srcPage": 15,
      "srcSentenceEA": 5,
      "srcWordEA": 44,
      "character": "미사흔 왕자,눌지왕,박제상,복호 왕자,신하들,눈물",
      "setting": "신라",
      "action": "도착했어요,안고,울고,물었어요,흘리며,이야기했어요,흘렸답니다,만난,보이지",
      "feeling": "감동하며,기쁨에",
      "causalRelationship": null,
      "outcomeResolution": null,
      "prediction": null,
      "plotSummaryInfoCount": 1,
      "plotSummaryInfo": {
        "classification": "사회관계",
        "readAge": "초등_저학년",
        "form": "long-form",
        "plotSummaryText": "무사히 신라에 도착한 미사흔 왕자를 다시 만난 기쁨에 부둥켜 안고 한참을 울고 난 눌지왕이 어째서 박제상이 보이지 않느냐고 묻자, 미사흔 왕자가 눈물을 흘리면서 그동안의 일을 이야기해서 모두들 박제상의 충성심에 감동하며 눈물을 흘렸습니다.",
        "textWordEA": 32
      }
    },
    {
      "srcTextID": "126347",
      "srcText": "이 소식은 박제상의 아내에게도 전해졌어요. 하지만 박제상의 아내는 날마다 바닷가에 나가 혹시라도 살아 돌아올지 모를 남편을 기다렸어요. 그러다가 그 자리에서 지쳐 숨을 거두고 말았지요. 박제상의 아내는 숨을 거둔 후 몸이 그대로 돌처럼 굳었어요. 훗날 사람들은 남편을 애타게 기다리다 돌이 되었다하여 그 돌을 망부석이라고 불렀답니다. 자신의 행복을 버리고 나라를 위해 목숨을 바친 박제상. 그는 자신의 목숨도 아끼지 않고 나라를 위해 일한 위대한 충신이었답니다.",
      "srcPage": 16,
      "srcSentenceEA": 7,
      "srcWordEA": 68,
      "character": "박제상의 아내,남편,망부석,박제상,나라,몸,돌,사람들",
      "setting": "바닷가,훗날",
      "action": "나가,기다렸어요,지쳐,거두고,불렀답니다,살아,돌아올지,굳었어요,바친,기다리다,버리고,일한",
      "feeling": "애타게",
      "causalRelationship": null,
      "outcomeResolution": null,
      "prediction": null,
      "plotSummaryInfoCount": 1,
      "plotSummaryInfo": {
        "classification": "사회관계",
        "readAge": "초등_저학년",
        "form": "long-form",
        "plotSummaryText": "박제상은 자신의 행복을 버리고 나라를 위해 목숨을 바쳐 일한 위대한 충신이었고, 박제상의 아내는 날마다 바닷가에 나가 남편을 애타게 기다리다 지쳐 그 자리에서 숨을 거둔 후 몸이 굳어 돌이 되었기에 훗날 사람들이 그 돌을 망부석이라고 불렀습니다.",
        "textWordEA": 35
      }
    },
    {
      "srcTextID": "126328",
      "srcText": "한 해, 두 해가 지나도 미사흔 왕자는 돌아오지 않았어요. 내물왕은 시름시름 앓기 시작했지요. “미사흔아, 미사흔아.” 괴로워하던 내물왕은 끝내 숨을 거두고 말았어요. 눌지 왕자는 마지막 순간까지 동생을 보지 못하고 돌아가신 아버지 때문에 무척 마음이 아팠답니다. 내물왕이 세상을 떠나자 친척인 실성이 왕위에 올랐지요. 눌지 왕자가 너무 어렸거든요.",
      "srcPage": 3,
      "srcSentenceEA": 7,
      "srcWordEA": 50,
      "character": "미사흔 왕자,내물왕,눌지 왕자,동생,친척,실성,미사흔,아버지",
      "setting": null,
      "action": "앓기,숨을 거두고,돌아오지 않았어요,보지 못하고,돌아가신,떠나자,올랐지요",
      "feeling": "괴로워하던",
      "causalRelationship": "눌지 왕자는 마지막 순간까지 동생을 보지 못하고 돌아가신 아버지 때문에 무척 마음이 아팠답니다.",
      "outcomeResolution": null,
      "prediction": null,
      "plotSummaryInfoCount": 1,
      "plotSummaryInfo": {
        "classification": "사회관계",
        "readAge": "초등_저학년",
        "form": "long-form",
        "plotSummaryText": "미사흔 왕자가 돌아오지 않자 괴로워하던 내물왕은 끝내 숨을 거두고 말았고, 눌지 왕자가 너무 어려서 친척인 실성이 왕위에 올랐습니다.",
        "textWordEA": 18
      }
    },
    {
      "srcTextID": "126327",
      "srcText": "하지만 실성왕이 다스리는 신라는 날이 갈수록 상황이 더 나빠졌어요. 고구려는 걸핏하면 신라를 공격했고 백제까지도 신라를 침략할 기회만 노리고 있었지요. 신라는 서쪽, 남쪽, 북쪽 모두 적으로 둘러싸여 있었어요. ‘우리나라가 이렇게 힘이 없다니’ 눌지 왕자는 긴 한숨을 내쉬었어요.",
      "srcPage": 4,
      "srcSentenceEA": 5,
      "srcWordEA": 40,
      "character": "실성왕,눌지 왕자,적,우리나라",
      "setting": "신라,고구려,백제",
      "action": "내쉬었어요,갈수록,다스리는,공격했고,침략할,노리고,둘러싸여",
      "feeling": null,
      "causalRelationship": null,
      "outcomeResolution": null,
      "prediction": null,
      "plotSummaryInfoCount": 1,
      "plotSummaryInfo": {
        "classification": "사회관계",
        "readAge": "초등_저학년",
        "form": "long-form",
        "plotSummaryText": "실성왕이 다스리는 신라는 갈수록 상황이 더 나빠져 고구려와 백제가 모두 신라를 침략하려고 하자, 눌지 왕자는 신라가 적으로 둘러싸여 힘이 없다며 긴 한숨을 내쉬었습니다.",
        "textWordEA": 23
      }
    },
    {
      "srcTextID": "126334",
      "srcText": "성격이 활달한 복호 왕자는 다행히 고구려 군사들과 사이가 좋았어요. 고구려 군사들은 복호 왕자가 권하는 술을 아무 의심 없이 마시고는 곯아떨어지고 말았답니다. 복호 왕자는 미리 싸 두었던 짐을 들고 집을 빠져나왔어요. 짐 속에는 고구려 산과 땅의 모양, 고구려군의 수와 군대의 위치 등 신라에 큰 도움이 되는 자료들이 들어 있었지요. 복호 왕자는 고구려에 있으면서 시간을 헛되이 보내지 않고 신라에 도움이 될 만한 정보들을 모으고 있었던 거예요. “왕자님, 여기입니다.” 어둠 속에서 박제상의 목소리가 들렸어요. 박제상은 복호 왕자를 잡아끌더니 준비해 온 옷을 입혀 주었어요. 그러고는 배에 잔뜩 실린 곡식과 과일을 가리켰어요. “왕자님과 저는 지금부터 곡물 장수입니다. 그리고 이 배는 장삿배지요. 아무도 우리를 의심하지 않을 것이니 안심하십시오.” “이것들은 우리가 신라까지 가면서 먹으면 되겠군.” 복호 왕자는 오랜만에 마음 놓고 웃었어요. 박제상이 철저하게 준비한 덕분에 복호 왕자와 박제상은 무사히 신라에 도착할 수 있었지요.",
      "srcPage": 10,
      "srcSentenceEA": 15,
      "srcWordEA": 137,
      "character": "복호 왕자,고구려 군사들,술,짐,자료들,박제상,옷,곡식,과일,곡물 장수,장삿배,고구려 산,땅,고구려군,군대,고구려,왕자님",
      "setting": "집,배,신라",
      "action": "권하는,마시고는 곯아떨어지고,들고,빠져나왔어요,들어,모으고,잡아끌더니,입혀,가리켰어요,마음 놓고 웃었어요,도착할",
      "feeling": null,
      "causalRelationship": null,
      "outcomeResolution": "박제상이 철저하게 준비한 덕분에 복호 왕자와 박제상은 무사히 신라에 도착할 수 있었지요.",
      "prediction": null,
      "plotSummaryInfoCount": 1,
      "plotSummaryInfo": {
        "classification": "사회관계",
        "readAge": "초등_저학년",
        "form": "long-form",
        "plotSummaryText": "고구려에 있으면서 시간을 헛되이 보내지 않고 신라에 도움이 될 만한 정보들을 모으고 있었던 복호 왕자는 신라에 큰 도움이 되는 자료들을 들고 집을 빠져나왔고, 박제상이 철저하게 준비한 덕분에 복호 왕자와 박제상은 무사히 신라에 도착할 수 있었습니다.",
        "textWordEA": 35
      }
    }
  ]
}