{
  "title": "손순",
  "author": "일연",
  "illustrator": "이재훈",
  "isbn": "9788954339735",
  "publishedYear": 2004,
  "publisher": "한국삐아제",
  "paragraphInfoCount": 17,
  "paragraphInfo": [
    {
      "srcTextID": "126946",
      "srcText": "햇볕이 따사롭게 비치는 봄날이었어요. “아버지! 이 보드랍고 하얀 솜뭉치 같은 게 뭐지요?” 신라의 어느 시골 마을 밭두렁에 쪼그리고 앉은 사내아이가 민들레 홀씨를 잡으며 물었어요. 아이의 아버지 손순은 밭에서 흙을 고르다가 미소를 지으며 돌아보았어요. “민들레 홀씨란다. 민들레가 부모라면 홀씨는 자식인 셈이지.” 손순의 말에 아이는 호기심 어린 눈으로 민들레 홀씨를 바라보았어요. 아이의 이름은 돌이였어요. 예쁘장한 얼굴의 돌이는 동네 사람들의 귀여움을 많이 받았지요. 돌이는 한참 동안 민들레 홀씨를 들여다보다가 다시 물었어요. “하지만 민들레랑 이 홀씨는 하나도 닮지 않았는 걸요. 저는 아버지랑 닮았잖아요.” 손순은 빙그레 미소를 지었어요. 손순은 돌이와 놀아 주고 싶었지만 오늘 안으로 밭을 다 갈아야 했어요.",
      "srcPage": 1,
      "srcSentenceEA": 14,
      "srcWordEA": 105,
      "character": "손순,아버지,민들레 홀씨,돌이,솜뭉치,민들레,부모,자식,사내아이",
      "setting": "신라,시골 마을,봄날,밭두렁,밭,오늘",
      "action": "비치는,잡으며,앉은,물었어요,고르다가,미소를 지으며,돌아보았어요,바라보았어요,놀아 주고,갈아야 했어요,들여다보다가",
      "feeling": null,
      "causalRelationship": null,
      "outcomeResolution": null,
      "prediction": null,
      "plotSummaryInfoCount": 1,
      "plotSummaryInfo": {
        "classification": "사회관계",
        "readAge": "초등_저학년",
        "form": "long-form",
        "plotSummaryText": "신라의 어느 시골 마을 밭두렁에 앉은 사내아이가 민들레 홀씨를 잡으며 이 솜뭉치 같은 게 뭐냐고 물었더니, 아이의 아버지 손순은 밭에서 흙을 고르다가 민들레 홀씨인데 민들레가 부모라면 홀씨는 자식인 셈이라고 했습니다.",
        "textWordEA": 30
      }
    },
    {
      "srcTextID": "126960",
      "srcText": "소문은 흥덕왕의 귀에도 들어갔어요. “허허허, 참으로 신기한 돌종이구나. 한번 구경이나 해야겠다.” 흥덕왕은 마차를 타고 손순의 집으로 찾아왔어요. 난데없이 흥덕왕이 찾아오자 손순은 깜짝 놀랐어요. 손순의 아내는 바들바들 떨면서 손순에게 속삭였어요. “아무래도 돌종이 폐하의 것인가 봐요. 폐하의 보물을 가져왔으니 우리는 죽은 목숨이에요.” 손순은 부들부들 떨면서 흥덕왕 앞에 엎드렸어요.",
      "srcPage": 14,
      "srcSentenceEA": 9,
      "srcWordEA": 52,
      "character": "흥덕왕,손순의 아내,손순,돌종,보물",
      "setting": "집",
      "action": "들어갔어요,구경이나 해야겠다,찾아왔어요,떨면서,속삭였어요,가져왔으니,엎드렸어요",
      "feeling": "놀랐어요,신기한",
      "causalRelationship": null,
      "outcomeResolution": null,
      "prediction": null,
      "plotSummaryInfoCount": 1,
      "plotSummaryInfo": {
        "classification": "사회관계",
        "readAge": "초등_저학년",
        "form": "long-form",
        "plotSummaryText": "신기한 돌종에 대한 소문을 들은 흥덕왕이 마차를 타고 손순의 집으로 찾아오자 손순의 아내는 깜짝 놀라 아무래도 돌종이 폐하의 것인데 폐하의 보물을 가져왔으니 우리는 죽은 목숨이라 했고, 손순은 부들부들 떨면서 흥덕왕 앞에 엎드렸습니다.",
        "textWordEA": 32
      }
    },
    {
      "srcTextID": "126958",
      "srcText": "그날부터 손순의 집에서는 아름다운 종소리가 울려 퍼졌어요. 그러자 신기하게도 손순의 어머니가 건강해지기 시작했지요. 여전히 쌀밥은 돌이에게 주고 손순의 어머니는 시래기 죽을 먹는데도 얼굴은 예전보다 훨씬 더 곱고 밝아졌어요. “얘야, 참 신기하구나. 저 종소리를 듣고 있으니 배도 고프지 않고 몸도 아프지 않구나. 이건 분명히 하늘이 우리에게 주신 선물인 것 같구나.” 손순의 어머니는 돌종을 깨끗이 닦고 기도를 올렸어요. 종소리를 좋아하는 건 손순의 가족만이 아니었어요. 마을 사람들도 손순의 돌종소리를 들으면 마음이 편안하고 행복해졌지요. “어머니를 모시기 위해 아들을 버릴 생각을 했다니, 하늘이 손순의 효심에 감동해서 선물을 보내신 거야.” 마을 사람들은 돌종소리만 울리면 손순과 손순 아내를 칭찬했어요. 돌종에 대한 소문이 퍼지자, 이웃 마을에서도 돌종소리를 듣기 위해 손순의 집으로 모여들었어요.",
      "srcPage": 13,
      "srcSentenceEA": 12,
      "srcWordEA": 113,
      "character": "손순의 어머니,쌀밥,돌이,마을 사람들,손순,선물",
      "setting": "집",
      "action": "건강해지기,울려 퍼졌어요,먹는데도,깨끗이 닦고,기도를 올렸어요,모시기 위해,칭찬했어요,모여들었어요",
      "feeling": "편안하고,행복해졌지요",
      "causalRelationship": null,
      "outcomeResolution": null,
      "prediction": null,
      "plotSummaryInfoCount": 1,
      "plotSummaryInfo": {
        "classification": "사회관계",
        "readAge": "초등_저학년",
        "form": "long-form",
        "plotSummaryText": "아름다운 종소리를 들은 손순의 어머니는 건강해지기 시작했고, 마을 사람들은 어머니를 모시기 위해 아들을 버릴 생각을 한 효심에 감동해서 하늘이 선물을 보내신 거라며  돌종 소리를 듣기 위해 손순의 집으로 모여들었습니다.",
        "textWordEA": 30
      }
    },
    {
      "srcTextID": "126959",
      "srcText": "“죄송합니다. 제가 가난하여 어머니를 잘 모시지 못했습니다. 철없는 아들이 어머니의 밥을 빼앗아 먹기에 할 수 없이 아들을 산속에 묻으려 했습니다. 그런데 구덩이를 파 보니 돌종이 나왔습니다. 그래서 하늘의 뜻이라 생각하고 돌종을 집으로 가지고 왔습니다. 돌종이 폐하의 보물인 줄 알았다면 절대 건드리지 않았을 것이옵니다. 부디 저를 용서해 주소서.” 손순의 말을 들은 흥덕왕의 눈썹이 꿈틀했어요. “어머니를 모시기 위해 아들을 죽이려 했다는 게 사실인가?” 돌이를 죽이려 한 것까지 밝혀지자 손순의 얼굴이 하얗게 질렸어요.",
      "srcPage": 15,
      "srcSentenceEA": 9,
      "srcWordEA": 78,
      "character": "아들,어머니,돌이,흥덕왕,돌종,보물",
      "setting": "산속에",
      "action": "모시지 못했습니다,빼앗아 먹기에,묻으려 했습니다,파 보니,지고 왔습니다,꿈틀했어요,죽이려 했다는 게",
      "feeling": null,
      "causalRelationship": null,
      "outcomeResolution": null,
      "prediction": null,
      "plotSummaryInfoCount": 1,
      "plotSummaryInfo": {
        "classification": "사회관계",
        "readAge": "초등_저학년",
        "form": "long-form",
        "plotSummaryText": "가난하여 어머니를 모시기 위해 아들을 산속에 묻으려 했다가 돌종이 나왔는데 폐하의 보물인 줄 몰랐다고 손숙이 말하자, 흥덕왕은 어머니를 모시기 위해 아들을 죽이려 했다는 게 사실인지 물었습니다.",
        "textWordEA": 26
      }
    },
    {
      "srcTextID": "126962",
      "srcText": "흥덕왕이 미소를 지으며 손순을 일으켜 세웠어요. “이미 그대의 효성이 얼마나 지극한지 들었다. 돌종은 하늘이 그대의 효심에 감동해서 내리신 선물임에 틀림없다.” 그제서야 손순은 마음이 놓였어요. 어느새 손순의 집 주변에 구경꾼들이 구름처럼 몰려들었어요. 흥덕왕은 근엄함 목소리로 말했어요. “신라에 손순 같은 효자가 있다는 것이 몹시 기쁘다. 손순에게 집을 지어 주고, 해마다 쌀 50섬을 내리도록 하겠다. 손순! 그대는 앞으로 어머니를 더욱 잘 모시고 아들도 잘 키우도록 하라.”",
      "srcPage": 16,
      "srcSentenceEA": 10,
      "srcWordEA": 70,
      "character": "흥덕왕,돌종,손순,어머니,아들,선물",
      "setting": "신라",
      "action": "세웠어요,내리신,놓였어요,몰려들었어,말했어요,집을 지어 주고,내리도록,모시고,잘 키우도록 하라",
      "feeling": "감동해서,기쁘다",
      "causalRelationship": null,
      "outcomeResolution": null,
      "prediction": null,
      "plotSummaryInfoCount": 1,
      "plotSummaryInfo": {
        "classification": "사회관계",
        "readAge": "초등_저학년",
        "form": "long-form",
        "plotSummaryText": "흥덕왕은 손순을 일으켜 세우면서 돌종은 효심에 감동해서 하늘이 내린 선물이라며 집 주변의 많은 구경꾼들에게 신라에 손순 같은 효자가 있다는 것이 몹시 기쁘다면서 손순에게 집을 지어 주고 해마다 쌀 50섬을 내리겠다고 말했습니다.",
        "textWordEA": 31
      }
    },
    {
      "srcTextID": "126961",
      "srcText": "손순 가족들은 흥덕왕에게 감사드리며 큰절을 올렸어요. “폐하! 성은이 망극하옵니다.” 손순이 고개를 조아리며 말했어요. 모인 사람들도 박수를 치며 축하해 주었지요. 그 후로 손순은 흥덕왕이 지어 준 집에서 어머니를 정성껏 모시며 행복하게 살았답니다. 또한 굶주리는 이웃을 위해 곡식을 나누어 주기도 했어요. 나중에 사람들은 손순의 집에 절을 세우고 돌종을 모신 다음 절 이름을 ‘홍효사’라고 불렀어요. 그리고 돌종소리가 울릴 때마다 손순의 효성을 떠올리곤 했지요.",
      "srcPage": 17,
      "srcSentenceEA": 9,
      "srcWordEA": 68,
      "character": "손순 가족들,흥덕왕,어머니,손순,돌종,홍효사",
      "setting": null,
      "action": "큰절을 올렸어요,고개를 조아리며,박수를 치며,지어 준,모시며,굶주리는,나누어 주기도,절을 세우고,돌종소리가 울릴 때마다",
      "feeling": "행복하게",
      "causalRelationship": null,
      "outcomeResolution": null,
      "prediction": null,
      "plotSummaryInfoCount": 1,
      "plotSummaryInfo": {
        "classification": "사회관계",
        "readAge": "초등_저학년",
        "form": "long-form",
        "plotSummaryText": "손순의 가족들은 흥덕왕에게 감사의 큰절을 올리고 흥덕왕이 지어 준 집에서 어머니를 정성껏 모시며 굶주리는 이웃을 위해 곡식을 나누어 주었고, 나중에 사람들은 손순의 집에 절을 세우고 돌종을 모신 다음 홍효사라고 불렀습니다.",
        "textWordEA": 30
      }
    },
    {
      "srcTextID": "126948",
      "srcText": "해가 뉘엿뉘엿 질 무렵, 일을 마친 손순은 돌이의 손을 잡고 집으로 향했어요. 그런데 까마귀 한 마리가 울면서 날아가는 모습이 보였어요. “아버지! 동네 할아버지들 말씀이 까마귀는 기분 나쁜 저승새래요.” 돌이의 말에 손순은 찬찬히 설명을 해 주었어요. “그건 사람들이 까마귀에 대해 잘 몰라서 그러는 거야. 사실 까마귀는 아주 착한 새란다. 다른 동물들은 몸이 자라면 어미 곁을 떠나지만 까마귀는 그렇지 않단다. 까마귀는 어미 새가 늙고 힘이 없어 날지 못하면 먹이를 물어다가 어미 새에게 먹여 준단다.” “그럼 까마귀는 효자새군요!”",
      "srcPage": 2,
      "srcSentenceEA": 9,
      "srcWordEA": 81,
      "character": "손순,돌이,손,까마귀,아버지,동네 할아버지들,어미 새,먹이,몸,동물들",
      "setting": "해가 뉘엿뉘엿 질 무렵,집",
      "action": "잡고,울면서,날아가는,설명을 해,날지,물어다가,먹여,자라면,떠나지만",
      "feeling": "기분 나쁜",
      "causalRelationship": null,
      "outcomeResolution": null,
      "prediction": null,
      "plotSummaryInfoCount": 1,
      "plotSummaryInfo": {
        "classification": "사회관계",
        "readAge": "초등_저학년",
        "form": "long-form",
        "plotSummaryText": "해가 질 무렵, 손순이 돌이의 손을 잡고 집으로 향했는데 까마귀가 울면서 날아가는 모습을 보며 돌이는 까마귀가 기분 나쁜 저승새라고 들었다고 했고, 손순은 다른 동물들은 몸이 자라면 어미 곁을 떠나지만, 까마귀는 어미 새가 늙고 힘이 없어 날지 못하면 먹이를 물어다가 어미 새에게 먹여 주는 아주 착한 새라고 설명을 해 주었습니다.",
        "textWordEA": 49
      }
    },
    {
      "srcTextID": "126954",
      "srcText": "다음 날부터 손순의 어머니는 밥을 먹지 않았어요. “어머니, 이러시면 건강을 잃으십니다. 어서 드세요.” 손순이 아무리 권해도 손순의 어머니는 막무가내였어요. 대신 돌이를 무릎에 앉혀 놓고는 더듬거리며 숟가락으로 밥을 떠서 먹여 주었어요. 처음에는 손순의 눈치를 보며 먹지 않던 돌이도 더 이상 참을 수 없었는지 조금씩 받아 먹었어요. 그러더니 눈을 동그랗게 뜨고 순진하게 말했어요. “할머니! 쌀밥이 아주 맛있어요. 이번에는 제가 할머니께 먹여 드릴게요.” 돌이는 숟가락 가득 쌀밥을 떠서 할머니 입에 넣어 주었어요. 하지만 할머니는 고개를 저으며 말했어요. “지금까지 할미 때문에 제대로 먹지도 못했구나. 많이 먹고 무럭무럭 자라거라.” 쌀밥을 먹으면서부터 돌이는 키도 부쩍 더 자라고 힘도 세어졌어요. 하지만 그만큼 손순의 어머니는 야위고 기운이 빠지기 시작했어요. 손순과 아내는 그런 어머니가 몹시 걱정이 되었어요.",
      "srcPage": 9,
      "srcSentenceEA": 16,
      "srcWordEA": 121,
      "character": "손순의 어머니,어머니,할머니,고개,밥,돌이,무릎,숟가락,눈,할미,손순,아내",
      "setting": null,
      "action": "먹지,권해도,앉혀 놓고,먹여,받아 먹었어요,뜨고,넣어 주었어요,저으며,먹으면서부터는",
      "feeling": "걱정이 되었어요",
      "causalRelationship": "하지만 그만큼 손순의 어머니는 야위고 기운이 빠지기 시작했어요. 손순과 아내는 그런 어머니가 몹시 걱정이 되었어요.",
      "outcomeResolution": null,
      "prediction": null,
      "plotSummaryInfoCount": 1,
      "plotSummaryInfo": {
        "classification": "사회관계",
        "readAge": "초등_저학년",
        "form": "long-form",
        "plotSummaryText": "다음 날부터 손순의 어머니는 아무리 권해도 밥을 먹지 않고 돌이를 무릎에 앉혀 놓고는 숟가락으로 밥을 떠서 먹여 주었고, 눈치를 보며 먹지 않다가 조금씩 받아 먹었던 돌이는 쌀밥을 먹으면서부터 키도 더 자라고 힘도 세어졌지만 손순의 어머니는 야위고 기운이 빠지기 시작했기에 손순과 아내는 어머니가 몹시 걱정이 되었습니다.",
        "textWordEA": 45
      }
    },
    {
      "srcTextID": "126947",
      "srcText": "지나가던 마을 사람들은 손순과 돌이가 나누는 이야기를 듣고 미소를 지었어요. “그렇게 친다면 까마귀는 손순새야. 세상에 손순 같은 효자는 없어.” “맞아요. 눈먼 어머니를 지극 정성으로 보살피잖아요?” “쌀이 없어 제 아들에게는 죽을 먹이면서도 어머니께는 꼬박꼬박 쌀밥을 지어 드린다더군.” “언젠가는 하늘이 손순에게 큰 복을 내릴 거예요.” 마을 사람들은 이렇게 손순을 칭찬하며 집으로 향했어요.",
      "srcPage": 3,
      "srcSentenceEA": 7,
      "srcWordEA": 53,
      "character": "마을 사람들,손순,돌이,까마귀,어머니,쌀,죽,효자,아들,쌀밥",
      "setting": "집",
      "action": "지나가던,나누는,듣고,미소를 지었어요,보살피잖아요,먹이면서도,지어 드린다더군,눈먼,내릴,칭찬하며,향했어요",
      "feeling": null,
      "causalRelationship": null,
      "outcomeResolution": null,
      "prediction": null,
      "plotSummaryInfoCount": 1,
      "plotSummaryInfo": {
        "classification": "사회관계",
        "readAge": "초등_저학년",
        "form": "long-form",
        "plotSummaryText": "쌀이 없어 아들에게는 죽을 먹이면서도 눈먼 어머니께는 꼬박꼬박 쌀밥을 지어 드리는 효자는 없다면서 언젠가는 하늘이 손순에게 큰 복을 내릴 거라고 마을 사람들은 손순을 칭찬하며 집으로 향했습니다.",
        "textWordEA": 26
      }
    },
    {
      "srcTextID": "126955",
      "srcText": "“저러다 어머니께서 돌아가시지나 않을까 걱정이에요.” 손순의 아내가 어두운 얼굴로 말했어요. 그러자 손순이 어렵게 말을 꺼냈어요. “사실은 내가 오래전부터 생각해 온 게 있소. 어머니를 살리려면 돌이가 함께 있어서는 안 될 것 같소.” 그러자 손순의 아내가 눈을 동그랗게 떴어요. “설마, 당신 돌이를 버리자는 말씀이세요?” “돌이가 있으면 어머니는 계속 진지를 드시지 않으실 거고 결국은 돌아가실 거요. 그래도 좋단 말이오?” 손순은 아내를 설득했어요. “아이는 또 낳을 수 있지만 어머니는 한번 돌아가시면 다시는 뵐 수 없소. 부디 내 마음을 이해해 주기 바라오.” 손순의 아내는 숨죽여 서럽게 울었어요. 마당 한 켠에서 신나게 제기를 차며 웃는 돌이가 보였어요. 돌이의 머리 위로 하얀 민들레 홀씨가 날아가고 있었지요. 그러자 얼마 전, 돌이가 밭두렁에서 했던 말이 떠올랐어요. ‘아버지, 저는 아버지 곁을 떠나지 않을 거예요.’ 손순은 울음 섞인 목소리로 조용히 중얼거렸어요. “돌이야, 이 못난 아버지를 용서하거라.”",
      "srcPage": 10,
      "srcSentenceEA": 19,
      "srcWordEA": 138,
      "character": "손순의 아내,손순,아버지,돌이,어머니,민들레 홀씨,눈,제기,머리,얼굴",
      "setting": "마당,밭두렁",
      "action": "돌아가시지나 않을까,말했어요,꺼냈어요,살리려면,돌아가실,버리자는,낳을,제기를 차며,날아가고,떠나지,뵐,웃는,중얼거렸어요",
      "feeling": "걱정이에요,서럽게",
      "causalRelationship": null,
      "outcomeResolution": null,
      "prediction": null,
      "plotSummaryInfoCount": 1,
      "plotSummaryInfo": {
        "classification": "사회관계",
        "readAge": "초등_저학년",
        "form": "long-form",
        "plotSummaryText": "어머니가 돌아가시지나 않을까 손순의 아내가 걱정을 하자 어머니를 살리려면 돌이가 함께 있어서는 안 될 것 같다며 아이는 또 낳을 수 있지만 어머니는 한 번 돌아가시면 다시는 뵐 수 없다고 하면서, 손순은 돌이가 아버지 곁을 떠나지 않겠다고 밭두렁에서 했던 말이 떠올라 울음 섞인 목소리로 못난 아버지를 용서하라고 조용히 중얼거렸습니다.",
        "textWordEA": 48
      }
    },
    {
      "srcTextID": "126956",
      "srcText": "그날 밤, 손순과 아내는 잠든 돌이를 업고 집을 나섰어요. 하루 종일 밖에서 노느라 피곤했는지 돌이는 손순 아내의 등에서 깊이 잠들어 있었어요. 손순은 괭이를 메고 몇 발 앞서 걸었어요. 가난 때문에 자식을 버려야 한다는 사실에 마음이 아팠지만 어머니를 위해서는 어쩔 수 없다고 마음을 독하게 먹었어요. 손순과 아내는 드디어 깊은 계곡에 도착했어요. 아내는 울음소리를 감추려고 손으로 입을 막았어요. 발걸음을 멈춘 손순이 괭이로 땅을 파기 시작했어요. 퍽, 퍽 ! 그때였어요. 철그럭! 괭이 끝에 뭔가 부딪치는 소리가 들렸어요. 이상하게 여긴 손순이 달빛을 불빛 삼아 땅을 파 보니 커다란 돌종이 나왔어요.",
      "srcPage": 11,
      "srcSentenceEA": 12,
      "srcWordEA": 96,
      "character": "손순,아내,돌이,등,괭이,자식,입,손,땅,돌종",
      "setting": "밤,집,계곡",
      "action": "업고,나섰어요,잠들어,걸었어요,버려야,도착했어요,감추려고,멈춘,막았어요,파기 시작했어요,파 보니,부딪치는,들렸어요,나왔어요",
      "feeling": null,
      "causalRelationship": null,
      "outcomeResolution": null,
      "prediction": "이상하게 여긴 손순이 달빛을 불빛 삼아 땅을 파 보니 커다란 돌종이 나왔어요.",
      "plotSummaryInfoCount": 1,
      "plotSummaryInfo": {
        "classification": "사회관계",
        "readAge": "초등_저학년",
        "form": "long-form",
        "plotSummaryText": "그날 밤에 돌이를 업고 집을 나선 손순과 아내는 가난 때문에 자식을 버려야 한다는 사실에 마음이 아팠지만, 어머니를 위해서는 어쩔 수 없다며 깊은 계곡으로 가서 괭이로 땅을 파기 시작했는데, 뭔가 부딪치는 소리가 들려 땅을 파보니 커다란 돌종이 나왔습니다.",
        "textWordEA": 37
      }
    },
    {
      "srcTextID": "126949",
      "srcText": "손순의 가족이 저녁을 먹고 있을 때였어요. 손순의 아내는 어머니를 위해 흰 쌀밥을 드리고, 손순과 돌이, 자기 몫으로는 멀건 시래기죽을 내놓았어요. 앞을 못보는 어머니는 밥을 먹다 말고 손순에게 물었지요. “얘야, 아무리 생각해도 이상하구나. 우리는 논밭이 없어서 남의 집 일을 도와주며 사는데 어째서 매일같이 쌀밥을 먹을 수 있느냐?” 손순은 당황하며 말했어요. “어머니, 올해는 풍년이 들어서 집집마다 곡식이 넘쳐나요. 그래서 제가 품삯을 많이 받을 수 있었어요.” 하지만 손순의 어머니는 고개를 갸웃했어요. “그런데 너희가 앉아 있는 쪽에서 시래기 냄새가 나는구나. 혹시 나에게만 쌀밥을 주고 너희들은 시래기 죽을 먹는 게 아니냐?” 이번에는 손순의 아내가 다급하게 말했어요. “어머니, 제가 시래기 국을 끓였는데 아마 그 냄새가 나는 것 같아요.” 그제서야 손순의 어머니는 안심하고 다시 쌀밥을 먹기 시작했어요. 하지만 아직 어린 돌이는 자꾸만 할머니의 흰 쌀밥을 보고 군침을 삼켰어요. 손순의 아내는 돌이를 툭툭 치며 주의를 주었어요. 그 모습에 손순은 마음이 아팠지요.",
      "srcPage": 4,
      "srcSentenceEA": 17,
      "srcWordEA": 145,
      "character": "어머니,손순,손순의 아내,돌이,쌀밥,시래기 국,시래기,논밭,우리,남의 집,곡식,고개,할머니",
      "setting": "올해",
      "action": "먹고,드리고,내놓았어요,못보는,먹다 말고,물었지요,도와주며,먹을,말했어요,받을,갸웃했어요,앉아,끓였는데,먹기 시작했어요,보고,군침을 삼켰어요,치며",
      "feeling": "당황하며,안심하고",
      "causalRelationship": null,
      "outcomeResolution": null,
      "prediction": null,
      "plotSummaryInfoCount": 1,
      "plotSummaryInfo": {
        "classification": "사회관계",
        "readAge": "초등_저학년",
        "form": "long-form",
        "plotSummaryText": "손순의 가족이 저녁을 먹고 있을 때 앞을 못보는 어머니가 밥을 먹다 말고 어떻게 매일 같이 쌀밥을 먹을 수 있는지 이상하다며 혹시 자신만 쌀밥을 먹고 너희들은 시래기 죽을 먹는 건지 묻자, 당황한 손순의 아내는 시래기 국을 끓여서 냄새가 나는 것 같다며 할머니의 흰 쌀밥을 보고 군침을 삼키는 돌이를 툭툭 치며 주의를 주었습니다.",
        "textWordEA": 51
      }
    },
    {
      "srcTextID": "126950",
      "srcText": "다음 날도 손순은 여느 때처럼 밭에 일을 하러 나갔어요. 돌이는 밭두렁에서 민들레를 가지고 놀다가 손순에게 물었어요. “아버지, 이상해요.” 손순은 호미질을 멈추고 돌이를 돌아보았어요. “아버지는 하루 종일 밭에서 일하시고, 어머니는 남의 집 빨래를 해 주시고 쌀을 얻어 오십니다. 그런데도 아버지와 어머니는 시래기 죽을 드시고, 하루 종일 집에 편안히 계시는 할머니는 쌀밥을 드시잖아요.” 돌이의 말을 들은 손순의 얼굴이 벌겋게 달아올랐어요. 아버지가 화나셨다는 것을 눈치챈 돌이가 울먹이며 말했어요. “시래기 죽만 먹었더니 앉아 있는 것도 힘들어요. 그런데 일을 하시는 아버지는 오죽하시겠어요? 아버지와 어머니가 쌀밥을 드시고 기운을 차려서 일을 많이 하시면 돈도 더 많이 벌 수 있잖아요. 그러면 우리 식구 모두가 쌀밥을 먹을 수 있을 거예요.” 손순은 호미를 던지고 돌이를 무릎에 엎어 놓고는 엉덩이를 마구 때렸어요. “나쁜 녀석! 어디서 그런 못된 생각을 배웠느냐?” “엉엉엉, 아버지. 잘못했어요, 용서해 주세요.” 어느새 손순의 눈에서도 눈물이 흘러내렸어요.",
      "srcPage": 5,
      "srcSentenceEA": 18,
      "srcWordEA": 140,
      "character": "손순,돌이,아버지,어머니,할머니,민들레,쌀,시래기 죽,살밥,얼굴,호미,엉덩이,눈",
      "setting": "다음 날,밭,밭두렁",
      "action": "나갔어요,가지고 놀다가,물었어요,돌아보았어요,일하시고,던지고,엎어 놓고는,때렸어요,흘러내렸어요,드시고,계시는,들은,계시잖아요,앉아 있는,먹을",
      "feeling": "이상해요,화나셨다는",
      "causalRelationship": null,
      "outcomeResolution": null,
      "prediction": null,
      "plotSummaryInfoCount": 1,
      "plotSummaryInfo": {
        "classification": "사회관계",
        "readAge": "초등_저학년",
        "form": "long-form",
        "plotSummaryText": "밭에서 일하는 손순에게 돌이가 할머니는 집안에서 편하게 계시다가 쌀밥을 먹는데 종일 일하는 아버지와 어머니가 쌀밥을 먹고 일을 했으면 좋겠다고 말하자, 손순은 호미를 던지고 돌이를 무릎에 엎어 놓고는 엉덩이를 때렸지만, 그의 눈에서도 눈물이 흘러내렸습니다.",
        "textWordEA": 33
      }
    },
    {
      "srcTextID": "126951",
      "srcText": "돌이가 울음을 그치자 손순은 밭두렁에 핀 민들레를 가리키며 말했어요. “돌이야, 민들레는 부모고 홀씨는 그 자식이라고 했지?” 돌이는 고개를 끄덕였어요. 손순은 민들레 홀씨를‘후’하고 불었어요. 그러자 하얀 민들레 홀씨가 하늘로 붕 떠오르더니 멀리 날아갔어요. “이 홀씨처럼 부모와 자식도 언젠가는 헤어진단다. 영영 만나지 못하게 되는 거야. 그러면 그동안 잘 해 드리지 못한 것을 후회하지 않겠니?” 돌이가 손순을 찬찬히 바라보았어요. “할머니는 힘들게 아버지를 낳으셨고, 정성스럽게 키워 주셨단다. 얼마나 고마우신 분이냐? 그러니까 정성껏 모셔야 한단다. 할머니가 돌아가신 후에 후회하면 그때는 늦지 않겠니?” 돌이가 고개를 끄덕였어요. “제가 잘못했어요. 다시는 그런 말 하지 않을게요.” 돌이가 손순에게 안기며 속삭였어요. “저는 아버지 곁을 떠나지 않을 거예요.” 손순은 돌이를 안으며 하얀 민들레 홀씨를 바라보았어요.",
      "srcPage": 6,
      "srcSentenceEA": 20,
      "srcWordEA": 118,
      "character": "돌이,손순,할머니,민들레,아버지,하얀 민들레 홀씨,부모,자식,고개",
      "setting": "밭두렁",
      "action": "그치자,가리키며,말했어요,끄덕였어요,떠오르더니,날아갔어요,바라보았어요,낳으셨고,안기며,헤어진다,만나지,후회하지,돌아가신,속삭였어요,떠나지,안으며",
      "feeling": "고마우신",
      "causalRelationship": "손순은 민들레 홀씨를 후하고 불었어요. 그러자 하얀 민들레 홀씨가 하늘로 붕 떠오르더니 멀리 날아갔어요.",
      "outcomeResolution": null,
      "prediction": null,
      "plotSummaryInfoCount": 1,
      "plotSummaryInfo": {
        "classification": "사회관계",
        "readAge": "초등_저학년",
        "form": "long-form",
        "plotSummaryText": "울음을 그친 돌이에게 손순은 밭두렁에 핀 민들레를 가리키면서 민들레 홀씨처럼 부모와 자식도 언젠가는 헤어진다며 영영 만나지 못하게 되니 그동안 잘해 드리지 못한 것을 후회하지 않도록 정성껏 모셔야 한다고 하자, 돌이는 고개를 끄덕이고 손순에게 안기며 아버지 곁을 떠나지 않을 거라고 했습니다.",
        "textWordEA": 40
      }
    },
    {
      "srcTextID": "126957",
      "srcText": "“여보, 이게 뭘까요? 왜 여기에 돌종이 묻혀 있을까요?” 아내가 묻자 손순은 고개를 저었어요. 잠에서 깬 돌이가 아무것도 모른 채 돌멩이로 돌종을 때렸어요. 종에서는 맑고 아름다운 소리가 울렸어요. “아버지! 이렇게 예쁜 소리를 내는 종은 처음이에요.” 돌이가 순진하게 웃으며 말했어요. 그러자 아내가 손순에게 간절하게 말했어요. “여보! 돌이를 묻으려고 한 곳에서 돌종이 나오다니 이것은 분명 하늘이 돌이를 살려 주시려는 뜻일 거예요.” “그래, 아무리 어려워도 자식을 이렇게 버릴 수는 없지.” “설마 산 입에 거미줄이야 치겠어요. 저도 열심히 일할 테니 어서 집으로 돌아가요.” 손순의 아내는 돌이를 업고, 손순은 돌종을 짊어지고 집으로 돌아왔어요.",
      "srcPage": 12,
      "srcSentenceEA": 13,
      "srcWordEA": 97,
      "character": "여보,손순,아내,아버지,돌멩이,돌이,돌종",
      "setting": "집",
      "action": "저었어요,때렸어요,웃으며 말했어요,묻으려고,살려 주시려는,일할 테니,돌아가요,업고,짊어지고",
      "feeling": "간절하게,아름다운,예쁜",
      "causalRelationship": null,
      "outcomeResolution": null,
      "prediction": null,
      "plotSummaryInfoCount": 1,
      "plotSummaryInfo": {
        "classification": "사회관계",
        "readAge": "초등_저학년",
        "form": "long-form",
        "plotSummaryText": "돌이를 묻으려고 한 곳에서 돌종이 나온 것은 분명 하늘이 돌이를 살려 주시려는 뜻일 것이라며 손순의 아내는 돌이를 업고, 아무리 어려워도 자식을 이렇게 버릴 수는 없다며 손순은 돌종을 짊어지고 집으로 돌아왔습니다.",
        "textWordEA": 30
      }
    },
    {
      "srcTextID": "126952",
      "srcText": "그날 저녁에는 돌이가 할머니의 쌀밥을 한 번도 쳐다보지 않았어요. 손순과 아내는 그런 아들이 기특하면서도 마음이 아팠어요. 저녁을 먹은 후 손순의 어머니는 어깨가 아프다고 했어요. “할머니! 제가 어깨를 주물러 드릴게요.” 돌이가 할머니의 어깨를 정성껏 주물러 드렸어요. 돌이는 그새 부쩍 철이 든 것 같았지요. “아이구, 시원하다. 돌아, 할머니가 목이 마른데 물 좀 떠다 주련?” “잠시만 기다리세요.” 돌이는 얼른 부엌으로 갔어요. 등잔에 심지를 돋우던 손순도, 바느질을 하던 손순의 아내도 빙그레 웃었어요. 바로 그때였어요. ‘쨍그랑’하는 소리와 함께 무언가 넘어지는 소리가 들렸어요. 손순과 아내는 서둘러 부엌으로 달려갔어요. 부엌 바닥에는 돌이가 쓰러져 있었어요. 낮부터 어지럽다고 하더니 결국 쓰러지고 만 거예요. 손순은 돌이를 업고 방으로 들어왔어요.",
      "srcPage": 7,
      "srcSentenceEA": 18,
      "srcWordEA": 114,
      "character": "돌이,손순,아내,할머니,쌀밥,어깨,목,등잔,심지",
      "setting": "그날 저녁,방,부엌",
      "action": "쳐다보지,주물러,떠다 주련,갔어요,웃었어요,넘어지는,달려갔어요,쓰러져,업고,들어왔어요,기다리세요,돋우던",
      "feeling": null,
      "causalRelationship": null,
      "outcomeResolution": null,
      "prediction": null,
      "plotSummaryInfoCount": 1,
      "plotSummaryInfo": {
        "classification": "사회관계",
        "readAge": "초등_저학년",
        "form": "long-form",
        "plotSummaryText": "그날 저녁에 돌이는 할머니의 쌀밥을 쳐다보지 않았고, 할머니의 어깨를 주무르다가 목이 마른 할머니께 물을 떠다 드리러 부엌으로 갔다가 결국 쓰러져, 손순은 돌이를 업고 방으로 들어왔습니다.",
        "textWordEA": 25
      }
    },
    {
      "srcTextID": "126953",
      "srcText": "정신을 잃은 돌이는 헛소리를 하기 시작했어요. “쌀밥, 모락모락 김이 나는 쌀밥. 아, 먹고 싶어.” 순간 손순과 아내는 깜짝 놀라 돌이의 입을 틀어막았어요. 손순의 어머니는 떨리는 목소리로 말했어요. “어째서 너희들이 앉아 있는 쪽에서 늘 시래기 냄새가 났는지, 왜 돌이가 이렇게 야위었는지 이제서야 이유를 알겠구나. 늙은 나에게 쌀밥을 먹이려고 너희들은 시래기 죽을 먹었던 것이구나.” 손순의 어머니는 큰 소리로 울기 시작했어요. “하루 종일 힘들게 일하는 너희와 한창 자라는 돌이가 시래기 죽을 먹는 동안에 하는 일 없이 방만 지키고 있는 이 늙은이는 쌀밥을 배부르게 먹었구나.” 손순은 어머니를 달랬지만 손순의 어머니는 울음을 그치지 않았어요. 결국 모두 울음을 터뜨리고 말았지요.",
      "srcPage": 8,
      "srcSentenceEA": 11,
      "srcWordEA": 101,
      "character": "손순,아내,어머니,돌이,쌀밥,입,시래기,시래기 죽",
      "setting": "방",
      "action": "정신을 잃은,시작했어요,틀어막았어요,말했어요,앉아 있는,먹이려고,울기 시작했어요,먹었구나,달랬지만,그치지,터뜨리고",
      "feeling": "놀라",
      "causalRelationship": null,
      "outcomeResolution": null,
      "prediction": null,
      "plotSummaryInfoCount": 1,
      "plotSummaryInfo": {
        "classification": "사회관계",
        "readAge": "초등_저학년",
        "form": "long-form",
        "plotSummaryText": "정신을 잃은 돌이가 쌀밥이 먹고 싶다는 헛소리를 하자, 손순의 어머니는 그동안 하는 일 없이 방만 지키고 있던 늙은이 혼자 쌀밥을 먹어 왔다며 큰 소리로 울기 시작해서 울음을 그치지 않으니 결국 모두 울음을 터뜨리고 말았습니다.",
        "textWordEA": 34
      }
    }
  ]
}