{
  "title": "나도 할 말 있어!",
  "author": "강성은",
  "illustrator": "김선진",
  "isbn": "9791165953072",
  "publishedYear": 2021,
  "publisher": "아람북스",
  "paragraphInfoCount": 19,
  "paragraphInfo": [
    {
      "srcTextID": "15518",
      "srcText": "이렇게 착한 유진이도 욱이를 보면 화가 난대. 장난꾸러기 욱이는 특히 유진이를 못살게 굴거든. 하루는 욱이가 유진이 등에 이상한 쪽지를 붙이고, 반 친구들과 신나게 놀려 댔어. ",
      "srcPage": 5,
      "srcSentenceEA": 3,
      "srcWordEA": 27,
      "character": "유진,욱이,장난꾸러기 욱이,등,쪽지,친구들",
      "setting": null,
      "action": "보면,굴거든,붙이고,놀려 댔어",
      "feeling": "화가 난대",
      "causalRelationship": null,
      "outcomeResolution": null,
      "prediction": null,
      "plotSummaryInfoCount": 1,
      "plotSummaryInfo": {
        "classification": "사회관계",
        "readAge": "초등_저학년",
        "form": "short-form",
        "plotSummaryText": "착한 유진이도 장난꾸러기 욱이가 자신을 못살게 굴면 화가 난다.",
        "textWordEA": 9
      }
    },
    {
      "srcTextID": "15523",
      "srcText": "집으로 돌아온 욱이의 마음도 그렇게 편하지는 않았어. ‘그럴 생각은 아니었는데, 또 유진이를 화나게 했어.’ 욱이는 자신이 세상에서 가장 나쁜 아이가 된 것 같았어. ",
      "srcPage": 11,
      "srcSentenceEA": 3,
      "srcWordEA": 25,
      "character": "욱,유진,자신,아이",
      "setting": "집",
      "action": "돌아온,된",
      "feeling": null,
      "causalRelationship": null,
      "outcomeResolution": null,
      "prediction": null,
      "plotSummaryInfoCount": 1,
      "plotSummaryInfo": {
        "classification": "사회관계",
        "readAge": "초등_저학년",
        "form": "short-form",
        "plotSummaryText": "유진이를 화나게 한 욱이도 자신이 세상에서 가장 나쁜 아이가 된 것 같아 마음이 편치 않았다.",
        "textWordEA": 15
      }
    },
    {
      "srcTextID": "15531",
      "srcText": "유진이는 이제 자기 생각을 똑 부러지게 말할 수 있어. 특히 욱이가 심하게 장난칠 때는 이렇게 말해. “욱아, 장난 그만 치고, 그냥 나랑 같이 놀자.” 얼굴이 빨개진 욱이도 유진이의 얼굴을 보며 이렇게 말하지. “그, 그래. 좋아!” 어? 그런데 저기 담벼락 틈에서 또 민들레씨가 날아오르고 있네? ",
      "srcPage": 19,
      "srcSentenceEA": 8,
      "srcWordEA": 49,
      "character": "유진,욱이,나,얼굴,민들레씨,담벼락",
      "setting": null,
      "action": "말할,치고,놀자,말하지",
      "feeling": null,
      "causalRelationship": null,
      "outcomeResolution": null,
      "prediction": null,
      "plotSummaryInfoCount": 1,
      "plotSummaryInfo": {
        "classification": "사회관계",
        "readAge": "초등_저학년",
        "form": "long-form",
        "plotSummaryText": "유진이는 이제 욱이가 장난칠 때면 장난 그만 치고 같이 놀자고 말할 수 있다.",
        "textWordEA": 13
      }
    },
    {
      "srcTextID": "15514",
      "srcText": "유진이는 착한 아이야. 정말 착한 아이야. 언니가 입던 옷을 물려받아도 유진이는 투정하지 않아.",
      "srcPage": 1,
      "srcSentenceEA": 3,
      "srcWordEA": 15,
      "character": "유진,아이,언니,옷",
      "setting": null,
      "action": "입던,물려받아도",
      "feeling": null,
      "causalRelationship": null,
      "outcomeResolution": null,
      "prediction": null,
      "plotSummaryInfoCount": 1,
      "plotSummaryInfo": {
        "classification": "사회관계",
        "readAge": "초등_저학년",
        "form": "short-form",
        "plotSummaryText": "언니가 입던 옷을 물려받아도 투정하지 않는 유진이는 착한 아이다.",
        "textWordEA": 9
      }
    },
    {
      "srcTextID": "15515",
      "srcText": "동생이 퍼즐을 망가뜨려도 유진이는 화내지 않아. “역시 누나라서 의젓하구나.” 하고 아빠가 어깨를 두드려 주거든. 그러면 화가 나도 한숨 한번 크게 쉬고 꾹 참는 거지. ",
      "srcPage": 3,
      "srcSentenceEA": 4,
      "srcWordEA": 26,
      "character": "동생,퍼즐,유진,누나,아빠,어깨",
      "setting": null,
      "action": "망가뜨려도,참는",
      "feeling": "화내지",
      "causalRelationship": null,
      "outcomeResolution": null,
      "prediction": null,
      "plotSummaryInfoCount": 1,
      "plotSummaryInfo": {
        "classification": "사회관계",
        "readAge": "초등_저학년",
        "form": "long-form",
        "plotSummaryText": "퍼즐을 망가뜨린 동생에게 화내지 않으면, 아빠가 의젓하다고 해서 화가 나도 꾹 참는다.",
        "textWordEA": 12
      }
    },
    {
      "srcTextID": "15521",
      "srcText": "하지만 유진이는 그럴 수 없었어. 큰 소리를 낼 생각만으로도 가슴이 콩닥콩닥, 온몸이 부르르 떨려 오는걸. 그러니 또 꾹 참는 수밖에.",
      "srcPage": 9,
      "srcSentenceEA": 3,
      "srcWordEA": 22,
      "character": "유진,온몸",
      "setting": null,
      "action": "떨려,참는,낼",
      "feeling": null,
      "causalRelationship": null,
      "outcomeResolution": null,
      "prediction": null,
      "plotSummaryInfoCount": 1,
      "plotSummaryInfo": {
        "classification": "사회관계",
        "readAge": "초등_저학년",
        "form": "short-form",
        "plotSummaryText": "큰 소리를 낼 생각만 해도 온몸이 떨려, 유진이는 또 참았다.",
        "textWordEA": 10
      }
    },
    {
      "srcTextID": "15522",
      "srcText": "유진이의 마음속에서 우르르 쾅쾅 천둥 번개가 쳤어. 유진이는 갈라진 담벼락 틈에 대고 소곤소곤 말했어. “욱이 나빠, 정말 미워.” 그래도 기분이 별로 나아지지 않아서 조금 더 큰 소리로 외쳤어. “욱이 진짜 나빠! 너무너무 미워!” ",
      "srcPage": 10,
      "srcSentenceEA": 6,
      "srcWordEA": 36,
      "character": "유진,담벼락,욱",
      "setting": null,
      "action": "말했어,외쳤어",
      "feeling": null,
      "causalRelationship": null,
      "outcomeResolution": null,
      "prediction": null,
      "plotSummaryInfoCount": 1,
      "plotSummaryInfo": {
        "classification": "사회관계",
        "readAge": "초등_저학년",
        "form": "long-form",
        "plotSummaryText": "유진이는 담벼락 틈에 대고 욱이는 정말 나쁘고 밉다고 소리를 쳤다.",
        "textWordEA": 10
      }
    },
    {
      "srcTextID": "15525",
      "srcText": "‘어머, 저건 내 목소리잖아?’ 유진이가 어쩔 줄 몰라 하며 욱이를 바라보니, 욱이 얼굴이 딱딱하게 굳어 있었어. 어머, 이게 무슨 소리야? ",
      "srcPage": 13,
      "srcSentenceEA": 3,
      "srcWordEA": 22,
      "character": "내,유진,욱,얼굴",
      "setting": null,
      "action": "바라보니,굳어",
      "feeling": null,
      "causalRelationship": null,
      "outcomeResolution": null,
      "prediction": null,
      "plotSummaryInfoCount": 1,
      "plotSummaryInfo": {
        "classification": "사회관계",
        "readAge": "초등_저학년",
        "form": "short-form",
        "plotSummaryText": "자신의 목소리를 들은 유진이가 놀라, 욱이를 바라보니 얼굴이 굳어 있었다.",
        "textWordEA": 10
      }
    },
    {
      "srcTextID": "15527",
      "srcText": "수업이 끝나고 집으로 돌아가는데, 누군가가 유진이의 앞을 가로막았어. 바로 욱이였어. “저, 저기 유진아, 나 미워하지 마. 나는 너랑 친해지고 싶어서.” ",
      "srcPage": 15,
      "srcSentenceEA": 4,
      "srcWordEA": 22,
      "character": "유진,욱이,나,너,집",
      "setting": null,
      "action": "돌아가는데,가로막았어,친해지고",
      "feeling": null,
      "causalRelationship": null,
      "outcomeResolution": null,
      "prediction": null,
      "plotSummaryInfoCount": 1,
      "plotSummaryInfo": {
        "classification": "사회관계",
        "readAge": "초등_저학년",
        "form": "long-form",
        "plotSummaryText": "집으로 돌아가는데 욱이가 친해지고 싶다고 유진이에게 말했다.",
        "textWordEA": 7
      }
    },
    {
      "srcTextID": "15529",
      "srcText": "그렇지만 조금 바뀐 것이 있어. 유진이는 더 이상 꾹꾹 참지만은 않아. 마음속에 담아 두는 말보다 마음 밖으로 꺼내는 말이 더 많아졌지. ",
      "srcPage": 18,
      "srcSentenceEA": 3,
      "srcWordEA": 23,
      "character": "유진",
      "setting": null,
      "action": "바뀐,담아 두는,꺼내는,참지만은",
      "feeling": null,
      "causalRelationship": null,
      "outcomeResolution": null,
      "prediction": null,
      "plotSummaryInfoCount": 1,
      "plotSummaryInfo": {
        "classification": "사회관계",
        "readAge": "초등_저학년",
        "form": "short-form",
        "plotSummaryText": "유진이는 더 이상 참지만은 않고, 마음 밖으로 말을 꺼내는 일이 많아졌다.",
        "textWordEA": 11
      }
    },
    {
      "srcTextID": "15513",
      "srcText": "“언니 옷도 잘 입네, 우리 유진이 예쁘다.” 하고 엄마가 머리를 쓰다듬어 주거든. 그러면 새 옷 입고 싶은 마음도, 속상한 마음도 꾹꾹 참게 돼. ",
      "srcPage": 2,
      "srcSentenceEA": 3,
      "srcWordEA": 25,
      "character": "언니 옷,우리 유진,엄마,머리,새 옷",
      "setting": null,
      "action": "입고,참게",
      "feeling": null,
      "causalRelationship": null,
      "outcomeResolution": null,
      "prediction": null,
      "plotSummaryInfoCount": 1,
      "plotSummaryInfo": {
        "classification": "사회관계",
        "readAge": "초등_저학년",
        "form": "short-form",
        "plotSummaryText": "엄마가 칭찬하면, 새 옷을 입고 싶거나 속상한 마음도 참게 된다.",
        "textWordEA": 10
      }
    },
    {
      "srcTextID": "15516",
      "srcText": "유진이는 친구들이 어질러 놓은 책도 혼자서 정리해. “고마워, 유진아. 너밖에 없어.” 하고 친구들이 웃으면서 말하거든. ‘어질러 놓은 사람이 치워.’ 하고 말하고 싶지만, 친구들이 싫어할까 봐 또 꾹 참아.",
      "srcPage": 4,
      "srcSentenceEA": 6,
      "srcWordEA": 32,
      "character": "유진,친구들,책,너,사람",
      "setting": null,
      "action": "정리해,참아",
      "feeling": null,
      "causalRelationship": null,
      "outcomeResolution": null,
      "prediction": null,
      "plotSummaryInfoCount": 1,
      "plotSummaryInfo": {
        "classification": "사회관계",
        "readAge": "초등_저학년",
        "form": "long-form",
        "plotSummaryText": "친구들이 어질러 놓은 책을 혼자 정리하면  친구들이 고맙다고 해서, 유진이는 또 꾹 참는다.",
        "textWordEA": 14
      }
    },
    {
      "srcTextID": "15517",
      "srcText": "유진이는 등에 붙은 쪽지를 발견하고는 얼굴이 새빨개졌지. 당장이라도 엄마에게 이르고 싶었어. ‘우리 반 욱이가 자꾸 괴롭혀요.’ 그런데 바쁜 엄마를 보면 말을 못 꺼내겠어. 그래서 또 꾹 참고 그냥 넘어갔어.",
      "srcPage": 6,
      "srcSentenceEA": 5,
      "srcWordEA": 33,
      "character": "유진,등,쪽지,얼굴,엄마,우리 반 욱",
      "setting": null,
      "action": "발견하고는,괴롭혀요,보면,꾹 참고,이르고",
      "feeling": null,
      "causalRelationship": null,
      "outcomeResolution": null,
      "prediction": null,
      "plotSummaryInfoCount": 1,
      "plotSummaryInfo": {
        "classification": "사회관계",
        "readAge": "초등_저학년",
        "form": "long-form",
        "plotSummaryText": "욱이가 자꾸 괴롭힌다고 엄마한테 이르고 싶었지만 꾹 참고 넘어갔다.",
        "textWordEA": 9
      }
    },
    {
      "srcTextID": "15520",
      "srcText": "어느 날 욱이가 유진이의 필통에 제멋대로 낙서를 했지 뭐야. 이번만큼은 유진이도 참을 수가 없었어. 엄마 아빠가 생일 선물로 사준 유진이의 보물 1호였거든. ",
      "srcPage": 7,
      "srcSentenceEA": 3,
      "srcWordEA": 24,
      "character": "욱,유진,필통,엄마,아빠,생일 선물,보물 1호",
      "setting": null,
      "action": "사준,참을",
      "feeling": null,
      "causalRelationship": null,
      "outcomeResolution": null,
      "prediction": null,
      "plotSummaryInfoCount": 1,
      "plotSummaryInfo": {
        "classification": "사회관계",
        "readAge": "초등_저학년",
        "form": "short-form",
        "plotSummaryText": "엄마 아빠가 생일 선물로 사준 필통에 욱이가 낙서를 하자 유진이도 참을 수가 없었다.",
        "textWordEA": 13
      }
    },
    {
      "srcTextID": "15519",
      "srcText": "“처음으로 나한테 생긴 새 필통인데 너 때문에.” “뭐? 나 때문이라고? 내가 뭘 어쨌는데! 그깟 필통 쓱쓱 닦으면 되지, 뭐 부서지기라도 했냐?” 욱이의 말에 유진이는 정말정말 화가 났어. 그래서 진짜로 화를 내려고 했는데. ",
      "srcPage": 8,
      "srcSentenceEA": 6,
      "srcWordEA": 37,
      "character": "나,새 필통,너,내,필통,욱,유진",
      "setting": null,
      "action": "생긴,닦으면,부서지기라도",
      "feeling": "화가 났어",
      "causalRelationship": null,
      "outcomeResolution": null,
      "prediction": null,
      "plotSummaryInfoCount": 1,
      "plotSummaryInfo": {
        "classification": "사회관계",
        "readAge": "초등_저학년",
        "form": "long-form",
        "plotSummaryText": "처음 생긴 새 필통이라고 얘기했는데, 닦으면 된다는 욱이에게 화가 났다.",
        "textWordEA": 10
      }
    },
    {
      "srcTextID": "15524",
      "srcText": "며칠 뒤, 이상한 일이 벌어졌어. 유진이가 마음을 털어놓았던 담벼락 틈에서 민들레가 피었다가 지고는 민들레씨가 맺혔어. 그런데 민들레씨가 바람에 날릴 때마다 이상한 소리가 나지 뭐야! 그 소리는 바람을 타고 담벼락을 넘어 교문을 지나 교실 안까지 날아들었어.",
      "srcPage": 12,
      "srcSentenceEA": 4,
      "srcWordEA": 38,
      "character": "유진,민들레,민들레씨,담벼락,교실",
      "setting": null,
      "action": "털어놓았던,피었다가 지고는,맺혔어,날릴,타고,넘어,지나,날아들었어",
      "feeling": null,
      "causalRelationship": null,
      "outcomeResolution": null,
      "prediction": null,
      "plotSummaryInfoCount": 1,
      "plotSummaryInfo": {
        "classification": "사회관계",
        "readAge": "초등_저학년",
        "form": "long-form",
        "plotSummaryText": "유진이가 마음을 털어놓은 담벼락에서 핀 민들레의 씨에서 이상한 소리가 났고, 그 소리는 교실 안까지 날아들었다.",
        "textWordEA": 15
      }
    },
    {
      "srcTextID": "15526",
      "srcText": "욱이가 또 동네 꼬마들한테 장난쳤니? 선생님 말씀에 교실 안이 온통 웃음바다가 되었어. 유진이와 욱이 얼굴만 새빨개졌지. ",
      "srcPage": 14,
      "srcSentenceEA": 3,
      "srcWordEA": 18,
      "character": "욱,동네 꼬마들,선생님,유진,얼굴",
      "setting": "교실 안",
      "action": "장난쳤니",
      "feeling": null,
      "causalRelationship": null,
      "outcomeResolution": null,
      "prediction": null,
      "plotSummaryInfoCount": 1,
      "plotSummaryInfo": {
        "classification": "사회관계",
        "readAge": "초등_저학년",
        "form": "short-form",
        "plotSummaryText": "동네 꼬마들에게 또 장난쳤냐는 선생님 말씀에 유진이와 욱이 얼굴이 새빨개졌다.",
        "textWordEA": 10
      }
    },
    {
      "srcTextID": "15528",
      "srcText": "유진이 앞에 선 욱이가 교실에서보다 더 빨개진 얼굴로 말했어. “그럼 그렇다고 말로 하면 되잖아, 진짜 속상했단 말이야!” 입 밖으로 말을 내뱉고 나자, 유진이의 답답했던 마음이 신기하게도 눈 녹듯이 사라졌어. ",
      "srcPage": 16,
      "srcSentenceEA": 3,
      "srcWordEA": 30,
      "character": "유진,욱이,얼굴,입,교실",
      "setting": null,
      "action": "내뱉고,사라졌어",
      "feeling": null,
      "causalRelationship": null,
      "outcomeResolution": null,
      "prediction": null,
      "plotSummaryInfoCount": 1,
      "plotSummaryInfo": {
        "classification": "사회관계",
        "readAge": "초등_저학년",
        "form": "short-form",
        "plotSummaryText": "진짜 속상했다고 입 밖으로 말을 내뱉고 나자, 유진이의 답답했던 마음이 사라졌다.",
        "textWordEA": 11
      }
    },
    {
      "srcTextID": "15530",
      "srcText": "유진이는 착한 아이야. 여전히 정말 착한 아이야. 유진이를 아는 사람이라면 모두 그렇게 생각하지.",
      "srcPage": 17,
      "srcSentenceEA": 3,
      "srcWordEA": 15,
      "character": "유진,아이,사람",
      "setting": null,
      "action": "아는,생각하지",
      "feeling": null,
      "causalRelationship": null,
      "outcomeResolution": null,
      "prediction": null,
      "plotSummaryInfoCount": 1,
      "plotSummaryInfo": {
        "classification": "사회관계",
        "readAge": "초등_저학년",
        "form": "short-form",
        "plotSummaryText": "유진이를 아는 사람이라면 모두 유진이를 정말 착한 아이라고 생각한다.",
        "textWordEA": 9
      }
    }
  ]
}