{
  "title": "광덕과 엄장",
  "author": "구들",
  "illustrator": "손다혜",
  "isbn": "9788954339643",
  "publishedYear": 2004,
  "publisher": "한국삐아제",
  "paragraphInfoCount": 18,
  "paragraphInfo": [
    {
      "srcTextID": "130932",
      "srcText": "광덕은 아내와 함께 분황사 부근에 살면서 짚신 만드는 일을 했답니다. 한편, 엄장은 광덕의 집과 가까운 남악이라는 곳에 암자를 짓고 혼자 살았어요. 어느 날 저녁이었어요. 엄장은 평소와 다름없이 그날도 부처님께 예불을 올린 뒤, 암자 부근을 천천히 산책하고 있었어요.",
      "srcPage": 4,
      "srcSentenceEA": 4,
      "srcWordEA": 40,
      "character": "광덕,아내,엄장,짚신,부처님",
      "setting": "어느 날 저녁,분황사 부근,광덕의 집,남악,암자,암자 부근",
      "action": "살면서,짓고,만드는,살았어요,산책하고,올린",
      "feeling": null,
      "causalRelationship": null,
      "outcomeResolution": null,
      "prediction": null,
      "plotSummaryInfoCount": 1,
      "plotSummaryInfo": {
        "classification": "사회관계",
        "readAge": "초등_저학년",
        "form": "long-form",
        "plotSummaryText": "광덕은 아내와 함께 분황사 부근에 살면서 짚신 만드는 일을 했는데, 가까운 남악에 암자를 짓고 혼자 살던 엄장이 어느 날 저녁 평소와 다름없이 예불을 올리고 암자 부근을 산책하고 있었습니다.",
        "textWordEA": 28
      }
    },
    {
      "srcTextID": "130938",
      "srcText": "방문을 열어 보니 아랫목에 광덕이 누워 있었어요. 가까이 다가가 본 엄장은 숨이 콱 막혔어요. “아, 사실이었구나! 광덕이 세상을 떠났어!” 그러자 지난 저녁의 일이 떠올랐어요. 자신이 가까이 가서 손을 대려고 하자, 엄장이 다가오지 못하게 물러서던 광덕이었지요. 그리고 또 눈 깜짝할 사이에 어디론가 연기처럼 사라져 버렸지요. ‘그렇다면 숲에서 만난 광덕은 이미!’ 그제서야 엄장은 모든 것을 깨달았어요.",
      "srcPage": 9,
      "srcSentenceEA": 9,
      "srcWordEA": 61,
      "character": "엄장,광덕,방문,손,연기",
      "setting": "숲,아랫목,지난 저녁",
      "action": "열어 보니,떠났어,대려고,다가오지,누워,다가가,사라져,만난,깨달았어요,떠올랐어요",
      "feeling": null,
      "causalRelationship": null,
      "outcomeResolution": null,
      "prediction": null,
      "plotSummaryInfoCount": 1,
      "plotSummaryInfo": {
        "classification": "사회관계",
        "readAge": "초등_저학년",
        "form": "long-form",
        "plotSummaryText": "방문을 열어 보니 아랫목에 광덕이 누워 있었고, 가까이 다가가 본 엄장은 광덕이 이미 세상을 떠났다는 사실을 알게 되어 지난 저녁의 일을 떠올리며 모든 것을 깨달았습니다.",
        "textWordEA": 25
      }
    },
    {
      "srcTextID": "130931",
      "srcText": "신라 문무왕 때 광덕과 엄장이란 두 스님이 있었어요. 둘은 마치 한 몸같이 절친한 사이였어요. 책은 물론이고, 신발이나 속옷까지도 네 것 내 것 구분이 없었지요. 광덕이 빨래를 하면 엄장은 밥을 짓고, 엄장이 청소를 하면 광덕은 장작을 해 왔어요. 둘은 그렇게 서로 도우면서 열심히 불교 공부를 했어요. “우리가 지금은 함께 살지만, 언젠가는 둘 중 한 사람이 먼저 세상을 떠나겠지?” “그래, 태어날 때 그랬듯이 죽는 것도 우리 마음대로 할 수 있는 일이 아니니까.” 광덕과 엄장은 마당에서 햇볕을 쬐며 두런두런 이야기를 나누었답니다.",
      "srcPage": 1,
      "srcSentenceEA": 8,
      "srcWordEA": 83,
      "character": "광덕,책,우리,엄장",
      "setting": "신라 문무왕 때,마당에서",
      "action": "짓고,도우면서,살지만,나누었답니다,떠나겠지,태어날,죽는,쬐며",
      "feeling": null,
      "causalRelationship": null,
      "outcomeResolution": null,
      "prediction": null,
      "plotSummaryInfoCount": 1,
      "plotSummaryInfo": {
        "classification": "사회관계",
        "readAge": "초등_저학년",
        "form": "long-form",
        "plotSummaryText": "신라 문무왕 때 한 몸같이 절친한 사이로 서로 도우면서 열심히 불교 공부를 했던 광덕과 엄장이란 두 스님이 마당에서 햇볕을 쬐며, 태어날 때 그랬듯이 죽는 것도 우리 마음대로 할 수 있는 일이 아니니까 언젠가 둘 중 한 사람이 먼저 세상을 떠날 것이라는 이야기를 나누었습니다.",
        "textWordEA": 43
      }
    },
    {
      "srcTextID": "130934",
      "srcText": "때마침 석양이 지고 있었어요. 활활 타오르는 단풍잎처럼 붉게 물든 하늘은 아름답기 그지없었지요. 그런데 그때였어요. “이보게, 이보시게.” 누군가 부르는 소리가 바람결에 들려왔어요. ‘아니, 이게 무슨 소릴까? 누가 나를 부르나?’ 엄장은 걸음을 멈추고 이리저리 주위를 둘러보았어요. 하지만 아무리 둘러보아도 사람의 그림자는 보이지 않았어요. ‘어허, 내가 헛소리를 들었나 보군.’ 엄장은 다시 숲길로 들어섰어요. 그때 다시 어떤 목소리가 또렷하게 들려왔어요. “엄장, 이보게 친구, 내 말이 안 들리는가?” 엄장은 소리가 들리는 쪽으로 고개를 돌렸어요. 그러자 거기에 광덕이 서 있었답니다.",
      "srcPage": 5,
      "srcSentenceEA": 15,
      "srcWordEA": 86,
      "character": "광덕,나,엄장,단풍잎,사람,그림자,고개",
      "setting": "숲길",
      "action": "돌렸어요,부르는,들려왔어요,멈추고,둘러보았어요,들었나,안 들리는가,들리는,서 있었답니다",
      "feeling": "아름답기",
      "causalRelationship": null,
      "outcomeResolution": null,
      "prediction": null,
      "plotSummaryInfoCount": 1,
      "plotSummaryInfo": {
        "classification": "사회관계",
        "readAge": "초등_저학년",
        "form": "long-form",
        "plotSummaryText": "석양이 지며 단풍잎처럼 붉게 물든 하늘은 아름답기 그지없었는데, 누군가 부르는 소리가 바람결에 들려왔기에 숲길을 걸어가던 엄장이 소리가 들리는 쪽으로 고개를 돌렸더니 거기에 광덕이 서 있었습니다.",
        "textWordEA": 25
      }
    },
    {
      "srcTextID": "130935",
      "srcText": "“아니, 이 사람아, 깜짝 놀랐네!” 엄장은 반가운 마음에 광덕에게 손을 내밀었지요. 그러자 광덕이 재빨리 한 걸음 물러서면서 말했어요. “나에게 손대지 말게.” “아니, 왜 그러는가?” “이유는 묻지 말게나. 나는 지금 서쪽으로 가려고 하네. 그러니 그대는 잘 있다가 때가 되면 나를 따라오게나. 그럼 잘 있게!” 갑자기 눈부신 빛이 광덕을 감쌌어요. 엄장은 눈이 부셔 고개를 돌렸지요. 그리고 잠시 후 돌아보았을 때, 광덕은 보이지 않았어요. ‘아니, 이 사람이 금세 어디로 가 버린 걸까?’ 엄장은 주위를 두리번거렸어요. ‘참으로 귀신이 곡할 노릇이군.’ 엄장은 숲 속의 오솔길을 달려가면서 광덕을 찾아보았지만, 광덕은 어디로 갔는지 끝내 보이지 않았답니다.",
      "srcPage": 6,
      "srcSentenceEA": 16,
      "srcWordEA": 101,
      "character": "나,그대,사람,광덕,엄장,손,눈,귀신",
      "setting": "숲 속,오솔길,서쪽",
      "action": "물러서면서,손대지,묻지,가려고,있다가,내밀었지요,감쌌어요,돌렸지요,두리번거렸어요,찾아보았지만,따라오게나,돌아보았을,보이지,가 버린,곡할,달려가면서,갔는지",
      "feeling": "깜짝 놀랐네,반가운",
      "causalRelationship": null,
      "outcomeResolution": null,
      "prediction": null,
      "plotSummaryInfoCount": 1,
      "plotSummaryInfo": {
        "classification": "사회관계",
        "readAge": "초등_저학년",
        "form": "long-form",
        "plotSummaryText": "깜짝 놀란 엄장이 반가운 마음에 광덕에게 손을 내밀자 광덕이 손대지 말라면서 지금 서쪽으로 가려고 하니 잘 있다가 때가 되면 따라오라며 눈부신 빛과 함께 사라졌고, 엄장은 두리번거리며 숲속의 오솔길을 달려가면서 찾아보았지만 광덕은 보이지 않았습니다.",
        "textWordEA": 33
      }
    },
    {
      "srcTextID": "130936",
      "srcText": "다음 날, 엄장은 광덕의 집으로 찾아갔어요. “광덕 있는가? 나 엄장이 왔네. 어서 이리 나와 보게.” 엄장은 큰 소리로 광덕을 불렀어요. “어서 나오래도? 아니, 이런 고약한 사람이 다 있나? 자네한테 따지러 왔네. 어제저녁에 숲길에서 그게 뭔가? 사람이 말도 없이 혼자 가 버리고 말이야. 어서 나와 보래도!” 그러자 방문이 열리며 광덕의 아내가 나왔어요. “엄장 스님, 어서 오십시오.” “부인, 안녕하셨소? 지금 집에 광덕이 있소?” “예, 계십니다만, 나오실 수가 없사옵니다.” “아니, 있으면서 내 목소리를 듣고 나와 보지도 않는단 말이오? 고약한 사람, 대관절 무슨 이유로 나올 수 없다는 거요?” 엄장의 물음에 광덕의 아내가 고개를 떨구며 눈물을 흘렸어요.",
      "srcPage": 7,
      "srcSentenceEA": 19,
      "srcWordEA": 104,
      "character": "엄장,광덕의 아내,나,사람,자네,방문,고개",
      "setting": "다음 날,어제저녁,광덕의 집,숲길에서",
      "action": "왔네,나와,따지러,가 버리고,찾아갔어요,열리며,나왔어요,듣고,불렀어요,오십시오,떨구며,흘렸어요",
      "feeling": null,
      "causalRelationship": null,
      "outcomeResolution": null,
      "prediction": null,
      "plotSummaryInfoCount": 1,
      "plotSummaryInfo": {
        "classification": "사회관계",
        "readAge": "초등_저학년",
        "form": "long-form",
        "plotSummaryText": "다음 날 광덕의 집으로 찾아간 엄장은 어제저녁에 숲길에서 말도 없이 혼자 가 버린 광덕에게 따지러 왔다고 하자, 광덕의 아내가 나와 광덕이 나올 수가 없다면서 고개를 떨구며 눈물을 흘렸습니다.",
        "textWordEA": 28
      }
    },
    {
      "srcTextID": "130945",
      "srcText": "“어찌 이런 행동을 하면서 서방정토에 가시겠다 하십니까? 마치 나무에 올라가 물고기를 구하는 것처럼 이룰 수 없는 꿈을 품으셨군요.” 광덕의 아내의 엄한 호통 앞에서 엄장은 부끄러운 생각이 들었어요. 하지만 그대로 물러설 수도 없었지요. 그래서 다시 한 번 고집을 부렸어요. “부인, 광덕하고 나는 속옷도 구별 없이 입을 만큼 가까운 사이였소. 부인 또한 광덕과 부부로서 살았는데 나라고 해서 안 될 이유가 어디 있단 말이오?” 광덕의 아내가 대답했어요. “제 남편은 십 년이나 저와 살았으나 단 하루도 잠자리를 같이 하지 않았습니다. 밤마다 단정히 앉아 한결같이 아미타 부처님께 기도를 올리셨습니다. 또 밝은 달빛이 창에 비치면, 그 달빛에 의지해 불경을 읽으실만큼 열심이셨으니 어찌 극락에 가지 않을 수 있겠습니까?”",
      "srcPage": 16,
      "srcSentenceEA": 11,
      "srcWordEA": 109,
      "character": "나무,물고기,광덕의 아내,엄장,부인,남편,속옷,아미타 부처님,불경",
      "setting": "서방정토,극락,십 년",
      "action": "가시겠다,구하는,올라가,대답했어요,살았으나,앉아,기도를 올리셨습니다,고집을 부렸어요,입을,살았는데,비치면,가지 않을",
      "feeling": "부끄러운",
      "causalRelationship": null,
      "outcomeResolution": null,
      "prediction": null,
      "plotSummaryInfoCount": 1,
      "plotSummaryInfo": {
        "classification": "사회관계",
        "readAge": "초등_저학년",
        "form": "long-form",
        "plotSummaryText": "엄장은 부끄러운 생각이 들었지만 광덕하고 속옷도 구별 없이 입을 만큼 가까운 사이였는데 안 될 이유가 어디 있단 말이냐며 고집을 부렸고, 남편이 십 년이나 자신과 살았으나 하루도 잠자리를 같이하지 않고 밤마다 단정히 앉아 한결같이 아미타 부처님께 기도를 올리며 달빛에 불경을 읽었으니 어찌 극락에 가지 않을 수 있겠냐고 광덕의 아내가 말했습니다.",
        "textWordEA": 49
      }
    },
    {
      "srcTextID": "130947",
      "srcText": "엄장으로부터 자초지종을 들은 원효 스님은 조용히 말했어요. “결국 광덕은 관세음보살님과 계속 함께 살다가 극락으로 갔군. 그런데 자네는 오히려 관세음보살님의 시험에 걸려들다니.” 엄장은 너무나 부끄러웠어요. “원효 스님, 제가 잘못했습니다. 수십 년을 공부하고서도 이 지경으로 제 마음도 다스리지 못하니 십 년 공부가 허사였나 봅니다. 제 마음을 어떻게 다스려야 할까요?” 그러자 원효 스님은 징을 하나 내밀며 말했어요. “머릿속에 잡스러운 생각이 가득 차면 징을 치고 집중해 보게. 그러면 잡스러운 생각이 날아갈 것이네.” 엄장은 원효 스님이 준 징을 들고 암자로 돌아왔어요. 그리고 그날부터 오로지 부처님만을 생각하며 마음을 맑게 갈고닦았어요. 그래도 잡생각이 나면 징을 쳤어요. 징, 징! 처음에는 하루에도 수백 번씩 징을 쳐야 했어요. 그러나 날이 갈수록 징을 치는 횟수가 줄어들더니 십 년 후에는 하루 종일 징이 한 번도 울리지 않게 되었어요. 그리하여 엄장도 광덕처럼 맑은 마음으로 도를 이루어 극락으로 가게 되었답니다.",
      "srcPage": 18,
      "srcSentenceEA": 17,
      "srcWordEA": 139,
      "character": "원효 스님,광덕,엄장,징,관세음보살님",
      "setting": "수십 년,극락",
      "action": "말했어요,살다가,갔군,걸려들다니,쳤어요,다스리지,내밀며,치고,집중해,날아갈,들고,돌아왔어요,나면,줄어들더니,울리지,가게",
      "feeling": "부끄러웠어요",
      "causalRelationship": null,
      "outcomeResolution": null,
      "prediction": null,
      "plotSummaryInfoCount": 1,
      "plotSummaryInfo": {
        "classification": "사회관계",
        "readAge": "초등_저학년",
        "form": "long-form",
        "plotSummaryText": "수십 년을 공부하고도 다스리지 못하는 마음을 어떻게 해야 할지 묻는 엄장에게 원효 스님이 머릿속에 잡스러운 생각이 가득 차면 징을 치고 집중하여 잡스러운 생각이 날아갈 것이라고 말하자, 징을 들고 암자로 돌아온 엄장은 오로지 부처님만을 생각하며 마음을 닦아서 징을 치는 횟수가 줄어들다가 십 년 후에는 징이 한 번도 울리지 않게 되어 엄장도 광덕처럼 도를 이루고 극락으로 가게 되었습니다.",
        "textWordEA": 56
      }
    },
    {
      "srcTextID": "130946",
      "srcText": "광덕의 아내의 말에 엄장은 쥐구멍에라도 숨고 싶은 심정으로 고개를 떨구었어요. 그때였어요. 갑자기 방 안에 맑은 향기가 돌더니 광덕의 아내가 가만히 일어섰어요. 엄장은 깜짝 놀랐어요. 광덕의 아내는 바로 관세음보살이었어요. ‘아뿔싸! 관세음보살님이 나를 시험하신 것이었구나. 이렇게 부끄러울 수가!’ 엄장은 얼굴이 벌겋게 달아올랐어요. “엄장! 그대는 친구인 광덕에 비해 아직 공부가 부족하니 더욱더 노력하여 마음을 갈고 닦도록 하라.” 마지막 말을 남기고 관세음보살은 안개처럼 사라졌어요. 엄장은 관세음보살이 사라진 문 쪽을 향해 절을 올렸어요. “관세음보살님! 부끄럽습니다. 오늘부터 저도 열심히 공부를 해서 광덕에게 부끄럽지 않은 친구가 되겠습니다.” 엄장은 그 길로 당장 짐을 싸들고 분황사로 달려갔지요. 분황사에는 덕이 높기로 유명한 원효 스님이 있었어요. 엄장은 원효 스님에게 간밤의 일을 이야기했답니다.",
      "srcPage": 17,
      "srcSentenceEA": 17,
      "srcWordEA": 117,
      "character": "엄장,광덕의 아내,원효 스님,관세음보살,친구,광덕,짐,고개,쥐구멍,문",
      "setting": "방 안,분황사,간밤",
      "action": "돌더니,숨고,떨구었어요,일어섰어요,달려갔지요,사라졌어요,절을 올렸어요,시험하신,갈고 닦도록,남기고,살진,싸들고",
      "feeling": "놀랐어요,부끄러울",
      "causalRelationship": null,
      "outcomeResolution": null,
      "prediction": null,
      "plotSummaryInfoCount": 1,
      "plotSummaryInfo": {
        "classification": "사회관계",
        "readAge": "초등_저학년",
        "form": "long-form",
        "plotSummaryText": "방 안에 맑은 향기가 돌며 광덕의 아내가 가만히 일어서니 바로 관세음보살이어서 깜짝 놀라 자신을 시험 한 것이라면서 부끄러워하는 엄장에게 아직 공부가 부족하니 더욱더 노력하여 마음을 갈고 닦도록 하라는 말을 남기고 관세음보살이 사라지자, 당장 짐을 싸 들고 분황사로 달려가 원효 스님에게 간밤의 일을 이야기했습니다.",
        "textWordEA": 43
      }
    },
    {
      "srcTextID": "130941",
      "srcText": "그러나 엄장은 외딴 집에서 홀로 살아갈 부인이 마음에 걸렸어요. 사실 엄장도 혼자 사는 데 외로움을 느끼고 있었고요. “부인, 알다시피 광덕과 저는 서로 가릴 것 없는 절친한 사이가 아니었습니까? 저는 친구를 잃었고, 부인은 남편을 잃어 외로운 처지가 되었으니 함께 의지하며 사는 것이 어떻겠소?” 광덕의 아내는 잠시 생각하더니 공손히 대답했어요. “고마우신 말씀입니다. 그렇다면, 광덕 스님을 섬기듯이 성심껏 모시겠습니다.” 거절할 거라고 생각했던 광덕의 아내가 선선히 허락하자 엄장은 속으로 놀랐어요. “아무래도 부인이 내 집으로 올 수는 없는 일이니, 내가 오겠소이다.” “그리 하십시오.” 이렇게 해서 엄장은 암자에 있던 자신의 짐을 광덕이 수행하던 방으로 옮겼어요.",
      "srcPage": 12,
      "srcSentenceEA": 11,
      "srcWordEA": 95,
      "character": "엄장,부인,저,광덕의 아내",
      "setting": "외딴 집,암자,방",
      "action": "살아갈,가릴,잃어,의지하며,사는,대답했어요,허락하자,옮겼어요,모시겠습니다,거절할,올,수행하던,오겠소이다",
      "feeling": "놀랐어요",
      "causalRelationship": null,
      "outcomeResolution": null,
      "prediction": null,
      "plotSummaryInfoCount": 1,
      "plotSummaryInfo": {
        "classification": "사회관계",
        "readAge": "초등_저학년",
        "form": "long-form",
        "plotSummaryText": "외딴 집에서 홀로 살아갈 부인이 마음에 걸렸던 엄장이 서로 외로운 처지가 되었으니 함께 의지하며 사는 것이 어떻겠냐고 하자, 거절할 거라고 생각했던 광덕의 아내가 선선히 허락하여 속으로 놀란 엄장은 암자에 있던 자신의 짐을 광덕이 수행하던 방으로 옮겼습니다.",
        "textWordEA": 36
      }
    },
    {
      "srcTextID": "130930",
      "srcText": "“이보게 엄장, 부탁이 있네. 혹시라도 자네가 먼저 극락에 가게 되면 반드시 나에게 알리고 가야 하네.” “허허허, 자네도 마찬가질세. 우리 두 사람 중에 누구라도 먼저 극락에 가게 되거든 알려 주기로 하세.” 둘은 이렇게 약속하며 껄껄껄 웃었어요.",
      "srcPage": 2,
      "srcSentenceEA": 5,
      "srcWordEA": 38,
      "character": "둘,자네,엄장,우리 두 사람",
      "setting": "극락",
      "action": "웃었어요,알리고,가게,약속하며",
      "feeling": null,
      "causalRelationship": null,
      "outcomeResolution": null,
      "prediction": null,
      "plotSummaryInfoCount": 1,
      "plotSummaryInfo": {
        "classification": "사회관계",
        "readAge": "초등_저학년",
        "form": "long-form",
        "plotSummaryText": "먼저 극락에 가게 되면 반드시 나에게 알리고 가야 한다고 엄장에게 부탁하자, 둘은 두 사람 중에 누구라도 먼저 극락에 가게 되면 알려 주기로 약속하며 껄껄껄 웃었습니다.",
        "textWordEA": 25
      }
    },
    {
      "srcTextID": "130933",
      "srcText": "그리고 몇 년이 지났어요. 광덕은 스님이었지만, 분황사에서 만난 여인과 혼인을 했어요. 분황사는 신라에 있는 아주 큰 절인데, 광덕의 아내는 원래 분황사에서 일하는 노비였답니다. 그런데 분황사에 머물던 광덕이 이 노비 처녀를 가엾이 여겨 함께 살게 된 것이지요.",
      "srcPage": 3,
      "srcSentenceEA": 4,
      "srcWordEA": 39,
      "character": "광덕,노비 처녀,스님,아내,노비",
      "setting": "분황사,신라,절",
      "action": "지났어요,만난,혼인을 했어요,일하는,머물던,살게 된",
      "feeling": "가엾이 여겨",
      "causalRelationship": null,
      "outcomeResolution": null,
      "prediction": null,
      "plotSummaryInfoCount": 1,
      "plotSummaryInfo": {
        "classification": "사회관계",
        "readAge": "초등_저학년",
        "form": "long-form",
        "plotSummaryText": "신라에 있는 아주 큰 절인 분황사에 머물던 광덕이 분황사에서 일하는 노비였던 처녀를 가엾이 여겨 혼인을 해서 함께 살게 되었습니다.",
        "textWordEA": 19
      }
    },
    {
      "srcTextID": "130942",
      "srcText": "그날 밤이었어요. 들창으로 스며드는 달빛이 유난히 밝았지요. 엄장은 잠이 오지 않았어요. ‘광덕은 지금 어디로 가고 있을까? 몸이야 재가 되어 강에 뿌려졌으니 어디로 가고 말고가 없고, 과연 영혼은 서방정토에 갔을까?’ 온갖 생각이 꼬리에 꼬리를 물었어요. ‘광덕! 자네가 죽은 지 얼마 되지도 않았는데 내가 자네의 부인과 살게 되어 미안하네. 대신 자네의 부인을 아끼고 사랑해 주겠네.’ 그때였어요. 건넛방에서 인기척이 들려왔어요. 중얼거림 같기도 하고, 노랫소리 같기도 한 말소리가 나지막히 들려오는 것이었어요. ‘광덕의 아내도 잠이 안 오나 보군. 그런데 뭘하는 거지?’ 엄장은 자리에서 일어나 귀를 기울였어요.",
      "srcPage": 13,
      "srcSentenceEA": 15,
      "srcWordEA": 95,
      "character": "엄장,광덕,달빛",
      "setting": "그날 밤,건넛방",
      "action": "가고,뿌려졌으니,갔을까,꼬리를 물었어요,죽은,살게,들려왔어요,물었어요,일어나,귀를 기울였어요",
      "feeling": "미안하네,사랑해 주겠네",
      "causalRelationship": null,
      "outcomeResolution": null,
      "prediction": null,
      "plotSummaryInfoCount": 1,
      "plotSummaryInfo": {
        "classification": "사회관계",
        "readAge": "초등_저학년",
        "form": "long-form",
        "plotSummaryText": "엄장이 그날 밤 잠이 오지 않아 광덕이 죽은 지 얼마 되지도 않았는데 부인과 살게 되어 미안해하면서 온갖 생각이 꼬리에 꼬리를 물었는데, 건넛방에서 인기척이 들려와서 엄장은 자리에서 일어나 귀를 기울였습니다.",
        "textWordEA": 29
      }
    },
    {
      "srcTextID": "130943",
      "srcText": "달님, 달님! 서쪽 나라까지 가시겠지요? 서쪽 나라 가시면 무량수 부처님 앞에 아뢰어 주세요. 부처님께 두 손 모아 원왕생! 원왕생! 그리워하는 사람이 있다고 말씀 전해 주세요. 아아, 이 몸만을 남겨 두고 가신 나의 님이 마흔여덟 가지 큰 소원 이루실까요? 광덕의 아내가 죽은 남편을 그리워하는 노래였어요. ‘원왕생’이란 죽으면 극락세계에 다시 태어나서 살기를 원한다는 뜻이에요. 두 손 모아 부처님께 비니 극락에 태어날 수 있게 해달라고 서쪽으로 흘러가는 하늘의 달님에게 부탁하는 노래였답니다.",
      "srcPage": 14,
      "srcSentenceEA": 11,
      "srcWordEA": 78,
      "character": "부처님,무량수 부처님,달님,광덕의 아내,두 손,사람,몸,님,남편",
      "setting": "서쪽 나라,극락세계,극락",
      "action": "가시겠지요,가시면,태어나서,부탁하는,아뢰어,모아,전해 주세요,남겨 두고,가신,이루실까요,죽은,그리워하는,죽으면,살기를,태어날,흘러가는",
      "feeling": null,
      "causalRelationship": null,
      "outcomeResolution": null,
      "prediction": null,
      "plotSummaryInfoCount": 1,
      "plotSummaryInfo": {
        "classification": "사회관계",
        "readAge": "초등_저학년",
        "form": "long-form",
        "plotSummaryText": "광덕의 아내가 죽은 남편을 그리워하며 두 손 모아 부처님께 비니 극락에 태어날 수 있게 해달라고 서쪽으로 흘러가는 하늘의 달님에게 부탁하는 노래를 하고 있었습니다.",
        "textWordEA": 23
      }
    },
    {
      "srcTextID": "130944",
      "srcText": "“부인, 부인!” 광덕의 아내가 남편을 그리워하며 적적한 마음을 노래로 달래고 있을 때, 문밖에서 엄장이 부르는 소리가 들렸어요. “무슨 일이십니까?” “잠깐 방문 좀 열어 주시오.” 광덕의 아내는 무슨 일인가 싶어 엄장을 방으로 들였어요. “부인도 잠이 안 오시는 것 같구려. 나 역시 광덕을 보내고 나니 적적하고 쓸쓸한 마음에 도무지 잠을 잘 수가 없소이다.” 엄장은 이렇게 말하며 광덕의 아내의 곁으로 다가앉았어요. 광덕의 아내가 살짝 피하려 하자, 이번에는 다짜고짜 광덕의 아내의 손을 덥석 잡았어요. “아니, 왜 이러십니까?” “부인, 마음이 허전해 견딜 수가 없소. 오늘은 나와 함께 지냅시다!” “스님, 이러시면 아니 되옵니다.” 광덕의 아내는 냉정한 태도를 보이며 엄장을 꾸짖었어요.",
      "srcPage": 15,
      "srcSentenceEA": 14,
      "srcWordEA": 101,
      "character": "광덕의 아내,엄장,스님,부인,남편,방문,손",
      "setting": "문밖,방",
      "action": "그리워하며,달래고,부르는,들렸어요,들였어요,열어 주시오,보내고,말하며,다가앉았어요,피하려 하자,잡았어요,꾸짖었어요,지냅시다,보이며",
      "feeling": "쓸쓸한",
      "causalRelationship": null,
      "outcomeResolution": null,
      "prediction": null,
      "plotSummaryInfoCount": 1,
      "plotSummaryInfo": {
        "classification": "사회관계",
        "readAge": "초등_저학년",
        "form": "long-form",
        "plotSummaryText": "엄장이 적적하고 쓸쓸한 마음에 도무지 잠을 잘 수가 없다며 곁으로 다가앉아 손을 덥석 잡으면서 마음이 허전해 견딜 수가 없으니 오늘은 함께 지내자고 하자, 광덕의 아내는 엄장에게 냉정한 태도를 보이며 이러면 안 된다고 꾸짖었습니다.",
        "textWordEA": 33
      }
    },
    {
      "srcTextID": "130940",
      "srcText": "“스님, 오늘 수고 많으셨습니다.” “수고랄 게 있나요. 부인이 고생하셨지요.” “피곤하실 텐데, 그만 돌아가 쉬시지요.” “그런데 부인 혼자 두고 가려니 걱정이 되는군요.” 집 앞에 홀로 서 있는 광덕의 아내를 두고 발길을 돌리자니 엄장은 차마 발걸음이 떨어지지 않았어요. “부인, 혼자 지내실 수 있겠습니까?” “염려 마십시오. 처음이라 적적하겠지만 곧 익숙해지겠지요.”",
      "srcPage": 11,
      "srcSentenceEA": 9,
      "srcWordEA": 50,
      "character": "부인,엄장,광덕의 아내,스님",
      "setting": "오늘,집 앞에",
      "action": "돌리자니,떨어지지,지내실,가려니,쉬시지요,두고",
      "feeling": "걱정이 되는군요",
      "causalRelationship": null,
      "outcomeResolution": null,
      "prediction": null,
      "plotSummaryInfoCount": 1,
      "plotSummaryInfo": {
        "classification": "사회관계",
        "readAge": "초등_저학년",
        "form": "long-form",
        "plotSummaryText": "집 앞에 홀로 서 있는 광덕의 아내를 두고 가려니 걱정이 되어 차마 발걸음이 떨어지지 않았던 엄장에게 광덕의 아내는 염려 말라며 처음이라 적적하겠지만 곧 익숙해질 것이라고 했습니다.",
        "textWordEA": 26
      }
    },
    {
      "srcTextID": "130937",
      "srcText": "“스님, 광덕 스님은 돌아가셨습니다.” 광덕의 아내가 말했어요. “뭐, 뭐라고? 아니, 부인 방금 뭐라고 하셨소?” “어제저녁 석양 무렵에 광덕 스님은 돌아가셨답니다.” 엄장이 되묻는 말에 광덕의 아내는 한결같이 대답했지요. “부인, 어째서 거짓말을 하시오? 어제 석양 무렵이라면, 내가 숲에서 산책을 하다 광덕을 만났던 시간인데. 하하하!” 엄장은 광덕과 그의 아내가 짜고 장난을 치는 거라고 여겼어요. 그래서 엄장은 단숨에 광덕의 방으로 들어갔어요.",
      "srcPage": 8,
      "srcSentenceEA": 11,
      "srcWordEA": 64,
      "character": "스님,광덕의 아내,엄장,부인",
      "setting": "어제저녁 석양 무렵,방,숲",
      "action": "돌아가셨습니다,말했어요,들어갔어요,산책을 하다,만났던,대답했지요,거짓말을 하시오,장난을 치는",
      "feeling": null,
      "causalRelationship": null,
      "outcomeResolution": null,
      "prediction": null,
      "plotSummaryInfoCount": 1,
      "plotSummaryInfo": {
        "classification": "사회관계",
        "readAge": "초등_저학년",
        "form": "long-form",
        "plotSummaryText": "어제저녁 석양 무렵에 광덕 스님이 돌아가셨다고 하자, 엄장은 광덕의 부인에게 숲에서 산책하다 광덕을 만났던 시간인데 거짓말을 한다며 광덕과 그의 아내가 짜고 장난을 치는 거라고 여기고 광덕의 방으로 들어갔습니다.",
        "textWordEA": 28
      }
    },
    {
      "srcTextID": "130939",
      "srcText": "‘이유는 묻지 말게나. 나는 지금 서쪽으로 가려고 하네. 그러니 그대는 잘 있다가 때가 되면 나를 따라오게나. 그럼 잘 있게!’ 어제 저녁 광덕이 한 말이 떠올랐어요. ‘먼저 죽는 사람이 남는 사람에게 일러 주자고 약속했었지. 그 약속을 지키려고 일부러 왔단 말인가?’ 엄장은 광덕의 우정에 새삼 가슴이 메었어요. 이튿날, 엄장은 광덕의 아내와 함께 광덕의 시신을 거두어 경건하게 다비를 했어요. 그리고 타고 남은 재를 모아 강에 뿌렸지요.",
      "srcPage": 10,
      "srcSentenceEA": 10,
      "srcWordEA": 72,
      "character": "엄장,그대,광덕,광덕의 아내,사람,시신,재",
      "setting": "이튿날,강,서쪽,어제 저녁",
      "action": "묻지,가려고,있다가,잘 있게,죽는,일러 주자고,거두어,뿌렸지요,약속했었지,떠올랐어요,따라오게나,지키려고,왔단,메었어요,모아",
      "feeling": null,
      "causalRelationship": null,
      "outcomeResolution": null,
      "prediction": null,
      "plotSummaryInfoCount": 1,
      "plotSummaryInfo": {
        "classification": "사회관계",
        "readAge": "초등_저학년",
        "form": "long-form",
        "plotSummaryText": "먼저 죽는 사람이 남는 사람에게 일러 주기로 했던 약속을 지키려고 광덕이 왔다며 그의 우정에 엄장은 가슴이 메었고, 광덕의 아내와 함께 이튿날 시신을 거두어 경건하게 다비하여 타고 남은 재를 모아 강에 뿌렸습니다.",
        "textWordEA": 31
      }
    }
  ]
}