{
  "title": "찰리 채플린",
  "author": "이지현",
  "illustrator": "박준",
  "isbn": "9791155396025",
  "publishedYear": 2016,
  "publisher": "(도서출판)때올비",
  "paragraphInfoCount": 20,
  "paragraphInfo": [
    {
      "srcTextID": "139506",
      "srcText": "20세기를 뒤흔든 희극 배우 찰리 채플린. 찰리 채플린이 태어난 1889년은 영화가 탄생한 해이기도 해요. 그래서일까요? 채플린은 영화를 통해 자신의 재능을 펼쳐 보이며 영화 발전에 커다란 공헌을 했어요. 처음에 만들어진 영화는 지금 영화와는 아주 달랐어요. 소리가 나오지 않아 그야말로 움직이는 사진에 불과했고 상영 시간도 고작 몇 분을 넘기지 못했어요. 많은 사람이 영화에 흥미를 느끼고 신기해했지만 영화를 예술이라고는 생각하지 않았답니다. 그저 잠깐 동안 웃기 위해 보는 오락거리로 여겼을 뿐이지요. 1913년, 채플린은 영화 세계에 뛰어들어 영화에 대한 사람들의 생각을 바꾸어 놓았어요.",
      "srcPage": 19,
      "srcSentenceEA": 9,
      "srcWordEA": 86,
      "character": "희극 배우,찰리 채플린,사람,영화",
      "setting": "20세기,1889년",
      "action": "소리가 나오지 않아,웃기 위해 보는,영화 세계에 뛰어들어,생각을 바꾸어 놓았어요,영화가 탄생한 해",
      "feeling": "신기해했지만",
      "causalRelationship": null,
      "outcomeResolution": null,
      "prediction": null,
      "plotSummaryInfoCount": 1,
      "plotSummaryInfo": {
        "classification": "사회관계",
        "readAge": "초등_저학년",
        "form": "long-form",
        "plotSummaryText": "20세기를 뒤흔든 희극 배우 찰리 채플린이 태어난 1889년은 영화가 탄생한 해이며 채플린은 영화 발전에 커다란 공헌을 했고, 처음에는 소리가 나오지 않아 움직이는 사진에 불과하고 상영 시간도 고작 몇 분이어서 사람들이 영화를 예술로 생각하지 않았지만 1913년, 채플린은 영화에 대한 사람들의 생각을 바꾸어 놓았습니다.",
        "textWordEA": 42
      }
    },
    {
      "srcTextID": "139488",
      "srcText": "1894년 어느 날 밤이에요. 영국 런던의 한 극장 식당에서 사람들이 왁자지껄 떠들어 대며 공연을 기다리고 있었어요. 마침내 한 여인이 무대 위로 나와 노래를 부르기 시작했어요. 그런데 얼마 되지 않아 사람들이 야유를 퍼부었어요.",
      "srcPage": 1,
      "srcSentenceEA": 4,
      "srcWordEA": 35,
      "character": "사람,여인,공연,노래",
      "setting": "영국 런던의 한 극장 식당,1894년 어느 날 밤",
      "action": "떠들어 대며,기다리고 있었어요,나와,노래를 부르기 시작했어요",
      "feeling": null,
      "causalRelationship": null,
      "outcomeResolution": null,
      "prediction": null,
      "plotSummaryInfoCount": 1,
      "plotSummaryInfo": {
        "classification": "사회관계",
        "readAge": "초등_저학년",
        "form": "long-form",
        "plotSummaryText": "1894년 어느 날 밤, 영국 런던의 한 극장식당에서 사람들이 공연을 기다리고 있을 때, 한 여인이 무대 위로 나와 노래를 부르기 시작했지만, 사람들은 야유를 퍼부었습니다.",
        "textWordEA": 24
      }
    },
    {
      "srcTextID": "139491",
      "srcText": "찰리 채플린은 1889년 영국 런던에서 태어났어요. 아버지와 어머니는 무대에서 노래하고 연기하는 배우였지만 크게 성공하지는 못했어요. 찰리가 어렸을 때 부모님이 헤어졌기 때문에 찰리는 어머니와 형 시드니와 함께 가난하게 살았어요. “얘들아, 엄마는 더 이상 무대에 설 수 없을 것 같아. 목소리가 점점 나오지 않는구나.” 어머니는 긴 한숨을 내쉬었어요. 배우 일을 못하게 되자 어떻게 생활비를 벌어야 할지 막막했기 때문이에요. “엄마, 걱정 마세요. 저희가 도울게요.” 찰리와 시드니는 어머니를 위로했어요.",
      "srcPage": 4,
      "srcSentenceEA": 10,
      "srcWordEA": 72,
      "character": "찰리 채플린,아버지,어머니,배우,찰리,부모님,형,시드니",
      "setting": "영국 런던",
      "action": "태어났어요,노래하고 연기하는,가난하게 살았어요,무대에 설 수 없을 것 같아,한숨을 내쉬었어요,도울게요,위로했어요",
      "feeling": null,
      "causalRelationship": "찰리가 어렸을 때 부모님이 헤어졌기 때문에 찰리는 어머니와 형 시드니와 함께 가난하게 살았어요.",
      "outcomeResolution": null,
      "prediction": null,
      "plotSummaryInfoCount": 1,
      "plotSummaryInfo": {
        "classification": "사회관계",
        "readAge": "초등_저학년",
        "form": "long-form",
        "plotSummaryText": "1889년 영국 런던에서 태어난 찰리 채플린은 어렸을 때 부모님이 헤어져 어머니, 형 시드니와 함께 가난하게 살았고, 목소리가 점점 나오지 않았던 어머니가 배우 일을 못 하게 되어 생활이 막막해지자, 찰리와 시드니는 우리가 돕겠다며 어머니를 위로했습니다.",
        "textWordEA": 34
      }
    },
    {
      "srcTextID": "139495",
      "srcText": "그 뒤로 어머니는 입원과 퇴원을 되풀이했어요. 찰리는 제대로 학교에 다닐 수 없었지요. 읽기와 쓰기를 다 배우지도 못했어요. 선생님이 책 읽기를 시키면 찰리는 쥐구멍에라도 숨고 싶었어요. “선생님, 책 읽기는 너무 어려워요. 그 대신 이야기를 외워서 말할 수는 있어요.”",
      "srcPage": 8,
      "srcSentenceEA": 6,
      "srcWordEA": 41,
      "character": "어머니,찰리,선생님",
      "setting": "학교",
      "action": "다닐 수,쓰기,숨고 싶었어요,말할 수는 있어요,되풀이했어요,책 읽기를 시키면",
      "feeling": null,
      "causalRelationship": null,
      "outcomeResolution": "찰리는 제대로 학교에 다닐 수 없었지요",
      "prediction": null,
      "plotSummaryInfoCount": 1,
      "plotSummaryInfo": {
        "classification": "사회관계",
        "readAge": "초등_저학년",
        "form": "long-form",
        "plotSummaryText": "그 뒤 어머니는 입원과 퇴원을 되풀이했고, 학교를 제대로 다닐 수 없어 읽기와 쓰기를 다 배우지 못한 찰리는 선생님에게 책 읽기는 어렵지만 이야기를 외워서 말할 수는 있다고 했습니다.",
        "textWordEA": 27
      }
    },
    {
      "srcTextID": "139498",
      "srcText": "찰리는 학교에 다니는 대신 일을 해야 했어요. 무용단에서 춤을 추기도 하고, 꽃을 팔기도 하고, 의사의 조수나 심부름꾼으로 일하기도 했지요. 모든 일이 힘들었지만 무대 위에 서 있는 자신의 모습을 상상하며 행복한 마음으로 견뎠답니다.",
      "srcPage": 10,
      "srcSentenceEA": 3,
      "srcWordEA": 34,
      "character": "찰리,의사,조수,심부름꾼,춤,꽃",
      "setting": "무용단,학교",
      "action": "다니는,일을 해야 했어요,춤을 추기,꽃을 팔기,일하기도 했지요,서 있는",
      "feeling": "행복한",
      "causalRelationship": null,
      "outcomeResolution": null,
      "prediction": null,
      "plotSummaryInfoCount": 1,
      "plotSummaryInfo": {
        "classification": "사회관계",
        "readAge": "초등_저학년",
        "form": "short-form",
        "plotSummaryText": "찰리는 학교에 다니는 대신 일을 해야 했는데, 무용단에서 춤추기, 꽃 팔기, 의사 조수나 심부름꾼으로 일하며 힘들었지만, 무대 위에 서 있는 자기 모습을 상상하며 견뎠습니다.",
        "textWordEA": 24
      }
    },
    {
      "srcTextID": "139489",
      "srcText": "“그 따위 노래는 집어치워!” “무슨 가수 목소리가 그 모양이야?” 사람들이 빈정대고 놀리자, 노래하던 여인은 도망치듯 무대 뒤로 들어갔어요. ‘한나’라는 가수는 목이 아파서 목소리가 제대로 나오지 않았던 거예요.",
      "srcPage": 2,
      "srcSentenceEA": 5,
      "srcWordEA": 30,
      "character": "가수,사람,여인,한나",
      "setting": "무대 뒤",
      "action": "노래하던,도망치듯,들어갔어요",
      "feeling": "빈정대고,놀리자",
      "causalRelationship": "한나라는 가수는 목이 아파서 목소리가 제대로 나오지 않았던 거예요.",
      "outcomeResolution": null,
      "prediction": null,
      "plotSummaryInfoCount": 1,
      "plotSummaryInfo": {
        "classification": "사회관계",
        "readAge": "초등_저학년",
        "form": "long-form",
        "plotSummaryText": "한나라는 가수가 목이 아파서 목소리가 제대로 나오지 않자, 사람들은 집어치우라며 빈정대며 놀렸고, 한나는 도망치듯 무대 뒤로 들어갔습니다.",
        "textWordEA": 17
      }
    },
    {
      "srcTextID": "139502",
      "srcText": "떠돌이 신사 찰리가 있어요. 찰리는 헐렁한 바지에, 몸에 꼭 끼는 작은 윗도리를 입었어요. 너무 커서 덜걱거리는 구두를 신고, 챙이 달린 둥근 모자를 썼어요. 뭉툭한 콧수염을 단 찰리가 지팡이를 휘저으며 뒤뚱뒤뚱 걸어가는 모습은 참으로 우스꽝스러워요. 떠돌이 신사 찰리는 가는 곳마다 소동을 일으킵니다. 거만한 부자나 나쁜 사람을 골려 주다가 경찰에게 쫓기기도 하지만, 가난하고 불쌍한 사람들에게는 웃음과 기쁨을 안겨 줍니다. 이것은 영화 속에 나오는 찰리의 모습이에요.",
      "srcPage": 15,
      "srcSentenceEA": 7,
      "srcWordEA": 69,
      "character": "신사,찰리,부자,사람,경찰,바지,윗도리",
      "setting": null,
      "action": "입었어요,구두를 신고,모자를 썼어요,지팡이를 휘저으며,걸어가는,쫓기기도 하지만,골려 주다가",
      "feeling": "불쌍한,기쁨",
      "causalRelationship": null,
      "outcomeResolution": null,
      "prediction": null,
      "plotSummaryInfoCount": 1,
      "plotSummaryInfo": {
        "classification": "사회관계",
        "readAge": "초등_저학년",
        "form": "long-form",
        "plotSummaryText": "헐렁한 바지에, 몸에 꼭 끼는 작은 윗도리를 입었고, 너무 커서 덜걱거리는 구두를 신고, 챙이 달린 둥근 모자를 쓴 채 뭉툭한 콧수염을 단 떠돌이 신사 찰리가 지팡이를 휘저으며 뒤뚱뒤뚱 걸어가는 모습은 참으로 우스꽝스러웠고, 거만한 부자나 나쁜 사람을 골려 주다가 경찰에게 쫓기기도 하지만, 가난하고 불쌍한 사람들에게는 웃음과 기쁨을 안겨주는 게 바로 영화 속 찰리의 모습입니다.",
        "textWordEA": 53
      }
    },
    {
      "srcTextID": "139490",
      "srcText": "극장 감독은 한나의 아들 찰리에게 말했어요. “찰리, 네가 엄마 대신 나가서 노래를 부르렴.” 잠시 뒤, 찰리가 무대에 나가 노래하고 춤을 추자, 사람들은 찰리의 깜찍한 모습에 눈을 떼지 못했어요. 노래가 끝나자 사람들은 박수를 치고 ‘앙코르!’를 외치며 무대 위로 동전을 던졌어요. “고맙습니다. 동전을 줍고 나서 다시 노래를 하겠습니다.” 찰리의 능청스러움에 사람들은 웃음을 터뜨렸어요. 찰리의 첫 번째 공연은 대단한 성공을 거두었어요. 찰리 채플린이 고작 다섯 살 때 일이랍니다.",
      "srcPage": 3,
      "srcSentenceEA": 9,
      "srcWordEA": 72,
      "character": "감독,한나,아들,찰리,엄마,사람,찰리 채플린",
      "setting": "무대",
      "action": "말했어요,나가서,노래를 부르렴,노래하고 춤을 추자,박수를 치고,동전을 던졌어요,동전을 줍고 나서,웃음을 터뜨렸어요",
      "feeling": "깜찍한",
      "causalRelationship": null,
      "outcomeResolution": null,
      "prediction": null,
      "plotSummaryInfoCount": 1,
      "plotSummaryInfo": {
        "classification": "사회관계",
        "readAge": "초등_저학년",
        "form": "long-form",
        "plotSummaryText": "극장 감독은 한나의 아들 찰리에게 네가 대신 노래를 부르라고 하였고 찰리가 무대에서 노래하고 춤추자, 사람들은 찰리의 깜찍한 모습에 눈을 떼지 못하고 앙코르를 외치며 무대 위로 동전을 던졌고 이로써 다섯 살 찰리의 첫 번째 공연은 성공을 거두었습니다.",
        "textWordEA": 36
      }
    },
    {
      "srcTextID": "139492",
      "srcText": "그러자 어머니와 시드니는 손뼉을 치며 웃었어요. “찰리, 정말 똑같구나. 으스대며 걷는 모습이 빵집 아저씨랑 똑같아.” 어머니는 찰리의 연기를 칭찬했어요.",
      "srcPage": 6,
      "srcSentenceEA": 4,
      "srcWordEA": 21,
      "character": "어머니,시드니,찰리,아저씨,빵집",
      "setting": null,
      "action": "손뼉을 치며 웃었어요,으스대며 걷는,연기를 칭찬했어요",
      "feeling": null,
      "causalRelationship": null,
      "outcomeResolution": null,
      "prediction": null,
      "plotSummaryInfoCount": 1,
      "plotSummaryInfo": {
        "classification": "사회관계",
        "readAge": "초등_저학년",
        "form": "long-form",
        "plotSummaryText": "그러자 어머니와 시드니는 빵집 아저씨와 정말 똑같다며 웃었고, 어머니는 찰리의 연기를 칭찬했습니다.",
        "textWordEA": 12
      }
    },
    {
      "srcTextID": "139496",
      "srcText": "찰리는 아이들 앞에 나가 외운 이야기를 실감나게 했어요. 그러자 아이들은 손뼉을 치며 재미있어 했고, 선생님도 찰리를 칭찬해 주었어요. 그러나 안타깝게도 찰리는 아홉 살 때 학교를 그만두어야 했어요. 그 뒤, 다시는 학교에 다닐 수 없었답니다.",
      "srcPage": 9,
      "srcSentenceEA": 4,
      "srcWordEA": 37,
      "character": "찰리,아이들,선생님",
      "setting": "학교",
      "action": "앞에 나가,손뼉을 치며,그만두어야 했어요,다닐 수 없었답니다,외운 이야기를,실감나게 했어요",
      "feeling": "재미있어,안타깝게도",
      "causalRelationship": null,
      "outcomeResolution": null,
      "prediction": "다시는 학교에 다닐 수 없었답니다.",
      "plotSummaryInfoCount": 1,
      "plotSummaryInfo": {
        "classification": "사회관계",
        "readAge": "초등_저학년",
        "form": "long-form",
        "plotSummaryText": "찰리가 아이들 앞에서 외운 이야기를 하면 아이들은 손뼉을 치며 재미있어했고 선생님도 찰리를 칭찬해 주었지만, 안타깝게도 아홉 살 때 학교를 그만두어야 했습니다.",
        "textWordEA": 21
      }
    },
    {
      "srcTextID": "139504",
      "srcText": "무자비한 전쟁의 피바람이 전 세계를 휩쓸고 지나갔어요. 마침내 전쟁이 끝났을 때, 찰리에게는 생각지도 못한 시련이 닥쳤어요. 미국에서 한 무리의 정치인들이 찰리를 공산주의자라고 몰아세운 거예요. 전쟁 중에 찰리는 독일과의 전쟁으로 고통받는 소련 사람들을 도와야 한다고 말했거든요. 1952년, 찰리는 미국에서 추방되어 이듬해부터 스위스에서 살게 되었어요. 하지만 영국을 비롯한 세계 여러 나라에서는 훌륭한 영화를 만들고 세계 평화를 위해 애쓴 찰리를 환영했어요.",
      "srcPage": 17,
      "srcSentenceEA": 6,
      "srcWordEA": 63,
      "character": "찰리,정치인,공산주의자,사람,전쟁,독일,소련",
      "setting": "미국,스위스,전 세계",
      "action": "휩쓸고 지나갔어요,말했거든요,추방되어,영화를 만들고,고통받는,도와야 한다고,살게 되었어요,평화를 위해 애쓴,환영했어요",
      "feeling": null,
      "causalRelationship": null,
      "outcomeResolution": "미국에서 한 무리의 정치인들이 찰리를 공산주의자라고 몰아세운 거예요.",
      "prediction": null,
      "plotSummaryInfoCount": 1,
      "plotSummaryInfo": {
        "classification": "사회관계",
        "readAge": "초등_저학년",
        "form": "long-form",
        "plotSummaryText": "마침내 전쟁이 끝났을 때 한 무리의 미국 정치인들이 독일과의 전쟁으로 고통받는 소련 사람들을 도와야 한다고 말한 찰리를 공산주의자라고 몰아세웠고, 1952년 찰리는 미국에서 추방되어 스위스에 살게 되었지만, 영국을 비롯한 여러 나라에서는 훌륭한 영화를 만들고 세계 평화를 위해 애쓴 찰리를 환영했습니다.",
        "textWordEA": 39
      }
    },
    {
      "srcTextID": "139505",
      "srcText": "1975년, 영국 여왕은 찰리에게 기사 작위를 주었어요. 런던의 빈민가에서 태어나 비참한 어린 시절을 보낸 찰리가 영예로운 찰리 채플린 경이 된 거예요. 그로부터 2년 뒤, 크리스마스 아침이었어요. “아버지, 일어나요. 크리스마스예요!” 가족들이 크리스마스 인사를 나누려고 찰리를 깨웠지만 찰리는 아무런 반응도 보이지 않았어요. 여든여덟 살의 나이로 영원히 우리 곁을 떠나고 만 거예요. 하지만 영화 속의 떠돌이 신사 찰리는 우리에게 웃음과 감동을 전하며 여전히 우리 곁에 머무르고 있답니다.",
      "srcPage": 18,
      "srcSentenceEA": 8,
      "srcWordEA": 70,
      "character": "영국 여왕,찰리,기사,찰리 채플린,아버지,가족,떠돌이,신사,기사 작위",
      "setting": "크리스마스 아침,1975년",
      "action": "주었어요,태어나,일어나요,인사를 나누려고,깨웠지만,떠나고,우리 곁에 머무르고",
      "feeling": "감동을 전하며",
      "causalRelationship": null,
      "outcomeResolution": null,
      "prediction": null,
      "plotSummaryInfoCount": 1,
      "plotSummaryInfo": {
        "classification": "사회관계",
        "readAge": "초등_저학년",
        "form": "long-form",
        "plotSummaryText": "1975년, 영국 여왕은 찰리에게 기사 작위를 주어 런던의 빈민가에서 태어나 비참한 어린 시절을 보낸 찰리가 영예로운 찰리 채플린 경이 되었고, 2년 뒤, 크리스마스 아침에 찰리는 여든여덟 살의 나이로 영원히 우리 곁을 떠나고 말았지만, 영화 속의 떠돌이 신사 찰리는 웃음과 감동을 전하며 여전히 우리 곁에 머무르고 있습니다.",
        "textWordEA": 46
      }
    },
    {
      "srcTextID": "139499",
      "srcText": "찰리는 용기를 내어 극단을 찾아다녔어요. 마침 한 극단에서 찰리에게 배역을 맡겼는데, 셜록 홈스라는 연극의 ‘빌리’ 역이었지요. “이제 나는 배우가 된 거야. 남이 하는 대로 따라서 하는 연기가 아니라 새로운 연기를 보여 주겠어.” 찰리는 빌리라는 역할을 꼼꼼히 연구한 뒤, 열심히 연기 연습을 했어요. 그래서 셜록 홈스를 본 사람들은 찰리의 연기에 깊은 인상을 받았지요. 그 뒤, 찰리는 코미디로 이름난 프레드 카노 극단에 들어갔어요. 그곳에서 찰리의 연기는 하루가 다르게 발전하여 마침내 영국에서 유명한 배우가 되었어요.",
      "srcPage": 12,
      "srcSentenceEA": 9,
      "srcWordEA": 79,
      "character": "찰리,셜록 홈스,빌리,사람",
      "setting": "프레드 카노 극단,영국",
      "action": "찾아다녔어요,보여 주겠어,연기 연습을 했어요,들어갔어요,배우가 되었어요",
      "feeling": null,
      "causalRelationship": ".",
      "outcomeResolution": null,
      "prediction": null,
      "plotSummaryInfoCount": 1,
      "plotSummaryInfo": {
        "classification": "사회관계",
        "readAge": "초등_저학년",
        "form": "long-form",
        "plotSummaryText": "용기 내 극단을 찾아다닌 찰리는 셜록 홈스라는 연극의 빌리라는 배역을 맡아 꼼꼼히 연구하고 연기 연습을 해 사람들에게 깊은 인상을 주었고, 그 후 코미디로 이름난 프레드 카노 극단에서 하루가 다르게 발전하며 영국의 유명한 배우가 되었습니다.",
        "textWordEA": 34
      }
    },
    {
      "srcTextID": "139500",
      "srcText": "프레드 카노 극단이 미국으로 순회공연을 갔을 때였어요. 어느 날, 한 영화사에서 찰리를 찾아왔어요. “찰리, 코미디 영화에 출연하지 않겠습니까? 당신의 연기라면 관객들이 아주 좋아할 겁니다.” 찰리는 영화라는 말에 마음이 끌려 스물네 살 되던 해에 영화라는 새로운 세계로 뛰어들었어요. “영화가 어떻게 만들어지는지 꼼꼼히 살펴보자.” 찰리는 누구보다 열심히 공부하고 연기 연습을 했어요. 영화가 상영된 뒤, 찰리는 영화배우로도 성공을 거두었답니다.",
      "srcPage": 13,
      "srcSentenceEA": 8,
      "srcWordEA": 61,
      "character": "찰리,관객,영화배우,영화사,코미디 영화",
      "setting": "프레드 카노 극단,미국",
      "action": "찾아왔어요,뛰어들었어요,만들어지는지,살펴보자,연기 연습을 했어요,공부하고 연기 연습을 했어요",
      "feeling": "좋아할 겁니다",
      "causalRelationship": null,
      "outcomeResolution": null,
      "prediction": null,
      "plotSummaryInfoCount": 1,
      "plotSummaryInfo": {
        "classification": "사회관계",
        "readAge": "초등_저학년",
        "form": "long-form",
        "plotSummaryText": "프레드 카노 극단이 미국으로 순회공연을 갔을 때 한 영화사에서 찰리에게 코미디 영화에 출연을 제안을 하였고, 스물네 살 되던 해에 영화라는 새로운 세계로 뛰어들어 누구보다 열심히 공부하고 연기 연습을 한  찰리는 영화배우로도 성공을 거두었습니다.",
        "textWordEA": 34
      }
    },
    {
      "srcTextID": "139507",
      "srcText": "채플린은 뛰어난 연기와 영화의 새로운 기법을 개발해 보여 줌으로써, 영화를 21세기에 가장 촉망받는 예술의 위치로 올려놓았어요. 채플린의 영화는 아주 재미있어요. 황금광 시대에서는 굶주린 채플린이 장화를 맛있는 식사인양 먹고, 모던 타임스에서는 끊임없이 돌아가는 공장에서 쉬지 않고 일하다가 잠시 얼이 빠져 광대짓을 해요. 위대한 독재자에서 채플린은 히틀러의 모습으로 나와 사람들을 전쟁으로 내모는 독재자의 모습을 우스꽝스럽게 묘사했고요. 살인광 시대에서는 착하지만 나중에는 살인까지 저지르는 이중성격의 베르두를 연기했어요. 살인광 시대를 보고 미국의 관리들은 채플린을 공산주의자라고 몰기도 했어요. 라임 라이트에서는 무성 영화 시대의 경쟁자였던 키튼과 함께 출연해 연기의 진수를 보여 주었어요. 그 뒤로도 채플린은 여러 작품에서 연기했어요. 홍콩 백작 부인이 채플린의 마지막 작품이지요. 이렇듯 채플린이 보여 주는 인물은 절로 웃음이 터져 나오게 하지만, 그와 함께 가난한 사람들에 대한 연민과 잘못된 사회에 대한 비판, 평화의 소중함을 느끼게 합니다. 여기에 채플린 영화의 매력이 있어요. 영화의 거장 채플린의 모습을 생생히 볼 수 있는 채플린의 영화는 지금도 우리에게 많은 의미를 던져줍니다.",
      "srcPage": 20,
      "srcSentenceEA": 12,
      "srcWordEA": 152,
      "character": "채플린,독재자,히틀러,사람,베르두,공산주의자,키튼,인물",
      "setting": "21세기,황금광 시대,살인광 시대",
      "action": "개발해,올려 놓았어요,먹고,일하다가,광대짓을 해요,내모는,살인까지 저지르는,연기했어요,보고,웃음이 터져 나오게,생생히 볼 수 있는",
      "feeling": "재미있어요,평화의 소중함",
      "causalRelationship": null,
      "outcomeResolution": null,
      "prediction": null,
      "plotSummaryInfoCount": 1,
      "plotSummaryInfo": {
        "classification": "사회관계",
        "readAge": "초등_저학년",
        "form": "long-form",
        "plotSummaryText": "채플린은 뛰어난 연기와 영화의 새로운 기법으로 영화를 21세기 가장 촉망받는 예술의 위치로 올려놓았고, 황금광 시대와 모던 타임스, 위대한 독재자, 살인광 시대, 라임 라이트, 홍콩 백작 부인 등의 작품에서 채플린이 보여 주는 인물은 절로 웃음이 터져 나오게 하지만, 그와 함께 가난한 사람들에 대한 연민과 잘못된 사회에 대한 비판과 평화의 소중함을 느끼게 했기에 거장 채플린의 영화는 지금도 우리에게 많은 의미를 던져줍니다.",
        "textWordEA": 59
      }
    },
    {
      "srcTextID": "139501",
      "srcText": "생활이 안정되자, 찰리는 어머니를 미국으로 모셔 왔어요. 어머니는 찰리가 마련한 집에서 편안하게 살게 되었지요. 찰리는 영화를 통해 많은 돈과 인기를 얻었지만 그것으로 만족하지 않았어요. ‘영화를 통해 삶의 진실을 보여 주고 싶어.’ 자신의 생각을 영화로 만들기 위해서 직접 대본을 쓰고 감독을 하며 영화를 만들었어요. 찰리가 만든 키즈, 황금광 시대, 시티 라이트, 모던 타임스 들은 영화 역사에 길이 남을 명작들이에요.",
      "srcPage": 14,
      "srcSentenceEA": 6,
      "srcWordEA": 63,
      "character": "찰리,어머니,영화,감독,키즈,황금광 시대,시티 라이트,모던 타임스",
      "setting": "미국,집",
      "action": "모셔 왔어요,보여 주고 싶어,대본을 쓰고,영화를 만들었어요,인기를 얻었지만",
      "feeling": "편안하게",
      "causalRelationship": null,
      "outcomeResolution": null,
      "prediction": null,
      "plotSummaryInfoCount": 1,
      "plotSummaryInfo": {
        "classification": "사회관계",
        "readAge": "초등_저학년",
        "form": "long-form",
        "plotSummaryText": "찰리는 생활이 안정되자, 어머니를 미국으로 모셔 와 편안하게 살게 되었고 영화를 통해 많은 돈과 인기를 얻었지만, 그것으로 만족하지 않고 자기 생각을 영화로 만들었는데, 그가 만든 키즈, 황금광 시대, 시티 라이트, 모던 타임스 들은 영화 역사에 길이 남을 명작들입니다.",
        "textWordEA": 38
      }
    },
    {
      "srcTextID": "139503",
      "srcText": "찰리는 가난하고 고통받는 사람들의 모습을 영화 속에 담았어요. 또 잘못된 현실을 비판하고 전쟁을 반대했어요. 모든 사람이 평화롭고 행복하게 살 수 있기를 바랐지요. 하지만 찰리의 바람과는 달리, 세계는 무시무시한 전쟁의 소용돌이에 휘말리고 있었어요. “독일의 히틀러는 곧 전 세계 사람을 전쟁터로 내몰 거야. 사람들은 히틀러가 얼마나 위험한 인물인 줄 모르고 있어.” 찰리는 영화를 통해 평화를 위협하는 히틀러를 고발했어요. 바로 위대한 독재자란 영화예요. 이 영화가 개봉되었을 때, 유럽에서는 벌써 전쟁이 시작되고 있었지요.",
      "srcPage": 16,
      "srcSentenceEA": 9,
      "srcWordEA": 76,
      "character": "찰리,사람,히틀러,인물,독재자,영화,전쟁",
      "setting": "유럽,독일,전쟁터",
      "action": "고통받는,담았어요,반대했어,용돌이에 휘말리고,내몰 거야,고발했어요,영화가 개봉되었을 때,전쟁이 시작되고 있었지요",
      "feeling": "행복하게,평화롭고",
      "causalRelationship": null,
      "outcomeResolution": null,
      "prediction": "이 영화가 개봉되었을 때,유럽에서는 벌써 전쟁이 시작되고 있었지요.",
      "plotSummaryInfoCount": 1,
      "plotSummaryInfo": {
        "classification": "사회관계",
        "readAge": "초등_저학년",
        "form": "long-form",
        "plotSummaryText": "찰리는 가난하고 고통받는 사람들의 모습을 영화 속에 담았고, 전쟁을 반대해 모든 사람이 평화롭고 행복하게 살 수 있기를 바란 찰리는 평화를 위협하는 히틀러를 위대한 독재자라는 영화를 통해 고발했고, 이 영화가 개봉되었을 때 유럽은 벌써 전쟁이 시작되었습니다.",
        "textWordEA": 35
      }
    },
    {
      "srcTextID": "139497",
      "srcText": "“형, 나는 배우가 될 거야. 내가 훌륭한 배우가 되면 엄마도 기뻐서 어쩌면 병이 나을지도 몰라.” 찰리의 말에 형도 고개를 끄덕였어요. “그래, 너는 재능이 있으니까 꼭 훌륭한 배우가 될 거야.” 찰리는 배우의 꿈을 키우며 열심히 일했어요.",
      "srcPage": 11,
      "srcSentenceEA": 5,
      "srcWordEA": 38,
      "character": "형,배우,엄마,찰리",
      "setting": null,
      "action": "고개를 끄덕였어요,일했어요,배우가 될 거야,병이 나을지도 몰라",
      "feeling": "기뻐서",
      "causalRelationship": null,
      "outcomeResolution": null,
      "prediction": "찰리는 배우의 꿈을 키우며 열심히 일했어요.",
      "plotSummaryInfoCount": 1,
      "plotSummaryInfo": {
        "classification": "사회관계",
        "readAge": "초등_저학년",
        "form": "long-form",
        "plotSummaryText": "자기가 훌륭한 배우가 되면 엄마도 기뻐서 병이 나을지도 모른다는 찰리의 말에 형은 너는 재능이 있으니 훌륭한 배우가 될 거라고 응원해 주었습니다.",
        "textWordEA": 21
      }
    },
    {
      "srcTextID": "139493",
      "srcText": "어머니는 재봉틀을 빌려 열심히 옷을 만들었지만 형편은 조금도 나아지지 않았어요. 그래도 어머니는 아이들을 살뜰히 보살폈어요. 힘든 하루 일이 끝나면 아이들에게 춤과 연기를 보여 주며 아이들을 즐겁게 해 주었지요. “엄마, 이번엔 제가 해 볼게요.” 찰리는 배불뚝이 빵집 아저씨 흉내를 내었어요.",
      "srcPage": 5,
      "srcSentenceEA": 5,
      "srcWordEA": 42,
      "character": "어머니,아이,찰리,빵집,아저씨",
      "setting": null,
      "action": "옷을 만들었지만,춤과 연기를 보여 주며,흉내를 내었어요,하루 일이 끝나면",
      "feeling": "즐겁게",
      "causalRelationship": null,
      "outcomeResolution": null,
      "prediction": null,
      "plotSummaryInfoCount": 1,
      "plotSummaryInfo": {
        "classification": "사회관계",
        "readAge": "초등_저학년",
        "form": "long-form",
        "plotSummaryText": "어머니는 재봉틀을 빌려 옷을 만들어도 형편은 나아지지 않았고 그래도 힘든 하루 일이 끝나면 아이들에게 춤과 연기를 보여주며 즐겁게 해주었는데, 찰리가 이번엔 자기가 해보겠다며 빵집 아저씨 흉내를 내었습니다.",
        "textWordEA": 27
      }
    },
    {
      "srcTextID": "139494",
      "srcText": "이렇게 행복한 시간도 잠시뿐, 찰리에게 큰 시련이 닥쳤어요. 어머니는 생활비를 벌어야 한다는 생각에 짓눌려 지냈는데, 그 때문에 그만 정신병을 앓게 된 거예요. 어머니가 정신 병원에 입원하자, 찰리와 시드니는 가난한 아이들이 다니는 기숙학교로, 아버지 집으로, 또 친척 집으로 옮겨 다니며 살게 되었어요. 찰리에게는 슬프고 힘든 시간이었지요. 어느 날, 찰리는 어두운 골목길을 지나가다가 어디선가 흘러나오는 아름다운 음악 소리를 들었어요. “아, 나도 엄마처럼 배우가 되고 싶어!” 찰리는 아름다운 음악에 감동을 받고 무대 위의 인생을 꿈꾸게 되었어요.",
      "srcPage": 7,
      "srcSentenceEA": 7,
      "srcWordEA": 78,
      "character": "찰리,어머니,시드니,아버지,친척,엄마,배우",
      "setting": "정신 병원,어두운 골목길",
      "action": "입원하자,다니는,옮겨 다니며,지나가다가,들었어요,흘러나오는,배우가 되고 싶어,꿈꾸게 되었어요",
      "feeling": "행복한,슬프고",
      "causalRelationship": null,
      "outcomeResolution": null,
      "prediction": null,
      "plotSummaryInfoCount": 1,
      "plotSummaryInfo": {
        "classification": "사회관계",
        "readAge": "초등_저학년",
        "form": "long-form",
        "plotSummaryText": "행복한 시간도 잠시, 어머니가 정신 병원에 입원하자 찰리와 시드니는 기숙학교, 아버지 집, 또 친척 집으로 옮겨 다니며 슬프고 힘든 시간을 보내던 어느 날, 골목길에서 흘러나오는 아름다운 음악 소리를 듣고 엄마처럼 배우가 되고 싶다며 무대 위의 인생을 꿈꾸게 되었습니다.",
        "textWordEA": 38
      }
    }
  ]
}