{
  "title": "원효 대사",
  "author": "장문식",
  "illustrator": "조민경",
  "isbn": "9791155396469",
  "publishedYear": 2016,
  "publisher": "(도서출판)때올비",
  "paragraphInfoCount": 17,
  "paragraphInfo": [
    {
      "srcTextID": "140712",
      "srcText": "그때, 김유신 장군이 고구려 군사와 싸워 승리했다는 소식이 들려왔어요. ‘목숨은 소중한 것인데 왜 서로 죽일까? 싸움 없는 평화로운 세상은 없을까?’ 서당은 깊이 생각한 끝에 화랑이 되는 것을 포기하기로 결심했답니다.",
      "srcPage": 3,
      "srcSentenceEA": 4,
      "srcWordEA": 32,
      "character": "김유신,장군,고구려 군사,서당,화랑",
      "setting": "고구려,세상",
      "action": "싸워,죽일까,깊이 생각한 끝에,결심했답니다",
      "feeling": null,
      "causalRelationship": null,
      "outcomeResolution": null,
      "prediction": null,
      "plotSummaryInfoCount": 1,
      "plotSummaryInfo": {
        "classification": "사회관계",
        "readAge": "초등_저학년",
        "form": "long-form",
        "plotSummaryText": "김유신 장군이 고구려 군사와 싸워 승리했다는 소식이 들려왔고, 서로 죽이는 싸움 없는 세상은 없을지 깊이 생각한 끝에 화랑이 되는 것을 포기하기로 결심했습니다.",
        "textWordEA": 22
      }
    },
    {
      "srcTextID": "140713",
      "srcText": "고향으로 돌아와 보니 할아버지가 돌아가셨어요. 서당은 매우 슬펐어요. “아버지, 화랑이 되어 나라에 충성하고 이름을 떨치기보다는 사람들이 죽음의 고통에서 벗어나는 길을 찾고 싶습니다. 불법을 공부하여 부처님의 진리를 깨닫겠습니다.” 서당은 또박또박 자신의 뜻을 말했어요. 뜻밖의 말에 아버지는 깜짝 놀랐지만 서당을 막을 수 없었어요. 얼마 뒤, 아버지마저 돌아가시자 서당은 더욱 굳게 결심했어요. ‘이제 더 이상 망설일 필요 없이 부처님의 진리를 찾아 떠나자.’ 서당은 마침내 서라벌에 있는 황룡사로 들어가서 머리를 깎고 스님이 되었는데, 그때 나이 열네 살이었어요. 서당은 ‘ 으뜸가는 진리’라는 뜻의 ‘원효’라는 법명을 받았어요.",
      "srcPage": 4,
      "srcSentenceEA": 12,
      "srcWordEA": 91,
      "character": "할아버지,서당,아버지,화랑,사람,부처님,스님,원효",
      "setting": "고향,나라,길,서라벌,황룡사",
      "action": "받았어요,되었는데.결심했어요,돌아와 보니,돌아가셨어요,벗어나는,찾고 싶습니다,공부하여,말했어요,돌아가시자,떠나자,들어가서,머리를 깎고",
      "feeling": "슬펐어요,놀랐지만",
      "causalRelationship": null,
      "outcomeResolution": "서당은 마침내 서라벌에 있는 황룡사로 들어가서 머리를 깎고 스님이 되었는데, 그때 나이 열네 살이었어요.",
      "prediction": null,
      "plotSummaryInfoCount": 1,
      "plotSummaryInfo": {
        "classification": "사회관계",
        "readAge": "초등_저학년",
        "form": "long-form",
        "plotSummaryText": "화랑이 되어 나라에 충성하고 이름을 떨치기보다는 사람들이 죽음의 고통에서 벗어나는 길을 찾고 싶으니, 불법을 공부하여 부처님의 진리를 깨닫겠다 자신의 뜻을 말했습니다.",
        "textWordEA": 21
      }
    },
    {
      "srcTextID": "140726",
      "srcText": "삼국을 통일한 신라는 오랜만에 평화로웠어요. 이 무렵, 원효는 깊은 산속 혈사에서 지내고 있었어요. 늙고 몸이 약해지자 조용히 불경을 읽으면서 부처님께 돌아갈 날을 기다리고 있었지요. 이 소식을 듣고 의상 대사가 달려와 원효를 위로했어요. “슬퍼하지 마십시오. 모두 가는 길입니다.” 원효는 힘없이 웃으며 의상 대사의 손을 잡았어요. 686년 3월 30일, 원효는 바람처럼 세상을 떠났어요. 아들 설총은 아버지의 시체를 황룡사로 옮겨 장례를 치렀어요. 그런데 화장한 뼛가루로 원효의 상을 만들고 절을 올렸더니 그 상이 돌아보았다고 해요. 이것을 본 사람들은 원효 대사의 기적이라며 놀라워했지요. 설총은 훗날 ‘이두’라는 글자를 만든 위대한 학자가 되었어요. 언제나 가난한 사람들을 어루만지던 원효의 손길이 지금도 느껴지는 듯합니다.",
      "srcPage": 17,
      "srcSentenceEA": 14,
      "srcWordEA": 107,
      "character": "원효,부처님,의상 대사,아들,설총,아버지,사람,학자",
      "setting": "삼국,신라,산속 혈사,길,세상,황룡사",
      "action": "읽으면서,달려와,손을 잡았어요,떠났어요,옮겨,만들고,절을 올렸더니,돌아보았다,어루만지던",
      "feeling": "슬퍼하지,놀라워했지요",
      "causalRelationship": null,
      "outcomeResolution": null,
      "prediction": null,
      "plotSummaryInfoCount": 1,
      "plotSummaryInfo": {
        "classification": "사회관계",
        "readAge": "초등_저학년",
        "form": "long-form",
        "plotSummaryText": "늙고 몸이 약해지자 깊은 산속 혈사에서 지내며 조용히 불경을 읽으면서 부처님께 돌아갈 날을 기다리고 있었고 이 소식을 들은 의상 대사가 달려와 원효를 위로해 주었고, 686년 3월 30일, 원효는 바람처럼 세상을 떠났습니다.",
        "textWordEA": 31
      }
    },
    {
      "srcTextID": "140722",
      "srcText": "원효는 사람들이 이름을 물으면 ‘소성 거사’라고 했어요. 소성 거사란 ‘불교를 믿는 하찮은 사람’이라는 뜻이에요. 미치광이 중이 원효라고 알려지자 사람들은 깜짝 놀랐어요. 그 뒤 원효는 산속으로 들어가 조그만 암자를 짓고 지냈어요. 이 암자가 바로 원효가 주지 스님을 지낸 고선사입니다.",
      "srcPage": 13,
      "srcSentenceEA": 7,
      "srcWordEA": 44,
      "character": "원효,사람,소성 거사,미치광이 중,주지 스님",
      "setting": "산속,암자,고선사",
      "action": "들어가,짓고,지냈어요,지낸",
      "feeling": "놀랐어요",
      "causalRelationship": null,
      "outcomeResolution": null,
      "prediction": null,
      "plotSummaryInfoCount": 1,
      "plotSummaryInfo": {
        "classification": "사회관계",
        "readAge": "초등_저학년",
        "form": "long-form",
        "plotSummaryText": "원효는 사람들이 이름을 물으면 소성 거사라고 했고 그 뒤 원효는 산 속으로 들어가 조그만 암자를 짓고 지냈는데, 이 암자가 바로 원효가 주지 스님을 지낸 고선사입니다.",
        "textWordEA": 25
      }
    },
    {
      "srcTextID": "140714",
      "srcText": "원효는 황룡사에서 불경을 읽었어요. 신비로운 불교의 진리를 알게 되니, 근심이 사라지며 마음속에는 기쁨이 넘쳤어요. “이렇게 훌륭한 진리를 세상 사람들에게 알려야 해.” 원효는 세상 사람들 가까이 가서 불법을 실천하리라 마음먹었어요. 원효는 고향 불지촌에 ‘초개사’라는 절을 지었어요. “원효 스님이 우리 마을에 절을 지었으니, 우리는 이제 큰 복을 받을 거야.” 마을 사람들은 처음에 원효가 서당이라는 걸 몰랐어요. 나중에 그 사실을 알고는 깜짝 놀라며 더욱 기뻐했지요.",
      "srcPage": 5,
      "srcSentenceEA": 9,
      "srcWordEA": 68,
      "character": "원효,사람,스님,서당",
      "setting": "황룡사,세상,고향,불지촌,초개사,절,마을",
      "action": "몰랐어요,근심이 사라지며,알게 되니,불경을 읽었어요,알려야 해,지었어요,지었으니,넘쳤어요",
      "feeling": "놀라며,기뻐했지요,마음속에는 기쁨이",
      "causalRelationship": null,
      "outcomeResolution": null,
      "prediction": null,
      "plotSummaryInfoCount": 1,
      "plotSummaryInfo": {
        "classification": "사회관계",
        "readAge": "초등_저학년",
        "form": "long-form",
        "plotSummaryText": "원효는 황룡사에서 불경을 읽고 불교의 진리를 알게 되니, 근심이 사라지며 마음속에는 기쁨이 넘쳤고 세상 사람들 가까이 가서 불법을 실천하리라 마음먹은 원효는 고향 불지촌에 초개사라는 절을 지었습니다.",
        "textWordEA": 26
      }
    },
    {
      "srcTextID": "140718",
      "srcText": "원효는 분황사에 틀어박혀 마음을 닦았어요. 그리고 한 달에 한 번씩 부처님의 진리를 이야기했지요. 그때마다 수많은 사람이 분황사로 모여들었어요. 하루는 남편을 여의고 홀로 사는 요석 공주가 찾아왔어요. 요석 공주는 무열왕의 둘째 딸이었어요. 그날 원효는 석가모니가 비둘기를 구하려고 마귀에게 자기 살을 베어 준 이야기를 했어요. 모든 생명은 귀중하다는 뜻이지요. “아, 저분이 말로만 듣던 원효 스님이구나!” 요석 공주는 원효의 인품에 반하고 말았어요. 궁궐로 돌아온 요석 공주는 원효에게 결혼해 달라는 편지를 보냈어요. 원효는 거절했지만 순진한 공주의 마음이 상할까 봐 마음이 불편했어요. “여기를 떠나자. 그러면 괴로움도 사라질 거야.” 원효는 서둘러 짐을 쌌어요. 그리고 아무도 몰래 분황사를 떠났습니다.",
      "srcPage": 9,
      "srcSentenceEA": 15,
      "srcWordEA": 104,
      "character": "원효,부처님,사람,남편,요석 공주,무열왕,둘째 딸,석가모니,마귀,스님",
      "setting": "분황사,궁궐",
      "action": "말로만 듣던,마음을 닦았어요,이야기했지요,모여들었어요,찾아왔어요,베어 준,돌아온,편지를 보냈어요,짐을 쌌어요,떠났습니다",
      "feeling": null,
      "causalRelationship": null,
      "outcomeResolution": null,
      "prediction": "원효는 서둘러 짐을 쌌어요. 그리고 아무도 몰래 분황사를 떠났습니다.",
      "plotSummaryInfoCount": 1,
      "plotSummaryInfo": {
        "classification": "사회관계",
        "readAge": "초등_저학년",
        "form": "long-form",
        "plotSummaryText": "하루는 남편을 여의고 홀로 사는 요석 공주가 찾아오자, 원효는 석가모니가 비둘기를 구하려고 마귀에게 자기 살을 베어 준 이야기를 했는데 원효의 인품에 반하고 만 요석 공주는 원효에게 결혼해 달라는 편지를 보냈습니다.",
        "textWordEA": 30
      }
    },
    {
      "srcTextID": "140719",
      "srcText": "원효는 무작정 남산을 오르다가 뜻밖에 혜공 스님을 만났어요. 혜공 스님은 여전히 누더기를 걸치고 방울 지팡이를 들고 있었어요. 원효는 혜공 스님에게 요석 공주 이야기를 털어놓았어요. “사람들의 고통을 감싸 주는 것이 부처님의 진리야. 공주님에게 고통을 주어서는 안 되지.” 원효는 한동안 혜공 스님이 사는 굴속에서 같이 지냈어요. 낮에는 마을로 내려가 밥을 얻어먹고 밤이 되면 혜공 스님을 따라 술집으로 가 술에 취한 사람들과 함께 어울렸어요. “잘 보았느냐? 스님도 세상 사람들과 함께 살아가는 거야.” 원효는 비로소 깨달았어요. ‘그래, 부처님의 진리도 세상 사람들과 함께 있는 거야.’ 그러자 요석 공주의 야윈 모습이 눈앞에 아른거렸어요.",
      "srcPage": 10,
      "srcSentenceEA": 12,
      "srcWordEA": 96,
      "character": "원효,혜공 스님,요석 공주,사람,부처님,스님,방울 지팡이",
      "setting": "남산,굴속,낮,마을,밤,술집,세상",
      "action": "아른거렸어요,깨달았어요,지냈어요,털어놓았어요,오르다가,만났어요,들고 있었어요,내려가,얻어먹고,보았느냐,누더기를 걸치고",
      "feeling": null,
      "causalRelationship": null,
      "outcomeResolution": null,
      "prediction": null,
      "plotSummaryInfoCount": 1,
      "plotSummaryInfo": {
        "classification": "사회관계",
        "readAge": "초등_저학년",
        "form": "long-form",
        "plotSummaryText": "원효는 무작정 남산을 오르다가 뜻밖에 혜공 스님을 만나 한동안 혜공 스님이 사는 굴속에서 같이 지냈고 낮에는 마을로 내려가 밥을 얻어먹고 밤이 되면 혜공 스님을 따라 술집으로 가 술에 취한 사람들과 함께 어울렸습니다.",
        "textWordEA": 32
      }
    },
    {
      "srcTextID": "140720",
      "srcText": "서라벌에 이상한 노래를 부르며 다니는 괴짜 중이 나타났어요. 알고 보니 원효였어요. “누가 내게 자루 없는 도끼를 빌려 주지 않겠는가? 내 하늘을 떠받칠 기둥을 깎으련만.” 이 노래는 널리 퍼져 궁궐에까지 알려졌어요. 무열왕은 노래의 뜻을 알고 기뻐했어요. “아하, 원효가 내 딸을 원하고 있구나. 이제 공주의 병이 낫게 됐어.” 무열왕은 요석 공주가 원효를 사모하여 병이 난 것을 알고 있었지요. 그날 밤 원효는 노래를 부르며 돌아다니다가 난데없이 포졸들에게 잡혀갔어요. 도착한 곳은 요석 공주가 사는 궁궐이었어요. 며칠 동안 원효와 요석 공주는 부부처럼 지냈어요. 하지만 결혼은 할 수 없었지요. “공주님, 이제 저는 떠나야 합니다. 만일 아기가 태어나면 잘 키워 주십시오.” 요석 공주는 원효를 더 이상 붙잡지 못하고 눈물만 흘렸어요. 원효도 슬펐지만 묵묵히 길을 떠났어요.",
      "srcPage": 11,
      "srcSentenceEA": 17,
      "srcWordEA": 121,
      "character": "괴짜 중,원효,무열왕,딸,공주,요석 공주,포졸,부부,아기",
      "setting": "서라벌,하늘,궁궐,길",
      "action": "노래를 부르며,다니는,나타났어요,떠받칠,깎으련만,노래를 부르며 돌아다니다가,잡혀갔어요,떠나야 합니다,태어나면,눈물만 흘렸어요,떠났어요",
      "feeling": "기뻐했어요,슬펐지만",
      "causalRelationship": null,
      "outcomeResolution": null,
      "prediction": "요석 공주는 원효를 더 이상 붙잡지 못하고 눈물만 흘렸어요. 원효도 슬펐지만 묵묵히 길을 떠났어요.",
      "plotSummaryInfoCount": 1,
      "plotSummaryInfo": {
        "classification": "사회관계",
        "readAge": "초등_저학년",
        "form": "long-form",
        "plotSummaryText": "서라벌에 이상한 노래를 부르며 다니는 괴짜 중이 나타나 알고 보니 원효였고, 이 노래를 들은 무열왕은 요석 공주가 원효를 사모하여 병이 난 것을 알고 있어서 포졸들을 시켜 원효 잡아 요석 공주가 사는 궁궐로 데려갔습니다.",
        "textWordEA": 33
      }
    },
    {
      "srcTextID": "140721",
      "srcText": "궁궐에서 나온 원효는 스님 옷을 벗고 거렁뱅이 차림으로 떠돌아다녔어요. 술과 고기를 먹고 공주와 같이 지내기도 했으니, 불교의 계율을 깨뜨린 거지요. 원효는 거리를 쏘다니다 사람들이 모인 곳이면 아무 데나 끼어들었어요. 광대들의 놀음판에서 춤을 추고, 장터 술집에 들어가 술도 마셨어요. 배고픈 사람들에게 밥을 얻어다 주기도 하고, 병들어 죽어 가는 사람 곁에 함께 있기도 했어요. 그러면서도 꼭 부처님을 찾았지요. “저 사람은 미치광이 중이야!”",
      "srcPage": 12,
      "srcSentenceEA": 7,
      "srcWordEA": 65,
      "character": "원효,스님,공주,사람,광대,부처님,미치광이 중,거렁뱅이,술,고기",
      "setting": "궁궐,거리,장터 술집",
      "action": "지내기도 했으니,나온,스님 옷을 벗고,떠돌아다녔어요,먹고,쏘다니다,춤을 추고,들어가,술도 마셨어요,얻어다 주기,찾았지요",
      "feeling": "미치광이",
      "causalRelationship": null,
      "outcomeResolution": null,
      "prediction": null,
      "plotSummaryInfoCount": 1,
      "plotSummaryInfo": {
        "classification": "사회관계",
        "readAge": "초등_저학년",
        "form": "long-form",
        "plotSummaryText": "궁궐에서 나온 원효는 스님 옷을 벗고 거렁뱅이 차림으로 떠돌아다니며 불교의 계율을 깨뜨리고 거리를 쏘다니며 아무 데나 끼어들었고 병들어 죽어 가는 사람 곁에 있기도 하면서도 꼭 부처님을 찾았습니다.",
        "textWordEA": 27
      }
    },
    {
      "srcTextID": "140724",
      "srcText": "사복은 슬프게 울었어요. “사복아, 울지 마라. 사람은 누구나 죽는 법, 어머니가 극락에 가시도록 함께 기원하자.” 원효는 불경을 외며 정성껏 기원했어요. 사복이 원효에게 감사의 노래를 부르며 곁에 있는 풀을 뽑자, 아름다운 땅속 세상이 열렸어요. “대사님 덕분에 어머니와 미천한 제가 극락으로 갑니다.” 사복은 어머니를 업고 아름다운 땅속 세계로 들어갔어요. 꿈 같은 일이었지요. 원효는 부처님의 세계가 모든 사람에게 똑같이 열려 있다는 것을 깨달았어요.",
      "srcPage": 15,
      "srcSentenceEA": 9,
      "srcWordEA": 66,
      "character": "사복,사람,어머니,원효,대사님,부처님",
      "setting": "극락,땅속 세상,세계",
      "action": "열려 있다는,울었어요,가시도록 함께 기원하자,불경을 외며,노래를 부르며,풀을 뽑자,열렸어요,갑니다,어머니를 업고,들어갔어요",
      "feeling": "슬프게",
      "causalRelationship": null,
      "outcomeResolution": null,
      "prediction": null,
      "plotSummaryInfoCount": 1,
      "plotSummaryInfo": {
        "classification": "사회관계",
        "readAge": "초등_저학년",
        "form": "long-form",
        "plotSummaryText": "원효가 불경을 외며 정성껏 기원했고 사복이 원효에게 감사의 노래를 부르며 곁에 있는 풀을 뽑았고, 원효는 부처님의 세계가 모든 사람에게 똑같이 열려 있다는 것을 깨달았습니다.",
        "textWordEA": 24
      }
    },
    {
      "srcTextID": "140715",
      "srcText": "어느 날, 원효는 혜공 스님에 대한 말을 듣고 항사사를 찾아갔어요. 혜공 스님은 참 기이한 분이었어요. 술에 취해 길거리에서 노래하고 춤을 추기도 하고, 술을 마시고 물고기를 잡아먹었어요. 그러나 한 가지 변함없는 것은, 천한 사람들을 만나면 언제나 친구처럼 대하는 것이었어요. “사람들은 나를 미치광이 중이라고 비웃지. 하지만 사람은 모두 귀한 거야. 책상머리에 앉아 불경만 읽으면 무엇 하겠느냐? 나는 너에게 아무것도 가르칠 게 없으니 대안 스님을 찾아가라.” 원효는 혜공 스님을 통해 사람들의 고통을 함께 나누는 것이 불교의 참뜻이라는 것을 깨달았어요. 그 뒤, 원효는 대안 스님을 찾아가 한층 더 깊은 진리를 배웠어요. 이제 나라 안에서 원효를 모르는 사람이 없었어요.",
      "srcPage": 6,
      "srcSentenceEA": 11,
      "srcWordEA": 103,
      "character": "원효,혜공 스님,사람,친구,미치광이,대안 스님",
      "setting": "어느 날,항사사,나라",
      "action": "듣고,찾아갔어요,노래하고 춤을 추기도 하고,술을 마시고,물고기를 잡아먹었어요,만나면,앉아,읽으면,찾아가라,배웠어요",
      "feeling": null,
      "causalRelationship": null,
      "outcomeResolution": null,
      "prediction": null,
      "plotSummaryInfoCount": 1,
      "plotSummaryInfo": {
        "classification": "사회관계",
        "readAge": "초등_저학년",
        "form": "long-form",
        "plotSummaryText": "어느 날, 원효는 혜공 스님에 대한 말을 듣고 항사사를 찾아갔는데 혜공 스님은 참 기이한 분이었지만 한 가지 변함없는 것은, 천한 사람들을 만나면 언제나 친구처럼 대하는 것이었습니다.",
        "textWordEA": 26
      }
    },
    {
      "srcTextID": "140716",
      "srcText": "원효는 가끔 궁궐에 들어가 임금님에게 불법을 강의하기도 했어요. 그렇지만 늘 공부가 부족하다고 생각했지요. ‘어떻게 하면 사람들이 고통받지 않고 살아갈 수 있을까?’ 원효는 화엄경 속에 그 답이 있다고 믿었어요. 그때부터 밤낮없이 화엄경을 공부했지요. 그런데 아무리 공부해도 진리를 깨달을 수 없었어요. 그러던 어느 날, 의상 스님이 찾아왔어요. 의상은 원효보다 어렸지만 훌륭한 스님으로 널리 알려져 있었어요. “원효 스님, 당나라에 지엄 화상이라는 분이 화엄경을 환히 꿰뚫어 알고 있답니다.” “아, 그래요? 그럼 당장 찾아가야지요.” 원효는 너무 기뻐 의상의 손을 덥석 잡았어요. 의상도 원효와 함께 당나라에 가기로 약속했답니다.",
      "srcPage": 7,
      "srcSentenceEA": 13,
      "srcWordEA": 92,
      "character": "원효,임금님,사람,의상 스님,스님,지엄 화상",
      "setting": "궁궐,밤낮,어느 날,당나라",
      "action": "들어가,강의하기도 했어요,공부했지요,찾아왔어요,찾아가야지요,손을 덥석 잡았어요",
      "feeling": "기뻐",
      "causalRelationship": null,
      "outcomeResolution": null,
      "prediction": null,
      "plotSummaryInfoCount": 1,
      "plotSummaryInfo": {
        "classification": "사회관계",
        "readAge": "초등_저학년",
        "form": "long-form",
        "plotSummaryText": "원효는 늘 공부가 부족하다고 생각해 밤낮없이 화엄경을 공부했지만 아무리 공부해도 진리를 깨달을 수 없었고, 원효와 의상은 함께 당나라에 가기로 약속했습니다.",
        "textWordEA": 20
      }
    },
    {
      "srcTextID": "140710",
      "srcText": "신라 압량 고을 불지촌에 효성이 지극한 부부가 살고 있었어요. 부부는 자식이 없어 늘 근심이었지요. 그래서 날마다 절에 가서 소원을 빌었어요. 어느 날, 아내가 신기한 꿈을 꾸었어요. “여보, 하늘에서 큰 별이 떨어지더니 내 품 안으로 들어왔어요.” “태몽이구려! 우리 소원이 이루어지려나 보오.” 남편은 매우 기뻐했어요. 열 달이 흘러, 아내는 친정집에서 아기를 낳기 위해 길을 나섰어요. “여보, 여기서 좀 쉬었다 가요.” 부부는 큰 밤나무 아래서 멈추었어요. 그런데 갑자기 진통이 시작되었어요. “여보, 배가 너무 아파요. 아기가 곧 나올 것 같아요.” 아내는 큰 밤나무 아래서 사내아이를 낳았답니다. 할아버지는 아기 이름을 ‘서당’이라 지었어요. 이 아기가 바로 원효 대사입니다.",
      "srcPage": 1,
      "srcSentenceEA": 17,
      "srcWordEA": 105,
      "character": "부부,자식,아내,여보,아기,사내아이,할아버지,서당,원효 대사,큰 별,이름",
      "setting": "신라 압량 고을 불지촌,날마다,절,어느 날,하늘,친정집,길,큰 밤나무 아래",
      "action": "지었어요,멈추었어요,떨어지더니,꿈을 꾸었어요,소원을 빌었어요,가서,안으로 들어왔어요,낳기,나섰어요,쉬었다 가요,나올 것 같아요,낳았답니다",
      "feeling": "기뻐했어요,근심이었지요",
      "causalRelationship": null,
      "outcomeResolution": null,
      "prediction": null,
      "plotSummaryInfoCount": 1,
      "plotSummaryInfo": {
        "classification": "사회관계",
        "readAge": "초등_저학년",
        "form": "long-form",
        "plotSummaryText": "신라 압량 고을 불지촌에 사는 효성이 지극한 부부는 자식이 없어 날마다 절에 가 소원을 빌었는데 어느 날, 아내가 큰 별이 떨어져 품 안으로 들어오는 태몽을 꾸었고, 큰 밤나무 아래서 사내아이를 낳았는데 이 아이가 바로 원효 대사입니다.",
        "textWordEA": 36
      }
    },
    {
      "srcTextID": "140711",
      "srcText": "서당은 예의 바르고 영리한 아이로 자랐어요. 할아버지는 서당이 화랑이 되길 바랐어요. 서당도 김유신 장군 같은 화랑이 되어 나라에 충성하고 널리 이름을 떨쳐야겠다고 생각했지요. 열두 살이 되는 해, 서당은 화랑의 꿈을 안고 서라벌로 떠났어요. 서당은 책을 읽고 자연 속에서 마음을 닦으며 정신 수양에도 힘썼어요. 사냥을 할 때마다 짐승을 죽여야 하는 것이 가슴 아팠지만, 화랑이 되기 위해 열심히 무술을 익혔지요.",
      "srcPage": 2,
      "srcSentenceEA": 6,
      "srcWordEA": 63,
      "character": "서당,아이,할아버지,화랑,김유신,장군,짐승",
      "setting": "나라,서라벌",
      "action": "힘썼어요,마음을 닦으며,자랐어요,떠났어요,책을 읽고,사냥을 할 때마다,죽여야 하는 것이,무술을 익혔지요",
      "feeling": "되길 바랐어요,충성하고,가슴 아팠지만",
      "causalRelationship": null,
      "outcomeResolution": null,
      "prediction": null,
      "plotSummaryInfoCount": 1,
      "plotSummaryInfo": {
        "classification": "사회관계",
        "readAge": "초등_저학년",
        "form": "long-form",
        "plotSummaryText": "서당은 예의 바르고 영리한 아이로 자랐고 할아버지는 서당이 화랑이 되길 바랐고 서당도 김유신 장군 같은 화랑이 되어 나라에 충성하고 이름을 떨쳐야겠다고 생각했습니다.",
        "textWordEA": 22
      }
    },
    {
      "srcTextID": "140727",
      "srcText": "민중의 벗 큰 스님 원효대사. 화랑이 되려던 원효는 부처님의 진리를 깨닫기 위해 스님이 되었습니다. 어려서부터 생명을 귀중하게 여기고, 모든 사람이 평등하다고 생각했던 원효는 이런 공평한 세상을 만들 수 있는 것이 곧 불교라고 생각했습니다. 원효는 귀족이나 부자들만 부처님 세계에 갈 수 있다는 생각은 잘못된 것이라고 여겼어요. 가난하고 천한 사람들도 똑같이 부처님 세계에 갈 수 있다고 믿었지요. 그래서 부처님의 진리를 세상 모든 사람에게 알리기 위해 가난하고 천한 사람들 속으로 뛰어들었지요. 모든 사람이 쉽게 읽을 수 있도록 불경을 풀이하고, 고통받는 사람들과 함께 지냈어요. 이렇게 원효는 다른 나라에서 들어온 불교를 우리나라에 맞게 고쳐 널리 알리는 데 일생을 바쳤습니다.",
      "srcPage": 18,
      "srcSentenceEA": 8,
      "srcWordEA": 101,
      "character": "민중,큰 스님,원효대사,화랑,원효,부처님,스님,사람,귀족,부자,불교,불경",
      "setting": "세상,세계,나라",
      "action": "만들 수,갈 수 있다,뛰어들었지요,함께 지냈어요,들어온,읽을 수 있도록,풀이하고",
      "feeling": null,
      "causalRelationship": "이렇게 원효는 다른 나라에서 들어온 불교를 우리나라에 맞게 고쳐 널리 알리는 데 일생을 바쳤습니다.",
      "outcomeResolution": null,
      "prediction": null,
      "plotSummaryInfoCount": 1,
      "plotSummaryInfo": {
        "classification": "사회관계",
        "readAge": "초등_저학년",
        "form": "long-form",
        "plotSummaryText": "어려서부터 생명을 귀중하게 여기고, 모든 사람이 평등하다고 생각했던 원효는 이런 공평한 세상을 만들 수 있는 것이 곧 불교라고 생각해 가난하고 천한 사람들도 똑같이 부처님 세계에 갈 수 있다고 믿었습니다.",
        "textWordEA": 29
      }
    },
    {
      "srcTextID": "140717",
      "srcText": "원효는 의상과 함께 당나라에 가려고 길을 나섰어요. 당항성에서 배를 타기로 했지요. 먼 길을 걸어 당항성 가까이 이르자 날은 저물고 두 스님은 몹시 지쳤어요. 하는 수 없이 두 스님은 굴속에 들어가 잠을 잤어요. 원효는 잠결에 몹시 목이 말랐는데 마침 물이 담긴 바가지가 손에 잡혔어요. 원효는 벌컥벌컥 물을 마셨어요. 시원하고 달콤했어요. 그런데 아침에 눈을 뜬 원효는 깜짝 놀랐어요. 간밤에 그렇게 달게 마셨던 물이 해골바가지 안에 들어 있었기 때문이에요. 원효는 뱃속에 있는 것을 모두 토해 냈어요. 그러다가 문득 깨달았어요. ‘그래, 모든 것은 마음에 달렸어. 이게 바로 진리야!’ 원효는 굳이 당나라에 갈 필요가 없다고 생각했어요. 원효는 그길로 서라벌 분황사로 되돌아왔어요. 그 뒤, 화엄경을 쉽게 풀이한 화엄경소라는 책을 썼답니다.",
      "srcPage": 8,
      "srcSentenceEA": 16,
      "srcWordEA": 119,
      "character": "원효,의상,해골바가지",
      "setting": "당나라에 가려고,당항성,굴속,아침,서라벌,분황사",
      "action": "달게 마셨던,길을 나섰어요,배를 타기로,걸어,들어가 잠을 잤어요,손에 잡혔어요,물을 마셨어요,눈을 뜬,토해 냈어요,되돌아왔어요,책을 썼답니다",
      "feeling": "놀랐어요,깨달았어요,지쳤어요",
      "causalRelationship": null,
      "outcomeResolution": null,
      "prediction": null,
      "plotSummaryInfoCount": 1,
      "plotSummaryInfo": {
        "classification": "사회관계",
        "readAge": "초등_저학년",
        "form": "long-form",
        "plotSummaryText": "원효는 의상과 함께 당나라에 가려고 길을 나섰고 먼 길을 걸어 당항성 가까이 이르자 몸시 지친 두 스님은 굴속에 들어가 잠을 잤는데 잠결에 목이 말라 마침 물이 담긴 바가지가 손에 잡혀 마셨습니다.",
        "textWordEA": 31
      }
    },
    {
      "srcTextID": "140725",
      "srcText": "그 무렵, 문무왕의 왕비가 큰 병이 들었는데 도무지 낫지 않았어요. 그러자 한 스님이 말하기를 원효가 금강삼매경을 세상에 널리 알리면 왕비의 병이 낫는다고 했어요. 문무왕은 원효에게 부탁했어요. 그러자 여러 스님이 문무왕의 명을 반대했어요. “원효는 계율을 깨고 부처님을 욕되게 한 못된 중이옵니다.” 그렇지만 문무왕은 원효에게 그 일을 맡겼어요. 원효는 소가 끄는 수레와 붓과 벼루를 준비해 달라고 하고는 수레에 앉아서 금강삼매경을 쉽게 풀어서 금강삼매경소를 썼어요. 원효가 금강삼매경을 이야기하는 날이었어요. 임금님과 수많은 사람이 황룡사에 모였어요. 원효의 이야기를 듣고 모두 감탄했지요. 금강삼매경소는 당나라에서도 훌륭한 책이라고 인정하여 금강삼매경론이라고 이름을 붙였습니다.",
      "srcPage": 16,
      "srcSentenceEA": 11,
      "srcWordEA": 93,
      "character": "문무왕,왕비,스님,원효,부처님,중,임금님,금강삼매경,금강삼매경소,금강삼매경론",
      "setting": "세상,황룡사,당나라",
      "action": "인정하여,말하기,수레에 앉아서,썼어요,모였어요",
      "feeling": null,
      "causalRelationship": null,
      "outcomeResolution": null,
      "prediction": null,
      "plotSummaryInfoCount": 1,
      "plotSummaryInfo": {
        "classification": "사회관계",
        "readAge": "초등_저학년",
        "form": "long-form",
        "plotSummaryText": "그 무렵, 문무왕의 왕비가 큰 병이 들었는데 도무지 낫지 않아 한 스님이 말하기를 원효가 금강삼매경을 세상에 널리 알리면 왕비의 병이 낫는다고 하자 문무왕은 원효에게 그 일을 맡겼습니다.",
        "textWordEA": 27
      }
    }
  ]
}