{
  "title": "김대성",
  "author": "일연",
  "illustrator": "이재현",
  "isbn": "9788954339711",
  "publishedYear": 2004,
  "publisher": "한국삐아제",
  "paragraphInfoCount": 18,
  "paragraphInfo": [
    {
      "srcTextID": "132884",
      "srcText": "“참 이상도 하지? 저 아이의 어머니인 경조 부인은 굉장한 미인인데 말이야.” “그래. 안타깝게도 대성이는 제 어머니를 닮지 못 했구먼.” 대성은 사람들이 수군거리는 소리를 들으면서도 모른 체했어요. ‘괜찮아. 이런 일에 흔들리면 대장부가 아니야.’ 대성은 힘차게 걸어갔지요.",
      "srcPage": 2,
      "srcSentenceEA": 7,
      "srcWordEA": 41,
      "character": "아이,어머니,경조 부인,대성,미인,대장부",
      "setting": null,
      "action": "들으면서도,모른 체했어요,걸어갔지요,수군거리는",
      "feeling": "안타깝게도",
      "causalRelationship": null,
      "outcomeResolution": null,
      "prediction": null,
      "plotSummaryInfoCount": 1,
      "plotSummaryInfo": {
        "classification": "사회관계",
        "readAge": "초등_저학년",
        "form": "long-form",
        "plotSummaryText": "대성은 안타깝게도 굉장한 미인인 어머니를 닮지 않았다는 수군거리는 소리를 들어도 모른 체하고 이런일에 흔들리면 대장부가 아니라며 힘차게 걸어갔습니다.",
        "textWordEA": 18
      }
    },
    {
      "srcTextID": "132890",
      "srcText": "“네가 어머니 대신 일을 하겠다고?” 복안이 곤란한 표정으로 물었어요. 대성은 이번에는 무슨 일이 있어도 절대 물러설 수 없다고 생각했어요. “처음 한 달은 돈을 받지 않고 일하겠습니다. 한 달 뒤에 보시고 제가 일을 못 한다면 내쫓으셔도 아무 말 않겠습니다. 대신 제가 일을 잘 한다면 그때 품삯을 주시고 계속 일하게 해 주십시오.” 대성의 진실한 모습에 복안의 마음이 움직였어요. “좋다. 나를 따라오너라.” 복안은 집 뒤에 있는 밭으로 대성을 데려갔어요.",
      "srcPage": 7,
      "srcSentenceEA": 9,
      "srcWordEA": 73,
      "character": "어머니,복안,돈,대성",
      "setting": "밭,집 뒤",
      "action": "물었어요,일하겠습니다,데려갔어요,보시고,내쫓으셔도",
      "feeling": null,
      "causalRelationship": null,
      "outcomeResolution": null,
      "prediction": "복안은 집 뒤에 있는 밭으로 대성을 데려갔어요.",
      "plotSummaryInfoCount": 1,
      "plotSummaryInfo": {
        "classification": "사회관계",
        "readAge": "초등_저학년",
        "form": "long-form",
        "plotSummaryText": "대성은 아픈 어머니가 전에 일하던 복안의 집에 가서 첫 한 달은 돈을 받지 않겠다며 일을 할 수 있게 해 달라고 말했습니다.",
        "textWordEA": 21
      }
    },
    {
      "srcTextID": "132891",
      "srcText": "자갈이 많고 흙이 거칠어서 몇 년 동안 버려둔 밭이었지요. “한 달 동안 이곳의 돌을 골라내고 흙을 잘 다듬어 놓거라. 네가 밭을 얼마나 잘 만들었는지 보고 너를 일꾼으로 쓸 것인지 결정하겠다.” “예, 알겠습니다.” 그날부터 대성은 매일 텃밭으로 나가 일을 했어요. 땡볕 아래서 땀을 뻘뻘 흘리며 돌을 골라내고, 호미로 흙덩이를 잘게 부수고는 거름을 주었어요.",
      "srcPage": 8,
      "srcSentenceEA": 6,
      "srcWordEA": 55,
      "character": "자갈,돌,흙,대성,흙덩이,거름,일꾼",
      "setting": "밭,그날부터,매일,텃밭,땡볕 아래서",
      "action": "일을 했어요,골라내고,부수고는,주었어요,다듬어 놓거라,만들었는지,보고,결정하겠다,흘리며",
      "feeling": null,
      "causalRelationship": null,
      "outcomeResolution": null,
      "prediction": null,
      "plotSummaryInfoCount": 1,
      "plotSummaryInfo": {
        "classification": "사회관계",
        "readAge": "초등_저학년",
        "form": "long-form",
        "plotSummaryText": "대성에게 자갈이 많고 흙이 거칠어 버려진 밭을 주고, 한 달 동안 그 밭을 잘 다듬으면 일꾼으로 써 주겠다고 말했습니다.",
        "textWordEA": 19
      }
    },
    {
      "srcTextID": "132892",
      "srcText": "그렇게 며칠을 일하자 조금씩 밭이 정리되기 시작했어요. 대성은 좋은 씨앗을 골라 뿌리고 물을 주었어요. 이렇게 한 달을 보살피자 작은 싹들이 돋아나기 시작했지요. 대성은 여린 싹을 소중하게 보살폈어요. ‘밭을 고르고 씨앗을 뿌리는 것도 이렇게 힘들고 마음이 쓰이는데 어머니는 나를 키우시느라 얼마나 힘드셨을까? 부모님의 사랑은 바다보다 깊구나.’ 대성은 어머니께 더 효도해야겠다고 생각했어요. 드디어 복안이 밭을 둘러보는 날이 됐어요. 대성은 밭을 구석구석 살피는 복안을 조마조마하게 바라보았지요.",
      "srcPage": 9,
      "srcSentenceEA": 9,
      "srcWordEA": 71,
      "character": "대성,씨앗,싹,어머니,복안",
      "setting": "밭",
      "action": "뿌리고,물을 주었어요,돋아나기 시작했지요,보살폈어요,살피는,바라보았지요,일하자,골라,둘러보는",
      "feeling": "효도해야겠다고 생각했어요,조마조마하게",
      "causalRelationship": null,
      "outcomeResolution": null,
      "prediction": null,
      "plotSummaryInfoCount": 1,
      "plotSummaryInfo": {
        "classification": "사회관계",
        "readAge": "초등_저학년",
        "form": "long-form",
        "plotSummaryText": "대성은 밭에 씨앗을 뿌리고 보살피며 그동안 보살펴주신 부모님의 사랑을 깊이 깨달아 어머니에게 더 효도해야겠다고 생각했습니다.",
        "textWordEA": 15
      }
    },
    {
      "srcTextID": "132893",
      "srcText": "복안은 흙을 만져 보기도 하고, 싹을 살피기도 했어요. 이윽고 복안은 만족한 듯 고개를 끄덕였어요. 대성의 얼굴에 기쁨의 미소가 번졌어요. ‘드디어 여기에서 일할 수 있겠구나.’ 그런데 복안은 뜻밖의 말을 꺼냈어요. “대성아, 이 밭을 너에게 줄 테니 잘 가꾸어 보아라.” 대성은 자신의 귀를 의심했어요. “너의 갸륵한 마음과 성실하게 일하는 자세에 감동했단다. 농사를 잘 지어 지금처럼 어머니를 정성껏 모시거라.”",
      "srcPage": 10,
      "srcSentenceEA": 9,
      "srcWordEA": 62,
      "character": "복안,흙,싹,고개,대성,어머니,농사",
      "setting": "밭",
      "action": "만져 보기도 하고,살피기도 했어요,끄덕였어요,모시거라,줄 테니",
      "feeling": "감동했단다,기쁨",
      "causalRelationship": null,
      "outcomeResolution": null,
      "prediction": null,
      "plotSummaryInfoCount": 1,
      "plotSummaryInfo": {
        "classification": "사회관계",
        "readAge": "초등_저학년",
        "form": "long-form",
        "plotSummaryText": "복안은 한 달뒤 가꿔진 밭을 보고 감동하여, 대성에게 그 밭을 줄테니 잘 가꾸어 어머니를 정성껏 모시라고 말했습니다.",
        "textWordEA": 17
      }
    },
    {
      "srcTextID": "132889",
      "srcText": "밖으로 나간 대성은 개울물에 자기 얼굴을 비춰 보았어요. 자기가 보아도 우스꽝스럽게 생긴 얼굴이었지요. 그런 자신의 얼굴이 보기 싫어 대성은 돌멩이를 집어던졌어요. 그때 등 뒤에서 인기척이 났어요. 대성이 뒤를 돌아보니 그곳에는 삿갓을 쓴 스님이 한 분 서 있었어요. 스님은 대성의 이마에 손을 짚으며 말했어요. “얘야. 사람은 모두 이 세상에서 꼭 해야 할 일이 있어서 태어난 거란다. 그러니 너 자신을 귀하게 여기도록 해라. 너의 머리카락 하나도 모두 부모님이 주신 것이니 소중하게 여기거라.” 스님의 말씀에 대성은 마음을 고쳐먹었어요. ‘그래. 아무리 못났어도 어머니가 낳아 주신 몸이니 소중히 여기고 열심히 살아야지.’ 이렇게 생각하자 대성에게 새로운 용기가 생겼어요. 대성은 스님께 공손하게 인사를 올린 다음 어머니가 일하던 집으로 달려갔어요.",
      "srcPage": 6,
      "srcSentenceEA": 14,
      "srcWordEA": 115,
      "character": "대성,개울물,얼굴,돌멩이,삿갓,스님,이마,머리카락,부모님,몸,사람",
      "setting": "집",
      "action": "비춰 보았어요,집어던졌어요,서 있었어요,말했어요,달려갔어요,돌아보니,짚으며",
      "feeling": "용기가 생겼어요",
      "causalRelationship": null,
      "outcomeResolution": null,
      "prediction": null,
      "plotSummaryInfoCount": 1,
      "plotSummaryInfo": {
        "classification": "사회관계",
        "readAge": "초등_저학년",
        "form": "long-form",
        "plotSummaryText": "대성은 자신의 얼굴이 싫어 개울물에 돌멩이를 집어던지고 있자, 지나가는 스님이 사람은 모두 이 세상에서 꼭 해야 할 일이 있다며 자신을 귀하게 여기라는 말을 듣고 용기를 얻었습니다.",
        "textWordEA": 26
      }
    },
    {
      "srcTextID": "132894",
      "srcText": "대성은 복안에게 큰절을 올리며 말했어요. “고맙습니다. 이제 더 이상 세상을 원망하지 않고 열심히 살겠습니다.” 복안에게 밭을 받은 후 대성은 밝은 얼굴로 열심히 일했어요. 어머니도 차차 건강해졌지요. 대성에게 밭을 준 복안은 마을에서 제일가는 부자였지만 겸손한 사람이었어요. 사람을 함부로 무시하지 않았고 어려운 사람을 만나면 기꺼이 도와주었지요. 아버지를 일찍 여읜 대성은 복안을 아버지처럼 여겼어요. ‘언젠가는 나도 복안 어른처럼 나보다 어려운 사람들을 도와주며 살아야지.’",
      "srcPage": 11,
      "srcSentenceEA": 8,
      "srcWordEA": 67,
      "character": "대성,복안,얼굴,어머니,사람,아버지,부자,어른",
      "setting": "밭,마을",
      "action": "말했어요,일했어요,건강해졌지요,도와주었지요,여겼어요,올리며,살겠습니다",
      "feeling": "고맙습니다",
      "causalRelationship": null,
      "outcomeResolution": null,
      "prediction": null,
      "plotSummaryInfoCount": 1,
      "plotSummaryInfo": {
        "classification": "사회관계",
        "readAge": "초등_저학년",
        "form": "long-form",
        "plotSummaryText": "복안에게 도움을 받은 대성은 열심히 일하며 어머니를 모셨고, 나중에 나보다 어려운 사람을 도와주며 살겠다고 다짐했습니다.",
        "textWordEA": 15
      }
    },
    {
      "srcTextID": "132896",
      "srcText": "그러던 어느 날, 대성은 복안의 집을 찾았다가 개울가에서 만났던 그 스님을 만났어요. 복안은 일꾼들을 시켜 창고에서 베 50필을 내 와 스님 앞에 놓으며 말했어요. “점개 스님! 부처님께 바치는 저의 작은 정성입니다.” 그러자 점개 스님이 경건하게 손을 모으며 대답했어요. “복안 어른의 정성이 이렇게 지극하시니\n부처님이 복을 주실 것입니다. 부처님은 하나를 보시하면 그 만 배를 주시니까요.” 그 말을 들은 대성의 눈이 휘둥그레졌어요. 점개 스님이 떠나려 하는데 대성이 다가가 물었어요. “스님! 정말로 부처님께 하나를 보시하면 그 만 배를 받을 수 있습니까?” 점개 스님은 호탕하게 웃더니 고개를 끄덕였어요. “그렇단다. 부처님은 욕심을 부리는 사람보다는 다른 사람에게 베푸는 사람에게 복을 주시거든.” 집으로 돌아오는 대성의 눈이 반짝반짝 빛났어요. ‘많이 가지려고 하는 것보다 베푸는 것이 복을 받는 길이구나.’",
      "srcPage": 12,
      "srcSentenceEA": 14,
      "srcWordEA": 120,
      "character": "대성,복안,스님,일꾼,부처님,점개,손,눈,사람,복안 어른",
      "setting": "개울가,집,창고",
      "action": "찾았다가,만났어요,말했어요,모으며 대답했어요,휘둥그레졌어요,물었어요,웃더니,끄덕였어요,놓으며,바치는,보시하면,주시니까요,돌아오는",
      "feeling": null,
      "causalRelationship": null,
      "outcomeResolution": null,
      "prediction": null,
      "plotSummaryInfoCount": 1,
      "plotSummaryInfo": {
        "classification": "사회관계",
        "readAge": "초등_저학년",
        "form": "long-form",
        "plotSummaryText": "대성이 복안의 집을 찾았다가 복안이 개울가에서 만났던 스님에게 베 50필을 보시하는 것을 보았는데, 대성은 부처님은 욕심을 부리는 사람보다는 베푸는 사람에게 복을 준다는 말을 듣고 눈이 반짝 빛났습니다.",
        "textWordEA": 27
      }
    },
    {
      "srcTextID": "132897",
      "srcText": "며칠을 생각하던 대성은 결심을 하고 어머니께 말씀드렸어요. “어머니! 스님이 말씀하시기를 다른 사람을 도와주거나 부처님께 보시하면 그 만 배의 복을 받는다고 합니다. 그래서 복안 어른에게 받은 텃밭을 부처님께 보시하려고 합니다.” 대성의 말에 어머니는 웃으며 대답했어요. “그래. 어차피 그 땅은 복안 어른에게 얻은 것이잖니? 이제 나도 일을 할 수 있으니 그 밭은 부처님께 바치도록 하자.” 대성은 그날로 점개 스님을 찾아가 밭문서를 드렸어요. “제 작은 정성입니다. 이 텃밭을 드릴 테니 가난한 사람들을 위해 써 주십시오.” 비록 작은 텃밭이었지만 대성의 마음 씀씀이에 점개 스님은 감동했어요. “대성아. 너는 분명 훌륭한 사람으로 다시 태어날 것이다.” 대성은 점개 스님께 절을 올리고 집으로 돌아왔어요. 그런데 그날부터 대성이 시름시름 앓더니 일주일 만에 세상을 떠나 버리고 말았어요. 갑작스런 아들의 죽음에 대성의 어머니는 앓아 눕고 말았지요.",
      "srcPage": 13,
      "srcSentenceEA": 14,
      "srcWordEA": 127,
      "character": "대성,어머니,스님,복안,부처님,밭문서,사람,점개,땅,사람들",
      "setting": "며칠,텃밭,집,일주일 만에",
      "action": "말씀드렸어요,생각하던,대답했어요,찾아가,드렸어요,절을 올리고,돌아왔어요,세상을 떠나 버리고 말았어요,앓아 눕고 말았지요,보시하면",
      "feeling": "감동했어요",
      "causalRelationship": null,
      "outcomeResolution": null,
      "prediction": null,
      "plotSummaryInfoCount": 1,
      "plotSummaryInfo": {
        "classification": "사회관계",
        "readAge": "초등_저학년",
        "form": "long-form",
        "plotSummaryText": "대성은 어머니와 상의 후 점개 스님을 찾아가 자신의 텃밭을 바쳤는데, 그 날부터 대성은 시름시름 앓다가 일주일 만에 세상을 떠나고 말았습니다.",
        "textWordEA": 20
      }
    },
    {
      "srcTextID": "132898",
      "srcText": "대성이 세상을 떠난 다음 날, 신라의 귀족 김문량은 책을 읽다가 잠깐 잠이 들었어요. 꿈속에서 하얀 수염을 길게 드리운 신선이 나타나 김문량에게 말했어요. “모량리의 김대성이 너희 집에 태어날 것이다.” 잠에서 깬 김문량은 아내에게 꿈 이야기를 했어요. “아무래도 그건 부처님의 말씀 같아요. 모량리에 사람을 보내 김대성이라는 아이가 있는지 알아보지요.” 며칠 후, 모량리로 갔던 사람이 돌아와 김문량에게 말했어요. “김대성이라는 아이가 있었는데 효성이 아주 지극했다고 합니다. 그런데 유일한 재산인 텃밭을 부처님께 보시하고 돌아오더니 그만 병에 걸려 세상을 떠났다고 합니다. 아이의 어머니가 혼자 남아 슬퍼하고 있었습니다.” 얼마 후 김문량의 아내는 아들을 낳았어요. 혼인하고 10년이 넘도록 아이가 없어 안타까워하던 김문량 부부는 몹시 기뻐했어요. 그런데 이상하게도 아이는 태어날 때부터 왼손을 꼭 쥐고 펴지 않았어요.",
      "srcPage": 14,
      "srcSentenceEA": 13,
      "srcWordEA": 116,
      "character": "김문량,책,신선,아내,부처님,김대성,텃밭,어머니,아이,귀족,왼손",
      "setting": "다음 날,모량리,집,며칠 후,신라",
      "action": "읽다가,잠이 들었어요,말했어요,이야기를 했어요,돌아와,돌아오더니,아들을 낳았어요,깬,떠났다고,혼인하고,쥐고",
      "feeling": "슬퍼하고,기뻐했어요,안타까워하던",
      "causalRelationship": null,
      "outcomeResolution": null,
      "prediction": null,
      "plotSummaryInfoCount": 1,
      "plotSummaryInfo": {
        "classification": "사회관계",
        "readAge": "초등_저학년",
        "form": "long-form",
        "plotSummaryText": "김문량은 꿈속에서 신선을 만나 모량리의 김대성이 너희 집에 태어날 것이라는 말을 들었고, 그 뒤 10년이나 아이가 없던 집에 아이가 태어나 몹시 기뻐했어요.",
        "textWordEA": 22
      }
    },
    {
      "srcTextID": "132899",
      "srcText": "“어렵게 얻은 아들인데 손이 펴지지 않다니 안타까운 일이오. 하지만 부처님이 주신 아이니 소중하게 키우도록 합시다.” 김문량은 이렇게 아내를 위로했어요. 그런데 태어난 지 일주일이 지나자 아이가 스르르 왼손을 폈어요. 김문량과 부인은 기뻐하며 아이의 손을 잡았어요. 그런데 아이의 손바닥에 글자가 쓰여져 있었어요. “여보, 아이의 손에 글자가 쓰여 있어요.” 그것은 ‘대성’이라는 두 글자였지요. “그래. 그때 분명히 ‘김대성’이라는 아이가 우리 집에 태어난다고 했는데 그 아이인 것 같소. 그러니 아이의 이름을 대성으로 합시다.” 김문량의 말에 아내도 찬성하며 조심스럽게 말했어요. “이 아이가 모량리의 김대성이라면 아이의 어머니도 우리가 데리고 와서 보살펴야 한다고 생각합니다. 아이를 낳아 보니 어미의 마음이 어떤 것인지 알 것 같습니다. 그러니 자식을 먼저 보낸 그 어머니의 마음이 얼마나 아프겠습니까?” 김문량은 아내의 착한 마음씨에 깊이 감동했어요.",
      "srcPage": 15,
      "srcSentenceEA": 17,
      "srcWordEA": 125,
      "character": "아들,부처님,아이,아내,손,손바닥,대성,김문량,김대성,어머니",
      "setting": "일주일이 지나자,집,모량리",
      "action": "위로했어요,왼손을 폈어요,잡았어요,말했어요,데리고 와서,키우도록,찬성하며,보살펴야,낳아 보니",
      "feeling": "기뻐하며,감동했어요,안타까운",
      "causalRelationship": null,
      "outcomeResolution": null,
      "prediction": null,
      "plotSummaryInfoCount": 1,
      "plotSummaryInfo": {
        "classification": "사회관계",
        "readAge": "초등_저학년",
        "form": "long-form",
        "plotSummaryText": "태어날 때 펴지지 않아 김문량과 그 아내를 걱정 시켰던 왼손은 일주일이 지나자 저절로 펴졌고, 그곳에는 대성이라는 글자가 쓰여져 있었습니다.",
        "textWordEA": 19
      }
    },
    {
      "srcTextID": "132885",
      "srcText": "한 소년이 고개를 숙이고 빠르게 걸어가고 있었어요. 소년의 얼굴은 화가 난 것처럼 벌겋게 달아올라 있었지요. 소년은 또래 아이들보다 몸집이 작고 가냘펐지만 머리는 다른 아이들보다 두 배는 컸어요. 소년이 지나갈 때마다 사람들이 수군거렸어요. “허, 볼 때마다 그렇지만 정말 희한하게 생긴 아이야.” “저 머리를 좀 보게나. 이마가 어찌나 넓은지 멀리서 보면 꼭 커다란 성을 보는 것 같아.” “그래서 이름도 대성이가 아닌가. 커다란 성, 대성 말이야.”",
      "srcPage": 1,
      "srcSentenceEA": 9,
      "srcWordEA": 68,
      "character": "소년,얼굴,아이들,머리,이마,성,대성,사람들",
      "setting": null,
      "action": "숙이고,걸어가고 있었어요,수군거렸어요,보면",
      "feeling": null,
      "causalRelationship": null,
      "outcomeResolution": null,
      "prediction": null,
      "plotSummaryInfoCount": 1,
      "plotSummaryInfo": {
        "classification": "사회관계",
        "readAge": "초등_저학년",
        "form": "long-form",
        "plotSummaryText": "소년은 또래 아이들보다 머리가 커서 소년이 지나가면 사람들은 외모를 보며 수근거렸어요.",
        "textWordEA": 11
      }
    },
    {
      "srcTextID": "132900",
      "srcText": "경조가 선뜻 믿지 못하자 김문량의 아내는 대성의 손바닥에 씌인 글자를 보여 주었어요. 그래도 경조는 믿을 수 없다는 얼굴이었어요. 이때 점개 스님이 나타나 경조에게 말했어요. “아들이 한 말을 잊었소? 사람은 하나를 보시하면 만 배를 얻는다고 하지 않았소? 그래서 대성은 밭을 보시하여 신라의 귀족 집안에 새로 태어난 거요.” 그제야 경조는 김문량의 아내가 한 말을 믿었어요. 그리고 대성을 안고 기쁨의 눈물을 흘렸어요.",
      "srcPage": 17,
      "srcSentenceEA": 8,
      "srcWordEA": 65,
      "character": "경조,김문량,아내,대성,손바닥,점개,스님,사람,밭,귀족 집안",
      "setting": "신라",
      "action": "보여 주었어요,말했어요,새로 태어난 거요,눈물을 흘렸어요,보시하면,안고",
      "feeling": "기쁨",
      "causalRelationship": null,
      "outcomeResolution": null,
      "prediction": null,
      "plotSummaryInfoCount": 1,
      "plotSummaryInfo": {
        "classification": "사회관계",
        "readAge": "초등_저학년",
        "form": "long-form",
        "plotSummaryText": "믿지 못하는 경조에게 점개 스님이 나타나 대성이 부처님에게 밭을 보시하여 신라 귀족 집안에 새로 태어나게 된 거라며 경조를 안심시켰습니다.",
        "textWordEA": 19
      }
    },
    {
      "srcTextID": "132902",
      "srcText": "그날부터 경조는 김문량의 집에서 함께 살게 되었어요. 혹시라도 대성이를 놓고 김문량의 아내와 경조가 질투라도 하지 않을까 걱정하는 사람도 있었지만 그런 일은 일어나지 않았어요. “이미 대성이와 저의 인연은 전생의 인연이 되었습니다. 그리고 이번에 대성을 낳은 사람은 마님이시니 당연히 대성의 어머니는 마님이십니다.” 경조가 이렇게 말하면 김문량의 아내는 정색을 하고 말했어요. “부모와 자식의 인연은 죽음으로 끊어지는 게 아닙니다. 저보다 먼저 대성이를 만나 부모 자식의 인연을 맺으셨으니 경조 부인이야말로 대성의 진짜 어머니시지요.” 대성은 이렇게 인자하고 너그러운 두 어머니 사이에서 무럭무럭 잘 자랐어요. 전생에는 가난한 과부의 아들로 태어나 고생했지만 이제 신라 귀족의 아들로 태어난 대성은 별 고생하지 않고 행복한 나날을 보냈지요. 경조는 언제나 대성에게 주의를 주었어요. “대성아, 너는 전생에 복안 어른처럼 겸손하고 남을 돕는 사람이 되겠다고 했단다. 이 세상에 사는 동안 그것을 잊으면 안 된다.” 대성은 경조의 말을 마음에 깊이 새겼어요.",
      "srcPage": 18,
      "srcSentenceEA": 13,
      "srcWordEA": 135,
      "character": "경조,김문량,대성,아내,사람,마님,어머니,부모,자식,복안,귀족,아들",
      "setting": "집,신라",
      "action": "살게 되었어요,말했어요,잘 자랐어요,주의를 주었어요,낳은,만나,맺으셨으니,고생했지만,태어난,새겼어요",
      "feeling": "질투,걱정하는,행복한",
      "causalRelationship": null,
      "outcomeResolution": null,
      "prediction": null,
      "plotSummaryInfoCount": 1,
      "plotSummaryInfo": {
        "classification": "사회관계",
        "readAge": "초등_저학년",
        "form": "long-form",
        "plotSummaryText": "신라의 귀족으로 행복하게 자라나는 대성에게 경조는 복안 어른처럼 겸손하고 남을 돕는 사람이 되겠다는 다짐을 새기고 잊지 말라고 말해주었습니다.",
        "textWordEA": 18
      }
    },
    {
      "srcTextID": "132903",
      "srcText": "어려서부터 자신의 전생에 대한 이야기를 자주 들었던 대성은 커서 자신에게 텃밭을 주고 격려해 주었던 복안 어른을 찾아뵙고 깍듯하게 대접했어요. 점개 스님의 절에도 자주 찾아가 불공을 드리고 보시도 했지요. 또한 대성은 가난한 사람들을 도와주었어요. 대성이 잘 보살펴 주어 대성이 사는 마을에는 밥을 굶는 사람이 한 사람도 없었답니다. 대성은 다른 사람들도 부처님의 가르침을 믿고 따르기를 바랐어요. ‘그래, 세상에서 가장 아름다운 절을 만들자.’ 대성은 서라벌에 ‘불국사’를 지어 김문량 부부에게 바쳤어요. 또한 가난한 살림에도 정성껏 자신을 키워 준 전생의 어머니 경조를 위해서는 석굴암을 지어서 바쳤어요. 오늘날까지도 불국사와 석굴암은 천 년의 역사를 자랑하고 있어요. 그리고 그 속에는 김대성의 뜨거운 효심이 숨쉬고 있답니다.",
      "srcPage": 19,
      "srcSentenceEA": 11,
      "srcWordEA": 107,
      "character": "대성,복안,점개,사람,부처님,불국사,김문량,어머니,경조,석굴암,스님",
      "setting": "텃밭,절,마을,서라벌",
      "action": "찾아뵙고,대접했어요,불공을 드리고,보시도 했지요,도와주었어요,만들자,지어서 바쳤어요,주고,격려해 주었던,보살펴 주어",
      "feeling": "믿고 따르기를 바랐어요",
      "causalRelationship": null,
      "outcomeResolution": null,
      "prediction": null,
      "plotSummaryInfoCount": 1,
      "plotSummaryInfo": {
        "classification": "사회관계",
        "readAge": "초등_저학년",
        "form": "long-form",
        "plotSummaryText": "대성은 점개 스님의 절에 불공을 드리고 보시도 했으며 두 부모님들에게 불국사와 석굴암을 지어 바치며 다른 사람들도 부처님을 믿기고 따르기를 바랬고, 오늘날까지도 불국사와 석굴암은 천년의 역사를 자랑하고 있답니다.",
        "textWordEA": 27
      }
    },
    {
      "srcTextID": "132886",
      "srcText": "대성은 시장 안에 있는 주막으로 들어갔어요. 그러고는 대뜸 주인을 붙잡고 사정했지요. “저는 아직 어리지만 일을 아주 잘 합니다. 몸이 튼튼해서 힘든 일도 척척 할 수 있어요. 그러니 제발 여기서 일하게 해 주세요.” 대성의 모습을 살피던 주막 주인은 혀를 끌끌 차며 고개를 저었어요. “이 녀석아, 손님들이 네 얼굴을 보면 술맛이 나겠니? 딴 데 가서 알아보거라.” 주막에서 쫓겨난 대성은 이번에는 대장간으로 들어가\n대장장이를 붙잡고 사정했어요. “여기서 일하게 해 주세요. 품삯은 조금만 주셔도 돼요.”",
      "srcPage": 3,
      "srcSentenceEA": 11,
      "srcWordEA": 77,
      "character": "대성,주인,손님,대장장이",
      "setting": "시장,주막,대장간",
      "action": "들어갔어요,붙잡고,고개를 저었어요,들어가,사정했어요,살피던,끌끌 차며,쫓겨난",
      "feeling": null,
      "causalRelationship": null,
      "outcomeResolution": null,
      "prediction": "여기서 일하게 해 주세요. 품삯은 조금만 주셔도 돼요.",
      "plotSummaryInfoCount": 1,
      "plotSummaryInfo": {
        "classification": "사회관계",
        "readAge": "초등_저학년",
        "form": "long-form",
        "plotSummaryText": "대성은 시장안에 있는 주막으로 가서 주인을 붙잡고 일을 시켜달라고 사정했으나, 주인은 대성의 얼굴을 보고 손님들이 대성의 얼굴을 보면 술맛이 나겠냐며 거절했습니다.",
        "textWordEA": 21
      }
    },
    {
      "srcTextID": "132888",
      "srcText": "대성은 모량리라는 마을에서 어머니와 살았어요. 어머니는 얼굴도 아름답고 마음씨도 착해서 마을 사람들에게 사랑을 받았어요. 하지만 혼인하고 대성이 태어나자마자 남편이 세상을 떠나는 바람에 혼자 어린 대성을 키우며 살고 있었지요. 대성의 어머니는 어느 부잣집에서 일을 해 주고 품삯을 받아 살고 있었어요. 그런데 며칠 전에 일을 하다 허리를 다치는 바람에 계속 방에 누워 있었어요. ‘대체 대성이가 어디에 갔길래 하루 종일 안 보이는 거지?’ 어머니는 걱정이 되었어요. 이때 문이 열리며 대성이 들어왔어요. “대성아, 어디를 다녀오니?” 대성은 갑자기 바닥에 털썩 주저앉더니 울음을 터뜨리며 말했어요. “어머니, 저는 왜 이렇게 못났습니까? 어머니 약값을 마련하려고 일을 구하러 갔는데 모두 제가 몸도 약하고 얼굴이 이상하게 생겨서 싫다고 합니다.” 어머니는 우는 대성이 안쓰러웠어요.",
      "srcPage": 5,
      "srcSentenceEA": 13,
      "srcWordEA": 113,
      "character": "대성,어머니,남편,품삯,허리,얼굴,마을 사람들,문",
      "setting": "모량리,마을,며칠 전,방,바닥,부잣집",
      "action": "살고 있었지요,누워 있었어요,들어왔어요,주저앉더니,말했어요,태어나자,떠나는,키우며,받아,열리며",
      "feeling": "걱정이 되었어요,안쓰러웠어요",
      "causalRelationship": null,
      "outcomeResolution": null,
      "prediction": null,
      "plotSummaryInfoCount": 1,
      "plotSummaryInfo": {
        "classification": "사회관계",
        "readAge": "초등_저학년",
        "form": "long-form",
        "plotSummaryText": "대성의 어머니는 남편이 일찍 세상을 떠나는 바람에 부잣집 일을 하고 품삯을 받아 대성을 키우고 있었는데, 일을하다 허리를 다쳐서 방에 누워있자 대성이는 어머니 약값을 마련하려고 일을 구하러 갔는데 몸도 약하고 얼굴이 이상하게 생겨서 거절당했다며 어머니 앞에서 울었습니다. ",
        "textWordEA": 36
      }
    },
    {
      "srcTextID": "132901",
      "srcText": "대성의 어머니 경조는 대성이 죽은 후 밥도 먹지 않고 잠도 자지 않고 매일같이 대성의 무덤을 찾아와 울기만 했어요. 마을 사람들이 아무리 달래도 듣지 않았어요. “대성아, 너를 먼저 보내고 이 어미 혼자 어떻게 산단 말이냐. 나도 이제 죽어서 네 뒤를 따르련다.” 이때 화려한 수레가 대성의 무덤 앞에 도착하더니\n아름다운 귀부인이 아이를 안고 내렸어요. 바로 김문량의 아내였어요. 김문량의 아내는 무덤 앞에서 울고 있는 경조에게 다가가 아이를 보여 주며 말했어요. “울지 마세요. 대성이는 이렇게 다시 태어났답니다.”",
      "srcPage": 16,
      "srcSentenceEA": 9,
      "srcWordEA": 78,
      "character": "대성,어머니,경조,사람,수레,귀부인,아이,김문량",
      "setting": "무덤",
      "action": "찾아와,울기만 했어요,도착하더니,안고 내렸어요,다가가,말했어요,태어났답니다,달래도,따르련다,보여 주며",
      "feeling": null,
      "causalRelationship": null,
      "outcomeResolution": null,
      "prediction": "울지 마세요. 대성이는 이렇게 다시 태어났답니다.",
      "plotSummaryInfoCount": 1,
      "plotSummaryInfo": {
        "classification": "사회관계",
        "readAge": "초등_저학년",
        "form": "long-form",
        "plotSummaryText": "대성의 무덤 앞에서 그리워하며 슬퍼하던 어머니 경조 앞에 김문량의 아내가 나타나 다시 태어난 대성을 보여 주었습니다.",
        "textWordEA": 16
      }
    }
  ]
}