{
  "title": "인어공주",
  "author": "아람, 정스토리공방",
  "illustrator": "김영한",
  "isbn": "9791165438029",
  "publishedYear": 2023,
  "publisher": "아람키즈",
  "paragraphInfoCount": 18,
  "paragraphInfo": [
    {
      "srcTextID": "138913",
      "srcText": "그날 밤 인어공주는 배가 폭풍우에 휩쓸리고 , 왕자가 바닷속으로 가라앉는 걸 보게 되었어요. “왕자님을 구해야겠어!” 인어 공주는 온 힘을 다해 왕자를 물 위로 끌어올렸어요. 그러고는 왕자를 꼭 안은 채 거센 파도를 헤치며 나아갔어요.",
      "srcPage": 5,
      "srcSentenceEA": 4,
      "srcWordEA": 35,
      "character": "인어공주,배,왕자",
      "setting": "그날 밤,바닷속",
      "action": "가라앉는,보게,구해야겠어,끌어올렸어요,헤치며",
      "feeling": null,
      "causalRelationship": null,
      "outcomeResolution": null,
      "prediction": null,
      "plotSummaryInfoCount": 1,
      "plotSummaryInfo": {
        "classification": "사회관계",
        "readAge": "초등_저학년",
        "form": "long-form",
        "plotSummaryText": "그날 밤 폭풍우에 휩쓸려 왕자가 바닷속으로 가라앉는 것을 본 인어 공주는 온 힘을 다해서 왕자를 물 위로 끌어 올려 거센 파도를 헤치며 나아갔다.",
        "textWordEA": 23
      }
    },
    {
      "srcTextID": "138910",
      "srcText": "깊은 바닷속 어느 곳에, 진주와 산호로 된 성이 있었어요. 그곳에는 아름다운 인어 공주가 살았어요. 인어 공주에게는 다섯 명의 언니가 있었어요. 언니들은 인어 공주에게 바다 위 세상 이야기를 해 주었어요.",
      "srcPage": 1,
      "srcSentenceEA": 4,
      "srcWordEA": 32,
      "character": "진주,산호,인어 공주,언니",
      "setting": "깊은 바닷속,성",
      "action": "이야기를 해 주었어요",
      "feeling": "아름다운",
      "causalRelationship": null,
      "outcomeResolution": null,
      "prediction": null,
      "plotSummaryInfoCount": 1,
      "plotSummaryInfo": {
        "classification": "사회관계",
        "readAge": "초등_저학년",
        "form": "long-form",
        "plotSummaryText": "깊은 바닷속 진주와 산호로 된 성에 아름다운 인어 공주와 다섯 명의 언니가 살았는데, 언니들은 인어 공주에게 바다 위 세상 이야기를 해 주었다.",
        "textWordEA": 22
      }
    },
    {
      "srcTextID": "138909",
      "srcText": "“밤하늘의 달과 별들은 또 얼마나 예쁘다고.” “사람들은 다리로 걸어 다녀.” 바다 위 세상 이야기를 들을 때마다  인어 공주의 가슴은 두근두근 뛰었어요. 하지만 인어는 열다섯 살이 되어야 바다 위로 나갈 수 있었어요.",
      "srcPage": 2,
      "srcSentenceEA": 4,
      "srcWordEA": 34,
      "character": "달,별,사람들,다리,인어",
      "setting": "바다 위",
      "action": "걸어 다녀,나갈",
      "feeling": "예쁘다고,가슴은 두근두근 뛰었어요",
      "causalRelationship": null,
      "outcomeResolution": null,
      "prediction": null,
      "plotSummaryInfoCount": 1,
      "plotSummaryInfo": {
        "classification": "사회관계",
        "readAge": "초등_저학년",
        "form": "long-form",
        "plotSummaryText": "밤하늘의 달과 별이나 사람들이 다리로 걷는다는 바다 위 세상 이야기를 들을 때마다 인어 공주의 가슴은 뛰었지만, 인어는 열다섯 살이 되어야 바다 위로 나갈 수 있었다.",
        "textWordEA": 25
      }
    },
    {
      "srcTextID": "138914",
      "srcText": "마침 한 아가씨가 왕자에게 다가가자, 정신을 차린 왕자는 아가씨를 보곤 환하게 웃었어요. 왕자를 구해준 건 사실 인어공주였는데 말이에요. 인어공주는 슬퍼하며 바닷속으로 돌아갔어요. 인어공주는 왕자를 안고 모래톱에 올라갔어요. 그러나 곧 사람들을 피해 바위 뒤로 몸을 숨겼지요.",
      "srcPage": 6,
      "srcSentenceEA": 5,
      "srcWordEA": 39,
      "character": "아가씨,왕자,인어공주,바위",
      "setting": "바닷속,모래톱에",
      "action": "다가가자,웃었어요,구해준,돌아갔어요,안고,숨겼지요",
      "feeling": "슬퍼하며,환하게",
      "causalRelationship": null,
      "outcomeResolution": null,
      "prediction": null,
      "plotSummaryInfoCount": 1,
      "plotSummaryInfo": {
        "classification": "사회관계",
        "readAge": "초등_저학년",
        "form": "long-form",
        "plotSummaryText": "한 아가씨가 왕자에게 다가서자 정신을 차린 왕자는 아가씨를 보곤 환하게 웃었고, 왕자를 구해 준 인어공주는 사람들을 피해 바위 뒤로 몸을 숨겼다가 슬퍼하며 바닷속으로 돌아갔다.",
        "textWordEA": 24
      }
    },
    {
      "srcTextID": "138924",
      "srcText": "인어공주는 칼을 들고 왕자가 자고 있는 방으로 향했어요. 왕자는 신부와 함께 깊은 잠에 빠져 있었어요. 인어공주는 왕자의 얼굴을 지그시 바라보았어요. ‘왕자님을 없애고 나서 내가 행복할 수 있을까?’",
      "srcPage": 16,
      "srcSentenceEA": 4,
      "srcWordEA": 30,
      "character": "인어공주,칼,왕자",
      "setting": "방",
      "action": "향했어요,바라보았어요",
      "feeling": null,
      "causalRelationship": null,
      "outcomeResolution": null,
      "prediction": null,
      "plotSummaryInfoCount": 1,
      "plotSummaryInfo": {
        "classification": "사회관계",
        "readAge": "초등_저학년",
        "form": "long-form",
        "plotSummaryText": "인어공주는 칼을 들고 왕자가 자는 방으로 향했고 깊은 잠에 빠진 그를 보며 왕자님을 없애고 나서 내가 행복할 수 있을지를 생각했다.",
        "textWordEA": 20
      }
    },
    {
      "srcTextID": "138926",
      "srcText": "그런데 이게 웬일이에요! 포근하고 따사로운 느낌이 들었어요. ‘아! 물거품이 아니라 바람이 되었네.’ 인어 공주는 애타게 자신을 찾고 있는 왕자를 한참 바라보았어요. ‘왕자님! 행복하세요!’ 인어 공주는 마지막 인사를 하고는 하늘로 올라갔어요.",
      "srcPage": 18,
      "srcSentenceEA": 8,
      "srcWordEA": 37,
      "character": "인어 공주,왕자",
      "setting": "하늘로",
      "action": "찾고 있는,바라보았어요",
      "feeling": null,
      "causalRelationship": null,
      "outcomeResolution": null,
      "prediction": null,
      "plotSummaryInfoCount": 1,
      "plotSummaryInfo": {
        "classification": "사회관계",
        "readAge": "초등_저학년",
        "form": "long-form",
        "plotSummaryText": "그런데 인어 공주는 물거품이 아니라 바람이 되었고, 자신을 애타게 찾고 있는 왕자를 한참 바라보다가 행복해지라는 마지막 인사를 하고는 하늘로 올라갔다.",
        "textWordEA": 20
      }
    },
    {
      "srcTextID": "138916",
      "srcText": "바다 마녀는 소름 끼치는 목소리로 대답했어요. “이 약을 먹으면, 다리가 있어도 걸을 때마다 칼에 찔린 듯 아플 거야. 그리고 네 목소리를 내놓아야 해. 마지막으로 왕자의 신부가 되지 못한다면 물거품이 되어 사라질 거야. 그래도 인간이 되고 싶으냐?” 인어공주는 창백한 얼굴로 고개를 끄덕이고 약을 마셨어요.",
      "srcPage": 8,
      "srcSentenceEA": 6,
      "srcWordEA": 47,
      "character": "바다 마녀,약,다리,칼,왕자,인어공주,고개",
      "setting": null,
      "action": "대답했어요,먹으면,걸을,끄덕이고,마셨어요",
      "feeling": "소름 끼치는",
      "causalRelationship": null,
      "outcomeResolution": null,
      "prediction": null,
      "plotSummaryInfoCount": 1,
      "plotSummaryInfo": {
        "classification": "사회관계",
        "readAge": "초등_저학년",
        "form": "long-form",
        "plotSummaryText": "바다 마녀는 이 약을 먹으면 다리가 있어도 걸을 때마다 칼에 찔린 듯 아프고 목소리도 사라질 것이며 왕자의 신부가 되지 못하면 물거품이 되어 사라질 텐데 그래도 인간이 되고 싶냐고 물었고 인어 공주는 창백한 얼굴로 고개를 끄덕이고 약을 마셨다.",
        "textWordEA": 37
      }
    },
    {
      "srcTextID": "138911",
      "srcText": "드디어 인어 공주는 열다섯 번째 생일을 맞았어요. 그날 밤, 인어 공주는 바다 위로 헤엄쳐 올라갔어요. “우아, 빛나는 별이랑 달 좀 봐! 정말 아름다워.”",
      "srcPage": 3,
      "srcSentenceEA": 4,
      "srcWordEA": 25,
      "character": "인어 공주,별,달",
      "setting": "그날 밤,바다 위로",
      "action": "헤엄쳐,올라갔어요",
      "feeling": "아름다워",
      "causalRelationship": null,
      "outcomeResolution": null,
      "prediction": null,
      "plotSummaryInfoCount": 1,
      "plotSummaryInfo": {
        "classification": "사회관계",
        "readAge": "초등_저학년",
        "form": "long-form",
        "plotSummaryText": "드디어 열다섯 번째 생일을 맞은 인어 공주는 그날 밤, 바다 위로 헤엄쳐 올라가서 빛나는 별을 보고 감탄했다.",
        "textWordEA": 17
      }
    },
    {
      "srcTextID": "138921",
      "srcText": "“날 구해준 이가 바로 저 공주였어. 저 공주를 내 신부로 맞아야겠어.” 결혼식 날, 인어공주는 신부의 긴 옷자락을 잡아주었어요.",
      "srcPage": 14,
      "srcSentenceEA": 3,
      "srcWordEA": 20,
      "character": "공주,인어공주",
      "setting": null,
      "action": "구해준,잡아주었어요",
      "feeling": null,
      "causalRelationship": null,
      "outcomeResolution": null,
      "prediction": null,
      "plotSummaryInfoCount": 1,
      "plotSummaryInfo": {
        "classification": "사회관계",
        "readAge": "초등_저학년",
        "form": "short-form",
        "plotSummaryText": "날 구해준 이가 바로 저 공주인데 내 신부로 맞아야겠다 했고, 결혼식 날 인어공주는 신부의 긴 옷자락을 잡아주었다.",
        "textWordEA": 17
      }
    },
    {
      "srcTextID": "138912",
      "srcText": "인어 공주는 밤하늘에 눈을 뗄 수 없었어요. 그때 흥겨운 음악과 함께 화려한 배가 다가왔어요. 인어 공주는 배 위에 서 있는 왕자를 보고, 한눈에 사랑에 빠지고 말았어요.",
      "srcPage": 4,
      "srcSentenceEA": 3,
      "srcWordEA": 28,
      "character": "인어 공주,배,왕자",
      "setting": "밤하늘",
      "action": "다가왔어요,보고",
      "feeling": null,
      "causalRelationship": null,
      "outcomeResolution": null,
      "prediction": null,
      "plotSummaryInfoCount": 1,
      "plotSummaryInfo": {
        "classification": "사회관계",
        "readAge": "초등_저학년",
        "form": "short-form",
        "plotSummaryText": "밤하늘에서 눈을 뗄 수 없었던 인어 공주의 곁으로 흥겨운 음악과 함께 화려한 배가 다가왔고, 인어 공주는 배 위에 서 있는 왕자를 보고 한눈에 사랑에 빠지고 말았다.",
        "textWordEA": 26
      }
    },
    {
      "srcTextID": "138922",
      "srcText": "그러던 어느 날 왕자님은 임금님의 명령으로 이웃 나라 공주님을 만나러 가게 되었어요. 물론 인어공주도 왕자를 따라갔지요. 그런데 이웃 나라 공주님을 보자마자 왕자가 소리를 지르는 게 아니겠어요.",
      "srcPage": 13,
      "srcSentenceEA": 3,
      "srcWordEA": 28,
      "character": "왕자님,임금님,공주님,인어공주",
      "setting": "그러던 어느 날",
      "action": "만나러,소리를 지르는",
      "feeling": null,
      "causalRelationship": null,
      "outcomeResolution": null,
      "prediction": null,
      "plotSummaryInfoCount": 1,
      "plotSummaryInfo": {
        "classification": "사회관계",
        "readAge": "초등_저학년",
        "form": "short-form",
        "plotSummaryText": "그러던 어느 날 임금님의 명령으로 이웃 나라 공주님을 만나러 간 왕자님은 이웃 나라 공주님을 보자마자 소리를 질렀다.",
        "textWordEA": 17
      }
    },
    {
      "srcTextID": "138923",
      "srcText": "결혼식을 마친 왕자는 배에서 흥겨운 파티를 열었어요. 모두 왕자의 결혼을 축하하며 즐거워했어요. 단 한 명, 인어 공주만 빼고요. 인어 공주는 혼자 밤바다를 슬픈 눈으로 바라보았어요. ‘이제 해가 떠오르면, 난 물거품이 되어 사라지겠구나.’ 그때, 언니들이 찾아왔어요. 긴 머리카락이 싹둑 잘린 채로 말이에요. “막내야, 바다 마녀에게 우리들의 머리카락을 주고 이 칼을 받아왔어. 이걸로 왕자의 심장을 찌르면 다시 인어가 될 수 있대.”",
      "srcPage": 15,
      "srcSentenceEA": 9,
      "srcWordEA": 66,
      "character": "왕자,배,인어 공주,언니들,머리카락,바다 마녀,칼,심장",
      "setting": null,
      "action": "바라보았어요,찾아왔어요,주고,받아왔어,찌르면",
      "feeling": "즐거워했어요,슬픈",
      "causalRelationship": null,
      "outcomeResolution": null,
      "prediction": null,
      "plotSummaryInfoCount": 1,
      "plotSummaryInfo": {
        "classification": "사회관계",
        "readAge": "초등_저학년",
        "form": "long-form",
        "plotSummaryText": "결혼식을 마친 왕자는 배에서 흥겨운 파티를 열었고 모두 왕자의 결혼을 축하하며 즐거워했지만 인어 공주는 혼자 밤바다를 슬프게 바라보며 이제 물거품이 될 자신을 생각하던 중, 언니들이 찾아와서 바다 마녀에게 받아 온 이 칼로 왕자의 심장을 찌르면 다시 인어가 될 수 있다고 말했다.",
        "textWordEA": 41
      }
    },
    {
      "srcTextID": "138920",
      "srcText": "그날부터 인어공주는 왕자의 성에 머물렀어요. 왕자는 누구보다 아름다운 인어공주를 아껴주었어요. 인어공주는 발끝이 아팠지만, 왕자님과 함께해서 행복했어요. 그러던 어느 날, 왕자가 말했어요.",
      "srcPage": 11,
      "srcSentenceEA": 4,
      "srcWordEA": 24,
      "character": "인어공주,왕자",
      "setting": "어느 날,성",
      "action": "말했어요",
      "feeling": "행복했어요",
      "causalRelationship": null,
      "outcomeResolution": null,
      "prediction": null,
      "plotSummaryInfoCount": 1,
      "plotSummaryInfo": {
        "classification": "사회관계",
        "readAge": "초등_저학년",
        "form": "long-form",
        "plotSummaryText": "그날부터 왕자의 성에 머문 인어공주는 발끝이 아팠지만, 왕자가 자신을 아껴주어 행복했는데 그러던 어느 날 왕자가 말했다.",
        "textWordEA": 16
      }
    },
    {
      "srcTextID": "138925",
      "srcText": "인어공주는 밖으로 나와 칼을 바다 멀리 던져 버렸어요. 바다 위로 해가 떠올랐어요. 인어 공주는 차가운 바다로 뛰어들었어요.",
      "srcPage": 17,
      "srcSentenceEA": 3,
      "srcWordEA": 19,
      "character": "인어공주,칼",
      "setting": "바다",
      "action": "나와,던져 버렸어요,뛰어들었어요",
      "feeling": null,
      "causalRelationship": null,
      "outcomeResolution": null,
      "prediction": null,
      "plotSummaryInfoCount": 1,
      "plotSummaryInfo": {
        "classification": "사회관계",
        "readAge": "초등_저학년",
        "form": "short-form",
        "plotSummaryText": "인어공주는 밖으로 나와 칼을 멀리 던져 버렸고, 바다 위로 해가 떠오르자 바다로 뛰어들었다.",
        "textWordEA": 13
      }
    },
    {
      "srcTextID": "138915",
      "srcText": "그날 이후, 인어 공주는 왕자를 그리워했어요. “사람이 되어 왕자님 곁에 있을 수만 있다면.” 결국, 인어공주는 바다 마녀를 찾아갔어요. “바다 마녀님, 인간이 될 수 있는 약을 주세요”",
      "srcPage": 7,
      "srcSentenceEA": 4,
      "srcWordEA": 27,
      "character": "인어 공주,왕자,사람,바다 마녀,약",
      "setting": null,
      "action": "찾아갔어요,주세요",
      "feeling": "그리워했어요",
      "causalRelationship": null,
      "outcomeResolution": "결국, 인어공주는 바다 마녀를 찾아갔어요",
      "prediction": null,
      "plotSummaryInfoCount": 1,
      "plotSummaryInfo": {
        "classification": "사회관계",
        "readAge": "초등_저학년",
        "form": "long-form",
        "plotSummaryText": "왕자를 그리워한 인어 공주는 결국 바다 마녀를 찾아가서 인간이 될 수 있는 약을 달라고 했다.",
        "textWordEA": 15
      }
    },
    {
      "srcTextID": "138918",
      "srcText": "인어공주는 왕자의 성이 보이는 바닷가로 갔어요. “진짜 아름다운 다리가 생겼어!” 인어 공주는 무척 기뻤어요. 하지만 모래밭에 한 발 딛고는 아파서 주저앉고 말았지요.",
      "srcPage": 9,
      "srcSentenceEA": 4,
      "srcWordEA": 24,
      "character": "인어공주,왕자,다리",
      "setting": "바닷가",
      "action": "갔어요,주저앉고",
      "feeling": "아름다운,기뻤어요",
      "causalRelationship": null,
      "outcomeResolution": null,
      "prediction": null,
      "plotSummaryInfoCount": 1,
      "plotSummaryInfo": {
        "classification": "사회관계",
        "readAge": "초등_저학년",
        "form": "long-form",
        "plotSummaryText": "왕자의 성이 보이는 바닷가로 간 인어 공주는 아름다운 다리가 생겼다며 무척 기뻐했지만, 모래밭에 한 발 딛고는 아파서 주저앉고 말았다.",
        "textWordEA": 19
      }
    },
    {
      "srcTextID": "138917",
      "srcText": "때마침 왕자가 인어공주를 발견하고 말을 걸었어요. 하지만 인어공주는 대답할 수 없었지요. 마녀가 목소리를 가져가 버렸으니까요. 왕자는 말을 하지 못하는 인어공주를 불쌍히 여겨 성으로 데려갔어요.",
      "srcPage": 10,
      "srcSentenceEA": 4,
      "srcWordEA": 27,
      "character": "왕자,인어공주,마녀",
      "setting": null,
      "action": "말을 걸었어요,대답할,가져가,데려갔어요",
      "feeling": "불쌍히 여겨",
      "causalRelationship": "하지만 인어공주는 대답할 수 없었지요. 마녀가 목소리를 가져가 버렸으니까요",
      "outcomeResolution": null,
      "prediction": null,
      "plotSummaryInfoCount": 1,
      "plotSummaryInfo": {
        "classification": "사회관계",
        "readAge": "초등_저학년",
        "form": "long-form",
        "plotSummaryText": "때마침 인어 공주를 발견한 왕자가 말을 걸었지만 인어 공주는 마녀가 목소리를 가져가 버려서 대답할 수 없었고, 왕자는 그런 인어 공주를 불쌍히 여겨 성으로 데려갔다.",
        "textWordEA": 24
      }
    },
    {
      "srcTextID": "138919",
      "srcText": "“넌 나를 구해준 아가씨와 많이 닮았어. 그 아가씨를 다시 만날 수 있다면, 꼭 그녀와 결혼을 하고 싶어.” 인어공주는 깊은 한숨을 내쉬었지만 어쩔 수 없었어요. ‘왕자님을 구한 건 나예요.’ 인어 공주는 슬프게 왕자를 바라보았어요.",
      "srcPage": 12,
      "srcSentenceEA": 5,
      "srcWordEA": 37,
      "character": "아가씨,인어공주,왕자님",
      "setting": null,
      "action": "구해준,만날,바라보았어요",
      "feeling": "슬프게",
      "causalRelationship": null,
      "outcomeResolution": null,
      "prediction": null,
      "plotSummaryInfoCount": 1,
      "plotSummaryInfo": {
        "classification": "사회관계",
        "readAge": "초등_저학년",
        "form": "long-form",
        "plotSummaryText": "넌 나를 구해준 아가씨와 많이 닮았는데 난 그녀와 결혼하고 싶다는 왕자의 말에 인어공주는 왕자님을 구한 건 나라며 슬프게 왕자를 바라보았다.",
        "textWordEA": 20
      }
    }
  ]
}