{
  "title": "호동과 낙랑",
  "author": "한국역사교육연구회 편집1팀",
  "illustrator": "손다혜",
  "isbn": "9788954339209",
  "publishedYear": 2004,
  "publisher": "한국삐아제",
  "paragraphInfoCount": 17,
  "paragraphInfo": [
    {
      "srcTextID": "127334",
      "srcText": "고구려로 돌아온 호동 왕자는 대무신왕에게 자명고와 뿔피리에 대해 말했어요. “오호! 세상에 그런 북과 뿔피리가 있다니, 정말 신기한 일이로구나.” “지금까지 낙랑국과의 싸움에서 우리가 진 것은 너무나 당연한 일입니다.” 대무신왕은 고개를 끄덕이며 말했어요. “좋다! 이번에 낙랑국을 치러 갈 때는 네가 총대장을 맡거라. 아무래도 네가 낙랑국에 대해 가장 잘 알고 있을 테니 말이다.” 호동 왕자는 고민에 빠졌어요. 사랑하는 여자가 있는 나라를 앞장서서 치러 가야 하기 때문이지요. 호동 왕자가 슬퍼하자, 어머니가 말했어요. “호동아! 만약 다른 사람이 총대장이 된다면 낙랑국 사람들을 무자비하게 죽일지도 모르잖니? 그러니 네가 앞장서서 낙랑국 사람들을 보호해 주렴.” 어머니의 말을 들은 호동 왕자는 드디어 마음을 굳혔어요. 대무신왕의 명령에 따라 총대장이 되어 고구려 군대를 지휘하기로 한 거예요.",
      "srcPage": 12,
      "srcSentenceEA": 13,
      "srcWordEA": 115,
      "character": "호동 왕자,대무신왕,자명고,뿔피리,우리,총대장,여자,어머니",
      "setting": "고구려,낙랑국",
      "action": "돌아온,말했어요,진,끄덕이며,치러 갈,무자비하게 죽일지도,앞장서서,지휘하기로",
      "feeling": "신기한,좋다,사랑하는,슬퍼하자",
      "causalRelationship": null,
      "outcomeResolution": "대무신왕의 명령에 따라 총대장이 되어 고구려 군대를 지휘하기로 한 거예요.",
      "prediction": null,
      "plotSummaryInfoCount": 1,
      "plotSummaryInfo": {
        "classification": "사회관계",
        "readAge": "초등_저학년",
        "form": "long-form",
        "plotSummaryText": "고구려로 돌아와 대무신왕에게 자명고와 뿔피리에 대해 말한 호동 왕자는 이번에 낙랑국을 치러 갈 때 총대장을 맡으라는 왕의 말에 사랑하는 여자가 있는 나라를 앞장서서 치러 가야 하기 때문에 고민에 빠져 슬퍼했지만, 다른 사람이 총대장이 된다면 낙랑국 사람들을 죽일지도 모르니 네가 앞장서서 낙랑국 사람들을 보호해 주라는 어머니의 말을 듣고 마음을 굳혀 총대장이 되어 고구려 군대를 지휘하기로 했습니다.",
        "textWordEA": 55
      }
    },
    {
      "srcTextID": "127323",
      "srcText": "바람을 가르며 날아간 화살이 과녁에 꽂히자 한 군사가 붉은 기를 흔들며 큰 소리로 외쳤어요. “명중이오!” 호동 왕자는 정신을 집중해서 다시 화살을 쏘았어요. 이번에도 빠르게 날아간 화살은 과녁 한복판에 정확히 꽂혔지요. 호동 왕자는 고구려 대무신왕의 아들이에요. 대무신왕은 자식을 여럿 두었지만 그 중에서도 지혜롭고 무예 실력이 뛰어난 호동 왕자를 가장 사랑했어요. 사람들은 모두 호동 왕자를 보고 어진 왕이 될 거라고 칭찬했지만 사실 호동 왕자는 왕이 될 수 없었어요. 호동 왕자의 어머니는 후궁이었기 때문이지요. 게다가 이미 왕비의 아들이 태자로 정해져 있었어요. ‘아무리 무예실력이 뛰어나고 지혜롭다 해도 나는 왕이 될 수 없다. 나라 법에 따른다면 후궁의 아들은 왕이 될 수 없지 않은가!’ 호동 왕자는 백성을 행복하게 해주는 왕이 되고 싶었지만 그 꿈을 이룰 수 없다고 생각하니 서글펐어요.",
      "srcPage": 1,
      "srcSentenceEA": 11,
      "srcWordEA": 123,
      "character": "화살,군사,붉은 기,과녁,호동 왕자,대무신왕,어머니,후궁,왕비,아들,태자,백성,사람들",
      "setting": "고구려",
      "action": "가르며,날아간,꽂히자,흔들며,외쳤어요,집중해서,쏘았어요,꽂혔지요,두었지만,칭찬했지만,정해져,이룰",
      "feeling": "사랑했어요,행복하게,서글펐어요",
      "causalRelationship": "아무리 무예실력이 뛰어나고 지혜롭다 해도 나는 왕이 될 수 없다. 나라 법에 따른다면 후궁의 아들은 왕이 될 수 없지 않은가!",
      "outcomeResolution": null,
      "prediction": null,
      "plotSummaryInfoCount": 1,
      "plotSummaryInfo": {
        "classification": "사회관계",
        "readAge": "초등_저학년",
        "form": "long-form",
        "plotSummaryText": "고구려 대무신왕은 여럿 두었던 자식 중에서도 지혜롭고 무예 실력이 뛰어난 호동 왕자를 가장 사랑했는데 어머니가 후궁이었기 때문에 호동 왕자는 왕이 될 수 없었으며 게다가 이미 왕비의 아들이 태자로 정해져 있었기에, 백성을 행복하게 해주는 왕이 되고 싶었던 호동 왕자는 꿈을 이룰 수 없다고 생각하니 서글펐습니다.",
        "textWordEA": 44
      }
    },
    {
      "srcTextID": "127325",
      "srcText": "호동 왕자는 잠시 말을 멈추고 왕의 사냥 행렬을 바라보았어요. 비단과 황금으로 장식한 말을 탄 남자가 눈에 띄었지요. 그 남자는 몸집이 큰데다 눈빛은 마치 불을 뿜는 듯 했어요. ‘아, 저 사람이 말로만 듣던 낙랑국 왕 최리로구나.’ 호동 왕자는 마음속으로 생각했어요. 낙랑국 왕 최리는 무예가 뛰어나기로 유명했어요. 하지만 성격이 포악해서 낙랑국 백성들에게 미움을 받고 있었지요. 호동 왕자는 말없이 낙랑국 왕을 지켜보고 있었어요. 그런데 갑자기 사냥 행렬을 뒤따르던 한 젊은이가 최리를 향해 몰래 활을 겨누는 게 아니겠어요? “앗! 등 뒤를 조심하십시오!” 호동 왕자는 자기도 모르게 큰 소리로 외쳤어요. 깜짝 놀란 최리가 뒤를 돌아보려는 찰나, 젊은이가 활시위를 당겼어요. 호동 왕자는 그 젊은이를 향해 잽싸게 화살을 쏘았지요. 호동 왕자가 쏜 화살은 젊은이의 가슴에 정확히 꽂혔고, 젊은이는 가슴을 움켜쥐며 죽고 말았어요.",
      "srcPage": 3,
      "srcSentenceEA": 14,
      "srcWordEA": 128,
      "character": "호동 왕자,왕,말,남자,최리,젊은이",
      "setting": "낙랑국",
      "action": "바라보았어요,지켜보고,뒤따르던,활을 겨누는,외쳤어요,당겼어요,쏘았지요,움켜쥐며",
      "feeling": "미움을,놀란",
      "causalRelationship": null,
      "outcomeResolution": "호동 왕자가 쏜 화살은 젊은이의 가슴에 정확히 꽂혔고, 젊은이는 가슴을 움켜쥐며 죽고 말았어요.",
      "prediction": null,
      "plotSummaryInfoCount": 1,
      "plotSummaryInfo": {
        "classification": "사회관계",
        "readAge": "초등_저학년",
        "form": "long-form",
        "plotSummaryText": "갑자기 사냥 행렬을 뒤따르던 한 젊은이가 최리를 향해 몰래 활을 겨누는 것을 보고 호동 왕자는 자기도 모르게 조심하라고 외쳤지만 최리가 뒤를 돌아보려는 찰나에 젊은이가 활시위를 당겼기에 호동 왕자도 화살을 쏴 정확히 꽂히자 젊은이가 가슴을 움켜쥐며 죽고 말았습니다.",
        "textWordEA": 37
      }
    },
    {
      "srcTextID": "127329",
      "srcText": "최리는 곧 호동 왕자를 위해 큰 잔치를 준비했어요. 잔칫상에는 진귀한 음식들이 가득했어요. 아름다운 여인들이 노래를 부르고, 춤을 추며 잔치의 흥을 돋워 주었지요. 잔치에 모인 사람 모두가 술잔을 주거니 받거니 하면서 기분 좋게 먹고 마시고 있을 때였어요. 장막이 열리더니 한 여인이 들어와 노래를 부르기 시작했지요. 여인을 본 호동 왕자는 가슴이 철렁 내려앉았어요. ‘세상에! 어쩌면 저리도 아름다울 수 있단 말인가?’ 그 아리따운 여인은 바로 최리의 딸 낙랑 공주였어요. 낙랑 공주도 호동 왕자를 보자 한눈에 반하고 말았지요. ‘저분이 호동 왕자님이시구나! 참 늠름하고 지혜로워 보이는 걸.’",
      "srcPage": 7,
      "srcSentenceEA": 12,
      "srcWordEA": 93,
      "character": "최리,호동 왕자,여인들,낙랑 공주",
      "setting": null,
      "action": "준비했어요,부르고,추며,주거니 받거니,먹고 마시고,열리더니,부르기",
      "feeling": "아름다운",
      "causalRelationship": null,
      "outcomeResolution": null,
      "prediction": null,
      "plotSummaryInfoCount": 1,
      "plotSummaryInfo": {
        "classification": "사회관계",
        "readAge": "초등_저학년",
        "form": "long-form",
        "plotSummaryText": "최리가 호동 왕자를 위해 진귀한 음식들이 가득한 잔치를 준비해서 모인 사람 모두가 기분 좋게 먹고 마시고 있을 때, 장막이 열리더니 최리의 딸 낙랑 공주가 들어와 노래를 부르기 시작하면서 낙랑 공주와 호동 왕자는 서로를 보자 한눈에 반했습니다.",
        "textWordEA": 36
      }
    },
    {
      "srcTextID": "127337",
      "srcText": "“폐하! 호동 왕자가 고구려군을 이끌고 쳐들어왔습니다!” 낙랑국 왕 최리는 깜짝 놀라 잠자리에서 벌떡 일어났어요. 멀리서 비명 소리와 칼이 부딪치는 소리, 화살이 날아오는 소리가 들렸지요. “이럴 수가! 어째서 자명고가 울리지 않았느냐?” 최리는 자명고가 걸린 누각으로 달려갔어요. 누각에 도착한 최리는 눈이 휘둥그레졌어요. 찢어진 자명고 앞에 낙랑 공주가 눈물을 흘리며 서 있었지요. 낙랑 공주는 아버지를 보자 바닥에 쓰러지며 울부짖었어요. “아바마마, 저를 죽여 주십시오. 저는 아바마마와 조국을 배신했나이다!” 그제서야 모든 사정을 알아차린 최리는 분노로 얼굴이 벌겋게 달아올랐어요. 최리는 장검을 뽑아 들고는 엄하게 말했어요. “너는 이 나라의 공주다! 그런데 사랑에 눈이 멀어 나라를 배신했으니 죽음으로써 빚을 갚거라!” 그러고는 눈물을 머금고 장검을 내리쳤어요. 낙랑 공주는 외마디 비명을 지르며 숨을 거두었지요.",
      "srcPage": 15,
      "srcSentenceEA": 17,
      "srcWordEA": 118,
      "character": "폐하,호동 왕자,고구려군,낙랑국 왕 최리,자명고,낙랑 공주,아바마마",
      "setting": null,
      "action": "이끌고,쳐들어왔습니다,일어났어요,달려갔어요,눈물을 흘리며,쓰러지며,울부짖었어요,뽑아 들고는,말했어요,내리쳤어요",
      "feeling": "사랑에",
      "causalRelationship": null,
      "outcomeResolution": "낙랑 공주는 외마디 비명을 지르며 숨을 거두었지요.",
      "prediction": null,
      "plotSummaryInfoCount": 1,
      "plotSummaryInfo": {
        "classification": "사회관계",
        "readAge": "초등_저학년",
        "form": "long-form",
        "plotSummaryText": "낙랑국 왕 최리는 호동 왕자가 고구려군을 이끌고 쳐들어왔다고 하니 깜짝 놀라 어째서 자명고가 울리지 않았냐며 누각으로 달려갔는데, 찢어진 자명고 앞에서 눈물을 흘리며 조국을 배신했다고 죽여 달라고 쓰러져 울부짖는 낙랑 공주를 보고 모든 사정을 알아차린 최리는 낙랑 공주에게 사랑에 눈이 멀어 나라를 배신했으니 죽음으로써 빚을 갚으라며 눈물을 머금고 장검을 내리쳐 낙랑 공주가 숨을 거두었습니다.",
        "textWordEA": 53
      }
    },
    {
      "srcTextID": "127327",
      "srcText": "가까스로 목숨을 구한 최리가 호동 왕자에게 다가왔어요. “고맙소, 젊은이. 젊은이는 누구이기에 나를 구해 주었는가?” “저는 고구려 왕자 호동이라 하옵니다.” 고구려라는 말을 들은 최리의 눈썹이 한순간 꿈틀했어요. 하지만 얼른 표정을 누그러뜨리고 호동 왕자를 향해 미소지었지요. “오, 호동 왕자! 과연 소문에 듣던 대로 활 솜씨가 뛰어나구먼. 만나서 반갑소. 나는 낙랑국 왕 최리라고 하오.” “낙랑국 대왕님을 이렇게 뵙게 되어 영광이옵니다.” 호동 왕자가 깍듯이 인사하자 최리의 기분이 더욱 좋아졌어요.",
      "srcPage": 4,
      "srcSentenceEA": 12,
      "srcWordEA": 72,
      "character": "최리,호동 왕자,젊은이,대왕님",
      "setting": "고구려,낙랑국",
      "action": "다가왔어요,구해,꿈틀했어요,미소지었지요,뵙게 되어,인사하자",
      "feeling": "고맙소,반갑소",
      "causalRelationship": "호동 왕자가 깍듯이 인사하자 최리의 기분이 더욱 좋아졌어요.",
      "outcomeResolution": null,
      "prediction": null,
      "plotSummaryInfoCount": 1,
      "plotSummaryInfo": {
        "classification": "사회관계",
        "readAge": "초등_저학년",
        "form": "long-form",
        "plotSummaryText": "목숨을 구한 최리가 호동 왕자에게 다가와 고구려 왕자 호동이라는 말을 듣고 눈썹이 한순간 꿈틀했지만 얼른 표정을 누그러뜨리고 호동 왕자를 향해 미소지으며 듣던 대로 활 솜씨가 뛰어나며 만나서 반갑다고 인사했고, 낙랑국 대왕님을 이렇게 뵙게 되어 영광이라며 호동 왕자가 깍듯이 인사하자 최리의 기분이 좋아졌습니다.",
        "textWordEA": 42
      }
    },
    {
      "srcTextID": "127326",
      "srcText": "‘강대국의 왕자라고 해서 거들먹거릴 줄 알았는데 의외로 겸손하군. 인물도 좋고, 무예 실력도 뛰어나고, 참 멋진 젊은이인데 고구려 왕자라니 아쉽도다.’ 최리는 호동 왕자가 아주 마음에 들었어요. “호동 왕자! 잠깐 대궐에 들러서 쉬었다 가지 않겠소? 내 생명을 구해 준 은인에게 보답을 하고 싶소.”",
      "srcPage": 5,
      "srcSentenceEA": 6,
      "srcWordEA": 45,
      "character": "강대국,왕자,최리,호동 왕자,인물,젊은이,은인",
      "setting": "대궐,고구려",
      "action": "들러서,쉬었다,가지,구해 준,보답을 하고",
      "feeling": "아쉽도다",
      "causalRelationship": null,
      "outcomeResolution": null,
      "prediction": null,
      "plotSummaryInfoCount": 1,
      "plotSummaryInfo": {
        "classification": "사회관계",
        "readAge": "초등_저학년",
        "form": "long-form",
        "plotSummaryText": "최리는 호동 왕자가 겸손하고 멋진 젊은이인데 고구려 왕자라니 아쉬웠지만 아주 마음에 들었기에, 생명을 구해 준 은인에게 보답을 하고 싶다며 잠깐 대궐에 들러서 쉬었다 가라고 했습니다.",
        "textWordEA": 25
      }
    },
    {
      "srcTextID": "127330",
      "srcText": "그날 밤, 호동 왕자는 아무도 모르게 낙랑 공주를 찾아갔어요. 정원에서 산책을 하던 낙랑 공주는 호동 왕자를 보고 깜짝 놀랐지요. “놀라게 해서 미안합니다. 꼭 드릴 말씀이 있어서 왔습니다. 저는 공주님을 보고 첫눈에 반하고 말았습니다.” 낙랑 공주도 호동 왕자를 사랑하는 마음을 감출 수 없었어요. “사실은 저도 왕자님을 사랑하고 있답니다.” 서로의 마음을 확인한 두 사람은 행복한 얼굴로 꼭 끌어안았어요. 두 사람에 대한 이야기가 낙랑국 대궐 안에 금세 퍼졌어요.",
      "srcPage": 8,
      "srcSentenceEA": 9,
      "srcWordEA": 71,
      "character": "호동 왕자,낙랑 공주,왕자님,두 사람",
      "setting": "그날 밤,정원,낙랑국 대궐",
      "action": "찾아갔어요,산책을 하던,드릴,왔습니다,감출,끌어안았어요,퍼졌어요",
      "feeling": "놀랐지요,미안합니다,사랑하는,행복한",
      "causalRelationship": null,
      "outcomeResolution": null,
      "prediction": null,
      "plotSummaryInfoCount": 1,
      "plotSummaryInfo": {
        "classification": "사회관계",
        "readAge": "초등_저학년",
        "form": "long-form",
        "plotSummaryText": "그날 밤에 정원에서 산책을 하던 낙랑 공주가 호동 왕자를 보고 깜짝 놀랐고, 공주를 보고 첫눈에 반하고 말았다고 하는 호동 왕자에게 자기도 사랑하고 있다며 서로의 마음을 확인한 두 사람은 행복한 얼굴로 꼭 끌어안았습니다.",
        "textWordEA": 32
      }
    },
    {
      "srcTextID": "127328",
      "srcText": "뜻밖의 초대를 받은 호동 왕자는 잠시 망설였어요. 혹시 볼모로 잡히는 게 아닐까 걱정이 됐기 때문이지요. 하지만 한편으로는 좋은 기회라는 생각도 들었어요. ‘천하에서 제일 강한 우리 고구려 군대가 번번이 낙랑국 군대에게 진다는 건 이해가 안 되는 일이야. 분명히 뭔가 비밀이 있을 거야. 그래, 이 기회에 낙랑국 대궐에 들어가 비밀을 알아내야지.’ 호동 왕자는 최리를 따라 낙랑국 대궐로 들어갔어요.",
      "srcPage": 6,
      "srcSentenceEA": 7,
      "srcWordEA": 62,
      "character": "호동 왕자,고구려 군대,낙랑국 군대,볼모,최리,우리",
      "setting": "낙랑국 대궐",
      "action": "받은,망설였어요,잡히는,진다는,들어가,들어갔어요,따라",
      "feeling": "걱정이",
      "causalRelationship": "뜻밖의 초대를 받은 호동 왕자는 잠시 망설였어요. 혹시 볼모로 잡히는 게 아닐까 걱정이 됐기 때문이지요.",
      "outcomeResolution": null,
      "prediction": null,
      "plotSummaryInfoCount": 1,
      "plotSummaryInfo": {
        "classification": "사회관계",
        "readAge": "초등_저학년",
        "form": "long-form",
        "plotSummaryText": "초대를 받은 호동 왕자는 볼모로 잡히는 게 아닐지 걱정이 됐기 때문에 잠시 망설였지만, 한편으로는 좋은 기회라는 생각도 들어 뭔가 비밀이 있을 거라며 비밀을 알아내려고 최리를 따라 낙랑국 대궐로 들어갔습니다.",
        "textWordEA": 29
      }
    },
    {
      "srcTextID": "127332",
      "srcText": "호동 왕자가 낙랑 공주에게 청혼했다는 이야기를 들은 최리는 매우 기뻤어요. ‘호동은 고구려 왕의 후궁의 아들이라 어차피 왕이 될 수 없어. 그러니 내 사위로 삼은 다음 고구려를 공격해야겠다. 그렇게 되면 나는 낙랑국뿐 아니라 고구려 왕도 되는 거야. 나중에 호동에게 왕위를 물려주면 내 딸은 고구려 왕비가 될 테고.’ 낙랑 공주는 이미 아버지의 속셈을 눈치채고 있었어요. 아버지가 욕심이 많고 포악해서 백성들이 괴로워한다는 것도 잘 알고 있었지요. 낙랑 공주는 아버지와 백성들을 생각하면 마음이 무거워졌어요. 호동 왕자는 낙랑 공주가 시름에 잠겨 있는 것을 눈치챘어요. “공주님, 무슨 걱정이 있나요?” 낙랑 공주는 호동 왕자에게 모든 사실을 털어놓았어요. “아바마마는 백성들을 너무 모질게 다스리세요. 그래서 아바마마께 원한을 품은 사람이 많답니다. 지난번 사냥터에서 아바마마를 죽이려던 사람도 아마 그런 사람 가운데 하나일 거예요.”",
      "srcPage": 10,
      "srcSentenceEA": 14,
      "srcWordEA": 123,
      "character": "호동 왕자,낙랑 공주,최리,후궁,사위,왕비,아버지,백성들,아바마마,사람",
      "setting": "사냥터,고구려,낙랑국",
      "action": "청혼했다는,들은,공격해야겠다,물려주면,잠겨,털어놓았어요,다스리세요,품은,죽이려던",
      "feeling": "기뻤어요,괴로워한다는,걱정이",
      "causalRelationship": "아바마마는 백성들을 너무 모질게 다스리세요. 그래서 아바마마께 원한을 품은 사람이 많답니다.",
      "outcomeResolution": null,
      "prediction": null,
      "plotSummaryInfoCount": 1,
      "plotSummaryInfo": {
        "classification": "사회관계",
        "readAge": "초등_저학년",
        "form": "long-form",
        "plotSummaryText": "호동은 어차피 왕이 될 수 없으니 사위로 삼은 다음 고구려를 공격해서 낙랑국뿐 아니라 고구려 왕도 되어 호동에게 물려주면 딸은 고구려 왕비가 될 것이라는 최리의 속셈을 눈치챈 낙랑 공주가 마음이 무거워져 시름에 잠겼고, 무슨 걱정이 있는지 묻는 호동 왕자에게 낙랑 공주는 아바마마가 백성들을 모질게 다스려서 원한을 품은 사람이 많다며 모든 사실을 털어놓았습니다.",
        "textWordEA": 51
      }
    },
    {
      "srcTextID": "127331",
      "srcText": "사람들은 만나기만 하면 두 사람에 대해 수군거렸지요. “어제는 나란히 호숫가를 거닐더군요.” “어젯밤에는 공주님이 왕자님을 위해 노래를 부르셨어요.” “오늘 아침에는 왕자님이 공주님께 꽃을 주시던 걸요.” 드디어 호동 왕자는 용기를 내어 낙랑 공주에게 청혼을 했어요. “저는 비록 적국의 왕자입니다만, 공주님을 영원히 사랑하겠습니다. 부디 저와 혼인해 주십시오.” 낙랑 공주는 수줍게 웃으며 호동 왕자의 청혼을 받아들였어요. “우리 두 사람 앞에 어려움이 많겠지만 언제나 왕자님과 함께 하겠어요.”",
      "srcPage": 9,
      "srcSentenceEA": 9,
      "srcWordEA": 65,
      "character": "사람들,공주님,왕자님,꽃",
      "setting": "어제,오늘 아침에는,호숫가",
      "action": "만나기만 하면,수군거렸지요,거닐더군요,부르셨어요,주시던,용기를 내어,청혼을 했어요,혼인해,웃으며,받아들였어요",
      "feeling": "사랑하겠습니다",
      "causalRelationship": null,
      "outcomeResolution": "낙랑 공주는 수줍게 웃으며 호동 왕자의 청혼을 받아들였어요.",
      "prediction": null,
      "plotSummaryInfoCount": 1,
      "plotSummaryInfo": {
        "classification": "사회관계",
        "readAge": "초등_저학년",
        "form": "long-form",
        "plotSummaryText": "호동 왕자가 비록 적국의 왕자이지만 공주님을 영원히 사랑하겠다며 혼인해 달라고 용기를 내어 낙랑 공주에게 청혼을 하자, 낙랑 공주는 두 사람 앞에 어려움이 많겠지만 언제나 왕자님과 함께 하겠다며 호동 왕자의 청혼을 받아들였습니다.",
        "textWordEA": 31
      }
    },
    {
      "srcTextID": "127335",
      "srcText": "그날 밤, 호동 왕자는 낙랑 공주에게 편지 한 통을 보냈어요. '낙랑 공주님. 다가오는 보름날 내가 이끄는 고구려군이 낙랑국으로 쳐들어갈 것입니다. 보름달이 하늘 가운데에 뜨면 고구려군의 공격이 시작될 것입니다. 그러니 그날 밤에 미리 자명고를 찢고, 뿔피리를 못 쓰게 만들어 주십시오. 맹세하건대 결코 낙랑국의 백성들을 다치게 하지 않겠습니다.' 편지를 읽은 낙랑 공주는 안절부절못했어요. 어느덧 시간이 흘러 호동 왕자가 일러 준 보름날이 되었지요. 고민하던 낙랑 공주는 마음을 굳혔어요. ‘그래! 호동 왕자님은 너그러운 왕이 되어 낙랑국 백성들을 잘 보살펴 주실 거야. 아바마마의 목숨도 지켜 주시겠지.’ 낙랑 공주는 뿔피리를 망가뜨린 뒤 살금살금 자명고가 걸려 있는 누각으로 걸어갔어요. 누각 위로 휘영청 밝은 보름달이 떠오르고 있었지요. ‘더 늦기 전에 자명고를 찢어야 해. 아바마마, 용서해 주세요!’ 품 안에서 단도를 꺼내 든 낙랑 공주는 눈을 질끈 감고 자명고를 내리그었어요. 부우우욱! 자명고는 그대로 쭉 찢어지고 말았지요.",
      "srcPage": 13,
      "srcSentenceEA": 19,
      "srcWordEA": 143,
      "character": "호동 왕자,낙랑 공주,자명고,뿔피리,백성들,아바마마",
      "setting": "그날 밤,보름날,낙랑국으로",
      "action": "보냈어요,이끄는,쳐들어갈,공격이 시작될,찢고,못 쓰게 만들어,읽은,망가뜨린,걸어갔어요,꺼내 든,질끈 감고,내리그었어요",
      "feeling": null,
      "causalRelationship": null,
      "outcomeResolution": "자명고는 그대로 쭉 찢어지고 말았지요.",
      "prediction": null,
      "plotSummaryInfoCount": 1,
      "plotSummaryInfo": {
        "classification": "사회관계",
        "readAge": "초등_저학년",
        "form": "long-form",
        "plotSummaryText": "호동 왕자가 보름달이 하늘 가운데에 뜨면 그날 밤에 미리 자명고를 찢고 뿔피리를 못 쓰게 해달라며 결코 낙랑국의 백성들을 다치게 하지 않겠다며 보낸 편지를 읽고 고민하던 낙랑 공주는 마음을 굳혔고, 호동 왕자가 너그러운 왕이 되어 낙랑국 백성들을 잘 보살펴 주고 아바마마의 목숨도 지켜 주실 거라 믿으며 뿔피리를 망가뜨린 뒤 누각에 걸려 있는 자명고를 찢었습니다.",
        "textWordEA": 53
      }
    },
    {
      "srcTextID": "127336",
      "srcText": "낙랑국으로 향하는 호동 왕자는 불안했어요. 낙랑 공주가 자명고와 뿔피리를 없애지 않는다면 고구려는 이번에도 낙랑국을 이길 수 없을 테니까요. 그러나 호동 왕자는 낙랑 공주가 자명고를 찢지 않더라도 공주를 미워하지 않으리라 다짐했어요. 자식으로서 아버지를 배신한다는 것이 얼마나 힘든 일인지 이해할 수 있었으니까요. 드디어 보름달이 하늘 한가운데 떠오를 때쯤 고구려군은 무사히 낙랑국 국경을 넘었어요. 여느 때와 달리 낙랑국 군사들은 한 명도 눈에 띄지 않았지요. 호동 왕자는 마음이 놓였어요. ‘아! 낙랑 공주가 약속을 지켜 주었구나.’ 용기를 얻은 호동 왕자는 우렁차게 외쳤어요. “고구려 군사들이여, 때가 왔다. 쳐들어가자!” 호동 왕자는 힘차게 말을 몰고 낙랑국 대궐로 들어갔어요. 군사들도 뒤를 쫓아 파도처럼 몰려들어갔지요.",
      "srcPage": 14,
      "srcSentenceEA": 14,
      "srcWordEA": 107,
      "character": "호동 왕자,낙랑 공주,자명고,뿔피리,자식,아버지,군사들,말,고구려군",
      "setting": "낙랑국,대궐",
      "action": "향하는,넘었어요,외쳤어요,쳐들어가자,말을 몰고,들어갔어요,뒤를 쫓아,몰려들어갔지요",
      "feeling": "불안했어요,미워하지",
      "causalRelationship": null,
      "outcomeResolution": "드디어 보름달이 하늘 한가운데 떠오를 때쯤 고구려군은 무사히 낙랑국 국경을 넘었어요.",
      "prediction": null,
      "plotSummaryInfoCount": 1,
      "plotSummaryInfo": {
        "classification": "사회관계",
        "readAge": "초등_저학년",
        "form": "long-form",
        "plotSummaryText": "낙랑 공주가 자명고와 뿔피리를 없애지 않는다면 낙랑국을 이길 수 없을 거라서 호동 왕자는 불안했지만, 보름달이 하늘 한가운데 떠오를 때쯤 무사히 낙랑국 국경을 넘는데 낙랑국 군사들이 눈에 띄지 않아 마음을 놓으며 낙랑 공주가 약속을 지켜 주었다고 생각하고 힘차게 말을 몰아 낙랑국 대궐로 들어가는 호동 왕자의 뒤를 쫓아 군사들도 몰려들어갔습니다.",
        "textWordEA": 48
      }
    },
    {
      "srcTextID": "127324",
      "srcText": "하루는 대무신왕이 호동 왕자를 불러 말했어요. “그동안 나는 동부여, 개마국 등 여러 나라를 정복해서 고구려 땅을 넓혔지만 일일이 돌보지 못하고 있다. 나 대신 네가 동부여와 개마국 구석구석을 다니며 백성들이 어떻게 사는지 살펴보고 오너라.” 호동 왕자는 매우 기뻤어요. 대무신왕이 이처럼 중요한 일을 맡긴 것은 그만큼 자기를 믿고 있다는 뜻이었으니까요. 호동 왕자는 서둘러 길을 떠났어요. 딸가닥 딸가닥. 말을 달려 고구려와 낙랑국이 맞닿은 지역에 이르렀을 즈음 호동 왕자는 화려한 행렬과 마주치게 되었어요. 낙랑국 왕 최리가 신하들과 함께 사냥을 나온 것이었지요. 낙랑국은 주변 나라들 가운데 고구려에게 정복되지 않은 유일한 나라였어요. 대무신왕은 낙랑국을 차지하려고 여러 차례 공격했어요. 하지만 그럴 때마다 낙랑국에서는 고구려군이 쳐들어올 것을 금세 알아차리고 철저히 방어하곤 했답니다.",
      "srcPage": 2,
      "srcSentenceEA": 12,
      "srcWordEA": 114,
      "character": "대무신왕,호동 왕자,말",
      "setting": "고구려,동부여,개마국,낙랑국",
      "action": "불러,말했어요,돌보지,다니며,살펴보고,오너라,떠났어요,달려,이르렀을,마주치게,나온,공격했어요,쳐들어올",
      "feeling": "기뻤어요",
      "causalRelationship": null,
      "outcomeResolution": null,
      "prediction": null,
      "plotSummaryInfoCount": 1,
      "plotSummaryInfo": {
        "classification": "사회관계",
        "readAge": "초등_저학년",
        "form": "long-form",
        "plotSummaryText": "호동 왕자를 불러 동부여와 개마국을 다니며 백성들이 어떻게 사는지 보고 오라고 하자, 대무신왕이 자기를 믿고 있어 중요한 일을 맡긴 것이라고 생각하여 기뻐서 호동 왕자가 서둘러 길을 떠나 고구려와 낙랑국이 맞닿은 지역에 이르렀을 즈음에 낙랑국 왕 최리가 신하들과 함께 사냥을 나온 화려한 행렬과 마주치게 되었습니다.",
        "textWordEA": 44
      }
    },
    {
      "srcTextID": "127338",
      "srcText": "와아아아! 고구려군은 잠에서 덜 깬 낙랑국 군사들을 쉽게 무찔렀어요. 그래서 해가 뜨기도 전에 낙랑국을 완전히 정복할 수 있었답니다. “와아! 고구려 만세!” “절대로 낙랑국 백성을 다치게 하거나 놀라게 하지 마라. 물건을 빼앗지도 말고, 집을 부수지도 마라!” 싸움에서 이긴 호동 왕자는 대궐을 샅샅이 뒤지며 낙랑 공주를 찾았어요. 자명고가 걸린 누각 앞에 이르렀을 때였어요. 호동 왕자는 얼어붙은 사람처럼 걸음을 멈추었답니다. 찢어진 자명고 옆에 숨을 거둔 두 사람이 누워 있었거든요. 한 사람은 낙랑국 왕 최리였고, 또 한 사람은 애타게 찾던 낙랑 공주였어요. “아아, 공주님! 결국 나 때문에 이렇게 되어 버렸군요.” 호동 왕자는 낙랑 공주를 끌어안고 목놓아 울었어요.",
      "srcPage": 16,
      "srcSentenceEA": 13,
      "srcWordEA": 104,
      "character": "고구려군,낙랑국 군사들,호동 왕자,낙랑국 왕 최리,낙랑 공주",
      "setting": "해가 뜨기도 전에",
      "action": "무찔렀어요,빼앗지도 말고,부수지도,이긴,뒤지며,찾았어요,멈추었답니다,끌어안고,울었어요",
      "feeling": "놀라게,애타게",
      "causalRelationship": "잠에서 덜 깬 낙랑국 군사들을 쉽게 무찔렀어요. 그래서 해가 뜨기도 전에 낙랑국을 완전히 정복할 수 있었답니다.",
      "outcomeResolution": null,
      "prediction": null,
      "plotSummaryInfoCount": 1,
      "plotSummaryInfo": {
        "classification": "사회관계",
        "readAge": "초등_저학년",
        "form": "long-form",
        "plotSummaryText": "고구려군은 낙랑국 군사들을 쉽게 무찔러 해가 뜨기도 전에 낙랑국을 완전히 정복할 수 있었고, 절대로 낙랑국 백성을 다치게 하거나 놀라게 하지 말라고 하며 호동 왕자는 낙랑 공주를 애타게 찾다가 누각 앞에서 찢어진 자명고 옆에 숨을 거둔 공주를 끌어안고 목놓아 울었습니다.",
        "textWordEA": 39
      }
    },
    {
      "srcTextID": "127333",
      "srcText": "낙랑 공주의 이야기를 들은 호동 왕자는 안타까웠어요. ‘아바마마라면 낙랑국 백성을 행복하게 해 줄 수 있을 텐데.’ 호동 왕자는 어렵게 말을 꺼냈어요. “공주님, 고구려는 낙랑국과 전쟁을 할 때마다 번번이 지고 말았습니다. 뛰어난 고구려 군사들이 몰래 숨어 들어가도 낙랑국에서 어느새 눈치를 채고 막아 내기 때문이지요. 무언가 비밀이 있는 듯한데 그것을 알려 주십시오. 그러면 내가 낙랑국 백성들을 구하겠습니다.” 낙랑 공주는 한참 고민하더니 이윽고 입을 열었어요. “우리 낙랑국에는 보물이 두 개 있습니다. 바로 자명고라는 북과 뿔피리랍니다. 자명고는 멀리서 적군이 나타나면 스스로 둥둥둥 소리를 내어 알려 준답니다. 특히, 자명고가 없다면 낙랑국은 결코 고구려를 이길 수 없을 거예요.” 낙랑 공주의 말을 들은 호동 왕자는 진지한 눈빛으로 다짐했어요. “나는 공주님을 영원히 사랑할 것입니다. 고구려가 낙랑국을 정복해도 낙랑국의 백성들은 결코 다치는 일 없이 평화와 행복을 누리게 될 것입니다. 그때 정식으로 공주님과 혼인하겠습니다.” 호동 왕자는 낙랑 공주에게 이렇게 약속하고 고구려로 돌아갔어요.",
      "srcPage": 11,
      "srcSentenceEA": 17,
      "srcWordEA": 145,
      "character": "낙랑 공주,호동 왕자,아바마마,백성,보물,공주님,자명고,뿔피리",
      "setting": "낙랑국,고구려",
      "action": "들은,꺼냈어요,전쟁을 할,지고,숨어 들어가도,막아 내기,구하겠습니다,열었어요,이길,정복해도,다치는,누리게,혼인하겠습니다,약속하고,돌아갔어요",
      "feeling": "안타까웠어요,행복하게,사랑할",
      "causalRelationship": null,
      "outcomeResolution": "호동 왕자는 낙랑 공주에게 이렇게 약속하고 고구려로 돌아갔어요.",
      "prediction": null,
      "plotSummaryInfoCount": 1,
      "plotSummaryInfo": {
        "classification": "사회관계",
        "readAge": "초등_저학년",
        "form": "long-form",
        "plotSummaryText": "낙랑 공주의 이야기를 들은 호동 왕자가 안타까워하며 전쟁을 할 때마다 고구려가 지는데 그 비밀을 알려 주면 낙랑국 백성들을 구하겠다고 어렵게 말을 꺼내자 낙랑 공주는 자명고라는 북과 뿔피리가 보물인데 멀리서 적군이 나타나면 소리를 내어 알려 주는 자명고가 없다면 낙랑국은 결코 고구려를 이길 수 없을 거라고 말했습니다.",
        "textWordEA": 45
      }
    },
    {
      "srcTextID": "127339",
      "srcText": "대무신왕은 호동 왕자가 낙랑국을 정복했다는 소식을 듣고 무척 기뻐했어요. 그러나 호동 왕자는 점점 변해 갔어요. 활을 쏘지도, 말을 타지도 않고 글공부도 하지 않은 채 낙랑 공주가 즐겨 부르던 노래만 흥얼거렸지요. 대무신왕은 매우 실망했어요. 평소 호동 왕자를 미워하던 왕비와 태자는 이때를 놓치지 않고 호동 왕자를 모함하기 시작했어요. “호동 왕자는 왕이 되려는 욕심에 폐하를 몰래 죽이려 합니다.” “호동 왕자는 낙랑국 공주와 혼인을 약속했던 사이라고 합니다. 분명히 낙랑국 왕이 되어 고구려를 치려 했을 것입니다.” 처음에는 이런 말에 귀를 기울이지 않던 대무신왕도 차츰 호동 왕자를 의심하게 되었어요. 그러자 호동 왕자의 슬픔은 더욱 깊어졌지요. ‘사랑하는 여인을 죽게 만들고, 아버지로부터 의심까지 받게 되다니.’ 결국 호동 왕자는 스스로 목숨을 끊고 말았어요. 죽음으로써 결백을 밝히고 싶었던 것이지요. 숨이 끊어지는 순간에 호동 왕자는 하늘에서 내려오는 낙랑 공주를 보았어요. 두 사람은 환하게 웃으며 꼭 끌어안았지요. 호동 왕자와 낙랑 공주의 가슴 아픈 사랑은 이렇게 하늘나라에서야 이루어지게 되었답니다.",
      "srcPage": 17,
      "srcSentenceEA": 16,
      "srcWordEA": 149,
      "character": "대무신왕,호동 왕자,낙랑 공주,왕비,태자,아버지",
      "setting": "낙랑국,하늘,하늘나라",
      "action": "쏘지도,타지도,흥얼거렸지요,죽이려,치려 했을,내려오는,보았어요,웃으며,끌어안았지요",
      "feeling": "기뻐했어요,미워하던,사랑하는",
      "causalRelationship": "결국 호동 왕자는 스스로 목숨을 끊고 말았어요. 죽음으로써 결백을 밝히고 싶었던 것이지요.",
      "outcomeResolution": null,
      "prediction": null,
      "plotSummaryInfoCount": 1,
      "plotSummaryInfo": {
        "classification": "사회관계",
        "readAge": "초등_저학년",
        "form": "long-form",
        "plotSummaryText": "평소 호동 왕자를 미워하던 왕비와 태자는 호동 왕자가 낙랑국 왕이 되어 고구려를 치려 했을 것이라고 모함하기 시작하자 처음에는 귀를 기울이지 않던 대무신왕도 차츰 의심하게 되었고, 호동 왕자는 사랑하는 여인을 죽게 만들고 아버지로부터 의심까지 받게 되었다며 죽음으로써 결백을 밝히려고 결국 스스로 목숨을 끊고 말았습니다.",
        "textWordEA": 43
      }
    }
  ]
}