{
  "title": "박혁거세",
  "author": "한국역사교육연구회 편집3팀",
  "illustrator": "최은경",
  "isbn": "9788954339407",
  "publishedYear": 2004,
  "publisher": "한국삐아제",
  "paragraphInfoCount": 16,
  "paragraphInfo": [
    {
      "srcTextID": "127918",
      "srcText": "지백호 촌장의 말에 다른 촌장들도 고개를 끄덕였어요. “지백호 촌장의 말씀이 옳소. 그렇다면 우선 임금을 모실 만한 도읍을 정합시다. 그런 다음, 뛰어난 사람을 찾아 임금으로 모십시다.” 촌장들은 자신이 생각하는 좋은 장소를 이야기하면서 여기저기 둘러보았지요. 한참을 찾아 헤매던 촌장들이 잠시 나무 그늘에서 숨을 돌리고 있을 때였어요. 알평 촌장이 벌떡 일어나서 외쳤어요. “여러분! 저것 좀 보십시오! 저게 무엇입니까?” 모두들 알평 촌장이 가리키는 곳을 본 순간 입을 떡 벌렸어요. 울창한 숲 저편 하늘 위로 오색찬란한 무지개가 걸려 있고, 찬란한 빛이 비치고 있었지요. “칠십 평생을 살면서 저렇게 아름다운 광경은 처음이오.” 가장 나이가 많은 소벌도리 촌장이 수염을 쓰다듬으며 탄성을 질렀어요. “저곳으로 한번 가 봅시다. 아무래도 하늘이 우리에게 무엇인가 알려 주려나 봅니다.” 성미 급한 지타 촌장은 말이 끝나기가 무섭게 뛰기 시작했어요. 다른 촌장들도 무지개를 쫓아 뛰어갔지요.",
      "srcPage": 3,
      "srcSentenceEA": 17,
      "srcWordEA": 132,
      "character": "도읍,지백호 촌장,촌장들,알평 촌장,소벌도리 촌장,지타 촌장,오색찬란한 무지개",
      "setting": "울창한 숲 저편,잠시 나무 그늘에서 숨을 돌리고 있을 때",
      "action": "고개를 끄덕였어요,생각하는,이야기하면서,둘러보았지요,찾아 헤매던,일어나서 외쳤어요,가리키는,입을 떡 벌렸어요,비치고 있었지요,수염을 쓰다듬으며,질렀어요,뛰기 시작했어요,쫓아,뛰어갔지요",
      "feeling": "아름다운 광경,성미 급한,정합시다,모십시다",
      "causalRelationship": null,
      "outcomeResolution": null,
      "prediction": null,
      "plotSummaryInfoCount": 1,
      "plotSummaryInfo": {
        "classification": "사회관계",
        "readAge": "초등_저학년",
        "form": "long-form",
        "plotSummaryText": "지백호 촌장의 말에 다른 촌장들도 고개를 끄덕였고, 먼저 임금을 모실 만한 도읍을 정하기 위해 여기저기 둘러보다가 잠시 숨을 돌리던 중 울창한 숲 저편에서 빛이 비치는 것을 보고 뛰어갔습니다.",
        "textWordEA": 28
      }
    },
    {
      "srcTextID": "127928",
      "srcText": "촌장들은 여자 아이를 품에 안고 박혁거세가 있는 곳으로 갔어요. 그런데 신기한 일이 벌어졌어요. 아이의 입술에 달려 있던 보기 흉한 닭의 부리는 온데간데없고 앵두처럼 새빨간 입술로 바뀌어 있었거든요. 아이는 예쁜 입술로 방긋이 웃고 있었지요. “혁거세왕과 이 아이가 과연 인연은 인연인가 보오.” 두 아이는 서로를 바라보더니 방글방글 웃으며 반가워했어요. 두 아이가 나란히 누워 손을 잡고 노는 모습은 참 사랑스러웠지요. “보시오. 두 아이는 하늘이 정해 준 배필이 틀림없소.” 촌장들은 박혁거세의 짝이 될 어여쁜 왕비를 찾았다고 매우 기뻐했어요.",
      "srcPage": 13,
      "srcSentenceEA": 9,
      "srcWordEA": 81,
      "character": "촌장들,여자아이,박혁거세,혁거세왕",
      "setting": null,
      "action": "품에 안고,갔어요,달려 있던,온데간데없고,바뀌어 있었거든요,웃고 있었지요,바라보더니,반가워했어요",
      "feeling": null,
      "causalRelationship": "촌장들은 여자 아이를 품에 안고 박혁거세가 있는 곳으로 갔어요. 그런데 신기한 일이 벌어졌어요.",
      "outcomeResolution": "보시오. 두 아이는 하늘이 정해 준 배필이 틀림없소. 촌장들은 박혁거세의 짝이 될 어여쁜 왕비를 찾았다고 매우 기뻐했어요.",
      "prediction": null,
      "plotSummaryInfoCount": 1,
      "plotSummaryInfo": {
        "classification": "사회관계",
        "readAge": "초등_저학년",
        "form": "long-form",
        "plotSummaryText": "촌장들이 여자아이를 품에 안고 박혁거세가 있는 곳으로 가자 아이의 입술에 달려 있던 닭의 부리가 입술로 바뀌었고 두 아이는 서로를 바라보며 반가워했는데, 촌장들은 박혁거세의 짝이 될 왕비를 찾았다고 기뻐했습니다.",
        "textWordEA": 28
      }
    },
    {
      "srcTextID": "127927",
      "srcText": "“어떻게 하면 떼어 낼 수 있는지 어디 봅시다. 아얏!” 지백호 촌장이 부리를 자세히 살피려다 그만 코를 깨물렸어요. 호진 촌장은 손가락을 물렸지요. “누가 저 흉한 부리를 없앨 수 있을까요?” 모두가 궁리를 해 보았지만 뾰족한 수가 없었지요. 이때, 소벌도리 촌장이 사람들을 둘러보며 말했어요. “요즘 들어 이상한 일이 계속 일어나는군. 지난번에는 하늘에서 내려온 흰 말이 임금이 될 아이를 주지 않았소? 이제 또 용이 아이를 주었으니, 아무래도 두 일 사이에는 어떤 깊은 관계가 있는 것 같소.” 이 말을 듣자 다른 촌장들도 고개를 끄덕였지요. 소벌도리 촌장이 말했어요. “이 여자 아이를 우리 임금이 되실 분께 데려갑시다. 그럼 문제를 풀 수 있는 방법이 나올 것 같습니다.” “어떤 방법 말인가요?” “그건 모르겠소. 하지만 그런 예감이 듭니다.”",
      "srcPage": 12,
      "srcSentenceEA": 17,
      "srcWordEA": 119,
      "character": "지백호 촌장,호진 촌장,소벌도리 촌장,사람들,흰 말,용,흉한 부리",
      "setting": null,
      "action": "아이를 주었으니,살피려다,코를 깨물렸어요,손가락을 물렸지요,궁리를 해 보았지만,둘러보며 말했어요,고개를 끄덕였지요",
      "feeling": "예감이,없앨 수 있을까요",
      "causalRelationship": null,
      "outcomeResolution": "이 여자아이를 우리 임금이 되실 분께 데려갑시다. 그럼 문제를 풀 수 있는 방법이 나올 것 같습니다.",
      "prediction": null,
      "plotSummaryInfoCount": 1,
      "plotSummaryInfo": {
        "classification": "사회관계",
        "readAge": "초등_저학년",
        "form": "long-form",
        "plotSummaryText": "부리를 살피려다 지백호 촌장이 코를, 호친 촌장이 손가락을 물렸고, 소벌도리 촌장의 제안에 따라 여자아이를 임금이 되실 분께 데려가기로 했습니다.",
        "textWordEA": 19
      }
    },
    {
      "srcTextID": "127926",
      "srcText": "그때였어요. 크아아악! 소리를 지르던 용이 갑자기 입에서 불길을 토해 내더니 우물에 무엇인가를 떨어뜨리고 하늘로 사라져 버렸어요. “이크! 도대체 뭘 떨어뜨리고 간 거지?” 촌장들은 우루루 우물로 달려가 그 안을 들여다보았지요. 우물 안에는 뽀얀 피부를 가진 여자 아이가 맑은 물속에서 물장구를 치며 놀고 있었어요. 촌장들은 물고기처럼 능숙하게 헤엄을 치다가 머리를 물 밖으로 내미는 아이를 신기하게 바라보았지요. 지타 촌장이 우물 속에서 아이를 건져 나왔어요. “아니, 그런데 아이 입이 왜 이렇지?” 촌장들은 아이 입을 보고 다시 한 번 놀랐어요. 입술 대신 닭의 부리가 달려 있었거든요. “어째서 입술이 닭의 부리처럼 생겼을까?” “맞아요. 아주 예쁜 아이인데, 저 부리 때문에 영 거슬리는군요.”",
      "srcPage": 11,
      "srcSentenceEA": 12,
      "srcWordEA": 105,
      "character": "용,촌장들,여자아이,지타 촌장",
      "setting": "우물",
      "action": "입을 보고,바라보았지요,머리를 물 밖으로 내미는,능숙하게 헤엄을 치다가,토해 내더니,떨어뜨리고,달려가,들여다보았지요,물장구를 치며,놀고 있었어요,건져 나왔어요,달려 있었거든요",
      "feeling": "놀랐어요,신기하게,거슬리는군요",
      "causalRelationship": null,
      "outcomeResolution": null,
      "prediction": null,
      "plotSummaryInfoCount": 1,
      "plotSummaryInfo": {
        "classification": "사회관계",
        "readAge": "초등_저학년",
        "form": "long-form",
        "plotSummaryText": "그때 용이 소리를 지르고 불길을 토해 내더니 우물에 여자아이를 떨어뜨리고 하늘로 사라져 버렸는데, 우물 속에서 건져 올린 아이 입에는 닭의 부리가 달려 있었습니다.",
        "textWordEA": 23
      }
    },
    {
      "srcTextID": "127916",
      "srcText": "옛날, 한반도 진한 지역에 여섯 마을이 있었어요. 땅이 기름지고 울창한 숲이 있고 맑은 시내가 흐르는 살기 좋은 곳이었지요. 여섯 마을에는 각각 마을을 대표하는 촌장이 있었어요. 알천 양산촌 촌장의 이름은 ‘알평’으로, 오늘날 ‘이’씨의 조상이 된 사람이에요. 돌산 고허촌 촌장 ‘소벌도리’는 ‘최’씨의 조상이고, 무산 대수촌 촌장 ‘구례마’는 ‘손’씨의 조상, 자산 진지촌 촌장 ‘지백호’는 ‘정’씨의 조상, 금산 가리촌 촌장 ‘지타’는 ‘배’씨의 조상, 명활산 고야촌 촌장 ‘호진’은 ‘설’씨의 조상이에요. 여섯 촌장은 사이가 무척 좋아 무슨 일이든지 서로 의논해서 처리했지요. 여섯 마을이 살기 좋다는 소문이 나자 여기저기서 사람들이 몰려왔어요.",
      "srcPage": 1,
      "srcSentenceEA": 19,
      "srcWordEA": 102,
      "character": "촌장,알천 양산촌 촌장,알평,돌산 고허촌 촌장,소벌도리,무산 대수촌 촌장,구례마,자산 진지촌 촌장,지백호,금산 가리촌 촌장,지타,명활산 고야촌 촌장,호진",
      "setting": "옛날,한반도 진한 지역,여섯 마을,울창한 숲",
      "action": "기름지고,있고,흐르는,조상이에요,의논해서 처리했지요,몰려왔어요",
      "feeling": null,
      "causalRelationship": null,
      "outcomeResolution": "여섯 마을이 살기 좋다는 소문이 나자 여기저기서 사람들이 몰려왔어요.",
      "prediction": null,
      "plotSummaryInfoCount": 1,
      "plotSummaryInfo": {
        "classification": "사회관계",
        "readAge": "초등_저학년",
        "form": "long-form",
        "plotSummaryText": "옛날 한반도 진한 지역에 여섯 마을과 그 마을을 대표하는 촌장이 있었는데, 오늘날의 이씨, 최씨, 손씨, 정씨, 배씨, 설씨의 조상으로, 촌장들 사이가 무척 좋아 살기 좋다는 소문이 나자 여기저기서 사람들이 몰려왔습니다.",
        "textWordEA": 30
      }
    },
    {
      "srcTextID": "127924",
      "srcText": "소벌도리 촌장은 기뻐하며 아이를 높이 쳐들었어요. 촌장들은 하늘이 임금을 내려 주셨다며 몹시 기뻐했어요. 그때 호진 촌장이 말했어요. “잠깐만! 아이 이름을 먼저 지어야 하지 않겠소?” 모두 고개를 끄덕거리며 좋은 이름을 생각했어요. 그러자 알평 촌장이 말했어요. “아이 몸에서 빛이 났으니 세상을 밝게 다스린다는 뜻으로 ‘혁거세’라고 부르면 어떨까요?” 촌장들은 참 좋은 이름이라며 박수를 쳤어요. 그러자 구례마 촌장이 고개를 갸웃거리며 말했어요. “성도 있어야 하지 않겠소? 그런데 성을 어떻게 짓지?” “우리 중 누군가의 성을 따르는 것은 불공평합니다.” “그렇습니다. 새로운 성을 지읍시다.” 그러자 소벌도리 촌장이 말했어요. “박처럼 둥근 알에서 태어났으니 ‘박’으로 하면 어떨까요?” 그리하여 아이의 이름은 ‘박혁거세’가 되었어요.",
      "srcPage": 9,
      "srcSentenceEA": 19,
      "srcWordEA": 106,
      "character": "소벌도리 촌장,아이,이름,촌장들,임금,호진 촌장,알평 촌장,구례마 촌장,성,혁거세,둥근 알",
      "setting": null,
      "action": "쳐들었어요,말했어요,끄덕거리며,생각했어요,박수를 쳤어요,갸웃거리며",
      "feeling": "기뻐하며,기뻐했어요,어떻게 짓지,어떨까요",
      "causalRelationship": null,
      "outcomeResolution": "그리하여 아이의 이름은 박혁거세가 되었어요.",
      "prediction": null,
      "plotSummaryInfoCount": 1,
      "plotSummaryInfo": {
        "classification": "사회관계",
        "readAge": "초등_저학년",
        "form": "long-form",
        "plotSummaryText": "촌장들은 하늘이 임금을 내려 주셨다며 기뻐했고, 아이 몸에서 빛이 났으니 세상을 밝게 다스린다는 뜻으로 혁거세라 이름 지었으며, 박처럼 둥근 알에서 태어났으니, 성을 박으로 하여 아이의 이름은 박혁거세가 되었습니다.",
        "textWordEA": 28
      }
    },
    {
      "srcTextID": "127930",
      "srcText": "왕이 될 아이에 이어 왕비가 될 아이까지 나타나자 마을 사람들은 몹시 기뻐하며 잔치를 열었어요. 농사가 잘되는 알평 촌장의 마을 사람들은 향기로운 과일을 가져오고, 구례마 촌장의 마을 사람들은 맛있는 고기를 가져왔어요. 손재주가 뛰어난 호진 촌장의 마을 사람들은 아침부터 뚝딱뚝딱 천막을 세웠고, 지백호 촌장의 마을 사람들은 모닥불을 피울 땔감을 가득 해 왔지요. 소벌도리 촌장의 마을 사람들은 박혁거세와 알영에게 입힐 예쁜 옷들을 지어 왔고 지타 촌장의 마을 사람들은 음악을 연주했어요. 걸핏하면 티격태격 싸우던 여섯 마을의 주민들은 혁거세와 알영을 번갈아 안아 보며 서로 기쁨을 나누었어요. “허허허, 우리 임금님과 왕비님은 아직 어린데도 벌써 사람들을 하나로 모으기 시작했구려.” “이제 모두가 평화롭게 살 수 있겠군요.” 잔치는 밤새도록 계속되었고 여섯 마을 사람들 모두가 한 식구처럼 가까워졌어요.",
      "srcPage": 15,
      "srcSentenceEA": 8,
      "srcWordEA": 113,
      "character": "과일,왕이 될 아이,왕비가 될 아이,마을 사람들,알평 촌장,구례마 촌장,호진 촌장,지백호 촌장,소벌도리 촌장,박혁거세,알영,지타 촌장,여섯 마을의 주민들",
      "setting": null,
      "action": "티격태격 싸우던,나타나자,잔치를 열었어요,가져오고,가져왔어요,세웠고,가득 해 왔지요,지어 왔고,입힐,연주했어요,안아 보며,나누었어요",
      "feeling": "기뻐하며,기쁨을",
      "causalRelationship": null,
      "outcomeResolution": "잔치는 밤새도록 계속되었고 여섯 마을 사람들 모두가 한 식구처럼 가까워졌어요.",
      "prediction": null,
      "plotSummaryInfoCount": 1,
      "plotSummaryInfo": {
        "classification": "사회관계",
        "readAge": "초등_저학년",
        "form": "long-form",
        "plotSummaryText": "왕이 될 아이에 이어 왕비가 될 아이까지 나타나자 마을 사람들은 기뻐하며 밤새 잔치를 열었고, 여섯 마을 사람들 모두 합심하여 준비하면서 한 식구처럼 가까워졌습니다.",
        "textWordEA": 23
      }
    },
    {
      "srcTextID": "127931",
      "srcText": "사람들은 힘을 합쳐 박혁거세와 알영이 살 궁궐을 지었어요. 사람들의 사랑과 관심으로 두 아이는 무럭무럭 자랐지요. 세월이 흘러 두 아이가 열세 살이 되었을 때, 박혁거세는 왕이 되고 알영은 왕비가 되었어요. 박혁거세는 왕이 되어 여섯 마을을 한 나라로 통일했지요. 그리고 나라 이름을 ‘서라벌’이라고 지었어요. ‘서라벌’은 ‘계림국’이라고도 불렀어요. 계림국은 ‘닭을 닮은 용이 왕비를 주고 간 나라’라는 뜻이지요. 박혁거세왕과 알영 왕비는 백성을 사랑하고 나라를 잘 다스렸어요. 그러자 여러 지역에서 많은 사람들이 모여들었어요. 서라벌은 더욱 큰 나라가 되었지요. 박혁거세왕과 알영 왕비가 죽은 뒤에, 서라벌은 나라 이름을 ‘신라’로 바꾸고 더욱 크고 강한 나라로 발전했답니다.",
      "srcPage": 16,
      "srcSentenceEA": 16,
      "srcWordEA": 103,
      "character": "사람들,박혁거세,알영",
      "setting": "궁궐,여섯 마을,한 나라,서라벌,계림국",
      "action": "자랐지요,되었을 때,지었어요,불렀어요,다스렸어요,통일했지요",
      "feeling": null,
      "causalRelationship": "박혁거세왕과 알영 왕비는 백성을 사랑하고 나라를 잘 다스렸어요. 그러자 여러 지역에서 많은 사람들이 모여들었어요.",
      "outcomeResolution": "서라벌은 나라 이름을 신라로 바꾸고 더욱 크고 강한 나라로 발전했답니다.",
      "prediction": null,
      "plotSummaryInfoCount": 1,
      "plotSummaryInfo": {
        "classification": "사회관계",
        "readAge": "초등_저학년",
        "form": "long-form",
        "plotSummaryText": "사람들은 박혁거세와 알영이 살 궁궐을 지었고, 두 아이는 무럭무럭 자라서 열세 살이 되던 해에 왕과 왕비가 되었으며, 이후 여섯 마을을 통일하여 서라벌을 잘 다스리다가 그들이 죽은 뒤 나라 이름을 신라로 바꾸고 더욱 크고 강한 나라로 발전했습니다.",
        "textWordEA": 36
      }
    },
    {
      "srcTextID": "127925",
      "srcText": "박혁거세는 여섯 촌장과 진한 사람들의 사랑 속에서 무럭무럭 자랐어요. 그러던 어느 날, ‘사량리’라는 마을에서 소동이 일어났어요. 사량리에는 ‘알영’이라는 깊고 맑은 우물이 있었는데, 우물가로 커다란 용 한 마리가 날아와 며칠째 우는 것이었어요. 끄윽, 크으윽! 휘리리릭! 키이요오! 닭 머리를 한 용은 주위가 울리도록 큰 소리로 울었어요. 마을 사람들은 기겁을 하며 촌장들에게 달려왔어요. 촌장들은 모두 헐레벌떡 알영으로 달려갔지요. “이럴 수가! 혹시 진한이 망하려고 이러는 걸까요?” 지타 촌장이 겁먹은 목소리로 말하자 소벌도리 촌장이 고개를 저으며 말했어요. “아니오, 비록 닭의 머리를 하고 있지만 저것은 분명히 용이오. 용은 예로부터 아주 귀하고 신기한 동물이라오. 그러니 이것은 경사가 일어날 징조요.”",
      "srcPage": 10,
      "srcSentenceEA": 17,
      "srcWordEA": 106,
      "character": "박혁거세,여섯 촌장,진한 사람들,마을 사람들,촌장들,지타 촌장,소벌도리 촌장,용",
      "setting": "어느 날,사량리,마을,알영,며칠째,우물가",
      "action": "고개를 저으며,헐레벌떡,자랐어요,일어났어요,용 한 마리가 날아와,우는 것이었어,울리도록,울었어요,기겁을 하며,달려왔어요,달려갔지요,말하자,말했어요",
      "feeling": null,
      "causalRelationship": "비록 닭의 머리를 하고 있지만 저것은 분명히 용이오. 용은 예로부터 아주 귀하고 신기한 동물이라오. 그러니 이것은 경사가 일어날 징조요.",
      "outcomeResolution": null,
      "prediction": null,
      "plotSummaryInfoCount": 1,
      "plotSummaryInfo": {
        "classification": "사회관계",
        "readAge": "초등_저학년",
        "form": "long-form",
        "plotSummaryText": "박혁거세가 여섯 촌장과 진한 사람들의 사랑 속에서 자라던 어느 날 사량리 마을의 알영 우물에 용 한 마리가 날아와 며칠째 울었고, 촌장들은 경사가 일어날 징조라고 여겼습니다.",
        "textWordEA": 25
      }
    },
    {
      "srcTextID": "127929",
      "srcText": "“임금의 이름은 혁거세로 정했는데, 왕비가 될 아이의 이름은 뭐라고 부르지요?” 호진 촌장이 말을 꺼냈어요. “뭐 좋은 이름 없을까?” 그러자 아이를 우물에서 안고 나온 지타 촌장이 말했어요. “알영이 어떨까요? 알영은 진한에서 가장 맑은 우물이잖아요. 우리 왕비님이 그 우물물처럼 맑고 깨끗하게 자라나셨으면 좋겠어요.” 지타 촌장의 말에 나머지 촌장들은 박수를 치며 기뻐했어요. “그래, 알영! 좋은 이름이군요.” “허허허, 박에서 나온 박혁거세 임금님, 우물에서 나온 알영 왕비님이라. 정말 잘 어울리지 않습니까?”",
      "srcPage": 14,
      "srcSentenceEA": 12,
      "srcWordEA": 73,
      "character": "임금,혁거세,호진 촌장,아이,지타 촌장,왕비,진한,맑은 우물,박,박혁거세 임금님,알영 왕비님",
      "setting": "우물",
      "action": "말을 꺼냈어요,안고 나온,말했어요,박수를 치며",
      "feeling": "자라나셨으면 좋겠어요,기뻐했어요",
      "causalRelationship": null,
      "outcomeResolution": "박에서 나온 박혁거세 임금님, 우물에서 나온 알영 왕비님이라. 정말 잘 어울리지 않습니까?",
      "prediction": null,
      "plotSummaryInfoCount": 1,
      "plotSummaryInfo": {
        "classification": "사회관계",
        "readAge": "초등_저학년",
        "form": "long-form",
        "plotSummaryText": "그리고 진한에서 가장 맑은 우물의 이름을 따서 왕비가 될 아이의 이름을 알영으로 부르기로 한 후 박수를 치며 촌장들은 기뻐했습니다.",
        "textWordEA": 19
      }
    },
    {
      "srcTextID": "127917",
      "srcText": "그런데 말씨나 풍습이 다른 사람들이 함께 살다 보니 이런저런 오해와 다툼이 생기고, 마을끼리도 자주 싸우게 되었지요. 생각다 못 한 촌장들은 각기 아들들을 데리고 알천 옆에 있는 큰 언덕에 모여 회의를 했어요. “요즘 사람들이 자주 싸우고 모두 제멋대로이니 참으로 걱정이오.” “그러게 말입니다. 이대로 가다가는 정말 큰일나겠어요.” “매일 싸움이 그치지 않으니 불안해서 살 수가 없습니다.” 이때 지백호 촌장이 벌떡 일어나 말했어요. “제 생각에는 우리가 이렇게 여섯 마을로 나누어져 있어서 싸움이 더 자주 일어나는 것 같습니다. 그러니까 여섯 마을을 하나로 묶어 나라를 만들고, 나라를 다스릴 만한 훌륭한 임금을 구해야 합니다.”",
      "srcPage": 2,
      "srcSentenceEA": 9,
      "srcWordEA": 91,
      "character": "사람들,아들들,지백호 촌장,마을",
      "setting": "알천 옆에 있는 큰 언덕,여섯 마을",
      "action": "살다 보니,오해와 다툼이 생기고,싸우게 되었지요,회의를 했어요,벌떡 일어나 말했어요",
      "feeling": "참으로 걱정이오,불안해서",
      "causalRelationship": null,
      "outcomeResolution": "제 생각에는 우리가 이렇게 여섯 마을로 나누어져 있어서 싸움이 더 자주 일어나는 것 같습니다. 그러니까 여섯 마을을 하나로 묶어 나라를 만들고, 나라를 다스릴 만한 훌륭한 임금을 구해야 합니다.",
      "prediction": null,
      "plotSummaryInfoCount": 1,
      "plotSummaryInfo": {
        "classification": "사회관계",
        "readAge": "초등_저학년",
        "form": "long-form",
        "plotSummaryText": "그런데 말씨나 풍습이 다른 사람들이 함께 살다 보니 마을끼리 자주 싸우게 되었고, 이를 논의하려고 촌장들이 회의를 하던 중 지백호 촌장이, 여섯 마을을 하나로 묶어 나라를 만들고 나라를 다스릴 만한 임금을 구하자고 말했습니다.",
        "textWordEA": 32
      }
    },
    {
      "srcTextID": "127919",
      "srcText": "그때였어요. 하얀 말은 길게 울음소리를 내더니 하늘로 껑충 뛰어올랐어요. 그러더니 하늘에서 내려온 빛을 따라 올라갔지요. 말이 있던 자리와 알 주변에서는 은은한 향기가 풍겨 왔어요. 촌장들은 놀라운 광경에 잠시 할 말을 잃었어요. 소벌도리 촌장이 침착하게 다가가 알을 쓰다듬더니 웃으며 말했어요. “아무래도 아까 그 말은 하늘의 심부름꾼 같소. 그리고 이 알은 하늘이 우리에게 준 선물임에 틀림없소.” 다른 촌장들도 고개를 끄덕이며 크게 기뻐했어요.",
      "srcPage": 5,
      "srcSentenceEA": 8,
      "srcWordEA": 67,
      "character": "하얀 말,촌장들,소벌도리 촌장,하늘",
      "setting": "말이 있던 자리,알 주변에서는",
      "action": "우리에게 준,울음소리를 내더니,뛰어올랐어요,올라갔지요,풍겨 왔어요,할 말을 잃었어요,다가가,쓰다듬더니,말했어요,끄덕이며",
      "feeling": "기뻐했어요",
      "causalRelationship": "아무래도 아까 그 말은 하늘의 심부름꾼 같소. 그리고 이 알은 하늘이 우리에게 준 선물임에 틀림없소.",
      "outcomeResolution": null,
      "prediction": null,
      "plotSummaryInfoCount": 1,
      "plotSummaryInfo": {
        "classification": "사회관계",
        "readAge": "초등_저학년",
        "form": "long-form",
        "plotSummaryText": "그때 하얀 말이 껑충 뛰어올라 하늘에서 내려온 빛을 따라 올라갔고 그 주변에서는 향기가 풍겨 왔는데, 말은 하늘의 심부름꾼 같고 알은 하늘이 준 선물이라고 소벌도리 촌장이 말하자 다른 촌장들도 고개를 끄덕이며 기뻐했습니다.",
        "textWordEA": 31
      }
    },
    {
      "srcTextID": "127921",
      "srcText": "촌장들은 조심스럽게 알 주위에 둘러섰어요. 그러나 알을 어떻게 해야 할지 알 수가 없었지요. 바로 그때였어요. 저 멀리서 커다란 천둥이 울리더니 하늘에 떠 있던 커다란 오색 무지개가 빙그르르 한 바퀴를 돌아 거꾸로 걸리는 것이 아니겠어요! 쿠르릉! 쿵! 쿵! 쿵! 무지개는 요란한 소리를 울리면서 다가왔어요. “아이고, 사람 살려!” 촌장들은 깜짝 놀라서 이리저리 흩어졌지요. 촌장들은 우물 뒤에, 바위 뒤에, 또 나무 뒤에 숨어서 숨을 죽인 채 무지개를 지켜보았어요.",
      "srcPage": 6,
      "srcSentenceEA": 12,
      "srcWordEA": 75,
      "character": "촌장들,오색 무지개",
      "setting": "알 주위에,커다란 천둥이 울리더니,우물 뒤에,바위 뒤에,나무 뒤에",
      "action": "조심스럽게,둘러섰어요,돌아,걸리는 것이,울리면서,다가왔어요,흩어졌지요,숨어서,지켜보았어요",
      "feeling": "놀라서,아이고",
      "causalRelationship": "촌장들은 조심스럽게 알 주위에 둘러섰어요. 그러나 알을 어떻게 해야 할지 알 수가 없었지요.",
      "outcomeResolution": null,
      "prediction": null,
      "plotSummaryInfoCount": 1,
      "plotSummaryInfo": {
        "classification": "사회관계",
        "readAge": "초등_저학년",
        "form": "long-form",
        "plotSummaryText": "알을 어떻게 해야 할지 알 수 없었던 촌장들이 그 주위에 둘러서 있던 그때 천둥이 울리더니 무지개가 다가왔고, 놀란 촌장들은 흩어져 숨은 채 그것을 지켜보았습니다.",
        "textWordEA": 24
      }
    },
    {
      "srcTextID": "127923",
      "srcText": "촌장들은 아이를 안고 가 맑은 물에 씻겼어요. 아이의 몸에 묻어 있던 금가루가 강물에 씻겨 나가자 강은 점점 금빛으로 물들어 갔지요. “아, 우리가 기도한 보람이 있어요.” “맞습니다. 하늘이 내려 주신 아이가 틀림없어요.” 어느새 숲 속 짐승들과 하늘을 나는 새, 작은 벌레들까지 몰려와 주위를 돌며 춤을 추었어요. 하늘에는 환한 대낮인데도 달이 높이 떠 해와 함께 밝게 빛나고 있었답니다.",
      "srcPage": 8,
      "srcSentenceEA": 6,
      "srcWordEA": 60,
      "character": "촌장들,아이,금가루,강,짐승들,하늘을 나는 새,작은 벌레들",
      "setting": "맑은 물,숲속,대낮",
      "action": "안고 가,물에 씻겼어요,물들어 갔지요,몰려와,춤을 추었어요,주위를 돌며,빛나고 있었답니다",
      "feeling": "기도한,보람이",
      "causalRelationship": null,
      "outcomeResolution": "하늘이 내려 주신 아이가 틀림없어요.",
      "prediction": null,
      "plotSummaryInfoCount": 1,
      "plotSummaryInfo": {
        "classification": "사회관계",
        "readAge": "초등_저학년",
        "form": "long-form",
        "plotSummaryText": "촌장들이 아이를 물에 씻기자 강은 금빛으로 물들어 갔고, 숲속 짐승들과 새, 벌레들까지 몰려와 춤을 추었으며, 대낮인데도 달이 높이 떠 해와 함께 빛나고 있었습니다.",
        "textWordEA": 23
      }
    },
    {
      "srcTextID": "127922",
      "srcText": "무지개는 요란한 소리를 내며 알을 향해 곧장 다가가더니 알을 박살 낼 듯이 그대로 덮쳤어요. 그러자 알이 쫙 갈라지는 게 아니겠어요! “아니, 이럴 수가!” 알 속에는 아주 건강한 사내아이가 들어 있었어요. 무지개의 오색 빛은 하나로 섞이더니 금가루처럼 아이의 몸에 쏟아져 내렸어요. 아이의 몸은 밝게 빛났답니다.",
      "srcPage": 7,
      "srcSentenceEA": 6,
      "srcWordEA": 48,
      "character": "무지개,사내아이,알,금가루,아이의 몸",
      "setting": null,
      "action": "소리를 내며,향해,다가가더니,덮쳤어요,들어 있었어요,섞이더니,쏟아져 내렸어요,밝게 빛났답니다",
      "feeling": null,
      "causalRelationship": "무지개는 요란한 소리를 내며 알을 향해 곧장 다가가더니 알을 박살 낼 듯이 그대로 덮쳤어요. 그러자 알이 쫙 갈라지는 게 아니겠어요!",
      "outcomeResolution": null,
      "prediction": null,
      "plotSummaryInfoCount": 1,
      "plotSummaryInfo": {
        "classification": "사회관계",
        "readAge": "초등_저학년",
        "form": "long-form",
        "plotSummaryText": "무지개가 곧장 다가가 덮치자, 알이 갈라지면서 건강한 사내아이가 나왔고, 무지개가 아이의 몸에 쏟아져 내리면서 아이의 몸은 밝게 빛났습니다.",
        "textWordEA": 18
      }
    },
    {
      "srcTextID": "127920",
      "srcText": "촌장들이 숲길을 한참 뛰어서 닿은 곳은 양산 마을에 있는 ‘나정’이라는 우물가였어요. 촌장들은 그곳에서 놀라운 광경을 보았어요. 히히힝! 눈처럼 하얀 말 한 마리가 숲 주위를 서성거리며 울고 있었지요. 그리고 말 앞에는 커다란 자주색 알이 하나 놓여 있었어요. “아니, 이게 무슨 알이지요?” “손대지 마시오. 위험한 물건일지도 모르지 않소?”",
      "srcPage": 4,
      "srcSentenceEA": 9,
      "srcWordEA": 52,
      "character": "촌장들,양산 마을,자주색 알",
      "setting": "숲길,우물가,나정,숲 주위",
      "action": "한참 뛰어서,보았어요,서성거리며,울고 있었지요,놓여 있었어요",
      "feeling": "놀라운,위험한 물건일지도",
      "causalRelationship": "눈처럼 하얀 말 한 마리가 숲 주위를 서성거리며 울고 있었지요. 그리고 말 앞에는 커다란 자주색 알이 하나 놓여 있었어요",
      "outcomeResolution": null,
      "prediction": null,
      "plotSummaryInfoCount": 1,
      "plotSummaryInfo": {
        "classification": "사회관계",
        "readAge": "초등_저학년",
        "form": "long-form",
        "plotSummaryText": "촌장들이 양산 마을에 있는 나정이라는 우물가에 닿자, 하얀 말 한 마리가 숲 주위를 서성거리며 울고 있었고 그 앞에는 커다란 자주색 알이 하나 놓여 있었습니다.",
        "textWordEA": 24
      }
    }
  ]
}