{
  "title": "산다라의 빗자루, 빗자루, 빗자루",
  "author": "배인주",
  "illustrator": "오승민",
  "isbn": "9791165952945",
  "publishedYear": 2021,
  "publisher": "아람북스",
  "paragraphInfoCount": 19,
  "paragraphInfo": [
    {
      "srcTextID": "15048",
      "srcText": "다음 날, 산다라는 아침부터 집에 있는 돈을 몽땅 챙겨서 ‘뭐든지 팔아’ 백화점으로 갔어. “어제 본 분홍색 빗자루 주세요.” 더팔아 씨는 손잡이에 분홍색 리본이 감긴 빗자루를 내주었어.",
      "srcPage": 8,
      "srcSentenceEA": 4,
      "srcWordEA": 28,
      "character": "산다라,돈,분홍색 빗자루,더팔아 씨,손잡이,분홍색 리본",
      "setting": "백화점,아침,집",
      "action": "몽땅 챙겨서,갔어,내주었어,주세요",
      "feeling": null,
      "causalRelationship": null,
      "outcomeResolution": null,
      "prediction": null,
      "plotSummaryInfoCount": 1,
      "plotSummaryInfo": {
        "classification": "사회관계",
        "readAge": "초등_저학년",
        "form": "long-form",
        "plotSummaryText": "산다라는 아침부터 집에 있는 돈을 챙겨서 백화점으로 가 어제 본 분홍색 빗자루를 주라고 했다.",
        "textWordEA": 14
      }
    },
    {
      "srcTextID": "15047",
      "srcText": "“정말 잘 선택하셨어요. 이건 이 세상에 딱 세 개밖에 없는 빗자루랍니다.” 산다라는 새로 산 빗자루를 타고 콧노래를 부르며 집으로 돌아왔어. ",
      "srcPage": 9,
      "srcSentenceEA": 3,
      "srcWordEA": 22,
      "character": "빗자루,산다라",
      "setting": "집",
      "action": "콧노래를 부르며,돌아왔어,타고",
      "feeling": null,
      "causalRelationship": null,
      "outcomeResolution": null,
      "prediction": null,
      "plotSummaryInfoCount": 1,
      "plotSummaryInfo": {
        "classification": "사회관계",
        "readAge": "초등_저학년",
        "form": "short-form",
        "plotSummaryText": "산다라는 이 세상에 딱 세 개밖에 없다는 빗자루를 새로 사서 콧노래를 부르며 집으로 돌아왔다.",
        "textWordEA": 14
      }
    },
    {
      "srcTextID": "15050",
      "srcText": "“치치, 이 빗자루 좀 봐. 정말 사랑스럽지 않니?” 집에 돌아온 산다라는 치치에게 새로 산 빗자루를 자랑했어. “내 빵은? 난 너무 배고프단 말이야!”",
      "srcPage": 10,
      "srcSentenceEA": 5,
      "srcWordEA": 25,
      "character": "치치,빗자루,산다라,빵",
      "setting": "집",
      "action": "돌아온,새로 산,자랑했어,봐",
      "feeling": null,
      "causalRelationship": null,
      "outcomeResolution": null,
      "prediction": null,
      "plotSummaryInfoCount": 1,
      "plotSummaryInfo": {
        "classification": "사회관계",
        "readAge": "초등_저학년",
        "form": "long-form",
        "plotSummaryText": "집에 돌아온 산다라는 치치에게 새로 산 빗자루가 사랑스럽다고 자랑했지만, 치치는 배가 고프다고 했다.",
        "textWordEA": 13
      }
    },
    {
      "srcTextID": "15053",
      "srcText": "이제 산다라는 빗자루를 살 돈이 한 푼도 없었어. “돈을 어떻게 구하지?” 산다라는 벽에 걸린 그림 앞으로 다가갔어.",
      "srcPage": 13,
      "srcSentenceEA": 3,
      "srcWordEA": 18,
      "character": "산다라,빗자루,돈",
      "setting": "벽,그림 앞",
      "action": "다가갔어",
      "feeling": null,
      "causalRelationship": null,
      "outcomeResolution": null,
      "prediction": "산다라는 벽에 걸린 그림 앞으로 다가갔어",
      "plotSummaryInfoCount": 1,
      "plotSummaryInfo": {
        "classification": "사회관계",
        "readAge": "초등_저학년",
        "form": "short-form",
        "plotSummaryText": "산다라는 이제 빗자루를 살 돈이 없어서 돈을 어떻게 구할지 생각하며 벽에 걸린 그림 앞으로 다가갔다.",
        "textWordEA": 15
      }
    },
    {
      "srcTextID": "15040",
      "srcText": "마녀 산다라는 고양이 치치랑 둘이 살았어. 산다라와 치치는 둘도 없는 친구였지만, 산다라는 가끔 치치가 옆에 있다는 사실을 잊어버렸어. 갖고 싶은 물건이 생기면 말이야. 한 번도 쓰지 않은 모자 열다섯 개, 옷장 가득한 원피스 스무 벌, 신어 본 적 없는 부츠 열 켤레를 사는 동안에도 그랬지.",
      "srcPage": 1,
      "srcSentenceEA": 4,
      "srcWordEA": 48,
      "character": "요정",
      "setting": null,
      "action": "귀띔을 해주었지요,주는,생기는",
      "feeling": null,
      "causalRelationship": null,
      "outcomeResolution": null,
      "prediction": null,
      "plotSummaryInfoCount": 1,
      "plotSummaryInfo": {
        "classification": "사회관계",
        "readAge": "초등_저학년",
        "form": "long-form",
        "plotSummaryText": "마녀 산다라는 둘도 없는 친구인 고양이 치치랑 둘이 살았는데, 갖고 싶은 물건이 생기면 치치가 옆에 있다는 사실을 잊어버렸다.",
        "textWordEA": 18
      }
    },
    {
      "srcTextID": "15054",
      "srcText": "“이 대단한 마술봉을 줄 테니까, 저 빗자루 주세요.” “한번 바꾸면 다시는 못 바꿉니다.” “네, 얼른 주기나 하세요.”",
      "srcPage": 15,
      "srcSentenceEA": 3,
      "srcWordEA": 17,
      "character": "마술봉,빗자루",
      "setting": null,
      "action": "줄,주세요,바꾸면,못 바꿉니다",
      "feeling": null,
      "causalRelationship": null,
      "outcomeResolution": null,
      "prediction": null,
      "plotSummaryInfoCount": 1,
      "plotSummaryInfo": {
        "classification": "사회관계",
        "readAge": "초등_저학년",
        "form": "short-form",
        "plotSummaryText": "이 대단한 마술 봉을 줄 테니까 빗자루를 주라고 하니 한번 바꾸면 다시는 못 바꾼다고 했다.",
        "textWordEA": 15
      }
    },
    {
      "srcTextID": "15056",
      "srcText": "“치치, 이 빗자루 좀 봐! 이건 세상에 딱 하나밖에 없는 빗자루야.” 산다라는 신이 나서 치치를 불렀어. ",
      "srcPage": 16,
      "srcSentenceEA": 3,
      "srcWordEA": 18,
      "character": "치치,빗자루,산다라",
      "setting": null,
      "action": "불렀어,봐",
      "feeling": "신이 나서",
      "causalRelationship": null,
      "outcomeResolution": null,
      "prediction": null,
      "plotSummaryInfoCount": 1,
      "plotSummaryInfo": {
        "classification": "사회관계",
        "readAge": "초등_저학년",
        "form": "short-form",
        "plotSummaryText": "산다라는 세상에 딱 하나밖에 없는 빗자루라며 신이 나서 치치를 불렀다.",
        "textWordEA": 10
      }
    },
    {
      "srcTextID": "15057",
      "srcText": "“이젠 마술봉도 없고, 치치도 없구나.” 산다라는 그 자리에 털썩 주저앉았어. “어쩌다가 이렇게 된 거지? 어떻게 해야 치치가 돌아올까.”",
      "srcPage": 19,
      "srcSentenceEA": 4,
      "srcWordEA": 20,
      "character": "마술봉,치치,산다라",
      "setting": null,
      "action": "털썩 주저앉았어,돌아올까",
      "feeling": null,
      "causalRelationship": null,
      "outcomeResolution": null,
      "prediction": null,
      "plotSummaryInfoCount": 1,
      "plotSummaryInfo": {
        "classification": "사회관계",
        "readAge": "초등_저학년",
        "form": "long-form",
        "plotSummaryText": " 산다라는 그 자리에 털썩 주저앉아 어떻게 해야 치치가 돌아올까 생각 했다.",
        "textWordEA": 11
      }
    },
    {
      "srcTextID": "15041",
      "srcText": "어느 날, 산다라는 치치가 먹을 빵을 사러 나갔다가 빵집 앞에서 친구를 만났어. “안녕, 산다라. 내 빗자루 멋지지? 빗자루가 너무 낡아서 새로 샀어.” 산다라는 친구의 새 빗자루를 보자마자 홀딱 반하고 말았어.",
      "srcPage": 2,
      "srcSentenceEA": 5,
      "srcWordEA": 33,
      "character": "산다라,치치,빵,친구,새 빗자루",
      "setting": "빵집 앞",
      "action": "먹을,사러 나갔다가,만났어,샀어",
      "feeling": null,
      "causalRelationship": null,
      "outcomeResolution": null,
      "prediction": null,
      "plotSummaryInfoCount": 1,
      "plotSummaryInfo": {
        "classification": "사회관계",
        "readAge": "초등_저학년",
        "form": "long-form",
        "plotSummaryText": "산다라는 치치가 먹을 빵을 사러 나갔다가 빵집 앞에서 만난 친구의 새 빗자루를 보자마자 반하고 말았다.",
        "textWordEA": 15
      }
    },
    {
      "srcTextID": "15043",
      "srcText": "산다라는 ‘뭐든지 팔아’ 백화점으로 부리나케 달려갔어. “새로 나온 빗자루 좀 보여 주세요.” 더팔아 씨가 눈 깜짝할 사이에 빗자루 두 개를 가져왔어. ",
      "srcPage": 3,
      "srcSentenceEA": 4,
      "srcWordEA": 23,
      "character": "산다라,빗자루,더팔아 씨",
      "setting": "백화점",
      "action": "새로 나온,달려갔어,가져왔어,보여 주세요",
      "feeling": null,
      "causalRelationship": null,
      "outcomeResolution": null,
      "prediction": null,
      "plotSummaryInfoCount": 1,
      "plotSummaryInfo": {
        "classification": "사회관계",
        "readAge": "초등_저학년",
        "form": "long-form",
        "plotSummaryText": "산다라가 백화점으로 달려가서 새로 나온 빗자루를 보여 주라고 하자,더팔아 씨는 눈 깜짝할 사이에 빗자루 두 개를 가져왔다.",
        "textWordEA": 17
      }
    },
    {
      "srcTextID": "15042",
      "srcText": "“골라 보세요. 모두 오늘 새로 나온 빗자루랍니다.” 산다라는 두 개 중에 하나만 고를 수가 없었어. 둘 다 갖고 싶었거든.",
      "srcPage": 4,
      "srcSentenceEA": 4,
      "srcWordEA": 22,
      "character": "빗자루,산다라",
      "setting": null,
      "action": null,
      "feeling": "갖고 싶었거든",
      "causalRelationship": "산다라는 두 개 중에 하나만 고를 수가 없었어. 둘 다 갖고 싶었거든.",
      "outcomeResolution": null,
      "prediction": null,
      "plotSummaryInfoCount": 1,
      "plotSummaryInfo": {
        "classification": "사회관계",
        "readAge": "초등_저학년",
        "form": "long-form",
        "plotSummaryText": "산다라는 둘 다 갖고 싶었기 때문에 빗자루를 두 개 중에 하나만 고를 수가 없었다.",
        "textWordEA": 14
      }
    },
    {
      "srcTextID": "15051",
      "srcText": "산다라는 오늘도 쉽게 잠이 오지 않았어. 백화점 벽에 걸려 있던 다른 빗자루가 자꾸 떠올랐기 때문이야. 혼자서 살랑살랑 움직이고, 멀리서 봐도 빛이 나는 아주 신비로운 빗자루였어. “그 빗자루를 꼭 갖고 싶어.” “뭐라고! 또?” 치치가 놀라서 벌떡 일어났어.",
      "srcPage": 12,
      "srcSentenceEA": 6,
      "srcWordEA": 40,
      "character": "산다라,빗자루,치치",
      "setting": "백화점 벽",
      "action": "벌떡 일어났어,잠이 오지 않았어,움직이고,봐도",
      "feeling": "놀라서",
      "causalRelationship": null,
      "outcomeResolution": null,
      "prediction": null,
      "plotSummaryInfoCount": 1,
      "plotSummaryInfo": {
        "classification": "사회관계",
        "readAge": "초등_저학년",
        "form": "long-form",
        "plotSummaryText": "산다라는 백화점 벽에 걸려 있던 다른 빗자루가 자꾸 떠올라 쉽게 잠이 오지 않았고, 그 빗자루를 꼭 갖고 싶다고 하자 치치가 놀라서 벌떡 일어났다.",
        "textWordEA": 23
      }
    },
    {
      "srcTextID": "15052",
      "srcText": "“아, 나도 미다스 왕처럼 황금 손이면 얼마나 좋을까?”  “손으로 만지는 것마다 황금이 되면 정말 좋을 거야. 그러면 뭐든지 살 수 있을 텐데.” 산다라는 말을 마치자마자 마술봉을 들고 집을 나섰어. ",
      "srcPage": 14,
      "srcSentenceEA": 4,
      "srcWordEA": 31,
      "character": "미다스왕,황금 손,황금,산다라,마술봉",
      "setting": "집",
      "action": "만지는,살 수,마치자마자,들고,나섰어",
      "feeling": null,
      "causalRelationship": null,
      "outcomeResolution": null,
      "prediction": null,
      "plotSummaryInfoCount": 1,
      "plotSummaryInfo": {
        "classification": "사회관계",
        "readAge": "초등_저학년",
        "form": "long-form",
        "plotSummaryText": "산다라는 손으로 만지는 것마다 황금이 되면 정말 좋을 것이고 뭐든지 살 수 있을 거라며, 말을 마치자마자 마술 봉을 들고 집을 나섰다.",
        "textWordEA": 21
      }
    },
    {
      "srcTextID": "15044",
      "srcText": "하지만 새 빗자루는 너무 비쌌어. 결국 가지고 있던 돈을 몽땅 주고도 하나밖에 사지 못했어. 산다라는 손잡이에 검은 깃털이 달린 빗자루를 골랐어. 깃털 끝에는 보석이 하나하나 박혀 있어서 빗자루를 조금만 움직여도 깃털에서 빛이 났지. 빗자루를 보는 산다라의 눈도 반짝반짝 빛났어. ",
      "srcPage": 5,
      "srcSentenceEA": 5,
      "srcWordEA": 43,
      "character": "핑크 공주 소미,친구들,그릇,상자,수프,모래,아이들,선생님,페트병,우유 팩",
      "setting": null,
      "action": "사용했기,비교하는",
      "feeling": null,
      "causalRelationship": null,
      "outcomeResolution": null,
      "prediction": null,
      "plotSummaryInfoCount": 1,
      "plotSummaryInfo": {
        "classification": "사회관계",
        "readAge": "초등_저학년",
        "form": "long-form",
        "plotSummaryText": "하지만 새 빗자루는 너무 비싸서 가지고 있던 돈을 몽땅 주고도 하나밖에 사지 못했다.",
        "textWordEA": 13
      }
    },
    {
      "srcTextID": "15049",
      "srcText": "“어머, 깜빡했네. 미안, 미안. 내일은 꼭 사 올게.” “빗자루는 하나면 충분하잖아. 한 번에 빗자루를 두 개씩 타는 것도 아니고!” 치치는 기가 막혀서 소리쳤어. 하지만 산다라는 치치의 말이 귀에 들어오지 않았어. ",
      "srcPage": 11,
      "srcSentenceEA": 7,
      "srcWordEA": 35,
      "character": "빗자루,치치,산다라,귀",
      "setting": "내일",
      "action": "사 올게,타는,소리쳤어",
      "feeling": "기가 막혀서",
      "causalRelationship": null,
      "outcomeResolution": null,
      "prediction": null,
      "plotSummaryInfoCount": 1,
      "plotSummaryInfo": {
        "classification": "사회관계",
        "readAge": "초등_저학년",
        "form": "long-form",
        "plotSummaryText": "산다라는 내일은 꼭 빵을 사 오겠다 했고, 기가 막혀서 소리치는 치치의 말이 귀에 들어오지 않았다.",
        "textWordEA": 15
      }
    },
    {
      "srcTextID": "15046",
      "srcText": "산다라는 새 빗자루 하나만 달랑 들고 집으로 돌아왔어. “야, 야옹. 배고파.” “미안, 미안. 빗자루 사느라 돈을 다 써 버린걸. 빵은 내일 꼭 사 올게.”",
      "srcPage": 6,
      "srcSentenceEA": 6,
      "srcWordEA": 27,
      "character": "산다라,새 빗자루,돈,빵",
      "setting": "집",
      "action": "들고,돌아왔어,써 버린걸,사 올게",
      "feeling": null,
      "causalRelationship": null,
      "outcomeResolution": null,
      "prediction": null,
      "plotSummaryInfoCount": 1,
      "plotSummaryInfo": {
        "classification": "사회관계",
        "readAge": "초등_저학년",
        "form": "long-form",
        "plotSummaryText": "산다라는 새 빗자루 사느라 돈을 다 써 버려 새 빗자루 하나만 들고 집으로 돌아왔다.",
        "textWordEA": 14
      }
    },
    {
      "srcTextID": "15055",
      "srcText": "“솔 하나하나가 마치 살아 있는 깃털 같지? 지금은 낮이라 잘 모르겠지만 밤에는 서로 다른 빛이 난대.” 그런데 집 안이 너무나 조용했어. “치치, 치치! 어디 있어?”",
      "srcPage": 17,
      "srcSentenceEA": 5,
      "srcWordEA": 28,
      "character": "솔,깃털,치치",
      "setting": "집 안,낮,밤",
      "action": null,
      "feeling": null,
      "causalRelationship": null,
      "outcomeResolution": null,
      "prediction": "그런데 집 안이 너무나 조용했어",
      "plotSummaryInfoCount": 1,
      "plotSummaryInfo": {
        "classification": "사회관계",
        "readAge": "초등_저학년",
        "form": "long-form",
        "plotSummaryText": "그런데 집 안이 너무나 조용해서 치치에게 어디 있느냐고 했다.",
        "textWordEA": 9
      }
    },
    {
      "srcTextID": "15045",
      "srcText": "그날 밤 치치는 잠을 잘 수가 없었어. 배가 너무 고팠거든. 산다라도 잠을 잘 수가 없었지. 사지 못한 빗자루가 자꾸 생각나서 말이야.",
      "srcPage": 7,
      "srcSentenceEA": 4,
      "srcWordEA": 24,
      "character": "치치,산다라,빗자루",
      "setting": null,
      "action": "잠을 잘 수가 없었어,사지",
      "feeling": "배가 너무 고팠거든",
      "causalRelationship": "산다라도 잠을 잘 수가 없었지. 사지 못한 빗자루가 자꾸 생각나서 말이야.",
      "outcomeResolution": null,
      "prediction": null,
      "plotSummaryInfoCount": 1,
      "plotSummaryInfo": {
        "classification": "사회관계",
        "readAge": "초등_저학년",
        "form": "long-form",
        "plotSummaryText": "그날 밤 치치는 배가 너무 고팠고 산다라는 사지 못한 빗자루가 자꾸 생각나서 잠을 잘 수가 없었다.",
        "textWordEA": 16
      }
    },
    {
      "srcTextID": "15058",
      "srcText": "산다라는 마술봉으로 치치를 찾으려고 허리춤을 더듬었어. 하지만 마술봉은 없었어. 신비한 빗자루와 이미 바꿔 버렸으니까.",
      "srcPage": 18,
      "srcSentenceEA": 3,
      "srcWordEA": 16,
      "character": "산다라,마술봉,치치,빗자루",
      "setting": null,
      "action": "허리춤을 더듬었어,바꿔 버렸으니까.",
      "feeling": null,
      "causalRelationship": "하지만 마술봉은 없었어. 신비한 빗자루와 이미 바꿔 버렸으니까.",
      "outcomeResolution": null,
      "prediction": null,
      "plotSummaryInfoCount": 1,
      "plotSummaryInfo": {
        "classification": "사회관계",
        "readAge": "초등_저학년",
        "form": "short-form",
        "plotSummaryText": "산다라는 마술 봉으로 치치를 찾으려고 허리춤을 더듬었지만, 신비한 빗자루와 이미 바꿔 버려 마술 봉은 없었다.",
        "textWordEA": 15
      }
    }
  ]
}