{
  "title": "토란이의 열두 달 이야기",
  "author": "김평",
  "illustrator": "유진희",
  "isbn": "9791165140724",
  "publishedYear": 2020,
  "publisher": "한국차일드아카데미",
  "paragraphInfoCount": 16,
  "paragraphInfo": [
    {
      "srcTextID": "137754",
      "srcText": "11월 3일 월요일 날씨 흐림 오늘은 우리 집에서 김장을 했습니다. 순이네 집에 김장 김치를 가져다주고 돌아오는데 갑자기 넓게 펼쳐진 논밭이 무섭게 느껴졌습니다. 얼마 전까지만 해도 누런 벼가 출렁이던 논과 배추와 무가 자라던 밭이 텅 비어 있었습니다. 어디선지 귀신이 툭 튀어나올 것만 같아 나는 집을 향해 정신없이 달렸습니다.",
      "srcPage": 12,
      "srcSentenceEA": 4,
      "srcWordEA": 50,
      "character": "김장 김치,배추,무,귀신",
      "setting": "월요일,오늘,우리 집,순이네 집,논밭,11월 3일",
      "action": "가져다주고,돌아오는데,달렸습니다.",
      "feeling": "무섭게",
      "causalRelationship": null,
      "outcomeResolution": null,
      "prediction": null,
      "plotSummaryInfoCount": 1,
      "plotSummaryInfo": {
        "classification": "사회관계",
        "readAge": "초등_저학년",
        "form": "long-form",
        "plotSummaryText": "11월 3일 월요일에는 우리 집에서 김장을 해서 김장 김치를 순이네 집에 가져다주고 돌아오는데 논과 밭이 텅 비어있어서 무섭게 느껴져 귀신이 툭 튀어나올 것만 같아 나는 집을 향해 정신없이 달렸습니다.",
        "textWordEA": 29
      }
    },
    {
      "srcTextID": "137757",
      "srcText": "2월 7일 토요일 날씨 맑음 “할아버지, 할머니, 새해 복 많이 받으세요!” 나는 색동저고리에 초록 치마를 입고 예쁘게 세배를 했습니다. “우리 토란이가 이제 숙녀가 다 됐구나!” 할아버지가 세뱃돈을 건네주며 말했습니다. 떡국을 한 그릇 먹고 나니, 한 살 더 먹은 게 실감이 났습니다.",
      "srcPage": 15,
      "srcSentenceEA": 6,
      "srcWordEA": 44,
      "character": "할아버지,할머니,나,토란이,색동저고리,초록 치마,떡국",
      "setting": "토요일,2월 7일",
      "action": "세배를 했습니다,말했습니다",
      "feeling": "예쁘게",
      "causalRelationship": null,
      "outcomeResolution": null,
      "prediction": null,
      "plotSummaryInfoCount": 1,
      "plotSummaryInfo": {
        "classification": "사회관계",
        "readAge": "초등_저학년",
        "form": "long-form",
        "plotSummaryText": "2월 7일 토요일에는 색동저고리에 초록 치마를 입고 할아버지와 할머니에게 예쁘게 세배를 했는데, 할아버지가 세뱃돈을 건네주며 토란이가 이제 숙녀가 다 됐다고 말했습니다.",
        "textWordEA": 21
      }
    },
    {
      "srcTextID": "137745",
      "srcText": "4월 8일 화요일 날씨 :맑음 아빠가 누렁이를 데리고 밭을 갈았습니다. “음매음매.” 누렁이는 침을 흘리면서 숨을 헐떡거렸습니다. “아빠, 누렁이가 힘든가 봐요. 좀 쉬었다 해요, 네?” “빨리 밭을 갈아야 감자도 심고, 옥수수도 심지.” 아빠는 누렁이 생각은 않고 쟁기질만 재촉했습니다. “음매음매, 너무 힘들어요.” 내게는 누렁이 우는 소리가 그렇게 들렸습니다. 나는 누렁이가 불쌍하기도 하고, 고맙기도 했습니다.",
      "srcPage": 3,
      "srcSentenceEA": 9,
      "srcWordEA": 57,
      "character": "아빠,누렁이,감자,옥수수",
      "setting": "화요일,밭,4월 8일",
      "action": "갈았습니다,흘리면서,헐떡거렸습니다,쉬었다,갈아야,심고,심지,재촉했습니다,우는,들렸습니다",
      "feeling": "불쌍하기도,고맙기도",
      "causalRelationship": null,
      "outcomeResolution": null,
      "prediction": null,
      "plotSummaryInfoCount": 1,
      "plotSummaryInfo": {
        "classification": "사회관계",
        "readAge": "초등_저학년",
        "form": "long-form",
        "plotSummaryText": "4월 8일 화요일에 누렁이를 데리고 아빠가 밭을 갈면서 빨리 밭을 갈아야 감자도 심고 옥수수도 심는다며 쟁기질만 재촉했고, 누렁이 우는 소리가 너무 힘들다는 소리로 들려서 불쌍하기도 하고 고맙기도 했습니다.",
        "textWordEA": 28
      }
    },
    {
      "srcTextID": "137743",
      "srcText": "3월 10일 월요일 날씨 비 부슬부슬 비가 내렸습니다. 우리 집 앞 대추나무 가지에 새끼손톱만 한 새싹이 돋았습니다. 멀리서 나무에 돋은 새싹을 보면 마치 연둣빛 꽃처럼 보입니다. 따뜻한 남쪽 나라로 떠났던 제비도 돌아왔습니다. 어느새 따뜻한 봄이 왔나 봅니다.",
      "srcPage": 1,
      "srcSentenceEA": 5,
      "srcWordEA": 41,
      "character": "비,대추나무,제비,새끼손톱만,새싹,연둣빛 꽃",
      "setting": "월요일,우리 집 앞,남쪽 나라,봄,3월 10일",
      "action": "내렸습니다,돋았습니다,돋은,보며,떠났던,돌아왔습니다,왔나 봅니다",
      "feeling": null,
      "causalRelationship": null,
      "outcomeResolution": null,
      "prediction": null,
      "plotSummaryInfoCount": 1,
      "plotSummaryInfo": {
        "classification": "사회관계",
        "readAge": "초등_저학년",
        "form": "long-form",
        "plotSummaryText": "3월 10일 비가 부슬부슬 내린 월요일에 우리 집 앞 대추나무 가지에 새싹이 돋았고, 따뜻한 남쪽 나라로 떠났던 제비도 돌아왔으니 어느새 따뜻한 봄이 왔나 봅니다.",
        "textWordEA": 24
      }
    },
    {
      "srcTextID": "137751",
      "srcText": "8월 3일 일요일 날씨 :맑음 아침부터 날씨가 찌는 듯이 더워서 친구들과 계곡으로 물놀이를 하러 갔습니다. 계곡에서 물장난을 치니 이가 덜덜 떨릴 만큼 추웠습니다. 그럴 때는 햇볕에 데워진 너럭바위가 최고입니다. 나는 친구들과 너럭바위에 앉아 찐 옥수수와 감자를 맛있게 먹었습니다.",
      "srcPage": 9,
      "srcSentenceEA": 4,
      "srcWordEA": 41,
      "character": "친구들,옥수수,감자",
      "setting": "일요일,아침,8월 3일,계곡",
      "action": "물놀이를 하러,갔습니다,물장난을 치니,떨릴,앉아,먹었습니다",
      "feeling": null,
      "causalRelationship": null,
      "outcomeResolution": null,
      "prediction": null,
      "plotSummaryInfoCount": 1,
      "plotSummaryInfo": {
        "classification": "사회관계",
        "readAge": "초등_저학년",
        "form": "long-form",
        "plotSummaryText": "8월 3일 일요일, 친구들과 함께 물놀이를 하러 갔는데 계곡에서 물장난을 치니 이가 떨릴 만큼 추웠고 햇볕에 데워진 너럭바위에 친구들과 함께 앉아 찐 옥수수와 감자를 맛있게 먹었습니다.",
        "textWordEA": 26
      }
    },
    {
      "srcTextID": "137747",
      "srcText": "5월 9일 금요일 날씨 맑음 엄마가 옷장에서 여름옷을 꺼냈습니다. 나는 얼른 작년에 입던 바지를 입어 보았습니다. 분명히 칠부바지였는데, 바지 끝이 무릎까지 올라오고 허리는 잠기지도 않았습니다. “엄마, 옷이 줄었어!” “호호호, 옷이 준 게 아니고 토란이 네가 큰 거야.” 한 해 동안 내가 이렇게 많이 자랐다니, 기분이 정말 좋았습니다.",
      "srcPage": 5,
      "srcSentenceEA": 6,
      "srcWordEA": 50,
      "character": "엄마,토란이,여름옷,바지를,무릎,허리",
      "setting": "금요일,5월 9일,작년",
      "action": "꺼냈습니다,입어,입던,올라오고,잠기지도,자랐다니",
      "feeling": "기분이 정말 좋았습니다",
      "causalRelationship": null,
      "outcomeResolution": null,
      "prediction": null,
      "plotSummaryInfoCount": 1,
      "plotSummaryInfo": {
        "classification": "사회관계",
        "readAge": "초등_저학년",
        "form": "long-form",
        "plotSummaryText": "5월 9일 금요일에 엄마가 여름옷을 옷장에서 꺼냈고 작년에 입던 바지를 입어 보니 옷이 줄었다고 엄마에게 말했는데, 옷이 준 게 아니고 내가 큰 거라며 한 해 동안 이렇게 많이 자랐다니 기분이 정말 좋았습니다.",
        "textWordEA": 32
      }
    },
    {
      "srcTextID": "137752",
      "srcText": "9월 24일 수요일 날씨 맑음 “훠이훠이.” 허수아비를 세운 논에서 하루 종일 참새 떼를 쫓았습니다. 참새 떼가 낟알을 쪼아 먹기 때문입니다. 요즘은 산들바람이 불어 한낮에도 시원합니다. 높고 파란 하늘과 노랗게 물든 가을 논이 참 아름답습니다.",
      "srcPage": 10,
      "srcSentenceEA": 5,
      "srcWordEA": 38,
      "character": "허수아비,참새 떼,낟알,논",
      "setting": "수요일,9월 24일,가을",
      "action": "세운,쫓았습니다,쪼아 먹기,불어",
      "feeling": "아름답습니다",
      "causalRelationship": null,
      "outcomeResolution": null,
      "prediction": null,
      "plotSummaryInfoCount": 1,
      "plotSummaryInfo": {
        "classification": "사회관계",
        "readAge": "초등_저학년",
        "form": "long-form",
        "plotSummaryText": "9월 24일 수요일, 낟알을 참새 떼가 쪼아 먹기 때문에 허수아비를 세운 논에서 참새 떼를 하루 종일 쫓았습니다.",
        "textWordEA": 17
      }
    },
    {
      "srcTextID": "137748",
      "srcText": "논밭에는 농작물과 여러 가지 잡초가 함께 자라요. 잡초는 농작물이 이 용해야 할 햇빛과 양분 등을 빼앗기 때문에 뽑아 주어야만 농작물이 잘 자라요. 이렇게 논밭에서 잡초를 뽑는 일을 김매기라고 해요.",
      "srcPage": 6,
      "srcSentenceEA": 3,
      "srcWordEA": 31,
      "character": "농작물,잡초",
      "setting": "논밭",
      "action": "자라요,이용해야,빼앗기,뽑아,뽑는",
      "feeling": null,
      "causalRelationship": null,
      "outcomeResolution": null,
      "prediction": null,
      "plotSummaryInfoCount": 1,
      "plotSummaryInfo": {
        "classification": "사회관계",
        "readAge": "초등_저학년",
        "form": "short-form",
        "plotSummaryText": "농작물이 논밭에서 여러 가지 잡초와 함께 자라는데, 농작물이 이용해야 할 햇빛과 양분 등을 빼앗기 때문에 잡초를 뽑아 주어야만 농작물이 잘 자라게 됩니다.",
        "textWordEA": 22
      }
    },
    {
      "srcTextID": "137756",
      "srcText": "1월 17일 토요일 날씨 :맑음 아빠와 동네 아저씨들이 토끼 사냥을 갔습니다. 나와 친구들도 따라나섰습니다. 우리는 손뼉을 치며 토끼를 몰았습니다. 어느새 코와 볼이 빨개지고, 콧물이 났습니다. 하지만 우리는 신이 나서, 온종일 토끼를 쫓으며 이리저리 뛰어다녔습니다.",
      "srcPage": 14,
      "srcSentenceEA": 5,
      "srcWordEA": 38,
      "character": "아빠,동네 아저씨들,토끼,나,친구들",
      "setting": "토요일,1월 17일",
      "action": "따라나섰습니다,뛰어다녔습니다",
      "feeling": "신이 나서",
      "causalRelationship": null,
      "outcomeResolution": null,
      "prediction": null,
      "plotSummaryInfoCount": 1,
      "plotSummaryInfo": {
        "classification": "사회관계",
        "readAge": "초등_저학년",
        "form": "long-form",
        "plotSummaryText": "1월 17일 토요일에는 아빠와 동네 아저씨들이 토끼 사냥을 가서 나와 친구들도 따라나섰고, 우리는 토끼를 온종일 쫓으며 신이 나서 이리저리 뛰어다녔습니다.",
        "textWordEA": 20
      }
    },
    {
      "srcTextID": "137746",
      "srcText": "겨우내 눈비를 맞아 단단해진 땅에는 농작물이 뿌리를 내리기 힘들어요. 그래서 농사를 짓기 전에 논밭의 흙을 갈아엎어야 해요. 단단해진 땅에 거름을 뿌려 두었다가 쟁기질을 하면서 흙과 섞어요. 이렇게 하면 농작 물이 잘 자라지요.",
      "srcPage": 4,
      "srcSentenceEA": 4,
      "srcWordEA": 35,
      "character": "농작물,흙,뿌리,거름",
      "setting": "겨우내,땅,논밭",
      "action": "맞아,내리기,짓기,갈아엎어야,뿌려 두었다가,자라지요,섞어요",
      "feeling": null,
      "causalRelationship": null,
      "outcomeResolution": null,
      "prediction": null,
      "plotSummaryInfoCount": 1,
      "plotSummaryInfo": {
        "classification": "사회관계",
        "readAge": "초등_저학년",
        "form": "long-form",
        "plotSummaryText": "겨우내 눈비를 맞아 단단해진 땅에는 농작물이 뿌리를 내리기 힘들기 때문에, 농사를 짓기 전에 논밭의 흙을 갈아엎어야 합니다.",
        "textWordEA": 17
      }
    },
    {
      "srcTextID": "137758",
      "srcText": "겨울이 지나면 봄이 오고, 여름과 가을이 차례로 찾아옵니다. 계절은 언제나 똑같은 모습으로 찾아오지만 나는 해마다 다른 모습으로 계절을 맞이합니다. 봄, 여름, 가을, 겨울이 올 때마다 나는 조금씩 조금씩 자라기 때문입니다.",
      "srcPage": 16,
      "srcSentenceEA": 3,
      "srcWordEA": 32,
      "character": "나,계절",
      "setting": "겨울,봄,여름,가을",
      "action": "오고,지나면,찾아옵니다,찾아오지만,맞이합니다,올,자라기",
      "feeling": null,
      "causalRelationship": "계절은 언제나 똑같은 모습으로 찾아오지만 나는 해마다 다른 모습으로 계절을 맞이합니다. 봄, 여름, 가을, 겨울이 올 때마다 나는 조금씩 조금씩 자라기 때문입니다.",
      "outcomeResolution": null,
      "prediction": null,
      "plotSummaryInfoCount": 1,
      "plotSummaryInfo": {
        "classification": "사회관계",
        "readAge": "초등_저학년",
        "form": "short-form",
        "plotSummaryText": "계절은 언제나 똑같은 모습으로 찾아오지만, 봄과 여름과 가을과 겨울이 올 때마다 조금씩 자라기 때문에 자기는 해마다 다른 모습으로 계절을 맞이한다고 합니다.",
        "textWordEA": 21
      }
    },
    {
      "srcTextID": "137755",
      "srcText": "12월 23일 화요일 날씨 :흐림 밤새 눈이 내렸습니다. 온 세상이 새하얀 눈으로 뒤덮였습니다. 지붕 위에도, 장독 위에도, 나뭇가지에도 흰 눈이 소복소복 쌓였습니다. 나는 하루 종일 친구들과 밖에서 놀았습니다. 썰매를 타고 눈싸움을 하느라 추운 줄도 몰랐습니다.",
      "srcPage": 13,
      "srcSentenceEA": 5,
      "srcWordEA": 39,
      "character": "눈,나,친구들",
      "setting": "화요일,장독 위,지붕 위,12월 23일",
      "action": "놀았습니다,썰매를 타고",
      "feeling": null,
      "causalRelationship": null,
      "outcomeResolution": null,
      "prediction": null,
      "plotSummaryInfoCount": 1,
      "plotSummaryInfo": {
        "classification": "사회관계",
        "readAge": "초등_저학년",
        "form": "long-form",
        "plotSummaryText": "12월 23일 화요일은 밤새 내린 눈으로 온 세상이 새하얀 눈으로 뒤덮여 하루 종일 밖에서 놀았고, 썰매를 타고 눈싸움하느라 추운 줄도 몰랐습니다.",
        "textWordEA": 21
      }
    },
    {
      "srcTextID": "137744",
      "srcText": "봄이 되면 겨우내 얼어붙었던 땅이 녹고 새싹이 돋아나요. 하루가 다르 게 나뭇잎이 무성해지고 꽃이 피어나지요. 봄은 따뜻해서 활동하기 좋 은 계절이에요. 하지만 날씨가 건조해서 산불이 자주 발생하는 계절이 기도 해요.",
      "srcPage": 2,
      "srcSentenceEA": 4,
      "srcWordEA": 33,
      "character": "나뭇잎,꽃,새싹",
      "setting": "봄,겨우내,땅,하루",
      "action": "얼어붙었던,녹고,돋아나요,무성해지고,피어나지요,발생하는",
      "feeling": null,
      "causalRelationship": null,
      "outcomeResolution": null,
      "prediction": null,
      "plotSummaryInfoCount": 1,
      "plotSummaryInfo": {
        "classification": "사회관계",
        "readAge": "초등_저학년",
        "form": "long-form",
        "plotSummaryText": "얼어붙었던 땅이 녹고 새싹이 돋아나는 봄은 따뜻해서 활동하기 좋은 계절이지만, 날씨가 건조해서 산불이 자주 발생하는 계절이기도 합니다.",
        "textWordEA": 17
      }
    },
    {
      "srcTextID": "137749",
      "srcText": "6월 18일 수요일 날씨 맑음 내 손가락만 하던 고추 모종이 어느새 내 어깨 높이만큼 자랐습니다. 줄기 여기저기에 하얀 꽃이 피었고, 벌써 고추가 열린 것도 있습니다. 꽃이 많이 필수록 열매가 많이 열린다는데, 올해는 고추 농사가 잘되려나 봅니다. 나는 할머니를 도와 김매기를 했습니다. 잡초는 뽑아도 뽑아도 자꾸 자랍니다. 김을 매느라 온몸에서 땀이 줄줄 흘렀습니다.",
      "srcPage": 7,
      "srcSentenceEA": 6,
      "srcWordEA": 57,
      "character": "고추 모종,하얀 꽃,고추,열매,할머니,나,손가락,어깨",
      "setting": "수요일,6월 18일,올해는",
      "action": "자랐습니다,피었고,열린,열린다는데,도와,김매기를 했습니다,뽑아도,자랍니다,흘렀습니다",
      "feeling": null,
      "causalRelationship": null,
      "outcomeResolution": null,
      "prediction": null,
      "plotSummaryInfoCount": 1,
      "plotSummaryInfo": {
        "classification": "사회관계",
        "readAge": "초등_저학년",
        "form": "long-form",
        "plotSummaryText": "6월 18일 수요일, 어느새 자기 어깨 높이만큼 고추 모종이 자랐기에 할머니를 도와 김매기를 했는데 뽑아도 뽑아도 잡초가 자꾸 자라서 김을 매느라 땀이 온몸에서 줄줄 흘렀습니다.",
        "textWordEA": 25
      }
    },
    {
      "srcTextID": "137750",
      "srcText": "7월 12일 토요일 날씨 :비 비가 내립니다. 벌써 며칠째 계속해서 비가 내립니다. “하늘에 구멍이라도 뚫렸나? 물난리가 나면 안 되는데.” 할아버지는 오늘도 비옷을 입고 논에 찬 빗물이 빠져나갈 물꼬를 트러 갔습니다. 나도 걱정이 되어서, 친구와 놀면서도 자꾸 문밖을 내다보았습니다.",
      "srcPage": 8,
      "srcSentenceEA": 6,
      "srcWordEA": 42,
      "character": "비,할아버지,나,친구,비옷",
      "setting": "토요일,논,7월 12일,며칠째,하늘,오늘도",
      "action": "내다보았습니다,내립니다,나면,입고,갔습니다,놀면서도",
      "feeling": "걱정이 되어서",
      "causalRelationship": null,
      "outcomeResolution": null,
      "prediction": null,
      "plotSummaryInfoCount": 1,
      "plotSummaryInfo": {
        "classification": "사회관계",
        "readAge": "초등_저학년",
        "form": "long-form",
        "plotSummaryText": "7월 12일 토요일, 비가 며칠째 계속해서 내려 오늘도 할비옷을 입고 논에 찬 빗물이 빠져나갈 물꼬를 트러 간 아버지가 걱정되어 친구와 놀면서도 문밖을 자꾸만 내다보았습니다.",
        "textWordEA": 24
      }
    },
    {
      "srcTextID": "137753",
      "srcText": "10월 2일 목요일 날씨 맑음 “탈탈탈, 털털털.” 요즘에는 탈곡기와 경운기 소리로 날마다 온 동네가 시끌벅적합니다. 오늘은 우리 집도 추수를 했습니다. 추석이 되면 오늘 수확한 햅쌀로 송편을 빚고, 새로 딴 햇과일을 올려 차례 상을 차릴 겁니다. 나는 밤과 감, 배를 마음껏 먹을 수 있는 요즘이 참 좋습니다.",
      "srcPage": 11,
      "srcSentenceEA": 6,
      "srcWordEA": 50,
      "character": "탈곡기,경운기,햅쌀,송편,나,밤,감,배",
      "setting": "목요일,동네,오늘,우리 집,10월 2일,오늘은",
      "action": "빚고,좋습니다,올려,차릴,먹을,추수를 했습니다,수확한",
      "feeling": null,
      "causalRelationship": null,
      "outcomeResolution": null,
      "prediction": null,
      "plotSummaryInfoCount": 1,
      "plotSummaryInfo": {
        "classification": "사회관계",
        "readAge": "초등_저학년",
        "form": "long-form",
        "plotSummaryText": "10월 2일 목요일은 온 동네가 탈곡기와 경운기 소리로 날마다 시끌벅적하고 오늘 수확한 햅쌀로 추석 때 송편을 빚고 새로 딴 햇과일을 올려 차례 상을 차릴 것인데, 밤과 감과 배를 마음껏 먹을 수 있는 요즘이 참 좋습니다.",
        "textWordEA": 35
      }
    }
  ]
}