{
  "title": "고려 6",
  "author": "원유상",
  "illustrator": "그림작가 정보없음",
  "isbn": "9791165140342",
  "publishedYear": 2020,
  "publisher": "한국차일드아카데미",
  "paragraphInfoCount": 16,
  "paragraphInfo": [
    {
      "srcTextID": "142547",
      "srcText": "요동 공격을 반대하는 이성계의 주장 4불가론 이성계는 우왕과 최영이 요동을 공격하자고 하였을 때, 네 가지 이유를 들어 반대했어요. 이것이 바로 이성계의 4불가론이에요. 첫째, 작은 나라가 큰 나라를 칠 수는 없다. 둘째, 여름에는 군사를 일으키는 것이 어렵다. 셋째, 큰 군사를 일으켜 북으로 가면 왜구가 그 틈을 노려 쳐들어온다. 넷째, 장마철에는 활에 힘이 없고 전염병으로 군사들이 고생할 것이다. 하지만 이성계의 이 같은 주장을 우왕은 받아들이지 않았어요. 요동을 향했던 이성계는 결국 위화도에서 군사를 돌렸지요. 정몽주가 죽은 슬픈 다리 선죽교 선죽교는 이방원이 부하를 보내 정몽주를 죽였던 다리예요. 선죽교는 지금의 북한 개성(고려 때의 개경)에 있어요. 북한에서는 역사적으로 의미가 있는 선죽교를 나라의 보물로 정하였어요. 선죽교는 원래 이름이 ‘ 선지교’ 였어요. 그런데 이 다리에서 죽음을 맞이했던 정몽주가 가진 나라와 임금에 대한 충성스러움을 드높이기 위해 이름이 바뀌었어요. 곧음의 상징인 대나무 ‘ 죽’ 자를 넣어 선죽교로 이름을 바꾼 것이지요. 풀이 돋아 나지 않는 최영 장군의 묘 지금의 경기도 일산에 가면 최영 장군의 묘를 볼 수 있어요. 이곳은 이성계가 위화도에서 군사를 돌린 뒤 최영을 귀양 보낸 곳이기도 하지요. 지금은 그의 무덤에 풀이 나 있지만 한동안 풀이 잘 자라지 않았다고 해요. 전해 오는 이야기에 따르면 최영이 죽기 전에 ‘ 내가 조금이라도 누구에게 원한이 있으면 내 무덤에는 풀이 나지 않을 것이다’ 라고 했다고 해요. 최영이 죽고 난 후로도 나라를 위해 평생을 바쳤던 최영의 죽음에 많은 사람들이 슬퍼하였지요. ",
      "srcPage": 12,
      "srcSentenceEA": 22,
      "srcWordEA": 226,
      "character": "이성계,우왕,최영,군사,이방원,부하,정몽주,사람들",
      "setting": "요동,경기도 일산,위화도,선죽교,북한 개성",
      "action": "공격하자고 하였을 때,죽음에,반대했어요,돌린,정하였어요",
      "feeling": "슬퍼하였지요",
      "causalRelationship": null,
      "outcomeResolution": null,
      "prediction": null,
      "plotSummaryInfoCount": 1,
      "plotSummaryInfo": {
        "classification": "사회관계",
        "readAge": "초등_저학년",
        "form": "long-form",
        "plotSummaryText": "이성계는 우왕과 최영이 요동을 공격하자고 하였을 때, 네 가지 이유를 들어 반대하며 위화도에서 군사를 돌렸고, 정몽주가 죽은 선죽교는 원래 선지교였으나 정몽주의 충성스러움을 드높이기 위해 이름을 바꾼 것이며, 경기도 일산에 있는 최영 장군의 묘는 그가 죽기 전에 원한이 있으면 무덤에 풀이 자라지 않을 거라고 했던 말처럼 한동안 풀이 돋아나지 않았다고 합니다.",
        "textWordEA": 50
      }
    },
    {
      "srcTextID": "142538",
      "srcText": "이성계는 어쩔 수 없이 요동으로 향했어요. 그리고 이성계의 군대는 압록강에 있는 위화도까지 도착했어요. 하지만 이성계는 머뭇거렸어요. ‘도저히 이길 수 없는 싸움이야. 오히려 명나라의 미움만 사게 되는 일이 될 거야 .’ 이성계는 위화도에서 군대를 돌려 왕이 있는 개경으로 향했어요. 이 사건을 위화도 회군이라고 해요. 회군은 군사를 돌려 돌아간다는 뜻이에요. 당당하게 죽음을 맞은 최영 이성계가 요동으로 향하지 않고, 개경으로 향하고 있다는 소식이 우왕과 최영에게 전해졌어요. 최영은 우선 개경에 있는 군사를 모두 모았어요. 이성계의 군사에 비하면 숫자가 많이 모자랐지요. 머지않아 이성계의 군사들이 개경에 도착했어요. 초조하게 기다리던 최영과 군사들은 이성계의 군사들과 맞붙어 싸웠어요. 하지만 최영의 군사들은 하나둘씩 무너지고 말았어요. 최영은 서둘러 우왕을 찾아가 절을 올렸어요. “폐하, 저는 이제 죽으러 갑니다. 끝까지 폐하를 지켜 드리지 못해 죄송합니다.” 최영은 싸우다 이성계의 군사에게 붙잡혔어요. 그 뒤로 얼마 되지 않아 최영은 최후를 맞이했어요. 최영은 끝까지 목숨을 구걸하지 않았어요. 오히려 당당하게 죽음을 택했지요. 한편 이성계는 우왕을 왕의 자리에서 물러나게 한 뒤 우왕의 아들을 왕의 자리에 올렸어요. 이 사람이 바로 창왕이에요. 하지만 백성들은 왕보다 이성계를 고려에서 더 높고 힘센 사람이라 생각했어요.",
      "srcPage": 3,
      "srcSentenceEA": 24,
      "srcWordEA": 182,
      "character": "이성계,최영,우왕,창왕,군대,명나라,군사들,아들,백성들",
      "setting": "요동,압록강,위화도,개경,고려",
      "action": "맞붙어 싸웠어요,도착했어요,머뭇거렸어요,향했어요,올렸어요",
      "feeling": "초조하게",
      "causalRelationship": null,
      "outcomeResolution": null,
      "prediction": null,
      "plotSummaryInfoCount": 1,
      "plotSummaryInfo": {
        "classification": "사회관계",
        "readAge": "초등_저학년",
        "form": "long-form",
        "plotSummaryText": "도저히 이길 수 없는 싸움이라고 생각한 이성계는 위화도에서 군대를 돌려 왕이 있는 개경으로 향했고, 이 소식을 들은 최영은 이성계의 군사와 맞붙어 싸웠지만 이성계의 군사에게 패했고, 이성계는 우왕을 물러나게 한 뒤 우왕의 아들인 창왕을 왕의 자리에 올렸어요.",
        "textWordEA": 36
      }
    },
    {
      "srcTextID": "142544",
      "srcText": "선죽교에서 꺼져간 정몽주의 숨소리 날이 어두워져 가고 있을 때, 정몽주를 태운 말이 개경의 선죽교를 건너려고 하고 있었어요. 그때 갑자기 어두운 데서 누군가가 나타났어요. “거기 멈춰라! 당신의 목숨은 여기까지요.” 그는 이방원이 보낸 부하였어요. 정몽주는 조금도 당황하지 않았어요. 그리고 마치 모든 것을 알고 있었던 사람처럼 말에서 내렸어요. “어찌 고려의 신하로서 나라와 임금을 배신하려 하느냐?” 정몽주는 자신의 말이 끝나기 무섭게 목숨을 잃었어요. 고려의 충성스런 신하였던 정몽주는 이렇게 해서 쉰여섯 살의 나이로 세상을 뜨고 말았어요.",
      "srcPage": 9,
      "srcSentenceEA": 10,
      "srcWordEA": 78,
      "character": "정몽주,이방원,말,부하,신하,임금",
      "setting": "선죽교,개경",
      "action": "목숨을 잃었어요,세상을 뜨고 말았어요,내렸어요",
      "feeling": null,
      "causalRelationship": null,
      "outcomeResolution": null,
      "prediction": null,
      "plotSummaryInfoCount": 1,
      "plotSummaryInfo": {
        "classification": "사회관계",
        "readAge": "초등_저학년",
        "form": "long-form",
        "plotSummaryText": "정몽주를 태운 말이 개경의 선죽교를 건너려고 하고 있을 때 갑자기 이방원이 보낸 부하가 나타나서 그의 목숨을 잃게 만들었고, 정몽주는 쉰여섯 살의 나이로 세상을 뜨고 말았습니다.",
        "textWordEA": 25
      }
    },
    {
      "srcTextID": "142540",
      "srcText": "가장 큰 문제는 땅, 땅, 땅 정도전은 고려 사회의 문제점을 하나하나 고쳐나가기로 했어요. 가장 적극적으로 고려 사회를 뜯어고치려 했던 정도전은 뜻을 이루게 되었지요. “이제는 이성계 대감이 뒤를 받쳐 주고 있으니 무슨 걱정이 있겠소?” 정도전과 뜻을 같이하는 많은 신하들이 생겨났어요. 조준도 이성계를 따르기로 하고 먼저 땅 문제에 대해 이야기를 꺼냈어요. “나라의 세금을 자신의 것으로 몽땅 가져간 귀족들의 잘못된 행동부터 고쳐야겠소.” 그의 말에 함께 개혁을 원하는 신하들은 모두 고개를 끄덕였어요. “아직도 왕실과 벼슬자리에 부패한 귀족의 무리들이 많소. 이것도 고쳐야 할 것이오.” 정도전의 뜻대로 이성계는 귀족들이 가지고 있는 땅을 빼앗고 백성들이 내는 세금 제도도 바꾸었어요. “귀족들의 땅을 모두 나라의 땅으로 하라.” 바뀐 제도 덕분에 백성들은 나라에 내는 세금이 줄어들어 살림이 나아졌고 나라는 귀족들이 모두 챙기던 세금을 거두어 넉넉해졌어요. 이성계의 힘을 빌려 고려를 새롭게 바꾸고자 하는 신진 사대부의 움직임이 드디어 시작되고 있는 순간이었어요. 신진 사대부란 누구일까요? 성리학은 고려의 학자 안향에 의해 고려에 널리 퍼진 중국 학문이에요. 당시 글을 배우는 선비들은 널리 퍼진 성리학에 대해 굉장히 관심이 높았어요. 그리고 성리학을 공부한 사람들 중에서 많은 사람들이 과거에 합격하여 벼슬길에 올랐어요. 이들을 바로 신진 사대부라고 불렀어요, ‘신진’ 은 ‘새롭게 나아가다’ 라는 뜻이고, ‘사대부’ 는 ‘글공부를 하는 선비’ 를 뜻한답니다. 백성들을 위한 개혁 작업 과전법 넓은 땅인 농장을 가진 귀족들로부터 땅을 빼앗아 나라의 땅으로 하고, 귀족들이 다시는 함부로 땅을 빼앗지 못하도록 했어요. 이 제도를 과전법이라고 해요. 빼앗은 땅은 다시 관리들의 월급으로 나누어 주었지요. 이렇게 나누어 준 땅은 ‘과전’ 이라고 했어요. 그리고 관리들에게는 땅에서 나는 수확물을 가질 권리만 주었어요. 관리가 물러나거나 죽으면 이 땅을 다시 나라에 돌려주어 대를 이어 부를 누릴 수 없게 했지요. 과전법으로 인해 과전에서 일하는 농민들이 내는 세금도 줄었어요. 그러자 농민들은 과전법을 크게 환영했어요. 도동묘 안호가 조선 숙종 임금 때에 우리나라 주자학의 시조인 안향과 송나라 주자를 모시기 위해 세운 사당이에요. “나라의 세금을 자신의 것으로 몽땅 가져간 귀족들의 잘못된 행동부터 고쳐야겠소.”",
      "srcPage": 5,
      "srcSentenceEA": 33,
      "srcWordEA": 311,
      "character": "정도전,이성계,신하들,조준,귀족들,신진 사대부,백성들,관리들,농민들",
      "setting": "고려 사회,과전",
      "action": "끄덕였어요,빼앗고,바꾸었어요",
      "feeling": null,
      "causalRelationship": null,
      "outcomeResolution": null,
      "prediction": null,
      "plotSummaryInfoCount": 1,
      "plotSummaryInfo": {
        "classification": "사회관계",
        "readAge": "초등_저학년",
        "form": "long-form",
        "plotSummaryText": "가장 적극적으로 고려 사회를 뜯어고치려 했던 정도전의 뜻대로, 이성계는 귀족들이 가지고 있는 땅을 빼앗고 백성들이 내는 세금 제도도 바꾸었으며, 바뀐 제도 덕분에 백성들은 나라에 내는 세금이 줄어들어 살림이 나아졌을 뿐 아니라, 나라는 귀족들이 모두 챙기던 세금을 거두어 넉넉해졌습니다.",
        "textWordEA": 38
      }
    },
    {
      "srcTextID": "142545",
      "srcText": "서서히 무너져 가는 고려 정몽주가 세상을 떠난 후, 정몽주를 따르던 많은 신하들은 세상을 한탄했어요. “이제 정말 고려가 망해가는구나.” 그 가운데에서 많은 사람들이 벼슬을 내던지고 고향으로 내려갔어요. 개경에는 이성계가 왕이 되는 것을 반대할 사람이 거의 없었어요. 한편 왕의 자리에 있던 공양왕은 불안하기 짝이 없었어요. ‘내가 어쩌다가 이렇게 되어 하루하루를 불안에 떨며 살아야 하나?’ 이 사실을 알고 있던 왕대비는 ‘공양왕이 어리석고 둔해 나라와 백성을 맡을 수 없다’ 는 내용의 글을 왕실에 내렸어요. 이성계를 따르던 이들이 공양왕이 왕의 자리에서 스스로 물러나도록 하는 글을 써 달라고 했기 때문이에요. 공양왕은 왕의 자리에 큰 욕심이 없었어요. ‘불안하게 허수아비 왕으로 있느니, 남은 일생을 마음 편히 사는 것이 낫겠구나.’ 공양왕은 자신이 갖고 있던 옥새를 내주었어요.",
      "srcPage": 10,
      "srcSentenceEA": 12,
      "srcWordEA": 117,
      "character": "정몽주,이성계,공양왕,왕,허수아비 왕",
      "setting": "고려,고향,개경",
      "action": "옥새를 내주었어요,내려갔어요",
      "feeling": null,
      "causalRelationship": null,
      "outcomeResolution": null,
      "prediction": null,
      "plotSummaryInfoCount": 1,
      "plotSummaryInfo": {
        "classification": "사회관계",
        "readAge": "초등_저학년",
        "form": "long-form",
        "plotSummaryText": "정몽주가 세상을 떠난 후, 정몽주를 따르던 많은 신하들은 세상을 한탄하며 벼슬을 내던지고 고향으로 내려갔고, 왕의 자리에 있던 공양왕은 이성계에게 자신이 갖고 있던 옥새를 내주었어요.",
        "textWordEA": 24
      }
    },
    {
      "srcTextID": "142546",
      "srcText": "새 나라의 왕, 이성계 이제 이성계가 왕의 자리에 오를 일만 남았어요. 정도전과 조준은 옥새를 가지고 신하들과 함께 이성계의 집으로 찾아갔어요. “이 나라와 백성이 임금으로 모시길 원합니다. 옥새를 받으시옵소서.” 하지만 이성계는 뜻밖에도 문을 열어 주지 않았어요. 그리고 아무 말이 없었지요. 아무리 기다려도 문이 열리지 않자 정도전은 문을 억지로 밀고 들어가 옥새를 마루에 놓았어요. “이것은 하늘의 뜻입니다. 이것은 곧 백성의 마음이니 어서 나와 옥새를 받으시옵소서.” 긴 생각에 빠져 있던 이성계는 조용히 나왔어요. “내 하늘의 뜻을 받들어 옥새를 받겠노라.” 이성계는 이렇게 임금의 자리에 올랐어요.",
      "srcPage": 11,
      "srcSentenceEA": 12,
      "srcWordEA": 89,
      "character": "이성계,정도전,조준,왕,옥새",
      "setting": "마루",
      "action": "올랐어요,놓았어요,밀고 들어가",
      "feeling": null,
      "causalRelationship": null,
      "outcomeResolution": null,
      "prediction": null,
      "plotSummaryInfoCount": 1,
      "plotSummaryInfo": {
        "classification": "사회관계",
        "readAge": "초등_저학년",
        "form": "long-form",
        "plotSummaryText": "정도전과 조준은 옥새를 가지고 신하들과 함께 이성계의 집으로 찾아가 그것을 받으라고 했지만, 이성계가 문을 열어주지 않자 정도전이 문을 억지로 밀고 들어가 옥새를 마루에 놓았고, 이성계가 결국 옥새를 받겠다고 하여 임금의 자리에 올랐습니다.",
        "textWordEA": 32
      }
    },
    {
      "srcTextID": "142548",
      "srcText": "이색은 고려의 학자 중에서도 가장 큰 어른으로 꼽혀요. 정몽주, 이숭인과 같은 유명한 학자들도 모두 이색에게 학문을 배웠어요. 이색은 그의 제자들에게 항상 강조한 것이 있었어요. 바로 충성과 의리였어요. 이색은 ‘ 아무리 사람이 세상을 놀랄 만한 일을 하여도 충성과 의리가 아니면 귀하게 여길 것이 못 된다’ 고 말했어요. 한때 임금이 되려는 이성계의 움직임에 반대하다가 귀양을 떠나기도 하였고, 조선이 세워진 후에도 벼슬을 하지 않으며 끝까지 고려에 대한 의리를 지켰어요. 충성과 의리를 강조한 목은이색 17 정몽주는 지혜가 아주 뛰어난 사람이었어요. 학자들이 모여 공부를 하고 토론을 할 때에도 정몽주는 거침없이 자신의 생각을 말하곤 했어요. 그때마다 사람들은 정몽주의 뛰어난 지혜와 가르침에 감탄하곤 했지요. 특히 이색은 ‘ 정몽주가 말하는 것은 맞지 않음이 없구나’ 라고 할 정도였어요. 이성계가 함께 새로운 나라를 세우려고 했지만, 정몽주는 끝까지 이를 따르지 않았어요. 이색도 칭찬한 포은 정몽주 말과 행동이 항상 반듯했던 야은길재 우리 모두 고려에 충성한 사람들이지. 길재는 어려서부터 글과 학문에 대한 관심이 깊었어요. 가르침을 받기 위해서라면 아주 먼 곳이라도 스승을 찾아 길을 떠나기도 했어요. 그렇게 해서 길재는 당시 뛰어난 학자였던 이색과 정몽주를 찾아가 새로운 학문을 배우고 뛰어난 학자가 되었어요. 길재는 ‘사람은 말과 행동에 어긋남이 있어서는 안 된다’ 고 항상 말했어요. 그리고 ‘나라에 충성하고 부모에게 효도하라’고 하였지요. 그의 말처럼 길재는 고려가 망하자 벼슬도 버렸어요. 그리고 고향으로 돌아가 홀로 계신 늙은 어머니를 모시며 살았어요.",
      "srcPage": 13,
      "srcSentenceEA": 23,
      "srcWordEA": 222,
      "character": "이색,정몽주,이숭인,큰 어른,제자들,임금,이성계,사람들,길재,학자",
      "setting": "고향",
      "action": "학문을 배웠어요,공부를 하고,배우고,버렸어요,살았어요",
      "feeling": "감탄하곤",
      "causalRelationship": null,
      "outcomeResolution": null,
      "prediction": null,
      "plotSummaryInfoCount": 1,
      "plotSummaryInfo": {
        "classification": "사회관계",
        "readAge": "초등_저학년",
        "form": "long-form",
        "plotSummaryText": "이색은 고려의 학자 중에서도 가장 큰 어른으로 꼽혀, 정몽주, 이숭인과 같은 유명한 학자들이 모두 그에게 학문을 배웠고, 그의 제자 정몽주는 지혜가 아주 뛰어난 사람이었으며, 뛰어난 학자 길재는 나라에 충성하고 부모에게 효도하라고 한 평소의 말대로 고려가 망하자 벼슬을 버리고 고향으로 돌아가 늙은 어머니를 모시고 살았답니다.",
        "textWordEA": 44
      }
    },
    {
      "srcTextID": "142549",
      "srcText": "고려에서 피어난 불교와 문화 고려는 불교의 나라였어요. 고려 여러 곳에 절들이 많이 세워졌고,심지어 승려 의천은 고려의 왕자였던 사람이었지요. 하지만 불교는 고려에 여러 문제를 낳기도 했어요. 그래서 승려 지눌은 불교를 깨끗이 하기 위해앞장서기도했지요. 한편 고려는 문화와학문이발전한나라이기도했어요. 그 누구도 흉내낼 수 없는 고려만의 청자가 만들어졌고,삼국유사와 같은 역사책도 만들어졌어요.",
      "srcPage": 14,
      "srcSentenceEA": 6,
      "srcWordEA": 51,
      "character": "승려 의천,절,지눌,청자,승려",
      "setting": "고려,불교의 나라",
      "action": "만들어졌고,앞장서기도했지요",
      "feeling": null,
      "causalRelationship": null,
      "outcomeResolution": null,
      "prediction": null,
      "plotSummaryInfoCount": 1,
      "plotSummaryInfo": {
        "classification": "사회관계",
        "readAge": "초등_저학년",
        "form": "long-form",
        "plotSummaryText": "고려는 불교의 나라여서 여러 곳에 절들이 많이 세워진 한편 문화와 학문이 발전하여 고려만의 청자와 삼국유사와 같은 책이 만들어졌어요.",
        "textWordEA": 18
      }
    },
    {
      "srcTextID": "142551",
      "srcText": "의천 고려의 승려가 되는 과거시험 승과 고려에서는 승려들을 대상으로 하는 과거 시험이 있었어요. 바로 ‘ 승과’ 였지요. 승려들은 승과를 보고 붙으면 보통 관리처럼 등급을 받았어요. 그리고 능력에 따라 그 등급이 올라갔어요. 고려의 많은 승려들은 도를 닦기 위해 노력도 하였지만 벼슬 등급을 받기 위해 공부를 하기도 했어요. 송나라의 철종은 의천의 마음가짐과 됨됨이에 감탄하여 의천이 송나라에서 어려움 없이 공부를 잘할 수 있게 해 주었어요. 오랫동안 송나라에 머물렀던 의천은 공부를 마치고 다시 고려로 돌아왔어요. 그 무렵 고려의 불교는 경전 공부를 중요시하는 교종과 구체적인 실천으로 깨달음을 중요시하는 선종으로 나뉘어 있었어요. 의천은 경전과 깨달음을 모두 강조하는 천태종을 열었어요. 그리고 불교의 참뜻을 전하기 위해 죽는 날까지 노력했어요.",
      "srcPage": 16,
      "srcSentenceEA": 11,
      "srcWordEA": 111,
      "character": "의천,철종,승려,관리",
      "setting": "고려,송나라",
      "action": "승과를 보고 붙으면,공부를 하기도 했어요,천태종을 열었어요,머물렀던,돌아왔어요",
      "feeling": "감탄하여",
      "causalRelationship": null,
      "outcomeResolution": null,
      "prediction": null,
      "plotSummaryInfoCount": 1,
      "plotSummaryInfo": {
        "classification": "사회관계",
        "readAge": "초등_저학년",
        "form": "long-form",
        "plotSummaryText": "송나라의 철종은 의천의 됨됨이와 마음가짐에 감탄하여 의천이 송나라에서 공부를 할 수 있게 도와주었고, 오랫동안 송나라에 머물다 고려로 돌아온 의천은 천태종을 열고 불교의 참뜻을 전하기 위해 죽는 날까지 노력했어요.",
        "textWordEA": 28
      }
    },
    {
      "srcTextID": "142541",
      "srcText": "두 갈래로 나뉜 신진 사대부 이성계를 믿고 따르던 무리들은 얼마 지나지 않아 둘로 갈라지는 일이 생겼어요. 바로 정도전이 아주 큰일을 생각했기 때문이에요. 정도전은 뜻을 굽히지 않았어요. 다른 사람들의 의견도 만만치 않았어요. 고려는 이제 무너져가고 있소. 이번 기회에 아예 새로운 나라와 왕을 세웁시다. 정도전 대감의 뜻은 잘 알겠습니다. 하지만 신하된 자로서 어찌 나라와 왕을 배신할 수 있겠습니까? 그럼 누가 왕이 되어야 한다는 말씀이시오? 이성계 장군이오. 이성계 장군은 홍건적과 왜구의 침입 때 이 나라를 구하신 분이오. 많은 백성들은 이성계 대감을 존경하고 있소. 나는 하늘이 이성계 장군을 왕으로 선택했다고 생각하오. 배신이라니요? 맹자께서도 하늘과 백성의 믿음을 얻지 못하는 왕은 왕이 될 자격이 없다고 하였소.",
      "srcPage": 6,
      "srcSentenceEA": 15,
      "srcWordEA": 114,
      "character": "이성계,정도전,왕,신하,백성들,맹자",
      "setting": "얼마 지나지 않아",
      "action": "둘로 갈라지는,세웁시다,나라를 구하신",
      "feeling": "존경하고 있소",
      "causalRelationship": null,
      "outcomeResolution": null,
      "prediction": null,
      "plotSummaryInfoCount": 1,
      "plotSummaryInfo": {
        "classification": "사회관계",
        "readAge": "초등_저학년",
        "form": "long-form",
        "plotSummaryText": "이성계를 믿고 따르던 무리들은 얼마 지나지 않아 둘로 갈라졌는데, 이번 기회에 아예 새로운 나라와 왕을 세우자는 정도전 무리와, 신하된 자로서 어찌 나라와 왕을 배신할 수 있겠냐는 무리였고, 정도전은 하늘이 이성계 장군을 왕으로 선택했다고 말했다.",
        "textWordEA": 34
      }
    },
    {
      "srcTextID": "142542",
      "srcText": "새 나라를 위해 뛰는 정도전 정도전의 생각은 금방 여러 사람의 귀에 들어갔어요. 그리고 정도전과 뜻을 같이하던 정몽주도 그 이야기를 알게 되었지요. 정몽주는 펄쩍 뛰었어요. “신하는 나라와 임금을 섬겨야 되는 법. 그런데 고려를 버리고 새로운 나라를 세운다니.” 정몽주는 절대 그런 일이 있어서는 안 된다며 정도전을 나무랐어요. 하지만 정도전의 마음은 바뀌지 않았어요. “고려가 이렇게 혼란스럽고 백성들이 하루하루 살아가기 힘드니, 하늘이 더 이상 지켜 주지 않는 것이오. 새 나라를 열어야 할 때가 온 것이오.” 정도전은 여러 신하들을 쫓아다니며 설득하기 시작했어요. 그러자 많은 신하들은 이성계와 정도전 쪽으로 점점 생각이 기울었어요.",
      "srcPage": 7,
      "srcSentenceEA": 11,
      "srcWordEA": 94,
      "character": "정도전,정몽주,신하들,임금,백성들",
      "setting": null,
      "action": "나라를 세운다니,설득하기 시작했어요,섬겨야,나무랐어요",
      "feeling": null,
      "causalRelationship": null,
      "outcomeResolution": "그러자 많은 신하들은 이성계와 정도전 쪽으로 점점 생각이 기울었어요.",
      "prediction": null,
      "plotSummaryInfoCount": 1,
      "plotSummaryInfo": {
        "classification": "사회관계",
        "readAge": "초등_저학년",
        "form": "long-form",
        "plotSummaryText": "정도전의 생각은 금방 여러 사람의 귀에 들어갔고, 정몽주는 신하는 나라와 임금을 섬겨야 되는 법인데 고려를 버리고 새로운 나라를 세운다는 것은 절대 안 된다며 정도전을 나무랐지만 많은 신하들은 이성계와 정도전 쪽으로 생각이 기울었어요.",
        "textWordEA": 32
      }
    },
    {
      "srcTextID": "142536",
      "srcText": "고려의 장수 이성계는 나라를 바로 잡는다는 이유로,우왕을 내쫓고 창왕을 왕의 자리에 올렸어요. 정도전과 같은, 고려를 바로잡으려는 신하들은 이성계를 왕으로 만들고자 했지만,몇몇신하들은찬성하지않았어요. 결국 이성계는 자신을 따르는 정도전과 더불어 뜻을 같이하는 신하들과 함께 고려를 무너뜨리고 왕의 자리에 올랐지요.",
      "srcPage": 1,
      "srcSentenceEA": 3,
      "srcWordEA": 38,
      "character": "이성계,정도전,장수,창왕,신하들,왕",
      "setting": "고려",
      "action": "따르는,올랐지요,내쫓고,무너뜨리고",
      "feeling": null,
      "causalRelationship": null,
      "outcomeResolution": null,
      "prediction": null,
      "plotSummaryInfoCount": 1,
      "plotSummaryInfo": {
        "classification": "사회관계",
        "readAge": "초등_저학년",
        "form": "short-form",
        "plotSummaryText": "고려의 장수 이성계는 나라를 바로 잡는다는 이유로, 우왕을 내쫓고 창왕을 왕의 자리에 올렸고, 자신을 따르는 정도전 등 뜻을 같이하는 신하들과 함께 고려를 무너뜨리고 왕의 자리에 올랐습니다.",
        "textWordEA": 26
      }
    },
    {
      "srcTextID": "142537",
      "srcText": "최영과 다른 길을 간 이성계 세상 무서운 줄 몰랐던 원나라가 물러가고 명나라가 중국을 차지할 때였어요. 하지만 고려는 마냥 좋아할 수만은 없었어요. 명나라도 고려를 괴롭혔기 때문이에요. 명나라는 원나라를 멀리 쫓아내는 데 필요하다며 공물을 바치라고 했어요. 게다가 고려의 북쪽 지방인 철령 이북 지방은 원래 자기네 땅이라며 직접 다스리겠다고 했어요. 그 말을 듣고 화가 난 고려 장수 최영은 명나라의 말을 들어주기는커녕 오히려 명나라를 공격하자고 했어요. “차라리 이번 기회에 북쪽 요동을 공격해 고구려의 옛 땅도 찾고, 우리 고려가 만만한 상대가 아님을 보여 줘야 합니다.” 우왕은 최영의 뜻대로 하기로 했어요. 하지만 이성계는 최영의 생각이 잘못된 생각이라며 반대했어요. 이성계의 주장을 귀담아듣지 않은 우왕은 이성계에게 군대를 이끌고 먼저 요동을 공격하라고 했지요.",
      "srcPage": 2,
      "srcSentenceEA": 10,
      "srcWordEA": 112,
      "character": "최영,이성계,원나라,명나라,중국,공물,고려 장수,고구려,우왕,요동",
      "setting": "북쪽 지방,철령 이북 지방",
      "action": "다른 길을 간,반대했어요,괴롭혔기,공격하라고 했지요",
      "feeling": "화가 난",
      "causalRelationship": null,
      "outcomeResolution": null,
      "prediction": null,
      "plotSummaryInfoCount": 1,
      "plotSummaryInfo": {
        "classification": "사회관계",
        "readAge": "초등_저학년",
        "form": "long-form",
        "plotSummaryText": "중국을 차지한 명나라가 원나라를 멀리 쫓아내는 데 필요하다며 공물을 바치라고 하고, 고려의 북쪽 지방인 철령 이북 지방이 원래 자기네 땅이니 직접 다스리겠다고 하자, 화가 난 고려 장수 최영은 이번 기회에 북쪽 요동을 공격해 고구려의 옛 땅도 찾고, 고려가 만만한 상대가 아님을 보여 줘야 한다고 말했습니다.",
        "textWordEA": 45
      }
    },
    {
      "srcTextID": "142550",
      "srcText": "문종의 아들, 의천 고려 왕실에는 승려가 되었던 사람들이 종종 있었어요. 문종의 넷째 아들이었던 왕자 의천도 열한 살 때부터 승려의 길을 걷기 시작했어요. 의천은 점차 나이가 들어가면서 불교에 대해 깊이 연구하고 싶었어요. 하지만 의천이 송나라에 가는 것은 그리 쉬운 일이 아니었어요. 당시 거란의 눈치를 봐야 했던 고려는 거란과 사이가 좋지 않은 송나라에 아무리 승려이지만 왕자를 보낼 수는 없었어요. 그래도 의천은 포기하지 않았어요. ‘ 보내 주지 않는다면 몰래 가는 수밖에 없지.’ 의천은 예성강으로 갔어요. 그리고는 그냥 보통 승려인 양 배에 올라탔어요. 송나라 상인 누구도 그가 고려의 왕자 의천일 것이라고 생각하지 못했지요. 송나라에서 불교 공부에 푹 빠진 의천 의천이 송나라로 갔다는 소식은 고려의 왕실에 곧 알려졌어요. 그리고 곧 송나라도 이 일을 알게 되었지요. 고려의 왕자 의천이 송나라에 왔다는 소식을 들은 송나라의 황제 철종은 신하들에게 의천을 데려오라고 했어요. “어찌하여 이 먼 곳까지 오게 되었는가?” “불교의 깊은 진리를 공부하고자 하는 마음에 여기까지 오게 되었습니다.”",
      "srcPage": 15,
      "srcSentenceEA": 15,
      "srcWordEA": 151,
      "character": "의천,철종,문종의 아들,승려,넷째 아들,왕자,거란,배,상인,황제",
      "setting": "송나라,고려,예성강",
      "action": "걷기 시작했어요,올라탔어요",
      "feeling": null,
      "causalRelationship": null,
      "outcomeResolution": null,
      "prediction": null,
      "plotSummaryInfoCount": 1,
      "plotSummaryInfo": {
        "classification": "사회관계",
        "readAge": "초등_저학년",
        "form": "long-form",
        "plotSummaryText": "문종의 넷째 아들이자 열한 살 때부터 승려의 길을 걷기 시작한 의천은 불교에 대해 깊이 연구하고 싶어서 거란의 눈치를 보느라 송나라에 갈 수 없던 고려의 상황에도 불구하고 송나라로 갔고, 송나라 왕실에서도 이 소식을 알게 되어 송나라의 황제 철종이 신하들에게 의천을 데려오라고 했습니다.",
        "textWordEA": 41
      }
    },
    {
      "srcTextID": "142539",
      "srcText": "이성계와 손잡은 사람들 위화도 회군에 성공한 이성계는 우왕을 귀양보내고, 최영을 죽였지만 바로 왕의 자리에 오르지 못했어요. 왕위에 오르고 싶었지만 마땅한 이유를 찾지 못하고 있었지요. 백성들과 귀족들에게 떳떳하게 설명하기가 좀처럼 쉽지 않았어요. 그렇다고 나라를 세우려는 큰 뜻을 접고 그냥 무턱대고 가만히 있을 수만은 없었지요. ‘왕이 된다는 것이 쉬운 일이 아니군. 왕이 되려면 정도전처럼 고려 사회를 뜯어고치려는 선비들과 손을 잡아야겠어.’ 이성계는 함께 고려를 새롭게 만들어 나가자며 정도전에게 손을 내밀었어요. 새로운 나라를 이끈 젊은 선비들 내가 고려를 새롭게 하겠소. 나라를 새롭게 하기 위해서는 잘못된 것들을 뜯어고쳐야 합니다.",
      "srcPage": 4,
      "srcSentenceEA": 9,
      "srcWordEA": 92,
      "character": "이성계,정도전,우왕,백성들,귀족들,왕,선비들,고려",
      "setting": null,
      "action": "새롭게 하겠소,죽였지만,내밀었어요",
      "feeling": null,
      "causalRelationship": null,
      "outcomeResolution": null,
      "prediction": null,
      "plotSummaryInfoCount": 1,
      "plotSummaryInfo": {
        "classification": "사회관계",
        "readAge": "초등_저학년",
        "form": "long-form",
        "plotSummaryText": "위화도 회군에 성공한 이성계는 우왕을 귀양보내고, 최영을 죽였지만, 마땅한 이유를 찾지 못해 바로 왕의 자리에 오르지 못했고, 고려를 새롭게 만들어 나가자며 정도전에게 손을 내밀었습니다.",
        "textWordEA": 24
      }
    },
    {
      "srcTextID": "142543",
      "srcText": "정몽주의 긴 한숨 이성계가 왕에 오른다는 소문이 자자하게 돌고 있었어요. 그때 뜻하지 않았던 일이 생겼어요. 오랜만에 사냥을 나갔던 이성계가 그만 말에서 떨어져 크게 다치게 된 거예요. 정도전을 비롯해서 많은 사람들이 병문안✽을 갔어요. 정몽주도 이성계가 누워 있는 황주로 급히 병문안을 갔어요. 이성계 곁에는 그의 다섯째 아들 이방원이 아버지 이성계를 지키고 있었지요. 이방원은 아버지가 새로운 왕이 되는 데 가장 앞장서는 사람이었어요. 이방원은 정몽주가 병문안을 마치고 돌아가려고 할 때 그를 한번 떠 보았어요 “우리 아버지가 왕이 되는 일에 함께하시겠소?” “나라를 바꿔 나가는 것은 찬성이지만 나라를 새로 세우는 것은 안 될 말이네.” 정몽주는 이성계가 왕이 된다는 것에 반대한다는 뜻을 다시 한 번 말해 주었어요. 정몽주는 돌아가는 길에 고려의 앞날이 걱정되어 한숨만 내쉬었어요. ",
      "srcPage": 8,
      "srcSentenceEA": 12,
      "srcWordEA": 117,
      "character": "정몽주,이성계,이방원,왕,다섯째 아들",
      "setting": "황주",
      "action": "병문안을 갔어요,다치게,앞장서는",
      "feeling": "걱정되어",
      "causalRelationship": null,
      "outcomeResolution": null,
      "prediction": null,
      "plotSummaryInfoCount": 1,
      "plotSummaryInfo": {
        "classification": "사회관계",
        "readAge": "초등_저학년",
        "form": "long-form",
        "plotSummaryText": "사냥을 나갔던 이성계가 말에서 떨어져 크게 다치게 되는 일이 생겼는데, 병문안을 갔던 정몽주가 집으로 돌아가는 길에 이성계의 다섯 번째 아들 이방원과 이야기를 나누게 되었고, 정몽주는 그에게 이성계가 왕이 된다는 것에 반대한다는 뜻을 다시 한번 말해주었습니다.",
        "textWordEA": 35
      }
    }
  ]
}