{
  "title": "서울 구경은 즐거워!",
  "author": "김순한",
  "illustrator": "박형식",
  "isbn": "9791165140823",
  "publishedYear": 2020,
  "publisher": "한국차일드아카데미",
  "paragraphInfoCount": 16,
  "paragraphInfo": [
    {
      "srcTextID": "142558",
      "srcText": "오늘은 내가 손꼽아 기다리던 날이야. 태어나서 처음으로 서울 구경을 가는 날이거든. 보람이와 나는 인터넷 동아리 친구인데 서울에 사는 보람이가 나를 초대했어. 서울은 어떤 곳일까? 보람이랑 만나면 무얼 할까? 나는 기차를 타고 가는 내내 가슴이 설레었어.",
      "srcPage": 1,
      "srcSentenceEA": 6,
      "srcWordEA": 40,
      "character": "보람이,나,기차",
      "setting": "오늘,서울",
      "action": "기다리던,가는,초대했어,만나면,타고",
      "feeling": "가슴이 설레었어",
      "causalRelationship": null,
      "outcomeResolution": null,
      "prediction": null,
      "plotSummaryInfoCount": 1,
      "plotSummaryInfo": {
        "classification": "사회관계",
        "readAge": "초등_저학년",
        "form": "long-form",
        "plotSummaryText": "오늘은 내가 손꼽아 기다리던 처음으로 서울 구경을 가는 날 보람이랑 만나면 무얼 할지 나는 기차를 타고 가는 내내 가슴이 설렜습니다.",
        "textWordEA": 20
      }
    },
    {
      "srcTextID": "142559",
      "srcText": "드디어 서울역에 도착했어. 나는 사람들을 따라 기차에서 내렸지. 서울역이 어찌나 넓고 큰지 저절로 눈이 휘둥그레졌어. 나는 서울역 밖으로 나와 보람이를 찾았어. “지수야, 여기야!” 보람이가 먼저 나를 알아보고 큰 소리로 외쳤어. 나는 손을 흔들며 얼른 보람이에게 뛰어갔지.",
      "srcPage": 2,
      "srcSentenceEA": 7,
      "srcWordEA": 41,
      "character": "나,사람들,보람이,지수",
      "setting": "서울역,기차",
      "action": "도착했어,내렸지,나와,찾았어,외쳤어,손을 흔들며,뛰어갔지",
      "feeling": null,
      "causalRelationship": null,
      "outcomeResolution": null,
      "prediction": null,
      "plotSummaryInfoCount": 1,
      "plotSummaryInfo": {
        "classification": "사회관계",
        "readAge": "초등_저학년",
        "form": "long-form",
        "plotSummaryText": "서울역에 도착한 나는 기차에서 내려보니 서울역이 어찌나 넓고 큰지 저절로 눈이 휘둥그레졌고, 나는 서울역 밖으로 나와 보람이를 찾으니, 보람이가 먼저 나를 알아보고 큰 소리로 외쳤습니다.",
        "textWordEA": 25
      }
    },
    {
      "srcTextID": "142560",
      "srcText": "보람이 엄마가 남산에 있는 서울 타워에 들렀다 가자고 했어. 우아, 텔레비전에서만 보던 서울 타워에 가다니 서울에 온 게 진짜 실감 났어. 나는 보람이 손을 꼭 잡고 길을 걸었어. 넓은 도로 가득 자동차가 꼬리를 물고 지나갔어. 그렇게 많은 자동차는 처음 봤어!",
      "srcPage": 3,
      "srcSentenceEA": 5,
      "srcWordEA": 44,
      "character": "보람이 엄마,텔레비전,나,자동차",
      "setting": "남산,서울 타워,서울,길,도로",
      "action": "들렀다,가자고,잡고,걸었어,봤어",
      "feeling": null,
      "causalRelationship": null,
      "outcomeResolution": null,
      "prediction": null,
      "plotSummaryInfoCount": 1,
      "plotSummaryInfo": {
        "classification": "사회관계",
        "readAge": "초등_저학년",
        "form": "long-form",
        "plotSummaryText": "보람이 엄마가 남산에 있는 서울 타워에 들렀다 가자고 해서 서울 타워에 가다니 서울에 온 게 진짜 실감 났고, 넓은 도로에 많은 자동차는 처음 보았습니다.",
        "textWordEA": 24
      }
    },
    {
      "srcTextID": "142561",
      "srcText": "비탈길을 걸어 올라가니 서울 타워가 우뚝 서 있었어. 우리는 곧장 서울 타워 전망대로 올라갔지. 그곳에서는 서울이 한눈에 내려다보였어. “이야, 저게 한강이구나!” 나도 모르게 탄성이 터져 나왔어. 넓은 한강과 한강을 가로지르는 긴 다리, 쉴 새 없이 오고 가는 차들, 높은 건물과 아파트를 보니 놀랍기만 했어.",
      "srcPage": 4,
      "srcSentenceEA": 6,
      "srcWordEA": 48,
      "character": "서울 타워 전망대,차들,건물,아파트",
      "setting": "비탈길,서울,한강",
      "action": "걸어 올라가니,올라갔지",
      "feeling": "놀랍기만",
      "causalRelationship": null,
      "outcomeResolution": null,
      "prediction": null,
      "plotSummaryInfoCount": 1,
      "plotSummaryInfo": {
        "classification": "사회관계",
        "readAge": "초등_저학년",
        "form": "long-form",
        "plotSummaryText": "비탈길을 걸어 올라가니 서울 타워가 우뚝 서 있었고, 서울 타워 전망대로 올라가 보니 서울이 한눈에 내려다보여 나도 모르게 탄성이 터져 나오며 놀랍기만 했습니다.",
        "textWordEA": 23
      }
    },
    {
      "srcTextID": "142562",
      "srcText": "서울 타워를 내려와서 지하철역으로 향했어. 지하철을 타고 보람이네 집으로 갈 거래. 길거리에는 사람도 상가도 참 많았어. 병원, 약국, 은행, 음식점, 미용실. 빌딩마다 간판이 다닥다닥 붙어 있었어. 사방을 두리번거리며 걷다 보니 어느새 지하철역이었어.",
      "srcPage": 5,
      "srcSentenceEA": 6,
      "srcWordEA": 37,
      "character": "간판",
      "setting": "서울 타워,지하철역,보람이네 집,병원,약국,은행,음식점,미용실",
      "action": "내려와서,향했어,타고,두리번거리며,걷다",
      "feeling": null,
      "causalRelationship": null,
      "outcomeResolution": null,
      "prediction": null,
      "plotSummaryInfoCount": 1,
      "plotSummaryInfo": {
        "classification": "사회관계",
        "readAge": "초등_저학년",
        "form": "long-form",
        "plotSummaryText": "서울 타워를 내려와 지하철역으로 향했고 지하철을 타고 보람이네 집으로 가는데, 길거리에는 사람도 상가도 많고 여러 상점 빌딩마다 간판이 붙어 사방을 두리번거리며 걷다 보니 어느새 지하철역이었습니다.",
        "textWordEA": 25
      }
    },
    {
      "srcTextID": "142563",
      "srcText": "나는 처음으로 에스컬레이터도 타 보았어. 난간을 꼭 붙잡고 있는데도 어지러웠어. 땅속으로 한참을 내려가니 지하철이 보였어. 지하철 문이 열리자 사람들이 쏟아져 나왔지. 지하철을 탈 생각을 하니 가슴이 콩닥거렸어. 보람이가 내게 발이 빠지지 않게 조심하라고 일러 줬어. 나는 보람이를 따라 얼른 지하철에 올라탔어.",
      "srcPage": 6,
      "srcSentenceEA": 7,
      "srcWordEA": 47,
      "character": "나,에스컬레이터,난간,보람이",
      "setting": "땅속,지하철",
      "action": "붙잡고,내려가니,올라탔어",
      "feeling": null,
      "causalRelationship": null,
      "outcomeResolution": null,
      "prediction": null,
      "plotSummaryInfoCount": 1,
      "plotSummaryInfo": {
        "classification": "사회관계",
        "readAge": "초등_저학년",
        "form": "long-form",
        "plotSummaryText": "나는 처음으로 에스컬레이터도 타 보았는데 난간을 꼭 붙잡고 있는데도 어지러웠고, 지하철 문이 열리자, 사람들이 쏟아져 나와 지하철을 탈 생각을 하니 가슴이 콩닥거려 보람이를 따라 얼른 지하철에 올라탔습니다.",
        "textWordEA": 27
      }
    },
    {
      "srcTextID": "142564",
      "srcText": "드디어 지하철이 움직이기 시작했어. 캄캄한 땅속을 한참 달리는가 싶더니 지하철이 어느새 땅속을 빠져나왔어. 어찌나 빨리 달리는지 한강을 건널 때는 쇠기둥이 휙휙 지나갔어. 나는 창밖을 내다보며 서울 구경을 하느라 정신이 없었지.",
      "srcPage": 7,
      "srcSentenceEA": 4,
      "srcWordEA": 33,
      "character": "지하철",
      "setting": "땅속,한강,서울",
      "action": "빠져나왔어,달리는지,지나갔어,내다보며",
      "feeling": null,
      "causalRelationship": null,
      "outcomeResolution": null,
      "prediction": null,
      "plotSummaryInfoCount": 1,
      "plotSummaryInfo": {
        "classification": "사회관계",
        "readAge": "초등_저학년",
        "form": "long-form",
        "plotSummaryText": "드디어 지하철이 움직이기 시작했고, 어찌나 빨리 달리는지 한강을 건널 때는 쇠기둥이 휙휙 지나가 창밖을 내다보며 서울 구경을 하느라 정신이 없었습니다.",
        "textWordEA": 20
      }
    },
    {
      "srcTextID": "142565",
      "srcText": "금세 보람이네 동네 지하철역에 도착했어. 우리는 지하철역이랑 연결되어 있는 슈퍼마켓에서 장을 봐 가기로 했어. 끝이 안 보일 만큼 넓은 슈퍼마켓에는 온갖 종류의 물건이 가득했어. 슈퍼마켓 위층에는 옷 가게도 있고 음식점도 있대. 서울 사람들은 필요한 물건이 참 많은가 봐. 도시에는 물건을 사려는 사람이 많기 때문에 물건을 파 는 상점이 많아요. 백화점, 재래시장, 슈퍼마켓, 대형 할 인점 등 물건을 파는 상점의 종류도 여러 가지예요.",
      "srcPage": 8,
      "srcSentenceEA": 7,
      "srcWordEA": 68,
      "character": null,
      "setting": "보람이네 동네 지하철역,슈퍼마켓",
      "action": "도착했어,사려는,파는",
      "feeling": null,
      "causalRelationship": "도시에는 물건을 사려는 사람이 많기 때문에 물건을 파는 상점이 많아요.",
      "outcomeResolution": null,
      "prediction": null,
      "plotSummaryInfoCount": 1,
      "plotSummaryInfo": {
        "classification": "사회관계",
        "readAge": "초등_저학년",
        "form": "long-form",
        "plotSummaryText": "금세 보람이네 동네 지하철역에 도착했는데 지하철역이랑 연결된 슈퍼마켓은 끝이 안 보일 만큼 넓은 슈퍼마켓에는 온갖 종류의 물건이 가득해 도시에는 물건을 사려는 사람이 많기 때문에 물건을 파는 상점이 많아서 서울 사람들은 필요한 물건이 참 많은가 생각했습니다.",
        "textWordEA": 35
      }
    },
    {
      "srcTextID": "142566",
      "srcText": "여기가 보람이가 사는 아파트래. 세상에, 25층이나 되는 아파트들이 줄지어 서 있어. 칸칸이 다 집이라니, 정말 많은 사람이 살 수 있겠어. “다 비슷하게 생겼는데 집을 어떻게 찾아?̀” 내 말에 보람이와 보람이 엄마가 깔깔 웃었어. “우리 집은 저기 202동 1705호야.” 보람이가 자기 집을 가리키며 말했어.",
      "srcPage": 9,
      "srcSentenceEA": 7,
      "srcWordEA": 48,
      "character": "보람이,보람이 엄마",
      "setting": "아파트",
      "action": "사는,찾아,웃었어,가리키며,말했어",
      "feeling": null,
      "causalRelationship": null,
      "outcomeResolution": null,
      "prediction": null,
      "plotSummaryInfoCount": 1,
      "plotSummaryInfo": {
        "classification": "사회관계",
        "readAge": "초등_저학년",
        "form": "long-form",
        "plotSummaryText": "여기가 보람이가 사는 아파트인데 25층이나 되는 아파트들이 줄지어 서 있어 다 비슷하게 생겼는데 집을 어떻게 찾을지 고민하니 보람이와 보람이 엄마가 깔깔 웃으며 보람이가 자기 집을 가리키며 202동 1705호라고 말했습니다.",
        "textWordEA": 29
      }
    },
    {
      "srcTextID": "142567",
      "srcText": "보람이네 집은 서울 타워만큼은 아니지만 꽤 높았어. 거실에 있는 커다란 창으로, 근처 공원이 훤히 내려다보였지. 나는 보람이 방에 짐을 풀고, 한참 동안 수다를 떨었어. 둘이서 할 얘기가 끝도 없이 많았거든. 저녁때가 되자 보람이 아빠가 퇴근을 하고 돌아왔어. 보람이 아빠는 날 보고 아주 반가워했어. 보람이네 가족과 저녁을 먹는데, 온종일 돌아다녀서 그런지 밥이 꿀맛이지 뭐야.",
      "srcPage": 10,
      "srcSentenceEA": 7,
      "srcWordEA": 59,
      "character": "서울 타워,보람이 아빠",
      "setting": "보람이네 집,공원,보람이 방",
      "action": "풀고,수다를 떨었어,퇴근을 하고,돌아왔어,먹는데,돌아다녀서",
      "feeling": null,
      "causalRelationship": null,
      "outcomeResolution": null,
      "prediction": null,
      "plotSummaryInfoCount": 1,
      "plotSummaryInfo": {
        "classification": "사회관계",
        "readAge": "초등_저학년",
        "form": "long-form",
        "plotSummaryText": "보람이네 집은 서울 타워만큼은 아니지만 꽤 높았고, 저녁때가 되자 보람이 아빠가 퇴근하고 돌아와 보람이네 가족과 저녁을 먹는데 온종일 돌아다녀서 그런지 밥이 꿀맛이었습니다.",
        "textWordEA": 22
      }
    },
    {
      "srcTextID": "142568",
      "srcText": "저녁을 먹고 보람이와 산책을 나왔어. 우리는 아파트 옆에 있는 공원으로 갔지. 공원에는 푸른 잔디가 펼쳐져 있고 나무도 많았어. 시원하게 물을 뿜는 분수도 있었어. 산책하는 사람, 벤치에 앉아 이야기를 나누는 사람. 사람들이 모두 여유로워 보이는 걸 보면 서울 사람들도 바쁘기만 한 건 아닌가 봐.",
      "srcPage": 11,
      "srcSentenceEA": 6,
      "srcWordEA": 48,
      "character": "보람이,분수",
      "setting": "아파트 옆,공원,벤치",
      "action": "먹고,나왔어,갔지,앉아",
      "feeling": null,
      "causalRelationship": null,
      "outcomeResolution": null,
      "prediction": null,
      "plotSummaryInfoCount": 1,
      "plotSummaryInfo": {
        "classification": "사회관계",
        "readAge": "초등_저학년",
        "form": "long-form",
        "plotSummaryText": "저녁을 먹고 보람이와 산책을 나와 아파트 옆에 있는 공원에 갔는데 사람들이 모두 여유로워 보이는 걸 보면 서울 사람들도 바쁘기만 한 건 아닌가 봅니다.",
        "textWordEA": 23
      }
    },
    {
      "srcTextID": "142569",
      "srcText": "어느새 깜깜한 밤이 되었어. 나는 보람이와 베란다로 나갔어. 우아, 서울은 밤도 낮처럼 환해. 건물마다 환한 불빛이 밝혀져 있고, 번쩍이는 간판 불빛, 자동차 불빛, 온통 밝은 불빛으로 가득해. 늦은 밤인데도 길가에는 자동차와 사람이 많았어. 밤하늘에 뜬 별을 볼 수는 없어도 멋진 풍경이야.",
      "srcPage": 12,
      "srcSentenceEA": 6,
      "srcWordEA": 46,
      "character": "나,보람이",
      "setting": "베란다,서울,길가",
      "action": "나갔어",
      "feeling": null,
      "causalRelationship": null,
      "outcomeResolution": null,
      "prediction": null,
      "plotSummaryInfoCount": 1,
      "plotSummaryInfo": {
        "classification": "사회관계",
        "readAge": "초등_저학년",
        "form": "long-form",
        "plotSummaryText": "깜깜한 밤이 되어 나는 보람이와 베란다로 나갔는데 서울은 밤도 낮처럼 환해 밤하늘에 뜬 별을 볼 수는 없어도 멋진 풍경이었습니다.",
        "textWordEA": 19
      }
    },
    {
      "srcTextID": "142570",
      "srcText": "보람이와 나란히 잠자리에 누웠어. 내일은 임금님이 살던 궁궐을 구경하러 갈 거야. 커다란 극장에 가서 영화도 보기로 했지. 서울엔 볼 것도 많고, 즐길 것도 많은 것 같아. 다음번에는 보람이가 우리 집에 놀러 오기로 했어. 보람이가 오면 우렁이도 잡고, 산딸기도 따 먹을 거야. 이런저런 이야기를 하다 보니 눈꺼풀이 저절로 감겼어. 어서 내일이 왔으면 좋겠어.",
      "srcPage": 13,
      "srcSentenceEA": 8,
      "srcWordEA": 59,
      "character": "보람이,임금님,우렁이,산딸기",
      "setting": "내일,궁궐,극장,서울,우리 집",
      "action": "누웠어,살던,구경하러,보기로,놀러 오기로,잡고,따 먹을,눈꺼풀이 저절로 감겼어",
      "feeling": null,
      "causalRelationship": null,
      "outcomeResolution": null,
      "prediction": null,
      "plotSummaryInfoCount": 1,
      "plotSummaryInfo": {
        "classification": "사회관계",
        "readAge": "초등_저학년",
        "form": "long-form",
        "plotSummaryText": "보람이와 나란히 잠자리에 누워 내일 일정을 얘기하고, 다음번에는 보람이가 우리 집에 놀러와 우렁이도 잡고 산딸기도 따 먹는다는 이런저런 이야기를 하다 보니 눈꺼풀이 저절로 감기며 어서 내일이 왔으면 좋겠다고 생각했습니다.",
        "textWordEA": 29
      }
    },
    {
      "srcTextID": "142575",
      "srcText": "우리나라의중심서울 서울은 우리나라의 수도로 정치, 경제, 문화 등 모든 것의 중심지예요. 서울에는 청와대와 국회 의사당, 대법원 등의 중요 국가 기관이 있고, 서비스업과 상업이 매우 발달해 있어요. 서울은 도로, 철도, 항공 등 교통의 중심지이며, 종합 병원, 방송국, 각종 문화 시설에 이르기까지 없는 게 없는 거대 도시예요. 또한 도심 한복판에 초고층 빌딩과 경복궁, 덕수궁, 창덕궁 등의 문화 유적이 함께 있는, 전통과 현대가 어우러진 도시이기도 해요.",
      "srcPage": 16,
      "srcSentenceEA": 4,
      "srcWordEA": 66,
      "character": "국가 기관,청와대,국회 의사당,대법원,종합 병원,방송국,경복궁,덕수궁,창덕궁",
      "setting": "서울,도심 한복판",
      "action": "발달해 있어요,함께 있는,어우러진",
      "feeling": null,
      "causalRelationship": null,
      "outcomeResolution": null,
      "prediction": null,
      "plotSummaryInfoCount": 1,
      "plotSummaryInfo": {
        "classification": "사회관계",
        "readAge": "초등_저학년",
        "form": "long-form",
        "plotSummaryText": "우리나라의 중심 서울 서울은 우리나라의 수도로 정치, 경제, 문화 등 모든 것의 중심지이고, 서울에는 청와대와 국회 의사당, 대법원 등의 중요 국가 기관이 있고, 서비스업과 상업이 매우 발달해 있으며 도심 한복판에 초고층 빌딩과 경복궁, 덕수궁, 창덕궁 등의 문화 유적이 함께 있는, 전통과 현대가 어우러진 도시이기도 합니다.",
        "textWordEA": 45
      }
    },
    {
      "srcTextID": "142573",
      "srcText": "국제무역도시부산 부산은 커다란 항구를 중심으로 발달한 도시예요. 부산항은 태평양과 아시아 대륙을 이어 주는 길목에 있어 많은 사람이 오고 가고, 우리나라에서 수출하거나 수입하는 화물의 대부분이 부산항을 통해 드나들어요. 부산항에서는 커다란 컨테이너를 배에서 내리고 싣는 크레인과 밤낮없이 작업하는 사람들을 쉽게 볼 수 있어요. 또 일본과 중국을 오고 가는 여객선이 수시로 드나들기 때문에 늘 사람들로 붐빈답니다.",
      "srcPage": 17,
      "srcSentenceEA": 4,
      "srcWordEA": 56,
      "character": "컨테이너,크레인,항구,길목,도시,화물,여객선,사람들",
      "setting": "부산항,태평양,아시아 대륙,우리나라,배,일본,중국",
      "action": "오고 가고,드나들어요,내리고,싣는,작업하는,드나들기,붐빈답니다,오고 가는",
      "feeling": null,
      "causalRelationship": "또 일본과 중국을 오고 가는 여객선이 수시로 드나들기 때문에 늘 사람들로 붐빈답니다.",
      "outcomeResolution": null,
      "prediction": null,
      "plotSummaryInfoCount": 1,
      "plotSummaryInfo": {
        "classification": "사회관계",
        "readAge": "초등_저학년",
        "form": "long-form",
        "plotSummaryText": "부산은 커다란 항구를 중심으로 발달한 도시인데 부산항은 태평양과 아시아 대륙을 이어 주는 길목에 있어 많은 사람이 오고 가고, 우리나라에서 수출하거나 수입하는 화물의 대부분이 부산항을 통해 드나들며 일본과 중국을 오고 가는 여객선이 수시로 드나들기 때문에 늘 사람들로 붐빕니다.",
        "textWordEA": 37
      }
    },
    {
      "srcTextID": "142574",
      "srcText": "산업도시울산 울산은 과거에는 사람들이 농사를 짓고 고기를 잡으며 살아가던 작은 바닷가 마을이었어요. 그런데 1960년대에 배를 만드는 조선소와 자동차 공장이 들어서면서부터 그 모습이 크게 달라졌지요. 조선소와 자동차 공장이 들어서자 사람들이 일자리를 찾아 울산으로 모여들었고, 점차 큰 도시로 성장하게 되었어요. 오늘날의 울산은 공장으로 출퇴근하는 사람들의 발걸음으로 늘 활기가 넘치는 우리나라 최대의 산업 도시예요.",
      "srcPage": 18,
      "srcSentenceEA": 4,
      "srcWordEA": 54,
      "character": "고기,배,조선소,자동차 공장,산업 도시,큰 도시",
      "setting": "울산,공장,우리나라,바닷가 마을",
      "action": "짓고,잡으며,살아가던,만드는,찾아,모여들었고,들어서면서부터,들어서자,성장하게,출퇴근하는,활기가 넘치는",
      "feeling": null,
      "causalRelationship": null,
      "outcomeResolution": null,
      "prediction": null,
      "plotSummaryInfoCount": 1,
      "plotSummaryInfo": {
        "classification": "사회관계",
        "readAge": "초등_저학년",
        "form": "long-form",
        "plotSummaryText": "산업도시 울산 울산은 과거에는 사람들이 농사를 짓고 고기를 잡으며 살아가던 작은 바닷가 마을이었는데 1960년대에 배를 만드는 조선소와 자동차 공장이 들어서면서부터 그 모습이 크게 달라져 조선소와 자동차 공장이 들어서자, 사람들이 일자리를 찾아 울산으로 모여들었고 점차 큰 도시로 성장하게 되었습니다.",
        "textWordEA": 38
      }
    }
  ]
}