{
  "title": "지구를 살리는 브라질",
  "author": "조정원",
  "illustrator": "조혜진",
  "isbn": "9791128214790",
  "readAge": "초등_고학년",
  "publishedYear": 2018,
  "publisher": "아람북스",
  "classification": "사회관계",
  "paragraphInfoCount": 35,
  "paragraphInfo": [
    {
      "srcTextID": "2896",
      "srcText": "판타나우는 지구에서 아주 중요한 습지야. 판타나우에도 엄청나게 많은 생물이 살고 있어. 새들이 습지에 사는 생물을 잡아먹으러 오고, 또 그 새들을 잡아먹으러 다른 동물들이 모여들거든. ",
      "srcPage": 18,
      "srcSentenceEA": 3,
      "srcWordEA": 26
    },
    {
      "srcTextID": "2908",
      "srcText": "도시를 새롭게 만드는 사람들. 세계에서 가장 큰 열대 우림과 습지와 폭포가 있는 브라질은 세계에서 손꼽히는 생태 도시를 만들었어. 바로 쿠리치바! 쿠리치바는 사람들이 자연과 가깝게 살려고 계획하고 만든 도시야.",
      "srcPage": 31,
      "srcSentenceEA": 4,
      "srcWordEA": 31
    },
    {
      "srcTextID": "2910",
      "srcText": "쿠리치바는 자연 중심으로 만든 계획도시예요. 도시 곳곳에 시민들이 쉴 수 있는 공원이 있어요. 유엔(UN)의 ‘우수 환경과 재생상’을 받았고, 미국 시사 주간지 '타임'이 정한 ‘환경적으로 가장 올바르게 사는 도시’로 뽑히기도 했어요.",
      "srcPage": 33,
      "srcSentenceEA": 6,
      "srcWordEA": 35
    },
    {
      "srcTextID": "2911",
      "srcText": "브라질에서 가장 큰 도시, 상파울루. 리우데자네이루는 브라질에서 두 번째로 큰 도시야. 그렇다면 브라질에서 가장 큰 도시는 어디일까? 바로 상파울루!",
      "srcPage": 34,
      "srcSentenceEA": 4,
      "srcWordEA": 22
    },
    {
      "srcTextID": "2884",
      "srcText": "지구를 숨 쉬게 하는 아마존 열대 우림. 브라질에는 ‘지구의 허파’ 아마존 열대 우림이 있어. 왜 지구의 허파냐고? 지구를 숨 쉬게 해 주니까.",
      "srcPage": 5,
      "srcSentenceEA": 5,
      "srcWordEA": 26
    },
    {
      "srcTextID": "2887",
      "srcText": "과라나. 아마존 열대 우림에서만 자라는 식물로, 꽃이 크고 향기가 무척 좋아요. 인디오들은 옛날부터 몸의 피로를 풀고 머리를 맑게 하려고 이 열매를 사용했어요. 브라질 사람들은 과라나 음료를 좋아해요. 헬리코니아. 로스트라타 생김새 때문에 ‘바닷가재의 발톱’이라는 별명이 붙었어요. 아나토 인디오 중에는 이 열매에서 얻은 빨강 물감을 온몸에 바르고 전쟁에 나간 부족도 있었어요.",
      "srcPage": 15,
      "srcSentenceEA": 7,
      "srcWordEA": 56
    },
    {
      "srcTextID": "2891",
      "srcText": "큰가시연꽃. 잎이 아주 커서 어린아이가 앉아도 가라앉지 않아요. 잎의 아랫부분은 붉은색이고, 가시처럼 보이는 털이 나 있어요. 영국 빅토리아 여왕의 이름을 따서 ‘빅토리아 연꽃’이라고도 해요",
      "srcPage": 16,
      "srcSentenceEA": 4,
      "srcWordEA": 28
    },
    {
      "srcTextID": "2895",
      "srcText": "지구의 찌꺼기를 걸러 주는 판타나우. 아마존 열대 우림이 지구를 숨 쉬게 한다면, 판타나우는 지구의 찌꺼기를 걸러 줘. 찌꺼기가 걸러지지 않으면 물도 나무도 썩어서, 동물이나 사람이 살 수 없게 돼.",
      "srcPage": 17,
      "srcSentenceEA": 3,
      "srcWordEA": 31
    },
    {
      "srcTextID": "2894",
      "srcText": "아마존 열대 우림과 판타나우가 있는 나라, 브라질! 왜 브라질이 지구를 살린다는 건지 확실히 알겠지? 판타나우 습지는 세계에서 가장 큰 열대 습지로, 크기가 한반도의 10배도 넘어요. 판타나우는 브라질, 볼리비아 그리고 파라과이에 걸쳐 있는데, 그중 절반 이상이 브라질에 있어요. 브라질의 판타나우 지역은 유네스코에서 세계 자연유산으로 지정했어요.",
      "srcPage": 19,
      "srcSentenceEA": 5,
      "srcWordEA": 48
    },
    {
      "srcTextID": "2898",
      "srcText": "이구아수 폭포는 너비가 4km에 이르는데, 270여 개의 폭포로 나뉘어 있어. 이 중에서 가장 큰 폭포인 ‘악마의 목구멍’은 아파트 30층 정도 높이로 밑에서는 꼭대기가 보이지 않아. 브라질과 아르헨티나 모두 이 폭포를 국립 공원으로 정했지.",
      "srcPage": 21,
      "srcSentenceEA": 4,
      "srcWordEA": 36
    },
    {
      "srcTextID": "2899",
      "srcText": "이구아수 폭포는 브라질, 아르헨티나에서 모두 볼 수 있어. 1918 세계 3대 폭포는 이구아수 폭포, 나이아가라 폭포, 빅토리아 폭포예요. 이구아수 폭포는 다른 두 개의 폭포를 합한 것보다 커요.",
      "srcPage": 22,
      "srcSentenceEA": 3,
      "srcWordEA": 29
    },
    {
      "srcTextID": "2901",
      "srcText": "브라질 사람들은 “모든 것은 삼바로 끝난다.”라고 말하곤 해. 브라질에서 삼바 축제는 1년 동안 기다리는 소풍 같은 거야. 삼바 축제는 브라질 사람들을 하나로 묶어 줘.",
      "srcPage": 24,
      "srcSentenceEA": 5,
      "srcWordEA": 27
    },
    {
      "srcTextID": "2879",
      "srcText": "올라! 내 이름은 라자르. 나는 브라질의 아름다운 도시, 사우바도르에 살아. 나는 지구의 중요한 비밀을 알고 있어.",
      "srcPage": 1,
      "srcSentenceEA": 3,
      "srcWordEA": 19
    },
    {
      "srcTextID": "2878",
      "srcText": " 지구를 살리는 놀라운 비밀 말이야. 쉿! 지구를 살리는 건 바로 브라질이야. 어떻게 한 나라가 지구를 살릴 수 있냐고? 그건 브라질에 아주 특별한 것이 있기 때문이야. 궁금하지?",
      "srcPage": 2,
      "srcSentenceEA": 6,
      "srcWordEA": 32
    },
    {
      "srcTextID": "2883",
      "srcText": "여자들도 씩씩한 와우라족. 와우라족은 축제를 좋아해요. ‘패키’라는 열매의 이름을 딴 패키 축제가 유명한데, 이 축제에는 남자만 참여할 수 있어요. 하지만 우카우카 축제는 누구나 즐길 수 있어요. 우카우카 축제 때는 남자는 남자끼리 여자는 여자끼리 따로따로 힘겨루기를 하지요.",
      "srcPage": 3,
      "srcSentenceEA": 6,
      "srcWordEA": 41
    },
    {
      "srcTextID": "2885",
      "srcText": "카야포족. 카야포족은 만 년 전부터 아마존 열대 우림에 살았다고 전해 와요. 나무를 태워 땅을 기름지게 만들어 농사를 지어요. 용맹한 마티스족. 마티스족은 아주 용맹하기로 이름난 부족이에요. 옛날부터 얼굴을 재규어처럼 꾸몄어요. 사냥할 때는 ‘자라바타나’라는 긴 통을 입에 대고 훅 불어서 활을 쏘아요.",
      "srcPage": 4,
      "srcSentenceEA": 7,
      "srcWordEA": 47
    },
    {
      "srcTextID": "2881",
      "srcText": "아마존 열대 우림은 전 세계에 필요한 산소의 4분의 1 정도를 만들고, 엄청나게 많은 이산화탄소를 빨아들이거든. 세계에서 가장 큰 열대 우림이 있는 나라, 브라질! 그러니 브라질이 지구를 살리는 거 맞지?",
      "srcPage": 6,
      "srcSentenceEA": 3,
      "srcWordEA": 31
    },
    {
      "srcTextID": "2882",
      "srcText": "아마존 열대 우림을 지키는 사람들. 깊고 푸른 열대 우림에는 인디오들이 살아. 인디오들은 아주 오랜 옛날부터 숲을 지키며 자연과 어울려 살아왔어. 대부분이 기계를 사용하지 않고 자연 속에서 생활해.",
      "srcPage": 7,
      "srcSentenceEA": 4,
      "srcWordEA": 30
    },
    {
      "srcTextID": "2880",
      "srcText": "뛰어난 사냥꾼 야노마미족. 죽은 사람을 화장해 그 뼈를 물에 개어서 마시면 죽은 사람의 영혼이 함께한다고 믿어요. 이 부족은 어린아이들도 사냥을 잘해요.",
      "srcPage": 8,
      "srcSentenceEA": 3,
      "srcWordEA": 23
    },
    {
      "srcTextID": "2888",
      "srcText": "아마존 열대 우림의 특별한 동식물. 아마존 열대 우림에는 다양한 부족뿐만 아니라 수많은 동식물이 살고 있어. 지구에 사는 생명체의 절반 정도가 이곳에 산다고 해도 틀린 말은 아닐 거야.",
      "srcPage": 9,
      "srcSentenceEA": 3,
      "srcWordEA": 29
    },
    {
      "srcTextID": "2890",
      "srcText": "이곳에는 다른 데에서는 볼 수 없는 아주 특별한 동물들도 많이 살아. 아마존 열대 우림에는 모양이 특별하거나 특별한 역할을 하는 식물들도 많이 있어. 아마존 열대 우림은 사람과 신기한 동식물이 한 가족처럼 어우러져 사는 곳이야.",
      "srcPage": 10,
      "srcSentenceEA": 3,
      "srcWordEA": 35
    },
    {
      "srcTextID": "2892",
      "srcText": "피라냐. 이빨이 날카로운 피라냐는 고깃덩어리를 순식간에 먹어 치워요. 성질이 사나워서 배가 많이 고플 때는 사람을 공격하기도 해요. 아나콘다. 몸집이 아주 큰 뱀 중 하나예요. 몸길이가 6~10m나 돼요. 버스 길이만큼 길고 무게도 많이 나가지요. 독은 없지만 동물이나 사람을 숨 막히게 해서 죽이기도 해요.",
      "srcPage": 11,
      "srcSentenceEA": 8,
      "srcWordEA": 50
    },
    {
      "srcTextID": "2893",
      "srcText": "피라루쿠. 세상에 피라루쿠보다 큰 민물고기는 없어요. 가장 큰 것은 몸길이가 5m에 달해요. 몸집이 크고 맛이 좋아서 인디오들이 즐겨 먹었어요. 하지만 지금은 마릿수가 적어져서 함부로 잡을 수 없어요. 피라루쿠의 커다란 비늘은 구둣주걱으로 사용하기도 해요.",
      "srcPage": 12,
      "srcSentenceEA": 5,
      "srcWordEA": 38
    },
    {
      "srcTextID": "2886",
      "srcText": " 나무늘보. 귀가 어둡고 행동이 느린 나무늘보는 아마존 열대 우림과 어울리지 않는 것처럼 보이기도 해요. 하지만 물속에서는 헤엄을 잘 치지요. 나무늘보는 몸이 비교적 가벼워서 나무에 오래 매달릴 수 있어요.",
      "srcPage": 13,
      "srcSentenceEA": 4,
      "srcWordEA": 32
    },
    {
      "srcTextID": "2889",
      "srcText": "아마존강돌고래. 아마존강돌고래는 강에 사는 돌고래인 보토 중에서 가장 커요. 아마존강돌고래는 몸 빛깔이 분홍색으로 보이기 때문에 분홍돌고래로 알려져 있어요. 인디오들은 아마존강돌고래를 신성하게 여겨요. 리아나. 열대 우림에서 자라는 덩굴 식물로, 사다리처럼 생겨서 원숭이 사다리라고도 불러요. 인디오들은 이 덩굴 식물로 수공예품을 만들기도 해요.",
      "srcPage": 14,
      "srcSentenceEA": 6,
      "srcWordEA": 46
    },
    {
      "srcTextID": "2897",
      "srcText": "세계에서 가장 큰 이구아수 폭포. 브라질에는 세계에서 가장 큰 열대 우림과 세계에서 가장 큰 열대 습지만 있는 게 아니야. 폭포 중에서 가장 큰 이구아수 폭포도 있어.",
      "srcPage": 20,
      "srcSentenceEA": 3,
      "srcWordEA": 28
    },
    {
      "srcTextID": "2903",
      "srcText": "삼바와 함께 즐거운 사람들. 해마다 2월이 되면 리우데자네이루는 삼바 음악으로 물결쳐. 바로 세계적으로 유명한 삼바 축제가 열리거든.",
      "srcPage": 23,
      "srcSentenceEA": 3,
      "srcWordEA": 19
    },
    {
      "srcTextID": "2900",
      "srcText": "‘가난한 사람의 행복은 카니발에 대한 꿈. 사람들은 꿈을 위해 1년 동안 열심히 일한다네.’ 이런 노랫말도 있지.",
      "srcPage": 25,
      "srcSentenceEA": 3,
      "srcWordEA": 18
    },
    {
      "srcTextID": "2902",
      "srcText": "삼바 축제가 다가오면 세계 여러 나라 사람들이 리우데자네이루로 모여들어. 유명한 항구 도시인 리우데자네이루에 온 사람들이 꼭 가는 곳이 있어. 바로 코르코바도산! 이 바위산에 올라가면 아름다운 코파카바나 해변을 볼 수 있어.",
      "srcPage": 26,
      "srcSentenceEA": 4,
      "srcWordEA": 33
    },
    {
      "srcTextID": "2906",
      "srcText": "삼바의 리듬을 느낄 수 있는 곳, 사우바도르. 이제 사우바도르 이야기를 해 볼까? 내가 태어나고 자란 곳.",
      "srcPage": 27,
      "srcSentenceEA": 3,
      "srcWordEA": 18
    },
    {
      "srcTextID": "2905",
      "srcText": "사우바도르야말로 하루도 쉬지 않고 삼바를 만날 수 있는 곳이야. 옛날에 포르투갈이 브라질을 지배했을 때 아프리카 사람들이 농장의 노예로 끌려왔어. 그때 건너온 아프리카 사람들의 전통춤에 포르투갈의 음악이 더 해져 삼바가 만들어졌지.",
      "srcPage": 28,
      "srcSentenceEA": 3,
      "srcWordEA": 32
    },
    {
      "srcTextID": "2907",
      "srcText": "환경 도시, 꿈의 도시, 희망의 도시. 이 모두가 쿠리치바의 별명이야. 이 도시에는 공원과 나무가 무척 많아.",
      "srcPage": 29,
      "srcSentenceEA": 3,
      "srcWordEA": 18
    },
    {
      "srcTextID": "2904",
      "srcText": "그리고 ‘쓰레기가 아닌 쓰레기’도 많지. 다시 쓸 수 있는 쓰레기를 모아서 가져가면, 양배추, 감자, 바나나 같은 음식으로 바꿔 줘. 그러니까 쓰레기가 아니라고 할 수도 있겠지?",
      "srcPage": 30,
      "srcSentenceEA": 4,
      "srcWordEA": 28
    },
    {
      "srcTextID": "2909",
      "srcText": "세계 여러 나라 사람들이 쿠리치바를 부러워하지. 쿠리치바에는 지하철이 없는 대신 전기 버스가 다녀. 이 버스는 요금도 싸고 어디든지 빠르게 갈 수 있기 때문에, 사람들은 자동차가 있어도 버스를 타고 다니지.",
      "srcPage": 32,
      "srcSentenceEA": 3,
      "srcWordEA": 31
    },
    {
      "srcTextID": "2912",
      "srcText": "상파울루는 인구가 많고, 공장이 많기로 유명한 곳이야. 그리고 상파울루는 커피로도 유명해. 상파울루 주변에서 난 커피들이 이곳에 모였다가 세계 곳곳으로 팔려 나가지. ",
      "srcPage": 35,
      "srcSentenceEA": 3,
      "srcWordEA": 23
    }
  ]
}