{
  "title": "썼던 거라고? 괜찮아!",
  "author": "양지안",
  "illustrator": "손지희",
  "isbn": "9791165436438",
  "readAge": "초등_고학년",
  "publishedYear": 2022,
  "publisher": "아람북스",
  "classification": "사회관계",
  "paragraphInfoCount": 23,
  "paragraphInfo": [
    {
      "srcTextID": "9933",
      "srcText": "“이제 얼마에 팔지 정해 볼까?” 재용이는 엄마와 함께 ‘변신 로봇’을 검색했어요. 다른 사람들은 얼마에 파는지 알아보려고요. ",
      "srcPage": 10,
      "srcSentenceEA": 4,
      "srcWordEA": 19
    },
    {
      "srcTextID": "9936",
      "srcText": "“엄마, 변신 로봇이 엄청나게 많아요.” 재용이의 말에 엄마가 빙그레 웃었어요. “변신 로봇뿐만 아니라 다른 장난감도 많아.”",
      "srcPage": 12,
      "srcSentenceEA": 3,
      "srcWordEA": 17
    },
    {
      "srcTextID": "9925",
      "srcText": "“우아, 이게 여기 있었네!” 재용이가 변신 로봇을 번쩍 들어 올리며 소리쳤어요. 네 살 때 아주 좋아했던 장난감이거든요. ",
      "srcPage": 2,
      "srcSentenceEA": 3,
      "srcWordEA": 19
    },
    {
      "srcTextID": "9924",
      "srcText": "“안 쓰는 물건은 모두 치워야지. 자, 시작해 볼까?” 재용이는 엄마와 함께 대청소를 하기로 했어요. “먼저 장난감 바구니부터 정리할래요!” ",
      "srcPage": 1,
      "srcSentenceEA": 4,
      "srcWordEA": 20
    },
    {
      "srcTextID": "9926",
      "srcText": "“어떻게요?” “중고로 팔면 되지. 재용이가 해 볼래?” “좋아요! 제가 새 친구를 찾아 줄래요.” ",
      "srcPage": 4,
      "srcSentenceEA": 3,
      "srcWordEA": 15
    },
    {
      "srcTextID": "9938",
      "srcText": "“오래되고 낡았지만 새것으로는 살 수 없어서 더 소중하기도 해. 내게 필요 없는 것이 누군가에게는 보물이 될 수도 있거든.” 엄마의 말에 재용이는 변신 로봇을 손에 꼭 쥐었어요. ",
      "srcPage": 15,
      "srcSentenceEA": 3,
      "srcWordEA": 28
    },
    {
      "srcTextID": "9940",
      "srcText": "예쁘고 깨끗한 강아지 집 있다멍! 딱! 세 번 들어가 보았당개. 내 몸에는 좀 작아 안 되겠다멍. 새 집 같은 중고 집을 사서 환경을 지킬 강아지, 어서 나오랑개, 멍멍!",
      "srcPage": 17,
      "srcSentenceEA": 5,
      "srcWordEA": 32
    },
    {
      "srcTextID": "9941",
      "srcText": "“엄마, 주인이 여러 번 바뀐 물건도 있어요. 이 토스트기는 세 번째 주인을 찾는대요. 와, 무료로 준대요!” “응, 무료로 나누는 것도 꽤 많아. 서로 나눠 쓰고, 바꿔 쓰는 것도 좋은 일이지.”",
      "srcPage": 18,
      "srcSentenceEA": 5,
      "srcWordEA": 33
    },
    {
      "srcTextID": "9943",
      "srcText": "“엄마! 오천 원이 좋겠어요.” 중고 거래 앱을 한참 둘러보던 재용이는 드디어 변신 로봇의 가격을 정했어요. 엄마도 이것저것 팔 물건을 부지런히 올렸어요.",
      "srcPage": 20,
      "srcSentenceEA": 3,
      "srcWordEA": 24
    },
    {
      "srcTextID": "9939",
      "srcText": "엄마와 재용이는 계속해서 중고 거래 앱을 둘러보았어요. “엄마, 정말 많은 사람이 중고 물건을 사고파네요.” “응, 정말 좋은 일이야. 자원을 절약하고 환경을 지키는 일이기도 하니까.”",
      "srcPage": 16,
      "srcSentenceEA": 4,
      "srcWordEA": 25
    },
    {
      "srcTextID": "9929",
      "srcText": "재용이는 변신 로봇을 덥석 안았어요. “너를 아주아주 좋아해 줄 친구를 찾아 줄게.”  “중고 거래 사이트에 올리려면 사진이 필요해. 그 전에 먼저 깨끗이 씻겨 줄까?” 엄마가 말했어요.",
      "srcPage": 5,
      "srcSentenceEA": 5,
      "srcWordEA": 28
    },
    {
      "srcTextID": "9937",
      "srcText": "“엄마, 이런 라디오도 판대요. 낡은 전화기랑 금이 간 그릇도 있어요.” “아, 골동품이구나! 모두 오래된 물건들이야.” “사고 싶다는 사람도 많아요.” ",
      "srcPage": 14,
      "srcSentenceEA": 5,
      "srcWordEA": 21
    },
    {
      "srcTextID": "9946",
      "srcText": "띠링, 드디어 변신 로봇을 사겠다는 연락이 왔어요. “이제 새 친구를 만나러 가자. 앞으로도 지구를 잘 지켜 줘!” 변신 로봇이 어떤 친구를 만날지, 재용이의 가슴이 두근두근 설렜어요.",
      "srcPage": 23,
      "srcSentenceEA": 4,
      "srcWordEA": 28
    },
    {
      "srcTextID": "9942",
      "srcText": "토스트기 무료로 드려요! 저는 빵을 아주 잘 구워요. 으쓱으쓱. 살짝 노릇하게, 바짝 바삭하게. 주인이 원하는 대로 척척 구워요. 첫 번째 주인도, 두 번째 주인도 제 덕에 따듯한 빵을 먹는다고 날마다 고마워했지요! 나눔 채팅하기 노릇노릇 토스트기 드려요!",
      "srcPage": 19,
      "srcSentenceEA": 7,
      "srcWordEA": 42
    },
    {
      "srcTextID": "9944",
      "srcText": "“이번에 번 돈으로 중고 재봉틀을 살 수 있으면 좋겠다.” 엄마는 기대에 차서 말했어요. “재용아, 변신 로봇을 팔아서 받은 돈은 네 용돈으로 써도 돼.”",
      "srcPage": 21,
      "srcSentenceEA": 3,
      "srcWordEA": 24
    },
    {
      "srcTextID": "9945",
      "srcText": "엄마의 말에 재용이는 신이 났어요. “와, 정말요?” “응, 어디에 쓸지 잘 생각해 보렴.” 변신 로봇을 팔아 받은 돈은 무척 소중하게 여겨질 것 같았어요. ",
      "srcPage": 22,
      "srcSentenceEA": 4,
      "srcWordEA": 24
    },
    {
      "srcTextID": "9930",
      "srcText": "“다음은 소개하는 글을 써야 해!” 엄마는 재용이가 할 일을 차근차근 알려 주었어요. “변신 로봇, 네가 얼마나 강하고 용감한지 자세히 써 줄게.” ",
      "srcPage": 7,
      "srcSentenceEA": 3,
      "srcWordEA": 22
    },
    {
      "srcTextID": "9931",
      "srcText": "엄마는 재용이의 생각을 정리해서 타닥타닥 소개 글을 써 주었어요. 제가 네 살 때 가장 좋아했던 우주 최강 로봇이에요. 눈 깜짝할 사이에 멋진 자동차로 변신할 수 있어요. ",
      "srcPage": 8,
      "srcSentenceEA": 3,
      "srcWordEA": 28
    },
    {
      "srcTextID": "9932",
      "srcText": "지구를 지키느라 많은 적과 싸웠지만, 한 번도 다치지 않아 흉터 하나 없이 깨끗해요. 무적의 용사 변신 로봇이 우주의 평화를 함께 지킬 새 친구를 기다려요. 로봇을 좋아하고 아껴 줄 친구라면 좋겠어요.",
      "srcPage": 9,
      "srcSentenceEA": 3,
      "srcWordEA": 32
    },
    {
      "srcTextID": "9934",
      "srcText": "그러자 수십 개의 변신 로봇이 나왔어요. 로봇의 종류나 상태도 다르고, 가격도 제각각이었어요. 재용이의 눈이 휘둥그레졌지요. ",
      "srcPage": 11,
      "srcSentenceEA": 3,
      "srcWordEA": 17
    },
    {
      "srcTextID": "9935",
      "srcText": "“네! 게임기도 많고, 인형도 많아요.” “그래, 장난감부터 침대나 냉장고 같은 큰 물건까지, 거의 모든 게 다 있단다.” “우아! 자동차도 있어요!” 재용이는 신기해하며 이것저것 살펴보았어요.",
      "srcPage": 13,
      "srcSentenceEA": 4,
      "srcWordEA": 27
    },
    {
      "srcTextID": "9927",
      "srcText": "“엄마, 변신 로봇은 버리기 아까워요.” 재용이가 아쉬워하자 엄마도 고개를 끄덕였어요. “그럼 재용이처럼 재미있게 놀아 줄 친구를 만나게 해 줄까?”",
      "srcPage": 3,
      "srcSentenceEA": 3,
      "srcWordEA": 20
    },
    {
      "srcTextID": "9928",
      "srcText": "재용이는 변신 로봇을 깨끗이 씻겨 주었어요. “아주 멋지게 찍어 줄게.” 변신 로봇을 여러 모습으로 찰칵! 찰칵! ",
      "srcPage": 6,
      "srcSentenceEA": 4,
      "srcWordEA": 18
    }
  ]
}