{
  "title": "생쥐 삼 형제의 선택",
  "author": "김정란",
  "illustrator": "김윤정",
  "isbn": "9791165436360",
  "readAge": "초등_고학년",
  "publishedYear": 2022,
  "publisher": "아람북스",
  "classification": "사회관계",
  "paragraphInfoCount": 20,
  "paragraphInfo": [
    {
      "srcTextID": "10216",
      "srcText": "그런데 자꾸 형들 생각이 났어요. “형들은 지금 뭘 하고 있을까?” 티티는 재미있는 책을 읽어도 즐겁지 않았어요. ",
      "srcPage": 12,
      "srcSentenceEA": 3,
      "srcWordEA": 17
    },
    {
      "srcTextID": "10203",
      "srcText": "막내 티티는 조용히 책 읽는 것을 좋아했어요. 하지만 그때마다 형들이 방해했어요. 좋아하는 것이 다르다 보니 삼 형제는 티격태격 다투는 일이 많았어요.",
      "srcPage": 3,
      "srcSentenceEA": 3,
      "srcWordEA": 23
    },
    {
      "srcTextID": "10218",
      "srcText": "티티는 도서관에서 나와 공원으로 갔어요. 그때 같이 놀고 있는 다람쥐 삼 형제가 보였어요. “같이 놀아서 재미있겠다. 후유, 혼자 노니까 하나도 재미없네. 형들과 놀면 훨씬 재미있는데. 싸울 때도 있지만 말이야.” ",
      "srcPage": 13,
      "srcSentenceEA": 6,
      "srcWordEA": 33
    },
    {
      "srcTextID": "10235",
      "srcText": "너구리 할아버지의 말에 티티가 용기를 내었어요. “아, 맞아요! 선택을 바꾸면 돼요! 할아버지, 저 선택을 바꿀래요! 감사합니다!” ",
      "srcPage": 16,
      "srcSentenceEA": 5,
      "srcWordEA": 19
    },
    {
      "srcTextID": "10204",
      "srcText": "포포 형, 연주 좀 그만해! 시끄러워서 귀가 아파!  내 음악이 어때서! 투투야, 음식을 혼자 다 먹으면 어떡해? 미안, 맛있어서!",
      "srcPage": 5,
      "srcSentenceEA": 5,
      "srcWordEA": 24
    },
    {
      "srcTextID": "10209",
      "srcText": "“어떤 것을 선택하지? 기타를 살까, 작은북을 살까?” 어느새 포포 눈앞에 기타가 아른아른. “그래, 좀 더 마음에 드는 기타를 사야지!” 포포는 기분 좋게 기타를 샀어요.",
      "srcPage": 7,
      "srcSentenceEA": 5,
      "srcWordEA": 27
    },
    {
      "srcTextID": "10210",
      "srcText": "둘째 투투는 집을 나와 피자 가게로 갔어요. “그래, 혼자 사는 게 좋아! 피자도 시키고 스파게티도 시켜야지. 나 혼자 다 먹을 거야!”",
      "srcPage": 8,
      "srcSentenceEA": 4,
      "srcWordEA": 23
    },
    {
      "srcTextID": "10215",
      "srcText": "투투는 기분 좋게 피자를 시켰어요. 음, 난 피자 선택! 피자가 제일 좋아! 원래 피자를 좋아하지만, 오늘은 스파게티! 어제 피자를 먹었거든. 피자보다 스파게티가 좋아. 스파게티 선택! ",
      "srcPage": 10,
      "srcSentenceEA": 7,
      "srcWordEA": 31
    },
    {
      "srcTextID": "10224",
      "srcText": "티티는 한숨을 푹 쉬었어요. “얘야, 왜 이렇게 힘이 없니?” 너구리 할아버지가 물었어요. “제가 형들이랑 같이 사는 것과 따로 사는 것 중에서 따로 사는 것을 선택했는데 올바른 선택인지 모르겠어요.” ",
      "srcPage": 14,
      "srcSentenceEA": 4,
      "srcWordEA": 29
    },
    {
      "srcTextID": "10240",
      "srcText": "하지만 집에는 아무도 없었어요. “형! 혀엉. 진짜 형들이 없네. 괜히 따로 살자고 말해서. 내가 선택을 잘못했어, 흑!” 티티는 눈물이 왈칵 쏟아졌어요. ",
      "srcPage": 18,
      "srcSentenceEA": 6,
      "srcWordEA": 26
    },
    {
      "srcTextID": "10241",
      "srcText": "그때 집 밖에서 기타 소리와 노랫소리가 들렸어요. “포포 형 목소리잖아!” 티티는 문을 열어 보았어요. ",
      "srcPage": 19,
      "srcSentenceEA": 3,
      "srcWordEA": 15
    },
    {
      "srcTextID": "10181",
      "srcText": "온종일 챙챙 악기를 연주했어요. 둘째 투투는 먹는 것을 좋아했어요. 맨날 음식을 혼자 후다닥 먹어 버렸지요.",
      "srcPage": 2,
      "srcSentenceEA": 3,
      "srcWordEA": 17
    },
    {
      "srcTextID": "10202",
      "srcText": "결국 참다못한 티티가 소리쳤어요. “형들, 우리 그만 다투고 따로 살자!” 막내 티티의 말에 생쥐 삼 형제는 따로 살기로 결정했어요. ",
      "srcPage": 4,
      "srcSentenceEA": 3,
      "srcWordEA": 20
    },
    {
      "srcTextID": "10207",
      "srcText": "“역시 혼자 사는 게 좋아! 악기를 마음껏 연주해야지.” 맏형 포포는 집을 나와 악기 가게로 갔어요. 포포는 기타와 작은북을 골랐지요. ",
      "srcPage": 6,
      "srcSentenceEA": 4,
      "srcWordEA": 22
    },
    {
      "srcTextID": "10211",
      "srcText": "하지만 가격표를 보고 한숨을 푹! “휴, 이 돈으로 둘 다 사 먹지는 못하네. 하나를 선택하면 다른 하나를 포기해야 해. 피자를 먹을까, 스파게티를 먹을까? 으악, 어려워! 남들은 무엇을 먹나 볼까?”",
      "srcPage": 9,
      "srcSentenceEA": 6,
      "srcWordEA": 33
    },
    {
      "srcTextID": "10217",
      "srcText": "막내 티티는 도서관으로 갔어요. “방해하는 형들이 없어서 좋네. 혼자 실컷 책이나 읽어야지!” 티티는 신이 나서 책을 읽었어요.",
      "srcPage": 11,
      "srcSentenceEA": 4,
      "srcWordEA": 19
    },
    {
      "srcTextID": "10223",
      "srcText": "너구리 할아버지가 부드럽게 말했어요. “무언가를 선택할 때는 잘 생각해야 해. 가장 만족할 수 있는 것을 골라야 한단다. 어떤 것을 포기할 때는 그것이 소중한 것인지 아닌지 잘 따져 봐야 하지. 기회비용을 따져서 후회하지 않을 선택을 하렴.” ",
      "srcPage": 15,
      "srcSentenceEA": 5,
      "srcWordEA": 38
    },
    {
      "srcTextID": "10239",
      "srcText": "티티는 집으로 강중강중 뛰어갔어요. 가슴이 두근두근, 콩닥콩닥 터질 것만 같았지요. 집에 형들이 먼저 와 있을 것만 같았어요. “형, 형! 포포 형! 투투 형!”",
      "srcPage": 17,
      "srcSentenceEA": 6,
      "srcWordEA": 27
    },
    {
      "srcTextID": "10243",
      "srcText": "“피자를 사 왔으니 같이 먹자! 내가 이미 두 조각을 먹었지만.” 투투가 피자를 스윽 내밀며 말했어요. 셋은 나란히 앉아 피자를 먹었어요. 또 싸우기는 하겠지만 셋이 함께 있어 행복했지요. ",
      "srcPage": 20,
      "srcSentenceEA": 5,
      "srcWordEA": 31
    },
    {
      "srcTextID": "10182",
      "srcText": "포포와 투투, 티티는 생쥐 삼 형제예요. 삼 형제는 좋아하는 것이 각각 달랐어요. 맏형 포포는 악기 연주하는 것을 좋아했지요. ",
      "srcPage": 1,
      "srcSentenceEA": 3,
      "srcWordEA": 20
    }
  ]
}