{
  "title": "찬란한 우리 문화유산",
  "author": "엄상란",
  "illustrator": "문구선",
  "isbn": "9791165957520",
  "readAge": "초등_고학년",
  "publishedYear": 2023,
  "publisher": "아람북스",
  "classification": "사회관계",
  "paragraphInfoCount": 76,
  "paragraphInfo": [
    {
      "srcTextID": "3613",
      "srcText": "여름철에는 땀을 많이 흘리기 때문에 몸을 건강하게 하기 위해 삼계탕을 먹어. 가을에 먹는 송편이야. 그 해 처음 거둬들인 쌀로 예쁘게 송편을 빚어 추석 때 차례상에 올리지.",
      "srcPage": 19,
      "srcSentenceEA": 3,
      "srcWordEA": 28
    },
    {
      "srcTextID": "3669",
      "srcText": "물이 흘러 구슬을 떨어뜨리면 인형들이 종, 북, 징을 쳐서 시간을 알려 주었어. 앙부일구. 앙부일구는 조선 시대에 쓰던 해시계야. 해가 질 때 생기는 그림자로 시간을 알게 했지.",
      "srcPage": 71,
      "srcSentenceEA": 4,
      "srcWordEA": 29
    },
    {
      "srcTextID": "3673",
      "srcText": "화차와 신기전. 화차는 전쟁 때 쓰던 수레이고, 신기전은 불을 달아 쏘던 화살이야. 불붙인 화살 수십 발을 쏘아 대면 참 무시무시했을 거야. 측우기. 측우기는 정확한 비의 양을 재기 위해 만든 거야. ",
      "srcPage": 72,
      "srcSentenceEA": 5,
      "srcWordEA": 34
    },
    {
      "srcTextID": "3671",
      "srcText": "여름에 비가 많이 와서 농사에 피해가 생기는 것을 막기 위해서지. 호기심 역사 속으로. 아주 먼 옛날에는 바위나 동굴 벽, 나뭇잎이나 나무껍질, 동물 가죽 등에 글자를 썼어.",
      "srcPage": 73,
      "srcSentenceEA": 3,
      "srcWordEA": 28
    },
    {
      "srcTextID": "3678",
      "srcText": "우리나라 역사, 첫 번째 이야기. 단군왕검이 세운 고조선부터 삼국 시대를 거쳐 고려와 조선, 대한민국에 이르기까지 오천 년의 긴 역사와 문화를 살펴보기로 해. 첫 번째 나라 고조선.",
      "srcPage": 74,
      "srcSentenceEA": 3,
      "srcWordEA": 28
    },
    {
      "srcTextID": "3674",
      "srcText": " 약 오천 년 전쯤 단군이 첫 나라를 만들었어. 바로 고조선이야. 고조선이 생기기 전 사람들은 나무 열매를 따 먹고 동물을 잡아먹으며 동굴에서 살았지. 영토 넓은 고구려. 고구려와 백제, 신라가 이 땅에 있을 때를 삼국 시대라고 해.",
      "srcPage": 75,
      "srcSentenceEA": 5,
      "srcWordEA": 40
    },
    {
      "srcTextID": "3676",
      "srcText": "고구려는 우리 역사상 가장 넓은 나라였어. 고구려 사람들은 무덤 벽에 그때의 생활을 자세하게 그림으로 그려 놓았지. 왼쪽 사진은 북한의 덕흥리 벽화 무덤에 그려진 고구려 사람들의 모습이야.",
      "srcPage": 76,
      "srcSentenceEA": 3,
      "srcWordEA": 28
    },
    {
      "srcTextID": "3679",
      "srcText": "찬란한 문화유산 백제. 백제 사람들은 중국과 일본을 오가며 장사를 하고, 일본에 지식을 전해 주었어. 그리고 무엇이든 잘 만들었지.",
      "srcPage": 77,
      "srcSentenceEA": 3,
      "srcWordEA": 20
    },
    {
      "srcTextID": "3675",
      "srcText": "고구려, 백제를 물리치고 한강을 차지한 신라는 삼국을 통일했지. 통일신라 시대의 사람들은 금관, 허리띠 등 금으로 만든 화려한 물건으로 몸을 장식했대. 오른쪽 사진은 신라 왕의 무덤으로 짐작되는 천마총에서 나온 금관이야.",
      "srcPage": 79,
      "srcSentenceEA": 3,
      "srcWordEA": 31
    },
    {
      "srcTextID": "3681",
      "srcText": "호기심 역사 속으로. 서울 암사동은 지금으로부터 약 6000여 년 전 신석기 사람들이 살던 곳이야. 신석기 사람들은 강가의 야트막한 언덕에 억새풀로 움집을 만들어 살았어.",
      "srcPage": 80,
      "srcSentenceEA": 3,
      "srcWordEA": 25
    },
    {
      "srcTextID": "3683",
      "srcText": "고려라는 이름은 고구려의 씩씩한 마음을 이어 간다는 뜻이지. 이 시대에는 중국 송나라뿐만 아니라 동남아시아, 일본, 아라비아 상인까지 고려에 들어와 장사를 했어. 이때부터 우리나라는 코리아로 알려지기 시작했어.",
      "srcPage": 82,
      "srcSentenceEA": 3,
      "srcWordEA": 28
    },
    {
      "srcTextID": "3686",
      "srcText": "세종대왕이 한글을 만들어서 백성이 쉽게 글을 읽고 쓸 수 있게 되었어. 오른쪽 사진이 바로 세계 기록유산에 등재된 훈민정음 해례본이야. 일본의 지배를 받았던 일제 강점기 1910년 우리나라는 일본에 나라를 빼앗기고 말았어.",
      "srcPage": 83,
      "srcSentenceEA": 3,
      "srcWordEA": 32
    },
    {
      "srcTextID": "3684",
      "srcText": "그 뒤 35년 동안 일본의 지배를 받았지. 우리 조상들은 나라를 되찾으려 노력했어. 1919년 3월 1일, 온 백성이 태극기를 들고 독립 만세를 외치러 나왔지.",
      "srcPage": 84,
      "srcSentenceEA": 3,
      "srcWordEA": 25
    },
    {
      "srcTextID": "3682",
      "srcText": "6.25 전쟁. 1945년에 광복이 되었지만 남한에는 대한민국 정부가, 북한에는 공산주의 정권이 들어서게 되었어. 그 후 1950년 6월 25일, 북한이 남한을 공격해 전쟁이 일어났어. 수많은 사람이 피란해야 했고, 가족과 헤어지게 된 이들도 많았지.",
      "srcPage": 85,
      "srcSentenceEA": 4,
      "srcWordEA": 36
    },
    {
      "srcTextID": "3689",
      "srcText": "전쟁은 끝났지만 지금까지도 두 나라로 갈라져 살게 되었어. 호기심 역사 속으로. 조선 시대에는 서울을 한양이라고 불렀어.",
      "srcPage": 86,
      "srcSentenceEA": 3,
      "srcWordEA": 18
    },
    {
      "srcTextID": "3597",
      "srcText": "생활 도구로 무얼 했을까? 오래전부터 농사를 지었던 우리 민족은 많은 도구를 이용했어. 농기구를 만들었던 재료는 나무, 짚, 풀 등이야.",
      "srcPage": 1,
      "srcSentenceEA": 3,
      "srcWordEA": 21
    },
    {
      "srcTextID": "3598",
      "srcText": "옛날 사람들이 얼마나 지혜롭게 물건을 만들었는지 알아보자. 추울 때는 화로에 숯을 피워 언 손을 녹였어. 자다가 오줌이 마려우면 요강에 누곤 했어.",
      "srcPage": 2,
      "srcSentenceEA": 3,
      "srcWordEA": 23
    },
    {
      "srcTextID": "3600",
      "srcText": "자, 인두, 다리미도 바느질하는 데 필요한 도구야. 횃대를 이용해 긴 옷을 걸어 두었지. 옛날에는 등잔불로 방 안을 밝혔어.",
      "srcPage": 4,
      "srcSentenceEA": 3,
      "srcWordEA": 20
    },
    {
      "srcTextID": "3599",
      "srcText": "옛날에는 부채와 죽부인으로 여름을 났어. 낮에는 부채로 더위를 이기고, 밤에는 죽부인을 껴안고 잤지. 요즘은 집집마다 선풍기와 에어컨을 사용하지만 옛날처럼 죽부인을 껴안고 자도 시원하게 여름을 날 수 있을 거야.",
      "srcPage": 5,
      "srcSentenceEA": 3,
      "srcWordEA": 30
    },
    {
      "srcTextID": "3603",
      "srcText": "그 뒤 실로 옷감을 지을 수 있게 되었어. 조상들은 더위와 추위를 이기기 위해 어떤 옷을 입었을까? 여름. 삼베와 모시는 식물의 줄기를 이용해 만든 옷감이야.",
      "srcPage": 7,
      "srcSentenceEA": 4,
      "srcWordEA": 27
    },
    {
      "srcTextID": "3605",
      "srcText": "몸에 달라붙지 않아 여름옷으로 즐겨 입었어. 겨울. 무명은 목화에서 나는 솜으로 실을 만들어 짠 거야. 겨울에는 목화솜을 넣어 입기도 했지.",
      "srcPage": 8,
      "srcSentenceEA": 4,
      "srcWordEA": 23
    },
    {
      "srcTextID": "3608",
      "srcText": "조가비로 예쁜 목걸이를 만들어 걸기도 했지. 삼국 시대에는 긴 저고리와 통 넓은 바지를 입고 다녔어. 이 시대에는 여자들도 바지를 즐겨 입곤 했지.",
      "srcPage": 10,
      "srcSentenceEA": 3,
      "srcWordEA": 24
    },
    {
      "srcTextID": "3607",
      "srcText": "양반집 여자들은 장옷으로 얼굴을 가리고 다녔지. 호기심 역사 속으로. 옛날에는 옷을 직접 만들어서 입었어.",
      "srcPage": 12,
      "srcSentenceEA": 3,
      "srcWordEA": 16
    },
    {
      "srcTextID": "3615",
      "srcText": "우리 음식의 변화. 조상들의 지혜를 알 수 있는 것 가운데 하나가 발효 음식이야. 발효 음식 덕분에 사시사철 맛있는 김치를 먹을 수 있지.",
      "srcPage": 13,
      "srcSentenceEA": 3,
      "srcWordEA": 24
    },
    {
      "srcTextID": "3618",
      "srcText": "그리고 사는 곳에 따라 집의 모양과 재료도 달랐지. 처마는 비와 햇빛을 막아 줘. 용마루는 지붕 가운데 부분의 가장 높은 곳이야.",
      "srcPage": 22,
      "srcSentenceEA": 3,
      "srcWordEA": 22
    },
    {
      "srcTextID": "3620",
      "srcText": "솟을대문은 집 안으로 들어가는 가장 큰 문이야. 지방마다 집의 모양이 달라! 일자형. 따뜻한 남부 지방에서 많이 볼 수 있어. ",
      "srcPage": 24,
      "srcSentenceEA": 4,
      "srcWordEA": 22
    },
    {
      "srcTextID": "3623",
      "srcText": "관혼상제란 뭘까? 예부터 조상들은 사람이 태어나고 죽는 것, 결혼하고 아이를 낳는 것 등을 무척 소중하게 생각했어. 따라서 그에 맞는 행사와 예절을 정해 놓았지. 관혼상제란 이처럼 사람이 살면서 거치게 되는 여러 가지 행사와 예절을 말해.",
      "srcPage": 26,
      "srcSentenceEA": 4,
      "srcWordEA": 37
    },
    {
      "srcTextID": "3622",
      "srcText": "관례. 아이에서 어른이 되는 날이야. 남자는 열다섯 살쯤 되면 댕기를 풀고 상투를 틀었어. 여자는 머리를 올려 비녀를 꽂았지.",
      "srcPage": 27,
      "srcSentenceEA": 3,
      "srcWordEA": 21
    },
    {
      "srcTextID": "3628",
      "srcText": "혼례. 결혼을 혼례라고도 해. 옛날에는 집안 어른들이 누구와 혼례를 올릴지 정해 주었대. 신랑과 신부는 혼례식 날 서로의 얼굴을 처음 보았지.",
      "srcPage": 28,
      "srcSentenceEA": 3,
      "srcWordEA": 23
    },
    {
      "srcTextID": "3624",
      "srcText": "상례. 사람이 죽었을 때 치르는 의례야. 관혼상제 중 가장 복잡하고 엄숙하지. 옛날에는 오랫동안 상례를 지냈으나 요즘은 3일 동안만 지내.",
      "srcPage": 29,
      "srcSentenceEA": 3,
      "srcWordEA": 22
    },
    {
      "srcTextID": "3627",
      "srcText": "호기심 역사 속으로. 옛사람들은 아기가 태어나면 대문 앞에 금줄을 걸었어. 붉은 고추가 걸려 있으면 남자 아기가 태어났다는 뜻이고, 그렇지 않으면 여자 아기가 태어났다는 뜻이야. 금줄이 걸리면 아기가 아무리 보고 싶어도 21일 동안은 그 방에 아무나 들락거릴 수 없었어.",
      "srcPage": 31,
      "srcSentenceEA": 4,
      "srcWordEA": 41
    },
    {
      "srcTextID": "3633",
      "srcText": "우리 민속 이야기. 우리 조상들은 해마다 명절이나 절기가 되면 함께 어울려서 음식을 만들고 놀이를 즐겼어. 각 명절에 먹는 음식이나 하는 일을 들여다보면 우리 조상들의 생활까지 알 수 있을 거야.",
      "srcPage": 32,
      "srcSentenceEA": 3,
      "srcWordEA": 31
    },
    {
      "srcTextID": "3643",
      "srcText": "세계 유산 속에 빛나는 우리 문화유산. 인류가 오랜 시간 동안 살아오면서 남긴 문화유산이 세월이 흐르면서 파괴되거나 사라지고 있어. 유네스코는 중요한 문화재를 보존하기 위해 인류가 꼭 보존해야 할 세계 유산을 선정해 관리해 오고 있지. ",
      "srcPage": 45,
      "srcSentenceEA": 3,
      "srcWordEA": 35
    },
    {
      "srcTextID": "3645",
      "srcText": "유네스코가 선정한 우리의 문화유산에 대해 알아보기로 해. 문화유산. 역사적으로나 문화적으로 중요한 가치를 지니는 유적이나 건축물, 장소를 말해. 우리나라는 창덕궁, 수원 화성 등이 문화유산으로 선정됐어.",
      "srcPage": 46,
      "srcSentenceEA": 4,
      "srcWordEA": 27
    },
    {
      "srcTextID": "3646",
      "srcText": "창덕궁. 조선 왕조의 독특한 궁궐 건축과 정원 문화를 대표하는 궁궐로, 아름다운 자연경관과 지형에 따라 지어져 주변 자연환경과 조화를 잘 이루고 있어서 세계 문화유산에 등재되었어. 강화·고창·화순 고인돌. 유적 커다란 돌을 다루어서 석상이나 무덤 등을 만들던 거석문화의 하나인 고인돌은 선사 시대의 유적으로, 전 세계에 약 6만 기가 있는데 그중 절반 정도가 한반도에 분포되어 있어. 자연 문화유산. 지구의 역사와 문화를 잘 나타내는 자연 생태물이나 그것이 있는 장소 및 멸종 위기에 처한 동식물의 서식지를 말해.",
      "srcPage": 47,
      "srcSentenceEA": 5,
      "srcWordEA": 76
    },
    {
      "srcTextID": "3644",
      "srcText": "우리나라의 제주도 화산섬과 용암 동굴이 자연유산으로 선정됐어.  제주 화산섬과 용암 동굴. 왕성한 화산 활동으로 태어난 섬 제주도는 한라산 천연 보호 구역·거문 오름 용암 동굴계·성산 일출봉 응회구 세 곳을 제주 화산섬과 용암 동굴이라는 이름으로 세계 자연 문화유산에 등재되었어. ",
      "srcPage": 48,
      "srcSentenceEA": 3,
      "srcWordEA": 40
    },
    {
      "srcTextID": "3642",
      "srcText": "복합 문화유산. 문화유산과 자연유산의 특징을 동시에 충족하는 유산을 말해. 우리나라에는 아직 복합 문화유산이 없어. 통가리로 국립공원. 세계 최초의 유네스코 복합 유산으로 뉴질랜드 북섬에 있어. 아름다운 자연환경뿐만 아니라 마오리족의 문화까지 배어 있기 때문에 복합유산으로 등재될 수 있었어.",
      "srcPage": 49,
      "srcSentenceEA": 6,
      "srcWordEA": 41
    },
    {
      "srcTextID": "3647",
      "srcText": "강강술래(2009년). 노래와 춤이 하나로 어우러진 부녀자들의 집단 놀이야. 판소리(2003년). 한 명의 소리꾼이 고수의 장단에 맞추어 창, 말, 몸짓을 섞어 구연하는 민속 예술이야. 수궁가, 흥보가, 춘향가, 심청가, 적벽가 다섯 마당으로 구성되어 있어.",
      "srcPage": 51,
      "srcSentenceEA": 4,
      "srcWordEA": 35
    },
    {
      "srcTextID": "3650",
      "srcText": "제주해녀문화(2016년). 제주도의 해녀들을 중심으로 오랜 세월을 걸쳐 독자적으로 전승되어 온 기술 및 문화야. 물질은 물론 민속 지식, 신앙, 노래, 작업 도구와 옷, 공동체의 습속이 포함되어 있어. 세계 기록유산. 유네스코가 고문서 등 전 세계적으로 귀중한 기록물을 보존하고 활용하기 위해 선정하는 세계적 가치가 있는 기록유산을 말해.",
      "srcPage": 52,
      "srcSentenceEA": 4,
      "srcWordEA": 48
    },
    {
      "srcTextID": "3602",
      "srcText": "고려 시대의 여자들은 치마를 입었어. 삼국 시대에 비해 저고리의 길이도 많이 짧아졌지. 조선 시대의 여자들은 움직이기 편하게 저고리를 짧게 만들고 옷고름을 맸어.",
      "srcPage": 11,
      "srcSentenceEA": 3,
      "srcWordEA": 24
    },
    {
      "srcTextID": "3609",
      "srcText": " 그리고 조상들은 명절과 절기에 맞춰 여러 가지 음식을 만들었어. 고소한 꽃전, 달콤한 팥죽 등, 생각만 해도 입 안에 침이 고이는걸? 발효 음식이 뭘까?",
      "srcPage": 14,
      "srcSentenceEA": 3,
      "srcWordEA": 26
    },
    {
      "srcTextID": "3614",
      "srcText": "오랫동안 두고 먹을 수 있을 뿐만 아니라 우리 몸도 튼튼하게 해 주는 훌륭한 음식이야. 지역에 따라 김치의 종류도 달라! 겨우내 먹을 김치를 담그는 것을 김장이라고 하는데, 김장은 보통 12월에 많이 해.",
      "srcPage": 16,
      "srcSentenceEA": 3,
      "srcWordEA": 33
    },
    {
      "srcTextID": "3649",
      "srcText": "여러 경전과 법문에 실린 내용 가운데 좋은 구절만 뽑아 1377년에 만들었어. 조선왕조의궤(2007년). 조선 시대 국가 왕실에서 행해진 주요 행사의 여러 가지 의례의 전모를 자세하게 그린 책이야. 실록 등에도 의례의 기록이 남아 있지만 내용이 방대하고, 행차 모습 등을 그림으로 표현해야 하는 부분이 많아 의궤로 제작했어.",
      "srcPage": 54,
      "srcSentenceEA": 4,
      "srcWordEA": 47
    },
    {
      "srcTextID": "3654",
      "srcText": "신기하고 재미있는 건국 신화. 나라를 세운 왕에 대해 전해 내려오는 이야기가 있어. 바로 건국 신화야.",
      "srcPage": 55,
      "srcSentenceEA": 3,
      "srcWordEA": 17
    },
    {
      "srcTextID": "3658",
      "srcText": "하늘을 다스리는 환인의 아들인 환웅이 인간 세상으로 내려왔어. 인간 세상에는 사람이 되기를 바라는 곰과 호랑이가 있었지. 환웅은 곰과 호랑이에게 쑥과 마늘을 먹으며 굴속에서 백 일 동안 견디면 사람이 될 수 있다고 말했어.",
      "srcPage": 56,
      "srcSentenceEA": 3,
      "srcWordEA": 34
    },
    {
      "srcTextID": "3659",
      "srcText": "호랑이는 곧 뛰쳐나갔지만, 곰은 참고 견뎌 여자로 변해 웅녀라는 이름을 얻었어. 웅녀는 환웅과 결혼해서 단군을 낳았지. 단군은 ‘고조선’을 세워 이천 년 동안 나라를 다스렸어.",
      "srcPage": 57,
      "srcSentenceEA": 4,
      "srcWordEA": 27
    },
    {
      "srcTextID": "3655",
      "srcText": "알에서 태어난 박혁거세. 나라를 세우기로 한 여섯 마을의 어른들이 왕을 정하려고 높은 산으로 올라갔어. 그곳에 알이 하나 있었는데 그 속에서 박혁거세가 태어났지.",
      "srcPage": 58,
      "srcSentenceEA": 3,
      "srcWordEA": 24
    },
    {
      "srcTextID": "3653",
      "srcText": "서울 사직 공원에는 단군왕검의 모습을 그린 영정이 있어. 이 영정을 모신 곳을 단군 성전이라고 해. 또 사직 공원은 땅의 신과 곡식의 신에게 제사를 지내는 사직단이 있는 곳이야.",
      "srcPage": 60,
      "srcSentenceEA": 3,
      "srcWordEA": 29
    },
    {
      "srcTextID": "3660",
      "srcText": "다양한 유물을 통해 우리 조상들의 생활 모습을 알 수 있지. 신석기 시대. 갈돌과 갈판. 농사를 짓기 시작한 신석기 시대에 사용했던 간석기야. 빗살무늬 토기. 식량을 저장하거나 담기 위해 흙으로 그릇을 만들었어.",
      "srcPage": 62,
      "srcSentenceEA": 6,
      "srcWordEA": 35
    },
    {
      "srcTextID": "3664",
      "srcText": "청동기 시대. 비파형동검. 청동으로 만든 칼로, 비파라는 악기와 닮았어. 팔주령. 제사장이 제사를 지낼 때 지니던 청동 방울이야. 화살촉. 돌로 만든 화살촉이야.",
      "srcPage": 63,
      "srcSentenceEA": 7,
      "srcWordEA": 27
    },
    {
      "srcTextID": "3663",
      "srcText": "철기 시대. 꺽창. 철로 만든 무기야. 고구려 시대. 광개토대왕릉비. 고구려의 19대 임금인 광개토대왕의 업적을 기리기 위해 세운 비석이야. 백제 시대. 금동대향로. 의식을 행하거나 제사를 지낼 때 향을 피우던 향로야.",
      "srcPage": 64,
      "srcSentenceEA": 9,
      "srcWordEA": 37
    },
    {
      "srcTextID": "3667",
      "srcText": "그러다 보니 과학 기술이 다른 나라보다 더 발달하게 되었어. 팔만대장경. 팔만대장경의 경판은 고려 시대에 만든 나무 판각이야. 몽골군이 쳐들어왔을 때 부처의 힘으로 이겨 내고자 모두 힘을 모아 팔만여 개의 나무판에 글자를 새겼지.",
      "srcPage": 68,
      "srcSentenceEA": 4,
      "srcWordEA": 35
    },
    {
      "srcTextID": "3672",
      "srcText": "첨성대. 첨성대는 해와 달, 별의 움직임을 관찰하는 시설이야. 높이는 약 9m 정도이고 마치 기다란 우물처럼 생겼어. 자격루. 자격루는 조선 시대에 장영실이 만든 물시계야.",
      "srcPage": 70,
      "srcSentenceEA": 4,
      "srcWordEA": 27
    },
    {
      "srcTextID": "3604",
      "srcText": "멋지고 아름다운 우리 옷. 아주 먼 옛날 우리 조상들은 자연에서 재료를 구해 옷을 만들었어. 풀과 동물 가죽으로 옷을 해 입기도 했지.",
      "srcPage": 6,
      "srcSentenceEA": 3,
      "srcWordEA": 23
    },
    {
      "srcTextID": "3606",
      "srcText": "비단은 누에를 쳐서 나온 누에고치를 뜨거운 물에 담가 명주실을 뽑은 뒤 베틀로 짜서 만든 거야. 먼 옛날에는 어떤 옷을 입었을까? 선사 시대에는 동물 가죽으로 옷을 만들어 입었어.",
      "srcPage": 9,
      "srcSentenceEA": 3,
      "srcWordEA": 29
    },
    {
      "srcTextID": "3601",
      "srcText": "키에 곡식을 담고 흔들어서 알곡만 골라내기도 했지. 경대는 옛 여인들이 쓰던 거울이야. 알록달록한 반짇고리 안에는 바늘, 실, 골무, 가위가 들어 있어.",
      "srcPage": 3,
      "srcSentenceEA": 3,
      "srcWordEA": 23
    },
    {
      "srcTextID": "3611",
      "srcText": "김치는 우리나라의 대표적인 음식이야. 간장, 된장, 고추장, 젓갈도 빼놓을 수 없겠지? 이렇듯 곰팡이를 이용해 만든 것을 발효 음식이라고 해.",
      "srcPage": 15,
      "srcSentenceEA": 3,
      "srcWordEA": 21
    },
    {
      "srcTextID": "3616",
      "srcText": "지역과 날씨에 따라 김치를 담그는 것도 달라. 북쪽은 겨울이 길고 추우니까 소금을 조금만 넣고, 남쪽은 더워서 음식이 빨리 상하니까 짜게 만들지. 계절에 따라 먹는 음식도 달라!",
      "srcPage": 17,
      "srcSentenceEA": 3,
      "srcWordEA": 28
    },
    {
      "srcTextID": "3612",
      "srcText": "봄에 먹는 꽃전이야. 강남 갔던 제비가 돌아온다는 삼짇날에는 진달래꽃으로 예쁘게 전을 만들어. 여름에 먹는 삼계탕이야.",
      "srcPage": 18,
      "srcSentenceEA": 3,
      "srcWordEA": 17
    },
    {
      "srcTextID": "3610",
      "srcText": "겨울에 먹는 팥죽이야. 동짓날에 팥죽을 쑤어 먹으면, 팥의 붉은색이 나쁜 귀신을 쫓는다고 생각하지. 호기심 역사 속으로.",
      "srcPage": 20,
      "srcSentenceEA": 3,
      "srcWordEA": 18
    },
    {
      "srcTextID": "3619",
      "srcText": "기와는 위로 볼록한 수키와와 아래로 오목한 암키와가 있어. 막새는 지붕의 맨 끝에 있는 기와야. 분합문은 여러 쪽으로 나누어 단 문이야.",
      "srcPage": 23,
      "srcSentenceEA": 3,
      "srcWordEA": 22
    },
    {
      "srcTextID": "3621",
      "srcText": "안방과 건넌방 사이에 마루가 있어서 바람이 잘 통하고 시원해. 기역자형. 경기도나 충청도 등 중부 지방에서 많이 볼 수 있어. 디귿자형. 남부, 중부, 북부 지방 등 여러 곳에서 볼 수 있어. 미음자형. 춥고 눈이 많이 오는 북부 지방에서 볼 수 있어. 미음자 구조가 바람을 막아 주는 역할을 해.",
      "srcPage": 25,
      "srcSentenceEA": 8,
      "srcWordEA": 54
    },
    {
      "srcTextID": "3625",
      "srcText": "제례. 크게 차례, 기제로 나눠. 차례는 설, 추석 아침에 올리는 제사이고, 기제는 해마다 사람이 죽은 날 밤에 지내는 제사야. 돌. 아기의 첫 번째 생일을 첫돌이라고 해.",
      "srcPage": 30,
      "srcSentenceEA": 4,
      "srcWordEA": 30
    },
    {
      "srcTextID": "3630",
      "srcText": "설날. 음력 1월 1일이야. 새해 첫날이지. 웃어른께 세배하고 떡국을 먹어. 정월 대보름. 음력 1월 15일이야.",
      "srcPage": 33,
      "srcSentenceEA": 5,
      "srcWordEA": 20
    },
    {
      "srcTextID": "3632",
      "srcText": "오곡밥을 먹고 부럼을 깨는 날이지. “내 더위 사 가라.”고 소리치며 상대방에게 한 해의 더위를 파는 ‘더위팔기’ 풍습이 있어. 단오. 음력 5월 5일이야.",
      "srcPage": 34,
      "srcSentenceEA": 6,
      "srcWordEA": 26
    },
    {
      "srcTextID": "3629",
      "srcText": "농촌에서는 모내기를 끝내고 밤새 노는 날이야. 이날에는 창포물로 머리를 감아. 추석. 음력 8월 15일이야.",
      "srcPage": 35,
      "srcSentenceEA": 4,
      "srcWordEA": 17
    },
    {
      "srcTextID": "3635",
      "srcText": "한가위라고도 하지. 이때에는 풍성한 수확을 감사하며 조상께 제사를 올려. 그 해 새로 나온 쌀로 송편을 빚고 보름달을 보며 소원을 빌지. 절기가 뭘까? 일 년을 스물넷으로 나눈 것을 24절기라고 해.",
      "srcPage": 36,
      "srcSentenceEA": 5,
      "srcWordEA": 33
    },
    {
      "srcTextID": "3631",
      "srcText": "시간의 흐름에 따라 변하는 계절적인 특징을 알 수 있어. 조상들은 각 절기에 맞는 농사일을 하기도 했지. 입춘은 봄의 시작을 알리는 때고, 경칩은 개구리가 겨울잠에서 깨어난다는 때야.",
      "srcPage": 37,
      "srcSentenceEA": 3,
      "srcWordEA": 28
    },
    {
      "srcTextID": "3634",
      "srcText": "입하는 여름이 시작되는 때고, 대서는 일 년 중 가장 더운 때야. 입추는 가을이 시작되는 때고, 추분은 밤과 낮의 길이가 같아지는 때야. 입동은 겨울이 시작되는 때고, 동지는 밤이 가장 긴 때야.",
      "srcPage": 38,
      "srcSentenceEA": 3,
      "srcWordEA": 32
    },
    {
      "srcTextID": "3636",
      "srcText": "호기심 역사 속으로. 더운 7~8월에는 초복, 중복, 말복이라는 날이 있어. 예부터 이날에는 더위를 물리치기 위해 뜨거운 삼계탕을 먹곤 했지.",
      "srcPage": 39,
      "srcSentenceEA": 4,
      "srcWordEA": 22
    },
    {
      "srcTextID": "3640",
      "srcText": "옛 도읍지로 떠나 볼까? 우리나라 오천 년 역사 속에는 많은 나라가 있었어. 그리고 그 나라들은 멋진 도시를 만들었지.",
      "srcPage": 40,
      "srcSentenceEA": 3,
      "srcWordEA": 20
    },
    {
      "srcTextID": "3637",
      "srcText": "고구려와 백제, 신라, 고려, 조선의 옛 도읍지에는 아직도 신기하고 웅장한 모습이 곳곳에 남아 있어. 백제, 공산성. 두 번째 도읍지인 공주를 보호하기 위해 쌓은 산성이야. 고구려, 대동문. 평양시 대동강 기슭에 있는 평양성의 동쪽 성문이야.",
      "srcPage": 41,
      "srcSentenceEA": 5,
      "srcWordEA": 37
    },
    {
      "srcTextID": "3639",
      "srcText": "백제, 부소산성. 마지막 도읍지인 부여의 부소산에 있는 성터야. 당시에는 사비성으로 불렸어. 신라, 동궁과 월지. 경주에 있는 신라 시대의 왕궁터와 인공 연못이야.",
      "srcPage": 42,
      "srcSentenceEA": 5,
      "srcWordEA": 25
    },
    {
      "srcTextID": "3638",
      "srcText": "고려, 만월대. 개성시 송악산에 있는 고려 시대의 궁궐터야. 조선, 경복궁. 한양에 만들어진 5개의 궁궐 중 첫 번째로 지어진 곳이야. 조선, 흥인지문. 한양을 지키기 위해 만든 네 개의 문 중 동쪽에 세워진 문이야.",
      "srcPage": 43,
      "srcSentenceEA": 6,
      "srcWordEA": 37
    },
    {
      "srcTextID": "3641",
      "srcText": "옛 호기심 역사 속으로. 옛날에는 한양에 네 개의 문을 두고 도읍지를 지켰어. 동쪽의 흥인지문, 서쪽의 돈의문, 남쪽의 숭례문, 북쪽의 숙정문이야.",
      "srcPage": 44,
      "srcSentenceEA": 3,
      "srcWordEA": 22
    },
    {
      "srcTextID": "3685",
      "srcText": "서울은 시대에 따라 어떻게 변해 왔는지 볼까? ‘남녀칠세부동석’이란 남자와 여자는 일곱 살 때부터 한자리에 같이 앉지 않는다는 뜻이야. 조선 시대 때는 유교의 가르침에 따라 남자와 여자는 함께 어울릴 수 없었어.",
      "srcPage": 87,
      "srcSentenceEA": 4,
      "srcWordEA": 33
    }
  ]
}