{
  "title": "위대한 왕, 광개토 대왕과 칭기즈 칸",
  "author": "김민진",
  "illustrator": "김미선",
  "isbn": "9791128221033",
  "readAge": "초등_고학년",
  "publishedYear": 2018,
  "publisher": "아람북스",
  "classification": "사회관계",
  "paragraphInfoCount": 17,
  "paragraphInfo": [
    {
      "srcTextID": "2318",
      "srcText": "옛날에는 농사를 짓고 소나 말을 기르는 사람이 많았어. 그러려면 땅이 넓어야 했지. 여러 나라가 넓은 땅을 차지하려고 뺏고 뺏기는 전쟁을 많이 했어. 그 가운데 가장 용맹했던 왕이 둘 있었어. 바로 고구려의 광개토 대왕과 몽골의 칭기즈 칸이야.",
      "srcPage": 1,
      "srcSentenceEA": 5,
      "srcWordEA": 40
    },
    {
      "srcTextID": "2321",
      "srcText": "칭기즈 칸의 어릴 적 이름은 테무친이야. 몽골 부족장의 아들로 태어났지. 그때 몽골은 여러 부족들로 나뉘어 있었어. ‘부족을 통일해서 튼튼한 나라로 만들고 싶어.’ 테무친은 하나 된 몽골을 꿈꿨어.",
      "srcPage": 2,
      "srcSentenceEA": 5,
      "srcWordEA": 31
    },
    {
      "srcTextID": "2323",
      "srcText": "테무친은 강아지를 무서워할 정도로 겁쟁이였어. 그러다가 아버지가 돌아가시자 거친 들판으로 쫓겨나게 되었지. 테무친은 들쥐나 물고기를 잡아먹으며 간신히 살아남았어. 겁쟁이였던 테무친은 점점 용감해졌지.",
      "srcPage": 4,
      "srcSentenceEA": 4,
      "srcWordEA": 25
    },
    {
      "srcTextID": "2327",
      "srcText": "광개토 대왕은 다른 나라 군사들이 고구려 백성을 괴롭히면 참을 수 없었어. “거란족이 고구려 백성을 만 명이나 잡아갔다고? 참을 수 없다! 공격하라!” “연나라가 식량을 모두 가져갔다고? 도저히 참을 수 없다! 공격하라!”",
      "srcPage": 7,
      "srcSentenceEA": 7,
      "srcWordEA": 34
    },
    {
      "srcTextID": "2329",
      "srcText": "수많은 전쟁 끝에 광개토 대왕은 백성을 지켜 냈어. 그리고 넓디넓은 땅을 차지하게 되었지. 백성들은 그 땅에서 평화롭게 농사를 지었어. “광개토 대왕이 최고야!” 모두 광개토 대왕을 우러러보았지. 광개토 대왕은 아래로는 한강, 위로는 만주의 대부분과 요동 지역까지 영토를 넓혔어요.",
      "srcPage": 8,
      "srcSentenceEA": 6,
      "srcWordEA": 41
    },
    {
      "srcTextID": "2322",
      "srcText": "어린 담덕은 총명하고 용감했어. ‘고구려가 세지려면 나부터 강해져야 해.’ 틈만 나면 책을 읽고, 활쏘기 연습을 하고, 말을 탔지. 사나운 곰과 호랑이도 담덕의 화살 한 방이면 쿵 쓰러졌어.",
      "srcPage": 3,
      "srcSentenceEA": 4,
      "srcWordEA": 30
    },
    {
      "srcTextID": "2324",
      "srcText": "담덕은 열여덟 살 때 왕이 되었어. “군사들아, 두려워하지 말고 나를 따르라! 고구려의 힘을 보여 주자!” 광개토 대왕은 고구려를 괴롭히던 백제를 공격했어. 맨 앞에서 광개토 대왕이 군사들을 이끌면 당해 낼 상대가 없었지.",
      "srcPage": 5,
      "srcSentenceEA": 5,
      "srcWordEA": 34
    },
    {
      "srcTextID": "2326",
      "srcText": "테무친은 스물일곱 살 때 왕이 되었어. 사람들은 테무친을 칭기즈 칸이라고 불렀지. “부족민들이여, 겁먹지 말고 나를 따르라! 우리 부족의 힘을 보여 주자!” 칭기즈 칸의 말 한마디에 부족민들은 환호했어.",
      "srcPage": 6,
      "srcSentenceEA": 5,
      "srcWordEA": 30
    },
    {
      "srcTextID": "2332",
      "srcText": "칭기즈 칸도 수많은 전쟁 끝에 모든 부족을 통일했어. 하지만 칭기즈 칸은 멈추지 않았지. 서쪽으로, 동쪽으로, 북쪽으로 계속 나아갔어. 결국 넓디넓은 땅을 차지하게 되었지.",
      "srcPage": 9,
      "srcSentenceEA": 4,
      "srcWordEA": 26
    },
    {
      "srcTextID": "2331",
      "srcText": "결국 넓디넓은 땅을 차지하게 되었지. 칭기즈 칸은 역사에서 제일 큰 영토를 차지했어요. 유라시아 대륙의 대부분을 차지했지요.",
      "srcPage": 10,
      "srcSentenceEA": 3,
      "srcWordEA": 18
    },
    {
      "srcTextID": "2336",
      "srcText": "광개토 대왕은 전술도 뛰어났어. “수군은 강에서, 기마병은 성 아래에서 기다리다가 한꺼번에 공격하라!” 광개토 대왕은 늘 상황에 맞는 전술로 군사들을 이끌었지.",
      "srcPage": 11,
      "srcSentenceEA": 3,
      "srcWordEA": 21
    },
    {
      "srcTextID": "128596",
      "srcText": "광개토 대왕의 어릴 적 이름은 담덕이야. 고구려의 왕자로 태어났지. 그때 고구려는 여러 나라의 공격을 받는 약한 나라였어. ‘아무도 우리를 공격하지 못하게 할 거야.’ 담덕은 힘센 고구려를 꿈꿨지.",
      "srcPage": 12,
      "srcSentenceEA": 5,
      "srcWordEA": 31
    },
    {
      "srcTextID": "128598",
      "srcText": "칭기즈 칸의 기병 부대도 든든했지. 가죽옷을 입은 병사는 말을 서너 마리나 끌고 다녔어. 말이 지치면 갈아타고 또 갈아타며 끝까지 싸웠지. 게다가 활 쏘는 솜씨도 뛰어났어.",
      "srcPage": 14,
      "srcSentenceEA": 4,
      "srcWordEA": 28
    },
    {
      "srcTextID": "128601",
      "srcText": "무엇보다 광개토 대왕과 칭기즈 칸은 백성들을 사랑했어. ‘어떻게 하면 백성들이 배불리 먹고 행복하게 살 수 있을까?’ 간절한 그 마음 때문에 싸움터에서 물러서지 않을 수 있었던 거야.",
      "srcPage": 17,
      "srcSentenceEA": 3,
      "srcWordEA": 28
    },
    {
      "srcTextID": "128600",
      "srcText": "칭기즈 칸도 훌륭한 전술이 있었어. “적들이 우두머리를 잃으면 우왕좌왕할 거야. 우두머리를 먼저 쓰러뜨리자!” 칭기즈 칸은 어떻게 하면 쉽게 적을 무찌를 수 있는지 잘 알고 있었지.",
      "srcPage": 16,
      "srcSentenceEA": 4,
      "srcWordEA": 27
    },
    {
      "srcTextID": "128597",
      "srcText": "광개토 대왕에게는 든든한 철갑 기병 부대가 있었어. 철갑을 입은 병사가 철갑을 입은 말을 타고 다녔지. 철갑 기병 부대가 나타나 돌진하면 적들은 도망가기 바빴어. 게다가 저 날카로운 창 좀 봐.",
      "srcPage": 13,
      "srcSentenceEA": 4,
      "srcWordEA": 32
    },
    {
      "srcTextID": "128599",
      "srcText": "광개토 대왕과 칭기즈 칸은 훌륭한 정책도 세웠어. 다른 나라 백성들도 자기의 백성으로 받아들여서 나랏일 할 사람을 뽑을 때 차별하지 않았지. 다른 나라 상인들도 마음 놓고 물건을 팔 수 있도록 배려해 주었어.",
      "srcPage": 15,
      "srcSentenceEA": 3,
      "srcWordEA": 33
    }
  ]
}