{
  "title": "역시 내 아들, 펠레",
  "author": "김민진",
  "illustrator": "이창우",
  "isbn": "9791128220685",
  "readAge": "초등_고학년",
  "publishedYear": 2018,
  "publisher": "아람북스",
  "classification": "사회관계",
  "paragraphInfoCount": 25,
  "paragraphInfo": [
    {
      "srcTextID": "1400",
      "srcText": "펠레는 축구 선수인 아빠를 쏙 빼닮았어. 아빠는 그런 펠레만 보면 흐뭇하게 웃었지. 역시 내 아들이야.",
      "srcPage": 1,
      "srcSentenceEA": 3,
      "srcWordEA": 17
    },
    {
      "srcTextID": "1401",
      "srcText": " 신문지를 뭉쳐 툭, 툭! 양말에 헝겊을 넣어 뻥, 뻥! 비싼 축구공하고 비교할 수는 없었지만, 축구 연습을 하기엔 충분했어.",
      "srcPage": 4,
      "srcSentenceEA": 3,
      "srcWordEA": 21
    },
    {
      "srcTextID": "1409",
      "srcText": "열여섯 살이 된 펠레는 프로 축구 선수로 뛰게 되었어. 다른 선수보다 키가 작았던 펠레는 높이뛰기 연습을 하기 시작했어. 그래야만 헤딩을 잘할 수 있거든. ",
      "srcPage": 10,
      "srcSentenceEA": 3,
      "srcWordEA": 25
    },
    {
      "srcTextID": "1411",
      "srcText": "펠레! 펠레!” 브라질 사람들은 펠레한테 열광했어. 그 틈엔 늘 아빠가 있었지. 역시 내 아들이야. 녀석, 정말 멋진 경기를 하는구나!",
      "srcPage": 12,
      "srcSentenceEA": 5,
      "srcWordEA": 24
    },
    {
      "srcTextID": "1413",
      "srcText": "열여덟 살이 된 펠레는 국가 대표가 되어 스웨덴 월드컵에 나갔어. 러시아하고 시합이 있던 날! 펠레를 본 다른 나라 사람들이 웅성거리기 시작했어. ",
      "srcPage": 13,
      "srcSentenceEA": 3,
      "srcWordEA": 23
    },
    {
      "srcTextID": "1420",
      "srcText": "그때 같은 팀 선수가 펠레에게 공을 넘겼어. 펠레는 공을 받아 올린 뒤 그대로 걷어찼지. 슛! 공은 어김없이 골대 안으로 빨려 들어갔어.",
      "srcPage": 20,
      "srcSentenceEA": 4,
      "srcWordEA": 24
    },
    {
      "srcTextID": "1421",
      "srcText": "가족들도 숨죽이며 펠레를 지켜보았어. “내 아들 펠레! 정말 훌륭하구나!” 누가 한 말인 줄 알아?",
      "srcPage": 22,
      "srcSentenceEA": 4,
      "srcWordEA": 16
    },
    {
      "srcTextID": "1424",
      "srcText": "브라질은 1958년 스웨덴 월드컵에서 우승했어. 펠레는 그 뒤에도 아무도 하지 못한 일을 하나씩 해냈지. 가난한 브라질 아이들은 펠레를 보며 꿈을 키웠어. ",
      "srcPage": 24,
      "srcSentenceEA": 3,
      "srcWordEA": 23
    },
    {
      "srcTextID": "1406",
      "srcText": "아빠는 그런 펠레가 얼마나 뿌듯했는지 몰라. 펠레가 멋진 축구 선수가 되기를 진심으로 바랐지. 좋은 축구 선수가 되려면, 첫째, 헤딩을 할 때 눈을 감으면 안 돼! ",
      "srcPage": 7,
      "srcSentenceEA": 3,
      "srcWordEA": 27
    },
    {
      "srcTextID": "1405",
      "srcText": "둘째, 경기장에서는 화를 내면 안 돼! 셋째, 공을 넣으려고 너무 욕심부리면 안 돼! 넷째, 한 발만 써서는 안 돼!  ",
      "srcPage": 8,
      "srcSentenceEA": 3,
      "srcWordEA": 21
    },
    {
      "srcTextID": "1410",
      "srcText": "어느새 펠레는 최고의 공격수가 되었어. 펠레가 이리저리 공을 몰며 쌩쌩 달리면 상대 팀 선수 열 명은 최면에 걸린 사람처럼 꼼짝 못 했지. 남는 건 언제나 골키퍼뿐이었어. 슛, 골! 공은 골대 안으로 쑥 빨려 들어가고는 했지.",
      "srcPage": 11,
      "srcSentenceEA": 5,
      "srcWordEA": 39
    },
    {
      "srcTextID": "1412",
      "srcText": " “말도 안 돼, 저렇게 어린 선수가 국가 대표라고?” “월드컵을 무시하는 거야?” 하지만 펠레는 사람들의 말에 화를 내지 않았어. 경기장에서는 화를 내면 안 돼!",
      "srcPage": 14,
      "srcSentenceEA": 4,
      "srcWordEA": 25
    },
    {
      "srcTextID": "1415",
      "srcText": " 펠레는 가슴이 뛰었어. 세계적인 선수들과 경기하게 되었으니까. 경기가 시작되자 펠레는 요리조리 공을 몰아갔어.",
      "srcPage": 15,
      "srcSentenceEA": 3,
      "srcWordEA": 16
    },
    {
      "srcTextID": "1414",
      "srcText": " 그러자 상대 팀 선수들이 잽싸게 펠레 옆에 달라붙었지. 펠레는 같은 팀 선수에게 재빨리 공을 넘겼어. 그 공을 받은 선수가 슛, 골! 나 혼자 공을 넣으려고 너무 욕심부리면 안 돼!",
      "srcPage": 16,
      "srcSentenceEA": 4,
      "srcWordEA": 33
    },
    {
      "srcTextID": "1417",
      "srcText": "펠레는 누구보다 신나게 경기장을 누볐어. 자기에게 오는 공을 상대 팀에게 뺏기는 법도 없었지. 오른발에서 왼발로, 왼발에서 오른발로.",
      "srcPage": 17,
      "srcSentenceEA": 3,
      "srcWordEA": 19
    },
    {
      "srcTextID": "1419",
      "srcText": " 웨일스하고 시합을 하는 날이야. ‘이번 경기에서 지면 우승은 꿈도 꿀 수 없어.’ 펠레는 이리저리 뛰며 수비수들을 피해 다녔어. ",
      "srcPage": 19,
      "srcSentenceEA": 3,
      "srcWordEA": 21
    },
    {
      "srcTextID": "1418",
      "srcText": " “우아! 저렇게 어린 선수가 월드컵에서 골을 넣다니!” 사람들은 일어서서 경기장이 떠나가라 환호했어. 웨일스는 영국을 이루는 네 개 지역 가운데 하나예요. 보통 월드컵은 국가별로 나오지만 영국은 웨일스, 스코틀랜드, 잉글랜드, 북아일랜드 네 지역으로 참가해요.",
      "srcPage": 21,
      "srcSentenceEA": 4,
      "srcWordEA": 36
    },
    {
      "srcTextID": "1423",
      "srcText": " 수십 년이 흘러도 펠레의 인기는 식을 줄 몰랐지. 펠레의 아빠와 엄마는 언제나 이렇게 말했어. “역시 우리 아들, 펠레야!”",
      "srcPage": 25,
      "srcSentenceEA": 3,
      "srcWordEA": 20
    },
    {
      "srcTextID": "1399",
      "srcText": " 저 튼튼한 다리 좀 봐. 영락없이 축구 선숫감이지. 엄마는 그런 펠레가 못마땅했어. “축구 선수는 무슨! 공부나 열심히 해서 의사가 되어야지.”",
      "srcPage": 2,
      "srcSentenceEA": 5,
      "srcWordEA": 24
    },
    {
      "srcTextID": "1402",
      "srcText": "펠레는 축구가 참말 좋았어. 하루 종일 축구 생각만 하고 눈에 보이는 것은 무엇이든 발로 찼지. 굴러다니는 돌을 톡, 톡! ",
      "srcPage": 3,
      "srcSentenceEA": 3,
      "srcWordEA": 21
    },
    {
      "srcTextID": "1403",
      "srcText": " 열 살이 된 펠레는 친구들과 축구팀을 만들었어. 이 축구팀은 아무것도 가진 게 없었지. 축구공도, 유니폼도, 축구화도 말이야. ",
      "srcPage": 5,
      "srcSentenceEA": 3,
      "srcWordEA": 20
    },
    {
      "srcTextID": "1404",
      "srcText": "하지만 실력만큼은 최고였어. 시합만 했다 하면 승리, 승리, 승리! 그래서 사람들은 이 축구팀을 ‘맨발의 축구팀’이라고 불렀지.",
      "srcPage": 6,
      "srcSentenceEA": 4,
      "srcWordEA": 19
    },
    {
      "srcTextID": "1407",
      "srcText": "하지만 엄마는 여전히 걱정이 많았지. “어휴, 축구에 빠지면 약도 없는데! 펠레! 아빠 말 듣지 말고 공부나 해!”",
      "srcPage": 9,
      "srcSentenceEA": 4,
      "srcWordEA": 19
    },
    {
      "srcTextID": "1416",
      "srcText": "마치 펠레의 다리에 공이 딱 붙어 있는 것만 같았어. 결국 브라질은 러시아를 2 대 0으로 이겼지. 사람들은 모두 펠레에게 빠져들었어. 한 발만 써서는 안 돼!",
      "srcPage": 18,
      "srcSentenceEA": 4,
      "srcWordEA": 28
    },
    {
      "srcTextID": "1422",
      "srcText": "바로, 펠레가 축구하는 걸 반대했던 엄마야. 혹시라도 다칠까 봐 축구를 못 하게 한 거란다. 장한 내 아들!",
      "srcPage": 23,
      "srcSentenceEA": 3,
      "srcWordEA": 19
    }
  ]
}