{
  "title": "표지판 따라 길 따라",
  "author": "정태화",
  "illustrator": "임현진",
  "isbn": "9791128214981",
  "readAge": "초등_고학년",
  "publishedYear": 2018,
  "publisher": "아람북스",
  "classification": "사회관계",
  "paragraphInfoCount": 26,
  "paragraphInfo": [
    {
      "srcTextID": "4877",
      "srcText": "그런데 스위스의 자연이 얼마나 아름다운지, 알몸으로 자연을 느끼려는 사람들이 늘어났대요. 그래서 이런 표지판을 세운 거예요. 와! 동물원이 근처에 있나?",
      "srcPage": 7,
      "srcSentenceEA": 4,
      "srcWordEA": 22
    },
    {
      "srcTextID": "4881",
      "srcText": "코스타리카는 개미들의 천국이기도 해요. 이곳에 사는 잎꾼개미는 1등 농사꾼이에요. 식물의 잎을 날라서 모은 다음, 그 위에 버섯을 키우거든요.",
      "srcPage": 12,
      "srcSentenceEA": 3,
      "srcWordEA": 20
    },
    {
      "srcTextID": "4896",
      "srcText": "여기에 판다가 사나? 아니! 멈춰서 차가 오는지 왼쪽, 오른쪽을 잘 살피라는 뜻이야. 일본은 만화와 애니메이션이 발달한 나라예요.",
      "srcPage": 21,
      "srcSentenceEA": 4,
      "srcWordEA": 20
    },
    {
      "srcTextID": "4895",
      "srcText": "대체 이 표지판들은 어떤 의미지? 프랑스 리옹에 있는 가짜 표지판이야. 예술가들이 도시를 아름답게 하기 위해 그린 것이지.",
      "srcPage": 25,
      "srcSentenceEA": 3,
      "srcWordEA": 19
    },
    {
      "srcTextID": "4882",
      "srcText": "키위는 뉴질랜드를 대표하는 새예요. ‘키위 키위’ 하고 우는 수컷의 울음소리 때문에 붙은 이름이지요. 뉴질랜드 사람들은 스스로를 키위라고 부를 정도로 키위 새를 소중히 여겨요.",
      "srcPage": 10,
      "srcSentenceEA": 4,
      "srcWordEA": 26
    },
    {
      "srcTextID": "4878",
      "srcText": "설마, 개미를 조심하라고? 맞아, 맞아! 개미들이 지나가는 길이니 개미를 밟지 않게 조심하래. 중앙아메리카에 있는 나라인 코스타리카는 땅의 4분의 1 정도를 자연 보호 지역으로 정해서 개미 한 마리까지 보호하려고 노력해요. ",
      "srcPage": 11,
      "srcSentenceEA": 4,
      "srcWordEA": 32
    },
    {
      "srcTextID": "4890",
      "srcText": "이집트는 햇볕이 무척 뜨거워요. 그래서 남자와 여자 모두 헐렁하고 바람이 잘 통하는, 원피스 같은 옷을 입어요. 이 옷을 갈라베야라고 해요.",
      "srcPage": 14,
      "srcSentenceEA": 3,
      "srcWordEA": 22
    },
    {
      "srcTextID": "4887",
      "srcText": "알제리를 비롯해 이슬람교를 믿는 나라에서는 옷을 입을 때 조심해야 해요. 알제리는 다른 이슬람교 나라에 비해 옷차림에 덜 엄격한 편이지만, 그래도 사람들이 짧은 옷을 입고 다니지는 않아요. 자리를 양보하라는 뜻 같은데?",
      "srcPage": 16,
      "srcSentenceEA": 3,
      "srcWordEA": 32
    },
    {
      "srcTextID": "4891",
      "srcText": "타이 사람들은 스님을 존경해요. 누구나 스님을 만나면 정중히 인사를 하고, 집 안에도 스님 사진을 걸어 놓을 정도지요. 누가 돌에다 낙서를 했나 봐?",
      "srcPage": 19,
      "srcSentenceEA": 3,
      "srcWordEA": 24
    },
    {
      "srcTextID": "4893",
      "srcText": "그래서인지 재미있는 캐릭터가 그려진 표지판들을 볼 수 있어요. 횡단보도 위에 재미있는 표지판이 그려진 곳도 있어요. 외국 사람들은 빨리 알아채기 어렵지만, 그림을 잘 보면 이해할 수 있지요. ",
      "srcPage": 22,
      "srcSentenceEA": 3,
      "srcWordEA": 28
    },
    {
      "srcTextID": "4880",
      "srcText": "옷을 홀딱 벗으라는 건가? 아니면 산속에 목욕탕이 있나? 아니! 옷을 벗고 하이킹을 하면 절대 안 된다는 뜻이야. ",
      "srcPage": 5,
      "srcSentenceEA": 4,
      "srcWordEA": 20
    },
    {
      "srcTextID": "4889",
      "srcText": "여자들만 다니는 길인가? 아니, 아니! 그냥 평범한 횡단보도 표시야. 치마처럼 보이는 옷은 갈라베야라고 해. ",
      "srcPage": 13,
      "srcSentenceEA": 4,
      "srcWordEA": 17
    },
    {
      "srcTextID": "4874",
      "srcText": "가자, 가자! 신나는 세계 여행! 길을 몰라도 괜찮아. 표지판만 따라가면 되니까! ",
      "srcPage": 1,
      "srcSentenceEA": 4,
      "srcWordEA": 14
    },
    {
      "srcTextID": "4876",
      "srcText": "엥? 길이 막혔다고? 아니, 아니! 독일의 자동차 전용 고속 도로인 아우토반이야. 아우토반은 1932년 쾰른과 본 사이에 처음 만들어졌어요. 아무리 빨리 달려도 상관없다고 알려져 있지만, 사실 속도 제한이 있는 곳도 있어요. ",
      "srcPage": 2,
      "srcSentenceEA": 5,
      "srcWordEA": 35
    },
    {
      "srcTextID": "4875",
      "srcText": "동그라미가 왜 이렇게 많아? 아하! 동그라미처럼 빙빙 돌라는 건가 보다. 아니, 아니! 이건 환경 보호 구역 표시야.",
      "srcPage": 3,
      "srcSentenceEA": 5,
      "srcWordEA": 21
    },
    {
      "srcTextID": "4873",
      "srcText": " 오염 물질이 많이 나오는 자동차는 다닐 수 없어. 독일은 환경 보호를 똑소리 나게 하는 나라예요. Umwelt는 독일어로 ‘환경’이라는 뜻인데, 이 표지판이 있는 곳은 아무 차나 다닐 수 없어요.  오염 물질이 나오는 정도에 따라 빨강, 노랑, 초록 스티커를 붙이고 허가받은 차들만 다닐 수 있지요.",
      "srcPage": 4,
      "srcSentenceEA": 5,
      "srcWordEA": 49
    },
    {
      "srcTextID": "4884",
      "srcText": "하이킹은 걸어서 여행하는 거예요. 스위스에는 자연 속에서 하이킹을 할 수 있는 코스가 많아요. 하이킹 코스를 다 합하면 지구를 1바퀴 돌고도 남을 정도지요.",
      "srcPage": 6,
      "srcSentenceEA": 3,
      "srcWordEA": 24
    },
    {
      "srcTextID": "4879",
      "srcText": "아니, 아니! 에뮤가 차에 치여 쓰러지지 않게 조심하라는 뜻이야. 오스트레일리아는 동물을 아끼고 사랑하는 나라예요. 그래서 앞으로 몇 킬로미터를 더 가면 동물이 갑자기 나타날 수 있으니 조심하라는 도로 표지판을 곳곳에 세워 두었어요.",
      "srcPage": 8,
      "srcSentenceEA": 4,
      "srcWordEA": 34
    },
    {
      "srcTextID": "4883",
      "srcText": "표지판 속에 그려진 에뮤는 오스트레일리아를 대표하는 새로, 이 나라에만 살아요. 새랑 같이 먹이를 찾아보자고? 아니, 아니! 키위가 나타날 수 있으니 조심조심 운전하라는 뜻이야.",
      "srcPage": 9,
      "srcSentenceEA": 4,
      "srcWordEA": 26
    },
    {
      "srcTextID": "4885",
      "srcText": "갈라베야의 색깔은 순결과 깨끗함을 상징하는 하양 또는 힘과 인내를 상징하는 검정이 많아요. 두 명이 함께 다니면 안 되나? 아니, 아니! 짧은 옷을 입은 사람은 이곳을 다닐 수 없다는 뜻이야. ",
      "srcPage": 15,
      "srcSentenceEA": 4,
      "srcWordEA": 32
    },
    {
      "srcTextID": "4888",
      "srcText": "어린이, 임산부, 노인. 그런데 주황 옷을 입은 사람은 건강해 보이니까 양보할 필요 없겠지? 아니, 아니! 주황 옷을 입은 사람은 스님이야.",
      "srcPage": 17,
      "srcSentenceEA": 4,
      "srcWordEA": 23
    },
    {
      "srcTextID": "4892",
      "srcText": "타이에서는 스님에게도 자리를 양보해. 타이는 불교의 나라예요. 그래서 공공장소에서 스님에게도 자리를 양보해야 하지요.",
      "srcPage": 18,
      "srcSentenceEA": 3,
      "srcWordEA": 15
    },
    {
      "srcTextID": "4886",
      "srcText": "아니, 아니! 사향노루를 보호하라는 뜻이야. 네팔의 시골에서는 표지판을 보기 어려워요. 표지판 대신 돌에 글씨를 쓰거나 그림을 그려서 필요한 내용을 알리지요. ",
      "srcPage": 20,
      "srcSentenceEA": 4,
      "srcWordEA": 23
    },
    {
      "srcTextID": "4894",
      "srcText": "네가 그리고 싶은 표지판은 뭐야? 프랑스 리옹에 가면 거리 곳곳을 잘 살펴보는 것이 좋아요. 표지판처럼 보이지만 표지판이 아닌, 멋진 예술 작품을 볼 수도 있거든요. 미술관을 찾아가지 않아도, 생활 속에서 예술 작품을 만날 수 있어요.",
      "srcPage": 26,
      "srcSentenceEA": 4,
      "srcWordEA": 37
    },
    {
      "srcTextID": "4897",
      "srcText": "위험하니까 자전거를 타지 말라는 건가? 아니, 아니! 이 길에서는 자전거가 주인이고, 자동차는 손님이야! 네덜란드는 풍차와 튤립의 나라로 잘 알려져 있는데, 자전거의 나라이기도 해요.",
      "srcPage": 23,
      "srcSentenceEA": 4,
      "srcWordEA": 26
    },
    {
      "srcTextID": "4898",
      "srcText": "집마다 식구 수만큼 자전거가 있을 정도예요. 늘 자전거가 자동차보다 우선이라서 자전거 전용 신호등도 있어요. 그리고 초등학교에는 자전거를 배우는 수업 시간이 따로 있고, 초등학교를 졸업할 때 자전거 능력 시험을 보아야 해요. ",
      "srcPage": 24,
      "srcSentenceEA": 3,
      "srcWordEA": 32
    }
  ]
}