{
  "title": "난쟁이와 용감한 형제",
  "author": "신현경",
  "illustrator": "곽진영",
  "isbn": "9791165433734",
  "readAge": "초등_고학년",
  "publishedYear": 2021,
  "publisher": "아람키즈",
  "classification": "사회관계",
  "paragraphInfoCount": 17,
  "paragraphInfo": [
    {
      "srcTextID": "9965",
      "srcText": "토끼귀의 말에 레오가 말했어. “미안하다고 말하면 돼요!” 그러자 토끼귀가 말했지. “숲을 우리만 차지해서 미, 미안하다.”",
      "srcPage": 17,
      "srcSentenceEA": 4,
      "srcWordEA": 16
    },
    {
      "srcTextID": "9955",
      "srcText": " 토끼귀가 귀를 쫑긋 세우자, 레오가 이어서 말했어. “예전에 큰비가 엄청나게 쏟아져 강물이 넘치고 산사태가 난 적이 있었어요. 만약 큰비가 내리면 이 동굴로 피하세요.” 소나기가 그치자, 형제는 마을로 내려왔어. ",
      "srcPage": 9,
      "srcSentenceEA": 4,
      "srcWordEA": 31
    },
    {
      "srcTextID": "9954",
      "srcText": "레오는 새총을 꺼내 뱀에게 쏘았어. 그러자 뱀은 풀숲으로 달아났고, 난쟁이도 깜짝 놀라 일어났어. “내 이름은 토끼귀다. 날 구해 주었으니 바라는 걸 말해라.” ",
      "srcPage": 7,
      "srcSentenceEA": 4,
      "srcWordEA": 24
    },
    {
      "srcTextID": "9956",
      "srcText": "그런데 갑자기 비가 후드득후드득 내리기 시작했어. 셋은 비밀 동굴 안으로 몸을 피했지. 동굴 밖을 내다보고 에릭이 말했어. “소나기니까 곧 멈출 거예요. 하지만 여름에는 큰비가 쏟아질 거예요.”",
      "srcPage": 8,
      "srcSentenceEA": 5,
      "srcWordEA": 29
    },
    {
      "srcTextID": "9959",
      "srcText": "며칠 뒤, 마을이 무척 소란스러웠어. 난쟁이들이 마을로 내려왔거든. “여긴 왜 온 거야! 당장 우리 마을에서 나가!” ",
      "srcPage": 11,
      "srcSentenceEA": 4,
      "srcWordEA": 18
    },
    {
      "srcTextID": "9960",
      "srcText": "“난쟁이들 때문에 우리는 숲속의 사과도 못 먹었잖아.” “사과도 하지 않고, 어물쩍 넘어가려고 하다니!” 결국, 어른들은 화를 내며 마을로 돌아갔고, 난쟁이들도 숲으로 돌아갔어. ",
      "srcPage": 14,
      "srcSentenceEA": 3,
      "srcWordEA": 23
    },
    {
      "srcTextID": "9950",
      "srcText": "레오와 에릭은 무척 속상했어. 숲에는 둘만 알고 있는 비밀 동굴이 있었는데 난쟁이들 때문에 그곳에서 놀 수 없게 되었거든. 봄이 되자, 숲에 사과꽃이 활짝 피었어. ",
      "srcPage": 3,
      "srcSentenceEA": 3,
      "srcWordEA": 26
    },
    {
      "srcTextID": "9949",
      "srcText": " 레오와 에릭은 더는 참을 수가 없었어. “비밀 동굴에 가서 놀고 싶어!” “난쟁이들쯤은 하나도 안 무서워!”",
      "srcPage": 4,
      "srcSentenceEA": 3,
      "srcWordEA": 16
    },
    {
      "srcTextID": "9951",
      "srcText": "그런데 동굴 앞에는 난쟁이 한 명이 졸고 있었어. 레오와 에릭은 어쩌지 못하고 서성거렸지. 그때 뱀 한 마리가 난쟁이에게 기어갔어. ",
      "srcPage": 6,
      "srcSentenceEA": 3,
      "srcWordEA": 21
    },
    {
      "srcTextID": "9947",
      "srcText": "레오, 에릭 형제가 사는 마을에는 놀이터가 없었어. 그래도 심심하지 않았어. 사과나무가 가득한 숲이 있었거든.",
      "srcPage": 1,
      "srcSentenceEA": 3,
      "srcWordEA": 16
    },
    {
      "srcTextID": "9948",
      "srcText": "봄, 여름, 가을, 겨울 언제나 숲에서 재미있게 놀았어. 그런데 이제 숲에 얼씬도 못 하게 되었어. 난쟁이들 때문이었지. 어느 날, 난쟁이들이 숲에 나타나 울타리를 치고, 사람들에게 겁을 주기 시작했어.  ",
      "srcPage": 2,
      "srcSentenceEA": 4,
      "srcWordEA": 31
    },
    {
      "srcTextID": "9952",
      "srcText": "레오와 에릭은 새총을 들고 집을 나섰어. 가슴이 두근두근, 모험을 떠나는 기분이었지. 레오와 에릭은 비밀 동굴로 갔어.",
      "srcPage": 5,
      "srcSentenceEA": 3,
      "srcWordEA": 18
    },
    {
      "srcTextID": "9958",
      "srcText": "마을 어른들이 화를 내자, 토끼귀가 나서서 말했어. “지난번 큰비가 내렸을 때, 아이들이 알려 준 동굴 덕분에 무사할 수 있었다. 그래서 아이들을 위해 놀이터를 만들었다.” ",
      "srcPage": 12,
      "srcSentenceEA": 3,
      "srcWordEA": 25
    },
    {
      "srcTextID": "9957",
      "srcText": "무더운 여름의 어느 날, 큰비가 쏟아지기 시작했어. 비가 내린 지 사흘째 되는 밤, 우르릉 소리가 땅을 흔들었어. “산사태가 났나 봐!” “난쟁이들은 어떻게 되었을까?” 레오와 에릭은 토끼귀와 다른 난쟁이들이 무척 걱정되었어.",
      "srcPage": 10,
      "srcSentenceEA": 5,
      "srcWordEA": 32
    },
    {
      "srcTextID": "9961",
      "srcText": "아이들은 신나서 놀이터로 달려갔어. 하지만 어른들은 못마땅한 얼굴이었지. “난쟁이들 때문에 땔감을 구하지 못해 얼마나 고생했는데.” ",
      "srcPage": 13,
      "srcSentenceEA": 3,
      "srcWordEA": 16
    },
    {
      "srcTextID": "9963",
      "srcText": "열흘 뒤 전보다 더 큰비가 내렸어. “강물이 엄청 불어났어요! 밭이 물에 잠길 것 같아요!” 마을 사람들은 허겁지겁 강가로 달려갔어.",
      "srcPage": 15,
      "srcSentenceEA": 4,
      "srcWordEA": 21
    },
    {
      "srcTextID": "9964",
      "srcText": "마을 대표인 에릭의 할아버지가 먼저 입을 열었어. “음, 놀이터를 만들어 주고, 둑을 쌓아 주어 고맙네.” “우린 사과하는 방법을 몰라서 놀이터와 둑으로 대신했던 거다.”",
      "srcPage": 16,
      "srcSentenceEA": 3,
      "srcWordEA": 23
    }
  ]
}