{
  "title": "악당에서 탈출하기 ",
  "author": "조은경",
  "illustrator": "정인성",
  "isbn": "9791165957384",
  "readAge": "초등_고학년",
  "publishedYear": 2023,
  "publisher": "아람북스",
  "classification": "사회관계",
  "paragraphInfoCount": 21,
  "paragraphInfo": [
    {
      "srcTextID": "4071",
      "srcText": " “그러게 말이야. 나만 보면 다들 도망가더라고!” “나는 어떻고? 게으른 흥부는 좋아하고, 열심히 일하는 나만 미워해!” “나야말로 아껴 가며 돈을 모았을 뿐인데.” 모두 목소리를 높였어요. ",
      "srcPage": 2,
      "srcSentenceEA": 6,
      "srcWordEA": 27
    },
    {
      "srcTextID": "4074",
      "srcText": "갑자기 후크 선장이 벌떡 일어섰어요. 우리가 나쁜 사람들이 아니란 걸 보여 주자! 돈을 모아서 좋은 일을 하는 거야. 어때?",
      "srcPage": 3,
      "srcSentenceEA": 4,
      "srcWordEA": 22
    },
    {
      "srcTextID": "4073",
      "srcText": " 하지만 스크루지와 놀부는 고개를 저었어요. “난 돈 한 푼 없다고.” “나도 도깨비들한테 다 빼앗겼는걸.” 모두가 한숨을 쉬었어요. ",
      "srcPage": 4,
      "srcSentenceEA": 4,
      "srcWordEA": 19
    },
    {
      "srcTextID": "4076",
      "srcText": "그때 놀부의 배에서 꼬르륵 소리가 났어요. 그러자 팥쥐 엄마가 집에서 가져온 김밥을 꺼냈지요.  자, 자, 내가 김밥을 싸 왔으니 우선 점심이나 먹고 생각하자고.",
      "srcPage": 5,
      "srcSentenceEA": 3,
      "srcWordEA": 26
    },
    {
      "srcTextID": "4081",
      "srcText": "이렇게 해서 회사를 이끄는 일은 후크 선장이, 김밥 만드는 일은 팥쥐 엄마가, 수입과 지출을 셈하는 일은 스크루지가 하기로 했어요. 놀부는 발끈했어요. “난 뭐야? 다들 맡은 일이 있는데 나만 없잖아.” “김밥을 팔아야지. 넌 욕심이 많으니까 김밥도 많이 팔 수 있을 거야.” 그래서 김밥 파는 일은 놀부가 맡기로 했지요.",
      "srcPage": 10,
      "srcSentenceEA": 7,
      "srcWordEA": 51
    },
    {
      "srcTextID": "4082",
      "srcText": "김밥은 날개 돋친 듯 팔려 나갔어요. 해적선 앞은 김밥을 사려는 사람들로 가득했지요. 팥쥐 엄마는 김밥을 만드느라 팔이 아팠고, 놀부는 김밥을 파느라 눈코 뜰 새 없었어요. 스크루지도 계산을 하느라 손가락에 쥐가 날 정도였지요. ",
      "srcPage": 11,
      "srcSentenceEA": 4,
      "srcWordEA": 35
    },
    {
      "srcTextID": "4084",
      "srcText": "사람들이 모두 거기로 간다고! 놀부가 길 건너편을 가리키며 말했어요. “우리 김밥이랑 뭐가 다른지 알아보자!”",
      "srcPage": 14,
      "srcSentenceEA": 3,
      "srcWordEA": 15
    },
    {
      "srcTextID": "4087",
      "srcText": "모두가 기운이 쏙 빠졌어요. “좋은 수가 없을까?” 후크 선장이 답답한 듯 물었어요. ",
      "srcPage": 15,
      "srcSentenceEA": 3,
      "srcWordEA": 13
    },
    {
      "srcTextID": "4086",
      "srcText": " “아, 이웃 마을 막내며느리가 지혜롭다고 소문이 났지?” “맞아! 그 막내며느리를 우리 회사로 데려와야겠어!” 이렇게 해서 막내며느리는 해적선에서 함께 일하게 되었어요. 김밥이 잘 팔리도록 기획하는 일을 맡게 되었지요. ",
      "srcPage": 16,
      "srcSentenceEA": 4,
      "srcWordEA": 30
    },
    {
      "srcTextID": "4088",
      "srcText": "김밥을 새롭게 바꿨는데도 손님이 왜 안 오지? 놀부가 투덜거렸어요. “광고를 하면 사람들이 새 김밥을 사러 올 거예요.” 그러면서 막내며느리가 또 다른 방법을 생각해 냈지요. “김밥을 다섯 줄 이상 사는 사람에게는 500원을 깎아 주기로 해요.”",
      "srcPage": 18,
      "srcSentenceEA": 5,
      "srcWordEA": 36
    },
    {
      "srcTextID": "4090",
      "srcText": "놀부는 광고지를 들고 이 골목 저 골목을 뛰어다녔어요. “별 김밥! 꽃 김밥! 세상에서 가장 맛있고 모양 좋은 김밥이 새로 나왔어요!” 놀부는 너무 외쳐서 목이 아플 정도였지요. ",
      "srcPage": 19,
      "srcSentenceEA": 5,
      "srcWordEA": 29
    },
    {
      "srcTextID": "4091",
      "srcText": "다음 날부터 별 김밥, 꽃 김밥은 불티나게 팔렸어요. 너무 바빠 쉴 틈도 없었지만 다들 기쁘고 즐거웠지요. 월급날이 돌아오면 더욱더 행복했어요. 딱 한 사람, 스크루지만 빼고 말이에요. 월급을 계산하느라 무지 바빴거든요.!",
      "srcPage": 20,
      "srcSentenceEA": 5,
      "srcWordEA": 34
    },
    {
      "srcTextID": "4092",
      "srcText": " “후크 선장의 보물과 해적선도 큰 몫을 했어.” “맞아, 맞아. 우리 모두 잘한 거야.” 스크루지의 말에 모두 활짝 웃었어요.",
      "srcPage": 22,
      "srcSentenceEA": 4,
      "srcWordEA": 20
    },
    {
      "srcTextID": "4096",
      "srcText": "김밥 회사는 점점 더 커지고 수입도 늘어났어요. 마침내 벌어들인 돈으로 가난한 사람들을 도울 수 있었지요. 사람들은 이제 악당들을 욕하기는커녕, 입을 모아 칭찬했어요. ",
      "srcPage": 23,
      "srcSentenceEA": 3,
      "srcWordEA": 24
    },
    {
      "srcTextID": "4095",
      "srcText": "“글쎄, 아이들이 나더러 착하고 멋진 놀부래. 으하하!” “잘됐다, 놀부야! 나도 착해졌다고 칭찬을 받았는데.” 다들 좋은 일을 해서 무척 행복해했어요.",
      "srcPage": 24,
      "srcSentenceEA": 5,
      "srcWordEA": 22
    },
    {
      "srcTextID": "4077",
      "srcText": "이렇게 맛있는 김밥을 먹어 본 적 있어? 없지, 팥쥐 엄마가 만든 김밥은 최고야. 최고! 놀부가 김밥을  우걱우걱 먹으며 맞장구쳤어요. ",
      "srcPage": 6,
      "srcSentenceEA": 4,
      "srcWordEA": 23
    },
    {
      "srcTextID": "4079",
      "srcText": "김밥 만드는 것 하나는 자신 있지. 그런데 재료는 무슨 돈으로 사고, 또 어디서 만들어?” 팥쥐 엄마의 말에 후크 선장이 한참 생각하더니 벽장에서 보물 상자를 꺼내 왔어요. ",
      "srcPage": 7,
      "srcSentenceEA": 3,
      "srcWordEA": 28
    },
    {
      "srcTextID": "4078",
      "srcText": " 김밥 재료는 이 보물을 팔아서 사고, 김밥은 이 해적선에서 만들기로 하지. 대신 내가 김밥 회사의 주인이 되는 거야. 그럼 우린? 너희들은 일을 하면 돼. ",
      "srcPage": 8,
      "srcSentenceEA": 4,
      "srcWordEA": 28
    },
    {
      "srcTextID": "4080",
      "srcText": "내가 월급을 줄 테니까. 주인이 좀 맘에 안 들긴 하지만, 괜찮은 생각이야. 스크루지가 말했어요. 월급도 준다 하니 손해 보는 것 같진 않네. 그럼 해 볼까? 모두가 후크 선장의 뜻을 따르기로 했어요.",
      "srcPage": 9,
      "srcSentenceEA": 6,
      "srcWordEA": 36
    },
    {
      "srcTextID": "4083",
      "srcText": "며칠이 지나자 이상한 일이 생겼어요. 구름처럼 몰려들던 손님이 뚝 끊겼지요. 도대체 이유가 뭐지? ",
      "srcPage": 12,
      "srcSentenceEA": 3,
      "srcWordEA": 15
    },
    {
      "srcTextID": "4089",
      "srcText": "별 모양, 꽃 모양 김밥을 만드는 게 어떨까요? 맛도 중요하지만 모양을 예쁘게 하면 훨씬 잘 팔릴 거예요.” 막내며느리가 좋은 방법을 생각해 내자 다들 손뼉을 치며 기뻐했어요. 그런데 찾아오는 손님은 여전히 없었어요.",
      "srcPage": 17,
      "srcSentenceEA": 4,
      "srcWordEA": 34
    }
  ]
}