{
  "title": "안경잡이 임금님",
  "author": "박혜수",
  "illustrator": "최철민",
  "isbn": "9791165956202",
  "readAge": "초등_고학년",
  "publishedYear": 2022,
  "publisher": "아람북스",
  "classification": "사회관계",
  "paragraphInfoCount": 16,
  "paragraphInfo": [
    {
      "srcTextID": "6058",
      "srcText": "‘오호, 이렇게 뛰어난 인재가 있다니!’ 정조는 비슷비슷한 답안지들 사이에서 뛰어난 답안지를 발견하고 무척 기뻐했어. 바로 스물두 살의 정약용이 낸 답안지였지.",
      "srcPage": 8,
      "srcSentenceEA": 3,
      "srcWordEA": 22
    },
    {
      "srcTextID": "6059",
      "srcText": "그 뒤로 관직에 오른 정약용은 규장각에서 일하며 정조와 많은 일을 함께했어. 소과. 조선 시대 과거 시험 중에 생원, 진사를 뽑는 시험이에요. 소과에 합격해야 대과를 보고 관직에 오를 수 있었어요. 전하, 무슨 고민이라도 있으십니까?",
      "srcPage": 9,
      "srcSentenceEA": 5,
      "srcWordEA": 37
    },
    {
      "srcTextID": "6061",
      "srcText": "‘함부로 나섰다간 큰코다치겠군.’ 결국 반대만 일삼던 신하들도 몸을 낮추게 되었지. 우린 조용히 있어야겠어. 임금님은 우리가 지킨다!",
      "srcPage": 11,
      "srcSentenceEA": 4,
      "srcWordEA": 19
    },
    {
      "srcTextID": "6065",
      "srcText": "백성들이 힘들지 않게 일할 수 있도록 말이야. 그리고 마침내 거중기를 만들었지. “무거운 것을 들어 올리는 기계이옵니다.”",
      "srcPage": 13,
      "srcSentenceEA": 3,
      "srcWordEA": 17
    },
    {
      "srcTextID": "6064",
      "srcText": "“오호, 힘도 덜 들고 시간도 덜 들겠구먼.” 정조의 눈이 반짝 빛났어. 오, 정말 획기적인 기계로구나!",
      "srcPage": 14,
      "srcSentenceEA": 3,
      "srcWordEA": 17
    },
    {
      "srcTextID": "6069",
      "srcText": "“아아, 피곤하구나.” 정조는 안경을 벗어 책상 위에 놓고는 기지개를 쭉 켰어. 궁궐로 돌아온 정조는 다시 열심히 일하고 책을 읽었지. 살기 좋은 나라를 만들기 위해서는 게으름을 피울 틈이 없었거든.",
      "srcPage": 15,
      "srcSentenceEA": 4,
      "srcWordEA": 31
    },
    {
      "srcTextID": "6062",
      "srcText": "그러자 신하들은 반대를 했고, 심지어 정약용조차 달갑지 않게 생각했어. 하지만 정조는 뜻을 굽히지 않고 밀어붙였어. 왕이 뜻을 펼치려면 힘이 있어야 한다고 생각한 거야.",
      "srcPage": 10,
      "srcSentenceEA": 3,
      "srcWordEA": 25
    },
    {
      "srcTextID": "6066",
      "srcText": "화성을 짓는 건 쉬운 일이 아니었어. 가장 큰 문제는 무거운 돌을 쌓는 일이었지. 화성 짓는 일을 맡은 정약용은 끊임없이 노력했어.",
      "srcPage": 12,
      "srcSentenceEA": 3,
      "srcWordEA": 22
    },
    {
      "srcTextID": "6051",
      "srcText": "“난 사도세자의 아들이오!” 젊은 임금 정조의 말에 신하들이 움찔했어. 그 신하들은 정조의 아버지인 사도세자를 죽게 만든 사람들이었거든.",
      "srcPage": 1,
      "srcSentenceEA": 3,
      "srcWordEA": 19
    },
    {
      "srcTextID": "6050",
      "srcText": "“하지만 지난 일은 묻지도 따지지도 않겠소.” 신하들은 그제야 후유, 숨을 내쉬었어. 사도세자. 조선 영조의 아들이자 정조의 아버지예요.",
      "srcPage": 2,
      "srcSentenceEA": 4,
      "srcWordEA": 20
    },
    {
      "srcTextID": "6052",
      "srcText": "노론의 해코지로 아버지인 영조의 미움을 사 뒤주에 갇혀 죽음을 맞이했어요. 지난 일은 묻어 두겠소! 휴, 괜히 마음을 졸였나 봐. 그래도 조심해야겠군.",
      "srcPage": 3,
      "srcSentenceEA": 4,
      "srcWordEA": 24
    },
    {
      "srcTextID": "6053",
      "srcText": "“앞으로는 관리를 뽑을 때 출신도 부모도 묻지 않을 것이오.” 신하들이 술렁였어. “그럼, 서얼에게도 벼슬을 내리시겠다고요?” “아니 되옵니다!” 이러쿵저러쿵 반대가 많았지만, 정조는 꿈쩍도 하지 않았어. “서얼도 조선의 백성이오.”",
      "srcPage": 4,
      "srcSentenceEA": 6,
      "srcWordEA": 29
    },
    {
      "srcTextID": "6056",
      "srcText": "신하들이 쿵덕쿵덕 입방아를 찧었어. 정조는 골똘히 생각에 잠겼어. ‘신하들의 힘을 꺾지 않으면 왕실이 위험하겠구나.’",
      "srcPage": 5,
      "srcSentenceEA": 3,
      "srcWordEA": 16
    },
    {
      "srcTextID": "6054",
      "srcText": "정조는 정약용을 만나러 규장각으로 갔어. 규장각. 정조 때 만든 왕실 도서관이자 학문을 연구하던 곳이에요. 이대로 있다가는 왕실이 위험해지겠군.",
      "srcPage": 6,
      "srcSentenceEA": 4,
      "srcWordEA": 21
    },
    {
      "srcTextID": "6060",
      "srcText": "정조는 정약용을 굳게 믿고 아꼈어. 정약용이 아직 성균관 유생일 때였지. 소과 시험이 열리자 많은 유생들이 시험에 참가했어.",
      "srcPage": 7,
      "srcSentenceEA": 3,
      "srcWordEA": 19
    },
    {
      "srcTextID": "146885",
      "srcText": "안녕, 난 조선의 제22대 왕 정조야. 아버지 사도세자가 억울하게 세상을 떠나신 뒤 난 할아버지인 영조 임금 밑에서 자랐어. 그리고 할아버지의 뒤를 이어 왕이 되었지. 하지만 힘 있는 신하들은 내 편이 아니었어. 그래서 난 나와 뜻을 함께할 인재들을 길러 내기로 했지. 덕분에 난 마음이 맞는 신하들과 함께 조선의 낡은 제도들을 고쳐 나갈 수 있었어. 못마땅해하는 신하들도 있었지만 난 그런 신하들도 너그럽게 품어 주었어. 그래야 살기 좋은 나라를 만들 수 있기 때문이지. 1789년 현륭원에서 정조.",
      "srcPage": 16,
      "srcSentenceEA": 9,
      "srcWordEA": 81
    }
  ]
}