{
  "title": "톡톡 튀는 별별 직업",
  "author": "이선아, 하늘땅",
  "illustrator": "장은주",
  "isbn": "9791128221156",
  "readAge": "초등_고학년",
  "publishedYear": 2018,
  "publisher": "아람북스",
  "classification": "사회관계",
  "paragraphInfoCount": 32,
  "paragraphInfo": [
    {
      "srcTextID": "2657",
      "srcText": "사람들 사이를 가깝게 이어 주는 별별 직업 세상에는 많은 사람들이 있어. 조금씩 다른 사람들의 사이를 이어서 함께 행복할 수 있도록 도와주는 직업이 있지. 사람들 사이를 가깝게 이어 주는 별별 직업을 알려 줄게.",
      "srcPage": 17,
      "srcSentenceEA": 3,
      "srcWordEA": 34
    },
    {
      "srcTextID": "2638",
      "srcText": "미래를 이끌어 갈 최첨단 별별 직업 사람 없이도 자동차가 알아서 길을 가고, 의사 대신 로봇이 아픈 사람을 치료해. 병원에 가지 않아도 휴대전화 하나로 건강을 확인할 수 있어. 옛날에는 상상만 했던 일들이지.",
      "srcPage": 1,
      "srcSentenceEA": 3,
      "srcWordEA": 33
    },
    {
      "srcTextID": "2642",
      "srcText": "예를 들어 엄마들이 인터넷에서 가장 많이 검색하는 단어가 무엇인지 찾고 그에게 맞는 상품을 내놓는 식이야. 뭐든 꼬치꼬치 파헤치는 걸 좋아하는 너라면 빅데이터 분석가가 될 만해! 폐기물 에너지화 연구원 폐기물 에너지화 연구원은 쓰레기를 에너지로 만드는 연구를 해. 버려지는 기름으로 새 기름을 만들거나 쓰레기가 탈 때 나오는 가스를 에너지로 쓸 수 있게 만들지. 지구를 지키고 싶은 너라면 폐기물 에너지화 연구원이 될 만해!",
      "srcPage": 5,
      "srcSentenceEA": 5,
      "srcWordEA": 64
    },
    {
      "srcTextID": "2646",
      "srcText": "사람들을 행복하게 만들어 주는 별별 직업. 사람들은 누구나 행복하게 살고 싶어 해. 몸과 마음이 건강하고, 여유를 즐길 수 있어야 행복하게 살 수 있지. 사람들이 행복해지는 걸 도와주는 별별 직업을 알려 줄게.",
      "srcPage": 9,
      "srcSentenceEA": 4,
      "srcWordEA": 34
    },
    {
      "srcTextID": "2648",
      "srcText": "정리 수납 컨설턴트 물건이 제대로 정리되어 있으면 손쉽게 찾을 수 있어. 정리 수납 컨설턴트는 물건을 정리해 주는 사람이야. 장소와 쓰임새에 따라 물건을 나누고, 수납 용기에 이름표를 붙여 어떤 물건이 어디에 있는지 한눈에 알 수 있게 해. ",
      "srcPage": 11,
      "srcSentenceEA": 3,
      "srcWordEA": 38
    },
    {
      "srcTextID": "2665",
      "srcText": "의료 관광 코디네이터 우리나라의 의료 기술 수준은 아주 높아. 그래서 우리나라에서 치료받고 싶어 하는 외국 사람들이 많지. 의료 관광 코디네이터는 외국인 환자와 우리나라 병원을 연결해 주는 사람이야.",
      "srcPage": 22,
      "srcSentenceEA": 3,
      "srcWordEA": 29
    },
    {
      "srcTextID": "2664",
      "srcText": "외국인 환자들이 편리하게 치료받게 하고, 우리나라를 여행할 수 있도록 돕기도 해. 외국인에게 친절히 길을 안내하는 너라면 의료 관광 코디네이터가 될 만해! 재능 기부 코디네이터 세상에는 특별한 재능을 가진 사람들이 많아.",
      "srcPage": 23,
      "srcSentenceEA": 3,
      "srcWordEA": 32
    },
    {
      "srcTextID": "2674",
      "srcText": "반려동물 옷 디자이너 요즘에는 자신이 키우는 반려동물에게 남들과 다른 옷을 입히고 싶은 사람들이 늘고 있어. 반려동물 옷 디자이너는 반려동물이 입는 옷을 디자인하는 사람이야. 사람의 옷을 만드는 과정과 크게 다르지 않지만, 털이 많고 물어뜯는 걸 좋아하는 동물들의 특징을 고려해야 해. 동물을 좋아하는 너라면 반려동물 옷 디자이너가 될 만해!",
      "srcPage": 29,
      "srcSentenceEA": 4,
      "srcWordEA": 50
    },
    {
      "srcTextID": "2679",
      "srcText": "마음에 드는 색깔이 없을 때는 색과 색을 섞어 새로운 색을 만들어 내기도 해. 색칠 공부를 좋아하는 너라면 컬러리스트가 될 만해! 네이미스트 이름은 사람만 갖고 있는 게 아니야. ",
      "srcPage": 31,
      "srcSentenceEA": 3,
      "srcWordEA": 29
    },
    {
      "srcTextID": "2651",
      "srcText": "꽃 가꾸기를 좋아하는 너라면 원예 치료사가 될 만해! 몸과 마음을 치유해 주고 싶다면 이런 직업도 있어! 독서 치료사 책으로 마음의 병을 고치는 사람이야. ",
      "srcPage": 14,
      "srcSentenceEA": 3,
      "srcWordEA": 25
    },
    {
      "srcTextID": "2653",
      "srcText": "의사가 병에 맞는 약을 처방하듯이 독서 치료사는 알맞은 책을 처방하지. 책을 직접 읽어 주기도 하고 책 내용에 대한 이야기를 나누기도 해. 미술 치료사 그림으로 마음의 병을 고치는 사람이야. ",
      "srcPage": 15,
      "srcSentenceEA": 3,
      "srcWordEA": 30
    },
    {
      "srcTextID": "2650",
      "srcText": "같이 그림을 그리거나 만들기를 하면서 마음에 어떤 문제가 있는지 찾아내. 말이나 글로는 표현하기 힘든 것도 그림에는 잘 나타나거든. 여러 그림을 그리면서 나쁜 감정이나 스트레스를 풀어 주지. 놀이 치료사 놀이로 아이들의 마음을 치유하는 사람이야. 친구 사귀는 게 힘들거나 유치원에 가기 싫어하는 아이들은 마음이 아픈 경우가 많은데, 놀이를 하면서 건강한 마음을 되찾게 도와주지.",
      "srcPage": 16,
      "srcSentenceEA": 5,
      "srcWordEA": 55
    },
    {
      "srcTextID": "2660",
      "srcText": "말과 글만 가르치는 것이 아니라 우리나라 문화도 함께 알려 주지. 한글을 자랑스러워하는 너라면 한국어 강사가 될 만해! 점역사 앞을 보지 못하는 시각 장애인들은 볼록볼록 튀어나온 점자로 된 책을 읽어. ",
      "srcPage": 20,
      "srcSentenceEA": 3,
      "srcWordEA": 31
    },
    {
      "srcTextID": "2656",
      "srcText": "다문화 코디네이터 엄마나 아빠가 외국 사람인 가정을 다문화 가정이라고 해. 다문화 코디네이터는 다문화 가정의 아이들이 학교생활을 잘할 수 있도록 돕고, 외국인 엄마, 아빠에게 우리나라 문화를 알려 주기도 해. 이웃을 잘 도와주는 너라면 다문화 코디네이터가 될 만해!",
      "srcPage": 18,
      "srcSentenceEA": 3,
      "srcWordEA": 38
    },
    {
      "srcTextID": "2662",
      "srcText": "한국어 강사 우리나라의 음악과 영화, 드라마가 외국에서도 인기를 얻고 있어. 그래서 덩달아 한국어를 배우려는 외국인도 많아졌지. 한국어 강사는 다른 나라 사람들에게 한국어를 가르치는 사람이야. ",
      "srcPage": 19,
      "srcSentenceEA": 3,
      "srcWordEA": 26
    },
    {
      "srcTextID": "2661",
      "srcText": "점역사는 말이나 글을 점자로 바꾸는 일을 하는 사람이야. 먼저 컴퓨터를 이용해 글자를 점자로 바꾸고, 잘못된 곳을 하나하나 찾아내 고치지. 몸이 불편한 사람을 돕고 싶은 너라면 점역사가 될 만해!",
      "srcPage": 21,
      "srcSentenceEA": 3,
      "srcWordEA": 30
    },
    {
      "srcTextID": "2667",
      "srcText": "에코 제품 디자이너 요구르트병이나 페트병으로 만들기를 해 본 적 있니? 뚝딱뚝딱 멋진 장난감 자동차를 만들거나 예쁜 화분도 만들 수 있어. 에코 제품 디자이너는 재활용 쓰레기로 새로운 물건을 디자인하는 사람이야. 재료에 맞게 보기 좋으면서도 쓸 만한 제품을 만들지. 만드는 것을 좋아하는 너라면 에코 제품 디자이너가 될 만해!",
      "srcPage": 26,
      "srcSentenceEA": 5,
      "srcWordEA": 50
    },
    {
      "srcTextID": "2675",
      "srcText": "특수 분장사 영화에 나오는 괴물이나 귀신은 어떻게 만드는 걸까? 모두 특수 분장을 한 거야. 특수 분장사는 배우들에게 특수 분장을 해 주는 사람이야.",
      "srcPage": 27,
      "srcSentenceEA": 3,
      "srcWordEA": 24
    },
    {
      "srcTextID": "2676",
      "srcText": "화장품과 분장용 재료로 피부나 가발, 수염들을 붙여. 얼굴이나 몸에 특수한 재료를 붙이거나 가면을 사용해 다른 모습으로 보이게끔 하지. 화장 놀이를 좋아하는 너라면 특수 분장사가 될 만해!",
      "srcPage": 28,
      "srcSentenceEA": 3,
      "srcWordEA": 28
    },
    {
      "srcTextID": "2680",
      "srcText": "컬러리스트 아빠의 파란 넥타이, 엄마의 빨간 립스틱처럼 색깔은 우리 생활 곳곳에 있어. 컬러리스트는 색깔을 다루는 사람이야. 상품의 디자인이나 소재와 느낌에 맞게 색깔을 고르거나, 각각의 얼굴에 맞는 색을 찾아 주기도 하지. ",
      "srcPage": 30,
      "srcSentenceEA": 3,
      "srcWordEA": 32
    },
    {
      "srcTextID": "2681",
      "srcText": "회사나 아파트, 마트는 물론 냉장고나 에어컨들의 전자 제품, 공원과 같은 장소들에도 이름이 있지. 네이미스트는 이름을 짓는 사람이야. 이름은 제품의 특징이 잘 드러나고, 부르기 쉽고 기억에 오래 남아야 하지. 친구의 별명 짓기를 좋아하는 너라면 네이미스트가 될 만해!",
      "srcPage": 32,
      "srcSentenceEA": 4,
      "srcWordEA": 39
    },
    {
      "srcTextID": "2640",
      "srcText": "앞으로는 더 놀라운 일이 펼쳐질 거야. 미래를 이끌어 갈 새로운 별별 직업을 알려 줄게. 로봇 공학자 미래에는 로봇의 역할이 더 커질 거야.",
      "srcPage": 2,
      "srcSentenceEA": 3,
      "srcWordEA": 24
    },
    {
      "srcTextID": "2639",
      "srcText": "사람이 하기 힘든 일을 대신해 주는 로봇은 지금도 우리 생활에 많은 도움을 주고 있어. 이런 로봇을 만드는 사람이 바로 로봇 공학자야. 장난감 조립을 좋아하는 너라면 로봇 공학자가 될 만해!",
      "srcPage": 3,
      "srcSentenceEA": 3,
      "srcWordEA": 31
    },
    {
      "srcTextID": "2641",
      "srcText": "빅데이터 분석가 인터넷에 있는 글자와 숫자, 영상 자료를 모두 빅데이터라고 불러. 빅데이터 분석가는 빅데이터를 분석하고 관리하는 사람이지. 빅데이터를 분석하면 사람들이 어떻게 생각하고 행동하는지, 미래에 어떤 일이 일어날지 알 수 있거든. ",
      "srcPage": 4,
      "srcSentenceEA": 3,
      "srcWordEA": 32
    },
    {
      "srcTextID": "2645",
      "srcText": "사이버 범죄 수사관 사이버 범죄 수사관은 컴퓨터를 이용해 나쁜 짓을 하는 범죄자를 잡아내는 경찰이야. 다른 사람의 컴퓨터에 침투한 해커를 잡고 컴퓨터로 사기를 치거나 다른 사람의 명예를 훼손하는 사람을 조사해. 도둑잡기 놀이 대장인 너라면 사이버 범죄 수사관이 될 만해!",
      "srcPage": 6,
      "srcSentenceEA": 3,
      "srcWordEA": 40
    },
    {
      "srcTextID": "2643",
      "srcText": "범인 잡기를 좋아한다면 이런 직업도 있어! 프로파일러는 범인들의 심리를 파헤쳐 사건을 해결하는 사람이야. 보통 사람들이 해결할 수 없는 끔찍한 범죄를 주로 다루지.",
      "srcPage": 7,
      "srcSentenceEA": 3,
      "srcWordEA": 24
    },
    {
      "srcTextID": "2644",
      "srcText": "사건을 분석해 범인의 성격과 직업, 취향 등을 알아내. 거짓말 탐지 검사관은 범인이라고 의심되는 사람이 거짓말을 하는지 밝혀내는 사람이야. 거짓말 탐지기는 사람의 맥박과 호흡, 손에 흐르는 땀으로 범인이 거짓말을 하는지 알려 줘.",
      "srcPage": 8,
      "srcSentenceEA": 3,
      "srcWordEA": 33
    },
    {
      "srcTextID": "2647",
      "srcText": "웃음 치료사 많이 웃으면 면역력이 높아지고 때로는 암세포를 죽일 수도 있어. 또, 자신감이 생기고 스트레스가 없어지기도 해. 웃음 치료사는 아픈 사람들에게 웃음을 찾아 주는 사람이야. 신나는 음악을 틀고, 손뼉을 치게 하거나 명상을 하도록 해서 사람들을 치유하지. 다른 사람들이 웃을 때 행복한 너라면 웃음 치료사가 될 만해! ",
      "srcPage": 10,
      "srcSentenceEA": 5,
      "srcWordEA": 50
    },
    {
      "srcTextID": "2649",
      "srcText": "정리를 좋아하는 너라면 정리 수납 컨설턴트가 될 만해! 다이어트 프로그래머 몸무게가 너무 많이 나가면 건강을 해칠 수 있어. 다이어트 프로그래머는 음식과 운동으로 몸무게를 관리해 주는 사람이야. 몸의 상태에 맞게 어떤 음식을 얼마나 먹을지, 어떤 운동을 해야 하는지 알려 줘. 운동을 좋아하는 너라면 다이어트 프로그래머가 될 만해!",
      "srcPage": 12,
      "srcSentenceEA": 5,
      "srcWordEA": 50
    },
    {
      "srcTextID": "2652",
      "srcText": "원예 치료사 정성껏 가꾼 식물이 잘 자라서 꽃이 피는 걸 보면 기분이 좋아져. 원예 치료사는 환자들과 함께 식물을 키우면서 치료를 돕는 사람이야. 꽃밭을 가꾸거나 꽃으로 예쁜 작품을 만들기도 해. ",
      "srcPage": 13,
      "srcSentenceEA": 3,
      "srcWordEA": 31
    },
    {
      "srcTextID": "2663",
      "srcText": "각자 가진 재능으로 다른 사람을 도와주는 것을 재능 기부라고 해. 재능 기부 코디네이터는 재능 기부를 하려는 사람과 도움이 필요한 사람을 연결해 주는 사람이야. 더 많은 사람이 재능 기부를 할 수 있도록 방송이나 인터넷으로 알리기도 해. 친구를 잘 도와주는 너라면 재능 기부 코디네이터가 될 만해!",
      "srcPage": 24,
      "srcSentenceEA": 4,
      "srcWordEA": 47
    },
    {
      "srcTextID": "2666",
      "srcText": "새로운 것을 만들어 내는 별별 직업 사람들은 끊임없이 새로운 무언가를 만들어 내지. 물건처럼 형체가 있는 것이기도 하고, 때로는 색깔이나 이름처럼 형체가 없는 것이기도 해. 창의적으로 새로운 것을 만들어 내는 별별 직업을 알려 줄게.",
      "srcPage": 25,
      "srcSentenceEA": 3,
      "srcWordEA": 35
    }
  ]
}