{
  "title": "또 이야기를 쓰고 있나요, 조앤 롤링?",
  "author": "윤여림",
  "illustrator": "정세연",
  "isbn": "9791128220777",
  "readAge": "초등_고학년",
  "publishedYear": 2018,
  "publisher": "아람북스",
  "classification": "사회관계",
  "paragraphInfoCount": 18,
  "paragraphInfo": [
    {
      "srcTextID": "1079",
      "srcText": "조앤은 그동안 쓴 원고를 조심스럽게 내밀었어요. 원고를 읽은 다이앤이 말했어요. “언니, 정말 재밌어! 다음 이야기는 어떻게 돼?” 그 말에 자신감이 생긴 조앤은 일 년 안에 원고를 완성하기로 마음먹었지요.",
      "srcPage": 13,
      "srcSentenceEA": 5,
      "srcWordEA": 31
    },
    {
      "srcTextID": "1081",
      "srcText": "조앤은 원고를 여러 출판사에 보냈지만 모두 거절당했어요. 그러다 한 출판사가 조앤의 이야기를 받아들였을 때 조앤은 하늘을 나는 것 같았지요. 첫 책이 나왔을 때는 지나가는 사람들 모두에게 이렇게 외치고 싶었어요. “저는 작가예요! 드디어 꿈을 이뤘어요!”",
      "srcPage": 15,
      "srcSentenceEA": 5,
      "srcWordEA": 37
    },
    {
      "srcTextID": "1069",
      "srcText": "영국 한 시골 마을에 조앤이라는 아이가 살았어요. 조앤은 동생 다이앤에게 자기가 지어낸 이야기를 들려주는 걸 좋아했지요. “언니, 이야기 하나 더 해 줘.” ",
      "srcPage": 1,
      "srcSentenceEA": 3,
      "srcWordEA": 23
    },
    {
      "srcTextID": "1068",
      "srcText": "다이앤이 또 조앤을 조를 때였어요. 덤불에서 토끼 한 마리가 빼꼼히 고개를 내밀었지요. 조앤의 머릿속에 이야기 하나가 반짝 떠올랐어요. ",
      "srcPage": 2,
      "srcSentenceEA": 3,
      "srcWordEA": 20
    },
    {
      "srcTextID": "1067",
      "srcText": " “어느 날, 토끼가 홍역에 걸렸어. 그러자 숲속 친구들이 병문안을 왔지. 토끼는 벌 아가씨가 가져온 꿀 과자를 먹고 병이 나았어.”",
      "srcPage": 3,
      "srcSentenceEA": 3,
      "srcWordEA": 21
    },
    {
      "srcTextID": "1071",
      "srcText": "다음 날도 다이앤은 토끼 이야기를 해 달라고 졸랐어요. “어느 날 토끼가 걱정이 된 벌 아가씨는 벌침 주사를 놓아 주었어.” 다이앤은 골을 냈지요. ",
      "srcPage": 4,
      "srcSentenceEA": 3,
      "srcWordEA": 23
    },
    {
      "srcTextID": "1070",
      "srcText": "“이야기가 달라졌어! 어제는 꿀 과자를 먹고 나았다고 했잖아.” 조앤은 잊어버리기 전에 이야기를 글로 써 놓으면 좋겠다고 생각했어요. 그래서 그림까지 그려 토끼를 완성했지요. 조앤은 처음으로 작가가 되고 싶다는 생각을 했어요.",
      "srcPage": 5,
      "srcSentenceEA": 5,
      "srcWordEA": 33
    },
    {
      "srcTextID": "1072",
      "srcText": "조앤은 대학을 졸업한 뒤 런던에 있는 회사에 다녔어요. 회사 일이 지루할 때면 이야기를 쓰곤 했지요. 밥을 먹을 때도, 거리를 걸을 때도, 조앤의 머릿속에는 언제나 이야기가 가득했어요.",
      "srcPage": 6,
      "srcSentenceEA": 3,
      "srcWordEA": 28
    },
    {
      "srcTextID": "1073",
      "srcText": "어느 날, 조앤은 기차를 타고 있었어요. 멍하니 차창 밖을 바라보던 조앤 앞에 동그란 안경을 쓰고 이마에 흉터가 있는 남자아이가 떠올랐어요. ‘저 아이는 어떡하다 흉터가 생겼을까?’ 조앤은 상상의 나래를 펼치기 시작했어요. 기차는 어느새 아이가 사는 마법 세계로 달려가고 있었지요.",
      "srcPage": 7,
      "srcSentenceEA": 5,
      "srcWordEA": 42
    },
    {
      "srcTextID": "1074",
      "srcText": "조앤은 남자아이에게 ‘해리 포터’라는 이름을 지어 주었어요. 그리고 해리에 대해 떠오르는 것이 있을 때마다 공책에 써 두었지요. 해리가 다니는 학교, 해리의 친구들, 해리를 괴롭히는 악당. 조앤은 신이 났어요.",
      "srcPage": 8,
      "srcSentenceEA": 5,
      "srcWordEA": 32
    },
    {
      "srcTextID": "1075",
      "srcText": "그러던 어느 날, 조앤에게 큰 슬픔이 닥쳤어요. 엄마가 돌아가신 거예요. ‘엄마를 다시 볼 수 있다면 얼마나 좋을까.’ ",
      "srcPage": 9,
      "srcSentenceEA": 3,
      "srcWordEA": 19
    },
    {
      "srcTextID": "1076",
      "srcText": "조앤은 자신의 소망을 담아 고아인 해리가 거울 너머로 부모님을 만나는 이야기를 썼어요. 하지만 상상만으로 슬픔이 다 가시지는 않았지요. 조앤은 슬픔을 잊기 위해 영국을 떠났어요.",
      "srcPage": 10,
      "srcSentenceEA": 3,
      "srcWordEA": 26
    },
    {
      "srcTextID": "1077",
      "srcText": "날씨 좋은 포르투갈에서 조앤은 조금씩 여유를 되찾았어요. 사랑에 빠져 결혼도 했지요. 영어 가르치는 일을 했는데 오전에는 시간이 남아서 글도 쓸 수 있었어요. 하지만 결혼 생활은 오래가지 않았지요. 조앤은 갓 태어난 딸을 데리고 포르투갈을 떠났어요.",
      "srcPage": 11,
      "srcSentenceEA": 5,
      "srcWordEA": 38
    },
    {
      "srcTextID": "1083",
      "srcText": "조앤은 단숨에 인기 작가가 되었어요. 가난했던 조앤은 엄청난 부자가 되었지요. 하지만 조앤은 글쓰기를 멈추지 않았어요.",
      "srcPage": 17,
      "srcSentenceEA": 3,
      "srcWordEA": 17
    },
    {
      "srcTextID": "1084",
      "srcText": "“조앤, 또 이야기를 쓰고 있나요?” 조앤은 사람들이 물을 때마다 빙긋이 웃어요. “물론이죠. 작가는 늘 이야기 속에 살거든요. 글로 쓰지 않고는 못 배긴답니다. 다시 태어나도 나는 작가가 될 거예요.” ",
      "srcPage": 18,
      "srcSentenceEA": 5,
      "srcWordEA": 32
    },
    {
      "srcTextID": "1078",
      "srcText": "영국으로 돌아온 조앤은 막막했어요. 해리 포터 이야기를 계속 써도 될지 자신감도 떨어졌고요. ‘다이앤에게 한번 보여 주자.'",
      "srcPage": 12,
      "srcSentenceEA": 3,
      "srcWordEA": 18
    },
    {
      "srcTextID": "1080",
      "srcText": "조앤은 바쁜 하루하루를 보냈어요. 아기를 돌보고, 틈틈이 돈도 벌며 날마다 글을 썼지요. 그렇게 일 년이 지나고 드디어 첫 번째 해리 포터 이야기를 완성했어요.",
      "srcPage": 14,
      "srcSentenceEA": 3,
      "srcWordEA": 25
    },
    {
      "srcTextID": "1082",
      "srcText": "조앤은 다음 이야기를 부지런히 준비했어요. 그런데 상상하지 못했던 일들이 일어났지요. 해리 포터와 마법사의 돌이 온 세계 사람들의 마음을 사로잡은 거예요. ",
      "srcPage": 16,
      "srcSentenceEA": 3,
      "srcWordEA": 22
    }
  ]
}