{
  "title": "이융남은 왜 고비 사막으로 갔을까?",
  "author": "정지영",
  "illustrator": "이정숙",
  "isbn": "9791128220869",
  "readAge": "초등_고학년",
  "publishedYear": 2018,
  "publisher": "아람북스",
  "classification": "사회관계",
  "paragraphInfoCount": 32,
  "paragraphInfo": [
    {
      "srcTextID": "1556",
      "srcText": "우리가 상상하던 육식 공룡이 아니었어! 앞발의 발톱으로 동물만 잡은 줄 알았는데, 물속 식물도 긁어 먹었나 봐. 부리는 오리처럼 넓적해!",
      "srcPage": 30,
      "srcSentenceEA": 3,
      "srcWordEA": 21
    },
    {
      "srcTextID": "1558",
      "srcText": "“2014년 올해의 과학자, 이융남 박사를 소개합니다!” 매미를 잡고 놀던 아이가 세계적인 과학자가 되었어요. 안 될 거라는 사람들의 말도, 고비 사막의 모래바람도, 융남을 막지 못했지요.",
      "srcPage": 31,
      "srcSentenceEA": 3,
      "srcWordEA": 26
    },
    {
      "srcTextID": "1557",
      "srcText": " 하지만 변한 건 없어요. 융남은 오늘도 몽골의 사막을 누비고 있지요. 올해의 과학자상은 한국 과학 기자 협회에서 주는 상이에요. ",
      "srcPage": 32,
      "srcSentenceEA": 3,
      "srcWordEA": 21
    },
    {
      "srcTextID": "1526",
      "srcText": " 휙, 휘익! 몽골의 고비 사막에 모래바람이 일었어요. 폴란드에서 온 탐사대는 무언가를 찾고 있었지요. 여기 좀 봐.",
      "srcPage": 1,
      "srcSentenceEA": 4,
      "srcWordEA": 20
    },
    {
      "srcTextID": "1527",
      "srcText": "모래 속에 무언가 있어! “앗, 뼈다! 우리가 찾던 새로운 뼈야!” “야호! 드디어 찾았어!” 고비 사막의 ‘고비’는 몽골어로 ‘거친 땅’을 뜻해요.",
      "srcPage": 2,
      "srcSentenceEA": 7,
      "srcWordEA": 25
    },
    {
      "srcTextID": "1528",
      "srcText": "“앞발이 크고 발톱이 갈고리 모양인 걸 보니, 티라노사우루스보다 더 큰 육식 공룡이 틀림없어!” 사람들은 모두 그렇게 생각했어요. 50여 년이 지나도록, 나머지 뼈들은 발견되지 않았지요. ",
      "srcPage": 4,
      "srcSentenceEA": 3,
      "srcWordEA": 26
    },
    {
      "srcTextID": "1529",
      "srcText": "데이노케이루스는 술래잡기하듯 꼭꼭 숨은 것만 같았어요. 육식 공룡은 주로 고기를 먹는 공룡을 말해요. ‘데이노케이루스 미리피쿠스’라는 이름은 1970년 폴란드 학자인 오스몰스카 박사가 지었어요. 데이노케이루스 미리피쿠스는 그리스어로 ‘독특한 무서운 손’이라는 뜻이에요.",
      "srcPage": 5,
      "srcSentenceEA": 6,
      "srcWordEA": 34
    },
    {
      "srcTextID": "1531",
      "srcText": " 몽골에서 데이노케이루스의 뼈가 발견되던 무렵, 서울 어느 계곡에서는 아이들이 뛰놀고 있었어요. “잡았다! 매미를 잡았어!” 아이들은 매미를 보러 우르르 달려왔어요. “몸이 얼룩덜룩하고, 등에 무언가 툭 튀어나온 걸 보니 참매미군!” “우아, 그걸 어떻게 알았어? 대단하다!” 아이들을 깜짝 놀라게 한 건 바로, 어린 이융남이었지요.",
      "srcPage": 6,
      "srcSentenceEA": 7,
      "srcWordEA": 46
    },
    {
      "srcTextID": "1533",
      "srcText": "융남은 어른이 되어서도 궁금한 것들이 많았어요. ‘먼 옛날에는 어떤 동물이 살았을까? 무얼 먹고, 잠은 어떻게 잤을까?’",
      "srcPage": 7,
      "srcSentenceEA": 3,
      "srcWordEA": 18
    },
    {
      "srcTextID": "1534",
      "srcText": "융남은 옛 동물을 연구하는 학자가 되기로 결심했지요. 그러던 어느 날, 기적 같은 소식이 들려왔어요. “경상도에서 공룡 발자국이 발견되었대!”",
      "srcPage": 8,
      "srcSentenceEA": 3,
      "srcWordEA": 19
    },
    {
      "srcTextID": "1532",
      "srcText": " 그날부터 융남의 머릿속은 온통 공룡으로 가득 찼어요. 그래서 공룡을 연구하기로 마음먹었지요. 1982년 경상남도 고성군에서 우리나라에서는 처음으로 공룡의 발자국 화석이 발견되었어요. ",
      "srcPage": 9,
      "srcSentenceEA": 3,
      "srcWordEA": 23
    },
    {
      "srcTextID": "1536",
      "srcText": "사람들은 그런 융남을 이상하게 생각했어요. “연구만 한다고 공룡 뼈가 나오겠어?” “차라리 그 시간에 돈벌이가 되는 공부나 하지.”",
      "srcPage": 10,
      "srcSentenceEA": 3,
      "srcWordEA": 17
    },
    {
      "srcTextID": "1535",
      "srcText": " ‘내가 직접 공룡 뼈를 찾는다면 사람들도 관심을 가질 거야! 아, 데이노케이루스의 나머지 뼈를 찾을 수만 있다면.’ 융남은 공룡 뼈를 찾기 위해 몽골에 가기로 결심했어요.",
      "srcPage": 12,
      "srcSentenceEA": 3,
      "srcWordEA": 27
    },
    {
      "srcTextID": "1540",
      "srcText": "융남이 몽골 탐사를 준비하던 어느 봄날, 우리나라의 한 항구에서 깜짝 놀랄 만한 일이 일어났어요. “저게 뭐지? 무슨 뼈 같은데.” “그러게! 혹시 공룡 뼈 아니야?”",
      "srcPage": 14,
      "srcSentenceEA": 4,
      "srcWordEA": 26
    },
    {
      "srcTextID": "1539",
      "srcText": "“앗! 고, 공룡? 어서 이융남 박사를 모셔 와!” 소식을 듣고 달려온 융남은 놀라움을 감출 수가 없었어요. 경기도 화성시에 전곡항이라는 항구가 있어요. 2008년에 전곡항에 있는 암석에서 공룡 뼈 화석이 발견되었지요. 비록 일부였지만 우리나라에서 온전한 형태의 공룡 뼈가 발견된 것은 처음이었어요.",
      "srcPage": 15,
      "srcSentenceEA": 6,
      "srcWordEA": 45
    },
    {
      "srcTextID": "1541",
      "srcText": " ‘그래! 우리나라에서도 공룡 뼈를 찾았는데 몽골에서 못 찾을 리가 있겠어? 데이노케이루스의 나머지 뼈들은 내가 찾고야 말겠어!’ 융남은 폴란드의 공룡 탐사대가 남긴 지도 한 장을 들고 고비 사막으로 떠났어요.",
      "srcPage": 16,
      "srcSentenceEA": 4,
      "srcWordEA": 32
    },
    {
      "srcTextID": "1530",
      "srcText": "모래 속에서 찾은 것은 처음 보는 공룡 뼈였어요. 나중에 이 공룡에 데이노케이루스라는 이름이 붙었지요. “이건 앞발과 어깨뼈로군.”",
      "srcPage": 3,
      "srcSentenceEA": 3,
      "srcWordEA": 18
    },
    {
      "srcTextID": "1537",
      "srcText": "융남은 아랑곳하지 않고 연구에 매달렸어요. 어느덧 20년이 흘러 융남은 우리나라 최고의 공룡 박사가 되었지요. 하지만 사람들은 여전히 별 관심을 갖지 않았어요.",
      "srcPage": 11,
      "srcSentenceEA": 3,
      "srcWordEA": 23
    },
    {
      "srcTextID": "1538",
      "srcText": "이 무렵 공룡 학자들은 데이노케이루스의 나머지 뼈를 찾는 게 최고의 바람이었어요. 그래서 많은 학자들이 몽골 고비 사막을 찾곤 했지요. 이융남 박사도 팀을 꾸려 여러 해 동안 고비 사막을 오갔어요.",
      "srcPage": 13,
      "srcSentenceEA": 3,
      "srcWordEA": 31
    },
    {
      "srcTextID": "1542",
      "srcText": " 하지만 고비 사막은 상상했던 것보다 더 힘든 곳이었어요. 세찬 바람을 타고 온 모래는 마치 유리 조각 같았지요. 눈을 뜨고 걷는 것조차 힘겨웠어요. ",
      "srcPage": 17,
      "srcSentenceEA": 3,
      "srcWordEA": 25
    },
    {
      "srcTextID": "1545",
      "srcText": "햇볕은 한여름보다 뜨거웠고, 먹을 물도 부족했어요. “그래도 포기하지 않을 테야!” 융남은 이를 악물었어요.",
      "srcPage": 18,
      "srcSentenceEA": 3,
      "srcWordEA": 14
    },
    {
      "srcTextID": "1543",
      "srcText": "“바로, 여기야!” 드디어 데이노케이루스의 뼈를 처음으로 발견한 곳에 도착했어요. 하지만 아무리 파헤쳐도 나온 것은 작은 뼈 두 개뿐이었지요. “나머지 뼈들을 찾을 수 있을까요?”",
      "srcPage": 19,
      "srcSentenceEA": 4,
      "srcWordEA": 25
    },
    {
      "srcTextID": "1544",
      "srcText": "함께한 팀원들이 걱정스레 말했지만, 융남은 확신했어요. “그럼요! 아마 또 다른 곳에 데이노케이루스의 뼈가 있을 거예요. 조금만 더 힘을 냅시다!”",
      "srcPage": 20,
      "srcSentenceEA": 3,
      "srcWordEA": 21
    },
    {
      "srcTextID": "1547",
      "srcText": "몽골과 한국을 오가며, 네 번째 탐사를 하던 어느 날이었어요. “여기야, 여기! 여기에 뼈가 잔뜩 있어!” 드디어 데이노케이루스의 또 다른 뼈들을 발견한 거예요. ",
      "srcPage": 21,
      "srcSentenceEA": 4,
      "srcWordEA": 24
    },
    {
      "srcTextID": "1546",
      "srcText": " 처음 발견한 곳하고는 멀리 떨어져 있었지요. “우아, 우리가 해냈어!” “드디어 50여 년 동안 수수께끼로 남아 있던 걸 풀 수 있겠어!”",
      "srcPage": 22,
      "srcSentenceEA": 3,
      "srcWordEA": 21
    },
    {
      "srcTextID": "1548",
      "srcText": "융남과 팀원들은 기뻐서 어쩔 줄 몰랐어요. 2009년에 이융남 박사 팀은 데이노케이루스의 또 다른 뼈들을 발견했어요. 그 장소는 50여 년 전 처음 발견한 곳에서 약 50킬로미터나 떨어진 곳이었다고 해요.",
      "srcPage": 23,
      "srcSentenceEA": 3,
      "srcWordEA": 30
    },
    {
      "srcTextID": "1549",
      "srcText": "“그런데 이상해. 왜 머리뼈와 뒷발 뼈가 없는 걸까?” “아무래도 도굴꾼이 먼저 발견하고 가져간 게 분명해요.” “맞아요, 아마도 비싸게 팔렸을 거예요.”",
      "srcPage": 24,
      "srcSentenceEA": 4,
      "srcWordEA": 21
    },
    {
      "srcTextID": "1550",
      "srcText": "융남은 도굴된 뼈들이 유럽의 수집가에게 있다는 걸 알아냈어요. “수집가가 쉽게 내주지 않을 텐데, 어떡하죠?” “무조건 찾아서 돌려받아야만 해요!  그리고 그 뼈들이 얼마나 중요한지 알려야 해요.” ",
      "srcPage": 25,
      "srcSentenceEA": 4,
      "srcWordEA": 27
    },
    {
      "srcTextID": "1553",
      "srcText": "융남은 수집가를 찾아갔어요. “데이노케이루스를 연구하기 위해서는 머리뼈와 뒷발 뼈가 꼭 필요합니다.” “그게 얼마짜리인데. 절대 못 돌려줘요!”",
      "srcPage": 26,
      "srcSentenceEA": 4,
      "srcWordEA": 17
    },
    {
      "srcTextID": "1551",
      "srcText": "수집가는 코웃음을 치며 휙 돌아섰어요. 융남은 지친 몸으로 돌아올 수밖에 없었지요. ‘이대로 포기할 순 없어.’",
      "srcPage": 27,
      "srcSentenceEA": 3,
      "srcWordEA": 17
    },
    {
      "srcTextID": "1554",
      "srcText": "이렇게 귀한 것을 마음대로 사고팔았다는 것을 몽골에서 알게 되면 큰 문제가 될 겁니다!” 수집가는 결국 뼈를 내놓을 수밖에 없었어요. 2011년, 이융남은 수집가가 뼈를 쉽게 내놓지 않자, 여러 전문가들과 모여 끊임없이 돌려받을 방법을 고민했어요. 그러던 중 미국에서 몽골의 공룡 화석을 몰래 사들인 사람이 벌을 받은 일이 생겼어요. 이를 계기로 2014년, 수집가에게서 데이노케이루스의 머리뼈와 뒷발 뼈를 돌려받았어요.",
      "srcPage": 28,
      "srcSentenceEA": 5,
      "srcWordEA": 59
    },
    {
      "srcTextID": "1555",
      "srcText": "어렵게 되찾은 뼈를 맞추자, 드디어 데이노케이루스의 모습이 완성되었어요. 배 속에 물고기 흔적이 있는 걸 보니, 물고기도 먹었구나! 잠깐, 이빨이 없는데?",
      "srcPage": 29,
      "srcSentenceEA": 3,
      "srcWordEA": 22
    }
  ]
}