{
  "title": "내가 누구게?",
  "author": "김인숙, 아람",
  "illustrator": "김삼현",
  "isbn": "9791128214950",
  "readAge": "초등_고학년",
  "publishedYear": 2018,
  "publisher": "아람북스",
  "classification": "사회관계",
  "paragraphInfoCount": 33,
  "paragraphInfo": [
    {
      "srcTextID": "4392",
      "srcText": "나는 웃는 얼굴. 언제나 웃고 있어. 힘들고 어려운 일이 생기면 나처럼 웃는 가면을 써 봐.",
      "srcPage": 17,
      "srcSentenceEA": 3,
      "srcWordEA": 17
    },
    {
      "srcTextID": "4403",
      "srcText": "숲에서 누군가 나타나도 무서워하면 안 돼. 이 시험을 통과해야만 너는 용감한 어른이 되는 거야. 살람파수족이 되어 보자.",
      "srcPage": 25,
      "srcSentenceEA": 3,
      "srcWordEA": 19
    },
    {
      "srcTextID": "4376",
      "srcText": "신하들이 내 몸을 썩지 않게 만들었고, 태양신이 지켜 주니 나는 죽어서도 다음 세상에서 영원히 살 수 있어. 파라오가 되어 보자. 파라오는 고대 이집트에서 왕을 가리키던 말이야.",
      "srcPage": 1,
      "srcSentenceEA": 3,
      "srcWordEA": 28
    },
    {
      "srcTextID": "4386",
      "srcText": "추운 겨울이 가고 봄이 빨리 오기를 바라며 집집마다 복을 전해 줄 거야. 맑고 아름다운 종소리와 방울 소리를 울리며 말이야. 스위스의 우르내슈에서는 새해를 맞이해 질베스터클라우제들이 집집마다 찾아다니며 새해 인사를 해요.",
      "srcPage": 8,
      "srcSentenceEA": 3,
      "srcWordEA": 31
    },
    {
      "srcTextID": "4390",
      "srcText": "벼랑에서 떨어진 버펄로를 잡는 나는 지혜로운 버펄로 사냥꾼. 사냥꾼이 되어 보자.  버펄로를 잡으려면 버펄로처럼 보여야 해. ",
      "srcPage": 13,
      "srcSentenceEA": 3,
      "srcWordEA": 19
    },
    {
      "srcTextID": "4389",
      "srcText": "버펄로의 가죽 대신 머리에 보자기를 뒤집어쓰고 버펄로가 벼랑으로 따라오게 해. 그러고는 뿅망치를 들고 우우우! 와와와! 크게 외치며 벼랑으로 다가가는 거야. ",
      "srcPage": 14,
      "srcSentenceEA": 4,
      "srcWordEA": 23
    },
    {
      "srcTextID": "4393",
      "srcText": "난 필리핀의 웃는 사람이다! 나를 봐, 활짝 웃고 있지? 어때, 기분이 좋아지지?",
      "srcPage": 16,
      "srcSentenceEA": 3,
      "srcWordEA": 14
    },
    {
      "srcTextID": "4377",
      "srcText": "파라오가 되려면 왕관을 쓰고 양말은 벗어야 해. 이집트에선 양말을 안 신거든. 자, 이제 높은 의자에 앉아 큰 소리로 외쳐 봐.",
      "srcPage": 2,
      "srcSentenceEA": 3,
      "srcWordEA": 22
    },
    {
      "srcTextID": "4380",
      "srcText": "엄마나 아빠가 도움을 청하면 원숭이처럼 쌩하고 달려가. 하누만은 타이의 전통 가면극인 ‘콘’에 등장하는 원숭이 장군이에요. 주인공 프라람이 악마의 왕 토사칸에게 아내를 빼앗기자 프라람을 도와 용감하게 프라람의 아내를 찾아 나서요.",
      "srcPage": 6,
      "srcSentenceEA": 4,
      "srcWordEA": 32
    },
    {
      "srcTextID": "4394",
      "srcText": "잔뜩 찌푸린 얼굴을 펴고 활짝 웃어 보는 거야. 그러면 마음이 환해지고 기운도 솟아날 거야. 웃는 사람이 되어 보자.",
      "srcPage": 18,
      "srcSentenceEA": 3,
      "srcWordEA": 20
    },
    {
      "srcTextID": "4398",
      "srcText": "난 이탈리아의 어릿광대다! 나는 알록달록 화려한 옷 입고 딸랑딸랑 방울 달린 모자 쓴 어릿광대. 우습고 재미있는 말이나 행동으로 사람들에게 웃음을 주지.",
      "srcPage": 19,
      "srcSentenceEA": 3,
      "srcWordEA": 23
    },
    {
      "srcTextID": "4397",
      "srcText": "나는 어릿광대가 좋아 어릿광대가 된 거야. 어릿광대가 되어 보자. 우스꽝스러운 가면을 만들어 쓰고 재미있는 말을 하거나 우스운 행동을 해야 해. 공 던지기 묘기, 뒤뚱뒤뚱 걷기, 재미있는 춤으로 사람들에게 웃음을 주는 거야. ",
      "srcPage": 21,
      "srcSentenceEA": 4,
      "srcWordEA": 34
    },
    {
      "srcTextID": "4404",
      "srcText": "어른이 되려면 시험을 치러야 해. 깜깜한 이불 굴을 통과해 밖으로 나와야 해. 누군가 무서운 얼굴로 놀라게 해도 겁먹지 마.",
      "srcPage": 26,
      "srcSentenceEA": 3,
      "srcWordEA": 21
    },
    {
      "srcTextID": "4402",
      "srcText": "높은 베개 산을 넘고 넓은 이불 강도 건너. 그럼 넌 어른이 되는 거야. 아프리카와 오세아니아의 여러 부족에서 소년 소녀들은 어른이 되려면 성년식을 치러야 했어요.",
      "srcPage": 27,
      "srcSentenceEA": 3,
      "srcWordEA": 26
    },
    {
      "srcTextID": "4406",
      "srcText": "젊은이들은 성년식에서 여러 가지 어려운 일을 해야 했지요. 콩고 살람파수족의 심판관은 무서운 가면을 쓰고 이들을 지켜보았어요. 그러고는 성년식에서 일 등을 한 소년에게는 심판관 가면을 선물로 주었어요.",
      "srcPage": 28,
      "srcSentenceEA": 3,
      "srcWordEA": 28
    },
    {
      "srcTextID": "4409",
      "srcText": "하회탈은 우리나라에서 전해 내려오는 탈놀이 가면이에요. 하회탈에는 양반탈, 각시탈, 선비 탈, 할미 탈 등이 있어요. 양반탈은 하회탈 가운데 가장 대표적인 탈로, 짙고 둥근 눈썹과 따로 떨어져 있는 턱이 재밌는 표정을 만들어요.",
      "srcPage": 29,
      "srcSentenceEA": 3,
      "srcWordEA": 33
    },
    {
      "srcTextID": "4407",
      "srcText": "일반 백성들은 우스꽝스러운 양반의 모습을 비웃으며 그동안 받은 설움을 씻어 냈지요. 난 우리나라의 하회탈이다! 나는 우리나라에서 가장 유명한 가면, 하회탈 가운데서도 가장 널리 알려져 있는 양반탈. ",
      "srcPage": 30,
      "srcSentenceEA": 3,
      "srcWordEA": 28
    },
    {
      "srcTextID": "4408",
      "srcText": "짙고 검은 눈썹과 가느다란 실눈, 웃고 있는 입을 하고 있어. 선비 탈과 옥신각신 싸우고 할미 탈에게 혼쭐나 도망가면 놀이판에는 얼쑤 흥이 돋고 설움 받던 백성들 배를 잡고 웃어 대. 그동안 쌓인 백성들의 설움은 눈 녹듯 사라지지.",
      "srcPage": 31,
      "srcSentenceEA": 3,
      "srcWordEA": 38
    },
    {
      "srcTextID": "4410",
      "srcText": "가면을 쓰면 무서울 게 없나 봐. 힘이 불끈불끈 솟아나고 어려운 일도 척척 해냈던 모양이야. 가면에는 신기한 힘이 있나 봐.",
      "srcPage": 32,
      "srcSentenceEA": 3,
      "srcWordEA": 21
    },
    {
      "srcTextID": "4374",
      "srcText": "“나는 이집트의 파라오다.” 고대 이집트에서는 왕과 왕비가 죽으면 얼굴 모습과 똑같은 가면을 만들어 씌웠어요. 가면을 쓰면 저세상에 가서도 몸과 영혼이 함께 부활한다고 믿었기 때문이에요. 그리고 다음 세상에서 영원히 죽지 않고 살 수 있다고 믿었어요.",
      "srcPage": 3,
      "srcSentenceEA": 4,
      "srcWordEA": 37
    },
    {
      "srcTextID": "4379",
      "srcText": "높은 산처럼 몸이 커질 수 있고, 한 번만 뛰어도 바다를 건널 수 있고, 거대한 산을 들어 올릴 수도 있어. 내가 없었으면 프라람은 아내를 찾을 수 없었을 거야. 악마의 왕 토사칸이라 해도 지혜롭고 용감한 나를 당해 낼 순 없어.",
      "srcPage": 4,
      "srcSentenceEA": 3,
      "srcWordEA": 40
    },
    {
      "srcTextID": "4381",
      "srcText": "하누만이 되어 보자. 얼굴에 원숭이 가면을 써. 다리를 벌리고 서서 손가락을 곧게 펼치고 원숭이처럼 날쌔게 펄쩍 뛰어올라 봐.",
      "srcPage": 5,
      "srcSentenceEA": 3,
      "srcWordEA": 20
    },
    {
      "srcTextID": "4383",
      "srcText": "난 스위스의 질베스터클라우제다! 한 해의 마지막 날 우리는 가면을 쓰고 줄을 지어 앞으로 나아가지. 예쁜 질베스터클라우제 가면도 있고 험상궂은 질베스터클라우제 가면도 있어.",
      "srcPage": 7,
      "srcSentenceEA": 3,
      "srcWordEA": 24
    },
    {
      "srcTextID": "4384",
      "srcText": "멋지게 단장한 질베스터클라우제, 험상궂은 모습의 질베스터클라우제, 덜 무서워 보이는 질베스터클라우제들이 각각 자신의 가면을 쓰고 다녀요. 질베스터클라우제들이 쓰는 가면은 한겨울에 먹을 것을 구하지 못한 사람들이 창피해서 얼굴을 가리고 구걸했던 것에서 생겨났어요. 질베스터클라우제는 ‘새해의 천사ʼ라는 뜻이에요",
      "srcPage": 9,
      "srcSentenceEA": 3,
      "srcWordEA": 36
    },
    {
      "srcTextID": "4382",
      "srcText": "그런 다음 좋아하는 사람 앞에 서서 종을 흔들어. 노래를 부르며 춤도 추어야 해. 마지막으로 이렇게 말해 주는 거야. “새해에도 행복이 가득하길 빌어요.”",
      "srcPage": 10,
      "srcSentenceEA": 4,
      "srcWordEA": 24
    },
    {
      "srcTextID": "4388",
      "srcText": "난 캐나다의 블랙풋족의 버펄로 사냥꾼이다! 나는 용감한 버펄로 사냥꾼. 내가 가지고 있는 건 단단한 돌도끼뿐이지만, 그래도 괜찮아.",
      "srcPage": 11,
      "srcSentenceEA": 3,
      "srcWordEA": 19
    },
    {
      "srcTextID": "4387",
      "srcText": "가면을 쓰면 되니까. 버펄로 가면을 쓰고 버펄로를 벼랑으로 꾀어내는 거야. 대장 버펄로가 깜박 속아 나를 따라오면 나머지 버펄로들도 따라올 거야.",
      "srcPage": 12,
      "srcSentenceEA": 3,
      "srcWordEA": 22
    },
    {
      "srcTextID": "4391",
      "srcText": "아주 옛날 원시인들은 농사를 짓거나 가축을 키우지 않고 직접 사냥을 하거나 들에서 곡식을 구해 먹고 살았어요. 버펄로는 몸집도 크고 힘도 아주 센데 원시인들은 힘도 약하고 무기도 없었지요. 그래서 죽은 버펄로의 가죽을 뒤집어쓰고 버펄로 흉내를 내면서 버펄로 떼를 벼랑 같은 데로 꾀어내어 떨어지게 했어요.",
      "srcPage": 15,
      "srcSentenceEA": 3,
      "srcWordEA": 45
    },
    {
      "srcTextID": "4396",
      "srcText": "귀족 가면을 쓴 사람도 유령 가면을 쓴 사람도 나를 보면 하하 하하, 깔깔 깔깔 웃어. 축제가 열리는 동안에는 누구나 뭐든지 될 수 있어. 가난뱅이도 부자나 귀족이 될 수 있어.",
      "srcPage": 20,
      "srcSentenceEA": 3,
      "srcWordEA": 31
    },
    {
      "srcTextID": "4400",
      "srcText": "뉴질랜드의 원주민인 마오리족은 올빼미 눈에 혀를 쑥 내민 조상신의 모습을 가면으로 만들어 공회당 꼭대기에 세워 놓아요. 올빼미는 밤에 활동을 하니까 마을을 잘 지킬 수 있다고 생각한 거지요. 혀를 길게 뺀 것은 적에게 겁을 주기 위한 거예요.",
      "srcPage": 22,
      "srcSentenceEA": 3,
      "srcWordEA": 38
    },
    {
      "srcTextID": "4399",
      "srcText": "난 마오리족의 코루루다! 마을 사람들이 모두 모이는 공회당 꼭대기에 올라앉아 올빼미 눈을 하고 마을을 지키는 나는 마오리족의 조상신 코루루다. 적이 오면 겁을 주어 쫓아 버리지. 사람들아, 함께 모여 춤을 추어라. 몽둥이 들고 혀를 쑥 내밀고 적이 오지 못하게 마을을 지켜라. ",
      "srcPage": 23,
      "srcSentenceEA": 5,
      "srcWordEA": 44
    },
    {
      "srcTextID": "4405",
      "srcText": "자, 어서 어두운 굴을 나서! 누가 제일 잘하는지 내가 지켜볼 거야. 으르렁거리는 표범과 싸워 이기고 깊고 사나운 강물도 건너.",
      "srcPage": 24,
      "srcSentenceEA": 3,
      "srcWordEA": 21
    },
    {
      "srcTextID": "4411",
      "srcText": "그래서 가면을 쓰고 마을을 지켜 달라고, 병을 낫게 해 달라고 비를 내려 달라고 빌었던 거야. 가면을 쓰면 뭐든지 될 수 있나 봐. 신도 되고, 왕도 되고, 멋진 사람도 되고, 웃긴 사람도 되어 사람들에게 즐거움을 줬나 봐. 너는 어떤 가면을 쓰고 싶어?",
      "srcPage": 33,
      "srcSentenceEA": 4,
      "srcWordEA": 44
    }
  ]
}