{
  "title": "바닷가 소바리 마을 신문 ",
  "author": "장기화",
  "illustrator": "최은영",
  "isbn": "9791165956974",
  "readAge": "초등_고학년",
  "publishedYear": 2023,
  "publisher": "아람북스",
  "classification": "사회관계",
  "paragraphInfoCount": 33,
  "paragraphInfo": [
    {
      "srcTextID": "3359",
      "srcText": " 정인이가 뒤따라 들어오며 말했어요. “아빠가 하는 일이 뭐 자랑이라고?” 마당에서 통발을 손보고 있던 아빠가 빙그레 웃으며 말했어요. 통발은 물고기를 잡기 위해 통같이 만든 고기잡이 기구예요.",
      "srcPage": 6,
      "srcSentenceEA": 4,
      "srcWordEA": 28
    },
    {
      "srcTextID": "3364",
      "srcText": "현서는 아빠가 일하는 굴 양식장으로 갔어요. 굴 껍데기가 줄에 꿰여 줄줄이 매달려 있었어요. “아빠, 다 자란 굴은 어떻게 해요?” ",
      "srcPage": 9,
      "srcSentenceEA": 3,
      "srcWordEA": 20
    },
    {
      "srcTextID": "3366",
      "srcText": "현서는 아빠를 따라 수협 공판장으로 갔어요. 바로 따서 껍데기를 깐 굴을 팔기 위해서예요. 아빠가 수협 공판장에 굴을 내려놓으니 , 공판장에서 일하는 아저씨들이 굴을 꼼꼼하게 살펴보았어요.",
      "srcPage": 11,
      "srcSentenceEA": 3,
      "srcWordEA": 27
    },
    {
      "srcTextID": "3367",
      "srcText": "현서는 이 모습을 열심히 스케치북에 그렸어요. 수협 공판장은 바다에서 나는 것들을 공동으로 파는 곳이에요. 이곳에서는 가장 비싼 값을 부른 사람에게 그 물건을 팔아요.",
      "srcPage": 12,
      "srcSentenceEA": 3,
      "srcWordEA": 25
    },
    {
      "srcTextID": "3376",
      "srcText": " “우리 마을이 참 아름다운 곳이라는 걸 알았어요.” “엄마 아빠가 얼마나 고생하시는지 알았어요.” 아이들은 둥그렇게 둘러앉아 신문을 만들기 시작했어요. ",
      "srcPage": 22,
      "srcSentenceEA": 3,
      "srcWordEA": 19
    },
    {
      "srcTextID": "3356",
      "srcText": "바닷가 마을 아이들이 모두 모였어요. 모두라고 해도 다섯 명이 전부지만요. 지금은 창의적 체험 활동 시간이에요.",
      "srcPage": 2,
      "srcSentenceEA": 3,
      "srcWordEA": 17
    },
    {
      "srcTextID": "3358",
      "srcText": "“우리 집 망구가 새끼를 낳았어요. 그런 것도 되나요?” 꼬마 정범이의 말에 모두 까르르 웃었어요. “그럼요, 우리 마을에 관련된 일이라면 무엇이라도 좋아요.” ",
      "srcPage": 4,
      "srcSentenceEA": 4,
      "srcWordEA": 23
    },
    {
      "srcTextID": "3357",
      "srcText": " “신문요? 우리가 어떻게 신문을 만들어요?” 현서가 걱정스럽게 물었어요. “어려운 일이 아니에요. 가족들이 하는 일이나 우리 마을에서 일어나는 일을 소개하면 돼요.”",
      "srcPage": 5,
      "srcSentenceEA": 4,
      "srcWordEA": 23
    },
    {
      "srcTextID": "3362",
      "srcText": "정인이 와 정범이는 아빠를 따라 바다에 나갔어요. 통발을 건져 올리자, 그 안에 펄떡거리는 장어가 들어 있었어요. “우아, 장어다!” “운이 좋으면 우럭도 잡히는데, 오늘은 낙지랑 게밖에 없구나.” ",
      "srcPage": 7,
      "srcSentenceEA": 4,
      "srcWordEA": 27
    },
    {
      "srcTextID": "3363",
      "srcText": " “뭍으로 가져가 껍데기를 까지. 녀석, 다 알면서.” “아빠, 내가 다 아는 거라도 하나하나 대답해 주셔야 해요. 오늘은 신문기자라니까요.” “그래, 그래.” 아빠는 환하게 웃었어요. 양식은 바다와 강에 사는 물고기, 해조류 등을 사람이 직접 기르는 거예요.",
      "srcPage": 10,
      "srcSentenceEA": 7,
      "srcWordEA": 38
    },
    {
      "srcTextID": "3368",
      "srcText": "“아이, 속상해. 이런 쓰레기들 때문에 물고기가 다 죽잖아.” 민주는 이곳저곳을 찰칵찰칵 사진기로 찍었어요. 갯벌은 바닷물이 드나드는 넓고 평평한 땅이에요. 갯벌에는 수많은 생물들이 살아요.",
      "srcPage": 14,
      "srcSentenceEA": 5,
      "srcWordEA": 27
    },
    {
      "srcTextID": "3372",
      "srcText": "정인이 와 건 이는 읍내로 가는 버스 안에서 우연히 만났어요. “어, 너는 어디 가? 숙제는 다 했어?” “으응, 수협에 아빠 심부름 가.”",
      "srcPage": 17,
      "srcSentenceEA": 4,
      "srcWordEA": 23
    },
    {
      "srcTextID": "3374",
      "srcText": "“어? 나도 수협에 가는데. 우리 고모가 수협에서 일하잖아. 난 우리 고모에 대한 기사를 쓸 거다.” “와, 그거 괜찮은 생각인데?” 정인이 와 건이는 수협에 도착했어요.",
      "srcPage": 18,
      "srcSentenceEA": 5,
      "srcWordEA": 28
    },
    {
      "srcTextID": "3373",
      "srcText": " “건이야, 어쩐 일이야?” 건이 고모가 반갑게 맞아 주었어요. “수협에 대해 취재하려고.” ",
      "srcPage": 19,
      "srcSentenceEA": 3,
      "srcWordEA": 12
    },
    {
      "srcTextID": "3375",
      "srcText": "고모는 씽긋 웃으며 친절하게 이야기해 주었어요. “수협은 은행처럼 돈을 관리해 주고, 어촌 사람들이 일하는 데 필요한 돈을 빌려주는 곳이야. 또 어촌의 특산물을 알리는 일도 해.” 건이는 수첩에 꼼꼼히 받아 적었어요. 수협은 ‘수산업 협동조합’을 줄여서 부르는 말이에요.  어촌의 생산물을 공동으로 판매하고 은행처럼 돈을 관리하는 일을 하는 곳이에요.",
      "srcPage": 20,
      "srcSentenceEA": 7,
      "srcWordEA": 52
    },
    {
      "srcTextID": "3378",
      "srcText": "아이들이 다시 모였어요. “오늘은 취재한 것으로 신문을 만들 거예요. 기자가 되어 보니 어땠어요?” “여기저기 돌아다니느라 너무 힘들었어요.” ",
      "srcPage": 21,
      "srcSentenceEA": 4,
      "srcWordEA": 18
    },
    {
      "srcTextID": "3377",
      "srcText": " 커다란 도화지에 기사를 쓰고 사진을 붙였어요. 그림을 그리기도 하고 색종이를 오려 붙이기도 했어요. 이렇게 해서 드디어 마을 신문이 완성되었어요.",
      "srcPage": 23,
      "srcSentenceEA": 3,
      "srcWordEA": 22
    },
    {
      "srcTextID": "3382",
      "srcText": "우리 아빠는 멋진 어부입니다. 아빠는 매일 새벽에 바다로 나가요. 전날 바다에 놓은 통발을 거두어들여요. 미끼를 먹으러 들어온 장어가 통발에 가득하면, 아빠는 우리에게 옷도 사 주고 공책도 사 주어요. ",
      "srcPage": 24,
      "srcSentenceEA": 4,
      "srcWordEA": 31
    },
    {
      "srcTextID": "3379",
      "srcText": "  나는 아빠가 세상에서 제일 좋아요. 통발 낚시는 어린 물고기를 보호해서 좋아요! 그물을 쓰면 어린 물고기까지 모두 잡힌대요.",
      "srcPage": 25,
      "srcSentenceEA": 3,
      "srcWordEA": 21
    },
    {
      "srcTextID": "3380",
      "srcText": " 하지만 통발로 물고기를 잡으면 큰 물고기만 잡히고, 어린 물고기들은 통발 사이로 쏙쏙 빠져나가요. 통발은 어린 물고기들을 보호해서 좋아요. 우리 마을의 자랑, 맛있는 굴 우리 마을은 싱싱한 굴로 유명합니다. ",
      "srcPage": 26,
      "srcSentenceEA": 3,
      "srcWordEA": 31
    },
    {
      "srcTextID": "3381",
      "srcText": "바다에서 걷어 올린 굴은 수협 공판장으로 보내집니다. 굴은 바다에서 나는 우유라고 할 만큼 몸에도 좋습니다. 손가락 암호로 굴을 사고파는 장면은 정말 신기합니다. ",
      "srcPage": 27,
      "srcSentenceEA": 3,
      "srcWordEA": 24
    },
    {
      "srcTextID": "3383",
      "srcText": "우리 집 굴도 비싼 값에 팔려 우리 아빠 얼굴에 웃음꽃이 피었습니다. 정범이네 집 망구가 새끼를 다섯 마리나 낳았어요. 엄청 귀여우니까, 강아지 키우고 싶은 사람은 빨리 오세요. 먼저 오는 세 사람에게만 줍니다.",
      "srcPage": 28,
      "srcSentenceEA": 4,
      "srcWordEA": 34
    },
    {
      "srcTextID": "3390",
      "srcText": "바지락, 고둥을 먹게 해 주는 갯벌이 최고야! 우리 마을 갯벌에서는 고둥, 바지락, 낙지, 게가 아주 많이 살아요. 바로 삶아 먹으면 꼬들꼬들한 고둥에, 국물 맛이 끝내주는 바지락에, 쫄깃쫄깃한 낙지까지 모두 맛있어요.",
      "srcPage": 29,
      "srcSentenceEA": 3,
      "srcWordEA": 32
    },
    {
      "srcTextID": "3389",
      "srcText": " 지금 바지락을 캘 때니까 많이들 사러 오세요. 우리 마을을 부자로 만들어 주는 수협 수협은 읍내에 있어요. 그물이 망가지거나 배를 고치는 데 돈이 필요한 사람들은 수협으로 오세요. ",
      "srcPage": 30,
      "srcSentenceEA": 3,
      "srcWordEA": 29
    },
    {
      "srcTextID": "3391",
      "srcText": "우리 마을 특산물도 선전해 준대요. 그것 말고도 정말 하는 일이 많아요. 참, 수협에서 일하는 우리 고모에게 어울릴 만한 신랑감이 있으면 연락하세요",
      "srcPage": 31,
      "srcSentenceEA": 3,
      "srcWordEA": 23
    },
    {
      "srcTextID": "3392",
      "srcText": "현장 고발 지난여름, 우리 마을 바닷가에 놀러 와서 함부로 쓰레기를 버린 사람들을 고발합니다. 앞으로는 자기가 버린 쓰레기는 반드시 치우고 가 주세요. 쓰레기 때문에 바다가 숨을 쉴 수가 없대요.",
      "srcPage": 32,
      "srcSentenceEA": 3,
      "srcWordEA": 30
    },
    {
      "srcTextID": "3388",
      "srcText": " 소바리 마을 아이들이 해수욕장에 있는 쓰레기를 치웠습니다. 여기저기 피서객들이 버리고 간 쓰레기가 무척 많았습니다. 앞으로 피서객들이 해수욕장을 깨끗하게 이용하도록, 여름이 되면 마을 아이들이 모두 나서서 알리기로 했습니다. 우리 마을 바다는 우리가 지켜야 합니다.",
      "srcPage": 33,
      "srcSentenceEA": 4,
      "srcWordEA": 37
    },
    {
      "srcTextID": "3354",
      "srcText": "여기는 우리나라 남쪽에 있는 작은 바닷가 마을 소바리예요. 남쪽 바다는 파도가 잔잔하고 바닷물이 따뜻하지요. 바닷가 마을에는 집들이 옹기종기 모여 있어요. 바다에는 작은 고기잡이배들이 떠 있고 저 멀리 크고 작은 섬들이 보여요. ",
      "srcPage": 1,
      "srcSentenceEA": 4,
      "srcWordEA": 34
    },
    {
      "srcTextID": "3355",
      "srcText": "“오늘은 우리 마을을 소개하는 신문을 만들 거예요. 신문을 만들려면 먼저 취재해야겠죠.” 선생님이 펼친 신문을 보며 말했어요. 취재는 글을 쓰거나 신문 기사를 쓸 때 필요한 내용을 조사하는 일이에요",
      "srcPage": 3,
      "srcSentenceEA": 4,
      "srcWordEA": 30
    },
    {
      "srcTextID": "3361",
      "srcText": " “물고기들은 바보인가 봐. 잡힐 줄 알면서 왜 통발로 들어갈까?” 정범이의 말에 아빠가 함박웃음을 지었어요. “미끼를 먹으려고 들어오는 거야. 하긴 지나가다가 그냥 들어오기도 하니까 바보는 바보지.” 아빠와 정범이가 웃는 사이, 정인이는 수첩에 무언가를 열심히 적었어요.",
      "srcPage": 8,
      "srcSentenceEA": 6,
      "srcWordEA": 38
    },
    {
      "srcTextID": "3369",
      "srcText": "민주는 갯벌에서 일하는 엄마를 만나러 가는 길이에요. 해수욕장을 지나면 갯벌이 나오는데, 해수욕장 곳곳에 더러운 쓰레기가 버려져 있었어요. 지난여름 바닷가에 놀러 온 사람들이 버리고 간 거예요.",
      "srcPage": 13,
      "srcSentenceEA": 3,
      "srcWordEA": 27
    },
    {
      "srcTextID": "3371",
      "srcText": "갯벌에서 마을 아주머니들이 열심히 조개를 캐고 있었어요. “우아, 바지락이 정말 많다.” 민주가 양동이를 들여다보며 말했어요. ",
      "srcPage": 15,
      "srcSentenceEA": 3,
      "srcWordEA": 16
    },
    {
      "srcTextID": "3370",
      "srcText": "\"민주 왔구나. 요즘 바지락 철이잖니.” 엄마는 호미질을 멈추지 않고 대답했어요. “어디 바지락뿐이야? 갯벌에 먹을 것투성이지.” 민주는 갯벌 위를 이리저리 돌아다니며 찰칵찰칵 사진을 찍었어요.",
      "srcPage": 16,
      "srcSentenceEA": 6,
      "srcWordEA": 27
    }
  ]
}