{
  "title": "하양이와 까망이",
  "author": "나난별",
  "illustrator": "김아녜스",
  "isbn": "9791165433666",
  "readAge": "초등_고학년",
  "publishedYear": 2021,
  "publisher": "아람키즈",
  "classification": "사회관계",
  "paragraphInfoCount": 18,
  "paragraphInfo": [
    {
      "srcTextID": "8833",
      "srcText": "빛깔들은 자신의 빛깔만으로는 부족하다고 생각했어요. 그래서 서로의 빛깔을 조금씩 나누기로 했어요. 노랑이는 친절한 까망이를 찾아갔어요.",
      "srcPage": 7,
      "srcSentenceEA": 3,
      "srcWordEA": 17
    },
    {
      "srcTextID": "8832",
      "srcText": "“까망아, 너의 빛깔을 조금만 나누어 줄래?” 까망이는 활짝 웃으며 고개를 끄덕였어요. 노랑이는 까만 점을 만들어 제 몸을 멋지게 꾸몄어요. 노랑이를 본 다른 친구들도 까망이를 찾아갔어요. ",
      "srcPage": 8,
      "srcSentenceEA": 4,
      "srcWordEA": 28
    },
    {
      "srcTextID": "8837",
      "srcText": "시간이 지날수록 빛깔들은 점점 멋진 빛깔이 되었어요. 하지만 까망이는 빛깔을 나눌 때마다 점점 제 빛깔이 사라져 갔어요. 까망이는 제 빛깔을 나눠 줄 뿐 다른 빛깔을 받지는 않았거든요. 빛깔들은 까망이에게 진심으로 고마워했어요.",
      "srcPage": 12,
      "srcSentenceEA": 4,
      "srcWordEA": 34
    },
    {
      "srcTextID": "8838",
      "srcText": "“태양의 빛깔은 당연히 내가 될 거야!” 다른 빛깔들을 모두 얻은 하양이는 아주 자신만만했어요. 하지만 하양이를 본 다른 빛깔들은 모두 깜짝 놀랐어요. “왜? 왜 그런 눈으로 보는 거야?” 하양이는 빛깔들을 빼앗는 데 온 힘을 쏟느라 제 빛깔이 이상해지는 것도 몰랐어요.",
      "srcPage": 13,
      "srcSentenceEA": 5,
      "srcWordEA": 43
    },
    {
      "srcTextID": "8835",
      "srcText": "다른 빛깔들이 예뻐지는 모습을 본 하양이는 조금씩 불안해졌어요. 가만히 있다가는 태양의 빛깔이 될 수 없을 것 같았거든요. 하양이는 다짜고짜 빨강이에게 달려갔어요. “네 빛깔을 좀 줘.”",
      "srcPage": 9,
      "srcSentenceEA": 4,
      "srcWordEA": 27
    },
    {
      "srcTextID": "8834",
      "srcText": " 빨강이는 방긋 웃으며 하양이에게 색을 나눠 줬어요. 하지만 하양이는 빨강을 받고는 냉큼 가버렸어요. “어? 하양아! 너도 네 빛깔을 나눠 줘야지.”",
      "srcPage": 10,
      "srcSentenceEA": 4,
      "srcWordEA": 24
    },
    {
      "srcTextID": "8826",
      "srcText": "하양이는 누구보다 스스로를 자랑스럽게 여겼어요. “세상에서 나만큼 깨끗한 빛깔은 없을 거야.” 하양이는 한껏 으스대며 다른 빛깔들을 멀리했어요. “다른 빛깔들과 어울리면 내 하얀 빛깔이 얼룩진단 말이야!” ",
      "srcPage": 1,
      "srcSentenceEA": 4,
      "srcWordEA": 26
    },
    {
      "srcTextID": "8827",
      "srcText": "다른 빛깔들은 늘 자신이 최고라는 하양이가 얄미웠어요. 하지만 깨끗하고 밝은 하양이가 부럽기도 했어요. “하양이와 친하게 지내면 얼마나 좋을까? 그러면 나는 고운 분홍빛이 될 수 있을 텐데.” 빨강이의 말에 다른 빛깔들은 고개를 끄덕였어요. 하지만 하양이는 못 들은 척했어요. ",
      "srcPage": 2,
      "srcSentenceEA": 6,
      "srcWordEA": 41
    },
    {
      "srcTextID": "8829",
      "srcText": "어느 날, 온통 새까만 빛깔이 나타났어요. “안녕! 난 까망이야. 우리 친하게 지내자!” 까망이가 다가오자 다른 빛깔들은 놀라며 몇 걸음씩 뒤로 물러났어요.",
      "srcPage": 3,
      "srcSentenceEA": 4,
      "srcWordEA": 24
    },
    {
      "srcTextID": "8830",
      "srcText": "그러던 어느 날, 하늘에서 커다란 소리가 들려왔어요. “세상에서 가장 아름다운 빛깔을 뽑아 나의 빛깔로 삼겠노라.” 그것은 하늘에 떠 있는 태양의 목소리였어요.  세상의 모든 빛깔은 태양의 빛깔이 되고 싶었어요. ",
      "srcPage": 6,
      "srcSentenceEA": 4,
      "srcWordEA": 31
    },
    {
      "srcTextID": "8836",
      "srcText": "하양이는 다른 빛깔들에게도 빛깔을 받기만 하고 제 빛깔을 나눠 주지 않았어요. “저밖에 모르는 욕심쟁이!” 하양이를 볼 때마다 제 빛깔을 나눠 준 친구들은 화가 났어요. 하지만 점점 더 화려해지는 하양이가 부러운 건 어쩔 수 없었어요. ",
      "srcPage": 11,
      "srcSentenceEA": 4,
      "srcWordEA": 36
    },
    {
      "srcTextID": "8841",
      "srcText": "하양이는 까망이를 찾아갔어요. “까망아, 나에게도 네 빛깔을 줘야겠어.” 그러면서 까망이의 겨우 남은 까만 점을 제 몸에 옮겨 놓았어요.",
      "srcPage": 15,
      "srcSentenceEA": 3,
      "srcWordEA": 19
    },
    {
      "srcTextID": "8840",
      "srcText": "그러자 하양이는 온통 새까만 빛깔이 되었고, 까망이는 밝은 빛을 내며 반짝였어요. 바로 그때, 하늘에서 태양이 까망이를 가리키며 말했어요. “드디어 찾았구나, 세상에서 가장 아름다운 빛깔을!”",
      "srcPage": 16,
      "srcSentenceEA": 3,
      "srcWordEA": 25
    },
    {
      "srcTextID": "8843",
      "srcText": "모두 까망이를 축하해 주었어요. 딱 하나, 하양이만 빼고요. “까망이 너 때문이야. 내 빛깔로 돌려놓으라고! 얼른!” ",
      "srcPage": 17,
      "srcSentenceEA": 5,
      "srcWordEA": 18
    },
    {
      "srcTextID": "8842",
      "srcText": "그러자 까망이가 말했어요. “하양아, 나도 원래는 너처럼 하양 빛깔이었어. 욕심을 부리기 전까지는 말이야.” 까망이의 말을 듣고 한참을 생각하던 새까매진 하양이는 뭔가를 깨달은 듯 친구들에게 사과하기 위해 쭈뼛쭈뼛 다가갔어요. ",
      "srcPage": 18,
      "srcSentenceEA": 4,
      "srcWordEA": 30
    },
    {
      "srcTextID": "8828",
      "srcText": "“가, 가까이 오지 마. 난 더 어두워지고 싶지 않아.” 까망이는 서운했지만 씩씩하게 말했어요. “걱정하지 마. 내 빛깔을 너희에게 옮기지 않을게.”",
      "srcPage": 4,
      "srcSentenceEA": 5,
      "srcWordEA": 23
    },
    {
      "srcTextID": "8831",
      "srcText": "까망이는 다른 빛깔들과 금세 친구가 되었어요. 까망이는 무척 친절했거든요. 친절한 까망이를 멀리하는 빛깔은 하양이뿐이었어요. ",
      "srcPage": 5,
      "srcSentenceEA": 3,
      "srcWordEA": 16
    },
    {
      "srcTextID": "8839",
      "srcText": "빛깔들은 하양이가 걱정되었어요. “하양이가 점점 이상하게 변하고 있어.” “하양이에게 빛깔을 그만 모으라고 말했는데 전혀 듣질 않아!” 하지만 하양이는 거울을 보며 코웃음을 쳤지요. “흥! 두고 봐. 마지막으로 까망이의 빛깔만 얻으면 난 완전한 빛깔이 될 테니까.”",
      "srcPage": 14,
      "srcSentenceEA": 6,
      "srcWordEA": 37
    }
  ]
}