{
  "title": "루이 브라유와 점 여섯 개",
  "author": "서진희, 하늘땅",
  "illustrator": "나명남",
  "isbn": "9791128220944",
  "readAge": "초등_고학년",
  "publishedYear": 2018,
  "publisher": "아람북스",
  "classification": "사회관계",
  "paragraphInfoCount": 22,
  "paragraphInfo": [
    {
      "srcTextID": "1627",
      "srcText": "“루이, 이게 뭔지 맞혀 봐.” “둥글고 반들반들해. 킁킁, 향긋한 냄새도 나네. 사과 맞지?”마을 성당에 새로 온 신부님도 루이를 따뜻하게 보살폈어요. ",
      "srcPage": 5,
      "srcSentenceEA": 5,
      "srcWordEA": 23
    },
    {
      "srcTextID": "1630",
      "srcText": "신부님은 똑똑한 루이가 마을 학교에 다닐 수 있도록 힘써 주었지요. 학교에 입학한 루이는 귀를 쫑긋 세웠어요. 한번 들은 것은 모두 다 기억했지요.",
      "srcPage": 6,
      "srcSentenceEA": 3,
      "srcWordEA": 24
    },
    {
      "srcTextID": "1629",
      "srcText": " “지난 시간에 배운 것을 말해 볼 사람?” “선생님! 그건 아마 루이밖에 없을걸요?” 앞을 볼 수 없는 루이를 놀려 대던 아이들도 어느덧 루이의 친구가 되었지요.",
      "srcPage": 7,
      "srcSentenceEA": 3,
      "srcWordEA": 26
    },
    {
      "srcTextID": "1770",
      "srcText": "점자책은 다 태워 버려요!\" 그러고는 루이가 10년 넘게 만든 점자책들을 모두 태워 버렸어요. 루이는 절망했어요. 하지만 루이가 가르치던 학생들이 큰 힘이 되었지요. 교장 선생님 몰래 루이의 점자를 썼거든요. ",
      "srcPage": 16,
      "srcSentenceEA": 5,
      "srcWordEA": 32
    },
    {
      "srcTextID": "1769",
      "srcText": "“교장 선생님, 만약 루이의 점자가 유명해지면, 교장 선생님도 함께 유명해지지 않을까요?” 교장 선생님은 직원이 하는 말에 귀가 솔깃했어요. “흠, 학교에 도움이 된다면 허락하지요.”",
      "srcPage": 17,
      "srcSentenceEA": 3,
      "srcWordEA": 24
    },
    {
      "srcTextID": "1773",
      "srcText": "얼마 뒤, 왕립 맹아 학교에 수많은 사람들이 모였고, 루이가 만든 점자 설명회가 열렸어요. 모두가 숨죽이며 지켜보았지요. “오!  이건 마술이야!” ",
      "srcPage": 18,
      "srcSentenceEA": 3,
      "srcWordEA": 22
    },
    {
      "srcTextID": "1631",
      "srcText": "하지만 친구들이 입을 모아 책을 읽을 때면 루이는 아무것도 할 수 없었어요. 그저 반들반들한 종이를 쓰다듬을 뿐이었지요. ‘내가 읽을 수 있는 책이 있다면 얼마나 좋을까!’ ",
      "srcPage": 8,
      "srcSentenceEA": 3,
      "srcWordEA": 27
    },
    {
      "srcTextID": "1771",
      "srcText": "사람들은 모두 일어나 박수를 쳤어요. 루이도 기쁨을 감출 수 없었지요. 교장 선생님이 책을 읽었어요. ",
      "srcPage": 19,
      "srcSentenceEA": 3,
      "srcWordEA": 16
    },
    {
      "srcTextID": "1774",
      "srcText": " 루이가 만든 점자는 전 세계로 퍼져 나갔어요. 앞을 볼 수 없는 수많은 사람들이 루이의 점자로 동화책도 읽고, 일기도 쓸 수 있었지요. 그 사람들 중에는 헬렌 켈러도 있었어요. ",
      "srcPage": 21,
      "srcSentenceEA": 3,
      "srcWordEA": 30
    },
    {
      "srcTextID": "1624",
      "srcText": "“엄마, 엄마!” 루이가 소리치며 벌떡 일어났어요. 온몸이 식은땀으로 흠뻑 젖었지요. 놀란 가족들이 루이의 방으로 달려왔어요. ",
      "srcPage": 1,
      "srcSentenceEA": 4,
      "srcWordEA": 18
    },
    {
      "srcTextID": "1625",
      "srcText": "몇 달 전, 루이는 아빠의 작업실에서 놀고 있었어요. 루이는 아빠처럼 무언가를 만들어 보고 싶어서 송곳으로 가죽을 콕콕 찍었지요. 그때였어요. “악!” 날카로운 송곳에 그만 눈을 찔린 거예요. ",
      "srcPage": 3,
      "srcSentenceEA": 4,
      "srcWordEA": 29
    },
    {
      "srcTextID": "1633",
      "srcText": "신부님 말씀대로 왕립 맹아 학교에는 손바닥만 한 글자가 볼록 튀어나온 책이 있었어요. 루이는 떨리는 손으로 글자를 더듬었어요. ‘아, 내가 책을 읽고 있다니.’ ",
      "srcPage": 10,
      "srcSentenceEA": 3,
      "srcWordEA": 24
    },
    {
      "srcTextID": "1635",
      "srcText": "그러던 어느 날, 루이는 ‘야간 문자’를 배우게 되었어요. 루이와 친구들은 그날부터 간단한 이야기는 야간 문자를 써서 주고받았어요. 그런데 조금만 편지를 길게 쓰려면 점을 수백 개나 찍어야 했지요.  ‘점이 너무 많아서 읽고 쓰는 게 힘들어. 다른 방법이 없을까?’",
      "srcPage": 11,
      "srcSentenceEA": 6,
      "srcWordEA": 43
    },
    {
      "srcTextID": "1637",
      "srcText": "3년이 지나자 루이도 점점 지쳐 갔어요. 그러던 어느 날 머릿속에 무언가 번뜩 떠올랐어요. ‘맞아! 내가 왜 그 생각을 못 했지?’",
      "srcPage": 12,
      "srcSentenceEA": 4,
      "srcWordEA": 23
    },
    {
      "srcTextID": "1639",
      "srcText": " 루이도 덩달아 신이 났지요. “우리가 읽을 수 있는 책도 만들 거야!” 루이는 곧 점자책을 만들기 시작했어요. 등줄기가 아프고 손가락이 뻣뻣해질 때까지 말이에요.",
      "srcPage": 14,
      "srcSentenceEA": 4,
      "srcWordEA": 25
    },
    {
      "srcTextID": "1772",
      "srcText": "앞을 볼 수 없는 학생이 그 내용을 점자로 빠르게 받아 적었지요.  잠시 뒤, 밖에 있던 다른 학생이 들어왔어요. 물론 앞을 볼 수 없는 학생이었어요. 학생은 점자를 또박또박 읽었지요.",
      "srcPage": 20,
      "srcSentenceEA": 4,
      "srcWordEA": 32
    },
    {
      "srcTextID": "1775",
      "srcText": "루이가 만든 여섯 개의 점은 앞을 보는 사람이든, 못 보는 사람이든 모두 똑같은 꿈을 꿀 수 있게 도와준 거예요. 루이의 점자는 1854년, 파리의 모든 맹아 학교에서 공식적으로 사용되기 시작했어요.  그 이후 전 세계로 퍼져 나간 것이지요.",
      "srcPage": 22,
      "srcSentenceEA": 3,
      "srcWordEA": 39
    },
    {
      "srcTextID": "1623",
      "srcText": " “그래그래, 엄마 여기 있어.” 엄마가 루이를 꼭 안아 주자, 팔딱거리던 루이의 가슴이 잠잠해졌어요. ‘오, 불쌍한 루이…….’ 지켜보던 아빠와 누나도 눈물을 삼켰지요.",
      "srcPage": 2,
      "srcSentenceEA": 4,
      "srcWordEA": 24
    },
    {
      "srcTextID": "1626",
      "srcText": "소리를 듣고 아빠가 달려왔지만 아무 소용이 없었어요. 루이는 결국 앞을 볼 수 없게 되었지요. 루이의 아버지는 가죽으로 말안장과 도구를 만드는 일을 했어요. 아버지의 작업실에서 놀던 루이는 세 살 때 한쪽 눈을 송곳에 찔렸지요. 다른 쪽 눈마저 감염되어 이듬해에는 완전히 앞을 못 보게 되었어요. ",
      "srcPage": 4,
      "srcSentenceEA": 5,
      "srcWordEA": 47
    },
    {
      "srcTextID": "1632",
      "srcText": "그러던 어느 날, 신부님이 기쁜 소식을 갖고 왔어요. “루이, 네가 ‘왕립 맹아 학교’에 갈 수 있게 되었어. 그곳에는 네가 읽을 수 있는 책이 있단다.”",
      "srcPage": 9,
      "srcSentenceEA": 4,
      "srcWordEA": 26
    },
    {
      "srcTextID": "1640",
      "srcText": "루이가 만든 점자를 만져 본 친구들도 신이 났어요. “우아! 굉장한데? 점의 개수가 적으니 무슨 글자인지 단박에 알겠어!” “이제 편지랑 일기도 얼마든지 쓸 수 있겠는걸!” ",
      "srcPage": 13,
      "srcSentenceEA": 4,
      "srcWordEA": 26
    },
    {
      "srcTextID": "1641",
      "srcText": "루이는 졸업한 뒤 자신이 만든 점자를 널리 알리기 위해 학교에 남아 선생님이 되었어요. 하지만 새로 온 교장 선생님은 루이가 만든 점자를 좋아하지 않았지요. “이런 확실하지도 않은 글자를 쓰다니! ",
      "srcPage": 15,
      "srcSentenceEA": 3,
      "srcWordEA": 29
    }
  ]
}