{
  "title": "슈퍼맨을 찾아라!",
  "author": "팽민희",
  "illustrator": "손율",
  "isbn": "9791157590704",
  "readAge": "초등_고학년",
  "publishedYear": 2015,
  "publisher": "아람북스",
  "classification": "사회관계",
  "paragraphInfoCount": 17,
  "paragraphInfo": [
    {
      "srcTextID": "125302",
      "srcText": "최민주 평소에는 얌전하고 조용하다. 반에서 눈에 잘 띄지도 않는다. 하지만 보통 아이들이 출 수 없는 멋진 춤을 춘다.",
      "srcPage": 12,
      "srcSentenceEA": 3,
      "srcWordEA": 20
    },
    {
      "srcTextID": "125303",
      "srcText": "그동안 슈퍼맨들이 얼마나 많이 숨어 있었던 거야? 나는 그만 지쳐서 벤치에 털썩 주저앉았어. 그때 눈에 들어온 건 철없는 내 동생이었어. 그런데 왜 저렇게 내 동생을 보고 할아버지, 할머니들이 좋아하는 거지?",
      "srcPage": 13,
      "srcSentenceEA": 4,
      "srcWordEA": 33
    },
    {
      "srcTextID": "125305",
      "srcText": "저 녀석 봐라? 할아버지, 할머니 들한테 꼬박꼬박 인사도 잘하네? 거기다가 작은 손으로 어깨까지 주무르잖아? “어, 시원하다. 시원해.” 할아버지, 할머니 들이 저렇게 환하게 웃는 건 처음 봐. 저렇게 누군가를 행복하게 만들 수 있는 건 슈퍼맨밖에 없는데.",
      "srcPage": 14,
      "srcSentenceEA": 7,
      "srcWordEA": 40
    },
    {
      "srcTextID": "125306",
      "srcText": "난 머릿속이 복잡해졌어. 말라깽이 보람이 형, 보통 여자아이인 이수진, 우리 반에서 제일 조용한 최민주, 거기에 철없는 내 동생까지. 모두가 평범하다고 생각했는데 알고 보니 전부 슈퍼맨이라니.",
      "srcPage": 16,
      "srcSentenceEA": 3,
      "srcWordEA": 27
    },
    {
      "srcTextID": "125300",
      "srcText": "어쩌면 슈퍼맨은 여러 명일지도 몰라. 그때 공원 한쪽에서 신나는 음악 소리가 들렸어. 얼른 그쪽으로 가 보았는데, 내 눈을 믿을 수가 없었어. 그곳에서 민주가 춤을 추고 있었거든. 우리 반에서 가장 조용하고, 얌전한 민주가 저렇게 멋진 춤을?",
      "srcPage": 10,
      "srcSentenceEA": 5,
      "srcWordEA": 39
    },
    {
      "srcTextID": "125301",
      "srcText": "그래, 슈퍼맨은 평소에 절대 멋지게 보이지 않지. 그러다가 어느 한순간에 변신하는 게 슈퍼맨이잖아? 세상에! 공중에서 두 바퀴나 돌았어! 이건 우리 같은 아이가 할 수 있는 게 아니야. 민주는 슈퍼맨이 틀림없어.",
      "srcPage": 11,
      "srcSentenceEA": 6,
      "srcWordEA": 35
    },
    {
      "srcTextID": "125299",
      "srcText": "이수진 보통의 여자아이지만 목소리가 엄청 크다. 기차 화통을 삶아 먹은 것 같다. 아무리 시끄러워도 수진이 목소리는 잘 들린다. 참고 못된 짓을 하는 남자아이를 멋지게 혼낸다.",
      "srcPage": 9,
      "srcSentenceEA": 4,
      "srcWordEA": 28
    },
    {
      "srcTextID": "125291",
      "srcText": "세상에서 가장 멋진 사람이 누군지 아니? 바로 슈퍼맨이야. 빨간 망토를 펄럭이며 하늘을 날아다니는 슈퍼맨! 딱 한 번만이라도 슈퍼맨을 만날 수 있다면 정말 좋을 텐데. 그래, 결심했어! 슈퍼맨을 직접 찾아 나서는 거야.",
      "srcPage": 1,
      "srcSentenceEA": 6,
      "srcWordEA": 36
    },
    {
      "srcTextID": "125304",
      "srcText": "내 동생 아주 작고 말도 잘 못하는 꼬마다. 하지만 할아버지, 할머니만 보면 인사를 잘하고 어깨를 주물러 드린다. 사람들을 행복하게 만든다.",
      "srcPage": 15,
      "srcSentenceEA": 3,
      "srcWordEA": 22
    },
    {
      "srcTextID": "125307",
      "srcText": "난 거울을 보며 생각했어. 나도 평범하긴 마찬가지인데. 난 어떤 것을 잘할 수 있지? 그때 머릿속에 번개처럼 생각이 지나갔어. “찾았다! 슈퍼맨!” 그게 누구냐면 바로 나야, 나! 슈퍼맨을 알아보는 눈을 가진 나도 바로 바로 슈퍼맨이라고!",
      "srcPage": 17,
      "srcSentenceEA": 7,
      "srcWordEA": 39
    },
    {
      "srcTextID": "125292",
      "srcText": "슈퍼맨을 만나려면 여러 가지 준비물이 필요하지. 멀리서도 슈퍼맨을 찾을 수 있는 망원경! 슈퍼맨을 찍을 카메라! 거기에 슈퍼맨의 특징을 적을 메모장까지!",
      "srcPage": 2,
      "srcSentenceEA": 4,
      "srcWordEA": 23
    },
    {
      "srcTextID": "125293",
      "srcText": "무작정 나오긴 했지만, 어디서부터 찾아야 할지 막막했어. 주위를 두리번거리는데 바로 그때, 저 멀리 할머니 옆에서 커다란 상자를 들고 가는 게 누구지? 말라깽이 보람이 형이잖아!",
      "srcPage": 3,
      "srcSentenceEA": 3,
      "srcWordEA": 26
    },
    {
      "srcTextID": "125295",
      "srcText": "슈퍼맨은 힘이 아주 세. 하지만 평소에는 아무도 슈퍼맨인지 모르지. 보람이 형이 나이는 두 살이나 많지만 키도 작고 나보다 더 말라깽이라고만 생각했는데, 저렇게 커다란 상자를 가뿐히 들다니. 혹시 보람이 형이 진짜 슈퍼맨? 난 메모장에 얼른 보람이 형의 특징을 적었지.",
      "srcPage": 4,
      "srcSentenceEA": 5,
      "srcWordEA": 42
    },
    {
      "srcTextID": "125294",
      "srcText": "보람이 형 커다란 상자를 번쩍 들 정도로 힘이 세다. 키는 작고 몸은 말랐지만, 자세히 보니 아주 튼튼해 보인다. 커다란 안경 속에서 눈이 번쩍번쩍 빛난다.",
      "srcPage": 5,
      "srcSentenceEA": 3,
      "srcWordEA": 26
    },
    {
      "srcTextID": "125297",
      "srcText": "이번에는 사람이 많은 공원으로 갔어. 어디선가 커다란 소리가 들렸어. “너 자꾸 고무줄 끊으면 나한테 혼날 줄 알아!”",
      "srcPage": 6,
      "srcSentenceEA": 3,
      "srcWordEA": 18
    },
    {
      "srcTextID": "125296",
      "srcText": "바로, 수진이였어. 수진이의 커다란 목소리에 모두들 깜짝 놀랐지. 말썽쟁이 동호 얼굴은 토마토처럼 빨개졌어.",
      "srcPage": 7,
      "srcSentenceEA": 3,
      "srcWordEA": 15
    },
    {
      "srcTextID": "125298",
      "srcText": "우리 엄마가 나를 혼낼 때보다 더 큰 목소리! 저렇게 큰 목소리라면 누군가 위험할 때, 도와 달라고 외치기도 좋을 거야. 더군다나 못 말리는 말썽쟁이 동호를 혼내다니! 그거야말로 슈퍼맨이니까 가능한 거지. 그런데 슈퍼맨이 여자일 수도 있나? 이건 예상하지 못한 일이지만, 일단 적어 둬야지.",
      "srcPage": 8,
      "srcSentenceEA": 6,
      "srcWordEA": 46
    }
  ]
}