{
  "title": "모이! 겨울 왕국으로 초대할게",
  "author": "정율희",
  "illustrator": "엄수지",
  "isbn": "9791128215056",
  "readAge": "초등_고학년",
  "publishedYear": 2018,
  "publisher": "아람북스",
  "classification": "사회관계",
  "paragraphInfoCount": 16,
  "paragraphInfo": [
    {
      "srcTextID": "10926",
      "srcText": "앗! 썰매를 끄는 순록이야. 순록들이 힘차게 발걸음을 내딛자, 썰매가 미끄러지듯 스르르 눈밭을 달려. 어디로 가는 걸까? 우하하, 하하! 누군가 웃고 있는 소리가 들려!",
      "srcPage": 8,
      "srcSentenceEA": 5,
      "srcWordEA": 28
    },
    {
      "srcTextID": "10929",
      "srcText": "벌써 주위가 캄캄해졌어. 겨울밤은 정말 춥고 길어. 썰매를 타고 숲을 지나 눈밭을 헤치며 이번에는 어디로 가 볼까? 타닥! 타닥! 어, 이건 또 무슨 소리지?",
      "srcPage": 11,
      "srcSentenceEA": 6,
      "srcWordEA": 29
    },
    {
      "srcTextID": "63321",
      "srcText": "엄청나게 뜨거운 돌에 찬물을 끼얹고 있네. 그런데 돌이 식기는커녕 뜨거운 김이 모락모락 올라오지, 뭐야! 세상에, 사람들이 사우나를 하고 있어. 탁! 탁! 탁탁탁! 이건 또 무슨 소리지? 핀란드에는 핀란드 사람들 모두가 동시에 이용할 수 있을 정도로 사우나가 많아요.",
      "srcPage": 2,
      "srcSentenceEA": 8,
      "srcWordEA": 44
    },
    {
      "srcTextID": "10918",
      "srcText": "한겨울에 얼음물로 뛰어들다니! 나 같은 꼬마 친구들도 보여. 정말 대단해! 냠냠! 쩝쩝! 어, 그런데, 무얼 먹는 소리지?",
      "srcPage": 5,
      "srcSentenceEA": 6,
      "srcWordEA": 22
    },
    {
      "srcTextID": "10928",
      "srcText": "산타클로스 우체국에서 우표에 도장을 찍고 있네. 산타 할아버지를 돕는 요정들인가 봐. 세계 여러 나라의 꼬마 친구들이 보낸 편지를 읽고, 산타 할아버지를 도와 답장을 보내 주고 있어. 나도 산타 할아버지에게 편지 쓸래. 그럼, 답장을 받을 수 있을 거야.",
      "srcPage": 10,
      "srcSentenceEA": 5,
      "srcWordEA": 41
    },
    {
      "srcTextID": "10930",
      "srcText": "모닥불이 활활 타오르고 있네. 사람들이 모여 불을 쬐고 있어. 그중에는 오로라 사냥꾼도 있었지.",
      "srcPage": 12,
      "srcSentenceEA": 3,
      "srcWordEA": 15
    },
    {
      "srcTextID": "10931",
      "srcText": "잠시 후 오로라 사냥꾼이 하늘을 가리키며 외쳤어. “불의 여우다!” “정말 아름다워!” 오로라가 신비로운 빛깔로 출렁이고 있었어. “불의 여우가 꼬리를 흔들고 있군요.”",
      "srcPage": 13,
      "srcSentenceEA": 5,
      "srcWordEA": 22
    },
    {
      "srcTextID": "10932",
      "srcText": "핀란드 사람들은 오로라를 불의 여우라고 부르지. 불의 여우는 행복을 가져온다고 해. 봐, 정말 모두가 행복하게 웃고 있잖아.",
      "srcPage": 14,
      "srcSentenceEA": 3,
      "srcWordEA": 19
    },
    {
      "srcTextID": "63322",
      "srcText": "자작나무 가지로 온몸을 두드리고 있네. “이렇게 두드리면 건강해지고, 걱정도 사라진대.” “그렇고 말고요.” 하지만 조금 아플 것 같은걸.  첨벙! 첨벙! 이번엔 또 무슨 소리지?",
      "srcPage": 3,
      "srcSentenceEA": 7,
      "srcWordEA": 28
    },
    {
      "srcTextID": "10927",
      "srcText": "우아! 진짜 산타 할아버지잖아. 산타 마을에 가면 언제든지 산타 할아버지를 만날 수 있지. 산타 할아버지와 사진을 찍고, 이야기도 나눌 수 있어. 콩! 콩! 콩! 이건 또 무슨 소리일까?",
      "srcPage": 9,
      "srcSentenceEA": 7,
      "srcWordEA": 35
    },
    {
      "srcTextID": "63320",
      "srcText": "모이! 여기는 핀란드야. 얼음이 동동 떠다니는 호수 위로 흰 눈이 소복소복 내리고 있어. 일 년의 절반이 겨울이라니! 정말 멋지지 않아? 치이익, 칙칙! 그런데 이게 무슨 소리지?",
      "srcPage": 1,
      "srcSentenceEA": 6,
      "srcWordEA": 32
    },
    {
      "srcTextID": "10919",
      "srcText": "잘 마른 장작이 활활 타고 있어. 사람들이 함께 모여 연어와 소시지를 구워 먹고 있네. “사우나 뒤엔 역시 바비큐 파티지.” 혼자서 먹는 것보다 다 함께 모여서 먹는 것이 훨씬 맛있어.",
      "srcPage": 6,
      "srcSentenceEA": 4,
      "srcWordEA": 31
    },
    {
      "srcTextID": "63323",
      "srcText": "어느새 주위가 어두워지고 있어. 아직 대낮인데도 말이야. 다시 숲을 지나 눈밭을 헤치며 앞으로 나아가 볼까? 타박! 타박! 누가 걷는 소리일까?",
      "srcPage": 7,
      "srcSentenceEA": 6,
      "srcWordEA": 25
    },
    {
      "srcTextID": "10917",
      "srcText": "뜨거운 사우나를 마치고 호수로 뛰어들고 있어. “야호, 정말 시원해!” 우아, 춥지도 않은가 봐.",
      "srcPage": 4,
      "srcSentenceEA": 3,
      "srcWordEA": 14
    },
    {
      "srcTextID": "10933",
      "srcText": "핀란드 원주민인 라프족은 오로라를 불의 여우라고 불렀어요. 그것은 불의 여우가 겨울밤 하얀 숲을 뛰어다닐 때 꼬리가 나뭇잎에 닿아 만들어진 불꽃이 오로라라고 믿었기 때문이에요. 하지만 오로라는 태양에서 나온 전기를 띤 입자가 지구의 공기와 만나면서 만들어진 빛이에요.",
      "srcPage": 15,
      "srcSentenceEA": 3,
      "srcWordEA": 37
    },
    {
      "srcTextID": "143742",
      "srcText": "진짜 산타가 살고 있는 나라를 알고 있니? 바로 핀란드야. 하지만 핀란드에는 산타 말고도 유명한 것들이 아주 많아. 뜨거운 김이 모락모락 올라오는 사우나와 밤에도 대낮처럼 밝은 백야, 산타의 썰매를 끄는 순록이 있지. 또, 밤하늘을 신비한 빛깔로 수놓는 오로라도 볼 수 있어. 핀란드의 겨울은 춥고 길지만 재미있는 게 참 많지. '모이! 겨울 왕국으로 초대할게'와 함께 핀란드 여행을 떠나 볼까?",
      "srcPage": 16,
      "srcSentenceEA": 8,
      "srcWordEA": 64
    }
  ]
}