{
  "title": "당신은 노벨상 수상자입니다",
  "author": "고영이",
  "illustrator": "김민정",
  "isbn": "9791128221095",
  "readAge": "초등_고학년",
  "publishedYear": 2018,
  "publisher": "아람북스",
  "classification": "사회관계",
  "paragraphInfoCount": 17,
  "paragraphInfo": [
    {
      "srcTextID": "2502",
      "srcText": "“따르릉.” 전화벨이 울렸어요.  전화를 받은 사람들은 모두 깜짝 놀랐지요.  “당신은 노벨상 수상자입니다.” 라는 말이 들려왔거든요.",
      "srcPage": 1,
      "srcSentenceEA": 4,
      "srcWordEA": 19
    },
    {
      "srcTextID": "2518",
      "srcText": "배리 마셜은 헬리코박터 파일로리가 위궤양을 일으킨다고 믿었어요. 이 사실을 증명하기 위해 헬리코박터 파일로리를 직접 먹었지요. 결국 심한 위궤양과 위염을 앓게 되었지만 헬리코박터 파일로리가 위궤양을 일으킨다는 것이 확실해졌어요. 이 사실을 밝혀낸 배리 마셜은 2005년 노벨 생리·의학상을 받게 되었지요.",
      "srcPage": 15,
      "srcSentenceEA": 4,
      "srcWordEA": 40
    },
    {
      "srcTextID": "2505",
      "srcText": "과연 누가 누가 노벨상을 받았을까요? “내가 노벨 문학상을? 하하하하.” “노벨 평화상이요? 오, 하나님.”",
      "srcPage": 2,
      "srcSentenceEA": 5,
      "srcWordEA": 15
    },
    {
      "srcTextID": "2506",
      "srcText": "길을 걸어가면서 사람들과 통화를 하고 텔레비전으로 재미있는 프로그램을 보고, 위성에서 찍은 사진을 볼 수 있는 건 모두 ‘전자기파’ 덕분이에요. 100년 전에 이 전자기파를 이용해 아주 멀리서도 연락을 할 수 있도록 연구한 사람이 있어요. 바로 굴리엘모 마르코니예요.",
      "srcPage": 3,
      "srcSentenceEA": 4,
      "srcWordEA": 39
    },
    {
      "srcTextID": "2507",
      "srcText": "마르코니가 선이 없는 통신 장치를 만들기 전에는 길고 긴 선으로 연결해야만 연락을 주고받을 수 있었어요. 그래서 멀리 떨어져 있으면 연락하기가 어려웠지요. 마르코니의 무선 통신 장치가 생기자 이제 멀리 떨어진 곳에서도, 바다 위에서도 연락을 주고받을 수 있게 된 거예요. 이렇게 무선 통신 장치를 만든 공로를 인정받아 마르코니는 1909년 노벨 물리학상을 받았어요.",
      "srcPage": 4,
      "srcSentenceEA": 4,
      "srcWordEA": 53
    },
    {
      "srcTextID": "2509",
      "srcText": "낚시를 즐기던 헤밍웨이는 늙고 가난한 어부가 나오는 노인과 바다도 썼어요. 한 어부가 죽음을 무릅쓰고 거대한 물고기를 잡지만 상어 떼에게 다 물어뜯기고 빈손으로 돌아오는 내용이지요. 거대한 바다 위에서 좌절하지 않는 어부의 모습은 사람들에게 큰 감동을 주었어요. 1954년 헤밍웨이는 지금까지 쓴 작품을 인정받아 노벨 문학상을 타게 되었지요.",
      "srcPage": 6,
      "srcSentenceEA": 4,
      "srcWordEA": 48
    },
    {
      "srcTextID": "2510",
      "srcText": "50여 년 전 미국에서는 백인과 흑인이 같은 학교에 다닐 수 없었어요. 버스에도 백인과 흑인의 자리가 나뉘어 있었고, 흑인은 백인 자리에 절대 앉을 수 없었지요. 이런 차별을 두고 볼 수 없어 용감하게 나선 사람이 바로 마틴 루서 킹이에요.",
      "srcPage": 7,
      "srcSentenceEA": 3,
      "srcWordEA": 39
    },
    {
      "srcTextID": "2511",
      "srcText": "마틴 루서 킹은 흑인이 겪는 차별을 없애기 위해 앞장섰어요. 이를 못마땅하게 여긴 백인들은 마틴 루서 킹을 감옥에 가두고 그의 집을 폭파시켜 버리기도 했지요. 하지만 마틴 루서 킹은 뜻을 꺾지 않았어요. 마침내 흑인을 차별하는 제도들이 하나둘 없어지기 시작했고, 마틴 루서 킹은 그 노력을 인정받아 1964년, 노벨 평화상을 받았지요.",
      "srcPage": 8,
      "srcSentenceEA": 4,
      "srcWordEA": 50
    },
    {
      "srcTextID": "2512",
      "srcText": "영국, 에스파냐, 네덜란드 같은 유럽의 나라들은 한때 다른 나라들을 침략해 자기 땅으로 삼고 지배했어요. 이렇게 다른 나라의 지배를 받는 곳을 ‘식민지’라고 불러요. 아서 루이스가 태어난 ‘세인트루시아’도 식민지였어요.",
      "srcPage": 9,
      "srcSentenceEA": 5,
      "srcWordEA": 31
    },
    {
      "srcTextID": "2513",
      "srcText": "영국 최고의 대학교에서 공부를 마치고 교수가 되었지만, 그는 자신이 식민지에서 태어났다는 사실을 잊지 않았지요.  아서 루이스는 식민지였던 나라들이 가난한 이유에 관심을 기울였어요. 그리고 더 잘살 수 있는 방법이 없을까 연구했지요.",
      "srcPage": 10,
      "srcSentenceEA": 3,
      "srcWordEA": 33
    },
    {
      "srcTextID": "2514",
      "srcText": "대부분의 경제 이론들은 가난한 나라의 상황과는 맞지 않았어요. 그래서 아서 루이스는 가난한 나라에 맞는 경제 개발 이론을 연구하고, 가나, 자메이카에 가서 도움을 주었지요. 그 노력이 열매를 맺어 1979년, 노벨 경제학상을 받게 되었어요.",
      "srcPage": 11,
      "srcSentenceEA": 3,
      "srcWordEA": 34
    },
    {
      "srcTextID": "2515",
      "srcText": "2002년, 노벨 화학상 수상자가 발표되자 사람들은 깜짝 놀랐어요. 왜냐하면 다나카 고이치는 평범한 회사원이었기 때문이에요. 그래서 기자들은 다나카 고이치를 만나기 위해 회사로 찾아갔어요. 다나카 고이치는 말끔한 양복이 아닌 평소에 회사에서 입는 옷을 입고 기자들을 만났지요.",
      "srcPage": 12,
      "srcSentenceEA": 4,
      "srcWordEA": 37
    },
    {
      "srcTextID": "2516",
      "srcText": "다나카 고이치는 단백질의 종류와 양을 효과적으로 분석하는 방법을 알아냈어요. 그 덕분에 암을 일찍 발견할 수 있게 되었고, 치료 약도 만들게 되었지요. 고치기 어려운 파킨슨병을 연구하는 데도 큰 도움이 되었어요. 그래서 다나카 고이치는 2002년 노벨 화학상을 받았지요.",
      "srcPage": 13,
      "srcSentenceEA": 4,
      "srcWordEA": 39
    },
    {
      "srcTextID": "2517",
      "srcText": "위궤양은 위 표면이 깊게 패서 생기는 병이에요. 많은 사람들이 앓고 있는 흔한 병 가운데 하나지요. 의사들은 스트레스와 잘못된 식습관이 위궤양을 일으킨다고 믿어 왔어요. 배리 마셜이 헬리코박터 파일로리와 위궤양의 관계를 밝혀내기 전까지는 말이지요. ",
      "srcPage": 14,
      "srcSentenceEA": 4,
      "srcWordEA": 35
    },
    {
      "srcTextID": "128735",
      "srcText": "노벨상은 사람들이 행복하게 살 수 있도록 이바지한 사람이나 단체에 주는 상이에요. 과학자 노벨의 이름을 따 만들었지요. 해마다 물리학, 화학, 생리·의학, 문학, 평화, 경제학 부문으로 나누어 상을 주고 있어요.",
      "srcPage": 16,
      "srcSentenceEA": 3,
      "srcWordEA": 30
    },
    {
      "srcTextID": "128738",
      "srcText": "노벨 평화상은 노르웨이 노벨 위원회에서, 물리학상과 화학상, 경제학상은 스웨덴 왕립 과학아카데미에서 정하고 생리·의학상은 스웨덴 카롤린 의학 연구소에서, 문학상은 스웨덴 예술원에서 정해요. 스웨덴과 노르웨이 두 나라에서 나눠 맡게 된 데에는 이유가 있지요. 노벨상이 처음 만들어졌을 때는 노르웨이와 스웨덴이 하나의 나라였어요. 그러다 1905년 둘로 나뉘게 되면서, 두 나라가 사이좋게 노벨상 수상자를 정하고 있지요. 시상식도 물리학, 화학, 경제학, 생리·의학, 문학상은 스웨덴 스톡홀름에서, 평화상은 노르웨이 오슬로에서 열려요. 노벨상 시상식이 열리는 12월 10일은 노벨이 세상을 떠난 날이에요.",
      "srcPage": 18,
      "srcSentenceEA": 6,
      "srcWordEA": 77
    },
    {
      "srcTextID": "128736",
      "srcText": "우리나라에도 노벨상을 받은 사람이 있어요. 바로 대한민국 제15대 대통령인 김대중 전 대통령이에요. 2000년 12월 10일 노르웨이 오슬로에서 한국인 최초로 노벨 평화상을 받았지요.",
      "srcPage": 17,
      "srcSentenceEA": 3,
      "srcWordEA": 24
    }
  ]
}