{
  "title": "비달 사순의 가위",
  "author": "박지연",
  "illustrator": "홍성지",
  "isbn": "9791128220791",
  "readAge": "초등_고학년",
  "publishedYear": 2018,
  "publisher": "아람북스",
  "classification": "사회관계",
  "paragraphInfoCount": 21,
  "paragraphInfo": [
    {
      "srcTextID": "1584",
      "srcText": "비달 사순은 허드렛일을 하고 손님들 머리 감겨 주는 일을 했어. 손님들의 머리를 자르는 일은 꿈도 꾸지 못했지. 하지만 실망하지 않았어. ",
      "srcPage": 4,
      "srcSentenceEA": 3,
      "srcWordEA": 22
    },
    {
      "srcTextID": "1580",
      "srcText": "비달 사순은 온종일 미용실을 정신없이 뛰어다녔어. “사순, 수건이 없잖아요!” “이봐요, 내 머리는 언제 말려 줄 거예요?” “사순, 바닥에 쌓인 머리카락 좀 빨리 쓸어요!” 비달 사순은 몸이 열 개라도 모자랄 지경이었지.",
      "srcPage": 1,
      "srcSentenceEA": 5,
      "srcWordEA": 31
    },
    {
      "srcTextID": "1582",
      "srcText": "미용실은 매일 북적였어. 손님들은 하나같이 똑같은 머리 모양을 했지. 얼굴이 길쭉한 여자도 파마머리, 얼굴이 각진 여자도 파마머리, 얼굴이 동그란 여자도 파마머리!",
      "srcPage": 2,
      "srcSentenceEA": 3,
      "srcWordEA": 23
    },
    {
      "srcTextID": "1581",
      "srcText": "‘저게 뭐야? 뒤에서 보면 다 똑같잖아! 나라면 저렇게 하지 않을 텐데.’ 비달 사순은 이해할 수 없었어. 안 그러면, 집에서 밤새 머리를 돌돌 말고 있어야 하잖아. 매번 미용실에 와서 머리를 해야 하니 귀찮아.",
      "srcPage": 3,
      "srcSentenceEA": 6,
      "srcWordEA": 37
    },
    {
      "srcTextID": "1583",
      "srcText": "‘내가 할 수 있는 일부터 최선을 다하자!’ 비달 사순은 가장 먼저 출근해서 청소를 하고, 가장 늦게까지 남아 수건을 정리했어. 손님들 머리를 감겨 줄 때도 꼼꼼하고 깨끗하게!",
      "srcPage": 5,
      "srcSentenceEA": 3,
      "srcWordEA": 28
    },
    {
      "srcTextID": "1585",
      "srcText": "비달 사순은 손님들과도 친해지고 싶었어. ‘연극을 보고 멋지게 말하는 법을 연습하는 거야. 그리고 예술 작품을 자주 보다 보면 손님들하고 이야기할 거리도 많아질 거야.’ 비달 사순은 쉬는 날이면 연극을 보고, 미술관과 박물관을 찾아다녔어. 그리고 혼자서 열심히 머리 자르는 연습을 했지.",
      "srcPage": 6,
      "srcSentenceEA": 5,
      "srcWordEA": 43
    },
    {
      "srcTextID": "1586",
      "srcText": " ‘내가 가위를 잡다니!’ 비달 사순은 심장이 터질 것만 같았지. 허드렛일만 하던 비달 사순이 드디어 손님들 머리를 만질 수 있게 된 거야.",
      "srcPage": 8,
      "srcSentenceEA": 3,
      "srcWordEA": 24
    },
    {
      "srcTextID": "1590",
      "srcText": "몇 년이 지나, 비달 사순은 미용실을 열게 되었어.  그런데 손님들이 종종 고집을 부리는 거야.  “파마머리로 할래요!”  “손님처럼 동그란 얼굴에는 어울리지 않아요. 머리를 길게 옆으로 내리는 게 어때요?” 비달 사순이 설득하자 손님도 마음을 바꾸었지.",
      "srcPage": 11,
      "srcSentenceEA": 6,
      "srcWordEA": 37
    },
    {
      "srcTextID": "1592",
      "srcText": "비달 사순은 망설이지 않고 가위를 들었어. 싹둑! 짧은 치마와 짧은 머리! 사람들은 멋진 모델들을 보고 열광했어.",
      "srcPage": 13,
      "srcSentenceEA": 4,
      "srcWordEA": 19
    },
    {
      "srcTextID": "1594",
      "srcText": "하루는 영화 제작사에서 연락이 왔지. “사순, 우리 영화 속 여주인공의 머리를 맡아 주세요! 아주 사랑스럽고 귀여운 캐릭터랍니다.”",
      "srcPage": 14,
      "srcSentenceEA": 3,
      "srcWordEA": 18
    },
    {
      "srcTextID": "1595",
      "srcText": "비달 사순은 낸시 콴의 머리를 한참이나 살펴보더니 드디어 가위를 들었어. 싹둑싹둑! 비달 사순은 마치 조각가 같았지. 긴 머리카락을 싹둑 ! 앞머리를 가르고, 옆머리와 이어지게 잘랐더니. ",
      "srcPage": 16,
      "srcSentenceEA": 5,
      "srcWordEA": 28
    },
    {
      "srcTextID": "1598",
      "srcText": "“파마머리는 정말 지겨워. 새로운 머리 모양을 할 수 있는데 기다리는 것쯤이야. 날마다 미용실에 가지 않아도 빗 하나면 손질 끝이라잖아!”",
      "srcPage": 20,
      "srcSentenceEA": 3,
      "srcWordEA": 21
    },
    {
      "srcTextID": "1587",
      "srcText": " 어느 날, 사장님이 비달 사순을 조용히 불렀어. “이제 손님들 머리 감겨 주는 일은 그만하게.” 그러고는 가위를 건네주는 게 아니겠어! ",
      "srcPage": 7,
      "srcSentenceEA": 3,
      "srcWordEA": 21
    },
    {
      "srcTextID": "1588",
      "srcText": "가위를 든 비달 사순은 생각하고 또 생각했어. ‘각자의 얼굴형에 맞는 머리 모양이 없을까? 각진 얼굴은 턱을 가려 주면 훨씬 부드러워 보일 거야. ",
      "srcPage": 9,
      "srcSentenceEA": 3,
      "srcWordEA": 24
    },
    {
      "srcTextID": "1589",
      "srcText": "이마가 넓은 얼굴은 앞머리를 내리고 목선을 드러내야 해. 그러려면 머리를 잘 잘라야 해!’ 비달 사순은 텅 빈 미용실에 남아 머리 자르는 연습을 더 열심히 했지.",
      "srcPage": 10,
      "srcSentenceEA": 3,
      "srcWordEA": 27
    },
    {
      "srcTextID": "1591",
      "srcText": " 비달 사순의 실력이 좋다는 입소문이 나자 유명한 디자이너 메리 퀀트가 찾아왔어. “사순, 모델들의 머리를 맡아 줘요. 함께 멋진 패션쇼를 만들어 봐요!” ",
      "srcPage": 12,
      "srcSentenceEA": 3,
      "srcWordEA": 23
    },
    {
      "srcTextID": "1593",
      "srcText": "“여배우가 누구죠?” “낸시 콴입니다.” 비달 사순은 믿을 수가 없었어. 낸시 콴은 정말 유명한 배우였거든. 며칠 뒤 정말로 낸시 콴이 찾아왔어. 길게 늘어뜨린 검은 머리 때문인지 무척 차가워 보였지.",
      "srcPage": 15,
      "srcSentenceEA": 6,
      "srcWordEA": 32
    },
    {
      "srcTextID": "1597",
      "srcText": "머리가 짧으면 남자 같을까 봐 걱정했는데.” “머리가 짧아도 충분히 여성스러울 수 있답니다.” 비달 사순은 낸시 콴에게 빗을 건네며 말을 이었어. “빗만 있으면 혼자서도 얼마든지 머리 모양을 다듬을 수 있어요.” 비달 사순의 보브 스타일이 실린 잡지는 세계 곳곳에서 날개 돋친 듯 팔렸어.",
      "srcPage": 18,
      "srcSentenceEA": 5,
      "srcWordEA": 43
    },
    {
      "srcTextID": "1599",
      "srcText": "미용실 앞 긴 줄이 보이지? 사람들은 너도나도 비달 사순의 보브 스타일을 하려고 야단이야. “얼마나 더 기다려야 하는 거야?” ",
      "srcPage": 19,
      "srcSentenceEA": 3,
      "srcWordEA": 19
    },
    {
      "srcTextID": "1600",
      "srcText": "세계적인 미용사가 된 비달 사순은 ‘비달 사순 아카데미’를 열어 사람들에게 머리 자르는 법을 가르쳤어. 미용사를 꿈꾸는 수많은 사람들이 비달 사순의 기술을 배우기 위해 몰려들었지. 비록 비달 사순은 세상을 떠났지만, 그가 만든 스타일은 여전히 사랑받고 있어. 세월이 흐른 지금까지도 말이야.",
      "srcPage": 21,
      "srcSentenceEA": 5,
      "srcWordEA": 43
    },
    {
      "srcTextID": "1596",
      "srcText": "드디어 ‘보브 스타일’ 완성! 낸시 콴은 거울 속 자신의 모습을 믿을 수 없었어. “오, 정말 예뻐요!",
      "srcPage": 17,
      "srcSentenceEA": 4,
      "srcWordEA": 18
    }
  ]
}