{
  "title": "야수에게 스마트폰이 생겼어요",
  "author": "김서현",
  "illustrator": "이주윤",
  "isbn": "9791165957124",
  "readAge": "초등_고학년",
  "publishedYear": 2023,
  "publisher": "아람북스",
  "classification": "사회관계",
  "paragraphInfoCount": 22,
  "paragraphInfo": [
    {
      "srcTextID": "3174",
      "srcText": "장도 보고 아버지도 잘 계신 지 보려고요. 야수는 미녀가 나가는 게 싫었지만, 미녀가 슬퍼하는 건 더 싫었어요. “그래요, 잘 다녀와요.” ",
      "srcPage": 2,
      "srcSentenceEA": 3,
      "srcWordEA": 21
    },
    {
      "srcTextID": "3187",
      "srcText": "“도저히 안 되겠어. 당장 미녀를 만나러 가야지!” 야수는 스마트폰으로 미녀 가족이 살고 있는 마을로 가는 버스 번호를 알아보았어요. ",
      "srcPage": 8,
      "srcSentenceEA": 3,
      "srcWordEA": 20
    },
    {
      "srcTextID": "3191",
      "srcText": "글이 마음에 들면 사랑 표시를 누를 수도 있었어요. 블로그는 누리 사랑방이라고 하는데, 자신의 관심사에 따라 자유롭게 글을 올리는 웹 사이트예요. 블로그에는 글뿐만 아니라 사진이나 촬영한 동영상 등을 올려놓을 수 있어요. ",
      "srcPage": 11,
      "srcSentenceEA": 3,
      "srcWordEA": 32
    },
    {
      "srcTextID": "3201",
      "srcText": "야수는 망원경을 가져와 성 밖을 자세히 살폈어요. 여기저기 다친 사람들과 무너진 지붕이 보였지요. 야수는 뉴스에서 본 번호로 전화를 걸어, 방금 본 상황을 알려 주었어요.",
      "srcPage": 19,
      "srcSentenceEA": 3,
      "srcWordEA": 26
    },
    {
      "srcTextID": "3196",
      "srcText": "야수는 너무 슬프고 마음이 아파서 아무것도 할 수 없었어요. 하지만 시간이 지나니 슬픈 게 아니라 점점 화가 났어요. 내가 무슨 잘못을 한 것도 아닌데 나한테 왜 이러지? ",
      "srcPage": 14,
      "srcSentenceEA": 3,
      "srcWordEA": 29
    },
    {
      "srcTextID": "3200",
      "srcText": " “정말 고맙습니다. 태풍 피해 상황을 확인해 보고, 빨리 복구하겠습니다.” 그러자 야수는 기분이 좋아졌어요. 야수는 스마트폰을 만지작거리며 중얼거렸어요. “하긴, 좋은 데에만 쓰면 되지. 굳이 버릴 것까지 있나.”",
      "srcPage": 20,
      "srcSentenceEA": 6,
      "srcWordEA": 30
    },
    {
      "srcTextID": "3178",
      "srcText": "“스마트폰이라는 건데, 내가 보고 싶으면 이걸 누르고.” 미녀는 야수에게 스마트폰 사용법을 자세히 알려 주었어요. 통화부터 인터넷에 들어가는 것까지 몽땅 말이에요. “스마트폰을 너무 많이 보면 안 돼요!” “내가 어린애요? 걱정하지 말아요.” 야수는 큰소리쳤어요. 미녀는 가벼워진 마음으로 성을 떠났어요. ",
      "srcPage": 4,
      "srcSentenceEA": 8,
      "srcWordEA": 42
    },
    {
      "srcTextID": "3186",
      "srcText": "하지만 밤에는 스마트폰도 소용없었어요. “오랜만에 돌아다녔더니 피곤하네요. 먼저 잘게요, 야수님.” ",
      "srcPage": 6,
      "srcSentenceEA": 3,
      "srcWordEA": 11
    },
    {
      "srcTextID": "3188",
      "srcText": "“아, 여기는 깊은 산속이라 밤에 차가 다니지 않는구나!” 실망한 야수는 다시 스마트폰을 만지작거렸어요. 그러다 인터넷 창을 열게 되었어요.",
      "srcPage": 9,
      "srcSentenceEA": 3,
      "srcWordEA": 20
    },
    {
      "srcTextID": "3194",
      "srcText": "야수는 사람들이 자기 글을 읽고 이야기하는 게 신기하고 고마웠어요. 그런데 사람들이 모두 좋은 말을 하지는 않았어요. “괴, 괴물? 동물원에 가라고? 어떻게 이런 말을 할 수가 있지?”",
      "srcPage": 13,
      "srcSentenceEA": 5,
      "srcWordEA": 29
    },
    {
      "srcTextID": "3197",
      "srcText": "저 사람들이 잘못한 거야! 당장 가서 저들을 혼내 줘야겠어! 야수는 벌떡 일어나 밖에 나가려고 했어요. ",
      "srcPage": 15,
      "srcSentenceEA": 3,
      "srcWordEA": 17
    },
    {
      "srcTextID": "3195",
      "srcText": "“가만, 뚱, 까까별, 맴맴 이라는 이름으로는 찾을 수가 없잖아?” 야수는 풀썩 주저앉았어요. “에이, 이렇게 나를 속상하게 하는 물건이라면 차라리 없는 게 낫겠어.”",
      "srcPage": 16,
      "srcSentenceEA": 3,
      "srcWordEA": 23
    },
    {
      "srcTextID": "3199",
      "srcText": "아침이 되자, 야수는 스마트폰을 밖에 내다 버리려고 성문을 열었어요. 그런데 이게 웬일일까요? 밖에는 비바람이 몰아치고 있었어요. ",
      "srcPage": 17,
      "srcSentenceEA": 3,
      "srcWordEA": 18
    },
    {
      "srcTextID": "3198",
      "srcText": "“아니, 이게 무슨 일이야?” 야수는 얼른 스마트폰으로 뉴스를 보았어요. “현재 태풍 피해 상황을 보거나 겪으신 분들은 0000000번으로 연락을 주시기를 바랍니다.”",
      "srcPage": 18,
      "srcSentenceEA": 3,
      "srcWordEA": 21
    },
    {
      "srcTextID": "3203",
      "srcText": "며칠 뒤, 미녀가 돌아왔어요. “오오, 보고 싶었소!” “네, 저도요!” 미녀는 말은 그렇게 했지만, 스마트폰만 쳐다보고 있었어요.",
      "srcPage": 21,
      "srcSentenceEA": 4,
      "srcWordEA": 17
    },
    {
      "srcTextID": "3202",
      "srcText": " “나 좀 봐요!” “잠깐만요, 방금 당신 블로그를 찾았다고요. 댓글을 달아야죠!” 야수는 미녀의 스마트폰을 슬쩍 빼앗고는 말했어요. “나는 당신의 눈을 보고 이야기하고 싶어요.” “네, 알겠어요.” 그 뒤로 미녀와 야수는 스마트폰을 꼭 필요할 때만 썼어요.",
      "srcPage": 22,
      "srcSentenceEA": 7,
      "srcWordEA": 36
    },
    {
      "srcTextID": "3173",
      "srcText": "언덕 위 큰 성에 미녀와 야수가 행복하게 살고 있었어요. 하루는 미녀가 밖에 나갈 준비를 하고 있었어요. 마을에 며칠 다녀올게요. ",
      "srcPage": 1,
      "srcSentenceEA": 3,
      "srcWordEA": 21
    },
    {
      "srcTextID": "3179",
      "srcText": "미녀는 야수의 표정이 마음에 걸렸어요.  “내가 없어도 이게 있으면 외롭지 않을 거예요.” 미녀가 똑같이 생긴 물건 두 개를 가져와, 하나를 야수에게 주었어요. ",
      "srcPage": 3,
      "srcSentenceEA": 3,
      "srcWordEA": 23
    },
    {
      "srcTextID": "3183",
      "srcText": "야수는 미녀가 보고 싶으면 전화를 걸었어요. “여보세요?”“오, 당신 목소리를 들으니 정말 좋군요.” 전화를 할 수 없을 땐 문자 메시지를 보내기도 했어요. “보고 싶은 사람과 바로바로 연락할 수 있고, 영상 통화까지 할 수 있다니, 이것 참 좋은 물건이군.” 야수는 스마트폰이 참 신통했어요. ",
      "srcPage": 5,
      "srcSentenceEA": 5,
      "srcWordEA": 44
    },
    {
      "srcTextID": "3185",
      "srcText": "미녀는 일찍 잠들어 버렸어요. 야수는 미녀가 보고 싶어 눈이 말똥말똥했어요. 잠이 오지 않는 야수는 스마트폰으로 사진도 찍고, 음악도 듣고, 영화도 보며 시간을 보냈지요. 그런데도 미녀 얼굴이 자꾸 아른거렸어요. ",
      "srcPage": 7,
      "srcSentenceEA": 4,
      "srcWordEA": 31
    },
    {
      "srcTextID": "3192",
      "srcText": "스마트폰의 화면을 본 야수의 눈이 커졌어요. 화면 속에서 사람들은 사진과 함께 자기 이야기를 올리고 있었거든요. 글을 읽은 다른 사람들이 자기 느낌을 댓글로 적었어요. ",
      "srcPage": 10,
      "srcSentenceEA": 3,
      "srcWordEA": 25
    },
    {
      "srcTextID": "3193",
      "srcText": "“오오, 그래! 나도 스마트폰으로 사람들과 이야기해 보는 거야.” 야수는 블로그를 만들고 사진과 글을 올려 보았어요. 그러자 조금 뒤 댓글이 달리기 시작했어요. ",
      "srcPage": 12,
      "srcSentenceEA": 4,
      "srcWordEA": 24
    }
  ]
}