{
  "title": "철로 만든 금빛 나라",
  "author": "정진",
  "illustrator": "이형진",
  "isbn": "9791165955991",
  "readAge": "초등_고학년",
  "publishedYear": 2022,
  "publisher": "아람북스",
  "classification": "사회관계",
  "paragraphInfoCount": 17,
  "paragraphInfo": [
    {
      "srcTextID": "6982",
      "srcText": "“훠이 훠이, 나쁜 건 모두 물러가고 풍년이 들게 하소서!” 촌장들의 우두머리인 아도간이 외쳤어. 아홉 마을이 함께 모여 하늘에 제사를 올리는 날이었지. ",
      "srcPage": 1,
      "srcSentenceEA": 3,
      "srcWordEA": 23
    },
    {
      "srcTextID": "6983",
      "srcText": "옛날 김해 땅에는 아홉 촌장이 각각 자기 마을을 다스리며 살았단다. 나라도 없고, 왕도 없었기 때문이야. “부디 임금님을 내려 주소서!” 사람들은 하늘을 향해 빌었어. ",
      "srcPage": 2,
      "srcSentenceEA": 4,
      "srcWordEA": 25
    },
    {
      "srcTextID": "6985",
      "srcText": "그때였어. 구지봉이라는 산봉우리에 무지갯빛 안개가 보시시 피어오르더니 하늘에서 천둥 같은 큰 소리가 들려왔지. “여봐라! 거기 누가 있느냐?” 사람들은 깜짝 놀라서 산봉우리를 올려다보았어. ",
      "srcPage": 3,
      "srcSentenceEA": 3,
      "srcWordEA": 25
    },
    {
      "srcTextID": "6984",
      "srcText": "“저희 아홉 마을 사람이 모두 여기 있습니다.” 아홉 촌장이 얼른 입을 모아 대답했어. 하늘이시여, 저희의 소원을 들으신 것입니까?",
      "srcPage": 4,
      "srcSentenceEA": 3,
      "srcWordEA": 20
    },
    {
      "srcTextID": "6988",
      "srcText": "노래를 부르며 춤을 추어라. 그러면 하늘에서 왕이 내려올 것이다. 마을 사람들은 얼른 노래를 부르며 덩실덩실 춤을 추었어.",
      "srcPage": 6,
      "srcSentenceEA": 3,
      "srcWordEA": 19
    },
    {
      "srcTextID": "6990",
      "srcText": "촌장들은 기뻐서 어쩔 줄 모르며 절을 올렸어. 아이들은 쑥쑥 자라더니 열흘 만에 청년이 되었어. “이제 어른이 되었으니, 나라를 세워도 되겠소!”",
      "srcPage": 9,
      "srcSentenceEA": 3,
      "srcWordEA": 21
    },
    {
      "srcTextID": "6997",
      "srcText": "수로왕과 아유타국의 공주는 부부가 되었어. “왕비가 곁에 있어서 참 든든하오!” “저도 금관가야의 왕비가 되어 행복합니다.” ",
      "srcPage": 16,
      "srcSentenceEA": 3,
      "srcWordEA": 15
    },
    {
      "srcTextID": "6998",
      "srcText": "수로왕과 왕비는 하늘의 해와 달처럼 잘 어울리는 짝이었지. 금관가야 백성들은 수로왕과 왕비를 진심으로 존경했어. 수로왕은 그 후 세상을 떠날 때까지 오랫동안 철의 나라 금관가야를 어질게 이끌었단다. ",
      "srcPage": 17,
      "srcSentenceEA": 3,
      "srcWordEA": 28
    },
    {
      "srcTextID": "6986",
      "srcText": "세상에, 이런 일이! 자, 귀를 기울이자고! 하늘이 우리를 불쌍히 여기셨네. 하늘에서 소리가 들리다니.",
      "srcPage": 5,
      "srcSentenceEA": 4,
      "srcWordEA": 16
    },
    {
      "srcTextID": "6987",
      "srcText": "그러자 하늘에서 금빛 상자가 내려오는 거야. “어서 열어 봅시다!” 상자 안에는 반짝반짝 빛나는 황금알 여섯 개가 들어 있었어.",
      "srcPage": 7,
      "srcSentenceEA": 3,
      "srcWordEA": 19
    },
    {
      "srcTextID": "6989",
      "srcText": "이튿날 아침이었어. “이것 좀 보시오, 알이 갈라집니다!” 가장 큰 알이 쩍 갈라지더니 환한 얼굴의 남자아이가 나왔어. 곧이어 다른 알에서도 아이들이 나왔지. ",
      "srcPage": 8,
      "srcSentenceEA": 4,
      "srcWordEA": 23
    },
    {
      "srcTextID": "6991",
      "srcText": "가장 먼저 알에서 나온 김수로는 금관가야를 세우고 왕이 되었어. 뒤이어 다른 다섯 아이들도 각각 나라를 세우고 왕이 되었지. 수로왕의 금관가야에서는 철이 많이 났어. ",
      "srcPage": 10,
      "srcSentenceEA": 3,
      "srcWordEA": 25
    },
    {
      "srcTextID": "6992",
      "srcText": "철을 다루는 기술도 아주 뛰어났지. 철로 만든 농기구와 무기를 사기 위해 멀리 왜 나라와 낙랑에서도 찾아왔어. 덕분에 금관가야는 힘이 점점 세져서 여러 작은 가야국들을 이끌게 되었어.",
      "srcPage": 11,
      "srcSentenceEA": 3,
      "srcWordEA": 28
    },
    {
      "srcTextID": "6994",
      "srcText": "그런데 한 가지 빠진 게 있었어. “우리 대왕에게 왕비가 없잖아!” 사람들이 너도나도 걱정하자 수로왕은 촌장들을 이끌고 바닷가로 갔어.",
      "srcPage": 12,
      "srcSentenceEA": 3,
      "srcWordEA": 19
    },
    {
      "srcTextID": "6993",
      "srcText": "“하늘에서 왕비를 보내 주실 거요.” 촌장들은 어리둥절했지만, 잠자코 기다려 보기로 했지. 그러자 얼마 뒤 바다에 배 한 척이 나타났어.",
      "srcPage": 13,
      "srcSentenceEA": 3,
      "srcWordEA": 21
    },
    {
      "srcTextID": "6995",
      "srcText": "배를 타고 온 사람은 아유타국의 공주 허황옥이었어. 공주는 수로왕에게 인사를 올리고 말했지. “꿈속에서 하늘의 소리를 들었는데, 이곳으로 가서 수로왕의 짝이 되라고 했습니다.” ",
      "srcPage": 14,
      "srcSentenceEA": 3,
      "srcWordEA": 23
    },
    {
      "srcTextID": "6996",
      "srcText": "수로왕은 기뻐서 활짝 웃으며 말했지. “하늘에서 그대를 보내 주실 줄 알았소!” 나에게 와 줘서 정말 고맙소. 반겨 주셔서 정말 감사해요. ",
      "srcPage": 15,
      "srcSentenceEA": 4,
      "srcWordEA": 22
    }
  ]
}