{
  "title": "도대체 예수와 부처가 누구시길래",
  "author": "서진희",
  "illustrator": "정소연",
  "isbn": "9791128221088",
  "readAge": "초등_고학년",
  "publishedYear": 2018,
  "publisher": "아람북스",
  "classification": "사회관계",
  "paragraphInfoCount": 21,
  "paragraphInfo": [
    {
      "srcTextID": "2299",
      "srcText": "약 2천 년 전, 이스라엘에 한 남자가 살았어. “저기 오셨다. 얼른 가 보자!” 그 남자만 나타나면 사람들이 우르르 몰려들었지.",
      "srcPage": 2,
      "srcSentenceEA": 4,
      "srcWordEA": 21
    },
    {
      "srcTextID": "2297",
      "srcText": "어떤 사람은 십자가 앞에서 기도를 하고, 어떤 사람은 불상 앞에서 절을 해. 십자가 앞에서 기도하는 건 예수를 따르는 사람! 불상 앞에서 절을 하는 건 부처를 따르는 사람! 도대체 예수와 부처가 누구시길래, 사람들이 따르는 걸까?",
      "srcPage": 1,
      "srcSentenceEA": 4,
      "srcWordEA": 37
    },
    {
      "srcTextID": "2298",
      "srcText": "사람들은 남자의 말을 더 잘 들으려고 귀를 쫑긋 세웠어. “네 이웃을 네 몸같이 사랑하라.” 그 남자는 바로 예수였어.",
      "srcPage": 3,
      "srcSentenceEA": 3,
      "srcWordEA": 19
    },
    {
      "srcTextID": "2300",
      "srcText": "예수는 가난하고 아픈 사람들을 자기 몸처럼 아꼈어. 어느 날은 나병 환자가 병을 낫게 해 달라며 예수를 찾아온 거야. “그 사람을 만지면 병이 옮을 거예요!” 모두 예수를 말렸지만, 예수는 나병 환자의 손을 꼭 잡았지. 사람들은 깜짝 놀라 입을 다물지 못했어.",
      "srcPage": 4,
      "srcSentenceEA": 5,
      "srcWordEA": 42
    },
    {
      "srcTextID": "2302",
      "srcText": "또 한번은 어떤 여인이 사람들에게 둘러싸여 있었어. 남편이 아닌 다른 남자를 사랑했기 때문에 율법에 따라 돌로 쳐서 죽여야 한다고 말이야. 하지만 예수는 고개를 저으며 말했어.",
      "srcPage": 5,
      "srcSentenceEA": 3,
      "srcWordEA": 27
    },
    {
      "srcTextID": "2301",
      "srcText": "“너희 가운데 죄 없는 사람이 있다면, 이 여인에게 돌을 던져라.” 사람들은 눈치를 보다가 하나둘 자리를 떠났어. 크든 작든 죄가 없는 사람은 없었으니까!",
      "srcPage": 6,
      "srcSentenceEA": 3,
      "srcWordEA": 24
    },
    {
      "srcTextID": "2307",
      "srcText": "잡혀간 예수는 십자가에 못 박혀 죽고 말았어. 예수를 따르던 사람들은 무척 슬퍼했지. 그런데 사흘 뒤에 예수가 제자들 앞에 다시 나타난 거야. 제자들과 사람들은 살아 돌아온 예수를 더욱 따르게 되었지. 그렇게 예수가 남긴 가르침은 오늘날까지 남아 많은 사람에게 전해지고 있어.",
      "srcPage": 11,
      "srcSentenceEA": 5,
      "srcWordEA": 43
    },
    {
      "srcTextID": "2304",
      "srcText": "예수를 따르는 사람들이 많아지자 자신의 자리를 넘볼까 불안해하는 사람들도 생겨났어. “어떻게든 예수를 찾아 없애야 해.” 그런데 예수가 어떻게 생겼는지 알 수가 없잖아.",
      "srcPage": 7,
      "srcSentenceEA": 3,
      "srcWordEA": 23
    },
    {
      "srcTextID": "2303",
      "srcText": "그때 한 남자가 나타났어. 바로 예수의 열두 제자 가운데 한 사람인 유다였지. 유다는 사람들이 모였을 때 자신이 예수에게 입을 맞추겠다고 말했어.",
      "srcPage": 8,
      "srcSentenceEA": 3,
      "srcWordEA": 23
    },
    {
      "srcTextID": "2308",
      "srcText": "2천6백 년 전쯤, 인도에도 많은 사람이 따르는 한 남자가 있었어. 그 남자가 나타나면 사람들이 우르르 몰려들었지. 오늘은 어떤 말씀을 하실까 귀를 쫑긋 세우면서 말이야. “인간이 고통에서 벗어나려면.” 그 남자는 바로 부처였어.",
      "srcPage": 12,
      "srcSentenceEA": 5,
      "srcWordEA": 34
    },
    {
      "srcTextID": "2309",
      "srcText": "부처의 원래 이름은 싯다르타, 한 부족의 왕자였어. 궁 안에서만 지내던 싯다르타가 처음 궁 밖으로 나왔을 때 일이었지. 작은 새 한 마리가 애벌레를 잡아먹지 뭐야.",
      "srcPage": 13,
      "srcSentenceEA": 3,
      "srcWordEA": 26
    },
    {
      "srcTextID": "2312",
      "srcText": "길고 긴 시간이 지나고 싯다르타는 중요한 걸 깨달았어. 마음을 비우면 고통이 줄어들 수 있다는 걸 말야. 마침내 싯다르타는 부처가 되었어.",
      "srcPage": 18,
      "srcSentenceEA": 3,
      "srcWordEA": 22
    },
    {
      "srcTextID": "2315",
      "srcText": "얼마 뒤, 한 여인이 죽은 아이를 살려 달라며 부처를 찾아왔어. 부처는 말했지. “죽은 사람이 없는 집에서 쌀 한 줌만 얻어 오너라.” 여인은 기뻐하며 쌀을 얻으러 다녔어.",
      "srcPage": 19,
      "srcSentenceEA": 4,
      "srcWordEA": 28
    },
    {
      "srcTextID": "2316",
      "srcText": "하지만 빈손으로 돌아왔지. 죽은 사람이 없는 집은 없었거든. “이제야 부처님의 말씀을 깨달았습니다.” 여인은 마음이 아팠지만 아이를 꼭 껴안은 채 돌아갔어.",
      "srcPage": 20,
      "srcSentenceEA": 4,
      "srcWordEA": 22
    },
    {
      "srcTextID": "2317",
      "srcText": "부처는 자신이 깨달은 것을 알리기 위해 여러 마을을 돌아다녔어. 부처의 가르침을 들은 사람들은 그의 제자가 되었지. 제자들은 부처가 세상을 떠난 뒤에도 그의 가르침을 전했어. 그렇게 부처의 가르침이 전해지고 또 전해진 거야. 오늘날까지 말이야.",
      "srcPage": 21,
      "srcSentenceEA": 5,
      "srcWordEA": 37
    },
    {
      "srcTextID": "2306",
      "srcText": "예수가 기도를 마치고 내려왔을 때 유다가 병사들과 함께 나타났어. “나의 스승이여.” 유다가 주저하자 예수가 말했어. “유다여, 네가 하러 온 일을 해라.”",
      "srcPage": 9,
      "srcSentenceEA": 4,
      "srcWordEA": 22
    },
    {
      "srcTextID": "2305",
      "srcText": "그러자 유다는 예수에게 입을 맞췄어. 그 모습을 본 병사들은 예수를 끌고 갔지. 다른 제자들은 겁을 먹고 달아나 버렸어.",
      "srcPage": 10,
      "srcSentenceEA": 3,
      "srcWordEA": 20
    },
    {
      "srcTextID": "2310",
      "srcText": "조금 뒤엔 큰 독수리가 작은 새를 콱! 싯다르타는 깜짝 놀라 몸을 부르르 떨었어. ‘왜 약한 것은 힘센 것에게 먹혀야 하지?’ 싯다르타는 그날부터 깊은 생각에 잠겼어.",
      "srcPage": 14,
      "srcSentenceEA": 4,
      "srcWordEA": 28
    },
    {
      "srcTextID": "2311",
      "srcText": "그뿐만이 아니었어. 길거리에는 늙은 사람과 병든 사람, 가족을 잃고 슬퍼하는 사람들이 있었지. ‘슬프고 아파하는 사람들 좀 봐. 도대체 어떻게 해야 이 고통에서 벗어날 수 있을까?’",
      "srcPage": 15,
      "srcSentenceEA": 4,
      "srcWordEA": 28
    },
    {
      "srcTextID": "2313",
      "srcText": "싯다르타는 깊은 고민에 빠졌지. 싯다르타는 답을 찾기 위해 궁을 떠나 길을 나섰어. 답을 얻으려고 굶기도 하고 가시덤불 위를 구르기도 했지.",
      "srcPage": 16,
      "srcSentenceEA": 3,
      "srcWordEA": 22
    },
    {
      "srcTextID": "2314",
      "srcText": "하지만 몸만 상할 뿐이었어. 그래서 그 어떤 욕심도 부리지 않고 마음을 비우기로 했어. 싯다르타는 건강을 되찾은 뒤 보리수나무 아래서 명상을 시작했지.",
      "srcPage": 17,
      "srcSentenceEA": 3,
      "srcWordEA": 23
    }
  ]
}