{
  "title": "스크루지, 경제 시장이 되다!",
  "author": "이수연",
  "illustrator": "박수지",
  "isbn": "9791165436353",
  "readAge": "초등_고학년",
  "publishedYear": 2022,
  "publisher": "아람북스",
  "classification": "사회관계",
  "paragraphInfoCount": 19,
  "paragraphInfo": [
    {
      "srcTextID": "10183",
      "srcText": "“난 캐럴시 최고 부자 스크루지다!” 스크루지는 지독하게 아끼고 아껴 엄청난 부자가 되었어요. 돈 한 푼 쓸 때는 아까워서 발발 떨지만 돈을 긁어모으는 일은 누구보다 자신 있었지요. ",
      "srcPage": 1,
      "srcSentenceEA": 3,
      "srcWordEA": 28
    },
    {
      "srcTextID": "10185",
      "srcText": "스크루지는 시장 선거에 나갔어요. “여러분! 캐럴시 최고 부자 스크루지입니다. 저를 뽑아 주시면, 여러분을 부자로 만들고 캐럴시도 부자 도시로 만들겠습니다!” 사람들은 부자가 된다는 말에 스크루지를 시장으로 뽑았어요. ",
      "srcPage": 3,
      "srcSentenceEA": 4,
      "srcWordEA": 29
    },
    {
      "srcTextID": "10187",
      "srcText": "며칠 뒤, 북적이던 거리는 조용해졌어요. 사람들은 사고 싶은 물건이 있어도 꾹 참고 가게 앞을 쌩 지나갔지요. 그 모습을 보고 스크루지는 흐뭇하게 웃었어요. ‘캐럴시는 곧 부자 도시가 될 거야.’",
      "srcPage": 5,
      "srcSentenceEA": 4,
      "srcWordEA": 31
    },
    {
      "srcTextID": "10188",
      "srcText": "스크루지는 무슨 일인지 주인에게 물었어요. “사람들이 빵을 안 사니, 빵을 만들 필요가 없어졌어요. 그래서 밀가루와 우유도 다시 돌려보내려고요. 직원들에게 월급 줄 돈도 못 벌어서 큰일이에요.” 빵집 주인의 말에 스크루지는 조금 놀랐어요. ",
      "srcPage": 7,
      "srcSentenceEA": 5,
      "srcWordEA": 34
    },
    {
      "srcTextID": "10191",
      "srcText": "스크루지는 마트를 찾아갔어요. 마트에는 밀가루와 우유가 넘쳐 났어요. 마트 주인은 유통 기한이 지난 물건들을 고르고 있었지요. ",
      "srcPage": 8,
      "srcSentenceEA": 3,
      "srcWordEA": 18
    },
    {
      "srcTextID": "10190",
      "srcText": "“사람들이 물건을 사지 않아 다 버리게 생겼어요. 이렇게 장사가 안되면 가게가 망하고 말 거예요.” 스크루지는 이번엔 좀 더 크게 놀랐어요. ",
      "srcPage": 9,
      "srcSentenceEA": 3,
      "srcWordEA": 22
    },
    {
      "srcTextID": "10192",
      "srcText": "농장엔 추수한 밀이 잔뜩 쌓여 있었어요. 농부들은 멍하니 보고만 있었지요. “밀가루를 안 쓰니 추수한 밀을 쌓아만 놓았어요. 이렇게 많은 밀을 다 어쩌면 좋지요?”",
      "srcPage": 11,
      "srcSentenceEA": 4,
      "srcWordEA": 25
    },
    {
      "srcTextID": "10194",
      "srcText": "스크루지는 다시 거리로 돌아왔어요. 사람들로 북적이던 거리는 썰렁해졌어요. 여기저기 문 닫은 가게들이 보였지요.",
      "srcPage": 12,
      "srcSentenceEA": 3,
      "srcWordEA": 15
    },
    {
      "srcTextID": "10196",
      "srcText": "스크루지는 너무 놀라 그대로 주저앉고 말았어요. 사람들이 스크루지에게 몰려들었어요. “시장님, 사람들이 물건을 사러 오지 않아요. 이러다 우리 모두 망하게 생겼어요.”",
      "srcPage": 13,
      "srcSentenceEA": 4,
      "srcWordEA": 22
    },
    {
      "srcTextID": "10195",
      "srcText": "“가게 문을 닫아서 우린 일자리를 잃었어요. 돈을 못 버는데 어떻게 부자가 될 수 있나요?” 사람들은 울상이 되어 하소연을 늘어놓았어요. ",
      "srcPage": 14,
      "srcSentenceEA": 3,
      "srcWordEA": 21
    },
    {
      "srcTextID": "10198",
      "srcText": "‘그래, 캐럴시를 되살리려면 문 닫은 가게들을 다시 열게 하고, 가게가 망하지 않도록 사람들이 물건을 사야 해!’ 스크루지는 사람들에게 다시 외쳤어요. “여러분! 무조건 아낀다고 부자가 되는 게 아닙니다! 필요한 것은 사서 돈이 돌고 돌아야 우리 모두 잘살 수 있습니다!”",
      "srcPage": 16,
      "srcSentenceEA": 4,
      "srcWordEA": 41
    },
    {
      "srcTextID": "10199",
      "srcText": "사람들은 스크루지의 말을 한 번 더 믿어 보기로 했어요. 거리는 조금씩 예전의 모습을 되찾았어요. 마트 주인은 물건들을 정리하느라 바쁘고, 빵집에서는 고소한 빵 냄새가 풍겨 나왔어요.",
      "srcPage": 17,
      "srcSentenceEA": 3,
      "srcWordEA": 27
    },
    {
      "srcTextID": "10200",
      "srcText": " 거리에는 쇼핑하러 나온 사람들이 가득해요. 저기, 케이크를 고르고 있는 스크루지도 보이네요. 길을 가던 사람들이 스크루지에게 인사를 해요. “스크루지 시장님, 메리 크리스마스!” “여러분, 모두모두 메리 크리스마스!”",
      "srcPage": 19,
      "srcSentenceEA": 5,
      "srcWordEA": 28
    },
    {
      "srcTextID": "10197",
      "srcText": "이제는 스크루지가 울 것만 같았어요. ‘다 같이 안 쓰고 아끼면 모두 부자가 될 줄 알았는데, 도대체 뭐가 잘못된 걸까?’ 스크루지는 곰곰이 생각했어요.",
      "srcPage": 15,
      "srcSentenceEA": 3,
      "srcWordEA": 24
    },
    {
      "srcTextID": "10201",
      "srcText": "스크루지는 추운 겨울 낡고 낡은 옷 대신 입을 패딩 점퍼를 사고, 미용실에 가서 머리를 단정하게 잘랐어요. 이웃 아이들에게 줄 선물도 샀지요. 신나는 음악이 흘러나오고, 불빛이 반짝거려요",
      "srcPage": 18,
      "srcSentenceEA": 3,
      "srcWordEA": 28
    },
    {
      "srcTextID": "10184",
      "srcText": "어느 날 스크루지는 길을 가다 벽보를 보았어요. ‘캐럴시의 시장을 뽑는다고? 그래, 내가 시장이 되어 모두 부자가 되는 세상을 만들어 보겠어!’ ",
      "srcPage": 2,
      "srcSentenceEA": 3,
      "srcWordEA": 22
    },
    {
      "srcTextID": "10186",
      "srcText": "가게는 사람들로 가득했어요. 그때, 스크루지가 나타나 사람들에게 외쳤어요. “이렇게 돈을 쓰면 부자가 될 수 없습니다! 아끼고, 아끼고, 또 아끼세요!” 옷은 새로 살 필요가 없습니다. 천을 덧대면 새 옷처럼 입을 수 있습니다! 가위만 있다면 집에서도 자를 수 있습니다! 맛있는 요리는 직접 만들어 먹을 수 있습니다! ",
      "srcPage": 4,
      "srcSentenceEA": 8,
      "srcWordEA": 50
    },
    {
      "srcTextID": "10189",
      "srcText": "어느 날, 스크루지는 아침부터 빵집 앞을 서성였어요. 빵집에서 새어 나오는 빵 냄새를 맡으려고요. 그런데 이상해요. 냄새는커녕 빵도 보이지 않았어요.",
      "srcPage": 6,
      "srcSentenceEA": 4,
      "srcWordEA": 22
    },
    {
      "srcTextID": "10193",
      "srcText": "밀가루는 밀로 만들지요. 그럼 밀 농장은 어떨까요? 스크루지는 당장 밀 농장을 찾아갔어요.",
      "srcPage": 10,
      "srcSentenceEA": 3,
      "srcWordEA": 14
    }
  ]
}