{
  "title": "추운 나라도 있고 더운 나라도 있어",
  "author": "정율희",
  "illustrator": "이선민",
  "isbn": "9791165957568",
  "readAge": "초등_고학년",
  "publishedYear": 2023,
  "publisher": "아람북스",
  "classification": "사회관계",
  "paragraphInfoCount": 22,
  "paragraphInfo": [
    {
      "srcTextID": "2819",
      "srcText": "냉대 기후 지역의 흙은 회백색이에요. 날씨가 추워서 두꺼운 가죽과 털을 가진 동물들이 살아요. 쉿! 숲속에서 무슨 소리가 들려요.  아하, 다람쥐가 나무 열매를 먹는 소리군요. 나무 사이로 아침 햇살이 비치자, 담비와 사슴, 순록도 잠에서 깨어나네요.",
      "srcPage": 10,
      "srcSentenceEA": 6,
      "srcWordEA": 40
    },
    {
      "srcTextID": "2822",
      "srcText": "모래바람이 휘몰아치는 건조 기후 지역 우아, 가도 가도 끝이 없는 모래사막이네요. 사막에는 일 년 내내 비가 내리지 않을 때가 많아요. 한낮에는 모든 걸 태울 것처럼 태양이 이글거리고 밤이 되면 기온이 뚝 떨어지죠. ",
      "srcPage": 12,
      "srcSentenceEA": 3,
      "srcWordEA": 34
    },
    {
      "srcTextID": "2816",
      "srcText": "북극해 주변에서는 아주 옛날부터 사람들이 살았어요. 이곳에 사는 사람들은 추위를 이기기 위해 두꺼운 털옷을 입고 얼음집에서 지냈어요. 이곳 사람들은 너무 추워 농사를 지을 수 없기 때문에 바다에서 물개나 물고기를 잡아 생활했었지요. ",
      "srcPage": 7,
      "srcSentenceEA": 3,
      "srcWordEA": 33
    },
    {
      "srcTextID": "2824",
      "srcText": "건조 기후 지역에 사는 사람들은 주로 오아시스 주변에서 살아요. 사막 가운데서 샘물이 솟고 풀과 나무가 자라는 곳을 오아시스라고 해요. 사람들은 오아시스 가까운 곳에서 염소와 같은 가축을 기르며 마을을 이루고 살죠. 사람들은 온몸이 가려지는 옷을 입어요. 이런 옷차림은 사막의 뜨거운 햇빛도 막고 모래바람도 막아 주어요. ",
      "srcPage": 15,
      "srcSentenceEA": 5,
      "srcWordEA": 48
    },
    {
      "srcTextID": "2812",
      "srcText": "북극 지역은 눈과 얼음으로 덮인 바다로 이루어져 있고, 남극 지역은 단단하고 두꺼운 얼음 땅으로 이루어져 있어요. 지구의 온도가 올라가 남극과 북극 지역의 얼음덩어리인 빙하가 녹고 있어요. 빙하가 녹으면 바닷물의 높이가 높아져서 우리가 살 수 있는 땅이 줄어들어요. ",
      "srcPage": 4,
      "srcSentenceEA": 3,
      "srcWordEA": 39
    },
    {
      "srcTextID": "2814",
      "srcText": " 남극 지역은 북극 지역보다 더 추워서 일 년 내내 얼음이 녹지 않아 식물이 거의 자라지 못해요. 남극 지역에서는 뒤뚱뒤뚱 걷는 펭귄 떼를 볼 수 있지요. 남극에서는 데스캄프시아와 콜로반투스라는 두 식물이 꽃을 피우는데 너무 작아서 맨눈으로 보기 힘들어요.",
      "srcPage": 6,
      "srcSentenceEA": 3,
      "srcWordEA": 40
    },
    {
      "srcTextID": "2827",
      "srcText": "아루 후후. 비가 그치자, 긴팔원숭이들이 나무숲 사이를 뛰어다녀요. 오랑우탄이 숨어서 먹잇감을 노리던 비단구렁이와 악어를 보고 있어요. 오랑우탄과 눈이 마주친 비단구렁이는 나무 사이로 스르르, 악어는 늪으로 첨벙 들어가네요. 정글을 벗어나면 너른 초원이 나와요. 이곳에는 사자와 표범 같은 육식 동물도 살고, 기린과 얼룩말 같은 초식 동물도 살아요. ",
      "srcPage": 18,
      "srcSentenceEA": 6,
      "srcWordEA": 50
    },
    {
      "srcTextID": "2815",
      "srcText": "저길 봐요. 어미 곰과 아기 곰이 놀러 나왔네요. 흰 털이 복슬복슬한 아기 곰이 무척 귀여워요. 여름은 짧고 겨울이 길고 추운 북극 지역에서는 추위에 강한 동물들이 살아요. ",
      "srcPage": 5,
      "srcSentenceEA": 4,
      "srcWordEA": 29
    },
    {
      "srcTextID": "2826",
      "srcText": "아프리카의 중부 지역과 남아메리카의 아마존 밀림, 동남아시아 등이 열대 기후에 속해요. 아프리카와 아마존 밀림이 환경 오염과 사람들의 무분별한 개발로 파괴되고 있어요. 이런 곳이 파괴되면 지구의 산소가 줄어들어 지금보다 훨씬 뜨거워질 거예요. ",
      "srcPage": 17,
      "srcSentenceEA": 3,
      "srcWordEA": 33
    },
    {
      "srcTextID": "2828",
      "srcText": "뜨거운 햇빛을 피해 낮잠을 자고 있는 아이가 참 편안해 보이죠. 옷도 별로 걸치지 않았네요. 열대 기후 지역에서 사는 사람들은 좀 더 시원하게 보내기 위해서 나뭇가지와 나뭇잎으로 엮어 만든 집에서 살아요. ",
      "srcPage": 19,
      "srcSentenceEA": 3,
      "srcWordEA": 32
    },
    {
      "srcTextID": "2831",
      "srcText": "온대 기후 지역에서 사는 사람들은 계절에 따라 옷을 갈아입어요. 옷만 바뀌는 게 아니에요. 계절에 따라 하는 일도 달라져요.",
      "srcPage": 21,
      "srcSentenceEA": 3,
      "srcWordEA": 20
    },
    {
      "srcTextID": "2830",
      "srcText": "봄에 씨를 뿌리고, 여름에는 큰비를 피하고, 가을에 곡식을 거둬들여 겨울을 지내요. 온대 기후 지역에는 여름에 비가 아주 많이 내려요. 태풍이 오거나 큰비가 내리면 집이며 도로가 물에 잠기기도 해요.",
      "srcPage": 22,
      "srcSentenceEA": 3,
      "srcWordEA": 30
    },
    {
      "srcTextID": "2817",
      "srcText": "하지만 지구 온난화로 기온이 올라가면서 사람들의 생활 방식이 바뀌고 있어요. 여름에는 밭농사를 짓기도 해요. 북극해 주변에 사는 원주민을 이누이트라고 해요. 하지만 남극 지역에는 사람이 살지 않아요. 연구하기 위해 잠시 머무르는 사람들만 있어요. ",
      "srcPage": 8,
      "srcSentenceEA": 5,
      "srcWordEA": 36
    },
    {
      "srcTextID": "2818",
      "srcText": "길고 긴 겨울이 이어지는 냉대 기후 지역 잎이 뾰족한 나무들이 마치 하늘을 찌를 듯 자라는 이곳은 냉대 기후 지역이에요. 러시아와 북부 유럽 등에 나타나는 기후이지요. 냉대 기후 지역은 한대 기후 지역보다 여름이 길고 날씨도 따뜻해요.  하지만 한대 기후 지역을 뺀 다른 지역보다는 겨울이 무척 길어요.",
      "srcPage": 9,
      "srcSentenceEA": 4,
      "srcWordEA": 49
    },
    {
      "srcTextID": "2820",
      "srcText": "굴뚝에서 하얀 연기가 몽글몽글 피어나는 작은 통나무집이에요. 마치 산타 할아버지가 사는 곳 같아요. 어쩌면 산타 할아버지가 저 집에서 어린이들에게 나누어 줄 선물을 포장하고 있을지 몰라요. 냉대 기후 지역에 사는 사람들은 긴 겨울을 따뜻한 벽난로가 있는 집에서 보내지요. ",
      "srcPage": 11,
      "srcSentenceEA": 4,
      "srcWordEA": 40
    },
    {
      "srcTextID": "2821",
      "srcText": "드넓은 사막이 펼쳐지는 이런 곳을 건조 기후 지역이라고 해요. 아프리카 북부와 오스트레일리아의 사막 지역 등이 건조 기후에 속해요. 환경 오염으로 지구의 온도가 높아져서 사막이 늘어나고 있어요.",
      "srcPage": 13,
      "srcSentenceEA": 3,
      "srcWordEA": 28
    },
    {
      "srcTextID": "2823",
      "srcText": "하지만 이런 사막에서도 생명이 숨 쉬어요. 저기 짐을 가득 싣고 사막 한가운데를 가로지르는 낙타 떼를 보세요. 낙타는 사막에 사는 대표적인 동물이에요. 사막에는 낙타처럼 물을 자주 먹지 않는 동물들이 살아요. 페넥여우나 방울뱀처럼 뜨거운 한낮에는 쉬고 저녁이 되면 활동하는 동물들이 많아요. ",
      "srcPage": 14,
      "srcSentenceEA": 5,
      "srcWordEA": 43
    },
    {
      "srcTextID": "2825",
      "srcText": "동물들의 왕국 열대 기후 지역 쏴아 쏴아. 한바탕 시원하게 비가 쏟아지더니 어느새 뚝 그쳤어요. 이곳은 하루에도 몇 번씩 비가 내리고 일 년 내내 뜨거운 여름이 계속되는 열대 기후 지역이에요. ",
      "srcPage": 16,
      "srcSentenceEA": 3,
      "srcWordEA": 31
    },
    {
      "srcTextID": "2829",
      "srcText": "푸른 하늘 위로 무리를 지어 날아가는 철새 떼를 보아요. 따뜻한 곳을 찾아 날아온 철새들이에요. 이 새들은 날씨가 추워지면 다른 곳으로 갈 거예요.",
      "srcPage": 20,
      "srcSentenceEA": 3,
      "srcWordEA": 24
    },
    {
      "srcTextID": "2810",
      "srcText": "동그란 공처럼 생긴 지구를 펼쳐 놓으면 세계를 한눈에 볼 수 있지요. 그런데 나라마다 날씨가 달라요. 추운 지역의 사람들은 두꺼운 털옷을 입고 살며, 더운 지역의 사람들은 반소매 옷을 입고 살지요.",
      "srcPage": 1,
      "srcSentenceEA": 3,
      "srcWordEA": 31
    },
    {
      "srcTextID": "2811",
      "srcText": "이렇게 지역마다 날씨가 다른 이유는 우리가 사는 지구가 둥글기 때문이에요. 그래서 지역마다 햇빛을 받는 양이 달라져요. 햇빛을 많이 받는 곳은 따뜻하고, 조금 받는 곳은 추워요. 지구에는 크게 열대, 건조, 온대, 냉대, 한대 그리고 고산 기후가 나타나요.",
      "srcPage": 2,
      "srcSentenceEA": 4,
      "srcWordEA": 39
    },
    {
      "srcTextID": "2813",
      "srcText": "북극곰이 사는 얼음 나라, 한대 기후 지역 우아, 세상이 온통 하얘요. 눈과 얼음으로 덮인 곳이 바로 한대 기후 지역이에요. 지구의 양쪽 끝인 북극 지역과 남극 지역이 한대 기후에 속하죠. ",
      "srcPage": 3,
      "srcSentenceEA": 3,
      "srcWordEA": 31
    }
  ]
}