{
  "title": "강철왕 카네기",
  "author": "배미주",
  "illustrator": "이지원",
  "isbn": "9791128220517",
  "readAge": "초등_고학년",
  "publishedYear": 2018,
  "publisher": "아람북스",
  "classification": "사회관계",
  "paragraphInfoCount": 27,
  "paragraphInfo": [
    {
      "srcTextID": "13260",
      "srcText": "카네기는 뭐든지 배우는 것이 즐거웠어요. 하루는 친구 톰이 볼멘소리를 했지요. “앤더슨 대령님이 공장에서 일하는 아이들에게만 공짜로 책을 빌려준대.”",
      "srcPage": 5,
      "srcSentenceEA": 3,
      "srcWordEA": 19
    },
    {
      "srcTextID": "13269",
      "srcText": "기차들이 꼼짝 못 하고 있다는 소식이 들려왔지요. 카네기는 곰곰이 생각하다가 역마다 전보를 보냈어요. “동쪽으로 가는 열차를 멈춰 세우시오. 서쪽으로 가는 열차를 출발시키시오.”",
      "srcPage": 16,
      "srcSentenceEA": 4,
      "srcWordEA": 24
    },
    {
      "srcTextID": "13270",
      "srcText": "소식을 듣고 달려온 감독은 깜짝 놀랐어요. ‘가르친 적도 없는데 이렇게 어려운 일을 해내다니!’ 그때부터 감독은 전보로 열차를 지휘하는 일을 모두 카네기에게 맡겼지요.",
      "srcPage": 17,
      "srcSentenceEA": 3,
      "srcWordEA": 24
    },
    {
      "srcTextID": "13274",
      "srcText": "그 무렵 미국은 전쟁 중이었어요. 철은 어마어마하게 값이 올랐고, 옮기기도 무척 힘들었지요. 당연히 철로 만드는 레일도 모자랐어요.",
      "srcPage": 20,
      "srcSentenceEA": 3,
      "srcWordEA": 19
    },
    {
      "srcTextID": "13256",
      "srcText": "아주 먼 곳까지 전보를 배달해야 하거든. “전 스코틀랜드에서 바다 건너 미국까지 왔어요. 그보다 먼가요?” 국장은 당당한 소년이 마음에 쏙 들었어요. 소년의 이름은 카네기였어요.",
      "srcPage": 2,
      "srcSentenceEA": 5,
      "srcWordEA": 26
    },
    {
      "srcTextID": "13257",
      "srcText": "‘하나를 배달하더라도 제대로 해야지!’ 카네기는 누가 어느 집에 살고 있는지 달달 외웠어요. 뭐든 대충하는 법이 없었지요.",
      "srcPage": 3,
      "srcSentenceEA": 3,
      "srcWordEA": 18
    },
    {
      "srcTextID": "13258",
      "srcText": "어깨너머로 전보를 보내고 받는 기술도 익혔어요. “배달부가 배달만 잘하면 되지 기술은 배워서 뭐 해?” “뭐든 배워 두면 쓸 일이 생기지 않겠어?” 카네기는 어깨를 으쓱할 뿐이었지요.",
      "srcPage": 4,
      "srcSentenceEA": 4,
      "srcWordEA": 26
    },
    {
      "srcTextID": "13261",
      "srcText": "카네기는 불평 대신 신문사에 글을 보냈어요. “저처럼 전보를 배달하는 소년도 책을 빌릴 수 있게 해 주세요.” 카네기가 쓴 글은 신문에 실렸어요.",
      "srcPage": 6,
      "srcSentenceEA": 3,
      "srcWordEA": 22
    },
    {
      "srcTextID": "13263",
      "srcText": "머뭇머뭇하던 카네기가 전신기 앞으로 다가갔어요. “급한 소식을 전하려 한다. 받을 수 있겠나?”",
      "srcPage": 9,
      "srcSentenceEA": 3,
      "srcWordEA": 13
    },
    {
      "srcTextID": "13262",
      "srcText": "“할 수 있다.” 카네기는 서투른 솜씨로 전보를 받아 적었지요. 그러고는 한달음에 배달까지 해 주었어요.",
      "srcPage": 10,
      "srcSentenceEA": 3,
      "srcWordEA": 16
    },
    {
      "srcTextID": "13265",
      "srcText": "“네가 전보를 받아서 배달까지 해 줬다고?” 카네기는 혼날까 봐 가슴이 두근두근했어요. 괜한 일을 한 것만 같았지요.",
      "srcPage": 11,
      "srcSentenceEA": 3,
      "srcWordEA": 18
    },
    {
      "srcTextID": "13266",
      "srcText": "하지만 국장의 표정이 이내 환해졌어요. “아주 잘했어! 앞으로는 전신 기사 일을 해 보는 게 어때?” 카네기는 그 말에 기분이 날아갈 것 같았지요.",
      "srcPage": 12,
      "srcSentenceEA": 4,
      "srcWordEA": 24
    },
    {
      "srcTextID": "13268",
      "srcText": "카네기를 눈여겨본 사람이 또 있었어요. 바로 철도 회사 감독이었지요. 철도 회사에서는 전보를 보낼 일이 많았거든요. ",
      "srcPage": 13,
      "srcSentenceEA": 3,
      "srcWordEA": 17
    },
    {
      "srcTextID": "13267",
      "srcText": " “나와 함께 일해 보지 않겠나?” 감독의 말에 카네기는 무척 기뻤어요. 철도 회사에서 더 많은 일을 배울 수 있을 것 같았으니까요.",
      "srcPage": 14,
      "srcSentenceEA": 3,
      "srcWordEA": 22
    },
    {
      "srcTextID": "13271",
      "srcText": "카네기는 철도 회사 감독의 비서로 일하게 되었어요. 감독이 어떻게 열차를 지휘하는지도 유심히 살폈지요. 그러던 어느 날, 열차 사고가 일어나고 말았어요.",
      "srcPage": 15,
      "srcSentenceEA": 3,
      "srcWordEA": 22
    },
    {
      "srcTextID": "13272",
      "srcText": "“카네기는 똑똑하고 믿음직한 직원입니다. 감독이 되기에 충분하지요.” 감독은 철도 회사 사장에게 카네기를 추천했어요.",
      "srcPage": 18,
      "srcSentenceEA": 3,
      "srcWordEA": 15
    },
    {
      "srcTextID": "13273",
      "srcText": "카네기는 겨우 스물네 살에 한 지역의 철도를 전부 책임지게 된 거예요. “카네기 감독님! 레일이 부러졌어요.” “카네기 감독님! 레일이 닳아 버렸어요.”  카네기는 한밤중에도 사고가 나면 달려갔고, 화물 틈에서 쪼그리고 잠을 자며 일했지요.",
      "srcPage": 19,
      "srcSentenceEA": 6,
      "srcWordEA": 35
    },
    {
      "srcTextID": "13276",
      "srcText": "카네기는 이때다 싶어 레일을 만드는 회사를 차렸지요. 그런데 문제가 있었어요. 약한 철로 만든 레일은 금세 닳고, 쉽게 부러졌어요.",
      "srcPage": 21,
      "srcSentenceEA": 3,
      "srcWordEA": 20
    },
    {
      "srcTextID": "13275",
      "srcText": "‘어떻게 하면 튼튼한 레일을 만들 수 있을까?’ 고민하던 카네기는 강철을 떠올렸어요. ‘그래, 단단한 강철로 레일을 만들자!’",
      "srcPage": 22,
      "srcSentenceEA": 3,
      "srcWordEA": 18
    },
    {
      "srcTextID": "13255",
      "srcText": "“전보 배달부를 구하시나요?” 전신국 국장은 어린 소년을 보고 깜짝 놀랐어요. 너처럼 어린 아이에겐 힘든 일이란다.",
      "srcPage": 1,
      "srcSentenceEA": 3,
      "srcWordEA": 17
    },
    {
      "srcTextID": "13277",
      "srcText": "하지만 여전히 문제는 남아 있었어요. 강철을 만들려면 돈이 많이 들었거든요. 바로 그때, 카네기는 영국에서 값싸게 강철을 만들 수 있다는 소식을 들었어요.",
      "srcPage": 23,
      "srcSentenceEA": 3,
      "srcWordEA": 23
    },
    {
      "srcTextID": "13279",
      "srcText": "튼튼한 배도 만들 수 있었지요. 카네기가 생각한 강철의 세상이 온 거예요. “강철왕!” 사람들은 카네기를 그렇게 불렀어요.",
      "srcPage": 25,
      "srcSentenceEA": 3,
      "srcWordEA": 18
    },
    {
      "srcTextID": "13280",
      "srcText": "딱딱하고 차가운 강철! 강철왕 카네기는 마음까지 강철 같았을까요? 카네기는 가난한 아이들을 위해 2,500개가 넘는 도서관을 지었어요.",
      "srcPage": 26,
      "srcSentenceEA": 3,
      "srcWordEA": 18
    },
    {
      "srcTextID": "13259",
      "srcText": "신문을 본 앤더슨 대령은 눈이 휘둥그레졌지요. 그러다 허허 너털웃음을 터뜨렸어요. “이 아이 말이 옳아. 책을 읽고 싶다면 누구든 읽게 해 줘야지.” 그때부터 카네기는 마음껏 책을 읽을 수 있게 되었지요.",
      "srcPage": 7,
      "srcSentenceEA": 5,
      "srcWordEA": 32
    },
    {
      "srcTextID": "13278",
      "srcText": "카네기는 한달음에 영국으로 가서 그 방법을 배웠지요. 영국에서 돌아온 카네기는 미국에서 처음으로 강철 회사를 세웠어요. 사람들은 카네기가 만든 강철로 튼튼한 레일도 만들고 튼튼한 다리도 지었어요.",
      "srcPage": 24,
      "srcSentenceEA": 3,
      "srcWordEA": 27
    },
    {
      "srcTextID": "13264",
      "srcText": "아침 일찍 전신국이 떠나가라 벨이 울렸어요. 전보가 왔다는 뜻이지요. 전신 기사는 출근도 하기 전이었어요.",
      "srcPage": 8,
      "srcSentenceEA": 3,
      "srcWordEA": 16
    },
    {
      "srcTextID": "13281",
      "srcText": "또 기술을 배울 수 있는 학교도 지었지요. 강철로 번 돈을 아낌없이 좋은 일에 썼어요. 강철왕 카네기는 마음만큼은 따뜻한 사람이었던 거예요.",
      "srcPage": 27,
      "srcSentenceEA": 3,
      "srcWordEA": 22
    }
  ]
}