{
  "title": "좋은나라호 좋은 선장 뽑기",
  "author": "정민경",
  "illustrator": "국설희",
  "isbn": "9791165957476",
  "readAge": "초등_고학년",
  "publishedYear": 2023,
  "publisher": "아람북스",
  "classification": "사회관계",
  "paragraphInfoCount": 28,
  "paragraphInfo": [
    {
      "srcTextID": "3940",
      "srcText": "좋은나라호의 선장을 뽑는대. 누가 다음 선장이 될까? 다들 눈을 빛내며 궁금해했어. ",
      "srcPage": 1,
      "srcSentenceEA": 3,
      "srcWordEA": 13
    },
    {
      "srcTextID": "3968",
      "srcText": "알림. 좋은나라호를 이끌 새 선장을 뽑습니다. 절대로 오지 말아야 할 사람. 성질 고약한 사람, 남의 물건 훔친 사람, 나이가 40살 아래인 사람, 우리 배에서 생활한 지 5년이 안 된 사람 등. 꼭 와야 할 사람. 지금 선장같이 좋은나라호를 잘 이끌 수 있는 사람이면 대환영!",
      "srcPage": 28,
      "srcSentenceEA": 5,
      "srcWordEA": 49
    },
    {
      "srcTextID": "3946",
      "srcText": "선장은 다른 배들을 공격해 전쟁을 일으켰어. 수많은 사람이 죽었지. 그런데 그 선장은 좋은나라호를 위해서 전쟁한다고 말하곤 했어.",
      "srcPage": 7,
      "srcSentenceEA": 3,
      "srcWordEA": 19
    },
    {
      "srcTextID": "3947",
      "srcText": "하지만 다른 배들이 힘을 합치는 바람에 좋은나라호는 지고 말았어. 사람들은 가난해졌고 말이야. 아유, 지난 선장들을 떠올리기만 해도 머리가 아파. ",
      "srcPage": 8,
      "srcSentenceEA": 3,
      "srcWordEA": 21
    },
    {
      "srcTextID": "3948",
      "srcText": "다른 배를 빼앗아서라도 우리 배를 더 큰 배로 만들겠습니다. \n수업을 모두 영어로 하겠습니다. \n거짓말쟁이가 없는 배로 만들겠습니다. ",
      "srcPage": 11,
      "srcSentenceEA": 3,
      "srcWordEA": 19
    },
    {
      "srcTextID": "3957",
      "srcText": "이를 어째! 해적선이 점점 다가오고 있는 거야. “공격하라! 공격하라!” 선장이 명령하자 선원들이 대포를 쏘았어. 좋은나라호 선원들은 칼을 휘두르며 해적들과 용감하게 맞서 싸웠지. ",
      "srcPage": 19,
      "srcSentenceEA": 5,
      "srcWordEA": 26
    },
    {
      "srcTextID": "3959",
      "srcText": "결국 해적들을 모두 사로잡았어. 선장은 열심히 싸운 선원들에게 잔치를 열어 주고, 금화 한 닢씩을 상으로 주었어. 상을 받은 선원들의 입이 딱 벌어졌지. 싸움에서 크게 승리한 기념으로 지하 감옥에 갇혀 있던 죄인들을 풀어 주기도 했어. ",
      "srcPage": 20,
      "srcSentenceEA": 4,
      "srcWordEA": 37
    },
    {
      "srcTextID": "3960",
      "srcText": "몇몇 사람들이 물살에 휩쓸려 바다에 빠지고 말았지. 드디어 날이 밝았어. 지난밤 파도에 휩쓸려 바다에 빠진 사람이 9명입니다. ",
      "srcPage": 22,
      "srcSentenceEA": 3,
      "srcWordEA": 19
    },
    {
      "srcTextID": "3944",
      "srcText": "선장이 되자마자 배의 금고를 열어 멋진 요트를 샀어. 아내에게는 번쩍거리는 보석을 사 주었지. 아들딸들도 떵떵거리며 살게 해 주었어. ",
      "srcPage": 5,
      "srcSentenceEA": 3,
      "srcWordEA": 20
    },
    {
      "srcTextID": "3945",
      "srcText": "그러나 자기가 하는 말에 반대하는 사람은 배 밑 지하 감옥에 가두었어. 사람들은 가난해졌고 불행했지. 싸움만 좋아하고 고집쟁이인 선장도 있었어. ",
      "srcPage": 6,
      "srcSentenceEA": 3,
      "srcWordEA": 21
    },
    {
      "srcTextID": "3950",
      "srcText": "새로운 선장이 되겠다고 나선 사람들이 한자리에 모였어. 후보들은 왜 자기가 선장이 되어야 하는지 한마디씩 했지. 그리고 이런저런 약속을 했어. ",
      "srcPage": 9,
      "srcSentenceEA": 3,
      "srcWordEA": 21
    },
    {
      "srcTextID": "3949",
      "srcText": "불끈불끈 힘센 배로 만들겠습니다. \n모두 부자로 만들어 주겠습니다. \n모든 사람이 돈을 내지 않고 병원에 다닐 수 있게 하겠어요. ",
      "srcPage": 10,
      "srcSentenceEA": 3,
      "srcWordEA": 20
    },
    {
      "srcTextID": "3951",
      "srcText": "드디어 선장을 뽑는 날이 되었어. 모두 하던 일을 멈추고 투표하러 왔지. 길게 늘어선 줄이 끝도 없이 이어졌어.",
      "srcPage": 12,
      "srcSentenceEA": 3,
      "srcWordEA": 19
    },
    {
      "srcTextID": "3952",
      "srcText": "투표가 끝나고 투표함이 열렸어. 한 표 한 표 나올 때마다 어떤 후보는 웃고 어떤 후보는 찡그렸어. 누가 선장이 되었을까? ",
      "srcPage": 13,
      "srcSentenceEA": 3,
      "srcWordEA": 21
    },
    {
      "srcTextID": "3953",
      "srcText": "6번 후보가 선장으로 뽑혔어. \n사람들은 거짓말쟁이 없는 배가 최고라고 생각한 거지. \n새 선장은 가장 먼저 자신을 도와줄 선원들을 뽑았어. ",
      "srcPage": 14,
      "srcSentenceEA": 3,
      "srcWordEA": 21
    },
    {
      "srcTextID": "3962",
      "srcText": "좋은나라호도 심하게 부서져서 당장 고쳐야 합니다. 또 옷가지며 짐 가방을 잃어버린 사람들도 많습니다. 선장은 선원의 말을 들으면서 한숨을 내쉬었어. ",
      "srcPage": 23,
      "srcSentenceEA": 3,
      "srcWordEA": 21
    },
    {
      "srcTextID": "3963",
      "srcText": "폭풍우 때문에 좋은나라호의 살림살이가 어려워졌어. 선장은 머리를 감싸 쥐고 무언가를 골똘히 생각한 다음, 함께 일하는 선원들을 불러 모았어. “배고픈 사람들에게 밥을 나눠 주고, 일자리가 없는 사람들에게 배를 고치게 하고서 임금을 주도록 하세요. ",
      "srcPage": 24,
      "srcSentenceEA": 3,
      "srcWordEA": 33
    },
    {
      "srcTextID": "3955",
      "srcText": "다른 배에서 좋은나라호 선장을 초대했어. 넓은 갑판 위에 줄지어 늘어선 군악대가 팡파르를 울렸지. “축하드립니다. 서로 도우며 좋은 일을 해 봅시다.” ",
      "srcPage": 16,
      "srcSentenceEA": 3,
      "srcWordEA": 22
    },
    {
      "srcTextID": "3958",
      "srcText": "평화로운 날들이 계속되었지. 그러던 어느 날 망을 보던 선원이 다급하게 소리를 질렀어. “해적이다! 해적이 나타났다!” 선장은 부리나케 뱃머리에 나가 망원경으로 바다를 살폈어. ",
      "srcPage": 18,
      "srcSentenceEA": 4,
      "srcWordEA": 25
    },
    {
      "srcTextID": "3965",
      "srcText": "부족한 돈은 내가 다른 배에서 빌려 오겠소. \n선장의 말대로 모든 일이 진행되었어. \n다른 배에서 빌린 돈으로 고기잡이배를 사서 물고기를 잡았어. ",
      "srcPage": 25,
      "srcSentenceEA": 3,
      "srcWordEA": 22
    },
    {
      "srcTextID": "3964",
      "srcText": "물고기를 판 돈은 빌린 돈을 갚는 데 썼지. 모두 열심히 일한 덕분에 좋은나라호의 살림살이도 차차 나아졌어. 어느덧 5년이 흘렀어. 선장의 얼굴에도 드문드문 흰 수염이 나 있었지. ",
      "srcPage": 26,
      "srcSentenceEA": 4,
      "srcWordEA": 29
    },
    {
      "srcTextID": "3941",
      "srcText": "선장이 되겠다는 사람은 아주 많았어. 선장 후보가 자그마치 여섯 명이나 되지 뭐야. 사람들은 이름조차 외우기 어려웠어. ",
      "srcPage": 2,
      "srcSentenceEA": 3,
      "srcWordEA": 18
    },
    {
      "srcTextID": "3942",
      "srcText": "후보들 모두 자기를 뽑아 달라고 외치는 바람에 시끌벅적했어. 어떤 선장을 뽑아야 할까? 그동안 이 배에는 여러 명의 선장이 있었어. ",
      "srcPage": 3,
      "srcSentenceEA": 3,
      "srcWordEA": 21
    },
    {
      "srcTextID": "3943",
      "srcText": "많은 선장을 거치면서 사람들은 선장을 잘 뽑아야 한다고 생각했지. 도대체 어떤 선장들이었는지 한번 들어 볼래? 한번은 욕심쟁이가 선장이 되었지. ",
      "srcPage": 4,
      "srcSentenceEA": 3,
      "srcWordEA": 21
    },
    {
      "srcTextID": "3954",
      "srcText": "선장은 선원들과 함께 회의하고, 배의 이곳저곳을 둘러보았어. 다치거나 아픈 사람은 없는지, 먹을 것은 넉넉한지 꼼꼼하게 살폈어. 아침 일찍 일어나 밤늦게까지 일을 했지.",
      "srcPage": 15,
      "srcSentenceEA": 3,
      "srcWordEA": 24
    },
    {
      "srcTextID": "3956",
      "srcText": "다른 배의 선장이 말했어. 좋은나라호 선장은 손을 들어 보이며 고개를 끄덕였어. 두 선장은 싸우지 않고 함께 고기를 잡는 방법에 대해 밤이 깊도록 이야기했지. ",
      "srcPage": 17,
      "srcSentenceEA": 3,
      "srcWordEA": 25
    },
    {
      "srcTextID": "3961",
      "srcText": "전쟁이 끝난 지 얼마 지나지 않아 거센 폭풍우가 몰아쳤어. 선장은 밤늦도록 배 안을 돌아다니며 사람들이 안전한지 살폈어. 그런데 파도는 더욱 거세졌어. ",
      "srcPage": 21,
      "srcSentenceEA": 3,
      "srcWordEA": 23
    },
    {
      "srcTextID": "3966",
      "srcText": "“좋은나라호를 이끌 좋은 선장을 뽑아야 할 텐데.” “더도 말고 덜도 말고 지금의 선장 같은 새 선장을 뽑자고!” 누군가의 말에 다들 맞장구를 쳤어. ",
      "srcPage": 27,
      "srcSentenceEA": 3,
      "srcWordEA": 23
    }
  ]
}