{
  "title": "이르마의 탐험호",
  "author": "김남중",
  "illustrator": "정은민",
  "isbn": "9791128214769",
  "readAge": "초등_고학년",
  "publishedYear": 2018,
  "publisher": "아람북스",
  "classification": "사회관계",
  "paragraphInfoCount": 19,
  "paragraphInfo": [
    {
      "srcTextID": "1788",
      "srcText": "이르마의 할아버지는 시골에서 포도밭을 가꾸었어요. 적포도주를 만드는 붉은 포도밭에는 붉은 장미를, 백포도주를 만드는 청포도밭에는 흰 장미를 심었어요. 장미가 시들면 포도가 아픈 거예요. 껍질을 벗기지 않은 붉은 포도로 적포도주를 만들고, 붉은 포도의 껍질을 벗긴 알맹이나 청포도로 백포도주를 만들어요.",
      "srcPage": 2,
      "srcSentenceEA": 4,
      "srcWordEA": 40
    },
    {
      "srcTextID": "1791",
      "srcText": "이르마는 할아버지를 따라 차에 탔어요. “세상의 끝에 가 보지 않을래?” “좋아요!” 이르마의 탐험호가 남쪽으로 달렸어요. 이르마와 할아버지는 밥시간이 되면 차 안에 있는 부엌에서 요리를 해 먹었어요. 그리고 밤이 되면 차 안에 있는 작은 침대에서 잠을 잤어요. ",
      "srcPage": 5,
      "srcSentenceEA": 5,
      "srcWordEA": 39
    },
    {
      "srcTextID": "1795",
      "srcText": " “할아버지, 북쪽에는 뭐가 있어요?” “사백 년 동안 비가 오지 않았다는 아타카마 사막이 있지. 거기에 간다면 아마 여기가 그리워질 거다. 아주 더운 곳이거든. 세상에서 가장 메마른 곳이기도 하고…….” 아타카마 사막의 일부 지역은 지금껏 단 한 번도 비가 내리지 않았어요. 그래서 ‘세상에서 가장 메마른 곳’이라고 해요. ",
      "srcPage": 9,
      "srcSentenceEA": 8,
      "srcWordEA": 50
    },
    {
      "srcTextID": "1793",
      "srcText": "이르마는 길을 따라 이어지는 산줄기를 바라보았어요. 어떤 봉우리는 하늘에 닿을 듯 높았어요.밤이 되면 산에서 차가운 바람이 불어와 이르마의 탐험호를 흔들었어요. 이르마는 따뜻한 곳으로 가고 싶었어요.",
      "srcPage": 8,
      "srcSentenceEA": 4,
      "srcWordEA": 28
    },
    {
      "srcTextID": "1809",
      "srcText": "이르마의 탐험호가 산속으로 들어왔어요. 골짜기 사이로 난 구불구불한 길을 달렸어요. 며칠을 달려 세상의 끝에 도착했어요. 그곳은 땅이 끝나고 남극해가 시작되는 곳, 깊은 산골짜기까지 바다가 들어와 있는 곳이었어요. ",
      "srcPage": 11,
      "srcSentenceEA": 4,
      "srcWordEA": 30
    },
    {
      "srcTextID": "1787",
      "srcText": "산티아고의 하늘은 매연으로 가득했어요. 아침에 떠오르는 해는 회색빛이고, 나뭇잎에는 뿌연 먼지가 앉아 있었지요. 그래서 이르마는 토요일을 기다렸어요. 토요일 아침이면 엄마가 이르마를 포도 언덕으로 데려다주었어요. ",
      "srcPage": 1,
      "srcSentenceEA": 4,
      "srcWordEA": 27
    },
    {
      "srcTextID": "1792",
      "srcText": "“할아버지, 세상의 끝에는 왜 가는 거예요?” 이르마가 묻자 할아버지가 웃었어요. “난 평생 포도만 바라보고 살았단다. 더 늦기 전에 세상의 끝에 가 보고 싶구나. 어릴 때부터 꿈이었거든.” “세상의 끝에 뭐가 있는데요?” “글쎄다, 가 봐야 알겠지.” ",
      "srcPage": 6,
      "srcSentenceEA": 7,
      "srcWordEA": 37
    },
    {
      "srcTextID": "1794",
      "srcText": "이르마의 탐험호가 부릉부릉 힘차게 달렸어요. 남쪽으로 갈수록 날씨가 추워졌어요. 바람이 불 때는 눈송이가 날리기도 했어요. 할아버지는 이르마에게 두툼한 거위털 옷을 꺼내 주었어요. 목도리를 두르고 모자까지 눌러쓰자, 이르마의 동그란 눈만 보였어요. ",
      "srcPage": 7,
      "srcSentenceEA": 5,
      "srcWordEA": 34
    },
    {
      "srcTextID": "1810",
      "srcText": "할아버지는 이르마가 바람에 날아갈까 봐 손을 꼭 잡았어요. “저기, 펭귄이 있다.” 쓸쓸한 바닷가에 펭귄들이 서 있었어요. 펭귄과 이르마는 오랫동안 서로를 바라보았어요. ",
      "srcPage": 12,
      "srcSentenceEA": 4,
      "srcWordEA": 23
    },
    {
      "srcTextID": "1811",
      "srcText": " 집에 돌아온 이르마는 아타카마 사막에도, 안데스산맥에도 가 보고 싶었어요. 하지만 엄마와 아빠는 고개를 저었어요. “할아버지께서 편찮으셔. 다 나으시면 함께 가자.” ",
      "srcPage": 14,
      "srcSentenceEA": 4,
      "srcWordEA": 23
    },
    {
      "srcTextID": "1813",
      "srcText": "기다리다 못한 이르마가 할아버지에게 전화를 걸었어요. 할아버지가 힘없이 말했어요. “그래, 더 늦기 전에 안데스산맥을 보러 가자.” ",
      "srcPage": 15,
      "srcSentenceEA": 3,
      "srcWordEA": 17
    },
    {
      "srcTextID": "1816",
      "srcText": "할아버지가 눈 덮인 아콩카과산을 바라보며 말했어요. “난 평생 포도 언덕보다 높은 곳에는 가 보지 못했지. 이르마야, 저 높은 곳에 꼭 올라가 보아라. 할아버지가 본 것보다 더 넓은 세상을 볼 수 있을 테니.”",
      "srcPage": 17,
      "srcSentenceEA": 4,
      "srcWordEA": 34
    },
    {
      "srcTextID": "1789",
      "srcText": "“할아버지!” 할아버지가 이르마를 번쩍 들어서 안아 주었어요. 멀리 안데스산맥이 보였어요. “이르마, 네게 보여 줄 게 있단다!” ",
      "srcPage": 3,
      "srcSentenceEA": 3,
      "srcWordEA": 18
    },
    {
      "srcTextID": "1790",
      "srcText": "할아버지는 이르마를 집 뒤쪽으로 데려갔어요. 그곳에는 바퀴가 커다랗고 튼튼해 보이는 자동차가 있었어요. “이르마의 탐험호란다, 멋지지?” ",
      "srcPage": 4,
      "srcSentenceEA": 3,
      "srcWordEA": 16
    },
    {
      "srcTextID": "1812",
      "srcText": "이르마의 탐험호가 다시 집을 향해 달렸어요. 며칠 동안 달리자 바람이 약해졌고, 초록빛 과수원과 밭이 보이기 시작했어요. 이르마는 노래를 불렀고, 할아버지는 노랫소리를 들었어요.",
      "srcPage": 13,
      "srcSentenceEA": 3,
      "srcWordEA": 24
    },
    {
      "srcTextID": "1817",
      "srcText": "한 달 뒤, 할아버지는 하늘나라로 가셨어요. 이르마는 이르마의 탐험호 운전석에 앉아 보았어요. 그리고 눈 덮인 산꼭대기에 꼭 올라가겠다고 다짐했어요. 하늘나라와 가까워서 할아버지 목소리가 들릴지도 모르니까요. “그렇죠, 할아버지?” 이르마가 속삭이자 저 멀리 구름이 흩어졌어요. ",
      "srcPage": 19,
      "srcSentenceEA": 6,
      "srcWordEA": 37
    },
    {
      "srcTextID": "1808",
      "srcText": "이르마는 할아버지의 지도를 살펴보았어요. 칠레는 마치 기다란 뱀처럼 보였어요. “다른 쪽으로 가면 뭐가 있어요?” “동쪽으로 가면 안데스산맥으로 막혀 있고, 서쪽으로 가면 세상에서 가장 넓은 바다인 태평양과 만난단다.” ",
      "srcPage": 10,
      "srcSentenceEA": 4,
      "srcWordEA": 28
    },
    {
      "srcTextID": "1814",
      "srcText": "할아버지는 하얀 환자복을 다른 옷으로 갈아입었어요. 이번에는 아빠가 이르마의 탐험호를 운전했지요. 동쪽으로 한참을 달리자 하늘 높이 솟은 산봉우리가 보였어요. 바로 안데스산맥에서 가장 높은 아콩카과산이었어요. ",
      "srcPage": 16,
      "srcSentenceEA": 4,
      "srcWordEA": 27
    },
    {
      "srcTextID": "1815",
      "srcText": "돌아오는 차 안에서 이르마는 자꾸 뒤를 돌아보았어요. 이 길을 꼭 기억하고 싶었거든요. 언젠가 다시 찾아올 테니까요. ",
      "srcPage": 18,
      "srcSentenceEA": 3,
      "srcWordEA": 18
    }
  ]
}