{
  "title": "제인 구달과 침팬지의 거리",
  "author": "길선영",
  "illustrator": "안예리",
  "isbn": "9791128220876",
  "readAge": "초등_고학년",
  "publishedYear": 2018,
  "publisher": "아람북스",
  "classification": "사회관계",
  "paragraphInfoCount": 24,
  "paragraphInfo": [
    {
      "srcTextID": "1085",
      "srcText": "“사랑하는 제인, 생일 축하해!” 제인은 부모님에게 생일 선물로 침팬지 인형을 받았어요. 제인은 어릴 때부터 유난히 동물을 좋아했지요. 세 살 땐 꼬물꼬물 지렁이를 만지며 놀고, 다섯 살 땐 암탉이 알 낳는 걸 관찰하며 놀고, 여덟 살 땐 책 속 악어를 보며 놀았어요. 제인의 꿈은 동물의 천국, 아프리카에 가는 것이었지요.",
      "srcPage": 1,
      "srcSentenceEA": 5,
      "srcWordEA": 52
    },
    {
      "srcTextID": "1086",
      "srcText": " 제인은 학교를 졸업하고 비서로 일했어요. 하지만 동물에 대한 관심은 점점 더 커져만 갔지요. 쉬는 날이면 자연사 박물관을 들락거리고 동물에 대한 책이란 책은 몽땅 읽었어요. ‘언젠가는 꼭 아프리카로 가서 동물들과 함께 지낼 거야!’",
      "srcPage": 2,
      "srcSentenceEA": 4,
      "srcWordEA": 36
    },
    {
      "srcTextID": "1087",
      "srcText": "그러던 어느 날 제인에게 기회가 찾아왔어요. 케냐로 여행을 갔다가 루이스 박사를 만나게 된 거예요. 제인은 루이스 박사를 따라 화석을 찾아다녔어요.",
      "srcPage": 3,
      "srcSentenceEA": 3,
      "srcWordEA": 22
    },
    {
      "srcTextID": "1093",
      "srcText": "제인은 사람들 몰래 혼자 산에 올랐어요. 산비탈이 내려다보이는 봉우리에 자리를 잡고 앉았지요. 15분쯤 지났을 무렵, 침팬지 몇 마리가 제인을 빤히 쳐다보다 가는 게 아니겠어요?",
      "srcPage": 8,
      "srcSentenceEA": 3,
      "srcWordEA": 26
    },
    {
      "srcTextID": "1092",
      "srcText": "제인은 가슴이 벅차올랐어요. ‘역시 혼자서 오길 잘했어!’ 다음 날부터 제인은 늘 같은 장소에서 같은 옷차림, 같은 머리 모양을 하고서 침팬지를 기다렸어요.",
      "srcPage": 9,
      "srcSentenceEA": 3,
      "srcWordEA": 23
    },
    {
      "srcTextID": "1094",
      "srcText": " 제인은 침팬지의 행동 하나하나를 자세히 지켜봤어요. 침팬지들은 만나면 끌어안으며 인사하고, 나뭇가지와 나뭇잎으로 나무 위에 잠자리를 만들기도 했지요. 나무에 매달려 한 손으로 발가락을 만지기도 했어요. ",
      "srcPage": 10,
      "srcSentenceEA": 3,
      "srcWordEA": 27
    },
    {
      "srcTextID": "1088",
      "srcText": "몇 시간이고 진흙을 파면서도 힘든 줄 몰랐지요. 얼마 뒤, 박사는 제인에게 말했어요. “제인, 침팬지 연구를 해 보지 않겠나?” “네? 침팬지요?” “자네처럼 동물을 사랑하는 사람이 꼭 해야 하는 일이네.” 제인은 너무나 기뻤지요. ",
      "srcPage": 4,
      "srcSentenceEA": 6,
      "srcWordEA": 34
    },
    {
      "srcTextID": "1091",
      "srcText": "제인은 안내원들과 함께 곰베 국립 공원으로 갔어요. 그곳에는 침팬지들이 많이 살고 있었거든요. 하지만 침팬지들은 제인과 안내원들이 500미터의 거리를 두고 다가가도 슬금슬금 달아나기 바빴어요.",
      "srcPage": 5,
      "srcSentenceEA": 3,
      "srcWordEA": 25
    },
    {
      "srcTextID": "1089",
      "srcText": "“사람들이 많으면 침팬지들이 놀라 달아날 수밖에 없어요. 앞으로는 저 혼자 갈게요!” “혼자서는 위험해요, 제인!”",
      "srcPage": 6,
      "srcSentenceEA": 3,
      "srcWordEA": 15
    },
    {
      "srcTextID": "1090",
      "srcText": "안내원들은 제인을 말렸지만, 제인은 고집을 꺾지 않았어요. 곰베 국립 공원은 탄자니아에 있어요. 가파른 계곡과 울창한 열대 우림이 있지요. 곰베 국립 공원에는 원숭이, 뱀, 침팬지, 하마와 표범 들이 살고 있어요.",
      "srcPage": 7,
      "srcSentenceEA": 4,
      "srcWordEA": 32
    },
    {
      "srcTextID": "1097",
      "srcText": "‘앗, 데이비드가 풀 줄기로 개미를 잡아먹네? 침팬지들도 도구를 쓴다니!’  이 이야기가 알려지자 제인과 침팬지 데이비드는 유명해졌어요. ",
      "srcPage": 12,
      "srcSentenceEA": 3,
      "srcWordEA": 19
    },
    {
      "srcTextID": "1098",
      "srcText": "개미굴 안에 풀 줄기를 쑥! 잠시 기다렸다가. 풀 줄기를 조심조심 빼서. 풀 줄 기에 붙은 흰개미를 냠냠!",
      "srcPage": 13,
      "srcSentenceEA": 4,
      "srcWordEA": 20
    },
    {
      "srcTextID": "1101",
      "srcText": " ‘침착하자, 섣불리 움직이면 침팬지들이 더 화를 낼지도 몰라.’ “우우우우우우!” 침팬지들은 더 크게 소리를 질렀어요. 바로 그때, 침팬지 한 마리가 제인에게 달려들었지요. ",
      "srcPage": 16,
      "srcSentenceEA": 3,
      "srcWordEA": 24
    },
    {
      "srcTextID": "1103",
      "srcText": "제인은 겁에 질려 한껏 몸을 웅크렸어요. 한참 뒤, 제인은 살며시 고개를 들었지요. 침팬지들은 사라지고 제인만 덩그러니 남아 있었어요. ",
      "srcPage": 17,
      "srcSentenceEA": 3,
      "srcWordEA": 20
    },
    {
      "srcTextID": "1104",
      "srcText": " 며칠 뒤, 숲속을 걷던 제인은 소스라치게 놀랐어요. 데이비드와 골리앗이 제인을 빤히 쳐다보고 있었거든요. 20미터도 채 되지 않는 거리에서 말이에요. ",
      "srcPage": 19,
      "srcSentenceEA": 3,
      "srcWordEA": 22
    },
    {
      "srcTextID": "1095",
      "srcText": "이제 제인과 침팬지들 사이는 60미터도 되지 않았지요. 제인은 침팬지들에게 이름도 지어 주었어요. 은빛 턱수염 ‘데이비드 그레이비어드’ ",
      "srcPage": 11,
      "srcSentenceEA": 3,
      "srcWordEA": 18
    },
    {
      "srcTextID": "1100",
      "srcText": "제인의 머리 위에 커다란 골리앗이 있었어요. 잔뜩 화가 난 듯 나뭇가지를 흔들고 있었지요. 생각에 빠져 걷다 보니 그만 침팬지 무리가 사는 곳까지 들어와 버린 거예요.",
      "srcPage": 15,
      "srcSentenceEA": 3,
      "srcWordEA": 27
    },
    {
      "srcTextID": "1102",
      "srcText": "다리가 후들거려 몸을 가누기도 힘들었지요. ‘침팬지들이 분명 날 피해 갔어.’ 제인은 침팬지들과 더 가까워졌다고 느꼈어요.",
      "srcPage": 18,
      "srcSentenceEA": 3,
      "srcWordEA": 17
    },
    {
      "srcTextID": "1106",
      "srcText": "얼마 뒤, 기적 같은 일이 벌어졌어요. 침팬지들이 제인의 텐트로 놀러 온 거예요. 처음에는 데이비드가, 그다음에는 골리앗이 오더니 너도나도 제인이 놓아둔 바나나를 가져갔지요.",
      "srcPage": 21,
      "srcSentenceEA": 3,
      "srcWordEA": 24
    },
    {
      "srcTextID": "1107",
      "srcText": "데이비드는 제인 옆에 벌러덩 눕기도 했어요. 팔을 베고 아주 편하게! “데이비드, 우리 친구 된 거 맞지?”",
      "srcPage": 22,
      "srcSentenceEA": 3,
      "srcWordEA": 17
    },
    {
      "srcTextID": "1108",
      "srcText": "사람들은 침팬지를 실험 대상으로 삼거나 침팬지들이 사는 곳을 망가뜨리곤 했거든요. 제인은 침팬지가 얼마나 멋진 동물인지 세상에 알렸어요. 자신이 침팬지와 가까워진 거리만큼 다른 사람들도 가까워질 수 있다고 믿었지요. 지금도 제인은 침팬지를 구할 수 있는 곳이라면 어디든 달려가고 있어요.",
      "srcPage": 24,
      "srcSentenceEA": 4,
      "srcWordEA": 40
    },
    {
      "srcTextID": "1099",
      "srcText": "늘 즐거운 일만 있는 건 아니었어요. 어느 날, 숲속을 걷고 있을 때였어요. 바스락! 제인은 나뭇잎 소리에 고개를 들었지요. ",
      "srcPage": 14,
      "srcSentenceEA": 4,
      "srcWordEA": 21
    },
    {
      "srcTextID": "1105",
      "srcText": "이제 침팬지들은 도망치지 않았어요. 제인 앞에 앉아 서로의 털을 고르기도 했지요. 제인은 가슴이 뭉클했어요.",
      "srcPage": 20,
      "srcSentenceEA": 3,
      "srcWordEA": 16
    },
    {
      "srcTextID": "1109",
      "srcText": "햇살도 제인과 데이비드를 눈부시게 비추었어요. 제인은 그 뒤로도 수십 년 동안 침팬지들의 곁을 지켰지요. 하지만 제인은 곁에 있는 것만으로는 침팬지를 지킬 수 없다는 걸 알았어요.",
      "srcPage": 23,
      "srcSentenceEA": 3,
      "srcWordEA": 27
    }
  ]
}