{
  "title": "이상한 나라의 백남준",
  "author": "유계영",
  "illustrator": "김상인",
  "isbn": "9791128220982",
  "readAge": "초등_고학년",
  "publishedYear": 2018,
  "publisher": "아람북스",
  "classification": "사회관계",
  "paragraphInfoCount": 18,
  "paragraphInfo": [
    {
      "srcTextID": "2062",
      "srcText": "그러더니 결국 피아노를 밀어 버렸지. 쾅! 피아노는 부서지고 말았어. 사람들은 순식간에 얼어붙었어.",
      "srcPage": 6,
      "srcSentenceEA": 4,
      "srcWordEA": 15
    },
    {
      "srcTextID": "2061",
      "srcText": "“어머나! 미친 사람인가 봐!” 깔깔 웃음을 터뜨리는 사람도 있었지. “난 왠지 통쾌한 기분이 드는걸!” 공연장은 웅성거리는 소리로 가득했지. ",
      "srcPage": 7,
      "srcSentenceEA": 4,
      "srcWordEA": 21
    },
    {
      "srcTextID": "2064",
      "srcText": " ‘더 새로운 걸 하고 싶은데.’ 백남준은 고민에 빠졌어. ‘음악을 귀로만 들으라는 법은 없잖아? 눈으로 보는 음악을 만들 수는 없을까?’",
      "srcPage": 8,
      "srcSentenceEA": 4,
      "srcWordEA": 23
    },
    {
      "srcTextID": "2065",
      "srcText": "그때, 백남준의 머릿속에 번쩍 떠오른 게 있었어. ‘그래! 텔레비전으로 음악을 보여 주는 거야!’ 백남준은 주머니를 탈탈 털어 텔레비전 열세 대를 샀어. 그러고는 아주 특별한 전시회를 열었지.",
      "srcPage": 9,
      "srcSentenceEA": 5,
      "srcWordEA": 30
    },
    {
      "srcTextID": "2068",
      "srcText": "백남준은 다른 나라에까지 이름이 알려졌어. 샬럿 무어만이라는 첼로 연주자와 괴상한 공연을 벌였거든. 글쎄, 샬럿 무어만을 알몸으로 연주하게 한 거야. 눈살을 찌푸리는 사람도 많았지만 괴짜인 백남준이 재미있다고 생각하는 사람들도 많았어. 나중에 샬럿 무어만은 백남준의 작품인 텔레비전 첼로를 연주하기도 했지.",
      "srcPage": 12,
      "srcSentenceEA": 5,
      "srcWordEA": 42
    },
    {
      "srcTextID": "2069",
      "srcText": " 백남준은 계속해서 독특한 전시회를 열었어. “정원에 꽃 대신 텔레비전이 주렁주렁 달렸네? 마치 이상한 나라에 온 것 같아!” “물고기가 천장에서 날아다녀! 어떻게 이런 생각을 했을까?” 백남준은 텔레비전 정원을 꾸미고, 물고기가 나오는 텔레비전을 천장에 매달아 사람들을 놀라게 한 거야. ",
      "srcPage": 13,
      "srcSentenceEA": 6,
      "srcWordEA": 41
    },
    {
      "srcTextID": "2071",
      "srcText": "“파리에 있는 빌레르 씨, 새해 복 많이 받으세요.” “뉴욕에 있는 플럼톤 씨도요.” 두 진행자가 텔레비전 속에서 이야기를 나눴어.",
      "srcPage": 15,
      "srcSentenceEA": 3,
      "srcWordEA": 19
    },
    {
      "srcTextID": "2072",
      "srcText": "파리와 뉴욕은 아주 멀리 떨어져 있는데 어떻게 한 화면에서 만날 수 있었을까? 백남준은 인공위성을 이용한 거야. 인공위성은 두 사람을 연결해 줬을 뿐만 아니라, 열한 개 나라 사람들이 동시에 방송을 볼 수 있게 해 줬지. ",
      "srcPage": 16,
      "srcSentenceEA": 3,
      "srcWordEA": 36
    },
    {
      "srcTextID": "2074",
      "srcText": "백남준을 잘 모르는 사람들은 이렇게 말하곤 해. “예술은 점잖은 거야.” “음악은 듣기 좋으면 그만이지.” “텔레비전만 보다간 외톨이가 될 거야.” ",
      "srcPage": 18,
      "srcSentenceEA": 4,
      "srcWordEA": 19
    },
    {
      "srcTextID": "2075",
      "srcText": "하지만 이상한 나라의 백남준은 이렇게 말할 거야. “잘 봤나? 점잔 빼는 사람들! 이 세상 모든 것은 예술이 될 수 있어. 그리고 누구든 상상한 것을 마음껏 표현할 수 있는 거야!”",
      "srcPage": 19,
      "srcSentenceEA": 5,
      "srcWordEA": 32
    },
    {
      "srcTextID": "2067",
      "srcText": " “텔레비전 속에 점 좀 봐! 소리에 따라 커지기도 하고 작아지기도 하네?” “어라? 이 텔레비전은 발로 밟아야 나와!” “마이크에 대고 말하면 텔레비전이 반응해. 정말 신기해!” ",
      "srcPage": 10,
      "srcSentenceEA": 5,
      "srcWordEA": 27
    },
    {
      "srcTextID": "2058",
      "srcText": "‘아, 따분해! 새로운 음악을 배우려고 독일까지 왔는데, 200년 전 음악을 공부하고 있다니.’  대학에서 음악 수업을 듣던 백남준은 지루한 듯 연거푸 하품을 했어. 그때 한 친구가 백남준에게 말했어. ",
      "srcPage": 1,
      "srcSentenceEA": 4,
      "srcWordEA": 31
    },
    {
      "srcTextID": "2057",
      "srcText": " “다름슈타트 음악 축제에 존 케이지가 온대!” 백남준은 잠이 확 깼지.  존 케이지는 독특한 음악가로 이름나 있었거든.  다름슈타트는 독일의 헤센주에 있는 도시예요.  예술가들이 많이 모여 살며, 이곳에서 새로운 음악을 선보이는 음악 축제가 열리기도 하지요.",
      "srcPage": 2,
      "srcSentenceEA": 5,
      "srcWordEA": 40
    },
    {
      "srcTextID": "2059",
      "srcText": "음악 축제가 열리던 날, 백남준은 득달같이 달려갔어. 존 케이지의 음악이 궁금해서 견딜 수가 없었거든. 공연이 시작되자 백남준의 가슴이 두근거렸지.",
      "srcPage": 3,
      "srcSentenceEA": 3,
      "srcWordEA": 21
    },
    {
      "srcTextID": "2060",
      "srcText": "아, 이럴 수가! 존 케이지의 연주는 상상을 뛰어넘었어. \n쾅! 쾅! 별안간 피아노 뚜껑을 내리치고, 팔꿈치로 건반을 찍어 대고, 호루라기를 마구 불기도 하고, 라디오를 시끄럽게 틀어 놓기도 했지.\n ‘이 모든 것이 음악이라니!’ 백남준은 넋이 나간 채 박수를 쳤어.",
      "srcPage": 4,
      "srcSentenceEA": 7,
      "srcWordEA": 43
    },
    {
      "srcTextID": "2063",
      "srcText": "백남준은 존 케이지를 위해 특별한 공연을 열기로 했어. 먼저 무대 위에 피아노를 준비했지. 피아노를 연주했느냐고? 물론이야. 손 대신 머리로 쿵쿵 건반을 눌러 대며 말이야.",
      "srcPage": 5,
      "srcSentenceEA": 5,
      "srcWordEA": 28
    },
    {
      "srcTextID": "2070",
      "srcText": "조지 오웰이라는 작가는 이런 말을 한 적이 있어. “사람들은 결국 텔레비전 때문에 모두 외톨이가 될 것이다.” 백남준은 고개를 가로저었어. “외톨이라니! 텔레비전으로 더 많은 친구를 만날 수도 있다는 걸 모르는군!” 백남준은 아주 멀리 떨어져 있는 사람들을 하나로 연결해 주고 싶었어.",
      "srcPage": 14,
      "srcSentenceEA": 5,
      "srcWordEA": 42
    },
    {
      "srcTextID": "2073",
      "srcText": "백남준의 <굿모닝 미스터 오웰>을 본 사람들은 깜짝 놀랐어. “세상에나! 한쪽 화면은 미국, 다른 쪽 화면은 프랑스잖아?” “두 사람이 이야기를 주고받아!” 텔레비전을 통해 사람들이 더 가까워질 수 있다는 걸 백남준이 보여 준 거야.",
      "srcPage": 17,
      "srcSentenceEA": 4,
      "srcWordEA": 34
    }
  ]
}