{
  "title": "찰리 채플린의 특별한 영화",
  "author": "김민진",
  "illustrator": "이주윤",
  "isbn": "9791128220555",
  "readAge": "초등_고학년",
  "publishedYear": 2018,
  "publisher": "아람북스",
  "classification": "사회관계",
  "paragraphInfoCount": 25,
  "paragraphInfo": [
    {
      "srcTextID": "1198",
      "srcText": "아주 오래전에는 소리가 나지 않는 영화만 있었어. 그런 영화를 무성 영화라고 해. 배우들은 목소리를 들려줄 수 없으니까 표정과 몸짓으로만 연기를 했지.",
      "srcPage": 1,
      "srcSentenceEA": 3,
      "srcWordEA": 23
    },
    {
      "srcTextID": "1200",
      "srcText": "많은 배우들 중에서도 찰리 채플린의 연기가 최고였어. 채플린만 나오면 사람들은 눈을 떼지 못했지! 채플린은 어릴 때부터 무대에 섰어.",
      "srcPage": 2,
      "srcSentenceEA": 3,
      "srcWordEA": 20
    },
    {
      "srcTextID": "1199",
      "srcText": "다섯 살 때는 아픈 엄마를 대신해 무대에서 노래를 부르기도 하고, 여덟 살 때는 극단에서 춤을 추기도 했지. 채플린은 무대에 서는 것이 재미있었어. 그래서 배우가 되기로 했지.",
      "srcPage": 3,
      "srcSentenceEA": 3,
      "srcWordEA": 28
    },
    {
      "srcTextID": "1201",
      "srcText": " 채플린은 자라서 배우가 되었지만, 유명해지는 건 쉽지 않았어. 그러던 어느 날, 한 영화 제작자가 채플린을 찾았지. 채플린, 우리 영화에 뭔가 웃기는 장면이 필요해. ",
      "srcPage": 4,
      "srcSentenceEA": 3,
      "srcWordEA": 26
    },
    {
      "srcTextID": "1202",
      "srcText": "자네가 한번 그럴싸한 분장을 해 보게. ‘웃기는 장면에 맞는 우스운 분장이라.’ 채플린은 의상실로 들어가서 이것저것 부스럭부스럭 뒤지기 시작했어. ",
      "srcPage": 5,
      "srcSentenceEA": 3,
      "srcWordEA": 20
    },
    {
      "srcTextID": "1203",
      "srcText": "그리고 얼마 뒤.짜잔! 찌그러진 중절모, 달다 만 것 같은 콧수염, 짧은 대나무 지팡이, 꽉 쪼이는 양복저고리, 헐렁헐렁한 바지, 너무 커서 덜그럭대는 구두. “나는야 떠돌이 찰리!”",
      "srcPage": 6,
      "srcSentenceEA": 3,
      "srcWordEA": 27
    },
    {
      "srcTextID": "1205",
      "srcText": "영화 제작자는 채플린을 보자마자 깔깔 웃음을 터뜨렸어. 지팡이를 흔들흔들! 다리를 벌리고 뒤뚱뒤뚱! 채플린은 우스꽝스럽게 연기를 했어.",
      "srcPage": 7,
      "srcSentenceEA": 4,
      "srcWordEA": 19
    },
    {
      "srcTextID": "1209",
      "srcText": "하지만 감독들은 채플린의 특별한 연기를 좋아하지 않았어. 채플린이 물 뿌리는 연기를 할 때였지. 처음에는 감독이 시키는 대로 맹숭맹숭 물만 뿌렸어. ",
      "srcPage": 10,
      "srcSentenceEA": 3,
      "srcWordEA": 22
    },
    {
      "srcTextID": "1207",
      "srcText": "‘어! 이게 다야? 재미없잖아!’ 채플린은 좀 다르게 사람들을 웃기고 싶었어. 그래서 호스 중간을 발로 꽉 누르고 호스 끝을 멀뚱멀뚱 들여다봤어. 그러다 슬쩍 발을 떼자 물이 얼굴로 쏴! ",
      "srcPage": 11,
      "srcSentenceEA": 5,
      "srcWordEA": 32
    },
    {
      "srcTextID": "1208",
      "srcText": "“감독님! 이게 더 웃기지 않아요?” 하지만 감독은 소리쳤지. “그냥 시키는 대로 해!”",
      "srcPage": 12,
      "srcSentenceEA": 3,
      "srcWordEA": 14
    },
    {
      "srcTextID": "1210",
      "srcText": "감독들은 사사건건 바꾸려 드는 채플린이 성가셨고, 채플린은 무조건 시키는 대로 하라는 감독들이 싫었어. ‘차라리 내가 영화를 만드는 게 낫겠어!’ 결국 채플린은 직접 영화를 만들게 되었지. 덕분에 할 일이 아주 많아졌어.",
      "srcPage": 13,
      "srcSentenceEA": 4,
      "srcWordEA": 33
    },
    {
      "srcTextID": "1212",
      "srcText": "사람들은 채플린의 영화를 좋아했어. 채플린의 영화를 보려고 새벽부터 줄을 설 정도였지. 채플린처럼 꾸미고 채플린의 걸음걸이를 흉내 냈어.",
      "srcPage": 14,
      "srcSentenceEA": 3,
      "srcWordEA": 19
    },
    {
      "srcTextID": "1213",
      "srcText": "정말 대단한 인기였지. 하지만 채플린은 더 특별한 영화를 만들고 싶었어.  ‘웃기면서도 감동을 주는 영화를 만들 수 없을까?’",
      "srcPage": 16,
      "srcSentenceEA": 3,
      "srcWordEA": 20
    },
    {
      "srcTextID": "1206",
      "srcText": "하고 벽에게 꾸벅! 채플린을 보고 사람들은 깔깔대며 웃었어. 모두 채플린의 특별한 연기에 푹 빠져 버린 거야.",
      "srcPage": 9,
      "srcSentenceEA": 3,
      "srcWordEA": 18
    },
    {
      "srcTextID": "1211",
      "srcText": " “떠돌이 찰리 인형 주세요!” “떠돌이 찰리가 그려진 치약 주세요!” 사람들은 채플린 이야기만 했어. ",
      "srcPage": 15,
      "srcSentenceEA": 3,
      "srcWordEA": 14
    },
    {
      "srcTextID": "1214",
      "srcText": "채플린은 고민에 빠졌지. “웃긴 영화로 어떻게 감동을 주겠다는 거야? 그냥 하던 대로 하는 게 어때?” ",
      "srcPage": 17,
      "srcSentenceEA": 3,
      "srcWordEA": 16
    },
    {
      "srcTextID": "1227",
      "srcText": "“깔깔! 떠돌이 찰리가 동그스름한 것만 보면 조이잖아. 기계 속 나사도 조이고, 단추도 조이고, 동료들 코까지.”  그런데 영화를 보던 사람들이 웃음을 멈췄어. ",
      "srcPage": 22,
      "srcSentenceEA": 3,
      "srcWordEA": 25
    },
    {
      "srcTextID": "1204",
      "srcText": "걷다가 남의 발에 걸려 쿵 넘어지면, 벌떡 일어나 “죄송합니다!” 하고 발에게 꾸벅! 걷다가 벽에 쿵 부딪히면, 눈을 깜빡이며 “죄송합니다!” ",
      "srcPage": 8,
      "srcSentenceEA": 3,
      "srcWordEA": 21
    },
    {
      "srcTextID": "1215",
      "srcText": "채플린을 걱정하는 사람도 많았어. 하지만 채플린은 특별한 영화를 만들기 시작했어. 그것도 짧은 영화가 아니라 긴 영화를 말이야.",
      "srcPage": 18,
      "srcSentenceEA": 3,
      "srcWordEA": 19
    },
    {
      "srcTextID": "1219",
      "srcText": "“어떡해! 고아원에서 아이를 강제로 데려가잖아. 아이가 우는 것 좀 봐, 흑흑.” 영화를 본 사람들은 말했어. “어떻게 웃기다가도 슬프지? 이런 영화는 처음이야.”",
      "srcPage": 20,
      "srcSentenceEA": 5,
      "srcWordEA": 25
    },
    {
      "srcTextID": "1220",
      "srcText": "드디어 키드 라는 영화를 만들었어. “떠돌이 찰리가 아기를 키우는 것 좀 봐. 의자에 구멍을 뚫어 변기를 만들었어, 킥킥!”",
      "srcPage": 19,
      "srcSentenceEA": 3,
      "srcWordEA": 19
    },
    {
      "srcTextID": "1223",
      "srcText": "채플린은 다시 고민에 빠졌지. ‘웃기면서도 생각하게 만드는 영화를 만들고 싶어.’ 이번에는 영화 모던 타임스를 내놓았지. ",
      "srcPage": 21,
      "srcSentenceEA": 3,
      "srcWordEA": 17
    },
    {
      "srcTextID": "1226",
      "srcText": " “떠돌이 찰리는 일을 너무 많이 해서 병에 걸린 거야!” 어떤 사람들은 화를 내기도 했지. 그러고 보니까 일하는 사람들이 마치 기계 같잖아!",
      "srcPage": 23,
      "srcSentenceEA": 3,
      "srcWordEA": 23
    },
    {
      "srcTextID": "1228",
      "srcText": "꼭 우리 이야기 같아! 채플린의 영화에는 사람들이 하고 싶은 이야기들이 담겨 있었지. 그래서 더욱 특별했어.",
      "srcPage": 24,
      "srcSentenceEA": 3,
      "srcWordEA": 17
    },
    {
      "srcTextID": "1229",
      "srcText": " 사람들은 채플린의 영화를 보면서 으하하 웃기도 하고, 훌쩍훌쩍 울기도 하고, 부글부글 화를 내기도 했어. 사람들이 살아가는 진짜 이야기를 영화로 만든 채플린! 채플린도, 그의 영화도 정말 특별했지!",
      "srcPage": 25,
      "srcSentenceEA": 3,
      "srcWordEA": 29
    }
  ]
}