{
  "title": "망이 망소이의 편지",
  "author": "강로사",
  "illustrator": "이진우",
  "isbn": "9791165956097",
  "readAge": "초등_고학년",
  "publishedYear": 2022,
  "publisher": "아람북스",
  "classification": "사회관계",
  "paragraphInfoCount": 20,
  "paragraphInfo": [
    {
      "srcTextID": "5442",
      "srcText": "“에잇!” 나무를 패던 망이가 도끼를 탁 내던졌어. “더는 이렇게 못 살아. 반란이라도 일으켜지!” “뭐, 반란?” “무신들도 했는데 우리라고 못 할까?”",
      "srcPage": 4,
      "srcSentenceEA": 5,
      "srcWordEA": 22
    },
    {
      "srcTextID": "5448",
      "srcText": "다음 날, 명학소 일꾼들은 뒷산에 모였어. 망이가 팔을 번쩍 들어올리며 외쳤지. “뒤돌아서지 맙시다! 자, 갑시다!” 조정에서는 우선 급한 대로 관리를 보내기로 했어. ",
      "srcPage": 9,
      "srcSentenceEA": 5,
      "srcWordEA": 25
    },
    {
      "srcTextID": "5449",
      "srcText": "화가 난 사람들을 달래서 돌려보낼 생각이었지. 망이와 망소이, 명학소 주민들과 이웃 마을 주민들까지 많은 사람들이 모였어. 그동안 지나친 세금에 허덕이던 사람들은 관아로 쳐들어갔어. ",
      "srcPage": 10,
      "srcSentenceEA": 3,
      "srcWordEA": 25
    },
    {
      "srcTextID": "5447",
      "srcText": "그런 다음 천안까지 올라갔지. 조정에서는 아무 힘을 쓸 수 없었어. 조위총이라는 신하가 반란을 일으켜 군사들을 그쪽으로 거의 보냈거든. 일단 들어주는 척 달래 봅시다. 에구머니, 이거 큰일입니다요. ",
      "srcPage": 11,
      "srcSentenceEA": 5,
      "srcWordEA": 30
    },
    {
      "srcTextID": "5451",
      "srcText": "결국 조정에서 먼저 손을 내밀었어. “너희의 신분을 올려 주고, 곡식도 보내 주겠노라.” 조정에서 온 전갈에 사람들은 뛸 듯이 기뻐했어. ",
      "srcPage": 12,
      "srcSentenceEA": 3,
      "srcWordEA": 20
    },
    {
      "srcTextID": "5440",
      "srcText": "나라에서 이렇게 일을 많이 시키다니.농사는 언제 짓지? 아, 정말 화가 난다. 더는 두고 볼 수 없어. 아이고, 시간을 몽땅 쏟아부어 만든 것인데, 얼마나 더 많이 만들어야 합니까요.",
      "srcPage": 3,
      "srcSentenceEA": 5,
      "srcWordEA": 31
    },
    {
      "srcTextID": "5443",
      "srcText": "그날 밤, 명학소 사람들이 뒷마당에 모였어. “우리도 본때를 보여 줍시다. 이웃 농민들도 함께하기로 했습니다.” ",
      "srcPage": 6,
      "srcSentenceEA": 3,
      "srcWordEA": 15
    },
    {
      "srcTextID": "5457",
      "srcText": "결국 망이와 망소이는 병사들에게 잡히고 말았어. 아마 모진 고문을 받다가 슬프게 세상을 떠났을 거야. 하지만 그 뒤 나라 곳곳에서 많은 사람들이 힘든 생활에서 벗어나고자 들고일어났지. ",
      "srcPage": 19,
      "srcSentenceEA": 3,
      "srcWordEA": 27
    },
    {
      "srcTextID": "5439",
      "srcText": "“쳇, 겨우 요것밖에 못 만들었어? 일을 더 많이 시켜야겠군.” 관리가 숯 더미를 발로 톡톡 차며 말했어. ",
      "srcPage": 1,
      "srcSentenceEA": 3,
      "srcWordEA": 18
    },
    {
      "srcTextID": "5438",
      "srcText": "“아이고, 안 됩니다. 작업이 고되어 농사지을 짬도 없습니다요.” 명학소에서는 늘 한숨이 끊이지 않았어. ",
      "srcPage": 2,
      "srcSentenceEA": 3,
      "srcWordEA": 15
    },
    {
      "srcTextID": "5453",
      "srcText": "그런데 이게 웬걸, 집으로 돌아와 보니 어머니가 없는 거야. 다른 사람들도 사정은 마찬가지였어. “내 아내가 없어졌소!” ",
      "srcPage": 14,
      "srcSentenceEA": 3,
      "srcWordEA": 17
    },
    {
      "srcTextID": "5454",
      "srcText": "그러고는 군사들을 보내기 시작한 거야. 뜻이 아무리 굳세어도 무기를 갖춘 수많은 군사를 당해 낼 수는 없었지. 무기를 든 군사들을 어떻게 이겨? 빨리 도망가자! ",
      "srcPage": 18,
      "srcSentenceEA": 4,
      "srcWordEA": 26
    },
    {
      "srcTextID": "5444",
      "srcText": "망이의 말에 사람들은 깜짝 놀라 웅성거렸어. “괜히 그러다가 다 죽어.” “그래, 어차피 질 게 뻔해.” ",
      "srcPage": 7,
      "srcSentenceEA": 3,
      "srcWordEA": 15
    },
    {
      "srcTextID": "5456",
      "srcText": "사람들은 다시 벌 떼처럼 들고일어났어. 하지만 조정에서도 가만있지 않았지. “어쭈, 이놈들 봐라?”  ",
      "srcPage": 17,
      "srcSentenceEA": 3,
      "srcWordEA": 13
    },
    {
      "srcTextID": "5441",
      "srcText": " 망이의 말을 듣고 망소이는 깜짝 놀랐어. 그렇지만 이내 결심한 듯 말했어. “맞아, 이제 우리가 나서야 해!” ",
      "srcPage": 5,
      "srcSentenceEA": 3,
      "srcWordEA": 18
    },
    {
      "srcTextID": "5446",
      "srcText": "흠, 아무래도 질 것 같은데. 그냥 가만히 있는 게 낫지 않을까? 저렇게 나서 주는 사람이 있어서 왠지 힘이 나.",
      "srcPage": 8,
      "srcSentenceEA": 3,
      "srcWordEA": 21
    },
    {
      "srcTextID": "5450",
      "srcText": "“만세! 이제 밥 굶을 일은 없겠네.” “정말로 우리가 해냈어!” 망이와 망소이는 서로 얼싸안고 눈물까지 흘렸어. 만세! 빨리 가족들 품으로 돌아갑시다! 야호! 이제 난 노비가 아니다! ",
      "srcPage": 13,
      "srcSentenceEA": 7,
      "srcWordEA": 31
    },
    {
      "srcTextID": "5452",
      "srcText": "“하나뿐인 내 아들 녀석도!” 마을은 온통 가족을 찾는 사람들로 술렁였어. “반란을 일으킨 사람들의 가족을 나라에서 몽땅 잡아갔대요!” ",
      "srcPage": 15,
      "srcSentenceEA": 3,
      "srcWordEA": 18
    },
    {
      "srcTextID": "5455",
      "srcText": "대체 무슨 일이 있었던 거야? 다들 어디로 갔지? “분하다, 우리를 속이다니!”",
      "srcPage": 16,
      "srcSentenceEA": 3,
      "srcWordEA": 12
    },
    {
      "srcTextID": "5458",
      "srcText": "명학소 사람들은 마지못해 살아가는 사람들에게 세상을 바꿀 수 있다는 희망의 불씨를 지펴 준 거야. 우리의 억울함을 세상에 알릴 거야! 우리 다 같이 힘을 모아 세상을 바꿉시다! 앞으로 나아가자! ",
      "srcPage": 20,
      "srcSentenceEA": 4,
      "srcWordEA": 31
    }
  ]
}