{
  "title": "토비의 주식회사",
  "author": "김동엽",
  "illustrator": "김기린",
  "isbn": "9791165436490",
  "readAge": "초등_고학년",
  "publishedYear": 2022,
  "publisher": "아람북스",
  "classification": "사회관계",
  "paragraphInfoCount": 16,
  "paragraphInfo": [
    {
      "srcTextID": "17294",
      "srcText": "“야호, 드디어 완성이야!” 토비가 기쁜 목소리로 외쳤어요. 연구실에 콕 박혀 있던 토비가 요리로봇을 개발했거든요.",
      "srcPage": 1,
      "srcSentenceEA": 3,
      "srcWordEA": 16
    },
    {
      "srcTextID": "17296",
      "srcText": "“여러분, 로봇에 조리법을 넣으면 요리가 뚝딱 만들어져요. 누구나 맛있는 요리를 만들 수 있답니다.” 토비는 요리로봇을 소개했어요. ‘저 로봇이 정말 요리를 만들 수 있다고?’ 모두 요리로봇에 관심을 보이기 시작했어요.",
      "srcPage": 3,
      "srcSentenceEA": 5,
      "srcWordEA": 32
    },
    {
      "srcTextID": "17297",
      "srcText": "토비는 더 큰 목소리로 말했어요. “요리로봇이 있으면 언제든 맛있는 요리를 먹을 수 있어요. 새로운 기술에 투자하세요!” “요리로봇에 투자하겠습니다.” “저도 투자할게요.” 토비는 투자를 받는 데 대성공했지요.",
      "srcPage": 4,
      "srcSentenceEA": 6,
      "srcWordEA": 27
    },
    {
      "srcTextID": "17298",
      "srcText": "토비는 투자를 받은 돈으로 주식회사를 세웠어요. 그리고 투자자들에게는 주식을 주었지요. “주식 1주의 가격은 1,000원이에요. 1,000원을 투자하면 주식 1주, 5,000원을 투자하면 주식 5주예요.” 토비는 돈을 벌면 번 돈의 일부를 주식을 가진 투자자들에게 나누어 주겠다고 약속했어요.",
      "srcPage": 5,
      "srcSentenceEA": 5,
      "srcWordEA": 37
    },
    {
      "srcTextID": "17300",
      "srcText": "요리로봇이 잘 팔리자 여기저기서 토비 회사에 투자하겠다고 몰려왔어요. “토비 회사에 투자하려면 어떻게 하면 되죠?” “토비 회사의 주식을 사세요!”",
      "srcPage": 7,
      "srcSentenceEA": 3,
      "srcWordEA": 18
    },
    {
      "srcTextID": "17301",
      "srcText": "투자자들은 토비 회사의 주식을 사려고 주식을 사고팔 수 있는 증권 회사를 알아보았어요. 토비는 주식을 사는 투자자들이 많아져 흐뭇했지요. 토비 회사 주식을 사야지.",
      "srcPage": 8,
      "srcSentenceEA": 3,
      "srcWordEA": 24
    },
    {
      "srcTextID": "17303",
      "srcText": "“토비 회사가 망하면 어떡하지?” 토비 회사의 투자자들은 돈을 잃을까 안절부절못했지요. 토비도 고민에 빠졌어요. “안 되겠어. 방법을 찾아 보자.”",
      "srcPage": 11,
      "srcSentenceEA": 5,
      "srcWordEA": 21
    },
    {
      "srcTextID": "17309",
      "srcText": "신제품 맛집로봇은 아주 많이 팔렸어요. 토비는 돈을 많이 벌어 투자자들에게 나누어 주었지요. 그러자 다시 여기저기서 토비 회사의 주식을 사겠다고 나섰어요.",
      "srcPage": 13,
      "srcSentenceEA": 3,
      "srcWordEA": 22
    },
    {
      "srcTextID": "17295",
      "srcText": "“요리로봇을 많이 만들려면 돈이 많이 필요한데, 어디서 구하지?” 토비는 요리로봇을 만들어 팔고 싶었어요. 하지만 공장을 세우기엔 돈이 부족했지요. 토비는 요리로봇 사업에 필요한 돈을 모으기 위해 사업 설명회를 열기로 했어요.",
      "srcPage": 2,
      "srcSentenceEA": 4,
      "srcWordEA": 32
    },
    {
      "srcTextID": "17302",
      "srcText": "그런데 얼마 뒤 다른 회사에서도 요리로봇을 만들었어요. “이 로봇은 세계 여러 나라의 요리를 만들 수 있습니다.” “세계 여러 나라의 요리를 만들 수 있다니!” “토비 회사의 요리로봇보다 이 로봇이 더 좋은걸.” 세계 요리로봇은 토비의 요리로봇보다 인기가 더 많았어요.",
      "srcPage": 9,
      "srcSentenceEA": 5,
      "srcWordEA": 38
    },
    {
      "srcTextID": "17304",
      "srcText": "이제는 토비의 요리로봇보다 세계 요리로봇이 더 많이 팔렸어요. 토비 회사는 전만큼 돈을 벌지 못했지요. 토비의 요리로봇이 안 팔리자 토비 회사의 주식도 가격이 떨어졌어요.",
      "srcPage": 10,
      "srcSentenceEA": 3,
      "srcWordEA": 25
    },
    {
      "srcTextID": "17299",
      "srcText": "드디어 요리로봇이 팔리기 시작했어요. “요리로봇 주세요.” “로봇 덕분에 요리가 정말 편해졌어요.” 토비의 요리로봇은 불티나게 팔렸어요. “역시 토비 회사에 투자하길 잘했어!” 토비 회사의 투자자들은 싱글벙글했지요.",
      "srcPage": 6,
      "srcSentenceEA": 6,
      "srcWordEA": 26
    },
    {
      "srcTextID": "17306",
      "srcText": "토비는 더 열심히 연구하여 이번엔 맛집 요리를 만들 수 있는 로봇을 개발했어요. “전 세계에 있는 맛집 요리가 뚝딱 만들어집니다. 이제 집에서도 편하게 맛집 요리를 즐기세요!”",
      "srcPage": 12,
      "srcSentenceEA": 3,
      "srcWordEA": 26
    },
    {
      "srcTextID": "17310",
      "srcText": "윙, 탁탁! 오늘도 토비 주식회사의 공장은 로봇을 만드느라 바쁘게 돌아가요. 회사가 잘돼야 투자자들이 토비 회사 주식을 많이 사거든요. 그러면 그 돈으로 토비 회사는 더 좋은 제품을 만들어 판매할 수 있어요.",
      "srcPage": 14,
      "srcSentenceEA": 4,
      "srcWordEA": 33
    },
    {
      "srcTextID": "17312",
      "srcText": "토비가 다음에는 어떤 로봇을 만들까요? “싫어하는 채소를 달콤한 맛으로 바꿔 주는 로봇을 만들어야지!” 오늘도 토비는 연구실에 콕 박혀 새로운 로봇을 만들려고 열심히 일하고 있답니다.",
      "srcPage": 15,
      "srcSentenceEA": 3,
      "srcWordEA": 25
    },
    {
      "srcTextID": "146951",
      "srcText": "주식회사는 주식을 발행하고 여러 사람으로부터 돈을 투자받아 세운 회사를 말해요. 주식회사는 돈을 투자한 사람들에게 투자한 만큼 주식을 주어요. 주식을 가진 사람들을 ‘주주’라고 하지요. 주주들이 회사의 주인이 되는 거예요.",
      "srcPage": 16,
      "srcSentenceEA": 5,
      "srcWordEA": 32
    }
  ]
}