{
  "title": "아빠 회사가 사라졌어요!",
  "author": "이수연",
  "illustrator": "심민건",
  "isbn": "9791165436278",
  "readAge": "초등_고학년",
  "publishedYear": 2022,
  "publisher": "아람북스",
  "classification": "사회관계",
  "paragraphInfoCount": 19,
  "paragraphInfo": [
    {
      "srcTextID": "14048",
      "srcText": "“엄마, 아빠는 오늘도 늦어요? 블록 놀이 하기로 나랑 약속했는데.” “응, 그 대신 아빠가 내일은 정말 일찍 오신대. 주말엔 핑키가 좋아하는 인형도 사러 가자. 약속!” 휴, 아빠는 맨날 일만 하고.’ 핑키는 오늘도 아빠랑 놀지 못해 시무룩해졌어요.",
      "srcPage": 1,
      "srcSentenceEA": 7,
      "srcWordEA": 40
    },
    {
      "srcTextID": "14050",
      "srcText": "그때 텔레비전에서 뉴스가 나왔어요. “오늘 밤, 산호초 광장에 있는 소원 조개의 입이 백 년 만에 열립니다. 소원 조개의 진주를 보며 소원을 빌면 이루어진대요!”",
      "srcPage": 2,
      "srcSentenceEA": 3,
      "srcWordEA": 24
    },
    {
      "srcTextID": "14120",
      "srcText": "핑키는 잔뜩 신이 났지요. 그런데...... “핑키야, 놀이공원은 당분간 못 갈 것 같아.” “왜요? 아빠는 이제 회사에 안 가니까 나랑 놀 수 있잖아요.”",
      "srcPage": 8,
      "srcSentenceEA": 4,
      "srcWordEA": 24
    },
    {
      "srcTextID": "14119",
      "srcText": "아빠가 핑키에게 설명을 해 주었어요. “아빠 회사가 사라져서 일을 못 하게 됐거든. 일을 못 하면 돈을 벌 수 없어.” 아빠의 말에 핑키는 기운이 쭉 빠졌어요.",
      "srcPage": 9,
      "srcSentenceEA": 4,
      "srcWordEA": 27
    },
    {
      "srcTextID": "14142",
      "srcText": "“계속 이렇게 물건을 만들지 못하면 어떡하지?” 엄마, 아빠는 걱정이 이만저만이 아니었어요. 집에 돌아온 핑키는 안절부절못했어요. ‘회사가 사라지면 아빠랑 맘껏 놀 수 있다고 생각했는데...... 아무래도 내가 소원을 잘못 빌었나 봐.’ ",
      "srcPage": 13,
      "srcSentenceEA": 5,
      "srcWordEA": 33
    },
    {
      "srcTextID": "14163",
      "srcText": "핑키는 진주를 보며 다시 한번 소원을 빌었어요. 처음 소원을 빌었을 때보다 더 간절하게요. 제발 아빠 회사를 다시 돌려주세요! ",
      "srcPage": 17,
      "srcSentenceEA": 3,
      "srcWordEA": 20
    },
    {
      "srcTextID": "14053",
      "srcText": "산호초 광장에서는 모두들 소원 조개의 입이 열리길 기다리고 있었어요. 바로 그때였어요. “소원 조개가 열렸다!” 핑키는 반짝이는 진주를 보며 소원을 빌었어요. ‘우리 아빠 회사가 사라지게 해 주세요!’ ",
      "srcPage": 3,
      "srcSentenceEA": 5,
      "srcWordEA": 29
    },
    {
      "srcTextID": "14068",
      "srcText": "다음 날, 회사에 간 아빠는 깜짝 놀랐어요. 회사가 있던 자리가 텅 비어 있었거든요. “어! 회사가 어디로 사라진 거지?”",
      "srcPage": 4,
      "srcSentenceEA": 3,
      "srcWordEA": 20
    },
    {
      "srcTextID": "14124",
      "srcText": "샴푸를 사러 온 해마 가족은 빈손으로 돌아갔지요. “이게 다 우리 회사가 사라져서 그런가 봐.” 아빠가 걱정스러운 얼굴로 말했어요. ",
      "srcPage": 11,
      "srcSentenceEA": 3,
      "srcWordEA": 19
    },
    {
      "srcTextID": "14134",
      "srcText": "핑키는 아빠의 말에 어리둥절했어요. 핑키 아빠는 비누랑 샴푸를 만드는 버블버블회사에 다니고 있었어요. 그런데 회사가 사라져 물건을 못 만드니 마트에 비누랑 샴푸가 없었던 거예요.",
      "srcPage": 12,
      "srcSentenceEA": 3,
      "srcWordEA": 25
    },
    {
      "srcTextID": "14157",
      "srcText": "핑키의 소원은 여러 가지로 문제가 되었어요. 버블버블회사가 사라져 직원들이 일을 할 수 없었어요. 일을 못 하니 직원들이 돈을 벌지 못했지요.",
      "srcPage": 14,
      "srcSentenceEA": 3,
      "srcWordEA": 22
    },
    {
      "srcTextID": "14156",
      "srcText": "버블버블회사도 비누랑 샴푸를 만들지 못했어요. 모두들 비누랑 샴푸를 쓰지 못해 불편해졌지요. 핑키는 가만있을 수 없었어요. ",
      "srcPage": 15,
      "srcSentenceEA": 3,
      "srcWordEA": 17
    },
    {
      "srcTextID": "14161",
      "srcText": " ‘그런데 소원 조개를 어떻게 열지?’ 핑키가 고민하고 있는데, 어! 소원 조개가 살짝 열려 있는 게 아니겠어요? “소원 조개 사이에 산호초가 끼어서 꽉 닫히지 않았었나 봐.” ",
      "srcPage": 16,
      "srcSentenceEA": 4,
      "srcWordEA": 28
    },
    {
      "srcTextID": "14164",
      "srcText": "다음 날 아침, 핑키는 일어나자마자 아빠를 찾았어요. “아빠는요?” “아빠? 회사 가셨지. 오늘은 꼭 일찍 오신다고 했어. 그리고 이건 아빠가 주는 핑키 선물! ",
      "srcPage": 18,
      "srcSentenceEA": 4,
      "srcWordEA": 25
    },
    {
      "srcTextID": "14165",
      "srcText": "엄마가 핑키에게 상어 인형을 주었어요. 핑키는 기분이 좋아 팔짝 뛰었어요. ‘야호! 내 소원이 다시 이루어졌나 봐.’ ",
      "srcPage": 19,
      "srcSentenceEA": 4,
      "srcWordEA": 19
    },
    {
      "srcTextID": "14084",
      "srcText": "같이 일하는 붕어 과장님도, 해마 부장님도 모두 놀라 입이 쩍 벌어졌어요. 아빠는 터덜터덜 집으로 돌아왔어요. “무슨 일이에요? 왜 이렇게 일찍 왔어요?” 엄마가 깜짝 놀라 아빠에게 물었어요. ",
      "srcPage": 5,
      "srcSentenceEA": 5,
      "srcWordEA": 29
    },
    {
      "srcTextID": "14083",
      "srcText": "“글쎄, 회사가 사라졌지 뭐예요. 이게 대체 무슨 일인지 모르겠어요.” ‘아빠 회사가 사라졌다고? 소원 조개가 정말 내 소원을 들어줬나 봐!’ 핑키는 너무 놀라서 그만 먹물이 나올 뻔했어요. ",
      "srcPage": 6,
      "srcSentenceEA": 5,
      "srcWordEA": 30
    },
    {
      "srcTextID": "14095",
      "srcText": "“아빠, 그럼 이제 회사 안 가는 거예요?” 핑키는 아빠랑 놀 생각에 기분이 최고였지요. “엄마, 아빠! 우리 놀이 기구 타러 가요. 불가사리 피자랑 상어 인형도 사 주세요!”",
      "srcPage": 7,
      "srcSentenceEA": 5,
      "srcWordEA": 29
    },
    {
      "srcTextID": "14125",
      "srcText": "핑키 가족은 필요한 물건을 사러 마트에 왔어요. 그런데 비누랑 샴푸 진열대가 텅 비어 있었어요. “여기도 물건이 하나도 없네.”",
      "srcPage": 10,
      "srcSentenceEA": 3,
      "srcWordEA": 19
    }
  ]
}