{
  "title": "김구를 설명하는 한마디 ",
  "author": "고영이",
  "illustrator": "이형진",
  "isbn": "9791128220487",
  "readAge": "초등_고학년",
  "publishedYear": 2018,
  "publisher": "아람북스",
  "classification": "사회관계",
  "paragraphInfoCount": 20,
  "paragraphInfo": [
    {
      "srcTextID": "6444",
      "srcText": "덕수궁 석조전 앞은 수많은 사람으로 북적였어. “서울 사람들은 여기 다 모였나 봐요.” “아니, 김구가 대체 어떤 사람이기에 이렇게 사람들이 몰려든 거야?” ",
      "srcPage": 2,
      "srcSentenceEA": 3,
      "srcWordEA": 21
    },
    {
      "srcTextID": "6445",
      "srcText": " “김구는 엄청 용감한 사람이에요. 커다란 칼을 차고 있는 일본인을 맨손으로 때려잡은 적도 있지요. 일본인이 휘두르는 칼에 죽을 수도 있었는데 용기를 내서 덤볐다는군요.”",
      "srcPage": 4,
      "srcSentenceEA": 3,
      "srcWordEA": 24
    },
    {
      "srcTextID": "6446",
      "srcText": "1895년 일본이 명성 황후를 죽인 사건이 있었어요. 그때 명성 황후는 궁녀복을 입고 숨어 있었는데 괴한들의 횡포에 맞서다 죽음을 당했어요. 이 사건을 을미사변이라고 해요.",
      "srcPage": 6,
      "srcSentenceEA": 3,
      "srcWordEA": 25
    },
    {
      "srcTextID": "6448",
      "srcText": "“김구 선생은 용감하기만 한 분이 아닙니다. 똑똑하고 지혜로운 사람이지요.”  이번에는 갓 쓴 노인이 입을 열었어.",
      "srcPage": 7,
      "srcSentenceEA": 3,
      "srcWordEA": 18
    },
    {
      "srcTextID": "6452",
      "srcText": "“또 김구 선생은 겸손하고 욕심이 없는 사람이에요.” 갓 쓴 노인이 말을 이었어. “독립운동을 하려고 중국 상하이로 가서는 임시 정부를 찾아가 문지기를 시켜 달라고 했대요. 더 높은 자리에서 일할 수도 있었지만 가장 낮은 자리에서 일하겠다고 한 거죠.”",
      "srcPage": 11,
      "srcSentenceEA": 4,
      "srcWordEA": 38
    },
    {
      "srcTextID": "6453",
      "srcText": "“그래도 나중에 임시 정부 최고 자리에 올랐잖소.” “최고 자리에 오르면 뭐 합니까? 편안히 잘 만한 집 한 칸 없었는걸요. 이 집 저 집 다니며 잠도 얻어 자고, 밥도 얻어먹었대요.” ",
      "srcPage": 12,
      "srcSentenceEA": 4,
      "srcWordEA": 31
    },
    {
      "srcTextID": "6454",
      "srcText": "듣고 있던 사람들 눈이 휘둥그레졌지. “아니, 왜요?” “가진 돈을 전부 나라를 위해 썼거든요.” “정말 욕심이 없는 분이셨군요.”",
      "srcPage": 13,
      "srcSentenceEA": 4,
      "srcWordEA": 17
    },
    {
      "srcTextID": "6455",
      "srcText": "“김구 선생님은 포기를 모르는 사람이에요.” 이번에는 한복 입은 여인이 말했어. “임시 정부의 살림이 어려워지자 많은 사람들이 떠났어요.",
      "srcPage": 14,
      "srcSentenceEA": 3,
      "srcWordEA": 18
    },
    {
      "srcTextID": "6457",
      "srcText": " “어떤 기적이요?” 사람들이 묻자, 아주머니가 흐뭇하게 웃으며 대답했어. “사람들이 임시 정부에 돈을 보내기 시작했어요. 독립운동에 써 달라고 말이에요. 그렇게 모은 돈으로 군대를 만들었죠.”",
      "srcPage": 16,
      "srcSentenceEA": 5,
      "srcWordEA": 26
    },
    {
      "srcTextID": "6460",
      "srcText": "“이제 연설을 시작하려나 봐요.” 덕수궁에 모인 사람들은 김구를 바라보았어. 김구는 자리에서 일어나 사람들에게 말했어.",
      "srcPage": 18,
      "srcSentenceEA": 3,
      "srcWordEA": 16
    },
    {
      "srcTextID": "6459",
      "srcText": "“꿈에 그리던 독립을 이뤘지만, 우리나라는 남과 북으로 갈라지고 말았습니다. 이건 우리 민족의 비극입니다. 남과 북의 통일을 위해 힘을 모아야 합니다.”",
      "srcPage": 19,
      "srcSentenceEA": 3,
      "srcWordEA": 22
    },
    {
      "srcTextID": "6442",
      "srcText": " 1945년, 서울 거리에 사람들이 쏟아져 나왔어. 모두들 덕수궁으로 가고 있었지. “김구가 돌아왔대요.” “덕수궁에서 임시 정부 환영 잔치가 열린다는군.” “잔칫상을 엄청나게 차렸대요. 어서 가 봐요.”\n",
      "srcPage": 1,
      "srcSentenceEA": 6,
      "srcWordEA": 27
    },
    {
      "srcTextID": "6443",
      "srcText": "“김구는 우리나라 독립을 위해 모든 것을 바친 독립운동가예요.” 모자를 쓴 신사가 이야기를 시작했어. 석조전은 덕수궁 안에 있는 서양식 건축물이에요.",
      "srcPage": 3,
      "srcSentenceEA": 3,
      "srcWordEA": 21
    },
    {
      "srcTextID": "6449",
      "srcText": "“김구 선생은 학교에서 어린 학생들을 가르쳤어요. 나라를 튼튼하게 하려면 아이들을 잘 가르쳐야 한다고 생각한 거예요.” 사람들은 맞는 말이라며 고개를 끄덕였지.",
      "srcPage": 8,
      "srcSentenceEA": 3,
      "srcWordEA": 22
    },
    {
      "srcTextID": "6451",
      "srcText": "그뿐이 아니에요. 김구 선생이 땅 주인을 대신해서 농부들에게 논밭을 빌려주는 일을 할 때였지요. 그 시절 농부들은 아이들을 학교에 잘 보내지 않았어요. 농사일이 더 중요하다고 생각했거든요. ",
      "srcPage": 9,
      "srcSentenceEA": 4,
      "srcWordEA": 28
    },
    {
      "srcTextID": "6450",
      "srcText": "그래서 김구 선생은 좋은 생각을 해냈어요. 아이를 학교에 보내는 농부에게 논밭을 더 빌려주기로요. 이야기를 듣던 사람들은 무릎을 탁 쳤어. “역시 참 현명한 분일세!”",
      "srcPage": 10,
      "srcSentenceEA": 4,
      "srcWordEA": 25
    },
    {
      "srcTextID": "6456",
      "srcText": "하지만 김구 선생님만큼은 포기하지 않았어요. 외국에 사는 우리나라 사람들에게 편지를 보냈지요. 독립운동가들이 아직도 애쓰고 있다고 말이에요. 그랬더니 기적 같은 일이 일어났지요.”",
      "srcPage": 15,
      "srcSentenceEA": 4,
      "srcWordEA": 24
    },
    {
      "srcTextID": "6458",
      "srcText": "“일본군과 싸울 힘을 조금씩 키우고 있었군요.” “참말 훌륭한 분이에요.” “그런데 싸워 보기도 전에 일본이 항복을 해 버려서 김구 선생님과 임시 정부 요인들은 우리나라로 돌아오게 되었지요.”",
      "srcPage": 17,
      "srcSentenceEA": 3,
      "srcWordEA": 25
    },
    {
      "srcTextID": "6461",
      "srcText": "덕수궁에 모인 사람들은 알게 되었어. 김구는 용감하고, 지혜롭고, 겸손하고, 아무리 어려운 일이 닥쳐도 포기하지 않는 사람이라는 걸. 무엇보다 나라를 사랑한 사람이라는 것도 말이야.",
      "srcPage": 20,
      "srcSentenceEA": 3,
      "srcWordEA": 25
    },
    {
      "srcTextID": "6447",
      "srcText": "“어디서 그런 용기가 났을까요?” “일본이 명성 황후를 무참히 죽인 뒤였거든요. 나라의 어머니를 잃은 슬픔에 복수를 하겠다고 용기를 낸 거죠.” “겨우 스물한 살이었는데 대단하네요.”",
      "srcPage": 5,
      "srcSentenceEA": 4,
      "srcWordEA": 24
    }
  ]
}