{
  "title": "바르샤바에 꽃이 필 때까지",
  "author": "김태연",
  "illustrator": "이지선",
  "isbn": "9791128214578",
  "readAge": "초등_고학년",
  "publishedYear": 2018,
  "publisher": "아람북스",
  "classification": "사회관계",
  "paragraphInfoCount": 19,
  "paragraphInfo": [
    {
      "srcTextID": "2138",
      "srcText": "쾅쾅 소리가 나면 지하실로 뛰어가야 한다.  어른들은 이걸 전쟁이라고 한다. 전쟁은 정말 무서운 거다.  얼마 전에 외할머니가 폭탄 때문에 하늘나라로 가셨다. 엄마는 온몸을 덜덜 떨며, 나를 안고 울기만 하셨다.",
      "srcPage": 1,
      "srcSentenceEA": 5,
      "srcWordEA": 35
    },
    {
      "srcTextID": "2139",
      "srcText": "날짜: 1945년 2월 제목: <집에 돌아가는 날> 엄마가 내일은 우리 집으로 돌아간다고 했다. 집에 돌아갈 생각에 기분이 좋았는데, 나중에는 기분이 나빠졌다. 엄마 아빠가 하는 얘기를 들었는데, 우리가 뛰어놀던 분수대 광장이 없어졌다고 했다. ",
      "srcPage": 2,
      "srcSentenceEA": 3,
      "srcWordEA": 34
    },
    {
      "srcTextID": "2140",
      "srcText": "오빠가 다니던 학교도 이젠 돌밖에 남지 않았다고 했다. 정말일까? 우리 집도 돌밖에 없으면 어떡하지? 그럼 우린 어디에서 잠을 자야 하나? ",
      "srcPage": 3,
      "srcSentenceEA": 4,
      "srcWordEA": 23
    },
    {
      "srcTextID": "2143",
      "srcText": "전쟁이 나고부터는 엄마가 무섭다. 나는 오늘 옆집 클로도프하고도 싸웠다. 클로도프가 자꾸 내 코슬리를 던지면서 꽥꽥 소리를 질렀기 때문이다. 나도 클로도프에게 가라고 크게 소리쳤다. ",
      "srcPage": 6,
      "srcSentenceEA": 4,
      "srcWordEA": 26
    },
    {
      "srcTextID": "2144",
      "srcText": "날짜: 1945년 5월 제목: <분즐라우 가게> 엄마와 빵을 사 오는 길에 분즐라우 가게에 들렀다. 가게는 문이 부서졌고, 분즐라우도 모두 부서져 있었다. 엄마는 땅에 떨어진 분즐라우 조각들을 한참 만지작거리셨다. ",
      "srcPage": 7,
      "srcSentenceEA": 3,
      "srcWordEA": 30
    },
    {
      "srcTextID": "2145",
      "srcText": "외할머니가 분즐라우를 만드셨다고 했는데, 엄마는 분즐라우를 보면 외할머니가 생각나시나 보다. 분즐라우 조각이 반짝거리는 게 참 예뻤다. 나는 예쁜 조각 몇 개를 주머니에 넣었다.",
      "srcPage": 8,
      "srcSentenceEA": 3,
      "srcWordEA": 25
    },
    {
      "srcTextID": "2147",
      "srcText": "오빠는 손에 그림을 들고 있었다. 대학생 언니, 오빠들이 그려 놓은 그림이라고 했다. 그림을 보고 건물을 짓는 건 아주 멋진 일이다. 오늘은 오빠가 정말 자랑스럽다. ",
      "srcPage": 10,
      "srcSentenceEA": 4,
      "srcWordEA": 27
    },
    {
      "srcTextID": "2148",
      "srcText": " 클로도프는 나에게 엄마가 있어서 좋겠다고 했다. 그래서 너의 엄마는 어디 가셨느냐고 물었더니, 전쟁이 났을 때 하늘나라로 가셨다고 했다. 나는 마음속으로 클로도프에게 잘해 줘야겠다고 생각했다. 그래서 내 코슬리도 빌려주었다. ",
      "srcPage": 12,
      "srcSentenceEA": 4,
      "srcWordEA": 32
    },
    {
      "srcTextID": "2152",
      "srcText": "날짜: 1945년 11월 제목: <특별한 선물> 며칠 후면 엄마 생신이다. 꽃은 구하지 못했지만, 대신 좋은 생각이 떠올랐다. 이 선물이 엄마 마음에 들어야 할 텐데. 내일은 엄마가 웃으실 수 있을까? ",
      "srcPage": 15,
      "srcSentenceEA": 4,
      "srcWordEA": 32
    },
    {
      "srcTextID": "2153",
      "srcText": " “옛날에는 이 집이 무척 커 보였는데. 이렇게 작은 줄은 몰랐지.” “집이 어떻게 커졌다 줄어들었다 해요?” 레나타는 오랫만에 소리 내어 웃어요.",
      "srcPage": 17,
      "srcSentenceEA": 4,
      "srcWordEA": 22
    },
    {
      "srcTextID": "2156",
      "srcText": "깨진 분즐라우 조각들을 붙여 만든 모자이크 그림이에요. 그것은 바로 어린 레나타가 엄마에게 준 선물이지요. “이건 내가 어렸을 때 만든 거란다. 엄마 생신날, 환하게 웃으시라고 내가 선물한 거야. 그런데 이걸 보시고 또 우셨지…….” ",
      "srcPage": 19,
      "srcSentenceEA": 5,
      "srcWordEA": 35
    },
    {
      "srcTextID": "2141",
      "srcText": "날짜: 1945년 3월 제목: <우리 집> 며칠이 지나 겨우겨우 집에 도착했을 때, 나는 ‘휴’ 하고 한숨을 쉬었다. 내 침대랑 인형 코슬리는 그대로 있었다. 나는 코슬리를 꼭 안고 주방으로 내려갔다. 엄마는 주저앉아서 깨어진 분즐라우를 보며 울고 계셨다. 엄마가 우시니까 나도 갑자기 눈물이 났다. ",
      "srcPage": 4,
      "srcSentenceEA": 6,
      "srcWordEA": 47
    },
    {
      "srcTextID": "2142",
      "srcText": "날짜: 1945년 4월 제목: <무서운 엄마> 오빠는 만날 아빠를 따라 나간다. 그래서 나도 따라가겠다고 조르다가 엄마한테 엉덩이를 맞았다. 요즘 따라 엄마가 큰소리를 많이 내신다. ",
      "srcPage": 5,
      "srcSentenceEA": 3,
      "srcWordEA": 26
    },
    {
      "srcTextID": "2146",
      "srcText": "날짜: 1945년 6월 제목: <우리 오빠> 엄마랑 도시락을 싸서 트럭을 타고 나갔다. 내가 자꾸 아빠를 따라가겠다고 떼써서 아빠가 딱 하루만 구경하는 걸 허락하셨다. 멀리서 오빠가 손짓을 하는데, 반가워서 눈물이 날 뻔했다. ",
      "srcPage": 9,
      "srcSentenceEA": 3,
      "srcWordEA": 33
    },
    {
      "srcTextID": "2149",
      "srcText": "날짜: 1945년 9월 제목: <내 방> 엄마가 내 방 벽에 예쁜 색을 칠해 주셨다. 오랜만에 놀러 온 클로도프가 방이 아주 예쁘다고 했다. 클로도프는 내 방을 많이 부러워했다. ",
      "srcPage": 11,
      "srcSentenceEA": 3,
      "srcWordEA": 29
    },
    {
      "srcTextID": "2151",
      "srcText": "날짜: 1945년 10월 제목: <엄마의 소원> 집을 한참 둘러보던 엄마가 말씀하셨다. “화분이라도 하나 있으면 얼마나 좋을까?” 옛날에는 길가에 꽃이 많았는데, 지금은 없다. ",
      "srcPage": 13,
      "srcSentenceEA": 3,
      "srcWordEA": 23
    },
    {
      "srcTextID": "2150",
      "srcText": " 화분이 생기면 엄마가 웃으실지도 몰라! 클로도프랑 열심히 꽃을 찾아다녔다. 아무리 찾아다녀도 꽃을 찾을 수가 없어서 그냥 집으로 돌아왔다. 클로도프는 내 방을 왔다 갔다 하다가 분즐라우 조각들을 보더니 예쁘다고 했다. ",
      "srcPage": 14,
      "srcSentenceEA": 4,
      "srcWordEA": 33
    },
    {
      "srcTextID": "2154",
      "srcText": "“이거 할머니가 쓰신 일기예요?” “그래, 그러고 보니 내가 이 일기를 쓴 지 꽤 오랜 시간이 지났구나.” “와, 정말요?” 할머니가 된 레나타는 미소를 지으며 집 안을 이리저리 둘러보아요. ",
      "srcPage": 16,
      "srcSentenceEA": 4,
      "srcWordEA": 28
    },
    {
      "srcTextID": "2155",
      "srcText": "“할머니, 이것 좀 보세요!” 레나타는 손녀 아사의 목소리를 듣고 주방으로 가요. 아사가 가리키는 곳에는 파란 화분 그림이 있어요. ",
      "srcPage": 18,
      "srcSentenceEA": 3,
      "srcWordEA": 20
    }
  ]
}