{
  "title": "국기는 나라의 얼굴이야!",
  "author": "박현진",
  "illustrator": "최민주",
  "isbn": "9791165957179",
  "readAge": "초등_고학년",
  "publishedYear": 2023,
  "publisher": "아람북스",
  "classification": "사회관계",
  "paragraphInfoCount": 21,
  "paragraphInfo": [
    {
      "srcTextID": "3755",
      "srcText": "“초록색은 주로 땅 등의 자연이나 이슬람교를 나타내지.” 색깔마다 이렇게 많은 뜻이 담겨 있을 줄이야! “노란색은 왕이나 태양, 풍요로움을 상징하는 경우가 있어.” ",
      "srcPage": 13,
      "srcSentenceEA": 3,
      "srcWordEA": 22
    },
    {
      "srcTextID": "3756",
      "srcText": "“검은색은 땅이나 굳은 의지를 나타내기도 하고, 흰색은 평화와 순수를 뜻하기도 해.” 흰색에도 다 뜻이 있었구나. 나는 국기의 색깔에 깊은 뜻이 담겨 있다는 것을 알게 되었다. ",
      "srcPage": 14,
      "srcSentenceEA": 3,
      "srcWordEA": 27
    },
    {
      "srcTextID": "3747",
      "srcText": "“아니요! 너무 어려워서 내 맘대로 그린 거예요.” 선생님은 “후유.\" 하고 한숨을 내쉬었다. 그러더니 뭔가 생각난 것처럼 갑자기 국기 카드를 꺼내어 칠판에 나란히 붙여 놓고 말했다. ",
      "srcPage": 5,
      "srcSentenceEA": 4,
      "srcWordEA": 29
    },
    {
      "srcTextID": "10997",
      "srcText": "“미국 국기에 있는 별은 그 나라에 포함되는 여러 주의 수를 상징해. 다른 나라의 경우, 별을 보며 앞일을 점치기도 하고. 동서남북 같은 방향이나 뱃길도 알 수 있었기 때문에 국기에 별을 넣기도 하지.”",
      "srcPage": 18,
      "srcSentenceEA": 3,
      "srcWordEA": 33
    },
    {
      "srcTextID": "3762",
      "srcText": "어때, 내가 만든 국기! 멋지지? 국기는 나라의 얼굴이니까. 와, 정말 비슷하다! ",
      "srcPage": 21,
      "srcSentenceEA": 4,
      "srcWordEA": 14
    },
    {
      "srcTextID": "3748",
      "srcText": "“지금부터 선생님이 재미있는 이야기를 해 줄게.” \"올림픽이 열리는 걸 본 적 있니? 각 나라의 선수들이 들어올 때 맨 앞에 뭘 들고나오지?\" ",
      "srcPage": 6,
      "srcSentenceEA": 3,
      "srcWordEA": 22
    },
    {
      "srcTextID": "3751",
      "srcText": "선생님, 일본 국기에는 왜 빨간색 동그라미가 있나요? 난 파란색이 좋은데. 네가 파란색을 좋아하는 거 하고 일본 국기랑 무슨 상관이야? ",
      "srcPage": 9,
      "srcSentenceEA": 3,
      "srcWordEA": 21
    },
    {
      "srcTextID": "3745",
      "srcText": "하얀색 바탕은 밝음과 순수, 평화를 사랑하는 우리 민족을 뜻해요. 빨간색과 파란색의 태극 모양은 우주의 모든 것들이 서로 어울리며 만들어지고 발전해 가는 것을 뜻해요. 네 모서리에 있는 검은색 줄을 사괘라고 해요. 각각 하늘, 땅, 물, 불을 뜻해요. ",
      "srcPage": 3,
      "srcSentenceEA": 4,
      "srcWordEA": 39
    },
    {
      "srcTextID": "3746",
      "srcText": "내 그림을 보고 선생님이 말했다. “만수야, 왜 이렇게 그렸어? 장난한 거야?” 나는 억울했다. 내 그림을 보고 장난한 거라니. ",
      "srcPage": 4,
      "srcSentenceEA": 5,
      "srcWordEA": 21
    },
    {
      "srcTextID": "3743",
      "srcText": "유치원에서 태극기를 그렸다. 친구들은 열심히 태극기를 그렸다. 하지만 나는 그리기 싫었다. 왜냐하면 너무 어려웠기 때문이다",
      "srcPage": 1,
      "srcSentenceEA": 4,
      "srcWordEA": 18
    },
    {
      "srcTextID": "3757",
      "srcText": "그런데 국기는 왜 그렇게 복잡할까? 나는 선생님한테 그것도 물어보았다. 뭐가 그렇게 궁금해? 선생님 그만 해요. 네?",
      "srcPage": 15,
      "srcSentenceEA": 5,
      "srcWordEA": 20
    },
    {
      "srcTextID": "3758",
      "srcText": "“선생님, 왜 미국 국기에는 별이 많나요? 미국 사람들은 별을 좋아하나요?” 나는 다시 손을 들어 물어보았다.",
      "srcPage": 17,
      "srcSentenceEA": 3,
      "srcWordEA": 17
    },
    {
      "srcTextID": "3744",
      "srcText": "으 ,어려워 .저걸 어떻게 그려? 난 못해!  친구들은 바보 같다. 그렇게 어려운 걸 그대로 따라 그리려고 하다니. 그래서 나는 내 맘대로 그렸다.",
      "srcPage": 2,
      "srcSentenceEA": 6,
      "srcWordEA": 27
    },
    {
      "srcTextID": "3749",
      "srcText": "우리는 힘차게 대답했다. “국기요!” 그래, 바로 국기란다. 국기는 그 나라의 얼굴이고, 그 나라를 대표하는 상징이야. 그러니까 자기 맘대로 그리면 안 되는 거야. 알았지, 만수야? ",
      "srcPage": 7,
      "srcSentenceEA": 5,
      "srcWordEA": 28
    },
    {
      "srcTextID": "3752",
      "srcText": "만수야, 잠깐 앞으로 나오렴. 국기에는 빨간색이 많아. 그 까닭은 빨간색이 다른 색보다 눈에 잘 띄기 때문이야. ",
      "srcPage": 10,
      "srcSentenceEA": 3,
      "srcWordEA": 18
    },
    {
      "srcTextID": "3753",
      "srcText": "멀리서 봐도 한눈에 알아볼 수 있지.  또 색깔이 갖고 있는 뜻도 있어. 빨간색은 정열, 협동 그리고 애국심을 뜻하는 경우가 많아. ",
      "srcPage": 11,
      "srcSentenceEA": 3,
      "srcWordEA": 23
    },
    {
      "srcTextID": "3759",
      "srcText": "선생님은 정말이지 친절하게 대답해 주었다. 선생님은 항상 나를 예뻐해 주니까. 그런데 국기 속의 별이 내 눈에 쏙 들어왔다. ",
      "srcPage": 16,
      "srcSentenceEA": 3,
      "srcWordEA": 20
    },
    {
      "srcTextID": "3750",
      "srcText": "그런데 선생님 말씀을 들으면서 나는 궁금한 게 생겼다. 왜 일본 국기는 빨간색 동그라미일까? 궁금한 건 바로바로 물어봐야 한다. ",
      "srcPage": 8,
      "srcSentenceEA": 3,
      "srcWordEA": 20
    },
    {
      "srcTextID": "3754",
      "srcText": "아하! 그래서 빨간색이 들어간 국기가 많구나! 정열이 뭔지 나중에 엄마한테 물어봐야지. “파란색은 바다와 호수, 하늘을 뜻하기도 해.” ",
      "srcPage": 12,
      "srcSentenceEA": 3,
      "srcWordEA": 19
    },
    {
      "srcTextID": "3760",
      "srcText": "“별과 함께 많이 쓰인 것은 해와 달 모양이야. 해와 달은 끊임없이 앞으로 나아가는 정신과 이슬람교 같은 종교를 상징하기도 해.” “이 밖에도 동물이나 식물의 모양이 들어간 국기도 있어.”",
      "srcPage": 19,
      "srcSentenceEA": 3,
      "srcWordEA": 28
    },
    {
      "srcTextID": "3761",
      "srcText": "“그리고 영국의 지배를 받았던 나라들의 국기에는 영국 국기 모양을 넣기도 해.” 국기는 왜 이렇게 복잡한 걸까? 내가 만약 우주에 나라를 세운다면 나는 국기를 이렇게 만들 거야. ",
      "srcPage": 20,
      "srcSentenceEA": 3,
      "srcWordEA": 28
    }
  ]
}