{
  "title": "무엇이든 말해 보세요",
  "author": "김서연",
  "illustrator": "이한아",
  "isbn": "9791165433659",
  "readAge": "초등_고학년",
  "publishedYear": 2021,
  "publisher": "아람키즈",
  "classification": "사회관계",
  "paragraphInfoCount": 16,
  "paragraphInfo": [
    {
      "srcTextID": "10028",
      "srcText": "주인은 도연이 손을 꼭 잡아 주며 토닥거렸어요. “거참, 답답했겠다!” “네 마음을 다른 사람한테 표현하는 것도 중요하단다!” 주인의 말을 듣고 도연이의 얼굴이 환해졌어요.",
      "srcPage": 14,
      "srcSentenceEA": 4,
      "srcWordEA": 23
    },
    {
      "srcTextID": "10019",
      "srcText": "이번에는 초록색 옷을 입은 남자아이가 찾아왔어요. “저는 서준이예요. 혹시 제 모습이 어때 보여요?” “오, 초록색 옷이 잘 어울리는데?” ",
      "srcPage": 6,
      "srcSentenceEA": 4,
      "srcWordEA": 19
    },
    {
      "srcTextID": "10018",
      "srcText": "그러자 서준이는 울컥 화가 난 듯이 말했어요. “나는 분홍색이나 주황색이 좋아요. 하지만 다들 남자가 그런 색을 좋아한다고 놀려요. 그래서 나도 초록색, 파란색 옷을 입지만, 내 맘대로 못 하는 내가 바보 같아요!” ",
      "srcPage": 7,
      "srcSentenceEA": 4,
      "srcWordEA": 33
    },
    {
      "srcTextID": "10022",
      "srcText": "주인은 얼굴이 밝아진 서준이에게 말했어요. “여자가 하는 일, 남자가 하는 일이 정해져 있니?” “아니요, 각자 잘하는 일을 하는 거지요!”",
      "srcPage": 9,
      "srcSentenceEA": 3,
      "srcWordEA": 19
    },
    {
      "srcTextID": "10023",
      "srcText": "“좋았어, 오늘도 보람찬 하루였군!” 주인이 간판의 불을 끄려는데 한 여자아이가 다가왔어요. 주인은 따뜻한 목소리로 말했어요. “넌 어떤 말이 하고 싶니?”",
      "srcPage": 10,
      "srcSentenceEA": 4,
      "srcWordEA": 22
    },
    {
      "srcTextID": "10024",
      "srcText": "여자아이는 어렵게 이야기를 꺼냈어요. “저는 도연인데요, 다들 저한테 똑똑하고 착하다며 칭찬해요.” 주인은 열심히 고개를 끄덕였어요. “대단하구나! 그런데 그렇게 칭찬만 받는 데도 걱정거리가 있니?”",
      "srcPage": 11,
      "srcSentenceEA": 4,
      "srcWordEA": 25
    },
    {
      "srcTextID": "10026",
      "srcText": "그러자 도연이는 울상이 되어 말했어요. “칭찬을 못 받을까 봐 아무거나 할 수가 없어요.” 도연이는 얼굴이 빨개져서 다시 이야기를 시작했어요. ",
      "srcPage": 12,
      "srcSentenceEA": 3,
      "srcWordEA": 20
    },
    {
      "srcTextID": "10025",
      "srcText": "“저에게 자꾸 장난을 치는 친구가 있어요. 저는 정말 싫지만 화도 못 내고, 친구와 싸우지도 못하겠어요. 엄마랑 선생님이 저한테 실망할까 봐서요.” ",
      "srcPage": 13,
      "srcSentenceEA": 3,
      "srcWordEA": 22
    },
    {
      "srcTextID": "10027",
      "srcText": "“음, 맞아요. 칭찬은 좀 덜 들어도 되는데.” “내일은 그 친구에게 네 마음의 소리를 들려주렴. ‘괴롭히지 마, 나도 화가 나!’ 이렇게 말이야!” ",
      "srcPage": 15,
      "srcSentenceEA": 5,
      "srcWordEA": 24
    },
    {
      "srcTextID": "10029",
      "srcText": "어느새 어둑어둑한 저녁이 되었어요. “흠, 다음번에 이야기할 거리를 남겨 놓으려면 이제 떠나야겠군!” 주인은 조그만 손가방에 탁자와 의자, 간판을 쏙쏙 넣고 떠날 준비를 했어요. 둥글둥글한 얼굴의 주인은 이제 누구의 이야기를 들으러 갈까요?",
      "srcPage": 16,
      "srcSentenceEA": 4,
      "srcWordEA": 33
    },
    {
      "srcTextID": "10020",
      "srcText": "주인은 곰곰이 생각하더니, 탁자 서랍에서 분홍색 로봇과 파란색 꽃을 꺼냈어요. “음, 어느 쪽이 더 남자의 것 같아?” 서준이는 갸우뚱거렸어요. “서준아, 남자다운 색과 여자다운 색은 없어! 장난감도 마찬가지고!”",
      "srcPage": 8,
      "srcSentenceEA": 5,
      "srcWordEA": 29
    },
    {
      "srcTextID": "9989",
      "srcText": "이곳은 평범한 작은 마을이에요. 그런데 어느 날, 놀이터 옆에 난데없이 탁자가 놓였어요. 그 앞에서는 곰인지, 돼지인지 알 수 없는 둥글둥글한 얼굴의 주인이 열심히 간판을 닦고 있었어요.",
      "srcPage": 1,
      "srcSentenceEA": 3,
      "srcWordEA": 28
    },
    {
      "srcTextID": "9994",
      "srcText": "우진이네 집은 시끌시끌했어요. “숙제 먼저 해야지!” 화가 난 엄마가 소리치자, “텔레비전부터 먼저 볼 거예요.” ",
      "srcPage": 2,
      "srcSentenceEA": 4,
      "srcWordEA": 15
    },
    {
      "srcTextID": "9995",
      "srcText": "우진이는 퉁명스럽게 대꾸했어요. “나는 왜 엄마가 시키는 대로 해야 해?” 우진이는 입을 삐죽거리며 놀이터로 뛰어갔어요.",
      "srcPage": 3,
      "srcSentenceEA": 3,
      "srcWordEA": 16
    },
    {
      "srcTextID": "10014",
      "srcText": "“어? ‘무엇이든 말해 보세요!’ 이게 뭐지?” 우진이는 탁자에 다가가 기웃거렸어요. “안녕? 혹시 하고 싶은 말이 있니?”",
      "srcPage": 4,
      "srcSentenceEA": 4,
      "srcWordEA": 20
    },
    {
      "srcTextID": "10015",
      "srcText": "둥글둥글한 얼굴의 주인이 먼저 말을 걸었어요. 잠시 머뭇거리던 우진이는 꿍얼꿍얼 이야기를 시작했어요. “나는 로봇처럼 엄마가 시키는 대로 해야 해요. 내 뜻대로 할 때 진짜 나 같은데 말이에요. 난 자유를 원한다고요!” ",
      "srcPage": 5,
      "srcSentenceEA": 5,
      "srcWordEA": 33
    }
  ]
}