{
  "title": "엄마의 알뜰 공책",
  "author": "김인숙, 아람",
  "illustrator": "박영미",
  "isbn": "9791165957407",
  "readAge": "초등_고학년",
  "publishedYear": 2023,
  "publisher": "아람북스",
  "classification": "사회관계",
  "paragraphInfoCount": 27,
  "paragraphInfo": [
    {
      "srcTextID": "4653",
      "srcText": "우리가 가진 돈이 1,000원이라면 2,000원을 쓸 수는 없잖아. 가계부는 알뜰한 살림살이를 꾸려 가기 위해서 필요한 거야. 가계부는 우리 집의 수입과 지출을 적는 공책이야. 수입도 물론 중요하지만, 그보다는 얼마나 합리적으로 지출하느냐가 훨씬 중요하단다.",
      "srcPage": 16,
      "srcSentenceEA": 4,
      "srcWordEA": 35
    },
    {
      "srcTextID": "4658",
      "srcText": "“색연필 안 사도 돼. 민이한테 빌려 쓸 거야.” 엄마가 뭘 좀 사려고 하면 똘이가 말렸지요. ",
      "srcPage": 21,
      "srcSentenceEA": 3,
      "srcWordEA": 17
    },
    {
      "srcTextID": "4661",
      "srcText": "엄마, 아빠는 똘이 때문에 걱정이에요. 똘이가 엄마, 아빠 이야기를 잘못 알아들은 것 같았거든요. 지혜롭게 돈 쓰는 걸 가르쳐 주려고 했는데 돈은 무조건 안 써야 한다고 여기게 된 모양이에요.",
      "srcPage": 22,
      "srcSentenceEA": 3,
      "srcWordEA": 30
    },
    {
      "srcTextID": "4662",
      "srcText": "“뭐 좋은 방법이 없을까?” 엄마랑 아빠는 오랫동안 고민을 했어요. “왜 반찬이 이것밖에 없지?” 아빠가 물었어요.",
      "srcPage": 23,
      "srcSentenceEA": 4,
      "srcWordEA": 17
    },
    {
      "srcTextID": "4663",
      "srcText": "“엄마가 시장 보러 갔는데 내가 못 사게 해서.” “그랬구나. 돈을 아예 안 쓰니까 어때?” “불편해.” “그래. 엄마, 아빠도 불편해. 필요할 땐 돈을 써야 해. 그러기 위해 돈이 있는 거야.”",
      "srcPage": 24,
      "srcSentenceEA": 5,
      "srcWordEA": 33
    },
    {
      "srcTextID": "4632",
      "srcText": "엄마가 놀라서 급하게 달려왔어요. “왜 그래? 어디 다쳤어?” “나 저거 사 줘요.” 똘이가 화면 속의 최신형 게임기를 가리켰어요. ",
      "srcPage": 1,
      "srcSentenceEA": 5,
      "srcWordEA": 20
    },
    {
      "srcTextID": "4642",
      "srcText": "아빠가 회사에서 돌아왔지만, 똘이는 방 안에서 나오지 않았어요. “똘이가 단단히 화가 난 모양이구나?” 아빠가 방문을 열고 들어오며 말했어요. ",
      "srcPage": 7,
      "srcSentenceEA": 3,
      "srcWordEA": 19
    },
    {
      "srcTextID": "4634",
      "srcText": "이 말 한마디로 똘이의 기대는 완전히 무너졌어요. “게임기가 꼭 필요한 까닭을 말해 봐. 없지? 그럼, 끝!” 엄마 나빠. 엄마 미워. 왕왕왕소금. 세상에서 최고 짠짠짠순이! 사 달라는 건 하나도 안 사 줘. 쳇!",
      "srcPage": 4,
      "srcSentenceEA": 10,
      "srcWordEA": 40
    },
    {
      "srcTextID": "4646",
      "srcText": "자기편이 생긴 것 같아 똘이의 목소리가 커졌어요. “그런데 말이야, 엄마가 너한테 보여 줄 게 있다는데 우리 나가 볼까?” 똘이 얼굴이 금세 밝아졌어요. 밖에 나가면 게임기가 있을 것만 같았거든요.",
      "srcPage": 11,
      "srcSentenceEA": 4,
      "srcWordEA": 30
    },
    {
      "srcTextID": "4657",
      "srcText": "그러자 아빠가 대신 대답했어요. “아마 우리는 집도 없을 거야. 네가 좋아하는 태권도도 못 배울걸?” 똘이는 아빠가 말한 것을 상상해 보았어요. 그건 정말 슬픈 일이었지요. ",
      "srcPage": 18,
      "srcSentenceEA": 5,
      "srcWordEA": 27
    },
    {
      "srcTextID": "4647",
      "srcText": "“자, 우리 똘이 나왔습니다.” 똘이는 잔뜩 기대를 하며 엄마 앞에 앉았어요. 그런데 엄마가 똘이 앞에 내놓은 것은 ‘가계부’라고 쓰여 있는 공책 한 권뿐이었어요. ",
      "srcPage": 12,
      "srcSentenceEA": 4,
      "srcWordEA": 26
    },
    {
      "srcTextID": "4666",
      "srcText": "용돈을 받자 똘이는 마치 어른이 된 것 같아 기분이 좋았어요. “내 맘대로 써도 되는 거야? 진짜야?” 그래, 대신 용돈 기입장에 용돈을 어떻게 썼는지 적어야 해. ",
      "srcPage": 26,
      "srcSentenceEA": 4,
      "srcWordEA": 27
    },
    {
      "srcTextID": "4665",
      "srcText": "엄마는 가계부를 쓰고, 똘이는 용돈 기입장을 쓰는 거지. 잘할 수 있겠어? “네!” 똘이는 우렁찬 목소리로 대답했어요.",
      "srcPage": 27,
      "srcSentenceEA": 3,
      "srcWordEA": 18
    },
    {
      "srcTextID": "4633",
      "srcText": "“엄마, 저거 사 주면 엄마 말씀 잘 들을게요. 일찍 잘게요. 청소도 잘할게요. 이제 장난도 안 칠게요, 네?” 똘이가 엄마 뒤를 따라가며 말했어요. “엄마, 사랑해요.”",
      "srcPage": 2,
      "srcSentenceEA": 6,
      "srcWordEA": 28
    },
    {
      "srcTextID": "4638",
      "srcText": "어떤 물건을 사고 싶다면 먼저 생각해 봐. 꼭 필요한 것인지 그냥 갖고 싶은 것인지 말이야. 우리가 살아가는 데는 많은 것들이 필요해. ",
      "srcPage": 5,
      "srcSentenceEA": 3,
      "srcWordEA": 23
    },
    {
      "srcTextID": "4655",
      "srcText": "필요한 물건을 사고 병원을 가기도 하고 저축을 하기도 해. 그런데 계획 없이 돈을 써 버리면 나중에는 돈이 없어 어려움을 겪게 돼. 왜냐하면 아빠나 엄마가 버는 돈은 정해져 있거든.",
      "srcPage": 15,
      "srcSentenceEA": 3,
      "srcWordEA": 30
    },
    {
      "srcTextID": "4648",
      "srcText": "그것을 본 똘이는 금방이라도 울음을 터뜨릴 것 같았지요. “똘이야, 이건 우리 집 가계부야. 엄마가 쓰는 거 너도 본 적 있지?” ",
      "srcPage": 13,
      "srcSentenceEA": 3,
      "srcWordEA": 21
    },
    {
      "srcTextID": "4650",
      "srcText": "입이 잔뜩 나온 똘이는 대답이 없었어요. “자, 봐. 엄마는 아빠가 받은 월급으로 이렇게 살림을 하는 거야. 반찬도 사고, 우리 똘이 책도 사고, 돈을 모아 자동차도 살 거야.” ",
      "srcPage": 14,
      "srcSentenceEA": 4,
      "srcWordEA": 29
    },
    {
      "srcTextID": "4659",
      "srcText": "똘이가 달라졌어요. 달라져도 너무 달라졌지요. 엄마가 반찬거리를 사려고 시장에 갔어요. “엄마, 사지 마.” ",
      "srcPage": 19,
      "srcSentenceEA": 4,
      "srcWordEA": 15
    },
    {
      "srcTextID": "4660",
      "srcText": "함께 간 똘이가 자꾸만 엄마를 말렸어요. 그 바람에 엄마는 아무것도 사지 못했어요. 문구점에 가서도 마찬가지였어요. ",
      "srcPage": 20,
      "srcSentenceEA": 3,
      "srcWordEA": 17
    },
    {
      "srcTextID": "4651",
      "srcText": "수입에는 어떻게 해서 얼마만큼의 돈이 들어왔는지 적는 거야. 아빠, 엄마의 월급 등을 말하는 거지. 지출에는 어디에 얼마의 돈을 썼는지 적는 거야.",
      "srcPage": 17,
      "srcSentenceEA": 3,
      "srcWordEA": 23
    },
    {
      "srcTextID": "4635",
      "srcText": "엄마가 걸음을 멈추고 돌아서며 씩 웃었어요. 똘이의 얼굴에도 활짝 웃음꽃이 피었지요. 엄마는 부드럽고 다정한 목소리로 이렇게 말했어요. “안 돼!” ",
      "srcPage": 3,
      "srcSentenceEA": 4,
      "srcWordEA": 21
    },
    {
      "srcTextID": "4640",
      "srcText": "하지만 모두 다 똑같이 중요하진 않아. 어떤 것들을 사야 하는지 생각해 볼까? 신발은 우리에게 꼭 필요해. 맨발로 다니면 위험하니까.",
      "srcPage": 6,
      "srcSentenceEA": 4,
      "srcWordEA": 22
    },
    {
      "srcTextID": "4664",
      "srcText": "다음 날 엄마는 똘이에게 선물을 주었어요. “우리 똘이도 용돈이 필요할 것 같아서 이제부턴 용돈을 주려고 해. 이건 이번 주 용돈이고, 이건 용돈 기입장이야.” ",
      "srcPage": 25,
      "srcSentenceEA": 3,
      "srcWordEA": 24
    },
    {
      "srcTextID": "4645",
      "srcText": "왕소금이고, 그치? 아빠도 사고 싶은 거 많은데 엄마가 안 사 줘. 그 말을 듣자, 똘이 마음이 조금 풀렸어요. 맞아, 지난번에 아빠가 휴대 전화를 새로 사고 싶다고 했는데 안 사 줬잖아.",
      "srcPage": 9,
      "srcSentenceEA": 4,
      "srcWordEA": 33
    },
    {
      "srcTextID": "4644",
      "srcText": "그 말을 듣자, 똘이 마음이 조금 풀렸어요. “맞아, 지난번에 아빠가 휴대 전화를 새로 사고 싶다고 했는데 안 사 줬잖아. 아빠 휴대 전화는 진짜 고물이야.” ",
      "srcPage": 10,
      "srcSentenceEA": 3,
      "srcWordEA": 25
    },
    {
      "srcTextID": "4643",
      "srcText": "“엄마 미워, 다른 애들은 다 게임기를 갖고 있단 말이야.” 똘이가 퉁퉁 부은 목소리로 말했어요. 정말 속상하겠다. 엄만 정말 짠순이야. ",
      "srcPage": 8,
      "srcSentenceEA": 4,
      "srcWordEA": 22
    }
  ]
}