{
  "title": "나대로 아저씨의 사계절",
  "author": "김자호",
  "illustrator": "김송이",
  "isbn": "9791165956943",
  "readAge": "초등_고학년",
  "publishedYear": 2023,
  "publisher": "아람북스",
  "classification": "사회관계",
  "paragraphInfoCount": 30,
  "paragraphInfo": [
    {
      "srcTextID": "120106",
      "srcText": "며칠 전부터 개나리와 진달래가 뒷산에 가득했어요. 햇볕도 따사로웠지요. “지윤아, 목도리 두르고 나가라.”",
      "srcPage": 1,
      "srcSentenceEA": 3,
      "srcWordEA": 13
    },
    {
      "srcTextID": "120107",
      "srcText": "하지만 나는 할머니 말씀도 듣지 않고, 하루 종일 뒷산에서 뛰어놀았어요. 그러고는 감기에 걸려서 열이 나고 목도 아팠어요. “에그, 꽃샘추위 때문에 우리 지윤이만 고생이네.”",
      "srcPage": 2,
      "srcSentenceEA": 3,
      "srcWordEA": 24
    },
    {
      "srcTextID": "120111",
      "srcText": "다음 날도 나는 눈곱이 덕지덕지, 가래가 그렁그렁, 코가 막혀 숨 쉬기도 힘들었어요. 날씨가 따뜻해져서 친구들은 모두 놀러 나왔어요. “저녁부터 황사 바람이 불면서 미세 먼지 농도가 높아진대요. 나중에 후회하지 말고 마스크 하나씩 사 가세요. 황사에는 마스크가 최고예요!” 하지만 아무도 나대로 아저씨의 말을 듣지 않았어요.",
      "srcPage": 6,
      "srcSentenceEA": 6,
      "srcWordEA": 47
    },
    {
      "srcTextID": "120112",
      "srcText": "아침이 되자 하늘이 온통 누렇게 보이고, 거리의 자동차도 뿌옇게 먼지를 뒤집어썼어요. 사람들은 손으로 입을 막고 다녔어요. 코를 풀거나 콜록거리는 사람도 많았어요. ‘거봐라, 나대로 아저씨 말을 안 듣더니 쌤통이다.’ 아니, 지금 내가 무슨 생각을 하는 거죠?",
      "srcPage": 7,
      "srcSentenceEA": 5,
      "srcWordEA": 39
    },
    {
      "srcTextID": "120108",
      "srcText": "나는 감기 때문에 밖에 나가지도 못하고, 창밖만 내다보았어요. “찬바람을 막아 주는 예쁜 목도리예요. 봄에 딱 어울리는 패션 장갑도 있어요.” 지하철역 입구에서 나대로 아저씨가 목소리 높여 물건을 팔았어요. 나대로 아저씨는 우리 집 아래층에 세를 들어 살았어요.",
      "srcPage": 3,
      "srcSentenceEA": 5,
      "srcWordEA": 38
    },
    {
      "srcTextID": "120110",
      "srcText": "아무튼 난 나대로 아저씨가 잘해 주는 게 싫었어요. 며칠 전, 나대로 아저씨는 감기에 걸린다며 내 목에 목도리를 감아 주려고 했었어요. 그때 목도리를 둘렀으면 감기에 안 걸렸을 텐데. 할머니와 나대로 아저씨 말을 들었어야 했나 봐요.",
      "srcPage": 4,
      "srcSentenceEA": 4,
      "srcWordEA": 37
    },
    {
      "srcTextID": "120109",
      "srcText": "그런데 나는 왜 나대로 아저씨가 싫을까요? 볼 때마다 예쁘다, 귀엽다 친한 척해서일까요? 아니면 하늘 나라로 간 아빠와 닮아서일까요?",
      "srcPage": 5,
      "srcSentenceEA": 3,
      "srcWordEA": 20
    },
    {
      "srcTextID": "120115",
      "srcText": "물건을 정리하고 있던 나대로 아저씨가 말을 건넸어요. “어? 지윤이구나. 어디 가는 거야?” 나는 대꾸도 하지 않고 쌩하니 뛰어갔어요.",
      "srcPage": 9,
      "srcSentenceEA": 4,
      "srcWordEA": 21
    },
    {
      "srcTextID": "120116",
      "srcText": "친구들이랑 호랑나비를 잡느라 시간 가는 줄 몰랐어요. 그런데 갑자기 힘이 쫙 빠지고, 머리가 깨질 듯 아팠어요. 얼굴도 빨갛게 달아올랐어요. 친구들은 모자를 써서 괜찮은 것 같았어요.",
      "srcPage": 11,
      "srcSentenceEA": 4,
      "srcWordEA": 28
    },
    {
      "srcTextID": "120124",
      "srcText": "“불쾌지수가 높은 여름밤! 눈사람을 껴안은 것처럼 시원한 죽부인이에요! 죽부인 하나 장만하세요.” 나는 계속 부채질을 하며 나대로 아저씨를 보고 키득거렸어요.",
      "srcPage": 18,
      "srcSentenceEA": 4,
      "srcWordEA": 22
    },
    {
      "srcTextID": "120113",
      "srcText": "매미 소리가 요란한 여름이 왔어요. 조금만 움직여도 이마에 땀방울이 송골송골 맺혔어요. 친구들이 잠자리채를 들고 뒷산 쪽으로 가는 게 보였어요. “명수야! 나도 같이 가!” 나는 후다닥 뛰어 내려갔어요.",
      "srcPage": 8,
      "srcSentenceEA": 5,
      "srcWordEA": 31
    },
    {
      "srcTextID": "120114",
      "srcText": "“지윤아, 모자 가져가! 자외선 크림이라도 발라야지!” ‘모자라도 가져갈까?’ 하지만 나는 저만치 앞서가는 친구들을 따라잡기에 바빴어요. “뜨거운 햇볕에는 모자가 딱이에요. 일사병 걸려 고생하지 마시고, 예쁜이 모자 하나 사 가세요!”",
      "srcPage": 10,
      "srcSentenceEA": 6,
      "srcWordEA": 32
    },
    {
      "srcTextID": "120122",
      "srcText": "얼마 지나지 않아 장대비가 쏟아졌어요. “하하, 거봐라. 나대로 아저씨 말을 들었어야지.” 그런데 내가 또 무슨 말을 하는 거죠?",
      "srcPage": 17,
      "srcSentenceEA": 4,
      "srcWordEA": 20
    },
    {
      "srcTextID": "120129",
      "srcText": "심부름으로 수박을 사러 나왔어요. “장마는 물러갔지만 이래저래 짜증만 나시죠? 얼음 동동 띄운 시원한 수박화채 한 그릇이면 짜증도 물러갑니다.” “아저씨, 저 수박 한 통 주세요.”",
      "srcPage": 21,
      "srcSentenceEA": 4,
      "srcWordEA": 25
    },
    {
      "srcTextID": "120131",
      "srcText": "날씨가 쌀쌀해졌어요. 나뭇잎은 울긋불긋 단풍 들고, 나뭇가지에는 탐스러운 감들이 달려 있어요. 선생님, 친구들과 함께하는 야외 수업은 정말 신이 났어요. 나는 가방 가득히 감을 담아 왔어요.",
      "srcPage": 25,
      "srcSentenceEA": 4,
      "srcWordEA": 28
    },
    {
      "srcTextID": "120134",
      "srcText": "나는 장롱 서랍에서 아빠의 목도리를 꺼내서 밖으로 나갔어요. “아저씨, 고개 좀 숙여 보세요.” “아이고, 우리 지윤이구나.”",
      "srcPage": 29,
      "srcSentenceEA": 3,
      "srcWordEA": 16
    },
    {
      "srcTextID": "120117",
      "srcText": "그때 현관문 두드리는 소리가 나더니 나대로 아저씨의 목소리가 들려왔어요. “얼음주머니하고 약수예요. 지윤이 열부터 내리시고, 물도 많이 먹이세요.”",
      "srcPage": 13,
      "srcSentenceEA": 3,
      "srcWordEA": 18
    },
    {
      "srcTextID": "120132",
      "srcText": "쌩쌩, 휘익, 비바람이 몰아쳤어요. 바람이 창문을 두드려서일까요? 나는 무서워서 잠이 오지 않았어요.",
      "srcPage": 26,
      "srcSentenceEA": 3,
      "srcWordEA": 14
    },
    {
      "srcTextID": "120130",
      "srcText": "나대로 아저씨가 많이 아파서 오늘은 장사도 하지 못했대요. 웬일인지 걱정이 되었어요. 내일은 나대로 아저씨에게 감을 나누어 주어야겠어요.",
      "srcPage": 27,
      "srcSentenceEA": 3,
      "srcWordEA": 19
    },
    {
      "srcTextID": "120121",
      "srcText": "몸이 좀 나아졌어요. 밖에 나가려다가 나대로 아저씨가 오늘은 무슨 물건을 파는지 살펴보았어요. 나대로 아저씨 말을 안 듣다가 병에 걸려 두 번이나 아팠거든요.",
      "srcPage": 15,
      "srcSentenceEA": 3,
      "srcWordEA": 24
    },
    {
      "srcTextID": "120135",
      "srcText": "눈이 펑펑 쏟아지는 겨울이 왔어요. 밖에서 나대로 아저씨의 목소리가 들려왔어요. “온몸을 따뜻하게 녹여 주는 어묵이오. 국물이 기막히게 맛있는 어묵 드세요!”",
      "srcPage": 28,
      "srcSentenceEA": 4,
      "srcWordEA": 22
    },
    {
      "srcTextID": "120133",
      "srcText": "나는 아빠의 목도리를 나대로 아저씨의 목에 둘러 주었어요. “아저씨, 날씨가 추운데 이러다 감기 걸리면 어떡해요? 감기 걸리면 장사도 못 하잖아요.” 나대로 아저씨가 내 머리를 쓰다듬어 주었어요.",
      "srcPage": 30,
      "srcSentenceEA": 4,
      "srcWordEA": 28
    },
    {
      "srcTextID": "120123",
      "srcText": "“뭐가 그렇게 재미있니?” “헤헤, 눈사람을 껴안은 것처럼 시원하대요. 할머니, 우리도 죽부인 하나 사요! 네?” 할머니가 물끄러미 내 얼굴을 바라보았어요.",
      "srcPage": 19,
      "srcSentenceEA": 5,
      "srcWordEA": 22
    },
    {
      "srcTextID": "120125",
      "srcText": "할머니는 내 애교에 못 이겨 얼른 밖에 나가 죽부인을 사 왔어요. 할머니 배에 다리를 올리면 끈적거리는데, 죽부인 위에 다리를 올리니 시원했어요. 나대로 아저씨 말이 딱 맞았지요.",
      "srcPage": 20,
      "srcSentenceEA": 3,
      "srcWordEA": 28
    },
    {
      "srcTextID": "120128",
      "srcText": "“지윤이구나, 그냥 가져가.” 나는 마다하는 아저씨 옆에 얼른 돈을 놓고 수박을 들고 왔어요. 나대로 아저씨 말대로 수박화채는 정말 시원했어요.",
      "srcPage": 22,
      "srcSentenceEA": 3,
      "srcWordEA": 21
    },
    {
      "srcTextID": "120126",
      "srcText": "“아유, 장마 끝인데도 수박이 참 달구나? 아무튼 나대로 총각은 날씨면 날씨, 물건이면 물건, 모르는 것도 없고 없는 물건도 없어.” 나는 괜히 할머니의 칭찬에 심통이 났어요.",
      "srcPage": 23,
      "srcSentenceEA": 3,
      "srcWordEA": 27
    },
    {
      "srcTextID": "120127",
      "srcText": "“이거, 나대로 총각한테 좀 가져다줄까?” “아저씨는 실컷 먹었을 텐데, 뭐.” 나는 입을 삐죽였지만, 남아 있는 화채를 보자 나대로 아저씨 얼굴이 떠올랐어요.",
      "srcPage": 24,
      "srcSentenceEA": 3,
      "srcWordEA": 22
    },
    {
      "srcTextID": "120118",
      "srcText": "나는 끙끙 앓아누웠어요. “쯧쯧, 그러게 모자도 안 쓰고 더운 데서 오래 놀면 어떡해?” 할머니가 걱정스러운 얼굴로 바라보았어요.",
      "srcPage": 12,
      "srcSentenceEA": 3,
      "srcWordEA": 18
    },
    {
      "srcTextID": "120119",
      "srcText": "방으로 들어온 할머니는 얼음주머니를 내 이마에 올려놓았어요. “아유, 친절도 하지. 저럴 때 보면 네 아빠랑 꼭 닮았어.” ‘아빠랑 닮았다고? 치.’",
      "srcPage": 14,
      "srcSentenceEA": 5,
      "srcWordEA": 23
    },
    {
      "srcTextID": "120120",
      "srcText": "“장마가 시작된대요. 두 사람이 쓰고도 남을 커다란 우산 하나 장만하세요.” “햇볕이 따가운데, 무슨 장마야?” 사람들은 또 나대로 아저씨의 말을 들은 체 만 체했어요.",
      "srcPage": 16,
      "srcSentenceEA": 4,
      "srcWordEA": 25
    }
  ]
}