{
  "title": "스티브 잡스가 만든 세상",
  "author": "고영이, 하늘땅",
  "illustrator": "김희영",
  "isbn": "9791128220548",
  "readAge": "초등_고학년",
  "publishedYear": 2018,
  "publisher": "아람북스",
  "classification": "사회관계",
  "paragraphInfoCount": 17,
  "paragraphInfo": [
    {
      "srcTextID": "1717",
      "srcText": "“잡스, 드디어 완성했어. 얼른 우리 집으로 와!” 잡스는 전화를 끊고서 워즈니악의 집으로 달려갔어.",
      "srcPage": 1,
      "srcSentenceEA": 3,
      "srcWordEA": 15
    },
    {
      "srcTextID": "1720",
      "srcText": " 잡스와 워즈니악은 회사 이름을 ‘애플’로 정했어. 회사라고 해 봐야 잡스네 차고였지만 말이야. 그런데 워즈니악의 컴퓨터는 기대만큼 많이 팔리지 않았어.",
      "srcPage": 6,
      "srcSentenceEA": 4,
      "srcWordEA": 23
    },
    {
      "srcTextID": "1721",
      "srcText": "부품들이 따로따로 떨어져 있어서 컴퓨터를 산 사람이 직접 연결해야 했거든. 컴퓨터를 잘 모르는 사람들에게는 어려운 일이었지. “누구든지 쉽게 쓸 수 있는 컴퓨터를 만들어야 해.” ",
      "srcPage": 7,
      "srcSentenceEA": 3,
      "srcWordEA": 25
    },
    {
      "srcTextID": "1725",
      "srcText": "잡스는 쓰기 쉽고 값싼 마우스를 만들었지. 마우스로 원하는 프로그램의 그림을 딸칵 누르면 바로 프로그램을 쓸 수 있었어. 마우스가 널리 쓰이기 전에는 어려운 컴퓨터 언어를 일일이 자판으로 써넣어야 했어요.",
      "srcPage": 11,
      "srcSentenceEA": 3,
      "srcWordEA": 30
    },
    {
      "srcTextID": "1729",
      "srcText": "“잡스가 이다음엔 어떤 컴퓨터를 만들까?” 사람들은 잡스가 하는 일에 늘 관심을 가지고 기다렸어. 잡스는 사람들의 기대를 저버리지 않았지.",
      "srcPage": 15,
      "srcSentenceEA": 3,
      "srcWordEA": 20
    },
    {
      "srcTextID": "1723",
      "srcText": "잡스는 따로따로인 부품을 연결해서 플라스틱 상자에 쏙 넣기로 했어. 더 이상 힘들게 부품을 연결할 필요가 없었지. 이렇게 완성된 컴퓨터가 ‘애플Ⅱ’. ",
      "srcPage": 8,
      "srcSentenceEA": 3,
      "srcWordEA": 22
    },
    {
      "srcTextID": "1727",
      "srcText": "오랜 시간이 흘렀지만 컴퓨터는 여전히 베이지색 상자 모양이었어. ‘네모난 컴퓨터는 이제 싫증 나. 새로운 걸 만들 수는 없을까?’ 잡스는 곰곰이 생각했지.",
      "srcPage": 13,
      "srcSentenceEA": 4,
      "srcWordEA": 24
    },
    {
      "srcTextID": "1716",
      "srcText": "“맙소사! 혼자서 컴퓨터를 만든 거야?” 잡스는 놀라서 입을 다물지 못했어. 그 무렵 컴퓨터는 어마어마하게 크고 비싸서 큰 회사에서나 쓸 수 있었거든. ",
      "srcPage": 2,
      "srcSentenceEA": 3,
      "srcWordEA": 24
    },
    {
      "srcTextID": "1715",
      "srcText": " 잡스나 워즈니악처럼 컴퓨터를 좋아하는 사람들은 자기만의 작은 컴퓨터를 갖고 싶어 했어. 그런데 워즈니악이 컴퓨터를 직접 만든 거야. 워즈니악이 완성한 컴퓨터!",
      "srcPage": 3,
      "srcSentenceEA": 3,
      "srcWordEA": 23
    },
    {
      "srcTextID": "1719",
      "srcText": "“우리, 회사를 세우자! 그리고 컴퓨터를 만들어서 사람들에게 파는 거야! 아마 날개 돋친 듯이 팔리겠지.”",
      "srcPage": 4,
      "srcSentenceEA": 3,
      "srcWordEA": 16
    },
    {
      "srcTextID": "1726",
      "srcText": "그 컴퓨터가 바로 ‘매킨토시’. 매킨토시는 모양도 아담하고 귀여웠지만 사용 방법도 정말 쉬웠어. 다른 컴퓨터 회사들도 잡스가 만든 방식을 따라 했지. 우리 할머니도 컴퓨터를 배울 수 있겠는걸. ",
      "srcPage": 12,
      "srcSentenceEA": 4,
      "srcWordEA": 29
    },
    {
      "srcTextID": "1728",
      "srcText": "그렇게 만들어진 컴퓨터가 바로 ‘아이맥’. 아이맥을 본 사람들은 깜짝 놀랐어. 동글동글 귀여운 모양에 속이 다 보이는 컴퓨터라니! 아이맥은 잡스가 만든 컴퓨터 가운데 가장 많이 팔린 컴퓨터야.",
      "srcPage": 14,
      "srcSentenceEA": 4,
      "srcWordEA": 29
    },
    {
      "srcTextID": "1730",
      "srcText": " 잡스는 완전히 새로운 것을 만들어서 나타났어. 휴대 전화와 컴퓨터 기능이 합쳐진 스마트폰. 잡스가 만든 스마트폰의 이름은 ‘아이폰’이야.",
      "srcPage": 16,
      "srcSentenceEA": 3,
      "srcWordEA": 21
    },
    {
      "srcTextID": "1731",
      "srcText": " 사람들은 아이폰으로 전화도 걸고, 언제 어디서나 인터넷도 할 수 있게 되었어. 마치 마술 같았지. 아이폰을 처음 팔던 날, 상점 앞은 아이폰을 사려는 사람들로 들끓었어. 전날 밤부터 와서 기다리는 사람들도 있었지. 언제나 그랬듯 쓰기 편리하고, 예쁘고, 새로웠으니까!",
      "srcPage": 17,
      "srcSentenceEA": 5,
      "srcWordEA": 41
    },
    {
      "srcTextID": "1718",
      "srcText": " 잡스의 말에 워즈니악은 눈이 휘둥그레졌어. ‘난 그저 내 컴퓨터를 갖고 싶었을 뿐인데.’ 워즈니악은 회사를 세울 생각까지 한 잡스가 놀라웠지.",
      "srcPage": 5,
      "srcSentenceEA": 3,
      "srcWordEA": 22
    },
    {
      "srcTextID": "1722",
      "srcText": "애플Ⅱ는 세상에 나오자마자 엄청난 인기를 끌었어. 너도나도 애플Ⅱ를 사서 쓰기 시작했지. 컴퓨터라는 게 이런 거구나. 나도 이다음에 써 봐야지.",
      "srcPage": 9,
      "srcSentenceEA": 4,
      "srcWordEA": 22
    },
    {
      "srcTextID": "1724",
      "srcText": "‘애플Ⅱ보다 더 쉽게 쓸 수 있는 컴퓨터를 만들 거야!’ 그래서 잡스가 생각한 것이 바로 ‘마우스’야. 그 무렵에도 마우스가 있긴 했지만 쓰기 불편하고 비싸서 아무도 거들떠보지 않았거든.",
      "srcPage": 10,
      "srcSentenceEA": 3,
      "srcWordEA": 29
    }
  ]
}