{
  "title": "고트프레드, 레고를 부탁해",
  "author": "박지연",
  "illustrator": "류주영",
  "isbn": "9791128220951",
  "readAge": "초등_고학년",
  "publishedYear": 2018,
  "publisher": "아람북스",
  "classification": "사회관계",
  "paragraphInfoCount": 16,
  "paragraphInfo": [
    {
      "srcTextID": "1735",
      "srcText": "그 장난감 공장은 고트프레드가 아버지와 함께 일군 곳이었거든. 고트프레드는 검게 그을린 나무오리를 품에 안았어. 오리뿐만 아니라 요요, 트럭, 블록까지. ",
      "srcPage": 2,
      "srcSentenceEA": 3,
      "srcWordEA": 21
    },
    {
      "srcTextID": "1738",
      "srcText": "고트프레드와 아버지는 나무 장난감보다 더 좋은 장난감을 만들고 싶었어. 새로운 장난감이나 기계가 있는 곳이라면 어디든지 달려갔지. 그러던 어느 날, 아버지가 들뜬 목소리로 말했어. ",
      "srcPage": 5,
      "srcSentenceEA": 3,
      "srcWordEA": 25
    },
    {
      "srcTextID": "1744",
      "srcText": "짠! 고트프레드는 새로운 블록을 만들었어. 뒤죽박죽이던 돌기의 크기를 똑같이 맞춘 거야. 아이들은 같은 블록으로 집도 만들고, 학교도 만들고, 병원도 만들 수 있게 되었지. ",
      "srcPage": 11,
      "srcSentenceEA": 3,
      "srcWordEA": 26
    },
    {
      "srcTextID": "1746",
      "srcText": "고트프레드는 곰곰이 생각하며 연필을 두드렸어. 톡, 톡, 콕! 바로 그때, 연필이 블록의 돌기 사이로 콕 박혔어.",
      "srcPage": 13,
      "srcSentenceEA": 3,
      "srcWordEA": 18
    },
    {
      "srcTextID": "1737",
      "srcText": " “얘야, 요즘은 플라스틱으로 온갖 물건을 다 만들더구나.” “하지만, 기계가 엄청 비쌀걸요. 우리는 나무 장난감만으로도 충분해요.” “아니야, 우리에겐 새로운 도전이 필요해.”",
      "srcPage": 6,
      "srcSentenceEA": 4,
      "srcWordEA": 21
    },
    {
      "srcTextID": "1748",
      "srcText": " “세상에서 가장 높은 탑을 쌓을 거야.” “레고 블록으로 비행기를 만들었어.” “이제는 이리저리 움직여도 무너지지 않아!” 아이들은 상상한 대로 무엇이든 만들 수 있었지.",
      "srcPage": 15,
      "srcSentenceEA": 4,
      "srcWordEA": 23
    },
    {
      "srcTextID": "1749",
      "srcText": "레고 블록의 인기는 나날이 치솟았어. 블록으로 만든 레고 랜드까지 생겼지. 블록으로 만든 기차를 타고 블록으로 만든 동물원에 가면 블록으로 만든 사자가 반겨 주니 얼마나 신기했겠어!",
      "srcPage": 16,
      "srcSentenceEA": 3,
      "srcWordEA": 27
    },
    {
      "srcTextID": "1741",
      "srcText": "고트프레드는 책상을 탁 쳤어. ‘그래, 플라스틱 장난감을 만들자!’ 그 무렵, 고트프레드의 눈에 띈 플라스틱 블록이 있었어. 나무 블록과는 다르게 볼록볼록 돌기가 튀어나와 있었지. ",
      "srcPage": 8,
      "srcSentenceEA": 4,
      "srcWordEA": 26
    },
    {
      "srcTextID": "1734",
      "srcText": "“불이야! 불이야!”  장난감 공장에서 불길이 치솟았어. 소방차가 달려왔지만, 공장은 이미 잿더미가 되고 말았지. 고트프레드는 털썩 주저앉았어.",
      "srcPage": 1,
      "srcSentenceEA": 4,
      "srcWordEA": 21
    },
    {
      "srcTextID": "1733",
      "srcText": " 지금껏 만든 장난감들이 모조리 불 속으로 사라져 버렸어. 고트프레드와 아버지는 이 무렵까지 나무 장난감을 만들었어요. 거기에 ‘레고’라는 상표를 찍어서 팔았지요.",
      "srcPage": 3,
      "srcSentenceEA": 4,
      "srcWordEA": 24
    },
    {
      "srcTextID": "1736",
      "srcText": "여러 날이 지났지만 고트프레드는 여전히 슬픔에 잠겨 있었어. 지켜보던 아버지가 고트프레드를 다독이며 말했지. “이제 그만 기운을 내야지. 공장은 다시 세우면 돼.” 아버지는 여기저기에서 도움을 받아 새로운 장난감 공장을 세웠어.",
      "srcPage": 4,
      "srcSentenceEA": 5,
      "srcWordEA": 32
    },
    {
      "srcTextID": "1739",
      "srcText": "‘플라스틱, 플라스틱이라.’ 고트프레드는 플라스틱이라는 말이 머릿속에서 맴돌았어. 책과 신문도 열심히 찾아보기 시작했지. ‘플라스틱은 가볍고, 기계로 같은 모양을 많이 만들 수 있어. 게다가 색깔이 벗겨질 걱정도 없구나.’",
      "srcPage": 7,
      "srcSentenceEA": 5,
      "srcWordEA": 30
    },
    {
      "srcTextID": "1747",
      "srcText": "고트프레드는 기가 막힌 생각이 떠올랐지. 블록의 아래쪽에 동그란 기둥을 만들어서 블록끼리 더 꽉 끼울 수 있게 했어. 이게 바로 지금 우리가 가지고 노는 ‘레고 블록’이야.",
      "srcPage": 14,
      "srcSentenceEA": 3,
      "srcWordEA": 28
    },
    {
      "srcTextID": "1740",
      "srcText": " ‘우아, 이거 대단한데?’ 고트프레드는 돌기가 있는 플라스틱 블록을 만들기로 했어. “플라스틱 블록은 가볍고, 돌기 덕분에 더 높이 쌓을 수 있어.” “나무 블록은 무겁고, 높이 쌓기 어려워.” 이때 고트프레드와 아버지가 만든 플라스틱 블록을 ‘자동 결합 블록’이라고 해요.",
      "srcPage": 9,
      "srcSentenceEA": 6,
      "srcWordEA": 40
    },
    {
      "srcTextID": "1742",
      "srcText": "고트프레드가 만든 플라스틱 블록은 불티나게 팔렸어. 하지만 아쉬운 점이 있었지. 정해진 모양대로만 블록을 쌓을 수밖에 없었거든. ",
      "srcPage": 10,
      "srcSentenceEA": 3,
      "srcWordEA": 18
    },
    {
      "srcTextID": "1745",
      "srcText": "어느 날, 전화 한 통이 걸려 왔어. “블록이 왜 이리 쉽게 무너져요? 우리 애가 울고불고 난리가 났어요.” 블록을 사 간 사람들의 불만이 점점 늘어났지. ‘더 꽉 끼울 수 있는 블록을 만들어야 해!’",
      "srcPage": 12,
      "srcSentenceEA": 5,
      "srcWordEA": 35
    }
  ]
}