{
  "title": "백조처럼 우아하게, 안나 파블로바 ",
  "author": "서진희, 하늘땅",
  "illustrator": "이진경",
  "isbn": "9791128220708",
  "readAge": "초등_고학년",
  "publishedYear": 2018,
  "publisher": "아람북스",
  "classification": "사회관계",
  "paragraphInfoCount": 24,
  "paragraphInfo": [
    {
      "srcTextID": "1822",
      "srcText": "막이 오르고 멋진 음악이 흘러나오자, 안나의 가슴은 쉴 새 없이 콩닥거렸지. 발레리나들은 나비처럼 나풀거리며 춤을 추었어. 마치 꿈을 꾸는 것만 같았지. ",
      "srcPage": 3,
      "srcSentenceEA": 3,
      "srcWordEA": 23
    },
    {
      "srcTextID": "1820",
      "srcText": " “춥지 않니?” 안나의 손을 잡고 걷던 엄마가 물었어. “아니요, 하나도 안 추워요!” 안나가 고개를 저었어.",
      "srcPage": 1,
      "srcSentenceEA": 4,
      "srcWordEA": 17
    },
    {
      "srcTextID": "1821",
      "srcText": "손발이 꽁꽁 얼어 버릴 만큼 추웠지만 안나는 아무렇지 않았어. 특별한 크리스마스 선물이 기다리고 있었으니까! 안나는 태어나서 처음으로 발레 공연을 보러 가는 중이었어. 그것도 말로만 듣던 마린스키 극장에서 말이야. ",
      "srcPage": 2,
      "srcSentenceEA": 4,
      "srcWordEA": 31
    },
    {
      "srcTextID": "1826",
      "srcText": "시험을 보는 날, 선생님들은 안나를 걱정스럽게 바라보았어. “흐음, 너무 약해 보이는데 잘할 수 있겠니?” “네! 남들보다 훨씬 더 많이 연습할게요!”",
      "srcPage": 4,
      "srcSentenceEA": 3,
      "srcWordEA": 21
    },
    {
      "srcTextID": "1846",
      "srcText": "발끝으로 오래 서 있다 보니, 발톱이 빠져 버리기도 했지. 하지만 안나는 아무리 아파도 얼굴을 찌푸리지 않았어. 그게 발레리나니까! 친구들이 한 번 뛰어오르면, 안나는 두 번 뛰어올랐어.",
      "srcPage": 7,
      "srcSentenceEA": 4,
      "srcWordEA": 29
    },
    {
      "srcTextID": "1848",
      "srcText": " “안나 좀 봐. 마치 한 마리 나비 같아.” “어쩜 저렇게 예쁘게 춤을 추지?”",
      "srcPage": 10,
      "srcSentenceEA": 3,
      "srcWordEA": 14
    },
    {
      "srcTextID": "1850",
      "srcText": "솜털처럼 가벼운 안나의 몸짓에 사람들은 넋을 잃곤 했어. 학교를 졸업한 안나는 발레단에 들어가게 되었지. 그것도 마린스키 극장의 발레단에 말이야.",
      "srcPage": 11,
      "srcSentenceEA": 3,
      "srcWordEA": 21
    },
    {
      "srcTextID": "1858",
      "srcText": "‘아, 내가 이 사람들의 가슴을 뛰게 했구나.’ ‘더 많은 사람들의 가슴을 뛰게 할 거야!’ 새로운 목표가 생긴 안나는 발레단을 만들었어.",
      "srcPage": 18,
      "srcSentenceEA": 3,
      "srcWordEA": 22
    },
    {
      "srcTextID": "1874",
      "srcText": "그 옛날 안나가 그랬던 것처럼 말이야. 소년의 이름은 프레더릭 애슈턴. 애슈턴은 자라서 세계적인 안무가가 되었어. 안나의 춤이 애슈턴의 마음속에 작은 씨앗을 심어 준 거야.",
      "srcPage": 23,
      "srcSentenceEA": 4,
      "srcWordEA": 27
    },
    {
      "srcTextID": "1847",
      "srcText": "친구들이 열 바퀴를 돌면, 안나는 열한 바퀴를 돌았지. 선생님은 안나가 걱정스러웠어. “안나, 넌 몸이 작고 가녀리니까 네 몸에 맞는 춤이 어떤 건지 생각해 보렴.”",
      "srcPage": 8,
      "srcSentenceEA": 3,
      "srcWordEA": 25
    },
    {
      "srcTextID": "1849",
      "srcText": "‘내 몸에 맞는 춤이라. 아, 나비!’ 안나는 마린스키 극장의 발레리나를 떠올렸어. 안나는 가볍게 뛰어오르며 나풀나풀 춤을 추었어. ",
      "srcPage": 9,
      "srcSentenceEA": 4,
      "srcWordEA": 20
    },
    {
      "srcTextID": "1853",
      "srcText": "하지만 안나는 만족하지 못했어. “내 춤은 아직 평범해. 어떻게 하면 나만의 춤을 출 수 있을까?”",
      "srcPage": 12,
      "srcSentenceEA": 3,
      "srcWordEA": 16
    },
    {
      "srcTextID": "1851",
      "srcText": "“안나! 정말 백조 한 마리가 내 눈앞에서 죽어 가는 줄 알았소!” 포킨은 안나의 춤에 빈사의 백조라는 이름을 붙였어. 음악에 맞춰 춤을 만드는 사람을 안무가라고 해요. 포킨이 들려준 음악은 생상스의 동물의 사육제 가운데 ‘백조’라는 곡이에요.",
      "srcPage": 13,
      "srcSentenceEA": 5,
      "srcWordEA": 39
    },
    {
      "srcTextID": "1856",
      "srcText": " 유명해진 안나는 다른 나라에도 공연을 하러 가게 되었어. 공연이 끝나자 안나가 머무는 호텔 앞까지 사람들이 몰려왔지. 어떤 사람들은 안나의 얼굴을 보려고 까치발을 하고, 어떤 사람들은 안나의 손을 잡으려고 아우성이었어.",
      "srcPage": 16,
      "srcSentenceEA": 3,
      "srcWordEA": 32
    },
    {
      "srcTextID": "1859",
      "srcText": "그리고 발레를 알리기 위해 세계 곳곳을 여행했지. 발레가 시작된 이탈리아부터 미국의 작은 도시, 인도의 산속까지 말이야. “이렇게 아름다운 춤이 발레라는 거구나!” 사람들은 발레의 매력에 빠져들었어.",
      "srcPage": 19,
      "srcSentenceEA": 4,
      "srcWordEA": 27
    },
    {
      "srcTextID": "1865",
      "srcText": "때로는 허름한 공연장에서 공연을 하기도 했어. 삐거덕거리는 무대, 비가 새는 천장, 심지어 분장실에 쥐가 드나들 때도 있었지. 사람들은 말했어. \"세계 최고의 발레리나가 이런 곳에서 공연을 한다고?\"",
      "srcPage": 20,
      "srcSentenceEA": 4,
      "srcWordEA": 28
    },
    {
      "srcTextID": "1864",
      "srcText": " 하지만 안나는 신경 쓰지 않았어. '내 춤을 보려고 기다리는 사람들이 있는걸. 이 정도는 아무렇지 않아.' 안나는 담담한 표정으로 무대에 오르곤 했지.",
      "srcPage": 21,
      "srcSentenceEA": 4,
      "srcWordEA": 24
    },
    {
      "srcTextID": "1875",
      "srcText": "안나의 발레단이 남미에 갔을 때였어. 안나의 춤을 본 한 소년은 눈이 휘둥그레졌지. ‘이게 발레구나. 아름다워.’ 발레를 본 소년의 가슴이 콩닥거렸지.",
      "srcPage": 22,
      "srcSentenceEA": 5,
      "srcWordEA": 24
    },
    {
      "srcTextID": "1876",
      "srcText": "안나는 세계 구석구석을 누볐어. 발레 공연 때문에 여행한 거리가 지구 열 바퀴를 돌고도 남았지. 발레를 알리려고 평생을 바친 셈이야. 안나의 춤은 지금도 소중한 씨앗이 되어 누군가의 마음속에서 쑥쑥 자라고 있을 거야.",
      "srcPage": 24,
      "srcSentenceEA": 4,
      "srcWordEA": 34
    },
    {
      "srcTextID": "1845",
      "srcText": "안나는 눈을 반짝이며 말했지. 그렇게 안나는 발레 학교에 들어갔어. “하나, 둘, 하나, 둘! ",
      "srcPage": 5,
      "srcSentenceEA": 3,
      "srcWordEA": 14
    },
    {
      "srcTextID": "1844",
      "srcText": "안나, 발끝을 세워!” “아냐, 아냐! 허리를 펴고 다리를 더 올려야지!” 발레는 안나가 생각했던 것보다 훨씬 더 힘들었어.",
      "srcPage": 6,
      "srcSentenceEA": 4,
      "srcWordEA": 19
    },
    {
      "srcTextID": "1855",
      "srcText": "안나는 백조가 되어 무대에 올랐어. 피아노와 첼로의 슬픈 멜로디가 흐르면, 백조는 마지막으로 한 번이라도 날기 위해 날갯짓을 했지. 하지만 힘이 없어 이내 날개를 파르르 떨었어. ",
      "srcPage": 14,
      "srcSentenceEA": 3,
      "srcWordEA": 27
    },
    {
      "srcTextID": "1854",
      "srcText": "다시 날갯짓을 해 보지만, 힘이 빠진 백조는 결국 바닥으로 스르르 무너졌지. 관객들은 안타까워 자기도 모르게 한숨을 내쉬었어. 눈물을 훔치는 사람들도 있었지.",
      "srcPage": 15,
      "srcSentenceEA": 3,
      "srcWordEA": 23
    },
    {
      "srcTextID": "1857",
      "srcText": "“안나, 안나의 춤이 나를 울렸어요.” “언제 또 당신의 춤을 볼 수 있을까요?” 안나는 처음 발레를 봤던 날의 감동이 떠올랐어. ",
      "srcPage": 17,
      "srcSentenceEA": 3,
      "srcWordEA": 20
    }
  ]
}