{
  "title": "우리 아빠 월트 디즈니",
  "author": "홍동규",
  "illustrator": "정세연",
  "isbn": "9791128220524",
  "readAge": "초등_고학년",
  "publishedYear": 2018,
  "publisher": "아람북스",
  "classification": "사회관계",
  "paragraphInfoCount": 21,
  "paragraphInfo": [
    {
      "srcTextID": "115109",
      "srcText": "\"그래! 알록달록 색을 넣어 보면 어떨까?\" 가난했던 아빠는 형에게 돈을 빌려 새로운 만화 영화를 만들었어. 검고 하얗기만 했던 세상에 푸른 하늘, 초록빛 나무, 빨간 꽃이 생겨났지.",
      "srcPage": 9,
      "srcSentenceEA": 3,
      "srcWordEA": 29
    },
    {
      "srcTextID": "115103",
      "srcText": "그때까지만 해도 만화 영화를 만들 때 소리를 넣을 수 없었거든. 고민하던 아빠는 갑자기 무릎을 탁 쳤어. \"그래, 만화 영화에 음악을 넣어야겠어!\"",
      "srcPage": 3,
      "srcSentenceEA": 3,
      "srcWordEA": 22
    },
    {
      "srcTextID": "115111",
      "srcText": "아기 돼지 삼 형제. 아기 돼지 삼 형제를 잡아먹으려고 하는 늑대를 막내 돼지가 물리쳐요. 밴드 콘서트. 지휘자 미키마우스가 친구들과 함께 멋진 음악을 들려줘요.",
      "srcPage": 11,
      "srcSentenceEA": 4,
      "srcWordEA": 26
    },
    {
      "srcTextID": "115122",
      "srcText": "\"디즈니랜드에 오신 것을 환영합니다!\" 저기 백설 공주랑 난쟁이 보이지? 미키마우스, 도널드 덕, 구피의 사인을 받아 보는 건 어때?",
      "srcPage": 19,
      "srcSentenceEA": 3,
      "srcWordEA": 20
    },
    {
      "srcTextID": "115114",
      "srcText": "아빠가 새로운 영화를 선보일 때마다 사람들은 더욱더 기대했어. \"만화 영화가 너무 짧아서 아쉬워요. 고작 7분이라니.\" 아빠는 늘 사람들 말에 귀를 기울였어.",
      "srcPage": 12,
      "srcSentenceEA": 4,
      "srcWordEA": 23
    },
    {
      "srcTextID": "115119",
      "srcText": "드디어 첫 장편 만화 영화 백설 공주와 일곱 난쟁이를 만들었어. 사람들의 반응이 정말 대단했어. \"진짜 재미있다. 이야기에 푹 빠져들었다니까!\"",
      "srcPage": 15,
      "srcSentenceEA": 4,
      "srcWordEA": 21
    },
    {
      "srcTextID": "115118",
      "srcText": "\"맞아요! 일곱 난쟁이도 정말 귀여워요.\" 아빠는 이 영화로 상도 받았어. 하지만 아빠가 가장 기뻤던 건 사람들이 아빠가 만든 영화를 보고 좋아하는 거였지. 나 백설 공주랑 닮지 않았니? 하하, 말도 안 돼! 부끄럼쟁이 난쟁이는 나랑 똑같아.",
      "srcPage": 16,
      "srcSentenceEA": 6,
      "srcWordEA": 41
    },
    {
      "srcTextID": "115123",
      "srcText": "후크 선장하고 결투해서 네가 이기면 피터 팬과 악수를 할 수 있을지도 몰라. 하하하! 디즈니랜드에 오니 다시 어린 시절로 돌아간 것 같아. 나랑 같이 춤추러 갈래? 내가 만화 영화 속 주인공이 된 기분이야!",
      "srcPage": 20,
      "srcSentenceEA": 5,
      "srcWordEA": 36
    },
    {
      "srcTextID": "115124",
      "srcText": "아빠는 꿈 같은 이야기를 현실로 만들었어. 아무리 힘들어도 포기하지 않았지. 늘 새로운 일에 도전하는 멋진 우리 아빠는 바로 월트 디즈니야!",
      "srcPage": 21,
      "srcSentenceEA": 3,
      "srcWordEA": 22
    },
    {
      "srcTextID": "115102",
      "srcText": "나는 미키마우스. 세상에서 가장 사랑받는 생쥐야. 나를 만들어 준 우리 아빠 덕분이지. 지금부터 우리 아빠 이야기를 들려줄게.",
      "srcPage": 1,
      "srcSentenceEA": 4,
      "srcWordEA": 20
    },
    {
      "srcTextID": "115104",
      "srcText": "나는 날마다 아빠가 만든 만화 영화 속에서 웃고, 뛰고, 넘어지며 신나게 놀았어. 하지만 한 가지 아쉬운 것이 있었어. 바로 흥겨운 음악!",
      "srcPage": 2,
      "srcSentenceEA": 3,
      "srcWordEA": 23
    },
    {
      "srcTextID": "115105",
      "srcText": "\"미키야, 음악 소리가 들리니? 이제 마음껏 춤춰 봐.\" 나는 아빠가 들려주는 음악에 맞춰 신나게 춤을 추었어.",
      "srcPage": 4,
      "srcSentenceEA": 3,
      "srcWordEA": 18
    },
    {
      "srcTextID": "115106",
      "srcText": "나를 보는 사람들도 덩달아 신이 났지. \"소리가 나니까 더 실감 나!\" \"나도 미키와 함께 춤추고 싶어!\"",
      "srcPage": 5,
      "srcSentenceEA": 3,
      "srcWordEA": 16
    },
    {
      "srcTextID": "115107",
      "srcText": "내 인기가 많아지니까 여기저기서 나를 데려가려고 안달이었어. 하지만 나는 아빠와 헤어지고 싶지 않았지. \"미키야, 넌 누구보다 내게 소중한 아이야. 내가 너를 지켜 줄게.\"",
      "srcPage": 6,
      "srcSentenceEA": 4,
      "srcWordEA": 25
    },
    {
      "srcTextID": "115108",
      "srcText": "월트! 제작비를 빌려 갔으면 갚아야지. 당장 갚을 수 없다면 미키마우스라도 내놓으시오. 제발 미키마우스만은 더 재미있는 만화 영화를 만들어서 꼭 갚을게요.",
      "srcPage": 7,
      "srcSentenceEA": 3,
      "srcWordEA": 23
    },
    {
      "srcTextID": "115110",
      "srcText": "아빠는 또다시 생각했어. \"미키야, 어떻게 하면 더 재미있는 만화 영화를 만들 수 있을까?\" 온종일 만화 영화만 생각하던 아빠가 갑자기 소리쳤어.",
      "srcPage": 8,
      "srcSentenceEA": 3,
      "srcWordEA": 21
    },
    {
      "srcTextID": "115112",
      "srcText": "아빠가 만든 만화 영화가 어떻게 바뀌었는지 봐! 꽃과 나무. 친구들을 괴롭히던 나쁜 나무가 벌을 받는 이야기예요. 현명한 리틀 헨. 암탉이 귀여운 병아리들과 옥수수를 심고 가꾸며 벌어지는 이야기예요.",
      "srcPage": 10,
      "srcSentenceEA": 5,
      "srcWordEA": 31
    },
    {
      "srcTextID": "115113",
      "srcText": "\"그래, 긴 만화 영화를 만들어 보겠어!\" 하지만 회사 사람들은 아빠와 생각이 달랐어. 영화를 길게 만들려면 돈이랑 시간이 많이 들거든.",
      "srcPage": 13,
      "srcSentenceEA": 3,
      "srcWordEA": 21
    },
    {
      "srcTextID": "115115",
      "srcText": "아빠는 끈질기게 사람들을 설득했지. 세상이 깜짝 놀랄 만한 작품을 만들어 봅시다! 힘들겠지만 한번 해 보자고요. 80분이 넘는 만화 영화라니 돈이 너무 많이 들어요.",
      "srcPage": 14,
      "srcSentenceEA": 4,
      "srcWordEA": 26
    },
    {
      "srcTextID": "115121",
      "srcText": "아빠는 도전을 멈추지 않았어. '사람들이 만화 주인공을 직접 만날 수 있다면 어떨까?' 아빠는 만화 속 세상을 만들기로 했어. 한참 동안 뚝딱뚝딱 놀이공원을 짓는 소리가 울려 퍼졌지.",
      "srcPage": 17,
      "srcSentenceEA": 4,
      "srcWordEA": 28
    },
    {
      "srcTextID": "115120",
      "srcText": "그렇게 만든 게 바로 디즈니랜드야! 나무 하나, 건물 모양, 바닥 색깔까지 어느 것 하나 아빠 손을 거치지 않은 것이 없었어. 꿈과 환상의 세계, 디즈니랜드!",
      "srcPage": 18,
      "srcSentenceEA": 3,
      "srcWordEA": 26
    }
  ]
}