{
  "title": "오프라 윈프리는 뭐가 달라도 달라",
  "author": "박지영",
  "illustrator": "우연이",
  "isbn": "9791128220579",
  "readAge": "초등_고학년",
  "publishedYear": 2018,
  "publisher": "아람북스",
  "classification": "사회관계",
  "paragraphInfoCount": 23,
  "paragraphInfo": [
    {
      "srcTextID": "1321",
      "srcText": "당당한 오프라의 모습이 심사 위원들의 마음을 움직였지. 오프라는 미스 불조심 대회에서 1등을 했어! 흑인 최초로 말이야! ",
      "srcPage": 13,
      "srcSentenceEA": 3,
      "srcWordEA": 18
    },
    {
      "srcTextID": "1324",
      "srcText": " 괴로워하는 어머니에게 오프라는 질문 대신 이렇게 말했지. “당신의 마음을 알아요. 아무 말씀도 하지 마세요.”",
      "srcPage": 16,
      "srcSentenceEA": 3,
      "srcWordEA": 16
    },
    {
      "srcTextID": "1327",
      "srcText": "하지만 후회하지 않았지. 다른 사람의 마음을 아프게 하면서까지 방송을 하고 싶지는 않았으니까. 세상에! 방송 기자가 인터뷰를 하면서 아무 말도 하지 말라니요. ",
      "srcPage": 18,
      "srcSentenceEA": 4,
      "srcWordEA": 24
    },
    {
      "srcTextID": "1329",
      "srcText": "오프라의 솔직한 고백에 사람들은 감동했어. 방송 전에 고민이 많았죠. 다른 유명 토크 쇼와는 다른 새로운 걸 보여 줘야 했거든요. 오프라는 그 일을 제대로 해냈어요! 방송 국장",
      "srcPage": 20,
      "srcSentenceEA": 5,
      "srcWordEA": 30
    },
    {
      "srcTextID": "1332",
      "srcText": "오프라 윈프리는 힘들 때도 꿈을 포기하지 않았어. 그리고 모두에게 솔직했지. 오프라는 절대 바꿀 수 없을 것 같았던 나쁜 습관도 하나씩 고쳐 나갔어.  괴로운 시간을 이겨 내고 솔직한 모습으로 사람들 앞에 섰지. 그래서 사람들이 오프라를 보며 살아갈 용기를 얻는지도 몰라.",
      "srcPage": 23,
      "srcSentenceEA": 5,
      "srcWordEA": 44
    },
    {
      "srcTextID": "1310",
      "srcText": "오프라 윈프리는 한 살도 되기 전에 외할머니 집에 맡겨졌어. 따로따로 사는 엄마와 아빠가 맡을 형편이 아니었거든. 어려운 가정 형편 속에서 보통 아이들처럼 사랑받으며 자라지 못했지.",
      "srcPage": 1,
      "srcSentenceEA": 3,
      "srcWordEA": 27
    },
    {
      "srcTextID": "1311",
      "srcText": "그런 오프라가 미국에서 가장 사랑받는 방송인이 되었어. 오프라는 어떻게 토크 쇼의 여왕이 되었을까? 어린 오프라는 늘 혼자였어.",
      "srcPage": 2,
      "srcSentenceEA": 3,
      "srcWordEA": 19
    },
    {
      "srcTextID": "1314",
      "srcText": "집이 너무 가난해서 오프라에게 글을 가르친 것을 빼면 해 준 게 아무것도 없어요. 그런 오프라가 사람들 앞에서 성경을 줄줄 외울 때는 정말 자랑스러웠지요. 오프라의 외할머니. 여섯 살에 엄마와 살게 된 오프라는 유치원에 가게 되었어.",
      "srcPage": 4,
      "srcSentenceEA": 4,
      "srcWordEA": 37
    },
    {
      "srcTextID": "1313",
      "srcText": "그런데 이미 다 아는 걸 가르치니까 오프라는 선생님한테 당돌한 편지를 썼지. 선생님께 저는‘코끼리’나‘하마’같은 글자 말고 더 어려운 글자도 읽고 쓸 수 있어요. 여기서는 더 배울 게 없어요.",
      "srcPage": 5,
      "srcSentenceEA": 4,
      "srcWordEA": 31
    },
    {
      "srcTextID": "1318",
      "srcText": "내가 오프라를 좀 더 일찍 데려왔더라면 좋았을 텐데. 정말 안타까웠어요. 오프라의 아빠 버논 윈프리. 오프라는 열네 살에 아빠와 함께 살게 되었어. ",
      "srcPage": 8,
      "srcSentenceEA": 4,
      "srcWordEA": 24
    },
    {
      "srcTextID": "1317",
      "srcText": "그때 오프라는 정말 엉망이었지. 나쁜 친구들과 어울려 다니며 사고만 쳤거든. 아빠는 엄격했지만 오프라를 사랑으로 대했어. ",
      "srcPage": 9,
      "srcSentenceEA": 3,
      "srcWordEA": 17
    },
    {
      "srcTextID": "1322",
      "srcText": "심사 위원들의 질문에 다른 후보들은 덜덜 떠느라 대답도 제대로 못했어. 하지만 오프라는 자신 있게 대답했지. “방송 기자가 되어 사람들에게 진실을 알리고 싶어요.”",
      "srcPage": 12,
      "srcSentenceEA": 3,
      "srcWordEA": 23
    },
    {
      "srcTextID": "1320",
      "srcText": "다른 참가자들은 예쁜 외모만 내세웠는데, 오프라는 달랐어요. 진실한 마음으로 이야기를 하는 참가자는 처음이었지요. 미스 불조심 대회 심사 위원.",
      "srcPage": 14,
      "srcSentenceEA": 3,
      "srcWordEA": 20
    },
    {
      "srcTextID": "1325",
      "srcText": "오프라는 꿈에 그리던 방송 기자가 되었어. 방송 기자는 상대방의 마음을 아프게 하는 질문을 해야 할 때도 있었지. 어느 날 아이를 잃은 어머니와 인터뷰를 할 때였어.",
      "srcPage": 15,
      "srcSentenceEA": 3,
      "srcWordEA": 27
    },
    {
      "srcTextID": "1326",
      "srcText": "방송국에서는 오프라를 나무랐지. 하라는 인터뷰는 하지 않고, 상대방 입을 막았다고 말이야. 오프라는 이 일 때문에 방송국에서 쫓겨날 뻔했어.",
      "srcPage": 17,
      "srcSentenceEA": 3,
      "srcWordEA": 20
    },
    {
      "srcTextID": "1328",
      "srcText": "얼마 뒤, 오프라는 토크 쇼를 진행하게 되었어. 오프라는 토크 쇼가 시작되자, 자신이 살아온 이야기를 담담하게 풀어 놓았지. 남들에게 쉽게 말할 수 없는 끔찍한 일까지 말이야. ",
      "srcPage": 19,
      "srcSentenceEA": 3,
      "srcWordEA": 27
    },
    {
      "srcTextID": "1331",
      "srcText": "늘 상대방이 하는 이야기를 귀 기울여 듣고 공감하는 오프라의 모습에 사람들은 끌렸지. 어느새 많은 사람들이 오프라의 토크 쇼를 보게 되었어. 마침내 오프라는 자신의 이름을 내걸고 토크 쇼를 하게 되었어.",
      "srcPage": 21,
      "srcSentenceEA": 3,
      "srcWordEA": 31
    },
    {
      "srcTextID": "1330",
      "srcText": " 오프라 윈프리 쇼는 뭐가 달라도 달랐지. 단순히 들어 주기만 하는 게 아니라, 진심으로 걱정하며 혼을 내기도 하고, 가슴 아픈 사연에 눈물 흘리기도 했어. 사람들은 오프라에게 ‘토크 쇼의 여왕’이라는 별명을 지어 주었지.",
      "srcPage": 22,
      "srcSentenceEA": 4,
      "srcWordEA": 35
    },
    {
      "srcTextID": "1312",
      "srcText": "오프라가 먹이를 주는 닭과 소만이 유일한 말동무였지. 집 안에 있는 책은 딱 한 권! 두꺼운 성경책뿐이었어. 오프라는 성경책을 달달 외워서 소에게 들려주곤 했지. ",
      "srcPage": 3,
      "srcSentenceEA": 4,
      "srcWordEA": 26
    },
    {
      "srcTextID": "1315",
      "srcText": "선생님은 깜짝 놀라서 오프라를 1학년으로 올려 보냈어. 오프라는 금세 2학년 공부까지 다 배웠지. 오프라가 아무리 똑똑해도 엄마는 별 관심이 없었어. ",
      "srcPage": 6,
      "srcSentenceEA": 3,
      "srcWordEA": 22
    },
    {
      "srcTextID": "1316",
      "srcText": "친척들도 모두 오프라를 함부로 대했지. 백인뿐인 학교에서 유일한 흑인이었던 오프라는 외로웠어. 그때부터 오프라는 조금씩 삐뚤어지기 시작했지.",
      "srcPage": 7,
      "srcSentenceEA": 3,
      "srcWordEA": 18
    },
    {
      "srcTextID": "1319",
      "srcText": "얼마 지나지 않아 오프라는 다시 똑똑하고 밝은 아이로 돌아왔지. 열일곱 살에 오프라는 미스 불조심 선발 대회에 나갔어. 날씬하고 예쁜 미인을 뽑는 대회였지. ",
      "srcPage": 10,
      "srcSentenceEA": 3,
      "srcWordEA": 24
    },
    {
      "srcTextID": "1323",
      "srcText": "흑인 참가자는 오프라 한 명뿐이었어. 하지만 오프라는 기죽지 않았지. “앞으로 어떤 인생을 살고 싶나요?”",
      "srcPage": 11,
      "srcSentenceEA": 3,
      "srcWordEA": 15
    }
  ]
}