{
  "title": "고조선은 어떤 나라였을까?",
  "author": "송아주",
  "illustrator": "김숙경",
  "isbn": "9791165955892",
  "readAge": "초등_고학년",
  "publishedYear": 2022,
  "publisher": "아람북스",
  "classification": "사회관계",
  "paragraphInfoCount": 16,
  "paragraphInfo": [
    {
      "srcTextID": "6527",
      "srcText": "하늘나라의 왕자 환웅은 사람들이 사는 세상이 궁금했어. 그래서 날마다 아버지를 졸랐지. “사람들이 사는 세상으로 내려가고 싶어요.”",
      "srcPage": 1,
      "srcSentenceEA": 3,
      "srcWordEA": 17
    },
    {
      "srcTextID": "6526",
      "srcText": "“그렇게 소원이라면 내려가거라. 가서 사람들을 널리 이롭게 해라.” 그렇게 해서 환웅은 바람 신, 비신, 구름 신을 거느리고 태백산 꼭대기 신단수 아래로 내려왔단다. ",
      "srcPage": 2,
      "srcSentenceEA": 3,
      "srcWordEA": 24
    },
    {
      "srcTextID": "6530",
      "srcText": "어느 날 곰과 호랑이가 환웅을 찾아왔어. “환웅님, 우리도 사람이 되게 해 주세요.” 환웅은 곰과 호랑이에게 쑥과 마늘을 주었지. ",
      "srcPage": 4,
      "srcSentenceEA": 3,
      "srcWordEA": 19
    },
    {
      "srcTextID": "6535",
      "srcText": "“이놈이 내 돈을 훔쳐 갔습니다.” “도둑놈을 노예로 삼아라!” “노예라고요?” 도둑질을 하면 노예가 되어야 한다. ",
      "srcPage": 10,
      "srcSentenceEA": 3,
      "srcWordEA": 15
    },
    {
      "srcTextID": "6537",
      "srcText": "풀려나려면 50만 전을 내놓아라! 고조선에는 모두 8개로 된 법이 있었는데 지금은 그중 3개만 전해진단다. 사람을 죽인 자는 사형에 처한다. ",
      "srcPage": 11,
      "srcSentenceEA": 3,
      "srcWordEA": 21
    },
    {
      "srcTextID": "6536",
      "srcText": "남을 다치게 한 자는 곡식으로 갚는다. 도둑질을 한 자는 노예로 삼는다. 노예가 되지 않으려면 벌금을 물어야 한다.",
      "srcPage": 12,
      "srcSentenceEA": 3,
      "srcWordEA": 19
    },
    {
      "srcTextID": "6538",
      "srcText": "탕탕탕! 고조선 사람들이 청동을 다듬는 소리야. 청동으로 칼도 만들고 거울도 만들었어. 솜씨가 좋았던 고조선 사람들은 동물의 털과 삼베, 비단으로 멋진 옷도 만들었어. 채소를 소금에 폭 절여 김치를 담그고 술도 담가 먹었단다.",
      "srcPage": 13,
      "srcSentenceEA": 4,
      "srcWordEA": 35
    },
    {
      "srcTextID": "6539",
      "srcText": "“왕검성을 공격하라!” 어느 날 중국의 한나라가 쳐들어왔어. 고조선 백성들은 꿋꿋이 버텼지만, 전쟁에 지친 신하들이 항복해 버렸어. 그 바람에 고조선은 역사 속으로 사라졌단다.",
      "srcPage": 14,
      "srcSentenceEA": 4,
      "srcWordEA": 25
    },
    {
      "srcTextID": "6540",
      "srcText": "고조선은 사라지고 없지만 오늘날까지도 솟대라는 풍습이 전해 내려오지. 그 옛날 고조선 사람들처럼 평화롭게 잘 살고 싶은 소망을 담아 솟대를 만드는 거야. 우리 가족의 소망을 담아 보자꾸나. ",
      "srcPage": 15,
      "srcSentenceEA": 3,
      "srcWordEA": 28
    },
    {
      "srcTextID": "6531",
      "srcText": "얼마 뒤 웅녀는 아들을 낳았는데 그 아들이 바로 단군왕검이야. 단군은 평양에 도읍을 정하고 고조선을 세웠어. 고조선 우리나라 역사에서 처음으로 등장한 나라예요.",
      "srcPage": 8,
      "srcSentenceEA": 3,
      "srcWordEA": 23
    },
    {
      "srcTextID": "6532",
      "srcText": "그러면 곰은? 어흥, 정말 맛없어서 못 먹겠군. 조금만 더 버티자. 사람이 된 곰을 사람들은 웅녀라고 불렀어.",
      "srcPage": 6,
      "srcSentenceEA": 4,
      "srcWordEA": 19
    },
    {
      "srcTextID": "6528",
      "srcText": "신단수 아래로 내려온 환웅은 신시를 세웠어. 그곳에서 사람들에게 옳고 그름을 가리는 법을 알려 주었어. 또 농사짓는 법과 병 고치는 법 등 360가지나 되는 일을 맡아 세상을 다스렸지. 사람들이 모여들고 마을은 점점 커졌어. 사람들을 이롭게 할 수 있는 세상을 만들 것이다.",
      "srcPage": 3,
      "srcSentenceEA": 5,
      "srcWordEA": 44
    },
    {
      "srcTextID": "6534",
      "srcText": "“크고 반듯한 돌을 구해야 해!” 우두머리가 죽었나 봐. 고조선 여러 마을에서는 우두머리가 죽으면 거대한 돌로 무덤을 만들었거든. 그 어마어마한 돌을 누가 옮겼느냐고? 노예들이 옮겼지. 빚을 갚지 못하거나 전쟁에서 지면 끌려가서 노예가 되었어.",
      "srcPage": 9,
      "srcSentenceEA": 6,
      "srcWordEA": 37
    },
    {
      "srcTextID": "6529",
      "srcText": "“백 일 동안 이것을 먹고 햇빛을 보지 않으면 사람이 될 것이다.” 곰과 호랑이는 쑥과 마늘을 갖고 동굴로 들어갔어. “웩, 써! 으악, 매워!” 호랑이는 얼마 못 가 동굴 밖으로 뛰쳐나갔지.",
      "srcPage": 5,
      "srcSentenceEA": 5,
      "srcWordEA": 32
    },
    {
      "srcTextID": "6533",
      "srcText": "웅녀는 신단수 아래로 가서 기도했지. “저도 아기를 갖게 해 주세요.” 기도를 들은 환웅은 웅녀와 결혼했어.",
      "srcPage": 7,
      "srcSentenceEA": 3,
      "srcWordEA": 16
    },
    {
      "srcTextID": "146942",
      "srcText": "난 우리 민족 최초의 나라 고조선을 세운 단군왕검이야. 모두 나를 ‘단군 할아버지’라고 부르지만, 고조선을 세울 때는 나도 씩씩한 청년이었지. 그때는 아주 오랜 옛날이지만 청동으로 검과 농기구도 만들어 쓸 줄 알았고, 모두 8개로 된 법도 있었단다. 바로 이 고조선으로부터 우리의 역사가 시작되지. 그런데 단군왕검이 무슨 뜻이냐고? 단군은 종교의 우두머리, 왕검은 정치의 우두머리라는 뜻이야. 이제부터 날 ‘할아버지’라고 하지 말고 ‘단군왕검’이라고 불러 줄래? 기원전 2333년 신단수 아래에서 단군왕검.",
      "srcPage": 16,
      "srcSentenceEA": 11,
      "srcWordEA": 75
    }
  ]
}