{
  "title": "바람이 만난 몽골",
  "author": "주미화",
  "illustrator": "이오",
  "isbn": "9791128214462",
  "readAge": "초등_고학년",
  "publishedYear": 2018,
  "publisher": "아람북스",
  "classification": "사회관계",
  "paragraphInfoCount": 21,
  "paragraphInfo": [
    {
      "srcTextID": "1834",
      "srcText": "사방이 조금씩 밝아 옵니다. 꼬마의 엄마가 벌써 우유를 짜 왔습니다. 우유를 끓이면 게르 꼭대기로 폴폴 연기가 나갑니다. ",
      "srcPage": 11,
      "srcSentenceEA": 3,
      "srcWordEA": 19
    },
    {
      "srcTextID": "1833",
      "srcText": "나는 난로가 꺼지지 않도록 후후 입김을 붑니다. 조금 있으면 할아버지부터 꼬마까지 둘러앉아 아침을 마실 겁니다. 그런데 할아버지의 표정이 어둡습니다. ",
      "srcPage": 12,
      "srcSentenceEA": 3,
      "srcWordEA": 21
    },
    {
      "srcTextID": "1835",
      "srcText": "다가오는 새끼를 내칠 정도로 말입니다. 그래서 할아버지가 많이 속상했던 모양입니다. 낙타는 커다란 눈을 껌벅껌벅하다가, 눈물을 주르륵 흘립니다. ",
      "srcPage": 14,
      "srcSentenceEA": 3,
      "srcWordEA": 19
    },
    {
      "srcTextID": "1838",
      "srcText": "쉭쉭거리며 난리를 피우는 바람에, 그만 큰 모래바람이 일어나고 맙니다. 말을 타고 지나가던 나그네가 황급히 말에서 내려 납작 엎드립니다. 다행히도 꼬마가 모래에 덮인 나그네를 보았습니다. ",
      "srcPage": 16,
      "srcSentenceEA": 3,
      "srcWordEA": 26
    },
    {
      "srcTextID": "1828",
      "srcText": "오늘은 한 꼬마를 만나러 갑니다. 나는 초원의 풀을 쓰다듬고 언덕을 넘습니다. 언덕 밑에서 양 떼를 몰고 온 아저씨가 쉬고 있습니다. ",
      "srcPage": 5,
      "srcSentenceEA": 3,
      "srcWordEA": 22
    },
    {
      "srcTextID": "1829",
      "srcText": "나는 또다시 초원을 가로지릅니다. 아주머니와 여자아이가 동물의 똥을 주우러 다닙니다. 사람들은 이 똥으로 불을 땝니다. ",
      "srcPage": 7,
      "srcSentenceEA": 3,
      "srcWordEA": 17
    },
    {
      "srcTextID": "1843",
      "srcText": "내가 속삭이자 아이의 얼굴에 미소가 번집니다. 그때 하늘에 예쁜 무지개가 뜹니다. 나는 여기서 이 아이와 함께 나그네를 기다릴 것입니다. ",
      "srcPage": 21,
      "srcSentenceEA": 3,
      "srcWordEA": 21
    },
    {
      "srcTextID": "1832",
      "srcText": "어느새 노란 문이 달린 게르에 도착합니다. 게르 천장을 통해 쏙 들어가자, 꼬마가 앉아 있습니다. 볼이 사과처럼 늘 발그레한데, 얼굴을 깨끗이 닦으면 꽤나 귀여운 꼬마입니다. ",
      "srcPage": 9,
      "srcSentenceEA": 3,
      "srcWordEA": 26
    },
    {
      "srcTextID": "1836",
      "srcText": "말의 슬픈 울음소리가 울려 퍼집니다. 아니, 사실은 할아버지의 마두금 소리입니다. 힘들게 새끼를 낳은 어미 낙타가 너무 아파서 괴로워합니다. ",
      "srcPage": 13,
      "srcSentenceEA": 3,
      "srcWordEA": 20
    },
    {
      "srcTextID": "1841",
      "srcText": "아저씨는 꼬마에게도 고맙다는 인사를 잊지 않습니다. 나는 미안한 마음에 나그네 주변을 어슬렁거립니다. 그런데 쉬고 있는 나그네의 얼굴이 편해 보이지 않습니다.",
      "srcPage": 18,
      "srcSentenceEA": 3,
      "srcWordEA": 22
    },
    {
      "srcTextID": "1840",
      "srcText": "“집에서 기다리고 있을 딸아이 얼굴이 떠올라, 더는 앉아 있을 수가 없습니다, 어르신. 신세 많이 지고 갑니다.” 나그네가 꾸벅 인사를 하고는 다시 길을 나섭니다. 아! 좋은 생각이 났습니다.",
      "srcPage": 19,
      "srcSentenceEA": 5,
      "srcWordEA": 31
    },
    {
      "srcTextID": "1842",
      "srcText": "나는 바람이니까 금세 나그네의 집까지 갈 수 있습니다. 나는 화살보다 더 빨리 나그네의 집에 도착합니다. “아빠가 오고 있으니까 걱정하지 마! 조금만 더 기다리면 아빠가 오실 거야.” ",
      "srcPage": 20,
      "srcSentenceEA": 4,
      "srcWordEA": 28
    },
    {
      "srcTextID": "1819",
      "srcText": "나는 몽골 땅 여기저기 안 가 본 데가 없습니다. 이리저리 다니다 보면 다른 바람과 마주칠 때도 있습니다. 그러면 바람들끼리 어우러져 놀기도 하고, 한바탕 휙휙 소란을 피우기도 합니다.",
      "srcPage": 2,
      "srcSentenceEA": 3,
      "srcWordEA": 29
    },
    {
      "srcTextID": "1839",
      "srcText": "할머니는 지친 나그네에게 따뜻한 수테 차를 건넵니다. “아휴! 감사합니다, 어르신. 딸아이가 보고 싶어서 며칠 좀 무리를 했습니다. 몸도 안 좋은데 일찍부터 서두르다 그만.” “다들 돕고 사는 거지 뭘 그러우. 며칠 푹 쉬었다 가구려.”",
      "srcPage": 17,
      "srcSentenceEA": 6,
      "srcWordEA": 37
    },
    {
      "srcTextID": "1824",
      "srcText": "밤이 되면 사람들은 우리를 피해 게르 안으로 들어가고, 아기 염소는 따뜻한 엄마 품에 파고듭니다. 깜깜해진 초원에서 우리만 남아 힘자랑을 합니다. “나는 몽골의 영웅 칭기즈 칸을 알아! 꼬마 칭기즈 칸이 처음 말타기를 배운 날이었지. ",
      "srcPage": 3,
      "srcSentenceEA": 4,
      "srcWordEA": 35
    },
    {
      "srcTextID": "1823",
      "srcText": "나는 한눈에 씩씩한 사내아이를 알아보고 말을 탈 때마다 매서운 입김을 불었지. 사내아이는 내 입김을 견디며 점점 용감해졌어. 그래서 어른이 되어서 바람처럼 씩씩하게 이곳저곳을 누비고 다녔는지도 몰라.”오늘따라 다른 바람들이 내 이야기에 귀를 기울입니다. ",
      "srcPage": 4,
      "srcSentenceEA": 4,
      "srcWordEA": 35
    },
    {
      "srcTextID": "1830",
      "srcText": "똥을 바짝 말리는 건 내가 하는 일 중 하나입니다. 사실 똥을 말리는 일은 하나도 재미없습니다. 그래서 지금 낙타가 막 싸 놓고 간 똥을 보고 고민합니다. 말릴까, 말까?",
      "srcPage": 8,
      "srcSentenceEA": 4,
      "srcWordEA": 30
    },
    {
      "srcTextID": "1818",
      "srcText": "나는 몽골 바람입니다. 몽골은 끝없이 펼쳐진 초원의 나라, 가도 가도 끝이 없는 사막의 나라입니다. 나는 몽골 바람입니다.",
      "srcPage": 1,
      "srcSentenceEA": 3,
      "srcWordEA": 19
    },
    {
      "srcTextID": "1827",
      "srcText": "나는 먼지와 냄새를 가지고 아저씨를 간질입니다. 아저씨는 ‘에취!’ 재채기를 하고서 가만히 나를 살핍니다. “음, 오늘 저녁에는 북쪽에서 센바람이 불겠군!”",
      "srcPage": 6,
      "srcSentenceEA": 4,
      "srcWordEA": 21
    },
    {
      "srcTextID": "1831",
      "srcText": "나는 꼬마의 옷 사이사이로 파고듭니다. 그러자 곧 옷이 마술처럼 뽀송뽀송해집니다. 나는 오늘 할 일을 다 마쳤습니다. ",
      "srcPage": 10,
      "srcSentenceEA": 3,
      "srcWordEA": 18
    },
    {
      "srcTextID": "1837",
      "srcText": "새끼 낙타는 그제야 엄마 품에 안길 수 있습니다. 언덕 위로 해가 이마를 내밉니다. 바람들이 서로 먼저 해를 보겠다고 솟아오릅니다. ",
      "srcPage": 15,
      "srcSentenceEA": 3,
      "srcWordEA": 21
    }
  ]
}