{
  "title": "아기 생쥐를 부탁해!",
  "author": "주득회",
  "illustrator": "묘금도",
  "isbn": "9791157590766",
  "readAge": "초등_고학년",
  "publishedYear": 2015,
  "publisher": "아람북스",
  "classification": "사회관계",
  "paragraphInfoCount": 16,
  "paragraphInfo": [
    {
      "srcTextID": "125763",
      "srcText": "고양이는 혀를 날름거리더니 곰곰이 생각했어요. ‘이걸 먹어 봤자 한 입 거리도 안 될 테고, 엄마 생쥐도 달아나 버릴 텐데 어떻게 한담?’ 그러고는 혼잣말로 중얼거렸지요. “커다란 생선 한 마리만 있으면, 요 자그마한 생쥐는 먹을 필요도 없는데.”",
      "srcPage": 2,
      "srcSentenceEA": 4,
      "srcWordEA": 37
    },
    {
      "srcTextID": "125765",
      "srcText": "고양이의 말에 엄마 생쥐는 냉큼 대답했어요. “내가 생선을 구해 줄 테니, 내 아기를 살려 줘.” 그 순간 고양이에게 번쩍하고 좋은 생각이 떠올랐어요.",
      "srcPage": 3,
      "srcSentenceEA": 3,
      "srcWordEA": 23
    },
    {
      "srcTextID": "125769",
      "srcText": "그러자 갈색 고양이는 생선을 놓아두고 엄마 생쥐를 쫓았지요. 엄마 생쥐는 여기저기 부딪히기도 하고, 갈색 고양이의 발톱에 상처가 나기도 했어요. 그러다 겨우겨우 갈색 고양이를 따돌린 뒤 생선을 물고 도망쳤어요.",
      "srcPage": 8,
      "srcSentenceEA": 3,
      "srcWordEA": 30
    },
    {
      "srcTextID": "125776",
      "srcText": "어느 날 고양이가 잠자고 있는데, 포근한 느낌이 들었어요. ‘가슴이 따뜻해. 이런 기분은 처음이야.’ 고양이는 살포시 눈을 떴어요. 놀랍게도 고양이 품속에서 아기 생쥐가 새근새근 자고 있었어요. 고양이는 깨울까 말까 하다가 그냥 두기로 했어요.",
      "srcPage": 11,
      "srcSentenceEA": 6,
      "srcWordEA": 37
    },
    {
      "srcTextID": "125778",
      "srcText": "“감히 내 생쥐를 건드려?” 때마침 돌아온 고양이는 날카로운 발톱을 휘두르며 도둑고양이에게 달려들었어요. “캬르릉, 캬옹!” “캭!”",
      "srcPage": 13,
      "srcSentenceEA": 3,
      "srcWordEA": 16
    },
    {
      "srcTextID": "125762",
      "srcText": "찬 바람이 쌩쌩 부는 어느 날, 배고픈 아기 생쥐가 쓰레기를 뒤지고 있었어요. 갑자기 오싹한 느낌이 들어 뒤를 보니 커다란 고양이가 아기 생쥐의 꼬리를 누르고 있지 뭐예요. 엄마 생쥐도 그 모습을 보고 깜짝 놀랐지요.",
      "srcPage": 1,
      "srcSentenceEA": 3,
      "srcWordEA": 35
    },
    {
      "srcTextID": "125766",
      "srcText": "그렇게 해서 엄마 생쥐는 날마다 고양이에게 줄 생선을 구하러 다녔어요. 생선 가게를 기웃거리다 주인에게 들켜 쫓겨나기도 하고, 어떤 날은 다른 고양이에게 잡힐 뻔도 했지요. 그래도 날마다 생선을 구해서 고양이에게 가져다주었어요.",
      "srcPage": 5,
      "srcSentenceEA": 3,
      "srcWordEA": 32
    },
    {
      "srcTextID": "125775",
      "srcText": "엄마 생쥐가 나타나자, 고양이는 깜짝 놀랐어요. 엄마 생쥐의 몸이 상처투성이였거든요. 쩝쩝거리며 생선을 먹을 때는 조금 미안하기도 했어요.",
      "srcPage": 9,
      "srcSentenceEA": 3,
      "srcWordEA": 19
    },
    {
      "srcTextID": "125774",
      "srcText": "‘그래도 난 아기 생쥐를 책임지고 있잖아? 내가 없었더라면 벌써 다른 고양이에게 잡아먹혔을 거야.’ 생선을 맛나게 먹어 치운 고양이는 한숨 자려고 누웠다가, 비쩍 말라 버린 엄마 생쥐와 아기 생쥐를 보았어요. ‘에이, 몰라.’ 고양이는 왠지 기분이 찜찜해서 눈을 감아 버렸어요.",
      "srcPage": 10,
      "srcSentenceEA": 5,
      "srcWordEA": 42
    },
    {
      "srcTextID": "125779",
      "srcText": "결국, 도둑고양이는 꽁무니를 빼고 달아났어요. 고양이는 얼른 아기 생쥐를 살펴보았어요. 다행히 아기 생쥐는 다친 곳이 없었어요.",
      "srcPage": 14,
      "srcSentenceEA": 3,
      "srcWordEA": 18
    },
    {
      "srcTextID": "125780",
      "srcText": "마침 생선을 구해 돌아오던 엄마 생쥐가 그 모습을 보았어요. “네가 내 아기를 구해 주었구나! 고양이야, 고마워. 정말 고마워.” 고양이는 갑자기 얼굴이 빨개졌어요. “무, 무슨 소리야? 아기 생쥐가 있어야 네가 생선을 구해 올 거 아니야?”",
      "srcPage": 15,
      "srcSentenceEA": 7,
      "srcWordEA": 38
    },
    {
      "srcTextID": "125781",
      "srcText": "그 후로 아기 생쥐는 틈만 나면 고양이를 졸졸 따라다녔어요. 고양이의 수염을 잡아당기기도 하고, 꼬리를 미끄럼틀 삼아 놀기도 했어요. 그래도 고양이는 귀찮아하지 않았어요. 엄마 생쥐가 나가면 몰래 남겨 둔 생선을 아기 생쥐에게 먹이기까지 했지요. 아주 오랫동안 생쥐 가족과 고양이는 함께 살았답니다.",
      "srcPage": 16,
      "srcSentenceEA": 5,
      "srcWordEA": 44
    },
    {
      "srcTextID": "125777",
      "srcText": "다음 날 고양이가 밖에 나간 사이에, 아기 생쥐가 있는 창고로 도둑고양이가 들어왔어요. “찍찍, 찍찍!” 깜짝 놀란 아기 생쥐는 달아나며 소리를 질렀어요. “캬오!” 도둑고양이가 아기 생쥐를 낚아채서 입에 넣으려는 순간이었어요.",
      "srcPage": 12,
      "srcSentenceEA": 4,
      "srcWordEA": 31
    },
    {
      "srcTextID": "125764",
      "srcText": "“네가 날마다 생선을 가져다주면 내가 네 아기를 보살펴 줄게. 어때?” “고양이 네가?” “물론이야. 밥도 챙겨 주고, 다른 고양이들이 얼씬대지 못하게 돌봐 주면 되잖아.”",
      "srcPage": 4,
      "srcSentenceEA": 4,
      "srcWordEA": 25
    },
    {
      "srcTextID": "125768",
      "srcText": "고양이는 아기 생쥐를 잘 돌보았을까요? 그러지는 않았어요. 아기 생쥐가 울어도, 배고프다고 칭얼거려도 고양이는 본체만체했어요. 심심할 때는 아기 생쥐를 발로 툭툭 차기까지 했지요.",
      "srcPage": 6,
      "srcSentenceEA": 4,
      "srcWordEA": 25
    },
    {
      "srcTextID": "125770",
      "srcText": "하루는 엄마 생쥐가 저녁때까지 생선을 구하지 못했어요. 그때, 갈색 고양이가 생선을 물고 지나가는 게 보였어요. 엄마 생쥐는 일부러 갈색 고양이 앞을 휙 하고 지나갔어요.",
      "srcPage": 7,
      "srcSentenceEA": 3,
      "srcWordEA": 26
    }
  ]
}