{
  "title": "비싸도 잘 팔리는 동이네 감자",
  "author": "조은경",
  "illustrator": "김민주",
  "isbn": "9791165957346",
  "readAge": "초등_고학년",
  "publishedYear": 2023,
  "publisher": "아람북스",
  "classification": "사회관계",
  "paragraphInfoCount": 18,
  "paragraphInfo": [
    {
      "srcTextID": "4256",
      "srcText": "동이는 큰 소리로 감잣값을 외쳤어요. “어머, 저쪽보다 훨씬 싸네?” “알도 훨씬 굵어. 이렇게 싼 감자는 처음 봐.” 어느새 사람들은 동이네 감자 앞으로 모여들었어요. ",
      "srcPage": 7,
      "srcSentenceEA": 5,
      "srcWordEA": 25
    },
    {
      "srcTextID": "4268",
      "srcText": "“녹차 감자가 왔어요. 녹차 성분이 들어 있는 녹차 감자! 맛도 좋고 영양도 좋은 녹차 감자가 한 바구니에 5,000원!” 시장에 나간 동이는 큰 소리로 외쳤어요.",
      "srcPage": 16,
      "srcSentenceEA": 4,
      "srcWordEA": 27
    },
    {
      "srcTextID": "4270",
      "srcText": "동이는 일꾼을 써서 더 많은 녹차 감자를 심고 가꾸었어요. 동이의 녹차 감자는 시장에서 가장 비쌌지만, 사려는 사람이 많아 무척 잘 팔렸어요. ‘또 어떤 감자를 만들어 볼까?’ 밭을 일구던 동이는 신이 나서 콧노래를 불렀어요. ",
      "srcPage": 18,
      "srcSentenceEA": 4,
      "srcWordEA": 36
    },
    {
      "srcTextID": "4253",
      "srcText": " 큰 감자들이 줄줄이 나왔거든요. 동이는 덩실덩실 춤이라도 추고 싶었어요. 동이는 수레에 감자를 가득 싣고 시장으로 갔어요.",
      "srcPage": 3,
      "srcSentenceEA": 3,
      "srcWordEA": 19
    },
    {
      "srcTextID": "4254",
      "srcText": " ‘감자를 다 팔면 큰돈을 벌게 될 거야.’ 동이는 생각만 해도 즐거웠어요. 시장에 도착한 동이는 한쪽에 자리를 잡고 장사를 시작했어요. ",
      "srcPage": 4,
      "srcSentenceEA": 3,
      "srcWordEA": 22
    },
    {
      "srcTextID": "4255",
      "srcText": "그런데 감자를 얼마에 팔아야 할지 고민이 되었어요. 다른 장사꾼들을 엿보니 감자 한 바구니를 3,000원에 팔고 있었지요. 동이는 곰곰이 생각했어요. ",
      "srcPage": 5,
      "srcSentenceEA": 3,
      "srcWordEA": 21
    },
    {
      "srcTextID": "4266",
      "srcText": "동이의 얼굴이 금세 밝아졌어요. 동이는 감자 모종을 심고 녹차의 좋은 성분을 넣은 값비싼 비료도 뿌렸어요. 몇 달이 지난 뒤, 동이는 열심히 키운 녹차 감자를 캐러 밭으로 갔어요.",
      "srcPage": 15,
      "srcSentenceEA": 3,
      "srcWordEA": 29
    },
    {
      "srcTextID": "4269",
      "srcText": "감자를 사려는 사람들이 하나둘 모여들었어요. “녹차 감자? 거참 신기하구먼!” “다른 감자보다 맛도 더 좋을 것 같은데?” 점점 녹차 감자를 찾는 사람들이 많아졌어요.",
      "srcPage": 17,
      "srcSentenceEA": 5,
      "srcWordEA": 24
    },
    {
      "srcTextID": "4252",
      "srcText": "감자를 캘 때가 되자 동이는 호미를 들고 밭으로 갔어요. 그동안 잘 가꾸지 못해서 제대로 된 감자가 나올 리 없다고 생각했지만, 혹시 하는 마음에 열심히 호미질했어요. 그런데 우아! 세상에! 감자를 캐던 동이의 입이 쩍 벌어졌어요.",
      "srcPage": 2,
      "srcSentenceEA": 5,
      "srcWordEA": 38
    },
    {
      "srcTextID": "4257",
      "srcText": "아무래도 같은 값으로는 감자를 다 팔기 어려울 것 같았어요. 그리고 조금 싸게 팔아도 문제 될 게 없다고 생각했지요. \n“알이 굵고 맛있는 감자가 한 바구니에 1,000원!”",
      "srcPage": 6,
      "srcSentenceEA": 3,
      "srcWordEA": 26
    },
    {
      "srcTextID": "4264",
      "srcText": "동이는 곰곰이 사람들이 했던 말을 떠올려 보았어요. “맞아. 더 비싼 값에 팔려면, 뭔가 특별한 감자여야만 해.” 동이의 고민은 풀릴 듯 말 듯 했어요. 감자에 금이 들었나? 비싸서 살 수가 있나!",
      "srcPage": 13,
      "srcSentenceEA": 5,
      "srcWordEA": 34
    },
    {
      "srcTextID": "4259",
      "srcText": "동이에게 손님을 빼앗긴 다른 장사꾼들은 씩씩거리며 동이를 흘겨보고 있었지요. 결국 화가 난 장사꾼들이 동이한테 몰려왔어요. “난 많은 돈을 들여서 비료를 샀어.”",
      "srcPage": 8,
      "srcSentenceEA": 3,
      "srcWordEA": 22
    },
    {
      "srcTextID": "4250",
      "srcText": "“헉, 이게 뭐야?” 동이의 두 눈이 동그래졌어요. 여기도 똥 저기도 똥, 동이의 감자밭은 온통 똥 밭이었어요. 그동안 바쁜 일이 있어서 밭을 가꾸지 않았더니 개들이 마음껏 볼일을 본 모양이에요. ",
      "srcPage": 1,
      "srcSentenceEA": 4,
      "srcWordEA": 31
    },
    {
      "srcTextID": "4262",
      "srcText": "동이는 한마디도 하지 못했어요. ‘그럼 내 감자가 더 크니까 값을 올리지, 뭐.’ 다음 날 시장으로 간 동이는 목이 터져라 외쳤어요.",
      "srcPage": 9,
      "srcSentenceEA": 3,
      "srcWordEA": 22
    },
    {
      "srcTextID": "4260",
      "srcText": " “어른 주먹만 한 감자가 한 바구니에 5,000원! 어서 와서 구경하세요!” 사람들이 하나둘 모여들었어요. 그런데 이번에는 감자를 사러 온 사람들이 화를 냈어요.",
      "srcPage": 10,
      "srcSentenceEA": 4,
      "srcWordEA": 24
    },
    {
      "srcTextID": "4261",
      "srcText": "그런데 이번에는 감자를 사러 온 사람들이 화를 냈어요. “감자에 금이 들었나? 왜 이렇게 비싸?” “감자가 여기밖에 없나? 다른 데 가서 사야겠네.” ",
      "srcPage": 11,
      "srcSentenceEA": 5,
      "srcWordEA": 23
    },
    {
      "srcTextID": "4263",
      "srcText": "감자를 사러 온 사람들은 하나같이 투덜거렸어요. 동이는 머릿속이 뒤죽박죽되어 버렸어요. ‘대체 가격을 어떻게 정해야 하는 거야?’ ",
      "srcPage": 12,
      "srcSentenceEA": 3,
      "srcWordEA": 18
    },
    {
      "srcTextID": "4265",
      "srcText": "답답해진 동이는 시원한 녹차 한 잔을 벌컥벌컥 들이켰어요. 바로 그때 동이의 머릿속에 좋은 생각이 떠올랐어요. “그래! 바로 이거야! 녹차 감자를 만들어 파는 거야!” ",
      "srcPage": 14,
      "srcSentenceEA": 4,
      "srcWordEA": 26
    }
  ]
}