{
  "title": "만약에 법이 없다면?",
  "author": "김평",
  "illustrator": "홍성지",
  "isbn": "9791165957445",
  "readAge": "초등_고학년",
  "publishedYear": 2023,
  "publisher": "아람북스",
  "classification": "사회관계",
  "paragraphInfoCount": 27,
  "paragraphInfo": [
    {
      "srcTextID": "4808",
      "srcText": "“좋아, 만약 법이 없다면 신호등도 필요 없고, 자동차도 마음대로 달릴 수 있어. 하지만 어떤 문제가 생기게 될까?” 맹꽁이경찰관이 말했어요. “차들이 먼저 가려고 하다가 여기저기서 사고가 날 것 같아요. 그러면 무서워서 차도 못 타잖아요.” ",
      "srcPage": 14,
      "srcSentenceEA": 5,
      "srcWordEA": 36
    },
    {
      "srcTextID": "4794",
      "srcText": "“힘이 세다고 마음대로 하면 안 돼. 이 세상에는 법이란 게 있다고.” “법? 그런 게 어딨어!” ",
      "srcPage": 3,
      "srcSentenceEA": 3,
      "srcWordEA": 17
    },
    {
      "srcTextID": "4795",
      "srcText": "덩치가 맹꽁이에게 주먹을 휘두르자 맹꽁이는 도망쳤지요. 덩치는 화가 나서 씩씩거리며 맹꽁이를 쫓아갔어요. 토란이도 흙을 털고 부지런히 따라갔어요.",
      "srcPage": 4,
      "srcSentenceEA": 3,
      "srcWordEA": 19
    },
    {
      "srcTextID": "4797",
      "srcText": "맹꽁이는 폴짝폴짝 공원 밖으로 뛰어갔어요. 덩치와 토란이도 맹꽁이를 쫓아갔어요. 둘은 숨이 차서 더 이상 달리기 힘들었어요. ",
      "srcPage": 5,
      "srcSentenceEA": 3,
      "srcWordEA": 18
    },
    {
      "srcTextID": "4796",
      "srcText": "“안됐다, 빨간불이네. 메롱!” 횡단보도 건너편에서 맹꽁이가 덩치의 약을 올렸어요. “너 가만 안 둬!” 덩치는 빨간불인데도 횡단보도로 뛰어들었어요. ",
      "srcPage": 6,
      "srcSentenceEA": 5,
      "srcWordEA": 20
    },
    {
      "srcTextID": "4799",
      "srcText": "그때 맹꽁이경찰관이 다가왔어요.  “신호를 지키지 않았으니 벌금을 내라.” 덩치는 깜짝 놀랐어요",
      "srcPage": 8,
      "srcSentenceEA": 3,
      "srcWordEA": 12
    },
    {
      "srcTextID": "4791",
      "srcText": "“내 거야!” 토란이가 장난감 자동차를 꼭 붙잡았어요. 그런데 힘이 센 덩치가 빼앗았어요. “메롱! 이제 이건 내 거다! 난 빨간색 자동차를 좋아하거든.” 덩치가 혀를 쏙 내밀며 약을 올렸어요.",
      "srcPage": 1,
      "srcSentenceEA": 6,
      "srcWordEA": 32
    },
    {
      "srcTextID": "4793",
      "srcText": "“누구야? 내 마음대로 하는데 누가 상관하는 거야?” 덩치가 입을 실룩거리며 노려보았어요. 풀숲에서 맹꽁이 한 마리가 고개를 쑥 내밀었어요. ",
      "srcPage": 2,
      "srcSentenceEA": 3,
      "srcWordEA": 21
    },
    {
      "srcTextID": "4800",
      "srcText": "끽! 하마터면 차에 치일 뻔했지요. “후유, 큰일 날 뻔했다.” 덩치가 놀라 한숨을 내쉬었어요. ",
      "srcPage": 7,
      "srcSentenceEA": 3,
      "srcWordEA": 15
    },
    {
      "srcTextID": "4802",
      "srcText": "“내가 무슨 잘못을 했다고 벌금을 내라는 거야?” 덩치는 마구 화를 냈어요. “교통 신호를 지키는 것은 우리 모두의 약속이야. 누구나 반드시 지켜야 한다고.” 맹꽁이가 타이르듯 말했지요. ",
      "srcPage": 10,
      "srcSentenceEA": 5,
      "srcWordEA": 28
    },
    {
      "srcTextID": "4798",
      "srcText": "“법을 어기면 그 대가를 치러야 하는 거야.” 맹꽁이가 고소하다는 듯이 말했지요. “벌금? 난 돈이 없는데.”",
      "srcPage": 9,
      "srcSentenceEA": 3,
      "srcWordEA": 17
    },
    {
      "srcTextID": "4804",
      "srcText": "“말도 안 돼, 눈에 보이지도 않는 법 타령 그만하란 말이야.” 덩치는 맹꽁이에게 또 주먹을 쥐어 보였지만, 맹꽁이는 아랑곳하지 않고 두꺼운 책을 꺼내 들었어요.  “너야말로 주먹 타령 그만하고 법 좀 보란 말이야. 이 법전에 모든 법이 적혀 있다고!” ",
      "srcPage": 11,
      "srcSentenceEA": 4,
      "srcWordEA": 39
    },
    {
      "srcTextID": "4805",
      "srcText": "토란이의 눈이 동그래졌어요. “우아, 정말 두껍다.” “사람들이 살면서 서로 지켜야 할 약속이 많아서 그래.” ",
      "srcPage": 12,
      "srcSentenceEA": 3,
      "srcWordEA": 14
    },
    {
      "srcTextID": "4806",
      "srcText": "“덩치야, 만약에 법이 없다면 어떻게 될지 생각해 봐.” 맹꽁이경찰관이 덩치에게 말했어요. “법이 없으면 좋지요. 뭐든 내 마음대로 해도 되고, 벌금을 안 내도 되잖아요. 생각만 해도 기분이 좋아요.” 덩치가 큰 목소리로 말했어요. ",
      "srcPage": 13,
      "srcSentenceEA": 6,
      "srcWordEA": 35
    },
    {
      "srcTextID": "4811",
      "srcText": "“이런 경우도 한번 생각해 보자. 어떤 회사의 사장이 공장 쓰레기를 몰래 산에다 버렸어. 얼마 뒤에 그 마을 지하수가 오염돼서 물고기들이 죽고, 이상한 병에 걸린 사람도 많아졌어.” ",
      "srcPage": 18,
      "srcSentenceEA": 3,
      "srcWordEA": 28
    },
    {
      "srcTextID": "4815",
      "srcText": "“그, 그럼 난 그동안 아무것도 못 먹고, 세수도 못 하겠네.” 덩치는 얼굴을 찌푸렸어요. “법이 있으면 누가 날 계속 도와줄 수 있는 거예요?” “물론이지. 어려운 사람들을 도와주는 법이 있거든.”",
      "srcPage": 21,
      "srcSentenceEA": 4,
      "srcWordEA": 30
    },
    {
      "srcTextID": "4816",
      "srcText": "“에이, 그럼 법은 있어야겠네! 아까 말한 거 다 취소예요, 취소! 도둑이나 나쁜 사장은 벌을 받고, 어려운 사람들도 계속 도와야 한다고요.” “그럼 벌금은?” 벌금 이야기에 얼굴이 빨개져서 아무 말도 못 하는 덩치를 보고 모두 한바탕 웃어 댔어요.",
      "srcPage": 22,
      "srcSentenceEA": 5,
      "srcWordEA": 39
    },
    {
      "srcTextID": "4813",
      "srcText": " “에이, 말도 안 돼요. 만약 그렇더라도 누가 나를 도와주면 되잖아요?” 덩치가 흥분해서 소리쳤어요. “그럴 수도 있지. 그런데 그 사람이 갑자기 바빠져서 한 달 동안 못 오면 어떻게 될까?”",
      "srcPage": 20,
      "srcSentenceEA": 5,
      "srcWordEA": 31
    },
    {
      "srcTextID": "4818",
      "srcText": "“아저씨, 그러니까 법은 벌금을 안 내려고 지키는 게 아니라 서로 편하고 행복하게 살기 위해 지키는 거네요?” 맹꽁이가 어깨를 으쓱거리며 말했어요. “법이란 게 생각보다 좋네.” 덩치가 혼잣말을 했어요. ",
      "srcPage": 23,
      "srcSentenceEA": 4,
      "srcWordEA": 29
    },
    {
      "srcTextID": "4822",
      "srcText": "덩치의 말에 맹꽁이경찰관은 빙그레 웃었어요. “이곳에 처음 온 손님이니까 이번 한 번만 봐줄게.” 덩치는 토란이와 나란히 어깨동무하며 돌아왔어요. ",
      "srcPage": 26,
      "srcSentenceEA": 3,
      "srcWordEA": 19
    },
    {
      "srcTextID": "4820",
      "srcText": " “토란아, 힘으로 뭘 빼앗으려는 친구가 있으면, 바로 나한테 알려 줘.” “알려 주면?” “내가 법에 대해서 자세히 이야기해 주게.” 덩치와 토란이의 웃음소리가 공원에 울려 퍼졌어요. ",
      "srcPage": 27,
      "srcSentenceEA": 4,
      "srcWordEA": 25
    },
    {
      "srcTextID": "4807",
      "srcText": "“마음 놓고 길을 건널 수도 없을 것 같아요.” 토란이와 맹꽁이의 말에 덩치는 시무룩해졌지요. “그래, 교통사고가 나고 사람들도 많이 다치겠지.” ",
      "srcPage": 15,
      "srcSentenceEA": 3,
      "srcWordEA": 20
    },
    {
      "srcTextID": "4810",
      "srcText": "“집에 도둑이 들었을 때는 어떻게 하지?” “난 힘이 세니까 도둑쯤은 무섭지 않아요.” 덩치가 으스대며 말했어요. “도둑이 너보다 훨씬 큰 사람이라면? ” 맹꽁이가 날카로운 질문을 했지요. ",
      "srcPage": 16,
      "srcSentenceEA": 5,
      "srcWordEA": 26
    },
    {
      "srcTextID": "4809",
      "srcText": "“그럼 경찰관을 부를까?” “법이 없는데 어떻게 부르니?” 토란이가 말했어요. “법이 없으면 경찰관도 못 부른단 말이야?”",
      "srcPage": 17,
      "srcSentenceEA": 4,
      "srcWordEA": 16
    },
    {
      "srcTextID": "4812",
      "srcText": "맹꽁이경찰관의 말이 채 끝나기도 전에 덩치가 말했어요. “그 사장 정말 나쁘네!” “하지만 법이 없잖아?”",
      "srcPage": 19,
      "srcSentenceEA": 3,
      "srcWordEA": 14
    },
    {
      "srcTextID": "4821",
      "srcText": "덩치는 무언가 결심한 듯, 얼른 빨간색 자동차를 토란이에게 돌려주었어요. “토란아, 정말 미안했어. 경찰관 아저씨, 벌금은 용돈을 모아서 드릴게요.” ",
      "srcPage": 25,
      "srcSentenceEA": 3,
      "srcWordEA": 19
    },
    {
      "srcTextID": "4817",
      "srcText": " “진짜요?” “걱정 마, 법은 영원한 게 아니야. 조금씩 고칠 수 있어. 그리고 시대에 따라 필요한 법을 새로 만들 수도 있단다.” “후유, 정말 다행이다.” 아이들은 고개를 끄덕였어요. ",
      "srcPage": 24,
      "srcSentenceEA": 5,
      "srcWordEA": 29
    }
  ]
}