{
  "title": "겁쟁이 호랑이",
  "author": "윤지연",
  "illustrator": "박소현",
  "isbn": "9791165433680",
  "readAge": "초등_고학년",
  "publishedYear": 2021,
  "publisher": "아람키즈",
  "classification": "사회관계",
  "paragraphInfoCount": 18,
  "paragraphInfo": [
    {
      "srcTextID": "10133",
      "srcText": "“뭐? 지진이 일어난다고?” 멧돼지는 깜짝 놀라 바위에 코를 세게 찧고 말았어. “나도 얼른 도망가야지.” 멧돼지도 호랑이와 사슴과 함께 달리기 시작했어.",
      "srcPage": 7,
      "srcSentenceEA": 4,
      "srcWordEA": 23
    },
    {
      "srcTextID": "10126",
      "srcText": "겁쟁이 호랑이가 먹이를 찾아 숲속을 어슬렁거리고 있었어. 그때 갑자기 ‘툭툭’ 소리가 들렸어. “이게 무슨 소리지?” ",
      "srcPage": 1,
      "srcSentenceEA": 4,
      "srcWordEA": 17
    },
    {
      "srcTextID": "10127",
      "srcText": "아까보다 더 큰 소리였어. “으악! 이건 지진이 분명해. 땅이 갈라지고 산이 무너지는 소리야!” 호랑이는 뒤도 돌아보지 않고 달리기 시작했어. ",
      "srcPage": 3,
      "srcSentenceEA": 4,
      "srcWordEA": 22
    },
    {
      "srcTextID": "10131",
      "srcText": "호랑이는 한참을 달리고 또 달렸어. 그러다 개울가에서 사슴을 만났어. “호랑이야, 어딜 그렇게 서둘러 가니?”",
      "srcPage": 4,
      "srcSentenceEA": 3,
      "srcWordEA": 15
    },
    {
      "srcTextID": "10134",
      "srcText": "그러다 자갈밭에서 멧돼지를 만났어. “사슴아, 무슨 일이야?” “숲에 지진이 일어나려고 해.” ",
      "srcPage": 6,
      "srcSentenceEA": 3,
      "srcWordEA": 11
    },
    {
      "srcTextID": "10136",
      "srcText": "호랑이와 사슴과 멧돼지는 달리고 또 달렸어. 그러다 진흙탕에서 코뿔소를 만났지. “멧돼지야, 왜 그렇게 달리는 거야?”",
      "srcPage": 8,
      "srcSentenceEA": 3,
      "srcWordEA": 16
    },
    {
      "srcTextID": "10138",
      "srcText": "코뿔소도 호랑이와 사슴과 멧돼지와 함께 달리기 시작했어. 그 뒤로 꽃밭에서 놀던 쌍둥이 코끼리도 함께 달렸고, 풀밭에서 낮잠을 자던 사자도 함께 달렸어. 산책하던 토끼가 이 모습을 보았어.",
      "srcPage": 10,
      "srcSentenceEA": 3,
      "srcWordEA": 28
    },
    {
      "srcTextID": "10140",
      "srcText": "“누가 그런 소리를 해?” “코끼리들이 그랬어.” 사자는 바로 앞에서 달리고 있는 쌍둥이 코끼리를 가리켰어. “얘들아, 모두 잠깐만 멈춰 봐!” 토끼의 말에 동물들은 깜짝 놀라 그 자리에 멈췄어. ",
      "srcPage": 11,
      "srcSentenceEA": 5,
      "srcWordEA": 29
    },
    {
      "srcTextID": "10129",
      "srcText": "호랑이는 벌벌 떨면서 두리번거렸어. 하지만 곧 아무 소리도 들리지 않았어. “깜짝 놀랐더니 배가 더 고프네.” ",
      "srcPage": 2,
      "srcSentenceEA": 3,
      "srcWordEA": 16
    },
    {
      "srcTextID": "10130",
      "srcText": " “숲에 지진이 일어나려고 해. 너도 얼른 도망쳐.” “뭐라고? 지진이라고?” 사슴은 물을 마시다가 깜짝 놀랐어.",
      "srcPage": 5,
      "srcSentenceEA": 4,
      "srcWordEA": 17
    },
    {
      "srcTextID": "10143",
      "srcText": "“지진이 나는 곳으로 돌아가도 되는 걸까?” “땅이 갈라지고 산이 무너지면 어떡해!” “난 다시 도망갈래.” 동물들은 바들바들 떨었어. ",
      "srcPage": 13,
      "srcSentenceEA": 4,
      "srcWordEA": 18
    },
    {
      "srcTextID": "10148",
      "srcText": "호랑이는 부끄러웠지만 용기를 내어 친구들에게 사과했어. “얘들아, 미안해! 커다란 소리에 놀라 주변을 제대로 살펴 보지도 않고 소란을 피웠어.” “호랑이야, 괜찮아.” “휴, 지진이 아니라서 다행이야.” 그제야 친구들도 모두 마음을 놓고 활짝 웃었어. ",
      "srcPage": 18,
      "srcSentenceEA": 6,
      "srcWordEA": 33
    },
    {
      "srcTextID": "10135",
      "srcText": "“숲에 지진이 일어나려고 해.” “뭐라고? 지진이라고?” 코뿔소는 너무 놀라 진흙탕에 나뒹굴고 말았어. “나도 얼른 도망가야지.” ",
      "srcPage": 9,
      "srcSentenceEA": 4,
      "srcWordEA": 17
    },
    {
      "srcTextID": "10141",
      "srcText": "“호랑이야, 넌 누구에게 들었어?” 토끼가 호랑이를 빤히 쳐다보며 물었어. “내가 큰 나무 아래서 먹이를 찾고 있었는데 갑자기 투두둑 소리가 나면서 땅이 흔들렸어. 진짜야, 분명히 지진이 나려는 소리를 들었어.” 겁쟁이 호랑이는 여전히 벌벌 떨며 말했어.",
      "srcPage": 12,
      "srcSentenceEA": 5,
      "srcWordEA": 37
    },
    {
      "srcTextID": "10144",
      "srcText": "토끼와 동물들은 한참을 걸어 커다란 나무 아래에 도착했어. 토끼는 기다란 귀를 쫑긋 세워 소리도 들어 보고 발도 쿵쿵 굴러 보았어. 어느 것 하나도 놓치지 않으려고 주변을 세심히 관찰했어.",
      "srcPage": 14,
      "srcSentenceEA": 3,
      "srcWordEA": 30
    },
    {
      "srcTextID": "10146",
      "srcText": "하지만 지진이 일어날 것처럼 보이지 않았지. 그런데 그때! ‘투두둑 투두둑 툭툭!’ “바로 이 소리야! 내가 아까 이 소리를 들은 거라고!” 호랑이가 깜짝 놀라 소리쳤어.",
      "srcPage": 15,
      "srcSentenceEA": 6,
      "srcWordEA": 28
    },
    {
      "srcTextID": "10145",
      "srcText": "“정말 지진이 일어나려나 봐.” 동물들은 허둥대기 시작했어. “얘들아, 잠깐만.” 토끼가 커다란 나무를 세게 흔들어 보았어. ",
      "srcPage": 16,
      "srcSentenceEA": 4,
      "srcWordEA": 17
    },
    {
      "srcTextID": "10147",
      "srcText": "그러자 나무 열매가 땅으로 떨어지면서 ‘투두둑 투두둑 툭툭’ 소리가 났어. “호랑이가 들은 건 나무 열매가 떨어지는 소리였어. 지진이 일어나려는 소리가 아니야.” 토끼가 침착하게 말해 주었어. ",
      "srcPage": 17,
      "srcSentenceEA": 5,
      "srcWordEA": 28
    }
  ]
}