{
  "title": "다빈치 도대체 당신은 뭐요? ",
  "author": "박지영",
  "illustrator": "김연주",
  "isbn": "9791128220999",
  "readAge": "초등_고학년",
  "publishedYear": 2018,
  "publisher": "아람북스",
  "classification": "사회관계",
  "paragraphInfoCount": 23,
  "paragraphInfo": [
    {
      "srcTextID": "2086",
      "srcText": "프랑수아 1세는 신하에게 명령을 내렸어요. “다빈치가 어떤 인물인지 알아내시오!” 신하는 다빈치를 알 만한 사람들에게 편지를 띄웠어요. 얼마 지나지 않아, 궁으로 많은 편지가 날아들었어요.",
      "srcPage": 3,
      "srcSentenceEA": 4,
      "srcWordEA": 25
    },
    {
      "srcTextID": "2104",
      "srcText": "“허허, 재밌는 사람이군.” 프랑수아 1세는 호기심 어린 얼굴로 다른 편지를 펼쳤어요. 친애하는 국왕 폐하. 저는 다빈치와 함께 그림 공부를 한 페루지노입니다. ",
      "srcPage": 12,
      "srcSentenceEA": 4,
      "srcWordEA": 24
    },
    {
      "srcTextID": "2109",
      "srcText": " 뭘 하러 가나 궁금해서 따라가 봤더니 글쎄, 시체를 해부하고 있더라고요. 사람 몸을 잘 알아야 그림을 제대로 그릴 수 있다고요. 나중에는 이 사람이 화가인지, 의사인지 헷갈릴 정도였답니다. 밀라노에서, 자코모",
      "srcPage": 19,
      "srcSentenceEA": 4,
      "srcWordEA": 32
    },
    {
      "srcTextID": "2111",
      "srcText": " “저절로 움직이는 사자라니! 당신은 참으로 위대한 예술가요. 나와 함께 프랑스로 가지 않겠소?” 다빈치는 흔쾌히 프랑수아 1세를 따라나섰어요.",
      "srcPage": 21,
      "srcSentenceEA": 4,
      "srcWordEA": 20
    },
    {
      "srcTextID": "2114",
      "srcText": "그리고 얼마 지나지 않아 큰 병에 걸리고 말았어요. 프랑수아 1세는 다빈치가 죽을 때도 곁에 있었어요. 그리고 위대한 예술가의 죽음을 진심으로 슬퍼했지요.",
      "srcPage": 23,
      "srcSentenceEA": 3,
      "srcWordEA": 23
    },
    {
      "srcTextID": "2076",
      "srcText": "프랑스의 왕 프랑수아 1세는 이탈리아를 점령할 계획이었어요. 그런데 교황이 달려와 새로운 제안을 했지요. “이탈리아를 점령하는 것보다, 위대한 예술가 레오나르도 다빈치를 만나 보시는 건 어떨까요?”",
      "srcPage": 1,
      "srcSentenceEA": 3,
      "srcWordEA": 25
    },
    {
      "srcTextID": "2085",
      "srcText": "문화와 예술에 관심이 많았던 프랑수아 1세는 교황의 말에 귀가 솔깃했어요.  “레오나르도 다빈치?\" \"교황이 허튼소리를 하진 않을 텐데. 다빈치 그자가 얼마나 대단하길래 전쟁을 멈추라는 거지?” ",
      "srcPage": 2,
      "srcSentenceEA": 4,
      "srcWordEA": 25
    },
    {
      "srcTextID": "2087",
      "srcText": " 그 가운데 가장 눈에 띄는 연주자가 있었는데 바로 레오나르도 다빈치였지요. 그렇게 뛰어난 수금 연주자는 처음 보았어요. 직접 만들었다는 수금도 정말 놀라웠지요. 밀라노에서, 조비오",
      "srcPage": 5,
      "srcSentenceEA": 4,
      "srcWordEA": 27
    },
    {
      "srcTextID": "2089",
      "srcText": " “고작 수금 연주자라고? 당장 군대를 이탈리아로 보내야겠어.” 발끈하는 프랑수아 1세를 신하가 말렸어요. “폐하, 아직 편지가 많이 남아 있으니, 마저 읽어 보시지요.” 프랑수아 1세는 마지못해 다른 편지를 집어 들었어요.",
      "srcPage": 6,
      "srcSentenceEA": 5,
      "srcWordEA": 31
    },
    {
      "srcTextID": "2091",
      "srcText": "친애하는 국왕 폐하. 저는 루도비코 스포르차 대공을 모시던 카스틸리오네입니다. 다빈치가 대공의 후원을 받았기 때문에 그를 옆에서 지켜볼 기회가 많았지요. ",
      "srcPage": 7,
      "srcSentenceEA": 3,
      "srcWordEA": 21
    },
    {
      "srcTextID": "2090",
      "srcText": "다빈치는 늘 공책에 무언가를 끄적였어요. 하루는 궁금해서 공책을 들여다보았는데 하하, 별의별 이상한 설계도들이 가득했어요. 물건을 나르는 기계, 하늘을 나는 기계, 혼자서 움직이는 로봇까지. 태어나서 처음 본 것들이었지요.",
      "srcPage": 8,
      "srcSentenceEA": 4,
      "srcWordEA": 30
    },
    {
      "srcTextID": "2096",
      "srcText": "게다가 설계도만 그리는 게 아니라 기계를 직접 만들기까지 했어요. 한번은 겨자를 수확하는 기계를 만들었는데, 겨자는 거두지도 못하고 사람들만 내동댕이치더군요. “아이고, 사람 살려!” 하마터면 저도 날아갈 뻔했다니까요.",
      "srcPage": 9,
      "srcSentenceEA": 4,
      "srcWordEA": 28
    },
    {
      "srcTextID": "2102",
      "srcText": "물론 늘 엉터리였던 것은 아닙니다. 루도비코 대공의 조카가 결혼을 하는 날이었죠. 다빈치는 결혼을 축하하기 위해 멋진 공연을 준비했어요. ",
      "srcPage": 10,
      "srcSentenceEA": 3,
      "srcWordEA": 20
    },
    {
      "srcTextID": "2101",
      "srcText": "그날 다빈치가 만든 연극 무대는 잊을 수가 없어요. 별이 빛나듯 많은 조명과 저절로 움직이는 행성들까지. 저는 공연을 보는 내내 여기가 천국인가 하는 생각이 들었어요. 밀라노에서, 카스틸리오네",
      "srcPage": 11,
      "srcSentenceEA": 4,
      "srcWordEA": 29
    },
    {
      "srcTextID": "2106",
      "srcText": "저희들은 베로키오라는 스승님 밑에서 그림을 배웠지요. 훌륭한 스승님께서 어떻게 그림을 그만두게 되었는지 이야기해 볼까 합니다. 스승님이 세례받는 그리스도라는 작품을 그릴 때였어요. ",
      "srcPage": 13,
      "srcSentenceEA": 3,
      "srcWordEA": 23
    },
    {
      "srcTextID": "2103",
      "srcText": " 다빈치에게 천사를 한번 그려 보라고 일을 맡겼지요. 그런데 다빈치가 그림을 너무 완벽하게 그렸어요. 우리 모두 할 말을 잃을 정도였지요. ",
      "srcPage": 14,
      "srcSentenceEA": 3,
      "srcWordEA": 22
    },
    {
      "srcTextID": "2105",
      "srcText": "그 뒤 스승님은 그림을 그리지 않고 조각에만 전념했어요. 다빈치의 뛰어난 실력에 자신감을 잃은 거예요. 스승님만 생각하면 저도 마음이 아프지만 다빈치의 천재성은 인정할 만하지요. -피렌체에서, 페루지노-",
      "srcPage": 15,
      "srcSentenceEA": 4,
      "srcWordEA": 28
    },
    {
      "srcTextID": "2108",
      "srcText": "친애하는 국왕 폐하. 저는 산타 마리아 델레 그라치에 성당의 주방장 로베르토입니다. 다빈치가 그린 최후의 만찬이 바로 산타 마리아 델레 그라치에 성당 식당에 걸려 있지요. ",
      "srcPage": 16,
      "srcSentenceEA": 3,
      "srcWordEA": 26
    },
    {
      "srcTextID": "2107",
      "srcText": "저는 다빈치가 그림을 그리는 동안 그림에 필요한 음식을 준비했어요. 식탁을 수백 번 다시 차리고 또 차렸지요. 저는 그자가 제정신이 아닌 줄 알았어요. 하지만 완성된 그림을 보고는 고개를 끄덕이지 않을 수 없었습니다. 그런 훌륭한 그림을 그리는 데 제가 도움이 되었다니 오히려 영광이었죠. 산타 마리아 델레 그라치에 성당 주방장",
      "srcPage": 17,
      "srcSentenceEA": 6,
      "srcWordEA": 52
    },
    {
      "srcTextID": "2110",
      "srcText": "친애하는 국왕 폐하. 저는 다빈치의 오랜 친구이자 조수였던 자코모입니다. 다빈치는 그림을 그리다 말고 자주 사라지곤 했어요. ",
      "srcPage": 18,
      "srcSentenceEA": 3,
      "srcWordEA": 18
    },
    {
      "srcTextID": "2112",
      "srcText": " “푸하하! 이 사람 정말로 흥미로운 사람이군. 당장 다빈치를 만나 봐야겠어!” 프랑수아 1세를 만나러 온 다빈치는 ‘움직이는 사자’를 선물했어요.",
      "srcPage": 20,
      "srcSentenceEA": 4,
      "srcWordEA": 22
    },
    {
      "srcTextID": "2113",
      "srcText": "다빈치는 프랑스에서 3년을 살았어요. 프랑수아 1세는 다빈치가 멋진 그림을 그릴 것이라고 기대했지만 다빈치는 한 점도 그리지 않았지요. 이것저것 하고 싶은 일들이 너무나 많았거든요. ",
      "srcPage": 22,
      "srcSentenceEA": 3,
      "srcWordEA": 25
    },
    {
      "srcTextID": "2115",
      "srcText": "다빈치는 프랑스로 오면서 자신의 그림을 몽땅 가져왔어요. 프랑수아 1세를 위해 그린 그림은 없었지만, 다빈치의 많은 작품들이 프랑수아 1세에게 남게 되었어요. 모나리자도 그 작품 가운데 하나지요.",
      "srcPage": 24,
      "srcSentenceEA": 3,
      "srcWordEA": 27
    }
  ]
}