{
  "title": "간디가 선택한 방법",
  "author": "우은경, 하늘땅",
  "illustrator": "조현숙",
  "isbn": "9791128220654",
  "readAge": "초등_고학년",
  "publishedYear": 2018,
  "publisher": "아람북스",
  "classification": "사회관계",
  "paragraphInfoCount": 21,
  "paragraphInfo": [
    {
      "srcTextID": "1289",
      "srcText": "오래전 일본이 우리나라를 자기 것이라고 우겼던 것처럼, 영국은 인도를 자기 것이라고 우겼어. 간디는 그때 인도에서 태어났지. 하지만 간디는 넉넉한 집에서 어려움 없이 자랐기 때문에 뭐가 잘못된 건지 몰랐어. 그저 뱀이 무서워 집에서만 놀 정도로 겁 많은 아이일 뿐이었지.",
      "srcPage": 1,
      "srcSentenceEA": 4,
      "srcWordEA": 41
    },
    {
      "srcTextID": "1290",
      "srcText": "“더러운 인도 사람은 화물칸으로 가!” “나는 일등칸 표를 샀단 말이오!” 간디는 소리쳤지만 기차에서 쫓겨나고 말았어. ",
      "srcPage": 3,
      "srcSentenceEA": 3,
      "srcWordEA": 16
    },
    {
      "srcTextID": "1293",
      "srcText": " ‘꾹 참을까? 그럼 사람들을 계속 괴롭힐 텐데. 맞서 싸워야만 해. 그런데 어떻게 싸워야 하지? ",
      "srcPage": 5,
      "srcSentenceEA": 4,
      "srcWordEA": 18
    },
    {
      "srcTextID": "1292",
      "srcText": "하지만 청년이 된 간디는 달라지기 시작했어. 간디가 변호사 일을 하러 남아프리카에 갔을 때였지. 간디가 일등칸에 타고 있었는데 차장이 다짜고짜 몰아내는 거야.",
      "srcPage": 2,
      "srcSentenceEA": 3,
      "srcWordEA": 23
    },
    {
      "srcTextID": "1291",
      "srcText": "“이럴 수가! 인도 사람 모두 이런 일을 당하고 있었던 거야?” 간디는 어떻게 하면 좋을지 고민에 빠졌지.  이때 영국의 식민지였던 남아프리카에서는 인도 사람들뿐만 아니라 백인이 아닌 사람들은 모두 차별을 받았어요.",
      "srcPage": 4,
      "srcSentenceEA": 4,
      "srcWordEA": 33
    },
    {
      "srcTextID": "1294",
      "srcText": "그래! 힘을 하나로 뭉치자!’ 간디는 남아프리카에 있는 인도 사람들을 불러 모았어. 사람들 앞에 나서고 보니 다리가 후들거렸지만 용기를 냈지. “여러분! 잘못된 일을 당하고도 가만있으면 안 됩니다!” 간디의 연설을 듣던 인도 사람들의 눈빛이 반짝거렸어.",
      "srcPage": 6,
      "srcSentenceEA": 5,
      "srcWordEA": 38
    },
    {
      "srcTextID": "1295",
      "srcText": " 영국은 인도 사람들이 투표를 하지 못하게 했어. 투표를 못 하면 뭐든지 영국이 결정한 대로 따라야만 하는 거야. 인도 사람들은 더 이상 가만있지 않기로 했어.",
      "srcPage": 7,
      "srcSentenceEA": 3,
      "srcWordEA": 27
    },
    {
      "srcTextID": "1296",
      "srcText": "“반대하는 우리 생각을 알립시다!” 간디는 수많은 인도 사람들이 서명한 서류를 영국에 보냈어. 영국은 깜짝 놀랐지 뭐야. 여태 인도 사람들은 조용히 따르기만 했으니까.",
      "srcPage": 8,
      "srcSentenceEA": 4,
      "srcWordEA": 25
    },
    {
      "srcTextID": "1298",
      "srcText": "하지만 영국은 더 세게 나왔어. “인도인들은 지문을 찍은 등록증을 만드시오!” 인도 사람들을 마치 죄인처럼 다루었던 거야.",
      "srcPage": 9,
      "srcSentenceEA": 3,
      "srcWordEA": 17
    },
    {
      "srcTextID": "1302",
      "srcText": "남아프리카에 사는 인도 사람들은 더 똘똘 뭉쳤어. 이제 간디는 떠나온 인도를 생각했지. ‘인도로 돌아가서 사람들을 도와야 해!’ 간디를 태운 배가 인도에 도착하자 수많은 사람들이 외쳤어. “위대한 간디! 위대한 간디!”",
      "srcPage": 14,
      "srcSentenceEA": 6,
      "srcWordEA": 33
    },
    {
      "srcTextID": "1303",
      "srcText": "아무도 물레를 돌리지 않게 되었지. “우리 것은 우리가 만들어야 합니다. 이제부터 영국이 만든 것을 사지도, 쓰지도 맙시다!” 간디는 직접 물레를 돌리기 시작했어. 그 모습을 본 사람들도 하나둘 물레를 돌렸지.",
      "srcPage": 16,
      "srcSentenceEA": 5,
      "srcWordEA": 32
    },
    {
      "srcTextID": "1305",
      "srcText": "“말도 안 됩니다!” “우리 바다에서 나는 소금은 우리 것입니다!” 간디가 외치자 인도 사람들도 따라 외쳤어. 간디는 사람들과 바다를 향해 걷기 시작했지.",
      "srcPage": 18,
      "srcSentenceEA": 4,
      "srcWordEA": 23
    },
    {
      "srcTextID": "1307",
      "srcText": "뜨거운 태양 아래서 바닷물은 한 줌 소금이 되었어. 간디는 소금을 들어 올렸어. “우리 바다에서 난 소금은 우리 것입니다!” “만세! 인도 만세!” 그때, 총을 든 영국 경찰이 인도 사람들을 겨누고 있었어.",
      "srcPage": 20,
      "srcSentenceEA": 5,
      "srcWordEA": 33
    },
    {
      "srcTextID": "1308",
      "srcText": "하루, 이틀, 열흘. 바다에 가까워질수록 간디는 점점 야위어 갔지만 어느새 수천 명이 넘는 사람들이 뒤를 따르고 있었지. 고생 끝에 바다에 닿은 간디는 바닷물을 그릇에 담았어. ",
      "srcPage": 19,
      "srcSentenceEA": 3,
      "srcWordEA": 27
    },
    {
      "srcTextID": "1299",
      "srcText": "“등록증을 만들지 맙시다!” “옳소! 옳소!” 수많은 인도 사람들은 간디의 뜻에 따라 등록증을 만들지 않았어. 그건 분명 옳지 않은 일이었으니까! 그럴수록 영국의 차별은 심해졌어. “등록증 없이는 다른 나라에 못 갈 줄 아시오!”",
      "srcPage": 11,
      "srcSentenceEA": 6,
      "srcWordEA": 35
    },
    {
      "srcTextID": "1297",
      "srcText": "간디는 생각하고 또 생각했어. ‘힘으로 싸우면 사람들이 다칠 텐데. 나쁜 짓을 한 영국 사람이라도 다치는 건 안 돼. 생명은 모두 소중하니까 말이야.’ 고민 끝에 간디는 결정을 내렸어.",
      "srcPage": 10,
      "srcSentenceEA": 5,
      "srcWordEA": 31
    },
    {
      "srcTextID": "1300",
      "srcText": "간디도 뜻을 굽히지 않았지. “나는 등록증 없이 다른 나라에 가겠소!” 그건 너무나도 위험한 일이었어. ",
      "srcPage": 12,
      "srcSentenceEA": 3,
      "srcWordEA": 15
    },
    {
      "srcTextID": "1301",
      "srcText": "영국 경찰에게 잡혀갈 게 뻔했으니까. 그런데 간디도 생각하지 못한 일이 벌어졌어. “저도 함께 가겠습니다!” “저도 가겠어요!” 많은 사람들이 간디의 뒤를 따랐어. 영국은 간디와 인도 사람들을 감옥에 가두었지만 결국 등록증을 만들게 하지는 못했어.",
      "srcPage": 13,
      "srcSentenceEA": 6,
      "srcWordEA": 35
    },
    {
      "srcTextID": "1306",
      "srcText": "영국에게 간디는 눈엣가시였어. 영국은 보란 듯 더욱더 나쁜 법을 만들어 냈지. “지금부터 인도인은 소금을 만들지 말고, 무조건 영국이 만든 소금을 사시오!” ",
      "srcPage": 17,
      "srcSentenceEA": 3,
      "srcWordEA": 22
    },
    {
      "srcTextID": "1309",
      "srcText": "그날 많은 인도 사람이 다치고 죽었어. 하지만 힘으로 맞선 사람은 아무도 없었지. 폭력을 쓰지 않고 평화롭게 인도가 영국으로부터 독립하기를 한마음 한뜻으로 바랐던 거야. 간디의 진심 어린 행동은 뒷날 인도가 독립하는 데에 소중한 씨앗이 되었지.\n",
      "srcPage": 21,
      "srcSentenceEA": 4,
      "srcWordEA": 37
    },
    {
      "srcTextID": "1304",
      "srcText": "인도 사람들은 너무나 가난하게 살고 있었어. 그나마 물레를 돌려 실을 잣고, 천을 짜서 팔던 때는 조금 나았어. 그런데 영국이 공장에서 천을 만들어 값싸게 팔지 뭐야. ",
      "srcPage": 15,
      "srcSentenceEA": 3,
      "srcWordEA": 27
    }
  ]
}