{
  "title": "잭과 공주님과 당나귀",
  "author": "윤지연",
  "illustrator": "윤희재",
  "isbn": "9791165433710",
  "readAge": "초등_고학년",
  "publishedYear": 2021,
  "publisher": "아람키즈",
  "classification": "사회관계",
  "paragraphInfoCount": 18,
  "paragraphInfo": [
    {
      "srcTextID": "8809",
      "srcText": "“농사일도 배우고 돈도 벌었는데, 집에 오는 길에 돈을 그만 개울에 빠뜨리고 말았어요.” 잭은 기어들어 가는 목소리로 말했지. “어휴, 다음부터 돈처럼 소중한 것은 주머니 깊숙이 넣어서 가져오너라.”",
      "srcPage": 3,
      "srcSentenceEA": 3,
      "srcWordEA": 27
    },
    {
      "srcTextID": "8817",
      "srcText": "하지만 고양이는 잭의 손을 할퀴고 재빨리 도망가 버렸지. “동물은 끈으로 묶어서 끌고 왔어야지. 도망가지 못하도록 말이다.”",
      "srcPage": 10,
      "srcSentenceEA": 3,
      "srcWordEA": 17
    },
    {
      "srcTextID": "8818",
      "srcText": "그랬더니 양고기에 흙과 먼지가 잔뜩 묻어 더러워졌어. “얘야, 고기는 어깨에 메고 왔어야지. 그럼 고기가 더러워지지는 않았을 것 아니냐?”",
      "srcPage": 12,
      "srcSentenceEA": 3,
      "srcWordEA": 19
    },
    {
      "srcTextID": "8821",
      "srcText": "여섯째 날, 잭은 목장에서 일했어. 전에 목장에서 일한 적이 있어서 훨씬 쉬웠어. 잭은 일한 대가로 당나귀 한 마리를 받았지. ",
      "srcPage": 13,
      "srcSentenceEA": 3,
      "srcWordEA": 21
    },
    {
      "srcTextID": "8824",
      "srcText": "“몇 년 동안 웃지 않던 공주를 웃게 하다니! 너를 내 사위로 삼겠다.” 잭은 공주와 결혼하여 풍족하게 살게 되었어. ",
      "srcPage": 17,
      "srcSentenceEA": 3,
      "srcWordEA": 20
    },
    {
      "srcTextID": "8825",
      "srcText": "하지만 잭은 예전처럼 일했어. 일한 대가로 받은 돈은 주머니에 넣고, 우유병은 머리에 이고, 치즈는 손에 들고, 고기는 어깨에 메고, 동물은 끈으로 묶어서 끌고 왔어. 그러나 언제나 당나귀만은 어깨에 메고 왔지. 공주가 깔깔 웃을 수 있도록 말이야. ",
      "srcPage": 18,
      "srcSentenceEA": 4,
      "srcWordEA": 39
    },
    {
      "srcTextID": "8816",
      "srcText": "넷째 날, 잭은 빵 가게에서 일했어. 잭은 빵 굽는 것을 조금 배울 수 있었고, 일한 대가로 고양이 한 마리를 받았어. 잭은 고양이를 조심스럽게 손에 들고 왔어. ",
      "srcPage": 9,
      "srcSentenceEA": 3,
      "srcWordEA": 28
    },
    {
      "srcTextID": "8819",
      "srcText": "다섯째 날, 잭은 푸줏간에서 일했어. 잭은 푸줏간 일을 조금 배울 수 있었고, 일한 대가로 양고기 한 덩이를 받았어. “양은 동물이니까 끈으로 묶어서 끌고 가야지.” ",
      "srcPage": 11,
      "srcSentenceEA": 3,
      "srcWordEA": 25
    },
    {
      "srcTextID": "8815",
      "srcText": "“치즈는 손에 들고 왔어야지. 그럼 이렇게 모두 녹지는 않았을 것 아니냐?” 어머니는 한숨을 내쉬었지. ",
      "srcPage": 8,
      "srcSentenceEA": 3,
      "srcWordEA": 16
    },
    {
      "srcTextID": "8812",
      "srcText": "“잭, 목장 일은 어땠니?” 어머니는 집으로 돌아온 잭에게 물었어. “목장 일을 배우고 우유병 하나를 받았어요. 그래서 어머니 말대로 소중한 우유병을 주머니 깊숙이 넣었는데, 집에 오는 길에 몽땅 흘리고 말았어요.”",
      "srcPage": 5,
      "srcSentenceEA": 4,
      "srcWordEA": 31
    },
    {
      "srcTextID": "8813",
      "srcText": "셋째 날, 잭은 농장에서 일했어. 잭은 농장 일을 조금 배울 수 있었고, 일한 대가로 치즈 한 덩이도 받았지. “어머니 말대로 치즈는 먹을 거니까 머리에 이고 가야지.” 잭은 치즈를 머리에 이고 집으로 향했어. 하지만 집으로 오는 내내 치즈는 뜨거운 햇볕에 모두 녹아 버렸지. ",
      "srcPage": 6,
      "srcSentenceEA": 5,
      "srcWordEA": 45
    },
    {
      "srcTextID": "8820",
      "srcText": "“당나귀는 동물인가? 고기인가?” 잭에게는 너무나도 어려운 문제였어. “어느 것 하나를 결정할 수 없으니 이렇게 하는 게 좋겠어.” 잭은 당나귀 목에 끈을 묶고 집에 가는 길 중간까지 당나귀를 끌고 갔어.",
      "srcPage": 14,
      "srcSentenceEA": 5,
      "srcWordEA": 32
    },
    {
      "srcTextID": "8823",
      "srcText": "집에 가는 길 중간에 이르자 잭은 갑자기 당나귀를 번쩍 들더니 어깨에 멨어. “이제부터는 어깨에 메고 가야지. 역시 난 배운 걸 잘 써먹는 사람이야.” ",
      "srcPage": 15,
      "srcSentenceEA": 3,
      "srcWordEA": 24
    },
    {
      "srcTextID": "8822",
      "srcText": "그때 늘 시무룩한 표정만 짓는 공주가 창밖을 내다보고 있었지. “어머, 당나귀를 어깨에 메고 가다니. 정말 웃겨.” 공주는 당나귀를 어깨에 멘 잭을 보고 깔깔 웃었어.",
      "srcPage": 16,
      "srcSentenceEA": 4,
      "srcWordEA": 26
    },
    {
      "srcTextID": "8807",
      "srcText": "옛날에 맨날 빈둥거리는 청년이 있었어. 바로 잭이었어. 어느 날, 참다못한 어머니가 화를 내며 말했어. “언제까지 이렇게 아무 일도 안 하고 살 것이냐? 당장 나가서 무엇이든 배워 오너라.” 어머니는 잭을 집 밖으로 내보냈지. ",
      "srcPage": 1,
      "srcSentenceEA": 6,
      "srcWordEA": 36
    },
    {
      "srcTextID": "8808",
      "srcText": "첫째 날, 잭은 이웃 농부네 밭에서 일했어. 잭은 농부에게서 농사일을 몇 가지 배울 수 있었고, 일한 대가로 돈도 받았어. 하지만 집으로 돌아오던 길에 손에 들고 있던 돈을 개울에 퐁당 빠뜨리고 말았지. “앗! 내돈!”",
      "srcPage": 2,
      "srcSentenceEA": 4,
      "srcWordEA": 36
    },
    {
      "srcTextID": "8811",
      "srcText": "둘째 날, 잭은 목장에서 일했어. 잭은 목장 일을 조금 배울 수 있었고, 일한 대가로 고소한 우유가 든 우유병 하나도 받았어. “어머니 말대로 소중한 것은 주머니 깊숙이 넣어야지.” 잭은 우유병을 주머니 깊숙이 찔러 넣었어. 하지만 집으로 돌아오는 내내 길바닥에 우유를 줄줄 흘리고 말았지. ",
      "srcPage": 4,
      "srcSentenceEA": 5,
      "srcWordEA": 45
    },
    {
      "srcTextID": "8814",
      "srcText": "“잭! 머리가 왜 이러니? 도대체 어떻게 된 일이야?” “치즈는 먹을 것이라 머리에 이고 왔는데, 모두 녹아 줄줄 흘러내렸어요.” 잭은 흘러내리는 치즈를 손으로 닦으며 말했어.",
      "srcPage": 7,
      "srcSentenceEA": 4,
      "srcWordEA": 27
    }
  ]
}