{
  "title": "아이들이란?",
  "author": "김자호",
  "illustrator": "안상선",
  "isbn": "9791157590698",
  "readAge": "초등_고학년",
  "publishedYear": 2015,
  "publisher": "아람북스",
  "classification": "사회관계",
  "paragraphInfoCount": 16,
  "paragraphInfo": [
    {
      "srcTextID": "125743",
      "srcText": "“우리 한별이가 또 친구를 도와주네.” 선생님이 칭찬하면서 내 머리를 쓰다듬어 주었다. 복도에서 병아리반 꼬마가 넘어졌다. 주위를 얼른 둘러보았지만 선생님이 보이지 않았다.",
      "srcPage": 9,
      "srcSentenceEA": 4,
      "srcWordEA": 24
    },
    {
      "srcTextID": "125744",
      "srcText": "그때 누군가 넘어진 꼬마한테로 뛰어갔다. 세준이였다. “이제 괜찮아. 안 아프지?” 세준이는 꼬마의 옷을 털어 주었다. 선생님도 안 보는데 세준이는 왜 저렇게 할까?",
      "srcPage": 10,
      "srcSentenceEA": 6,
      "srcWordEA": 26
    },
    {
      "srcTextID": "125751",
      "srcText": "세준이 덕분에 민주는 편하게 그네를 탔고, 기연이는 자기 과자를 다 먹을 수 있었어요. 게다가 세준이는 한별이 대신 넘어진 꼬마를 돕고, 왕자에게 로봇 볼펜도 빌려주었지요. 하지만 우리가 세준이를 좋아하는 이유는 따로 있어요. 솔직히 말하면요, 세준이랑 있으면 기분이 좋아지거든요. 그래서 늘 어른들이 우리더러 양보하라고 하나 봐요. 우리도 양보를 잘하면 세준이처럼 멋진 아이가 될 수 있겠죠?",
      "srcPage": 16,
      "srcSentenceEA": 6,
      "srcWordEA": 58
    },
    {
      "srcTextID": "125717",
      "srcText": "내가 양보하기 싫어서 그렇게 말한 건 절대 아니다. “난 아까도 탔으니까 이쪽 그네 타라고 하세요.” 어? 세준이다. 그래, 나는 오늘 처음 타는 거지만 세준이는 아까도 탔으니까 양보하는 거다.",
      "srcPage": 4,
      "srcSentenceEA": 5,
      "srcWordEA": 31
    },
    {
      "srcTextID": "125733",
      "srcText": "세준이는 얼른 동생에게 쿠키를 내밀었다. 그러자 동생은 눈물을 뚝 그쳤다. “나는 좀 전에 과일을 잔뜩 먹고 와서 배불러.” 세준이는 배가 부르지만 나는 배가 고프니까 그냥 먹기로 했다.",
      "srcPage": 7,
      "srcSentenceEA": 4,
      "srcWordEA": 29
    },
    {
      "srcTextID": "125745",
      "srcText": "한별이의 이야기. 나는 어른들에게 칭찬을 듣는 것이 좋다. 오늘은 유치원에서 종이 모자를 만드는데, 짝꿍 보라가 가위질을 못하고 있었다. 선생님이 가까이 오자 나는 얼른 종이를 잘라서 보라를 도와주었다.",
      "srcPage": 8,
      "srcSentenceEA": 4,
      "srcWordEA": 30
    },
    {
      "srcTextID": "125747",
      "srcText": "왕자의 이야기. 내 이름은 왕자다. 엄마는 나를 왕자님이라 부르면서 뭐든 다 해 준다. 또 누가 나한테 뭐라고 하면, 항상 내 편을 들어준다.",
      "srcPage": 11,
      "srcSentenceEA": 4,
      "srcWordEA": 25
    },
    {
      "srcTextID": "125748",
      "srcText": "하지만 유치원에는 엄마가 날마다 올 수 없으니까 문제다. 오늘은 민주가 초콜릿을 가져왔다. 다른 아이들이 한 개씩 먹을 때 난 세 개를 먹었다. 그러자 다들 나한테 막 뭐라고 했다. 왜 아이들은 내가 왕자님인 걸 몰라줄까?",
      "srcPage": 12,
      "srcSentenceEA": 5,
      "srcWordEA": 38
    },
    {
      "srcTextID": "125750",
      "srcText": "세준이가 로봇 볼펜을 가져왔다. 우아, 그건 정말 멋졌다. 하지만 아이들이 또 뭐라고 할까 봐 아무 말도 안 하고 있었다.",
      "srcPage": 13,
      "srcSentenceEA": 3,
      "srcWordEA": 21
    },
    {
      "srcTextID": "125749",
      "srcText": "그런데 세준이가 씩 웃으며 말했다. “이거 빌려줄까? 대신 꼭 돌려줘야 해.” 역시 세준이는 내가 왕자님인 줄 아는가 보다.",
      "srcPage": 14,
      "srcSentenceEA": 4,
      "srcWordEA": 20
    },
    {
      "srcTextID": "125752",
      "srcText": "질서를 중요하게 생각하는 민주, 공평하게 나누는 것을 좋아하는 기연이, 칭찬을 듣기 위해 친구를 도와주는 한별이, 자기를 진짜 왕자님으로 생각하는 왕자. 우리들은 모두 다르지만 딱 한 가지 같은 점이 있어요. 좋아하는 친구가 있다는 거예요. 그 친구는 바로. 세준이예요.",
      "srcPage": 15,
      "srcSentenceEA": 5,
      "srcWordEA": 41
    },
    {
      "srcTextID": "125701",
      "srcText": "어른들은 우리한테 날마다 이야기해요. 동생 것을 빼앗지 마라, 친구랑 사이좋게 지내라, 네가 양보해라, 양보해라, 양보해라. 하지만 어른들 말대로 다 할 수 있다면, 우리가 어른이지 아이겠어요? 아이들이란 원래 뭐든 잘하지 못하는 법이라고요.",
      "srcPage": 1,
      "srcSentenceEA": 4,
      "srcWordEA": 34
    },
    {
      "srcTextID": "125718",
      "srcText": "민주의 이야기. 유치원에서 그네를 타려고 한참 기다렸다. 막 내 차례가 되었는데, 선생님이 우는 아이를 데리고 왔다.",
      "srcPage": 2,
      "srcSentenceEA": 3,
      "srcWordEA": 18
    },
    {
      "srcTextID": "125716",
      "srcText": "“동생한테 한 번만 양보하면 안 될까? 그네 타러 뛰어오다가 넘어졌거든.” “양보하는 것도 좋지만 질서를 지키는 일이 더 중요해요, 선생님!” 아빠가 질서를 지키는 일은 정말 중요하다고 했다.",
      "srcPage": 3,
      "srcSentenceEA": 4,
      "srcWordEA": 28
    },
    {
      "srcTextID": "125732",
      "srcText": "기연이의 이야기. 세준이한테 공룡 카드를 보여 주려고 집에 데려왔다. 엄마는 내가 제일 좋아하는 눈사람 쿠키를 만들어 주었다.",
      "srcPage": 5,
      "srcSentenceEA": 3,
      "srcWordEA": 19
    },
    {
      "srcTextID": "125731",
      "srcText": "그때 자고 있던 동생이 깨는 바람에 셋이서 똑같이 쿠키를 나누었다. 나는 쿠키를 아껴서 먹고 있었는데, 동생은 후다닥 먹어 치우더니 어느새 내 쿠키를 집어 들었다. “야, 일부러 똑같이 나누어 줬는데 내 걸 가져가면 어떡해?” 동생은 깜짝 놀라서 으앙 울어 버렸다.",
      "srcPage": 6,
      "srcSentenceEA": 4,
      "srcWordEA": 41
    }
  ]
}