{
  "title": "벽란도로 오세요",
  "author": "정진",
  "illustrator": "이경국",
  "isbn": "9791165956073",
  "readAge": "초등_고학년",
  "publishedYear": 2022,
  "publisher": "아람북스",
  "classification": "사회관계",
  "paragraphInfoCount": 16,
  "paragraphInfo": [
    {
      "srcTextID": "5422",
      "srcText": "“새 임금님은 어려서부터 책을 좋아하셨대!” “성품도 너그러우시다며?” “정말 우리 고려의 복이야!” 문종이 왕이 되자 다들 기쁨에 들떠 있었어. ",
      "srcPage": 1,
      "srcSentenceEA": 4,
      "srcWordEA": 19
    },
    {
      "srcTextID": "5427",
      "srcText": "문종은 훌륭한 신하를 귀하게 여겼어. “최충에게 문하시중을 맡게 해라!” “전하, 최충은 나이가 너무 많아 안 됩니다.” “어허, 무슨 소리!” ",
      "srcPage": 4,
      "srcSentenceEA": 4,
      "srcWordEA": 19
    },
    {
      "srcTextID": "5426",
      "srcText": "문종은 최충을 믿고 의지하며 뜻을 펼쳤어. 최충은 자기를 믿어 주는 문종에게 충성을 다했지. 나라의 여러 제도를 정리하여 틀을 갖추고, 나중에는 학교를 세워 훌륭한 인재를 키웠어.",
      "srcPage": 5,
      "srcSentenceEA": 3,
      "srcWordEA": 27
    },
    {
      "srcTextID": "5430",
      "srcText": "벽란도는 ‘푸른 물결이 넘실대는 나루’라는 뜻이지. 송나라 상인들은 비단, 책, 약재를 가져왔어. 여진족 상인들은 은과 동물의 털가죽을 가져왔지. 아라비아 상인의 배에는 수은과 향료, 산호 같은 귀한 물건들이 가득가득 실려 있었어. ",
      "srcPage": 10,
      "srcSentenceEA": 5,
      "srcWordEA": 34
    },
    {
      "srcTextID": "5434",
      "srcText": "연등회는 고려를 세운 태조 왕건을 기리고 부처님을 섬기는 날이야. 사람들은 줄줄이 연등을 밝혀 달고 부처님께 정성껏 소원을 빌어. “와, 신난다!” 이날은 밤새 거리를 다녀도 되는 날이야. 길에도 절에도 사람들이 몰려나와 등을 밝히고 흥겨운 음악에 모두 즐거웠지. ",
      "srcPage": 13,
      "srcSentenceEA": 5,
      "srcWordEA": 39
    },
    {
      "srcTextID": "5436",
      "srcText": "어느새 새봄이 왔어. “어, 저길 봐!” 신부 집으로 혼인을 하러 가는 신랑 행렬이야. ",
      "srcPage": 14,
      "srcSentenceEA": 3,
      "srcWordEA": 14
    },
    {
      "srcTextID": "5437",
      "srcText": "고려 사람들은 아들도 딸도 똑같이 좋아했어. 아들과 딸은 재산도 똑같이 나눠 받고, 제사도 아들과 딸이 함께 지냈단다. 여자도 남자처럼 존중받는 나라였지. 흥겨운 축제가 열리고, 멀리 외국에서도 상인들이 찾아오는 나라, 고려는 참 살기 좋았나 봐. ",
      "srcPage": 16,
      "srcSentenceEA": 4,
      "srcWordEA": 37
    },
    {
      "srcTextID": "5424",
      "srcText": "화려한 의자에 앉는다고 훌륭한 왕이 되는 건 아니라고 말이야. 임금님의 성품은 참 너그러우셔. 나라를 다스리는 데 황금 의자는 필요하지 않지. ",
      "srcPage": 3,
      "srcSentenceEA": 3,
      "srcWordEA": 22
    },
    {
      "srcTextID": "5423",
      "srcText": "그런데 이게 웬일이야. “황금 의자는 너무 화려하구나. 당장 바꾸어라!” 나랏일을 시작하자마자 호통을 치는 거야. ",
      "srcPage": 2,
      "srcSentenceEA": 4,
      "srcWordEA": 16
    },
    {
      "srcTextID": "5425",
      "srcText": "나이 많은 사람이 일을 제대로 할 수 있을까? 문하시중을 맡아 주시오! 부족한 저를 믿어 주셔서 감사합니다. ",
      "srcPage": 6,
      "srcSentenceEA": 3,
      "srcWordEA": 18
    },
    {
      "srcTextID": "5428",
      "srcText": "왕과 신하가 마음을 합해 노력하니 백성들은 살기 좋고 나라는 발전했어. 가을 추수가 끝나고 11월 15일에 고려의 가장 큰 축제 팔관회가 열렸어. 나라를 지켜 주는 여러 신들에게 잘 차려진 음식과 춤과 음악을 바쳤지. ",
      "srcPage": 7,
      "srcSentenceEA": 3,
      "srcWordEA": 34
    },
    {
      "srcTextID": "5429",
      "srcText": "개경에서는 수많은 사람이 모여 한바탕 잔치가 벌어지고, 갖가지 춤과 노래가 화려하게 펼쳐졌어. 팔관회 날이면 멀리 외국에서도 손님들이 찾아왔어. 중국의 송나라 상인도 오고, 여진족 추장도 선물을 가져왔어. ",
      "srcPage": 8,
      "srcSentenceEA": 3,
      "srcWordEA": 28
    },
    {
      "srcTextID": "5431",
      "srcText": "일본에서도, 동남아시아에서도, 멀리 아라비아에서도 상인들이 찾아왔어. 이날은 고려가 얼마나 대단한 나라인지 온 세상에 알리는 날이기도 했단다. 외국에서 오는 상인들은 배를 타고 와서 개경 근처 벽란도에 닻을 내렸어. ",
      "srcPage": 9,
      "srcSentenceEA": 3,
      "srcWordEA": 29
    },
    {
      "srcTextID": "5433",
      "srcText": "외국 상인들은 가장 좋은 것은 궁궐에 바치고 나머지는 시장에서 팔았어. 물건을 팔기만 한 것은 아니야. “이번엔 인삼을 더 많이 가져가야겠소.” ",
      "srcPage": 11,
      "srcSentenceEA": 3,
      "srcWordEA": 21
    },
    {
      "srcTextID": "5432",
      "srcText": "“이 청자들은 내가 살 거요.” “고려 종이가 최고야!” 고려 인삼과 청자와 종이는 외국 상인들에게 인기가 많았지. 삼베랑 모시, 먹, 돗자리, 부채 같은 것도 사 갔어. ",
      "srcPage": 12,
      "srcSentenceEA": 4,
      "srcWordEA": 27
    },
    {
      "srcTextID": "5435",
      "srcText": "신랑이 신부 집에 와서 사는 건 고구려에서 내려온 풍습이야. 아이들이 태어나 자랄 때까지 신랑이 신부 집에서 사는 일이 많았단다. 그래서 아이들은 외갓집 친척들과 가깝게 지냈지. 와, 예쁘네! 떨리면서도 기분이 정말 좋아. ",
      "srcPage": 15,
      "srcSentenceEA": 5,
      "srcWordEA": 35
    }
  ]
}