{
  "title": "돈이 뭐예요?",
  "author": "박은정",
  "illustrator": "안은진",
  "isbn": "9791165436230",
  "readAge": "초등_고학년",
  "publishedYear": 2022,
  "publisher": "아람북스",
  "classification": "사회관계",
  "paragraphInfoCount": 16,
  "paragraphInfo": [
    {
      "srcTextID": "10220",
      "srcText": "“그래! 우리, 조개껍데기를 찾아보자.” 오고와 가고는 가게 밖으로 나왔어요. 오고와 가고는 걷고 또 걸었어요. 그러다 근처 바닷가에 다다랐지요. ",
      "srcPage": 4,
      "srcSentenceEA": 4,
      "srcWordEA": 22
    },
    {
      "srcTextID": "10226",
      "srcText": "“잠깐 그것 좀 빌려줄래?” 가고는 종이와 크레파스를 빌려서 돈을 그렸어요. 오고는 손뼉을 치며 말했지요. “우아, 아저씨가 보여 준 돈이랑 비슷해!”",
      "srcPage": 7,
      "srcSentenceEA": 4,
      "srcWordEA": 22
    },
    {
      "srcTextID": "10233",
      "srcText": "오고와 가고는 보석 가게 주인에게 돈을 받고 목걸이를 팔았어요. “이제 이 돈으로 옷을 살 수 있겠어!” 오고와 가고는 옷 가게로 들어서며 말했어요.",
      "srcPage": 11,
      "srcSentenceEA": 3,
      "srcWordEA": 23
    },
    {
      "srcTextID": "10231",
      "srcText": "“예쁜 돌들이 많네.” 그때, 보석 가게 주인이 깜짝 놀라 둘을 가게 안으로 불렀어요. “너희 목걸이에 아주 귀한 보석이 달려 있구나! 내가 사고 싶은데, 나에게 팔겠니?”",
      "srcPage": 10,
      "srcSentenceEA": 4,
      "srcWordEA": 27
    },
    {
      "srcTextID": "10205",
      "srcText": "“어떡하지? 너무 추워.” 갑자기 추워진 어느 날, ‘오고’랑 ‘가고’는 덜덜 떨고 있었어요. 그때, 털북숭이 노란 양이 오고와 가고 앞을 지나갔지요. “노랑노랑 노란 양아, 털을 조금만 나누어 줘!”",
      "srcPage": 1,
      "srcSentenceEA": 6,
      "srcWordEA": 32
    },
    {
      "srcTextID": "10206",
      "srcText": "노란 양은 듣지 못하고 보랏빛 구멍으로 쏙! 오고와 가고도 노란 양을 뒤따라 보랏빛 구멍으로 쏘옥! “어, 여기가 어디지?” 노란 양은 보이지 않고 따뜻한 옷을 입은 사람들이 지나다니고 있었어요. 처음 보는 곳이었어요! “저기 따뜻해 보이는 옷이 많네! 가 보자!”",
      "srcPage": 2,
      "srcSentenceEA": 7,
      "srcWordEA": 42
    },
    {
      "srcTextID": "10213",
      "srcText": "오고와 가고는 옷 가게에 들어가서 옷을 입어 보았어요. “우아, 정말 따뜻하네!” “난 이걸 입을래!”",
      "srcPage": 3,
      "srcSentenceEA": 3,
      "srcWordEA": 14
    },
    {
      "srcTextID": "10221",
      "srcText": "“우아, 조개껍데기가 엄청 많아.” 둘은 조개껍데기를 주워서 옷 가게로 달려갔어요. 오고는 주워 온 조개껍데기를 내밀며 말했어요.",
      "srcPage": 5,
      "srcSentenceEA": 3,
      "srcWordEA": 18
    },
    {
      "srcTextID": "10227",
      "srcText": "오고와 가고는 가게 밖으로 나왔어요. 오고와 가고는 길을 걸었어요. “어떻게 돈을 구할 수 있을까?” 그때, 나무 아래에서 그림을 그리는 아이가 보였어요.",
      "srcPage": 6,
      "srcSentenceEA": 4,
      "srcWordEA": 23
    },
    {
      "srcTextID": "10228",
      "srcText": "오고와 가고는 직접 그린 돈을 가지고 다시 옷 가게로 갔어요. “아저씨, 돈 가져왔어요. 이걸로 살게요!” “얘들아, 이걸로는 아무것도 살 수 없단다. 진짜 돈이 아니니까 말이야.” “네? 진짜 돈이 뭐예요?”",
      "srcPage": 8,
      "srcSentenceEA": 6,
      "srcWordEA": 32
    },
    {
      "srcTextID": "10230",
      "srcText": "오고와 가고는 시무룩하게 가게 밖으로 나왔어요. 주위를 둘러보니 보석 가게가 눈에 띄었어요. 둘은 유리창 너머로 보석을 구경했어요.",
      "srcPage": 9,
      "srcSentenceEA": 3,
      "srcWordEA": 19
    },
    {
      "srcTextID": "10232",
      "srcText": "“아저씨, 진짜 돈으로 옷을 살게요!” “허허, 그래. 이 돈이면 옷에다가 도톰한 장갑과 목도리, 따뜻한 신발도 살 수 있겠구나.” 오고와 가고는 뛸 듯이 기뻤어요.",
      "srcPage": 12,
      "srcSentenceEA": 4,
      "srcWordEA": 25
    },
    {
      "srcTextID": "10236",
      "srcText": "오고와 가고는 즐거운 마음으로 가게를 나왔어요. 그때였어요! “앗! 노랑노랑 노란 양이야!” 어디선가 달려온 노란 양이 보랏빛 구멍으로 쏙! 오고와 가고도 노란 양을 뒤따라 보랏빛 구멍으로 쏘옥!",
      "srcPage": 13,
      "srcSentenceEA": 5,
      "srcWordEA": 30
    },
    {
      "srcTextID": "10238",
      "srcText": "오고와 가고는 원래 살던 곳으로 돌아왔어요. 이번에도 노란 양은 보이지 않았지요. 그때, 친구들이 오들오들 떨면서 다가왔어요.",
      "srcPage": 14,
      "srcSentenceEA": 3,
      "srcWordEA": 18
    },
    {
      "srcTextID": "128731",
      "srcText": "만약 물고기를 가진 사람이 열매를 원하지 않으면 어떻게 했을까요? 언제나 쉽게 물건을 맞바꿀 수는 없었지요. 그래서 조개껍데기, 쌀, 소금 등의 정해진 물품으로 물건의 값을 내기 시작했어요. 조개껍데기로 열매를 사고, 조개껍데기로 물고기를 사는 거예요.",
      "srcPage": 15,
      "srcSentenceEA": 4,
      "srcWordEA": 36
    },
    {
      "srcTextID": "128732",
      "srcText": "지금은 돈으로만 물건을 살 수 있나요? 오늘날에도 필요한 물건을 스스로 구하거나 물건을 서로 바꾸기도 해요. 작은 텃밭에서 채소를 키우기도 하고, 친구나 형제자매와 장난감을 바꾸기도 하지요. 또, 아주 커다란 회사들은 돈을 대신해 제품과 서비스를 맞교환하기도 하고요. 이렇게 지금도 돈으로만 물건을 사는 게 아니라 서로에게 필요한 형태로 주고받을 수 있어요!",
      "srcPage": 16,
      "srcSentenceEA": 5,
      "srcWordEA": 52
    }
  ]
}