{
  "title": "딱 걸렸어, 거란",
  "author": "장세정",
  "illustrator": "노성빈",
  "isbn": "9791165956066",
  "readAge": "초등_고학년",
  "publishedYear": 2022,
  "publisher": "아람북스",
  "classification": "사회관계",
  "paragraphInfoCount": 16,
  "paragraphInfo": [
    {
      "srcTextID": "5525",
      "srcText": "윗물이 터지자, 거란군은 강물에 빠져 허우적댔어. 숨어 있던 고려 군사들은 허둥대는 거란군을 손쉽게 무찔러 버렸어. 물이 어디서 갑자기 흘러나온 거지? ",
      "srcPage": 12,
      "srcSentenceEA": 3,
      "srcWordEA": 22
    },
    {
      "srcTextID": "5512",
      "srcText": "그래서 거란은 고려를 먼저 치기로 했어. 80만 명이나 되는 거란군이 쳐들어오자 고려 신하들은 잔뜩 겁을 먹었지. “항복하는 게 좋겠는데요.” ",
      "srcPage": 2,
      "srcSentenceEA": 3,
      "srcWordEA": 20
    },
    {
      "srcTextID": "5518",
      "srcText": "몇 년 뒤, 잠잠하던 거란이 다시 고려로 쳐들어왔어. “송나라와 또 친하게 지낸다며? 우리가 준 땅을 도로 내놔라!” ",
      "srcPage": 4,
      "srcSentenceEA": 3,
      "srcWordEA": 18
    },
    {
      "srcTextID": "5519",
      "srcText": "거란 왕은 직접 군사를 이끌고 고려의 왕이 있는 개경으로 들이닥쳤어. “당장 고려 임금을 찾아내라!” 하지만 현종은 벌써 피난을 가고 없었어. ",
      "srcPage": 6,
      "srcSentenceEA": 3,
      "srcWordEA": 21
    },
    {
      "srcTextID": "5520",
      "srcText": "거란군은 궁궐과 마을에 마구 불을 질렀어. 고려의 왕은 거란 왕에게 편지를 보내 거짓 약속을 하며 달랬지. ‘내가 나중에 직접 거란에 인사하러 가겠소.’ ",
      "srcPage": 7,
      "srcSentenceEA": 3,
      "srcWordEA": 24
    },
    {
      "srcTextID": "5522",
      "srcText": "그제야 거란 왕은 거란으로 돌아가기로 했어. 하지만 많은 고려 사람들이 거란으로 끌려갔단다. ‘감히 고려의 백성들을 붙잡아 가다니!’ ",
      "srcPage": 8,
      "srcSentenceEA": 3,
      "srcWordEA": 19
    },
    {
      "srcTextID": "5524",
      "srcText": "그동안 고려는 전쟁 준비를 단단히 해 두었지. 강감찬 장군은 군사들을 이끌고 흥화진으로 가서 소가죽으로 강물을 막아 놓았어. 그러고는 거란군이 우르르 강을 건너는 순간, “이때다! 강물을 터라!” ",
      "srcPage": 11,
      "srcSentenceEA": 4,
      "srcWordEA": 29
    },
    {
      "srcTextID": "5526",
      "srcText": "“이대로 포기 못 해! 고려 임금을 잡아가자!” 거란은 남은 군사를 모아 다시 개경으로 향했어. 고려 백성들은 서둘러 성안으로 피했어. ",
      "srcPage": 13,
      "srcSentenceEA": 4,
      "srcWordEA": 22
    },
    {
      "srcTextID": "5527",
      "srcText": "곡식과 가축, 무기를 옮겨 놓고 우물도 몽땅 메워 버렸지. 거란군은 개경 가까이 쳐들어갔지만, 물 한 모금, 곡식 한 톨 먹지 못했어. “싸움이고 뭐고, 배고프고 목말라서 못 살겠다!” ",
      "srcPage": 14,
      "srcSentenceEA": 3,
      "srcWordEA": 28
    },
    {
      "srcTextID": "5529",
      "srcText": "때마침 거센 바람이 거란군 쪽으로 불기 시작하자 고려군은 화살을 쏘아 댔지. 마침내 고려가 거란의 10만 대군을 물리쳤단다. 이 싸움이 바로 유명한 귀주 대첩이야. 세 차례나 거란을 물리친 고려에 드디어 평화가 찾아왔단다. ",
      "srcPage": 16,
      "srcSentenceEA": 4,
      "srcWordEA": 34
    },
    {
      "srcTextID": "5528",
      "srcText": "결국 거란군은 되돌아갈 수밖에 없었어. 강감찬 장군이 귀주에서 거란군을 기다리고 있었어. “거란군이다, 공격하라!” 기다리고 있던 병사들과 거란군을 뒤쫓던 병사들이 한꺼번에 거란군을 공격했어. ",
      "srcPage": 15,
      "srcSentenceEA": 4,
      "srcWordEA": 24
    },
    {
      "srcTextID": "5513",
      "srcText": "중국에서 거란과 송나라가 서로 힘을 겨루고 있었어. ‘우리가 송나라와 싸우는 동안 고려가 쳐들어오면 어쩌지?’ 그래서 거란은 고려를 먼저 치기로 했어. ",
      "srcPage": 1,
      "srcSentenceEA": 3,
      "srcWordEA": 22
    },
    {
      "srcTextID": "5516",
      "srcText": "서희는 재치와 지혜로 거란을 물리치고 압록강까지 영토를 넓혔단다. 거란의 침략 의도를 알 것 같군. 내가 직접 나서야겠어. 송나라만을 섬기다니, 참을 수 없다! 여진족을 내쫓고 다시 우리 땅으로 만들어 준다면 거란과 교류하겠다. ",
      "srcPage": 3,
      "srcSentenceEA": 5,
      "srcWordEA": 35
    },
    {
      "srcTextID": "5517",
      "srcText": "거란 왕은 군사를 둘로 나눠 공격했어. “너희는 여기서 양규를 물리쳐라. 우리는 개경으로 갈 것이다!” ",
      "srcPage": 5,
      "srcSentenceEA": 3,
      "srcWordEA": 15
    },
    {
      "srcTextID": "5521",
      "srcText": " 양규 장군은 거란군을 그냥 돌려보낼 수 없었어. “한 놈도 살려 보내지 마라!” 고려 군사들은 수많은 거란군을 해치우고 붙잡혀 가던 백성들을 구해 냈어. ",
      "srcPage": 9,
      "srcSentenceEA": 3,
      "srcWordEA": 24
    },
    {
      "srcTextID": "5523",
      "srcText": "군사를 거의 다 잃은 거란 왕은 허둥지둥 달아나 버렸지. 하지만 양규 장군은 그만 목숨을 잃고 말았어. 8년 뒤, 거란이 세 번째로 쳐들어왔어. ",
      "srcPage": 10,
      "srcSentenceEA": 3,
      "srcWordEA": 24
    }
  ]
}