{
  "title": "쇼핑이 정말 좋아!",
  "author": "오수민",
  "illustrator": "양혜민",
  "isbn": "9791165436377",
  "readAge": "초등_고학년",
  "publishedYear": 2022,
  "publisher": "아람북스",
  "classification": "사회관계",
  "paragraphInfoCount": 19,
  "paragraphInfo": [
    {
      "srcTextID": "10253",
      "srcText": "“드디어 새집으로 이사 왔다!” 도치는 열심히 짐을 옮기고, 짐 정리를 끝냈어요. “새집이 정말 마음에 들어. 그런데 집을 더 예쁘게 꾸밀 꽃과 꽃병이 있으면 좋겠는걸.” 도치는 쇼핑하러 가기로 했지요.",
      "srcPage": 1,
      "srcSentenceEA": 5,
      "srcWordEA": 31
    },
    {
      "srcTextID": "10382",
      "srcText": "도치가 선물 상자를 비비에게 내밀었어요. 비비는 도치를 보며 활짝 웃었지요. “하하, 도치야, 고마워. 넌 정말 쇼핑을 좋아하는구나!”",
      "srcPage": 19,
      "srcSentenceEA": 4,
      "srcWordEA": 19
    },
    {
      "srcTextID": "10354",
      "srcText": "도치는 마트를 나와 집으로 향했어요. 그런데 봉투 여러 개에 화분까지. 두 손으로 들기에도 너무 많고 무거웠어요.",
      "srcPage": 3,
      "srcSentenceEA": 3,
      "srcWordEA": 18
    },
    {
      "srcTextID": "10356",
      "srcText": "“아이, 기분이 별로 안 좋아. 텔레비전이나 봐야겠다.” 텔레비전을 켜니 홈 쇼핑에서 자전거를 팔고 있었어요. 헬멧과 보호대가 공짜라고? 아주 좋아!",
      "srcPage": 6,
      "srcSentenceEA": 5,
      "srcWordEA": 23
    },
    {
      "srcTextID": "10362",
      "srcText": "매진이라는 말에 너무 급하게 주문했나 봐. 또 물건을 계획 없이 사 버렸네. 도치는 자전거를 돌려보냈어요.",
      "srcPage": 9,
      "srcSentenceEA": 3,
      "srcWordEA": 17
    },
    {
      "srcTextID": "10369",
      "srcText": "비비는 도치의 집까지 짐을 옮겨 주었어요. 그런데 도치의 집에 들어가 짐을 놓는 순간 와르르! 봉투에 있던 물건들이 바닥에 쏟아졌어요.",
      "srcPage": 13,
      "srcSentenceEA": 3,
      "srcWordEA": 21
    },
    {
      "srcTextID": "10349",
      "srcText": "다음 날, 도치는 마트로 갔어요. 예쁜 꽃과 마음에 드는 꽃병, 멋진 화분을 샀어요. 게다가 귀여운 인형과 장난감도 샀지요. ",
      "srcPage": 2,
      "srcSentenceEA": 3,
      "srcWordEA": 20
    },
    {
      "srcTextID": "10353",
      "srcText": "그때 옆집에 사는 비비를 보았어요. 도치는 비비에게 멋지게 인사하고 싶었어요. 하지만 짐이 많아 허둥지둥. 제대로 인사를 할 수 없었지요. ",
      "srcPage": 4,
      "srcSentenceEA": 4,
      "srcWordEA": 22
    },
    {
      "srcTextID": "10355",
      "srcText": "도치는 많은 짐을 들고 겨우겨우 집에 왔어요. 새로 산 꽃과 꽃병은 마음에 쏙 들었어요. 그런데 집에 생각보다 화분이 많았어요. 장난감을 놓으려고 보니 비슷한 장난감이 있었어요. 도치는 계획 없이 물건을 산 것을 후회했지요.",
      "srcPage": 5,
      "srcSentenceEA": 5,
      "srcWordEA": 36
    },
    {
      "srcTextID": "10357",
      "srcText": "곧 매진이라는 말에 도치는 갑자기 흥분되었어요. 빨리 사야겠다고 생각했지요. 도치는 스마트폰으로 바로 주문했어요. “난 역시 쇼핑을 잘해! 쇼핑이 정말 좋아!”",
      "srcPage": 7,
      "srcSentenceEA": 5,
      "srcWordEA": 23
    },
    {
      "srcTextID": "10363",
      "srcText": "며칠 뒤 자전거가 배달되었어요. 그런데 배달되어 온 자전거가 맘에 안 들었어요. 집에 있는 자전거보다 별로잖아! ",
      "srcPage": 8,
      "srcSentenceEA": 3,
      "srcWordEA": 17
    },
    {
      "srcTextID": "10366",
      "srcText": "도치가 이번에는 음식을 사러 마트로 갔어요. 도치는 또 별생각 없이 이것저것 샀어요. 멍멍이가 사과를 사는 것을 보고 사과도 샀어요. 어느새 도치의 쇼핑 카트가 가득 찼어요. ",
      "srcPage": 10,
      "srcSentenceEA": 4,
      "srcWordEA": 28
    },
    {
      "srcTextID": "10368",
      "srcText": "쇼핑을 마친 도치는 밖으로 나왔어요. 물건이 너무 많아 혼자 들기에도 벅찼지요. 도치는 양손 가득 봉투를 들고 낑낑거리고 있었어요. ",
      "srcPage": 11,
      "srcSentenceEA": 3,
      "srcWordEA": 20
    },
    {
      "srcTextID": "10367",
      "srcText": "그때 비비가 다가왔어요. “우아, 물건을 많이 샀구나! 내가 도와줄까?” “비비야, 고마워. 이사 온 지 얼마 안 되어서 그래. 집에 먹을 것이 별로 없어서.” ",
      "srcPage": 12,
      "srcSentenceEA": 6,
      "srcWordEA": 26
    },
    {
      "srcTextID": "10374",
      "srcText": "“도치야, 음식을 이렇게 많이 사 놓으면 상할 텐데.” 도치의 얼굴이 벌겋게 달아올랐어요. “아, 그게 사다 보니까 이렇게 많아졌네.”",
      "srcPage": 14,
      "srcSentenceEA": 3,
      "srcWordEA": 19
    },
    {
      "srcTextID": "10373",
      "srcText": "“도치야, 나도 예전엔 계획 없이 물건을 사기도 했어. 이런 걸 충동구매라고 하지. 그래서 난 충동구매를 하지 않으려고 꼭 사야 할 물건을 종이에 적어. 너도 해 볼래?” 비비는 도치에게 쇼핑을 어떻게 해야 하는지 알려 주었어요. ",
      "srcPage": 15,
      "srcSentenceEA": 5,
      "srcWordEA": 38
    },
    {
      "srcTextID": "10376",
      "srcText": "비비가 돌아간 뒤 도치는 물건을 정리했어요. “비비가 집에 어떤 물건이 있는지 살펴보라고 했지? 그래야 비슷한 물건을 또 사지 않을 수 있댔어.”",
      "srcPage": 16,
      "srcSentenceEA": 3,
      "srcWordEA": 22
    },
    {
      "srcTextID": "10375",
      "srcText": "도치는 비슷한 물건끼리 모아 놓은 것을 보았어요. “아, 계획 없이 사서 쓰지 않은 물건들이 많네. 앞으로는 정말 필요한 물건인지 다시 한번 생각해야겠어. 그리고 꼭 계획한 것만 사야지.” ",
      "srcPage": 17,
      "srcSentenceEA": 4,
      "srcWordEA": 29
    },
    {
      "srcTextID": "10377",
      "srcText": "도치와 비비가 함께 쇼핑하기로 한 날이 되었어요. 마트 앞에서 비비가 도치에게 말했어요. “도치야, 오늘은 꼭 필요한 것만 사는 거야.”",
      "srcPage": 18,
      "srcSentenceEA": 3,
      "srcWordEA": 20
    }
  ]
}