{
  "title": "마리오네트, 체코를 지켜줘!",
  "author": "정명순",
  "illustrator": "박해랑",
  "isbn": "9791128215063",
  "readAge": "초등_고학년",
  "publishedYear": 2018,
  "publisher": "아람북스",
  "classification": "사회관계",
  "paragraphInfoCount": 22,
  "paragraphInfo": [
    {
      "srcTextID": "3264",
      "srcText": "네모난 상자에는 스웨터가 들어 있었어요.  ‘제발, 이번 상자에는 로봇 장난감이 들어 있기를.’ 마지막 상자를 열기 전에 프란츠는 기도했어요. 그리고 천천히 상자 뚜껑을 열었지요. ",
      "srcPage": 4,
      "srcSentenceEA": 4,
      "srcWordEA": 27
    },
    {
      "srcTextID": "3261",
      "srcText": "프란츠는 아침에 눈을 뜨자마자 잠옷도 갈아입지 않고 계단을 우당탕 뛰어 내려왔어요. “조심해, 그러다 넘어질라.” 프란츠는 엄마의 걱정에 잠시 천천히 걷는 듯했지만, 다시금 성큼성큼 내달렸어요. ",
      "srcPage": 1,
      "srcSentenceEA": 3,
      "srcWordEA": 25
    },
    {
      "srcTextID": "3260",
      "srcText": "프란츠가 이렇게 서두르는 이유는 무얼까요? 바로 오늘이 크리스마스이기 때문이에요. 프란츠가 일 년 내내 기다렸던 날이거든요.",
      "srcPage": 2,
      "srcSentenceEA": 3,
      "srcWordEA": 17
    },
    {
      "srcTextID": "3265",
      "srcText": "크리스마스트리 앞에는 선물 상자들이 놓여 있었어요. 프란츠는 작고 동그란 상자부터 열어 보았어요. 안에는 털모자가 들어 있었지요.",
      "srcPage": 3,
      "srcSentenceEA": 3,
      "srcWordEA": 18
    },
    {
      "srcTextID": "3263",
      "srcText": "그런데 안에는 우스꽝스러운 모습의 마리오네트 인형이 들어 있었어요. 로봇이란 말은 체코 말인 ‘로보타’에서 유래되었어요. 체코의 작가 차페크가 희곡 로숨의 유니버설 로봇에서 처음 사용했거든요. 로보타는 체코 말로 ‘일한다’라는 뜻이에요.",
      "srcPage": 5,
      "srcSentenceEA": 6,
      "srcWordEA": 33
    },
    {
      "srcTextID": "3269",
      "srcText": "프란츠는 며칠 전에 일부러 카를교를 건넜어요. 그 다리의 중간에 신부님 동상이 있는데, 아랫부분에 있는 동판을 만지며 소원을 빌면 반드시 이루어진다는 전설이 있거든요. 프란츠는 동판을 만지고 싶었지만, 아무리 팔을 뻗어도 닿지 않았어요. ",
      "srcPage": 7,
      "srcSentenceEA": 3,
      "srcWordEA": 33
    },
    {
      "srcTextID": "3268",
      "srcText": " 지나가는 어른에게 부탁해 겨우 만질 수 있었지요. 그렇게 어렵게 소원을 빌었지만, 아무 소용도 없었던 거예요. 성 얀 네포무츠키 신부 동상은 프라하에서 가장 유명한 동상이에요. 동상 아랫부분에 있는 동판을 만지며 소원을 빌면 반드시 이루어진다는 전설이 전해지지요. ",
      "srcPage": 8,
      "srcSentenceEA": 4,
      "srcWordEA": 39
    },
    {
      "srcTextID": "3270",
      "srcText": "“프란츠, 날 도와줘. 어서 나를 따라와.” 쿤테라는 살아 움직이며 말했어요. 아무도 조종하는 사람이 없었는데 말이에요. 프란츠는 어리둥절했지만, 옷을 갈아입고 쿤테라를 따라나섰어요.",
      "srcPage": 10,
      "srcSentenceEA": 5,
      "srcWordEA": 25
    },
    {
      "srcTextID": "3273",
      "srcText": "쿤테라는 프란츠를 데리고 프라하성으로 달려갔어요. “여기는 왜?” “쉿, 조용히 해!” 성안에는 망토를 입은 귀족들이 불을 피워 놓고 주변을 빙 둘러싸고 있었어요.",
      "srcPage": 11,
      "srcSentenceEA": 4,
      "srcWordEA": 22
    },
    {
      "srcTextID": "3274",
      "srcText": "“모두 타 버리기 전에 우리 말을 구해야 해!” 프란츠는 자기도 모르게 소리쳤어요. “침입자다, 저들을 잡아라!” 귀족들이 명령하자 창을 든 병사들이 몰려와 프란츠와 쿤테라를 에워쌌어요. 쿤테라가 용감하게 병사들 앞을 막아서는 순간, 겁에 질린 프란츠는 그만 정신을 잃었지요.",
      "srcPage": 13,
      "srcSentenceEA": 5,
      "srcWordEA": 39
    },
    {
      "srcTextID": "3280",
      "srcText": "쿤테라는 광장 한구석에 있는 인형극 무대 쪽으로 갔어요. “인형극을 하는 것처럼 나를 조종해 줘. 그러면 사람들이 우리 말을 들을 거야.” 쿤테라가 무대 위로 뛰어오르며 프란츠에게 말했지요.",
      "srcPage": 18,
      "srcSentenceEA": 4,
      "srcWordEA": 28
    },
    {
      "srcTextID": "3279",
      "srcText": "“사람들을 함부로 죽이다니, 나쁜 독일 군대를 그냥 두고만 볼 수 없다! 여러분, 우리 함께 힘을 모아서 독일 군대를 무찌릅시다!” 프란츠와 쿤테라의 말에 사람들이 술렁였어요. “맞아요, 힘을 모아요!” “독일 군대에 본때를 보여 주자고요!”",
      "srcPage": 19,
      "srcSentenceEA": 5,
      "srcWordEA": 34
    },
    {
      "srcTextID": "3267",
      "srcText": "할아버지가 마리오네트 인형을 조종하며 말했어요. 하지만 프란츠는 얼마 전에 친구가 자랑하던 로봇 장난감 생각만 자꾸 났어요. ‘치! 내가 그렇게 간절히 소원을 빌었는데, 이게 뭐야.’",
      "srcPage": 6,
      "srcSentenceEA": 4,
      "srcWordEA": 27
    },
    {
      "srcTextID": "3271",
      "srcText": "“프란츠, 얼른 일어나!” 프란츠는 누군가 깨우는 소리에 잠에서 깼어요. 까무룩 잠이 들었었나 봐요. 프란츠를 깨운 건 마리오네트 인형 쿤테라였어요.",
      "srcPage": 9,
      "srcSentenceEA": 4,
      "srcWordEA": 22
    },
    {
      "srcTextID": "3272",
      "srcText": "독일 말로 무언가를 외쳤지만, 프란츠는 알아들을 수 없었지요. “귀족들이 우리말로 된 책을 모두 태우고 있어. 저것 좀 봐! 이러다간 우리 말이 모두 사라져 버릴지도 몰라.” 신기하게도 불길이 거세질수록 프란츠는 아무 말도 할 수 없었어요.",
      "srcPage": 12,
      "srcSentenceEA": 5,
      "srcWordEA": 37
    },
    {
      "srcTextID": "3276",
      "srcText": "프란츠가 다시 눈을 뜬 곳은 프라하 광장이었어요. 쿤테라를 찾아다니던 프란츠는 어디에선가 들려오는 체코 말소리에 발걸음을 옮겼어요. 길 건너편에서 인형극이 펼쳐지고 있었지요.",
      "srcPage": 14,
      "srcSentenceEA": 3,
      "srcWordEA": 23
    },
    {
      "srcTextID": "3275",
      "srcText": "거기에 쿤테라도 있었어요. 그 모습을 바라보던 프란츠는 생각했어요. ‘인형 조종사와 마리오네트는 체코 말을 지키는 파수꾼 같아. 귀족들이 계속해서 우리 말을 없애려고 해도 모두가 힘을 합쳐 노력하면 우리 말을 지킬 수 있을 거야.’",
      "srcPage": 15,
      "srcSentenceEA": 4,
      "srcWordEA": 35
    },
    {
      "srcTextID": "3278",
      "srcText": "인형극이 끝나자, 쿤한테라는 다시 달리기 시작했어요. 뿌연 안개 속을 지났지만, 이상하게도 다시 프라하 광장이 나왔어요. 하지만 광장의 모습은 모두 변해 있었지요.",
      "srcPage": 16,
      "srcSentenceEA": 3,
      "srcWordEA": 23
    },
    {
      "srcTextID": "3277",
      "srcText": " “앗, 프라하 광장이 왜 이렇게 변했지?” “지금은 제2차 세계 대전 중이야. 전 세계가 전쟁 중이라고.” “이렇게 위험한 곳에 왜?” “여기서도 우리가 할 일이 있거든.”",
      "srcPage": 17,
      "srcSentenceEA": 5,
      "srcWordEA": 25
    },
    {
      "srcTextID": "3281",
      "srcText": "바로 그때 독일 군인들이 몰려왔어요. 탕! 탕! 탕! 쿤테라는 이번에도 프란츠를 감싸 안았어요. 하지만 총알 하나가 쿤테라의 팔을 스쳤지요. “으윽!” 또다시 프란츠와 쿤테라는 정신을 잃고 말았어요.",
      "srcPage": 20,
      "srcSentenceEA": 7,
      "srcWordEA": 32
    },
    {
      "srcTextID": "3282",
      "srcText": "“프란츠, 일어나라니까!”  엄마가 부르는 소리에 프란츠는 깜짝 놀라 벌떡 일어났어요.   “후유, 이게 다 꿈이었다니!”  프란츠는 괜히 쿤테라를 슬쩍 쳐다보았어요. ",
      "srcPage": 21,
      "srcSentenceEA": 4,
      "srcWordEA": 23
    },
    {
      "srcTextID": "3283",
      "srcText": "물론 쿤테라는 꼼짝도 하지 않았지요. 그런데 쿤테라의 팔에 깊은 상처가 남아 있었어요. “앗, 저것은 총알이 스친 상처인데.” 프란츠와 쿤테라는 서로를 한참 바라보았지요.",
      "srcPage": 22,
      "srcSentenceEA": 4,
      "srcWordEA": 24
    }
  ]
}