{
  "title": "왜 소녀의 사랑을 얻지 못했을까?",
  "author": "조정옥",
  "illustrator": "조정옥",
  "isbn": "9791128208461",
  "readAge": "초등_고학년",
  "publishedYear": 2017,
  "publisher": "아람",
  "classification": "사회관계",
  "paragraphInfoCount": 16,
  "paragraphInfo": [
    {
      "srcTextID": "132915",
      "srcText": "'소녀를 찾아가서 내 마음을 전할까? 아니야, 거절당하면 어떡해.' 하지만 햄릿 왕자는 이런저런 생각을 하느라, 선뜻 소녀를 찾아가지 못했어.",
      "srcPage": 10,
      "srcSentenceEA": 3,
      "srcWordEA": 20
    },
    {
      "srcTextID": "132942",
      "srcText": "소녀는 햄릿 왕자에게 크게 실망하고 말았지. 얼마 후, 마을에서 잔치가 벌어졌어. 그런데 잔치를 구경하던 햄릿 왕자와 돈키호테는 깜짝 놀라고 말았어.",
      "srcPage": 12,
      "srcSentenceEA": 3,
      "srcWordEA": 22
    },
    {
      "srcTextID": "132941",
      "srcText": "소녀가 한 젊은이와 결혼식을 치르고 있었거든. 햄릿 왕자와 돈키호테는 둘 다 크게 후회를 하며 터덜터덜 궁전으로 돌아갔대. 충동적인 돈키호테와 지나치게 생각만 하는 햄릿 왕자 대신 소녀는 신중하게 고백한 젊은이를 선택한 거였어.",
      "srcPage": 13,
      "srcSentenceEA": 3,
      "srcWordEA": 33
    },
    {
      "srcTextID": "132940",
      "srcText": "비극의 왕자, 햄릿 햄릿은 영국의 극작가인 셰익스피어가 쓴 희곡이에요. 덴마크 왕가의 왕자인 햄릿이 자신의 아버지를 죽인 이들에 맞서는 이야기예요. 오셀로, 리어왕,  맥베스와 더불어 셰익스피어 4대 비극 가운데 하나예요.",
      "srcPage": 14,
      "srcSentenceEA": 3,
      "srcWordEA": 31
    },
    {
      "srcTextID": "132906",
      "srcText": "옛날 어느 왕국에 햄릿 왕자가 살았어. 햄릿 왕자는 무슨 일이든 너무 깊이 생각하는 버릇이 있었어. '이쪽으로 갈까, 저쪽으로 갈까?'",
      "srcPage": 1,
      "srcSentenceEA": 3,
      "srcWordEA": 20
    },
    {
      "srcTextID": "132909",
      "srcText": "'소녀에게 말을 한번 걸어 볼까? 아니야, 싫어하면 어떡해.' 햄릿 왕자는 망설였어.",
      "srcPage": 4,
      "srcSentenceEA": 3,
      "srcWordEA": 13
    },
    {
      "srcTextID": "132943",
      "srcText": "저돌적인 기사, 돈키호테 에스파냐의 작가 세르반테스 사아베드라가 지은 소설이에요. 주인공 돈키호테가 부하 산초를 데리고 기사 수업에 나서면서 겪는 여러 가지 모험 이야기예요. 돈키호테는 무엇이든지 사실보다 과장하고, 터무니없이 헛된 생각을 하는 인물이에요.",
      "srcPage": 15,
      "srcSentenceEA": 3,
      "srcWordEA": 33
    },
    {
      "srcTextID": "132907",
      "srcText": "언덕에 이르렀을 때, 들꽃을 꺾고 있는 한 소녀를 보았지. '아아! 정말 예쁜 소녀로구나!' 햄릿 왕자와 돈키호테 모두 소녀를 좋아하게 되었어.",
      "srcPage": 3,
      "srcSentenceEA": 3,
      "srcWordEA": 22
    },
    {
      "srcTextID": "132911",
      "srcText": "\"처음 보는 사람이 날 사랑한다고? 말도 안 돼!\" 소녀는 깜짝 놀라며 서둘러 집으로 가 버렸어.",
      "srcPage": 6,
      "srcSentenceEA": 3,
      "srcWordEA": 17
    },
    {
      "srcTextID": "132913",
      "srcText": "하지만 소녀는 화난 표정으로 돈키호테에게 말했어. \"당신은 늘 제멋대로군요. 좀 신중했으면 좋겠어요.\"",
      "srcPage": 8,
      "srcSentenceEA": 3,
      "srcWordEA": 13
    },
    {
      "srcTextID": "132914",
      "srcText": "사실 소녀는 햄릿 왕자가 마음에 들었어. '오늘은 왕자님이 나를 만나러 오시지 않을까?' 소녀는 매일 언덕에 올라 햄릿 왕자를 기다렸지.",
      "srcPage": 9,
      "srcSentenceEA": 3,
      "srcWordEA": 20
    },
    {
      "srcTextID": "132945",
      "srcText": "햄릿 왕자는 길에서 소녀를 마주쳤을 때도 마찬가지였어. '아, 인사를 해 볼까? 아니야, 날 못 알아볼지도 모르잖아.' 햄릿 왕자는 이런저런 생각을 하느라 소녀를 지나치고 말았어.",
      "srcPage": 11,
      "srcSentenceEA": 4,
      "srcWordEA": 26
    },
    {
      "srcTextID": "132944",
      "srcText": "파스칼. 프랑스의 수학자이자 철학자예요. ‘인간이란 무엇인가?’에 대해 생각하여 “인간은 생각하는 갈대이다.”라는 말로 인간에 대한 정의를 내렸어요. 대표적인 책으로 팡세가 있어요.",
      "srcPage": 16,
      "srcSentenceEA": 6,
      "srcWordEA": 25
    },
    {
      "srcTextID": "132908",
      "srcText": "한편, 햄릿 왕자에게는 돈키호테라는 친구가 있었어. 돈키호테는 무슨 일이든 깊이 생각하지 않고 마음 내키는 대로 행동했지. 화창한 어느 봄날, 햄릿 왕자와 돈키호테는 말을 타고 산책하러 갔어.",
      "srcPage": 2,
      "srcSentenceEA": 3,
      "srcWordEA": 28
    },
    {
      "srcTextID": "132910",
      "srcText": "돈키호테는 다짜고짜 큰 소리로 말했어. \"소녀여, 난 당신을 사랑해요. 내 마음을 받아 주세요.\"",
      "srcPage": 5,
      "srcSentenceEA": 3,
      "srcWordEA": 14
    },
    {
      "srcTextID": "132912",
      "srcText": "그날 이후, 돈키호테는 마음 내킬 때마다 소녀를 불쑥 찾아가 말했어. \"당신을 사랑해요. 저와 결혼해 주세요.\"",
      "srcPage": 7,
      "srcSentenceEA": 3,
      "srcWordEA": 16
    }
  ]
}