{
  "title": "이순신의 작전이 궁금해",
  "author": "박예분",
  "illustrator": "정인성,천복주",
  "isbn": "9791128220470",
  "readAge": "초등_고학년",
  "publishedYear": 2018,
  "publisher": "아람북스",
  "classification": "사회관계",
  "paragraphInfoCount": 21,
  "paragraphInfo": [
    {
      "srcTextID": "19992",
      "srcText": "이순신은 아픈 몸을 이끌고 고을마다 다니며 무기와 군사를 모았어요. “이순신 장군님이 풀려나셨다!” “장군님, 만세! 만세!” 백성들이 몰려나와 기뻐했지요.",
      "srcPage": 19,
      "srcSentenceEA": 5,
      "srcWordEA": 20
    },
    {
      "srcTextID": "19993",
      "srcText": "군사들을 모으긴 했지만 턱없이 부족했어요. ‘거북선도 모두 불타 버리고 남은 배라고는 열두 척뿐이니, 일본의 그 많은 배를 무슨 수로 무찌르나.’ 이순신은 고민 끝에, 물길이 좁은 울돌목에서 싸우기로 했어요.",
      "srcPage": 20,
      "srcSentenceEA": 3,
      "srcWordEA": 30
    },
    {
      "srcTextID": "19994",
      "srcText": "“죽으려 하면 살 것이고, 살려고 하면 죽을 것이다! 일본 배가 수천 척이라 해도 두려워하지 마라!” 이순신은 작전대로 물길이 좁은 곳으로 몰려든 일본 배를 향해 대포를 쐈어요. 숨 쉴 틈 없는 공격에 일본 배들은 몹시 놀라 허둥거리며 도망을 갔지요.",
      "srcPage": 21,
      "srcSentenceEA": 4,
      "srcWordEA": 41
    },
    {
      "srcTextID": "19982",
      "srcText": "이순신은 배를 만드는 군관인 나대용을 불렀어요. 배의 위쪽을 지붕처럼 덮고 쇠못을 박는 걸세. 나대용은 눈이 휘둥그레졌어요.",
      "srcPage": 8,
      "srcSentenceEA": 3,
      "srcWordEA": 18
    },
    {
      "srcTextID": "19984",
      "srcText": "아니, 저 배는 뭐야! 사람 살려! 거북선이 연기를 뿜으며 앞으로 나아갔어요. 펑, 펑, 펑!",
      "srcPage": 10,
      "srcSentenceEA": 4,
      "srcWordEA": 17
    },
    {
      "srcTextID": "19974",
      "srcText": "“무기 창고를 둘러볼 것이니 준비하라!” 전라도 군사들을 지휘하러 온 이순신이 명령을 내렸어요. 빈둥거리던 군사들은 깜짝 놀라 우왕좌왕했지요.",
      "srcPage": 1,
      "srcSentenceEA": 3,
      "srcWordEA": 19
    },
    {
      "srcTextID": "19977",
      "srcText": "하지만 꾀를 부렸다가는 곤장을 맞기 일쑤였지요. 네 이놈! 이런 모습으로 어찌 나라를 지킬 수 있단 말이냐? 이순신은 군사들의 질서부터 바로잡았어요.",
      "srcPage": 4,
      "srcSentenceEA": 4,
      "srcWordEA": 23
    },
    {
      "srcTextID": "19985",
      "srcText": "얼마 뒤, 일본군은 배 열세 척을 가지고 사천 앞바다에 진을 쳤어요. 이순신은 군사들에게 말했지요. “거북선이 나설 차례다.”",
      "srcPage": 14,
      "srcSentenceEA": 3,
      "srcWordEA": 18
    },
    {
      "srcTextID": "19978",
      "srcText": "하지만 힘든 훈련이 끝나고 나면 따뜻하게 보살폈지요. 고생했구나. 오늘은 맛있는 음식을 먹고 푹 쉬도록 하여라. 군사들이 잠든 늦은 시간에도 이순신은 책을 펼치곤 했어요.",
      "srcPage": 5,
      "srcSentenceEA": 4,
      "srcWordEA": 26
    },
    {
      "srcTextID": "19988",
      "srcText": "일본군은 거북선만 보면 벌벌 떨었어요. “조선의 거북선을 보면 맞서지 말고 무조건 도망가라!” 얼마 뒤, 부산에 일본군이 쳐들어온다는 소문이 퍼졌어요.",
      "srcPage": 15,
      "srcSentenceEA": 3,
      "srcWordEA": 20
    },
    {
      "srcTextID": "19990",
      "srcText": " 전장에서 들려오는 소식을 들은 왕은 깊은 한숨을 쉬었지요. 뒤늦게 자신의 잘못을 깨달은 왕이 말했어요. “이순신을 다시 불러오라!”",
      "srcPage": 18,
      "srcSentenceEA": 3,
      "srcWordEA": 19
    },
    {
      "srcTextID": "19979",
      "srcText": "바다에서 싸울 때는 물살을 이용하는 게 좋겠군. 이순신은 배도 연구했어요. 우리 배는 적군이 뛰어들기 쉬워.",
      "srcPage": 6,
      "srcSentenceEA": 3,
      "srcWordEA": 17
    },
    {
      "srcTextID": "19980",
      "srcText": "싸우다가 총에 맞을 수도 있고 말이야. 며칠 동안 꼼짝 않던 이순신이 드디어 무릎을 탁 쳤어요. 그래, 바로 이거다!",
      "srcPage": 7,
      "srcSentenceEA": 3,
      "srcWordEA": 20
    },
    {
      "srcTextID": "19981",
      "srcText": "무거워서 물에 잘 뜰지 모르겠습니다. 걱정 말고 어서 만들어 보세. 이순신과 군사들은 새로운 배를 만드는 데 힘을 쏟았어요.",
      "srcPage": 9,
      "srcSentenceEA": 3,
      "srcWordEA": 20
    },
    {
      "srcTextID": "19983",
      "srcText": "거북선의 대포 소리가 바다를 뒤흔들었지요. 일본군이 뒤늦게 총을 쏘아 댔지만 총알은 거북선의 지붕에 부딪혀 튕겨 나갔어요. 일본군은 배를 버리고 허겁지겁 도망치기 바빴지요. 으악, 무서워!",
      "srcPage": 11,
      "srcSentenceEA": 4,
      "srcWordEA": 27
    },
    {
      "srcTextID": "19991",
      "srcText": "하지만 화가 난 왕은 이순신을 감옥에 가두었어요. 이순신이 없으니 우리 군사들은 번번이 지고 말았어요. “전하, 우리 배가 이제 열두 척밖에 남지 않았습니다.”",
      "srcPage": 17,
      "srcSentenceEA": 3,
      "srcWordEA": 23
    },
    {
      "srcTextID": "19975",
      "srcText": "이순신은 곧장 무기 창고로 갔어요. “화살은 턱없이 부족하고, 창칼은 녹슬었구나. 당장 손질하도록 하라!”",
      "srcPage": 2,
      "srcSentenceEA": 3,
      "srcWordEA": 14
    },
    {
      "srcTextID": "19976",
      "srcText": "이순신은 불호령을 내렸어요. 쳇, 새벽부터 눈코 뜰 새 없이 이게 뭐람. 밤낮없이 훈련을 받던 군사들이 투덜거렸어요.",
      "srcPage": 3,
      "srcSentenceEA": 3,
      "srcWordEA": 18
    },
    {
      "srcTextID": "19986",
      "srcText": "우리 배가 갑자기 뱃머리를 돌렸어요. 숨어 있던 거북선과 우리 배는 학의 날개 모양으로 일본 배를 둘러쌌지요. 이순신이 한산도 대첩에서 펼쳤던 학 날개 모양의 전술을 학익진이라고 해요.",
      "srcPage": 13,
      "srcSentenceEA": 3,
      "srcWordEA": 28
    },
    {
      "srcTextID": "19989",
      "srcText": "왕은 이순신에게 출동하라고 명령을 내렸지요. 그런데 이순신은 왕의 명령에 따르지 않았어요. 거짓 소문을 퍼뜨린 일본의 작전을 눈치채고 있었거든요.",
      "srcPage": 16,
      "srcSentenceEA": 3,
      "srcWordEA": 20
    },
    {
      "srcTextID": "19995",
      "srcText": "“만세! 만세! 이순신 장군 만세!” 바닷가에 백성들의 환호 소리가 울려 퍼졌어요. 고작 열세 척의 배로 백 척이 넘는 일본 배를 무찌른 이순신! 이순신은 우리나라의 귀하고 귀한 보물이었어요.",
      "srcPage": 22,
      "srcSentenceEA": 5,
      "srcWordEA": 32
    }
  ]
}