{
  "title": "미야자키 하야오가 받은 편지 ",
  "author": "서진희, 하늘땅",
  "illustrator": "조신애",
  "isbn": "9791128220586",
  "readAge": "초등_고학년",
  "publishedYear": 2018,
  "publisher": "아람북스",
  "classification": "사회관계",
  "paragraphInfoCount": 20,
  "paragraphInfo": [
    {
      "srcTextID": "1901",
      "srcText": "안녕, 꼬마 팬! 애니메이션 감독이 되고 싶다니, 기특하구나! 애니메이션을 만들려면 생각해야 할 것이 많단다.",
      "srcPage": 2,
      "srcSentenceEA": 3,
      "srcWordEA": 16
    },
    {
      "srcTextID": "1906",
      "srcText": "만화책을 보고 따라 그리기도 하고, 동화책을 읽고 마음속에 떠오르는 장면을 그려 보기도 했어. 마음에 들 때까지 몇 번을 그렸는지 몰라. 중학교 때에는 좋은 미술 선생님을 만났어. ",
      "srcPage": 4,
      "srcSentenceEA": 3,
      "srcWordEA": 28
    },
    {
      "srcTextID": "1914",
      "srcText": "꼬마 팬도 보았다는 이웃집 토토로 얘기도 들려줄까? 나는 아름다운 자연을 그리고 싶었단다. 동료들도 나하고 생각이 같았어. ",
      "srcPage": 13,
      "srcSentenceEA": 3,
      "srcWordEA": 18
    },
    {
      "srcTextID": "1913",
      "srcText": "“한적한 시골에 이사 온 꼬마들 이야기 어때?” “아름다운 숲에서 꼬마들의 상상이 이루어지면 좋겠어.” “맞아, 숲은 꼬마들의 놀이터! 그 놀이터에 숲의 정령이 사는 거지!”",
      "srcPage": 14,
      "srcSentenceEA": 4,
      "srcWordEA": 24
    },
    {
      "srcTextID": "1918",
      "srcText": "누워 있는 토토로, 앉아 있는 토토로, 우산을 들고, 뛰고, 날고. 나는 토토로가 된 것처럼 이리저리 움직였지. “이이이이이이, 아냐. 우우우우, 이것도 아니야. 뭬에!” ",
      "srcPage": 17,
      "srcSentenceEA": 5,
      "srcWordEA": 25
    },
    {
      "srcTextID": "1920",
      "srcText": "내게는 아주 특별한 스케치북이 하나 있단다. 그림을 그리고, 지우고, 다시 그리기를 반복할 수 있는. 바로 내 머릿속에 있는 스케치북이지. 그래서 나는 어떤 그림이든지 그릴 수 있단다. 너도 너만의 스케치북을 만들어 보는 건 어때?",
      "srcPage": 20,
      "srcSentenceEA": 5,
      "srcWordEA": 37
    },
    {
      "srcTextID": "1903",
      "srcText": "어떤 이야기를 들려줄지, 주인공은 누구로 정할지, 이야기 배경을 어떻게 할지. 그 가운데서도 가장 중요한 건 그림을 많이 그려 보는 것이란다. 나도 어릴 때부터 그림을 참 많이 그렸어. ",
      "srcPage": 3,
      "srcSentenceEA": 3,
      "srcWordEA": 29
    },
    {
      "srcTextID": "1904",
      "srcText": "그때까지만 해도 나는 다른 사람의 그림을 따라 그리기만 했거든. “이 물고기를 네 독특한 상상력으로 표현해 봐.” 선생님의 말씀을 듣고, 나는 신나게 떠오르는 대로 그리기 시작했지. ",
      "srcPage": 5,
      "srcSentenceEA": 3,
      "srcWordEA": 26
    },
    {
      "srcTextID": "1907",
      "srcText": "신이 난 나는 만화가가 되기로 마음먹었어. 틈나는 대로 동물원에 가서 열심히 관찰도 했단다. 곰이랑 원숭이들이 어떻게 움직이는지, 어떤 표정을 짓는지 꼼꼼하게 살펴서 열심히 그렸어.",
      "srcPage": 7,
      "srcSentenceEA": 3,
      "srcWordEA": 26
    },
    {
      "srcTextID": "1915",
      "srcText": " 자, 이제 어떤 이야기를 들려줄지 결정했으니 주인공을 만들어야지. 토토로가 어떻게 생겼는지 기억하니? 아름다운 숲을 지키는 정령이니까 좀 더 특별하고, 신비롭게 만들어야겠지? ",
      "srcPage": 15,
      "srcSentenceEA": 3,
      "srcWordEA": 24
    },
    {
      "srcTextID": "1916",
      "srcText": "부엉이와 곰, 너구리를 조금씩 섞어 볼까? 바로 이거야, 이거!” 나는 토토로를 셀 수도 없을 정도로 그리고 또 그렸어.",
      "srcPage": 16,
      "srcSentenceEA": 3,
      "srcWordEA": 20
    },
    {
      "srcTextID": "1905",
      "srcText": "그랬더니 물고기가 아주 재미있는 모습으로 바뀌는 거야. “하야오가 그린 물고기는 아주 멋진걸!” 나에게 그림 그리는 일만큼 재미있는 일은 없었지.",
      "srcPage": 6,
      "srcSentenceEA": 3,
      "srcWordEA": 20
    },
    {
      "srcTextID": "1909",
      "srcText": "하지만 백사전이라는 애니메이션을 본 뒤로 내 꿈은 바뀌었단다. 애니메이션 속 주인공이 살아 있는 것처럼 움직이는 거야! ‘내가 그린 주인공이 움직이면 기분이 어떨까?’ ",
      "srcPage": 8,
      "srcSentenceEA": 3,
      "srcWordEA": 24
    },
    {
      "srcTextID": "1908",
      "srcText": "생각만 해도 가슴이 콩닥거렸지. ‘그래! 움직이는 만화를 만드는 거야.’ 나는 대학을 졸업한 뒤, 애니메이션 만드는 일을 하게 되었단다. ",
      "srcPage": 9,
      "srcSentenceEA": 4,
      "srcWordEA": 21
    },
    {
      "srcTextID": "1910",
      "srcText": "애니메이션을 만드는 일은 생각보다 아주 어려웠어. 자연스러운 동작을 위해 수십, 수백 장의 그림을 그려야 했지. 하지만 내 손으로 그린 그림들이 마치 살아 있는 것처럼 움직이게 만드는 건 정말 신나는 일이었단다.",
      "srcPage": 10,
      "srcSentenceEA": 3,
      "srcWordEA": 32
    },
    {
      "srcTextID": "1912",
      "srcText": "내가 만들어야 할 애니메이션은 전쟁으로 파괴된 곳에서 간신히 살아남아서 그곳을 지키는 사람들의 이야기였어. 나는 아이들에게 전쟁의 참혹함보다는 희망을 주고 싶었어. 그때 만든 애니메이션이 미래 소년 코난이야.",
      "srcPage": 12,
      "srcSentenceEA": 3,
      "srcWordEA": 28
    },
    {
      "srcTextID": "1900",
      "srcText": "미야자키 하야오 할아버지, 안녕하세요? 저도 할아버지처럼 재미있는 애니메이션을 만들고 싶어요. 할아버지가 만든 이웃집 토토로랑 벼랑 위의 포뇨를 참말 재미있게 봤거든요. 어떻게 하면 할아버지처럼 될 수 있을까요? 엄마는 할아버지가 무척 바쁘실 거라고 했지만 그래도 꼭 알려 주세요!",
      "srcPage": 1,
      "srcSentenceEA": 5,
      "srcWordEA": 40
    },
    {
      "srcTextID": "1911",
      "srcText": " 그러던 어느 날, 꿈 같은 일이 생겼어. “하야오, 텔레비전에서 방영될 애니메이션을 만들어 보겠나?” 나는 당연히 하겠다고 했지.",
      "srcPage": 11,
      "srcSentenceEA": 3,
      "srcWordEA": 19
    },
    {
      "srcTextID": "1917",
      "srcText": "“또 시작이군, 또 시작이야.” “벌써 몇 시간째 거울만 보는 거야?” “저러다가 토토로가 괴물이 되어 버리는 거 아니야?”",
      "srcPage": 18,
      "srcSentenceEA": 3,
      "srcWordEA": 17
    },
    {
      "srcTextID": "1919",
      "srcText": "하지만 토토로의 귀여운 웃음은 바로 나, 하야오의 웃음을 그대로 따라 했지 뭐야. 얼마나 귀여워? 하지만 이게 다가 아니야. 열심히 그린 그림 위에 성우들의 재미난 목소리와 아름다운 음악을 입히자 마침내 이웃집 토토로가 완성되었지. 생생하고 아름다운 자연을 담은 채 말이야.",
      "srcPage": 19,
      "srcSentenceEA": 5,
      "srcWordEA": 42
    }
  ]
}