{
  "title": "모차르트? 우리가 잘 알지",
  "author": "김준영",
  "illustrator": "김은혜",
  "isbn": "9791128220715",
  "readAge": "초등_고학년",
  "publishedYear": 2018,
  "publisher": "아람북스",
  "classification": "사회관계",
  "paragraphInfoCount": 18,
  "paragraphInfo": [
    {
      "srcTextID": "119188",
      "srcText": "\"오페라 하면 다 폰테가 나서야지! 모차르트가  피가로의 결혼을 함께 만들자고 한 날이 생각나는군.\" 다 폰테 씨, 오페라에는 왜 신들 이야기만 나오는 거죠? 그야 귀족들이 그런 이야기를 좋아하니까!",
      "srcPage": 7,
      "srcSentenceEA": 4,
      "srcWordEA": 31
    },
    {
      "srcTextID": "119191",
      "srcText": "\"우리는 온종일 붙어서 오페라를 만들었소. 내가 이야기를 쓰면 모차르트가 그 이야기에 맞춰 곡을 썼지. 모차르트는 음표 하나도 쉽게 넣지 않았소. 몇 날 며칠을 고민했으니 말이오.\" 다 폰테의 말을 듣던 난네를은 말없이 고개를 끄덕거렸어요.",
      "srcPage": 10,
      "srcSentenceEA": 5,
      "srcWordEA": 37
    },
    {
      "srcTextID": "119192",
      "srcText": "\"그렇게 정성껏 만들었지만  피가로의 결혼은 처음에 별로 인기가 없었소. 어떤 귀족들은 노발대발했지.\" 다 폰테의 말에 난네를은 코웃음을 쳤어요. \"후후, 오페라 속에서 골탕 먹는 귀족들이 꼭 자기들 같았겠죠.\"",
      "srcPage": 11,
      "srcSentenceEA": 4,
      "srcWordEA": 30
    },
    {
      "srcTextID": "119197",
      "srcText": "사나운 동물도 춤추게 하는 마술피리! 용감한 왕자와 똑똑하고 씩씩한 공주! 그들을 괴롭히는 무시무시한 밤의 여왕!",
      "srcPage": 16,
      "srcSentenceEA": 3,
      "srcWordEA": 17
    },
    {
      "srcTextID": "119189",
      "srcText": "그러니까 더 하고 싶은 거죠!  피가로의 결혼을 오페라에 맞게 다시 써 주세요. 하하, 좋네! 어디 한번 해 볼까?",
      "srcPage": 9,
      "srcSentenceEA": 4,
      "srcWordEA": 22
    },
    {
      "srcTextID": "119183",
      "srcText": "난네를과 다 폰테는 신문을 보고 있었어요. \"모차르트가 세상을 떠난 지도 벌써 꽤 되었군. 이런 기사가 나오는 걸 보면 말이오.\" \"그러게요, 모차르트의 피아노 소리가 그리워요.\" 난네를은 빙긋 웃으며 말했어요.",
      "srcPage": 2,
      "srcSentenceEA": 5,
      "srcWordEA": 30
    },
    {
      "srcTextID": "119184",
      "srcText": "\"모차르트는 어릴 때부터 피아노 건반을 뚱땅거렸어요. 나는 몇 날 며칠 연습해서 겨우 연주했던 곡을 모차르트는 30분 만에 연주하고는 했지요.\" \"하하, 조금 샘도 났겠소.\" 다 폰테가 놀리듯 말하자 난네를은 고개를 저었어요. \"샘도 못 낼 정도로 그 아인 뛰어났어요. 다섯 살에는 곡을 직접 만들었다니까요!\"",
      "srcPage": 3,
      "srcSentenceEA": 6,
      "srcWordEA": 45
    },
    {
      "srcTextID": "119185",
      "srcText": "\"우리는 아버지와 자주 연주 여행을 다녔어요.\" 난네를의 이야기를 듣던 다 폰테가 무릎을 탁 쳤어요. \"맞아, 맞아! 그때 당신들 소문은 나도 들었소! 모차르트가 눈을 가리고도 연주를 했다지?\"",
      "srcPage": 4,
      "srcSentenceEA": 5,
      "srcWordEA": 29
    },
    {
      "srcTextID": "119187",
      "srcText": "난네를은 그때를 떠올렸어요. \"여행에서 가장 좋았던 건 훌륭한 곡을 들을 수 있었던 거예요. 모차르트는 무슨 곡이든 들었다 하면 비슷한 곡을 만들어 냈죠. 음악에 빨대를 콕 꽂고 음악을 쪽 빨아들이는 것처럼요. 모차르트는 오페라를 가장 좋아했어요.\"",
      "srcPage": 6,
      "srcSentenceEA": 5,
      "srcWordEA": 37
    },
    {
      "srcTextID": "119196",
      "srcText": "모차르트를 그리워하며 다 폰테가 말했어요. \"하지만 모차르트는 나 없이도 마술피리라는 아름다운 오페라를 만들었지.\" \"맞아요, 마술피리는 정말 많은 사랑을 받았지요.\"",
      "srcPage": 15,
      "srcSentenceEA": 3,
      "srcWordEA": 19
    },
    {
      "srcTextID": "119182",
      "srcText": "모차르트의 누나 난네를과 모차르트의 친구 다 폰테! 두 사람은 서로 만난 적은 없지만, 모차르트를 잘 알았죠. 이들이 만난다면 무슨 이야기를 했을까요? 이 책은 이런 상상에서 시작되었어요.",
      "srcPage": 1,
      "srcSentenceEA": 4,
      "srcWordEA": 29
    },
    {
      "srcTextID": "119186",
      "srcText": "\"호호, 그래요. 사람들은 모차르트를 천재라고 했지만, 난 알고 있었어요. 그 아이가 얼마나 지독한 연습 벌레였는지.\"",
      "srcPage": 5,
      "srcSentenceEA": 3,
      "srcWordEA": 17
    },
    {
      "srcTextID": "119190",
      "srcText": "난 귀족들 코를 납작하게 해 줄 오페라를 만들고 싶어요. 바로 피가로의 결혼처럼 말이에요!그건 귀족이 바보처럼 나오는 연극 아닌가? 귀족들이 싫어할 텐데.",
      "srcPage": 8,
      "srcSentenceEA": 4,
      "srcWordEA": 24
    },
    {
      "srcTextID": "119193",
      "srcText": "\"하지만 모차르트와 내가 포기할 사람들이 아니지. 다른 도시로 가서 계속 공연을 했으니까!\" 어쩜, 이런 교양 없는 오페라를 공연할 수 있는지, 참! 세상에, 이건 귀족을 모욕한 거야!",
      "srcPage": 12,
      "srcSentenceEA": 4,
      "srcWordEA": 29
    },
    {
      "srcTextID": "119194",
      "srcText": "\"그러다가 드디어 우리 오페라를 좋아하는 사람들을 만났지! 공연이 끝나면 사람들이 일어나 박수를 치고 환호를 보냈다오. 허허, 정말 신나는 일이었소. 하인도 마부도 수선공도 우리의 오페라를 흥얼거렸으니까!\"",
      "srcPage": 13,
      "srcSentenceEA": 4,
      "srcWordEA": 28
    },
    {
      "srcTextID": "119195",
      "srcText": "\"다 폰테 씨, 그런데 왜 모차르트와 계속 오페라를 만들지 않았나요?\" \"귀족들 입맛에 맞지 않는 오페라를 만들다 보니 미움을 많이 받았다오. 난 결국 외국으로 떠났는데, 그 뒤 모차르트를 두 번 다시 볼 수 없었지.\"",
      "srcPage": 14,
      "srcSentenceEA": 3,
      "srcWordEA": 34
    },
    {
      "srcTextID": "119198",
      "srcText": "\"마술피리는 동화 같아서 아이들도 무척 좋아했지요. 더구나 독일어로 만들어서 누구나 쉽게 알아들을 수 있었으니 얼마나 좋았겠어요.\" 다 폰테가 맞장구쳤어요. \"맞소! 귀족들은 이탈리아어로 된 오페라를 고집했지만 모차르트에게는 안 통했지. 정말 대단한 친구였소!\"",
      "srcPage": 17,
      "srcSentenceEA": 5,
      "srcWordEA": 35
    },
    {
      "srcTextID": "119199",
      "srcText": "난네를과 다 폰테는 모차르트를 떠올리며 다시 신문을 들여다보았어요. 난네를은 다 폰테에게 눈을 찡긋하더니 신문에 무언가를 적기 시작했지요. \"진짜 모차르트를 아는 사람이라면 이렇게 썼겠죠?\" \"하하, 맞는 말이오! 그렇지, 모차르트?\"",
      "srcPage": 18,
      "srcSentenceEA": 5,
      "srcWordEA": 30
    }
  ]
}