{
  "title": "에디슨이 또 발명을 했어",
  "author": "우은경, 하늘땅",
  "illustrator": "이정숙",
  "isbn": "9791128220920",
  "readAge": "초등_고학년",
  "publishedYear": 2018,
  "publisher": "아람북스",
  "classification": "사회관계",
  "paragraphInfoCount": 23,
  "paragraphInfo": [
    {
      "srcTextID": "1426",
      "srcText": "나는 특허청에서 일하는 존이야. 새로운 물건을 만든 사람에게 특허증을 내주는 일을 해. 나는 어릴 때부터 발명에 관심이 많아서 발명가들을 만나는 일이 즐거웠지. ",
      "srcPage": 1,
      "srcSentenceEA": 3,
      "srcWordEA": 24
    },
    {
      "srcTextID": "1425",
      "srcText": " 그런데 언제부터인가 어떤 사람을 기다리게 됐어. 하나 받기도 힘든 특허증을 엄청나게 많이 받은 사람이지. 그 사람은 늘 빨간색 끈으로 묶은 상자를 가져와. ",
      "srcPage": 2,
      "srcSentenceEA": 3,
      "srcWordEA": 25
    },
    {
      "srcTextID": "1427",
      "srcText": "앗, 그 사람이 또 왔어! 실제로 에디슨은 특허를 많이 받았어요. 하지만 보통은 직접 오지 않고, 빨간 리본으로 묶은 봉투를 특허청에 보냈지요. 에디슨이 특허를 받기 위해 찾아와서 존을 만나는 장면은 상상해서 꾸민 이야기예요.",
      "srcPage": 3,
      "srcSentenceEA": 4,
      "srcWordEA": 35
    },
    {
      "srcTextID": "1428",
      "srcText": " “에디슨 씨, 이번에는 어떤 것을 발명했나요?” “편리한 전화기예요.” 그럴 리가! 전화기는 벨이 먼저 만들어서 벌써 특허를 받았거든. 내가 고개를 갸웃거리자 에디슨이 말했어. “벨 씨가 만든 전화기는 구멍 하나로 말하고 듣지만, 제 전화기는 달라요.”",
      "srcPage": 4,
      "srcSentenceEA": 6,
      "srcWordEA": 36
    },
    {
      "srcTextID": "1429",
      "srcText": " 에디슨은 어깨를 으쓱했어. “어떻게 하면 더 편리할지 늘 생각하지요.” 나는 에디슨이 하는 말을 비밀 수첩에 적어 두었지.",
      "srcPage": 6,
      "srcSentenceEA": 3,
      "srcWordEA": 19
    },
    {
      "srcTextID": "1430",
      "srcText": " 에디슨은 자신이 만든 전화기를 보여 주며 말했어. “내가 만든 건 말하는 구멍, 듣는 구멍이 따로 있어요.” “우아, 발명품을 이렇게 많이 만들 수 있는 비결이 뭐예요?” ",
      "srcPage": 5,
      "srcSentenceEA": 3,
      "srcWordEA": 26
    },
    {
      "srcTextID": "1431",
      "srcText": " 하루는 에디슨이 허겁지겁 뛰어왔어. “내가 말하는 기계를 발명했어요. 바로 ‘축음기’예요!” 나는 믿을 수가 없었지.",
      "srcPage": 7,
      "srcSentenceEA": 4,
      "srcWordEA": 18
    },
    {
      "srcTextID": "1432",
      "srcText": "기계가 어떻게 말을 하겠어? 에디슨이 축음기를 돌리면서 노래를 했어. 그러고는 손잡이를 또 빙빙 돌렸더니 방금 에디슨이 부른 노래가 그대로 기계에서 흘러나오지 뭐야.",
      "srcPage": 8,
      "srcSentenceEA": 3,
      "srcWordEA": 24
    },
    {
      "srcTextID": "1433",
      "srcText": " “도대체 이렇게 신기한 걸 어떻게 만든 거예요?” 나는 눈을 깜박거리며 물었어. “어떻게 하면 더 새로울지 생각했어요.” ",
      "srcPage": 9,
      "srcSentenceEA": 3,
      "srcWordEA": 17
    },
    {
      "srcTextID": "1441",
      "srcText": "매달아 놓은 전구들이 알알이 빛났거든. 마치 밤하늘에 보석을 매달아 놓은 것 같았지. 에디슨은 1876년에 ‘멘로 파크’라는 도시에 연구소를 차리고 많은 실험과 발명을 했어요.",
      "srcPage": 17,
      "srcSentenceEA": 4,
      "srcWordEA": 26
    },
    {
      "srcTextID": "1442",
      "srcText": " “에디슨 씨, 새로운 전구를 어떻게 생각해 냈죠?” 한 기자가 질문하자 에디슨이 자랑스럽게 대답했어. “어떻게 하면 더 많은 사람이 쓸 수 있을까 생각했어요.”",
      "srcPage": 18,
      "srcSentenceEA": 3,
      "srcWordEA": 23
    },
    {
      "srcTextID": "1447",
      "srcText": "에디슨이 만든 발명품은 엉뚱한 생각에서 시작된 게 많아. 무언가 떠오르면 망설이지 말고 우선 만들어 봐야지. 그러다 보면 나도 멋진 발명가가 될 수 있을 거야. 바로, 에디슨처럼 말이야!",
      "srcPage": 23,
      "srcSentenceEA": 4,
      "srcWordEA": 30
    },
    {
      "srcTextID": "1436",
      "srcText": " 그런데 웬걸, 에디슨이 또 왔어! “제가 만든 전구예요.” “전구는 이미 있는걸요?”",
      "srcPage": 12,
      "srcSentenceEA": 3,
      "srcWordEA": 12
    },
    {
      "srcTextID": "1439",
      "srcText": "에디슨은 탐탁지 않은 표정으로 돌아갔어. 에디슨은 백금으로 필라멘트를 만들어 특허를 받았어요. 하지만 백금 필라멘트는 비싸기도 하고, 금세 타 버리기 일쑤였지요. 그래서 에디슨은 더 오래 쓸 수 있는 필라멘트를 연구했어요.",
      "srcPage": 15,
      "srcSentenceEA": 4,
      "srcWordEA": 32
    },
    {
      "srcTextID": "1440",
      "srcText": " 얼마 뒤 나는 에디슨의 초대를 받고 멘로 파크로 갔어. 기차에서 내리자마자 번쩍번쩍! “오, 세상에!” 나는 너무 놀라서 뒤로 넘어질 뻔했어. ",
      "srcPage": 16,
      "srcSentenceEA": 4,
      "srcWordEA": 23
    },
    {
      "srcTextID": "1443",
      "srcText": "나는 비밀 수첩에 적는 것도 까맣게 잊어 버렸어. 에디슨은 싼 전구를 만들기 위해 수천 번이나 실험을 했대. 비싼 백금 대신 불에 태운 목화 실을 넣은 거지.",
      "srcPage": 19,
      "srcSentenceEA": 3,
      "srcWordEA": 28
    },
    {
      "srcTextID": "1434",
      "srcText": "에디슨이 으스대며 말했지. 나는 또 내 비밀 수첩에 사각사각 적었어. 에디슨을 따라 하면 나도 새로운 물건을 만들지도 모르니까.",
      "srcPage": 10,
      "srcSentenceEA": 3,
      "srcWordEA": 20
    },
    {
      "srcTextID": "1438",
      "srcText": "“흠, 그렇긴 하지요. 게다가 금방 타 버리는 단점도 있어요. 아무래도 실험을 더 해야겠어요.”",
      "srcPage": 14,
      "srcSentenceEA": 3,
      "srcWordEA": 15
    },
    {
      "srcTextID": "1446",
      "srcText": "그래도 에디슨처럼 끊임없이 만드는 게 중요해. 나는 비밀 수첩까지 있으니까 에디슨보다 더 뛰어난 발명왕이 될지도 몰라. 나는 수첩에 써 놓은 것을 다시 한번 살폈어.",
      "srcPage": 22,
      "srcSentenceEA": 3,
      "srcWordEA": 26
    },
    {
      "srcTextID": "1435",
      "srcText": " 에디슨의 축음기는 신문에도 대문짝만하게 실렸어. 이제 에디슨을 모르는 사람이 없었지. 그리고 걸핏하면 사람들이 우르르 몰려와 눈코 뜰 새가 없다지 뭐야. 에디슨이 바빠서 특허청에 못 오면 비밀 수첩을 어떻게 채우지?",
      "srcPage": 11,
      "srcSentenceEA": 4,
      "srcWordEA": 33
    },
    {
      "srcTextID": "1437",
      "srcText": "“빛을 내는 필라멘트를 백금으로 만들었어요.” 나는 전구를 요리조리 살펴보았어. “백금은 비싸지 않나요?”",
      "srcPage": 13,
      "srcSentenceEA": 3,
      "srcWordEA": 13
    },
    {
      "srcTextID": "1445",
      "srcText": "하지만 에디슨이 만든 것이 모두 쓸모 있었던 것만은 아니야. 에디슨은 덜덜 떨리는 전기 펜을 만들었어. 대체 어디다 쓰려고 했는지 모르겠지만 말이야.",
      "srcPage": 20,
      "srcSentenceEA": 3,
      "srcWordEA": 23
    },
    {
      "srcTextID": "1444",
      "srcText": "게다가 ‘덩어리 집’은 어떻고? 집 모양 틀에 콘크리트를 부어 한 번에 집을 만드는 거였어. 하지만 아무도 그 집에서 살고 싶어 하지 않았지.",
      "srcPage": 21,
      "srcSentenceEA": 4,
      "srcWordEA": 25
    }
  ]
}