{
  "title": "잘했어, 아문센!  힘내, 스콧!",
  "author": "김유리, 아람",
  "illustrator": "이형진",
  "isbn": "9791128221040",
  "readAge": "초등_고학년",
  "publishedYear": 2018,
  "publisher": "아람북스",
  "classification": "사회관계",
  "paragraphInfoCount": 25,
  "paragraphInfo": [
    {
      "srcTextID": "2372",
      "srcText": "스콧 탐험대가 눈보라에 꼼짝도 못 하는 동안, 아문센은 남극점을 코앞에 두고 있었어. 1911년 12월 14일 오후 3시. 드디어 꿈에 그리던 남극점에 도착한 아문센!",
      "srcPage": 15,
      "srcSentenceEA": 3,
      "srcWordEA": 25
    },
    {
      "srcTextID": "2376",
      "srcText": "존경하는 스콧 대장님! 도움이 될 만한 것들을 천막 안에 두고 갈 테니 쓰도록 하세요. 그리고 무사히 돌아가시길 바랍니다. - 아문센 -",
      "srcPage": 18,
      "srcSentenceEA": 4,
      "srcWordEA": 24
    },
    {
      "srcTextID": "2379",
      "srcText": "아문센 탐험대는 돌아가는 길도 막힘없었어. “대장 말대로 깃발을 많이 꽂아 두길 잘했어요. 돌아가는 길을 쉽게 찾을 수 있잖아요!” “저장소도 많이 만들어서 다행이에요. 덕분에 충분히 쉬면서 갈 수 있네요!”",
      "srcPage": 20,
      "srcSentenceEA": 5,
      "srcWordEA": 30
    },
    {
      "srcTextID": "2370",
      "srcText": "게다가 손발에 동상이 걸려 물집이 터지곤 했지. “저장소가 적어서 음식과 연료가 부족해요. 이래서 남극점에 도착할 수나 있을까요?” 스콧의 대원들은 배고픔과 추위에 떨며 걱정했어.",
      "srcPage": 14,
      "srcSentenceEA": 4,
      "srcWordEA": 25
    },
    {
      "srcTextID": "2341",
      "srcText": "탐험가들은 서로 남극점에 가겠다며 나섰어. “남극점에는 내가 갈 거야!” 노르웨이 탐험가 아문센이 남극 대륙을 향해 출발했어. 아문센은 북극에도 다녀온 적이 있는 용감한 탐험가였지.",
      "srcPage": 2,
      "srcSentenceEA": 4,
      "srcWordEA": 25
    },
    {
      "srcTextID": "2342",
      "srcText": "아문센은 오직 남극점에 빨리 가는 것만이 목적이었어. 그래서 탐험 대원과 짐을 딱 필요한 만큼만 꾸렸지. 스콧은 남극점에 가면서 남극 대륙도 조사할 계획이었어. 그래서 탐험 대원과 짐을 넉넉하게 꾸렸지.",
      "srcPage": 3,
      "srcSentenceEA": 4,
      "srcWordEA": 31
    },
    {
      "srcTextID": "2345",
      "srcText": "스콧은 남극의 자연환경을 조사하면서 준비를 했어. 그러다 보니 시간이 부족했던 스콧은 서둘러 준비를 마쳐야 했어. 저장소는 딱 필요한 만큼만 만들기! 저장소에 음식과 연료는 적당히 넣어 두기! 가는 길에 깃발도 딱 필요한 만큼만 표시하기!",
      "srcPage": 7,
      "srcSentenceEA": 5,
      "srcWordEA": 37
    },
    {
      "srcTextID": "2360",
      "srcText": "그사이 남극 대륙의 매서운 겨울이 끝나 가고 있었어. ‘아직 춥긴 하지만 하루라도 빨리 가야 해!’ 아문센은 스콧에게 지지 않으려고 서둘러 떠났지. “빨리 움직여야 하니 짐을 줄이고, 썰매 \n 개는 많이 데리고 갑시다!”",
      "srcPage": 8,
      "srcSentenceEA": 4,
      "srcWordEA": 34
    },
    {
      "srcTextID": "2361",
      "srcText": "스콧은 아문센보다 늦게 출발했어. 아문센이 그렇게 빨리 출발한 줄은 꿈에도 몰랐지. “필요한 짐은 모두 싣고, 모터 썰매와 조랑말도 꼼꼼히 챙깁시다!” 남극 대륙의 겨울은 우리나라 겨울보다 훨씬 춥고, 해가 뜨지 않는 날도 있어서 탐험하기에 좋지 않아요. 그래서 스콧과 아문센은 겨울이 끝나기를 기다려 탐험을 떠나는 거예요.",
      "srcPage": 9,
      "srcSentenceEA": 5,
      "srcWordEA": 47
    },
    {
      "srcTextID": "2364",
      "srcText": "아직 겨울이 끝나지 않은 탓에 추위를 견디기 힘들었거든. 어쩔 수 없이 아문센은 다시 출발점으로 돌아가 날씨가 따뜻해지기를 기다려야 했어. 아문센은 초조했지. ‘스콧이 앞서가고 있는 건 아닐까?’",
      "srcPage": 10,
      "srcSentenceEA": 4,
      "srcWordEA": 29
    },
    {
      "srcTextID": "2368",
      "srcText": "그사이 아문센은 다시 남극점을 향해 신나게 달리고 있었어. “역시 눈 위에서는 썰매 개가 최고야!” 다행히 아문센이 가는 곳마다 날씨가 좋았지.",
      "srcPage": 12,
      "srcSentenceEA": 3,
      "srcWordEA": 21
    },
    {
      "srcTextID": "2373",
      "srcText": "스콧이 다녀간 흔적은 어디에도 없었지. “우리가 해냈어! 우리가 가장 먼저 도착했다고!” 아문센은 벅찬 마음으로 노르웨이 국기를 힘껏 꽂았어. 스콧은 어떻게 되었을까?",
      "srcPage": 16,
      "srcSentenceEA": 5,
      "srcWordEA": 24
    },
    {
      "srcTextID": "2374",
      "srcText": "그로부터 한 달쯤 뒤, 스콧 탐험대도 겨우겨우 남극점에 도착했어. 하지만 그곳에는 노르웨이 국기가 펄럭이고 있었지. 아문센이 남긴 쪽지와 함께 말이야.",
      "srcPage": 17,
      "srcSentenceEA": 3,
      "srcWordEA": 22
    },
    {
      "srcTextID": "2375",
      "srcText": "스콧은 하늘이 무너지는 것 같았지만, 다시 마음을 다잡았지. ‘비록 아문센에게는 졌지만 목표는 이뤘어. 이제 대원들과 무사히 돌아가는 일만 남은 거야.’",
      "srcPage": 19,
      "srcSentenceEA": 3,
      "srcWordEA": 22
    },
    {
      "srcTextID": "2377",
      "srcText": "그러나 스콧 탐험대는 사정이 달랐어. 돌아오는 길에도 날마다 눈보라를 만났지. 게다가 꽂아 둔 깃발도 눈 속에 파묻혀 잘 보이지 않았어.",
      "srcPage": 21,
      "srcSentenceEA": 3,
      "srcWordEA": 22
    },
    {
      "srcTextID": "2384",
      "srcText": "노르웨이에 돌아온 아문센은 단숨에 영웅이 되었어. “남극점에 간 최초의 탐험가, 아문센 만세!” “대결에서 승리한 아문센 최고!” 수많은 사람들이 박수를 치며 환호했어. 아문센은 세계 곳곳을 다니며 사람들에게 탐험 이야기를 들려주었지.",
      "srcPage": 25,
      "srcSentenceEA": 5,
      "srcWordEA": 31
    },
    {
      "srcTextID": "2344",
      "srcText": "남극 대륙에 도착한 아문센은 바로 탐험 준비를 시작했어. 아주 꼼꼼하고 치밀하게 말이야. 저장소는 최대한 많이 만들기!",
      "srcPage": 5,
      "srcSentenceEA": 3,
      "srcWordEA": 18
    },
    {
      "srcTextID": "2346",
      "srcText": "저장소에 음식과 연료를 넉넉하게 넣어 두기! 가는 길에 깃발과 검은 널빤지로 많은 곳에 표시하기! 저장소란 남극점까지 가는 길에 필요한 음식과 연료를 넣어 두는 곳을 말해요.",
      "srcPage": 6,
      "srcSentenceEA": 3,
      "srcWordEA": 27
    },
    {
      "srcTextID": "2367",
      "srcText": "할 수 없이 대원들이 대신 썰매를 끌어야 했지. 그러다 보니 탐험대의 속도가 느려질 수밖에! 스콧은 눈앞이 캄캄해졌어. ‘아문센은 어디쯤 가고 있을까?’",
      "srcPage": 11,
      "srcSentenceEA": 4,
      "srcWordEA": 24
    },
    {
      "srcTextID": "2369",
      "srcText": "또한 개들이 아프지 않도록 먹이도 충분히 주면서 보살폈어. “저장소가 많아서 얼마나 다행인지 몰라요. 스콧 탐험대도 우리처럼 잘 가고 있을까요?” 아문센의 대원들은 따뜻한 불에 몸을 녹이며 말했어.",
      "srcPage": 13,
      "srcSentenceEA": 4,
      "srcWordEA": 28
    },
    {
      "srcTextID": "2339",
      "srcText": "100여 년 전까지만 해도 그곳에 가 본 사람은 아무도 없었지. 남극 대륙에는 펭귄과 바다표범들이 살고 있어요. 지금은 우리나라를 비롯해 많은 나라의 학자들이 이곳에서 연구하고 있지요.",
      "srcPage": 1,
      "srcSentenceEA": 3,
      "srcWordEA": 27
    },
    {
      "srcTextID": "2343",
      "srcText": "“남극점에는 내가 먼저 갈 거야!” 영국의 해군 장교 스콧도 남극 대륙으로 출발했어. 스콧도 남극 대륙을 여러 번 다녀온 뛰어난 탐험가였지.",
      "srcPage": 4,
      "srcSentenceEA": 3,
      "srcWordEA": 22
    },
    {
      "srcTextID": "2378",
      "srcText": "대원들은 추위와 배고픔에 시달렸지. 결국 대원들은 하나둘 쓰러져 갔어. 스콧은 더욱더 불안해졌지.",
      "srcPage": 22,
      "srcSentenceEA": 3,
      "srcWordEA": 14
    },
    {
      "srcTextID": "2382",
      "srcText": "무시무시한 눈보라는 그칠 줄을 몰랐어. 이미 음식도 연료도 다 떨어져 버렸지. ‘이제 끝인 건가.’ 스콧은 있는 힘을 다해 마지막 일기를 썼어.",
      "srcPage": 23,
      "srcSentenceEA": 4,
      "srcWordEA": 24
    },
    {
      "srcTextID": "2383",
      "srcText": "한 글자 한 글자를 힘겹게 써 내려갔지. 스콧은 가족들을 떠올리며 눈물을 글썽였어. 그러고는 대원들 곁에 누워 조용히 눈을 감았지. 대원들의 몸은 이미 싸늘하게 식은 뒤였어.",
      "srcPage": 24,
      "srcSentenceEA": 4,
      "srcWordEA": 28
    }
  ]
}