{
  "title": "모래 괴물을 막아라",
  "author": "김남중",
  "illustrator": "이종균",
  "isbn": "9791128214844",
  "readAge": "초등_고학년",
  "publishedYear": 2018,
  "publisher": "아람북스",
  "classification": "사회관계",
  "paragraphInfoCount": 21,
  "paragraphInfo": [
    {
      "srcTextID": "2129",
      "srcText": "그래도 걸음을 멈추지 않았어요. 어디선가 고함 소리가 들려왔어요. “저기, 아이들이 있다. 세상에, 사막을 건너왔나 봐!”",
      "srcPage": 15,
      "srcSentenceEA": 4,
      "srcWordEA": 17
    },
    {
      "srcTextID": "2136",
      "srcText": "지금은 받침대에 기대어 있는 어린나무지만, 머지않아 천 년 된 바오바브나무처럼 튼튼해지겠지요. “곧 너희를 도우러 가마.” 카딤과 딤바는 보우나 아저씨가 나누어 준 나무를 가지고 돌아왔어요.",
      "srcPage": 20,
      "srcSentenceEA": 3,
      "srcWordEA": 25
    },
    {
      "srcTextID": "2135",
      "srcText": "저 멀리 마을이 보였어요. “나무 전사야, 우리가 함께 싸울 곳이 바로 저기야. 잘해 보자.” 나뭇가지가 부르르 떨렸어요. 카딤과 딤바가 소리쳤어요. “우리가 왔어요. 전사를 데리고 왔어요!”",
      "srcPage": 21,
      "srcSentenceEA": 7,
      "srcWordEA": 29
    },
    {
      "srcTextID": "2119",
      "srcText": "모래 괴물 때문에 풀밭이 줄어들어서 배가 고팠기 때문이에요. 그때마다 아이들도 어른들도 싸웠지요. 갑자기 하늘이 캄캄해졌어요.",
      "srcPage": 3,
      "srcSentenceEA": 3,
      "srcWordEA": 17
    },
    {
      "srcTextID": "2130",
      "srcText": "며칠이 지나자 물도 먹을 것도 다 떨어져 버렸어요. 카딤과 딤바는 목이 말랐어요. 너무 더워서 어지러웠어요.",
      "srcPage": 14,
      "srcSentenceEA": 3,
      "srcWordEA": 17
    },
    {
      "srcTextID": "2122",
      "srcText": "사람들은 천 년 된 바오바브나무 아래에 사는 은디아예 할머니를 찾아갔어요. 할머니가 모래를 날리며 주문을 외우자 별빛을 받은 모래 속에서 무엇인가 보였어요. “지구가 뜨거워진다. 사막에 잠들었던 모래 괴물이 깨어났다. ",
      "srcPage": 6,
      "srcSentenceEA": 4,
      "srcWordEA": 30
    },
    {
      "srcTextID": "2121",
      "srcText": "땅콩이 말라 죽고 소들은 굶어 죽는다. 사막이 넓어지고 세상이 말라 버린다. 모래 괴물이 세상을 지배할 것이다.” 할머니는 무서운 말을 계속해서 내뱉었어요.",
      "srcPage": 7,
      "srcSentenceEA": 4,
      "srcWordEA": 24
    },
    {
      "srcTextID": "2126",
      "srcText": "옛날이야기에 나오는 위대한 전사는 하루에도 수백 킬로미터를 걸었대요. 사자를 잡고 치타를 데리고 다녔대요. 카딤과 딤바는 위대한 전사처럼 용감해져서 모래 괴물을 물리치고 싶었어요.",
      "srcPage": 12,
      "srcSentenceEA": 3,
      "srcWordEA": 24
    },
    {
      "srcTextID": "2128",
      "srcText": "카딤이 말했어요. \"사자를 데리고 가면 어떨까? 모래 괴물도 사자는 당해 낼 수 없을 거야.\" 딤바가 대답했어요. “아니야, 코끼리야말로 가장 힘센 동물이야. 코끼리를 데리고 가자.” 하지만 사막에는 생쥐 한 마리도 보이지 않았어요.",
      "srcPage": 13,
      "srcSentenceEA": 7,
      "srcWordEA": 35
    },
    {
      "srcTextID": "2117",
      "srcText": "딤바네 소가 카딤네 땅콩밭에 들어갔거든요. 딤바네 소는 원래 풀밭을 돌아다니며 풀을 뜯어 먹었어요. 그런데 얼마 전부터 자꾸 땅콩밭을 헤집었어요.",
      "srcPage": 2,
      "srcSentenceEA": 3,
      "srcWordEA": 21
    },
    {
      "srcTextID": "2131",
      "srcText": "카딤과 딤바는 천막 아래에서 쉬었어요. 천막 주인인 보우나 아저씨가 왜 사막을 건넜는지 물었어요. “모래 괴물과 싸울 전사를 찾아왔어요.”",
      "srcPage": 16,
      "srcSentenceEA": 3,
      "srcWordEA": 19
    },
    {
      "srcTextID": "2133",
      "srcText": "보우나 아저씨는 카딤과 딤바를 데리고 밖으로 나갔어요. 카딤과 딤바가 주위를 둘러보았지만 전사처럼 용감하고 힘세 보이는 것은 어디에도 없었어요. 사람들이 메마른 땅에 어린나무를 심고 있을 뿐이었지요.",
      "srcPage": 18,
      "srcSentenceEA": 3,
      "srcWordEA": 27
    },
    {
      "srcTextID": "2134",
      "srcText": "“이 나무들이 자라서 모래 괴물과 싸울 거란다. 모래 괴물을 막는 높고도 넓은 초록 숲이 될 거야.” 보우나 아저씨는 숲이 생기면 풀밭도 땅콩밭도 다 지킬 수 있다고 했어요.",
      "srcPage": 19,
      "srcSentenceEA": 3,
      "srcWordEA": 29
    },
    {
      "srcTextID": "2125",
      "srcText": "카딤과 딤바는 서로 얼굴을 바라보았어요. 지금까지는 싸웠지만, 이제부터는 친구예요. 둘은 활과 화살, 물과 콜라 열매를 챙겨 길을 떠났어요.",
      "srcPage": 10,
      "srcSentenceEA": 3,
      "srcWordEA": 20
    },
    {
      "srcTextID": "2132",
      "srcText": "“운이 좋구나. 제대로 찾아왔다.” 카딤과 딤바는 자기들 귀를 의심했어요. “우리도 여기서 싸우고 있단다. 모래 괴물과 싸울 전사를 보여 주마.”",
      "srcPage": 17,
      "srcSentenceEA": 5,
      "srcWordEA": 22
    },
    {
      "srcTextID": "2116",
      "srcText": "“너희 땅으로 가!” “우리 소 때리지 마!” 카딤과 딤바가 또 싸웠어요.",
      "srcPage": 1,
      "srcSentenceEA": 3,
      "srcWordEA": 12
    },
    {
      "srcTextID": "2118",
      "srcText": " “도망쳐! 모래 괴물이 또 왔다!” 거센 바람에 날아온 모래 괴물이 온몸을 때렸어요. 사람들은 집 안으로 달아났어요.",
      "srcPage": 4,
      "srcSentenceEA": 3,
      "srcWordEA": 19
    },
    {
      "srcTextID": "2120",
      "srcText": "모래 괴물은 무서운 소리를 내며 집을 날려 버릴 듯이 날뛰었어요. 올해로 벌써 몇 번째인지 셀 수 없었어요. 모래 괴물이 지나간 뒤, 길에도 땅콩밭에도 모래가 수북이 쌓였어요.",
      "srcPage": 5,
      "srcSentenceEA": 3,
      "srcWordEA": 28
    },
    {
      "srcTextID": "2123",
      "srcText": "“모래 괴물과 싸울 수 있는 방법은 없나요?” 누군가 묻자, 할머니가 바오바브나무를 어루만지며 말했어요. “사람의 힘으로는 모래 괴물을 막을 수 없어. 누군가를 사막 너머로 보내야 해. 모래 괴물과 싸울 전사를 찾아서 데려와야 해.”",
      "srcPage": 8,
      "srcSentenceEA": 5,
      "srcWordEA": 35
    },
    {
      "srcTextID": "2124",
      "srcText": "바오바브나무잎 두 개가 천천히 떨어졌어요. 카딤과 딤바가 나뭇잎을 잡았어요. 할머니가 말했어요. “바오바브나무가 너희를 선택했다. 그 길을 가겠니?”",
      "srcPage": 9,
      "srcSentenceEA": 5,
      "srcWordEA": 20
    },
    {
      "srcTextID": "2127",
      "srcText": "카딤과 딤바는 쉬지 않고 걸었어요. 걸을 때마다 흙먼지가 날렸어요. 카딤과 딤바는 고개를 숙인 채 걷고 또 걸었어요.",
      "srcPage": 11,
      "srcSentenceEA": 3,
      "srcWordEA": 19
    }
  ]
}