{
  "title": "아기 곰을 부탁해!",
  "author": "조정원",
  "illustrator": "이동준",
  "isbn": "9791128214714",
  "readAge": "초등_고학년",
  "publishedYear": 2018,
  "publisher": "아람북스",
  "classification": "사회관계",
  "paragraphInfoCount": 20,
  "paragraphInfo": [
    {
      "srcTextID": "4979",
      "srcText": "‘우아, 곰 인형이다!’ 데이비드는 창밖에 있는 커다란 곰 인형을 보자, 좋아서 펄쩍 뛰었어요. 그런데 왠지 이상했어요. ",
      "srcPage": 2,
      "srcSentenceEA": 3,
      "srcWordEA": 18
    },
    {
      "srcTextID": "4982",
      "srcText": "얼음이 얼 때까지 아무리 잘 지켜 준다고 해도 아기 곰은 분명히 답답해할 거예요. \n데이비드는 얼른 아기 곰을 집 안으로 데리고 들어왔어요. \n엄마가 잠시 눈을 붙이는 사이, 데이비드는 아기 곰을 데리고 살금살금 걸어서 방으로 갔어요. ",
      "srcPage": 5,
      "srcSentenceEA": 3,
      "srcWordEA": 36
    },
    {
      "srcTextID": "4988",
      "srcText": "“썰매 개야, 엄마 곰 못 봤니? 아기 곰이 엄마를 잃어버렸어.” 썰매 개는 엄마 곰을 보지 못했다는 듯 컹컹 짖기만 했어요. ",
      "srcPage": 11,
      "srcSentenceEA": 3,
      "srcWordEA": 22
    },
    {
      "srcTextID": "4980",
      "srcText": "곰 인형이 눈을 깜빡깜빡, 코를 벌렁벌렁. “으악!” 데이비드는 깜짝 놀라 소리를 질렀어요. 창문에 코를 박고 있는 건 인형이 아니라, 진짜 곰이지 뭐예요? ",
      "srcPage": 3,
      "srcSentenceEA": 3,
      "srcWordEA": 24
    },
    {
      "srcTextID": "4981",
      "srcText": "키가 딱 데이비드만 한 게 분명 아기 곰이었어요. ‘이걸 어떡하지?’ 데이비드는 마음이 급해졌어요. 어른들이 아기 곰을 보면 당장 북극곰 감옥으로 보내 버릴 게 빤하거든요. ",
      "srcPage": 4,
      "srcSentenceEA": 4,
      "srcWordEA": 27
    },
    {
      "srcTextID": "4983",
      "srcText": "아기 곰은 배가 고픈지 자꾸만 손을 핥았어요. \n데이비드가 연어 통조림을 들고 방으로 돌아왔을 때, 아기 곰은 메이플 시럽을 핥아 먹고 있었어요. “내 시럽을 몽땅 먹어 버리면 어떻게 해? 우리 할머니가 만들어 주신 거란 말이야.” 하지만 아기 곰은 데이비드의 말은 듣지도 않고 연어 통조림까지 눈 깜짝할 사이에 먹어 치웠어요.  ",
      "srcPage": 6,
      "srcSentenceEA": 5,
      "srcWordEA": 51
    },
    {
      "srcTextID": "4984",
      "srcText": "“데이비드, 어디에 있니?” 잠에서 깬 엄마가 뜨개실을 감아 달라고 찾고 있었어요. 엄마에게 아기 곰을 들키면 절대 안 돼요. 데이비드는 급히 인형들 틈에 자리를 만들었어요. ",
      "srcPage": 7,
      "srcSentenceEA": 4,
      "srcWordEA": 27
    },
    {
      "srcTextID": "4985",
      "srcText": "“자, 여기에 꼼짝 말고 있어. 하하, 진짜 곰 인형 같아. 엄마가 절대 알아채지 못하실 거야.” 아기 곰은 커다란 곰 인형의 품에 쏙 들어갔어요. ",
      "srcPage": 8,
      "srcSentenceEA": 4,
      "srcWordEA": 26
    },
    {
      "srcTextID": "4987",
      "srcText": "엄마가 외출하자마자 데이비드는 아기 곰에게 달려왔어요. 아기 곰의 눈에 눈물이 그렁그렁했어요. 엄마를 잃어버린 게 분명했어요. ",
      "srcPage": 9,
      "srcSentenceEA": 3,
      "srcWordEA": 17
    },
    {
      "srcTextID": "4986",
      "srcText": " “엄마를 어디에서 잃어버린 거야?” 아기 곰은 데이비드의 말을 알아듣지 못하는지 곰 인형에게 안겨서 얼굴을 비비고만 있었어요. “아기 곰아, 어른들한테 들키기 전에 내가 엄마를 찾아 줄게. 망토를 두르고 모자도 쓰고 나가자.”",
      "srcPage": 10,
      "srcSentenceEA": 4,
      "srcWordEA": 32
    },
    {
      "srcTextID": "4989",
      "srcText": "이번에는 지나가던 북극여우에게 물어보았어요. “북극여우야, 엄마 곰 못 봤니?” 북극여우는 기운 없는 표정으로 데이비드를 힐끗 쳐다보고는 터덜터덜 걸어갔어요. ",
      "srcPage": 12,
      "srcSentenceEA": 3,
      "srcWordEA": 19
    },
    {
      "srcTextID": "4991",
      "srcText": "데이비드는 무슨 좋은 방법이 없을까 생각하다가 똑똑한 에마 아주머니를 떠올렸어요. 에마 아주머니는 아는 것도 많고, 프랑스 말도 아주 잘해요. 아주머니가 신문을 보며 혼잣말 했어요. ",
      "srcPage": 13,
      "srcSentenceEA": 3,
      "srcWordEA": 26
    },
    {
      "srcTextID": "4978",
      "srcText": "그륵, 그르륵. 현관 쪽에서 소리가 났어요. “아빠다!” 오늘은 아빠가 곰 인형을 사 오기로 했어요. 데이비드는 서둘러 아래층으로 내려갔어요. ",
      "srcPage": 1,
      "srcSentenceEA": 4,
      "srcWordEA": 21
    },
    {
      "srcTextID": "4997",
      "srcText": "드디어 바닷가에 도착했어요. 데이비드는 튜브들을 엮어서 배처럼 만들었지요. 꽤 멋진 배가 되었어요. ",
      "srcPage": 17,
      "srcSentenceEA": 3,
      "srcWordEA": 14
    },
    {
      "srcTextID": "4990",
      "srcText": "“얼음이 녹아서 북극곰들이 사냥 못 하다니, 쯧쯧.” “아줌마, 혹시 엄마 곰 보셨어요?” “글쎄, 작은 얼음 위에서 낑낑거리고 있지 않나 몰라.” ",
      "srcPage": 14,
      "srcSentenceEA": 3,
      "srcWordEA": 20
    },
    {
      "srcTextID": "4992",
      "srcText": "에마 아주머니가 걱정스러운 얼굴로 말했어요. ‘어떻게 하면 엄마 곰을 찾을 수 있을까?’ 아, 데이비드에게 좋은 생각이 떠올랐어요. ",
      "srcPage": 15,
      "srcSentenceEA": 3,
      "srcWordEA": 19
    },
    {
      "srcTextID": "4993",
      "srcText": "튜브와 설상차만 있다면 문제없어요. 튜브를 타고 바다로 나가면, 엄마 곰을 만날 수 있을 거예요. 데이비드는 집에 있는 튜브를 모조리 가져왔어요. 그리고 에마 아주머니에게 도와 달라고 했어요. ",
      "srcPage": 16,
      "srcSentenceEA": 4,
      "srcWordEA": 29
    },
    {
      "srcTextID": "4995",
      "srcText": "데이비드는 살짝 언 바다 쪽으로 배를 밀었어요. 그러자 아기 곰은 기다렸다는 듯이 배에 폴짝 올라탔어요. 배는 얼음 위로 쭉 미끄러지더니 바다로 풍덩! ",
      "srcPage": 18,
      "srcSentenceEA": 3,
      "srcWordEA": 24
    },
    {
      "srcTextID": "4996",
      "srcText": "데이비드는 아기 곰에게 작별 인사를 했어요. 그리고 두 손을 모으고 속삭였어요. \n바다야, 아기 곰을 부탁해! ",
      "srcPage": 19,
      "srcSentenceEA": 3,
      "srcWordEA": 17
    },
    {
      "srcTextID": "4994",
      "srcText": "꼭 엄마 곰을 만나게 해 줘. \n아, 그때 저 멀리 새하얀 무언가가 보였어요. \n하얗고 커다란 그것은 바로 엄마 곰이었어요. ",
      "srcPage": 20,
      "srcSentenceEA": 3,
      "srcWordEA": 21
    }
  ]
}