{
  "title": "으스스한 초대장 ",
  "author": "정태화",
  "illustrator": "오승민",
  "isbn": "9791128214943",
  "readAge": "초등_고학년",
  "publishedYear": 2018,
  "publisher": "아람북스",
  "classification": "사회관계",
  "paragraphInfoCount": 22,
  "paragraphInfo": [
    {
      "srcTextID": "4742",
      "srcText": "뱀처럼 두 갈래로 갈라진 혀를 날름거리면 엄청 무서울걸. 내 이야기를 함부로 하고 다니면 곤란해. 나를 세상에 처음 알린 박사는 알 수 없는 죽임을 당했다고!",
      "srcPage": 18,
      "srcSentenceEA": 3,
      "srcWordEA": 26
    },
    {
      "srcTextID": "4725",
      "srcText": "똑똑! 누구세요? 아무도 없잖아? 어, 여기 뭔가 떨어져 있네. 꾹! 똑딱똑딱. 어둠 세계 회원 출입증. 출입증 버튼을 꾹 누르면 4초 후에 어둠 세계의 문이 열림. 어둠 세계 협회.",
      "srcPage": 1,
      "srcSentenceEA": 8,
      "srcWordEA": 36
    },
    {
      "srcTextID": "4726",
      "srcText": "난 무시무시한 어둠의 백작 드라큘라! 밤마다 살아나 날카로운 송곳니로 사람의 목을 물어서 피를 빨아 먹지. 모기 같다고? 감히 나를 모기 따위와 비교하다니, 우습군!",
      "srcPage": 2,
      "srcSentenceEA": 4,
      "srcWordEA": 26
    },
    {
      "srcTextID": "4728",
      "srcText": "난 늙은 마귀 바바야가! 깊은 숲속, 닭 다리로 받친 오두막에 살고 있지. 언제나 아귀아귀 먹어 대지만, 다리는 앙상하기만 해. 아이, 배고파.",
      "srcPage": 4,
      "srcSentenceEA": 4,
      "srcWordEA": 24
    },
    {
      "srcTextID": "4733",
      "srcText": "앗, 저기 사람이 있다! 쿵! 쿵! 쿵! 촤르르. 아니, 이게 뭐야? 콩알이잖아. 난 콩알을 보면 하나하나 세야 하는데.",
      "srcPage": 10,
      "srcSentenceEA": 8,
      "srcWordEA": 25
    },
    {
      "srcTextID": "4736",
      "srcText": "저벅, 저벅, 저벅. 난 무덤 속에서 살아 나온 영혼이 없는 시체, 좀비! 나에게 물린 사람은 나처럼 좀비가 되지.",
      "srcPage": 12,
      "srcSentenceEA": 3,
      "srcWordEA": 20
    },
    {
      "srcTextID": "4737",
      "srcText": "죽고 싶어도 죽지 못하고, 자고 싶어도 잠들지 못한 채 이리저리 헤매게 될 거다. 하지만 착한 일을 많이 했다면 걱정하지 마. 착한 신이 지켜 줄 테니.",
      "srcPage": 13,
      "srcSentenceEA": 3,
      "srcWordEA": 27
    },
    {
      "srcTextID": "4727",
      "srcText": "목에 때가 많아도 상관없어. 최신형 3단 빨대가 있으니, 으하하! 헉, 마늘과 십자가! 이대로 도망가야 하나? 윽, 분하다!",
      "srcPage": 3,
      "srcSentenceEA": 5,
      "srcWordEA": 21
    },
    {
      "srcTextID": "4729",
      "srcText": "쉭쉭! 난 양쪽 어깨에 검은 뱀을 달고 다니는 무서운 뱀 왕, 자하크! 사실 나도 이 녀석들이 싫어. 잘라도 잘라도 계속 자라나지.",
      "srcPage": 5,
      "srcSentenceEA": 3,
      "srcWordEA": 24
    },
    {
      "srcTextID": "4730",
      "srcText": "이 녀석들을 죽이는 방법은 계속해서 사람의 뇌를 먹이는 거야. 그런데 뇌를 아무리 먹여도 왜 이렇게 안 죽지? 아, 짜증 나!",
      "srcPage": 6,
      "srcSentenceEA": 3,
      "srcWordEA": 22
    },
    {
      "srcTextID": "4731",
      "srcText": "뎅! 뎅! 뎅. 시계가 밤 12시를 알리면 옷장 문이 끼익. 아이들을 잡아가려고 나 부기맨이 나타나지. 크르르르! 난 착한 녀석들한테는 관심 없어.",
      "srcPage": 7,
      "srcSentenceEA": 6,
      "srcWordEA": 27
    },
    {
      "srcTextID": "4732",
      "srcText": "울보, 심술꾸러기, 욕심꾸러기, 말썽쟁이 같은 아이들이 좋아! 왜냐하면 나쁜 아이들이 나랑 많이 닮았거든. 어디, 데리고 갈 만한 나쁜 아이를 찾아볼까?",
      "srcPage": 8,
      "srcSentenceEA": 3,
      "srcWordEA": 22
    },
    {
      "srcTextID": "4734",
      "srcText": "쿵! 쿵! 쿵! 난 껑충껑충 뛰어다니는 강시라고 해. 고향을 떠나왔다가 사고로 죽었지. 사람 피를 빨아야 고향에 돌아갈 힘이 생기는데.",
      "srcPage": 9,
      "srcSentenceEA": 5,
      "srcWordEA": 24
    },
    {
      "srcTextID": "4735",
      "srcText": "난 호박 도깨비 잭! 오! 베어! 핼러윈의 주인공이지. 내가 하나도 무서워 보이지 않는다고? 모르고 하는 소리! 난 뾰족한 손톱으로 사람들을 죽여서 기를 빨아 먹는다고!",
      "srcPage": 11,
      "srcSentenceEA": 7,
      "srcWordEA": 30
    },
    {
      "srcTextID": "4738",
      "srcText": "나 메두사의 머리카락은 한 가닥 한 가닥이 모두 뱀이지. 내 눈을 보면 누구나 그 자리에서 돌로 변해 버려. 원래 내 머리카락은 모두가 부러워할 만큼 아름다웠는데, 잘난 척하다가 그만.",
      "srcPage": 14,
      "srcSentenceEA": 3,
      "srcWordEA": 30
    },
    {
      "srcTextID": "4740",
      "srcText": "초에! 초에! 어둠 속에서 울리는 괴상한 울음소리는 바로 나 촌촌이 내는 소리지. 내가 박쥐처럼 보인다고? 자세히 봐. 나는 팔, 다리, 몸통이 없이 귀로 펄럭펄럭 날아다닌다고!",
      "srcPage": 15,
      "srcSentenceEA": 5,
      "srcWordEA": 30
    },
    {
      "srcTextID": "4739",
      "srcText": "어느 집에 죽어 가는 사람이 있을까? 죽으면 바로 피를 빨아야 하는데! 나한테 함부로 덤비지 말라고!",
      "srcPage": 16,
      "srcSentenceEA": 3,
      "srcWordEA": 17
    },
    {
      "srcTextID": "4741",
      "srcText": "반짝! 씽! 난 시리우스 별에서 내려온 놈모. 위쪽은 사람 모습이지만, 아래쪽으로 갈수록 뱀에 가깝지. 초록 피부에 붉은 눈!",
      "srcPage": 17,
      "srcSentenceEA": 4,
      "srcWordEA": 22
    },
    {
      "srcTextID": "4743",
      "srcText": "검푸른 밤하늘에 보름달이 떠오르면 피에 굶주린 내가 나타나지. 크아아! 나는 신의 저주를 받은 늑대 인간! 보름달 아래에서 사람의 피와 살을 실컷 먹지.",
      "srcPage": 19,
      "srcSentenceEA": 4,
      "srcWordEA": 25
    },
    {
      "srcTextID": "4744",
      "srcText": "하지만 새벽이 오면 내가 한 일은 까맣게 잊고 평범한 사람으로 돌아와. 나도 내가 늑대 인간인 줄 모르기 때문에 사람들 속에서 평범하게 살 수 있는 거야. 하지만 보름달이 뜨면, 크아아!",
      "srcPage": 20,
      "srcSentenceEA": 3,
      "srcWordEA": 31
    },
    {
      "srcTextID": "4745",
      "srcText": "난 지하 세계의 왕 가우나! 하늘에 있는 신의 뜻에 반대하고 지하 세계를 다스리지. 세상 모든 귀신들을 부하로 두고서 사람들을 노리고 있어.",
      "srcPage": 21,
      "srcSentenceEA": 3,
      "srcWordEA": 23
    },
    {
      "srcTextID": "4746",
      "srcText": "사람들이 나쁜 짓을 하거나 약속을 어기면 기분이 좋아져. 그럴수록 지하 세계의 힘이 더욱 강해지거든! 지하 세계에서 살고 싶지 않으면 부모님 말씀 잘 듣고, 착한 일 많이 하는 게 좋을걸. 으하하하!",
      "srcPage": 22,
      "srcSentenceEA": 4,
      "srcWordEA": 33
    }
  ]
}