{
  "title": "세상에서 가장 튼튼한 집 짓기",
  "author": "서진희",
  "illustrator": "옥소정",
  "isbn": "9791165957100",
  "readAge": "초등_고학년",
  "publishedYear": 2023,
  "publisher": "아람북스",
  "classification": "사회관계",
  "paragraphInfoCount": 22,
  "paragraphInfo": [
    {
      "srcTextID": "2984",
      "srcText": "“늑대가 또 나타나면 어쩌지? 집을 빨리 손봐야겠어.” 아기 돼지 삼 형제의 막내가 고민에 빠졌어요. 첫째와 둘째는 늑대라는 말에 몸이 부르르 떨렸어요. 예전에 늑대에게 잡아먹힐 뻔했거든요.",
      "srcPage": 1,
      "srcSentenceEA": 5,
      "srcWordEA": 29
    },
    {
      "srcTextID": "3008",
      "srcText": "막내 돼지가 지붕으로 올라가자 늑대가 소리쳤어요. “얘야! 떨어지면 다칠라. 어서 내려오렴!” “네, 걱정해 줘서 고마워요. 멋진 선글라스 씨!” ",
      "srcPage": 15,
      "srcSentenceEA": 5,
      "srcWordEA": 21
    },
    {
      "srcTextID": "3017",
      "srcText": "그래야 답사 장소에 가서도 조사할 내용을 빼먹지 않고 꼼꼼하게 조사할 수 있어요.  답사 보고서는 어떻게 써야 할까요? 답사를 다녀온 뒤에는 답사하면서 찍은 사진과 모은 자료를 잘 정리해서 답사 보고서를 써야 해요. 답사 계획서처럼 답사 목적, 답사 장소, 답사 내용뿐만 아니라 답사 결과와 답사하면서 느낀 점 등을 꼼꼼하게 정리해야 해요. ",
      "srcPage": 22,
      "srcSentenceEA": 4,
      "srcWordEA": 53
    },
    {
      "srcTextID": "3015",
      "srcText": "답사란 무엇일까요? 답사란 역사, 지리, 정치, 문화 등에 관련된 내용을 현장에 가서 직접 보고 조사하는 방법이에요. 직접 눈으로 볼 수 있어서 생생한 정보를 얻을 수 있지요. 답사를 하려면 먼저 여러 가지 계획을 세우고 준비를 꼼꼼히 해야 해요. ",
      "srcPage": 19,
      "srcSentenceEA": 4,
      "srcWordEA": 40
    },
    {
      "srcTextID": "3018",
      "srcText": "답사 보고서는 어떻게 써야 할까요?  답사를 하기 전에 먼저 답사 계획서를 만들어야 해요. 답사 계획서에는 답사 날짜, 답사 목적, 답사 장소, 답사할 내용, 답사 방법, 준비물 등을 잘 정리해서 써 놓아야 해요. ",
      "srcPage": 21,
      "srcSentenceEA": 3,
      "srcWordEA": 35
    },
    {
      "srcTextID": "2985",
      "srcText": "“늑대가 들어올 수 없는 엄청 튼튼한 집을 빨리 짓자.” 그러자 막내가 주먹을 불끈 쥐고 말했어요. 우선 가장 튼튼하게 지은 집을 조사해서 찾아야 해. ",
      "srcPage": 3,
      "srcSentenceEA": 3,
      "srcWordEA": 25
    },
    {
      "srcTextID": "2986",
      "srcText": "그리고 직접 답사를 하고 똑같이 짓는 거야. 지난번처럼 급하게 대충 지으면 안 돼. “좋아, 좋아!” 첫째와 둘째는 신이 났지요.",
      "srcPage": 4,
      "srcSentenceEA": 4,
      "srcWordEA": 21
    },
    {
      "srcTextID": "2988",
      "srcText": "늑대는 며칠 전에 잘못 주문한 고슴도치용 로션을 발랐다가 얼굴에 온통 빨간 뾰루지가 났거든요. “쳇, 그렇다고 포기할 내가 아니지!” 늑대는 보자기를 머리에 두르고, 선글라스와 모자로 모습을 바꾸고는 집을 나섰어요. ",
      "srcPage": 5,
      "srcSentenceEA": 3,
      "srcWordEA": 29
    },
    {
      "srcTextID": "3016",
      "srcText": "자료 찾기 인터넷이나 신문을 찾아보거나, 직접 돌아다니며 물어봐요. 답사하기 답사 계획서에 따라 답사할 장소에 가서 꼼꼼히 이것저것 살펴보고 조사해요. 정리 및 분석하기 조사한 내용을 모아 정리하고 분석해서 답사할 장소와 답사 방법 등을 정해요. ",
      "srcPage": 20,
      "srcSentenceEA": 3,
      "srcWordEA": 35
    },
    {
      "srcTextID": "2998",
      "srcText": " ‘얘, 얘들아! 이렇게 튼튼하게 지으면 안 된다! 착한 어린이 아니, 착한 돼지는 그러는 거 아니야.’ 늑대는 저도 모르게 침을 꼴깍 삼켰어요. “안 되겠어. 지금부터 방해 작전 시작!” ",
      "srcPage": 11,
      "srcSentenceEA": 6,
      "srcWordEA": 32
    },
    {
      "srcTextID": "2987",
      "srcText": "첫째는 겁먹은 얼굴로 막내에게 뽀르르 달려왔어요. “뭐부터 하면 되는데?” 둘째도 후다닥 달려왔지요. ",
      "srcPage": 2,
      "srcSentenceEA": 3,
      "srcWordEA": 13
    },
    {
      "srcTextID": "2991",
      "srcText": "아기 돼지 삼 형제는 튼튼한 집들을 찾기 위해 우선 조사 계획표를 짰어요. 엄청 튼튼한 집을 지으려고 빈틈없이 준비하네. 인터넷 쇼핑을 잘하는 첫째는 인터넷으로, 책 읽기를 좋아하는 둘째는 책과 신문으로, 뭐든 직접 보고 들어야 하는 막내는 직접 돌아다니는 방법으로 튼튼하게 지은 집들을 찾아보기로 했지요. ",
      "srcPage": 6,
      "srcSentenceEA": 3,
      "srcWordEA": 45
    },
    {
      "srcTextID": "2993",
      "srcText": "드디어 튼튼한 집들을 조사하는 일이 끝났어요. 아기 돼지 삼 형제는 각자 조사한 내용을 모아 정리하고 분석했지요. “이 집은 창문이 높아서 좋아.”",
      "srcPage": 7,
      "srcSentenceEA": 3,
      "srcWordEA": 22
    },
    {
      "srcTextID": "2997",
      "srcText": "첫째와 둘째는 귀찮았지만 안 간다고 할 수 없었어요. 늑대에게 잡아먹히는 건 정말 싫었으니까요. 첫째와 둘째는 하는 수 없이 막내를 따라나섰어요. 그런데 누군가 아기 돼지 삼 형제를 따라나섰어요. 바로, 멀리서 기회만 노리던 늑대였지요. 우아, 신난다.",
      "srcPage": 9,
      "srcSentenceEA": 6,
      "srcWordEA": 39
    },
    {
      "srcTextID": "3007",
      "srcText": "첫째 돼지는 집 앞쪽을 살피며 혼잣말했어요. “문이 있는 앞쪽만 튼튼하면 늑대가 못 들어오겠지?” 첫째 곁에서 얼쩡거리던 늑대는 어이가 없었어요. ",
      "srcPage": 12,
      "srcSentenceEA": 3,
      "srcWordEA": 20
    },
    {
      "srcTextID": "2992",
      "srcText": "“늑대가 들어올 굴뚝도 없어.” 마침내 아기 돼지 삼 형제는 결정을 내렸어요. “이 집처럼 지으면 되겠다!” ",
      "srcPage": 8,
      "srcSentenceEA": 3,
      "srcWordEA": 16
    },
    {
      "srcTextID": "2999",
      "srcText": "아기 돼지 삼 형제는 답사할 집에 도착했어요. “우아, 사진보다 훨씬 튼튼해 보여.” 아기 돼지 삼 형제는 집이 무척 마음에 들었어요.",
      "srcPage": 10,
      "srcSentenceEA": 3,
      "srcWordEA": 21
    },
    {
      "srcTextID": "3003",
      "srcText": " 둘째 돼지는 마당 한쪽에서 수첩을 보고 있었어요. 옆에서 곁눈질하던 늑대가 불쑥 다가갔어요. 이렇게 엉망으로 써 놓으면 어떡해?",
      "srcPage": 13,
      "srcSentenceEA": 3,
      "srcWordEA": 20
    },
    {
      "srcTextID": "3009",
      "srcText": "막내 돼지는 첫째나 둘째와는 달랐어요. 집 바깥부터 안까지, 그리고 옆과 뒤까지 꼼꼼하게 살피느라 바빴어요. ‘저 녀석은 어쩐다?’ ",
      "srcPage": 14,
      "srcSentenceEA": 3,
      "srcWordEA": 19
    },
    {
      "srcTextID": "3010",
      "srcText": "하지만 막내 돼지는 이곳저곳 살피느라 내려오질 않았어요. “에이, 아무래도 방해 작전은 실패야. 차라리 아기 돼지들이 답사 보고서를 만들면 그걸 확 빼앗아 버려야지.” 답사를 마친 아기 돼지 삼 형제는 집에 와서 답사 보고서를 만들었어요. 각자 알아 온 내용들을 모아 정리하니 완벽했지요. ",
      "srcPage": 16,
      "srcSentenceEA": 5,
      "srcWordEA": 43
    },
    {
      "srcTextID": "3011",
      "srcText": "“와, 이제 집만 지으면 되겠다!” 아기 돼지 삼 형제는 손뼉을 치며 좋아했어요. “이게 다 얼굴에 뾰루지가 난 늑대 덕분이야.”",
      "srcPage": 17,
      "srcSentenceEA": 3,
      "srcWordEA": 20
    },
    {
      "srcTextID": "3012",
      "srcText": "“잡아먹히는 줄 알고 얼마나 빨리 뛰었는데.” “나도, 나도!” ‘헉! 나 들킨 거였어? 뾰, 뾰루지도?’ 늑대는 너무 창피해서 답사 보고서를 빼앗으려는 것도 잊은 채 곧장 달아났어요. 아기 돼지 삼 형제는 답사 보고서에 느낀 점도 적었어요. ‘때로는 늑대 말을 듣는 것도 괜찮다.’ ",
      "srcPage": 18,
      "srcSentenceEA": 8,
      "srcWordEA": 46
    }
  ]
}