{
  "title": "나도 양반이 될 테야",
  "author": "김경희",
  "illustrator": "한동훈",
  "isbn": "9791165956226",
  "readAge": "초등_고학년",
  "publishedYear": 2022,
  "publisher": "아람북스",
  "classification": "사회관계",
  "paragraphInfoCount": 18,
  "paragraphInfo": [
    {
      "srcTextID": "5386",
      "srcText": "“아휴, 이거 못 해 먹겠어요.” 최 서방 부인이 투덜거렸어. “양반 부인은 함부로 나다니면 안 되고, 마음 놓고 떠들어도 안 된대요.”",
      "srcPage": 10,
      "srcSentenceEA": 3,
      "srcWordEA": 21
    },
    {
      "srcTextID": "5387",
      "srcText": "“급해도 뛰지 말고, 방귀도 뀌지 말고, 말할 때 침 튀기지 말고.” 어이쿠, 양반이 해서는 안 될 일이 이렇게나 많다니!  꼼꼼히 읽어 보고 잘 알아 두게나.",
      "srcPage": 14,
      "srcSentenceEA": 3,
      "srcWordEA": 28
    },
    {
      "srcTextID": "5393",
      "srcText": "날이 밝자 최 서방은 곧장 사또에게 갔어. “양반 노릇 그만하렵니다.” 사또가 놀란 눈으로 최 서방을 쳐다보았어. “그 좋은 양반, 댁들이나 실컷 하시오!” 최 서방은 방귀를 뿡뿡 뀌고, 트림을 꺽꺽 하며 부리나케 달려서 집으로 돌아갔단다.",
      "srcPage": 18,
      "srcSentenceEA": 5,
      "srcWordEA": 36
    },
    {
      "srcTextID": "5385",
      "srcText": " “나도 국밥 먹다가 트림 좀 했다고 사람들이 손가락질을 하더라고.” 최 서방도 울상이었지. “양반 노릇을 배워야겠어.”",
      "srcPage": 11,
      "srcSentenceEA": 3,
      "srcWordEA": 16
    },
    {
      "srcTextID": "5377",
      "srcText": "발 빠르게 모내기를 시작해서 여름 내내 열심히 일하고, 가을이면 남들보다 훨씬 많은 곡식을 거둬들였지. 부지런히 일해야지. 난 언제 모내기를 끝낼 수 있을까? 참 부지런한 사람이군. 최 서방은 정말 대단해. 저 많은 걸 언제 다 했대?",
      "srcPage": 2,
      "srcSentenceEA": 6,
      "srcWordEA": 40
    },
    {
      "srcTextID": "5382",
      "srcText": "“으하하, 나도 이제 양반이다!” ‘양반이 되었으니 슬슬 밖으로 나가 볼까?’ 최 서방은 뒷짐을 지고 걸었어. ",
      "srcPage": 7,
      "srcSentenceEA": 3,
      "srcWordEA": 17
    },
    {
      "srcTextID": "5389",
      "srcText": "다음 날 최 서방은 사또를 만나러 갔어. “양반이 해야 할 것과 해서는 안 될 것을 적은 걸세.” 종이에는 깨알 같은 글씨가 적혀 있었지.",
      "srcPage": 12,
      "srcSentenceEA": 3,
      "srcWordEA": 24
    },
    {
      "srcTextID": "5390",
      "srcText": "‘이거야 원, 양반도 못 해 먹을 노릇이군.’ 최 서방은 한숨을 푹푹 쉬며 장터에 왔어. 장에서는 탈놀이가 한창이었지.",
      "srcPage": 15,
      "srcSentenceEA": 3,
      "srcWordEA": 19
    },
    {
      "srcTextID": "5391",
      "srcText": "“에헴, 양반은 방귀를 이렇게 뀐다지.” 말뚝이는 방귀 뀌는 양반 흉내를 냈어. “뿌우우우우우우웅.” “깔깔, 양반도 방귀를 뀌네!”",
      "srcPage": 16,
      "srcSentenceEA": 3,
      "srcWordEA": 17
    },
    {
      "srcTextID": "5392",
      "srcText": " 구경꾼들은 배꼽이 빠져라 웃어 댔단다. ‘나도 놀림당하는 거 아냐?’ 최 서방은 웃음거리가 된 양반이 떠올라 한잠도 못 자고 끙끙 앓았지. ",
      "srcPage": 17,
      "srcSentenceEA": 3,
      "srcWordEA": 23
    },
    {
      "srcTextID": "5388",
      "srcText": "그런데 이걸 어째! 최 서방은 글을 모르는걸. 이방은 글을 몰라 쩔쩔매는 최 서방에게 말했어.",
      "srcPage": 13,
      "srcSentenceEA": 3,
      "srcWordEA": 16
    },
    {
      "srcTextID": "5380",
      "srcText": "“시장에 왔으니  집사람한테 뭘 사다 줄까?” 시장에는 탐나는 물건이 많이 있었어. “이게 좋겠군.” 최 서방이 노리개를 집으려는데, 옆에 있던 양반이 선수를 치지, 뭐야.",
      "srcPage": 4,
      "srcSentenceEA": 4,
      "srcWordEA": 26
    },
    {
      "srcTextID": "5379",
      "srcText": "“그 노리개 내가 사겠소.” 최 서방은 어쩔 수 없이 노리개를 양보했어. ‘쳇, 양반만 아니면 내가 사는 건데.’ ",
      "srcPage": 5,
      "srcSentenceEA": 3,
      "srcWordEA": 19
    },
    {
      "srcTextID": "5381",
      "srcText": "며칠 뒤 최 서방은 수레 가득 쌀가마니를 싣고 집을 나섰어. 나라 살림살이가 어려운지 관아에서 부자들에게 공명첩을 판다는 소식이 들렸거든. 쌀가마니를 세어 본 이방은 이름도 없는 공명첩을 최 서방에게 내밀었어. ",
      "srcPage": 6,
      "srcSentenceEA": 3,
      "srcWordEA": 31
    },
    {
      "srcTextID": "5378",
      "srcText": "“남들이 논 한 마지기 모내기할 때 난 두 마지기 모내기하고, 남들이 밭 한 고랑을 매면 난 두 고랑을 매면 되지!” 최 서방은 누구보다 부지런히 일했어. “저렇게 억척스러우니 부자가 되지.”  마을 사람들은 혀를 내두르며 부러워했단다.",
      "srcPage": 3,
      "srcSentenceEA": 4,
      "srcWordEA": 37
    },
    {
      "srcTextID": "5384",
      "srcText": "그랬더니 모두 고개 숙여 인사하고 노비들은 감히 눈도 마주치지 못하는 거야. “하하, 양반이 좋긴 좋군!” 최 서방은 침이 튀도록 호탕하게 웃었어. ",
      "srcPage": 8,
      "srcSentenceEA": 3,
      "srcWordEA": 22
    },
    {
      "srcTextID": "5383",
      "srcText": "“흥, 무슨 양반이 저래?” 하지만 뒤에서는 숙덕숙덕 흉을 보았지. 하하, 기분이 참 좋군. 최 서방이 양반이 되다니, 참 별일이 다 있어. 저렇게 입으니 양반 같기는 하네.",
      "srcPage": 9,
      "srcSentenceEA": 5,
      "srcWordEA": 30
    },
    {
      "srcTextID": "5376",
      "srcText": "“최 서방은 벌써 모내기를 다 네. 우린 아직 시작도 안 했는데.” 순조 때 경상도에 살던 최 서방은 마을에서 으뜸가는 농사꾼이었어.",
      "srcPage": 1,
      "srcSentenceEA": 3,
      "srcWordEA": 22
    }
  ]
}