{
  "title": "누가 더 많이 가져야 할까?",
  "author": "김영숙",
  "illustrator": "신지수",
  "isbn": "9791128208607",
  "readAge": "초등_고학년",
  "publishedYear": 2017,
  "publisher": "아람",
  "classification": "사회관계",
  "paragraphInfoCount": 16,
  "paragraphInfo": [
    {
      "srcTextID": "133977",
      "srcText": "그래도 거두어들인 쌀은 똑같이 나눠 가졌어. \"모두 배부르니 정말 행복하구나.\" 삼 형제는 서로를 바라보며 환하게 웃었지.",
      "srcPage": 3,
      "srcSentenceEA": 3,
      "srcWordEA": 17
    },
    {
      "srcTextID": "133978",
      "srcText": "그러던 어느 날, 둘째는 문득 이런 생각이 들었어. '내가 일을 훨씬 많이 하는데 곡식을 똑같이 나누는 건 불공평 하잖아.' 둘째의 마음속에 슬그머니 욕심이 생겼지.",
      "srcPage": 4,
      "srcSentenceEA": 3,
      "srcWordEA": 25
    },
    {
      "srcTextID": "133982",
      "srcText": "\"미안하지만 쌀이 조금밖에 남지 않았단다. 우리 식구가 이 쌀로 겨울을 나려면 아껴 먹어야 해.\" 첫째의 말을 들은 둘째는 발길을 돌려 셋째네 집으로 향했지. \"아빠, 배고파요!\"",
      "srcPage": 9,
      "srcSentenceEA": 4,
      "srcWordEA": 27
    },
    {
      "srcTextID": "133988",
      "srcText": "그날 밤, 둘째는 쌀가마니를 수레에 싣고 첫째네와 셋째네를 찾아가 필요한 만큼 나누어 주었어. '일한 만큼 갖는 것보다 필요한 사람이 더 갖는 게 공평한 거야.' 둘째는 한결 가벼운 마음으로 콧노래를 부르며 집으로 돌아갔지.",
      "srcPage": 13,
      "srcSentenceEA": 3,
      "srcWordEA": 33
    },
    {
      "srcTextID": "133987",
      "srcText": "공평하게 내어요, 세금. 세금은 국가 또는 지방 공공 단체가 필요한 경비를 국민이나 주민으로부터 강제로 거두어들이는 돈이에요. 그럼 세금은 누구나 똑같은 금액을 낼까요? 아니에요. 세금은 여러 가지 경우에 따라 달라져요.",
      "srcPage": 14,
      "srcSentenceEA": 5,
      "srcWordEA": 33
    },
    {
      "srcTextID": "133986",
      "srcText": "\"혼자 살면서 저렇게 많은 쌀이 왜 필요하담? 내가 너무 욕심을 부렸어.\" 집으로 돌아온 둘째는 창고 안에 산더미처럼 쌓인 쌀가마니를 보자 기분이 나빠졌어.",
      "srcPage": 12,
      "srcSentenceEA": 3,
      "srcWordEA": 24
    },
    {
      "srcTextID": "133975",
      "srcText": "어느 마을에 의좋은 삼 형제가 살았어. 첫째는 아내와 딸 다섯, 아들 다섯, 이렇게 열두 명의 식구가 오순도순 살았어. 덩치가 크고 힘센 둘째는 혼자 살았고, 몸이 약한 셋째는 아내와 단둘이 살았지.",
      "srcPage": 1,
      "srcSentenceEA": 3,
      "srcWordEA": 32
    },
    {
      "srcTextID": "133980",
      "srcText": "곧이어 둘째는 셋째를 찾아갔어. \"아우야, 우리 삼 형제가 쌀을 똑같이 나누는 건 불공평해. 일을 많이 한 내가 많이 가지는 게 공평한 거 아니야?\" \"네, 형님 말이 옳아요.\" 셋째도 고개를 끄덕였지.",
      "srcPage": 6,
      "srcSentenceEA": 5,
      "srcWordEA": 32
    },
    {
      "srcTextID": "133981",
      "srcText": "그리하여 삼 형제는 다시 곡식을 나누었어. 가장 일을 많이 한 둘째가 많이, 가장 일을 적게 한 셋째는 조금 가졌지. \"이제야 공평한 것 같군.\" 둘째는 산더미처럼 쌓인 곡식을 바라보며 흐뭇한 미소를 지었어. ",
      "srcPage": 7,
      "srcSentenceEA": 4,
      "srcWordEA": 33
    },
    {
      "srcTextID": "133976",
      "srcText": "삼 형제는 아버지가 물려주신 땅에서 함께 농사를 지었어. 나이가 많은 첫째와 몸이 약한 셋째는 일을 많이 하지 못했지. 그래서 둘째 혼자 농사일의 절반을 해냈어.",
      "srcPage": 2,
      "srcSentenceEA": 3,
      "srcWordEA": 26
    },
    {
      "srcTextID": "133979",
      "srcText": "둘째는 당장 첫째네를 찾아갔어. \"형님, 우리 삼 형제가 쌀을 똑같이 나누는 건 불공평해요. 일을 많이 한 제가 많이 가지는 게 공평한 거 아니에요?\" \"그래, 네 말이 맞는 것 같구나.\" 첫째는 고개를 끄덕였지.",
      "srcPage": 5,
      "srcSentenceEA": 5,
      "srcWordEA": 34
    },
    {
      "srcTextID": "133983",
      "srcText": "며칠 뒤, 심심하던 둘째는 첫째네 집에 놀러 갔어. 둘째가 첫째네 집 초인종을 막 누르려는 순간, 아이 우는 소리가 들렸어. \"엉엉! 아빠, 배고파요. 밥 좀 더 주세요.\"",
      "srcPage": 8,
      "srcSentenceEA": 4,
      "srcWordEA": 29
    },
    {
      "srcTextID": "133984",
      "srcText": "둘째가 셋째네 집 앞에 도착했을 때였어. \"아이코, 무릎이야. 아이코, 허리야.\"",
      "srcPage": 10,
      "srcSentenceEA": 3,
      "srcWordEA": 11
    },
    {
      "srcTextID": "133985",
      "srcText": "셋째의 끙끙 앓는 소리가 대문 밖까지 들려왔어. \"여보, 미안해요. 쌀이 모자라서 약으로 못 바꿔 왔어요.\" \"아니요, 일을 많이 못 하는 내가 더 미안하오.\" 셋째의 말을 들은 둘째는 집으로 돌아갈 수밖에 없었지.",
      "srcPage": 11,
      "srcSentenceEA": 5,
      "srcWordEA": 33
    },
    {
      "srcTextID": "133990",
      "srcText": "첫째, 세금 가운데 버는 돈이 많을수록, 가진 재산이 많을수록 커지는 세금이 있어요. 종합소득세, 재산세, 상속세, 증여세 등이에요. 둘째, 똑같이 내는 세금도 있어요. 물건에 붙는 세금인 부가가치세는 누구나 똑같이 내는 세금이에요. 누구나 물건을 살 때마다 세금을 내는 것이지요.",
      "srcPage": 15,
      "srcSentenceEA": 5,
      "srcWordEA": 41
    },
    {
      "srcTextID": "133989",
      "srcText": "셋째, 혜택을 많이 보는 사람이 더 내는 세금도 있어요. 자동차 운전자가 내는 교통세, 에너지세, 환경세 등이에요. 이렇듯 세금은 여러 가지 방법으로 걷고 있어요. 무엇보다 중요한 것은 세금은 반드시 공평하게 걷고, 공평하게 쓰여야 한다는 것이에요.",
      "srcPage": 16,
      "srcSentenceEA": 4,
      "srcWordEA": 37
    }
  ]
}