{
  "title": "해님을 불러오는 태양곰",
  "author": "최은미",
  "illustrator": "노성빈",
  "isbn": "9791128214394",
  "readAge": "초등_고학년",
  "publishedYear": 2018,
  "publisher": "아람북스",
  "classification": "사회관계",
  "paragraphInfoCount": 23,
  "paragraphInfo": [
    {
      "srcTextID": "2709",
      "srcText": "푸아쿰부를 짜던 할머니가 창밖을 바라봐요. 하늘에 구멍이 난 듯 비가 쏟아져요. 할머니는 한숨을 쉬어요. ",
      "srcPage": 1,
      "srcSentenceEA": 3,
      "srcWordEA": 16
    },
    {
      "srcTextID": "2708",
      "srcText": "이반족의 최대 명절인 가와이다약이 석 달도 안 남았기 때문이에요. 비가 이렇게 계속 오면, 쌀이며 야채며 농사지은 것을 모두 망치게 될지도 몰라요. 그러면 가와이다약을 풍성하게 보낼 수 없을 거예요. ",
      "srcPage": 2,
      "srcSentenceEA": 3,
      "srcWordEA": 30
    },
    {
      "srcTextID": "2730",
      "srcText": "“아가야, 어서 저기를 보렴!” 아침 일찍 할머니가 라자나를 깨워요. “으응? 어디요?” 할머니가 창문 쪽을 가리켜요. ",
      "srcPage": 22,
      "srcSentenceEA": 4,
      "srcWordEA": 18
    },
    {
      "srcTextID": "2710",
      "srcText": "“글쎄, 아마도 그럴 거다.”  “그럼 태양곰은 어디에 있는데요?” “아마 추장님이 아시지 않을까?” ",
      "srcPage": 5,
      "srcSentenceEA": 3,
      "srcWordEA": 12
    },
    {
      "srcTextID": "2714",
      "srcText": "“추장님, 추장님! 태양곰은 어디에 있나요?” “정글 깊은 곳에 있지.” “곰이니까 무지무지 크겠네요?” ",
      "srcPage": 6,
      "srcSentenceEA": 4,
      "srcWordEA": 13
    },
    {
      "srcTextID": "2720",
      "srcText": "다음 날 라자나는 태양곰을 찾아 숲으로 들어가요. 숲은 예전과 많이 달라 보여요. 숲에서 맨 처음 만난 건 할머니의 투아인 코뿔새예요.",
      "srcPage": 11,
      "srcSentenceEA": 3,
      "srcWordEA": 22
    },
    {
      "srcTextID": "2724",
      "srcText": "라자나는 가도 가도 끝이 없는 정글의 큰물을 따라가요. “긴코원숭이야!” “사람의 아이가 이곳에는 웬일이냐?” 태양곰을 만나야 해. ",
      "srcPage": 16,
      "srcSentenceEA": 3,
      "srcWordEA": 17
    },
    {
      "srcTextID": "2725",
      "srcText": "태양곰이 해님을 불러오니까. “태양곰은 나무가 사라져서 아주아주 화가 났다. 그래서 빽빽한 숲을 찾아 멀리멀리 떠났다. 해님도 태양곰과 함께 꼭꼭 숨어 버렸다. 그 뒤로 후드득후드득 비가 멈추지 않는다.”",
      "srcPage": 17,
      "srcSentenceEA": 5,
      "srcWordEA": 30
    },
    {
      "srcTextID": "2727",
      "srcText": "부스럭거리는 소리에 라자나는 겨우 눈을 떠요. “태양곰님?” 태양곰이 라자나 쪽으로 고개를 돌려요. “사람들이 숲을 모두 망쳐 버렸어. 나는 빽빽한 숲을 찾아 멀리 떠나야 해.” 라자나의 눈앞에서 태양곰의 모습이 사라져 가요. “태양곰님! 가지 마요!” ",
      "srcPage": 19,
      "srcSentenceEA": 6,
      "srcWordEA": 37
    },
    {
      "srcTextID": "2729",
      "srcText": "“할머니, 태양곰을 만났어요. 사람들이 숲을 망쳤다고 했어요. 나무를 자꾸 베어 내면 태양곰을 영영 못 볼지도 몰라요.” 할머니는 말없이 라자나를 꼬옥 안아 주어요.",
      "srcPage": 21,
      "srcSentenceEA": 4,
      "srcWordEA": 25
    },
    {
      "srcTextID": "2731",
      "srcText": "창문 너머에 황금빛 태양이 떠 있어요. 비가 그친 거예요! 벽에는 할머니의 새 푸아쿰부가 걸려 있어요. 푸아쿰부 속 태양곰이 라자나를 보고 미소 짓는 것 같아요. ‘고마워요, 태양곰님! 고마워요, 나의 투아!’",
      "srcPage": 23,
      "srcSentenceEA": 6,
      "srcWordEA": 34
    },
    {
      "srcTextID": "2712",
      "srcText": "라자나는 할머니가 짜는 푸아쿰부를 한참 동안 바라봐요. “할머니, 곰의 가슴에 황금빛 말굽 모양이 있어요.” 황금빛 말굽 모양은 해님을 가리킨단다. ",
      "srcPage": 3,
      "srcSentenceEA": 3,
      "srcWordEA": 20
    },
    {
      "srcTextID": "2711",
      "srcText": "그래서 이 곰을 해님을 불러오는 태양곰이라고 부르지. 라자나는 왜 할머니가 태양곰 무늬 푸아쿰부를 짜고 있는지 알 것 같아요. “할머니, 태양곰이 오면 정말 비가 그치나요?” ",
      "srcPage": 4,
      "srcSentenceEA": 3,
      "srcWordEA": 25
    },
    {
      "srcTextID": "2713",
      "srcText": " “정글 깊은 곳에 있지.” “곰이니까 무지무지 크겠네요?” “태양곰은 이 세상에서 가장 작은 곰이란다. 다 커도 너만 할 거다.” 라자나는 하루 종일 태양곰 생각뿐이에요.",
      "srcPage": 7,
      "srcSentenceEA": 5,
      "srcWordEA": 25
    },
    {
      "srcTextID": "2716",
      "srcText": "“할머니, 주무세요?” “그래, 할머니 잔다.” “치, 자는 사람이 어떻게 말을 해요? 할머니, 옛날이야기 해 주세요.” ",
      "srcPage": 8,
      "srcSentenceEA": 4,
      "srcWordEA": 16
    },
    {
      "srcTextID": "2715",
      "srcText": "“옛날이야기라. ‘투아’가 뭔 줄 아니, 아가야?” “그게 뭔데요?” “투아는 우리 이반족을 지켜 주는 수호신이란다. 숲의 요정들이 우리 이반족 한 사람 한 사람에게 투아를 보내 주었지.” ",
      "srcPage": 9,
      "srcSentenceEA": 5,
      "srcWordEA": 28
    },
    {
      "srcTextID": "2723",
      "srcText": "그러나 한참을 가도 말레이맥은 커녕 말레이맥이 산다는 빽빽한 숲도 보이지 않아요. 지친 라자나는 바닥에 풀썩 주저앉아요. 그때, 나무 뒤쪽에서 ‘쉬’ 하는 소리가 들려요.",
      "srcPage": 14,
      "srcSentenceEA": 4,
      "srcWordEA": 26
    },
    {
      "srcTextID": "2721",
      "srcText": " 라자나는 나무 뒤로 돌아가요. “네가 말레이맥이니?” “어이쿠, 넌 누구냐?” 오줌을 누던 말레이맥이 깜짝 놀라며 물어요. ",
      "srcPage": 15,
      "srcSentenceEA": 4,
      "srcWordEA": 17
    },
    {
      "srcTextID": "2728",
      "srcText": "“라자나, 라자나!” 누군가가 부르는 소리에 라자나가 다시 눈을 떠요. “아가야, 괜찮으냐?” 라자나를 품에 안은 할머니가 보여요. 마을 사람들의 걱정 어린 얼굴도 보여요. ",
      "srcPage": 20,
      "srcSentenceEA": 5,
      "srcWordEA": 25
    },
    {
      "srcTextID": "2717",
      "srcText": "“할머니의 투아는 뭔데요?” “코뿔새란다.” “그럼, 제 투아는요?” “언젠가 네 꿈에 나타날 거야. 자, 이제 자자꾸나.”",
      "srcPage": 10,
      "srcSentenceEA": 4,
      "srcWordEA": 16
    },
    {
      "srcTextID": "2719",
      "srcText": "“코뿔새야, 어디로 가면 태양곰을 만날 수 있니?” “태양곰은 왜?” “태양곰이 해님을 불러온다고 했거든. 해님이 오면 벼와 채소가 잘 자랄 거야.” ",
      "srcPage": 12,
      "srcSentenceEA": 4,
      "srcWordEA": 21
    },
    {
      "srcTextID": "2718",
      "srcText": " “흠, 말레이맥이라면 알지도 몰라. 워낙 오지랖이 넓은 친구니까.” “어디로 가면 말레이맥을 만날 수 있어?” “빽빽한 숲, 빽빽한 숲으로 가!” 코뿔새가 코맹맹이 소리로 외쳐요. ",
      "srcPage": 13,
      "srcSentenceEA": 5,
      "srcWordEA": 25
    },
    {
      "srcTextID": "2726",
      "srcText": "라자나는 숲속을 걷고 또 걸어요. 아무리 걸어도 빽빽한 숲은 나오지 않아요. 사람들이 여기까지 들어와서 나무를 베었나 봐요. 하루 종일 먹지도 마시지도 못한 라자나는 비틀거리다가 그만 정신을 잃고 쓰러져요. ",
      "srcPage": 18,
      "srcSentenceEA": 4,
      "srcWordEA": 31
    }
  ]
}