{
  "title": "리앙의 보물",
  "author": "윤여림",
  "illustrator": "최양숙",
  "isbn": "9791128214448",
  "readAge": "초등_고학년",
  "publishedYear": 2018,
  "publisher": "아람북스",
  "classification": "사회관계",
  "paragraphInfoCount": 21,
  "paragraphInfo": [
    {
      "srcTextID": "2914",
      "srcText": "기차가 빌딩 숲을 스쳐 지나갑니다. 차이는 차창에 코를 박은 채, 엄마가 따라 주는 차도 한 모금 마시지 않았습니다. 아빠 직장 때문에 시골로 이사 가는 게, 차이는 너무나 속이 상했습니다. ",
      "srcPage": 1,
      "srcSentenceEA": 3,
      "srcWordEA": 31
    },
    {
      "srcTextID": "2915",
      "srcText": "시골에 도착하자 속상한 마음이 더 커졌습니다. 마을이 휑하게 초라한 데다가 다가오는 어른이나 아이들의 말을 알아듣기가 힘들었기 때문입니다. “이곳 사투리가 좀 낯설지? 그래도 곧 배우게 될 거야.”",
      "srcPage": 2,
      "srcSentenceEA": 4,
      "srcWordEA": 28
    },
    {
      "srcTextID": "2917",
      "srcText": "아빠는 다독이듯 말했지만, 차이는 배우고 싶지 않았습니다. 그때 나타난 아이가 바로 리앙이었습니다. 리앙은 차이 앞에서 수줍게 웃더니 땅바닥에 글자를 썼습니다.",
      "srcPage": 3,
      "srcSentenceEA": 3,
      "srcWordEA": 22
    },
    {
      "srcTextID": "2916",
      "srcText": " ‘良’ 리앙은 손가락으로 글자를 한 번 가리키고는, 자기 얼굴을 가리켰습니다. “리앙, 네 이름이 리앙이라고?” 차이가 묻자, 리앙은 환하게 웃으며 고개를 끄덕였습니다. 리앙은 듣지도 말하지도 못하는 아이였습니다.",
      "srcPage": 4,
      "srcSentenceEA": 5,
      "srcWordEA": 30
    },
    {
      "srcTextID": "2919",
      "srcText": "하루는 리앙을 따라 집 앞 냇가를 거슬러 올랐습니다. 얼마나 걸었을까, 눈앞에 끝이 보이지 않는 넓은 호수가 펼쳐졌습니다. 차이는 놀라서 입을 벌리고 한참 동안 서 있었습니다. ",
      "srcPage": 6,
      "srcSentenceEA": 3,
      "srcWordEA": 27
    },
    {
      "srcTextID": "2921",
      "srcText": "리앙은 그런 차이를 보며 소리 없이 웃었습니다. 차이는 호숫가에서 깨진 그릇 조각을 주웠습니다. 조각은 물살에 깎인 듯 둥글둥글하고 반짝반짝 빛이 났습니다. ",
      "srcPage": 7,
      "srcSentenceEA": 3,
      "srcWordEA": 23
    },
    {
      "srcTextID": "2929",
      "srcText": "집집마다 붉은 꽃등을 달고 새해가 시작되기를 기다렸습니다. 드디어 새해가 되는 순간, 차이는 친구들하고 폭죽을 터뜨리기 시작했습니다. 타다다닥 파파팍! 흥이 나서 폭죽을 휘휘 돌리는데, 어느 사이에 리앙이 옆에 와 있었습니다. ",
      "srcPage": 16,
      "srcSentenceEA": 4,
      "srcWordEA": 32
    },
    {
      "srcTextID": "2918",
      "srcText": "차이는 서로 말을 주고받을 필요가 없는 리앙이 마음에 들었습니다. 리앙은 차이에게 마을 구석구석을 구경시켜 주었고, 마을 근처 숲에서 양매 열매도 따 주었습니다. 빨간 열매가 무척 달콤했습니다. ",
      "srcPage": 5,
      "srcSentenceEA": 3,
      "srcWordEA": 28
    },
    {
      "srcTextID": "2920",
      "srcText": "그때 리앙이 호주머니에서 무언가를 꺼냈습니다. 파란 용이 그려진 그릇 조각이었습니다. “그것도 여기에서 주웠어? 멋지다! 나도 용 진짜 좋아하는데.”",
      "srcPage": 8,
      "srcSentenceEA": 5,
      "srcWordEA": 21
    },
    {
      "srcTextID": "2925",
      "srcText": "차이는 열심히 호수 바닥을 뒤져 보았지만, 리앙의 보물만큼 멋진 그릇 조각은 찾지 못했습니다. 소나기가 쏟아지던 날, 리앙은 차이를 집으로 데려갔습니다. 리앙은 엄마랑 할머니랑 살고 있었습니다.",
      "srcPage": 9,
      "srcSentenceEA": 3,
      "srcWordEA": 27
    },
    {
      "srcTextID": "2922",
      "srcText": " 아빠는 베이징에서 일한다고 했습니다. 리앙의 엄마는 차이를 보고 부드럽게 웃었습니다. 리앙이 차이를 참 좋아한단다.",
      "srcPage": 10,
      "srcSentenceEA": 3,
      "srcWordEA": 17
    },
    {
      "srcTextID": "2923",
      "srcText": "같이 놀아 줘서 고맙다, 차이. 그러자 차이가 대답했습니다. 나도 리앙이 좋아요. ",
      "srcPage": 11,
      "srcSentenceEA": 3,
      "srcWordEA": 13
    },
    {
      "srcTextID": "2924",
      "srcText": "리앙은 내 친구인걸요. 리앙의 얼굴이 환해졌습니다. 리앙의 엄마는 차이에게 직접 종이를 오려 만든 빨간 용을 선물했습니다. ",
      "srcPage": 12,
      "srcSentenceEA": 3,
      "srcWordEA": 18
    },
    {
      "srcTextID": "2926",
      "srcText": "가을이 되자 차이와 리앙은 학교에 들어갔습니다. 차이는 리앙하고 노는 시간이 점점 줄어들었습니다. 새로 사귄 친구들하고 소리 내어 웃고 떠들다 보니, 리앙하고 노는 게 어쩐지 시시해졌기 때문이었습니다. ",
      "srcPage": 13,
      "srcSentenceEA": 3,
      "srcWordEA": 28
    },
    {
      "srcTextID": "2927",
      "srcText": "차이는 밤마다 창에 붙인 용 그림 너머로 리앙네 집 불빛을 보았습니다. 그럴 때면 마음 한쪽이 무거워졌지만, 날이 밝으면 또 금세 잊었습니다. 며칠 뒤면 새해 첫날인 춘절입니다. ",
      "srcPage": 14,
      "srcSentenceEA": 3,
      "srcWordEA": 28
    },
    {
      "srcTextID": "2930",
      "srcText": "춘절을 맞아 고향을 찾은 사람들로 온 마을이 북적였습니다. 리앙의 아빠도 베이징에서 돌아왔습니다. 한 해의 마지막 밤이 깊어 갔습니다. ",
      "srcPage": 15,
      "srcSentenceEA": 3,
      "srcWordEA": 20
    },
    {
      "srcTextID": "2928",
      "srcText": "리앙은 뭔가 할 말이 있다는 듯이 차이의 얼굴만 바라보았습니다. 하지만 차이는 어쩐지 귀찮아서 리앙을 못 본 척했습니다. 나중에 슬쩍 돌아보니 리앙은 가고 없었습니다.",
      "srcPage": 17,
      "srcSentenceEA": 3,
      "srcWordEA": 25
    },
    {
      "srcTextID": "2931",
      "srcText": "다음 날, 차이는 새해 아침인데도 늦잠을 잤습니다. 눈을 떠 보니 머리맡에 빨간 꾸러미가 있었습니다. 꾸러미를 풀어 보니 리앙의 보물, 용이 그려진 그릇 조각이었습니다. ",
      "srcPage": 18,
      "srcSentenceEA": 3,
      "srcWordEA": 25
    },
    {
      "srcTextID": "2932",
      "srcText": "마침 방에 들어온 엄마가 말했습니다. “리앙이 어젯밤에 주고 갔어.” 차이가 어리둥절해하자, 엄마가 물었습니다. “어제 리앙한테 아무 말도 못 들었니? 오늘 새벽에 리앙네 식구 모두 베이징으로 떠났잖아.” ",
      "srcPage": 19,
      "srcSentenceEA": 5,
      "srcWordEA": 28
    },
    {
      "srcTextID": "2934",
      "srcText": "차이는 리앙의 보물을 손에 쥔 채 소리치며 달려 나갔습니다. “리앙! 리앙!” 큰길까지 달렸지만, 리앙은 보이지 않았습니다. 친구 리앙은 그렇게 멀리 떠나갔습니다. ",
      "srcPage": 20,
      "srcSentenceEA": 4,
      "srcWordEA": 24
    },
    {
      "srcTextID": "2933",
      "srcText": " 리앙은 차이를 좋아해. 차이는 내 친구니까. 나의 좋은 친구니까. 좋은 친구야, 안녕!",
      "srcPage": 21,
      "srcSentenceEA": 4,
      "srcWordEA": 16
    }
  ]
}