{
  "title": "괴짜 건축가 가우디",
  "author": "하늘땅",
  "illustrator": "조은수",
  "isbn": "9791128221019",
  "readAge": "초등_고학년",
  "publishedYear": 2018,
  "publisher": "아람북스",
  "classification": "사회관계",
  "paragraphInfoCount": 20,
  "paragraphInfo": [
    {
      "srcTextID": "2584",
      "srcText": "가우디가 흐뭇하게 웃으며 말했어요. “지붕은 꿈틀꿈틀, 용 비늘 같아요!” “알폰소가 제대로 봤구나. 나는 살아 있는 집을 만들고 싶었단다. 그래서 알록달록한 타일들을 열심히 붙였지.”",
      "srcPage": 7,
      "srcSentenceEA": 5,
      "srcWordEA": 25
    },
    {
      "srcTextID": "2586",
      "srcText": " “할아버지는 어떻게 이런 신기한 집들을 만들어요?” “나는 어렸을 때 자주 아팠단다. 그래서 학교에 못 갈 때가 많았지. ",
      "srcPage": 8,
      "srcSentenceEA": 3,
      "srcWordEA": 18
    },
    {
      "srcTextID": "2587",
      "srcText": "그럴 때마다 혼자 들에 나가 나무랑 돌, 바람과 하늘을 책 읽듯이 들여다보곤 했어. 그때 알게 되었지. 자연 그대로가 가장 아름답다는 걸 말이야. 나중에 내가 집을 짓게 된다면, 자연을 닮은 집을 만들겠다고 마음먹었지.”",
      "srcPage": 9,
      "srcSentenceEA": 4,
      "srcWordEA": 35
    },
    {
      "srcTextID": "2589",
      "srcText": " “네! 케이크처럼 보이기도 하고요, 헤헤.”  “하하, 이따가 함께 케이크 먹으러 갈까?”  “좋아요, 할아버지!”",
      "srcPage": 11,
      "srcSentenceEA": 3,
      "srcWordEA": 14
    },
    {
      "srcTextID": "2596",
      "srcText": "“할아버지는 원래 건축가가 꿈이었어요?” “아니, 아버지처럼 대장장이가 되고 싶었단다. 아버지는 하루 종일 불 앞에서 쇠를 두들겨서 솥을 만들었지. ",
      "srcPage": 13,
      "srcSentenceEA": 3,
      "srcWordEA": 19
    },
    {
      "srcTextID": "2597",
      "srcText": "나는 그걸 구경하는 게 재미있었어. 시뻘건 불이 쇠를 녹이고, 그 쇠가 여러 가지 모양으로 바뀌는 게 신기했지. 나도 그때 아버지 옆에서 쇠를 두들기곤 했단다.” “이런 멋진 용의 입도 뚝딱 만들 수 있었겠네요? 그런데 왜 대장장이가 되지 않으셨어요?”",
      "srcPage": 14,
      "srcSentenceEA": 5,
      "srcWordEA": 40
    },
    {
      "srcTextID": "2599",
      "srcText": "“건축가가 되어서 좋은 게 뭐예요?” “백 년이고, 이백 년이고 오래오래 서 있을 건물을 남긴다는 게 무척이나 보람 있는 일이지. 그만큼 힘든 일이기도 하지만 말이다.” “천 년 뒤에도요?” “하하, 글쎄다!”",
      "srcPage": 16,
      "srcSentenceEA": 5,
      "srcWordEA": 30
    },
    {
      "srcTextID": "2579",
      "srcText": "알폰소는 구엘 공원의 나무 아래에 앉아 있었어요. ‘심심해, 오늘은 누구랑 놀지?’ 그때, 누군가 알폰소 곁으로 다가왔어요. ‘앗, 괴짜 할아버지다!’ ",
      "srcPage": 1,
      "srcSentenceEA": 4,
      "srcWordEA": 22
    },
    {
      "srcTextID": "2578",
      "srcText": "알폰소가 우물쭈물하자, 괴짜 할아버지가 먼저 알폰소에게 인사를 했어요. “안녕, 난 가우디라고 한단다. 넌 이름이 뭐니?”  “알폰소요. 근데 할아버지는 이 공원 안에서 살아요?” “그럼, 이 공원은 내가 지은 거란다.”",
      "srcPage": 2,
      "srcSentenceEA": 5,
      "srcWordEA": 30
    },
    {
      "srcTextID": "2588",
      "srcText": " “그럼, 저 집은 어떤 걸 보고 만든 거예요?”  “‘카사 밀라’ 말이냐? 저 집을 만들 때는 커다란 바위산을 그대로 옮겨 오고 싶었지.  어떠니? 바위산처럼 보이니?”",
      "srcPage": 10,
      "srcSentenceEA": 6,
      "srcWordEA": 29
    },
    {
      "srcTextID": "2591",
      "srcText": " “그런데 할아버지, 사람들이 왜 할아버지를 괴짜라고 해요?” “글쎄다. 내가 일할 때는 완벽하다 보니 완벽하지 않은 걸 싫어해서 함께 일하는 사람들을 무척 힘들게 했거든. 다 지은 건물을 다시 부순 적도 많았단다. 숙제를 다 했는데, 너더러 다시 하라고 하면 기분이 어떻겠니?” “윽, 그건 상상도 하기 싫어요!” “하하.”",
      "srcPage": 12,
      "srcSentenceEA": 5,
      "srcWordEA": 48
    },
    {
      "srcTextID": "2604",
      "srcText": " “이 성당은 어떤 걸 생각하며 만든 거예요?” “몬세라트산. 난 어렸을 때 몬세라트산에 가서 살다시피 했거든. 아, 서른한 살 때부터 짓기 시작했는데 벌써 30년이 넘었구나.” “할아버지, 근데 배 안 고프세요?” “하하, 그럼 슬슬 케이크 먹으러 가 볼까? 어제 만든 당근 케이크가 집에 있단다.”",
      "srcPage": 19,
      "srcSentenceEA": 6,
      "srcWordEA": 45
    },
    {
      "srcTextID": "2605",
      "srcText": " 알폰소는 가우디의 손을 잡고 다시 구엘 공원 쪽으로 걷기 시작했어요. “할아버지, 다음번엔 몬세라트산에 함께 가요.” “꼭 그러자꾸나.” 알폰소는 오늘, 자연을 사랑하는 마음이 아름다운 건물로 태어날 수 있다는 걸 느낄 수 있었어요.",
      "srcPage": 20,
      "srcSentenceEA": 4,
      "srcWordEA": 33
    },
    {
      "srcTextID": "2580",
      "srcText": " “와! 구엘 공원을 직접 만드셨다고요?” “그렇단다. 집이나 성당 같은 건물을 짓는 게 내 일이지. 나랑 공원 구경할래?” “네, 좋아요! 전 이 공원이 참말 좋아요. 꿈속에 나오는 집 같거든요.” 알폰소는 가우디의 손을 꼭 잡았어요.",
      "srcPage": 3,
      "srcSentenceEA": 7,
      "srcWordEA": 39
    },
    {
      "srcTextID": "2581",
      "srcText": " “할아버지, 이 도마뱀 입에서 나오는 물은 어디서 오는 거예요?” “지붕 위에 모인 빗물이 기둥을 타고 내려오는 거란다. 빗물을 그냥 흘려보내는 게 아까워서 내가 분수로 만들었지. 다른 동물들도 보러 가 볼까?” “네! 좋아요.”",
      "srcPage": 4,
      "srcSentenceEA": 5,
      "srcWordEA": 35
    },
    {
      "srcTextID": "2582",
      "srcText": " “이 벤치는 구불구불, 마치 뱀 같아요.” “그래, 그렇게 보이기도 하지. 타일 조각들도 크기며 모양이 모두 다르단다.” “왜 다르게 만들었어요?” “한번 둘러보렴. 나뭇잎도, 돌멩이도 똑같이 생긴 건 없어. 그래서 날마다 봐도 지루하지 않은 거야.” “맞아요, 똑같은 건 재미없어요.”",
      "srcPage": 5,
      "srcSentenceEA": 8,
      "srcWordEA": 40
    },
    {
      "srcTextID": "2583",
      "srcText": " 어느새 둘은 공원을 벗어나 시내로 들어섰어요. “할아버지, 저기 가면의 집이 있어요!” “하하, ‘카사 바트요’구나.” ",
      "srcPage": 6,
      "srcSentenceEA": 3,
      "srcWordEA": 16
    },
    {
      "srcTextID": "2598",
      "srcText": " “요즘은 더 이상 대장간에서 쇠를 녹여 물건을 만들지 않아. 공장에서 기계로 찍어 내잖니. 그래서 난 건축가가 되기로 했단다.” ",
      "srcPage": 15,
      "srcSentenceEA": 3,
      "srcWordEA": 20
    },
    {
      "srcTextID": "2600",
      "srcText": " “여긴 ‘카사 비센스’구나.” “와, 저런 대문은 처음 봐요.” “원래 여기에 아주 커다란 야자나무가 있었거든. 그 나뭇잎을 본떠 만든 거란다.” ",
      "srcPage": 17,
      "srcSentenceEA": 4,
      "srcWordEA": 21
    },
    {
      "srcTextID": "2601",
      "srcText": " “타일 속에 꽃도 있어요.” “집터에 노랗게 피어 있던 금잔화야. 그 꽃들도 살리고 싶었지.” 알폰소는 가우디가 정말로 자연을 사랑한다고 생각했어요.",
      "srcPage": 18,
      "srcSentenceEA": 4,
      "srcWordEA": 21
    }
  ]
}