{
  "title": "생각쟁이 뚱보 세종",
  "author": "조은수",
  "illustrator": "김옥재",
  "isbn": "9791128220456",
  "readAge": "초등_고학년",
  "publishedYear": 2018,
  "publisher": "아람북스",
  "classification": "사회관계",
  "paragraphInfoCount": 26,
  "paragraphInfo": [
    {
      "srcTextID": "891",
      "srcText": "“오늘부터 나랏일을 네게 다 맡기겠다.” 세종이 말했어. “왜요, 아바마마?” 세자가 눈이 똥그래져 물었지. “그건 비밀이다. 내가 꼭 할 일이 있거든.” 세종이 눈을 찡긋해 보였어. 아! 세자는 알 것 같았지.",
      "srcPage": 1,
      "srcSentenceEA": 9,
      "srcWordEA": 35
    },
    {
      "srcTextID": "894",
      "srcText": "한 달 전 일이야. 몸을 긁으며 책을 보던 세종이 의원을 불렀어. “전하, 온몸이 다 헌데투성이옵니다.”",
      "srcPage": 2,
      "srcSentenceEA": 3,
      "srcWordEA": 16
    },
    {
      "srcTextID": "892",
      "srcText": "의원은 얼른 온천으로 가라는 처방을 내렸지. “으, 시원하다. 역시 가려움증에는 온천이 최고야.” 그런데 저 멀리서 꼬끼오 닭 우는 소리가 들렸어.",
      "srcPage": 3,
      "srcSentenceEA": 4,
      "srcWordEA": 22
    },
    {
      "srcTextID": "893",
      "srcText": "짹짹 새 우는 소리도 들렸지. 그 소리를 가만히 듣던 세종이 외쳤어. “그래, 바로 저거야! 여봐라, 어서 한양으로 돌아갈 준비를 하여라.”",
      "srcPage": 4,
      "srcSentenceEA": 4,
      "srcWordEA": 22
    },
    {
      "srcTextID": "895",
      "srcText": " “여봐라! 어찌하여 길이 이리도 조용한 것이냐?” 한양으로 돌아가는 길에 세종이 물었어. 그러자 고을 사또가 얼른 달려와 아뢰었지. ",
      "srcPage": 5,
      "srcSentenceEA": 3,
      "srcWordEA": 20
    },
    {
      "srcTextID": "914",
      "srcText": "“바로 그거다! 한자로는 우리말을 모두 쓸 수가 없지. 그래서 내가 세상 모든 소리를 적을 수 있는 글자를 만들었노라.” 신하들이 모두 놀라서 바라보는데 세종이 말을 이어 갔어. ",
      "srcPage": 23,
      "srcSentenceEA": 4,
      "srcWordEA": 29
    },
    {
      "srcTextID": "916",
      "srcText": "“자, 이제 누구라도 이틀이면 깨칠 수 있는 쉬운 글자 한글이 여기 있으니 모든 백성들은 한글을 배워, 읽고 쓰도록 하여라.” 세종은 말을 마치더니 그동안 밀린 잠을 자려는 듯 몇 날 며칠을 잠자리에서 나오지 않았어. 가끔 고기 밥상은 들락날락했지만 말이야. 세종이 쿨쿨 단잠을 자는 동안 백성들은 덩실덩실 춤을 추었대.",
      "srcPage": 26,
      "srcSentenceEA": 4,
      "srcWordEA": 50
    },
    {
      "srcTextID": "896",
      "srcText": " “전하의 행차 길이 행여 막힐까 백성은 물론 개미 한 마리도 얼씬 못 하게 하였나이다.” 그러자 세종이 불같이 화를 내며 말했어. “네놈이 감히 임금과 백성의 사이를 가로막는 것이냐? 내 오늘은 바빠서 그냥 간다만, 다시 이런 짓을 하면 네 목이 달아날 줄 알아라.”",
      "srcPage": 6,
      "srcSentenceEA": 4,
      "srcWordEA": 43
    },
    {
      "srcTextID": "898",
      "srcText": "세종은 한양으로 돌아오자마자 책을 펼쳐 들었어. “이거 알 듯 말 듯하구나. 그, 그, 그, 그, 그, 가, 가, 가, 가.” 세종은 온종일 이상한 소리를 냈어.",
      "srcPage": 7,
      "srcSentenceEA": 4,
      "srcWordEA": 27
    },
    {
      "srcTextID": "902",
      "srcText": " “저, 아뢰옵기 황공하오나 개똥이.” “개똥이?” 세종이 되물었어.  “백성들 이름 가운데 가장 흔한 것이 ‘개똥이’인데 이걸 그대로 적을 한자가 없사옵니다.  특히 ‘똥’ 자가.”  “하하, 똥 자를 적기가 어렵다. 또 어떤 소리가 있더냐?” ",
      "srcPage": 12,
      "srcSentenceEA": 8,
      "srcWordEA": 37
    },
    {
      "srcTextID": "906",
      "srcText": "“난 괜찮으니 어서 그림을 그려 보아라.” “네? 갑자기 무슨 그림을.” “목구멍과 혀와 이 모양을 그려 보아라. 소리가 나오는 기관이 궁금해서 그러니 서둘러라.” 의원은 목구멍 안을 자세하게 그렸어.",
      "srcPage": 17,
      "srcSentenceEA": 5,
      "srcWordEA": 30
    },
    {
      "srcTextID": "909",
      "srcText": "“여봐라, 피리 부는 악공을 들라 해라.” ‘이번에는 또 무슨 일이실까?’ 내관이 고개를 갸웃거리며 악공을 불러왔지. ",
      "srcPage": 18,
      "srcSentenceEA": 3,
      "srcWordEA": 17
    },
    {
      "srcTextID": "908",
      "srcText": " “그래, 어서 들어오너라. 먼저 가느다란 세피리부터 불어 보아라. 피리에서 소리가 어찌 나는 것인지 알아보려고 그러느니라.” 세종은 악공이 피리 부는 모양을 자세히 살펴보며 그림을 그리기 시작했어. “자, 이젠 향피리를 불어 보아라.” “그다음은 당피리!” 그렇게 하루 종일 궁궐 안에 피리 소리가 울려 퍼졌지.",
      "srcPage": 19,
      "srcSentenceEA": 7,
      "srcWordEA": 45
    },
    {
      "srcTextID": "912",
      "srcText": " 하지만 세종은 멈추지 않았지. “짹짹, 짹짹, 지지배배, 배쫑배쫑…….” “전하, 고정하시옵소서! 한자로는 그런 소리를 적을 수가 없사옵니다.”",
      "srcPage": 22,
      "srcSentenceEA": 4,
      "srcWordEA": 18
    },
    {
      "srcTextID": "915",
      "srcText": "“또 농사는 어떠하냐? 우리 땅에 맞는 농법을 정리하여 농사직설이라는 책을 만들었지만 한자로 쓰여 있으니, 까만 건 글씨요, 흰 건 종이라. 정작 백성들은 읽을 수가 없지 않느냐.” 세종은 물 한 잔을 꿀꺽꿀꺽 들이켜고는 계속 말을 이어 나갔어.",
      "srcPage": 25,
      "srcSentenceEA": 4,
      "srcWordEA": 39
    },
    {
      "srcTextID": "897",
      "srcText": "“아무래도 전하께서 책을 너무 보시는 듯하옵니다.” “정말 걱정이구나. 잠도 주무시지 않고.” 왕비 얼굴에 걱정이 가득했지.",
      "srcPage": 8,
      "srcSentenceEA": 4,
      "srcWordEA": 17
    },
    {
      "srcTextID": "901",
      "srcText": " “음, ‘으랏차차’ 씨름꾼 소리라든가, ‘따끈따끈한 떡 사슈.’ 같은 말이옵니다.” “그래, 그런 재미난 우리말을 적을 한자는 없지. 마침 떡 이야기를 하니까 배가 고프구나. 여봐라, 거기 아무도 없느냐?”",
      "srcPage": 13,
      "srcSentenceEA": 6,
      "srcWordEA": 30
    },
    {
      "srcTextID": "904",
      "srcText": " “아니, 이게 뭐냐? 고작 곶감 몇 개라니!” “전하, 한밤중에 너무 많이 드시면 배탈이 날까 염려되어.” “어허, 배가 몹시 고프다니까! 어서 고기를 듬뿍 내오너라!”",
      "srcPage": 14,
      "srcSentenceEA": 5,
      "srcWordEA": 25
    },
    {
      "srcTextID": "905",
      "srcText": "곧 잘 차린 고기 밥상을 내왔어. “냠냠, 쩝쩝. 목구멍으로 고기가 넘어가니 이제야 좀 살 것 같구나.” 한입 가득 고기를 씹던 세종이 중얼거렸어.",
      "srcPage": 15,
      "srcSentenceEA": 4,
      "srcWordEA": 24
    },
    {
      "srcTextID": "911",
      "srcText": " 신하들은 고개만 갸우뚱거리며 적지 못했지. 그러자 세종은 “음매!” 소 우는 소리를 냈어. ‘임금님이 책만 읽으시더니 이상해지셨나 봐.’ ",
      "srcPage": 21,
      "srcSentenceEA": 4,
      "srcWordEA": 21
    },
    {
      "srcTextID": "900",
      "srcText": "“그건 비밀이다. 나중에 알려 주마.” 세종이 또 눈을 찡긋했지. 하지만 정의 공주는 알고 있었어. ",
      "srcPage": 10,
      "srcSentenceEA": 4,
      "srcWordEA": 17
    },
    {
      "srcTextID": "899",
      "srcText": " 얼마 뒤, 세종은 정의 공주를 불렀어. “공주야, 저잣거리에 나가 백성이 쓰는 말과 사투리를 다 적어 오너라.” “네? 아바마마, 그건 무엇에 쓰시려고요?”",
      "srcPage": 9,
      "srcSentenceEA": 3,
      "srcWordEA": 23
    },
    {
      "srcTextID": "903",
      "srcText": "지난번에 세자가 귀띔해 주었거든. 정의 공주는 궁 밖으로 나가 백성들이 하는 말과 들리는 소리들을 적어 왔어. “그래, 한자로 적는 데 어려움은 없더냐?”",
      "srcPage": 11,
      "srcSentenceEA": 3,
      "srcWordEA": 23
    },
    {
      "srcTextID": "907",
      "srcText": "“이로 씹고 혀로 맛보고 목구멍으로 넘긴다. 옳거니! 소리도 그렇지!” 세종이 무릎을 치더니 급히 의원을 불렀어. “전하, 어디 불편하신 데라도 있사옵니까?”",
      "srcPage": 16,
      "srcSentenceEA": 5,
      "srcWordEA": 23
    },
    {
      "srcTextID": "910",
      "srcText": " 그렇게 시간이 흐르고, 어느 날 세종이 신하들을 모두 불러 모았어. 그러고는 느닷없이 닭 우는 소리를 냈지. “꼬끼오! 자, 모두 이 소리를 적어 보아라.”",
      "srcPage": 20,
      "srcSentenceEA": 3,
      "srcWordEA": 26
    },
    {
      "srcTextID": "913",
      "srcText": "“그동안 나는 안 아픈 데가 없었다. 의원들이 중국 의학책만 보고 병을 고치려 드니 도무지 낫지를 않더구나. 임금인 나도 이런데, 가난한 백성은 얼마나 답답하겠느냐. 그래서 우리 땅에서 나는 약초를 모아 책을 만들었지만 한자로 쓰여 있으니 백성들이 볼 수가 있겠느냐.”",
      "srcPage": 24,
      "srcSentenceEA": 4,
      "srcWordEA": 41
    }
  ]
}