{
  "title": "휘게가 궁금하다고?",
  "author": "이윤주",
  "illustrator": "최재훈",
  "isbn": "9791128215070",
  "readAge": "초등_고학년",
  "publishedYear": 2018,
  "publisher": "아람북스",
  "classification": "사회관계",
  "paragraphInfoCount": 21,
  "paragraphInfo": [
    {
      "srcTextID": "2380",
      "srcText": "음, 맛있는 냄새! 음식이 식탁에 가득해요. 내가 가장 좋아하는 샌드위치도 있어요. ",
      "srcPage": 16,
      "srcSentenceEA": 3,
      "srcWordEA": 13
    },
    {
      "srcTextID": "2386",
      "srcText": "아차, 얼른 나비 리본을 목에 묶어요. 부엌으로 걸어오는 아빠의 발이 보여요. “토마스, 혹시 엠마 못 봤어?” ",
      "srcPage": 18,
      "srcSentenceEA": 3,
      "srcWordEA": 17
    },
    {
      "srcTextID": "2347",
      "srcText": "엄마와 아빠는 휘게라는 말을 자주 해요. 휘게가 뭐냐고요? 궁금하다면 나를 따라와 보세요.단네브로는 덴마크 말로 ‘덴마크의 힘’이라는 뜻을 가진 덴마크의 국기예요. 빨강 바탕에 하양 십자가 무늬가 그려진, 세계에서 가장 오래된 국기지요. ",
      "srcPage": 2,
      "srcSentenceEA": 6,
      "srcWordEA": 35
    },
    {
      "srcTextID": "2354",
      "srcText": " 나는 커다란 곰 인형 뒤로 숨어요. “엄마, 내가 보여요?” “커다란 곰 인형 뒤에 작은 아기 곰 말이니?” 으으, 어떡하죠? 아빠가 곧 도착할 텐데.",
      "srcPage": 9,
      "srcSentenceEA": 5,
      "srcWordEA": 26
    },
    {
      "srcTextID": "2357",
      "srcText": "“엠마, 토마스 아저씨네 가족이 곧 도착할 거야. 마중 나가 보렴.” 엄마의 말을 듣고 나는 마당으로 나가요. ",
      "srcPage": 11,
      "srcSentenceEA": 3,
      "srcWordEA": 18
    },
    {
      "srcTextID": "2348",
      "srcText": "오늘은 아빠의 생일이에요. 엄마가 생일 케이크에 단네브로를 꽂았어요.  “토마스 아저씨네 가족까지 오면 정말 행복한 파티가 되겠구나. 이게 바로 휘게지.” ",
      "srcPage": 1,
      "srcSentenceEA": 4,
      "srcWordEA": 21
    },
    {
      "srcTextID": "2355",
      "srcText": "조금 어둑어둑해지자 엄마가 양초를 하나 둘 씩 켜요. 집 안이 금세 은은한 불빛으로 아늑해져요. 덴마크는 집집마다 이런 양초를 한두 개쯤 가지고 있어요.",
      "srcPage": 8,
      "srcSentenceEA": 3,
      "srcWordEA": 24
    },
    {
      "srcTextID": "2358",
      "srcText": "토마스 아저씨는 아빠 친구인데, 이번에 셋째 아기를 낳았대요. “걱정은 무슨! 학교며 병원이 다 공짜인데, 얼마나 아기 키우기가 좋아? 이래서 세금을 내야 한다니까.” 전화하며 걸어오는 토마스 아저씨의 목소리가 들려요.",
      "srcPage": 12,
      "srcSentenceEA": 5,
      "srcWordEA": 31
    },
    {
      "srcTextID": "2385",
      "srcText": "아빠가 나를 찾아요. 나는 손으로 입을 막고 몸을 고슴도치처럼 웅크려요. “글쎄, 나는 못 봤는데.” 토마스 아저씨의 당황한 목소리가 들려요. 아빠가 가까이 다가올수록 자꾸만 웃음이 새어 나와요.",
      "srcPage": 19,
      "srcSentenceEA": 5,
      "srcWordEA": 29
    },
    {
      "srcTextID": "2388",
      "srcText": "“짜잔, 아빠 저 여기에 있어요. 아야!” 나는 밖으로 빠져나오다가 식탁에 이마를 꽝 부딪혀요. 아빠가 입으로 호호 내 이마를 불어요. ",
      "srcPage": 20,
      "srcSentenceEA": 4,
      "srcWordEA": 22
    },
    {
      "srcTextID": "2390",
      "srcText": "까르르 웃음이 나와요. “아빠는 이 시간이 참 행복해. 가족, 친구와 함께 보내는 바로 이 순간. 이게 바로 휘게라고!”",
      "srcPage": 23,
      "srcSentenceEA": 4,
      "srcWordEA": 20
    },
    {
      "srcTextID": "2350",
      "srcText": "자전거를 타면 길도 안 막히고, 공기도 깨끗해진대요. 앗, 아빠가 곧 도착할 거예요. 생일 선물을 얼른 숨겨야겠어요. 선물이 궁금하다고요? 쉿! 비밀이에요.",
      "srcPage": 4,
      "srcSentenceEA": 6,
      "srcWordEA": 25
    },
    {
      "srcTextID": "2349",
      "srcText": "아빠는 국회 의원이에요. 지금쯤 국회 의사당에서 자전거를 타고 출발했을 거예요. 덴마크에서는 많은 사람들이 자전거를 타고 다녀요. ",
      "srcPage": 3,
      "srcSentenceEA": 3,
      "srcWordEA": 18
    },
    {
      "srcTextID": "2353",
      "srcText": "“좋았어, 벽난로 앞 의자 밑에 숨겨야지!” 이 의자는 아빠가 첫 월급을 받았을 때 산 거예요. 덴마크 사람들은 첫 월급으로 의자를 꼭 사거든요. ",
      "srcPage": 5,
      "srcSentenceEA": 3,
      "srcWordEA": 24
    },
    {
      "srcTextID": "2352",
      "srcText": " 아빠는 이 의자에 앉을 때마다 이렇게 말해요. “편안하구나! 이 의자는 꼭 엠마에게 물려줄 거야.” 하지만 나는 아빠 무릎 위에 앉는 게 더 좋은걸요.",
      "srcPage": 6,
      "srcSentenceEA": 3,
      "srcWordEA": 26
    },
    {
      "srcTextID": "2356",
      "srcText": "선물 숨길 곳을 찾아 돌아다니다가 하마터면 벽에 걸린 액자를 떨어뜨릴 뻔했어요. 지난겨울에 엄마와 함께 만든 액자예요. 난 겨울이 좋아요. 겨울에는 엄마, 아빠와 더 많은 시간을 보낼 수 있으니까요. 엄마는 벽난로 앞에 앉아 뜨개질을 하고, 나는 아빠와 함께 레고를 가지고 놀아요.",
      "srcPage": 10,
      "srcSentenceEA": 5,
      "srcWordEA": 44
    },
    {
      "srcTextID": "2363",
      "srcText": "앗, 토마스 아저씨네 가족이 정원으로 들어오고 있어요. 나는 서둘러 커다란 나무 옆에 쪼그리고 앉아요. 다니엘이 앞장서고 토마스 아저씨와 루나, 아기를 안은 마리아 아줌마가 뒤따라 정원으로 들어와요. ",
      "srcPage": 14,
      "srcSentenceEA": 3,
      "srcWordEA": 28
    },
    {
      "srcTextID": "2362",
      "srcText": " “엄마, 나무 옆에 웅크리고 있는 아기 사슴 좀 봐요, 헤헤!” 다니엘의 한마디에 마리아 아줌마가 빙긋 웃어요. 그때 따릉따릉 아빠의 자전거 소리가 들려요. 나는 들키지 않으려고 서둘러 집 안으로 들어가요.",
      "srcPage": 15,
      "srcSentenceEA": 4,
      "srcWordEA": 32
    },
    {
      "srcTextID": "2381",
      "srcText": "지금 당장 한입 베어 먹고 싶지만, 꾹 참아요. “엠마, 아빠 왔다.” 아빠가 마당 한구석에 자전거를 세우며 나를 불러요. “큰일 났네. 아저씨, 잠깐만요.” 나는 토마스 아저씨의 다리 사이를 지나 식탁 밑으로 들어가요.",
      "srcPage": 17,
      "srcSentenceEA": 6,
      "srcWordEA": 34
    },
    {
      "srcTextID": "2387",
      "srcText": "“엠마, 이거 받아라.”와! 내가 갖고 싶었던 인어 공주 레고예요. 어느새 아픈 것도 잊어버려요. “나도 아빠에게 드릴 선물이 있어요. 바로.”",
      "srcPage": 21,
      "srcSentenceEA": 5,
      "srcWordEA": 23
    },
    {
      "srcTextID": "2389",
      "srcText": "“저예요, 엠마라고요! 킥킥.”  아빠의 얼굴이 환하게 빛나요.  “맞아, 넌 최고의 선물이란다.” 아빠가 나를 번쩍 안아 올려요. ",
      "srcPage": 22,
      "srcSentenceEA": 5,
      "srcWordEA": 20
    }
  ]
}