{
  "title": "똑똑하게 돈 쓰는 법",
  "author": "서보현",
  "illustrator": "정문주",
  "isbn": "9791165436384",
  "readAge": "초등_고학년",
  "publishedYear": 2022,
  "publisher": "아람북스",
  "classification": "사회관계",
  "paragraphInfoCount": 18,
  "paragraphInfo": [
    {
      "srcTextID": "9337",
      "srcText": " 오리 아주머니는 대형 마트에 왔어요. 대형 마트에는 여러 종류의 마스크가 있지요. 오리 아주머니가 마스크를 고르고 있어요.",
      "srcPage": 3,
      "srcSentenceEA": 3,
      "srcWordEA": 19
    },
    {
      "srcTextID": "9335",
      "srcText": "여러분, 안녕하세요? 울리불리 쇼의 울리불리예요. 오늘은 똑똑하게 돈을 쓰는 주인공을 찾아 나설 거예요. 똑똑하게 돈을 쓰면 초록 불이, 아니면 빨간 불이 들어와요. 자, 출발해 볼까요?",
      "srcPage": 1,
      "srcSentenceEA": 5,
      "srcWordEA": 29
    },
    {
      "srcTextID": "9336",
      "srcText": "여기는 오리네 집이에요. 미세 먼지가 심해서 아기 오리들이 쓸 마스크가 필요해요. 마스크를 사러 가는 오리 아주머니를 따라가 볼까요? 엄마, 마스크가 하나도 없어요. 가족이 많아서 금방 다 써 버렸네. ",
      "srcPage": 2,
      "srcSentenceEA": 5,
      "srcWordEA": 32
    },
    {
      "srcTextID": "9338",
      "srcText": "어떤 마스크를 살지 고민하는 오리 아주머니 입이 씰룩거려요. 마스크가 100개나 들어 있다고? 캐릭터 마스크를 사면 사은품으로 인형을 준다고? ",
      "srcPage": 4,
      "srcSentenceEA": 3,
      "srcWordEA": 20
    },
    {
      "srcTextID": "9340",
      "srcText": "100개나 들어 있어 오래 쓰겠는걸. 가족이 많으니, 양이 많을수록 좋겠지. 캐릭터가 그려져 있어서 아기 오리들이 좋아할 거야.",
      "srcPage": 5,
      "srcSentenceEA": 3,
      "srcWordEA": 19
    },
    {
      "srcTextID": "9339",
      "srcText": " 게다가 사은품으로 인형도 주잖아. 오, 초록 불이 들어왔어요. 마스크가 많이 필요한 오리 가족에게 딱 맞는 선택이군요! 좋아, 이 마스크를 사겠어! ",
      "srcPage": 6,
      "srcSentenceEA": 4,
      "srcWordEA": 24
    },
    {
      "srcTextID": "9345",
      "srcText": "어떤 안경 가게에서 살지 두더지 아저씨 눈이 요리조리 데굴데굴. 하나를 더 준다고? 어디에서 안경을 살까?",
      "srcPage": 11,
      "srcSentenceEA": 3,
      "srcWordEA": 17
    },
    {
      "srcTextID": "9348",
      "srcText": "여우 아가씨는 선글라스값을 할인해 주는 네모안경에서 샀어요. 하나만 필요하다면 이것이 더 좋은 선택이지요. 나 같은 멋쟁이에게 똑같은 선글라스가 두 개나 있을 필요는 없지. 싸게 사는 게 더 낫겠어!",
      "srcPage": 13,
      "srcSentenceEA": 4,
      "srcWordEA": 31
    },
    {
      "srcTextID": "9341",
      "srcText": "너구리 아저씨는 어떤 마스크를 고를까요? 너구리 아저씨는 캐릭터 마스크를 골랐어요. 마스크를 잘 쓰지 않는 너굴이를 위해서는 더 좋은 선택이지요. ",
      "srcPage": 7,
      "srcSentenceEA": 3,
      "srcWordEA": 21
    },
    {
      "srcTextID": "9350",
      "srcText": "돼지 사장님이 자주 사 먹는 붕어빵 가게에 왔어요. 늘 먹던 크림붕어빵은 쿠폰에 도장을 한 개만 더 찍으면 왕슈크림빵을 공짜로 받을 수 있어요. 새로 나온 매콤붕어빵을 사면 경품 게임을 할 수 있대요. ",
      "srcPage": 15,
      "srcSentenceEA": 3,
      "srcWordEA": 33
    },
    {
      "srcTextID": "9346",
      "srcText": " 안경을 싸게 산 대신 간식을 사 먹을까? 오호, 초록 불이 들어왔어요. 안경이 없으면 꼼짝 못 하는 두더지 아저씨에게 딱 맞는 선택이군요.  좋아, 세모안경에서 사겠어!",
      "srcPage": 12,
      "srcSentenceEA": 4,
      "srcWordEA": 29
    },
    {
      "srcTextID": "9349",
      "srcText": "룰루랄라, 돼지 사장님이 붕어빵을 사러 시장에 가요. 돼지 사장님을 따라가 볼까요? 사장님, 달콤한 크림이 잔뜩 들어 있는 걸로요! 내가 얼른 가서 붕어빵을 사 올게요!",
      "srcPage": 14,
      "srcSentenceEA": 4,
      "srcWordEA": 27
    },
    {
      "srcTextID": "9352",
      "srcText": "어떤 붕어빵을 고를지 돼지 사장님이 고개를 갸웃거려요. 도장을 한 개만 더 찍으면 왕슈크림빵을 공짜로 먹을 수 있겠군. 잘만 맞히면 붕어빵이 100개야! 실컷 먹을 수 있으니까 다들 좋아하겠지? ",
      "srcPage": 16,
      "srcSentenceEA": 4,
      "srcWordEA": 30
    },
    {
      "srcTextID": "9354",
      "srcText": "저런, 빨간 불이 들어왔어요. 꽝을 맞힌 돼지 사장님이 시무룩한 얼굴로 매콤붕어빵 한 봉지를 들고 돌아가네요. 똑똑한 소비는 모두가 먹고 싶어 했던 크림붕어빵을 사는 것인데, 경품 때문에 잘못된 선택을 한 거예요.",
      "srcPage": 17,
      "srcSentenceEA": 3,
      "srcWordEA": 32
    },
    {
      "srcTextID": "9342",
      "srcText": "우리 집 너굴이는 마스크를 쓰기 싫어하잖아. 하지만 귀여운 캐릭터가 그려진 마스크는 좋아할 거야. 좋아, 이 마스크를 사겠어! ",
      "srcPage": 8,
      "srcSentenceEA": 3,
      "srcWordEA": 19
    },
    {
      "srcTextID": "9343",
      "srcText": "두더지 아저씨는 안경 가게를 찾고 있어요. 하나뿐인 안경을 잃어버렸다고 했거든요. 저기 안경 가게가 나란히 있네요. 두더지 아저씨를 따라가 볼까요? 앞이 잘 안 보여서 너무 불편해. ",
      "srcPage": 9,
      "srcSentenceEA": 5,
      "srcWordEA": 29
    },
    {
      "srcTextID": "9344",
      "srcText": "두더지 아저씨가 세모안경에 왔어요. 세모안경은 안경 하나를 사면 똑같은 안경 하나를 더 준대요. 네모안경은 안경값을 할인해 준대요. ",
      "srcPage": 10,
      "srcSentenceEA": 3,
      "srcWordEA": 19
    },
    {
      "srcTextID": "9353",
      "srcText": "경품에 정신이 팔려 붕어빵을 잘못 사 버렸어. 잉, 매콤붕어빵은 매워서 못 먹겠어요. 흑흑, 도장 한 개만 더 찍으면 왕슈크림빵을 받을 수 있었다고요.",
      "srcPage": 18,
      "srcSentenceEA": 3,
      "srcWordEA": 24
    }
  ]
}