{
  "title": "딸기 가격이 오르락내리락",
  "author": "강정연",
  "illustrator": "신민재",
  "isbn": "9791165436339",
  "readAge": "초등_고학년",
  "publishedYear": 2022,
  "publisher": "아람북스",
  "classification": "사회관계",
  "paragraphInfoCount": 16,
  "paragraphInfo": [
    {
      "srcTextID": "9612",
      "srcText": "제제가 아빠와 함께 마트에 왔어요. “제제야, 오늘 딸기가 정말 싱싱하구나.” “네! 향기도 좋고, 반짝반짝해요.” “가격도 싸니까 우리 두 바구니 살까?” “좋아요!” 제제는 아빠와 딸기를 살 때가 두 번째로 행복하답니다.",
      "srcPage": 2,
      "srcSentenceEA": 5,
      "srcWordEA": 31
    },
    {
      "srcTextID": "9613",
      "srcText": "아빠와 제제가 딸기를 먹으며 텔레비전을 보는데, 슈퍼스타 룰루 씨가 나왔어요. 룰루 씨는 양손 가득 딸기를 들고 말했어요. “제 아름다움의 비결은 바로 날마다 먹는 이 딸기랍니다.” 제제와 아빠는 마주 보며 빙그레 웃었어요. “역시 딸기가 최고야!”",
      "srcPage": 3,
      "srcSentenceEA": 5,
      "srcWordEA": 36
    },
    {
      "srcTextID": "9614",
      "srcText": "제제는 오늘도 아빠와 함께 딸기를 사러 집을 나섰어요. “아빠, 오늘따라 다들 딸기를 많이 들고 다녀요.” “그러게. 무슨 일이지? 우리도 얼른 가 보자.” 제제와 아빠가 마트로 향했어요.",
      "srcPage": 4,
      "srcSentenceEA": 5,
      "srcWordEA": 29
    },
    {
      "srcTextID": "10967",
      "srcText": "마트에 도착한 제제와 아빠는 눈이 휘둥그레졌어요. 딸기 판매대가 텅텅 비어 있었거든요. “딸기 없나요?” “방금 다 팔렸어요.”",
      "srcPage": 5,
      "srcSentenceEA": 4,
      "srcWordEA": 17
    },
    {
      "srcTextID": "9615",
      "srcText": "“오늘은 딸기를 살 수 있겠지?” 제제와 아빠는 서둘러 마트로 향했어요. 다행히 딱 한 바구니가 남아 있었지요.",
      "srcPage": 7,
      "srcSentenceEA": 3,
      "srcWordEA": 18
    },
    {
      "srcTextID": "9616",
      "srcText": "그런데 가격이 엄청 올라 있지 뭐예요! “너무 비싼 거 아닌가요?” “다들 사려고 해서 딸기가 부족한걸요. 이것도 마지막 딸기랍니다.” 제제와 아빠는 어쩔 수 없이 사천 원을 내고 딸기를 사 왔어요.",
      "srcPage": 8,
      "srcSentenceEA": 5,
      "srcWordEA": 31
    },
    {
      "srcTextID": "9621",
      "srcText": "아빠가 딸기를 먹으며 뉴스를 봤어요. \"딸기가 더 귀해지겠는걸.” 아빠는 한숨을 푹 쉬었어요. 갑작스러운 태풍으로 농장의 피해가 큽니다. 지금 엉망이 된 딸기밭에 나와 있습니다.",
      "srcPage": 9,
      "srcSentenceEA": 5,
      "srcWordEA": 26
    },
    {
      "srcTextID": "9634",
      "srcText": "마트에 온 제제와 아빠는 너무 놀라 입이 쩍 벌어졌어요. “어쩔 수 없어요. 태풍 때문에 딸기를 구하기가 어려워요.” 제제의 얼굴이 시무룩해졌어요. “제제야, 딸기 맛 과자라도 사 갈까?”",
      "srcPage": 10,
      "srcSentenceEA": 5,
      "srcWordEA": 28
    },
    {
      "srcTextID": "9644",
      "srcText": "집으로 돌아오는 길에 치치 할머니를 만났어요. “제제야, 왜 그렇게 기운이 없니?” “딸기가 너무 비싸서 못 샀거든요.”",
      "srcPage": 11,
      "srcSentenceEA": 3,
      "srcWordEA": 16
    },
    {
      "srcTextID": "9643",
      "srcText": "“조금만 기다려 보렴. 잘 팔리지 않으면 다시 딸기 가격이 내려갈 거란다.” “정말 그럴까요?” “그럼! 두고 보렴.” 아빠도 눈을 찡긋하며 고개를 끄덕였어요. 제제는 기분이 조금 나아져서 딸기 맛 과자를 흔들며 집으로 달려갔어요. ",
      "srcPage": 12,
      "srcSentenceEA": 6,
      "srcWordEA": 35
    },
    {
      "srcTextID": "9647",
      "srcText": "텔레비전에 홈런왕 팡팡 씨가 나왔어요. 팡팡 씨가 한입 가득 포도를 먹으며 말했어요. “제 홈런의 비결은 바로 날마다 먹는 싱싱한 포도랍니다.” ",
      "srcPage": 14,
      "srcSentenceEA": 3,
      "srcWordEA": 21
    },
    {
      "srcTextID": "9646",
      "srcText": "“오, 팡팡 씨는 포도를 좋아하는구나!” “아빠, 그럼 혹시 내일?” 제제와 아빠는 마주 보며 씩 웃었어요. ",
      "srcPage": 15,
      "srcSentenceEA": 3,
      "srcWordEA": 16
    },
    {
      "srcTextID": "9648",
      "srcText": "아빠와 제제가 마트에 왔어요. 포도 판매대 앞은 와글와글했지요. “역시!” 제제와 아빠는 신이 나서 손뼉을 마주쳤어요. 그러고는 오랜만에 딸기 두 바구니를 샀지요.",
      "srcPage": 16,
      "srcSentenceEA": 4,
      "srcWordEA": 24
    },
    {
      "srcTextID": "9611",
      "srcText": "제제와 아빠는 딸기를 무척 좋아해요. 아침에는 딸기 주스를 마시고, 점심으로는 딸기 파이를, 저녁에는 딸기 케이크를 먹지요. 간식으로는 싱싱한 딸기를 한입에 꿀꺽하고요. 제제는 아빠와 함께 딸기를 먹을 때가 가장 행복해요.",
      "srcPage": 1,
      "srcSentenceEA": 4,
      "srcWordEA": 32
    },
    {
      "srcTextID": "10966",
      "srcText": "“딸기가 다 팔렸다고요?” “슈퍼스타 룰루 씨처럼 아름다워지겠다고 다들 딸기만 찾지 뭐예요.” 제제와 아빠는 딸기를 사지 못하고, 빈손으로 돌아왔어요.",
      "srcPage": 6,
      "srcSentenceEA": 3,
      "srcWordEA": 19
    },
    {
      "srcTextID": "9645",
      "srcText": "“딸기 사세요. 딸기가 비싸져서 잘 팔리지 않아 가격이 내려갔어요.” 아빠는 한참을 망설이다가 말했어요. “그래도 비싸요. 다음에 살게요.” “그럼 포도는 어떠세요? 요즘 포도가 싸고 맛있어요.” “좋아요, 포도 주세요!”",
      "srcPage": 13,
      "srcSentenceEA": 8,
      "srcWordEA": 31
    }
  ]
}