{
  "title": "만델라, 고마워요",
  "author": "최규순",
  "illustrator": "노성빈",
  "isbn": "9791128220500",
  "readAge": "초등_고학년",
  "publishedYear": 2018,
  "publisher": "아람북스",
  "classification": "사회관계",
  "paragraphInfoCount": 24,
  "paragraphInfo": [
    {
      "srcTextID": "1019",
      "srcText": "예를 들어 흑인들은 아파도 치료받는 게 힘들었지요. “우리 병원은 백인만 치료하니 다른 곳으로 가시오!” “아이가 열이 펄펄 끓어요! 한 번만 봐 주세요.” 아무리 사정해도 소용없었지요.",
      "srcPage": 3,
      "srcSentenceEA": 5,
      "srcWordEA": 27
    },
    {
      "srcTextID": "1021",
      "srcText": "대학생 때였어요. 한 백인이 내 친구에게 동전을 건네며 말했어요. “이봐, 우표 좀 사다 줘!” “참 무례하군요. 백인이라고 흑인에게 멋대로 심부름을 시킬 수는 없어요!”",
      "srcPage": 4,
      "srcSentenceEA": 5,
      "srcWordEA": 25
    },
    {
      "srcTextID": "1023",
      "srcText": "생각해 보면 이상한 게 한두 가지가 아니었어요. 흑인은 흑인끼리 모여 살아야 했고, 기차를 타면 맨 뒤 칸으로 가야 했지요. ‘흑인이라고 차별받는 것은 말도 안 돼!’ ",
      "srcPage": 5,
      "srcSentenceEA": 3,
      "srcWordEA": 27
    },
    {
      "srcTextID": "1022",
      "srcText": "나는 ‘아프리카 민족 회의’에 들어갔어요. 그곳에는 나하고 생각이 같은 사람들이 모여 있었지요. 우리는 머리를 맞대고 의논했어요. ",
      "srcPage": 6,
      "srcSentenceEA": 4,
      "srcWordEA": 19
    },
    {
      "srcTextID": "1024",
      "srcText": "“어떻게 해야 이 부당한 일을 바로잡을 수 있을까요?” “먼저 그들이 만든 법이 얼마나 잘못되었는지 시위를 해서 알려 줍시다!” “옳소! 저항해야 합니다.” 드디어 저항 운동을 하기로 한 날이 되었어요.",
      "srcPage": 7,
      "srcSentenceEA": 4,
      "srcWordEA": 30
    },
    {
      "srcTextID": "1018",
      "srcText": "우리 아버지는 남아프리카에 있는 작은 마을의 추장이었어요.  그런데 내가 갓난아이였을 때 집과 땅, 가축들을 모두 빼앗겼지요. 백인 판사가 하라는 대로 따르지 않았다고요.",
      "srcPage": 1,
      "srcSentenceEA": 3,
      "srcWordEA": 25
    },
    {
      "srcTextID": "1027",
      "srcText": "백인들은 우리를 감옥에 집어넣었어요. 하지만 우리는 감옥 따위는 하나도 두렵지 않았지요. 나는 감옥에서 금방 풀려났어요. ",
      "srcPage": 9,
      "srcSentenceEA": 3,
      "srcWordEA": 17
    },
    {
      "srcTextID": "1026",
      "srcText": "나는 좀 더 강한 저항 운동을 준비했지요. 백인 경찰은 더 철저하게 나를 감시했어요. 결국 호시탐탐 나를 노리던 경찰에게 붙잡히고 말았지요.",
      "srcPage": 11,
      "srcSentenceEA": 3,
      "srcWordEA": 22
    },
    {
      "srcTextID": "1031",
      "srcText": "“거기, 깜둥이!” 백인 교도관들은 우리를 부를 때도 무시하기 일쑤였어요. 우리는 겨울에도 반바지를 입었고, 얼음 같은 바닷물로 몸을 씻어야만 했어요. 방에는 변기도 없었지요. ",
      "srcPage": 14,
      "srcSentenceEA": 4,
      "srcWordEA": 25
    },
    {
      "srcTextID": "1032",
      "srcText": "우리는 그곳에서 동물처럼 지내야 했어요. 우리에게도 긴 바지를 주시오! 따뜻한 물로 씻게 해 주시오!",
      "srcPage": 15,
      "srcSentenceEA": 3,
      "srcWordEA": 16
    },
    {
      "srcTextID": "1020",
      "srcText": "우리 가족은 결국 오두막이 옹기종기 모여 있는 벌집 동네로 이사할 수밖에 없었어요. 나는 벌집 동네에서 그럭저럭 잘 지냈어요. 하지만 흑인들은 억울한 일을 많이 당한다는 사실을 조금씩 알게 되었어요.",
      "srcPage": 2,
      "srcSentenceEA": 3,
      "srcWordEA": 30
    },
    {
      "srcTextID": "1025",
      "srcText": "남아프리카 여기저기서 흑인들이 모여들었지요.  “백인만 쓰는 화장실, 백인만 앉는 버스 의자, 백인만 가는 병원을 없애시오!” 많은 흑인들이 위험을 무릅쓰고 외쳤어요.",
      "srcPage": 8,
      "srcSentenceEA": 3,
      "srcWordEA": 21
    },
    {
      "srcTextID": "1028",
      "srcText": "하지만 백인들의 횡포는 여전했지요. 흑인들에게 총을 쏘기도 했어요. ‘안 되겠어. 백인들이 강하게 나오면 우리도 강하게 맞서야 해.’ ",
      "srcPage": 10,
      "srcSentenceEA": 4,
      "srcWordEA": 20
    },
    {
      "srcTextID": "1030",
      "srcText": "나는 다시 감옥으로 끌려갔어요. 그런데 옆방에서 익숙한 목소리가 들렸지요. “월터?” 나는 조심스레 불렀어요.",
      "srcPage": 12,
      "srcSentenceEA": 3,
      "srcWordEA": 15
    },
    {
      "srcTextID": "1029",
      "srcText": "“만델라?” 옆방에서도 내 이름을 불렀어요. 자유를 위해 싸우던 사람들이 감옥에 모여 있었던 거예요. 나는 감옥에서도 저항 운동을 하기로 마음먹었어요.",
      "srcPage": 13,
      "srcSentenceEA": 3,
      "srcWordEA": 22
    },
    {
      "srcTextID": "1034",
      "srcText": "더 답답한 건 감옥 밖에서 벌어지는 일을 전혀 알 수가 없다는 거였어요. “우리도 뉴스를 듣게 해 주시오! 신문을 보게 해 주시오!”",
      "srcPage": 16,
      "srcSentenceEA": 3,
      "srcWordEA": 22
    },
    {
      "srcTextID": "1033",
      "srcText": "나는 15년이 넘도록 끊임없이 요구했어요. “만델라 때문에 귀찮아 죽겠군. 자, 여기 신문!”",
      "srcPage": 17,
      "srcSentenceEA": 3,
      "srcWordEA": 13
    },
    {
      "srcTextID": "1039",
      "srcText": "마침내 감옥에서도 신문을 볼 수 있게 되었어요. 신문을 통해 여러 나라 사람들이 나를 응원하고 있다는 것도 알게 되었지요. 여러 나라에서 나를 응원하자 대통령도 은근히 걱정이 되었나 봐요.",
      "srcPage": 18,
      "srcSentenceEA": 3,
      "srcWordEA": 29
    },
    {
      "srcTextID": "1038",
      "srcText": "“나라에서 시키는 대로만 하면 내보내 주겠다.” 대통령은 라디오 방송을 통해 내게 제안을 했어요. 하지만 내 마음은 바뀌지 않았어요.",
      "srcPage": 19,
      "srcSentenceEA": 3,
      "srcWordEA": 20
    },
    {
      "srcTextID": "1040",
      "srcText": "“감옥에서 나가려고 꼭두각시가 될 수는 없습니다!” 하늘에 구름 한 점 없는 여름날이었어요. 나는 드디어 감옥에서 나오게 되었지요. ",
      "srcPage": 20,
      "srcSentenceEA": 3,
      "srcWordEA": 19
    },
    {
      "srcTextID": "1041",
      "srcText": "감옥에 갇힌 지 27년 만이었어요. 교도소 밖으로 나왔을 때 나는 깜짝 놀랐지요. “만델라! 만델라!” 나를 응원하는 사람들이 구름같이 몰려들었거든요. ",
      "srcPage": 21,
      "srcSentenceEA": 4,
      "srcWordEA": 22
    },
    {
      "srcTextID": "1047",
      "srcText": "\"여러분, 고맙습니다. 더 이상 인종 차별은 없어야 합니다!\" 나는 눈물을 머금고 외쳤어요. 나는 빼앗겼던 흑인들의 권리를 차근차근 되찾기로 했어요. ",
      "srcPage": 22,
      "srcSentenceEA": 4,
      "srcWordEA": 22
    },
    {
      "srcTextID": "1049",
      "srcText": "나는 사람들의 큰 응원으로 남아프리카 공화국의 첫 흑인 대통령이 되었지요. “여러분, 우리는 새로운 자유 국가가 탄생한 것을 축하하기 위해 이 자리에 모였습니다.” 내 목소리가 울려 퍼졌어요. 모두 내 얘기에 귀 기울이고 있었지요. 백인과 흑인이 어우러진 세상, 내가 꿈꾸던 세상이 된 순간이었어요.",
      "srcPage": 24,
      "srcSentenceEA": 5,
      "srcWordEA": 44
    },
    {
      "srcTextID": "1048",
      "srcText": "가장 먼저 할 일은 흑인도 투표를 할 수 있도록 법을 만드는 거였어요. 나는 대통령과 여러 번 만나 이야기했어요. 몇 달 동안 노력한 뒤에야 드디어 흑인들도 투표를 할 수 있게 되었어요.",
      "srcPage": 23,
      "srcSentenceEA": 3,
      "srcWordEA": 32
    }
  ]
}