{
  "title": "주아의 특별한 기부",
  "author": "조미희",
  "illustrator": "릴리아",
  "isbn": "9791165436513",
  "readAge": "초등_고학년",
  "publishedYear": 2022,
  "publisher": "아람북스",
  "classification": "사회관계",
  "paragraphInfoCount": 20,
  "paragraphInfo": [
    {
      "srcTextID": "9834",
      "srcText": " 아침부터 차곡차곡 모은 용돈을 챙겨서 엄마랑 같이 외출을 하네. 어디로 가는 걸까? 주아가 없으면 이 방은 우리 인형들의 세상이야.",
      "srcPage": 2,
      "srcSentenceEA": 3,
      "srcWordEA": 22
    },
    {
      "srcTextID": "9836",
      "srcText": "“요즘 주아가 우리랑 놀아 주지 않아서 심심해.” 앗, 현관문 열리는 소리가 들려. 주아가 돌아왔나 봐! ",
      "srcPage": 3,
      "srcSentenceEA": 3,
      "srcWordEA": 17
    },
    {
      "srcTextID": "9840",
      "srcText": "우리는 주아 몰래 속삭였어. “자기 것을 왜 다른 사람에게 나누어 주는 거야?” “주아는 왜 자기 것을 나누어 주고도 기분이 좋은 걸까?” 우리는 잘 이해되지 않아 고개를 갸우뚱했어.",
      "srcPage": 5,
      "srcSentenceEA": 4,
      "srcWordEA": 28
    },
    {
      "srcTextID": "9852",
      "srcText": "며칠 뒤였어. 우리는 주아를 보고 깜짝 놀랐지. 주아가 긴 머리를 짤막한 단발머리로 자른 거야. “얘들아, 내 머리 어때? 긴 머리가 짧아져서 좀 어색하지? 내가 머리카락을 기부했거든.” ",
      "srcPage": 17,
      "srcSentenceEA": 6,
      "srcWordEA": 30
    },
    {
      "srcTextID": "9853",
      "srcText": "머리카락을 기부해? 우리는 어리둥절했지. 주아는 발그레한 얼굴로 이야기했어. “버니야, 병원에서 머리카락이 없는 친구 봤지? 아파서 치료를 받느라 머리카락이 빠진 거래. 그런 친구들을 위해 내 머리카락을 기부한 거야.” ",
      "srcPage": 18,
      "srcSentenceEA": 6,
      "srcWordEA": 31
    },
    {
      "srcTextID": "9833",
      "srcText": "아함, 좋은 아침! 나는 주아의 토끼 인형 버니야. 우리는 주아 방에 살고 있어. 오늘은 주아가 몹시 바쁜가 봐. ",
      "srcPage": 1,
      "srcSentenceEA": 4,
      "srcWordEA": 21
    },
    {
      "srcTextID": "9839",
      "srcText": "다들 모여! 귀를 쫑긋 세워!  “얘들아, 나 오늘 기부하고 왔어.” 주아가 아주 뿌듯한 목소리로 말했어. 기부? 기부가 뭘까? ",
      "srcPage": 4,
      "srcSentenceEA": 6,
      "srcWordEA": 22
    },
    {
      "srcTextID": "9842",
      "srcText": "주아가 또 무언가를 하네. 어렸을 때 입었던 옷을 모두 꺼내고 있어. 그리고 깨끗한 옷만 골라서 상자에 넣고 있어. ",
      "srcPage": 6,
      "srcSentenceEA": 3,
      "srcWordEA": 20
    },
    {
      "srcTextID": "9841",
      "srcText": "몇 년 전에 신었던 예쁜 장화도 있네. 저 샌들은 몇 번 신지도 않았던 것 같아. 주아는 엄마와 함께 무엇을 하려는 걸까?",
      "srcPage": 7,
      "srcSentenceEA": 3,
      "srcWordEA": 23
    },
    {
      "srcTextID": "9843",
      "srcText": " “버니야, 우리 같이 나가자!” 오늘은 주아가 나를 데리고 어디로 가려나 봐. 여기가 어디지? 여러 가지 물건을 파는 가게잖아?",
      "srcPage": 8,
      "srcSentenceEA": 4,
      "srcWordEA": 21
    },
    {
      "srcTextID": "9844",
      "srcText": "“버니야, 여기는 기부하는 가게야.” 사람들은 이 가게에 자신의 물건들을 기부한대. 그러면 가게는 그 물건들을 필요로 하는 사람들에게 다시 팔지. ",
      "srcPage": 9,
      "srcSentenceEA": 3,
      "srcWordEA": 21
    },
    {
      "srcTextID": "9845",
      "srcText": "그렇게 번 돈으로 어려운 이웃을 돕는다지 뭐야. 정말 멋지지? 그 말에 주아가 생글생글 웃었어. 어, 그런데 이게 무슨 기분이지? ",
      "srcPage": 10,
      "srcSentenceEA": 4,
      "srcWordEA": 22
    },
    {
      "srcTextID": "9846",
      "srcText": "내 마음도 몽글몽글 따뜻해지는 것 같아. 가게 아저씨가 주아 물건을 꼼꼼히 살폈어. “주아야, 네 옷과 신발을 팔아서 좋은 곳에 쓸게. 네 덕분에 어려운 사람들을 도와줄 수 있겠구나.” ",
      "srcPage": 11,
      "srcSentenceEA": 4,
      "srcWordEA": 29
    },
    {
      "srcTextID": "9847",
      "srcText": "주아는 엄마, 아빠와 함께 가게에서 나왔어. 그러고는 병원으로 가는 거야. 어, 주아가 어디 아픈가? 어떡하지?",
      "srcPage": 12,
      "srcSentenceEA": 4,
      "srcWordEA": 18
    },
    {
      "srcTextID": "9848",
      "srcText": "휴, 다행히 그건 아니었어. 주아가 예쁜 옷으로 갈아입었거든. “버니야, 나 어때? 예쁘지? 오늘 여기서 엄마랑 아빠랑 재능 기부를 할 거야.” ",
      "srcPage": 13,
      "srcSentenceEA": 5,
      "srcWordEA": 23
    },
    {
      "srcTextID": "9849",
      "srcText": " 짠짠짠, 즐거운 공연! 주아네 가족은 아픈 친구들을 위해 공연을 시작했어. 친구들은 박수를 치며 좋아했어. 아픈 친구들을 돌보는 가족들도 좋아했지. ",
      "srcPage": 14,
      "srcSentenceEA": 4,
      "srcWordEA": 23
    },
    {
      "srcTextID": "9850",
      "srcText": "어깨를 들썩들썩! 엉덩이도 실룩실룩! 내 마음이 따뜻해져 왔어. 이제 알 것 같아. 주아가 기부하며 기뻐하는 이유를 말이야.",
      "srcPage": 15,
      "srcSentenceEA": 5,
      "srcWordEA": 21
    },
    {
      "srcTextID": "9851",
      "srcText": "그런데 주아는 지금 누구를 보고 있는 거지? 어, 머리카락이 없는 친구를 보고 있어. 주아는 왜 저 친구를 보는 걸까? 저 친구는 왜 머리카락이 하나도 없는 걸까?",
      "srcPage": 16,
      "srcSentenceEA": 4,
      "srcWordEA": 29
    },
    {
      "srcTextID": "9854",
      "srcText": "주아의 머리카락으로 아픈 친구들의 가발을 만든대. 머리카락도 기부할 수 있다니 정말 놀라웠지. 기부할 머리카락 길이는 25센티미터가 넘어야 해. 묶은 고무줄 위로 머리카락을 잘라. 봉투나 상자에 머리카락을 포장해서 기부해. 몸이 아파 머리카락이 빠진 친구들을 위해 가발을 만들어. ",
      "srcPage": 19,
      "srcSentenceEA": 6,
      "srcWordEA": 41
    },
    {
      "srcTextID": "9855",
      "srcText": "주아 얼굴이 반짝반짝 빛나. 단발머리는 더욱 예뻐 보이고. 우리는 다 함께 입을 모아 외쳤어. “멋쟁이 주아, 사랑스러운 주아, 더 좋은 세상을 만드는 주아!” 주아, 최고! ",
      "srcPage": 20,
      "srcSentenceEA": 5,
      "srcWordEA": 28
    }
  ]
}