{
  "title": "활 쏘는 임금님",
  "author": "김민경",
  "illustrator": "오동",
  "isbn": "9791165955908",
  "readAge": "초등_고학년",
  "publishedYear": 2022,
  "publisher": "아람북스",
  "classification": "사회관계",
  "paragraphInfoCount": 22,
  "paragraphInfo": [
    {
      "srcTextID": "5014",
      "srcText": "주몽의 뒤를 이은 유리왕은 국내성으로 도읍을 옮겨 나라를 튼튼하게 했어. 넓은 땅을 얻게 된 백성들은 철로 농기구를 만들어 밭을 갈고 땅을 일구었지. 주몽이 세운 고구려는 어느새 살기 좋은 나라가 되었단다.",
      "srcPage": 14,
      "srcSentenceEA": 3,
      "srcWordEA": 32
    },
    {
      "srcTextID": "5002",
      "srcText": "일곱 왕자들은 결국 주몽을 죽이기로 마음먹었지. “주몽아, 멀리 떠나거라.” 유화는 주몽을 도망치게 했어. “어머니, 건강하세요!” ",
      "srcPage": 6,
      "srcSentenceEA": 4,
      "srcWordEA": 16
    },
    {
      "srcTextID": "5012",
      "srcText": "유리는 소나무를 찾아 산과 골짜기를 헤매 다녔어. 그러다가 마침내 자기 집의 일곱 모가 난 주춧돌 틈에서 부러진 칼을 찾아냈지. 유리는 고구려로 아버지를 만나러 갔어.",
      "srcPage": 12,
      "srcSentenceEA": 3,
      "srcWordEA": 26
    },
    {
      "srcTextID": "4998",
      "srcText": "“저는 하백의 딸 유화입니다. 저를 좀 도와주세요.” 금와왕은 유화를 궁궐로 데려갔어.",
      "srcPage": 2,
      "srcSentenceEA": 3,
      "srcWordEA": 13
    },
    {
      "srcTextID": "5000",
      "srcText": "금와왕은 유화를 궁궐로 데려갔어. 유화는 배가 점점 불러오더니 커다란 알을 하나 낳았단다. 유화가 낳은 알에서 씩씩한 사내아이가 나왔어.",
      "srcPage": 3,
      "srcSentenceEA": 3,
      "srcWordEA": 20
    },
    {
      "srcTextID": "5001",
      "srcText": "알에서 나온 아이는 활도 잘 쏘고 말도 아주 잘 탔어. 누구보다 지혜롭고 씩씩했지. 금와왕은 아이에게 주몽이라는 이름을 지어 주었어. 주몽은 ‘활을 잘 쏘는 사람’이라는 뜻이야.",
      "srcPage": 4,
      "srcSentenceEA": 5,
      "srcWordEA": 29
    },
    {
      "srcTextID": "5003",
      "srcText": "부여의 일곱 왕자들은 재주 많고 똑똑한 주몽을 보면 샘이 났어. “쳇, 제까짓 게 뭔데!” “맞아, 주몽이 없어져 버리면 좋겠어!”",
      "srcPage": 5,
      "srcSentenceEA": 3,
      "srcWordEA": 19
    },
    {
      "srcTextID": "5005",
      "srcText": "그런데 강이 깊어 건널 수 없지, 뭐야. 게다가 일곱 왕자들이 바짝 뒤쫓아 왔어. “하늘이시여, 제발 강을 건널 수 있게 도와주세요.”",
      "srcPage": 8,
      "srcSentenceEA": 3,
      "srcWordEA": 21
    },
    {
      "srcTextID": "5008",
      "srcText": "주몽과 부하들이 다리를 다 건너고 나자, 자라들은 물속으로 사라졌어. 뒤쫓던 왕자들은 분해서 발을 동동 굴렀지. 그 강은 비류수라는 강이었어.",
      "srcPage": 9,
      "srcSentenceEA": 3,
      "srcWordEA": 21
    },
    {
      "srcTextID": "5007",
      "srcText": "“이곳에 새 나라를 세우자.” 강을 건너 졸본 땅에 이르자 주몽이 말했어. 그리고 소서노라는 여인을 만나 왕비로 삼았지.",
      "srcPage": 10,
      "srcSentenceEA": 3,
      "srcWordEA": 19
    },
    {
      "srcTextID": "4999",
      "srcText": "고조선이 무너진 뒤, 크고 작은 나라가 여럿 생겼어. 그중에 금와왕이 다스리는 부여도 있었지. 어느 날 금와왕은 길에서 배가 부른 여인을 만났어.",
      "srcPage": 1,
      "srcSentenceEA": 3,
      "srcWordEA": 23
    },
    {
      "srcTextID": "5006",
      "srcText": "주몽은 어머니와 부인을 남겨 둔 채 부여를 빠져나왔어. 얼마나 말을 달렸을까? 주몽과 부하들은 마침내 큰 강 앞에 이르렀어.",
      "srcPage": 7,
      "srcSentenceEA": 3,
      "srcWordEA": 20
    },
    {
      "srcTextID": "5009",
      "srcText": "어느 날 어머니가 유리에게 말했어. “네 아버지는 고구려의 왕이다. 네가 크면 일곱 모가 난 돌 위 소나무 밑에 묻어 둔 것을 들고 찾아오라고 하셨단다.”",
      "srcPage": 11,
      "srcSentenceEA": 3,
      "srcWordEA": 25
    },
    {
      "srcTextID": "5013",
      "srcText": "백성을 위해 전쟁을 하며 고구려의 힘을 키우던 주몽은 마흔 살의 젊은 나이로 숨을 거두었어. 백성들은 몹시 슬퍼하며 주몽에게 ‘동명 성왕’이라는 이름을 붙여 주었단다. “아무도 고구려를 넘보지 못하게 할 테다!”",
      "srcPage": 13,
      "srcSentenceEA": 4,
      "srcWordEA": 31
    },
    {
      "srcTextID": "128689",
      "srcText": "안녕? 난 부여의 대소 왕자야. 한나라가 쳐들어오고 고조선이 무너진 뒤, 아버지 금와왕이 부여라는 나라를 다스리고 있을 때였어. 알에서 태어난 주몽이라는 아이가 궁에서 우리와 함께 살게 되었지. 주몽은 활도 잘 쏘고 말도 잘 탔어. 난 재주 많은 주몽이 부럽고 샘이 났단다. 그래서 일부러 못살게 굴고 괴롭히기도 했지. 그러자 주몽은 부여를 떠나 고구려를 세웠어. 주몽이 어떻게 왕이 되었는지 들어 볼래?",
      "srcPage": 15,
      "srcSentenceEA": 8,
      "srcWordEA": 66
    },
    {
      "srcTextID": "128693",
      "srcText": "“아버지, 보고 싶었어요!” “내 아들 유리가 맞구나!” 유리가 가져온 부러진 칼을 보고 주몽은 유리를 태자로 삼았어.",
      "srcPage": 18,
      "srcSentenceEA": 3,
      "srcWordEA": 17
    },
    {
      "srcTextID": "128695",
      "srcText": "주몽이 고구려를 세우고 첫 도읍지로 삼은 곳은 졸본 지역이에요. 졸본은 산이 많은 곳이라서 식량을 구하기가 힘들었어요. 그래서 고구려는 평야 지대를 차지하기 위해 주변의 국가들과 싸워 땅을 넓혀 갔어요. 졸본성은 중국에서는 ‘오녀산성’으로도 불리는데, 2004년에 유네스코 세계 유산에 올랐어요.",
      "srcPage": 20,
      "srcSentenceEA": 5,
      "srcWordEA": 41
    },
    {
      "srcTextID": "128696",
      "srcText": "주몽이 부여를 떠나 졸본으로 왔을 때 졸본의 왕은 주몽의 능력을 알아보고 자신의 딸 소서노와 결혼시켰어요. 소서노는 굉장한 부자로 주몽이 나라를 세우고 왕이 되는 데 큰 도움이 되었지요. 훗날 주몽이 부여에서 낳은 아들인 유리가 찾아오자, 소서노는 두 아들 비류와 온조를 데리고 남쪽으로 내려가 새로운 나라 백제를 세웠어요.",
      "srcPage": 21,
      "srcSentenceEA": 3,
      "srcWordEA": 48
    },
    {
      "srcTextID": "128690",
      "srcText": "그러자 놀라운 일이 벌어졌지. 자라들이 떠올라 다리를 만들어 준 거야. “아아, 하늘이 우리를 돕는구나!” 주몽과 부하들이 다리를 다 건너고 나자, 자라들은 물속으로 사라졌어. 뒤쫓던 왕자들은 분해서 발을 동동 굴렀지. ",
      "srcPage": 16,
      "srcSentenceEA": 5,
      "srcWordEA": 32
    },
    {
      "srcTextID": "128694",
      "srcText": "주몽은 부하들을 이끌고 부여에서 도망치다가 큰 강을 만났어요. 이들 뒤에는 부여의 왕자들이 쫓아오고 있었지만, 강을 건널 배가 없었지요. 이때 주몽이 하늘을 향해 소리쳤어요. “저는 하늘 신과 물의 신 하백의 손자입니다. 제가 강을 건널 수 있게 도와주십시오.” 그러자 어디선가 물고기와 자라들이 떠올라 물 위로 다리를 만들어 주었어요. 그렇게 무사히 강을 건넌 주몽은 졸본에 도착해서 나라를 세웠어요.",
      "srcPage": 19,
      "srcSentenceEA": 7,
      "srcWordEA": 60
    },
    {
      "srcTextID": "128692",
      "srcText": "주몽은 주변의 부족들을 하나로 모으고 고구려를 세웠어. 비류와 온조라는 두 아들도 얻었지. 한편, 부여에 살던 주몽의 아들 유리가 자라서 소년이 되었어.",
      "srcPage": 17,
      "srcSentenceEA": 3,
      "srcWordEA": 23
    },
    {
      "srcTextID": "128697",
      "srcText": "유리왕은 주몽의 맏아들이에요. 유리는 아버지인 주몽과 떨어져 부여에서 살았지요. 소년이 된 유리는 아버지를 찾아 고구려로 떠났어요. 기원전 19년 4월 유리는 아버지를 만나 태자가 되었고, 그해 9월 주몽의 뒤를 이어 왕의 자리에 올랐어요. 우리나라 최초의 사랑 노래인 <황조가>는 유리왕이 멀리 떠나 버린 부인 치희를 그리워하며 부른 노래예요.",
      "srcPage": 22,
      "srcSentenceEA": 5,
      "srcWordEA": 50
    }
  ]
}