{
  "title": "산지촌 얼음골에 봄이 왔어요",
  "author": "김인숙, 아람",
  "illustrator": "이상윤",
  "isbn": "9791165956981",
  "readAge": "초등_고학년",
  "publishedYear": 2023,
  "publisher": "아람북스",
  "classification": "사회관계",
  "paragraphInfoCount": 26,
  "paragraphInfo": [
    {
      "srcTextID": "4904",
      "srcText": "아이들도 풀이 죽은 모습이에요. 집으로 돌아오는 밤길이 오늘따라 더 쓸쓸했어요. 봄이 아빠는 성호네 집 앞에서 잠깐 발걸음을 멈췄어요.",
      "srcPage": 5,
      "srcSentenceEA": 3,
      "srcWordEA": 20
    },
    {
      "srcTextID": "4905",
      "srcText": " 봄이 엄마가 말끝을 흐렸어요. \"우리가 뜻이 있어서 내려온 거니까. 다 잘될 거예요.\"",
      "srcPage": 8,
      "srcSentenceEA": 3,
      "srcWordEA": 14
    },
    {
      "srcTextID": "4908",
      "srcText": " 조금만 더 올라가면 학교가 보일 거예요. 봄이가 언덕을 다 올라왔어요. 학교 교문이 보였어요. ",
      "srcPage": 10,
      "srcSentenceEA": 3,
      "srcWordEA": 16
    },
    {
      "srcTextID": "4911",
      "srcText": "다음 날 아침, 봄이는 일어나자마자 학교에 가자고 졸랐어요. 학교가 있나 없나 가 봐야 한다고요. 지난밤 꿈 이야기를 들은 아빠는 봄이를 차에 태웠어요.",
      "srcPage": 12,
      "srcSentenceEA": 3,
      "srcWordEA": 24
    },
    {
      "srcTextID": "4916",
      "srcText": "보리하고만 노는 것도 재미없어. 한참 동안 운동장만 바라보던 봄이 아빠가 조용히 말문을 열었어요. 할아버지는 늘 아빠한테 도시로 나가라고 하셨단다. ",
      "srcPage": 17,
      "srcSentenceEA": 3,
      "srcWordEA": 21
    },
    {
      "srcTextID": "4924",
      "srcText": "범이와 아빠는 너와집 방문에 창호지를 붙이고 있었어요. 구들을 깔아 놓은 이 방에서, 체험 학습을 온 손님들이 잘 거래요. 봄이와 엄마는 햇볕 가득한 마당에서 메주를 옮기고 있었어요. ",
      "srcPage": 23,
      "srcSentenceEA": 3,
      "srcWordEA": 28
    },
    {
      "srcTextID": "4926",
      "srcText": "저 멀리 버스 한 대가 올라오고 있었어요. 한 무리의 사람들이 버스에서 내렸어요. 산지촌 체험을 하려고 온 도시 사람들이지요. 고요하던 산지촌 마을이 사람들 소리로 가득했어요.",
      "srcPage": 26,
      "srcSentenceEA": 4,
      "srcWordEA": 27
    },
    {
      "srcTextID": "4903",
      "srcText": "성호네 집을 비롯해서 불 꺼진 빈집들이 여러 채 보였어요. 수동이 할머니 집에서는 텔레비전 불빛이 새어 나왔어요. 할머니는 텔레비전을 친구 삼아 긴 밤을 보냈지요.",
      "srcPage": 6,
      "srcSentenceEA": 3,
      "srcWordEA": 25
    },
    {
      "srcTextID": "4910",
      "srcText": "봄이는 꿈을 꾸었어요. 봄이가 가방을 메고 학교에 갔어요. 한 걸음 두 걸음 언덕길을 올랐어요.",
      "srcPage": 9,
      "srcSentenceEA": 3,
      "srcWordEA": 16
    },
    {
      "srcTextID": "4909",
      "srcText": "그런데  운동장도 없고 교실도 없는 거예요. 봄이는 이리저리 뛰어다니며 교실을 찾았어요. 하지만 산마루엔 덩그러니 봄이만 서 있었지요. ",
      "srcPage": 11,
      "srcSentenceEA": 3,
      "srcWordEA": 20
    },
    {
      "srcTextID": "4918",
      "srcText": "아빠는 서울에 있는 큰 회사에 취직을 했어. 그런데 늘 얼음골이 그리웠단다. 아빠에게는 이제 꿈이 생겼어.",
      "srcPage": 18,
      "srcSentenceEA": 3,
      "srcWordEA": 17
    },
    {
      "srcTextID": "4920",
      "srcText": "봄이네와 보리네는 얼음골을 산지촌체험마을로 만드는 일을 하고 있었어요. 일 년 동안 준비한 일이지요. 산지촌 체험 마을은 도시 사람들이 얼음골의 생활을 그대로 체험해 보는 거라고 했어요. ",
      "srcPage": 20,
      "srcSentenceEA": 3,
      "srcWordEA": 27
    },
    {
      "srcTextID": "4925",
      "srcText": "오늘은 ‘얼음골 산지촌체험마을’이 문을 여는 날이에요. 눈부신 봄 햇살이 얼음골을 비추고 있었어요. 마을 사람들의 얼굴에도 봄볕 같은 웃음이 가득했지요.",
      "srcPage": 25,
      "srcSentenceEA": 4,
      "srcWordEA": 22
    },
    {
      "srcTextID": "4899",
      "srcText": "성호네가 서울로 이사를 갔어요. 떠나는 성호네도 손 흔드는 마을 사람들도 모두 표정이 어두웠어요. 성호 아빠가 굳은 얼굴로 트럭에 올라타자, 트럭은 얼음골을 떠났어요.",
      "srcPage": 1,
      "srcSentenceEA": 3,
      "srcWordEA": 24
    },
    {
      "srcTextID": "4912",
      "srcText": " “휴, 다행이다. 나는 학교에 못 가는 줄 알았어.” 서둘러 차에서 내린 봄이가 좋아서 운동장을 뛰어다녔어요. 깡충깡충 뛰어서 조회대로 올라갔어요. ",
      "srcPage": 14,
      "srcSentenceEA": 4,
      "srcWordEA": 22
    },
    {
      "srcTextID": "4902",
      "srcText": "그날 저녁 민박을 하는 보리네 집으로 봄이네 식구들이 놀러 왔어요. 꽃샘추위 때문인지 보리민박에는 손님이 없었어요. “그렇잖아도 조용하던 얼음골이 더 조용해졌네.”",
      "srcPage": 3,
      "srcSentenceEA": 3,
      "srcWordEA": 21
    },
    {
      "srcTextID": "4914",
      "srcText": "\"치, 학교에 오면 뭐 해. 함께 놀 친구도 없는데. 아빠! 우리 다시 서울로 가요, 네?\"",
      "srcPage": 15,
      "srcSentenceEA": 4,
      "srcWordEA": 18
    },
    {
      "srcTextID": "4900",
      "srcText": "성호 할아버지는 탄광에서 석탄을 캐는 광부였대요. 성호 아빠도 예전엔 광부였어요. 그런데 석탄을 쓰는 일이 줄면서 탄광이 문을 닫았지요. 성호 아빠는 그 뒤부터 약초를 캐다 파는 일을 했지만, 생활이 어려워 서울로 간대요.",
      "srcPage": 2,
      "srcSentenceEA": 4,
      "srcWordEA": 34
    },
    {
      "srcTextID": "4901",
      "srcText": " 보리 엄마가 한숨을 쉬며 말했지요. “그러게요, 성호가 있었으면 시끌벅적 요란했을 텐데.” 봄이 엄마 목소리도 기운이 없었어요. ",
      "srcPage": 4,
      "srcSentenceEA": 3,
      "srcWordEA": 18
    },
    {
      "srcTextID": "4906",
      "srcText": "봄이 엄마랑 아빠는 밤늦도록 이야기를 했어요. \"서울에서 내려온 지 일 년이에요. 다들 떠나는 마당에 우리가 지금 잘하고 있는 건지.\"",
      "srcPage": 7,
      "srcSentenceEA": 3,
      "srcWordEA": 20
    },
    {
      "srcTextID": "4915",
      "srcText": "땅만 툭툭 차고 있던 범이가 볼멘소리를 했어요. 성호가 떠나니 범이가 심심했나 봐요. 여기는 하나도 재미없단 말이야.",
      "srcPage": 16,
      "srcSentenceEA": 3,
      "srcWordEA": 18
    },
    {
      "srcTextID": "4913",
      "srcText": "학교에 간다는 말에 범이는 잔뜩 부은 얼굴이에요. 이제 3학년이 되는 범이는 선생님 한 명에 친구도 몇 명 없는 산골의 작은 학교가 마음에 들지 않았거든요. 봄이네 가족이 학교에 도착했어요.",
      "srcPage": 13,
      "srcSentenceEA": 3,
      "srcWordEA": 30
    },
    {
      "srcTextID": "4919",
      "srcText": "자연에서 뛰놀고 자연과 더불어 사는 삶이 행복하다는 걸 도시 사람들에게 알려 주고 싶어. 너희도 아빠를 도와줄 수 있지? 무슨 말인지 잘 모르면서도 범이와 봄이는 고개를 끄덕였어요. ",
      "srcPage": 19,
      "srcSentenceEA": 3,
      "srcWordEA": 28
    },
    {
      "srcTextID": "4921",
      "srcText": "그러다 보면 이곳에서 살고 싶은 사람도 생길 거래요. 예전처럼 아이들도 많아져서 얼음골에 활기가 넘칠 거라고도 했어요. 봄이네와 보리네는 신이 나서 일을 했어요. ",
      "srcPage": 21,
      "srcSentenceEA": 3,
      "srcWordEA": 24
    },
    {
      "srcTextID": "4922",
      "srcText": "얼마 뒤면 ‘얼음골 산지촌 체험 마을’을 열어야 하거든요. 마무리를 하느라고 모두 눈코 뜰 새 없이 바빴어요. 너와집 지붕을 손보고 있는 봄이 아빠의 팔뚝에 힘이 넘쳐났어요. ",
      "srcPage": 22,
      "srcSentenceEA": 4,
      "srcWordEA": 28
    },
    {
      "srcTextID": "4923",
      "srcText": " 장 담그기 체험을 할 때 쓸 메주예요. 보리와 엄마는 마당으로 나왔어요. 손님들과 함께 옮겨 심을 감자 모종을 살펴보기 위해서지요. 보리 아빠는 볕 좋은 곳으로 소달구지를 끌고 나왔어요. 도시 아이들이 탈 소달구지를 손보려는 거예요. ",
      "srcPage": 24,
      "srcSentenceEA": 5,
      "srcWordEA": 38
    }
  ]
}