{
  "title": "마녀와 비비 씨의 여행",
  "author": "정재은",
  "illustrator": "송향란",
  "isbn": "9788998212568",
  "publishedYear": 2012,
  "publisher": "한얼에듀",
  "paragraphInfoCount": 18,
  "paragraphInfo": [
    {
      "srcTextID": "7000",
      "srcText": "마녀는 곤충학자 비비 씨를 찾아갔어요. 비비 씨의 집은 높고 큰 나무 위의 작은 숲 같았어요. ‘정말 곤충을 좋아하는 모양이군.’",
      "srcPage": 2,
      "srcSentenceEA": 3,
      "srcWordEA": 21,
      "character": "마녀,곤충학자,비비 씨,나무",
      "setting": "집",
      "action": "찾아갔어요,높고",
      "feeling": "좋아하는",
      "causalRelationship": null,
      "outcomeResolution": null,
      "prediction": null,
      "plotSummaryInfoCount": 1,
      "plotSummaryInfo": {
        "classification": "자연탐구",
        "readAge": "초등_고학년",
        "form": "short-form",
        "plotSummaryText": "마녀는 마치 작은 숲 같은 곤충학자 비비 씨의 집을 찾아갔다.",
        "textWordEA": 10
      }
    },
    {
      "srcTextID": "7001",
      "srcText": "“여긴 곤충 가게가 아니라 곤충 연구실이에요.” “그럼 황제나비를 연구해서 날개 가루 좀 줘요.” 그렇게 해서 비비 씨와 마녀는 탐험에 나섰어요.",
      "srcPage": 4,
      "srcSentenceEA": 3,
      "srcWordEA": 21,
      "character": "황제나비,날개 가루,비비 씨,마녀",
      "setting": "곤충 연구실",
      "action": "연구해서,줘요,나섰어요",
      "feeling": null,
      "causalRelationship": null,
      "outcomeResolution": null,
      "prediction": null,
      "plotSummaryInfoCount": 1,
      "plotSummaryInfo": {
        "classification": "자연탐구",
        "readAge": "초등_고학년",
        "form": "short-form",
        "plotSummaryText": "그곳은 곤충 연구실이기 때문에  황제나비를 연구해야 날개 가루를 구할 수 있다고 여긴 비비 씨와 마녀는 탐험에 나섰다.",
        "textWordEA": 18
      }
    },
    {
      "srcTextID": "7007",
      "srcText": "날마다 나비만 쳐다보던 마녀는 지루해서 견딜 수가 없었어요. “도대체 저 나비들은 언제 고향에 가는 거예요?” 마녀는 버럭 소리를 질렀어요.",
      "srcPage": 10,
      "srcSentenceEA": 3,
      "srcWordEA": 20,
      "character": "나비,마녀",
      "setting": "날마다",
      "action": "쳐다보던,가는,질렀어요,견딜 수가",
      "feeling": "지루해서",
      "causalRelationship": null,
      "outcomeResolution": null,
      "prediction": null,
      "plotSummaryInfoCount": 1,
      "plotSummaryInfo": {
        "classification": "자연탐구",
        "readAge": "초등_고학년",
        "form": "short-form",
        "plotSummaryText": "날마다 나비만 쳐다보던 마녀는 너무 지루해서 나비들은 언제 고향에 가는 거냐고 버럭 소리를 질렀어요.",
        "textWordEA": 14
      }
    },
    {
      "srcTextID": "7012",
      "srcText": "마녀는 자기 때문인 것 같아 울음을 터뜨렸어요. 비비 씨가 말했어요. 울지 말아요. 엄마 나비가 알을 낳고 죽은 거예요.",
      "srcPage": 15,
      "srcSentenceEA": 4,
      "srcWordEA": 21,
      "character": "마녀,비비 씨,엄마 나비,알",
      "setting": null,
      "action": "말했어요,낳고,터뜨렸어요,울지,죽은 거예요",
      "feeling": null,
      "causalRelationship": "마녀는 자기 때문인 것 같아 울음을 터뜨렸어요.",
      "outcomeResolution": null,
      "prediction": null,
      "plotSummaryInfoCount": 1,
      "plotSummaryInfo": {
        "classification": "자연탐구",
        "readAge": "초등_고학년",
        "form": "long-form",
        "plotSummaryText": "마녀는 나비의 죽음이 자기 때문인 것 같아 울음을 터뜨렸지만, 비비 씨는 엄마 나비가 알을 낳고 죽은 거라고 말해주었다.",
        "textWordEA": 18
      }
    },
    {
      "srcTextID": "7015",
      "srcText": "대신 이 애벌레들이 나비가 되어 고향으로 돌아갈 거예요. “그걸 어떻게 알아요?” 비비 씨는 싱긋 웃으며 말했어요.",
      "srcPage": 16,
      "srcSentenceEA": 3,
      "srcWordEA": 17,
      "character": "애벌레,나비,비비 씨",
      "setting": null,
      "action": "돌아갈,말했어요,웃으며,알아요",
      "feeling": null,
      "causalRelationship": null,
      "outcomeResolution": null,
      "prediction": null,
      "plotSummaryInfoCount": 1,
      "plotSummaryInfo": {
        "classification": "자연탐구",
        "readAge": "초등_고학년",
        "form": "short-form",
        "plotSummaryText": "비비 씨는 애벌레들이 나비가 되어 고향으로 돌아갈 거라고 말했다.",
        "textWordEA": 9
      }
    },
    {
      "srcTextID": "6999",
      "srcText": "마녀는 빗자루 없이도 날 수 있는 마법의 약을 만들고 있었어요. 그런데 딱 한 가지 재료가 없는 거예요. “고향에 돌아온 황제나비의 날개 가루가 필요해!”",
      "srcPage": 1,
      "srcSentenceEA": 3,
      "srcWordEA": 24,
      "character": "마녀,빗자루,마법의 약,재료,황제나비,날개,가루",
      "setting": "고향",
      "action": "만들고,없는,필요해,날 수,돌아온",
      "feeling": null,
      "causalRelationship": null,
      "outcomeResolution": null,
      "prediction": null,
      "plotSummaryInfoCount": 1,
      "plotSummaryInfo": {
        "classification": "자연탐구",
        "readAge": "초등_고학년",
        "form": "short-form",
        "plotSummaryText": "마녀는 빗자루 없이도 날 수 있는 마법의 약을 만들고 있었는데 딱 한 가지 재료, 황제나비의 날개 가루만 없었다.",
        "textWordEA": 18
      }
    },
    {
      "srcTextID": "7002",
      "srcText": "“이봐요, 비비 씨! 고향에 돌아온 황제나비의 날개 가루 좀 파세요.” 마녀가 크게 소리쳤어요.",
      "srcPage": 3,
      "srcSentenceEA": 3,
      "srcWordEA": 15,
      "character": "비비 씨,황제나비,날개 가루,마녀",
      "setting": "고향",
      "action": "파세요,소리쳤어요,돌아온",
      "feeling": null,
      "causalRelationship": null,
      "outcomeResolution": null,
      "prediction": null,
      "plotSummaryInfoCount": 1,
      "plotSummaryInfo": {
        "classification": "자연탐구",
        "readAge": "초등_고학년",
        "form": "short-form",
        "plotSummaryText": "마녀는 비비 씨에게 고향에 돌아온 황제나비의 날개 가루를 팔라고 소리쳤다.",
        "textWordEA": 10
      }
    },
    {
      "srcTextID": "7003",
      "srcText": "마녀와 비비 씨는 마법의 빗자루를 타고 남쪽으로 떠나는 황제나비의 뒤를 쫓았어요. 나비는 멀리멀리, 오래오래 날았어요. 쉬지 않고 나는 저 힘은 어디서 나올까? ",
      "srcPage": 5,
      "srcSentenceEA": 3,
      "srcWordEA": 24,
      "character": "마녀,비비 씨,마법의 빗자루,황제나비,나비",
      "setting": null,
      "action": "타고,쫓았어요,날았어요,쉬지 않고,나는,나올까",
      "feeling": null,
      "causalRelationship": null,
      "outcomeResolution": null,
      "prediction": "쉬지 않고 나는 저 힘은 어디서 나올까?",
      "plotSummaryInfoCount": 1,
      "plotSummaryInfo": {
        "classification": "자연탐구",
        "readAge": "초등_고학년",
        "form": "short-form",
        "plotSummaryText": "마녀와 비비 씨는 마법의 빗자루를 타고 황제나비의 뒤를 쫓았고 황제나비는 더 멀리 오래 날았다.",
        "textWordEA": 14
      }
    },
    {
      "srcTextID": "7005",
      "srcText": "어떻게 길을 알고 날아가는 거지? 비비 씨는 열심히 황제나비를 관찰했어요. 황제나비의 뒤를 쫓던 마녀가 갑자기 물었어요.",
      "srcPage": 6,
      "srcSentenceEA": 3,
      "srcWordEA": 18,
      "character": "비비 씨,황제나비,마녀",
      "setting": null,
      "action": "알고,날아가는,관찰했어요,물었어요",
      "feeling": null,
      "causalRelationship": null,
      "outcomeResolution": null,
      "prediction": "어떻게 길을 알고 날아가는 거지?",
      "plotSummaryInfoCount": 1,
      "plotSummaryInfo": {
        "classification": "자연탐구",
        "readAge": "초등_고학년",
        "form": "short-form",
        "plotSummaryText": "황제나비가 어떻게 길을 알고 날아가는지 궁금한 비비 씨는 열심히 황제나비를 관찰했다.",
        "textWordEA": 11
      }
    },
    {
      "srcTextID": "7004",
      "srcText": "“비비 씨, 그런데 곤충들은 뭐에 쓰려고 연구해요?” 비비 씨는 친절하게 이야기해 주었어요. “초파리는 유전 공학 연구에 엄청 중요하고, 구더기나 거머리는 상처를 치료할 때 쓰지요.”",
      "srcPage": 7,
      "srcSentenceEA": 3,
      "srcWordEA": 25,
      "character": "비비 씨,곤충,초파리,구더기,거머리",
      "setting": null,
      "action": "연구해요,쓰지요,치료할 때,쓰려고,주었어요",
      "feeling": "친절하게",
      "causalRelationship": null,
      "outcomeResolution": null,
      "prediction": null,
      "plotSummaryInfoCount": 1,
      "plotSummaryInfo": {
        "classification": "자연탐구",
        "readAge": "초등_고학년",
        "form": "short-form",
        "plotSummaryText": "마녀가 비비씨에게 곤충을 연구하는 이유를 묻자, 초파리는 유전 공학 연구에 중요하고, 구더기나 거머리는 상처를 치료할 때 쓰이기 때문이라고 대답했다.",
        "textWordEA": 19
      }
    },
    {
      "srcTextID": "7006",
      "srcText": "나비들은 몇 날 며칠을 날더니 숲의 커다란 나무에 다닥다닥 붙었어요. “꼭 포도송이 같아. 그런데 이 녀석들은 언제 고향으로 돌아가요?”",
      "srcPage": 8,
      "srcSentenceEA": 3,
      "srcWordEA": 20,
      "character": "나비,포도송이",
      "setting": "숲,나무,고향",
      "action": "붙었어요,돌아가요,날더니",
      "feeling": null,
      "causalRelationship": null,
      "outcomeResolution": null,
      "prediction": null,
      "plotSummaryInfoCount": 1,
      "plotSummaryInfo": {
        "classification": "자연탐구",
        "readAge": "초등_고학년",
        "form": "short-form",
        "plotSummaryText": "나비들은 몇 날 며칠을 날더니 숲의 커다란 나무에 붙었고 그 모양이 포도송이 같았다.",
        "textWordEA": 13
      }
    },
    {
      "srcTextID": "7008",
      "srcText": "마녀가 물었지만, 비비 씨는 연구실로 쓸 천막을 치느라 바빴어요.  비비 씨는 나비 사진을 찍고, 알을 낳는 모습을 지켜봤어요. 나비의 표본을 만들어 관찰도 했지요. ",
      "srcPage": 9,
      "srcSentenceEA": 3,
      "srcWordEA": 26,
      "character": "마녀,비비 씨,천막,나비,사진,알,표본",
      "setting": null,
      "action": "물었지만,치느라,찍고,지켜봤어요,만들어,낳는",
      "feeling": "바빴어요",
      "causalRelationship": null,
      "outcomeResolution": null,
      "prediction": null,
      "plotSummaryInfoCount": 1,
      "plotSummaryInfo": {
        "classification": "자연탐구",
        "readAge": "초등_고학년",
        "form": "short-form",
        "plotSummaryText": "비비 씨는 연구실로 쓸 천막을 치고, 나비 사진을 찍고, 알을 낳는 모습을 지켜보거나 나비의 표본을 만들어 관찰도 하느라 바빴다.",
        "textWordEA": 19
      }
    },
    {
      "srcTextID": "7009",
      "srcText": "“기다리면 곧 알게 될 거예요. 곤충을 연구하려면 오랫동안 기다릴 줄도 알아야 해요. 곤충을 계속 지켜봐야 하니까요.” ",
      "srcPage": 11,
      "srcSentenceEA": 3,
      "srcWordEA": 18,
      "character": "곤충",
      "setting": null,
      "action": "기다리면,알게,연구하려면,지켜봐야",
      "feeling": null,
      "causalRelationship": "곤충을 연구하려면 오랫동안 기다릴 줄도 알아야 해요. 곤충을 계속 지켜봐야 하니까요.",
      "outcomeResolution": null,
      "prediction": null,
      "plotSummaryInfoCount": 1,
      "plotSummaryInfo": {
        "classification": "자연탐구",
        "readAge": "초등_고학년",
        "form": "short-form",
        "plotSummaryText": "비비는 곤충을 연구하려면 오랫동안 기다리며 계속 지켜볼 수 있어야 한다고 답했다.",
        "textWordEA": 11
      }
    },
    {
      "srcTextID": "7010",
      "srcText": "마법 약을 먹으면 뿅! 마법 빗자루를 휘두르면 뿅! 순식간에 해치우기 좋아하는 마녀는 답답하기만 했지요. ",
      "srcPage": 12,
      "srcSentenceEA": 3,
      "srcWordEA": 16,
      "character": "마법 약,마법 빗자루,마녀",
      "setting": null,
      "action": "먹으면,휘두르면,해치우기",
      "feeling": "좋아하는,답답하기만",
      "causalRelationship": null,
      "outcomeResolution": null,
      "prediction": null,
      "plotSummaryInfoCount": 1,
      "plotSummaryInfo": {
        "classification": "자연탐구",
        "readAge": "초등_고학년",
        "form": "short-form",
        "plotSummaryText": "마법 약과 빗자루를 사용해 순식간에 해치우기 좋아하는 마녀는 답답했다.",
        "textWordEA": 9
      }
    },
    {
      "srcTextID": "7011",
      "srcText": "비비 씨가 잠든 사이에 마녀는 밖으로 나와 주문을 외웠어요. “당장 고향으로 날아가라. 휘리릭!” 하지만 나비들은 꿈쩍도 하지 않았어요. ",
      "srcPage": 13,
      "srcSentenceEA": 4,
      "srcWordEA": 20,
      "character": "비비 씨,마녀,나비",
      "setting": null,
      "action": "나와,외웠어요,날아가라",
      "feeling": null,
      "causalRelationship": null,
      "outcomeResolution": "하지만 나비들은 꿈쩍도 하지 않았어요.",
      "prediction": null,
      "plotSummaryInfoCount": 1,
      "plotSummaryInfo": {
        "classification": "자연탐구",
        "readAge": "초등_고학년",
        "form": "long-form",
        "plotSummaryText": "비비 씨가 잠든 사이에 마녀는 나비에게 당장 고향으로 날아가라고 주문을 외웠지만 나비들은 꿈쩍도 하지 않았다.",
        "textWordEA": 15
      }
    },
    {
      "srcTextID": "7013",
      "srcText": "마녀는 화가 나서 나무를 흔들고 발을 쿵쾅쿵쾅 굴렀어요. 다음 날 아침, 나비들이 화려하게 날아올랐어요. 하지만 어떤 나비들은 죽어서 낙엽처럼 뒹굴었지요.",
      "srcPage": 14,
      "srcSentenceEA": 3,
      "srcWordEA": 22,
      "character": "마녀,나무,나비,낙엽",
      "setting": "다음 날 아침",
      "action": "흔들고,굴렀어요,날아올랐어요,죽어서,뒹굴었지요",
      "feeling": "화가 나서",
      "causalRelationship": null,
      "outcomeResolution": null,
      "prediction": null,
      "plotSummaryInfoCount": 1,
      "plotSummaryInfo": {
        "classification": "자연탐구",
        "readAge": "초등_고학년",
        "form": "short-form",
        "plotSummaryText": "마다음 날 아침,나비들이 화려하게 날아올랐지만 어떤 나비들은 죽어서 낙엽처럼 뒹굴었다.",
        "textWordEA": 10
      }
    },
    {
      "srcTextID": "7014",
      "srcText": "“여기서 연구를 하면서 알게 됐지요. 다 마녀님 덕분이에요.” 마녀는 비로소 미소를 지었어요.",
      "srcPage": 17,
      "srcSentenceEA": 3,
      "srcWordEA": 14,
      "character": "연구,마녀",
      "setting": null,
      "action": "하면서,알게,지었어요",
      "feeling": null,
      "causalRelationship": null,
      "outcomeResolution": null,
      "prediction": null,
      "plotSummaryInfoCount": 1,
      "plotSummaryInfo": {
        "classification": "자연탐구",
        "readAge": "초등_고학년",
        "form": "short-form",
        "plotSummaryText": "여기서 연구를 하면서 이 사실을 알게 된 건 마녀님 덕분이라고 비비가 말했다.",
        "textWordEA": 12
      }
    },
    {
      "srcTextID": "7016",
      "srcText": "드디어 나비들이 고향을 향해 날아올랐어요. 마녀와 비비 씨도 뒤따라갔지요. 마녀는 황제나비의 날개 가루를 얻었고, 비비 씨는 황제나비에 대한 책을 썼어요. 덕분에 사람들은 황제나비에 대해 많은 것을 알게 되었지요.",
      "srcPage": 18,
      "srcSentenceEA": 4,
      "srcWordEA": 31,
      "character": "나비,마녀,비비 씨,황제나비,날개 가루,사람들",
      "setting": null,
      "action": "날아올랐어요,뒤따라갔지요,썼어요,얻었고",
      "feeling": null,
      "causalRelationship": null,
      "outcomeResolution": "덕분에 사람들은 황제나비에 대해 많은 것을 알게 되었지요.",
      "prediction": null,
      "plotSummaryInfoCount": 1,
      "plotSummaryInfo": {
        "classification": "자연탐구",
        "readAge": "초등_고학년",
        "form": "long-form",
        "plotSummaryText": "날아가는 나비를 뒤따라가 마녀는 황제나비의 날개 가루를 얻었고, 비비 씨는 사람들에게 황제나비에 대한 많은 것을 알려주었다.",
        "textWordEA": 16
      }
    }
  ]
}