{
  "title": "달 여행을 보내 드려요!",
  "author": "김선영",
  "illustrator": "장영선",
  "isbn": "9791128211546",
  "publishedYear": 2018,
  "publisher": "아람북스",
  "paragraphInfoCount": 27,
  "paragraphInfo": [
    {
      "srcTextID": "120324",
      "srcText": "달빛 여행사는 동물 나라 최고의 여행사야. 어디로든 갈 수 있는 여행 상품이 가득하지. 올해로 달빛 여행사가 만들어진 지 딱 30주년이 되었어. 그래서 고객들에게 깜짝 놀랄 만한 선물을 준비했대. 고객 셋을 뽑아 달 여행을 보내 주기로 했다는 거야.",
      "srcPage": 1,
      "srcSentenceEA": 5,
      "srcWordEA": 41,
      "character": "고객",
      "setting": "동물 나라,올해,달",
      "action": "갈 수,만들어진,뽑아,보내 주기로",
      "feeling": "놀랄 만한",
      "causalRelationship": null,
      "outcomeResolution": null,
      "prediction": null,
      "plotSummaryInfoCount": 1,
      "plotSummaryInfo": {
        "classification": "자연탐구",
        "readAge": "초등_고학년",
        "form": "long-form",
        "plotSummaryText": "동물 나라 최고의 여행사인 달빛 여행사는 올해 30주년을 맞이하여 고객 셋을 뽑아 달 여행을 보내 주기로 했습니다.",
        "textWordEA": 17
      }
    },
    {
      "srcTextID": "120330",
      "srcText": "모두 설레는 마음으로 달에 첫발을 내디뎠어. 그런데 달은 지구와는 너무나 다른 거야. 달에는 공기도 없고, 바람 한 점, 구름 한 점 없었어. 거친 달 표면에는 나무 한 그루, 풀 한 포기조차 찾아 볼 수 없었지.",
      "srcPage": 7,
      "srcSentenceEA": 4,
      "srcWordEA": 38,
      "character": null,
      "setting": "달,지구",
      "action": "내디뎠어,찾아볼 수",
      "feeling": "설레는",
      "causalRelationship": null,
      "outcomeResolution": null,
      "prediction": null,
      "plotSummaryInfoCount": 1,
      "plotSummaryInfo": {
        "classification": "자연탐구",
        "readAge": "초등_고학년",
        "form": "long-form",
        "plotSummaryText": "모두 설레는 마음으로 달에 첫발을 내디뎠는데, 달은 지구와는 너무 달라서 공기와 바람, 구름도 없고 나무와 풀조차 찾아볼 수 없었습니다.",
        "textWordEA": 19
      }
    },
    {
      "srcTextID": "120328",
      "srcText": "세 동물들은 달에 가까이 왔는지 우주선 밖을 내다보며 계속 확인했어. “저기 달이 보인다, 다 왔나 봐.” “달에 뭐가 있는지 어서 가 확인하고 싶어.” “달에서 해 보고 싶은 것도 준비해 왔지.”",
      "srcPage": 5,
      "srcSentenceEA": 4,
      "srcWordEA": 30,
      "character": "세 동물들",
      "setting": "달,우주선 밖",
      "action": "가까이 왔는지,내다보며,가",
      "feeling": null,
      "causalRelationship": null,
      "outcomeResolution": null,
      "prediction": null,
      "plotSummaryInfoCount": 1,
      "plotSummaryInfo": {
        "classification": "자연탐구",
        "readAge": "초등_고학년",
        "form": "long-form",
        "plotSummaryText": "세 동물들은 달에 뭐가 있는지 확인도 하고, 또 달에서 해 보고 싶은 것들도 준비해 왔다고 했습니다.",
        "textWordEA": 16
      }
    },
    {
      "srcTextID": "120326",
      "srcText": "소식을 들은 동물들의 반응은 엄청났어. 따르릉따르릉! 여행사의 전화기는 끊임없이 울려 댔어. 인터넷 홈페이지도 마비될 정도였지. 너도나도 달 여행을 가고 싶다며 몰려들었어. 그 바람에 여행사는 발 디딜 틈도 없었어.",
      "srcPage": 2,
      "srcSentenceEA": 6,
      "srcWordEA": 33,
      "character": "동물들",
      "setting": "여행사",
      "action": "들은,울려 댔어,가고 싶다며,몰려들었어",
      "feeling": null,
      "causalRelationship": null,
      "outcomeResolution": null,
      "prediction": null,
      "plotSummaryInfoCount": 1,
      "plotSummaryInfo": {
        "classification": "자연탐구",
        "readAge": "초등_고학년",
        "form": "long-form",
        "plotSummaryText": "그 소식을 들은 동물들이 너도나도 달 여행을 가고 싶다고 몰려드는 바람에 여행사는 발 디딜 틈도 없었습니다.",
        "textWordEA": 16
      }
    },
    {
      "srcTextID": "120325",
      "srcText": "드디어 행운의 주인공들을 뽑는 날이 되었어. “달 여행을 가게 될 세 분은 놀이 기구 발명가 뾰족 씨, 의상 디자이너 얼룩 여사, 발레리나 덩치 양입니다.” 당첨 소식을 듣고 달빛 여행사로 온 동물들은 무척 기뻐했어.",
      "srcPage": 3,
      "srcSentenceEA": 3,
      "srcWordEA": 34,
      "character": "놀이 기구 발명가 뾰족 씨,의상 디자이너 얼룩 여사,발레리나 덩치 양,동물들",
      "setting": "달,달빛 여행사",
      "action": "뽑는,가게 될,듣고,온",
      "feeling": null,
      "causalRelationship": null,
      "outcomeResolution": null,
      "prediction": null,
      "plotSummaryInfoCount": 1,
      "plotSummaryInfo": {
        "classification": "자연탐구",
        "readAge": "초등_고학년",
        "form": "short-form",
        "plotSummaryText": "달 여행을 가게 될 행운의 주인공은 놀이 기구 발명가 뾰족 씨, 의상 디자이너 얼룩 여사, 발레리나 덩치 양이 되었는데, 당첨 소식을 듣고 무척 기뻐했습니다.",
        "textWordEA": 24
      }
    },
    {
      "srcTextID": "120327",
      "srcText": "드디어 달 여행을 떠나는 날이 되었어. 뾰족 씨, 얼룩 여사, 덩치 양은 처음 보는 우주선의 모습에 눈이 휘둥그레졌어. 어느새 떠날 시각이 다가왔지. 10, 9, 8, 7, 6, 5, 4, 3, 2, 1, 발사! 우주선은 요란한 소리와 함께 하늘로 솟구쳤어.",
      "srcPage": 4,
      "srcSentenceEA": 5,
      "srcWordEA": 43,
      "character": "뾰족 씨,얼룩 여사,덩치 양",
      "setting": "달,하늘",
      "action": "떠나는,보는,솟구쳤어",
      "feeling": "눈이 휘둥그레졌어",
      "causalRelationship": null,
      "outcomeResolution": null,
      "prediction": null,
      "plotSummaryInfoCount": 1,
      "plotSummaryInfo": {
        "classification": "자연탐구",
        "readAge": "초등_고학년",
        "form": "long-form",
        "plotSummaryText": "달 여행을 떠나는 날, 뾰족 씨, 얼룩 여사, 덩치 양은 우주선을 보고 눈이 휘둥그레졌고, 어느새 떠날 시각이 되자 우주선은 요란한 소리와 함께 하늘로 솟구쳤습니다.",
        "textWordEA": 24
      }
    },
    {
      "srcTextID": "120329",
      "srcText": "동물들은 우주선에서 착륙선으로 옮겨 탔어. 동물들을 태운 착륙선은 안전하게 달에 도착했어. “우아, 달이다, 달!” 우주복을 입은 셋은 멍멍 안내원을 따라 착륙선 밖으로 나갔지.",
      "srcPage": 6,
      "srcSentenceEA": 4,
      "srcWordEA": 25,
      "character": "동물들,멍멍 안내원",
      "setting": "달",
      "action": "옮겨 탔어,도착했어,입은,나갔지",
      "feeling": null,
      "causalRelationship": null,
      "outcomeResolution": null,
      "prediction": null,
      "plotSummaryInfoCount": 1,
      "plotSummaryInfo": {
        "classification": "자연탐구",
        "readAge": "초등_고학년",
        "form": "long-form",
        "plotSummaryText": "동물들은 안전하게 달에 도착해서 멍멍 안내원을 따라 착륙선 밖으로 나갔습니다.",
        "textWordEA": 10
      }
    },
    {
      "srcTextID": "120343",
      "srcText": "덩치 양은 등을 꼿꼿이 세우고 무대로 총총 나아갔어. 손짓과 발짓 하나하나가 그 어느 때보다 우아했지. 그리고 슬쩍 뛰었는데, 세상에나! 엄청나게 높이 솟아오르며 멋진 연기를 펼친 거야.",
      "srcPage": 20,
      "srcSentenceEA": 4,
      "srcWordEA": 29,
      "character": "덩치 양",
      "setting": null,
      "action": "꼿꼿이 세우고,총총 나아갔어,뛰었는데,솟아오르며,펼친 거야",
      "feeling": null,
      "causalRelationship": null,
      "outcomeResolution": null,
      "prediction": null,
      "plotSummaryInfoCount": 1,
      "plotSummaryInfo": {
        "classification": "자연탐구",
        "readAge": "초등_고학년",
        "form": "long-form",
        "plotSummaryText": "덩치 양은 슬쩍 뛰었는데 엄청나게 높이 솟아오르며 멋진 연기를 펼쳤습니다.",
        "textWordEA": 10
      }
    },
    {
      "srcTextID": "120347",
      "srcText": "자유 시간이 끝나고, 멍멍 안내원은 동물들을 불러 모았어. “지금부터는 달 표면에 소원을 새기는 시간을 갖겠어요. 이곳은 바람도 없고, 비도 내리지 않기 때문에 여러분이 새긴 소원은 영원히 지워지지 않을 거예요.”",
      "srcPage": 22,
      "srcSentenceEA": 3,
      "srcWordEA": 30,
      "character": "멍멍 안내원,동물",
      "setting": null,
      "action": "불러 모았어,새기는",
      "feeling": null,
      "causalRelationship": "이곳은 바람도 없고,비도 내리지 않기 때문에 여러분이 새긴 소원은 영원히 지워지지 않을 거예요.",
      "outcomeResolution": null,
      "prediction": null,
      "plotSummaryInfoCount": 1,
      "plotSummaryInfo": {
        "classification": "자연탐구",
        "readAge": "초등_고학년",
        "form": "short-form",
        "plotSummaryText": "멍멍 안내원은 동물들을 불러 모아 달 표면에 소원을 새기는 시간을 갖기로 하였는데, 이곳은 바람도 없고, 비도 내리지 않기 때문에 영원히 지워지지 않을 거라고 말했습니다.",
        "textWordEA": 24
      }
    },
    {
      "srcTextID": "120346",
      "srcText": "셋은 소원을 새기고 우주의 별들을 바라보았어. 그런데 저 멀리 푸른 별이 보였어. “우아, 저 아름다운 별은 뭐예요? 저 별에도 가 보고 싶어요.”",
      "srcPage": 23,
      "srcSentenceEA": 4,
      "srcWordEA": 24,
      "character": null,
      "setting": "우주",
      "action": "새기고,바라보았어,보였어,가 보고 싶어요",
      "feeling": "아름다운",
      "causalRelationship": null,
      "outcomeResolution": null,
      "prediction": null,
      "plotSummaryInfoCount": 1,
      "plotSummaryInfo": {
        "classification": "자연탐구",
        "readAge": "초등_고학년",
        "form": "long-form",
        "plotSummaryText": "셋은 소원을 새기고 우주의 별들을 바라보았는데, 저 멀리 아름다운 푸른 별이 보였습니다.",
        "textWordEA": 12
      }
    },
    {
      "srcTextID": "120348",
      "srcText": "무사히 달 여행을 마친 셋과 멍멍 안내원은 착륙선을 타고 올라 다시 우주선으로 옮겨 탔어. 그리고 지구로 돌아가는 길에 창밖을 바라보던 멍멍 안내원이 모두를 불렀어. \"여러분! 어서 이쪽으로 와 보세요. 아름다운 지구의 모습이 잘 보여요.\" 잠시 뒤, 우주선 밖으로 펼쳐진 풍경에 모두가 멋지다며 소리쳤어.",
      "srcPage": 25,
      "srcSentenceEA": 5,
      "srcWordEA": 47,
      "character": "멍멍 안내원",
      "setting": "지구,우주선 밖",
      "action": "타고 올라,옮겨 탔어,돌아가는,바라보던,불렀어,와 보세요,잘 보여요,소리쳤어",
      "feeling": "아름다운",
      "causalRelationship": null,
      "outcomeResolution": null,
      "prediction": null,
      "plotSummaryInfoCount": 1,
      "plotSummaryInfo": {
        "classification": "자연탐구",
        "readAge": "초등_고학년",
        "form": "long-form",
        "plotSummaryText": "달 여행을 마친 셋과 멍멍 안내원은 착륙선에서 우주선으로 옮겨 탔는데, 창밖을 바라보던 멍멍 안내원이 아름다운 지구의 모습이 잘 보인다며 모두 불렀습니다.",
        "textWordEA": 21
      }
    },
    {
      "srcTextID": "120334",
      "srcText": "크레이터는 동그란 모양으로, 안쪽은 움푹 파여 있고 바깥쪽은 담처럼 둘러싸여 있어. “구덩이가 정말 신기하게 생겼네.” 셋은 크레이터를 살펴보며 상상의 나래를 펼쳤어.",
      "srcPage": 11,
      "srcSentenceEA": 3,
      "srcWordEA": 22,
      "character": null,
      "setting": "크레이터",
      "action": "살펴보며,펼쳤어",
      "feeling": "신기하게",
      "causalRelationship": null,
      "outcomeResolution": null,
      "prediction": null,
      "plotSummaryInfoCount": 1,
      "plotSummaryInfo": {
        "classification": "자연탐구",
        "readAge": "초등_고학년",
        "form": "short-form",
        "plotSummaryText": "크레이터는 동그란 모양으로 안쪽은 움푹 파이고 바깥쪽은 담처럼 둘러싸여 있는 구덩이인데, 셋은 크레이터를 살펴보며 상상의 나래를 펼쳤습니다.",
        "textWordEA": 17
      }
    },
    {
      "srcTextID": "120336",
      "srcText": "뾰족 씨는 기다렸다는 듯 준비해 온 풍선 보트를 꺼냈어. 풍선 보트에 지구에서 가져온 산소를 채운 뒤, 높은 곳으로 올랐지. 그리고 썰매처럼 타고 내려왔어.",
      "srcPage": 13,
      "srcSentenceEA": 3,
      "srcWordEA": 25,
      "character": "뾰족 씨",
      "setting": "지구",
      "action": "꺼냈어,가져온,올랐지,타고 내려왔어",
      "feeling": null,
      "causalRelationship": null,
      "outcomeResolution": null,
      "prediction": null,
      "plotSummaryInfoCount": 1,
      "plotSummaryInfo": {
        "classification": "자연탐구",
        "readAge": "초등_고학년",
        "form": "short-form",
        "plotSummaryText": "뾰족 씨는 풍선 보트를 꺼내 지구에서 가져온 산소를 채운 뒤, 높은 곳으로 올라가 썰매처럼 타고 내려왔습니다.",
        "textWordEA": 16
      }
    },
    {
      "srcTextID": "120339",
      "srcText": "그런데 뭔가 이상했어. 금세 선글라스 알이 찌그러졌고, 스카프도 쭈글쭈글해졌어. 그리고 가방도 모양이 이상해졌지. 달의 온도가 어찌나 높은지 물건의 모양이 모두 변해 버린 거야.",
      "srcPage": 17,
      "srcSentenceEA": 4,
      "srcWordEA": 26,
      "character": "선글라스,스카프,가방",
      "setting": "달",
      "action": "변해 버린 거야,쭈글쭈글해졌어",
      "feeling": null,
      "causalRelationship": "달의 온도가 어찌나 높은지 물건의 모양이 모두 변해 버린 거야.",
      "outcomeResolution": null,
      "prediction": null,
      "plotSummaryInfoCount": 1,
      "plotSummaryInfo": {
        "classification": "자연탐구",
        "readAge": "초등_고학년",
        "form": "long-form",
        "plotSummaryText": "달의 온도가 높아서 선글라스 알이 찌그러지고, 스카프도 쭈글쭈글해지고, 가방 모양도 이상해졌습니다.",
        "textWordEA": 11
      }
    },
    {
      "srcTextID": "120342",
      "srcText": "덩치 양은 자유 시간 동안 마지막 발레 공연을 하기로 했어. 전보다 몸이 훨씬 무거워져서 요즘에는 뛰어오르는 동작을 잘하지 못했거든. 그래서 이제 발레리나 생활을 마치려고 했어.",
      "srcPage": 18,
      "srcSentenceEA": 3,
      "srcWordEA": 27,
      "character": "덩치 양",
      "setting": null,
      "action": "공연을 하기로,뛰어오르는",
      "feeling": null,
      "causalRelationship": "전보다 몸이 훨씬 무거워져서 요즘에는 뛰어오르는 동작을 잘하지 못했거든. 그래서 이제 발레리나 생활을 마치려고 했어.",
      "outcomeResolution": null,
      "prediction": null,
      "plotSummaryInfoCount": 1,
      "plotSummaryInfo": {
        "classification": "자연탐구",
        "readAge": "초등_고학년",
        "form": "short-form",
        "plotSummaryText": "덩치 양은 자유 시간 동안 마지막 발레 공연을 하기로 했는데, 요즘 몸이 무거워져서 뛰어오르는 동작을 잘하지 못해서 발레리나 생활을 마치려고 했다고 했습니다.",
        "textWordEA": 22
      }
    },
    {
      "srcTextID": "120332",
      "srcText": "다음에는 멍멍 안내원이 운전하는 차를 탔어. “월면차랍니다. 달 표면을 다닐 수 있도록 만든 차죠.” 월면차를 타고 한참을 달렸지만 여전히 보이는 건 모래와 작은 돌이 다였어. 또 달 표면은 어찌나 울퉁불퉁한지 월면차가 들썩들썩 움직였어. 모두 엉덩이에서 불이 나는 것만 같았어.",
      "srcPage": 9,
      "srcSentenceEA": 5,
      "srcWordEA": 43,
      "character": "멍멍 안내원,월면차",
      "setting": null,
      "action": "운전하는,탔어,만든,타고,달렸지만,보이는 건,움직였어",
      "feeling": null,
      "causalRelationship": "또 달 표면은 어찌나 울퉁불퉁한지 월면차가 들썩들썩 움직였어. 모두 엉덩이에서 불이 나는 것만 같았어.",
      "outcomeResolution": null,
      "prediction": null,
      "plotSummaryInfoCount": 1,
      "plotSummaryInfo": {
        "classification": "자연탐구",
        "readAge": "초등_고학년",
        "form": "long-form",
        "plotSummaryText": "다음으로 멍멍 안내원이 운전하는 월면차를 타고 한참을 달렸지만, 여전히 보이는 건 모래와 작은 돌이 다였고, 달 표면은 울퉁불퉁해서 윌면차가 움직이면 엉덩이에서 불이 나는 것만 같았습니다.",
        "textWordEA": 25
      }
    },
    {
      "srcTextID": "120333",
      "srcText": "“자, 여러분이 있는 곳이 바로 크레이터입니다. 달에서 볼 수 있는 특별한 것이지요. 우주에서 떨어진 운석 때문에 생긴 자국이랍니다.” ",
      "srcPage": 10,
      "srcSentenceEA": 3,
      "srcWordEA": 20,
      "character": null,
      "setting": "크레이터,달,우주",
      "action": "볼 수",
      "feeling": null,
      "causalRelationship": null,
      "outcomeResolution": null,
      "prediction": null,
      "plotSummaryInfoCount": 1,
      "plotSummaryInfo": {
        "classification": "자연탐구",
        "readAge": "초등_고학년",
        "form": "short-form",
        "plotSummaryText": "크레이터는 달에서만 볼 수 있는 특별한 곳이며 우주에서 떨어진 운석 때문에 생긴 자국이라고 설명해줬습니다.",
        "textWordEA": 14
      }
    },
    {
      "srcTextID": "120335",
      "srcText": "“이제 각자 자유롭게 시간을 보내세요.” 멍멍 안내원은 동물들에게 자유 시간을 주었어. 셋은 저마다 달에서 의미 있는 시간을 보내기로 했지.",
      "srcPage": 12,
      "srcSentenceEA": 3,
      "srcWordEA": 21,
      "character": "멍멍 안내원,동물",
      "setting": "달",
      "action": "시간을 보내세요,시간을 보내기로 했지",
      "feeling": null,
      "causalRelationship": null,
      "outcomeResolution": null,
      "prediction": null,
      "plotSummaryInfoCount": 1,
      "plotSummaryInfo": {
        "classification": "자연탐구",
        "readAge": "초등_고학년",
        "form": "short-form",
        "plotSummaryText": "멍멍 안내원이 동물들에게 자유 시간을 주자, 셋은 저마다 달에서 의미 있는 시간을 보내기로 했습니다.",
        "textWordEA": 14
      }
    },
    {
      "srcTextID": "120338",
      "srcText": "“여행사에서 나누어 준 이런 평범한 우주복은 마음에 들지 않아.” 얼룩 여사는 새로운 스타일의 우주복을 선보이기로 했어. 얼룩 여사는 올해 유행하는 무늬의 스카프를 목에 쓱 둘렀어.",
      "srcPage": 15,
      "srcSentenceEA": 3,
      "srcWordEA": 27,
      "character": "얼룩 여사,우주복,스카프",
      "setting": null,
      "action": "나누어 준,선보이기로 했어,쓱 둘렀어",
      "feeling": null,
      "causalRelationship": null,
      "outcomeResolution": null,
      "prediction": null,
      "plotSummaryInfoCount": 1,
      "plotSummaryInfo": {
        "classification": "자연탐구",
        "readAge": "초등_고학년",
        "form": "short-form",
        "plotSummaryText": "얼룩 여사는 여행사에서 나누어 준 우주복이 마음에 들지 않는다며, 올해 유행하는 무늬의 스카프를 목에 쓱 둘렀습니다.",
        "textWordEA": 16
      }
    },
    {
      "srcTextID": "120340",
      "srcText": "멋쟁이만 쓴다는 알이 큰 선글라스도 헬멧 위에 척 걸쳤지. 마지막으로 앙증맞은 가방을 손에 들었어. 그리고 모델처럼 사뿐사뿐 달 위를 걸었지.",
      "srcPage": 16,
      "srcSentenceEA": 3,
      "srcWordEA": 22,
      "character": "선글라스,헬멧,가방",
      "setting": "달",
      "action": "쓴다는,척 걸쳤지,손에 들었어,걸었지",
      "feeling": null,
      "causalRelationship": null,
      "outcomeResolution": null,
      "prediction": null,
      "plotSummaryInfoCount": 1,
      "plotSummaryInfo": {
        "classification": "자연탐구",
        "readAge": "초등_고학년",
        "form": "short-form",
        "plotSummaryText": "알이 큰 선글라스도 헬멧 위에 걸치고 앙증맞은 가방을 손에 들고는 모델처럼 달 위를 걸었습니다.",
        "textWordEA": 14
      }
    },
    {
      "srcTextID": "120341",
      "srcText": "“마지막으로 달이라는 근사한 무대에서 공연을 펼치고 싶어.” 덩치 양은 바닥을 평평하게 고르고, 카메라도 설치했지. 이제 공연 준비가 다 되었어.",
      "srcPage": 19,
      "srcSentenceEA": 3,
      "srcWordEA": 21,
      "character": "덩치 양",
      "setting": "달",
      "action": "공연을 펼치고 싶어,고르고,설치했지",
      "feeling": null,
      "causalRelationship": null,
      "outcomeResolution": null,
      "prediction": null,
      "plotSummaryInfoCount": 1,
      "plotSummaryInfo": {
        "classification": "자연탐구",
        "readAge": "초등_고학년",
        "form": "short-form",
        "plotSummaryText": "덩치 양은 달이라는 무대에서 공연하기 위한 준비를 마쳤습니다.",
        "textWordEA": 8
      }
    },
    {
      "srcTextID": "120345",
      "srcText": "뾰족 씨의 말에 멍멍 안내원이 웃으며 말했지. “그럼 당장 저 별로 떠날까요? 저 별은 바로 우리가 사는 지구랍니다.”",
      "srcPage": 24,
      "srcSentenceEA": 3,
      "srcWordEA": 19,
      "character": "뾰족 씨,멍멍 안내원",
      "setting": "지구",
      "action": "웃으며 말했지,떠날까요",
      "feeling": null,
      "causalRelationship": null,
      "outcomeResolution": null,
      "prediction": null,
      "plotSummaryInfoCount": 1,
      "plotSummaryInfo": {
        "classification": "자연탐구",
        "readAge": "초등_고학년",
        "form": "short-form",
        "plotSummaryText": "멍멍 안내원이 웃으며 저 별은 우리가 사는 지구라고 말했습니다.",
        "textWordEA": 9
      }
    },
    {
      "srcTextID": "120349",
      "srcText": "셋은 마침내 지구로 돌아왔어. 그리고 얼마 지나지 않아 깜짝 놀랄 일이 생겼지. 모두가 달에 새기고 온 소원을 이루게 된 거야.",
      "srcPage": 26,
      "srcSentenceEA": 3,
      "srcWordEA": 22,
      "character": null,
      "setting": "지구,달",
      "action": "돌아왔어,새기고",
      "feeling": "놀랄",
      "causalRelationship": null,
      "outcomeResolution": null,
      "prediction": null,
      "plotSummaryInfoCount": 1,
      "plotSummaryInfo": {
        "classification": "자연탐구",
        "readAge": "초등_고학년",
        "form": "short-form",
        "plotSummaryText": "셋은 지구로 돌아왔고, 얼마 지나지 않아 모두가 달에 새기고 온 소원을 이루게 되었습니다.",
        "textWordEA": 13
      }
    },
    {
      "srcTextID": "120350",
      "srcText": "얼룩 여사가 선보인 달 패션은 널리 유행했어. 덩치 양은 달에서 찍은 발레 동영상으로 인기 스타가 됐어. 덕분에 계속 발레를 할 수 있게 되었지. 뾰족 씨가 달을 주제로 만든 놀이공원은 세계적인 관광지가 됐지 뭐야. 셋은 모두 달 덕분이라며 매일 밤 달에게 고마운 마음을 전한대.",
      "srcPage": 27,
      "srcSentenceEA": 5,
      "srcWordEA": 47,
      "character": "얼룩 여사,덩치 양,인기 스타,뾰족 씨",
      "setting": "달,놀이공원",
      "action": "만든,전한대",
      "feeling": "고마운",
      "causalRelationship": null,
      "outcomeResolution": null,
      "prediction": null,
      "plotSummaryInfoCount": 1,
      "plotSummaryInfo": {
        "classification": "자연탐구",
        "readAge": "초등_고학년",
        "form": "long-form",
        "plotSummaryText": "달 덕분에 얼룩 여사는 달 패션을 널리 유행시켰고, 덩치 양은 인기 스타가 되었고, 뾰족 씨는 달을 주제로 한 놀이공원을 만들게 되었습니다. ",
        "textWordEA": 21
      }
    },
    {
      "srcTextID": "120331",
      "srcText": "“여러분, 이제부터 달 여행을 시작하겠습니다. 첫 번째로 ‘달 표면 걷기 체험’을 하겠습니다.” 그런데 아무리 걷고 또 걸어도 온통 메마른 모래와 돌뿐이었지.",
      "srcPage": 8,
      "srcSentenceEA": 4,
      "srcWordEA": 24,
      "character": "모래,돌",
      "setting": "달",
      "action": "걷기,걷고,걸어도",
      "feeling": null,
      "causalRelationship": null,
      "outcomeResolution": null,
      "prediction": null,
      "plotSummaryInfoCount": 1,
      "plotSummaryInfo": {
        "classification": "자연탐구",
        "readAge": "초등_고학년",
        "form": "long-form",
        "plotSummaryText": "달 여행을 시작한다며 첫 번째로 달 표면 걷기 체험을 하는데, 아무리 걷고 또 걸어도 메마른 모래와 돌뿐이었습니다.",
        "textWordEA": 17
      }
    },
    {
      "srcTextID": "120337",
      "srcText": "풍선 보트는 거친 돌에 긁혀 펑! 터지고 말았어. 다음에 도전한 건 행글라이더였어. 하지만 공기가 없는 달에서 무슨 수로 날 수 있겠어? 발을 떼는 순간 데굴데굴 데굴데굴. 뾰족 씨는 행글라이더와 함께 한참을 굴렀어.",
      "srcPage": 14,
      "srcSentenceEA": 6,
      "srcWordEA": 37,
      "character": "뾰족 씨,풍선 보트,행글라이더",
      "setting": "달",
      "action": "날 수 있겠어,떼는,굴렀어",
      "feeling": null,
      "causalRelationship": null,
      "outcomeResolution": null,
      "prediction": null,
      "plotSummaryInfoCount": 1,
      "plotSummaryInfo": {
        "classification": "자연탐구",
        "readAge": "초등_고학년",
        "form": "long-form",
        "plotSummaryText": "풍선 보트는 거친 돌에 긁혀 터지고 말았고, 다음에 도전한 건 행글라이더는 공기가 없는 달에서는 날 수 없었기 때문에 발을 떼는 순간 데굴데굴 굴렀습니다.",
        "textWordEA": 23
      }
    },
    {
      "srcTextID": "120344",
      "srcText": "신이 난 덩치 양은 있는 힘을 다해 또다시 뛰어올랐어. 하지만 이번에는 너무 높게 뛰어오른 모양이야. 땅으로 내려오면서 중심을 잃고는 바닥에 엉덩방아를 찧었지 뭐야. 그곳에 엉덩이 모양의 크레이터가 만들어졌다나?",
      "srcPage": 21,
      "srcSentenceEA": 4,
      "srcWordEA": 31,
      "character": "덩치 양",
      "setting": "땅,바닥",
      "action": "뛰어올랐어,뛰어오른 모양이야,내려오면서,엉덩방아를 찧었지 뭐야,만들어졌다나",
      "feeling": "신이 난",
      "causalRelationship": null,
      "outcomeResolution": null,
      "prediction": null,
      "plotSummaryInfoCount": 1,
      "plotSummaryInfo": {
        "classification": "자연탐구",
        "readAge": "초등_고학년",
        "form": "long-form",
        "plotSummaryText": "신이 난 덩치 양은 너무 높게 뛰어올라서 땅으로 내려오면서 엉덩방아를 찧었습니다.",
        "textWordEA": 11
      }
    }
  ]
}