{
  "title": "보이지 않는 소를 찾아라!",
  "author": "우은경",
  "illustrator": "고혜진",
  "isbn": "9791128211461",
  "publishedYear": 2018,
  "publisher": "아람북스",
  "paragraphInfoCount": 46,
  "paragraphInfo": [
    {
      "srcTextID": "11306",
      "srcText": " 염소가 묻자 수소가 대답했어요. “나를 가져가기는 어려울 거야. 나를 얻으려면 물 전기 분해를 해야 하거든.”",
      "srcPage": 34,
      "srcSentenceEA": 3,
      "srcWordEA": 17,
      "character": "염소,물,전기 분해",
      "setting": null,
      "action": "묻자,대답했어요,가져가기는,얻으려면,해야 하거든",
      "feeling": null,
      "causalRelationship": null,
      "outcomeResolution": null,
      "prediction": null,
      "plotSummaryInfoCount": 1,
      "plotSummaryInfo": {
        "classification": "자연탐구",
        "readAge": "초등_고학년",
        "form": "short-form",
        "plotSummaryText": "염소가 묻자 수소는 자기를 가져가기는 어려울 거라며 자기를 얻으려면 물 전기 분해를 해야 한다고 대답했어요.",
        "textWordEA": 15
      }
    },
    {
      "srcTextID": "11309",
      "srcText": "소들은 전기 분해라는 말을 처음 들어 눈만 껌벅껌벅했어요. 수소마저 얻지 못하자, 소들은 모두 울음을 터뜨렸어요. 마침 풍선 장수 아저씨가 그곳을 지나가다 소들에게 물었어요.",
      "srcPage": 35,
      "srcSentenceEA": 3,
      "srcWordEA": 25,
      "character": "소들,풍선 장수 아저씨",
      "setting": "그곳",
      "action": "들어,눈만 껌벅껌벅했어요,얻지 못하자,지나가다,물었어요",
      "feeling": "울음을 터뜨렸어요",
      "causalRelationship": null,
      "outcomeResolution": null,
      "prediction": null,
      "plotSummaryInfoCount": 1,
      "plotSummaryInfo": {
        "classification": "자연탐구",
        "readAge": "초등_고학년",
        "form": "short-form",
        "plotSummaryText": "소들은 전기 분해라는 말을 듣고, 수소마저 얻지 못하자 울음을 터뜨렸어요.",
        "textWordEA": 10
      }
    },
    {
      "srcTextID": "11313",
      "srcText": "“정말이에요? 정말 기구를 띄울 수 있어요?” 아저씨가 고개를 끄덕끄덕했어요. 소들은 아저씨와 함께 기구가 있는 곳으로 갔어요. ",
      "srcPage": 41,
      "srcSentenceEA": 3,
      "srcWordEA": 19,
      "character": "기구,아저씨,소들",
      "setting": "기구가 있는 곳",
      "action": "띄울 수 있어요,고개를 끄덕끄덕했어요,갔어요",
      "feeling": null,
      "causalRelationship": null,
      "outcomeResolution": null,
      "prediction": null,
      "plotSummaryInfoCount": 1,
      "plotSummaryInfo": {
        "classification": "자연탐구",
        "readAge": "초등_고학년",
        "form": "short-form",
        "plotSummaryText": "아저씨가 기구를 띄울 수 있다고 고개를 끄덕이자 소들은 아저씨와 함께 기구가 있는 곳으로 갔어요.",
        "textWordEA": 14
      }
    },
    {
      "srcTextID": "11318",
      "srcText": "소들도 아저씨에게 손을 흔들었지요. “매매 음머음머 매매애!” 소들은 노래를 부르며 멀리멀리 여행을 떠났어요. ",
      "srcPage": 46,
      "srcSentenceEA": 3,
      "srcWordEA": 14,
      "character": "소들,아저씨,손",
      "setting": null,
      "action": "흔들었지요,노래를 부르며,여행을 떠났어요",
      "feeling": null,
      "causalRelationship": null,
      "outcomeResolution": null,
      "prediction": "소들은 노래를 부르며 멀리멀리 여행을 떠났어요.",
      "plotSummaryInfoCount": 1,
      "plotSummaryInfo": {
        "classification": "자연탐구",
        "readAge": "초등_고학년",
        "form": "short-form",
        "plotSummaryText": "소들은 아저씨에게 손을 흔들고 노래를 부르며 멀리멀리 여행을 떠났어요.",
        "textWordEA": 9
      }
    },
    {
      "srcTextID": "11274",
      "srcText": "“이산화 탄소는 눈에 보이지 않아도 냄새가 나겠지?” 들소가 코를 벌름벌름, 코뿔소도 코를 킁킁. 그때 슈퍼마켓 안에서 작은 소리가 들렸어요.",
      "srcPage": 8,
      "srcSentenceEA": 3,
      "srcWordEA": 21,
      "character": "들소,코,코뿔소",
      "setting": "그때,슈퍼마켓 안",
      "action": "보이지 않아도,냄새가 나겠지,소리가 들렸어요",
      "feeling": null,
      "causalRelationship": null,
      "outcomeResolution": null,
      "prediction": null,
      "plotSummaryInfoCount": 1,
      "plotSummaryInfo": {
        "classification": "자연탐구",
        "readAge": "초등_고학년",
        "form": "short-form",
        "plotSummaryText": "들소와 코뿔소는 코로 이산화 탄소 냄새를 찾고 있는데 그때 슈퍼마켓 안에서 작은 소리가 들렸어요.",
        "textWordEA": 14
      }
    },
    {
      "srcTextID": "11277",
      "srcText": "“히히, 이산화 탄소인 나는 냄새가 안 나.” 소들은 슈퍼마켓으로 들어가 이산화 탄소에게 말했어요. “우리는 이산화 탄소를 가져가야 해. 제발 도와줘!” ",
      "srcPage": 9,
      "srcSentenceEA": 4,
      "srcWordEA": 22,
      "character": "나,소들,우리",
      "setting": "슈퍼마켓",
      "action": "냄새가 안 나,들어가,말했어요,가져가야 해,도와줘",
      "feeling": null,
      "causalRelationship": null,
      "outcomeResolution": null,
      "prediction": null,
      "plotSummaryInfoCount": 1,
      "plotSummaryInfo": {
        "classification": "자연탐구",
        "readAge": "초등_고학년",
        "form": "long-form",
        "plotSummaryText": "이산화 탄소가 냄새가 안 난다고 하자, 소들은 슈퍼마켓으로 들어가 도와달라고 이산화 탄소에게 말했어요.",
        "textWordEA": 13
      }
    },
    {
      "srcTextID": "11278",
      "srcText": " 그사이 드라이아이스는 몽땅 사라졌어요. 코뿔소가 멍하니 서 있는 얼룩소에게 말했어요. 걱정하지 마, 산소를 찾으면 돼!",
      "srcPage": 13,
      "srcSentenceEA": 3,
      "srcWordEA": 18,
      "character": "드라이아이스,코뿔소,얼룩소",
      "setting": "그사이",
      "action": "사라졌어요,서 있는,말했어요,찾으면 돼",
      "feeling": "걱정하지 마",
      "causalRelationship": null,
      "outcomeResolution": null,
      "prediction": null,
      "plotSummaryInfoCount": 1,
      "plotSummaryInfo": {
        "classification": "자연탐구",
        "readAge": "초등_고학년",
        "form": "short-form",
        "plotSummaryText": "드라이아이스가 몽땅 사라지자 코뿔소가 얼룩소에게 산소를 찾으면 된다고 말했어요.",
        "textWordEA": 9
      }
    },
    {
      "srcTextID": "11284",
      "srcText": "“누가 사과를 변하게 한 거야?” 소들이 모두 절레절레하는데, 어디선가 작은 소리가 들렸어요. “나야, 나! 사과 색깔을 바꾼 건 바로 나, 산소라고.”",
      "srcPage": 16,
      "srcSentenceEA": 4,
      "srcWordEA": 23,
      "character": "사과,소들,나",
      "setting": null,
      "action": "변하게 한 거야,들렸어요,색깔을 바꾼 건",
      "feeling": null,
      "causalRelationship": null,
      "outcomeResolution": "나야,나! 사과 색깔을 바꾼 건 바로 나,산소라고.",
      "prediction": null,
      "plotSummaryInfoCount": 1,
      "plotSummaryInfo": {
        "classification": "자연탐구",
        "readAge": "초등_고학년",
        "form": "long-form",
        "plotSummaryText": "누가 사과를 변하게 한 거냐고 묻자, 어디선가 색깔을 바꾼 건 나, 산소라 말하는 작은 소리가 들렸어요.",
        "textWordEA": 16
      }
    },
    {
      "srcTextID": "11286",
      "srcText": "그런데 손에 잡히지 않아서 나를 가져가기 쉽지 않을 거야. 나를 통에 담아 간다면 모를까. 산소의 말을 들은 염소가 외쳤어요.",
      "srcPage": 18,
      "srcSentenceEA": 3,
      "srcWordEA": 21,
      "character": "손,나,통,염소",
      "setting": null,
      "action": "잡히지 않아서,가져가기 쉽지 않을 거야,담아 간다면,말을 들은,외쳤어요",
      "feeling": null,
      "causalRelationship": null,
      "outcomeResolution": null,
      "prediction": "그런데 손에 잡히지 않아서 나를 가져가기 쉽지 않을 거야.",
      "plotSummaryInfoCount": 1,
      "plotSummaryInfo": {
        "classification": "자연탐구",
        "readAge": "초등_고학년",
        "form": "short-form",
        "plotSummaryText": "손에 잡히지 않아서 가져가기 쉽지 않을 거라며 통에 담아 간다면 모를까 하고 산소가 말했어요.",
        "textWordEA": 14
      }
    },
    {
      "srcTextID": "11287",
      "srcText": "산으로 가 보자. 이름에 산이 들어가니까 산에 있을 것 같아. 소들은 땀을 뻘뻘 흘리며 산에 오르다 잠시 쉬기로 했어요. ",
      "srcPage": 14,
      "srcSentenceEA": 3,
      "srcWordEA": 21,
      "character": "소들",
      "setting": "산",
      "action": "가 보자,있을 것 같아,땀을 뻘뻘 흘리며,오르다,쉬기로 했어요",
      "feeling": null,
      "causalRelationship": null,
      "outcomeResolution": null,
      "prediction": null,
      "plotSummaryInfoCount": 1,
      "plotSummaryInfo": {
        "classification": "자연탐구",
        "readAge": "초등_고학년",
        "form": "short-form",
        "plotSummaryText": "소들은 이름에 산이 들어가니까 산에 있을 거 같다며, 땀을 뻘뻘 흘리며 산에 오르다 잠시 쉬기로 했어요.",
        "textWordEA": 16
      }
    },
    {
      "srcTextID": "11283",
      "srcText": " “내가 가져온 사과야, 한 입씩 나누어 먹자.” 염소가 내민 사과를 얼룩소, 코뿔소가 한 입씩 베어 먹었어요. 그리고 들소도 한 입 베어 먹으려는데, 사과가 연한 갈색으로 변해 있지 뭐예요?",
      "srcPage": 15,
      "srcSentenceEA": 3,
      "srcWordEA": 30,
      "character": "아빠,원준",
      "setting": null,
      "action": "들어,올렸어요,다녀오셨어요",
      "feeling": null,
      "causalRelationship": null,
      "outcomeResolution": null,
      "prediction": null,
      "plotSummaryInfoCount": 1,
      "plotSummaryInfo": {
        "classification": "자연탐구",
        "readAge": "초등_고학년",
        "form": "short-form",
        "plotSummaryText": "염소가 가져온 사과를 얼룩소, 코뿔소가 한 입씩 베어 먹고 들소도 먹으려는데, 사과가 연한 갈색으로 변해 있었다.",
        "textWordEA": 16
      }
    },
    {
      "srcTextID": "11279",
      "srcText": "“으악! 드라이아이스의 크기가 확 줄어들었어.” 그때 이산화 탄소가 말했어요. “아차! 드라이아이스는 냉동실 밖으로 나오면 다시 기체 상태로 변해서 공기 중으로 날아가 버려.”",
      "srcPage": 12,
      "srcSentenceEA": 3,
      "srcWordEA": 25,
      "character": "드라이아이스",
      "setting": "냉동실",
      "action": "줄어들었어,말했어요,밖으로 나오면,기체 상태로 변해서,날아가 버려",
      "feeling": null,
      "causalRelationship": null,
      "outcomeResolution": null,
      "prediction": null,
      "plotSummaryInfoCount": 1,
      "plotSummaryInfo": {
        "classification": "자연탐구",
        "readAge": "초등_고학년",
        "form": "short-form",
        "plotSummaryText": "드라이아이스의 크기가 확 줄어든 것을 보고 드라이아이스는 냉동실 밖으로 나오면 다시 기체 상태로 변해 공기 중으로 날아가 버린다고 이산화 탄소가 말했어요.",
        "textWordEA": 21
      }
    },
    {
      "srcTextID": "11285",
      "srcText": "“산소야, 어디에 있는 거야? 우리는 산소를 가져가야 해.” 하하, 나는 너희 주변 어디에나 있어.",
      "srcPage": 17,
      "srcSentenceEA": 3,
      "srcWordEA": 16,
      "character": "우리,나,너희",
      "setting": "주변,어디에나",
      "action": "가져가야 해,어디에나 있어",
      "feeling": null,
      "causalRelationship": null,
      "outcomeResolution": null,
      "prediction": null,
      "plotSummaryInfoCount": 1,
      "plotSummaryInfo": {
        "classification": "자연탐구",
        "readAge": "초등_고학년",
        "form": "short-form",
        "plotSummaryText": "산소야, 어디에 있는 거야 하고 물으니 나는 너희 주변 어디에나 있다고 말했어요.",
        "textWordEA": 12
      }
    },
    {
      "srcTextID": "11304",
      "srcText": "“흠, 또 나를 찾네. 요즘 나를 찾는 이들이 너무 많아. 뭐 나처럼 깨끗하게 쓸 수 있는 연료는 거의 없으니까.”",
      "srcPage": 32,
      "srcSentenceEA": 3,
      "srcWordEA": 21,
      "character": "나,이들,연료",
      "setting": null,
      "action": "찾네,쓸 수 있는",
      "feeling": null,
      "causalRelationship": null,
      "outcomeResolution": null,
      "prediction": "뭐 나처럼 깨끗하게 쓸 수 있는 연료는 거의 없으니까.",
      "plotSummaryInfoCount": 1,
      "plotSummaryInfo": {
        "classification": "자연탐구",
        "readAge": "초등_고학년",
        "form": "short-form",
        "plotSummaryText": "뭐 나처럼 깨끗하게 쓸 수 있는 연료가 거의 없으니까 요즘 나를 찾는 이들이 너무 많아. ",
        "textWordEA": 15
      }
    },
    {
      "srcTextID": "11291",
      "srcText": "“휴게소로 가자! 내가 휴게소에서 산소가 든 통을 본 적이 있어.” 소들이 휴게소에 도착했어요. 와! 산소통이다. 이제 기구를 탈 수 있어.",
      "srcPage": 19,
      "srcSentenceEA": 6,
      "srcWordEA": 25,
      "character": "내,통,소들,산소통,기구",
      "setting": "휴게소",
      "action": "가자,든,본 적이 있어,도착했어요,탈 수 있어",
      "feeling": null,
      "causalRelationship": null,
      "outcomeResolution": null,
      "prediction": null,
      "plotSummaryInfoCount": 1,
      "plotSummaryInfo": {
        "classification": "자연탐구",
        "readAge": "초등_고학년",
        "form": "long-form",
        "plotSummaryText": "소들은 산소가 든 통을 찾으러 휴게소에 도착해서 산소통을 찾고는 이제 기구를 탈 수 있다며 기뻐했어요.",
        "textWordEA": 15
      }
    },
    {
      "srcTextID": "11296",
      "srcText": "“괜찮아, 다른 소를 찾으면 돼.” 염소, 코뿔소, 들소는 얼룩소를 토닥였지요. “이번에는 질소를 찾으러 가자.”",
      "srcPage": 23,
      "srcSentenceEA": 3,
      "srcWordEA": 15,
      "character": "염소,코뿔소,들소,얼룩소",
      "setting": null,
      "action": "찾으면 돼,토닥였지요,찾으러 가자",
      "feeling": null,
      "causalRelationship": null,
      "outcomeResolution": null,
      "prediction": null,
      "plotSummaryInfoCount": 1,
      "plotSummaryInfo": {
        "classification": "자연탐구",
        "readAge": "초등_고학년",
        "form": "short-form",
        "plotSummaryText": "염소, 코뿔소, 들소는 얼룩소를 토닥이며 괜찮다고 말하고 이번에는 질소를 찾으러 가자고 했어요.",
        "textWordEA": 12
      }
    },
    {
      "srcTextID": "11299",
      "srcText": "어서 기구를 타고 싶은 들소가 친구들을 재촉했어요. 염소가 갑자기 눈을 반짝이더니 말했어요. 질소가 어디에 있는지 떠올랐어.",
      "srcPage": 24,
      "srcSentenceEA": 3,
      "srcWordEA": 18,
      "character": "기구,들소,친구들,염소",
      "setting": null,
      "action": "타고 싶은,재촉했어요,말했어요,떠올랐어",
      "feeling": null,
      "causalRelationship": "염소가 갑자기 눈을 반짝이더니 말했어요. 질소가 어디에 있는지 떠올랐어.",
      "outcomeResolution": null,
      "prediction": null,
      "plotSummaryInfoCount": 1,
      "plotSummaryInfo": {
        "classification": "자연탐구",
        "readAge": "초등_고학년",
        "form": "short-form",
        "plotSummaryText": "어서 기구를 타고 싶은 들소가 친구들을 재촉했는데  갑자기 염소가 눈을 반짝이더니 질소가 어디에 있는지 떠올랐다고 말했어요. ",
        "textWordEA": 17
      }
    },
    {
      "srcTextID": "11298",
      "srcText": "바로 과자 봉지에 들어 있어! “과자 봉지라면 우리 집에 엄청 많아.” 소들은 코뿔소네 집으로 몰려갔어요.",
      "srcPage": 25,
      "srcSentenceEA": 3,
      "srcWordEA": 16,
      "character": "과자 봉지,소들",
      "setting": "우리 집,코뿔소네 집",
      "action": "들어 있어,몰려갔어요",
      "feeling": null,
      "causalRelationship": null,
      "outcomeResolution": null,
      "prediction": null,
      "plotSummaryInfoCount": 1,
      "plotSummaryInfo": {
        "classification": "자연탐구",
        "readAge": "초등_고학년",
        "form": "short-form",
        "plotSummaryText": "소들은 과자 봉지가 많은 코뿔소네 집으로 몰려갔어요.\n",
        "textWordEA": 7
      }
    },
    {
      "srcTextID": "11317",
      "srcText": "그럼 그럼, 조금만 기다리렴.” 아저씨가 웃으며 풍선에 헬륨을 계속 채워 넣었어요. 드디어 풍선에 헬륨이 가득 찼어요.",
      "srcPage": 43,
      "srcSentenceEA": 3,
      "srcWordEA": 18,
      "character": "아저씨,풍선",
      "setting": null,
      "action": "기다리렴,웃으며,채워 넣었어요,가득 찼어요",
      "feeling": null,
      "causalRelationship": null,
      "outcomeResolution": "드디어 풍선에 헬륨이 가득 찼어요.",
      "prediction": null,
      "plotSummaryInfoCount": 1,
      "plotSummaryInfo": {
        "classification": "자연탐구",
        "readAge": "초등_고학년",
        "form": "short-form",
        "plotSummaryText": "아저씨가 웃으며 풍선에 헬륨을 계속 채워 넣자 드디어 풍선에 헬륨이 가득 찼어요.",
        "textWordEA": 12
      }
    },
    {
      "srcTextID": "11319",
      "srcText": "코뿔소, 들소, 염소, 얼룩소가 차례로 기구에 올라탔어요. “자, 준비됐니?” 아저씨가 묻자 소들이 한목소리로 대답했어요. “네!” 아저씨가 기구를 묶은 밧줄을 풀자 두둥실 기구가 떠올랐어요.",
      "srcPage": 44,
      "srcSentenceEA": 4,
      "srcWordEA": 25,
      "character": "코뿔소,들소,염소,얼룩소,기구,아저씨,소들,밧줄",
      "setting": null,
      "action": "올라탔어요,준비됐니,묻자,대답했어요,묶은,풀자,떠올랐어요",
      "feeling": null,
      "causalRelationship": "아저씨가 기구를 묶은 밧줄을 풀자 두둥실 기구가 떠올랐어요.",
      "outcomeResolution": null,
      "prediction": null,
      "plotSummaryInfoCount": 1,
      "plotSummaryInfo": {
        "classification": "자연탐구",
        "readAge": "초등_고학년",
        "form": "long-form",
        "plotSummaryText": "코뿔소, 들소, 염소, 얼룩소가 차례로 기구에 올라타고 아저씨가 기구를 묶은 밧줄을 풀자 두둥실 기구가 떠올랐어요.",
        "textWordEA": 15
      }
    },
    {
      "srcTextID": "11316",
      "srcText": "“우아! 기구가 뜬다!” 기구가 하늘 높이 날아올랐어요. 소들은 꿈을 꾸는 것만 같았어요. 아저씨가 소들에게 손을 흔들었어요.",
      "srcPage": 45,
      "srcSentenceEA": 4,
      "srcWordEA": 20,
      "character": "기구,소들,아저씨,손",
      "setting": null,
      "action": "뜬다,날아올랐어요,흔들었어요",
      "feeling": "꿈을 꾸는 것만 같았어요",
      "causalRelationship": null,
      "outcomeResolution": null,
      "prediction": null,
      "plotSummaryInfoCount": 1,
      "plotSummaryInfo": {
        "classification": "자연탐구",
        "readAge": "초등_고학년",
        "form": "long-form",
        "plotSummaryText": "기구가 하늘 높이 날아오르자 소들은 꿈을 꾸는 것만 같았어요.",
        "textWordEA": 9
      }
    },
    {
      "srcTextID": "11297",
      "srcText": "“이 정도면 기구를 띄울 수 있을 거야.” 코뿔소는 기구를 탈 생각에 좋아하는 과자가 든 봉지를 전부 내놓았어요. 들소는 기뻐하며 덩실덩실 춤을 추었지요.",
      "srcPage": 26,
      "srcSentenceEA": 3,
      "srcWordEA": 24,
      "character": "기구,코뿔소,과자,봉지,들소",
      "setting": null,
      "action": "띄울 수 있을 거야,탈,든,내놓았어요,춤을 추었지요",
      "feeling": "좋아하는,기뻐하며",
      "causalRelationship": null,
      "outcomeResolution": null,
      "prediction": null,
      "plotSummaryInfoCount": 1,
      "plotSummaryInfo": {
        "classification": "자연탐구",
        "readAge": "초등_고학년",
        "form": "short-form",
        "plotSummaryText": "코뿔소는 기구를 탈 생각에 좋아하는 과자가 든 봉지를 전부 내놓았고 들소는 기뻐하며 덩실덩실 춤을 추었지요.",
        "textWordEA": 15
      }
    },
    {
      "srcTextID": "11300",
      "srcText": "그 바람에 소들이 들고 있던 과자 봉지가 와르르 떨어져 소들의 단단한 발굽에 찍혔어요. 과자 봉지는 펑펑 다 터져 버렸어요. 그 안에 들어 있는 질소는 모두 날아가 버렸지요. ",
      "srcPage": 28,
      "srcSentenceEA": 3,
      "srcWordEA": 29,
      "character": "소들,과자 봉지,발굽",
      "setting": null,
      "action": "들고 있던,떨어져,찍혔어요,터져 버렸어요,들어 있는,날아가 버렸지요",
      "feeling": null,
      "causalRelationship": "과자 봉지는 펑펑 다 터져 버렸어요. 그 안에 들어 있는 질소는 모두 날아가 버렸지요.",
      "outcomeResolution": null,
      "prediction": null,
      "plotSummaryInfoCount": 1,
      "plotSummaryInfo": {
        "classification": "자연탐구",
        "readAge": "초등_고학년",
        "form": "short-form",
        "plotSummaryText": "과자 봉지가 떨어지고 소들의 발굽에 찍혀 과자 봉지가 터지면서 그 안에 들어 있는 질소는 모두 날아가 버렸어요.",
        "textWordEA": 17
      }
    },
    {
      "srcTextID": "11302",
      "srcText": "코뿔소가 부서진 과자를 보며 울먹였어요. “아까운 내 과자.” “질소도 다 날아가 버렸어.” ",
      "srcPage": 29,
      "srcSentenceEA": 3,
      "srcWordEA": 12,
      "character": "코뿔소,과자",
      "setting": null,
      "action": "부서진,보며,날아가 버렸어",
      "feeling": "울먹였어요",
      "causalRelationship": null,
      "outcomeResolution": null,
      "prediction": null,
      "plotSummaryInfoCount": 1,
      "plotSummaryInfo": {
        "classification": "자연탐구",
        "readAge": "초등_고학년",
        "form": "short-form",
        "plotSummaryText": "코뿔소는 부서진 과자와 날아간 질소를 보며 울먹였어요.",
        "textWordEA": 7
      }
    },
    {
      "srcTextID": "11305",
      "srcText": "소들은 고개를 푹 숙였지요. 소들은 너무 지치고 목이 말랐어요. 터덜터덜 시냇가로 간 소들은 목을 축이려고 시냇물로 들어갔어요.",
      "srcPage": 30,
      "srcSentenceEA": 3,
      "srcWordEA": 19,
      "character": "소들,시냇물",
      "setting": "시냇가",
      "action": "고개를 푹 숙였지요,목이 말랐어요,간,목을 축이려고,들어갔어요",
      "feeling": null,
      "causalRelationship": null,
      "outcomeResolution": null,
      "prediction": null,
      "plotSummaryInfoCount": 1,
      "plotSummaryInfo": {
        "classification": "자연탐구",
        "readAge": "초등_고학년",
        "form": "short-form",
        "plotSummaryText": "소들은 너무 지치고 목이 말라 목을 축이려고 시냇물로 들어갔어요.",
        "textWordEA": 9
      }
    },
    {
      "srcTextID": "11308",
      "srcText": "그 소리를 듣고 들소가 소리쳤어요. “수소야! 물속에 수소가 있어.” “수소야, 어떻게 하면 널 가져갈 수 있어?”",
      "srcPage": 33,
      "srcSentenceEA": 3,
      "srcWordEA": 17,
      "character": "들소",
      "setting": "물속",
      "action": "소리를 듣고,소리쳤어요,가져갈 수 있어",
      "feeling": null,
      "causalRelationship": null,
      "outcomeResolution": null,
      "prediction": null,
      "plotSummaryInfoCount": 1,
      "plotSummaryInfo": {
        "classification": "자연탐구",
        "readAge": "초등_고학년",
        "form": "short-form",
        "plotSummaryText": "그 소리를 듣고 들소가 어떻게 하면 수소 널 가져갈 수 있냐며 소리쳤어요.",
        "textWordEA": 12
      }
    },
    {
      "srcTextID": "11307",
      "srcText": "“소들아, 왜 울고 있니?” “기구를 띄워야 하는데 수소를 가져갈 수가 없어서요.” 코뿔소가 말하자 아저씨의 눈이 휘둥그레졌어요.",
      "srcPage": 36,
      "srcSentenceEA": 3,
      "srcWordEA": 17,
      "character": "소들,기구,코뿔소,아저씨",
      "setting": null,
      "action": "띄워야 하는데,가져갈 수가 없어서요,말하자,눈이 휘둥그레졌어요",
      "feeling": "울고 있니",
      "causalRelationship": null,
      "outcomeResolution": null,
      "prediction": null,
      "plotSummaryInfoCount": 1,
      "plotSummaryInfo": {
        "classification": "자연탐구",
        "readAge": "초등_고학년",
        "form": "short-form",
        "plotSummaryText": "기구를 띄워야 하는데 수소를 가져갈 수가 없어 운다고 코뿔소가 말하자 아저씨의 눈이 휘둥그레졌어요.",
        "textWordEA": 13
      }
    },
    {
      "srcTextID": "11311",
      "srcText": "“얘들아, 풍선에 들어 있는 기체를 들이마셔 봐.” 맨 먼저 들소가 풍선 속 기체를 들이마셨어요. 아무 맛도 안 나요.",
      "srcPage": 38,
      "srcSentenceEA": 3,
      "srcWordEA": 20,
      "character": "풍선,들소,얘들아",
      "setting": null,
      "action": "들어 있는,들이마셔 봐,들이마셨어요,맛도 안 나요.",
      "feeling": null,
      "causalRelationship": null,
      "outcomeResolution": null,
      "prediction": "얘들아,풍선에 들어 있는 기체를 들이마셔 봐.",
      "plotSummaryInfoCount": 1,
      "plotSummaryInfo": {
        "classification": "자연탐구",
        "readAge": "초등_고학년",
        "form": "short-form",
        "plotSummaryText": "들소가 풍선 속에 들어 있는 기체를 들이마셨는데 아무 맛도 안 난다고 했습니다.",
        "textWordEA": 12
      }
    },
    {
      "srcTextID": "11312",
      "srcText": "어? 음, 음. 아, 아. 아저씨, 제 목소리가 이상해졌어요! 들소가 코맹맹이 소리로 말했어요. “풍선에 들어 있는 헬륨이라는 기체를 마셨기 때문이란다.”",
      "srcPage": 39,
      "srcSentenceEA": 5,
      "srcWordEA": 24,
      "character": "아저씨,들소,풍선",
      "setting": null,
      "action": "말했어요,들어 있는,마셨기",
      "feeling": "이상해졌어요",
      "causalRelationship": "들소가 코맹맹이 소리로 말했어요,풍선에 들어 있는 헬륨이라는 기체를 마셨기 때문이란다.",
      "outcomeResolution": null,
      "prediction": null,
      "plotSummaryInfoCount": 1,
      "plotSummaryInfo": {
        "classification": "자연탐구",
        "readAge": "초등_고학년",
        "form": "long-form",
        "plotSummaryText": "풍선에 들어 있는 헬륨이라는 기체를 마셨기 때문에 들소가 코맹맹이 소리로 말했어요. ",
        "textWordEA": 11
      }
    },
    {
      "srcTextID": "11315",
      "srcText": "아저씨는 헬륨이 든 가스통의 고무관을 풍선에 연결했어요. 소들은 기구를 탈 생각에 마음이 들떴지요. “아저씨, 풍선에 헬륨을 가득가득 채워 주세요.”",
      "srcPage": 42,
      "srcSentenceEA": 3,
      "srcWordEA": 20,
      "character": "아저씨,가스통,고무관,풍선,소들,기구",
      "setting": null,
      "action": "든,연결했어요,탈,채워 주세요",
      "feeling": "마음이 들떴지요",
      "causalRelationship": null,
      "outcomeResolution": null,
      "prediction": null,
      "plotSummaryInfoCount": 1,
      "plotSummaryInfo": {
        "classification": "자연탐구",
        "readAge": "초등_고학년",
        "form": "short-form",
        "plotSummaryText": "아저씨가 헬륨이 든 가스통의 고무관을 풍선에 연결하자 소들은 기구를 탈 생각에 마음이 들떴지요.",
        "textWordEA": 13
      }
    },
    {
      "srcTextID": "11264",
      "srcText": "“우아, 하늘을 나는 기구야! 저걸 타고 여행하면 정말 멋질 것 같아.”  그런데 이게 웬일이에요? 하늘에 떠 있던 기구가 기우뚱하더니 떨어지기 시작했어요.",
      "srcPage": 2,
      "srcSentenceEA": 4,
      "srcWordEA": 25,
      "character": "기구",
      "setting": null,
      "action": "타고,여행하면,떠 있던,기우뚱하더니,떨어지기 시작했어요",
      "feeling": "멋질 것 같아",
      "causalRelationship": null,
      "outcomeResolution": null,
      "prediction": null,
      "plotSummaryInfoCount": 1,
      "plotSummaryInfo": {
        "classification": "자연탐구",
        "readAge": "초등_고학년",
        "form": "long-form",
        "plotSummaryText": "하늘을 나는 기구를 보고 있는데 떠 있던 기구가 기우뚱하더니 떨어지기 시작했어요.",
        "textWordEA": 11
      }
    },
    {
      "srcTextID": "11263",
      "srcText": "“아, 심심해. 여행 가고 싶다.” 염소가 말하자 들소가 고개를 끄덕끄덕했어요. “어? 저게 뭐지?” 그때 얼룩소가 앞발로 하늘을 가리켰어요.",
      "srcPage": 1,
      "srcSentenceEA": 5,
      "srcWordEA": 22,
      "character": "염소,들소,얼룩소,앞발,하늘",
      "setting": null,
      "action": "말하자,고개를 끄덕끄덕했어요,가리켰어요",
      "feeling": "심심해",
      "causalRelationship": null,
      "outcomeResolution": null,
      "prediction": null,
      "plotSummaryInfoCount": 1,
      "plotSummaryInfo": {
        "classification": "자연탐구",
        "readAge": "초등_고학년",
        "form": "long-form",
        "plotSummaryText": "염소가 여행 가고 싶다고 말하자 들소가 고개를 끄덕이고 얼룩소가 앞발로 하늘을 가리켰어요.",
        "textWordEA": 12
      }
    },
    {
      "srcTextID": "11272",
      "srcText": "“저기로 떨어진다! 빨리 가 보자!” 코뿔소가 소리치며 잽싸게 뛰어가자 다른 소들도 우르르 뒤따라갔어요. 맨 먼저 도착한 코뿔소가 땅에 떨어진 기구를 살폈어요.",
      "srcPage": 3,
      "srcSentenceEA": 4,
      "srcWordEA": 24,
      "character": "코뿔소,다른 소들,기구",
      "setting": "저기,땅",
      "action": "떨어진다,가 보자,소리치며,뛰어가자,뒤따라갔어요,먼저 도착한,떨어진,살폈어요",
      "feeling": null,
      "causalRelationship": null,
      "outcomeResolution": null,
      "prediction": null,
      "plotSummaryInfoCount": 1,
      "plotSummaryInfo": {
        "classification": "자연탐구",
        "readAge": "초등_고학년",
        "form": "long-form",
        "plotSummaryText": "코뿔소가 빨리 가보자고 소리치며 뛰어가자 다른 소들도 뒤따라갔고 맨 먼저 도착한 코뿔소가 땅에 떨어진 기구를 살폈어요.",
        "textWordEA": 16
      }
    },
    {
      "srcTextID": "11273",
      "srcText": "“풍선에 들어 있던 기체가 다 빠져 버렸어. 어떻게 하지?” 똑똑한 염소가 말했어요. “내가 책에서 본 적이 있는데 무슨 소를 넣으면 기구가 뜬대.”",
      "srcPage": 4,
      "srcSentenceEA": 4,
      "srcWordEA": 24,
      "character": "풍선,염소,책,기구",
      "setting": null,
      "action": "들어 있던,빠져 버렸어,말했어요,본,넣으면,뜬대",
      "feeling": null,
      "causalRelationship": null,
      "outcomeResolution": null,
      "prediction": null,
      "plotSummaryInfoCount": 1,
      "plotSummaryInfo": {
        "classification": "자연탐구",
        "readAge": "초등_고학년",
        "form": "long-form",
        "plotSummaryText": "똑똑한 염소가 풍선에 있던 기체가 빠졌다고 말했어요.",
        "textWordEA": 7
      }
    },
    {
      "srcTextID": "11270",
      "srcText": "“뭐? 소를 넣는다고?” 소들의 눈이 왕방울만 해졌어요. “응! 그 소는 눈에 보이지 않고, 아무리 넓은 곳에 넣어도 가득 찬대.” 염소가 한참 머리를 쥐어짜더니 번뜩 생각이 난 듯 말했어요.",
      "srcPage": 5,
      "srcSentenceEA": 4,
      "srcWordEA": 32,
      "character": "소,눈,염소,소들",
      "setting": null,
      "action": "넣는다고,왕방울만 해졌어요,보이지 않고,넣어도,가득 찬대,머리를 쥐어짜더니,말했어요",
      "feeling": null,
      "causalRelationship": null,
      "outcomeResolution": null,
      "prediction": null,
      "plotSummaryInfoCount": 1,
      "plotSummaryInfo": {
        "classification": "자연탐구",
        "readAge": "초등_고학년",
        "form": "long-form",
        "plotSummaryText": "염소가 그 소는 눈에 보이지 않고, 넓은 곳에 넣어도 가득 찬다고 말했어요.",
        "textWordEA": 12
      }
    },
    {
      "srcTextID": "11271",
      "srcText": "“아! 이산화 탄소, 산소, 질소, 수소! 분명 이 가운데 하나일 거야.” 들소가 앞장서며 말했어요.",
      "srcPage": 6,
      "srcSentenceEA": 3,
      "srcWordEA": 17,
      "character": "들소",
      "setting": null,
      "action": "앞장서며,말했어요",
      "feeling": null,
      "causalRelationship": null,
      "outcomeResolution": null,
      "prediction": "분명 이 가운데 하나일 거야.",
      "plotSummaryInfoCount": 1,
      "plotSummaryInfo": {
        "classification": "자연탐구",
        "readAge": "초등_고학년",
        "form": "short-form",
        "plotSummaryText": "들소가 이산화 탄소, 산소, 질소, 수소 중 하나일 거라고 말했어요.",
        "textWordEA": 10
      }
    },
    {
      "srcTextID": "11276",
      "srcText": "“하나씩 다 찾아 보면 되지! 어서 보이지 않는 소를 찾으러 가자!” 소들은 마을로 내려가 이산화 탄소부터 찾기로 했어요. ",
      "srcPage": 7,
      "srcSentenceEA": 3,
      "srcWordEA": 20,
      "character": "소",
      "setting": "마을",
      "action": "찾아 보면,보이지 않는,찾으러 가자,내려가,찾기로 했어요",
      "feeling": null,
      "causalRelationship": null,
      "outcomeResolution": null,
      "prediction": null,
      "plotSummaryInfoCount": 1,
      "plotSummaryInfo": {
        "classification": "자연탐구",
        "readAge": "초등_고학년",
        "form": "short-form",
        "plotSummaryText": "소들은 마을로 내려가  보이지 않는 이산화 탄소부터 찾기로 했어요.",
        "textWordEA": 10
      }
    },
    {
      "srcTextID": "11275",
      "srcText": "“좋아, 아이스크림 냉장고 안에 하얀 드라이아이스가 있어. 내가 얼어 있는 거니까 그걸 가져가면 될 거야.” 소들은 신이 나서 드라이아이스를 자루에 담았어요.",
      "srcPage": 10,
      "srcSentenceEA": 3,
      "srcWordEA": 23,
      "character": "아이스크림 냉장고,드라이아이스,소들,자루",
      "setting": null,
      "action": "얼어 있는 거니까,가져가면 될 거야,담았어요",
      "feeling": "좋아,신이 나서",
      "causalRelationship": null,
      "outcomeResolution": null,
      "prediction": null,
      "plotSummaryInfoCount": 1,
      "plotSummaryInfo": {
        "classification": "자연탐구",
        "readAge": "초등_고학년",
        "form": "short-form",
        "plotSummaryText": "소들은 신이 나서 아이스크림 냉장고 안에 얼어 있는 하얀 드라이아이스를 자루에 담았어요.",
        "textWordEA": 12
      }
    },
    {
      "srcTextID": "11280",
      "srcText": "소들은 기구를 탈 생각에 신이 났어요. 기구 앞에 도착하자 얼룩소가 자루를 풀어 안을 보았어요. 그런데 뭔가 이상했어요.",
      "srcPage": 11,
      "srcSentenceEA": 3,
      "srcWordEA": 19,
      "character": "소들,기구,얼룩소,자루",
      "setting": "기구 앞",
      "action": "탈,도착하자,풀어,안을 보았어요",
      "feeling": "신이 났어요,이상했어요",
      "causalRelationship": null,
      "outcomeResolution": null,
      "prediction": null,
      "plotSummaryInfoCount": 1,
      "plotSummaryInfo": {
        "classification": "자연탐구",
        "readAge": "초등_고학년",
        "form": "short-form",
        "plotSummaryText": "소들은 기구를 탈 생각에 신이 나서 기구 앞에 도착하자 자루를 풀어 안을 보았는데 뭔가 이상했어요.",
        "textWordEA": 15
      }
    },
    {
      "srcTextID": "11293",
      "srcText": "어서 가지고 가자. 소들은 쿵쿵거리며 산을 내달렸어요. 그런데 얼마 가지 못하고 얼룩소가 풀썩 쓰러졌어요.",
      "srcPage": 20,
      "srcSentenceEA": 3,
      "srcWordEA": 16,
      "character": "소들,얼룩소",
      "setting": "산",
      "action": "가지고 가자,내달렸어요,얼마 가지 못하고,쓰러졌어요",
      "feeling": null,
      "causalRelationship": null,
      "outcomeResolution": null,
      "prediction": null,
      "plotSummaryInfoCount": 1,
      "plotSummaryInfo": {
        "classification": "자연탐구",
        "readAge": "초등_고학년",
        "form": "short-form",
        "plotSummaryText": "소들은 쿵쿵거리며 산을 내달렸는데 얼마 가지 못하고 얼룩소가 풀썩 쓰러졌어요.",
        "textWordEA": 10
      }
    },
    {
      "srcTextID": "11290",
      "srcText": " “난 이렇게 빨리 뛰어 본 적이 없어. 헉헉, 너무 숨이 차.” “빨리, 빨리! 산소통이 필요해! 염소가 산소통에 달린 산소마스크를 얼룩소의 입에 대 주었어요.",
      "srcPage": 21,
      "srcSentenceEA": 5,
      "srcWordEA": 26,
      "character": "난,산소통,염소,산소마스크,얼룩소",
      "setting": null,
      "action": "뛰어 본 적이 없어,달린,입에 대 주었어요",
      "feeling": null,
      "causalRelationship": null,
      "outcomeResolution": null,
      "prediction": null,
      "plotSummaryInfoCount": 1,
      "plotSummaryInfo": {
        "classification": "자연탐구",
        "readAge": "초등_고학년",
        "form": "long-form",
        "plotSummaryText": "얼룩소가 이렇게 빨리 뛰어 본 적이 없어 너무 숨이 차다고 말하니까 염소가 산소통에 달린 산소마스크를 얼룩소의 입에 대 주었어요.\n",
        "textWordEA": 19
      }
    },
    {
      "srcTextID": "11292",
      "srcText": "산소를 마신 얼룩소는 다시 숨을 고르게 쉬었어요. “휴, 고마워. 그런데 산소를 다 써서 어떡해.” 얼룩소는 친구들에게 미안했어요.",
      "srcPage": 22,
      "srcSentenceEA": 4,
      "srcWordEA": 19,
      "character": "얼룩소,친구들",
      "setting": null,
      "action": "마신,숨을 고르게 쉬었어요,다 써서",
      "feeling": "고마워,미안했어요",
      "causalRelationship": null,
      "outcomeResolution": null,
      "prediction": null,
      "plotSummaryInfoCount": 1,
      "plotSummaryInfo": {
        "classification": "자연탐구",
        "readAge": "초등_고학년",
        "form": "long-form",
        "plotSummaryText": "산소를 마신 얼룩소는 다시 숨을 고르게 쉬었지만 산소를 다 써서 친구들에게 미안했어요.",
        "textWordEA": 12
      }
    },
    {
      "srcTextID": "11301",
      "srcText": "소들은 과자 봉지를 나누어 들고 밖으로 나갔어요. 그런데 갑자기 마른번개가 번쩍, 천둥소리가 쾅쾅 울렸어요. “엄마야!” 소들은 깜짝 놀라 소리를 지르며 펄쩍 뛰었어요.",
      "srcPage": 27,
      "srcSentenceEA": 3,
      "srcWordEA": 24,
      "character": "소들,과자 봉지,번개,천둥",
      "setting": "밖",
      "action": "나누어 들고,나갔어요,울렸어요,소리를 지르며,뛰었어요",
      "feeling": "깜짝 놀라",
      "causalRelationship": null,
      "outcomeResolution": null,
      "prediction": null,
      "plotSummaryInfoCount": 1,
      "plotSummaryInfo": {
        "classification": "자연탐구",
        "readAge": "초등_고학년",
        "form": "short-form",
        "plotSummaryText": "과자 봉지를 나누어 들고 나가는데  갑자기 마른번개가 번쩍, 천둥소리가 쾅쾅 울리자 소들은 깜짝 놀라 소리를 지르며 펄쩍 뛰었어요.",
        "textWordEA": 19
      }
    },
    {
      "srcTextID": "11303",
      "srcText": "“수소를 찾아야 해. 수소는 절대 놓치면 안 돼.” 들소가 다짐하듯 말했어요. 그때 시냇물 속에서 작은 소리가 들렸어요.",
      "srcPage": 31,
      "srcSentenceEA": 4,
      "srcWordEA": 20,
      "character": "들소",
      "setting": "시냇물 속",
      "action": "찾아야 해,놓치면 안 돼,말했어요,소리가 들렸어요",
      "feeling": "다짐하듯",
      "causalRelationship": null,
      "outcomeResolution": null,
      "prediction": null,
      "plotSummaryInfoCount": 1,
      "plotSummaryInfo": {
        "classification": "자연탐구",
        "readAge": "초등_고학년",
        "form": "long-form",
        "plotSummaryText": "들소가 수소는 절대 놓치면 안 된다고 다짐하듯 말했는데 그때 시냇물 속에서 작은 소리가 들렸어요.",
        "textWordEA": 14
      }
    },
    {
      "srcTextID": "11310",
      "srcText": "“아이코, 수소는 쉽게 폭발해서 위험해. 대신 내가 기구를 띄울 수 있는 다른 걸 줄게.” 아저씨는 수레에 매달린 풍선을 소들에게 나누어 주었어요. ",
      "srcPage": 37,
      "srcSentenceEA": 3,
      "srcWordEA": 23,
      "character": "기구,아저씨,수레,소들,풍선",
      "setting": null,
      "action": "폭발해서,띄울 수 있는,줄게,매달린,나누어 주었어",
      "feeling": null,
      "causalRelationship": null,
      "outcomeResolution": null,
      "prediction": null,
      "plotSummaryInfoCount": 1,
      "plotSummaryInfo": {
        "classification": "자연탐구",
        "readAge": "초등_고학년",
        "form": "short-form",
        "plotSummaryText": "아저씨는 수소는 쉽게 폭발해서 위험하니 기구를 띄울 수 있는 다른 걸 주신다며 수레에 매달린 풍선을 소들에게 나누어 주었어요.",
        "textWordEA": 18
      }
    },
    {
      "srcTextID": "11314",
      "srcText": "소들은 너도나도 헬륨을 마시고 이상한 목소리를 냈어요. 울음바다가 금세 한바탕 웃음바다로 변했어요. “이 헬륨을 넣으면 훨씬 안전하게 기구를 띄울 수 있단다.”",
      "srcPage": 40,
      "srcSentenceEA": 3,
      "srcWordEA": 22,
      "character": "소들,기구",
      "setting": null,
      "action": "마시고,목소리를 냈어요,변했어요,넣으면,띄울 수 있단다",
      "feeling": "이상한,울음바다,웃음바다,안전하게",
      "causalRelationship": null,
      "outcomeResolution": null,
      "prediction": null,
      "plotSummaryInfoCount": 1,
      "plotSummaryInfo": {
        "classification": "자연탐구",
        "readAge": "초등_고학년",
        "form": "short-form",
        "plotSummaryText": "소들은 헬륨을 마시고 이상한 목소리를 내자 울음바다가 금세 한바탕 웃음바다로 변했어요.",
        "textWordEA": 11
      }
    }
  ]
}