{
  "title": "우리 아빠는 농업 기술자",
  "author": "신지윤",
  "illustrator": "배혜영",
  "isbn": "9791165433635",
  "publishedYear": 2021,
  "publisher": "아람키즈",
  "paragraphInfoCount": 18,
  "paragraphInfo": [
    {
      "srcTextID": "7361",
      "srcText": "새로운 포도, 맛있는 포도를 만들어요. 포도 기르는 방법을 농부들에게 가르쳐 주어요. 아하! 아빠 오리는 농업 기술자였구나!",
      "srcPage": 13,
      "srcSentenceEA": 4,
      "srcWordEA": 19,
      "character": "포도,농부들,아빠 오리,농업 기술자",
      "setting": null,
      "action": "만들어요,가르쳐",
      "feeling": "맛있는",
      "causalRelationship": null,
      "outcomeResolution": null,
      "prediction": null,
      "plotSummaryInfoCount": 1,
      "plotSummaryInfo": {
        "classification": "자연탐구",
        "readAge": "초등_고학년",
        "form": "long-form",
        "plotSummaryText": "아빠 오리는 새로운 맛있는 포도를 만드는 방법을 가르쳐주는 농업 기술자였습니다.",
        "textWordEA": 10
      }
    },
    {
      "srcTextID": "7303",
      "srcText": "개굴이는 동물 마을의 탐정이에요. 마을에 어려운 문제가 생기면 누구나 개굴 탐정소에 찾아왔어요. 개굴 탐정과 악어 조수는 아무리 어려운 사건도 척척 해결해 주었거든요.",
      "srcPage": 1,
      "srcSentenceEA": 3,
      "srcWordEA": 24,
      "character": "개굴이,탐정,문제,악어 조수",
      "setting": "마을,개굴 탐정소",
      "action": "찾아왔어요,해결해",
      "feeling": null,
      "causalRelationship": null,
      "outcomeResolution": null,
      "prediction": null,
      "plotSummaryInfoCount": 1,
      "plotSummaryInfo": {
        "classification": "자연탐구",
        "readAge": "초등_고학년",
        "form": "short-form",
        "plotSummaryText": "개굴이는 악어 조수와 함께 아무리 어려운 사건도 척척 해결해 주는 동물 마을의 탐정입니다.",
        "textWordEA": 13
      }
    },
    {
      "srcTextID": "7356",
      "srcText": "“아냐, 아냐! 아빠는 선생님이라니까!” 넷째 오리가 발을 쿵쿵 구르며 소리쳤어요. “아빠는 선생님이에요. 다른 아저씨들이 우리 아빠한테 포도 기르는 법을 배우는걸요.” 아기 오리들의 이야기를 모두 들은 개굴 탐정은 한동안 깊은 생각에 빠졌어요.",
      "srcPage": 8,
      "srcSentenceEA": 6,
      "srcWordEA": 35,
      "character": "아빠,선생님,넷째 오리,다른 아저씨,포도,아기 오리들,개굴 탐정",
      "setting": null,
      "action": "구르며,소리쳤어요,기르는,배우는,들은",
      "feeling": null,
      "causalRelationship": null,
      "outcomeResolution": null,
      "prediction": null,
      "plotSummaryInfoCount": 1,
      "plotSummaryInfo": {
        "classification": "자연탐구",
        "readAge": "초등_고학년",
        "form": "long-form",
        "plotSummaryText": "그때 넷째 오리가 아빠는 포도 기르는 법을 알려주는 선생님이라며 소리쳤습니다.",
        "textWordEA": 10
      }
    },
    {
      "srcTextID": "7357",
      "srcText": "“이건 너무 어려운 사건이에요.” 악어 조수는 고개를 절레절레 흔들었어요. “아빠 오리가 어떤 일을 하는지는 몰라도 포도와 관계가 있는 것은 분명해. 꽥꽥 씨에게 물어봐야겠어.”",
      "srcPage": 9,
      "srcSentenceEA": 4,
      "srcWordEA": 25,
      "character": "악어 조수,아빠 오리,포도,꽥꽥 씨",
      "setting": null,
      "action": "흔들었어요,물어봐야겠어",
      "feeling": "어려운",
      "causalRelationship": null,
      "outcomeResolution": null,
      "prediction": null,
      "plotSummaryInfoCount": 1,
      "plotSummaryInfo": {
        "classification": "자연탐구",
        "readAge": "초등_고학년",
        "form": "long-form",
        "plotSummaryText": "악어 조수는 너무 어려운 사건이라 말했지만, 개굴 탐정은 아빠 오리가 포도와 관계가 있다는 생각이 들었습니다.",
        "textWordEA": 15
      }
    },
    {
      "srcTextID": "7304",
      "srcText": "“괜찮아, 괜찮아. 우리가 집을 찾아 줄게.” 하지만 아기 오리들은 집 주소도, 전화번호도, 엄마 아빠의 이름도 알지 못했어요. 개굴 탐정은 좋은 생각이 떠올랐어요.",
      "srcPage": 3,
      "srcSentenceEA": 4,
      "srcWordEA": 25,
      "character": "우리,집,아기 오리,집 주소,전화번호,개굴 탐정,엄마 아빠의 이름",
      "setting": null,
      "action": "찾아,떠올랐어요",
      "feeling": "괜찮아,좋은",
      "causalRelationship": null,
      "outcomeResolution": null,
      "prediction": null,
      "plotSummaryInfoCount": 1,
      "plotSummaryInfo": {
        "classification": "자연탐구",
        "readAge": "초등_고학년",
        "form": "long-form",
        "plotSummaryText": "집 주소도, 전화번호도, 엄마 아빠의 이름도 알지 못하는 아기 오리들을 보고, 개굴 탐정은 좋은 생각이 떠올랐습니다.",
        "textWordEA": 16
      }
    },
    {
      "srcTextID": "7354",
      "srcText": "“아빠가 음악을 하신다고?” 둘째 오리가 대답했어요. “우리 아빠는요, 포도나무에게 음악을 들려줘요. 좋은 음악을 들려주면 포도가 더 잘 자란대요.”",
      "srcPage": 6,
      "srcSentenceEA": 4,
      "srcWordEA": 20,
      "character": "아빠,음악,둘째 오리,우리 아빠,포도나무",
      "setting": null,
      "action": "하신다고,대답했어요,들려줘요",
      "feeling": "좋은",
      "causalRelationship": null,
      "outcomeResolution": null,
      "prediction": null,
      "plotSummaryInfoCount": 1,
      "plotSummaryInfo": {
        "classification": "자연탐구",
        "readAge": "초등_고학년",
        "form": "long-form",
        "plotSummaryText": "둘째 오리는 아빠가 포도가 더 잘 자라게 포도나무에게 음악을 들려준다고 말했습니다.",
        "textWordEA": 11
      }
    },
    {
      "srcTextID": "7355",
      "srcText": "“아빠가 어떤 음식을 만드시니?” 셋째 오리가 대답했어요. “포도로 주스도 만들고, 잼도 만들어요. 아빠가 만든 포도 주스가 제일 맛있어요.” 개굴 탐정은 고개를 끄덕끄덕, 악어 조수는 침을 꼴깍 삼켰지요.",
      "srcPage": 7,
      "srcSentenceEA": 5,
      "srcWordEA": 30,
      "character": "아빠,셋째 오리,포도,주스,잼,개굴 탐정,악어 조수",
      "setting": null,
      "action": "만드시니,대답했어요,만들고,삼켰지요",
      "feeling": "맛있어요",
      "causalRelationship": null,
      "outcomeResolution": null,
      "prediction": null,
      "plotSummaryInfoCount": 1,
      "plotSummaryInfo": {
        "classification": "자연탐구",
        "readAge": "초등_고학년",
        "form": "long-form",
        "plotSummaryText": "셋째 오리는 아빠가 포도 주스와 잼을 만든다고 했습니다.",
        "textWordEA": 8
      }
    },
    {
      "srcTextID": "7358",
      "srcText": "개굴 탐정은 깜짝 놀랐어요. 뒤에서 나타난 꽥꽥 씨가 붙잡아 주지 않았다면 개굴 탐정은 꽈당! 엉덩방아를 찧었을지도 몰라요.",
      "srcPage": 11,
      "srcSentenceEA": 3,
      "srcWordEA": 19,
      "character": "개굴 탐정,꽥꽥 씨",
      "setting": null,
      "action": "붙잡아",
      "feeling": "놀랐어요",
      "causalRelationship": null,
      "outcomeResolution": null,
      "prediction": null,
      "plotSummaryInfoCount": 1,
      "plotSummaryInfo": {
        "classification": "자연탐구",
        "readAge": "초등_고학년",
        "form": "short-form",
        "plotSummaryText": "깜짝 놀란 개굴 탐정은 엉덩방아를 찧을 뻔하였지만, 뒤에서 꽥꽥 씨가 붙잡아 주었습니다.",
        "textWordEA": 12
      }
    },
    {
      "srcTextID": "7305",
      "srcText": "어느 여름날이었어요. 따르릉! 전화가 걸려 왔지요. “개굴 탐정 소지요? 아기 오리 네 마리가 길을 잃어 울고 있어요.” 개굴 탐정과 악어 조수는 재빨리 달려갔어요.",
      "srcPage": 2,
      "srcSentenceEA": 6,
      "srcWordEA": 27,
      "character": "전화,아기 오리,개굴 탐정,악어 조수",
      "setting": "여름날,개굴 탐정소",
      "action": "잃어,울고,달려갔어요",
      "feeling": null,
      "causalRelationship": null,
      "outcomeResolution": null,
      "prediction": null,
      "plotSummaryInfoCount": 1,
      "plotSummaryInfo": {
        "classification": "자연탐구",
        "readAge": "초등_고학년",
        "form": "long-form",
        "plotSummaryText": "어느 여름날 아기 오리 네 마리가 길을 잃어 울고 있다는 전화가 걸려와 개굴 탐정과 악어 조수는 재빨리 달려갔습니다.",
        "textWordEA": 18
      }
    },
    {
      "srcTextID": "7352",
      "srcText": "개굴 탐정과 악어 조수는 아기 오리들을 탐정소로 데려왔어요. 그러고는 발명가이고 음악가이며, 요리사이자 선생님인 오리를 찾아보았지요. 하지만 어디에도 그런 오리는 없었어요.",
      "srcPage": 4,
      "srcSentenceEA": 3,
      "srcWordEA": 22,
      "character": "개굴 탐정,악어 조수,아기 오리들,발명가,음악가,요리사,선생님,오리",
      "setting": "탐정소",
      "action": "데려왔어요,찾아",
      "feeling": null,
      "causalRelationship": null,
      "outcomeResolution": null,
      "prediction": null,
      "plotSummaryInfoCount": 1,
      "plotSummaryInfo": {
        "classification": "자연탐구",
        "readAge": "초등_고학년",
        "form": "short-form",
        "plotSummaryText": "개굴 탐정과 악어 조수는 우선 아기 오리들을 탐정소로 데려온 후 발명가이고 음악가이며, 요리사이자 선생님인 오리를 찾아보았지만, 어디에도 그런 오리는 없었어요.",
        "textWordEA": 20
      }
    },
    {
      "srcTextID": "7353",
      "srcText": "개굴 탐정은 아기 오리들에게 더 자세히 물어보기로 했어요. “아빠가 어떤 것을 발명하시니?” 첫째 오리가 대답했어요. “아주아주 큰 포도, 노란색 포도, 껍질째 먹는 포도까지! 신기하고 맛있는 포도를 만들어요.”",
      "srcPage": 5,
      "srcSentenceEA": 5,
      "srcWordEA": 29,
      "character": "개굴 탐정,아기 오리들,아빠,첫째 오리,포도",
      "setting": null,
      "action": "물어보기로,발명하시니,대답했어요,만들어요",
      "feeling": "신기하고,맛있는",
      "causalRelationship": null,
      "outcomeResolution": null,
      "prediction": null,
      "plotSummaryInfoCount": 1,
      "plotSummaryInfo": {
        "classification": "자연탐구",
        "readAge": "초등_고학년",
        "form": "long-form",
        "plotSummaryText": "개굴 탐정은 아기 오리들에게 더 자세히 아빠가 어떤 것을 발명하셨는지 물어보았고 첫째 오리가 신기하고 맛있는 포도를 만든다고 말했습니다.",
        "textWordEA": 18
      }
    },
    {
      "srcTextID": "7359",
      "srcText": "개굴 탐정은 아기 오리들을 태우고 꽥꽥 씨의 포도 농장으로 갔어요. 농장에 도착한 아기 오리들은 갑자기 신이 나서 소리쳤어요. “와, 우리 집이다!” “여기가 너희 집이라고?”",
      "srcPage": 10,
      "srcSentenceEA": 4,
      "srcWordEA": 25,
      "character": "개굴 탐정,아기 오리들,꽥꽥 씨",
      "setting": "포도 농장",
      "action": "태우고,갔어요,소리쳤어요",
      "feeling": "신이 나서",
      "causalRelationship": null,
      "outcomeResolution": null,
      "prediction": null,
      "plotSummaryInfoCount": 1,
      "plotSummaryInfo": {
        "classification": "자연탐구",
        "readAge": "초등_고학년",
        "form": "long-form",
        "plotSummaryText": "개굴 탐정은 아기 오리들과 꽥꽥 씨의 포도 농장으로 갔고, 농장에 도착한 아기 오리들은 우리 집이라며 신나서 소리쳤습니다.",
        "textWordEA": 17
      }
    },
    {
      "srcTextID": "7360",
      "srcText": "개굴 탐정이 정신을 차리자, 꽥꽥 씨는 포도 농장을 구경시켜 주었어요. 좋은 음악을 들려주면 포도가 더 잘 자라요. 포도로 맛있는 잼과 주스를 만들어서 팔아요.",
      "srcPage": 12,
      "srcSentenceEA": 3,
      "srcWordEA": 25,
      "character": "개굴 탐정,꽥꽥 씨,음악,잼,주스,포도",
      "setting": "포도 농장",
      "action": "구경시켜,만들어서,팔아요",
      "feeling": "좋은,맛있는",
      "causalRelationship": "좋은 음악을 들려주면 포도가 더 잘 자라요.",
      "outcomeResolution": null,
      "prediction": null,
      "plotSummaryInfoCount": 1,
      "plotSummaryInfo": {
        "classification": "자연탐구",
        "readAge": "초등_고학년",
        "form": "short-form",
        "plotSummaryText": "꽥꽥 씨는 개굴 탐정에게 포도 농장을 구경시켜 주었고, 좋은 음악을 들려주면 포도가 더 잘 자라고 그 포도로 맛있는 잼과 주스를 만들어서 판다고 했어요.",
        "textWordEA": 23
      }
    },
    {
      "srcTextID": "7362",
      "srcText": "개굴 탐정과 악어 조수는 꽥꽥 씨가 키운 포도를 실컷 먹었어요. 달콤한 포도주스와 잼도 선물로 받았지요. 탐정소로 돌아가는 길에 개굴 탐정은 아기 오리들에게 살짝 속삭였어요. “이제부터 아빠 직업이 뭐냐고 누가 물어보면, 농업 기술자라고 대답하렴!”",
      "srcPage": 14,
      "srcSentenceEA": 4,
      "srcWordEA": 35,
      "character": "개굴 탐정,악어 조수,꽥꽥 씨,포도,포도주스,잼,아기 오리들,농업 기술자",
      "setting": null,
      "action": "먹었어요,받았지요,속삭였어요,물어보면",
      "feeling": null,
      "causalRelationship": null,
      "outcomeResolution": null,
      "prediction": null,
      "plotSummaryInfoCount": 1,
      "plotSummaryInfo": {
        "classification": "자연탐구",
        "readAge": "초등_고학년",
        "form": "long-form",
        "plotSummaryText": "개굴 탐정과 악어 조수는 아기 오리들에게 아빠의 직업은 농업 기술자라고 알려주었습니다.",
        "textWordEA": 11
      }
    },
    {
      "srcTextID": "128721",
      "srcText": "무슨 일을 하나요? 농업 기술에 정보 통신 기술을 적용하여 언제 어디서든지 농작물과 가축을 관리할 수 있는 농장을 개발하고 농업 종사자에게 알리는 일을 해요. 농업과 정보 통신 분야의 지식을 바탕으로 스마트 팜과 관련된 전문적인 교육을 받은 후, 연구소나 대학교, 스마트 팜 장치를 만드는 기업 등에서 활동할 수 있어요.",
      "srcPage": 18,
      "srcSentenceEA": 3,
      "srcWordEA": 49,
      "character": "농작물,가축,농업 종사자",
      "setting": "농장,연구소,대학교",
      "action": "개발하고,교육을 받은 후",
      "feeling": null,
      "causalRelationship": null,
      "outcomeResolution": null,
      "prediction": null,
      "plotSummaryInfoCount": 1,
      "plotSummaryInfo": {
        "classification": "자연탐구",
        "readAge": "초등_고학년",
        "form": "short-form",
        "plotSummaryText": "정보 통신 기술을 적용하여 농작물과 가축을 관리할 수 있는 농장을 개발하며, 전문적인 교육을 받은 후 연구소나 대학교 등에서 활동할 수 있습니다.",
        "textWordEA": 21
      }
    },
    {
      "srcTextID": "128715",
      "srcText": "“얘들아, 아빠가 어떤 일을 하시니?” 아기 오리들은 잠시 생각했어요. 첫째 오리는 “발명가예요!”, 둘째 오리는 “음악가예요.”, 셋째 오리는 “요리사요!”, 넷째 오리는 “아냐, 선생님이야!” 하고 대답했지요.",
      "srcPage": 15,
      "srcSentenceEA": 8,
      "srcWordEA": 30,
      "character": "아빠,아기 오리,첫째 오리,발명가,둘째 오리,음악가,셋째 오리,요리사,넷째오리,선생님",
      "setting": null,
      "action": "생각했어요,대답했지요",
      "feeling": null,
      "causalRelationship": null,
      "outcomeResolution": null,
      "prediction": null,
      "plotSummaryInfoCount": 1,
      "plotSummaryInfo": {
        "classification": "자연탐구",
        "readAge": "초등_고학년",
        "form": "long-form",
        "plotSummaryText": "아빠가 어떤 일을 하시는지 물었고, 아기 오리들은 잠시 생각하다가 대답했습니다.",
        "textWordEA": 10
      }
    },
    {
      "srcTextID": "128717",
      "srcText": "어떻게 농업을 시작하게 되었나요? 취미로 유기농 사과를 키우다가 농업을 시작하게 되었어요. 벌레 먹은 사과를 거둔 적이 있는데, 그 과정에서 화학 비료 없이 안전하게 과일을 거둘 수 있는 방법에 대해 고민하면서 농업에 매력을 느꼈어요.",
      "srcPage": 16,
      "srcSentenceEA": 3,
      "srcWordEA": 35,
      "character": "유기농,사과,농업,벌레 먹은 사과,화학 비료",
      "setting": null,
      "action": "키우다가,시작하게,거둔 적이 있는데",
      "feeling": "안전하게",
      "causalRelationship": null,
      "outcomeResolution": null,
      "prediction": null,
      "plotSummaryInfoCount": 1,
      "plotSummaryInfo": {
        "classification": "자연탐구",
        "readAge": "초등_고학년",
        "form": "short-form",
        "plotSummaryText": "유기농 사과를 키우려고 농업을 시작했고, 벌레 먹은 사과를 거둔 적 있는데 그 과정에서 화학 비료 없이 안전하게 거둘 수 있는 방법을 고민하며 농업에 매력을 느꼈습니다.",
        "textWordEA": 25
      }
    },
    {
      "srcTextID": "128719",
      "srcText": "어떤 농산물을 키우나요? 포도와 사과를 키우고 있어요. 요즘은 첨단 과학 기술을 이용한 농사법을 배워서 병해충을 과학적으로 예측하고, 좋은 씨앗을 보급하기 위해 노력하고 있어요.",
      "srcPage": 17,
      "srcSentenceEA": 3,
      "srcWordEA": 25,
      "character": "포도,사과,첨단 과학 기술,농사법,병해충,씨앗",
      "setting": null,
      "action": "키우고 있어요,예측하고,노력하고",
      "feeling": "좋은",
      "causalRelationship": null,
      "outcomeResolution": null,
      "prediction": null,
      "plotSummaryInfoCount": 1,
      "plotSummaryInfo": {
        "classification": "자연탐구",
        "readAge": "초등_고학년",
        "form": "short-form",
        "plotSummaryText": "포도와 사과를 키우며, 첨단 과학 기술을 이용해 병해충을 과학적으로 예측하고 좋은 씨앗을 위해 노력하고 있습니다.",
        "textWordEA": 15
      }
    }
  ]
}