{
  "title": "정의를 밝히는 너구리 변호사",
  "author": "윤민재",
  "illustrator": "최철민",
  "isbn": "9788998212964",
  "publishedYear": 2012,
  "publisher": "한얼에듀",
  "paragraphInfoCount": 16,
  "paragraphInfo": [
    {
      "srcTextID": "4149",
      "srcText": "바스락, 낙엽이 떨어지는 소리고요. 타닥타닥! 그런데 이 소리는 무엇일까요? 아하, 너구리 집 벽난로에서 장작이 타는 소리였군요.",
      "srcPage": 1,
      "srcSentenceEA": 4,
      "srcWordEA": 19,
      "character": "낙엽,너구리,장작",
      "setting": "집,벽난로",
      "action": "떨어지는,타는",
      "feeling": null,
      "causalRelationship": null,
      "outcomeResolution": null,
      "prediction": null,
      "plotSummaryInfoCount": 1,
      "plotSummaryInfo": {
        "classification": "자연탐구",
        "readAge": "초등_고학년",
        "form": "long-form",
        "plotSummaryText": "너구리 집 벽난로에서 타닥타닥 장작이 타는 소리가 납니다.",
        "textWordEA": 8
      }
    },
    {
      "srcTextID": "4152",
      "srcText": "“얘야, 아빠 이야기를 들어 보렴. 다람쥐가 가을 동안 쉬지 않고 열심히 모은 도토리를 원숭이가 몽땅 훔쳐 갔다는구나. 누가 다람쥐를 도와줄 수 있을까?”",
      "srcPage": 4,
      "srcSentenceEA": 3,
      "srcWordEA": 24,
      "character": "아빠,다람쥐,도토리,원숭이",
      "setting": "가을",
      "action": "들어 보렴,쉬지 않고,모은,훔쳐,도와줄 수 있을까",
      "feeling": null,
      "causalRelationship": null,
      "outcomeResolution": null,
      "prediction": null,
      "plotSummaryInfoCount": 1,
      "plotSummaryInfo": {
        "classification": "자연탐구",
        "readAge": "초등_고학년",
        "form": "short-form",
        "plotSummaryText": "다람쥐가 가을 동안 모은 도토리를 원숭이가 훔쳐 가서 다람쥐를 누가 도와줄 수 있는지 아이에게 물었습니다.",
        "textWordEA": 15
      }
    },
    {
      "srcTextID": "4155",
      "srcText": "“네, 아빠. 원숭이와 다람쥐가 다시 친구가 되었으면 좋겠어요.” 얘야, 아빠 이야기를 또 들어 보렴. 사냥꾼이 숲에 들어왔었단다.",
      "srcPage": 7,
      "srcSentenceEA": 4,
      "srcWordEA": 20,
      "character": "아빠,원숭이,다람쥐,친구,사냥꾼",
      "setting": "숲",
      "action": "되었으면,들어 보렴,들어왔었단다",
      "feeling": "좋겠어요",
      "causalRelationship": null,
      "outcomeResolution": null,
      "prediction": null,
      "plotSummaryInfoCount": 1,
      "plotSummaryInfo": {
        "classification": "자연탐구",
        "readAge": "초등_고학년",
        "form": "long-form",
        "plotSummaryText": "아기 너구리는 다람쥐와 원숭이가 다시 친구가 되었으면 좋겠다고 했습니다.",
        "textWordEA": 9
      }
    },
    {
      "srcTextID": "4156",
      "srcText": "그런데 엄마 반달곰이 할퀴어서 사냥꾼이 크게 다쳤다는구나. 누가 엄마 반달곰을 도와줄 수 있을까?” 아함, 아빠가 엄마 반달곰을 도와줄 수 있나요?",
      "srcPage": 8,
      "srcSentenceEA": 3,
      "srcWordEA": 22,
      "character": "엄마 반달곰,사냥꾼,아빠",
      "setting": null,
      "action": "할퀴어서,다쳤다는구나,도와줄 수 있을까,도와줄 수 있나요",
      "feeling": null,
      "causalRelationship": "그런데 엄마 반달곰이 할퀴어서 사냥꾼이 크게 다쳤다는구나",
      "outcomeResolution": null,
      "prediction": "아함,아빠가 엄마 반달곰을 도와줄 수 있나요?",
      "plotSummaryInfoCount": 1,
      "plotSummaryInfo": {
        "classification": "자연탐구",
        "readAge": "초등_고학년",
        "form": "short-form",
        "plotSummaryText": "엄마 반달곰이 사냥꾼을 할퀴어서 크게 다쳤는데 아빠가 엄마 반달곰을 도와 주세요.",
        "textWordEA": 11
      }
    },
    {
      "srcTextID": "4159",
      "srcText": "반달곰을 잡으려고 했던 게 아닌가요? 너구리 변호사는 사냥꾼 앞으로 다가가 무언가를 꺼내 들었어요. 그것은 무시무시한 덫이었어요!",
      "srcPage": 12,
      "srcSentenceEA": 3,
      "srcWordEA": 18,
      "character": "반달곰,너구리 변호사,사냥꾼,무언가,덫",
      "setting": null,
      "action": "잡으려고,다가가,꺼내 들었어요",
      "feeling": null,
      "causalRelationship": null,
      "outcomeResolution": null,
      "prediction": null,
      "plotSummaryInfoCount": 1,
      "plotSummaryInfo": {
        "classification": "자연탐구",
        "readAge": "초등_고학년",
        "form": "short-form",
        "plotSummaryText": "너구리 변호사는 반달곰을 잡으려 했던 게 아니냐며 무시무시한 덫을 꺼내 사냥꾼에게 보여줬습니다.",
        "textWordEA": 12
      }
    },
    {
      "srcTextID": "4161",
      "srcText": "너구리 변호사는 침착하게 말을 이어 갔어요. 사냥꾼은 반달곰을 잡으려고 덫을 놓았어요. 덫에 걸린 반달곰이 도망치다가 쫓아오는 사냥꾼을 다치게 한 것이지요.",
      "srcPage": 13,
      "srcSentenceEA": 3,
      "srcWordEA": 22,
      "character": "너구리 변호사,사냥꾼,반달곰,덫",
      "setting": null,
      "action": "이어 갔어요,잡으려고,놓았어요,걸린,도망치다가,쫓아오는,다치게",
      "feeling": "침착하게",
      "causalRelationship": null,
      "outcomeResolution": "덫에 걸린 반달곰이 도망치다가 쫓아오는 사냥꾼을 다치게 한 것이지요.",
      "prediction": null,
      "plotSummaryInfoCount": 1,
      "plotSummaryInfo": {
        "classification": "자연탐구",
        "readAge": "초등_고학년",
        "form": "short-form",
        "plotSummaryText": "사냥꾼이 놓은 덫에 걸린 반달곰이 도망치다가 쫓아오는 사냥꾼을 다치게 한 것입니다.",
        "textWordEA": 11
      }
    },
    {
      "srcTextID": "4160",
      "srcText": "여기저기서 아우성이 들리고 엄마 반달곰은 고개를 떨구었어요. 너구리 변호사가 이야기했어요. 당신은 그날 숲에 왜 들어왔죠?",
      "srcPage": 11,
      "srcSentenceEA": 3,
      "srcWordEA": 17,
      "character": "엄마 반달곰,너구리 변호사,당신",
      "setting": "그날,숲",
      "action": "떨구었어요,이야기했어요,들어왔죠",
      "feeling": null,
      "causalRelationship": null,
      "outcomeResolution": null,
      "prediction": null,
      "plotSummaryInfoCount": 1,
      "plotSummaryInfo": {
        "classification": "자연탐구",
        "readAge": "초등_고학년",
        "form": "short-form",
        "plotSummaryText": "엄마 반달곰이 고개를 떨구고, 너구리 변호사는 숲에 왜 들어 왔냐고 사냥꾼에게 말했습니다.",
        "textWordEA": 12
      }
    },
    {
      "srcTextID": "4162",
      "srcText": "존경하는 재판장님, 반달곰에게는 잘못이 없습니다. 호랑이 재판장은 고개를 끄덕였어요. \"반달곰은 아무런 죄가 없다. 사냥꾼은 즉시 이 숲을 떠나야 하며, 다시는 숲에 들어올 수 없다. 땅! 땅! 땅!”",
      "srcPage": 14,
      "srcSentenceEA": 7,
      "srcWordEA": 32,
      "character": "재판장,반달곰,호랑이 재판장,죄,사냥꾼",
      "setting": "숲",
      "action": "끄덕였어요,떠나야,들어올 수 없다",
      "feeling": "존경하는",
      "causalRelationship": null,
      "outcomeResolution": null,
      "prediction": null,
      "plotSummaryInfoCount": 1,
      "plotSummaryInfo": {
        "classification": "자연탐구",
        "readAge": "초등_고학년",
        "form": "long-form",
        "plotSummaryText": "반달곰은 죄가 없고 사냥꾼은 숲에 들어 올 수 없다고 호랑이 재판장님에게 이야기 했습니다.",
        "textWordEA": 13
      }
    },
    {
      "srcTextID": "4150",
      "srcText": "너구리 아빠는 변호사예요. 분하고 억울한 일을 당하면 숲속 동물들은 모두 너구리 변호사를 찾아오지요. 아빠, 이제 그만 주무세요.",
      "srcPage": 2,
      "srcSentenceEA": 3,
      "srcWordEA": 19,
      "character": "너구리 아빠,변호사,동물들,너구리 변호사",
      "setting": null,
      "action": "찾아오지요,주무세요",
      "feeling": "분하고,억울한",
      "causalRelationship": null,
      "outcomeResolution": null,
      "prediction": null,
      "plotSummaryInfoCount": 1,
      "plotSummaryInfo": {
        "classification": "자연탐구",
        "readAge": "초등_고학년",
        "form": "short-form",
        "plotSummaryText": "분하고 억울한 일이 생기면 변호사인 너구리 아빠를 찾아왔습니다.",
        "textWordEA": 8
      }
    },
    {
      "srcTextID": "4151",
      "srcText": "매일 밤 늦게까지 일하시니까 눈두덩이 자꾸 까매지잖아요. 잠에서 깬 아기 너구리가 아빠에게 와 볼을 비볐어요. 너구리 변호사는 빙그레 웃었지요.",
      "srcPage": 3,
      "srcSentenceEA": 3,
      "srcWordEA": 21,
      "character": "아기 너구리,아빠,볼,너구리 변호사",
      "setting": "매일 밤",
      "action": "비볐어요,웃었지요",
      "feeling": null,
      "causalRelationship": "매일 밤 늦게까지 일하시니까 눈두덩이 자꾸 까매지잖아요.",
      "outcomeResolution": null,
      "prediction": null,
      "plotSummaryInfoCount": 1,
      "plotSummaryInfo": {
        "classification": "자연탐구",
        "readAge": "초등_고학년",
        "form": "short-form",
        "plotSummaryText": "잠에서 깬 아기 너구리가 매일 밤 늦게까지 일하시니까 눈두덩이가 자꾸 까매진다고 하자 너구리 변호사는 빙그레 웃었습니다.",
        "textWordEA": 16
      }
    },
    {
      "srcTextID": "4157",
      "srcText": "아기 반달곰에겐 엄마가 꼭 필요해요. “그럼. 아빠가 내일 재판에서 엄마 반달곰을 도와줄 거란다.” 어느새 아기 너구리는 잠이 들었어요.",
      "srcPage": 9,
      "srcSentenceEA": 3,
      "srcWordEA": 20,
      "character": "아기 반달곰,엄마,아빠,엄마 반달곰,아기 너구리",
      "setting": "내일",
      "action": "필요해요,도와줄 거란다,들었어요",
      "feeling": null,
      "causalRelationship": null,
      "outcomeResolution": null,
      "prediction": null,
      "plotSummaryInfoCount": 1,
      "plotSummaryInfo": {
        "classification": "자연탐구",
        "readAge": "초등_고학년",
        "form": "short-form",
        "plotSummaryText": "아기 반달곰에게 엄마가 필요하니 아빠가 내일 재판에서 엄마 반달곰을 도와줄 거란다.",
        "textWordEA": 11
      }
    },
    {
      "srcTextID": "4158",
      "srcText": "다음 날 아침, 재판이 열렸어요. “저 반달곰이 나를 할퀴었어요!” 사냥꾼은 반달곰을 가리키며 소리쳤어요.",
      "srcPage": 10,
      "srcSentenceEA": 3,
      "srcWordEA": 14,
      "character": "재판,반달곰,나,사냥꾼",
      "setting": "다음 날,아침",
      "action": "열렸어요,할퀴었어요,가리키며,소리쳤어요",
      "feeling": null,
      "causalRelationship": null,
      "outcomeResolution": null,
      "prediction": null,
      "plotSummaryInfoCount": 1,
      "plotSummaryInfo": {
        "classification": "자연탐구",
        "readAge": "초등_고학년",
        "form": "short-form",
        "plotSummaryText": "재판이 열리고 사냥꾼은 반달곰이 자기를 할퀴었다며 소리쳤습니다.",
        "textWordEA": 7
      }
    },
    {
      "srcTextID": "4163",
      "srcText": "아기 너구리는 아빠가 너무 자랑스러웠어요. 매일 밤, 너구리 변호사는 숲을 밝힐 거예요. 숲속 동물 모두가 행복해질 때까지요.",
      "srcPage": 15,
      "srcSentenceEA": 3,
      "srcWordEA": 19,
      "character": "아기 너구리,아빠,너구리 변호사,동물",
      "setting": "매일 밤,숲속",
      "action": null,
      "feeling": "자랑스러웠어요,행복",
      "causalRelationship": null,
      "outcomeResolution": null,
      "prediction": null,
      "plotSummaryInfoCount": 1,
      "plotSummaryInfo": {
        "classification": "자연탐구",
        "readAge": "초등_고학년",
        "form": "short-form",
        "plotSummaryText": "아기 너구리는 숲속 동물 모두를 행복하게 하는 아빠가 자랑스러웠습니다.",
        "textWordEA": 9
      }
    },
    {
      "srcTextID": "4153",
      "srcText": "“아빠가 다람쥐를 도와줄 수 있나요?” “그럼. 아빠가 다람쥐를 도와줄 증거를 모았단다. 이제 원숭이의 잘못을 알리는 고소장을 검사에게 보낼 거야.” 원숭이 발자국이다! 바나나도 있네.",
      "srcPage": 5,
      "srcSentenceEA": 5,
      "srcWordEA": 27,
      "character": "아빠,다람쥐,증거,원숭이,고소장,검사,원숭이 발자국,바나나",
      "setting": null,
      "action": "도와줄 수 있나요,도와줄,알리는,보낼 거야,있네",
      "feeling": null,
      "causalRelationship": null,
      "outcomeResolution": null,
      "prediction": "이제 원숭이의 잘못을 알리는 고소장을 검사에게 보낼 거야",
      "plotSummaryInfoCount": 1,
      "plotSummaryInfo": {
        "classification": "자연탐구",
        "readAge": "초등_고학년",
        "form": "long-form",
        "plotSummaryText": "아빠가 다람쥐를 도와 원숭이의 잘못을 알리는 고소장을 검사에게 보낼 겁니다.",
        "textWordEA": 10
      }
    },
    {
      "srcTextID": "4154",
      "srcText": "“그럼, 원숭이는 벌을 받나요?” “잘못한 게 밝혀지면 벌을 받게 되지. 하지만 원숭이가 잘못을 뉘우치면 다람쥐와 화해를 할 수도 있단다.”",
      "srcPage": 6,
      "srcSentenceEA": 3,
      "srcWordEA": 20,
      "character": "원숭이,벌,다람쥐",
      "setting": null,
      "action": "받나요,뉘우치면",
      "feeling": null,
      "causalRelationship": null,
      "outcomeResolution": "잘못한 게 밝혀지면 벌을 받게 되지,하지만 원숭이가 잘못을 뉘우치면 다람쥐와 화해를 할 수도 있단다",
      "prediction": null,
      "plotSummaryInfoCount": 1,
      "plotSummaryInfo": {
        "classification": "자연탐구",
        "readAge": "초등_고학년",
        "form": "short-form",
        "plotSummaryText": "원숭이는 잘못한 게 밝혀지면 벌을 받게 되지만 잘못을 뉘우치면 다람쥐와 화해를 할 수도 있습니다.",
        "textWordEA": 14
      }
    },
    {
      "srcTextID": "128761",
      "srcText": "변호사는 어떤 일을 하나요? 사람들이 함께 더불어 살아가다 보면 때로는 다투기도 하고, 억울한 일을 당하기도 해요. 그럴 때 옳고 그름을 알려주는 것이 바로 법이에요. 변호사는 법을 잘 모르는 사람들 대신 법에 대한 다양한 지식을 갖고 억울한 사람이 피해를 당하지 않게 도와주지요.",
      "srcPage": 16,
      "srcSentenceEA": 4,
      "srcWordEA": 44,
      "character": "사람들,법,변호사",
      "setting": null,
      "action": "다투기도 하고,도와주지요",
      "feeling": "억울한",
      "causalRelationship": null,
      "outcomeResolution": null,
      "prediction": null,
      "plotSummaryInfoCount": 1,
      "plotSummaryInfo": {
        "classification": "자연탐구",
        "readAge": "초등_고학년",
        "form": "long-form",
        "plotSummaryText": "법에 대한 다양한 지식을 갖고 억울한 사람들이 피해를 당하지 않게 도와주는 사람이 변호사입니다.",
        "textWordEA": 13
      }
    }
  ]
}