{
  "title": "화가들이 사는 별나라",
  "author": "신정민",
  "illustrator": "정광필",
  "isbn": "9788998212667",
  "publishedYear": 2012,
  "publisher": "한얼에듀",
  "paragraphInfoCount": 19,
  "paragraphInfo": [
    {
      "srcTextID": "5699",
      "srcText": "물감 모양, 색연필 모양의 집들과 색색의 꽃나무들은 너무나 신기했지요. 그림을 그리는 화가 할아버지도 보였어요. “할아버지! 무엇을 그리고 계세요?”",
      "srcPage": 4,
      "srcSentenceEA": 3,
      "srcWordEA": 20,
      "character": "그림,화가 할아버지",
      "setting": null,
      "action": "보였어요,그리고",
      "feeling": "신기했지요",
      "causalRelationship": null,
      "outcomeResolution": null,
      "prediction": "할아버지! 무엇을 그리고 계세요?",
      "plotSummaryInfoCount": 1,
      "plotSummaryInfo": {
        "classification": "자연탐구",
        "readAge": "초등_고학년",
        "form": "short-form",
        "plotSummaryText": "그림을 그리는 화가 할아버지가 보였습니다.",
        "textWordEA": 5
      }
    },
    {
      "srcTextID": "5701",
      "srcText": "“할아버지는 어쩌면 이렇게 그림을 잘 그리세요?” 곰곰이가 부러워하자, 할아버지는 껄껄 웃었어요. “그야 그림에 대해서 많이 공부하고 오랫동안 꾸준히 연습했기 때문이지.”",
      "srcPage": 5,
      "srcSentenceEA": 3,
      "srcWordEA": 21,
      "character": "할아버지,그림,곰곰이",
      "setting": null,
      "action": "껄껄 웃었어요,공부하고",
      "feeling": "부러워하자",
      "causalRelationship": null,
      "outcomeResolution": null,
      "prediction": null,
      "plotSummaryInfoCount": 1,
      "plotSummaryInfo": {
        "classification": "자연탐구",
        "readAge": "초등_고학년",
        "form": "short-form",
        "plotSummaryText": "곰곰이는 그림을 잘 그리는 할아버지가 부러웠습니다.",
        "textWordEA": 6
      }
    },
    {
      "srcTextID": "5703",
      "srcText": "너를 그리고 있단다. “그런데 저랑 하나도 안 닮았어요.” 아저씨는 빙긋이 웃으며 말했어요.",
      "srcPage": 6,
      "srcSentenceEA": 3,
      "srcWordEA": 13,
      "character": "너,저,아저씨",
      "setting": null,
      "action": "말했어요,웃으며",
      "feeling": "웃으며",
      "causalRelationship": null,
      "outcomeResolution": null,
      "prediction": null,
      "plotSummaryInfoCount": 1,
      "plotSummaryInfo": {
        "classification": "자연탐구",
        "readAge": "초등_고학년",
        "form": "short-form",
        "plotSummaryText": "아저씨는 웃으며 너를 그리고 있다고 말했어요.",
        "textWordEA": 6
      }
    },
    {
      "srcTextID": "5704",
      "srcText": "“난 너의 왼쪽 모습과 오른쪽 모습, 뒷모습까지 한꺼번에 그렸기 때문이야.” “아하, 그렇구나!” 곰곰이는 뭔가 좀 이상했지만, 그림을 보면 볼수록 재미있었어요. 곰곰이는 다른 화가 아저씨도 만났어요.",
      "srcPage": 7,
      "srcSentenceEA": 4,
      "srcWordEA": 27,
      "character": "난,너,곰곰이,화가 아저씨",
      "setting": null,
      "action": "만났어요,그렸기 때문이야",
      "feeling": "이상했지만,재미있었어요",
      "causalRelationship": null,
      "outcomeResolution": null,
      "prediction": null,
      "plotSummaryInfoCount": 1,
      "plotSummaryInfo": {
        "classification": "자연탐구",
        "readAge": "초등_고학년",
        "form": "long-form",
        "plotSummaryText": "곰곰이는 이상했지만, 화가 아저씨를 만나는 게 재미있었습니다.",
        "textWordEA": 7
      }
    },
    {
      "srcTextID": "5707",
      "srcText": "“맞아. 그래서 사람들에게 더 큰 감동을 주지.” 크레용 외계인의 말에 곰곰이의 눈이 반짝거렸어요. “그럼 나도 내가 생각한 대로 마음껏 그릴 테야.”",
      "srcPage": 11,
      "srcSentenceEA": 3,
      "srcWordEA": 23,
      "character": "사람,크레용 외계인,곰곰이,나",
      "setting": null,
      "action": "주지",
      "feeling": "감동을 주지",
      "causalRelationship": "외계인의 말에 곰곰이의 눈이 반짝거렸어요.",
      "outcomeResolution": null,
      "prediction": null,
      "plotSummaryInfoCount": 1,
      "plotSummaryInfo": {
        "classification": "자연탐구",
        "readAge": "초등_고학년",
        "form": "short-form",
        "plotSummaryText": "사람들에게 더 큰 감동을 준다는 크레용 외계인의 말에 곰곰이는 자기도 생각한 대로 마음껏 그리겠다고 했습니다.",
        "textWordEA": 15
      }
    },
    {
      "srcTextID": "5695",
      "srcText": "곰곰이는 그림 그리기를 좋아해요. 오늘도 그림을 그리고 있는데 크레용 외계인이 나타나 말했어요. “곰곰아, 화가들이 사는 별나라를 구경해 보지 않을래?”",
      "srcPage": 1,
      "srcSentenceEA": 3,
      "srcWordEA": 20,
      "character": "곰곰이,그림,크레용 외계인,화가",
      "setting": "오늘,별나라",
      "action": "그리고,나타나,말했어요",
      "feeling": "좋아해요",
      "causalRelationship": null,
      "outcomeResolution": null,
      "prediction": null,
      "plotSummaryInfoCount": 1,
      "plotSummaryInfo": {
        "classification": "자연탐구",
        "readAge": "초등_고학년",
        "form": "short-form",
        "plotSummaryText": "곰곰이가 그림을 그리는데 크래용 외계인이 나타나서 별나라를 구경하자고 합니다.",
        "textWordEA": 9
      }
    },
    {
      "srcTextID": "5696",
      "srcText": "“정말? 와, 신난다!” “빨주노초파남보! 화가들이 사는 별나라로 출발!” 크레용 외계인이 힘차게 외쳤어요.",
      "srcPage": 2,
      "srcSentenceEA": 3,
      "srcWordEA": 15,
      "character": "화가,크레용 외계인",
      "setting": "별나라",
      "action": "외쳤어요",
      "feeling": "신난다",
      "causalRelationship": null,
      "outcomeResolution": null,
      "prediction": null,
      "plotSummaryInfoCount": 1,
      "plotSummaryInfo": {
        "classification": "자연탐구",
        "readAge": "초등_고학년",
        "form": "short-form",
        "plotSummaryText": "화가들이 사는 별나라로 가는 것이 신납니다.",
        "textWordEA": 6
      }
    },
    {
      "srcTextID": "5697",
      "srcText": "곰곰이와 크레용 외계인은 바람을 타고 휘리릭 날아갔지요. 눈 깜짝할 사이에 곰곰이는 화가들이 사는 별나라에 왔어요. 그곳은 온통 알록달록한 색으로 가득했어요.",
      "srcPage": 3,
      "srcSentenceEA": 3,
      "srcWordEA": 22,
      "character": "곰곰이,크레용 외계인,화가",
      "setting": "별나라",
      "action": "타고,날아갔지요,왔어요",
      "feeling": null,
      "causalRelationship": null,
      "outcomeResolution": null,
      "prediction": null,
      "plotSummaryInfoCount": 1,
      "plotSummaryInfo": {
        "classification": "자연탐구",
        "readAge": "초등_고학년",
        "form": "short-form",
        "plotSummaryText": "곰곰이와 크레용 외계인이 눈 깜짝할 사이 바람을 타고 도착한 화가들이 사는 별나라는 알록달록한 색으로 가득했습니다.",
        "textWordEA": 15
      }
    },
    {
      "srcTextID": "5705",
      "srcText": "“아저씨도 저를 그리고 있나요?” “그렇단다.” 아저씨 그림은 알록달록 귀여웠어요. “난 내가 보고 느낀 것들을 동화처럼 재미있게 보여 주고 싶어.”",
      "srcPage": 8,
      "srcSentenceEA": 3,
      "srcWordEA": 20,
      "character": "아저씨,저",
      "setting": null,
      "action": "그리고,보여 주고 싶어",
      "feeling": "귀여웠어요,재미있게",
      "causalRelationship": null,
      "outcomeResolution": null,
      "prediction": null,
      "plotSummaryInfoCount": 1,
      "plotSummaryInfo": {
        "classification": "자연탐구",
        "readAge": "초등_고학년",
        "form": "short-form",
        "plotSummaryText": "아저씨는 동화처럼 재미있게 보여 주고 싶어서 곰곰이를 알록달록 귀엽게 그렸다고 했습니다.",
        "textWordEA": 11
      }
    },
    {
      "srcTextID": "5706",
      "srcText": "곰곰이는 아저씨의 그림이 마음에 들었어요. 크레용 외계인은 곰곰이를 미술관에 데려갔어요. 그림을 보러 온 사람들은 활짝 웃으며 재미있어하기도 하고, 오랫동안 생각에 잠기기도 했어요.",
      "srcPage": 9,
      "srcSentenceEA": 3,
      "srcWordEA": 24,
      "character": "곰곰이,아저씨,크레용 외계인,사람",
      "setting": "미술관",
      "action": "데려갔어요,활짝 웃으며",
      "feeling": "마음에 들었어요,재미있어하기도,오랫동안 생각에 잠기기도",
      "causalRelationship": null,
      "outcomeResolution": null,
      "prediction": null,
      "plotSummaryInfoCount": 1,
      "plotSummaryInfo": {
        "classification": "자연탐구",
        "readAge": "초등_고학년",
        "form": "short-form",
        "plotSummaryText": "크레용 외계인이 곰곰이를 데려간 미술관의 사람들은 오랫동안 재미있어하기도 하고 생각에 잠기기도 했습니다.",
        "textWordEA": 12
      }
    },
    {
      "srcTextID": "5708",
      "srcText": "곰곰이는 많은 그림을 볼 수 있어서 신이 났지요. 곰곰이는 미술관을 나서며 말했어요. “화가들은 보이는 그대로가 아니라 자기만의 느낌과 생각을 더 해서 멋지게 그림을 그리는 것 같아.”",
      "srcPage": 10,
      "srcSentenceEA": 3,
      "srcWordEA": 27,
      "character": "곰곰이,화가",
      "setting": "미술관",
      "action": "볼 수 있어서,나서며,말했어요,느낌과 생각을 더해서",
      "feeling": "신이 났지요",
      "causalRelationship": null,
      "outcomeResolution": null,
      "prediction": null,
      "plotSummaryInfoCount": 1,
      "plotSummaryInfo": {
        "classification": "자연탐구",
        "readAge": "초등_고학년",
        "form": "short-form",
        "plotSummaryText": "곰곰이는 미술관의 그림을 많이 볼 수 있어서 신이 났습니다.",
        "textWordEA": 9
      }
    },
    {
      "srcTextID": "5709",
      "srcText": "“히히, 그거 아주 멋진걸!” “곰곰아, 이제 돌아갈 시간이야.” 곰곰이는 크레용 외계인의 손을 잡고 눈을 꼭 감았어요.",
      "srcPage": 12,
      "srcSentenceEA": 3,
      "srcWordEA": 17,
      "character": "곰곰아,크레용 외계인",
      "setting": null,
      "action": "잡고,감았어요",
      "feeling": "멋진걸",
      "causalRelationship": null,
      "outcomeResolution": null,
      "prediction": null,
      "plotSummaryInfoCount": 1,
      "plotSummaryInfo": {
        "classification": "자연탐구",
        "readAge": "초등_고학년",
        "form": "short-form",
        "plotSummaryText": "돌아갈 시간이 되어 곰곰이는 크레용 외계인의 손을 잡고 눈을 감았습니다.",
        "textWordEA": 10
      }
    },
    {
      "srcTextID": "5710",
      "srcText": "다시 눈을 뜨자 곰곰이의 방이었어요. “좋아. 나만의 멋진 그림을 그려야겠어!” 크레용 외계인은 히죽 웃었어요. “다음에는 어떤 친구들을 데려갈까?”",
      "srcPage": 13,
      "srcSentenceEA": 4,
      "srcWordEA": 20,
      "character": "크레용 외계인,친구",
      "setting": "곰곰이의 방",
      "action": "웃었어요,데려갈까",
      "feeling": "좋아",
      "causalRelationship": null,
      "outcomeResolution": null,
      "prediction": "다음에는 어떤 친구들을 데려갈까?",
      "plotSummaryInfoCount": 1,
      "plotSummaryInfo": {
        "classification": "자연탐구",
        "readAge": "초등_고학년",
        "form": "long-form",
        "plotSummaryText": "크레용 외계인은 히죽 웃으며 다음에는 어떤 친구를 데려갈지 생각했습니다.",
        "textWordEA": 9
      }
    },
    {
      "srcTextID": "128672",
      "srcText": "초등학교 5학년 때부터였어요. 미술 학원에서 그림을 배우기 시작했는데, 하루 종일 그림을 그려도 전혀 지루하지 않았어요. 처음에는 저보다 잘하는 친구들이 너무 많아서 불안하기도 했지요. 그러던 어느 날, 선생님이 저에게 수채화를 그린 느낌이 아주 독특하다고 칭찬을 해 주셨어요. 칭찬을 받고 나니 자신감이 생기더라고요.",
      "srcPage": 16,
      "srcSentenceEA": 5,
      "srcWordEA": 45,
      "character": "그림,친구들,선생님,수채화",
      "setting": "미술 학원,하루 종일,어느 날",
      "action": "시작했는데",
      "feeling": "불안하기도",
      "causalRelationship": null,
      "outcomeResolution": null,
      "prediction": null,
      "plotSummaryInfoCount": 1,
      "plotSummaryInfo": {
        "classification": "자연탐구",
        "readAge": "초등_고학년",
        "form": "long-form",
        "plotSummaryText": "미술 학원에서 그림을 배우기 시작했는데, 처음에는 잘하는 친구들이 많아 불안했지만, 어느 날 선생님이 수채화를 그린 느낌이 독특하다고 칭찬을 해주셨습니다.",
        "textWordEA": 19
      }
    },
    {
      "srcTextID": "128673",
      "srcText": "저는 전시회를 할 수 있도록 화랑에서 도와주는 ‘전속 작가’예요. 전시회가 있을 때는 하루에 열 시간 이상 그림을 그려요. 많이 그리면 그릴수록 좋은 작품이 나오거든요. 전시회가 없더라도 하루에 네 시간 이상은 그림을 그려요. 연습을 게을리하면 좋은 작품이 나올 수가 없지요.",
      "srcPage": 17,
      "srcSentenceEA": 5,
      "srcWordEA": 44,
      "character": "전속 작가,그림,작품",
      "setting": "전시회,하루에 열 시간",
      "action": "그려요",
      "feeling": null,
      "causalRelationship": null,
      "outcomeResolution": null,
      "prediction": null,
      "plotSummaryInfoCount": 1,
      "plotSummaryInfo": {
        "classification": "자연탐구",
        "readAge": "초등_고학년",
        "form": "long-form",
        "plotSummaryText": "전시회가 있을 때는 하루에 열 시간 이상 그림을 그리고, 전시회가 없더라도 그림을 그리며, 연습을 게을리하면 좋은 작품이 나올 수가 없습니다.",
        "textWordEA": 20
      }
    },
    {
      "srcTextID": "128674",
      "srcText": "저에게는 어렸을 적 시골에서 자연을 느끼고 관찰했던 경험이 아주 중요했어요. 지금도 그림을 그릴 때 자연에서 배운 색깔과 형태에서 영감을 받지요. 책을 많이 읽는 것도 좋아요. 화가는 자신의 내면 속에 담겨 있는 것을 그림으로 표현하는데, 책은 마음의 좋은 양식이 되어 주거든요. 물론 끊임없는 연습도 중요하고요.",
      "srcPage": 18,
      "srcSentenceEA": 5,
      "srcWordEA": 48,
      "character": "자연,그림,색깔,형태,책,화가",
      "setting": "시골",
      "action": "관찰했던,그릴 때,받지요,표현하는데",
      "feeling": "좋아요",
      "causalRelationship": null,
      "outcomeResolution": null,
      "prediction": null,
      "plotSummaryInfoCount": 1,
      "plotSummaryInfo": {
        "classification": "자연탐구",
        "readAge": "초등_고학년",
        "form": "long-form",
        "plotSummaryText": "그림을 그릴 때 자연에서 배운 색깔과 형태에서 영감을 받고, 책을 읽는 것도 중요하며, 책은 마음의 양식이 되어줍니다.",
        "textWordEA": 17
      }
    },
    {
      "srcTextID": "128676",
      "srcText": "저는 처음부터 미술 학원에 다니는 것은 반대하는 편이에요. 좋은 선생님을 만나는 것도 중요하지만, 어릴수록 엄마의 도움이 더 필요하지요. 단, 부모님이 아이에게 “안돼.”라고 말하는 것은 절대 금지예요. 사람 얼굴을 파랗게 색칠했더라도 틀렸다고 하면 안 돼요. 학원 교육을 통해 배운 그림은 틀에 박히기 쉽지만, 자유롭게 배운 아이의 그림은 내용부터가 다르지요.",
      "srcPage": 19,
      "srcSentenceEA": 6,
      "srcWordEA": 53,
      "character": "선생님,엄마,부모님,아이,사람,얼굴,그림",
      "setting": "미술 학원",
      "action": null,
      "feeling": null,
      "causalRelationship": null,
      "outcomeResolution": null,
      "prediction": null,
      "plotSummaryInfoCount": 1,
      "plotSummaryInfo": {
        "classification": "자연탐구",
        "readAge": "초등_고학년",
        "form": "long-form",
        "plotSummaryText": "처음부터 미술 학원에 다니는 것은 반대하는 편이고, 어릴수록 부모님의 도움이 더 필요하며, 학원 교육을 통해 배운 그림은 틀에 박히기 쉽지만, 자유롭게 배운 아이의 그림은 내용부터가 다릅니다. ",
        "textWordEA": 26
      }
    },
    {
      "srcTextID": "128670",
      "srcText": "“너를 그리고 있단다.” 할아버지의 그림은 물감을 대충대충 찍어 놓은 것처럼 보였어요. 그런데 조금 멀리서 바라보니 정말 곰곰이를 닮은 그림이었지요.",
      "srcPage": 14,
      "srcSentenceEA": 3,
      "srcWordEA": 21,
      "character": "할아버지,그림,물감,곰곰이",
      "setting": null,
      "action": "대충대충 찍어",
      "feeling": null,
      "causalRelationship": null,
      "outcomeResolution": null,
      "prediction": null,
      "plotSummaryInfoCount": 1,
      "plotSummaryInfo": {
        "classification": "자연탐구",
        "readAge": "초등_고학년",
        "form": "short-form",
        "plotSummaryText": "할아버지의 그림은 대충대충 찍어 놓은 것처럼 보였지만 멀리서 보니 곰곰이를 닮은 그림이었습니다.",
        "textWordEA": 12
      }
    },
    {
      "srcTextID": "128671",
      "srcText": "할아버지는 똑같은 그림을 몇 번이나 새로 그렸어요. “할아버지! 왜 똑같은 그림을 자꾸 그리세요?” “똑같지 않아. 아침과 저녁 햇살이 다르고, 맑을 때와 비가 올 때도 빛이 달라지거든.”",
      "srcPage": 15,
      "srcSentenceEA": 4,
      "srcWordEA": 28,
      "character": "할아버지,그림,햇살,빛",
      "setting": "아침,저녁",
      "action": "새로 그렸어요,그리세요,달라지거든",
      "feeling": null,
      "causalRelationship": null,
      "outcomeResolution": null,
      "prediction": null,
      "plotSummaryInfoCount": 1,
      "plotSummaryInfo": {
        "classification": "자연탐구",
        "readAge": "초등_고학년",
        "form": "long-form",
        "plotSummaryText": "할아저지가 똑같은 그림을 몇 번이나 새로 그리자, 곰곰이는 똑같은 그림을 자꾸 그리냐고 물어봤고, 할아버지는 똑같지 않다고 말했습니다.",
        "textWordEA": 17
      }
    }
  ]
}