{
  "title": "달려, 으르렁! 도망쳐, 후다닥!",
  "author": "곽민수",
  "illustrator": "정현진",
  "isbn": "9791128211256",
  "publishedYear": 2018,
  "publisher": "아람북스",
  "paragraphInfoCount": 19,
  "paragraphInfo": [
    {
      "srcTextID": "108870",
      "srcText": "“으르렁, 맛있겠다!” 으르렁은 다른 동물을 잡아먹고 살아요. 날카로운 송곳니는 고기를 찢어 먹기에 딱 좋지요.",
      "srcPage": 5,
      "srcSentenceEA": 3,
      "srcWordEA": 16,
      "character": "으르렁,동물,송곳니,고기",
      "setting": null,
      "action": "잡아먹고,살아요,찢어 먹기에",
      "feeling": null,
      "causalRelationship": null,
      "outcomeResolution": null,
      "prediction": null,
      "plotSummaryInfoCount": 1,
      "plotSummaryInfo": {
        "classification": "자연탐구",
        "readAge": "초등_고학년",
        "form": "short-form",
        "plotSummaryText": "다른 동물을 잡아먹고 사는 으르렁의 날카로운 송곳니는 고기를 찢어 먹기에 딱 좋습니다.",
        "textWordEA": 12
      }
    },
    {
      "srcTextID": "108872",
      "srcText": "“으르렁! 엄마, 저기 맛있는 먹잇감이 있어요.” 으르렁의 눈은 머리 앞쪽에 있어요. 먹잇감을 사냥하기 좋게 발달한 거예요.",
      "srcPage": 7,
      "srcSentenceEA": 3,
      "srcWordEA": 19,
      "character": "엄마,먹잇감,으르렁,눈,머리",
      "setting": null,
      "action": "사냥하기",
      "feeling": null,
      "causalRelationship": null,
      "outcomeResolution": null,
      "prediction": null,
      "plotSummaryInfoCount": 1,
      "plotSummaryInfo": {
        "classification": "자연탐구",
        "readAge": "초등_고학년",
        "form": "short-form",
        "plotSummaryText": "으르렁의 눈은 먹잇감을 사냥하기 좋게 발달해 머리 앞쪽에 있습니다.",
        "textWordEA": 9
      }
    },
    {
      "srcTextID": "108879",
      "srcText": "“쩝쩝, 고기는 역시 맛있어!” 고기는 영양분도 많고 나뭇잎이나 풀에 비해 소화가 잘 되지요. 육식 동물의 소화 기관은 몸길이의 3, 4배쯤 되어요. 육식 동물의 위에서는 강한 위산이 나와서 먹은 고기를 빠르게 소화시켜요. 장도 짧아서 소화시킨 배설물을 빨리 몸 밖으로 내보내지요.",
      "srcPage": 15,
      "srcSentenceEA": 5,
      "srcWordEA": 43,
      "character": "고기,나뭇잎,풀,육식 동물,소화 기관,위,위산,장,배설물,몸",
      "setting": null,
      "action": "잘 되지요,나와서,소화시켜요,내보내지요",
      "feeling": null,
      "causalRelationship": null,
      "outcomeResolution": null,
      "prediction": null,
      "plotSummaryInfoCount": 1,
      "plotSummaryInfo": {
        "classification": "자연탐구",
        "readAge": "초등_고학년",
        "form": "long-form",
        "plotSummaryText": "고기는 영양분도 많고 나뭇잎이나 풀에 비해 소화가 잘 되고, 육식 동물의 소화 기관은 몸길이의 3, 4배쯤 되서 위에서는 강한 위산이 나와서 먹은 고기를 빠르게 소화시키고 배설물을 빨리 몸 밖으로 내보냅니다.",
        "textWordEA": 30
      }
    },
    {
      "srcTextID": "108868",
      "srcText": "“냠냠, 싱싱한 나뭇잎은 맛있어.” 후다닥은 나뭇잎을 먹고 살아요. 맷돌 같은 어금니는 나뭇잎을 씹어 먹기에 딱 좋지요.",
      "srcPage": 3,
      "srcSentenceEA": 3,
      "srcWordEA": 18,
      "character": "나뭇잎,후다닥,맷돌,어금니",
      "setting": null,
      "action": "먹고,살아요,씹어 먹기에",
      "feeling": null,
      "causalRelationship": null,
      "outcomeResolution": null,
      "prediction": null,
      "plotSummaryInfoCount": 1,
      "plotSummaryInfo": {
        "classification": "자연탐구",
        "readAge": "초등_고학년",
        "form": "short-form",
        "plotSummaryText": "나뭇잎을 먹고 사는 후다닥의 맷돌 같은 어금니는 나뭇잎을 씹어 먹기에 딱 좋습니다.",
        "textWordEA": 12
      }
    },
    {
      "srcTextID": "108873",
      "srcText": "그래서 먹잇감의 움직임과 먹잇감이 있는 곳까지의 거리를 정확히 알 수 있어요. 육식 동물의 눈은 머리 앞쪽에 몰려 있어요. 주변 환경은 많이 보지 못하지만 앞에 있는 목표물을 정확하게 볼 수 있어요.",
      "srcPage": 8,
      "srcSentenceEA": 3,
      "srcWordEA": 32,
      "character": "먹잇감,육식 동물,눈,머리",
      "setting": null,
      "action": "알 수 있어요,보지 못하지만,정확하게 볼 수 있어요",
      "feeling": null,
      "causalRelationship": null,
      "outcomeResolution": null,
      "prediction": null,
      "plotSummaryInfoCount": 1,
      "plotSummaryInfo": {
        "classification": "자연탐구",
        "readAge": "초등_고학년",
        "form": "short-form",
        "plotSummaryText": "먹잇감의 움직임과 먹잇감이 있는 곳까지의 거리를 정확히 알 수 있고, 머리 앞쪽에 몰려 있는 육식 동물의 눈은 주변 환경은 많이 보지 못하지만 앞에 있는 목표물을 정확하게 볼 수 있습니다.",
        "textWordEA": 29
      }
    },
    {
      "srcTextID": "108877",
      "srcText": "“킁킁.” 으르렁의 엄마가 다시 코를 벌름거려요. 무리를 벗어난 얼룩말 하나가 눈에 띄어요. 으르렁의 엄마는 조용히 얼룩말에게 다가가요.",
      "srcPage": 12,
      "srcSentenceEA": 3,
      "srcWordEA": 20,
      "character": "으르렁,엄마,코,얼룩말,눈",
      "setting": null,
      "action": "벌름거려요,벗어난,띄어요,다가가요",
      "feeling": null,
      "causalRelationship": null,
      "outcomeResolution": null,
      "prediction": null,
      "plotSummaryInfoCount": 1,
      "plotSummaryInfo": {
        "classification": "자연탐구",
        "readAge": "초등_고학년",
        "form": "short-form",
        "plotSummaryText": "무리를 벗어난 얼룩말 하나가 눈에 띄자 으르렁의 엄마가 다시 코를 벌름거리며 조용히 다가갑니다.",
        "textWordEA": 13
      }
    },
    {
      "srcTextID": "108866",
      "srcText": "으르렁은 아기 사자이고 후다닥은 아기 기린이에요. 둘은 이 초원에서 태어나고 자라요. 하지만 서로 알지 못해요.",
      "srcPage": 2,
      "srcSentenceEA": 3,
      "srcWordEA": 17,
      "character": "으르렁,아기 사자,후다닥,아기 기린",
      "setting": "초원",
      "action": "태어나고,자라요,알지 못해요",
      "feeling": null,
      "causalRelationship": null,
      "outcomeResolution": null,
      "prediction": null,
      "plotSummaryInfoCount": 1,
      "plotSummaryInfo": {
        "classification": "자연탐구",
        "readAge": "초등_고학년",
        "form": "short-form",
        "plotSummaryText": "으르렁은 아기 사자, 후다닥은 아기 기린이고 이 둘은 초원에서 태어나고 자랐지만 서로 알지 못합니다.",
        "textWordEA": 14
      }
    },
    {
      "srcTextID": "108869",
      "srcText": "후다닥처럼 풀이나 나뭇잎 같은 식물을 먹고 사는 동물을 초식 동물이라고 해요. 초식 동물의 이빨은 맷돌처럼 넓적한 모양이에요. 오랫동안 풀을 잘근잘근 씹어 먹다 보니 이빨이 더 평평하게 변했어요.",
      "srcPage": 4,
      "srcSentenceEA": 3,
      "srcWordEA": 29,
      "character": "후다닥,풀,나뭇잎,동물,초식 동물,이빨,맷돌,식물",
      "setting": null,
      "action": "먹고,사는,씹어 먹다,변했어요",
      "feeling": null,
      "causalRelationship": null,
      "outcomeResolution": null,
      "prediction": null,
      "plotSummaryInfoCount": 1,
      "plotSummaryInfo": {
        "classification": "자연탐구",
        "readAge": "초등_고학년",
        "form": "short-form",
        "plotSummaryText": "후다닥처럼 풀이나 나뭇잎 같은 식물을 먹고 사는 초식 동물은 오랫동안 풀을 잘근잘근 씹어 먹다 보니 이빨이 더 평평하게 변했습니다.",
        "textWordEA": 19
      }
    },
    {
      "srcTextID": "108871",
      "srcText": "으르렁처럼 다른 동물의 고기를 먹고 사는 동물을 육식 동물이라고 해요. 육식 동물의 이빨은 고기를 찢어 먹기 쉽도록 뾰족한 모양이에요. 오랫동안 고기를 먹다 보니 이빨이 더 날카롭게 변했어요.",
      "srcPage": 6,
      "srcSentenceEA": 3,
      "srcWordEA": 29,
      "character": "으르렁,동물,고기,육식 동물,이빨",
      "setting": null,
      "action": "먹고,사는,찢어 먹기",
      "feeling": null,
      "causalRelationship": "오랫동안 고기를 먹다 보니 이빨이 더 날카롭게 변했어요.",
      "outcomeResolution": null,
      "prediction": null,
      "plotSummaryInfoCount": 1,
      "plotSummaryInfo": {
        "classification": "자연탐구",
        "readAge": "초등_고학년",
        "form": "short-form",
        "plotSummaryText": "으르렁처럼 다른 동물의 고기를 먹고 사는 육식 동물의 이빨은 고기를 찢어 먹기 쉽도록 뾰족한 모양이고 오랫동안 고기를 먹다 보니 이빨이 더 날카롭게 변했습니다.",
        "textWordEA": 23
      }
    },
    {
      "srcTextID": "108878",
      "srcText": "둘의 거리가 가까워지자 눈 깜짝할 사이에 얼룩말에게 달려들어요. 으르렁의 엄마는 날카로운 발톱으로 얼룩말의 등을 움켜쥐어요. “히히힝!” 놀란 얼룩말은 뒷발을 차며 달아나려 했지만 꼼짝할 수 없어요.",
      "srcPage": 13,
      "srcSentenceEA": 3,
      "srcWordEA": 27,
      "character": "얼룩말,으르렁,엄마,발톱,등,뒷발",
      "setting": null,
      "action": "가까워지자,달려들어요,움켜쥐어요,차며,달아나려,꼼짝할 수 없어요",
      "feeling": "놀란",
      "causalRelationship": null,
      "outcomeResolution": null,
      "prediction": null,
      "plotSummaryInfoCount": 1,
      "plotSummaryInfo": {
        "classification": "자연탐구",
        "readAge": "초등_고학년",
        "form": "short-form",
        "plotSummaryText": "둘의 거리가 가까워지자 으르렁의 엄마가 달려들어 날카로운 발톱으로 얼룩말의 등을 움켜쥐어서 놀란 얼룩말이 뒷발을 차며 달아나려 했지만 꼼짝할 수 없습니다.",
        "textWordEA": 20
      }
    },
    {
      "srcTextID": "108880",
      "srcText": "으르렁네 가족은 배부르게 고기를 먹어요. 오랜만에 사냥해 잡은 고기여서 더욱 맛있어요. 으르렁의 엄마가 아니었다면 가족들은 한참을 더 굶어야 했을 거예요.",
      "srcPage": 14,
      "srcSentenceEA": 3,
      "srcWordEA": 22,
      "character": "으르렁,가족,고기,엄마,가족들",
      "setting": null,
      "action": "먹어요,사냥해,잡은,굶어야 했을",
      "feeling": null,
      "causalRelationship": null,
      "outcomeResolution": null,
      "prediction": null,
      "plotSummaryInfoCount": 1,
      "plotSummaryInfo": {
        "classification": "자연탐구",
        "readAge": "초등_고학년",
        "form": "short-form",
        "plotSummaryText": "으르렁네 가족은 오랜만에 사냥해 잡은 고기여서 맛있게 먹었지만 사냥이 성공하지 못했다면 가족들은 한참을 더 굶어야 했습니다.",
        "textWordEA": 16
      }
    },
    {
      "srcTextID": "108867",
      "srcText": "이곳은 아프리카 초원이에요. 초원에는 많은 야생 동물들이 살고 있어요. 으르렁과 후다닥도 초원에서 살아요.",
      "srcPage": 1,
      "srcSentenceEA": 3,
      "srcWordEA": 15,
      "character": "야생 동물들,으르렁,후다닥",
      "setting": "아프리카 초원",
      "action": "살고 있어요,살아요",
      "feeling": null,
      "causalRelationship": null,
      "outcomeResolution": null,
      "prediction": null,
      "plotSummaryInfoCount": 1,
      "plotSummaryInfo": {
        "classification": "자연탐구",
        "readAge": "초등_고학년",
        "form": "short-form",
        "plotSummaryText": "아프리카 초원에는 으르렁과 후다닥 그리고 많은 야생 동물들이 살고 있습니다.",
        "textWordEA": 10
      }
    },
    {
      "srcTextID": "108874",
      "srcText": "후다닥의 눈은 머리 양옆에 있어요. 그래서 시야가 넓어요. 자신을 노리는 적이 나타났는지 주위를 살피기에 딱 좋지요. 초식 동물은 대개 무리를 지어 다녀요. 그러면 눈이 여러 개 있는 것처럼 사방팔방 주위를 잘 살필 수 있어요.",
      "srcPage": 9,
      "srcSentenceEA": 5,
      "srcWordEA": 38,
      "character": "후다닥,눈,머리,자신,적,초식 동물",
      "setting": null,
      "action": "노리는,나타났는지,살피기에,지어 다녀요,살필 수 있어요",
      "feeling": null,
      "causalRelationship": "후다닥의 눈은 머리 양옆에 있어요. 그래서 시야가 넓어요.",
      "outcomeResolution": null,
      "prediction": null,
      "plotSummaryInfoCount": 1,
      "plotSummaryInfo": {
        "classification": "자연탐구",
        "readAge": "초등_고학년",
        "form": "long-form",
        "plotSummaryText": "후다닥의 눈은 머리 양옆에 있어서 시야가 넓어 적이 나타났는지 주위를 살피기에 좋기 때문에 무리를 지어 다니는 초식동물은 눈이 여러 개 있는 것처럼 사방팔방 주위를 잘 살필 수 있습니다.",
        "textWordEA": 28
      }
    },
    {
      "srcTextID": "108875",
      "srcText": "으르렁의 엄마가 후다닥을 쫓아 달리기 시작해요. 엄청 빠르게 달려요. 후다닥도 재빨리 달아나기 시작해요. 후다닥은 온 힘을 다해 달려요. 끝까지 포기하지 않고 달려요.",
      "srcPage": 10,
      "srcSentenceEA": 5,
      "srcWordEA": 26,
      "character": "으르렁,엄마,후다닥",
      "setting": null,
      "action": "쫓아,달리기,빠르게 달려요,달아나기,힘을 다해",
      "feeling": null,
      "causalRelationship": null,
      "outcomeResolution": null,
      "prediction": null,
      "plotSummaryInfoCount": 1,
      "plotSummaryInfo": {
        "classification": "자연탐구",
        "readAge": "초등_고학년",
        "form": "long-form",
        "plotSummaryText": "으르렁의 엄마가 달리기 시작하자 후다닥도 온 힘을 다해 끝까지 포기하지 않고 재빨리 달아나기 시작합니다.",
        "textWordEA": 14
      }
    },
    {
      "srcTextID": "108876",
      "srcText": "결국 으르렁의 엄마는 후다닥을 놓치고 말아요. 너무 오래 달려서 지쳤거든요. 아무리 뛰어난 육식 동물이라도 사냥에 성공하기는 쉽지 않아요. 초식 동물은 도망치는 데 선수예요.",
      "srcPage": 11,
      "srcSentenceEA": 4,
      "srcWordEA": 26,
      "character": "으르렁,엄마,후다닥,육식 동물,초식 동물",
      "setting": null,
      "action": "놓치고 말아요,오래 달려서,사냥에 성공하기,도망치는",
      "feeling": null,
      "causalRelationship": null,
      "outcomeResolution": null,
      "prediction": null,
      "plotSummaryInfoCount": 1,
      "plotSummaryInfo": {
        "classification": "자연탐구",
        "readAge": "초등_고학년",
        "form": "long-form",
        "plotSummaryText": "너무 오래 달려 지친 으르렁 엄마는 후다닥을 놓치고 말았고, 뛰어난 육식 동물이라도 사냥에 성공하기는 쉽지 않으며 초식 동물은 도망치는 데 선수입니다.",
        "textWordEA": 21
      }
    },
    {
      "srcTextID": "108881",
      "srcText": "으르렁 엄마에게 잡히지 않고 겨우 도망친 후다닥은 배가 고파요. “후유, 하마터면 잡혀서 죽을 뻔했네.” 후다닥은 나뭇잎을 많이 먹어요. 나뭇잎에는 영양분이 적기 때문에 많이 먹어야 해요. 게다가 나뭇잎은 소화시키는 데 시간이 오래 걸리지요. 게다가 나뭇잎은 소화시키는 데 시간이 오래 걸리지요.",
      "srcPage": 16,
      "srcSentenceEA": 6,
      "srcWordEA": 43,
      "character": "으르렁,엄마,후다닥,배,나뭇잎",
      "setting": null,
      "action": "잡히지 않고,도망친,먹어요,소화시키는",
      "feeling": null,
      "causalRelationship": null,
      "outcomeResolution": null,
      "prediction": null,
      "plotSummaryInfoCount": 1,
      "plotSummaryInfo": {
        "classification": "자연탐구",
        "readAge": "초등_고학년",
        "form": "long-form",
        "plotSummaryText": "으르렁 엄마에게 잡히지 않고 겨우 도망친 후다닥은 배가 고파 먹은 나뭇잎은 영양분이 적기 때문에 많이 먹어야 하고 소화시키는 데 시간이 오래걸립니다.",
        "textWordEA": 21
      }
    },
    {
      "srcTextID": "108882",
      "srcText": "“아아, 시원하다.” 으르렁의 똥이에요. 차지고 냄새도 많이 나요.",
      "srcPage": 17,
      "srcSentenceEA": 3,
      "srcWordEA": 10,
      "character": "으르렁,똥",
      "setting": null,
      "action": null,
      "feeling": "시원하다",
      "causalRelationship": null,
      "outcomeResolution": null,
      "prediction": null,
      "plotSummaryInfoCount": 1,
      "plotSummaryInfo": {
        "classification": "자연탐구",
        "readAge": "초등_고학년",
        "form": "short-form",
        "plotSummaryText": "으르렁의 똥은 차지고 냄새도 많이 납니다.",
        "textWordEA": 6
      }
    },
    {
      "srcTextID": "108883",
      "srcText": "“아이, 시원해.” 후다닥의 똥이에요. 푸석푸석하고 잘 부스러져요.",
      "srcPage": 18,
      "srcSentenceEA": 3,
      "srcWordEA": 9,
      "character": "후다닥,똥",
      "setting": null,
      "action": "부스러져요",
      "feeling": "시원해",
      "causalRelationship": null,
      "outcomeResolution": null,
      "prediction": null,
      "plotSummaryInfoCount": 1,
      "plotSummaryInfo": {
        "classification": "자연탐구",
        "readAge": "초등_고학년",
        "form": "short-form",
        "plotSummaryText": "후다닥의 똥은 푸석푸석하고 잘 부스러집니다.",
        "textWordEA": 5
      }
    },
    {
      "srcTextID": "108884",
      "srcText": "이곳은 아프리카 초원이에요. 초원에는 많은 야생 동물들이 살고 있어요. 야생 동물들은 오랜 시간에 걸쳐 저마다 환경에 적응하며 살아가요.",
      "srcPage": 19,
      "srcSentenceEA": 3,
      "srcWordEA": 20,
      "character": "야생 동물들",
      "setting": "아프리카 초원",
      "action": "살고 있어요,적응하며,살아가요",
      "feeling": null,
      "causalRelationship": null,
      "outcomeResolution": null,
      "prediction": null,
      "plotSummaryInfoCount": 1,
      "plotSummaryInfo": {
        "classification": "자연탐구",
        "readAge": "초등_고학년",
        "form": "short-form",
        "plotSummaryText": "아프리카 초원 살고있는 많은 야생 동물들은 오랜 시간에 걸쳐 저마다 환경에 적응하며 살아갑니다.",
        "textWordEA": 13
      }
    }
  ]
}