{
  "title": "할머니의 수정 구슬",
  "author": "차보금",
  "illustrator": "한수진",
  "isbn": "9788998212902",
  "publishedYear": 2012,
  "publisher": "한얼에듀",
  "paragraphInfoCount": 20,
  "paragraphInfo": [
    {
      "srcTextID": "5810",
      "srcText": "아리는 숲속 마을에 살아요. 그런데 얼마 전부터 나무들이 시들시들해졌어요. 딱따구리 아줌마는 울먹이며 말했어요.",
      "srcPage": 1,
      "srcSentenceEA": 3,
      "srcWordEA": 15,
      "character": "아리,나무,딱따구리 아줌마",
      "setting": "숲 속 마을,얼마 전부터",
      "action": "살아요,말했어요",
      "feeling": "울먹이며",
      "causalRelationship": null,
      "outcomeResolution": null,
      "prediction": "딱따구리 아줌마는 울먹이며 말했어요.",
      "plotSummaryInfoCount": 1,
      "plotSummaryInfo": {
        "classification": "자연탐구",
        "readAge": "초등_고학년",
        "form": "short-form",
        "plotSummaryText": "아리는 숲 속 마을에 사는데 얼마 전부터 나무들이 시들시들해졌다고 딱따구리 아줌마는 울먹이며 말했다.",
        "textWordEA": 13
      }
    },
    {
      "srcTextID": "5811",
      "srcText": "“숲 한가운데에 큰길을 만든다면서 나무들을 마구 베고 있어.” 마음이 뒤숭숭해진 아리는 집으로 돌아왔어요. 그런데 편지와 작은 상자가 와 있네요.",
      "srcPage": 2,
      "srcSentenceEA": 3,
      "srcWordEA": 21,
      "character": "나무,아리,편지,작은 상자",
      "setting": "숲 한가운데,집",
      "action": "만든다면서,베고 있어,돌아왔어요,와 있네요",
      "feeling": null,
      "causalRelationship": "숲 한가운데에 큰길을 만든다면서 나무들을 마구 베고 있어.",
      "outcomeResolution": null,
      "prediction": "그런데 편지와 작은 상자가 와 있네요.",
      "plotSummaryInfoCount": 1,
      "plotSummaryInfo": {
        "classification": "자연탐구",
        "readAge": "초등_고학년",
        "form": "short-form",
        "plotSummaryText": "숲 한가운데에 큰길을 만든다고 나무들을 베고 있어서 마음이 뒤숭숭한 아리는 집으로 돌아왔는데, 편지와 작은 상자가 와 있었다.",
        "textWordEA": 17
      }
    },
    {
      "srcTextID": "5812",
      "srcText": "“아, 할머니가 보내셨구나!” 사랑하는 아리야, 상자 안의 구슬은 옛날부터 내려온 마법의 수정 구슬이란다. 지구가 깨끗할수록 빛이 나는 수정 구슬인데 점점 그 빛을 잃어 가는구나. ",
      "srcPage": 3,
      "srcSentenceEA": 3,
      "srcWordEA": 26,
      "character": "할머니,아리,수정 구슬",
      "setting": "옛날부터,지구",
      "action": "보내셨구나",
      "feeling": "사랑하는,깨끗할수록,빛이 나는",
      "causalRelationship": null,
      "outcomeResolution": null,
      "prediction": "지구가 깨끗할수록 빛이 나는 수정 구슬인데 점점 그 빛을 잃어 가는구나.",
      "plotSummaryInfoCount": 1,
      "plotSummaryInfo": {
        "classification": "자연탐구",
        "readAge": "초등_고학년",
        "form": "short-form",
        "plotSummaryText": "할머니가 보내주신 상자 안의 구슬은 마법의 수정 구슬로 지구가 깨끗할수록 빛이 나지만 지금은 점점 그 빛을 잃어 가고 있다고 했다.",
        "textWordEA": 20
      }
    },
    {
      "srcTextID": "5814",
      "srcText": "구슬이 완전히 어두워지면 이 세상엔 아무도 살 수 없게 된단다. 네가 수정 구슬의 빛을 되찾아 주렴. 할머니가 아리는 냉동 피자를 데웠어요.",
      "srcPage": 4,
      "srcSentenceEA": 3,
      "srcWordEA": 23,
      "character": "할머니,아리,구슬,냉동 피자",
      "setting": "세상",
      "action": "되찾아,데웠어요",
      "feeling": null,
      "causalRelationship": "구슬이 완전히 어두워지면 이 세상엔 아무도 살 수 없게 된단다.",
      "outcomeResolution": null,
      "prediction": "네가 수정 구슬의 빛을 되찾아 주렴.",
      "plotSummaryInfoCount": 1,
      "plotSummaryInfo": {
        "classification": "자연탐구",
        "readAge": "초등_고학년",
        "form": "short-form",
        "plotSummaryText": "구슬이 완전히 어두워지면 이 세상엔 아무도 살 수 없게 되기에 수정 구슬의 빛을 되찾아 주라고 써있었고 아리는 냉동 피자를 데웠다.",
        "textWordEA": 20
      }
    },
    {
      "srcTextID": "5824",
      "srcText": "아리는 큰 소리로 외쳤어요. 내일 숲을 청소할 거예요. 모두 연못가로 나오세요!",
      "srcPage": 15,
      "srcSentenceEA": 3,
      "srcWordEA": 13,
      "character": "아리",
      "setting": "내일,숲,연못가",
      "action": "큰 소리로 외쳤어요,청소할 거예요,나오세요",
      "feeling": null,
      "causalRelationship": "내일 숲을 청소할 거예요. 모두 연못가로 나오세요!",
      "outcomeResolution": null,
      "prediction": null,
      "plotSummaryInfoCount": 1,
      "plotSummaryInfo": {
        "classification": "자연탐구",
        "readAge": "초등_고학년",
        "form": "short-form",
        "plotSummaryText": "아리는 내일 숲을 청소할 거니 모두 연못가로 나오라고 큰 소리로 외쳤다.",
        "textWordEA": 11
      }
    },
    {
      "srcTextID": "5826",
      "srcText": "연못에는 동물들이 버린 깡통과 비닐봉지, 빈 병들이 잔뜩 떠 있었고, 물고기들은 뻐끔뻐끔 숨도 쉬지 못했어요. “그렇다고 여기서 그만둘 수는 없어.” 아리는 연못으로 들어가 쓰레기를 주웠어요.",
      "srcPage": 17,
      "srcSentenceEA": 3,
      "srcWordEA": 26,
      "character": "동물들,깡통,비닐봉지,빈 병,물고기",
      "setting": "연못",
      "action": "숨도 쉬지 못했어요,그만둘 수는 없어,쓰레기를 주웠어요.",
      "feeling": null,
      "causalRelationship": "연못에는 동물들이 버린 깡통과 비닐봉지,빈 병들이 잔뜩 떠 있었고,물고기들은 뻐끔뻐끔 숨도 쉬지 못했어요.",
      "outcomeResolution": "아리는 연못으로 들어가 쓰레기를 주웠어요.",
      "prediction": null,
      "plotSummaryInfoCount": 1,
      "plotSummaryInfo": {
        "classification": "자연탐구",
        "readAge": "초등_고학년",
        "form": "short-form",
        "plotSummaryText": "연못에는 동물들이 버린 깡통과 비닐봉지, 빈 병들이 떠 있었고 물고기들이 숨도 쉬지 못한 광경을 본 아리는 연못으로 들어가 쓰레기를 주웠다.",
        "textWordEA": 20
      }
    },
    {
      "srcTextID": "5816",
      "srcText": "그때 마침 타랑이가 놀러 왔어요. 자동차 꽁무니에서 나오는 연기가 자욱했지요. 아리는 큰소리를 쳤어요. ",
      "srcPage": 7,
      "srcSentenceEA": 3,
      "srcWordEA": 15,
      "character": "타랑이,자동차 꽁무니,연기,아리",
      "setting": "그때",
      "action": "놀러 왔어요,큰소리를 쳤어요",
      "feeling": null,
      "causalRelationship": null,
      "outcomeResolution": null,
      "prediction": "자동차 꽁무니에서 나오는 연기가 자욱했지요.",
      "plotSummaryInfoCount": 1,
      "plotSummaryInfo": {
        "classification": "자연탐구",
        "readAge": "초등_고학년",
        "form": "short-form",
        "plotSummaryText": "타랑이가 자동차를 타고 놀러 왔는데 자동차 꽁무니에서는 연기가 자욱하게 나왔다.",
        "textWordEA": 10
      }
    },
    {
      "srcTextID": "5817",
      "srcText": "미안, 미안! 좀 씻어도 되지? 축구하다가 그만 진흙투성이가 되었지 뭐야! 투실이는 욕조에 물을 가득 받고는 비누 거품을 잔뜩 풀어 목욕했어요.",
      "srcPage": 9,
      "srcSentenceEA": 4,
      "srcWordEA": 23,
      "character": "투실이,비누 거품,물",
      "setting": "욕조",
      "action": "목욕을 했어요,씻어도,가득 받고는",
      "feeling": null,
      "causalRelationship": "축구를 하다가 그만 진흙투성이가 되었지 뭐야!",
      "outcomeResolution": "욕조에 물을 가득 받고는 비누 거품을 잔뜩 풀어 목욕을 했어요.",
      "prediction": null,
      "plotSummaryInfoCount": 1,
      "plotSummaryInfo": {
        "classification": "자연탐구",
        "readAge": "초등_고학년",
        "form": "long-form",
        "plotSummaryText": "축구를 하다가 진흙투성이가 된 투실이는 욕조에 물을 가득 받고 비누 거품을 잔뜩 풀어 목욕을 했다.",
        "textWordEA": 15
      }
    },
    {
      "srcTextID": "5823",
      "srcText": "셋은 커다란 푯말을 들고 공원으로 갔어요. 타랑이는 비쩍 말라 죽는 나무처럼, 투실이는 시름시름 아픈 지구처럼 꾸몄지요. 아리는 큰 소리로 외쳤어요.",
      "srcPage": 14,
      "srcSentenceEA": 3,
      "srcWordEA": 22,
      "character": "타랑이,나무,투실이,아리,푯말",
      "setting": "공원",
      "action": "들고,갔어요,꾸몄지요,외쳤어요",
      "feeling": "비쩍 말라 죽는 나무처럼,시름시름 아픈 지구처럼",
      "causalRelationship": null,
      "outcomeResolution": null,
      "prediction": "아리는 큰 소리로 외쳤어요.",
      "plotSummaryInfoCount": 1,
      "plotSummaryInfo": {
        "classification": "자연탐구",
        "readAge": "초등_고학년",
        "form": "short-form",
        "plotSummaryText": "셋은 푯말을 들고 공원으로 갔고 타랑이는 나무처럼, 투실이는 아픈 지구처럼 구몄으며 아리는 큰 소리로 외쳤다.",
        "textWordEA": 15
      }
    },
    {
      "srcTextID": "5825",
      "srcText": "다음 날, 아리와 친구들은 연못가로 갔어요. “왜 아무도 없지? 숲이 죽어 가도 괜찮다는 걸까?” 아리와 친구들은 실망하고 말았어요.",
      "srcPage": 16,
      "srcSentenceEA": 4,
      "srcWordEA": 20,
      "character": "아리,친구들",
      "setting": "다음 날,연못가,숲",
      "action": "갔어요",
      "feeling": "실망하고 말았어요",
      "causalRelationship": null,
      "outcomeResolution": null,
      "prediction": "아리와 친구들은 실망하고 말았어요.",
      "plotSummaryInfoCount": 1,
      "plotSummaryInfo": {
        "classification": "자연탐구",
        "readAge": "초등_고학년",
        "form": "long-form",
        "plotSummaryText": "다음 날, 아리와 친구들은 연못가로 갔는데 연못에는 아무도 없어서 실망하였다.",
        "textWordEA": 10
      }
    },
    {
      "srcTextID": "5813",
      "srcText": "“냉장고에 전자레인지까지, 점점 세상은 살기 좋아지는데 수정 구슬이 왜 어두워지는 걸까?” 피자 상자를 휙 던지는 순간, 아리는 멈칫했어요. “쓰레기가 계속 쌓이면 어떻게 되는 거지?”",
      "srcPage": 5,
      "srcSentenceEA": 3,
      "srcWordEA": 25,
      "character": "냉장고,전자레인지,수정 구슬,피자 상자,아리,쓰레기",
      "setting": "세상,순간",
      "action": "던지는,멈칫했어요,쌓이면",
      "feeling": null,
      "causalRelationship": null,
      "outcomeResolution": null,
      "prediction": "쓰레기가 계속 쌓이면 어떻게 되는 거지?",
      "plotSummaryInfoCount": 1,
      "plotSummaryInfo": {
        "classification": "자연탐구",
        "readAge": "초등_고학년",
        "form": "short-form",
        "plotSummaryText": "피자 상자를 던지던 아리는 쓰레기가 계속 쌓이면 어떻게 되는지 생각하고는 멈칫했습니다.",
        "textWordEA": 11
      }
    },
    {
      "srcTextID": "5815",
      "srcText": "아리는 방으로 들어가 책을 뒤적였어요. 종이를 만들려면 나무를 베어야 하고, 전기는 땅속의 석유에서 나오는구나. 나무도 석유도 언젠가는 다 없어질 거고, 이 세상에는 아무도 살 수 없을 거야.",
      "srcPage": 6,
      "srcSentenceEA": 3,
      "srcWordEA": 29,
      "character": "아리,책,종이,나무,전기,석유",
      "setting": "방,땅속,세상",
      "action": "들어가,뒤적였어요,만들려면,베어야,나오는구나",
      "feeling": null,
      "causalRelationship": "종이를 만들려면 나무를 베어야 하고,전기는 땅속의 석유에서 나오는구나.",
      "outcomeResolution": null,
      "prediction": "나무도 석유도 언젠가는 다 없어질 거고,이 세상에는 아무도 살 수 없을 거야.",
      "plotSummaryInfoCount": 1,
      "plotSummaryInfo": {
        "classification": "자연탐구",
        "readAge": "초등_고학년",
        "form": "short-form",
        "plotSummaryText": "아리는 방으로 들어가 책을 뒤적였고 종이랑 전기를 쓰다 보면 나무도 석유도 언젠가는 다 없어지고 이 세상에는 아무것도 살 수 없을 것이라 생각했다.",
        "textWordEA": 22
      }
    },
    {
      "srcTextID": "5829",
      "srcText": "아리는 힘차게 말했어요. 딱따구리 아줌마도 미소를 지었지요. 어느덧 수정 구슬의 빛도 조금씩 밝아지기 시작했어요.",
      "srcPage": 20,
      "srcSentenceEA": 3,
      "srcWordEA": 16,
      "character": "아리,딱따구리 아줌마,수정 구슬",
      "setting": "어느덧",
      "action": "말했어요,지었지요",
      "feeling": null,
      "causalRelationship": null,
      "outcomeResolution": "어느덧 수정 구슬의 빛도 조금씩 밝아지기 시작했어요.",
      "prediction": null,
      "plotSummaryInfoCount": 1,
      "plotSummaryInfo": {
        "classification": "자연탐구",
        "readAge": "초등_고학년",
        "form": "short-form",
        "plotSummaryText": "딱따구리 아줌마도 미소를 지었는데 어느덧 수정 구슬의 빛도 조금씩 밝아지기 시작했다.",
        "textWordEA": 11
      }
    },
    {
      "srcTextID": "5818",
      "srcText": "자동차 연기가 얼마나 지구를 덥게 하는지 아니? 펭귄들이 사는 얼음이 다 녹고 있다고. 이번에는 진흙 범벅이 된 투실이가 뛰어 들어왔어요.",
      "srcPage": 8,
      "srcSentenceEA": 3,
      "srcWordEA": 22,
      "character": "자동차 연기,펭귄들,얼음,투실이",
      "setting": "지구,이번에는",
      "action": "사는,녹고 있다고,뛰어 들어왔어요",
      "feeling": null,
      "causalRelationship": "자동차 연기가 얼마나 지구를 덥게 하는지 아니? 펭귄들이 사는 얼음이 다 녹고 있다고.",
      "outcomeResolution": null,
      "prediction": null,
      "plotSummaryInfoCount": 1,
      "plotSummaryInfo": {
        "classification": "자연탐구",
        "readAge": "초등_고학년",
        "form": "short-form",
        "plotSummaryText": "자동차 연기가 지구를 덥게 해서 펭귄들이 사는 얼음이 다 녹고 있고 말을 할 때 투실이가 뛰어 들어왔다.",
        "textWordEA": 17
      }
    },
    {
      "srcTextID": "5820",
      "srcText": "아리는 얼굴을 찌푸리며 말했어요. 물을 그렇게 펑펑 쓰면 어떻게 해! 구정물은 강으로 흘러가서 강을 더럽혀.",
      "srcPage": 10,
      "srcSentenceEA": 3,
      "srcWordEA": 17,
      "character": "아리,얼굴,물,구정물",
      "setting": "강",
      "action": "말했어요,쓰면,흘러가서",
      "feeling": "찌푸리며",
      "causalRelationship": "구정물은 강으로 흘러가서 강을 더럽혀.",
      "outcomeResolution": null,
      "prediction": null,
      "plotSummaryInfoCount": 1,
      "plotSummaryInfo": {
        "classification": "자연탐구",
        "readAge": "초등_고학년",
        "form": "short-form",
        "plotSummaryText": "물을 펑펑 쓰면 구정물은 강으로 흘러가서 강을 더럽힌다고 아리는 얼굴을 찌푸리며 말했다.",
        "textWordEA": 12
      }
    },
    {
      "srcTextID": "5819",
      "srcText": "물이 없어서 고생하는 동물들도 있어. 그러자 투실이가 투덜거렸어요. “환경 운동가라도 된 거니? 갑자기 왜 그러는 거야?”",
      "srcPage": 11,
      "srcSentenceEA": 4,
      "srcWordEA": 18,
      "character": "물,동물,투실이,환경 운동가",
      "setting": null,
      "action": null,
      "feeling": "투덜거렸어요",
      "causalRelationship": null,
      "outcomeResolution": null,
      "prediction": "물이 없어서 고생하는 동물들도 있어.",
      "plotSummaryInfoCount": 1,
      "plotSummaryInfo": {
        "classification": "자연탐구",
        "readAge": "초등_고학년",
        "form": "long-form",
        "plotSummaryText": "물이 없어서 고생하는 동물들도 있다고 말을 하자 투실이가 갑자기 왜 그러는거냐고 투덜거렸다.",
        "textWordEA": 12
      }
    },
    {
      "srcTextID": "5821",
      "srcText": "아리는 차근차근 설명해 주었어요. 할머니의 수정 구슬이 점점 빛을 잃어 가고 있어. 그건 지구가 점점 더럽혀지고 있다는 뜻이야.",
      "srcPage": 12,
      "srcSentenceEA": 3,
      "srcWordEA": 20,
      "character": "아리,할머니,수정 구슬",
      "setting": "지구",
      "action": "설명해 주었어요",
      "feeling": "차근차근,더럽혀지고 있다",
      "causalRelationship": "할머니의 수정 구슬이 점점 빛을 잃어 가고 있어. 그건 지구가 점점 더럽혀지고 있다는 뜻이야.",
      "outcomeResolution": null,
      "prediction": null,
      "plotSummaryInfoCount": 1,
      "plotSummaryInfo": {
        "classification": "자연탐구",
        "readAge": "초등_고학년",
        "form": "short-form",
        "plotSummaryText": "아리는 할머니의 수정 구슬이 점점 빛을 잃어 가고 있고  점점 지구가 더럽혀지고 있다고 설명해 주었다.",
        "textWordEA": 16
      }
    },
    {
      "srcTextID": "5822",
      "srcText": "이 사실을 모두에게 알려야 해. 타랑이와 투실이는 깜짝 놀랐어요. “정말? 그럼 우리도 도울게!”",
      "srcPage": 13,
      "srcSentenceEA": 3,
      "srcWordEA": 15,
      "character": "타랑이,투실이,모두,우리",
      "setting": null,
      "action": "알려야 해,놀랐어요,도울게",
      "feeling": "깜짝 놀랐어요",
      "causalRelationship": null,
      "outcomeResolution": null,
      "prediction": "이 사실을 모두에게 알려야 해.",
      "plotSummaryInfoCount": 1,
      "plotSummaryInfo": {
        "classification": "자연탐구",
        "readAge": "초등_고학년",
        "form": "short-form",
        "plotSummaryText": "아리는 이 사실을 모두에게 알리기로 하고 타랑이와 투실이는 깜짝 놀라며 우리도 도울게라며 말했다.",
        "textWordEA": 13
      }
    },
    {
      "srcTextID": "5827",
      "srcText": "투실이와 타랑이도 다시 일어났어요. 바로 그때였어요! 동물들이 하나둘 모여들었어요. 숲이 죽어 간다는 것을 알게 된 거지요.",
      "srcPage": 18,
      "srcSentenceEA": 4,
      "srcWordEA": 19,
      "character": "투실이,타랑이,동물들",
      "setting": "바로 그때,숲",
      "action": "일어났어요,모여들었어요,알게 된 거지요",
      "feeling": "죽어 간다는 것",
      "causalRelationship": null,
      "outcomeResolution": null,
      "prediction": null,
      "plotSummaryInfoCount": 1,
      "plotSummaryInfo": {
        "classification": "자연탐구",
        "readAge": "초등_고학년",
        "form": "long-form",
        "plotSummaryText": "투실이와 타랑이도 다시 일어나고 다른 동물들도 하나 둘 모여들며 숲이 죽어 간다는 것을 알게 되었다.",
        "textWordEA": 15
      }
    },
    {
      "srcTextID": "5828",
      "srcText": "동물들은 힘을 모아 청소를 했어요. 고맙습니다, 여러분. 우리가 힘을 모아 우리 숲을 지켜요. 우리 지구도 우리가 살려요!",
      "srcPage": 19,
      "srcSentenceEA": 4,
      "srcWordEA": 20,
      "character": "동물들,우리,여러분",
      "setting": "숲,지구",
      "action": "청소를 했어요,힘을 모아,지켜요",
      "feeling": "고맙습니다",
      "causalRelationship": null,
      "outcomeResolution": null,
      "prediction": null,
      "plotSummaryInfoCount": 1,
      "plotSummaryInfo": {
        "classification": "자연탐구",
        "readAge": "초등_고학년",
        "form": "long-form",
        "plotSummaryText": "우리가 힘을 모아 숲을 지키고 지구도 우리가 살리자고 말하며 동물들은 힘을 모아 청소를 했다.",
        "textWordEA": 14
      }
    }
  ]
}