{
  "title": "코딩의 신",
  "author": "김소형",
  "illustrator": "명진",
  "isbn": "9791128211607",
  "publishedYear": 2018,
  "publisher": "아람북스",
  "paragraphInfoCount": 25,
  "paragraphInfo": [
    {
      "srcTextID": "121959",
      "srcText": "딩코는 쉬는 날이면 두보와 도서관에 갔어요. 책을 찾아가며 코딩에 대해 더 자세히 공부했어요. “이렇게 재미있는 걸 지금껏 모르고 있었다니, 너무 억울한걸?”",
      "srcPage": 21,
      "srcSentenceEA": 3,
      "srcWordEA": 22,
      "character": "딩코,두보,책",
      "setting": "도서관",
      "action": "갔어요,찾아가며,공부했어요",
      "feeling": "재미있는,억울한걸",
      "causalRelationship": null,
      "outcomeResolution": null,
      "prediction": null,
      "plotSummaryInfoCount": 1,
      "plotSummaryInfo": {
        "classification": "자연탐구",
        "readAge": "초등_고학년",
        "form": "short-form",
        "plotSummaryText": "딩코는 쉬는 날이면 두보와 도서관에 가서 책을 찾아가며 코딩을 공부했고, 딩코는 이렇게 재미있는 걸 이제 알아서 억울하다고 했습니다.",
        "textWordEA": 18
      }
    },
    {
      "srcTextID": "121961",
      "srcText": "학교에서 학생들은 딩코가 쓴 책으로 코딩을 쉽게 배웠어요. 직접 코딩을 해서 간단한 로봇이나 장난감도 만들었지요. 코딩을 해야 하는 곳에서 일하는 사람들도 딩코가 쓴 책을 곁에 두고 보면서 어떤 복잡한 과정의 일도 차근차근 해냈어요. 딩코는 자신이 쓴 책이 모두에게 도움이 되어서 무척 기뻤어요.",
      "srcPage": 25,
      "srcSentenceEA": 4,
      "srcWordEA": 45,
      "character": "학생들,딩코,책,로봇,장난감,사람들,자신",
      "setting": "학교",
      "action": "쓴,배웠어요,만들었지요,일하는,두고,보면서,해냈어요",
      "feeling": "기뻤어요",
      "causalRelationship": null,
      "outcomeResolution": null,
      "prediction": null,
      "plotSummaryInfoCount": 1,
      "plotSummaryInfo": {
        "classification": "자연탐구",
        "readAge": "초등_고학년",
        "form": "long-form",
        "plotSummaryText": "학교에서 학생들은 딩코가 쓴 책으로 코딩을 쉽게 배워 간단한 로봇이나 장난감을 만들고, 코딩해야 하는 곳에서 일하는 사람들도 딩코가 쓴 책을 보면서 복잡한 과정의 일도 해냈기에, 딩코는 자신이 쓴 책이 모두에게 도움이 되어서 기뻤습니다.",
        "textWordEA": 33
      }
    },
    {
      "srcTextID": "121949",
      "srcText": "이번에도 딩코는 두보가 시키는 대로 했어요.  \"자, 이제 컵케이크를 만든다!\" 블록을 모두 옮기고 재료의 양도 모두 입력한 딩코는 얼른 실행 버튼을 눌렀어요.",
      "srcPage": 11,
      "srcSentenceEA": 3,
      "srcWordEA": 23,
      "character": "딩코,두보,컵케이크,블록,재료,실행 버튼",
      "setting": null,
      "action": "시키는 대로 했어요,만든다,옮기고,입력한,눌렀어요",
      "feeling": null,
      "causalRelationship": null,
      "outcomeResolution": null,
      "prediction": null,
      "plotSummaryInfoCount": 1,
      "plotSummaryInfo": {
        "classification": "자연탐구",
        "readAge": "초등_고학년",
        "form": "short-form",
        "plotSummaryText": "딩코는 두보가 시키는 대로 했고 블록을 모두 옮기고 재료의 양도 입력한 딩코는 실행 버튼을 눌러 컵케이크를 만들었습니다.",
        "textWordEA": 17
      }
    },
    {
      "srcTextID": "121948",
      "srcText": "그러자 두보의 눈알이 빙글빙글 돌고 웅웅 소리가 나더니 양쪽 귀에 빨간색 불이 켜졌어요. \"버그 발생! 잘못된 부분을 찾아라! 두보는 화면에 조금 전에 딩코가 만든 블록들을 다시 띄웠어요. 딩코는 눈을 부릅뜨고 명령어를 살펴봤어요. “이런! 순서가 잘못되었잖아! 미안해. 다음부터는 잘 살펴볼게.\"",
      "srcPage": 12,
      "srcSentenceEA": 8,
      "srcWordEA": 45,
      "character": "두보,눈알,양쪽 귀,화면,딩코,블록,눈",
      "setting": null,
      "action": "돌고,찾아라,만든,띄웠어요,부릅뜨고,살펴봤어요,살펴볼게",
      "feeling": "미안해",
      "causalRelationship": null,
      "outcomeResolution": null,
      "prediction": null,
      "plotSummaryInfoCount": 1,
      "plotSummaryInfo": {
        "classification": "자연탐구",
        "readAge": "초등_고학년",
        "form": "long-form",
        "plotSummaryText": "두보의 눈알이 빙글빙글 돌고 소리가 나더니 양쪽 귀에 빨간색 불이 켜졌고, 두보가 화면에 조금 전에 딩코가 만든 블록을 다시 띄어주자, 딩코는 명령어 순서가 잘못되어 있는 것을 확인하고선 두보에게 미안하다고 다음부터는 잘 살펴본다고 말했습니다.",
        "textWordEA": 33
      }
    },
    {
      "srcTextID": "121953",
      "srcText": "그리고 초콜릿이 든 봉지를 들고 기계 앞에 섰어요. 기계에서 컵케이크가 나오자 딩코는 컵케이크에 초콜릿을 마구 뿌렸어요. 컵케이크는 엉망진창이 되었어요.",
      "srcPage": 17,
      "srcSentenceEA": 3,
      "srcWordEA": 21,
      "character": "초콜릿,봉지,기계,컵케이크,딩코",
      "setting": null,
      "action": "들고,섰어요,나오자,뿌렸어요",
      "feeling": null,
      "causalRelationship": null,
      "outcomeResolution": null,
      "prediction": null,
      "plotSummaryInfoCount": 1,
      "plotSummaryInfo": {
        "classification": "자연탐구",
        "readAge": "초등_고학년",
        "form": "short-form",
        "plotSummaryText": "딩코는 기계에서 컵케이크가 나오자 초콜릿을 마구 뿌렸고, 컵케이크는 엉망진창이 되었습니다.",
        "textWordEA": 10
      }
    },
    {
      "srcTextID": "118381",
      "srcText": "딩코는 낮에는 컵케이크 공장에서 열심히 일하고, 밤에는 열심히 원고를 썼어요. 공장에서 두보에게 코딩을 배우는 것이 도움이 되었지요. 무엇보다 처음 공장에서 일할 때 코딩을 몰라서 당황했던 경험이 큰 도움이 되었어요.",
      "srcPage": 23,
      "srcSentenceEA": 3,
      "srcWordEA": 31,
      "character": "딩코,원고,두보",
      "setting": "컵케이크 공장,공장",
      "action": "일하고,썼어요,배우는",
      "feeling": null,
      "causalRelationship": null,
      "outcomeResolution": null,
      "prediction": null,
      "plotSummaryInfoCount": 1,
      "plotSummaryInfo": {
        "classification": "자연탐구",
        "readAge": "초등_고학년",
        "form": "short-form",
        "plotSummaryText": "딩코는 낮에는 컵케이크 공장에서 열심히 일하고 밤에는 원고를 썼는데, 두보에게 코딩을 배우는 것과 처음 일할 때 코딩을 몰라서 당황했던 경험이 큰 도움이 되었습니다.",
        "textWordEA": 23
      }
    },
    {
      "srcTextID": "121960",
      "srcText": "딩코는 자신처럼 처음 코딩을 배우는 사람들에게 도움이 되도록 글을 쉽게 썼어요. 또 재미있는 코딩 교육 프로그램도 잊지 않고 소개했어요. 책은 나오자마자 큰 인기를 끌었어요.",
      "srcPage": 24,
      "srcSentenceEA": 3,
      "srcWordEA": 26,
      "character": "딩코,자신,사람들,책",
      "setting": null,
      "action": "배우는,썼어요,잊지,소개했어요",
      "feeling": null,
      "causalRelationship": null,
      "outcomeResolution": null,
      "prediction": null,
      "plotSummaryInfoCount": 1,
      "plotSummaryInfo": {
        "classification": "자연탐구",
        "readAge": "초등_고학년",
        "form": "short-form",
        "plotSummaryText": "딩코는 처음 코딩을 배우는 사람들에게 도움이 되도록 글을 썼고, 또 재미있는 코딩 교육 프로그램도 잊지 않고 소개했는데 그 책은 나오자마자 큰 인기를 끌었다.",
        "textWordEA": 23
      }
    },
    {
      "srcTextID": "121943",
      "srcText": "사장님이 나가자 딩코는 두보에게 슬쩍 말을 걸었어요. \"어이, 컵케이크를 만들어 봐! 코딩인가 뭔가 그걸 해 보란 말이야!\"",
      "srcPage": 5,
      "srcSentenceEA": 3,
      "srcWordEA": 18,
      "character": "사장님,딩코,두보,컵케이크",
      "setting": null,
      "action": "나가자,말을 걸었어요,만들어",
      "feeling": null,
      "causalRelationship": null,
      "outcomeResolution": null,
      "prediction": null,
      "plotSummaryInfoCount": 1,
      "plotSummaryInfo": {
        "classification": "자연탐구",
        "readAge": "초등_고학년",
        "form": "short-form",
        "plotSummaryText": "사장님이 나가자, 딩코는 두보에게 코딩으로 컵케이크를 만들어 보라고 말을 했습니다.",
        "textWordEA": 10
      }
    },
    {
      "srcTextID": "121942",
      "srcText": "\"난 어이가 아니라 두보다! 그리고 코딩은 컴퓨터가 하는 게 아니라 사람이 하는 거다. 코딩해라! 코딩해라!\" 두보는 양쪽 귀에 빨간색 불을 켜고 코딩하라는 말만 반복했어요. 딩코는 답답해서 화가 났어요.",
      "srcPage": 6,
      "srcSentenceEA": 6,
      "srcWordEA": 33,
      "character": "난,두보,컴퓨터,사람,양쪽 귀,딩코",
      "setting": null,
      "action": "코딩해라,켜고,말만 반복했어요",
      "feeling": "답답해서,화가 났어요",
      "causalRelationship": null,
      "outcomeResolution": null,
      "prediction": null,
      "plotSummaryInfoCount": 1,
      "plotSummaryInfo": {
        "classification": "자연탐구",
        "readAge": "초등_고학년",
        "form": "long-form",
        "plotSummaryText": "두보가 코딩은 컴퓨터가 하는 게 아니라 사람이 하는 거라고 말하면서 양쪽 귀에 빨간색 불을 켜고 코딩하라는 말만 반복하자, 딩코는 답답해서 화가 났습니다.",
        "textWordEA": 22
      }
    },
    {
      "srcTextID": "121955",
      "srcText": "걱정하는 딩코에게 두보가 다가와 말했어요. “딩코, 컵케이크 재료를 추가하려면 아까 코딩해 놓은 것을 조금 수정하면 된다. 그 과정에 재료를 하나만 추가하면 해결된다.”",
      "srcPage": 18,
      "srcSentenceEA": 3,
      "srcWordEA": 23,
      "character": "딩코,두보,컵케이크,재료",
      "setting": null,
      "action": "다가와,말했어요,추가하려면,코딩해,수정하면,추가하면",
      "feeling": null,
      "causalRelationship": null,
      "outcomeResolution": null,
      "prediction": null,
      "plotSummaryInfoCount": 1,
      "plotSummaryInfo": {
        "classification": "자연탐구",
        "readAge": "초등_고학년",
        "form": "short-form",
        "plotSummaryText": "걱정하는 딩코에게 두보가 다가와 컵케이크 재료를 추가하려면 아까 코딩해 놓은 것을 조금 수정해서 재료를 추가하면 된다고 말했습니다.",
        "textWordEA": 17
      }
    },
    {
      "srcTextID": "121956",
      "srcText": "두보의 말에 딩코는 아까 짜 놓은 과정을 살펴보았지요. “오, 바로 이거다!” 딩코는 이제 어떤 컵케이크도 손쉽게 만들 수 있었어요. 딩코는 컵케이크 컵의 모양과 색깔도 바꿀 수 있었지요.",
      "srcPage": 19,
      "srcSentenceEA": 4,
      "srcWordEA": 29,
      "character": "두보,딩코,컵케이크",
      "setting": null,
      "action": "짜,살펴보았지요,만들,바꿀",
      "feeling": null,
      "causalRelationship": null,
      "outcomeResolution": null,
      "prediction": null,
      "plotSummaryInfoCount": 1,
      "plotSummaryInfo": {
        "classification": "자연탐구",
        "readAge": "초등_고학년",
        "form": "long-form",
        "plotSummaryText": "두보의 말에 딩코는 아까 짜 놓은 과장을 살펴보았고, 딩코는 이제 어떤  컵케이크도 손쉽게 만들 수 있었습니다.",
        "textWordEA": 17
      }
    },
    {
      "srcTextID": "121957",
      "srcText": "사장님은 딩코가 코딩을 잘한다며 칭찬해 주었어요. 딩코는 힘들지 않은 일을 하며 추운 겨울을 날 수 있어 무척 기뻤어요. 또 두보로부터 코딩을 배울 수 있어 즐거웠지요.",
      "srcPage": 20,
      "srcSentenceEA": 3,
      "srcWordEA": 27,
      "character": "사장님,딩코,두보",
      "setting": null,
      "action": "칭찬해,날 수 있어,배울 수 있어",
      "feeling": "힘들지,기뻤어요,즐거웠지요",
      "causalRelationship": null,
      "outcomeResolution": null,
      "prediction": null,
      "plotSummaryInfoCount": 1,
      "plotSummaryInfo": {
        "classification": "자연탐구",
        "readAge": "초등_고학년",
        "form": "short-form",
        "plotSummaryText": "사장님은 딩코가 코딩을 잘한다며 칭찬해 주었고 딩코는 힘들지 않은 일을 하며 겨울을 날 수 있고 두보에게 코딩을 배울 수 있어 즐거웠습니다.",
        "textWordEA": 21
      }
    },
    {
      "srcTextID": "121958",
      "srcText": "딩코는 모두에게 코딩이 얼마나 재미있는지 알려 주고 싶었어요. “두보, 쉽고 재미있게 코딩을 배울 수 있는 책을 쓰고 싶어. 나 좀 도와줄래?” 그러자 두보가 눈을 반짝반짝 빛내며 대답했어요. “좋다! 나도 도와주겠다.” 딩코는 두보와 함께 코딩 책을 쓰기로 마음먹었어요. 바로 이런 제목으로요! 코딩의 신",
      "srcPage": 22,
      "srcSentenceEA": 8,
      "srcWordEA": 48,
      "character": "딩코,두보,책,나,눈,코딩책,코딩의 신",
      "setting": null,
      "action": "알려 주고,배울,쓰고,도와줄래,대답했어요,도와주겠다,쓰기로",
      "feeling": "재미있는지,재미있게,좋다",
      "causalRelationship": null,
      "outcomeResolution": null,
      "prediction": null,
      "plotSummaryInfoCount": 1,
      "plotSummaryInfo": {
        "classification": "자연탐구",
        "readAge": "초등_고학년",
        "form": "long-form",
        "plotSummaryText": "딩코는 모두에게 코딩이 얼마나 재미있는지 알려주고 싶어서 두보에게 쉽고 재미있게 코딩을 배울 수 있는 책을 쓰고 싶다며 도와달라고 하자 두보는 좋다고 했습니다.",
        "textWordEA": 22
      }
    },
    {
      "srcTextID": "121941",
      "srcText": "사무실에서 사장님이 딩코를 맞이했어요. “딩코 씨, 컴퓨터를 사용할 줄 아시나요?” 딩코는 컴퓨터를 잘 모르지만 어물쩍 “네!” 하고 대답했어요. 힘 안 드는 일을 꼭 하고 싶었거든요. 사장님은 고개를 끄덕이며 딩코를 일터로 데려갔어요.",
      "srcPage": 3,
      "srcSentenceEA": 6,
      "srcWordEA": 35,
      "character": "사장님,딩코,컴퓨터",
      "setting": "사무실,일터",
      "action": "맞이했어요,사용할,대답했어요,끄덕이며,데려갔어요",
      "feeling": null,
      "causalRelationship": null,
      "outcomeResolution": null,
      "prediction": null,
      "plotSummaryInfoCount": 1,
      "plotSummaryInfo": {
        "classification": "자연탐구",
        "readAge": "초등_고학년",
        "form": "long-form",
        "plotSummaryText": "사무실에서 딩코를 맞이한 사장님이 컴퓨터를 사용할 줄 아냐고 묻자 딩코는 힘 안 드는 일을 하고 싶은 마음에 무턱대고 네 하고 거짓으로 대답했고, 사장님은 딩코를 일터로 데려갔다.",
        "textWordEA": 26
      }
    },
    {
      "srcTextID": "121952",
      "srcText": "“반복하기 블록을 이용하면 된다.” 딩코는 두보의 말을 듣고 무릎을 탁 쳤어요. “아하!” “아, 정말 일이 하나도 힘들지 않잖아!” 코딩에 대해 좀 알게 된 딩코는 자신감이 넘쳤어요.",
      "srcPage": 15,
      "srcSentenceEA": 4,
      "srcWordEA": 28,
      "character": "블록,딩코,무릎",
      "setting": null,
      "action": "이용하면,듣고,쳤어요,코딩",
      "feeling": "힘들지,자신감이 넘쳤어요",
      "causalRelationship": null,
      "outcomeResolution": null,
      "prediction": null,
      "plotSummaryInfoCount": 1,
      "plotSummaryInfo": {
        "classification": "자연탐구",
        "readAge": "초등_고학년",
        "form": "long-form",
        "plotSummaryText": "반복하기 블록을 이용하면 된다고 두보가 말했고, 일이 하나도 힘들지 않고 코딩에 대해 알게 된 딩코는 자신감이 넘쳤습니다.",
        "textWordEA": 17
      }
    },
    {
      "srcTextID": "121954",
      "srcText": "컵케이크 100개를 순식간에 뚝딱 만들었으니까요. 그때 사장님으로부터 전화가 왔어요. “초콜릿 컵케이크 100개를 더 만들라고요? 네, 알겠습니다.” 딩코는 아까 코딩해 놓은 것을 그대로 사용했어요.",
      "srcPage": 16,
      "srcSentenceEA": 5,
      "srcWordEA": 26,
      "character": "컵케이크 100개,사장님,초콜릿,딩코",
      "setting": null,
      "action": "만들었으니까요,만들라고요,코딩해,사용했어요",
      "feeling": null,
      "causalRelationship": null,
      "outcomeResolution": null,
      "prediction": null,
      "plotSummaryInfoCount": 1,
      "plotSummaryInfo": {
        "classification": "자연탐구",
        "readAge": "초등_고학년",
        "form": "long-form",
        "plotSummaryText": "컵케이크 100개를 만들었고 그때 사장님의 전화로 초콜릿 컵케이크 100개를 만들라는 지시가 와서 딩코는 아까 코딩해 놓은 것을 그대로 사용했습니다.",
        "textWordEA": 19
      }
    },
    {
      "srcTextID": "118372",
      "srcText": "차가운 바람이 몰아치는 겨울날, 딩코는 길거리를 헤매고 있었어요. 며칠 동안 제대로 먹지 못해 배도 고프고 기운도 없었지요. “일하기는 정말 싫지만 어쩔 수 없이 일을 해서 돈을 벌어야겠군. 일은 조금만 해도 돈은 많이 주는 곳, 어디 없나?”",
      "srcPage": 1,
      "srcSentenceEA": 4,
      "srcWordEA": 38,
      "character": "바람,딩코,돈",
      "setting": "길거리,겨울날",
      "action": null,
      "feeling": "싫지만",
      "causalRelationship": "며칠 동안 제대로 먹지 못해 배도 고프고 기운도 없었지요.",
      "outcomeResolution": null,
      "prediction": null,
      "plotSummaryInfoCount": 1,
      "plotSummaryInfo": {
        "classification": "자연탐구",
        "readAge": "초등_고학년",
        "form": "long-form",
        "plotSummaryText": "겨울날 딩코는 길거리를 헤매고 있었고, 며칠 동안 먹지 못해 배도 고프고 기운도 없고 일하기는 싫지만 일을 해서 돈을 벌어야 하는 상황이었습니다.",
        "textWordEA": 21
      }
    },
    {
      "srcTextID": "118371",
      "srcText": "그때 벽에 붙어 있는 광고지가 눈에 뜨였어요. “오호, 바로 내가 찾던 곳이군!” 딩코는 광고지에 그려진 지도를 보고 공장으로 찾아갔어요. ",
      "srcPage": 2,
      "srcSentenceEA": 3,
      "srcWordEA": 20,
      "character": "벽,광고지,눈,내,딩코,지도",
      "setting": "공장",
      "action": "붙어,찾던,보고,찾아갔어요",
      "feeling": null,
      "causalRelationship": null,
      "outcomeResolution": null,
      "prediction": null,
      "plotSummaryInfoCount": 1,
      "plotSummaryInfo": {
        "classification": "자연탐구",
        "readAge": "초등_고학년",
        "form": "short-form",
        "plotSummaryText": "그때 벽에 붙어 있는 광고지가 눈에 띄었고, 딩코는 내가 찾던 곳이라며 광고지에 그려진 지도를 보고 공장을 찾아갔습니다.",
        "textWordEA": 17
      }
    },
    {
      "srcTextID": "121940",
      "srcText": "\"두보를 소개할게요. 두보는 로봇 모양의 컴퓨터예요. 대화도 할 수 있고 움직일 수도 있는 똑똑한 컴퓨터지요. 컴퓨터인 두보에게 컵케이크 만드는 프로그램을 코딩하세요. 그리고 프로그램을 실행하면 저 기계에서 컵케이크가 만들어질 거예요.\"",
      "srcPage": 4,
      "srcSentenceEA": 5,
      "srcWordEA": 33,
      "character": "두보,로봇,컴퓨터,컵케이크,기계",
      "setting": null,
      "action": "소개할게요,대화도 할,움직일,만드는,코딩하세요,실행하면,만들어질",
      "feeling": null,
      "causalRelationship": null,
      "outcomeResolution": null,
      "prediction": "그리고 프로그램을 실행하면 저 기계에서 컵케이크가 만들어질 거예요.",
      "plotSummaryInfoCount": 1,
      "plotSummaryInfo": {
        "classification": "자연탐구",
        "readAge": "초등_고학년",
        "form": "long-form",
        "plotSummaryText": "두보는 로봇 모양의 컴퓨터로 대화도 할 수 있고 움직일 수도 있고, 두보에게 컵케이크를 만드는 프로그램을 코딩하고 프로그램을 실행하면 기계에서 컵케이크가 만들어질 거라 했습니다.",
        "textWordEA": 23
      }
    },
    {
      "srcTextID": "121945",
      "srcText": "딩코는 일을 그만두고 확 나가 버릴까 하다가 꾹 참았어요. 배가 고프고, 바깥은 너무 추웠거든요. \"어떻게 코딩하면 되는지 네가 좀 알려 줘.\"",
      "srcPage": 7,
      "srcSentenceEA": 3,
      "srcWordEA": 22,
      "character": "딩코,네",
      "setting": null,
      "action": "그만두고,나가 버릴까 하다가,참았어요,알려 줘",
      "feeling": null,
      "causalRelationship": null,
      "outcomeResolution": null,
      "prediction": null,
      "plotSummaryInfoCount": 1,
      "plotSummaryInfo": {
        "classification": "자연탐구",
        "readAge": "초등_고학년",
        "form": "short-form",
        "plotSummaryText": "딩코는 일을 그만두고 나가 버릴까 하다가 꾹 참고 어떻게 코딩하면 되는지 알려 달라고 부탁했습니다.",
        "textWordEA": 14
      }
    },
    {
      "srcTextID": "121944",
      "srcText": "그러자 두보가 말했어요. \"좋다! 나는 스스로 코딩할 수 없지만 코딩하는 방법을 알려 줄 수는 있다. 먼저 컵케이크 만드는 순서를 정리해라. 순서와 방법을 차례대로 계획하면 된다.\" 딩코는 두보가 시키는 대로 했어요.",
      "srcPage": 8,
      "srcSentenceEA": 5,
      "srcWordEA": 34,
      "character": "두보,나,컵케이크,딩코",
      "setting": null,
      "action": "말했어요,코딩할,알려 줄,만드는,정리해라,계획하면,시키는 대로 했어요",
      "feeling": null,
      "causalRelationship": null,
      "outcomeResolution": null,
      "prediction": null,
      "plotSummaryInfoCount": 1,
      "plotSummaryInfo": {
        "classification": "자연탐구",
        "readAge": "초등_고학년",
        "form": "long-form",
        "plotSummaryText": "두보는 자기는 스스로 코딩할 수 없지만 코딩하는 방법을 알려 줄 수 있다고 했고 먼저 컵케이크 만드는 순서를 정하고 순서와 방법을 계획하면 된다고 하자 딩코는 두보가 시키는 대로 했습니다.",
        "textWordEA": 28
      }
    },
    {
      "srcTextID": "121947",
      "srcText": "\"이제 코딩할 순서다. 방금 계획한 컵케이크 만드는 순서를 컴퓨터 언어로 바꾸어 명령문을 작성해라.\" \"컴퓨터 언어? 그건 또 뭐야?\" 딩코가 어리둥절해하자 두보가 차근차근 설명해 주었어요.",
      "srcPage": 9,
      "srcSentenceEA": 5,
      "srcWordEA": 27,
      "character": "컵케이크,컴퓨터,딩코,두보",
      "setting": null,
      "action": "코딩할,바꾸어,작성해라,설명해",
      "feeling": "어리둥절해하자",
      "causalRelationship": null,
      "outcomeResolution": null,
      "prediction": null,
      "plotSummaryInfoCount": 1,
      "plotSummaryInfo": {
        "classification": "자연탐구",
        "readAge": "초등_고학년",
        "form": "long-form",
        "plotSummaryText": "컵케이크 만드는 순서를 컴퓨터 언어로 바꾸어 명령문을 작성해야 하는데 딩코가 컴퓨터 언어를 몰라 어리둥절해 하자 두보는 설명해 주었습니다.",
        "textWordEA": 18
      }
    },
    {
      "srcTextID": "121946",
      "srcText": "\"딩코는 컴퓨터를 잘 모르는 것 같으니 가장 쉬운 코딩 방법을 알려 주겠다.\" 그러자 두보의 얼굴에 블록으로 된 그림들이 나타났어요. \"이건 컴퓨터 언어 가운데 스크래치를 이용해 코딩을 하는 거다. 터치스크린이니 컵케이크 만드는 순서대로 블록을 손가락으로 끌어다가 오른쪽의 비어 있는 곳에 놓으면 된다. 그리고 알맞은 재료의 양을 입력하라.\"",
      "srcPage": 10,
      "srcSentenceEA": 5,
      "srcWordEA": 49,
      "character": "딩코,컴퓨터,두보,얼굴,블록,그림들,터치스크린,컵케이크,손가락,재료",
      "setting": null,
      "action": "알려 주겠다,나타났어요,만드는,끌어다가,놓으면,입력하라",
      "feeling": null,
      "causalRelationship": null,
      "outcomeResolution": null,
      "prediction": null,
      "plotSummaryInfoCount": 1,
      "plotSummaryInfo": {
        "classification": "자연탐구",
        "readAge": "초등_고학년",
        "form": "long-form",
        "plotSummaryText": "두보가 딩코에게 가장 쉬운 코딩을 알려주겠다고 하며 두보의 얼굴에 블록으로 된 그림이 나왔고, 터치스크린이니 컵케이크 만드는 순서대로 블록을 손가락으로 끌어다가 비어있는 곳으로 옮겨 알맞은 양을 입력하라고 했습니다.",
        "textWordEA": 27
      }
    },
    {
      "srcTextID": "121950",
      "srcText": "딩코는 머리를 긁적이며 사과했어요. 딩코는 잘못된 순서를 바르게 고치고 실행 버튼을 눌렀어요. “우아, 드디어 만들어진다!” 우여곡절 끝에 컵케이크가 만들어지기 시작했어요.",
      "srcPage": 13,
      "srcSentenceEA": 4,
      "srcWordEA": 22,
      "character": "딩코,머리,실행 버튼,컵케이크",
      "setting": null,
      "action": "긁적이며,눌렀어요,고치고",
      "feeling": null,
      "causalRelationship": null,
      "outcomeResolution": null,
      "prediction": null,
      "plotSummaryInfoCount": 1,
      "plotSummaryInfo": {
        "classification": "자연탐구",
        "readAge": "초등_고학년",
        "form": "long-form",
        "plotSummaryText": "딩코가 잘못된 순서를 고치고 실행 버튼을 누르자 컵케이크가 만들어지기 시작했습니다.",
        "textWordEA": 10
      }
    },
    {
      "srcTextID": "121951",
      "srcText": "하지만 한 개 만들어지면 실행 버튼을 누르고, 또 한 개 만들어지면 실행 버튼을 눌러야 했어요. “아아, 100개의 컵케이크를 만들려면 이걸 100번을 눌러야 해?” 그러자 두보가 말했어요.",
      "srcPage": 14,
      "srcSentenceEA": 3,
      "srcWordEA": 27,
      "character": "실행 버튼,100개의 컵케이크,두보",
      "setting": null,
      "action": "누르고,눌러야,말했어요",
      "feeling": null,
      "causalRelationship": null,
      "outcomeResolution": null,
      "prediction": "아아, 100개의 컵케이크를 만들려면 이걸 100번을 눌러야 해?",
      "plotSummaryInfoCount": 1,
      "plotSummaryInfo": {
        "classification": "자연탐구",
        "readAge": "초등_고학년",
        "form": "short-form",
        "plotSummaryText": "한 개씩 만들어질 때마다 실행 버튼을 눌러야 하는 상황이 되자, 딩코는 100개의 컵케이크를 만들려면 100번을 눌러야 하냐고 물었고 두보가 말했습니다.",
        "textWordEA": 20
      }
    }
  ]
}