{
  "title": "나무 팬티 줄까? 고무 팬티 줄까?",
  "author": "우은경",
  "illustrator": "이주현",
  "isbn": "9791128211416",
  "publishedYear": 2018,
  "publisher": "아람북스",
  "paragraphInfoCount": 31,
  "paragraphInfo": [
    {
      "srcTextID": "11115",
      "srcText": "도깨비가 부르는 노래를 들은 호랑이는 깜짝 놀랐어. “뭐? 감히 호랑이 가죽으로 팬티를 만들었다고?” 호랑이는 당장 도깨비네 집으로 달려갔어. ",
      "srcPage": 2,
      "srcSentenceEA": 3,
      "srcWordEA": 20,
      "character": "도깨비,호랑이,팬티,호랑이 가죽",
      "setting": "도깨비네 집",
      "action": "만들었다고,달려갔어",
      "feeling": "깜짝 놀랐어",
      "causalRelationship": null,
      "outcomeResolution": null,
      "prediction": null,
      "plotSummaryInfoCount": 1,
      "plotSummaryInfo": {
        "classification": "자연탐구",
        "readAge": "초등_고학년",
        "form": "short-form",
        "plotSummaryText": "도깨비의 팬티가 호랑이 가죽으로 만든다는 노래를 들은 호랑이는 깜짝 놀라 당장 도깨비네 집으로 달려갔습니다.",
        "textWordEA": 14
      }
    },
    {
      "srcTextID": "11131",
      "srcText": "아니면 여러 가지 물질로 만들 거야? “그게 무슨 말이야?” 친구들의 물음에 너구리가 자세히 이야기했어.",
      "srcPage": 9,
      "srcSentenceEA": 3,
      "srcWordEA": 15,
      "character": "친구들,너구리",
      "setting": null,
      "action": "만들,이야기했어",
      "feeling": null,
      "causalRelationship": null,
      "outcomeResolution": null,
      "prediction": null,
      "plotSummaryInfoCount": 1,
      "plotSummaryInfo": {
        "classification": "자연탐구",
        "readAge": "초등_고학년",
        "form": "short-form",
        "plotSummaryText": "친구들이 여러 가지 물질로 만든다는 것이 무슨 말인지 묻자, 너구리가 자세히 이야기했습니다.",
        "textWordEA": 12
      }
    },
    {
      "srcTextID": "11133",
      "srcText": " “그럼, 도깨비 팬티는 한 가지 물질로 만들기로 하자!” 너구리는 다시 안경을 추켜올리며 말했어. 물질마다 색깔이나 촉감, 무게, 늘어나는 정도나 물에 뜨는 정도가 달라.",
      "srcPage": 12,
      "srcSentenceEA": 3,
      "srcWordEA": 25,
      "character": "도깨비 팬티,너구리,안경",
      "setting": null,
      "action": "만들기로 하자,추켜올리며,말했어",
      "feeling": null,
      "causalRelationship": null,
      "outcomeResolution": null,
      "prediction": null,
      "plotSummaryInfoCount": 1,
      "plotSummaryInfo": {
        "classification": "자연탐구",
        "readAge": "초등_고학년",
        "form": "short-form",
        "plotSummaryText": "도깨비 팬티는 한 가지 물질로 만들기로 했는데, 너구리가 물질마다 색깔, 촉감 등의 성질이 다르다고 말했습니다.",
        "textWordEA": 15
      }
    },
    {
      "srcTextID": "108217",
      "srcText": "“너구리야, 너는 무엇으로 팬티를 만들 거야?” “나는 고무로 만들래. 고무는 질기고 잘 늘어나잖아. 날씬한 도깨비에게는 몸에 착 달라붙는 멋진 고무 팬티가 딱 어울릴 거야.”",
      "srcPage": 16,
      "srcSentenceEA": 4,
      "srcWordEA": 26,
      "character": "너구리,너,팬티,나,도깨비,고무 팬티,고무",
      "setting": null,
      "action": "만들,만들래",
      "feeling": null,
      "causalRelationship": null,
      "outcomeResolution": null,
      "prediction": null,
      "plotSummaryInfoCount": 1,
      "plotSummaryInfo": {
        "classification": "자연탐구",
        "readAge": "초등_고학년",
        "form": "long-form",
        "plotSummaryText": "너구리에게 무엇으로 팬티를 만들지 묻자, 질기고 잘 늘어나는 고무 팬티가 날씬한 도깨비에게 어울릴 거라고 말했습니다.",
        "textWordEA": 15
      }
    },
    {
      "srcTextID": "108218",
      "srcText": "몇몇 친구는 고개를 끄덕였어. 하지만 곰은 고개를 저으며 말했지. “고무 팬티를 입으면 몸에서 땀이 줄줄 날걸.”",
      "srcPage": 17,
      "srcSentenceEA": 3,
      "srcWordEA": 17,
      "character": "친구,곰,고무 팬티",
      "setting": null,
      "action": "고개를 끄덕였어,고개를 저으며,말했지,입으면",
      "feeling": null,
      "causalRelationship": null,
      "outcomeResolution": null,
      "prediction": null,
      "plotSummaryInfoCount": 1,
      "plotSummaryInfo": {
        "classification": "자연탐구",
        "readAge": "초등_고학년",
        "form": "short-form",
        "plotSummaryText": "몇몇 친구는 고개를 끄덕였지만, 곰은 고무 팬티를 입으면 땀이 줄줄 날 거라고 말했습니다.",
        "textWordEA": 13
      }
    },
    {
      "srcTextID": "108219",
      "srcText": "“나는 나무 팬티를 만들 거야.” 딱따구리의 말에 다들 고개를 저었어. “뭐? 나무로 팬티를 만드는 건 어울리지 않아.”",
      "srcPage": 18,
      "srcSentenceEA": 3,
      "srcWordEA": 19,
      "character": "나,나무 팬티,딱따구리,팬티",
      "setting": null,
      "action": "만들 거야,고개를 저었어,만드는",
      "feeling": null,
      "causalRelationship": null,
      "outcomeResolution": null,
      "prediction": null,
      "plotSummaryInfoCount": 1,
      "plotSummaryInfo": {
        "classification": "자연탐구",
        "readAge": "초등_고학년",
        "form": "short-form",
        "plotSummaryText": "딱따구리가 나무 팬티를 만들겠다고 하자, 다들 고개를 저으며 나무로 팬티를 만드는 건 어울리지 않는다고 했습니다.",
        "textWordEA": 15
      }
    },
    {
      "srcTextID": "108223",
      "srcText": "다음 날 아침, 동물들은 도깨비네 집 마당에 모였어. 곰이 가장 먼저 도깨비에게 철 팬티를 건넸지. “우아, 팬티가 꼭 멋진 가면 같아.”",
      "srcPage": 21,
      "srcSentenceEA": 3,
      "srcWordEA": 22,
      "character": "동물들,곰,도깨비,철 팬티,팬티,가면",
      "setting": "다음 날 아침,도깨비네 집 마당",
      "action": "모였어,건넸지",
      "feeling": "멋진",
      "causalRelationship": null,
      "outcomeResolution": null,
      "prediction": null,
      "plotSummaryInfoCount": 1,
      "plotSummaryInfo": {
        "classification": "자연탐구",
        "readAge": "초등_고학년",
        "form": "short-form",
        "plotSummaryText": "다음 날 아침, 동물들이 도깨비네 집 마당에 모이자, 가장 먼저 곰이 도깨비에게 철 팬티를 건넸고, 팬티가 멋진 가면 같다고 했습니다.",
        "textWordEA": 20
      }
    },
    {
      "srcTextID": "108224",
      "srcText": "도깨비는 철 팬티가 마음에 드는지 얼른 입고 이리저리 움직여 보았어. “좀 무겁긴 한데, 남들에게 무섭게 보이고 싶을 때는 딱 좋겠어!” 다음으로 도깨비는 너구리가 만든 고무 팬티를 입어 보았어.",
      "srcPage": 22,
      "srcSentenceEA": 3,
      "srcWordEA": 29,
      "character": "도깨비,철 팬티,남들,너구리,고무 팬티",
      "setting": null,
      "action": "입고,움직여 보았어,만든,입어 보았어",
      "feeling": "좋겠어",
      "causalRelationship": null,
      "outcomeResolution": null,
      "prediction": null,
      "plotSummaryInfoCount": 1,
      "plotSummaryInfo": {
        "classification": "자연탐구",
        "readAge": "초등_고학년",
        "form": "short-form",
        "plotSummaryText": "도깨비는 철 팬티를 입어보더니 무겁긴 하지만 무서워 보이고 싶을 때 좋겠다고 말했고, 다음으로 너구리의 고무 팬티를 입어 보았습니다.",
        "textWordEA": 18
      }
    },
    {
      "srcTextID": "11144",
      "srcText": "그런데 나뭇조각이 철로 이어져 있었어. “어? 한 가지 물질로만 팬티를 만들기로 했잖아?” 너구리가 딱따구리를 나무라자 딱따구리 얼굴이 빨개졌어. ",
      "srcPage": 25,
      "srcSentenceEA": 3,
      "srcWordEA": 20,
      "character": "나뭇조각,철,팬티,너구리,딱따구리",
      "setting": null,
      "action": "만들기로 했잖아,나무라자,얼굴이 빨개졌어",
      "feeling": null,
      "causalRelationship": null,
      "outcomeResolution": null,
      "prediction": null,
      "plotSummaryInfoCount": 1,
      "plotSummaryInfo": {
        "classification": "자연탐구",
        "readAge": "초등_고학년",
        "form": "short-form",
        "plotSummaryText": "나뭇조각이 철로 이어져 있다고 하자, 너구리가 한 가지 물질로만 팬티를 만들기로 하지 않았냐며 딱따구리를 나무랐습니다.",
        "textWordEA": 15
      }
    },
    {
      "srcTextID": "11142",
      "srcText": "“한 가지 물질이 아니면 어때? 나는 마음에 들어.” 도깨비가 나무 팬티를 입고 씨익 웃으며 딱따구리를 달래 주었어.",
      "srcPage": 26,
      "srcSentenceEA": 3,
      "srcWordEA": 19,
      "character": "나,도깨비,나무 팬티,딱따구리",
      "setting": null,
      "action": "입고,웃으며,달래 주었어",
      "feeling": null,
      "causalRelationship": null,
      "outcomeResolution": null,
      "prediction": null,
      "plotSummaryInfoCount": 1,
      "plotSummaryInfo": {
        "classification": "자연탐구",
        "readAge": "초등_고학년",
        "form": "short-form",
        "plotSummaryText": "도깨비는 한 가지 물질이 아니어도 자기는 마음에 든다며, 나무 팬티를 입고 딱따구리를 달래 주었습니다.",
        "textWordEA": 14
      }
    },
    {
      "srcTextID": "11145",
      "srcText": "“팬티가 정말 예쁜데?” 동물들의 말에 도깨비도 기분이 좋았어. 예쁜 유리구슬 좀 봐! 이 팬티를 입고 자면 좋은 꿈을 꿀 것 같아.",
      "srcPage": 28,
      "srcSentenceEA": 4,
      "srcWordEA": 24,
      "character": "팬티,동물들,도깨비,유리구슬",
      "setting": null,
      "action": "봐,입고,자면",
      "feeling": "기분이 좋았어,예쁜데",
      "causalRelationship": null,
      "outcomeResolution": null,
      "prediction": null,
      "plotSummaryInfoCount": 1,
      "plotSummaryInfo": {
        "classification": "자연탐구",
        "readAge": "초등_고학년",
        "form": "long-form",
        "plotSummaryText": "팬티가 예쁘다는 동물들의 말에 도깨비도 기분이 좋았고, 예쁜 유리구슬 팬티를 입고 자면 좋은 꿈을 꿀 것 같았습니다.",
        "textWordEA": 17
      }
    },
    {
      "srcTextID": "11147",
      "srcText": "게다가 천으로 만들어서 부드럽고 편해. 토끼야, 정말 고마워.” 도깨비는 언제 엉엉 울었냐는 듯, 입이 귀에 걸릴 만큼 크게 웃었지. 무섭게 보이고 싶을 때는 단단한 철 팬티!",
      "srcPage": 29,
      "srcSentenceEA": 4,
      "srcWordEA": 29,
      "character": "천,토끼,도깨비,철 팬티",
      "setting": null,
      "action": "만들어서,웃었지",
      "feeling": "고마워",
      "causalRelationship": null,
      "outcomeResolution": null,
      "prediction": null,
      "plotSummaryInfoCount": 1,
      "plotSummaryInfo": {
        "classification": "자연탐구",
        "readAge": "초등_고학년",
        "form": "long-form",
        "plotSummaryText": "천으로 만들어 부드럽고 편하다며 토끼에게 고맙다고 한 도깨비는 언제 울었냐는 듯 크게 웃었습니다.",
        "textWordEA": 13
      }
    },
    {
      "srcTextID": "11116",
      "srcText": "마침 도깨비네 집 마당 빨랫줄에 도깨비 팬티가 널려 있었지. 호랑이는 도깨비 팬티를 슬쩍 가져가 버렸어. 팬티를 도둑맞은 도깨비는 엉엉 울었어. ",
      "srcPage": 3,
      "srcSentenceEA": 3,
      "srcWordEA": 22,
      "character": "빨랫줄,도깨비 팬티,호랑이,팬티,도깨비",
      "setting": "도깨비네 집 마당",
      "action": "가져가 버렸어,울었어",
      "feeling": null,
      "causalRelationship": null,
      "outcomeResolution": null,
      "prediction": null,
      "plotSummaryInfoCount": 1,
      "plotSummaryInfo": {
        "classification": "자연탐구",
        "readAge": "초등_고학년",
        "form": "short-form",
        "plotSummaryText": "호랑이는 도깨비네 집 빨랫줄에 걸린 도깨비 팬티를 슬쩍 가져갔고, 팬티를 잃어버린 도깨비는 울었습니다.",
        "textWordEA": 13
      }
    },
    {
      "srcTextID": "108222",
      "srcText": "“우아, 팬티가 쫙쫙 늘어나는데?” 고무 팬티는 잘 늘어나서 입고 벗기가 좋았지. “도깨비야, 몸에 딱 달라붙는 팬티를 입으니까 멋진 모델 같아.” 동물들이 칭찬하자 도깨비는 어깨를 으쓱하며 말했어.",
      "srcPage": 23,
      "srcSentenceEA": 4,
      "srcWordEA": 28,
      "character": "팬티,고무 팬티,도깨비,동물들",
      "setting": null,
      "action": "입고,벗기,입으니까,칭찬하자,말했어",
      "feeling": "멋진",
      "causalRelationship": null,
      "outcomeResolution": null,
      "prediction": null,
      "plotSummaryInfoCount": 1,
      "plotSummaryInfo": {
        "classification": "자연탐구",
        "readAge": "초등_고학년",
        "form": "long-form",
        "plotSummaryText": "잘 늘어나는 고무 팬티는 입고 벗기가 좋았고, 동물들이 몸에 딱 달라붙는 팬티를 입으니 모델 같다고 칭찬하자 도깨비는 으쓱하며 말했습니다.",
        "textWordEA": 19
      }
    },
    {
      "srcTextID": "11143",
      "srcText": "그다음, 도깨비는 딱따구리가 만든 나무 팬티를 입어 보았어. “가볍고 튼튼해 보여. 게다가 나무 향기가 나서 기분까지 좋아져.”",
      "srcPage": 24,
      "srcSentenceEA": 3,
      "srcWordEA": 18,
      "character": "도깨비,딱따구리,나무 팬티,나무",
      "setting": "그다음",
      "action": "만든,입어 보았어",
      "feeling": "좋아져",
      "causalRelationship": null,
      "outcomeResolution": null,
      "prediction": null,
      "plotSummaryInfoCount": 1,
      "plotSummaryInfo": {
        "classification": "자연탐구",
        "readAge": "초등_고학년",
        "form": "short-form",
        "plotSummaryText": "도깨비는 딱따구리의 나무 팬티를 입더니, 가볍고 튼튼해 보이면서 나무 향기가 나서 기분까지 좋아진다고 말했습니다.",
        "textWordEA": 14
      }
    },
    {
      "srcTextID": "11146",
      "srcText": "뒤에서 머뭇거리고 있던 토끼도 팬티를 내밀었어. “그, 그럼 내가 만든 것도 입어 봐.” 토끼가 만든 팬티는 부드러운 천에 예쁜 유리구슬이 달려 있었어.",
      "srcPage": 27,
      "srcSentenceEA": 3,
      "srcWordEA": 23,
      "character": "토끼,팬티,내가 만든 것,천,유리구슬",
      "setting": null,
      "action": "내밀었어,입어 봐",
      "feeling": "예쁜",
      "causalRelationship": null,
      "outcomeResolution": null,
      "prediction": null,
      "plotSummaryInfoCount": 1,
      "plotSummaryInfo": {
        "classification": "자연탐구",
        "readAge": "초등_고학년",
        "form": "short-form",
        "plotSummaryText": "뒤에서 머뭇거리고 있던 토끼가 자기가 만들었다며 팬티를 내밀었는데, 부드러운 천에 예쁜 유리구슬이 달려 있었습니다.",
        "textWordEA": 14
      }
    },
    {
      "srcTextID": "11148",
      "srcText": "여자 친구를 만날 때는 모델처럼 보이는 멋진 고무 팬티! 기분이 안 좋을 때는 향기 나는 나무 팬티! 잠잘 때는 편안한 천 팬티! ",
      "srcPage": 30,
      "srcSentenceEA": 3,
      "srcWordEA": 24,
      "character": "여자 친구,고무 팬티,나무 팬티,천 팬티",
      "setting": null,
      "action": "만날,잠잘",
      "feeling": null,
      "causalRelationship": null,
      "outcomeResolution": null,
      "prediction": null,
      "plotSummaryInfoCount": 1,
      "plotSummaryInfo": {
        "classification": "자연탐구",
        "readAge": "초등_고학년",
        "form": "short-form",
        "plotSummaryText": "여자 친구를 만날 때는 멋진 고무 팬티, 기분이 안 좋을 때는 나무 팬티, 잠잘 때는 편안한 천 팬티를 입습니다.",
        "textWordEA": 19
      }
    },
    {
      "srcTextID": "11150",
      "srcText": "철 팬티, 고무 팬티, 나무 팬티, 그리고 천 팬티도 있어요. 날마다 다른 팬티를 입어요. 도깨비는 호랑이 가죽으로 만든 팬티는 까맣게 잊어버렸지. 그리고 너구리와 곰, 딱따구리와 토끼는 ‘아주 특별한 팬티 가게’를 차렸어. 특별한 팬티가 많아서 가게는 손님들로 늘 북적거렸어.",
      "srcPage": 32,
      "srcSentenceEA": 6,
      "srcWordEA": 43,
      "character": "철 팬티,고무 팬티,나무 팬티,천 팬티,팬티,호랑이 가죽,너구리,곰,딱따구리,토끼,특별한 팬티,손님들",
      "setting": "아주 특별한 팬티 가게,가게",
      "action": "입어요,차렸어",
      "feeling": null,
      "causalRelationship": "특별한 팬티가 많아서 가게는 손님들로 늘 북적거렸어.",
      "outcomeResolution": null,
      "prediction": null,
      "plotSummaryInfoCount": 1,
      "plotSummaryInfo": {
        "classification": "자연탐구",
        "readAge": "초등_고학년",
        "form": "long-form",
        "plotSummaryText": "도깨비는 날마다 다른 팬티를 입으면서 호랑이 가죽 팬티는 까맣게 잊어버렸고, 너구리, 곰, 딱따구리와 토끼는 아주 특별한 팬티 가게를 차렸는데 특별한 팬티가 많아서 손님들로 늘 북적거렸습니다.",
        "textWordEA": 25
      }
    },
    {
      "srcTextID": "11121",
      "srcText": "“이천 년 만에 처음 빨았는데, 도둑맞을 줄이야. 하나밖에 없는 팬티인데, 엉엉!” 동물들이 도깨비를 위해 모였어. “도깨비가 팬티를 도둑맞은 뒤로 계속 울기만 해. 어떻게 하지?”",
      "srcPage": 4,
      "srcSentenceEA": 5,
      "srcWordEA": 27,
      "character": "팬티,동물들,도깨비",
      "setting": "이천 년",
      "action": "빨았는데,모였어,울기만 해",
      "feeling": null,
      "causalRelationship": null,
      "outcomeResolution": null,
      "prediction": null,
      "plotSummaryInfoCount": 1,
      "plotSummaryInfo": {
        "classification": "자연탐구",
        "readAge": "초등_고학년",
        "form": "long-form",
        "plotSummaryText": "동물들은 도깨비를 위해 모였고, 이천 년 만에 처음 빤 하나밖에 없는 팬티를 도둑맞은 도깨비는 계속 울기만 했습니다.",
        "textWordEA": 17
      }
    },
    {
      "srcTextID": "11120",
      "srcText": "“우리가 도깨비한테 팬티를 만들어 주자.” “그게 좋겠다, 그런데 어떤 팬티가 좋을까?” 동물들은 너구리를 바라보았어.",
      "srcPage": 5,
      "srcSentenceEA": 3,
      "srcWordEA": 15,
      "character": "우리,도깨비,팬티,동물들,너구리",
      "setting": null,
      "action": "만들어 주자,바라보았어",
      "feeling": null,
      "causalRelationship": null,
      "outcomeResolution": null,
      "prediction": null,
      "plotSummaryInfoCount": 1,
      "plotSummaryInfo": {
        "classification": "자연탐구",
        "readAge": "초등_고학년",
        "form": "short-form",
        "plotSummaryText": "동물들은 도깨비한테 팬티를 만들어 주기로 하고, 어떤 팬티가 좋을까 생각하다 너구리를 바라보았습니다.",
        "textWordEA": 12
      }
    },
    {
      "srcTextID": "11122",
      "srcText": "똑똑한 너구리라면 답을 알 것 같았지. 너구리가 안경을 추켜올리며 말했어. 먼저 어떤 물질로 팬티를 만들지 생각해야 해. ",
      "srcPage": 6,
      "srcSentenceEA": 3,
      "srcWordEA": 19,
      "character": "너구리,안경,팬티",
      "setting": null,
      "action": "추켜올리며,말했어,만들지,생각해야 해",
      "feeling": null,
      "causalRelationship": null,
      "outcomeResolution": null,
      "prediction": null,
      "plotSummaryInfoCount": 1,
      "plotSummaryInfo": {
        "classification": "자연탐구",
        "readAge": "초등_고학년",
        "form": "short-form",
        "plotSummaryText": "똑똑한 너구리는 먼저 어떤 물질로 팬티를 만들지 생각해야 한다고 말합니다.",
        "textWordEA": 10
      }
    },
    {
      "srcTextID": "11132",
      "srcText": "철? 고무? 나무? 플라스틱? 유리? 천? 어떤 물질로 만들면 좋겠어? “철로 만든 팬티는 어때?” “나는 나무 팬티가 좋을 것 같아.” ",
      "srcPage": 7,
      "srcSentenceEA": 8,
      "srcWordEA": 26,
      "character": "철,고무,나무,플라스틱,유리,천,팬티,나",
      "setting": null,
      "action": "만들면,만든",
      "feeling": null,
      "causalRelationship": null,
      "outcomeResolution": null,
      "prediction": null,
      "plotSummaryInfoCount": 1,
      "plotSummaryInfo": {
        "classification": "자연탐구",
        "readAge": "초등_고학년",
        "form": "long-form",
        "plotSummaryText": "철, 고무, 나무, 플라스틱 등 어떤 물질로 만들면 좋을지 물었습니다.",
        "textWordEA": 10
      }
    },
    {
      "srcTextID": "11130",
      "srcText": "“플라스틱 장식이 있는 고무 팬티를 만들자.” 너도나도 한마디씩 하자 너구리가 끼어들었어. 얘들아, 잠깐만! 팬티를 한 가지 물질로 만들 거야?",
      "srcPage": 8,
      "srcSentenceEA": 4,
      "srcWordEA": 22,
      "character": "플라스틱 장식,고무 팬티,너구리,얘들",
      "setting": null,
      "action": "만들자,한마디씩 하자,끼어들었어",
      "feeling": null,
      "causalRelationship": null,
      "outcomeResolution": null,
      "prediction": null,
      "plotSummaryInfoCount": 1,
      "plotSummaryInfo": {
        "classification": "자연탐구",
        "readAge": "초등_고학년",
        "form": "long-form",
        "plotSummaryText": "너도나도 한마디씩 하자, 너구리가 팬티를 한 가지 물질로만 만들 것인지 물었습니다.",
        "textWordEA": 11
      }
    },
    {
      "srcTextID": "11128",
      "srcText": "“물체는 한 가지 물질로 만들 수도 있고, 여러 가지 물질로 만들 수도 있어. 가위랑 안경은 여러 가지 물질로 만들었어.” “아하! 여러 가지 물질을 섞어 물체를 만들 수도 있구나.”",
      "srcPage": 10,
      "srcSentenceEA": 3,
      "srcWordEA": 30,
      "character": "물체,가위,안경",
      "setting": null,
      "action": "만들,만들었어,섞어",
      "feeling": null,
      "causalRelationship": null,
      "outcomeResolution": null,
      "prediction": null,
      "plotSummaryInfoCount": 1,
      "plotSummaryInfo": {
        "classification": "자연탐구",
        "readAge": "초등_고학년",
        "form": "short-form",
        "plotSummaryText": "물체는 한 가지 물질로 만들거나 가위와 안경처럼 여러 물질로 만들 수 있다고 하자, 여러 물질을 섞어 물체를 만들 수 있음을 깨달았습니다.",
        "textWordEA": 21
      }
    },
    {
      "srcTextID": "11129",
      "srcText": "“팬티를 여러 가지 물질로 만드는 건 너무 복잡해.” “그래, 그냥 한 가지 물질로만 만들자.” 그러자 너구리가 탁자를 탁탁 치며 말했어.",
      "srcPage": 11,
      "srcSentenceEA": 3,
      "srcWordEA": 21,
      "character": "팬티,너구리,탁자",
      "setting": null,
      "action": "만드는,만들자,치며,말했어",
      "feeling": null,
      "causalRelationship": null,
      "outcomeResolution": null,
      "prediction": null,
      "plotSummaryInfoCount": 1,
      "plotSummaryInfo": {
        "classification": "자연탐구",
        "readAge": "초등_고학년",
        "form": "short-form",
        "plotSummaryText": "팬티는 여러 가지 물질로 만드는 것이 복잡하니 한 가지로만 만들자고 하니까, 너구리가 탁자를 치며 이야기합니다.",
        "textWordEA": 15
      }
    },
    {
      "srcTextID": "11134",
      "srcText": "그러니까 물체를 만들 때에는 물질의 성질도 잘 생각해서 만들어야 해. “그럼, 각자 어떤 물질로 팬티를 만들지 생각해서 내일 다시 만나자.” 곰의 말에 다들 고개를 끄덕였어.",
      "srcPage": 13,
      "srcSentenceEA": 3,
      "srcWordEA": 26,
      "character": "물체,곰",
      "setting": "내일",
      "action": "만들어야 해,만들지,만나자,고개를 끄덕였어",
      "feeling": null,
      "causalRelationship": null,
      "outcomeResolution": null,
      "prediction": null,
      "plotSummaryInfoCount": 1,
      "plotSummaryInfo": {
        "classification": "자연탐구",
        "readAge": "초등_고학년",
        "form": "short-form",
        "plotSummaryText": "물체를 만들 때 물질의 성질을 생각해서 만들어야 한다는 말에, 각자 어떤 물질로 만들지 생각해서 내일 다시 만나자고 곰이 제안했습니다.",
        "textWordEA": 19
      }
    },
    {
      "srcTextID": "108215",
      "srcText": "다음 날, 동물들이 다시 모였어. “곰아, 너는 무엇으로 팬티를 만들 거야?” “나? 나는 철로 만들래.” “철이라고?” “철은 단단해서 잘 부서지지 않잖아. 힘센 도깨비에게는 부서지지 않는 철 팬티가 딱 어울릴 거야.”",
      "srcPage": 14,
      "srcSentenceEA": 5,
      "srcWordEA": 32,
      "character": "동물들,곰,너,팬티,나,철,도깨비,철 팬티",
      "setting": "다음 날",
      "action": "모였어,만들,만들래",
      "feeling": null,
      "causalRelationship": null,
      "outcomeResolution": null,
      "prediction": null,
      "plotSummaryInfoCount": 1,
      "plotSummaryInfo": {
        "classification": "자연탐구",
        "readAge": "초등_고학년",
        "form": "long-form",
        "plotSummaryText": "다음 날, 동물들이 다시 모여 곰에게 무엇이 좋을지 묻자, 곰은 단단한 철 팬티가 도깨비에게 어울릴 것 같다고 말했습니다.",
        "textWordEA": 18
      }
    },
    {
      "srcTextID": "108216",
      "srcText": "동물들이 고개를 갸우뚱거리며 말했어. “그런데 철 팬티는 너무 무겁지 않을까?” “팬티를 입고 벗을 때 여기저기 부딪치면 너무 시끄러울 것 같아.”",
      "srcPage": 15,
      "srcSentenceEA": 3,
      "srcWordEA": 20,
      "character": "동물들,철 팬티,팬티",
      "setting": null,
      "action": "말했어,입고,벗을",
      "feeling": null,
      "causalRelationship": null,
      "outcomeResolution": null,
      "prediction": null,
      "plotSummaryInfoCount": 1,
      "plotSummaryInfo": {
        "classification": "자연탐구",
        "readAge": "초등_고학년",
        "form": "short-form",
        "plotSummaryText": "동물들은 철 팬티는 무겁고, 입고 벗을 때 부딪치는 소리가 시끄러울 것 같다고 말했습니다.",
        "textWordEA": 13
      }
    },
    {
      "srcTextID": "108220",
      "srcText": "“나무가 어때서? 나무는 철보다 가벼워. 게다가 나뭇결이 아름답고, 은은한 향기가 나잖아. 아마 세상에서 둘도 없는 팬티가 될 거야.” 딱따구리의 설명을 들으니 나무 팬티도 괜찮을 것 같았지.",
      "srcPage": 19,
      "srcSentenceEA": 5,
      "srcWordEA": 30,
      "character": "나무,철,팬티,나무 팬티,딱따구리",
      "setting": null,
      "action": "들으니",
      "feeling": "아름답고",
      "causalRelationship": null,
      "outcomeResolution": null,
      "prediction": null,
      "plotSummaryInfoCount": 1,
      "plotSummaryInfo": {
        "classification": "자연탐구",
        "readAge": "초등_고학년",
        "form": "long-form",
        "plotSummaryText": "나무는 철보다 가볍고, 나뭇결이 아름다우며, 향기도 난다는 딱따구리의 설명을 들으니, 나무 팬티도 괜찮을 것 같았습니다.",
        "textWordEA": 15
      }
    },
    {
      "srcTextID": "108221",
      "srcText": "늦은 밤까지 동물들은 모두 깨어 있었어. 도깨비 팬티를 만드느라 모두 열심이었던 거야. 너구리는 고무를 쭉쭉 늘이고, 딱따구리는 나무를 부리로 딱딱 쪼고, 곰은 철을 불에 달궈서 땅땅 두드렸어. 그리고 토끼도 뭔가를 한 땀 한 땀 정성 들여 바느질했지.",
      "srcPage": 20,
      "srcSentenceEA": 4,
      "srcWordEA": 40,
      "character": "동물들,도깨비 팬티,너구리,고무,딱따구리,나무,곰,철,토끼",
      "setting": "늦은 밤",
      "action": "만드느라,늘이고,쪼고,달궈서,두드렸어,바느질했지",
      "feeling": null,
      "causalRelationship": null,
      "outcomeResolution": null,
      "prediction": null,
      "plotSummaryInfoCount": 1,
      "plotSummaryInfo": {
        "classification": "자연탐구",
        "readAge": "초등_고학년",
        "form": "long-form",
        "plotSummaryText": "너구리는 고무를 늘이고, 딱따구리는 나무를 부리로 쪼고, 곰은 철을 달궈서 두드리고, 토끼는 바느질을 하며 늦은 밤까지 동물들은 도깨비 팬티를 만드느라 모두 열심이었습니다.",
        "textWordEA": 22
      }
    },
    {
      "srcTextID": "11114",
      "srcText": "“도깨비 팬티는 튼튼해요. 질기고도 튼튼해요. 호랑이 가죽으로 만들었어요. 이천 년 입어도 까딱없어요.”",
      "srcPage": 1,
      "srcSentenceEA": 4,
      "srcWordEA": 15,
      "character": "도깨비 팬티,호랑이,가죽",
      "setting": "이천 년",
      "action": "입어도,만들었어요",
      "feeling": null,
      "causalRelationship": null,
      "outcomeResolution": null,
      "prediction": null,
      "plotSummaryInfoCount": 1,
      "plotSummaryInfo": {
        "classification": "자연탐구",
        "readAge": "초등_고학년",
        "form": "long-form",
        "plotSummaryText": "도깨비 팬티는 호랑이 가죽으로 만들어 이천 년 동안 입어도 튼튼합니다.",
        "textWordEA": 10
      }
    }
  ]
}