{
  "title": "따뜻한 동물 병원",
  "author": "제민조",
  "illustrator": "가아루",
  "isbn": "9791165433611",
  "publishedYear": 2021,
  "publisher": "아람키즈",
  "paragraphInfoCount": 17,
  "paragraphInfo": [
    {
      "srcTextID": "6558",
      "srcText": "“우리 복실이 잘 있었니?” 어느새 주인아저씨가 돌아와 나를 안아 주었어요. 수의사 선생님이 간식을 물려 주며 말했어요.",
      "srcPage": 14,
      "srcSentenceEA": 3,
      "srcWordEA": 18,
      "character": "복실이,주인아저씨,나,수의사 선생님",
      "setting": "어느새",
      "action": "돌아와,안아 주었어요,물려 주며,말했어요",
      "feeling": null,
      "causalRelationship": null,
      "outcomeResolution": null,
      "prediction": null,
      "plotSummaryInfoCount": 1,
      "plotSummaryInfo": {
        "classification": "자연탐구",
        "readAge": "초등_고학년",
        "form": "short-form",
        "plotSummaryText": "주인아저씨가 돌아와 나를 안아 주었고 수의사 선생님은 간식을 물려 주며 말했습니다.",
        "textWordEA": 11
      }
    },
    {
      "srcTextID": "6543",
      "srcText": "어느새 읍내로 나왔어요. 알록달록한 간판을 보느라 눈이 휘둥그레졌지요. 어? 주인아저씨가 동물 병원 앞에 멈췄어요.",
      "srcPage": 3,
      "srcSentenceEA": 4,
      "srcWordEA": 17,
      "character": "간판,주인아저씨",
      "setting": "어느새,읍내,동물 병원",
      "action": "나왔어요,보느라,휘둥그레졌지요,멈췄어요",
      "feeling": null,
      "causalRelationship": null,
      "outcomeResolution": null,
      "prediction": null,
      "plotSummaryInfoCount": 1,
      "plotSummaryInfo": {
        "classification": "자연탐구",
        "readAge": "초등_고학년",
        "form": "long-form",
        "plotSummaryText": "읍내에 나와 주인아저씨가 동물 병원 앞에 멈췄습니다.",
        "textWordEA": 7
      }
    },
    {
      "srcTextID": "6544",
      "srcText": "‘아저씨, 난 안 아픈데요.’ 동물 병원 안으로 들어가자, 동물들이 모두 나를 쳐다보았어요. “강아지다! 어디가 아파서 왔니?”",
      "srcPage": 4,
      "srcSentenceEA": 3,
      "srcWordEA": 18,
      "character": "아저씨,난,동물들,강아지",
      "setting": "동물 병원",
      "action": "쳐다보았어요,왔니",
      "feeling": "아파서",
      "causalRelationship": null,
      "outcomeResolution": null,
      "prediction": null,
      "plotSummaryInfoCount": 1,
      "plotSummaryInfo": {
        "classification": "자연탐구",
        "readAge": "초등_고학년",
        "form": "short-form",
        "plotSummaryText": "동물 병원 안으로 들어가자, 동물들이 모두 나를 쳐다보았어요.",
        "textWordEA": 8
      }
    },
    {
      "srcTextID": "6545",
      "srcText": "“아무거나 먹어서 배탈 났지?” 나는 겁이 나서 주인아저씨의 품으로 파고들었어요. “복실아, 나는 장에 갔다가 올게. 수의사 선생님, 복실이를 잘 부탁드려요.”",
      "srcPage": 5,
      "srcSentenceEA": 4,
      "srcWordEA": 22,
      "character": "나,주인아저씨,복실아,수의사 선생님",
      "setting": null,
      "action": "먹어서,파고들었어요,갔다가 올게",
      "feeling": "겁이 나서",
      "causalRelationship": null,
      "outcomeResolution": null,
      "prediction": null,
      "plotSummaryInfoCount": 1,
      "plotSummaryInfo": {
        "classification": "자연탐구",
        "readAge": "초등_고학년",
        "form": "long-form",
        "plotSummaryText": "나는 겁이 나서 주인아저씨 품에 파고들었는데 아저씨는 수의사 선생님께 나를 부탁하고 장에 갔습니다.",
        "textWordEA": 13
      }
    },
    {
      "srcTextID": "6547",
      "srcText": "“네, 근데 할아버지! 목에 쓴 건 뭐예요?” 수술한 자리가 가려워서 말이야. 내가 핥지 못하게 하려고 수의사 선생님이 씌워 놓은 거란다.",
      "srcPage": 9,
      "srcSentenceEA": 4,
      "srcWordEA": 23,
      "character": "할아버지,수의사 선생님",
      "setting": null,
      "action": "핥지",
      "feeling": null,
      "causalRelationship": null,
      "outcomeResolution": "내가 핥지 못하게 하려고 수의사 선생님이 씌워 놓은 거란다.",
      "prediction": null,
      "plotSummaryInfoCount": 1,
      "plotSummaryInfo": {
        "classification": "자연탐구",
        "readAge": "초등_고학년",
        "form": "long-form",
        "plotSummaryText": "할아버지 목에 쓴 건 수술한 자리가 가려워서 내가 핥지 못하게 하려고 수의사 선생님이 씌워 놓은 거란다.",
        "textWordEA": 16
      }
    },
    {
      "srcTextID": "6550",
      "srcText": "그때, 한 아주머니가 강아지를 안고 급하게 뛰어 들어왔어요. “우리 아롱이가 닭 뼈를 삼켰어요!” 수의사 선생님은 솜씨 좋게 핀셋으로 아롱이의 목에 걸린 닭 뼈를 끄집어냈어요.",
      "srcPage": 10,
      "srcSentenceEA": 3,
      "srcWordEA": 25,
      "character": "아주머니,강아지,아롱이,수의사 선생님",
      "setting": null,
      "action": "안고,뛰어,들어왔어요,삼켰어요,끄집어냈어요",
      "feeling": null,
      "causalRelationship": null,
      "outcomeResolution": "수의사 선생님은 솜씨 좋게 핀셋으로 아롱이의 목에 걸린 닭 뼈를 끄집어냈어요.",
      "prediction": null,
      "plotSummaryInfoCount": 1,
      "plotSummaryInfo": {
        "classification": "자연탐구",
        "readAge": "초등_고학년",
        "form": "short-form",
        "plotSummaryText": "수의사 선생님은 솜씨 좋게 핀셋으로 강아지 아롱이의 목에 걸린 닭 뼈를 끄집어냈습니다.",
        "textWordEA": 12
      }
    },
    {
      "srcTextID": "6556",
      "srcText": "“약간 따끔할 거야. 조금만 참으렴.” 뾰족한 주삿바늘이 내 몸에 닿았어요. “멍멍!” “녀석, 엄살은.” 등을 두들겨 주는 수의사 선생님의 손이 참 따뜻했어요.",
      "srcPage": 13,
      "srcSentenceEA": 5,
      "srcWordEA": 24,
      "character": "주삿바늘,수의사 선생님",
      "setting": null,
      "action": "닿았어요,두들겨 주는",
      "feeling": "따뜻했어요",
      "causalRelationship": null,
      "outcomeResolution": null,
      "prediction": null,
      "plotSummaryInfoCount": 1,
      "plotSummaryInfo": {
        "classification": "자연탐구",
        "readAge": "초등_고학년",
        "form": "long-form",
        "plotSummaryText": "내 몸에 뾰족한 주삿바늘이 따끔하게 닿았지만 등을 두들겨 주는 수의사 선생님의 손이 참 따뜻했습니다.",
        "textWordEA": 14
      }
    },
    {
      "srcTextID": "6541",
      "srcText": "나는 태어난 지 두 달 된 강아지예요. 오늘도 꼬꼬 아줌마랑 병아리들을 따라 마당 이곳저곳을 뛰어다녔어요. “복실아, 복실아!” 어? 주인아저씨가 나를 불렀어요.",
      "srcPage": 1,
      "srcSentenceEA": 5,
      "srcWordEA": 24,
      "character": "나,강아지,꼬꼬 아줌마,병아리,복실아,주인아저씨",
      "setting": "오늘,마당",
      "action": "따라,뛰어다녔어요,불렀어요",
      "feeling": null,
      "causalRelationship": null,
      "outcomeResolution": null,
      "prediction": null,
      "plotSummaryInfoCount": 1,
      "plotSummaryInfo": {
        "classification": "자연탐구",
        "readAge": "초등_고학년",
        "form": "long-form",
        "plotSummaryText": "나는 태어난 지 두 달 됐지만 오늘도 꼬꼬 아줌마랑 병아리들을 따라 마당 이곳저곳을 뛰어다니는 강아지입니다.",
        "textWordEA": 15
      }
    },
    {
      "srcTextID": "6548",
      "srcText": "고양이 아줌마도 새침하게 말했지요. “수술하러 온 거니?” “네? 수술요?” 나는 깜짝 놀라서 몸이 떨렸어요.",
      "srcPage": 7,
      "srcSentenceEA": 4,
      "srcWordEA": 16,
      "character": "고양이 아줌마,나",
      "setting": null,
      "action": "말했지요,몸이 떨렸어요",
      "feeling": "새침하게,깜짝 놀라서",
      "causalRelationship": null,
      "outcomeResolution": null,
      "prediction": null,
      "plotSummaryInfoCount": 1,
      "plotSummaryInfo": {
        "classification": "자연탐구",
        "readAge": "초등_고학년",
        "form": "long-form",
        "plotSummaryText": "고양이 아줌마도 수술하러 온 거냐고 새침하게 말해서 나는 깜짝 놀라 몸이 떨렸어요.",
        "textWordEA": 12
      }
    },
    {
      "srcTextID": "6549",
      "srcText": "그러자 할아버지 개가 허허 웃었지요. 걱정하지 않아도 돼. 여기 수의사 선생님이 얼마나 다정하신데.",
      "srcPage": 8,
      "srcSentenceEA": 3,
      "srcWordEA": 15,
      "character": "할아버지 개,수의사 선생님",
      "setting": null,
      "action": "웃었지요",
      "feeling": "걱정하지,다정하신데",
      "causalRelationship": null,
      "outcomeResolution": null,
      "prediction": null,
      "plotSummaryInfoCount": 1,
      "plotSummaryInfo": {
        "classification": "자연탐구",
        "readAge": "초등_고학년",
        "form": "short-form",
        "plotSummaryText": "할아버지 개가 허허 웃으며 여기 수의사 선생님은 다정하시니 걱정하지 않아도 된다고 하셨습니다.",
        "textWordEA": 12
      }
    },
    {
      "srcTextID": "6542",
      "srcText": "아침부터 주인아저씨의 자전거를 타고 밭두렁을 따라 씽씽 달렸어요. 동네 어른들이 손을 흔들어 주었어요. 나는 반가워서 꼬리를 살랑살랑 흔들었지요.",
      "srcPage": 2,
      "srcSentenceEA": 3,
      "srcWordEA": 20,
      "character": "주인아저씨,자전거,동네 어른들,손,나,꼬리",
      "setting": "아침,밭두렁",
      "action": "타고,달렸어요,흔들어 주었어요,흔들었지요",
      "feeling": "반가워서",
      "causalRelationship": null,
      "outcomeResolution": null,
      "prediction": null,
      "plotSummaryInfoCount": 1,
      "plotSummaryInfo": {
        "classification": "자연탐구",
        "readAge": "초등_고학년",
        "form": "short-form",
        "plotSummaryText": "주인아저씨의 자전거를 타고 씽씽 달리면 동네 어른들이 손을 흔들어 주고 나는 반가워서 꼬리를 살랑살랑 흔들었습니다.",
        "textWordEA": 15
      }
    },
    {
      "srcTextID": "6555",
      "srcText": "오호, 우리 복실이가 많이 컸네. 자, 눈을 크게 떠 보고 입도 ‘아!’ 해 보자. 나는 가슴이 콩닥콩닥 뛰었어요.",
      "srcPage": 12,
      "srcSentenceEA": 4,
      "srcWordEA": 21,
      "character": "복실이,눈,나",
      "setting": null,
      "action": "컸네,떠 보고",
      "feeling": "가슴이 콩닥콩닥 뛰었어요",
      "causalRelationship": null,
      "outcomeResolution": null,
      "prediction": null,
      "plotSummaryInfoCount": 1,
      "plotSummaryInfo": {
        "classification": "자연탐구",
        "readAge": "초등_고학년",
        "form": "long-form",
        "plotSummaryText": "복실이는 눈을 크게 떠 보고 입도 아 해 보라고 하자 가슴도 콩닥콩닥 뛰었습니다.",
        "textWordEA": 13
      }
    },
    {
      "srcTextID": "6557",
      "srcText": "“복실아, 잘 커야 한다.” ‘수의사 선생님, 고마워요. 안녕히 계세요!’ 나는 살랑살랑 꼬리를 흔들며 인사했지요.",
      "srcPage": 15,
      "srcSentenceEA": 4,
      "srcWordEA": 17,
      "character": "복실아,수의사 선생님,나",
      "setting": null,
      "action": "흔들며,인사했지요",
      "feeling": "고마워요",
      "causalRelationship": null,
      "outcomeResolution": null,
      "prediction": null,
      "plotSummaryInfoCount": 1,
      "plotSummaryInfo": {
        "classification": "자연탐구",
        "readAge": "초등_고학년",
        "form": "long-form",
        "plotSummaryText": "나는 수의사 선생님께 고맙다는 인사와 함께 살랑살랑 꼬리를 흔들었어요.",
        "textWordEA": 9
      }
    },
    {
      "srcTextID": "6546",
      "srcText": "주인아저씨는 인사를 하고 밖으로 나갔어요. 갑자기 원숭이가 장난스럽게 말했어요. “넌 여기 왜 온 거야?”",
      "srcPage": 6,
      "srcSentenceEA": 3,
      "srcWordEA": 15,
      "character": "주인아저씨,원숭이,넌",
      "setting": null,
      "action": "나갔어요,말했어요",
      "feeling": "장난스럽게",
      "causalRelationship": null,
      "outcomeResolution": null,
      "prediction": null,
      "plotSummaryInfoCount": 1,
      "plotSummaryInfo": {
        "classification": "자연탐구",
        "readAge": "초등_고학년",
        "form": "short-form",
        "plotSummaryText": "원숭이가 여기 왜 온 건지 장난스럽게 말했어요.",
        "textWordEA": 7
      }
    },
    {
      "srcTextID": "6552",
      "srcText": "“녀석, 어제는 감기 때문에 끙끙 앓더니 내일은 퇴원할 수 있겠구나!” 원돌이도 수의사 선생님 앞에서는 얌전했어요. 아하, 그러고 보니 며칠 전에 수의사 선생님을 만난 적이 있었어요.",
      "srcPage": 11,
      "srcSentenceEA": 3,
      "srcWordEA": 27,
      "character": "원돌이,수의사 선생님",
      "setting": "어제,내일,며칠 전",
      "action": "앓더니,얌전했어요",
      "feeling": null,
      "causalRelationship": null,
      "outcomeResolution": null,
      "prediction": null,
      "plotSummaryInfoCount": 1,
      "plotSummaryInfo": {
        "classification": "자연탐구",
        "readAge": "초등_고학년",
        "form": "short-form",
        "plotSummaryText": "어제 감기 때문에 앓던 원돌이도 수의사 선생님 앞에서는 얌전했습니다.",
        "textWordEA": 9
      }
    },
    {
      "srcTextID": "128766",
      "srcText": "수의사는 어떤 일을 하나요? 수의사는 동물을 치료해 주는 일뿐만 아니라 외국에서 들어온 동물의 안전성을 검사하고, 과학 실험용 동물을 관리하는 등 소속된 곳에 따라 하는 일이 다양해요. 반려동물을 가족처럼 아끼는 사람들이 늘어나고, 동물 산업도 계속 발달하고 있어 수의사가 필요한 곳은 점점 더 많아질 거예요.",
      "srcPage": 16,
      "srcSentenceEA": 3,
      "srcWordEA": 45,
      "character": "수의사,동물,과학 실험용 동물,가족,사람들",
      "setting": "외국",
      "action": "치료해 주는,검사하고,관리하는,아끼는",
      "feeling": null,
      "causalRelationship": null,
      "outcomeResolution": null,
      "prediction": null,
      "plotSummaryInfoCount": 1,
      "plotSummaryInfo": {
        "classification": "자연탐구",
        "readAge": "초등_고학년",
        "form": "short-form",
        "plotSummaryText": "동물의 안전성을 검사하고, 실험용 동물을 관리하는 등 일은 다양하며, 동물 산업이 발달하고 있어 수의사가 필요한 곳이 많아질 겁니다.",
        "textWordEA": 18
      }
    },
    {
      "srcTextID": "128767",
      "srcText": "반려동물 훈련·상담사는 무슨 일을 하나요? 반려동물의 문제 행동을 바로잡기 위한 교육 프로그램을 만들어 훈련시키고, 보호자에게 안내하는 일을 해요. 다양한 실전 경험을 쌓은 후, 반려동물과 관련된 여러 기업에서 활동할 수 있어요. 경찰견, 마약 탐지견, 장애인 도우미견 등을 교육하기도 해요.",
      "srcPage": 17,
      "srcSentenceEA": 4,
      "srcWordEA": 41,
      "character": "반려동물 훈련·상담사,보호자,경찰견,마약 탐지견,장애인 도우미견",
      "setting": null,
      "action": "훈련시키고,안내하는,교육하기도",
      "feeling": null,
      "causalRelationship": null,
      "outcomeResolution": null,
      "prediction": null,
      "plotSummaryInfoCount": 1,
      "plotSummaryInfo": {
        "classification": "자연탐구",
        "readAge": "초등_고학년",
        "form": "long-form",
        "plotSummaryText": "반려동물 훈련 상담사는 경찰견, 마약 탐지견, 장애인 도우미견 등을 교육하기도 하고, 경험을 쌓고 반려동물과 관련된 기업에서 활동할 수 있습니다.",
        "textWordEA": 19
      }
    }
  ]
}