{
  "title": "꼬미와 함께하는 즐거운 비행",
  "author": "정재은",
  "illustrator": "심보영",
  "isbn": "9788998212605",
  "publishedYear": 2012,
  "publisher": "한얼에듀",
  "paragraphInfoCount": 21,
  "paragraphInfo": [
    {
      "srcTextID": "5572",
      "srcText": "“헤헤, 너무 심심해서 그랬어요.” “그럼 영화를 보여 드릴게요.” 늑대는 금세 영화에 푹 빠졌어요.",
      "srcPage": 7,
      "srcSentenceEA": 3,
      "srcWordEA": 14,
      "character": "늑대",
      "setting": null,
      "action": "보여",
      "feeling": "심심해서",
      "causalRelationship": null,
      "outcomeResolution": "늑대는 금세 영화에 푹 빠졌어요",
      "prediction": null,
      "plotSummaryInfoCount": 1,
      "plotSummaryInfo": {
        "classification": "자연탐구",
        "readAge": "초등_고학년",
        "form": "short-form",
        "plotSummaryText": "심심해서 그랬다는 늑대에게 영화를 보여줬어요.",
        "textWordEA": 5
      }
    },
    {
      "srcTextID": "5576",
      "srcText": "“우리 몸이 바싹 말라 버렸어요. 어서 연못을 갖다 주세요.”  “손님, 비행기 안에는 연못이 없어요.”",
      "srcPage": 9,
      "srcSentenceEA": 3,
      "srcWordEA": 15,
      "character": "우리,손님",
      "setting": "비행기 안",
      "action": "말라,갖다",
      "feeling": null,
      "causalRelationship": "우리 몸이 바싹 말라 버렸어요. 어서 연못을 갖다 주세요.",
      "outcomeResolution": null,
      "prediction": "비행기 안에는 연못이 없어요",
      "plotSummaryInfoCount": 1,
      "plotSummaryInfo": {
        "classification": "자연탐구",
        "readAge": "초등_고학년",
        "form": "short-form",
        "plotSummaryText": "몸이 바싹 말라 버린 개구리가 연못을 달라고 했지만 비행기 안에는 연못이 없다고 했어요.",
        "textWordEA": 13
      }
    },
    {
      "srcTextID": "5580",
      "srcText": "“이제 모두 편안해졌나 봐.” 꼬미는 비행기 안을 천천히 둘러보았어요. 그런데 갑자기 뒷자리가 소란스러워졌어요. ",
      "srcPage": 14,
      "srcSentenceEA": 3,
      "srcWordEA": 15,
      "character": "꼬미",
      "setting": "비행기 안,뒷자리",
      "action": "둘러보았어요",
      "feeling": null,
      "causalRelationship": null,
      "outcomeResolution": null,
      "prediction": "그런데 갑자기 뒷자리가 소란스러워졌어요.",
      "plotSummaryInfoCount": 1,
      "plotSummaryInfo": {
        "classification": "자연탐구",
        "readAge": "초등_고학년",
        "form": "short-form",
        "plotSummaryText": "이제 모두 편안해진 비행기 안을 천천히 둘러보던 꼬미는 갑자기 뒷자리가 소란스러움을 느꼈어요. ",
        "textWordEA": 12
      }
    },
    {
      "srcTextID": "5582",
      "srcText": "와글와글, 싸우는 소리도 들리고, 울음소리도 들렸지요. “뱀이 우리 자리를 다 빼앗았어요. 뱀 좀 치워 주세요!”",
      "srcPage": 15,
      "srcSentenceEA": 3,
      "srcWordEA": 16,
      "character": "뱀,우리",
      "setting": null,
      "action": "들리고,빼앗았어요,치워",
      "feeling": null,
      "causalRelationship": null,
      "outcomeResolution": null,
      "prediction": "뱀이 우리 자리를 다 빼앗았어요. 뱀 좀 치워 주세요!",
      "plotSummaryInfoCount": 1,
      "plotSummaryInfo": {
        "classification": "자연탐구",
        "readAge": "초등_고학년",
        "form": "short-form",
        "plotSummaryText": "뱀이 자리를 다 빼앗았다며 뱀 좀 치워 달라고 싸우는 소리와 울음 소리가 들렸어요.",
        "textWordEA": 13
      }
    },
    {
      "srcTextID": "5581",
      "srcText": "여러 손님들이 투덜댔어요. “나도 어쩔 수 없다고요. 몸이 긴 걸 어떡해요.” ",
      "srcPage": 16,
      "srcSentenceEA": 3,
      "srcWordEA": 12,
      "character": "손님들,나",
      "setting": null,
      "action": "투덜댔어요",
      "feeling": null,
      "causalRelationship": "나도 어쩔 수 없다고요. 몸이 긴 걸 어떡해요.",
      "outcomeResolution": null,
      "prediction": null,
      "plotSummaryInfoCount": 1,
      "plotSummaryInfo": {
        "classification": "자연탐구",
        "readAge": "초등_고학년",
        "form": "short-form",
        "plotSummaryText": "뱀은 투덜거리는 손님들에게 몸이 길어 어쩔 수 없다고 했어요.",
        "textWordEA": 9
      }
    },
    {
      "srcTextID": "5570",
      "srcText": "“손님, 무엇을 도와 드릴까요?” 토끼는 아주 작은 소리로 말했어요. “뒤에 앉은 늑대가요. 저를 자꾸 괴롭혀요.”",
      "srcPage": 5,
      "srcSentenceEA": 4,
      "srcWordEA": 17,
      "character": "손님,토끼,늑대,저",
      "setting": null,
      "action": "말했어요",
      "feeling": "괴롭혀요",
      "causalRelationship": null,
      "outcomeResolution": null,
      "prediction": "뒤에 앉은 늑대가요. 저를 자꾸 괴롭혀요",
      "plotSummaryInfoCount": 1,
      "plotSummaryInfo": {
        "classification": "자연탐구",
        "readAge": "초등_고학년",
        "form": "long-form",
        "plotSummaryText": " 무엇을 도와 드릴지 물어보니 토끼는 아주 작은 목소리로  뒤에 앉은 늑대가 자꾸 괴롭힌다고 했어요.",
        "textWordEA": 15
      }
    },
    {
      "srcTextID": "5573",
      "srcText": "아, 늑대가 토끼의 의자를 톡톡 차며 장난을 치고 있네요. “손님, 비행기 안에서는 다른 손님에게 장난치면 안 돼요.” 그러자 늑대가 머리를 긁적이며 말했어요. ",
      "srcPage": 6,
      "srcSentenceEA": 3,
      "srcWordEA": 23,
      "character": "늑대,토끼,손님,다른 손님",
      "setting": "비행기 안",
      "action": "장난치면,긁적이며",
      "feeling": null,
      "causalRelationship": null,
      "outcomeResolution": null,
      "prediction": "그러자 늑대가 머리를 긁적이며 말했어요.",
      "plotSummaryInfoCount": 1,
      "plotSummaryInfo": {
        "classification": "자연탐구",
        "readAge": "초등_고학년",
        "form": "short-form",
        "plotSummaryText": "늑대가 토끼의 의자를 치며 장난을 쳤고, 토미는 비행기 안에서 다른 손님에게 장난치면 안된다고 주의를 주었어요.",
        "textWordEA": 15
      }
    },
    {
      "srcTextID": "5569",
      "srcText": "꼬미는 활짝 웃는 연습을 하고, 다른 나라 말도 공부했어요. 그리고 마침내 멋지게 하늘을 나는 비행기 승무원이 되었지요. 꼬미가 처음 비행기를 타는 날이에요.",
      "srcPage": 2,
      "srcSentenceEA": 3,
      "srcWordEA": 24,
      "character": "꼬미,승무원",
      "setting": "하늘",
      "action": "공부했어요",
      "feeling": "활짝 웃는",
      "causalRelationship": null,
      "outcomeResolution": "꼬미가 처음 비행기를 타는 날이에요.",
      "prediction": null,
      "plotSummaryInfoCount": 1,
      "plotSummaryInfo": {
        "classification": "자연탐구",
        "readAge": "초등_고학년",
        "form": "short-form",
        "plotSummaryText": "꼬미는 마침내 멋지게 하늘을 나는 비행기 승무원이 되었지요.",
        "textWordEA": 8
      }
    },
    {
      "srcTextID": "5574",
      "srcText": "토끼는 편히 쉴 수 있었고요. 이번에는 개구리 부부가 다급한 목소리로 꼬미를 불렀어요. “손님, 무엇을 도와 드릴까요?”",
      "srcPage": 8,
      "srcSentenceEA": 3,
      "srcWordEA": 17,
      "character": "토끼,개구리 부부,꼬미,손님",
      "setting": null,
      "action": "불렀어요",
      "feeling": "편히,다급한",
      "causalRelationship": null,
      "outcomeResolution": null,
      "prediction": "무엇을 도와 드릴까요?",
      "plotSummaryInfoCount": 1,
      "plotSummaryInfo": {
        "classification": "자연탐구",
        "readAge": "초등_고학년",
        "form": "short-form",
        "plotSummaryText": "토끼는 편히 쉬었고,이번에는 개구리 부부가 다급하게 꼬미에게 도움을 요청했어요.",
        "textWordEA": 9
      }
    },
    {
      "srcTextID": "5575",
      "srcText": " 개구리 부부는 깜짝 놀라 눈이 더욱 튀어나왔어요. 그러자 꼬미는 환한 미소를 지으며 말했어요. 좋은 방법이 있어요.",
      "srcPage": 10,
      "srcSentenceEA": 3,
      "srcWordEA": 19,
      "character": "개구리 부부,꼬미",
      "setting": null,
      "action": "놀라",
      "feeling": "깜짝 놀라,환한",
      "causalRelationship": null,
      "outcomeResolution": null,
      "prediction": "좋은 방법이 있어요.",
      "plotSummaryInfoCount": 1,
      "plotSummaryInfo": {
        "classification": "자연탐구",
        "readAge": "초등_고학년",
        "form": "short-form",
        "plotSummaryText": "깜짝 놀란 개구리 부부에게 꼬미는 환한 미소를 지으며 좋은 방법이 있다고 말했어요.",
        "textWordEA": 12
      }
    },
    {
      "srcTextID": "5577",
      "srcText": "잠시만 기다려 주세요. 꼬미는 커다란 수건을 물에 적셔서 개구리 부부에게 덮어 주었어요. 개구리 부부는 곧 편안하게 잠이 들었지요. 띠용~ 띠용~",
      "srcPage": 11,
      "srcSentenceEA": 5,
      "srcWordEA": 24,
      "character": "꼬미,개구리 부부",
      "setting": null,
      "action": "적셔서,기다려,덮어",
      "feeling": "편안하게",
      "causalRelationship": null,
      "outcomeResolution": "개구리 부부는 곧 편안하게 잠이 들었지요.",
      "prediction": null,
      "plotSummaryInfoCount": 1,
      "plotSummaryInfo": {
        "classification": "자연탐구",
        "readAge": "초등_고학년",
        "form": "long-form",
        "plotSummaryText": "꼬미는 커다란 수건을 물에 적셔서 개구리 부부에게 덮어 주었고 개구리 부부는 곧 편안하게 잠이 들었지요.",
        "textWordEA": 15
      }
    },
    {
      "srcTextID": "5567",
      "srcText": "꼬미는 어릴 때부터 꿈이 있었어요. “나도 하늘을 훨훨 날았으면.” 꼬미는 팔을 휘저으며 파닥파닥 날갯짓을 해 보았어요.",
      "srcPage": 1,
      "srcSentenceEA": 3,
      "srcWordEA": 17,
      "character": "꼬미,나",
      "setting": "어릴 때",
      "action": "날았으면,휘저으며",
      "feeling": null,
      "causalRelationship": null,
      "outcomeResolution": null,
      "prediction": "꼬미는 팔을 휘저으며 파닥파닥 날갯짓을 해 보았어요.",
      "plotSummaryInfoCount": 1,
      "plotSummaryInfo": {
        "classification": "자연탐구",
        "readAge": "초등_고학년",
        "form": "short-form",
        "plotSummaryText": "꼬미는 어릴 때부터 하늘을 훨훨 날았으면 하는 꿈이 있었어요.",
        "textWordEA": 9
      }
    },
    {
      "srcTextID": "5583",
      "srcText": "꼬미는 뱀을 선반 위에 올려 보았어요. 그러자 비행기가 흔들릴 때마다 꼬리가 툭툭 떨어지는 게 아니겠어요! “으악! 뱀 꼬리에 맞을 뻔했어.”",
      "srcPage": 18,
      "srcSentenceEA": 3,
      "srcWordEA": 22,
      "character": "꼬미,뱀",
      "setting": "선반 위,비행기",
      "action": "올려,흔들릴,떨어지는",
      "feeling": null,
      "causalRelationship": null,
      "outcomeResolution": null,
      "prediction": null,
      "plotSummaryInfoCount": 1,
      "plotSummaryInfo": {
        "classification": "자연탐구",
        "readAge": "초등_고학년",
        "form": "short-form",
        "plotSummaryText": "꼬미는 뱀을 선반 위에 올려 보았지만, 비행기가 흔들릴 때마다 꼬리가 떨어져 손님들이 뱀 꼬리에 맞을 뻔했어요.",
        "textWordEA": 16
      }
    },
    {
      "srcTextID": "5585",
      "srcText": "그때, 꼬미에게 좋은 생각이 떠올랐어요. “여러분, 비행기 안에서는 안전이 최고랍니다. 제가 세상에서 가장 튼튼한 안전띠를 매 드릴게요.” ",
      "srcPage": 19,
      "srcSentenceEA": 3,
      "srcWordEA": 18,
      "character": "꼬미,여러분",
      "setting": "비행기 안",
      "action": "떠올랐어요,드릴께요",
      "feeling": null,
      "causalRelationship": null,
      "outcomeResolution": null,
      "prediction": "제가 세상에서 가장 튼튼한 안전띠를 매 드릴게요.",
      "plotSummaryInfoCount": 1,
      "plotSummaryInfo": {
        "classification": "자연탐구",
        "readAge": "초등_고학년",
        "form": "short-form",
        "plotSummaryText": "좋은 생각이 떠오른 꼬미는 손님들에게 세상에서 가장 튼튼한 안전띠를 매 드린다고 했어요.",
        "textWordEA": 12
      }
    },
    {
      "srcTextID": "5587",
      "srcText": "바로 뱀의 꼬리로 된 안전띠였지요. 꼬미 덕분에 동물 손님들은 편안하고 즐거운 여행을 했어요. 동물들은 비행기에서 내리며 꼬미에게 인사했어요.",
      "srcPage": 20,
      "srcSentenceEA": 3,
      "srcWordEA": 20,
      "character": "뱀,꼬미,동물 손님들,동물들",
      "setting": "비행기",
      "action": "내리며,인사했어요",
      "feeling": "편안하고,즐거운",
      "causalRelationship": null,
      "outcomeResolution": "꼬미 덕분에 동물 손님들은 편안하고 즐거운 여행을 했어요.",
      "prediction": null,
      "plotSummaryInfoCount": 1,
      "plotSummaryInfo": {
        "classification": "자연탐구",
        "readAge": "초등_고학년",
        "form": "short-form",
        "plotSummaryText": "바로 뱀의 꼬리로 만든 안전띠였고, 동물 손님들은 즐거운 여행을 할 수 있었어요.",
        "textWordEA": 12
      }
    },
    {
      "srcTextID": "5586",
      "srcText": " “고맙습니다, 승무원님!” 꼬미도 밝게 웃으며 인사를 했어요. “감사합니다. 다음에 또 만나요!”",
      "srcPage": 21,
      "srcSentenceEA": 3,
      "srcWordEA": 13,
      "character": "승무원,꼬미",
      "setting": null,
      "action": "웃으며,만나요",
      "feeling": "밝게",
      "causalRelationship": null,
      "outcomeResolution": null,
      "prediction": null,
      "plotSummaryInfoCount": 1,
      "plotSummaryInfo": {
        "classification": "자연탐구",
        "readAge": "초등_고학년",
        "form": "short-form",
        "plotSummaryText": "꼬미도 밝게 웃으며 다음에 또 만나자고 인사를 했어요. ",
        "textWordEA": 8
      }
    },
    {
      "srcTextID": "5578",
      "srcText": "“손님, 담요가 필요하시다고요? 잠시만 기다려 주세요.” 담요를 받은 외계인은 고맙다며 활짝 웃었어요.",
      "srcPage": 13,
      "srcSentenceEA": 3,
      "srcWordEA": 14,
      "character": "손님,외계인",
      "setting": null,
      "action": "웃었어요",
      "feeling": "활짝",
      "causalRelationship": null,
      "outcomeResolution": "담요를 받은 외계인은 고맙다며 활짝 웃었어요.",
      "prediction": null,
      "plotSummaryInfoCount": 1,
      "plotSummaryInfo": {
        "classification": "자연탐구",
        "readAge": "초등_고학년",
        "form": "short-form",
        "plotSummaryText": "잠시후 꼬미가 준비한  담요를 받은 외계인은 고맙다며 활짝 웃었어요.",
        "textWordEA": 10
      }
    },
    {
      "srcTextID": "5571",
      "srcText": "부우웅, 슈우욱! 드디어 비행기가 하늘 높이 날아올랐어요. 꼬미는 신이 나서 창밖을 보았지요. 바로 그때, 승무원을 부르는 단추에 불이 켜졌어요.",
      "srcPage": 4,
      "srcSentenceEA": 4,
      "srcWordEA": 22,
      "character": "꼬미,승무원",
      "setting": "비행기",
      "action": "날아올랐어요,부르는",
      "feeling": "신이 나서",
      "causalRelationship": null,
      "outcomeResolution": null,
      "prediction": "바로 그때,승무원을 부르는 단추에 불이 켜졌어요.",
      "plotSummaryInfoCount": 1,
      "plotSummaryInfo": {
        "classification": "자연탐구",
        "readAge": "초등_고학년",
        "form": "long-form",
        "plotSummaryText": "비행기가 하늘 높이 날아 올랐을 때, 승무원을 부르는 단추에 불이 켜졌어요.",
        "textWordEA": 11
      }
    },
    {
      "srcTextID": "5568",
      "srcText": "“어서 오세요. 반갑습니다.” 꼬미는 환한 미소로 인사를 하고, 손님들이 앉을 자리도 안내해 주었어요. “도움이 필요하시면 빨간 단추를 눌러 주세요.” 예쁜 목소리로 안내 방송도 했어요.",
      "srcPage": 3,
      "srcSentenceEA": 5,
      "srcWordEA": 27,
      "character": "꼬미,손님들",
      "setting": "앉을 자리",
      "action": "눌러,인사를",
      "feeling": "환한",
      "causalRelationship": null,
      "outcomeResolution": null,
      "prediction": null,
      "plotSummaryInfoCount": 1,
      "plotSummaryInfo": {
        "classification": "자연탐구",
        "readAge": "초등_고학년",
        "form": "long-form",
        "plotSummaryText": "꼬미 손님들에게 인사하고 앉을 자리도 안내하며 안내 방송도 했어요.",
        "textWordEA": 9
      }
    },
    {
      "srcTextID": "5579",
      "srcText": "어디선가 이상한 소리가 들렸어요. 꼬미는 금세 그 말을 알아들었어요. 여러 동물들 말부터 외계인 말, 도깨비 말까지 모두 공부해 두었거든요.",
      "srcPage": 12,
      "srcSentenceEA": 3,
      "srcWordEA": 21,
      "character": "꼬미,여러 동물들,외계인,도깨비",
      "setting": null,
      "action": "들렸어요,알아들었어요",
      "feeling": null,
      "causalRelationship": "꼬미는 금세 그 말을 알아들었어요. 여러 동물들 말부터 외계인 말,도깨비 말까지 모두 공부해 두었거든요.",
      "outcomeResolution": null,
      "prediction": null,
      "plotSummaryInfoCount": 1,
      "plotSummaryInfo": {
        "classification": "자연탐구",
        "readAge": "초등_고학년",
        "form": "short-form",
        "plotSummaryText": "꼬미는 여러 동물의 말과 외계인, 도깨비 말까지 공부해둔 덕에 이상한 소리를 금방 알아들었어요.",
        "textWordEA": 13
      }
    },
    {
      "srcTextID": "5584",
      "srcText": "뱀은 울먹이며 말했어요. 꼬미는 곰곰이 생각하더니 뱀을 둘둘 말았어요. 그러자 뱀은 밥을 먹을 수도, 화장실에 갈 수도 없었어요.",
      "srcPage": 17,
      "srcSentenceEA": 3,
      "srcWordEA": 20,
      "character": "뱀,꼬미",
      "setting": "화장실",
      "action": "울먹이며,생각하더니,먹을,말했어요",
      "feeling": null,
      "causalRelationship": "꼬미는 곰곰이 생각하더니 뱀을 둘둘 말았어요. 그러자 뱀은 밥을 먹을 수도,화장실에 갈 수도 없었어요.",
      "outcomeResolution": null,
      "prediction": null,
      "plotSummaryInfoCount": 1,
      "plotSummaryInfo": {
        "classification": "자연탐구",
        "readAge": "초등_고학년",
        "form": "short-form",
        "plotSummaryText": "울먹이는 뱀을 꼬미가 둘둘 말았는데, 뱀은 밥을 먹을 수도, 화장실을 갈 수도 없었어요.",
        "textWordEA": 13
      }
    }
  ]
}