{
  "title": "무시무시한 검은 발자국",
  "author": "서지원",
  "illustrator": "오진욱",
  "isbn": "9791128211591",
  "publishedYear": 2018,
  "publisher": "아람북스",
  "paragraphInfoCount": 25,
  "paragraphInfo": [
    {
      "srcTextID": "118596",
      "srcText": "북극곰이 나를 얼음 위에 내려 주었어. “휴, 살았다!” 나는 가슴을 쓸어내렸지. “여기는 안전한 곳이 아니야. 언제 얼음이 녹을지 모르거든. 빨리 다른 곳으로 도망쳐야 해.”",
      "srcPage": 10,
      "srcSentenceEA": 6,
      "srcWordEA": 27,
      "character": "북극곰,나,얼음",
      "setting": "얼음 위",
      "action": "내려 주었어,쓸어내렸지,도망쳐야 해",
      "feeling": null,
      "causalRelationship": null,
      "outcomeResolution": null,
      "prediction": null,
      "plotSummaryInfoCount": 1,
      "plotSummaryInfo": {
        "classification": "자연탐구",
        "readAge": "초등_고학년",
        "form": "long-form",
        "plotSummaryText": "북극곰이 나를 얼음 위에 내려 주면서 여기는 얼음이 언제 녹을지 몰라 안전한 곳이 아니니 빨리 다른 곳으로 도망쳐야 한다고 했습니다.",
        "textWordEA": 20
      }
    },
    {
      "srcTextID": "118594",
      "srcText": "“으악, 이게 무슨 일이야?” “온실가스 때문에 빙하가 녹고 있어.” 북극곰은 나를 등에 태우고 더 크고 단단한 얼음이 있는 곳으로 도망쳤어.",
      "srcPage": 12,
      "srcSentenceEA": 3,
      "srcWordEA": 21,
      "character": "빙하,북극곰,나,얼음",
      "setting": "더 크고 단단한 얼음이 있는 곳",
      "action": "태우고,도망쳤어",
      "feeling": null,
      "causalRelationship": null,
      "outcomeResolution": null,
      "prediction": null,
      "plotSummaryInfoCount": 1,
      "plotSummaryInfo": {
        "classification": "자연탐구",
        "readAge": "초등_고학년",
        "form": "short-form",
        "plotSummaryText": "내가 무슨 일이냐고 묻자, 온실가스 때문에 빙하가 녹고 있다며 북극곰은 나를 등에 태우고 더 크고 단단한 얼음이 있는 곳으로 도망쳤습니다.",
        "textWordEA": 20
      }
    },
    {
      "srcTextID": "118603",
      "srcText": "텔레비전을 조금 보고, 에어컨을 조금 덜 쓰고 선풍기를 틀어 봐. 가까운 거리는 자전거를 타고 가는 것도 좋아. 이러면 온실가스를 아예 없앨 수는 없지만 줄일 수 있어.",
      "srcPage": 19,
      "srcSentenceEA": 3,
      "srcWordEA": 28,
      "character": "텔레비전,에어컨,선풍기,자전거",
      "setting": null,
      "action": "보고,쓰고,틀어 봐,타고 가는",
      "feeling": null,
      "causalRelationship": null,
      "outcomeResolution": null,
      "prediction": null,
      "plotSummaryInfoCount": 1,
      "plotSummaryInfo": {
        "classification": "자연탐구",
        "readAge": "초등_고학년",
        "form": "short-form",
        "plotSummaryText": "텔레비전을 조금 보고, 에어컨 대신 선풍기를 틀고, 가까운 거리는 자전거를 타고 가면 온실가스를 줄일 수 있다고 했습니다.",
        "textWordEA": 17
      }
    },
    {
      "srcTextID": "118587",
      "srcText": "에어컨을 켰더니 집 안 가득 차가운 바람이 솔솔! ‘에취!’ 하고 재채기가 나올 만큼 싸늘해졌지. 나는 소파에 발라당 드러누워 낮잠을 잤어.",
      "srcPage": 2,
      "srcSentenceEA": 4,
      "srcWordEA": 23,
      "character": "에어컨,나",
      "setting": "집 안,소파",
      "action": "켰더니,드러누워,잤어",
      "feeling": null,
      "causalRelationship": null,
      "outcomeResolution": null,
      "prediction": null,
      "plotSummaryInfoCount": 1,
      "plotSummaryInfo": {
        "classification": "자연탐구",
        "readAge": "초등_고학년",
        "form": "long-form",
        "plotSummaryText": "에어컨을 켰더니 집 안이 싸늘해지고 나는 소파에 드러누워 낮잠을 잤습니다.",
        "textWordEA": 10
      }
    },
    {
      "srcTextID": "118599",
      "srcText": "“나쁜 온실가스! 온실가스를 없애려면 어떻게 해야 하지?” 그때 어디선가 나타난 온실가스들이 북극곰과 나를 에워싸고 말했어. “히히, 네가 우리를 없앨 수 있을까? 어림없는 소리! 우리를 만든 건 바로 너야, 너!” 나는 깜짝 놀라 온실가스들에게 물었어. “뭐라고? 내가 너희를 만들었다고?”",
      "srcPage": 15,
      "srcSentenceEA": 8,
      "srcWordEA": 44,
      "character": "북극곰,나,너,너희",
      "setting": null,
      "action": "없애려면,나타난,에워싸고,말했어,만든 건,물었어,만들었다고",
      "feeling": "깜짝 놀라,어림없는",
      "causalRelationship": null,
      "outcomeResolution": null,
      "prediction": null,
      "plotSummaryInfoCount": 1,
      "plotSummaryInfo": {
        "classification": "자연탐구",
        "readAge": "초등_고학년",
        "form": "long-form",
        "plotSummaryText": "나쁜 온실가스를 없애려면 어떻게 해야 하냐고 묻자, 어디선가 온실가스가 나타나서는 없애는 건 어림없는 소리이고, 자신을 만든 건 너라고 말했습니다.",
        "textWordEA": 19
      }
    },
    {
      "srcTextID": "118604",
      "srcText": "“정말 그러면 온실가스를 줄일 수 있어?” “그래, 그리고 나무를 많이 심어야 해. 온실가스는 나무를 아주 싫어하거든.”",
      "srcPage": 20,
      "srcSentenceEA": 3,
      "srcWordEA": 17,
      "character": "나무,온실가스",
      "setting": null,
      "action": "심어야 해,줄일 수 있어",
      "feeling": "싫어하거든",
      "causalRelationship": null,
      "outcomeResolution": null,
      "prediction": null,
      "plotSummaryInfoCount": 1,
      "plotSummaryInfo": {
        "classification": "자연탐구",
        "readAge": "초등_고학년",
        "form": "short-form",
        "plotSummaryText": "온실가스를 줄일 수 있냐고 묻자, 온실가스는 나무를 싫어하니 나무를 많이 심어야 한다고 말했습니다.",
        "textWordEA": 13
      }
    },
    {
      "srcTextID": "118606",
      "srcText": "어느새 온실가스들이 다시 나타났어. 나는 북극곰과 함께 온실가스들을 피해 달아나기 시작했어. 그런데 얼음이 우지직 소리를 내며 부서지기 시작했어.",
      "srcPage": 21,
      "srcSentenceEA": 3,
      "srcWordEA": 20,
      "character": "온실가스들,나,북극곰,얼음",
      "setting": null,
      "action": "나타났어,피해,달아나기",
      "feeling": null,
      "causalRelationship": null,
      "outcomeResolution": null,
      "prediction": null,
      "plotSummaryInfoCount": 1,
      "plotSummaryInfo": {
        "classification": "자연탐구",
        "readAge": "초등_고학년",
        "form": "short-form",
        "plotSummaryText": "온실가스들이 다시 나타나서 북극곰과 함께 피해 달아났는데 얼음이 소리를 내며 부서지기 시작했습니다.",
        "textWordEA": 12
      }
    },
    {
      "srcTextID": "118609",
      "srcText": "안 쓰는 가전제품의 플러그도 몽땅 뽑았지. 이러면 북극곰을 도울 수 있을 거야. 온실가스를 줄일 수 있을 테니까.",
      "srcPage": 25,
      "srcSentenceEA": 3,
      "srcWordEA": 19,
      "character": "가전제품,플러그,북극곰",
      "setting": null,
      "action": "뽑았지,도울 수",
      "feeling": null,
      "causalRelationship": "이러면 북극곰을 도울 수 있을 거야. 온실가스를 줄일 수 있을 테니까.",
      "outcomeResolution": null,
      "prediction": null,
      "plotSummaryInfoCount": 1,
      "plotSummaryInfo": {
        "classification": "자연탐구",
        "readAge": "초등_고학년",
        "form": "short-form",
        "plotSummaryText": "나는 안 쓰는 가전제품의 플러그를 뽑았는데, 그러면 온실가스를 줄일 수 있을 테니 북극곰을 도울 수 있을 것입니다.",
        "textWordEA": 17
      }
    },
    {
      "srcTextID": "118585",
      "srcText": "나는 더운 게 정말 싫어. 그래서 조금만 더워도 에어컨을 켜지. 나는 에어컨을 켜고, 온도를 낮추었어. 그때 소파에 놓인 곰 인형이 보였지. “북극곰은 추운 북극에 사니까 시원하겠지? 정말 좋겠다!”",
      "srcPage": 1,
      "srcSentenceEA": 6,
      "srcWordEA": 32,
      "character": "나,에어컨,곰 인형,북극곰",
      "setting": "북극,소파",
      "action": "켜지,켜고,온도를 낮추었어,보였지",
      "feeling": "싫어,정말 좋겠다",
      "causalRelationship": null,
      "outcomeResolution": null,
      "prediction": null,
      "plotSummaryInfoCount": 1,
      "plotSummaryInfo": {
        "classification": "자연탐구",
        "readAge": "초등_고학년",
        "form": "long-form",
        "plotSummaryText": "더운 게 싫었던 나는 더워서 에어컨을 켰는데 소파에 놓인 곰 인형이 보이자, 북극에 사는 북극곰은 시원해서 좋겠다고 말했습니다.",
        "textWordEA": 18
      }
    },
    {
      "srcTextID": "118586",
      "srcText": "그런데 무언가가 자박자박 지나가는 소리가 들렸어. 그 소리에 눈을 떠 보니 내가 엉뚱한 곳에 있지 뭐야. 바닥은 물결처럼 일렁이고, 그 위로 검은 발자국이 도장처럼 꾹꾹 찍혀 있었지.",
      "srcPage": 3,
      "srcSentenceEA": 3,
      "srcWordEA": 29,
      "character": "내,도장,검은 발자국",
      "setting": "엉뚱한 곳,바닥",
      "action": "눈을 떠 보니",
      "feeling": null,
      "causalRelationship": null,
      "outcomeResolution": null,
      "prediction": null,
      "plotSummaryInfoCount": 1,
      "plotSummaryInfo": {
        "classification": "자연탐구",
        "readAge": "초등_고학년",
        "form": "short-form",
        "plotSummaryText": "나는 무슨 소리가 들려 눈을 떴는데 바닥이 물결처럼 일렁이고, 그 위로 검은 발자국이 도장처럼 찍혀 있는 엉뚱한 곳에 있었습니다.",
        "textWordEA": 19
      }
    },
    {
      "srcTextID": "118589",
      "srcText": "두리번두리번! 내가 검은 발자국을 살피고 있을 때였어. 갑자기 무언가가 내 앞에 휙 나타났어. 나는 깜짝 놀라서 심장이 두근두근했지만 용기 내어 물었어.",
      "srcPage": 4,
      "srcSentenceEA": 3,
      "srcWordEA": 24,
      "character": "나,검은 발자국",
      "setting": "살피고 있을 때",
      "action": "나타났어,물었어",
      "feeling": "놀라서,용기 내어",
      "causalRelationship": null,
      "outcomeResolution": null,
      "prediction": null,
      "plotSummaryInfoCount": 1,
      "plotSummaryInfo": {
        "classification": "자연탐구",
        "readAge": "초등_고학년",
        "form": "short-form",
        "plotSummaryText": "내가 검은 발자국을 살피고 있을 때 갑자기 무언가가 나타나서 깜짝 놀랐지만, 나는 용기 내어 물었습니다.",
        "textWordEA": 15
      }
    },
    {
      "srcTextID": "118592",
      "srcText": "그곳에 온실가스가 있었어. 나는 구름 위에서 아래를 내려다보았어. 집도, 차도, 길도 개미만큼 작아 보였지. 나는 구름 아래를 신나게 구경했어. 그런데 하늘로 또 다른 온실가스들이 올라오는 게 아니겠어?",
      "srcPage": 8,
      "srcSentenceEA": 5,
      "srcWordEA": 31,
      "character": "나,집,차,길,개미",
      "setting": "구름 위,구름 아래,하늘",
      "action": "내려다보았어,구경했어,올라오는",
      "feeling": "신나게",
      "causalRelationship": null,
      "outcomeResolution": null,
      "prediction": null,
      "plotSummaryInfoCount": 1,
      "plotSummaryInfo": {
        "classification": "자연탐구",
        "readAge": "초등_고학년",
        "form": "long-form",
        "plotSummaryText": "나는 온실가스가 있는 구름 위에서 아래를 내려다 보며 신나게 구경하다 또 다른 온실가스들이 올라오는걸 봤습니다.",
        "textWordEA": 15
      }
    },
    {
      "srcTextID": "118593",
      "srcText": "나는 깜짝 놀라서 뒷걸음질하다가 그만 구름 아래로 떨어지고 말았어. “으악!” 그런데 아래로 떨어지고도 나는 아주 멀쩡했어. 심지어 부드럽고 포근한 느낌까지 들었지. 아주 커다란 북극곰이 나를 받아 준 거야.",
      "srcPage": 9,
      "srcSentenceEA": 4,
      "srcWordEA": 31,
      "character": "나,북극곰",
      "setting": "구름 아래",
      "action": "뒷걸음질하다가,떨어지고,떨어지고도,받아 준 거야",
      "feeling": "깜짝 놀라서",
      "causalRelationship": null,
      "outcomeResolution": null,
      "prediction": null,
      "plotSummaryInfoCount": 1,
      "plotSummaryInfo": {
        "classification": "자연탐구",
        "readAge": "초등_고학년",
        "form": "long-form",
        "plotSummaryText": "깜짝 놀라 뒷걸음질하다가 구름 아래로 떨어진 나는 다행히 멀쩡했고 심지어 부드럽고 포근한 느낌까지 들었는데 알고 보니 북극곰이 받아줬던 것입니다.",
        "textWordEA": 19
      }
    },
    {
      "srcTextID": "118597",
      "srcText": "“이곳은 좀 더 안전할 거야. 이 얼음도 온실가스 때문에 곧 녹겠지만” “온실가스가 어떻게 얼음을 녹여?” “온실가스는 지구의 열이 밖으로 나가지 못하게 막아. 그래서 지구의 기온이 점점 올라가 얼음이 녹는 거야.”",
      "srcPage": 13,
      "srcSentenceEA": 5,
      "srcWordEA": 32,
      "character": "얼음",
      "setting": "지구,밖",
      "action": "막아,나가지",
      "feeling": null,
      "causalRelationship": "온실가스는 지구의 열이 밖으로 나가지 못하게 막아. 그래서 지구의 기온이 점점 올라가 얼음이 녹는 거야.",
      "outcomeResolution": null,
      "prediction": null,
      "plotSummaryInfoCount": 1,
      "plotSummaryInfo": {
        "classification": "자연탐구",
        "readAge": "초등_고학년",
        "form": "long-form",
        "plotSummaryText": "온실가스가 어떻게 얼음을 녹이냐고 묻자, 온실가스가 지구의 열이 밖으로 나가지 못하게 막아 지구의 기온이 올라가면서 얼음이 녹는 거라고 말했습니다.",
        "textWordEA": 19
      }
    },
    {
      "srcTextID": "118598",
      "srcText": "“이렇게 지구의 기온이 점점 올라가면, 날씨가 더워질 테고 땅은 메마를 거야. 그럼 그곳에 사는 식물은 죽고 말 거야.” “또 북극과 남극의 빙하가 점점 녹아서 바닷물이 늘어날 거야. 바닷물이 늘어나면 땅이 줄어들고.” “우리가 사는 땅이 줄어들면 어떡하지?” “사람도 우리 북극곰처럼 살 곳을 잃게 되는 거지.”",
      "srcPage": 14,
      "srcSentenceEA": 6,
      "srcWordEA": 46,
      "character": "지구,땅,식물,빙하,바닷물,사람,북극곰",
      "setting": "북극,남극",
      "action": "사는,올라가면",
      "feeling": null,
      "causalRelationship": null,
      "outcomeResolution": "사람도 우리 북극곰처럼 살 곳을 잃게 되는 거지.",
      "prediction": null,
      "plotSummaryInfoCount": 1,
      "plotSummaryInfo": {
        "classification": "자연탐구",
        "readAge": "초등_고학년",
        "form": "long-form",
        "plotSummaryText": "그는 지구의 기온이 올라가면 날씨가 더워져서 식물은 죽고, 북극과 남극의 빙하가 녹아 바닷물이 늘어나 땅이 줄어들며, 결국 사람도 북극곰처럼 살 곳을 잃게 된다고 말했습니다.",
        "textWordEA": 24
      }
    },
    {
      "srcTextID": "118602",
      "srcText": "온실가스들은 킬킬거리며 웃더니 갑자기 사라졌어. 우리가 서 있던 얼음도 점점 녹기 시작했어. 나는 북극곰에게 말했어.",
      "srcPage": 16,
      "srcSentenceEA": 3,
      "srcWordEA": 17,
      "character": "얼음,나,북극곰,온실가스들",
      "setting": null,
      "action": "웃더니,사라졌어,서 있던,말했어",
      "feeling": null,
      "causalRelationship": null,
      "outcomeResolution": null,
      "prediction": null,
      "plotSummaryInfoCount": 1,
      "plotSummaryInfo": {
        "classification": "자연탐구",
        "readAge": "초등_고학년",
        "form": "short-form",
        "plotSummaryText": "온실가스들이 웃더니 갑자기 사라졌고 우리가 서 있던 얼음도 녹기 시작하자 나는 북극곰에게 말했습니다.",
        "textWordEA": 13
      }
    },
    {
      "srcTextID": "118601",
      "srcText": "“이곳은 위험해. 나랑 같이 우리 집으로 갈래?” 하지만 북극곰은 고개를 저으며 대답했지. “나는 이곳을 떠나서는 살 수 없어.”",
      "srcPage": 17,
      "srcSentenceEA": 4,
      "srcWordEA": 20,
      "character": "나,북극곰",
      "setting": "우리 집",
      "action": "갈래,고개를 저으며,떠나서는",
      "feeling": "위험해",
      "causalRelationship": null,
      "outcomeResolution": null,
      "prediction": null,
      "plotSummaryInfoCount": 1,
      "plotSummaryInfo": {
        "classification": "자연탐구",
        "readAge": "초등_고학년",
        "form": "long-form",
        "plotSummaryText": "이곳은 위험하니 우리 집으로 가겠냐는 물음에 북극곰은 고개를 저으며 이곳을 떠나서는 살 수 없다고 말했습니다.",
        "textWordEA": 15
      }
    },
    {
      "srcTextID": "118605",
      "srcText": "내 뒤에서 달리던 북극곰이 그만 물에 빠져 버렸어. “계속 뛰어!” 북극곰이 내게 소리쳤지. 얼마나 뛰었을까? 나는 뛰다 지쳐서 풀썩 쓰러졌어. 그러고는 그대로 정신을 잃었지.",
      "srcPage": 22,
      "srcSentenceEA": 6,
      "srcWordEA": 28,
      "character": "북극곰,나",
      "setting": "물",
      "action": "달리던,빠져,뛰어,소리쳤지,뛰다,쓰러졌어,정신을 잃었지",
      "feeling": null,
      "causalRelationship": null,
      "outcomeResolution": null,
      "prediction": null,
      "plotSummaryInfoCount": 1,
      "plotSummaryInfo": {
        "classification": "자연탐구",
        "readAge": "초등_고학년",
        "form": "long-form",
        "plotSummaryText": "내 뒤에서 달리다가 물에 빠진 북극곰은 계속 뛰라고 소리쳤고, 나는 뛰다 지쳐 쓰러져 정신을 잃었습니다.",
        "textWordEA": 15
      }
    },
    {
      "srcTextID": "118608",
      "srcText": "“이렇게 에어컨을 세게 틀어 놓으면 어떡해?” 나는 엄마의 목소리에 눈을 떴어. 주위를 둘러보니 우리 집이었어.",
      "srcPage": 23,
      "srcSentenceEA": 3,
      "srcWordEA": 17,
      "character": "에어컨,나,엄마",
      "setting": "우리 집",
      "action": "눈을 떴어,둘러보니",
      "feeling": null,
      "causalRelationship": null,
      "outcomeResolution": null,
      "prediction": null,
      "plotSummaryInfoCount": 1,
      "plotSummaryInfo": {
        "classification": "자연탐구",
        "readAge": "초등_고학년",
        "form": "short-form",
        "plotSummaryText": "에어컨을 이렇게 세게 틀어 놓으면 어떡하느냐는 엄마의 목소리에 눈을 떠 주위를 둘러보니 우리 집이었습니다.",
        "textWordEA": 14
      }
    },
    {
      "srcTextID": "118607",
      "srcText": "“엄마, 북극곰은 어떻게 됐어요?” “북극곰이라니? 아, 북극곰 인형!” “꿈인가?” 그런데 거실에 검은 발자국이 꾹꾹 찍혀 있지 뭐야. 나는 얼른 에어컨을 껐어.",
      "srcPage": 24,
      "srcSentenceEA": 4,
      "srcWordEA": 24,
      "character": "엄마,북극곰,북극곰 인형,나,에어컨",
      "setting": "거실",
      "action": "껐어",
      "feeling": null,
      "causalRelationship": null,
      "outcomeResolution": null,
      "prediction": null,
      "plotSummaryInfoCount": 1,
      "plotSummaryInfo": {
        "classification": "자연탐구",
        "readAge": "초등_고학년",
        "form": "long-form",
        "plotSummaryText": "북극곰이 어떻게 됐냐고 엄마에게 묻고 나니 꿈인가 싶었지만, 거실에 검은 발자국이 찍혀 있어 얼른 에어컨을 껐습니다.",
        "textWordEA": 16
      }
    },
    {
      "srcTextID": "118588",
      "srcText": "“너, 너는 누구야?” “나는 온실가스야. 지구를 뜨겁게 만들려고 왔지!” 온실가스는 기분 나쁜 웃음을 지으며 말했어. 그러고는 검은 발자국을 남기며 스르르 사라졌지.",
      "srcPage": 5,
      "srcSentenceEA": 5,
      "srcWordEA": 24,
      "character": "너,나,검은 발자국,지구",
      "setting": null,
      "action": "왔지,웃음을 지으며,말했어,남기며,사라졌지",
      "feeling": null,
      "causalRelationship": null,
      "outcomeResolution": null,
      "prediction": null,
      "plotSummaryInfoCount": 1,
      "plotSummaryInfo": {
        "classification": "자연탐구",
        "readAge": "초등_고학년",
        "form": "long-form",
        "plotSummaryText": "내가 누구냐고 묻자, 자신은 지구를 뜨겁게 만들려고 온 온실가스라고 기분 나쁜 웃음을 지으며 말하고는 검은 발자국을 남기며 사라졌습니다.",
        "textWordEA": 18
      }
    },
    {
      "srcTextID": "118591",
      "srcText": "“온실가스는 어디로 간 걸까?” 나는 바닥에 찍힌 온실가스의 검은 발자국을 따라갔어. 검은 발자국은 하늘로 이어져 있었지.",
      "srcPage": 6,
      "srcSentenceEA": 3,
      "srcWordEA": 18,
      "character": "검은 발자국,나",
      "setting": "바닥,하늘",
      "action": "찍힌,따라갔어",
      "feeling": null,
      "causalRelationship": null,
      "outcomeResolution": null,
      "prediction": null,
      "plotSummaryInfoCount": 1,
      "plotSummaryInfo": {
        "classification": "자연탐구",
        "readAge": "초등_고학년",
        "form": "short-form",
        "plotSummaryText": "나는 온실가스가 어디로 갔는지 궁금해서 바닥에 찍힌 검은 발자국을 따라갔는데, 검은 발자국은 하늘로 이어져 있었습니다.",
        "textWordEA": 15
      }
    },
    {
      "srcTextID": "118590",
      "srcText": "“온실가스가 하늘로 올라갔나 봐!” 그때 내 몸이 새털처럼 하늘로 붕 떠올랐어. 그리고 어느새 구름 위까지 올라갔지.",
      "srcPage": 7,
      "srcSentenceEA": 3,
      "srcWordEA": 18,
      "character": "내 몸,새털",
      "setting": "구름 위,하늘",
      "action": "떠올랐어,올라갔지",
      "feeling": null,
      "causalRelationship": null,
      "outcomeResolution": null,
      "prediction": null,
      "plotSummaryInfoCount": 1,
      "plotSummaryInfo": {
        "classification": "자연탐구",
        "readAge": "초등_고학년",
        "form": "short-form",
        "plotSummaryText": "온실가스가 하늘로 올라간 것 같다고 생각하던 중에, 내 몸은 새털처럼 하늘로 붕 떠올라 어느새 구름 위까지 올라갔습니다.",
        "textWordEA": 17
      }
    },
    {
      "srcTextID": "118595",
      "srcText": "그때 멀리서 ‘우르르 쾅쾅!’ 큰 소리가 들려왔어. “도망치자! 얼음이 녹고 있어!” 우리가 있던 얼음도 녹으면서 갈라지기 시작했어.",
      "srcPage": 11,
      "srcSentenceEA": 4,
      "srcWordEA": 20,
      "character": "얼음,우리",
      "setting": null,
      "action": "도망치자,시작했어",
      "feeling": null,
      "causalRelationship": null,
      "outcomeResolution": null,
      "prediction": "우리가 있던 얼음도 녹으면서 갈라지기 시작했어.",
      "plotSummaryInfoCount": 1,
      "plotSummaryInfo": {
        "classification": "자연탐구",
        "readAge": "초등_고학년",
        "form": "long-form",
        "plotSummaryText": "멀리서 큰 소리가 들리자 우리가 있던 얼음 녹고 있다며 도망치자고 말했습니다.",
        "textWordEA": 11
      }
    },
    {
      "srcTextID": "118600",
      "srcText": "“그럼 내가 도울 방법이 없을까?” 북극곰은 내가 도울 수 있는 방법을 하나하나 알려 주었어. 사용하지 않는 가전제품은 플러그를 뽑아 두는 게 좋아.",
      "srcPage": 18,
      "srcSentenceEA": 3,
      "srcWordEA": 24,
      "character": "내,북극곰,가전제품,플러그",
      "setting": null,
      "action": "도울,알려 주었어",
      "feeling": null,
      "causalRelationship": null,
      "outcomeResolution": null,
      "prediction": null,
      "plotSummaryInfoCount": 1,
      "plotSummaryInfo": {
        "classification": "자연탐구",
        "readAge": "초등_고학년",
        "form": "short-form",
        "plotSummaryText": "내가 도울 방법이 있냐고 묻자, 북극곰은 사용하지 않는 가전제품은 플러그를 뽑아 두는 게 좋다고 알려 주었습니다.",
        "textWordEA": 16
      }
    }
  ]
}