{
  "title": "예린이의 구청 나들이",
  "author": "조항록",
  "illustrator": "김창희",
  "isbn": "9788998212889",
  "publishedYear": 2012,
  "publisher": "한얼에듀",
  "paragraphInfoCount": 18,
  "paragraphInfo": [
    {
      "srcTextID": "3212",
      "srcText": "‘건설관리과’ 앞에 털보 아저씨가 서 있었어요. “집을 새로 지으려면 어떻게 해야 하나요?” 그러자 아저씨가 친절하게 설명해 주었어요. “집을 어떻게 지을 건지 설계도를 보여 주세요. 그럼 안전하게 지을 수 있게 도와드릴게요.”",
      "srcPage": 9,
      "srcSentenceEA": 5,
      "srcWordEA": 33,
      "character": "털보 아저씨,집,설계도",
      "setting": "건설관리과",
      "action": "서 있었어요,설명해 주었어요,새로 지으려면,보여 주세요,지을 수 있게,도와드릴게요",
      "feeling": "친절하게",
      "causalRelationship": null,
      "outcomeResolution": null,
      "prediction": "그럼 안전하게 지을 수 있게 도와 드릴게요.",
      "plotSummaryInfoCount": 1,
      "plotSummaryInfo": {
        "classification": "자연탐구",
        "readAge": "초등_고학년",
        "form": "long-form",
        "plotSummaryText": "건설 관리과 앞에 서있는  털보 아저씨가 집을 새로 지으려면 어떻게 하는지 친절하게 설명해 주었습니다.",
        "textWordEA": 15
      }
    },
    {
      "srcTextID": "3217",
      "srcText": "아빠는 ‘민원여권과’를 찾아갔어요. “여권을 만들러 왔어요.” 자리에 앉아 있던 예쁜 언니가 물었지요. ",
      "srcPage": 13,
      "srcSentenceEA": 4,
      "srcWordEA": 14,
      "character": "아빠,예쁜 언니",
      "setting": "민원여권과",
      "action": "물었지요,찾아갔어요",
      "feeling": null,
      "causalRelationship": null,
      "outcomeResolution": null,
      "prediction": null,
      "plotSummaryInfoCount": 1,
      "plotSummaryInfo": {
        "classification": "자연탐구",
        "readAge": "초등_고학년",
        "form": "long-form",
        "plotSummaryText": "아빠는 민원여권과를 찾아갔고, 예쁜 언니가 여권을 만들러 왔는지 물었습니다.",
        "textWordEA": 9
      }
    },
    {
      "srcTextID": "3206",
      "srcText": "대신 아빠랑 같이 구청에 다녀오자. 오는 길에 맛있는 피자도 먹고! \"피자?\" 피자라는 말에 예린이는 눈물이 쏙 들어갔어요.",
      "srcPage": 4,
      "srcSentenceEA": 3,
      "srcWordEA": 19,
      "character": "아빠,예린,피자,구청,눈물",
      "setting": "길",
      "action": "다녀오자,먹고",
      "feeling": "눈물이 쏙 들어갔어요.",
      "causalRelationship": null,
      "outcomeResolution": null,
      "prediction": null,
      "plotSummaryInfoCount": 1,
      "plotSummaryInfo": {
        "classification": "자연탐구",
        "readAge": "초등_고학년",
        "form": "short-form",
        "plotSummaryText": "아빠랑 같이 구청 다녀오는 길에 피자 먹자는 말에 예린이는 눈물이 쏙 들어갔습니다.",
        "textWordEA": 12
      }
    },
    {
      "srcTextID": "3219",
      "srcText": "언니의 친절한 인사에 아빠는 기분이 좋았어요. “아빠, 저 언니도 공무원이에요?” “그렇단다. 외국에 가는 사람들에게 빠르고 친절하게 여권을 만들어 주지.”",
      "srcPage": 15,
      "srcSentenceEA": 3,
      "srcWordEA": 20,
      "character": "언니,아빠,공무원",
      "setting": null,
      "action": "친절한 인사,여권을 만들어 주지",
      "feeling": "기분이 좋았어요",
      "causalRelationship": null,
      "outcomeResolution": null,
      "prediction": null,
      "plotSummaryInfoCount": 1,
      "plotSummaryInfo": {
        "classification": "자연탐구",
        "readAge": "초등_고학년",
        "form": "short-form",
        "plotSummaryText": "공무원 언니는 외국에 가는 사람들에게 빠르고 친절하게 여권을 만들어 주었습니다.",
        "textWordEA": 10
      }
    },
    {
      "srcTextID": "3220",
      "srcText": "“와, 쇠똥구리다! 장수풍뎅이도 있네.” “구청에서는 사람들을 위해 행사도 많이 열지. 음악회도 하고, 벼룩시장도 열고.” “정말요? 나중에 또 구청에 놀러 와요.” “그래, 그러자꾸나. 이제 피자 먹으러 갈까?” 예린이는 군침을 꼴깍 삼켰어요.",
      "srcPage": 17,
      "srcSentenceEA": 8,
      "srcWordEA": 35,
      "character": "예린,쇠똥구리,장수풍뎅이,사람들",
      "setting": "구청,벼룩시장",
      "action": "군침을 꼴깍 삼켰어요",
      "feeling": null,
      "causalRelationship": null,
      "outcomeResolution": null,
      "prediction": "이제 피자 먹으러 갈까,나중에 또 구청에 놀러 와요.",
      "plotSummaryInfoCount": 1,
      "plotSummaryInfo": {
        "classification": "자연탐구",
        "readAge": "초등_고학년",
        "form": "long-form",
        "plotSummaryText": "구청에서는 사람들을 위해 음악회와 벼룩시장 같은 행사를 많이 연다고 들었고, 이제 예린이는 피자를 먹으러 갔습니다.",
        "textWordEA": 15
      }
    },
    {
      "srcTextID": "3210",
      "srcText": "구청에 도착한 예린이는 언제 울었냐는 듯 신이 났어요. “와, 여기가 구청이구나. 아주아주 크다. 예쁜 분수도 있네, 히히.”",
      "srcPage": 7,
      "srcSentenceEA": 4,
      "srcWordEA": 19,
      "character": "예린,분수",
      "setting": "구청",
      "action": "도착한",
      "feeling": "신이 났어요,히히",
      "causalRelationship": null,
      "outcomeResolution": null,
      "prediction": null,
      "plotSummaryInfoCount": 1,
      "plotSummaryInfo": {
        "classification": "자연탐구",
        "readAge": "초등_고학년",
        "form": "long-form",
        "plotSummaryText": "구청에 도착한 예린이는 구청이 크고, 그곳에 예쁜 분수도 있어 신이 났습니다.",
        "textWordEA": 11
      }
    },
    {
      "srcTextID": "3211",
      "srcText": "구청 안에는 사람들이 가득했어요. “저 사람들은 다 누구예요?” “여기서 일을 하는 공무원들이야. 나라와 국민을 위해 일하는 사람들이지. 우리가 편하고 안전하게 지낼 수 있도록 여러 가지 일들을 도와준단다.”",
      "srcPage": 8,
      "srcSentenceEA": 5,
      "srcWordEA": 29,
      "character": "공무원,사람들",
      "setting": "구청",
      "action": "일하는,안전하게 지낼 수 있도록,도와준단다",
      "feeling": null,
      "causalRelationship": null,
      "outcomeResolution": null,
      "prediction": "우리가 편하고 안전하게 지낼 수 있도록 여러 가지 일들을 도와준단다.",
      "plotSummaryInfoCount": 1,
      "plotSummaryInfo": {
        "classification": "자연탐구",
        "readAge": "초등_고학년",
        "form": "long-form",
        "plotSummaryText": "예린이는 구청에 가득한 사람들이 누구냐고 물었고, 그 사람들은 공무원들이고 나라와 국민을 위해 일하고 우리가 편하고 안전하게 지낼 수 있도록 여러 가지 일을 도와준다는 말을 들었습니다.",
        "textWordEA": 25
      }
    },
    {
      "srcTextID": "3213",
      "srcText": "‘주민생활지원과’에서는 두 아저씨가 뭔가 도란도란 이야기를 나누고 있었어요. “앞으로는 어려운 이웃을 더 많이 도와야 해요.” “엄마 아빠가 없는 소년 소녀 가장들을 도와주어야 해요.” “몸이 불편한 사람들이 일할 수 있도록 해 주어야 해요.”",
      "srcPage": 10,
      "srcSentenceEA": 4,
      "srcWordEA": 33,
      "character": "두 아저씨,엄마,아빠가,소년,소녀,이웃을",
      "setting": "주민생활지원과",
      "action": "이야기를 나누고 있었어요,도와야 해요",
      "feeling": null,
      "causalRelationship": null,
      "outcomeResolution": null,
      "prediction": "엄마 아빠가 없는 소년 소녀 가장들을 도와주어야 해요,어려운 이웃을 더 많이 도와야 해요.",
      "plotSummaryInfoCount": 1,
      "plotSummaryInfo": {
        "classification": "자연탐구",
        "readAge": "초등_고학년",
        "form": "long-form",
        "plotSummaryText": "주민생활지원과의 두 아저씨는 어려운 이웃을 많이 돕고, 소년 소녀 가장을 돕고, 몸이 불편한 사람들이 일할 수 있도록 해주어야 한다고 이야기 나누고 있었습니다.",
        "textWordEA": 22
      }
    },
    {
      "srcTextID": "3214",
      "srcText": "‘교통행정과’ 앞을 지날 때였어요. 따르릉! 한 아저씨가 전화를 받았어요. “행복 초등학교 앞길에 있는 가로등이 고장 났다고요? ",
      "srcPage": 11,
      "srcSentenceEA": 4,
      "srcWordEA": 19,
      "character": "아저씨",
      "setting": "교통행정과,행복 초등학교 앞길",
      "action": "전화를 받았어요",
      "feeling": null,
      "causalRelationship": null,
      "outcomeResolution": "교통행정과 앞을 지날 때였어요. 따르릉! 한 아저씨가 전화를 받았어요.",
      "prediction": null,
      "plotSummaryInfoCount": 1,
      "plotSummaryInfo": {
        "classification": "자연탐구",
        "readAge": "초등_고학년",
        "form": "long-form",
        "plotSummaryText": "교통행정과 앞을 지날 때, 한 아저씨가 행복 초등학교 앞길에 있는 가로등이 고장 났다고 전화를 받았습니다.",
        "textWordEA": 15
      }
    },
    {
      "srcTextID": "3216",
      "srcText": "“외국에는 처음 가시나요?” “네.” 언니는 아빠가 써 준 여권 신청서를 컴퓨터에 입력한 후 작은 종이를 주었어요. “여권을 신청하셨다는 것을 확인하는 서류예요. 여권은 일주일 후에 찾으러 오세요. 즐거운 여행 되시고요.”",
      "srcPage": 14,
      "srcSentenceEA": 5,
      "srcWordEA": 32,
      "character": "언니,아빠",
      "setting": "일주일 후",
      "action": "컴퓨터에 입력한 후 작은 종이를 주었어요",
      "feeling": "즐거운",
      "causalRelationship": null,
      "outcomeResolution": null,
      "prediction": "여권은 일주일 후에 찾으러 오세요.",
      "plotSummaryInfoCount": 1,
      "plotSummaryInfo": {
        "classification": "자연탐구",
        "readAge": "초등_고학년",
        "form": "long-form",
        "plotSummaryText": "언니는 여권 신청서를 컴퓨터에 입력한 후 일주일 후에 찾으러 오라고 말했습니다.",
        "textWordEA": 11
      }
    },
    {
      "srcTextID": "3204",
      "srcText": "“으앙, 나도 갈래!” 예린이는 울음보를 터뜨렸어요. 아빠가 회사 일 때문에 일본에 간대요.",
      "srcPage": 1,
      "srcSentenceEA": 3,
      "srcWordEA": 14,
      "character": "예린이,아빠",
      "setting": null,
      "action": "울음보를 터뜨렸어요",
      "feeling": "슬픔",
      "causalRelationship": "예린이는 울음보를 터뜨렸어요. 아빠가 회사 일 때문에 일본에 간대요.",
      "outcomeResolution": null,
      "prediction": "아빠가 회사 일 때문에 일본에 간대요.",
      "plotSummaryInfoCount": 1,
      "plotSummaryInfo": {
        "classification": "자연탐구",
        "readAge": "초등_고학년",
        "form": "short-form",
        "plotSummaryText": "예린이는 아빠가 회사 일 때문에 일본으로 간다고 해서 울었습니다.",
        "textWordEA": 9
      }
    },
    {
      "srcTextID": "3205",
      "srcText": "아빠랑 떨어진다니, 너무 싫은걸요. 엄마는 아빠를 바라보며 한쪽 눈을 찡긋! “여보, 당신이 어서 예린이 좀 달래 봐요.”",
      "srcPage": 2,
      "srcSentenceEA": 3,
      "srcWordEA": 18,
      "character": "아빠,엄마,예린",
      "setting": null,
      "action": "눈을 찡긋,달래 봐요",
      "feeling": "너무 싫은걸요",
      "causalRelationship": null,
      "outcomeResolution": "당신이 어서 예린이 좀 달래 봐요.",
      "prediction": "여보, 당신이 어서 예린이 좀 달래 봐요.",
      "plotSummaryInfoCount": 1,
      "plotSummaryInfo": {
        "classification": "자연탐구",
        "readAge": "초등_고학년",
        "form": "short-form",
        "plotSummaryText": "엄마는 아빠를 바라보며 한쪽 눈을 찡긋하며 예린이 좀 달래 보라 말했습니다.",
        "textWordEA": 11
      }
    },
    {
      "srcTextID": "3208",
      "srcText": "“여권이 뭔데요?” “다른 나라로 여행을 갈 때 필요한 거야. 아빠가 어느 나라 사람인지를 알려 주지.” 예린이는 구청이 점점 궁금해졌어요.",
      "srcPage": 6,
      "srcSentenceEA": 4,
      "srcWordEA": 21,
      "character": "아빠,예린",
      "setting": "구청",
      "action": null,
      "feeling": "궁금해졌어요",
      "causalRelationship": null,
      "outcomeResolution": null,
      "prediction": "여권이 뭔데요?",
      "plotSummaryInfoCount": 1,
      "plotSummaryInfo": {
        "classification": "자연탐구",
        "readAge": "초등_고학년",
        "form": "long-form",
        "plotSummaryText": "예린이는 여권과 구청에 대하여 궁금해졌습니다.",
        "textWordEA": 5
      }
    },
    {
      "srcTextID": "3207",
      "srcText": "아빠는 예린이를 안아 올리며 말했어요. 예린아, 아빠도 예린이랑 떨어지기 싫어. 하지만 같이 갈 수가 없네.",
      "srcPage": 3,
      "srcSentenceEA": 3,
      "srcWordEA": 17,
      "character": "아빠,예린",
      "setting": null,
      "action": "안아 올리며",
      "feeling": "싫어",
      "causalRelationship": null,
      "outcomeResolution": null,
      "prediction": null,
      "plotSummaryInfoCount": 1,
      "plotSummaryInfo": {
        "classification": "자연탐구",
        "readAge": "초등_고학년",
        "form": "short-form",
        "plotSummaryText": "아빠는 예린이를 안아 올리며 아빠도 떨어지기 싫지만, 같이 갈 수가 없다고 말했습니다.",
        "textWordEA": 12
      }
    },
    {
      "srcTextID": "3209",
      "srcText": "예린이는 금세 밝은 얼굴로 물었어요. “구청에는 왜 가요?” “아빠 여권을 만들어야 하거든.”",
      "srcPage": 5,
      "srcSentenceEA": 3,
      "srcWordEA": 12,
      "character": "예린,아빠,여권,구청",
      "setting": null,
      "action": "물었어요",
      "feeling": "밝은 얼굴",
      "causalRelationship": "구청에는 왜 가요?,여권을 만들어야 하거든.",
      "outcomeResolution": null,
      "prediction": null,
      "plotSummaryInfoCount": 1,
      "plotSummaryInfo": {
        "classification": "자연탐구",
        "readAge": "초등_고학년",
        "form": "short-form",
        "plotSummaryText": "예린이는 밝은 얼굴로 아빠에게 구청에 왜 가는지 물었고, 아빠는 여권을 만들어야 한다고 말했습니다.",
        "textWordEA": 13
      }
    },
    {
      "srcTextID": "3215",
      "srcText": "어서 가서 고쳐야겠군요.” 똑같은 옷을 입은 언니 오빠가 다정하게 손을 잡고 ‘호적과’에 왔어요. “저희 둘이 결혼을 해서 혼인 신고를 하러 왔어요.” 휴, 구청은 정말 바쁜 곳이에요.",
      "srcPage": 12,
      "srcSentenceEA": 5,
      "srcWordEA": 29,
      "character": "언니,오빠가",
      "setting": "호적과",
      "action": "고쳐야겠군요",
      "feeling": "휴,다정하게",
      "causalRelationship": "저희 둘이 결혼을 해서 혼인 신고를 하러 왔어요.",
      "outcomeResolution": null,
      "prediction": null,
      "plotSummaryInfoCount": 1,
      "plotSummaryInfo": {
        "classification": "자연탐구",
        "readAge": "초등_고학년",
        "form": "long-form",
        "plotSummaryText": "언니 오빠가 다정하게 손을 잡고 호적과에 혼인 신고를 하러 왔습니다.",
        "textWordEA": 10
      }
    },
    {
      "srcTextID": "3218",
      "srcText": "구청 정문을 나서다가 예린이는 뭔가를 발견했어요. “어, 곤충 전시회다! 아빠, 우리 전시회도 보고 가요.”",
      "srcPage": 16,
      "srcSentenceEA": 3,
      "srcWordEA": 15,
      "character": "예린,아빠",
      "setting": "구청 정문,곤충 전시회",
      "action": "발견했어요",
      "feeling": null,
      "causalRelationship": null,
      "outcomeResolution": null,
      "prediction": "우리 전시회도 보고 가요.",
      "plotSummaryInfoCount": 1,
      "plotSummaryInfo": {
        "classification": "자연탐구",
        "readAge": "초등_고학년",
        "form": "short-form",
        "plotSummaryText": "구청 정문을 나서다가 예린이는 곤충 전시회를 발견했습니다.",
        "textWordEA": 7
      }
    },
    {
      "srcTextID": "3221",
      "srcText": "예린이는 아빠랑 헤어진다는 걸 어느새 까맣게 잊은 걸까요? 다섯 밤이나 아빠를 못 보는데 그럴 리가요! 하지만 예린이는 울지 않기로 했어요. 집을 나설 때 엄마가 살짝 귀띔해 주었거든요. “예린이도 이제 다 컸으니 아빠 마음을 편하게 해 드리렴.”",
      "srcPage": 18,
      "srcSentenceEA": 5,
      "srcWordEA": 39,
      "character": "예린,아빠,엄마",
      "setting": "집,다섯 밤",
      "action": "울지 않기로 했어요,귀띔해 주었거든요,까맣게 잊은 걸까요",
      "feeling": null,
      "causalRelationship": "예린이도 이제 다 컸으니 아빠 마음을 편하게 해 드리렴.",
      "outcomeResolution": "아빠 마음을 편하게 해 드리렴.",
      "prediction": null,
      "plotSummaryInfoCount": 1,
      "plotSummaryInfo": {
        "classification": "자연탐구",
        "readAge": "초등_고학년",
        "form": "long-form",
        "plotSummaryText": "다섯 밤이나 아빠를 못 보지만 예린이는 울지 않고 아빠 마음을 편하게 해 드리기로 했습니다.",
        "textWordEA": 14
      }
    }
  ]
}