{
  "title": "오똑 나라 삐딱 나라",
  "author": "한얼에듀 편집부",
  "illustrator": "홍지혜",
  "isbn": "9788998212926",
  "publishedYear": 2012,
  "publisher": "한얼에듀",
  "paragraphInfoCount": 17,
  "paragraphInfo": [
    {
      "srcTextID": "3792",
      "srcText": "맘대로 대왕은 눈 깜짝할 사이에 오똑 군대에 둘러싸였어. “꼼짝 마라! 너희는 도망갈 수 없다!” 맘대로 대왕과 삐딱 군대는 무서워서 벌벌 떨었어.",
      "srcPage": 13,
      "srcSentenceEA": 4,
      "srcWordEA": 23,
      "character": "맘대로 대왕,오똑 군대,삐딱 군대",
      "setting": null,
      "action": "둘러싸였어,벌벌 떨었어",
      "feeling": "무서워",
      "causalRelationship": null,
      "outcomeResolution": null,
      "prediction": null,
      "plotSummaryInfoCount": 1,
      "plotSummaryInfo": {
        "classification": "자연탐구",
        "readAge": "초등_고학년",
        "form": "long-form",
        "plotSummaryText": "맘대로 대왕과 삐딱 군대는 눈 깜짝할 사이에 오똑 군대에 둘러싸이자 무서워했습니다.",
        "textWordEA": 11
      }
    },
    {
      "srcTextID": "3784",
      "srcText": "“흠, 보초를 서는 군인들만 없으면 쳐들어갈 수 있을 텐데.” “엥? 저건 또 뭐야?” 탕탕! 피융피융! 군인들이 총과 대포를 쏘는 훈련을 하고 있었어. ",
      "srcPage": 3,
      "srcSentenceEA": 5,
      "srcWordEA": 26,
      "character": "군인,총,대포",
      "setting": null,
      "action": "쳐들어갈,훈련을 하고",
      "feeling": null,
      "causalRelationship": null,
      "outcomeResolution": null,
      "prediction": null,
      "plotSummaryInfoCount": 1,
      "plotSummaryInfo": {
        "classification": "자연탐구",
        "readAge": "초등_고학년",
        "form": "long-form",
        "plotSummaryText": "보초를 서는 군인들만 없으면 쳐들어갈 수 있을 거란 생각을 했지만 군인들은 총과 대포를 쏘는 훈련을 하고 있었습니다.",
        "textWordEA": 17
      }
    },
    {
      "srcTextID": "3797",
      "srcText": "맘대로 대왕은 소리쳤어. “누가 좀 도와줘요! 살려 줘요!” 오똑 군대는 재빨리 삐딱 나라로 달려갔어.",
      "srcPage": 16,
      "srcSentenceEA": 4,
      "srcWordEA": 16,
      "character": "맘대로 대왕,오똑 군대",
      "setting": "삐딱 나라",
      "action": "소리쳤어,달려갔어",
      "feeling": null,
      "causalRelationship": null,
      "outcomeResolution": null,
      "prediction": null,
      "plotSummaryInfoCount": 1,
      "plotSummaryInfo": {
        "classification": "자연탐구",
        "readAge": "초등_고학년",
        "form": "long-form",
        "plotSummaryText": "맘대로 대왕은 살려 달라고 소리쳤고 이때 오똑 군대는 삐딱 나라로 달려갔습니다.",
        "textWordEA": 11
      }
    },
    {
      "srcTextID": "3790",
      "srcText": "“어? 오똑섬에는 군인들이 없네. 좋아. 저걸 꿀꺽하면 되겠어!” 맘대로 대왕은 군대를 불렀어. ",
      "srcPage": 7,
      "srcSentenceEA": 4,
      "srcWordEA": 16,
      "character": "군인,맘대로 대왕,군대",
      "setting": "오똑섬",
      "action": "불렀어",
      "feeling": null,
      "causalRelationship": null,
      "outcomeResolution": null,
      "prediction": null,
      "plotSummaryInfoCount": 1,
      "plotSummaryInfo": {
        "classification": "자연탐구",
        "readAge": "초등_고학년",
        "form": "long-form",
        "plotSummaryText": "오똑섬에는 군인들이 없는 것을 알고 맘대로 대왕은 군대를 불렀습니다.",
        "textWordEA": 9
      }
    },
    {
      "srcTextID": "3796",
      "srcText": "맘대로 대왕은 한동안 풀이 죽어 지냈어. 그러던 어느 날, 우르르 쾅쾅! 삐딱 나라에 지진이 나서 온 나라가 엉망이 되어 버렸어.",
      "srcPage": 15,
      "srcSentenceEA": 3,
      "srcWordEA": 22,
      "character": "맘대로 대왕",
      "setting": "삐딱 나라",
      "action": null,
      "feeling": null,
      "causalRelationship": "삐딱 나라에 지진이 나서 온 나라가 엉망이 되어 버렸어.",
      "outcomeResolution": null,
      "prediction": null,
      "plotSummaryInfoCount": 1,
      "plotSummaryInfo": {
        "classification": "자연탐구",
        "readAge": "초등_고학년",
        "form": "short-form",
        "plotSummaryText": "맘대로 대왕은이 풀이 죽어 지내고 있던 어느 날, 삐딱 나라에 지진이 나서 나라가 엉망이 되었습니다.",
        "textWordEA": 15
      }
    },
    {
      "srcTextID": "3798",
      "srcText": "삐딱 나라를 빼앗으러 간 거냐고? 아니, 지진이 난 삐딱 나라를 구하러 간 거야. 오똑 군대는 오똑 나라를 안전하게 지켰지만 다른 나라도 사랑하며 지켜 주었어. 삐딱 나라까지도 말이야.",
      "srcPage": 17,
      "srcSentenceEA": 4,
      "srcWordEA": 30,
      "character": "오똑군대",
      "setting": "삐딱 나라",
      "action": "구하러,빼앗으러,사랑하며,지켜주었어",
      "feeling": null,
      "causalRelationship": null,
      "outcomeResolution": null,
      "prediction": null,
      "plotSummaryInfoCount": 1,
      "plotSummaryInfo": {
        "classification": "자연탐구",
        "readAge": "초등_고학년",
        "form": "long-form",
        "plotSummaryText": "오똑 군대는 오똑나라뿐만 아니라 다른 나라도 사랑하며 지키기 위해 지진이 난 삐딱 나라를 구하러 갔습니다.",
        "textWordEA": 15
      }
    },
    {
      "srcTextID": "3783",
      "srcText": "오똑오똑 오똑 나라와 삐딱삐딱 삐딱 나라가 있었어. 욕심 많은 삐딱 나라의 맘대로 대왕은 늘 오똑 나라를 빼앗고 싶어 했지. 언제 쳐들어가면 좋을까? ",
      "srcPage": 1,
      "srcSentenceEA": 3,
      "srcWordEA": 24,
      "character": "맘대로 대왕",
      "setting": "오똑 나라,삐딱 나라",
      "action": "쳐들어,빼앗고",
      "feeling": null,
      "causalRelationship": null,
      "outcomeResolution": null,
      "prediction": null,
      "plotSummaryInfoCount": 1,
      "plotSummaryInfo": {
        "classification": "자연탐구",
        "readAge": "초등_고학년",
        "form": "short-form",
        "plotSummaryText": "삐딱 나라의 맘대로 대왕은 늘 오똑 나라를 빼앗고 싶어 했습니다.",
        "textWordEA": 10
      }
    },
    {
      "srcTextID": "3789",
      "srcText": "“삐딱 군대여, 오똑섬을 차지하자!” 삐딱 군대는 오똑섬으로 우르르 몰려갔어. 비둘기 통신병이 오똑 나라에 날아와 이 소식을 전했어. ",
      "srcPage": 8,
      "srcSentenceEA": 3,
      "srcWordEA": 19,
      "character": "삐딱 군대,비둘기 통신병",
      "setting": "오똑섬,오똑 나라",
      "action": "몰려갔어,소식을 전했어",
      "feeling": null,
      "causalRelationship": null,
      "outcomeResolution": null,
      "prediction": null,
      "plotSummaryInfoCount": 1,
      "plotSummaryInfo": {
        "classification": "자연탐구",
        "readAge": "초등_고학년",
        "form": "short-form",
        "plotSummaryText": "삐딱 군대는 오똑섬을 차지하기 위해 몰려갔고 이때 비둘기 통신병이 오똑 나라에 소식을 전했습니다.",
        "textWordEA": 13
      }
    },
    {
      "srcTextID": "3788",
      "srcText": "“맘대로 대왕이 쳐들어온다!” 오똑 군대의 대장은 큰 소리로 명령했어. “오똑 군대여, 우리의 오똑섬을 지켜라!”",
      "srcPage": 9,
      "srcSentenceEA": 3,
      "srcWordEA": 15,
      "character": "맘대로 대왕,오똑 군대,대장",
      "setting": "오똑섬",
      "action": "쳐들어온다,명령했어",
      "feeling": null,
      "causalRelationship": null,
      "outcomeResolution": null,
      "prediction": null,
      "plotSummaryInfoCount": 1,
      "plotSummaryInfo": {
        "classification": "자연탐구",
        "readAge": "초등_고학년",
        "form": "short-form",
        "plotSummaryText": "오똑 군대의 대장은 큰 소리로 오똑섬을 지키라고 명령했습니다.",
        "textWordEA": 8
      }
    },
    {
      "srcTextID": "3794",
      "srcText": "오똑섬으로 들어가려면 배를 타야 해. 오똑 군대는 줄을 서서 배에 올랐지. 그런데 탱크랑 대포는 너무 무거워서 배에 실을 수가 없는걸.",
      "srcPage": 11,
      "srcSentenceEA": 3,
      "srcWordEA": 22,
      "character": "오똑 군대,배,탱크,대포",
      "setting": "오똑섬",
      "action": "줄을 서서,실을 수가",
      "feeling": null,
      "causalRelationship": null,
      "outcomeResolution": null,
      "prediction": null,
      "plotSummaryInfoCount": 1,
      "plotSummaryInfo": {
        "classification": "자연탐구",
        "readAge": "초등_고학년",
        "form": "short-form",
        "plotSummaryText": "오똑 군대는 오똑섬에 들어가기 위해 배에 올랐지만, 탱크랑 대포는 무거워서 배에 실을 수가 없었습니다.",
        "textWordEA": 14
      }
    },
    {
      "srcTextID": "3782",
      "srcText": "어디로 쳐들어가면 좋을까? 하지만 오똑 나라로 들어가는 길은 오똑 군대가 단단히 지키고 있었어. 하나 둘! 하나 둘! 오똑 군대는 힘든 훈련도 열심히 했지.",
      "srcPage": 2,
      "srcSentenceEA": 5,
      "srcWordEA": 27,
      "character": "군대",
      "setting": "오똑 나라",
      "action": "열심히 했지,쳐들어가,지키고",
      "feeling": null,
      "causalRelationship": null,
      "outcomeResolution": null,
      "prediction": null,
      "plotSummaryInfoCount": 1,
      "plotSummaryInfo": {
        "classification": "자연탐구",
        "readAge": "초등_고학년",
        "form": "long-form",
        "plotSummaryText": "오똑 나라로 들어가는 길은 오똑 군대가 단단히 지키고 있었습니다.",
        "textWordEA": 9
      }
    },
    {
      "srcTextID": "3785",
      "srcText": "“저 총과 대포만 없어도 좋겠는데.” “아이코, 깜짝이야!” 하늘에서 군인들이 내려오는 게 아니겠어? 낙하산 훈련을 하는 거였지.",
      "srcPage": 4,
      "srcSentenceEA": 4,
      "srcWordEA": 18,
      "character": "군인,총,대포,낙하산",
      "setting": "하늘",
      "action": "훈련을 하는",
      "feeling": null,
      "causalRelationship": null,
      "outcomeResolution": null,
      "prediction": null,
      "plotSummaryInfoCount": 1,
      "plotSummaryInfo": {
        "classification": "자연탐구",
        "readAge": "초등_고학년",
        "form": "long-form",
        "plotSummaryText": "총과 대포만 없어도 좋을 거란 생각을 했지만, 군인들은 하늘에서 내려오는 낙하산 훈련도 하고 있었습니다.",
        "textWordEA": 14
      }
    },
    {
      "srcTextID": "3787",
      "srcText": "무시무시한 탱크들도 보였어. “이런! 낙하산 부대와 탱크까지 있다니.” 그러다가 오똑 나라의 오똑섬이 맘대로 대왕의 눈에 들어왔어.",
      "srcPage": 5,
      "srcSentenceEA": 3,
      "srcWordEA": 18,
      "character": "맘대로 대왕,탱크,낙하산 부대",
      "setting": "오똑 나라,오똑섬",
      "action": "눈에 들어왔어",
      "feeling": null,
      "causalRelationship": null,
      "outcomeResolution": null,
      "prediction": null,
      "plotSummaryInfoCount": 1,
      "plotSummaryInfo": {
        "classification": "자연탐구",
        "readAge": "초등_고학년",
        "form": "short-form",
        "plotSummaryText": "낙하산 부대와 탱크까지 있어서 고민하던 맘대로 대왕의 눈에 오똑섬이 들어왔습니다.",
        "textWordEA": 10
      }
    },
    {
      "srcTextID": "3786",
      "srcText": " “어? 오똑섬에는 군인들이 없네. 좋아.저걸 꿀꺽하면 되겠어!” 맘대로 대왕은 군대를 불렀어. ",
      "srcPage": 6,
      "srcSentenceEA": 4,
      "srcWordEA": 15,
      "character": "군인,맘대로 대왕,군대",
      "setting": "오똑섬",
      "action": "불렀어",
      "feeling": null,
      "causalRelationship": null,
      "outcomeResolution": null,
      "prediction": null,
      "plotSummaryInfoCount": 1,
      "plotSummaryInfo": {
        "classification": "자연탐구",
        "readAge": "초등_고학년",
        "form": "long-form",
        "plotSummaryText": "오똑섬에는 군인들이 없는 것을 알고 맘대로 대왕은 군대를 불렀습니다.",
        "textWordEA": 9
      }
    },
    {
      "srcTextID": "3791",
      "srcText": "쿠르르릉, 탱크가 앞장서고 대포가 그 뒤를 따랐어. 저벅저벅, 총을 든 군인들은 발맞추어 걸었지. 두구두구두구, 헬리콥터를 탄 군인들은 하늘로 날아올랐어.",
      "srcPage": 10,
      "srcSentenceEA": 3,
      "srcWordEA": 21,
      "character": "군인,탱크,대포,총,헬리콥터",
      "setting": "하늘",
      "action": "걸었지,날아올랐어",
      "feeling": null,
      "causalRelationship": null,
      "outcomeResolution": null,
      "prediction": null,
      "plotSummaryInfoCount": 1,
      "plotSummaryInfo": {
        "classification": "자연탐구",
        "readAge": "초등_고학년",
        "form": "short-form",
        "plotSummaryText": "탱크 뒤를 대포가 따라가고, 총을 든 군인들은 발맞추어 걸었고 헬리콥터를 탄 군인들은 하늘로 날아올랐습니다.",
        "textWordEA": 14
      }
    },
    {
      "srcTextID": "3795",
      "srcText": "하지만 오똑 군대는 문제없어. 뚝딱뚝딱, 순식간에 튼튼한 다리를 만들었지. 오똑 군대는 무사히 오똑섬으로 들어갔어.",
      "srcPage": 12,
      "srcSentenceEA": 3,
      "srcWordEA": 16,
      "character": "오똑 군대,튼튼한 다리",
      "setting": "오똑섬",
      "action": "만들었지,들어갔어",
      "feeling": null,
      "causalRelationship": null,
      "outcomeResolution": null,
      "prediction": null,
      "plotSummaryInfoCount": 1,
      "plotSummaryInfo": {
        "classification": "자연탐구",
        "readAge": "초등_고학년",
        "form": "short-form",
        "plotSummaryText": "오똑 군대는 튼튼한 다리를 만들어서 오똑섬으로 들어갔습니다.",
        "textWordEA": 7
      }
    },
    {
      "srcTextID": "3793",
      "srcText": "오똑 군대의 대장이 소리쳤어. “다시는 쳐들어오지 마시오!” 맘대로 대왕은 항복하고 삐딱 나라로 도망쳤지.",
      "srcPage": 14,
      "srcSentenceEA": 3,
      "srcWordEA": 14,
      "character": "오똑 군대,대장,맘대로 대왕",
      "setting": "삐딱 나라",
      "action": "소리쳤어,항복을 하고,도망쳤지",
      "feeling": null,
      "causalRelationship": null,
      "outcomeResolution": null,
      "prediction": null,
      "plotSummaryInfoCount": 1,
      "plotSummaryInfo": {
        "classification": "자연탐구",
        "readAge": "초등_고학년",
        "form": "short-form",
        "plotSummaryText": "오똑 군대의 대장은 다시는 쳐들어오지 말라고 소리쳤고 맘대로 대왕은 항복하고 삐딱 나라로 도망쳤습니다.",
        "textWordEA": 13
      }
    }
  ]
}