{
  "title": "날씨가 변덕쟁이인 까닭은?",
  "author": "이선아, 이대형",
  "illustrator": "김영수",
  "isbn": "9791128211577",
  "publishedYear": 2018,
  "publisher": "아람북스",
  "paragraphInfoCount": 16,
  "paragraphInfo": [
    {
      "srcTextID": "26406",
      "srcText": "비바람이 치는 날 밤잠을 깨우는 천둥, 번개도 구름 속의 작은 물방울과 얼음 알갱이들 때문에 생기는 거야. 작은 물방울과 얼음 알갱이들은 잠시도 가만히 있지 않아. 구름 속에서 빠르게 왔다 갔다 하며 서로 부딪쳐.",
      "srcPage": 9,
      "srcSentenceEA": 3,
      "srcWordEA": 34,
      "character": "천둥,번개,구름,물방울,얼음",
      "setting": "밤",
      "action": "깨우는,왔다 갔다 하며,부딪쳐",
      "feeling": null,
      "causalRelationship": "비바람이 치는 날 밤잠을 깨우는 천둥,번개도 구름 속의 작은 물방울과 얼음 알갱이 들 때문에 생기는 거야.",
      "outcomeResolution": null,
      "prediction": null,
      "plotSummaryInfoCount": 1,
      "plotSummaryInfo": {
        "classification": "자연탐구",
        "readAge": "초등_고학년",
        "form": "short-form",
        "plotSummaryText": "비바람이 치는 날 천둥, 번개도 작은 물방울과 얼음 알갱이들이 구름 속에서 빠르게 왔다 갔다 하며 서로 부딪치기 때문에 생기는 것입니다.",
        "textWordEA": 20
      }
    },
    {
      "srcTextID": "18734",
      "srcText": "“내 동생은 변덕쟁이야. 기분이 좋았다가 나빴다가, 웃었다가 울었다가, 언제나 이랬다가 저랬다가 하거든. 날씨도 변덕쟁이야. 바람이 이쪽에서 불었다가 저쪽에서 불었다가, 하늘이 맑았다가 흐렸다가, 비가 내렸다가 무지개가 떴다가, 더웠다가 추웠다가, 언제나 이랬다가 저랬다가 하잖아.”",
      "srcPage": 1,
      "srcSentenceEA": 4,
      "srcWordEA": 35,
      "character": "동생,변덕쟁이,무지개",
      "setting": "하늘",
      "action": "울었다,웃었다,불었다가,내렸다,떴다",
      "feeling": "좋았다,나빴다",
      "causalRelationship": null,
      "outcomeResolution": null,
      "prediction": null,
      "plotSummaryInfoCount": 1,
      "plotSummaryInfo": {
        "classification": "자연탐구",
        "readAge": "초등_고학년",
        "form": "long-form",
        "plotSummaryText": "기분이 좋았다가 나빴다가 하는 동생처럼 날씨도 바람이 이쪽에서 불었다가 저쪽에서 불고, 하늘이 맑았다가 흐리고, 비가 내렸다가 그치고, 더웠다가 추워지고 하는 변덕쟁이입니다.",
        "textWordEA": 21
      }
    },
    {
      "srcTextID": "26403",
      "srcText": "거기서 차가운 공기와 만나 서로 엉기어 뭉쳐지면 아주 작은 물방울이나 얼음 알갱이가 돼. 하늘에서 작은 물방울이나 얼음 알갱이가 모여 떠 있는 것이 구름이야.  구름 속의 작은 물방울이나 얼음 알갱이들은 개구쟁이야.",
      "srcPage": 7,
      "srcSentenceEA": 3,
      "srcWordEA": 33,
      "character": "구름,물방울,개구쟁이,얼음",
      "setting": "하늘",
      "action": "만나,뭉쳐지면,모여 떠 있는 것",
      "feeling": null,
      "causalRelationship": "차가운 공기와 만나 서로 엉기어 뭉쳐지면 아주 작은 물방울이나 얼음 알갱이가 돼.",
      "outcomeResolution": null,
      "prediction": null,
      "plotSummaryInfoCount": 1,
      "plotSummaryInfo": {
        "classification": "자연탐구",
        "readAge": "초등_고학년",
        "form": "short-form",
        "plotSummaryText": "차가운 공기와 만나 서로 엉기어 뭉쳐지면 얼음 알갱이가 되는데, 하늘에서 작은 물방울이나 얼음 알갱이가 모여 떠 있는 것이 구름입니다.",
        "textWordEA": 19
      }
    },
    {
      "srcTextID": "26410",
      "srcText": "구름이 없으니, 비도 눈도 내리지 않아. 그런데 날씨가 변하지 않고 언제나 똑같으면 얼마나 재미없겠어? 날씨가 날마다 변하니까 날마다 다른 놀이를 할 수 있잖아. 내일은 또 어떤 날씨일까? 내일은 또 뭐 하고 놀래?",
      "srcPage": 15,
      "srcSentenceEA": 5,
      "srcWordEA": 36,
      "character": "구름,비,눈",
      "setting": "내일",
      "action": "내리지 않아,변하니까,다른 놀이를 할 수 있잖아,놀래",
      "feeling": "재미없겠어",
      "causalRelationship": null,
      "outcomeResolution": null,
      "prediction": null,
      "plotSummaryInfoCount": 1,
      "plotSummaryInfo": {
        "classification": "자연탐구",
        "readAge": "초등_고학년",
        "form": "long-form",
        "plotSummaryText": "구름이 없으면 비도 눈도 내리지 않을 것이고 날씨가 변하지 않고 똑같으면 날마다 다른 놀이를 할 수 없을 테니 재미가 없을 것입니다.",
        "textWordEA": 21
      }
    },
    {
      "srcTextID": "121938",
      "srcText": "해가 지면 바람은 방향을 바꾸어. 땅 쪽에서 바다 쪽으로 바람이 불지. 땅이 바다보다 더 빨리 식어서 땅 위의 공기가 차가워지거든. 그럼, 낮 동안 천천히 데워진 바다 위의 따뜻한 공기는 위로 올라가고, 땅 위의 차가운 공기는 바다 쪽으로 이동해. 바람이 바다 쪽에서 땅 쪽으로 불었다가, 땅 쪽에서 바다 쪽으로 불었다가 하는 건, 공기가 따뜻해졌다 차가워졌다 하면서 방향을 바꿔 움직이기 때문이야.",
      "srcPage": 4,
      "srcSentenceEA": 5,
      "srcWordEA": 63,
      "character": "해",
      "setting": "땅,바다,낮",
      "action": "바꾸어,불지,올라가고,이동해,불었다가,방향을 바꿔 움직이기",
      "feeling": null,
      "causalRelationship": "바람이 바다 쪽에서 땅 쪽으로 불었다가,땅 쪽에서 바다 쪽으로 불었다가 하는 건,공기가 따뜻해졌다 차가워졌다 하면서 방향을 바꿔 움직이기 때문이야.",
      "outcomeResolution": null,
      "prediction": null,
      "plotSummaryInfoCount": 1,
      "plotSummaryInfo": {
        "classification": "자연탐구",
        "readAge": "초등_고학년",
        "form": "long-form",
        "plotSummaryText": "해가 지면 바람이 방향을 바꿔서 땅 쪽에서 바다 쪽으로 바람이 부는데 땅이 바다보다 더 빨리 식어서 땅 위의 공기가 차가워지고 그러면 낮 동안 천천히 데워진 바다 위의 따뜻한 공기는 위로 올라가고, 땅 위의 차가운 공기는 바다 쪽으로 이동하는데 바람이 바다에서 땅 쪽으로 불었다가 다시 땅에서 바다 쪽으로 부는 건 공기가 방향을 바꿔 움직이기 때문입니다.",
        "textWordEA": 54
      }
    },
    {
      "srcTextID": "121937",
      "srcText": "낮에 바닷가에 가면 바다 쪽에서 바람이 불어와. 땅이 바다보다 햇볕에 더 빨리 데워지거든. 따뜻한 땅 위의 공기가 위로 올라가면 차가운 바다 위의 공기가 땅 쪽으로 밀려오는 거야. 바람이 시원하게 불어오면 기분이 좋지?",
      "srcPage": 3,
      "srcSentenceEA": 4,
      "srcWordEA": 35,
      "character": null,
      "setting": "낮,바닷가,바다 쪽,땅",
      "action": "가면,불어와,올라가면,밀려오는 거야",
      "feeling": "좋지,시원하게",
      "causalRelationship": null,
      "outcomeResolution": null,
      "prediction": null,
      "plotSummaryInfoCount": 1,
      "plotSummaryInfo": {
        "classification": "자연탐구",
        "readAge": "초등_고학년",
        "form": "long-form",
        "plotSummaryText": "낮에 바닷가에 가면 바다 쪽에서 바람이 불어오는데 땅이 바다보다 햇볕에 더 빨리 데워져 따뜻한 땅 위의 공기가 위로 올라가 차가운 바다 위의 공기가 땅 쪽으로 밀려오기 때문입니다.",
        "textWordEA": 27
      }
    },
    {
      "srcTextID": "121939",
      "srcText": "하늘이 맑았다가 흐렸다가 하는 건, 공기가 수증기를 머금고 있기 때문이야. 수증기는 물이지만 눈에 보이지 않아. 하지만 바람이 불지 않는 맑은 날 아침이면 볼 수 있어. 밤사이 기온이 낮아지면 수증기는 물방울이 돼. 이른 아침, 풀잎 위에 송알송알 맺힌 이슬이 바로 물방울이 된 수증기야.",
      "srcPage": 5,
      "srcSentenceEA": 5,
      "srcWordEA": 46,
      "character": "풀잎,이슬,물방울",
      "setting": "아침,밤,이른 아침,하늘",
      "action": "보이지 않아,불지,볼 수 있어,맺힌",
      "feeling": null,
      "causalRelationship": "밤사이 기온이 낮아지면 수증기는 물방울이 돼.",
      "outcomeResolution": null,
      "prediction": null,
      "plotSummaryInfoCount": 1,
      "plotSummaryInfo": {
        "classification": "자연탐구",
        "readAge": "초등_고학년",
        "form": "long-form",
        "plotSummaryText": "하늘이 맑았다가 흐렸다가 하는 건 공기가 수증기를 머금고 있기 때문인데, 수증기는 눈에 보이지 않지만 바람이 불지 않는 맑은 날 아침이면 볼 수 있고 밤사이 기온이 낮아지면 수증기가 물방울이 되고 그것이 바로 아침에 풀잎 위에 맺힌 이슬입니다.",
        "textWordEA": 36
      }
    },
    {
      "srcTextID": "26405",
      "srcText": "그러다 정전기가 만들어지고 번쩍 불꽃이 생겨. 그게 바로 번개야. 번개가 칠 때 종종 ‘우르르 쾅쾅’ 소리가 나는 걸 천둥이라고 해.",
      "srcPage": 10,
      "srcSentenceEA": 4,
      "srcWordEA": 23,
      "character": "번개,정전기,천둥",
      "setting": null,
      "action": "만들어지고,생겨",
      "feeling": null,
      "causalRelationship": null,
      "outcomeResolution": null,
      "prediction": null,
      "plotSummaryInfoCount": 1,
      "plotSummaryInfo": {
        "classification": "자연탐구",
        "readAge": "초등_고학년",
        "form": "long-form",
        "plotSummaryText": "정전기가 만들어져서 불꽃이 생기는데 그것이 번개이고 번개가 칠 때 우르르 쾅쾅 소리가 나는 걸 천둥이라고 합니다.",
        "textWordEA": 16
      }
    },
    {
      "srcTextID": "26408",
      "srcText": "겨울이 되면 작은 물방울과 얼음 알갱이들이 얌전해질까? 아니, 아니야! 겨울에도 작은 물방울과 얼음 알갱이들은 구름 속에서 옹기종기 뭉치고 다닥다닥 엉기어 점점 커지고 무거워져. 너무 무거워지면 아래로 떨어지는데 겨울에는 날씨가 추워서 떨어지다가 얼어붙고 말지. 그게 바로 눈이야.",
      "srcPage": 12,
      "srcSentenceEA": 5,
      "srcWordEA": 40,
      "character": "물방울,얼음 알갱이,구름,눈",
      "setting": "겨울",
      "action": "뭉치고,엉기어,떨어지는데",
      "feeling": null,
      "causalRelationship": null,
      "outcomeResolution": null,
      "prediction": null,
      "plotSummaryInfoCount": 1,
      "plotSummaryInfo": {
        "classification": "자연탐구",
        "readAge": "초등_고학년",
        "form": "long-form",
        "plotSummaryText": "겨울이 되면 물방울과 얼음 알갱이들은 구름 속에서 옹기종기 뭉치고 다닥다닥 엉기어 점점 커지고 무거워져 아래로 떨어지는데 겨울에는 날씨가 추워서 떨어지다 얼어붙어서 바로 눈이 됩니다.",
        "textWordEA": 24
      }
    },
    {
      "srcTextID": "26402",
      "srcText": "저기 봐, 두둥실 떠 있는 구름이 보이지? 구름은 하늘로 올라간 수증기가 만든 거야. 공기 중의 수증기가 따뜻한 공기와 함께 하늘로 올라가.",
      "srcPage": 6,
      "srcSentenceEA": 3,
      "srcWordEA": 23,
      "character": "구름",
      "setting": "하늘",
      "action": "저기 봐,떠 있는,보이지,올라간,올라가",
      "feeling": null,
      "causalRelationship": null,
      "outcomeResolution": null,
      "prediction": null,
      "plotSummaryInfoCount": 1,
      "plotSummaryInfo": {
        "classification": "자연탐구",
        "readAge": "초등_고학년",
        "form": "short-form",
        "plotSummaryText": "구름은 하늘로 올라간 수증기가 만드는 건데, 공기 중의 수증기가 따뜻한 공기와 함께 하늘로 올라가는 것입니다.",
        "textWordEA": 15
      }
    },
    {
      "srcTextID": "26404",
      "srcText": "서로 옹기종기 뭉치고 다닥다닥 엉기기도 하지. 그러다가 점점 커지고 점점 무거워져. 너무 무거워지면 더 이상 떠 있지 못해 빗방울이 되어서 후드득 아래로 떨어져. 그게 바로 비야.",
      "srcPage": 8,
      "srcSentenceEA": 4,
      "srcWordEA": 29,
      "character": "빗방울,비",
      "setting": null,
      "action": "뭉치고,엉기기도,커지고,떠 있지,떨어져",
      "feeling": null,
      "causalRelationship": "너무 무거워지면 더 이상 떠 있지 못해 빗방울이 되어서 후드득 아래로 떨어져,그게 바로 비야.",
      "outcomeResolution": null,
      "prediction": null,
      "plotSummaryInfoCount": 1,
      "plotSummaryInfo": {
        "classification": "자연탐구",
        "readAge": "초등_고학년",
        "form": "long-form",
        "plotSummaryText": "서로 옹기종기 뭉쳐지고 엉기기도 하고 그러다 점점 커지고 무거워져서 너무 무거워지면 더 이상 떠 있지 못해 빗방울이 되어서 아래로 떨어지는데 그게 바로 비입니다.",
        "textWordEA": 23
      }
    },
    {
      "srcTextID": "26407",
      "srcText": "구름 속에 있던 작은 물방울과 얼음 알갱이들이 비가 되어 아래로 다 떨어지고 나면 구름은 사라지고 하늘은 다시 맑아져. 긴 장마가 있는 더운 여름이 지나고 가을이 되면 시원한 바람이 불고, 하늘은 구름 한 점 없이 파랗지. 이제는 다 같이 울긋불긋 단풍놀이할 차례야.",
      "srcPage": 11,
      "srcSentenceEA": 3,
      "srcWordEA": 43,
      "character": "구름,물방울,얼음 알갱이",
      "setting": "하늘,여름,가을",
      "action": "떨어지고 나면,사라지고,지나고,불고",
      "feeling": null,
      "causalRelationship": null,
      "outcomeResolution": "구름 속에 있던 작은 물방울과 얼음 알갱이 들이 비가 되어 아래로 다 떨어지고 나면 구름은 사라지고 하늘은 다시 맑아져,이제는 다 같이 울긋불긋 단풍놀이할 차례야.",
      "prediction": null,
      "plotSummaryInfoCount": 1,
      "plotSummaryInfo": {
        "classification": "자연탐구",
        "readAge": "초등_고학년",
        "form": "short-form",
        "plotSummaryText": "구름 속에 있던 물방울과 얼음 알갱이들이 비가 되어 아래로 다 떨어지고 나면 구름은 사라지고 하늘은 다시 맑아져 더운 여름이 지나 가을이 되면 시원한 바람이 불고 하늘은 구름 한 점 없이 파랄 때 다 같이 단풍놀이할 차례입니다.",
        "textWordEA": 36
      }
    },
    {
      "srcTextID": "18737",
      "srcText": "날씨가 변덕쟁이인 까닭은, 공기가 있기 때문이야. 창문을 열면 시원한 바람이 들어오지? 방 안의 따뜻한 공기가 밖으로 나가고 바깥의 차가운 공기가 들어오는 거야.",
      "srcPage": 2,
      "srcSentenceEA": 3,
      "srcWordEA": 24,
      "character": "변덕쟁이,창문",
      "setting": "방 안",
      "action": "열면,들어오지,나가고,들어오는 거야",
      "feeling": null,
      "causalRelationship": "날씨가 변덕쟁이인 까닭은,공기가 있기 때문이야.",
      "outcomeResolution": null,
      "prediction": null,
      "plotSummaryInfoCount": 1,
      "plotSummaryInfo": {
        "classification": "자연탐구",
        "readAge": "초등_고학년",
        "form": "short-form",
        "plotSummaryText": "날씨가 변덕쟁이인 까닭은 창문을 열면 방 안의 따뜻한 공기가 밖으로 나가고 바깥의 차가운 공기가 들어와 시원한 바람이 들어오기 때문입니다.",
        "textWordEA": 19
      }
    },
    {
      "srcTextID": "26409",
      "srcText": "눈이 내리면 눈사람도 만들고 눈싸움도 할 수 있어. 정말 신나지? “어, 눈이 다 녹아 버렸잖아. 눈놀이 더 하고 싶었는데.” 너무 서운해하지 마. 날씨가 변덕쟁이인 가장 큰 까닭은.",
      "srcPage": 13,
      "srcSentenceEA": 6,
      "srcWordEA": 31,
      "character": "눈,눈사람,변덕쟁이",
      "setting": null,
      "action": "내리면,만들고,눈싸움도 할 수 있어,녹아 버렸잖아",
      "feeling": "신나지,서운해하지 마",
      "causalRelationship": null,
      "outcomeResolution": null,
      "prediction": null,
      "plotSummaryInfoCount": 1,
      "plotSummaryInfo": {
        "classification": "자연탐구",
        "readAge": "초등_고학년",
        "form": "long-form",
        "plotSummaryText": "눈이 내리면 눈사람도 만들고 눈싸움도 할 수 있어 신나지만 눈이 녹아 눈놀이 더 하고 싶은데 못한다고 너무 서운해할 필요는 없습니다.",
        "textWordEA": 20
      }
    },
    {
      "srcTextID": "26411",
      "srcText": "바로 나, 뜨거운 열을 내뿜는 태양 때문이야. 내가 없으면 공기가 따뜻해지지 않을 거야. 그럼, 공기가 꼼짝하지 않을 테니 바람도 불지 않고, 구름도 만들어지지 않겠지?",
      "srcPage": 14,
      "srcSentenceEA": 3,
      "srcWordEA": 26,
      "character": "태양,바람,구름",
      "setting": null,
      "action": "불지 않고,만들어지지",
      "feeling": null,
      "causalRelationship": null,
      "outcomeResolution": null,
      "prediction": null,
      "plotSummaryInfoCount": 1,
      "plotSummaryInfo": {
        "classification": "자연탐구",
        "readAge": "초등_고학년",
        "form": "short-form",
        "plotSummaryText": "열을 내뿜는 태양이 없다면 공기가 따뜻해지지 않을 것이고 그러면 공기가 꼼짝하지 않을 테니 바람도 불지 않고 구름도 만들어지지 않을 것입니다.",
        "textWordEA": 20
      }
    },
    {
      "srcTextID": "147003",
      "srcText": "따뜻해진 공기는 위로 올라가요. 위로 올라간 공기 중의 수증기는 차가운 공기와 만나 서로 엉겨 붙어서 작은 물방울과 얼음 알갱이가 되어요. 이 작은 물방울과 얼음 알갱이가 모여 떠 있는 것이 ‘구름’이에요.",
      "srcPage": 16,
      "srcSentenceEA": 3,
      "srcWordEA": 33,
      "character": "공기,수증기,차가운 공기,물방울,얼음 알갱이,구름",
      "setting": null,
      "action": "따뜻해진,만나,엉겨 붙어서,모여 떠 있는 것",
      "feeling": null,
      "causalRelationship": null,
      "outcomeResolution": null,
      "prediction": null,
      "plotSummaryInfoCount": 1,
      "plotSummaryInfo": {
        "classification": "자연탐구",
        "readAge": "초등_고학년",
        "form": "short-form",
        "plotSummaryText": "위로 올라간 공기 중의 수증기는 차가운 공기와 만나서 서로 엉겨 붙어, 작은 물방울과 얼음 알갱이가 되는데, 두 개가 모여 떠 있는 것이 구름입니다.",
        "textWordEA": 23
      }
    }
  ]
}