{
  "title": "열 도둑을 잡아라!",
  "author": "곽민수",
  "illustrator": "김삼현",
  "isbn": "9791128211379",
  "publishedYear": 2018,
  "publisher": "아람북스",
  "paragraphInfoCount": 27,
  "paragraphInfo": [
    {
      "srcTextID": "108906",
      "srcText": "“이제 열 도둑은 없겠지?” 냥이는 아이코 할머니네 집 구석구석을 둘러보았어. 그런데 벽의 갈라진 틈으로 차가운 바람이 들어오는 게 아니겠어? “앗, 열 도둑이 또 나타났다!” 냥이는 고민에 빠졌어.",
      "srcPage": 22,
      "srcSentenceEA": 5,
      "srcWordEA": 30,
      "character": "열 도둑,냥이",
      "setting": "아이코 할머니네 집",
      "action": "둘러보았어,나타났다,고민에 빠졌어",
      "feeling": null,
      "causalRelationship": null,
      "outcomeResolution": null,
      "prediction": null,
      "plotSummaryInfoCount": 1,
      "plotSummaryInfo": {
        "classification": "자연탐구",
        "readAge": "초등_고학년",
        "form": "long-form",
        "plotSummaryText": "냥이는 아이코 할머니네 집에 열 도둑은 없는지 구석구석을 둘러보다 벽의 갈라진 틈으로 차가운 바람이 들어오는 걸 보고 고민에 빠졌습니다.",
        "textWordEA": 19
      }
    },
    {
      "srcTextID": "108888",
      "srcText": "마침 아이코 할머니네 집 앞을 지나가던 냥이가 쌩하고 달려왔어. “도둑이요? 어디요, 어디?” “열 도둑이야, 열 도둑!” ",
      "srcPage": 3,
      "srcSentenceEA": 3,
      "srcWordEA": 17,
      "character": "아이코,할머니,냥이,도둑",
      "setting": null,
      "action": "지나가던,달려왔어",
      "feeling": null,
      "causalRelationship": null,
      "outcomeResolution": null,
      "prediction": null,
      "plotSummaryInfoCount": 1,
      "plotSummaryInfo": {
        "classification": "자연탐구",
        "readAge": "초등_고학년",
        "form": "short-form",
        "plotSummaryText": "아이코 할머니네 집 앞을 지나가던 냥이가 도둑이 어디 있냐며 달려왔습니다.",
        "textWordEA": 10
      }
    },
    {
      "srcTextID": "108885",
      "srcText": "아이코 할머니는 겨울을 싫어했어. 할머니는 유난히 추위에 약했거든. 그런데 요즈음 누군가 할머니네 집의 열을 자꾸만 훔쳐 가지 뭐야?",
      "srcPage": 1,
      "srcSentenceEA": 3,
      "srcWordEA": 20,
      "character": "아이코,할머니",
      "setting": "겨울",
      "action": "훔쳐",
      "feeling": "싫어했어",
      "causalRelationship": null,
      "outcomeResolution": null,
      "prediction": null,
      "plotSummaryInfoCount": 1,
      "plotSummaryInfo": {
        "classification": "자연탐구",
        "readAge": "초등_고학년",
        "form": "short-form",
        "plotSummaryText": "추위에 약했던 아이코 할머니는 유난히 겨울을 싫어했는데, 누군가 할머니네 집의 열을 자꾸만 훔쳐 가고 있었습니다.",
        "textWordEA": 15
      }
    },
    {
      "srcTextID": "108895",
      "srcText": "“어휴, 쇠 국자가 왜 이리 뜨겁지?” “열 때문이에요.” 냥이는 수프가 끓고 있는 냄비를 가리키며 말을 이었어.",
      "srcPage": 11,
      "srcSentenceEA": 3,
      "srcWordEA": 17,
      "character": "쇠 국자,냥이,냄비,수프",
      "setting": null,
      "action": "가리키며,말을 이었어",
      "feeling": null,
      "causalRelationship": null,
      "outcomeResolution": null,
      "prediction": null,
      "plotSummaryInfoCount": 1,
      "plotSummaryInfo": {
        "classification": "자연탐구",
        "readAge": "초등_고학년",
        "form": "short-form",
        "plotSummaryText": "쇠 국자가 왜 이렇게 뜨겁냐고 묻자, 냥이는 냄비를 가리키며 열 때문이라고 말했습니다.",
        "textWordEA": 12
      }
    },
    {
      "srcTextID": "108886",
      "srcText": "할머니는 마당을 쓸고 집 안으로 들어갔다가 깜짝 놀라 다시 마당으로 나와 소리쳤어. “아이코! 도, 도둑이야! 누가 좀 도와줘!”",
      "srcPage": 2,
      "srcSentenceEA": 3,
      "srcWordEA": 20,
      "character": "할머니,도둑",
      "setting": "마당,집 안",
      "action": "쓸고,들어갔다가,나와,소리쳤어",
      "feeling": "놀라",
      "causalRelationship": null,
      "outcomeResolution": null,
      "prediction": null,
      "plotSummaryInfoCount": 1,
      "plotSummaryInfo": {
        "classification": "자연탐구",
        "readAge": "초등_고학년",
        "form": "short-form",
        "plotSummaryText": "마당을 쓸고 집으로 들어갔다 놀란 할머니는 마당으로 나와 도둑이라며 좀 도와 달라고 소리쳤습니다.",
        "textWordEA": 13
      }
    },
    {
      "srcTextID": "108902",
      "srcText": "“욕조 물에 손을 살짝 담갔을 때는 따뜻했는데, 물속에 들어가니 차갑구나.” “아! 뜨거운 물은 위로, 차가운 물은 아래로 이동해서 그래요. 그러니까 물의 윗부분이 따뜻하다고 해서 물 전체가 따뜻한 건 아니에요.” “이번 열 도둑은 욕조에 먼저 받아 두었던 찬물이구나.”",
      "srcPage": 19,
      "srcSentenceEA": 4,
      "srcWordEA": 39,
      "character": "욕조,손,물",
      "setting": null,
      "action": "담갔을,들어가니,받아",
      "feeling": null,
      "causalRelationship": null,
      "outcomeResolution": null,
      "prediction": null,
      "plotSummaryInfoCount": 1,
      "plotSummaryInfo": {
        "classification": "자연탐구",
        "readAge": "초등_고학년",
        "form": "long-form",
        "plotSummaryText": "욕조 물에 손을 살짝 담갔을 때는 따듯했는데 물속에 들어가니 차갑다고 하자, 물의 윗부분이 따뜻하다고 해서 물 전체가 따뜻한 건 아니라고 말했습니다.",
        "textWordEA": 21
      }
    },
    {
      "srcTextID": "108907",
      "srcText": "다음 날 아침, 냥이가 아이코 할머니네 집으로 달려왔어. 그런데 바구니에 뭔가를 잔뜩 담아 왔지 뭐야? “냥이야, 그건 다 뭐니?” “제가 이걸로 열 도둑을 잡아 드릴게요.” 냥이가 담아 온 건 진흙이었어.",
      "srcPage": 23,
      "srcSentenceEA": 5,
      "srcWordEA": 32,
      "character": "냥이,바구니,진흙",
      "setting": "다음 날 아침,아이코 할머니네 집",
      "action": "달려왔어,담아,잡아",
      "feeling": null,
      "causalRelationship": null,
      "outcomeResolution": null,
      "prediction": null,
      "plotSummaryInfoCount": 1,
      "plotSummaryInfo": {
        "classification": "자연탐구",
        "readAge": "초등_고학년",
        "form": "long-form",
        "plotSummaryText": "다음 날 아침, 냥이는 바구니에 진흙을 담아 아이코 할머니네 집으로 달려와서 할머니에게 열 도둑을 잡아주겠다고 말했습니다.",
        "textWordEA": 16
      }
    },
    {
      "srcTextID": "108911",
      "srcText": "“할머니, 이제 열 도둑은 걱정하지 마세요.” “그래, 모두 네 덕분이야. 고맙다, 호호!” 냥이가 돌아가고 나서 아이코 할머니는 싱글벙글 웃었어.",
      "srcPage": 26,
      "srcSentenceEA": 4,
      "srcWordEA": 21,
      "character": "아이코 할머니,열 도둑,냥이",
      "setting": null,
      "action": "돌아가고,웃었어",
      "feeling": "걱정하지,고맙다",
      "causalRelationship": null,
      "outcomeResolution": null,
      "prediction": null,
      "plotSummaryInfoCount": 1,
      "plotSummaryInfo": {
        "classification": "자연탐구",
        "readAge": "초등_고학년",
        "form": "long-form",
        "plotSummaryText": "냥이가 열 도둑 걱정은 하지 말라고 하며 돌아가고 나서 아이코 할머니는 싱글벙글 웃었습니다.",
        "textWordEA": 13
      }
    },
    {
      "srcTextID": "108910",
      "srcText": "“그런데 왜 이렇게 코끝이 시리지?” 할머니는 두리번거리다가 열린 창문을 발견했어. “아이코, 열 도둑이네! 얼른 창문을 닫아야지!”",
      "srcPage": 27,
      "srcSentenceEA": 4,
      "srcWordEA": 18,
      "character": "할머니,열 도둑,창문",
      "setting": null,
      "action": "두리번거리다,닫아야지,발견했어",
      "feeling": null,
      "causalRelationship": null,
      "outcomeResolution": null,
      "prediction": null,
      "plotSummaryInfoCount": 1,
      "plotSummaryInfo": {
        "classification": "자연탐구",
        "readAge": "초등_고학년",
        "form": "long-form",
        "plotSummaryText": "할머니는 두리번거리다 열린 창문을 발견하고는 열 도둑이라며 얼른 창문을 닫았습니다.",
        "textWordEA": 10
      }
    },
    {
      "srcTextID": "108887",
      "srcText": "“할머니, 자세히 말씀해 보세요.” 할머니는 냥이를 데리고 집 안으로 들어갔어. “내가 난로를 피워 거실을 따뜻하게 데워 놨어. 그런데 마당을 쓸고 온 사이에 누가 거실의 열을 훔쳐 갔어. 이것 봐, 거실이 따뜻하지 않잖아?”",
      "srcPage": 4,
      "srcSentenceEA": 5,
      "srcWordEA": 35,
      "character": "할머니,냥이,난로",
      "setting": "거실,마당",
      "action": "데리고,들어갔어,피워,쓸고,훔쳐 갔어",
      "feeling": null,
      "causalRelationship": null,
      "outcomeResolution": null,
      "prediction": null,
      "plotSummaryInfoCount": 1,
      "plotSummaryInfo": {
        "classification": "자연탐구",
        "readAge": "초등_고학년",
        "form": "long-form",
        "plotSummaryText": "할머니는 자세히 말해달라는 냥이를 데리고 집 안으로 들어가 마당을 쓸고 온 사이에 누가 거실의 열을 훔쳐 갔다고 했습니다.",
        "textWordEA": 18
      }
    },
    {
      "srcTextID": "108904",
      "srcText": "“할머니, 이제 푹 주무세요.” “그래, 고맙구나. 너도 집에 가서 편히 쉬렴.” 할머니는 침대에 누워 두꺼운 이불을 덮었어.",
      "srcPage": 21,
      "srcSentenceEA": 4,
      "srcWordEA": 19,
      "character": "할머니,침대,이불",
      "setting": null,
      "action": "가서,누워,덮었어",
      "feeling": "고맙구나",
      "causalRelationship": null,
      "outcomeResolution": null,
      "prediction": null,
      "plotSummaryInfoCount": 1,
      "plotSummaryInfo": {
        "classification": "자연탐구",
        "readAge": "초등_고학년",
        "form": "long-form",
        "plotSummaryText": "할머니는 편히 쉬라고 하며 침대에 누워 두꺼운 이불을 덮었습니다.",
        "textWordEA": 9
      }
    },
    {
      "srcTextID": "108909",
      "srcText": "냥이는 빙그레 웃으며 벽에 진흙을 발랐어. 아이코 할머니도 냥이를 도와 진흙을 열심히 발랐지. 냥이와 할머니가 아침부터 애쓴 덕분에 할머니네 집은 찬바람이 들어올 틈이 없어졌어.",
      "srcPage": 24,
      "srcSentenceEA": 3,
      "srcWordEA": 26,
      "character": "냥이,아이코 할머니,진흙",
      "setting": "할머니네 집",
      "action": "웃으며,발랐어,도와,발랐지",
      "feeling": null,
      "causalRelationship": null,
      "outcomeResolution": null,
      "prediction": null,
      "plotSummaryInfoCount": 1,
      "plotSummaryInfo": {
        "classification": "자연탐구",
        "readAge": "초등_고학년",
        "form": "short-form",
        "plotSummaryText": "냥이와 아이코 할머니가 아침부터 진흙을 열심히 바르자 할머니네 집은 찬바람이 들어올 틈이 없어졌습니다.",
        "textWordEA": 13
      }
    },
    {
      "srcTextID": "108908",
      "srcText": "“이런 걸 단열이라고 해요! 할머니, 이제 열 도둑을 모두 잡았어요!” 냥이가 의기양양한 표정으로 말했어.",
      "srcPage": 25,
      "srcSentenceEA": 3,
      "srcWordEA": 16,
      "character": "할머니,열 도둑,냥이",
      "setting": null,
      "action": "잡았어요,말했어",
      "feeling": "의기양양한",
      "causalRelationship": null,
      "outcomeResolution": null,
      "prediction": null,
      "plotSummaryInfoCount": 1,
      "plotSummaryInfo": {
        "classification": "자연탐구",
        "readAge": "초등_고학년",
        "form": "short-form",
        "plotSummaryText": "냥이가 의기양양한 표정으로 열 도둑을 모두 잡았다고 말했습니다.",
        "textWordEA": 8
      }
    },
    {
      "srcTextID": "108890",
      "srcText": "“찾았다고? 그게 누구야?” “하하, 열 도둑은 지붕에 난 구멍이에요.” “구멍이 열 도둑이라니! 그게 무슨 말이니?”",
      "srcPage": 6,
      "srcSentenceEA": 4,
      "srcWordEA": 17,
      "character": "도둑",
      "setting": "지붕",
      "action": "찾았다고",
      "feeling": null,
      "causalRelationship": null,
      "outcomeResolution": null,
      "prediction": "열 도둑은 지붕에 난 구멍이에요.",
      "plotSummaryInfoCount": 1,
      "plotSummaryInfo": {
        "classification": "자연탐구",
        "readAge": "초등_고학년",
        "form": "long-form",
        "plotSummaryText": "찾았냐고 물어보자, 열 도둑은 지붕에 난 구멍이라고 대답했고 그게 무슨 말이냐고 물었습니다.",
        "textWordEA": 12
      }
    },
    {
      "srcTextID": "108892",
      "srcText": "“네, 좋아요.” 기분이 좋아진 아이코 할머니는 난로 쪽으로 갔어. 난로 위에는 수프가 보글보글 끓고 있었지.",
      "srcPage": 9,
      "srcSentenceEA": 3,
      "srcWordEA": 17,
      "character": "아이코 할머니,난로,수프",
      "setting": null,
      "action": "갔어",
      "feeling": "좋아진",
      "causalRelationship": null,
      "outcomeResolution": null,
      "prediction": null,
      "plotSummaryInfoCount": 1,
      "plotSummaryInfo": {
        "classification": "자연탐구",
        "readAge": "초등_고학년",
        "form": "short-form",
        "plotSummaryText": "기분이 좋아진 아이코 할머니는 수프가 끓고 있는 난로 쪽으로 갔습니다.",
        "textWordEA": 10
      }
    },
    {
      "srcTextID": "108896",
      "srcText": "“할머니가 냄비를 뜨겁게 데웠잖아요?” “그래, 냄비를 데웠지. 하지만 쇠 국자는 데우지 않았어.” “뜨거운 냄비의 열이 냄비에 맞닿아 있는 쇠 국자 쪽으로 전달되었기 때문이에요. 온도가 다른 두 물체가 맞닿으면 열은 뜨거운 곳에서 차가운 곳으로 이동하거든요.”",
      "srcPage": 12,
      "srcSentenceEA": 5,
      "srcWordEA": 36,
      "character": "할머니,냄비,쇠 국자",
      "setting": null,
      "action": "데웠지,맞닻아,전달되었기,이동하거든요",
      "feeling": null,
      "causalRelationship": null,
      "outcomeResolution": null,
      "prediction": null,
      "plotSummaryInfoCount": 1,
      "plotSummaryInfo": {
        "classification": "자연탐구",
        "readAge": "초등_고학년",
        "form": "long-form",
        "plotSummaryText": "온도가 다른 두 물체가 맞닿으면 열은 뜨거운 곳에서 차가운 곳으로 이동하기 때문에 뜨거운 냄비의 열이 냄비에 맞닿아 있는 쇠 국자 쪽으로 전달된 거라고 말했습니다.",
        "textWordEA": 24
      }
    },
    {
      "srcTextID": "108897",
      "srcText": "“나무 국자는 뜨거운 냄비에 넣어도 뜨겁지 않던데?” “나무는 쇠처럼 열이 빨리 전달되지 않거든요.” “아이코, 그랬구나.”",
      "srcPage": 13,
      "srcSentenceEA": 3,
      "srcWordEA": 15,
      "character": "나무 국자,냄비",
      "setting": null,
      "action": "넣어도",
      "feeling": null,
      "causalRelationship": null,
      "outcomeResolution": null,
      "prediction": null,
      "plotSummaryInfoCount": 1,
      "plotSummaryInfo": {
        "classification": "자연탐구",
        "readAge": "초등_고학년",
        "form": "short-form",
        "plotSummaryText": "나무 국자는 뜨거운 냄비에 넣어도 뜨겁지 않더라고 묻자, 나무는 쇠처럼 열이 빨리 전달되지 않는다고 말했습니다.",
        "textWordEA": 15
      }
    },
    {
      "srcTextID": "108905",
      "srcText": "아이코 할머니는 욕조에 뜨거운 물을 조금 더 받고 휘휘 저었어. 그리고 따뜻해진 물에 기분 좋게 목욕을 했지. 할머니가 목욕을 마치자 잘 시간이 되었어.",
      "srcPage": 20,
      "srcSentenceEA": 3,
      "srcWordEA": 25,
      "character": "아이코 할머니,욕조",
      "setting": null,
      "action": "받고,저었어,목욕을 했지",
      "feeling": "기분 좋게",
      "causalRelationship": null,
      "outcomeResolution": null,
      "prediction": null,
      "plotSummaryInfoCount": 1,
      "plotSummaryInfo": {
        "classification": "자연탐구",
        "readAge": "초등_고학년",
        "form": "short-form",
        "plotSummaryText": "아이코 할머니가 욕조에 뜨거운 물을 조금 더 받아 따뜻해진 물에 기분 좋게 목욕을 했습니다.",
        "textWordEA": 14
      }
    },
    {
      "srcTextID": "108901",
      "srcText": "수프를 먹고 나서 아이코 할머니는 목욕을 하고 싶었어. 커다란 욕조에는 찬물이 절반쯤 담겨 있었어. 할머니는 욕조에 뜨거운 물을 받기 시작했지.",
      "srcPage": 15,
      "srcSentenceEA": 3,
      "srcWordEA": 22,
      "character": "아이코 할머니,욕조",
      "setting": null,
      "action": "목욕,먹고,받기",
      "feeling": null,
      "causalRelationship": null,
      "outcomeResolution": null,
      "prediction": null,
      "plotSummaryInfoCount": 1,
      "plotSummaryInfo": {
        "classification": "자연탐구",
        "readAge": "초등_고학년",
        "form": "short-form",
        "plotSummaryText": "아이코 할머니는 목욕을 하고 싶어서 욕조에 뜨거운 물을 받기 시작했습니다.",
        "textWordEA": 10
      }
    },
    {
      "srcTextID": "108900",
      "srcText": "“아이코, 차가워! 이번에는 누가 열 도둑이야?” 할머니는 몸을 덜덜 떨었어.",
      "srcPage": 17,
      "srcSentenceEA": 3,
      "srcWordEA": 12,
      "character": "열 도둑,할머니",
      "setting": null,
      "action": "떨었어",
      "feeling": null,
      "causalRelationship": null,
      "outcomeResolution": null,
      "prediction": null,
      "plotSummaryInfoCount": 1,
      "plotSummaryInfo": {
        "classification": "자연탐구",
        "readAge": "초등_고학년",
        "form": "short-form",
        "plotSummaryText": "할머니는 이번에는 누가 열 도둑이냐며 차가워서 몸을 덜덜 떨었습니다.",
        "textWordEA": 9
      }
    },
    {
      "srcTextID": "108903",
      "srcText": "아이코 할머니는 얼른 욕조에서 나와 덧옷을 입었어. “할머니, 또 왜 그러세요?” 거실에서 쉬고 있던 냥이가 쌩하고 달려와 물었어.",
      "srcPage": 18,
      "srcSentenceEA": 3,
      "srcWordEA": 19,
      "character": "아이코 할머니,냥이,덧옷,욕조",
      "setting": "거실",
      "action": "나와,입었어,쉬고,달려와,물었어",
      "feeling": null,
      "causalRelationship": null,
      "outcomeResolution": null,
      "prediction": null,
      "plotSummaryInfoCount": 1,
      "plotSummaryInfo": {
        "classification": "자연탐구",
        "readAge": "초등_고학년",
        "form": "short-form",
        "plotSummaryText": "아이코 할머니가 욕조에서 나와 덧옷을 입자, 거실에 있던 냥이가 달려와 물었습니다.",
        "textWordEA": 11
      }
    },
    {
      "srcTextID": "108891",
      "srcText": "냥이는 집 안 구석구석을 살폈어. “아하, 찾았다! 열 도둑!”",
      "srcPage": 5,
      "srcSentenceEA": 3,
      "srcWordEA": 10,
      "character": "냥이,도둑",
      "setting": "집 안",
      "action": "살폈어,찾았다",
      "feeling": null,
      "causalRelationship": null,
      "outcomeResolution": null,
      "prediction": null,
      "plotSummaryInfoCount": 1,
      "plotSummaryInfo": {
        "classification": "자연탐구",
        "readAge": "초등_고학년",
        "form": "short-form",
        "plotSummaryText": "냥이는 집 안을 살피다 열 도둑을 찾았다고 했어요.",
        "textWordEA": 8
      }
    },
    {
      "srcTextID": "108889",
      "srcText": "“난로를 피우면 주변 공기가 따뜻해져요. 따뜻해진 공기는 위로 올라가고, 차가운 공기는 아래로 내려오지요. 계속 그러다 보면 거실 전체가 따뜻해져요. 그런데 따뜻해진 공기가 위로 올라갔을 때, 지붕에 구멍이 뚫려 있어 열이 구멍 밖으로 나가 버린 거예요.”",
      "srcPage": 7,
      "srcSentenceEA": 4,
      "srcWordEA": 38,
      "character": "난로",
      "setting": "지붕,거실",
      "action": "피우면",
      "feeling": null,
      "causalRelationship": null,
      "outcomeResolution": null,
      "prediction": null,
      "plotSummaryInfoCount": 1,
      "plotSummaryInfo": {
        "classification": "자연탐구",
        "readAge": "초등_고학년",
        "form": "long-form",
        "plotSummaryText": "난로를 피우면 주변 공기가 따뜻해지면 공기가 위로 올라가고, 차가운 공기는 아래로 내려오면서 거실 전체가 따뜻해지는데 그때 지붕에 구멍이 뚫려 있어 열이 구멍 밖으로 나가 버린 거라고 말했습니다.",
        "textWordEA": 27
      }
    },
    {
      "srcTextID": "108894",
      "srcText": "냥이는 널빤지와 못으로 지붕의 구멍을 막았어. 잠시 뒤 거실이 조금씩 따뜻해졌지. “흠, 열 도둑을 잡다니, 대단해! 따뜻한 수프 좀 먹고 갈래?”",
      "srcPage": 8,
      "srcSentenceEA": 4,
      "srcWordEA": 23,
      "character": "냥이,널빤지,못,도둑,수프",
      "setting": "거실,지붕",
      "action": "막았어,잡다니,먹고 갈래",
      "feeling": null,
      "causalRelationship": null,
      "outcomeResolution": null,
      "prediction": null,
      "plotSummaryInfoCount": 1,
      "plotSummaryInfo": {
        "classification": "자연탐구",
        "readAge": "초등_고학년",
        "form": "long-form",
        "plotSummaryText": "냥이가 널빤지와 못으로 지붕의 구멍을 막자, 거실이 조금씩 따뜻해졌습니다.",
        "textWordEA": 9
      }
    },
    {
      "srcTextID": "108893",
      "srcText": "그런데 수프를 뜨려던 아이코 할머니가 소리를 질렀어. “아이코! 뜨거워!” 할머니는 손에 쥐고 있던 쇠 국자를 떨어뜨렸어. 냥이는 쌩하고 달려가 찬물을 떠 왔지. \"할머니, 찬물에 손을 담그세요.\"",
      "srcPage": 10,
      "srcSentenceEA": 5,
      "srcWordEA": 29,
      "character": "아이코 할머니,쇠 국자,냥이,수프",
      "setting": null,
      "action": "질렀어,쥐고,떨어뜨렸어,달려가,떠 왔지",
      "feeling": null,
      "causalRelationship": null,
      "outcomeResolution": null,
      "prediction": null,
      "plotSummaryInfoCount": 1,
      "plotSummaryInfo": {
        "classification": "자연탐구",
        "readAge": "초등_고학년",
        "form": "long-form",
        "plotSummaryText": "아이코 할머니가 수프를 뜨려다 뜨거운 쇠 국자를  떨어뜨리자, 냥이가 쌩하고 달려가 찬물을 떠왔습니다.",
        "textWordEA": 14
      }
    },
    {
      "srcTextID": "108898",
      "srcText": "“할머니는 국자를 냄비에 넣은 채 깜빡깜빡 잊어버리시잖아요. 그러니까 앞으로는 나무 국자만 쓰세요.” 아이코 할머니는 부끄러운 듯 살짝 미소를 지었어.",
      "srcPage": 14,
      "srcSentenceEA": 3,
      "srcWordEA": 21,
      "character": "아이코 할머니,국자,냄비,나무 국자",
      "setting": null,
      "action": "넣은,미소를 지었어,잊어버리시잖아요,쓰세요",
      "feeling": "부끄러운",
      "causalRelationship": null,
      "outcomeResolution": null,
      "prediction": null,
      "plotSummaryInfoCount": 1,
      "plotSummaryInfo": {
        "classification": "자연탐구",
        "readAge": "초등_고학년",
        "form": "short-form",
        "plotSummaryText": "할머니는 국자를 냄비에 넣은 채 잘 잊어버리니 나무 국자만 쓰라고 이야기하자, 아이코 할머니는 부끄러운 듯 미소를 지었습니다.",
        "textWordEA": 17
      }
    },
    {
      "srcTextID": "108899",
      "srcText": "“뜨거운 물을 얼마나 받아야 물이 따뜻해질까?” 할머니는 뜨거운 물을 받다가 욕조 물에 살짝 손을 담가 보았어. “따뜻하구나.” 할머니는 욕조 안으로 풍덩 들어갔어.",
      "srcPage": 16,
      "srcSentenceEA": 3,
      "srcWordEA": 24,
      "character": "할머니,욕조",
      "setting": null,
      "action": "받다가,담가,들어갔어",
      "feeling": null,
      "causalRelationship": null,
      "outcomeResolution": null,
      "prediction": null,
      "plotSummaryInfoCount": 1,
      "plotSummaryInfo": {
        "classification": "자연탐구",
        "readAge": "초등_고학년",
        "form": "short-form",
        "plotSummaryText": "할머니는 뜨거운 물을 받다가 욕조 물에 손을 담가 보고는 욕조 안으로 들어갔습니다.",
        "textWordEA": 12
      }
    }
  ]
}