{
  "title": "얼음 공주 루나",
  "author": "윤희정",
  "illustrator": "오은선",
  "isbn": "9788998212766",
  "publishedYear": 2012,
  "publisher": "한얼에듀",
  "paragraphInfoCount": 16,
  "paragraphInfo": [
    {
      "srcTextID": "2196",
      "srcText": "어느 날, 루나는 엄마와 아이스 쇼를 보았어요. 화려한 불빛이 비추는 얼음 위에서 피겨 스케이터들이 아름답게 춤을 추었어요. 스르륵 미끄러지며 달리고, 뱅그르르 돌고, 사뿐히 날아올랐지요. “우아, 너무너무 멋지다!” 루나는 환상의 얼음 나라에 온 것 같았어요. ",
      "srcPage": 2,
      "srcSentenceEA": 5,
      "srcWordEA": 37,
      "character": "루나,엄마,피겨 스케이터들",
      "setting": "어느 날,얼음 나라",
      "action": "추었어요,보았어요,미끄러지며,달리고,돌고,날아올랐지요",
      "feeling": "아름답게,너무너무 멋지다",
      "causalRelationship": null,
      "outcomeResolution": null,
      "prediction": null,
      "plotSummaryInfoCount": 1,
      "plotSummaryInfo": {
        "classification": "자연탐구",
        "readAge": "초등_고학년",
        "form": "long-form",
        "plotSummaryText": "엄마와 아이스 쇼를 보러가 얼음 위에서 피겨 스케이터들이 아름답게 춤을 추는것 너무너무 멋졌어요.",
        "textWordEA": 13
      }
    },
    {
      "srcTextID": "2197",
      "srcText": "그날 이후, 루나는 엄마를 졸랐어요. “엄마, 나도 스케이트 배우고 싶어요. 네?” “스케이트를 타려면 몸이 가벼워야 해. 빵이 먹고 싶어도 꾹 참아야 할걸?” 엄마의 말에 루나는 굳게 결심을 했어요.",
      "srcPage": 3,
      "srcSentenceEA": 6,
      "srcWordEA": 31,
      "character": "루나,엄마",
      "setting": "그날 이후",
      "action": "배우고,타려면,먹고",
      "feeling": "참아야",
      "causalRelationship": null,
      "outcomeResolution": null,
      "prediction": "엄마의 말에 루나는 굳게 결심을 했어요.",
      "plotSummaryInfoCount": 1,
      "plotSummaryInfo": {
        "classification": "자연탐구",
        "readAge": "초등_고학년",
        "form": "long-form",
        "plotSummaryText": "루나는 스케이트를 배우고 싶다고 엄마를 졸랐고 엄마는 스케이트를 타려면 몸이 가벼워야 하니 빵이 먹고 싶어도 참아야 한다고 했어요.",
        "textWordEA": 18
      }
    },
    {
      "srcTextID": "2198",
      "srcText": "탁탁! 루나는 방문 앞에 예쁜 피겨 스케이터의 사진을 붙였어요. 빵이 먹고 싶을 때면 사진을 보며 참았어요. “난 꼭 피겨 스케이터가 되고 말 거야.”",
      "srcPage": 4,
      "srcSentenceEA": 3,
      "srcWordEA": 25,
      "character": "루나,피겨 스케이터",
      "setting": "방문 앞",
      "action": "붙였어요",
      "feeling": "예쁜,참았어요",
      "causalRelationship": null,
      "outcomeResolution": null,
      "prediction": "난 꼭 피겨 스케이터가 되고 말 거야.",
      "plotSummaryInfoCount": 1,
      "plotSummaryInfo": {
        "classification": "자연탐구",
        "readAge": "초등_고학년",
        "form": "short-form",
        "plotSummaryText": "루나는 방문에 예쁜 피겨 스케이터의 사진을 붙여놓고 빵이 먹고 싶을 때면 사진을 보며 참았어요.",
        "textWordEA": 14
      }
    },
    {
      "srcTextID": "2201",
      "srcText": "“루나야, 미끄러지는 걸 겁내지 마!” 옆에서 지켜보던 엄마가 말했어요. 루나는 한 걸음 한 걸음 얼음 위로 나아갔어요. 어느새 달리는 속도도 조금씩 빨라졌지요. 루나는 뱅그르르 돌기도 하고, 휙 뛰기도 했어요.",
      "srcPage": 7,
      "srcSentenceEA": 5,
      "srcWordEA": 33,
      "character": "루나,엄마",
      "setting": "얼음 위,어느새",
      "action": "말했어요,달리는,돌기도,뛰기도,나아갔어요",
      "feeling": "겁내지",
      "causalRelationship": null,
      "outcomeResolution": "어느새 달리는 속도도 조금씩 빨라졌지요.",
      "prediction": null,
      "plotSummaryInfoCount": 1,
      "plotSummaryInfo": {
        "classification": "자연탐구",
        "readAge": "초등_고학년",
        "form": "long-form",
        "plotSummaryText": "루나는 한 걸음 한 걸음 얼음 위로 나아가 어느새 속도도 빨라지고 뱅그르르 돌며 뛰기도 했어요. ",
        "textWordEA": 15
      }
    },
    {
      "srcTextID": "2203",
      "srcText": "얼마 후, 피겨 스케이팅 대회가 열렸어요. ‘내가 얼마나 잘하는지 보여 주겠어.’ 루나는 자신 있게 얼음 위로 올라갔어요. 루나가 멋지게 점프해서 빙그르르 돌고 내려오는 순간이었어요. 쿵! 루나는 중심을 잃고 엉덩방아를 찧고 말았지요.",
      "srcPage": 9,
      "srcSentenceEA": 6,
      "srcWordEA": 36,
      "character": "루나",
      "setting": "얼마 후,피겨 스케이팅 대회,얼음 위",
      "action": "올라갔어요,점프해서,찧고,내려오는",
      "feeling": "자신 있게",
      "causalRelationship": "루나는 중심을 잃고 엉덩방아를 찧고 말았지요.",
      "outcomeResolution": null,
      "prediction": null,
      "plotSummaryInfoCount": 1,
      "plotSummaryInfo": {
        "classification": "자연탐구",
        "readAge": "초등_고학년",
        "form": "long-form",
        "plotSummaryText": "얼마 후, 피겨 스케이팅 대회에서 멋지게 점프해서 돌고 내려오는 순간 루나는 중심을 잃고 엉덩방아를 찧고 말았지요.",
        "textWordEA": 16
      }
    },
    {
      "srcTextID": "2199",
      "srcText": "루나는 엄마와 함께 스케이트장에 갔어요. 드디어 스케이트를 배우게 된 거예요. “자, 날을 안쪽으로 살짝 굽히고.” 처음에는 뒤뚱거리다 넘어지기 일쑤였어요. ",
      "srcPage": 5,
      "srcSentenceEA": 4,
      "srcWordEA": 21,
      "character": "루나,엄마",
      "setting": "스케이트장",
      "action": "갔어요,배우게,굽히고,넘어지기",
      "feeling": null,
      "causalRelationship": "루나는 엄마와 함께 스케이트장에 갔어요. 드디어 스케이트를 배우게 된 거예요.",
      "outcomeResolution": null,
      "prediction": "처음에는 뒤뚱거리다 넘어지기 일쑤였어요.",
      "plotSummaryInfoCount": 1,
      "plotSummaryInfo": {
        "classification": "자연탐구",
        "readAge": "초등_고학년",
        "form": "long-form",
        "plotSummaryText": "루나는 드디어 스케이트를 배우러 엄마와 함께 스케이트장에 갔어요.",
        "textWordEA": 8
      }
    },
    {
      "srcTextID": "2202",
      "srcText": "“이 음악을 들으면 예쁜 나비가 생각나. 여기에서는 점프를 하면 멋지겠다.” 루나는 음악을 들으며 떠오른 느낌들을 피겨 스케이팅으로 표현했어요. 그때 알았어요. 루나는 노래를 조금 못할 뿐, 음악을 싫어하는 게 아니라는 걸요.",
      "srcPage": 8,
      "srcSentenceEA": 5,
      "srcWordEA": 34,
      "character": "나비,루나",
      "setting": "여기",
      "action": "들으며",
      "feeling": "예쁜,멋지겠다,싫어하는",
      "causalRelationship": null,
      "outcomeResolution": "루나는 노래를 조금 못할 뿐,음악을 싫어하는 게 아니라는 걸요.",
      "prediction": null,
      "plotSummaryInfoCount": 1,
      "plotSummaryInfo": {
        "classification": "자연탐구",
        "readAge": "초등_고학년",
        "form": "long-form",
        "plotSummaryText": "루나는 음악을 듣고 예쁜 나비가 생각나 그 느낌들을 피겨 스케이팅으로 표현했어요.",
        "textWordEA": 11
      }
    },
    {
      "srcTextID": "2204",
      "srcText": "그 후로 루나는 연습이 즐겁지 않았어요. 특히 점프를 할 때는 더욱 겁이 났어요. “또 넘어지면 어떡하지?” ",
      "srcPage": 10,
      "srcSentenceEA": 3,
      "srcWordEA": 17,
      "character": "루나",
      "setting": null,
      "action": "넘어지면",
      "feeling": "즐겁지,겁이 났어요",
      "causalRelationship": "특히 점프를 할 때는 더욱 겁이 났어요. “또 넘어지면 어떡하지?”",
      "outcomeResolution": "그 후로 루나는 연습이 즐겁지 않았어요.",
      "prediction": null,
      "plotSummaryInfoCount": 1,
      "plotSummaryInfo": {
        "classification": "자연탐구",
        "readAge": "초등_고학년",
        "form": "short-form",
        "plotSummaryText": "그 후로 루나는 점프 할 때마다 넘어질까봐 겁이나 연습이 즐겁지 않았어요.",
        "textWordEA": 11
      }
    },
    {
      "srcTextID": "2205",
      "srcText": "그러자 엄마가 말했어요. “안 넘어질 때까지 하면 되지!” 루나는 용기를 내어 연습하고 또 연습했어요.",
      "srcPage": 11,
      "srcSentenceEA": 3,
      "srcWordEA": 15,
      "character": "엄마,루나",
      "setting": null,
      "action": "말했어요,넘어질,연습하고",
      "feeling": null,
      "causalRelationship": null,
      "outcomeResolution": null,
      "prediction": "루나는 용기를 내어 연습하고 또 연습했어요.",
      "plotSummaryInfoCount": 1,
      "plotSummaryInfo": {
        "classification": "자연탐구",
        "readAge": "초등_고학년",
        "form": "short-form",
        "plotSummaryText": "엄마가 안 넘어질 때까지 하면 된다는 말에 용기를 내어 연습하고 또 연습했어요.",
        "textWordEA": 12
      }
    },
    {
      "srcTextID": "2209",
      "srcText": "드디어 가장 어려운 세 바퀴 회전을 할 차례였어요. ‘이제 새처럼 날아오르는 거야!’ 루나는 가볍게 뛰어올랐어요.",
      "srcPage": 14,
      "srcSentenceEA": 3,
      "srcWordEA": 17,
      "character": "새,루나",
      "setting": null,
      "action": "날아오르는,뛰어올랐어요",
      "feeling": "어려운",
      "causalRelationship": null,
      "outcomeResolution": null,
      "prediction": "루나는 가볍게 뛰어올랐어요.",
      "plotSummaryInfoCount": 1,
      "plotSummaryInfo": {
        "classification": "자연탐구",
        "readAge": "초등_고학년",
        "form": "short-form",
        "plotSummaryText": "드디어 어려운 세 바퀴 회전을 루나는 가볍게 새처럼 날아올랐어요.",
        "textWordEA": 9
      }
    },
    {
      "srcTextID": "2208",
      "srcText": "그리고 멋지게 세 바퀴를 돈 후 깃털처럼 사뿐히 내려왔지요. 사람들은 모두 일어나서 박수를 쳤어요. “얼음 공주, 루나 만세!”",
      "srcPage": 15,
      "srcSentenceEA": 3,
      "srcWordEA": 19,
      "character": "얼음 공주,루나",
      "setting": null,
      "action": "내려왔지요,쳤어요",
      "feeling": "멋지게,깃털처럼",
      "causalRelationship": "그리고 멋지게 세 바퀴를 돈 후 깃털처럼 사뿐히 내려왔지요. 사람들은 모두 일어나서 박수를 쳤어요.",
      "outcomeResolution": null,
      "prediction": null,
      "plotSummaryInfoCount": 1,
      "plotSummaryInfo": {
        "classification": "자연탐구",
        "readAge": "초등_고학년",
        "form": "short-form",
        "plotSummaryText": "사람들은 깃털처럼 사뿐히 내려온 얼음 공주 루나에게 일어나 박수를 쳤어요.",
        "textWordEA": 10
      }
    },
    {
      "srcTextID": "2210",
      "srcText": "이제 루나는 더 이상 빵 공주가 아니에요. 얼음 공주로 다시 태어난 거예요. 루나는 오늘도 얼음 위를 달리고 있어요. “난 얼음 위에 있을 때가 가장 행복해!” 루나는 활짝 웃으며 얼음 위에 비친 빛 속으로 나아갔어요.",
      "srcPage": 16,
      "srcSentenceEA": 5,
      "srcWordEA": 37,
      "character": "루나,빵 공주,얼음 공주",
      "setting": "얼음 위",
      "action": "달리고,나아갔어요",
      "feeling": "행복해,활짝 웃으며",
      "causalRelationship": null,
      "outcomeResolution": "이제 루나는 더 이상 빵 공주가 아니에요. 얼음 공주로 다시 태어난 거예요.",
      "prediction": null,
      "plotSummaryInfoCount": 1,
      "plotSummaryInfo": {
        "classification": "자연탐구",
        "readAge": "초등_고학년",
        "form": "long-form",
        "plotSummaryText": "루나는 이제 빵 공주가 아니라 얼음 위를 달리는 얼음 공주로 다시 태어난 거예요.",
        "textWordEA": 13
      }
    },
    {
      "srcTextID": "2195",
      "srcText": "루나의 별명은 빵 공주예요. 빵을 많이 먹는 것 말고는 잘하는 게 없지요. 노래도 못하고, 달리기는 늘 꼴찌예요. 루나는 커서 빵 가게 주인이 될 거래요.",
      "srcPage": 1,
      "srcSentenceEA": 4,
      "srcWordEA": 27,
      "character": "루나,빵 공주,빵",
      "setting": "빵 가게",
      "action": "먹는,달리기",
      "feeling": null,
      "causalRelationship": null,
      "outcomeResolution": "루나는 커서 빵 가게 주인이 될 거래요.",
      "prediction": null,
      "plotSummaryInfoCount": 1,
      "plotSummaryInfo": {
        "classification": "자연탐구",
        "readAge": "초등_고학년",
        "form": "long-form",
        "plotSummaryText": "루나는 빵을 많이 먹어 별명이 빵 공주인데, 빵을 먹는 것 말고는 잘하는 게 없어 커서 빵 가게 주인이 될 거래요.",
        "textWordEA": 20
      }
    },
    {
      "srcTextID": "2200",
      "srcText": "양팔을 파닥파닥 휘저으며 쿵! 엉덩이가 뒤로 쑥 빠지며 쿵! 무릎과 엉덩이에 온통 퍼런 멍이 들었어요.",
      "srcPage": 6,
      "srcSentenceEA": 3,
      "srcWordEA": 17,
      "character": null,
      "setting": null,
      "action": "휘저으며,빠지며",
      "feeling": "파닥파닥,퍼런",
      "causalRelationship": "양팔을 파닥파닥 휘저으며 쿵! 엉덩이가 뒤로 쑥 빠지며 쿵! 무릎과 엉덩이에 온통 퍼런 멍이 들었어요.",
      "outcomeResolution": "무릎과 엉덩이에 온통 퍼런 멍이 들었어요.",
      "prediction": null,
      "plotSummaryInfoCount": 1,
      "plotSummaryInfo": {
        "classification": "자연탐구",
        "readAge": "초등_고학년",
        "form": "short-form",
        "plotSummaryText": "양팔을 파닥파닥 휘저으며 쿵쿵 넘어져 무릎과 엉덩이에 온통 퍼런 멍이 들었어요.",
        "textWordEA": 11
      }
    },
    {
      "srcTextID": "2206",
      "srcText": "루나는 또다시 피겨 스케이팅 대회에 나갔어요. “최선을 다하자. 난 잘할 수 있어!” 루나는 자신 있게 얼음 위에 올라섰어요. ",
      "srcPage": 12,
      "srcSentenceEA": 4,
      "srcWordEA": 20,
      "character": "루나",
      "setting": "피겨 스케이팅 대회,얼음 위",
      "action": "올라섰어요",
      "feeling": "자신 있게",
      "causalRelationship": null,
      "outcomeResolution": null,
      "prediction": "루나는 자신 있게 얼음 위에 올라섰어요.",
      "plotSummaryInfoCount": 1,
      "plotSummaryInfo": {
        "classification": "자연탐구",
        "readAge": "초등_고학년",
        "form": "long-form",
        "plotSummaryText": "루나는 또다시 피겨 스케이팅 대회에 자신 있게 얼음 위에 올라섰어요.",
        "textWordEA": 10
      }
    },
    {
      "srcTextID": "2207",
      "srcText": "아름다운 음악이 흘러나왔어요. 루나는 한 마리 백조가 되어 얼음 위를 거닐었어요. 그 아름다운 모습에 사람들은 모두 넋을 잃었지요.",
      "srcPage": 13,
      "srcSentenceEA": 3,
      "srcWordEA": 20,
      "character": "루나,한 마리 백조",
      "setting": "얼음 위",
      "action": "거닐었어요",
      "feeling": null,
      "causalRelationship": null,
      "outcomeResolution": "그 아름다운 모습에 사람들은 모두 넋을 잃었지요.",
      "prediction": null,
      "plotSummaryInfoCount": 1,
      "plotSummaryInfo": {
        "classification": "자연탐구",
        "readAge": "초등_고학년",
        "form": "short-form",
        "plotSummaryText": "아름다운 음악이 흘러나왔고 루나는 한 마리의 백조가 되어 얼음 위를 거니는 아름다운 모습에 사람들은 모두 넋을 잃었지요.",
        "textWordEA": 17
      }
    }
  ]
}