{
  "title": "모델이 된 키다리 공주",
  "author": "이미애 외",
  "illustrator": "정미예",
  "isbn": "9788998212742",
  "publishedYear": 2012,
  "publisher": "한얼에듀",
  "paragraphInfoCount": 17,
  "paragraphInfo": [
    {
      "srcTextID": "5919",
      "srcText": "예쁜 옷과 구두를 좋아하는 키다리 공주가 있었어요. 작고 쭉 찢어진 눈에 주근깨투성이라 모두 공주를 ‘키다리 못난이’라고 놀렸지요. 어느 날, 공주는 정원에서 손거울을 보았어요.",
      "srcPage": 1,
      "srcSentenceEA": 4,
      "srcWordEA": 26,
      "character": "옷,구두,키다리 공주,모두,손거울",
      "setting": "어느 날,정원",
      "action": "놀렸지요,보았어요,좋아하는",
      "feeling": null,
      "causalRelationship": "작고 쭉 찢어진 눈에 주근깨투성이라 모두 공주를 키다리 못난이라고 놀렸지요.",
      "outcomeResolution": null,
      "prediction": null,
      "plotSummaryInfoCount": 1,
      "plotSummaryInfo": {
        "classification": "자연탐구",
        "readAge": "초등_고학년",
        "form": "long-form",
        "plotSummaryText": "예쁜 옷과 구두를 좋아하는 키다리 못난이 공주는 어느 날, 정원에서 손거울을 보았어요.",
        "textWordEA": 12
      }
    },
    {
      "srcTextID": "5928",
      "srcText": "개구리는 눈물로 얼룩덜룩해진 공주의 얼굴을 닦아 주었어요. “고마워. 난 꼭 훌륭한 모델이 될 거야!” 공주가 울먹이며 말했어요.",
      "srcPage": 9,
      "srcSentenceEA": 3,
      "srcWordEA": 19,
      "character": "개구리,공주,모델",
      "setting": null,
      "action": "닦아 주었어요,말했어요",
      "feeling": "고마워,울먹이며",
      "causalRelationship": null,
      "outcomeResolution": null,
      "prediction": null,
      "plotSummaryInfoCount": 1,
      "plotSummaryInfo": {
        "classification": "자연탐구",
        "readAge": "초등_고학년",
        "form": "short-form",
        "plotSummaryText": "개구리는 울먹이는 공주의 얼굴을 닦아 주었어요.",
        "textWordEA": 6
      }
    },
    {
      "srcTextID": "5930",
      "srcText": "그러고는 더 열심히 노력했지요. 공주는 또다시 모델 시험을 보러 갔어요. “자세가 아주 멋지고 당당한걸?”",
      "srcPage": 10,
      "srcSentenceEA": 3,
      "srcWordEA": 15,
      "character": "공주",
      "setting": null,
      "action": "노력했지요,보러 갔어요",
      "feeling": "당당한걸",
      "causalRelationship": null,
      "outcomeResolution": null,
      "prediction": null,
      "plotSummaryInfoCount": 1,
      "plotSummaryInfo": {
        "classification": "자연탐구",
        "readAge": "초등_고학년",
        "form": "short-form",
        "plotSummaryText": "공주는 더 열심히 노력해서 모델 시험을 보러 갔어요.",
        "textWordEA": 8
      }
    },
    {
      "srcTextID": "5927",
      "srcText": "“고개를 조금만 들어 봐. 좋아!” 찰칵찰칵! 개구리는 공주의 사진을 열심히 찍어 여러 모델 회사에 보냈어요. 공주를 모델로 뽑아 달라고 말이에요.",
      "srcPage": 7,
      "srcSentenceEA": 5,
      "srcWordEA": 24,
      "character": "개구리,공주,사진,모델",
      "setting": null,
      "action": "들어 봐,찍어,보냈어요,뽑아 달라고",
      "feeling": "좋아",
      "causalRelationship": "개구리는 공주의 사진을 열심히 찍어 여러 모델 회사에 보냈어요. 공주를 모델로 뽑아 달라고 말이에요.",
      "outcomeResolution": null,
      "prediction": null,
      "plotSummaryInfoCount": 1,
      "plotSummaryInfo": {
        "classification": "자연탐구",
        "readAge": "초등_고학년",
        "form": "long-form",
        "plotSummaryText": "개구리는 공주를 뽑아 달라고 공주의 사진을 찍어 모델 회사에 보냈어요.",
        "textWordEA": 10
      }
    },
    {
      "srcTextID": "5929",
      "srcText": "하지만 연락이 온 곳은 한 군데도 없었어요. 모델 시험도 여러 번 봤어요. 그때마다 개구리가 멋지게 꾸며 주었지만 공주는 모델로 뽑히지 못했어요. ",
      "srcPage": 8,
      "srcSentenceEA": 3,
      "srcWordEA": 23,
      "character": "개구리,공주,모델",
      "setting": null,
      "action": "온,봤어요,꾸며,뽑히지",
      "feeling": null,
      "causalRelationship": null,
      "outcomeResolution": "하지만 연락이 온 곳은 한 군데도 없었어요.",
      "prediction": null,
      "plotSummaryInfoCount": 1,
      "plotSummaryInfo": {
        "classification": "자연탐구",
        "readAge": "초등_고학년",
        "form": "short-form",
        "plotSummaryText": "공주는 개구리가 멋지게 꾸며 주고 모델 시험도 여러 번 봤지만 연락이 온 곳은 한 군데도 없었어요.",
        "textWordEA": 16
      }
    },
    {
      "srcTextID": "5936",
      "srcText": "“개구리야, 다 네 덕분이야. 고마워!” 공주와 개구리는 기뻐서 춤을 추었어요. 그 후로 공주는 무척 바쁜 날들을 보냈어요. ",
      "srcPage": 16,
      "srcSentenceEA": 4,
      "srcWordEA": 20,
      "character": "개구리,공주",
      "setting": null,
      "action": "춤을 추었어요,보냈어요",
      "feeling": "고마워,기뻐서",
      "causalRelationship": null,
      "outcomeResolution": null,
      "prediction": null,
      "plotSummaryInfoCount": 1,
      "plotSummaryInfo": {
        "classification": "자연탐구",
        "readAge": "초등_고학년",
        "form": "long-form",
        "plotSummaryText": "개구리와 공주는 기뻐서 춤을 추었고, 공주는 바쁜 나날을 보냈어요.",
        "textWordEA": 9
      }
    },
    {
      "srcTextID": "5931",
      "srcText": "공주의 노력은 헛되지 않았어요. 심사 위원 모두 공주를 모델로 뽑아 주었거든요! 공주가 처음 패션쇼 무대에 서는 날이에요. ",
      "srcPage": 11,
      "srcSentenceEA": 3,
      "srcWordEA": 19,
      "character": "심사 위원,공주,모델",
      "setting": "패션쇼 무대",
      "action": "뽑아,서는",
      "feeling": null,
      "causalRelationship": null,
      "outcomeResolution": null,
      "prediction": null,
      "plotSummaryInfoCount": 1,
      "plotSummaryInfo": {
        "classification": "자연탐구",
        "readAge": "초등_고학년",
        "form": "short-form",
        "plotSummaryText": "공주의 노력으로 심사 위원 모두 공주를 뽑아 주어서 공주는 패션쇼 무대에 서게 되었어요.",
        "textWordEA": 13
      }
    },
    {
      "srcTextID": "5921",
      "srcText": "“휴, 난 왜 이렇게 못생기고 키만 큰 거야?” 공주는 손거울을 연못에 휙 던지고 엉엉 울기 시작했어요. “어이쿠, 깜짝이야! 누가 거울을 던졌어? 개굴.”",
      "srcPage": 2,
      "srcSentenceEA": 5,
      "srcWordEA": 25,
      "character": "공주,손거울",
      "setting": "연못",
      "action": "던지고,울기 시작했어요,던졌어",
      "feeling": "깜짝이야",
      "causalRelationship": null,
      "outcomeResolution": null,
      "prediction": null,
      "plotSummaryInfoCount": 1,
      "plotSummaryInfo": {
        "classification": "자연탐구",
        "readAge": "초등_고학년",
        "form": "long-form",
        "plotSummaryText": "공주는 연못에 손거울을 던지고 엉엉 울었어요.",
        "textWordEA": 6
      }
    },
    {
      "srcTextID": "5923",
      "srcText": "공주는 그날부터 모델이 되기로 결심했어요. 주스 대신 물을 마시고, 운동도 열심히 했지요. “어떤 옷이든 잘 어울리는 모델이 되려면 먹고 싶은 것도 꾹 참아야 해.” ",
      "srcPage": 5,
      "srcSentenceEA": 3,
      "srcWordEA": 25,
      "character": "공주,모델",
      "setting": "그날부터",
      "action": "결심했어요,마시고,되려면,참아야 해",
      "feeling": null,
      "causalRelationship": null,
      "outcomeResolution": null,
      "prediction": null,
      "plotSummaryInfoCount": 1,
      "plotSummaryInfo": {
        "classification": "자연탐구",
        "readAge": "초등_고학년",
        "form": "short-form",
        "plotSummaryText": "공주는 모델이 되기로 결심하고 먹고 싶은 것도 참으며 운동도 열심히 했어요.",
        "textWordEA": 11
      }
    },
    {
      "srcTextID": "5922",
      "srcText": "연못에 있던 개구리가 튀어나왔어요. 그러다 울고 있는 공주를 보았지요. “공주야, 왜 울고 있니? 개굴.” ",
      "srcPage": 3,
      "srcSentenceEA": 4,
      "srcWordEA": 16,
      "character": "개구리,공주",
      "setting": "연못",
      "action": "튀어나왔어요,울고 있는,보았지요",
      "feeling": null,
      "causalRelationship": null,
      "outcomeResolution": null,
      "prediction": null,
      "plotSummaryInfoCount": 1,
      "plotSummaryInfo": {
        "classification": "자연탐구",
        "readAge": "초등_고학년",
        "form": "long-form",
        "plotSummaryText": "개구리가 연못에서 튀어나와 울고 있는 공주를 보았어요.",
        "textWordEA": 7
      }
    },
    {
      "srcTextID": "5920",
      "srcText": "“내가 너무 못생겨서.” “아냐, 못생기지 않았어. 넌 키가 크니까 누구보다 아름다운 모델이 될 거야.” ",
      "srcPage": 4,
      "srcSentenceEA": 3,
      "srcWordEA": 15,
      "character": "모델",
      "setting": null,
      "action": "될 거야,못생겨서",
      "feeling": null,
      "causalRelationship": "넌 키가 크니까 누구보다 아름다운 모델이 될 거야.",
      "outcomeResolution": null,
      "prediction": null,
      "plotSummaryInfoCount": 1,
      "plotSummaryInfo": {
        "classification": "자연탐구",
        "readAge": "초등_고학년",
        "form": "short-form",
        "plotSummaryText": "자신이 못생겼다고 말하는 공주에게 개구리는 누구보다 아름다운 모델이 될 거라고 이야기 했습니다.",
        "textWordEA": 12
      }
    },
    {
      "srcTextID": "5925",
      "srcText": "공주는 고기를 조금 먹고 야채를 듬뿍 먹었어요. 좋아하던 빵과 과자도 먹지 않았지요. 공주는 멋지게 걷는 연습을 했어요.",
      "srcPage": 6,
      "srcSentenceEA": 3,
      "srcWordEA": 19,
      "character": "공주,고기,야채,빵,과자",
      "setting": null,
      "action": "먹고,먹었어요,먹지 않았지요,걷는,했어요",
      "feeling": null,
      "causalRelationship": null,
      "outcomeResolution": null,
      "prediction": null,
      "plotSummaryInfoCount": 1,
      "plotSummaryInfo": {
        "classification": "자연탐구",
        "readAge": "초등_고학년",
        "form": "short-form",
        "plotSummaryText": "공주는 빵과 과자를 먹지 않고 멋지게 걷는 연습을 했어요.",
        "textWordEA": 9
      }
    },
    {
      "srcTextID": "5933",
      "srcText": "공주도 콩닥콩닥, 개구리도 콩닥콩닥! 공주는 서둘러 옷을 갈아입었어요. 그런데 개구리가 깜짝 놀라며 외쳤어요.",
      "srcPage": 12,
      "srcSentenceEA": 3,
      "srcWordEA": 15,
      "character": "공주,개구리,옷",
      "setting": null,
      "action": "갈아입었어요,외쳤어요",
      "feeling": "깜짝 놀라며",
      "causalRelationship": null,
      "outcomeResolution": null,
      "prediction": null,
      "plotSummaryInfoCount": 1,
      "plotSummaryInfo": {
        "classification": "자연탐구",
        "readAge": "초등_고학년",
        "form": "short-form",
        "plotSummaryText": "공주가 서둘러 옷을 갈아입던 중에 개구리는 깜짝 놀라며 외쳤어요.",
        "textWordEA": 9
      }
    },
    {
      "srcTextID": "5932",
      "srcText": "“이런, 구두가 너무 작잖아!” 공주는 발이 욱신욱신 아팠지만, 자신 있게 무대로 걸어 나갔어요. 조명이 번쩍! 카메라 불빛이 펑펑!",
      "srcPage": 13,
      "srcSentenceEA": 4,
      "srcWordEA": 21,
      "character": "구두,공주",
      "setting": "무대",
      "action": "걸어 나갔어요",
      "feeling": "아팠지만,자신 있게",
      "causalRelationship": null,
      "outcomeResolution": null,
      "prediction": null,
      "plotSummaryInfoCount": 1,
      "plotSummaryInfo": {
        "classification": "자연탐구",
        "readAge": "초등_고학년",
        "form": "long-form",
        "plotSummaryText": "공주는 작은 구두 때문에 발이 아팠지만, 자신 있게 무대로 걸어 나갔어요.",
        "textWordEA": 11
      }
    },
    {
      "srcTextID": "5935",
      "srcText": "공주는 요란한 박수 소리를 들으며 멋지게 패션쇼를 마쳤어요. 집에 돌아와 구두를 벗자, 공주의 발은 파랗게 멍이 들어 있었어요. 개구리가 약을 발라 주며 말했어요.",
      "srcPage": 14,
      "srcSentenceEA": 3,
      "srcWordEA": 25,
      "character": "공주,구두,개구리,약",
      "setting": "집,패션쇼",
      "action": "들으며,마쳤어요,벗자,발라 주며,말했어요",
      "feeling": null,
      "causalRelationship": null,
      "outcomeResolution": null,
      "prediction": null,
      "plotSummaryInfoCount": 1,
      "plotSummaryInfo": {
        "classification": "자연탐구",
        "readAge": "초등_고학년",
        "form": "short-form",
        "plotSummaryText": "멋지게 패션쇼를 마친 공주의 발은 파랗게 멍이 들어 있었고, 개구리는 약을 발라 주었어요.",
        "textWordEA": 13
      }
    },
    {
      "srcTextID": "5934",
      "srcText": "“공주야, 너는 정말 최고로 돋보였어. 진짜야.” 다음 날, 신문에 공주의 기사가 실렸어요. “야호, 기대되는 신인 모델이래! 축하해, 공주야.”",
      "srcPage": 15,
      "srcSentenceEA": 5,
      "srcWordEA": 21,
      "character": "공주,신문,신인 모델",
      "setting": "다음 날",
      "action": "실렸어요,기대되는",
      "feeling": "축하해",
      "causalRelationship": null,
      "outcomeResolution": null,
      "prediction": null,
      "plotSummaryInfoCount": 1,
      "plotSummaryInfo": {
        "classification": "자연탐구",
        "readAge": "초등_고학년",
        "form": "long-form",
        "plotSummaryText": "다음 날 공주는 기대되는 신인 모델로 신문에 실렸어요.",
        "textWordEA": 8
      }
    },
    {
      "srcTextID": "5937",
      "srcText": "“공주야, 세계 무대에 서는 기분이 어때? 아직도 네가 못생겼다고 생각해?” “아니, 아니! 멋지고 아름다워. 난 이제 세계 최고의 모델이 될 거야!”",
      "srcPage": 17,
      "srcSentenceEA": 5,
      "srcWordEA": 24,
      "character": "공주,모델",
      "setting": "세계 무대",
      "action": "생각해,될 거야",
      "feeling": null,
      "causalRelationship": null,
      "outcomeResolution": null,
      "prediction": null,
      "plotSummaryInfoCount": 1,
      "plotSummaryInfo": {
        "classification": "자연탐구",
        "readAge": "초등_고학년",
        "form": "long-form",
        "plotSummaryText": "공주는 이제 자신을 멋지고 아름답다고 생각하며 세계 최고의 모델이 될 거라고 다짐했어요.",
        "textWordEA": 12
      }
    }
  ]
}