{
  "title": "달려라, 차돌이",
  "author": "조은숙",
  "illustrator": "이명애",
  "isbn": "9788998212643",
  "publishedYear": 2012,
  "publisher": "한얼에듀",
  "paragraphInfoCount": 16,
  "paragraphInfo": [
    {
      "srcTextID": "143703",
      "srcText": "저는 대구 시내 간선 버스 706번을 운전하고 있어요. 총 119개의 정류장을 지나는데, 한 번 왕복하는 데 네 시간이 조금 넘게 걸려요. 오전 근무와 오후 근무가 있는데, 오전 근무를 하는 날은 새벽 4시에 일어나서 회사로 나가요. 운전할 버스에 가서 시동을 걸고 청소도 하며 잘 살핀 후에 버스를 몰고 출발하지요.",
      "srcPage": 16,
      "srcSentenceEA": 4,
      "srcWordEA": 51,
      "character": "정류장,오전 근무,오후 근무,버스,청소",
      "setting": "네 시간,새벽 4시",
      "action": "지나는데,왕복하는데,일어나서,회사로 나가요,출발하지요",
      "feeling": null,
      "causalRelationship": null,
      "outcomeResolution": null,
      "prediction": null,
      "plotSummaryInfoCount": 1,
      "plotSummaryInfo": {
        "classification": "자연탐구",
        "readAge": "초등_고학년",
        "form": "long-form",
        "plotSummaryText": "119개의 정류장을 지나고, 한 번 왕복하는데 네 시간이 넘게 걸리고, 오전 근무와 오후 근무가 있으며, 오전 근무를 하는 날은 새벽 4시에 일어나서 회사로 나갑니다.",
        "textWordEA": 24
      }
    },
    {
      "srcTextID": "5588",
      "srcText": "내 별명은 차돌이 아빠예요. 차돌이는 시내를 달리는 버스지요. 나는 이 녀석을 십 년이 넘게 운전했어요.",
      "srcPage": 1,
      "srcSentenceEA": 3,
      "srcWordEA": 17,
      "character": "차돌이 아빠,차돌이,버스,시내",
      "setting": null,
      "action": "달리는,운전했어요",
      "feeling": null,
      "causalRelationship": null,
      "outcomeResolution": null,
      "prediction": null,
      "plotSummaryInfoCount": 1,
      "plotSummaryInfo": {
        "classification": "자연탐구",
        "readAge": "초등_고학년",
        "form": "short-form",
        "plotSummaryText": "내 별명은 차돌이 아빠인데 차돌이는 시내를 달리는 버스이고 이 버스를 십 년이 넘게 운전했다.",
        "textWordEA": 14
      }
    },
    {
      "srcTextID": "5590",
      "srcText": "“자, 오늘도 시작해 볼까?” 이른 새벽이라, 아직 날이 밝지 않았네요. “엔진은 문제가 없고.”",
      "srcPage": 2,
      "srcSentenceEA": 3,
      "srcWordEA": 14,
      "character": "엔진",
      "setting": "오늘,이른 새벽",
      "action": "시작해",
      "feeling": null,
      "causalRelationship": null,
      "outcomeResolution": null,
      "prediction": null,
      "plotSummaryInfoCount": 1,
      "plotSummaryInfo": {
        "classification": "자연탐구",
        "readAge": "초등_고학년",
        "form": "short-form",
        "plotSummaryText": "이른 새벽이라, 아직 날이 밝지 않았고 엔진은 문제가 없으니, 오늘도 시작해 봅시다.",
        "textWordEA": 12
      }
    },
    {
      "srcTextID": "5589",
      "srcText": "“어이쿠, 어제 비를 맞았더니 진흙 범벅이구나.” 차돌이를 말끔하게 씻기는 것도 내가 할 일이지요. 이런, 여기 색이 벗겨졌네.",
      "srcPage": 3,
      "srcSentenceEA": 3,
      "srcWordEA": 19,
      "character": "차돌이",
      "setting": null,
      "action": "맞았더니,씻기는,벗겨졌네",
      "feeling": null,
      "causalRelationship": "어제 비를 맞았더니 진흙 범벅이구나.",
      "outcomeResolution": null,
      "prediction": null,
      "plotSummaryInfoCount": 1,
      "plotSummaryInfo": {
        "classification": "자연탐구",
        "readAge": "초등_고학년",
        "form": "short-form",
        "plotSummaryText": "어제 비를 맞아서 진흙 범벅이 된 차돌이를 말끔하게 씻기는 것도 내가 할 일이라면서 여기 색도 벗겨졌다고 했다.",
        "textWordEA": 17
      }
    },
    {
      "srcTextID": "5592",
      "srcText": "기름을 가득 먹자, 차돌이는 힘이 났어요. 부우웅! 바쁜 하루가 시작되었어요. 첫 번째 손님이 탔어요.",
      "srcPage": 5,
      "srcSentenceEA": 4,
      "srcWordEA": 17,
      "character": "기름,차돌이,첫 번째 손님",
      "setting": null,
      "action": "먹자,힘이 났어요,탔어요",
      "feeling": null,
      "causalRelationship": null,
      "outcomeResolution": null,
      "prediction": null,
      "plotSummaryInfoCount": 1,
      "plotSummaryInfo": {
        "classification": "자연탐구",
        "readAge": "초등_고학년",
        "form": "long-form",
        "plotSummaryText": "기름을 가득 먹자, 차돌이는 힘이 나서 하루를 시작하였고 첫 번째 손님이 탔다.",
        "textWordEA": 12
      }
    },
    {
      "srcTextID": "5597",
      "srcText": "“출발합니다! 손잡이 꼭 잡으세요.” 삐이익. 다음 정류장에 내릴 손님이 벨을 눌렀어요. “차돌아, 빨간불이 들어왔구나. 잠깐 멈췄다 가자.” 신호등은 꼭 지켜야 해요. 안전 운전은 생명을 지키는 일이거든요.",
      "srcPage": 10,
      "srcSentenceEA": 7,
      "srcWordEA": 32,
      "character": "손잡이,정류장,손님,벨,차돌,신호등",
      "setting": null,
      "action": "출발합니다,잡으세요,내릴,눌렀어요,멈췄다 가자,지키는,지켜야 해요",
      "feeling": null,
      "causalRelationship": null,
      "outcomeResolution": null,
      "prediction": null,
      "plotSummaryInfoCount": 1,
      "plotSummaryInfo": {
        "classification": "자연탐구",
        "readAge": "초등_고학년",
        "form": "long-form",
        "plotSummaryText": "다음 정류장에 내릴 손님이 벨을 누르고, 안전 운전은 생명을 지키는 일이니, 신호등은 꼭 지켜야 해서 차돌이에게 빨간불이 들어왔으니까 잠깐 멈췄다 가자고 한다.",
        "textWordEA": 22
      }
    },
    {
      "srcTextID": "5598",
      "srcText": "복잡한 곳을 지나 막 숨을 돌리려는데, 손님이 길을 물었어요. “기사님, 수산 시장은 얼마나 더 가야 하나요?” “세 정거장 더 가야 해요.”",
      "srcPage": 11,
      "srcSentenceEA": 3,
      "srcWordEA": 21,
      "character": "손님,기사님,수산 시장",
      "setting": null,
      "action": "지나,숨을 돌리려는데,물었어요,가야 하나요,가야 해요",
      "feeling": null,
      "causalRelationship": null,
      "outcomeResolution": null,
      "prediction": null,
      "plotSummaryInfoCount": 1,
      "plotSummaryInfo": {
        "classification": "자연탐구",
        "readAge": "초등_고학년",
        "form": "short-form",
        "plotSummaryText": "복잡한 곳을 지나 막 숨을 돌리려는데, 손님이 수산 시장은 얼마나 더 가야 하냐고 묻자, 세 정거장 더 가야 한다고 했다.",
        "textWordEA": 20
      }
    },
    {
      "srcTextID": "5601",
      "srcText": "푸시식, 푸식! 차돌이가 그만 땅에 주저앉고 말았어요. “죄송합니다. 다음 버스를 이용해 주세요.” 난 손님들에게 부탁했어요.",
      "srcPage": 13,
      "srcSentenceEA": 4,
      "srcWordEA": 18,
      "character": "차돌이,버스,손님들",
      "setting": null,
      "action": "주저앉고,이용해 주세요,부탁했어요",
      "feeling": "죄송합니다",
      "causalRelationship": null,
      "outcomeResolution": null,
      "prediction": null,
      "plotSummaryInfoCount": 1,
      "plotSummaryInfo": {
        "classification": "자연탐구",
        "readAge": "초등_고학년",
        "form": "long-form",
        "plotSummaryText": "차돌이가 그만 땅에 주저앉고 말았고 죄송하다며 다음 버스를 이용해 주시라고 손님들에게 부탁했다.",
        "textWordEA": 12
      }
    },
    {
      "srcTextID": "5600",
      "srcText": "차돌이의 뚜껑을 열어 보니, 콜록콜록! 까만 연기가 모락모락 나요. 정비소로 옮겨진 차돌이는 구석구석 조여졌다, 풀어졌다 했어요.",
      "srcPage": 14,
      "srcSentenceEA": 3,
      "srcWordEA": 18,
      "character": "차돌이,뚜껑,정비소",
      "setting": null,
      "action": "열어 보니,연기가 모락모락 나요,옮겨진,조여졌다,풀어졌다",
      "feeling": null,
      "causalRelationship": null,
      "outcomeResolution": null,
      "prediction": null,
      "plotSummaryInfoCount": 1,
      "plotSummaryInfo": {
        "classification": "자연탐구",
        "readAge": "초등_고학년",
        "form": "short-form",
        "plotSummaryText": "차돌이의 뚜껑을 열어 보니, 까만 연기가 나서 정비소로 옮겨진 차돌이는 구석구석 조여졌다, 풀어졌다 했다.",
        "textWordEA": 14
      }
    },
    {
      "srcTextID": "5602",
      "srcText": "“잘 고쳐 줄 테니 안심하렴.” 차돌이는 전처럼 다시 건강해졌어요. 차돌아, 신나게 달려 보자. “차돌아, 신나게 달려 보자. 조금 낡기는 했지만 아직은 튼튼하잖니?” 부릉, 부르릉! 차돌이는 오래오래 나와 함께 달릴 거예요.",
      "srcPage": 15,
      "srcSentenceEA": 7,
      "srcWordEA": 35,
      "character": "차돌이,나",
      "setting": null,
      "action": "고쳐 줄 테니,건강해졌어요,달려 보자,달릴 거예요",
      "feeling": null,
      "causalRelationship": null,
      "outcomeResolution": null,
      "prediction": null,
      "plotSummaryInfoCount": 1,
      "plotSummaryInfo": {
        "classification": "자연탐구",
        "readAge": "초등_고학년",
        "form": "long-form",
        "plotSummaryText": "차돌이는 전처럼 다시 건강해졌고 조금 낡기는 했지만 아직은 튼튼하니까 나와 차돌이는 오래오래 함께 달릴 것입니다.",
        "textWordEA": 15
      }
    },
    {
      "srcTextID": "5591",
      "srcText": "예쁘게 칠을 해 주어야겠어. “자, 출발!” 어어? 차돌이가 기운이 없어요. “차돌이 밥 먹어야겠구나.”",
      "srcPage": 4,
      "srcSentenceEA": 5,
      "srcWordEA": 15,
      "character": "차돌이,밥",
      "setting": null,
      "action": "칠을 해 주어야겠어,먹어야겠구나,기운이 없어요",
      "feeling": null,
      "causalRelationship": null,
      "outcomeResolution": null,
      "prediction": null,
      "plotSummaryInfoCount": 1,
      "plotSummaryInfo": {
        "classification": "자연탐구",
        "readAge": "초등_고학년",
        "form": "long-form",
        "plotSummaryText": "예쁘게 칠도 해주고 기운이 없어 보이는 차돌이의 밥을 먹여야겠다고 했다.",
        "textWordEA": 10
      }
    },
    {
      "srcTextID": "5596",
      "srcText": "버스 요금을 확인해야 하거든요. “두 분이세요? 그럼, 카드를 한 번 더 찍으세요. 감사합니다!” 문이 열리면, 내가 말해요.",
      "srcPage": 8,
      "srcSentenceEA": 5,
      "srcWordEA": 20,
      "character": "버스,두 분,카드,문",
      "setting": null,
      "action": "확인해야 하거든요,찍으세요,열리면,말해요",
      "feeling": "감사합니다",
      "causalRelationship": null,
      "outcomeResolution": null,
      "prediction": null,
      "plotSummaryInfoCount": 1,
      "plotSummaryInfo": {
        "classification": "자연탐구",
        "readAge": "초등_고학년",
        "form": "long-form",
        "plotSummaryText": "버스 요금을 확인해야 하고, 문이 열리면 두 분이신지 묻고 그럼, 카드를 한 번 더 찍으시라고 하고 감사하다고 합니다.",
        "textWordEA": 18
      }
    },
    {
      "srcTextID": "5595",
      "srcText": "“조심조심, 천천히 내리세요!” 앞문으로 타는 손님들에게도 잊지 않지요. “안녕하세요!” 사람들이 다 내렸는지, 앞, 뒷문이 잘 닫혔는지도 살펴요.",
      "srcPage": 9,
      "srcSentenceEA": 3,
      "srcWordEA": 19,
      "character": "앞문,손님들,사람들,뒷문",
      "setting": null,
      "action": "내리세요,타는,내렸는지,살펴요,닫혔는지도",
      "feeling": null,
      "causalRelationship": null,
      "outcomeResolution": null,
      "prediction": null,
      "plotSummaryInfoCount": 1,
      "plotSummaryInfo": {
        "classification": "자연탐구",
        "readAge": "초등_고학년",
        "form": "short-form",
        "plotSummaryText": "천천히 내리시라고 하고 앞문으로 타는 손님들에게도 인사하고 사람들이 다 내렸는지, 앞, 뒷문이 잘 닫혔는지도 살펴봅니다.",
        "textWordEA": 15
      }
    },
    {
      "srcTextID": "5594",
      "srcText": " 나는 손님이 자리에 앉을 때까지 기다려요. 차돌이가 흔들리면 넘어질 수 있거든요. 손님이 많아질수록 나는 더욱 바빠져요.",
      "srcPage": 7,
      "srcSentenceEA": 3,
      "srcWordEA": 19,
      "character": "나,손님,자리,차돌이",
      "setting": null,
      "action": "기다려요,앉을 때까지,흔들리면,넘어질 수 있거든요",
      "feeling": null,
      "causalRelationship": "손님이 많아질수록 나는 더욱 바빠져요.",
      "outcomeResolution": null,
      "prediction": null,
      "plotSummaryInfoCount": 1,
      "plotSummaryInfo": {
        "classification": "자연탐구",
        "readAge": "초등_고학년",
        "form": "short-form",
        "plotSummaryText": "차돌이가 흔들리면 넘어질 수 있으니까, 손님이 자리에 앉을 때까지 기다리는데, 손님이 많아질수록 더욱 바빠집니다.",
        "textWordEA": 14
      }
    },
    {
      "srcTextID": "5599",
      "srcText": "“고마워요.” 친절한 길 안내도 나의 일이지요. 어어? 그런데. 아무래도 차돌이가 아픈 모양이에요. “차돌아, 힘내자. 거의 다 왔단다.”",
      "srcPage": 12,
      "srcSentenceEA": 6,
      "srcWordEA": 22,
      "character": "나,차돌이",
      "setting": null,
      "action": "힘내자,다 왔단다",
      "feeling": "고마워요",
      "causalRelationship": null,
      "outcomeResolution": null,
      "prediction": "아무래도 차돌이가 아픈 모양이에요.",
      "plotSummaryInfoCount": 1,
      "plotSummaryInfo": {
        "classification": "자연탐구",
        "readAge": "초등_고학년",
        "form": "long-form",
        "plotSummaryText": "친절한 길 안내도 나의 일이고 차돌이가 아픈 것 같아서 거의 다 왔다고 차돌이한테 말했다.",
        "textWordEA": 14
      }
    },
    {
      "srcTextID": "5593",
      "srcText": "“어서 오세요!” 나는 손님에게 반갑게 웃으며 인사를 하지요. 두 번째 손님이 탔어요. “할머니, 천천히 올라오세요.”",
      "srcPage": 6,
      "srcSentenceEA": 4,
      "srcWordEA": 17,
      "character": "나,손님,두 번째 손님,할머니",
      "setting": null,
      "action": "오세요,웃으며,인사를 하지요,탔어요,올라오세요",
      "feeling": null,
      "causalRelationship": null,
      "outcomeResolution": null,
      "prediction": null,
      "plotSummaryInfoCount": 1,
      "plotSummaryInfo": {
        "classification": "자연탐구",
        "readAge": "초등_고학년",
        "form": "long-form",
        "plotSummaryText": "나는 손님에게 반갑게 웃으며 인사를 하고 두 번째 손님인 할머니에게 천천히 올라오시라고 했다.",
        "textWordEA": 13
      }
    }
  ]
}