{
  "title": "세상에서 가장 무서운 책",
  "author": "고영이",
  "illustrator": "정은선",
  "isbn": "9791128211478",
  "publishedYear": 2018,
  "publisher": "아람북스",
  "paragraphInfoCount": 34,
  "paragraphInfo": [
    {
      "srcTextID": "7859",
      "srcText": "너구리, 토끼, 오리는 겁쟁이 삼총사야. 자그마한 일에도 화들짝 놀라며 겁먹곤 했지. 어느 날, 도서관에서 함께 책을 읽던 너구리, 토끼, 오리가 갑자기 소리를 지르더니 밖으로 달려 나갔어. ",
      "srcPage": 1,
      "srcSentenceEA": 3,
      "srcWordEA": 28,
      "character": "너구리,토끼,오리,겁쟁이 삼총사",
      "setting": "도서관",
      "action": "책을 읽던,소리를 지르더니,달려 나갔어",
      "feeling": "놀라며,겁먹곤",
      "causalRelationship": null,
      "outcomeResolution": null,
      "prediction": "갑자기 소리를 지르더니 밖으로 달려 나갔어.",
      "plotSummaryInfoCount": 1,
      "plotSummaryInfo": {
        "classification": "자연탐구",
        "readAge": "초등_고학년",
        "form": "short-form",
        "plotSummaryText": "너구리, 토끼, 오리는 작은 일에도 놀라는 겁쟁이 삼총사인데, 어느 날 도서관에 간 셋은 소리를 지르며 밖으로 달려 나갔다.",
        "textWordEA": 18
      }
    },
    {
      "srcTextID": "7861",
      "srcText": " 불이 붙으면 열과 빛이 생겨요. 이렇게 물질이 열과 빛을 내며 타는 현상을 연소라고 해요.",
      "srcPage": 4,
      "srcSentenceEA": 2,
      "srcWordEA": 16,
      "character": "불,열,빛,물질,연소",
      "setting": null,
      "action": "붙으면,생겨요,타는",
      "feeling": null,
      "causalRelationship": null,
      "outcomeResolution": null,
      "prediction": "불이 붙으면 열과 빛이 생겨요.",
      "plotSummaryInfoCount": 1,
      "plotSummaryInfo": {
        "classification": "자연탐구",
        "readAge": "초등_고학년",
        "form": "short-form",
        "plotSummaryText": "불이 붙으면 열과 빛이 생기고, 이 현상을 연소라고 한다.",
        "textWordEA": 9
      }
    },
    {
      "srcTextID": "7862",
      "srcText": "곰이랑 다람쥐는 책을 끝까지 읽고는 고개를 갸웃거렸어. “불? 연소? 무서운 책은 아닌데.” 도대체 왜 소리를 지르며 달려 나간 거지? ",
      "srcPage": 5,
      "srcSentenceEA": 4,
      "srcWordEA": 22,
      "character": "곰,다람쥐,책,불,연소",
      "setting": null,
      "action": "읽고는,고개를 갸웃거렸어,소리를 지르며,달려 나간",
      "feeling": "무서운",
      "causalRelationship": null,
      "outcomeResolution": null,
      "prediction": null,
      "plotSummaryInfoCount": 1,
      "plotSummaryInfo": {
        "classification": "자연탐구",
        "readAge": "초등_고학년",
        "form": "long-form",
        "plotSummaryText": "불의 연소에 대한 책을 끝까지 읽고, 곰과 다람쥐는 무서운 책이 아닌데 친구들이 왜 소리 지르며 달려 나갔는지 궁금했다.",
        "textWordEA": 18
      }
    },
    {
      "srcTextID": "7866",
      "srcText": "혹시 너구리, 토끼, 오리에게 무슨 일이 생긴 건 아닐까? 곰이랑 다람쥐는 도서관에서 책을 빌려 나왔어. 곰이랑 다람쥐는 너구리 집으로 찾아갔어.",
      "srcPage": 6,
      "srcSentenceEA": 3,
      "srcWordEA": 22,
      "character": "너구리,토끼,오리,곰,다람쥐,책",
      "setting": "도서관,너구리 집",
      "action": "일이 생긴,책을 빌려,나왔어,찾아갔어",
      "feeling": null,
      "causalRelationship": null,
      "outcomeResolution": null,
      "prediction": null,
      "plotSummaryInfoCount": 1,
      "plotSummaryInfo": {
        "classification": "자연탐구",
        "readAge": "초등_고학년",
        "form": "short-form",
        "plotSummaryText": "무슨 일이 생겼을까 걱정되어 곰과 다람쥐는 책을 빌려 너구리의 집으로 찾아갔다.",
        "textWordEA": 11
      }
    },
    {
      "srcTextID": "7865",
      "srcText": "집 안으로 들어갔지만 너구리는 보이지 않았어. “너구리야, 어디에 있어?” “난 욕실에 있어.” ",
      "srcPage": 8,
      "srcSentenceEA": 3,
      "srcWordEA": 12,
      "character": "너구리",
      "setting": "집 안",
      "action": "들어갔지만,보이지 않았어",
      "feeling": null,
      "causalRelationship": null,
      "outcomeResolution": null,
      "prediction": null,
      "plotSummaryInfoCount": 1,
      "plotSummaryInfo": {
        "classification": "자연탐구",
        "readAge": "초등_고학년",
        "form": "short-form",
        "plotSummaryText": "집 안으로 들어가 보이지 않는 너구리를 불렀고, 너구리는 욕실에 있다고 대답했다.",
        "textWordEA": 11
      }
    },
    {
      "srcTextID": "7868",
      "srcText": "거기는 위험해, 얼른! 너구리의 말에 곰이랑 다람쥐는 어리둥절했어. “그게 무슨 소리야? 뭐가 위험해?”",
      "srcPage": 10,
      "srcSentenceEA": 4,
      "srcWordEA": 15,
      "character": "너구리,곰,다람쥐",
      "setting": "거기",
      "action": "위험해",
      "feeling": "어리둥절했어",
      "causalRelationship": null,
      "outcomeResolution": null,
      "prediction": null,
      "plotSummaryInfoCount": 1,
      "plotSummaryInfo": {
        "classification": "자연탐구",
        "readAge": "초등_고학년",
        "form": "long-form",
        "plotSummaryText": "거기는 위험하다는 너구리의 말에 곰과 다람쥐는 어리둥절했다.",
        "textWordEA": 7
      }
    },
    {
      "srcTextID": "7873",
      "srcText": "너구리의 말에 곰이랑 다람쥐는 기가 막혔지. 곰이랑 다람쥐는 토끼집으로 찾아갔어. 토끼집 문도 열려 있었어.",
      "srcPage": 14,
      "srcSentenceEA": 3,
      "srcWordEA": 16,
      "character": "너구리,곰,다람쥐,문",
      "setting": "토끼 집",
      "action": "찾아갔어",
      "feeling": "기가 막혔지",
      "causalRelationship": null,
      "outcomeResolution": null,
      "prediction": null,
      "plotSummaryInfoCount": 1,
      "plotSummaryInfo": {
        "classification": "자연탐구",
        "readAge": "초등_고학년",
        "form": "short-form",
        "plotSummaryText": "너구리의 말에 기가 막힌 곰과 다람쥐는 토끼집으로 갔고 토끼집 문도 열려 있었다.",
        "textWordEA": 12
      }
    },
    {
      "srcTextID": "7879",
      "srcText": "집 안으로 들어간 곰이랑 다람쥐는 깜짝 놀랐어. 소름이 돋을 정도로 온도가 낮았거든. “집이 왜 이렇게 추워?”",
      "srcPage": 21,
      "srcSentenceEA": 3,
      "srcWordEA": 17,
      "character": "곰,다람쥐",
      "setting": "집 안,집",
      "action": "들어간",
      "feeling": "놀랐어,추워",
      "causalRelationship": "집 안으로 들어간 곰이랑 다람쥐는 깜짝 놀랐어. 소름이 돋을 정도로 온도가 낮았거든.",
      "outcomeResolution": null,
      "prediction": null,
      "plotSummaryInfoCount": 1,
      "plotSummaryInfo": {
        "classification": "자연탐구",
        "readAge": "초등_고학년",
        "form": "short-form",
        "plotSummaryText": "집 안은 온도가 너무 낮아 곰과 다람쥐는 깜짝 놀라 왜 이렇게 추운지 물었다.",
        "textWordEA": 13
      }
    },
    {
      "srcTextID": "7884",
      "srcText": "곰이랑 다람쥐는 집 안에 꼭꼭 숨어 있는 너구리, 토끼, 오리를 가까스로 한자리에 불러 모았어. “얘들아, 걱정하지 마. 그렇게 쉽게 불이 붙는 게 아니야.”",
      "srcPage": 25,
      "srcSentenceEA": 3,
      "srcWordEA": 24,
      "character": "곰,다람쥐,너구리,토끼,오리,불",
      "setting": "집 안,한자리",
      "action": "숨어 있는,불러,모았어",
      "feeling": null,
      "causalRelationship": null,
      "outcomeResolution": null,
      "prediction": null,
      "plotSummaryInfoCount": 1,
      "plotSummaryInfo": {
        "classification": "자연탐구",
        "readAge": "초등_고학년",
        "form": "short-form",
        "plotSummaryText": "곰과 다람쥐는 너구리, 토끼, 오리를 한 자리에 불러 불은 쉽게 붙지 않는다고 걱정하지 말라고 말했다.",
        "textWordEA": 15
      }
    },
    {
      "srcTextID": "7888",
      "srcText": "너구리, 토끼, 오리는 서로 자기 말이 옳다며 티격태격했어. 조용히 지켜보던 곰이 입을 열었지. “너희들, 책을 끝까지 다 본 것 맞아?”",
      "srcPage": 28,
      "srcSentenceEA": 3,
      "srcWordEA": 21,
      "character": "너구리,토끼,오리,곰,책",
      "setting": null,
      "action": "티격태격했어,지켜보던,입을 열었지,본 것",
      "feeling": null,
      "causalRelationship": null,
      "outcomeResolution": null,
      "prediction": "너희들,책을 끝까지 다 본 것 맞아?",
      "plotSummaryInfoCount": 1,
      "plotSummaryInfo": {
        "classification": "자연탐구",
        "readAge": "초등_고학년",
        "form": "short-form",
        "plotSummaryText": "서로의 말이 옳다며 티격태격하는 너구리, 토끼, 오리를 보던 곰은 책을 끝까지 읽었는지 물었다.",
        "textWordEA": 13
      }
    },
    {
      "srcTextID": "7886",
      "srcText": "“불이 붙기 위해서는 너희가 말한 세 가지가 모두 필요해. 산소, 불에 타는 물질, 불이 붙어 타기 시작하는 온도를 갖추어야 하지. 이 가운데 하나라도 없으면 불이 붙지 않는다고.” ",
      "srcPage": 30,
      "srcSentenceEA": 3,
      "srcWordEA": 29,
      "character": "불,물질",
      "setting": null,
      "action": "붙기,필요해,타는,붙어,없으면",
      "feeling": null,
      "causalRelationship": null,
      "outcomeResolution": "불이 붙기 위해서는 너희가 말한 세 가지가 모두 필요해.",
      "prediction": null,
      "plotSummaryInfoCount": 1,
      "plotSummaryInfo": {
        "classification": "자연탐구",
        "readAge": "초등_고학년",
        "form": "short-form",
        "plotSummaryText": "불이 붙으려면 산소, 물질, 온도를 이 세 가지가 모두 필요하고, 하나라도 없으면 불이 붙지 않는다고 말했다.",
        "textWordEA": 16
      }
    },
    {
      "srcTextID": "7891",
      "srcText": "곰의 말에 너구리, 토끼, 오리는 깜짝 놀랐어. “에잇, 거짓말!” “아니야, 내 말이 맞다고.” 친구들은 또 자기 말이 옳다며 한바탕 소란을 피웠지. ",
      "srcPage": 31,
      "srcSentenceEA": 4,
      "srcWordEA": 22,
      "character": "곰,너구리,토끼,오리,친구들",
      "setting": null,
      "action": "소란을 피웠지,놀랐지만",
      "feeling": null,
      "causalRelationship": null,
      "outcomeResolution": null,
      "prediction": "친구들은 또 자기 말이 옳다며 한바탕 소란을 피웠지.",
      "plotSummaryInfoCount": 1,
      "plotSummaryInfo": {
        "classification": "자연탐구",
        "readAge": "초등_고학년",
        "form": "long-form",
        "plotSummaryText": "곰의 말에 너구리, 토끼, 오리는 놀랐지만, 친구들은 서로의 말이 옳다며 소란을 피우기 시작했다.",
        "textWordEA": 13
      }
    },
    {
      "srcTextID": "7889",
      "srcText": " “자, 이 책을 다시 천천히 읽어 봐. 불이 어떻게 붙는지 자세하게 나와 있으니까.” 친구들은 곰이 건네준 책을 찬찬히 읽고 그제야 얼굴을 붉혔어. ",
      "srcPage": 32,
      "srcSentenceEA": 3,
      "srcWordEA": 24,
      "character": "책,불,친구들,곰",
      "setting": null,
      "action": "읽어 봐,붙는지,나와 있으니까,건네준,읽고,얼굴을 붉혔어",
      "feeling": null,
      "causalRelationship": null,
      "outcomeResolution": "친구들은 곰이 건네준 책을 찬찬히 읽고 그제야 얼굴을 붉혔어.",
      "prediction": null,
      "plotSummaryInfoCount": 1,
      "plotSummaryInfo": {
        "classification": "자연탐구",
        "readAge": "초등_고학년",
        "form": "short-form",
        "plotSummaryText": "곰은 책을 천천히 다시 읽어보라 말했고, 친구들은 책을 다시 읽은 뒤 얼굴을 붉혔다.",
        "textWordEA": 13
      }
    },
    {
      "srcTextID": "7892",
      "srcText": "곰이 씨익 웃으며 말했어. “이제는 불이 어떻게 붙는지 확실하게 알았지?” 다음 날 동물들은 다 같이 도서관에 갔어. 사이좋게 책을 읽던 너구리, 토끼, 오리는 또다시 소리를 지르며 달려 나갔어. 이번에는 또 무슨 책을 읽은 걸까?",
      "srcPage": 34,
      "srcSentenceEA": 5,
      "srcWordEA": 37,
      "character": "곰,불,동물들,책,너구리,토끼,오리",
      "setting": "도서관",
      "action": "웃으며,말했어,붙는지,알았지,소리를 지르며,달려 나갔어",
      "feeling": null,
      "causalRelationship": null,
      "outcomeResolution": null,
      "prediction": "이번에는 또 무슨 책을 읽은 걸까?",
      "plotSummaryInfoCount": 1,
      "plotSummaryInfo": {
        "classification": "자연탐구",
        "readAge": "초등_고학년",
        "form": "long-form",
        "plotSummaryText": "곰이 웃으며 불이 어떻게 붙는지 확실히 알았느냐고 물었고, 다음날 친구들은 함께 도서관에 갔지만 무슨 책을 읽었는지 또다시 소리를 지르며 달려 나갔다.",
        "textWordEA": 21
      }
    },
    {
      "srcTextID": "7863",
      "srcText": "그리고 며칠 동안 너구리, 토끼, 오리를 볼 수 없었지. 곰이랑 다람쥐는 너구리, 토끼, 오리가 걱정되었어. “이 책을 읽다가 소리를 지르며 달려 나갔어.”",
      "srcPage": 2,
      "srcSentenceEA": 3,
      "srcWordEA": 23,
      "character": "너구리,토끼,오리,곰,다람쥐",
      "setting": "며칠 동안",
      "action": "볼 수 없었지,책을 읽다가,소리를 지르며,달려 나갔어",
      "feeling": "걱정되었어",
      "causalRelationship": null,
      "outcomeResolution": null,
      "prediction": "이 책을 읽다가 소리를 지르며 달려 나갔어.",
      "plotSummaryInfoCount": 1,
      "plotSummaryInfo": {
        "classification": "자연탐구",
        "readAge": "초등_고학년",
        "form": "short-form",
        "plotSummaryText": "며칠 동안 너구리, 토끼, 오리를 볼 수 없어 곰과 다람쥐는 걱정이 되었고, 책 때문이라고 생각했다.",
        "textWordEA": 15
      }
    },
    {
      "srcTextID": "7860",
      "srcText": " “엄청나게 무서운 책인가 봐.” 곰이랑 다람쥐는 조심스레 책을 펼치고 읽기 시작했어. 화르르 활활 타는 불!",
      "srcPage": 3,
      "srcSentenceEA": 3,
      "srcWordEA": 17,
      "character": "곰,다람쥐,책,불",
      "setting": null,
      "action": "책을 펼치고,읽기 시작했어",
      "feeling": "무서운",
      "causalRelationship": null,
      "outcomeResolution": null,
      "prediction": "화르르 활활 타는 불!",
      "plotSummaryInfoCount": 1,
      "plotSummaryInfo": {
        "classification": "자연탐구",
        "readAge": "초등_고학년",
        "form": "short-form",
        "plotSummaryText": "책을 보기 무서웠지만 곰과 다람쥐는 책을 읽기 시작했고, 불이 활활 타오른다.",
        "textWordEA": 11
      }
    },
    {
      "srcTextID": "7864",
      "srcText": "너구리 집 문이 활짝 열려 있었지. “너구리야, 집에 있어?” 집 밖에서 곰이랑 다람쥐가 너구리를 부르자 집 안에서 너구리의 목소리가 들려왔어.",
      "srcPage": 7,
      "srcSentenceEA": 3,
      "srcWordEA": 21,
      "character": "문,너구리,곰,다람쥐",
      "setting": "너구리 집,집 밖,집 안",
      "action": "부르자,들려왔어",
      "feeling": null,
      "causalRelationship": null,
      "outcomeResolution": null,
      "prediction": null,
      "plotSummaryInfoCount": 1,
      "plotSummaryInfo": {
        "classification": "자연탐구",
        "readAge": "초등_고학년",
        "form": "short-form",
        "plotSummaryText": "곰과 다람쥐가 집 밖에서 너구리를 부르자 집안에서 너구리의 목소리가 들렸다.",
        "textWordEA": 10
      }
    },
    {
      "srcTextID": "7869",
      "srcText": "곰이랑 다람쥐는 욕실로 갔어. 욕실 문을 열었더니 너구리가 물이 가득 든 욕조에 들어가 있지 뭐야. 너희도 얼른 들어와.",
      "srcPage": 9,
      "srcSentenceEA": 3,
      "srcWordEA": 20,
      "character": "곰,다람쥐,욕실 문,너구리",
      "setting": "욕실,욕조",
      "action": "갔어,열었더니,들어가 있지",
      "feeling": null,
      "causalRelationship": null,
      "outcomeResolution": "욕실 문을 열었더니 너구리가 물이 가득 든 욕조에 들어가 있지 뭐야.",
      "prediction": null,
      "plotSummaryInfoCount": 1,
      "plotSummaryInfo": {
        "classification": "자연탐구",
        "readAge": "초등_고학년",
        "form": "short-form",
        "plotSummaryText": "곰과 다람쥐가 욕실로 갔더니 물이 가득 든 욕조 안에 들어가 있던 너구리는 곰과 다람쥐에게 들어오라고 말했다.",
        "textWordEA": 16
      }
    },
    {
      "srcTextID": "7872",
      "srcText": "“너희도 얼른 들어와. 거기는 위험해!” 곰이 책을 보여 주며 물었어. “너도 이 책을 보고 그러는 거야?”",
      "srcPage": 16,
      "srcSentenceEA": 4,
      "srcWordEA": 18,
      "character": "곰,책",
      "setting": "거기",
      "action": "들어와,위험해,보여 주며,물었어,보고",
      "feeling": null,
      "causalRelationship": null,
      "outcomeResolution": null,
      "prediction": null,
      "plotSummaryInfoCount": 1,
      "plotSummaryInfo": {
        "classification": "자연탐구",
        "readAge": "초등_고학년",
        "form": "long-form",
        "plotSummaryText": "토끼가 위험하다며 들어오라고 말하자, 곰이 이 책 때문이냐고 물었다.",
        "textWordEA": 9
      }
    },
    {
      "srcTextID": "7876",
      "srcText": "토끼가 고개를 끄덕이며 말했어. “당연하지.” “그런데 왜 돌 더미 속에 들어간 거야?” 책을 읽었으면 알 텐데.",
      "srcPage": 17,
      "srcSentenceEA": 3,
      "srcWordEA": 17,
      "character": "토끼,돌 더미 속,책",
      "setting": null,
      "action": "끄덕이며,말했어,읽었으면",
      "feeling": null,
      "causalRelationship": null,
      "outcomeResolution": null,
      "prediction": "책을 읽었으면 돌 더미에 들어갔을까?",
      "plotSummaryInfoCount": 1,
      "plotSummaryInfo": {
        "classification": "자연탐구",
        "readAge": "초등_고학년",
        "form": "short-form",
        "plotSummaryText": "토끼가 끄덕이며 당연하다고 말하자 왜 돌 더미 속에 들어갔느냐고 물었다. ",
        "textWordEA": 10
      }
    },
    {
      "srcTextID": "7880",
      "srcText": "“너희도 그 책을 봤구나. 그럼 내가 왜 이러는지 알겠네.” 곰이랑 다람쥐는 어깨를 으쓱하며 잘 모르겠다는 표정을 지었지.",
      "srcPage": 23,
      "srcSentenceEA": 3,
      "srcWordEA": 19,
      "character": "책,곰,다람쥐",
      "setting": null,
      "action": "봤구나,알겠네,어깨를 으쓱하며,표정을 지었지",
      "feeling": "잘 모르겠다",
      "causalRelationship": null,
      "outcomeResolution": null,
      "prediction": null,
      "plotSummaryInfoCount": 1,
      "plotSummaryInfo": {
        "classification": "자연탐구",
        "readAge": "초등_고학년",
        "form": "short-form",
        "plotSummaryText": "오리가 책을 봤으면 왜 이러는지 알 거라고 말하자 곰과 다람쥐는 잘 모르겠다는 표정을 지었다.",
        "textWordEA": 14
      }
    },
    {
      "srcTextID": "7867",
      "srcText": "“그, 그 책에 다 나와 있잖아.” 너구리는 다람쥐가 들고 있는 책을 가리키며 말했어. “이 책? 우리도 책을 읽어 봤는데 뭐가 나와 있다는 거야?”",
      "srcPage": 11,
      "srcSentenceEA": 4,
      "srcWordEA": 25,
      "character": "책",
      "setting": "너구리,다람쥐",
      "action": "들고 있는,가리키며,말했어",
      "feeling": null,
      "causalRelationship": null,
      "outcomeResolution": null,
      "prediction": null,
      "plotSummaryInfoCount": 1,
      "plotSummaryInfo": {
        "classification": "자연탐구",
        "readAge": "초등_고학년",
        "form": "long-form",
        "plotSummaryText": "너구리는 그 책에 나와 있다고 책을 가리키며 말했고, 친구들은 뭐가 나와 있는지 물었다.",
        "textWordEA": 13
      }
    },
    {
      "srcTextID": "7871",
      "srcText": "너구리가 답답해하며 말했어. “그럼 불이 붙으려면 산소가 있어야 한다는 건 알겠네.” 여전히 알쏭해하는 곰이랑 다람쥐를 보면서 너구리는 무척 답답하다는 듯 가슴을 치며 말을 이었어.",
      "srcPage": 12,
      "srcSentenceEA": 3,
      "srcWordEA": 25,
      "character": "너구리,불,곰,다람쥐",
      "setting": null,
      "action": "말했어,보면서,가슴을 치며,말을 이었어",
      "feeling": "답답해하며,알쏭해하는,답답하다는 듯",
      "causalRelationship": null,
      "outcomeResolution": null,
      "prediction": null,
      "plotSummaryInfoCount": 1,
      "plotSummaryInfo": {
        "classification": "자연탐구",
        "readAge": "초등_고학년",
        "form": "short-form",
        "plotSummaryText": "너구리가 곰과 다람쥐에게 불이 붙으려면 산소가 있어야 한다는 걸 알 거라며 무척 답답해하며 말했다. ",
        "textWordEA": 14
      }
    },
    {
      "srcTextID": "7870",
      "srcText": "“어휴, 답답해. 공기 중에 산소가 있잖아. 그건 공기가 있으면 불이 붙을 수 있다는 뜻 아니겠어? 그러니까 얼른 공기가 없는 물속으로 들어오라고.” ",
      "srcPage": 13,
      "srcSentenceEA": 4,
      "srcWordEA": 24,
      "character": "불",
      "setting": "물속",
      "action": "들어오라고",
      "feeling": "답답해",
      "causalRelationship": null,
      "outcomeResolution": null,
      "prediction": null,
      "plotSummaryInfoCount": 1,
      "plotSummaryInfo": {
        "classification": "자연탐구",
        "readAge": "초등_고학년",
        "form": "long-form",
        "plotSummaryText": "공기 중에 산소가 있으면 불이 붙을 수 있으니, 공기가 없는 물속으로 들어오라 했다.",
        "textWordEA": 13
      }
    },
    {
      "srcTextID": "7874",
      "srcText": "집 안으로 들어갔더니 돌 더미가 쌓여 있고, 그 안에 토끼가 들어가 있지 뭐야. “앗, 이 돌 더미는 뭐야?” 곰이랑 다람쥐를 본 토끼가 소리쳤어. ",
      "srcPage": 15,
      "srcSentenceEA": 3,
      "srcWordEA": 24,
      "character": "돌 더미,토끼,곰,다람쥐",
      "setting": "집 안",
      "action": "들어갔더니,쌓여 있고,들어가,본,소리쳤어",
      "feeling": null,
      "causalRelationship": null,
      "outcomeResolution": null,
      "prediction": null,
      "plotSummaryInfoCount": 1,
      "plotSummaryInfo": {
        "classification": "자연탐구",
        "readAge": "초등_고학년",
        "form": "short-form",
        "plotSummaryText": "집 안에는 돌 더미가 쌓여 있었고, 그 안에 토끼가 들어가 있었는데 곰과 다람쥐는 돌덩이가 뭔지 물었다.",
        "textWordEA": 16
      }
    },
    {
      "srcTextID": "7875",
      "srcText": "집 안을 둘러봐. 온통 불이 붙는 물건들밖에 없잖아. 하지만 돌은 불이 붙지 않아.",
      "srcPage": 18,
      "srcSentenceEA": 3,
      "srcWordEA": 15,
      "character": "불,물건들,돌",
      "setting": "집 안",
      "action": "둘러봐,없잖아,붙지 않아",
      "feeling": null,
      "causalRelationship": null,
      "outcomeResolution": "집 안을 둘러봐. 온통 불이 붙는 물건들밖에 없잖아.",
      "prediction": null,
      "plotSummaryInfoCount": 1,
      "plotSummaryInfo": {
        "classification": "자연탐구",
        "readAge": "초등_고학년",
        "form": "short-form",
        "plotSummaryText": "집 안에 불이 붙을 물건이 많지만, 돌은 불붙지 않는다고 말했다.",
        "textWordEA": 10
      }
    },
    {
      "srcTextID": "7887",
      "srcText": "곰이 묻자 떠들썩하던 동물들이 모두 입을 다물었어. “너희들 말이 모두 맞아. 그런데.” 눈이 동그래진 친구들은 곰이 말을 잇기를 기다렸어.",
      "srcPage": 29,
      "srcSentenceEA": 4,
      "srcWordEA": 21,
      "character": "곰,동물들,친구들",
      "setting": null,
      "action": "입을 다물었어,눈이 동그래진,말을 잇기,기다렸어",
      "feeling": null,
      "causalRelationship": null,
      "outcomeResolution": null,
      "prediction": "곰이 묻자 떠들썩하던 동물들이 모두 입을 다물었어.",
      "plotSummaryInfoCount": 1,
      "plotSummaryInfo": {
        "classification": "자연탐구",
        "readAge": "초등_고학년",
        "form": "long-form",
        "plotSummaryText": "곰의 물음에 동물들은 입을 다물었고, 친구들은 곰이 말을 잇기를 기다렸다.",
        "textWordEA": 10
      }
    },
    {
      "srcTextID": "7877",
      "srcText": "그러니까 돌에 둘러싸여 있으면 안전해. 곰이랑 다람쥐는 고개를 절레절레 저었어. 곰이랑 다람쥐는 오리 집으로 찾아갔어. ",
      "srcPage": 19,
      "srcSentenceEA": 3,
      "srcWordEA": 17,
      "character": "돌,곰,다람쥐",
      "setting": "오리 집",
      "action": "둘러싸여 있으면,안전해,저었어,찾아갔어",
      "feeling": null,
      "causalRelationship": null,
      "outcomeResolution": null,
      "prediction": null,
      "plotSummaryInfoCount": 1,
      "plotSummaryInfo": {
        "classification": "자연탐구",
        "readAge": "초등_고학년",
        "form": "short-form",
        "plotSummaryText": "돌에 둘러싸여 있으면 안전하다고 말하자, 곰과 다람쥐는 고개를 젓고 오리 집으로 찾아갔다.",
        "textWordEA": 12
      }
    },
    {
      "srcTextID": "7878",
      "srcText": "오리 집 문과 창문은 꽁꽁 닫혀 있었지. 곰이랑 다람쥐가 오리를 부르자 오리가 문을 열어 주었어. “얼른 들어와. 밖은 너무 위험해!” ",
      "srcPage": 20,
      "srcSentenceEA": 4,
      "srcWordEA": 22,
      "character": "문,창문,곰,다람쥐,오리",
      "setting": "오리 집",
      "action": "부르자,열어 주었어,위험해",
      "feeling": null,
      "causalRelationship": null,
      "outcomeResolution": "곰이랑 다람쥐가 오리를 부르자 오리가 문을 열어 주었어.",
      "prediction": null,
      "plotSummaryInfoCount": 1,
      "plotSummaryInfo": {
        "classification": "자연탐구",
        "readAge": "초등_고학년",
        "form": "long-form",
        "plotSummaryText": "오리의 집은 문과 창문이 닫혀 있었고, 곰과 다람쥐가 오리를 부르자 문을 열어 주며 밖은 너무 위험하니 얼른 들어오라고 했다.",
        "textWordEA": 19
      }
    },
    {
      "srcTextID": "7882",
      "srcText": "“이렇게 해야 안전해.” “너도 이 책을 보고 그러는 거야?” 오리는 화들짝 놀라며 말했어. ",
      "srcPage": 22,
      "srcSentenceEA": 3,
      "srcWordEA": 14,
      "character": "책,오리",
      "setting": null,
      "action": "보고,말했어",
      "feeling": "화들짝 놀라며",
      "causalRelationship": null,
      "outcomeResolution": null,
      "prediction": null,
      "plotSummaryInfoCount": 1,
      "plotSummaryInfo": {
        "classification": "자연탐구",
        "readAge": "초등_고학년",
        "form": "short-form",
        "plotSummaryText": "이렇게 해야 안전하다는 오리의 말에 책을 보여주자, 오리는 화들짝 놀라며 말했다.",
        "textWordEA": 11
      }
    },
    {
      "srcTextID": "7881",
      "srcText": "“온도가 올라가면 불이 붙는다잖아. 그러니까 추운 곳에 있으면 불이 붙지 않을 거야. 추운 북극으로 아예 이사를 갈까 생각하고 있어.”",
      "srcPage": 24,
      "srcSentenceEA": 3,
      "srcWordEA": 21,
      "character": "불",
      "setting": "추운 곳,북극",
      "action": "올라가면,붙는다잖아,있으면,이사를 갈까",
      "feeling": null,
      "causalRelationship": null,
      "outcomeResolution": "그러니까 추운 곳에 있으면 불이 붙지 않을 거야.",
      "prediction": null,
      "plotSummaryInfoCount": 1,
      "plotSummaryInfo": {
        "classification": "자연탐구",
        "readAge": "초등_고학년",
        "form": "short-form",
        "plotSummaryText": "온도가 오르면 불이 붙으니 추운 곳이 안전하다며 북극으로 이사를 가려고 한다고 말했다. ",
        "textWordEA": 12
      }
    },
    {
      "srcTextID": "7885",
      "srcText": "너구리, 토끼, 오리는 다람쥐의 말을 믿지 못했어. “산소가 있으면 불이 붙는다고 책에 나와 있었어!” 너구리가 말하자 토끼가 고개를 갸웃거렸어.",
      "srcPage": 26,
      "srcSentenceEA": 3,
      "srcWordEA": 20,
      "character": "너구리,토끼,오리,다람쥐,불,책",
      "setting": null,
      "action": "믿지 못했어,있으면,붙는다,있었어,말하자,갸웃거렸어",
      "feeling": null,
      "causalRelationship": null,
      "outcomeResolution": null,
      "prediction": "너구리가 말하자 토끼가 고개를 갸웃거렸어.",
      "plotSummaryInfoCount": 1,
      "plotSummaryInfo": {
        "classification": "자연탐구",
        "readAge": "초등_고학년",
        "form": "short-form",
        "plotSummaryText": "너구리, 토끼, 오리는 다람쥐의 말을 믿지 못했고, 산소가 있으면 불이 붙는다며 너구리가 말하자 토끼가 고개를 갸웃거렸다.",
        "textWordEA": 16
      }
    },
    {
      "srcTextID": "7883",
      "srcText": "“어, 이상하다? 불이 붙는 물질이 있으면 불이 난다고 했는데?” “아니야, 높은 온도에서 불이 붙는다고 했어. 내 말이 맞아!”",
      "srcPage": 27,
      "srcSentenceEA": 4,
      "srcWordEA": 20,
      "character": "새,눈,깃털",
      "setting": null,
      "action": "술렁거리기 시작했어요,눈을 못 뜰 지경이야",
      "feeling": "예쁠까",
      "causalRelationship": null,
      "outcomeResolution": null,
      "prediction": null,
      "plotSummaryInfoCount": 1,
      "plotSummaryInfo": {
        "classification": "자연탐구",
        "readAge": "초등_고학년",
        "form": "long-form",
        "plotSummaryText": "불이 붙는 물질이 있으면 불이 난다고 말하자, 아니라며 높은 온도가 있어야 불이 붙는다고 말했다. ",
        "textWordEA": 14
      }
    },
    {
      "srcTextID": "7890",
      "srcText": "“미안해, 책을 끝까지 안 읽었어.” “나도, 난 산소만 있으면 불이 붙는 줄 알고.” “나도 미처 몰랐어.”",
      "srcPage": 33,
      "srcSentenceEA": 3,
      "srcWordEA": 16,
      "character": "책,불",
      "setting": null,
      "action": "안 읽었어,있으면,붙는,몰랐어",
      "feeling": "미안해",
      "causalRelationship": null,
      "outcomeResolution": null,
      "prediction": null,
      "plotSummaryInfoCount": 1,
      "plotSummaryInfo": {
        "classification": "자연탐구",
        "readAge": "초등_고학년",
        "form": "short-form",
        "plotSummaryText": "책을 끝까지 안 읽어서 몰랐다며 서로 미안하다고 말했다.",
        "textWordEA": 8
      }
    }
  ]
}