{
  "title": "아기 해마들의 행복 케이크",
  "author": "안미연",
  "illustrator": "조수진",
  "isbn": "9791165433574",
  "publishedYear": 2021,
  "publisher": "아람키즈",
  "paragraphInfoCount": 16,
  "paragraphInfo": [
    {
      "srcTextID": "5476",
      "srcText": "이른 새벽, 문어 아저씨는 바다 마을에서 가장 일찍 일어났어요. “오늘도 맛있는 빵이랑 과자를 만들어야지!” 문어 아저씨는 빵집으로 씽씽 달려갔지요.",
      "srcPage": 1,
      "srcSentenceEA": 3,
      "srcWordEA": 20,
      "character": "문어 아저씨,빵,과자",
      "setting": "이른 새벽,바다 마을,빵집",
      "action": "일어났어요,만들어야지",
      "feeling": null,
      "causalRelationship": null,
      "outcomeResolution": null,
      "prediction": "문어 아저씨는 빵집으로 씽씽 달려갔지요.",
      "plotSummaryInfoCount": 1,
      "plotSummaryInfo": {
        "classification": "자연탐구",
        "readAge": "초등_고학년",
        "form": "short-form",
        "plotSummaryText": "이른 새벽 가장 일찍 일어난 바다 마을의 문어 아저씨는 빵과 과자를 만들기 위해 빵집으로 달려갔습니다.",
        "textWordEA": 15
      }
    },
    {
      "srcTextID": "5481",
      "srcText": "딸랑딸랑! 첫 번째 손님은 고래 아줌마였어요. “고소한 빵 냄새가 잠꾸러기 우리 아이들을 깨웠네요. 빵이 먹고 싶다고 난리예요.” 문어 아저씨는 활짝 웃으며 정성껏 빵을 담아 주었어요.",
      "srcPage": 4,
      "srcSentenceEA": 4,
      "srcWordEA": 28,
      "character": "손님,고래 아줌마,문어 아저씨,우리 아이들,빵",
      "setting": null,
      "action": null,
      "feeling": "활짝 웃으며",
      "causalRelationship": "고소한 빵 냄새가 잠꾸러기 우리 아이들을 깨웠네요.",
      "outcomeResolution": "문어 아저씨는 활짝 웃으며 정성껏 빵을 담아 주었어요.",
      "prediction": null,
      "plotSummaryInfoCount": 1,
      "plotSummaryInfo": {
        "classification": "자연탐구",
        "readAge": "초등_고학년",
        "form": "long-form",
        "plotSummaryText": "첫 번째 손님 고래 아줌마는 아이들이 빵을 먹고 싶어 한다고 말했고, 문어 아저씨는 활짝 웃으며 빵을 담아주었습니다.",
        "textWordEA": 17
      }
    },
    {
      "srcTextID": "5484",
      "srcText": "“딸기와 선물을 모두 준비했어요. 어서 같이 가요. 아이들이 기다리겠어요.” “와! 오신다, 오셔!” 문어 아저씨의 흰 모자가 보이자, 아기 해마들은 폴짝폴짝 뛰었어요.",
      "srcPage": 6,
      "srcSentenceEA": 5,
      "srcWordEA": 25,
      "character": "딸기,선물,아이들,문어 아저씨,아기 해마들",
      "setting": null,
      "action": "준비했어요,기다리겠어요,뛰었어요",
      "feeling": null,
      "causalRelationship": "문어 아저씨의 흰 모자가 보이자 아기 해마들은 폴짝폴짝 뛰었어요.",
      "outcomeResolution": "어서 같이 가요.",
      "prediction": null,
      "plotSummaryInfoCount": 1,
      "plotSummaryInfo": {
        "classification": "자연탐구",
        "readAge": "초등_고학년",
        "form": "long-form",
        "plotSummaryText": "문어 아줌마는 딸기와 선물을 준비했다며 어서 가자고 말했고, 문어 아저씨가 오는 것을 보고 아기 해마들은 폴짝폴짝 뛰었습니다.",
        "textWordEA": 17
      }
    },
    {
      "srcTextID": "5486",
      "srcText": "아기 해마 열 쌍둥이는 엄마 아빠가 없었어요. 그래서 문어 아저씨와 아줌마가 아기 해마들의 생일날, 케이크를 같이 만들기로 한 거였어요. 문어 아저씨는 아기 해마들에게 크림 만드는 방법을 알려 주었어요.",
      "srcPage": 7,
      "srcSentenceEA": 3,
      "srcWordEA": 30,
      "character": "아기 해마,엄마,아빠,문어 아저씨,아줌마",
      "setting": null,
      "action": null,
      "feeling": null,
      "causalRelationship": "아기 해마 열 쌍둥이는 엄마 아빠가 없었어요,그래서 문어 아저씨와 아줌마가 아기 해마들의 생일날,케이크를 같이 만들기로 한 거였어요.",
      "outcomeResolution": "그래서 문어 아저씨와 아줌마가 아기 해마들의 생일날,케이크를 같이 만들기로 한 거였어요.",
      "prediction": null,
      "plotSummaryInfoCount": 1,
      "plotSummaryInfo": {
        "classification": "자연탐구",
        "readAge": "초등_고학년",
        "form": "short-form",
        "plotSummaryText": "엄마 아빠가 없는 아기 해마 열 쌍둥이들을 위해 생일 케이크를 같이 만들기로 한 것으로, 문어 아저씨는 먼저 크림 만드는 방법을 알려주었습니다.",
        "textWordEA": 21
      }
    },
    {
      "srcTextID": "5488",
      "srcText": "고소한 케이크 냄새가 집 안 가득 솔솔 퍼졌지요. 문어 아저씨는 열 개의 작은 케이크를 만들었어요. 아기 해마들은 케이크에다가 요리조리 싹싹 크림을 발랐어요.",
      "srcPage": 9,
      "srcSentenceEA": 3,
      "srcWordEA": 24,
      "character": "케이크,문어 아저씨,아기 해마들",
      "setting": "집 안",
      "action": "만들었어요,발랐어요",
      "feeling": null,
      "causalRelationship": null,
      "outcomeResolution": null,
      "prediction": "아기 해마들은 케이크에다가 요리조리 싹싹 크림을 발랐어요.",
      "plotSummaryInfoCount": 1,
      "plotSummaryInfo": {
        "classification": "자연탐구",
        "readAge": "초등_고학년",
        "form": "short-form",
        "plotSummaryText": "문어 아저씨가 열 개의 작은 케이크를 만들자, 아기 해마들은 케이크에 크림을 발랐습니다.",
        "textWordEA": 12
      }
    },
    {
      "srcTextID": "5490",
      "srcText": "새하얀 크림 옷을 입으니 정말 먹음직스러워 보였지요. 문어 아저씨는 빨간 딸기와 초콜릿으로 멋지게 장식을 했어요. 예쁜 생일 초도 하나씩 꽂았어요. 우아, 맛있는 케이크다!",
      "srcPage": 10,
      "srcSentenceEA": 4,
      "srcWordEA": 26,
      "character": "문어 아저씨,크림,옷,딸기,초콜릿,초,케이크",
      "setting": null,
      "action": "장식을 했어요,꽂았어요",
      "feeling": null,
      "causalRelationship": null,
      "outcomeResolution": null,
      "prediction": null,
      "plotSummaryInfoCount": 1,
      "plotSummaryInfo": {
        "classification": "자연탐구",
        "readAge": "초등_고학년",
        "form": "long-form",
        "plotSummaryText": "케이크는 먹음직스러웠고, 문어 아저씨가 딸기와 초콜릿 장식을 한 후 생일 초를 꽂았습니다.",
        "textWordEA": 12
      }
    },
    {
      "srcTextID": "5482",
      "srcText": "출근하는 복어 아저씨는 샌드위치를 사 갔어요. 대구 할머니는 점심으로 먹을 바게트를 사 갔고요. 유치원에서 돌아온 아기 오징어는 동생과 먹을 간식으로 컵케이크를 샀어요. 그런데 문어 아저씨가 자꾸 시계를 보았어요. 약속이 있는 걸까요? 바로 그때, 문어 아줌마가 왔어요.",
      "srcPage": 5,
      "srcSentenceEA": 6,
      "srcWordEA": 41,
      "character": "문어 아저씨,문어 아줌마",
      "setting": null,
      "action": "보았어요,왔어요",
      "feeling": null,
      "causalRelationship": null,
      "outcomeResolution": null,
      "prediction": "문어 아저씨가 자꾸 시계를 보았어요.",
      "plotSummaryInfoCount": 1,
      "plotSummaryInfo": {
        "classification": "자연탐구",
        "readAge": "초등_고학년",
        "form": "long-form",
        "plotSummaryText": "문어 아저씨가 약속이 있는 것처럼 계속 시계를 보고 있을 때, 문어 아줌마가 왔습니다.",
        "textWordEA": 13
      }
    },
    {
      "srcTextID": "5489",
      "srcText": "막내 해마는 침을 꼴깍 삼켰어요. “언제 먹어요? 배고파요.” 문어 아줌마가 웃으며 말했어요. “선물은 풀어 보고 먹어야지.”",
      "srcPage": 11,
      "srcSentenceEA": 5,
      "srcWordEA": 18,
      "character": "막내 해마,문어 아줌마,선물",
      "setting": null,
      "action": "삼켰어요,말했어요",
      "feeling": "배고파요,웃으며",
      "causalRelationship": null,
      "outcomeResolution": null,
      "prediction": "선물은 풀어 보고 먹어야지.",
      "plotSummaryInfoCount": 1,
      "plotSummaryInfo": {
        "classification": "자연탐구",
        "readAge": "초등_고학년",
        "form": "long-form",
        "plotSummaryText": "막내 해마가 침을 삼키며 언제 먹냐고 묻자, 문어 아줌마는 웃으며 선물을 풀어보고 먹자고 합니다.",
        "textWordEA": 14
      }
    },
    {
      "srcTextID": "5492",
      "srcText": "“와, 최고다!” 문어 아줌마의 선물은 아기 해마들에게 꼭 맞는 제과 제빵사 모자였어요. “나도 크면 아저씨처럼 케이크를 만들 거예요.” “나도, 나도!” “하나, 둘, 셋! 후!”",
      "srcPage": 12,
      "srcSentenceEA": 6,
      "srcWordEA": 26,
      "character": "문어 아줌마,아기 해마들,아저씨,제빵사",
      "setting": null,
      "action": null,
      "feeling": "최고다",
      "causalRelationship": null,
      "outcomeResolution": null,
      "prediction": "나도 아저씨처럼 케이크를 만들 거예요.",
      "plotSummaryInfoCount": 1,
      "plotSummaryInfo": {
        "classification": "자연탐구",
        "readAge": "초등_고학년",
        "form": "long-form",
        "plotSummaryText": "문어 아줌마의 선물은 제과 제빵사 모자였고, 아기 해마들은 커서 아저씨처럼 케이크를 만들 거라 말한 후 초를 불었습니다.",
        "textWordEA": 17
      }
    },
    {
      "srcTextID": "5477",
      "srcText": "빵집에 도착한 문어 아저씨는 환하게 불을 켰어요. 아저씨는 손을 깨끗이 씻으며 조리 도구들에게 인사했지요. “다들 푹 잤니? 오늘도 잘 부탁한다!”",
      "srcPage": 2,
      "srcSentenceEA": 4,
      "srcWordEA": 22,
      "character": "문어 아저씨,손,조리 도구들",
      "setting": "빵집,오늘",
      "action": "불을 켰어요,손을 깨끗이 씻으며,인사했지요",
      "feeling": null,
      "causalRelationship": null,
      "outcomeResolution": null,
      "prediction": null,
      "plotSummaryInfoCount": 1,
      "plotSummaryInfo": {
        "classification": "자연탐구",
        "readAge": "초등_고학년",
        "form": "long-form",
        "plotSummaryText": "문어 아저씨는 빵집에 도착해 불을 켜고, 손을 깨끗이 씻고, 조리 도구들에게 잘 부탁한다며 인사했습니다.",
        "textWordEA": 14
      }
    },
    {
      "srcTextID": "5480",
      "srcText": "땡땡! 과자랑 빵이 다 구워졌어요. 달콤하고 고소한 냄새가 빵집 가득히 퍼졌어요. 과자랑 빵을 먹고 행복해할 바다 마을 동물들이 떠올라 아저씨의 얼굴에는 환한 미소가 번졌지요.",
      "srcPage": 3,
      "srcSentenceEA": 3,
      "srcWordEA": 27,
      "character": "과자,빵,아저씨,동물들",
      "setting": "빵집,바다 마을",
      "action": null,
      "feeling": "행복해할",
      "causalRelationship": "과자랑 빵을 먹고 행복해할 바다 마을 동물들이 떠올라 아저씨의 얼굴에는 환한 미소가 번졌지요.",
      "outcomeResolution": "과자랑 빵이 다 구워졌어요.",
      "prediction": null,
      "plotSummaryInfoCount": 1,
      "plotSummaryInfo": {
        "classification": "자연탐구",
        "readAge": "초등_고학년",
        "form": "short-form",
        "plotSummaryText": "고소한 냄새가 빵집 가득히 퍼졌고, 과자와 빵을 먹고 행복해할 바다 마을 동물들을 생각하며 아저씨는 환하게 미소 지었습니다.",
        "textWordEA": 17
      }
    },
    {
      "srcTextID": "5493",
      "srcText": "열 개의 촛불이 한 번에 꺼졌어요. 냠냠, 꿀꺽! 케이크는 정말 맛있었지요. 문어 아저씨는 케이크에 이름을 붙여 주었어요.",
      "srcPage": 13,
      "srcSentenceEA": 4,
      "srcWordEA": 20,
      "character": "촛불,케이크,문어 아저씨",
      "setting": null,
      "action": "붙여 주었어요",
      "feeling": "맛있었지요",
      "causalRelationship": null,
      "outcomeResolution": null,
      "prediction": null,
      "plotSummaryInfoCount": 1,
      "plotSummaryInfo": {
        "classification": "자연탐구",
        "readAge": "초등_고학년",
        "form": "long-form",
        "plotSummaryText": "케이크는 정말 맛있었고, 문어 아저씨는 케이크에 이름을 붙여 주었습니다.",
        "textWordEA": 9
      }
    },
    {
      "srcTextID": "128616",
      "srcText": "“과자를 만들어 볼까?” 쓱쓱, 버터와 설탕을 잘 섞고, 톡톡, 달걀을 풀어 넣었어요. 탁탁, 밀가루를 계량컵에 담아 체에 걸러 넣고 반죽을 했어요. 냉장고에 넣어 둔 반죽을 꺼내 밀대로 평평하게 펴고 틀로 찍어 예쁜 모양을 만들었어요.",
      "srcPage": 14,
      "srcSentenceEA": 4,
      "srcWordEA": 37,
      "character": "과자,버터,설탕,달걀,밀가루,계량컵,반죽,냉장고,밀대",
      "setting": null,
      "action": "잘 섞고,넣었어요,담아,했어요,펴고",
      "feeling": null,
      "causalRelationship": null,
      "outcomeResolution": null,
      "prediction": null,
      "plotSummaryInfoCount": 1,
      "plotSummaryInfo": {
        "classification": "자연탐구",
        "readAge": "초등_고학년",
        "form": "long-form",
        "plotSummaryText": "버터와 설탕을 넣고, 달걀을 풀어 밀가루를 계량컵에 담아 반죽을 했고, 반죽은 밀대로 평평하게 밀어 틀로 찍어 예쁜 모양을 만들었습니다.",
        "textWordEA": 19
      }
    },
    {
      "srcTextID": "128617",
      "srcText": "“식빵도 만들어야지.” 휙휙, 우유에 소금과 설탕을 넣고 섞었어요. 착착, 밀가루와 이스트, 버터를 넣고 반죽을 했지요. 그리고 반죽에 따뜻한 물을 받쳐서 놓아두었어요.",
      "srcPage": 15,
      "srcSentenceEA": 4,
      "srcWordEA": 24,
      "character": "식빵,우유,소금,설탕,밀가와,이스트,버터,반죽,따뜻한 물",
      "setting": null,
      "action": "넣고 섞었어요,넣고 반죽을 했지요,받쳐서 놓아두었어요",
      "feeling": null,
      "causalRelationship": null,
      "outcomeResolution": null,
      "prediction": null,
      "plotSummaryInfoCount": 1,
      "plotSummaryInfo": {
        "classification": "자연탐구",
        "readAge": "초등_고학년",
        "form": "long-form",
        "plotSummaryText": "우유에 소금과 설탕을 넣고 섞고, 밀가루와 이스트, 버터를 넣고 반죽을 하여 반죽에 따뜻한 물을 받쳐서 놓았습니다.",
        "textWordEA": 16
      }
    },
    {
      "srcTextID": "128619",
      "srcText": "그러고 나서 아기 해마들은 달걀에 소금과 설탕, 버터와 우유를 넣고 거품기로 휘휘 저었어요. 문어 아저씨는 여기에 밀가루를 넣고 반죽을 했지요. 그리고 케이크 틀에 반죽을 담아 오븐에 구웠어요. 고소한 케이크 냄새가 집 안 가득 솔솔 퍼졌지요.",
      "srcPage": 17,
      "srcSentenceEA": 4,
      "srcWordEA": 38,
      "character": "아기 해마들,달걀,소금,버터,우유,거품기,문어 아저씨,밀가루,케이크 틀,오븐,케이크",
      "setting": "집 안",
      "action": "넣고,저었어요,구웠어요,퍼졌지요",
      "feeling": null,
      "causalRelationship": null,
      "outcomeResolution": null,
      "prediction": null,
      "plotSummaryInfoCount": 1,
      "plotSummaryInfo": {
        "classification": "자연탐구",
        "readAge": "초등_고학년",
        "form": "long-form",
        "plotSummaryText": "아기 해마들은 여러 가지 재료를 넣어 거품기로 저었고, 문어 아저씨는 밀가루 반죽을 한 다음 케이크 틀에 반죽을 담아 오븐에 구웠습니다.",
        "textWordEA": 20
      }
    },
    {
      "srcTextID": "128618",
      "srcText": "아기 해마들은 따뜻하게 데운 우유에 달걀노른자와 버터를 넣고 거품기로 저었어요. 그다음 냉장고에 넣어 두고 꺼내서 설탕을 넣어 가며 거품기로 휘휘! 맛있는 크림을 만들었어요.",
      "srcPage": 16,
      "srcSentenceEA": 3,
      "srcWordEA": 25,
      "character": "아기 해마들,우유,달걀노른자,버터,거품기,냉장고,설탕,크림",
      "setting": null,
      "action": "넣고,저었어요,만들었어요",
      "feeling": null,
      "causalRelationship": null,
      "outcomeResolution": null,
      "prediction": null,
      "plotSummaryInfoCount": 1,
      "plotSummaryInfo": {
        "classification": "자연탐구",
        "readAge": "초등_고학년",
        "form": "short-form",
        "plotSummaryText": "따듯하게 데운 우유에 달걀노른자와 버터를 넣고 거품기로 저었고, 설탕을 넣어 가며 거품기로 저어서 크림을 만들었어요.",
        "textWordEA": 15
      }
    }
  ]
}