{
  "title": "지층 뚫고 탈옥!",
  "author": "서구름",
  "illustrator": "박수지",
  "isbn": "9791128211492",
  "publishedYear": 2018,
  "publisher": "아람북스",
  "paragraphInfoCount": 32,
  "paragraphInfo": [
    {
      "srcTextID": "6933",
      "srcText": "고생물학자인 김돌멩 박사는 지하 감옥에 갇혀 있어요. 공룡 화석을 찾겠다고 땅을 파다가 남의 집 정원으로 들어갔는데 도둑으로 몰려 누명을 썼거든요. 김돌멩 박사는 지하 감옥에서 브라키오와 함께 방을 쓰고 있어요.",
      "srcPage": 1,
      "srcSentenceEA": 3,
      "srcWordEA": 31,
      "character": "김돌멩 박사,공룡 화석,브라키오",
      "setting": "지하 감옥,땅,정원,방",
      "action": "들어갔는데,갇혀 있어요",
      "feeling": null,
      "causalRelationship": null,
      "outcomeResolution": null,
      "prediction": null,
      "plotSummaryInfoCount": 1,
      "plotSummaryInfo": {
        "classification": "자연탐구",
        "readAge": "초등_고학년",
        "form": "short-form",
        "plotSummaryText": "공룡 화석을 찾으려 땅을 파던 김돌멩 박사는 남의 집 정원에 들어가 도둑 누명을 써 지하 감옥에 브라키오와 함께 갇혀 있습니다.",
        "textWordEA": 20
      }
    },
    {
      "srcTextID": "6954",
      "srcText": "김돌멩 박사와 브라키오는 석회 동굴을 지나다가 천장에 뚫린 구멍에서 늘어뜨려진 줄사다리를 보았어요. “여기에 왜 줄사다리가 있는 거지? 음, 아무래도 수상해.”",
      "srcPage": 17,
      "srcSentenceEA": 3,
      "srcWordEA": 21,
      "character": "김돌멩 박사,브라키오,줄사다리",
      "setting": "석회 동굴,천장",
      "action": "지나다가,보았어요",
      "feeling": null,
      "causalRelationship": null,
      "outcomeResolution": null,
      "prediction": null,
      "plotSummaryInfoCount": 1,
      "plotSummaryInfo": {
        "classification": "자연탐구",
        "readAge": "초등_고학년",
        "form": "short-form",
        "plotSummaryText": "김돌멩 박사와 브라키오는 동굴 천장에서 늘어뜨려진 줄사다리를 보고 수상하다고 생각했어요.",
        "textWordEA": 10
      }
    },
    {
      "srcTextID": "6935",
      "srcText": "“브라키오, 이 감옥의 땅속을 파 내려가면 석회 동굴이 나와. 그 석회 동굴이 밖으로 나가는 길과 연결되어 있다고 들었네!” 저는 원래 광부였어요.",
      "srcPage": 4,
      "srcSentenceEA": 3,
      "srcWordEA": 23,
      "character": "브라키오,저",
      "setting": "감옥,석회 동굴",
      "action": "파 내려가면,연결되어",
      "feeling": null,
      "causalRelationship": null,
      "outcomeResolution": null,
      "prediction": null,
      "plotSummaryInfoCount": 1,
      "plotSummaryInfo": {
        "classification": "자연탐구",
        "readAge": "초등_고학년",
        "form": "short-form",
        "plotSummaryText": "브라키오에게 감옥 땅속을 파 내려가면 나오는 석회 동굴이 밖과 연결되어 있다고 들었다고 말했습니다.",
        "textWordEA": 13
      }
    },
    {
      "srcTextID": "6943",
      "srcText": "브라키오는 김돌멩 박사의 말을 듣는 둥 마는 둥 계속 땅을 파 내려갔어요. 하지만 김돌멩 박사는 말을 멈추지 않았지요. 브라키오! 이 멋진 지층을 보게나.",
      "srcPage": 7,
      "srcSentenceEA": 4,
      "srcWordEA": 26,
      "character": "브라키오,김돌멩 박사",
      "setting": null,
      "action": "멈추지 않았지요,내려갔어요,파 내려갔어요",
      "feeling": null,
      "causalRelationship": null,
      "outcomeResolution": null,
      "prediction": null,
      "plotSummaryInfoCount": 1,
      "plotSummaryInfo": {
        "classification": "자연탐구",
        "readAge": "초등_고학년",
        "form": "long-form",
        "plotSummaryText": "김돌멩 박사는 지층이 멋지다며 말을 멈추지 않았지만, 브라키오는 계속 땅을 파 내려갔습니다.",
        "textWordEA": 12
      }
    },
    {
      "srcTextID": "6955",
      "srcText": "“브라키오, 저건 황금보다 더 귀한 거야. 고생대에 바다에서 살았던 삼엽충을 보고, 이 지층이 고생대에 만들어졌고, 바로 이곳이 옛날에는 바다였다는 걸 알 수 있으니까. 화석은 무엇이 언제 어떻게 살았는지 생생하게 알려 주는 귀한 자료지!”",
      "srcPage": 21,
      "srcSentenceEA": 3,
      "srcWordEA": 35,
      "character": "브라키오,황금,삼엽충,화석",
      "setting": "이곳",
      "action": "만들어졌고,알 수 있으니까",
      "feeling": null,
      "causalRelationship": null,
      "outcomeResolution": null,
      "prediction": null,
      "plotSummaryInfoCount": 1,
      "plotSummaryInfo": {
        "classification": "자연탐구",
        "readAge": "초등_고학년",
        "form": "short-form",
        "plotSummaryText": "박사는 브라키오에게 삼엽충 화석은 지층이 고생대의 바다였다는 걸 알 수 있는 귀한 자료라고 했습니다.",
        "textWordEA": 14
      }
    },
    {
      "srcTextID": "6961",
      "srcText": "브라키오는 어리둥절한 표정으로 물었어요. 그게 아니라, 암모나이트는 공룡과 같은 시대에 살았던 동물이야. 즉 이 근처 어딘가에 공룡 화석이 있을지도 모른다는 뜻이지.",
      "srcPage": 23,
      "srcSentenceEA": 3,
      "srcWordEA": 23,
      "character": "브라키오,암모나이트,공룡,동물,공룡 화석",
      "setting": null,
      "action": "살았던,물었어요,있을지도",
      "feeling": null,
      "causalRelationship": null,
      "outcomeResolution": null,
      "prediction": null,
      "plotSummaryInfoCount": 1,
      "plotSummaryInfo": {
        "classification": "자연탐구",
        "readAge": "초등_고학년",
        "form": "short-form",
        "plotSummaryText": "브라키오가 어리둥절해하며 묻자, 박사는 암모나이트는 공룡과 같은 시대의 동물이니 근처에 공룡 화석이 있을지도 모른다고 말했습니다.",
        "textWordEA": 15
      }
    },
    {
      "srcTextID": "6945",
      "srcText": "“왜요?” 브라키오가 샌드위치를 맛있게 먹으며 물었지요. “보통 퇴적암에서 화석이 발견되거든. 공룡 화석도 분명히 퇴적암 속에 있을 거야.”",
      "srcPage": 10,
      "srcSentenceEA": 3,
      "srcWordEA": 19,
      "character": "브라키오,샌드위치,퇴적암,화석,공룡 화석",
      "setting": null,
      "action": "있을거야,먹으며,물었지요",
      "feeling": null,
      "causalRelationship": null,
      "outcomeResolution": null,
      "prediction": null,
      "plotSummaryInfoCount": 1,
      "plotSummaryInfo": {
        "classification": "자연탐구",
        "readAge": "초등_고학년",
        "form": "short-form",
        "plotSummaryText": "브라키오가 샌드위치를 먹으며 왜 그런지 물었고, 박사는 퇴적암에서 화석이 발견되기 때문에 공룡 화석도 있을 거라고 말했습니다.",
        "textWordEA": 16
      }
    },
    {
      "srcTextID": "6950",
      "srcText": "땅을 파던 브라키오가 물었어요. “박사님, 이건 무슨 암석이에요?” 석회암이야! 이제 석회 동굴이 나올 거야.",
      "srcPage": 13,
      "srcSentenceEA": 4,
      "srcWordEA": 16,
      "character": "브라키오,박사,암석,석회암,석회 동굴",
      "setting": null,
      "action": "물었어요,나올 거야",
      "feeling": null,
      "causalRelationship": null,
      "outcomeResolution": null,
      "prediction": null,
      "plotSummaryInfoCount": 1,
      "plotSummaryInfo": {
        "classification": "자연탐구",
        "readAge": "초등_고학년",
        "form": "long-form",
        "plotSummaryText": "브락키오가 무슨 암석인지 묻자 박사는 석회암이라며 이제 석회 동굴이 나올 거라 말했습니다.",
        "textWordEA": 12
      }
    },
    {
      "srcTextID": "6962",
      "srcText": "“박사님, 이쪽에 뭔가가 보여요. 이리 좀 와 보세요!” 김돌멩 박사는 브라키오가 있는 쪽으로 좀 더 올라갔어요.",
      "srcPage": 27,
      "srcSentenceEA": 3,
      "srcWordEA": 18,
      "character": "김돌멩 박사,브라키오",
      "setting": null,
      "action": "보여요,올라갔어요",
      "feeling": null,
      "causalRelationship": null,
      "outcomeResolution": null,
      "prediction": null,
      "plotSummaryInfoCount": 1,
      "plotSummaryInfo": {
        "classification": "자연탐구",
        "readAge": "초등_고학년",
        "form": "short-form",
        "plotSummaryText": "브라키오가 뭔가 보인다고 말하자, 김돌멩 박사는 브라키오가 있는 쪽으로 올라갔습니다.",
        "textWordEA": 10
      }
    },
    {
      "srcTextID": "6937",
      "srcText": "브라키오는 그런 김돌멩 박사가 못마땅해 툴툴거렸어요. “공룡 화석을 찾다가 감옥에 갇혔으면서 또 공룡 책을 보세요?” “난 기필코 공룡 화석을 찾고 말 거야.”",
      "srcPage": 3,
      "srcSentenceEA": 3,
      "srcWordEA": 22,
      "character": "브라키오,김돌멩 박사",
      "setting": null,
      "action": "찾고 말꺼야",
      "feeling": "못마땅해",
      "causalRelationship": null,
      "outcomeResolution": null,
      "prediction": null,
      "plotSummaryInfoCount": 1,
      "plotSummaryInfo": {
        "classification": "자연탐구",
        "readAge": "초등_고학년",
        "form": "short-form",
        "plotSummaryText": "브라키오는 공룡 화석을 찾다가 감옥에 갇혀서도 공룡 책을 보는 김돌멩 박사가 못마땅했지만, 박사는 공룡 화석을 찾겠다고 말했습니다.",
        "textWordEA": 17
      }
    },
    {
      "srcTextID": "6938",
      "srcText": "땅 파는 거라면 자신 있어요! 둘은 며칠 동안 머리를 맞대고 탈옥할 작전을 짰어요. 다음 날 간식 담당인 김돌멩 박사는 식빵과 잼을 슬쩍했어요.",
      "srcPage": 5,
      "srcSentenceEA": 3,
      "srcWordEA": 24,
      "character": "김돌멩 박사,식빵,잼",
      "setting": "다음날",
      "action": "슬쩍했어요",
      "feeling": null,
      "causalRelationship": null,
      "outcomeResolution": null,
      "prediction": null,
      "plotSummaryInfoCount": 1,
      "plotSummaryInfo": {
        "classification": "자연탐구",
        "readAge": "초등_고학년",
        "form": "short-form",
        "plotSummaryText": "둘은 며칠 동안 탈옥 작전을 짰고, 다음날 김돌멩 박사는 식빵과 잼을 슬쩍했습니다.",
        "textWordEA": 12
      }
    },
    {
      "srcTextID": "6941",
      "srcText": "“이건 오랜 세월 진흙, 모래, 자갈 등이 쌓이고 쌓여 굳어져 만들어진 퇴적암이야. 대단하군, 정말 대단해!” 김돌멩 박사가 감탄하는 동안에도 브라키오는 계속 해서 곡괭이질을 했어요.",
      "srcPage": 6,
      "srcSentenceEA": 3,
      "srcWordEA": 26,
      "character": "진흙,모래,자갈,퇴적암,김돌멩 박사,브라키오",
      "setting": null,
      "action": "곡괭이질을 했어요",
      "feeling": "감탄하는",
      "causalRelationship": null,
      "outcomeResolution": null,
      "prediction": null,
      "plotSummaryInfoCount": 1,
      "plotSummaryInfo": {
        "classification": "자연탐구",
        "readAge": "초등_고학년",
        "form": "short-form",
        "plotSummaryText": "김돌멩 박사는 오랜 세월 굳어진 퇴적암이라고 감탄했고,  브라키오는 계속 곡괭이질을 했습니다.",
        "textWordEA": 12
      }
    },
    {
      "srcTextID": "6944",
      "srcText": "지층은 아주아주 오랜 시간에 걸쳐 만들어진다네. 한 층 한 층이 마치 한 장 한 장 써 내려간 지구의 일기장 같지 않나? 브라키오가 곡괭이질을 멈추고 말했어요.",
      "srcPage": 8,
      "srcSentenceEA": 3,
      "srcWordEA": 27,
      "character": "브라키오,일기장,지층",
      "setting": null,
      "action": "만들어진다네,멈추고 말했어요",
      "feeling": null,
      "causalRelationship": null,
      "outcomeResolution": null,
      "prediction": null,
      "plotSummaryInfoCount": 1,
      "plotSummaryInfo": {
        "classification": "자연탐구",
        "readAge": "초등_고학년",
        "form": "short-form",
        "plotSummaryText": "지층이 오랜 시간에 걸친 지구의 일기장 같다며 하자,  브라키오가 곡괭이질을 멈추었습니다.",
        "textWordEA": 12
      }
    },
    {
      "srcTextID": "6957",
      "srcText": "빨리 줄사다리를 타고 올라가 동굴 밖으로 나가자고요. 브라키오는 다짜고짜로 줄사다리를 타고 오르기 시작했어요. 김돌멩 박사는 어쩔 수 없이 브라키오를 쫓아갔어요.",
      "srcPage": 19,
      "srcSentenceEA": 3,
      "srcWordEA": 22,
      "character": "줄사다리,브라키오,김돌멩 박사",
      "setting": null,
      "action": "쫓아갔어요,오르기",
      "feeling": null,
      "causalRelationship": null,
      "outcomeResolution": null,
      "prediction": null,
      "plotSummaryInfoCount": 1,
      "plotSummaryInfo": {
        "classification": "자연탐구",
        "readAge": "초등_고학년",
        "form": "short-form",
        "plotSummaryText": "브라키오는 동굴 밖으로 나가자며 줄사다리를 타고 오르기 시작했고, 김돌멩 박사도 어쩔 수 없이 쫓아갔습니다.",
        "textWordEA": 14
      }
    },
    {
      "srcTextID": "6968",
      "srcText": "구멍 밖에서 교도관이 기다리고 있었거든요. 물론 아까 발견한 공룡 화석도 캐내지 못했지요. 김돌멩 박사와 브라키오는 다시 감옥으로 돌아왔어요.",
      "srcPage": 31,
      "srcSentenceEA": 3,
      "srcWordEA": 20,
      "character": "교도관,공룡 화석,김돌멩 박사,브라키오",
      "setting": "구멍 밖,감옥",
      "action": "캐내지,돌아왔어요",
      "feeling": null,
      "causalRelationship": null,
      "outcomeResolution": "김돌멩 박사와 브라키오는 다시 감옥으로 돌아왔어요",
      "prediction": null,
      "plotSummaryInfoCount": 1,
      "plotSummaryInfo": {
        "classification": "자연탐구",
        "readAge": "초등_고학년",
        "form": "short-form",
        "plotSummaryText": "구멍 밖에는 교도관들이 기다리고 있었고,  김돌멩 박사와 브라키오는 공룡 화석을 캐내지 못하고 감옥으로 돌아왔습니다.",
        "textWordEA": 15
      }
    },
    {
      "srcTextID": "6948",
      "srcText": "이번에는 김돌멩 박사가 브라키오에게 물었어요. “그런데 자네는 왜 감옥에 오게 된 거야?” 황금을 캐려고 땅을 파다가 남의 집 지하실을 망가뜨렸어요.",
      "srcPage": 11,
      "srcSentenceEA": 3,
      "srcWordEA": 21,
      "character": "김돌멩 박사,브라키오,황금",
      "setting": "감옥",
      "action": "캐려고,물었어요,망가뜨렸어요",
      "feeling": null,
      "causalRelationship": null,
      "outcomeResolution": null,
      "prediction": null,
      "plotSummaryInfoCount": 1,
      "plotSummaryInfo": {
        "classification": "자연탐구",
        "readAge": "초등_고학년",
        "form": "short-form",
        "plotSummaryText": "김돌멩 박사가 브라키오에게 감옥에 온 이유를 묻자, 브라키오는 황금을 캐려다 남의 집 지하실을 망가뜨렸다고 대답했습니다.",
        "textWordEA": 15
      }
    },
    {
      "srcTextID": "6947",
      "srcText": "분명 조금만 더 파면 황금이 나왔을 텐데. 얼른 밖으로 나가서 다시 황금을 찾을 거예요! 브라키오는 다시 곡괭이질을 시작했어요.",
      "srcPage": 12,
      "srcSentenceEA": 3,
      "srcWordEA": 20,
      "character": "황금,브라키오",
      "setting": "밖",
      "action": "찾을 거예요,시작했어요",
      "feeling": null,
      "causalRelationship": null,
      "outcomeResolution": null,
      "prediction": null,
      "plotSummaryInfoCount": 1,
      "plotSummaryInfo": {
        "classification": "자연탐구",
        "readAge": "초등_고학년",
        "form": "short-form",
        "plotSummaryText": "브라키오는 얼른 밖으로 나가 황금을 찾을 거라며 다시 곡괭이질을 시작했습니다.",
        "textWordEA": 10
      }
    },
    {
      "srcTextID": "6956",
      "srcText": "“와, 삼엽충 화석이 가득해.” 줄사다리를 타고 올라가던 김돌멩 박사가 소리를 질렀어요. “쳇, 황금도 아닌데 뭘 그렇게 좋아하세요?”",
      "srcPage": 20,
      "srcSentenceEA": 3,
      "srcWordEA": 18,
      "character": "삼엽충 화석,줄사다리,김돌멩 박사,황금",
      "setting": null,
      "action": "가득해,질렀어요",
      "feeling": "좋아하세요",
      "causalRelationship": null,
      "outcomeResolution": null,
      "prediction": null,
      "plotSummaryInfoCount": 1,
      "plotSummaryInfo": {
        "classification": "자연탐구",
        "readAge": "초등_고학년",
        "form": "short-form",
        "plotSummaryText": "김돌멩 박사가 삼엽충 화석이 가득하다고 소리를 지르자, 브라키오는 황금도 아닌데 뭘 그렇게 좋아하냐고 했습니다.",
        "textWordEA": 14
      }
    },
    {
      "srcTextID": "6960",
      "srcText": "브라키오는 어느새 저 위로 올라가고 있었어요. 김돌멩 박사가 또 소리쳤어요. “이럴 수가! 암모나이트야!” 쉿! 조용히 좀 하세요.",
      "srcPage": 22,
      "srcSentenceEA": 6,
      "srcWordEA": 21,
      "character": "브라키오,김돌멩 박사,암모나이트",
      "setting": null,
      "action": "올라가고 있었어요,소리쳤어요",
      "feeling": null,
      "causalRelationship": null,
      "outcomeResolution": null,
      "prediction": null,
      "plotSummaryInfoCount": 1,
      "plotSummaryInfo": {
        "classification": "자연탐구",
        "readAge": "초등_고학년",
        "form": "long-form",
        "plotSummaryText": "브라키오가 위로 올라가고 있었는데, 김돌멩 박사가 암모나이트라고 소리쳤습니다.",
        "textWordEA": 8
      }
    },
    {
      "srcTextID": "6936",
      "srcText": "김돌멩 박사는 공룡 이름으로 별명을 짓는 걸 좋아해요. 함께 방을 쓰는 죄수의 이름이 따로 있지만, 목이 긴 브라키오사우루스와 닮았다고 브라키오라고 별명을 붙여 불렀지요. 김돌멩 박사는 오늘도 공룡 책에 푹 빠져 있었어요.",
      "srcPage": 2,
      "srcSentenceEA": 3,
      "srcWordEA": 33,
      "character": "김돌멩 박사,죄수,브라키오사우루스,브라키오,공룡책",
      "setting": "방",
      "action": "불렀지요",
      "feeling": "좋아해요",
      "causalRelationship": null,
      "outcomeResolution": null,
      "prediction": null,
      "plotSummaryInfoCount": 1,
      "plotSummaryInfo": {
        "classification": "자연탐구",
        "readAge": "초등_고학년",
        "form": "short-form",
        "plotSummaryText": "김돌멩 박사는 공룡이름으로 별명 짓는 것을 좋아해서 함께 방을 쓰는 죄수를 브라키오라는 별명으로 불렀고, 오늘도 공룡 책에 빠져 있었습니다.",
        "textWordEA": 19
      }
    },
    {
      "srcTextID": "6946",
      "srcText": "“일기장이요? 제가 보기엔 샌드위치 같은데요. 박사님, 배고파요!” 김돌멩 박사가 식빵에 잼을 발라 만든 샌드위치를 브라키오에게 건네며 말했어요. “나는 암석 중에서도 퇴적암을 가장 좋아한다네.”",
      "srcPage": 9,
      "srcSentenceEA": 4,
      "srcWordEA": 26,
      "character": "제,샌드위치,김돌멩 박사,식빵,브라키오,암석,퇴적암",
      "setting": null,
      "action": "말했어요",
      "feeling": "좋아한다네",
      "causalRelationship": null,
      "outcomeResolution": null,
      "prediction": null,
      "plotSummaryInfoCount": 1,
      "plotSummaryInfo": {
        "classification": "자연탐구",
        "readAge": "초등_고학년",
        "form": "long-form",
        "plotSummaryText": "브라키오는 배가 고프다고 말했고, 김돌멩 박사는 샌드위치를 건네며 자신은 암석 중에 퇴적암을 좋아한다고 말했습니다.",
        "textWordEA": 14
      }
    },
    {
      "srcTextID": "6952",
      "srcText": "종유석과 석순이 만나 만들어진 석주도 보였어요. “우아, 정말 대단해!” 브라키오도 이번에는 탄성을 질렀어요.",
      "srcPage": 16,
      "srcSentenceEA": 3,
      "srcWordEA": 14,
      "character": "종유석,석순,석주,브라키오",
      "setting": null,
      "action": "만들어진,탄성을 질렀어요,보였어요",
      "feeling": null,
      "causalRelationship": null,
      "outcomeResolution": null,
      "prediction": null,
      "plotSummaryInfoCount": 1,
      "plotSummaryInfo": {
        "classification": "자연탐구",
        "readAge": "초등_고학년",
        "form": "short-form",
        "plotSummaryText": "종유석과 석순으로 만들어진 석주도 보였고, 브라키오도 대단하다며 탄성을 질렀습니다.",
        "textWordEA": 9
      }
    },
    {
      "srcTextID": "6953",
      "srcText": "김돌멩 박사는 의심스러운 눈빛으로 줄사다리를 보았어요. 하지만 브라키오는 기뻐하며 말했어요. 틀림없이 저 구멍을 통해 밖으로 나갈 수 있을 거예요.",
      "srcPage": 18,
      "srcSentenceEA": 3,
      "srcWordEA": 21,
      "character": "김돌멩 박사,줄사다리,브라키오",
      "setting": null,
      "action": "보았어요,말했어요",
      "feeling": "기뻐하며",
      "causalRelationship": null,
      "outcomeResolution": null,
      "prediction": null,
      "plotSummaryInfoCount": 1,
      "plotSummaryInfo": {
        "classification": "자연탐구",
        "readAge": "초등_고학년",
        "form": "short-form",
        "plotSummaryText": "김돌멩 박사는 줄사다리가 의심스러웠지만, 브라키오는 밖으로 나갈 수 있을 거라며 기뻐했습니다.",
        "textWordEA": 11
      }
    },
    {
      "srcTextID": "6958",
      "srcText": "공룡 화석을 찾으면 황금을 찾은 것이나 마찬가지네. 유명해질 뿐만 아니라, 부자가 될 수도 있지. “공룡 화석이 그렇게나 대단해요?”",
      "srcPage": 24,
      "srcSentenceEA": 3,
      "srcWordEA": 19,
      "character": "공룡 화석,황금,부자",
      "setting": null,
      "action": "찾으면,될 수도 있지",
      "feeling": null,
      "causalRelationship": null,
      "outcomeResolution": null,
      "prediction": null,
      "plotSummaryInfoCount": 1,
      "plotSummaryInfo": {
        "classification": "자연탐구",
        "readAge": "초등_고학년",
        "form": "short-form",
        "plotSummaryText": "공룡 화석을 찾으면 황금을 찾은 것처럼 유명해지고 부자가 될 수 있다고 했습니다.",
        "textWordEA": 12
      }
    },
    {
      "srcTextID": "6965",
      "srcText": "브라키오는 귀가 솔깃해서 눈을 크게 뜨고 함께 공룡 화석을 찾기 시작했어요. 김돌멩 박사와 브라키오는 줄사다리에 매달려 거대한 암석 벽을 구석구석 살폈어요. 반드시 공룡 화석을 찾아서 내 이름을 붙일 거야.",
      "srcPage": 25,
      "srcSentenceEA": 3,
      "srcWordEA": 31,
      "character": "브라키오,공룡 화석,김돌멩 박사,이름",
      "setting": null,
      "action": "찾기,살폈어요,붙일 거야",
      "feeling": null,
      "causalRelationship": null,
      "outcomeResolution": null,
      "prediction": null,
      "plotSummaryInfoCount": 1,
      "plotSummaryInfo": {
        "classification": "자연탐구",
        "readAge": "초등_고학년",
        "form": "short-form",
        "plotSummaryText": "브라키오와 김돌멩 박사는 줄사다리에 매달려 공룡 화석을 찾기 시작했고, 박사는 공룡 화석을 찾아 자신의 이름을 붙일 거라고 말했습니다.",
        "textWordEA": 18
      }
    },
    {
      "srcTextID": "6964",
      "srcText": "돌멩사우루스라고 할 거라네. 어때, 정말 멋진 이름이지 않나? 하하! 그때 브라키오가 박사에게 외쳤어요.",
      "srcPage": 26,
      "srcSentenceEA": 4,
      "srcWordEA": 16,
      "character": "돌멩사우루스,브라키오,박사",
      "setting": null,
      "action": "외쳤어요",
      "feeling": null,
      "causalRelationship": null,
      "outcomeResolution": null,
      "prediction": null,
      "plotSummaryInfoCount": 1,
      "plotSummaryInfo": {
        "classification": "자연탐구",
        "readAge": "초등_고학년",
        "form": "long-form",
        "plotSummaryText": "돌멩사우루스라고 말하며 멋진 이름이지 않냐고 하자, 그때 브라키오가 박사에게 외쳤습니다.",
        "textWordEA": 10
      }
    },
    {
      "srcTextID": "6963",
      "srcText": "그런데 그곳에 정말 공룡 화석이 있었어요. \"오, 드디어 공룡 화석을 찾았다! 가장 작은 공룡으로 알려진 콤프소그나투스 같지만, 그것보다 더 작고 뼈 모양도 좀 다르군. 혹시 지금까지 발견하지 못한 새로운 공룡이 아닐까?\"",
      "srcPage": 28,
      "srcSentenceEA": 4,
      "srcWordEA": 33,
      "character": "공룡 화석,콤프소그나투스,공룡,뼈",
      "setting": null,
      "action": "있었어요,찾았다,다르군",
      "feeling": null,
      "causalRelationship": null,
      "outcomeResolution": null,
      "prediction": null,
      "plotSummaryInfoCount": 1,
      "plotSummaryInfo": {
        "classification": "자연탐구",
        "readAge": "초등_고학년",
        "form": "long-form",
        "plotSummaryText": "그곳에 공룡 화석이 있었고, 콤프소그나투스와 비슷하지만 뼈 모양이 다르다며 발견하지 못한 새로운 공룡이 아닐까? 라고 했습니다.",
        "textWordEA": 16
      }
    },
    {
      "srcTextID": "6967",
      "srcText": "어서 이곳을 나가세. 공룡 화석을 캐내려면 전문 도구가 필요해. 브라키오, 자네도 나와 같이 일하세.",
      "srcPage": 29,
      "srcSentenceEA": 3,
      "srcWordEA": 16,
      "character": "공룡 화석,전문 도구,브라키오,자네,나",
      "setting": "이곳",
      "action": "나가세,필요해,일하세",
      "feeling": null,
      "causalRelationship": null,
      "outcomeResolution": null,
      "prediction": null,
      "plotSummaryInfoCount": 1,
      "plotSummaryInfo": {
        "classification": "자연탐구",
        "readAge": "초등_고학년",
        "form": "short-form",
        "plotSummaryText": "공룡 화석을 캐려면 전문 도구가 필요하다며 브라키오에게 이곳을 나가 같이 일하자고 했습니다.",
        "textWordEA": 12
      }
    },
    {
      "srcTextID": "6951",
      "srcText": "석회 동굴로만 들어가면 탈출은 식은 죽 먹기지. 그 말에 기운이 난 브라키오는 곡괭이를 힘껏 휘둘렀지요. 그러자 정말 동굴로 이어지는 구멍이 뻥 뚫렸어요.",
      "srcPage": 14,
      "srcSentenceEA": 3,
      "srcWordEA": 24,
      "character": "브라키오,곡괭이,구멍",
      "setting": "동굴",
      "action": "휘둘렀지요",
      "feeling": null,
      "causalRelationship": null,
      "outcomeResolution": null,
      "prediction": null,
      "plotSummaryInfoCount": 1,
      "plotSummaryInfo": {
        "classification": "자연탐구",
        "readAge": "초등_고학년",
        "form": "short-form",
        "plotSummaryText": "석회 동굴에 들어가면 탈출할 수 있다는 말에 브라키오가 힘껏 곡괭이를 휘두르자, 동굴로 이어지는 구멍이 뚫렸습니다.",
        "textWordEA": 15
      }
    },
    {
      "srcTextID": "6949",
      "srcText": "둘은 석회 동굴 안으로 들어갔어요. 천장에 고드름처럼 종유석이 매달려 있었어요. 바닥에도 여기저기 석순이 솟아올라 있었지요.",
      "srcPage": 15,
      "srcSentenceEA": 3,
      "srcWordEA": 17,
      "character": "둘,고드름,종유석,석순",
      "setting": "석회 동굴,천장,바닥",
      "action": "들어갔어요",
      "feeling": null,
      "causalRelationship": null,
      "outcomeResolution": null,
      "prediction": null,
      "plotSummaryInfoCount": 1,
      "plotSummaryInfo": {
        "classification": "자연탐구",
        "readAge": "초등_고학년",
        "form": "short-form",
        "plotSummaryText": "둘이 석회 동굴 안으로 들어가자, 천장에는 종유석이 바닥에는 석순이 있었습니다.",
        "textWordEA": 10
      }
    },
    {
      "srcTextID": "6966",
      "srcText": "땅 파는 솜씨가 훌륭해서 화석 발굴에 제격이야. “우아, 진짜요? 감사합니다! 감사합니다!” 김돌멩 박사의 말에 브라키오는 연신 꾸벅거렸어요. 김돌멩 박사와 브라키오는 탈옥할 생각에 들떠서 위로 힘차게 올라갔지요.",
      "srcPage": 30,
      "srcSentenceEA": 6,
      "srcWordEA": 30,
      "character": "화석,김돌멩 박사,브라키오",
      "setting": null,
      "action": "올라갔지요",
      "feeling": "감사합니다",
      "causalRelationship": null,
      "outcomeResolution": null,
      "prediction": null,
      "plotSummaryInfoCount": 1,
      "plotSummaryInfo": {
        "classification": "자연탐구",
        "readAge": "초등_고학년",
        "form": "long-form",
        "plotSummaryText": "땅 파는 솜씨가 화석 발굴에 제격이란 말에 브라키오는 감사하다고 말했고, 김돌멩 박사와 브라키오는 탈옥할 생각에 들떠 힘차게 올라갔습니다.",
        "textWordEA": 18
      }
    },
    {
      "srcTextID": "6969",
      "srcText": "눈만 뜨면 공룡 화석의 이름을 짓는다고 신이 났지요. 김돌멩 박사는 감옥에서 출소하는 날만 기다리고 있어요. 그때가 되면 브라키오와 함께 공룡 화석을 캐러 갈 거래요.",
      "srcPage": 32,
      "srcSentenceEA": 3,
      "srcWordEA": 26,
      "character": "공룡 화석,김돌멩 박사,브라키오",
      "setting": "감옥",
      "action": "기다리고,캐러 갈",
      "feeling": null,
      "causalRelationship": null,
      "outcomeResolution": null,
      "prediction": null,
      "plotSummaryInfoCount": 1,
      "plotSummaryInfo": {
        "classification": "자연탐구",
        "readAge": "초등_고학년",
        "form": "short-form",
        "plotSummaryText": "김돌멩 박사는 브라키오와 공룡 화석을 캐러 가기 위해 감옥에서 출소하는 날만 기다리고 있습니다.",
        "textWordEA": 13
      }
    }
  ]
}