{
  "title": "바다를 좋아하는 선장님",
  "author": "최은규",
  "illustrator": "박윤희",
  "isbn": "9788998212612",
  "publishedYear": 2012,
  "publisher": "한얼에듀",
  "paragraphInfoCount": 18,
  "paragraphInfo": [
    {
      "srcTextID": "5603",
      "srcText": "해가 쨍쨍, 여행을 떠나기 좋은 날이에요. 선장님은 배에 오르는 승객들에게 인사를 해요. “어서 오세요! 돌고래호 선장입니다. 편안하고 즐거운 여행이 되시기를 바랍니다!”",
      "srcPage": 1,
      "srcSentenceEA": 5,
      "srcWordEA": 24,
      "character": "해,선장님,승객",
      "setting": "배,해가 쨍쨍",
      "action": "오르는,인사를 해요",
      "feeling": null,
      "causalRelationship": null,
      "outcomeResolution": null,
      "prediction": null,
      "plotSummaryInfoCount": 1,
      "plotSummaryInfo": {
        "classification": "자연탐구",
        "readAge": "초등_고학년",
        "form": "long-form",
        "plotSummaryText": "해가 쨍쨍, 여행 떠나기 좋은 날 선장님은 배에 오르는 승객들에게 인사를 했다.",
        "textWordEA": 12
      }
    },
    {
      "srcTextID": "5604",
      "srcText": "돌고래호는 커다란 여객선이에요. 이웃 나라로 손님과 짐을 실어다 주지요. “오늘은 특별히 더 조심해야지.”",
      "srcPage": 2,
      "srcSentenceEA": 3,
      "srcWordEA": 14,
      "character": "여객선,손님,돌고래호,짐",
      "setting": "이웃 나라",
      "action": "실어다 주지요,조심해야지",
      "feeling": null,
      "causalRelationship": null,
      "outcomeResolution": null,
      "prediction": null,
      "plotSummaryInfoCount": 1,
      "plotSummaryInfo": {
        "classification": "자연탐구",
        "readAge": "초등_고학년",
        "form": "short-form",
        "plotSummaryText": "돌고래호는 이웃 나라로 손님과 짐을 실어다 주는 여객선이다.",
        "textWordEA": 8
      }
    },
    {
      "srcTextID": "5605",
      "srcText": "선장님은 중얼거렸어요. 오늘 밤에는 바람이 거세게 불고 큰 파도가 칠 거라는 일기 예보를 들었거든요. ‘원숭이들이 소란을 피우면 큰일인데.’ 짐칸에는 서커스 공연 때문에 데려온 원숭이가 세 마리나 있었어요.",
      "srcPage": 3,
      "srcSentenceEA": 4,
      "srcWordEA": 30,
      "character": "선장님,원숭이들,짐칸",
      "setting": "오늘 밤",
      "action": "중얼거렸어요,들었거든요,데려온,소란을 피우면",
      "feeling": null,
      "causalRelationship": null,
      "outcomeResolution": null,
      "prediction": "오늘 밤에는 바람이 거세게 불고 큰 파도가 칠 거라는 일기 예보를 들었거든요.",
      "plotSummaryInfoCount": 1,
      "plotSummaryInfo": {
        "classification": "자연탐구",
        "readAge": "초등_고학년",
        "form": "long-form",
        "plotSummaryText": "선장님은 오늘 밤바람이 거세게 불고 큰 파도가 칠 거라는 예보를 들었는데 서커스 공연을 위해 데려온 원숭이들이 소란을 피울지 걱정했다.",
        "textWordEA": 19
      }
    },
    {
      "srcTextID": "5606",
      "srcText": "선장님은 엔진을 검사하고 있는 선원에게 가서 말했어요. “오늘 밤에 파도가 심하게 칠 테니 배에 문제가 없도록 꼼꼼히 살피게.” “예, 알겠습니다! 선장님.” 뿌우웅! 뱃고동이 크게 울리고, 배가 떠났어요.",
      "srcPage": 4,
      "srcSentenceEA": 6,
      "srcWordEA": 30,
      "character": "선장님,엔진,선원,파도,배",
      "setting": "오늘 밤",
      "action": "말했어요,떠났어요,꼼꼼히 살피게,검사하고 있는",
      "feeling": null,
      "causalRelationship": "오늘 밤에 파도가 심하게 칠 테니 배에 문제가 없도록 꼼꼼히 살피게.",
      "outcomeResolution": null,
      "prediction": null,
      "plotSummaryInfoCount": 1,
      "plotSummaryInfo": {
        "classification": "자연탐구",
        "readAge": "초등_고학년",
        "form": "long-form",
        "plotSummaryText": "선장님은 오늘 밤 파도가 심하게 칠 테니 배에 문제가 없도록 꼼꼼히 살피라고 엔진을 검사하고 있는 선원에게  말했다.",
        "textWordEA": 18
      }
    },
    {
      "srcTextID": "5608",
      "srcText": "선장님은 항해사에게 말했어요. “여섯 시쯤 다른 배가 지나가니 부딪치지 않도록 조심하게.” “예, 알겠습니다! 선장님.” 선장님은 층층마다 돌아다니며 사람들을 살폈어요.",
      "srcPage": 5,
      "srcSentenceEA": 5,
      "srcWordEA": 21,
      "character": "선장님,항해사,배,사람들",
      "setting": "여섯 시쯤",
      "action": "말했어요,지나가니,돌아다니며,살폈어요",
      "feeling": null,
      "causalRelationship": "여섯 시쯤 다른 배가 지나가니 부딪치지 않도록 조심하게.",
      "outcomeResolution": "선장님은 층층마다 돌아다니며 사람들을 살폈어요.",
      "prediction": null,
      "plotSummaryInfoCount": 1,
      "plotSummaryInfo": {
        "classification": "자연탐구",
        "readAge": "초등_고학년",
        "form": "long-form",
        "plotSummaryText": "선장님은 항해사에게 여섯 시쯤 다른 배가 지나가니 조심하라고 말하고는 층마다 돌아다니며 사람들을 살폈다.",
        "textWordEA": 13
      }
    },
    {
      "srcTextID": "5607",
      "srcText": "“아, 정말 아름다운 저녁이야.” 선장님은 기분이 좋아졌어요. 뱃멀미를 하는 사람도 없었고, 아파서 쩔쩔매는 사람도 없었거든요.",
      "srcPage": 6,
      "srcSentenceEA": 3,
      "srcWordEA": 17,
      "character": "선장님,사람",
      "setting": "저녁",
      "action": null,
      "feeling": "기분이 좋아졌어요",
      "causalRelationship": "선장님은 기분이 좋아졌어요. 뱃멀미를 하는 사람도 없었고,아파서 쩔쩔매는 사람도 없었거든요.",
      "outcomeResolution": null,
      "prediction": null,
      "plotSummaryInfoCount": 1,
      "plotSummaryInfo": {
        "classification": "자연탐구",
        "readAge": "초등_고학년",
        "form": "short-form",
        "plotSummaryText": "선장님은 뱃멀미하는 사람도 없고, 아픈 사람도 없어 기분이 좋아졌다.",
        "textWordEA": 9
      }
    },
    {
      "srcTextID": "5610",
      "srcText": "밤이 되자 파도가 거세게 일었어요. 배도 출렁출렁 흔들리기 시작했지요. 삐! 삐! 삐! 선장님은 벨을 울려 선원들을 불렀어요.",
      "srcPage": 7,
      "srcSentenceEA": 6,
      "srcWordEA": 22,
      "character": "배,선장님,벨,선원",
      "setting": "밤",
      "action": "거세게 일었어요,흔들리기 시작했지요,불렀어요",
      "feeling": null,
      "causalRelationship": null,
      "outcomeResolution": null,
      "prediction": null,
      "plotSummaryInfoCount": 1,
      "plotSummaryInfo": {
        "classification": "자연탐구",
        "readAge": "초등_고학년",
        "form": "long-form",
        "plotSummaryText": "밤이 되자 파도가 거세게 일어나 배도 흔들리기 시작해서 선장님은 선원들을 불렀다.",
        "textWordEA": 11
      }
    },
    {
      "srcTextID": "5617",
      "srcText": "선장님은 차분하게 아주머니를 달래고는, 다른 선원들을 불렀어요. 선원들은 아주머니를 들것에 싣고 의무실로 데려갔지요. 의사 선생님은 얼른 아주머니를 눕혔어요.",
      "srcPage": 15,
      "srcSentenceEA": 3,
      "srcWordEA": 20,
      "character": "선장님,아주머니,선원들,의사 선생님",
      "setting": "의무실",
      "action": "달래고,불렀어요,들것에 싣고,데려갔지요,눕혔어요",
      "feeling": null,
      "causalRelationship": null,
      "outcomeResolution": null,
      "prediction": null,
      "plotSummaryInfoCount": 1,
      "plotSummaryInfo": {
        "classification": "자연탐구",
        "readAge": "초등_고학년",
        "form": "short-form",
        "plotSummaryText": "선장님은 아주머니를 달래고 선원들은 아주머니를 의무실로 데려갔다.",
        "textWordEA": 7
      }
    },
    {
      "srcTextID": "5615",
      "srcText": " “아이고, 배야. 아기가 나오려고 해요!” “걱정하지 마세요. 저희가 도와드릴게요. 이 배에는 의사 선생님도 계신답니다.”",
      "srcPage": 14,
      "srcSentenceEA": 5,
      "srcWordEA": 17,
      "character": "아기,의사 선생님",
      "setting": "배",
      "action": "나오려고 해요,도와 드릴게요,계시답니다",
      "feeling": null,
      "causalRelationship": null,
      "outcomeResolution": null,
      "prediction": null,
      "plotSummaryInfoCount": 1,
      "plotSummaryInfo": {
        "classification": "자연탐구",
        "readAge": "초등_고학년",
        "form": "long-form",
        "plotSummaryText": "누군가가 아이가 나올 것 같다고 소리치자 다른 사람이 배 안에 의사가 있으니 걱정하지 말라고 안심시켰다.",
        "textWordEA": 15
      }
    },
    {
      "srcTextID": "5613",
      "srcText": "“승객 여러분, 지금 높은 파도 때문에 배가 흔들리고 있지만 걱정하지 마십시오.” 선장님은 배 안 어디서든 들을 수 있게 마이크에 대고 또박또박 이야기했어요. 선장님은 우선 짐칸부터 확인했어요. ",
      "srcPage": 10,
      "srcSentenceEA": 3,
      "srcWordEA": 28,
      "character": "선장님,마이크",
      "setting": "짐칸,배 안",
      "action": "마이크에 대고,이야기했어요",
      "feeling": null,
      "causalRelationship": null,
      "outcomeResolution": null,
      "prediction": null,
      "plotSummaryInfoCount": 1,
      "plotSummaryInfo": {
        "classification": "자연탐구",
        "readAge": "초등_고학년",
        "form": "short-form",
        "plotSummaryText": "선장님은 마이크에 대고 파도 때문에 배가 흔들리고 있지만 걱정하지 말라고 승객들에게 이야기했다.",
        "textWordEA": 12
      }
    },
    {
      "srcTextID": "5619",
      "srcText": " 선장님은 빙그레 웃으며 생각했지요.  ‘바다에서 태어난 아기라. 저 아기도 자라서 어른이 되면 나처럼 바다를 좋아하게 될까?’",
      "srcPage": 18,
      "srcSentenceEA": 3,
      "srcWordEA": 20,
      "character": "선장님,아기,어른",
      "setting": null,
      "action": "웃으며,태어난,자라서",
      "feeling": null,
      "causalRelationship": null,
      "outcomeResolution": null,
      "prediction": null,
      "plotSummaryInfoCount": 1,
      "plotSummaryInfo": {
        "classification": "자연탐구",
        "readAge": "초등_고학년",
        "form": "short-form",
        "plotSummaryText": "선장님은 바다에서 태어난 아기도 자라서 어른이 되면 자기처럼 바다를 좋아하게 될까 궁금해하며 빙그레 웃었다.",
        "textWordEA": 14
      }
    },
    {
      "srcTextID": "5616",
      "srcText": "선장님이 무전기로 연락을 했어요. 선원들은 재빨리 환자를 의무실로 데려갔지요. 이번에는 한 아주머니가 소리쳤어요.",
      "srcPage": 13,
      "srcSentenceEA": 3,
      "srcWordEA": 15,
      "character": "선장님,무전기,선원들,환자,한 아주머니",
      "setting": "의무실",
      "action": "데려갔지요,소리쳤어요,재빨리,연락을 했어요",
      "feeling": null,
      "causalRelationship": null,
      "outcomeResolution": null,
      "prediction": null,
      "plotSummaryInfoCount": 1,
      "plotSummaryInfo": {
        "classification": "자연탐구",
        "readAge": "초등_고학년",
        "form": "short-form",
        "plotSummaryText": "선장님이 무전기로 연락을 해 선원들은 재빨리 환자를 의무실로 데려갔다.",
        "textWordEA": 9
      }
    },
    {
      "srcTextID": "5612",
      "srcText": " “원숭이들을 붙잡아! 다치지 않게 조심하고.” “예, 알겠습니다!” 선원들은 힘을 합쳐 원숭이들을 모두 붙잡아 우리 안에 넣었어요.",
      "srcPage": 11,
      "srcSentenceEA": 4,
      "srcWordEA": 18,
      "character": "원숭이들,선원들",
      "setting": "우리 안",
      "action": "붙잡아,힘을 합쳐,넣었어요,다치지 않게 조심하고",
      "feeling": null,
      "causalRelationship": null,
      "outcomeResolution": null,
      "prediction": null,
      "plotSummaryInfoCount": 1,
      "plotSummaryInfo": {
        "classification": "자연탐구",
        "readAge": "초등_고학년",
        "form": "long-form",
        "plotSummaryText": "선원들은 원숭이들이 다치지 않게 조심히 붙잡아 우리 안에 넣었다.",
        "textWordEA": 9
      }
    },
    {
      "srcTextID": "5614",
      "srcText": "“이제 다친 사람이 없는지 확인한다.” 선장님과 선원들은 방과 목욕탕, 화장실까지 몽땅 살폈어요. “화장실에 넘어진 승객이 있다!” ",
      "srcPage": 12,
      "srcSentenceEA": 3,
      "srcWordEA": 17,
      "character": "다친 사람,선장님,선원들,승객",
      "setting": "방,화장실,목욕탕",
      "action": "확인한다,살폈어요,넘어진",
      "feeling": null,
      "causalRelationship": null,
      "outcomeResolution": null,
      "prediction": null,
      "plotSummaryInfoCount": 1,
      "plotSummaryInfo": {
        "classification": "자연탐구",
        "readAge": "초등_고학년",
        "form": "short-form",
        "plotSummaryText": "선장님과 선원들은 다친 사람이 없는지 방과 목욕탕, 화장실까지 몽땅 살폈다.",
        "textWordEA": 10
      }
    },
    {
      "srcTextID": "5618",
      "srcText": "필요한 약과 도구가 있어서 걱정 없었지요. “괜찮아요. 아기가 곧 나오겠는걸요.” 선장님은 서둘러 조종실로 돌아갔어요.",
      "srcPage": 16,
      "srcSentenceEA": 3,
      "srcWordEA": 16,
      "character": "약,도구,아기,선장님",
      "setting": "조종실",
      "action": "돌아갔어요",
      "feeling": null,
      "causalRelationship": null,
      "outcomeResolution": null,
      "prediction": null,
      "plotSummaryInfoCount": 1,
      "plotSummaryInfo": {
        "classification": "자연탐구",
        "readAge": "초등_고학년",
        "form": "short-form",
        "plotSummaryText": "필요한 약과 도구가 있었기에 선장님 서둘러 조종실로 돌아갔다.",
        "textWordEA": 8
      }
    },
    {
      "srcTextID": "5620",
      "srcText": "그리고 항해사와 함께 밤새도록 안전하게 배를 몰았어요. 날이 밝자, 바다는 잔잔해졌어요. 따르릉! 전화가 왔어요. “드디어 아기가 태어났어요!”",
      "srcPage": 17,
      "srcSentenceEA": 5,
      "srcWordEA": 20,
      "character": "항해사,바다,전화,아기",
      "setting": "밤새도록,날이 밝자,배",
      "action": "몰았어요,태어났어요",
      "feeling": null,
      "causalRelationship": null,
      "outcomeResolution": "날이 밝자, 바다는 잔잔해졌어요.",
      "prediction": null,
      "plotSummaryInfoCount": 1,
      "plotSummaryInfo": {
        "classification": "자연탐구",
        "readAge": "초등_고학년",
        "form": "long-form",
        "plotSummaryText": "그가 항해사와 함께 밤새 배를 몰자 어느새 날이 밝으며 바다가 잔잔해졌고, 전화로 아기가 태어났다는 소식이 전해졌다.",
        "textWordEA": 16
      }
    },
    {
      "srcTextID": "5609",
      "srcText": "“이제부터 안전에 더욱 신경 써야 한다. 무슨 일이 생기면 바로 나에게 알리도록!” 선장님은 위엄 있게 명령을 내렸어요.",
      "srcPage": 8,
      "srcSentenceEA": 3,
      "srcWordEA": 19,
      "character": "나,선장님",
      "setting": null,
      "action": "명령을 내렸어요,신경 써야 한다",
      "feeling": null,
      "causalRelationship": "무슨 일이 생기면 바로 나에게 알리도록!",
      "outcomeResolution": null,
      "prediction": null,
      "plotSummaryInfoCount": 1,
      "plotSummaryInfo": {
        "classification": "자연탐구",
        "readAge": "초등_고학년",
        "form": "short-form",
        "plotSummaryText": "이제부터 더욱 안전에 신경 쓰고 무슨 일이 생기면 바로 알리라고 선장님이 명령을 내렸다.",
        "textWordEA": 13
      }
    },
    {
      "srcTextID": "5611",
      "srcText": "선원들은 쏜살같이 자기 자리로 돌아갔어요. 이런! 선장님의 걱정이 딱 들어맞았어요. 배가 흔들리자 놀란 원숭이들이 우리 문을 열고 뛰쳐나왔고, 사람들도 겁을 먹고 벌벌 떨었어요. ",
      "srcPage": 9,
      "srcSentenceEA": 4,
      "srcWordEA": 26,
      "character": "선원,선장님,배,원숭이,사람들,문",
      "setting": null,
      "action": "쏜살같이 자기 자리로 돌아갔어요,흔들리자,문을 열고,뛰쳐나왔고,벌벌 떨었어요",
      "feeling": null,
      "causalRelationship": null,
      "outcomeResolution": null,
      "prediction": null,
      "plotSummaryInfoCount": 1,
      "plotSummaryInfo": {
        "classification": "자연탐구",
        "readAge": "초등_고학년",
        "form": "long-form",
        "plotSummaryText": "배가 흔들리자, 선장님이 걱정한 대로 원숭이들이 놀라 우리 문을 열고 뛰쳐나와 사람들이 겁을 먹었다.",
        "textWordEA": 14
      }
    }
  ]
}