{
  "title": "과자 한 움큼, 사탕 한 알만",
  "author": "신연미",
  "illustrator": "조준철",
  "isbn": "9791165433864",
  "publishedYear": 2021,
  "publisher": "아람키즈",
  "paragraphInfoCount": 16,
  "paragraphInfo": [
    {
      "srcTextID": "35736",
      "srcText": "“아, 배불러. 우리 산책하러 가자!” 또치와 뚜치는 강으로 갔어. 그런데 강가에 한 아저씨가 어쩔 줄 몰라 하며 서 있었어. 또치와 뚜치는 걱정이 되어 다가갔어. “무슨 일이에요?” 아저씨는 또치와 뚜치를 보고 깜짝 놀랐지. “놀라지 마세요! 도와주려는 거예요.”",
      "srcPage": 3,
      "srcSentenceEA": 9,
      "srcWordEA": 42,
      "character": "또치,뚜치,아저씨",
      "setting": "강",
      "action": "갔어,서,다가갔어",
      "feeling": "놀랐지",
      "causalRelationship": null,
      "outcomeResolution": null,
      "prediction": null,
      "plotSummaryInfoCount": 1,
      "plotSummaryInfo": {
        "classification": "자연탐구",
        "readAge": "초등_고학년",
        "form": "long-form",
        "plotSummaryText": "또치와 뚜치는 강으로 산책하러 갔는데, 한 아저씨가 어쩔 줄 몰라 하며 서 있어서 다가가 무슨 일이 있는지 물어보았습니다.",
        "textWordEA": 18
      }
    },
    {
      "srcTextID": "35745",
      "srcText": "또치와 뚜치는 상자를 열었어. 상자 속에는 바삭바삭한 과자와 알록달록한 사탕이 가득 들어 있었어. 또치는 사탕 한 알을 입에 쏙 넣었어.",
      "srcPage": 6,
      "srcSentenceEA": 3,
      "srcWordEA": 22,
      "character": "또치,뚜치,과자,사탕",
      "setting": null,
      "action": "열었어,넣었어",
      "feeling": null,
      "causalRelationship": null,
      "outcomeResolution": null,
      "prediction": null,
      "plotSummaryInfoCount": 1,
      "plotSummaryInfo": {
        "classification": "자연탐구",
        "readAge": "초등_고학년",
        "form": "short-form",
        "plotSummaryText": "또치와 뚜치는 상자를 열었는데, 상자 속에는 과자와 사탕이 가득 들어 있었고 또치는 사탕 한 알을 입에 넣었습니다.",
        "textWordEA": 17
      }
    },
    {
      "srcTextID": "35746",
      "srcText": "하지만 뚜치는 들은 체도 안 했지. “싫어, 난 더 먹을 거야!” 그러고는 과자와 사탕을 마구마구 먹었어.",
      "srcPage": 8,
      "srcSentenceEA": 3,
      "srcWordEA": 17,
      "character": "뚜치,과자,사탕",
      "setting": null,
      "action": "먹었어",
      "feeling": "싫어",
      "causalRelationship": null,
      "outcomeResolution": null,
      "prediction": null,
      "plotSummaryInfoCount": 1,
      "plotSummaryInfo": {
        "classification": "자연탐구",
        "readAge": "초등_고학년",
        "form": "short-form",
        "plotSummaryText": "뚜치는 들은 체도 하지 않고 싫어, 난 더 먹을 거라고 하며 과자와 사탕을 마구 먹었습니다.",
        "textWordEA": 15
      }
    },
    {
      "srcTextID": "35759",
      "srcText": "“과자와 사탕에 이렇게 많은 식품 첨가물이 들어가 있다니!” “과자를 많이 먹으면 머리도 아프고, 배도 아플 수 있구나!” “뚜치가 과자와 사탕을 많이 먹은 뒤로 변한 것 같아.”",
      "srcPage": 11,
      "srcSentenceEA": 3,
      "srcWordEA": 26,
      "character": "과자,사탕,뚜치",
      "setting": null,
      "action": "아프고,먹은",
      "feeling": null,
      "causalRelationship": null,
      "outcomeResolution": null,
      "prediction": null,
      "plotSummaryInfoCount": 1,
      "plotSummaryInfo": {
        "classification": "자연탐구",
        "readAge": "초등_고학년",
        "form": "short-form",
        "plotSummaryText": "과자와 사탕에는 많은 식품 첨가물이 있어서 과자를 많이 먹으면 머리도 아프고, 배도 아플 수 있고 뚜치도 과자와 사탕을 많이 먹은 뒤에 변한 거 같습니다.",
        "textWordEA": 24
      }
    },
    {
      "srcTextID": "35729",
      "srcText": "“뚜치야, 아침 먹자!” 또치와 뚜치의 식탁은 언제나 신선한 과일과 채소, 싱싱한 생선으로 가득했어. 또치는 빨갛게 익은 사과를 한입 먹었어. “음, 맛있다!” 뚜치는 노랗게 찐 호박을 한입 먹었어. “음, 달콤해!”",
      "srcPage": 2,
      "srcSentenceEA": 6,
      "srcWordEA": 32,
      "character": "뚜치,또치,생선,사과",
      "setting": null,
      "action": "먹었어,찐",
      "feeling": "달콤해",
      "causalRelationship": null,
      "outcomeResolution": null,
      "prediction": null,
      "plotSummaryInfoCount": 1,
      "plotSummaryInfo": {
        "classification": "자연탐구",
        "readAge": "초등_고학년",
        "form": "long-form",
        "plotSummaryText": "또치와 뚜치의 식탁에는 신선한 과일과 채소, 싱싱한 생선으로 가득했고 또치는 사과를 한입 먹었고 맛있다고 하였고, 뚜치는 호박을 한입 먹고 달콤하다고 했습니다.",
        "textWordEA": 21
      }
    },
    {
      "srcTextID": "35743",
      "srcText": "아저씨가 더듬더듬 말했어. “강 건넛마을에 과자와 사탕을 전해 주러 가야 하는데, 다리가 끊어져 강을 건널 수가 없구나.” “그런 거라면 문제없어요!” 또치와 뚜치가 도깨비방망이를 꺼내서 휘둘렀어. “튼튼한 다리야, 나와라, 뚝딱!”",
      "srcPage": 4,
      "srcSentenceEA": 5,
      "srcWordEA": 30,
      "character": "아저씨,또치,뚜치,도깨비방망이,다리",
      "setting": null,
      "action": "말했어,꺼내서,휘둘렀어",
      "feeling": null,
      "causalRelationship": null,
      "outcomeResolution": null,
      "prediction": null,
      "plotSummaryInfoCount": 1,
      "plotSummaryInfo": {
        "classification": "자연탐구",
        "readAge": "초등_고학년",
        "form": "long-form",
        "plotSummaryText": "아저씨는 더듬더듬 강 건넛마을에 과자와 사탕을 주러 가야 하는데, 다리가 끊어졌다고 말하자, 또치와 뚜치가 도깨비방망이를 꺼내서 튼튼한 다리야 나와라 하며 휘둘렀습니다.",
        "textWordEA": 21
      }
    },
    {
      "srcTextID": "35756",
      "srcText": "요즘 들어 뚜치의 모습이 조금 달라졌어. 또치의 피부는 여전히 매끈매끈한데 뚜치의 피부는 울긋불긋 까칠까칠해졌거든. 아무래도 뚜치에게 무슨 일이 생긴 것 같았어. 뚜치는 밤마다 가렵다며 온몸을 박박 긁어 대느라 잠도 잘 못 잤어. 낮에는 꾸벅꾸벅 조느라 재미있는 놀이도 못 했고, 작은 일에도 짜증을 냈어.",
      "srcPage": 10,
      "srcSentenceEA": 5,
      "srcWordEA": 47,
      "character": "뚜치,또치",
      "setting": "낮에",
      "action": "긁어,잤어,조느라",
      "feeling": "짜증을 냈어",
      "causalRelationship": null,
      "outcomeResolution": null,
      "prediction": null,
      "plotSummaryInfoCount": 1,
      "plotSummaryInfo": {
        "classification": "자연탐구",
        "readAge": "초등_고학년",
        "form": "long-form",
        "plotSummaryText": "또치의 피부는 매끈한데 뚜치의 피부는 울긋불긋 까칠해졌고, 뚜치는 밤마다 가렵다고 긁어 대느라 잠을 잘 못 자서 낮에는 조느라 재미있는 놀이도 못 하고 작은 일에도 짜증을 냈습니다.",
        "textWordEA": 26
      }
    },
    {
      "srcTextID": "35760",
      "srcText": "또치는 과자와 사탕에 대해 꼼꼼히 알아보았어. “역시 과자와 사탕을 많이 먹으면 안 되는 거였어. 뚜치를 말려야 해.”  뚜치가 과자와 사탕을 먹을 때마다 또치는 도깨비방망이를 휘둘렀어. “싱싱한 과일로 변해라! 뚝딱!”",
      "srcPage": 12,
      "srcSentenceEA": 6,
      "srcWordEA": 33,
      "character": "또치,뚜치,도깨비방망이,사탕,과자,과일",
      "setting": null,
      "action": "알아보았어,휘둘렀어",
      "feeling": null,
      "causalRelationship": null,
      "outcomeResolution": null,
      "prediction": null,
      "plotSummaryInfoCount": 1,
      "plotSummaryInfo": {
        "classification": "자연탐구",
        "readAge": "초등_고학년",
        "form": "long-form",
        "plotSummaryText": "또치는 과자와 사탕에 대해 알아보았고 과자와 사탕을 많이 먹으면 안 되는 것을 알고 뚜치를 말리러 갔습니다.",
        "textWordEA": 16
      }
    },
    {
      "srcTextID": "35767",
      "srcText": "뚜치는 또치에게 마구마구 화를 냈어. 하지만 또치는 뚜치를 졸졸 따라다니며 도깨비방망이를 휘둘러 댔지. “싱싱한 과일로 변해라, 뚝딱!” 그렇게 며칠이 지나자 까칠까칠했던 뚜치의 피부가 다시 매끈매끈해졌어. 밤에도 뚜치는 온몸을 긁지 않고 코까지 골며 잠도 잘 잤어.",
      "srcPage": 13,
      "srcSentenceEA": 5,
      "srcWordEA": 38,
      "character": "뚜치,또치,도깨비방망,과일",
      "setting": null,
      "action": "화를 냈어,따라다니며,휘둘러,골며,잤어",
      "feeling": null,
      "causalRelationship": null,
      "outcomeResolution": null,
      "prediction": null,
      "plotSummaryInfoCount": 1,
      "plotSummaryInfo": {
        "classification": "자연탐구",
        "readAge": "초등_고학년",
        "form": "long-form",
        "plotSummaryText": "뚜치는 또치에게 화를 냈고 또치는 뚜치를 따라다니며 도깨비방망이를 휘둘러대고 다니자, 뚜치의 피부가 다시 매끈해졌고 밤에도 잠도 잘 잤습니다.",
        "textWordEA": 18
      }
    },
    {
      "srcTextID": "35768",
      "srcText": "또치와 뚜치가 아침을 먹었어. 식탁 위에는 신선한 과일과 채소, 싱싱한 생선이 가득했지. 또치는 파릇파릇 싱싱한 상추를 한입 먹었어. “음, 아삭해!” 뚜치는 노릇노릇 잘 구운 생선을 한입 먹었어. “음, 고소해!”",
      "srcPage": 14,
      "srcSentenceEA": 6,
      "srcWordEA": 32,
      "character": "또치,뚜치,생선,과일,채소,상추",
      "setting": null,
      "action": "먹었어,구운",
      "feeling": null,
      "causalRelationship": null,
      "outcomeResolution": null,
      "prediction": null,
      "plotSummaryInfoCount": 1,
      "plotSummaryInfo": {
        "classification": "자연탐구",
        "readAge": "초등_고학년",
        "form": "long-form",
        "plotSummaryText": "또치와 뚜치가 아침을 먹는데, 식탁 위에는 과일과 채소, 생선이 가득했고 또치는 상추를 한입 먹고 아삭하다고 말했고, 뚜치는 생선을 한입 먹고 고소하다고 했습니다.",
        "textWordEA": 22
      }
    },
    {
      "srcTextID": "35769",
      "srcText": "아침을 다 먹은 후, 뚜치가 과자와 사탕을 꺼냈어.  “과자 한 움큼씩, 사탕 한 알씩만 먹자.” 또치와 뚜치는 과자와 사탕을 사이좋게 나누어 먹었어.",
      "srcPage": 15,
      "srcSentenceEA": 3,
      "srcWordEA": 23,
      "character": "뚜치,또치,과자,사탕",
      "setting": null,
      "action": "먹은,꺼냈어,먹었어,나누어",
      "feeling": null,
      "causalRelationship": null,
      "outcomeResolution": null,
      "prediction": null,
      "plotSummaryInfoCount": 1,
      "plotSummaryInfo": {
        "classification": "자연탐구",
        "readAge": "초등_고학년",
        "form": "short-form",
        "plotSummaryText": "아침을 다 먹은 후, 뚜치가 과자와 사탕을  꺼내면서 과자 한 움큼씩, 사탕 한 알씩만 먹자 하였고 또치와 뚜치는 사이좋게 나누어 먹었습니다.",
        "textWordEA": 22
      }
    },
    {
      "srcTextID": "35744",
      "srcText": "아저씨는 무척 고마워하며 트럭에서 상자를 꺼내어 또치와 뚜치에게 건넸어. “도깨비들아, 고마워! 과자와 사탕을 선물로 줄게. 한 번에 많이 먹지 말고, 조금씩 먹으렴.”",
      "srcPage": 5,
      "srcSentenceEA": 4,
      "srcWordEA": 24,
      "character": "아저씨,또치,뚜치,도깨비,트럭,사탕,과자",
      "setting": null,
      "action": "꺼내어,건넸어,줄게,먹으렴",
      "feeling": "고마워하며,고마워",
      "causalRelationship": null,
      "outcomeResolution": null,
      "prediction": null,
      "plotSummaryInfoCount": 1,
      "plotSummaryInfo": {
        "classification": "자연탐구",
        "readAge": "초등_고학년",
        "form": "long-form",
        "plotSummaryText": "아저씨는 고마워하며 트럭에서 상자를 꺼내서 또치와 뚜치에게 주면서 고마워, 과자와 사탕을 선물로 줄 테니, 한 번에 많이 먹지 말고 조금씩 먹으라고 말했습니다.",
        "textWordEA": 22
      }
    },
    {
      "srcTextID": "35747",
      "srcText": "“음, 달콤해!” 뚜치는 과자 한 봉지를 허겁지겁 먹었어. “음, 고소해!” 또치는 사탕 두 알만 먹고 사탕 봉지를 묶었어. “뚜치야, 그만 먹자. 아저씨가 한 번에 조금씩 먹으라고 했잖아.”",
      "srcPage": 7,
      "srcSentenceEA": 6,
      "srcWordEA": 30,
      "character": "뚜치,또치,아저씨,과자,사탕",
      "setting": null,
      "action": "먹었어,먹고,묶었어,먹자",
      "feeling": "달콤해,고소해",
      "causalRelationship": null,
      "outcomeResolution": null,
      "prediction": null,
      "plotSummaryInfoCount": 1,
      "plotSummaryInfo": {
        "classification": "자연탐구",
        "readAge": "초등_고학년",
        "form": "long-form",
        "plotSummaryText": "또치는 달콤하다 했고, 뚜치는 과자를 먹고 고소하다고 했고 또치는 사탕 두 알만 먹고 사탕 봉지를 묶고 뚜치에게  아저씨가 한 번에 조금씩 먹으라고 했으니 그만 먹으라고 말했습니다.",
        "textWordEA": 27
      }
    },
    {
      "srcTextID": "35753",
      "srcText": "다음 날도 그다음 날도 마찬가지였어. 또치가 말리는데도 뚜치는 과자와 사탕만 먹어 댔지. 싱싱한 과일과 채소는 본 체도 않고 말이야. 그뿐 아니었어. 과자와 사탕이 떨어지니까 도깨비방망이를 휘둘렀어. “과자와 사탕 나와라, 뚝딱!”",
      "srcPage": 9,
      "srcSentenceEA": 6,
      "srcWordEA": 34,
      "character": "또치,뚜치,과자,사탕,과일,채소,도깨비방망이",
      "setting": null,
      "action": "말리는데도,먹어,휘둘렀어",
      "feeling": null,
      "causalRelationship": null,
      "outcomeResolution": null,
      "prediction": null,
      "plotSummaryInfoCount": 1,
      "plotSummaryInfo": {
        "classification": "자연탐구",
        "readAge": "초등_고학년",
        "form": "long-form",
        "plotSummaryText": "뚜치는 또치가 말리는 데도 과자와 사탕만 먹고 과일과 채소는 본 체도 하지 않고, 사탕과 과자가 떨어지니깐 도깨비방망이로 과자와 사탕이 나오라 하면서 휘둘렀습니다.",
        "textWordEA": 22
      }
    },
    {
      "srcTextID": "35728",
      "srcText": "푸른 숲속에 도깨비 형제 또치와 뚜치가 살고 있었어. 또치와 뚜치는 피부색만 달랐지 똑같이 생겼어. 그래서 친구들이 때때로 헷갈리기도 했어.",
      "srcPage": 1,
      "srcSentenceEA": 3,
      "srcWordEA": 21,
      "character": "도깨비,또치,뚜치,친구들,형제",
      "setting": "푸른 숲",
      "action": null,
      "feeling": null,
      "causalRelationship": null,
      "outcomeResolution": null,
      "prediction": null,
      "plotSummaryInfoCount": 1,
      "plotSummaryInfo": {
        "classification": "자연탐구",
        "readAge": "초등_고학년",
        "form": "short-form",
        "plotSummaryText": "푸른 숲속에 도깨비 형제 또치와 뚜치가 살고 있었는데, 형제는 피부색만 다르고 똑같이 생겨서 친구들이 헷갈리기도 했습니다.",
        "textWordEA": 16
      }
    },
    {
      "srcTextID": "145467",
      "srcText": "화학조미료 같은 식품 첨가물은 많이 먹으면 머리가 아프고 알레르기를 일으키는 등 건강이 나빠질 수 있어요. 화학조미료 맛에 길들여지면 화학조미료가 들어가지 않은 음식은 맛없게 느껴져요. 그래서 자꾸 화학조미료가 들어간 음식만 찾게 되고 비만으로 이어질 수 있어요.",
      "srcPage": 16,
      "srcSentenceEA": 3,
      "srcWordEA": 37,
      "character": "화학조미료,식품 첨가물,머리,알레르기,음식,비만",
      "setting": null,
      "action": "많이 먹으면,아프고,일으키는",
      "feeling": null,
      "causalRelationship": null,
      "outcomeResolution": null,
      "prediction": null,
      "plotSummaryInfoCount": 1,
      "plotSummaryInfo": {
        "classification": "자연탐구",
        "readAge": "초등_고학년",
        "form": "short-form",
        "plotSummaryText": "화학조미료 맛에 길들여지면 화학조미료가 들어가지 않은 음식을 맛없게 느껴지며, 머리가 아프고 알레르기를 일으키는 등 건강이 나빠질 수 있습니다.",
        "textWordEA": 18
      }
    }
  ]
}