{
  "title": "겨울 떡갈나무",
  "author": "유리 나기빈",
  "illustrator": "삽화 없는 동화책",
  "isbn": "8975255115",
  "publishedYear": 1996,
  "publisher": "학원출판공사",
  "paragraphInfoCount": 17,
  "paragraphInfo": [
    {
      "srcTextID": "84474",
      "srcText": "프롤로프는 무릎까지 눈에 잠기며 선생님에게 길을 비켜주었다. 안나 선생님은 눈에 잠겨 5학년 아이들 정도의 키가 돼 버린 그를 내려다보며 절을 하고 앞으로 나아갔다. 창문이 큰 2층 건물의 교사는 낮은 담장을 사이에 두고 큰 길 바로 옆에 서 있었다.",
      "srcPage": 6,
      "srcSentenceEA": 3,
      "srcWordEA": 40,
      "character": "프롤로프,무릎,눈,안나 선생님,5학년 아이들,키,그,창문,교사,담장",
      "setting": null,
      "action": "잠기며,비켜주었다,잠겨,키가 돼,내려다보며,절을 하고,나아갔다,두고,서 있었다",
      "feeling": null,
      "causalRelationship": null,
      "outcomeResolution": null,
      "prediction": null,
      "plotSummaryInfoCount": 1,
      "plotSummaryInfo": {
        "classification": "자연탐구",
        "readAge": "초등_고학년",
        "form": "short-form",
        "plotSummaryText": "프롤로프가 길을 비켜주자 안나 선생님은 그를 내려다보며 절을 하고 나아갔고 2층 건물의 교사는 큰길 바로 옆에 서 있었다.",
        "textWordEA": 18
      }
    },
    {
      "srcTextID": "84545",
      "srcText": "\"예를 들어 '이것은 누구입니까?' '학생입니다.' 또는 '이것은 무엇입니까?' '책입니다.'라고 하듯이.\" 이렇게 선생님이 열심히 설명하고 있는데 갑자기 노크 소리가 들렸다. \"선생님, 들어가도 좋습니까?\"",
      "srcPage": 16,
      "srcSentenceEA": 7,
      "srcWordEA": 25,
      "character": "이것,학생,선생님,책",
      "setting": null,
      "action": "설명하고,노크 소리가 들렸다,들어가도",
      "feeling": null,
      "causalRelationship": null,
      "outcomeResolution": null,
      "prediction": null,
      "plotSummaryInfoCount": 1,
      "plotSummaryInfo": {
        "classification": "자연탐구",
        "readAge": "초등_고학년",
        "form": "long-form",
        "plotSummaryText": "선생님이 설명하고 있을 때, 갑자기 노크 소리가 들리고 들어가도 좋냐고 물었다.",
        "textWordEA": 11
      }
    },
    {
      "srcTextID": "84549",
      "srcText": "조용히 열린 문틈으로 낡은 펠트 장화를 신고 서 있는 작은 모습이 보였다. 장화에는 흰 눈이 군데군데 녹아내리고 있다. 심한 추위로 둥근 얼굴이 빨갛게 달아올랐다.",
      "srcPage": 17,
      "srcSentenceEA": 3,
      "srcWordEA": 26,
      "character": "펠트 장화,흰 눈,둥근 얼굴",
      "setting": null,
      "action": "신고,서 있는,보였다,녹아내리고,달아올랐다,조용히 열린",
      "feeling": null,
      "causalRelationship": null,
      "outcomeResolution": null,
      "prediction": null,
      "plotSummaryInfoCount": 1,
      "plotSummaryInfo": {
        "classification": "자연탐구",
        "readAge": "초등_고학년",
        "form": "short-form",
        "plotSummaryText": "열린 문틈으로 흰 눈이 녹아내리는 장화와 빨간 둥근 얼굴의 작은 모습이 보였다.",
        "textWordEA": 12
      }
    },
    {
      "srcTextID": "84466",
      "srcText": "(저 사람이 길을 비켜 주지 않으면 어쩌지?) 안나 선생님은 조금 허둥대었지만 여전히 명랑한 표정을 짓고 있다. 길 위는 얼어 단단했지만 한 발짝이라도 잘못 디디면 눈 속에 파 묻혀 버릴 것 같다. 그러나 우바로프카 마을 사람들 가운데 선생님에게 길을 비켜 주지 않을 사람이 있겠는가.",
      "srcPage": 1,
      "srcSentenceEA": 4,
      "srcWordEA": 46,
      "character": "사람,안나 선생님,우바로프카 마을 사람들,선생님",
      "setting": null,
      "action": "비켜,허둥대었지만,짓고,얼어,디디면,파 묻혀,비켜 주지",
      "feeling": null,
      "causalRelationship": null,
      "outcomeResolution": null,
      "prediction": null,
      "plotSummaryInfoCount": 1,
      "plotSummaryInfo": {
        "classification": "자연탐구",
        "readAge": "초등_고학년",
        "form": "long-form",
        "plotSummaryText": "안나 선생님은 조금 허둥대었지만, 명랑한 표정을 짓고 있고 우바로프카 마을 사람들 가운데 선생님에게 길을 비켜 주지 않을 사람이 없다.",
        "textWordEA": 19
      }
    },
    {
      "srcTextID": "84468",
      "srcText": "두 사람은 마주 섰다. 다가온 사람은 말 사육장의 조련사 프롤로프였다. \"안녕하십니까, 안나 바실리예브나 선생님.\" 프롤로프는 짤막하게 깎아 올린 머리에 쓴 가죽 모자를 들어 올렸다.",
      "srcPage": 2,
      "srcSentenceEA": 4,
      "srcWordEA": 26,
      "character": "두 사람,사람,조련사,프롤로프,안나 바실리예브나,선생님,머리,가죽 모자",
      "setting": "말 사육장",
      "action": "마주 섰다,다가온,깎아,올린,쓴,들어,올렸다",
      "feeling": null,
      "causalRelationship": null,
      "outcomeResolution": null,
      "prediction": null,
      "plotSummaryInfoCount": 1,
      "plotSummaryInfo": {
        "classification": "자연탐구",
        "readAge": "초등_고학년",
        "form": "long-form",
        "plotSummaryText": "조련사 프롤로프는 안나 바실리예브나 선생님께 인사하고 짤막하게 깎아 올린 머리에 쓴 가죽 모자를 들어 올렸다.",
        "textWordEA": 15
      }
    },
    {
      "srcTextID": "84465",
      "srcText": "\"안녕하세요! 빨리 쓰세요. 굉장히 추워요!\" 프롤로프는 빨리 모자를 쓰고 싶었지만 추위쯤은 겁나지 않는다는 듯 일부러 꾸물거렸다. 프롤로프는 목욕탕에서 막 나온 사람처럼 매끈매끈한 핑크빛 피부를 하고 있었다. 짧은 털가죽 코트가 늘씬하게 뻗은 날렵한 몸에 꼭 맞았다.",
      "srcPage": 3,
      "srcSentenceEA": 5,
      "srcWordEA": 40,
      "character": "프롤로프,모자,사람,핑크빛 피부,털가죽 코트,몸",
      "setting": null,
      "action": "쓰세요,쓰고,꾸물거렸다,나온,하고,뻗은,맞았다",
      "feeling": "겁나지 않는다는",
      "causalRelationship": null,
      "outcomeResolution": null,
      "prediction": null,
      "plotSummaryInfoCount": 1,
      "plotSummaryInfo": {
        "classification": "자연탐구",
        "readAge": "초등_고학년",
        "form": "long-form",
        "plotSummaryText": "프롤로프는 빨리 모자를 쓸 때 일부러 꾸물거렸고 털가죽 코트가 날렵하고 핑크빛 피부의 몸에 꼭 맞았다.",
        "textWordEA": 15
      }
    },
    {
      "srcTextID": "84467",
      "srcText": "그는 그것으로 무릎 아래까지 오는 하얀 펠트 장화를 찰싹 때리며 정중하게 물었다. \"우리 집 로샤가 장난을 치지는 않는지요?\" \"그야 장난치지요. 하지만 아이들이란 장난을 치는 법이니까요. 다만 한도를 넘어선 안 되지만.\"",
      "srcPage": 4,
      "srcSentenceEA": 5,
      "srcWordEA": 32,
      "character": "그,그것,무릎 아래,하얀 펠트 장화,로샤,아이들",
      "setting": null,
      "action": "오는,때리며,물었다,장난을 치지는,장난치지요,치는,넘어선",
      "feeling": null,
      "causalRelationship": null,
      "outcomeResolution": null,
      "prediction": null,
      "plotSummaryInfoCount": 1,
      "plotSummaryInfo": {
        "classification": "자연탐구",
        "readAge": "초등_고학년",
        "form": "long-form",
        "plotSummaryText": "그는 장화를 찰싹 때리며 우리 집 로샤가 장난을 치지는 않냐고 정중하게 물었고 아이들이란 장난을 치는 법이라고 대답했다.",
        "textWordEA": 17
      }
    },
    {
      "srcTextID": "84471",
      "srcText": "아이들 교육에 대해서라면 잘 알고 있다는 듯 안나 선생님이 대답했다. 프롤로프는 씁쓸히 웃으며 말했다. \"하지만 우리 집 로샤는 아비를 닮은 얌전한 아이인데요.\"",
      "srcPage": 5,
      "srcSentenceEA": 3,
      "srcWordEA": 23,
      "character": "아이들,안나 선생님,프롤로프,로샤,아비,아이",
      "setting": "우리 집",
      "action": "알고,대답했다,웃으며,말했다,닮은,얌전한",
      "feeling": "씁쓸히",
      "causalRelationship": null,
      "outcomeResolution": null,
      "prediction": null,
      "plotSummaryInfoCount": 1,
      "plotSummaryInfo": {
        "classification": "자연탐구",
        "readAge": "초등_고학년",
        "form": "short-form",
        "plotSummaryText": "안나 선생님이 대답에 프롤로프는 씁쓸히 웃으며 로샤는 얌전한 아이라고 말했다.",
        "textWordEA": 10
      }
    },
    {
      "srcTextID": "84470",
      "srcText": "가까운 마을 아이들, 말 사육장의 아이들, 석유 공장이나 요양소, 토탄을 캐는 먼 시골 아이들이 다니고 있다. 오늘도 도로 왼편과 오른편에서 학교를 향해 아이들이 몰려오고 있다. 여자아이의 차양 없는 모자며 목도리, 사내아이의 차양 있는 둥근 모자, 귀덮개가 달린 방한모가 시냇물처럼 모여들었다.",
      "srcPage": 8,
      "srcSentenceEA": 3,
      "srcWordEA": 42,
      "character": "아이들,말,토탄,여자아이,목도리,사내아이,귀덮개가 달린 방한모,시냇물,차양 없는 모자,차양 있는 둥근 모자",
      "setting": "학교",
      "action": "캐는,다니고,몰려오고,달린,모여들었다",
      "feeling": null,
      "causalRelationship": null,
      "outcomeResolution": null,
      "prediction": null,
      "plotSummaryInfoCount": 1,
      "plotSummaryInfo": {
        "classification": "자연탐구",
        "readAge": "초등_고학년",
        "form": "short-form",
        "plotSummaryText": "오늘도 도로 왼편과 오른편에서 학교를 향해 모자와 목도리를 한 아이들이 시냇물처럼 모여들었다.",
        "textWordEA": 12
      }
    },
    {
      "srcTextID": "84472",
      "srcText": "안나 선생님의 첫째 시간 수업은 5학년 A반이었다. 수업 시작을 알리는 종소리가 울리자 선생님은 교실로 들어갔다. 아이들은 일어서서 정답게 인사를 한 다음 자리에 앉았다.",
      "srcPage": 10,
      "srcSentenceEA": 3,
      "srcWordEA": 25,
      "character": "안나 선생님,종소리,아이들,자리",
      "setting": "교실,5학년 A반",
      "action": "수업 시작을 알리는,울리자,들어갔다,일어서서,자리에 앉았다,인사를 한",
      "feeling": null,
      "causalRelationship": null,
      "outcomeResolution": null,
      "prediction": null,
      "plotSummaryInfoCount": 1,
      "plotSummaryInfo": {
        "classification": "자연탐구",
        "readAge": "초등_고학년",
        "form": "short-form",
        "plotSummaryText": "종소리가 울리자 안나 선생님은 5학년 A반 교실로 들어갔고 아이들은 인사를 한 다음 자리에 앉았다.",
        "textWordEA": 14
      }
    },
    {
      "srcTextID": "84547",
      "srcText": "선생님은 몸이 훈훈해지는 듯한 온화한 기분에 젖어 침착한 목소리로 수업을 시작했다. \"사물의 이름을 나타내는 품사를 명사라고 합니다. 문법에서 '사물'이란 '이것은 누구입니까?' 혹은 '이것은 무엇입니까? 하고 물을 수 있는 것을 말합니다.\"",
      "srcPage": 15,
      "srcSentenceEA": 7,
      "srcWordEA": 34,
      "character": "선생님,몸,사물",
      "setting": null,
      "action": "젖어,시작했다,나타내는,물을 수 있는 것,말합니다",
      "feeling": "훈훈해지는,온화한 기분에",
      "causalRelationship": null,
      "outcomeResolution": null,
      "prediction": null,
      "plotSummaryInfoCount": 1,
      "plotSummaryInfo": {
        "classification": "자연탐구",
        "readAge": "초등_고학년",
        "form": "long-form",
        "plotSummaryText": "선생님은 온화한 기분에 젖어 침착한 목소리로 명사에 대한 수업을 시작했다.",
        "textWordEA": 10
      }
    },
    {
      "srcTextID": "84473",
      "srcText": "창문에는 새하얀 성에가 갖가지 아름다운 무늬를 그려 놓았다. 붉은 벽돌교사가 반사되어 눈은 길가까지 발그무레해 보였다. 우바로프카 마을에서 조금 떨어진 큰 길가에 국민 학교가 있는데, 이 언저리 아이들이 여기서 공부하고 있다.",
      "srcPage": 7,
      "srcSentenceEA": 3,
      "srcWordEA": 32,
      "character": "창문,성에,무늬,붉은 벽돌교사,눈,아이들",
      "setting": "우바로프카 마을,국민 학교",
      "action": "그려 놓았다,반사되어,발그무레해 보였다,떨어진,공부하고",
      "feeling": null,
      "causalRelationship": null,
      "outcomeResolution": null,
      "prediction": null,
      "plotSummaryInfoCount": 1,
      "plotSummaryInfo": {
        "classification": "자연탐구",
        "readAge": "초등_고학년",
        "form": "short-form",
        "plotSummaryText": "우바로프카 마을에서 조금 떨어진 곳에 있는 국민 학교에서 이 언저리 아이들이 공부하고 있다.",
        "textWordEA": 13
      }
    },
    {
      "srcTextID": "84469",
      "srcText": "\"안녕! 안나 선생님.\" 아이들의 목소리가 끊임없이 울렸다. 새된 목소리, 또렷한 목소리. 눈 아래까지 감은 목도리 밑에서 겨우 들리는 작은 목소리.",
      "srcPage": 9,
      "srcSentenceEA": 4,
      "srcWordEA": 24,
      "character": "안나 선생님,아이들,눈,목도리",
      "setting": null,
      "action": "울렸다,감은,들리는",
      "feeling": null,
      "causalRelationship": null,
      "outcomeResolution": null,
      "prediction": null,
      "plotSummaryInfoCount": 1,
      "plotSummaryInfo": {
        "classification": "자연탐구",
        "readAge": "초등_고학년",
        "form": "long-form",
        "plotSummaryText": "안나 선생님께 인사하는 아이들의 또렷한 목소리가 끊임없이 울렸다.",
        "textWordEA": 8
      }
    },
    {
      "srcTextID": "84550",
      "srcText": "좀처럼 조용해지지 않았다. 책상 뚜껑을 탕탕 여닫는 소리, 삐걱거리는 의자 소리. 게다가 누군가는 아침의 태평스런 기분과 작별하기 위해 야단스럽게 긴 한숨을 내쉬었다.",
      "srcPage": 11,
      "srcSentenceEA": 3,
      "srcWordEA": 24,
      "character": "책상 뚜껑,의자",
      "setting": "아침",
      "action": "조용해지지,여닫는 소리,작별하기,한숨을 내쉬었다,삐걱거리는",
      "feeling": null,
      "causalRelationship": null,
      "outcomeResolution": null,
      "prediction": null,
      "plotSummaryInfoCount": 1,
      "plotSummaryInfo": {
        "classification": "자연탐구",
        "readAge": "초등_고학년",
        "form": "short-form",
        "plotSummaryText": "의자 소리, 책상 뚜껑을 여닫는 소리, 한숨을 내쉬는 소리 등 아침은 좀처럼 조용해지지 않았다.",
        "textWordEA": 14
      }
    },
    {
      "srcTextID": "84546",
      "srcText": "\"오늘은 품사 나누기를 계속 공부합시다.\" 교실은 순식간에 조용해졌다. 그때 큰 길을 덜컹거리며 지나가는 자동차 소리가 들렸다.",
      "srcPage": 12,
      "srcSentenceEA": 3,
      "srcWordEA": 18,
      "character": "자동차",
      "setting": "오늘은,교실,그때",
      "action": "공부합시다,조용해졌다,덜컹거리며,지나가는,들렸다,품사 나누기를",
      "feeling": null,
      "causalRelationship": null,
      "outcomeResolution": null,
      "prediction": null,
      "plotSummaryInfoCount": 1,
      "plotSummaryInfo": {
        "classification": "자연탐구",
        "readAge": "초등_고학년",
        "form": "short-form",
        "plotSummaryText": "오늘의 공부 내용을 말하자, 교실은 순식간에 조용해졌는데 그때 큰길을 지나가는 자동차 소리가 들렸다.",
        "textWordEA": 13
      }
    },
    {
      "srcTextID": "84548",
      "srcText": "안나 선생님은 작년, 수업을 처음 시작할 때 마치 시험 치르는 국민학생처럼 가슴이 두근거리던 생각이 났다. '품사에는 명사가 있습니다. 품사에는 명사가 있습니다.'",
      "srcPage": 13,
      "srcSentenceEA": 3,
      "srcWordEA": 22,
      "character": "안나 선생님,국민학생,품사,명사",
      "setting": "작년",
      "action": "시작할,시험을 치르는,두근거리던,생각이 났다,있습니다",
      "feeling": null,
      "causalRelationship": null,
      "outcomeResolution": null,
      "prediction": null,
      "plotSummaryInfoCount": 1,
      "plotSummaryInfo": {
        "classification": "자연탐구",
        "readAge": "초등_고학년",
        "form": "short-form",
        "plotSummaryText": "안나 선생님은 작년, 수업을 처음 시작할 때 국민학생처럼 가슴이 두근거리던 생각이 났다.",
        "textWordEA": 12
      }
    },
    {
      "srcTextID": "84551",
      "srcText": "혼자서 여러 번 되풀이해 외던 일이며, 갑자기 깡그리 잊게 되면 어쩌나 하는 이상한 두려움에 시달리던 일. 안나 선생님은 이 같은 회상을 하며 빙그레 웃었다. 틀어올린 머리에 꽂은 머리핀을 고쳐 꽂았다.",
      "srcPage": 14,
      "srcSentenceEA": 3,
      "srcWordEA": 32,
      "character": "안나 선생님,머리,머리핀",
      "setting": null,
      "action": "외던,잊게 되면,하는,시달리던,회상을 하며,웃었다,꽂은,고쳐,꽂았다,틀어올린",
      "feeling": "두려움",
      "causalRelationship": null,
      "outcomeResolution": null,
      "prediction": null,
      "plotSummaryInfoCount": 1,
      "plotSummaryInfo": {
        "classification": "자연탐구",
        "readAge": "초등_고학년",
        "form": "short-form",
        "plotSummaryText": "안나 선생님은 이상한 두려움에 시달리던 일 등을 회상하며 머리핀을 고쳐 꽂았다.",
        "textWordEA": 11
      }
    }
  ]
}