{
  "title": "바까보까부까, 물질아 변해라!",
  "author": "강민우",
  "illustrator": "김희영",
  "isbn": "9791128211430",
  "publishedYear": 2018,
  "publisher": "아람북스",
  "paragraphInfoCount": 26,
  "paragraphInfo": [
    {
      "srcTextID": "32420",
      "srcText": "수업이 끝나고 꼬마 마법사들은 마법 놀이를 했어. 루디만 빼고 말이야. “딱딱한 초가 물처럼 줄줄 흐르게 마법을 부려 보자.”",
      "srcPage": 4,
      "srcSentenceEA": 3,
      "srcWordEA": 19,
      "character": "꼬마 마법사,물,초,루디",
      "setting": null,
      "action": "마법을 부려 보자,마법 놀이를 했어",
      "feeling": null,
      "causalRelationship": null,
      "outcomeResolution": null,
      "prediction": null,
      "plotSummaryInfoCount": 1,
      "plotSummaryInfo": {
        "classification": "자연탐구",
        "readAge": "초등_고학년",
        "form": "short-form",
        "plotSummaryText": "루디만 빼고 꼬마 마법사들은 마법 놀이를 했는데, 초가 물처럼 줄줄 흐르는 마법을 부려보자 말했습니다.",
        "textWordEA": 14
      }
    },
    {
      "srcTextID": "32419",
      "srcText": "“내가 해 볼게!” 반에서 가장 마법 성적이 좋은 꼬마 마법사가 나섰어. “바까보까부까! 변해라, 얍!” 마법 지팡이를 휘두르며 주문을 외웠지만 초는 그대로였지.",
      "srcPage": 5,
      "srcSentenceEA": 4,
      "srcWordEA": 24,
      "character": "꼬마 마법사,마법 지팡이,초",
      "setting": null,
      "action": "휘두르며,외웠지만",
      "feeling": null,
      "causalRelationship": null,
      "outcomeResolution": null,
      "prediction": null,
      "plotSummaryInfoCount": 1,
      "plotSummaryInfo": {
        "classification": "자연탐구",
        "readAge": "초등_고학년",
        "form": "long-form",
        "plotSummaryText": "마법 성적이 가장 좋은 꼬마 마법사가 해보겠다고 마법 지팡이를 휘두르며 주문을 외웠지만 초는 그대로였습니다.",
        "textWordEA": 14
      }
    },
    {
      "srcTextID": "32458",
      "srcText": "꼬마 마법사들은 물이 줄어든 것을 보고도 루디의 말을 믿기 어려웠어. “그럼 눈에 안 보이는 것까지 볼 수 있는 마법 안경을 쓰면 되지.” 잠자코 지켜보던 선생님이 마법 안경을 꺼내 쓰자 꼬마 마법사들도 선생님을 따라 마법 안경을 썼어.",
      "srcPage": 17,
      "srcSentenceEA": 3,
      "srcWordEA": 37,
      "character": "꼬마 마법사,선생님,루디,마법 안경",
      "setting": null,
      "action": "꺼내 쓰자,따라",
      "feeling": null,
      "causalRelationship": null,
      "outcomeResolution": null,
      "prediction": null,
      "plotSummaryInfoCount": 1,
      "plotSummaryInfo": {
        "classification": "자연탐구",
        "readAge": "초등_고학년",
        "form": "short-form",
        "plotSummaryText": "꼬마 마법사들은 루디의 말을 믿기 어려워했고, 선생님이 눈에 안 보이는 것까지 볼 수 있는 마법의 안경을 꺼내 쓰자 꼬마 마법사들도 따라 마법 안경을 썼습니다.",
        "textWordEA": 24
      }
    },
    {
      "srcTextID": "32457",
      "srcText": "그랬더니 정말 루디 말대로 날아가는 수증기가 보였지. “루디가 우리 중에서 마법을 가장 잘하나 봐.” 꼬마 마법사들은 루디를 치켜세웠어.",
      "srcPage": 18,
      "srcSentenceEA": 3,
      "srcWordEA": 19,
      "character": "루디,꼬마 마법사",
      "setting": null,
      "action": "날아가는,치켜세웠어,보였지",
      "feeling": null,
      "causalRelationship": null,
      "outcomeResolution": null,
      "prediction": null,
      "plotSummaryInfoCount": 1,
      "plotSummaryInfo": {
        "classification": "자연탐구",
        "readAge": "초등_고학년",
        "form": "short-form",
        "plotSummaryText": "루디의 말대로 날아가는 수증기가 보이자, 꼬마 마법사들은 루디가 마법을 가장 잘한다고 치켜세웠습니다.",
        "textWordEA": 12
      }
    },
    {
      "srcTextID": "32461",
      "srcText": "선생님이 루디에게 물었어. “네! 냉동고만 있으면 만들 수 있어요.” 루디의 말이 끝나자마자 한 꼬마 마법사가 나섰어.",
      "srcPage": 19,
      "srcSentenceEA": 3,
      "srcWordEA": 18,
      "character": "선생님,루디,꼬마 마법사",
      "setting": null,
      "action": "나섰어,물었어",
      "feeling": null,
      "causalRelationship": null,
      "outcomeResolution": null,
      "prediction": null,
      "plotSummaryInfoCount": 1,
      "plotSummaryInfo": {
        "classification": "자연탐구",
        "readAge": "초등_고학년",
        "form": "short-form",
        "plotSummaryText": "선생님이 묻자 루디가 냉동고만 있으면 만들 수 있다고 말하자 한 꼬마 마법사가 나섰습니다.",
        "textWordEA": 13
      }
    },
    {
      "srcTextID": "32459",
      "srcText": "꼬마 마법사가 주문을 외우며 마법 지팡이를 휘둘렀어. 그러자 벽난로가 냉동고로 변했지. 루디는 물을 그릇에 담아 냉동고에 넣었어.",
      "srcPage": 20,
      "srcSentenceEA": 3,
      "srcWordEA": 19,
      "character": "꼬마 마법사,지팡이,루디,벽난로,냉동고",
      "setting": null,
      "action": "휘둘렀어,넣었어",
      "feeling": null,
      "causalRelationship": null,
      "outcomeResolution": null,
      "prediction": null,
      "plotSummaryInfoCount": 1,
      "plotSummaryInfo": {
        "classification": "자연탐구",
        "readAge": "초등_고학년",
        "form": "short-form",
        "plotSummaryText": "꼬마 마법사가 지팡이를 휘두르자 벽난로가 냉동고로 변했고, 루디는 물을 그릇에 담아 냉동고에 넣었습니다.",
        "textWordEA": 13
      }
    },
    {
      "srcTextID": "32462",
      "srcText": " 꼬마 마법사들은 깜짝 놀랐어. 루디는 차분하게 말했어. 초가 녹았다가 식어 단단해져도 초는 그대로 초야.",
      "srcPage": 22,
      "srcSentenceEA": 3,
      "srcWordEA": 17,
      "character": "꼬마 마법사,루디,초",
      "setting": null,
      "action": null,
      "feeling": "깜짝 놀랐어,녹았다가,단단해져도",
      "causalRelationship": null,
      "outcomeResolution": null,
      "prediction": null,
      "plotSummaryInfoCount": 1,
      "plotSummaryInfo": {
        "classification": "자연탐구",
        "readAge": "초등_고학년",
        "form": "short-form",
        "plotSummaryText": "꼬마 마법사들은 깜짝 놀랐고, 루디는 초가 녹았다 식어 단단해져도 초라고 말했습니다.",
        "textWordEA": 11
      }
    },
    {
      "srcTextID": "32465",
      "srcText": "물이 얼었다가 녹아도 물은 물이야. 모양이나 단단한 정도는 변하지만 물질의 고유한 성질은 변하지 않아. “그럼 물이 얼음이 될 때 부푼 것처럼 커진 이유는 뭐지?”",
      "srcPage": 23,
      "srcSentenceEA": 3,
      "srcWordEA": 25,
      "character": "물,얼음",
      "setting": null,
      "action": "변하지만,커진,변하지 않아",
      "feeling": null,
      "causalRelationship": null,
      "outcomeResolution": null,
      "prediction": null,
      "plotSummaryInfoCount": 1,
      "plotSummaryInfo": {
        "classification": "자연탐구",
        "readAge": "초등_고학년",
        "form": "short-form",
        "plotSummaryText": "모양이나 단단한 정도는 변해도 물질의 고유한 성질은 변하지 않는다고 하자 물이 얼음이 될 때 커지는 이유가 무엇인지 물었습니다.",
        "textWordEA": 18
      }
    },
    {
      "srcTextID": "32466",
      "srcText": "선생님이 루디에게 물었어. 물이 얼 때 물을 이루고 있는 알갱이들이 육각형을 이루면서 빈 공간이 생기기 때문이에요. 그래서 부피가 늘어나요.",
      "srcPage": 24,
      "srcSentenceEA": 3,
      "srcWordEA": 21,
      "character": "선생님,루디,물",
      "setting": null,
      "action": "늘어나요,물었어,이루면서",
      "feeling": null,
      "causalRelationship": null,
      "outcomeResolution": null,
      "prediction": null,
      "plotSummaryInfoCount": 1,
      "plotSummaryInfo": {
        "classification": "자연탐구",
        "readAge": "초등_고학년",
        "form": "short-form",
        "plotSummaryText": "선생님이 묻자 루디는 물이 얼면서 알갱이들이 육각형을 이루며 빈 공간이 생겨 부피가 늘어난다 말했습니다.",
        "textWordEA": 14
      }
    },
    {
      "srcTextID": "32463",
      "srcText": "“이제 기다리기만 하면 돼요.” 루디는 얼마 뒤 냉동고 문을 열어 물이 담겨 있던 그릇을 꺼냈지. 물은 꽁꽁 얼어 얼음이 되어 있었어.",
      "srcPage": 21,
      "srcSentenceEA": 3,
      "srcWordEA": 23,
      "character": "루디,물,그릇,냉동고,얼음",
      "setting": "얼마 뒤",
      "action": "꺼냈지,담겨 있던,되어 있었어",
      "feeling": null,
      "causalRelationship": null,
      "outcomeResolution": null,
      "prediction": null,
      "plotSummaryInfoCount": 1,
      "plotSummaryInfo": {
        "classification": "자연탐구",
        "readAge": "초등_고학년",
        "form": "short-form",
        "plotSummaryText": "이제 기다리기만 하면 된다고 한 뒤, 루디가 냉동고를 열어 물이 담긴 그릇을 꺼내니 물은 얼음이 되어 있었습니다.",
        "textWordEA": 17
      }
    },
    {
      "srcTextID": "32422",
      "srcText": "얼마 지나지 않아 초가 녹으며 촛농이 줄줄 흘렀어. “와! 초가 물처럼 줄줄 흐르고 있어.” 꼬마 마법사들이 깜짝 놀라며 소리를 질렀어.",
      "srcPage": 6,
      "srcSentenceEA": 3,
      "srcWordEA": 22,
      "character": "초,꼬마 마법사들",
      "setting": null,
      "action": "흘렀어,소리를 질렀어",
      "feeling": "깜짝 놀라며",
      "causalRelationship": null,
      "outcomeResolution": null,
      "prediction": null,
      "plotSummaryInfoCount": 1,
      "plotSummaryInfo": {
        "classification": "자연탐구",
        "readAge": "초등_고학년",
        "form": "short-form",
        "plotSummaryText": "얼마 후 초가 녹으며 촛농이 물처림 줄줄 흘렀고, 꼬마 마법사들은 깜짝 놀라 소리를 질렀습니다.",
        "textWordEA": 14
      }
    },
    {
      "srcTextID": "32424",
      "srcText": "한 꼬마 마법사가 마법으로 커다란 얼음을 만들더니 루디에게 물었어. “그럼 이렇게 커다란 얼음도 줄줄 흐르게 할 수 있어?” “그거야 정말 쉽지.”",
      "srcPage": 7,
      "srcSentenceEA": 3,
      "srcWordEA": 21,
      "character": "꼬마 마법사,얼음,루디",
      "setting": null,
      "action": "흐르게,물었어,쉽지",
      "feeling": null,
      "causalRelationship": null,
      "outcomeResolution": null,
      "prediction": null,
      "plotSummaryInfoCount": 1,
      "plotSummaryInfo": {
        "classification": "자연탐구",
        "readAge": "초등_고학년",
        "form": "short-form",
        "plotSummaryText": "한 꼬마 마법사가 커다란 얼음을 만들더니 줄줄 흐르게 할 수 있냐고 묻자, 루디는 쉽다고 대답했습니다.",
        "textWordEA": 15
      }
    },
    {
      "srcTextID": "32423",
      "srcText": "루디는 커다란 얼음을 벽난로 가까이 끌고 갔어. 얼마 지나지 않아 커다란 얼음이 줄줄 녹아내리기 시작했어. 꼬마 마법사들이 눈을 동그랗게 뜨고 루디를 쳐다봤어.",
      "srcPage": 8,
      "srcSentenceEA": 3,
      "srcWordEA": 24,
      "character": "루디,얼음,눈,꼬마 마법사,벽난로",
      "setting": null,
      "action": "끌고 갔어,쳐다봤어,녹아내리기",
      "feeling": null,
      "causalRelationship": null,
      "outcomeResolution": null,
      "prediction": null,
      "plotSummaryInfoCount": 1,
      "plotSummaryInfo": {
        "classification": "자연탐구",
        "readAge": "초등_고학년",
        "form": "short-form",
        "plotSummaryText": "루디가 얼음을 벽난로 가까이 끌고 가니 얼마 후 얼음이 줄줄 녹아내렸고, 꼬마 마법사들은 눈이 동그래져서 루디를 쳐다봤습니다.",
        "textWordEA": 17
      }
    },
    {
      "srcTextID": "32464",
      "srcText": "루디도 깨달은 게 있었지. 자기가 무엇을 가장 잘하고 좋아하는지 말이야. 루디는 마법 학교를 그만두고 과학 학교로 전학을 갔어.",
      "srcPage": 25,
      "srcSentenceEA": 3,
      "srcWordEA": 20,
      "character": "서준이,눈,엄마,지갑,돈",
      "setting": null,
      "action": "내밀며 말했어요,찾기",
      "feeling": "고맙습니다",
      "causalRelationship": null,
      "outcomeResolution": null,
      "prediction": null,
      "plotSummaryInfoCount": 1,
      "plotSummaryInfo": {
        "classification": "자연탐구",
        "readAge": "초등_고학년",
        "form": "short-form",
        "plotSummaryText": "루디는 자기가 무엇을 잘하고 좋아하는지 깨닫고 마법 학교에서 과학 학교로 전학을 갔습니다.",
        "textWordEA": 12
      }
    },
    {
      "srcTextID": "32468",
      "srcText": "영화배우에서 소방관으로, 과학자로, 마법사로, 다시 과학자로 꿈이 바뀐 루디는 날마다 과학 공부를 했어. 그러다 갑자기 궁금한 게 생겼지. “고체에서 바로 기체로, 기체에서 바로 고체가 되는 것은 없을까?”  루디는 이 궁금증을 금방 풀 수 있을 거야. 과학은 루디가 가장 잘하고 좋아하는 거니까. ",
      "srcPage": 26,
      "srcSentenceEA": 5,
      "srcWordEA": 45,
      "character": "루디,소방관,과학자,마법사,영화배우",
      "setting": "날마다",
      "action": "바뀐,잘하고",
      "feeling": "좋아하는",
      "causalRelationship": null,
      "outcomeResolution": null,
      "prediction": null,
      "plotSummaryInfoCount": 1,
      "plotSummaryInfo": {
        "classification": "자연탐구",
        "readAge": "초등_고학년",
        "form": "long-form",
        "plotSummaryText": "영화배우, 소방관, 마법사 그리고 과학자로 날마다 꿈이 바뀐 루디는 고체에서 기체로 기체에서 고체가 되는 것은 없을지 궁금했고, 이 궁금증은 과학을 좋아하는 루디가 금방 풀 수 있을 것입니다.",
        "textWordEA": 27
      }
    },
    {
      "srcTextID": "23900",
      "srcText": "루디는 자꾸 주문을 잊어버렸어. 또 루디가 만든 마법 지팡이는 왠지 우스꽝스러웠어. 루디는 주문도 못 외워.",
      "srcPage": 2,
      "srcSentenceEA": 3,
      "srcWordEA": 17,
      "character": "루디,마법 지팡이",
      "setting": null,
      "action": "잊어버렸어",
      "feeling": "우스꽝스러웠어",
      "causalRelationship": null,
      "outcomeResolution": null,
      "prediction": null,
      "plotSummaryInfoCount": 1,
      "plotSummaryInfo": {
        "classification": "자연탐구",
        "readAge": "초등_고학년",
        "form": "short-form",
        "plotSummaryText": "루디가 만든 마법 지팡이는 우스꽝스러웠고, 주문도 잊어버리거나 외우지 못했습니다.",
        "textWordEA": 9
      }
    },
    {
      "srcTextID": "23899",
      "srcText": "그날 루디의 꿈은 마법사가 되는 걸로 또 바뀌었어. 루디는 마법 학교에 가서 마법을 배우기 시작했어. 그렇지만 마법 주문은 너무 길고 어려웠어.",
      "srcPage": 1,
      "srcSentenceEA": 3,
      "srcWordEA": 23,
      "character": "루디,마법사",
      "setting": "마법 학교",
      "action": "배우기,어려웠어",
      "feeling": null,
      "causalRelationship": null,
      "outcomeResolution": null,
      "prediction": null,
      "plotSummaryInfoCount": 1,
      "plotSummaryInfo": {
        "classification": "자연탐구",
        "readAge": "초등_고학년",
        "form": "short-form",
        "plotSummaryText": "루디는 마법사가 되고 싶어 마법 학교에 가서 마법을 배우기 시작했지만 마법 주문은 길고 어려웠습니다.",
        "textWordEA": 14
      }
    },
    {
      "srcTextID": "23901",
      "srcText": "저게 뭐야? 도깨비방망이 같잖아! 꼬마 마법사들이 깔깔 웃으며 루디를 놀렸어. 선생님은 루디에게 주문을 열 개나 더 외워 오라는 숙제를 따로 내주었어. 루디는 눈물이 찔끔 나왔지. ",
      "srcPage": 3,
      "srcSentenceEA": 5,
      "srcWordEA": 29,
      "character": "꼬마 마법사들,선생님,도깨비방망이,루디",
      "setting": null,
      "action": "외워 오라는,놀렸어",
      "feeling": "눈물이 찔끔 나왔지",
      "causalRelationship": null,
      "outcomeResolution": null,
      "prediction": null,
      "plotSummaryInfoCount": 1,
      "plotSummaryInfo": {
        "classification": "자연탐구",
        "readAge": "초등_고학년",
        "form": "long-form",
        "plotSummaryText": "꼬마 마법사들이 도깨비방망이 같다며 루디를 놀렸고, 선생님도 주문을 열 개나 더 외워 오라는 숙제를 내주어서 루디는 눈물이 났습니다. ",
        "textWordEA": 18
      }
    },
    {
      "srcTextID": "32433",
      "srcText": "“루디야, 어떻게 한 거야?” “열을 가하면 초가 촛농으로 변하고, 얼음이 물로 변하게 돼.” 다음 날이 되었어.",
      "srcPage": 9,
      "srcSentenceEA": 3,
      "srcWordEA": 17,
      "character": "루디,초,얼음,물,촛농",
      "setting": null,
      "action": "변하고,열을 가하면",
      "feeling": null,
      "causalRelationship": null,
      "outcomeResolution": null,
      "prediction": null,
      "plotSummaryInfoCount": 1,
      "plotSummaryInfo": {
        "classification": "자연탐구",
        "readAge": "초등_고학년",
        "form": "short-form",
        "plotSummaryText": "루디에게 어떻게 했는지 묻자, 열을 가하면 초는 촛농으로, 얼음은 물로 변한다고 대답하였습니다.",
        "textWordEA": 12
      }
    },
    {
      "srcTextID": "32434",
      "srcText": "“이번 시간에는 물을 훨훨 날아가게 해 보자.” 선생님의 말을 듣고 꼬마 마법사들이 주문을 외우고, 마법 지팡이를 휘둘러 보아도 물은 날아가지 않았어. “선생님, 제가 해 볼게요.”",
      "srcPage": 10,
      "srcSentenceEA": 3,
      "srcWordEA": 26,
      "character": "물,선생님,꼬마 마법사,마법 지팡이",
      "setting": null,
      "action": "휘둘러,날아가게,주문을 외우고",
      "feeling": null,
      "causalRelationship": null,
      "outcomeResolution": null,
      "prediction": null,
      "plotSummaryInfoCount": 1,
      "plotSummaryInfo": {
        "classification": "자연탐구",
        "readAge": "초등_고학년",
        "form": "short-form",
        "plotSummaryText": "물을 날아가게 해보자는 선생님의 말에, 꼬마 마법사들이 주문을 외우며 마법 지팡이를 휘둘렀지만 물은 날아가지 않았습니다.",
        "textWordEA": 15
      }
    },
    {
      "srcTextID": "32435",
      "srcText": "루디가 나서자 선생님이 깜짝 놀랐어. “루디, 네가 할 수 있다고?” 루디는 고개를 끄덕였어.",
      "srcPage": 11,
      "srcSentenceEA": 3,
      "srcWordEA": 14,
      "character": "루디,선생님",
      "setting": null,
      "action": "끄덕였어",
      "feeling": "깜짝 놀랐어",
      "causalRelationship": null,
      "outcomeResolution": null,
      "prediction": null,
      "plotSummaryInfoCount": 1,
      "plotSummaryInfo": {
        "classification": "자연탐구",
        "readAge": "초등_고학년",
        "form": "short-form",
        "plotSummaryText": "선생님이 깜짝 놀라 루디에게 할 수 있냐고 묻자, 루디는 고개를 끄덕였습니다.",
        "textWordEA": 11
      }
    },
    {
      "srcTextID": "32437",
      "srcText": "그리고 물이 든 주전자를 난롯불 위에 올렸지. 얼마 지나지 않아 물이 부글부글 끓기 시작했어. 루디는 자신 있게 말했어.",
      "srcPage": 12,
      "srcSentenceEA": 3,
      "srcWordEA": 20,
      "character": "물,주전자,루디",
      "setting": "난롯불",
      "action": "끓기 시작했어",
      "feeling": null,
      "causalRelationship": null,
      "outcomeResolution": null,
      "prediction": null,
      "plotSummaryInfoCount": 1,
      "plotSummaryInfo": {
        "classification": "자연탐구",
        "readAge": "초등_고학년",
        "form": "short-form",
        "plotSummaryText": "물이 든 주전자를 난롯불 위에 올리자 물은 끓기 시작했고, 루디는 자신 있게 말했습니다.",
        "textWordEA": 13
      }
    },
    {
      "srcTextID": "32436",
      "srcText": "“지금 물이 수증기로 변해서 훨훨 날아가고 있어요!” 액체인 물을 끓이면 기체인 수증기가 돼. “저게 수증기야?” 주전자에서 피어오르는 하얀 김을 보고 꼬마 마법사들이 물었어.",
      "srcPage": 13,
      "srcSentenceEA": 4,
      "srcWordEA": 25,
      "character": "물,주전자,꼬마 마법사,수증기",
      "setting": null,
      "action": "날아가고,피어오르는,끓이면",
      "feeling": null,
      "causalRelationship": null,
      "outcomeResolution": null,
      "prediction": null,
      "plotSummaryInfoCount": 1,
      "plotSummaryInfo": {
        "classification": "자연탐구",
        "readAge": "초등_고학년",
        "form": "long-form",
        "plotSummaryText": "액체인 물을 끓이면 기체인 수증기가 되어 날아간다고 말하자, 꼬마 마법사들은 주전자에서 피어오르는 하얀 김을 보며 그게 수증기인지 물었습니다.",
        "textWordEA": 18
      }
    },
    {
      "srcTextID": "32438",
      "srcText": "루디가 손을 저으며 말했어. “아니야, 저건 수증기가 아주 작은 물방울로 변한 김이야. 수증기는 눈에 보이지 않아.”",
      "srcPage": 14,
      "srcSentenceEA": 3,
      "srcWordEA": 17,
      "character": "루디,눈,물방울,김",
      "setting": null,
      "action": "손을 저으며,변한",
      "feeling": null,
      "causalRelationship": null,
      "outcomeResolution": null,
      "prediction": null,
      "plotSummaryInfoCount": 1,
      "plotSummaryInfo": {
        "classification": "자연탐구",
        "readAge": "초등_고학년",
        "form": "short-form",
        "plotSummaryText": "루디가 손을 저으며 그건 수증기가 작은 물방울로 변한 김이며, 수증기는 눈에 보이지 않는다고  말했습니다.",
        "textWordEA": 15
      }
    },
    {
      "srcTextID": "32455",
      "srcText": " “수증기는 색이 없어서 보여 줄 수 없어. 하지만 물이 수증기로 변해서 날아갔다는 걸 알 수는 있어!” 루디는 주전자 뚜껑을 열었어.",
      "srcPage": 15,
      "srcSentenceEA": 3,
      "srcWordEA": 22,
      "character": "물,주전자,루디,뚜껑",
      "setting": null,
      "action": "날아갔다,열었어,보여줄 수 없어",
      "feeling": null,
      "causalRelationship": null,
      "outcomeResolution": null,
      "prediction": null,
      "plotSummaryInfoCount": 1,
      "plotSummaryInfo": {
        "classification": "자연탐구",
        "readAge": "초등_고학년",
        "form": "short-form",
        "plotSummaryText": "루디는 수증기는 색이 없어 보여줄 수 없지만 물이 수증기로 변해 날아간 것은 알 수 있다며 주전자 뚜껑을 열었습니다.",
        "textWordEA": 18
      }
    },
    {
      "srcTextID": "32456",
      "srcText": "“자, 봐! 주전자에 들어 있던 물의 양이 줄어들었지? 물이 수증기로 변해서 공기 중으로 날아간 거라고. 축축한 빨래가 햇볕에 마르는 것도 물이 수증기로 변해서 날아갔기 때문이야.” ",
      "srcPage": 16,
      "srcSentenceEA": 4,
      "srcWordEA": 28,
      "character": "주전자,물,빨래",
      "setting": null,
      "action": "날아간,변해서,줄어들었지",
      "feeling": null,
      "causalRelationship": null,
      "outcomeResolution": null,
      "prediction": null,
      "plotSummaryInfoCount": 1,
      "plotSummaryInfo": {
        "classification": "자연탐구",
        "readAge": "초등_고학년",
        "form": "long-form",
        "plotSummaryText": "주전자에 있던 물의 양이 줄어든 것은 물이 수증기로 변해 공기 중으로 날아간 것이며, 빨래가 마르는 것도 물이 수증기로 변해서라고 말했습니다.",
        "textWordEA": 20
      }
    }
  ]
}