{
  "title": "잠들고 싶은 쿠르쿠르",
  "author": "서진희",
  "illustrator": "조수진",
  "isbn": "9791128211331",
  "publishedYear": 2018,
  "publisher": "아람북스",
  "paragraphInfoCount": 20,
  "paragraphInfo": [
    {
      "srcTextID": "11112",
      "srcText": "공기의 떨림이 귀로 들어가는 걸 막아 줄 거야! 에코스가 만든 건 바로, 나무 헬멧! 쿠르쿠르는 마지못해 헬멧을 썼어.",
      "srcPage": 18,
      "srcSentenceEA": 3,
      "srcWordEA": 20,
      "character": "에코스,나무 헬멧,쿠르쿠르",
      "setting": null,
      "action": "들어가는 걸 막아 줄 거야,만든 건,썼어",
      "feeling": "마지못해",
      "causalRelationship": null,
      "outcomeResolution": null,
      "prediction": null,
      "plotSummaryInfoCount": 1,
      "plotSummaryInfo": {
        "classification": "자연탐구",
        "readAge": "초등_고학년",
        "form": "short-form",
        "plotSummaryText": "공기의 떨림이 귀로 들어가는 걸 막아 준다면서 에코스가 만든  나무 헬멧을 보고 쿠르쿠르는 마지못해 헬멧을 썼다.",
        "textWordEA": 17
      }
    },
    {
      "srcTextID": "11096",
      "srcText": "쿠르쿠르는 잠꾸러기 난쟁이야. 먹을 때와 똥 눌 때 빼고는 거의 잠만 자. 그런 쿠르쿠르가 요즘 달라졌어. ‘잠꾸러기’가 아니라 ‘잠 못 자는’ 난쟁이가 된 거야.",
      "srcPage": 1,
      "srcSentenceEA": 6,
      "srcWordEA": 29,
      "character": "쿠르쿠르,난쟁이",
      "setting": "요즘",
      "action": "먹을 때,똥 눌 때,잠만 자",
      "feeling": null,
      "causalRelationship": null,
      "outcomeResolution": null,
      "prediction": null,
      "plotSummaryInfoCount": 1,
      "plotSummaryInfo": {
        "classification": "자연탐구",
        "readAge": "초등_고학년",
        "form": "long-form",
        "plotSummaryText": "쿠르쿠르는 잠꾸러기 난쟁이이고 먹을 때와 똥 눌 때 빼고는 거의 잠만 자고 하는데 요즘은 잠꾸러기가 아니라 잠 못 자는 난쟁이가 됐다.",
        "textWordEA": 21
      }
    },
    {
      "srcTextID": "11098",
      "srcText": "쿠르쿠르의 집 주위로 시끄러운 이웃들이 이사를 왔거든. 앞집에 이사 온 성악가 난쟁이는 노래하기를 좋아했어. 그런데 노랫소리가 너무 우렁찼지.",
      "srcPage": 2,
      "srcSentenceEA": 3,
      "srcWordEA": 20,
      "character": "쿠르쿠르,이웃들,성악가 난쟁이",
      "setting": "집 주위,앞집",
      "action": "이사를 왔거든,노래하기를",
      "feeling": "좋아했어",
      "causalRelationship": null,
      "outcomeResolution": null,
      "prediction": null,
      "plotSummaryInfoCount": 1,
      "plotSummaryInfo": {
        "classification": "자연탐구",
        "readAge": "초등_고학년",
        "form": "short-form",
        "plotSummaryText": "쿠르쿠르의 집 주위로 시끄러운 이웃들이 이사를 왔는데 이사 온 성악가 난쟁이는 노래하기를 좋아했는데 노랫소리가 너무 우렁찼다.",
        "textWordEA": 16
      }
    },
    {
      "srcTextID": "118031",
      "srcText": " 뒷집에는 난쟁이 부부가 이사를 왔어. 처음에는 난쟁이 부부와 이웃으로 지내기에 괜찮을 것 같았어. 하지만 며칠 뒤부터 난쟁이 부부의 다투는 소리가 들리는 거야. 카랑카랑 찢어질 듯 높은 여자 목소리와 굵고 낮은 남자 목소리가 마구 섞여서 시끄럽게 들렸지.",
      "srcPage": 4,
      "srcSentenceEA": 4,
      "srcWordEA": 40,
      "character": "난쟁이 부부",
      "setting": "뒷집,며칠 뒤",
      "action": "이사를 왔어,다투는",
      "feeling": "괜찮을 것 같았어",
      "causalRelationship": null,
      "outcomeResolution": null,
      "prediction": null,
      "plotSummaryInfoCount": 1,
      "plotSummaryInfo": {
        "classification": "자연탐구",
        "readAge": "초등_고학년",
        "form": "long-form",
        "plotSummaryText": "뒷집에는 난쟁이 부부가 이사를 왔는데 난쟁이 부부와 이웃으로 지내기에 괜찮을 것 같았지만 며칠 뒤부터 다투는 소리가 시끄럽게 들렸다.",
        "textWordEA": 18
      }
    },
    {
      "srcTextID": "118032",
      "srcText": "바로 옆집에는 연주자 난쟁이가 이사를 왔어. 연주자 난쟁이는 악기들을 입으로 불거나 손으로 치거나 문질렀어. 웅웅, 뿌우, 띵동띵동, 챙챙. 밤낮없이 악기 소리를 듣다 보면 머리가 지끈지끈 아팠지.",
      "srcPage": 5,
      "srcSentenceEA": 4,
      "srcWordEA": 29,
      "character": "연주자 난쟁이,악기들",
      "setting": "옆집,밤낮없이",
      "action": "이사를 왔어,문질렀어,지끈지끈 아팠지",
      "feeling": null,
      "causalRelationship": null,
      "outcomeResolution": null,
      "prediction": null,
      "plotSummaryInfoCount": 1,
      "plotSummaryInfo": {
        "classification": "자연탐구",
        "readAge": "초등_고학년",
        "form": "long-form",
        "plotSummaryText": "바로 옆집에는 연주자 난쟁이가 이사를 왔는데 밤낮없이 악기 소리를 듣다 보면 머리가 지끈지끈 아팠다.",
        "textWordEA": 14
      }
    },
    {
      "srcTextID": "11107",
      "srcText": "어느 날 쿠르쿠르의 집에 소리 요정 에코스가 놀러 왔어. 에코스는 쿠르쿠르를 보고 깜짝 놀랐지. “쿠르쿠르, 왜 그래? 어디 아파?”",
      "srcPage": 6,
      "srcSentenceEA": 4,
      "srcWordEA": 21,
      "character": "에코스,쿠르쿠르",
      "setting": "어느 날,쿠르쿠르의 집",
      "action": "놀러 왔어",
      "feeling": "깜짝 놀랐지",
      "causalRelationship": null,
      "outcomeResolution": null,
      "prediction": null,
      "plotSummaryInfoCount": 1,
      "plotSummaryInfo": {
        "classification": "자연탐구",
        "readAge": "초등_고학년",
        "form": "long-form",
        "plotSummaryText": "어느 날 쿠르쿠르의 집에 소리 요정 에코스가 놀러 왔는데 에코스는 쿠르쿠르를 보고 깜짝 놀라 어디 아프냐고 했다.",
        "textWordEA": 17
      }
    },
    {
      "srcTextID": "11106",
      "srcText": "그때 앞집에서는 노랫소리가, 뒷집에서는 난쟁이 부부의 말다툼 소리가, 옆집에서는 악기 소리가 시끄럽게 들려왔어. “으악! 저게 도대체 무슨 소리야?” 에코스가 귀를 막고 소리쳤어.",
      "srcPage": 7,
      "srcSentenceEA": 3,
      "srcWordEA": 24,
      "character": "난쟁이 부부,에코스",
      "setting": "앞집,뒷집,옆집",
      "action": "시끄럽게 들려왔어,귀를 막고 소리쳤어",
      "feeling": null,
      "causalRelationship": null,
      "outcomeResolution": null,
      "prediction": null,
      "plotSummaryInfoCount": 1,
      "plotSummaryInfo": {
        "classification": "자연탐구",
        "readAge": "초등_고학년",
        "form": "short-form",
        "plotSummaryText": "그때 앞집에서는 노랫소리가, 뒷집에서는 말다툼 소리가, 옆집에서는 악기 소리가 시끄럽게 들려왔고 에코스가 무슨 소리냐고 귀를 막고 소리쳤다.",
        "textWordEA": 17
      }
    },
    {
      "srcTextID": "11108",
      "srcText": "“도저히 못 살겠어. 제발 저 소리들이 들리지 않으면 좋겠어!” 곰곰 생각하던 에코스가 말했어. “흠, 그렇다면 공기의 떨림을 없애면 되지.”",
      "srcPage": 8,
      "srcSentenceEA": 4,
      "srcWordEA": 21,
      "character": "에코스",
      "setting": null,
      "action": "못 살겠어,말했어",
      "feeling": null,
      "causalRelationship": null,
      "outcomeResolution": null,
      "prediction": null,
      "plotSummaryInfoCount": 1,
      "plotSummaryInfo": {
        "classification": "자연탐구",
        "readAge": "초등_고학년",
        "form": "long-form",
        "plotSummaryText": "도저히 못 살겠다고 제발 저 소리들이 들리지 않으면 좋겠다고 했고 곰곰 생각하던 에코스가 공기의 떨림을 없애면 된다고 했다.",
        "textWordEA": 18
      }
    },
    {
      "srcTextID": "11110",
      "srcText": "“아하! 너 정말 대단하다!” “내가 누구야? 소리 요정이잖아? 소리에 관해서는 전문가라고!” 울상이던 쿠르쿠르의 얼굴이 밝아졌어.",
      "srcPage": 10,
      "srcSentenceEA": 5,
      "srcWordEA": 19,
      "character": "쿠르쿠르,소리 요정",
      "setting": null,
      "action": null,
      "feeling": "울상이던",
      "causalRelationship": null,
      "outcomeResolution": null,
      "prediction": null,
      "plotSummaryInfoCount": 1,
      "plotSummaryInfo": {
        "classification": "자연탐구",
        "readAge": "초등_고학년",
        "form": "long-form",
        "plotSummaryText": "자기가 소리 요정이라면서 소리에 관해서는 전문가라고 하니 울상이던 쿠르쿠르의 얼굴이 밝아졌어.",
        "textWordEA": 11
      }
    },
    {
      "srcTextID": "118033",
      "srcText": "“그런데 어떻게 공기의 떨림을 없앨 수 있어?” “나한테 다 방법이 있지.” 에코스는 큰소리를 치더니 문을 닫기 시작했어.",
      "srcPage": 11,
      "srcSentenceEA": 3,
      "srcWordEA": 18,
      "character": "에코스,문",
      "setting": null,
      "action": "큰소리를 치더니,닫기 시작했어",
      "feeling": null,
      "causalRelationship": null,
      "outcomeResolution": null,
      "prediction": null,
      "plotSummaryInfoCount": 1,
      "plotSummaryInfo": {
        "classification": "자연탐구",
        "readAge": "초등_고학년",
        "form": "short-form",
        "plotSummaryText": "그런데 어떻게 공기의 떨림을 없앨 수 있냐고 묻자 방법이 다 있다면서 에코스는 큰소리를 치더니 문을 닫기 시작했다.",
        "textWordEA": 17
      }
    },
    {
      "srcTextID": "118035",
      "srcText": "현관문부터 창문까지 모든 문을 꼭꼭 걸어 잠갔지. 하지만 소리가 작아졌을 뿐 여전히 들리지 뭐야. 어, 왜 소리가 들리지?",
      "srcPage": 12,
      "srcSentenceEA": 3,
      "srcWordEA": 20,
      "character": "현관문,창문",
      "setting": null,
      "action": "걸어 잠갔지,들리지 뭐야",
      "feeling": null,
      "causalRelationship": null,
      "outcomeResolution": null,
      "prediction": null,
      "plotSummaryInfoCount": 1,
      "plotSummaryInfo": {
        "classification": "자연탐구",
        "readAge": "초등_고학년",
        "form": "short-form",
        "plotSummaryText": "현관문부터 창문까지 모든 문을 꼭꼭 걸어 잠갔지만 소리가 작아졌을 뿐 여전히 들렸다.",
        "textWordEA": 12
      }
    },
    {
      "srcTextID": "118034",
      "srcText": "분명히 떨림을 전달해 주는 공기가 들어오지 못하게 모든 문을 닫았는데. “뭐야, 공기는 아주 작은 틈이 있어도 들어올 수 있어.” 쿠르쿠르가 다시 울상이 되었어.",
      "srcPage": 13,
      "srcSentenceEA": 3,
      "srcWordEA": 24,
      "character": "문,쿠르쿠르",
      "setting": null,
      "action": "닫았는데,들어올 수 있어.",
      "feeling": "울상이 되었어.",
      "causalRelationship": null,
      "outcomeResolution": null,
      "prediction": null,
      "plotSummaryInfoCount": 1,
      "plotSummaryInfo": {
        "classification": "자연탐구",
        "readAge": "초등_고학년",
        "form": "short-form",
        "plotSummaryText": "공기는 아주 작은 틈이 있어도 들어올 수 있다고 하자 쿠르쿠르가 다시 울상이 되었어.",
        "textWordEA": 13
      }
    },
    {
      "srcTextID": "118036",
      "srcText": "“흠흠, 그럼 공기가 없는 물속으로 피해 보자. 이번에는 소리가 진짜 들리지 않을 거야.” 에코스는 욕조에 물을 가득 받았어.",
      "srcPage": 14,
      "srcSentenceEA": 3,
      "srcWordEA": 20,
      "character": "에코스,욕조",
      "setting": null,
      "action": "피해 보자,들리지 않을 거야,가득 받았어.",
      "feeling": null,
      "causalRelationship": null,
      "outcomeResolution": null,
      "prediction": null,
      "plotSummaryInfoCount": 1,
      "plotSummaryInfo": {
        "classification": "자연탐구",
        "readAge": "초등_고학년",
        "form": "short-form",
        "plotSummaryText": "그럼 공기가 없는 물속으로 피해 보자면서 이번에는 소리가 진짜 들리지 않을 거라고 에코스는 욕조에 물을 가득 받았다.",
        "textWordEA": 17
      }
    },
    {
      "srcTextID": "11097",
      "srcText": "잠들면 누가 업어 가도 모르는 잠꾸러기 쿠르쿠르가 자다가 깜짝깜짝 놀라 일어났다니까! 쿠르쿠르는 성악가 난쟁이에게 소리를 낮추어 달라고 부탁하러 집을 나섰어. 바로 그때 성악가 난쟁이가 노래를 부르기 시작했어. “아아아아아아!” 노랫소리가 어찌나 크던지, 쿠르쿠르는 귀를 틀어막고 당장 되돌아와야 했어. 성악가 난쟁이의 집 가까이도 가지 못하고서 말이야.",
      "srcPage": 3,
      "srcSentenceEA": 5,
      "srcWordEA": 48,
      "character": "쿠르쿠르,성악가 난쟁이",
      "setting": "집",
      "action": "자다가,놀라 일어났다니까,부르기 시작했어,되돌아와야 했어",
      "feeling": null,
      "causalRelationship": null,
      "outcomeResolution": null,
      "prediction": null,
      "plotSummaryInfoCount": 1,
      "plotSummaryInfo": {
        "classification": "자연탐구",
        "readAge": "초등_고학년",
        "form": "long-form",
        "plotSummaryText": "쿠르쿠르가 자다가 놀라 일어나서 성악가 난쟁이에게 소리를 낮추어 달라고 부탁하러 집을 나섰는데 그때 성악가 난쟁이가 노래를 부르기 시작했고 노랫소리가 너무 커 쿠르쿠르는 당장 되돌아와야 했다.",
        "textWordEA": 25
      }
    },
    {
      "srcTextID": "11109",
      "srcText": "“뭐?” “물체가 떨리면 그 주변의 공기도 떨려. 공기의 떨림이 우리 귀에 닿으면 소리가 들리는 거야. 그러니까 떨림이 전달되지 않으면 소리도 들리지 않는다고.”",
      "srcPage": 9,
      "srcSentenceEA": 3,
      "srcWordEA": 24,
      "character": "물체",
      "setting": "주변",
      "action": "떨려,닿으면,들리는 거야",
      "feeling": null,
      "causalRelationship": null,
      "outcomeResolution": null,
      "prediction": null,
      "plotSummaryInfoCount": 1,
      "plotSummaryInfo": {
        "classification": "자연탐구",
        "readAge": "초등_고학년",
        "form": "short-form",
        "plotSummaryText": "물체가 떨리면 공기도 떨리고 공기의 떨림이 귀에 닿으면 소리가 들리는 거고 떨림이 전달되지 않으면 소리도 들리지 않는다고 했다.",
        "textWordEA": 18
      }
    },
    {
      "srcTextID": "118037",
      "srcText": "그러고는 쿠르쿠르를 데리고 욕조 안으로 들어갔어. 물속에서 숨 쉴 수 있게 대롱을 입에 물고서 말이야. 그런데 이게 웬걸?",
      "srcPage": 15,
      "srcSentenceEA": 3,
      "srcWordEA": 20,
      "character": "쿠르쿠르,대롱",
      "setting": "욕조 안",
      "action": "들어갔어,입에 물고서",
      "feeling": null,
      "causalRelationship": null,
      "outcomeResolution": null,
      "prediction": null,
      "plotSummaryInfoCount": 1,
      "plotSummaryInfo": {
        "classification": "자연탐구",
        "readAge": "초등_고학년",
        "form": "short-form",
        "plotSummaryText": "물속에서 숨 쉴 수 있게 대롱을 입에 물고서 쿠르쿠르를 데리고 욕조 안으로 들어갔다.",
        "textWordEA": 13
      }
    },
    {
      "srcTextID": "118038",
      "srcText": "물속에서도 여전히 소리가 들렸어. “물도 떨림을 전달해 주는 거 같은데.” 쿠르쿠르는 에코스를 째려보았지.",
      "srcPage": 16,
      "srcSentenceEA": 3,
      "srcWordEA": 14,
      "character": "쿠르쿠르,에코스",
      "setting": "물속",
      "action": "소리가 들렸어,째려보았지.",
      "feeling": null,
      "causalRelationship": null,
      "outcomeResolution": null,
      "prediction": null,
      "plotSummaryInfoCount": 1,
      "plotSummaryInfo": {
        "classification": "자연탐구",
        "readAge": "초등_고학년",
        "form": "short-form",
        "plotSummaryText": "물속에서도 여전히 소리가 들렸고 물도 떨림을 전달해 주는 거 같다고 하자  쿠르쿠르는 에코스를 째려보았다.",
        "textWordEA": 15
      }
    },
    {
      "srcTextID": "11111",
      "srcText": "“이번엔 진짜, 소리가 들리지 않게 해 줄게.” 에코스가 나무를 가지고 뚝딱뚝딱 하더니 뭔가를 만들었어. 자, 이걸 써 봐!",
      "srcPage": 17,
      "srcSentenceEA": 3,
      "srcWordEA": 20,
      "character": "에코스,나무",
      "setting": null,
      "action": "뚝딱뚝딱 하더니,만들었어",
      "feeling": null,
      "causalRelationship": null,
      "outcomeResolution": null,
      "prediction": null,
      "plotSummaryInfoCount": 1,
      "plotSummaryInfo": {
        "classification": "자연탐구",
        "readAge": "초등_고학년",
        "form": "short-form",
        "plotSummaryText": "이번엔 진짜, 소리가 들리지 않게 해 준다고 에코스가 나무를 가지고 뚝딱뚝딱 하더니 뭔가를 만들었다.",
        "textWordEA": 14
      }
    },
    {
      "srcTextID": "11113",
      "srcText": "귀를 막으니 소리가 작아지긴 했지만 여전히 들렸지. “나무도 떨림을 전달해 주나 봐. 에코스는 엉터리야!” 쿠르쿠르가 펄쩍펄쩍 뛰며 화를 냈어.",
      "srcPage": 19,
      "srcSentenceEA": 4,
      "srcWordEA": 21,
      "character": "에코스,쿠르쿠르,나무",
      "setting": null,
      "action": "귀를 막으니,여전히 들렸지,펄쩍펄쩍 뛰며",
      "feeling": "화를 냈어",
      "causalRelationship": null,
      "outcomeResolution": null,
      "prediction": null,
      "plotSummaryInfoCount": 1,
      "plotSummaryInfo": {
        "classification": "자연탐구",
        "readAge": "초등_고학년",
        "form": "long-form",
        "plotSummaryText": "귀를 막으니 소리가 작아지긴 했지만 여전히 들렸고 에코스는 엉터리라고  쿠르쿠르가 화를 냈다.",
        "textWordEA": 13
      }
    },
    {
      "srcTextID": "11118",
      "srcText": "“큼큼, 그럼 마지막 방법을 쓰는 수밖에 없겠군.” 에코스가 밖으로 후다닥 나갔어. 그런데 조금 뒤, 앞집에서 들리던 노랫소리가 뚝!",
      "srcPage": 20,
      "srcSentenceEA": 3,
      "srcWordEA": 20,
      "character": "에코스",
      "setting": "밖,앞집",
      "action": "후다닥 나갔어.",
      "feeling": null,
      "causalRelationship": null,
      "outcomeResolution": null,
      "prediction": null,
      "plotSummaryInfoCount": 1,
      "plotSummaryInfo": {
        "classification": "자연탐구",
        "readAge": "초등_고학년",
        "form": "short-form",
        "plotSummaryText": "그럼 마지막 방법을 쓰는 수밖에 없겠다고 에코스가 밖으로 나갔는데 조금 뒤, 앞집에서 들리던 노랫소리가 뚝 끊겼다.",
        "textWordEA": 16
      }
    }
  ]
}