{
  "title": "법정으로 간 지진학자",
  "author": "김민진",
  "illustrator": "장선환",
  "isbn": "9791128211522",
  "publishedYear": 2018,
  "publisher": "아람북스",
  "paragraphInfoCount": 22,
  "paragraphInfo": [
    {
      "srcTextID": "6871",
      "srcText": "결국 판사는 지진학자들에게 지진 피해에 대한 책임이 없다고 판결했어요. 지진학자들이 법원 밖으로 나오자, 재판 결과를 기다리던 기자들이 우르르 몰려들었어요. “지금 심정이 어떠신지 말씀해 주세요!” “지진을 정확하게 예측할 수 있는 날, 바로 그날이 수많은 과학자들의 꿈이 이루어지는 날이 될 것입니다.” 말을 마친 지진학자는 기자들을 헤치고 조용히 사라졌어요.",
      "srcPage": 22,
      "srcSentenceEA": 5,
      "srcWordEA": 48,
      "character": "판사,지진학자들,기자들",
      "setting": "법원",
      "action": "판결했어요,몰려들었어요,사라졌어요",
      "feeling": null,
      "causalRelationship": null,
      "outcomeResolution": null,
      "prediction": null,
      "plotSummaryInfoCount": 1,
      "plotSummaryInfo": {
        "classification": "자연탐구",
        "readAge": "초등_고학년",
        "form": "long-form",
        "plotSummaryText": "판사가 지진학자들에게 지진 피해 책임이 없다고 판결했고 법원 밖의 기자들이 지진학자들에게 심정을 묻자, 지진을 정확히 예측하는 것이 꿈을 이루는 날이 될거라고  말하였습니다.",
        "textWordEA": 23
      }
    },
    {
      "srcTextID": "6837",
      "srcText": "예전 중국 하이청에서 일어난 지진을 살펴봅시다. 과학이 훨씬 덜 발달했던 그때 큰 지진이 발생했습니다. 하지만 정확하게 지진 예보를 해서 다행히 많은 사람들이 대피할 수 있었습니다.",
      "srcPage": 12,
      "srcSentenceEA": 3,
      "srcWordEA": 27,
      "character": "큰 지진,예보",
      "setting": "중국 하이청",
      "action": "발생했습니다",
      "feeling": null,
      "causalRelationship": null,
      "outcomeResolution": null,
      "prediction": null,
      "plotSummaryInfoCount": 1,
      "plotSummaryInfo": {
        "classification": "자연탐구",
        "readAge": "초등_고학년",
        "form": "short-form",
        "plotSummaryText": "과학이 덜 발달했던 때 중국 하이청에서 큰 지진이 발생했지만, 정확한 지진 예보로 많은 사람이 대피할 수 있었다고 말했습니다.",
        "textWordEA": 18
      }
    },
    {
      "srcTextID": "6870",
      "srcText": "지진이 일어나 어마어마하게 큰 피해를 입을 때마다, 지진학자들은 모두 감옥에 가야 합니까? 지진이 일어날 것을 정확히 예측하지 못했다는 이유만으로요?  과학자들이 차례차례 증언하자 방청객 가운데 몇 명은 고개를 끄덕였어요. ",
      "srcPage": 21,
      "srcSentenceEA": 3,
      "srcWordEA": 31,
      "character": "지진학자들,과학자들,방청객",
      "setting": "감옥",
      "action": "끄덕였어요",
      "feeling": null,
      "causalRelationship": null,
      "outcomeResolution": null,
      "prediction": null,
      "plotSummaryInfoCount": 1,
      "plotSummaryInfo": {
        "classification": "자연탐구",
        "readAge": "초등_고학년",
        "form": "short-form",
        "plotSummaryText": "지진학자들이 정확히 예측 못 했다는 이유로 모두 감옥에 가야 하는지 물으며 과학자들이 차례차례  증언하였고 방청객 몇 명은 고개를 끄덕였습니다",
        "textWordEA": 20
      }
    },
    {
      "srcTextID": "6816",
      "srcText": "땅땅국의 한 법정에 기세등등한 검사의 목소리가 울려 퍼졌어요. “지진이 일어나기 전에 여기 있는 지진학자 6명은 큰 지진이 일어나지 않을 것이라고 말했지요. 하지만 며칠 뒤 큰 지진이 일어나서 300명이 넘는 사람들이 목숨을 잃었습니다.” “나는 당신들 때문에 아내와 아이를 잃었어.”",
      "srcPage": 1,
      "srcSentenceEA": 4,
      "srcWordEA": 39,
      "character": "검사,지진학자,아내,아이",
      "setting": "땅땅국의 한 법정",
      "action": "말했지요,잃었어요",
      "feeling": null,
      "causalRelationship": null,
      "outcomeResolution": "하지만 며칠 뒤 큰 지진이 일어나서 300명이 넘는 사람들이 목숨을 잃었습니다.",
      "prediction": null,
      "plotSummaryInfoCount": 1,
      "plotSummaryInfo": {
        "classification": "자연탐구",
        "readAge": "초등_고학년",
        "form": "long-form",
        "plotSummaryText": "땅땅국의 한 법정에서 검사가 지진학자 6명이 지진이 일어나지 않을 것이라고 말했지만 큰 지진이 일어나서 300명이 넘는 사람들이 목숨을 잃었다고 말했습니다.\n",
        "textWordEA": 20
      }
    },
    {
      "srcTextID": "6814",
      "srcText": "“흑, 나는 아내를 잃었어요.” 사람들의 울음소리와 고함으로 법정이 시끌벅적해졌어요. 탕탕! 판사가 들고 있던 망치를 세게 내리치자, 법정은 다시 조용해졌어요.",
      "srcPage": 3,
      "srcSentenceEA": 4,
      "srcWordEA": 22,
      "character": "나,아내,사람들,판사",
      "setting": "법정",
      "action": "내리치자,시끌벅적해졌어요",
      "feeling": null,
      "causalRelationship": null,
      "outcomeResolution": null,
      "prediction": null,
      "plotSummaryInfoCount": 1,
      "plotSummaryInfo": {
        "classification": "자연탐구",
        "readAge": "초등_고학년",
        "form": "long-form",
        "plotSummaryText": "사람들의 울음소리와 고함으로 법정이 시끄러워졌고 이에 판사가 망치를 세게 내리 지차 조용해졌습니다.",
        "textWordEA": 12
      }
    },
    {
      "srcTextID": "6817",
      "srcText": "이윽고 검사가 다시 일어나서 말했어요. “큰 지진이 일어날 것을 미리 알려 주는 작은 지진이 여러 번 있었습니다. 그런데도 지진학자들은 지진이 일어나지 않을 거라고 말했습니다.” 검사가 지진학자들을 무섭게 쳐다보았어요.",
      "srcPage": 4,
      "srcSentenceEA": 4,
      "srcWordEA": 30,
      "character": "검사,지진학자들",
      "setting": null,
      "action": "말했어요,알려주는,쳐다보았어요",
      "feeling": "무섭게",
      "causalRelationship": null,
      "outcomeResolution": null,
      "prediction": null,
      "plotSummaryInfoCount": 1,
      "plotSummaryInfo": {
        "classification": "자연탐구",
        "readAge": "초등_고학년",
        "form": "long-form",
        "plotSummaryText": "큰 지진이 일어날 것을 미리 알려 주는 작은 지진이 여러 번 있었는데도 지진학자들은 지진이 일어나지 않을 거라고 말했다며 검사가 지진학자들을 무섭게 쳐다보았습니다.",
        "textWordEA": 22
      }
    },
    {
      "srcTextID": "6820",
      "srcText": "지구는 단단한 껍데기로 둘러싸여 있습니다. 그게 여러 개의 판으로 쪼개져 있다고 생각하면 됩니다. 그 밑에 차가운 물질과 뜨거운 물질이 서로 자리를 바꿔 가며 움직입니다.",
      "srcPage": 6,
      "srcSentenceEA": 3,
      "srcWordEA": 26,
      "character": "지구,껍데기,판",
      "setting": null,
      "action": "움직입니다",
      "feeling": null,
      "causalRelationship": null,
      "outcomeResolution": null,
      "prediction": null,
      "plotSummaryInfoCount": 1,
      "plotSummaryInfo": {
        "classification": "자연탐구",
        "readAge": "초등_고학년",
        "form": "short-form",
        "plotSummaryText": "지구는 여러 개의 판으로 쪼개진 단단한 껍데기로 둘러싸여 그 밑에 차가운 물질과 뜨거운 물질이 서로 자리를 바꿔 가며 움직인다고 말했습니다.",
        "textWordEA": 20
      }
    },
    {
      "srcTextID": "6832",
      "srcText": "그, 그건 아니지만, 꼭 아셔야 할 게 있습니다. 우리 땅땅국은 판과 판이 만나는 곳에 있습니다. 그래서 언제든지 지진이 일어날 수 있습니다.",
      "srcPage": 8,
      "srcSentenceEA": 3,
      "srcWordEA": 23,
      "character": "판",
      "setting": "땅땅국",
      "action": null,
      "feeling": null,
      "causalRelationship": "우리 땅땅국은 판과 판이 만나는 곳에 있습니다. 그래서 언제든지 지진이 일어날 수 있습니다.",
      "outcomeResolution": null,
      "prediction": null,
      "plotSummaryInfoCount": 1,
      "plotSummaryInfo": {
        "classification": "자연탐구",
        "readAge": "초등_고학년",
        "form": "short-form",
        "plotSummaryText": "땅땅국은 판과 판이 만나는 곳에 있어서 언제든지 지진이 일어날 수 있음을 알아야 한다고 말했습니다. ",
        "textWordEA": 14
      }
    },
    {
      "srcTextID": "6834",
      "srcText": "하지만 작은 지진이 여러 번 일어난다고 해서 그것이 반드시 큰 지진으로 이어지지는 않습니다. “우우!” 방청객들의 소리에 지진학자의 목소리가 묻혔어요. 하지만 지진학자는 계속 이야기했어요.",
      "srcPage": 9,
      "srcSentenceEA": 3,
      "srcWordEA": 25,
      "character": "작은 지진,큰 지진,방청객들,지진학자",
      "setting": null,
      "action": "일어난다고,묻혔어요,이야기했어요",
      "feeling": null,
      "causalRelationship": null,
      "outcomeResolution": null,
      "prediction": null,
      "plotSummaryInfoCount": 1,
      "plotSummaryInfo": {
        "classification": "자연탐구",
        "readAge": "초등_고학년",
        "form": "short-form",
        "plotSummaryText": "지진학자는 작은 지진이 반드시 큰 지진으로 이어지는 건 아니라는 말했지만 방청객들의 소리에 묻혔고, 지진학자는 계속 이야기했습니다.",
        "textWordEA": 16
      }
    },
    {
      "srcTextID": "6833",
      "srcText": "지진이 늘 일어나는 곳에서만 일어나는 것은 아닙니다. 또 큰 지진이 있었던 곳에서 수백 킬로미터 떨어진 곳에서 지진이 일어나거나 수십 년이 지나서 지진이 일어나기도 합니다. 지진학자는 방청객을 바라보며 숨을 깊게 들이쉬었지요.",
      "srcPage": 10,
      "srcSentenceEA": 3,
      "srcWordEA": 32,
      "character": "지진학자,방청객",
      "setting": null,
      "action": "일어나는,들이쉬었지요,바라보며",
      "feeling": null,
      "causalRelationship": null,
      "outcomeResolution": null,
      "prediction": null,
      "plotSummaryInfoCount": 1,
      "plotSummaryInfo": {
        "classification": "자연탐구",
        "readAge": "초등_고학년",
        "form": "short-form",
        "plotSummaryText": "지진학자는 큰 지진이 있었던 곳에서 수십 년 후에 혹은 멀리 떨어진 곳에서 지진이 일어나기도 한다고 말했습니다.",
        "textWordEA": 16
      }
    },
    {
      "srcTextID": "6836",
      "srcText": "언제 어디에서 일어날지 모르는 지진 때문에 모두가 대피하고 회사나 공장을 멈추어야 할까요? 그러자 검사가 일어나 이야기했어요. 지금 지진학자는 말도 안 되는 소리를 하고 있습니다.",
      "srcPage": 11,
      "srcSentenceEA": 3,
      "srcWordEA": 26,
      "character": "회사,공장,검사,지진학자",
      "setting": null,
      "action": "모르는,멈추어야,이야기했어요",
      "feeling": null,
      "causalRelationship": null,
      "outcomeResolution": null,
      "prediction": null,
      "plotSummaryInfoCount": 1,
      "plotSummaryInfo": {
        "classification": "자연탐구",
        "readAge": "초등_고학년",
        "form": "short-form",
        "plotSummaryText": "지진학자가 언제 어디서 일어날지 모를 지진 때문에 회사나 공장을 멈춰야 하냐고 묻자 검사가 일어나 말도 안 되는 소리라고 말했습니다.",
        "textWordEA": 19
      }
    },
    {
      "srcTextID": "6838",
      "srcText": "방청석은 다시 시끄러워졌어요. 결국 판사는 지진학자들을 감옥에 보내기로 결정했어요. 지진학자들이 자기 역할을 제대로 하지 못해서 수많은 사람들이 죽었다고 생각한 거지요.",
      "srcPage": 14,
      "srcSentenceEA": 3,
      "srcWordEA": 22,
      "character": "판사,지진학자들",
      "setting": "방청석,감옥",
      "action": null,
      "feeling": null,
      "causalRelationship": null,
      "outcomeResolution": "결국 판사는 지진학자들을 감옥에 보내기로 결정했어요.",
      "prediction": null,
      "plotSummaryInfoCount": 1,
      "plotSummaryInfo": {
        "classification": "자연탐구",
        "readAge": "초등_고학년",
        "form": "short-form",
        "plotSummaryText": "판사는 지진학자들이 자기 역활을 하지 못했다고 판단해 그들을 감옥에 보내기로 했습니다.",
        "textWordEA": 11
      }
    },
    {
      "srcTextID": "6839",
      "srcText": "하지만 전 세계 과학자들은 가만있지 않았어요. 5,000명이 넘는 과학자들이 뜻을 모았어요. 그 가운데 몇몇 과학자들이 모여 땅땅국 대통령에게 편지를 보냈어요.",
      "srcPage": 15,
      "srcSentenceEA": 3,
      "srcWordEA": 22,
      "character": "세계 과학자들,대통령,편지",
      "setting": "땅땅국",
      "action": "모았어요,보냈어요",
      "feeling": null,
      "causalRelationship": null,
      "outcomeResolution": null,
      "prediction": null,
      "plotSummaryInfoCount": 1,
      "plotSummaryInfo": {
        "classification": "자연탐구",
        "readAge": "초등_고학년",
        "form": "short-form",
        "plotSummaryText": "많은 세계 과학자들이 뜻을 모아 땅땅국 대통령에게 편지를 보냈습니다.",
        "textWordEA": 9
      }
    },
    {
      "srcTextID": "6844",
      "srcText": "혹시 지진의 결과를 누군가에게 책임지게 하기 위해 과학자들을 감옥에 보내겠다는 것은 아닌가요? 그렇다면 수백 년 전 지구가 돈다고 주장을 한 갈릴레이에게 벌을 주는 것과 무엇이 다른가요? 과학자들이 보낸 편지 때문에 재판을 다시 하기로 했어요.",
      "srcPage": 17,
      "srcSentenceEA": 3,
      "srcWordEA": 36,
      "character": "지진,갈릴레이,과학자들",
      "setting": null,
      "action": null,
      "feeling": null,
      "causalRelationship": null,
      "outcomeResolution": "과학자들이 보낸 편지 때문에 재판을 다시 하기로 했어요.",
      "prediction": null,
      "plotSummaryInfoCount": 1,
      "plotSummaryInfo": {
        "classification": "자연탐구",
        "readAge": "초등_고학년",
        "form": "short-form",
        "plotSummaryText": "지진의 결과를 책임지게 하기 위해 과학자들을 감옥에 보낸다면 갈릴레이를 벌주는 것과 다르지 않다고 하여 재판을 다시 하기로 하였습니다.",
        "textWordEA": 18
      }
    },
    {
      "srcTextID": "6848",
      "srcText": "다시 한번 땅땅국은 지진과 지진학자에 대한 이야기로 들끓었어요. 방송과 신문도 앞다투어 다시 열릴 재판에 대해 취재했어요. 다시 열린 재판에 수많은 지진학자들이 증인으로 나왔어요. ",
      "srcPage": 18,
      "srcSentenceEA": 3,
      "srcWordEA": 25,
      "character": "지진학자,방송,신문",
      "setting": "땅땅국",
      "action": "들끓었어요,취재했어요,증인으로 나왔어요",
      "feeling": null,
      "causalRelationship": null,
      "outcomeResolution": null,
      "prediction": null,
      "plotSummaryInfoCount": 1,
      "plotSummaryInfo": {
        "classification": "자연탐구",
        "readAge": "초등_고학년",
        "form": "short-form",
        "plotSummaryText": "다시 열린 땅땅국 재판에는 수많은 지진학자들이 증인으로 섰고 방송과 신문도 앞다투어 취재했습니다.",
        "textWordEA": 12
      }
    },
    {
      "srcTextID": "6869",
      "srcText": "2010년에 일어난 아이티 지진은 어마어마했습니다. 50만 명의 사람들이 죽거나 다쳤고, 세계는 큰 충격에 빠졌지요. 그다음 해에 일본에서 일어난 지진의 피해도 심각했습니다.",
      "srcPage": 20,
      "srcSentenceEA": 3,
      "srcWordEA": 23,
      "character": "아이티 지진,사람들",
      "setting": "2010년,일본",
      "action": null,
      "feeling": null,
      "causalRelationship": "50만 명의 사람들이 죽거나 다쳤고, 세계는 큰 충격에 빠졌지요.",
      "outcomeResolution": null,
      "prediction": null,
      "plotSummaryInfoCount": 1,
      "plotSummaryInfo": {
        "classification": "자연탐구",
        "readAge": "초등_고학년",
        "form": "short-form",
        "plotSummaryText": "2010년 일어난 아이티 지진으로 많은 사람들이 죽거나 다쳤으며 그다음 해에 일본 지진의  피해도 심각하다고 말했습니다.",
        "textWordEA": 16
      }
    },
    {
      "srcTextID": "6815",
      "srcText": "누군가 지진학자들을 향해 소리를 질렀어요. 법정은 순간 울음바다로 변했어요. “나는 부모님을 잃었어요. 흑흑.”",
      "srcPage": 2,
      "srcSentenceEA": 4,
      "srcWordEA": 15,
      "character": "지진학자,나,부모님",
      "setting": "법정",
      "action": "질렀어요,잃었어요",
      "feeling": null,
      "causalRelationship": null,
      "outcomeResolution": null,
      "prediction": null,
      "plotSummaryInfoCount": 1,
      "plotSummaryInfo": {
        "classification": "자연탐구",
        "readAge": "초등_고학년",
        "form": "long-form",
        "plotSummaryText": "누군가 지진학자들을 향해 소리를 지르자 법정은 울음바다로 변했습니다. ",
        "textWordEA": 8
      }
    },
    {
      "srcTextID": "6819",
      "srcText": "그러자 지진학자 1명이 머뭇거리며 일어났어요. 우선, 지진으로 세상을 떠나신 분들에 대해 매우 안타깝게 생각합니다. 그런데 지진은 간단하게 일어나는 것이 아닙니다.",
      "srcPage": 5,
      "srcSentenceEA": 3,
      "srcWordEA": 22,
      "character": "지진학자",
      "setting": null,
      "action": "일어났어요",
      "feeling": "안타깝게",
      "causalRelationship": null,
      "outcomeResolution": null,
      "prediction": null,
      "plotSummaryInfoCount": 1,
      "plotSummaryInfo": {
        "classification": "자연탐구",
        "readAge": "초등_고학년",
        "form": "short-form",
        "plotSummaryText": "지진학자 한 명이 일어나 돌아가신 분들의 일은 안타깝지만, 지진은 간단하게 일어나는 것이 아니라고 말했습니다.",
        "textWordEA": 14
      }
    },
    {
      "srcTextID": "6818",
      "srcText": "그 힘을 받아 단단한 껍데기도 움직이거나 서로 부딪치는데, 그때 지진이 일어날 가능성이 큽니다. “우리가 지금 당신 강의 들으러 온 줄 알아요?” 흥분한 방청객이 소리를 질렀어요.",
      "srcPage": 7,
      "srcSentenceEA": 3,
      "srcWordEA": 26,
      "character": "우리,당신,방청객,지진",
      "setting": null,
      "action": "부딪치는데,질렀어요",
      "feeling": "흥분한",
      "causalRelationship": null,
      "outcomeResolution": null,
      "prediction": null,
      "plotSummaryInfoCount": 1,
      "plotSummaryInfo": {
        "classification": "자연탐구",
        "readAge": "초등_고학년",
        "form": "short-form",
        "plotSummaryText": "단단한 껍데기가 서로 부딪힐 때 지진이 일어날 가능성이 커진다고 말하자 방청객들은 그의 강의를 듣고 싶은 게 아니라며 소리를 질렀습니다.",
        "textWordEA": 19
      }
    },
    {
      "srcTextID": "6835",
      "srcText": "그 당시 작은 지진들이 일어난 것을 보고 큰 지진이 일어날 것을 정확하게 예측한 덕분입니다. 따라서 저 지진학자의 이야기는 모두 자신들의 실수를 덮으려는 것입니다. “옳소! 옳소!” “지진학자들을 감옥으로 보냅시다!” ",
      "srcPage": 13,
      "srcSentenceEA": 4,
      "srcWordEA": 30,
      "character": "작은 지진,큰 지진,지진학자들",
      "setting": null,
      "action": "예측한,덮으려는",
      "feeling": null,
      "causalRelationship": null,
      "outcomeResolution": null,
      "prediction": null,
      "plotSummaryInfoCount": 1,
      "plotSummaryInfo": {
        "classification": "자연탐구",
        "readAge": "초등_고학년",
        "form": "long-form",
        "plotSummaryText": "그 당시 작은 지진을 보고 큰 지진을 정확히 예측한 것으로  지진학자가 실수를 덮으려는 것이라고 말했습니다.",
        "textWordEA": 16
      }
    },
    {
      "srcTextID": "6843",
      "srcText": "현재의 과학 수준으로 지진을 정확하게 예측하기는 어렵습니다. 우리 과학자들은 최선을 다해 과학적 의견을 낼 뿐입니다. 그런데 과학자들의 의견이 사실과 맞지 않는다고 하여 과학자들을 감옥에 보낸다면 과학자들의 연구는 더 이상 발전할 수 없습니다. ",
      "srcPage": 16,
      "srcSentenceEA": 3,
      "srcWordEA": 34,
      "character": "과학자들,지진,연구",
      "setting": null,
      "action": "어렵습니다,보낸다면",
      "feeling": null,
      "causalRelationship": null,
      "outcomeResolution": null,
      "prediction": null,
      "plotSummaryInfoCount": 1,
      "plotSummaryInfo": {
        "classification": "자연탐구",
        "readAge": "초등_고학년",
        "form": "short-form",
        "plotSummaryText": "과학자들은 과학적 의견을 낼 뿐인데 사실과 맞지 않는다고 감옥에 보낸다면 과학자들의 연구는 발전할 수 없다고 하였습니다.",
        "textWordEA": 16
      }
    },
    {
      "srcTextID": "6849",
      "srcText": "미리 확실하게 알 수 있었던 지진은 하이청 지진뿐이었습니다. 하지만 1년 뒤 하이청에서 가까운 탕산에서 일어난 지진을 보세요. 갑자기 일어난 지진으로 24만 명이나 되는 사람들이 목숨을 잃었습니다.",
      "srcPage": 19,
      "srcSentenceEA": 3,
      "srcWordEA": 28,
      "character": "지진",
      "setting": "1년 뒤 하이청에서,탕산",
      "action": "잃었습니다",
      "feeling": null,
      "causalRelationship": null,
      "outcomeResolution": "갑자기 일어난 지진으로 24만 명이나 되는 사람들이 목숨을 잃었습니다.",
      "prediction": null,
      "plotSummaryInfoCount": 1,
      "plotSummaryInfo": {
        "classification": "자연탐구",
        "readAge": "초등_고학년",
        "form": "short-form",
        "plotSummaryText": "정확히 예측한 지진은 하이청 지진뿐이며 1년 뒤 하이청에서 가까운 탕산에서 갑자기 일어난 지진으로 24만 명이나 되는 사람들이 목숨을 잃었다고 말했습니다.",
        "textWordEA": 20
      }
    }
  ]
}