{
  "title": "뚝딱 박사의 미래 식량 로드",
  "author": "서진희",
  "illustrator": "이나르",
  "isbn": "9791128211683",
  "publishedYear": 2018,
  "publisher": "아람북스",
  "paragraphInfoCount": 35,
  "paragraphInfo": [
    {
      "srcTextID": "35794",
      "srcText": "연구실을 이리 갔다 저리 갔다 정신없어 보이는 저 사람이 누구냐고? 신기한 발명품을 뚝딱뚝딱 만들어 내는 천재 과학자, 바로 뚝딱 박사님이야. 하루라도 발명을 하지 않으면 손발에 쥐가 난다나?",
      "srcPage": 1,
      "srcSentenceEA": 3,
      "srcWordEA": 29,
      "character": "사람,발명품,천재 과학자,뚝딱 박사님,손발",
      "setting": "연구실,하루",
      "action": "이리 갔다 저리 갔다,정신없어,보이는,만들어 내는,하지 않으면,쥐가 난다나",
      "feeling": "신기한",
      "causalRelationship": null,
      "outcomeResolution": null,
      "prediction": null,
      "plotSummaryInfoCount": 1,
      "plotSummaryInfo": {
        "classification": "자연탐구",
        "readAge": "초등_고학년",
        "form": "short-form",
        "plotSummaryText": "연구실에서 정신없이 신기한 발명품을 만드는 천재 과학자 뚝딱 박사님은 하루라도 발명을 하지 않으면 손발에 쥐가 난다고 하였다.",
        "textWordEA": 17
      }
    },
    {
      "srcTextID": "35793",
      "srcText": "아, 내 이름은 알파콧! 뚝딱 박사님이 만든 손목시계형 컴퓨터야. 난 뭐든 모르는 게 없지. 천재 과학자의 천재 비서라고나 할까?",
      "srcPage": 2,
      "srcSentenceEA": 4,
      "srcWordEA": 22,
      "character": "알파콧,뚝딱 박사님,손목시계형 컴퓨터,천재 과학자,천재 비서",
      "setting": null,
      "action": "만든,모르는 게 없지",
      "feeling": null,
      "causalRelationship": null,
      "outcomeResolution": null,
      "prediction": null,
      "plotSummaryInfoCount": 1,
      "plotSummaryInfo": {
        "classification": "자연탐구",
        "readAge": "초등_고학년",
        "form": "long-form",
        "plotSummaryText": "나는 뚝딱 박사님이 만든 손목시계형 컴퓨터이자 모르는 게 없는 천재 비서인 알파콧 입니다.",
        "textWordEA": 13
      }
    },
    {
      "srcTextID": "35796",
      "srcText": "“됐다! 이제 어디든 갈 수 있어!” “오, 드디어 타임머신이 완성되었군요. 박사님, 축하해요!” “고마워, 알파콧!” 그때 뚝딱 박사님의 배에서 꼬르륵!",
      "srcPage": 3,
      "srcSentenceEA": 5,
      "srcWordEA": 22,
      "character": "타임머신,박사님,알파콧,뚝딱 박사님,배",
      "setting": "이제,그때",
      "action": "갈 수 있어,완성되었군요",
      "feeling": "고마워",
      "causalRelationship": null,
      "outcomeResolution": null,
      "prediction": null,
      "plotSummaryInfoCount": 1,
      "plotSummaryInfo": {
        "classification": "자연탐구",
        "readAge": "초등_고학년",
        "form": "long-form",
        "plotSummaryText": "타임머신을 완성한 박사님께 축하하던 그때, 뚝딱 박사님 배에서 꼬르륵 소리가 납니다.",
        "textWordEA": 11
      }
    },
    {
      "srcTextID": "35795",
      "srcText": "“그러고 보니 아침부터 아무것도 못 먹었네.” 뚝딱 박사님은 햄버거를 먹기 시작했어. “에이, 날마다 햄버거만 먹었더니 질리는군. 가만.”",
      "srcPage": 4,
      "srcSentenceEA": 4,
      "srcWordEA": 19,
      "character": "뚝딱 박사님,햄버거",
      "setting": "아침부터,날마다",
      "action": "아무것도 못 먹었네,먹기 시작했어,먹었더니",
      "feeling": "질리는군",
      "causalRelationship": null,
      "outcomeResolution": null,
      "prediction": null,
      "plotSummaryInfoCount": 1,
      "plotSummaryInfo": {
        "classification": "자연탐구",
        "readAge": "초등_고학년",
        "form": "long-form",
        "plotSummaryText": "아침부터 아무것도 못 먹은 뚝딱 박사님은 날마다 햄버거만 먹으니 질린다고 합니다.",
        "textWordEA": 11
      }
    },
    {
      "srcTextID": "35797",
      "srcText": "갑자기 뚝딱 박사님이 햄버거를 내려놓고 타임머신에 올라탔어. “미래에는 틀림없이 새롭고 맛있는 음식이 엄청 많을 거야! 가자, 미래로!” “미래? 음식? 박사님, 자, 잠깐만요!”",
      "srcPage": 5,
      "srcSentenceEA": 5,
      "srcWordEA": 25,
      "character": "뚝딱 박사님,햄버거,타임머신,음식,박사님",
      "setting": "갑자기,미래",
      "action": "내려놓고,올라탔어,가자,새롭고,맛있는,많을거야",
      "feeling": null,
      "causalRelationship": null,
      "outcomeResolution": null,
      "prediction": null,
      "plotSummaryInfoCount": 1,
      "plotSummaryInfo": {
        "classification": "자연탐구",
        "readAge": "초등_고학년",
        "form": "long-form",
        "plotSummaryText": "뚝딱 박사님이 갑자기 타임머신에 올라타 미래에는 새롭고 맛있는 음식이 많을 거라며 미래로 가자고 말합니다.",
        "textWordEA": 14
      }
    },
    {
      "srcTextID": "35806",
      "srcText": "그렇게 우리는 순식간에 미래로 왔어. “오! 왔다, 왔어. 알파콧, 우리가 미래에 왔다고! 일단 배부터 채워야겠다!” 뚝딱 박사님은 미래로 오자마자, 정신없이 식당을 찾기 시작했어. ",
      "srcPage": 6,
      "srcSentenceEA": 5,
      "srcWordEA": 27,
      "character": "우리,알파콧,뚝딱 박사님",
      "setting": "순식간에,미래,식당",
      "action": "왔어,채워야겠다,오자마자,찾기 시작했어",
      "feeling": null,
      "causalRelationship": null,
      "outcomeResolution": null,
      "prediction": null,
      "plotSummaryInfoCount": 1,
      "plotSummaryInfo": {
        "classification": "자연탐구",
        "readAge": "초등_고학년",
        "form": "long-form",
        "plotSummaryText": "순식간에 미래로 온 알파콧과 뚝딱 박사님은 배부터 채워야겠다며 식당을 찾기 시작했습니다.",
        "textWordEA": 11
      }
    },
    {
      "srcTextID": "35805",
      "srcText": "“박사님! 그, 그런데요.” “알파콧, 배가 너무 고파. 어서 식당부터 찾자!” 뚝딱 박사님에게 미래 식량에 대해 말해 주려고 했는데, 지금은 아무 말도 하지 않는 게 좋을 것 같아.",
      "srcPage": 7,
      "srcSentenceEA": 4,
      "srcWordEA": 30,
      "character": "박사님,알파콧,뚝딱 박사님,미래 식량",
      "setting": "식당,지금은",
      "action": "배가 너무 고파,찾자,말해 주려고,하지 않는 게,좋을 것 같아",
      "feeling": null,
      "causalRelationship": null,
      "outcomeResolution": null,
      "prediction": null,
      "plotSummaryInfoCount": 1,
      "plotSummaryInfo": {
        "classification": "자연탐구",
        "readAge": "초등_고학년",
        "form": "long-form",
        "plotSummaryText": "뚝딱 박사님은 배가 고프니 식당부터 찾자 했고, 알파콧은 박사님에게 미래 식량에 대해 말하지 않는 게 좋을 것 같다고 생각합니다.",
        "textWordEA": 19
      }
    },
    {
      "srcTextID": "35814",
      "srcText": "한참을 걷던 뚝딱 박사님이 갑자기 멈추어 섰어. 상점에서 흘러나오는 광고 때문이었지. 우아! 알파콧, 저게 뭐야? 가정형 식물 공장입니다. 언제, 어디서든 싱싱하고 깨끗한 채소를 맛보세요! ",
      "srcPage": 8,
      "srcSentenceEA": 6,
      "srcWordEA": 29,
      "character": "뚝딱 박사님,광고,알파콧,가정형 식물 공장,채소",
      "setting": "갑자기,상점,언제,어디서든",
      "action": "걷던,멈추어 섰어,흘러나오는,맛보세요",
      "feeling": null,
      "causalRelationship": null,
      "outcomeResolution": null,
      "prediction": null,
      "plotSummaryInfoCount": 1,
      "plotSummaryInfo": {
        "classification": "자연탐구",
        "readAge": "초등_고학년",
        "form": "long-form",
        "plotSummaryText": "한참을 걷던 뚝딱 박사님은 가정형 식물공장에 대한 상점의 광고를 보고 멈추어 섰습니다.",
        "textWordEA": 12
      }
    },
    {
      "srcTextID": "35825",
      "srcText": "뚝딱 박사님은 침을 꼴깍 삼켰어. 그때 식당 안에 걸린 텔레비전에서 광고가 나왔지. 원하는 고기의 원하는 부위만 골라, 간편하게 고기를 만들어 드세요! ",
      "srcPage": 12,
      "srcSentenceEA": 3,
      "srcWordEA": 23,
      "character": "뚝딱 박사님,텔레비전,고기",
      "setting": "그때,식당",
      "action": "삼켰어,걸린,나왔지,원하는,골라,만들어 드세요",
      "feeling": null,
      "causalRelationship": null,
      "outcomeResolution": null,
      "prediction": null,
      "plotSummaryInfoCount": 1,
      "plotSummaryInfo": {
        "classification": "자연탐구",
        "readAge": "초등_고학년",
        "form": "short-form",
        "plotSummaryText": "뚝딱 박사님이 침을 꼴깍 삼키는데, 텔레비전에서 원하는 고기의 부위만 골라 고기를 만들어 먹으라는 광고가 나옵니다.",
        "textWordEA": 15
      }
    },
    {
      "srcTextID": "35849",
      "srcText": "“먹을거리가 부족하면 곡물을 많이 심으면 되잖아?” “그럼 땅이 한없이 넓어야 하잖아요.” “흠, 그럼 가축을 더 많이 기르면 되잖아?” 맛있는 고기를 생각하며 뚝딱 박사님이 침을 꼴깍 삼켰어.",
      "srcPage": 27,
      "srcSentenceEA": 4,
      "srcWordEA": 27,
      "character": "먹을거리,곡물,가축,고기,뚝딱 박사님",
      "setting": "땅",
      "action": "부족하면,생각하며,침을 꼴깍 삼켰어,심으면,넓어야,기르면",
      "feeling": null,
      "causalRelationship": null,
      "outcomeResolution": null,
      "prediction": null,
      "plotSummaryInfoCount": 1,
      "plotSummaryInfo": {
        "classification": "자연탐구",
        "readAge": "초등_고학년",
        "form": "long-form",
        "plotSummaryText": "곡물을 많이 심으면 된다는 말에 땅이 넓어야 한다고 대답했고, 뚝딱 박사님은 가축을 많이 기르면 된다고 말하더니 고기를 생각하며 침을 삼켰습니다.",
        "textWordEA": 20
      }
    },
    {
      "srcTextID": "35822",
      "srcText": "“여기가 좋겠다!” 뚝딱 박사님이 어느 식당으로 성큼성큼 들어갔어. 식당 안에서는 맛있는 고기 냄새가 폴폴 났지. “오, 이거야, 이거!”",
      "srcPage": 11,
      "srcSentenceEA": 4,
      "srcWordEA": 20,
      "character": "뚝딱 박사님,고기",
      "setting": "식당",
      "action": "들어갔어,냄새가 폴폴 났지,좋겠다",
      "feeling": null,
      "causalRelationship": null,
      "outcomeResolution": null,
      "prediction": null,
      "plotSummaryInfoCount": 1,
      "plotSummaryInfo": {
        "classification": "자연탐구",
        "readAge": "초등_고학년",
        "form": "long-form",
        "plotSummaryText": "뚝딱 박사님이 식당 안으로 들어갔고, 맛있는 고기 냄새가 폴폴 나자 만족해합니다.",
        "textWordEA": 11
      }
    },
    {
      "srcTextID": "35829",
      "srcText": "드디어 뚝딱 박사님이 주문한 배양육 스테이크가 나왔어. 뚝딱 박사님은 배양육 스테이크를 크게 한 입 베어 물었어. “엥? 고기 맛이 뭐 이래?” ",
      "srcPage": 15,
      "srcSentenceEA": 3,
      "srcWordEA": 23,
      "character": "뚝딱 박사님,배양육 스테이크,고기",
      "setting": null,
      "action": "주문한,나왔어,베어 물었어",
      "feeling": null,
      "causalRelationship": null,
      "outcomeResolution": null,
      "prediction": null,
      "plotSummaryInfoCount": 1,
      "plotSummaryInfo": {
        "classification": "자연탐구",
        "readAge": "초등_고학년",
        "form": "short-form",
        "plotSummaryText": "주문한 배양육 스테이크가 나왔고, 뚝딱 박사님은 크게 한입 베어 물더니 고기 맛이 왜 이런지 묻습니다.",
        "textWordEA": 15
      }
    },
    {
      "srcTextID": "35833",
      "srcText": "“옳지, 저기로 가 보자!” 뚝딱 박사님이 다른 식당으로 들어갔어. 식당 안에는 사람들이 북적북적했지.  “알파콧, 사람들이 많은 걸 보니 여기는 음식이 맛있는 곳인가 봐.”",
      "srcPage": 18,
      "srcSentenceEA": 4,
      "srcWordEA": 25,
      "character": "뚝딱 박사님,사람들,알파콧",
      "setting": "식당",
      "action": "가 보자,들어갔어,북적북적했지,많은 걸 보니",
      "feeling": null,
      "causalRelationship": null,
      "outcomeResolution": null,
      "prediction": null,
      "plotSummaryInfoCount": 1,
      "plotSummaryInfo": {
        "classification": "자연탐구",
        "readAge": "초등_고학년",
        "form": "long-form",
        "plotSummaryText": "뚝딱 박사님은 사람들이 북적북적한 식당으로 들어갔고, 알파콧에게 사람이 많으니, 음식이 맛있을 것 같다고 말합니다.",
        "textWordEA": 14
      }
    },
    {
      "srcTextID": "35836",
      "srcText": "뚝딱 박사님이 입맛을 다시며 메뉴판을 보았어. 누가 업어 가도 모를 만큼 고소한 고소해 스파게티, 먹으면 꽃처럼 예뻐지고 맛도 좋은 꽃벵이 구이, 몸에 좋고 고소한 고단백 모둠.  몸에 좋고 고소하다니, 이게 괜찮겠군.",
      "srcPage": 19,
      "srcSentenceEA": 3,
      "srcWordEA": 34,
      "character": "뚝딱 박사님,고소해 스파게티,꽃,꽃벵이 구이,고단백 모둠",
      "setting": null,
      "action": "입맛을 다시며,보았어,모를 만큼,고소한,먹으면,몸에 좋고",
      "feeling": null,
      "causalRelationship": null,
      "outcomeResolution": null,
      "prediction": null,
      "plotSummaryInfoCount": 1,
      "plotSummaryInfo": {
        "classification": "자연탐구",
        "readAge": "초등_고학년",
        "form": "short-form",
        "plotSummaryText": "뚝딱 박사님은 입맛을 다시며 고소해 스파게티, 꽃벵이 구이, 고단백 모둠 구이가 있는 메뉴판을 보더니 몸에 좋고 고소한 것이 좋겠다고 말합니다.",
        "textWordEA": 20
      }
    },
    {
      "srcTextID": "35834",
      "srcText": "뚝딱 박사님은 ‘몸에 좋고 고소한 고단백 모둠’을 골랐어. 그리고 식사 전에 나온 푸딩을 맛보았지. “우아! 도대체 뭘로 만들었기에 이렇게 맛있는 거야?”",
      "srcPage": 20,
      "srcSentenceEA": 4,
      "srcWordEA": 24,
      "character": "뚝딱 박사님,고단백 모둠,푸딩",
      "setting": "식사 전",
      "action": "몸에 좋고,고소한,골랐어,나온,맛보았지,만들었기에",
      "feeling": null,
      "causalRelationship": null,
      "outcomeResolution": null,
      "prediction": null,
      "plotSummaryInfoCount": 1,
      "plotSummaryInfo": {
        "classification": "자연탐구",
        "readAge": "초등_고학년",
        "form": "long-form",
        "plotSummaryText": "뚝딱 박사님은 몸에 좋고 고소한 고단백 모둠을 골랐고, 식사가 나오기 전 푸딩을 맛보고 맛있다고 말합니다.",
        "textWordEA": 15
      }
    },
    {
      "srcTextID": "35845",
      "srcText": "뚝딱 박사님이 도무지 모르겠다는 표정으로 고개를 갸우뚱거렸어. “인구가 계속 늘어나니까요! 현재도 인구가 많아서 굶는 사람이 많아요.”",
      "srcPage": 26,
      "srcSentenceEA": 3,
      "srcWordEA": 17,
      "character": "뚝딱 박사님,인구,사람",
      "setting": "현재",
      "action": "갸우뚱거렸어,늘어나니까요,굶는,많아서",
      "feeling": null,
      "causalRelationship": null,
      "outcomeResolution": null,
      "prediction": null,
      "plotSummaryInfoCount": 1,
      "plotSummaryInfo": {
        "classification": "자연탐구",
        "readAge": "초등_고학년",
        "form": "short-form",
        "plotSummaryText": "뚝딱 박사님이 고개를 갸우뚱거리는 모습을 보고, 현재도 인구가 계속 늘어나 굶는 사람이 많다고 말했습니다.",
        "textWordEA": 14
      }
    },
    {
      "srcTextID": "35848",
      "srcText": " “그건 그렇지.” “그리고 가축의 똥과 방귀에서 나오는 온실가스는 지구 온난화의 원인이기도 해요.” “그것도 그렇지!” 내가 말할 때마다 뚝딱 박사님이 고개를 끄덕이며 맞장구를 쳤어.",
      "srcPage": 29,
      "srcSentenceEA": 4,
      "srcWordEA": 24,
      "character": "가축,똥,방귀,온실가스,지구 온난화,뚝딱 박사님",
      "setting": null,
      "action": "나오는,원인이기도 해요,말할,고개를 끄덕이며,맞장구를 쳤어",
      "feeling": null,
      "causalRelationship": null,
      "outcomeResolution": null,
      "prediction": null,
      "plotSummaryInfoCount": 1,
      "plotSummaryInfo": {
        "classification": "자연탐구",
        "readAge": "초등_고학년",
        "form": "long-form",
        "plotSummaryText": "가축의 똥과 방귀에서 나오는 온실가스는 지구 온난화의 원인이라 말하자 뚝딱 박사님은 고개를 끄덕이며 맞장구를 칩니다.",
        "textWordEA": 15
      }
    },
    {
      "srcTextID": "35854",
      "srcText": "곤충을 기른다면 가축을 기를 때처럼 넓은 땅이나 많은 물이 필요 없어요. 지구를 병들게 하는 온실가스도 훨씬 적게 나오지요. 게다가 손쉽게 구할 수 있고, 번식력도 좋아서 인구가 늘어나도 먹을 수 있는 양이 충분하답니다. 어때요, 이만하면 미래 식량으로 1등 아닌가요? “오오, 정말 그렇군.” ",
      "srcPage": 31,
      "srcSentenceEA": 5,
      "srcWordEA": 44,
      "character": "곤충,가축,땅,물,온실가스,인구,미래 식량",
      "setting": "지구",
      "action": "기른다면,기를 때처럼,필요 없어요,병들게 하는,적게 나오지요,구할 수 있고,번식력도 좋아서,늘어나도,충분하답니다",
      "feeling": null,
      "causalRelationship": null,
      "outcomeResolution": null,
      "prediction": null,
      "plotSummaryInfoCount": 1,
      "plotSummaryInfo": {
        "classification": "자연탐구",
        "readAge": "초등_고학년",
        "form": "long-form",
        "plotSummaryText": "곤충을 기르려면 넓은 땅과 물이 필요 없고, 온실가스도 적게 나오고, 곤충은 번식력이 좋아 인구가 늘어도 양이 충분하니 미래 식량으로 1등이라 말합니다.",
        "textWordEA": 21
      }
    },
    {
      "srcTextID": "35861",
      "srcText": "“그나저나 먹는 이야기를 했더니, 더 배가 고파지네.” “아까 곤충 푸딩도 맛있게 드셨잖아요. 맛있고 영양가도 높은데 뭘 망설이세요?” ",
      "srcPage": 32,
      "srcSentenceEA": 3,
      "srcWordEA": 18,
      "character": "곤충 푸딩",
      "setting": null,
      "action": "이야기를 했더니,배가 고파지네,드셨잖아요,높은데",
      "feeling": "망설이세요",
      "causalRelationship": null,
      "outcomeResolution": null,
      "prediction": null,
      "plotSummaryInfoCount": 1,
      "plotSummaryInfo": {
        "classification": "자연탐구",
        "readAge": "초등_고학년",
        "form": "short-form",
        "plotSummaryText": "박사님은 먹는 이야기를 하니 더 배가 고프다 했고, 곤충 푸딩도 맛있게 드셨으니 망설이지 말라 말합니다.",
        "textWordEA": 15
      }
    },
    {
      "srcTextID": "35824",
      "srcText": "고기를 만들어 먹는다고? 그것도 원하는 부위만? 알파콧, 저건 또 뭐야?  “배양육이에요. 가축을 길러 얻은 고기가 아니라 사람이 실험실에서 만든 고기라고나 할까요?”",
      "srcPage": 13,
      "srcSentenceEA": 4,
      "srcWordEA": 24,
      "character": "고기,알파콧,배양육,가축,사람",
      "setting": "실험실",
      "action": "만들어,먹는다고,원하는,길러,얻은,만든",
      "feeling": null,
      "causalRelationship": null,
      "outcomeResolution": null,
      "prediction": null,
      "plotSummaryInfoCount": 1,
      "plotSummaryInfo": {
        "classification": "자연탐구",
        "readAge": "초등_고학년",
        "form": "long-form",
        "plotSummaryText": "알파콧에게 원하는 고기를 만든다는 게 무엇인지에 대해 알파콧은 가축의 고기가 아닌 사람이 실험실에서 만드는 배양육이라 말합니다.",
        "textWordEA": 16
      }
    },
    {
      "srcTextID": "35813",
      "srcText": "태양 대신 특수한 빛을 사용하고, 온도와 물 등을 사람이 인공적으로 조절해 식물을 기르는 식물 공장이에요. 계절이나 날씨에 상관없이 언제, 어디서든 자유롭게 식물을 기를 수 있어요. 현재에도 식물 공장이 있지만 아직 손쉽게 이용할 수 없어요. ",
      "srcPage": 9,
      "srcSentenceEA": 3,
      "srcWordEA": 36,
      "character": "태양,특수한 빛,온도,물,사람,식물,날씨",
      "setting": "식물 공장,계절,언제,어디서든,현재",
      "action": "사용하고,조절해,기르는,기를 수 있어요,자유롭게,손쉽게,이용할 수",
      "feeling": null,
      "causalRelationship": null,
      "outcomeResolution": null,
      "prediction": null,
      "plotSummaryInfoCount": 1,
      "plotSummaryInfo": {
        "classification": "자연탐구",
        "readAge": "초등_고학년",
        "form": "short-form",
        "plotSummaryText": "특수한 빛과 온도 그리고 물을 인공적으로 조절해 날씨와 계절에 상관없이 자유롭게 식물을 기를 수 있는 식물 공장이었어요.",
        "textWordEA": 17
      }
    },
    {
      "srcTextID": "35812",
      "srcText": "그런데 미래에서는 누구나 손쉽게 식물을 기를 수 있도록 기술이 발달했나 봐요. “이렇게 기술이 발달했으니, 틀림없이 새롭고 맛있는 음식이 많을 거야.” 뚝딱 박사님의 걸음이 더욱 빨라졌어.  ",
      "srcPage": 10,
      "srcSentenceEA": 3,
      "srcWordEA": 26,
      "character": "식물,음식,뚝딱 박사님",
      "setting": "미래에서는",
      "action": "손쉽게,발달했나 봐요,발달했으니,빨라졌어,기를 수",
      "feeling": null,
      "causalRelationship": null,
      "outcomeResolution": null,
      "prediction": null,
      "plotSummaryInfoCount": 1,
      "plotSummaryInfo": {
        "classification": "자연탐구",
        "readAge": "초등_고학년",
        "form": "short-form",
        "plotSummaryText": "미래에는 손쉽게 식물을 기를 수 있도록 기술이 발달했고, 뚝딱 박사님은 새롭고 맛있는 음식이 많을 거라며 걸음이 빨라졌습니다.",
        "textWordEA": 17
      }
    },
    {
      "srcTextID": "35843",
      "srcText": "때마침 주문한 음식이 나왔어. 모두 곤충으로 만든 음식들이었어. 뚝딱 박사님은 음식을 보고는 얼음처럼 굳었지. ",
      "srcPage": 22,
      "srcSentenceEA": 3,
      "srcWordEA": 16,
      "character": "음식,곤충,음식들,뚝딱 박사님",
      "setting": "때마침",
      "action": "주문한,나왔어,만든,보고는,굳었지",
      "feeling": null,
      "causalRelationship": null,
      "outcomeResolution": null,
      "prediction": null,
      "plotSummaryInfoCount": 1,
      "plotSummaryInfo": {
        "classification": "자연탐구",
        "readAge": "초등_고학년",
        "form": "short-form",
        "plotSummaryText": "뚝딱 박사님은 주문한 음식이 모두 곤충으로 만든 것을 보고 얼음처럼 굳었습니다.",
        "textWordEA": 11
      }
    },
    {
      "srcTextID": "35842",
      "srcText": "“욱, 현재도 곤충을 먹는다는 얘긴 들어 보았지만, 그건 곤충 요리 전문 식당이나 특별한 요리 대회에서였다고!” “박사님, 여긴 미래잖아요! 곤충은 영양가도 높고 맛도 좋은 미래 식량이라고요!” ",
      "srcPage": 23,
      "srcSentenceEA": 3,
      "srcWordEA": 26,
      "character": "곤충,박사님,미래 식량",
      "setting": "현재,전문 식당,요리 대회,미래",
      "action": "먹는다는,들어 보았지만,영양가도 높고,맛도 좋은",
      "feeling": null,
      "causalRelationship": null,
      "outcomeResolution": null,
      "prediction": null,
      "plotSummaryInfoCount": 1,
      "plotSummaryInfo": {
        "classification": "자연탐구",
        "readAge": "초등_고학년",
        "form": "short-form",
        "plotSummaryText": "박사님은 현재는 곤충 요리 전문 식당과 특별한 요리 대회에서만 곤충을 먹는다고 말했고, 여긴 미래이며 곤충은 영양가가 높고 맛 좋은 미래 식량이라고 대답했습니다.",
        "textWordEA": 22
      }
    },
    {
      "srcTextID": "35844",
      "srcText": "그래도 난 싫어! 곤충이라면 정말 질색이라고!  “맛있는 고기를 놔두고 왜 징그러운 곤충을 먹지? 아무리 새로운 걸 좋아해도 그렇지, 미래 사람들도 참.”",
      "srcPage": 24,
      "srcSentenceEA": 4,
      "srcWordEA": 23,
      "character": "곤충,고기,미래 사람들",
      "setting": null,
      "action": "놔두고,먹지",
      "feeling": "싫어,질색이라고,징그러운",
      "causalRelationship": null,
      "outcomeResolution": null,
      "prediction": null,
      "plotSummaryInfoCount": 1,
      "plotSummaryInfo": {
        "classification": "자연탐구",
        "readAge": "초등_고학년",
        "form": "long-form",
        "plotSummaryText": "미래 사람들은 맛있는 고기를 두고 왜 징그러운 곤충을 먹냐며 질색합니다.",
        "textWordEA": 10
      }
    },
    {
      "srcTextID": "35847",
      "srcText": " “가축을 많이 기르려면 가축이 살 땅과 물도 그만큼 많이 필요해요. 가축이 먹을 곡물 심을 땅도 필요하고요. 가축을 더 많이 기른다면 사람들이 먹을 곡물은 어디에 심어야 하나요? 또 물도 훨씬 더 많이 필요하지 않겠어요?”",
      "srcPage": 28,
      "srcSentenceEA": 4,
      "srcWordEA": 36,
      "character": "가축,물,곡물,사람들",
      "setting": "땅",
      "action": "살,필요해요,먹을,심을,필요하고요,기르려면,기른다면,시미어야,필요하지",
      "feeling": null,
      "causalRelationship": null,
      "outcomeResolution": null,
      "prediction": null,
      "plotSummaryInfoCount": 1,
      "plotSummaryInfo": {
        "classification": "자연탐구",
        "readAge": "초등_고학년",
        "form": "long-form",
        "plotSummaryText": "가축을 많이 기르려면 가축이 살 땅과 물이 필요하고, 가축과 사람들이 먹을 곡식을 심을 땅이 필요하며 이를 위해  물도 더 필요하다고 말합니다.",
        "textWordEA": 22
      }
    },
    {
      "srcTextID": "35823",
      "srcText": "“오호! 거참 신통방통하군. 어쨌든 고기는 고기잖아! 게다가 기술이 발달한 미래에서 만든 거니까 틀림없이 맛있겠지?” 잔뜩 기대에 찬 뚝딱 박사님이 배양육 스테이크를 시켰어.",
      "srcPage": 14,
      "srcSentenceEA": 4,
      "srcWordEA": 26,
      "character": "고기,뚝딱 박사님,배양육 스테이크",
      "setting": "미래",
      "action": "발달한,만든 거니까,시켰어,맛있겠지",
      "feeling": null,
      "causalRelationship": null,
      "outcomeResolution": null,
      "prediction": null,
      "plotSummaryInfoCount": 1,
      "plotSummaryInfo": {
        "classification": "자연탐구",
        "readAge": "초등_고학년",
        "form": "long-form",
        "plotSummaryText": "뚝딱 박사님은 기술이 발달한 미래에서 만든 고기라 틀림없이 맛있을 거라 잔뜩 기대하며 배양육 스테이크를 시킵니다.",
        "textWordEA": 15
      }
    },
    {
      "srcTextID": "35830",
      "srcText": "실망한 뚝딱 박사님에게 내가 말했어. “아직 고기 맛이 나아지지 않았나 보군요.” “그게 무슨 소리야?”",
      "srcPage": 16,
      "srcSentenceEA": 3,
      "srcWordEA": 14,
      "character": "뚝딱 박사님,고기",
      "setting": null,
      "action": "말했어,나아지지 않았나",
      "feeling": "실망한",
      "causalRelationship": null,
      "outcomeResolution": null,
      "prediction": null,
      "plotSummaryInfoCount": 1,
      "plotSummaryInfo": {
        "classification": "자연탐구",
        "readAge": "초등_고학년",
        "form": "short-form",
        "plotSummaryText": "아직 고기 맛이 나아지지 않은 것 같다고 말하자 실망한 뚝딱 박사님은 무슨 소린지 묻습니다.",
        "textWordEA": 14
      }
    },
    {
      "srcTextID": "35831",
      "srcText": "현재에도 배양육은 있지만 좀 더 완벽하게 만들기 위해 연구하는 단계예요. 맛이 없다니, 좀 더 연구가 필요한가 봐요.” 내 말을 듣자 뚝딱 박사님은 다른 식당을 찾아 나섰어.",
      "srcPage": 17,
      "srcSentenceEA": 3,
      "srcWordEA": 28,
      "character": "배양육,뚝딱 박사님",
      "setting": "현재,다른 식당",
      "action": "만들기 위해,연구하는,맛이 없다니,필요한가 봐요,듣자,찾아 나섰어",
      "feeling": null,
      "causalRelationship": null,
      "outcomeResolution": null,
      "prediction": null,
      "plotSummaryInfoCount": 1,
      "plotSummaryInfo": {
        "classification": "자연탐구",
        "readAge": "초등_고학년",
        "form": "short-form",
        "plotSummaryText": "현재도 배양육이 있지만 맛이 없어 연구가 더 필요한 것 같다고 말하자 뚝딱 박사님은 다른 식당을 찾아 나섰습니다.",
        "textWordEA": 17
      }
    },
    {
      "srcTextID": "35835",
      "srcText": "뚝딱 박사님은 식당을 휘 둘러보았어. “으악!” 눈이 왕방울만 해진 뚝딱 박사님이 소리쳤지. 푸딩에 들어간 재료의 정체를 안 거야. 그건 바로, 곤충이었어! “퉤퉤, 대체 왜 먹는 음식에 곤충을 넣고 그래?”",
      "srcPage": 21,
      "srcSentenceEA": 5,
      "srcWordEA": 32,
      "character": "뚝딱 박사님,눈,푸딩,곤충,음식",
      "setting": "식당",
      "action": "둘러보았어,소리쳤지,들어간,안 거야,먹는,넣고 그래",
      "feeling": null,
      "causalRelationship": null,
      "outcomeResolution": null,
      "prediction": null,
      "plotSummaryInfoCount": 1,
      "plotSummaryInfo": {
        "classification": "자연탐구",
        "readAge": "초등_고학년",
        "form": "long-form",
        "plotSummaryText": "뚝딱 박사님은 식당을 둘러보고는 푸딩에 들어간 재료가 곤충인 것을 알았고, 음식에 왜 곤충을 넣냐며 소리쳤습니다.",
        "textWordEA": 15
      }
    },
    {
      "srcTextID": "35846",
      "srcText": "뚝딱 박사님이 못 말린다는 듯 고개를 절레절레 흔들었어. “미래 사람들이 새로운 걸 좋아해서가 아니에요. 먹을거리가 부족하기 때문이지요.”",
      "srcPage": 25,
      "srcSentenceEA": 3,
      "srcWordEA": 18,
      "character": "뚝딱 박사님,미래 사람들,먹을거리",
      "setting": null,
      "action": "못 말린다는 듯,흔들었어,부족하기,좋아해서",
      "feeling": null,
      "causalRelationship": "미래 사람들이 새로운 걸 좋아해서가 아니에요. 먹을거리가 부족하기 때문이지요.",
      "outcomeResolution": null,
      "prediction": null,
      "plotSummaryInfoCount": 1,
      "plotSummaryInfo": {
        "classification": "자연탐구",
        "readAge": "초등_고학년",
        "form": "short-form",
        "plotSummaryText": "뚝딱 박사님이 못 말린다는 듯 고개를 흔드는 것을 보고, 미래 사람들은 먹을거리가 부족하기 때문이라 말했습니다.",
        "textWordEA": 15
      }
    },
    {
      "srcTextID": "35853",
      "srcText": "“그런 문제가 있어서 배양육을 먹는 거였군. 그런데 곤충은 왜 먹는 거지?” 고기에서 단백질을 얻을 수 있지만, 곤충에서도 단백질을 얻을 수 있거든요.",
      "srcPage": 30,
      "srcSentenceEA": 3,
      "srcWordEA": 23,
      "character": "배양육,곤충,고기,단백질",
      "setting": null,
      "action": "문제가 있어서,먹는 거였군,먹는 거지,얻을 수 있거든요",
      "feeling": null,
      "causalRelationship": null,
      "outcomeResolution": null,
      "prediction": null,
      "plotSummaryInfoCount": 1,
      "plotSummaryInfo": {
        "classification": "자연탐구",
        "readAge": "초등_고학년",
        "form": "short-form",
        "plotSummaryText": "배양육을 먹는 이유를 알았다며 곤충은 왜 먹는지 묻자, 단백질은 고기와 곤충에서도 얻을 수 있다고 말합니다.",
        "textWordEA": 15
      }
    },
    {
      "srcTextID": "35860",
      "srcText": " “그럼, 네가 먼저 먹어 봐.” \"먹을 수만 있다면 먹겠어요. 하지만 전 컴퓨터라고요. 새롭고 맛있는 걸 찾아 미래에 왔으니, 미래 식량을 먹고 미래형 사람이 되어 보세요!\"  “미래형 사람? 좋아! 어디 한번 미래형 사람이 되어 볼까?” ",
      "srcPage": 33,
      "srcSentenceEA": 7,
      "srcWordEA": 38,
      "character": "네,전,컴퓨터,미래 식량,미래형 사람",
      "setting": "미래",
      "action": "먹어 봐,새롭고 맛있는,찾아,왔으니,먹고,되어 보세요,되어 볼까",
      "feeling": "좋아",
      "causalRelationship": null,
      "outcomeResolution": null,
      "prediction": null,
      "plotSummaryInfoCount": 1,
      "plotSummaryInfo": {
        "classification": "자연탐구",
        "readAge": "초등_고학년",
        "form": "long-form",
        "plotSummaryText": "컴퓨터가 새롭고 맛있는 미래 식량을 먹고 미래형 사람이 되어보라고 말하니 좋다고 말합니다.",
        "textWordEA": 12
      }
    },
    {
      "srcTextID": "35862",
      "srcText": "뚝딱 박사님은 눈을 질끈 감고 곤충 튀김 하나를 입에 넣었지. 그다음에 뚝딱 박사님이 어떻게 되었냐고? 말도 마. 곤충 튀김이 정말 맛있다며, 다른 곤충 요리도 먹기 시작했어.",
      "srcPage": 34,
      "srcSentenceEA": 4,
      "srcWordEA": 29,
      "character": "뚝딱 박사님,곤충 튀김,곤충 요리",
      "setting": null,
      "action": "눈을 질끈 감고,넣었지,말도 마,먹기 시작했어,맛있다며",
      "feeling": null,
      "causalRelationship": null,
      "outcomeResolution": null,
      "prediction": null,
      "plotSummaryInfoCount": 1,
      "plotSummaryInfo": {
        "classification": "자연탐구",
        "readAge": "초등_고학년",
        "form": "long-form",
        "plotSummaryText": "뚝딱 박사님은 곤충 튀김 하나를 입에 넣고는 정말 맛있다며 다른 곤충 요리도 먹기 시작했습니다.",
        "textWordEA": 14
      }
    },
    {
      "srcTextID": "35863",
      "srcText": "아마 타임머신 알람이 아니었으면 우리는 영영 현재로 돌아오지 못했을걸. 미래에서 돌아온 뚝딱 박사님은 지금도 바빠. 또 특별한 발명품을 만드냐고? 그래, 아주아주 특별한 발명품이지. 보여 달라고? 그야 어렵지 않아. 짜잔!",
      "srcPage": 35,
      "srcSentenceEA": 7,
      "srcWordEA": 35,
      "character": "타임머신,알람,우리,뚝딱 박사님,특별한 발명품",
      "setting": "현재,미래,지금",
      "action": "돌아오지 못했을걸,돌아온,바빠,만드냐고,보여 달라고,어렵지 않아",
      "feeling": null,
      "causalRelationship": null,
      "outcomeResolution": null,
      "prediction": null,
      "plotSummaryInfoCount": 1,
      "plotSummaryInfo": {
        "classification": "자연탐구",
        "readAge": "초등_고학년",
        "form": "long-form",
        "plotSummaryText": "타임머신 알람을 듣고 현재로 돌아왔고, 미래에서 돌아온 뚝딱 박사님은 특별한 발명품을 만드느라 지금도 바쁩니다.",
        "textWordEA": 14
      }
    }
  ]
}