{
  "title": "존경하는 음매 씨",
  "author": "최경",
  "illustrator": "한미애",
  "isbn": "9788998212650",
  "publishedYear": 2012,
  "publisher": "한얼에듀",
  "paragraphInfoCount": 16,
  "paragraphInfo": [
    {
      "srcTextID": "5832",
      "srcText": "폴짝폴짝! 캥거루들은 넓은 초원에서 신 나게 뛰어다녔지. 캥거루 나라의 캥거루들은 소 나라를 부러워했어. 우리도 붕붕 자동차가 있었으면 좋겠어. ",
      "srcPage": 2,
      "srcSentenceEA": 3,
      "srcWordEA": 21,
      "character": "캥거루,우리,자동차,초원",
      "setting": null,
      "action": "뛰어다녔지,있었으면",
      "feeling": "신 나게,부러워했어,좋겠어",
      "causalRelationship": null,
      "outcomeResolution": null,
      "prediction": null,
      "plotSummaryInfoCount": 1,
      "plotSummaryInfo": {
        "classification": "자연탐구",
        "readAge": "초등_고학년",
        "form": "short-form",
        "plotSummaryText": "캥거루 나라의 캥거루들은  붕붕 자동차가 있었으면 좋겠다며 소 나라를 부러워했어요.",
        "textWordEA": 11
      }
    },
    {
      "srcTextID": "5831",
      "srcText": "빨리 다닐 수 있잖아. 소 나라의 젖소들은 캥거루 나라를 부러워했어. 우리도 넓은 초원이 있었으면 좋겠어.",
      "srcPage": 3,
      "srcSentenceEA": 3,
      "srcWordEA": 17,
      "character": "젖소,우리,초원",
      "setting": "소 나라,캥거루 나라",
      "action": "다닐 수,있잖아,있었으면",
      "feeling": "부러워했어,좋겠어",
      "causalRelationship": null,
      "outcomeResolution": null,
      "prediction": null,
      "plotSummaryInfoCount": 1,
      "plotSummaryInfo": {
        "classification": "자연탐구",
        "readAge": "초등_고학년",
        "form": "short-form",
        "plotSummaryText": "소 나라의 젖소들은 넓은 초원이 있으면 좋겠다며 캥거루 나라를 부러워했어요.",
        "textWordEA": 10
      }
    },
    {
      "srcTextID": "5943",
      "srcText": "편하게 쉬면서 놀 수 있잖아. 젖소들은 캥거루 나라로 우르르 몰려갔어. “우리도 초원에서 쉴 수 있게 해 줘!”",
      "srcPage": 4,
      "srcSentenceEA": 3,
      "srcWordEA": 18,
      "character": "젖소,우리",
      "setting": "초원,캥거루 나라",
      "action": "쉬면서,놀 수,있잖아,몰려갔어,쉴 수,해 줘",
      "feeling": null,
      "causalRelationship": null,
      "outcomeResolution": null,
      "prediction": null,
      "plotSummaryInfoCount": 1,
      "plotSummaryInfo": {
        "classification": "자연탐구",
        "readAge": "초등_고학년",
        "form": "short-form",
        "plotSummaryText": "젖소들은 초원에서 쉴 수 있게 해 달라고 캥거루 나라로 몰려갔어요.",
        "textWordEA": 10
      }
    },
    {
      "srcTextID": "5942",
      "srcText": "캥거루들은 깜짝 놀랐어. 캥거루들은 소 나라의 말을 몰랐거든. “여긴 우리 땅이야. 어서 나가!”",
      "srcPage": 5,
      "srcSentenceEA": 4,
      "srcWordEA": 15,
      "character": "캥거루,우리",
      "setting": "여긴,소 나라",
      "action": "몰랐거든,나가",
      "feeling": "깜짝 놀랐어",
      "causalRelationship": "캥거루들은 깜짝 놀랐어. 캥거루들은 소 나라의 말을 몰랐거든.",
      "outcomeResolution": null,
      "prediction": null,
      "plotSummaryInfoCount": 1,
      "plotSummaryInfo": {
        "classification": "자연탐구",
        "readAge": "초등_고학년",
        "form": "long-form",
        "plotSummaryText": "캥거루들은 소 나라의 말을 몰라서 깜짝 놀랐고, 어서 나가라고 소리쳤어요.",
        "textWordEA": 10
      }
    },
    {
      "srcTextID": "5944",
      "srcText": "젖소들은 뭘 잘못했는지 생각했어. “우리가 갑자기 몰려가서 캥거루들이 화가 났던 거야.” “캥거루들과 이야기할 수 있는 대표가 필요해.”",
      "srcPage": 6,
      "srcSentenceEA": 3,
      "srcWordEA": 17,
      "character": "젖소,우리,캥거루,대표",
      "setting": null,
      "action": "잘못했는지,생각했어,몰려가서,필요해,났던,이야기할",
      "feeling": "화가 났던 거야",
      "causalRelationship": "우리가 갑자기 몰려가서 캥거루들이 화가 났던 거야. 캥거루들과 이야기할 수 있는 대표가 필요해.",
      "outcomeResolution": null,
      "prediction": null,
      "plotSummaryInfoCount": 1,
      "plotSummaryInfo": {
        "classification": "자연탐구",
        "readAge": "초등_고학년",
        "form": "short-form",
        "plotSummaryText": "갑자기 몰려가 캥거루들이 화가 났던 거니 캥거루와 이야기할 수 있는 대표가 필요하다고 젖소들은 생각했어요.",
        "textWordEA": 14
      }
    },
    {
      "srcTextID": "5949",
      "srcText": "젖소들은 캥거루 나라 말을 할 줄 알고, 예의 바른 젖소를 대표로 뽑았어. 바로 음매 씨였지. 음매 씨는 캥거루 나라로 가서 대표를 만났어.",
      "srcPage": 7,
      "srcSentenceEA": 3,
      "srcWordEA": 24,
      "character": "젖소,대표,음매 씨",
      "setting": "캥거루 나라",
      "action": "할 줄 알고,뽑았어,만났어,가서",
      "feeling": null,
      "causalRelationship": null,
      "outcomeResolution": null,
      "prediction": null,
      "plotSummaryInfoCount": 1,
      "plotSummaryInfo": {
        "classification": "자연탐구",
        "readAge": "초등_고학년",
        "form": "short-form",
        "plotSummaryText": "캥거루 나라의 말을 할 줄 아는 음매 씨가 대표로 뽑혀서 캥거루 나라로 가 대표를 만났어요.",
        "textWordEA": 15
      }
    },
    {
      "srcTextID": "5948",
      "srcText": " “우리 젖소들이 캥거루 나라에서 쉴 수 있게 해 주세요.” 캥거루 나라 대표가 고개를 끄덕였어. “좋아요. 그 대신 우리에게 자동차 만드는 방법을 알려 주세요.”",
      "srcPage": 8,
      "srcSentenceEA": 3,
      "srcWordEA": 25,
      "character": "젖소,대표,고개,우리,자동차",
      "setting": "캥거루 나라",
      "action": "쉴 수,끄덕였어,만드는,알려 주세요",
      "feeling": "좋아요",
      "causalRelationship": null,
      "outcomeResolution": null,
      "prediction": null,
      "plotSummaryInfoCount": 1,
      "plotSummaryInfo": {
        "classification": "자연탐구",
        "readAge": "초등_고학년",
        "form": "short-form",
        "plotSummaryText": "젖소들이 캥거루 나라에서 쉴 수 있게 해달라고 하자, 캥거루 대표는 대신 자동차 만드는 방법을 알려 달라고 했어요.",
        "textWordEA": 17
      }
    },
    {
      "srcTextID": "5954",
      "srcText": "음매 씨도 좋다고 했지.  젖소들은 캥거루 나라에 와서 편하게 쉬었어. 난 넓은 초원이 좋아. 여기서 살래.”",
      "srcPage": 9,
      "srcSentenceEA": 4,
      "srcWordEA": 20,
      "character": "음매 씨,젖소,난",
      "setting": "캥거루 나라",
      "action": "했지,와서,쉬었어,살래",
      "feeling": "좋다,좋아,편하게",
      "causalRelationship": null,
      "outcomeResolution": null,
      "prediction": null,
      "plotSummaryInfoCount": 1,
      "plotSummaryInfo": {
        "classification": "자연탐구",
        "readAge": "초등_고학년",
        "form": "long-form",
        "plotSummaryText": "젖소들은 넓은 초원이 좋다며 캥거루 나라에 와서 편하게 쉬었어요.",
        "textWordEA": 9
      }
    },
    {
      "srcTextID": "5957",
      "srcText": "캥거루 나라에서 살기로 한 젖소들도 있었어. 음매 씨는 캥거루 나라에서 젖소들을 돌보았지. 음매 씨는 다른 나라와도 친하게 지냈어.",
      "srcPage": 10,
      "srcSentenceEA": 3,
      "srcWordEA": 20,
      "character": "젖소,음매 씨,젖소들",
      "setting": "캥거루 나라,다른 나라",
      "action": "있었어,돌보았지,지냈어",
      "feeling": null,
      "causalRelationship": null,
      "outcomeResolution": null,
      "prediction": null,
      "plotSummaryInfoCount": 1,
      "plotSummaryInfo": {
        "classification": "자연탐구",
        "readAge": "초등_고학년",
        "form": "short-form",
        "plotSummaryText": "음매 씨는 캥거루 나라에서 살기로 한 젖소들을 돌보았고, 다른 나라와도 친하게 지냈어요.",
        "textWordEA": 12
      }
    },
    {
      "srcTextID": "5963",
      "srcText": "“굶고 있는 아기 양들을 도와야 합니다!” 모든 외교관들은 양 나라에 우유를 보내기로 결정했지. 음매 씨는 소 나라를 널리 알리기 위해서도 노력했어. ",
      "srcPage": 15,
      "srcSentenceEA": 3,
      "srcWordEA": 23,
      "character": "아기 양들,외교관,우유,음매 씨,소 나라",
      "setting": null,
      "action": "굶고 있는,도와야,보내기로,결정했지,널리 알리기,노력했어",
      "feeling": null,
      "causalRelationship": null,
      "outcomeResolution": null,
      "prediction": "굶고 있는 아기 양들을 도와야 합니다!",
      "plotSummaryInfoCount": 1,
      "plotSummaryInfo": {
        "classification": "자연탐구",
        "readAge": "초등_고학년",
        "form": "short-form",
        "plotSummaryText": "굶고 있는 아기 양들을 돕기 위해 양 나라에 우유를 보내기로 결정했고, 소 나라를 널리 알리기 위해 노력했어요.",
        "textWordEA": 17
      }
    },
    {
      "srcTextID": "5964",
      "srcText": "음매 씨는 소 나라에서 세계 우유 축제를 열었지. 축제를 보러 많은 동물들이 찾아왔어. 음매 씨는 정말 많은 일을 하지? 음매 씨는 지금도 세계 여러 나라의 동물들을 만나며 행복한 외교관으로 살고 있어.",
      "srcPage": 16,
      "srcSentenceEA": 4,
      "srcWordEA": 34,
      "character": "음매 씨,세계 우유 축제,축제,동물들,외교관",
      "setting": "소 나라에서,세계 여러 나라,지금도",
      "action": "열었지,보러,찾아왔어,하지,만나며,살고 있어",
      "feeling": "행복한",
      "causalRelationship": null,
      "outcomeResolution": null,
      "prediction": null,
      "plotSummaryInfoCount": 1,
      "plotSummaryInfo": {
        "classification": "자연탐구",
        "readAge": "초등_고학년",
        "form": "long-form",
        "plotSummaryText": "음매 씨는 세계 우유 축제를 열었고, 지금도 세계 여러 나라의 동물들을 만나며 행복한 외교관으로 살고 있어요.",
        "textWordEA": 16
      }
    },
    {
      "srcTextID": "5830",
      "srcText": "빌딩들이 숲처럼 솟은 소 나라가 있었어. 부릉부릉! 넓은 도로 위로 자동차가 쌩쌩 달렸지. 소 나라의 이웃에는 캥거루 나라가 있었어.",
      "srcPage": 1,
      "srcSentenceEA": 4,
      "srcWordEA": 22,
      "character": "빌딩,자동차",
      "setting": "도로,캥거루 나라,소 나라",
      "action": "달렸지,있었어,솟은",
      "feeling": null,
      "causalRelationship": null,
      "outcomeResolution": null,
      "prediction": null,
      "plotSummaryInfoCount": 1,
      "plotSummaryInfo": {
        "classification": "자연탐구",
        "readAge": "초등_고학년",
        "form": "long-form",
        "plotSummaryText": "소 나라에는 넓은 도로 위로 자동차가 쌩쌩 달렸고, 이웃에는 캥거루 나라가 있었어요.",
        "textWordEA": 12
      }
    },
    {
      "srcTextID": "5956",
      "srcText": "동물들은 그런 음매 씨를 ‘외교관’이라고 불렀지. “기린 씨, 여기 맛있는 아카시아 나무가 있어요.” “하늘을 나는 게 이런 기분이군요.”",
      "srcPage": 11,
      "srcSentenceEA": 4,
      "srcWordEA": 19,
      "character": "동물,음매 씨,외교관,기린 씨,아카시아 나무",
      "setting": "하늘",
      "action": "불렀지,있어요,나는",
      "feeling": "맛있는",
      "causalRelationship": null,
      "outcomeResolution": null,
      "prediction": null,
      "plotSummaryInfoCount": 1,
      "plotSummaryInfo": {
        "classification": "자연탐구",
        "readAge": "초등_고학년",
        "form": "long-form",
        "plotSummaryText": "음매 씨를 동물들은 외교관이라고 불렀어요.",
        "textWordEA": 5
      }
    },
    {
      "srcTextID": "5955",
      "srcText": "“참 좋지요? 음매 씨.” “이 차를 선물로 드릴게요.” “우아! 이제 빨리 갈 수 있겠다.” “펭귄 씨, 남극은 정말 춥군요!",
      "srcPage": 12,
      "srcSentenceEA": 5,
      "srcWordEA": 21,
      "character": "음매 씨,선물,차,펭귄 씨",
      "setting": "남극",
      "action": "드릴게요,갈 수",
      "feeling": "좋지요",
      "causalRelationship": null,
      "outcomeResolution": null,
      "prediction": null,
      "plotSummaryInfoCount": 1,
      "plotSummaryInfo": {
        "classification": "자연탐구",
        "readAge": "초등_고학년",
        "form": "long-form",
        "plotSummaryText": "음매 씨에게 이 차를 선물로 드린다고 하니 빨리 갈 수 있겠다고 감탄했어요.",
        "textWordEA": 12
      }
    },
    {
      "srcTextID": "5959",
      "srcText": "음매 씨는 아침에 일어나면 제일 먼저 신문 기사를 꼼꼼히 읽어. “오늘은 또 어떤 일들이 일어났을까?” 외교관은 세계 모든 곳의 소식을 알고 있어야 하지.",
      "srcPage": 13,
      "srcSentenceEA": 3,
      "srcWordEA": 24,
      "character": "음매 씨,신문 기사,외교관",
      "setting": "아침,오늘,세계 모든 곳",
      "action": "일어나면,읽어,일어났을까,알고 있어야 하지",
      "feeling": null,
      "causalRelationship": null,
      "outcomeResolution": null,
      "prediction": null,
      "plotSummaryInfoCount": 1,
      "plotSummaryInfo": {
        "classification": "자연탐구",
        "readAge": "초등_고학년",
        "form": "short-form",
        "plotSummaryText": "음매 씨는 아침에 일어나면 신문을 꼼꼼히 읽으며 세계 모든 곳의 소식을 알고 있어야 한다고 했어요.",
        "textWordEA": 15
      }
    },
    {
      "srcTextID": "5960",
      "srcText": "오늘은 전 세계의 외교관들이 모두 모였어. 여러 나라가 힘을 합쳐야 할 문제가 생겼거든. 음매 씨가 발표했어. ",
      "srcPage": 14,
      "srcSentenceEA": 3,
      "srcWordEA": 18,
      "character": "외교관,여러 나라,문제,음매 씨",
      "setting": "오늘,전 세계",
      "action": "모였어,합쳐야,생겼거든,발표했어",
      "feeling": null,
      "causalRelationship": null,
      "outcomeResolution": null,
      "prediction": null,
      "plotSummaryInfoCount": 1,
      "plotSummaryInfo": {
        "classification": "자연탐구",
        "readAge": "초등_고학년",
        "form": "short-form",
        "plotSummaryText": "여러 나라가 힘을 합쳐야 할 문제가 생겨서 오늘은 전 세계의 외교관들이 모였어요.",
        "textWordEA": 12
      }
    }
  ]
}