{
  "title": "다솜이의 특종 기사",
  "author": "김수병",
  "illustrator": "이형진",
  "isbn": "9788967760038",
  "publishedYear": 2012,
  "publisher": "한얼에듀",
  "paragraphInfoCount": 16,
  "paragraphInfo": [
    {
      "srcTextID": "4750",
      "srcText": "다솜이는 어흥 편집장에게 달려갔지요. “편집장님, 제 기사가 빠졌어요.” 어흥 편집장은 점잖게 말했어요.",
      "srcPage": 3,
      "srcSentenceEA": 3,
      "srcWordEA": 13,
      "character": "다솜이,어흥 편집장,제,기사",
      "setting": null,
      "action": "달려갔지요,빠졌어요,점잖게 말했어요",
      "feeling": null,
      "causalRelationship": "다솜이는 어흥 편집장에게 달려갔지요. 편집장님,제 기사가 빠졌어요.",
      "outcomeResolution": null,
      "prediction": null,
      "plotSummaryInfoCount": 1,
      "plotSummaryInfo": {
        "classification": "자연탐구",
        "readAge": "초등_고학년",
        "form": "short-form",
        "plotSummaryText": "다솜이가 어흥 편집장에게 달려가 그의 기사가 빠졌다고 하자, 편집장은 점잖게 말했다.",
        "textWordEA": 11
      }
    },
    {
      "srcTextID": "4755",
      "srcText": "숲에서 돼지가 배를 움켜잡고 떼굴떼굴 구르고 있었어요. “돼지 씨! 무슨 일이죠?” “배가, 배가 너무 아파요!” 돼지를 병원으로 데려온 다솜이는 캥거루 의사에게 물었어요.",
      "srcPage": 9,
      "srcSentenceEA": 5,
      "srcWordEA": 24,
      "character": "돼지,배,다솜이,캥거루 의사",
      "setting": "숲,병원",
      "action": "움켜잡고,떼굴떼굴 구르고,데려온,물었어요",
      "feeling": null,
      "causalRelationship": null,
      "outcomeResolution": null,
      "prediction": null,
      "plotSummaryInfoCount": 1,
      "plotSummaryInfo": {
        "classification": "자연탐구",
        "readAge": "초등_고학년",
        "form": "long-form",
        "plotSummaryText": "숲에서 돼지가 배가 아프다며 떼굴떼굴 구르고 있었고, 다솜이는 돼지를 병원으로 데려와 캥거루 의사에게 물었습니다.",
        "textWordEA": 14
      }
    },
    {
      "srcTextID": "4749",
      "srcText": "“기사는 잘 썼는데 사진이 없더군.” 치타가 달리기 연습을 하는 사진이 없으니 정말 치타를 만나서 인터뷰를 했는지 알 수가 없었던 거예요. “다음부터는 카메라를 꼭 가지고 다니게.”",
      "srcPage": 4,
      "srcSentenceEA": 3,
      "srcWordEA": 26,
      "character": "기사,사진,치타,카메라",
      "setting": "다음부터",
      "action": "썼는데,연습을 하는,만나서,인터뷰를 했는지,가지고 다니게",
      "feeling": null,
      "causalRelationship": "치타가 달리기 연습을 하는 사진이 없으니 정말 치타를 만나서 인터뷰를 했는지 알 수가 없었던 거예요.",
      "outcomeResolution": null,
      "prediction": null,
      "plotSummaryInfoCount": 1,
      "plotSummaryInfo": {
        "classification": "자연탐구",
        "readAge": "초등_고학년",
        "form": "short-form",
        "plotSummaryText": "기사는 잘 썼는데 치타가 달리기 연습을 하는 사진이 없어 치타를 만나서 인터뷰했는지 알 수가 없었던 그는 다음부터는 카메라를 가지고 다니라고 했습니다.",
        "textWordEA": 21
      }
    },
    {
      "srcTextID": "4752",
      "srcText": "취재를 하다 보면 깜짝 놀랄 일도 많았어요. 거미가 자랑하는 강철 거미줄을 보며 놀랐고, 겨울잠을 자는 개구리를 만났을 때도 신기했어요. 동물학자 침팬지 박사님을 인터뷰할 때는 배우는 것도 많았지요.",
      "srcPage": 6,
      "srcSentenceEA": 3,
      "srcWordEA": 29,
      "character": "거미,강철 거미줄,겨울잠을 자는 개구리,동물학자,침팬지 박사님",
      "setting": "겨울잠,만났을 때,인터뷰할 때",
      "action": "취재를 하다 보면,보며 놀랐고,인터뷰할,배우는",
      "feeling": "깜짝 놀랄,놀랐고,신기했어요",
      "causalRelationship": null,
      "outcomeResolution": null,
      "prediction": null,
      "plotSummaryInfoCount": 1,
      "plotSummaryInfo": {
        "classification": "자연탐구",
        "readAge": "초등_고학년",
        "form": "short-form",
        "plotSummaryText": "취재하다 보면 거미의 강철 거미줄을 보며 놀랐고, 겨울잠 자는 개구리를 만났을 때는 신기했으며, 동물학자 침팬지 박사님을 인터뷰할 때는 배우는 것도 많았습니다.",
        "textWordEA": 21
      }
    },
    {
      "srcTextID": "4753",
      "srcText": "하지만 가슴이 아플 때도 있었어요. 얼음이 녹아 살 곳을 잃은 펭귄, 전염병에 걸린 소와 돼지를 취재할 때는 눈물을 뚝뚝 흘렸지요. 그래도 다솜이는 눈물을 삼켜 가며 사실을 알려야 했어요.",
      "srcPage": 7,
      "srcSentenceEA": 3,
      "srcWordEA": 30,
      "character": "얼음,펭귄,전염병에 걸린 소,돼지,눈물,다솜이",
      "setting": "아플 때,살 곳,취재할 때",
      "action": "취재할,뚝뚝 흘렸지요,삼켜 가며,사실을 알려야",
      "feeling": "가슴이 아플 때도",
      "causalRelationship": null,
      "outcomeResolution": null,
      "prediction": null,
      "plotSummaryInfoCount": 1,
      "plotSummaryInfo": {
        "classification": "자연탐구",
        "readAge": "초등_고학년",
        "form": "short-form",
        "plotSummaryText": "얼음이 녹아 살 곳을 잃은 펭귄, 전염병에 걸린 소와 돼지를 취재할 때는 눈물을 뚝뚝 흘리며 가슴 아팠지만, 다솜이는 눈물을 삼켜 가며 사실을 알려야 했습니다.",
        "textWordEA": 24
      }
    },
    {
      "srcTextID": "4754",
      "srcText": "오늘은 코끼리 대왕을 인터뷰하기로 했어요. 다솜이가 무엇을 물어볼지 생각하고 있을 때였어요. “으악! 살려 주세요.” 다솜이는 얼른 소리가 난 쪽으로 달려갔어요.",
      "srcPage": 8,
      "srcSentenceEA": 4,
      "srcWordEA": 23,
      "character": "코끼리 대왕,다솜이",
      "setting": "오늘,생각하고 있을 때,소리가 난 쪽",
      "action": "인터뷰하기로,물어볼지,생각하고 있을,살려 주세요,달려갔어요",
      "feeling": null,
      "causalRelationship": "오늘은 코끼리 대왕을 인터뷰하기로 했어요. 다솜이가 무엇을 물어볼지 생각하고 있을 때였어요.",
      "outcomeResolution": null,
      "prediction": "다솜이는 얼른 소리가 난 쪽으로 달려갔어요.",
      "plotSummaryInfoCount": 1,
      "plotSummaryInfo": {
        "classification": "자연탐구",
        "readAge": "초등_고학년",
        "form": "long-form",
        "plotSummaryText": "오늘은 다솜이가 코끼리 대왕을 인터뷰하기 위해 무엇을 물어볼지 생각할 때, 살려 달라는 소리가 들려 소리가 난 쪽으로 달려갔습니다.",
        "textWordEA": 18
      }
    },
    {
      "srcTextID": "4760",
      "srcText": "“드디어 내가 특종 기사를 썼구나!” 그 후로 며칠 동안 다 알려 신문사에는 수많은 동물들의 전화가 왔어요. “중요한 사실을 알려 주어서 고마워요!”",
      "srcPage": 14,
      "srcSentenceEA": 3,
      "srcWordEA": 22,
      "character": "내,동물들,전화",
      "setting": "그 후로,며칠 동안,다 알려 신문사",
      "action": "썼구나,전화가 왔어요,중요한 사실을 알려 주어서",
      "feeling": "고마워요",
      "causalRelationship": "그 후로 며칠 동안 다알려 신문사에는 수많은 동물들의 전화가 왔어요. 중요한 사실을 알려 주어서 고마워요!",
      "outcomeResolution": null,
      "prediction": null,
      "plotSummaryInfoCount": 1,
      "plotSummaryInfo": {
        "classification": "자연탐구",
        "readAge": "초등_고학년",
        "form": "short-form",
        "plotSummaryText": "특종 기사를 쓴 후 며칠 동안 다 알려 신문사에는 중요한 사실을 알려 주어 고맙다는 수많은 동물들의 전화가 왔다.",
        "textWordEA": 18
      }
    },
    {
      "srcTextID": "4748",
      "srcText": "다솜이는 치타의 대답을 듣느라 운동장을 열 바퀴나 돌았어요. 다음 날 아침, 이상하게도 다솜이가 쓴 기사는 신문에 실리지 않았어요. 다솜이는 눈물이 핑 돌았어요.",
      "srcPage": 2,
      "srcSentenceEA": 3,
      "srcWordEA": 24,
      "character": "다솜이,치타,신문,눈물",
      "setting": "운동장,다음 날 아침",
      "action": "대답을 듣느라,열 바퀴나 돌았어요,쓴,돌았어요",
      "feeling": null,
      "causalRelationship": null,
      "outcomeResolution": null,
      "prediction": null,
      "plotSummaryInfoCount": 1,
      "plotSummaryInfo": {
        "classification": "자연탐구",
        "readAge": "초등_고학년",
        "form": "short-form",
        "plotSummaryText": "치타의 대답을 듣느라 운동장을 열 바퀴나 돌았지만, 다솜이가 쓴 기사가 신문에 실리지 않아 눈물이 핑 돌았습니다.",
        "textWordEA": 16
      }
    },
    {
      "srcTextID": "4756",
      "srcText": "“의사 선생님, 돼지 씨가 왜 아픈 거죠?” “아마도 숲속에서 먹은 버섯 때문인 것 같군요.” 다솜이는 돼지가 먹었던 버섯을 들고 식물학자인 여우 박사를 찾아갔어요.",
      "srcPage": 10,
      "srcSentenceEA": 3,
      "srcWordEA": 24,
      "character": "의사 선생님,돼지,버섯,다솜이,식물학자,여우 박사",
      "setting": "숲속",
      "action": "먹은,먹었던,들고,찾아갔어요",
      "feeling": null,
      "causalRelationship": null,
      "outcomeResolution": "아마도 숲 속에서 먹은 버섯 때문인 것 같군요.",
      "prediction": null,
      "plotSummaryInfoCount": 1,
      "plotSummaryInfo": {
        "classification": "자연탐구",
        "readAge": "초등_고학년",
        "form": "short-form",
        "plotSummaryText": "아마도 돼지는 숲속에서 먹은 버섯 때문에 배가 아팠고, 다솜이는 돼지가 먹은 버섯을 들고 식물학자인 여우 박사를 찾아갔습니다.",
        "textWordEA": 17
      }
    },
    {
      "srcTextID": "143734",
      "srcText": "아침 8시에 신문과 뉴스를 보며 하루를 시작해요. 신문 기자에게는 신문과 뉴스를 보는 것도 일이지요. 혹시 내가 모르는 일이 일어났는지 챙겨야 하니까요. 그리고 누구를 만나서 무엇을 물어볼지 계획을 세우고, 직접 인터뷰를 해요. 기사를 써서 회사로 보내고 저녁 6시에 마감을 하지요.",
      "srcPage": 16,
      "srcSentenceEA": 5,
      "srcWordEA": 43,
      "character": "신문,뉴스,신문 기자",
      "setting": "아침 8시,회사,저녁 6시",
      "action": "보며,계획을 세우고,직접 인터뷰를 해요,마감을 하지요",
      "feeling": null,
      "causalRelationship": null,
      "outcomeResolution": null,
      "prediction": null,
      "plotSummaryInfoCount": 1,
      "plotSummaryInfo": {
        "classification": "자연탐구",
        "readAge": "초등_고학년",
        "form": "long-form",
        "plotSummaryText": "신문 기자에게는 신문과 뉴스를 보는 것도 일이고, 누구를 만나서 무엇을 물어볼지 계획을 세우고, 직접 인터뷰를 합니다.",
        "textWordEA": 16
      }
    },
    {
      "srcTextID": "4761",
      "srcText": "이제 버섯을 잘못 먹을 일은 없을 거예요.” 다솜이는 너무나 뿌듯했지요. 다솜이는 동물 나라의 숨은 이야기를 찾아 오늘도 부지런히 달리고 있어요.",
      "srcPage": 15,
      "srcSentenceEA": 3,
      "srcWordEA": 22,
      "character": "버섯,다솜이",
      "setting": "동물 나라,오늘도",
      "action": "잘못 먹을,이야기를 찾아,부지런히 달리고",
      "feeling": "너무나 뿌듯했지요",
      "causalRelationship": null,
      "outcomeResolution": null,
      "prediction": null,
      "plotSummaryInfoCount": 1,
      "plotSummaryInfo": {
        "classification": "자연탐구",
        "readAge": "초등_고학년",
        "form": "short-form",
        "plotSummaryText": "너무나도 뿌듯한 다솜이는 동물 나라의 숨은 이야기를 찾아 오늘도 부지런히 달리고 있어요.",
        "textWordEA": 12
      }
    },
    {
      "srcTextID": "4758",
      "srcText": "다솜이는 버섯 사진을 찍고, 여우 박사에게 들은 내용을 정리하고, 돼지와 인터뷰도 했어요. 기사가 완성되자, 꼼꼼이 편집 기자가 큼지막하게 제목을 달아 주었어요. 다음 날, 다 알려 신문의 첫머리에 다솜이의 기사가 실렸어요.",
      "srcPage": 12,
      "srcSentenceEA": 3,
      "srcWordEA": 32,
      "character": "다솜이,버섯 사진,여우 박사,돼지,꼼꼼이 편집 기자",
      "setting": "다음 날,다 알려 신문의 첫머리",
      "action": "찍고,들은,내용을 정리하고,인터뷰도 했어요,제목을 달아 주었어요,기사가 실렸어요",
      "feeling": null,
      "causalRelationship": "기사가 완성되자,꼼꼼이 편집 기자가 큼지막하게 제목을 달아 주었어요.",
      "outcomeResolution": null,
      "prediction": null,
      "plotSummaryInfoCount": 1,
      "plotSummaryInfo": {
        "classification": "자연탐구",
        "readAge": "초등_고학년",
        "form": "short-form",
        "plotSummaryText": "다솜이는 돼지와 인터뷰한 후 버섯 사진을 찍고 기사가 완성되자, 꼼꼼이 편집 기자가 제목을 달아 주었고 다음 날, 신문의 첫머리에 다솜이의 기사가 실렸습니다.",
        "textWordEA": 22
      }
    },
    {
      "srcTextID": "4759",
      "srcText": "어흥 편집장도 다솜이를 칭찬했지요. “현장에서 취재를 잘했더군!” 다솜이는 자기 이름으로 실린 기사를 보자 가슴이 뭉클했어요.",
      "srcPage": 13,
      "srcSentenceEA": 3,
      "srcWordEA": 16,
      "character": "어흥 편집장,다솜이,자기",
      "setting": "현장",
      "action": "칭찬했지요,취재를 잘했더군,실린 기사를 보자",
      "feeling": "가슴이 뭉클했어요",
      "causalRelationship": null,
      "outcomeResolution": null,
      "prediction": null,
      "plotSummaryInfoCount": 1,
      "plotSummaryInfo": {
        "classification": "자연탐구",
        "readAge": "초등_고학년",
        "form": "short-form",
        "plotSummaryText": "어흥 편집장도 현장에서 취재를 잘했다며 다솜이를 칭찬했고, 자기 이름으로 실린 기사를 보자 가슴이 뭉클했다.",
        "textWordEA": 14
      }
    },
    {
      "srcTextID": "4747",
      "srcText": "다솜이는 ‘다 알려 신문사’의 기자예요. 오늘은 달리기 선수 치타를 취재하러 왔지요. “치타 선수, 라이벌인 말 선수에 대해 한 말씀  해 주시죠. 헉헉!”",
      "srcPage": 1,
      "srcSentenceEA": 5,
      "srcWordEA": 26,
      "character": "다솜이,기자,달리기 선수,치타,라이벌,말 선수",
      "setting": "다 알려 신문사,오늘",
      "action": "취재하러,왔지요,한 말씀 해 주시죠",
      "feeling": null,
      "causalRelationship": "다솜이는 다 알려 신문사의 기자예요. 오늘은 달리기 선수 치타를 취재하러 왔지요.",
      "outcomeResolution": null,
      "prediction": "라이벌인 말 선수에 대해 한 말씀 해 주시죠.",
      "plotSummaryInfoCount": 1,
      "plotSummaryInfo": {
        "classification": "자연탐구",
        "readAge": "초등_고학년",
        "form": "long-form",
        "plotSummaryText": "다 알려 신문사 기자 다솜이는 달리기 선수 치타를 취재하러 왔는데 치타 선수에게 라이벌인 말 선수에 대해 말해 달라고 했습니다.",
        "textWordEA": 19
      }
    },
    {
      "srcTextID": "4751",
      "srcText": "다솜이는 그만 고개를 떨구었어요. 하지만 다솜이는 다시 힘을 냈어요. 눈을 크게 뜨고, 귀를 쫑긋 세워 사건이 생긴 곳이라면 어디든 찾아갔지요. “세상에서 일어나는 일들을 올바르게 전하는 기자가 될 거야!”",
      "srcPage": 5,
      "srcSentenceEA": 4,
      "srcWordEA": 30,
      "character": "다솜이,고개,눈,귀,기자",
      "setting": "사건이 생긴 곳,어디든,세상에서",
      "action": "떨구었어요,힘을 냈어요,크게 뜨고,쫑긋 세워,찾아갔지요,올바르게 전하는",
      "feeling": null,
      "causalRelationship": null,
      "outcomeResolution": null,
      "prediction": null,
      "plotSummaryInfoCount": 1,
      "plotSummaryInfo": {
        "classification": "자연탐구",
        "readAge": "초등_고학년",
        "form": "long-form",
        "plotSummaryText": "다솜이는 고개를 떨구었지만, 다시 힘을 내어 눈을 크게 뜨고, 귀를 쫑긋 세워 세상에 일어나는 일들을 전하는 기자가 되겠다며 사건이 생긴 곳이라면 어디든 찾아갔습니다.",
        "textWordEA": 23
      }
    },
    {
      "srcTextID": "4757",
      "srcText": "“이 버섯은 먹으면 배탈이 나는 독버섯이에요. 꼭 송이버섯처럼 생겨서 동물들이 모르고 먹을 수 있지요.” 다솜이는 먹을 수 있는 버섯과 먹을 수 없는 버섯에 대해 기사를 쓰기로 했어요.",
      "srcPage": 11,
      "srcSentenceEA": 3,
      "srcWordEA": 29,
      "character": "독버섯,송이버섯,동물들,다솜이",
      "setting": null,
      "action": "먹으면,먹을 수,기사를 쓰기로",
      "feeling": null,
      "causalRelationship": null,
      "outcomeResolution": null,
      "prediction": null,
      "plotSummaryInfoCount": 1,
      "plotSummaryInfo": {
        "classification": "자연탐구",
        "readAge": "초등_고학년",
        "form": "short-form",
        "plotSummaryText": "이 버섯은 송이버섯처럼 생겨 동물들이 모르고 먹으면 배탈이 나는 독버섯이었고, 다솜이는 먹을 수 있는 버섯과 먹을 수 없는 버섯에 대해 기사를 쓰기로 했습니다.",
        "textWordEA": 23
      }
    }
  ]
}