{
  "title": "꼭 안아 주세요",
  "author": "오은희",
  "illustrator": "정하진",
  "isbn": "9791128213649",
  "publishedYear": 2022,
  "publisher": "아람북스",
  "paragraphInfoCount": 18,
  "paragraphInfo": [
    {
      "srcTextID": "28162",
      "srcText": "꼬꼬마 과학자가 들려주는 우리 몸 이야기 '꼭 안아 주세요'는 성장에 대한 이야기입니다. 사람이 태어나서 나이가 들어 감에 따라 몸과 마음이 점점 자라는 것을 ‘성장’이라고 합니다. '꼭 안아 주세요' 에서는 아이가 점점 커 가는 모습을 보며 사람이 어떻게 성장해서 살아가는지 알게 됩니다.",
      "srcPage": 1,
      "srcSentenceEA": 7,
      "srcWordEA": 45,
      "character": "과학자,몸,사람,아이",
      "setting": null,
      "action": "들려주는,자라는,점점 커 가는,알게 됩니다,성장해서",
      "feeling": null,
      "causalRelationship": null,
      "outcomeResolution": null,
      "prediction": null,
      "plotSummaryInfoCount": 1,
      "plotSummaryInfo": {
        "classification": "자연탐구",
        "readAge": "초등_저학년",
        "form": "long-form",
        "plotSummaryText": "꼭 안아주세요는 꼬꼬마 과학자가 아이들에게 사람이 나이가 들며 몸과 마음이 어떻게 성장해서 살아가는지 들려주는 이야기입니다.",
        "textWordEA": 15
      }
    },
    {
      "srcTextID": "28161",
      "srcText": "과학자처럼 생각하기 사람이 태어나고 나이가 들어 가면서 몸과 마음이 점점 자라는 것을 ‘성장’ 이라고 해. 우리는 대부분 세상에 태어나서 죽을 때까지 신생아기, 영아기, 유아기, 아동기, 청소년기, 성년기, 중년기, 노년기를 지난단다. 어느새 나는 키도 많이 크고 성숙해졌어. 앞으로 나는 어떻게 성장할까?",
      "srcPage": 2,
      "srcSentenceEA": 5,
      "srcWordEA": 44,
      "character": "과학자,사람,몸,나",
      "setting": "세상,신생아기,영아기,유아기,아동기,청소년기,성년기,중년기,노년기",
      "action": "태어나고,자라는,크고,성숙해졌어,지난단다,성장할까",
      "feeling": null,
      "causalRelationship": null,
      "outcomeResolution": null,
      "prediction": "앞으로 나는 어떻게 성장할까?",
      "plotSummaryInfoCount": 1,
      "plotSummaryInfo": {
        "classification": "자연탐구",
        "readAge": "초등_저학년",
        "form": "long-form",
        "plotSummaryText": "사람들은 태어나면서부터 점차 몸과 마음이 자라 신생아기, 영아기, 유아기, 아동기, 청소년기, 성년기, 중년기, 노년기 등을 지나며 크고, 성숙해집니다.",
        "textWordEA": 18
      }
    },
    {
      "srcTextID": "25833",
      "srcText": "태어난 지 벌써 일 년. 아장아장 걸음마는 정말 힘들어요. 나를 좀 안아 주세요.",
      "srcPage": 7,
      "srcSentenceEA": 3,
      "srcWordEA": 15,
      "character": "나",
      "setting": "태어난 지,일 년",
      "action": "힘들어요,안아 주세요",
      "feeling": null,
      "causalRelationship": null,
      "outcomeResolution": null,
      "prediction": null,
      "plotSummaryInfoCount": 1,
      "plotSummaryInfo": {
        "classification": "자연탐구",
        "readAge": "초등_저학년",
        "form": "short-form",
        "plotSummaryText": "아장아장 걸으며 힘들다고 안아달라고 하는 시기는 태어난 지 일 년 될 때입니다.",
        "textWordEA": 12
      }
    },
    {
      "srcTextID": "28163",
      "srcText": "“아이, 부끄럽단 말이에요!” 아동기는 초등학교에 다니는 시기예요. 다른 사람들과 어울리면서 사회성이 발달하기 시작하고, 논리적 사고가 가능해져요.",
      "srcPage": 13,
      "srcSentenceEA": 3,
      "srcWordEA": 18,
      "character": "사람",
      "setting": "아동기,초등학교,시기",
      "action": "다니는,어울리면서",
      "feeling": "부끄럽단",
      "causalRelationship": "다른 사람들과 어울리면서 사회성이 발달하기 시작하고, 논리적 사고가 가능해져요.",
      "outcomeResolution": null,
      "prediction": null,
      "plotSummaryInfoCount": 1,
      "plotSummaryInfo": {
        "classification": "자연탐구",
        "readAge": "초등_저학년",
        "form": "short-form",
        "plotSummaryText": "사람들과 어울리며 사회성을 배우기 시작하고, 논리적 사고를 하는 시기는 초등학교에 다니는 아동기입니다.",
        "textWordEA": 12
      }
    },
    {
      "srcTextID": "26018",
      "srcText": "나는 사랑스러운 아기를 낳았어요. 아빠가 더욱 보고 싶어졌어요. “아빠, 우리 아기 좀 안아 보세요.” 중년기는 만 40~59세에 이르는 시기로, 감각 능력이 떨어지면서 지각 능력과 기억력이 점점 나빠져요.",
      "srcPage": 17,
      "srcSentenceEA": 5,
      "srcWordEA": 30,
      "character": "나,아기,아빠",
      "setting": "중년기,만 40~59세에 이르는 시기",
      "action": "낳았어요,보고 싶어졌어요,안아 보세요,떨어지면서,나빠져요",
      "feeling": "사랑스러운",
      "causalRelationship": null,
      "outcomeResolution": null,
      "prediction": null,
      "plotSummaryInfoCount": 1,
      "plotSummaryInfo": {
        "classification": "자연탐구",
        "readAge": "초등_저학년",
        "form": "long-form",
        "plotSummaryText": "나는 사랑스러운 아기를 낳아 기르고, 중년기는 만 40세에서 59세의 시기로 감각, 지각, 기억의 능력이 점점 떨어집니다.",
        "textWordEA": 16
      }
    },
    {
      "srcTextID": "25865",
      "srcText": "내 나이 여섯 살. 아빠, 오늘은 뭐 하면서 놀까요? 하하하! 까르르! “잡았다, 장난꾸러기!” “난 아빠랑 노는 게 정말 즐거워요.”",
      "srcPage": 11,
      "srcSentenceEA": 6,
      "srcWordEA": 22,
      "character": "아빠,장난꾸러기",
      "setting": "오늘,여섯 살",
      "action": "잡았다",
      "feeling": "즐거워요",
      "causalRelationship": null,
      "outcomeResolution": null,
      "prediction": null,
      "plotSummaryInfoCount": 1,
      "plotSummaryInfo": {
        "classification": "자연탐구",
        "readAge": "초등_저학년",
        "form": "long-form",
        "plotSummaryText": "아빠와 잡기 놀이를 하며 즐거워하는 장난꾸러기인 나는 여섯 살 입니다.",
        "textWordEA": 10
      }
    },
    {
      "srcTextID": "28166",
      "srcText": "어른이 된 나는 이것저것 할 게 많아요. “아빠, 지금 바쁘니까 나중에 얘기해요.” 성년기는 만 20~39세에 이르는 시기로, 몸과 마음이 성숙되고 일생 중 가장 활동적인 시기예요. 직업인, 배우자, 부모로서 새롭고 중요한 역할을 맡게 되지요.",
      "srcPage": 15,
      "srcSentenceEA": 5,
      "srcWordEA": 36,
      "character": "어른,나,아빠,직업인,배우자,부모,몸",
      "setting": "지금,나중,성년기,만 20~39세에 이르는 시기",
      "action": "많아요,바쁘니까,얘기해요,성숙되고,활동적인,맡게",
      "feeling": null,
      "causalRelationship": null,
      "outcomeResolution": null,
      "prediction": null,
      "plotSummaryInfoCount": 1,
      "plotSummaryInfo": {
        "classification": "자연탐구",
        "readAge": "초등_저학년",
        "form": "long-form",
        "plotSummaryText": "만 20~ 39세에 이르는 시기인 성년기에는 어른이 되어 다양하고 중요한 역할을 하느라 가장 바쁘고 활동적입니다.",
        "textWordEA": 15
      }
    },
    {
      "srcTextID": "25881",
      "srcText": "어느새 아빠는 주름살이 많아지고, 키도 작아졌어요. 이제는 내가 아빠를 꼭 안아 드릴 거예요. “아빠, 사랑해요.” 노년기는 만 60세 이후부터 죽기 전까지를 말해요. 신체 능력과 감각, 지각 능력이 전보다 훨씬 떨어지지요.",
      "srcPage": 18,
      "srcSentenceEA": 5,
      "srcWordEA": 33,
      "character": "아빠,내,주름살",
      "setting": "어느새,이제는,노년기,만 60세 이후,죽기 전",
      "action": "많아지고,작아졌어요,안아 드릴 거예요,말해요,떨어지지요",
      "feeling": "사랑해요",
      "causalRelationship": null,
      "outcomeResolution": null,
      "prediction": null,
      "plotSummaryInfoCount": 1,
      "plotSummaryInfo": {
        "classification": "자연탐구",
        "readAge": "초등_저학년",
        "form": "long-form",
        "plotSummaryText": "노년기에 접어들어 키도 작아지고 주름살이 많아진 사랑하는 아빠를 이제는 내가 안아 드릴 거예요.",
        "textWordEA": 13
      }
    },
    {
      "srcTextID": "25828",
      "srcText": "세상에 태어난 지 한 달. 누워만 있기 싫어요. 나를 좀 안아 주세요.",
      "srcPage": 3,
      "srcSentenceEA": 3,
      "srcWordEA": 14,
      "character": "나",
      "setting": "세상,한 달",
      "action": "태어난,누워만,안아 주세요",
      "feeling": "싫어요",
      "causalRelationship": null,
      "outcomeResolution": null,
      "prediction": null,
      "plotSummaryInfoCount": 1,
      "plotSummaryInfo": {
        "classification": "자연탐구",
        "readAge": "초등_저학년",
        "form": "short-form",
        "plotSummaryText": "가만히 누워만 있기 싫어서 안아 달라고 하는 시기는 태어난 지 한 달째입니다.",
        "textWordEA": 12
      }
    },
    {
      "srcTextID": "25829",
      "srcText": "아빠는 내 목소리를 듣지 못해요. “우리 아기, 배고픈가?” 신생아기는 아기가 태어나고 나서 첫 4주 동안을 말해요. 대부분의 시간에 잠을 자고, 신경계가 발달하지 않아서 마음대로 움직일 수 없어요.",
      "srcPage": 4,
      "srcSentenceEA": 4,
      "srcWordEA": 29,
      "character": "아빠,아기",
      "setting": "첫 4주,대부분의 시간,신생아기",
      "action": "움직일 수 없어요,잠을 자고,말해요",
      "feeling": null,
      "causalRelationship": null,
      "outcomeResolution": null,
      "prediction": null,
      "plotSummaryInfoCount": 1,
      "plotSummaryInfo": {
        "classification": "자연탐구",
        "readAge": "초등_저학년",
        "form": "long-form",
        "plotSummaryText": "태어나 첫 4주 동안 신생아기에 아기는 계속 잠을 자고, 마음대로 움직일 수가 없습니다.",
        "textWordEA": 13
      }
    },
    {
      "srcTextID": "25831",
      "srcText": "태어난 지 여섯 달. 기어다니기만 하니까 심심해요. 누가 나를 꼬옥 안아 주세요.",
      "srcPage": 5,
      "srcSentenceEA": 3,
      "srcWordEA": 14,
      "character": "나",
      "setting": null,
      "action": "기어다니기만,안아 주세요",
      "feeling": "심심해요",
      "causalRelationship": "기어다니기만 하니까 심심해요.",
      "outcomeResolution": null,
      "prediction": null,
      "plotSummaryInfoCount": 1,
      "plotSummaryInfo": {
        "classification": "자연탐구",
        "readAge": "초등_저학년",
        "form": "short-form",
        "plotSummaryText": "누군가 꼭 안아주기를 원하고, 기어다니기만 하는 게 심심한 시가는 태어난 지 여섯 달째입니다.",
        "textWordEA": 13
      }
    },
    {
      "srcTextID": "25830",
      "srcText": "“여보, 아기가 자꾸 우는데?” 하지만 아빠가 안으면  불편해요. 영아기는 신생아기 이후부터 만 1세까지를 말해요. 자기 몸을 스스로 움직이고 이동할 수 있고, 말을 배우기 시작해 기본적인 상호 작용을 할 수 있어요.",
      "srcPage": 6,
      "srcSentenceEA": 4,
      "srcWordEA": 34,
      "character": "아기,아빠,몸,여보",
      "setting": "영아기,신생아기,이후부터,만 1세까지",
      "action": "움직이고,안으면,배우기 시작해,말해요,불편해요,우는데",
      "feeling": null,
      "causalRelationship": null,
      "outcomeResolution": null,
      "prediction": null,
      "plotSummaryInfoCount": 1,
      "plotSummaryInfo": {
        "classification": "자연탐구",
        "readAge": "초등_저학년",
        "form": "long-form",
        "plotSummaryText": "불편함을 울음으로 표현하고, 자기 스스로 움직이며, 말을 배워 상호작용이 가능한 시기는 신생아기 이후부터 만 1세까지인 영아기입니다.",
        "textWordEA": 16
      }
    },
    {
      "srcTextID": "25832",
      "srcText": "“우리 아기, 잘한다!\" 걸음마, 걸음마, 아빠. 나 좀 안아 달라니까요.",
      "srcPage": 8,
      "srcSentenceEA": 3,
      "srcWordEA": 12,
      "character": "아기,아빠,나",
      "setting": null,
      "action": "안아 달라니까요,잘한다",
      "feeling": null,
      "causalRelationship": null,
      "outcomeResolution": null,
      "prediction": null,
      "plotSummaryInfoCount": 1,
      "plotSummaryInfo": {
        "classification": "자연탐구",
        "readAge": "초등_저학년",
        "form": "short-form",
        "plotSummaryText": "아빠는 아기에게 걸음마를 잘한다고 말하지만, 아기는 안아 달라고 합니다.",
        "textWordEA": 9
      }
    },
    {
      "srcTextID": "25864",
      "srcText": "내 나이 세 살. 아빠 발등 위에 올라가 볼까? 나를 좀 잡아 주세요.",
      "srcPage": 9,
      "srcSentenceEA": 3,
      "srcWordEA": 15,
      "character": "아빠,나",
      "setting": "발등 위",
      "action": "올라가,잡아 주세요",
      "feeling": null,
      "causalRelationship": null,
      "outcomeResolution": null,
      "prediction": null,
      "plotSummaryInfoCount": 1,
      "plotSummaryInfo": {
        "classification": "자연탐구",
        "readAge": "초등_저학년",
        "form": "short-form",
        "plotSummaryText": "나를 좀 잡아 달라며 아빠 발등 위에 올라가려는 시기는 세 살입니다.",
        "textWordEA": 11
      }
    },
    {
      "srcTextID": "25863",
      "srcText": "“하나 둘, 하나 둘! 이렇게 우주까지 갈까?” “좋아요, 아빠.” 유아기는 만 1~6세까지의 시기로, 운동 능력이 발달해 움직임이 더욱 정교해져요. 기본 생활 습관과 사회 규칙을 배우기 시작하고, 자기주장도 강해지지요.",
      "srcPage": 10,
      "srcSentenceEA": 6,
      "srcWordEA": 32,
      "character": "아빠",
      "setting": "우주,유아기,만 1~6세까지",
      "action": "배우기 시작하고,발달해",
      "feeling": null,
      "causalRelationship": null,
      "outcomeResolution": null,
      "prediction": null,
      "plotSummaryInfoCount": 1,
      "plotSummaryInfo": {
        "classification": "자연탐구",
        "readAge": "초등_저학년",
        "form": "long-form",
        "plotSummaryText": "운동 능력이 발달해 움직임이 더욱 정교해지고, 규칙과 생활 습관을 배우기 시작하는 시기는 만 1세에서 6세까지인 유아기입니다.",
        "textWordEA": 16
      }
    },
    {
      "srcTextID": "28164",
      "srcText": "내 나이 열 살. 아빠랑 밖에 나가면 가끔 창피할 때가 있어요. “예쁜 우리 딸, 쪽!”",
      "srcPage": 12,
      "srcSentenceEA": 3,
      "srcWordEA": 16,
      "character": "아빠,딸",
      "setting": "밖,열 살",
      "action": "나가면",
      "feeling": "창피할",
      "causalRelationship": null,
      "outcomeResolution": null,
      "prediction": null,
      "plotSummaryInfoCount": 1,
      "plotSummaryInfo": {
        "classification": "자연탐구",
        "readAge": "초등_저학년",
        "form": "short-form",
        "plotSummaryText": "열 살인 나는 아빠가 밖에서 예쁜 딸이라고 쪽 하면 가끔 창피합니다.",
        "textWordEA": 11
      }
    },
    {
      "srcTextID": "28165",
      "srcText": "이제 나도 열일곱 살이에요. 혼자 있고 싶어요. 청소년기는 아동에서 성인이 되어 가는 중간 시기로, 2차 성징이 나타나고, 부모로부터 독립하려는 마음이 생겨나요.",
      "srcPage": 14,
      "srcSentenceEA": 3,
      "srcWordEA": 23,
      "character": "나,아동,성인,부모",
      "setting": "청소년기,중간 시기,이제",
      "action": "혼자 있고,되어 가는,나타나고,독립하려는,생겨나요",
      "feeling": null,
      "causalRelationship": null,
      "outcomeResolution": null,
      "prediction": null,
      "plotSummaryInfoCount": 1,
      "plotSummaryInfo": {
        "classification": "자연탐구",
        "readAge": "초등_저학년",
        "form": "short-form",
        "plotSummaryText": "혼자 있고 싶은 열일곱 살은 청소년기로 아동에서 성인이 되어가며 부모로부터 독립하려는 마음이 생기고, 2차 성징이 나타납니다.",
        "textWordEA": 16
      }
    },
    {
      "srcTextID": "25868",
      "srcText": "사랑하는 사람과 결혼을 하는 날. 아빠, 저를 꼭 안아 주세요. “축하한다, 우리 딸.”",
      "srcPage": 16,
      "srcSentenceEA": 3,
      "srcWordEA": 14,
      "character": "사람,아빠,저,딸",
      "setting": "결혼을 하는 날",
      "action": "축하한다,안아 주세요",
      "feeling": null,
      "causalRelationship": null,
      "outcomeResolution": null,
      "prediction": null,
      "plotSummaryInfoCount": 1,
      "plotSummaryInfo": {
        "classification": "자연탐구",
        "readAge": "초등_저학년",
        "form": "short-form",
        "plotSummaryText": "결혼하는 날, 딸에게 축하한다고 말씀하시는 아빠에게 꼭 안아 달라고 했습니다.",
        "textWordEA": 10
      }
    }
  ]
}