{
  "title": "골골 왕자가 튼튼 왕이 되다",
  "author": "강성은",
  "illustrator": "김유대",
  "isbn": "9791128213656",
  "publishedYear": 2022,
  "publisher": "아람북스",
  "paragraphInfoCount": 18,
  "paragraphInfo": [
    {
      "srcTextID": "23286",
      "srcText": "골골 왕자는 저녁을 먹고 숲속으로 산책을 나갔어. 그런데 그만 돌부리에 걸려 철퍼덕 엎어지고 말았지. 골골 왕자는 순간 정신을 잃었어.",
      "srcPage": 5,
      "srcSentenceEA": 3,
      "srcWordEA": 21,
      "character": "골골 왕자,돌부리",
      "setting": "숲속",
      "action": "먹고,걸려,엎어지고,잃었어,산책을 나갔어",
      "feeling": null,
      "causalRelationship": null,
      "outcomeResolution": null,
      "prediction": null,
      "plotSummaryInfoCount": 1,
      "plotSummaryInfo": {
        "classification": "자연탐구",
        "readAge": "초등_저학년",
        "form": "short-form",
        "plotSummaryText": "골골 왕자는 저녁을 먹고 숲속으로 산책을 나갔다가 돌부리에 걸려 넘어져 정신을 잃었습니다.",
        "textWordEA": 12
      }
    },
    {
      "srcTextID": "23289",
      "srcText": "마녀는 다시 왕자의 머리카락을 톡톡 뽑으며 주문을 외쳤어. 그런데 번번이 다른 뼈들이 나왔지. 마녀는 착하긴 했지만 마법 실력이 뛰어나진 않나 봐.",
      "srcPage": 10,
      "srcSentenceEA": 3,
      "srcWordEA": 23,
      "character": "마녀,왕자,머리카락,뼈",
      "setting": null,
      "action": "뽑으며,외쳤어",
      "feeling": null,
      "causalRelationship": null,
      "outcomeResolution": null,
      "prediction": null,
      "plotSummaryInfoCount": 1,
      "plotSummaryInfo": {
        "classification": "자연탐구",
        "readAge": "초등_저학년",
        "form": "short-form",
        "plotSummaryText": "마녀가 왕자의 머리카락을 뽑아 다시 주문을 외치자 계속 다른 뼈들이 나왔습니다.",
        "textWordEA": 11
      }
    },
    {
      "srcTextID": "23293",
      "srcText": "마녀는 골골 왕자를 오두막에 가두어 놓고는 가짜 골골 왕자를 데리고 왕국으로 가 버렸어. 골골 왕자는 마녀를 뒤쫓고 싶었지만 다리가 너무 아파 움직일 수 없었지. 사실 마녀는 못된 마녀였던 거야.",
      "srcPage": 14,
      "srcSentenceEA": 3,
      "srcWordEA": 31,
      "character": "마녀,골골 왕자,가짜 골골 왕자",
      "setting": "오두막",
      "action": "가두어,데리고,가 버렸어",
      "feeling": null,
      "causalRelationship": "골골 왕자는 마녀를 뒤쫓고 싶었지만 다리가 너무 아파 움직일 수 없었지.",
      "outcomeResolution": null,
      "prediction": null,
      "plotSummaryInfoCount": 1,
      "plotSummaryInfo": {
        "classification": "자연탐구",
        "readAge": "초등_저학년",
        "form": "short-form",
        "plotSummaryText": "마녀는 골골 왕자를 오두막에 가두어 놓고 가짜 골골 왕자를 데리고 왕국으로 가 버렸지만 골골 왕자는 다리가 아파 움직일 수가 없었습니다.",
        "textWordEA": 20
      }
    },
    {
      "srcTextID": "23163",
      "srcText": "“이게 어떻게 된 거지? 벌써 다 나을 리가 없는데.” 마녀가 분한 목소리로 외치자 골골 왕자가 씨익 웃으며 말했어.",
      "srcPage": 16,
      "srcSentenceEA": 3,
      "srcWordEA": 20,
      "character": "마녀,골골 왕자",
      "setting": null,
      "action": "외치자,말했어",
      "feeling": "분한,웃으며",
      "causalRelationship": null,
      "outcomeResolution": null,
      "prediction": null,
      "plotSummaryInfoCount": 1,
      "plotSummaryInfo": {
        "classification": "자연탐구",
        "readAge": "초등_저학년",
        "form": "short-form",
        "plotSummaryText": "마녀가 다 나을 리가 없다고 분한 목소리로 외치자 골골 왕자가 웃으며 말했습니다.",
        "textWordEA": 12
      }
    },
    {
      "srcTextID": "23158",
      "srcText": "골골 왕자가 눈을 떠 보니 낡은 오두막 안이었어. 오두막 안에는 커다란 가마솥이랑 크고 작은 약병들이 있었지. “큰일이야, 마녀의 집인가 봐!” 왕자는 황급히 침대에서 내려와 도망치려고 했어.",
      "srcPage": 6,
      "srcSentenceEA": 4,
      "srcWordEA": 28,
      "character": "골골 왕자,가마솥,약병들,집,침대",
      "setting": "오두막 안",
      "action": "눈을 떠 보니,내려와,도망치려고 했어",
      "feeling": null,
      "causalRelationship": null,
      "outcomeResolution": null,
      "prediction": null,
      "plotSummaryInfoCount": 1,
      "plotSummaryInfo": {
        "classification": "자연탐구",
        "readAge": "초등_저학년",
        "form": "long-form",
        "plotSummaryText": "골골 왕자가 눈을 뜬 오두막 안에는 가마솥과 약병들이 있어서 마녀의 집인 줄 알고 도망치려고 했습니다.",
        "textWordEA": 15
      }
    },
    {
      "srcTextID": "23668",
      "srcText": "우리 몸속에는 하얗고 단단한 뼈가 있어. 뼈는 중요한 몸속 기관들을 보호해 주고, 몸을 단단하게 지탱해 주지.  뼈를 튼튼하게 하려면 골고루 잘 먹고, 푹 자고, 운동을 열심히 해야 해.",
      "srcPage": 1,
      "srcSentenceEA": 3,
      "srcWordEA": 31,
      "character": "우리,뼈,기관들,몸",
      "setting": "몸속",
      "action": "보호,지탱,먹고,자고",
      "feeling": null,
      "causalRelationship": null,
      "outcomeResolution": null,
      "prediction": null,
      "plotSummaryInfoCount": 1,
      "plotSummaryInfo": {
        "classification": "자연탐구",
        "readAge": "초등_저학년",
        "form": "short-form",
        "plotSummaryText": "우리 몸속에 단단한 뼈가 몸속 기관을 보호하며 몸을 지탱해 줍니다.",
        "textWordEA": 10
      }
    },
    {
      "srcTextID": "23292",
      "srcText": "“우아, 드디어 멋진 다리뼈가 나왔네요. 남은 뼈들이 아까워서 어쩌죠?” 골골 왕자가 아쉬워하며 마녀를 바라보았어. 어쩐지 마녀의 모습이 처음과는 달라 보였지.",
      "srcPage": 12,
      "srcSentenceEA": 4,
      "srcWordEA": 23,
      "character": "다리뼈,뼈들,왕자,마녀",
      "setting": null,
      "action": "바라보았어",
      "feeling": "멋진",
      "causalRelationship": null,
      "outcomeResolution": null,
      "prediction": null,
      "plotSummaryInfoCount": 1,
      "plotSummaryInfo": {
        "classification": "자연탐구",
        "readAge": "초등_저학년",
        "form": "long-form",
        "plotSummaryText": "멋진 다리뼈가 나왔지만, 남은 뼈들이 아까운 골골 왕자가 마녀를 바라보았는데 마녀의 모습이 처음과 달라 보였습니다.",
        "textWordEA": 15
      }
    },
    {
      "srcTextID": "23291",
      "srcText": "“아깝긴. 다 쓸모가 있지. 가짜 왕자를 만들 거거든?” 마녀는 사악한 미소를 띤 채 주문을 외쳤어. 그러자 뼈들이 가짜 골골 왕자로 변했어.",
      "srcPage": 13,
      "srcSentenceEA": 4,
      "srcWordEA": 25,
      "character": "마녀,뼈들,가짜 골골 왕자",
      "setting": null,
      "action": "외쳤어,변했어",
      "feeling": null,
      "causalRelationship": null,
      "outcomeResolution": null,
      "prediction": null,
      "plotSummaryInfoCount": 1,
      "plotSummaryInfo": {
        "classification": "자연탐구",
        "readAge": "초등_저학년",
        "form": "long-form",
        "plotSummaryText": "마녀는 남은 뼈들로 가짜 골골 왕자를 만들었습니다.",
        "textWordEA": 7
      }
    },
    {
      "srcTextID": "23667",
      "srcText": "꼬꼬마 과학자가 들려주는 우리 몸 이야기. 골골 왕자가 튼튼 왕이 되다는 우리 몸을 지탱해 주는 뼈에 대한 이야기입니다. 우리 몸속에는 머리뼈, 갈비뼈, 엉덩뼈, 척추뼈, 다리뼈 등 약 206개의 뼈가 있습니다. 날마다 골골대던 골골 왕자가 튼튼 왕이 되기까지의 과정을 통해 뼈의 생김새와 역할, 그리고 뼈를 튼튼하게 하는 방법을 알게 됩니다.",
      "srcPage": 2,
      "srcSentenceEA": 4,
      "srcWordEA": 52,
      "character": "과학자,우리 몸,골골 왕자,튼튼 왕,뼈,머리뼈,갈비뼈,엉덩뼈,척추뼈,다리뼈",
      "setting": "몸속",
      "action": null,
      "feeling": null,
      "causalRelationship": null,
      "outcomeResolution": null,
      "prediction": null,
      "plotSummaryInfoCount": 1,
      "plotSummaryInfo": {
        "classification": "자연탐구",
        "readAge": "초등_저학년",
        "form": "long-form",
        "plotSummaryText": "우리 몸속에는 머리뼈, 갈비뼈, 엉덩뼈, 척추뼈, 다리뼈 등 약 206개의 뼈가 있는데 골골 왕자가 튼튼 왕이 되기까지의 과정을 통해 뼈의 생김새와 역할, 그리고 뼈를 튼튼하게 하는 방법을 알게 됩니다.",
        "textWordEA": 29
      }
    },
    {
      "srcTextID": "23157",
      "srcText": "옛날 어느 왕국에 몸이 약한 왕자가 살았어. 왕자는 날마다 아프다고 골골대서 ‘골골 왕자’로 불렸어. 골골 왕자는 잘 먹지도, 잘 자지도 않고 게을렀지.",
      "srcPage": 3,
      "srcSentenceEA": 4,
      "srcWordEA": 25,
      "character": "몸이 약한 왕자,골골 왕자",
      "setting": "옛날,왕국",
      "action": "살았어,게을렀지",
      "feeling": null,
      "causalRelationship": null,
      "outcomeResolution": null,
      "prediction": null,
      "plotSummaryInfoCount": 1,
      "plotSummaryInfo": {
        "classification": "자연탐구",
        "readAge": "초등_저학년",
        "form": "long-form",
        "plotSummaryText": "옛날 어느 왕국에 잘 먹지도 잘 자지도 않고 날마다 아프다고 골골대는 게으른 골골 왕자가 살았습니다.",
        "textWordEA": 15
      }
    },
    {
      "srcTextID": "23159",
      "srcText": "그런데 오른쪽 다리에 붕대가 친친 감겨 있었어. “움직이면 안 돼, 다리뼈에 금이 갔거든.” 갑자기 나타난 마녀가 왕자를 다시 침대에 눕히며 말했어. 뼈가 약한 골골 왕자는 엎어졌을 뿐인데도 뼈에 금이 간 거였어.",
      "srcPage": 7,
      "srcSentenceEA": 4,
      "srcWordEA": 33,
      "character": "오른쪽 다리,붕대,다리뼈,마녀,왕자,침대,뼈,골골 왕자",
      "setting": null,
      "action": "눕히며,말했어",
      "feeling": null,
      "causalRelationship": "움직이면 안 돼,다리뼈에 금이 갔거든.",
      "outcomeResolution": null,
      "prediction": null,
      "plotSummaryInfoCount": 1,
      "plotSummaryInfo": {
        "classification": "자연탐구",
        "readAge": "초등_저학년",
        "form": "long-form",
        "plotSummaryText": "뼈가 약한 골골 왕자는 엎어졌을 뿐인데도 다리뼈에 금이 가서 마녀가 붕대를 감아줬습니다.",
        "textWordEA": 12
      }
    },
    {
      "srcTextID": "23287",
      "srcText": "골골 왕자는 마녀가 자기를 어떻게 할까 봐 벌벌 떨었어. “걱정 마, 마법으로 새 다리뼈를 만들어 줄게.” 다행히 마녀는 착한 마녀인가 봐. 마녀는 골골 왕자의 머리카락 하나를 톡 뽑았어.",
      "srcPage": 8,
      "srcSentenceEA": 4,
      "srcWordEA": 30,
      "character": "골골 왕자,마녀,다리뼈,머리카락",
      "setting": null,
      "action": "뽑았어",
      "feeling": "벌벌 떨었어",
      "causalRelationship": null,
      "outcomeResolution": null,
      "prediction": "마녀는 골골 왕자의 머리카락 하나를 톡 뽑았어.",
      "plotSummaryInfoCount": 1,
      "plotSummaryInfo": {
        "classification": "자연탐구",
        "readAge": "초등_저학년",
        "form": "long-form",
        "plotSummaryText": "마법으로 골골 왕자의 새 다리뼈를 만들어 준다며 마녀는 골골 왕자의 머리카락 하나를 뽑았습니다.",
        "textWordEA": 13
      }
    },
    {
      "srcTextID": "23288",
      "srcText": "그리고 주문을 외쳤지. 그런데 길쭉길쭉한 다리뼈가 아니라 동글동글한 머리뼈가 나왔지. 앗! 다리뼈가 나와야 하는데, 말랑말랑한 뇌를 보호해 주는 머리뼈가 나왔네?",
      "srcPage": 9,
      "srcSentenceEA": 4,
      "srcWordEA": 23,
      "character": "다리뼈,머리뼈,뇌",
      "setting": null,
      "action": "외쳤지,나왔지",
      "feeling": null,
      "causalRelationship": null,
      "outcomeResolution": null,
      "prediction": null,
      "plotSummaryInfoCount": 1,
      "plotSummaryInfo": {
        "classification": "자연탐구",
        "readAge": "초등_저학년",
        "form": "long-form",
        "plotSummaryText": "주문을 외치자, 다리뼈가 나와야 하는데 뇌를 보호하는 머리뼈가 나왔습니다.",
        "textWordEA": 9
      }
    },
    {
      "srcTextID": "23160",
      "srcText": "마녀는 왕자의 머리카락을 뽑고 또 뽑아 겨우겨우 다리뼈를 만들었어. 팔을 굽혔다 폈다 해 주는 팔뼈! 손을 움직이게 하는 손뼈! 발을 꼼지락거리게 하는 발뼈! 다리를 구부리거나  펼 수 있게 해 주는 다리뼈!",
      "srcPage": 11,
      "srcSentenceEA": 5,
      "srcWordEA": 36,
      "character": "마녀,왕자,머리카락,다리뼈,팔,팔뼈,손,손뼈,발,발뼈,다리",
      "setting": null,
      "action": "뽑고,뽑아,만들었어",
      "feeling": null,
      "causalRelationship": null,
      "outcomeResolution": null,
      "prediction": null,
      "plotSummaryInfoCount": 1,
      "plotSummaryInfo": {
        "classification": "자연탐구",
        "readAge": "초등_저학년",
        "form": "long-form",
        "plotSummaryText": "마녀는 왕자의 머리카락을 뽑고 또 뽑아 겨우 다리뼈를 만들었습니다.",
        "textWordEA": 9
      }
    },
    {
      "srcTextID": "23161",
      "srcText": "그로부터 한참 뒤, 왕위를 물려받는 즉위식이 열렸어. 가짜 골골 왕자가 왕관을 물려받으려고 할 때였어. “잠깐, 저자는 마녀가 만든 가짜입니다.” 골골 왕자가 문을 열고 들어와 외쳤어. 두 다리로 성큼성큼 걸어서 말이야!",
      "srcPage": 15,
      "srcSentenceEA": 5,
      "srcWordEA": 33,
      "character": "가짜 골골 왕자,왕관,마녀,골골 왕자,문,다리",
      "setting": null,
      "action": "열고,들어와,외쳤어",
      "feeling": null,
      "causalRelationship": null,
      "outcomeResolution": null,
      "prediction": null,
      "plotSummaryInfoCount": 1,
      "plotSummaryInfo": {
        "classification": "자연탐구",
        "readAge": "초등_저학년",
        "form": "long-form",
        "plotSummaryText": "가짜 골골 왕자의 즉위식 날, 골골 왕자가 문을 열고 들어와 마녀가 만든 가짜라고 외쳤습니다.",
        "textWordEA": 14
      }
    },
    {
      "srcTextID": "23162",
      "srcText": "“당신이 가짜 왕자를 데리고 떠난 뒤에 아버지가 말씀하신 방법대로 뼈가 튼튼해지도록 노력했어요. 그랬더니 금이 갔던 뼈가 붙었지요.” 골고루 잘 먹고! 푹 자고! 붕대를 풀고 좀 걸을 수 있게 되자 운동도 시작했지요.",
      "srcPage": 17,
      "srcSentenceEA": 5,
      "srcWordEA": 35,
      "character": "가짜 왕자,아버지,뼈,붕대",
      "setting": null,
      "action": "노력했어요,운동도 시작했지요",
      "feeling": null,
      "causalRelationship": null,
      "outcomeResolution": null,
      "prediction": null,
      "plotSummaryInfoCount": 1,
      "plotSummaryInfo": {
        "classification": "자연탐구",
        "readAge": "초등_저학년",
        "form": "long-form",
        "plotSummaryText": "아버지가 말씀하신 방법대로 뼈가 튼튼해지도록 잘 먹고, 푹 자고 운동도 시작하며 노력하니 뼈가 튼튼해졌습니다.",
        "textWordEA": 14
      }
    },
    {
      "srcTextID": "23294",
      "srcText": "골골 왕자는 부들부들 떨고 있는 가짜 골골 왕자에게 바람을 후 불며 외쳤어. “이제 그만 사라져!” 그러자 가짜 골골 왕자는 머리카락이 되어 흩어졌지. 그 뒤에 골골 왕자는 무사히 왕이 되어, 오래오래 튼튼 왕으로 불렸대.",
      "srcPage": 18,
      "srcSentenceEA": 4,
      "srcWordEA": 35,
      "character": "골골 왕자,가짜 골골 왕자,머리카락,튼튼 왕",
      "setting": null,
      "action": "불며,외쳤어",
      "feeling": "부들부들 떨고",
      "causalRelationship": null,
      "outcomeResolution": "그 뒤에 골골 왕자는 무사히 왕이 되어,오래오래 튼튼 왕으로 불렸대.",
      "prediction": null,
      "plotSummaryInfoCount": 1,
      "plotSummaryInfo": {
        "classification": "자연탐구",
        "readAge": "초등_저학년",
        "form": "long-form",
        "plotSummaryText": "가짜 골골 왕자는 머리카락이 되어 흩어졌고, 골골 왕자는 오래오래 튼튼 왕으로 불렸습니다.",
        "textWordEA": 12
      }
    },
    {
      "srcTextID": "23285",
      "srcText": "“얘야! 골고루 잘 먹고, 푹 자고, 운동도 열심히 해야 뼈가 튼튼해지고 골골대지 않지.” 왕은 골골 왕자를 걱정하며 말했어. “그래, 오늘은 운동을 좀 해 볼까?”",
      "srcPage": 4,
      "srcSentenceEA": 3,
      "srcWordEA": 26,
      "character": "왕,골골 왕자",
      "setting": "오늘",
      "action": "말했어",
      "feeling": "걱정하며",
      "causalRelationship": null,
      "outcomeResolution": null,
      "prediction": "그래,오늘은 운동을 좀 해 볼까?",
      "plotSummaryInfoCount": 1,
      "plotSummaryInfo": {
        "classification": "자연탐구",
        "readAge": "초등_저학년",
        "form": "short-form",
        "plotSummaryText": "왕은 골골 왕자를 보며 잘 먹고, 잘 자고, 운동도 해야 골골 대지 않는다며 걱정하며 말했습니다.",
        "textWordEA": 15
      }
    }
  ]
}