{
  "title": "말랑말랑 아기 양이 스무 마리나",
  "author": "차보금",
  "illustrator": "김은정",
  "isbn": "9791157595327",
  "publishedYear": 2016,
  "publisher": "아람북스",
  "paragraphInfoCount": 20,
  "paragraphInfo": [
    {
      "srcTextID": "21447",
      "srcText": "“오늘 아침도 풀죽이야?” “말랑말랑 연한 고기 좀 먹어 봤으면.” 크크와 키키는 한숨만 내쉬었지.",
      "srcPage": 1,
      "srcSentenceEA": 3,
      "srcWordEA": 14,
      "character": "풀죽,고기,크크,키키",
      "setting": "아침",
      "action": "내쉬었지",
      "feeling": null,
      "causalRelationship": null,
      "outcomeResolution": null,
      "prediction": null,
      "plotSummaryInfoCount": 1,
      "plotSummaryInfo": {
        "classification": "자연탐구",
        "readAge": "초등_저학년",
        "form": "short-form",
        "plotSummaryText": "크크와 키키는 오늘 아침도 풀죽이냐며 한숨만 내쉬었습니다.",
        "textWordEA": 7
      }
    },
    {
      "srcTextID": "21453",
      "srcText": "“그것도 제대로 못 세니?” 키키가 보란 듯이 아기 양을 세는데... 폴짝폴짝 팔짝팔짝 매애애애애. 양들이 어찌나 돌아다니는지 키키도 못 세는 건 마찬가지야. ",
      "srcPage": 7,
      "srcSentenceEA": 4,
      "srcWordEA": 24,
      "character": "키키,아기 양",
      "setting": null,
      "action": "세니,돌아다니는지,세는",
      "feeling": null,
      "causalRelationship": null,
      "outcomeResolution": null,
      "prediction": null,
      "plotSummaryInfoCount": 1,
      "plotSummaryInfo": {
        "classification": "자연탐구",
        "readAge": "초등_저학년",
        "form": "long-form",
        "plotSummaryText": "키키가 아기 양을 세는데 양들이 어찌나 돌아다니는지 못 세는 건 마찬가지였다.",
        "textWordEA": 11
      }
    },
    {
      "srcTextID": "21456",
      "srcText": "크크가 키키에게 말했어. “20마리가 스무 마리인지 확인해 봐야겠어.” 그러자 키키는 배꼽을 잡고 웃는 거야. “키키키, 20마리가 스무 마리랑 같다는 걸 몰랐단 말이야? 내가 숫자 카드를 내밀면 네가 하나씩 세어 보든가.” “그래, 좋아!” ",
      "srcPage": 10,
      "srcSentenceEA": 6,
      "srcWordEA": 34,
      "character": "크크,키키,숫자 카드,배꼽",
      "setting": null,
      "action": "말했어,잡고,내밀면,세어",
      "feeling": null,
      "causalRelationship": null,
      "outcomeResolution": null,
      "prediction": null,
      "plotSummaryInfoCount": 1,
      "plotSummaryInfo": {
        "classification": "자연탐구",
        "readAge": "초등_저학년",
        "form": "long-form",
        "plotSummaryText": "크크가 키키에게 20마리가 스무 마리인지 확인해 봐야겠다고 하자 키키는 배꼽을 잡고 웃었다.",
        "textWordEA": 12
      }
    },
    {
      "srcTextID": "21465",
      "srcText": "‘풀숲에 숨은 아기 양을 몰래몰래 잡아먹어도 키키는 모를 거야.’ ‘풀밭에서 한두 마리 없어져도 크크는 절대 모를 거야.’ 크크와 키키는 서로 마음을 들키지 않으려고 헛기침을 하면서 집을 나섰지.",
      "srcPage": 18,
      "srcSentenceEA": 3,
      "srcWordEA": 29,
      "character": "아기 양,키키,크크,풀숲,풀밭",
      "setting": "집",
      "action": "숨은,잡아먹어도,들키지,나섰지",
      "feeling": null,
      "causalRelationship": null,
      "outcomeResolution": null,
      "prediction": null,
      "plotSummaryInfoCount": 1,
      "plotSummaryInfo": {
        "classification": "자연탐구",
        "readAge": "초등_저학년",
        "form": "short-form",
        "plotSummaryText": "크크와 키키는 서로 마음을 들키지 않으려고 헛기침을 하면서 집을 나섰다.",
        "textWordEA": 10
      }
    },
    {
      "srcTextID": "21467",
      "srcText": "고맙다며 암소 아줌마가 준 선물은 크크와 키키가 제일 싫어하는 풀로 만든 과자! “풀만 먹는다고 해서 많이 샀어요.” 크크와 키키는 풀과자만 우적우적 씹어 먹었더래.",
      "srcPage": 20,
      "srcSentenceEA": 3,
      "srcWordEA": 24,
      "character": "암소 아줌마,선물,크크,키키,풀,과자",
      "setting": null,
      "action": "샀어요,씹어,먹었더래",
      "feeling": null,
      "causalRelationship": null,
      "outcomeResolution": null,
      "prediction": null,
      "plotSummaryInfoCount": 1,
      "plotSummaryInfo": {
        "classification": "자연탐구",
        "readAge": "초등_저학년",
        "form": "short-form",
        "plotSummaryText": "크크와 키키는 암소 아줌마가 고맙다며 준 풀과자만 우적우적 씹어 먹었답니다.",
        "textWordEA": 10
      }
    },
    {
      "srcTextID": "21462",
      "srcText": "“키키, 양들에게 풀을 실컷 먹인 뒤에 살찌워서 잡아먹는 게 어때?” “그거 좋은 생각인걸?” 키키는 아기 양을 한 마리씩 집 밖으로 내보냈어.",
      "srcPage": 15,
      "srcSentenceEA": 3,
      "srcWordEA": 22,
      "character": "키키,양,풀,아기 양",
      "setting": "집",
      "action": "먹인,잡아먹는,내보냈어",
      "feeling": null,
      "causalRelationship": null,
      "outcomeResolution": null,
      "prediction": null,
      "plotSummaryInfoCount": 1,
      "plotSummaryInfo": {
        "classification": "자연탐구",
        "readAge": "초등_저학년",
        "form": "short-form",
        "plotSummaryText": "양들에게 풀을 실컷 먹인 뒤에 살찌워서 잡아먹는 게 어떠냐며 키키에게 물었다.",
        "textWordEA": 11
      }
    },
    {
      "srcTextID": "21448",
      "srcText": "그런데 가만, 이게 무슨 소리야? “동생이 아기를 낳으려 해서 얼른 가야 하는데.” 창밖으로 내다보니, 발을 동동 구르는 암소 아줌마와 말랑말랑한 아기 양들이 있지 뭐야. ",
      "srcPage": 2,
      "srcSentenceEA": 3,
      "srcWordEA": 25,
      "character": "동생,아기,암소 아줌마,아기 양,창밖",
      "setting": null,
      "action": "가야,내다보니,발을 동동 구르는",
      "feeling": null,
      "causalRelationship": null,
      "outcomeResolution": null,
      "prediction": null,
      "plotSummaryInfoCount": 1,
      "plotSummaryInfo": {
        "classification": "자연탐구",
        "readAge": "초등_저학년",
        "form": "short-form",
        "plotSummaryText": "창밖으로 내다보니 암소 아줌마와 아기 양들이 있었습니다.",
        "textWordEA": 7
      }
    },
    {
      "srcTextID": "21457",
      "srcText": "“이러다간 아기 양들을 셀 수가 없겠어.” “아기 양들을 모두 장난감 기차에 태우면 세기에 좋지 않을까?” “맞아, 그 생각을 왜 못했을까?” 키키는 으쓱거리면서 호루라기를 불었어. “얘들아, 기차놀이 하자!”",
      "srcPage": 12,
      "srcSentenceEA": 5,
      "srcWordEA": 28,
      "character": "아기 양,장난감 기차,키키,호루라기",
      "setting": null,
      "action": "태우면,으쓱거리면서,불었어,하자",
      "feeling": null,
      "causalRelationship": null,
      "outcomeResolution": null,
      "prediction": null,
      "plotSummaryInfoCount": 1,
      "plotSummaryInfo": {
        "classification": "자연탐구",
        "readAge": "초등_저학년",
        "form": "long-form",
        "plotSummaryText": "키키는 아기 양들을 장난감 기차에 태우면 셀 수 있겠다며 호루라기를 불었다.",
        "textWordEA": 11
      }
    },
    {
      "srcTextID": "21460",
      "srcText": "“칙칙폭폭 칙칙폭폭 뿌우!” 요기조기 숨어 있던 아기 양들은 신이 나서 폴짝폴짝 기차에 올라탔어. 크크와 키키는 둘씩 묶어서 얼른 세어 보았어. ",
      "srcPage": 13,
      "srcSentenceEA": 3,
      "srcWordEA": 22,
      "character": "아기 양,기차,크크,키키",
      "setting": null,
      "action": "숨어,올라탔어,세어",
      "feeling": null,
      "causalRelationship": null,
      "outcomeResolution": null,
      "prediction": null,
      "plotSummaryInfoCount": 1,
      "plotSummaryInfo": {
        "classification": "자연탐구",
        "readAge": "초등_저학년",
        "form": "short-form",
        "plotSummaryText": "크크와 키키는 폴짝폴짝 가차에 올라탄 양들을 둘씩 묶어 얼른 세어 보았다.",
        "textWordEA": 11
      }
    },
    {
      "srcTextID": "21459",
      "srcText": "“둘, 넷, 여섯, 여덟, 열, 열둘, 열넷, 열여섯, 열여덟, 스물.” “2, 4, 6, 8, 10, 12, 14, 16, 18, 20.” ‘한 마리도 빠짐없이 다 있군. 하지만 어떻게든 내가 더 많이 먹어야지.’ 크크와 키키는 둘 다 같은 생각을 하고 있었어.",
      "srcPage": 14,
      "srcSentenceEA": 5,
      "srcWordEA": 42,
      "character": "크크,키키",
      "setting": null,
      "action": "먹어야지,하고",
      "feeling": null,
      "causalRelationship": null,
      "outcomeResolution": null,
      "prediction": null,
      "plotSummaryInfoCount": 1,
      "plotSummaryInfo": {
        "classification": "자연탐구",
        "readAge": "초등_저학년",
        "form": "long-form",
        "plotSummaryText": "크크와 키키는 더 많이 먹겠다고, 둘 다 같은 생각을 하고 있었다.",
        "textWordEA": 11
      }
    },
    {
      "srcTextID": "21466",
      "srcText": "“아이고, 정말 고마워요. 아기는 무사히 낳았답니다. 고생 많았지요?” 이런, 암소 아줌마가 돌아온 거야. ",
      "srcPage": 19,
      "srcSentenceEA": 4,
      "srcWordEA": 16,
      "character": "아기,암소 아줌마",
      "setting": null,
      "action": "낳았답니다,돌아온",
      "feeling": null,
      "causalRelationship": null,
      "outcomeResolution": null,
      "prediction": null,
      "plotSummaryInfoCount": 1,
      "plotSummaryInfo": {
        "classification": "자연탐구",
        "readAge": "초등_저학년",
        "form": "long-form",
        "plotSummaryText": "돌아온 암소 아줌마가 아기는 잘 낳았다며, 고맙다고 말했습니다.",
        "textWordEA": 8
      }
    },
    {
      "srcTextID": "21450",
      "srcText": "크크와 키키는 후다닥 달려 나갔어. “아기 양들을 돌보는 일이라면 우리한테 맡기세요.” “하지만... 괜찮을까요?” “아이고, 무슨 상상을 하시는 겁니까? 우리는 풀만 먹는 늑대랍니다. 아, 싱그러운 풀맛!”",
      "srcPage": 3,
      "srcSentenceEA": 6,
      "srcWordEA": 28,
      "character": "크크,키키,아기 양,늑대,풀",
      "setting": null,
      "action": "달려 나갔어,돌보는,먹는",
      "feeling": null,
      "causalRelationship": null,
      "outcomeResolution": null,
      "prediction": null,
      "plotSummaryInfoCount": 1,
      "plotSummaryInfo": {
        "classification": "자연탐구",
        "readAge": "초등_저학년",
        "form": "long-form",
        "plotSummaryText": "크크와 키키는 자신들은 풀만 먹는 늑대이니 아기 양들을 돌보겠다고 했습니다.",
        "textWordEA": 10
      }
    },
    {
      "srcTextID": "21449",
      "srcText": " “그럼, 잘 부탁드려요. 엄마 양 대신 돌보고 있었기 때문에 한 마리라도 잃어버리면 안 돼요. 아기 양들은 모두 스무 마리랍니다.” 암소 아줌마는 그렇게 말하고서 급하게 떠났어.",
      "srcPage": 4,
      "srcSentenceEA": 4,
      "srcWordEA": 28,
      "character": "엄마 양,아기 양,암소 아줌마",
      "setting": null,
      "action": "돌보고,말하고서,떠났어",
      "feeling": null,
      "causalRelationship": null,
      "outcomeResolution": null,
      "prediction": null,
      "plotSummaryInfoCount": 1,
      "plotSummaryInfo": {
        "classification": "자연탐구",
        "readAge": "초등_저학년",
        "form": "long-form",
        "plotSummaryText": "암소 아줌마는 엄마 양 대신 돌보고 있었기 때문에 한 마리라도 잃어버리면 안 된다고 말하고서 급하게 떠났다.",
        "textWordEA": 16
      }
    },
    {
      "srcTextID": "21452",
      "srcText": "“풀죽이여 안녕. 풀과자는 이제 그만. 드디어 오늘 말랑말랑 고기를 먹는다네.” 크크와 키키는 신이 나서 콧노래를 흥얼흥얼. ",
      "srcPage": 5,
      "srcSentenceEA": 4,
      "srcWordEA": 19,
      "character": "풀죽,풀과자,고기,크크,키키",
      "setting": "오늘",
      "action": "먹는다네",
      "feeling": null,
      "causalRelationship": null,
      "outcomeResolution": null,
      "prediction": null,
      "plotSummaryInfoCount": 1,
      "plotSummaryInfo": {
        "classification": "자연탐구",
        "readAge": "초등_저학년",
        "form": "long-form",
        "plotSummaryText": "드디어 오늘 말랑말랑 고기를 먹는다며 크크와 키키는 신이 나서 콧노래를 흥얼거렸다.",
        "textWordEA": 11
      }
    },
    {
      "srcTextID": "21451",
      "srcText": "“모두 스무 마리라고? 어디 보자.” 크크가 먼저 아기 양을 세어 보는데... “하나, 둘, 셋, 넷, 다섯, 여섯, 일곱, 여덟, 아홉... 이 녀석들아, 얌전히 좀 있어!” 아기 양들이 깡충깡충 뛰어다녀서 제대로 셀 수가 없었어. ",
      "srcPage": 6,
      "srcSentenceEA": 6,
      "srcWordEA": 37,
      "character": "크크,아기 양",
      "setting": null,
      "action": "세어 보는데,뛰어다녀서,셀",
      "feeling": null,
      "causalRelationship": null,
      "outcomeResolution": null,
      "prediction": null,
      "plotSummaryInfoCount": 1,
      "plotSummaryInfo": {
        "classification": "자연탐구",
        "readAge": "초등_저학년",
        "form": "long-form",
        "plotSummaryText": "크크가 먼저 아기 양을 세어 보는데 아기 양들이 깡충깡충 뛰어다녀서 제대로 셀 수가 없었다.",
        "textWordEA": 14
      }
    },
    {
      "srcTextID": "21454",
      "srcText": "“이런, 스무 마리가 다 있기는 한 거야? 자꾸자꾸 세어 봐도 자꾸자꾸 틀려.” “안 되겠어. 한 마리씩 번호를 붙여 보자. 1, 2, 3, 4, 5, 6, 7, 8, 9, 10, 11, 12, 13, 14, 15, 16, 17, 18, 19, 20.” 키키는 숫자 카드를 만들었어.",
      "srcPage": 8,
      "srcSentenceEA": 6,
      "srcWordEA": 47,
      "character": "키키,카드",
      "setting": null,
      "action": "세어,붙여 보자,만들었어",
      "feeling": null,
      "causalRelationship": null,
      "outcomeResolution": null,
      "prediction": null,
      "plotSummaryInfoCount": 1,
      "plotSummaryInfo": {
        "classification": "자연탐구",
        "readAge": "초등_저학년",
        "form": "long-form",
        "plotSummaryText": "자꾸자꾸 세어 봐도 자꾸자꾸 틀리자, 키키는 숫자 카드를 만들었다.",
        "textWordEA": 9
      }
    },
    {
      "srcTextID": "21455",
      "srcText": "분명 아기 양이 스무 마리라고 했는데, 키키는 왜 20이라고 쓰는 거지? 일부러 어렵게 써서 나를 헷갈리게 해 놓고 몰래 잡아먹으려는 거 아냐?’ 크크는 언제나 ‘하나, 둘, 셋...’이라고만 세기 때문에 ‘스무 마리’가 정말 ‘20마리’인지 알 수가 없었어. ",
      "srcPage": 9,
      "srcSentenceEA": 6,
      "srcWordEA": 41,
      "character": "아기 양,키키,크크,20",
      "setting": null,
      "action": "쓰는,잡아먹으려는,알",
      "feeling": null,
      "causalRelationship": null,
      "outcomeResolution": null,
      "prediction": null,
      "plotSummaryInfoCount": 1,
      "plotSummaryInfo": {
        "classification": "자연탐구",
        "readAge": "초등_저학년",
        "form": "long-form",
        "plotSummaryText": "분명 아기 양이 스무 마리라고 했는데, 키키는 왜 20이라고 쓰는 건지 크크는 알 수가 없었다.",
        "textWordEA": 15
      }
    },
    {
      "srcTextID": "21458",
      "srcText": "크크는 창피해서 얼굴이 빨개졌지. 그러는 동안 아기 양들은 요리조리 숨기에 바빴어. 식탁 밑으로, 커튼 뒤로.",
      "srcPage": 11,
      "srcSentenceEA": 3,
      "srcWordEA": 17,
      "character": "크크,아기 양,식탁,커튼",
      "setting": null,
      "action": "숨기,바빴어",
      "feeling": null,
      "causalRelationship": null,
      "outcomeResolution": null,
      "prediction": null,
      "plotSummaryInfoCount": 1,
      "plotSummaryInfo": {
        "classification": "자연탐구",
        "readAge": "초등_저학년",
        "form": "short-form",
        "plotSummaryText": "크크는 창피해서 얼굴이 빨개졌고 그러는 동안 아기 양들은 요리조리 숨기에 바빴다.",
        "textWordEA": 11
      }
    },
    {
      "srcTextID": "21461",
      "srcText": "“스물에서 한 마리 나가면 열아홉. 또 한 마리 나가면 열여덟. 열일곱, 열여섯, 열다섯, 열넷, 열셋, 열둘, 열하나, 열, 아홉, 여덟, 일곱, 여섯, 다섯, 넷, 셋, 둘, 하나.” ",
      "srcPage": 16,
      "srcSentenceEA": 3,
      "srcWordEA": 29,
      "character": "스물,열아홉,열여덟,열일곱",
      "setting": null,
      "action": "나가면",
      "feeling": null,
      "causalRelationship": null,
      "outcomeResolution": null,
      "prediction": null,
      "plotSummaryInfoCount": 1,
      "plotSummaryInfo": {
        "classification": "자연탐구",
        "readAge": "초등_저학년",
        "form": "short-form",
        "plotSummaryText": "스물에서 한 마리 나가면 열아홉, 또 한 마리 나가면 열여덟, 열일곱으로 숫자가 하나씩 줄어들었다.",
        "textWordEA": 14
      }
    },
    {
      "srcTextID": "21463",
      "srcText": "키키도 양들을 세었지. “20에서 하나 줄어들면 19. 또 하나 줄어들면 18. 17, 16, 15, 14, 13, 12, 11, 10, 9, 8, 7, 6, 5, 4, 3, 2, 1.” ",
      "srcPage": 17,
      "srcSentenceEA": 4,
      "srcWordEA": 30,
      "character": "키키,양",
      "setting": null,
      "action": "세었지",
      "feeling": null,
      "causalRelationship": null,
      "outcomeResolution": null,
      "prediction": null,
      "plotSummaryInfoCount": 1,
      "plotSummaryInfo": {
        "classification": "자연탐구",
        "readAge": "초등_저학년",
        "form": "long-form",
        "plotSummaryText": "키키도 양들을 세었다.",
        "textWordEA": 3
      }
    }
  ]
}