{
  "title": "달은 어떤 모양일까?",
  "author": "김소형",
  "illustrator": "손정현",
  "isbn": "9791188491391",
  "publishedYear": 2019,
  "publisher": "아람키즈",
  "paragraphInfoCount": 24,
  "paragraphInfo": [
    {
      "srcTextID": "21162",
      "srcText": "달에 사는 토끼 이야기는 옛날 사람들의 상상으로 만들어진 거란다. 달의 표면이 얼룩덜룩하게 보여서 사람들은 여러 가지 상상을 했던 것이지. 옛날 사람들의 눈에는 얼룩덜룩한 모습이 토끼가 방아를 찧는 모습처럼 보였나 봐. 사실 달에는 물도, 공기도 없어서 아무도 살지 못한단다.",
      "srcPage": 24,
      "srcSentenceEA": 4,
      "srcWordEA": 41,
      "character": "토끼,사람,방아,물",
      "setting": "달,옛날",
      "action": "만들어진,찧는,보였나 봐,얼룩덜룩하게,상상을 했던,없어서,살지 못한단다",
      "feeling": null,
      "causalRelationship": "사실 달에는 물도, 공기도 없어서 아무도 살지 못한단다.",
      "outcomeResolution": null,
      "prediction": null,
      "plotSummaryInfoCount": 1,
      "plotSummaryInfo": {
        "classification": "자연탐구",
        "readAge": "초등_저학년",
        "form": "long-form",
        "plotSummaryText": "달의 얼룩덜룩한 표면 때문에 옛날 사람들 눈에는 토끼가 방아를 찧는 모습처럼 보였을지 모르지만, 달에는 물도, 공기도 없어서 아무도 살지 못해.",
        "textWordEA": 20
      }
    },
    {
      "srcTextID": "21153",
      "srcText": "“그러니 제발 싸움은 그만하고, 조용히 해 주세요. 너무 시끄러워서 잠을 못 자겠어요.” “네, 달님. 미안해요.” 그날부터 숲 속 동물들은 달의 모양이 바뀌어도 아무도 놀라지 않았어요.",
      "srcPage": 12,
      "srcSentenceEA": 5,
      "srcWordEA": 28,
      "character": "달님,동물,달",
      "setting": "숲 속",
      "action": "바뀌어도,놀라지 않았어요,그만하고,조용히 해,시끄러워서,못 자겠어요",
      "feeling": "미안해요",
      "causalRelationship": null,
      "outcomeResolution": null,
      "prediction": null,
      "plotSummaryInfoCount": 1,
      "plotSummaryInfo": {
        "classification": "자연탐구",
        "readAge": "초등_저학년",
        "form": "long-form",
        "plotSummaryText": "달님이 제발 싸움을 그만하고 잠 좀 자게 조용히 해 달라고 하자, 숲 속 동물들은 달님에게 사과하고 이후로는 달의 모양이 바뀌어도 아무도 놀라지 않았어요.",
        "textWordEA": 23
      }
    },
    {
      "srcTextID": "21155",
      "srcText": " 이때 달은 태양의 빛을 받는데, 태양과 지구 사이 어디에 있느냐에 따라 태양 빛을 받는 부분도 달라져요. 그래서 우리 눈에 달의 모양이 매일 조금씩 달라 보이는 거예요. 달이 지구 주위를 돌다 보면 달, 지구, 태양이 일직선으로 서게 되는 때가 있어요. ",
      "srcPage": 15,
      "srcSentenceEA": 3,
      "srcWordEA": 42,
      "character": "달,태양,눈",
      "setting": "지구",
      "action": "돌다 보면,서게 되는,받는데,달라져요,달라 보이는",
      "feeling": null,
      "causalRelationship": null,
      "outcomeResolution": null,
      "prediction": null,
      "plotSummaryInfoCount": 1,
      "plotSummaryInfo": {
        "classification": "자연탐구",
        "readAge": "초등_저학년",
        "form": "short-form",
        "plotSummaryText": "달이 태양과 지구의 사이를 돌다 보면, 태양 빛을 받는 부분이 달라지기 때문에 우리 눈에 달의 모양이 매일 조금씩 달라 보이는 거예요.",
        "textWordEA": 21
      }
    },
    {
      "srcTextID": "21142",
      "srcText": "동산 위에 떴지. 꼬마 부엉이가 노래를 연습했어요. 엄마 생일날 노래를 부르기로 했거든요. ",
      "srcPage": 2,
      "srcSentenceEA": 3,
      "srcWordEA": 14,
      "character": "꼬마 부엉이,노래,엄마",
      "setting": "동산,생일날",
      "action": "떴지,연습했어요,부르기로",
      "feeling": null,
      "causalRelationship": null,
      "outcomeResolution": null,
      "prediction": null,
      "plotSummaryInfoCount": 1,
      "plotSummaryInfo": {
        "classification": "자연탐구",
        "readAge": "초등_저학년",
        "form": "short-form",
        "plotSummaryText": "꼬마 부엉이는 엄마 생일날 노래를 부르기로 해 연습했어요.",
        "textWordEA": 8
      }
    },
    {
      "srcTextID": "21143",
      "srcText": "그때 여우가 굴에서 나왔어요. “부엉이야, 그 노래는 틀렸어! 달님은 쟁반같이 둥글지 않다고!” ",
      "srcPage": 3,
      "srcSentenceEA": 3,
      "srcWordEA": 13,
      "character": "여우,부엉이,노래,달님,쟁반",
      "setting": "굴",
      "action": "나왔어요,틀렸어,둥글지 않다고",
      "feeling": null,
      "causalRelationship": null,
      "outcomeResolution": null,
      "prediction": null,
      "plotSummaryInfoCount": 1,
      "plotSummaryInfo": {
        "classification": "자연탐구",
        "readAge": "초등_저학년",
        "form": "short-form",
        "plotSummaryText": "굴에서 나온 여우는 달님이 쟁반같이 둥글지 않다고 이야기했어요.",
        "textWordEA": 8
      }
    },
    {
      "srcTextID": "21144",
      "srcText": "“달님은 바람 빠진 공처럼 일그러진 모양이야. 내가 저번에 분명히 보았어.” 여우가 거들먹거리며 말했어요. ",
      "srcPage": 4,
      "srcSentenceEA": 3,
      "srcWordEA": 15,
      "character": "달님,공,여우",
      "setting": null,
      "action": "보았어,말했어요,거들먹거리며,바람 빠진",
      "feeling": null,
      "causalRelationship": null,
      "outcomeResolution": null,
      "prediction": null,
      "plotSummaryInfoCount": 1,
      "plotSummaryInfo": {
        "classification": "자연탐구",
        "readAge": "초등_저학년",
        "form": "short-form",
        "plotSummaryText": "여우는 달님은 바람 빠진 공처럼 일그러진 모양이라며 거들먹거리면서 말했어요.",
        "textWordEA": 9
      }
    },
    {
      "srcTextID": "21145",
      "srcText": "그때 수풀 사이에서 멧돼지가 나타났어요. “무슨 소리! 달님은 수박 반쪽짜리 모양이야. 내가 저번에 분명히 보았어.” 멧돼지가 콧김을 내뿜으며 말했어요.",
      "srcPage": 5,
      "srcSentenceEA": 5,
      "srcWordEA": 22,
      "character": "멧돼지,달님,수박",
      "setting": "수풀",
      "action": "나타났어요,보았어,내뿜으며,말했어요",
      "feeling": null,
      "causalRelationship": null,
      "outcomeResolution": null,
      "prediction": null,
      "plotSummaryInfoCount": 1,
      "plotSummaryInfo": {
        "classification": "자연탐구",
        "readAge": "초등_저학년",
        "form": "long-form",
        "plotSummaryText": "그때 멧돼지가 달님은 수박 반쪽짜리 모양이라며 콧김을 내뿜으며 말했어요.",
        "textWordEA": 9
      }
    },
    {
      "srcTextID": "21146",
      "srcText": "그때 덤불을 헤치며 곰이 나타났어요. “무슨 소리! 달님은 가는 잎사귀가 구부러진 모양이야. 내가 저번에 분명히 보았어.” 곰이 가슴을 퉁퉁 치며 말했어요.",
      "srcPage": 6,
      "srcSentenceEA": 5,
      "srcWordEA": 24,
      "character": "곰,달님,잎사귀",
      "setting": "덤불",
      "action": "헤치며,나타났어요,보았어,퉁퉁 치며,구부러진",
      "feeling": null,
      "causalRelationship": null,
      "outcomeResolution": null,
      "prediction": null,
      "plotSummaryInfoCount": 1,
      "plotSummaryInfo": {
        "classification": "자연탐구",
        "readAge": "초등_저학년",
        "form": "long-form",
        "plotSummaryText": "그때 덤불을 헤치며 곰이 나타나 달님은 가는 잎사귀가 구부러진 모양이라며 가슴을 퉁퉁 치며 말했어요.",
        "textWordEA": 14
      }
    },
    {
      "srcTextID": "21147",
      "srcText": "꼬마 부엉이는 도무지 종잡을 수가 없었어요. 얼마 전에 본 달님은 분명히 쟁반같이 둥글고, 밤새도록 환하게 빛났거든요. “아닌데, 달님은 둥근 모양인데.”",
      "srcPage": 7,
      "srcSentenceEA": 3,
      "srcWordEA": 21,
      "character": "꼬마 부엉이,달님,쟁반",
      "setting": null,
      "action": "본,둥글고,환하게,빛났거든요",
      "feeling": null,
      "causalRelationship": null,
      "outcomeResolution": null,
      "prediction": null,
      "plotSummaryInfoCount": 1,
      "plotSummaryInfo": {
        "classification": "자연탐구",
        "readAge": "초등_저학년",
        "form": "short-form",
        "plotSummaryText": "꼬마 부엉이가 본 달님이 분명히 쟁반같이 둥글고, 밤새 환하게 빛났기에 도무지 종잡을 수가 없었어요.",
        "textWordEA": 14
      }
    },
    {
      "srcTextID": "21150",
      "srcText": "꼬마 부엉이가 말을 꺼냈어요. “그럼 달님이 뜨길 기다렸다가 확인해 볼까요?” 모두들 고개를 끄덕거렸어요. 동물들은 달이 가장 잘 보이는 동산 위로 올라갔어요.",
      "srcPage": 9,
      "srcSentenceEA": 4,
      "srcWordEA": 23,
      "character": "꼬마 부엉이,달님,고개,동물,달",
      "setting": "동산 위",
      "action": "꺼냈어요,뜨길,끄덕거렸어요,올라갔어요,확인해 볼까요",
      "feeling": null,
      "causalRelationship": null,
      "outcomeResolution": null,
      "prediction": "동물들은 달이 가장 잘 보이는 동산 위로 올라갔어요.",
      "plotSummaryInfoCount": 1,
      "plotSummaryInfo": {
        "classification": "자연탐구",
        "readAge": "초등_저학년",
        "form": "long-form",
        "plotSummaryText": "꼬마 부엉이가 달님이 뜨길 기다렸다가 확인해 보자고 말하자 동물들은 달이 가장 잘 보이는 동산 위로 올라갔어요.",
        "textWordEA": 16
      }
    },
    {
      "srcTextID": "21151",
      "srcText": "얼마 뒤, 밤하늘에 쟁반처럼 둥근달이 떠올랐어요. “저것 봐요, 내 말이 맞죠?” 꼬마 부엉이가 으스대며 날개를 파닥거렸어요. 다른 동물들은 고개를 갸우뚱거렸지요. “참 이상하네.”",
      "srcPage": 10,
      "srcSentenceEA": 5,
      "srcWordEA": 24,
      "character": "쟁반,둥근달,꼬마 부엉이,날개,고개",
      "setting": "밤하늘",
      "action": "떠올랐어요,파닥거렸어요,갸우뚱거렸지요,맞죠",
      "feeling": null,
      "causalRelationship": null,
      "outcomeResolution": null,
      "prediction": null,
      "plotSummaryInfoCount": 1,
      "plotSummaryInfo": {
        "classification": "자연탐구",
        "readAge": "초등_저학년",
        "form": "long-form",
        "plotSummaryText": "밤하늘에 둥근달이 떠오르자 꼬마 부엉이는 자기 말이 맞는다며 으스대며 날개를 파닥거렸어요.",
        "textWordEA": 11
      }
    },
    {
      "srcTextID": "21152",
      "srcText": "그때 달님이 웃으며 말했어요. “모두 다 내 모습이에요. 나는 원래 둥글지만, 날이 지나면서 조금씩 줄어들어 보여요. 그러다 다시 조금씩 차올라 둥글게 보이지요.” ",
      "srcPage": 11,
      "srcSentenceEA": 4,
      "srcWordEA": 24,
      "character": "달님",
      "setting": null,
      "action": "말했어요,조금씩 줄어들어,조금씩 차올라,둥글지만,둥글게,웃으며",
      "feeling": null,
      "causalRelationship": null,
      "outcomeResolution": null,
      "prediction": null,
      "plotSummaryInfoCount": 1,
      "plotSummaryInfo": {
        "classification": "자연탐구",
        "readAge": "초등_저학년",
        "form": "long-form",
        "plotSummaryText": "달님은 웃으며 자기는 원래 둥근 모습이지만, 날이 지나면서 조금씩 줄어들어 보이다가 다시 차올라 둥글게 보인다고 말했어요.",
        "textWordEA": 16
      }
    },
    {
      "srcTextID": "21165",
      "srcText": "하지만 지구는 딱 알맞은 힘으로 달을 잡아당기고 있단다. 그래서 달이 지구 주위를 빙글빙글 도는 거야. 달에는 정말 토끼가 사나요?",
      "srcPage": 23,
      "srcSentenceEA": 3,
      "srcWordEA": 21,
      "character": "달,지구",
      "setting": null,
      "action": "잡아당기고,도는 거야",
      "feeling": null,
      "causalRelationship": "지구는 딱 알맞은 힘으로 달을 잡아당기고 있단다. 그래서 달이 지구 주위를 빙글빙글 도는 거야.",
      "outcomeResolution": null,
      "prediction": "달에는 정말 토끼가 사나요?",
      "plotSummaryInfoCount": 1,
      "plotSummaryInfo": {
        "classification": "자연탐구",
        "readAge": "초등_저학년",
        "form": "short-form",
        "plotSummaryText": "지구가 딱 알맞은 힘으로 달을 잡아당기고 있어서 달이 지구 주위를 도는 거야.",
        "textWordEA": 12
      }
    },
    {
      "srcTextID": "21141",
      "srcText": "달 달 무슨 달. 쟁반 같이 둥근달. 어디 어디 떴나. ",
      "srcPage": 1,
      "srcSentenceEA": 3,
      "srcWordEA": 12,
      "character": "달,쟁반",
      "setting": null,
      "action": "떴나",
      "feeling": null,
      "causalRelationship": null,
      "outcomeResolution": null,
      "prediction": "어디 어디 떴나.",
      "plotSummaryInfoCount": 1,
      "plotSummaryInfo": {
        "classification": "자연탐구",
        "readAge": "초등_저학년",
        "form": "short-form",
        "plotSummaryText": "쟁반같이 둥근달이 어디에 떴나요.",
        "textWordEA": 4
      }
    },
    {
      "srcTextID": "21149",
      "srcText": "그 소리를 듣고, 황새 아저씨가 나타났어요. “이상하다. 나는 일그러진 모양, 반쪽짜리 모양, 구부러진 모양, 둥근 모양의 달님을 다 본 것 같아.” 그러자 동물들은 순식간에 조용해졌어요. ",
      "srcPage": 8,
      "srcSentenceEA": 3,
      "srcWordEA": 27,
      "character": "황새 아저씨,달님",
      "setting": null,
      "action": "듣고,나타났어요,조용해졌어요,본 것 같아,일그러진,반쪽짜리,구부러진,둥근",
      "feeling": null,
      "causalRelationship": null,
      "outcomeResolution": null,
      "prediction": null,
      "plotSummaryInfoCount": 1,
      "plotSummaryInfo": {
        "classification": "자연탐구",
        "readAge": "초등_저학년",
        "form": "short-form",
        "plotSummaryText": "황새 아저씨가 나타나 자기는 달님의 일그러진 모양, 구부러진 모양, 반쪽짜리 모양, 둥근 모양을 다 본 것 같다고 하자 동물들은 순식간에 조용해졌어요.",
        "textWordEA": 21
      }
    },
    {
      "srcTextID": "21164",
      "srcText": "하지만 낮인데도 하늘이 어두컴컴한 날에는 달을 희미하게 볼 수 있단다.  달이 얼룩덜룩하게 보이는 것은 왜인가요? 달에는 운석이 떨어지면서 생긴 크고 작은 구덩이가 많아.",
      "srcPage": 20,
      "srcSentenceEA": 3,
      "srcWordEA": 26,
      "character": "달,운석,구덩이",
      "setting": "낮,하늘",
      "action": "떨어지면서,보이는,볼 수 있단다,얼룩덜룩하게 보이는,많아",
      "feeling": null,
      "causalRelationship": null,
      "outcomeResolution": null,
      "prediction": null,
      "plotSummaryInfoCount": 1,
      "plotSummaryInfo": {
        "classification": "자연탐구",
        "readAge": "초등_저학년",
        "form": "short-form",
        "plotSummaryText": "달에는 운석이 떨어지면서 생긴 크고 작은 구덩이가 많이 있는데 이것 때문에 달이 얼룩덜룩하게 보이지요.",
        "textWordEA": 14
      }
    },
    {
      "srcTextID": "21161",
      "srcText": "그래서 마치 지구의 산처럼 높이 솟은 곳도 있고, 지구의 바다처럼 움푹 들어간 곳도 있지. 높은 곳은 햇빛을 잘 반사하기 때문에 아주 밝게 보이고, 낮은 곳은 햇빛을 잘 반사하지 못하기 때문에 어둡게 보이는 거란다.  달은 왜 지구 주위를 돌아요? ",
      "srcPage": 21,
      "srcSentenceEA": 3,
      "srcWordEA": 41,
      "character": "바다,햇빛",
      "setting": "지구,산",
      "action": "보이고,보이는,높이 솟은,주위를 돌아요,움푹 들어간,반사하기 때문에,보이는 거란다",
      "feeling": null,
      "causalRelationship": null,
      "outcomeResolution": null,
      "prediction": "달은 왜 지구 주위를 돌아요?",
      "plotSummaryInfoCount": 1,
      "plotSummaryInfo": {
        "classification": "자연탐구",
        "readAge": "초등_저학년",
        "form": "short-form",
        "plotSummaryText": "지구의 산처럼 높은 곳은 햇빛을 잘 반사해서 밝게 보이고, 바다처럼 움푹 들어간 곳은 햇빛을 잘 반사하지 못해서 어둡게 보이는 거야.",
        "textWordEA": 20
      }
    },
    {
      "srcTextID": "21156",
      "srcText": "깜깜한 밤에 하늘을 보세요. 예쁜 달이 떠 있지요? 그런데 어떨 때는 둥근 모양이었다가, 어떨 때는 길쭉한 모양이기도 해요. ",
      "srcPage": 13,
      "srcSentenceEA": 3,
      "srcWordEA": 20,
      "character": "달",
      "setting": "밤,하늘",
      "action": "보세요,떠 있지요,둥근,길쭉한,깜깜한",
      "feeling": null,
      "causalRelationship": null,
      "outcomeResolution": null,
      "prediction": null,
      "plotSummaryInfoCount": 1,
      "plotSummaryInfo": {
        "classification": "자연탐구",
        "readAge": "초등_저학년",
        "form": "short-form",
        "plotSummaryText": "깜깜한 밤하늘에 떠 있는 예쁜 달은 어떨 때는 둥근 모양이었다가, 어떨 때는 길쭉한 모양이기도 해요.",
        "textWordEA": 15
      }
    },
    {
      "srcTextID": "21158",
      "srcText": "이처럼 달의 모양이 변하는 이유는 무엇일까요? 달은 둥근 보름달에서 점점 가늘어졌다가, 다시 차올라서 보름달이 돼요. 이렇게 달의 모양이 계속 변하는 이유는 달이 지구 주위를 뱅글뱅글 돌고 있기 때문이에요.",
      "srcPage": 14,
      "srcSentenceEA": 3,
      "srcWordEA": 30,
      "character": "달,보름달",
      "setting": "지구",
      "action": "변하는,차올라서,돌고 있기 때문,가늘어졌다가",
      "feeling": null,
      "causalRelationship": "이렇게 달의 모양이 계속 변하는 이유는 달이 지구 주위를 뱅글뱅글 돌고 있기 때문이에요.",
      "outcomeResolution": null,
      "prediction": null,
      "plotSummaryInfoCount": 1,
      "plotSummaryInfo": {
        "classification": "자연탐구",
        "readAge": "초등_저학년",
        "form": "short-form",
        "plotSummaryText": "이처럼 달의 모양이 점점 가늘어졌다가, 다시 차올라서 보름달이 되는 이유는 달이 지구를 돌고 있기 때문이에요.",
        "textWordEA": 15
      }
    },
    {
      "srcTextID": "21154",
      "srcText": " 달, 지구, 태양의 위치가 ㄴ자 모양으로 꺾여 있어서 우리 눈에 달이 반쪽만 보이는 것이지요. 그중 오른쪽이 통통한 달을 ‘상현달’, 왼쪽이 통통한 달을 ‘하현달’이라고 해요.  깜깜한 밤하늘에 달이 없으면 무섭지요?",
      "srcPage": 17,
      "srcSentenceEA": 5,
      "srcWordEA": 35,
      "character": "달,태양,지구,상현달,하현달",
      "setting": "밤하늘",
      "action": "꺾여 있어서,보이는,없으면",
      "feeling": "무섭지요",
      "causalRelationship": "달 지구 태양의 위치가 ㄴ자 모양으로 꺾여 있어서 우리 눈에 달이 반쪽만 보이는 것이지요.",
      "outcomeResolution": null,
      "prediction": null,
      "plotSummaryInfoCount": 1,
      "plotSummaryInfo": {
        "classification": "자연탐구",
        "readAge": "초등_저학년",
        "form": "long-form",
        "plotSummaryText": "달, 지구, 태양의 위치가 ㄴ자 모양으로 꺾여 있으면 달이 반쪽만 보이는데, 그중 오른쪽이 통통하면 상현달, 왼쪽이 통통하면 하현달이라고 해요.",
        "textWordEA": 19
      }
    },
    {
      "srcTextID": "21159",
      "srcText": "하지만 한 달에 한 번씩은 이런 일이 일어나요. 지구, 달, 태양이 나란히 서면 우리가 바라보는 쪽의 달은 태양 빛을 받지 못해서 어두워요. 그래서 우리 눈에 달이 보이지 않는데, 이런 때를 ‘그믐’이라고 해요.",
      "srcPage": 18,
      "srcSentenceEA": 4,
      "srcWordEA": 35,
      "character": "달,태양,지구",
      "setting": null,
      "action": "바라보는,나란히 서면,일어나요,받지 못해서,어두워요,보이지 않는데",
      "feeling": null,
      "causalRelationship": "지구 달 태양이 나란히 서면 우리가 바라보는 쪽의 달은 태양 빛을 받지 못해서 어두워요. 그래서 우리 눈에 달이 보이지 않는데, 이런 때를 그믐이라고 해요.",
      "outcomeResolution": null,
      "prediction": null,
      "plotSummaryInfoCount": 1,
      "plotSummaryInfo": {
        "classification": "자연탐구",
        "readAge": "초등_저학년",
        "form": "long-form",
        "plotSummaryText": "한 달에 한 번 지구, 달, 태양이 나란히 서면 우리가 바라보는 달은 태양의 빛을 받지 못해 어두워져 보이지 않는데, 이런 때를 그믐이라고 해요.",
        "textWordEA": 23
      }
    },
    {
      "srcTextID": "21160",
      "srcText": " 낮에는 달이 왜 안 보여요? 달은 스스로 빛을 내지 못하고, 태양의 빛을 반사할 뿐이야. 낮에는 태양 빛이 너무 강해서, 달이 빛을 받아 반사해도 그 빛이 약하기 때문에 잘 보이지 않아.",
      "srcPage": 19,
      "srcSentenceEA": 3,
      "srcWordEA": 33,
      "character": "달,태양",
      "setting": "낮",
      "action": "보여요,반사해도,잘 보이지 않아,내지 못하고,반사할 뿐이야,강해서,약하기 때문에",
      "feeling": null,
      "causalRelationship": "낮에는 태양 빛이 너무 강해서, 달이 빛을 받아 반사해도 그 빛이 약하기 때문에 잘 보이지 않아.",
      "outcomeResolution": null,
      "prediction": null,
      "plotSummaryInfoCount": 1,
      "plotSummaryInfo": {
        "classification": "자연탐구",
        "readAge": "초등_저학년",
        "form": "short-form",
        "plotSummaryText": "달은 스스로 빛을 내지 못해 태양의 빛을 반사할 뿐이며, 낮에는 태양이 너무 강해서 달이 빛을 받아 반사해도 잘 보이지 않아요.",
        "textWordEA": 20
      }
    },
    {
      "srcTextID": "21163",
      "srcText": "지구처럼 큰 물체(또는 천체)는 물체를 끌어당기는 힘을 가지고 있어. 이를 ‘중력’이라고 하는데, 달 역시 지구의 중력에 잡혀서 멀리 가지 못하고 빙글빙글 돌고 있지. 만약 지구의 중력이 조금만 더 강했으면 달이 지구에 와서 부딪혔을 것이고, 지구의 중력이 더 약했다면 달은 다른 곳으로 가 버렸을 거야. ",
      "srcPage": 22,
      "srcSentenceEA": 4,
      "srcWordEA": 47,
      "character": "달,지구",
      "setting": null,
      "action": "끌어당기는,잡혀서,돌고 있지,가지고 있어,멀리 가지 못하고,부딪혔을,가 버렸을거야",
      "feeling": null,
      "causalRelationship": null,
      "outcomeResolution": null,
      "prediction": null,
      "plotSummaryInfoCount": 1,
      "plotSummaryInfo": {
        "classification": "자연탐구",
        "readAge": "초등_저학년",
        "form": "long-form",
        "plotSummaryText": "지구는 달을 끌어당기는 중력을 가지고 있는데, 너무 강하지도 약하지도 않게 잡고 있어서 달이 지구와 부딪히거나 다른 곳으로 가 버리지 않고 빙글빙글 돌고 있는 거야.",
        "textWordEA": 24
      }
    },
    {
      "srcTextID": "21157",
      "srcText": "이때 달은 태양 빛을 온전하게 받아서 우리 눈에 쟁반처럼 동그란 달이 보이는 거예요. 그것이 바로 보름달이지요. 가끔은 둥근달의 반쪽만 보일 때가 있어요. ",
      "srcPage": 16,
      "srcSentenceEA": 3,
      "srcWordEA": 24,
      "character": "달,태양,눈,쟁반,보름달",
      "setting": null,
      "action": "보이는,받아서,동그란",
      "feeling": null,
      "causalRelationship": "달은 태양 빛을 온전하게 받아서 우리 눈에 쟁반처럼 동그란 달이 보이는 거예요.",
      "outcomeResolution": null,
      "prediction": null,
      "plotSummaryInfoCount": 1,
      "plotSummaryInfo": {
        "classification": "자연탐구",
        "readAge": "초등_저학년",
        "form": "short-form",
        "plotSummaryText": "달이 태양의 빛을 온전히 받으면 우리 눈에 동그란 보름달이 보이는 것이지요.",
        "textWordEA": 11
      }
    }
  ]
}