{
  "title": "헨젤과 그레텔, 마법의 방을 탈출하라!",
  "author": "정소영",
  "illustrator": "윤희재",
  "isbn": "9791165958633",
  "publishedYear": 2022,
  "publisher": "아람북스",
  "paragraphInfoCount": 16,
  "paragraphInfo": [
    {
      "srcTextID": "22329",
      "srcText": "헨젤과 그레텔은 파란 문을 열고 나왔어요. 그런데 동그라미, 세모, 네모가 그려진 문이 또 있었지요. “오빠, 이번에는 문이 세 개나 있어!” “걱정 마. 저기에 문제가 있어. 문제를 풀면, 이 방에서도 나갈 수 있을 거야.”",
      "srcPage": 6,
      "srcSentenceEA": 6,
      "srcWordEA": 36,
      "character": "헨젤,그레텔,오빠,문",
      "setting": "파란 문,방",
      "action": "열고,나왔어요,풀면,그려진,문제가 있어,나갈 수",
      "feeling": null,
      "causalRelationship": null,
      "outcomeResolution": null,
      "prediction": null,
      "plotSummaryInfoCount": 1,
      "plotSummaryInfo": {
        "classification": "자연탐구",
        "readAge": "초등_저학년",
        "form": "long-form",
        "plotSummaryText": "파란 문을 열고 나온 헨젤과 그레텔은 동그라미, 세모, 네모가 그려진 문을 만났고, 문제를 풀면, 이 방에서도 나갈 수 있을 거라 했습니다.",
        "textWordEA": 21
      }
    },
    {
      "srcTextID": "22330",
      "srcText": "“동그라미, 세모, 네모, 동그라미. 동그라미 다음에 뭐가 들어갈까?” 헨젤이 중얼거리자, 그레텔이 활짝 웃으며 말했어요. “알았다! 되풀이되는 모양에 답이 있어.”",
      "srcPage": 7,
      "srcSentenceEA": 4,
      "srcWordEA": 22,
      "character": "헨젤,그레텔",
      "setting": null,
      "action": "중얼거리자,말했어요",
      "feeling": "활짝 웃으며",
      "causalRelationship": null,
      "outcomeResolution": null,
      "prediction": null,
      "plotSummaryInfoCount": 1,
      "plotSummaryInfo": {
        "classification": "자연탐구",
        "readAge": "초등_저학년",
        "form": "long-form",
        "plotSummaryText": "헨젤이 다음에 무엇이 들어갈지 중얼거리자, 그레텔이 활짝 웃으며 되풀이되는 모양에 답이 있다고 말했습니다.",
        "textWordEA": 13
      }
    },
    {
      "srcTextID": "22338",
      "srcText": "“마녀님, 과자 집을 망가뜨려서 죄송해요.” “우리도 도와드릴게요.” 헨젤과 그레텔은 마녀와 함께 과자를 구웠어요. “과자가 먹고 싶으면 언제든지 놀러 오렴.” 마녀의 과자 집은 고소한 냄새로 가득했답니다.",
      "srcPage": 15,
      "srcSentenceEA": 5,
      "srcWordEA": 27,
      "character": "마녀,우리,헨젤,그레텔,과자",
      "setting": "과자 집",
      "action": "망가뜨려서,도와드릴게요,구웠어요",
      "feeling": "죄송해요",
      "causalRelationship": null,
      "outcomeResolution": null,
      "prediction": null,
      "plotSummaryInfoCount": 1,
      "plotSummaryInfo": {
        "classification": "자연탐구",
        "readAge": "초등_저학년",
        "form": "long-form",
        "plotSummaryText": "마녀에게 과자 집을 망가뜨려서 죄송하다고 사과한 헨젤과 그레텔은 마녀와 함께 과자를 구웠고, 과자가 먹고 싶으면 언제든지 놀러 오라고 말했습니다.",
        "textWordEA": 19
      }
    },
    {
      "srcTextID": "22326",
      "srcText": "마녀는 과자 집을 고치기 위해 밀가루와 설탕, 달걀을 사러 나갔어요. 마녀의 과자 집은 엄청나게 복잡했어요. 한번 갇히면 빠져나오기 힘들었지요. 가끔 마녀도 나가는 문을 찾지 못했어요. 그래서 문 주변에 힌트가 적혀 있는 문제를 만들어 두었지요.",
      "srcPage": 3,
      "srcSentenceEA": 5,
      "srcWordEA": 38,
      "character": "마녀,달걀,설탕,밀가루,문",
      "setting": "과자 집",
      "action": "고치기,사러 나갔어요,만들어",
      "feeling": null,
      "causalRelationship": null,
      "outcomeResolution": null,
      "prediction": null,
      "plotSummaryInfoCount": 1,
      "plotSummaryInfo": {
        "classification": "자연탐구",
        "readAge": "초등_저학년",
        "form": "long-form",
        "plotSummaryText": "마녀는 과자 집을 고치기 위해 밀가루와 설탕과 달걀을 사러 나갔고, 복잡한 집을 빠져나올 힌트를 문 주변에 만들어 두었습니다.",
        "textWordEA": 18
      }
    },
    {
      "srcTextID": "22327",
      "srcText": "헨젤과 그레텔이 마법의 방을 둘러보니 노란 문과 파란 문이 보였어요. “오빠, 어느 문이 나가는 문일까?” “그레텔, 여기 문제가 있어! 문제를 풀면, 어떤 문인지 알 수 있을 거야.” 문을 열 수 있는 기회는 하루에 한 번!",
      "srcPage": 4,
      "srcSentenceEA": 5,
      "srcWordEA": 37,
      "character": "헨젤,그레텔,오빠",
      "setting": "마법의 방,문",
      "action": "둘러보니,나가는,풀면,보였어요",
      "feeling": null,
      "causalRelationship": null,
      "outcomeResolution": null,
      "prediction": null,
      "plotSummaryInfoCount": 1,
      "plotSummaryInfo": {
        "classification": "자연탐구",
        "readAge": "초등_저학년",
        "form": "long-form",
        "plotSummaryText": "마법의 방을 둘러보니, 노란 문과 파란 문이 보였고, 헨젤과 그레텔은 문제를 풀어 나가는 문을 찾기로 했습니다.",
        "textWordEA": 16
      }
    },
    {
      "srcTextID": "22324",
      "srcText": "“꼬르륵꼬르륵!” 숲에서 길을 잃은 헨젤과 그레텔은 배가 고팠어요. 그런데 과자로 만든 집이 보였어요. 둘은 헐레벌떡 달려가 냠냠! 쩝쩝! 과자 집을 떼어먹었어요. 그런데 어쩌죠? 여기는.",
      "srcPage": 1,
      "srcSentenceEA": 7,
      "srcWordEA": 31,
      "character": "헨젤,그레텔",
      "setting": "숲에서,과자 집",
      "action": "길을 잃은,배가 고팠어요,만든,보였어요,달려가,먹었어요",
      "feeling": null,
      "causalRelationship": null,
      "outcomeResolution": null,
      "prediction": null,
      "plotSummaryInfoCount": 1,
      "plotSummaryInfo": {
        "classification": "자연탐구",
        "readAge": "초등_저학년",
        "form": "long-form",
        "plotSummaryText": "숲에서 길을 잃고 배가 고팠던 헨젤과 그레텔은 과자로 만든 집이 보이자, 헐레벌떡 달려가 과자 집을 떼어먹었습니다.",
        "textWordEA": 16
      }
    },
    {
      "srcTextID": "22336",
      "srcText": "“그레텔, 어서 도망치자!” “오빠, 집으로 돌아가기 전에 마녀의 과자 집을 고쳐 주고 싶어!” 마녀는 헨젤과 그레텔을 보고 깜짝 놀랐어요. “아니, 마법의 방을 어떻게 탈출했지?”",
      "srcPage": 14,
      "srcSentenceEA": 4,
      "srcWordEA": 25,
      "character": "그레텔,오빠,마녀,헨젤",
      "setting": "과자 집,마법의 방",
      "action": "도망치자,고쳐,보고,탈출했지",
      "feeling": "놀랐어요",
      "causalRelationship": null,
      "outcomeResolution": null,
      "prediction": null,
      "plotSummaryInfoCount": 1,
      "plotSummaryInfo": {
        "classification": "자연탐구",
        "readAge": "초등_저학년",
        "form": "long-form",
        "plotSummaryText": "헨젤은 어서 도망치자 하였으나 그레텔은 마녀의 과자 집을 고쳐 주고 싶다고 하였으며, 마녀는 마법의 방을 탈출한 헨젤과 그레텔을 보고 깜짝 놀랐습니다.",
        "textWordEA": 21
      }
    },
    {
      "srcTextID": "22331",
      "srcText": "그레텔이 세모가 그려진 문을 열자, 이번에는 문이 아홉 개나 있었어요. “오빠, 문이 더 많아졌어. 어떡해?” “그레텔, 이번에도 문제를 풀면 돼.” 헨젤은 바닥에서 문제를 찾았어요.",
      "srcPage": 8,
      "srcSentenceEA": 5,
      "srcWordEA": 26,
      "character": "그레텔,오빠,헨젤,문",
      "setting": "바닥에서",
      "action": "열자,풀면,찾았어요",
      "feeling": null,
      "causalRelationship": null,
      "outcomeResolution": null,
      "prediction": null,
      "plotSummaryInfoCount": 1,
      "plotSummaryInfo": {
        "classification": "자연탐구",
        "readAge": "초등_저학년",
        "form": "long-form",
        "plotSummaryText": "세모가 그려진 문을 열고 나오자 아홉 개의 문이 있었고, 헨젤은 그레텔에게 이번에도 문제를 풀면 된다고 말하며, 바닥에서 문제를 찾았습니다.",
        "textWordEA": 19
      }
    },
    {
      "srcTextID": "22334",
      "srcText": "“오빠, 이 쪽지는 뭐지?” 그레텔이 문 옆에 붙어 있는 쪽지를 떼었어요. “곰을 세 번 두드리라는데?” “곰? 곰이 없는데 어떻게 두드려? 그레텔, 쪽지를 다시 살펴보자!” 그레텔이 내민 쪽지를 본 헨젤이 소리쳤어요. “이건 곰이 아니야!”",
      "srcPage": 11,
      "srcSentenceEA": 7,
      "srcWordEA": 37,
      "character": "오빠,그레텔,헨젤,곰,쪽지",
      "setting": "문 옆",
      "action": "떼었어요,두드리라는데,살펴보자,내민,소리쳤어요",
      "feeling": null,
      "causalRelationship": null,
      "outcomeResolution": null,
      "prediction": null,
      "plotSummaryInfoCount": 1,
      "plotSummaryInfo": {
        "classification": "자연탐구",
        "readAge": "초등_저학년",
        "form": "long-form",
        "plotSummaryText": "문 옆에 붙어 있는 쪽지를 본 살펴보던 그레텔이 곰을 세 번 두드리라고 써 있다고 하자, 쪽지를 다시 살펴보던 헨젤이 이건 곰이 아니라고 소리쳤습니다.",
        "textWordEA": 23
      }
    },
    {
      "srcTextID": "22335",
      "srcText": "“하하, 쪽지를 거꾸로 돌려서 봐!” “쪽지를 거꾸로 돌려 보라고? 아하! 곰이 아니라 문이었어!” 그레텔은 문을 똑! 똑! 똑! 세 번 두드렸어요.",
      "srcPage": 12,
      "srcSentenceEA": 8,
      "srcWordEA": 27,
      "character": "쪽지,그레텔,곰",
      "setting": "문",
      "action": "돌려서,봐,두드렸어요",
      "feeling": null,
      "causalRelationship": null,
      "outcomeResolution": null,
      "prediction": null,
      "plotSummaryInfoCount": 1,
      "plotSummaryInfo": {
        "classification": "자연탐구",
        "readAge": "초등_저학년",
        "form": "long-form",
        "plotSummaryText": "쪽지를 거꾸로 돌려서 보니 곰이 아니라 문이라고 쓰여 있었고, 그레텔은 문을 세 번 두드렸습니다.",
        "textWordEA": 14
      }
    },
    {
      "srcTextID": "22333",
      "srcText": "헨젤과 그레텔이 5가 적힌 문을 열고 나오니, 구불구불한 복도가 보였어요. 둘은 손을 꼭 잡고 복도를 따라 걸었지요. “그레텔, 저기 문이 있어.” 헨젤이 문을 힘차게 밀어 보았어요. 하지만 문은 꼼짝도 하지 않았지요. “오빠, 문이 하나뿐인데도 열리지 않아. 어떡해?”",
      "srcPage": 10,
      "srcSentenceEA": 7,
      "srcWordEA": 41,
      "character": "헨젤,그레텔,오빠",
      "setting": "복도,문",
      "action": "열고,나오니,보였어요,잡고,걸었지요,밀어",
      "feeling": null,
      "causalRelationship": null,
      "outcomeResolution": null,
      "prediction": null,
      "plotSummaryInfoCount": 1,
      "plotSummaryInfo": {
        "classification": "자연탐구",
        "readAge": "초등_저학년",
        "form": "long-form",
        "plotSummaryText": "문을 열고 나온 헨젤과 그레텔은 손을 꼭 잡고 구불구불한 복도를 따라 걸었고, 하나뿐인 문을 밀었지만, 문은 꼼짝 하지 않았습니다.",
        "textWordEA": 19
      }
    },
    {
      "srcTextID": "22332",
      "srcText": "“1, 2, 3, 4! 수가 1씩 늘어나고 있어.” 헨젤이 말하자, 그레텔이 소리쳤어요. “오빠, 이번에도 내가 풀게! 4 다음 수는 나도 알아!” 그레텔이 씩씩하게 문 앞으로 걸어갔어요. 그레텔은 어떤 문을 열었을까요?",
      "srcPage": 9,
      "srcSentenceEA": 7,
      "srcWordEA": 35,
      "character": "헨젤,그레텔,오빠",
      "setting": "문 앞",
      "action": "말하자,소리쳤어요,풀게,걸어갔어요,열었을까요",
      "feeling": null,
      "causalRelationship": null,
      "outcomeResolution": null,
      "prediction": null,
      "plotSummaryInfoCount": 1,
      "plotSummaryInfo": {
        "classification": "자연탐구",
        "readAge": "초등_저학년",
        "form": "long-form",
        "plotSummaryText": "헨젤이 수가 1씩 늘어나고 있다고 말하자, 씩씩하게 문 앞으로 걸어간 그레텔은 이번에도 자신이 문제를 풀겠다고 말했습니다.",
        "textWordEA": 16
      }
    },
    {
      "srcTextID": "22337",
      "srcText": "철커덩! 문이 활짝 열렸어요. 드디어 헨젤과 그레텔은 마법의 방을 탈출했어요! 그리고 곧바로 마녀의 과자 집 밖으로 나왔지요. 그때 저 멀리 마녀가 보였어요.",
      "srcPage": 13,
      "srcSentenceEA": 4,
      "srcWordEA": 26,
      "character": "헨젤,그레텔,마녀",
      "setting": "문,마법의 방,과자 집 밖",
      "action": "탈출했어요,나왔지요,보였어요",
      "feeling": null,
      "causalRelationship": null,
      "outcomeResolution": null,
      "prediction": "그때 저 멀리 마녀가 보였어요.",
      "plotSummaryInfoCount": 1,
      "plotSummaryInfo": {
        "classification": "자연탐구",
        "readAge": "초등_저학년",
        "form": "long-form",
        "plotSummaryText": "헨젤과 그레텔이 마법의 방을 탈출해 과자 집 밖으로 나오자, 저 멀리 마녀가 보였습니다.",
        "textWordEA": 13
      }
    },
    {
      "srcTextID": "143657",
      "srcText": "\"오빠, 마법의 방에서 어떻게 탈출하지?\" \"그레텔, 걱정하지 마.\" \"헨젤과 그레텔! 내 과자 집에서 탈출하지 못할걸?\"",
      "srcPage": 16,
      "srcSentenceEA": 4,
      "srcWordEA": 16,
      "character": "오빠.그레텔,헨젤",
      "setting": "마법의 방,과자 집",
      "action": null,
      "feeling": "걱정하지 마",
      "causalRelationship": null,
      "outcomeResolution": null,
      "prediction": null,
      "plotSummaryInfoCount": 1,
      "plotSummaryInfo": {
        "classification": "자연탐구",
        "readAge": "초등_저학년",
        "form": "long-form",
        "plotSummaryText": "헨젤은 마섭의 성을 어떻게 탈출하냐고 물었고, 그레텔은 걱정하지 말라고 했습니다.",
        "textWordEA": 10
      }
    },
    {
      "srcTextID": "22325",
      "srcText": "마녀의 집이었어요! 외출하고 돌아온 마녀는 몹시 화가 났어요. “내 과자 집을 뜯어 먹다니! 예쁜 과자 집을 원래대로 만들어 놓기 전에 집으로 돌아갈 생각은 하지 않는 게 좋을 거야.” 마녀는 헨젤과 그레텔을 마법의 방에 가두어 버렸지요.",
      "srcPage": 2,
      "srcSentenceEA": 5,
      "srcWordEA": 38,
      "character": "마녀,헨젤,그레텔,집",
      "setting": "과자 집,마법의 방",
      "action": "돌아온,뜯어 먹다니,가두어",
      "feeling": "화가 났어요",
      "causalRelationship": null,
      "outcomeResolution": null,
      "prediction": null,
      "plotSummaryInfoCount": 1,
      "plotSummaryInfo": {
        "classification": "자연탐구",
        "readAge": "초등_저학년",
        "form": "long-form",
        "plotSummaryText": "외출에서 돌아온 마녀는 예쁜 과자 집을 뜯어 먹은 헨젤과 그레텔에게 화가 나서 집으로 돌아갈 생각은 하지 말라며 마법의 방에 가두어 버렸습니다.",
        "textWordEA": 21
      }
    },
    {
      "srcTextID": "22328",
      "srcText": "“노랑, 파랑. 노랑, 파랑, 파랑. 노랑, 파랑, 파랑, 파랑. 노랑 다음에 파랑이 하나씩 늘어나.” “오빠, 그럼 여기 빈칸은 뭐야?” “빈칸은 파랑! 그래! 나가는 문은 파란 문이야.”",
      "srcPage": 5,
      "srcSentenceEA": 8,
      "srcWordEA": 31,
      "character": "오빠,문",
      "setting": null,
      "action": "늘어나,나가는",
      "feeling": null,
      "causalRelationship": null,
      "outcomeResolution": null,
      "prediction": "나가는 문은 파란 문이야.",
      "plotSummaryInfoCount": 1,
      "plotSummaryInfo": {
        "classification": "자연탐구",
        "readAge": "초등_저학년",
        "form": "long-form",
        "plotSummaryText": "오빠에게 빈칸에 들어갈 색깔을 물어보니, 파란 문이 나가는 문이라고 대답했습니다.",
        "textWordEA": 10
      }
    }
  ]
}