{
  "title": "뿔소왕의 소원",
  "author": "조종순",
  "illustrator": "박수지",
  "isbn": "9791157595280",
  "publishedYear": 2016,
  "publisher": "아람북스",
  "paragraphInfoCount": 16,
  "paragraphInfo": [
    {
      "srcTextID": "126190",
      "srcText": "드디어 뿔소왕의 철갑옷이 완성되었어. 철갑옷은 반짝반짝 빛이 났고, 조금만 움직여도 찰칵찰칵 차르르 소리를 냈어. “하하하, 이 멋진 모습을 백성들과 이웃 나라 왕들에게 자랑해야겠다.” 뿔소왕은 철갑옷이 마음에 쏙 들었어.",
      "srcPage": 4,
      "srcSentenceEA": 4,
      "srcWordEA": 30,
      "character": "뿔소왕,철갑옷,백성,왕",
      "setting": "나라",
      "action": "움직여도",
      "feeling": "마음에 쏙 들었어",
      "causalRelationship": null,
      "outcomeResolution": null,
      "prediction": null,
      "plotSummaryInfoCount": 1,
      "plotSummaryInfo": {
        "classification": "자연탐구",
        "readAge": "초등_저학년",
        "form": "long-form",
        "plotSummaryText": "드디어 뿔소왕의 철갑옷이 완성되었고, 뿔소왕은 철갑옷이 마음에 쏙 들어 백성들과 이웃 나라 왕들에게 자랑해야겠다고 했습니다.",
        "textWordEA": 15
      }
    },
    {
      "srcTextID": "126195",
      "srcText": "“끼리왕, 아무래도 안 되겠소. 나와 함께 뿔소왕을 수레에 태웁시다.” “그렇게 합시다.” 마왕과 끼리왕이 함께 의자에 앉자 뿔소왕이 번쩍 들리는 게 아니겠어.",
      "srcPage": 9,
      "srcSentenceEA": 4,
      "srcWordEA": 23,
      "character": "끼리왕,뿔소왕,수레,마왕",
      "setting": null,
      "action": "태웁시다,앉자",
      "feeling": null,
      "causalRelationship": "마왕과 끼리왕이 함께 의자에 앉자 뿔소왕이 번쩍 들리는 게 아니겠어",
      "outcomeResolution": null,
      "prediction": null,
      "plotSummaryInfoCount": 1,
      "plotSummaryInfo": {
        "classification": "자연탐구",
        "readAge": "초등_저학년",
        "form": "long-form",
        "plotSummaryText": "그러나 마왕과 끼리왕이 함께 의자에 앉자 뿔소왕이 번쩍 들렸습니다.",
        "textWordEA": 9
      }
    },
    {
      "srcTextID": "126201",
      "srcText": "주위가 캄캄해져서야 뿔소왕은 신하들이 가 버렸다는 것을 깨달았어. “어이구, 철갑옷이 무거워서 꼼짝도 할 수 없네.” 뿔소왕은 어쩔 수 없이 혼자서 밤을 새야 했어. 바로 그때였어. 생쥐가 뿔소왕의 철갑옷 속에 쪼르르 숨어들었어. 잠시 후 수리부엉이가 생쥐를 잡으려고 맴돌았지만 뿔소왕이 버티고 있으니 어쩌겠어. 어쩔 수 없이 수리부엉이는 다른 곳으로 날아갔지. “임금님, 고맙습니다. 그런데 혼자서 왜 이런 곳에 계세요?” 뿔소왕은 생쥐에게 그동안 있었던 일을 말했어.",
      "srcPage": 15,
      "srcSentenceEA": 10,
      "srcWordEA": 69,
      "character": "뿔소왕,신하,철갑옷,생쥐,수리부엉이,임금님",
      "setting": null,
      "action": "가 버렸다는,숨어들었어,잡으려고,맴돌았지만,날아갔지,말했어",
      "feeling": "고맙습니다",
      "causalRelationship": "잠시 후 수리부엉이가 생쥐를 잡으려고 맴돌았지만 뿔소왕이 버티고 있으니 어쩌겠어. 어쩔 수 없이 수리부엉이는 다른 곳으로 날아갔지.",
      "outcomeResolution": null,
      "prediction": null,
      "plotSummaryInfoCount": 1,
      "plotSummaryInfo": {
        "classification": "자연탐구",
        "readAge": "초등_저학년",
        "form": "long-form",
        "plotSummaryText": "캄캄해져서야 뿔소왕은 신하들이 가 버렸다는 것을 깨달았는데, 무거운 철갑옷 때문에 꼼짝을 하지 못하고 혼자서 밤을 지새우려는 그때, 생쥐가 뿔소왕의 철갑옷 속에 숨어들었고 수리부엉이가 생쥐를 잡으려고 맴돌다 다른 곳으로 날아갔습니다.",
        "textWordEA": 29
      }
    },
    {
      "srcTextID": "126202",
      "srcText": "“임금님, 제가 철갑옷을 벗겨 드릴까요?” 생쥐는 철갑옷의 가죽 끈을 부지런히 갉았어. 한참 뒤 뿔소왕이 끙, 힘을 주자 철갑옷이 바닥에 떨어졌지. “후유, 이제야 살 것 같군. 생쥐야, 고맙다.” 뿔소왕은 가벼운 발걸음으로 산길을 내려왔어. 산꼭대기에는 철갑옷만 덩그러니 남아 있었어.",
      "srcPage": 16,
      "srcSentenceEA": 7,
      "srcWordEA": 42,
      "character": "임금님,철갑옷,생쥐,가죽 끈,뿔소왕",
      "setting": null,
      "action": "벗겨,갉았어,힘을 주자,떨어졌지,내려왔어",
      "feeling": "고맙다",
      "causalRelationship": null,
      "outcomeResolution": null,
      "prediction": null,
      "plotSummaryInfoCount": 1,
      "plotSummaryInfo": {
        "classification": "자연탐구",
        "readAge": "초등_저학년",
        "form": "long-form",
        "plotSummaryText": "생쥐는 임금님의 철갑옷을 벗겨 드린다며 가죽 끈을 부지런히 갉았고, 뿔소왕이 힘을 주자 철갑옷이 바닥에 떨어져 뿔소왕은 가벼운 발걸음으로 산길을 내려왔습니다.",
        "textWordEA": 20
      }
    },
    {
      "srcTextID": "126189",
      "srcText": "콧대 높은 나라 뿔소왕은 욕심쟁이야. 누가 좋은 물건을 가지면 자기는 더 좋은 물건을 가지려고 했지. 어느 날 철갑옷을 입은 기사가 다녀간 이후로 뿔소왕은 잠도 자지 못했어. 움직일 때마다 찰칵찰칵 소리를 내는 철갑옷이 너무나 갖고 싶었거든.",
      "srcPage": 1,
      "srcSentenceEA": 4,
      "srcWordEA": 38,
      "character": "뿔소왕,기사",
      "setting": "나라",
      "action": "가지려고,다녀간,자지 못했어,움직일",
      "feeling": null,
      "causalRelationship": "어느 날 철갑옷을 입은 기사가 다녀간 이후로 뿔소왕은 잠도 자지 못했어. 움직일 때마다 찰칵찰칵 소리를 내는 철갑옷이 너무나 갖고 싶었거든.",
      "outcomeResolution": null,
      "prediction": null,
      "plotSummaryInfoCount": 1,
      "plotSummaryInfo": {
        "classification": "자연탐구",
        "readAge": "초등_저학년",
        "form": "long-form",
        "plotSummaryText": "콧대 높은 나라 뿔소왕은 더 좋은 물건을 가지려고 하는 욕심쟁이로, 철갑옷을 입은 기사가 다녀간 이후로 철갑옷이 갖고 싶어 잠도 자지 못했습니다.",
        "textWordEA": 21
      }
    },
    {
      "srcTextID": "126187",
      "srcText": "“온 나라의 쇠를 모두 모아 가장 멋진 철갑옷을 만들어라.” 뿔소왕의 명령에 나라 전체가 들썩였어. 한쪽에서는 쇠를 나르고, 또 한쪽에서는 쇠를 두드리는 소리가 요란했지.",
      "srcPage": 2,
      "srcSentenceEA": 3,
      "srcWordEA": 25,
      "character": "뿔소왕,쇠,철갑옷",
      "setting": "나라",
      "action": "모아,만들어라,들썩였어,나르고,두드리는",
      "feeling": null,
      "causalRelationship": null,
      "outcomeResolution": null,
      "prediction": null,
      "plotSummaryInfoCount": 1,
      "plotSummaryInfo": {
        "classification": "자연탐구",
        "readAge": "초등_저학년",
        "form": "short-form",
        "plotSummaryText": "뿔소왕은 온 나라의 쇠를 모두 모아 가장 멋진 철갑옷을 만들라고 명령하였고, 나라 전체가 들썩였습니다.",
        "textWordEA": 14
      }
    },
    {
      "srcTextID": "126193",
      "srcText": "그때 하하 나라 마왕이 나섰어. “내가 뿔소왕보다 무겁지 않겠소? 내가 해 보겠소.” 마왕은 도르래의 의자에 냉큼 앉았어.",
      "srcPage": 7,
      "srcSentenceEA": 4,
      "srcWordEA": 19,
      "character": "마왕,뿔소왕,도르래,의자",
      "setting": "나라",
      "action": "나섰어,앉았어",
      "feeling": null,
      "causalRelationship": null,
      "outcomeResolution": null,
      "prediction": null,
      "plotSummaryInfoCount": 1,
      "plotSummaryInfo": {
        "classification": "자연탐구",
        "readAge": "초등_저학년",
        "form": "long-form",
        "plotSummaryText": "그때 하하 나라 마왕이 자기가 뿔소왕보다 무거우니 자기가 해 보겠다며 도르래의 의자에 냉큼 앉았습니다.",
        "textWordEA": 14
      }
    },
    {
      "srcTextID": "126196",
      "srcText": "마왕과 끼리왕이 철갑옷을 입은 뿔소왕보다 무거웠던 거야. 뿔소왕은 백성들에게 철갑옷을 자랑하려고 광장으로 나갔어. 광장에 모인 백성들은 철갑옷을 입은 뿔소왕을 보며 수군거렸지. “하하하, 왕이 쇳덩어리 옷을 입었네.” “정말, 괴물이 따로 없군.”",
      "srcPage": 10,
      "srcSentenceEA": 5,
      "srcWordEA": 32,
      "character": "마왕,끼리왕,철갑옷,뿔소왕,백성,괴물",
      "setting": "광장",
      "action": "나갔어,보며,수군거렸지,입었네",
      "feeling": null,
      "causalRelationship": null,
      "outcomeResolution": null,
      "prediction": null,
      "plotSummaryInfoCount": 1,
      "plotSummaryInfo": {
        "classification": "자연탐구",
        "readAge": "초등_저학년",
        "form": "long-form",
        "plotSummaryText": "뿔소왕은 철갑옷을 자랑하려고 광장으로 나갔는데, 광장에 모인 백성들은 쇳덩어리 옷을 입은 왕이 괴물같다고 수군거렸습니다.",
        "textWordEA": 14
      }
    },
    {
      "srcTextID": "126198",
      "srcText": "그때, 언덕에 있던 독수리가 뿔소왕 주위를 맴돌더니 더 높은 산등성이로 올라가 버렸어. 뿔소왕은 왜 언덕에 올라왔는지도 잊어버린 채 말했어. “나는 백성들보다 높은 곳에 있지만, 저 독수리보다는 낮은 곳에 있구나. 더 높이 올라가라. 독수리보다 더 높이!”",
      "srcPage": 12,
      "srcSentenceEA": 5,
      "srcWordEA": 38,
      "character": "독수리,뿔소왕",
      "setting": "언덕,산등성이",
      "action": "맴돌더니,올라가 버렸어,올라왔는지도,말했어",
      "feeling": null,
      "causalRelationship": null,
      "outcomeResolution": null,
      "prediction": null,
      "plotSummaryInfoCount": 1,
      "plotSummaryInfo": {
        "classification": "자연탐구",
        "readAge": "초등_저학년",
        "form": "long-form",
        "plotSummaryText": "그때, 언덕에 있던 독수리가 뿔소왕 주위를 맴돌다가 더 높은 산등성이로 올라가자, 뿔소왕은 독수리보다 더 높은 곳으로 올라가자고 했습니다.",
        "textWordEA": 18
      }
    },
    {
      "srcTextID": "126199",
      "srcText": "산꼭대기에 도착하자 신하들은 지쳐 버렸어. “우하하하, 이제 내가 독수리보다 높은 곳에 있구나.” 산꼭대기에 올라가서야 뿔소왕은 기분이 좋아졌어.",
      "srcPage": 13,
      "srcSentenceEA": 3,
      "srcWordEA": 18,
      "character": "신하,독수리,뿔소왕",
      "setting": "산꼭대기",
      "action": "도착하자",
      "feeling": "기분이 좋아졌어",
      "causalRelationship": null,
      "outcomeResolution": null,
      "prediction": null,
      "plotSummaryInfoCount": 1,
      "plotSummaryInfo": {
        "classification": "자연탐구",
        "readAge": "초등_저학년",
        "form": "short-form",
        "plotSummaryText": "산꼭대기에 도착하자 신하들은 지쳐 버렸는데 뿔소왕은 독수리보다 높은 곳에 있다고 기분이 좋아졌습니다.",
        "textWordEA": 12
      }
    },
    {
      "srcTextID": "126200",
      "srcText": "해가 지자, 신하들이 말했어. “임금님, 이제 그만 철갑옷을 벗고 내려가셔야 합니다.” “철갑옷을 벗으라고? 절대로 안 된다.” “비탈길이라서 위험합니다, 임금님!” “시끄럽다, 시끄러워. 에잇! 다들 물러가거라!” 신하들은 한참을 머뭇거리다가 슬금슬금 산을 내려갔어.",
      "srcPage": 14,
      "srcSentenceEA": 9,
      "srcWordEA": 34,
      "character": "신하,철갑옷,임금님",
      "setting": null,
      "action": "내려갔어,말했어,벗고",
      "feeling": null,
      "causalRelationship": null,
      "outcomeResolution": null,
      "prediction": null,
      "plotSummaryInfoCount": 1,
      "plotSummaryInfo": {
        "classification": "자연탐구",
        "readAge": "초등_저학년",
        "form": "long-form",
        "plotSummaryText": "해가 지자, 비탈길이라서 위험하니 철갑옷을 벗고 내려가자는 신하들에게 철갑옷을 벗는 것은 절대로 안된다며 다들 물러가라고 했습니다.",
        "textWordEA": 16
      }
    },
    {
      "srcTextID": "126188",
      "srcText": "“임금님, 정말로 멋진 철갑옷입니다.” “아니, 아니. 이건 너무 평범하지 않느냐? 철갑옷을 더 크고, 더 화려하게 만들어라!” 뿔소왕은 큰 소리로 명령했어.",
      "srcPage": 3,
      "srcSentenceEA": 5,
      "srcWordEA": 23,
      "character": "임금님,철갑옷,뿔소왕",
      "setting": null,
      "action": "만들어라,명령했어",
      "feeling": null,
      "causalRelationship": null,
      "outcomeResolution": null,
      "prediction": null,
      "plotSummaryInfoCount": 1,
      "plotSummaryInfo": {
        "classification": "자연탐구",
        "readAge": "초등_저학년",
        "form": "long-form",
        "plotSummaryText": "정말 멋진 철갑옷을 만들어드렸지만, 뿔소왕은 너무 평범하니 더 크고 화려한 철갑옷을 만들라고 큰소리로 명령했습니다.",
        "textWordEA": 14
      }
    },
    {
      "srcTextID": "126192",
      "srcText": "콧대 높은 나라에 온 하하 나라 마왕과 코 나라 끼리왕은 철갑옷을 보자 눈이 휘둥그레졌어. “내 갑옷이 어떻습니까? 하하하.” 뿔소왕은 이웃 나라 왕들을 맞이하려고 몸을 움직였지만 철갑옷이 너무나 무거워 꼼짝도 할 수 없었지.",
      "srcPage": 5,
      "srcSentenceEA": 4,
      "srcWordEA": 34,
      "character": "마왕,끼리왕,철갑옷,뿔소왕",
      "setting": "나라",
      "action": "보자,움직였지만",
      "feeling": "눈이 휘둥그레졌어",
      "causalRelationship": null,
      "outcomeResolution": null,
      "prediction": null,
      "plotSummaryInfoCount": 1,
      "plotSummaryInfo": {
        "classification": "자연탐구",
        "readAge": "초등_저학년",
        "form": "long-form",
        "plotSummaryText": "콧대 높은 나라에 온 하하 나라 마왕과 코 나라 끼리왕은 철갑옷을 보자 눈이 휘둥그레졌는데, 뿔소왕은 철갑옷이 너무나 무거워 몸을 움직일 수 없었습니다.",
        "textWordEA": 22
      }
    },
    {
      "srcTextID": "126191",
      "srcText": "신하들은 뿔소왕을 수레에 태우기 위해 도르래를 가져왔어. 도르래의 한쪽 끝을 뿔소왕의 의자에 묶었지. 신하들은 도르래의 다른 한쪽에 매달렸지만 뿔소왕은 꿈쩍도 안 했어. 신하들보다 뿔소왕이 훨씬 무거웠거든.",
      "srcPage": 6,
      "srcSentenceEA": 4,
      "srcWordEA": 29,
      "character": "신하,뿔소왕,수레,도르래,의자",
      "setting": null,
      "action": "묶었지,매달렸지만,가져왔어",
      "feeling": null,
      "causalRelationship": "신하들은 뿔소왕을 수레에 태우기 위해 도르래를 가져왔어,신하들은 도르래의 다른 한쪽에 매달렸지만 뿔소왕은 꿈쩍도 안 했어. 신하들보다 뿔소왕이 훨씬 무거웠거든.",
      "outcomeResolution": null,
      "prediction": null,
      "plotSummaryInfoCount": 1,
      "plotSummaryInfo": {
        "classification": "자연탐구",
        "readAge": "초등_저학년",
        "form": "long-form",
        "plotSummaryText": "신하들은 뿔소왕을 수레에 태우기 위해 도르래를 가져와서는 한쪽 끝은 뿔소왕, 다른 한쪽은 신하들이 매달렸지만 훨씬 무거운 뿔소왕은 꿈쩍도 안 했습니다.",
        "textWordEA": 20
      }
    },
    {
      "srcTextID": "126194",
      "srcText": "하지만 뿔소왕은 꼼짝도 안 했지. 철갑옷을 입은 뿔소왕은 마왕보다 무거웠어. “마왕보다 내가 더 무거우니 한번 해 보지.” 끼리왕이 큰소리를 치며 의자에 앉았지만 뿔소왕은 조금 움직이다가 말았어. 철갑옷을 입은 뿔소왕은 끼리왕보다도 무거웠어.",
      "srcPage": 8,
      "srcSentenceEA": 5,
      "srcWordEA": 34,
      "character": "뿔소왕,철갑옷,마왕,끼리왕",
      "setting": null,
      "action": "큰소리를 치며,앉았지만,움직이다가 말았어",
      "feeling": null,
      "causalRelationship": null,
      "outcomeResolution": null,
      "prediction": null,
      "plotSummaryInfoCount": 1,
      "plotSummaryInfo": {
        "classification": "자연탐구",
        "readAge": "초등_저학년",
        "form": "long-form",
        "plotSummaryText": "철갑옷을 입은 뿔소왕은 마왕보다 무거웠고 끼리왕보다도 무거워서 뿔소왕은 조금 움직이다 말았습니다.",
        "textWordEA": 11
      }
    },
    {
      "srcTextID": "126197",
      "srcText": "하지만 뿔소왕은 백성들이 자기를 칭찬하는 줄로 착각했어. “백성 모두가 볼 수 있게 높은 언덕으로 올라가자!” 신하들은 뿔소왕을 태운 수레를 끌고 언덕까지 올라갔어.",
      "srcPage": 11,
      "srcSentenceEA": 3,
      "srcWordEA": 23,
      "character": "뿔소왕,백성,신하,수레",
      "setting": "언덕",
      "action": "올라갔어,끌고",
      "feeling": null,
      "causalRelationship": null,
      "outcomeResolution": null,
      "prediction": null,
      "plotSummaryInfoCount": 1,
      "plotSummaryInfo": {
        "classification": "자연탐구",
        "readAge": "초등_저학년",
        "form": "short-form",
        "plotSummaryText": "하지만 뿔소왕은 백성들이 자기를 칭찬하는 줄로 착각하여 백성 모두가 볼 수 있게 높은 언덕으로 올라가자고 했습니다.",
        "textWordEA": 16
      }
    }
  ]
}