{
  "title": "사육사를 구합니다! ",
  "author": "이지원",
  "illustrator": "그림작가정보없음",
  "isbn": "9791157594573",
  "publishedYear": 2016,
  "publisher": "아람북스",
  "paragraphInfoCount": 19,
  "paragraphInfo": [
    {
      "srcTextID": "144080",
      "srcText": "길을 걷던 누기 씨 앞에 종이 한 장이 펄럭. 누기 씨는 얼른 종이를 주웠어. “동물원에서 사육사를 구한다고? 재미있겠는데?”",
      "srcPage": 1,
      "srcSentenceEA": 4,
      "srcWordEA": 20,
      "character": "누기 씨,사육사,종이 한 장",
      "setting": "동물원,길",
      "action": "걷던,주웠어,구한다고",
      "feeling": "재미있겠는데",
      "causalRelationship": null,
      "outcomeResolution": null,
      "prediction": null,
      "plotSummaryInfoCount": 1,
      "plotSummaryInfo": {
        "classification": "자연탐구",
        "readAge": "초등_저학년",
        "form": "long-form",
        "plotSummaryText": "길을 걷던 누기 씨 앞에 종이 한 장이 떨어져 주워서 보았더니 동물원에서 사육사를 구한다는 내용이었습니다.",
        "textWordEA": 15
      }
    },
    {
      "srcTextID": "144086",
      "srcText": "누기 씨는 정신을 바짝 차리고 고릴라 우리로 들어갔어. 땀을 뻘뻘 흘리며 수박을 둘로 똑같이 나누어 주었지. “자, 반으로 똑같이 나누었으니 한 조각씩 먹으면 돼요.”",
      "srcPage": 6,
      "srcSentenceEA": 3,
      "srcWordEA": 25,
      "character": "누기 씨,땀,수박",
      "setting": "고릴라 우리",
      "action": "들어갔어,땀을 뻘뻘 흘리며,똑같이 나누어 주었지,먹으면 돼요",
      "feeling": "정신을 바짝 차리고",
      "causalRelationship": null,
      "outcomeResolution": null,
      "prediction": null,
      "plotSummaryInfoCount": 1,
      "plotSummaryInfo": {
        "classification": "자연탐구",
        "readAge": "초등_저학년",
        "form": "short-form",
        "plotSummaryText": "정신을 바짝 차리고 고릴라 우리로 들어간 누기 씨는 땀을 뻘뻘 흘리며 수박을 둘로 똑같이 나누어 주면서 한 조각씩 먹으면 된다고 말했습니다.",
        "textWordEA": 21
      }
    },
    {
      "srcTextID": "144089",
      "srcText": "누기 씨는 살금살금 하마 우리로 들어갔어. 하마들이 꽉 물고 있던 헝겊을 조심조심 빼서 셋으로 똑같이 나누었어. “이제 하나씩 가져가서 마음껏 몸에 두르세요.”",
      "srcPage": 10,
      "srcSentenceEA": 3,
      "srcWordEA": 23,
      "character": "누기 씨,하마들,몸,헝겊",
      "setting": "하마 우리",
      "action": "들어갔어,나누었어,꽉 물고 있던,조심조심 빼서,가져가서,몸에 두르세요,살금살금",
      "feeling": null,
      "causalRelationship": null,
      "outcomeResolution": null,
      "prediction": null,
      "plotSummaryInfoCount": 1,
      "plotSummaryInfo": {
        "classification": "자연탐구",
        "readAge": "초등_저학년",
        "form": "short-form",
        "plotSummaryText": "하마 우리로 들어간 누기 씨는 하마들이 꽉 물고 있던 헝겊을 조심조심 빼고 똑같이 나누면서 이제 하나씩 가져가 마음껏 몸에 두르라고 말했습니다.",
        "textWordEA": 21
      }
    },
    {
      "srcTextID": "144098",
      "srcText": "누기 씨는 동물원 냉장고에 있는 얼음들을 박박 긁어모아서 얼음 풀장을 만들었어. “안경 펭귄 씨, 동물답지 못하게 울기는 왜 웁니까? 뚝!” 누기 씨의 말에 울음을 뚝 그친 안경 펭귄은 언제 울었냐는 듯 다시 잘난 척을 했어. “당신, 정말 제법이군요. 이게 다 내가 사육사를 잘 뽑았기 때문이에요.”",
      "srcPage": 19,
      "srcSentenceEA": 6,
      "srcWordEA": 48,
      "character": "누기 씨,안경 펭귄,사육사,냉장고,얼음들,동물",
      "setting": "동물원,얼음 풀장",
      "action": "박박 긁어모아서,만들었어,울음을 뚝 그친,잘난 척을 했어",
      "feeling": null,
      "causalRelationship": "당신, 정말 제법이군요. 이게 다 내가 사육사를 잘 뽑았기 때문이에요.",
      "outcomeResolution": null,
      "prediction": null,
      "plotSummaryInfoCount": 1,
      "plotSummaryInfo": {
        "classification": "자연탐구",
        "readAge": "초등_저학년",
        "form": "long-form",
        "plotSummaryText": "동물원 냉장고에 있는 얼음들을 긁어모아서 얼음 풀장을 만든 누기 씨가 안경 펭귄 씨에게 동물답지 못하게 왜 우냐고 하자 울음을 그친 안경 펭귄은 다시 잘난 척을 하며 이게 다 자신이 사육사를 잘 뽑았기 때문이라고 말했습니다.",
        "textWordEA": 34
      }
    },
    {
      "srcTextID": "144085",
      "srcText": "고릴라들은 사이좋게 수박을 하나씩 들고는 우적우적, 수박씨를 퉤퉤퉤. 안경 펭귄이 안경을 올리며 말했어. “*제법인데요! 아직 끝나지 않았으니, 따라오세요.”",
      "srcPage": 7,
      "srcSentenceEA": 3,
      "srcWordEA": 20,
      "character": "고릴라들,안경 펭귄,수박,수박씨",
      "setting": null,
      "action": "안경을 올리며 말했어,하나씩 들고는,끝나지 않았으니,따라오세요,우적우적,퉤퉤퉤",
      "feeling": "사이좋게",
      "causalRelationship": null,
      "outcomeResolution": null,
      "prediction": null,
      "plotSummaryInfoCount": 1,
      "plotSummaryInfo": {
        "classification": "자연탐구",
        "readAge": "초등_저학년",
        "form": "short-form",
        "plotSummaryText": "고릴라들이 수박을 하나씩 들고 우적우적, 수박씨를 퉤퉤퉤 했더니 안경 펭귄이 안경을 올리며 아직 끝나지 않았으니, 따라오라고 말했습니다.",
        "textWordEA": 17
      }
    },
    {
      "srcTextID": "144088",
      "srcText": "뒤뚱뒤뚱 안경 펭귄을 따라간 곳은 하마 우리였어. 하마 세 마리가 커다란 헝겊을 잡아당기며 싸우고 있었지. “내 거야, 이리 내놔.” ",
      "srcPage": 8,
      "srcSentenceEA": 3,
      "srcWordEA": 20,
      "character": "안경 펭귄,하마,헝겊",
      "setting": "하마 우리",
      "action": "잡아당기며,싸우고 있었지,따라간,내놔",
      "feeling": null,
      "causalRelationship": null,
      "outcomeResolution": null,
      "prediction": null,
      "plotSummaryInfoCount": 1,
      "plotSummaryInfo": {
        "classification": "자연탐구",
        "readAge": "초등_저학년",
        "form": "short-form",
        "plotSummaryText": "안경 펭귄을 따라간 하마 우리에서는 하마 세 마리가 커다란 헝겊을 잡아당기며 싸우고 있었습니다.",
        "textWordEA": 13
      }
    },
    {
      "srcTextID": "144091",
      "srcText": "그때 동물원의 시계탑이 두 시를 가리켰어. “어이쿠, 얼음이 도착할 시간이군요.” 안경 펭귄이 뒤뚱뒤뚱 펭귄 우리로 향했어. 우리 앞에는 커다란 얼음덩어리가 놓여 있었어. 누기 씨가 안경 펭귄에게 물었어. “저, 이 얼음덩어리도 나누어야 하나요?” 그 말에 펭귄들이 누기 씨를 쳐다보았어. “얼음을 나눈다고요?” “그거 좋은 생각이네요!”",
      "srcPage": 12,
      "srcSentenceEA": 9,
      "srcWordEA": 47,
      "character": "시계탑,안경 펭귄,누기 씨,펭귄들,얼음덩어리",
      "setting": "그때 동물원의 시계탑이 두 시를 가리켰어,펭귄 우리,놓여",
      "action": "향했어,물었어,도착할,나누어야 하나요,쳐다보았어",
      "feeling": "좋은 생각",
      "causalRelationship": null,
      "outcomeResolution": null,
      "prediction": null,
      "plotSummaryInfoCount": 1,
      "plotSummaryInfo": {
        "classification": "자연탐구",
        "readAge": "초등_저학년",
        "form": "long-form",
        "plotSummaryText": "동물원의 시계탑이 두 시를 가리키자, 안경 펭귄이 펭귄 우리로 향했는데 우리 앞에 놓여있는 커다란 얼음덩어리를 보고 누기씨는 그것도 나누어야 하는지 물었더니 그는 좋은 생각이라고 말했습니다.",
        "textWordEA": 25
      }
    },
    {
      "srcTextID": "144095",
      "srcText": "안경 펭귄이 누기 씨의 말을 자르고 물었어. “모든 펭귄이 얼음을 한 조각씩 가질 수 있게 여덟 조각으로 나눌 수 있을까요?” 누기 씨가 한숨을 쉬며 말했어. “그럼요, 두 번 나누면 넷이 되고, 다시 두 번 더 나누면 여덟 조각이 되지요.”",
      "srcPage": 17,
      "srcSentenceEA": 4,
      "srcWordEA": 40,
      "character": "안경 펭귄,누기 씨,얼음,펭귄",
      "setting": null,
      "action": "말을 자르고,물었어,한숨을 쉬며 말했어,가질 수 있게,나눌 수 있을까요,나누면,더 나누면,되지요",
      "feeling": null,
      "causalRelationship": null,
      "outcomeResolution": null,
      "prediction": null,
      "plotSummaryInfoCount": 1,
      "plotSummaryInfo": {
        "classification": "자연탐구",
        "readAge": "초등_저학년",
        "form": "long-form",
        "plotSummaryText": "안경 펭귄이 누기 씨의 말을 자르고 모든 펭귄이 얼음을 한 조각씩 가질 수 있게 여덟 조각으로 나눌 수 있을지 물어서 그는 한숨을 쉬며 된다고 말했습니다.",
        "textWordEA": 25
      }
    },
    {
      "srcTextID": "144094",
      "srcText": "펭귄들이 다시 머리를 맞대고 속닥속닥, 쑥덕쑥덕. 안경 펭귄이 다시 누기 씨에게 물었어. “그럼, 네 조각으로도 나눌 수 있나요?” “물론이지요, 반으로 나누고, 다시 반으로 나누면 네 조각이 되지요.”",
      "srcPage": 15,
      "srcSentenceEA": 4,
      "srcWordEA": 28,
      "character": "펭귄들,안경 펭귄,누기 씨,머리",
      "setting": null,
      "action": "물었어,맞대고,속닥속닥,쑥덕쑥덕,나누고",
      "feeling": null,
      "causalRelationship": null,
      "outcomeResolution": null,
      "prediction": null,
      "plotSummaryInfoCount": 1,
      "plotSummaryInfo": {
        "classification": "자연탐구",
        "readAge": "초등_저학년",
        "form": "long-form",
        "plotSummaryText": "펭귄들이 다시 머리를 맞대고 속닥속닥 거리더니 안경 펭귄이 누기 씨에게 네 조각으로도 나눌 수 있는지 물어서, 반으로 나누고, 다시 반으로 나누면 네 조각이 된다고 말했습니다.",
        "textWordEA": 25
      }
    },
    {
      "srcTextID": "144096",
      "srcText": "얼음이 녹아내리는 걸 아는지 모르는지 펭귄들은 또 회의를 했어. 누기 씨는 펭귄들을 불렀어. “저, 얼음이 점점 녹고 있.”",
      "srcPage": 16,
      "srcSentenceEA": 3,
      "srcWordEA": 19,
      "character": "펭귄들,누기 씨",
      "setting": null,
      "action": "회의를 했어,불렀어,녹아내리는,아는지 모르는지",
      "feeling": null,
      "causalRelationship": null,
      "outcomeResolution": null,
      "prediction": null,
      "plotSummaryInfoCount": 1,
      "plotSummaryInfo": {
        "classification": "자연탐구",
        "readAge": "초등_저학년",
        "form": "short-form",
        "plotSummaryText": "얼음이 녹아내리는 걸 아는지 모르는지 또 회의를 하자 누기 씨는 펭귄들을 불렀습니다.",
        "textWordEA": 12
      }
    },
    {
      "srcTextID": "144097",
      "srcText": "누기 씨의 말에 펭귄들은 신이 나서 뒤뚱뒤뚱 아장아장 이상한 춤을 추었어. 갑자기 안경 펭귄이 소리쳤어. “잠깐! 여기 있던 얼음이 어디 갔지?” “땡볕에 얼음을 놔두니 다 녹아 버렸잖아요.” 누기 씨의 말에 펭귄들은 우왕좌왕 털썩털썩. 펭귄들은 그만 엉엉 울기 시작했어. “으앙, 내 얼음! 얼음 내놔, 얼음!” ",
      "srcPage": 18,
      "srcSentenceEA": 8,
      "srcWordEA": 49,
      "character": "누기 씨,펭귄들,안경 펭귄,얼음",
      "setting": null,
      "action": "춤을 추었어,소리쳤어,엉엉 울기 시작했어,어디 갔지,놔두니,녹아 버렸잖아요,우왕좌왕,털썩털썩,내놔",
      "feeling": "신이 나서,이상한",
      "causalRelationship": "땡볕에 얼음을 놔두니 다 녹아 버렸잖아요.",
      "outcomeResolution": null,
      "prediction": null,
      "plotSummaryInfoCount": 1,
      "plotSummaryInfo": {
        "classification": "자연탐구",
        "readAge": "초등_저학년",
        "form": "long-form",
        "plotSummaryText": "펭귄들은 신이 나서 이상한 춤을 추었는데 갑자기 안경 펭귄이 얼음이 어디 갔냐고 말해서 땡볕에 놔두어 다 녹았다는 누기 씨의 말에 그들은 우왕좌왕 거리더니 울기 시작했습니다.",
        "textWordEA": 25
      }
    },
    {
      "srcTextID": "144081",
      "srcText": "“사육사가 되고 싶나요?” “네, 저는 청소도 잘하고, 빨래도 잘하고.” “다 필요 없고, 딱 하나만 잘하면 돼요. 따라오세요.”",
      "srcPage": 3,
      "srcSentenceEA": 4,
      "srcWordEA": 18,
      "character": "사육사,청소,빨래",
      "setting": null,
      "action": "따라오세요,잘하면 돼요,잘하고",
      "feeling": "되고 싶나요",
      "causalRelationship": null,
      "outcomeResolution": null,
      "prediction": "다 필요 없고, 딱 하나만 잘하면 돼요.",
      "plotSummaryInfoCount": 1,
      "plotSummaryInfo": {
        "classification": "자연탐구",
        "readAge": "초등_저학년",
        "form": "long-form",
        "plotSummaryText": "청소도 잘하고, 빨래도 잘한다고 말했더니 사육사는 다 필요 없고 하나만 잘하면 된다며 따라오라고 했습니다.",
        "textWordEA": 14
      }
    },
    {
      "srcTextID": "144083",
      "srcText": "뒤뚱뒤뚱 안경 펭귄을 따라간 곳은 고릴라 우리였어. 고릴라 두 마리가 커다란 수박을 놓고 씩씩거리고 있었지. “내가 먹을 거야!” “누구 맘대로!”",
      "srcPage": 4,
      "srcSentenceEA": 4,
      "srcWordEA": 21,
      "character": "안경 펭귄,고릴라,수박",
      "setting": "고릴라 우리",
      "action": "따라간,놓고,먹을 거야",
      "feeling": "씩씩거리고 있었지",
      "causalRelationship": null,
      "outcomeResolution": null,
      "prediction": null,
      "plotSummaryInfoCount": 1,
      "plotSummaryInfo": {
        "classification": "자연탐구",
        "readAge": "초등_저학년",
        "form": "long-form",
        "plotSummaryText": "안경 펭귄을 따라간 고릴라 우리에는 고릴라 두 마리가 수박을 놓고 서로 먹으려고 씩씩거리고 있었습니다.",
        "textWordEA": 14
      }
    },
    {
      "srcTextID": "144084",
      "srcText": "안경 펭귄이 혀를 차며 말했어. “쯧쯧, 서로 먹겠다고 저런다니까요. 동물답지 못하게 말이죠. 당신이 저 수박을 고릴라 두 마리가 똑같이 먹을 수 있게 도와주세요.”",
      "srcPage": 5,
      "srcSentenceEA": 4,
      "srcWordEA": 25,
      "character": "안경 펭귄,고릴라,수박,동물",
      "setting": null,
      "action": "혀를 차며 말했어,먹을 수 있게 도와주세요,서로 먹겠다고",
      "feeling": null,
      "causalRelationship": null,
      "outcomeResolution": null,
      "prediction": null,
      "plotSummaryInfoCount": 1,
      "plotSummaryInfo": {
        "classification": "자연탐구",
        "readAge": "초등_저학년",
        "form": "long-form",
        "plotSummaryText": "안경 펭귄이 혀를 차며 동물답지 못하게 서로 먹겠다고 저런다고 하면서 수박을 고릴라 두 마리가 똑같이 먹을 수 있게 도와주라고 말했습니다.",
        "textWordEA": 20
      }
    },
    {
      "srcTextID": "144087",
      "srcText": "“무슨 소리, 내 거야.” “내가 먼저 잡았어. 이거 놔.” 안경 펭귄이 머리를 절레절레 흔들며 말했어. “서로 헝겊을 가지겠다고 다투고 있어요. 동물답지 못하게 말이죠. 어서 하마들을 도와주세요.”",
      "srcPage": 9,
      "srcSentenceEA": 7,
      "srcWordEA": 30,
      "character": "안경 펭귄,헝겊,하마들,머리,동물",
      "setting": null,
      "action": "절레절레 흔들며,말했어,다투고 있어요,가지겠다고,도와주세요,잡았어,놔",
      "feeling": null,
      "causalRelationship": null,
      "outcomeResolution": null,
      "prediction": null,
      "plotSummaryInfoCount": 1,
      "plotSummaryInfo": {
        "classification": "자연탐구",
        "readAge": "초등_저학년",
        "form": "long-form",
        "plotSummaryText": "안경 펭귄이 머리를 절레절레 흔들며 동물답지 못하게 서로 헝겊을 가지겠다고 다투고 있으니 어서 하마들을 도와주라고 말했습니다.",
        "textWordEA": 16
      }
    },
    {
      "srcTextID": "144090",
      "srcText": "하마들은 기분이 좋아서 빙글빙글 춤을 추며 머리에, 목에, 엉덩이에 헝겊을 둘렀어. 안경 펭귄이 안경을 올리며 말했어. “당신, 제법이네요!”",
      "srcPage": 11,
      "srcSentenceEA": 3,
      "srcWordEA": 19,
      "character": "하마들,안경 펭귄,머리,목,엉덩이,헝겊,안경",
      "setting": null,
      "action": "춤을 추며,둘렀어,안경을 올리며,말했어",
      "feeling": "기분이 좋아서,제법이네요",
      "causalRelationship": null,
      "outcomeResolution": null,
      "prediction": null,
      "plotSummaryInfoCount": 1,
      "plotSummaryInfo": {
        "classification": "자연탐구",
        "readAge": "초등_저학년",
        "form": "short-form",
        "plotSummaryText": "하마들이 기분이 좋아서 춤을 추며 머리, 목, 엉덩이에 헝겊을 두르자, 안경 펭귄이 안경을 올리며 제법이라고 말했습니다.",
        "textWordEA": 16
      }
    },
    {
      "srcTextID": "144093",
      "srcText": "펭귄들은 머리를 맞대고 회의를 했어. 쏙닥쏙닥, 쑥덕쑥덕. 안경 펭귄이 누기 씨에게 말했어. “우리는 얼음덩어리를 물에도 넣고, 땅에도 두고 싶어요.",
      "srcPage": 13,
      "srcSentenceEA": 4,
      "srcWordEA": 21,
      "character": "펭귄들,안경 펭귄,누기 씨,얼음덩어리,머리",
      "setting": "물,땅",
      "action": "맞대고,회의를 했어,말했어,넣고,두고",
      "feeling": null,
      "causalRelationship": null,
      "outcomeResolution": null,
      "prediction": null,
      "plotSummaryInfoCount": 1,
      "plotSummaryInfo": {
        "classification": "자연탐구",
        "readAge": "초등_저학년",
        "form": "long-form",
        "plotSummaryText": "펭귄들이 머리를 맞대고 회의를 한 다음 안경 펭귄이 누기 씨에게 얼음덩어리를 물에도 넣고, 땅에도 두고 싶다고 말했습니다.",
        "textWordEA": 17
      }
    },
    {
      "srcTextID": "144092",
      "srcText": "얼음덩어리를 둘로 똑같이 나눌 수 있을까요?” “그럼요, 딱 절반 되는 곳을 자르면 되죠.” 누기 씨는 얼른 얼음을 나눠야겠다고 생각했어. 한여름 햇볕에 얼음이 녹고 있었거든.",
      "srcPage": 14,
      "srcSentenceEA": 4,
      "srcWordEA": 26,
      "character": "얼음덩어리,누기 씨,햇볕",
      "setting": "한여름",
      "action": "생각했어,똑같이 나눌 수 있을까요,자르면,녹고 있었거든",
      "feeling": null,
      "causalRelationship": "얼른 얼음을 나눠야겠다고 생각했어. 한여름 햇볕에 얼음이 녹고 있었거든.",
      "outcomeResolution": null,
      "prediction": null,
      "plotSummaryInfoCount": 1,
      "plotSummaryInfo": {
        "classification": "자연탐구",
        "readAge": "초등_저학년",
        "form": "long-form",
        "plotSummaryText": "얼음덩어리를 둘로 똑같이 나눌 수 있냐는 물음에 누기 씨는 절반 되는 곳을 자르면 된다고 말하고 한여름 햇볕에 얼음이 녹고 있어서 얼른 나눠야겠다고 생각했습니다.",
        "textWordEA": 23
      }
    },
    {
      "srcTextID": "144082",
      "srcText": "달달 동물원 다음 날, 누기 씨가 펭귄 우리로 찾아갔더니 안경을 쓴 펭귄이 꾸벅꾸벅 졸고 있었어. “저, 사육사를 구한다고 해서 왔습니다.” 잠에서 깬 안경 펭귄이 뒤뚱뒤뚱 다가왔어.",
      "srcPage": 2,
      "srcSentenceEA": 3,
      "srcWordEA": 27,
      "character": "누기 씨,사육사,안경 펭귄",
      "setting": "달달 동물원 다음 날,펭귄 우리",
      "action": "찾아갔더니,쓴,꾸벅꾸벅 졸고 있었어,잠에서 깬,뒤뚱뒤뚱 다가왔어,구한다고 해서 왔습니다",
      "feeling": null,
      "causalRelationship": null,
      "outcomeResolution": null,
      "prediction": null,
      "plotSummaryInfoCount": 1,
      "plotSummaryInfo": {
        "classification": "자연탐구",
        "readAge": "초등_저학년",
        "form": "short-form",
        "plotSummaryText": "다음 날, 누기 씨가 찾아간 달달 동물원의 펭귄 우리에 졸고 있는 안경 쓴 펭귄에게 사육사를 구한다고 해서 왔다고 말했습니다.",
        "textWordEA": 19
      }
    }
  ]
}