{
  "title": "어, 무슨 소리일까?",
  "author": "김인숙",
  "illustrator": "이량덕",
  "isbn": "9791128214158",
  "publishedYear": 2022,
  "publisher": "아람북스",
  "paragraphInfoCount": 16,
  "paragraphInfo": [
    {
      "srcTextID": "24073",
      "srcText": "쥐람이는 다시 시장 쪽으로 발걸음을 옮겼어요. 시장 입구에 다다르자, 어디선가 또 커다란 소리가 들려왔어요. 소리가 나는 쪽을 보니 어떤 아저씨가 뭔가를 입에 댄 채 말하고 있었어요. 팔딱팔딱 뛰는 오징어 사세요! 싱싱한 고등어도 있어요!",
      "srcPage": 8,
      "srcSentenceEA": 5,
      "srcWordEA": 37,
      "character": "쥐람,아저씨,오징어,고등어",
      "setting": "시장",
      "action": "발걸음을 옮겼어요,소리가 나는 쪽을 보니,말하고 있었어요",
      "feeling": null,
      "causalRelationship": null,
      "outcomeResolution": null,
      "prediction": null,
      "plotSummaryInfoCount": 1,
      "plotSummaryInfo": {
        "classification": "자연탐구",
        "readAge": "초등_저학년",
        "form": "long-form",
        "plotSummaryText": "쥐람이가 시장 쪽으로 발걸음을 옮겨 시장 입구에 다다르자 어떤 아저씨가 오징어를 사라고 말하고 있었습니다.",
        "textWordEA": 14
      }
    },
    {
      "srcTextID": "24075",
      "srcText": "“저 사람은 누구예요?” 쥐람이가 옆에 있는 아주머니에게 물었어요. “엿을 팔면서 공연도 하는 엿장수란다.” “손에 들고 있는 건 가위예요?” “그래, 맞다. 옛날부터 엿장수들은 가위로 소리를 내서 사람들을 불러 모았지.”",
      "srcPage": 11,
      "srcSentenceEA": 6,
      "srcWordEA": 30,
      "character": "사람,쥐람,아주머니,엿,손,가위",
      "setting": null,
      "action": "물었어요,팔면서,공연도 하는,들고,내서,불러 모았지",
      "feeling": null,
      "causalRelationship": null,
      "outcomeResolution": null,
      "prediction": "옛날부터 엿장수들은 가위로 소리를 내서 사람들을 불러 모았지.",
      "plotSummaryInfoCount": 1,
      "plotSummaryInfo": {
        "classification": "자연탐구",
        "readAge": "초등_저학년",
        "form": "long-form",
        "plotSummaryText": "아주머니가 엿장수들은 옛날부터 가위로 소리를 내어 사람들을 불러 모았다고 쥐람이에게 말씀하셨습니다.",
        "textWordEA": 11
      }
    },
    {
      "srcTextID": "24079",
      "srcText": "삐익 삐리릭 삑삑. 큰길가에 멋진 모자를 쓰고 멋진 옷을 입은 아저씨가 서 있었어요. “아저씨, 방금 그 소리는 어떻게 낸 거예요?” “이걸 입에 물고 힘껏 불면 소리가 나지. 시끄러운 곳에서는 말소리가 잘 들리지 않아서 호루라기로 신호를 보내는 거야.” 호루라기 소리는 재미있고 신기했지만, 쥐람이가 찾던 소리는 아니었어요.",
      "srcPage": 14,
      "srcSentenceEA": 6,
      "srcWordEA": 48,
      "character": "모자,옷,아저씨,호루라기,쥐람",
      "setting": "큰길가",
      "action": "서 있었어요,쓰고,입은,낸,불면,물고,나지,들리지,보내는,찾던",
      "feeling": null,
      "causalRelationship": "시끄러운 곳에서는 말소리가 잘 들리지 않아서 호루라기로 신호를 보내는 거야.",
      "outcomeResolution": null,
      "prediction": null,
      "plotSummaryInfoCount": 1,
      "plotSummaryInfo": {
        "classification": "자연탐구",
        "readAge": "초등_저학년",
        "form": "long-form",
        "plotSummaryText": "큰길가에서 멋진 모자와 옷을 입은 아저씨가 시끄러운 곳에서 신호를 보낼 때 사용하는 호루라기의 소리는 쥐람이가 찾던 소리가 아니었습니다.",
        "textWordEA": 18
      }
    },
    {
      "srcTextID": "24080",
      "srcText": "쥐람이는 다시 길을 걷기 시작했어요. 그런데 목도 아프고 머리도 아팠어요. 숲에만 살던 쥐람이에게 마을은 너무 복잡하고 시끄러운 곳이었지요. ‘그냥 숲으로 돌아갈까? 아냐, 그 소리를 꼭 찾을 거야.’",
      "srcPage": 15,
      "srcSentenceEA": 5,
      "srcWordEA": 31,
      "character": "쥐람,목,머리,숲",
      "setting": "길",
      "action": "걷기,시작했어요,돌아갈까,찾을",
      "feeling": null,
      "causalRelationship": null,
      "outcomeResolution": null,
      "prediction": null,
      "plotSummaryInfoCount": 1,
      "plotSummaryInfo": {
        "classification": "자연탐구",
        "readAge": "초등_저학년",
        "form": "long-form",
        "plotSummaryText": "숲에만 살던 쥐람이는 복잡하고 시끄러운 마을에 들어섰지만, 소리를 찾기 위해 다시 길을 걷기 시작했습니다.",
        "textWordEA": 14
      }
    },
    {
      "srcTextID": "24086",
      "srcText": "쥐람이는 병원을 나와서 책방으로 들어갔어요. 그곳에선 쥐람이가 찾던 것과 비슷한 소리가 들려왔어요. 쥐람이는 가만히 서서 그 소리에 귀를 기울였어요.",
      "srcPage": 20,
      "srcSentenceEA": 3,
      "srcWordEA": 21,
      "character": "쥐람",
      "setting": "병원,책방",
      "action": "들어갔어요,귀를 기울였어요,들려왔어요",
      "feeling": null,
      "causalRelationship": null,
      "outcomeResolution": null,
      "prediction": null,
      "plotSummaryInfoCount": 1,
      "plotSummaryInfo": {
        "classification": "자연탐구",
        "readAge": "초등_저학년",
        "form": "short-form",
        "plotSummaryText": "책방으로 들어가자, 쥐람이가 찾던 소리와 비슷한 소리가 들렸습니다.",
        "textWordEA": 8
      }
    },
    {
      "srcTextID": "24088",
      "srcText": "“그래? 그럼 우릴 따라와 봐. 우린 지금 숲속 공원에 가는 중이거든.” 아이들은 그렇게 말하고는 다시 걷기 시작했어요.",
      "srcPage": 25,
      "srcSentenceEA": 3,
      "srcWordEA": 20,
      "character": "아이들",
      "setting": "숲속 공원",
      "action": "가는 중이거든,다시 걷기 시작했어요",
      "feeling": null,
      "causalRelationship": null,
      "outcomeResolution": null,
      "prediction": null,
      "plotSummaryInfoCount": 1,
      "plotSummaryInfo": {
        "classification": "자연탐구",
        "readAge": "초등_저학년",
        "form": "short-form",
        "plotSummaryText": "아이들은 숲속 공원으로 가는 중이라며 따라오라고 말했습니다.",
        "textWordEA": 7
      }
    },
    {
      "srcTextID": "24091",
      "srcText": "‘숲속에 간다고? 그럼 내가 들었던 소리가 숲에서 나는 소리였단 말이야?’ 쥐람이는 어리둥절했어요. 아이들을 따라 걷던 쥐람이는 작은 소리를 들었어요. 그 소리는 쥐람이가 찾아다녔던 바로 그 소리였어요. 쥐람이는 너무 기뻐서 소리가 나는 곳으로 한걸음에 달려갔어요. 소리가 나는 곳은 쥐람이네 집에서 그리 멀지 않은 곳이었어요.",
      "srcPage": 26,
      "srcSentenceEA": 7,
      "srcWordEA": 49,
      "character": "아이들,쥐람",
      "setting": "숲속,숲",
      "action": "걷던,간다고,들었던,나는,들었어요,달려갔어요",
      "feeling": null,
      "causalRelationship": null,
      "outcomeResolution": null,
      "prediction": null,
      "plotSummaryInfoCount": 1,
      "plotSummaryInfo": {
        "classification": "자연탐구",
        "readAge": "초등_저학년",
        "form": "long-form",
        "plotSummaryText": "아이들을 따라 걷던 쥐람이는 찾아다녔던 바로 그 소리를 들었고, 너무 기뻐서 소리가 나는 곳으로 한걸음에 달려갔습니다.",
        "textWordEA": 16
      }
    },
    {
      "srcTextID": "24077",
      "srcText": "사거리에 이르자 차들이 시끄럽게 빵빵 소리를 내고 있었어요. 그리고 어디선가 삑! 삐리릭! 하는 소리도 났지요. “저건 또 무슨 소리지?” 쥐람이는 소리가 나는 곳으로 쪼르르 달려갔어요.",
      "srcPage": 13,
      "srcSentenceEA": 6,
      "srcWordEA": 29,
      "character": "차,쥐람",
      "setting": "사거리",
      "action": "달려갔어요",
      "feeling": null,
      "causalRelationship": null,
      "outcomeResolution": null,
      "prediction": null,
      "plotSummaryInfoCount": 1,
      "plotSummaryInfo": {
        "classification": "자연탐구",
        "readAge": "초등_저학년",
        "form": "long-form",
        "plotSummaryText": "쥐람이는 차들이 시끄럽게 빵빵 소리를 내고 있는 사거리로 달려갔습니다.",
        "textWordEA": 9
      }
    },
    {
      "srcTextID": "24078",
      "srcText": "쥐람이는 더 구경하고 싶었지만, 꾹 참았어요. 숲속에서 들었던 소리를 꼭 찾고 싶었거든요. 그래서 큰길 쪽으로 가 보기로 했어요.",
      "srcPage": 12,
      "srcSentenceEA": 3,
      "srcWordEA": 20,
      "character": "쥐람,숲속",
      "setting": "큰길",
      "action": "들었던,가 보기로 했어요",
      "feeling": null,
      "causalRelationship": null,
      "outcomeResolution": null,
      "prediction": null,
      "plotSummaryInfoCount": 1,
      "plotSummaryInfo": {
        "classification": "자연탐구",
        "readAge": "초등_저학년",
        "form": "short-form",
        "plotSummaryText": "쥐람이는 숲속에서 들었던 소리를 찾으러 큰길 쪽으로 가 보기로 했습니다.",
        "textWordEA": 10
      }
    },
    {
      "srcTextID": "24067",
      "srcText": "푸른 마을 뒷산 숲속에 다람쥐 가족이 살고 있었어요. 다람쥐네 막내 쥐람이는 무척 호기심이 많은 꼬마였지요. 어느 햇살 좋은 가을날이었어요.",
      "srcPage": 1,
      "srcSentenceEA": 3,
      "srcWordEA": 21,
      "character": "다람쥐,쥐람,꼬마",
      "setting": "뒷산 숲속,가을날",
      "action": "살고",
      "feeling": null,
      "causalRelationship": null,
      "outcomeResolution": null,
      "prediction": "다람쥐네 막내 쥐람이는 무척 호기심이 많은 꼬마였지요.",
      "plotSummaryInfoCount": 1,
      "plotSummaryInfo": {
        "classification": "자연탐구",
        "readAge": "초등_저학년",
        "form": "short-form",
        "plotSummaryText": "뒷산 숲속에 사는 다람쥐 가족의 막내 쥐람이는 호기심이 많은 꼬마였습니다.",
        "textWordEA": 10
      }
    },
    {
      "srcTextID": "24069",
      "srcText": "소리를 찾아 나선 쥐람이는 약수터에서 할아버지를 만났어요. “할아버지, 이런 소리 들어 보셨어요?” 쥐람이는 할아버지에게 자기가 들은 소리를 설명해 주었어요.",
      "srcPage": 3,
      "srcSentenceEA": 3,
      "srcWordEA": 20,
      "character": "쥐람,할아버지",
      "setting": "약수터",
      "action": "만났어요,설명해 주었어요",
      "feeling": null,
      "causalRelationship": null,
      "outcomeResolution": null,
      "prediction": null,
      "plotSummaryInfoCount": 1,
      "plotSummaryInfo": {
        "classification": "자연탐구",
        "readAge": "초등_저학년",
        "form": "short-form",
        "plotSummaryText": "소리를 찾아 나선 쥐람이는 약수터에서 만난 할아버지께 자신이 들은 소리를 설명해 드렸습니다.",
        "textWordEA": 12
      }
    },
    {
      "srcTextID": "24072",
      "srcText": "쥐람이는 시장으로 가기 위해 길을 따라 내려갔어요. 마을 어귀에 이르자 어디선가 커다란 소리가 들려왔어요. 쥐람이는 소리가 나는 쪽으로 가 보았어요. 계란을 가득 실은 트럭에서 나는 소리였어요. 계란이 왔어요, 싱싱한 계란이 왔어요! 우아, 소리가 무척 크다!",
      "srcPage": 6,
      "srcSentenceEA": 6,
      "srcWordEA": 40,
      "character": "쥐람,계란,트럭",
      "setting": "시장,길,마을",
      "action": "내려갔어요,들려왔어요,나는,가 보았어요,실은,왔어요",
      "feeling": null,
      "causalRelationship": null,
      "outcomeResolution": "계란을 가득 실은 트럭에서 나는 소리였어요.",
      "prediction": null,
      "plotSummaryInfoCount": 1,
      "plotSummaryInfo": {
        "classification": "자연탐구",
        "readAge": "초등_저학년",
        "form": "long-form",
        "plotSummaryText": "쥐람이가 시장으로 가기 위해 길을 따라 내려가 마을 어귀에 이르자, 커다란 소리가 들려와서 소리가 나는 쪽으로 가 보았더니 계란을 가득 실은 트럭에서 나는 소리였습니다.",
        "textWordEA": 24
      }
    },
    {
      "srcTextID": "24074",
      "srcText": "쥐람이는 아저씨가 들고 있는 게 뭔지 궁금했어요. “아저씨, 지금 들고 있는 게 뭐예요?” “이거 말이냐? 이건 확성기란다. 이걸 대고 말하면 큰 소리가 나서 멀리서도 듣고 생선을 사러 오거든.” 그 소리도 크기는 했지만, 쥐람이가 찾던 소리는 아니었어요.",
      "srcPage": 9,
      "srcSentenceEA": 6,
      "srcWordEA": 39,
      "character": "쥐람,아저씨,확성기,생선",
      "setting": null,
      "action": null,
      "feeling": null,
      "causalRelationship": "이거 말이냐? 이건 확성기란다. 이걸 대고 말하면 큰 소리가 나서 멀리서도 듣고 생선을 사러 오거든.",
      "outcomeResolution": null,
      "prediction": "그 소리도 크기는 했지만 쥐람이가 찾던 소리는 아니었어요.",
      "plotSummaryInfoCount": 1,
      "plotSummaryInfo": {
        "classification": "자연탐구",
        "readAge": "초등_저학년",
        "form": "long-form",
        "plotSummaryText": "아저씨가 들고 계신 것은 대고 말하면 큰 소리가 멀리까지 들리는 확성기였지만 쥐람이가 찾던 소리는 아니었습니다.",
        "textWordEA": 15
      }
    },
    {
      "srcTextID": "24076",
      "srcText": "시장에서 나와 조금 더 걸어가니 사람들이 모여 있는 게 보였어요. 호기심이 생긴 쥐람이도 사람들 틈을 비집고 들어갔어요. 그곳에는 이상한 옷을 입은 사람이 손에 가위를 들고 우스꽝스러운 몸짓을 하고 있었어요.",
      "srcPage": 10,
      "srcSentenceEA": 3,
      "srcWordEA": 31,
      "character": "사람,쥐람,옷,손,가위",
      "setting": "시장",
      "action": "걸어가니,비집고 들어갔어요,가위를 들고,몸짓을 하고 있었어요",
      "feeling": null,
      "causalRelationship": null,
      "outcomeResolution": null,
      "prediction": null,
      "plotSummaryInfoCount": 1,
      "plotSummaryInfo": {
        "classification": "자연탐구",
        "readAge": "초등_저학년",
        "form": "short-form",
        "plotSummaryText": "시장에서 나와 더 걸어가니 사람들이 모여 있는 게 보여 쥐람이도 사람들 틈을 비집고 들어갔더니, 이상한 옷을 입고 손에 가위를 들고 우스꽝스러운 몸짓을 하는 사람을 보았습니다.",
        "textWordEA": 25
      }
    },
    {
      "srcTextID": "24090",
      "srcText": "실망한 쥐람이는 터덜터덜 밖으로 나왔어요. 조금 가다 보니 두 명의 아이가 어디론가 바쁘게 걸어가고 있었어요. 쥐람이는 아이들에게 도움을 청하기로 했지요.",
      "srcPage": 23,
      "srcSentenceEA": 3,
      "srcWordEA": 22,
      "character": "쥐람,두 명의 아이",
      "setting": "밖",
      "action": "나왔어요",
      "feeling": null,
      "causalRelationship": null,
      "outcomeResolution": null,
      "prediction": null,
      "plotSummaryInfoCount": 1,
      "plotSummaryInfo": {
        "classification": "자연탐구",
        "readAge": "초등_저학년",
        "form": "short-form",
        "plotSummaryText": "밖으로 나온 쥐람이는 걸어가고 있던 두 명의 아이에게 도움을 청하기로 했습니다.",
        "textWordEA": 11
      }
    },
    {
      "srcTextID": "147055",
      "srcText": "청진기는 우리 몸속에서 나는 작은 소리를 듣게 해 주는 도구예요. 고무관과 요구르트병으로 청진기를 만들어 보세요. 청진기가 완성되었나요? 이제 청진기를 귀에 꽂고 가족이나 친구들의 몸에서 나는 소리를 들어 보세요. 청진기의 앞부분은 진동이 가능한 비닐 랩으로 되어 있어서, 그것을 몸에 꼭 대면 몸속의 소리가 비닐 랩을 진동시켜요. 그 진동이 고무관을 타고 우리 귀로 전해지는 거예요.",
      "srcPage": 29,
      "srcSentenceEA": 6,
      "srcWordEA": 58,
      "character": "청진기,도구,고무관,요그르트병,귀,가족,친구들,진동,비닐 랩",
      "setting": "몸속",
      "action": "듣게 해 주는,꽂고,들어보세요,진동시켜요",
      "feeling": null,
      "causalRelationship": null,
      "outcomeResolution": null,
      "prediction": null,
      "plotSummaryInfoCount": 1,
      "plotSummaryInfo": {
        "classification": "자연탐구",
        "readAge": "초등_저학년",
        "form": "long-form",
        "plotSummaryText": "청진기의 앞부분은 진동이 가능한 비닐 랩으로 되어 있어, 몸에 대면 몸속의 소리가 비닐 랩을 통해 진동시킵니다.",
        "textWordEA": 16
      }
    }
  ]
}