{
  "title": "이름 없는 꼬마 우주선",
  "author": "유가은",
  "illustrator": "김이조",
  "isbn": "9791128214134",
  "publishedYear": 2022,
  "publisher": "아람북스",
  "paragraphInfoCount": 17,
  "paragraphInfo": [
    {
      "srcTextID": "23674",
      "srcText": "“나 ‘보스토크 1호’를 몰라? 보스토크는 동쪽, 해가 뜨는 곳을 뜻하지. 뭔가 대단한 일이 생길 것 같은 이름이잖아?” “글쎄 , 난 잘 모르겠는데.......” 보스토크 1호는 답답하다는 듯이 옆에 서 있던 발사체를 땅땅 두드렸어요.",
      "srcPage": 4,
      "srcSentenceEA": 6,
      "srcWordEA": 36,
      "character": "보스토크 1호,해,발사체",
      "setting": "동쪽",
      "action": "땅땅 두드렸어요",
      "feeling": "답답하다는",
      "causalRelationship": null,
      "outcomeResolution": null,
      "prediction": "보스토크 1호는 답답하다는 듯이 옆에 서 있던 발사체를 땅땅 두드렸어요.",
      "plotSummaryInfoCount": 1,
      "plotSummaryInfo": {
        "classification": "자연탐구",
        "readAge": "초등_저학년",
        "form": "long-form",
        "plotSummaryText": "보스토크 1호는 뭔가 대단한 일이 생길 것 같은 이름이지 않냐는 말에 잘 모르겠다고 하자, 답답하다는 듯이 옆에 서 있던 발사체를 땅땅 두드렸어요.",
        "textWordEA": 22
      }
    },
    {
      "srcTextID": "23676",
      "srcText": "“그래서 성공했어? 달에 다녀온 거야?” “물론이야. 우주 비행사들과 함께 달에 도착했지. 우주 비행사들은 달 위를 걸어 다니고, 사진도 찍었단다.”",
      "srcPage": 7,
      "srcSentenceEA": 4,
      "srcWordEA": 22,
      "character": "우주 비행사들,사진",
      "setting": "달",
      "action": "다녀온 거야,도착했지,걸어 다니고,찍었단다",
      "feeling": null,
      "causalRelationship": null,
      "outcomeResolution": null,
      "prediction": "우주 비행사들과 함께 달에 도착했지. 우주 비행사들은 달 위를 걸어 다니고,사진도 찍었단다.",
      "plotSummaryInfoCount": 1,
      "plotSummaryInfo": {
        "classification": "자연탐구",
        "readAge": "초등_저학년",
        "form": "long-form",
        "plotSummaryText": "달에 다녀오는데 성공해 우주 비행사들은 달 위를 걸어 다니고, 사진도 찍었다고 했어요.",
        "textWordEA": 12
      }
    },
    {
      "srcTextID": "23677",
      "srcText": "“우아, 상상만 해도 떨려.” “그때는 대단했지. 전 세계인이 텔레비전으로 우리 모습을 지켜봤으니까. 어때? 너도 내 멋진 이름을 갖고 싶지 않니? 원하면 빌려줄게.” 작은 우주선이 대답하려는데.......",
      "srcPage": 8,
      "srcSentenceEA": 7,
      "srcWordEA": 30,
      "character": "세계인,텔레비전,우리,너,작은 우주선",
      "setting": null,
      "action": "떨려,지켜봤으니까",
      "feeling": null,
      "causalRelationship": null,
      "outcomeResolution": null,
      "prediction": "작은 우주선이 대답하려는데.......",
      "plotSummaryInfoCount": 1,
      "plotSummaryInfo": {
        "classification": "자연탐구",
        "readAge": "초등_저학년",
        "form": "long-form",
        "plotSummaryText": "전 세계인이 텔레비전으로 지켜봤었던 자기의 멋진 이름을 갖고 싶으면 빌려주겠다고 했어요.",
        "textWordEA": 11
      }
    },
    {
      "srcTextID": "22118",
      "srcText": "“그뿐만 아니라 우리는 목성, 토성의 비밀도 밝혀내고, 천왕성과 해왕성의 위성들도 알아냈지. 하지만 꼬마야, 우리 이름을 굳이 쓰지 않아도 된단다. 너는 너에게 맞는 이름을 생각해 보렴.”",
      "srcPage": 15,
      "srcSentenceEA": 3,
      "srcWordEA": 27,
      "character": "목성,토성,천왕성,해왕성,위성들,꼬마,우리",
      "setting": null,
      "action": "밝혀내고,알아냈지",
      "feeling": null,
      "causalRelationship": null,
      "outcomeResolution": null,
      "prediction": "너는 너에게 맞는 이름을 생각해 보렴",
      "plotSummaryInfoCount": 1,
      "plotSummaryInfo": {
        "classification": "자연탐구",
        "readAge": "초등_저학년",
        "form": "short-form",
        "plotSummaryText": "그들은 목성과 토성의 비밀과, 천왕성과 해왕성의 위성들도 알아냈지만 굳이 그들의 이름을 쓰지 말고 자신에게 맞는 이름을 생각해 보라고 했어요.",
        "textWordEA": 19
      }
    },
    {
      "srcTextID": "22110",
      "srcText": "방문이 닫히자, 번쩍하고 태양 모양의 등에 불이 들어왔어요. “꼬마야, 네 이름은 뭐니?” 작은 우주선은 뒤를 돌아보 고 화들짝 놀랐어요. 우주선 하나가 싱긋 웃으며 말을 걸었거든요. “이름? 나 이름 없는데?”",
      "srcPage": 2,
      "srcSentenceEA": 5,
      "srcWordEA": 32,
      "character": "방문,태양 모양의 등,불,꼬마,작은 우주선,우주선,나",
      "setting": null,
      "action": "뒤를 돌아보 고 화들짝 놀랐어요,싱긋 웃으며 말을 걸었거든요",
      "feeling": null,
      "causalRelationship": "방문이 닫히자,번쩍하고 태양 모양의 등에 불이 들어왔어요",
      "outcomeResolution": null,
      "prediction": null,
      "plotSummaryInfoCount": 1,
      "plotSummaryInfo": {
        "classification": "자연탐구",
        "readAge": "초등_저학년",
        "form": "long-form",
        "plotSummaryText": "방문이 닫히자, 우주선 하나가 작은 우주선에게 이름이 뭐냐고 싱긋 웃으며 말을 걸었고 그는 이름이 없다고 대답했어요.",
        "textWordEA": 16
      }
    },
    {
      "srcTextID": "22121",
      "srcText": "잠시 뒤, 모든 우주선이 작은 우주선 주위로 우르르 몰려들었어요. “꼬마야, 이제 이름 결정했니?” “누구 이름을 쓸 거야?”",
      "srcPage": 16,
      "srcSentenceEA": 3,
      "srcWordEA": 17,
      "character": "우주선,작은 우주선,꼬마",
      "setting": "잠시 뒤,우주선 주위",
      "action": "우르르 몰려들었어요",
      "feeling": null,
      "causalRelationship": null,
      "outcomeResolution": null,
      "prediction": null,
      "plotSummaryInfoCount": 1,
      "plotSummaryInfo": {
        "classification": "자연탐구",
        "readAge": "초등_저학년",
        "form": "short-form",
        "plotSummaryText": "잠시 뒤, 모든 우주선이 작은 우주선 주위로 우르르 몰려들어 누구 이름을 쓸지 물어보았어요.",
        "textWordEA": 13
      }
    },
    {
      "srcTextID": "22112",
      "srcText": "“어머, 어머! 꼬마가 놀랐겠다. 그렇게 소리치면 어떻게 해?” 작은 우주선을 감싸듯 다가온 건 기다란 우주선이었어요. “나는 그리스 신화에 나오는 태양신의 이름을 따서 ‘아폴로’라고 지었어. 나는 달에 가기 위해서 만들어진 우주선이지.” 작은 우주선은 아폴로 11호의 이야기에 점점 빠져들었어요.",
      "srcPage": 6,
      "srcSentenceEA": 8,
      "srcWordEA": 43,
      "character": "꼬마,작은 우주선,기다란 우주선,나,달,아폴로 11호",
      "setting": null,
      "action": "놀랐겠다,소리치면,다가온,지었어,가기 위해서 만들어진",
      "feeling": null,
      "causalRelationship": null,
      "outcomeResolution": null,
      "prediction": null,
      "plotSummaryInfoCount": 1,
      "plotSummaryInfo": {
        "classification": "자연탐구",
        "readAge": "초등_저학년",
        "form": "long-form",
        "plotSummaryText": "작은 우주선은 달에 가기 위해서 만들어진 아폴로 11호라는 기다란 우주선의 이야기에 점점 빠져들었어요.",
        "textWordEA": 13
      }
    },
    {
      "srcTextID": "22114",
      "srcText": "우주선 하나가 아주 빠른 속도로 휭 지나갔어요. 모두 깜짝 놀란 얼굴로 쳐다보았지요. 안녕? 내 이름은 ‘뉴허라이즌스’야.",
      "srcPage": 9,
      "srcSentenceEA": 4,
      "srcWordEA": 20,
      "character": "우주선,내,뉴허라이즌스",
      "setting": null,
      "action": "아주 빠른 속도로 휭 지나갔어요,깜짝 놀란 얼굴로 쳐다보았지요",
      "feeling": null,
      "causalRelationship": null,
      "outcomeResolution": null,
      "prediction": null,
      "plotSummaryInfoCount": 1,
      "plotSummaryInfo": {
        "classification": "자연탐구",
        "readAge": "초등_저학년",
        "form": "long-form",
        "plotSummaryText": "우주선 하나가 아주 빠른 속도로 휭 지나가 모두 깜짝 놀라 쳐다보니 자신을 뉴허라이즌스라고 소개했어요.",
        "textWordEA": 14
      }
    },
    {
      "srcTextID": "22113",
      "srcText": "새로운 지평선이라는 뜻이지. 나는 너희들보다 더 멀리 우주를 탐사했단다. 내 이야기가 기대되지 않아? 작은 우주선은 침을 꼴깍 삼켰어요.",
      "srcPage": 10,
      "srcSentenceEA": 4,
      "srcWordEA": 21,
      "character": "지평선,나,너희들,작은 우주선",
      "setting": "우주",
      "action": "탐사했단다,침을 꼴깍 삼켰어요",
      "feeling": null,
      "causalRelationship": null,
      "outcomeResolution": null,
      "prediction": null,
      "plotSummaryInfoCount": 1,
      "plotSummaryInfo": {
        "classification": "자연탐구",
        "readAge": "초등_저학년",
        "form": "long-form",
        "plotSummaryText": "누구보다 더 멀리 우주를 탐사했다는 그의 이야기에 작은 우주선은 침을 꼴깍 삼켰어요.",
        "textWordEA": 12
      }
    },
    {
      "srcTextID": "22115",
      "srcText": "“총알보다 10배나 빠른 내가 9년 6개월을 날아서 명왕성에 도착했지. 명왕성이 얼마나 먼지 너희는 상상도 하지 못할 거야. 지금은 명왕성 탐사를 마치고 더 먼 곳을 향해서 가고 있어.” 뉴허라이즌스호의 말에 주위가 조용해졌어요. 그때였어요.",
      "srcPage": 11,
      "srcSentenceEA": 5,
      "srcWordEA": 36,
      "character": "총알,내,너희,뉴허라이즌스호",
      "setting": "9년 6개월,명왕성",
      "action": "날아서,도착했지,먼 곳을 향해서 가고 있어",
      "feeling": null,
      "causalRelationship": "명왕성이 얼마나 먼지 너희는 상상도 하지 못할 거야.",
      "outcomeResolution": null,
      "prediction": "뉴허라이즌스호의 말에 주위가 조용해졌어요. 그때였어요.",
      "plotSummaryInfoCount": 1,
      "plotSummaryInfo": {
        "classification": "자연탐구",
        "readAge": "초등_저학년",
        "form": "long-form",
        "plotSummaryText": "9년 6개월을 날아서 명왕성에 도착한 후 탐사를 마치고 더 먼 곳을 향해서 가고 있다는 뉴허라이즌스호의 말에 주위가 조용해졌어요.",
        "textWordEA": 18
      }
    },
    {
      "srcTextID": "22117",
      "srcText": "“먼 곳이라고 했어? 이런!” 우주선 2대가 나란히 날아오며 말했어요. “나는 보이저 1호!”",
      "srcPage": 12,
      "srcSentenceEA": 4,
      "srcWordEA": 14,
      "character": "우주선,나,보이저 1호",
      "setting": null,
      "action": "날아오며 말했어요",
      "feeling": null,
      "causalRelationship": null,
      "outcomeResolution": null,
      "prediction": null,
      "plotSummaryInfoCount": 1,
      "plotSummaryInfo": {
        "classification": "자연탐구",
        "readAge": "초등_저학년",
        "form": "long-form",
        "plotSummaryText": "자신은 보이저 1호라고 우주선 2대가 나란히 날아오며 말했어요.",
        "textWordEA": 8
      }
    },
    {
      "srcTextID": "22116",
      "srcText": "“나는 보이저 2호!” 이름만 말했는데도 뉴허라이즌스호는 자리를 비켰어요. “우리 이름은 모험을 즐기는 여행자라는 뜻이지. 이제부터 우리 자랑 좀 해 볼까?”",
      "srcPage": 13,
      "srcSentenceEA": 4,
      "srcWordEA": 22,
      "character": "나,보이저 2호,뉴허라이즌스호,우리",
      "setting": null,
      "action": "말했는데도,자리를 비켰어요",
      "feeling": null,
      "causalRelationship": "우리 이름은 모험을 즐기는 여행자라는 뜻이지",
      "outcomeResolution": null,
      "prediction": "이제부터 우리 자랑 좀 해 볼까",
      "plotSummaryInfoCount": 1,
      "plotSummaryInfo": {
        "classification": "자연탐구",
        "readAge": "초등_저학년",
        "form": "long-form",
        "plotSummaryText": "모험을 즐기는 여행자라는 뜻의 보이저 2호가 그들의 이름만 말했는데도 뉴허라이즌스호는 자리를 비켰어요.",
        "textWordEA": 12
      }
    },
    {
      "srcTextID": "23675",
      "srcText": "“뭐? 아직 이름이 없다고? 이런, 나처럼 멋진 이름이 없다니 참 안타깝다!” “네 이름은 뭔데?”",
      "srcPage": 3,
      "srcSentenceEA": 3,
      "srcWordEA": 16,
      "character": "나,네",
      "setting": null,
      "action": null,
      "feeling": "안타깝다",
      "causalRelationship": "뭐? 아직 이름이 없다고? 이런,나처럼 멋진 이름이 없다니 참 안타깝다",
      "outcomeResolution": null,
      "prediction": null,
      "plotSummaryInfoCount": 1,
      "plotSummaryInfo": {
        "classification": "자연탐구",
        "readAge": "초등_저학년",
        "form": "short-form",
        "plotSummaryText": "나처럼 멋진 이름이 없어서 안타깝다고 하자 네 이름이 뭐냐고 물었어요.",
        "textWordEA": 10
      }
    },
    {
      "srcTextID": "22109",
      "srcText": "갑자기 방문이 열리더니 꼬마가 뛰어들어 왔어요. “여기에 얌전히 있어.” 꼬마는 들고 있던 작은 우주선을 탁자 위에 올려놓았어요. 그러고는 서둘러 방문을 닫고 나갔어요.",
      "srcPage": 1,
      "srcSentenceEA": 4,
      "srcWordEA": 24,
      "character": "방문,꼬마,작은 우주선",
      "setting": "탁자 위",
      "action": "열리더니,뛰어들어 왔어요,올려놓았어요,방문을 닫고 나갔어요",
      "feeling": null,
      "causalRelationship": null,
      "outcomeResolution": null,
      "prediction": null,
      "plotSummaryInfoCount": 1,
      "plotSummaryInfo": {
        "classification": "자연탐구",
        "readAge": "초등_저학년",
        "form": "long-form",
        "plotSummaryText": "꼬마가 방에 뛰어들어 와서 작은 우주선을 탁자 위에 올려놓고는 서둘러 방문을 닫고 나갔어요.",
        "textWordEA": 13
      }
    },
    {
      "srcTextID": "22111",
      "srcText": "“모른다고? 처음으로 사람을 태우고 우주 비행에 성공한 나를?” 보스토크 1호의 목소리가 높아졌어요. “내가 아니었다면, 사람이 지구 밖으로 나갈 수 있었을까? 내 위대한 이름을 쓰고 싶다면 기꺼이 빌려줄게.”",
      "srcPage": 5,
      "srcSentenceEA": 4,
      "srcWordEA": 30,
      "character": "사람,나,보스토크 1호,내",
      "setting": "지구 밖",
      "action": "태우고,우주 비행에 성공,목소리가 높아졌어요,쓰고 싶다면 기꺼이 빌려줄게",
      "feeling": null,
      "causalRelationship": null,
      "outcomeResolution": null,
      "prediction": "내 위대한 이름을 쓰고 싶다면 기꺼이 빌려줄게",
      "plotSummaryInfoCount": 1,
      "plotSummaryInfo": {
        "classification": "자연탐구",
        "readAge": "초등_저학년",
        "form": "long-form",
        "plotSummaryText": "처음으로 사람을 태우고 우주 비행에 성공한 보스토크 1호는 자신의 이름을 쓰고 싶다면 기꺼이 빌려주겠다고 했어요.",
        "textWordEA": 15
      }
    },
    {
      "srcTextID": "22119",
      "srcText": "보이저 1호가 먼저 입을 열었어요. “우리는 지구를 떠난 지 40년도 더 지났고, 명왕성이 있는 곳의 2배만큼 날아갔지.” 이번에는 보이저 2호가 말했어요.",
      "srcPage": 14,
      "srcSentenceEA": 3,
      "srcWordEA": 22,
      "character": "보이저 1호,우리,명왕성,보이저 2호",
      "setting": "지구,40년",
      "action": "입을 열었어요,떠난 지,날아갔지,말했어요",
      "feeling": null,
      "causalRelationship": null,
      "outcomeResolution": null,
      "prediction": null,
      "plotSummaryInfoCount": 1,
      "plotSummaryInfo": {
        "classification": "자연탐구",
        "readAge": "초등_저학년",
        "form": "short-form",
        "plotSummaryText": "지구를 떠난 지 40년도 더 지났고, 명왕성이 있는 곳의 2배만큼 날아갔다는 보이저 1호와 보이저 2호가 말했어요.",
        "textWordEA": 16
      }
    },
    {
      "srcTextID": "22120",
      "srcText": "모두 작은 우주선만 쳐다보았어요. 그때 방문이 벌컥 열렸어요. 아까 작은 우주선을 놓고 간 꼬마였지요. “자, 얼른 가자. 꼬마 우주선!”",
      "srcPage": 17,
      "srcSentenceEA": 5,
      "srcWordEA": 22,
      "character": "작은 우주선,방문,꼬마,꼬마 우주선",
      "setting": null,
      "action": "쳐다보았어요,벌컥 열렸어요",
      "feeling": null,
      "causalRelationship": "그때 방문이 벌컥 열렸어요. 아까 작은 우주선을 놓고 간 꼬마였지요.",
      "outcomeResolution": null,
      "prediction": null,
      "plotSummaryInfoCount": 1,
      "plotSummaryInfo": {
        "classification": "자연탐구",
        "readAge": "초등_저학년",
        "form": "long-form",
        "plotSummaryText": "모두 작은 우주선만 쳐다보고 있을 때 방문이 벌컥 열리며 꼬마가 나타나 얼른 가자며 꼬마 우주선을 불렀어요.",
        "textWordEA": 16
      }
    }
  ]
}