{
  "title": "가장 작고 가벼워서 나는 좋아! ",
  "author": "팽민희",
  "illustrator": "김은정",
  "isbn": "9791157595488",
  "publishedYear": 2016,
  "publisher": "아람북스",
  "paragraphInfoCount": 17,
  "paragraphInfo": [
    {
      "srcTextID": "21236",
      "srcText": "“자, 먼저 온 다섯 친구들에게만 특별히 선물을 주지. 하지만 꽝도 있다는 걸 알아 두렴.” 아저씨가 머리카락을 하나 뽑아서 후 불자, 시끌벅적 놀이공원이 되었어.",
      "srcPage": 2,
      "srcSentenceEA": 3,
      "srcWordEA": 25,
      "character": "다섯 친구들,선물,아저씨,머리카락,놀이공원",
      "setting": null,
      "action": "주지,뽑아서,불자,되었어",
      "feeling": null,
      "causalRelationship": null,
      "outcomeResolution": null,
      "prediction": null,
      "plotSummaryInfoCount": 1,
      "plotSummaryInfo": {
        "classification": "자연탐구",
        "readAge": "초등_저학년",
        "form": "short-form",
        "plotSummaryText": "먼저 온 다섯 친구들 앞에서 아저씨가 머리카락을 불자, 시끌벅적 놀이공원이 되었다.",
        "textWordEA": 11
      }
    },
    {
      "srcTextID": "21237",
      "srcText": "“이번 놀이 기구는 키 큰 친구가 타면 좋겠구나. 고양이 대신 키 큰 친구가 타 보겠니?” 어느새 하늘 자전거 조종사로 변한 아저씨가 외쳤어.",
      "srcPage": 4,
      "srcSentenceEA": 3,
      "srcWordEA": 24,
      "character": "놀이 기구,키 큰 친구,고양이, 조종사,아저씨",
      "setting": null,
      "action": "타면,타,외쳤어,변한",
      "feeling": null,
      "causalRelationship": null,
      "outcomeResolution": null,
      "prediction": "고양이 대신 키 큰 친구가 타 보겠니?",
      "plotSummaryInfoCount": 1,
      "plotSummaryInfo": {
        "classification": "자연탐구",
        "readAge": "초등_저학년",
        "form": "short-form",
        "plotSummaryText": "어느새 하늘 자전거 조종사로 변한 아저씨는 고양이 대신 키 큰 친구가 타 보겠냐고 외쳤다.",
        "textWordEA": 14
      }
    },
    {
      "srcTextID": "21240",
      "srcText": "\"저요! 저요!\" \"아니, 아니, 키 큰 순서대로 줄을 서.\" \"내 키도 크단 말이야.\" \"왜 이래? 내 키가 더 커.\"",
      "srcPage": 5,
      "srcSentenceEA": 5,
      "srcWordEA": 21,
      "character": "키,줄",
      "setting": null,
      "action": "줄을 서,크단",
      "feeling": null,
      "causalRelationship": null,
      "outcomeResolution": null,
      "prediction": "내 키도 크단 말이야.",
      "plotSummaryInfoCount": 1,
      "plotSummaryInfo": {
        "classification": "자연탐구",
        "readAge": "초등_저학년",
        "form": "long-form",
        "plotSummaryText": "키 큰 순서대로 줄을 서라고 하자 서로 자기 키가 더 크다고 했다.",
        "textWordEA": 12
      }
    },
    {
      "srcTextID": "21239",
      "srcText": "\"웃기지 마, 내 키가 더 커.\" \"내 키가 가장 커.\" \"와! 하늘을 난다.\" 가장 키 큰 타조가 하늘 자전거를 타며 소리쳤어.",
      "srcPage": 6,
      "srcSentenceEA": 4,
      "srcWordEA": 23,
      "character": "키,타조,하늘 자전거",
      "setting": "하늘",
      "action": "난다,타며,소리쳤어,웃기지",
      "feeling": null,
      "causalRelationship": null,
      "outcomeResolution": null,
      "prediction": null,
      "plotSummaryInfoCount": 1,
      "plotSummaryInfo": {
        "classification": "자연탐구",
        "readAge": "초등_저학년",
        "form": "long-form",
        "plotSummaryText": "가장 키 큰 타조가 하늘 자전거를 타며 하늘을 난다고 소리쳤다.",
        "textWordEA": 10
      }
    },
    {
      "srcTextID": "21243",
      "srcText": "\"나도 무겁다고!\" \"내가 더 무거워.\" \"흥, 내가 더 무거워.\" \"천만에, 내가 더 무거워.\" \"내가 가장 무거워.\" 가장 무거운 하마가 빙글빙글 놀이 기구를 탔어.",
      "srcPage": 9,
      "srcSentenceEA": 6,
      "srcWordEA": 24,
      "character": "하마,놀이 기구",
      "setting": null,
      "action": "탔어,무거운",
      "feeling": null,
      "causalRelationship": null,
      "outcomeResolution": null,
      "prediction": null,
      "plotSummaryInfoCount": 1,
      "plotSummaryInfo": {
        "classification": "자연탐구",
        "readAge": "초등_저학년",
        "form": "long-form",
        "plotSummaryText": "서로 자기가 더 무겁다고 했지만, 가장 무거운 하마가 빙글빙글 놀이 기구를 탔다.",
        "textWordEA": 12
      }
    },
    {
      "srcTextID": "21250",
      "srcText": "고릴라가 긴 팔로 꽃무늬 천을 잡았어. 다른 친구들도 천의 모서리를 잡고서 소리쳤지. “와, 멋진 트램펄린 같은걸?”",
      "srcPage": 16,
      "srcSentenceEA": 3,
      "srcWordEA": 17,
      "character": "고릴라,긴 팔,꽃무늬 천,친구들,천의 모서리,트램펄린",
      "setting": null,
      "action": "잡았어,잡고서,소리쳤지",
      "feeling": null,
      "causalRelationship": null,
      "outcomeResolution": null,
      "prediction": null,
      "plotSummaryInfoCount": 1,
      "plotSummaryInfo": {
        "classification": "자연탐구",
        "readAge": "초등_저학년",
        "form": "short-form",
        "plotSummaryText": "고릴라가 긴 팔로 꽃무늬 천을  잡았고, 다른 친구들도 모서리를 잡고서 멋진 트램펄린 같다고 소리쳤다.",
        "textWordEA": 15
      }
    },
    {
      "srcTextID": "21235",
      "srcText": "어느 날 마을에 신기한 아저씨가 나타났어. “머리카락을 뽑아서 후후 불어 봐! 신나는 놀이 기구가 짠 하고 나타난단다.” 아저씨의 말을 듣고 동물 친구들이 하나둘 모여들었어.",
      "srcPage": 1,
      "srcSentenceEA": 4,
      "srcWordEA": 26,
      "character": "아저씨,머리카락,놀이 기구,동물 친구",
      "setting": "어느 날,마을",
      "action": "나타났어,뽑아서,불어,나타난단다,듣고,모여들었어",
      "feeling": null,
      "causalRelationship": null,
      "outcomeResolution": null,
      "prediction": null,
      "plotSummaryInfoCount": 1,
      "plotSummaryInfo": {
        "classification": "자연탐구",
        "readAge": "초등_저학년",
        "form": "long-form",
        "plotSummaryText": "어느 날 마을에 머리카락을 불면 놀이 기구가 나타난다고 말하는 신기한 아저씨가 나타났다.",
        "textWordEA": 12
      }
    },
    {
      "srcTextID": "21238",
      "srcText": "나무늘보가 아저씨의 머리카락을 뽑아서 후 불자 꽝! 고릴라, 타조, 하마도 꽝! 꽝! 꽝! 그런데 고양이가 머리카락을 불자, 하늘 자전거가 펑 하고 생긴 거야.",
      "srcPage": 3,
      "srcSentenceEA": 5,
      "srcWordEA": 27,
      "character": "나무늘보,아저씨,머리카락,고릴라,타조,하마,고양이,하늘 자전거",
      "setting": null,
      "action": "뽑아서,불자,생긴",
      "feeling": null,
      "causalRelationship": null,
      "outcomeResolution": null,
      "prediction": null,
      "plotSummaryInfoCount": 1,
      "plotSummaryInfo": {
        "classification": "자연탐구",
        "readAge": "초등_저학년",
        "form": "long-form",
        "plotSummaryText": "나무늘보, 고릴라, 타조, 하마가 아저씨의 머리카락을 뽑아서 불자 꽝이었는데, 고양이가 머리카락을 불자 하늘 자전거가 생겼다.",
        "textWordEA": 15
      }
    },
    {
      "srcTextID": "21242",
      "srcText": "친구들이 다시 머리카락을 뽑아서 후 불자 꽝! 꽝! 꽝! 꽝! 그런데 고양이가 머리카락을 불자, 빙글빙글 놀이 기구가 펑 하고 생긴 거야. 빙글빙글 놀이 기구는 무거운 친구가 타면 좋겠는걸?",
      "srcPage": 7,
      "srcSentenceEA": 6,
      "srcWordEA": 33,
      "character": "친구들,머리카락,고양이,놀이 기구,친구",
      "setting": null,
      "action": "뽑아서,불자,타면,생긴",
      "feeling": null,
      "causalRelationship": null,
      "outcomeResolution": null,
      "prediction": null,
      "plotSummaryInfoCount": 1,
      "plotSummaryInfo": {
        "classification": "자연탐구",
        "readAge": "초등_저학년",
        "form": "long-form",
        "plotSummaryText": "친구들은 꽝이었지만 고양이가 머리카락을 불어 빙글빙글 놀이 기구가 생겼고, 무거운 친구가 타면 좋겠다고 했다.",
        "textWordEA": 14
      }
    },
    {
      "srcTextID": "21245",
      "srcText": "친구들이 또다시 머리카락을 뽑아서 후 불자 꽝! 꽝! 꽝! 꽝! 이번에도 고양이가 머리카락을 불자 정글 보트가 펑 나온거야. “긴 노를 저으려면 팔다리가 긴 친구가 좋겠군. 팔다리가 긴 순서대로 줄을 서 봐.” 어느새 정글 보트 조종사가 된 아저씨가 외쳤어.",
      "srcPage": 10,
      "srcSentenceEA": 8,
      "srcWordEA": 44,
      "character": "친구들,머리카락,고양이,정글 보트,긴 노,친구,정글 보트 조종사,아저씨,팔다리",
      "setting": null,
      "action": "뽑아서,불자,줄을 서,외쳤어,나온거야,긴",
      "feeling": null,
      "causalRelationship": null,
      "outcomeResolution": null,
      "prediction": null,
      "plotSummaryInfoCount": 1,
      "plotSummaryInfo": {
        "classification": "자연탐구",
        "readAge": "초등_저학년",
        "form": "long-form",
        "plotSummaryText": "이번에도 고양이가 머리카락을 불자 정글 보트가 나왔고, 정글 보트 조종사가 된 아저씨는 팔다리가 긴 순서대로 줄을 서라고 외쳤다.",
        "textWordEA": 18
      }
    },
    {
      "srcTextID": "21246",
      "srcText": "결국, 팔다리가 가장 긴 고릴라가 정글 보트를 탔어. 이번에도 고양이는 탈 수 없었지. ‘왜 나만 안 태워 주는 거야?’ ",
      "srcPage": 11,
      "srcSentenceEA": 3,
      "srcWordEA": 21,
      "character": "팔다리,고릴라,정글 보트,고양이",
      "setting": null,
      "action": "탔어,탈 수,태워",
      "feeling": null,
      "causalRelationship": null,
      "outcomeResolution": null,
      "prediction": null,
      "plotSummaryInfoCount": 1,
      "plotSummaryInfo": {
        "classification": "자연탐구",
        "readAge": "초등_저학년",
        "form": "short-form",
        "plotSummaryText": "결국 팔다리가 가장 긴 고릴라가 정글 보트를 탔고, 이번에도 고양이는 탈 수 없었다.",
        "textWordEA": 13
      }
    },
    {
      "srcTextID": "21247",
      "srcText": "고양이는 무척 섭섭했어. 고양이는 다시 한 번 머리카락을 후 불었지. 그랬더니 엄청나게 빠른 번개 열차가 펑 하고 나온 거야.",
      "srcPage": 12,
      "srcSentenceEA": 3,
      "srcWordEA": 21,
      "character": "고양이,머리카락,번개 열차",
      "setting": null,
      "action": "불었지,나온",
      "feeling": "섭섭했어",
      "causalRelationship": null,
      "outcomeResolution": null,
      "prediction": null,
      "plotSummaryInfoCount": 1,
      "plotSummaryInfo": {
        "classification": "자연탐구",
        "readAge": "초등_저학년",
        "form": "short-form",
        "plotSummaryText": "섭섭했던 고양이가 다시 한 번 머리카락을 불었더니 엄청나게 빠른 번개 열차가 나왔다.",
        "textWordEA": 12
      }
    },
    {
      "srcTextID": "21241",
      "srcText": "가장 무거운 친구가 나와 보겠니? 어느새 빙글빙글 조종사가 된 아저씨가 외쳤어. \"저요! 저요!\" \"아니, 아니. 무거운 순서대로 줄을 서.\"",
      "srcPage": 8,
      "srcSentenceEA": 5,
      "srcWordEA": 22,
      "character": "친구,빙글빙글 조종사,아저씨",
      "setting": null,
      "action": "나와,외쳤어,줄을 서",
      "feeling": null,
      "causalRelationship": null,
      "outcomeResolution": null,
      "prediction": null,
      "plotSummaryInfoCount": 1,
      "plotSummaryInfo": {
        "classification": "자연탐구",
        "readAge": "초등_저학년",
        "form": "long-form",
        "plotSummaryText": "어느새 빙글빙글 조종사가 된 아저씨는 가장 무거운 친구가 나와 보라고 외쳤다.",
        "textWordEA": 11
      }
    },
    {
      "srcTextID": "21248",
      "srcText": "그런데 이게 웬일이야? 어느새 번개 열차 조종사가 된 아저씨가 나무늘보를 끌고 열차에 타 버린 거야. \"이렇게 빠른 번개 열차는 나무늘보처럼 느린 친구가 타야 어울리지!\" 그러더니 아저씨는 펑 하고 사라져 버렸어.",
      "srcPage": 13,
      "srcSentenceEA": 4,
      "srcWordEA": 32,
      "character": "번개 열차 조종사,아저씨,나무늘보,열차,친구",
      "setting": null,
      "action": "끌고,타,사라져 버렸어",
      "feeling": null,
      "causalRelationship": null,
      "outcomeResolution": null,
      "prediction": null,
      "plotSummaryInfoCount": 1,
      "plotSummaryInfo": {
        "classification": "자연탐구",
        "readAge": "초등_저학년",
        "form": "long-form",
        "plotSummaryText": "번개 열차 조종사가 된 아저씨는 느린 친구가 타야 어울린다며 나무늘보를 끌고 열차에 타더니 펑 하고 사라져 버렸다.",
        "textWordEA": 17
      }
    },
    {
      "srcTextID": "21249",
      "srcText": "“으아앙!” 고양이는 결국 울음을 터뜨리고 말았어. “머리카락만 잘 뽑으면 뭐해. 너희는 한 번씩 다 탔지만, 난 아무것도 못 탔잖아!”",
      "srcPage": 14,
      "srcSentenceEA": 3,
      "srcWordEA": 21,
      "character": "고양이,머리카락,너희",
      "setting": null,
      "action": "터뜨리고 말았어,뽑으면,탔지만,탔잖아",
      "feeling": null,
      "causalRelationship": null,
      "outcomeResolution": null,
      "prediction": null,
      "plotSummaryInfoCount": 1,
      "plotSummaryInfo": {
        "classification": "자연탐구",
        "readAge": "초등_저학년",
        "form": "short-form",
        "plotSummaryText": "머리카락을 잘 뽑았어도 아무것도 못 탔다며 고양이는 결국 울음을 터뜨리고 말았다.",
        "textWordEA": 11
      }
    },
    {
      "srcTextID": "21251",
      "srcText": "고양이의 말에 친구들은 많이 미안해했어. “어, 어쩌지?” 그때 하늘에서 꽃무늬 천이 나풀나풀 날아왔어. “아, 바로 저거야!”",
      "srcPage": 15,
      "srcSentenceEA": 4,
      "srcWordEA": 17,
      "character": "고양이,친구들,꽃무늬 천",
      "setting": "하늘,그때",
      "action": "날아왔어",
      "feeling": null,
      "causalRelationship": null,
      "outcomeResolution": null,
      "prediction": null,
      "plotSummaryInfoCount": 1,
      "plotSummaryInfo": {
        "classification": "자연탐구",
        "readAge": "초등_저학년",
        "form": "long-form",
        "plotSummaryText": "고양이의 말에 친구들이 미안해할 때 하늘에서 꽃무늬 천이 날아왔다.",
        "textWordEA": 9
      }
    },
    {
      "srcTextID": "21252",
      "srcText": "“네가 말만 하면 언제든지 우리가 트램펄린을 태워 줄게.” 친구들은 고양이를 하늘 높이 띄워 주며 말했어. “우아, 정말 신난다!” 고양이는 아주 오랫동안 하늘로 솟아올랐어.",
      "srcPage": 17,
      "srcSentenceEA": 4,
      "srcWordEA": 25,
      "character": "트램펄린,친구들,고양이",
      "setting": "하늘,오랫동안,언제든지",
      "action": "태워 줄게,띄워 주며,말했어,솟아올랐어",
      "feeling": null,
      "causalRelationship": null,
      "outcomeResolution": null,
      "prediction": null,
      "plotSummaryInfoCount": 1,
      "plotSummaryInfo": {
        "classification": "자연탐구",
        "readAge": "초등_저학년",
        "form": "long-form",
        "plotSummaryText": "친구들이 언제든지 트램펄린을 태워 줄 거라고 말하자, 고양이는 신나 하며 아주 오랫동안 하늘로 솟아올랐다.",
        "textWordEA": 14
      }
    }
  ]
}