{
  "title": "장난감 병원에서 생긴 일",
  "author": "전나무",
  "illustrator": "김아현",
  "isbn": "9791165958442",
  "publishedYear": 2022,
  "publisher": "아람북스",
  "paragraphInfoCount": 16,
  "paragraphInfo": [
    {
      "srcTextID": "21057",
      "srcText": "그런데 갑자기, 돌돌이가 괴물을 향해 또르르 굴러갔어요. “어? 내 친구 야옹이 목소리인데?” 삐리삐리가 손전등을 환하게 비췄어요. “돌돌아! 나야. 네가 너무 보고 싶어서 왔다옹!” “야옹아! 너였구나!” 돌돌이와 야옹이는 서로 부둥켜안고 뒹굴뒹굴 기뻐했어요.",
      "srcPage": 14,
      "srcSentenceEA": 7,
      "srcWordEA": 37,
      "character": "돌돌이,괴물,내 친구 야옹이,삐리삐리,손전등",
      "setting": null,
      "action": "굴러갔어요,환하게 비췄어요,서로 부둥켜안고",
      "feeling": "보고 싶어서,기뻐했어요",
      "causalRelationship": null,
      "outcomeResolution": null,
      "prediction": null,
      "plotSummaryInfoCount": 1,
      "plotSummaryInfo": {
        "classification": "자연탐구",
        "readAge": "초등_저학년",
        "form": "long-form",
        "plotSummaryText": "삐리삐리가 손전등을 환하게 비췄더니 야옹이였고, 돌돌이와 야옹이는 서로 부둥켜안고 기뻐했습니다.",
        "textWordEA": 10
      }
    },
    {
      "srcTextID": "21053",
      "srcText": "바로 그때! 문 쪽에서 이상한 소리가 들렸어요. 박박박! 벅벅벅! “이, 이게 무슨 소리야?” 크앙이와 돌돌이는 깜짝 놀라 삐리삐리 뒤로 얼른 숨었어요. ",
      "srcPage": 8,
      "srcSentenceEA": 6,
      "srcWordEA": 25,
      "character": "크앙이,돌돌이,삐리삐리",
      "setting": "문 쪽에서",
      "action": "뒤로 얼른 숨었어요,소리가 들렸어요",
      "feeling": "이상한,깜짝 놀라",
      "causalRelationship": null,
      "outcomeResolution": null,
      "prediction": null,
      "plotSummaryInfoCount": 1,
      "plotSummaryInfo": {
        "classification": "자연탐구",
        "readAge": "초등_저학년",
        "form": "long-form",
        "plotSummaryText": "문 쪽에서 이상한 소리가 들리자, 크앙이와 돌돌이는 깜짝 놀라 삐리삐리 뒤로 얼른 숨었다.",
        "textWordEA": 13
      }
    },
    {
      "srcTextID": "21976",
      "srcText": "상자는 반듯하니까 차곡차곡 높이 쌓을 수 있을 거야. 그럼, 아무도 들어올 수 없겠지.”  삐리삐리는 사각기둥 모양의 커다란 상자를 먼저 놓고, 그 위에 작은 상자를 착착 쌓아 올렸어요. ",
      "srcPage": 10,
      "srcSentenceEA": 3,
      "srcWordEA": 30,
      "character": "상자,삐리삐리,사각기둥 모양의 커다란 상자,작은 상자",
      "setting": null,
      "action": "높이 쌓을,들어올,먼저 놓고,쌓아 올렸어요",
      "feeling": null,
      "causalRelationship": null,
      "outcomeResolution": null,
      "prediction": null,
      "plotSummaryInfoCount": 1,
      "plotSummaryInfo": {
        "classification": "자연탐구",
        "readAge": "초등_저학년",
        "form": "short-form",
        "plotSummaryText": "상자를 높이 쌓으면 아무도 들어올 수 없을 거로 생각해서, 삐리삐리는 사각기둥 모양의 상자를 착착 쌓아 올렸습니다.",
        "textWordEA": 16
      }
    },
    {
      "srcTextID": "21055",
      "srcText": "삐리삐리가 소리쳤어요. “우리에겐 원기둥이 남아 있어! 얘들아, 빨리 원기둥을 눕혀서 굴리자!” 데굴데굴 굴러가는 원기둥에 괴물이 우당탕! 넘어졌어요.",
      "srcPage": 12,
      "srcSentenceEA": 5,
      "srcWordEA": 20,
      "character": "삐리삐리,우리,원기둥,괴물",
      "setting": null,
      "action": "소리쳤어요,눕혀서 굴리자,굴러가는,넘어졌어요",
      "feeling": null,
      "causalRelationship": null,
      "outcomeResolution": null,
      "prediction": null,
      "plotSummaryInfoCount": 1,
      "plotSummaryInfo": {
        "classification": "자연탐구",
        "readAge": "초등_저학년",
        "form": "long-form",
        "plotSummaryText": "원기둥을 눕혀서 굴리자, 원기둥에 괴물이 넘어졌다.",
        "textWordEA": 6
      }
    },
    {
      "srcTextID": "152117",
      "srcText": "원기둥은 위와 아래쪽이 원인 기둥을 말해요. 삼각기둥은 위와 아래쪽이 삼각형이고, 사각기둥은 어느 방향에서 봐도 사각형인 기둥이에요. 원뿔은 아래쪽이 원이고, 옆면이 곡면인 뿔을 말해요. 삼각뿔은 아래쪽이 삼각형이고, 사각뿔은 아래쪽이 사각형인 뿔이에요. 구는 평평한 곳도 뾰족한 곳도 없어요. 공처럼 생겨서 어느 방향이든 잘 굴러요.",
      "srcPage": 16,
      "srcSentenceEA": 6,
      "srcWordEA": 47,
      "character": "원기둥,삼각기둥,사각기둥,원뿔,삼각뿔,사각뿔,공",
      "setting": null,
      "action": "잘 굴러요",
      "feeling": null,
      "causalRelationship": null,
      "outcomeResolution": null,
      "prediction": null,
      "plotSummaryInfoCount": 1,
      "plotSummaryInfo": {
        "classification": "자연탐구",
        "readAge": "초등_저학년",
        "form": "long-form",
        "plotSummaryText": "삼각기둥은 위와 아래쪽이 삼각형, 사각기둥은 어느 방향에서 봐도 사각형, 원뿔은 아래쪽이 원이고, 옆면이 곡면인 뿔, 삼각뿔은 아래쪽이 삼각형, 사각뿔은 아래쪽이 사각형인 뿔, 구는 공처럼 생겨서 어느 방향이든 잘 구릅니다.",
        "textWordEA": 29
      }
    },
    {
      "srcTextID": "21048",
      "srcText": "“난, 이 상자에 포장한대!” 삐리삐리가 원기둥 모양 상자에 걸터앉아 말했어요. “원기둥은 넘어지면 데굴데굴 구를 것 같아.",
      "srcPage": 4,
      "srcSentenceEA": 3,
      "srcWordEA": 17,
      "character": "삐리삐리,원기둥",
      "setting": null,
      "action": "걸터앉아 말했어요,넘어지면,구를 것 같아,데굴데굴",
      "feeling": null,
      "causalRelationship": null,
      "outcomeResolution": null,
      "prediction": null,
      "plotSummaryInfoCount": 1,
      "plotSummaryInfo": {
        "classification": "자연탐구",
        "readAge": "초등_저학년",
        "form": "short-form",
        "plotSummaryText": "삐리삐리가 원기둥 모양 상자에 걸터앉아 자기는 이 상자에 포장한다고 말했습니다.",
        "textWordEA": 10
      }
    },
    {
      "srcTextID": "21054",
      "srcText": "순간 괴물이 나타났어요. 그런데 갑자기 괴물이 다다다다! 성벽을 향해 달려오지, 뭐예요? 쿵! 괴물이 부딪치자, 성벽이 와르르 무너졌어요.",
      "srcPage": 11,
      "srcSentenceEA": 5,
      "srcWordEA": 21,
      "character": "괴물",
      "setting": "성벽",
      "action": "나타났어요,달려오지,부딪치자,무너졌어요",
      "feeling": null,
      "causalRelationship": null,
      "outcomeResolution": null,
      "prediction": null,
      "plotSummaryInfoCount": 1,
      "plotSummaryInfo": {
        "classification": "자연탐구",
        "readAge": "초등_저학년",
        "form": "long-form",
        "plotSummaryText": "괴물이 성벽을 향해 달려와서 부딪치자, 성벽이 와르르 무너졌습니다.",
        "textWordEA": 8
      }
    },
    {
      "srcTextID": "21056",
      "srcText": "하지만 괴물은 다음에 굴러온 원기둥을 가볍게 삭삭삭! 피했어요. 원기둥은 앞뒤로만 굴러갔거든요. 삐리삐리와 크앙이, 돌돌이는 친구들을 불렀어요. 그 소리를 듣고 공 친구들이 여기저기서 통 통 통 굴러왔어요. 괴물은 이쪽저쪽에서 몰려드는 공 친구들을 피하지 못했어요. “어이쿠, 아야! 캬옹!”",
      "srcPage": 13,
      "srcSentenceEA": 8,
      "srcWordEA": 42,
      "character": "괴물,원기둥,삐리삐리,크앙이,돌돌이,친구들,공 친구들",
      "setting": null,
      "action": "굴러온,피했어요,앞뒤로만 굴러갔거든요,불렀어요,듣고,굴러왔어요,몰려드는,피하지 못했어요",
      "feeling": null,
      "causalRelationship": null,
      "outcomeResolution": null,
      "prediction": null,
      "plotSummaryInfoCount": 1,
      "plotSummaryInfo": {
        "classification": "자연탐구",
        "readAge": "초등_저학년",
        "form": "long-form",
        "plotSummaryText": "공 친구들이 여기저기서 굴러왔는데, 괴물은 이쪽저쪽에서 몰려드는 공 친구들을 피하지 못했습니다.",
        "textWordEA": 11
      }
    },
    {
      "srcTextID": "21058",
      "srcText": "“야옹아, 난 다 나았어. 내일 집으로 갈 거야.” “정말 잘됐다옹.” 어느새 깜깜한 밤이 되었어요. 장난감 친구들은 야옹이의 품에서 편안하게 콜콜 잠이 들었지요. 날이 밝으면, 장난감 친구들은 그리운 집으로 돌아갈 거예요.",
      "srcPage": 15,
      "srcSentenceEA": 6,
      "srcWordEA": 34,
      "character": "장난감 친구들,야옹이",
      "setting": "깜깜한 밤,야옹이의 품에서",
      "action": "다 나았어,갈 거,밤이 되었어요,잠이 들었지요,돌아갈 거예요",
      "feeling": "편안하게,그리운",
      "causalRelationship": null,
      "outcomeResolution": null,
      "prediction": null,
      "plotSummaryInfoCount": 1,
      "plotSummaryInfo": {
        "classification": "자연탐구",
        "readAge": "초등_저학년",
        "form": "long-form",
        "plotSummaryText": "어느새 깜깜한 밤이 되어 장난감 친구들은 야옹이의 품에서 편안하게 콜콜 잠이 들었습니다.",
        "textWordEA": 12
      }
    },
    {
      "srcTextID": "21046",
      "srcText": "삐뽀삐뽀 망가진 장난감을 싣고 구급차가 들어왔어요. 여기는 튼튼 장난감 병원이에요. 이곳에서 튼튼하게 고쳐진 장난감은 다시 집으로 돌아가지요.",
      "srcPage": 1,
      "srcSentenceEA": 3,
      "srcWordEA": 19,
      "character": "망가진 장난감,구급차",
      "setting": "병원",
      "action": "싣고,들어왔어요,돌아가지요,고쳐진 장난감",
      "feeling": null,
      "causalRelationship": null,
      "outcomeResolution": null,
      "prediction": null,
      "plotSummaryInfoCount": 1,
      "plotSummaryInfo": {
        "classification": "자연탐구",
        "readAge": "초등_저학년",
        "form": "short-form",
        "plotSummaryText": "튼튼 장난감 병원에서 튼튼하게 고쳐진 장난감은 다시 집으로 돌아갑니다.",
        "textWordEA": 9
      }
    },
    {
      "srcTextID": "21047",
      "srcText": "저녁이 되자, 장난감들이 하나둘 모였어요. “새로 붙인 내 꼬리 좀 봐. 멋지지?” 공룡 인형 크앙이가 원뿔 모양의 꼬리를 흔들흔들! “멋진데! 내 팔도 마음에 들어.” 로봇 삐리삐리는 삼각기둥 모양의 팔을 접었다 폈다!",
      "srcPage": 2,
      "srcSentenceEA": 6,
      "srcWordEA": 35,
      "character": "장난감들,공룡 인형 크앙이,원뿔 모양의 꼬리,로봇 삐리삐리,삼각기둥 모양의 팔",
      "setting": "저녁",
      "action": "모였어요,접었다 폈다,새로 붙인",
      "feeling": "멋진데,마음에 들어",
      "causalRelationship": null,
      "outcomeResolution": null,
      "prediction": null,
      "plotSummaryInfoCount": 1,
      "plotSummaryInfo": {
        "classification": "자연탐구",
        "readAge": "초등_저학년",
        "form": "long-form",
        "plotSummaryText": "저녁이 되자, 공룡 인형 크앙이와 로봇 삐리삐리 같은 장난감들이 하나둘 모였습니다.",
        "textWordEA": 11
      }
    },
    {
      "srcTextID": "21050",
      "srcText": "그러다 또 다치면 어떡해?” 크앙이가 걱정스럽게 물었어요. “일부러 던지지 않으면 괜찮을 거야.” 삐리삐리가 씩 웃었지요.",
      "srcPage": 5,
      "srcSentenceEA": 4,
      "srcWordEA": 17,
      "character": "크앙이,삐리삐리",
      "setting": null,
      "action": "물었어요,웃었지요,던지지 않으면",
      "feeling": "걱정스럽게",
      "causalRelationship": null,
      "outcomeResolution": null,
      "prediction": null,
      "plotSummaryInfoCount": 1,
      "plotSummaryInfo": {
        "classification": "자연탐구",
        "readAge": "초등_저학년",
        "form": "long-form",
        "plotSummaryText": "크앙이가 걱정스럽게 물어보자, 삐리삐리가 씩 웃었다.",
        "textWordEA": 6
      }
    },
    {
      "srcTextID": "21049",
      "srcText": "“내일, 상자에 나를 포장할 거래. 사각기둥 모양이라 튼튼해 보이지?” 크앙이는 집에 돌아갈 생각에 신이 났어요.",
      "srcPage": 3,
      "srcSentenceEA": 3,
      "srcWordEA": 17,
      "character": "나,크앙이,집",
      "setting": "내일",
      "action": "포장할,돌아갈,튼튼해 보이지",
      "feeling": "신이 났어요",
      "causalRelationship": null,
      "outcomeResolution": null,
      "prediction": null,
      "plotSummaryInfoCount": 1,
      "plotSummaryInfo": {
        "classification": "자연탐구",
        "readAge": "초등_저학년",
        "form": "short-form",
        "plotSummaryText": "내일 상자에 나를 포장할 거라며 크앙이는 집에 돌아갈 생각에 신이 났다.",
        "textWordEA": 11
      }
    },
    {
      "srcTextID": "21051",
      "srcText": "그때였어요. 도르르르르! 고양이 놀이 공 돌돌이가 신나게 굴러왔어요. “돌돌아, 조심조심 다녀. 그러다 방울이 또 빠지겠어!”",
      "srcPage": 6,
      "srcSentenceEA": 4,
      "srcWordEA": 18,
      "character": "고양이 놀이 공 돌돌이,방울",
      "setting": null,
      "action": "굴러왔어요,빠지겠어,조심조심 다녀",
      "feeling": "신나게",
      "causalRelationship": null,
      "outcomeResolution": null,
      "prediction": null,
      "plotSummaryInfoCount": 1,
      "plotSummaryInfo": {
        "classification": "자연탐구",
        "readAge": "초등_저학년",
        "form": "long-form",
        "plotSummaryText": "고양이 놀이 공 돌돌이가 신나게 굴러오자, 조심조심 다니라고 했습니다.",
        "textWordEA": 9
      }
    },
    {
      "srcTextID": "21052",
      "srcText": "크앙이가 돌돌이를 잡아 주었어요. “얘들아, 나도 내일 집에 갈 수 있대. 좋아서 나도 모르게 자꾸 구르게 돼. 동글동글 구 모양이라서 그런가 봐. 헤헤!” “그래도 조심해야지!” 삐리삐리도 돌돌이를 걱정했어요.",
      "srcPage": 7,
      "srcSentenceEA": 7,
      "srcWordEA": 32,
      "character": "크앙이,돌돌이,삐리삐리,집",
      "setting": "내일",
      "action": "잡아 주었어요,집에 갈 수 있대,구르게 돼",
      "feeling": "좋아서,걱정했어요",
      "causalRelationship": null,
      "outcomeResolution": null,
      "prediction": null,
      "plotSummaryInfoCount": 1,
      "plotSummaryInfo": {
        "classification": "자연탐구",
        "readAge": "초등_저학년",
        "form": "long-form",
        "plotSummaryText": "크앙이가 돌돌이를 잡아 주었고, 삐리삐리도 돌돌이를 걱정했다.",
        "textWordEA": 7
      }
    },
    {
      "srcTextID": "21975",
      "srcText": "“괴, 괴물인가 봐!” 크앙이와 돌돌이는 무서워서 두 눈을 꼭 감고 벌벌 떨었어요. 상자로 성벽을 쌓아야겠어.",
      "srcPage": 9,
      "srcSentenceEA": 3,
      "srcWordEA": 17,
      "character": "괴물,크앙이,돌돌이,상자,성벽",
      "setting": null,
      "action": "두 눈을 꼭 감고,벌벌 떨었어요,쌓아야겠어",
      "feeling": "무서워서",
      "causalRelationship": null,
      "outcomeResolution": null,
      "prediction": null,
      "plotSummaryInfoCount": 1,
      "plotSummaryInfo": {
        "classification": "자연탐구",
        "readAge": "초등_저학년",
        "form": "short-form",
        "plotSummaryText": "크앙이와 돌돌이는 괴물인 줄 알고 무서워서 두 눈을 꼭 감고 벌벌 떨었습니다.",
        "textWordEA": 12
      }
    }
  ]
}