{
  "title": "뿌까뿌까 지구 탐험대",
  "author": "윤아해",
  "illustrator": "이석",
  "isbn": "9788961913997",
  "publishedYear": 2010,
  "publisher": "한얼교육",
  "paragraphInfoCount": 16,
  "paragraphInfo": [
    {
      "srcTextID": "24120",
      "srcText": "우리는 우주를 탐험하고 다니는 뿌까뿌까별 탐험대. 저기가 푸른 지구야? 정말 멋지다! 어서 가 보자.",
      "srcPage": 1,
      "srcSentenceEA": 4,
      "srcWordEA": 17,
      "character": "뿌까뿌까별 탐험대",
      "setting": "푸른 지구,우주",
      "action": "탐험하고 다니는,가 보자",
      "feeling": "정말 멋지다",
      "causalRelationship": null,
      "outcomeResolution": null,
      "prediction": null,
      "plotSummaryInfoCount": 1,
      "plotSummaryInfo": {
        "classification": "자연탐구",
        "readAge": "초등_저학년",
        "form": "long-form",
        "plotSummaryText": "우주를 탐험하고 다니는 뿌까뿌까별 탐험대가 정말 멋진 푸른 지구를 탐험하러 가 보자고 했다.",
        "textWordEA": 13
      }
    },
    {
      "srcTextID": "24126",
      "srcText": "여기는 높은 산악. 와, 산이 높이 솟아 있어. 높은 산봉우리가 우뚝우뚝, 깊은 계곡에는 시냇물이 졸졸졸. 산 위로 올라갈수록 공기가 적어서 헉헉 숨이 차.",
      "srcPage": 6,
      "srcSentenceEA": 4,
      "srcWordEA": 26,
      "character": "산,산봉우리,계곡,시냇물",
      "setting": "높은 산악,산 위",
      "action": "올라갈수록",
      "feeling": null,
      "causalRelationship": "산 위로 올라갈수록 공기가 적어서 헉헉 숨이 차.",
      "outcomeResolution": null,
      "prediction": null,
      "plotSummaryInfoCount": 1,
      "plotSummaryInfo": {
        "classification": "자연탐구",
        "readAge": "초등_저학년",
        "form": "long-form",
        "plotSummaryText": "높은 산에 높은 산봉우리가 우뚝, 계곡에는 시냇물이 졸졸 흐르고, 산 위로 올라갈수록 숨이 찬다.",
        "textWordEA": 14
      }
    },
    {
      "srcTextID": "24125",
      "srcText": "늑대와 멧돼지가 숲속에서 먹이를 찾고 있어요. 계곡물에 검은 도롱뇽이 살아요. 나무는 하늘을 찌를 듯 곧게 뻗어 있어요.",
      "srcPage": 7,
      "srcSentenceEA": 3,
      "srcWordEA": 19,
      "character": "늑대,멧돼지,먹이,계곡물,도롱뇽,나무",
      "setting": "숲 속",
      "action": "먹이를 찾고 있어요,살아요",
      "feeling": null,
      "causalRelationship": null,
      "outcomeResolution": null,
      "prediction": null,
      "plotSummaryInfoCount": 1,
      "plotSummaryInfo": {
        "classification": "자연탐구",
        "readAge": "초등_저학년",
        "form": "short-form",
        "plotSummaryText": "늑대와 멧돼지가 먹이를 찾고, 계곡물에 검은 도롱뇽이 살고 있으며 나무는 곧게 뻗어 있다.",
        "textWordEA": 13
      }
    },
    {
      "srcTextID": "24127",
      "srcText": "여기는 푸른 열대 초원. 드넓은 벌판이 풀들로 덮여 있어. 군데군데 키 작은 나무와 웅덩이도 있지. 아주 작은 거미부터 엄청 큰 코끼리까지 모두 모두 함께 사는 동물들의 천국이야.",
      "srcPage": 8,
      "srcSentenceEA": 4,
      "srcWordEA": 30,
      "character": "풀들,키 작은 나무,웅덩이,거미,코끼리,동물들",
      "setting": "푸른 열대 초원,벌판,여기",
      "action": "사는",
      "feeling": null,
      "causalRelationship": null,
      "outcomeResolution": null,
      "prediction": null,
      "plotSummaryInfoCount": 1,
      "plotSummaryInfo": {
        "classification": "자연탐구",
        "readAge": "초등_저학년",
        "form": "long-form",
        "plotSummaryText": "작은 거미부터 엄청나게 큰 코끼리까지 모두 함께 사는 동물들의 천국인 여기는 푸른 열대 초원이다.",
        "textWordEA": 14
      }
    },
    {
      "srcTextID": "24128",
      "srcText": "타조는 날지는 못해도 빠르게 달려요. 사자가 갈기를 휘날리며 가젤을 뒤쫓고 있어요. 초원에서 가장 큰 코끼리는 풀을 뜯어 먹어요. 키 작은 떨기나무가 듬성듬성 자라요.",
      "srcPage": 9,
      "srcSentenceEA": 4,
      "srcWordEA": 26,
      "character": "타조,사자,갈기,가젤,코끼리,풀,떨기나무",
      "setting": "초원",
      "action": "달려요,갈기를 휘날리며,뒤쫓고 있어요,뜯어 먹어요,자라요",
      "feeling": null,
      "causalRelationship": null,
      "outcomeResolution": null,
      "prediction": null,
      "plotSummaryInfoCount": 1,
      "plotSummaryInfo": {
        "classification": "자연탐구",
        "readAge": "초등_저학년",
        "form": "long-form",
        "plotSummaryText": "타조는 빠르게 달리고, 사자가 가젤을 뒤쫓고 있으며, 초원에서 코끼리는 풀을 뜯어 먹고, 떨기나무가 듬성듬성 자란다.",
        "textWordEA": 15
      }
    },
    {
      "srcTextID": "24130",
      "srcText": "여기는 추운 북극. 지구에서 가장 추운 극지방이야. 바다가 온통 눈과 얼음으로 덮여 있어. 얼음 산, 얼음 들판 사이로 에스키모들이 휙휙 썰매를 타고 다녀.",
      "srcPage": 10,
      "srcSentenceEA": 4,
      "srcWordEA": 26,
      "character": "눈,얼음,에스키모들,썰매",
      "setting": "추운 북극,지구,극지방,바다,얼음 산,얼음 들판",
      "action": "타고 다녀",
      "feeling": null,
      "causalRelationship": null,
      "outcomeResolution": null,
      "prediction": null,
      "plotSummaryInfoCount": 1,
      "plotSummaryInfo": {
        "classification": "자연탐구",
        "readAge": "초등_저학년",
        "form": "long-form",
        "plotSummaryText": "가장 추운 북극은 바다가 온통 눈과 얼음으로 덮여있고, 얼음 산과 들판 사이를 에스키모들이 썰매를 타고 다닌다.",
        "textWordEA": 16
      }
    },
    {
      "srcTextID": "24129",
      "srcText": "얼음 덩어리가 바다 위를 둥둥 떠 다녀요. 둥그런 얼음집인 이글루가 있어요. 멋진 이빨을 가진 바다코끼리도 살아요. 하얀 북극곰이 물고기를 잡아요.",
      "srcPage": 11,
      "srcSentenceEA": 4,
      "srcWordEA": 23,
      "character": "얼음 덩어리,얼음집,이글루,이빨,바다코끼리,북극곰,물고기",
      "setting": "바다 위",
      "action": "떠 다녀요,잡아요",
      "feeling": null,
      "causalRelationship": null,
      "outcomeResolution": null,
      "prediction": null,
      "plotSummaryInfoCount": 1,
      "plotSummaryInfo": {
        "classification": "자연탐구",
        "readAge": "초등_저학년",
        "form": "long-form",
        "plotSummaryText": "얼음집인 이글루가 있고, 바다코끼리도 살며 북극곰이 물고기를 잡는다.",
        "textWordEA": 8
      }
    },
    {
      "srcTextID": "24132",
      "srcText": "여기는 깊고 넓은 바다. 짜디 짠 물속에 여러 가지 신비한 생물. 물이 너무 깊고 또 넓어서 끝을 알 수가 없어. 그래서 지구가 푸르게 보여.",
      "srcPage": 12,
      "srcSentenceEA": 4,
      "srcWordEA": 27,
      "character": "생물,물",
      "setting": "깊고 넓은 바다,물속,지구",
      "action": null,
      "feeling": null,
      "causalRelationship": "물이 너무 깊고 또 넓어서 끝을 알 수가 없어. 그래서 지구가 푸르게 보여.",
      "outcomeResolution": null,
      "prediction": null,
      "plotSummaryInfoCount": 1,
      "plotSummaryInfo": {
        "classification": "자연탐구",
        "readAge": "초등_저학년",
        "form": "long-form",
        "plotSummaryText": "깊고 넓은 바다는 물이 너무 깊고 또 넓어서 끝을 알 수가 없어서 지구가 푸르게 보인다.",
        "textWordEA": 15
      }
    },
    {
      "srcTextID": "24131",
      "srcText": "고래가 숨을 쉬며 분수를 내뿜어요. 산호초는 색깔도 다양하고 모양도 여러 가지예요. 뼈가 없는 문어가 먹물을 찍 쏘아요.",
      "srcPage": 13,
      "srcSentenceEA": 3,
      "srcWordEA": 19,
      "character": "고래,산호초,뼈,문어,먹물",
      "setting": null,
      "action": "분수를 내뿜어요,찍 쏘아요",
      "feeling": null,
      "causalRelationship": null,
      "outcomeResolution": null,
      "prediction": null,
      "plotSummaryInfoCount": 1,
      "plotSummaryInfo": {
        "classification": "자연탐구",
        "readAge": "초등_저학년",
        "form": "short-form",
        "plotSummaryText": "고래가 숨을 쉬며 분수를 내뿜고, 산호초는 색깔과 모양이 여러 가지이고, 문어가 먹물을 쏩니다.",
        "textWordEA": 13
      }
    },
    {
      "srcTextID": "24133",
      "srcText": "강이 굽이굽이 바다로 흘러요. 사람들이 바닷가에서 물고기를 팔아요. 바닷가에 사람들이 많이 살아요. 뾰족뾰족 불가사리가 아주 예뻐요.",
      "srcPage": 14,
      "srcSentenceEA": 4,
      "srcWordEA": 19,
      "character": "사람들,물고기,불가사리",
      "setting": "강,바다,바닷가",
      "action": "팔아요,살아요",
      "feeling": null,
      "causalRelationship": null,
      "outcomeResolution": null,
      "prediction": null,
      "plotSummaryInfoCount": 1,
      "plotSummaryInfo": {
        "classification": "자연탐구",
        "readAge": "초등_저학년",
        "form": "long-form",
        "plotSummaryText": "바닷가에 사람들이 많이 살아서 바닷가에서 물고기를 팝니다.",
        "textWordEA": 7
      }
    },
    {
      "srcTextID": "24134",
      "srcText": "여기는 살기 좋은 물가. 바다와 강, 호수 곁에는 사람들이 많이 살아. 물도 쉽게 구할 수 있고, 배가 드나들기에도 좋고, 물고기, 조개같이 먹을 것도 아주아주 풍부하거든.",
      "srcPage": 15,
      "srcSentenceEA": 3,
      "srcWordEA": 27,
      "character": "사람들,배,물고기,조개",
      "setting": "살기 좋은 물가,바다,강,호수",
      "action": "살아,구할,드나들기",
      "feeling": null,
      "causalRelationship": null,
      "outcomeResolution": null,
      "prediction": null,
      "plotSummaryInfoCount": 1,
      "plotSummaryInfo": {
        "classification": "자연탐구",
        "readAge": "초등_저학년",
        "form": "short-form",
        "plotSummaryText": "바다와 강, 호수 곁에는 물도 쉽게 구하고, 배가 드나들기 좋고, 물고기 같은 먹을 것이 풍부해서 사람들이 많이 삽니다.",
        "textWordEA": 18
      }
    },
    {
      "srcTextID": "24135",
      "srcText": "여러 가지 모습을 가지고 있는 지구. 알면 알수록 더 알고 싶어. 어부가 가까운 바닷가에서 고기를 잡아요.",
      "srcPage": 16,
      "srcSentenceEA": 3,
      "srcWordEA": 18,
      "character": "어부,고기",
      "setting": "지구,바닷가",
      "action": "가지고,잡아요",
      "feeling": "더 알고 싶어",
      "causalRelationship": null,
      "outcomeResolution": null,
      "prediction": null,
      "plotSummaryInfoCount": 1,
      "plotSummaryInfo": {
        "classification": "자연탐구",
        "readAge": "초등_저학년",
        "form": "short-form",
        "plotSummaryText": "여러 가지 모습을 가지고 있는 지구는 알면 알수록 더 알고 싶고, 어부가 바닷가에서 고기를 잡는다.",
        "textWordEA": 15
      }
    },
    {
      "srcTextID": "24122",
      "srcText": "여기는 열대 우림. 날씨가 덥고, 비가 많이 내려. 앗, 깜짝이야! 천둥 번개도 치네! 공기는 축축, 나무는 쑥쑥. 숲이 정말 울창해.",
      "srcPage": 2,
      "srcSentenceEA": 6,
      "srcWordEA": 25,
      "character": "나무",
      "setting": "열대 우림,숲",
      "action": "내려",
      "feeling": "앗,깜짝이야",
      "causalRelationship": null,
      "outcomeResolution": null,
      "prediction": null,
      "plotSummaryInfoCount": 1,
      "plotSummaryInfo": {
        "classification": "자연탐구",
        "readAge": "초등_저학년",
        "form": "long-form",
        "plotSummaryText": "여기는 덥고 습한 열대 우림 날씨인데 나무는 쑥쑥 숲이 정말 울창하다.",
        "textWordEA": 11
      }
    },
    {
      "srcTextID": "24121",
      "srcText": "바닥에는 흰개미가 우글거려요. 큰부리새가 나무 열매를 콕콕 쪼아 먹고 있어요. 보아뱀이 배가 고파 입을 크게 벌리고 있어요.",
      "srcPage": 3,
      "srcSentenceEA": 3,
      "srcWordEA": 19,
      "character": "흰개미,큰부리새,나무 열매,보아뱀,입",
      "setting": "바닥",
      "action": "쪼아 먹고 있어요,벌리고 있어요",
      "feeling": null,
      "causalRelationship": null,
      "outcomeResolution": null,
      "prediction": null,
      "plotSummaryInfoCount": 1,
      "plotSummaryInfo": {
        "classification": "자연탐구",
        "readAge": "초등_저학년",
        "form": "short-form",
        "plotSummaryText": "바닥에는 흰개미가 우글거리고, 큰 부리 새가 나무 열매를 쪼아 먹고, 보아 뱀이 입을 크게 벌리고 있다.",
        "textWordEA": 16
      }
    },
    {
      "srcTextID": "24124",
      "srcText": "여기는 메마른 사막. 이글이글 내리쬐는 뜨거운 햇살. 비가 내리지 않아서 온통 모래와 바위뿐이야. 그늘도 없고 냇물도 없어.",
      "srcPage": 4,
      "srcSentenceEA": 4,
      "srcWordEA": 20,
      "character": "모래,바위,냇물",
      "setting": "메마른 사막",
      "action": null,
      "feeling": null,
      "causalRelationship": "비가 내리지 않아서 온통 모래와 바위뿐이야.",
      "outcomeResolution": null,
      "prediction": null,
      "plotSummaryInfoCount": 1,
      "plotSummaryInfo": {
        "classification": "자연탐구",
        "readAge": "초등_저학년",
        "form": "long-form",
        "plotSummaryText": "사막에는 뜨거운 햇살, 온통 모래와 바위뿐이고 그늘도 냇물도 없다.",
        "textWordEA": 9
      }
    },
    {
      "srcTextID": "24123",
      "srcText": "무서운 독을 가진 독거미와 전갈도 있어요. 사막여우는 커다란 귀로 열을 식혀요. 낙타는 두꺼운 발바닥으로 뜨거운 사막을 잘 걸어요. 뾰족뾰족 선인장은 물 없이도 잘 견뎌요.",
      "srcPage": 5,
      "srcSentenceEA": 4,
      "srcWordEA": 27,
      "character": "독거미,전갈,사막여우,귀,낙타,발바닥,선인장,물",
      "setting": "사막",
      "action": "걸어요,견뎌요",
      "feeling": "무서운",
      "causalRelationship": null,
      "outcomeResolution": null,
      "prediction": null,
      "plotSummaryInfoCount": 1,
      "plotSummaryInfo": {
        "classification": "자연탐구",
        "readAge": "초등_저학년",
        "form": "long-form",
        "plotSummaryText": "독을 가진 독거미와 전갈도 있고, 사막여우는 귀로 열을 식히며 낙타는 사막을 잘 걷고 선인장은 물 없이도 잘 견딘다.",
        "textWordEA": 18
      }
    }
  ]
}