{
  "title": "사다함",
  "author": "한국역사교육연구회 편집3팀",
  "illustrator": "염조원",
  "isbn": "9788954339483",
  "readAge": "초등_저학년",
  "publishedYear": 2004,
  "publisher": "한국삐아제",
  "classification": "사회관계",
  "paragraphInfoCount": 17,
  "paragraphInfo": [
    {
      "srcTextID": "126783",
      "srcText": "사다함은 무관을 데리고 성벽 아래로 갔어요. 대가야군은 성 앞쪽에서 낭도들과 싸우느라 정신이 없었지요. 사다함은 대가야군이 미처 감시를 제대로 하지 못하는 틈을 타 성한 쪽 구석에 갈고리를 맨 밧줄을 던졌어요. 밧줄을 타고 올라간 사다함은 마주친 대가야 군사의 목을 단검으로 찔렀어요. 그때 대가야 군사 하나가 칼을 들고 사다함을 향해 달려갔어요. 이를 본 무관이 재빨리 화살을 쏘았지요. “고맙다, 무관!” “지난번에는 사다함 님이 저를 살려주셨잖아요.” 두 소년은 죽을힘을 다해 대가야 군과 맞서 싸웠어요.",
      "srcPage": 11,
      "srcSentenceEA": 9,
      "srcWordEA": 75
    },
    {
      "srcTextID": "126786",
      "srcText": "무관은 그 와중에도 희미하게 웃으며 말했어요. “사다함 님! 저 안 찔렸어요. 사다함 님을 놀라게 하려고 장난치는 거예요. 그러니까 얼른 가서 적을 무찌르세요.” 사다함은 무관의 뺨에 얼굴을 비비며 외쳤어요. “또 거짓말을 하는구나!” 사다함은 옷을 찢어 무관의 등을 칭칭 감싸 흐르는 피를 막았어요. 그동안에도 신라군과 대가야군은 치열하게 싸웠어요. 하지만 대가야군은 점점 힘을 잃었고 달아나는 군사가 많아졌어요. 해가 질 때쯤, 신라군은 전단성을 완전히 함락하고 대가야 왕에게 항복을 받아냈어요. “대가야를 정복했다!” “폐하 만세! 화랑도 만세!” 신라군과 화랑도는 얼싸안고 승리의 기쁨을 나누었어요. 그러나 바로 그 시각, 사다함은 정신을 잃어가는 무관을 끌어안고 눈물을 흘렸어요. “무관, 정신 차려! 제발!” 무관은 간신히 죽음을 면했지만 그 후 다시 활을 쏘지도 칼을 쓸 수도 없게 되고 말았어요. 뿐만 아니라 그때 입은 상처로 병을 앓게 되었지요.",
      "srcPage": 14,
      "srcSentenceEA": 20,
      "srcWordEA": 129
    },
    {
      "srcTextID": "126776",
      "srcText": "그런데 산으로 여행을 떠난 어느 날, 사다함은 그만 숲속에서 길을 잃고 말았어요. 사다함은 낭도들에게 몹시 미안했어요. “내가 어리석어 길을 잘못 안내하는 바람에 모두가 고생을 하게 되었소. 미안하오.” 사다함이 진심으로 사과하자, 낭도들은 고개를 저었어요. “그렇지 않아요. 이곳은 우리 모두가 처음 와본 곳이잖아요. 서로 머리를 모으면 길을 찾을 수 있을 테니 너무 미안해하지 마십시오.” 하지만 여전히 사다함의 얼굴이 어두운 것을 보고 한 낭도가 말했어요. 유난히 사다함을 믿고 따르는‘무관’이라는 낭도였지요. “사다함님! 이미 날이 저물었으니 일단 오늘은 여기서 자고 내일 아침 날이 밝으면 다시 길을 찾아보지요.” 다들 무관의 말에 찬성했어요. “고맙다, 무관! 날씨가 추우니 먼저 불을 피워야겠어. 그대들은 여기서 천막을 치시오. 내가 가서 땔감을 구해 오겠소.” 사다함의 뒤를 무관이 따라나섰어요. “저도 같이 가겠습니다. 저는 시골에서 살았기 때문에 숲에 대해 잘 아니 도움이 될 거예요.” 사다함과 무관은 사이좋게 땔감을 구하러 갔지요.",
      "srcPage": 4,
      "srcSentenceEA": 21,
      "srcWordEA": 142
    },
    {
      "srcTextID": "126774",
      "srcText": "화랑은 한자리에 앉아 공부만 하거나 무예만 익히지는 않았어요. 신라 곳곳의 아름다운 산과 강을 찾아다니며 마음을 바르게 닦았지요. 여행을 하는 것은 책을 읽거나 무예를 익히는 것 못지않게 중요했어요. 여행을 다니면서 신라의 지형을 익힐 뿐 아니라 여행 중에 생기는 어려운 문제들을 함께 해결하면서 우애를 돈독히 했어요. 험한 산길을 걸어온 터라 낭도들은 몹시 힘들어했어요. 그 모습을 본 사다함이 차분하게 말했어요. “낭도들이여, 우리는 이제 여행을 시작했습니다. 우리가 가야 할 길이 아직 남아있으니 조금만 더 힘을 내도록 합시다! 주위에 힘들어하는 낭도가 있으면 서로 도와주도록 하시오.” “그럽시다!” 낭도들이 밝은 목소리로 대답했어요. 사다함은 나이가 어린 낭도들을 행렬의 맨 앞에 세웠지요. “사다함 님! 저희는 아직 어린데 왜 행렬의 앞에서 나요? 뒤에 계신 형님들께 죄송합니다.” 어린 낭도가 물었어요. “약한 사람이 앞에 서서 걸으면 뒤에 있는 사람들에 대한 책임감이 생겨 더 잘 걸을 수 있단다. 그리고 뒤에 있는 사람들은 앞서가는 사람들을 도우며 참을성을 배우게 되지.” 낭도들은 사다함의 지혜와 배려심에 다시 한번 감탄했지요.",
      "srcPage": 2,
      "srcSentenceEA": 18,
      "srcWordEA": 156
    },
    {
      "srcTextID": "126777",
      "srcText": "사다함의 부모님은 불교를 믿었어요. 그래서 언제나 사다함에게 이렇게 주의를 주었지요. “너는 화랑이니 전쟁을 피할 수 없을 것이다. 하지만 평소에는 절대 다른 사람과 싸우지 말고 너보다 약한 사람이나 동물을 괴롭히지 않도록 해라. 살아있는 모든 것들을 사랑하여라. 그것이 부처님의 뜻이다.” 그래서 사다함은 땔감을 구할 때도 살아있는 나무는 건드리지 않고 죽은 나무나 바닥에 떨어진 나뭇가지들만 주웠어요. 그러자니 시간이 많이 걸렸는데도 무관은 불평 한마디 하지 않았지요. 바로 그때였어요. 무관의 등 뒤에서 이상한 소리가 들렸어요. 가만히 뒤를 돌아본 무관은 깜짝 놀라 움직일 수가 없었어요. 어둠 속에서 곰이 눈동자를 날카롭게 번뜩이고 있었지요. 곰은 무관을 노려보더니 두 발로 우뚝 섰어요. 무관은 소리를 질렀어요. “사다함 님, 곰이에요! 곰이 나타났어요!”",
      "srcPage": 5,
      "srcSentenceEA": 16,
      "srcWordEA": 114
    },
    {
      "srcTextID": "126780",
      "srcText": "이 일이 알려지자 낭도들은 사다함을 더욱 따르게 되었어요. “목숨을 걸고 무관을 구하다니! 사다함 님이 정말 존경스러워.” “무관은 또 어떻고! 사다함 님을 살리려고 일부러 곰이 달아났다고 거짓말까지 했잖아.” “사다함 님과 무관은 우리의 자랑이야.” 이렇게 용맹하고 지혜로운 사다함을 지도자로 둔 낭도들은 아무리 힘든 길을 가도 즐겁기만 했어요. 며칠 뒤, 사다함과 낭도들은 남쪽 바닷가에 도착했어요. 그곳에는 왜구가 노략질을 일삼아 폐허가 된 마을이 있었지요. 사다함은 분노에 찬 목소리로 외쳤어요. “신라의 백성들이 왜 이런 비참한 일을 당했겠소? 바로 힘이 없기 때문이오! 그러니 우리가 신라를 강한 나라로 만들어야 하오!” “신라를 위해 목숨을 바치자!” 사다함과 낭도들이 외치는 우렁찬 함성이 거친 파도 소리를 누르고 바닷가에 쩌렁쩌렁 울려 퍼졌지요.",
      "srcPage": 8,
      "srcSentenceEA": 15,
      "srcWordEA": 109
    },
    {
      "srcTextID": "126781",
      "srcText": "그때 신라를 다스리던 진흥왕은 남쪽의 대가야를 정복하기 위해 전쟁계획을 세우고 있었어요. 이 소식을 들은 사다함은 당장 낭도들을 불러 모았지요. “낭도들이여, 그대들은 신라를 위해 목숨을 바치기로 맹세한 것을 잊지 않았을 것이오. 이제 그 맹세를 지킬 때가 왔소. 대가야 정복에 우리가 앞장섭니다.” “좋습니다!” 낭도들은 사다함의 말에 큰소리로 대답했어요. 다음날, 사다함은 진흥왕을 찾아갔어요. “폐하! 이번 전쟁에 저와 낭도들이 나가게 해주십시오.” 진흥왕은 흐뭇하게 웃으며 말했어요. “정말 기특한 생각을 했구나. 하지만 너희는 아직 어리니 다음에 참가하도록 해라.” 사다함은 물러서지 않았지요. “나라를 사랑하는데 남자와 여자, 어른과 아이의 구분이 없는 줄로 아옵니다. 부디 저희에게도 기회를 주십시오.” 사다함의 씩씩한 태도에 진흥왕은 몹시 감동했어요. 결국 진흥왕은 사다함과 낭도들이 전쟁에 나가는 것을 허락했어요.",
      "srcPage": 9,
      "srcSentenceEA": 16,
      "srcWordEA": 115
    },
    {
      "srcTextID": "126779",
      "srcText": "무관은 또 소리를 질렀어요. “사다함 님, 이제 괜찮으니 오지 않아도 됩니다. 곰이 달아났습니다!” 하지만 사다함은 영리한 소년이었어요. 사다함은 무관의 목소리에 두려움이 묻어있다는 것을 알아차렸지요. “거짓말하지 마. 어떻게든 시간을 벌어봐. 내가 가서 구해줄게.” 무관은 곰을 노려보았어요. 무관을 공격하려던 곰이 주춤하며 서는 순간, 어둠을 뚫고 화살이 날아오더니 곰의 가슴에 그대로 꽂혔어요. 우어어어. 곰은 울부짖으며 쓰러졌어요. 사다함과 무관은 안도의 한숨을 내쉬었어요. 이후, 사다함과 무관은 둘도 없는 친구가 되었지요.",
      "srcPage": 7,
      "srcSentenceEA": 14,
      "srcWordEA": 76
    },
    {
      "srcTextID": "126782",
      "srcText": "둥둥둥. 힘찬 북소리와 함께 신라군이 대가야를 공격했어요. 대가야의 군사들은 전단성 성문을 꼭 걸어 잠그고 싸웠어요. “신라의 군사들이여! 성을 함락시켜라!” “대가야의 군사들이여! 목숨을 바쳐 성을 지켜라!” 신라 군도 대가야 군도 한치의 양보 없이 치열하게 싸웠어요. 전단성은 튼튼해서 도무지 안으로 들어갈 수 없었지요. 게다가  대가야군이 불화살을 쏘아대며 격렬하게 저항하자 신라군은 주춤주춤 물러나기 시작했어요. 사다함은 분해서 이를 갈며 낭도들에게 외쳤어요. “신라군이 후퇴해도 우리는 후퇴하지 않을 것이오! 우리는 화랑이오. 화랑은 신라의 영광을 위해 목숨을 바쳐야 하오.” “와! 대가야를 정복하자!” 사다함은 용감하게 말을 몰아 전단성으로 달려갔어요. 그 뒤를 무관이 따르자 어린 낭도들도 함성을 지르며 전단성 앞으로 몰려갔지요. 대가야군은 물론 신라군조차도 어린 소년들이 겁 없이 적의 진영으로 달려가는 것을 보고 깜짝 놀랐어요.",
      "srcPage": 10,
      "srcSentenceEA": 17,
      "srcWordEA": 121
    },
    {
      "srcTextID": "126784",
      "srcText": "“사다함과 무관 이성으로 들어갔다.” “우리도 들어가자!” 낭도들은 밧줄을 타고 성벽을 오르기 시작했어요. 대가야군이 화살을 쏠 때마다 어린 낭도들이 꽃잎처럼 성벽에서 떨어졌지요. 그 모습을 본 신라 군도 떨쳐 일어났어요. “대체 우리는 왜 이러고 있는가? 우리 동생, 우리 조카, 우리 아들만 한 소년들은 저리 용감하거늘!” 신라군은 함성을 지르며 전단성으로 다시 뛰어들어갔어요. 사다함과 무관은 다른 낭도들과 힘을 합쳐 성문을 열었어요. “와아! 성문이 열렸다!” “한 명도 남기지 말고 다 무찌르자!” 신라군은 밀물처럼 전단 성안으로 밀고 들어갔답니다. 그때, 무관이 달아나던 대가야 군사를 막아섰어요.",
      "srcPage": 12,
      "srcSentenceEA": 13,
      "srcWordEA": 87
    },
    {
      "srcTextID": "126788",
      "srcText": "인적이 뜸한 산길에 이르자 사다함은 노예들을 묶은 줄을 하나하나 풀어주며 말했어요. “하늘 아래 모든 사람이 평등한 법입니다. 그런데 어찌 제가 여러분을 노예로 삼을 수 있겠습니까? 어서 여러분의 고향으로 돌아가십시오.” 가야 노예들은 고마움의 눈물을 흘리며 사다함에게 절을 했어요. 이 소식을 들은 진흥왕은 또다시 사다함을 불러 말했어요. “너의 재능, 너의 용기, 너의 너그럽고 따뜻한 마음이 모두 마음에 든다. 너에게 벼슬을 내리겠다.” 그러자 사다함은 굳은 표정으로 말했어요. “제 친구 무관이 병을 앓고 있습니다. 무관을 돌보게 해주십시오. 나라에 충성하는 것도 중요하지만 우정과 의리를 지키는 것도 중요한 일입니다.” 진흥왕은 사다함의 됨됨이에 더욱 감동했지요.",
      "srcPage": 16,
      "srcSentenceEA": 13,
      "srcWordEA": 97
    },
    {
      "srcTextID": "126773",
      "srcText": "토함산 깊은 골짜기에 한 무리의 소년들이 줄을 맞춰 씩씩하게 걷고 있었어요. 다부진 몸에 눈이 빛나는 소년들이었지요. 신라에서는 열두 살부터 열여덟 살까지의 소년 중에서 건강하고 총명한 소년들을 뽑아‘화랑도’라는 수련단체를 만들었어요. 화랑도에 들어간 소년들은 뛰어난 스승에게 학문과 무예를 익혔지요. 화랑도 안에서도 특히 뛰어난 소년은‘화랑’으로 삼았어요. 그리고 화랑을 따르는 소년들을‘낭도’라고 불렀지요. 화랑은 자상한 형처럼 낭도들을 보살폈고, 낭도들도 착한 아우처럼 화랑을 따랐지요. 토함산 골짜기에 들어온 소년들은 바로 화랑 사다함을 따르는 낭도들이었어요. 사다함은 신라의 높은 귀족 가문 출신으로, 겸손하고 성실해서 사다함을 따르는 낭도는 1천 명이 넘었어요.",
      "srcPage": 1,
      "srcSentenceEA": 12,
      "srcWordEA": 92
    },
    {
      "srcTextID": "126775",
      "srcText": "사다함은 많은 화랑도 중에서도 으뜸 화랑도로 손꼽혔어요. 사다함은 모든 일에 모범을 보이며 낭도 한 사람 한 사람을 소중히 아꼈고, 낭도들도 사다함을 본받아 열심히 학문과 무예를 익혔어요. 또 낭도끼리도 사이가 좋아 긴 여행 중에도 싸우는 일이 없었지요. 사다함과 낭도들은 낮에는 행진을 하고 밤에는 신라를 강한 나라로 만들 수 있는 방법에 대해 이야기를 나누었어요. 사다함과 낭도들은 가끔 활쏘기나 칼싸움 등으로 자신들의 실력을 겨루기도 했지요. 하지만 이긴 사람은 이겼다고 자만하지 않았고, 진 사람도 부끄러워하거나 불평하지 않았어요.",
      "srcPage": 3,
      "srcSentenceEA": 6,
      "srcWordEA": 78
    },
    {
      "srcTextID": "126789",
      "srcText": "사다함의 마음을 아는지 모르는지 시름시름 앓던 무관은 며칠 뒤 그만 죽고 말았어요. 하루도 무관 옆을 떠나지 않고 돌보던 사다함은 목놓아 울었어요. “무관! 너와 나는 목숨을 걸고 함께한 친구야. 비록 부모님은 다르지만 우리는 한 형제와 같아. 네가 없으니 내가 살아야 할 이유를 찾지 못하겠구나.” 그날부터 사다함은 밥 한 숟가락, 물 한 모금 입에 대지 않았어요. 그리고 일주일 후 무관을 따라 숨을 거두고 말았어요. 용맹하고 정의로운 사다함은 나라와 친구를 지극히 사랑한 의리 있고 올바른 화랑이었지요.",
      "srcPage": 17,
      "srcSentenceEA": 8,
      "srcWordEA": 80
    },
    {
      "srcTextID": "126778",
      "srcText": "무관과 떨어져서 나뭇가지를 줍던 사다함은 얼른 몸을 돌렸어요. “무관, 기다려! 내가 도우러 갈게!” 사다함이 외치는 소리가 들리자 무관은 정신을 차리고 생각했어요. ‘사다함 님은 화랑이야. 사다함 님이 다치거나 죽으면 우리 낭도는 지도자를 잃는 거야. 그런데 바보같이 사다함 님을 부르다니!’",
      "srcPage": 6,
      "srcSentenceEA": 7,
      "srcWordEA": 43
    },
    {
      "srcTextID": "126785",
      "srcText": "챙, 챙! 불꽃튀는 칼싸움이 벌어지는 순간 다른 대가야 군사가 나타나 등 뒤에서 무관을 찔렀답니다. 무관은 피를 흘리며 쓰러졌어요. “무관!” 사다함이 달려와 무관을 안아 일으켰지요.",
      "srcPage": 13,
      "srcSentenceEA": 4,
      "srcWordEA": 27
    },
    {
      "srcTextID": "126787",
      "srcText": "사다함과 낭도들이 대가야 정복전쟁에서 큰 공을 세우자 진흥 왕은 몹시 기뻐했어요. 진흥왕은 사다함과 낭도들을 대궐로 불러 진수성찬을 대접하며 말했어요. “대가야 정복전쟁에서 네가 세운 공은 참으로 대단하다. 이번 전쟁에서 잡은 가야인 노예 3백 명을 상으로 주겠다.” 순간 사다함의 얼굴이 흐려졌어요. 사다함은 사람을 노예로 부리는 것을 매우 싫어했거든요. 하지만 곧 표정을 바꾸고 머리를 조아렸어요. “폐하, 고맙습니다.” 잔치가 끝나자 사다함은 줄줄이 줄에 묶인 가야 노예 3백 명을 데리고 대궐을 나왔어요.",
      "srcPage": 15,
      "srcSentenceEA": 9,
      "srcWordEA": 73
    }
  ]
}