{
  "title": "즐거운 하루",
  "author": "양승현",
  "illustrator": "안심희",
  "isbn": "9791157591923",
  "readAge": "초등_저학년",
  "publishedYear": 2015,
  "publisher": "아람북스",
  "classification": "사회관계",
  "paragraphInfoCount": 32,
  "paragraphInfo": [
    {
      "srcTextID": "19525",
      "srcText": "3월 27일 금요일 날씨 구름. 이모가 우리 집에 놀러 왔다. “민지야, 초등학생 되니까 좋지?” “아니요, 안 좋아요.” “왜? 얼른 초등학생 되고 싶다더니?” “초등학교는 가만히 앉아서 공부만 해요. 다시 유치원 가면 좋겠어요.” 내 말이 끝나자마자 이모랑 엄마가 웃으셨다. 뭐가 재미있다고 웃으시지?",
      "srcPage": 1,
      "srcSentenceEA": 9,
      "srcWordEA": 45
    },
    {
      "srcTextID": "19526",
      "srcText": "담임 선생님이 내일은 선후배 행사를 한다고 하셨다. 선배랑 후배가 짝이 된다는데, 뭘 하는 걸까? 엄마는 아빠 짝, 이모는 이모부 짝이라던데 그럼 난 선배랑 결혼하는 건가? 나는 선배 말고 우리 반 정우랑 결혼하고 싶은데.",
      "srcPage": 2,
      "srcSentenceEA": 4,
      "srcWordEA": 36
    },
    {
      "srcTextID": "19527",
      "srcText": "선후배 행사가 뭔지 알았다. 1학년과 6학년, 2학년과 5학년, 3학년과 4학년이 짝이 되는 거다. 나는 1학년 1반 27번이니까, 6학년 1반 27번인 수빈 언니랑 짝이 됐다. 짝끼리 게임을 하고 선물도 주고받았다. 수빈 언니는 나한테 예쁜 팔찌를 선물해 줬다. 소정이가 언니랑 같은 학교에 다니는 게 부러웠는데 나도 같은 학교에 다니는 언니가 생겨서 참 좋다.",
      "srcPage": 3,
      "srcSentenceEA": 6,
      "srcWordEA": 56
    },
    {
      "srcTextID": "93453",
      "srcText": "\"이어진 모양에 어떤 규칙이 있나 찾아보세요. 삼각형 다음에 올 모양을 아는 사람?\" 반 친구들이 번쩍번쩍 손을 들었다.",
      "srcPage": 6,
      "srcSentenceEA": 3,
      "srcWordEA": 19
    },
    {
      "srcTextID": "93456",
      "srcText": "담임 선생님이 내일은 체험 학습을 갈 거라고 하셨다. 유치원 때 소풍이나 견학은 많이 가 봤는데, 체험 학습은 어떨지 무척 궁금하다. 엄마랑 시장에 가서 김밥 재료랑 음료수와 간식을 샀다.",
      "srcPage": 8,
      "srcSentenceEA": 3,
      "srcWordEA": 30
    },
    {
      "srcTextID": "93462",
      "srcText": "\"아니, 불우 이웃 돕기 성금으로 조금은 내야 돼.\" 나는 옷장, 신발장, 베란다에 있던 안 쓰는 물건을 찾아서 꺼냈다. 유치원 때 신었던 공주 신발을 팔까 말까 생각하다가 팔기로 했다. 물건을 많이 팔아서 불우 이웃을 도와야지.",
      "srcPage": 24,
      "srcSentenceEA": 4,
      "srcWordEA": 37
    },
    {
      "srcTextID": "93465",
      "srcText": "12월 18일 금요일 날씨 흐림. 어제 선생님이 내 일기장을 가져가시며 말씀하셨다. \"민지가 일기를 잘 쓰니까 학교 신문에 내야겠다.\"",
      "srcPage": 27,
      "srcSentenceEA": 3,
      "srcWordEA": 19
    },
    {
      "srcTextID": "93466",
      "srcText": "2학년 때도 정우랑 같은 반이 되면 좋겠다. 민석이도, 그리고 소정이도. 가끔 얄미울 때도 있지만 그래도 제일 친하다.",
      "srcPage": 29,
      "srcSentenceEA": 3,
      "srcWordEA": 19
    },
    {
      "srcTextID": "93468",
      "srcText": "12월 19일 토요일 날씨 눈. 교문을 나오는데 눈이 내렸다. 눈이 아주 많이 내리면 눈사람을 만들어야지.",
      "srcPage": 30,
      "srcSentenceEA": 3,
      "srcWordEA": 17
    },
    {
      "srcTextID": "19537",
      "srcText": "비가 오지 않고 햇볕만 쨍쨍 났다. 운동회를 하러 체육복을 입고 학교에 갔다. 상자 높이 쌓기, 줄다리기, 공 굴리기, 터널 통과하기, 콩 주머니 던져 바구니 터뜨리기, 달리기, 이어달리기를 했다. 그중에서도 줄다리기가 제일 재미있었다. 우리 모둠이 아슬아슬하게 일등을 했다. 우리 모둠은 신나서 “와!” 하고 소리를 지르며 손뼉을 쳤다.",
      "srcPage": 20,
      "srcSentenceEA": 7,
      "srcWordEA": 52
    },
    {
      "srcTextID": "19538",
      "srcText": "운동회가 아니라 놀이하는 날이라고 하는 게 더 낫겠다. 참, 소정이는 이어달리기에서 대표 선수로 뛰다가 넘어져서 울었다. 나는 소정이에게 꽃물을 들인 손수건을 빌려줬다. 어제 잘난척쟁이라고 말한 게 미안했다.",
      "srcPage": 21,
      "srcSentenceEA": 4,
      "srcWordEA": 30
    },
    {
      "srcTextID": "93463",
      "srcText": "\"집에서 안 쓰는 깨끗한 물건을 가져와서 파는 거야.\" \"물건을 팔아서 번 돈은 모두 가져도 돼요?\" 민석이의 물음에 선생님이 또 웃으셨다.",
      "srcPage": 23,
      "srcSentenceEA": 3,
      "srcWordEA": 21
    },
    {
      "srcTextID": "19539",
      "srcText": "10월 17일 토요일 날씨 구름. 돗자리에 물건을 놓고 알뜰 시장을 열었다. 나는 가게 이름을 ‘엄청 싸고 좋은 가게’라고 지었다. 작아진 공주 신발과 옷, 엄마가 뜨개질로 만든 수세미, 슈퍼마켓에서 선물로 받은 도시락 통, 어렸을 때 읽던 그림책을 팔았다. 수세미는 안 팔릴 줄 알았는데 제일 먼저 팔렸다.",
      "srcPage": 25,
      "srcSentenceEA": 6,
      "srcWordEA": 50
    },
    {
      "srcTextID": "93467",
      "srcText": "선생님한테 일기장을 받아서 한번 읽어 보았다. 초등학교가 유치원보다 재미없다고 쓴 일기도 있었다. 사실 1학년 때 재미있는 일도 많았는데.",
      "srcPage": 28,
      "srcSentenceEA": 3,
      "srcWordEA": 20
    },
    {
      "srcTextID": "93469",
      "srcText": "겨울 방학식을 하고 학교 신문을 받았다. 학교 신문에 내가 운동회 때 쓴 일기가 있었다. 나는 신이 나서 학교 신문을 흔들며 집으로 뛰어갔다.",
      "srcPage": 31,
      "srcSentenceEA": 3,
      "srcWordEA": 24
    },
    {
      "srcTextID": "93470",
      "srcText": "엄마가 내 일기를 읽고 나를 꼭 안아 주셨다. \"우리 민지 잘했네. 벌써 2학년이 되는구나.\" 겨울 방학 때는 운동회나 알뜰 시장을 할 수 없어서 심심할까? 방학 때도 알차고 재미있게 보내야겠다.",
      "srcPage": 32,
      "srcSentenceEA": 5,
      "srcWordEA": 32
    },
    {
      "srcTextID": "93460",
      "srcText": "벌떡 일어나 창밖을 봤더니 해님이 둥실 떠 있었다. 부엌에선 고소한 참기름 냄새가 났다. 엄마가 맛있는 김밥으로 도시락을 챙겨 주셨다.",
      "srcPage": 11,
      "srcSentenceEA": 3,
      "srcWordEA": 21
    },
    {
      "srcTextID": "93459",
      "srcText": "꽃을 심고 꽃잎으로 손수건 물들이기를 했다. 제일 좋아하는 노란색과 보라색을 골라 손수건에 물을 들였다. 손수건에서 꽃향기가 날 것 같다.",
      "srcPage": 12,
      "srcSentenceEA": 3,
      "srcWordEA": 21
    },
    {
      "srcTextID": "19531",
      "srcText": "9월 8일 화요일 날씨 흐림. 내일은 과학 발명품 대회를 한다고 한다. 무얼 만들면 좋을까? 한참 생각하다가 유치원에서 수수깡 안경을 만들던 재료로 돛단배를 만들기로 했다.",
      "srcPage": 14,
      "srcSentenceEA": 4,
      "srcWordEA": 27
    },
    {
      "srcTextID": "19532",
      "srcText": "내가 만든 돛단배는 진짜 배처럼 물 위를 잘 떠다녔다. 물고기 인형을 함께 띄웠더니 돛단배랑 친구가 되고 싶은지 가까이 다가갔다. 내일 친구들이 무얼 만들어 올지 궁금하다.",
      "srcPage": 15,
      "srcSentenceEA": 3,
      "srcWordEA": 27
    },
    {
      "srcTextID": "19533",
      "srcText": "9월 9일 수요일 날씨 바람. 친구들이 멋진 과학 발명품을 만들어 왔다. 우리 반 친구들은 모두 발명가 같다. 다들 재활용품을 이용해서 만들었는데 특히 페트병으로 만든 과학 발명품이 많았다. 페트병으로 만든 화분, 우주선, 로봇.",
      "srcPage": 16,
      "srcSentenceEA": 5,
      "srcWordEA": 36
    },
    {
      "srcTextID": "19534",
      "srcText": "과학 발명품들을 전시해 놓았더니 우리 반이 발명 교실이 된 것 같았다. 정우는 빈 캔과 스티로폼 접시로 탱크를 만들었다. 선생님이 내가 만든 돛단배랑 정우가 만든 탱크를 나란히 두셨다. 기쁘면서도 조금 부끄러웠다.",
      "srcPage": 17,
      "srcSentenceEA": 4,
      "srcWordEA": 33
    },
    {
      "srcTextID": "19535",
      "srcText": "9월 24일 목요일 날씨 맑음. 내일은 운동회를 한다. 난 운동을 못해서 걱정이다. 종례 시간에 선생님이 말씀하셨다. “운동을 잘하고 못하는 건 상관없어요. 다치지 않게 질서를 지키면서 즐겁게 하는 게 가장 중요해요.” 다칠 수도 있나 보다. 나는 점점 더 걱정이 됐다.",
      "srcPage": 18,
      "srcSentenceEA": 8,
      "srcWordEA": 45
    },
    {
      "srcTextID": "19536",
      "srcText": "달리기를 잘하는 소정이는 “얼른 내일이 왔으면!” 하면서 두 손 모아 기도했다. 또 달리기에서 일 등을 할 거라고 자랑했다. 그래서 나도 소정이한테 “잘난척쟁이!”라고 해 줬다.",
      "srcPage": 19,
      "srcSentenceEA": 6,
      "srcWordEA": 28
    },
    {
      "srcTextID": "19528",
      "srcText": "4월 13일 월요일 날씨 바람. 등굣길에 수빈 언니를 만났다. “민지야, 내일 학부모 참관 수업하는 거 알아?” “어, 그게 뭔데요?” “우리가 학교에서 어떻게 지내나 엄마 아빠가 보러 오시는 거야. 긴장하거나 자꾸 뒤돌아보지 말고 잘해. 알았지?” 수빈 언니가 있으니까 참 좋다. 수학 시간에는 여러 가지 모양으로 색종이를 오렸다. 이걸 내일 학부모 참관 수업에 쓴다는데, 뭘 하게 될까? 어서 내일이 왔으면 좋겠다.",
      "srcPage": 4,
      "srcSentenceEA": 11,
      "srcWordEA": 66
    },
    {
      "srcTextID": "93455",
      "srcText": "수빈 언니가 뒤돌아보지 말라고 했지만, 나는 자꾸만 뒤돌아보았다. 엄마는 얼른 손을 들라고 금붕어처럼 입을 뻐끔거리셨다. 우리는 여러 가지 모양의 색종이를 규칙대로 붙여 포장지를 만들었다. 나는 이 포장지로 정우 생일 때 줄 선물을 포장해야겠다.",
      "srcPage": 7,
      "srcSentenceEA": 4,
      "srcWordEA": 36
    },
    {
      "srcTextID": "93457",
      "srcText": "선생님께 드릴 박하사탕이랑 정우한테 줄 막대 사탕도 챙겼다. 정우가 딸기 맛을 좋아할지 포도 맛을 좋아할지 몰라서 두 개나 챙겼다. 오늘은 비가 왔지만 내일은 제발 비가 안 왔으면 좋겠다. 내일 일찍 일어나려면 오늘은 일찍 자야겠다.",
      "srcPage": 9,
      "srcSentenceEA": 4,
      "srcWordEA": 37
    },
    {
      "srcTextID": "93461",
      "srcText": "점심시간에 정우가 소정이랑 밥을 먹었다. 그래서 난 민석이랑 밥을 먹고 막대 사탕도 민석이한테 줬다. 정우는 바보다. 나랑 밥 먹었으면 사탕도 먼저 고르라고 했을 텐데.",
      "srcPage": 13,
      "srcSentenceEA": 4,
      "srcWordEA": 27
    },
    {
      "srcTextID": "93464",
      "srcText": "10월 16일 금요일 날씨 구름. 내일은 알뜰 시장이 열리는 날이다. \"알뜰 시장이 뭐예요? 시장놀이예요?\" 내가 물었더니 담임 선생님이 웃으면서 말씀하셨다.",
      "srcPage": 22,
      "srcSentenceEA": 5,
      "srcWordEA": 23
    },
    {
      "srcTextID": "19540",
      "srcText": "나는 수빈 언니 가게에 가서 옷이랑 신발을 샀다. 언니는 우리 가게에 와서 도시락 통을 샀다. 오늘 돈을 많이 벌어서 불우 이웃 성금을 5천 원이나 내고도 2천 원이 남았다. 이 돈은 군것질하지 말고 저금해야지.",
      "srcPage": 26,
      "srcSentenceEA": 4,
      "srcWordEA": 36
    },
    {
      "srcTextID": "93454",
      "srcText": "4월 14일 화요일 날씨 해님. 수학 시간에 부모님들이 교실에 들어오셨다. 선생님이 칠판에 여러 가지 모양의 색종이를 붙이셨다.",
      "srcPage": 5,
      "srcSentenceEA": 3,
      "srcWordEA": 19
    },
    {
      "srcTextID": "93458",
      "srcText": "4월 24일 금요일 날씨 맑음. \"민지야, 얼른 일어나서 씻고 준비해야지.\" 어젯밤 비가 오면 어쩌나 걱정하느라 늦잠을 잤다.",
      "srcPage": 10,
      "srcSentenceEA": 3,
      "srcWordEA": 18
    }
  ]
}