{
  "title": "조선 3",
  "author": "원유상",
  "illustrator": "그림작가 정보없음",
  "isbn": "9791165140373",
  "readAge": "초등_저학년",
  "publishedYear": 2020,
  "publisher": "한국차일드아카데미",
  "classification": "사회관계",
  "paragraphInfoCount": 25,
  "paragraphInfo": [
    {
      "srcTextID": "142496",
      "srcText": "왕이 된 열두 살의 어린 소년. 신하의 도움으로 왕 노릇을 하는 단종. 조선의 다섯 번째 왕인 문종은 세종의 첫째 아들이었어요. 하지만 문종은 병에 걸려 왕이 된 지 2년 만에 죽고 말았어요. 그래서 뒤를 이어 문종의 아들이 왕이 되었어요. 그가 바로 단종이에요. 하지만 열두 살인 단종이 왕의 일을 하기엔 너무도 어렸어요. 단종은 왕으로서 무엇을 어떻게 해야 할지 앞이 캄캄했지요. \"내가 너무 어려서 모르는 것이 많소. 특히 사람을 벼슬에 앉히거나 내쫓는 일이 가장 어렵게 느껴지오. 어떻게 하면 좋겠소?\" 단종을 따르는 신하들은 단종을 도울 방법을 생각했어요. \"저희 세 사람은 신하들이 올리는 글을 보고 이름 옆에 노란색 표시를 하겠습니다.\" 단종은 그들이 시키는 대로 노란색으로 표시된 사람을 뽑거나 내쫓았어요. 이렇게 되자 궁궐에 있는 신하들이 단종을 얕보고 숙덕거렸어요. \"임금이 신하가 시키는 대로 하다니.\" \"누가 들을까 무섭네.\" 열두 살인 단종이 왕의 일을 하기엔 너무도 어렸어요. 저희가 시키는 대로 하시면 됩니다.",
      "srcPage": 3,
      "srcSentenceEA": 19,
      "srcWordEA": 147
    },
    {
      "srcTextID": "142510",
      "srcText": "왕도 정치의 시작. 어느 날 김종직은 성종에게 말했어요. “전하, ‘왕도 정치’를 펴셔야 이 나라가 올바로 설 것입니다.” 왕도 정치란 왕이 자신의 뜻대로만 나라를 다스리는 것이 아니라, 백성의 마음을 잘 이해하고 어진 마음으로 나라를 다스리는 것을 뜻해요. 성종은 김종직에게 물었어요. “그럼, 왕도 정치를 하는 방법이 무엇이라 생각하는가?” “가장 좋은 방법은 백성의 마음을 잘 아는 선비들을 신하로 두는 것입니다.” 성종은 고개를 끄덕였어요. “자네를 따르는 선비들이 많다고 들었네. 그러니 궁궐에 들어와 백성을 위해 열심히 일할 선비들을 소개해 보게나.” 그 뒤 김종직은 자신을 따르는 젊은 선비들을 하나둘씩 궁궐로 불러들였어요. 하지만 젊은 선비들이 많아질수록 오랫동안 궁궐에 있었던 나이 많은 신하들의 불만은 커져만 갔어요. 젊은 선비들이 많아지니 우리 편이 줄어드는 것 같군. 성종이 남산골 샌님을 과거에 합격시킨 이야기. 어느 날, 나그네 차림으로 남산골에 간 성종은 아버지의 환갑날에 노래를 부르는 가난한 선비와 머리카락을 잘라 팔아 술상을 차린 며느리의 효심을 보고 감동을 받았어요. 그래서 가난한 남산골 선비 부부의 이야기를 과거시험 문제로 냈지요. 당연히 과거시험을 보러 왔던 남산골의 선비는 정답을 쓰고 합격하게 되었어요. ‘남산골 샌님’ 이란 서울 남산 아랫마을에 사는 가난한 선비를 뜻하기도 해요.",
      "srcPage": 17,
      "srcSentenceEA": 20,
      "srcWordEA": 180
    },
    {
      "srcTextID": "142511",
      "srcText": "멀리멀리 쫓겨난 왕비 윤씨. 왕비 윤씨에게 닥친 불행. 성종 곁에는 윤씨 성을 가진 후궁이 있었어요. 성종은 예쁘고 똑똑한 윤씨를 아끼고 가까이 했지요. 그리고 성종의 왕비였던 공혜 왕후가 젊은 나이로 세상을 뜨자 아끼던 윤씨를 새로운 왕비로 삼았어요. 왕비가 된 윤씨는 왕자를 낳았어요. 그리고 왕자의 이름을 ‘융’ 이라고 지었지요. 성종은 왕자가 어려서부터 훌륭한 가르침을 받길 원했어요. 그래서 왕자를 그 당시 많은 사람들에게 존경받던 신하의 집에서 자라게 했어요. 그러던 어느 날, 왕비의 질투 때문에 궁궐이 발칵 뒤집어지는 일이 생겼어요. 성종의 어머니인 인수 대비는 화가 난 목소리로 신하를 불렀지요. “왕비를 그냥 두어서는 안 되겠소. 지금 당장 임금을 찾아가서 왕비를 쫓아내라고 하시오!” 인수 대비는 왕비의 질투를 나무라며 화를 냈어요. 성종이 다른 후궁들과 가까이 하는 것을 못마땅하게 여긴 왕비가 성종과 다투었다는 이야기를 전해 들었기 때문이에요. 여러 신하들과 후궁들은 성종에게 왕비를 쫓아내야 한다고 말했어요. 조선 시대에는 아내가 남편을 질투하는 것은 큰 흠이 되었어요. 그런데다 하늘같이 높은 임금에게 한 질투였기 때문에 더욱 큰 문제가 되었어요. 고민하던 성종은 결국 왕비를 궁궐 밖으로 쫓아냈어요. 폐비는 궁궐에서 쫓겨난 왕비를 이르는 말이야. 여러 신하들과 후궁들은 성종에게 왕비를 쫓아내야 한다고 말했어요.",
      "srcPage": 18,
      "srcSentenceEA": 22,
      "srcWordEA": 188
    },
    {
      "srcTextID": "142513",
      "srcText": "세조를 욕한 신하들이 벌을 받다. 이극돈의 걱정. 성종의 뒤를 이어 왕의 자리에 오른 연산군은 실록을 쓰라는 명령을 내렸어요. 실록은 이전의 왕에 관한 이야기를 쓴 책이에요. “성종께서 돌아가신 지 벌써 4년째가 되었다. 그러니 이제 실록을 쓸 준비를 하라.” 연산군의 명령에 따라 신하들은 실록을 쓸 준비를 했어요. 그 말을 들은 신하 이극돈은 실록이 쓰여진다는 말에 걱정만 앞섰어요. ‘성종의 할머니이자, 세조의 부인인 정희 왕후가 돌아가셨을 때, 기생들과 놀았던 잘못이 있는데, 실록에 이런 이야기가 들어가면 어떡하지?’ 걱정이 된 이극돈은 실록을 쓰는 신하인 사관에게 가서 자신이 놀러간 일을 적지 말아 달라고 부탁했어요. 하지만 사관은 실록은 정확히 써야 하기 때문에 그럴 수 없다면서 이극돈에게 안 된다고 했어요. ‘만약 왕께서 이 사실을 알게 되면 난 큰 벌을 받을지도 몰라.’ 이극돈은 불안했지요. 잘못을 들킬까 불안하니 좀 훔쳐봐야겠다.",
      "srcPage": 20,
      "srcSentenceEA": 14,
      "srcWordEA": 131
    },
    {
      "srcTextID": "142515",
      "srcText": "어머니의 원수를 갚은 연산군. 피 묻은 천을 본 연산군. 연산군은 왕이 된 뒤에도 어머니인 윤씨가 어떻게 죽었는지 몰랐어요. 그런데 어느 날, 한 신하가 연산군의 외할머니를 궁궐로 데리고 왔어요. 신하는 연산군에게 흥분한 목소리로 말했어요. “전하, 전하의 외할머니를 모셔 왔습니다.” “나에게 외할머니가 있다니, 그게 정말인가? 어서 이리 모시고 오라!” 연산군은 자신 앞에 선 늙은 여인을 고개 숙여 보았어요. 늙은 여인은 오랜 고생의 흔적으로 주름이 자글자글했지요. “당신이 나의 외할머니가 맞소? 그럼 왜 이제야 나타났단 말이오?” 연산군의 외할머니는 오래전의 일들을 전하기 시작했어요. 연산군의 어머니인 윤씨가 인수 대비와 후궁, 신하들 때문에 궁궐에서 쫓겨나 결국 사약을 마시고 죽었다는 이야기를 하면서 눈물을 흘렸지요. 그리고 옷 속에서 고이 간직한 것처럼 보이는 무언가를 꺼냈어요. “전하, 이 천을 보시옵소서. 전하가 왕이 되면 꼭 전해 달라고 부탁했사옵니다.” 연산군은 갑작스레 들은 이야기로 어리둥절했어요. 임금인 자신의 어머니가 억울한 일로 사약을 마셨다는 것은 더욱 놀라운 일이었어요. 연산군은 건네받은 천을 천천히 살펴보았어요. 천에는 붉은 피가 묻어 있었어요. 성종은 아들 연산군을 위해 어떤 유언을 남겼을까요? 연산군을 걱정한 성종은 ‘내가 죽더라도 폐비인 연산군 어머니의 일을 연산군에게 말하지 말라’ 는 유언을 남겼어요. 하지만 성종의 유언은 지켜지지 않았어요. 폐비의 일을 알게 된 연산군은 20년이 지나서 폐비의 일에 관련된 사람을 죽음으로 몰아넣었어요. 어머니의 죽음과 조금이라도 관련이 있는 신하와 선비들을 모두 찾아내 죽이라고 했지요.",
      "srcPage": 22,
      "srcSentenceEA": 27,
      "srcWordEA": 215
    },
    {
      "srcTextID": "142497",
      "srcText": "화가 머리끝까지 난 수양 대군. 어느 날, 단종을 따르는 신하들은 단종의 허락을 받아 명령을 내렸어요. “벼슬을 얻기 위해 힘 있는 사람의 집에 드나드는 것을 그만두어라.” 이들이 생각한 힘 있는 사람은 왕의 삼촌이나 사촌과 같은 친척이었어요. 왕이 어리기 때문에 친척들이 함부로 이러쿵저러쿵하며 나서게 되면 왕권이 약해질 수밖에 없다고 생각했기 때문이에요. 이 소식을 들은 수양 대군은 펄쩍 뛰었어요. 수양 대군은 세종의 아들이자 단종의 작은아버지가 되는 사람이었어요. 지혜롭고 글재주가 뛰어난 사람이었지만 욕심도 많았지요. 수양 대군의 집에는 예전부터 많은 사람들이 드나들었어요. 그런데 이것을 막으니 수양 대군은 울화통이 터졌어요. “이제 무서운 것이 없는 모양이군.” 수양 대군은 곧바로 단종을 따르는 신하들을 찾아갔어요. 수양 대군이 펄쩍 뛰며 화를 내자 신하들은 수양 대군의 집에 드나드는 사람들은 막지 않겠다고 한 발짝 물러섰어요. 하지만 수양 대군은 그것으로 만족할 사람이 아니었어요. 문종은 누구일까요? 세종의 맏아들인 문종은 세종처럼 학문을 좋아하고 너그러운 성격이었어요. 왕이 되기 전 20년간 세자로 있으면서 문관과 무관을 고루 관리에 오르게 했어요. 신하들의 이야기를 골고루 들어가며 세종을 도와 백성을 잘 다스렸지요. 그리고 세종이 병들자 5년간 세종을 대신하여 나랏일을 돌보았어요. 하지만 정작 왕의 자리에 오른 지 2년 만에 병으로 죽고 말았지요. 감히 내 집을 드나드는 것을 막다니 용서할 수 없다.",
      "srcPage": 4,
      "srcSentenceEA": 21,
      "srcWordEA": 197
    },
    {
      "srcTextID": "142500",
      "srcText": "삼촌이 왕의 자리를 빼앗다.허수아비 왕, 단종. 수양 대군은 단종 주위의 신하들을 모두 없애 버리거나 내쫓았어요. 궁궐에 있는 많은 사람들도 힐끔힐끔 수양 대군의 눈치만 보게 되었지요. 단종은 누가 보아도 허수아비 왕이나 다름없었어요. 자신의 처지를 안타까워하던 단종은 신하인 성삼문을 불렀어요. “나는 너무 어려서 나랏일을 돌보기 어렵다. 그래서 왕의 자리를 수양 대군에게 넘겨 주려 한다. 이 뜻을 수양대군에게 전하거라.” 수양 대군은 성삼문에게 그 말을 전해 듣고 단종을 찾아왔어요. “전하, 임금이 살아계신데 감히 어찌 제가 그 자리를 차지할 수 있겠습니까?” 말은 이렇게 했지만 수양 대군의 속마음은 달랐어요. 왕의 자리를 덥석 받는 모습을 보이기 싫어서 거절하는 척했을 뿐이었지요. 그렇게 몇 차례 거절을 하던 수양 대군은 마지못해 단종의 뜻을 들어 주는 척하면서 왕이 되겠다고 이야기했어요. 옥새를 넘겨받는 수양 대군. 수양 대군이 왕의 자리에 오르는 날, 단종은 신하인 성삼문에게 말했어요. “가서 옥새를 가지고 오라. 그리고 수양 대군에게 넘겨 주라.” 단종은 수양 대군에게 나라와 백성을 잘 부탁한다는 말을 남기고 왕비와 함께 궁궐을 떠났어요. 옥새. 옥새는 임금님의 도장을 말해.",
      "srcPage": 7,
      "srcSentenceEA": 21,
      "srcWordEA": 167
    },
    {
      "srcTextID": "142508",
      "srcText": "폭군이 된 왕, 연산군. 성종은 젊고 똑똑한 선비들을 불러들여 벼슬을 주고 나라를 바르게 다스리려고 노력했어요. 하지만 왕비를 궁궐 밖으로 내쫓아 죽게 한 것이 훗날 큰 문제가 되었어요. 성종의 아들 연산군은 왕이 된 후, 나라는 돌보지 않고 어머니가 억울하게 죽은 것에 대해 앙갚음하는 일에만 몰두했어요. 1498 무오사화 연산군은 세조에 대해 비판한 김종직을 따르는 김일손과 선비들을 죽였어요. 1504 갑자사화 연산군의 어머니 폐비 윤씨의 죽음에 관련된 많은 선비들이 연산군에 의해 죽었어요. 1506 중종, 왕위에 오름 1515 조광조,선비를 조정에 들임 1519 조광조, 사약을 받아 죽음 1524 상평창 설치 1559 임꺽정의 난.",
      "srcPage": 15,
      "srcSentenceEA": 7,
      "srcWordEA": 93
    },
    {
      "srcTextID": "142514",
      "srcText": "사관의 억울한 죽음. 불안했던 이극돈은 실록을 쓰는 건물로 몰래 숨어 들어가, 실록을 쓰기 전 연습장에 미리 써 놓은 글들을 보았어요. 역시나 자신에 대해 좋지 않은 글이 쓰여 있었지요. 그런데 한숨을 쉬던 이극돈은 깜짝 놀랄 만한 내용을 찾았어요. ‘이 글은 세조 임금을 헐뜯는 내용이 아닌가?’ 이극돈이 본 것은 사관이 스승인 김종직의 글을 칭찬하는 내용이었어요. 그런데 김종직의 글은 중국의 항우가 왕을 죽이고 스스로 왕이 된 것을 꾸짖으면서, 은근히 단종을 몰아내고 왕이 된 세조를 나무라는 것이었어요. 이극돈은 이 글을 다른 신하들에게 슬쩍 알렸고 얼마 지나지 않아 이 말은 연산군의 귀에까지 들어갔어요. 연산군은 불같이 화를 내며 사관을 당장 잡아들였어요. “감히 누가 나의 증조할아버지인 세조 임금을 욕한단 말이냐! 이것은 나를 욕하는 것과 똑같다!” 이 사건으로 사관을 포함해 젊고 똑똑한 선비들이 한꺼번에 큰 벌을 받고 말았어요. “감히 누가 나의 증조할아버지인 세조 임금을 욕한단 말이냐! 이것은 나를 욕하는 것과 똑같다!” 조선왕조실록은 어떻게 쓰여졌을까요? 실록을 쓰는 사람인 사관은 왕이 죽으면 왕이 살아 있는 동안 써 놓은 것을 꼼꼼히 보고 연대에 따라 다시 정리하여 실록을 만들었어요. 이렇게 만들어진 실록은 역대 왕들에 대한 평가가 들어 있기 때문에 왕은 볼 수 없었어요. 왕은 원칙적으로 사관의 기록을 볼 수 없었기 때문에 사관은 왕의 눈치를 보지는 않았어요. 그래서 모든 일을 자세히 남길 수 있었지요. 김종직은 누구일까요? 김종직은 어릴 적부터 매우 똑똑해서 많은 책을 단숨에 읽었다고 해요. 그리고 스물세 살 때, 과거에 합격하여 벼슬을 얻었지요. 성종은 김종직을 높은 벼슬에 앉히고 김종직이 뽑은 선비들에게도 중요한 벼슬을 줄 만큼 김종직을 아꼈어요. 김종직은 많은 제자와 선비들의 안타까움 속에서 예순두 살의 나이로 세상을 떠났어요.",
      "srcPage": 21,
      "srcSentenceEA": 24,
      "srcWordEA": 257
    },
    {
      "srcTextID": "142494",
      "srcText": "왕의 자리를 빼앗은 세조. 1450 문종, 왕위에 오름 세종이 세상을 떠나고 문종이 왕이 되었어요. 1452 단종, 왕위에 오름 문종이 세상을 떠나고 어린 단종이 왕이 되었어요. 1455 세조, 왕위에 오름 세조는 어린 단종을 쫓아내고 왕이 되었어요. 1456 사육신, 죽음 단종을 다시 왕으로 만들려고 했던 여섯 명의 신하가 죽었어요. 1469 성종, 왕위에 오름 1482 성종, 젊은 선비들을 뽑아 궁궐에 들임 1494 연산군, 왕위에 오름.",
      "srcPage": 1,
      "srcSentenceEA": 6,
      "srcWordEA": 67
    },
    {
      "srcTextID": "142495",
      "srcText": "세종이 세상을 떠나고 첫째 아들 문종이 왕의 자리에 올랐지만 2년 만에 병으로 죽었어요. 그러자 열두 살 난 문종의 아들인 단종이 왕의 자리에 올랐어요. 하지만 세종의 아들이자 단종의 작은아버지였던 수양 대군은 단종과 단종을 따르는 신하들을 쫓아내고 왕이 되었어요. 단종의 충성스러운 신하 여섯 명은 끝까지 단종을 다시 왕의 자리에 올리려 했지만 끝내 \n 죽고 말았지요. 1498 무오사화 1504 갑자사화 1506 중종, 왕위에 오름 1515 조광조, 선비를 조정에 들임 1519 조광조, 사약을 받아 죽음. 1524 상평창 설치 1559 임꺽정의 난.",
      "srcPage": 2,
      "srcSentenceEA": 6,
      "srcWordEA": 82
    },
    {
      "srcTextID": "142501",
      "srcText": "마침내 수양 대군은 왕이 되었어요. 그가 바로 조선의 7대 왕인 세조예요. 세조는 신하들 앞에서 큰 소리로 말했어요. “조선이 세워진 뒤 훌륭한 왕들께서 이 나라를 다스렸다. 나 또한 어진 임금으로 어지러운 나라를 바로 세우는 임금이 되겠노라.” 세조는 왕이 되는데 도왔던 신하인 공신들을 포함해 많은 신하들을 모아 큰 잔치를 벌였지요. 하지만 아직도 몇몇 신하들은 속으로 조카를 내쫓고 왕이 된 세조를 흉보고 있었어요. 세조는 나라의 중심을 세우기 위해 어떻게 했을까요? 세조는 신하들의 힘에 눌리면 나라의 중심이 서지 않는다며, 왕의 힘으로 나라를 움직이려 했어요. 그래서 신하들의 의견을 두루 듣기보다는 왕의 명령으로 모든 것을 다루는 막강한 힘을 휘두르는 왕이 되었어요. 옥새를 받았으니 이제부터 내가 왕이다. 왕이 되려고 조카를 내쫓다니",
      "srcPage": 8,
      "srcSentenceEA": 12,
      "srcWordEA": 114
    },
    {
      "srcTextID": "142504",
      "srcText": "물거품이 된 계획. 마침내 계획한 날이 왔어요. 하지만 뜻하지 않은 일이 생겼어요. 수양 대군 곁에 장수를 두지 않겠다는 명령이 궁궐에서 내려온 것이었어요. 그때 성삼문과 같이 행동하기로 한 사람 중에 계획이 잘못되었다고 생각한 사람이 있었어요. 바로 김질이었지요. 김질은 혹시 자신에게 큰 해가 올까 봐 그 엄청난 계획을 한명회에게 알렸어요. 한명회는 깜짝 놀라며 세조에게 가서 이 사실을 말했어요. 세조는 불같이 화를 내며 말했어요. “어서 이 일을 계획한 자들을 당장 잡아들여라.” 곧 성삼문을 비롯하여 많은 사람들이 세조 앞에 끌려왔어요. 계획에 포함된 사람은 모두 잡혀서 온몸이 피와 멍으로 물들었어요. 하지만 끝까지 자신들이 한 일은 옳은 일이었다며 고개를 숙이지 않았어요. “우리는 쫓겨난 임금을 다시 제자리에 모시고자 했을 뿐이오.” 화가 난 세조는 그 사람들을 모조리 죽였어요. 이 사건이 계유정난이에요.",
      "srcPage": 10,
      "srcSentenceEA": 16,
      "srcWordEA": 126
    },
    {
      "srcTextID": "142517",
      "srcText": "음악 백과사전 악학궤범. 성종은 세종처럼 조선의 문화를 발전시키기 위해 노력했던 왕이에요. 특히 악학궤범은 조선의 음악을 정리해 놓은 책으로, 성종의 명령에 따라 여러 신하들이 만든 책이지요. 악학궤범에는 61가지 악기에 대한 설명과 20여 곡의 음악, 30여 종의 춤, 그리고 음악을 연주할 때 입는 옷과 도구들이 소개되어 있어요. 한마디로 조선 시대에 있었던 음악 백과사전이라 할 수 있어요. 그리고 음악의 가사가 한글로 되어 있어서 국악을 공부하는 사람뿐 아니라, 국어를 연구하는 학자들에게도 매우 중요한 책이에요. 조선 왕조의 대기록 조선왕조실록. 연산군 때, 실록을 쓰기 위해 준비하다가 세조를 욕했다는 이유로 죽게 된 사람은 김일손이에요. 조선왕조실록은 조선을 세운 태조 이성계에서부터 조선의 스물다섯 번째 왕 철종까지 472년간(1392~1863)의 역사를 기록한 책이에요. 실록은 왕이 한 일과 당시의 이야기들을 낱낱이 기록한 책으로, 다음 왕이 ‘실록청’ 이라는 관청의 사관에게 지난 왕에 대한 글을 쓰게 했어요. 그리고 사관이 올바른 역사를 남기도록 하기 위해 왕이라 하더라도 함부로 열어 볼 수 없었지요. 조선의 역사를 알 수 있는 소중한 역사책 조선왕조실록은 현재 서울대학교 규장각에 보관되어 있어요. 연산군이 놀기 좋아했던 절 원각사. 서울 종로의 탑골 공원 자리에는 원각사라는 절이 있었어요. 고려 시대에 지어진 원각사는 경복궁 가까이에 있어서 조선 시대에도 왕실 사람들이 종종 찾는 절이었지요. 나랏일은 뒤로 하고 술과 놀이에 빠져 지냈던 연산군은 원각사에서 놀기를 좋아했어요. 승려들은 하나둘 원각사를 떠났지요. 승려들이 빠져나간 절은 더 이상 절이 아니었어요. 승려도 없고 찾아오는 사람도 없는 절은 점점 사라져갔어요. 지금은 세조 때 세운 원각사비만이 남아 있어요.",
      "srcPage": 24,
      "srcSentenceEA": 22,
      "srcWordEA": 234
    },
    {
      "srcTextID": "142506",
      "srcText": "세조를 ‘나리’라고 불렀던 박팽년. ‘사육신’하면 가장 먼저 떠오르는 사람 중에 한 명이 바로 박팽년이에요. 박팽년은 세조에게 끌려가 큰 고통을 당하면서도 끝까지 세조를 왕으로 인정하지 않았어요. 조선 시대에는 신하들이 왕을 ‘전하’라고 불렀어요. 하지만 박팽년은 죄인으로 끌려간 자리에서 세조에게 ‘나리’라고 불렀지요. ‘나리’란 말은 자신보다 높은 사람을 일컫는 말이에요. 하지만 왕에게는 분명히 ‘전하’라고 불러야 하는 말이 있음에도 ‘나리’라고 한 것은 세조를 왕으로 받아들일 수 없다는 뜻이었지요. 또 박팽년은 세조가 ‘어찌 내가 주는 나랏돈을 받는 신하가 나를 ‘전하’라고 하지 않느냐?’고 다그쳤지만, 그는 세조가 왕이 된 뒤로는 나랏돈을 받은 적이 없었기 때문에 당당할 수 있었어요. 이렇게 끝까지 자신의 뜻을 굽히지 않았던 박팽년은 결국 세조에게 죽고 말았어요. 그런데 조선에서는 왕을 해치려 했던 사람은 그 가족까지도 죽게 되어 있었어요. 그래서 그의 아버지, 네 명의 동생들, 외아들 모두 죽게 되었어요. 다만, 그의 며느리 이씨는 뱃속에 아이를 가지고 있었기 때문에 죽지 않고 종이 되었어요. 그래서 다른 사육신들의 가족들은 모두 죽었지만 오직 박팽년의 손자 한 명만은 죽지 않고 살 수가 있었어요. 조카를 몰아낸 임금을 ‘전하’라고 부를 수 없소. 사육신과 다른 길을 갔던 신숙주. 사육신이 죽어 가고 있을 때 괴로워하던 사람이 있었어요. 바로 신숙주라는 사람이었지요. 신숙주는 세종 때부터 집현전에서 함께 일하던 학자로 성삼문과는 친한 친구 사이였어요. 하지만 신숙주는 성삼문을 비롯한 사육신이 단종을 다시 왕으로 만들려는 계획에 함께하지 않았어요. 나라가 강해지려면 수양 대군과 같이 강하고 힘센 사람이 왕이 되어야 한다고 생각했기 때문이에요. 결국 사육신 친구들과는 달리 신숙주는 세조의 뜻을 따랐기 때문에 높은 벼슬을 얻을 수 있었어요. 하지만 사람들은 신숙주를 손가락질했지요. 성삼문은 충성스러운 신하이고 신숙주는 쉽게 변하는 사람이라면서 말이에요. 심지어는 나물 중에서도 쉽게 쉬어버리는 ‘녹두나물’을 ‘숙주나물’이라 이름 붙이기도 했지요. 수양 대군은 강한 나라를 만들 것이오.",
      "srcPage": 13,
      "srcSentenceEA": 37,
      "srcWordEA": 288
    },
    {
      "srcTextID": "142512",
      "srcText": "폐비 윤씨의 슬픈 죽음. 궁궐에서 쫓겨난 폐비 윤씨는 어머니와 힘겨운 하루하루를 살았어요. 그 뒤 삼 년이 지난 어느 날, 폐비 윤씨의 집으로 궁궐에서 보낸 사람들이 찾아왔어요. 전하의 명령이오. 죄인은 어서 사약을 받으시오. 한참 동안 아무 말이 없던 폐비 윤씨는 사약을 마셨어요. 잠시 뒤 폐비 윤씨의 입에서 피가 흘렀지요. 폐비 윤씨는 소매의 천을 찢어 입에서 흐르는 피를 닦으며 곁에 있는 어머니에게 조용히 말했어요. 궁궐로 다시 오라하실 줄 알았는데, 사약이라니 흑흑. 어머니, 이 피 묻은 천을 꼭 왕자 융에게 꼭 전해 주세요. 한편 성종은 신하들에게 명령을 내렸어요. 그래서 왕자 융은 어른이 될 때까지 어머니가 어떻게 죽었는지조차 몰랐어요. 폐비 윤씨가 사약을 받아 죽었다는 사실을 융에게 절대 말하지 마라! 이 왕자가 훗날 왕의 자리에 오른 연산군이에요. 어마마마.",
      "srcPage": 19,
      "srcSentenceEA": 15,
      "srcWordEA": 127
    },
    {
      "srcTextID": "142518",
      "srcText": "죽고서도 한 번 더 죽어야 했던 김종직. 예순두 살로 세상을 떠난 김종직이 죽고서도 한 번 더 죽게 되는 황당한 일이 벌어졌어요. 그 까닭은 연산군 때, 김종직의 제자였던 김일손이 실록을 준비하며 미리 써 놓은 글에서 조의제문을 칭찬했기 때문이에요. 김종직이 쓴 조의제문은 단종을 몰아내고 왕이 된 세조를 은근히 나무라는 내용이었지요. 글의 내용을 알고 화가 난 연산군은 김일손을 비롯한 많은 신하와 선비들을 죽이고, 김종직과 관계된 모든 사람들을 찾아서 벌을 내렸어요. 그리고 연산군은 김종직의 무덤을 파헤쳐 이미 죽은 김종직의 목을 베었어요. 하지만 중종이 왕이 된 뒤, 억울함을 풀어 달라는 선비들의 부탁에 김종직의 죄는 풀리게 되었지요. 말에서 떨어져 목숨을 건진 허종. 어머니가 억울하게 죽었다는 것을 알게 된 연산군은 어머니의 죽음과 관련된 사람이면 할머니, 후궁, 왕자, 신하에 이르기까지, 그 누구도 용서하지 않았어요. 하지만 이때에 죽음을 피한 신하가 있었어요. 바로 말에서 일부러 떨어진 허종이었지요. 성종은 자신의 아내이자 연산군의 어머니인 폐비 윤씨에게 사약을 내리면서, 허종에게 사약을 가지고 가라고 했어요. 하지만 허종은 연산군이 어머니의 억울한 죽음을 알게 되면 사약을 전했던 자신을 용서하지 않을 것이라 생각했어요. 그래서 궁궐로 말을 타고 가는 길에 일부러 말에서 떨어졌지요. 그리고 심하게 다쳤기 때문에 사약을 가지고 가지 못하게 되었다고 전했어요. 허종의 생각대로 연산군은 폐비 윤씨의 죽음과 관계된 사람들을 용서하지 않았어요. 허종의 생각이 옳았던 것이지요. 말에서 떨어지면 사약을 가지고 가지 않아도 될 거야. 어이쿠! ",
      "srcPage": 25,
      "srcSentenceEA": 19,
      "srcWordEA": 216
    },
    {
      "srcTextID": "142498",
      "srcText": "수양 대군에게 밀려난 단종. 단종을 밀어내는 일을 꾸미는 한명회. 수양 대군은 어린 조카인 단종이 왕의 자리에 있는 것을 그냥 두고 볼 수 없었어요. 욕심 많은 수양 대군은 자신이 왕이 되어야겠다고 생각했어요. 그때 수양 대군 밑에서 일하고 있던 한명회가 수양 대군의 마음을 읽고 나섰어요. “대군 마마, 큰일을 제게 맡겨 주십시오. 제가 일을 꾸미겠습니다.” 한명회는 단종과 그를 따르는 신하들을 힘으로 쫓아낼 생각을 했어요. 수양 대군은 한명회에게 그 일을 준비하도록 허락했지요. 얼마 지나지 않아 한명회는 무예가 뛰어난 장수들을 몰래 모았어요. 그리고 큰일을 치를 때를 기다렸어요. 세조의신하, 칠삭둥이 한명회. 수양 대군의 충성스런 신하였던 한명회는 어릴 때부터 ‘칠삭둥이’ 라 불렸어요. 칠삭둥이는 어머니의 뱃속에서 열 달을 채우지 못하고 일곱 달 만에 미리 나왔다는 뜻이지요. 그가 진짜 칠삭둥이인지는 확실하지 않지만 한명회가 못생기고 몸집도 작아서 사람들이 그렇게 불렀다고 해요. 그렇게 놀림을 받던 한명회가 조선에서 둘째라면 서러울 정도로 큰 벼슬과 힘을 가진 신하가 되었어요. 수양 대군의 무서운 행동에 단종과 왕실은 온통 두려움에 휩싸였어요. 수양 대군의 명령대로 모두 없애 버리자. 누구 맘대로!",
      "srcPage": 5,
      "srcSentenceEA": 20,
      "srcWordEA": 170
    },
    {
      "srcTextID": "142499",
      "srcText": "수양 대군에게 죽어간 신하들. 어느 늦가을, 수십 명의 장수들이 수양 대군의 집에 모였어요. 그들은 활을 쏘고 음식을 먹으며 명령을 기다리고 있었지요. 마침내 때가 되었다고 생각한 수양 대군은 조용히 명령을 내렸어요. “먼저 어린 임금의 주변에 있는 신하들의 집으로 가자.” 수양 대군은 장수들을 이끌고 가서 신하들을 단숨에 없앴어요. 그리고 단종에게 갔어요. “전하, 신하들이 난을 일으키려 해서 더 큰일이 벌어지기 전에 그들을 죽였습니다.” 단종은 수양 대군의 억지스런 말을 듣고 기가 막혀 말이 나오지 않았어요. 하지만 어린 단종은 어떻게 할지를 몰랐어요. 수양 대군의 무서운 행동에 단종과 왕실은 온통 두려움에 휩싸였어요. 신하들이 난을 일으키려 해 먼저 없앴습니다. 수양 대군이 더 무서운데.",
      "srcPage": 6,
      "srcSentenceEA": 13,
      "srcWordEA": 106
    },
    {
      "srcTextID": "142502",
      "srcText": "단종을 다시 왕으로. 수양 대군을 몰아내기 위한 계획들이 착착. 단종의 뜻에 따라 어쩔 수 없이 옥새를 수양 대군에게 건네주었던 성삼문은 자신이 큰 죄를 지은 것 같아 하루하루를 괴로워하며 지냈어요. 이렇게 성삼문처럼 수양 대군이 왕이 된 것을 크게 못마땅해하며 슬퍼하는 사람이 또 있었어요. 바로 박팽년이었지요. 박팽년은 단종의 아버지인 문종으로부터 어린 단종을 지켜 달라는 부탁을 받았던 사람이에요. 그러나 단종을 끝까지 지키지 못해 죄스러워하고 있었어요. 그러던 어느 날, 이 두 사람이 만나게 되었어요. 이런저런 이야기를 나누던 두 사람은 같은 생각을 하고 있다는 것을 알았어요. “명나라에서 수양 대군이 왕이 된 것을 축하하러 온다고 하오. 그날 우리 편의 장수를 수양 대군 곁으로 가게 해서 수양 대군을 없애 버립시다.” “반드시 성공해서 수양 대군을 몰아내고, 다시 단종을 왕으로 모십시다.” 성삼문의 말대로 그날 수양 대군을 보호하는 사람 중의 한 명이 바로 성삼문의 아버지인 성승이었어요. 성승은 젊은 사람들의 뜻에 따르기로 약속했어요. 모두 잡아들여 죽여라! 수양 대군은 진짜 왕이 아니오.",
      "srcPage": 9,
      "srcSentenceEA": 16,
      "srcWordEA": 153
    },
    {
      "srcTextID": "142503",
      "srcText": "단종을 다시 임금에 오르게 하기 위한 계획을 했던 장소는 어디였을까요? 창덕궁이었어요. 중국 명나라 사신들을 위한 잔치가 창덕궁에서 있었기 때문이에요. “반드시 성공해서 수양 대군을 몰아내고, 다시 단종을 왕으로 모십시다.”",
      "srcPage": 11,
      "srcSentenceEA": 4,
      "srcWordEA": 30
    },
    {
      "srcTextID": "142505",
      "srcText": "단종의 무덤 장릉. 왕의 자리를 수양 대군에게 넘겨 주었던 단종은 신하들을 부추겨 다시 왕의 자리에 오르려 했다는 억울한 누명을 쓰고 말았어요. 그래서 세조는 그를 강원도 영월로 보냈어요. 영월에서 외롭고 쓸쓸한 날을 보내던 단종은 스스로 목숨을 끊었어요. 한양에서 그에게 사약을 내리기 위해 신하를 보냈다는 소식을 들었기 때문이지요. 단종의 시신은 영월 사람 엄홍도라는 사람이 몰래 거두어 묻어 주었어요. 하지만 왕의 무덤으로 볼 수 없는 초라한 무덤이었지요. 뒷날 단종의 억울함이 풀리고 난 뒤 단종의 무덤은 왕의 무덤답게 새로 꾸며졌어요. 이것이 바로 오늘날에도 볼 수 있는 단종의 무덤, 장릉이에요. 단종을 위해 죽은 여섯 명의 신하 사육신. 단종을 왕으로 다시 만들려다가 끝내 죽음에 이르게 된 여섯 명의 충성스러운 신하들이 있었어요. 그들을 사육신이라 하지요. ‘사’ 는 ‘죽다’ 라는 뜻이고 ‘육’ 은 여섯을 뜻하는 말이에요. 성삼문, 박팽년, 하위지, 이개, 유성원, 유응부가 바로 이들이지요. 1982년 국사편찬위원회에서는 이들 말고 김문기를 더 추가하기도 했어요. 이들은 집현전의 학자들로서 세종과 문종에게 아주 믿음직스러운 신하들이었어요. 특히 문종은 일찍 세상을 뜨면서 이들에게 어린 세자였던 단종을 잘 부탁한다고 말하기도 했지요. 이들은 비록 죽었지만 나라와 임금에 대한 충성스런 마음은 오늘날에도 많은 사람들에게 전해지고 있어요. 꿈속에서 본 아름다운 풍경 몽유도원도. 안평 대군은 세종의 셋째 아들이었어요. 학문과 글 솜씨가 뛰어나기로 유명한 사람이었지요. 그런데 억울하게도 그의 형 수양 대군에 의해 먼 곳으로 쫓겨났다가 결국 죽게 되었어요. 세조가 황보인, 김종서와 일을 꾸며 왕의 자리를 넘보았다는 죄를 뒤집어씌운 거예요. 이런 안평 대군과 관련된 아주 유명한 문화 유산이 있어요. 바로 안견이 그린 몽유도원도이지요. 이 그림은 안평 대군이 없었다면 그려지지 않았을 거예요. 안평 대군이 꿈속에서 아주 신기하고 아름다운 풍경을 보고 그것을 안견에게 말해 그리도록 했기 때문이에요.",
      "srcPage": 12,
      "srcSentenceEA": 30,
      "srcWordEA": 272
    },
    {
      "srcTextID": "142507",
      "srcText": "왕인 나를 누가 뭐라 하겠느냐 ? 하하. 왜 저러실까? 쯧쯧. 1450 문종, 왕위에 오름. 1452 단종, 왕위에 오름. 1455 세조, 왕위에 오름. 1456 사육신, 죽음. 1469 성종, 왕위에 오름 성종이 예종에 이어 왕이 되었어요. 1482 성종, 젊은 선비들을 뽑아 궁궐에 들임 성종은 나이든 공신을 누를 젊은 선비를 쓰기 시작했어요. 1494 연산군, 왕위에 오름 성종에 이어 연산군이 왕이 되었어요.",
      "srcPage": 14,
      "srcSentenceEA": 11,
      "srcWordEA": 67
    },
    {
      "srcTextID": "142509",
      "srcText": "궁궐로 몰려드는 젊은 선비들. 고민으로 끙끙대는 성종. 조선의 아홉 번째 왕인 성종은 궁궐에 나이 많은 신하들이 너무 많다고 생각했어요. 나이가 많은 신하들은 성종이 왕이 되기 이전부터 궁궐에서 일했기 때문에 성종이 쉽게 명령을 내릴 수 없었어요. 그리고 나이 많은 신하들은 젊고 새로운 선비들을 신하로 뽑으려 하지 않고 자신들의 가족이나 친척, 또는 자신을 따르는 사람만을 신하로 뽑으려고 했지요. 하지만 성종은 젊고 똑똑한 선비를 신하로 두고 새롭게 자신의 뜻을 펼치길 원했어요. 그때 김종직이란 선비가 성종의 눈에 쏙 들어왔어요. 지혜롭고 생각이 깊었던 김종직은 많은 사람들이 존경하고 따르는 선비였지요. 나라를 새롭게 하려면 젊은 일꾼이 필요해. 김종직 대감은 정말 존경스러워. 성종은 젊고 똑똑한 선비를 신하로 두고 새롭게 자신의 뜻을 펼치길 원했어요.",
      "srcPage": 16,
      "srcSentenceEA": 11,
      "srcWordEA": 115
    },
    {
      "srcTextID": "142516",
      "srcText": "붉은 피로 물든 궁궐. 연산군에게 전해진 천은 폐비 윤씨가 죽기 전, 입에서 흐르는 피를 닦았던 천이었어요. “누가 어머니를 죽였느냐? 내 그들을 가만두지 않으리라!” 연산군은 먼저 어머니를 모함한 후궁 두 명을 데려오게 했어요. 그리고 후궁들을 발로 차서 단숨에 죽게 했지요. 왕이 두 후궁를 죽였다는 끔직한 소문이 온 궁궐에 퍼졌어요. 소문을 들은 연산군의 할머니 인수 대비는 연산군을 꾸짖었지요. 하지만 연산군은 인수 대비를 밀쳐 버렸어요. “당신도 똑같이 나쁜 사람이오!” 연산군의 화는 여기서 멈추지 않았어요. 연산군은 죽은 후궁의 아들인 안양군과 봉안군마저 죽게 했어요. 그리고 어머니의 죽음과 조금이라도 관련이 있는 신하와 선비들을 모두 찾아내 죽이라고 했지요. 결국 100여 명이 넘는 신하와 선비들이 이 사건으로 죽음을 맞았어요. 이럴 수가. 내 어머니를 죽인 자들을 용서하지 않으리라. 전하의 어머니가 억울하게 돌아가셨습니다.",
      "srcPage": 23,
      "srcSentenceEA": 17,
      "srcWordEA": 127
    }
  ]
}