{
  "title": "숫자들아, 모여라!",
  "author": "정은미",
  "illustrator": "박희동",
  "isbn": "9791157591862",
  "readAge": "초등_저학년",
  "publishedYear": 2015,
  "publisher": "아람북스",
  "classification": "사회관계",
  "paragraphInfoCount": 47,
  "paragraphInfo": [
    {
      "srcTextID": "19743",
      "srcText": "그런데 남자아이들이 2명 더 많은 거야. 결국 키가 가장 큰 명우는 여자 편 달리기 선수가 됐지. 그런데 이게 웬일이야?",
      "srcPage": 7,
      "srcSentenceEA": 3,
      "srcWordEA": 21
    },
    {
      "srcTextID": "19745",
      "srcText": "남자 팀이 이기고 있는데 명우가 쌩하고 앞서 달리는 거야. 결국 이어달리기 시합은 여자 팀이 이겼어. 명우,이겨라!” “ “명우,잘한다!” 우리 반은 모둠끼리 모여 앉아서 공부해.",
      "srcPage": 8,
      "srcSentenceEA": 4,
      "srcWordEA": 26
    },
    {
      "srcTextID": "19747",
      "srcText": "한 모둠당 6명씩 5묶음이니까 모두 30명! 맞지? “자, 어떤 모둠이 스티커를 많이 받나 볼까?” 선생님 말씀에 왁자지껄하던 교실이 조용해졌어.",
      "srcPage": 9,
      "srcSentenceEA": 4,
      "srcWordEA": 21
    },
    {
      "srcTextID": "19754",
      "srcText": "한 모둠에 6명이잖아. 6명씩 다섯 모둠이 있으니까 6을 5번 더하면 돼. 5씩 묶어서 세도 되는데.",
      "srcPage": 13,
      "srcSentenceEA": 3,
      "srcWordEA": 17
    },
    {
      "srcTextID": "19752",
      "srcText": "하지만 미영이도 기죽을 필요는 없어. 1학년 1학기에는 50까지의 수와 덧셈, 뺄셈을 배울 거야. 그리고 여러가지 모양과 길이와 높이 비교하기, 가르기와 모으기도 배울 거란다.",
      "srcPage": 15,
      "srcSentenceEA": 3,
      "srcWordEA": 25
    },
    {
      "srcTextID": "19756",
      "srcText": "아침마다 7시 30분이면 시끄럽게 울어 대는 뻐꾸기 자명종 소리. “아이, 시끄러워. 난 더 잘 거야.” 나는 이불을 당겨 머리끝까지 뒤집어썼어.",
      "srcPage": 18,
      "srcSentenceEA": 4,
      "srcWordEA": 22
    },
    {
      "srcTextID": "19758",
      "srcText": "‘으악, 지각이다!’ 교실 문을 열어 보니 벌써 반 친구들이 다 와 있었어. 나는 힐끔힐끔 선생님 눈치를 보며 자리에 가 앉았어. ‘지각했으니 선생님한테 혼나겠지?’",
      "srcPage": 20,
      "srcSentenceEA": 4,
      "srcWordEA": 26
    },
    {
      "srcTextID": "19757",
      "srcText": "‘어? 1교시는 여름 시간인데?’ 그러고 보니 칠판 옆에 있던 시간표도 없었어. 자, 모두 수학책을 펴세요.",
      "srcPage": 22,
      "srcSentenceEA": 3,
      "srcWordEA": 18
    },
    {
      "srcTextID": "19761",
      "srcText": "수업 시간이 얼마나 흘렀을까? 허리도 아프고, 팔도 저려 왔어. 그런데 시계가 없으니 몇 시인지 알 수가 있어야지.",
      "srcPage": 23,
      "srcSentenceEA": 3,
      "srcWordEA": 19
    },
    {
      "srcTextID": "19765",
      "srcText": "‘또 수업이 끝나지 않으면 어쩌지?’ 교실 문을 열었더니 반 친구들이 나를 보고 깜짝 놀라는 거야. “와, 지각 대장인 경호가 오늘은 일찍 왔네.”",
      "srcPage": 27,
      "srcSentenceEA": 3,
      "srcWordEA": 23
    },
    {
      "srcTextID": "19764",
      "srcText": "‘8시 40분! 휴, 지각은 아니구나.’ 오늘은 10분 일찍 왔더니 모두들 박수를 쳐 주었어. 어찌나 부끄럽던지. 큼지막한 시간표도 박수를 치는 것 같았어. 아, 시간이 없는 나라는 생각만 해도 정말 끔찍해!",
      "srcPage": 29,
      "srcSentenceEA": 6,
      "srcWordEA": 34
    },
    {
      "srcTextID": "19771",
      "srcText": "쉬는 시간이다! 빨리 화장실 다녀와야지. 2교시는 수학. 이 정도쯤이야 쉽지. 우리 술래잡기 하자!",
      "srcPage": 33,
      "srcSentenceEA": 5,
      "srcWordEA": 17
    },
    {
      "srcTextID": "19776",
      "srcText": "우리 모둠 만세! 나는 학교에 가면 제일 먼저 보는 게 있어. 바로 우리 반 교실 뒤에 있는 ‘모둠별 스티커 그래프’야.",
      "srcPage": 36,
      "srcSentenceEA": 3,
      "srcWordEA": 23
    },
    {
      "srcTextID": "19773",
      "srcText": "1모둠 장인 용찬이가 그래프를 보고 몹시 아쉬워했어. 나는 용식이 때문에 달라진 우리 모둠 그래프를 보면서 자신이 생겼어. 그동안 지각 대장인 용식이 때문에 우리 모둠은 한 번도 1등을 못 해 봤거든.",
      "srcPage": 38,
      "srcSentenceEA": 3,
      "srcWordEA": 32
    },
    {
      "srcTextID": "19777",
      "srcText": "“용식아, 우리는 할 수 있어. 힘내자!” 우리는 용식이에게 힘을 줬지. 이번에는 우리 모둠이 1등 하는 거야!",
      "srcPage": 42,
      "srcSentenceEA": 4,
      "srcWordEA": 19
    },
    {
      "srcTextID": "19782",
      "srcText": "한 달째 되는 날 아침, 우리 모둠은 용식이만 빼고 모두 와 있었어. “왜 용식이가 안 오지? 2분밖에 안 남았는데.”",
      "srcPage": 43,
      "srcSentenceEA": 3,
      "srcWordEA": 20
    },
    {
      "srcTextID": "19781",
      "srcText": "나는 계속 시계만 들여다봤어. 오늘만 지각하지 않으면 우리 모둠이 1등인데. 아이들은 조마조마한 마음으로 운동장을 쳐다봤지.",
      "srcPage": 44,
      "srcSentenceEA": 3,
      "srcWordEA": 17
    },
    {
      "srcTextID": "19787",
      "srcText": "벌써 다음 달에는 어느 모둠이 1등을 할지 궁금하네. 물론 우리 3모둠이 1등을 하면 좋겠지만 말이야. 그래프로 보니까 한눈에 쏘옥!",
      "srcPage": 50,
      "srcSentenceEA": 3,
      "srcWordEA": 21
    },
    {
      "srcTextID": "19742",
      "srcText": "나와 반 친구들에게 번호가 생겼어. 키가 제일 작은 미영이가 1번이고, 키가 제일 큰 명우가 30번이야. 선생님이 키 순서대로 번호를 매길 때 나는 발뒤꿈치를 살짝 들었어.",
      "srcPage": 3,
      "srcSentenceEA": 3,
      "srcWordEA": 27
    },
    {
      "srcTextID": "19740",
      "srcText": "“선생님, 경호가 자꾸 발뒤꿈치를 들어요.” 석이가 선생님께 일러바치는 통에 나는 석이 앞에 서야 했지. 30명의 중간인 15번이 될 수 있었는데 말이야.",
      "srcPage": 4,
      "srcSentenceEA": 3,
      "srcWordEA": 23
    },
    {
      "srcTextID": "19748",
      "srcText": "한 사람만 떠들어도 그 모둠은 노란 스티커를 받아. 노란 스티커를 3개만 받아도 그날은 청소를 해야 돼. 그런데 석이가 떠들고 싶어 몸을 들썩들썩하는 거야.",
      "srcPage": 10,
      "srcSentenceEA": 3,
      "srcWordEA": 25
    },
    {
      "srcTextID": "19746",
      "srcText": "내가 다리를 툭 찼더니 우스꽝스러운 표정을 지었어. 얼마나 웃기던지 하마터면 웃음보가 터질 뻔했지 뭐야. 자, 어떤 모둠이 스티커를 많이 받나 볼까?",
      "srcPage": 11,
      "srcSentenceEA": 3,
      "srcWordEA": 23
    },
    {
      "srcTextID": "19751",
      "srcText": "수학 교과서. 수학 교과서는 수학과 수학 익힘으로 나뉘어요. 수학 교과서는 수학의 개념과 용어의 필요성을 자연스럽게 알 수 있도록 되어 있어요. 수학 익힘은 학교에서 배운 개념을 집에서 스스로 학습하는 워크북이에요.",
      "srcPage": 16,
      "srcSentenceEA": 4,
      "srcWordEA": 32
    },
    {
      "srcTextID": "19755",
      "srcText": "그런데 자명종 소리는 이불 속까지 들어와 뻐꾹뻐꾹. 결국 일어나 자명종 전원을 꺼야 했어. 시간이 없는 나라에서 산다면 얼마나 좋을까? 아이, 시끄러워. 난 더 잘 거야!",
      "srcPage": 19,
      "srcSentenceEA": 5,
      "srcWordEA": 29
    },
    {
      "srcTextID": "19759",
      "srcText": "그런데 선생님이 나를 보고 방긋 웃으시는 거야. ‘어? 이상하다. 지각 아닌가?’ 교실 뒤에 있는 시계를 보려고 고개를 돌렸더니 시계가 없었어. 그리고 반 친구들은 모두 수학책을 펼쳐 놓고 앉아 있었어.",
      "srcPage": 21,
      "srcSentenceEA": 6,
      "srcWordEA": 34
    },
    {
      "srcTextID": "19760",
      "srcText": "“선생님, 화장실 갔다 와도 돼요?” “안 돼!” 갑자기 선생님이 무서워졌어. 슬슬 오줌까지 마렵기 시작했어. 나는 용기를 내서 말했어. 선생님, 화장실 갔다 와도 돼요?",
      "srcPage": 24,
      "srcSentenceEA": 6,
      "srcWordEA": 27
    },
    {
      "srcTextID": "19762",
      "srcText": "“야호!” 나는 벌떡 일어나 뛰다가 어딘가로 굴러떨어졌어. “경호야, 학교 지각하겠다. 빨리 일어나야지.” 엄마 목소리에 잠을 깨 보니 나는 침대 아래 누워 있었어. “앗, 8시 10분이네. 늦겠다!”",
      "srcPage": 26,
      "srcSentenceEA": 6,
      "srcWordEA": 30
    },
    {
      "srcTextID": "19767",
      "srcText": "3교시는 국어. 나는 발표하는 게 제일 재미있어. 다음 수업은 봄 수업 맞지? 4교시는 봄 수업이지?",
      "srcPage": 34,
      "srcSentenceEA": 4,
      "srcWordEA": 18
    },
    {
      "srcTextID": "19774",
      "srcText": "세로는 날짜, 가로는 이름을 나타낸 그래프가 1모둠에서 5모둠까지 있어. 선생님은 8시 50분까지 교실로 들어오는 아이에게만 스티커를 주셔. 그리고 한 달 동안 한 사람도 지각하지 않은 모둠에게는 상도 주시지.",
      "srcPage": 37,
      "srcSentenceEA": 3,
      "srcWordEA": 30
    },
    {
      "srcTextID": "19775",
      "srcText": "어휴, 승희와 인수가 지각하는 바람에 스티커 못 받았어. 1모둠 2모둠 3모둠 4모둠 용찬아, 너희 모둠은 지난번에 1등 했잖아. 이번에는 우리 3모둠이 꼭 1등 할 거야!",
      "srcPage": 39,
      "srcSentenceEA": 3,
      "srcWordEA": 27
    },
    {
      "srcTextID": "19779",
      "srcText": "그런데 정말 용식이가 이번 달 들어서 지각을 안 하는 거야. 다음 주가 이번 달 마지막 주야. 우리 3모둠은 지금까지 날짜 선에 따라 차곡차곡 스티커를 쌓아 올리고 있었어.",
      "srcPage": 41,
      "srcSentenceEA": 3,
      "srcWordEA": 29
    },
    {
      "srcTextID": "19780",
      "srcText": "그때, 운동장에서 뒤뚱뒤뚱 뛰어오는 용식이가 보였어. “용식아, 빨리빨리!” 석이가 소리쳤어. “1분 남았어, 빨리 뛰어!” 용식이는 있는 힘을 다해 달려왔어. 용식아, 빨리빨리!",
      "srcPage": 45,
      "srcSentenceEA": 6,
      "srcWordEA": 24
    },
    {
      "srcTextID": "19784",
      "srcText": "선생님은 사물함에서 상품을 꺼내 우리 모둠에게 나누어 주셨어. 선물은 가방에 다는 예쁜 동물 인형들이었지. “다음 달에도 우리 1등 하자.” 하하! 용식이 녀석, 이젠 자신감이 생겼나 봐.",
      "srcPage": 49,
      "srcSentenceEA": 5,
      "srcWordEA": 29
    },
    {
      "srcTextID": "19744",
      "srcText": "우리 반 여자아이들은 14명이고, 남자아이들은 16명이야. 14명에 16명을 더하면 30명! 맞지? 한번은 여자 대 남자로 편을 짜서 이어달리기 시합을 했어.",
      "srcPage": 6,
      "srcSentenceEA": 4,
      "srcWordEA": 23
    },
    {
      "srcTextID": "19738",
      "srcText": "안녕? 내 이름은 차경호야. 나는 신나라 초등학교 1학년 7반이야. 유치원 때는 ‘백조반’, ‘파랑새반’, ‘비둘기반’이 있었는데, 초등학교에서는 1반부터 10반까지 나뉘어 있어.",
      "srcPage": 1,
      "srcSentenceEA": 6,
      "srcWordEA": 26
    },
    {
      "srcTextID": "19739",
      "srcText": "학생 수도 정말 많아. 1학년이 한 반에 30명씩 10반까지 있어. 2학년부터 6학년까지 학생 수를 모두 합하면, 아휴, 내 머리로는 도저히 계산이 안 돼.",
      "srcPage": 2,
      "srcSentenceEA": 3,
      "srcWordEA": 25
    },
    {
      "srcTextID": "19741",
      "srcText": "결국 나보다 아주 쪼끔 큰 석이가 15번이 되었어. “14번, 차경호!” 그때부터 선생님은 번호와 이름을 같이 부르셨지. 선생님, 경호가 자꾸 발뒤꿈치를 들어요. 야호, 내가 우리 반에서 키가 제일 커! 쉿, 떠들지 마세요!",
      "srcPage": 5,
      "srcSentenceEA": 6,
      "srcWordEA": 35
    },
    {
      "srcTextID": "19753",
      "srcText": "학습 결과를 스스로 점검할 수 있게 정답 및 풀이를 활용하면 돼요. 1학년 수학은 수와 연산, 도형, 측정, 규칙성, 확률과 통계를 배워요. 아이에게 단순한 반복 계산 연습보다는 수학적 과정을 통한 창의성 및 인성을 키워 갈 수 있도록 하는 것이 매우 중요해요.",
      "srcPage": 17,
      "srcSentenceEA": 3,
      "srcWordEA": 42
    },
    {
      "srcTextID": "19763",
      "srcText": "아무리 기다리고 기다려도 수업이 끝나지 않았어. 꼬르륵꼬르륵. ‘아, 배고파. 수업은 언제 끝나지?’ 그때, 수업이 끝나는 종소리가 들렸어.",
      "srcPage": 25,
      "srcSentenceEA": 5,
      "srcWordEA": 21
    },
    {
      "srcTextID": "19769",
      "srcText": "나는 지금 시간표가 좋아. 40분 공부하면 10분 쉬고, 내가 좋아하는 국어도 있고, 수학 수업도 있어. 시간표 때문에 우리가 규칙적인 생활을 할 수 있잖아.",
      "srcPage": 30,
      "srcSentenceEA": 3,
      "srcWordEA": 25
    },
    {
      "srcTextID": "19770",
      "srcText": "쉬는 시간 10분은 너무 짧아! 수업 시간하고 쉬는 시간을 바꾸면 좋겠어! 그럼 40분 쉬고, 10분 공부하는 거네. 그거 재밌겠는걸. 그럼 만날 공부하려면 쉬고, 공부하려면 쉬어서 배우는 게 없잖아.",
      "srcPage": 31,
      "srcSentenceEA": 5,
      "srcWordEA": 32
    },
    {
      "srcTextID": "19772",
      "srcText": "준비운동부터 해야지! 열, 열하나, 열둘, 어때, 나 잘하지? 선생님, 안녕히 계세요. 야호, 수업 끝났다! 종민아, 내일 봐.",
      "srcPage": 35,
      "srcSentenceEA": 5,
      "srcWordEA": 21
    },
    {
      "srcTextID": "19778",
      "srcText": "“용식아, 우리도 1등 좀 하자. 응?” 우리 모둠 아이들이 모두 용식이에게 부탁을 했어. “아, 알았어.” 용식이는 미안했는지 말까지 더듬었어.",
      "srcPage": 40,
      "srcSentenceEA": 5,
      "srcWordEA": 22
    },
    {
      "srcTextID": "19783",
      "srcText": "“10초, 9초, 8초, 7초, 6초, 5초, 4초, 3초.” 드르륵, 교실 문이 열리고 용식이가 들어왔어. “야호, 지각 아니다.”",
      "srcPage": 46,
      "srcSentenceEA": 3,
      "srcWordEA": 18
    },
    {
      "srcTextID": "19786",
      "srcText": "우리 모둠 아이들은 용식이의 손을 잡고 깡충깡충 뛰었어. “8시 49분 58초!” 선생님이 시계를 보며 크게 말씀하셨지.",
      "srcPage": 47,
      "srcSentenceEA": 3,
      "srcWordEA": 17
    },
    {
      "srcTextID": "19785",
      "srcText": "용식이는 싱글벙글 웃으며 스티커를 받았어. “이번 달의 1등은 3모둠이다.” “와!” 우리 모둠은 마치 경기에서 이긴 것처럼 기뻐했어.",
      "srcPage": 48,
      "srcSentenceEA": 3,
      "srcWordEA": 18
    },
    {
      "srcTextID": "19788",
      "srcText": "휴, 연필이 도대체 몇 개야. 지우개, 자, 공책, 풀도 몇 개씩 되고. 아, 그렇지! 그래프로 나타내 보는 거야. 연필은 10자루, 공책은 7권, 지우개는 4개, 풀은 2개, 자는 3개. 그래프로 정리하니까 뭐가 몇 개 있는지 금방 알 수 있어.",
      "srcPage": 51,
      "srcSentenceEA": 6,
      "srcWordEA": 43
    }
  ]
}