{
  "title": "커져라! 짜증 방망이",
  "author": "이미현",
  "illustrator": "정인성,천복주",
  "isbn": "9791165953027",
  "readAge": "초등_저학년",
  "publishedYear": 2021,
  "publisher": "아람북스",
  "classification": "사회관계",
  "paragraphInfoCount": 23,
  "paragraphInfo": [
    {
      "srcTextID": "16194",
      "srcText": "“쳇, 내 방망이는 왜 이렇게 작은 거야?” 꼬마 도깨비 툴툴이는 친구들이 놀려 대서 정말 속상했어요. 키도 작은 데다가 방망이까지 작아서 더 놀림을 당하는 것 같았어요.",
      "srcPage": 1,
      "srcSentenceEA": 3,
      "srcWordEA": 27
    },
    {
      "srcTextID": "16198",
      "srcText": "“혹시 방망이를 키우는 방법이 어디 없을까?” 궁금한 건 꼭 책을 찾아봐야 하는 툴툴이는 냉큼 도서관으로 달려갔어요. 그리고 딱 맞는 책 한 권을 찾아냈어요.",
      "srcPage": 2,
      "srcSentenceEA": 3,
      "srcWordEA": 25
    },
    {
      "srcTextID": "16207",
      "srcText": "“엄마, 찬이가 내 로봇을 망가뜨렸어!” “그러게 좀 잘 두지 그랬니? 동생은 아기라서 아무것도 모르잖아. 네가 형이니까 참아.” “쳇, 엄마는 매일 찬이 편만 들어.”",
      "srcPage": 8,
      "srcSentenceEA": 5,
      "srcWordEA": 25
    },
    {
      "srcTextID": "16211",
      "srcText": "“나 그림 그릴 거야. 방해하지 마.” 동이는 자기 방으로 들어가 스케치북을 펼치고, 가장 좋아하는 공룡을 그리기 시작했어요. 그때였어요. “툴툴아, 바로 지금이야!” 방망이가 큰 소리로 외쳤어요. 툴툴이는 손이 보이지 않을 정도로 빠르게 동이의 머리 위로 방망이를 가져갔지만, 짜증 구름은 어느새 사라진 뒤였어요. ",
      "srcPage": 10,
      "srcSentenceEA": 7,
      "srcWordEA": 46
    },
    {
      "srcTextID": "16216",
      "srcText": "짜증 구름을 하나도 먹지 못한 방망이는 배가 몹시 고팠어요. “툴툴아, 나 배고파. 정말정말 배고프단 말이야.” 방망이는 툴툴이에게 짜증 구름을 달라고 계속 졸랐어요. 그때.",
      "srcPage": 11,
      "srcSentenceEA": 5,
      "srcWordEA": 26
    },
    {
      "srcTextID": "16221",
      "srcText": "“수민아, 이리 와. 엄마가 안아 줄게.” 수민이 엄마가 울먹이는 수민이를 꼭 안고 달래 주었어요. 그러자 수민이 머리 위에 있던 짜증 구름이 조금씩 흩어지기 시작했어요. ",
      "srcPage": 13,
      "srcSentenceEA": 4,
      "srcWordEA": 27
    },
    {
      "srcTextID": "16228",
      "srcText": "툴툴이도 더 이상 참을 수 없었어요. “툴툴아, 내 입이 이상해!” 방망이는 입이 점점 작아지다가 결국 사라지고 말았어요. ",
      "srcPage": 19,
      "srcSentenceEA": 3,
      "srcWordEA": 18
    },
    {
      "srcTextID": "16202",
      "srcText": "툴툴이는 책에 적힌 대로 정성껏 방망이를 만들었어요. 그때 어디선가 ‘이히히’ 하는 웃음소리가 들렸어요. 두리번거리던 툴툴이는 방망이를 보고 깜짝 놀랐어요.",
      "srcPage": 5,
      "srcSentenceEA": 4,
      "srcWordEA": 22
    },
    {
      "srcTextID": "16201",
      "srcText": " 방망이에 실쭉샐쭉 입이 생겨났지 뭐예요! “아이, 간지러워! 툴툴아, 나 배고파. 빨리 짜증 구름 먹으러 가자!” 방망이는 입을 앞으로 쭉 내밀며 무엇이든지 먹어 치울 것처럼 말했어요. ",
      "srcPage": 6,
      "srcSentenceEA": 5,
      "srcWordEA": 29
    },
    {
      "srcTextID": "16233",
      "srcText": "그러자 툴툴이의 마음이 순식간에 편안해지고, 짜증 나던 마음은 사라져 버렸어요. 툴툴이와 친구들은 펄쩍펄쩍, 팔짝팔짝! 밤늦게까지 신나게 놀았어요. ",
      "srcPage": 23,
      "srcSentenceEA": 3,
      "srcWordEA": 19
    },
    {
      "srcTextID": "16197",
      "srcText": " 방망이가 쑥쑥 커지는 짜증 방망이 만드는 법!을요. “하하, 바로 이거야! 짜증 방망이를 만들어서 친구들한테 자랑해야지.” ",
      "srcPage": 3,
      "srcSentenceEA": 3,
      "srcWordEA": 18
    },
    {
      "srcTextID": "16199",
      "srcText": "짜증 방망이 만드는 법 1. 방망이에 두꺼비 오줌을 묻히고, 달밤에 잘 말린다. 2. 방망이를 깨끗한 물로 씻어 낸 뒤, 해바라기씨 기름을 바른다. 3. 방망이가 아이들 머리 위에 있는 짜증 구름을 먹으면 쑥쑥 커져서 짜증 방망이가 된다.",
      "srcPage": 4,
      "srcSentenceEA": 6,
      "srcWordEA": 41
    },
    {
      "srcTextID": "16203",
      "srcText": "툴툴이는 마을로 내려와 여기저기 둘러보았어요. “저기 있다, 짜증 구름!” 방망이가 큰 소리로 외쳤어요. 방망이가 가리킨 곳을 보니 한 아이의 머리 위로 짜증 구름이 몽실몽실 피어오르고 있었어요.",
      "srcPage": 7,
      "srcSentenceEA": 4,
      "srcWordEA": 28
    },
    {
      "srcTextID": "16208",
      "srcText": "동이의 머리 위에 짜증 구름이 더 많아졌어요. “툴툴아, 빨리빨리!” 짜증 구름을 본 방망이는 툴툴이를 잡아끌었어요. 툴툴이와 방망이는 어느새 동이네 집 안에 들어와 있었어요.",
      "srcPage": 9,
      "srcSentenceEA": 4,
      "srcWordEA": 25
    },
    {
      "srcTextID": "16215",
      "srcText": "“엄마, 나 치과 가기 싫어! 무섭단 말이야.” “오늘만 가면 치료 끝나니까 조금만 참아.” 아이는 금방이라도 울음을 터뜨릴 것 같았어요. 아이의 머리 위에서 짜증 구름이 만들어지고 있었어요. 툴툴이는 신이 나서 재빨리 아이 뒤로 다가갔어요. 그런데.",
      "srcPage": 12,
      "srcSentenceEA": 7,
      "srcWordEA": 39
    },
    {
      "srcTextID": "16222",
      "srcText": "“엄마 따라 숨을 천천히, 크게 쉬어 볼까?” 수민이는 엄마를 따라 천천히, 크게 숨을 쉬었어요. 짜증 구름은 점점 희미해지더니 곧 사라지고 말았어요. ",
      "srcPage": 14,
      "srcSentenceEA": 3,
      "srcWordEA": 23
    },
    {
      "srcTextID": "16224",
      "srcText": "“뭐야, 또 놓쳐 버렸잖아!” “짜증 구름이 자꾸 사라지는 걸 나보고 어떻게 하라고!” 방망이는 툴툴대면 툴툴댈수록 입이 점점 작아졌어요. 툴툴이도 짜증이 나서 아무 말도 하고 싶지 않았어요",
      "srcPage": 15,
      "srcSentenceEA": 4,
      "srcWordEA": 28
    },
    {
      "srcTextID": "16225",
      "srcText": "그때 저 멀리 여러 아이들 머리 위로 짜증 구름이 보였어요. “저기 짜증 구름이 엄청 많다! 이번엔 틀림없어!” 툴툴이는 헐레벌떡 달려갔어요. 그런데. ",
      "srcPage": 16,
      "srcSentenceEA": 5,
      "srcWordEA": 24
    },
    {
      "srcTextID": "16226",
      "srcText": " “미세 먼지 때문에 밖에서 놀지도 못했어.” “우리 트램펄린 타고 놀까?” 아이들은 실내 놀이터에서 신나게 트램펄린을 타고 놀았어요. 그러자 짜증 구름은 또 온데간데없이 사라지고 말았어요.",
      "srcPage": 17,
      "srcSentenceEA": 4,
      "srcWordEA": 26
    },
    {
      "srcTextID": "16227",
      "srcText": "“하루 동안 짜증 구름을 먹지 못하면 내 입은 사라져 버린다고!” 방망이는 작아진 입으로 계속 투덜거렸어요. “너, 이제 그만해! 나도 짜증 난단 말이야!”",
      "srcPage": 18,
      "srcSentenceEA": 4,
      "srcWordEA": 24
    },
    {
      "srcTextID": "16231",
      "srcText": "툴툴이는 속상하고 화도 났어요. “짜증 방망이도 못 만들고, 하루 종일 방망이 잔소리만 듣고, 여기저기 뛰어다니느라 힘들기만 했어. 어휴, 짜증 나!” 계속 짜증을 내다보니 툴툴이는 배가 살살 아프고, 머리도 지끈거렸어요. ",
      "srcPage": 20,
      "srcSentenceEA": 4,
      "srcWordEA": 31
    },
    {
      "srcTextID": "16230",
      "srcText": "“그래, 나도 아이들처럼 해 볼까?” 툴툴이는 크게 숨을 쉬고, 벽에 쓱쓱 그림도 그리고, 펄쩍펄쩍 트램펄린도 신나게 탔어요. 그러자 짜증이 조금 풀리는 것 같았어요. ",
      "srcPage": 21,
      "srcSentenceEA": 3,
      "srcWordEA": 25
    },
    {
      "srcTextID": "16232",
      "srcText": "그때, 툴툴이 엄마가 툴툴이를 찾아왔어요. “툴툴아, 어디 갔었어? 엄마가 한참 찾았잖아.” 엄마는 툴툴이를 꼭 안아 주었어요.",
      "srcPage": 22,
      "srcSentenceEA": 4,
      "srcWordEA": 18
    }
  ]
}