{
  "title": "박동진",
  "author": "송언",
  "illustrator": "문종성",
  "isbn": "9791155396247",
  "readAge": "초등_저학년",
  "publishedYear": 2016,
  "publisher": "(도서출판)때올비",
  "classification": "사회관계",
  "paragraphInfoCount": 21,
  "paragraphInfo": [
    {
      "srcTextID": "139769",
      "srcText": "소리 공부를 한 지 꼬박 1년이 되는 날이었어요. “이제 내게선 더 배울 소리가 없구나. 심청가 최고의 명창 김창진 선생님이 서천에 머물고 계신다. 그분을 찾아뵙고 심청가를 배워라.” 선생님이 말씀하셨어요. “김창진 선생님은 어떤 분인가요?”",
      "srcPage": 8,
      "srcSentenceEA": 6,
      "srcWordEA": 35
    },
    {
      "srcTextID": "139763",
      "srcText": "박동진 할아버지 나이 아홉 살 때였어요. 우리나라 최고 명창들이 모여 소리 공연을 하는 ‘협률사’ 란 단체가 할아버지가 사는 충청도 공주 지방에 내려왔어요. 할아버지는 열 일 제쳐 두고 공연을 보러 달려갔어요.",
      "srcPage": 2,
      "srcSentenceEA": 4,
      "srcWordEA": 33
    },
    {
      "srcTextID": "139768",
      "srcText": "소리를 배우기 시작한 지 한 달쯤 지났을 때였을까요? 선생님을 따라 칠갑산을 넘어 청양에 가는 길이었어요. 눈 덮인 칠갑산은 고요히 말이 없고, 꼭 꿈속을 걷는 듯한 기분이었지요. 박동진 할아버지는 혼신의 힘을 다해 심청가 한 대목을 불렀어요. 그 순간, 웬 할아버지가 불쑥 나타나 물었어요. “지금 한 소리가 뉘 소리냐?” 박동진 할아버지는 어리둥절해하며 대답을 못 했어요. “나는 칠갑산 산신령이다. 내가 잠시 목소리를 네게 빌려 준 게야. 소리란 모름지기 혼이 깃들어 있어야 하는 게야. 그래야 듣는 이의 마음을 사로잡을 수 있느니라.” 가만히 옆에서 듣고 있던 선생님이 덧붙였어요. “허허, 하늘이 소리꾼으로 널 점찍은 모양이구나.”",
      "srcPage": 7,
      "srcSentenceEA": 13,
      "srcWordEA": 98
    },
    {
      "srcTextID": "139770",
      "srcText": "“김창룡 명창의 동생인데, 어려서부터 소리가 형만 못하다고 구박과 멸시를 받으며 자랐단다. 그래서 형이 소리할 때 옆에서 북장단이나 맞춰 주는 처량한 신세였지. 그러던 어느 날, 큰 결심을 하고 10년 공부에 들어간 거야. ‘형의 소리를 뛰어넘지 못하면 차라리 죽어 버리리라.’ 김창진 선생님은 깊은 산속 암자에 틀어박혀 자그마치 10년 동안 오로지 심청가 하나를 갈고 닦아, 마침내 심청가 최고의 명창에 오른 분이란다.”",
      "srcPage": 9,
      "srcSentenceEA": 5,
      "srcWordEA": 62
    },
    {
      "srcTextID": "139773",
      "srcText": "박동진 할아버지가 심청가 가사와 가락을 익히느라 씨름하는 동안, 선생님은 하루도 쉬지 않고 소리를 갈고 닦으셨어요. 명창이 된 뒤에도 끝없이 자기 소리를 가다듬지 않으면, 목청이 망가져 소리꾼의 삶이 끝장난다는 걸 몸소 가르쳐 준 거예요. 한번은 김창진 선생님을 따라 공주 어느 잔칫집에 가게 되었어요.",
      "srcPage": 11,
      "srcSentenceEA": 3,
      "srcWordEA": 44
    },
    {
      "srcTextID": "139775",
      "srcText": "그 당시 100원은 굉장히 큰돈이었어요. 게다가 박동진 할아버지는 땡전 한 푼 없는 신세였지요. 소리를 배우게 해 달라고 사흘 밤낮을 굶으면서 떼를 써 보았으나 아무 소용이 없었어요. 할아버지는 할 수 없이 김창진 선생님께 배운 심청가 한 대목을 처량하게 부른 뒤 지친 몸을 이끌고 계룡산을 내려왔어요.",
      "srcPage": 14,
      "srcSentenceEA": 4,
      "srcWordEA": 47
    },
    {
      "srcTextID": "139778",
      "srcText": "이제 그동안 배운 소리를 자기 소리로 바꾸는 일이 남았어요. 박동진 할아버지는 고향으로 내려가 뒷산에 움막을 짓고 백 일 동안 소리 독공에 들어갔어요. 소리 독공이란 혼자 죽기 살기로 소리를 가다듬는 걸 말해요. 잠자는 시간만 빼고 오로지 소리에만 매달리는 것이지요. 50일이 지나자 잇몸이 퉁퉁 붓고, 눈앞이 뿌옇게 흐려졌어요. 그러더니 마침내 목구멍에서 핏덩어리가 넘어왔지요. 하지만 박동진 할아버지는 소리를 멈추지 않았어요. 그러다가 그만 정신을 잃고 쓰러졌지요. “아버지, 똥물을 갖다 주세요. 그걸 먹어야 살 수 있어요.” 아들이 걱정되어 찾아온 아버지에게 겨우 입을 뗐어요. 아버지는 허겁지겁 똥물을 구해 왔답니다. 똥물을 먹고 살아난 박동진 할아버지는 백 일 독공을 모두 마쳤어요. 그 소리가 얼마나 구성졌는지 밤마다 산짐승들이 몰려와 들을 정도였답니다.",
      "srcPage": 17,
      "srcSentenceEA": 14,
      "srcWordEA": 114
    },
    {
      "srcTextID": "139765",
      "srcText": "할아버지 나이 열한 살 때였어요. 이웃 마을에서 환갑 잔치가 열렸어요. 할아버지는 그 자리에서 우연찮게 소리를 한 자락 내지르게 되었어요. 옥에 갇힌 춘향이가 서울 간 이 도령을 그리워하는 대목이에요. “그놈, 소리 한번 구성지게 잘하는구나!” 소리를 듣고 잔칫집 주인이 소리값을 던져 주었어요. 박동진 할아버지가 소리를 해서 처음 돈을 번 날이었지요. 이 일로 조금 우쭐해하자, 소리꾼 삼촌이 한마디 했어요. “이놈아, 꽃은 그냥 피는 게 아녀!”",
      "srcPage": 4,
      "srcSentenceEA": 9,
      "srcWordEA": 68
    },
    {
      "srcTextID": "139766",
      "srcText": "할아버지 나이 열세 살 때였어요. 마침내 소리에 살고 소리에 죽기로 단단히 마음을 먹었어요. 금강 건너 어느 마을에 소리 선생이 있다는 소문을 듣고 무작정 집을 나섰지요. 배를 타고 금강을 건너는데 뱃삯이 없었어요. 뱃사공이 뺨을 철썩 후려치며 눈을 부라렸어요.",
      "srcPage": 5,
      "srcSentenceEA": 5,
      "srcWordEA": 41
    },
    {
      "srcTextID": "139767",
      "srcText": "“야, 이놈아, 어린것이 뱃삯도 없이 배를 타? 저 강물 속에 처박아 버릴까 보다.” 오싹하는 마음에, 뱃머리에 서서 냅다 소리를 한 대목 내질렀어요. 그러자 배에 탄 사람들이 박수를 치고 다시 해 보라며 난리가 났어요. “저 아이 뱃삯은 내가 내리다.” 모두 어린 소리꾼의 노래 한 자락에 푹 빠져 버린 거예요. 박동진 할아버지는 선생님을 찾아가 본격적으로 소리를 배우기 시작했습니다.",
      "srcPage": 6,
      "srcSentenceEA": 7,
      "srcWordEA": 61
    },
    {
      "srcTextID": "139781",
      "srcText": "몇 해 전, 뜻있는 사람들이 힘을 모아 고향 마을에 ‘박동진 판소리 전수관’ 을 세웠어요. 우리 소리가 오래도록 이 땅에 살아 숨 쉬라는 뜻을 담아서 말이지요. 그 뒤, 박동진 할아버지는 ‘판소리 전수관’ 을 찾아오는 많은 사람과 함께 우리 판소리의 세계를 넘나들며 즐겁게 지냈어요. 죽는 날까지 우리 판소리 사랑에 흠뻑 빠져 살다가, 2003년 7월 8일 박동진 할아버지는 87세의 나이로 조용히 세상을 떠났답니다. 이제, 박동진 할아버지 이야기는 여기서 끝이에요.",
      "srcPage": 20,
      "srcSentenceEA": 7,
      "srcWordEA": 72
    },
    {
      "srcTextID": "139762",
      "srcText": "지금부터 큰 소리꾼 박동진 할아버지 이야기를 들려줄게요. 그냥 마음 가는 대로 해 볼 테니까 편안하게 들어 보세요. 박동진 할아버지의 할아버지는 줄광대였어요. 서커스 하는 데 가면 높다란 줄 위에서 갖가지 재주를 부리는 사람 있잖아요, 그 사람이 바로 줄광대예요. 옛날엔 줄광대가 재주도 부리고 소리도 하고 그랬답니다. 그 줄광대 할아버지 재능이 박동진 할아버지에게로 이어졌던가 봐요. 어려서부터 소리라면 자다가도 벌떡 일어날 정도로 좋아했거든요. 어때요, 박동진 할아버지 소리 한 대목 들어 보고 시작할까요?",
      "srcPage": 1,
      "srcSentenceEA": 8,
      "srcWordEA": 75
    },
    {
      "srcTextID": "139771",
      "srcText": "박동진 할아버지는 그길로 김창진 명창을 찾아갔어요. 김창진 명창은 소리 한 대목을 청해 들어 보더니, “네가 목청은 타고났구나. 뼈가 녹아드는 슬픔을 모르면 심청가를 부를 수 없느니라. 그것을 네가 할 수 있겠느냐?” 하고 물었어요. “예, 선생님. 죽기 살기로 심청가를 배우겠어요.” 그래서 선생님을 따라 배를 타고 아무도 살지 않는 꽃섬으로 건너갔어요. 그곳에서 심청가를 배우기 시작했는데, 가사와 가락을 익히는 데만 꼬박 반 년 세월이 걸렸어요.",
      "srcPage": 10,
      "srcSentenceEA": 10,
      "srcWordEA": 68
    },
    {
      "srcTextID": "139764",
      "srcText": "고종 황제의 사랑을 독차지하던 명창 이동백, 전설의 여류 명창 이화중선, 이동백과 어깨를 견주던 명창 송만갑이 멋들어지게 소리 공연을 했어요. 위대한 소리꾼들의 소리를 직접 들은 할아버지는 큰 감동을 받았어요. 그래서 소리꾼이 되어 보려고 ‘협률사’를 찾아가 사정을 했답니다. “저도 소리를 배우고 싶어요.” 하지만 보기 좋게 퇴짜를 맞고 말았어요. 누가 아홉 살짜리 시골 아이를 덜컥 제자로 받아 주겠어요. 안 그래요? 하지만 할아버지는 장차 소리꾼이 되겠다는 꿈을 포기하지 않았답니다.",
      "srcPage": 3,
      "srcSentenceEA": 9,
      "srcWordEA": 72
    },
    {
      "srcTextID": "139772",
      "srcText": "거기서 선생님은 사흘에 걸쳐 심청가를 불렀어요. 사흘째 되던 날 밤은 그야말로 소리판의 절정을 이루었지요. 은은한 달빛을 받으며 슬픔을 깨물듯 질러 대던 선생님의 소리. 소리가 끝나 갈 무렵, 선생님의 목구멍에서 울컥 핏덩어리가 넘어왔어요. 선생님은 잠시 소리를 멈추더니, 심청이가 되어 구슬프게 눈물을 흘리셨어요. 그러자 참으로 놀라운 일이 벌어졌어요. 소리를 듣던 사람들 모두가 박동진 할아버지를 따라 우는 거예요. 소리를 하는 소리꾼과 소리를 듣는 청중이 하나가 되어 눈물바다를 이루었답니다.",
      "srcPage": 12,
      "srcSentenceEA": 8,
      "srcWordEA": 72
    },
    {
      "srcTextID": "139774",
      "srcText": "심청가를 다 배우고 떠나올 때, 김창진 선생님이 말했어요. “목에서 피를 댓 사발은 토해야 명창이 될 수 있느니라. 피를 토하다가 죽을 지경에 이르면, 똥물밖에 약이 없다는 걸 알아 두어라.” 박동진 할아버지는 춘향가 최고의 명창 정정렬 선생님을 찾아갔어요. 계룡산에 머물면서 제자들에게 소리를 가르친다는 소문을 들었거든요. 힘들게 찾아갔지만 소리 배우는 값이 자그마치 100원이나 되었어요.",
      "srcPage": 13,
      "srcSentenceEA": 6,
      "srcWordEA": 55
    },
    {
      "srcTextID": "139776",
      "srcText": "여러 해가 흐른 뒤, 박동진 할아버지는 정정렬 명창을 다시 찾아갔어요. 물론 춘향가를 배우기 위해서였지요. 정정렬 명창은 소리 한 대목을 청해 듣더니 고개를 끄덕였어요. “계룡산에서 처량하게 심청가를 부르고 간 녀석이 바로 너로구나!” 하시며 제자로 받아 주었어요. 이렇게 해서 박동진 할아버지는 정정렬 선생님에게 꼬박 1년 동안 춘향가를 배우게 되었답니다.",
      "srcPage": 15,
      "srcSentenceEA": 6,
      "srcWordEA": 51
    },
    {
      "srcTextID": "139777",
      "srcText": "춘향가를 배운 다음엔 박지홍 명창에게 흥보가를 배웠어요. 이어 조학진 명창에게 적벽가를, 유성준 명창에게 수궁가를 배웠지요. 박동진 할아버지는 판소리에서 가장 중요한 다섯 마당을 당시 최고의 명창들에게 모두 배운 거예요.",
      "srcPage": 16,
      "srcSentenceEA": 3,
      "srcWordEA": 30
    },
    {
      "srcTextID": "139779",
      "srcText": "그런데 세월이 흐를수록 사람들은 점점 우리 소리를 외면했어요. 위대한 명창들을 일일이 찾아다니며 소리를 배우고 죽을 고비를 넘겨 가며 소리를 갈고 닦았건만, 정작 우리 소리가 다 죽어 가고 있으니, 그동안의 노력이 물거품이 된 것 같았지요. 박동진 할아버지는 우리 소리를 되살리기 위해 목숨을 건 공연에 도전했어요. 흥보가를 장장 다섯 시간 동안 처음부터 끝까지 쉬지 않고 부른 거예요. “옳지, 잘한다. 우리 소리 좋은 것이여!” 공연은 예상을 뒤엎고 대성공을 거두었어요. “얼쑤, 지화자! 좋다!” 공연이 끝나도록 사람들은 흥을 돋우었답니다.",
      "srcPage": 18,
      "srcSentenceEA": 10,
      "srcWordEA": 81
    },
    {
      "srcTextID": "139780",
      "srcText": "다음해 박동진 할아버지는 춘향가로 9시간 공연에 도전했어요. 그야말로 목숨을 건 도전이었지요. 소리를 하다가 무대 위에서 쓰러져 죽을 각오를 했던 거예요. 소리꾼 혼자 청중들을 웃고 울리면서 9시간 동안 소리를 질러 대는 건 결코 쉬은 일이 아니지요. 하지만 공연은 대성공이었고, 세계 최고 기록으로 기네스북에도 올랐답니다. 이 소식은 전 세계 신문과 방송도 앞다퉈 다뤘어요. 얼마 뒤 박동진 할아버지는 소리꾼 인간문화재가 되었어요. 인간 문화재가 되려고 그 고생을 한 건 아니었지요. 하지만 인간 문화재가 되고 나니, 한평생 소리에 바친 삶이 운명처럼 느껴졌어요.",
      "srcPage": 19,
      "srcSentenceEA": 9,
      "srcWordEA": 85
    },
    {
      "srcTextID": "139782",
      "srcText": "못다 한 이야기 소리판의 큰 별박동진 판소리는 ‘춘향전’이나 ‘흥보전’같이 긴 이야기로 되어 있어요. 사람들이 모이는 곳을 뜻하는 ‘판’과 노래를 뜻하는 ‘소리’를 합친 말이지요. 노래하는 소리꾼이 고수의 북장단에 맞춰 중간 중간에 말로 하는 ‘아니리’ 와 몸짓인 발림을 섞어 이야기를 엮어 나갑니다. 그러면 고수는 북을 치면서 ‘얼쑤!’ , ‘좋다!’ 같은 추임새 로 흥을 돋우지요. 빠르고 자극적인 서양 음악이 넘쳐 나는 가운데서도 소중한 우리 음악을 널리 알리기 위해 가장 애쓴 분이 바로 박동진 할아버지예요. 박동진 할아버지는 줄광대인 할아버지의 재능을 이어 받아 어려서부터 소리에 관심을 보였어요. 당시만 해도 이름 없던 손병두 선생님께 본격적으로 소리를 배우기 시작해 우리나라 최고의 명창들을 찾아다니며 판소리 다섯 마당인 심청가, 춘향가, 흥보가, 적벽가, 수궁가를 차례로 배웠답니다.",
      "srcPage": 21,
      "srcSentenceEA": 14,
      "srcWordEA": 119
    }
  ]
}