{
  "title": "도토리 수호대",
  "author": "이선아, 하늘땅",
  "illustrator": "김영수",
  "isbn": "9791165952822",
  "readAge": "초등_저학년",
  "publishedYear": 2021,
  "publisher": "아람북스",
  "classification": "사회관계",
  "paragraphInfoCount": 19,
  "paragraphInfo": [
    {
      "srcTextID": "46345",
      "srcText": "“우리가 도토리를 지키는 게 어때요? 도토리 수호대가 되는 거예요.” “도토리 수호대? 그거 좋은 생각이네요!” 방글 아주머니의 말에 모두 맞장구를 쳤어요.",
      "srcPage": 14,
      "srcSentenceEA": 5,
      "srcWordEA": 23
    },
    {
      "srcTextID": "46353",
      "srcText": "그때 한 아이가 머뭇거리며 말했어요. “다람쥐들을 위해 도토리 저금통을 만들었어요.” “도토리 저금통이라고?” “다람쥐들이 꺼내 갈 수 있도록 도토리를 주워서 저금통에 넣어 놓는 거예요.”",
      "srcPage": 15,
      "srcSentenceEA": 4,
      "srcWordEA": 23
    },
    {
      "srcTextID": "46354",
      "srcText": "저금통을 살펴보던 털보 아저씨가 말했어요. “멧돼지는 꺼내기 힘들겠는데? 멧돼지 가족이 사는 숲속에는 내가 직접 도토리를 뿌릴게요.” “좋아요, 좋아!”",
      "srcPage": 16,
      "srcSentenceEA": 4,
      "srcWordEA": 19
    },
    {
      "srcTextID": "46365",
      "srcText": "도토리 수호대 여러분께. 도토리를 지켜 주셔서 정말정말 고맙습니다. 도토리를 조금 남겨 두었으니, 맛있는 도토리묵 만들어 드세요.",
      "srcPage": 18,
      "srcSentenceEA": 3,
      "srcWordEA": 18
    },
    {
      "srcTextID": "46366",
      "srcText": "봄에 다시 만날 때까지 안녕히 계세요. 다람쥐들 드림.가을이 가고 겨울이 지나 봄이 오면, 토독 토독 톡톡! 도토리 마을 여기저기에 도토리 새싹이 돋아날 거예요.",
      "srcPage": 19,
      "srcSentenceEA": 4,
      "srcWordEA": 26
    },
    {
      "srcTextID": "46319",
      "srcText": "도토리 마을에서는 다람쥐들이 회의를 하고 있었어요. “사람들이 도토리를 많이 주워 가서 도토리가 조금밖에 없어요.” “겨울을 어떻게 보내야 할지 참으로 걱정이네요.”",
      "srcPage": 2,
      "srcSentenceEA": 3,
      "srcWordEA": 20
    },
    {
      "srcTextID": "46318",
      "srcText": "“사람들이 우릴 좋아하는 게 아니었어요?” “그거야 말뿐이지, 우리에게 필요한 게 뭔지 관심도 없다니까요.” 다람쥐들은 도토리 때문에 걱정이 이만저만이 아니었어요.",
      "srcPage": 3,
      "srcSentenceEA": 3,
      "srcWordEA": 20
    },
    {
      "srcTextID": "46320",
      "srcText": "도토리는 다람쥐의 식량이다! 도토리를 다람쥐에게! 머리를 맞대고 고민하던 다람쥐들은 사람들에게 직접 알리기로 했어요. “진작에 이렇게 할걸.”",
      "srcPage": 4,
      "srcSentenceEA": 4,
      "srcWordEA": 18
    },
    {
      "srcTextID": "46325",
      "srcText": "도토리 마을에 다시 회의가 열렸어요. “이러다가 우리 모두 먹을 게 부족해질 거예요.” “이대로라면 숲도 사라져 버릴 거예요.” “아휴, 오죽하면 먹을 것을 구하려고 아기들을 데리고 산 아래에 있는 마을까지 내려갔겠어요.” 언제 왔는지 멧돼지 아주머니가 한숨을 푹푹 내쉬며 말했어요.",
      "srcPage": 6,
      "srcSentenceEA": 5,
      "srcWordEA": 38
    },
    {
      "srcTextID": "46334",
      "srcText": "그때, 가만히 듣고 있던 다람이가 조심스럽게 말했어요. “사람들한테 편지를 쓰는 건 어떨까요?” “사람들이 우리가 쓴 편지를 읽기나 하겠어요?” 다람쥐들은 고개를 절레절레 흔들었어요.",
      "srcPage": 7,
      "srcSentenceEA": 4,
      "srcWordEA": 23
    },
    {
      "srcTextID": "46333",
      "srcText": "“그렇다고 이렇게 가만히 있을 수만은 없잖아요. 뭐라도 해 봐야지요.” 멧돼지 아주머니가 다람이의 말을 거들었어요. 다람쥐들과 멧돼지 아주머니는 간절한 마음으로 사람들에게 편지를 썼어요.",
      "srcPage": 8,
      "srcSentenceEA": 4,
      "srcWordEA": 25
    },
    {
      "srcTextID": "46343",
      "srcText": "털보 아저씨께. 아저씨가 재미로 가져가신 도토리는 우리에게 소중한 식량입니다. 도토리가 없으면 우리 다람쥐들은 계속 굶게 될 거예요. 제발 도토리를 주워 가지 마세요. 다람이 드림",
      "srcPage": 9,
      "srcSentenceEA": 5,
      "srcWordEA": 28
    },
    {
      "srcTextID": "46346",
      "srcText": "“정말 도토리가 별로 없어요.” “아이고, 이를 어쩐담.” 털보 아저씨와 뽀글 할머니가 숲을 둘러보며 걱정스럽게 말했어요.",
      "srcPage": 13,
      "srcSentenceEA": 3,
      "srcWordEA": 16
    },
    {
      "srcTextID": "46342",
      "srcText": "뽀글 할머니께. 우리가 땅속에 숨겨 둔 도토리는 내년 봄에 싹을 틔우고 나무로 자랄 거예요. 도토리가 없으면 숲이 사라질지도 몰라요. 할머니도 숲이 사라지는 건 싫으시지요? 제발 도토리를 주워 가지 마세요. 도토리 마을 다람쥐들 드림",
      "srcPage": 10,
      "srcSentenceEA": 6,
      "srcWordEA": 38
    },
    {
      "srcTextID": "46341",
      "srcText": "방글 아주머니께. 사람들이 도토리를 주워 가서 아기들이 먹을 게 없어요. 먹을 것을 찾아 어쩔 수 없이 마을로 내려가면, 사람들은 겁을 먹고 우리를 마구 공격해요. 도토리가 넉넉하면 마을로 내려가지 않을 텐데. 제발 도토리를 주워 가지 마세요. 멧돼지 가족 드림",
      "srcPage": 11,
      "srcSentenceEA": 6,
      "srcWordEA": 43
    },
    {
      "srcTextID": "46344",
      "srcText": "다음 날 아침, 웅성대는 소리에 다람이는 눈을 번쩍 떴어요. “사람들이 몰려와요!” 다람이가 소리쳤어요. “무슨 일이지?” “편지 때문에 화가 난 걸까요?” 깜짝 놀란 다람쥐들은 사람들 쪽으로 고개를 돌렸어요.",
      "srcPage": 12,
      "srcSentenceEA": 6,
      "srcWordEA": 29
    },
    {
      "srcTextID": "46359",
      "srcText": "사람들의 노력으로 도토리 마을에 다시 평화가 찾아왔어요. 다람쥐들은 땅에 떨어져 있는 도토리를 줍기도 하고, 도토리 저금통에 모인 도토리를 꺼내 가기도 했어요. 다람이도 주운 도토리를 숨기느라 바빴지요.",
      "srcPage": 17,
      "srcSentenceEA": 3,
      "srcWordEA": 28
    },
    {
      "srcTextID": "46313",
      "srcText": "“우아, 다람쥐다. 아이, 귀여워!” 꼬마 다람쥐 다람이는 사람들의 말소리에 귀를 쫑긋 세웠어요. ‘사람들은 우리를 좋아하나 봐.’ 다람이는 숲에서 실컷 놀다가 어둑해질 때쯤 도토리 마을로 돌아왔어요.",
      "srcPage": 1,
      "srcSentenceEA": 5,
      "srcWordEA": 29
    },
    {
      "srcTextID": "46321",
      "srcText": "“이제 사람들이 도토리를 주워 가지 않겠지요?” 다람쥐들은 서로 마주 보며 활짝 웃었어요. 하지만 다람쥐들의 기대는 어긋나고 말았어요. 도토리를 주워 가는 사람이 줄기는커녕 오히려 더 늘었거든요.",
      "srcPage": 5,
      "srcSentenceEA": 4,
      "srcWordEA": 28
    }
  ]
}