{
  "title": "맞을래, 말래?",
  "author": "신전향",
  "illustrator": "김삼현",
  "isbn": "9791165952877",
  "readAge": "초등_저학년",
  "publishedYear": 2021,
  "publisher": "아람북스",
  "classification": "사회관계",
  "paragraphInfoCount": 20,
  "paragraphInfo": [
    {
      "srcTextID": "17096",
      "srcText": "오늘 아침에는 진짜 일어나고 싶지 않았어. 달력에 이렇게 표시되어 있었거든. ‘모리 독감 예방 주사 맞는 날’이라고 말이야.",
      "srcPage": 1,
      "srcSentenceEA": 4,
      "srcWordEA": 20
    },
    {
      "srcTextID": "17095",
      "srcText": "나는 눈을 감고 자는 척했어. 그러자 엄마가 상냥한 목소리로 말했지. “오늘은 모리가 갖고 싶었던 인형 하나 사 줄까?”",
      "srcPage": 2,
      "srcSentenceEA": 3,
      "srcWordEA": 19
    },
    {
      "srcTextID": "17100",
      "srcText": "나는 서둘러서 옷장 안으로 들어갔어. 걸어 놓은 외투 뒤로 숨으려고 하는데, 하마터면 뒤로 꽈당 넘어질 뻔했어. 옷장 뒤가 뻥 뚫려 있지 뭐야. 눈앞에 숲이 펼쳐져 있었어. 나는 무언가에 홀린 듯 숲속으로 들어갔어.",
      "srcPage": 5,
      "srcSentenceEA": 5,
      "srcWordEA": 36
    },
    {
      "srcTextID": "17106",
      "srcText": "계속 숲길을 걸어가는데 사자가 내 뒤를 따라왔고, 그 뒤를 악어가 중얼거리며 졸졸 쫓아왔어. “아프지 않게 따뜻하게 입고 다닐걸. 따뜻하게 입고 다닐걸, 따뜻하게 입고 다닐걸.” ",
      "srcPage": 11,
      "srcSentenceEA": 3,
      "srcWordEA": 25
    },
    {
      "srcTextID": "17107",
      "srcText": "나는 악어가 아주 귀찮았어. 물론 사자도 마찬가지였지. 그래서 이번에는 걷지 않고 뛰었어.",
      "srcPage": 12,
      "srcSentenceEA": 3,
      "srcWordEA": 14
    },
    {
      "srcTextID": "17109",
      "srcText": "숲길을 후다닥 뛰어가는데 어마어마하게 큰 곰이 불쑥 일어서지 뭐야? “악, 깜짝이야!”, “어흥, 깜짝이야!”, “어이쿠, 깜짝이야!” “쪼그만 꼬마야, 네 외투를 내놓아라! 그러지 않으면 아프게 한 대 때려 줄 테다.” 하지만 나는 곰도 전혀 무섭지 않았어.",
      "srcPage": 13,
      "srcSentenceEA": 7,
      "srcWordEA": 38
    },
    {
      "srcTextID": "17108",
      "srcText": " 곰은 얼마나 추운지 몸을 덜덜 떠느라고 서 있기조차 힘들어했거든. 나는 선생님처럼 혀를 쩟쩟 찼어. “그러니까 나처럼 평소에 골고루 먹었어야지. 외투는 줄 수 없어!” ",
      "srcPage": 14,
      "srcSentenceEA": 4,
      "srcWordEA": 26
    },
    {
      "srcTextID": "17111",
      "srcText": "내가 빨리 뛰어가는데 사자가 내 뒤를 따라왔고 그 뒤를 악어가 쫓아왔지. 그리고 맨 끝에서 곰이 중얼거리며 졸졸 쫓아왔어. “아프지 않게 골고루 먹을걸. 골고루 먹을걸, 골고루 먹을걸.”",
      "srcPage": 15,
      "srcSentenceEA": 4,
      "srcWordEA": 28
    },
    {
      "srcTextID": "17110",
      "srcText": "나는 곰이 아주 귀찮았어. 물론 사자랑 악어도 마찬가지였지. 그래서 이번에는 더 빨리 뛰었어.",
      "srcPage": 16,
      "srcSentenceEA": 3,
      "srcWordEA": 15
    },
    {
      "srcTextID": "17114",
      "srcText": "우리는 다 같이 동물 병원에 왔어. 동물들 모두 독감에 걸렸지 뭐야. 곰은 입원을 했고, 사자는 약을 먹었고, 악어는 링거를 맞았어.",
      "srcPage": 19,
      "srcSentenceEA": 3,
      "srcWordEA": 22
    },
    {
      "srcTextID": "17099",
      "srcText": "인형 사 준다고 하면서 병원에 데려가겠지? 나는 절대로 주사 맞지 않을 거야. 이것들만 있으면 예방 주사를 맞지 않아도 독감을 피할 수 있어.",
      "srcPage": 3,
      "srcSentenceEA": 3,
      "srcWordEA": 24
    },
    {
      "srcTextID": "17097",
      "srcText": "거실에서 엄마의 목소리가 들렸어. “모리야! 준비 다 됐니?” “네, 엄마.” 나도 모르게 대답을 하고 말았어. ",
      "srcPage": 4,
      "srcSentenceEA": 4,
      "srcWordEA": 17
    },
    {
      "srcTextID": "17102",
      "srcText": "숲길을 걸어가는데 갑자기 어디에선가 사자가 나타나 나를 가로막았어. “어이쿠, 깜짝이야!” “쪼그만 꼬마야, 네 목도리를 내놓아라! 그러지 않으면 네가 깜짝 놀라 넘어지게 만들 테다.” ",
      "srcPage": 6,
      "srcSentenceEA": 4,
      "srcWordEA": 24
    },
    {
      "srcTextID": "17101",
      "srcText": " 하지만 나는 사자가 전혀 무섭지 않았어. 사자는 감기에 걸렸는지 목소리조차 제대로 나오지 않았거든. 나는 엄마처럼 혀를 끌끌 찼어. “그러니까 나처럼 평소에 손발을 깨끗이 씻었어야지. 목도리는 줄 수 없어!” ",
      "srcPage": 7,
      "srcSentenceEA": 5,
      "srcWordEA": 32
    },
    {
      "srcTextID": "17103",
      "srcText": " 계속 숲길을 걸어가는데 사자가 중얼거리며 내 뒤를 졸졸 따라왔어. “아프지 않게 손발을 깨끗이 씻을걸. 깨끗이 씻을걸, 깨끗이 씻을걸.” 나는 사자가 아주 귀찮았어. 그래서 더 빨리 걸었지.",
      "srcPage": 8,
      "srcSentenceEA": 5,
      "srcWordEA": 30
    },
    {
      "srcTextID": "17104",
      "srcText": "계속해서 숲길을 걸어가는데 이번에는 악어가 갑자기 나타나지 뭐야? “어흥, 깜짝이야!”, “어이쿠, 깜짝이야!” “쪼그만 꼬마야, 네 마스크를 내놓아라! 그러지 않으면 너를 아프게 콱 깨물어 줄 테다.”",
      "srcPage": 9,
      "srcSentenceEA": 5,
      "srcWordEA": 27
    },
    {
      "srcTextID": "17105",
      "srcText": "하지만 나는 악어도 전혀 무섭지 않았어. 악어가 나를 겁주려 할 때마다 기침을 했거든. 나는 아빠처럼 혀를 쯧쯧 찼어. “그러니까 나처럼 평소에 따뜻하게 입고 다녔어야지. 마스크는 줄 수 없어!” ",
      "srcPage": 10,
      "srcSentenceEA": 5,
      "srcWordEA": 31
    },
    {
      "srcTextID": "17113",
      "srcText": "한참을 그렇게 뛰었는데, 다행히 동물들이 쫓아오지 않는 것 같았어. 휙 뒤돌아보니 사자가 아파서 비실비실, 악어도 아파서 비틀비틀, 곰도 아파서 흐느적흐느적. 아파서 힘들어하는 동물들을 보니 갑자기 마음이 약해졌어.",
      "srcPage": 17,
      "srcSentenceEA": 3,
      "srcWordEA": 29
    },
    {
      "srcTextID": "17112",
      "srcText": " 나는 어쩔 수 없이 동물들을 데리고 집으로 돌아가기로 했어. “엄마, 저 왔어요! 사자도 왔어요. 악어도 왔고요. 그리고 곰도 왔어요!” 엄마는 우리 모두를 반갑게 맞아 주었어.",
      "srcPage": 18,
      "srcSentenceEA": 6,
      "srcWordEA": 30
    },
    {
      "srcTextID": "17115",
      "srcText": "나는 사자와 악어와 곰이 나아지는 걸 보고 나서야 안심이 되었어. “모리야 고마워.” “앞으로는 아프기 전에 예방 주사 꼭 맞아. 엄마, 우리도 예방 주사 맞으러 가요.” 나는 사자와 악어 그리고 곰처럼 아프고 싶지는 않았어. 예방 주사를 맞으면 독감 따위는 오지도 못하고 달아나 버릴 테니까 말이야.",
      "srcPage": 20,
      "srcSentenceEA": 6,
      "srcWordEA": 47
    }
  ]
}