{
  "title": "제멋대로 고무 손",
  "author": "양지안",
  "illustrator": "민병권",
  "isbn": "9791165952921",
  "readAge": "초등_저학년",
  "publishedYear": 2021,
  "publisher": "아람북스",
  "classification": "사회관계",
  "paragraphInfoCount": 18,
  "paragraphInfo": [
    {
      "srcTextID": "15031",
      "srcText": "미후는 얼른 방으로 들어와 스마트폰으로 게임을 했어요. ‘팔이 늘었다 줄었다 내 마음대로 되다니, 정말 신기해. 꼭 게임에 나오는 말랑말랑 몬스터 같잖아!’",
      "srcPage": 9,
      "srcSentenceEA": 3,
      "srcWordEA": 23
    },
    {
      "srcTextID": "15035",
      "srcText": "미후의 머릿속에는 끔찍한 생각이 꼬리에 꼬리를 물었어요. 엄마 말대로 스마트폰 그만할걸. 카렌도 빨간 구두를 신고, 평생 춤만 추다가 결국 벌을 받았잖아. ",
      "srcPage": 13,
      "srcSentenceEA": 3,
      "srcWordEA": 23
    },
    {
      "srcTextID": "15036",
      "srcText": "미후는 눈물을 꾹 참으며 창밖을 내다보았어요. ‘친구들은 저렇게 놀이터에서 재미있게 노는데, 나는 이게 뭐야. 다시는 철봉도 못 하고, 예지 손도 못 잡고. 어떡해, 어떡해!’ 미후는 발만 동동 굴렀어요. ",
      "srcPage": 15,
      "srcSentenceEA": 5,
      "srcWordEA": 32
    },
    {
      "srcTextID": "15022",
      "srcText": "“또, 또, 또!” 엄마가 스마트폰에 빠져 있는 미후에게 소리쳤어요. “스마트폰 그만하랬지! 이리 내!” 미후가 슬그머니 텔레비전을 켜도 마찬가지였어요. “텔레비전 끄고, 책 좀 읽어!” 하지만 미후는 책을 읽는 대신 엄마 몰래 컴퓨터를 켰어요. ",
      "srcPage": 1,
      "srcSentenceEA": 7,
      "srcWordEA": 36
    },
    {
      "srcTextID": "15023",
      "srcText": "“컴퓨터 그만해. 나 컴퓨터로 숙제해야 해.” “어? 잠, 잠깐만.” 누나의 말에도 미후는 게임에 정신이 팔려 일어나지 않았어요. 그러다 게임에서 지자, 주먹으로 책상을 쾅 내려쳤어요. “에잇, 누나 때문에 졌잖아!” 미후는 버럭 화를 내고 다시 게임을 시작했어요. ",
      "srcPage": 2,
      "srcSentenceEA": 7,
      "srcWordEA": 40
    },
    {
      "srcTextID": "15024",
      "srcText": "게임 속에서 미후는 천하무적이에요. 웬만한 공격에도 끄떡없는 전투복을 입고, 번쩍번쩍 빛나는 광선 검을 휘두르거든요. 점수를 조금만 더 모으면 전투기도 얻을 수 있어요. “자, 모두 덤벼라! 내가 모조리 무찔러 주겠다!” ",
      "srcPage": 3,
      "srcSentenceEA": 5,
      "srcWordEA": 32
    },
    {
      "srcTextID": "15025",
      "srcText": "엄마의 잔소리 폭탄 공격은 천하무적 미후도 당해 낼 수가 없었어요. ‘잔소리 폭탄을 피하는 방법은 딱 하나뿐이야.’ 미후는 허겁지겁 게임 종료 버튼을 눌렀어요.",
      "srcPage": 5,
      "srcSentenceEA": 3,
      "srcWordEA": 24
    },
    {
      "srcTextID": "15029",
      "srcText": "미후는 엄마 눈치를 살피며 슬그머니 팔을 뻗었어요. ‘조금만, 조금만 더.’ 미후가 안간힘을 쓰자 갑자기 팔이 고무줄처럼 쭉쭉 늘어났어요. 미후는 제멋대로 늘어난 고무 손으로 식탁 위에 있는 스마트폰을 재빨리 잡았어요. ‘우아, 성공이다!’",
      "srcPage": 8,
      "srcSentenceEA": 5,
      "srcWordEA": 35
    },
    {
      "srcTextID": "15030",
      "srcText": "기분이 좋아진 미후는 게임 속으로 더 빠져들었어요. 침대에 벌렁 누워 게임을 하는데, 스르르 졸음이 몰려왔어요. 미후는 돌덩이처럼 무거운 눈꺼풀을 억지로 부릅떴어요.",
      "srcPage": 10,
      "srcSentenceEA": 3,
      "srcWordEA": 23
    },
    {
      "srcTextID": "15033",
      "srcText": "게임을 오래 하다 보니 눈이 뻑뻑하고 목이 말랐어요. 미후는 책상 위에 있는 음료수병을 잡으려고 손을 뻗었어요. 그런데 이게 어떻게 된 일일까요? 손으로 병을 잡을 수도, 들어 올릴 수도 없었어요.",
      "srcPage": 11,
      "srcSentenceEA": 4,
      "srcWordEA": 32
    },
    {
      "srcTextID": "15032",
      "srcText": " ‘어, 왜 이러지?’ 방에서 나가려고 해도 문손잡이가 잡히지 않았어요. 스마트폰 빼고는 아무것도 잡을 수 없었지요. “엄마! 엄마!” 소리쳐 불렀지만 목소리도 나오지 않았어요. ",
      "srcPage": 12,
      "srcSentenceEA": 5,
      "srcWordEA": 27
    },
    {
      "srcTextID": "15034",
      "srcText": " 나도 방 안에 갇혀 평생 스마트폰만 하다가 쫄쫄 굶어 해골이 되면 어떡하지? 다시는 엄마도 못 보고. 미후는 생각할수록 슬프고, 무서워졌어요. ",
      "srcPage": 14,
      "srcSentenceEA": 3,
      "srcWordEA": 23
    },
    {
      "srcTextID": "15038",
      "srcText": "그때 엄마가 문을 벌컥 열고 들어오며 소리쳤어요. “미후, 너! 스마트폰 당장 안 가져....” 미후는 엄마가 말을 마치기도 전에 스마트폰을 내밀었어요. ",
      "srcPage": 16,
      "srcSentenceEA": 4,
      "srcWordEA": 22
    },
    {
      "srcTextID": "15037",
      "srcText": "“여, 여기 있어요! 이제부터 스마트폰은 숙제 다 하고 딱 30분만 할게요!” 미후는 참았던 눈물을 쏟아 냈어요.",
      "srcPage": 17,
      "srcSentenceEA": 3,
      "srcWordEA": 18
    },
    {
      "srcTextID": "15026",
      "srcText": "이크, 엄마가 나타났어요! “너, 누나한테 또 소리 질렀지? 때려 부수는 게임만 하더니 걸핏하면 화만 내고 말이야. 당장 게임 그만해!”",
      "srcPage": 4,
      "srcSentenceEA": 4,
      "srcWordEA": 21
    },
    {
      "srcTextID": "15028",
      "srcText": "후유, 가까스로 엄마의 잔소리에서 벗어난 미후는 소파에 앉아 책을 펼쳤어요. 누나가 컴퓨터로 숙제하는 동안 엄마가 준 춤추는 빨간 구두나 읽어 보려고요. “카렌은 빨간 구두를 몰래 꺼내 신었어요. 구두를 신자마자 빨간 구두가 제멋대로 춤추기 시작했어요.”",
      "srcPage": 6,
      "srcSentenceEA": 4,
      "srcWordEA": 36
    },
    {
      "srcTextID": "15027",
      "srcText": "큰 소리로 책을 읽어도 미후의 머릿속에는 게임 장면만 떠올랐어요. “누나, 숙제 끝나려면 아직 멀었어?” 미후는 지루해서 몸을 배배 꼬았어요. 그러다 번쩍! 엄마의 스마트폰이 눈에 띄었어요.",
      "srcPage": 7,
      "srcSentenceEA": 5,
      "srcWordEA": 28
    },
    {
      "srcTextID": "15039",
      "srcText": "다음 날, 부지런히 숙제를 하는 미후의 눈에 엄마의 스마트폰이 보였어요. 미후의 손이 또 ‘제멋대로 고무 손’이 되려고 해요. “안 돼, 숙제를 먼저 끝내야 한다고! 또 고무 손이 되는 건 정말 싫단 말이야!”",
      "srcPage": 18,
      "srcSentenceEA": 5,
      "srcWordEA": 35
    }
  ]
}