{
  "title": "피노키오는 왜 귀가 커졌을까?",
  "author": "김준영",
  "illustrator": "문구선",
  "isbn": "9791165953133",
  "readAge": "초등_저학년",
  "publishedYear": 2021,
  "publisher": "아람북스",
  "classification": "사회관계",
  "paragraphInfoCount": 19,
  "paragraphInfo": [
    {
      "srcTextID": "52844",
      "srcText": "그런데 한 가지 문제가 생겼어요. 피노키오는 친구들의 작은 실수를 그냥 지나치지 않았어요. 하나도 빠짐없이 제페토 할아버지에게 일렀거든요. 사람들은 그것을 ‘고자질’이라고 말했어요.",
      "srcPage": 2,
      "srcSentenceEA": 5,
      "srcWordEA": 25
    },
    {
      "srcTextID": "52846",
      "srcText": "그 순간 피노키오의 귀가 좀 이상해졌어요. “피노키오, 네 귀가 커졌어!” “아빠, 루시가 거짓말도 해요!” 바로 그때, 피노키오의 귀가 쑥 하고 커졌어요.",
      "srcPage": 5,
      "srcSentenceEA": 4,
      "srcWordEA": 22
    },
    {
      "srcTextID": "52848",
      "srcText": "다른 친구들도 피노키오의 귀를 보고 깜짝 놀랐어요. “피노키오 귀가 커졌다!” “피노키오 귀가 코끼리 귀만큼 커졌어!”",
      "srcPage": 6,
      "srcSentenceEA": 3,
      "srcWordEA": 15
    },
    {
      "srcTextID": "52851",
      "srcText": "그러자 피노키오의 귀가 또 쑥쑥 커졌어요. ‘뭐야! 미안하다고 말하려고 했는데 사과할 틈도 안 주고 고자질을 해?’ 제니는 입도 뻥긋 안 했는데 피노키오의 귀에는 제니의 목소리가 들렸어요. 피노키오는 제니에게 미안해졌어요.",
      "srcPage": 9,
      "srcSentenceEA": 5,
      "srcWordEA": 33
    },
    {
      "srcTextID": "52861",
      "srcText": "피노키오는 이제 거짓말도 고자질도 하지 않아요. 그래서 코가 길어지지도, 귀가 커지지도 않지요. 그런데 다른 문제가 생겼어요. “피노키오, 이건 너만 알고 있어야 해. 사실은 내가.” 제니가 비밀을 말해 주자, 피노키오의 입이 근질거렸어요.",
      "srcPage": 18,
      "srcSentenceEA": 6,
      "srcWordEA": 35
    },
    {
      "srcTextID": "52843",
      "srcText": "피노키오는 원래 제페토 할아버지가 만든 나무 인형이었어요. 피노키오는 고양이와 여우에게 속아 금화를 빼앗기고, 천사에게 거짓말을 해서 코가 길어지기도 했었지요. 하지만 이제는 진짜 사람이 되었어요. “아빠, 나는 세상에서 가장 멋진 어린이가 될 거예요!” 피노키오는 옷도 단정하게 입고, 밥도 얌전히 먹고 언제나 고운 말만 했어요.",
      "srcPage": 1,
      "srcSentenceEA": 5,
      "srcWordEA": 46
    },
    {
      "srcTextID": "52845",
      "srcText": "오늘도 제페토 할아버지가 헐레벌떡 달려와 보니 역시나 아무 일도 아니었어요. “피노키오야, 친구들의 잘못이나 비밀을 고자질하는 건 옳지 않아.” “왜요? 인형을 망가뜨리고, 과자를 떨어뜨리고, 코를 파는데도 그냥 보고만 있어요?” 제페토 할아버지는 피노키오를 살며시 안아 주었어요. “실수는 누구나 한단다.” “그래도요.”",
      "srcPage": 3,
      "srcSentenceEA": 5,
      "srcWordEA": 40
    },
    {
      "srcTextID": "52847",
      "srcText": "다음 날, 피노키오가 친구들과 공놀이를 할 때였어요. 루시가 금을 밟자, 피노키오는 기다렸다는 듯이 또 소리쳤어요. “아빠, 이것 봐요! 루시가 금을 밟았어요!”",
      "srcPage": 4,
      "srcSentenceEA": 4,
      "srcWordEA": 23
    },
    {
      "srcTextID": "52849",
      "srcText": "더 이상한 건 커진 피노키오의 귀에 이상한 말소리가 들리는 것이었어요. ‘걸핏하면 고자질하더니 쌤통이다!’ “톰, 뭐라고?” “난 아무 말도 안 했는데?” 톰의 말에 피노키오는 어리둥절해했어요.",
      "srcPage": 7,
      "srcSentenceEA": 5,
      "srcWordEA": 26
    },
    {
      "srcTextID": "52850",
      "srcText": "그때였어요. 퍽! 제니가 찬 공이 피노키오의 머리에 맞았어요. “어머, 미안! 괜찮.” 피노키오는 제니의 말을 다 듣지도 않고 소리쳤어요. “제니가 일부러 제 머리에 공을 맞혔어요!”",
      "srcPage": 8,
      "srcSentenceEA": 6,
      "srcWordEA": 28
    },
    {
      "srcTextID": "52853",
      "srcText": "친구들의 모습은 보이지 않았지만, 피노키오의 귀에는 여전히 친구들의 목소리가 들렸어요. ‘피노키오는 고자질쟁이야.’ ‘다시는 보고 싶지 않아.’ ‘쳇, 혼자서 놀아 보라지.’",
      "srcPage": 10,
      "srcSentenceEA": 4,
      "srcWordEA": 23
    },
    {
      "srcTextID": "52852",
      "srcText": "이제 아무도 피노키오와 놀아 주지 않았어요. 함께 모여 놀다가도 피노키오가 나타나면 모두 숨어 버렸지요. 피노키오는 정말 외톨이가 되어 버렸어요.",
      "srcPage": 11,
      "srcSentenceEA": 3,
      "srcWordEA": 21
    },
    {
      "srcTextID": "52854",
      "srcText": "피노키오는 시끄러운 소리에 잠에서 깼어요. 밖으로 나와 보니 키 큰 형이 톰을 괴롭히고 있었어요. “아빠를 부를까? 아니야, 또 고자질했다고 친구들이 싫어할 거야.”",
      "srcPage": 12,
      "srcSentenceEA": 4,
      "srcWordEA": 24
    },
    {
      "srcTextID": "52855",
      "srcText": "피노키오는 어쩔 줄을 모르고 발만 동동 굴렀어요. “저러다 톰이 맞을 것 같아. 어떡하지?” 그때 그 형이 톰을 향해 주먹을 쳐들었어요. “아, 아, 안 돼!”",
      "srcPage": 13,
      "srcSentenceEA": 5,
      "srcWordEA": 26
    },
    {
      "srcTextID": "52856",
      "srcText": "“아빠! 나쁜 형이 톰을 때리려고 해요!” 더 이상 참을 수 없었던 피노키오가 있는 힘껏 큰 소리로 외쳤어요. 제페토 할아버지는 한걸음에 달려왔고, 톰을 때리려던 형은 부리나케 도망갔어요.",
      "srcPage": 14,
      "srcSentenceEA": 3,
      "srcWordEA": 29
    },
    {
      "srcTextID": "52857",
      "srcText": "“고, 고마워, 피노키오. 너 아니었으면.” 톰은 많이 놀랐는지 울음을 터뜨렸어요. 피노키오도 흑흑 흐느끼기 시작했어요.",
      "srcPage": 15,
      "srcSentenceEA": 4,
      "srcWordEA": 17
    },
    {
      "srcTextID": "52858",
      "srcText": "“아빠, 또 고자질을 해 버렸어요. 이러다가는 귀가 너무 커져서 날아가 버릴지도 몰라요.” 제페토 할아버지는 피노키오의 머리를 쓰다듬으며 말했어요. “위험할 때 어른에게 알리는 건 고자질이 아니란다.”",
      "srcPage": 16,
      "srcSentenceEA": 4,
      "srcWordEA": 27
    },
    {
      "srcTextID": "52859",
      "srcText": "“피노키오, 네 귀 좀 봐! 원래대로 돌아왔어!” 톰의 말에 피노키오는 귀를 만져 보았어요. “정말이네! 우아, 신난다!” 다른 친구들도 달려와 피노키오의 귀를 신기한 듯 쳐다보았어요. “이제 고자질 안 할 거지?” “응, 이제 절대 고자질 안 해.”",
      "srcPage": 17,
      "srcSentenceEA": 7,
      "srcWordEA": 39
    },
    {
      "srcTextID": "52860",
      "srcText": "“톰, 이건 너만 알고 있어. 사실은 제니가 그러는데” 이 일을 어쩌죠? 피노키오의 입이 점점 튀어나오고 있어요!",
      "srcPage": 19,
      "srcSentenceEA": 4,
      "srcWordEA": 19
    }
  ]
}