{
  "title": "양심 제로 먹티네 지구 여행기",
  "author": "이윤진",
  "illustrator": "윤희동",
  "isbn": "9791165953317",
  "readAge": "초등_저학년",
  "publishedYear": 2021,
  "publisher": "아람북스",
  "classification": "사회관계",
  "paragraphInfoCount": 20,
  "paragraphInfo": [
    {
      "srcTextID": "103742",
      "srcText": "한참 신나게 놀고 있는데, 갑자기 시티가 엄마를 급하게 불렀어. “엄마, 오줌 마려워요!” 엄마는 망설임 없이 고개를 끄덕였지. 그러자 시티는 물속에서 바로 오줌을 누었어.",
      "srcPage": 15,
      "srcSentenceEA": 4,
      "srcWordEA": 25
    },
    {
      "srcTextID": "103740",
      "srcText": "아니, 이럴 수가! 시티 주변의 물이 파랗게 변하지 뭐야. 티티 별 외계인의 오줌은 파란색이니 당연한 일이었지.",
      "srcPage": 16,
      "srcSentenceEA": 3,
      "srcWordEA": 18
    },
    {
      "srcTextID": "103741",
      "srcText": "우리는 누가 먼저랄 것도 없이, 세차게 물장구를 쳤어. 파란 오줌 흔적을 없애려고 말이야. 그러고는 아무 일도 없었다는 듯이 다시 놀기 시작했어. “역시 지구 수영장이 최고야!”",
      "srcPage": 17,
      "srcSentenceEA": 4,
      "srcWordEA": 27
    },
    {
      "srcTextID": "102696",
      "srcText": "어느덧 티티 별로 돌아갈 시간이 되었어. 공항에 도착할 때까지도 우리 가족은 내내 즐거웠어. 공항 검색대에서 딱 걸리기 전까지 말이야. “삑! 양심 없는 외계인은 돌아갈 수 없습니다. 양심 목걸이의 보석이 다시 생기면 오십시오.”",
      "srcPage": 18,
      "srcSentenceEA": 5,
      "srcWordEA": 36
    },
    {
      "srcTextID": "99567",
      "srcText": "지구 여행을 위한 모든 준비는 끝났어! 오늘은 손꼽아 기다리던 지구 여행 가는 날! 우주 공항으로 가는 길에 엄마와 아빠는 서로 힐끔힐끔 보았어.",
      "srcPage": 1,
      "srcSentenceEA": 3,
      "srcWordEA": 24
    },
    {
      "srcTextID": "102695",
      "srcText": "“엄마, 우리 수영이나 하러 가요.” 수영장에 간 우리 가족은 눈이 휘둥그레졌어. “수영장이 이렇게 멋지다니!” 우리 가족은 수영복으로 갈아입자마자 물속으로 풍덩 뛰어 들어 갔어. 그러고는 정신없이 물놀이를 했지.",
      "srcPage": 14,
      "srcSentenceEA": 5,
      "srcWordEA": 30
    },
    {
      "srcTextID": "99566",
      "srcText": "“여보, 그거 잘 챙겼죠?” 아빠는 금방이라도 터질 것 같은 빵빵한 가방을 툭툭 치며 고개를 끄덕였지. 우리 가족은 눈 깜짝할 사이에 지구에 도착했어.",
      "srcPage": 2,
      "srcSentenceEA": 3,
      "srcWordEA": 24
    },
    {
      "srcTextID": "102683",
      "srcText": "“엄마, 빨리 자전거부터 타러 가요.” 나와 시티는 동시에 외쳤어. 하지만 엄마 아빠는 고개를 절레절레 흔들고는 두리번두리번 주변을 살폈어.",
      "srcPage": 3,
      "srcSentenceEA": 3,
      "srcWordEA": 20
    },
    {
      "srcTextID": "102684",
      "srcText": "“조금만 기다리렴. 이것부터 해결하고.” “앗, 저기다.” 아빠가 가방을 번쩍 들고 번개처럼 빠르게 뛰었어. 우리도 덩달아 뛰었지.",
      "srcPage": 4,
      "srcSentenceEA": 5,
      "srcWordEA": 19
    },
    {
      "srcTextID": "102687",
      "srcText": "“엄마, 호텔 같아요. 물도 콸콸 잘 나와요!” “우아, 비누도 있어! 우리 별에서는 엄청 비싼 건데.” 나와 시티의 눈이 커졌어. “비누는 지구에서 흔한 물건이야. 마음껏 쓰자!”",
      "srcPage": 8,
      "srcSentenceEA": 7,
      "srcWordEA": 29
    },
    {
      "srcTextID": "102690",
      "srcText": "나와 시티는 세면대에 올라가 발을 씻었어. 엄마 아빠는 열심히 빨래도 했지. 갑자기 시티가 엄마를 불렀어.",
      "srcPage": 9,
      "srcSentenceEA": 3,
      "srcWordEA": 17
    },
    {
      "srcTextID": "103738",
      "srcText": "“그런데 이거 어떻게 타는 거야?” 아무리 들여다봐도 뭘 어떻게 해야 하는지 알 수가 없었어. “회원 가입? 이건 뭐지?” 나는 신경질이 나서 자전거를 마구 흔들었어. 그랬더니 잠금장치가 툭 끊어지지 뭐야?",
      "srcPage": 12,
      "srcSentenceEA": 6,
      "srcWordEA": 33
    },
    {
      "srcTextID": "102697",
      "srcText": "우리 가족은 양심 목걸이의 보석이 사라진 것을 그제야 알았어. 그리고 얼마나 부끄러운 행동을 했는지도 깨달았지. 우리 가족은 양심 보석이 다시 생길 때까지 티티 별로 돌아가지 못했어.",
      "srcPage": 19,
      "srcSentenceEA": 3,
      "srcWordEA": 28
    },
    {
      "srcTextID": "102698",
      "srcText": "지구에 남아 양심 있게 행동하는 방법을 배우고, 100시간 동안 쓰레기 분리배출 활동도 해야 했어. “다시는 양심 없는 행동을 하지 않겠습니다.” 하루에 수십 번씩 외치면서 말이야.",
      "srcPage": 20,
      "srcSentenceEA": 3,
      "srcWordEA": 26
    },
    {
      "srcTextID": "102686",
      "srcText": "우리도 덩달아 뛰었지. 아빠가 멈춰 선 곳은 분리배출함 앞이었어. 엄마와 아빠는 빵빵한 가방을 열었어. 그 안에는 꾹꾹 눌러 담은 온갖 쓰레기가 있었지.",
      "srcPage": 5,
      "srcSentenceEA": 4,
      "srcWordEA": 25
    },
    {
      "srcTextID": "102685",
      "srcText": "“엄마, 쓰레기는 왜 가져왔어요?” 엄마는 분리배출함에 아무렇게나 쓰레기를 버렸어. “우리 별의 쓰레기봉투 가격이 지구 왕복 티켓보다 비싸잖아. 너희들도 어서 버리기나 하렴.”",
      "srcPage": 6,
      "srcSentenceEA": 4,
      "srcWordEA": 23
    },
    {
      "srcTextID": "102688",
      "srcText": "누가 볼까 봐 허겁지겁 쓰레기를 버리다 보니 온몸에 땀이 흘러 냄새가 나고, 옷도 지저분하게 됐어. 그때 엄마가 얼른 따라오라고 손짓했어. “엄마만 따라오렴. 엄마가 다 알아봤지.” 엄마를 따라간 곳은 공용 화장실이었어.",
      "srcPage": 7,
      "srcSentenceEA": 5,
      "srcWordEA": 33
    },
    {
      "srcTextID": "102689",
      "srcText": "“엄마, 티티 별 휴지보다 훨씬 더 좋아요.” 휴지를 얼굴에 대어 보니, 정말 부드러웠어. “마음껏 챙기거라, 여긴 다 공짜니까.”",
      "srcPage": 10,
      "srcSentenceEA": 3,
      "srcWordEA": 19
    },
    {
      "srcTextID": "103739",
      "srcText": "깨끗하게 씻은 우리 가족은 자전거를 타러 갔어. “우아, 드디어 자전거를 탈 수 있게 됐어.” “우리 별에서는 자전거를 타려면 몇 달 전에 예약해야 간신히 타는데. 역시 지구에 오길 잘했어.”",
      "srcPage": 11,
      "srcSentenceEA": 4,
      "srcWordEA": 29
    },
    {
      "srcTextID": "102694",
      "srcText": "그랬더니 잠금장치가 툭 끊어지지 뭐야? 엄마도, 아빠도, 동생 시티도 나처럼 자전거를 마구 흔들었지. 자전거를 너무 세게 흔들었는지 바퀴가 툭, 핸들이 툭툭 떨어져 나갔어. 나는 망가진 자전거를 휙 던져 버렸어.",
      "srcPage": 13,
      "srcSentenceEA": 4,
      "srcWordEA": 32
    }
  ]
}