{
  "title": "아인슈타인",
  "author": "신지윤",
  "illustrator": "홍정민",
  "isbn": "9791155396148",
  "readAge": "초등_저학년",
  "publishedYear": 2016,
  "publisher": "(도서출판)때올비",
  "classification": "사회관계",
  "paragraphInfoCount": 16,
  "paragraphInfo": [
    {
      "srcTextID": "142234",
      "srcText": "아인슈타인이 잔뜩 풀이 죽어 학교를 나설 때였어요. 스위스 공과 대학 학장님이 아인슈타인을 불렀어요. “아인슈타인, 비록 합격하진 못했지만 수학과 물리학 성적이 아주 좋더군. 김나지움에서 낙제한 과목을 다시 공부한다면 입학을 허락하겠네.” 아인슈타인은 너무 기뻤어요. 김나지움에 들어간 아인슈타인은 대학에 들어갈 꿈을 안고 열심히 공부했어요. 마침내 아인슈타인은 우수한 성적으로 김나지움을 졸업하고 스위스 공과 대학에 들어가게 되었답니다.",
      "srcPage": 7,
      "srcSentenceEA": 7,
      "srcWordEA": 57
    },
    {
      "srcTextID": "142231",
      "srcText": "아인슈타인은 특히 수학을 좋아했어요. 모르는 것이 있으면 삼촌에게 물었어요. 나중에는 대학생들이나 풀 수 있는 어려운 수학 문제도 혼자서 척척 풀 정도였지요. 삼촌이 아인슈타인의 천재성을 발견하고 부모님에게 말했지만 부모님은 믿지 않았어요.",
      "srcPage": 4,
      "srcSentenceEA": 4,
      "srcWordEA": 33
    },
    {
      "srcTextID": "142232",
      "srcText": "엉뚱한 질문만 해 대는 아인슈타인이 잘 자라 주기만 바랐지요. 아인슈타인의 가족은 모두 음악을 좋아했어요. 그래서 저녁때면 온 가족이 모여 작은 음악회를 열었답니다.",
      "srcPage": 5,
      "srcSentenceEA": 3,
      "srcWordEA": 24
    },
    {
      "srcTextID": "142236",
      "srcText": "대학을 졸업한 아인슈타인은 특허국에서 일했어요. 아인슈타인은 일하는 틈틈이 물리학 공부를 했어요. 그리고 대학 때부터 사귀어 온 밀레바와 결혼을 약속했지요. 밀레바는 마음이 따뜻하고 이해심이 많은 아가씨였어요. 결혼식 날이었어요. 피로연을 마치고 밤늦게 집에 도착했는데, 집 열쇠가 없는 거예요. 아인슈타인이 미안해하며 주인 할머니를 깨우려고 하자 밀레바가 말렸어요. “주무실 텐데 깨우지 말고 오늘 밤은 여기서 보내요.” 둘은 현관 앞에서 밤을 꼬박 새웠어요. 그 뒤 아내는 누구보다 아인슈타인을 이해해 주고 연구에 전념할 수 있도록 도와주었답니다.",
      "srcPage": 9,
      "srcSentenceEA": 10,
      "srcWordEA": 78
    },
    {
      "srcTextID": "142229",
      "srcText": "아인슈타인은 어려서부터 궁금한 게 너무 많았어요. 알고 싶은 게 있으면 아무리 작은 것이라도 그냥 넘어가는 법이 없었지요. “아인슈타인, 1 더하기 1 은 2란다.” “왜요?” “잘 보렴. 여기에다 하나를 더 놓으면.” “왜요?” 아인슈타인의 질문은 끝이 없었어요. 세 살 때까지 말도 제대로 하지 못하고, 더듬더듬 겨우 입을 뗀 뒤에도 하루 종일 입을 꾹 다물고 있었어요. 그래서 ‘심심한 도련님’이라고도 불렸답니다.",
      "srcPage": 2,
      "srcSentenceEA": 9,
      "srcWordEA": 63
    },
    {
      "srcTextID": "142230",
      "srcText": "학교에 가서도 아인슈타인의 질문은 계속되었어요. “선생님, 이 수학 공식은 무엇을 근거로 한 건가요?” 선생님은 이치를 설명해 주는 대신 무조건 외우라고 했어요. “왜 공식을 외워야 하지요?” “뭐라고? 그런 바보 같은 질문이 어디 있어!” 선생님은 화가 나서 아인슈타인을 교실 밖으로 내쫓았어요. 교실 밖으로 쫓겨나면서도 아인슈타인은 고개를 갸우뚱거렸어요. ‘왜 과정을 설명해 주지 않고 무조건 외우라는 거지?’ 그 뒤로도 아인슈타인은 수도 없이 교실 밖으로 쫓겨나곤 했답니다.",
      "srcPage": 3,
      "srcSentenceEA": 9,
      "srcWordEA": 68
    },
    {
      "srcTextID": "142237",
      "srcText": "아인슈타인은 스물여섯 살 되던 해 ‘광양자 이론’을 발표했어요. 뒤이어 ‘특수 상대성 이론’도 발표했지요. 그러자 과학자들 사이에 한바탕 소동이 일어났어요. 아인슈타인의 이론이 시간과 공간에 대한 그동안의 생각을 완전히 뒤엎었기 때문이에요. “도대체 아인슈타인이 누구야?” 사람들은 아인슈타인을 만나기 위해 특허국으로 찾아왔어요. 그런데 부스스한 머리에 꾀죄죄한 모습을 보고는 모두 어이없어했지요. “당신이 그 유명한 과학자 아인슈타인입니까?” 아인슈타인은 유명해진 뒤에도 돈과 명예에는 관심이 없었어요. 자기가 하고 싶은 일에 최선을 다할 뿐이었지요.",
      "srcPage": 10,
      "srcSentenceEA": 12,
      "srcWordEA": 74
    },
    {
      "srcTextID": "142243",
      "srcText": "누구보다 평화를 사랑했던 아인슈타인은 너무나 괴로웠어요. ‘내가 연구한 이론이 무시무시한 무기를 만드는 데 이용되다니.’ 그 뒤 아인슈타인은 과학이 전쟁에 이용되지 않도록 평생을 바쳐 일했어요. 전 세계를 다니며 핵무기 반대 운동을 벌였고, 세상을 떠날 때까지 자유와 평화를 지키기 위해 노력했답니다.",
      "srcPage": 16,
      "srcSentenceEA": 4,
      "srcWordEA": 42
    },
    {
      "srcTextID": "142233",
      "srcText": "아인슈타인이 열다섯 살 되던 해였어요. 아버지 회사가 갑자기 문을 닫는 바람에 형편이 어려워졌어요. 아인슈타인은 학교를 그만두고 부모님을 따라 이탈리아로 갔어요. 하지만 그곳에서도 생활은 나아지지 않았어요. 아인슈타인은 고생하는 부모님을 위해 빨리 돈을 벌고 싶어 선생님이 되어야겠다고 생각했어요. 그래서 스위스 공과 대학 입학 시험을 봤는데 그만 떨어지고 말았어요. 어학과 동식물학 시험에서 낙제를 했기 때문이에요.",
      "srcPage": 6,
      "srcSentenceEA": 7,
      "srcWordEA": 58
    },
    {
      "srcTextID": "142228",
      "srcText": "우아, 신기하다! 어떻게 바늘이 한쪽만 가리키지요?” 네 살배기 꼬마는 나침반을 뚫어져라 바라보았어요. 이리저리 아무리 돌려 봐도 나침반의 빨간 바늘은 항상 같은 방향만 가리켰거든요. “이건 방향을 가리키는데.” 아버지는 꼬마에게 차근차근 설명해 주었어요. 무슨 뜻인지 알아들을 수는 없었지만 흔들흔들 춤추는 나침반에 마음을 온통 빼앗긴 이 꼬마가 바로 ‘상대성 이론’을 발견한 과학자 알베르트 아인슈타인입니다.",
      "srcPage": 1,
      "srcSentenceEA": 8,
      "srcWordEA": 57
    },
    {
      "srcTextID": "142235",
      "srcText": "대학에 들어간 뒤, 아인슈타인은 단짝 친구 그로스만과 함께 늘 실험실에서 살았어요. 하루는 알코올 실험을 하고 있었어요. “됐어, 이제 불을 붙여.” 그로스만이 아인슈타인에게 말했어요. “부, 불을 붙이다가 폭발하면 어떡하지?” 성냥을 든 채 덜덜 떨며 아인슈타인이 말했어요. “그렇게 겁이 많아서 어떻게 실험을 해?” “맞아, 난 물리학자는 못 될 것 같아.” 아인슈타인은 몹시 실망했어요. 그로스만이 다정하게 아인슈타인의 어깨를 감싸며 말했어요. “넌 생각하는 것을 좋아하니까 이론 물리학을 공부하는 게 어때?” 그로스만의 격려에 아인슈타인은 힘을 얻었어요.",
      "srcPage": 8,
      "srcSentenceEA": 12,
      "srcWordEA": 77
    },
    {
      "srcTextID": "142238",
      "srcText": "여기저기서 아인슈타인을 데려가려고 야단이었어요. 아인슈타인은 베를린 대학의 교수가 되어 학생들을 열심히 가르쳤어요. 아인슈타인은 점점 더 유명해졌어요. 그러던 어느 날, 아들이 호기심 가득한 얼굴로 물었어요. “아빠는 왜 유명한 거예요?” “글쎄, 앞이 보이지 않는 벌레에게 길을 가르쳐 주었다고나 할까?” “어떻게 가르쳐 주었어요?” 아들은 궁금한 듯 눈이 동그래졌어요. “답을 알아낼 때까지 끊임없이 ‘왜 그럴까?’ 생각하다가 용케 알아내게 된 거야.”",
      "srcPage": 11,
      "srcSentenceEA": 10,
      "srcWordEA": 61
    },
    {
      "srcTextID": "142239",
      "srcText": "그 무렵 독일에는 이상한 분위기가 감돌고 있었어요. 독일이 전쟁에서 진 것을 모두 유대인 책임으로 돌리며 유대인들을 괴롭힌 거예요. 아인슈타인은 자신도 유대인이라는 걸 떳떳이 밝혔어요. 그러자 독일 사람들은 아인슈타인을 비난하며 헐뜯기 시작했어요. 심지어 아인슈타인의 이론이 꾸며낸 것이라는 헛소문을 퍼뜨리기도 했지요.",
      "srcPage": 12,
      "srcSentenceEA": 5,
      "srcWordEA": 43
    },
    {
      "srcTextID": "142240",
      "srcText": "아인슈타인이 강의를 하러 다른 나라에 간 사이 히틀러가 아인슈타인의 재산을 모두 빼앗아 버렸어요. 게다가 아인슈타인을 없애기 위해 현상금까지 걸었다는 소문이 나돌았어요. “아버지, 무서워요. 어서 독일을 떠나요.” 가족은 공포에 떨며 아인슈타인을 졸랐어요. 마침 미국의 한 대학에서 교수로 와 달라는 제안을 해 왔어요. 아인슈타인은 하는 수 없이 가족을 데리고 미국으로 떠났어요.",
      "srcPage": 13,
      "srcSentenceEA": 7,
      "srcWordEA": 54
    },
    {
      "srcTextID": "142241",
      "srcText": "얼마 뒤, 제2차 세계 대전이 일어났어요. 오랫동안 전쟁 준비를 해 온 히틀러가 삽시간에 세계를 손 안에 넣은 거예요. 사람들은 히틀러가 무시무시한 원자 폭탄을 만들어 전 세계를 불바다로 만들 거라며 불안에 떨었어요. “당장 막아야 해. 이 일을 할 수 있는 사람은 아인슈타인 박사뿐이야!” 원자 폭탄을 만드는 원리는 바로 아인슈타인이 발견한 ‘상대성 이론’을 이용한 거였어요. ‘어떻게 하면 독일의 원자 폭탄 개발을 막을 수 있을까?’ 많은 고민 끝에 아인슈타인은 미국 대통령에게 편지를 썼어요. 독일을 막으려면 미국이 먼저 원자 폭탄을 만들어야 한다는 내용이었지요.",
      "srcPage": 14,
      "srcSentenceEA": 10,
      "srcWordEA": 87
    },
    {
      "srcTextID": "142242",
      "srcText": " 미국은 서둘러 원자 폭탄을 만들었어요. 하지만 독일이 원자 폭탄을 만든다는 말은 헛소문이었어요. 일본이 전쟁에 합세해 미국을 위협하자 미국은 일본 히로시마와 나가사키에 원자 폭탄을 떨어뜨렸어요. 단 두 개의 원자 폭탄은 26만 명의 목숨을 앗아 가고, 16만 명이 넘는 사람을 다치게 했어요.",
      "srcPage": 15,
      "srcSentenceEA": 4,
      "srcWordEA": 44
    }
  ]
}