{
  "title": "나누면 행복해",
  "author": "장선혜",
  "illustrator": "송선옥",
  "isbn": "9791165952815",
  "readAge": "초등_저학년",
  "publishedYear": 2021,
  "publisher": "아람북스",
  "classification": "사회관계",
  "paragraphInfoCount": 16,
  "paragraphInfo": [
    {
      "srcTextID": "19258",
      "srcText": "바비는 힘껏 빗물을 끌어모았어. 아무리 뜨거운 햇볕이 내리쬐어도 마르지 않게 빗물을 모으고 또 모았어. 밤새도록 빗물을 모은 바비는 전보다 훨씬 큰 바오바브나무가 되었어.",
      "srcPage": 11,
      "srcSentenceEA": 3,
      "srcWordEA": 25
    },
    {
      "srcTextID": "19256",
      "srcText": "바바에 할머니가 바비의 기도를 들으셨던 걸까? 톡! 토독! 비가 내리기 시작했어. “우아, 비다! 바바에 할머니, 고맙습니다!”",
      "srcPage": 10,
      "srcSentenceEA": 6,
      "srcWordEA": 20
    },
    {
      "srcTextID": "19259",
      "srcText": "“친구들아, 나에게 물이 아주 많아. 어서 와서 물 좀 마셔!” 친구들은 바비의 말을 듣고 모두 모여들었어.",
      "srcPage": 13,
      "srcSentenceEA": 3,
      "srcWordEA": 18
    },
    {
      "srcTextID": "19248",
      "srcText": "바비는 초원에 사는 바오바브나무야. 비가 내리면 빗물을 빨아들여서 몸에 한가득 물을 채웠어. 물을 채우고 나면 멀리서도 알아볼 정도로 몸이 빵빵해졌지.",
      "srcPage": 1,
      "srcSentenceEA": 3,
      "srcWordEA": 22
    },
    {
      "srcTextID": "19253",
      "srcText": "오랫동안 비가 내리지 않자, 초원은 점점 더 메말라 갔어. 바비의 몸과 마음도 더욱더 메말라 갔지. 새들과 개코원숭이, 코끼리들이 바비를 찾아왔지만, 울타리 안에 숨은 바비를 만날 수 없었어. 친구들은 걱정스러운 얼굴로 돌아가야만 했지.",
      "srcPage": 6,
      "srcSentenceEA": 4,
      "srcWordEA": 35
    },
    {
      "srcTextID": "19257",
      "srcText": "바비는 친구들이 걱정되었어. 하지만 바비도 친구들에게 나누어 줄 물이 충분하지 않았지. 바비는 울타리를 치워 버리고는 매일 밤 바바에 할머니에게 기도했어. “할머니, 딱 하룻밤만 비가 내리게 해 주세요.”",
      "srcPage": 9,
      "srcSentenceEA": 4,
      "srcWordEA": 29
    },
    {
      "srcTextID": "19263",
      "srcText": "친구들이 바비에게 다가왔어. “바비야, 그동안 많이 힘들었지?” “아니야, 괜찮아.” 코끼리들이 말했어. “그때는 우리가 너무 목이 말라서 네 생각을 하지 못했어. 정말 미안해.”",
      "srcPage": 14,
      "srcSentenceEA": 6,
      "srcWordEA": 24
    },
    {
      "srcTextID": "19261",
      "srcText": "“난 너희가 있어서 행복한걸. 예전처럼 재미있는 초원 이야기를 들려줘.” 초원은 바비와 친구들이 재잘대는 소리로 하루 종일 시끌시끌했어.",
      "srcPage": 15,
      "srcSentenceEA": 3,
      "srcWordEA": 19
    },
    {
      "srcTextID": "19262",
      "srcText": "바비야, 열매를 나누어 줘서 고마워! 내 친구 바비, 다시 만나 반가워. 실컷 마셔, 아기 코끼리야. 목이 많이 말랐구나. 천천히 마시렴!",
      "srcPage": 16,
      "srcSentenceEA": 5,
      "srcWordEA": 24
    },
    {
      "srcTextID": "19249",
      "srcText": "바비가 몸에 물을 가득 채워 두는 건 다 이유가 있었어. 친구들에게 물을 나누어 주기 위해서였어. 가끔은 더 달라고 조르는 친구들 때문에 난감할 때가 있기도 했지.",
      "srcPage": 2,
      "srcSentenceEA": 3,
      "srcWordEA": 27
    },
    {
      "srcTextID": "19250",
      "srcText": "“나도 더 마시고 싶어!” 코끼리들은 앞발을 들고 코를 휘휘 저으며 바비에게 졸라 댔어. 바비는 코끼리들 때문에 몸과 마음에 큰 상처를 입었어.",
      "srcPage": 4,
      "srcSentenceEA": 3,
      "srcWordEA": 23
    },
    {
      "srcTextID": "19260",
      "srcText": "날이 밝자, 비가 그쳤어. 쨍쨍 내리쬐는 햇볕에 초원은 금세 바짝 말라 버렸지. 바비는 서둘러 친구들을 불렀어.",
      "srcPage": 12,
      "srcSentenceEA": 3,
      "srcWordEA": 18
    },
    {
      "srcTextID": "19252",
      "srcText": "오랫동안 끙끙 앓고 나서야 정신을 차린 바비는 친구들이 다가오지 못하게 울타리를 쳤어. 바비는 몇 해 전 하늘로 떠난 바바에 할머니의 말씀을 떠올렸어. “나누면 행복해진단다. 내가 나눈 것이 돌고 돌아 행복이 되어 돌아오거든.” 하지만 바비는 아무리 생각해도 할머니 말씀이 이해가 되지 않았어. 아무리 나누어 줘도 친구들은 고마워하기는커녕 더 달라고만 했거든.",
      "srcPage": 5,
      "srcSentenceEA": 6,
      "srcWordEA": 53
    },
    {
      "srcTextID": "19254",
      "srcText": "그렇게 며칠이 지났을 즈음, 바비는 문득 행복하지 않다는 생각이 들었어. 아침마다 아름다운 노랫소리로 깨워 주던 새들과 신기한 재주로 모두를 웃겨 주던 개코원숭이가 생각났어. 그리고 누구보다 코끼리들이 많이 보고 싶었어. ",
      "srcPage": 7,
      "srcSentenceEA": 3,
      "srcWordEA": 31
    },
    {
      "srcTextID": "19255",
      "srcText": "코끼리들은 초원에서 일어나는 재미있는 이야기를 매일매일 바비에게 들려주었거든. 바비는 그제야 깨달았어. 바비가 나눈 만큼 친구들도 바비에게 나누어 주었다는 걸. ",
      "srcPage": 8,
      "srcSentenceEA": 3,
      "srcWordEA": 21
    },
    {
      "srcTextID": "19251",
      "srcText": "비가 오랫동안 내리지 않던 어느 날, 바비는 목마른 코끼리들을 불러 모아 물을 나누어 주었어. 하지만 바비가 아무리 물을 주어도 코끼리들은 더 달라고 아우성이었어. “조금만 더 줘!”",
      "srcPage": 3,
      "srcSentenceEA": 3,
      "srcWordEA": 27
    }
  ]
}