{
  "title": "나는 울트라 척척맨",
  "author": "정소영",
  "illustrator": "김이조",
  "isbn": "9791165952990",
  "readAge": "초등_저학년",
  "publishedYear": 2021,
  "publisher": "아람북스",
  "classification": "사회관계",
  "paragraphInfoCount": 27,
  "paragraphInfo": [
    {
      "srcTextID": "17016",
      "srcText": "“지오야, 이제 너도 우리 집안의 비밀을 알 때가 된 거 같아. 이건 아무에게도 말하면 안 돼.” 엄마가 무슨 말을 할까? ",
      "srcPage": 3,
      "srcSentenceEA": 3,
      "srcWordEA": 22
    },
    {
      "srcTextID": "17019",
      "srcText": "“하지만 영웅이 되려면 어려운 훈련을 통과해야만 해.” “어떤 훈련인데요?” “영웅이 되려면 해야 할 일을 스스로 해내야 해. 엄마나 아빠에게 부탁해서도 안 돼.”",
      "srcPage": 6,
      "srcSentenceEA": 4,
      "srcWordEA": 23
    },
    {
      "srcTextID": "17022",
      "srcText": "다음 날 아침, 엄마가 화분에 물을 주고 있었어. “엄마, 내가 할게요.” 나는 화분에 물을 주었지. 물을 조금 흘리기는 했지만 금세 끝냈어. “혼자 하는 거 어렵지 않네.” 이대로라면 금방 울트라 척척맨이 될 것 같았어. ",
      "srcPage": 9,
      "srcSentenceEA": 6,
      "srcWordEA": 36
    },
    {
      "srcTextID": "17027",
      "srcText": "아냐아냐. 지금까지 힘들게 훈련했는데 다 망칠 수는 없잖아. “나와라, 울트라 척척 파워!” 나는 크게 소리치고 다시 한번 양치질을 해 보기로 했어. ",
      "srcPage": 15,
      "srcSentenceEA": 3,
      "srcWordEA": 23
    },
    {
      "srcTextID": "17031",
      "srcText": "나는 정말 신이 났어. “엄마, 내가 혼자 장난감 정리도 하고, 화분에 물도 주고, 젓가락질도 하고, 이도 닦았어요!” “우리 지오, 정말 대단해. 힘든 훈련을 했으니까 우유 한 잔 마실래? 어머나, 그런데 우유가 다 떨어졌네.” ",
      "srcPage": 17,
      "srcSentenceEA": 5,
      "srcWordEA": 35
    },
    {
      "srcTextID": "17030",
      "srcText": "“그럼 내가 우유 사 올게요.” “정말 할 수 있겠니?” “그럼요! 내가 마실 거잖아요.”",
      "srcPage": 18,
      "srcSentenceEA": 3,
      "srcWordEA": 14
    },
    {
      "srcTextID": "17033",
      "srcText": "나는 가벼운 마음으로 우유를 사러 나갔어. 그런데 이를 어쩌지? 막상 혼자 가려니까 마트로 가는 길이 생각나지 않는 거야. ‘어느 쪽으로 가더라?’ ",
      "srcPage": 19,
      "srcSentenceEA": 4,
      "srcWordEA": 24
    },
    {
      "srcTextID": "17032",
      "srcText": "가슴은 또 왜 이렇게 뛰는지, 정신이 하나도 없었어. 나는 마음속으로 크게 외쳤지. ‘나와라, 울트라 척척 파워!’ 그랬더니 갑자기 마트로 가는 길이 생각났지 뭐야?",
      "srcPage": 20,
      "srcSentenceEA": 4,
      "srcWordEA": 26
    },
    {
      "srcTextID": "17035",
      "srcText": "마트에 들어가자마자 아주 커다란 장난감 로봇이 보였어. “이거 변신 로봇이잖아. 우아, 날개도 달려 있어!” 나는 장난감 로봇을 보느라 왜 마트에 왔는지 까맣게 잊어버리고 말았어. ",
      "srcPage": 21,
      "srcSentenceEA": 4,
      "srcWordEA": 26
    },
    {
      "srcTextID": "17036",
      "srcText": "“그래, 생각났어. 우유! 어휴, 큰일 날 뻔했네.” 이리저리 둘러보다가 마침내 우유를 찾았어. ‘어, 그런데 무슨 우유가 이렇게 많지?’ 나는 잠깐 머뭇거렸어. ",
      "srcPage": 23,
      "srcSentenceEA": 6,
      "srcWordEA": 26
    },
    {
      "srcTextID": "17037",
      "srcText": "하지만 자신 있게 우유 하나를 딱 골랐지. “내가 가장 좋아하는 우유는 이거야!” 나는 돈을 내고 거스름돈도 받았어.",
      "srcPage": 24,
      "srcSentenceEA": 3,
      "srcWordEA": 18
    },
    {
      "srcTextID": "17038",
      "srcText": "“엄마, 나 혼자서 우유 사 왔어요!” 엄마를 보며 어깨를 으쓱으쓱. 어머, 우리 지오가 드디어 어려운 훈련을 다 해냈구나. ",
      "srcPage": 25,
      "srcSentenceEA": 3,
      "srcWordEA": 20
    },
    {
      "srcTextID": "17014",
      "srcText": "나는 무엇 하나 스스로 할 줄 모르는 아이였어. “엄마가 해 주세요. 나 못 한단 말이에요!” 그러면 엄마가 못 이기는 척 다 해 주었어.",
      "srcPage": 1,
      "srcSentenceEA": 4,
      "srcWordEA": 25
    },
    {
      "srcTextID": "17015",
      "srcText": "며칠 전에도 마찬가지였어. “엄마, 변신 로봇 어디 있어요? 밥 다 먹으면, 찾아 주세요!” 그런데 엄마가 심각한 얼굴로 나에게 말하는 거야.",
      "srcPage": 2,
      "srcSentenceEA": 4,
      "srcWordEA": 22
    },
    {
      "srcTextID": "17017",
      "srcText": "나는 너무 궁금해서 침을 꿀꺽 삼켰어. “사실 우리 가족은 모두 울트라 척척맨이란다.” “울트라 척척맨이요?” “쉿, 조용히 해!” ",
      "srcPage": 4,
      "srcSentenceEA": 4,
      "srcWordEA": 17
    },
    {
      "srcTextID": "17018",
      "srcText": "엄마는 누가 듣기라도 할까 봐, 주위를 둘러보았어. 그러고는 아주 작은 목소리로 속삭였지. “울트라 척척맨은 어떤 일도 척척 해내는 슈퍼 영웅이야. 영웅 중의 영웅이지.” 나는 엄마가 농담하는 줄 알았어. ",
      "srcPage": 5,
      "srcSentenceEA": 5,
      "srcWordEA": 31
    },
    {
      "srcTextID": "17020",
      "srcText": "엄마의 진지한 얼굴을 보니 농담이 아니었어. 갑자기 내 가슴이 콩닥콩닥 뛰었어. “나, 뭐든 할 수 있어요. 울트라 척척맨이 되고 싶어요!”",
      "srcPage": 7,
      "srcSentenceEA": 4,
      "srcWordEA": 22
    },
    {
      "srcTextID": "17021",
      "srcText": "“좋아, 그러면 장난감부터 정리해 볼까?” “네, 네, 네!” 나는 여기저기 어질러진 장난감을 정리하기 시작했어. “로봇은 여기, 자동차는 저기에 넣고.” 시간은 좀 걸렸지만, 장난감 정리를 끝냈어. “후유. 장난감 정리 다 했어요, 엄마!”",
      "srcPage": 8,
      "srcSentenceEA": 6,
      "srcWordEA": 34
    },
    {
      "srcTextID": "17023",
      "srcText": "그런데 문제가 생겼어. ‘쉬워 보였는데 왜 이렇게 어렵지?’ 나는 젓가락질을 하려고 했지만 잘되지 않았어. 반찬을 여기저기 흘리기만 하고 제대로 집을 수가 없었지. “엄마가 도와줄까?” “아니요, 혼자 해 볼게요!” ",
      "srcPage": 10,
      "srcSentenceEA": 6,
      "srcWordEA": 31
    },
    {
      "srcTextID": "17025",
      "srcText": "나는 크게 소리쳤어. “나와라, 울트라 척척 파워!” 그랬더니 갑자기 힘이 솟는 것 같았어. ",
      "srcPage": 11,
      "srcSentenceEA": 3,
      "srcWordEA": 14
    },
    {
      "srcTextID": "17024",
      "srcText": "나는 집중해서 차근차근 젓가락질을 했어. “우아, 아까보다 훨씬 쉽네. 나 진짜 울트라 척척맨이 될 거 같아!” ",
      "srcPage": 12,
      "srcSentenceEA": 3,
      "srcWordEA": 17
    },
    {
      "srcTextID": "17028",
      "srcText": "젓가락질에 성공한 나는 양치질에도 도전했지. 하지만 매일 엄마가 해 줬던 일이잖아. 혼자 하려니까 생각보다 잘되지 않았어.",
      "srcPage": 13,
      "srcSentenceEA": 3,
      "srcWordEA": 18
    },
    {
      "srcTextID": "17026",
      "srcText": " 치약 뚜껑을 여는 것도, 치약을 짜는 것도, 칫솔질을 하는 것도. 무엇 하나 쉬운 게 없었어. 그냥 엄마를 부를까?",
      "srcPage": 14,
      "srcSentenceEA": 3,
      "srcWordEA": 21
    },
    {
      "srcTextID": "17029",
      "srcText": "치약 뚜껑을 열고, 칫솔 위에 치약을 꾹 짜서 칫솔질을 했어. “후유, 다 했다! 내가 닦으니 이가 더 반짝반짝하네.”",
      "srcPage": 16,
      "srcSentenceEA": 3,
      "srcWordEA": 19
    },
    {
      "srcTextID": "17034",
      "srcText": "그때 누군가 나를 탁 치고 지나갔어. “앗, 미안.” 나는 정신이 번쩍 들었어. “아, 맞다! 뭘 사러 왔는데. 그게 뭐였더라?”",
      "srcPage": 22,
      "srcSentenceEA": 6,
      "srcWordEA": 22
    },
    {
      "srcTextID": "17039",
      "srcText": "이제 지오도 울트라 척척맨이 된 거야. 앞으로도 스스로 척척 잘할 수 있겠지? 엄마는 나를 꼭 안아 주고는 선물을 주었어. 그건 바로 울트라 척척맨 망토였어! ",
      "srcPage": 26,
      "srcSentenceEA": 4,
      "srcWordEA": 27
    },
    {
      "srcTextID": "17040",
      "srcText": "나는 더 멋진 울트라 척척맨이 되기 위해 지금도 매일 훈련을 하고 있어. 가끔은 엄마의 도움을 받기도 하지만 말이야. 너희도 울트라 척척맨이 되는 훈련을 해 볼래?",
      "srcPage": 27,
      "srcSentenceEA": 3,
      "srcWordEA": 27
    }
  ]
}