{
  "title": "소파 껌딱지 도지만",
  "author": "신재옥",
  "illustrator": "임광희",
  "isbn": "9791165952884",
  "readAge": "초등_저학년",
  "publishedYear": 2021,
  "publisher": "아람북스",
  "classification": "사회관계",
  "paragraphInfoCount": 19,
  "paragraphInfo": [
    {
      "srcTextID": "15095",
      "srcText": "“지만아, 밥부터 먹어야지. 과자는 안 돼!” “과자 먹을래. 밥 먹기 싫어!” 아침부터 지만이는 엄마의 말을 듣지 않고, 과자를 먹기 시작했어요. ",
      "srcPage": 1,
      "srcSentenceEA": 5,
      "srcWordEA": 23
    },
    {
      "srcTextID": "15097",
      "srcText": "‘쳇, 유치원도 안 가는 날인데 과자 좀 먹으면 어때서?’ 지만이는 아침밥을 먹지 않고 텔레비전 앞 소파에 누워 과자 봉지만 내내 껴안고 있었어요. “지만아, 과자 좀 그만 먹어!”",
      "srcPage": 2,
      "srcSentenceEA": 3,
      "srcWordEA": 28
    },
    {
      "srcTextID": "15098",
      "srcText": "엄마가 슈퍼마켓에 다녀오는 동안에도 지만이는 계속 소파에 누워 젤리를 먹으며 상상했어요. ‘하루 종일 소파에 누워 과자와 햄버거, 핫도그, 피자를 먹으면 얼마나 좋을까?’ “도지만! 너, 그러다 소파 된다!”",
      "srcPage": 4,
      "srcSentenceEA": 3,
      "srcWordEA": 29
    },
    {
      "srcTextID": "15099",
      "srcText": "엄마의 목소리가 거실에 쩌렁쩌렁 울렸어요. 잠시 상상에 빠져 있던 지만이는 엄마의 말을 듣고 깜짝 놀랐어요. 지만이는 슬쩍 눈을 감고는 소파에 누워 자는 척을 했어요. ",
      "srcPage": 5,
      "srcSentenceEA": 3,
      "srcWordEA": 26
    },
    {
      "srcTextID": "15100",
      "srcText": "다음 날 아침, 햇빛이 집 안 구석구석을 비출 때였어요. “지만아, 지만아. 도지만!” 엄마 아빠는 이 방 저 방 지만이를 찾아다녔어요. “얘가 도대체 어디 간 거야?”",
      "srcPage": 6,
      "srcSentenceEA": 5,
      "srcWordEA": 27
    },
    {
      "srcTextID": "15101",
      "srcText": "엄마가 피아노 위도 보고, 아래도 보았지만 지만이는 없었어요. “이 소파는 뭐지? 여보, 우리 소파가 이런 색이었나? 그런데 다 망가졌잖아.” 아빠는 지만이를 찾으러 나가면서 소파를 대문 앞에 내놓았어요.",
      "srcPage": 7,
      "srcSentenceEA": 5,
      "srcWordEA": 30
    },
    {
      "srcTextID": "15102",
      "srcText": "‘아, 잘 잤다. 그런데 왜 이렇게 춥지?’ 지만이가 눈을 뜨자, 거실이 아닌 골목길이 보였어요. ‘이상하네? 분명히 소파에 누워서 자고 있었는데.’ ",
      "srcPage": 8,
      "srcSentenceEA": 5,
      "srcWordEA": 24
    },
    {
      "srcTextID": "15105",
      "srcText": "그때 동네 어른들이 지만이네 집 앞을 지나면서 말하는 소리가 들렸어요. “아니, 지만이를 아직도 못 찾았대요?” “경찰에 신고라도 해야지.” ‘어? 나 여기 있는데.’ ",
      "srcPage": 9,
      "srcSentenceEA": 5,
      "srcWordEA": 24
    },
    {
      "srcTextID": "15103",
      "srcText": "“누가 사탕 준다고 살살 꼬드겨서 데려간 건 아니겠죠?” “고 녀석이 사탕, 과자, 젤리라고 하면 정신을 못 차리잖아. 충분히 그럴 수 있지, 어휴.” ",
      "srcPage": 10,
      "srcSentenceEA": 3,
      "srcWordEA": 23
    },
    {
      "srcTextID": "15104",
      "srcText": "“에이, 그런 말 말아요. 먹는 걸 좋아하는 아이지만, 함부로 누굴 따라가진 않았을 거예요.” 지만이는 어른들의 이야기에 심장이 쿵쾅거렸어요. ",
      "srcPage": 11,
      "srcSentenceEA": 3,
      "srcWordEA": 20
    },
    {
      "srcTextID": "15096",
      "srcText": " “지만아, 텔레비전 그만 보고 꺼라.” 엄마 아빠가 지만이에게 소리쳤어요. 하지만 지만이의 귀에는 텔레비전 속 우주 경찰 먹따찐따가 뿅뿅 레이저를 쏘는 소리밖에 들리지 않았어요.",
      "srcPage": 3,
      "srcSentenceEA": 3,
      "srcWordEA": 25
    },
    {
      "srcTextID": "15106",
      "srcText": "‘이상하다, 나 여기 있는데. 왜 내가 안 보이는 것처럼 이야기하지?’ 조금 뒤, 지만이는 눈이 퉁퉁 붓도록 울고 있는 엄마와 걱정 가득한 얼굴의 아빠를 보았어요. ‘어, 엄마 아빠. 저 여기 있어요!’",
      "srcPage": 12,
      "srcSentenceEA": 5,
      "srcWordEA": 34
    },
    {
      "srcTextID": "15107",
      "srcText": "“여보, 여기 소파에 앉아서 눈물 좀 닦아요.” 아빠의 말에 엄마의 커다란 엉덩이가 소파가 된 지만이의 얼굴 위로 다가왔어요. ‘뭐, 뭐야? 설마 내가 소, 소파가 된 거야? 안 돼! 몸에 안 좋은 것만 먹고, 종일 텔레비전만 봤더니 엄마 말대로 진짜 소파가 되었나 봐! 어떡해, 어떡해!’ ",
      "srcPage": 13,
      "srcSentenceEA": 7,
      "srcWordEA": 50
    },
    {
      "srcTextID": "15109",
      "srcText": "엄마가 후들거리는 다리에 힘을 주고 천천히 앉으며 말했어요. “내가 지만이를 너무 혼냈나 봐요. 지만이가 돌아오기만 한다면.” 엄마, 나도 돌아가고 싶어요. 소파로 살기 싫어요.",
      "srcPage": 14,
      "srcSentenceEA": 5,
      "srcWordEA": 26
    },
    {
      "srcTextID": "15108",
      "srcText": "돌아갈 수만 있다면 밥도 잘 먹고, 과자도 안 먹을게요. 운동도 열심히 할게요! 흑흑. 지만이가 울자 소파가 들썩거리며 눈물에 젖었어요. ",
      "srcPage": 15,
      "srcSentenceEA": 4,
      "srcWordEA": 22
    },
    {
      "srcTextID": "15111",
      "srcText": "그때였어요. 펑! “아, 숨 막혀. 엄마, 엉덩이 좀 치워 보세요.” 엄마는 깜짝 놀라 소파에서 벌떡 일어났어요. 소파와 똑같은 무늬의 옷을 입은 지만이가 눈물과 콧물로 범벅이 된 얼굴로 엄마를 쳐다보았어요. ",
      "srcPage": 16,
      "srcSentenceEA": 5,
      "srcWordEA": 33
    },
    {
      "srcTextID": "15110",
      "srcText": "“지만아!”, “어머나, 세상에!” 깜짝 놀란 엄마 아빠는 지만이를 안고 울기만 했어요. “우아! 다시 나로 돌아온 거야?” 지만이가 기뻐하며 자기 몸을 만져 보았어요. 여전히 볼은 왕사탕을 물고 있는 것처럼 빵빵하고, 뱃살 때문에 옷도 작았어요. “이제 진짜진짜 살 뺄 거예요!” ",
      "srcPage": 17,
      "srcSentenceEA": 6,
      "srcWordEA": 43
    },
    {
      "srcTextID": "15112",
      "srcText": "집으로 돌아온 지만이는 엄마와 약속을 했어요. 매일매일 골고루 먹고, 운동을 하기로요. 그 뒤로 지만이는 정말 과자는 먹지 않고, 밥과 반찬을 골고루 먹었어요. 그리고 엄마와 함께 날마다 날씬 체조를 했어요. “지렁이처럼 꿈틀! 개구리처럼 폴짝! 살이 쪽쪽 빠지는 소리가 들리는 것 같아!”",
      "srcPage": 18,
      "srcSentenceEA": 7,
      "srcWordEA": 45
    },
    {
      "srcTextID": "15113",
      "srcText": "그런데 어느 날, 아빠가 보이지 않았어요. 대신 못 보던 소파 하나가 놓여 있었지요. 지만이는 아빠를 찾으러 나가는 대신 소파 옆에 서서 이렇게 말했어요. “아빠, 그러니까 스마트폰 그만 보고 운동 좀 하시라고요!” ‘지만아.’",
      "srcPage": 19,
      "srcSentenceEA": 5,
      "srcWordEA": 35
    }
  ]
}