{
  "title": "스스로 척척",
  "author": "양지안",
  "illustrator": "소연정",
  "isbn": "9791157591879",
  "readAge": "초등_저학년",
  "publishedYear": 2015,
  "publisher": "아람북스",
  "classification": "사회관계",
  "paragraphInfoCount": 41,
  "paragraphInfo": [
    {
      "srcTextID": "19845",
      "srcText": "세미는 학교 가는 내내 투덜거렸어요. “옷도 안 입혀 주고, 준비물도 안 챙겨 주고. 엄마, 나빠. 1학년 싫어!” 세미는 친구들한테도 화가 났어요.",
      "srcPage": 2,
      "srcSentenceEA": 5,
      "srcWordEA": 24
    },
    {
      "srcTextID": "19844",
      "srcText": "‘흥, 모두 지수만 좋아해.’ 재영이는 학교에 오자마자 지수에게 가서 이렇게 말했어요. “지수야, 이따 집에 갈 때 나랑 같이 가자.” 영주는 지수에게 예쁜 스티커를 주었고요.",
      "srcPage": 3,
      "srcSentenceEA": 4,
      "srcWordEA": 26
    },
    {
      "srcTextID": "19849",
      "srcText": "세미는 입을 삐죽거렸어요. ‘친구들도 나빠!’ “다음 주 우유 당번은 누가 할까?” 담임 선생님이 물으시자, 지수가 손을 번쩍 들었어요.",
      "srcPage": 4,
      "srcSentenceEA": 4,
      "srcWordEA": 20
    },
    {
      "srcTextID": "19846",
      "srcText": "‘1학년이 되니까 엄마도, 선생님도, 친구들도 다 마음에 안 들어. 1학년 싫어!’ 선생님, 제가 할게요. 선생님, 저도요. 선생님 저도요, 저도 할래요.",
      "srcPage": 6,
      "srcSentenceEA": 5,
      "srcWordEA": 24
    },
    {
      "srcTextID": "19852",
      "srcText": "세미는 모든 것이 마음에 들지 않았어요. ‘청소는 선생님이 해 주시면 안 되나? 유치원 때는 선생님들이 하셨는데. 숙제도 많고, 준비물도 많고, 1학년은 너무 힘들어!’",
      "srcPage": 9,
      "srcSentenceEA": 4,
      "srcWordEA": 26
    },
    {
      "srcTextID": "19853",
      "srcText": "세미는 친구들 뒤에 처져서 터덜터덜 걸었어요. 지수가 재미난 말을 했는지 친구들이 까르르 웃었어요. ‘선생님과 친구들은 왜 지수를 좋아할까?’ 세미는 가만히 생각해 보았어요.",
      "srcPage": 10,
      "srcSentenceEA": 4,
      "srcWordEA": 25
    },
    {
      "srcTextID": "19858",
      "srcText": "욕실에 가서 세수하고, 머리를 빗어요. “오늘은 어떤 옷을 입을까?” 옷을 챙겨 입고, 가방을 다시 한번 확인해요.",
      "srcPage": 12,
      "srcSentenceEA": 3,
      "srcWordEA": 17
    },
    {
      "srcTextID": "19856",
      "srcText": "아침밥은 꼭꼭 씹어 먹어요. 먹고 난 뒤에 이를 꼭 닦아요. “학교 다녀오겠습니다.” 부모님께 인사하고 집을 나서요.",
      "srcPage": 13,
      "srcSentenceEA": 4,
      "srcWordEA": 18
    },
    {
      "srcTextID": "19857",
      "srcText": "오늘은 지수가 우유 당번이에요. 친구들에게 우유를 나누어 주어요. 영주가 갑자기 배가 아프대요.",
      "srcPage": 14,
      "srcSentenceEA": 3,
      "srcWordEA": 14
    },
    {
      "srcTextID": "19861",
      "srcText": "청소 시간이에요. 교실에 떨어진 쓰레기를 빗자루로 쓸어요. 그리고 책상 줄을 반듯하게 맞춰요. 힘든 만큼 깨끗해지면 기분이 좋아요.",
      "srcPage": 15,
      "srcSentenceEA": 4,
      "srcWordEA": 20
    },
    {
      "srcTextID": "19864",
      "srcText": "행복한 꿈나라로! 일찍 잠자리에 들어요. 그래야 아침 일찍 일어나거든요. 지수는 오늘도 스스로 알아서 척척! 혼자서도 참 잘했어요!",
      "srcPage": 17,
      "srcSentenceEA": 5,
      "srcWordEA": 21
    },
    {
      "srcTextID": "19873",
      "srcText": "미술 시간이 되었어요. “오늘은 모둠 활동으로 협동화 그리기를 할 거예요. 모둠 친구들과 의논해서 함께 한 장의 그림을 그리는 거예요. 준비물은 다 챙겨 왔죠?”",
      "srcPage": 28,
      "srcSentenceEA": 4,
      "srcWordEA": 25
    },
    {
      "srcTextID": "19875",
      "srcText": "‘난 몰라. 엄마가 안 챙겨 줬잖아.’ 세미는 금방 울상이 되었어요. “세미야, 크레파스 안 가져왔어?”",
      "srcPage": 30,
      "srcSentenceEA": 4,
      "srcWordEA": 16
    },
    {
      "srcTextID": "19876",
      "srcText": "“응, 엄마가 챙겨 주실 줄 알았는데.” 세미는 고개를 숙인 채 웅얼거렸어요. “내 크레파스 같이 쓰자.”",
      "srcPage": 31,
      "srcSentenceEA": 3,
      "srcWordEA": 16
    },
    {
      "srcTextID": "19879",
      "srcText": "“나, 공주 아냐.” 세미가 도리도리 고개를 저었어요. “공주 맞아. 착하고 예쁜 공주!” 지수의 말에 세미는 기분이 좋아졌어요.",
      "srcPage": 35,
      "srcSentenceEA": 5,
      "srcWordEA": 20
    },
    {
      "srcTextID": "19882",
      "srcText": "선생님은 세미와 지수 머리를 쓰다듬어 주셨어요. “세미와 지수는 선생님이 시키지 않아도 알아서 잘하네.” 선생님 칭찬에 세미와 지수는 배시시 웃었어요.",
      "srcPage": 39,
      "srcSentenceEA": 3,
      "srcWordEA": 20
    },
    {
      "srcTextID": "19885",
      "srcText": "“얘들아, 오늘 우리 집에 가서 놀자.” 영주가 말했어요. “그래, 숙제 다 하고 가방 챙겨 놓고 갈게.” 지수가 대답했어요. “나도 숙제하고 가방 챙겨 놓고 갈게.”",
      "srcPage": 40,
      "srcSentenceEA": 5,
      "srcWordEA": 26
    },
    {
      "srcTextID": "19860",
      "srcText": "집에 와서 다음 날 시간표와 알림장을 보고 가방을 챙겨요. 숙제도 하고, 준비물도 미리 챙겨 둬요. 친구들과 노는 건 언제나 즐거워요! 내 것을 양보하고 친구를 배려하면, 사이좋게 놀 수 있어요.",
      "srcPage": 16,
      "srcSentenceEA": 4,
      "srcWordEA": 32
    },
    {
      "srcTextID": "19862",
      "srcText": "“누가 선생님 심부름 좀 해 줄래?” 선생님이 물으셨어요. “저요!” 또 지수가 가장 먼저 손을 들었어요. 다른 아이들도 잇따라 손을 들었지요.",
      "srcPage": 18,
      "srcSentenceEA": 4,
      "srcWordEA": 23
    },
    {
      "srcTextID": "19866",
      "srcText": "“아, 네. 뭔데요?” 세미는 얼떨결에 대답했어요. “이걸 3학년 난초반 선생님께 전해 주렴.” 세미는 봉투를 들고 3층으로 올라갔어요.",
      "srcPage": 20,
      "srcSentenceEA": 5,
      "srcWordEA": 20
    },
    {
      "srcTextID": "19869",
      "srcText": "세미는 봉투를 가지고 교무실로 갔어요. “3학년 난초반 선생님 계세요?” “난데, 무슨 일이니?\"",
      "srcPage": 23,
      "srcSentenceEA": 3,
      "srcWordEA": 12
    },
    {
      "srcTextID": "19870",
      "srcText": "책을 읽던 선생님이 손을 들어 보이셨어요. 세미는 선생님께 다가가 인사하고 봉투를 드렸어요. “1학년 국화반 선생님이 드리라고 하셨어요.”",
      "srcPage": 24,
      "srcSentenceEA": 3,
      "srcWordEA": 18
    },
    {
      "srcTextID": "19871",
      "srcText": "“떨리지 않았어? 나는 처음 심부름할 때 무지 떨렸는데.” 지수가 웃으며 말했어요. “나도 좀 떨렸어. 그런데 심부름 참 재미있다.” 세미도 지수를 보며 미소 지었어요.",
      "srcPage": 27,
      "srcSentenceEA": 6,
      "srcWordEA": 27
    },
    {
      "srcTextID": "19881",
      "srcText": "신나게 협동화를 그리고 나니, 책상 여기저기 크레파스 자국이 묻어 있었어요. 세미는 걸레로 책상을 닦았어요. 자기 책상만이 아니라 친구들 책상도 닦아 주었지요.",
      "srcPage": 36,
      "srcSentenceEA": 3,
      "srcWordEA": 23
    },
    {
      "srcTextID": "19883",
      "srcText": "세미가 꽃들에게 말했어요. “아, 정말 맛있다. 고마워. 쑥쑥 자랄게.” 어느새 들어오신 선생님이 아기 목소리를 흉내 내며 말했어요.",
      "srcPage": 38,
      "srcSentenceEA": 5,
      "srcWordEA": 20
    },
    {
      "srcTextID": "19886",
      "srcText": "세미가 똑같이 말했어요. 아이들이 하하하 큰 소리로 웃었어요. 세미는 웃는 친구들을 보며 생각했어요. ‘1학년도 좋다. 참 좋다!’",
      "srcPage": 41,
      "srcSentenceEA": 5,
      "srcWordEA": 21
    },
    {
      "srcTextID": "19863",
      "srcText": "선생님은 누구를 시킬까 찬찬히 둘러보다가 세미와 눈이 마주쳤지요. 세미는 손을 들지 않았지만, 선생님이 물으셨어요. “세미야, 선생님 좀 도와주지 않을래?”",
      "srcPage": 19,
      "srcSentenceEA": 3,
      "srcWordEA": 20
    },
    {
      "srcTextID": "19867",
      "srcText": "처음 와 보는 곳이라 낯설고 떨렸어요. 애써 마음을 가라앉히며 난초반을 찾았어요. 교실 안을 살짝 보았더니 선생님이 안 계셨어요.",
      "srcPage": 21,
      "srcSentenceEA": 3,
      "srcWordEA": 20
    },
    {
      "srcTextID": "19865",
      "srcText": "‘이걸 어쩌지?’ 세미는 봉투를 들고 머뭇거렸어요. “선생님 찾아왔니? 우리 선생님 교무실 가셨는데.” 교실 밖으로 나온 언니가 알려 주었어요.",
      "srcPage": 22,
      "srcSentenceEA": 5,
      "srcWordEA": 21
    },
    {
      "srcTextID": "19868",
      "srcText": "“교무실까지 찾아와 주다니 정말 고맙구나. 심부름을 아주 잘하네.” 선생님의 칭찬에 세미는 어깨가 으쓱해졌어요.",
      "srcPage": 25,
      "srcSentenceEA": 3,
      "srcWordEA": 15
    },
    {
      "srcTextID": "19872",
      "srcText": "“심부름 다녀왔습니다.” 세미가 교실로 들어서면서 말했어요. “그래, 고맙다. 세미가 심부름을 아주 잘하는구나. 담임 선생님도 세미를 칭찬해 주셨어요.",
      "srcPage": 26,
      "srcSentenceEA": 5,
      "srcWordEA": 20
    },
    {
      "srcTextID": "19874",
      "srcText": "친구들은 모두 “네!” 하고 큰 소리로 대답했어요. 그런데 가방 안을 살피던 세미의 얼굴이 빨개졌어요. 사물함에도 가방에도 크레파스가 없었거든요.",
      "srcPage": 29,
      "srcSentenceEA": 4,
      "srcWordEA": 21
    },
    {
      "srcTextID": "19878",
      "srcText": "지수가 크레파스를 세미 쪽으로 밀었어요. “난 준비물은 꼭 내가 챙겨. 엄마는 동생을 돌보느라 바쁘시거든.”",
      "srcPage": 32,
      "srcSentenceEA": 3,
      "srcWordEA": 15
    },
    {
      "srcTextID": "19877",
      "srcText": "세미는 아침마다 엄마에게 투덜대는 자신이 떠올랐어요. 그러자 얼굴이 또다시 빨개졌지요. ‘이젠 나도 준비물을 스스로 챙길 거야.’",
      "srcPage": 33,
      "srcSentenceEA": 3,
      "srcWordEA": 18
    },
    {
      "srcTextID": "19880",
      "srcText": "“와, 공주님이 웬일이야? 청소는 안 하는 공주인 줄 알았더니.” 지훈이가 눈을 동그랗게 뜨고 물었어요.",
      "srcPage": 34,
      "srcSentenceEA": 3,
      "srcWordEA": 16
    },
    {
      "srcTextID": "19884",
      "srcText": "세미랑 지수는 나란히 서서 화단에 물도 주었어요. 흙이 바짝 말라 있었거든요. “맛있게 먹고 쑥쑥 자라라.”",
      "srcPage": 37,
      "srcSentenceEA": 3,
      "srcWordEA": 16
    },
    {
      "srcTextID": "19843",
      "srcText": "세미는 아침부터 화가 났어요. 요즘 엄마는 세미한테 뭐든 스스로 하라고 해요. “이제 1학년이잖아.”라고 하시면서요.",
      "srcPage": 1,
      "srcSentenceEA": 4,
      "srcWordEA": 16
    },
    {
      "srcTextID": "19848",
      "srcText": "“선생님, 제가 할게요.” 선생님이 지수를 보며 활짝 웃으셨어요. 그러자 재영이도 상미도 손을 들었어요.",
      "srcPage": 5,
      "srcSentenceEA": 3,
      "srcWordEA": 15
    },
    {
      "srcTextID": "19851",
      "srcText": "오늘은 세미네 모둠이 청소 당번이에요. 아이들은 부지런히 책상 줄을 맞추고 바닥을 쓸었어요. ‘몇 시간이나 공부해서 힘들단 말이야.’",
      "srcPage": 7,
      "srcSentenceEA": 3,
      "srcWordEA": 19
    },
    {
      "srcTextID": "19850",
      "srcText": "세미는 가만히 서서 아이들을 보고 있었어요. 그때 선생님이 들어오셨어요. “세미도 친구들과 같이해야지.” 세미는 속이 상했어요. ‘선생님은 나만 미워하셔.’",
      "srcPage": 8,
      "srcSentenceEA": 5,
      "srcWordEA": 21
    },
    {
      "srcTextID": "19855",
      "srcText": "스스로 척척, 지수의 하루. “일어나, 일어나!” 지수는 자명종이 울리면, 벌떡 일어나요. 잠자리 정리도 지수가 해요.",
      "srcPage": 11,
      "srcSentenceEA": 4,
      "srcWordEA": 17
    }
  ]
}