{
  "title": "코코 샤넬",
  "author": "양승현",
  "illustrator": "홍정민",
  "isbn": "9791155396339",
  "readAge": "초등_저학년",
  "publishedYear": 2016,
  "publisher": "(도서출판)때올비",
  "classification": "사회관계",
  "paragraphInfoCount": 16,
  "paragraphInfo": [
    {
      "srcTextID": "139075",
      "srcText": "고아원 시절, 샤넬은 여러 가지 공상을 하면서 스스로 위안을 얻곤 했어요. 특 히 예쁜 집을 그리며 상상의 나래를 펴는 것을 좋아했어요. ‘난 나중에 눈부시게 새하얀 집에서 살 거야.’ 훗날 샤넬은 어렸을 때의 꿈을 이루었어요. 그런데 그 오랜 꿈과는 반대로 집 안을 온통 검은색으로 칠하는 일이 벌어질 거라고는 상상도 하지 못했 지요. 그건 바로 샤넬이 평생을 통해 사랑해 왔던 카펠이 세상을 떠난 뒤에 얻은 슬픔 때문이었어요. 그러나 슬픔을 상징하던 검은색을 화려한 파티복으로 승화시킨 것도 샤넬이었어요. 샤넬이 살던 때 에는 검은색은 장례식 옷을 만들 때나 쓰던 색이었어요. 하지만 샤넬이 이런 고정관념을 깨고 검은 파티복을 처음으로 만들어 낸 거예요. 이처럼 샤넬은 사람들의 생각을 완전히 뒤집어 놓곤 했어요. 모든 여성이 치렁치렁한 긴 치마를 입 을 때 무릎 아래 길이의 짧은 치마를 입었고, 모두가 화려한 모자를 쓸 때 단순한 디자인의 모자를 썼으며, 모두 긴 머리를 할 때 짧은 커트를 했어요. 또한 단순한 꽃향기로 향수를 만들어 쓸 때 여러 가지 향을 섞어 만든 향수를 내놓았으며, 화려한 향수병을 선호할 때 단순하고 네모난 모양의 향수 병을 만들었고, 남자 옷을 만들 때나 쓰던 저지 옷감으로 여자 옷을 만들고, 남자들이나 입던 승마 바지를 만들어 입기도 했어요. 샤넬은 단지 눈에 띄기 위해서 일부러 남과 다르게 한 것이 아니었어요. 그녀는 늘“아름다움보다 편안함이 우선이다. 우리는 옷 속에 사람이 있다는 것을 잊어서는 안 된다.” 하고 말했어요. 바로 이런 생각 때문에 샤넬의 디자인이 오랜 세월 동안 많은 사람에게 사랑을 받는 것이랍니다.",
      "srcPage": 16,
      "srcSentenceEA": 18,
      "srcWordEA": 233
    },
    {
      "srcTextID": "139060",
      "srcText": "옛날 서양 여자들은 코르셋으로 몸을 꽉 조이고, 치렁치렁 늘어진 긴 드레스를 입었어요. 또 커다란 챙이 달린 모자에는 꽃이나 리본, 깃털 같은 장식물을 달았어요. 그런 불편한 차림 때문에 여자들은 자유롭게 행동할 수가 없었어요. 그래서 얼마 뒤에 단순한 디자인의 모자와 숨통이 트이는 편안한 옷이 나오게 된답니다. 여자들이 지금처럼 마음껏 활동하게 된 데에는 이 사람의 공을 빼놓을 수 없어요. 바로 세계적인 디자이너 코코 샤넬이에요.",
      "srcPage": 1,
      "srcSentenceEA": 6,
      "srcWordEA": 66
    },
    {
      "srcTextID": "139061",
      "srcText": "코코 샤넬의 원래 이름은 ‘가브리엘 샤넬’이에요. 샤넬은 1883년, 프랑스에서 태어났어요. 가난한 장사꾼이었던 아버지는 늘 집 밖으로 떠돌았고, 몸이 약한 어머니 혼자 아이들을 키우며 살림을 꾸려야 했어요. 어머니는 힘든 내색도 않고 묵묵히 할 일을 다했지만, 젊은 나이에 병을 얻어 그만 세상을 떠나고 말았어요. “엄마, 돌아가시면 안 돼요. 흑흑.” 아버지는 어머니를 잃고 우는 아이들을 거두지 않았어요. 아들들은 농장 일꾼으로 보내고, 딸들은 고아원으로 보냈지요. 열두 살 소녀 샤넬은 마음에 큰 상처를 받았어요. 그 뒤로 밤만 되면 잠결에 일어나 여기저기 돌아다니는 몽유병을 앓게 되었어요.",
      "srcPage": 2,
      "srcSentenceEA": 10,
      "srcWordEA": 89
    },
    {
      "srcTextID": "139064",
      "srcText": "샤넬이 실망에 빠져 있을 때, 남자 친구 에티엔 발장이 위로해 주었어요. 둘은 경마장에 놀러 가고 승마도 배웠어요. 그런데 치마를 입고 말을 타려니 여간 불편한 게 아니었어요. ‘여자라고 해서 치마를 입은 채로 말을 타야 하나?’ 그길로 샤넬은 양복점을 찾아가 남자 승마 바지를 내밀었어요. “이 바지를 제 몸에 맞게 고쳐 주세요.” “뭐, 뭐라고요? 여자 바지를 만들어 달라는 얘긴가요?” 재단사는 자기 귀를 의심했어요. 그 당시에는 여자가 바지를 입으면 경찰에게 경고를 받을 정도로 옷차림에 대한 간섭이 심했거든요.",
      "srcPage": 5,
      "srcSentenceEA": 10,
      "srcWordEA": 80
    },
    {
      "srcTextID": "139074",
      "srcText": "샤넬은 열두 살 때 어머니가 세상을 떠나자 자매들과 함께 고아원에 맡겨졌어요. 농장에 일꾼으로 들어간 남동생들과도 헤어지고, 아버지는 그 뒤로 다시 만날 수 없었지요. 이때 샤넬이 받은 상처는 매우 컸어요. 샤넬은 어른이 된 뒤 “나는 열두 살 때 모든 걸 빼앗 겼다.”라고 말했어요. 그녀는 크게 성공한 뒤에도 고 아원 앞을 눈물 없이 지나간 적이 없었고, ‘고아원’이라는 말조차도 입에 담기 싫어했어요. 외로운 고아원 시절에 얻은 몽유병은 평생 동안 샤넬 을 따라다녔어요. 패션 디자이너로서 모든 꿈을 이룬 뒤에도 몽유병을 앓았으니까요. 한밤중에 잠옷 차림으 로 리츠 호텔을 돌아다니는 샤넬의 모습은 여러 사람 의 눈에 종종 띄곤 했답니다. 아침에 일어나면 샤넬이 자는 호텔 방의 커튼과 이불 따위가 가위로 마구 잘려 있기도 했어요. 평소 일할 때 에도 단순한 스타일을 좋아한 그녀답게 뭔가를 덧붙이 는 도구인 바늘보다는 뭔가를 잘라 내는 가위를 늘 지 니고 다녔어요. 그래서 꿈속에서도 가위질을 하며 디 자인에 몰두했는지도 몰라요.",
      "srcPage": 15,
      "srcSentenceEA": 14,
      "srcWordEA": 148
    },
    {
      "srcTextID": "139062",
      "srcText": "고아원이 방학을 하면, 샤넬은 할아버지 집에 가곤 했어요. 그곳에는 비슷한 또래의 아드리엔 고모가 있었어요. 샤넬과 아드리엔은 성격도, 외모도 많이 달랐어요. 아드리엔은 아름답고 성격도 온순했지만, 샤넬은 남자 같은 외모에 성격 또한 개성이 강했지요. 두 사람은 만나자마자 친해져서 오랫동안 벗이자 동료로 지냈어요. 샤넬과 아드리엔은 열여덟 살이 되던 해, 기숙학교에 들어갔어요. 기숙학교에서는 교복을 입어야 했어요. “난 교복이 참 좋아. 고아원에서도 교복 입는 것은 좋아했지.” 샤넬은 이웃 남학교의 교복도 눈여겨보았어요. 교복의 단순함은 훗날 샤넬의 디자인에 큰 영향을 주었답니다.",
      "srcPage": 3,
      "srcSentenceEA": 11,
      "srcWordEA": 83
    },
    {
      "srcTextID": "139065",
      "srcText": "샤넬은 경마장이나 파티에 온 여자들의 옷차림을 관찰하곤 했어요. ‘후후, 모자에 주렁주렁 달린 장식이 크리스마스트리 같아.’ 그 순간, 샤넬에게 좋은 생각이 떠올랐어요. ‘그래, 여자들 모자를 단순하게 만들어 보자.’ 샤넬이 만들어 쓴 모자는 곧 여자들의 눈길을 끌었어요. “어머나, 참 멋지네요! 나도 하나 만들어 주세요.” 샤넬은 점차 모자 사업에 대한 꿈을 갖게 되었어요. 하지만 발장의 생각은 달랐어요. 발장은 물려받은 재산이 많았기 때문에 일을 하려는 샤넬의 마음을 헤아리지 못했지요.",
      "srcPage": 6,
      "srcSentenceEA": 10,
      "srcWordEA": 73
    },
    {
      "srcTextID": "139067",
      "srcText": "다음 해인 1909년, 샤넬은 파리로 갔어요. 그리고 이듬해에 ‘샤넬 모드’라는 모자 가게를 열고, 여동생 앙투아네트도 불러 함께 일했어요. 모자 가게는 아주 큰 호황을 누려 이듬해에 더 넓은 가게로 옮겼으며, 오래 지나지 않아 빌린 돈까지 모두 갚을 수 있었지요. 그러고 나서 샤넬은 도빌에 의상실을 열었어요. 단순한 디자인의 모자에 어울리는 외출복과 파티복을 선보이고, 바닷가 도시에 걸맞는 휴양지 패션도 만들었어요. 샤넬은 때때로 자신이 만든 옷을 입고, 아드리엔과 함께 여기저기 돌아다녔어요. 사람들의 반응을 살피고, 널리 알리려는 것이었지요.",
      "srcPage": 8,
      "srcSentenceEA": 8,
      "srcWordEA": 80
    },
    {
      "srcTextID": "139068",
      "srcText": "1914년, 제1차 세계 대전이 벌어졌어요. 파리의 수많은 피난민이 도빌로 몰려들었어요. 전쟁은 샤넬에게 기회가 되었어요. 남자들이 전쟁터에 나가자 여자들이 대신 일을 해야 했는데, 여자들은 거추장스러운 옷보다 샤넬의 편한 옷을 좋아했답니다. 이듬해, 샤넬은 에스파냐와 맞닿은 바닷가 비아리츠에 두 번째 가게를 열었어요. ‘흠, 여기는 부자들이 많이 사는 곳이니 값비싼 제품을 만들어야겠어.’ 샤넬의 생각은 딱 맞아떨어졌어요. 가게 안은 부자들로 북적댔고, 에스파냐 왕가도 고객이 되었지요.",
      "srcPage": 9,
      "srcSentenceEA": 8,
      "srcWordEA": 67
    },
    {
      "srcTextID": "139070",
      "srcText": "샤넬은 한동안 슬픔에 잠겨 지냈어요. 이때 샤넬 곁을 지켜 준 사람이 평생의 벗인 미시아예요. 미시아는 함께 여행을 하며 샤넬에게 예술가들을 소개해 주었어요. 영화감독 장 콕토, 미술가 파블로 피카소와 살바도르 달리, 음악가 이고르 스트라빈스키, 작가 막스 자코브 등이 바로 이때 만난 사람들이랍니다. 샤넬은 이 세계적인 예술가들을 아낌없이 후원했지만, 그들의 작품을 사 모으지는 않았어요. “모든 사람이 예술 작품을 감상할 권리가 있어. 이런 위대한 작품은 내 집이 아니라 박물관으로 가야 해.”",
      "srcPage": 11,
      "srcSentenceEA": 7,
      "srcWordEA": 73
    },
    {
      "srcTextID": "139071",
      "srcText": "그 뒤, 샤넬은 향수와 장신구 등 여성을 아름답게 하는 모든 것에 손을 뻗었어요. 그 당시에는 장미 등의 꽃향기 향수가 대부분이었어요. 그러나 샤넬이 만든 향수는 달랐어요. 한 가지 향이 아닌 수십 가지 향이 섞여 있었지요. 향수병 역시 유행하던 화려한 모양이 아닌 단순하고 네모난 모양이었어요. ‘샤넬 넘버5’라는 이름 또한 남달랐어요. 숫자 5는 샤넬이 행운으로 여기던 숫자였는데, ‘샤넬 넘버5’는 정말 샤넬에게 큰 행운을 안겨 주어 샤넬은 엄청난 돈을 벌어들였답니다.",
      "srcPage": 12,
      "srcSentenceEA": 9,
      "srcWordEA": 74
    },
    {
      "srcTextID": "139072",
      "srcText": "샤넬은 가짜 보석으로 장신구도 만들었어요. “왜 장신구는 진짜 보석으로 만들어야 한다고 생각하지? 몸에 돈을 붙이고 다니는 것과 뭐가 달라?” 샤넬은 특히 양식 진주를 즐겨 사용했어요. 천연 진주보다 값이 싸면서도 무척 아름다웠거든요. 또 어깨에 메는 가방을 만들어 손을 자유롭게 해 주었고, 장례식 옷이나 만들던 검은색 천으로 파티복을 만들기도 했어요. 이처럼 샤넬은 멋에 대한 사람들의 고정관념을 뛰어넘으며 시대를 한발 앞서 갔답니다. 어느덧 샤넬은 직원을 4천 명이나 둔 기업가가 되었어요.",
      "srcPage": 13,
      "srcSentenceEA": 8,
      "srcWordEA": 73
    },
    {
      "srcTextID": "139073",
      "srcText": "1939년, 제2차 세계 대전이 일어나 손에서 일을 놓았던 샤넬은 14년 만에 다시 의상실을 열었어요. 이어서 재기 패션쇼를 통해 새로운 의상을 선보였지요. 하지만 사람들의 시선은 차가웠어요. “샤넬도 한물갔구먼. 쯧쯧, 할머니 패션이잖아.” 그러나 그것은 섣부른 판단이었어요. 이듬해에 샤넬이 만든 옷과 가방, 신발이 엄청난 인기를 얻어 샤넬의 대표작이 되었을 뿐만 아니라 세월이 흐른 지금까지도 큰 사랑을 받고 있으니까요. 샤넬은 20세기 최고의 디자이너로 ‘패션 오스카 상’을 탔어요. 1971년, 샤넬은 숨지기 이틀 전까지 패션쇼를 준비하며 일했어요. 그리고 모두가 쉬는 휴일, 고아원 소녀에서 세계를 주름잡는 패션 디자이너에 이르기까지 모든 슬픔과 영광을 뒤로 한 채 편안히 잠들었답니다.",
      "srcPage": 14,
      "srcSentenceEA": 11,
      "srcWordEA": 99
    },
    {
      "srcTextID": "139063",
      "srcText": "샤넬과 아드리엔은 기숙학교를 졸업한 뒤, 물랭에 있는 의상실에 취직했어요. 젊고 바느질 잘하는 점원들이 새로 왔다는 소문은 귀부인들을 통해 퍼져 나갔고, 일감은 점점 늘어났어요. 그런데 어느 날, 샤넬은 엉뚱한 일을 벌였어요. 카페에서 노래를 부르는 가수가 된 거예요. 코코리코와 누가 코코를 보았는가라는 두 곡을 불렀는데, 꽤 인기가 좋아서 샤넬이 노래를 부르면 사람들은 “코코, 코코!” 하고 외치며 박수를 보냈어요. 그래서 샤넬은 ‘코코 샤넬’이라는 새 이름을 얻게 되었답니다. 이 일로 샤넬은 의상실에서 쫓겨나고 말았어요. 샤넬은 오페라 가수가 되기 위해 큰 도시 비시로 갔어요. 하지만 성악 선생님에게 재능이 없다는 말을 듣고 꿈을 접었지요.",
      "srcPage": 4,
      "srcSentenceEA": 12,
      "srcWordEA": 98
    },
    {
      "srcTextID": "139066",
      "srcText": "그러던 어느 날, 샤넬은 영국인 사업가 아서 카펠을 만나게 되었어요. 카펠은 발장과는 달리 뚜렷한 목표와 계획이 있는 남자였어요. ‘아, 정말 멋진 사람이야. 나도 저 사람처럼 꿈을 이루며 살고 싶어.’ 샤넬은 카펠에게 모자 사업에 대한 계획을 이야기했어요. “오, 아주 기발한 생각을 해냈군요.” 카펠은 자신의 힘으로 성공을 이룬 사람이었기 때문에, 샤넬의 마음을 이해하고 적극적으로 찬성해 주었어요. “샤넬, 당신의 능력과 열정이라면 꼭 성공할 거요. 파리로 가서 당신의 꿈을 펼쳐 보는 게 어떻겠소?” 카펠의 말에 샤넬은 가슴이 벅차올랐어요.",
      "srcPage": 7,
      "srcSentenceEA": 10,
      "srcWordEA": 81
    },
    {
      "srcTextID": "139069",
      "srcText": "1918년, 전쟁이 끝나자 카펠은 다른 귀족 여자와 결혼했어요. 귀족과 결혼하여 정치적 성공을 하려는 야심 때문이었지요. 샤넬은 몹시 괴로웠지만 조용히 카펠을 보냈어요. 그러나 더 슬픈 일들이 잇따라 찾아왔어요. 그해 겨울에 카펠이 교통사고로 죽고, 다음 해에 결혼식을 올린 여동생 앙투아네트마저 스스로 목숨을 끊어 버린 거예요. 샤넬은 큰 충격에 휩싸여 울부짖었어요. “내 손으로 웨딩드레스를 만들어 입힌 앙투아네트가 죽다니. 다시는 웨딩드레스를 만들지 않을 거야.”",
      "srcPage": 10,
      "srcSentenceEA": 8,
      "srcWordEA": 66
    }
  ]
}