{
  "title": "아프다 아파 곤충 병원",
  "author": "우미옥",
  "illustrator": "문구선",
  "isbn": "9791165953225",
  "readAge": "초등_저학년",
  "publishedYear": 2021,
  "publisher": "아람북스",
  "classification": "사회관계",
  "paragraphInfoCount": 18,
  "paragraphInfo": [
    {
      "srcTextID": "19500",
      "srcText": "어느 날 밤이었어요. 동이는 창밖에서 들리는 시끄러운 소리에 잠이 깼어요. “늦었어요, 빨리 서둘러요!” 메뚜기 의사가 풍뎅이 간호사에게 하는 말을 듣고, 동이는 무슨 일인지 궁금해서 무작정 따라갔어요. 한참을 따라가니 아주 특이하게 생긴 건물이 나왔어요. 간판에 ‘아프다 아파 곤충 병원ʼ이라고 쓰여 있었어요.",
      "srcPage": 1,
      "srcSentenceEA": 6,
      "srcWordEA": 44
    },
    {
      "srcTextID": "19501",
      "srcText": "바로 그때였어요. 사이렌이 울리며 구급차가 도착했어요. “응급 환자예요, 응급 환자!” “어서 빨리 안으로 옮겨요!”",
      "srcPage": 2,
      "srcSentenceEA": 4,
      "srcWordEA": 15
    },
    {
      "srcTextID": "19502",
      "srcText": "구급대원이 소리치며 환자를 옮기자, 메뚜기 의사와 풍뎅이 간호사도 서둘렀어요. 동이도 엉겁결에 곤충 병원으로 따라 들어갔어요. “아야, 아파요. 의사 선생님, 살려 주세요!”",
      "srcPage": 3,
      "srcSentenceEA": 4,
      "srcWordEA": 23
    },
    {
      "srcTextID": "19504",
      "srcText": "다친 곤충들이 침대에 누워 괴로워하고 있었어요. 동이는 자기도 모르게 벽 쪽으로 몸을 숨겼어요. 그때, 날개가 찢어진 나비가 울면서 말했어요.",
      "srcPage": 4,
      "srcSentenceEA": 3,
      "srcWordEA": 21
    },
    {
      "srcTextID": "19503",
      "srcText": "“의사 선생님, 날개가 너, 너무 아파요. 꿀을 막 빨아 먹으려고 하는데 갑자기 어떤 아이가 날개를 세게 잡아서 찢어졌어요.” ‘어, 아까 나비 날개를 좀 만지작거렸는데. 서, 설마.’ 동이는 깜짝 놀라 속으로 중얼거렸어요.",
      "srcPage": 5,
      "srcSentenceEA": 5,
      "srcWordEA": 35
    },
    {
      "srcTextID": "19506",
      "srcText": "이번에는 꼬리가 잘린 잠자리가 병원 안으로 들어왔어요. “의사 선생님, 제 꼬리 좀 봐 주세요. 아까 풀잎에 앉아 잠깐 쉬고 있었는데. 어떤 못된 아이가 내 꼬리에 실을 묶어 날리는 바람에 꼬리가 잘렸어요.”",
      "srcPage": 6,
      "srcSentenceEA": 4,
      "srcWordEA": 33
    },
    {
      "srcTextID": "19505",
      "srcText": "‘서, 설마 나는 아닐 거야.’ 동이는 가슴이 쿵 내려앉는 것 같았어요. 낮에 잠자리 꼬리에 실을 묶어서 놀았거든요.",
      "srcPage": 7,
      "srcSentenceEA": 3,
      "srcWordEA": 19
    },
    {
      "srcTextID": "19508",
      "srcText": "병원 안으로 환자들이 또 들어왔어요. 턱을 다친 사슴벌레와 한쪽 다리가 없는 장수풍뎅이였지요. 사슴벌레는 말하는 것도 아주 힘들어 보였어요 “그 아이는 아주 못된 아이였어요. 우리가 지칠 때까지 싸움을 붙였다고요.”",
      "srcPage": 8,
      "srcSentenceEA": 5,
      "srcWordEA": 31
    },
    {
      "srcTextID": "19507",
      "srcText": "“맞아요, 싸우기 싫어서 뒤로 물러나면 다시 붙잡아 억지로 싸우게 했어요. 그 바람에 나는 한쪽 턱이 부러졌고, 얘는 다리 하나가 떨어져 나갔어요.” 동이는 사슴벌레와 장수풍뎅이를 장난감처럼 가지고 논 것이 기억났어요.",
      "srcPage": 9,
      "srcSentenceEA": 3,
      "srcWordEA": 31
    },
    {
      "srcTextID": "19509",
      "srcText": "바로 그때였어요. “이렇게 당하기만 하면서 살 수는 없어!” 한쪽 다리가 없고 날개가 너덜더덜해진 사마귀가 병원 안으로 들어오면서 소리쳤어요. ‘저, 저 사마귀는.’ 동이는 너무너무 무서워서 온몸이 쪼그라드는 것 같았어요. ‘곤충들을 아프게 만든 게 내가 맞나 봐.ʼ",
      "srcPage": 10,
      "srcSentenceEA": 6,
      "srcWordEA": 40
    },
    {
      "srcTextID": "19510",
      "srcText": "“그 못된 아이를 찾아서 혼내 주자!” “우리는 장난감이 아니라고!” “가만두지 않겠어.” “우리처럼 똑같이 만들어 놓자.” 다친 곤충들이 하나둘 모여들며 말했어요.",
      "srcPage": 11,
      "srcSentenceEA": 5,
      "srcWordEA": 21
    },
    {
      "srcTextID": "19511",
      "srcText": "‘어, 어쩌면 좋아? 여기에 더 있다가는 큰일 나겠다.’ 동이는 침을 꿀꺽 삼키며 슬그머니 뒷걸음질을 쳤어요. 그때 갑자기 곤충들이 동이 쪽으로 몸을 홱 돌렸어요. “바로 너지!” ",
      "srcPage": 12,
      "srcSentenceEA": 5,
      "srcWordEA": 28
    },
    {
      "srcTextID": "19513",
      "srcText": "잔뜩 화가 난 곤충들이 소리쳤어요. “우리가 얼마나 아팠는지 알아?” 동이는 너무 무서워서 숨을 헐떡거렸어요.",
      "srcPage": 13,
      "srcSentenceEA": 3,
      "srcWordEA": 15
    },
    {
      "srcTextID": "19512",
      "srcText": "“너희는 너무 작아서 아프지 않을 거라고 생각했어. 피, 피도 안 나고 소리도 안 지르니까. 미안해, 내가 잘못했어.” 겁에 질린 동이는 엉엉 소리 내어 울면서 말했어요.",
      "srcPage": 14,
      "srcSentenceEA": 4,
      "srcWordEA": 28
    },
    {
      "srcTextID": "19514",
      "srcText": "“정말 미, 미안해. 다시는 안 그럴게.” 동이는 너무 무서워서 눈을 꼭 감았어요. 그런데 갑자기 아무 소리도 나지 않는 거예요. 눈을 떠 보니 곤충 병원이 아니라 동이 방이었어요.",
      "srcPage": 15,
      "srcSentenceEA": 5,
      "srcWordEA": 31
    },
    {
      "srcTextID": "19515",
      "srcText": "그때 메뚜기 의사가 나타나 무서운 얼굴로 말했어요. “다들 너처럼 생각하고 행동한다면 우리같이 작은 생명들은 모두 사라지고 말 거야. 곤충들이 사라지면, 우리를 먹고 사는 동물들도 모두 죽을 거야. 엉망진창이 된 지구에서 사람들이 살 수 있을까? 작은 생명이라도 소중하게 생각해야 해!”",
      "srcPage": 16,
      "srcSentenceEA": 5,
      "srcWordEA": 42
    },
    {
      "srcTextID": "19517",
      "srcText": "동이가 눈을 떴을 때는, 메뚜기 의사가 사라진 뒤였어요. 동이의 눈에 책상 위의 곤충 채집통이 보였어요. 동이는 바로 곤충 채집통을 들고 밖으로 나갔지요.",
      "srcPage": 17,
      "srcSentenceEA": 3,
      "srcWordEA": 24
    },
    {
      "srcTextID": "19516",
      "srcText": "그리고 그 안에 있던 잠자리와 메뚜기를 풀어 주었어요. “그동안 미안했어, 다시는 너희들을 괴롭히지 않을게. 얼른 집으로 돌아가.” 잠자리가 꿈틀하더니 하늘로 날아갔어요. 메뚜기도 폴짝폴짝 뛰어서 풀밭으로 사라졌지요.",
      "srcPage": 18,
      "srcSentenceEA": 5,
      "srcWordEA": 29
    }
  ]
}