{
  "title": "시끌벅적 재미있는 시장 구경",
  "author": "김인숙",
  "illustrator": "최보람",
  "isbn": "9791191203134",
  "readAge": "초등_저학년",
  "publishedYear": 2020,
  "publisher": "글뿌리",
  "classification": "사회관계",
  "paragraphInfoCount": 20,
  "paragraphInfo": [
    {
      "srcTextID": "145917",
      "srcText": "가게마다 물건들이 그득그득. 좁은 길을 오가는 사람들이 와글와글. 정신이 쏙 빠질 것 같았지요.",
      "srcPage": 3,
      "srcSentenceEA": 3,
      "srcWordEA": 15
    },
    {
      "srcTextID": "145920",
      "srcText": "엄마는 가게들을 기웃기웃 살피고, 상인들과 이런저런 이야기를 했어요. “미나리가 싱싱하니 미나리무침을 하면 좋겠네요.” “오늘 아침에 온 거예요.” “얼마예요?” “오천 원이에요.”",
      "srcPage": 4,
      "srcSentenceEA": 4,
      "srcWordEA": 20
    },
    {
      "srcTextID": "145929",
      "srcText": "“할머니, 삼천 원만 깎아 주세요.” “아이고, 안 돼!” “그럼 이천 원만 깎아 주세요, 네? 다음에 또 올게요.” 할머니는 남는 게 없다면서도 아귀를 종이에 둘둘 말았어요.",
      "srcPage": 13,
      "srcSentenceEA": 5,
      "srcWordEA": 27
    },
    {
      "srcTextID": "145931",
      "srcText": "나는 온종일 엄마를 따라다니느라 다리가 아팠어요. “ 엄마, 시장에 오니까 힘들어요. 큰 마트에 가면 카트가 있어서 편한데. 값 깎아 달라고 조를 필요도 없고.” ",
      "srcPage": 14,
      "srcSentenceEA": 4,
      "srcWordEA": 25
    },
    {
      "srcTextID": "145930",
      "srcText": "“우리 떡볶이 먹고 갈까?” 엄마는 역시 내 기분을 풀어 주는 데에는 선수예요. 나는 떡볶이 생각에 기분이 좋아졌어요. ",
      "srcPage": 15,
      "srcSentenceEA": 3,
      "srcWordEA": 19
    },
    {
      "srcTextID": "145936",
      "srcText": "“왜 엄마랑 할아버지는 전통 시장이 더 좋다고 하는지 이해가 안 가요!” “ 그거야 전통 시장이 더 익숙하니까 그렇지. 너희는 나중에 온라인 시장이 더 익숙해질 거고. 어쩌면 온라인 시장보다 더 편리한 시장이 생길지도 모르지. 사람들은 더 편리한 것을 찾기 위해 항상 노력하잖아.” 나는 미래에 어떤 시장이 생길까 곰곰이 생각해 보았어요.",
      "srcPage": 20,
      "srcSentenceEA": 6,
      "srcWordEA": 53
    },
    {
      "srcTextID": "145924",
      "srcText": "엄마와 나는 사람들 사이를 비집고 과일 가게에 들어갔어요. 알록달록 과일들이 예쁘게 놓여 있었어요. 달콤새큼 딸기, 길쭉길쭉 바나나, 울퉁불퉁 파인애플. 과일은 냄새도 색깔도 너무 좋았어요.",
      "srcPage": 8,
      "srcSentenceEA": 4,
      "srcWordEA": 27
    },
    {
      "srcTextID": "145926",
      "srcText": "“와, 귤이 엄청 크다!” “그건 귤이 아니라 한라봉이야. 제주도에서만 난단다.” 엄마는 싱글벙글 웃으며 말했어요. ",
      "srcPage": 9,
      "srcSentenceEA": 4,
      "srcWordEA": 16
    },
    {
      "srcTextID": "145927",
      "srcText": "“엄마, 이제 또 뭐 살 거예요?” “생선만 사면 돼.” 생선 가게에 들어서자 비릿한 냄새가 풍겨 왔어요. 얼음이 녹은 물이 흘러내려 바닥도 질척거렸고요. 그래도 생선들을 보는 건 아주 재미있었어요. 기다란 은빛 갈치, 입을 쩍 벌린 고등어, 눈을 동그랗게 뜬 동태도 있었지요.",
      "srcPage": 11,
      "srcSentenceEA": 6,
      "srcWordEA": 44
    },
    {
      "srcTextID": "145928",
      "srcText": "“아귀가 크고 신선하네요.” 엄마가 머리가 크고 못생긴 생선을 가리켰어요. “그럼! 오늘 새벽에 구룡포에 직접 가서 모시고 온 거야.” 생선 파는 할머니가 활짝 웃었어요.",
      "srcPage": 12,
      "srcSentenceEA": 4,
      "srcWordEA": 26
    },
    {
      "srcTextID": "145935",
      "srcText": "“할애비 어렸을 때는 엄마 따라 시장 가는 게 가장 좋았단다. 사람 구경, 물건 구경하느라 시간 가는 줄 몰랐지.” 할아버지는 옛날 생각을 하는지 빙그레 웃었어요. ",
      "srcPage": 19,
      "srcSentenceEA": 3,
      "srcWordEA": 26
    },
    {
      "srcTextID": "145921",
      "srcText": "엄마는 미나릿값이 너무 비싸다며 깜짝 놀랐어요. 미나리는 물이 있어야 잘 자라잖아요. 비가 안 오니 내다 팔 미나리양이 줄어들고 값도 비싸지지요.",
      "srcPage": 5,
      "srcSentenceEA": 3,
      "srcWordEA": 22
    },
    {
      "srcTextID": "145923",
      "srcText": "엄마는 몇 걸음 안 가서 버섯 파는 아주머니와 이야기했어요. 그런데 금세 엄마 표정이 밝아졌어요. “버섯이 예전보다 많이 싸졌네요!” ",
      "srcPage": 6,
      "srcSentenceEA": 3,
      "srcWordEA": 19
    },
    {
      "srcTextID": "145916",
      "srcText": "너른 마당에 5일 만에 장이 섰어요. “이리 와요, 이리 와!” 엿장수는 찰칵찰칵 가위질로 손님을 부르고, 장을 보는 아낙들은 새살새살 수다를 떨고, 엄마 따라온 아이들은 엿 사 달라고 징징! 물건과 사람이 모이던 5일장이 지금은 어떻게 달라졌을까요?",
      "srcPage": 1,
      "srcSentenceEA": 4,
      "srcWordEA": 37
    },
    {
      "srcTextID": "145918",
      "srcText": "오늘은 엄마를 따라 시장에 갔어요. 내일이 할아버지 생신이라 장을 본다고 했거든요. 시장은 좁은 길을 사이에 두고 가게들이 늘어서 있었어요. ",
      "srcPage": 2,
      "srcSentenceEA": 3,
      "srcWordEA": 21
    },
    {
      "srcTextID": "145922",
      "srcText": "“예전에 비하면 반값도 안 돼요. 몸에 좋다고 사 가니 너도나도 버섯을 키워서 그렇죠. 요즘은 널린 게 버섯이지 뭐예요.” 예전에 비해 버섯양이 늘어나 구하기 쉬워지면 가격이 내려가요.",
      "srcPage": 7,
      "srcSentenceEA": 4,
      "srcWordEA": 29
    },
    {
      "srcTextID": "145925",
      "srcText": "“엄마, 그런데 좋은 일 있어요?” “ 예전에는 귤이나 한라봉처럼 제주도에서만 나는 과일은 서울에서 구하기가 힘들었어. 그런데 지금은 시장에만 오면 살 수 있으니 얼마나 좋으니!”",
      "srcPage": 10,
      "srcSentenceEA": 3,
      "srcWordEA": 25
    },
    {
      "srcTextID": "145932",
      "srcText": "“엄마, 시장에서는 가격이 마음대로예요?” “아니야, 물건 파는 분들이 가격을 정해 놓지. 하지만 흥정을 하면 좀 깎을 수 있어. 그러면서 얘기도 하고 어울리는 곳이 시장이야.” “그래도 큰 마트가 깨끗하고 편하잖아요. 맞다, 화장실도 있고요! 아까 화장실 가고 싶어서 혼났어요.” 내 얘기에 엄마는 호호 웃었어요. ",
      "srcPage": 16,
      "srcSentenceEA": 8,
      "srcWordEA": 47
    },
    {
      "srcTextID": "145933",
      "srcText": "엄마와 나는 장보기를 마치고 집으로 돌아왔어요. 엄마는 시장에서 산 물건들을 차곡차곡 정리했어요. “이제 인터넷으로 갈비찜을 주문해야겠다!” “인터넷으로 갈비찜도 살 수 있어요?” “ 그럼, 언제 어디서든 편하게 장을 볼 수 있는걸.” “에이, 그래도 시식을 할 수 있는 마트가 더 좋아요.” 엄마는 군침을 삼키는 날 보며 활짝 웃었지요.",
      "srcPage": 17,
      "srcSentenceEA": 7,
      "srcWordEA": 48
    },
    {
      "srcTextID": "145934",
      "srcText": "“오늘 엄마랑 시장에 갔다면서? 재미있더냐?” 할아버지가 외출하고 돌아와서 물었어요. “네, 그런데 다리도 아프고 팔도 아팠어요.”",
      "srcPage": 18,
      "srcSentenceEA": 4,
      "srcWordEA": 17
    }
  ]
}