{
  "title": "헬렌 켈러",
  "author": "이지현",
  "illustrator": "양민숙",
  "isbn": "9791155396032",
  "readAge": "초등_저학년",
  "publishedYear": 2016,
  "publisher": "(도서출판)때올비",
  "classification": "사회관계",
  "paragraphInfoCount": 16,
  "paragraphInfo": [
    {
      "srcTextID": "139678",
      "srcText": "헬렌은 우수한 성적으로 대학을 졸업한 뒤, 장애인을 위해 글을 쓰고 여러 곳을 다니며 강연을 했어요. 제1차 세계 대전이 일어나자 헬렌은 전쟁에 반대하는 자신의 생각을 당당하게 밝혔어요. 자신만의 행복을 찾지 말고 많은 사람이 함께 행복하게 사는 세상을 만들자는 헬렌의 외침은 많은 사람에게 깊은 감동을 주었지요. 그러던 어느 날, 설리번 선생이 세상을 떠났어요. 49년 동안 자신을 지켜 주던 선생님을 잃자 헬렌은 가슴이 터질 듯 아팠어요. 하지만 슬픔을 이겨 내고 더 열심히 일했어요.",
      "srcPage": 14,
      "srcSentenceEA": 6,
      "srcWordEA": 75
    },
    {
      "srcTextID": "139675",
      "srcText": "어느 날, 헬렌은 안타까운 이야기를 듣게 되었어요. 눈과 귀가 먼 여섯 살짜리 꼬마 토미는 너무 가난해서 교육을 받을 엄두도 내지 못한다고 했지요. ‘토미도 나처럼 글을 읽고 말하는 것을 배울 수 있다면 얼마나 좋을까.’",
      "srcPage": 11,
      "srcSentenceEA": 3,
      "srcWordEA": 35
    },
    {
      "srcTextID": "139679",
      "srcText": "1960년, 헬렌이 여든 번째 생일을 맞이했어요. 전 세계에서 수많은 사람이 편지를 보내 축하해 주었지요. 또 생일을 기념하여 ‘헬렌 켈러 재단’도 만들어졌어요. 헬렌 켈러 재단은 가난한 나라의 장애인을 위해 일했어요. 헬렌은 모든 것에 감사했어요. 자신에게 찾아온 장애의 불행마저 감사하게 받아들였지요. 그로부터 8년 뒤, 헬렌은 평온한 모습으로 눈을 감았어요. 어둡고 고통스러운 삶을 이겨 내고 이룬 헬렌의 굳은 의지와 사랑은 우리들에게 커다란 희망이 되어 줄 거예요.",
      "srcPage": 15,
      "srcSentenceEA": 9,
      "srcWordEA": 71
    },
    {
      "srcTextID": "139672",
      "srcText": "설리번 선생과 헬렌은 손가락으로 많은 이야기를 나누었어요. 설리번 선생은 헬렌에게 글 읽는 법도 가르쳐 주고 싶었어요. 점자 카드를 이용한 방법이었지요. 점자는 종이 위에 찍힌 오톨도톨한 점을 손끝으로 만져서 읽는 글자예요. 헬렌은 작은 점들로 이루어진 점자가 아주 재미있고 신기했어요. 점자 공부를 시작한 지 얼마 되지 않아 헬렌은 초등학교 점자 책을 읽을 수 있게 되었어요. 또 퍼킨스 맹학교 친구들에게 편지를 쓸 정도로 헬렌은 열심히 노력했어요.",
      "srcPage": 8,
      "srcSentenceEA": 7,
      "srcWordEA": 69
    },
    {
      "srcTextID": "139674",
      "srcText": "헬렌과 설리번 선생이 이룬 기적은 세상에 널리 알려졌어요. 하지만 헬렌은 만족하지 않았어요. ‘나도 다른 사람들처럼 말할 수 있다면 얼마나 좋을까.’ 헬렌은 소리 내는 법을 배우기 위해 풀러 선생을 찾아갔어요. “자, 천천히 따라 해 보렴.” 헬렌은 풀러 선생의 입과 혀를 손가락으로 더듬어서 모양을 익히고 소리를 내 보려고 애썼어요. 오랫동안 피나는 노력을 거듭했지요. “날-씨-가-따-뜻-해-요!” 마침내 헬렌이 처음으로 말을 했어요. 풀러 선생과 설리번 선생은 헬렌을 끌어안고 뜨거운 눈물을 흘렸어요.",
      "srcPage": 10,
      "srcSentenceEA": 9,
      "srcWordEA": 73
    },
    {
      "srcTextID": "139676",
      "srcText": "헬렌은 토미가 공부할 수 있게 도와 달라고 여러 곳에 편지를 보냈어요. 헬렌의 마음에 감동한 사람들이 도움을 주어 토미는 퍼킨스 맹학교에서 공부하게 되었답니다. 열여섯 살 되던 해, 헬렌은 일반 학생들이 다니는 케임브리지 여학교에 입학했어요. 설리번 선생은 헬렌에게 수업 내용을 손바닥에 써 주고 점자 책으로 만들어 주었지요.",
      "srcPage": 12,
      "srcSentenceEA": 4,
      "srcWordEA": 48
    },
    {
      "srcTextID": "139677",
      "srcText": "케임브리지 여학교를 졸업한 헬렌은 래드클리프 대학에 들어갔어요. 또 하나의 기적을 이룬 거예요. 헬렌은 참된 지식을 얻는 것은 험한 산을 오르는 것과 같다고 생각하고 더욱 열심히 공부했어요. 또 공부하는 틈틈이 자신이 살아온 이야기를 잡지에 실었어요. “눈과 귀가 있다고 해서 언제나 사물을 올바로 알 수 있는 것은 아닙니다. 나는 비록 볼 수도 들을 수도 없지만 진정한 마음으로 모든 것을 봅니다.” 헬렌의 이야기는 많은 사람에게 큰 감동을 주었어요.",
      "srcPage": 13,
      "srcSentenceEA": 7,
      "srcWordEA": 70
    },
    {
      "srcTextID": "139668",
      "srcText": "설리번 선생은 가여운 헬렌을 보며 다짐했어요. ‘헬렌이 갇혀 있는 어둠 속으로 들어가 빛의 세상으로 이끌어 주자.’ 설리번 선생은 먼저 손가락 글자를 가르치기 시작했어요. 헬렌의 한 손에 인형을 쥐어 주고, 다른 손바닥에다 ‘인형’이라고 썼지요. 헬렌은 그때까지 세상의 모든 것에 이름이 있다는 사실조차 몰랐어요. 헬렌이 귀찮다고 손을 뿌리쳐도 설리번 선생은 몇 번이고 쓰고 또 썼어요. 한참 만에 헬렌은 설리번 선생이 손바닥에 쓴 글자가 ‘인형’을 가리킨다는 것을 깨달았어요. 정말 놀라운 일이었지요.",
      "srcPage": 4,
      "srcSentenceEA": 10,
      "srcWordEA": 77
    },
    {
      "srcTextID": "139666",
      "srcText": "헬렌은 여러 날 만에 끔찍한 열병에서 깨어났어요. 하지만 앞을 볼 수도, 소리를 들을 수도, 말을 할 수도 없었지요. 깜깜한 어둠 속에 갇히고 만 거예요. 헬렌은 너무나 갑갑해 이상한 소리를 지르며 제멋대로 행동했어요. 그럴 때마다 어머니는 헬렌을 안고 함께 울었어요. “헬렌을 이대로 둘 수 없소. 헬렌을 도와줄 수 있는 선생님을 찾아봅시다.” 아버지는 헬렌에게 희망을 주고 싶었어요.",
      "srcPage": 2,
      "srcSentenceEA": 8,
      "srcWordEA": 61
    },
    {
      "srcTextID": "139680",
      "srcText": "장애를 극복한 사회 사업가 헬렌켈러. 보이지도 않고 들리지도 않고 말할 수도 없는 장애를 극복하고 헬렌 켈러가 성취한 일들은 참으로 기적 같아 요. 몸이 성한 보통 사람도 들어가기 힘든 하버드 대학교에 들어가 우수한 성적으로 졸업했을 때, 세상 사람 들은 모두 깜짝 놀랐어요. 그리고 헬렌 켈러가 보여 준 피땀 어린 노력에 아낌없이 찬사를 보냈지요. 헬렌 켈러는 태어나면서부터 장애를 가지고 있었던 것 은 아니에요. 태어난 지 14개월 되었을 때 심한 열병에 걸려 시력과 청력, 언어 발생력을 잃었던 것이지요. 사람들은 헬렌 켈러를 ‘세 가지 장애를 이긴 성녀’, ‘빛 의 천사’라고 부른답니다. 헬렌 켈러의 생애가 장애를 가진 사람, 소외받는 사람에게 희망과 구원의 메시지를 던져 주었기 때문이지요. 헬렌 켈러 곁에는 늘 앤 맨스필드 설리번 선생님이 있 었습니다. 고아원에서 자란 설리번 선생님은 눈병을 치 료하지 못해 시력을 거의 잃었던 적이 있었어요. 그 뒤, 퍼킨스 맹학교 교사가 되어 장애인들을 위해 일 해 왔지요.",
      "srcPage": 16,
      "srcSentenceEA": 13,
      "srcWordEA": 147
    },
    {
      "srcTextID": "139665",
      "srcText": "미국 앨라배마 주 터스컴비아 마을에 담쟁이가 아름다운 집이 있었어요. 바로 헬렌의 집이지요. 헬렌은 곱슬머리에다 푸른 눈을 가진 사랑스럽고 영리한 아기였답니다. 헬렌이 두 살 되던 어느 겨울밤이었어요. 갑자기 헬렌의 몸이 불덩이처럼 뜨거워졌어요. 부모님이 황급히 의사를 불렀지만 헬렌은 아무도 알아보지 못한 채 끙끙 앓았어요. “심한 열병이에요. 오늘 밤이 고비입니다.” 의사의 말에 부모님은 간절히 기도했어요. “오, 하느님! 제발 우리 헬렌을 살려 주세요.”",
      "srcPage": 1,
      "srcSentenceEA": 11,
      "srcWordEA": 67
    },
    {
      "srcTextID": "139667",
      "srcText": "헬렌은 안과 의사의 소개로 벨 박사를 만났어요. 벨 박사는 전화를 발명한 사람인데, 어머니와 아내가 청각 장애인이었기 때문에 헬렌의 손짓을 금방 이해했어요. “헬렌은 참 귀엽고 똑똑한 아이군요. 한꺼번에 커다란 장애가 오긴 했지만 이 아이를 가르칠 방법이 꼭 있을 겁니다.” 벨 박사는 부모님에게 용기를 주었어요. 얼마 뒤, 퍼킨스 맹학교의 설리번 선생이 헬렌의 가정교사로 오게 되었어요. 설리번 선생은 어렸을 때 눈병을 앓아 앞을 거의 보지 못했던 적이 있었어요. 수술을 받고 시력을 되찾은 다음부터는 불행한 사람을 위해 일해 왔답니다.",
      "srcPage": 3,
      "srcSentenceEA": 8,
      "srcWordEA": 81
    },
    {
      "srcTextID": "139673",
      "srcText": "얼마 뒤, 헬렌은 설리번 선생과 함께 보스턴으로 여행을 떠났어요. 퍼킨스 맹학교의 졸업식에 초대를 받은 거예요. 졸업식에 참석한 사람들은 설리번 선생과 헬렌이 손가락 글자로 대화하는 것을 보고 깊은 감동을 받았어요. 다음 해에 헬렌은 퍼킨스 맹학교에서 공부하게 되었어요. 헬렌은 도서실에 점자 책이 가득 꽂혀 있어 몹시 기뻤어요. 호기심 많은 헬렌은 많은 책을 읽고 열심히 공부했어요. 그리고 석 달 만에 프랑스 어를 모두 익혀 사람들을 깜짝 놀라게 했답니다.",
      "srcPage": 9,
      "srcSentenceEA": 7,
      "srcWordEA": 71
    },
    {
      "srcTextID": "139669",
      "srcText": "헬렌은 곧 모든 물건의 이름을 알아 가기 시작했어요. 하지만 ‘물’이라는 글자는 아무리 알려 줘도 이해하지 못했어요. 그러던 어느 날, 설리번 선생은 뒤뜰에 있는 펌프를 바라보다가 좋은 생각이 떠올랐어요. “맞아, 물의 느낌을 강하게 주는 거야.” 설리번 선생은 헬렌의 손에 물잔을 쥐어 주고는 펌프에서 물이 콸콸 쏟아지게 했어요. 그러고는 헬렌의 손바닥에 ‘물’이라고 썼지요. 그 순간, 헬렌의 얼굴이 환해지더니 설리번 선생의 손바닥에 ‘물’이라고 따라 썼어요.",
      "srcPage": 5,
      "srcSentenceEA": 10,
      "srcWordEA": 70
    },
    {
      "srcTextID": "139670",
      "srcText": "글자를 배운 지 석 달쯤 되었을 때, 헬렌은 편지를 쓸 정도로 많은 낱말을 익혔어요. 그리고 궁금한 게 점점 많아졌지요. ‘비는 왜 내릴까? 나무와 풀은 어떻게 자랄까?’ 설리번 선생은 헬렌의 손을 잡고 들판으로 나가 꽃잎의 부드러움과 햇볕의 따스함을 느끼게 해 주었어요. 한번은 마을에 서커스단이 왔어요. 설리번 선생은 서커스단에 부탁해 헬렌이 곰과 악수하고 새끼 사자를 안아 볼 수 있도록 해 주었어요. 또 코끼리 등에 올라타 기린의 얼굴도 만질 수 있게 해 주었지요.",
      "srcPage": 6,
      "srcSentenceEA": 8,
      "srcWordEA": 77
    },
    {
      "srcTextID": "139671",
      "srcText": "어느 날, 부엌에서 시끄러운 소리가 들려왔어요. 헬렌이 하녀 바니를 마구 때리고 있었어요. 헬렌이 유리잔 속에 돌을 넣는 걸 보고 바니가 유리잔을 빼앗았거든요. 하지만 헬렌은 자신이 다칠까 봐 걱정해 준 바니의 마음을 알지 못했어요. ‘헬렌의 마음속에 어떻게 사랑을 심어 줄 수 있을까?’ 설리번 선생은 헬렌의 잘못을 하나하나 알려 주고, 스스로 잘못을 깨달을 때까지 말없이 기다렸어요. 비로소 자신의 잘못을 깨달은 헬렌은 바니의 품속으로 뛰어들어 미안한 마음을 표현했어요. 그 뒤, 고집 세고 거칠던 헬렌은 따뜻한 마음을 가진 사랑스러운 소녀로 자랐답니다.",
      "srcPage": 7,
      "srcSentenceEA": 8,
      "srcWordEA": 84
    }
  ]
}