{
  "title": "신라",
  "author": "방대광",
  "illustrator": "그림작가 정보없음",
  "isbn": "9791165140250",
  "readAge": "초등_저학년",
  "publishedYear": 2020,
  "publisher": "한국차일드아카데미",
  "classification": "사회관계",
  "paragraphInfoCount": 20,
  "paragraphInfo": [
    {
      "srcTextID": "139624",
      "srcText": "고민하는 법흥왕에게 어느 날 이차돈이 찾아왔어요. \"폐하! 제가 희생하여 신라에 불교가 퍼지게 하겠습니다.\" 이튿날, 이차돈은 전통 신앙의 중심지에 절을 짓기 시작했어요. 놀란 귀족들이 법흥왕에게 가서 안 될 일이라며 반대하자 이차돈이 나서 말했지요. \"폐하께서 시키신 일이 아닙니다. 제가 한 일이니 제가 모든 것을 떠안고 죽겠습니다. 제가 죽으면 신기한 일이 일어날 것입니다. 이것은 모두 부처님의 뜻입니다.\" 귀족들은 당장 이차돈의 목을 베라고 했어요. 귀족들의 말대로 이차돈의 목을 베자 붉은 피 대신에 흰 피가 하늘로 솟구쳤어요. 그리고 갑자기 하늘이 캄캄해지고 땅이 흔들리며 꽃비가 내렸지요. 이것을 보고 놀란 귀족들은 더 이상 불교를 반대하지 못했어요. 이차돈의 희생으로 신라에 불교가 자리 잡았지. 이럴 수가! 흰 피가 솟구치다니.",
      "srcPage": 16,
      "srcSentenceEA": 15,
      "srcWordEA": 113
    },
    {
      "srcTextID": "139610",
      "srcText": " 서라벌의 왕이 된 박혁거세.사로국에 찾아든 이상한 빛. 지금의 경주가 있는 곳에 삼한의 하나였던 진한이 있었어요. 진한에는 열두 개의 나라가 있었지요. 그 가운데 사로국은 여섯 마을로 이루어진 작은 나라였어요. 이 여섯 마을은 각각 나이와 경험이 많은 촌장들이 다스리고 있었어요. 어느 날 촌장들은 알천이라는 곳에 모여 마을 일을 이야기하고 있었어요. \"우리에게 왕이 없다 보니 마을의 질서가 잡히지 않습니다.\" \"그러게 말이오. 우리 여섯 마을을 모두 다스릴 강한 지도자가 있었으면 좋으련만.\" 바로 그때, 남쪽 하늘에서 번개와 같은 이상한 빛이 땅을 비추었어요. 여섯 촌장들은 빛이 번쩍이고 있는 곳을 향해 달려갔지요. 빛이 비춰진 곳은 나정이라는 우물 옆이었어요. 우물 가까이 가자 우물 옆에서 신기한 일이 벌어졌어요. 흰말 한 마리가 꿇어 앉아 절을 하는 거였어요. 촌장들은 조심스레 말에게 가까이 다가갔어요. 그러자 흰말은 길게 울다가 하늘로 올라가 버렸어요. 말이 있던 자리에는 붉은색 알 한 개가 남아 있었어요. \"아무래도 보통 알은 아닌 것 같은데, 우리 한번 깨뜨려 봅시다.\"",
      "srcPage": 2,
      "srcSentenceEA": 19,
      "srcWordEA": 154
    },
    {
      "srcTextID": "139611",
      "srcText": "사내아이 혁거세와 여자아이 알영의 탄생. 촌장들이 알을 깨뜨리자 사내아이가 나왔어요. 아이의 모습은 단정하고 아름다웠지요. 그 아이를 동쪽 개울에서 목욕시키자 몸에서 빛이 났어요. 이어 새와 짐승들이 춤을 추면서 아이를 따라 오고, 하늘과 땅이 같이 흔들렸어요. 해와 달은 더욱 환하게 밝아졌지요. \"이 아이가 나온 알의 모양이 마치 박처럼 생겼으니 성을 박씨로 합시다.\" \"그러면 아이의 이름은 세상을 온통 밝게 한다는 뜻의 혁거세라 하는 것이 좋겠소.\" 촌장들은 아이에게 박혁거세라는 이름을 지어 주었어요. 그리고 마을로 데려가 잘 키웠지요. 한편 박혁거세가 태어난 날, 이웃 마을 알영정이란 우물가에서도 이상한 일이 벌어졌어요. 닭의 머리를 가진 용이 왼쪽 갈비에서 알을 낳은 거예요. 그리고 얼마 후 이 알에서 여자아이가 태어났어요. 사람들은 이 여자아이의 이름을 우물의 이름처럼 '알영' 이라 지었지요. 두 아이가 열세 살이 되던 해, 사내아이 박혁거세는 왕이 되고, 여자아이 알영은 왕비가 되었어요. 그리고 수도를 금성이라 하고, 나라 이름을 서라벌이라고 하였어요. 이때가 기원전 57년의 일이었어요.",
      "srcPage": 3,
      "srcSentenceEA": 18,
      "srcWordEA": 150
    },
    {
      "srcTextID": "139617",
      "srcText": "마침내 가야 왜 연합군이 신라를 공격했어요. 가야 왜 연합군의 거센 공격에 어려움에 처한 신라는 급하게 고구려에 사신을 보냈어요. \"고구려 태왕 폐하! 지금 저희 신라는 가야 왜의 연합군과의 싸움에 큰 어려움을 겪고 있습니다. 부디 저희들을 도와주십시오.\" 광개토 태왕은 신라를 도와주기 위해 많은 군대를 보내 주었어요. 힘센 고구려군 앞에서 가야 왜 연합군은 상대가 되지 않았지요. 결국 가야 왜 연합군은 고구려군에 크게 지고 뿔뿔이 흩어졌어요. 신라의 또 다른 골칫거리 신라를 구하러 온 고구려군의 공격은 여기서 끝나지 않았어요. 더 깊숙이 가야로 쳐들어가 금관가야까지 공격했지요. 고구려군의 공격으로 금관가야는 거의 무너질 지경이었어요. 한편 신라는 고구려의 도움으로 나라의 큰 위기를 넘겼지만 또 다른 걱정이 생겼어요. '광개토 태왕이 보내 준 군대 덕분에 우리 신라를 지킬 수 있었지만, 그 뒤로 고구려가 우리 신라의 일에 이것저것 간섭을 하니 앞으로가 또 걱정이군.' 고구려는 신라 땅 곳곳에 고구려 군대를 머무르게 했어요. 그리고 신라의 나라 살림살이에 대해 이것저것 간섭하기 시작했지요. 왕의 자리를 물려주는 것도 고구려의 승낙을 받게 했어요. '요즘엔 고구려 녀석들이 우리 신라를 신하 나라로 아는군. 하루빨리 고구려의 간섭에서 벗어나야 할 텐데.'",
      "srcPage": 9,
      "srcSentenceEA": 18,
      "srcWordEA": 173
    },
    {
      "srcTextID": "139618",
      "srcText": "나라를 세운 신화 속의 동글동글 알 이야기. 건국 신화는 나라가 세워진 이야기예요. 그래서 각 나라의 건국 신화에는 그 나라를 세운 시조가 등장하지요. 우리나라의 건국 신화를 보면 고구려를 세운 주몽, 신라를 세운 박혁거세, 가야를 세운 김수로가 모두 알에서 태어났다는 것을 알 수 있어요. 사람이 알에서 태어났다는 것은 사람이 하늘의 뜻에 따라 태어난 것을 뜻해요. 각 나라마다 자신의 시조가 대단하고 특별한 사람이라는 것을 보여 주기 위해 시조가 알에서 태어났다는 신화를 만들어 낸 것이지요. 다섯 개의 무덤 신라 오릉. 신라의 수도인 금성이 있었던 경주시 탑동에는 다섯 개의 무덤이 모여 있어요. 그래서 신라 오릉이라고 부르지요. 삼국사기에서는 신라 오릉을 신라의 제1대 왕인 박혁거세, 박혁거세의 아내인 알영 부인, 제2대 남해왕, 제3대 유리왕, 제5대 파사왕에 이르는 다섯 명의 무덤이라고 전해요. 그런데 삼국유사에서는 신라 오릉을 박혁거세와 알영 부인만의 무덤이라고 전하지요. 박혁거세가 죽자 박혁거세를 따라 알영 부인도 죽었어요. 그러자 서라벌 사람들은 왕과 왕비를 한 곳에 묻으려고 했지요. 그런데 큰 뱀이 쫓아와 이를 방해했어요. 그래서 무덤을 다섯 개로 만들어 왕과 왕비를 나누어 묻었다는 것이지요. 사로국 여성들의 전국적인 행사 가배. 우리나라의 대표적인 명절은 설날과 추석이에요. 그 가운데 추석은 신라의 길쌈놀이인 '가배' 에서 시작되었어요. 길쌈은 삼베, 모시, 실크 같은 섬유에서 실을 뽑아 옷감을 짜는 일이에요. 신라가 사로국이었을 때 여성들은 음력 8월 15일마다 모여 길쌈놀이를 했어요.",
      "srcPage": 10,
      "srcSentenceEA": 21,
      "srcWordEA": 213
    },
    {
      "srcTextID": "139623",
      "srcText": "불교로 왕권을 강하게 한 법흥왕. 제도를 가다듬은 법흥왕. 지증왕의 뒤를 이은 왕은 법흥왕이었어요. 법흥왕은 아버지의 뜻을 받들어 나라를 발전시키고 왕권을 강하게 하기 위해 노력했지요. '왕을 중심으로 나라가 잘 굴러가려면 법이 필요하다. 모든 백성들이 법을 지켜 각자의 일을 한다면 무슨 걱정이 있겠는가.' 법흥왕은 중국의 율령을 받아들여 신라에 맞게 고쳤어요. 그리고 이렇게 가다듬어진 율령을 백성들에게 알렸어요. 이때부터 신라는 전해 내려오는 관습에 따라 나라를 다스리는 것이 아니라 정해진 율령에 따라 나라를 다스리게 되었어요. 그만큼 나라의 질서가 잡히게 된 것이지요. 법흥왕은 관직의 높고 낮음에 따라 옷의 색깔도 정해 주었어요. 그래서 관리들은 자신이 맡은 관직에 따라 자주색, 붉은색, 푸른색, 노란색의 옷을 입게 되었지요. 또 나랏일을 돌보는 여러 관청을 만들어 각각 다른 일을 나누어 맡아 하도록 했어요. 이차돈의 희생으로 불교의 나라가 된 신라. 왕권을 키워 더욱 강한 나라를 만들고자 했던 법흥왕은 불교에 관심을 기울였어요. 이미 신라에도 고구려를 통해 불교는 들어와 있었지만 전통 신앙을 믿는 귀족들의 반대로 받아들여지지 않고 있었지요. '어떻게 하면 불교를 우리 신라의 종교로 만들 수 있을까?'",
      "srcPage": 15,
      "srcSentenceEA": 17,
      "srcWordEA": 166
    },
    {
      "srcTextID": "139627",
      "srcText": "삼국 통일의 기초를 닦다. 백제의 한강 하류 지역을 빼앗은 신라. 한강 상류 지역을 차지한 진흥왕은 또다시 고민에 빠졌어요. 백제가 차지한 한강 하류 지역도 빼앗고 싶었기 때문이지요. '아무리 생각해도 한강 하류 지역도 가져야겠어. 땅이 기름지고 곡식이 넉넉한 곳이거든. 또 중국과 직접 오가며 앞선 문물을 받아들일 수도 있어. 그런데 만약 한강 하류 지역을 공격하면 그동안 백제와 맺은 나 제 동맹이 깨질 텐데 어떻게 한담?' 고민하던 진흥왕은 마음을 굳히고 군사들에게 한강 하류 지역을 공격하라고 명령했지요. \"군사들이여! 이제 한강 주변을 모두 신라의 땅으로 만들자.\" 신라와의 약속만 믿고 있던 백제는 신라가 갑자기 쳐들어오자 꼼짝없이 한강 유역을 빼앗기고 말았어요. 백제의 성왕은 노여움으로 가득 차 군사들에게 신라를 공격하게 했어요. \"절대 신라를 용서할 수 없다. 우리 백제의 원수 신라를 공격하라.\" 하지만 백제는 신라를 쉽게 이길 수 없었어요. 백제의 성왕도 신라군에게 목숨을 잃었지요. 그러자 신라를 향한 백제의 분노는 점점 더 커져갔어요.",
      "srcPage": 19,
      "srcSentenceEA": 17,
      "srcWordEA": 146
    },
    {
      "srcTextID": "139609",
      "srcText": "박혁거세가 세운 신라는 처음에는 박씨, 석씨, 김씨가 돌아가면서 왕의 자리에 올랐어요. 하지만 내물왕 때에 왕권이  세지면서 김씨만 왕이 되었지요. 신라는 나라의 힘을 키워 나라 밖으로도 땅을 넓혀 갔어요. 하지만 가야 왜 연합군의  공격으로 크게 흔들리게 되었지요. 그 뒤 고구려의 도움을 받은 신라는 가야 왜 연합군을 물리치게 되었어요. 내가 알에서 태어난 박혁거세라오. 우리의 왕이 되실 분이 왔소.",
      "srcPage": 1,
      "srcSentenceEA": 7,
      "srcWordEA": 64
    },
    {
      "srcTextID": "139612",
      "srcText": "박·석·김씨가 번갈아 왕이 되다. 서라벌의 세 번째 왕 이사금. 박혁거세가 죽은 뒤 그의 아들 남해가 왕이 되었어요. 남해는 석탈해를 사위로 삼았는데, 석탈해는 알에서 태어났다는 이유로 궤에 버려져 바다를 떠돌다가 서라벌에 온 사람이었지요. 석탈해는 재주가 많기로 소문이 나서 왕의 사위까지 되었어요. 남해는 죽으면서 아들인 유리에게 말했어요. \"덕이 많은 탈해에게 왕의 자리를 물려주도록 해라.\" 남해의 유언이 있었지만 탈해는 남해의 아들 유리에게 왕의 자리를 양보했어요. 하지만 유리가 아버지의 유언을 지켜야 한다며 미루자 탈해가 말했어요. \"지혜가 많은 사람은 이가 많다고 합니다. 떡을 물어 나타난 이의 개수를 보고 왕의 자리를 정합시다.\" 두 사람이 떡을 한 입 베어 물자 떡에 잇자국이 또렷이 남았어요. 잇자국을 세어 보니 유리가 가진 이의 수가 더 많았지요. 그래서 유리는 이사금이라는 칭호로 서라벌의 세 번째 왕이 되었어요.",
      "srcPage": 4,
      "srcSentenceEA": 14,
      "srcWordEA": 126
    },
    {
      "srcTextID": "139613",
      "srcText": "번쩍거리는 황금빛 궤에서 나온 김알지. 유리왕이 죽은 뒤, 석탈해가 왕이 되었어요. 석탈해가 왕이 된 지 9년째의 일이었어요. 수도인 금성 서쪽의 숲에서 닭 우는 소리가 크게 들려 신하인 호공에게 가서 알아보라고 하였어요. 호공이 숲에 가 보니 흰 닭이 울고 있는 나무 위에 황금빛 궤가 걸려 있었어요. 궤에서는 눈부신 빛이 나오고 있었지요. 호공이 탈해왕에게 보고 온 것을 이야기하자 탈해왕이 말했어요. \"참 신기한 일이로군. 내가 직접 가서 황금빛 궤를 보아야겠다.\" 숲으로 가서 그 황금빛 궤를 열어 보니 궤 안에는 사내아이가 있었어요. \"이 아이는 하늘이 내려 준 아이다. 이 아이를 궁궐로 데리고 가서 귀하게 길러야겠다.\" 탈해왕은 금으로 된 궤에서 나왔다고 해서 아이의 성을 '김' 으로 하고, 이름을 '알지' 라고 지어 주었어요. 탈해왕이 그 아이를 데리고 올 때 하늘에서는 온갖 새가 날고, 땅에서는 짐승들이 무리를 지어 따라왔지요. 세상에! 황금빛 궤에 아이가 들어 있다니!",
      "srcPage": 5,
      "srcSentenceEA": 18,
      "srcWordEA": 143
    },
    {
      "srcTextID": "139614",
      "srcText": "안으로는 왕권을 강하게, 밖으로는 땅을 넓게. 이사금에서 마립간으로. 신라는 나라가 만들어진 초기에는 박혁거세와 석탈해, 김알지가 왕이 되었듯이 박씨, 석씨, 김씨가 번갈아 가며 왕이 되었어요. 그 뒤 4세기에 김알지의 후손이었던 내물왕이 왕이었을 때였어요. 내물왕은 왕의 힘을 강하게 하기 위해 여러 가지 일들을 벌였어요. 먼저 왕의 칭호를 이사금에서 마립간으로 고쳤어요. \"내가 왕의 자리에 있을 때 처음으로 사용하기 시작한 마립간은 으뜸가는 지배자란 뜻이다.\" '마립' 은 특별한 사람이 앉아 있는 곳을 뜻하고, '간' 은 우두머리를 뜻하지요. 그러니까 내물왕이 왕의 자리에 있을 때는 내물 마립간이라고 불렸던 거예요. 이렇게 최고의 지도자를 마립간으로 칭호를 바꾼 내물왕 때에는 이전 어느 왕 때보다 왕권이 세졌어요.",
      "srcPage": 6,
      "srcSentenceEA": 11,
      "srcWordEA": 105
    },
    {
      "srcTextID": "139616",
      "srcText": "가야 왜 연합군을 물리친 신라. 신라를 도운 고구려군. 신라는 내물왕 때 주변 지역을 조금씩 차지하면서 땅을 넓혀 갔어요. 한편 신라가 가야의 땅에 넘어오자 가야는 신라를 공격해야겠다고 결심했어요. 그래서 가야에서 많이 나는 철로 만든 갑옷과 무기를 들고 말을 타며 싸울 수 있는 철갑 기병들을 준비시켰지요. 이때 가야 군대에는 가야를 돕기 위해 왜에서 온 군사들도 있었어요. 가야가 왜에 없는 철을 전해 준 보답으로 왜가 보낸 군대였지요. 신라를 도와 주기 위해 우리 고구려군이 왔다! 고구려군 때문에 안 되겠군.",
      "srcPage": 8,
      "srcSentenceEA": 9,
      "srcWordEA": 83
    },
    {
      "srcTextID": "139619",
      "srcText": " 꾀를 내어 호공의 집을 차지한 석탈해. 석탈해는 알에서 태어났다는 이유로 궤에 담긴 채 바다에 버려졌어요. 그리고 서라벌로 떠내려왔지요. 서라벌에 온 석탈해는 살기 좋은 곳을 찾아다녔어요. 그런데 하필, 석탈해가 찾아낸 곳에 이미 호공이라는 사람이 살고 있었어요. 그래서 석탈해는 꾀를 내어 호공의 집 옆에 숯을 몰래 묻은 뒤, 호공을 찾아가 그 집이 자신의 집이라고 말했어요. 둘은 옥신각신 실랑이를 벌이다 결국 관청에 가서 물어보기로 했지요. 관청에 간 석탈해는 자기가 원래 대장장이인데, 잠시 집을 비운 사이 호공이 그 집을 빼앗았다고 했어요. 그래서 땅을 파 보면 자신의 말이 사실이라는 것을 알 수 있다고 했어요. 석탈해의 말대로 관청의 관리가 땅을 파자, 땅에서 숯과 숫돌이 나왔어요. 이렇게 해서 석탈해는 그 집을 차지하게 되었어요. 일본으로 건너가 왕과 왕비가 된 연오랑과 세오녀. 신라 제8대 아달라왕 때, 동해 바닷가에는 사이좋은 부부가 살고 있었어요. 남편은 연오랑, 부인은 세오녀였지요. 어느 날, 미역을 따던 연오랑은 갑자기 바위가 둥둥 떠내려가는 바람에 바다를 건너 일본에 도착하게 되었어요. 그 모습을 본 일본 사람들은 연오랑을 신비하게 여겨 왕으로 모셨지요. 그리고 얼마 뒤, 세오녀도 똑같이 일본으로 떠내려가 왕비가 되었어요. 이때 신라에서는 해와 달이 빛을 잃었어요. 그러자 세오녀는 비단을 짜서 신라에 보내 주었어요. 신라에서는 이 비단으로 제사를 지내 다시 빛을 되찾을 수 있었지요. 이 설화는 주인공의 이름과 지명으로 볼 때, 일월 신화라고 할 수 있어요. 그 무렵 일본에도 일월 신화가 있었던 것으로 보아, 신라와 일본 사이에 교류가 있었다는 것을 알 수 있지요. 우리는 일본에서 왕과 왕비가 되었지.",
      "srcPage": 11,
      "srcSentenceEA": 23,
      "srcWordEA": 241
    },
    {
      "srcTextID": "139620",
      "srcText": "삼국을 둘러싼 싸움에서 이기다. 지증왕은 왕이 죽으면 왕을 섬기던 노비를 산 채로 묻는 순장을 못하게 했어요. 그리고 농사에 소를 이용해 나라의 힘을 키웠지요. 그리고 나라 이름도 신라로 바꾸었어요. 지증왕에 이어 법흥왕은 율령을 만들었어요. 그리고 불교를 받아들여 왕권을 강하게 했지요. 진흥왕은 백제와 함께 고구려를 공격하여 한강 이북을 차지했어요. 이후 신라는 백제를 공격하여 한강 부근을 차지하고, 대가야를 무너뜨리며 땅을 크게 넓혀 갔어요. 내가 신라 땅을 크게 넓힌 진흥왕이야. 앞으로 더 큰 꿈을 이루소서.",
      "srcPage": 12,
      "srcSentenceEA": 10,
      "srcWordEA": 80
    },
    {
      "srcTextID": "139621",
      "srcText": "신라의 발전을 꿈꾼 지증왕. 소를 농사에 이용하다. 내물왕 때부터 고구려의 간섭을 받아오던 신라는 눌지왕 때 백제와 힘을 합해 차츰 고구려의 간섭을 벗어났어요. 고구려가 최고 전성기를 누리던 5세기가 끝날 무렵, 신라에서는 지증왕이 왕이 되었어요. 왕의 자리에 오르기 전부터 신라의 발전을 위해 끊임없이 생각한 지증왕은 왕이 되자 신라의 발전을 위한 일들을 하나씩 펼쳐 나갔어요. \"왕이 죽으면 왕과 함께 왕의 노비들을 함께 묻는 순장은 아주 잘못된 것이다. 생명은 누구에게나 소중한 법이야. 또 죽은 사람을 위해 일을 해야 할 산 사람을 죽일 이유는 없지.\" 지증왕의 명령으로 왕이 죽으면 남자와 여자 노비 다섯 명씩 순장하던 풍습은 사라지게 되었어요. 또 지증왕은 나라를 부자로 만드는 길은 농사를 잘 짓는 일에 있다고 생각했어요. 그래서 농사를 짓는 데 소를 이용하게 했지요. \"소 한 마리가 사람 두세 명이 할 일을 거뜬히 하니 소를 데려다 농사 일에 쓰라.\" 소를 이용해 농사를 짓자 농사가 크게 발달하고 거두어들이는 수확도 많아졌어요. 그리고 저수지를 많이 만들어 곡식에 줄 물이 많아지자 벼농사도 널리 퍼졌지요.",
      "srcPage": 13,
      "srcSentenceEA": 14,
      "srcWordEA": 159
    },
    {
      "srcTextID": "139625",
      "srcText": "뛰어난 인재를 기른 진흥왕. 신라에서 뽑은 인재, 화랑과 낭도. 법흥왕의 뒤를 이은 왕은 일곱 살의 어린 나이인 진흥왕이었어요. 진흥왕은 신라 구석구석을 찾아다니며 나라를 발전시킬 계획을 세웠어요. '우리 신라는 백제와 고구려에 비해 나라의 힘이 약하다. 두 나라보다 더 강한 나라가 되기 위해서는 뛰어난 인재를 많이 길러야 한다.' 진흥왕은 나라의 소년들을 모이게 했어요. 그리고 그 가운데에서 행동이 바르고 똑똑한 소년 수백 명을 뽑았어요. 이렇게 뽑은 소년들 중에서 가장 뛰어난 귀족의 자식을 화랑으로 정하고, 나머지는 낭도라고 하였어요. 진흥왕 때 나라의 스승으로 존경받았던 원광 스님은 화랑들에게 지켜야 할 것들을 가르쳐 주었어요. \"화랑은 임금께 충성하고 부모님에게 효도해야 한다. 또 친구들과 믿음으로 사귀고, 적들과 싸움을 할 때에는 절대 물러나지 않아야 한다. 그리고 살아 있는 것을 함부로 죽여서도 안 된다.\" 이러한 가르침 덕분에 신라의 화랑들은 몸과 마음이 건강한 청년으로 자라났어요. 진흥왕 이후 신라를 이끈 힘은 모두 화랑도로부터 나왔지요.",
      "srcPage": 17,
      "srcSentenceEA": 15,
      "srcWordEA": 143
    },
    {
      "srcTextID": "139626",
      "srcText": "한강의 상류 지역을 차지한 신라. 진흥왕이 신라를 다스리고 있을 무렵, 고구려는 왕의 자리를 이어받을 문제를 둘러싸고 귀족들 사이에 싸움이 잦았어요. 그러니 나라의 힘도 약해지게 되었지요. 한편 백제는 성왕이 수도를 사비성으로 옮기고 나라를 바로잡아 힘을 크게 길렀어요. 어느 날, 백제의 성왕이 신라의 진흥왕에게 연락을 했어요. 나라의 발전을 위해 한강 유역을 차지하고 싶었던 진흥왕은 성왕의 소식을 반겼어요. 드디어 신라와 백제는 힘을 합쳐 한강 유역에 있는 고구려군을 공격했어요. 힘을 합쳐 쳐들어온 백제와 신라에 고구려군은 무너지고 말았어요. 이렇게 해서 한강의 상류 지역은 신라가, 한강의 하류 지역은 백제가 차지하게 되었어요. 지금 고구려는 왕의 자리를 놓고 서로 싸우고 있다고 합니다. 우리 두 나라가 힘을 합쳐 한강 유역에 있는 고구려를 공격합시다. 좋소. 우리 신라도 한강 유역에 나아가고 싶었다오. 함께 고구려를 공격합시다.",
      "srcPage": 18,
      "srcSentenceEA": 14,
      "srcWordEA": 127
    },
    {
      "srcTextID": "139622",
      "srcText": "나라 이름은 신라로, 마립간은 왕으로. 지증왕은 그동안 사라, 사로, 서라벌, 신라처럼 다르게 불리던 나라 이름을 '신라' 로 정했어요. 이때부터 '신라' 가 나라 이름이 된 거예요. \"신라라는 이름은 매일매일 발전해 나가 사방을 다 아우른다는 뜻이지.\" 곧바로 지증왕은 지배자의 칭호도 신라 고유의 '마립간' 에서 '왕' 으로 바꾸었어요. 지증 마립간이 지증왕이 된 것이지요. 나라의 이름을 바꾸고, 왕의 칭호도 바꾼 것은 새로워진 신라의 모습을 나라 안팎에 널리 알리고자 한 거예요. 안으로 나라 살림을 안정시킨 지증왕은 장군 이사부를 시켜 동해 바닷가에 있는 우산국을 손에 넣으라고 했어요. 이사부는 나무로 만든 사자가 진짜 사자인 양 겁을 주어 우산국을 차지했어요. 이때부터 울릉도와 울릉도에 속한 독도가 우리나라 땅이 되었어요. 나무로 만든 사자로 우산국을 손에 넣었다. 하하.",
      "srcPage": 14,
      "srcSentenceEA": 16,
      "srcWordEA": 121
    },
    {
      "srcTextID": "139628",
      "srcText": "신라가 한반도의 동남부를 모두 차지하고 한강 유역을 모두 차지한 신라는 더욱 발전했어요. 하지만 땅과 왕까지 잃은 백제는 점점 힘이 약해졌지요. 진흥왕은 계속해서 땅을 넓혀 갔어요. 남쪽으로는 가야 연맹의 대표자였던 대가야를 공격해 빼앗았어요. 대가야가 무너지자 가야 연맹도 모두 무너졌어요. 그러자 한반도의 동남부 지역이 모두 신라의 땅이 되었지요. 진흥왕은 동해안을 따라 계속 뻗어나갔어요. 지금의 영흥만 일대까지 나아간 신라는 동예의 옛 땅도 차지했지요. 이렇게 땅을 넓힌 진흥왕은 이 일을 기념하기 위해 단양 적성비와 북한산, 황초령, 마운령, 창녕에 큰 비석 네 개를 세웠어요. 진흥왕의 큰 성공으로 신라는 훗날 삼국 통일의 기초를 닦을 수 있었어요. 땅도 넓히고 비석도 세우고 내 꿈을 이루었지.",
      "srcPage": 20,
      "srcSentenceEA": 11,
      "srcWordEA": 107
    },
    {
      "srcTextID": "139615",
      "srcText": "왕권을 강하게 한 내물 마립간. 내물왕, 즉 내물 마립간은 자신뿐만 아니라 다음 왕들의 힘도 강하게 해 주고 싶었어요. \"왕권이 보다 더 강하려면 다른 사람이 아닌 아들에게 왕의 자리를 물려주어야 해. 나는 내 아들에게 왕의 자리를 물려줄 테다.\" 그래서 내물왕은 김씨만 왕의 자리에 오를 수 있도록 했어요. 박씨, 석씨, 김씨가 돌아가면서 왕의 자리에 올랐던 것을 김씨만 왕이 되도록 한 거예요. 안으로 자신의 힘을 키운 내물왕은 밖으로 눈을 돌렸어요. 그리고 군사의 힘을 길러 주변 지역을 합쳐 나갔어요. 내물왕의 노력으로 신라는 낙동강 동쪽의 진한 지역을 거의 다 차지하게 되었지요. 이렇게 힘을 길러가던 신라는 남쪽의 가야를 만나게 되었어요. 그때 가야는 금관가야를 중심으로 여섯 개의 가야가 연맹을 이루고 있었어요. 가야에서는 철이 많이 나 철로 만든 물건들로 나라가 크게 발전하고 있었어요.",
      "srcPage": 7,
      "srcSentenceEA": 12,
      "srcWordEA": 125
    }
  ]
}