{
  "title": "짝꿍, 짝꿍, 내 짝꿍",
  "author": "오현경",
  "illustrator": "신나경",
  "isbn": "9791157591848",
  "readAge": "초등_저학년",
  "publishedYear": 2015,
  "publisher": "아람북스",
  "classification": "사회관계",
  "paragraphInfoCount": 56,
  "paragraphInfo": [
    {
      "srcTextID": "19736",
      "srcText": "짝꿍, 짝꿍, 내 짝꿍. 토순이는 돼지 학교 1학년 3반이에요. 오늘은 짝을 정하는 날이에요. 이번에는 누가 짝이 될까 두근두근했어요.",
      "srcPage": 1,
      "srcSentenceEA": 4,
      "srcWordEA": 21
    },
    {
      "srcTextID": "19737",
      "srcText": "토순이는 지금 짝인 토식이가 마음에 들지 않았거든요. 그래서 빨리 새로운 짝을 만나고 싶었어요. 그런데 또 토식이가 짝이 되고 만 거예요.",
      "srcPage": 2,
      "srcSentenceEA": 3,
      "srcWordEA": 22
    },
    {
      "srcTextID": "93357",
      "srcText": "짝꿍, 짝꿍, 내 짝꿍. 토순이는 돼지 학교 1학년 3반이에요. 오늘은 짝을 정하는 날이에요. 이번에는 누가 짝이 될까 두근두근했어요.",
      "srcPage": 3,
      "srcSentenceEA": 4,
      "srcWordEA": 21
    },
    {
      "srcTextID": "93362",
      "srcText": "쉬는 시간, 토순이와 토미가 선생님께 물었어요. \"선생님, 친한 친구끼리 짝하면 안 돼요?\" \"물론 그래도 되지. 하지만 반 친구들끼리 서로 배우고 돕도록 짝을 하는 거야.\"",
      "srcPage": 8,
      "srcSentenceEA": 4,
      "srcWordEA": 25
    },
    {
      "srcTextID": "93361",
      "srcText": "그러자 토미가 말했어요. \"선생님, 친한 친구끼리 짝을 하면 싸우지 않잖아요.\" \"그렇겠구나, 대신 새로운 친구를 사귈 기회는 줄어들겠지? 반 친구들이 모두 친해지면 짝을 하고 싶은 친구와 앉혀 줄게.\"",
      "srcPage": 9,
      "srcSentenceEA": 4,
      "srcWordEA": 28
    },
    {
      "srcTextID": "93365",
      "srcText": "드디어 한 달이 지났어요. \"얘들아, 오늘 새로운 짝을 정하고 자리도 바꿀 거야. 오른쪽 줄만 쪽지에 자기 이름을 써서 바구니에 담도록 해라.\"",
      "srcPage": 10,
      "srcSentenceEA": 3,
      "srcWordEA": 22
    },
    {
      "srcTextID": "93368",
      "srcText": "토순이는 시무룩하게 자리에 앉아 있었어요. 그때 토식이가 친구들이 흘린 물건을 정리했어요. '그러고 보니 내 색연필을 찾아 놓은 게 토식이였잖아.'",
      "srcPage": 14,
      "srcSentenceEA": 3,
      "srcWordEA": 20
    },
    {
      "srcTextID": "93367",
      "srcText": "그때, 친구들이 토순이에게 다가왔어요. \"토순아, 너 느림보 토식이랑 또 짝꿍이 돼서 속상하겠다.\" \"뭐? 토식이가 어때서? 앞으로 내 짝꿍에 대해 함부로 말하지 마.\"",
      "srcPage": 16,
      "srcSentenceEA": 4,
      "srcWordEA": 24
    },
    {
      "srcTextID": "93377",
      "srcText": "토순이는 토식이에게 편지를 썼어요. 그리고 편지와 함께 아껴 두었던 막대 사탕을 토식이의 책상 서랍에 넣어 두었어요. 토식아, 안녕. 전에 색연필 빌려주지 않은 거 미안해! 그리고 우리 앞으로 친하게 지내자. 토순이가.",
      "srcPage": 17,
      "srcSentenceEA": 6,
      "srcWordEA": 35
    },
    {
      "srcTextID": "93374",
      "srcText": "짝꿍은 왜 필요할까요? 짝꿍은 동료나 매우 친한 사람을 가리키는 말이에요. 하지만 학교에서의 짝꿍은 어떤가요? 때때로 나를 괴롭히거나 놀리지 않나요? 짝꿍 없이 나 혼자 앉으면 편할 것 같지만, 짝꿍이 없다면 외롭고 외톨이 같은 기분이 들 거예요.",
      "srcPage": 18,
      "srcSentenceEA": 5,
      "srcWordEA": 39
    },
    {
      "srcTextID": "93373",
      "srcText": "짝꿍에게 양보하고 협동하면서 사이좋게 지내면 장차 어른이 되어 만나는 사람들과도 잘 지낼 수 있어요. 또한 짝꿍의 좋은 점은 배우고, 좋지 않은 점은 반복하지 않도록 이야기하고 도움을 주세요. 짝꿍이 내게 꼭 필요한 친구가 될 거예요.",
      "srcPage": 19,
      "srcSentenceEA": 3,
      "srcWordEA": 36
    },
    {
      "srcTextID": "93358",
      "srcText": "토순이는 뒤에 앉은 토미에게 물었어요. \"토미야, 넌 짝꿍이 맘에 들어?\" \"글쎄, 넌 누구랑 짝하고 싶은데?\"",
      "srcPage": 6,
      "srcSentenceEA": 3,
      "srcWordEA": 15
    },
    {
      "srcTextID": "93366",
      "srcText": "선생님은 토순이가 앉은 줄을 가리키며 말했어요. \"그리고 왼쪽 줄에 있는 학생들이 쪽지를 골라 이름이 쓰여 있는 친구 옆에 가서 앉아.\" 토순이는 보물찾기를 할 때처럼 가슴이 두근거렸어요.",
      "srcPage": 11,
      "srcSentenceEA": 3,
      "srcWordEA": 27
    },
    {
      "srcTextID": "93369",
      "srcText": "토식이는 조용히 칠판을 지우고 지우개를 털러 나갔어요. 토순이는 토식이를 느림보라고 생각한 것이 미안했어요. 토식이가 찾아 준 색연필을 함께 쓰기 싫어한 것도 부끄러웠고요.",
      "srcPage": 15,
      "srcSentenceEA": 3,
      "srcWordEA": 24
    },
    {
      "srcTextID": "93384",
      "srcText": "\"줄냥이도 너보고 킹콩이라고 부르잖아. 킹콩보고 킹콩이라고 부르는데 뭐 잘못됐냐?\" 양양이는 곰곰이가 왜 소리를 치는지 몰라 어리둥절했어요. 그때 줄냥이가 양양이 곁으로 다가왔어요",
      "srcPage": 31,
      "srcSentenceEA": 4,
      "srcWordEA": 24
    },
    {
      "srcTextID": "93371",
      "srcText": "예를 들면 '내 짝꿍은 너무 시끄러워.'라고 생각하기보다 '난 조용한 것을 좋아하는데 내 짝꿍은 조용한 것을 좋아하지 않나 봐.' 하고 생각하는 거지요. 그런 다음, 내 짝꿍 안에 꼭꼭 숨겨진 보물을 찾아보세요. 여러분이 미처 발견하지 못했던 좋은 점이 내 짝꿍에게도 있을 거예요.",
      "srcPage": 21,
      "srcSentenceEA": 7,
      "srcWordEA": 44
    },
    {
      "srcTextID": "93375",
      "srcText": "짝꿍이 내게 빌려 간 물건을 함부로 다루거나 잘 돌려주지 않아요. 짝꿍에게 내 생각을 알려야 해요. 빌려 간 물건을 쓰고 돌려주지 않으면 앞으로는 빌려줄 수 없다고 말이에요.",
      "srcPage": 24,
      "srcSentenceEA": 3,
      "srcWordEA": 28
    },
    {
      "srcTextID": "93381",
      "srcText": "내 친구, 킹콩과 땅콩. 양양이는 까무잡잡하고 눈이 부리부리한 고양이예요. 성격이 활발해서 잠시도 가만있지 못하지요.",
      "srcPage": 25,
      "srcSentenceEA": 3,
      "srcWordEA": 16
    },
    {
      "srcTextID": "93382",
      "srcText": "친구들이 붙여 준 별명도 셀 수 없이 많아요. 아프리카 원주민, 연탄, 검정콩, 왕눈이, 발발이. 그런데 곰곰이는 양양이와 많이 달랐어요.",
      "srcPage": 26,
      "srcSentenceEA": 3,
      "srcWordEA": 21
    },
    {
      "srcTextID": "93379",
      "srcText": "'곰곰이는 하루 종일 앉아서 무얼 하는 거지? 엉덩이도 안 아픈가?' 양양이는 슬며시 곰곰이 곁으로 가 보았어요.",
      "srcPage": 27,
      "srcSentenceEA": 3,
      "srcWordEA": 18
    },
    {
      "srcTextID": "93378",
      "srcText": "\"와! 킹콩, 이 그림 정말 멋지다. 이거 나 줘.\" 줄냥이가 곰곰이에게 말했어요. \"알았어, 땅콩 너 가져.\"",
      "srcPage": 28,
      "srcSentenceEA": 4,
      "srcWordEA": 19
    },
    {
      "srcTextID": "93380",
      "srcText": "곰곰이는 그림을 선뜻 줄냥이에게 주었어요. '킹콩과 땅콩? 잘 어울리는 별명이네.' 양양이는 곰곰이와 줄냥이가 부러웠어요.",
      "srcPage": 29,
      "srcSentenceEA": 4,
      "srcWordEA": 16
    },
    {
      "srcTextID": "93386",
      "srcText": "양양이는 그림을 잘 그리는 곰곰이와 친해지고 싶었어요. \"야, 킹콩! 나도 게임 주인공 하나만 그려 줘.\" \"뭐? 네가 뭔데 나한테 킹콩이래? 그리고 내가 왜 너한테 그림을 그려 줘야 하는데?\" 곰곰이가 눈을 치켜뜨며 소리쳤어요.",
      "srcPage": 30,
      "srcSentenceEA": 6,
      "srcWordEA": 36
    },
    {
      "srcTextID": "93387",
      "srcText": "셋이서 싸움이 붙을 듯 아슬아슬했어요. 그때 다행히 선생님이 오셨어요. \"이번 창의적 체험 활동 시간에는 토론을 할 거야. 친구의 별명을 부르는 것이 좋은 이유와 별명을 부르는 것이 좋지 않은 이유를 발표해 보자. 자, 누가 먼저 발표해 볼까?\"",
      "srcPage": 34,
      "srcSentenceEA": 5,
      "srcWordEA": 39
    },
    {
      "srcTextID": "93388",
      "srcText": "양양이가 제일 먼저 손을 들었어요. \"저는 별명을 부르면 금세 친해져서 좋다고 생각합니다. 그리고 별명 때문에 그 친구를 쉽게 기억할 수도 있습니다.\"",
      "srcPage": 35,
      "srcSentenceEA": 3,
      "srcWordEA": 22
    },
    {
      "srcTextID": "93392",
      "srcText": "이제야 둘이서 왜 화를 냈는지 알 것 같았어요. 선생님은 토론을 마무리하며 학생들에게 부탁했어요. \"앞으로는 친구가 싫어하면 별명은 부르지 않기로 하자.\"",
      "srcPage": 38,
      "srcSentenceEA": 3,
      "srcWordEA": 21
    },
    {
      "srcTextID": "93396",
      "srcText": "수업이 끝나자 양양이는 곰곰이를 찾아갔어요. \"곰곰아, 아까는 미안했어! 난 친해지려고 별명을 부른 건데 네가 싫다면 부르지 않을게.\" \"아니야, 나도 소리쳐서 미안해.\"",
      "srcPage": 40,
      "srcSentenceEA": 4,
      "srcWordEA": 22
    },
    {
      "srcTextID": "93393",
      "srcText": "\"괜찮아. 참, 내 별명은 얼굴이 까맣다고 검정콩이야.\" \"뭐? 검정콩? 그러면 킹콩과 땅콩과 검정콩, 모두 콩이네.\" 곰곰이의 말에 콩 셋은 하하하 웃었어요.",
      "srcPage": 41,
      "srcSentenceEA": 4,
      "srcWordEA": 25
    },
    {
      "srcTextID": "93394",
      "srcText": "새로운 친구는 어떻게 사귈까요? 성격이 활달하면 새로운 친구도 금방 사귀어요. 하지만 수줍음이 많으면 마음에 드는 친구가 있어도 선뜻 말을 걸기가 어려울 거예요. 그래서 그 친구가 먼저 말을 건네거나 아는 체해 주기를 기다리게 되지요.",
      "srcPage": 42,
      "srcSentenceEA": 4,
      "srcWordEA": 36
    },
    {
      "srcTextID": "93399",
      "srcText": "친구와 사이좋게 지내려면 어떻게 할까요? 친구를 사귀는 것만큼 친구와 사이좋게 지내는 것도 중요해요. 친구와 사이좋게 지내려면 지켜야 할 것들이 있어요.",
      "srcPage": 44,
      "srcSentenceEA": 3,
      "srcWordEA": 22
    },
    {
      "srcTextID": "93398",
      "srcText": "첫째, 친한 친구 사이라도 예의를 지키세요. 친하다고 해서 무조건 내 뜻에 따라 달라고 고집을 부리거나, 싫어하는 별명을 마구 부른다거나, 약속 시간을 잘 안 지킨다거나, 친구가 싫어하는 행동을 하는 것은 친구 간의 예의에 어긋나요. 둘째, 약속을 꼭 지켜요. 친구와 약속한 것은 반드시 지켜야 해요. 그리고 친구가 나를 믿고 한 비밀 이야기를 다른 친구에게 전달해서는 안 돼요.",
      "srcPage": 45,
      "srcSentenceEA": 5,
      "srcWordEA": 59
    },
    {
      "srcTextID": "93400",
      "srcText": "\"안녕? 내 이름은 남팽준이야. 앞으로 사이좋게 지내자!\" 그런데 아이들은 모두 팽준이의 다리만 쳐다봤어요.",
      "srcPage": 48,
      "srcSentenceEA": 3,
      "srcWordEA": 16
    },
    {
      "srcTextID": "93404",
      "srcText": "팽규가 팽준이의 수학 공책을 보며 말했어요. \"그럼, 내가 도와줄까?\" \"정말? 그럼 내가 학교에 대해 알려 줄게.\" \"그래, 고마워.\"",
      "srcPage": 50,
      "srcSentenceEA": 4,
      "srcWordEA": 19
    },
    {
      "srcTextID": "93402",
      "srcText": "쉬는 시간이 되었어요. 팽규가 손을 내밀자 팽준이가 빙그레 웃었어요. \"괜찮아, 나 혼자서도 걸을 수 있어.\" \"참, 그렇지!\" 화장실에 가는데 아이들이 팽준이를 보며 수군거렸어요.",
      "srcPage": 51,
      "srcSentenceEA": 5,
      "srcWordEA": 25
    },
    {
      "srcTextID": "93405",
      "srcText": "\"팽준아, 아이들은 네가 낯설어서 그러는 거야.\" \"괜찮아, 이제 친구들이 쳐다보는 건 아무렇지도 않아.\" 팽준이는 괜찮은 듯 말했지만 어느새 얼굴이 빨개졌어요.",
      "srcPage": 52,
      "srcSentenceEA": 3,
      "srcWordEA": 21
    },
    {
      "srcTextID": "93406",
      "srcText": "그때 다른 반 친구들이 팽규를 보며 말했어요. \"야, 쟤 누구냐?\" \"얘는 새로 전학 온 남팽준이야! 글씨도 잘 쓰고, 수학도 무지 잘해!\" 팽규는 자랑하듯 말했어요.",
      "srcPage": 53,
      "srcSentenceEA": 5,
      "srcWordEA": 26
    },
    {
      "srcTextID": "93409",
      "srcText": "그때였어요. 운동장에서 놀고 있던 같은 반 친구들이 달려왔어요. \"야, 우리랑 같이 놀자!\" 팽규는 같은 반 친구들이 무척 반가웠어요. 팽준이도 기분이 좋은지 활짝 웃었어요.",
      "srcPage": 56,
      "srcSentenceEA": 4,
      "srcWordEA": 26
    },
    {
      "srcTextID": "93359",
      "srcText": "토순이는 지금 짝인 토식이가 마음에 들지 않았거든요. 그래서 빨리 새로운 짝을 만나고 싶었어요. 그런데 또 토식이가 짝이 되고 만 거예요.",
      "srcPage": 4,
      "srcSentenceEA": 3,
      "srcWordEA": 22
    },
    {
      "srcTextID": "93356",
      "srcText": "또 짝이 된 토식이가 토순이를 불렀어요. \"토순아! 색연필 좀.\" \"싫어.\" 토순이는 토식이에게 색연필을 빌려주기 싫었어요.",
      "srcPage": 5,
      "srcSentenceEA": 3,
      "srcWordEA": 17
    },
    {
      "srcTextID": "93360",
      "srcText": "토순이는 친구들을 둘러보다가 통통이랑 눈이 마주쳤어요. '으악, 제발! 장난꾸러기 통통이는 안 돼.' \"토순아, 넌 누구랑 짝하고 싶냐니까?\" \"어? 나야 당연히 너랑 짝하고 싶지.\"",
      "srcPage": 7,
      "srcSentenceEA": 5,
      "srcWordEA": 25
    },
    {
      "srcTextID": "93364",
      "srcText": "'으악, 어떡해!' 토순이는 토식이가 펼친 종이를 보고 그만 울상이 되었어요. 그 종이에는 '토순이'라고 쓰여 있었거든요.",
      "srcPage": 12,
      "srcSentenceEA": 4,
      "srcWordEA": 18
    },
    {
      "srcTextID": "93363",
      "srcText": "\"선생님, 저랑 토식이가 또 짝이 되었어요. 바꿔 주세요!\" \"토순아, 토식이랑 한 달 동안 더 친해져 보렴. 짝을 바꾸고 싶은 친구들이 또 있을 텐데 너만 바꿔 줄 수 없구나.\"",
      "srcPage": 13,
      "srcSentenceEA": 4,
      "srcWordEA": 30
    },
    {
      "srcTextID": "93372",
      "srcText": "이럴 때는 어떻게 해야 할까요? 짝꿍이 마음에 안 들어요. 짝꿍이 마음에 들지 않는다고 내 맘에 맞게 만들 수는 없어요. 이럴 때에는 짝꿍이 나와 다른 점을 그대로 받아들이면 어떨까요?",
      "srcPage": 20,
      "srcSentenceEA": 4,
      "srcWordEA": 31
    },
    {
      "srcTextID": "93370",
      "srcText": "꼭 짝꿍을 하고 싶은 친구가 있어요. 알림장에 메모를 하거나 일기에 써 보세요. 선생님께서 답장을 써 주실 거예요. 지금 당장은 아니더라도 언젠가 짝꿍이 될지도 몰라요.",
      "srcPage": 22,
      "srcSentenceEA": 4,
      "srcWordEA": 27
    },
    {
      "srcTextID": "93376",
      "srcText": "짝꿍이 수업 시간에 말을 시키고 자꾸만 괴롭혀요. 이런 짝꿍은 정말 곤란하겠지요? 짝꿍에게 수업 시간에 말이나 장난을 걸지 말라고 정확하게 말하세요. 그래도 안 되면 선생님께 조용히 말씀드려 도움을 청하세요.",
      "srcPage": 23,
      "srcSentenceEA": 4,
      "srcWordEA": 31
    },
    {
      "srcTextID": "93383",
      "srcText": "\"누구보고 킹콩이래? 양양이 너 말조심해!\" \"땅콩, 너나 말조심해. 네 일도 아닌데 왜 끼어들어?\" 양양이는 곰곰이 편을 드는 줄냥이가 얄미웠어요.",
      "srcPage": 32,
      "srcSentenceEA": 5,
      "srcWordEA": 22
    },
    {
      "srcTextID": "93385",
      "srcText": "'치! 둘이서 친하다고 같이 덤비네. 그럼 누가 기죽을 줄 알고?' 양양이가 화가 나서 씩씩거렸어요.",
      "srcPage": 33,
      "srcSentenceEA": 3,
      "srcWordEA": 17
    },
    {
      "srcTextID": "93389",
      "srcText": "\"누가 제 별명을 부르면 놀리는 것 같아서 싫어요.\" 양양이 말에 줄냥이가 반대 의견을 발표했어요. 양양이 발표가 끝나자 곰곰이도 발표를 했지요.",
      "srcPage": 36,
      "srcSentenceEA": 3,
      "srcWordEA": 22
    },
    {
      "srcTextID": "93391",
      "srcText": "\"저는 친한 친구가 별명을 부르는 것은 괜찮아요. 하지만 친하지 않은 친구가 별명을 부르면 기분이 나빠요.\" 양양이는 줄냥이와 곰곰이의 말을 듣고 마음이 뜨끔했어요.",
      "srcPage": 37,
      "srcSentenceEA": 3,
      "srcWordEA": 24
    },
    {
      "srcTextID": "93390",
      "srcText": "\"대신, 친구의 좋은 점을 찾아 멋진 별명을 선물하는 게 어떨까?\" \"멋진 별명을 선물한다고요? 네, 좋아요.\" 아이들은 좋은 별명을 짓느라 속닥거렸어요.",
      "srcPage": 39,
      "srcSentenceEA": 4,
      "srcWordEA": 22
    },
    {
      "srcTextID": "93397",
      "srcText": "우선은 여러분이 사귀고 싶은 친구를 잘 관찰해 보세요. 그러면 친구의 성격이나 그 친구가 좋아하는 놀이, 그 친구와 친한 친구 등을 알 수 있을 거예요. 그런 다음, 나와 어떤 공통점이 있는지 살펴보세요. 게임을 좋아하면 게임에 대한 이야기를 먼저 건네고, 책 읽기를 좋아하면 내가 읽은 책을 빌려주거나 친구에게서 책을 빌려 보면 더욱 쉽게 친해질 수 있어요.",
      "srcPage": 43,
      "srcSentenceEA": 4,
      "srcWordEA": 57
    },
    {
      "srcTextID": "93395",
      "srcText": "셋째, 친구를 배려하고 양보할 줄 알아야 해요. 친구 사이에 하고 싶고, 갖고 싶은 것이 있을 때 다투지 말고 먼저 배려하고 양보하세요. 하지만 무조건 양보하거나 참지 말고 옳지 않다고 생각되는 것은 친구에게 충분히 설명하세요. 넷째, 친구를 험담하지 마세요. 다른 친구에게 친한 친구를 험담하기보다는 솔직하게 자신의 생각을 친구에게 말해요.",
      "srcPage": 46,
      "srcSentenceEA": 5,
      "srcWordEA": 51
    },
    {
      "srcTextID": "93401",
      "srcText": "내 친구, 남팽준. \"오늘 우리 반에 전학을 온 새 친구 남팽준이다. 팽준이는 어려서 다리를 다쳐 걷는 게 조금 불편하니까 너희들이 팽준이를 많이 도와주거라.\"",
      "srcPage": 47,
      "srcSentenceEA": 3,
      "srcWordEA": 24
    },
    {
      "srcTextID": "93403",
      "srcText": "짝이 없던 팽규는 짝이 생겨서 신이 났어요. \"넌 수학을 잘하는구나. 난 잘 못하는데.\"",
      "srcPage": 49,
      "srcSentenceEA": 3,
      "srcWordEA": 14
    },
    {
      "srcTextID": "93407",
      "srcText": "그러고는 팽준이와 다정하게 식당으로 갔어요. \"팽준아, 맛있게 먹어.\" 팽규는 팽준이에게 급식을 들어다 주었어요. 팽준이는 미안해했지만 팽규는 마음이 뿌듯했어요.",
      "srcPage": 54,
      "srcSentenceEA": 4,
      "srcWordEA": 20
    },
    {
      "srcTextID": "93408",
      "srcText": "\"팽준아, 우리 급식 다 먹고 얼음판에서 놀래?\" \"좋아, 재밌겠다!\" 급식을 먹고 난 뒤, 얼음판으로 향했어요. 팽규는 팽준이의 걷는 속도에 맞춰 천천히 걸었지요. 아이들이 또 팽규와 팽준이를 쳐다보며 수군거렸어요.",
      "srcPage": 55,
      "srcSentenceEA": 5,
      "srcWordEA": 31
    }
  ]
}