{
  "title": "야호, 쉬는 날이다!",
  "author": "양승현",
  "illustrator": "정지현",
  "isbn": "9791157591930",
  "readAge": "초등_저학년",
  "publishedYear": 2015,
  "publisher": "아람북스",
  "classification": "사회관계",
  "paragraphInfoCount": 34,
  "paragraphInfo": [
    {
      "srcTextID": "19811",
      "srcText": "토요일. 오늘은 쉬는 날, 토요일이에요. 나도 학교에 안 가고, 엄마 아빠도 회사에 안 가요. 그런데 엄마 아빠는 쿨쿨 잠만 자려고 해요.",
      "srcPage": 1,
      "srcSentenceEA": 3,
      "srcWordEA": 24
    },
    {
      "srcTextID": "19810",
      "srcText": "“음, 놀이동산요!” 엄마도 침대에 누운 채 눈을 비비며 말했어요. “쉬는 날은 학교 다닐 때 못하는 체험 학습을 하는 거야.” 휴, 식구마다 하고 싶은 게 다 달라요. 아빠는 쉬자, 엄마는 체험 학습을 하자, 나는 놀자고 했어요.",
      "srcPage": 3,
      "srcSentenceEA": 5,
      "srcWordEA": 38
    },
    {
      "srcTextID": "19827",
      "srcText": "나는 수영복이랑 튜브랑 장난감을 싸고, 엄마는 일기장과 갈아입을 옷을 쌌어요. 참, 할머니가 좋아하시는 떡도 샀어요. 칙칙폭폭, 기차를 타고 할머니 집으로 출발!",
      "srcPage": 20,
      "srcSentenceEA": 3,
      "srcWordEA": 23
    },
    {
      "srcTextID": "19839",
      "srcText": "현장 체험 학습. 다음 주에 막내 이모가 결혼한대요. 신부 드레스를 입은 막내 이모는 얼마나 예쁠까요?",
      "srcPage": 30,
      "srcSentenceEA": 3,
      "srcWordEA": 17
    },
    {
      "srcTextID": "19820",
      "srcText": "박물관 앞에서 체험 학습 보고서에 붙일 사진도 찰칵! 나는 집에 와서 또박또박 체험 학습 보고서를 썼어요. 회사에서 돌아온 아빠가 오늘 뽑은 쪽지를 보면서 말했어요. “박물관 다녀오기. 이거 누가 쓴 쪽지인지 금방 알겠는걸. 재미있었니?” 나는 오늘 찍은 사진과 입장권, 안내 책자를 꺼내 놓고 자랑을 했어요.",
      "srcPage": 13,
      "srcSentenceEA": 7,
      "srcWordEA": 49
    },
    {
      "srcTextID": "19829",
      "srcText": "“할머니!” “오냐, 우리 강아지 왔냐?” 시골 할머니 집에 진짜 강아지 누렁이도 있는데, 할머니는 만날 나더러 강아지래요. 못 보던 사이에 누렁이는 튼튼한 개가 됐어요.",
      "srcPage": 21,
      "srcSentenceEA": 3,
      "srcWordEA": 25
    },
    {
      "srcTextID": "19833",
      "srcText": "공휴일. 달력에 있는 날짜가 빨간색인 오늘은 모두가 쉬는 공휴일이에요. 나는 뽑기 통을 잘 흔든 다음 쪽지를 뽑았어요. 두근두근 마음을 졸이며 쪽지를 편 순간, “꽝! 다음 기회를! 으악, 이게 뭐야? 이거 아빠가 썼죠?”",
      "srcPage": 25,
      "srcSentenceEA": 6,
      "srcWordEA": 38
    },
    {
      "srcTextID": "19812",
      "srcText": "“누가 쓴 건지 보나 마나 뻔하네.” 아빠가 아직도 졸린 눈으로 나를 바라봤어요. 나는 모른 척하며 재빨리 나갈 준비를 했지요.",
      "srcPage": 6,
      "srcSentenceEA": 3,
      "srcWordEA": 21
    },
    {
      "srcTextID": "19815",
      "srcText": "가족 모두 신나는 놀이동산에 왔어요. 빙글빙글, 여러 가지 놀이 기구도 타고 냠냠 맛있는 음식도 먹고 빰빠라 빰빰, 흥겨운 퍼레이드도 봤어요. 나는 그중에서도 범퍼카가 가장 재미있었어요.",
      "srcPage": 7,
      "srcSentenceEA": 3,
      "srcWordEA": 27
    },
    {
      "srcTextID": "19818",
      "srcText": "“에이, 박물관이네. 누가 쓴 건지 보나 마나 뻔해!” 엄마는 모른 척하며 나갈 준비만 했어요. 공휴일이 아니어서 박물관에는 사람이 별로 없었어요.",
      "srcPage": 10,
      "srcSentenceEA": 4,
      "srcWordEA": 23
    },
    {
      "srcTextID": "19809",
      "srcText": "“엄마 아빠, 일어나세요. 우리 밖에 나가요.” 아빠가 침대에 누운 채 하품을 하며 말했어요. “쉬는 날은 집에서 푹 쉬는 거야. 또 어딜 가자고?”",
      "srcPage": 2,
      "srcSentenceEA": 5,
      "srcWordEA": 25
    },
    {
      "srcTextID": "19814",
      "srcText": "나는 종이와 연필, 빈 통을 가져왔어요. “그럼, 무엇을 할지 뽑기로 정해요.” 우리 가족은 쉬는 날 하고 싶은 일들을 쪽지에 적었어요.",
      "srcPage": 4,
      "srcSentenceEA": 3,
      "srcWordEA": 21
    },
    {
      "srcTextID": "19813",
      "srcText": "“자, 이 통에 쪽지를 다 넣고 쉬는 날마다 하나씩 뽑는 거예요.” 나는 뽑기 통을 잘 흔든 다음, 몇 번이나 쪽지를 집었다 놨다 하면서 골랐지요. “와, 놀이동산이다!” 나는 폴짝폴짝 뛰면서 손뼉을 쳤어요.",
      "srcPage": 5,
      "srcSentenceEA": 4,
      "srcWordEA": 33
    },
    {
      "srcTextID": "19816",
      "srcText": "아빠 차를 쫓아다니면서 쿵, 쿵! 아빠는 도망치면서 으악, 으악! 우리는 밤하늘에 펑펑 터지는 불꽃놀이를 보며 놀이동산을 나왔어요. “어이구, 주말에 못 쉬었더니 온몸이 쑤시네.” 나는 얼른 아빠 등을 콩콩 두드려 주었어요.",
      "srcPage": 8,
      "srcSentenceEA": 5,
      "srcWordEA": 33
    },
    {
      "srcTextID": "19819",
      "srcText": "개교기념일. 오늘은 우리 학교 개교기념일이에요. 엄마는 나 혼자 집에 있을까 봐 회사에 휴가를 냈어요. 나는 뽑기 통을 잘 흔든 다음 쪽지를 뽑았어요.",
      "srcPage": 9,
      "srcSentenceEA": 3,
      "srcWordEA": 25
    },
    {
      "srcTextID": "19817",
      "srcText": " “야호! 이 전시실에는 아무도 없네. 내 세상이다!” 팔짝팔짝 뛰는 나를 엄마가 나무랐어요. “공공장소에서 시끄럽게 떠들거나 뛰면 안 돼. 더구나 귀한 물건이 많은 박물관에서는 더 조심해야지.”",
      "srcPage": 11,
      "srcSentenceEA": 5,
      "srcWordEA": 29
    },
    {
      "srcTextID": "19821",
      "srcText": "엄마는 처음 보거나 잘 알지 못했던 것들을 수첩에 적으라고 하셨어요. 입장권과 안내 책자도 다 챙기래요. 체험 학습 보고서에 붙여야 한다고요.",
      "srcPage": 12,
      "srcSentenceEA": 3,
      "srcWordEA": 22
    },
    {
      "srcTextID": "19822",
      "srcText": " “푸른 자연으로 나가기. 어디로 가지?” 나는 고개를 갸웃거렸어요. 푸른 자연이라면 바다도 산도 강도 있잖아요.",
      "srcPage": 15,
      "srcSentenceEA": 4,
      "srcWordEA": 17
    },
    {
      "srcTextID": "19824",
      "srcText": "재량 휴업일. 학교에서 쉬는 날로 정한 재량 휴업일이에요. 오늘은 아빠가 회사에 휴가를 냈어요. 나는 뽑기 통을 잘 흔든 다음 쪽지를 뽑았어요.",
      "srcPage": 14,
      "srcSentenceEA": 4,
      "srcWordEA": 24
    },
    {
      "srcTextID": "19823",
      "srcText": "아빠는 산을 좋아하고 나는 바다를 좋아해서 고민을 했지요. 바다에는 여름에 물놀이하러 가기로 하고. 오늘은 아빠가 좋아하는 산에 가기로 했어요.",
      "srcPage": 16,
      "srcSentenceEA": 3,
      "srcWordEA": 21
    },
    {
      "srcTextID": "19825",
      "srcText": "한입 먹어 보니 시원하고 맛있었어요. 산 위에서 내려다본 풍경은 멋졌어요. 저 멀리까지 한눈에 다 보였지요. 시원한 산들바람이 땀을 다 식혀 주었어요. “야호, 산에 오니 정말 좋아요!”",
      "srcPage": 18,
      "srcSentenceEA": 5,
      "srcWordEA": 29
    },
    {
      "srcTextID": "19836",
      "srcText": "내가 뽑기 통을 다시 들자, 아빠가 의심스러운 듯 물었어요. “규칙은 규칙이야. 다시 뽑는 건 아니지?” “아니에요. 뽑기 통을 꾸미려고요.”",
      "srcPage": 28,
      "srcSentenceEA": 4,
      "srcWordEA": 21
    },
    {
      "srcTextID": "19838",
      "srcText": "그런데 이모는 내가 학교에 가는 날에 결혼한대요. “이모 결혼식 때 나도 데려갈 거예요?” “그럼, 체험 학습 신청서를 써서 선생님께 내면 갈 수 있지.” 나는 좋아서 팔짝팔짝 뛰었어요.",
      "srcPage": 31,
      "srcSentenceEA": 4,
      "srcWordEA": 28
    },
    {
      "srcTextID": "19840",
      "srcText": "“엄마, 이모가 선녀 같아요.” 막내 이모와 엄마가 마주 보며 환하게 웃었어요. 드디어 결혼식이 시작되었어요.",
      "srcPage": 33,
      "srcSentenceEA": 3,
      "srcWordEA": 16
    },
    {
      "srcTextID": "19842",
      "srcText": "이모는 왕비 같고 이모부는 임금님 같았지요. 그런데 체험 학습 보고서에 뭘 쓸지 고민이에요. 쓸 게 너무 많아졌거든요. 선녀 같은 신부 이야기를 쓸까요? 전통 혼례에 대해 쓸까요?",
      "srcPage": 34,
      "srcSentenceEA": 5,
      "srcWordEA": 30
    },
    {
      "srcTextID": "19826",
      "srcText": "헉헉, 산을 오르는 건 힘들었어요. “좀 쉬었다 갈까?” 아빠가 배낭에서 오이를 꺼내 주었어요.",
      "srcPage": 17,
      "srcSentenceEA": 3,
      "srcWordEA": 14
    },
    {
      "srcTextID": "19828",
      "srcText": "방학. 드디어 여름 방학이 시작됐어요. 나는 뽑기 통을 잘 흔든 다음 쪽지를 뽑았어요. “와, 시골 할머니 집에 가는 거네? 신난다!”",
      "srcPage": 19,
      "srcSentenceEA": 4,
      "srcWordEA": 23
    },
    {
      "srcTextID": "19830",
      "srcText": "나를 보고 꼬리를 살랑살랑 흔들었지요. 할머니 집에 있으면 할 일이 정말 많아요. 물놀이도 하고, 매미도 잡고, 수박이랑 옥수수도 먹어요. 그리고 할머니 팔다리도 주물러 드려야 해요.",
      "srcPage": 22,
      "srcSentenceEA": 4,
      "srcWordEA": 28
    },
    {
      "srcTextID": "19832",
      "srcText": "내가 방학 내내 게으름을 부리면, 할머니가 한마디 하시기도 해요. “일기 쓰기가 밀리면 엄마가 다음 방학 때는 여기 안 보낸다더라.” 이키, 그 한마디면 나는 벌떡 일어나 일기를 써요.",
      "srcPage": 23,
      "srcSentenceEA": 3,
      "srcWordEA": 28
    },
    {
      "srcTextID": "19831",
      "srcText": "그러다가 곧 배를 깔고 엎드린 채 꾸벅꾸벅 졸지요. 엄마가 보면 책상에 똑바로 앉으라고 잔소리하겠지만, 할머니는 가만히 내 배 밑으로 방석을 넣어 주시지요. 나는 할머니가 제일 좋아요.",
      "srcPage": 24,
      "srcSentenceEA": 3,
      "srcWordEA": 28
    },
    {
      "srcTextID": "19834",
      "srcText": "아빠는 모른 척 시치미를 뗐어요. 하지만 결국 웃음을 참지 못하고 말했지요. “하하, 집에서 쉬는 날도 있어야지.” “치, 알았어요. 규칙은 규칙이니까요.”",
      "srcPage": 26,
      "srcSentenceEA": 5,
      "srcWordEA": 22
    },
    {
      "srcTextID": "19837",
      "srcText": "아빠가 싱글벙글. “오랜만에 실컷 자 보겠네.” 엄마도 싱글벙글. “미장원에 다녀올게.” 나는 한숨을 휴. 시무룩해져 있다가 좋은 생각이 떠올랐어요.",
      "srcPage": 27,
      "srcSentenceEA": 6,
      "srcWordEA": 21
    },
    {
      "srcTextID": "19835",
      "srcText": "나는 색종이와 색연필로 뽑기 통을 꾸미기 시작했어요. 낮잠을 자려고 하던 아빠도 슬그머니 다가와 도와주었지요. 멋진 뽑기 통 완성! “와, 진짜 멋지네.”",
      "srcPage": 29,
      "srcSentenceEA": 4,
      "srcWordEA": 23
    },
    {
      "srcTextID": "19841",
      "srcText": "결혼식이 시작되기 전, 우리는 신부 방에 들어갔어요. 이모는 고운 한복을 입고 우리를 맞아 주었어요. 이모는 옛날부터 전해 내려온 전통 혼례를 한대요.",
      "srcPage": 32,
      "srcSentenceEA": 3,
      "srcWordEA": 23
    }
  ]
}