{
  "title": "어떻게든 갑니다! 구구 택배",
  "author": "최고은",
  "illustrator": "최경식",
  "isbn": "9791165953287",
  "readAge": "초등_저학년",
  "publishedYear": 2021,
  "publisher": "아람북스",
  "classification": "사회관계",
  "paragraphInfoCount": 20,
  "paragraphInfo": [
    {
      "srcTextID": "19576",
      "srcText": "“마법사님, 어떻게 해야 칠칠이네 집으로 갈 수 있을까요?” “저 파란 문으로 나가세요.” 마법사는 친절하게 길을 알려 주었어요. 그런데 파란 문으로 어떻게 가야 할까요?",
      "srcPage": 8,
      "srcSentenceEA": 4,
      "srcWordEA": 25
    },
    {
      "srcTextID": "19578",
      "srcText": "마법사가 길을 잘못 알려 준 걸까요? 파란 문을 열고 들어온 방에는 커다란 액자 2개가 걸려 있어요. 구구는 액자 2개에서 다른 곳을 다 찾아야 빨간 문으로 나갈 수 있어요. 어디가 다른지 구구와 함께 찾아보세요.",
      "srcPage": 9,
      "srcSentenceEA": 4,
      "srcWordEA": 36
    },
    {
      "srcTextID": "19579",
      "srcText": "구구가 빨간 문을 열고 나오자, 무시무시한 괴물이 계단에서 쿨쿨 자고 있었어요. 계단을 지나가야 하는데 계단은 밟을 때마다 소리가 날 거예요. 피아노 건반으로 되어 있으니까요. 구구가 괴물을 깨우지 않고, 위층으로 올라갈 수 있게 도와주세요.",
      "srcPage": 10,
      "srcSentenceEA": 4,
      "srcWordEA": 36
    },
    {
      "srcTextID": "19580",
      "srcText": "생쥐에게 부탁해서, 괴물에게 귀마개를 씌워요. 계단 건반으로 자장가를 연주하며 위로 올라가요. 여러분이라면 어떻게 하고 싶나요?",
      "srcPage": 11,
      "srcSentenceEA": 3,
      "srcWordEA": 17
    },
    {
      "srcTextID": "19583",
      "srcText": "계단 건반으로 자장가를 연주하며 올라온 구구는 깜짝 놀랐어요. “저 좀 도와주세요.” 웬 꼬마 마법사가 말을 걸지 뭐예요.",
      "srcPage": 12,
      "srcSentenceEA": 3,
      "srcWordEA": 18
    },
    {
      "srcTextID": "19582",
      "srcText": "“제 친구들이 저 방에 숨어 버렸어요. 제 친구들을 찾아 주세요!” 숨어 있는 꼬마 마법사의 친구들을 함께 찾아볼까요?",
      "srcPage": 13,
      "srcSentenceEA": 3,
      "srcWordEA": 19
    },
    {
      "srcTextID": "19584",
      "srcText": "구구가 꼬마 마법사를 도와주고 다시 길을 나섰지만, 이번에는 커다란 수박이 앞을 가로막았어요. 수박을 치우지 않으면 칠칠이네 집으로 갈 수 없어요. 어떤 방법으로 수박을 치울 수 있을까요?",
      "srcPage": 14,
      "srcSentenceEA": 3,
      "srcWordEA": 28
    },
    {
      "srcTextID": "19585",
      "srcText": "휘파람으로 원숭이를 불러와 먹게 해요. 데굴데굴 굴려서 복도 밖으로 치워요. 여러분이라면 어떻게 하고 싶나요?",
      "srcPage": 15,
      "srcSentenceEA": 3,
      "srcWordEA": 16
    },
    {
      "srcTextID": "19586",
      "srcText": "데굴데굴 굴려서 수박을 치워 버린 구구는 드디어 칠칠이네 집 앞에 도착했어요. 그런데 비슷하게 생긴 문이 4개가 있어요. 4개의 문에는 각각 봄, 여름, 가을, 겨울의 그림이 붙어 있어요. 칠칠이는 낙엽이 떨어지는 가을을 좋아한대요. 어디가 칠칠이네 집일까요?",
      "srcPage": 16,
      "srcSentenceEA": 5,
      "srcWordEA": 39
    },
    {
      "srcTextID": "19587",
      "srcText": " 간신히 칠칠이네 집을 찾은 구구는 칠칠이에게 택배 상자를 건넸어요. “우아, 마술봉이 왔다!” 칠칠이는 신이 나서 택배 상자를 열었어요. 택배 상자 안에는, 반짝반짝 빛나는 노란 마술봉이 들어 있었어요.",
      "srcPage": 17,
      "srcSentenceEA": 4,
      "srcWordEA": 30
    },
    {
      "srcTextID": "19588",
      "srcText": "새 마술봉을 구경하느라 뒤늦게 구구를 본 칠칠이는 깜짝 놀랐어요. 구구의 이마에서 땀이 주르륵주르륵 흘러내리고 있었거든요. 칠칠이는 구구에게 시원한 수박 주스를 건네주고, 빗자루에 태워 트럭 앞까지 데려다주었어요.",
      "srcPage": 18,
      "srcSentenceEA": 3,
      "srcWordEA": 28
    },
    {
      "srcTextID": "19593",
      "srcText": "빰빠밤 빰빠밤 빰빠라밤. “이번 시험은 비둘기로 변신하기입니다!” 허리가 꼬부라진 대장 마법사가 말했어요.",
      "srcPage": 19,
      "srcSentenceEA": 3,
      "srcWordEA": 13
    },
    {
      "srcTextID": "19594",
      "srcText": "칠칠이는 구구에게 받은 새 마술봉을 꼭 쥐고, 침을 꼴깍 삼켰어요. 그러고는 마술봉을 하늘 높이 들어 올렸지요! “두뚜루기 뚜루뚜루, 얍!” 과연 칠칠이는 101번째 마법사 시험에 통과했을까요?",
      "srcPage": 20,
      "srcSentenceEA": 4,
      "srcWordEA": 27
    },
    {
      "srcTextID": "19569",
      "srcText": "하지만 너무 걱정하지 않아도 될 것 같아요. 택배 배달원 구구가 칠칠이에게 전해 줄 마술봉을 가지고, 마법사 아파트 입구에 막 도착했으니까요. 그런데 마법사 아파트는 조금 특별해요. 주차장도, 계단도, 문도 우리가 아는 것과는 다르거든요. 과연 구구는 헤매지 않고 칠칠이네 집에 잘 도착할 수 있을까요?",
      "srcPage": 3,
      "srcSentenceEA": 5,
      "srcWordEA": 46
    },
    {
      "srcTextID": "19577",
      "srcText": "잠금장치를 열고 안으로 들어왔는데 계단이 이상해요. 구구는 어떻게 가야 할지 도통 모르겠어요. 위에서 화분에 물을 주고 있는 마법사에게 길을 물어보려고 소리쳤어요.",
      "srcPage": 7,
      "srcSentenceEA": 3,
      "srcWordEA": 23
    },
    {
      "srcTextID": "19570",
      "srcText": "주차장에 트럭을 세웠지만, 길이 너무 복잡해요. 칠칠이가 사는 3동으로 가려면 어떤 길로 가야 할까요? 구구가 주차장을 무사히 빠져나갈 수 있도록 길을 찾아가 보세요.",
      "srcPage": 4,
      "srcSentenceEA": 3,
      "srcWordEA": 25
    },
    {
      "srcTextID": "19568",
      "srcText": "오늘은 칠칠이의 101번째 마법사 시험이 있는 날이에요. 한 달에 한 번씩 마법사 시험을 보고 통과해야 높은 단계로 올라갈 수 있어요. 칠칠이는 빗자루, 약초, 배탈 약까지 완벽하게 준비했어요.",
      "srcPage": 1,
      "srcSentenceEA": 3,
      "srcWordEA": 29
    },
    {
      "srcTextID": "19567",
      "srcText": "단 하나, 성능 좋은 새 마술봉만 빼고요! 해가 지는 순간부터 시험이 시작되는데, 새로 주문한 마술봉이 아직 도착하지 않았어요. 칠칠이는 창밖을 보며 발만 동동 굴렀어요.",
      "srcPage": 2,
      "srcSentenceEA": 3,
      "srcWordEA": 26
    },
    {
      "srcTextID": "19575",
      "srcText": "후유, 겨우 길을 찾아 3동 앞에 도착했는데 문이 잠겨 있어요. 자세히 보니 문에 무엇인가 쓰여 있어요. ‘찡그린 얼굴을 3개 모아야 안으로 들어갈 수 있습니다.’",
      "srcPage": 5,
      "srcSentenceEA": 3,
      "srcWordEA": 26
    },
    {
      "srcTextID": "19574",
      "srcText": "구구가 잠금장치를 열 수 있도록 도와주세요. 잠금장치 여는 법. 찡그린 얼굴을 3개 모아야 안으로 들어갈 수 있습니다.",
      "srcPage": 6,
      "srcSentenceEA": 3,
      "srcWordEA": 19
    }
  ]
}