{
  "title": "힘쌘, 날쌘, 똑쌘 출동!",
  "author": "홍동규",
  "illustrator": "이창우",
  "isbn": "9791165953263",
  "readAge": "초등_저학년",
  "publishedYear": 2021,
  "publisher": "아람북스",
  "classification": "사회관계",
  "paragraphInfoCount": 20,
  "paragraphInfo": [
    {
      "srcTextID": "60964",
      "srcText": "‘꼼짝달싹 그물’에 걸린 철컥집게는 움직이지 못했어. 그물에서 나온 뿌연 연기가 철컥집게를 감싸자, 연기를 마신 철컥집게는 그대로 잠들어 버렸어. “야호, 우리가 힘을 합쳐 철컥집게를 물리쳤다!”",
      "srcPage": 19,
      "srcSentenceEA": 4,
      "srcWordEA": 26
    },
    {
      "srcTextID": "60965",
      "srcText": "날쌘, 힘쌘, 똑쌘은 서로 꼭 얼싸안았어. 번개같이 빠른 날쌘! 왕주먹이 강한 힘쌘! 우주에서 가장 똑똑한 똑쌘! 날쌘, 힘쌘, 똑쌘이 힘을 합치면 무서울 게 없어! 우주 최강 로봇 구조대니까!",
      "srcPage": 20,
      "srcSentenceEA": 6,
      "srcWordEA": 33
    },
    {
      "srcTextID": "60849",
      "srcText": "“비상! 비상! 우주 괴물 철컥집게가 나타났다! 번개같이 빠른 날쌘! 왕주먹이 강한 힘쌘! 우주에서 가장 똑똑한 똑쌘! 우주 최강 로봇 구조대 출동하라!”",
      "srcPage": 1,
      "srcSentenceEA": 6,
      "srcWordEA": 27
    },
    {
      "srcTextID": "60850",
      "srcText": "“날쌘, 에너지 충전 완료! 지금 바로 출동하겠다.” 날쌘은 충전이 끝나자마자 빠르게 달려 나갔어.",
      "srcPage": 2,
      "srcSentenceEA": 3,
      "srcWordEA": 15
    },
    {
      "srcTextID": "60909",
      "srcText": "하지만 잡고 있던 날쌘을 놓치고 말았지. 날쌘은 힘쌘 덕분에 풀려날 수 있었어. 날쌘과 힘쌘, 똑쌘은 동시에 날아올라 한자리에 모였어.",
      "srcPage": 13,
      "srcSentenceEA": 3,
      "srcWordEA": 21
    },
    {
      "srcTextID": "60908",
      "srcText": "“날쌘, 힘쌘! 나에게 좋은 생각이 있어.” 똑쌘은 재빨리 작전을 말했어. “역시 우주에서 가장 똑똑한 똑쌘이라니까!” 날쌘, 힘쌘, 똑쌘은 다 함께 손을 모으고 외쳤어. “우주 최강 로봇 구조대, 파이팅!”",
      "srcPage": 14,
      "srcSentenceEA": 6,
      "srcWordEA": 31
    },
    {
      "srcTextID": "60930",
      "srcText": "철컥집게는 입을 쩍 벌리고 똑쌘만 쳐다보았지. “힘쌘, 지금이야!” 한눈팔고 있는 철컥집게에게 힘쌘은 다시 한번 왕주먹을 날렸어. “크아아악!” 철컥집게가 소리를 지르며 벌렁 넘어졌어.",
      "srcPage": 17,
      "srcSentenceEA": 4,
      "srcWordEA": 24
    },
    {
      "srcTextID": "60949",
      "srcText": "“똑쌘, 마지막을 부탁해!” 날쌘과 힘쌘이 동시에 외쳤어. 똑쌘은 서둘러 ‘꼼짝달싹 그물’을 던졌지.",
      "srcPage": 18,
      "srcSentenceEA": 4,
      "srcWordEA": 15
    },
    {
      "srcTextID": "60858",
      "srcText": "날쌘은 철컥집게가 있는 곳으로 순식간에 날아갔어. “철컥집게, 당장 지구를 떠나라!” 그러자 철컥집게는 커다란 집게발을 마구 휘둘렀어.",
      "srcPage": 4,
      "srcSentenceEA": 3,
      "srcWordEA": 17
    },
    {
      "srcTextID": "60891",
      "srcText": "“철컥집게! 내 왕주먹을 받아라!” 날쌘을 뒤따라온 힘쌘이 소리쳤어. 철컥집게는 힘쌘의 왕주먹을 가까스로 피했어.",
      "srcPage": 12,
      "srcSentenceEA": 3,
      "srcWordEA": 16
    },
    {
      "srcTextID": "60928",
      "srcText": "똑쌘의 작전은 딱딱 맞아떨어졌지. 우선 가장 빠른 날쌘이 철컥집게 주변을 빠르게 빙빙 돌았어. 위이이잉! 위이이잉! 철컥집게는 날쌘을 따라 돌다가 이리저리 비틀거렸지.",
      "srcPage": 15,
      "srcSentenceEA": 5,
      "srcWordEA": 25
    },
    {
      "srcTextID": "60851",
      "srcText": "힘쌘과 똑쌘을 기다릴 수가 없었거든. 사람들이 다칠까 봐 걱정도 되었지만, 날쌘은 혼자서 우주 괴물을 물리치고 싶었지. “철컥집게는 내가 상대해 주마.”",
      "srcPage": 3,
      "srcSentenceEA": 3,
      "srcWordEA": 21
    },
    {
      "srcTextID": "60859",
      "srcText": "철컥! 철컥! 하지만 날쌘은 번개같이 빠르게 전깃줄을 던져 철컥집게를 꽁꽁 싸맸어. 그러고는 빙글빙글 돌려 철컥집게를 날려 버렸지. 철컥집게는 큰 상처를 입었어.",
      "srcPage": 5,
      "srcSentenceEA": 4,
      "srcWordEA": 25
    },
    {
      "srcTextID": "60873",
      "srcText": "사람들은 기뻐하며 환호성을 질렀어. “날쌘, 최고!”를 외치면서 말이야. 날쌘은 힘쌘과 똑쌘이 온 줄도 모르고 어깨를 으쓱거렸어. “날쌘, 혼자 출동하면 어떡해! 그러다 다치기라도 하면 어쩔 뻔했어?”",
      "srcPage": 6,
      "srcSentenceEA": 6,
      "srcWordEA": 28
    },
    {
      "srcTextID": "60874",
      "srcText": "힘쌘은 걱정스레 말했어. “괜찮아, 더 늦었으면 사람들이 다쳤을 거야. 내가 누구야, 번개같이 빠른 날쌘이잖아. 하하!” 날쌘은 우쭐대며 큰 소리로 웃었어.",
      "srcPage": 7,
      "srcSentenceEA": 5,
      "srcWordEA": 23
    },
    {
      "srcTextID": "60882",
      "srcText": "철컥집게를 물리친 지 일주일이 지났어. 또다시 비상벨이 울렸어. “비상! 비상! 우주 괴물 철컥집게가 나타났다! 우주 최강 로봇 구조대 출동하라!”",
      "srcPage": 8,
      "srcSentenceEA": 5,
      "srcWordEA": 23
    },
    {
      "srcTextID": "60881",
      "srcText": "“뭐? 철컥집게가 또 나타났다고?” 날쌘은 이번에도 혼자서 부리나케 달려 나갔어. “날쌘! 날쌘! 함께 가야지!” 힘쌘과 똑쌘이 아무리 불러도 소용없었지.",
      "srcPage": 9,
      "srcSentenceEA": 5,
      "srcWordEA": 24
    },
    {
      "srcTextID": "60890",
      "srcText": "철컥집게는 보이지 않고, 지구는 아수라장이었어. 여기저기 건물들은 부서져 있고, 사람들은 어쩔 줄 몰라 갈팡질팡했어. “여러분, 날쌘이 왔으니 걱정하지 마세요.”",
      "srcPage": 10,
      "srcSentenceEA": 3,
      "srcWordEA": 20
    },
    {
      "srcTextID": "60889",
      "srcText": "날쌘은 우선 사람들을 안심시켰어. 그때 갑자기 철컥집게가 나타나 커다란 집게로 날쌘의 발목을 움켜잡았지. “으악!” 제아무리 빠른 날쌘도 피하지 못했어.",
      "srcPage": 11,
      "srcSentenceEA": 3,
      "srcWordEA": 21
    },
    {
      "srcTextID": "60929",
      "srcText": "“힘쌘, 지금이야! 똑쌘을 날려 줘!” 힘쌘은 방긋 웃으며 고개를 끄덕였어. 힘쌘의 왕주먹에 올라탄 똑쌘은 붕 날아올랐어.",
      "srcPage": 16,
      "srcSentenceEA": 4,
      "srcWordEA": 19
    }
  ]
}