{
  "title": "베토벤",
  "author": "이경혜",
  "illustrator": "임운규",
  "isbn": "9791155396261",
  "readAge": "초등_저학년",
  "publishedYear": 2016,
  "publisher": "(도서출판)때올비",
  "classification": "사회관계",
  "paragraphInfoCount": 16,
  "paragraphInfo": [
    {
      "srcTextID": "139830",
      "srcText": "베토벤은 유난히 추운 어느 겨울에 태어났어요. 베토벤의 집은 할아버지 때부터 대대로 궁정에서 음악을 하는 음악가 집안이었지요. 하지만 아버지는 술주정뱅이여서 가정을 돌보지 않았어요.",
      "srcPage": 2,
      "srcSentenceEA": 3,
      "srcWordEA": 24
    },
    {
      "srcTextID": "139832",
      "srcText": "술주정뱅이 아버지는 베토벤에게 굉장히 무섭게 대했어요. 그 대신 한없이 부드럽고 상냥한 어머니와 언제나 다정한 할아버지가 곁에 있어 베토벤은 외롭지 않았어요. 하루는 베토벤이 노래를 흥얼거리며 놀고 있었어요. 할아버지가 우연히 베토벤의 노랫소리를 듣게 되었지요. “오, 아름다운 노래구나. 무슨 노래냐?” 베토벤이 웃으며 대답했어요. “그냥 아무렇게나 지어 불러 본 거예요.” 할아버지는 베토벤의 재능에 깜짝 놀랐어요. 그리고 다음날부터 피아노를 가르치기 시작했어요.",
      "srcPage": 4,
      "srcSentenceEA": 10,
      "srcWordEA": 63
    },
    {
      "srcTextID": "139833",
      "srcText": "당시 독일은 모차르트 때문에 온 나라가 들썩였어요. 모차르트가 연주 여행을 다니며 귀족들에게 돈을 받기도 한다는 소문을 듣고 아버지는 베토벤을 이용해 돈 벌 궁리를 했지요. “너라고 못 할 것 없지. 잘하면 우리도 부자가 될 수 있어.” 아버지는 베토벤의 나이를 두 살이나 줄여 여섯 살이라고 속였어요. 베토벤은 아버지에게 이리저리 끌려 다니며 쉴 새 없이 연주했어요.",
      "srcPage": 5,
      "srcSentenceEA": 6,
      "srcWordEA": 57
    },
    {
      "srcTextID": "139834",
      "srcText": "베토벤은 음악을 몹시 좋아했지만, 아버지 등쌀에 못 이겨 억지로 하다 보니 점점 지겨워졌어요. 그러는 사이 베토벤은 열 살이 되었어요. “베토벤, 너에겐 남다른 재능이 있어. 앞으로 내가 음악을 가르쳐 주마.” 베토벤은 궁정 악단에 새로 온 오르간 연주자 네페 선생 눈에 띄었어요. 네페 선생은 베토벤에게 오르간 연주뿐 아니라 작곡도 가르쳐 주었어요. 열심히 공부한 베토벤은 열두 살 되던 해, 첫 작품을 발표했어요.",
      "srcPage": 6,
      "srcSentenceEA": 7,
      "srcWordEA": 64
    },
    {
      "srcTextID": "139836",
      "srcText": "하지만 어머니는 이미 세상을 떠난 뒤였지요. 어머니가 세상을 떠나자 아버지의 술주정은 더욱 심해졌어요. 베토벤은 어린 나이였지만 가족의 생계를 책임져야 했지요. 그래서 궁정에서 연주도 하고, 귀족 아이들에게 피아노를 가르치기 시작했어요",
      "srcPage": 8,
      "srcSentenceEA": 4,
      "srcWordEA": 32
    },
    {
      "srcTextID": "139838",
      "srcText": "다시 빈으로 돌아온 베토벤은 하이든을 비롯한 여러 음악가에게 열심히 음악을 배우고 연주 활동도 활발히 했어요. “당신의 연주는 폭풍 같아요! 너무나 감동적입니다!” 베토벤의 연주를 듣고 사람들은 열광했어요. 베토벤의 인기도 나날이 치솟았지요. 아버지가 세상을 떠난 뒤, 동생들과 함께 살게 된 베토벤은 오랜만에 단란한 가족의 정을 느낄 수 있었어요. ‘아, 언제나 불행했던 내게도 이렇게 좋은 날이 오는구나.’ 베토벤은 모든 것이 감사하고 행복했어요.",
      "srcPage": 10,
      "srcSentenceEA": 8,
      "srcWordEA": 65
    },
    {
      "srcTextID": "139839",
      "srcText": "그러던 어느 날이었어요. 베토벤이 곡 쓰는 데 열중해 있는데, 동생이 다가와 어깨를 툭 쳤어요. “형, 왜 불러도 대답을 안 해?” 베토벤은 깜짝 놀라 동생을 바라보았어요. 하지만 귓속에서는 바람 소리만 윙윙거릴 뿐 동생의 목소리는 들리지 않았어요. 얼마 전부터 귀가 잘 들리지 않더니 기어이 아무 소리도 듣지 못하게 된 거예요. 베토벤은 하늘이 무너지는 것 같았어요.",
      "srcPage": 11,
      "srcSentenceEA": 7,
      "srcWordEA": 58
    },
    {
      "srcTextID": "139840",
      "srcText": "베토벤은 안정을 찾기 위해 조용한 시골 마을로 갔어요. 하지만 마음은 지옥과도 같았어요. ‘음악가가 소리를 못 듣는다면 죽은 목숨이나 다름없지 않은가!’ 아름다운 시골 경치는 볼 수 있었지만 새소리나 개울물 소리, 바람 소리조차 들을 수 없었지요. 베토벤은 너무나 괴로웠어요. ‘소리만 들을 수 있다면 세상 모든 것을 음악에 담을 수 있을 텐데.’ 오랫동안 깊은 생각에 잠겨 있던 베토벤은 머리를 세차게 흔들었어요. ‘운명한테 이렇게 질 수는 없어.’ 베토벤은 운명과 싸우려는 듯 주먹을 불끈 쥐었어요.",
      "srcPage": 12,
      "srcSentenceEA": 9,
      "srcWordEA": 78
    },
    {
      "srcTextID": "139844",
      "srcText": "교향곡 합창에 너무 많은 힘을 쏟아 부은 탓인지 베토벤은 자리에 눕고 말았어요. 숨을 거두기 전 베토벤은 친구들에게 말했어요. “다들 뜨거운 박수를 보내 주게나. 이제 무대의 막이 내릴 테니.” 그때 갑자기 커다랗게 천둥이 울리며 천지가 진동하는 듯했어요. 베토벤은 하늘을 향해 주먹을 들어 올렸어요. 마치 운명과 싸우기라도 하듯이 말이에요. 그러나 이내 베토벤의 주먹은 힘없이 침대 위로 떨어졌어요. 자신의 운명에 맞서 싸우며 결코 지지 않았던 위대한 음악가 베토벤은 그렇게 세상을 떠나고 말았답니다.",
      "srcPage": 16,
      "srcSentenceEA": 9,
      "srcWordEA": 76
    },
    {
      "srcTextID": "139829",
      "srcText": "어린이 여러분, 이런 생각을 한번 해 봐요. 만약에 앞을 보지 못하는 화가가 있다면? 다리를 움직이지 못하는 축구 선수가 있다면? 맛을 느낄 수 없는 요리사가 있다면? 여러분은 분명 이렇게 말할 거예요. “에이, 말도 안 돼. 그러면 그림도 못 그리고, 축구도 못 하고, 요리도 못 하잖아?” 그런데 말이에요, 여기에 바로 그런 사람이 있어요. 소리를 듣지 못하면서도 더없이 아름다운 음악을 만들어 낸 음악가, 베토벤이 바로 그런 사람이에요.",
      "srcPage": 1,
      "srcSentenceEA": 9,
      "srcWordEA": 71
    },
    {
      "srcTextID": "139835",
      "srcText": "베토벤의 실력이 나날이 늘어 가자 귀족들은 돈을 모아 베토벤을 음악의 도시 빈으로 보내 주었어요. 꿈에 부풀어 유학을 떠난 지 두 달쯤 지났을 때, 슬픈 소식이 날아왔어요. “뭐? 어머니가 위독하다고?” 베토벤은 부랴부랴 독일로 돌아왔어요.",
      "srcPage": 7,
      "srcSentenceEA": 4,
      "srcWordEA": 36
    },
    {
      "srcTextID": "139837",
      "srcText": "베토벤이 피아노를 가르치러 가는 집 중에 브로이닝 부인 집이 있었어요. 브로이닝 부인은 부유한 귀족인 데다 예술을 사랑하는 사람이었지요. 또 베토벤에게 어머니처럼 따뜻하고 포근하게 대해 주었고요. 그곳에서 베토벤은 발트슈타인 백작도 알게 되었어요. 발트슈타인 백작은 베토벤이 다시 빈으로 가서 공부할 수 있게 도와주었답니다.",
      "srcPage": 9,
      "srcSentenceEA": 5,
      "srcWordEA": 45
    },
    {
      "srcTextID": "139842",
      "srcText": "베토벤의 몸은 지칠 대로 지쳤지만 음악에 대한 열정은 식을 줄 몰랐어요. 베토벤은 오래전부터 좋아했던 시인 실러의 시에 아름답고 웅장한 곡을 붙이기로 마음먹었어요. 기쁨이여, 신들의 아름다운 빛이여, 낙원의 딸이여. 불 같은 기쁨에 취해 우리 모두 신들의 집으로 가자꾸나. 이 곡은 악기만으로 이루어진 교향곡이나 노래만으로 이루어진 합창과는 달리 오케스트라와 합창단이 함께 어우러지는 대규모의 합창 교향곡이었어요.",
      "srcPage": 14,
      "srcSentenceEA": 5,
      "srcWordEA": 57
    },
    {
      "srcTextID": "139843",
      "srcText": "베토벤의 아홉 번째 교향곡 합창이 드디어 무대에 올랐어요. 하지만 듣지 못하는 베토벤은 지휘를 할 수 없어 옆에 앉아 악보만 보고 있었어요. 음악이 흐르자 사람들은 숨을 죽였어요. 합창에는 온갖 어려움을 이겨 내고 기쁨의 노래를 부르는 베토벤의 삶이 녹아 있었거든요. 마침내 연주가 끝나자 우레와 같은 박수가 터져 나왔어요. 하지만 소리를 듣지 못하는 베토벤은 가만히 앉아 있었어요. 그러자 합창 단원 한 사람이 베토벤을 일으켜 주었어요. 열광하는 청중을 바라보는 베토벤의 뺨 위로 소리 없이 눈물이 흘러내렸어요.",
      "srcPage": 15,
      "srcSentenceEA": 8,
      "srcWordEA": 79
    },
    {
      "srcTextID": "139831",
      "srcText": "하루는 할아버지가 걱정이 되어 집에 와 보니, 어머니와 아기가 추위 속에서 부들부들 떨고 있는 거예요. “아이고, 이런!” 할아버지는 혀를 차며 벽난로에 불을 지피고 집 안을 따뜻하게 했어요.",
      "srcPage": 3,
      "srcSentenceEA": 3,
      "srcWordEA": 28
    },
    {
      "srcTextID": "139841",
      "srcText": "베토벤의 용기에 운명도 겁을 먹고 달아난 걸까요? 베토벤은 다시 곡을 쓰기 시작했어요. 그리고 전보다 몇 배나 더 훌륭한 곡들을 내놓았지요. 귀가 들리지 않아 연주는 할 수 없었지만 마음 깊은 곳의 소리는 베토벤의 손끝으로 아름답게 표현되었어요. 피아노 소나타 열정, 교향곡 전원 같은 명곡들이 모두 이때 탄생했어요. “따다다 딴, 따다다 딴.” 운명의 문을 두드리는 소리로 시작하는 교향곡 운명도 이때 만들었고요.",
      "srcPage": 13,
      "srcSentenceEA": 7,
      "srcWordEA": 63
    }
  ]
}