{
  "title": "간디",
  "author": "김서정",
  "illustrator": "이은복",
  "isbn": "9791155396506",
  "readAge": "초등_저학년",
  "publishedYear": 2016,
  "publisher": "(도서출판)때올비",
  "classification": "사회관계",
  "paragraphInfoCount": 18,
  "paragraphInfo": [
    {
      "srcTextID": "136948",
      "srcText": "영국이 인도를 다스리던 때가 있었어요. 인도는 우리나라가 일본의 지배를 받았던 기간보다 훨씬 더 오랫동안 영국의 지배를 받았어요. 인도 사람들은 간절히 독립을 원했지만 어려운 일이 너무 많았습니다. 자기들끼리도 말이 잘 통하지 않고 종교도 다른 데다가 신분 차이 때문에 한마음이 되지 못했거든요. 그런 인도 사람들을 하나로 뭉치게 하고 평화적인 방법으로 독립을 이룬 위대한 사람이 바로 마하트마 간디입니다.",
      "srcPage": 1,
      "srcSentenceEA": 5,
      "srcWordEA": 59
    },
    {
      "srcTextID": "136952",
      "srcText": "간디는 남아프리카 공화국에서 멸시받는 인도 사람들을 위해 싸웠어요. 그리고 얼마 지나지 않아 수많은 인도 사람의 지도자가 되었지요. 하지만 간디는 무조건 싸우지는 않았어요. 업신여김을 당하지 않으려면 인도 사람들이 먼저 모범이 되어야 한다고 생각했기 때문이에요.",
      "srcPage": 5,
      "srcSentenceEA": 4,
      "srcWordEA": 36
    },
    {
      "srcTextID": "136954",
      "srcText": "“여보, 욕심을 버립시다. 이게 다른 사람을 섬기고 신을 섬기는 길이오.” 그뿐만 아니라 간디는 하인들도 모두 돌려보내고 화장실 청소까지 직접 했어요. 간디의 그런 모습을 본 아내도 점점 변해 갔지요. 그 뒤, 아내는 평생 동안 간디를 이해하고 도와준 좋은 친구가 되었답니다.",
      "srcPage": 8,
      "srcSentenceEA": 5,
      "srcWordEA": 43
    },
    {
      "srcTextID": "136958",
      "srcText": "간디는 먼저 사람들을 하나로 뭉치게 했어요. 그런 다음 영국과 맞서 싸웠지요. 하지만 절대로 무기를 쓰거나 폭력을 사용하지는 않았어요. 바로 ‘비폭력 무저항 운동’을 펼친 거예요.",
      "srcPage": 11,
      "srcSentenceEA": 5,
      "srcWordEA": 28
    },
    {
      "srcTextID": "136953",
      "srcText": "간디는 인도 사람들에게 늘 말했어요. “남을 속이지 마세요. 정직한 사람이 되어야 합니다. 게으름을 부리지 말고 몸가짐을 단정히 합시다. 그리고 영국 사람들에게 하고 싶은 말을 하기 위해서 영어를 제대로 배웁시다!”",
      "srcPage": 6,
      "srcSentenceEA": 5,
      "srcWordEA": 32
    },
    {
      "srcTextID": "136962",
      "srcText": "간디는 밥 먹듯 감옥에 갇혔어요. 하지만 간디의 ‘비폭력 무저항 운동’은 감옥에서도 계속되었어요. 또 인도 사람들이 서로 폭력을 쓴다거나 종교 문제로 싸운다는 소식이 들리면 며칠이고 단식을 하며 기도했어요. 간디가 단식을 하다가 건강이 위험하다는 소문이 들리면 싸우던 사람들은 싸움을 멈추고 간디의 회복을 빌었지요. 인도 사람들에게 간디는 존경과 사랑의 대상이었거든요.",
      "srcPage": 15,
      "srcSentenceEA": 6,
      "srcWordEA": 52
    },
    {
      "srcTextID": "136960",
      "srcText": "간디는 너무나 가슴이 아팠어요. 그렇다고 영국 사람들과 똑같이 총을 들고 싸울 수는 없었어요. 폭력을 쓰지 않고 평화로운 방법으로 싸워야 한다고 생각했거든요. 간디는 부르짖었어요. “평화로운 방법으로 독립을 얻읍시다. 우리의 바람은 꼭 이루어질 거예요. 신은 옳은 자와 함께 하시니까요.” 이것이 간디가 펼친 ‘비폭력 무저항 운동’의 정신이었어요.",
      "srcPage": 13,
      "srcSentenceEA": 9,
      "srcWordEA": 51
    },
    {
      "srcTextID": "136955",
      "srcText": "간디는 변호사 일을 해 많은 돈을 벌었지만, 자신을 위해서는 쓰지 않았어요. 집도 초라한 곳으로 옮겼지요. “도대체 우리가 왜 이런 곳에서 살아야 하죠?” 아내가 불평을 늘어놓았어요.",
      "srcPage": 7,
      "srcSentenceEA": 4,
      "srcWordEA": 27
    },
    {
      "srcTextID": "136961",
      "srcText": "“아이들을 영국인 학교에 보내지 맙시다! 영국인을 위해서 일하지 맙시다! 세금을 내지 맙시다! 영국에서 들여온 옷감을 사지 말고 물레를 돌려 실을 잣고 옷감을 짜서 인도 고유의 옷을 만들어 입읍시다!” 간디는 말로만 외치지 않고 이 모든 것을 앞장서서 실천했어요. 물레를 돌리며 실을 잣는 간디의 모습은 인도 사람들뿐 아니라 전 세계 사람을 감동시켰지요.",
      "srcPage": 14,
      "srcSentenceEA": 6,
      "srcWordEA": 55
    },
    {
      "srcTextID": "136964",
      "srcText": "날이 갈수록 터무니없는 일로 싸움이 잦아지자 인도는 조용한 날이 없었어요. 영국에 대항해서 싸울 때는 마음을 합했지만 막상 독립이 되어 자유를 얻자 사소한 것에도 마음이 나뉘었어요. 갈등의 골은 갈수록 깊어졌지요.",
      "srcPage": 17,
      "srcSentenceEA": 3,
      "srcWordEA": 31
    },
    {
      "srcTextID": "136965",
      "srcText": "결국 힌두교도들은 인도에 남고 이슬람교도들은 파키스탄이라는 새로운 나라를 세웠어요. 하지만 그 뒤로도 싸움은 계속되었어요. 간디는 너무나 마음이 아팠어요. “같은 민족끼리 서로 미워하고 죽이는 걸 보느니 차라리 내가 죽겠습니다.” 간디는 죽기를 각오하고 단식을 시작했어요. 단식이 길어지자 간디는 몸져눕고 말았지요. 그러자 간디를 사랑하는 두 종교의 지도자들은 할 수 없이 화해하고 평화롭게 지내기로 약속했답니다.",
      "srcPage": 18,
      "srcSentenceEA": 7,
      "srcWordEA": 56
    },
    {
      "srcTextID": "136949",
      "srcText": "간디는 부잣집 아들로 태어나 영국으로 가서 공부했어요. 변호사가 되어 인도로 돌아왔지만, 인도에는 변호사가 너무 많았어요. 게다가 간디는 사람들 앞에 서면 말을 더듬는 버릇이 있어서 일솜씨도 신통치 않았답니다. 마침 남아프리카 공화국에 일자리가 생겨서 간디는 그곳으로 가기 위해 기차를 탔어요. 그런데 갑자기 승무원이 간디를 향해 소리쳤어요. “아니, 백인도 아닌데 왜 특실에 앉아 있는 거야? 당장 나가!” 간디가 차표를 보여 주었지만 소용없었어요. 승무원은 막무가내로 간디를 끌어냈어요. 간디는 시골 역에서 꼬박 하룻밤을 보내야 했지요.",
      "srcPage": 2,
      "srcSentenceEA": 10,
      "srcWordEA": 78
    },
    {
      "srcTextID": "136951",
      "srcText": "‘이게 말로만 듣던 인종 차별이구나.’ 간디는 도저히 참을 수가 없어 온몸을 부들부들 떨었어요. ‘이토록 인종 차별이 심한 걸 여태 모르고 있었다니.’ 간디는 스스로가 몹시 부끄러웠어요. 부유한 가정에서 태어나 부족함 없이 자랐기 때문에 이런 사정을 몰랐던 거예요.",
      "srcPage": 3,
      "srcSentenceEA": 5,
      "srcWordEA": 40
    },
    {
      "srcTextID": "136950",
      "srcText": "‘어떤 이유로든 사람을 멸시하고 괴롭히는 건 옳지 않아. 피부 색깔이 다르고 생김새가 다르더라도 사람은 누구나 똑같이 귀한 거야. 사람들이 서로를 귀하게 여기고 함께 평화롭게 사는 세상을 만들어야 해!’ 간디는 새롭게 결심했어요.",
      "srcPage": 4,
      "srcSentenceEA": 4,
      "srcWordEA": 34
    },
    {
      "srcTextID": "136956",
      "srcText": "간디는 영국 정부가 잘못하는 일들을 하나하나 지적하며 고쳐 줄 것을 요구했어요. 하지만 영국 정부는 잘못을 인정하기는커녕 오히려 인도 사람들을 쫓아내려고 했지요. “너희 나라로 돌아가! 돌아가란 말이야!” 영국 사람들은 간디에게 돌을 던지고 몽둥이로 때리기도 했어요. 간디는 세 번이나 감옥에 갇혔어요. 하지만 간디는 오히려 그들을 용서하려고 애썼습니다. 영국 사람들 중에는 인도 사람에게 심하게 구는 것을 부끄러워하면서 간디를 도와주는 사람도 많았어요.",
      "srcPage": 9,
      "srcSentenceEA": 8,
      "srcWordEA": 64
    },
    {
      "srcTextID": "136957",
      "srcText": "결국 영국이 간디에게 졌어요. 인도 사람에게 불리한 옳지 못한 법들을 간디가 바라는 대로 바꾸었지요. 그 뒤, 간디는 인도로 돌아왔어요. 그러나 20년 만에 돌아온 인도는 아주 비참했어요. 사람들은 너무나 가난할 뿐 아니라 아무 희망도 없이 간신히 하루하루 목숨만 이어 가고 있었지요. 몇 안 되는 부자들은 가난한 이웃을 못 본 체했어요. 게다가 가난한 사람들끼리도 서로 무시하고 미워했고요. 간디는 안타까웠어요.",
      "srcPage": 10,
      "srcSentenceEA": 8,
      "srcWordEA": 64
    },
    {
      "srcTextID": "136959",
      "srcText": "인도 사람들은 힘을 모아 조국의 독립을 위해 기도했어요. 그러자 영국 군인들은 법을 어겼다며 모여 있는 군중을 향해 총을 마구 쏘아 댔어요. 수많은 인도 사람이 죄 없이 죽어 갔지요.",
      "srcPage": 12,
      "srcSentenceEA": 3,
      "srcWordEA": 30
    },
    {
      "srcTextID": "136966",
      "srcText": "하지만 모든 인도 사람이 간디를 존경하고 따랐던 것은 아니에요. 간디에게 불만을 품은 사람들도 있었어요. “간디 때문에 인도가 두 동강이 났어. 이슬람교도를 모두 몰아내고 힌두교도만의 나라를 만들어야 해!” 이런 생각을 가진 힌두교도 가운데 한 사람이 기도회에 나가던 간디를 총으로 쏜 거예요. 세상에서 폭력이 사라지고 오직 진리와 사랑만이 가득하기를 바라던 마하트마 간디는 수많은 사람의 가슴속에 깊은 사랑을 심어 주고 눈을 감았답니다.",
      "srcPage": 19,
      "srcSentenceEA": 6,
      "srcWordEA": 63
    }
  ]
}