{
  "title": "백설 공주의 초대",
  "author": "장보영",
  "illustrator": "한현주",
  "isbn": "9791165953249",
  "readAge": "초등_저학년",
  "publishedYear": 2021,
  "publisher": "아람북스",
  "classification": "사회관계",
  "paragraphInfoCount": 22,
  "paragraphInfo": [
    {
      "srcTextID": "19541",
      "srcText": "백설 공주는 이웃 나라 왕자와 결혼한 뒤 너무너무 바빠졌어요. 몸이 약한 왕자 대신 나라를 다스려야 했거든요. 백설 공주는 매일 엄청나게 많은 책을 읽고, 끊임없이 나랏일을 살펴봐야 했어요.",
      "srcPage": 1,
      "srcSentenceEA": 3,
      "srcWordEA": 29
    },
    {
      "srcTextID": "19542",
      "srcText": "씩씩한 백설 공주도 쉴 틈이 없어 점점 지쳐 갔어요. “아, 딱 하루라도 마음 편히 놀고 싶어. 친구들을 불러서 파티라도 열어야겠어.”",
      "srcPage": 2,
      "srcSentenceEA": 3,
      "srcWordEA": 21
    },
    {
      "srcTextID": "19543",
      "srcText": "백설 공주는 친구들을 초대하기로 했어요. 파티가 열리는 날이 되었어요. 신데렐라는 호박 마차를 타고 마부들과 함께 왔어요.",
      "srcPage": 3,
      "srcSentenceEA": 3,
      "srcWordEA": 18
    },
    {
      "srcTextID": "19555",
      "srcText": "“거울아, 거울아! 어떻게 하면 모두가 즐거울 수 있을까?” 그러자 지혜의 거울이 백설 공주에게 되물었어요. “네가 엄지 공주였다면 어떤 의자가 필요했을까?”",
      "srcPage": 15,
      "srcSentenceEA": 4,
      "srcWordEA": 22
    },
    {
      "srcTextID": "19561",
      "srcText": "사과를 본 백설 공주는 펄쩍 뛰며 소리쳤어요. “뭐야, 어떻게 나한테 사과를 줄 수가 있어? 내가 사과를 얼마나 무서워하는지 너도 알잖아!” 그러고는 이렇게 말했어요. “네가 나라면 어떨지 입장 바꿔 생각해 줘!”",
      "srcPage": 22,
      "srcSentenceEA": 5,
      "srcWordEA": 32
    },
    {
      "srcTextID": "19552",
      "srcText": "“그렇다고 내 마부들에게 그렇게 소리를 지르면 어떡해? 들쥐 할머니는 들쥐 할머니고, 내 마부들은 내 마부들이라고!” 화가 난 신데렐라는 생쥐들을 데리고 가 버렸어요.",
      "srcPage": 12,
      "srcSentenceEA": 3,
      "srcWordEA": 24
    },
    {
      "srcTextID": "19546",
      "srcText": "엄지 공주가 먼저 소파에 앉고, 곧이어 신데렐라와 인어 공주가 양옆에 앉았어요. 그 순간 엄지 공주가 소파 위로 튀어 올라 천장에 머리를 콩하고 박았어요. “아이고, 머리야! 이 소파는 너무 커서 무서워, 백설 공주야.”",
      "srcPage": 6,
      "srcSentenceEA": 4,
      "srcWordEA": 34
    },
    {
      "srcTextID": "19548",
      "srcText": "“엄지 공주야, 네가 조심해서 앉았어야지.” 잠시 뒤 공주들은 식탁에 둘러앉았어요. 그때 왕실 최고 요리사가 음식을 담은 접시를 들고나왔어요.",
      "srcPage": 7,
      "srcSentenceEA": 3,
      "srcWordEA": 20
    },
    {
      "srcTextID": "19547",
      "srcText": "“공주님들의 파티에 어울리는 아주 특별한 요리를 준비했습니다. 먼바다에 나가 직접 잡아 온 바닷가재 요리입니다.” 요리사의 말에 인어 공주는 깜짝 놀라 소리를 지르며 화냈어요. “아니, 어떻게 내 친구를 잡아먹을 수 있어?”",
      "srcPage": 8,
      "srcSentenceEA": 4,
      "srcWordEA": 32
    },
    {
      "srcTextID": "19551",
      "srcText": "바로 그때, 시곗바늘이 열두 시를 가리켰어요. “앗, 쥐, 쥐가 나타났다!” 갑자기 튀어나온 생쥐들을 보고 엄지 공주가 겁에 질렸어요.",
      "srcPage": 9,
      "srcSentenceEA": 3,
      "srcWordEA": 19
    },
    {
      "srcTextID": "19557",
      "srcText": "“그래, 모두가 즐거워지려면 상대방을 먼저 생각해야 해.” 백설 공주는 고개를 갸웃거렸어요. “상대방을 먼저 생각하라고?”",
      "srcPage": 17,
      "srcSentenceEA": 3,
      "srcWordEA": 15
    },
    {
      "srcTextID": "19549",
      "srcText": "“괜찮아, 이 생쥐들은 내 마부들이야. 열두 시가 지나서 원래 모습으로 돌아온 거야.” 신데렐라가 생쥐를 감싸 안고 말했어요.",
      "srcPage": 10,
      "srcSentenceEA": 3,
      "srcWordEA": 19
    },
    {
      "srcTextID": "19550",
      "srcText": "“내가 쥐를 싫어한다는 걸 잊었어? 들쥐 할머니가 두더지와 결혼시키려고 했을 때 얼마나 싫었는데!” 엄지 공주가 작은 몸을 부르르 떨며 소리쳤어요.",
      "srcPage": 11,
      "srcSentenceEA": 3,
      "srcWordEA": 22
    },
    {
      "srcTextID": "19559",
      "srcText": "“신데렐라야, 네가 마음 편하게 즐길 수 있도록 파티 시간을 앞당겼어.” “엄지 공주야, 너에게 꼭 맞는 식탁과 의자를 준비했어.” “인어 공주야, 오늘 점심은 송로버섯을 넣은 최고급 스파게티야!”  “숲속의 공주야, 너는 피곤할 테니 내 침실에서 쉬었다 와. 푹 자고 나서 재미있게 놀자!”",
      "srcPage": 19,
      "srcSentenceEA": 5,
      "srcWordEA": 41
    },
    {
      "srcTextID": "19560",
      "srcText": "이번 파티는 아주 훌륭했어요. 백설 공주가 친구들을 배려했기 때문이에요. 잠자는 숲속의 공주도 잘 자고 일어나 눈을 초롱초롱하게 뜨고 파티를 즐겼어요. 백설 공주와 친구들은 모두 즐거운 시간을 보냈어요.",
      "srcPage": 20,
      "srcSentenceEA": 4,
      "srcWordEA": 30
    },
    {
      "srcTextID": "19553",
      "srcText": "물론 엄지 공주도 돌아가 버렸지요. “이렇게 정신없고 재미없을 줄 알았다면 그냥 집에서 잠이나 잘걸 그랬어.” 잠자는 숲속의 공주도 하품을 하며 떠났어요.",
      "srcPage": 13,
      "srcSentenceEA": 3,
      "srcWordEA": 22
    },
    {
      "srcTextID": "19558",
      "srcText": "“네가 그 친구라면 어떨지 입장 바꿔 생각해 봐.” 백설 공주는 친구들의 입장을 곰곰이 생각해 보았어요. “고마워, 거울아!” 며칠 뒤, 백설 공주는 다시 친구들을 초대했어요.",
      "srcPage": 18,
      "srcSentenceEA": 4,
      "srcWordEA": 26
    },
    {
      "srcTextID": "19554",
      "srcText": "공주들이 떠나 버리자, 속이 상한 백설 공주는 한숨을 쉬었어요. “모처럼 연 파티가 완전히 엉망이 됐어. 어떻게 해야 모두가 즐거울 수 있을까?”  “맞다, 지혜의 거울에게 물어봐야겠다!” 백설 공주는 지혜의 거울이 있는 방으로 달려갔어요.",
      "srcPage": 14,
      "srcSentenceEA": 5,
      "srcWordEA": 34
    },
    {
      "srcTextID": "19562",
      "srcText": "즐거운 파티가 끝나고 집으로 돌아갈 시간이 되었어요. 인어 공주는 백설 공주에게 새빨간 사과를 내밀며 말했어요. “백설 공주야, 지난번엔 화를 내서 정말 미안했어. 내 사과를 받아 줘.”",
      "srcPage": 21,
      "srcSentenceEA": 4,
      "srcWordEA": 28
    },
    {
      "srcTextID": "19556",
      "srcText": "“그야 작은 의자가 필요했겠지.” “네가 인어 공주였다면 어떤 음식을 좋아했을까?” “음, 잘 모르겠지만 바다 친구들은 절대 먹지 않았을 거야.”",
      "srcPage": 16,
      "srcSentenceEA": 3,
      "srcWordEA": 19
    },
    {
      "srcTextID": "19544",
      "srcText": "엄지 공주는 제비를 타고 날아왔고, 인어 공주는 가리비 마차를 타고 왔어요. 잠자는 숲속의 공주는 침대 마차에서 잠이 들어 백설 공주가 흔들어 깨워야 했어요. “모처럼 다 같이 모였는데 그만 자고 일어나.”",
      "srcPage": 4,
      "srcSentenceEA": 3,
      "srcWordEA": 31
    },
    {
      "srcTextID": "19545",
      "srcText": "“아이참, 한창 잘 자고 있는데 왜 깨워!” 잠이 덜 깬 잠자는 숲속의 공주는 짜증을 냈어요. 먼 길을 오느라 공주들은 무척 피곤해했어요.",
      "srcPage": 5,
      "srcSentenceEA": 3,
      "srcWordEA": 23
    }
  ]
}