{
  "title": "영웅도 잠을 자야 해!",
  "author": "김미애",
  "illustrator": "김고은",
  "isbn": "9791165952891",
  "readAge": "초등_저학년",
  "publishedYear": 2021,
  "publisher": "아람북스",
  "classification": "사회관계",
  "paragraphInfoCount": 20,
  "paragraphInfo": [
    {
      "srcTextID": "15747",
      "srcText": "“어쩐지 영웅, 영웅 할 때부터 이상하더라.” “그러게 내가 뭐라 그랬어? 처음부터 수상했다니까.” 바쁘다맨을 칭찬하던 사람들은 한순간에 돌변했어요. ",
      "srcPage": 7,
      "srcSentenceEA": 4,
      "srcWordEA": 19
    },
    {
      "srcTextID": "15750",
      "srcText": "“바쁘다맨, 잠깐만요!” 바쁘다맨은 와순의 목소리에 깜짝 놀랐어요. 왜? 나 지금 바쁘단 말이야. 여기저기 나를 찾는 곳에 빨리 가려면 몸이 튼튼해야 해. ",
      "srcPage": 10,
      "srcSentenceEA": 5,
      "srcWordEA": 25
    },
    {
      "srcTextID": "15752",
      "srcText": "“또 아는 것도 잊어버리고, 물건이랑 사람이랑 헷갈리고요.” 척척 탐정단은 저마다 한마디씩 했어요. “정말? 그래서 내가 자꾸 실수를 하는 걸까?” “네, 그러니까 잠을 자야 해요!” ",
      "srcPage": 14,
      "srcSentenceEA": 4,
      "srcWordEA": 26
    },
    {
      "srcTextID": "15759",
      "srcText": "뉴스에서 바쁘다맨의 인터뷰도 볼 수 있었지요. “사실 내가 다시 제자리로 돌아올 수 있게 된 건 척척 탐정단 덕분이에요. 척척 탐정단이 나에게 알려 준 중요한 사실은 바로! 잠을 잘 자는 것이랍니다. 하하! 척척 탐정단, 정말 고마워요. 어린이 여러분, 나처럼 영웅이 되려면 매일매일 잠을 잘 자야 해요!” 그러고는 엄지를 척 들었답니다.",
      "srcPage": 20,
      "srcSentenceEA": 8,
      "srcWordEA": 55
    },
    {
      "srcTextID": "15743",
      "srcText": "바쁘다맨은 눈 깜짝할 사이에 높은 파도가 치는 바다 한가운데로 날아갔어요. 그러고는 물속으로 가라앉으려는 배를 순식간에 들어 올려 사람들을 구해 냈지요. 여기저기서 바쁘다맨 이야기로 떠들썩했어요. 모두 바쁘다맨을 칭찬하느라 바빴지요.",
      "srcPage": 3,
      "srcSentenceEA": 4,
      "srcWordEA": 31
    },
    {
      "srcTextID": "15744",
      "srcText": "“앗, 미안합니다.” 더벅머리 남자는 전봇대에 사과했어요. 그러고는 풍선 인형을 향해 넙죽 인사를 했지요. 게다가 더벅머리 남자는 신호등이 빨간불인데도 성큼성큼 횡단보도를 건너갔어요.",
      "srcPage": 5,
      "srcSentenceEA": 4,
      "srcWordEA": 24
    },
    {
      "srcTextID": "15746",
      "srcText": "“맙소사, 저 더벅머리가 바쁘다맨이었어?” “아니야, 바쁘다맨일 리가 없어.” 사람들은 모두 고개를 갸웃거렸어.",
      "srcPage": 6,
      "srcSentenceEA": 3,
      "srcWordEA": 13
    },
    {
      "srcTextID": "15749",
      "srcText": "척척 탐정단은 매일매일 서로 돌아가면서 바쁘다맨을 관찰했어요. 바쁘다맨은 며칠 동안 밤낮을 가리지 않고 바쁘게 지냈어요. 척척 탐정단은 바쁘다맨에게 무슨 일이 있는지 알아내고야 말았어요. ",
      "srcPage": 9,
      "srcSentenceEA": 3,
      "srcWordEA": 25
    },
    {
      "srcTextID": "15751",
      "srcText": "지금은 운동해야 하니까 나중에 이야기해. 바쁘다맨은 와순의 말을 들은 척도 하지 않고 다시 운동하기 시작했어요. “백만 스물하나, 백만 스물둘, 백만 스물셋.” ",
      "srcPage": 11,
      "srcSentenceEA": 3,
      "srcWordEA": 22
    },
    {
      "srcTextID": "15755",
      "srcText": "바쁘다맨은 잠을 자기로 마음먹었어요. “얘들아, 오랜만에 자려고 하니까 잠이 오지 않아. 어떻게 자는지 잊어버렸나 봐.” “걱정 마세요. 우리가 도와줄게요.” ",
      "srcPage": 15,
      "srcSentenceEA": 5,
      "srcWordEA": 21
    },
    {
      "srcTextID": "15756",
      "srcText": "와순이 따뜻한 우유를 가져오고, 설록은 커튼을 쳐서 방을 어둡게 했어요. 그러고는 바쁘다맨의 등을 톡톡 두드려 주면서 자장가를 불러 주었지요. 드르렁드르렁 쿨쿨. 드르렁드르렁 쿨쿨. 어느새 바쁘다맨은 아기처럼 잠이 들었어요.",
      "srcPage": 16,
      "srcSentenceEA": 5,
      "srcWordEA": 32
    },
    {
      "srcTextID": "15757",
      "srcText": "다음 날, 잠에서 깬 바쁘다맨은 기분이 아주 좋았어요. “잘 자고 일어났더니 힘이 막 솟아나네. 우아, 머리도 멍하지 않고 상쾌하잖아!” ",
      "srcPage": 17,
      "srcSentenceEA": 3,
      "srcWordEA": 20
    },
    {
      "srcTextID": "15760",
      "srcText": "다음 날, 신문과 텔레비전에서는 바쁘다맨의 이야기가 흘러나왔어요. “우리의 영웅, 바쁘다맨이 돌아오다!” “바쁘다맨, 화재로 빌딩에 갇힌 사람들을 모두 구하다!” ",
      "srcPage": 19,
      "srcSentenceEA": 3,
      "srcWordEA": 18
    },
    {
      "srcTextID": "15741",
      "srcText": "어른 아이 할 것 없이 모두 바쁘다맨을 반겼어요. “안녕, 친구들. 기다려 줘서 고마워. 위험한 일이 생기면 언제든 바쁘다맨을 찾아 줘. 앗, 어디선가 또 나를 부르네. 나중에 보자!” ",
      "srcPage": 2,
      "srcSentenceEA": 6,
      "srcWordEA": 31
    },
    {
      "srcTextID": "15745",
      "srcText": "그러던 어느 날이었어요. 어떤 더벅머리 남자가 마을을 휘젓고 다녔어요. 쾅! 더벅머리 남자가 전봇대를 들이받았어요.",
      "srcPage": 4,
      "srcSentenceEA": 4,
      "srcWordEA": 17
    },
    {
      "srcTextID": "15748",
      "srcText": "그때, 다섯 명의 아이들이 놀이터에 모였어요. 설록과 와순이 만든 척척 탐정단이었지요. “바쁘다맨은 사라지지 않아. 우리의 영웅이니까. 그리고 영웅도 실수할 수 있어.” “바쁘다맨에게 무슨 일이 있는지 우리가 밝혀내자.” ",
      "srcPage": 8,
      "srcSentenceEA": 6,
      "srcWordEA": 30
    },
    {
      "srcTextID": "15754",
      "srcText": "척척 탐정단은 나가려는 바쁘다맨을 말렸어요. “바쁘다맨, 당신은 오랫동안 잠을 안 잤어요. 그래서 하는 일마다 실수투성이인 거예요. 이제 잠을 자야 해요.”",
      "srcPage": 12,
      "srcSentenceEA": 4,
      "srcWordEA": 22
    },
    {
      "srcTextID": "15753",
      "srcText": "“안 돼, 영웅이 되기 위해서는 사람들을 도와줘야 한단 말이야.” “나가 봤자 소용없어요. 머리가 멍해서 아무 일도 할 수 없다니까요.” “맞아요, 잠을 자지 않으면 어지럽고 몸이 제멋대로 움직여서 다쳐요.”",
      "srcPage": 13,
      "srcSentenceEA": 4,
      "srcWordEA": 29
    },
    {
      "srcTextID": "15758",
      "srcText": "바쁘다맨은 흥얼거리며 거리로 나왔어요. “앗, 누군가 위험에 빠졌다!” 바쁘다맨은 사람들을 구하기 위해 재빠르게 날아갔어요. 며칠 전 엉뚱한 행동을 했던 더벅머리 바쁘다맨은 다시 영웅으로 돌아온 거예요. ",
      "srcPage": 18,
      "srcSentenceEA": 4,
      "srcWordEA": 27
    },
    {
      "srcTextID": "15742",
      "srcText": "하늘에서 구름을 뚫고, 기다리고 기다리던 영웅 바쁘다맨이 나타났어요. “우아, 바쁘다맨이다!” “바쁘다맨이 우주 쓰레기를 처리하고 돌아왔다!” “우주 쓰레기가 떨어지면 우리가 다칠 수도 있었다고!”",
      "srcPage": 1,
      "srcSentenceEA": 4,
      "srcWordEA": 22
    }
  ]
}