{
  "title": "마음에 쏙 드는 엄마를 원하세요?",
  "author": "소라게",
  "illustrator": "윤진현",
  "isbn": "9791165953102",
  "readAge": "초등_저학년",
  "publishedYear": 2021,
  "publisher": "아람북스",
  "classification": "사회관계",
  "paragraphInfoCount": 18,
  "paragraphInfo": [
    {
      "srcTextID": "17055",
      "srcText": "“쳇, 나도 엄마 딸 안 해!” “그래? 그럼, 너 하고 싶은 대로 해! 엄마도 엄마가 하고 싶은 대로 할 거야!”",
      "srcPage": 2,
      "srcSentenceEA": 3,
      "srcWordEA": 22
    },
    {
      "srcTextID": "17057",
      "srcText": "한 걸음, 두 걸음, 세 걸음. 이쯤이면 엄마가 내 이름을 부를 때가 됐는데. 슬쩍 고개를 돌려 보니 엄마는 뒤도 안 돌아보고 가고 있잖아? ",
      "srcPage": 3,
      "srcSentenceEA": 3,
      "srcWordEA": 25
    },
    {
      "srcTextID": "17062",
      "srcText": "느긋한 엄마는 거북이 엄마였어. 나는 거북이 엄마가 마음에 쏙 들었어. 내가 밥을 느릿느릿 먹어도, 옷을 천천히 갈아입어도, 침대에 누워 꾸물거려도, 혼내기는커녕 웃으면서 기다려 주었지.",
      "srcPage": 8,
      "srcSentenceEA": 3,
      "srcWordEA": 26
    },
    {
      "srcTextID": "17067",
      "srcText": "요리하는 것을 좋아하는 엄마는 돼지 엄마였어. 돼지 엄마는 맛있는 음식을 잔뜩 차려 주었어. 그리고 생각보다 편했어. 왜냐하면 밥알을 아무렇게나 흘려도 아무 말도 안 했거든. 침대 위가 흙투성이가 되어도, 옷이 아무리 더러워져도, 나를 혼내기는커녕 같이 놀아 주고 같이 뒹굴었어.",
      "srcPage": 14,
      "srcSentenceEA": 5,
      "srcWordEA": 42
    },
    {
      "srcTextID": "17054",
      "srcText": "“다솜아, 왜 엄마 말을 자꾸 안 들어? 그렇게 네 멋대로 하면 나, 네 엄마 안 한다!” 엄마 말을 듣고 집에 막 가려고 했는데, 그렇게 말하니까 나도 못 참겠어. ",
      "srcPage": 1,
      "srcSentenceEA": 3,
      "srcWordEA": 30
    },
    {
      "srcTextID": "17060",
      "srcText": "‘난 엄마 없어도 돼!’ 뾰로통해져서 터덜터덜 걷고 있는데, 피에로가 다가와 광고지 한 장을 내밀었어. 나는 노란 천막 안으로 들어갔어. 알이 하나뿐인 안경을 쓴 키다리 할머니가 의자에 앉은 채로 나에게 말했어. ",
      "srcPage": 5,
      "srcSentenceEA": 4,
      "srcWordEA": 33
    },
    {
      "srcTextID": "17058",
      "srcText": " “내 이름은 베스타 올덴부르크. 손님들에게 딱 맞는 엄마를 골라 준단다. 어떤 엄마를 원하니?”",
      "srcPage": 6,
      "srcSentenceEA": 3,
      "srcWordEA": 15
    },
    {
      "srcTextID": "17059",
      "srcText": " “우리 엄마가 자꾸 나보고 꾸물거린대요. 나를 좀 천천히 기다려 주는 엄마는 없나요?” “아하, 그럼 느긋한 엄마를 소개해 줄게.”",
      "srcPage": 7,
      "srcSentenceEA": 3,
      "srcWordEA": 19
    },
    {
      "srcTextID": "17061",
      "srcText": "그런데 이게 뭐야! 늦장을 부리다 유치원 버스를 놓쳤어. 거북이 엄마 등에 앉아서 느릿느릿 갔더니, 깜깜해지고 나서야 유치원에 도착했어. 우리 엄마는 유치원 버스를 놓치면 차로 얼른 데려다줬는데. ",
      "srcPage": 9,
      "srcSentenceEA": 4,
      "srcWordEA": 29
    },
    {
      "srcTextID": "17064",
      "srcText": "그런데 이게 뭐야. 박쥐 엄마는 환한 대낮에는 쿨쿨 잠만 잤어. 아무리 배가 고프다고 소리쳐도 옷장 안의 옷걸이에 매달려 잠만 자잖아. 우리 엄마는 내가 말만 하면 맛있는 음식을 해 줬는데.",
      "srcPage": 12,
      "srcSentenceEA": 4,
      "srcWordEA": 32
    },
    {
      "srcTextID": "17063",
      "srcText": "나는 다시 노란 천막으로 갔어. “거북이 엄마는 너무 느려서 안 되겠어요. 다른 엄마로 바꿔 주세요.” “그래? 그럼, 번개처럼 빠른 엄마는 어때?”",
      "srcPage": 10,
      "srcSentenceEA": 4,
      "srcWordEA": 23
    },
    {
      "srcTextID": "17065",
      "srcText": "번개처럼 빠른 엄마는 박쥐 엄마였어. 박쥐 엄마도 처음에는 마음에 쏙 들었어. 거북이 엄마보다 훨씬 빨랐지. 그리고 내가 늦게까지 잠을 안 자고 텔레비전을 봐도, 한밤중에 노래를 불러도, 나를 혼내기는커녕 같이 놀아 주었지. ",
      "srcPage": 11,
      "srcSentenceEA": 4,
      "srcWordEA": 34
    },
    {
      "srcTextID": "17066",
      "srcText": "나는 또다시 노란 천막으로 갔어. “이게 뭐예요. 박쥐 엄마는 낮에 잠만 자느라 밥도 안 줘요. 다른 엄마로 바꿔 주세요.” “그래? 그럼 요리하는 것을 좋아하는 엄마가 좋겠어.” ",
      "srcPage": 13,
      "srcSentenceEA": 5,
      "srcWordEA": 29
    },
    {
      "srcTextID": "17068",
      "srcText": "그런데 이게 뭐야. 여기도 저기도 흙투성이야. 게다가 이상한 냄새도 나. 친구들이 놀릴지도 몰라. 우리 엄마는 항상 좋은 냄새가 났는데. ",
      "srcPage": 15,
      "srcSentenceEA": 5,
      "srcWordEA": 23
    },
    {
      "srcTextID": "18823",
      "srcText": "나는 다시 노란 천막으로 갔어. “이게 뭐예요. 돼지 엄마는 너무 더러워요. 거북이 엄마도, 박쥐 엄마도, 돼지 엄마도 나랑은 안 맞아요! 나랑 잘 맞는, 나를 사랑하는 엄마로 바꿔 줘요!” ",
      "srcPage": 16,
      "srcSentenceEA": 5,
      "srcWordEA": 31
    },
    {
      "srcTextID": "18824",
      "srcText": "크게 소리쳤더니 눈물이 핑 돌고 코끝이 찡해졌어. 우리 엄마가 보고 싶어. 꾸물거린다고 혼내면서도 그림책을 읽어 주고, 매일 양치질하라고 잔소리하면서도 내 발을 닦아 주고, 빨리 자라고 소리치면서도 나를 꼭 안아 주는 우리 엄마가 보고 싶어. ",
      "srcPage": 17,
      "srcSentenceEA": 3,
      "srcWordEA": 36
    },
    {
      "srcTextID": "17069",
      "srcText": "“다솜아! 엄마가 얼마나 찾았는데.” 엄마 목소리가 들려 눈을 떠 보니 내 앞에 우리 엄마가 있지 뭐야! “엄마, 보고 싶었어.” “미안해. 그리고 사랑해, 우리 딸!” 그래, 뭐니 뭐니 해도 우리 엄마가 최고야!",
      "srcPage": 18,
      "srcSentenceEA": 5,
      "srcWordEA": 35
    },
    {
      "srcTextID": "17056",
      "srcText": "다시 한 걸음, 두 걸음, 세 걸음. 이번에도 내 이름 안 부르면 나 정말로. 그렇다고 진짜 가 버리면 어떡해. ",
      "srcPage": 4,
      "srcSentenceEA": 3,
      "srcWordEA": 21
    }
  ]
}