{
  "title": "잘난 척 꾀꼬리 도도",
  "author": "이윤주",
  "illustrator": "이종균",
  "isbn": "9791165953164",
  "readAge": "초등_저학년",
  "publishedYear": 2021,
  "publisher": "아람북스",
  "classification": "사회관계",
  "paragraphInfoCount": 23,
  "paragraphInfo": [
    {
      "srcTextID": "105103",
      "srcText": "\"꾀꼴꾀꼴 꾀꼬르르! 꾀꼴꾀꼴 꾀꼬르르!\" \"도도 노래 덕분에 힘이 절로 나는구나.\" \"이럴 줄 알았어. 어디를 가나 모두 나를 좋아한단 말이야.\"",
      "srcPage": 2,
      "srcSentenceEA": 5,
      "srcWordEA": 21
    },
    {
      "srcTextID": "105104",
      "srcText": "어느 날, 농부 아저씨가 황금빛 꾀꼬리 도도를 집에 데려왔어요. \"모두 내 아름다운 노랫소리에 홀딱 반해 버릴걸.\" 도도가 잘난 척하며 노래를 불렀어요.",
      "srcPage": 1,
      "srcSentenceEA": 3,
      "srcWordEA": 22
    },
    {
      "srcTextID": "105117",
      "srcText": "농부 아저씨는 점심이 다 되어서야 일어났어요. \"어이쿠, 아리가 아침에 울지 않아서 늦잠을 잤네. 김매러 가야 하는데.\"",
      "srcPage": 15,
      "srcSentenceEA": 3,
      "srcWordEA": 17
    },
    {
      "srcTextID": "105114",
      "srcText": "\"하! 정말 기가 막혀. 잘난 척하기는!\" 아리는 화가 나서 볏을 꼿꼿하게 세웠어요. \"정말 어이없어, 더는 못 봐 주겠어! 그렇게 잘났으면 너 혼자 다 해! 우리는 조용히 있을 테니까!\" 망고도 화가 나서 콧김을 흥흥 내뿜었어요.",
      "srcPage": 12,
      "srcSentenceEA": 7,
      "srcWordEA": 40
    },
    {
      "srcTextID": "105106",
      "srcText": "\"꾀꼴꾀꼴, 꾀꼬르르! 나처럼 아름답게 지저귈 수는 없어?\" 아리가 도도를 따라 해 보았어요. \"꼬끼, 꼬끼, 꼬끼오오오!\" 하지만 아리의 입에서는 꼬끼오 소리만 나왔지요. \"하긴 시끄러운 소리만 내는 닭이 아름다운 내 목소리를 따라 할 수는 없겠지.\"",
      "srcPage": 5,
      "srcSentenceEA": 6,
      "srcWordEA": 36
    },
    {
      "srcTextID": "105111",
      "srcText": "망고가 도도를 따라 해 보았어요. \"으르렁 킁킁, 으르렁 킁킁!\" 하지만 망고의 입에서는 으르렁 킁킁 소리만 나왔지요. \"하긴 사나운 소리만 내는 개가 우아한 내 목소리를 흉내 낼 수는 없겠지.\"",
      "srcPage": 9,
      "srcSentenceEA": 4,
      "srcWordEA": 29
    },
    {
      "srcTextID": "105113",
      "srcText": "\"들었지? 아저씨는 내 노랫소리에 홀딱 빠졌다고. 너희 목소리는 너무너무 시끄럽고, 들으면 기분도 안 좋아. 그러니까 앞으로 입도 뻥끗하지 마.\"",
      "srcPage": 11,
      "srcSentenceEA": 3,
      "srcWordEA": 22
    },
    {
      "srcTextID": "105107",
      "srcText": "\"아리야! 네 목소리는 천둥소리보다 더 요란해! 너무 시끄러워서 귓속까지 아프단 말이야!\" 도도가 비꼬며 말하자, 아리가 입을 딱 다물었어요.",
      "srcPage": 4,
      "srcSentenceEA": 3,
      "srcWordEA": 21
    },
    {
      "srcTextID": "105119",
      "srcText": "\"꾀꼬리 살려, 꾀꼴! 도둑이야, 도둑!\" 도도가 아무리 외쳐도 소용없었어요. 잠에서 깬 농부 아저씨는 도도가 노래를 부르는 거라 생각하고 다시 잠이 들었어요.",
      "srcPage": 19,
      "srcSentenceEA": 4,
      "srcWordEA": 24
    },
    {
      "srcTextID": "105110",
      "srcText": "\"망고야! 네가 짖으면 망치로 누가 내 머리를 땅땅 때리는 것같이 아파.\" 도도의 구박에 망고는 입을 다물었어요. \"꾀꼴꾀꼴 꾀꼬르르! 나처럼 우아하게 지저귈 수는 없어?\"",
      "srcPage": 8,
      "srcSentenceEA": 4,
      "srcWordEA": 26
    },
    {
      "srcTextID": "105109",
      "srcText": "새벽이 지나고 햇볕이 쨍쨍한 낮이 되었어요. “으르렁 컹컹! 으르렁 컹컹! 아저씨, 모르는 사람이에요!” 커다란 개 망고가 집에 찾아온 손님을 보고 짖어 댔어요. 그 소리를 들은 농부 아저씨는 화들짝 놀라 뛰어나왔지요.",
      "srcPage": 6,
      "srcSentenceEA": 6,
      "srcWordEA": 34
    },
    {
      "srcTextID": "105112",
      "srcText": "\"꾀꼴꾀꼴 꾀꼬르르, 꾀꼴꾀꼴 꾀꼬르르!\" 농부 아저씨는 눈을 감고 도도의 노랫소리를 감상했어요. \"도도의 노랫소리는 어쩜 이렇게 아름다울까?\" 농부 아저씨의 말에 도도는 더 우쭐댔어요.",
      "srcPage": 10,
      "srcSentenceEA": 4,
      "srcWordEA": 24
    },
    {
      "srcTextID": "105115",
      "srcText": "다음 날 새벽이었어요. 아리는 평소처럼 일찍 일어났어요. 하지만 꼬끼오 소리도 내지 않은 채, 통통한 지렁이를 날름날름 잡아먹기만 했지요.",
      "srcPage": 13,
      "srcSentenceEA": 3,
      "srcWordEA": 20
    },
    {
      "srcTextID": "105116",
      "srcText": "\"아리야, 농부 아저씨 좀 깨워 줘. 나 배고프단 말이야!\" 도도가 배를 움켜쥐며 말했어요. 아리는 못 들은 척 고개를 휙 돌렸지요.",
      "srcPage": 14,
      "srcSentenceEA": 4,
      "srcWordEA": 23
    },
    {
      "srcTextID": "105118",
      "srcText": "농부 아저씨는 허겁지겁 밭으로 뛰어갔어요. 도도에게 먹이를 주는 것도 깜빡 잊고 말이지요. 결국 도도는 하루 종일 쫄쫄 굶어야 했어요.",
      "srcPage": 16,
      "srcSentenceEA": 3,
      "srcWordEA": 21
    },
    {
      "srcTextID": "105121",
      "srcText": "도둑은 도도가 울거나 말거나 어느새 저만치 달아나고 있었어요. \"아리야, 망고야! 제발 아저씨 좀 깨워 줘!\"",
      "srcPage": 20,
      "srcSentenceEA": 3,
      "srcWordEA": 16
    },
    {
      "srcTextID": "105120",
      "srcText": "도도가 날개를 파닥거리며 울부짖었어요. \"흥, 우리가 시끄럽기만 하다며?\" \"맞아, 입도 뻥끗하지 말라고 한 건 너야!\"",
      "srcPage": 21,
      "srcSentenceEA": 3,
      "srcWordEA": 15
    },
    {
      "srcTextID": "99027",
      "srcText": "도도는 눈물을 뚝뚝 흘렸어요. “정말 미안해. 다시는 잘난 척 안 할게. 제발 아저씨 좀 불러 줘, 부탁이야!” 하지만 아리도, 망고도 내키지 않았어요.",
      "srcPage": 22,
      "srcSentenceEA": 5,
      "srcWordEA": 25
    },
    {
      "srcTextID": "99026",
      "srcText": "“얘들아! 내가 잘못했어. 제발 나 좀 도와줘!” 그제야 아리와 망고가 함께 큰 소리를 냈어요. “꼬끼오, 꼬꼬꼬꼬꼬!” “으르렁 컹컹! 으르렁 컹컹!” 아리와 망고의 크고 힘찬 목소리에 깜짝 놀란 도둑은 쥐고 있던 새장을 놓쳐 버리고 부리나케 도망갔어요.",
      "srcPage": 23,
      "srcSentenceEA": 7,
      "srcWordEA": 40
    },
    {
      "srcTextID": "105108",
      "srcText": "\"괜찮아, 괜찮아. 내 친구란다. 망고는 집을 참 잘 지키는구나.\" 하지만 도도는 날개로 머리를 감쌌어요. \"으악, 정말 시끄러워서 못 살겠네!\"",
      "srcPage": 7,
      "srcSentenceEA": 5,
      "srcWordEA": 22
    },
    {
      "srcTextID": "99012",
      "srcText": "그날 밤, 농부 아저씨 집에 도둑이 들었어요. 살금살금 몰래 들어와서는 이것저것 쓸어 담고 나가려다 도도를 발견했지요. “오! 황금빛 꾀꼬리잖아. 팔면 돈이 좀 되겠는걸.”",
      "srcPage": 17,
      "srcSentenceEA": 4,
      "srcWordEA": 26
    },
    {
      "srcTextID": "99013",
      "srcText": "도둑과 눈이 딱 마주친 도도는 오들오들 떨었어요. 도둑은 성큼성큼 도도에게 다가가 새장을 집어 들었어요. 하지만 아리와 망고는 그 모습을 보고도 모르는 척했어요.",
      "srcPage": 18,
      "srcSentenceEA": 3,
      "srcWordEA": 24
    },
    {
      "srcTextID": "105105",
      "srcText": "다음 날 새벽이었어요. \"꼬끼오, 꼬꼬꼬꼬꼬! 아침이에요, 아저씨. 일어나세요!\" 수탉 아리가 목청을 높여 외쳐 대자, 농부 아저씨는 기지개를 켜며 일어났어요. \"아함, 잘 잤다. 고 녀석, 소리 한번 힘차구나.\" 하지만 도도는 얼굴을 찌푸렸어요. \"어휴, 시끄러워서 못 살겠네!\"",
      "srcPage": 3,
      "srcSentenceEA": 9,
      "srcWordEA": 40
    }
  ]
}