{
  "title": "아무것도 궁금해하지 않으면",
  "author": "하루",
  "illustrator": "손지희",
  "isbn": "9791165952839",
  "readAge": "초등_저학년",
  "publishedYear": 2021,
  "publisher": "아람북스",
  "classification": "사회관계",
  "paragraphInfoCount": 17,
  "paragraphInfo": [
    {
      "srcTextID": "53547",
      "srcText": "하지만 왜왜가 여섯 살이 되었을 때, 어른들의 태도가 달라졌어. “왜왜야, 동생 자니까 조용히 놀렴.” “엄마, 동생은 왜 잠만 자요?” “쉿! 동생 깰라.”",
      "srcPage": 4,
      "srcSentenceEA": 4,
      "srcWordEA": 23
    },
    {
      "srcTextID": "53573",
      "srcText": "미라는 밥을 다 먹자마자 아빠를 졸졸 쫓아다니며 물었지. “아빠, 이제 알려 줘요.” “아, 아기는 예쁜 보자기에 싸서 택배 아저씨가 가져다주는 거야. 가끔 부엉이가 물어다 주기도 하고.” “아빠는 거짓말쟁이! 선생님이 엄마 배에서 아기가 나온다고 했단 말이에요!” 미라는 아빠가 제대로 알려 주지 않아서 속상했어.",
      "srcPage": 11,
      "srcSentenceEA": 7,
      "srcWordEA": 45
    },
    {
      "srcTextID": "53597",
      "srcText": "민이네 가족은 바닷가에 놀러 갔어. 민이는 바닷가에서 ‘엄마와 함께 그림 그리기’ 숙제를 하고 있었지. 그런데 형 기분이 안 좋아 보였어.",
      "srcPage": 12,
      "srcSentenceEA": 4,
      "srcWordEA": 23
    },
    {
      "srcTextID": "53624",
      "srcText": "그러다 보면 비행기를 조종하는 조종사나, 에디슨 같은 발명가가 될 수도 있어. 또, 나이팅게일처럼 훌륭한 간호사나, 멋진 그림을 그리는 화가가 될 수도 있겠지. 하지만 아무것도 궁금해하지 않으면 생각이 자라나지 않아. 생각이 자라나야 꿈도 생기는 거니까, 앞으로 많이많이 궁금해하면 좋겠어!",
      "srcPage": 17,
      "srcSentenceEA": 4,
      "srcWordEA": 41
    },
    {
      "srcTextID": "53533",
      "srcText": "웃었다! 어른들은 아기를 아주아주 예뻐해. 아기가 잠을 자거나, 방긋 웃거나 똥만 잘 누어도 말이야. 아유, 똥도 예뻐.",
      "srcPage": 1,
      "srcSentenceEA": 3,
      "srcWordEA": 20
    },
    {
      "srcTextID": "53546",
      "srcText": "“아빠, 나도 아기 때 잠만 잤어요?” “아빠 지금 바쁘니까 장난감 가지고 놀렴.” 왜왜는 정말 궁금해서 물어보는 건데 궁금해할수록 엄마, 아빠가 좋아하지 않는 것 같았어.",
      "srcPage": 5,
      "srcSentenceEA": 3,
      "srcWordEA": 25
    },
    {
      "srcTextID": "53558",
      "srcText": "“신호등 때문에 비행기가 멈추면 어떻게 될까? 생각만 해도 무섭다. 그렇지? 엉뚱아, 우리 다른 이야기 하자.” 삼촌은 엉뚱이의 물음에 끝까지 대답해 주지 않았어. 실망한 엉뚱이는 더 이상 아무것도 물어보지 않기로 마음먹었지.",
      "srcPage": 8,
      "srcSentenceEA": 6,
      "srcWordEA": 35
    },
    {
      "srcTextID": "53598",
      "srcText": "엄마가 화장실에 가자 형이 말했어. “다 그리려면 아직 멀었어? 나도 엄마랑 놀고 싶단 말이야.”",
      "srcPage": 13,
      "srcSentenceEA": 3,
      "srcWordEA": 15
    },
    {
      "srcTextID": "53611",
      "srcText": "형이 재촉하자 민이가 대답했어. “형, 그런데 말이야.” “그런데 뭐?” “바다가 너무 커서 스케치북에 다 그릴 수가 없어.”",
      "srcPage": 14,
      "srcSentenceEA": 4,
      "srcWordEA": 17
    },
    {
      "srcTextID": "53610",
      "srcText": "“너, 엄마랑 놀고 싶어서 일부러 그러는 거지?” 형이 소리를 지르자, 민이는 깜짝 놀랐어. 결국 민이는 그림을 다 그리지 못했어.",
      "srcPage": 15,
      "srcSentenceEA": 3,
      "srcWordEA": 21
    },
    {
      "srcTextID": "53625",
      "srcText": "아이들의 머릿속에는 재미있고 엉뚱한 생각이 가득해. 항상 궁금해하고, 상상하며, 자기만의 이야기를 그리고 있지. 재미있고 엉뚱한 생각은 점점 자라고 자라서, 필요한 질문을 하게 만드는 밑거름이 되지.",
      "srcPage": 16,
      "srcSentenceEA": 3,
      "srcWordEA": 27
    },
    {
      "srcTextID": "53544",
      "srcText": "아기가 조금 더 자라서 말을 하기 시작하면, 어른들은 좋아서 어쩔 줄 몰라 하지. “아뿌빠빠!” “들었어? 들었어? 아빠라고 하는 거?” 어른들은 아기가 아무 말이나 해도 정말 좋아해. “아, 언제쯤 우리 아기는 말을 잘하게 될까?” 하지만 아기가 자라서 말을 많이 하기 시작하면 상황이 좀 달라져.",
      "srcPage": 2,
      "srcSentenceEA": 6,
      "srcWordEA": 47
    },
    {
      "srcTextID": "53545",
      "srcText": "왜왜는 어릴 때부터 말을 잘했어. 왜왜가 이것저것 물어보면 모두 좋아했어. 어른들은 왜왜를 귀여워했지. 이게 뭐예요? 그건 포크야. 이게 뭐예요? 음식을 먹을 때 사용하는 포크야. 이게 뭐예요? 맛있는 음식을 콕 찍어 먹을 때 사용하는 포크야.",
      "srcPage": 3,
      "srcSentenceEA": 9,
      "srcWordEA": 42
    },
    {
      "srcTextID": "53552",
      "srcText": "“엉뚱아, 저기 비행기 지나가는 거 보이니?” “네, 삼촌. 그런데 하늘에는 왜 신호등이 없어요?” 하늘을 바라보던 엉뚱이는 문득 궁금해졌어.",
      "srcPage": 6,
      "srcSentenceEA": 4,
      "srcWordEA": 20
    },
    {
      "srcTextID": "53553",
      "srcText": "삼촌은 그런 생각을 해 본 적이 없어서 이렇게 말했지. “그건 나중에 알려 줄게.” “나중에 언제요? 지금 알려 주세요.”",
      "srcPage": 7,
      "srcSentenceEA": 4,
      "srcWordEA": 19
    },
    {
      "srcTextID": "53560",
      "srcText": "미라는 밥을 먹다가 문득 궁금한 게 생겼어. 그래서 아빠를 빤히 쳐다봤지. “미라야, 아빠한테 할 말 있니?”",
      "srcPage": 9,
      "srcSentenceEA": 3,
      "srcWordEA": 17
    },
    {
      "srcTextID": "53559",
      "srcText": "“아빠, 아기는 어떻게 생겨요?” “아기? 그건 말이야. 밥 다 먹으면 이야기해 줄게.” 미라는 이야기를 들으려고 얼른 밥을 먹었어.",
      "srcPage": 10,
      "srcSentenceEA": 4,
      "srcWordEA": 21
    }
  ]
}