{
  "title": "버럭 씨 구출 작전",
  "author": "여름아이",
  "illustrator": "이주미",
  "isbn": "9791165953157",
  "readAge": "초등_저학년",
  "publishedYear": 2021,
  "publisher": "아람북스",
  "classification": "사회관계",
  "paragraphInfoCount": 25,
  "paragraphInfo": [
    {
      "srcTextID": "19659",
      "srcText": "버럭 씨는 성질이 아주 고약했어. 마을 사람들이 인사를 건네면 버럭 화를 냈어. “상관 말아요.” 아이들이 버럭 씨 집 앞을 지나가면 버럭 소리를 질렀지. “조용히 해!”",
      "srcPage": 1,
      "srcSentenceEA": 5,
      "srcWordEA": 27
    },
    {
      "srcTextID": "19660",
      "srcText": "버럭 씨가 유일하게 좋아하는 것은 고양이 젤리뿐이었어. 젤리는 하얀색 털이 복슬복슬하고, 코는 마치 복숭아 젤리처럼 분홍색이었지. 젤리가 얼마나 사랑스러운지 한번 보면 누구나 홀딱 반해 버릴 정도였어.",
      "srcPage": 2,
      "srcSentenceEA": 3,
      "srcWordEA": 28
    },
    {
      "srcTextID": "19662",
      "srcText": "“우아, 저렇게 예쁜 고양이는 처음 봐.” 아이들이 대문 밖으로 나온 젤리를 발견했어. 모두들 젤리를 쓰다듬으며 한마디씩 했지.",
      "srcPage": 3,
      "srcSentenceEA": 3,
      "srcWordEA": 19
    },
    {
      "srcTextID": "19664",
      "srcText": "아이들은 버럭 씨의 고함 소리에 깜짝 놀랐어. “죄송해요. 고양이가 너무 예뻐서.” 버럭 씨는 아이들의 말을 제대로 듣지도 않았어. “당장 저리 가지 못해?”",
      "srcPage": 6,
      "srcSentenceEA": 4,
      "srcWordEA": 24
    },
    {
      "srcTextID": "19669",
      "srcText": "젤리가 아주머니에게 다가갔어. 그때였어. “우리 젤리에게 무슨 짓을 하는 거예요?” 버럭 씨가 잔뜩 화가 난 목소리로 아주머니에게 소리쳤어.",
      "srcPage": 10,
      "srcSentenceEA": 4,
      "srcWordEA": 20
    },
    {
      "srcTextID": "19670",
      "srcText": "버럭 씨네 집 담장에 팻말이 또 하나 늘었어. “아휴, 고약하기도 하지.” “정말 너무하네.” “이제부터 우리도 아는 척하지 맙시다.”",
      "srcPage": 12,
      "srcSentenceEA": 4,
      "srcWordEA": 18
    },
    {
      "srcTextID": "19683",
      "srcText": "한 아이는 ‘집 앞에서 약간 떠들어도 됩니다.’ 라고 쓰여 있는 팻말을 들어 보이며 말했어. “저는 이 팻말이 가장 마음에 들어요!”",
      "srcPage": 25,
      "srcSentenceEA": 3,
      "srcWordEA": 21
    },
    {
      "srcTextID": "19665",
      "srcText": "‘집에 들어오지 마시오.’ 다음 날, 버럭 씨네 담장에는 팻말이 하나 늘었어. “버럭 아저씨네 집에는 들어가지도 않았는데.”",
      "srcPage": 7,
      "srcSentenceEA": 3,
      "srcWordEA": 17
    },
    {
      "srcTextID": "19666",
      "srcText": "“고양이가 예뻐서 쓰다듬은 것뿐인데.” “버럭 아저씨는 정말 너무해.” “흥! 다시는 오지 말자.” 아이들도 버럭 씨에게 화가 났어.",
      "srcPage": 8,
      "srcSentenceEA": 4,
      "srcWordEA": 19
    },
    {
      "srcTextID": "19668",
      "srcText": "그날 오후 버럭 씨네 대문 밖에서 마을 아주머니가 고양이 간식을 들고 젤리를 불렀어. “아유, 예쁘기도 하지. 이거 먹으렴. 아주 맛있는 거야.”",
      "srcPage": 9,
      "srcSentenceEA": 4,
      "srcWordEA": 23
    },
    {
      "srcTextID": "19671",
      "srcText": "“혼자 잘 살아 보라지.” 마을 사람들도 버럭 씨에게 화가 났어. 그러던 어느 날, 버럭 씨가 젤리를 안고 나무에 아슬아슬하게 매달려 있었어.",
      "srcPage": 13,
      "srcSentenceEA": 3,
      "srcWordEA": 23
    },
    {
      "srcTextID": "19672",
      "srcText": "젤리를 데리러 정신없이 나무를 타고 올라갔다가, 덜컥 겁이 나서 내려오지 못하고 있었던 거야. “어, 어떻게 내려가지?” 마을 사람들은 버럭 씨를 보고 소리쳤어.",
      "srcPage": 14,
      "srcSentenceEA": 3,
      "srcWordEA": 23
    },
    {
      "srcTextID": "19673",
      "srcText": "“남의 일에 상관 말라잖아요.” “들어오지도 못 하게 하잖아요.” “맞아요, 우리 도움은 필요 없을 거예요.”",
      "srcPage": 16,
      "srcSentenceEA": 3,
      "srcWordEA": 14
    },
    {
      "srcTextID": "19678",
      "srcText": "사람들은 서로서로 어깨동무를 하고, 버럭 씨가 있는 높이까지 탑을 쌓았어. 버럭 씨는 땀을 뻘뻘 흘리면서 어쩔 줄 몰라 했어. “버럭 씨 조금만 참아요. 우리가 구해 줄게요.”",
      "srcPage": 20,
      "srcSentenceEA": 4,
      "srcWordEA": 28
    },
    {
      "srcTextID": "19680",
      "srcText": "얼굴이 빨개진 버럭 씨가 작은 목소리로 중얼거렸어. “미, 미안. 미안합니다.” 맨 마지막에 올라간 사람이 버럭 씨에게 다시 물었어. “뭐라고요?” “미, 미안하다고요. 그리고 고, 고맙습니다.”",
      "srcPage": 21,
      "srcSentenceEA": 6,
      "srcWordEA": 27
    },
    {
      "srcTextID": "19679",
      "srcText": "“괜찮아요, 우리는 이웃이잖아요. 자, 제 손을 잡으세요.” 버럭 씨는 마을 사람들의 도움을 받아 천천히 밑으로 내려왔어.",
      "srcPage": 22,
      "srcSentenceEA": 3,
      "srcWordEA": 18
    },
    {
      "srcTextID": "19681",
      "srcText": "왼발, 오른발, 왼발, 오른발! 밑에서 지켜보던 사람들도 같이 응원했지. 왼발, 오른발, 왼발, 오른발!",
      "srcPage": 23,
      "srcSentenceEA": 3,
      "srcWordEA": 15
    },
    {
      "srcTextID": "19661",
      "srcText": "“나도 고양이 키우고 싶다.” “털이 진짜 복슬복슬해.” “안아 보고 싶다.”",
      "srcPage": 4,
      "srcSentenceEA": 3,
      "srcWordEA": 10
    },
    {
      "srcTextID": "19663",
      "srcText": "그때 버럭 씨가 아이들에게 버럭 소리를 질렀어. “너희 거기서 뭐 해! 누가 함부로 젤리를 만지래?”",
      "srcPage": 5,
      "srcSentenceEA": 3,
      "srcWordEA": 16
    },
    {
      "srcTextID": "19667",
      "srcText": "“고양이가 너무 예뻐서 간식을 준 것뿐이라오.” 버럭 씨는 손을 휘휘 저으며 말했어. “우리 젤리는 그런 거 안 먹어요. 당장 가져가요.”",
      "srcPage": 11,
      "srcSentenceEA": 4,
      "srcWordEA": 22
    },
    {
      "srcTextID": "19674",
      "srcText": "“버럭 씨, 위험해요. 얼른 내려오세요!” 하지만 버럭 씨는 마을 사람들의 관심이 싫었어. “상관 말아요!” 누군가 팻말을 가리키며 말했어.",
      "srcPage": 15,
      "srcSentenceEA": 5,
      "srcWordEA": 21
    },
    {
      "srcTextID": "19676",
      "srcText": "그때 한 아이가 소리쳤어. “저것 보세요, 버럭 아저씨가 떨고 있어요.” 마을 사람들은 머리를 맞대고 회의를 했어.",
      "srcPage": 17,
      "srcSentenceEA": 3,
      "srcWordEA": 17
    },
    {
      "srcTextID": "19675",
      "srcText": "“그냥 내버려 두면 큰일 나요.” “맞아요, 사다리를 놓아 줍시다.” “사다리가 있어도 높은 곳에서는 혼자 못 내려올 수도 있어요.”",
      "srcPage": 18,
      "srcSentenceEA": 3,
      "srcWordEA": 18
    },
    {
      "srcTextID": "19677",
      "srcText": "“맞아요, 나도 높은 곳에 올라가면 저렇게 식은땀을 흘린다고요.” “그러면 어쩌지요?” “누군가 올라가서 버럭 씨를 데리고 내려와야 해요.” “그래요!” 마을 사람들이 더 모여들었어.",
      "srcPage": 19,
      "srcSentenceEA": 4,
      "srcWordEA": 23
    },
    {
      "srcTextID": "19682",
      "srcText": "그날 이후, 버럭 씨네 팻말이 바뀌었어. ‘집에 들어와도 됩니다.’, ‘언제든지 오세요.’라고 말이야. 이제 아이들이 버럭 아저씨에게 인사하면 아저씨는 웃으면서 ‘잠깐 쉬었다 가세요.’팻말을 가리켜.",
      "srcPage": 24,
      "srcSentenceEA": 6,
      "srcWordEA": 28
    }
  ]
}