{
  "title": "백설 공주",
  "author": "꿈바라기",
  "illustrator": "주이",
  "isbn": "9788968731181",
  "publishedYear": 2013,
  "publisher": "키움북스",
  "paragraphInfoCount": 16,
  "paragraphInfo": [
    {
      "srcTextID": "139200",
      "srcText": "새 왕비는 요술거울을 가지고 있었어. 요술거울에 얼굴을 비추며 누가 가장 예쁘냐고 물어보면, 요술거울은 늘 왕비라고 대답했지. 그러던 어느 날이었어.",
      "srcPage": 3,
      "srcSentenceEA": 3,
      "srcWordEA": 21,
      "character": "새 왕비,요술거울,얼굴",
      "setting": "그러던 어느 날",
      "action": "가지고 있었어,비추며,물어보면,대답했지",
      "feeling": null,
      "causalRelationship": null,
      "outcomeResolution": null,
      "prediction": null,
      "plotSummaryInfoCount": 1,
      "plotSummaryInfo": {
        "classification": "의사소통",
        "readAge": "초등_저학년",
        "form": "short-form",
        "plotSummaryText": "새 왕비가 요술거울에 얼굴을 비추며 누가 가장 예쁘냐고 물으면 요술거울은 늘 왕비라고 대답했는데, 그러던 어느 날이었습니다.",
        "textWordEA": 16
      }
    },
    {
      "srcTextID": "139199",
      "srcText": "“거울아, 거울아. 이 세상에서 누가 가장 예쁘니?” “왕비께서도 아름답지만 백설공주가 훨씬 더 예뻐요.” 그러자 왕비는 화가 나서 견딜 수가 없었어.",
      "srcPage": 4,
      "srcSentenceEA": 4,
      "srcWordEA": 22,
      "character": "왕비,백설공주,거울",
      "setting": "세상",
      "action": null,
      "feeling": "화가 나서 견딜 수가 없었어,훨씬 더 예뻐요",
      "causalRelationship": null,
      "outcomeResolution": null,
      "prediction": null,
      "plotSummaryInfoCount": 1,
      "plotSummaryInfo": {
        "classification": "의사소통",
        "readAge": "초등_저학년",
        "form": "long-form",
        "plotSummaryText": "이번에도 누가 가장 예쁘냐고 묻자, 왕비도 예쁘지만 백설공주가 훨씬 더 예쁘다는 말에 왕비는 화가 났습니다.",
        "textWordEA": 15
      }
    },
    {
      "srcTextID": "139203",
      "srcText": "그때 방으로 들어간 난쟁이 한 명이 소리쳤어. “여기 누가 있어!” 침대에는 예쁜 백설공주가 곤히 잠들어있었어. 난쟁이들의 말소리에 잠에서 깬 백설공주는 그간에 있었던 일을 모두 이야기했어. “오! 가여운 백설 공주님. 우리랑 같이 살아요.”",
      "srcPage": 7,
      "srcSentenceEA": 6,
      "srcWordEA": 36,
      "character": "난쟁이,백설공주,우리",
      "setting": "방,침대,그때",
      "action": "소리쳤어,잠들어있었어,잠에서 깬,이야기했어,들어간,같이 살아요.",
      "feeling": "가여운",
      "causalRelationship": null,
      "outcomeResolution": null,
      "prediction": null,
      "plotSummaryInfoCount": 1,
      "plotSummaryInfo": {
        "classification": "의사소통",
        "readAge": "초등_저학년",
        "form": "long-form",
        "plotSummaryText": "그때 방으로 들어간 난쟁이가 소리쳤는데, 침대에는 예쁜 여자가 잠들어 있었고, 난쟁이들의 소리에 잠이 깬 백설공주가 그간의 일을 모두 이야기하자 난쟁이들은 가엽다며 같이 지내자고 했습니다.",
        "textWordEA": 24
      }
    },
    {
      "srcTextID": "139197",
      "srcText": "먼 옛날 어느 나라에 왕과 아름다운 왕비가 살고 있었단다. 하지만 왕과 왕비에게는 자식이 없었어. ‘눈처럼 하얀 피부에 붉은 입술, 그리고 까만 머리카락을 가진 예쁜 딸이 있었으면.......’ 왕비는 수를 놓으며 이런 생각에 잠기곤 했지.",
      "srcPage": 1,
      "srcSentenceEA": 4,
      "srcWordEA": 36,
      "character": "왕,왕비,자식,눈,붉은 입술,까만 머리카락,예쁜 딸",
      "setting": "먼 옛날,어느 나라",
      "action": "살고 있었단다,수를 놓으며,생각에 잠기곤 했지",
      "feeling": null,
      "causalRelationship": null,
      "outcomeResolution": null,
      "prediction": null,
      "plotSummaryInfoCount": 1,
      "plotSummaryInfo": {
        "classification": "의사소통",
        "readAge": "초등_저학년",
        "form": "long-form",
        "plotSummaryText": "먼 옛날 자식이 없는 왕과 아름다운 왕비가 살았는데, 왕비는 수를 놓을 때면 눈처럼 하얀 피부에 붉은 입술,까만 머리카락을 가진 딸이 있었으면 하는 생각에 잠겼습니다.",
        "textWordEA": 24
      }
    },
    {
      "srcTextID": "139201",
      "srcText": "화가 난 새 왕비는 사냥꾼을 불렀어. “백설공주를 숲에 데려가 아무도 모르게 죽이거라.” 하지만 사냥꾼은 착한 백설공주를 그냥 풀어주었지. 백설공주는 어둑어둑한 숲속을 헤매다 작은 오두막을 발견했어. 배가 고팠던 백설공주는 오두막에 들어가 음식들을 모두 먹고는 침대에서 스르르 잠이 들고 말았어.",
      "srcPage": 5,
      "srcSentenceEA": 5,
      "srcWordEA": 41,
      "character": "새 왕비,백설공주,사냥꾼,음식들",
      "setting": "숲속,작은 오두막,침대,숲",
      "action": "불렀어,풀어주었지,들어가,먹고는,잠이 들고,말았어,발견했어,데려가,죽이거라,헤매다",
      "feeling": "화가 난,배가 고팠던",
      "causalRelationship": null,
      "outcomeResolution": null,
      "prediction": null,
      "plotSummaryInfoCount": 1,
      "plotSummaryInfo": {
        "classification": "의사소통",
        "readAge": "초등_저학년",
        "form": "long-form",
        "plotSummaryText": "화난 새 왕비는 사냥꾼에게 백설공주를 숲에 데려가 죽이라고 했지만 사냥꾼은 백설공주를 놓아주었고, 백설공주는 숲속을 헤매다 작은 오두막을 발견하고 거기에 있는 음식들을 모두 먹고는 잠이 들었습니다.",
        "textWordEA": 25
      }
    },
    {
      "srcTextID": "139202",
      "srcText": "저녁이 되자, 오두막의 주인인 일곱 난쟁이가 들어왔어. 그런데 오두막에 들어선 난쟁이들은 깜짝 놀랐어. 음식도 없어지고, 숟가락도 누가 사용한 것 같았거든. “누군가 집에 몰래 들어온 게 분명해!” 난쟁이들이 집안을 구석구석 살피기 시작했어.",
      "srcPage": 6,
      "srcSentenceEA": 5,
      "srcWordEA": 34,
      "character": "오두막의 주인,일곱 난쟁이,음식,숟가락",
      "setting": "저녁이 되자,오두막,집안",
      "action": "들어왔어,들어선,사용한,들어온,살피기 시작했어",
      "feeling": "깜짝 놀랐어",
      "causalRelationship": "그런데 오두막에 들어선 난쟁이들은 깜짝 놀랐어. 음식도 없어지고,숟가락도 누가 사용한 것 같았거든.",
      "outcomeResolution": null,
      "prediction": null,
      "plotSummaryInfoCount": 1,
      "plotSummaryInfo": {
        "classification": "의사소통",
        "readAge": "초등_저학년",
        "form": "long-form",
        "plotSummaryText": "저녁이 되자 오두막의 주인인 일곱 난쟁이가 돌아왔는데, 음식이 없어지고 숟가락을 사용한 모양을 보고 깜짝 놀란 난쟁이들은 누군가 들어온 게 분명하다며 집안 구석구석을 살피기 시작했습니다.",
        "textWordEA": 24
      }
    },
    {
      "srcTextID": "139206",
      "srcText": "한편, 백설공주가 죽었다고 생각한 새 왕비는 다시 요술거울에게 물었어. “거울아, 거울아. 이 세상에서 누가 가장 예쁘니?”",
      "srcPage": 9,
      "srcSentenceEA": 3,
      "srcWordEA": 17,
      "character": "백설공주,새 왕비,요술거울",
      "setting": "세상",
      "action": "물었어,죽었다고 생각한",
      "feeling": "예쁘니",
      "causalRelationship": null,
      "outcomeResolution": null,
      "prediction": null,
      "plotSummaryInfoCount": 1,
      "plotSummaryInfo": {
        "classification": "의사소통",
        "readAge": "초등_저학년",
        "form": "short-form",
        "plotSummaryText": "새 왕비는 백설공주가 죽은 줄 알고 다시 요술거울에게 세상에서 누가 제일 예쁘냐고 물었습니다.",
        "textWordEA": 13
      }
    },
    {
      "srcTextID": "139205",
      "srcText": "“일곱 난쟁이와 함께 사는 백설공주가 가장 예뻐요.” 화가 난 새 왕비는 할머니로 변장해 독을 바른 사과를 가지고 백설공주를 찾아갔지. “아가씨, 사과 사세요!”",
      "srcPage": 10,
      "srcSentenceEA": 3,
      "srcWordEA": 23,
      "character": "일곱 난쟁이,백설공주,새 왕비,사과,할머니,아가씨",
      "setting": null,
      "action": "찾아갔지,변장해,독을 바른,가지고,함께 사는,사세요",
      "feeling": "화가 난,예뻐요",
      "causalRelationship": null,
      "outcomeResolution": null,
      "prediction": null,
      "plotSummaryInfoCount": 1,
      "plotSummaryInfo": {
        "classification": "의사소통",
        "readAge": "초등_저학년",
        "form": "short-form",
        "plotSummaryText": "일곱 난쟁이와 함께 사는 백설공주가 가장 예쁘다는 말에 화가 난 왕비는 할머니 변장을 하고 백설공주를 찾아가 독이 묻은 사과를 사달라고 했습니다.",
        "textWordEA": 21
      }
    },
    {
      "srcTextID": "139207",
      "srcText": "백설공주는 할머니가 주는 사과를 와삭 깨물었어. 그러자 사과에 묻은 독 때문에 곧 정신을 잃고 털썩 쓰러졌단다. 일을 마치고 돌아온 일곱 난쟁이는 깜짝 놀라서 백설공주를 깨워보았지만 공주는 숨을 쉬지 않았어.",
      "srcPage": 11,
      "srcSentenceEA": 3,
      "srcWordEA": 31,
      "character": "백설공주,할머니,사과,일곱 난쟁이",
      "setting": null,
      "action": "와삭 깨물었어,일을 마치고,돌아온,깨워보았지만,숨을 쉬지 않았어,주는",
      "feeling": "깜짝 놀라서",
      "causalRelationship": "그러자 사과에 묻은 독 때문에 곧 정신을 잃고 털썩 쓰러졌단다.",
      "outcomeResolution": null,
      "prediction": null,
      "plotSummaryInfoCount": 1,
      "plotSummaryInfo": {
        "classification": "의사소통",
        "readAge": "초등_저학년",
        "form": "short-form",
        "plotSummaryText": "백설공주는 독이 묻은 사과를 베어 물고 쓰러졌고, 일을 마치고 돌아온 일곱 난쟁이는 깜짝 놀라 백설공주를 깨웠지만 숨을 쉬지 않았습니다.",
        "textWordEA": 19
      }
    },
    {
      "srcTextID": "139208",
      "srcText": "“흑흑, 우리 불쌍한 공주님!” 그러던 어느 날, 숲을 지나던 이웃나라 왕자님이 백설공주를 발견했어. 백설공주를 보고 한눈에 반한 왕자가 백설 공주의 입에 입맞춤을 하자 공주가 깨어났지.",
      "srcPage": 13,
      "srcSentenceEA": 3,
      "srcWordEA": 27,
      "character": "이웃나라 왕자,백설공주,입",
      "setting": "그러던 어느 날,숲",
      "action": "지나던,발견했어,입맞춤을 하자,깨어났지,보고",
      "feeling": "한눈에 반한",
      "causalRelationship": null,
      "outcomeResolution": null,
      "prediction": null,
      "plotSummaryInfoCount": 1,
      "plotSummaryInfo": {
        "classification": "의사소통",
        "readAge": "초등_저학년",
        "form": "short-form",
        "plotSummaryText": "그러던 어느 날 숲을 지나던 이웃나라 왕자님이 백설공주를 발견했고, 한눈에 반한 왕자가 공주에게 입을 맞추자 공주가 깨어났습니다.",
        "textWordEA": 17
      }
    },
    {
      "srcTextID": "139211",
      "srcText": "“만세! 백설 공주님이 살아나셨다!” 난쟁이들은 기뻐서 덩실덩실 춤을 추었어. 그리고 백설공주는 온 백성의 축하를 받으며 왕자와 결혼해 서로 아끼며 행복하게 살았단다.",
      "srcPage": 14,
      "srcSentenceEA": 3,
      "srcWordEA": 24,
      "character": "난쟁이들,백설공주,백성,왕자",
      "setting": null,
      "action": "덩실덩실 춤을 추었어,결혼해,서로 아끼며,행복하게 살았단다,살아나셨다,축하를 받으며",
      "feeling": "기뻐서",
      "causalRelationship": null,
      "outcomeResolution": null,
      "prediction": null,
      "plotSummaryInfoCount": 1,
      "plotSummaryInfo": {
        "classification": "의사소통",
        "readAge": "초등_저학년",
        "form": "short-form",
        "plotSummaryText": "백설공주가 살아나자 난쟁이들은 기뻐서 춤을 추었고, 백설공주는 온 백성의 축하를 받으며 왕자와 결혼해 행복하게 살았습니다.",
        "textWordEA": 15
      }
    },
    {
      "srcTextID": "139212",
      "srcText": "눈처럼 하얀 피부를 가진 백설 공주는 얼굴뿐만 아니라 마음씨도 예쁜 공주예요. 그런데 심술궂은 새 왕비는 어떻게 해서든지 백설 공주를 없애려고 별렀어요. 하지만 그때마다 백설 공주는 사람들의 도움을 받아 살아나지요. 그리고 결국에는 왕자가 나타나 백설 공주를 구하고 결혼을 해 행복하게 살아요. 이처럼 세상에는 악한 것이 잘되고 이기는 것처럼 보이지만, 결국은 착한 선이 이긴다는 교훈과 남을 돕고 소중히 여기는 미덕이 담겨 있는 이야기랍니다.",
      "srcPage": 15,
      "srcSentenceEA": 5,
      "srcWordEA": 65,
      "character": "백설 공주,새 왕비,왕자,눈,하얀 피부,얼굴,사람들,남",
      "setting": "세상",
      "action": "없애려고 별렀어요,도움을 받아,살아나지요,가진,잘되고,이기는,보이지만,이긴다는,돕고,중히 여기는,담겨 있는",
      "feeling": null,
      "causalRelationship": null,
      "outcomeResolution": "그리고 결국에는 왕자가 나타나 백설 공주를 구하고 결혼을 해 행복하게 살아요.",
      "prediction": null,
      "plotSummaryInfoCount": 1,
      "plotSummaryInfo": {
        "classification": "의사소통",
        "readAge": "초등_저학년",
        "form": "long-form",
        "plotSummaryText": "백설공주는 얼굴도 마음도 예뻐서 심술궂은 새 왕비가 공주를 없애려 하지만 그때마다 백설공주는 사람들의 도움으로 살아나고 결국에는 왕자가 나타나 공주를 구하고 행복하게 살아가는데, 이 이야기에는 악이 이기는 것 같지만 결국엔 선이 승리한다는 교훈과 이웃을 돕고 소중히 하라는 미덕이 담겨 있습니다.",
        "textWordEA": 39
      }
    },
    {
      "srcTextID": "139198",
      "srcText": "얼마 뒤, 왕비는 소원대로 눈처럼 하얀 피부에 붉은 입술과 까만 머리카락을 가진 예쁜 딸을 낳았어. 그리고 하얀 눈이라는 뜻을 담아‘백설공주’라고 불렀지. 하지만 몇 해가 지나 왕비가 갑작스럽게 세상을 떠나는 바람에 왕은 새 왕비를 맞이했단다.",
      "srcPage": 2,
      "srcSentenceEA": 4,
      "srcWordEA": 37,
      "character": "왕비,백설공주,왕,눈,하얀 피부,붉은 입술,까만 머리카락,예쁜 딸,하얀 눈",
      "setting": "얼마 뒤",
      "action": "낳았어,맞이했단다,불렀지,세상을 떠나는",
      "feeling": null,
      "causalRelationship": "하지만 몇 해가 지나 왕비가 갑작스럽게 세상을 떠나는 바람에 왕은 새 왕비를 맞이했단다.",
      "outcomeResolution": null,
      "prediction": null,
      "plotSummaryInfoCount": 1,
      "plotSummaryInfo": {
        "classification": "의사소통",
        "readAge": "초등_저학년",
        "form": "long-form",
        "plotSummaryText": "얼마 뒤 왕비는 소원대로 하얀 피부에 붉은 입술과 까만 머리카락을 가진 딸을 낳아 백설 공주라고 불렀지만 몇 해 후 왕비가 갑작스럽게 세상을 떠나는 바람에 왕은 새 왕비를 맞이했습니다.",
        "textWordEA": 28
      }
    },
    {
      "srcTextID": "139204",
      "srcText": "그날부터 백설공주는 난쟁이들과 함께 살았어. 난쟁이들이 일을 나가면, 백설공주는 집안일을 했지. 볕이 좋은 날에는 다 함께 춤도 추고 노래도 불렀어. “하이호! 하이호! 우리는 백설 공주와 함께 즐겁다네.”",
      "srcPage": 8,
      "srcSentenceEA": 5,
      "srcWordEA": 31,
      "character": "백설공주,난쟁이들",
      "setting": "볕이 좋은 날,그날부터",
      "action": "함께 살았어,일을 나가면,집안일을 했지,춤도 추고 노래도 불렀어",
      "feeling": "즐겁다네",
      "causalRelationship": null,
      "outcomeResolution": null,
      "prediction": null,
      "plotSummaryInfoCount": 1,
      "plotSummaryInfo": {
        "classification": "의사소통",
        "readAge": "초등_저학년",
        "form": "long-form",
        "plotSummaryText": "그날 이후 백설 공주는 난쟁이들과 함께 살면서 그들이 일을 나가면 집안일을 하고, 날이 좋을 땐 함께 춤추고 노래하며 즐겁게 지냈습니다.",
        "textWordEA": 20
      }
    },
    {
      "srcTextID": "139209",
      "srcText": "슬픔에 빠진 난쟁이들은 유리관을 만들어 백설공주를 눕혔어. 그리고 사흘 밤낮을 울며 슬퍼했지. 숲속의 동물들도 마찬가지였어.",
      "srcPage": 12,
      "srcSentenceEA": 3,
      "srcWordEA": 17,
      "character": "난쟁이들,백설공주,숲속의 동물들",
      "setting": "유리관,사흘 밤낮",
      "action": "만들어,눕혔어,울며",
      "feeling": "슬픔에 빠진,슬퍼했지",
      "causalRelationship": null,
      "outcomeResolution": null,
      "prediction": null,
      "plotSummaryInfoCount": 1,
      "plotSummaryInfo": {
        "classification": "의사소통",
        "readAge": "초등_저학년",
        "form": "short-form",
        "plotSummaryText": "슬픔에 빠진 난쟁이들은 유리관에 백설공주를 눕히고 사흘 밤낮을 울었고, 숲속의 동물들도 마찬가지였습니다.",
        "textWordEA": 12
      }
    },
    {
      "srcTextID": "139210",
      "srcText": "‘북유럽 신화’에 뿌리를 둔 백설 공주 백설 공주는 북유럽에서 전래되어 유럽 전역에 퍼진 이야기를 그림 형제가 그림 동화에실은 거예요. 북유럽은 지금의 덴마크, 스웨덴, 노르웨이, 아이슬란드가 있는 지역으로 게르만 민족으로 구성되어 있지요. ‘북유럽 신화’에는 일곱 난쟁이의 모티프가 된 종족이 있어요. 바로‘드워프’라는 난쟁이족인데, 쇠망치와 창을 잘 다뤄 보석을 잘 캤어요. 배도 잘 만들어 보석과 함께 신들께 바치기도 했지요. 그래서 백설 공주 속 난쟁이들도 광물을 캐는 광부로 묘사되었어요. 이들은 열심히 일을 하며 쉼 없이 능력을 가꾸고, 천진난만한 성격이 있는 종족이었지요. 북유럽 신화는 그리스 로마 신화처럼 유명하지는 않지만, 역사적 가치와 기록되어 있는 양은 그에 못지않답니다.",
      "srcPage": 16,
      "srcSentenceEA": 11,
      "srcWordEA": 101,
      "character": "백설 공주,그림 형제,게르만 민족,일곱 난쟁이,드워프,난쟁이족,북유럽 신화,쇠망치,창,보석,배,신들,광물,광부,그리스 로마 신화",
      "setting": "북유럽,덴마크,스웨덴,노르웨이,아이슬란드,유럽 전역",
      "action": "잘 다뤄,잘 캤어요,잘 만들어,바치기도,했지요,뿌리를 둔,전래되어,구성되어 있지요,캐는,묘사되었어요,일을 하며,가꾸고",
      "feeling": null,
      "causalRelationship": null,
      "outcomeResolution": null,
      "prediction": null,
      "plotSummaryInfoCount": 1,
      "plotSummaryInfo": {
        "classification": "의사소통",
        "readAge": "초등_저학년",
        "form": "long-form",
        "plotSummaryText": "북유럽 신화에 근거를 둔 백설공주는 그림 형제가 엮은 그림 동화로, 북유럽 신화에는 일곱 난쟁이의 모티프가 된 드워프라는 난쟁이족이 있는데, 이들은 열심히 일해 능력을 가꾸고 천진난만한 성격을 가진 종족이며, 북유럽 신화는 그리스 로마 신화처럼 유명하지는 않지만, 역사적 가치와 기록되어 있는 양은 그에 못지않답니다.",
        "textWordEA": 42
      }
    }
  ]
}