{
  "title": "행복한 왕자",
  "author": "고선미",
  "illustrator": "주아름",
  "isbn": "9788968731600",
  "publishedYear": 2013,
  "publisher": "키움북스",
  "paragraphInfoCount": 17,
  "paragraphInfo": [
    {
      "srcTextID": "131957",
      "srcText": "어느 도시의 광장에 '행복한 왕자'라는 동상이 있었어. 몸은 황금으로 되어 있고, 두 눈은 아름다운 사파이어로 되어 있었지. 그리고 칼자루에는 반짝반짝 루비가 박혀 있었어. 광장을 지나는 사람들은 모두 '행복한 왕자' 동상을 사랑했어.",
      "srcPage": 1,
      "srcSentenceEA": 8,
      "srcWordEA": 36,
      "character": "왕자,동상,사람들",
      "setting": "도시,광장",
      "action": "지나는",
      "feeling": null,
      "causalRelationship": null,
      "outcomeResolution": null,
      "prediction": null,
      "plotSummaryInfoCount": 1,
      "plotSummaryInfo": {
        "classification": "의사소통",
        "readAge": "초등_저학년",
        "form": "long-form",
        "plotSummaryText": "어느 도시의 광장에 사람들이 사랑하는 황금과 사파이어, 루비로 이루어진 행복한 왕자라는 동상이 있었다.",
        "textWordEA": 13
      }
    },
    {
      "srcTextID": "131975",
      "srcText": "\"글을 쓰고 있지만 춥고 배고파서 더 이상 쓸 수 없나 봐. 내 한쪽 눈의 사파이어를 빼서 갖다 줄 수 없겠니?\" 제비는 왕자의 부탁을 거절할 수 없어 왕자의 눈에서 사파이어를 빼내 청년에게 가져다주었단다.",
      "srcPage": 10,
      "srcSentenceEA": 3,
      "srcWordEA": 34,
      "character": "제비,왕자,청년,눈,사파이어",
      "setting": null,
      "action": "쓰고,빼서,줄 수,가져다주었단다",
      "feeling": null,
      "causalRelationship": null,
      "outcomeResolution": null,
      "prediction": null,
      "plotSummaryInfoCount": 1,
      "plotSummaryInfo": {
        "classification": "의사소통",
        "readAge": "초등_저학년",
        "form": "short-form",
        "plotSummaryText": "왕자는 춥고 배고파서 글을 쓰지 못하는 청년을 보고 제비에게 자기 눈에서 사파이어를 빼다 갖다 달라고 부탁했고, 제비는 그 부탁을 들어주었다.",
        "textWordEA": 20
      }
    },
    {
      "srcTextID": "131985",
      "srcText": "그 말에 왕자는 순금으로 된 몸의 금박을 벗겨 가난한 사람들에게 가져다주라고 했어. 왕자가 황금빛 금박을 벗고 흉한 잿빛으로 변할수록 가난한 사람들은 점점 행복해졌지. 마침내 겨울이 왔어. 제비는 너무 추워서 몸이 얼어 갔어. 하지만 왕자의 곁에 있어서 행복했어.",
      "srcPage": 14,
      "srcSentenceEA": 5,
      "srcWordEA": 41,
      "character": "왕자,사람들,제비,몸",
      "setting": "겨울",
      "action": "벗겨,얼어",
      "feeling": null,
      "causalRelationship": null,
      "outcomeResolution": null,
      "prediction": null,
      "plotSummaryInfoCount": 1,
      "plotSummaryInfo": {
        "classification": "의사소통",
        "readAge": "초등_저학년",
        "form": "long-form",
        "plotSummaryText": "그 말에 왕자는 제비에게 자기 몸에서 금박을 벗겨 가난한 사람들에게 가져다주라고 했고, 제비는 추워서 몸이 얼어도 행복했다.",
        "textWordEA": 17
      }
    },
    {
      "srcTextID": "131977",
      "srcText": "다음 날 왕자는 또다시 나머지 한쪽 눈에 박힌 사파이어를 성냥팔이 소녀에게 가져다주라고 부탁했어. 제비는 점점 추워지는 날씨에 몸이 꽁꽁 어는 듯했지만, 이상하게도 마음만은 따뜻해졌어. 하지만 왕자는 더이상 앞을 볼 수 없게 되었지.",
      "srcPage": 11,
      "srcSentenceEA": 3,
      "srcWordEA": 34,
      "character": "왕자,성냥팔이,소녀,제비",
      "setting": "다음 날",
      "action": "가져다주라고",
      "feeling": null,
      "causalRelationship": null,
      "outcomeResolution": null,
      "prediction": null,
      "plotSummaryInfoCount": 1,
      "plotSummaryInfo": {
        "classification": "의사소통",
        "readAge": "초등_저학년",
        "form": "short-form",
        "plotSummaryText": "다음 날 왕자는 제비에게 나머지 한 쪽 눈의 사파이어를 성냥팔이 소녀에게 가져다주라고 부탁했으며, 이후 추운 날씨에도 부탁을 들어준 제비의 마음만은 따뜻해졌지만, 왕자는 더 이상 앞을 볼 수 없었다.",
        "textWordEA": 28
      }
    },
    {
      "srcTextID": "131989",
      "srcText": "왕자님께 이별의 키스를 할 수 있게 해 주세요. 저는 이제 죽음의 나라로 간답니다.\" 제비는 왕자에게 입맞춤을 하고는 왕자의 발밑에 떨어져 죽었단다.",
      "srcPage": 16,
      "srcSentenceEA": 3,
      "srcWordEA": 23,
      "character": "왕자,제비",
      "setting": "나라,발밑",
      "action": "간답니다,입맞춤을 하고,떨어져,죽었단다",
      "feeling": null,
      "causalRelationship": null,
      "outcomeResolution": null,
      "prediction": null,
      "plotSummaryInfoCount": 1,
      "plotSummaryInfo": {
        "classification": "의사소통",
        "readAge": "초등_저학년",
        "form": "short-form",
        "plotSummaryText": "그는 마지막 인사를 하며 왕자에게 입맞춤한 뒤 그의 발밑에 떨어져 죽었다.",
        "textWordEA": 11
      }
    },
    {
      "srcTextID": "131982",
      "srcText": "겨울이 다가오자 왕자가 말했어. \"제비야, 더 추워지면 넌 죽고 말거야. 이제 떠나렴.\"",
      "srcPage": 12,
      "srcSentenceEA": 3,
      "srcWordEA": 13,
      "character": "왕자,제비",
      "setting": "겨울",
      "action": "말했어,죽고",
      "feeling": null,
      "causalRelationship": null,
      "outcomeResolution": null,
      "prediction": null,
      "plotSummaryInfoCount": 1,
      "plotSummaryInfo": {
        "classification": "의사소통",
        "readAge": "초등_저학년",
        "form": "short-form",
        "plotSummaryText": "겨울이 다가오자, 왕자는 제비에게 추위로 인해 죽기 전에 떠나라고 말했다.",
        "textWordEA": 10
      }
    },
    {
      "srcTextID": "131983",
      "srcText": "하지만 제비는 왕자의 곁에 남아서 도시 곳곳의 이야기를 전해 주었어. \"왕자님, 저기에 죽어 가는 거지가 있어요. 그 옆 골목에는 굶고 있는 갓난아이도 있고요.\"",
      "srcPage": 13,
      "srcSentenceEA": 3,
      "srcWordEA": 24,
      "character": "제비,왕자,거지,갓난아이",
      "setting": "도시,골목",
      "action": "전해 주었어,죽어 가는",
      "feeling": null,
      "causalRelationship": null,
      "outcomeResolution": null,
      "prediction": null,
      "plotSummaryInfoCount": 1,
      "plotSummaryInfo": {
        "classification": "의사소통",
        "readAge": "초등_저학년",
        "form": "short-form",
        "plotSummaryText": "하지만 제비는 왕자의 곁에 남아 죽어 가는 거지나 굶고 있는 갓난아이와 같이 도시의 힘든 사람들의 이야기를 전해 주었다.",
        "textWordEA": 18
      }
    },
    {
      "srcTextID": "131988",
      "srcText": "어느 날, 제비는 자신에게 죽음이 다가오는 것을 느꼈어. 그래서 힘겹게 왕자의 어깨에 올라 속삭였지. \"왕자님, 그동안 정말 행복했어요.",
      "srcPage": 15,
      "srcSentenceEA": 3,
      "srcWordEA": 19,
      "character": "제비,왕자,어깨",
      "setting": "어느 날",
      "action": "올라,속삭였지",
      "feeling": null,
      "causalRelationship": null,
      "outcomeResolution": null,
      "prediction": null,
      "plotSummaryInfoCount": 1,
      "plotSummaryInfo": {
        "classification": "의사소통",
        "readAge": "초등_저학년",
        "form": "short-form",
        "plotSummaryText": "어느 날, 제비는 자신이 죽어가고 있다는 것을 느끼며 왕자의 어깨에 올라 그동안 행복했다고 속삭였다.",
        "textWordEA": 14
      }
    },
    {
      "srcTextID": "131990",
      "srcText": "사람들은 흉하게 변해 버린 행복한 왕자 동상을 활활 타오르는 불에 녹여 버렸어. 그런데 이상하게도 납으로 된 심장은 녹지 않았어. 어느 날, 신께서 천사에게 말했어. \"이 세상에서 가장 아름다운 것 두 가지를 가지고 오너라.\" 천사는 왕자의 심장과 죽은 제비를 가지고 갔어. 그러자 신께서는 매우 기뻐하며 제비와 왕자를 천국에서 영원히 살 수 있게 해 주었단다.",
      "srcPage": 17,
      "srcSentenceEA": 6,
      "srcWordEA": 57,
      "character": "사람들,왕자,동상,심장,납,천사,제비",
      "setting": "어느 날,천국",
      "action": "말했어,녹여 버렸어,가지고 갔어",
      "feeling": null,
      "causalRelationship": null,
      "outcomeResolution": null,
      "prediction": null,
      "plotSummaryInfoCount": 1,
      "plotSummaryInfo": {
        "classification": "의사소통",
        "readAge": "초등_저학년",
        "form": "long-form",
        "plotSummaryText": "어느 날, 신이 천사에게 세상에서 가장 아름다운 것 두 가지를 가져오라고 명하자, 천사는 그에게 불에 녹아 심장만 남은 왕자와 죽은 제비를 가지고 갔으며, 이를 본 신은 매우 기뻐하며 그 둘을 천국에서 영원히 살 수 있게 해주었다.",
        "textWordEA": 36
      }
    },
    {
      "srcTextID": "131973",
      "srcText": "제비는 왕자의 심부름을 하고 싶지 않았지만 왕자의 얼굴을 보니 가엾은 생각이 들었어. \"좋아요. 해 드릴게요.\" 제비는 잠이 든 여인의 곁에 루비를 물어다 놓고 아이에게는 파닥파닥 날개를 쳐 열을 식혀 주었어.",
      "srcPage": 8,
      "srcSentenceEA": 3,
      "srcWordEA": 32,
      "character": "제비,왕자,여인,아이,얼굴,루비,날개",
      "setting": null,
      "action": "보니,잠이 든,물어다 놓고,식혀",
      "feeling": null,
      "causalRelationship": null,
      "outcomeResolution": null,
      "prediction": null,
      "plotSummaryInfoCount": 1,
      "plotSummaryInfo": {
        "classification": "의사소통",
        "readAge": "초등_저학년",
        "form": "short-form",
        "plotSummaryText": "제비는 왕자가 가엾다고 생각이 되어 부탁을 들어주기로 하고 잠이 든 여인의 곁에 루비를 물어다 놓고 아이에게는 날개를 쳐 열을 식혀 주었다.",
        "textWordEA": 21
      }
    },
    {
      "srcTextID": "131968",
      "srcText": "\"나는 살아 있을 때, 행복한 왕자였어. 사람들은 나를 사랑했고. 내 주위의 모든 것은 참 아름다웠어.\"",
      "srcPage": 5,
      "srcSentenceEA": 3,
      "srcWordEA": 17,
      "character": "왕자,사람들",
      "setting": null,
      "action": null,
      "feeling": "행복한,사랑했고",
      "causalRelationship": null,
      "outcomeResolution": null,
      "prediction": null,
      "plotSummaryInfoCount": 1,
      "plotSummaryInfo": {
        "classification": "의사소통",
        "readAge": "초등_저학년",
        "form": "short-form",
        "plotSummaryText": "그는 자신은 사람들이 사랑하고 주위가 아름다운 것으로 가득 찬 행복한 왕자였다고 했다.",
        "textWordEA": 12
      }
    },
    {
      "srcTextID": "131967",
      "srcText": "\"그렇게 나는 행복한 채로 죽었어. 하지만 지금 이렇게 높은 곳에 있으니 세상의 온갖 슬픈 것들이 보여. 내 심장은 납으로 만들어졌는데도 자꾸 눈물이 나.\"",
      "srcPage": 6,
      "srcSentenceEA": 3,
      "srcWordEA": 25,
      "character": "심장,납,눈물",
      "setting": "세상",
      "action": "죽었어,보여,만들어졌는데도",
      "feeling": "슬픈",
      "causalRelationship": null,
      "outcomeResolution": null,
      "prediction": null,
      "plotSummaryInfoCount": 1,
      "plotSummaryInfo": {
        "classification": "의사소통",
        "readAge": "초등_저학년",
        "form": "short-form",
        "plotSummaryText": "그는 행복한 채로 죽었지만, 지금은 높은 곳에서 세상의 온갖 슬픈 것들이 보인다며, 자기 심장이 납으로 만들어졌는데도 눈물이 자꾸 난다고 했다.",
        "textWordEA": 20
      }
    },
    {
      "srcTextID": "131976",
      "srcText": "다음 날 제비는 남쪽 나라로 날아갈 채비를 했어. 그런데 왕자가 또다시 부탁을 하는 거야. \"저 다락방의 청년을 봐.\"",
      "srcPage": 9,
      "srcSentenceEA": 3,
      "srcWordEA": 19,
      "character": "제비,왕자,청년",
      "setting": "다음 날,남쪽 나라,다락방",
      "action": "날아갈,봐",
      "feeling": null,
      "causalRelationship": null,
      "outcomeResolution": null,
      "prediction": null,
      "plotSummaryInfoCount": 1,
      "plotSummaryInfo": {
        "classification": "의사소통",
        "readAge": "초등_저학년",
        "form": "short-form",
        "plotSummaryText": "다음 날 제비가 남쪽 나라로 날아갈 채비를 하자 왕자가 다시 부탁하며 다락방의 청년을 보라고 했다.",
        "textWordEA": 15
      }
    },
    {
      "srcTextID": "131972",
      "srcText": "\"저길 봐. 가난한 여인과 아픈 아이가 있어. 여인은 바느질을 하느라 손이 거칠고, 아픈 아이에게는 줄 수 있는 것이 물밖에 없어.\" 그리고 왕자는 제비에게 칼자루의 루비를 뽑아서 가난한 여인의 집에 물어다 달라고 부탁했어.",
      "srcPage": 7,
      "srcSentenceEA": 4,
      "srcWordEA": 35,
      "character": "여인,아이,왕자,제비,칼자루,루비",
      "setting": "집",
      "action": "바느질을 하느라,뽑아서",
      "feeling": null,
      "causalRelationship": null,
      "outcomeResolution": null,
      "prediction": null,
      "plotSummaryInfoCount": 1,
      "plotSummaryInfo": {
        "classification": "의사소통",
        "readAge": "초등_저학년",
        "form": "long-form",
        "plotSummaryText": "왕자는 가난한 여인과 아픈 아이를 보며 제비에게 칼자루의 루비를 뽑아 여인의 집에 물어다 달라고 부탁했다.",
        "textWordEA": 15
      }
    },
    {
      "srcTextID": "131958",
      "srcText": "가을 어느 날, 동상 아래로 제비 한 마리가 포르르 날아왔어. 친구들은 이미 따뜻한 남쪽으로 떠나갔지만, 여름내 갈대 아가씨와 사랑에 빠져 혼자 남아 있던 제비였어. 제비는 바람이 불면 갈대 아가씨가 너울너울 춤추는 것을 보고 사랑에 빠졌었어. 하지만 갈대 아가씨가 사랑을 받아 주지 않자 혼자 남쪽으로 날아가던 중이었지.",
      "srcPage": 2,
      "srcSentenceEA": 4,
      "srcWordEA": 49,
      "character": "동상,제비,친구,아가씨,갈대",
      "setting": "가을,어느 날,남쪽,여름",
      "action": "날아왔어,떠나갔지만,보고,날아가던",
      "feeling": null,
      "causalRelationship": null,
      "outcomeResolution": null,
      "prediction": null,
      "plotSummaryInfoCount": 1,
      "plotSummaryInfo": {
        "classification": "의사소통",
        "readAge": "초등_저학년",
        "form": "long-form",
        "plotSummaryText": "동상 아래로 제비 한 마리가 날아왔는데 이 제비는 춤추는 갈대 아가씨를 보고 사랑에 빠졌었지만, 그녀가 사랑을 받아 주지 않자 혼자 남쪽으로 날아가던 중이었다.",
        "textWordEA": 23
      }
    },
    {
      "srcTextID": "131960",
      "srcText": "제비는 맑은 공기를 마시며 하늘을 보았어. \"후, 정말 시원하다!\" 그때 제비의 머리 위로 물방울 하나가 똑 떨어졌어.",
      "srcPage": 3,
      "srcSentenceEA": 3,
      "srcWordEA": 18,
      "character": "제비",
      "setting": "하늘",
      "action": "마시며,보았어,떨어졌어",
      "feeling": null,
      "causalRelationship": null,
      "outcomeResolution": null,
      "prediction": null,
      "plotSummaryInfoCount": 1,
      "plotSummaryInfo": {
        "classification": "의사소통",
        "readAge": "초등_저학년",
        "form": "short-form",
        "plotSummaryText": "제비는 맑은 공기를 마시며 하늘을 보고 시원하다고 했으며, 그 순간 그의 머리 위로 물방울 하나가 떨어졌다.",
        "textWordEA": 16
      }
    },
    {
      "srcTextID": "131959",
      "srcText": "고개를 들어보니 물방울은 바로 행복한 왕자가 흘리는 눈물이었지. \"왕자님, 왜 우세요?\" 제비가 물었어.",
      "srcPage": 4,
      "srcSentenceEA": 3,
      "srcWordEA": 14,
      "character": "왕자,물방울,눈물,제비",
      "setting": null,
      "action": "들어보니,흘리는,물었어",
      "feeling": null,
      "causalRelationship": null,
      "outcomeResolution": null,
      "prediction": null,
      "plotSummaryInfoCount": 1,
      "plotSummaryInfo": {
        "classification": "의사소통",
        "readAge": "초등_저학년",
        "form": "short-form",
        "plotSummaryText": "고개를 들어보니 행복한 왕자가 눈물을 흘리고 있는 것을 본 제비는 왜 우냐고 왕자에게 물어봤다.",
        "textWordEA": 14
      }
    }
  ]
}