{
  "title": "무지개 우산",
  "author": "이경순",
  "illustrator": "이화",
  "isbn": "9791188565887",
  "publishedYear": 2017,
  "publisher": "엄마마음",
  "paragraphInfoCount": 17,
  "paragraphInfo": [
    {
      "srcTextID": "149900",
      "srcText": "바람이 흔들흔들 그네를 타요. ‘조금만 놀다 갈까?’ 미나는 집에 가다 말고 놀이터로 쪼르르 달려갔어요.",
      "srcPage": 1,
      "srcSentenceEA": 3,
      "srcWordEA": 16,
      "character": "그네,미나",
      "setting": "놀이터",
      "action": "타요,놀다 갈까,달려갔어요",
      "feeling": null,
      "causalRelationship": null,
      "outcomeResolution": null,
      "prediction": null,
      "plotSummaryInfoCount": 1,
      "plotSummaryInfo": {
        "classification": "의사소통",
        "readAge": "초등_저학년",
        "form": "short-form",
        "plotSummaryText": "미나는 집으로 향하다 바람에 흔들리는 그네를 보고 조금 놀다 갈지 고민하다 놀이터로 달려갔습니다.",
        "textWordEA": 13
      }
    },
    {
      "srcTextID": "149901",
      "srcText": "“어, 무지개 우산이다!” 혜주가 매일 갖고 다니던 거랑 똑같은 우산이에요. 빨간색 손잡이까지 똑같아요.",
      "srcPage": 2,
      "srcSentenceEA": 3,
      "srcWordEA": 15,
      "character": "무지개 우산,혜주,우산,손잡이",
      "setting": null,
      "action": "갖고 다니던",
      "feeling": null,
      "causalRelationship": null,
      "outcomeResolution": null,
      "prediction": null,
      "plotSummaryInfoCount": 1,
      "plotSummaryInfo": {
        "classification": "의사소통",
        "readAge": "초등_저학년",
        "form": "short-form",
        "plotSummaryText": "무지개 우산을 발견했고 혜주가 갖고 다니는 우산과 같고 빨간색 손잡이까지 똑같았습니다.",
        "textWordEA": 11
      }
    },
    {
      "srcTextID": "149903",
      "srcText": "‘잠깐만 써 볼까?’ 일곱 빛깔 무지개가 머리 위로 펼쳐졌어요. “와, 예쁘다!” 빨, 주, 노, 초, 파, 남, 보",
      "srcPage": 5,
      "srcSentenceEA": 4,
      "srcWordEA": 20,
      "character": "무지개,머리",
      "setting": null,
      "action": "써,펼쳐졌어요",
      "feeling": "예쁘다",
      "causalRelationship": null,
      "outcomeResolution": null,
      "prediction": null,
      "plotSummaryInfoCount": 1,
      "plotSummaryInfo": {
        "classification": "의사소통",
        "readAge": "초등_저학년",
        "form": "long-form",
        "plotSummaryText": "잠깐만 써 볼까라고 생각하며 우산을 피니 일곱 빛깔 무지개가 머리 위로 펼쳐졌습니다.",
        "textWordEA": 12
      }
    },
    {
      "srcTextID": "149908",
      "srcText": "“웬 우산이니?” 마당에서 빨래를 널던 엄마가 물었어요. 미나는 가슴이 콩닥콩닥 뛰고 얼굴이 빨개졌어요.",
      "srcPage": 8,
      "srcSentenceEA": 3,
      "srcWordEA": 15,
      "character": "우산,엄마,미나",
      "setting": "마당",
      "action": "널던,물었어요",
      "feeling": "가슴이 콩닥콩닥 뛰고,얼굴이 빨개졌어요",
      "causalRelationship": null,
      "outcomeResolution": null,
      "prediction": null,
      "plotSummaryInfoCount": 1,
      "plotSummaryInfo": {
        "classification": "의사소통",
        "readAge": "초등_저학년",
        "form": "short-form",
        "plotSummaryText": "마당에서 빨래를 널던 엄마는 우산에 대해 물음에 미나는 가슴이 뛰고 얼굴이 빨개졌습니다.",
        "textWordEA": 12
      }
    },
    {
      "srcTextID": "149911",
      "srcText": "“곰 아저씨, 우리 집 정말 예쁘죠?” 미나는 무지개 집에 엎드려 곰 인형에게 말했어요. “집 구경도 했으니, 우리 산책할까요?”",
      "srcPage": 12,
      "srcSentenceEA": 3,
      "srcWordEA": 19,
      "character": "곰 아저씨,미나,곰 인형,집",
      "setting": null,
      "action": "엎드려,말했어요,산책할까요",
      "feeling": "예쁘죠",
      "causalRelationship": null,
      "outcomeResolution": null,
      "prediction": null,
      "plotSummaryInfoCount": 1,
      "plotSummaryInfo": {
        "classification": "의사소통",
        "readAge": "초등_저학년",
        "form": "short-form",
        "plotSummaryText": "미나는 무지게 집에 엎드려 곰 인형에 집이 예쁜지 물으며, 집구경이 끝났으니, 산책을 가자고 말했습니다.",
        "textWordEA": 14
      }
    },
    {
      "srcTextID": "149913",
      "srcText": "갑자기 빗방울이 떨어졌어요. 미나는 무지개 우산과 창문을 번갈아 보았어요. ‘괜찮아. 혜주는 다른 우산도 있던데, 뭐.’ 그런데 가슴에 커다란 돌멩이가 얹힌 것처럼 이상했어요.",
      "srcPage": 14,
      "srcSentenceEA": 5,
      "srcWordEA": 26,
      "character": "미나,무지개 우산,창문,혜주",
      "setting": null,
      "action": "보았어요,얹힌,떨어졌어요",
      "feeling": "이상했어요",
      "causalRelationship": null,
      "outcomeResolution": null,
      "prediction": null,
      "plotSummaryInfoCount": 1,
      "plotSummaryInfo": {
        "classification": "의사소통",
        "readAge": "초등_저학년",
        "form": "long-form",
        "plotSummaryText": "갑자기 비가 와 미나는 무지개 우산과 창문을 번갈아 보다 혜주에게 다른 우산이 있다고 생각했지만, 가슴에 돌멩이가 얹힌 것처럼 마음이 무거웠습니다.",
        "textWordEA": 20
      }
    },
    {
      "srcTextID": "149914",
      "srcText": "빗방울이 점점 굵어졌어요. 미나는 엄마에게 달려가 차근차근 이야기했어요. “엄마, 우산을 돌려주기엔 너무 늦었겠죠?” “아니야. 무슨 일이든 너무 늦은 건 없단다.” 엄마는 울먹이는 미나를 꼭 안아 주었어요.",
      "srcPage": 15,
      "srcSentenceEA": 5,
      "srcWordEA": 29,
      "character": "미나,엄마,우산",
      "setting": null,
      "action": "달려가,이야기했어요,돌려주기엔,안아 주었어요",
      "feeling": "울먹이는",
      "causalRelationship": null,
      "outcomeResolution": null,
      "prediction": null,
      "plotSummaryInfoCount": 1,
      "plotSummaryInfo": {
        "classification": "의사소통",
        "readAge": "초등_저학년",
        "form": "long-form",
        "plotSummaryText": "빗방울이 굵어지자 미나는 엄마에게 달려가 상황을 말했고, 우산을 돌려주기에는 너무 늦은 건지 묻자, 엄마는 무슨 일이든 너무 늦은건 없단다고 말하였고 엄마는 울먹이는 미나를 안아주었습니다.",
        "textWordEA": 24
      }
    },
    {
      "srcTextID": "149915",
      "srcText": "미나는 비옷을 입고 집을 나섰어요. 혜주네 초인종을 누르자 가슴이 쿵쾅쿵쾅 뛰었어요. “와, 내 우산이다! 어디서 찾았어?” 혜주는 우산을 보고 또 보며 기뻐했어요. “놀이터에서……. 미안해, 늦게 돌려줘서…….” “아니야, 난 아주 잃어버린 줄 알았는걸? 정말 고마워.”",
      "srcPage": 16,
      "srcSentenceEA": 8,
      "srcWordEA": 39,
      "character": "미나,비옷,혜주,우산",
      "setting": null,
      "action": "입고,나섰어요,누르자,찾았어,보며,돌려줘서",
      "feeling": "가슴이 쿵쾅쿵쾅 뛰었어요,기뻐했어요,미안해,고마워",
      "causalRelationship": null,
      "outcomeResolution": null,
      "prediction": null,
      "plotSummaryInfoCount": 1,
      "plotSummaryInfo": {
        "classification": "의사소통",
        "readAge": "초등_저학년",
        "form": "long-form",
        "plotSummaryText": "미나가 우비를 입고 집을 나섰고, 혜주네 초인종을 누르며 가슴이 뛰었는데 우산을 본 혜주가 기뻐하며 어디서 찾았는지 묻자, 놀이터에서 찾았고 늦게 돌려줘서 미안하다고 말하니, 혜주는 고마워했습니다.",
        "textWordEA": 25
      }
    },
    {
      "srcTextID": "149916",
      "srcText": "“우리 미나 잘 다녀왔니? 미나한테 줄 선물이 있는데, 뭘까?” 엄마가 미나를 보고 웃으며 말했어요. “우아, 무지개 우산이다!” 미나는 무지개 우산에 매달려 우주까지 날아갈 것만 같았어요. 미나의 맑은 웃음소리도 둥실 떠올랐어요.",
      "srcPage": 17,
      "srcSentenceEA": 6,
      "srcWordEA": 34,
      "character": "미나,선물,엄마,무지개 우산",
      "setting": null,
      "action": "다녀왔니,줄,웃으며,말했어요",
      "feeling": null,
      "causalRelationship": null,
      "outcomeResolution": null,
      "prediction": null,
      "plotSummaryInfoCount": 1,
      "plotSummaryInfo": {
        "classification": "의사소통",
        "readAge": "초등_저학년",
        "form": "long-form",
        "plotSummaryText": "엄마는 미나에게 잘 다녀왔는지 묻더니 선물이라며 무지개 우산을 주셨고, 미나는 무지개 우산에 매달려 우주로 날아갈 것처럼 기뻤고 웃음소리도 울려 퍼졌습니다.",
        "textWordEA": 20
      }
    },
    {
      "srcTextID": "149902",
      "srcText": "우산을 펼치자, 이름표가 눈에 띄었어요. “정말 혜주 거잖아? 얼른 갖다줘야지.” 미나는 우산을 들고 놀이터를 나섰어요.\n\n",
      "srcPage": 3,
      "srcSentenceEA": 4,
      "srcWordEA": 17,
      "character": "우산,이름표,혜주,미나,놀이터",
      "setting": null,
      "action": "펼치자,갖다 줘야지,들고,나섰어요",
      "feeling": null,
      "causalRelationship": null,
      "outcomeResolution": null,
      "prediction": null,
      "plotSummaryInfoCount": 1,
      "plotSummaryInfo": {
        "classification": "의사소통",
        "readAge": "초등_저학년",
        "form": "long-form",
        "plotSummaryText": "우산을 펼치니 혜주의 이름이 보였고, 미나는 가져다주겠다 마음먹고 우산을 들고 놀이터를 나섰습니다.",
        "textWordEA": 12
      }
    },
    {
      "srcTextID": "149904",
      "srcText": "미나는 흘끔흘끔 우산을 쳐다보았어요. 며칠 전 혜주가 놀이터에 가져왔을 때부터 마음에 들었거든요. 엄마한테 똑같은 걸 사 달라고 졸랐지만 소용없었어요.",
      "srcPage": 4,
      "srcSentenceEA": 3,
      "srcWordEA": 21,
      "character": "미나,우산,혜주,엄마",
      "setting": "놀이터",
      "action": "쳐다보았어요,가져왔을,사 달라고,졸랐지만",
      "feeling": "마음에 들었거든요",
      "causalRelationship": null,
      "outcomeResolution": null,
      "prediction": null,
      "plotSummaryInfoCount": 1,
      "plotSummaryInfo": {
        "classification": "의사소통",
        "readAge": "초등_저학년",
        "form": "short-form",
        "plotSummaryText": "미나는 우산을 힐끔 쳐다보며 얼마 전 혜주가 놀이터에 가져왔을 때부터 우산이 마음에 들었던 미나는 엄마에게 같은 것을 사 달라 졸랐지만 소용없었습니다.",
        "textWordEA": 21
      }
    },
    {
      "srcTextID": "149906",
      "srcText": "저 앞에 혜주의 집이 보이자 미나의 걸음이 조금씩 느려졌어요. ‘잠깐만 쓰고 줄까? 조금 늦게 줘도 되잖아.’",
      "srcPage": 6,
      "srcSentenceEA": 3,
      "srcWordEA": 18,
      "character": "미나",
      "setting": "혜주의 집",
      "action": "보이자,쓰고,줘도",
      "feeling": null,
      "causalRelationship": null,
      "outcomeResolution": null,
      "prediction": null,
      "plotSummaryInfoCount": 1,
      "plotSummaryInfo": {
        "classification": "의사소통",
        "readAge": "초등_저학년",
        "form": "short-form",
        "plotSummaryText": "앞에 혜주의 집이 보이니, 미나의 걸음이 조금씩 느려지면서 잠깐 쓰고 조금 늦게 돌려줘도 된다고 생각했습니다.",
        "textWordEA": 15
      }
    },
    {
      "srcTextID": "149905",
      "srcText": "미나는 곰곰이 생각했어요. ‘그래, 아주 잠깐만!’ 발길을 돌리는 미나의 얼굴이 활짝 핀 채송화 같았어요.",
      "srcPage": 7,
      "srcSentenceEA": 3,
      "srcWordEA": 16,
      "character": "미나,얼굴,채송화",
      "setting": null,
      "action": "돌리는,핀",
      "feeling": null,
      "causalRelationship": null,
      "outcomeResolution": null,
      "prediction": null,
      "plotSummaryInfoCount": 1,
      "plotSummaryInfo": {
        "classification": "의사소통",
        "readAge": "초등_저학년",
        "form": "short-form",
        "plotSummaryText": "미나는 깊이 생각하다 아주 잠깐만이라 생각하며 발길을 돌리는 미나의 얼굴은 활짝 핀 채송화 같았습니다.",
        "textWordEA": 14
      }
    },
    {
      "srcTextID": "149907",
      "srcText": "“네? 혜, 혜주가 빌려줬어요.” “혜주가? 비도 안 오는데 왜?” “그…… 그냥요.” 미나는 현관으로 후다닥 뛰어갔어요.\n\n",
      "srcPage": 9,
      "srcSentenceEA": 4,
      "srcWordEA": 18,
      "character": "혜주,미나",
      "setting": "현관",
      "action": "빌려 줬어요,뛰어갔어요",
      "feeling": null,
      "causalRelationship": null,
      "outcomeResolution": null,
      "prediction": null,
      "plotSummaryInfoCount": 1,
      "plotSummaryInfo": {
        "classification": "의사소통",
        "readAge": "초등_저학년",
        "form": "long-form",
        "plotSummaryText": "혜주가 빌려줬다 하니 비가 오지 않는다며 이유를 물었고, 미나는 그냥요라 말한 후 현관으로 뛰어갔습니다.",
        "textWordEA": 14
      }
    },
    {
      "srcTextID": "149909",
      "srcText": "미나는 재빨리 욕실로 들어가 샤워기를 틀었어요. “와, 비 온다!” 미나는 우산을 쓰고 빙그르르 돌았어요. 우산 끝에서 물방울이 후드득 떨어졌어요. 그때마다 미나는 까르르 웃었어요.",
      "srcPage": 10,
      "srcSentenceEA": 5,
      "srcWordEA": 26,
      "character": "미나,샤워기,우산",
      "setting": "욕실",
      "action": "들어가,틀었어요,쓰고,돌았어요,떨어졌어요,웃었어요",
      "feeling": null,
      "causalRelationship": null,
      "outcomeResolution": null,
      "prediction": null,
      "plotSummaryInfoCount": 1,
      "plotSummaryInfo": {
        "classification": "의사소통",
        "readAge": "초등_저학년",
        "form": "long-form",
        "plotSummaryText": "미나는 빠르게 욕실에 들어가 샤워기를 틀고 비가 온다고 말하며 우산을 쓰고 돌았고 우산 끝에서 물방울이 떨어지는 모습에 신나하며 웃었습니다.",
        "textWordEA": 19
      }
    },
    {
      "srcTextID": "149910",
      "srcText": "‘무지개 우산으로 또 무얼 하지? 아, 그래!’ 미나는 우산과 이불로 예쁜 집을 지었어요.",
      "srcPage": 11,
      "srcSentenceEA": 3,
      "srcWordEA": 15,
      "character": "무지개 우산,미나,우산,이불,집",
      "setting": null,
      "action": "지었어요",
      "feeling": null,
      "causalRelationship": null,
      "outcomeResolution": null,
      "prediction": null,
      "plotSummaryInfoCount": 1,
      "plotSummaryInfo": {
        "classification": "의사소통",
        "readAge": "초등_저학년",
        "form": "short-form",
        "plotSummaryText": "미나는 무지개 우산으로 무얼 할지 생각하다 우산과 이불로 집을 지었습니다.",
        "textWordEA": 10
      }
    },
    {
      "srcTextID": "149912",
      "srcText": "그때 전화벨이 울렸어요. “미나야, 놀자.” 혜주였어요. 미나는 침을 꼴깍 삼켰어요. “저기…… 오늘은 안 돼.” 미나는 서둘러 전화를 끊었어요.",
      "srcPage": 13,
      "srcSentenceEA": 6,
      "srcWordEA": 21,
      "character": "미나,혜주",
      "setting": null,
      "action": "놀자,삼켰어요,전화를 끊었어요",
      "feeling": null,
      "causalRelationship": null,
      "outcomeResolution": null,
      "prediction": null,
      "plotSummaryInfoCount": 1,
      "plotSummaryInfo": {
        "classification": "의사소통",
        "readAge": "초등_저학년",
        "form": "long-form",
        "plotSummaryText": "미나에게 놀자며 혜주에게 전화가 왔고, 미나는 침을 삼키며 오늘은 안된다며 빨리 전화를 끊었습니다.",
        "textWordEA": 13
      }
    }
  ]
}