{
  "title": "아기 돼지 삼 형제",
  "author": "고선미",
  "illustrator": "최승화",
  "isbn": "9788968731693",
  "publishedYear": 2013,
  "publisher": "키움북스",
  "paragraphInfoCount": 16,
  "paragraphInfo": [
    {
      "srcTextID": "133509",
      "srcText": "늑대는 화가 났지만, 꾹 참고 말했어. \"아기 돼지야, 내일 아침 다섯 시에 맛있는 사과 따러 갈까?\" \"그래, 좋아.\" 하지만 다음 날도 셋째 아기 돼지는 늑대보다 일찍 사과를 따서 집에 돌아왔어. 결국, 이날도 늑대는 셋째 아기 돼지에게 속고 만 거지.",
      "srcPage": 14,
      "srcSentenceEA": 5,
      "srcWordEA": 41,
      "character": "늑대,아기 돼지,사과",
      "setting": "내일 아침 다섯 시,다음 날,집",
      "action": "말했어,따서,돌아왔어,속고 만 거지",
      "feeling": "화가 났지만,좋아",
      "causalRelationship": null,
      "outcomeResolution": null,
      "prediction": null,
      "plotSummaryInfoCount": 1,
      "plotSummaryInfo": {
        "classification": "의사소통",
        "readAge": "초등_저학년",
        "form": "long-form",
        "plotSummaryText": "늑대는 화가 났지만 내일 아침 다섯 시에 맛있는 사과 따러 가자고 했고 다음 날도 셋째 아기 돼지는 늑대보다 일찍 사과를 따서 집에 돌아왔고, 이날도 늑대는 셋째 아기 돼지에게 속고 만 거지.",
        "textWordEA": 31
      }
    },
    {
      "srcTextID": "133506",
      "srcText": "\"나는 벌써 한가득 가져왔어. 가려거든 너 혼자 가.\" 셋째 아기 돼지가 창문 사이로 빼꼼히 얼굴만 내밀며 말했어.",
      "srcPage": 13,
      "srcSentenceEA": 3,
      "srcWordEA": 19,
      "character": "나,혼자,아기 돼지,얼굴",
      "setting": "창문",
      "action": "가져왔어,내밀며,말했어",
      "feeling": null,
      "causalRelationship": null,
      "outcomeResolution": null,
      "prediction": null,
      "plotSummaryInfoCount": 1,
      "plotSummaryInfo": {
        "classification": "의사소통",
        "readAge": "초등_저학년",
        "form": "short-form",
        "plotSummaryText": "셋째 아기 돼지가 창문 사이로 빼꼼히 얼굴만 내밀며 벌써 가져왔으니 혼자 가라고 말했습니다.",
        "textWordEA": 13
      }
    },
    {
      "srcTextID": "133511",
      "srcText": "하지만 굴뚝을 타고 내려오던 늑대는 그만 발이 주르륵 미끄러지면서 뜨거운 물속으로 풍덩 빠지고 말았어. \"으악!\" 온몸을 덴 늑대는 겨우 빠져나와 엉엉 울며 도망쳤지. 그 뒤로 아기 돼지 삼 형제는 튼튼한 벽돌집에서 오손도손 서로 도우며 행복하게 살았단다.",
      "srcPage": 16,
      "srcSentenceEA": 3,
      "srcWordEA": 38,
      "character": "굴뚝,늑대,아기 돼지",
      "setting": "물속,벽돌집",
      "action": "굴뚝을 타고,내려오던,미끄러지면서,빠지고 말았어,빠져나와,도망쳤지",
      "feeling": "행복하게",
      "causalRelationship": null,
      "outcomeResolution": "그 뒤로 아기 돼지 삼 형제는 튼튼한 벽돌집에서 오손도손 서로 도우며 행복하게 살았단다.",
      "prediction": null,
      "plotSummaryInfoCount": 1,
      "plotSummaryInfo": {
        "classification": "의사소통",
        "readAge": "초등_저학년",
        "form": "short-form",
        "plotSummaryText": "굴뚝을 타고 내려오던 늑대는 그만 뜨거운 물속으로 풍덩 빠져 온몸을 데어 엉엉 울며 도망쳤고 아기 돼지 삼 형제는 튼튼한 벽돌집에서 행복하게 살았습니다.",
        "textWordEA": 22
      }
    },
    {
      "srcTextID": "133494",
      "srcText": "다른 두 아기 돼지는 계속 길을 갔어. 그러다 나뭇가지를 등짐으로 나르고 있는 아저씨를 만났어. 이번에는 둘째 아기 돼지가 물었지. \"아저씨, 집을 지으려는데 나뭇가지 좀 주실 수 있나요?\" \"그럼, 물론이지.\" 둘째 아기 돼지는 나뭇가지로 듬성듬성 집을 지었어.",
      "srcPage": 3,
      "srcSentenceEA": 6,
      "srcWordEA": 39,
      "character": "아기 돼지,나뭇가지,아저씨",
      "setting": "길,집",
      "action": "갔어,나르고 있는,만났어,지었어",
      "feeling": null,
      "causalRelationship": null,
      "outcomeResolution": null,
      "prediction": null,
      "plotSummaryInfoCount": 1,
      "plotSummaryInfo": {
        "classification": "의사소통",
        "readAge": "초등_저학년",
        "form": "long-form",
        "plotSummaryText": "나뭇가지를 등짐으로 나르고 있는 아저씨를 만나 둘째 아기 돼지가 나뭇가지를 얻어 듬성듬성 집을 지었습니다.",
        "textWordEA": 14
      }
    },
    {
      "srcTextID": "133501",
      "srcText": "첫째 아기 돼지는 둘째 아기 돼지의 집으로 허겁지겁 도망을 갔어. 하지만 곧, 둘째 아기 돼지의 집으로 늑대가 쫓아온 거야. \"아기 돼지야, 문 좀 열어 줘.\"",
      "srcPage": 7,
      "srcSentenceEA": 3,
      "srcWordEA": 26,
      "character": "늑대,아기 돼지",
      "setting": "집,문",
      "action": "도망을 갔어,쫓아온 거야,열어 줘",
      "feeling": null,
      "causalRelationship": null,
      "outcomeResolution": null,
      "prediction": null,
      "plotSummaryInfoCount": 1,
      "plotSummaryInfo": {
        "classification": "의사소통",
        "readAge": "초등_저학년",
        "form": "short-form",
        "plotSummaryText": "첫째 아기 돼지는 둘째 아기 돼지의 집으로 허겁지겁 도망을 갔지만 둘째 아기 돼지의 집으로 늑대가 쫓아왔습니다.",
        "textWordEA": 16
      }
    },
    {
      "srcTextID": "133492",
      "srcText": "길을 가던 아기 돼지 삼 형제는 짚을 져 나르는 아저씨를 만났어. 첫째 아기 돼지가 물었어. \"아저씨, 집을 지으려고 하는데 짚을 좀 주실 수 있나요?\" \"물론이지.\" 첫째 아기 돼지는 짚으로 대충대충 집을 지었지.",
      "srcPage": 2,
      "srcSentenceEA": 4,
      "srcWordEA": 34,
      "character": "아기 돼지,삼 형제,짚,아저씨",
      "setting": "길,집",
      "action": "가던,져 나르는,만났어,물었어,지었지",
      "feeling": null,
      "causalRelationship": null,
      "outcomeResolution": null,
      "prediction": null,
      "plotSummaryInfoCount": 1,
      "plotSummaryInfo": {
        "classification": "의사소통",
        "readAge": "초등_저학년",
        "form": "long-form",
        "plotSummaryText": "길을 가던 첫째 아기 돼지는 짚을 져 나르는 아저씨를 만나 짚을 달라고 해서 짚으로 대충대충 집을 지었습니다.",
        "textWordEA": 17
      }
    },
    {
      "srcTextID": "133503",
      "srcText": "첫째와 둘째 아기 돼지는 셋째 아기 돼지의 집으로 후다닥 도망갔어. 곧이어 늑대가 냉큼 뒤쫓아 왔어. \"아기 돼지야, 문 좀 열어 줘. 같이 놀자!\"",
      "srcPage": 9,
      "srcSentenceEA": 4,
      "srcWordEA": 25,
      "character": "늑대,아기 돼지",
      "setting": "집,문",
      "action": "도망갔어,뒤쫓아 왔어",
      "feeling": null,
      "causalRelationship": null,
      "outcomeResolution": null,
      "prediction": null,
      "plotSummaryInfoCount": 1,
      "plotSummaryInfo": {
        "classification": "의사소통",
        "readAge": "초등_저학년",
        "form": "long-form",
        "plotSummaryText": "첫째와 둘째 아기 돼지는 셋째 아기 돼지의 집으로 도망갔고 늑대가 냉큼 뒤쫓아 왔습니다.",
        "textWordEA": 13
      }
    },
    {
      "srcTextID": "133504",
      "srcText": "늑대는 이번에도 있는 힘을 다해 훅 하고 입김을 불었지만 튼튼한 벽돌집은 꿈쩍도 하지 않았어. 결국, 늑대는 속임수를 쓰기로 했지. \"아기 돼지야, 내일 아침 여섯 시에 같이 맛있는 무 뽑으러 갈래?\" \"그래, 좋아.\" 셋째 아기 돼지가 대답했어.",
      "srcPage": 11,
      "srcSentenceEA": 5,
      "srcWordEA": 38,
      "character": "늑대,아기 돼지,무",
      "setting": "벽돌집,내일 아침 여섯 시",
      "action": "입김을 불었지만,대답했어",
      "feeling": "좋아",
      "causalRelationship": null,
      "outcomeResolution": null,
      "prediction": null,
      "plotSummaryInfoCount": 1,
      "plotSummaryInfo": {
        "classification": "의사소통",
        "readAge": "초등_저학년",
        "form": "long-form",
        "plotSummaryText": "늑대는 있는 힘을 다해 훅 하고 입김을 불었지만 튼튼한 벽돌집은 꿈쩍도 하지 않았고 늑대는 내일 아침 여섯 시에 같이 맛있는 무 뽑으러 가자고 속임수를 썼고, 셋째 아기 돼지가 좋다고 대답했어.",
        "textWordEA": 30
      }
    },
    {
      "srcTextID": "133507",
      "srcText": "하지만 다음 날 아침, 셋째 아기 돼지는 다섯 시에 일어나 먼저 무를 뽑아왔어. 여섯 시가 되자 약속대로 늑대가 찾아왔어. \"안녕, 아기 돼지야, 같이 무밭에 가자.\"",
      "srcPage": 12,
      "srcSentenceEA": 3,
      "srcWordEA": 26,
      "character": "늑대,아기 돼지",
      "setting": "다음 날 아침,무밭,다섯 시,여섯 시",
      "action": "일어나,뽑아왔어,찾아왔어,가자",
      "feeling": null,
      "causalRelationship": null,
      "outcomeResolution": null,
      "prediction": null,
      "plotSummaryInfoCount": 1,
      "plotSummaryInfo": {
        "classification": "의사소통",
        "readAge": "초등_저학년",
        "form": "short-form",
        "plotSummaryText": "다음 날 아침, 셋째 아기 돼지는 다섯 시에 일어나 먼저 무를 뽑아왔고 여섯 시에 늑대가 찾아왔고, 같이 무밭에 가자고 했습니다.",
        "textWordEA": 20
      }
    },
    {
      "srcTextID": "133491",
      "srcText": "옛날 어느 마을에 아기 돼지 삼 형제와 엄마 돼지가 살고 있었어. 어느 날 엄마 돼지가 아기 돼지들에게 말했어. \"이제 너희도 많이 컸으니 행복을 찾아 떠나거라.\" 아기 돼지 삼 형제는 성큼성큼 길을 떠났지.",
      "srcPage": 1,
      "srcSentenceEA": 4,
      "srcWordEA": 34,
      "character": "아기 돼지,삼 형제,엄마 돼지",
      "setting": "옛날,마을,길",
      "action": "살고,말했어,떠났지",
      "feeling": null,
      "causalRelationship": null,
      "outcomeResolution": null,
      "prediction": null,
      "plotSummaryInfoCount": 1,
      "plotSummaryInfo": {
        "classification": "의사소통",
        "readAge": "초등_저학년",
        "form": "long-form",
        "plotSummaryText": "옛날 어느 마을에 아기 돼지 삼 형제와 엄마 돼지가 살고 있었는데 엄마 돼지가 행복을 찾아 떠나라고 했고 아기 돼지 삼 형제는 성큼성큼 길을 떠났습니다.",
        "textWordEA": 24
      }
    },
    {
      "srcTextID": "133495",
      "srcText": "혼자서 길을 가던 셋째 아기 돼지는 벽돌을 싣고 가는 아저씨를 만났어. \"집을 지으려는데 벽돌을 좀 주실 수 있나요?\" \"물론이지.\" 셋째 아기 돼지는 며칠 동안 차곡차곡 벽돌을 쌓아 튼튼한 벽돌집을 완성했어.",
      "srcPage": 4,
      "srcSentenceEA": 3,
      "srcWordEA": 31,
      "character": "아기 돼지,아저씨,벽돌",
      "setting": "길,집,벽돌집,며칠 동안",
      "action": "가던,싣고 가는,만났어,쌓아,완성했어",
      "feeling": null,
      "causalRelationship": null,
      "outcomeResolution": null,
      "prediction": null,
      "plotSummaryInfoCount": 1,
      "plotSummaryInfo": {
        "classification": "의사소통",
        "readAge": "초등_저학년",
        "form": "short-form",
        "plotSummaryText": "혼자서 길을 가던 셋째 아기 돼지는 벽돌을 싣고 가는 아저씨를 만나 벽돌을 얻어 며칠 동안 차곡차곡 벽돌을 쌓아 튼튼한 벽돌집을 완성했습니다.",
        "textWordEA": 21
      }
    },
    {
      "srcTextID": "133500",
      "srcText": "\"같이 놀자!\" \"싫어! 우리를 잡아먹으려고 그러지?\" 그러자 늑대는 이번에도 입바람을 불어 나뭇가지로 만든 집을 부숴 버렸어.",
      "srcPage": 8,
      "srcSentenceEA": 3,
      "srcWordEA": 18,
      "character": "늑대,나뭇가지",
      "setting": "집",
      "action": "입바람을 불어,부숴 버렸어",
      "feeling": "싫어",
      "causalRelationship": null,
      "outcomeResolution": null,
      "prediction": null,
      "plotSummaryInfoCount": 1,
      "plotSummaryInfo": {
        "classification": "의사소통",
        "readAge": "초등_저학년",
        "form": "short-form",
        "plotSummaryText": "같이 놀자고 하자 싫다고 했고 늑대는 이번에도 입바람을 불어 나뭇가지로 만든 집을 부숴 버렸습니다.",
        "textWordEA": 14
      }
    },
    {
      "srcTextID": "133502",
      "srcText": "\"싫어! 우리를 잡아먹으려고 그러지?\" 아기 돼지 삼 형제가 함께 소리쳤어. \"흥! 그러면 집을 날려 버리는 수밖에 없지.\"",
      "srcPage": 10,
      "srcSentenceEA": 3,
      "srcWordEA": 20,
      "character": "우리,아기 돼지",
      "setting": "집",
      "action": "소리쳤어",
      "feeling": "싫어",
      "causalRelationship": null,
      "outcomeResolution": null,
      "prediction": null,
      "plotSummaryInfoCount": 1,
      "plotSummaryInfo": {
        "classification": "의사소통",
        "readAge": "초등_저학년",
        "form": "short-form",
        "plotSummaryText": "아기 돼지 삼 형제가 함께 싫다고 소리치자 집을 날려 버리는 수밖에 없다고 말했습니다.",
        "textWordEA": 13
      }
    },
    {
      "srcTextID": "133499",
      "srcText": "그러던 어느 날이었어. 무서운 늑대가 첫째 아기 돼지의 집으로 살금살금 다가갔어. \"아기 돼지야, 문 좀 열어 줘.\"",
      "srcPage": 5,
      "srcSentenceEA": 3,
      "srcWordEA": 18,
      "character": "늑대,아기 돼지",
      "setting": "어느 날,집,문",
      "action": "다가갔어",
      "feeling": "무서운",
      "causalRelationship": null,
      "outcomeResolution": null,
      "prediction": null,
      "plotSummaryInfoCount": 1,
      "plotSummaryInfo": {
        "classification": "의사소통",
        "readAge": "초등_저학년",
        "form": "short-form",
        "plotSummaryText": "그러던 어느 날 무서운 늑대가 첫째 아기 돼지의 집으로 살금살금 다가가 문 좀 열어 달라고 했습니다.",
        "textWordEA": 16
      }
    },
    {
      "srcTextID": "133498",
      "srcText": "\"같이 놀자!\" \"싫어! 나를 잡아먹으려고 그러지?\" 첫째 아기 돼지가 외치자 늑대는 힘껏 입바람을 불어 밀짚으로 만든 집을  날려 버렸어.",
      "srcPage": 6,
      "srcSentenceEA": 3,
      "srcWordEA": 22,
      "character": "아기 돼지,늑대,밀짚",
      "setting": "집",
      "action": "외치자,입바람을 불어,날려 버렸어",
      "feeling": "싫어",
      "causalRelationship": null,
      "outcomeResolution": null,
      "prediction": null,
      "plotSummaryInfoCount": 1,
      "plotSummaryInfo": {
        "classification": "의사소통",
        "readAge": "초등_저학년",
        "form": "short-form",
        "plotSummaryText": "같이 놀자고 하자 싫다고 첫째 아기 돼지가 외치자, 늑대는 힘껏 입바람을 불어 밀짚으로 만든 집을 날려 버렸습니다.",
        "textWordEA": 17
      }
    },
    {
      "srcTextID": "133510",
      "srcText": "잔뜩 화가 난 늑대는 엉금엉금 지붕으로 올라가 굴뚝을 타고 집 안으로 들어가기로 했어. 하지만 아기 돼지 삼 형제는 이미 모든 준비를 하고 있었지. 커다란 솥에 물을 펄펄 끓였거든.",
      "srcPage": 15,
      "srcSentenceEA": 3,
      "srcWordEA": 30,
      "character": "늑대,아기 돼지,굴뚝,솥,물",
      "setting": "지붕,집 안",
      "action": "올라가,굴뚝을 타고,펄펄 끓였거든",
      "feeling": "화가 난",
      "causalRelationship": null,
      "outcomeResolution": null,
      "prediction": null,
      "plotSummaryInfoCount": 1,
      "plotSummaryInfo": {
        "classification": "의사소통",
        "readAge": "초등_저학년",
        "form": "short-form",
        "plotSummaryText": "잔뜩 화가 난 늑대는 굴뚝을 타고 집 안으로 들어가기로 했지만 아기 돼지 삼 형제는 이미 커다란 솥에 물을 펄펄 끓였습니다.",
        "textWordEA": 20
      }
    }
  ]
}