{
  "title": "피노키오의 모험",
  "author": "태동 출판사",
  "illustrator": "조현아",
  "isbn": "9788968731297",
  "publishedYear": 2013,
  "publisher": "키움북스",
  "paragraphInfoCount": 16,
  "paragraphInfo": [
    {
      "srcTextID": "139305",
      "srcText": "그때 천사가 피노키오를 구해주며 물었어요. 피노키오는 할아버지 몰래 극장에 간 이야기는 빼놓고 거짓말을 했어요. 그러자 갑자기 피노키오의 코가 쑥 길어졌어요. “천사님, 이제 거짓말하지 않을게요.” 그제야 코가 원래대로 돌아왔지요.",
      "srcPage": 6,
      "srcSentenceEA": 5,
      "srcWordEA": 31,
      "character": "천사,피노키오,할아버지,코",
      "setting": "극장",
      "action": "물었어요,길어졌어요",
      "feeling": null,
      "causalRelationship": null,
      "outcomeResolution": null,
      "prediction": null,
      "plotSummaryInfoCount": 1,
      "plotSummaryInfo": {
        "classification": "의사소통",
        "readAge": "초등_저학년",
        "form": "long-form",
        "plotSummaryText": "천사가 피노키오를 구하며 물으니, 피노키오는 할아버지 몰래 극장에 간 일을 빼고 거짓말을 하니 코가 길어졌고, 천사에게 거짓말을 하지 않겠다 빌었더니 코가 짧아집니다.",
        "textWordEA": 22
      }
    },
    {
      "srcTextID": "139306",
      "srcText": "다음날부터 피노키오는 열심히 학교에 다니기로 했어요. 하지만 친구 로메오의 이야기에 홀딱 빠지고 말았어요. “나랑 서커스 구경하러 가자! 정말 재미있을 거야.” 피노키오는 학교 가는 것도 잊어버리고 서커스를 구경하러 갔어요.",
      "srcPage": 7,
      "srcSentenceEA": 5,
      "srcWordEA": 31,
      "character": "피노키오,친구 로메오",
      "setting": "학교",
      "action": "구경하러 갔어요",
      "feeling": null,
      "causalRelationship": null,
      "outcomeResolution": null,
      "prediction": null,
      "plotSummaryInfoCount": 1,
      "plotSummaryInfo": {
        "classification": "의사소통",
        "readAge": "초등_저학년",
        "form": "long-form",
        "plotSummaryText": "다음날부터 피노키오는 성실히 학교에 다니기로 했지만, 친구 로메오가 함께 재미있는 서커스 구경을 가자는 말에 홀려 학교 가는 일을 잊고 서커스 구경을 갑니다.",
        "textWordEA": 22
      }
    },
    {
      "srcTextID": "139300",
      "srcText": "목수인 제페토 할아버지는 혼자서 외롭게 살았어요. 그러던 어느 날, 남자아이가 있으면 좋겠다고 생각해 나무로 뚝딱뚝딱 나무 인형을 만들었어요. 나무 인형은 곧 살아 숨 쉬듯 움직임였어요. “하하! 넌 내 아들이란다. 이름은 피노키오야.”",
      "srcPage": 1,
      "srcSentenceEA": 5,
      "srcWordEA": 35,
      "character": "목수,제페토 할아버지,남자아이,나무,나무 인형,아들,피노키오",
      "setting": "어느 날",
      "action": "만들었어요",
      "feeling": "좋겠다고 생각해",
      "causalRelationship": null,
      "outcomeResolution": null,
      "prediction": null,
      "plotSummaryInfoCount": 1,
      "plotSummaryInfo": {
        "classification": "의사소통",
        "readAge": "초등_저학년",
        "form": "long-form",
        "plotSummaryText": "목수 제페토 할아버지는 외롭게 지내다 어느 날 남자아이가 있으면 좋겠다고 생각해 나무 인형을 만들었고, 나무 인형이 살아있는 것처럼 숨을 쉬자, 자신의 아들이라며 피노키오라 이름을 짓습니다.",
        "textWordEA": 25
      }
    },
    {
      "srcTextID": "139303",
      "srcText": "“썩 꺼져!” 단장이 돈을 주며 피노키오를 내쫓자 못된 여우와 고양이가 다가왔어요. “얘야, 저 나무 밑에 돈을 심으면 나무에 돈이 주렁주렁 열린단다.” “정말요? 그러면 이것보다 훨씬 많은 돈이 생기겠네요!” 그 말에 피노키오는 나무 밑에 돈을 심었어요.",
      "srcPage": 4,
      "srcSentenceEA": 5,
      "srcWordEA": 38,
      "character": "단장,피노키오,여우,고양이",
      "setting": "나무 밑",
      "action": "다가왔어요,심었어요,내쫓자",
      "feeling": null,
      "causalRelationship": null,
      "outcomeResolution": null,
      "prediction": null,
      "plotSummaryInfoCount": 1,
      "plotSummaryInfo": {
        "classification": "의사소통",
        "readAge": "초등_저학년",
        "form": "long-form",
        "plotSummaryText": "단장은 돈을 돌려주며 피노키오를 내보냈고, 못된 여우가 오더니 나무 밑에 돈을 묻으면 돈이 열린다고 말하니 피노키오는 돈이 많아질 거란 기대감에 나무 밑에 돈을 묻습니다.",
        "textWordEA": 24
      }
    },
    {
      "srcTextID": "139307",
      "srcText": "그런데 서커스를 보던 피노키오가 갑자기 당나귀로 변하고 말았어요. 사실 서커스단장은 못된 마법사였던 거예요. 피노키오는 며칠 동안 강제로 서커스를 해야 했어요. 그런데 묘기를 부리다가 그만 다리가 뚝 부러지고 말았지요. “이런, 이제 쓸모가 없겠어. 당나귀 가죽으로 북을 만드는 사람에게 팔아버려야지!”",
      "srcPage": 8,
      "srcSentenceEA": 6,
      "srcWordEA": 42,
      "character": "피노키오,당나귀,서커스단장,마법사,당나귀 가죽,북,사람",
      "setting": null,
      "action": "다리가 뚝 부러지고,변하고,보던,서커스를 해야 했어요",
      "feeling": null,
      "causalRelationship": null,
      "outcomeResolution": null,
      "prediction": null,
      "plotSummaryInfoCount": 1,
      "plotSummaryInfo": {
        "classification": "의사소통",
        "readAge": "초등_저학년",
        "form": "long-form",
        "plotSummaryText": "서커스를 관람하던 피노키오가 당나귀로 변했는데,  못 된 마법사인 서커스 단장은 피노키오가 강제로 며칠 동안 서커스를 하다 묘기 중에 다리가 부러졌고, 그는 쓸모없다며 당나귀 가죽으로 북을 만드는 사람에게 팔겠다 합니다.",
        "textWordEA": 30
      }
    },
    {
      "srcTextID": "139312",
      "srcText": "그리고 육지로 나오자 놀라운 일이 벌어졌어요. 피노키오가 진짜 사람이 된 거예요. “피노키오, 착한 아들이 되겠다고 약속했기 때문에 진짜 사람으로 만들어 준 거야.” “감사합니다. 천사님!” 그 뒤로 피노키오는 제페트 할아버지에게 효도를 하며 착하게 살았답니다.",
      "srcPage": 12,
      "srcSentenceEA": 5,
      "srcWordEA": 36,
      "character": "피노키오,사람,아들,천사님,제페트 할아버지",
      "setting": "육지",
      "action": "만들어 준 거야,효도를 하며",
      "feeling": "놀라운",
      "causalRelationship": null,
      "outcomeResolution": null,
      "prediction": null,
      "plotSummaryInfoCount": 1,
      "plotSummaryInfo": {
        "classification": "의사소통",
        "readAge": "초등_저학년",
        "form": "long-form",
        "plotSummaryText": "육지로 돌아오니 피노키오는 진짜 사람이 되었고, 천사는 착한 아들이 되겠다고 약속했기 때문에 사람으로 만들어 준 것이라 말했고, 피노키오는 감사의 인사를 한 후 제페토 할아버지에게 효도하며 행복하게 살았습니다.",
        "textWordEA": 27
      }
    },
    {
      "srcTextID": "139313",
      "srcText": "유럽에서 인기를 끌었던 인형극 마리오네트 머리와 몸, 팔과 다리의 관절마다 실을 묶어 조정하는 인형극을 ‘마리오네트’라고 해요. 연결한 실을 손으로 조절하며 극을 펼치지요. 유럽에서는 마리오네트 인형극이 활발하게 펼쳐졌는데, 프랑스에서는 샤를마뉴 대제의 전쟁 서사극을 주로 공연했고, 이탈리아에서는 신앙을 고무시키기 위한 극에서 점차 재미를 위한 극으로 변화되기도 했어요. 지금도 이탈리아와 독일, 프랑스 등에는 세계적인 인형 극단이 있을 정도이지요.",
      "srcPage": 16,
      "srcSentenceEA": 5,
      "srcWordEA": 59,
      "character": "마리오네트,머리,몸,팔,다리,실,손,샤를마뉴 대제,인형 극단",
      "setting": "유럽,프랑스,이탈리아,독일",
      "action": "공연했고",
      "feeling": null,
      "causalRelationship": null,
      "outcomeResolution": null,
      "prediction": null,
      "plotSummaryInfoCount": 1,
      "plotSummaryInfo": {
        "classification": "의사소통",
        "readAge": "초등_저학년",
        "form": "long-form",
        "plotSummaryText": "유럽 인기 인형극 마리오네트는 각 관절을 실로 묶어 손으로 인형을 조절하는 인형극으로, 유럽에서 마리오네트 인형극이 활발했고 프랑스에서는 샤를마뉴 대제의 전쟁 서사극이 주요 공연이었고, 이탈리아에서는 신앙에 관한 내용으로 시작해 재미를 위한 극으로 변화했으며 현재도 이탈리아, 프랑스 등에 세계적인 인형극단이 있습니다.",
        "textWordEA": 39
      }
    },
    {
      "srcTextID": "139302",
      "srcText": "피노키오는 할아버지가 준 용돈으로 극장표를 샀어요. 그리고 인형극을 보다 가신이 나서 무대로 올라가 덩실덩실 춤을 추었어요. “이런! 내 인형극을 망치다니, 넌 누구냐?” 단장은 피노키오를 혼내다가 달달 떠는 피노키오가 문득 가여웠어요.",
      "srcPage": 3,
      "srcSentenceEA": 4,
      "srcWordEA": 33,
      "character": "피노키오,할아버지,극장표,단장",
      "setting": "무대",
      "action": "샀어요,올라가,춤을 추었어요,혼내다가",
      "feeling": "신이 나서,가여웠어요",
      "causalRelationship": null,
      "outcomeResolution": null,
      "prediction": null,
      "plotSummaryInfoCount": 1,
      "plotSummaryInfo": {
        "classification": "의사소통",
        "readAge": "초등_저학년",
        "form": "long-form",
        "plotSummaryText": "피노키오는 할아버지가 주신 용돈으로 극장표를 샀고, 인형극을 보며 신이 나서 무대에 올라가 춤을 추었고, 단장은 인형극을 망쳤다며 혼을 내다 피노키오가 두려워 떠는 모습에 가여워합니다.",
        "textWordEA": 24
      }
    },
    {
      "srcTextID": "139304",
      "srcText": "하지만 그건 모두 여우와 고양이의 속임수였어요. “하하! 너 바보구나. 돈을 심는다고 나무에서 돈이 열리다니!” 둘은 피노키오를 나무에 매달아 놓고는 돈을 꺼내 가버렸어요. “엉엉! 살려주세요!”",
      "srcPage": 5,
      "srcSentenceEA": 5,
      "srcWordEA": 28,
      "character": "여우,고양이,바보,피노키오,나무",
      "setting": null,
      "action": "꺼내 가버렸어요,매달아 놓고는",
      "feeling": null,
      "causalRelationship": null,
      "outcomeResolution": null,
      "prediction": null,
      "plotSummaryInfoCount": 1,
      "plotSummaryInfo": {
        "classification": "의사소통",
        "readAge": "초등_저학년",
        "form": "long-form",
        "plotSummaryText": "여우와 고양이는 속이고, 바보 같다며 돈을 묻으면 나무에서 돈이 열릴 것 같냐며 피노키오를 나무에 매달고 돈을 가져가니, 살려달라며 눈물을 흘립니다.",
        "textWordEA": 20
      }
    },
    {
      "srcTextID": "139309",
      "srcText": "‘이제 어쩌지. 아빠도 볼 수 없을 거야.’ 피노키오는 뚝뚝 눈물을 흘렸어요. 그런데 고래 배속에 제페트 할아버지가 계시지 뭐예요! “오! 피노키오. 너를 찾으러 바다에 왔다가 이렇게 되었지 뭐니.” 피노키오는 앞으로 착한 아들이 되기로 약속했어요.",
      "srcPage": 10,
      "srcSentenceEA": 7,
      "srcWordEA": 39,
      "character": "아빠,피노키오,제페트 할아버지,아들",
      "setting": "고래 배속,바다",
      "action": "눈물을 흘렸어요,약속했어요",
      "feeling": null,
      "causalRelationship": null,
      "outcomeResolution": null,
      "prediction": null,
      "plotSummaryInfoCount": 1,
      "plotSummaryInfo": {
        "classification": "의사소통",
        "readAge": "초등_저학년",
        "form": "long-form",
        "plotSummaryText": "피노키오는 아빠를 볼 수 없을 거란 생각에 울고 있는데, 고래 배속에 제페토 할아버지가 계셨고, 할아버지는 자신을 찾으러 왔다 이렇게 되었다고 말했고, 피노키오는 착한 아들이 되기로 약속합니다.",
        "textWordEA": 26
      }
    },
    {
      "srcTextID": "139310",
      "srcText": "제페트 할아버지와 피노키오는 고래 배속에서 나가기 위해 불을 피웠어요. 연기가 가득 차자 고래는 쿨럭쿨럭 기침을 했어요. 그리고 둘은 고래가 뱉어내는 물에 휩쓸려 무사히 빠져나왔어요.",
      "srcPage": 11,
      "srcSentenceEA": 3,
      "srcWordEA": 26,
      "character": "제페트 할아버지,피노키오,고래,물",
      "setting": "고래 배속",
      "action": "불을 피웠어요,기침을 했어요,빠져나왔어요",
      "feeling": null,
      "causalRelationship": null,
      "outcomeResolution": null,
      "prediction": null,
      "plotSummaryInfoCount": 1,
      "plotSummaryInfo": {
        "classification": "의사소통",
        "readAge": "초등_저학년",
        "form": "short-form",
        "plotSummaryText": "제페토 할아버지와 피노키오는 고래 배속에서 탈출하기 위해 불을 피웠고, 연기가 가득 차자 고래가 기침하다 내뱉는 물에 휩쓸려 둘은 무사히 탈출했습니다.",
        "textWordEA": 20
      }
    },
    {
      "srcTextID": "139314",
      "srcText": "천사가 생명을 불어넣어 주어, 사람처럼 생각도 하고 행동도 할 수 있게 되었지요. 하지만 피노키오는 매일 할아버지의 말도 안 듣고 속만 썩인답니다. 이런 피노키오를 언제나 기다려 주고, 따뜻하게 안아주는건 제페트 할아버지뿐이지요. 피노키오의 모험을 통해 부모님의 사랑을 알려주는 동화로 피노키오가 진짜 사람이 되는 장면은 감동을 선사한답니다.",
      "srcPage": 14,
      "srcSentenceEA": 4,
      "srcWordEA": 47,
      "character": "천사,사람,피노키오,할아버지,제페트 할아버지,부모님",
      "setting": null,
      "action": "불어넣어,기다려 주고,안아주는건",
      "feeling": null,
      "causalRelationship": null,
      "outcomeResolution": null,
      "prediction": null,
      "plotSummaryInfoCount": 1,
      "plotSummaryInfo": {
        "classification": "의사소통",
        "readAge": "초등_저학년",
        "form": "long-form",
        "plotSummaryText": "천사가 생명을 주어 사람처럼 생각하고 행동했지만, 피노키오는 말썽을 피우며 할아버지 속을 썩여도 할아버지는 그를 항상 기다려 주며 따뜻하게 맞아주셨고, 피노키오의 모험은 부모님의 사랑을 깨닫게 해주는 동화이고 피노키오가 진짜 사람이 되는 장면은 큰 감동을 줍니다.",
        "textWordEA": 34
      }
    },
    {
      "srcTextID": "139315",
      "srcText": "카를로 콜로디(Collodi, Carlo) 이탈리아의 아동 문학가(1826˜1890)로 본명은 카를로 로렌치니이며, ‘콜로디’는 그가 어린 시절을 보낸 이탈리아 피렌체의 작은 마을 이름이랍니다. 젊은 시절부터 정치 풍자 저널리스트로 이름을 알렸고, 교육에 관심이 많았지요. 1870년대 후반 샤를 페로의 장화신은 고양이 등 프랑스의 옛이야기를 이탈리아 어로 옮겨 찬사를 받은 뒤 용기를 얻어 이때부터 직접 동화를 쓰기 시작했어요. 로마 어린이 신문에 연재한 꼭두각시 인형 이야기가 인기를 끌면서 이 이야기를 토대로 1883년에 피노키오의 모험을 출간했어요. 카를로 콜로디의 작품으로는 마키에트, 쟌네티노의 이탈리아 여행 등이 있답니다.",
      "srcPage": 15,
      "srcSentenceEA": 6,
      "srcWordEA": 81,
      "character": "카를로 콜로디,아동 문학가,카를로 로렌치니,저널리스트,샤를 페로,장화신,고양이,이탈리아 어,꼭두각시 인형,피노키오,마키에트,쟌네티노",
      "setting": "이탈리아,콜로디,피렌체,마을,프랑스,로마,1870년대 후반,1883년",
      "action": "쓰기 시작했어요,출간했어요",
      "feeling": "용기를 얻어",
      "causalRelationship": null,
      "outcomeResolution": null,
      "prediction": null,
      "plotSummaryInfoCount": 1,
      "plotSummaryInfo": {
        "classification": "의사소통",
        "readAge": "초등_저학년",
        "form": "long-form",
        "plotSummaryText": "카를로 콜로디는 이탈리아의 아동 문학가로 본명은 카를로 로렌치니이고 이탈리아 피렌체 콜로디에서 어린 시절을 보냈고, 젊은 시절 정치풍자 저널리스트로 유명했고 교육에 관심이 많았고, 1833년 피노키오의 모험을 출간했으며, 이 외에도 그의 작품으로 마키에트, 쟌네티노의 이탈리아 여행 등이 있습니다.",
        "textWordEA": 36
      }
    },
    {
      "srcTextID": "139301",
      "srcText": "피노키오는 다른 아이들처럼 학교에 가고 싶었어요. 제페토 할아버지는 외투를 팔아 피노키오에게 책도 사주고 용돈까지 주었어요. 그런데 피노키오는 학교에 가다가 극장의 아저씨가 말하는 소리를 들었어요. “극장에 오세요. 재미있는 인형극을 한답니다!”",
      "srcPage": 2,
      "srcSentenceEA": 5,
      "srcWordEA": 32,
      "character": "피노키오,아이들,제페토 할아버지,외투,책,용돈,극장의 아저씨",
      "setting": "학교,극장",
      "action": "사주고,주었어요,팔아,가다가",
      "feeling": "가고 싶었어요",
      "causalRelationship": null,
      "outcomeResolution": null,
      "prediction": "재미있는 인형극을 한답니다!",
      "plotSummaryInfoCount": 1,
      "plotSummaryInfo": {
        "classification": "의사소통",
        "readAge": "초등_저학년",
        "form": "long-form",
        "plotSummaryText": "피노키오가 학교에 다니고 싶어 하자 제페토 할아버지는 외투를 팔아 피노키오의 책을 사주고 용돈도 주었는데, 피노키오가 학교 가는 길에 극장 아저씨가 극장에 오면 재미있는 인형극을 한다고 말하는 것을 듣습니다.",
        "textWordEA": 28
      }
    },
    {
      "srcTextID": "139308",
      "srcText": "“가죽을 벗기려면 물에 퉁퉁 불려야겠군.” 북을 만드는 사람은 피노키오를 바다에 던져두었어요. 그런데 물고기 떼가 피노키오의 살을 뜯어 먹어 피노키오는 본래의 모습으로 돌아왔어요. 하지만 이번에는 커다란 고래에게 잡아먹히고 말았지요.",
      "srcPage": 9,
      "srcSentenceEA": 4,
      "srcWordEA": 31,
      "character": "가죽,물,북,사람,피노키오,물고기 떼,고래",
      "setting": "바다",
      "action": "던져두었어요",
      "feeling": null,
      "causalRelationship": null,
      "outcomeResolution": null,
      "prediction": null,
      "plotSummaryInfoCount": 1,
      "plotSummaryInfo": {
        "classification": "의사소통",
        "readAge": "초등_저학년",
        "form": "long-form",
        "plotSummaryText": "북 만드는 사람은 가죽을 불리기 위해 피노키오를 바다에 던지니, 물고기 떼가 피노키오의 살을 뜯어 먹자 원래 모습으로 돌아왔지만, 커다란 고래가 나타나 그를 잡아먹습니다.",
        "textWordEA": 23
      }
    },
    {
      "srcTextID": "139316",
      "srcText": "피노키오는 어린이신문에 연재되었던 동화예요. 연재가 끝난 뒤 이야기를 모아 출판해 지금의 피노키오가 되었지요. 피노키오는 외로운 제페트 할아버지가 나무로 만든 인형이에요.",
      "srcPage": 13,
      "srcSentenceEA": 3,
      "srcWordEA": 22,
      "character": "피노키오,어린이,제페트 할아버지,나무,인형",
      "setting": null,
      "action": "만든",
      "feeling": "외로운",
      "causalRelationship": null,
      "outcomeResolution": null,
      "prediction": null,
      "plotSummaryInfoCount": 1,
      "plotSummaryInfo": {
        "classification": "의사소통",
        "readAge": "초등_저학년",
        "form": "short-form",
        "plotSummaryText": "피노키오는 어린이 신문에 연재된 동화로 연재가 이후 출판했으며, 피노키오는 제페토 할아버지가 나무로 만든 인형입니다.",
        "textWordEA": 14
      }
    }
  ]
}