{
  "title": "사랑을 고백한 인어공주",
  "author": "글깨비",
  "illustrator": "전경선",
  "isbn": "9788929119058",
  "publishedYear": 2018,
  "publisher": "글뿌리",
  "paragraphInfoCount": 16,
  "paragraphInfo": [
    {
      "srcTextID": "148623",
      "srcText": "인어 공주는 바다에 빠진 왕자를 구해 모래밭에 누였어요. 그리고 왕자에게 입을 맞추며 기도했지요. '제발 왕자님을 살려 주세요!'",
      "srcPage": 4,
      "srcSentenceEA": 3,
      "srcWordEA": 18,
      "character": "인어 공주,왕자",
      "setting": "바다,모래밭",
      "action": "빠진,구해,누였어요,입을 맞추며,기도했지요",
      "feeling": null,
      "causalRelationship": null,
      "outcomeResolution": null,
      "prediction": null,
      "plotSummaryInfoCount": 1,
      "plotSummaryInfo": {
        "classification": "의사소통",
        "readAge": "초등_저학년",
        "form": "short-form",
        "plotSummaryText": "인어 공주는 바다에 빠진 왕자를 구해 모래밭에 누였고, 왕자에게 입을 맞추며 살려달라고 기도했습니다.",
        "textWordEA": 13
      }
    },
    {
      "srcTextID": "148624",
      "srcText": "그때 사람들의 목소리가 들려왔어요. 인어 공주는 재빨리 바위 뒤로 숨었지요. \"어머나, 왕자님! 눈 좀 떠 보세요!\" 이웃 나라 공주와 하인들이었어요. 정신을 차린 왕자는 이웃 나라 공주에게 말했어요. \"당신이 날 구해 주셨군요!\" 왕자는 인어 공주가 자기를 구한 것을 알지 못했어요. '나에게 물고기 꼬리 대신 사람처럼 두 다리가 있었다면.'",
      "srcPage": 5,
      "srcSentenceEA": 9,
      "srcWordEA": 52,
      "character": "인어 공주,왕자님,이웃 나라 공주,하인들",
      "setting": "바위 뒤",
      "action": "숨었지요,정신을 차린,말했어요,구해",
      "feeling": null,
      "causalRelationship": null,
      "outcomeResolution": null,
      "prediction": null,
      "plotSummaryInfoCount": 1,
      "plotSummaryInfo": {
        "classification": "의사소통",
        "readAge": "초등_저학년",
        "form": "long-form",
        "plotSummaryText": "그때 이웃 나라 공주와 하인들의 목소리가 들려 인어 공주는 재빨리 바위 뒤로 숨었는데 정신을 차린 왕자는 이웃 나라 공주에게 당신이 날 구해주었냐고 말했고, 왕자는 인어 공주가 자기를 구한 것을 알지 못했습니다.",
        "textWordEA": 31
      }
    },
    {
      "srcTextID": "148628",
      "srcText": "하지만 결국 왕자는 이웃 나라 공주와 결혼했어요. 이웃 나라 공주가 자신을 구해 주었다고 믿었거든요. 결혼식 날 저녁, 축하 잔치가 열렸어요. 인어 공주는 왕자를 슬픈 눈으로 바라보았지요. '왕자님을 구한 건 바로 저예요.' 그러나 왕자는 이 사실을 까맣게 모른 채 이웃 나라 공주와 춤출 뿐이었어요.",
      "srcPage": 9,
      "srcSentenceEA": 6,
      "srcWordEA": 47,
      "character": "왕자,이웃 나라 공주,인어 공주",
      "setting": "결혼식 날 저녁",
      "action": "결혼했어요,구해 주었다고,믿었거든요,바라보았지요,춤출",
      "feeling": "슬픈",
      "causalRelationship": "하지만 결국 왕자는 이웃 나라 공주와 결혼했어요. 이웃 나라 공주가 자신을 구해 주었다고 믿었거든요.",
      "outcomeResolution": null,
      "prediction": null,
      "plotSummaryInfoCount": 1,
      "plotSummaryInfo": {
        "classification": "의사소통",
        "readAge": "초등_저학년",
        "form": "long-form",
        "plotSummaryText": "하지만 결국 왕자는 이웃 나라 공주가 자신을 구해 주었다고 믿어 결혼을 했고, 그날 저녁 축하 잔치에서 인어 공주는 슬픈 눈으로 바라보았는데 왕자는 자신을 구한 건 인어공주라는 사실을 모른채 이웃 나라 공주와 춤을 추었습니다.",
        "textWordEA": 33
      }
    },
    {
      "srcTextID": "148631",
      "srcText": "인어 공주는 바다에 빠진 왕자를 구해 주면서 사랑을 느꼈어요. 그래서 마녀에게 목소리를 주고 인간의 두 다리를 얻어서 왕자를 찾아왔답니다. 하지만 왕자는 이 사실을 전혀 몰랐어요.",
      "srcPage": 12,
      "srcSentenceEA": 3,
      "srcWordEA": 27,
      "character": "인어 공주,왕자,마녀",
      "setting": "바다",
      "action": "빠진,구해,주고,얻어서,찾아왔답니다",
      "feeling": "사랑을 느꼈어요",
      "causalRelationship": null,
      "outcomeResolution": null,
      "prediction": null,
      "plotSummaryInfoCount": 1,
      "plotSummaryInfo": {
        "classification": "의사소통",
        "readAge": "초등_저학년",
        "form": "short-form",
        "plotSummaryText": "인어 공주는 바다에 빠진 왕자를 구해 주면서 사랑을 느꼈고, 마녀에게 목소리를 주고 인간의 다리를 얻어서 왕자를 찾아왔지만 왕자는 이 사실을 전혀 몰랐습니다.",
        "textWordEA": 22
      }
    },
    {
      "srcTextID": "148622",
      "srcText": "우르릉 쾅! 우르릉 쾅! 갑자기 천둥과 번개가 치기 시작했어요. 파도가 배를 집어삼킬 듯 높게 일어났어요. 왕자가 탄 배는 순식간에 뒤집어졌지요. \"왕자님을 죽게 내버려둘 수는 없어!\"",
      "srcPage": 3,
      "srcSentenceEA": 6,
      "srcWordEA": 29,
      "character": "배,왕자님",
      "setting": null,
      "action": "내버려둘",
      "feeling": null,
      "causalRelationship": null,
      "outcomeResolution": null,
      "prediction": "왕자님을 죽게 내버려둘 수는 없어!",
      "plotSummaryInfoCount": 1,
      "plotSummaryInfo": {
        "classification": "의사소통",
        "readAge": "초등_저학년",
        "form": "long-form",
        "plotSummaryText": "갑자기 천둥과 번개가 치기 시작했고, 배를 집어삼킬 듯 높게 일어나자 왕자가 탄 배는 순식간에 뒤집어졌고 왕자님을 죽게 내버려둘 수 없었습니다.",
        "textWordEA": 20
      }
    },
    {
      "srcTextID": "148629",
      "srcText": "'이제 나는 곧 물거품이 되겠지.' 인어 공주는 바다를 바라보며 슬퍼했어요. 그런데 바로 그때, 언니 인어들이 나타났어요. \"막내야! 해가 뜨기 전에 이 칼을 왕자의 가슴에 꽂아! 그럼 넌 예전처럼 인어가 될 수 있어!\"",
      "srcPage": 10,
      "srcSentenceEA": 5,
      "srcWordEA": 36,
      "character": "인어 공주,언니 인어들,칼,왕자",
      "setting": "바다",
      "action": "바라보며,나타났어요,꽂아",
      "feeling": "슬퍼했어요",
      "causalRelationship": null,
      "outcomeResolution": null,
      "prediction": null,
      "plotSummaryInfoCount": 1,
      "plotSummaryInfo": {
        "classification": "의사소통",
        "readAge": "초등_저학년",
        "form": "long-form",
        "plotSummaryText": "이제 나는 곧 물거품이 되겠지라며 인어공주는 바다를 보며 슬퍼하고있는 그때, 언니 인어들이 나타나 해가 뜨기 전에 이 칼을 왕자의 가슴에 꽂으면 예전처럼 인어가 될 수 있다고 했습니다.",
        "textWordEA": 27
      }
    },
    {
      "srcTextID": "148630",
      "srcText": "인어 공주는 칼을 들고 왕자의 방으로 갔어요. 하지만 도저히 왕자를 찌를 수 없었지요. '왕자님, 안녕!' 인어 공주는 눈물을 흘리며 바다에 몸을 던졌어요. 그리고 서서히 녹아 물거품이 되었답니다.",
      "srcPage": 11,
      "srcSentenceEA": 5,
      "srcWordEA": 30,
      "character": "인어 공주,칼,왕자",
      "setting": "왕자의 방,바다",
      "action": "들고,갔어요,찌를,눈물을 흘리며,몸을 던졌어요",
      "feeling": null,
      "causalRelationship": null,
      "outcomeResolution": "그리고 서서히 녹아 물거품이 되었답니다.",
      "prediction": null,
      "plotSummaryInfoCount": 1,
      "plotSummaryInfo": {
        "classification": "의사소통",
        "readAge": "초등_저학년",
        "form": "long-form",
        "plotSummaryText": "인어 공주는 칼을 들고 왕자의 방으로 갔지만 도저히 찌를 수 없었고, 인어 공주는 눈물을 흘리며 바다에 몸을 던져 물거품이 되었습니다.",
        "textWordEA": 20
      }
    },
    {
      "srcTextID": "148632",
      "srcText": "오히려 이웃 나라 공주가 자신을 구해 주었다고 생각했지요. 그러던 어느 날 왕자와 이웃 나라 공주, 인어 공주는 배를 타고 바다로 나갔어요. 왕자는 줄곧 이웃 나라 공주하고만 즐겁게 이야기했어요. 인어 공주는 너무 속상했지요.",
      "srcPage": 13,
      "srcSentenceEA": 4,
      "srcWordEA": 35,
      "character": "이웃 나라 공주,왕자,인어 공주,배",
      "setting": "바다",
      "action": "구해 주었다,생각했지요,타고,나갔어요,이야기했어요",
      "feeling": "속상했지요",
      "causalRelationship": null,
      "outcomeResolution": null,
      "prediction": null,
      "plotSummaryInfoCount": 1,
      "plotSummaryInfo": {
        "classification": "의사소통",
        "readAge": "초등_저학년",
        "form": "long-form",
        "plotSummaryText": "어느 날 왕자와 이웃 나라 공주, 인어 공주는 배를 타고 바다로 나갔는데 자신을 구해 주었다고 생각하는 이웃 나라 공주와 왕자는 즐겁게 이야기를 나누었고, 인어 공주는 너무 속상했습니다.",
        "textWordEA": 27
      }
    },
    {
      "srcTextID": "148627",
      "srcText": "\"가엾게도 말을 못 하는군요. 나와 함께 궁전으로 갑시다.\" 인어 공주는 왕자의 곁에 머물게 되어 너무 행복했답니다.",
      "srcPage": 8,
      "srcSentenceEA": 3,
      "srcWordEA": 18,
      "character": "인어 공주,나,왕자",
      "setting": "궁전,왕자의 곁",
      "action": "갑시다,머물게",
      "feeling": "행복했답니다",
      "causalRelationship": null,
      "outcomeResolution": null,
      "prediction": null,
      "plotSummaryInfoCount": 1,
      "plotSummaryInfo": {
        "classification": "의사소통",
        "readAge": "초등_저학년",
        "form": "short-form",
        "plotSummaryText": "말을 못하는 가여운 인어 공주에게 함께 궁전으로 가자고 하였고, 왕자의 곁에 머물게 되어 행복했습니다.",
        "textWordEA": 14
      }
    },
    {
      "srcTextID": "148620",
      "srcText": "깊은 바다 속에 인어 궁전이 있었어요. 임금님에게는 여섯 명의 딸이 있었는데 그중 막내 인어 공주가 가장 아름다웠답니다. 인어 공주는 바다 위의 세상이 너무 궁금했어요. \"나도 빨리 열다섯 살이 되어서 바다 위로 나가고 싶어.\"",
      "srcPage": 1,
      "srcSentenceEA": 4,
      "srcWordEA": 35,
      "character": "임금님,딸,막내 인어 공주",
      "setting": "깊은 바다 속,인어 궁전,바다 위의 세상",
      "action": null,
      "feeling": "나가고 싶어",
      "causalRelationship": null,
      "outcomeResolution": null,
      "prediction": "나도 빨리 열다섯 살이 되어서 바다 위로 나가고 싶어.",
      "plotSummaryInfoCount": 1,
      "plotSummaryInfo": {
        "classification": "의사소통",
        "readAge": "초등_저학년",
        "form": "long-form",
        "plotSummaryText": "인어 궁전에 임금님에게는 여섯 명의 딸이 있었는데 그중 막내 인어 공주가 가장 아름다웠으며, 바다 위의 세상이 너무 궁금해서 빨리 열다섯 살이 되기를 바랐습니다.",
        "textWordEA": 23
      }
    },
    {
      "srcTextID": "148621",
      "srcText": "드디어 열다섯 살이 되던 날, 인어 공주는 바다 위로 헤엄쳐 올라갔답니다. 마침 바다 위에는 커다란 배 한 척이 떠 있었어요. 인어 공주는 배 위에서 환하게 웃는 왕자를 보았지요. '어쩌면 저렇게 멋질까!'",
      "srcPage": 2,
      "srcSentenceEA": 4,
      "srcWordEA": 33,
      "character": "인어 공주,왕자",
      "setting": "열다섯 살이 되던 날,바다 위,배 위",
      "action": "헤엄쳐,올라갔답니다,환하게 웃는,보았지요",
      "feeling": null,
      "causalRelationship": null,
      "outcomeResolution": null,
      "prediction": null,
      "plotSummaryInfoCount": 1,
      "plotSummaryInfo": {
        "classification": "의사소통",
        "readAge": "초등_저학년",
        "form": "long-form",
        "plotSummaryText": "드디어 열다섯 살이 되던 날, 인어 공주는 바다 위로 헤엄쳐 올라갔고, 마침 바다 위에는 커다란 배 한 척이 떠 있었는데 배 위에서 환하게 웃는 왕자를 보았습니다.",
        "textWordEA": 26
      }
    },
    {
      "srcTextID": "148625",
      "srcText": "인어 공주는 마녀를 찾아갔어요. 자신의 목소리를 마녀에게 주고 인간의 두 다리를 얻는 물약을 받았지요. \"왕자와 결혼하지 못하면 너는 물거품이 될 것이다!\" 인어 공주는 물약을 들고 바다 위로 올라왔어요. '아빠, 언니들! 모두 안녕!' 그리고 물약을 마시고는 정신을 잃었답니다.",
      "srcPage": 6,
      "srcSentenceEA": 7,
      "srcWordEA": 41,
      "character": "인어 공주,마녀,물약,왕자,아빠,언니들",
      "setting": "바다 위",
      "action": "찾아갔어요,주고,받았지요,올라왔어요,마시고",
      "feeling": null,
      "causalRelationship": null,
      "outcomeResolution": "그리고 물약을 마시고는 정신을 잃었답니다.",
      "prediction": null,
      "plotSummaryInfoCount": 1,
      "plotSummaryInfo": {
        "classification": "의사소통",
        "readAge": "초등_저학년",
        "form": "long-form",
        "plotSummaryText": "인어 공주는 마녀를 찾아가 자신의 목소리를 주고 인간의 두 다리를 얻는 물약을 받았고, 바다 위로 올라와 아빠와 언니들에게 작별인사를 하고 물약을 마시고는 정신을 잃었습니다.",
        "textWordEA": 24
      }
    },
    {
      "srcTextID": "148634",
      "srcText": "그로부터 얼마 후 왕자의 나라에서 올림픽을 열게 되었어요. \"올해는 우리나라에서 올림픽이 열리는데, 마땅한 수영 선수가 없구나.\" 임금님의 말에 왕자는 한 사람이 떠올랐어요. 바로 훌륭한 수영 솜씨로 바다에 빠진 자신을 두 번이나 구해 준 인어 공주였답니다!",
      "srcPage": 15,
      "srcSentenceEA": 4,
      "srcWordEA": 37,
      "character": "임금님,왕자,인어 공주",
      "setting": "왕자의 나라,올해는,우리나라,바다",
      "action": "빠진,구해 준",
      "feeling": null,
      "causalRelationship": null,
      "outcomeResolution": null,
      "prediction": null,
      "plotSummaryInfoCount": 1,
      "plotSummaryInfo": {
        "classification": "의사소통",
        "readAge": "초등_저학년",
        "form": "long-form",
        "plotSummaryText": "그로부터 얼마 후 왕자의 나라에서 올림픽을 열게 되었는데 마땅한 수영 선수가 없어 걱정하는 임금님의 말에 왕자는 바다에 빠진 자신을 두 번이나 구해 준 인어 공주를 떠올랐습니다.",
        "textWordEA": 26
      }
    },
    {
      "srcTextID": "148635",
      "srcText": "\"넌 수영을 정말 잘하던데 수영 경기에 나가 보면 어떻겠니?\" 인어 공주는 잠시 망설였어요. 많은 사람들 앞에 나서는 게 부끄러웠거든요.",
      "srcPage": 16,
      "srcSentenceEA": 3,
      "srcWordEA": 21,
      "character": "인어 공주",
      "setting": null,
      "action": "나가,망설였어요,나서는",
      "feeling": "부끄러웠거든요",
      "causalRelationship": "인어 공주는 잠시 망설였어요. 많은 사람들 앞에 나서는게 부끄러웠거든요.",
      "outcomeResolution": null,
      "prediction": null,
      "plotSummaryInfoCount": 1,
      "plotSummaryInfo": {
        "classification": "의사소통",
        "readAge": "초등_저학년",
        "form": "short-form",
        "plotSummaryText": "수영을 정말 잘하던데 수영 경기에 나가 보면 어떻겠냐는 물음에 인어 공주는 많은 사람 앞에 나서는게 부끄러워 망설였습니다.",
        "textWordEA": 17
      }
    },
    {
      "srcTextID": "148626",
      "srcText": "눈을 떠 보니 왕자가 인어 공주를 내려다보고 있었어요. \"아가씨, 당신은 어디에서 왔나요?\" 하지만 목소리를 잃은 인어 공주는 대답할 수 없었지요.",
      "srcPage": 7,
      "srcSentenceEA": 3,
      "srcWordEA": 21,
      "character": "왕자,인어 공주,아가씨",
      "setting": null,
      "action": "눈을 떠,내려다보고,왔나요,대답할",
      "feeling": null,
      "causalRelationship": null,
      "outcomeResolution": null,
      "prediction": null,
      "plotSummaryInfoCount": 1,
      "plotSummaryInfo": {
        "classification": "의사소통",
        "readAge": "초등_저학년",
        "form": "short-form",
        "plotSummaryText": "눈을 떠 보니 왕자가 내려다보고 있었는데 어디서 왔냐는 왕자의 물음에 목소리를 잃은 인어 공주는 대답할 수 없었습니다.",
        "textWordEA": 17
      }
    },
    {
      "srcTextID": "148633",
      "srcText": "그런데 그때 왕자가 그만 발을 헛디뎌 바다에 빠지고 말았어요. 풍덩! 인어 공주는 곧바로 바다에 뛰어들어 왕자를 구해 냈어요. 정신을 차린 왕자는 큰 소리로 외쳤어요. \"이제야 기억나! 그날 폭풍 속에서 나를 구해 준 사람이 바로 너였구나!\"",
      "srcPage": 14,
      "srcSentenceEA": 6,
      "srcWordEA": 39,
      "character": "왕자,인어 공주",
      "setting": "바다,폭풍 속",
      "action": "발을 헛디뎌,빠지고,뛰어들어,구해 냈어요,정신을 차린,외쳤어요",
      "feeling": null,
      "causalRelationship": null,
      "outcomeResolution": null,
      "prediction": null,
      "plotSummaryInfoCount": 1,
      "plotSummaryInfo": {
        "classification": "의사소통",
        "readAge": "초등_저학년",
        "form": "long-form",
        "plotSummaryText": "그런데 그때 왕자가 그만 발을 헛디뎌 바다에 빠지고 말았고, 인어 공주는 곧바로 바다에 뛰어들어 왕자를 구해 냈는데 정신을 차린 왕자는 기억난다며 그날 나를 구해 준 사람이 바로 너였다고 외쳤습니다.",
        "textWordEA": 29
      }
    }
  ]
}