{
  "title": "이솝 이야기",
  "author": "이솝",
  "illustrator": "정주현",
  "isbn": "9791128211010",
  "publishedYear": 2018,
  "publisher": "아람북스",
  "paragraphInfoCount": 34,
  "paragraphInfo": [
    {
      "srcTextID": "25487",
      "srcText": "“너를 위한 특별 요리야. 맛있게 먹어.” 두루미는 긴 부리로 콕콕 집어 먹었지만 여우는 입맛만 다실 뿐 하나도 먹지 못했어요. 주둥이를 아무리 병 속에 넣으려 해도 들어가지 않았거든요.",
      "srcPage": 21,
      "srcSentenceEA": 4,
      "srcWordEA": 30,
      "character": "여우,두루미",
      "setting": null,
      "action": "먹었지만,먹지,들어가지 않았거든요,넣으려",
      "feeling": null,
      "causalRelationship": "여우는 입맛만 다실 뿐 하나도 먹지 못했어요. 주둥이를 아무리 병 속에 넣으려 해도 들어가지 않았거든요.",
      "outcomeResolution": null,
      "prediction": null,
      "plotSummaryInfoCount": 1,
      "plotSummaryInfo": {
        "classification": "의사소통",
        "readAge": "초등_저학년",
        "form": "long-form",
        "plotSummaryText": "두루미는 긴 부리로 병 속의 음식을 집어 먹었지만, 여우는 주둥이가 병 속에 들어가지 않아 음식을 먹을 수 없었습니다.",
        "textWordEA": 18
      }
    },
    {
      "srcTextID": "25490",
      "srcText": "황금 알을 낳는 거위. 가난한 부부에게 황금 알을 낳는 아주 특별한 거위가 생겼어요. “거위야, 거위야, 황금 알을 쑥쑥 낳아라.” 하지만 거위는 하루에 딱 한 알씩만 황금 알을 낳았어요.",
      "srcPage": 22,
      "srcSentenceEA": 4,
      "srcWordEA": 30,
      "character": "가난한 부부,거위",
      "setting": null,
      "action": "낳았어요",
      "feeling": null,
      "causalRelationship": null,
      "outcomeResolution": "거위는 하루에 딱 한 알씩만 황금 알을 낳았어요.",
      "prediction": null,
      "plotSummaryInfoCount": 1,
      "plotSummaryInfo": {
        "classification": "의사소통",
        "readAge": "초등_저학년",
        "form": "long-form",
        "plotSummaryText": "가난한 부부에게 황금알을 하루에 한 알씩만 낳는 특별한 거위가 생겼습니다.",
        "textWordEA": 10
      }
    },
    {
      "srcTextID": "25492",
      "srcText": "아내는 욕심이 났어요. “황금 알 한 알씩 팔아서 언제 큰 부자가 되겠어요?” 부인은 거위의 꽁지를 잡아당겼어요.",
      "srcPage": 23,
      "srcSentenceEA": 3,
      "srcWordEA": 17,
      "character": "아내,부인,거위",
      "setting": null,
      "action": "팔아서,잡아당겼어요",
      "feeling": null,
      "causalRelationship": null,
      "outcomeResolution": null,
      "prediction": null,
      "plotSummaryInfoCount": 1,
      "plotSummaryInfo": {
        "classification": "의사소통",
        "readAge": "초등_저학년",
        "form": "short-form",
        "plotSummaryText": "아내는 부자가 되려는 욕심이 생겨 거위의 꽁지를 잡아당겼습니다.",
        "textWordEA": 8
      }
    },
    {
      "srcTextID": "25491",
      "srcText": "“거위야, 거위야, 황금 알을 많이 많이 낳으렴.” 그래도 거위는 황금 알을 딱 한 알씩만 낳았어요. 남편이 아내에게 말했어요. “예전보다 넉넉해졌으니 욕심내지 맙시다.”",
      "srcPage": 24,
      "srcSentenceEA": 4,
      "srcWordEA": 24,
      "character": "거위,남편,아내",
      "setting": null,
      "action": "낳았어요,말했어요",
      "feeling": null,
      "causalRelationship": null,
      "outcomeResolution": null,
      "prediction": null,
      "plotSummaryInfoCount": 1,
      "plotSummaryInfo": {
        "classification": "의사소통",
        "readAge": "초등_저학년",
        "form": "long-form",
        "plotSummaryText": "거위가 황금알을 많이 낳길 바라는 아내에게 남편은 욕심내지 말자 말했습니다.",
        "textWordEA": 10
      }
    },
    {
      "srcTextID": "25503",
      "srcText": "아내는 남편의 말을 듣지 않았어요. 오히려 거위의 통통한 배를 만지며 이렇게 말했어요. “무슨 말이에요? 여기에 황금 알이 가득 있을걸요. 그러니 한꺼번에 몽땅 꺼내 버려요.”",
      "srcPage": 25,
      "srcSentenceEA": 5,
      "srcWordEA": 27,
      "character": "아내,남편,거위",
      "setting": "여기에",
      "action": "말했어요,듣지 않았어요,만지며,꺼내 버려요",
      "feeling": null,
      "causalRelationship": null,
      "outcomeResolution": null,
      "prediction": null,
      "plotSummaryInfoCount": 1,
      "plotSummaryInfo": {
        "classification": "의사소통",
        "readAge": "초등_저학년",
        "form": "long-form",
        "plotSummaryText": "아내는 남편의 말을 듣지 않고 거위의 배에 황금알이 가득 있을 것 같으니 몽땅 꺼내자 말했습니다.",
        "textWordEA": 15
      }
    },
    {
      "srcTextID": "25502",
      "srcText": "남편이 아내를 말렸지만 소용없었어요. 아내는 거위를 잡아서 배를 갈랐지요. 그런데 죽은 거위 배 안에는 황금 알은커녕 똥만 잔뜩 들어 있었어요. 아내는 울며 후회했지만 다시는 황금 알을 얻을 수 없었어요.",
      "srcPage": 26,
      "srcSentenceEA": 4,
      "srcWordEA": 32,
      "character": "남편,아내,거위",
      "setting": null,
      "action": "갈랐지요,말렸지만,얻을",
      "feeling": "울며 후회했지만",
      "causalRelationship": null,
      "outcomeResolution": "다시는 황금 알을 얻을 수 없었어요.",
      "prediction": null,
      "plotSummaryInfoCount": 1,
      "plotSummaryInfo": {
        "classification": "의사소통",
        "readAge": "초등_저학년",
        "form": "long-form",
        "plotSummaryText": "남편이 말렸지만 아내는 거위의 배를 갈랐고, 황금알이 아닌 똥이 가득한 모습에 울며 후회했습니다.",
        "textWordEA": 13
      }
    },
    {
      "srcTextID": "25504",
      "srcText": "염소 두 마리. 개울 위에 외나무다리가 있었어요. 어느 날, 염소 두 마리가 외나무다리 한가운데에서 만났어요.",
      "srcPage": 27,
      "srcSentenceEA": 3,
      "srcWordEA": 17,
      "character": "염소",
      "setting": "개울 위에,외나무다리 한가운데에서",
      "action": "만났어요",
      "feeling": null,
      "causalRelationship": null,
      "outcomeResolution": null,
      "prediction": null,
      "plotSummaryInfoCount": 1,
      "plotSummaryInfo": {
        "classification": "의사소통",
        "readAge": "초등_저학년",
        "form": "short-form",
        "plotSummaryText": "어느 날 염소 두 마리가 개울 위 외나무다리 한가운데서 만났습니다.",
        "textWordEA": 10
      }
    },
    {
      "srcTextID": "25505",
      "srcText": "하얀 염소가 말했어요. “저리 좀 비켜!” 까만 염소도 말했어요. “네가 먼저 비켜!” 둘은 서로 먼저 가려고 했어요.",
      "srcPage": 28,
      "srcSentenceEA": 5,
      "srcWordEA": 19,
      "character": "까만 염소,하얀 염소",
      "setting": null,
      "action": "말했어요,가려고",
      "feeling": null,
      "causalRelationship": null,
      "outcomeResolution": null,
      "prediction": null,
      "plotSummaryInfoCount": 1,
      "plotSummaryInfo": {
        "classification": "의사소통",
        "readAge": "초등_저학년",
        "form": "long-form",
        "plotSummaryText": "하얀 염소와 까만 염소는 비키라 말하며 서로 먼저 가려고 했어요.",
        "textWordEA": 10
      }
    },
    {
      "srcTextID": "25507",
      "srcText": "외나무다리는 너무 좁아서 둘 다 지나갈 수는 없었어요. 하얀 염소가 먼저 화를 냈어요. “어서 비키지 못해!”",
      "srcPage": 29,
      "srcSentenceEA": 3,
      "srcWordEA": 17,
      "character": "하얀 염소",
      "setting": "외나무다리",
      "action": "비키지,지나갈 수는 없었어요",
      "feeling": "화를 냈어요",
      "causalRelationship": null,
      "outcomeResolution": null,
      "prediction": null,
      "plotSummaryInfoCount": 1,
      "plotSummaryInfo": {
        "classification": "의사소통",
        "readAge": "초등_저학년",
        "form": "short-form",
        "plotSummaryText": "좁은 외나무다리를 둘 다 지나갈 수 없었고, 하얀 염소가 비키라며 먼저 화를 냈습니다.",
        "textWordEA": 13
      }
    },
    {
      "srcTextID": "25506",
      "srcText": "까만 염소도 맞섰어요. “흥, 너나 비키지 그래!” 두 마리 염소는 서로 뿔을 맞대고 한 걸음도 물러서지 않았어요. 그러다 두 마리 모두 물속에 풍덩 빠지고 말았지요.",
      "srcPage": 30,
      "srcSentenceEA": 4,
      "srcWordEA": 27,
      "character": "까만 염소,두 마리 염소",
      "setting": "물속에",
      "action": "빠지고,맞섰어요,비키지,맞대고",
      "feeling": null,
      "causalRelationship": "서로 뿔을 맞대고 한 걸음도 물러서지 않았어요. 그러다 두 마리 모두 물속에 풍덩 빠지고 말았지요.",
      "outcomeResolution": null,
      "prediction": null,
      "plotSummaryInfoCount": 1,
      "plotSummaryInfo": {
        "classification": "의사소통",
        "readAge": "초등_저학년",
        "form": "long-form",
        "plotSummaryText": "두 마리 염소는 뿔을 맞대며 서로 비키지 않다가 모두 물속에 빠졌습니다.",
        "textWordEA": 11
      }
    },
    {
      "srcTextID": "29092",
      "srcText": "토끼와 거북. 깡충깡충 뛰어가던 토끼가 엉금엉금 기어가는 거북을 만났어요. “느림보 거북아, 내가 기어가도 너보다는 빠르겠다.” 토끼는 키득거리며 거북을 비웃었어요.",
      "srcPage": 31,
      "srcSentenceEA": 4,
      "srcWordEA": 21,
      "character": "토끼,내,거북",
      "setting": null,
      "action": "만났어요,기어가도,비웃었어요",
      "feeling": null,
      "causalRelationship": null,
      "outcomeResolution": null,
      "prediction": null,
      "plotSummaryInfoCount": 1,
      "plotSummaryInfo": {
        "classification": "의사소통",
        "readAge": "초등_저학년",
        "form": "long-form",
        "plotSummaryText": "뛰어가던 토끼가 기어가는 거북이를 만났고, 토끼는 기어가도 너보다 빠르겠다며 거북이를 비웃었습니다.",
        "textWordEA": 11
      }
    },
    {
      "srcTextID": "29091",
      "srcText": "“길고 짧은 건 재 봐야 아는 거 아니야? 우리 달리기 시합을 해 볼까?” 토끼와 거북은 달리기 시합을 하기로 했어요. 언덕 위 나무까지 먼저 가는 쪽이 이기는 거였어요. “준비, 시작!”",
      "srcPage": 32,
      "srcSentenceEA": 5,
      "srcWordEA": 32,
      "character": "토끼,거북",
      "setting": "언덕 위",
      "action": "재 봐야,가는,시합을 하기로 했어요",
      "feeling": null,
      "causalRelationship": null,
      "outcomeResolution": null,
      "prediction": null,
      "plotSummaryInfoCount": 1,
      "plotSummaryInfo": {
        "classification": "의사소통",
        "readAge": "초등_저학년",
        "form": "long-form",
        "plotSummaryText": "토끼와 거북이는 언덕 위 나무까지 달리기 시합을 하기로 했습니다.",
        "textWordEA": 9
      }
    },
    {
      "srcTextID": "25509",
      "srcText": "토끼는 쌩쌩 달려 눈 깜짝할 사이에 언덕 가까이에 도착했어요. 거북은 아직도 저 멀리에서 꾸물대고 있었지요. “아이고, 시시해! 나는 여기서 한숨 자고 가야겠다.”",
      "srcPage": 33,
      "srcSentenceEA": 4,
      "srcWordEA": 24,
      "character": "토끼,거북",
      "setting": "언덕 가까이에",
      "action": "자고,가야겠다,달려,도착했어요",
      "feeling": "시시해",
      "causalRelationship": null,
      "outcomeResolution": null,
      "prediction": null,
      "plotSummaryInfoCount": 1,
      "plotSummaryInfo": {
        "classification": "의사소통",
        "readAge": "초등_저학년",
        "form": "long-form",
        "plotSummaryText": "눈 깜짝할 사이에 언덕 가까이에 도착한 토끼는 저 멀리 꾸물대는 거북이를 보고 한숨 자고 가야겠다 말했습니다.",
        "textWordEA": 16
      }
    },
    {
      "srcTextID": "25508",
      "srcText": "토끼가 잠을 자는 동안에도 거북은 열심히 달렸어요. 쉬지 않고 엉금엉금, 있는 힘을 다해 엉금엉금. 토끼는 쿨쿨 잠을 자느라 거북이 지나가는 줄도 몰랐지요. 드디어 거북이 언덕 위 나무에 도착했어요. “내가 이겼다!” 토끼가 잠에서 깨어 허둥지둥 달려갔지만 이미 때는 늦었지요.",
      "srcPage": 34,
      "srcSentenceEA": 6,
      "srcWordEA": 42,
      "character": "토끼,거북이",
      "setting": "언덕 위 나무에",
      "action": "달렸어요,도착했어요,달려갔지만,늦었지요",
      "feeling": "허둥지둥",
      "causalRelationship": null,
      "outcomeResolution": null,
      "prediction": null,
      "plotSummaryInfoCount": 1,
      "plotSummaryInfo": {
        "classification": "의사소통",
        "readAge": "초등_저학년",
        "form": "long-form",
        "plotSummaryText": "거북이는 토끼가 잠을 자는 동안 열심히 달려 언덕 위 나무에 먼저 도착했고, 잠에서 깬 토끼는 허둥지둥 달려갔지만 이미 늦었습니다.",
        "textWordEA": 19
      }
    },
    {
      "srcTextID": "29085",
      "srcText": "은혜 갚은 생쥐. 작은 생쥐 한 마리가 언덕을 오르고 있었어요. 언덕이 어찌나 푹신푹신하고 보드라운지 작은 생쥐는 벌러덩 눕기도 하고 폴짝폴짝 뛰기도 했어요.",
      "srcPage": 1,
      "srcSentenceEA": 3,
      "srcWordEA": 24,
      "character": "작은 생쥐",
      "setting": "언덕을",
      "action": "오르고 있었어요,뛰기도 했어요,눕기도 하고",
      "feeling": null,
      "causalRelationship": "언덕이 어찌나 푹신푹신하고 보드라운지 작은 생쥐는 벌러덩 눕기도 하고 폴짝폴짝 뛰기도 했어요.",
      "outcomeResolution": null,
      "prediction": null,
      "plotSummaryInfoCount": 1,
      "plotSummaryInfo": {
        "classification": "의사소통",
        "readAge": "초등_저학년",
        "form": "short-form",
        "plotSummaryText": "작은 생쥐가 푹신하고 보드라운 언덕을 눕고 뛰며 오르고 있습니다.",
        "textWordEA": 9
      }
    },
    {
      "srcTextID": "29083",
      "srcText": "그때였어요. “으르렁으르렁! 어떤 놈이냐?” 잠잠하던 언덕이 부르르 흔들리더니 하늘로 솟구쳐 올랐어요. “으악!” 작은 생쥐의 몸이 하늘로 떠올랐지요. 생쥐가 드러누운 언덕은 다름 아닌 사자 등이었어요.",
      "srcPage": 2,
      "srcSentenceEA": 4,
      "srcWordEA": 28,
      "character": "생쥐,사자",
      "setting": "하늘로,언덕",
      "action": "흔들리더니,솟구쳐 올랐어요,드러누운",
      "feeling": null,
      "causalRelationship": null,
      "outcomeResolution": null,
      "prediction": "생쥐가 드러누운 언덕은 다름 아닌 사자 등이었어요.",
      "plotSummaryInfoCount": 1,
      "plotSummaryInfo": {
        "classification": "의사소통",
        "readAge": "초등_저학년",
        "form": "long-form",
        "plotSummaryText": "언덕이 하늘로 솟구쳐 오르자 생쥐의 몸은 하늘로 떠올랐고, 생쥐가 드러누운 언덕은 사자의 등이었습니다.",
        "textWordEA": 13
      }
    },
    {
      "srcTextID": "29084",
      "srcText": "사자는 앞발로 휙 하고 생쥐를 움켜잡았어요. “이놈! 감히 내 등짝에서 뜀박질을 해? 살려 두지 않겠다.” 사자가 으르렁거리자, 작은 생쥐는 달달 떨면서 빌었어요.",
      "srcPage": 3,
      "srcSentenceEA": 4,
      "srcWordEA": 25,
      "character": "사자,생쥐",
      "setting": "등짝에서",
      "action": "움켜잡았어요,빌었어요,뜀박질을 해,달달 떨면서",
      "feeling": null,
      "causalRelationship": null,
      "outcomeResolution": null,
      "prediction": null,
      "plotSummaryInfoCount": 1,
      "plotSummaryInfo": {
        "classification": "의사소통",
        "readAge": "초등_저학년",
        "form": "long-form",
        "plotSummaryText": "사자는 생쥐를 움켜잡으며 살려 두지 않겠다 말했고, 작은 생쥐는 달달 떨며 빌었습니다.",
        "textWordEA": 12
      }
    },
    {
      "srcTextID": "29082",
      "srcText": "“하, 한번만 살려 주세요. 이 은혜는 꼭 갚을게요.” 생쥐는 눈물을 뚝뚝 흘렸어요.",
      "srcPage": 4,
      "srcSentenceEA": 3,
      "srcWordEA": 14,
      "character": "생쥐",
      "setting": null,
      "action": "흘렸어요,갚을게요",
      "feeling": null,
      "causalRelationship": null,
      "outcomeResolution": null,
      "prediction": null,
      "plotSummaryInfoCount": 1,
      "plotSummaryInfo": {
        "classification": "의사소통",
        "readAge": "초등_저학년",
        "form": "short-form",
        "plotSummaryText": "생쥐는 한 번만 살려주면 은혜를 갚겠다며 눈물을 흘렸습니다.",
        "textWordEA": 8
      }
    },
    {
      "srcTextID": "29081",
      "srcText": "“밤톨만 한 것이 은혜를 갚겠다고? 좋다, 한번만 용서해 주지.” 사자는 생쥐를 놓아주었어요.",
      "srcPage": 5,
      "srcSentenceEA": 3,
      "srcWordEA": 14,
      "character": "사자,생쥐",
      "setting": null,
      "action": "놓아주었어요,용서해 주지",
      "feeling": null,
      "causalRelationship": null,
      "outcomeResolution": null,
      "prediction": null,
      "plotSummaryInfoCount": 1,
      "plotSummaryInfo": {
        "classification": "의사소통",
        "readAge": "초등_저학년",
        "form": "short-form",
        "plotSummaryText": "사자는 은혜를 갚겠다면 용서해 주겠다 말하고 생쥐를 놓아주었습니다.",
        "textWordEA": 8
      }
    },
    {
      "srcTextID": "25472",
      "srcText": "며칠이 지난 어느 날이었어요. “으르렁으르렁, 사자 살려!” 먹이를 찾던 사자가 사냥꾼이 쳐 놓은 그물에 걸리고 말았어요.",
      "srcPage": 6,
      "srcSentenceEA": 3,
      "srcWordEA": 17,
      "character": "사자,사냥꾼",
      "setting": "며칠이 지난 어느 날",
      "action": "찾던,걸리고 말았어요",
      "feeling": null,
      "causalRelationship": null,
      "outcomeResolution": null,
      "prediction": null,
      "plotSummaryInfoCount": 1,
      "plotSummaryInfo": {
        "classification": "의사소통",
        "readAge": "초등_저학년",
        "form": "short-form",
        "plotSummaryText": "며칠이 지난 어느 날 사자는 먹이를 찾다 사냥꾼의 그물에 걸리고 말았습니다.",
        "textWordEA": 11
      }
    },
    {
      "srcTextID": "25469",
      "srcText": "“사자 살려! 사자 살려! 어흥.” 아무도 사자를 구해 주지 않았어요. “동물의 왕인 내가 이렇게 죽는 건가? 어흥!” 사자는 그물을 끊으려고 안간힘을 썼지만 소용이 없었어요.",
      "srcPage": 7,
      "srcSentenceEA": 7,
      "srcWordEA": 29,
      "character": "사자,내",
      "setting": "그물",
      "action": "끊으려고,안간힘을 썼지만",
      "feeling": null,
      "causalRelationship": null,
      "outcomeResolution": null,
      "prediction": null,
      "plotSummaryInfoCount": 1,
      "plotSummaryInfo": {
        "classification": "의사소통",
        "readAge": "초등_저학년",
        "form": "long-form",
        "plotSummaryText": "사자를 아무도 구해주지 않았고, 사자는 그물을 끊으려 안간힘을 썼습니다.",
        "textWordEA": 9
      }
    },
    {
      "srcTextID": "25470",
      "srcText": "그때였어요. “사자님, 제가 구해 드릴게요.” 사자의 울음소리를 들은 작은 생쥐가 달려와 앞니로 그물을 갉았어요. 생쥐는 앞니가 아팠지만 꾹 참고 그물을 끊어 냈지요.",
      "srcPage": 8,
      "srcSentenceEA": 3,
      "srcWordEA": 24,
      "character": "사자,작은 생쥐",
      "setting": null,
      "action": "들은,갉았어요,끊어 냈지요,달려와",
      "feeling": "아팠지만",
      "causalRelationship": "앞니로 그물을 갉았어요,그물을 끊어 냈지요",
      "outcomeResolution": null,
      "prediction": null,
      "plotSummaryInfoCount": 1,
      "plotSummaryInfo": {
        "classification": "의사소통",
        "readAge": "초등_저학년",
        "form": "short-form",
        "plotSummaryText": "사자의 울음소리를 듣고 생쥐가 달려왔고, 생쥐는 앞니로 그물을 끊어냈습니다.",
        "textWordEA": 9
      }
    },
    {
      "srcTextID": "25471",
      "srcText": "그물을 뚫고 나온 사자가 말했어요. “너는 그때 그 생쥐가 아니냐?” “네, 제가 은혜는 꼭 갚는다고 했잖아요.” 생쥐는 너무 지쳐 말을 잇지 못했어요. “세상에! 고맙구나. 정말 고마워.”",
      "srcPage": 9,
      "srcSentenceEA": 6,
      "srcWordEA": 29,
      "character": "사자,생쥐,제",
      "setting": null,
      "action": "말했어요,갚는다고,잇지",
      "feeling": "지쳐",
      "causalRelationship": null,
      "outcomeResolution": null,
      "prediction": null,
      "plotSummaryInfoCount": 1,
      "plotSummaryInfo": {
        "classification": "의사소통",
        "readAge": "초등_저학년",
        "form": "long-form",
        "plotSummaryText": "생쥐는 그물에서 나온 사자에게 제가 은혜를 갚겠다고 말하지 않았냐 말했고, 사자는 고마워했습니다.",
        "textWordEA": 12
      }
    },
    {
      "srcTextID": "25479",
      "srcText": "아버지와 아들과 당나귀. 아버지와 아들이 당나귀를 팔러 장터로 가는데 누군가 이렇게 말했어요. “당나귀를 타고 가면 편할 텐데.”",
      "srcPage": 10,
      "srcSentenceEA": 3,
      "srcWordEA": 18,
      "character": "아버지,아들,당나귀",
      "setting": null,
      "action": "팔러,가는데,말했어요",
      "feeling": null,
      "causalRelationship": null,
      "outcomeResolution": null,
      "prediction": null,
      "plotSummaryInfoCount": 1,
      "plotSummaryInfo": {
        "classification": "의사소통",
        "readAge": "초등_저학년",
        "form": "short-form",
        "plotSummaryText": "아버지와 아들이 당나귀를 팔러 장터로 가는데 누군가 당나귀를 타고 가면 편할 것이라 말합니다.",
        "textWordEA": 13
      }
    },
    {
      "srcTextID": "25478",
      "srcText": "아버지는 ‘옳다구나’ 하고 아들을 당나귀에 태웠어요. 한참을 그렇게 가고 있는데 한 노인을 만났어요. “늙은 아버지를 걷게 하다니, 젊은 아들이 버르장머리가 없군.” 아버지는 ‘옳다구나’ 하고 아들을 내리게 한 뒤 대신 당나귀에 올라탔어요.",
      "srcPage": 11,
      "srcSentenceEA": 6,
      "srcWordEA": 35,
      "character": "아버지,아들,당나귀,노인",
      "setting": null,
      "action": "만났어요,올라탔어요,걷게,가고,태웠어요",
      "feeling": null,
      "causalRelationship": null,
      "outcomeResolution": null,
      "prediction": null,
      "plotSummaryInfoCount": 1,
      "plotSummaryInfo": {
        "classification": "의사소통",
        "readAge": "초등_저학년",
        "form": "long-form",
        "plotSummaryText": "아버지가 아들을 당나귀에 태우고 가는 중에 노인을 만났고, 이를 본 노인이 아들에게 버르장머리가 없다 말하자 아버지는 자신이 당나귀에 올라탔습니다.",
        "textWordEA": 19
      }
    },
    {
      "srcTextID": "25480",
      "srcText": "우물가를 지나가는데 빨래하던 아주머니들이 수군댔어요. “어린 아들을 걷게 하다니, 아버지가 아들을 사랑하지 않는군.” 아버지는 ‘옳다구나’ 하고 아들까지 당나귀에 태웠어요.",
      "srcPage": 12,
      "srcSentenceEA": 4,
      "srcWordEA": 21,
      "character": "아버지,아주머니들,아들,당나귀",
      "setting": "우물가",
      "action": "태웠어요,지나가는데,빨래하던,수군댔어요",
      "feeling": null,
      "causalRelationship": null,
      "outcomeResolution": null,
      "prediction": null,
      "plotSummaryInfoCount": 1,
      "plotSummaryInfo": {
        "classification": "의사소통",
        "readAge": "초등_저학년",
        "form": "long-form",
        "plotSummaryText": "우물가의 아주머니들이 아이를 걷게 하는 아버지라고 수군대자 아버지는 아들까지 당나귀에 태웠습니다.",
        "textWordEA": 11
      }
    },
    {
      "srcTextID": "25481",
      "srcText": "잠시 뒤, 당나귀가 너무 힘들어 비틀거리자 지나가던 사람들이 흉을 보았어요. “두 사람이나 타고 가다니, 당나귀가 불쌍하군.” 아버지는 ‘옳다구나’ 하고 당나귀를 묶어서 어깨에 멨어요.",
      "srcPage": 13,
      "srcSentenceEA": 4,
      "srcWordEA": 25,
      "character": "당나귀,아버지",
      "setting": "잠시 뒤",
      "action": "비틀거리자,흉을 보았어요,타고,묶어서,멨어요",
      "feeling": null,
      "causalRelationship": null,
      "outcomeResolution": null,
      "prediction": null,
      "plotSummaryInfoCount": 1,
      "plotSummaryInfo": {
        "classification": "의사소통",
        "readAge": "초등_저학년",
        "form": "long-form",
        "plotSummaryText": "잠시 뒤 당나귀가 비틀거리자 두 사람이 타 불쌍하다며 사람들이 흉을 보았고, 아버지는 당나귀를 어깨에 멨습니다.",
        "textWordEA": 15
      }
    },
    {
      "srcTextID": "25483",
      "srcText": "아버지와 아들은 낑낑거리며 시냇물을 건넜어요. 장대에 묶인 당나귀는 답답한지 버둥거렸지요. 물에서 놀던 아이들이 배꼽을 잡고 웃었어요.",
      "srcPage": 14,
      "srcSentenceEA": 3,
      "srcWordEA": 18,
      "character": "아버지,아들,아이들",
      "setting": "물에서",
      "action": "건넜어요,묶인,버둥거렸지요,웃었어요",
      "feeling": null,
      "causalRelationship": null,
      "outcomeResolution": null,
      "prediction": null,
      "plotSummaryInfoCount": 1,
      "plotSummaryInfo": {
        "classification": "의사소통",
        "readAge": "초등_저학년",
        "form": "short-form",
        "plotSummaryText": "아버지와 아들은 낑낑거리며 시냇물을 건넜고, 장대에 묶인 당나귀가 버둥거리자 물에서 놀던 아이들이 웃었습니다.",
        "textWordEA": 13
      }
    },
    {
      "srcTextID": "25482",
      "srcText": "“하하하! 사람이 당나귀를 메고 가네.” 왁자지껄 웃음소리에 깜짝 놀란 당나귀가 발버둥을 쳤어요. 아버지와 아들은 비틀거리다가 당나귀와 함께 시냇물에 풍덩 빠졌어요.",
      "srcPage": 15,
      "srcSentenceEA": 3,
      "srcWordEA": 23,
      "character": "사람,아버지,아들,당나귀",
      "setting": "시냇물에",
      "action": "메고,발버둥을 쳤어요,빠졌어요,비틀거리다가",
      "feeling": "깜짝 놀란",
      "causalRelationship": null,
      "outcomeResolution": null,
      "prediction": null,
      "plotSummaryInfoCount": 1,
      "plotSummaryInfo": {
        "classification": "의사소통",
        "readAge": "초등_저학년",
        "form": "short-form",
        "plotSummaryText": "웃는 소리에 놀란 당나귀가 발버둥 치자 아버지와 아들 그리고 당나귀는 시냇물에 함께 빠졌습니다.",
        "textWordEA": 13
      }
    },
    {
      "srcTextID": "25486",
      "srcText": "여우와 두루미. 여우가 두루미를 초대했어요. “우리 집에 놀러 와. 맛있는 음식을 줄게.”",
      "srcPage": 16,
      "srcSentenceEA": 4,
      "srcWordEA": 14,
      "character": "여우,두루미",
      "setting": "우리 집에",
      "action": "초대했어요,줄게,놀러 와",
      "feeling": null,
      "causalRelationship": null,
      "outcomeResolution": null,
      "prediction": null,
      "plotSummaryInfoCount": 1,
      "plotSummaryInfo": {
        "classification": "의사소통",
        "readAge": "초등_저학년",
        "form": "long-form",
        "plotSummaryText": "여우가 집에 놀러 오면 맛있는 음식을 준다며 두루미를 초대했습니다.",
        "textWordEA": 9
      }
    },
    {
      "srcTextID": "25485",
      "srcText": "두루미가 숲에 사는 여우 집에 가니 맛있는 냄새가 솔솔 났어요. 두루미는 잔뜩 기대를 하고 기다렸어요. 잠시 뒤, 여우가 납작한 접시에 음식을 담아 가져왔어요.",
      "srcPage": 17,
      "srcSentenceEA": 3,
      "srcWordEA": 25,
      "character": "두루미,여우",
      "setting": "숲에,잠시 뒤,여우 집",
      "action": "가니,기다렸어요,담아,가져왔어요",
      "feeling": "기대를 하고",
      "causalRelationship": null,
      "outcomeResolution": null,
      "prediction": null,
      "plotSummaryInfoCount": 1,
      "plotSummaryInfo": {
        "classification": "의사소통",
        "readAge": "초등_저학년",
        "form": "short-form",
        "plotSummaryText": "숙속 여우 집에서 맛있는 냄새가 나자 두루미는 기대했고, 잠시 뒤 여우는 납작한 접시에 음식을 담아왔습니다.",
        "textWordEA": 15
      }
    },
    {
      "srcTextID": "25484",
      "srcText": "“너를 위한 특별 요리야. 맛있게 먹어.” 여우는 혀로 핥아 가며 할짝할짝 먹었지만 두루미는 한 모금도 먹을 수 없었어요. 길고 뾰족한 부리로 아무리 콕콕 쪼아도 접시에 담긴 음식을 먹을 수 없었거든요.",
      "srcPage": 18,
      "srcSentenceEA": 4,
      "srcWordEA": 33,
      "character": "여우,두루미",
      "setting": null,
      "action": "핥아 가며,먹을",
      "feeling": null,
      "causalRelationship": "두루미는 한 모금도 먹을 수 없었어요. 길고 뾰족한 부리로 아무리 콕콕 쪼아도 접시에 담긴 음식을 먹을 수 없었거든요.",
      "outcomeResolution": null,
      "prediction": null,
      "plotSummaryInfoCount": 1,
      "plotSummaryInfo": {
        "classification": "의사소통",
        "readAge": "초등_저학년",
        "form": "long-form",
        "plotSummaryText": "여우는 두루미를 위한 요리라 말한 뒤 음식을 혀로 핥아먹었지만, 길고 뾰족한 부리의 두루미는 접시의 음식을 먹을 수 없었습니다.",
        "textWordEA": 18
      }
    },
    {
      "srcTextID": "25488",
      "srcText": "다음 날에는 두루미가 여우를 초대했어요. “우리 집에 놀러 와. 맛있는 음식을 줄게.”",
      "srcPage": 19,
      "srcSentenceEA": 3,
      "srcWordEA": 13,
      "character": "두루미,여우",
      "setting": "다음 날에는,우리 집에",
      "action": "초대했어요,놀러 와,줄게",
      "feeling": null,
      "causalRelationship": null,
      "outcomeResolution": null,
      "prediction": null,
      "plotSummaryInfoCount": 1,
      "plotSummaryInfo": {
        "classification": "의사소통",
        "readAge": "초등_저학년",
        "form": "short-form",
        "plotSummaryText": "다음 날 두루미는 집에 오면 맛있는 음식을 준다며 여우를 초대합니다.",
        "textWordEA": 10
      }
    },
    {
      "srcTextID": "25489",
      "srcText": "여우가 강에 사는 두루미 집에 가니 맛있는 냄새가 솔솔 났어요. 여우는 침을 꼴깍 삼키며 기다렸어요. 잠시 뒤, 두루미가 길쭉한 병 속에 음식을 담아 가져왔어요.",
      "srcPage": 20,
      "srcSentenceEA": 3,
      "srcWordEA": 26,
      "character": "여우,두루미",
      "setting": "집에,잠시 뒤",
      "action": "기다렸어요,가져왔어요,담아",
      "feeling": null,
      "causalRelationship": null,
      "outcomeResolution": null,
      "prediction": null,
      "plotSummaryInfoCount": 1,
      "plotSummaryInfo": {
        "classification": "의사소통",
        "readAge": "초등_저학년",
        "form": "short-form",
        "plotSummaryText": "강가의 두루미의 집에서 맛있는 냄새가 나자 여우는 기대하며 기다렸고, 잠시 뒤 두루미는 길쭉한 병 속에 음식을 담아왔습니다.",
        "textWordEA": 17
      }
    }
  ]
}