{
  "title": "당나귀 알을 산 농무",
  "author": "우일문",
  "illustrator": "남지우",
  "isbn": "9788992191593",
  "publishedYear": 2006,
  "publisher": "한국아이엔이",
  "paragraphInfoCount": 58,
  "paragraphInfo": [
    {
      "srcTextID": "102739",
      "srcText": "‘이걸 사 가면 아내가 좋아할 거야.’ 농부는 옷감을 주고 수박을 사서 집으로 향했습니다. 수박장수는 마침 수박도 거의 다 팔았으므로 얼른 물건들을 정리해 집으로 가 버렸습니다.",
      "srcPage": 14,
      "srcSentenceEA": 3,
      "srcWordEA": 27,
      "character": "아내,농부,옷감,수박,수박장수,물건들",
      "setting": null,
      "action": "주고,사서,향했습니다,팔았으므로,정리해,가 버렸습니다",
      "feeling": null,
      "causalRelationship": null,
      "outcomeResolution": null,
      "prediction": null,
      "plotSummaryInfoCount": 1,
      "plotSummaryInfo": {
        "classification": "의사소통",
        "readAge": "초등_저학년",
        "form": "short-form",
        "plotSummaryText": "옷감을 주고 수박을 산 농부가 집으로 향하자, 수박 장수도 물건들을 정리하고 집으로 가버렸습니다.",
        "textWordEA": 13
      }
    },
    {
      "srcTextID": "99760",
      "srcText": "그 말을 믿은 농부는 동물의 알을 사서 집으로 돌아오고 아내에게 혼이 납니다. 아직도 수박을 당나귀 알이라고 믿는 바보 농부에게 사람들이 진실을 말해 주지만 전혀 듣지를 고 오히려 수박을 당나귀 알이라며 팔려고 합니다. 때마침 그 곳을 지나던 어느 바보 여자에게 수박을 당나귀 알이라며 팔게 되고 그 바보 부부는 수박을 당나귀 알이라고 믿으며 당나귀 새끼가 태어나기를 기다립니다.",
      "srcPage": 55,
      "srcSentenceEA": 3,
      "srcWordEA": 57,
      "character": "농부,아내,수박,당나귀 새끼,당나귀 알,동물,알,사람들,바보 여자,바보 부부",
      "setting": "집,그 곳",
      "action": "사서,돌아오고,말해,듣지를,팔려고,지나던,팔게,태어나기를,기다립니다",
      "feeling": null,
      "causalRelationship": null,
      "outcomeResolution": null,
      "prediction": null,
      "plotSummaryInfoCount": 1,
      "plotSummaryInfo": {
        "classification": "의사소통",
        "readAge": "초등_저학년",
        "form": "short-form",
        "plotSummaryText": "농부는 동물의 알을 사서 집으로 돌아와 아내에게 혼이 났고 사람들도 진실을 말해 주지만, 농부는 오히려 수박을 당나귀 알이라며 어느 바보 여자에게 팔게 되고 바보 부부는 수박에서 당나귀 새끼가 태어나기를 기다립니다.",
        "textWordEA": 30
      }
    },
    {
      "srcTextID": "99764",
      "srcText": "옹기는 전통적으로 우리 나라 사람들이 음식을 담거나, 술이나 음료수를 담아 두는 그릇으로 이용하였어요. 만드는 방법은 흙을 반죽해서 그늘에서 말린 뒤 벽돌 모양으로 만들고, 다시 바닥에 쳐서 판자 모양을 만든 후 물레에 올려 놓고 방망이로 다듬어서 만든답니다. 지금은 플라스틱이나 스테인레스 그릇에 밀려 많이 사용하지는 않는답니다.",
      "srcPage": 57,
      "srcSentenceEA": 3,
      "srcWordEA": 46,
      "character": "옹기,사람들,스테인레스 그릇,방망이,음식,술,음료수,그릇,흙,벽돌,판자,물레",
      "setting": null,
      "action": "담거나,담아 두는,이용하였어요,만드는,반죽해서,말린,만들고,쳐서,올려,다듬어서,만든답니다,밀려,사용하지는",
      "feeling": null,
      "causalRelationship": null,
      "outcomeResolution": null,
      "prediction": null,
      "plotSummaryInfoCount": 1,
      "plotSummaryInfo": {
        "classification": "의사소통",
        "readAge": "초등_저학년",
        "form": "short-form",
        "plotSummaryText": "옹기는 전통적으로 우리 나라 사람들이 음식, 술, 음료수를 담아 두는 그릇으로 이용하였는데 지금은 플라스틱이나 스테인레스 그릇에 밀려 많이 사용하지는 않습니다.",
        "textWordEA": 20
      }
    },
    {
      "srcTextID": "99741",
      "srcText": "“아니, 이게 무엇인지도 모른단 말이에요?” 수박장수 말에 농부는 바보같이 웃으며 또 물었습니다. “무슨 알이 이렇게 커요?\"",
      "srcPage": 10,
      "srcSentenceEA": 3,
      "srcWordEA": 17,
      "character": "수박장수,농부,바보,알",
      "setting": null,
      "action": "모른단,웃으며,물었습니다",
      "feeling": null,
      "causalRelationship": null,
      "outcomeResolution": null,
      "prediction": null,
      "plotSummaryInfoCount": 1,
      "plotSummaryInfo": {
        "classification": "의사소통",
        "readAge": "초등_저학년",
        "form": "short-form",
        "plotSummaryText": "이게 무엇인지도 모른단 말이냐고 하자 농부는 바보같이 웃으며 무슨 알이 이렇게 크냐고 물었습니다.",
        "textWordEA": 13
      }
    },
    {
      "srcTextID": "102746",
      "srcText": "농부는 싱글벙글하며 수박을 아랫목으로 가져갔습니다. “여보, 불 좀 때야겠어. 따뜻하게 해 주어야 빨리 태어나지.”",
      "srcPage": 21,
      "srcSentenceEA": 3,
      "srcWordEA": 15,
      "character": "농부,수박,아랫목",
      "setting": null,
      "action": "가져갔습니다,태어나지,때야겠어,따뜻하게 해 주어야",
      "feeling": null,
      "causalRelationship": null,
      "outcomeResolution": null,
      "prediction": null,
      "plotSummaryInfoCount": 1,
      "plotSummaryInfo": {
        "classification": "의사소통",
        "readAge": "초등_저학년",
        "form": "short-form",
        "plotSummaryText": "아랫목으로 수박을 가져간 농부는 따뜻하게 해줘야 빨리 태어난다며 불을 때야겠다고 말했습니다.",
        "textWordEA": 11
      }
    },
    {
      "srcTextID": "102744",
      "srcText": "농부가 아까부터 있던 짚신장수에게 물었습니다. “여보시오, 내가 말은 못했지만 정말로 당나귀 알인 줄 알고 샀단 말이오?” 그러면서 수박장수는 벌써 가 버렸다고 말했습니다.",
      "srcPage": 25,
      "srcSentenceEA": 3,
      "srcWordEA": 23,
      "character": "농부,짚신장수,당나귀 알,수박장수",
      "setting": null,
      "action": "물었습니다,못했지만,가 버렸다고,샀단 말이오,말했습니다",
      "feeling": null,
      "causalRelationship": null,
      "outcomeResolution": null,
      "prediction": null,
      "plotSummaryInfoCount": 1,
      "plotSummaryInfo": {
        "classification": "의사소통",
        "readAge": "초등_저학년",
        "form": "short-form",
        "plotSummaryText": "농부가 묻자 짚신 장수는 정말로 당나귀 알인 줄 알고 샀냐면서 수박 장수는 가버렸다고 말했습니다.",
        "textWordEA": 14
      }
    },
    {
      "srcTextID": "102752",
      "srcText": "그 사람은 농부를 아래위로 쳐다보며 웃었습니다. “이 사람 바보 아냐? 수박을 당나귀 알이라고 하네.”",
      "srcPage": 29,
      "srcSentenceEA": 3,
      "srcWordEA": 15,
      "character": "사람,농부,수박,바보,당나귀 알",
      "setting": null,
      "action": "쳐다보며,웃었습니다",
      "feeling": null,
      "causalRelationship": null,
      "outcomeResolution": null,
      "prediction": null,
      "plotSummaryInfoCount": 1,
      "plotSummaryInfo": {
        "classification": "의사소통",
        "readAge": "초등_저학년",
        "form": "short-form",
        "plotSummaryText": "수박을 당나귀 알이라고 하다니 바보 아니냐고 하면서 농부를 쳐다보며 웃었습니다.",
        "textWordEA": 10
      }
    },
    {
      "srcTextID": "102753",
      "srcText": "농부는 사람들이 자꾸 놀리며 웃자 화가 났습니다. “쳇, 사지 않을 거면 저리 가세요.” 사람들은 모두 농부에게 손가락질을 하면서 돌아갔습니다.",
      "srcPage": 32,
      "srcSentenceEA": 3,
      "srcWordEA": 20,
      "character": "농부,사람들",
      "setting": null,
      "action": "놀리며,웃자,돌아갔습니다,저리 가세요,사지,손가락질을 하면서",
      "feeling": null,
      "causalRelationship": null,
      "outcomeResolution": null,
      "prediction": null,
      "plotSummaryInfoCount": 1,
      "plotSummaryInfo": {
        "classification": "의사소통",
        "readAge": "초등_저학년",
        "form": "short-form",
        "plotSummaryText": "사지 않을 거면 저리 가라고 화가 난 농부가 말하자, 사람들은 농부에게 손가락질하면서 돌아갔습니다.",
        "textWordEA": 13
      }
    },
    {
      "srcTextID": "99759",
      "srcText": "옷감은 농부가 수박을 살 때 주었던 것만큼이었습니다. “그 옷감이면 당나귀 알을 살 수 있을 것 같소.” “그럼, 얼른 주세요.”",
      "srcPage": 39,
      "srcSentenceEA": 3,
      "srcWordEA": 19,
      "character": "옷감,농부,수박,당나귀 알",
      "setting": null,
      "action": "주었던,주세요,살",
      "feeling": null,
      "causalRelationship": null,
      "outcomeResolution": null,
      "prediction": null,
      "plotSummaryInfoCount": 1,
      "plotSummaryInfo": {
        "classification": "의사소통",
        "readAge": "초등_저학년",
        "form": "short-form",
        "plotSummaryText": "수박을 살 때 주었던 만큼의 옷감을 본 농부가 그 옷감이면 당나귀 알을 살 수 있다고 하자, 여자는 얼른 달라고 했습니다.",
        "textWordEA": 20
      }
    },
    {
      "srcTextID": "102758",
      "srcText": "집에 가자 여자의 남편이 반갑게 맞아 주었습니다. “여보, 그게 뭐야?” “당나귀 알이에요.\"",
      "srcPage": 42,
      "srcSentenceEA": 3,
      "srcWordEA": 12,
      "character": "여자,남편,당나귀 알",
      "setting": "집",
      "action": "가자,맞아 주었습니다",
      "feeling": null,
      "causalRelationship": null,
      "outcomeResolution": null,
      "prediction": null,
      "plotSummaryInfoCount": 1,
      "plotSummaryInfo": {
        "classification": "의사소통",
        "readAge": "초등_저학년",
        "form": "short-form",
        "plotSummaryText": "집에 가자 여자의 남편이 반갑게 맞아 주며 그게 뭐냐고 물으니, 당나귀 알이라고 했습니다.",
        "textWordEA": 13
      }
    },
    {
      "srcTextID": "102755",
      "srcText": "\"우리도 이제 당나귀가 생겼어요.” “그럼 이제 힘든 일은 당나귀에게 시키면 되겠군.” 남편도 바보였습니다.",
      "srcPage": 43,
      "srcSentenceEA": 3,
      "srcWordEA": 14,
      "character": "당나귀,남편,바보,우리",
      "setting": null,
      "action": "시키면,생겼어요",
      "feeling": null,
      "causalRelationship": null,
      "outcomeResolution": null,
      "prediction": null,
      "plotSummaryInfoCount": 1,
      "plotSummaryInfo": {
        "classification": "의사소통",
        "readAge": "초등_저학년",
        "form": "short-form",
        "plotSummaryText": "당나귀가 생겼다고 하니 당나귀에게 힘든 일을 시키면 되겠다고 하는 남편도 바보였습니다.",
        "textWordEA": 11
      }
    },
    {
      "srcTextID": "102760",
      "srcText": "수박껍질을 먹고 있던 토끼가 깜짝 놀라 재빨리 도망을 쳤습니다. “아니, 우리 토끼가 어딜 가는 거야?” 바보 남편도 재빠르게 토끼 뒤를 쫓아갔습니다. 토끼는 들판을 가로질러 산속으로 달아났습니다. 바보 남편은 끝까지 토끼를 쫓아갔습니다.",
      "srcPage": 47,
      "srcSentenceEA": 5,
      "srcWordEA": 34,
      "character": "수박껍질,토끼,남편,들판,산",
      "setting": null,
      "action": "먹고,가는,도망을 쳤습니다,쫓아갔습니다,가로질러,달아났습니다",
      "feeling": null,
      "causalRelationship": null,
      "outcomeResolution": null,
      "prediction": null,
      "plotSummaryInfoCount": 1,
      "plotSummaryInfo": {
        "classification": "의사소통",
        "readAge": "초등_저학년",
        "form": "long-form",
        "plotSummaryText": "수박껍질을 먹고 있던 토끼가 도망을 쳐서 산속으로 달아나자 바보 남편은 끝까지 토끼 뒤를 쫓아갔습니다.",
        "textWordEA": 14
      }
    },
    {
      "srcTextID": "102762",
      "srcText": "토끼는 산을 넘고 내를 건너 다른 마을로 도망을 쳤습니다. 그러더니 어느 집의 외양간으로 뛰어들었습니다. 바보 남편도 외양간으로 달려갔습니다.",
      "srcPage": 48,
      "srcSentenceEA": 3,
      "srcWordEA": 20,
      "character": "토끼,남편,마을,산,내",
      "setting": "다른 마을,산,내,어느 집,외양간",
      "action": "넘고,건너,도망을 쳤습니다,뛰어들었습니다,달려갔습니다",
      "feeling": null,
      "causalRelationship": null,
      "outcomeResolution": null,
      "prediction": null,
      "plotSummaryInfoCount": 1,
      "plotSummaryInfo": {
        "classification": "의사소통",
        "readAge": "초등_저학년",
        "form": "short-form",
        "plotSummaryText": "다른 마을로 도망을 치던 토끼는 어느 집의 외양간으로 뛰어들었고, 바보 남편도 외양간으로 달려갔습니다.",
        "textWordEA": 13
      }
    },
    {
      "srcTextID": "99762",
      "srcText": "이야기 속으로 들어가 봐요. 바보란 지능이 낮아 사물을 제대로 판단하지 못하는 사람을 가리키는 말입니다. 당나귀 알을 산 농부의 이야기에는 수박장수의 짓궂은 장난과 거짓말을 그대로 믿은 바보 농부가 만들어 내는 재미있고 우스꽝스런 이야기입니다.",
      "srcPage": 53,
      "srcSentenceEA": 3,
      "srcWordEA": 34,
      "character": "바보,사람,당나귀 알,농부,수박장수",
      "setting": null,
      "action": "들어가,알을 산,못하는,가리키는,만들어 내는",
      "feeling": null,
      "causalRelationship": null,
      "outcomeResolution": null,
      "prediction": null,
      "plotSummaryInfoCount": 1,
      "plotSummaryInfo": {
        "classification": "의사소통",
        "readAge": "초등_저학년",
        "form": "short-form",
        "plotSummaryText": "당나귀 알을 산 농부의 이야기는 수박장수의 장난과 거짓말을 믿은 바보 농부가 만들어 내는 재미있고 우스꽝스런 이야기입니다.",
        "textWordEA": 16
      }
    },
    {
      "srcTextID": "99738",
      "srcText": "“장에 가서 이 옷감을 팔아 쌀 좀 사 오세요.” 장에 다녀오라는 말에 농부는 신이 났습니다. 농부는 장 구경하는 것이 가장 재미있었습니다. 장에는 신기한 물건들이 너무 많았기 때문입니다.",
      "srcPage": 3,
      "srcSentenceEA": 4,
      "srcWordEA": 30,
      "character": "옷감,쌀,농부,물건",
      "setting": null,
      "action": "가서,팔아,사 오세요,다녀오라는,구경하는",
      "feeling": null,
      "causalRelationship": null,
      "outcomeResolution": null,
      "prediction": null,
      "plotSummaryInfoCount": 1,
      "plotSummaryInfo": {
        "classification": "의사소통",
        "readAge": "초등_저학년",
        "form": "long-form",
        "plotSummaryText": "신기한 물건들이 많아서 장 구경하는 것이 재미있었던 농부는 장에서 옷감을 팔아 쌀을 사 오라는 말에 신이 났습니다.",
        "textWordEA": 17
      }
    },
    {
      "srcTextID": "102736",
      "srcText": "“팥죽 사세요. 팥죽! 너무 맛있는 팥죽이요.” 팥죽도 먹고 싶었지만 참았습니다.",
      "srcPage": 5,
      "srcSentenceEA": 4,
      "srcWordEA": 13,
      "character": "팥죽,맛있는 팥죽",
      "setting": null,
      "action": "먹고 싶었지만,사세요,참았습니다",
      "feeling": null,
      "causalRelationship": null,
      "outcomeResolution": null,
      "prediction": null,
      "plotSummaryInfoCount": 1,
      "plotSummaryInfo": {
        "classification": "의사소통",
        "readAge": "초등_저학년",
        "form": "long-form",
        "plotSummaryText": "맛있는 팥죽을 사라는 말에 팥죽도 먹고 싶었지만 참았습니다.",
        "textWordEA": 8
      }
    },
    {
      "srcTextID": "99745",
      "srcText": "한참 재미있게 장 구경을 하던 농부의 눈이 갑자기 번쩍 뜨였습니다. “저게 뭘까?” 농부는 커다란 알처럼 생긴 물건 앞으로 갔습니다.",
      "srcPage": 7,
      "srcSentenceEA": 3,
      "srcWordEA": 20,
      "character": "농부,눈,알,물건",
      "setting": null,
      "action": "구경을 하던,뜨였습니다,갔습니다",
      "feeling": null,
      "causalRelationship": null,
      "outcomeResolution": null,
      "prediction": null,
      "plotSummaryInfoCount": 1,
      "plotSummaryInfo": {
        "classification": "의사소통",
        "readAge": "초등_저학년",
        "form": "short-form",
        "plotSummaryText": "한참 재미있게 장 구경을 하다가 눈이 갑자기 번쩍 뜨여, 농부는 커다란 알처럼 생긴 물건 앞으로 갔습니다.",
        "textWordEA": 16
      }
    },
    {
      "srcTextID": "99742",
      "srcText": "가까이 가서 보니 호박 같기도 하였습니다. 나뭇잎처럼 초록색에 까만 줄이 삐뚤삐뚤 쳐진 것이 참 신기해 보였습니다. “어서 오세요. 아주 달고 맛있습니다.”",
      "srcPage": 8,
      "srcSentenceEA": 4,
      "srcWordEA": 23,
      "character": "호박,나뭇잎,줄",
      "setting": null,
      "action": "가서 보니,쳐진,보였습니다,오세요",
      "feeling": null,
      "causalRelationship": null,
      "outcomeResolution": null,
      "prediction": null,
      "plotSummaryInfoCount": 1,
      "plotSummaryInfo": {
        "classification": "의사소통",
        "readAge": "초등_저학년",
        "form": "long-form",
        "plotSummaryText": "가까이 가서 보니 호박 같기도 하였고, 나뭇잎처럼 초록색에 까만 줄이 쳐진 것이 참 신기해 보였습니다.",
        "textWordEA": 15
      }
    },
    {
      "srcTextID": "99744",
      "srcText": "수박장수는 슬그머니 장난기가 생겼습니다. “하하하. 그 정도는 돼야지요. 새알같이 작으면 어떻게 튼튼한 새끼가 나오겠어요.” 농부는 한참 동안 수박을 쳐다보면서 무슨 알일까 생각해 보았지만 도무지 알 수가 없었습니다.",
      "srcPage": 11,
      "srcSentenceEA": 4,
      "srcWordEA": 30,
      "character": "수박장수,새알,새끼,농부,수박,알",
      "setting": null,
      "action": "생겼습니다,쳐다보면서,돼야지요,나오겠어요,생각해 보았지만,알 수가",
      "feeling": null,
      "causalRelationship": null,
      "outcomeResolution": null,
      "prediction": null,
      "plotSummaryInfoCount": 1,
      "plotSummaryInfo": {
        "classification": "의사소통",
        "readAge": "초등_저학년",
        "form": "long-form",
        "plotSummaryText": "새알같이 작으면 튼튼한 새끼가 어떻게 나오겠냐고 수박장수가 장난기로 말했고, 농부는 수박을 쳐다보면서 생각해 보았지만 알 수가 없었습니다.",
        "textWordEA": 17
      }
    },
    {
      "srcTextID": "102741",
      "srcText": "“소도 새끼를 낳고 돼지도 새끼를 낳아요. 닭하고 새만 알을 낳는데 이건 무슨 알이지요?” 농부가 정말 바보라는 걸 알아챈 수박장수가 시치미를 떼고 말했습니다.",
      "srcPage": 12,
      "srcSentenceEA": 3,
      "srcWordEA": 24,
      "character": "소,새끼,돼지,닭,새,알,수박장수,농부,바보",
      "setting": null,
      "action": "알아챈,낳고,시치미를 떼고,말했습니다",
      "feeling": null,
      "causalRelationship": null,
      "outcomeResolution": null,
      "prediction": null,
      "plotSummaryInfoCount": 1,
      "plotSummaryInfo": {
        "classification": "의사소통",
        "readAge": "초등_저학년",
        "form": "short-form",
        "plotSummaryText": "농부가 이건 무슨 알이냐고 다시 묻자, 수박장수는 농부가 정말 바보라는 걸 알아채어 시치미를 떼고 말했습니다.",
        "textWordEA": 15
      }
    },
    {
      "srcTextID": "102740",
      "srcText": "“그건 당나귀 알이에요.” 소나 돼지가 새끼를 낳는 것은 보았지만 당나귀가 새끼를 낳는 것은 한 번도 본 적이 없는 농부였습니다. 그래서 수박장수의 말을 믿고 말았습니다.",
      "srcPage": 13,
      "srcSentenceEA": 3,
      "srcWordEA": 26,
      "character": "당나귀 알,소,돼지,새끼,농부,수박장수",
      "setting": null,
      "action": "낳는,보았지만,본 적이 없는",
      "feeling": null,
      "causalRelationship": null,
      "outcomeResolution": null,
      "prediction": null,
      "plotSummaryInfoCount": 1,
      "plotSummaryInfo": {
        "classification": "의사소통",
        "readAge": "초등_저학년",
        "form": "short-form",
        "plotSummaryText": "당나귀가 새끼를 낳는 것을 본 적이 없는 농부는 당나귀 알이라는 수박 장수의 말을 믿고 말았습니다.",
        "textWordEA": 15
      }
    },
    {
      "srcTextID": "99749",
      "srcText": "농부가 내미는 수박을 본 아내는 기가 막혔습니다. “그게 뭐라고요?” 농부는 자랑스러운 얼굴로 말했습니다.",
      "srcPage": 17,
      "srcSentenceEA": 3,
      "srcWordEA": 14,
      "character": "농부,수박,아내,얼굴",
      "setting": null,
      "action": "내미는,본,말했습니다",
      "feeling": null,
      "causalRelationship": null,
      "outcomeResolution": null,
      "prediction": null,
      "plotSummaryInfoCount": 1,
      "plotSummaryInfo": {
        "classification": "의사소통",
        "readAge": "초등_저학년",
        "form": "short-form",
        "plotSummaryText": "아내는 농부가 내미는 수박을 보고 기가 막혔습니다.",
        "textWordEA": 7
      }
    },
    {
      "srcTextID": "102743",
      "srcText": "“에이, 할 수 없지. 내가 팔아야지.” 농부는 사람들이 많이 모인 곳으로 갔습니다.",
      "srcPage": 26,
      "srcSentenceEA": 3,
      "srcWordEA": 14,
      "character": "농부,사람들,내",
      "setting": null,
      "action": "할 수 없지,모인,갔습니다",
      "feeling": null,
      "causalRelationship": null,
      "outcomeResolution": null,
      "prediction": null,
      "plotSummaryInfoCount": 1,
      "plotSummaryInfo": {
        "classification": "의사소통",
        "readAge": "초등_저학년",
        "form": "short-form",
        "plotSummaryText": "농부는 자신이 팔아야겠다며 사람들이 많이 모인 곳으로 갔습니다.",
        "textWordEA": 8
      }
    },
    {
      "srcTextID": "102750",
      "srcText": "“당나귀 알 사세요! 당나귀 알입니다.” 농부가 큰 소리로 외치자 사람들이 농부 곁으로 다가왔습니다.",
      "srcPage": 27,
      "srcSentenceEA": 3,
      "srcWordEA": 15,
      "character": "당나귀 알,농부,사람들",
      "setting": null,
      "action": "사세요,외치자,다가왔습니다",
      "feeling": null,
      "causalRelationship": null,
      "outcomeResolution": null,
      "prediction": null,
      "plotSummaryInfoCount": 1,
      "plotSummaryInfo": {
        "classification": "의사소통",
        "readAge": "초등_저학년",
        "form": "short-form",
        "plotSummaryText": "농부가 큰 소리로 당나귀 알을 사라고 외치자, 농부 곁으로 사람들이 다가왔습니다.",
        "textWordEA": 11
      }
    },
    {
      "srcTextID": "99752",
      "srcText": "“빨리 팔고 집에 가야 할 텐데.” 농부는 돌아다니면서 더 크게 외쳤습니다. \"자, 당나귀 알이에요.\"",
      "srcPage": 33,
      "srcSentenceEA": 3,
      "srcWordEA": 15,
      "character": "농부,당나귀 알,집",
      "setting": null,
      "action": "팔고,가야,돌아다니면서,외쳤습니다",
      "feeling": null,
      "causalRelationship": null,
      "outcomeResolution": null,
      "prediction": null,
      "plotSummaryInfoCount": 1,
      "plotSummaryInfo": {
        "classification": "의사소통",
        "readAge": "초등_저학년",
        "form": "short-form",
        "plotSummaryText": "빨리 팔고 집에 가야겠다며 농부는 돌아다니면서 당나귀 알이라고 외쳤습니다.",
        "textWordEA": 9
      }
    },
    {
      "srcTextID": "99751",
      "srcText": "\"아주 튼튼한 새끼를 낳을 당나귀 알이랍니다.\" 한참을 다녔지만 농부의 수박을 사려는 사람은 없었습니다. 어느덧 해는 뉘엿뉘엿 서산으로 지고 있었습니다.",
      "srcPage": 34,
      "srcSentenceEA": 3,
      "srcWordEA": 21,
      "character": "새끼,당나귀 알,농부,수박,해,서산",
      "setting": null,
      "action": "낳을,다녔지만,사려는,지고",
      "feeling": null,
      "causalRelationship": null,
      "outcomeResolution": null,
      "prediction": null,
      "plotSummaryInfoCount": 1,
      "plotSummaryInfo": {
        "classification": "의사소통",
        "readAge": "초등_저학년",
        "form": "short-form",
        "plotSummaryText": "튼튼한 새끼를 낳을 당나귀 알이라며 다녔지만 농부의 수박을 사려는 사람은 없고 해가 지고 있었습니다.",
        "textWordEA": 14
      }
    },
    {
      "srcTextID": "99747",
      "srcText": "“당신도 모르는구려. 이게 바로 당나귀 알이란 거야.” 아내는 농부의 바보 같은 말에 화가 났습니다.",
      "srcPage": 18,
      "srcSentenceEA": 3,
      "srcWordEA": 16,
      "character": "당신,당나귀 알,아내,농부",
      "setting": null,
      "action": null,
      "feeling": "바보 같은,화가 났습니다",
      "causalRelationship": null,
      "outcomeResolution": null,
      "prediction": null,
      "plotSummaryInfoCount": 1,
      "plotSummaryInfo": {
        "classification": "의사소통",
        "readAge": "초등_저학년",
        "form": "short-form",
        "plotSummaryText": "이게 당나귀 알이라고 하는 농부의 바보 같은 말에 아내는 화가 났습니다.",
        "textWordEA": 11
      }
    },
    {
      "srcTextID": "102748",
      "srcText": "화가 난 아내는 방으로 들어가 수박을 들고 나왔습니다. “당장 가서 다시 팔아 와요! 이건 수박이라구요.”",
      "srcPage": 22,
      "srcSentenceEA": 3,
      "srcWordEA": 16,
      "character": "아내,수박,방",
      "setting": null,
      "action": "들어가,들고,나왔습니다,가서,팔아 와요",
      "feeling": "화가 난",
      "causalRelationship": null,
      "outcomeResolution": null,
      "prediction": null,
      "plotSummaryInfoCount": 1,
      "plotSummaryInfo": {
        "classification": "의사소통",
        "readAge": "초등_저학년",
        "form": "short-form",
        "plotSummaryText": "화가 난 아내가 방에서 수박을 들고 나와 가서 다시 팔아 오라고 했습니다.",
        "textWordEA": 12
      }
    },
    {
      "srcTextID": "102747",
      "srcText": "아내가 화를 내자 농부는 할 수 없이 수박을 들고 장으로 갔습니다. “아깝지만 아내가 저토록 화를 내니 할 수 없지. 당나귀를 싫어하는 모양이야.”",
      "srcPage": 23,
      "srcSentenceEA": 3,
      "srcWordEA": 23,
      "character": "아내,농부,수박,당나귀",
      "setting": "장",
      "action": "내자,들고,갔습니다,내니",
      "feeling": null,
      "causalRelationship": null,
      "outcomeResolution": null,
      "prediction": null,
      "plotSummaryInfoCount": 1,
      "plotSummaryInfo": {
        "classification": "의사소통",
        "readAge": "초등_저학년",
        "form": "short-form",
        "plotSummaryText": "농부는 수박을 들고 장으로 가서 아내가 화를 내니 할 수 없다며 당나귀를 싫어하는 모양이라고 했습니다.",
        "textWordEA": 15
      }
    },
    {
      "srcTextID": "99753",
      "srcText": "그 때, 한 여자가 농부에게 다가왔습니다. 농부는 큰 소리로 외쳤습니다. “자, 당나귀 알 사세요.”",
      "srcPage": 35,
      "srcSentenceEA": 3,
      "srcWordEA": 15,
      "character": "여자,농부,당나귀 알",
      "setting": null,
      "action": "다가왔습니다,외쳤습니다,사세요",
      "feeling": null,
      "causalRelationship": null,
      "outcomeResolution": null,
      "prediction": null,
      "plotSummaryInfoCount": 1,
      "plotSummaryInfo": {
        "classification": "의사소통",
        "readAge": "초등_저학년",
        "form": "short-form",
        "plotSummaryText": "한 여자가 농부에게 다가오자 농부는 당나귀 알을 사라고 외쳤습니다.",
        "textWordEA": 9
      }
    },
    {
      "srcTextID": "99754",
      "srcText": "그 여자는 당나귀 알이라는 말을 듣고 농부의 수박을 한참이나 바라보았습니다. “이게 뭐라고요?” 여자가 묻자 농부가 신이 나서 설명했습니다.",
      "srcPage": 36,
      "srcSentenceEA": 3,
      "srcWordEA": 19,
      "character": "여자,당나귀 알,농부,수박",
      "setting": null,
      "action": "듣고,바라보았습니다,묻자,신이 나서,설명했습니다",
      "feeling": null,
      "causalRelationship": null,
      "outcomeResolution": null,
      "prediction": null,
      "plotSummaryInfoCount": 1,
      "plotSummaryInfo": {
        "classification": "의사소통",
        "readAge": "초등_저학년",
        "form": "short-form",
        "plotSummaryText": "당나귀 알이라는 말을 듣고 여자가 농부의 수박을 바라보며 묻자 농부는 신이 나서 설명했습니다.",
        "textWordEA": 13
      }
    },
    {
      "srcTextID": "102757",
      "srcText": "어리석은 여자는 농부가 시킨 대로 수박을 아랫목에 두고 방에 불을 땠습니다. 그러나 며칠을 기다려도 당나귀 새끼는 태어나지 않았습니다. “여보, 왜 당나귀 새끼가 태어나지 않는 거지?”",
      "srcPage": 44,
      "srcSentenceEA": 3,
      "srcWordEA": 26,
      "character": "여자,농부,수박,당나귀 새끼,아랫목,방",
      "setting": null,
      "action": "두고,불을 땠습니다,기다려도,시킨,태어나지",
      "feeling": null,
      "causalRelationship": null,
      "outcomeResolution": null,
      "prediction": null,
      "plotSummaryInfoCount": 1,
      "plotSummaryInfo": {
        "classification": "의사소통",
        "readAge": "초등_저학년",
        "form": "short-form",
        "plotSummaryText": "어리석은 여자는 농부가 시킨 대로 아랫목에 수박을 두고 방에 불을 땠지만 당나귀 새끼는 태어나지 않았습니다.",
        "textWordEA": 15
      }
    },
    {
      "srcTextID": "99765",
      "srcText": "이것이 궁금해요. 옹기장수. 옛날 사람들이 많이 사용하던 질그릇이나 오지그릇을 일러 옹기라고 해요. 이 옹기를 파는 사람을 옹기장수라고 하죠.",
      "srcPage": 56,
      "srcSentenceEA": 4,
      "srcWordEA": 21,
      "character": "옹기장수,질그릇,오지그릇,옹기,사람들,사람",
      "setting": null,
      "action": "사용하던,파는,일러",
      "feeling": null,
      "causalRelationship": null,
      "outcomeResolution": null,
      "prediction": null,
      "plotSummaryInfoCount": 1,
      "plotSummaryInfo": {
        "classification": "의사소통",
        "readAge": "초등_저학년",
        "form": "long-form",
        "plotSummaryText": "옛날 사람들이 많이 사용하던 질그릇이나 오지그릇을 옹기라고 하며, 옹기를 파는 사람을 옹기장수라고 합니다.",
        "textWordEA": 13
      }
    },
    {
      "srcTextID": "99763",
      "srcText": "담뱃대. 가루로 된 담뱃가루를 담아 담배를 피우는데 사용하던 기구. 요즈음은 잘 볼 수 없지만 옛날에는 가루로 된 담배가 많아 자주 사용하던 것이랍니다. 맨 앞에는 담배를 담는 작은 통이 붙어 있는데 구부러져 있고 바닥에다 작은 구멍을 만들어 설대라는 통로와 연결을 시켜 공기가 통할 수 있게 만들었어요. 물부리는 입에 물기 편리하도록 가늘게 되어 있어요.",
      "srcPage": 58,
      "srcSentenceEA": 4,
      "srcWordEA": 56,
      "character": "담뱃가루,구멍,가루,담배,기구,통,설대,통로,물부리,입",
      "setting": null,
      "action": "담아,피우는데,사용하던,볼,된,담는,붙어,구부러져,만들어,연결을 시켜,통할,물기,가늘게 되어",
      "feeling": null,
      "causalRelationship": null,
      "outcomeResolution": null,
      "prediction": null,
      "plotSummaryInfoCount": 1,
      "plotSummaryInfo": {
        "classification": "의사소통",
        "readAge": "초등_저학년",
        "form": "long-form",
        "plotSummaryText": "가루로 된 담뱃가루를 담아 담배를 피우는 데 사용했던 담뱃대는 옛날에 자주 사용하던 기구였는데, 맨 앞에는 담배를 담는 작은 통이 붙어 있었고 바닥에는 작은 구멍이 있었습니다.",
        "textWordEA": 25
      }
    },
    {
      "srcTextID": "102761",
      "srcText": "외양간에서는 마침 당나귀 새끼가 여물을 먹고 있었습니다. 덩달아 놀란 당나귀 새끼도 토끼 뒤를 따라 달리기 시작했습니다. 그것을 본 남편의 입이 함박만하게 벌어졌습니다. “내가 쫓아온 것은 역시 토끼가 아니라 당나귀였군 그래.”",
      "srcPage": 49,
      "srcSentenceEA": 4,
      "srcWordEA": 32,
      "character": "당나귀 새끼,당나귀,토끼,여물,외양간,입,남편",
      "setting": null,
      "action": "먹고,달리기,쫓아온",
      "feeling": null,
      "causalRelationship": null,
      "outcomeResolution": null,
      "prediction": null,
      "plotSummaryInfoCount": 1,
      "plotSummaryInfo": {
        "classification": "의사소통",
        "readAge": "초등_저학년",
        "form": "long-form",
        "plotSummaryText": "외양간에서 여물을 먹고 있던 당나귀 새끼가 놀라서 토끼 뒤를 따라 달리자, 남편은 자기가 쫓아온 것은 역시 토끼가 아니라 당나귀였다고 생각했습니다.",
        "textWordEA": 20
      }
    },
    {
      "srcTextID": "102764",
      "srcText": "바보 남편은 이제 당나귀 새끼를 쫓아 뛰기 시작했습니다. 토끼는 자기가 왔던 길을 되돌아 달렸고 당나귀 새끼도 그 뒤를 따랐습니다. 바보 남편도 당나귀 새끼를 따라 산을 넘고 들판을 지나 계속 달렸습니다.",
      "srcPage": 50,
      "srcSentenceEA": 3,
      "srcWordEA": 32,
      "character": "바보 남편,당나귀 새끼,토끼,산,들판,길",
      "setting": null,
      "action": "뛰기,달렸고,따랐습니다,넘고,지나,달렸습니다",
      "feeling": null,
      "causalRelationship": null,
      "outcomeResolution": null,
      "prediction": null,
      "plotSummaryInfoCount": 1,
      "plotSummaryInfo": {
        "classification": "의사소통",
        "readAge": "초등_저학년",
        "form": "short-form",
        "plotSummaryText": "바보 남편이 당나귀 새끼를 쫓아 뛰기 시작하자 당나귀 새끼는 토끼의 뒤를 따랐고, 바보 남편도 당나귀 새끼를 따라 계속 달렸습니다.",
        "textWordEA": 19
      }
    },
    {
      "srcTextID": "102763",
      "srcText": "그 때, 헐레벌떡 뒤를 따라오던 어리석은 여자가 마주 달려오는 당나귀 새끼를 잡았습니다. “우리 당나귀가 여기 있군요.” 어리석은 여자의 말에 바보 남편은 씩 웃었습니다. “응, 새로 태어난 새끼가 어쩌면 그렇게 잘 뛰는지 몰라.”",
      "srcPage": 51,
      "srcSentenceEA": 4,
      "srcWordEA": 33,
      "character": "여자,당나귀 새끼,새끼",
      "setting": null,
      "action": "달려오는,따라오던,잡았습니다,웃었습니다,태어난,뛰는지",
      "feeling": null,
      "causalRelationship": null,
      "outcomeResolution": null,
      "prediction": null,
      "plotSummaryInfoCount": 1,
      "plotSummaryInfo": {
        "classification": "의사소통",
        "readAge": "초등_저학년",
        "form": "long-form",
        "plotSummaryText": "뒤를 따라오던 어리석은 여자가 마주 달려오는 당나귀 새끼를 잡았고, 새로 태어난 새끼가 잘 뛴다며 바보 남편은 웃었습니다.",
        "textWordEA": 17
      }
    },
    {
      "srcTextID": "102765",
      "srcText": "두 사람은 당나귀 새끼를 안고 집으로 돌아왔습니다. 이웃 마을에서는 갑자기 당나귀 새끼가 없어져 찾는라 야단이 났습니다. 하지만 어리석은 여자와 바보 남편은 그 당나귀가 정말 수박에서 태어난 줄로만 알고 있었습니다. 그래서 끝내 자기네 당나귀라고 생각했답니다.",
      "srcPage": 52,
      "srcSentenceEA": 4,
      "srcWordEA": 37,
      "character": "두 사람,당나귀 새끼,당나귀,여자,수박,이웃 마을,두 사람,집",
      "setting": null,
      "action": "안고,돌아왔습니다,없어져,찾느라,태어난,야단이 났습니다",
      "feeling": null,
      "causalRelationship": null,
      "outcomeResolution": null,
      "prediction": null,
      "plotSummaryInfoCount": 1,
      "plotSummaryInfo": {
        "classification": "의사소통",
        "readAge": "초등_저학년",
        "form": "long-form",
        "plotSummaryText": "이웃 마을에서는 당나귀 새끼를 찾느라 야단이 났지만, 어리석은 여자와 바보 남편은 당나귀 새끼를 안고 집으로 돌아와 그 당나귀가 정말 수박에서 태어난 자기네 당나귀라고 생각했습니다.",
        "textWordEA": 24
      }
    },
    {
      "srcTextID": "99740",
      "srcText": "옛날에 바보 농부가 살았습니다. 농부는 바보였지만 열심히 일을 했습니다. 사람들이 바보라고 놀려 대도 농부는 화를 낼 줄 몰랐습니다.",
      "srcPage": 1,
      "srcSentenceEA": 3,
      "srcWordEA": 20,
      "character": "농부,바보,사람들",
      "setting": null,
      "action": "살았습니다,놀려 대도,일을 했습니다",
      "feeling": "화를 낼",
      "causalRelationship": null,
      "outcomeResolution": null,
      "prediction": null,
      "plotSummaryInfoCount": 1,
      "plotSummaryInfo": {
        "classification": "의사소통",
        "readAge": "초등_저학년",
        "form": "short-form",
        "plotSummaryText": "바보였지만 열심히 일을 했던 농부가 살았는데, 사람들이 바보라고 놀려도 농부는 화를 낼 줄 몰랐습니다.",
        "textWordEA": 14
      }
    },
    {
      "srcTextID": "99739",
      "srcText": "그러던 어느 날이었습니다. “여보, 이리 좀 와 보세요.” 농부의 아내가 농부를 불렀습니다.",
      "srcPage": 2,
      "srcSentenceEA": 3,
      "srcWordEA": 13,
      "character": "농부,아내",
      "setting": null,
      "action": "불렀습니다,좀 와 보세요",
      "feeling": null,
      "causalRelationship": null,
      "outcomeResolution": null,
      "prediction": null,
      "plotSummaryInfoCount": 1,
      "plotSummaryInfo": {
        "classification": "의사소통",
        "readAge": "초등_저학년",
        "form": "short-form",
        "plotSummaryText": "어느 날 농부의 아내가 이리 좀 와 보라며 농부를 불렀습니다.",
        "textWordEA": 10
      }
    },
    {
      "srcTextID": "102737",
      "srcText": "농부는 아내가 준 옷감을 지게에 지고 장에 갔습니다. “엿 사세요, 울릉도 호박엿이오.” 농부는 엿이 먹고 싶었지만 꾹 참았습니다.",
      "srcPage": 4,
      "srcSentenceEA": 3,
      "srcWordEA": 19,
      "character": "농부,아내,옷감,지게,엿,호박엿",
      "setting": null,
      "action": "준,지고,갔습니다,사세요,먹고,참았습니다",
      "feeling": null,
      "causalRelationship": null,
      "outcomeResolution": null,
      "prediction": null,
      "plotSummaryInfoCount": 1,
      "plotSummaryInfo": {
        "classification": "의사소통",
        "readAge": "초등_저학년",
        "form": "short-form",
        "plotSummaryText": "아내가 준 옷감을 지게에 지고 장에 간 농부는 엿을 먹고 싶었지만 꾹 참았습니다.",
        "textWordEA": 13
      }
    },
    {
      "srcTextID": "102738",
      "srcText": "옹기장수는 자기 키보다도 훨씬 높게 옹기를 지고 지나갔습니다. 양반들이나 쓰는 갓을 파는 갓장수는 굉장히 긴 담뱃대를 입에 물고 있었습니다. 강에서 막 잡아 온 물고기를 파는 물고기장수도 있었고 예쁜 노리개며 분이나 바늘, 실 같은 것을 파는 방물장수도 있었습니다. 농부는 구경을 하느라 정신이 다 나갈 지경이었습니다. 옷감을 팔아서 쌀을 사야 한다는 것도 잊고 있었지요.",
      "srcPage": 6,
      "srcSentenceEA": 5,
      "srcWordEA": 56,
      "character": "옹기장수,옹기,양반,갓,갓장수,담뱃대,입,노리개,물고기,물고기장수,분,바늘,실,방물장수,농부,옷감,쌀",
      "setting": null,
      "action": "쓰는,지고,파는,물고,잡아,지나갔습니다,구경을 하느라,나갈,팔아서,사야,잊고",
      "feeling": null,
      "causalRelationship": null,
      "outcomeResolution": null,
      "prediction": null,
      "plotSummaryInfoCount": 1,
      "plotSummaryInfo": {
        "classification": "의사소통",
        "readAge": "초등_저학년",
        "form": "long-form",
        "plotSummaryText": "농부는 옷감을 팔아서 쌀을 사야 한다는 것도 잊고 구경을 하느라 정신이 다 나갈 지경이었습니다.",
        "textWordEA": 14
      }
    },
    {
      "srcTextID": "99743",
      "srcText": "수박장수가 말했습니다. “이게 뭔데요?” 수박장수는 어이없는 표정으로 농부를 바라보았습니다.",
      "srcPage": 9,
      "srcSentenceEA": 3,
      "srcWordEA": 10,
      "character": "수박장수,농부",
      "setting": null,
      "action": "말했습니다,바라보았습니다",
      "feeling": null,
      "causalRelationship": null,
      "outcomeResolution": null,
      "prediction": null,
      "plotSummaryInfoCount": 1,
      "plotSummaryInfo": {
        "classification": "의사소통",
        "readAge": "초등_저학년",
        "form": "short-form",
        "plotSummaryText": "이게 뭐냐고 묻자, 수박장수는 어이없는 표정으로 농부를 바라보았습니다.",
        "textWordEA": 8
      }
    },
    {
      "srcTextID": "99750",
      "srcText": "집으로 돌아온 농부는 큰 소리로 아내를 불렀습니다. “여보, 이것 좀 봐요. 당나귀 알이야.”",
      "srcPage": 16,
      "srcSentenceEA": 3,
      "srcWordEA": 14,
      "character": "농부,아내,당나귀 알",
      "setting": "집",
      "action": "돌아온,불렀습니다,봐요",
      "feeling": null,
      "causalRelationship": null,
      "outcomeResolution": null,
      "prediction": null,
      "plotSummaryInfoCount": 1,
      "plotSummaryInfo": {
        "classification": "의사소통",
        "readAge": "초등_저학년",
        "form": "short-form",
        "plotSummaryText": "집으로 돌아온 농부는 아내를 불러 당나귀 알 좀 보라고 말했습니다.",
        "textWordEA": 10
      }
    },
    {
      "srcTextID": "99748",
      "srcText": "“아니야, 분명히 당나귀 알이라고 했어. 따뜻한 아랫목에 놓고 이불을 덮어 두면 새끼가 태어날 거야.” 아내는 할 말을 잃고 말았습니다.",
      "srcPage": 20,
      "srcSentenceEA": 3,
      "srcWordEA": 21,
      "character": "이불,새끼,아내,당나귀 알,아랫목",
      "setting": null,
      "action": "했어,놓고,덮어 두면,태어날 거야,잃고",
      "feeling": null,
      "causalRelationship": null,
      "outcomeResolution": null,
      "prediction": null,
      "plotSummaryInfoCount": 1,
      "plotSummaryInfo": {
        "classification": "의사소통",
        "readAge": "초등_저학년",
        "form": "short-form",
        "plotSummaryText": "아랫목에 놓고 이불을 덮어 두면 새끼가 태어날 거라고 하자 아내는 할 말을 잃었습니다.",
        "textWordEA": 13
      }
    },
    {
      "srcTextID": "102751",
      "srcText": "“이게 뭐라고요?” 한 사람이 물었습니다. “당나귀 알입니다. 어서 사 가세요.”",
      "srcPage": 28,
      "srcSentenceEA": 4,
      "srcWordEA": 12,
      "character": "사람,당나귀 알",
      "setting": null,
      "action": "물었습니다,사 가세요",
      "feeling": null,
      "causalRelationship": null,
      "outcomeResolution": null,
      "prediction": null,
      "plotSummaryInfoCount": 1,
      "plotSummaryInfo": {
        "classification": "의사소통",
        "readAge": "초등_저학년",
        "form": "long-form",
        "plotSummaryText": "이게 뭐냐고 한 사람이 묻자, 당나귀 알이라면서 어서 사 가라고 말했습니다.",
        "textWordEA": 11
      }
    },
    {
      "srcTextID": "102754",
      "srcText": "다른 사람들도 왁자하게 웃었습니다. 그 때, 다른 사람이 말했습니다. “여보시오, 그건 아까 당신이 산 거 아니오. 왜 다시 팔려고 하오?”",
      "srcPage": 30,
      "srcSentenceEA": 4,
      "srcWordEA": 22,
      "character": "사람,당신,다른 사람들",
      "setting": null,
      "action": "웃었습니다,말했습니다,팔려고,산",
      "feeling": null,
      "causalRelationship": null,
      "outcomeResolution": null,
      "prediction": null,
      "plotSummaryInfoCount": 1,
      "plotSummaryInfo": {
        "classification": "의사소통",
        "readAge": "초등_저학년",
        "form": "long-form",
        "plotSummaryText": "다른 사람들도 웃었고, 그건 아까 당신이 산 거 아니냐며 왜 다시 팔려고 하는지 물었습니다.",
        "textWordEA": 14
      }
    },
    {
      "srcTextID": "99758",
      "srcText": "여자는 고개를 갸우뚱하더니 말했습니다. “그런데 이게 정말로 당나귀 알이에요?” “그럼요, 아주 귀한 당나귀 알이지요.”",
      "srcPage": 37,
      "srcSentenceEA": 3,
      "srcWordEA": 14,
      "character": "여자,고개,당나귀 알",
      "setting": null,
      "action": "갸우뚱하더니,말했습니다",
      "feeling": null,
      "causalRelationship": null,
      "outcomeResolution": null,
      "prediction": null,
      "plotSummaryInfoCount": 1,
      "plotSummaryInfo": {
        "classification": "의사소통",
        "readAge": "초등_저학년",
        "form": "short-form",
        "plotSummaryText": "여자가 고개를 갸우뚱하더니 이게 정말로 당나귀 알이냐고 말했습니다.",
        "textWordEA": 8
      }
    },
    {
      "srcTextID": "99756",
      "srcText": "“그거 내가 살 게요. 혹시 비싼 건 아니겠죠?” 농부는 그 때 여자가 가지고 있는 옷감을 보았습니다.",
      "srcPage": 38,
      "srcSentenceEA": 3,
      "srcWordEA": 18,
      "character": "내가,농부,여자,옷감",
      "setting": null,
      "action": "살 게요,보았습니다,가지고",
      "feeling": null,
      "causalRelationship": null,
      "outcomeResolution": null,
      "prediction": null,
      "plotSummaryInfoCount": 1,
      "plotSummaryInfo": {
        "classification": "의사소통",
        "readAge": "초등_저학년",
        "form": "short-form",
        "plotSummaryText": "여자가 사겠다고 했을 때 농부는 여자가 가지고 있는 옷감을 보았습니다.",
        "textWordEA": 10
      }
    },
    {
      "srcTextID": "99757",
      "srcText": "농부는 마침내 여자에게 수박을 팔았습니다. 여자도 바보였던 것입니다. “내가 가르쳐 주는 대로 하세요.\"",
      "srcPage": 40,
      "srcSentenceEA": 3,
      "srcWordEA": 14,
      "character": "농부,여자,수박,바보",
      "setting": null,
      "action": "팔았습니다,가르쳐",
      "feeling": null,
      "causalRelationship": "농부는 마침내 여자에게 수박을 팔았습니다. 여자도 바보였던 것입니다.",
      "outcomeResolution": null,
      "prediction": null,
      "plotSummaryInfoCount": 1,
      "plotSummaryInfo": {
        "classification": "의사소통",
        "readAge": "초등_저학년",
        "form": "short-form",
        "plotSummaryText": "농부는 마침내 바보였던 여자에게 수박을 팔았습니다.",
        "textWordEA": 6
      }
    },
    {
      "srcTextID": "99755",
      "srcText": "\"이 당나귀 알을 따뜻한 아랫목에 두고 이불을 덮어 주세요. 그러면 튼튼한 당나귀 새끼가 태어날 거예요.” 어리석은 여자는 농부에게 산 수박을 소중하게 품에 안고 집으로 돌아갔습니다.",
      "srcPage": 41,
      "srcSentenceEA": 3,
      "srcWordEA": 27,
      "character": "집,당나귀 알,새끼,여자,농부,수박,이불,품",
      "setting": null,
      "action": "두고,덮어,안고,태어날,산,돌아갔습니다",
      "feeling": null,
      "causalRelationship": null,
      "outcomeResolution": null,
      "prediction": null,
      "plotSummaryInfoCount": 1,
      "plotSummaryInfo": {
        "classification": "의사소통",
        "readAge": "초등_저학년",
        "form": "short-form",
        "plotSummaryText": "아랫목에 당나귀 알을 두고 이불을 덮으면 당나귀 새끼가 태어날 거라고 하자, 여자는 수박을 소중하게 품에 안고 집으로 돌아갔습니다.",
        "textWordEA": 18
      }
    },
    {
      "srcTextID": "102756",
      "srcText": "바보 남편이 물었지만 어리석은 여자도 알 수가 없었습니다. “조금만 더 기다려 봐요.” 바보 여자는 불을 더 많이 땠습니다. 그러나 이불 속에서는 수박 썩는 고약한 냄새만 났습니다.",
      "srcPage": 45,
      "srcSentenceEA": 4,
      "srcWordEA": 28,
      "character": "바보 남편,여자,수박,이불",
      "setting": null,
      "action": "물었지만,기다려,땠습니다,났습니다,썩는",
      "feeling": null,
      "causalRelationship": null,
      "outcomeResolution": null,
      "prediction": null,
      "plotSummaryInfoCount": 1,
      "plotSummaryInfo": {
        "classification": "의사소통",
        "readAge": "초등_저학년",
        "form": "long-form",
        "plotSummaryText": "바보 남편과 어리석은 여자는 조금만 더 기다려 보자며 불을 더 땠으나, 수박 썩는 냄새만 났습니다.",
        "textWordEA": 15
      }
    },
    {
      "srcTextID": "102759",
      "srcText": "기다리다 지친 어리석은 여자와 바보 남편은 이불을 들춰 보았습니다. 그 때, 이불 속에는 산토끼가 몰래 들어와서 아직 덜 썩은 수박껍질을 먹고 있었습니다. “저건 당나귀가 아니라 토끼처럼 생겼는데.”",
      "srcPage": 46,
      "srcSentenceEA": 3,
      "srcWordEA": 28,
      "character": "남편,산토끼,수박껍질,당나귀,토끼,이불",
      "setting": null,
      "action": "기다리다,들춰,들어와서,먹고,생겼는데",
      "feeling": null,
      "causalRelationship": null,
      "outcomeResolution": null,
      "prediction": null,
      "plotSummaryInfoCount": 1,
      "plotSummaryInfo": {
        "classification": "의사소통",
        "readAge": "초등_저학년",
        "form": "short-form",
        "plotSummaryText": "기다리던 어리석은 여자와 바보 남편이 이불을 들춰 보자, 산토끼가 들어와서 수박껍질을 먹고 있었습니다.",
        "textWordEA": 13
      }
    },
    {
      "srcTextID": "99761",
      "srcText": "바보였지만 부지런했던 농부가 아내의 심부름으로 장 구경을 갔습니다. 생전 처음 보는 수박을 보자 농부는 동물의 알인 줄 알고 착각합니다. 그래서 바보 농부는 수박장수에게 무엇의 알이냐고 묻자 수박장수는 당나귀의 알이라고 거짓말을 합니다.",
      "srcPage": 54,
      "srcSentenceEA": 3,
      "srcWordEA": 33,
      "character": "바보,농부,아내,수박,장,동물,알,당나귀",
      "setting": null,
      "action": "보자,구경을 갔습니다,보는,묻자,거짓말을 합니다",
      "feeling": null,
      "causalRelationship": null,
      "outcomeResolution": null,
      "prediction": null,
      "plotSummaryInfoCount": 1,
      "plotSummaryInfo": {
        "classification": "의사소통",
        "readAge": "초등_저학년",
        "form": "short-form",
        "plotSummaryText": "아내의 심부름으로 바보 농부가 장 구경을 가서 생전 처음 보는 수박을 보고 동물의 알인 줄로 착각하자, 수박장수가 당나귀의 알이라고 거짓말을 합니다.",
        "textWordEA": 21
      }
    },
    {
      "srcTextID": "102742",
      "srcText": "“여기 있으면 저 바보가 수박인 줄 알고 쫓아올 지도 모르지.” 그러나 수박을 사서 집으로 돌아가던 농부는 신이 났습니다. 싸구려 감으로 당나귀 알을 샀으니 횡재를 한 것 같았습니다.",
      "srcPage": 15,
      "srcSentenceEA": 3,
      "srcWordEA": 29,
      "character": "바보,수박,농부,당나귀 알",
      "setting": null,
      "action": "사서,돌아가던,쫓아올,샀으니,횡재를 한",
      "feeling": null,
      "causalRelationship": null,
      "outcomeResolution": null,
      "prediction": null,
      "plotSummaryInfoCount": 1,
      "plotSummaryInfo": {
        "classification": "의사소통",
        "readAge": "초등_저학년",
        "form": "short-form",
        "plotSummaryText": "수박을 사서 집으로 돌아가던 농부는 당나귀 알을 샀으니 횡재를 한 것 같아서 신이 났습니다.",
        "textWordEA": 14
      }
    },
    {
      "srcTextID": "99746",
      "srcText": "“그게 무슨 당나귀 알이에요? 그건 수박이라고요.” 아내의 말에 농부가 더 큰 소리로 말했습니다.",
      "srcPage": 19,
      "srcSentenceEA": 3,
      "srcWordEA": 15,
      "character": "당나귀 알,수박,아내,농부",
      "setting": null,
      "action": "말했습니다",
      "feeling": null,
      "causalRelationship": null,
      "outcomeResolution": null,
      "prediction": null,
      "plotSummaryInfoCount": 1,
      "plotSummaryInfo": {
        "classification": "의사소통",
        "readAge": "초등_저학년",
        "form": "short-form",
        "plotSummaryText": "아내가 당나귀 알이 아니라 수박이라고 하자 농부는 더 큰 목소리로 말했습니다.",
        "textWordEA": 11
      }
    },
    {
      "srcTextID": "102745",
      "srcText": "농부는 수박장수가 있던 곳으로 가 보았습니다. 그러나 수박장수는 어디에도 보이지 않았습니다. “여기 있던 당나귀 알 장수는 어디 갔어요?”",
      "srcPage": 24,
      "srcSentenceEA": 3,
      "srcWordEA": 19,
      "character": "농부,수박장수,당나귀 알 장수",
      "setting": null,
      "action": "가 보았습니다,보이지,있던,갔나요",
      "feeling": null,
      "causalRelationship": null,
      "outcomeResolution": null,
      "prediction": null,
      "plotSummaryInfoCount": 1,
      "plotSummaryInfo": {
        "classification": "의사소통",
        "readAge": "초등_저학년",
        "form": "short-form",
        "plotSummaryText": "농부는 수박장수가 어디에도 보이지 않아서 당나귀 알 장수는 어디 갔냐고 물었습니다.",
        "textWordEA": 11
      }
    },
    {
      "srcTextID": "102749",
      "srcText": "“내 아내가 당나귀를 싫어하거든요.” 농부의 말에 사람들은 배꼽을 잡고 웃었습니다. “하하하! 그래도 아내는 바보가 아닌 모양일세.”",
      "srcPage": 31,
      "srcSentenceEA": 3,
      "srcWordEA": 18,
      "character": "아내,당나귀,농부,사람들,배꼽,바보",
      "setting": null,
      "action": "잡고,웃었습니다,아닌 모양일세",
      "feeling": null,
      "causalRelationship": null,
      "outcomeResolution": null,
      "prediction": null,
      "plotSummaryInfoCount": 1,
      "plotSummaryInfo": {
        "classification": "의사소통",
        "readAge": "초등_저학년",
        "form": "short-form",
        "plotSummaryText": "아내가 당나귀를 싫어한다고 농부가 말하자 사람들은 배꼽을 잡고 웃었습니다.",
        "textWordEA": 9
      }
    }
  ]
}