{
  "title": "눈의 여왕",
  "author": "조동호",
  "illustrator": "하상철",
  "isbn": "9788992191104",
  "publishedYear": 2006,
  "publisher": "한국아이엔이",
  "paragraphInfoCount": 51,
  "paragraphInfo": [
    {
      "srcTextID": "99909",
      "srcText": "거울을 발명한 못된 악마는 그 거울을 가지고 하늘나라로 올라갔어. 얼마 후, 악마는 하느님과 천사들이 사는 곳에 이르게 되었지. 그런데, 갑자기 거울이 아주 작은 조각으로 깨지고 말았어. 악마는 하느님이 벌을 주신 거라고 생각하고 부리나케 도망을 갔단다.",
      "srcPage": 2,
      "srcSentenceEA": 4,
      "srcWordEA": 38,
      "character": "거울,악마,하느님,천사들",
      "setting": "얼마 후,하늘나라로",
      "action": "발명한,깨지고,생각하고,도망을 갔단다",
      "feeling": null,
      "causalRelationship": null,
      "outcomeResolution": null,
      "prediction": null,
      "plotSummaryInfoCount": 1,
      "plotSummaryInfo": {
        "classification": "의사소통",
        "readAge": "초등_저학년",
        "form": "long-form",
        "plotSummaryText": "악마가 거울을 가지고 하느님과 천사들이 사는 하늘나라로 올라갔는데, 갑자기 거울이 아주 작은 조각으로 깨지고 말았습니다.",
        "textWordEA": 15
      }
    },
    {
      "srcTextID": "99942",
      "srcText": "겔다 앞에 여왕의 눈사람 군사들이 나타났단다. 겔다는 깜짝 놀라 하느님께 기도를 드렸단다. “하느님, 저를 사랑하시거든 제발 도와주세요.”",
      "srcPage": 41,
      "srcSentenceEA": 3,
      "srcWordEA": 18,
      "character": "겔다,하느님,저,눈사람 군사들,여왕",
      "setting": null,
      "action": "나타났단다,기도를 드렸단다,도와주세요",
      "feeling": "깜짝 놀라",
      "causalRelationship": null,
      "outcomeResolution": null,
      "prediction": null,
      "plotSummaryInfoCount": 1,
      "plotSummaryInfo": {
        "classification": "의사소통",
        "readAge": "초등_저학년",
        "form": "short-form",
        "plotSummaryText": "여왕의 눈사람 군사들이 나타나자 겔다는 깜짝 놀라 하느님께 도와 달라고 기도를 드렸습니다.",
        "textWordEA": 12
      }
    },
    {
      "srcTextID": "99947",
      "srcText": "“겔다, 네가 나 때문에 이런 고생을 했구나.” 카이는 겔다가 너무 고마워 눈물을 흘렸단다. 그러자 카이의 눈 속에 있던 유리 조각도 함께 빠져나왔어.",
      "srcPage": 45,
      "srcSentenceEA": 3,
      "srcWordEA": 24,
      "character": "겔다,네,카이,나,유리 조각",
      "setting": null,
      "action": "빠져나왔어,눈물을 흘렸단다",
      "feeling": "고마워",
      "causalRelationship": null,
      "outcomeResolution": null,
      "prediction": null,
      "plotSummaryInfoCount": 1,
      "plotSummaryInfo": {
        "classification": "의사소통",
        "readAge": "초등_저학년",
        "form": "short-form",
        "plotSummaryText": "겔다가 자신 때문에 고생을 한 것이 너무 고마워서 카이가 눈물을 흘리자, 눈 속에 있던 유리 조각도 함께 빠져나왔습니다.",
        "textWordEA": 18
      }
    },
    {
      "srcTextID": "99951",
      "srcText": "눈의 여왕. 이야기 속으로 들어가 봐요. 눈의 여왕은 동화의 아버지라 불리는 안데르센이 지은 작품입니다. 가난하고 불행하게 살았지만, 안데르센은 꿈을 잃지 않고 자랐으며 동화를 통해 꿈과 사랑을 표현했습니다. 눈의 여왕 역시 카이와 겔다 두 친구를 통해 아름답고 참된 꿈과 우정을 보여 주고 있습니다.",
      "srcPage": 47,
      "srcSentenceEA": 5,
      "srcWordEA": 46,
      "character": "눈의 여왕,안데르센,카이,겔다",
      "setting": null,
      "action": "불리는,살았지만,자랐으며,지은",
      "feeling": null,
      "causalRelationship": null,
      "outcomeResolution": null,
      "prediction": null,
      "plotSummaryInfoCount": 1,
      "plotSummaryInfo": {
        "classification": "의사소통",
        "readAge": "초등_저학년",
        "form": "long-form",
        "plotSummaryText": "눈의 여왕은 동화의 아버지 안데르센이 지었으며, 카이와 겔다를 통해 아름답고 참된 꿈과 우정을 보여 주고 있습니다.",
        "textWordEA": 16
      }
    },
    {
      "srcTextID": "99954",
      "srcText": "이것이 궁금해요. 순록. 사슴과에 속하는 포유동물. 짧은 네 개의 다리를 가지고 있으며 암수 모두 뿔이 있어요. 대부분 봄이나 가을에 큰 무리를 이루어 장거리 이동을 하며 생활하고 노르웨이나 시베리아, 알래스카, 캐나다 등 추운 나라에 많이 살고 있어요. 코끝이 털로 덮여 있어 눈 속에서도 먹이를 찾는 데 도움이 된답니다. 주로 이끼를 먹고 사는데 그 외에 마른풀이나 버드나무의 잎, 쑥 등도 잘 먹어요.",
      "srcPage": 50,
      "srcSentenceEA": 7,
      "srcWordEA": 66,
      "character": "순록,다리,뿔",
      "setting": "노르웨이,시베리아,알래스카,캐나다",
      "action": "먹어요,찾는,무리를 이루어,살고",
      "feeling": null,
      "causalRelationship": null,
      "outcomeResolution": null,
      "prediction": null,
      "plotSummaryInfoCount": 1,
      "plotSummaryInfo": {
        "classification": "의사소통",
        "readAge": "초등_저학년",
        "form": "long-form",
        "plotSummaryText": "순록은 사슴과에 속하는 포유동물로 짧은 네 개의 다리와 뿔을 가지고 있고, 주로 이끼를 먹으며 노르웨이나 시베리아, 알래스카, 캐나다 등 추운 나라에서 큰 무리를 이루어 살고 있습니다.",
        "textWordEA": 26
      }
    },
    {
      "srcTextID": "99910",
      "srcText": "먼 옛날, 어느 마을에 못된 악마가 살았단다. 악마는 어느 날 신기한 거울을 발명해 다른 악마들에게 자랑을 했지. “천사도 이 거울에 비추면 우리처럼 흉하고 못생기게 보일 거야. 낄낄낄.”",
      "srcPage": 1,
      "srcSentenceEA": 4,
      "srcWordEA": 29,
      "character": "악마,거울,천사",
      "setting": "어느 마을에",
      "action": "살았단다,발명해,비추면,보일",
      "feeling": null,
      "causalRelationship": null,
      "outcomeResolution": null,
      "prediction": null,
      "plotSummaryInfoCount": 1,
      "plotSummaryInfo": {
        "classification": "의사소통",
        "readAge": "초등_저학년",
        "form": "long-form",
        "plotSummaryText": "어느 마을에 사는 못된 악마가 천사도 비추면 흉하고 못생기게 보이는 신기한 거울을 발명하고는 다른 악마들에게 자랑했습니다.",
        "textWordEA": 16
      }
    },
    {
      "srcTextID": "99913",
      "srcText": "거울 조각들은 바람을 타고 어떤 것은 사람의 눈 속에 들어가고 어떤 것은 사람의 마음 속에 내려앉았단다. 거울 조각이 몸 속에 들어간 사람들은 마음씨 착한 사람도 나쁜 사람이 되었지. 거울 조각은 카이와 겔다라는 아이가 사는 도시에도 떨어졌단다.",
      "srcPage": 3,
      "srcSentenceEA": 3,
      "srcWordEA": 38,
      "character": "카이,겔다,거울 조각,착한 사람,나쁜 사람",
      "setting": "도시",
      "action": "내려앉았단다,들어가고,떨어졌단다",
      "feeling": null,
      "causalRelationship": null,
      "outcomeResolution": null,
      "prediction": null,
      "plotSummaryInfoCount": 1,
      "plotSummaryInfo": {
        "classification": "의사소통",
        "readAge": "초등_저학년",
        "form": "short-form",
        "plotSummaryText": "거울 조각들이 사람의 눈에 들어가거나 마음속에 내려앉으면 착한 사람도 나쁜 사람이 되었는데, 카이와 겔다가 사는 도시에도 떨어졌다.",
        "textWordEA": 17
      }
    },
    {
      "srcTextID": "99914",
      "srcText": "그럴수록 눈은 더 많이 아프고 따끔거렸지. 악마의 거울 조각이 카이의 눈과 마음속으로 들어간 것이었어. 그날 이후 카이는 심술 많은 아이로 변했단다.",
      "srcPage": 7,
      "srcSentenceEA": 3,
      "srcWordEA": 23,
      "character": "카이,악마,거울 조각",
      "setting": "그날이후",
      "action": "들어간,변했단다",
      "feeling": null,
      "causalRelationship": null,
      "outcomeResolution": null,
      "prediction": null,
      "plotSummaryInfoCount": 1,
      "plotSummaryInfo": {
        "classification": "의사소통",
        "readAge": "초등_저학년",
        "form": "short-form",
        "plotSummaryText": "악마의 거울 조각이 눈과 마음속에 들어간 카이는 그날 이후 심술 많은 아이로 변했습니다.",
        "textWordEA": 13
      }
    },
    {
      "srcTextID": "99917",
      "srcText": "눈이 펑펑 오는 어느 추운 겨울날이었어. 카이는 근사한 썰매를 끌고 가는 사람을 만났어. 그때, 카이의 마음속에 장난을 치고 싶은 생각이 들었단다.",
      "srcPage": 8,
      "srcSentenceEA": 3,
      "srcWordEA": 23,
      "character": "카이,썰매",
      "setting": "추운 겨울날",
      "action": "만났어,장난을 치고,끌고 가는",
      "feeling": null,
      "causalRelationship": null,
      "outcomeResolution": null,
      "prediction": null,
      "plotSummaryInfoCount": 1,
      "plotSummaryInfo": {
        "classification": "의사소통",
        "readAge": "초등_저학년",
        "form": "short-form",
        "plotSummaryText": "어느 추운 겨울날, 카이는 썰매를 끌고 가는 사람을 보면서 장난을 치고 싶은 생각이 들었습니다.",
        "textWordEA": 14
      }
    },
    {
      "srcTextID": "99916",
      "srcText": "그래서 그 사람의 썰매에 자기의 썰매를 몰래 끈으로 묶었어. 이상한 사람은 얼굴이 눈처럼 하얗고, 키도 큰 여자였단다. 눈의 여왕이었지.",
      "srcPage": 9,
      "srcSentenceEA": 3,
      "srcWordEA": 21,
      "character": "이상한 사람,눈의 여왕,썰매",
      "setting": null,
      "action": "묶었어",
      "feeling": null,
      "causalRelationship": null,
      "outcomeResolution": null,
      "prediction": null,
      "plotSummaryInfoCount": 1,
      "plotSummaryInfo": {
        "classification": "의사소통",
        "readAge": "초등_저학년",
        "form": "short-form",
        "plotSummaryText": "얼굴이 하얗고 키가 큰 이상한 사람의 썰매에 자기의 썰매를 몰래 묶었는데, 그 이상한 사람은 바로 눈의 여왕이었습니다.",
        "textWordEA": 17
      }
    },
    {
      "srcTextID": "99918",
      "srcText": "카이는 덜컥 겁이 났어. 썰매는 시간이 갈수록 빨리 달렸어. “이제 그만 멈춰요!” 썰매는 카이가 살고 있는 도시를 벗어나서 한 번도 가본 적이 없는 숲길을 계속 달리기만 했단다.",
      "srcPage": 10,
      "srcSentenceEA": 4,
      "srcWordEA": 29,
      "character": "카이,썰매",
      "setting": "숲길",
      "action": "달렸어,멈춰요,벗어나서",
      "feeling": "겁이 났어",
      "causalRelationship": null,
      "outcomeResolution": null,
      "prediction": null,
      "plotSummaryInfoCount": 1,
      "plotSummaryInfo": {
        "classification": "의사소통",
        "readAge": "초등_저학년",
        "form": "long-form",
        "plotSummaryText": "썰매가 살고 있는 도시를 벗어나 갈수록 빨리 숲길을 달리자, 카이는 덜컥 겁이 났습니다.",
        "textWordEA": 13
      }
    },
    {
      "srcTextID": "99919",
      "srcText": "그때, 여자가 말했단다. “카이, 떨고 있구나. 내 털 옷 속으로 들어오렴.”",
      "srcPage": 11,
      "srcSentenceEA": 3,
      "srcWordEA": 12,
      "character": "여자,카이,털 옷",
      "setting": null,
      "action": "말했단다,들어오렴",
      "feeling": null,
      "causalRelationship": null,
      "outcomeResolution": null,
      "prediction": null,
      "plotSummaryInfoCount": 1,
      "plotSummaryInfo": {
        "classification": "의사소통",
        "readAge": "초등_저학년",
        "form": "short-form",
        "plotSummaryText": "그때, 여자가 떨고 있는 카이에게 털 옷 속으로 들어오라고 말했습니다.",
        "textWordEA": 10
      }
    },
    {
      "srcTextID": "99920",
      "srcText": "카이는 너무 추워서 그 여자의 옷 속으로 들어갔단다. “잠시 후면 내가 사는 눈의 나라에 도착할 거야.” 눈의 여왕은 카이의 이마에 입을 맞추었어.",
      "srcPage": 12,
      "srcSentenceEA": 3,
      "srcWordEA": 23,
      "character": "카이,내,눈의 여왕",
      "setting": "눈의 나라",
      "action": "들어갔단다,도착할,입을 맞추었어",
      "feeling": null,
      "causalRelationship": null,
      "outcomeResolution": null,
      "prediction": null,
      "plotSummaryInfoCount": 1,
      "plotSummaryInfo": {
        "classification": "의사소통",
        "readAge": "초등_저학년",
        "form": "short-form",
        "plotSummaryText": "옷 속으로 들어간 카이에게 눈의 여왕은 잠시 후면 눈의 나라에 도착할 거라고 말하며 이마에 입을 맞추었습니다.",
        "textWordEA": 16
      }
    },
    {
      "srcTextID": "99921",
      "srcText": "카이는 온몸이 싸늘해지는 것을 느꼈지만 금방 기분이 좋아졌어. 어느새, 썰매는 카이를 태우고 구름 속을 날아가고 있었단다. 카이는 눈의 나라로 들어가 영영 마을로 돌아갈 수 없게 되었단다. 겔다는 카이가 보이지 않자 걱정이 되었지. 카이가 눈의 여왕과 함께 눈의 나라로 간 것도 모르고 말이야.",
      "srcPage": 13,
      "srcSentenceEA": 5,
      "srcWordEA": 46,
      "character": "카이,썰매,겔다,눈의 여왕",
      "setting": null,
      "action": "태우고,날아가고,들어가,돌아갈,모르고",
      "feeling": "걱정이 되었지",
      "causalRelationship": null,
      "outcomeResolution": null,
      "prediction": null,
      "plotSummaryInfoCount": 1,
      "plotSummaryInfo": {
        "classification": "의사소통",
        "readAge": "초등_저학년",
        "form": "long-form",
        "plotSummaryText": "카이는 썰매를 타고 구름 속을 날아서 눈의 나라고 들어갔고, 카이가 눈의 여왕과 함께 간 것을 모르는 겔다는 걱정이 되었습니다.",
        "textWordEA": 19
      }
    },
    {
      "srcTextID": "99922",
      "srcText": "겔다는 한 번도 신은 적이 없는 빨간 구두를 신고 호수로 갔어. “카이, 어디로 간 거니? 설마, 호수를 건너간 것은 아니겠지?”",
      "srcPage": 15,
      "srcSentenceEA": 3,
      "srcWordEA": 21,
      "character": "겔다,빨간 구두,카이",
      "setting": "호수",
      "action": "갔어,신고,간,건너간",
      "feeling": null,
      "causalRelationship": null,
      "outcomeResolution": null,
      "prediction": null,
      "plotSummaryInfoCount": 1,
      "plotSummaryInfo": {
        "classification": "의사소통",
        "readAge": "초등_저학년",
        "form": "short-form",
        "plotSummaryText": "겔다는 카이가 호수를 건너간 것은 아닐까 걱정하면서, 한 번도 신은 적이 없는 빨간 구두를 신고 호수로 갔습니다.",
        "textWordEA": 17
      }
    },
    {
      "srcTextID": "99924",
      "srcText": "그때, 햇님이 겔다를 위로했어. “너무 슬퍼하지 말아요. 카이가 호수 건너편으로 가는 것을 까마귀가 보았대요.”",
      "srcPage": 16,
      "srcSentenceEA": 3,
      "srcWordEA": 15,
      "character": "햇님,겔다,카이,까마귀",
      "setting": null,
      "action": "보았대요,가는",
      "feeling": "슬퍼하지",
      "causalRelationship": null,
      "outcomeResolution": null,
      "prediction": null,
      "plotSummaryInfoCount": 1,
      "plotSummaryInfo": {
        "classification": "의사소통",
        "readAge": "초등_저학년",
        "form": "short-form",
        "plotSummaryText": "그때 햇님이 겔다를 위로하며, 까마귀가 호수 건너편으로 가는 카이를 보았다고 말해주었습니다.",
        "textWordEA": 11
      }
    },
    {
      "srcTextID": "99923",
      "srcText": "겔다는 호수에 있는 배를 타고 건너기 시작했단다. “카이는 어디로 간 것일까?” 겔다가 탄 배는 벚꽃이 피어 있는 언덕을 돌아 낯선 곳에 닿았어. 그곳에는 작은 창문이 달린 조그마한 오두막집이 있었단다.",
      "srcPage": 17,
      "srcSentenceEA": 4,
      "srcWordEA": 31,
      "character": "겔다,카이,배,오두막집",
      "setting": "호수",
      "action": "건너기,돌아,닿았어",
      "feeling": null,
      "causalRelationship": null,
      "outcomeResolution": null,
      "prediction": null,
      "plotSummaryInfoCount": 1,
      "plotSummaryInfo": {
        "classification": "의사소통",
        "readAge": "초등_저학년",
        "form": "long-form",
        "plotSummaryText": "겔다는 카이를 찾기 위해 배를 타고 호수를 건너다가 작은 창문이 달린 오두막집을 발견했습니다.",
        "textWordEA": 13
      }
    },
    {
      "srcTextID": "99926",
      "srcText": "“혹시 내 친구 카이를 보지 못했나요?” 그때, 한 노파가 문을 열고 나와 말했어. “이렇게 예쁜 아가씨가 어떻게 이 먼 곳까지 오게 되었을까?”",
      "srcPage": 18,
      "srcSentenceEA": 3,
      "srcWordEA": 23,
      "character": "아가씨,노파,카이,친구",
      "setting": "먼 곳",
      "action": "열고,말했어,보지",
      "feeling": null,
      "causalRelationship": null,
      "outcomeResolution": null,
      "prediction": null,
      "plotSummaryInfoCount": 1,
      "plotSummaryInfo": {
        "classification": "의사소통",
        "readAge": "초등_저학년",
        "form": "short-form",
        "plotSummaryText": "그때, 문을 열고 나온 노파가 예쁜 아가씨가 어떻게 먼 곳까지 오게 되었냐고 물었습니다.",
        "textWordEA": 13
      }
    },
    {
      "srcTextID": "99927",
      "srcText": "겔다는 그동안 일어난 일을 노파에게 모두 말해 주었어. 노파는 겔다 앞에 맛있는 산딸기와 과자를 내놓았어. 겔다는 너무 배가 고파 그것을 먹고 잠이 들었단다. 겔다는 어느새 카이에 대한 생각을 잊어버렸어. 왜냐하면 노파가 요술을 부렸기 때문이었지.",
      "srcPage": 19,
      "srcSentenceEA": 5,
      "srcWordEA": 38,
      "character": "겔다,노파,산딸기,과자,카이",
      "setting": null,
      "action": "말해,먹고,잠이 들었단다,내놓았어",
      "feeling": null,
      "causalRelationship": "겔다는 어느새 카이에 대한 생각을 잊어버렸어. 왜냐하면 노파가 요술을 부렸기 때문이었지.",
      "outcomeResolution": null,
      "prediction": null,
      "plotSummaryInfoCount": 1,
      "plotSummaryInfo": {
        "classification": "의사소통",
        "readAge": "초등_저학년",
        "form": "long-form",
        "plotSummaryText": "노파가 내놓은 요술 부린 산딸기와 과자를 먹은 겔다는 잠이 들었고, 어느새 카이에 대한 생각을 잊어버렸습니다.",
        "textWordEA": 15
      }
    },
    {
      "srcTextID": "99929",
      "srcText": "그러던 어느 날, 겔다는 들판 한구석에 피어 있는 장미꽃 한 송이를 발견했어. “어머, 이런 곳에도 장미꽃이 피어 있었네!” 겔다는 장미꽃을 꼭 껴안고 입을 맞추었단다.",
      "srcPage": 20,
      "srcSentenceEA": 3,
      "srcWordEA": 25,
      "character": "겔다,장미꽃",
      "setting": "어느 날",
      "action": "발견했어,껴안고,입을 맞추었단다",
      "feeling": null,
      "causalRelationship": null,
      "outcomeResolution": null,
      "prediction": null,
      "plotSummaryInfoCount": 1,
      "plotSummaryInfo": {
        "classification": "의사소통",
        "readAge": "초등_저학년",
        "form": "short-form",
        "plotSummaryText": "어느 날, 겔다는 들판 한구석에서 장미꽃을 발견하고는 꼭 껴안고 입을 맞추었습니다.",
        "textWordEA": 11
      }
    },
    {
      "srcTextID": "99930",
      "srcText": "그러자 그동안 겔다의 머릿속에서 잊고 있었던 카이 생각이 났어. \"내가 왜 여기서 이러고 있는 거지? 빨리 카이를 찾아야 할 텐데.\"",
      "srcPage": 21,
      "srcSentenceEA": 3,
      "srcWordEA": 21,
      "character": "내,카이,겔다",
      "setting": "그동안",
      "action": "잊고,찾아야",
      "feeling": null,
      "causalRelationship": null,
      "outcomeResolution": null,
      "prediction": null,
      "plotSummaryInfoCount": 1,
      "plotSummaryInfo": {
        "classification": "의사소통",
        "readAge": "초등_저학년",
        "form": "short-form",
        "plotSummaryText": "그러자 겔다는 그동안 잊고 있던 카이가 생각났고, 빨리 찾아야 한다고 생각했습니다.",
        "textWordEA": 11
      }
    },
    {
      "srcTextID": "99928",
      "srcText": "\"장미꽃아, 너는 내 친구 카이가 어디에 있는지 모르니?\" “저 멀리 커다란 성에 아름다운 공주님과 씩씩한 소년이 살고 있는 것은 알아요. 그 소년이 카이일지도 모르지요.”",
      "srcPage": 22,
      "srcSentenceEA": 3,
      "srcWordEA": 25,
      "character": "장미꽃,카이,공주님,소년,커다란 성",
      "setting": null,
      "action": "살고",
      "feeling": null,
      "causalRelationship": null,
      "outcomeResolution": null,
      "prediction": null,
      "plotSummaryInfoCount": 1,
      "plotSummaryInfo": {
        "classification": "의사소통",
        "readAge": "초등_저학년",
        "form": "short-form",
        "plotSummaryText": "장미꽃에게 카이가 어디 있는지 아느냐고 묻자, 커다란 성에 아름다운 공주님과 씩씩한 소년이 살고 있는데 그 소년이 카이일지도 모른다고 대답했습니다.",
        "textWordEA": 19
      }
    },
    {
      "srcTextID": "104781",
      "srcText": "겔다는 장미꽃이 가르쳐 준 숲길을 걷기 시작했단다. “까옥까옥, 아가씨는 혼자서 어딜 그렇게 가시나요?” 까마귀가 겔다의 머리 위에서 물어보았단다.",
      "srcPage": 23,
      "srcSentenceEA": 3,
      "srcWordEA": 19,
      "character": "겔다,아가씨,까마귀,장미꽃",
      "setting": "숲길",
      "action": "걷기,가시나요,물어보았단다,가르쳐",
      "feeling": null,
      "causalRelationship": null,
      "outcomeResolution": null,
      "prediction": null,
      "plotSummaryInfoCount": 1,
      "plotSummaryInfo": {
        "classification": "의사소통",
        "readAge": "초등_저학년",
        "form": "short-form",
        "plotSummaryText": "장미꽃이 가르쳐 준 숲길을 걷고 있는 겔다에게 까마귀가 아가씨는 어딜 가느냐고 물어보았습니다.",
        "textWordEA": 12
      }
    },
    {
      "srcTextID": "104780",
      "srcText": "“까마귀야, 혹시 내 친구 카이를 보지 못했니?” “하지만 그 아이는 아가씨를 까맣게 잊고 있을 거예요.” “날 그 성으로 안내해 주겠니?”",
      "srcPage": 24,
      "srcSentenceEA": 3,
      "srcWordEA": 20,
      "character": "아가씨,까마귀,카이",
      "setting": "성",
      "action": "잊고,보지,안내해",
      "feeling": null,
      "causalRelationship": null,
      "outcomeResolution": null,
      "prediction": null,
      "plotSummaryInfoCount": 1,
      "plotSummaryInfo": {
        "classification": "의사소통",
        "readAge": "초등_저학년",
        "form": "short-form",
        "plotSummaryText": "카이를 보지 못했는지 묻자, 까마귀가 그 아이는 아가씨를 까맣게 잊고 있을 거라고 대답했습니다.",
        "textWordEA": 13
      }
    },
    {
      "srcTextID": "104782",
      "srcText": "그날 밤, 겔다는 까마귀의 도움으로 아이와 공주님이 살고 있는 방 가까이 갈 수 있었단다. “카이, 이제야 널 찾았어!” 겔다는 아이의 뒷모습만 보고 카이가 분명하다고 생각했단다. 하지만 그 아이는 카이가 아니었단다. 겔다는 그만 실망을 하고 말았지.",
      "srcPage": 25,
      "srcSentenceEA": 5,
      "srcWordEA": 38,
      "character": "겔다,아이,공주님,카이,까마귀",
      "setting": "그날 밤",
      "action": "살고,찾았어,보고,생각했단다,갈",
      "feeling": "실망을 하고",
      "causalRelationship": null,
      "outcomeResolution": null,
      "prediction": null,
      "plotSummaryInfoCount": 1,
      "plotSummaryInfo": {
        "classification": "의사소통",
        "readAge": "초등_저학년",
        "form": "long-form",
        "plotSummaryText": "그날 밤, 까마귀의 도움으로 공주님과 아이가 살고 있는 방 가까이에 간 겔다는 그 아이가 카이가 아닌 것을 알고 실망하고 말았습니다.",
        "textWordEA": 20
      }
    },
    {
      "srcTextID": "104784",
      "srcText": "그때, 예쁜 공주님이 나타났어. “아가씨는 어떻게 이곳까지 들어온 거죠?” 겔다는 그동안의 일을 공주님과 아이에게 모두 말해 주었단다.",
      "srcPage": 26,
      "srcSentenceEA": 3,
      "srcWordEA": 18,
      "character": "아가씨,겔다,공주님,아이",
      "setting": "이곳",
      "action": "나타났어,말해,들어온",
      "feeling": null,
      "causalRelationship": null,
      "outcomeResolution": null,
      "prediction": null,
      "plotSummaryInfoCount": 1,
      "plotSummaryInfo": {
        "classification": "의사소통",
        "readAge": "초등_저학년",
        "form": "short-form",
        "plotSummaryText": "그때, 예쁜 공주님이 겔다에게 어떻게 이곳까지 들어왔는지 물었고, 겔다는 그동안의 일을 모두 말해 주었습니다.",
        "textWordEA": 14
      }
    },
    {
      "srcTextID": "104783",
      "srcText": "“저런, 가엾어라! 하지만 아가씨가 카이를 찾을 수 있도록 도와줄게요.” 다음 날 아침, 공주님은 말이 끄는 황금 마차를 겔다에게 주었단다. 마차는 어두운 숲속을 횃불처럼 반짝이며 계속해서 달렸어. 나무가 너무 많아 낮인지 저녁인지 구별이 되지 않았단다.",
      "srcPage": 27,
      "srcSentenceEA": 5,
      "srcWordEA": 38,
      "character": "아가씨,공주님,황금 마차,말,겔다",
      "setting": "다음 날 아침",
      "action": "도와줄게요,끄는,주었단다,달렸어",
      "feeling": null,
      "causalRelationship": null,
      "outcomeResolution": null,
      "prediction": null,
      "plotSummaryInfoCount": 1,
      "plotSummaryInfo": {
        "classification": "의사소통",
        "readAge": "초등_저학년",
        "form": "long-form",
        "plotSummaryText": "다음 날 아침, 공주님은 겔다가 카이를 찾을 수 있도록 말이 끄는 황금 마차를 주었고, 마차는 어두운 숲속을 계속 달렸습니다.",
        "textWordEA": 19
      }
    },
    {
      "srcTextID": "99932",
      "srcText": "“와 황금마차다!” 마차가 막 숲길을 돌려고 할 때였단다. 어디서 나타났는지 도적들이 겔다가 탄 마차를 가로막았어.",
      "srcPage": 28,
      "srcSentenceEA": 3,
      "srcWordEA": 17,
      "character": "마차,도적들,황금마차",
      "setting": "숲길",
      "action": "돌려고,나타났는지,가로막았어,탄",
      "feeling": null,
      "causalRelationship": null,
      "outcomeResolution": null,
      "prediction": null,
      "plotSummaryInfoCount": 1,
      "plotSummaryInfo": {
        "classification": "의사소통",
        "readAge": "초등_저학년",
        "form": "short-form",
        "plotSummaryText": "마차가 막 숲길을 돌려고 할 때, 도적들이 나타나 겔다가 탄 황금마차를 가로막았습니다.",
        "textWordEA": 12
      }
    },
    {
      "srcTextID": "99934",
      "srcText": "그런 다음 마부를 때려눕히고 겔다를 마차 밖으로 끌어냈지. 그때, 두목의 딸이 말했단다. “어머, 예쁘기도 해라. 아빠, 이 애하고 놀게 해 줘.”",
      "srcPage": 29,
      "srcSentenceEA": 4,
      "srcWordEA": 23,
      "character": "마부,겔다,아빠,마차,두목의 딸",
      "setting": null,
      "action": "때려눕히고,끌어냈지,말했단다,놀게",
      "feeling": null,
      "causalRelationship": null,
      "outcomeResolution": null,
      "prediction": null,
      "plotSummaryInfoCount": 1,
      "plotSummaryInfo": {
        "classification": "의사소통",
        "readAge": "초등_저학년",
        "form": "long-form",
        "plotSummaryText": "마부를 때려눕히고 마차 밖으로 겔다를 끌어내자, 두목의 딸이 아빠에게 겔다와 놀게 해 달라고 말했습니다.",
        "textWordEA": 14
      }
    },
    {
      "srcTextID": "99935",
      "srcText": "두목은 딸을 너무 귀여워해서 겔다를 살려 주기로 했단다. 그날 밤, 두목의 딸이 물었어. “너는 어디를 그렇게 급하게 가는 길이었니?”",
      "srcPage": 30,
      "srcSentenceEA": 3,
      "srcWordEA": 20,
      "character": "겔다,너,두목,딸",
      "setting": "그날 밤",
      "action": "물었어,가는",
      "feeling": null,
      "causalRelationship": null,
      "outcomeResolution": null,
      "prediction": null,
      "plotSummaryInfoCount": 1,
      "plotSummaryInfo": {
        "classification": "의사소통",
        "readAge": "초등_저학년",
        "form": "short-form",
        "plotSummaryText": "딸을 귀여워한 두목은 겔다를 살려주었고, 두목의 딸은 겔다에게 어디를 가는 길이었냐고 물었습니다.",
        "textWordEA": 12
      }
    },
    {
      "srcTextID": "99933",
      "srcText": "겔다는 그동안 있었던 일을 두목의 딸에게도 모두 말해 주었단다. “저런, 가엾어라. 하지만 카이는 이곳에 없어. 그러니까 여기서 나와 함께 살지 않겠니?”",
      "srcPage": 31,
      "srcSentenceEA": 4,
      "srcWordEA": 23,
      "character": "겔다,카이,나,딸",
      "setting": "이곳,그동안",
      "action": "말해,살지",
      "feeling": null,
      "causalRelationship": null,
      "outcomeResolution": null,
      "prediction": null,
      "plotSummaryInfoCount": 1,
      "plotSummaryInfo": {
        "classification": "의사소통",
        "readAge": "초등_저학년",
        "form": "long-form",
        "plotSummaryText": "그동안의 이야기를 들은 두목의 딸은 겔다에게 카이는 이곳에 없으니 자신과 함께 살지 않겠냐고 말했습니다.",
        "textWordEA": 14
      }
    },
    {
      "srcTextID": "99931",
      "srcText": "“안 돼! 난 카이를 찾아서 집으로 돌아가야 해.” “알았어. 아빠한테 말해서 아무도 널 해치지 못하게 할게.”",
      "srcPage": 32,
      "srcSentenceEA": 3,
      "srcWordEA": 18,
      "character": "카이,아빠,집",
      "setting": null,
      "action": "찾아서,돌아가야,해치지,말해서",
      "feeling": null,
      "causalRelationship": null,
      "outcomeResolution": null,
      "prediction": null,
      "plotSummaryInfoCount": 1,
      "plotSummaryInfo": {
        "classification": "의사소통",
        "readAge": "초등_저학년",
        "form": "short-form",
        "plotSummaryText": "카이를 찾아서 집으로 돌아가야 한다고 말하자, 아빠에게 말해서 아무도 해치지 못하게 하겠다고 대답했습니다.",
        "textWordEA": 13
      }
    },
    {
      "srcTextID": "99937",
      "srcText": "다음 날 아침, 순록과 함께 있는 겔다에게 비둘기가 말했단다. “카이는 눈의 여왕이 이끄는 마차를 타고 눈의 나라로 갔답니다.” “순록아, 나를 그곳까지 데려다주지 않겠니?”",
      "srcPage": 33,
      "srcSentenceEA": 3,
      "srcWordEA": 23,
      "character": "순록,겔다,비둘기,카이,눈의 여왕",
      "setting": "다음 날 아침,눈의 나라",
      "action": "말했단다,이끄는,타고,갔답니다,데려다주지",
      "feeling": null,
      "causalRelationship": null,
      "outcomeResolution": null,
      "prediction": null,
      "plotSummaryInfoCount": 1,
      "plotSummaryInfo": {
        "classification": "의사소통",
        "readAge": "초등_저학년",
        "form": "short-form",
        "plotSummaryText": "다음 날 아침, 비둘기는 카이는 눈의 여왕의 마차를 타고 눈의 나라로 갔다고 겔다에게 말했습니다.",
        "textWordEA": 14
      }
    },
    {
      "srcTextID": "99936",
      "srcText": "“그렇게 할게요.” 마침내, 랩란드에 도착한 겔다와 순록은 어느 허름한 오두막집을 찾아 들어갔어. “눈의 나라로 가려면 어떻게 해야 하나요?” “눈의 나라는 여기서 아주 가까운 곳에 있어요.” 오두막집 주인이 대답했어요.",
      "srcPage": 34,
      "srcSentenceEA": 5,
      "srcWordEA": 30,
      "character": "겔다,순록,오두막집 주인,눈의 나라",
      "setting": "랩란드,허름한 오두막집",
      "action": "도착한,가려면,대답했어요,들어갔어",
      "feeling": null,
      "causalRelationship": null,
      "outcomeResolution": null,
      "prediction": null,
      "plotSummaryInfoCount": 1,
      "plotSummaryInfo": {
        "classification": "의사소통",
        "readAge": "초등_저학년",
        "form": "long-form",
        "plotSummaryText": "겔다와 순록은 랩란드의 허름한 오두막집에 도착해 눈의 나라에 가는 방법을 물어보았고, 오두막집 주인은 눈의 나라는 아주 가까운 곳에 있다고 대답했습니다.",
        "textWordEA": 20
      }
    },
    {
      "srcTextID": "99945",
      "srcText": "눈의 나라에 도착한 순록은 겔다를 내려놓고 눈물을 흘렸단다. “순록아, 고마워. 카이를 꼭 구해 올 테니 기다려야 해.”",
      "srcPage": 39,
      "srcSentenceEA": 3,
      "srcWordEA": 18,
      "character": "순록,겔다,카이",
      "setting": "눈의 나라",
      "action": "도착한,내려놓고,구해,기다려야",
      "feeling": null,
      "causalRelationship": null,
      "outcomeResolution": null,
      "prediction": null,
      "plotSummaryInfoCount": 1,
      "plotSummaryInfo": {
        "classification": "의사소통",
        "readAge": "초등_저학년",
        "form": "short-form",
        "plotSummaryText": "눈의 나라에 도착하여 겔다를 내려놓고 눈물을 흘리는 순록에게 겔다는 카이를 구해 올 테니 기다리라고 말했습니다.",
        "textWordEA": 15
      }
    },
    {
      "srcTextID": "99944",
      "srcText": "그러자 손에 창과 방패를 든 천사들이 겔다 앞에 나타났단다. 눈의 군사들은 금방 흩어지고 말았지. 겔다는 있는 힘을 다해 성안으로 들어갔단다. 겔다는 얼음으로 만들어진 정원에서 서성이는 카이를 금방 발견할 수 있었어.",
      "srcPage": 42,
      "srcSentenceEA": 4,
      "srcWordEA": 33,
      "character": "천사들,겔다,눈의 군사들,카이",
      "setting": "성안,정원",
      "action": "나타났단다,서성이는,발견할,들어갔단다,흩어지고",
      "feeling": null,
      "causalRelationship": null,
      "outcomeResolution": null,
      "prediction": null,
      "plotSummaryInfoCount": 1,
      "plotSummaryInfo": {
        "classification": "의사소통",
        "readAge": "초등_저학년",
        "form": "long-form",
        "plotSummaryText": "그러자 손에 창과 방패를 든 천사들이 나타나 눈의 군사들을 흩어지게 했고, 성안으로 들어간 겔다는 얼음 정원에서 카이를 발견했습니다.",
        "textWordEA": 18
      }
    },
    {
      "srcTextID": "99949",
      "srcText": "“카이, 이제야 겨우 널 찾았구나.” 겔다는 카이를 꼭 껴안고 울음을 터뜨렸단다. 겔다의 눈물은 카이의 마음속으로 흘러 들어가 나쁜 유리 조각을 모두 녹였어.",
      "srcPage": 43,
      "srcSentenceEA": 3,
      "srcWordEA": 24,
      "character": "카이,겔다,나쁜 유리 조각",
      "setting": null,
      "action": "찾았구나,껴안고,녹였어",
      "feeling": null,
      "causalRelationship": null,
      "outcomeResolution": null,
      "prediction": null,
      "plotSummaryInfoCount": 1,
      "plotSummaryInfo": {
        "classification": "의사소통",
        "readAge": "초등_저학년",
        "form": "short-form",
        "plotSummaryText": "카이를 찾은 겔다가 카이를 껴안고 눈물을 흘리자, 카이의 마음속에 있는 나쁜 유리 조각이 모두 녹았습니다.",
        "textWordEA": 15
      }
    },
    {
      "srcTextID": "99946",
      "srcText": "“겔다! 내가 왜 여기 있는 거야? 여기는 어디지?” 겔다는 그동안 일어난 일들을 카이에게 모두 말해 주었단다.",
      "srcPage": 44,
      "srcSentenceEA": 3,
      "srcWordEA": 19,
      "character": "겔다,내,카이",
      "setting": "그동안",
      "action": "말해 주었단다",
      "feeling": null,
      "causalRelationship": null,
      "outcomeResolution": null,
      "prediction": null,
      "plotSummaryInfoCount": 1,
      "plotSummaryInfo": {
        "classification": "의사소통",
        "readAge": "초등_저학년",
        "form": "short-form",
        "plotSummaryText": "겔다는 자신이 왜 여기 있는지 묻는 카이에게 그동안의 일들을 모두 말해 주었습니다.",
        "textWordEA": 12
      }
    },
    {
      "srcTextID": "99948",
      "srcText": "“카이, 여기는 너무 추워. 어서 집으로 돌아가.” 겔다와 카이는 순록을 타고 눈의 나라를 도망쳤어. 그 후, 카이와 겔다는 고향으로 돌아와 착하고 행복하게 살았단다. 예쁜 장미를 키우면서 말이야.",
      "srcPage": 46,
      "srcSentenceEA": 5,
      "srcWordEA": 31,
      "character": "카이,겔다,예쁜 장미,순록",
      "setting": null,
      "action": "돌아가,도망쳤어,살았단다,키우면서,타고",
      "feeling": null,
      "causalRelationship": null,
      "outcomeResolution": null,
      "prediction": null,
      "plotSummaryInfoCount": 1,
      "plotSummaryInfo": {
        "classification": "의사소통",
        "readAge": "초등_저학년",
        "form": "long-form",
        "plotSummaryText": "순록을 타고 눈의 나라에서 도망친 겔다와 카이는 예쁜 장미를 키우면서 착하고 행복하게 살았습니다.",
        "textWordEA": 13
      }
    },
    {
      "srcTextID": "99952",
      "srcText": "어느 날, 악마가 만든 유리 거울 조각이 눈에 들어간 카이는 못된 아이로 변하고 마침내 눈의 여왕에게 잡혀 갑니다. 겔다는 카이가 없어지자 카이를 찾아 눈의 나라로 갑니다. 온갖 어려움을 겪으면서 눈의 나라에 도착한 겔다는 그곳에서 카이를 발견하고 기쁨의 눈물을 흘립니다.",
      "srcPage": 48,
      "srcSentenceEA": 3,
      "srcWordEA": 41,
      "character": "카이,겔다,유리 거울 조각,눈의 여왕",
      "setting": null,
      "action": "흘립니다,찾아,도착한,발견하고,잡혀 갑니다",
      "feeling": "기쁨",
      "causalRelationship": null,
      "outcomeResolution": null,
      "prediction": null,
      "plotSummaryInfoCount": 1,
      "plotSummaryInfo": {
        "classification": "의사소통",
        "readAge": "초등_저학년",
        "form": "short-form",
        "plotSummaryText": "악마가 만든 유리 거울 조각이 눈에 들어간 카이가 못된 아이로 변하여 눈의 여왕에게 잡혀갔고, 겔다는 온갖 어려움을 겪으면서 카이를 구합니다.",
        "textWordEA": 20
      }
    },
    {
      "srcTextID": "99950",
      "srcText": "겔다의 눈물이 카이의 마음속에 흘러 들어가 마침내 유리 조각은 빠져나오고 카이는 예전의 착한 친구로 되돌아옵니다. 겔다의 우정이 카이를 구해 낸 것입니다. 우리 어린이들도 카이나 겔다처럼 참된 우정을 나눌 수 있는 친구를 만나도록 노력해 보세요.",
      "srcPage": 49,
      "srcSentenceEA": 3,
      "srcWordEA": 36,
      "character": "겔다,카이,유리 조각",
      "setting": null,
      "action": "되돌아옵니다,나눌,노력해,구해",
      "feeling": null,
      "causalRelationship": null,
      "outcomeResolution": null,
      "prediction": null,
      "plotSummaryInfoCount": 1,
      "plotSummaryInfo": {
        "classification": "의사소통",
        "readAge": "초등_저학년",
        "form": "short-form",
        "plotSummaryText": "겔다의 우정이 카이를 구해내, 카이의 마음속에 있던 유리 조각이 빠져나왔고, 카이는 착한 친구로 되돌아왔습니다.",
        "textWordEA": 14
      }
    },
    {
      "srcTextID": "99953",
      "srcText": "산딸기. 우리나라와 일본, 중국의 산과 들에서 많이 자라는 장미과에 속하는 식물. 뿌리는 길게 옆으로 자라고 커다란 군집으로 발달한답니다. 줄기 전체에 가시가 드문드문 나 있고 잎은 넓은 달걀 모양을 하고 있어요. 열매는 먹을 수 있어 식용으로 활용하거나 약으로 쓰기도 해요. 산딸기는 나무딸기, 산딸기나무, 흰딸, 참딸이라고도 부른답니다.",
      "srcPage": 51,
      "srcSentenceEA": 5,
      "srcWordEA": 50,
      "character": "열매,가시,산딸기",
      "setting": "우리나라,일본,중국",
      "action": "먹을,자라고,활용하거나,쓰기도",
      "feeling": null,
      "causalRelationship": null,
      "outcomeResolution": null,
      "prediction": null,
      "plotSummaryInfoCount": 1,
      "plotSummaryInfo": {
        "classification": "의사소통",
        "readAge": "초등_저학년",
        "form": "long-form",
        "plotSummaryText": "산딸기는 우리나라와 일본, 중국의 산과 들에서 많이 자라며 줄기 전체에 가시가 있고, 잎의 모양은 넓은 달걀 모양이며, 열매는 식용이나 약으로 쓰기도 합니다.",
        "textWordEA": 22
      }
    },
    {
      "srcTextID": "99915",
      "srcText": "카이와 겔다는 비록 가난했지만 사이좋은 친구였어. 겔다는 카이와 함께 장미꽃을 가꾸는 일이 세상에서 가장 행복한 일이라고 생각했지. 그러던 어느 날, 카이가 얼굴을 찡그리며 겔다에게 이렇게 말했단다.",
      "srcPage": 4,
      "srcSentenceEA": 3,
      "srcWordEA": 28,
      "character": "카이,겔다",
      "setting": "어느 날",
      "action": "가꾸는,말했단다,찡그리며",
      "feeling": "행복한",
      "causalRelationship": null,
      "outcomeResolution": null,
      "prediction": null,
      "plotSummaryInfoCount": 1,
      "plotSummaryInfo": {
        "classification": "의사소통",
        "readAge": "초등_저학년",
        "form": "short-form",
        "plotSummaryText": "카이와 겔다가 사이좋게 장미꽃을 가꾸며 행복하게 지내던 어느 날, 카이가 얼굴을 찡그리며 말했습니다.",
        "textWordEA": 13
      }
    },
    {
      "srcTextID": "99912",
      "srcText": "“난 이제 장미꽃은 보고 싶지도 않아!” 겔다는 카이가 이상하다고 생각했어. “카이, 왜 그러니? 왜 얼굴을 찡그리고 안 하던 말을 하는 거야?”",
      "srcPage": 5,
      "srcSentenceEA": 4,
      "srcWordEA": 23,
      "character": "겔다,카이,장미꽃",
      "setting": null,
      "action": "보고,생각했어,말을 하는",
      "feeling": null,
      "causalRelationship": null,
      "outcomeResolution": null,
      "prediction": "왜 얼굴을 찡그리고 안 하던 말을 하는 거야?",
      "plotSummaryInfoCount": 1,
      "plotSummaryInfo": {
        "classification": "의사소통",
        "readAge": "초등_저학년",
        "form": "long-form",
        "plotSummaryText": "겔다는 얼굴을 찡그리면서 장미꽃을 보고 싶지 않다고 말하는 카이가 이상하다고 생각했습니다.",
        "textWordEA": 11
      }
    },
    {
      "srcTextID": "99911",
      "srcText": "“나도 몰라. 뭔가 내 가슴을 쿡쿡 찌르는 것 같아.” 카이는 눈을 비볐어.",
      "srcPage": 6,
      "srcSentenceEA": 3,
      "srcWordEA": 14,
      "character": "카이",
      "setting": null,
      "action": "쿡쿡 찌르는,눈을 비볐어",
      "feeling": null,
      "causalRelationship": null,
      "outcomeResolution": null,
      "prediction": null,
      "plotSummaryInfoCount": 1,
      "plotSummaryInfo": {
        "classification": "의사소통",
        "readAge": "초등_저학년",
        "form": "short-form",
        "plotSummaryText": "카이는 눈을 비비며 뭔가 가슴을 쿡쿡 찌르는 것 같다고 말했습니다.",
        "textWordEA": 10
      }
    },
    {
      "srcTextID": "99925",
      "srcText": "다음 날 아침, 겔다는 카이를 찾으러 다녔단다. 하지만 카이를 찾을 수가 없었어. 마침내 추운 겨울이 지나고 봄이 찾아왔단다.",
      "srcPage": 14,
      "srcSentenceEA": 3,
      "srcWordEA": 20,
      "character": "겔다,카이",
      "setting": "다음 날 아침,봄",
      "action": "찾으러,찾아왔단다,찾을 수가 없었어",
      "feeling": null,
      "causalRelationship": null,
      "outcomeResolution": null,
      "prediction": null,
      "plotSummaryInfoCount": 1,
      "plotSummaryInfo": {
        "classification": "의사소통",
        "readAge": "초등_저학년",
        "form": "short-form",
        "plotSummaryText": "다음 날 아침, 겔다는 카이를 찾으러 다녔지만 찾을 수 없었고 봄이 찾아왔습니다.",
        "textWordEA": 12
      }
    },
    {
      "srcTextID": "99941",
      "srcText": "순록이 겔다가 겪은 이야기를 주인에게 들려주었단다. “제발, 겔다 아가씨가 눈의 여왕으로부터 카이를 구할 수 있게 도와주세요.” 주인은 곰곰이 생각하다가 이렇게 말했단다.",
      "srcPage": 35,
      "srcSentenceEA": 3,
      "srcWordEA": 22,
      "character": "순록,겔다,카이,주인,눈의 여왕",
      "setting": null,
      "action": "들려주었단다,구할,도와주세요,생각하다가,말했단다",
      "feeling": null,
      "causalRelationship": null,
      "outcomeResolution": null,
      "prediction": null,
      "plotSummaryInfoCount": 1,
      "plotSummaryInfo": {
        "classification": "의사소통",
        "readAge": "초등_저학년",
        "form": "short-form",
        "plotSummaryText": "순록은 주인에게 제발 겔다 아가씨가 눈의 여왕으로부터 카이를 구할 수 있게 도와달라고 이야기했습니다.",
        "textWordEA": 13
      }
    },
    {
      "srcTextID": "99940",
      "srcText": "“하지만 난 아무런 힘이 없단다. 내가 도와 줄 수 있는 건 길을 가르쳐 주는 것뿐이란다.” “겔다 아가씨에게 눈의 여왕과 싸울 수 있는 힘을 주실 수는 없나요?”",
      "srcPage": 36,
      "srcSentenceEA": 3,
      "srcWordEA": 27,
      "character": "내,난,아가씨,눈의 여왕",
      "setting": null,
      "action": "도와,가르쳐,싸울",
      "feeling": null,
      "causalRelationship": null,
      "outcomeResolution": null,
      "prediction": null,
      "plotSummaryInfoCount": 1,
      "plotSummaryInfo": {
        "classification": "의사소통",
        "readAge": "초등_저학년",
        "form": "short-form",
        "plotSummaryText": "아무런 힘이 없어서 길을 가르쳐 줄 뿐이라고 말하자, 겔다 아가씨가 눈의 여왕과 싸울 힘을 주실 수는 없는지 물었습니다.",
        "textWordEA": 18
      }
    },
    {
      "srcTextID": "99939",
      "srcText": "“순록아, 겔다 아가씨는 이미 눈의 여왕과 싸울 수 있는 힘이 있단다. 그 힘은 겔다 아가씨의 착하고 맑은 마음씨야.” 주인은 순록에게 눈의 나라로 가는 길을 가르쳐 주었어.",
      "srcPage": 37,
      "srcSentenceEA": 3,
      "srcWordEA": 28,
      "character": "순록,겔다 아가씨,주인,눈의 여왕",
      "setting": null,
      "action": "싸울,가는,가르쳐",
      "feeling": null,
      "causalRelationship": null,
      "outcomeResolution": null,
      "prediction": null,
      "plotSummaryInfoCount": 1,
      "plotSummaryInfo": {
        "classification": "의사소통",
        "readAge": "초등_저학년",
        "form": "short-form",
        "plotSummaryText": "주인은 겔다 아가씨에게는 이미 눈의 여왕과 싸울 수 있는 착하고 맑은 마음씨가 있다며 눈의 나라로 가는 길을 가르쳐 주었습니다.",
        "textWordEA": 19
      }
    },
    {
      "srcTextID": "99938",
      "srcText": "“겔다 아가씨, 용기를 내요. 카이를 구할 수 있을 거예요.” 순록은 겔다를 태우고 눈 속을 달렸단다. 살을 에는 듯한 바람이 길을 막았지만 겔다는 참았어.",
      "srcPage": 38,
      "srcSentenceEA": 4,
      "srcWordEA": 26,
      "character": "겔다 아가씨,카이,순록",
      "setting": null,
      "action": "구할,태우고,달렸단다,참았어",
      "feeling": null,
      "causalRelationship": null,
      "outcomeResolution": null,
      "prediction": null,
      "plotSummaryInfoCount": 1,
      "plotSummaryInfo": {
        "classification": "의사소통",
        "readAge": "초등_저학년",
        "form": "long-form",
        "plotSummaryText": "겔다를 태운 순록은 카이를 구할 수 있다고 말하며 눈 속을 달렸습니다.",
        "textWordEA": 11
      }
    },
    {
      "srcTextID": "99943",
      "srcText": "겔다는 눈보라 속을 조금씩 조금씩 걸어갔단다. 장갑과 장화도 신지 않고 말이야. 한참을 걸어가고 있을 때였어.",
      "srcPage": 40,
      "srcSentenceEA": 3,
      "srcWordEA": 17,
      "character": "겔다,장갑,장화",
      "setting": "눈보라 속을",
      "action": "걸어갔단다,신지,걸어가고",
      "feeling": null,
      "causalRelationship": null,
      "outcomeResolution": null,
      "prediction": null,
      "plotSummaryInfoCount": 1,
      "plotSummaryInfo": {
        "classification": "의사소통",
        "readAge": "초등_저학년",
        "form": "short-form",
        "plotSummaryText": "겔다는 장갑과 장화도 신지 않은 채, 눈보라 속을 조금씩 조금씩 걸어갔습니다.",
        "textWordEA": 11
      }
    }
  ]
}