{
  "title": "세 가지 소원",
  "author": "고선미",
  "illustrator": "배애성",
  "isbn": "9788968731648",
  "publishedYear": 2013,
  "publisher": "키움북스",
  "paragraphInfoCount": 17,
  "paragraphInfo": [
    {
      "srcTextID": "131304",
      "srcText": "“영감, 일하러 안 갈 거예요? 밭 좀 매요!” 할머니의 잔소리에 할아버지는 할 수 없이 곡괭이를 메고는 터덜터덜 밖으로 나갔어.",
      "srcPage": 2,
      "srcSentenceEA": 3,
      "srcWordEA": 21,
      "character": "영감,할머니,곡괭이",
      "setting": "밭",
      "action": "메고는,나갔어",
      "feeling": null,
      "causalRelationship": null,
      "outcomeResolution": null,
      "prediction": null,
      "plotSummaryInfoCount": 1,
      "plotSummaryInfo": {
        "classification": "의사소통",
        "readAge": "초등_저학년",
        "form": "short-form",
        "plotSummaryText": "밭 좀 매라는 할머니의 잔소리에 할아버지는 할 수 없이 곡괭이를 메고는 밖으로 나갔습니다.",
        "textWordEA": 13
      }
    },
    {
      "srcTextID": "131305",
      "srcText": "하지만 떡갈나무 아래 시원한 그늘을 보자마자, 또다시 벌렁 눕고 말았지 뭐야. “어이, 시원하다. 잠이나 더 자야지.”",
      "srcPage": 3,
      "srcSentenceEA": 3,
      "srcWordEA": 17,
      "character": null,
      "setting": "떡갈나무 아래,시원한 그늘",
      "action": "보자마자,눕고,자야지",
      "feeling": null,
      "causalRelationship": null,
      "outcomeResolution": null,
      "prediction": null,
      "plotSummaryInfoCount": 1,
      "plotSummaryInfo": {
        "classification": "의사소통",
        "readAge": "초등_저학년",
        "form": "short-form",
        "plotSummaryText": "떡갈나무 아래 시원한 그늘을 보자마자, 잠이나 더 자야겠다며 또다시 벌렁 누웠습니다.",
        "textWordEA": 11
      }
    },
    {
      "srcTextID": "131307",
      "srcText": "“할아버지, 저 좀 구해 주세요. 웅덩이에 마차가 빠져서 옴짝달싹 못하게 되었지 뭐예요.” 자세히 보니 작은 꼬마 요정이었어.",
      "srcPage": 5,
      "srcSentenceEA": 3,
      "srcWordEA": 19,
      "character": "할아버지,마차,꼬마 요정",
      "setting": "웅덩이",
      "action": "보니,빠져서",
      "feeling": null,
      "causalRelationship": null,
      "outcomeResolution": null,
      "prediction": null,
      "plotSummaryInfoCount": 1,
      "plotSummaryInfo": {
        "classification": "의사소통",
        "readAge": "초등_저학년",
        "form": "short-form",
        "plotSummaryText": "작은 꼬마 요정이 할아버지에게 웅덩이에 마차가 빠져서 옴짝달싹 못 하게 되었으니 구해 달라고 말했습니다.",
        "textWordEA": 14
      }
    },
    {
      "srcTextID": "131315",
      "srcText": "할아버지는 할머니의 말에 왈칵 눈물이 쏟아질 것 같았어. “그럼 난 이 소시지를 코에 평생 붙이고 살란 말이오? 빨리 세 번째 소원으로 내 코에 붙은 소시지를 떼어 주게나.” 하지만 할머니는 들은 척도 하지 않았단다. “흥! 평생 소시지나 붙이고 사세요.”",
      "srcPage": 13,
      "srcSentenceEA": 5,
      "srcWordEA": 41,
      "character": "할아버지,할머니,소시지",
      "setting": null,
      "action": "떼어,붙이고 사세요",
      "feeling": null,
      "causalRelationship": null,
      "outcomeResolution": null,
      "prediction": null,
      "plotSummaryInfoCount": 1,
      "plotSummaryInfo": {
        "classification": "의사소통",
        "readAge": "초등_저학년",
        "form": "long-form",
        "plotSummaryText": "할머니의 말에 눈물이 쏟아질 것 같은 할아버지가 세 번째 소원으로 코에 붙은 소시지를 떼어 달라고 말했지만 할머니는 들은 척도 하지 않고 평생 붙이고 살라고 했습니다.",
        "textWordEA": 25
      }
    },
    {
      "srcTextID": "131318",
      "srcText": "그때 방 안에 차려진 소시지의 냄새를 맡고 쥐들이 나타났어. 쥐들은 소시지를 야금야금 하나씩 갉아 먹기 시작했지. 그러고는 곧 할아버지의 코에 붙은 소시지도 갉아 먹었어.",
      "srcPage": 14,
      "srcSentenceEA": 3,
      "srcWordEA": 26,
      "character": "소시지,쥐들,할아버지",
      "setting": "방 안에",
      "action": "갉아 먹기,나타났어,차려진,맡고",
      "feeling": null,
      "causalRelationship": null,
      "outcomeResolution": null,
      "prediction": null,
      "plotSummaryInfoCount": 1,
      "plotSummaryInfo": {
        "classification": "의사소통",
        "readAge": "초등_저학년",
        "form": "short-form",
        "plotSummaryText": "방 안에 차려진 소시지의 냄새를 맡고 나타난 쥐들은 그것을 하나씩 갉아 먹으면서 할아버지의 코에 붙은 것도 갉아 먹었습니다.",
        "textWordEA": 18
      }
    },
    {
      "srcTextID": "131306",
      "srcText": "그때 어디선가 이상한 소리가 들렸어. “저 좀 살려 주세요! 거기 누구 없어요?” 할아버지는 잠에서 깨어 소리가 나는 곳으로 가 보았어. 그 소리는 떡갈나무 아래 웅덩이에서 나는 소리였지. 할아버지는 잠에서 깨어 소리가 나는 곳으로 가 보았어. 그 소리는 떡갈나무 아래 웅덩이에서 나는 소리였지.",
      "srcPage": 4,
      "srcSentenceEA": 7,
      "srcWordEA": 47,
      "character": "할아버지",
      "setting": "떡갈나무 아래,웅덩이",
      "action": "깨어,가 보았어,들렸어",
      "feeling": null,
      "causalRelationship": null,
      "outcomeResolution": null,
      "prediction": null,
      "plotSummaryInfoCount": 1,
      "plotSummaryInfo": {
        "classification": "의사소통",
        "readAge": "초등_저학년",
        "form": "long-form",
        "plotSummaryText": "어디선가 살려달라는 이상한 소리가 들려서 잠에서 깬 할아버지가 소리가 나는 곳으로 가 보았더니 그 소리는 떡갈나무 아래 웅덩이에서 나는 소리였습니다.",
        "textWordEA": 20
      }
    },
    {
      "srcTextID": "131309",
      "srcText": "“보답으로 세 가지 소원을 들어 드릴게요. 대신 소원은 할머니가 말씀하셔야 해요.” 할아버지는 고개를 끄덕이며 집으로 달려갔어.",
      "srcPage": 7,
      "srcSentenceEA": 3,
      "srcWordEA": 18,
      "character": "할머니,할아버지",
      "setting": "집",
      "action": "끄덕이며,달려갔어",
      "feeling": null,
      "causalRelationship": null,
      "outcomeResolution": null,
      "prediction": null,
      "plotSummaryInfoCount": 1,
      "plotSummaryInfo": {
        "classification": "의사소통",
        "readAge": "초등_저학년",
        "form": "short-form",
        "plotSummaryText": "보답으로 할머니가 말하는 세 가지 소원을 들어주겠다고 해서 할아버지는 고개를 끄덕이며 집으로 달려갔습니다.",
        "textWordEA": 13
      }
    },
    {
      "srcTextID": "131314",
      "srcText": "그러자 정말로 소시지가 할아버지의 코에 철썩 붙어 버렸어. 홧김에 말한 두 번째 소원이 이루어진거야. “아이고, 내 코에 소시지가 붙어 버렸잖소. 이거 흉측해서 어떡해!” 할아버지의 말에 할머니는 콧방귀를 뀌었어. “흥! 잘되었어요. 마지막 소원은 큰 걸 빌 거야!”",
      "srcPage": 12,
      "srcSentenceEA": 7,
      "srcWordEA": 41,
      "character": "소시지,할아버지,할머니,코",
      "setting": null,
      "action": "콧방귀를 뀌었어,붙어 버렸어",
      "feeling": null,
      "causalRelationship": null,
      "outcomeResolution": null,
      "prediction": null,
      "plotSummaryInfoCount": 1,
      "plotSummaryInfo": {
        "classification": "의사소통",
        "readAge": "초등_저학년",
        "form": "long-form",
        "plotSummaryText": "코에 소시지가 붙어 버려서 흉측해서 어떡하냐는 할아버지의 말에 할머니는 콧방귀를 뀌고 잘되었다면서 마지막은 큰 소원을 빌 거라고 말했습니다.",
        "textWordEA": 18
      }
    },
    {
      "srcTextID": "131319",
      "srcText": "그 모습을 보자, 할머니는 미안한 생각이 들지 뭐야. ‘흠, 그래도 영감이 있어야 행복할 거야.’ 할머니는 엉엉 우는 할아버지를 보며, 마지막 소원을 빌었어. “영감 코에 붙은 소시지를 떼 주세요!”",
      "srcPage": 16,
      "srcSentenceEA": 4,
      "srcWordEA": 30,
      "character": "할머니,영감,할아버지,소시지",
      "setting": null,
      "action": "보자,우는,빌었어,떼 주세요",
      "feeling": "행복할,미안한",
      "causalRelationship": null,
      "outcomeResolution": null,
      "prediction": null,
      "plotSummaryInfoCount": 1,
      "plotSummaryInfo": {
        "classification": "의사소통",
        "readAge": "초등_저학년",
        "form": "long-form",
        "plotSummaryText": "그 모습을 보자, 미안한 생각이 든 할머니는 우는 할아버지를 보며, 마지막 소원으로 영감 코에 붙은 소시지를 떼 주라고 빌었습니다.",
        "textWordEA": 19
      }
    },
    {
      "srcTextID": "131320",
      "srcText": "그러자 할아버지의 코에 붙은 소시지가 똑 떨어졌어. 그 후 할아버지와 할머니는 사이가 좋아졌어. 비록 세 가지 소원을 제대로 쓰지는 못했지만, 할머니는 할아버지가 곁에 있어 무척 행복했지. 할아버지도 할머니가 자신을 위해 마지막 소원을 빌어 주어 무척 고마웠단다.",
      "srcPage": 17,
      "srcSentenceEA": 4,
      "srcWordEA": 39,
      "character": "소시지,할아버지,할머니",
      "setting": null,
      "action": "빌어 주어",
      "feeling": "행복했지,고마웠단다",
      "causalRelationship": null,
      "outcomeResolution": null,
      "prediction": null,
      "plotSummaryInfoCount": 1,
      "plotSummaryInfo": {
        "classification": "의사소통",
        "readAge": "초등_저학년",
        "form": "long-form",
        "plotSummaryText": "할아버지의 코에 붙은 소시지가 똑 떨어졌고 세 가지 소원을 제대로 쓰지는 못했지만, 할머니는 할아버지가 곁에 있어 무척 행복했습니다.",
        "textWordEA": 18
      }
    },
    {
      "srcTextID": "131313",
      "srcText": "할머니는 벌컥 화가 났어. 그래서 홧김에 말했지. “이 소시지가 영감 코에 확 붙어 버렸으면 좋겠구려!”",
      "srcPage": 11,
      "srcSentenceEA": 3,
      "srcWordEA": 16,
      "character": "할머니,소시지,영감,코",
      "setting": null,
      "action": "말했지,붙어 버렸으면",
      "feeling": "화가 났어",
      "causalRelationship": null,
      "outcomeResolution": null,
      "prediction": null,
      "plotSummaryInfoCount": 1,
      "plotSummaryInfo": {
        "classification": "의사소통",
        "readAge": "초등_저학년",
        "form": "short-form",
        "plotSummaryText": "벌컥 화가 난 할머니는 홧김에 소시지가 영감 코에 확 붙어 버렸으면 좋겠다고 말했습니다.",
        "textWordEA": 13
      }
    },
    {
      "srcTextID": "131317",
      "srcText": "“아이고, 나 죽네! 내 코는 사라지고 말 거야. 엉엉!” 할아버지가 코에 붙은 쥐를 보며 울면서 외쳤어.",
      "srcPage": 15,
      "srcSentenceEA": 4,
      "srcWordEA": 19,
      "character": "할아버지,쥐,코",
      "setting": null,
      "action": "울면서,외쳤어,보며",
      "feeling": null,
      "causalRelationship": null,
      "outcomeResolution": null,
      "prediction": null,
      "plotSummaryInfoCount": 1,
      "plotSummaryInfo": {
        "classification": "의사소통",
        "readAge": "초등_저학년",
        "form": "long-form",
        "plotSummaryText": "할아버지가 코에 붙은 쥐를 보며 자신의 코가 사라지고 말 거라고 울면서 외쳤습니다.",
        "textWordEA": 12
      }
    },
    {
      "srcTextID": "131311",
      "srcText": "할머니는 할아버지의 말이 믿기지 않았어. “그렇다면 나는 지금 당장 소시지가 먹고 싶어요. 소시지를 주세요!” 할머니가 이야기하자 놀랍게도 식탁에는 소시지가 가득 차려졌어. “어머나! 영감, 진짜네요!”",
      "srcPage": 9,
      "srcSentenceEA": 5,
      "srcWordEA": 27,
      "character": "할머니,할아버지,소시지,식탁,영감",
      "setting": null,
      "action": "이야기하자,차려졌어",
      "feeling": null,
      "causalRelationship": null,
      "outcomeResolution": null,
      "prediction": null,
      "plotSummaryInfoCount": 1,
      "plotSummaryInfo": {
        "classification": "의사소통",
        "readAge": "초등_저학년",
        "form": "long-form",
        "plotSummaryText": "할아버지의 말이 믿기지 않았던 할머니가 당장 소시지가 먹고 싶다고 이야기하자 놀랍게도 식탁에는 소시지가 가득 차려졌습니다.",
        "textWordEA": 15
      }
    },
    {
      "srcTextID": "131310",
      "srcText": "“할멈, 할멈! 요정이 세 가지 소원을 들어준대요. 내 얘기 좀 들어 봐요!” 할아버지는 밖에서 있었던 일을 차근차근 이야기했어.",
      "srcPage": 8,
      "srcSentenceEA": 4,
      "srcWordEA": 21,
      "character": "할멈,할아버지,요정",
      "setting": "밖에서",
      "action": "이야기했어,들어준대요",
      "feeling": null,
      "causalRelationship": null,
      "outcomeResolution": null,
      "prediction": null,
      "plotSummaryInfoCount": 1,
      "plotSummaryInfo": {
        "classification": "의사소통",
        "readAge": "초등_저학년",
        "form": "long-form",
        "plotSummaryText": "할아버지는 할멈을 부르며 요정이 세 가지 소원을 들어준다고 했다면서 밖에서 있었던 일을 이야기했습니다.",
        "textWordEA": 13
      }
    },
    {
      "srcTextID": "131308",
      "srcText": "할아버지는 손가락으로 마차와 요정을 들어 올려 땅 위에 사뿐히 내려놓았단다. “감사합니다, 할아버지. 제가 선물을 드릴게요.” 꼬마 요정이 할아버지에게 말했어.",
      "srcPage": 6,
      "srcSentenceEA": 4,
      "srcWordEA": 21,
      "character": "할아버지,마차,요정,선물",
      "setting": null,
      "action": "들어 올려,내려놓았단다,말했어,드릴게요",
      "feeling": "감사합니다",
      "causalRelationship": null,
      "outcomeResolution": null,
      "prediction": null,
      "plotSummaryInfoCount": 1,
      "plotSummaryInfo": {
        "classification": "의사소통",
        "readAge": "초등_저학년",
        "form": "long-form",
        "plotSummaryText": "손가락으로 마차와 요정을 들어 올려 땅 위에 내려놓은 할아버지에게 꼬마 요정은 감사한 마음에 선물을 드리겠다고 말했습니다.",
        "textWordEA": 16
      }
    },
    {
      "srcTextID": "131312",
      "srcText": "할머니는 깜짝 놀라 말했어. “아니, 영감. 이걸 왜 이제야 말하는 거예요? 진짜인 걸 알았으면 좋은 소원을 빌었을 텐데! 아이고!”",
      "srcPage": 10,
      "srcSentenceEA": 5,
      "srcWordEA": 22,
      "character": "할머니,영감",
      "setting": null,
      "action": "말했어",
      "feeling": "놀라",
      "causalRelationship": null,
      "outcomeResolution": null,
      "prediction": null,
      "plotSummaryInfoCount": 1,
      "plotSummaryInfo": {
        "classification": "의사소통",
        "readAge": "초등_저학년",
        "form": "long-form",
        "plotSummaryText": "깜짝 놀란 할머니는 영감에게 왜 이제야 말하냐며 진짜인 걸 알았으면 좋은 소원을 빌었을 거라고 말했습니다.",
        "textWordEA": 15
      }
    },
    {
      "srcTextID": "131303",
      "srcText": "옛날 어느 마을에 농부 할아버지와 할머니가 살았어. 그런데 할아버지는 게으름뱅이이고, 할머니는 잔소리꾼이었지. 할아버지는 틈만 나면 의자에 앉아 꾸벅꾸벅 졸았고, 할머니는 아침부터 저녁까지 잔소리를 했단다.",
      "srcPage": 1,
      "srcSentenceEA": 3,
      "srcWordEA": 26,
      "character": "농부,할아버지,할머니",
      "setting": "아침,저녁,옛날,어느 마을",
      "action": "앉아,졸았고,잔소리를 했단다",
      "feeling": null,
      "causalRelationship": null,
      "outcomeResolution": null,
      "prediction": null,
      "plotSummaryInfoCount": 1,
      "plotSummaryInfo": {
        "classification": "의사소통",
        "readAge": "초등_저학년",
        "form": "short-form",
        "plotSummaryText": "옛날 어느 마을에 살고있는 농부 할아버지는 게으름뱅이여서 틈만 나면 의자에 앉아 꾸벅꾸벅 졸았고, 잔소리꾼인 할머니는 아침부터 저녁까지 잔소리를 했습니다.",
        "textWordEA": 19
      }
    }
  ]
}