{
  "title": "이상한 나라의 앨리스",
  "author": "어깨동무",
  "illustrator": "유승정",
  "isbn": "9788992191111",
  "publishedYear": 2006,
  "publisher": "한국아이엔이",
  "paragraphInfoCount": 33,
  "paragraphInfo": [
    {
      "srcTextID": "99875",
      "srcText": "그러다가 앨리스는 사르르 잠이 들었습니다. 그때, 빨간 조끼를 입은 흰토끼가 앨리스 앞을 지나갔습니다. \"이거 또 늦겠는걸!\" 토끼는 조끼에서 회중시계를 꺼내어 보면서 허둥지둥 달려갔습니다.",
      "srcPage": 2,
      "srcSentenceEA": 4,
      "srcWordEA": 25,
      "character": "앨리스,빨간 조끼,흰토끼,회중시계",
      "setting": null,
      "action": "잠이 들었습니다,지나갔습니다,달려갔습니다",
      "feeling": null,
      "causalRelationship": null,
      "outcomeResolution": null,
      "prediction": null,
      "plotSummaryInfoCount": 1,
      "plotSummaryInfo": {
        "classification": "의사소통",
        "readAge": "초등_저학년",
        "form": "long-form",
        "plotSummaryText": "사르르 잠이든 앨리스 앞을 흰토끼가 지나가더니 빨간 조끼에서 회중시계를 꺼내 보며 허둥지둥 달려갔습니다.",
        "textWordEA": 13
      }
    },
    {
      "srcTextID": "99899",
      "srcText": "그런데 홍학이 여왕님의 치마를 무는 바람에 여왕님이 넘어졌습니다. 여왕님은 이것을 앨리스 때문이라고 덮어씌웠습니다. \"앨리스를 당장 끌어내 재판을 벌여라!\" 여왕님은 얼굴이 빨개져서 소리쳤습니다.",
      "srcPage": 25,
      "srcSentenceEA": 4,
      "srcWordEA": 24,
      "character": "홍학,여왕님,앨리스,얼굴",
      "setting": null,
      "action": "넘어졌습니다,소리쳤습니다,무는,끌어내",
      "feeling": null,
      "causalRelationship": null,
      "outcomeResolution": null,
      "prediction": null,
      "plotSummaryInfoCount": 1,
      "plotSummaryInfo": {
        "classification": "의사소통",
        "readAge": "초등_저학년",
        "form": "long-form",
        "plotSummaryText": "홍학이 여왕님의 치마를 무는 바람에 넘어진 여왕님은 앨리스 때문이라고 덮어씌우며 재판을 벌이라고 소리쳤습니다.",
        "textWordEA": 13
      }
    },
    {
      "srcTextID": "99903",
      "srcText": "이것을 본 여왕님도 벌떡 일어나며 소리쳤습니다. \"앨리스는 요술쟁이다! 잡아라!\" 여왕님의 명령에 트럼프 병정들이 창을 들고 달려들었습니다. 앨리스는 더럭 겁이 나서 달아나기 시작했습니다.",
      "srcPage": 29,
      "srcSentenceEA": 5,
      "srcWordEA": 25,
      "character": "여왕님,앨리스,트럼프 병정들,창",
      "setting": null,
      "action": "소리쳤습니다,달아나기,본,잡아라,달려들었습니다",
      "feeling": "겁이 나서",
      "causalRelationship": null,
      "outcomeResolution": null,
      "prediction": null,
      "plotSummaryInfoCount": 1,
      "plotSummaryInfo": {
        "classification": "의사소통",
        "readAge": "초등_저학년",
        "form": "long-form",
        "plotSummaryText": "이것을 본 여왕님이 앨리스를 잡으라고 명령하자, 트럼프 병정들이 창을 들고 달려들었고, 그녀는 달아나기 시작했습니다.",
        "textWordEA": 14
      }
    },
    {
      "srcTextID": "99878",
      "srcText": "토끼는 우물처럼 생긴 동굴 속으로 들어갔습니다. \"어머나, 이런 곳에 동굴이 있었다니.\" 앨리스도 토끼가 들어간 동굴로 뛰어들었습니다.",
      "srcPage": 3,
      "srcSentenceEA": 3,
      "srcWordEA": 17,
      "character": "토끼,앨리스",
      "setting": "동굴 속",
      "action": "들어갔습니다,뛰어들었습니다",
      "feeling": null,
      "causalRelationship": null,
      "outcomeResolution": null,
      "prediction": null,
      "plotSummaryInfoCount": 1,
      "plotSummaryInfo": {
        "classification": "의사소통",
        "readAge": "초등_저학년",
        "form": "short-form",
        "plotSummaryText": "토끼가 우물처럼 생긴 동굴 속으로 들어가자, 앨리스도 그 동굴로 뛰어들었습니다.",
        "textWordEA": 10
      }
    },
    {
      "srcTextID": "99877",
      "srcText": "순간, 몸이 풍선처럼 둥둥 떠서 아래로 아래로 내려갔습니다. 어둡던 동굴 속이 갑자기 밝아졌습니다. 벽에 걸린 그림, 그릇이 놓인 선반, 책장들이 휙휙 지나갔습니다.",
      "srcPage": 4,
      "srcSentenceEA": 3,
      "srcWordEA": 24,
      "character": "그림,그릇,선반,책장",
      "setting": "동굴 속",
      "action": "내려갔습니다,지나갔습니다",
      "feeling": null,
      "causalRelationship": null,
      "outcomeResolution": null,
      "prediction": null,
      "plotSummaryInfoCount": 1,
      "plotSummaryInfo": {
        "classification": "의사소통",
        "readAge": "초등_저학년",
        "form": "short-form",
        "plotSummaryText": "순간, 몸이 둥둥 떠서 아래로 내려갔고, 어둡던 동굴 속이 갑자기 밝아졌으며, 벽에 걸린 그림, 선반, 책장들이 지나갔습니다.",
        "textWordEA": 17
      }
    },
    {
      "srcTextID": "99882",
      "srcText": "앨리스는 탁자 위에 놓인 병을 발견했습니다. 병에는, '나를 마셔요.' 라고 쓴 꼬리표가 붙어 있었습니다. \"어디 마셔 볼까?\"",
      "srcPage": 7,
      "srcSentenceEA": 5,
      "srcWordEA": 19,
      "character": "앨리스,탁자,병,꼬리표",
      "setting": null,
      "action": "발견했습니다,마셔요",
      "feeling": null,
      "causalRelationship": null,
      "outcomeResolution": null,
      "prediction": null,
      "plotSummaryInfoCount": 1,
      "plotSummaryInfo": {
        "classification": "의사소통",
        "readAge": "초등_저학년",
        "form": "long-form",
        "plotSummaryText": "탁자 위에 발견한 병에는 마시라고 쓴 꼬리표가 붙어 있어서 앨리스는 마셔보려고 했습니다.",
        "textWordEA": 12
      }
    },
    {
      "srcTextID": "99896",
      "srcText": "들판에 다다른 여왕님은 공놀이를 시작했습니다. 여왕님은 홍학을 거꾸로 들고 나섰습니다. \"자, 이 방망이로 저 공을 힘껏 쳐라.\" 여왕님이 앨리스에게 명령했습니다.",
      "srcPage": 22,
      "srcSentenceEA": 4,
      "srcWordEA": 22,
      "character": "여왕님,앨리스,홍학,방망이,공",
      "setting": "들판",
      "action": "공놀이를 시작했습니다,나섰습니다,명령했습니다,들고,쳐라",
      "feeling": null,
      "causalRelationship": null,
      "outcomeResolution": null,
      "prediction": null,
      "plotSummaryInfoCount": 1,
      "plotSummaryInfo": {
        "classification": "의사소통",
        "readAge": "초등_저학년",
        "form": "long-form",
        "plotSummaryText": "들판에 다다른 여왕님이 공놀이를 시작하며 홍학을 거꾸로 들고 나서더니 그 방망이로 공을 힘껏 치라고 앨리스에게 명령했습니다.",
        "textWordEA": 16
      }
    },
    {
      "srcTextID": "99890",
      "srcText": "앨리스는 자기도 모르게 꽃 한 송이를 꺾으려 했습니다. \"안돼! 꽃을 꺾으면 안돼요. 그건 우리들의 안식처랍니다.\"",
      "srcPage": 16,
      "srcSentenceEA": 3,
      "srcWordEA": 17,
      "character": "앨리스,꽃 한 송이,꽃",
      "setting": null,
      "action": "꺾으려,꺾으면",
      "feeling": null,
      "causalRelationship": null,
      "outcomeResolution": null,
      "prediction": null,
      "plotSummaryInfoCount": 1,
      "plotSummaryInfo": {
        "classification": "의사소통",
        "readAge": "초등_저학년",
        "form": "short-form",
        "plotSummaryText": "앨리스가 꽃 한 송이를 꺾으려 하자 꽃이 말하길 자기들의 안식처이니 꺾지 말라고 했습니다.",
        "textWordEA": 13
      }
    },
    {
      "srcTextID": "99892",
      "srcText": "앨리스는 그 이상한 새에게 물었습니다. \"혹시 빨간 조끼를 입은 토끼님을 보셨나요?\" \"저쪽으로 곧장 가 봐요. 방금 토끼가 지나갔으니까!\"",
      "srcPage": 19,
      "srcSentenceEA": 4,
      "srcWordEA": 19,
      "character": "앨리스,이상한 새,빨간 조끼,토끼님",
      "setting": null,
      "action": "물었습니다,보셨나요,가 봐요,지나갔으니까",
      "feeling": null,
      "causalRelationship": null,
      "outcomeResolution": null,
      "prediction": null,
      "plotSummaryInfoCount": 1,
      "plotSummaryInfo": {
        "classification": "의사소통",
        "readAge": "초등_저학년",
        "form": "long-form",
        "plotSummaryText": "앨리스가 그 이상한 새에게 빨간 조끼를 입은 토끼님을 보았는지 물었더니 저쪽으로 곧장 가 보라고 말했습니다.",
        "textWordEA": 15
      }
    },
    {
      "srcTextID": "99895",
      "srcText": "새가 가리키는 쪽으로 가자, 회색 토끼와 모자 장수가 차를 마시고 있었습니다. 앨리스가 다가가자, 모자 장수가 먼저 말했습니다. \"앨리스 아가씨, 여기 앉아 차나 마셔요.\"",
      "srcPage": 20,
      "srcSentenceEA": 3,
      "srcWordEA": 24,
      "character": "새,회색 토끼,모자 장수,앨리스",
      "setting": null,
      "action": "마시고,말했습니다,다가가자,앉아,마셔요",
      "feeling": null,
      "causalRelationship": null,
      "outcomeResolution": null,
      "prediction": null,
      "plotSummaryInfoCount": 1,
      "plotSummaryInfo": {
        "classification": "의사소통",
        "readAge": "초등_저학년",
        "form": "short-form",
        "plotSummaryText": "새가 가리키는 쪽으로 가니 회색 토끼와 모자 장수가 차를 마시고 있었고 앨리스가 다가가자, 모자 장수가 여기 앉아 차나 마시라고 말했습니다.",
        "textWordEA": 20
      }
    },
    {
      "srcTextID": "99901",
      "srcText": "재판장이 말하자, 여왕님이 재판장에게 명령했습니다. \"재판도 필요 없다. 앨리스는 사형이다!\" \"세상에 이런 재판이 어디 있어요?\" 앨리스는 화가 나서 소리쳤습니다.",
      "srcPage": 27,
      "srcSentenceEA": 5,
      "srcWordEA": 21,
      "character": "재판장,여왕님,앨리스",
      "setting": null,
      "action": "명령했습니다,소리쳤습니다,말하자",
      "feeling": "화가 나서",
      "causalRelationship": null,
      "outcomeResolution": null,
      "prediction": null,
      "plotSummaryInfoCount": 1,
      "plotSummaryInfo": {
        "classification": "의사소통",
        "readAge": "초등_저학년",
        "form": "long-form",
        "plotSummaryText": "여왕님이 재판장에게 재판도 필요 없고 앨리스는 사형이라고 명령하자, 세상에 이런 재판이 어디 있냐며 소리쳤습니다.",
        "textWordEA": 14
      }
    },
    {
      "srcTextID": "99902",
      "srcText": "\"죄 없는 사람을 함부로 죽이는 일은 나빠요!\" 앨리스가 자리에서 일어서는 순간, 이상한 일이 일어났습니다. 앨리스의 몸이 점점 커지더니, 본래의 모습으로 돌아왔습니다.",
      "srcPage": 28,
      "srcSentenceEA": 3,
      "srcWordEA": 23,
      "character": "사람,앨리스,몸",
      "setting": null,
      "action": "죽이는,일어서는,커지더니,돌아왔습니다",
      "feeling": null,
      "causalRelationship": null,
      "outcomeResolution": null,
      "prediction": null,
      "plotSummaryInfoCount": 1,
      "plotSummaryInfo": {
        "classification": "의사소통",
        "readAge": "초등_저학년",
        "form": "short-form",
        "plotSummaryText": "죄 없는 사람을 함부로 죽이는 일은 나쁘다고 말하며 앨리스가 자리에서 일어서는 순간, 앨리스의 몸이 점점 커지더니, 본래의 모습으로 돌아왔습니다.",
        "textWordEA": 19
      }
    },
    {
      "srcTextID": "99906",
      "srcText": "\"얘, 앨리스, 일어나! 무슨 잠꼬대를 그렇게 요란하게 하니?\" 언니가 흔드는 바람에 앨리스는 꿈에서 깨었습니다. 앨리스는 언니에게 이상한 나라의 꿈 이야기를 들려주었습니다.",
      "srcPage": 31,
      "srcSentenceEA": 4,
      "srcWordEA": 24,
      "character": "앨리스,언니",
      "setting": null,
      "action": "꿈에서 깨었습니다,흔드는,들려주었습니다",
      "feeling": null,
      "causalRelationship": null,
      "outcomeResolution": null,
      "prediction": null,
      "plotSummaryInfoCount": 1,
      "plotSummaryInfo": {
        "classification": "의사소통",
        "readAge": "초등_저학년",
        "form": "long-form",
        "plotSummaryText": "언니가 흔드는 바람에 꿈에서 깨어난 앨리스는 그녀에게 이상한 나라의 꿈 이야기를 들려주었습니다.",
        "textWordEA": 12
      }
    },
    {
      "srcTextID": "99885",
      "srcText": "\"토끼님, 어디로 가죠? 나도 데려가요.\" 앨리스의 말에 토끼는 깜짝 놀라 부채를 내던지고 달아났습니다. 앨리스는 방 안이 너무 더워서 부채를 주워 부쳤습니다. 그러자 몸이 다시 작아져서 눈물의 연못에 빠지고 말았습니다.",
      "srcPage": 12,
      "srcSentenceEA": 5,
      "srcWordEA": 33,
      "character": "토끼,앨리스,부채,눈물의 연못",
      "setting": "방 안",
      "action": "달아났습니다,부쳤습니다,작아져서,빠지고",
      "feeling": "놀라",
      "causalRelationship": null,
      "outcomeResolution": null,
      "prediction": null,
      "plotSummaryInfoCount": 1,
      "plotSummaryInfo": {
        "classification": "의사소통",
        "readAge": "초등_저학년",
        "form": "long-form",
        "plotSummaryText": "자신도 데려가달라는 말에 깜짝 놀란 토끼가 부채를 내던지고 달아났고 앨리스는 방 안이 너무 더워서 부채 주워 부치자 몸이 작아져서 눈물의 연못에 빠지고 말았습니다.",
        "textWordEA": 23
      }
    },
    {
      "srcTextID": "99876",
      "srcText": "어느 무더운 여름날입니다. 앨리스는 언니와 함께 동구 밖에 있는 큰 느티나무 아래로 놀러 갔습니다. 언니가 책을 읽어 주는 동안, 앨리스는 꽃반지를 만들고 있었습니다.",
      "srcPage": 1,
      "srcSentenceEA": 3,
      "srcWordEA": 25,
      "character": "앨리스,언니,책,꽃반지",
      "setting": "여름날,큰 느티나무 아래",
      "action": "놀러 갔습니다,읽어 주는,만들고 있었습니다",
      "feeling": null,
      "causalRelationship": null,
      "outcomeResolution": null,
      "prediction": null,
      "plotSummaryInfoCount": 1,
      "plotSummaryInfo": {
        "classification": "의사소통",
        "readAge": "초등_저학년",
        "form": "short-form",
        "plotSummaryText": "어느 무더운 여름날, 동구 밖에 있는 큰 느티나무 아래로 놀러간 앨리스는 언니가 책을 읽어 주는 동안 꽃반지를 만들고 있었습니다.",
        "textWordEA": 19
      }
    },
    {
      "srcTextID": "99884",
      "srcText": "두리번거리던 앨리스는 과자 봉지를 보았습니다. 봉지에는 '나를 먹어요!' 라고 씌어 있었습니다. \"옳지, 이걸 먹어 보자.\"",
      "srcPage": 9,
      "srcSentenceEA": 5,
      "srcWordEA": 17,
      "character": "앨리스,과자 봉지,봉지",
      "setting": null,
      "action": "보았습니다,두리번거리던,먹어요,먹어",
      "feeling": null,
      "causalRelationship": null,
      "outcomeResolution": null,
      "prediction": null,
      "plotSummaryInfoCount": 1,
      "plotSummaryInfo": {
        "classification": "의사소통",
        "readAge": "초등_저학년",
        "form": "long-form",
        "plotSummaryText": "두리번거리다 본 봉지에는 자기를 먹으라고 씌어 있어서 앨리스는 먹어보려고 했습니다.",
        "textWordEA": 10
      }
    },
    {
      "srcTextID": "99886",
      "srcText": "한참 울던 앨리스는 또 한 번 깜짝 놀랐습니다. 자기가 흘린 눈물이 연못을 이루고 있는 것이었습니다. 그때, 토끼가 부채질을 하며 첨벙거리며 달려왔습니다.",
      "srcPage": 11,
      "srcSentenceEA": 3,
      "srcWordEA": 23,
      "character": "앨리스,토끼,연못",
      "setting": null,
      "action": "달려왔습니다,울던,부채질을 하며",
      "feeling": "놀랐습니다",
      "causalRelationship": null,
      "outcomeResolution": null,
      "prediction": null,
      "plotSummaryInfoCount": 1,
      "plotSummaryInfo": {
        "classification": "의사소통",
        "readAge": "초등_저학년",
        "form": "short-form",
        "plotSummaryText": "한참 울던 앨리스는 자기가 흘린 눈물이 연못을 이루고 있어서 깜짝 놀랐을 때, 토끼가 부채질을 달려왔습니다.",
        "textWordEA": 15
      }
    },
    {
      "srcTextID": "99887",
      "srcText": "앨리스는 동물들을 피해서 다른 곳으로 갔습니다. 얼마쯤 걷자, 엄마 게가 아기 게들에게 바다 이야기를 들려주고 있었습니다. \"게 아주머니, 혹시 빨간 조끼를 입은 토끼님을 보셨나요?\" 엄마 게는 앨리스에게 고개를 저어 보였습니다.",
      "srcPage": 14,
      "srcSentenceEA": 4,
      "srcWordEA": 32,
      "character": "앨리스,동물들,엄마 게,아기 게들,토끼님",
      "setting": null,
      "action": "들려주고,갔습니다,입은,고개를 저어 보였습니다",
      "feeling": null,
      "causalRelationship": null,
      "outcomeResolution": null,
      "prediction": null,
      "plotSummaryInfoCount": 1,
      "plotSummaryInfo": {
        "classification": "의사소통",
        "readAge": "초등_저학년",
        "form": "long-form",
        "plotSummaryText": "동물들을 피해서 다른 곳으로 가서 본 엄마 게에게 빨간 조끼를 입은 토끼님을 보았는지 물었지만 고개를 저어 보였습니다.",
        "textWordEA": 17
      }
    },
    {
      "srcTextID": "99894",
      "srcText": "그때, 어디선가 나팔 소리가 울렸습니다. 앨리스는 얼른 나팔 소리가 나는 곳으로 갔습니다. \"여왕님이시다! 모두들 비켜라!\" 여왕님 앞에서 흰토끼가 나팔을 불며 외쳐 댔습니다. 병정들은 모두 트럼프였습니다.",
      "srcPage": 21,
      "srcSentenceEA": 5,
      "srcWordEA": 29,
      "character": "나팔,앨리스,여왕님,흰토끼,병정들,트럼프",
      "setting": null,
      "action": "갔습니다,나팔을 불며,외쳐 댔습니다",
      "feeling": null,
      "causalRelationship": null,
      "outcomeResolution": null,
      "prediction": null,
      "plotSummaryInfoCount": 1,
      "plotSummaryInfo": {
        "classification": "의사소통",
        "readAge": "초등_저학년",
        "form": "long-form",
        "plotSummaryText": "앨리스가 나팔 소리가 나는 곳으로 가보았더니, 흰토끼가 여왕님 앞에서 나팔을 불며 모두들 비키라고 외쳐대고 있었고 병정들은 모두 트럼프였습니다.",
        "textWordEA": 18
      }
    },
    {
      "srcTextID": "99905",
      "srcText": "\"앨리스를 잡아라! 놓치면 안 된다.\" 트럼프 병정들이 몰려오고, 여왕님과 토끼, 모자 장수까지 쫓아왔습니다.",
      "srcPage": 30,
      "srcSentenceEA": 3,
      "srcWordEA": 15,
      "character": "트럼프 병정,여왕님,토끼,모자 장수,앨리스",
      "setting": null,
      "action": "쫓아왔습니다,잡아라,몰려오고",
      "feeling": null,
      "causalRelationship": null,
      "outcomeResolution": null,
      "prediction": null,
      "plotSummaryInfoCount": 1,
      "plotSummaryInfo": {
        "classification": "의사소통",
        "readAge": "초등_저학년",
        "form": "short-form",
        "plotSummaryText": "앨리스를 잡으러 트럼프 병정들이 몰려오고, 여왕님과 토끼, 모자 장수까지 쫓아왔습니다.",
        "textWordEA": 10
      }
    },
    {
      "srcTextID": "99908",
      "srcText": "이상한 나라의 앨리스 이야기 속으로 들어가 봐요. 상상의 세계는 끝이 없습니다. 상상을 한다는 것은 실제로는 경험하지 못한 것을 머릿속에 그려보는 것을 말합니다. 남들이 생각하지 않는 것들을 만들어 내는 것이기도 하지요.",
      "srcPage": 32,
      "srcSentenceEA": 4,
      "srcWordEA": 33,
      "character": "앨리스",
      "setting": null,
      "action": "들어가,상상을 한다는,그려보는",
      "feeling": null,
      "causalRelationship": null,
      "outcomeResolution": null,
      "prediction": null,
      "plotSummaryInfoCount": 1,
      "plotSummaryInfo": {
        "classification": "의사소통",
        "readAge": "초등_저학년",
        "form": "long-form",
        "plotSummaryText": "이상한 나라의 앨리스 이야기 속 상상의 세계는 끝이 없는데, 상상을 한다는 것은 실제로는 경험하지 못한 것을 머릿속에 그려보는 것을 말합니다.",
        "textWordEA": 20
      }
    },
    {
      "srcTextID": "99880",
      "srcText": "한없이 내려가던 앨리스는 '쿵!' 하고 엉덩방아를 찧었습니다. \"어이쿠, 이제야 다 왔나보다!\" 앨리스가 둘러보니 커다란 방 안이었습니다.",
      "srcPage": 5,
      "srcSentenceEA": 4,
      "srcWordEA": 18,
      "character": "앨리스",
      "setting": "커다란 방 안",
      "action": "엉덩방아를 찧었습니다,둘러보니",
      "feeling": null,
      "causalRelationship": null,
      "outcomeResolution": null,
      "prediction": null,
      "plotSummaryInfoCount": 1,
      "plotSummaryInfo": {
        "classification": "의사소통",
        "readAge": "초등_저학년",
        "form": "long-form",
        "plotSummaryText": "한없이 내려가던 앨리스는 엉덩방아를 찧었고, 둘러보니 커다란 방 안이었습니다.",
        "textWordEA": 9
      }
    },
    {
      "srcTextID": "99907",
      "srcText": "상상의 세계는 꿈의 세계라고도 하는데 우리가 꿈을 꿀 때 더 많은 상상을 해 내기도 한답니다. 이야기 속의 앨리스도 꿈속에서 여러 가지 경험들을 해본답니다. 몸이 물병보다 작아지거나 눈물이 연못을 이루기도 하며 여러 가지 색다른 경험을 할 수 있습니다. 이런 상상력은 이야기를 쓰거나 새롭게 편리한 물건을 발명하거나 그림을 그린다거나 모든 일에 도움을 줄 수 있습니다.",
      "srcPage": 33,
      "srcSentenceEA": 4,
      "srcWordEA": 56,
      "character": "우리,앨리스,연못",
      "setting": "꿈속",
      "action": "작아지거나,쓰거나,발명하거나,그린다거나",
      "feeling": null,
      "causalRelationship": null,
      "outcomeResolution": null,
      "prediction": null,
      "plotSummaryInfoCount": 1,
      "plotSummaryInfo": {
        "classification": "의사소통",
        "readAge": "초등_저학년",
        "form": "long-form",
        "plotSummaryText": "이야기 속의 앨리스도 꿈속에서 몸이 물병보다 작아지거나 눈물이 연못을 이루기도 하며 여러 가지 경험을 하는데, 이런 상상력은 이야기를 쓰거나 물건을 발명하거나 그림을 그리는 등 모든 일에 도움을 줄 수 있습니다.",
        "textWordEA": 30
      }
    },
    {
      "srcTextID": "99879",
      "srcText": "방 한가운데에 유리 탁자가 놓여 있었습니다. 토끼는 커튼으로 가려져 있는 조그만 문을 열고 들어갔습니다. 앨리스도 따라 들어가려 했지만, 문이 너무 작아서 들어갈 수가 없었습니다.",
      "srcPage": 6,
      "srcSentenceEA": 3,
      "srcWordEA": 26,
      "character": "토끼,앨리스,유리 탁자,커튼,문",
      "setting": "방",
      "action": "들어갔습니다,들어가려,들어갈 수가 없었습니다",
      "feeling": null,
      "causalRelationship": null,
      "outcomeResolution": null,
      "prediction": null,
      "plotSummaryInfoCount": 1,
      "plotSummaryInfo": {
        "classification": "의사소통",
        "readAge": "초등_저학년",
        "form": "short-form",
        "plotSummaryText": "방 한가운데에 유리 탁자가 놓여 있었고 토끼가 조그만 문을 열고 들어가서, 앨리스도 따라 들어가려했지만 문이 너무 작아 들어갈 수가 없었습니다.",
        "textWordEA": 20
      }
    },
    {
      "srcTextID": "99881",
      "srcText": "병에 든 것을 마시자, 앨리스의 몸이 작아지기 시작했습니다. 앨리스는 너무 작아 문을 열 수도 없었습니다. \"이렇게 작아졌으니 어떡하지?\"",
      "srcPage": 8,
      "srcSentenceEA": 3,
      "srcWordEA": 19,
      "character": "앨리스,병,문",
      "setting": null,
      "action": "열 수도,마시자,작아지기",
      "feeling": null,
      "causalRelationship": "병에 든 것을 마시자,앨리스의 몸이 작아지기 시작했습니다.",
      "outcomeResolution": null,
      "prediction": null,
      "plotSummaryInfoCount": 1,
      "plotSummaryInfo": {
        "classification": "의사소통",
        "readAge": "초등_저학년",
        "form": "short-form",
        "plotSummaryText": "병에 든 것을 마시자, 앨리스의 몸이 작아지기 시작했고, 너무 작아 문을 열 수도 없게 되었습니다.",
        "textWordEA": 15
      }
    },
    {
      "srcTextID": "99883",
      "srcText": "과자를 먹자, 앨리스는 금세 커져서 머리가 천장에 닿았습니다. \"아아, 이걸 어쩌지?\" 더럭 겁이 난 앨리스는 엉엉 울었습니다.",
      "srcPage": 10,
      "srcSentenceEA": 3,
      "srcWordEA": 18,
      "character": "앨리스,과자",
      "setting": null,
      "action": "커져서,닿았습니다,울었습니다",
      "feeling": "겁이 난",
      "causalRelationship": null,
      "outcomeResolution": null,
      "prediction": null,
      "plotSummaryInfoCount": 1,
      "plotSummaryInfo": {
        "classification": "의사소통",
        "readAge": "초등_저학년",
        "form": "short-form",
        "plotSummaryText": "과자를 먹자, 앨리스는 금세 커져서 머리가 천장에 닿았고, 겁이 난 그녀는 엉엉 울었습니다.",
        "textWordEA": 13
      }
    },
    {
      "srcTextID": "99888",
      "srcText": "연못에 빠진 앨리스 주위에는 온갖 동물들이 함께 떠다니고 있었습니다. 앨리스는 정신을 바짝 차리고 연못에서 헤엄쳐 나왔습니다. 이상하게 생긴 동물들도 뒤따라 나왔습니다.",
      "srcPage": 13,
      "srcSentenceEA": 3,
      "srcWordEA": 23,
      "character": "앨리스,동물들,연못",
      "setting": null,
      "action": "떠다니고,헤엄쳐 나왔습니다,나왔습니다",
      "feeling": null,
      "causalRelationship": null,
      "outcomeResolution": null,
      "prediction": null,
      "plotSummaryInfoCount": 1,
      "plotSummaryInfo": {
        "classification": "의사소통",
        "readAge": "초등_저학년",
        "form": "short-form",
        "plotSummaryText": "연못에 빠진 앨리스 주위에는 온갖 동물들이 떠다니고 있었고, 앨리스가 연못에서 헤엄쳐 나오니 동물들도 뒤따라 나왔습니다.",
        "textWordEA": 15
      }
    },
    {
      "srcTextID": "99889",
      "srcText": "앨리스는 다시 걸었습니다. 이번에는 아름다운 꽃밭이 나타났습니다. 꽃들이 고운 목소리로 합창을 하고 있었습니다. \"어머, 예쁜 꽃들이 노래를 하네!\"",
      "srcPage": 15,
      "srcSentenceEA": 4,
      "srcWordEA": 20,
      "character": "앨리스,예쁜 꽃들,꽃들",
      "setting": "아름다운 꽃밭",
      "action": "걸었습니다,합창을 하고,노래를 하네",
      "feeling": null,
      "causalRelationship": null,
      "outcomeResolution": null,
      "prediction": null,
      "plotSummaryInfoCount": 1,
      "plotSummaryInfo": {
        "classification": "의사소통",
        "readAge": "초등_저학년",
        "form": "long-form",
        "plotSummaryText": "앨리스는 다시 걸었고, 이번에는 꽃들이 고운 목소리로 합창을 하고 있는 아름다운 꽃밭이 나타났습니다.",
        "textWordEA": 13
      }
    },
    {
      "srcTextID": "99891",
      "srcText": "크고 작은 나비들이 춤을 추며 앨리스 주위를 빙빙 돌았습니다. \"아, 미안해요, 나비님들. 꺾지 않을게요.\"",
      "srcPage": 17,
      "srcSentenceEA": 3,
      "srcWordEA": 15,
      "character": "나비들,앨리스",
      "setting": null,
      "action": "돌았습니다,춤을 추며,꺾지",
      "feeling": "미안해요",
      "causalRelationship": null,
      "outcomeResolution": null,
      "prediction": null,
      "plotSummaryInfoCount": 1,
      "plotSummaryInfo": {
        "classification": "의사소통",
        "readAge": "초등_저학년",
        "form": "short-form",
        "plotSummaryText": "나비들이 춤을 추며 앨리스 주위를 빙빙 돌았고, 꺾지 않겠다고 말했습니다.",
        "textWordEA": 10
      }
    },
    {
      "srcTextID": "99893",
      "srcText": "앨리스는 부끄러워서 얼른 숲 속으로 들어갔습니다. 갈림길에 이르자, 새장처럼 생긴 큰 새가 나뭇가지에 매달려 있었습니다. \"참 이상한 새로구나. 몸이 그냥 새장이네.\"",
      "srcPage": 18,
      "srcSentenceEA": 4,
      "srcWordEA": 23,
      "character": "앨리스,큰 새,나뭇가지",
      "setting": "숲 속,갈림길",
      "action": "들어갔습니다,매달려",
      "feeling": "부끄러워서",
      "causalRelationship": null,
      "outcomeResolution": null,
      "prediction": null,
      "plotSummaryInfoCount": 1,
      "plotSummaryInfo": {
        "classification": "의사소통",
        "readAge": "초등_저학년",
        "form": "long-form",
        "plotSummaryText": "앨리스 숲 속으로 들어가자 갈림길에 새장처럼 생긴 큰 새가 나뭇가지에 매달려 있었습니다.",
        "textWordEA": 12
      }
    },
    {
      "srcTextID": "99897",
      "srcText": "홍학이 방망이고, 공은 고슴도치였습니다. \"살아 있는 동물로 놀이를 하다니, 이런 법이 어디 있어요?\" 앨리스는 어이가 없어서 뒷걸음질쳤습니다.",
      "srcPage": 23,
      "srcSentenceEA": 3,
      "srcWordEA": 18,
      "character": "앨리스,홍학,고슴도치,방망이,공",
      "setting": null,
      "action": "뒷걸음질쳤습니다,놀이를 하다니",
      "feeling": "어이가 없어서",
      "causalRelationship": null,
      "outcomeResolution": null,
      "prediction": null,
      "plotSummaryInfoCount": 1,
      "plotSummaryInfo": {
        "classification": "의사소통",
        "readAge": "초등_저학년",
        "form": "short-form",
        "plotSummaryText": "홍학이 방망이고, 공은 고슴도치였는데, 살아 있는 동물로 놀이를 한다는 것에 앨리스는 어이가 없어서 뒷걸음질쳤습니다.",
        "textWordEA": 14
      }
    },
    {
      "srcTextID": "99898",
      "srcText": "\"뭘 꾸물거리는 거야? 홍학의 머리로 고슴도치를 치란 말야, 이렇게.\" 여왕님이 시범을 보였습니다.",
      "srcPage": 24,
      "srcSentenceEA": 3,
      "srcWordEA": 14,
      "character": "여왕님,홍학,고슴도치",
      "setting": null,
      "action": "시범을 보였습니다,치란",
      "feeling": null,
      "causalRelationship": null,
      "outcomeResolution": null,
      "prediction": null,
      "plotSummaryInfoCount": 1,
      "plotSummaryInfo": {
        "classification": "의사소통",
        "readAge": "초등_저학년",
        "form": "short-form",
        "plotSummaryText": "여왕님은 홍학의 머리로 고슴도치를 이렇게 치라면서 시범을 보였습니다.",
        "textWordEA": 8
      }
    },
    {
      "srcTextID": "99900",
      "srcText": "앨리스는 재판정에 섰습니다. 흰 토끼가 재판장이었습니다. \"자, 지금부터 앨리스에 대한 재판을 시작하겠습니다.\"",
      "srcPage": 26,
      "srcSentenceEA": 3,
      "srcWordEA": 13,
      "character": "앨리스,흰 토끼,재판장",
      "setting": "재판정",
      "action": "섰습니다",
      "feeling": null,
      "causalRelationship": null,
      "outcomeResolution": null,
      "prediction": null,
      "plotSummaryInfoCount": 1,
      "plotSummaryInfo": {
        "classification": "의사소통",
        "readAge": "초등_저학년",
        "form": "short-form",
        "plotSummaryText": "재판정에 선 앨리스에게 재판장인 흰 토끼가 재판을 시작하겠다고 했습니다.",
        "textWordEA": 9
      }
    }
  ]
}