{
  "title": "백조의 호수",
  "author": "베기체프",
  "illustrator": "정하진",
  "isbn": "9791128210839",
  "publishedYear": 2018,
  "publisher": "아람북스",
  "paragraphInfoCount": 24,
  "paragraphInfo": [
    {
      "srcTextID": "22085",
      "srcText": "지그프리트 왕자의 스물한 번째 생일이 가까워지자, 궁 안은 왕자의 생일 준비로 바빴어요. 왕자의 어머니인 여왕이 말했어요. “왕자, 이제 너도 결혼할 나이가 되었구나. 생일 무도회에 올 이웃 나라 공주들 가운데 신부를 고르거라.” ‘사랑하지도 않는 여자와 결혼해야 한다니.’ 기분이 울적해진 왕자는 친구들과 함께 백조 사냥을 하러 숲으로 갔어요.",
      "srcPage": 1,
      "srcSentenceEA": 6,
      "srcWordEA": 50,
      "character": "지그프리트 왕자,여왕,이웃 나라 공주들,신부,친구들,여자,어머니",
      "setting": "스물한 번째 생일,궁 안,생일 무도회,숲",
      "action": "말했어요,올,고르거라,갔어요",
      "feeling": "기분이 울적해진",
      "causalRelationship": null,
      "outcomeResolution": null,
      "prediction": "기분이 울적해진 왕자는 친구들과 함께 백조 사냥을 하러 숲으로 갔어요.",
      "plotSummaryInfoCount": 1,
      "plotSummaryInfo": {
        "classification": "의사소통",
        "readAge": "초등_저학년",
        "form": "long-form",
        "plotSummaryText": "지그프리트 왕자의 스물한 번째 생일이 가까워지자, 궁 안은 왕자의 생일 준비로 바빴고 왕자의 어머니인 여왕은 이제 왕자가 결혼할 나이가 되었으니 생일 무도회에 올 이웃 나라 공주들 가운데 신부를 고르라고 왕자에게 말했다.",
        "textWordEA": 31
      }
    },
    {
      "srcTextID": "22087",
      "srcText": "“저는 이웃 나라의 공주 오데트라고 해요. 못된 마법사 로트바르트가 저에게 마법을 걸어 낮에는 백조였다가 자정이 되면 사람으로 돌아온답니다.” 공주의 얼굴은 슬픔으로 가득 차 있었어요.",
      "srcPage": 4,
      "srcSentenceEA": 3,
      "srcWordEA": 26,
      "character": "이웃 나라의 공주,오데트,못된 마법사,로트바르트,백조,사람",
      "setting": "낮,자정",
      "action": "돌아온답니다,걸어",
      "feeling": "슬픔으로 가득 차",
      "causalRelationship": "못된 마법사 로트바르트가 저에게 마법을 걸어 낮에는 백조였다가 자정이 되면 사람으로 돌아온답니다.",
      "outcomeResolution": null,
      "prediction": null,
      "plotSummaryInfoCount": 1,
      "plotSummaryInfo": {
        "classification": "의사소통",
        "readAge": "초등_저학년",
        "form": "short-form",
        "plotSummaryText": "이웃 나라의 공주 오데트는 못된 마법사의 마법에 걸려 낮에는 백조였다가 자정이 되면 사람으로 돌아온다고 말하며 얼굴엔 슬픔으로 가득 차 있었다.",
        "textWordEA": 20
      }
    },
    {
      "srcTextID": "22090",
      "srcText": "왕자는 어떻게든 공주를 돕고 싶었어요. “어떻게 하면 당신의 마법을 풀 수 있나요?” “누군가가 나에게 진심으로 영원한 사랑을 약속하고 그 약속을 꼭 지키면 돼요.”",
      "srcPage": 5,
      "srcSentenceEA": 3,
      "srcWordEA": 23,
      "character": "왕자,공주",
      "setting": "영원한",
      "action": "돕고 싶었어요",
      "feeling": null,
      "causalRelationship": null,
      "outcomeResolution": "누군가가 나에게 진심으로 영원한 사랑을 약속하고 그 약속을 꼭 지키면 돼요.",
      "prediction": null,
      "plotSummaryInfoCount": 1,
      "plotSummaryInfo": {
        "classification": "의사소통",
        "readAge": "초등_저학년",
        "form": "short-form",
        "plotSummaryText": "왕자는 공주를 돕고 싶어했고 어떻게 하면 마법을 풀 수 있냐고 묻자 공주는 누군가가 나에게 진심으로 영원한 사랑을 약속하고 그 약속을 지키면 된다고 말했다.",
        "textWordEA": 23
      }
    },
    {
      "srcTextID": "22095",
      "srcText": "왕자는 공주를 꼭 감싸 안으며 말을 이었어요. “오데트 공주님, 영원히 당신만을 사랑할 것을 약속합니다. 부디 나와 결혼해 주세요.”",
      "srcPage": 10,
      "srcSentenceEA": 3,
      "srcWordEA": 19,
      "character": "왕자,공주,오데트 공주님",
      "setting": null,
      "action": "감싸 안으며",
      "feeling": null,
      "causalRelationship": null,
      "outcomeResolution": null,
      "prediction": null,
      "plotSummaryInfoCount": 1,
      "plotSummaryInfo": {
        "classification": "의사소통",
        "readAge": "초등_저학년",
        "form": "short-form",
        "plotSummaryText": "왕자는 오데트 공주를 꼭 감싸 안으며 영원히 당신만을 사랑할 것을 약속하니 자신과 결혼해 달라고 말을 이었다.",
        "textWordEA": 16
      }
    },
    {
      "srcTextID": "22093",
      "srcText": "공주는 부끄러워하며 고개를 끄덕였어요. “내일 밤 무도회가 열리니 꼭 와 주세요. 그때 어머니에게 결혼 허락을 받겠어요.”",
      "srcPage": 11,
      "srcSentenceEA": 3,
      "srcWordEA": 17,
      "character": "공주,어머니",
      "setting": "내일 밤,무도회,그때",
      "action": "끄덕였어요,와 주세요,받겠어요",
      "feeling": "부끄러워하며",
      "causalRelationship": null,
      "outcomeResolution": null,
      "prediction": null,
      "plotSummaryInfoCount": 1,
      "plotSummaryInfo": {
        "classification": "의사소통",
        "readAge": "초등_저학년",
        "form": "short-form",
        "plotSummaryText": "공주는 부끄러워하며 고개를 끄덕이며 내일 밤 무도회가 열리니 꼭 와 달라고 말했다.",
        "textWordEA": 12
      }
    },
    {
      "srcTextID": "22098",
      "srcText": "“나에게 다시 한번 사랑을 약속해 주세요.” 그러자 왕자는 검은 옷을 입은 공주의 손을 잡고 말했어요. “나, 지그프리트는 영원히 당신만을 사랑할 것입니다.\"",
      "srcPage": 14,
      "srcSentenceEA": 3,
      "srcWordEA": 22,
      "character": "왕자,공주,지그프리트,옷,손",
      "setting": null,
      "action": "입은,잡고 말했어요",
      "feeling": null,
      "causalRelationship": null,
      "outcomeResolution": "나, 지그프리트는 영원히 당신만을 사랑할 것입니다.",
      "prediction": null,
      "plotSummaryInfoCount": 1,
      "plotSummaryInfo": {
        "classification": "의사소통",
        "readAge": "초등_저학년",
        "form": "short-form",
        "plotSummaryText": "자신에게 다시 한 번 사랑을 약속해 달라고 하자 왕자는 검은 옷을 입은 공주의 손을 잡고 영원히 당신만을 사랑할 것이라고 말했다.",
        "textWordEA": 20
      }
    },
    {
      "srcTextID": "22103",
      "srcText": "그때 갑자기 하늘이 번쩍대며 천둥이 치더니 두 사람 앞에 로트바르트가 모습을 드러냈어요. “아무리 발버둥 쳐도 오데트는 내 것이다. 오데트, 이리 오너라.”",
      "srcPage": 19,
      "srcSentenceEA": 3,
      "srcWordEA": 22,
      "character": "천둥,로트바르트,오데트",
      "setting": "그때,하늘",
      "action": "치더니,드러냈어요,이리 오너라",
      "feeling": null,
      "causalRelationship": null,
      "outcomeResolution": null,
      "prediction": null,
      "plotSummaryInfoCount": 1,
      "plotSummaryInfo": {
        "classification": "의사소통",
        "readAge": "초등_저학년",
        "form": "short-form",
        "plotSummaryText": "그때 갑자기 하늘에서 천둥이 치더니 두 사람 앞에 로트바르트가 나타나 아무리 발버둥 쳐도 오데트는 자신의 것이니 이리 오라고 말했다.",
        "textWordEA": 19
      }
    },
    {
      "srcTextID": "22105",
      "srcText": "로트바르트가 호수 위로 팔을 휘젓자, 파도가 일기 시작했어요. 파도는 무서운 소리를 내며 점점 거세졌어요. “오데트, 파도가 너를 삼켜 버리기 전에 이리 와라, 어서!”",
      "srcPage": 21,
      "srcSentenceEA": 3,
      "srcWordEA": 24,
      "character": "로트바르트,파도,오데트",
      "setting": "호수 위로",
      "action": "휘젓자,이리 와라,삼켜 버리기",
      "feeling": "무서운",
      "causalRelationship": "로트바르트가 호수 위로 팔을 휘젓자, 파도가 일기 시작했어요.",
      "outcomeResolution": null,
      "prediction": null,
      "plotSummaryInfoCount": 1,
      "plotSummaryInfo": {
        "classification": "의사소통",
        "readAge": "초등_저학년",
        "form": "short-form",
        "plotSummaryText": "로트바르트가 호수 위로 팔을 휘젓자, 파도가 일기 시작했고 파도는 무서운 소리를 내며 점점 거세졌다.",
        "textWordEA": 14
      }
    },
    {
      "srcTextID": "22088",
      "srcText": "왕자를 본 아가씨는 너무 놀라 달아나려 했어요. “제발 가지 마세요. 나는 이 나라의 왕자 지그프리트라고 합니다. 아름다운 당신은 누구시죠?” 왕자의 부드러운 목소리에 아가씨는 마음이 놓였어요.",
      "srcPage": 3,
      "srcSentenceEA": 5,
      "srcWordEA": 28,
      "character": "왕자,아가씨,지그프리트",
      "setting": "나라",
      "action": "본,달아나려",
      "feeling": "마음이 놓였어요,너무 놀라,아름다운",
      "causalRelationship": "왕자의 부드러운 목소리에 아가씨는 마음이 놓였어요.",
      "outcomeResolution": null,
      "prediction": null,
      "plotSummaryInfoCount": 1,
      "plotSummaryInfo": {
        "classification": "의사소통",
        "readAge": "초등_저학년",
        "form": "long-form",
        "plotSummaryText": "왕자를 보고 놀라 달아나려 한 아가씨는 자신을 소개하는 왕자의 부드러운 목소리에 마음을 놓았다.",
        "textWordEA": 13
      }
    },
    {
      "srcTextID": "22086",
      "srcText": "숲속을 헤매던 왕자의 눈앞에 호수가 펼쳐졌어요. 달빛이 비치는 호수는 말할 수 없이 아름다웠어요. “앗! 호수에 백조가 있군.” 왕자가 가까이 가서 보니 그것은 백조가 아니라 하얀 옷을 입은 아름다운 아가씨였어요.",
      "srcPage": 2,
      "srcSentenceEA": 4,
      "srcWordEA": 32,
      "character": "왕자,백조,아가씨,달빛,옷",
      "setting": "숲속,호수",
      "action": "헤매던,가까이 가서,보니,입은",
      "feeling": "아름다웠어요,아름다운",
      "causalRelationship": null,
      "outcomeResolution": "왕자가 가까이 가서 보니 그것은 백조가 아니라 하얀 옷을 입은 아름다운 아가씨였어요.",
      "prediction": null,
      "plotSummaryInfoCount": 1,
      "plotSummaryInfo": {
        "classification": "의사소통",
        "readAge": "초등_저학년",
        "form": "long-form",
        "plotSummaryText": "숲속을 헤매던 왕자가 호수에 백조가 있는 것을 보았고 가까이 가보니 백조가 아니라  하얀 옷을 입은 아름다운 아가씨가 있었다.",
        "textWordEA": 19
      }
    },
    {
      "srcTextID": "22089",
      "srcText": "왕자는 마음이 뜨거워지는 걸 느꼈어요. ‘오데트 공주님, 제가 당신을 영원히 사랑하겠어요.’ 왕자는 공주의 손을 꼭 잡았어요. “걱정하지 마세요, 제가 공주님을 구해 드릴게요.”",
      "srcPage": 6,
      "srcSentenceEA": 4,
      "srcWordEA": 24,
      "character": "왕자,오데트 공주님",
      "setting": "영원히",
      "action": "잡았어요,구해 드릴게요",
      "feeling": "뜨거워지는 걸 느꼈어요,걱정하지 마세요",
      "causalRelationship": null,
      "outcomeResolution": null,
      "prediction": "걱정하지 마세요, 제가 공주님을 구해 드릴게요.",
      "plotSummaryInfoCount": 1,
      "plotSummaryInfo": {
        "classification": "의사소통",
        "readAge": "초등_저학년",
        "form": "long-form",
        "plotSummaryText": "왕자는 마음이 뜨거워지는 걸 느끼며 제가 당신을 영원히 사랑하겠요라고 오데트 공주에게 말하며 공주의 손을 꼭 잡았다.",
        "textWordEA": 16
      }
    },
    {
      "srcTextID": "22091",
      "srcText": "바로 그때. 갑자기 거센 바람이 두 사람을 휘감았어요. 잔잔하던 호수에 파도가 일기 시작하더니 온통 컴컴해지면서 검은 날개가 나타났어요. “오데트에게서 떨어져라!” “마법사 로트바르트예요!” 공주는 몸을 바르르 떨며 소리쳤어요. ",
      "srcPage": 7,
      "srcSentenceEA": 6,
      "srcWordEA": 30,
      "character": "검은 날개,오데트,마법사 로트바르트,공주,두 사람",
      "setting": "바로 그때,호수",
      "action": "나타났어요,떨어져라,소리쳤어요",
      "feeling": "바르르 떨며",
      "causalRelationship": null,
      "outcomeResolution": null,
      "prediction": null,
      "plotSummaryInfoCount": 1,
      "plotSummaryInfo": {
        "classification": "의사소통",
        "readAge": "초등_저학년",
        "form": "long-form",
        "plotSummaryText": "바로 그때, 갑자기 바람이 두 사람을 휘감았고 잔잔하던 호수에 파도가 일기 시작하더니 온통 컴컴해지면서 검은 날개가 나타났다.",
        "textWordEA": 17
      }
    },
    {
      "srcTextID": "22092",
      "srcText": "왕자는 재빨리 화살을 꺼내 로트바르트를 겨누었어요. “안 돼요, 왕자님! 로트바르트가 죽으면 저도 죽어요.”",
      "srcPage": 8,
      "srcSentenceEA": 3,
      "srcWordEA": 14,
      "character": "왕자,로트바르트,화살",
      "setting": null,
      "action": "꺼내,겨누었어요",
      "feeling": null,
      "causalRelationship": null,
      "outcomeResolution": null,
      "prediction": "로트바르트가 죽으면 저도 죽어요.",
      "plotSummaryInfoCount": 1,
      "plotSummaryInfo": {
        "classification": "의사소통",
        "readAge": "초등_저학년",
        "form": "short-form",
        "plotSummaryText": "왕자가 화살을 꺼내 로트바르트를 겨누자 공주는 로트바르트가 죽으면 자신도 죽는다고 말했다.",
        "textWordEA": 11
      }
    },
    {
      "srcTextID": "22094",
      "srcText": "공주의 말에 왕자는 활을 내렸어요. 로트바르트는 매서운 눈으로 두 사람을 노려보더니 거센 바람을 일으키며 사라져 버렸어요. “반드시 로트바르트에게서 당신을 구해 내겠어요.”",
      "srcPage": 9,
      "srcSentenceEA": 3,
      "srcWordEA": 22,
      "character": "공주,왕자,활,로트바르트,두 사람",
      "setting": null,
      "action": "내렸어요,노려보더니,일으키며,사라져 버렸어요,구해 내겠어요",
      "feeling": null,
      "causalRelationship": "공주의 말에 왕자는 활을 내렸어요.",
      "outcomeResolution": null,
      "prediction": "반드시 로트바르트에게서 당신을 구해 내겠어요.",
      "plotSummaryInfoCount": 1,
      "plotSummaryInfo": {
        "classification": "의사소통",
        "readAge": "초등_저학년",
        "form": "short-form",
        "plotSummaryText": "공주의 말에 왕자는 활을 내렸고 로트바르트는 매서운 눈으로 두 사람을 노려보더니 바람을 일으키며 사라져 버렸다.",
        "textWordEA": 15
      }
    },
    {
      "srcTextID": "22096",
      "srcText": "서로의 마음을 안 두 사람은 밤새도록 달빛 아래에서 춤을 추었어요. “왕자님, 정말 행복한 시간이었어요.” 어둠이 걷히고 호수 위로 해가 떠오르자, 공주는 아름다운 백조가 되어 날아갔어요.",
      "srcPage": 12,
      "srcSentenceEA": 3,
      "srcWordEA": 26,
      "character": "왕자님,공주,백조",
      "setting": "밤새도록,달빛 아래에서,호수 위로",
      "action": "추었어요,되어 날아갔어요",
      "feeling": "행복한,아름다운",
      "causalRelationship": null,
      "outcomeResolution": null,
      "prediction": null,
      "plotSummaryInfoCount": 1,
      "plotSummaryInfo": {
        "classification": "의사소통",
        "readAge": "초등_저학년",
        "form": "short-form",
        "plotSummaryText": "두 사람은 밤새도록  달빛 아래에서 춤을 추었고 어둠이 걷히고 호수 위로 해가 떠오르자, 공주는 아름다운 백조가 되어 날아갔다.",
        "textWordEA": 19
      }
    },
    {
      "srcTextID": "22097",
      "srcText": "밤이 되자, 궁에는 많은 사람이 모여들었어요. 아름다운 이웃 나라 공주들도 많았지만, 왕자의 눈에는 아무도 보이지 않았어요. 왕자의 마음속에는 오직 오데트 공주뿐이었으니까요. 잠시 뒤, 오데트 공주가 무도회장에 나타났어요. 어제와는 달리 검은 옷을 입고 말이에요.",
      "srcPage": 13,
      "srcSentenceEA": 5,
      "srcWordEA": 37,
      "character": "사람,공주들,왕자,눈,오데트 공주,옷",
      "setting": "밤이 되자,궁,잠시 뒤,무도회장,어제",
      "action": "모여들었어요,나타났어요,입고,보이지",
      "feeling": null,
      "causalRelationship": "아름다운 이웃 나라 공주들도 많았지만 왕자의 눈에는 아무도 보이지 않았어요. 왕자의 마음속에는 오직 오데트 공주뿐이었으니까요.",
      "outcomeResolution": null,
      "prediction": "어제와는 달리 검은 옷을 입고 말이에요.",
      "plotSummaryInfoCount": 1,
      "plotSummaryInfo": {
        "classification": "의사소통",
        "readAge": "초등_저학년",
        "form": "long-form",
        "plotSummaryText": "밤이 되자, 궁에는 많은 사람들이 모여들었지만 오직 오데트 공주뿐이었던 왕자의 눈에는 아무도 보이지 않았고 잠시 뒤, 오데트 공주가 어제와는 달리 검은 옷을 입고 무도회장에 나타났다.",
        "textWordEA": 25
      }
    },
    {
      "srcTextID": "22099",
      "srcText": "그때 소름 끼치는 목소리가 울려 퍼졌어요. 바로 로트바르트였어요. “오데트에게 사랑을 약속한 지 하루도 안 돼 다른 여자에게 사랑을 약속하다니. 네가 사랑을 약속한 아가씨는 내 딸 오딜이다!”",
      "srcPage": 15,
      "srcSentenceEA": 4,
      "srcWordEA": 28,
      "character": "로트바르트,오데트,오딜,아가씨,딸",
      "setting": "그때,하루도",
      "action": "울려 퍼졌어요",
      "feeling": "소름 끼치는",
      "causalRelationship": null,
      "outcomeResolution": null,
      "prediction": "네가 사랑을 약속한 아가씨는 내 딸 오딜이다!",
      "plotSummaryInfoCount": 1,
      "plotSummaryInfo": {
        "classification": "의사소통",
        "readAge": "초등_저학년",
        "form": "long-form",
        "plotSummaryText": "그때 네가 사랑을 약속한 아가씨는 내 딸 오딜이라고 로트바르트의 소름 끼치는 목소리가 울려 퍼졌다.",
        "textWordEA": 14
      }
    },
    {
      "srcTextID": "22101",
      "srcText": "공주는 슬픔에 젖은 눈으로 말했어요. “다 끝났어요. 이제 영영 마법을 풀 수 없을 거예요.” 왕자도 눈물을 흘렸어요.",
      "srcPage": 18,
      "srcSentenceEA": 4,
      "srcWordEA": 19,
      "character": "공주,왕자,눈",
      "setting": null,
      "action": "말했어요,흘렸어요",
      "feeling": "슬픔에 젖은",
      "causalRelationship": null,
      "outcomeResolution": null,
      "prediction": null,
      "plotSummaryInfoCount": 1,
      "plotSummaryInfo": {
        "classification": "의사소통",
        "readAge": "초등_저학년",
        "form": "long-form",
        "plotSummaryText": "공주는 슬픔에 젖은 눈으로 이제 영영 마법을 풀 수 없을거라고 왕자에게 말했고 왕자도 눈물을 흘렸다.",
        "textWordEA": 15
      }
    },
    {
      "srcTextID": "22104",
      "srcText": "왕자는 칼을 뽑아 들며 오데트 공주의 앞을 막아섰어요. “나를 죽이기 전에는 공주님을 데려갈 수 없다!” “하하, 어리석은 녀석!”",
      "srcPage": 20,
      "srcSentenceEA": 3,
      "srcWordEA": 18,
      "character": "왕자,오데트 공주",
      "setting": null,
      "action": "뽑아 들며,막아섰어요,데려갈 수 없다",
      "feeling": null,
      "causalRelationship": null,
      "outcomeResolution": null,
      "prediction": null,
      "plotSummaryInfoCount": 1,
      "plotSummaryInfo": {
        "classification": "의사소통",
        "readAge": "초등_저학년",
        "form": "short-form",
        "plotSummaryText": "왕자는 칼을 뽑아 들며 오데트 공주의 앞을 막고서는 자신을 죽이기 전에는 공주님을 데려갈 수 없다고 말했다.",
        "textWordEA": 16
      }
    },
    {
      "srcTextID": "22108",
      "srcText": "파도는 당장이라도 두 사람을 삼킬 것 같았어요. 왕자와 공주는 서로 더 꼭 끌어안았어요. “로트바르트의 마법은 풀지 못했지만, 지크프리트 왕자님 당신을 사랑해요.”",
      "srcPage": 23,
      "srcSentenceEA": 3,
      "srcWordEA": 22,
      "character": "파도,공주,로트바르트,지그프리트 왕자님",
      "setting": null,
      "action": "삼킬,끌어안았어요",
      "feeling": null,
      "causalRelationship": null,
      "outcomeResolution": null,
      "prediction": null,
      "plotSummaryInfoCount": 1,
      "plotSummaryInfo": {
        "classification": "의사소통",
        "readAge": "초등_저학년",
        "form": "short-form",
        "plotSummaryText": "파도가 왕자와 공주를 삼킬 것 같았지만 두 사람은 서로 더 꼭 끌어안았다.",
        "textWordEA": 12
      }
    },
    {
      "srcTextID": "22100",
      "srcText": "곧 자정을 알리는 종이 울렸어요. 궁 밖에는 하얀 옷을 입은 진짜 오데트 공주가 눈물을 흘리며 서 있었어요. 그제야 왕자는 무슨 일이 일어났는지 깨달았어요. 공주는 하염없이 눈물을 흘리며 궁을 빠져나가 숲으로 달렸어요. “오데트 공주님, 기다려요!”",
      "srcPage": 16,
      "srcSentenceEA": 5,
      "srcWordEA": 37,
      "character": "종,오데트 공주,왕자",
      "setting": "자정,궁 밖,숲",
      "action": "울렸어요,입은,서 있었어요,빠져나가,달렸어요",
      "feeling": null,
      "causalRelationship": "궁 밖에는 하얀 옷을 입은 진짜 오데트 공주가 눈물을 흘리며 서 있었어요. 그제야 왕자는 무슨 일이 일어났는지 깨달았어요.",
      "outcomeResolution": null,
      "prediction": null,
      "plotSummaryInfoCount": 1,
      "plotSummaryInfo": {
        "classification": "의사소통",
        "readAge": "초등_저학년",
        "form": "long-form",
        "plotSummaryText": "곧 자정을 알리는 종이 울리자 궁 밖에는 하얀 옷을 입은 진짜 오데트 공주가 눈물을 흘리며 서 있었고 그제야 왕자는 무슨 일이 일어났는지 깨달았지만 공주는 하염없이 눈물을 흘리며 궁을 빠져나가 숲으로 달렸다.",
        "textWordEA": 31
      }
    },
    {
      "srcTextID": "22102",
      "srcText": "왕자는 호숫가에서 울고 있는 공주를 발견했어요. “오데트 공주님, 제가 사랑하는 사람은 당신뿐입니다. 죽는 한이 있어도 당신만을 사랑할 거예요.”",
      "srcPage": 17,
      "srcSentenceEA": 3,
      "srcWordEA": 19,
      "character": "왕자,오데트 공주님,사람",
      "setting": "호숫가",
      "action": "발견했어요,울고 있는",
      "feeling": null,
      "causalRelationship": null,
      "outcomeResolution": null,
      "prediction": "죽는 한이 있어도 당신만을 사랑할 거예요.",
      "plotSummaryInfoCount": 1,
      "plotSummaryInfo": {
        "classification": "의사소통",
        "readAge": "초등_저학년",
        "form": "short-form",
        "plotSummaryText": "왕자는 호숫가에서 울고 있는 공주를 발견하고 자신이 사랑하는 사람은 오데트 공주뿐이니 죽는 한이 있어도 공주만을 사랑할거라고 말했다.",
        "textWordEA": 17
      }
    },
    {
      "srcTextID": "22106",
      "srcText": "하지만 왕자와 공주는 서로 손을 꼭 잡았어요. “당신을 떠나보내고 사느니 이곳에서 죽겠어요.” 왕자의 말에 공주는 고개를 끄덕였어요. “저도 왕자님과 헤어지고 싶지 않아요.”",
      "srcPage": 22,
      "srcSentenceEA": 4,
      "srcWordEA": 23,
      "character": "왕자,공주,손",
      "setting": "이곳",
      "action": "잡았어요,떠나보내고,끄덕였어요",
      "feeling": null,
      "causalRelationship": null,
      "outcomeResolution": null,
      "prediction": null,
      "plotSummaryInfoCount": 1,
      "plotSummaryInfo": {
        "classification": "의사소통",
        "readAge": "초등_저학년",
        "form": "long-form",
        "plotSummaryText": "왕자와 공주는 서로 손을 잡았고 당신을 떠나보내고 사느니 이곳에서 죽겠다라는 왕자의 말에 공주는 고개를 끄덕였다.",
        "textWordEA": 15
      }
    },
    {
      "srcTextID": "22107",
      "srcText": "두 사람은 그대로 호수에 몸을 던졌지요. 물속은 차갑고 어두웠지만 하나도 무섭지 않았어요. 둘이 함께 있을 수 있었으니까요.",
      "srcPage": 24,
      "srcSentenceEA": 3,
      "srcWordEA": 19,
      "character": "두 사람",
      "setting": "호수,물속",
      "action": "던졌지요",
      "feeling": "무섭지 않았어요",
      "causalRelationship": "물속은 차갑고 어두웠지만 하나도 무섭지 않았어요. 둘이 함께 있을 수 있었으니까요.",
      "outcomeResolution": null,
      "prediction": null,
      "plotSummaryInfoCount": 1,
      "plotSummaryInfo": {
        "classification": "의사소통",
        "readAge": "초등_저학년",
        "form": "short-form",
        "plotSummaryText": "두 사람이 몸을 던진 호수의 물속은 차갑고 어두웠지만 둘이 함께 있을 수 있어서 무섭지 않았다.",
        "textWordEA": 15
      }
    }
  ]
}