{
  "title": "잭과 콩나무",
  "author": "어깨동무",
  "illustrator": "유승정",
  "isbn": "9788992191173",
  "publishedYear": 2006,
  "publisher": "한국아이엔이",
  "paragraphInfoCount": 38,
  "paragraphInfo": [
    {
      "srcTextID": "103827",
      "srcText": "영국의 작은 마을에 잭이라는 소년이 살고 있었습니다. 어느 날, 어머니가 소젖을 짜며 말했습니다. \"얘야, 이제 우유가 안 나오는구나.\"",
      "srcPage": 1,
      "srcSentenceEA": 3,
      "srcWordEA": 19,
      "character": "잭,소년,어머니,우유",
      "setting": "영국,작은 마을",
      "action": "소젖을 짜며,말했습니다",
      "feeling": null,
      "causalRelationship": null,
      "outcomeResolution": null,
      "prediction": null,
      "plotSummaryInfoCount": 1,
      "plotSummaryInfo": {
        "classification": "의사소통",
        "readAge": "초등_저학년",
        "form": "short-form",
        "plotSummaryText": "영국의 작은 마을에 잭과 어머니가 살고 있는데, 소젖을 짜던 어머니가 우유가 나오지 않는다고 말했습니다.",
        "textWordEA": 14
      }
    },
    {
      "srcTextID": "103826",
      "srcText": "\"젖소가 너무 늙어서 그래요, 어머니.\" \"큰일이다, 우유를 팔아야 빵을 살 수 있는데.\" 어머니는 몹시 걱정했습니다. \"하는 수 없지. 이 젖소를 팔아서 씨앗을 사자꾸나.\"",
      "srcPage": 2,
      "srcSentenceEA": 5,
      "srcWordEA": 25,
      "character": "젖소,어머니,우유,빵,씨앗",
      "setting": null,
      "action": "살 수 있는데,팔아서,사자꾸나",
      "feeling": "걱정했습니다",
      "causalRelationship": null,
      "outcomeResolution": null,
      "prediction": null,
      "plotSummaryInfoCount": 1,
      "plotSummaryInfo": {
        "classification": "의사소통",
        "readAge": "초등_저학년",
        "form": "long-form",
        "plotSummaryText": "젖소가 너무 늙어서 그렇다는 말에 걱정이 된 어머니는 젖소를 팔아서 씨앗을 사자고 말했습니다.",
        "textWordEA": 13
      }
    },
    {
      "srcTextID": "101485",
      "srcText": "\"아니, 젖소를 이 콩 한 알과 바꾸었다고? 에이, 바보 같으니라고!\" 어머니는 호통을 치며 콩을 마당에 던졌습니다.",
      "srcPage": 5,
      "srcSentenceEA": 3,
      "srcWordEA": 18,
      "character": "젖소,콩,어머니",
      "setting": "마당",
      "action": "바꾸었다고,호통을 치며,던졌습니다",
      "feeling": null,
      "causalRelationship": null,
      "outcomeResolution": null,
      "prediction": null,
      "plotSummaryInfoCount": 1,
      "plotSummaryInfo": {
        "classification": "의사소통",
        "readAge": "초등_저학년",
        "form": "short-form",
        "plotSummaryText": "어머니는 젖소를 콩 한 알과 바꾼 바보라고 호통을 치며 콩을 마당에 던졌습니다.",
        "textWordEA": 12
      }
    },
    {
      "srcTextID": "101489",
      "srcText": "\"정말 신기하구나, 그 할아버지 말씀대로 좋은 일이 있으려나 봐.\" 잭은 하늘로 뻗은 콩나무를 바라보았습니다. \"어디까지 닿아 있는지, 한번 올라가 볼까?\" 호기심 많은 잭은 콩나무를 타고 구름 위로 올라갔습니다.",
      "srcPage": 7,
      "srcSentenceEA": 4,
      "srcWordEA": 30,
      "character": "할아버지,잭,콩나무",
      "setting": "하늘,구름 위",
      "action": "바라보았습니다,올라가 볼까,타고,올라갔습니다",
      "feeling": "신기하구나",
      "causalRelationship": null,
      "outcomeResolution": null,
      "prediction": null,
      "plotSummaryInfoCount": 1,
      "plotSummaryInfo": {
        "classification": "의사소통",
        "readAge": "초등_저학년",
        "form": "long-form",
        "plotSummaryText": "할아버지의 말씀대로 좋은 일이 있으려는지 콩나무는 하늘로 뻗어 있었고, 호기심 많은 잭은 어디까지 닿아 있는지 궁금하여 콩나무를 타고 올라갔습니다.",
        "textWordEA": 19
      }
    },
    {
      "srcTextID": "101521",
      "srcText": "구름 위에는 거대한 성이 우뚝 솟아 있었습니다. \"저 성에는 누가 살고 있을까? 아마 굉장한 사람일 거야.\"",
      "srcPage": 8,
      "srcSentenceEA": 3,
      "srcWordEA": 17,
      "character": "사람",
      "setting": "구름 위,성",
      "action": null,
      "feeling": null,
      "causalRelationship": null,
      "outcomeResolution": null,
      "prediction": null,
      "plotSummaryInfoCount": 1,
      "plotSummaryInfo": {
        "classification": "의사소통",
        "readAge": "초등_저학년",
        "form": "short-form",
        "plotSummaryText": "구름 위에는 거대한 성이 솟아 있었는데, 어떤 사람이 살고 있는지 궁금했습니다.",
        "textWordEA": 11
      }
    },
    {
      "srcTextID": "101534",
      "srcText": "그러더니 큰 자루에서 금화를 꺼냈습니다. \"하나, 둘, 셋, 하나, 둘, 셋.\" 금화를 들고 계속 하나, 둘, 셋만 세던 도깨비는 그대로 잠이 들었습니다.",
      "srcPage": 13,
      "srcSentenceEA": 3,
      "srcWordEA": 23,
      "character": "큰 자루,금화,도깨비",
      "setting": null,
      "action": "꺼냈습니다,금화를 들고,세던,잠이 들었습니다",
      "feeling": null,
      "causalRelationship": null,
      "outcomeResolution": null,
      "prediction": null,
      "plotSummaryInfoCount": 1,
      "plotSummaryInfo": {
        "classification": "의사소통",
        "readAge": "초등_저학년",
        "form": "short-form",
        "plotSummaryText": "도깨비는 큰 자루에서 금화를 꺼내 하나, 둘, 셋만 계속 세더니 잠이 들었습니다.",
        "textWordEA": 12
      }
    },
    {
      "srcTextID": "101558",
      "srcText": "잭이 빵을 먹고 있을 때, 또 도깨비가 나타났습니다. \"할멈, 가서 암탉을 가져와요. 황금알이 필요해.\"",
      "srcPage": 19,
      "srcSentenceEA": 3,
      "srcWordEA": 15,
      "character": "잭,빵,도깨비,할멈,암탉,황금알",
      "setting": null,
      "action": "먹고 있을,나타났습니다,가서,가져와요",
      "feeling": null,
      "causalRelationship": null,
      "outcomeResolution": null,
      "prediction": null,
      "plotSummaryInfoCount": 1,
      "plotSummaryInfo": {
        "classification": "의사소통",
        "readAge": "초등_저학년",
        "form": "short-form",
        "plotSummaryText": "잭이 빵을 먹고 있을 때, 도깨비가 나타나 할멈에게 황금알이 필요하니 암탉을 가져오라고 말했습니다.",
        "textWordEA": 13
      }
    },
    {
      "srcTextID": "101559",
      "srcText": "도깨비 말에 할머니가 뒤뜰에서 암탉을 안고 왔습니다. \"닭아, 닭아, 어여쁜 닭아, 황금알을 낳아라.\" 도깨비가 말하자, 닭은 번쩍번쩍 빛나는 황금 달걀을 낳았습니다.",
      "srcPage": 20,
      "srcSentenceEA": 3,
      "srcWordEA": 22,
      "character": "도깨비,할머니,암탉,닭,황금 달걀",
      "setting": "뒤뜰",
      "action": "안고 왔습니다,낳아라,말하자,낳았습니다",
      "feeling": null,
      "causalRelationship": null,
      "outcomeResolution": null,
      "prediction": null,
      "plotSummaryInfoCount": 1,
      "plotSummaryInfo": {
        "classification": "의사소통",
        "readAge": "초등_저학년",
        "form": "short-form",
        "plotSummaryText": "도깨비가 할머니가 뒤뜰에서 안고 온 암탉에게 황금알을 낳으라고 말하자, 닭은 황금 달걀을 낳았습니다.",
        "textWordEA": 13
      }
    },
    {
      "srcTextID": "101560",
      "srcText": "싱크대 밑에 숨은 잭의 눈이 휘둥그레졌습니다. '세상에 황금알을 낳는 닭이 있다니, 저 닭만 있으면 부자가 되겠는걸!' 잭은 도깨비가 잠들기를 기다렸다가, 그 암탉을 안고 집으로 돌아왔습니다.",
      "srcPage": 21,
      "srcSentenceEA": 3,
      "srcWordEA": 26,
      "character": "잭,눈,황금알,닭,부자,도깨비,암탉",
      "setting": "싱크대 밑,집",
      "action": "숨은,낳는,기다렸다가,안고,돌아왔습니다",
      "feeling": null,
      "causalRelationship": null,
      "outcomeResolution": null,
      "prediction": null,
      "plotSummaryInfoCount": 1,
      "plotSummaryInfo": {
        "classification": "의사소통",
        "readAge": "초등_저학년",
        "form": "short-form",
        "plotSummaryText": "싱크대 밑에서 이 모습을 본 잭은 도깨비가 잠들기를 기다렸다가, 황금알을 낳는 암탉을 안고 집으로 돌아왔습니다.",
        "textWordEA": 15
      }
    },
    {
      "srcTextID": "103829",
      "srcText": "잭은 도깨비가 말하던 대로 닭에게 말했습니다. \"닭아, 닭아, 어여쁜 닭아, 황금알을 낳아라.\" 그러자 닭은 반짝반짝 빛나는 황금 달걀을 낳았습니다. \"보셨죠? 이 닭은 날마다 황금알을 낳을 거예요.\" 그러나 며칠 안 되어 암탉은 죽고 말았습니다.",
      "srcPage": 23,
      "srcSentenceEA": 5,
      "srcWordEA": 36,
      "character": "잭,도깨비,닭,황금알,황금 달걀,암탉",
      "setting": null,
      "action": "말하던,말했습니다,낳았습니다,보셨죠,낳을 거예요,죽고 말았습니다",
      "feeling": null,
      "causalRelationship": null,
      "outcomeResolution": null,
      "prediction": null,
      "plotSummaryInfoCount": 1,
      "plotSummaryInfo": {
        "classification": "의사소통",
        "readAge": "초등_저학년",
        "form": "long-form",
        "plotSummaryText": "잭은 도깨비가 말하던 대로 황금알을 낳으라고 닭에게 말했고, 황금 달걀을 낳던 암탉은 며칠 안 되어 죽고 말았습니다.",
        "textWordEA": 17
      }
    },
    {
      "srcTextID": "103830",
      "srcText": "\"할멈, 술을 가져와요. 황금도 황금알을 낳는 닭도 못 찾았소.\" 도깨비는 화가 나서 술만 들이켰습니다. \"하프야, 음악을 들려 다오.\" 그러자 하프에서 아름다운 음악이 저절로 흘러나왔습니다.",
      "srcPage": 25,
      "srcSentenceEA": 5,
      "srcWordEA": 27,
      "character": "할멈,술,황금,황금알,닭,도깨비,하프",
      "setting": null,
      "action": "가져와요,낳는,못 찾았소,술만 들이켰습니다,음악이 저절로 흘러나왔습니다",
      "feeling": "화가 나서",
      "causalRelationship": null,
      "outcomeResolution": null,
      "prediction": null,
      "plotSummaryInfoCount": 1,
      "plotSummaryInfo": {
        "classification": "의사소통",
        "readAge": "초등_저학년",
        "form": "long-form",
        "plotSummaryText": "황금도, 황금알을 낳는 닭도 찾지 못해 화가 난 도깨비가 술을 들이켜며 하프에 음악을 들려달라고 하자, 하프에서는 아름다운 음악이 흘러나왔습니다.",
        "textWordEA": 19
      }
    },
    {
      "srcTextID": "103834",
      "srcText": "도깨비가 잠든 뒤, 선반에서 내려온 잭이 하프를 집어 든 순간이었습니다. \"주인님, 도둑이에요.\" 갑자기 하프가 사람처럼 소리쳤습니다.",
      "srcPage": 27,
      "srcSentenceEA": 3,
      "srcWordEA": 17,
      "character": "도깨비,주인님,도둑,하프,사람",
      "setting": "선반",
      "action": "잠든,내려온,집어 든,소리쳤습니다",
      "feeling": null,
      "causalRelationship": null,
      "outcomeResolution": null,
      "prediction": null,
      "plotSummaryInfoCount": 1,
      "plotSummaryInfo": {
        "classification": "의사소통",
        "readAge": "초등_저학년",
        "form": "short-form",
        "plotSummaryText": "도깨비가 잠들고 잭이 하프를 집어 든 순간, 하프가 도둑이라고 사람처럼 소리쳤습니다.",
        "textWordEA": 11
      }
    },
    {
      "srcTextID": "101488",
      "srcText": "\"앗, 저게 뭐지?\" 다음 날, 잭도 어머니도 깜짝 놀랐습니다. 마당에 커다란 콩나무가 서 있는 것이었습니다.",
      "srcPage": 6,
      "srcSentenceEA": 3,
      "srcWordEA": 17,
      "character": "잭,어머니,콩나무",
      "setting": "마당",
      "action": "서 있는",
      "feeling": "깜짝 놀랐습니다",
      "causalRelationship": null,
      "outcomeResolution": null,
      "prediction": null,
      "plotSummaryInfoCount": 1,
      "plotSummaryInfo": {
        "classification": "의사소통",
        "readAge": "초등_저학년",
        "form": "short-form",
        "plotSummaryText": "다음 날, 잭과 어머니는 마당에 서 있는 커다란 콩나무를 보고 깜짝 놀랐습니다.",
        "textWordEA": 12
      }
    },
    {
      "srcTextID": "101487",
      "srcText": "이튿날, 잭은 젖소를 팔러 시장으로 향했습니다. 얼마쯤 가자, 이상한 할아버지가 말을 걸어 왔습니다. \"얘, 그 젖소를 이 콩과 바꾸자.\"",
      "srcPage": 3,
      "srcSentenceEA": 3,
      "srcWordEA": 20,
      "character": "잭,젖소,할아버지,콩",
      "setting": "시장",
      "action": "향했습니다,말을 걸어 왔습니다,바꾸자",
      "feeling": null,
      "causalRelationship": null,
      "outcomeResolution": null,
      "prediction": null,
      "plotSummaryInfoCount": 1,
      "plotSummaryInfo": {
        "classification": "의사소통",
        "readAge": "초등_저학년",
        "form": "short-form",
        "plotSummaryText": "젖소를 팔러 시장으로 향하던 잭은 젖소와 콩을 바꾸자고 말하는 이상한 할아버지를 만났습니다.",
        "textWordEA": 12
      }
    },
    {
      "srcTextID": "101522",
      "srcText": "잭은 조심스럽게 성으로 다가갔습니다. 성문 앞에 이르자, 안에서 거인 할머니가 나왔습니다. \"할머니, 안녕하세요?\"",
      "srcPage": 9,
      "srcSentenceEA": 3,
      "srcWordEA": 14,
      "character": "잭,거인 할머니",
      "setting": "성,성문 앞",
      "action": "다가갔습니다,이르자,나왔습니다",
      "feeling": null,
      "causalRelationship": null,
      "outcomeResolution": null,
      "prediction": null,
      "plotSummaryInfoCount": 1,
      "plotSummaryInfo": {
        "classification": "의사소통",
        "readAge": "초등_저학년",
        "form": "short-form",
        "plotSummaryText": "잭이 조심스럽게 성문 앞에 이르자, 안에서 거인 할머니가 나왔습니다.",
        "textWordEA": 9
      }
    },
    {
      "srcTextID": "101520",
      "srcText": "\"저는 잭이에요. 저 콩나무를 타고 올라왔어요.\" \"그래? 여기까지 오느라고 배가 고프겠구나. 들어오너라\" 할머니는 잭에게 맛있는 음식을 주었습니다.",
      "srcPage": 10,
      "srcSentenceEA": 5,
      "srcWordEA": 21,
      "character": "잭,콩나무,할머니",
      "setting": null,
      "action": "타고 올라왔어요,들어오너라,음식을 주었습니다",
      "feeling": null,
      "causalRelationship": null,
      "outcomeResolution": null,
      "prediction": null,
      "plotSummaryInfoCount": 1,
      "plotSummaryInfo": {
        "classification": "의사소통",
        "readAge": "초등_저학년",
        "form": "long-form",
        "plotSummaryText": "잭은 콩나무를 타고 올라왔다고 말했고, 할머니는 잭에게 들어오라 말하며 맛있는 음식을 주었습니다.",
        "textWordEA": 12
      }
    },
    {
      "srcTextID": "101535",
      "srcText": "잭이 음식을 먹고 있는데, '쿵, 쿵!' 하는 발소리가 들렸습니다. \"주인님이 오신다. 잭, 어서 저 벽난로 안에 숨어라!\"",
      "srcPage": 11,
      "srcSentenceEA": 5,
      "srcWordEA": 19,
      "character": "잭,주인님,음식",
      "setting": "벽난로 안",
      "action": "먹고 있는데,숨어라",
      "feeling": null,
      "causalRelationship": null,
      "outcomeResolution": null,
      "prediction": null,
      "plotSummaryInfoCount": 1,
      "plotSummaryInfo": {
        "classification": "의사소통",
        "readAge": "초등_저학년",
        "form": "long-form",
        "plotSummaryText": "음식을 먹고 있는데 발소리가 들리자, 잭에게 주인님이 오시니 어서 벽난로 안에 숨으라고 말했습니다.",
        "textWordEA": 13
      }
    },
    {
      "srcTextID": "101536",
      "srcText": "할머니가 말한 주인은 머리에 뿔이 돋친 거인 도깨비였습니다. \"할멈, 나 배고파, 먹을 것을 줘요.\" 도깨비는 할머니가 차려 준 음식을 맛있게 먹었습니다.",
      "srcPage": 12,
      "srcSentenceEA": 3,
      "srcWordEA": 22,
      "character": "할머니,주인,뿔,거인 도깨비,할멈,먹을 것,도깨비,음식",
      "setting": null,
      "action": "말한,줘요,차려 준,먹었습니다",
      "feeling": null,
      "causalRelationship": null,
      "outcomeResolution": null,
      "prediction": null,
      "plotSummaryInfoCount": 1,
      "plotSummaryInfo": {
        "classification": "의사소통",
        "readAge": "초등_저학년",
        "form": "short-form",
        "plotSummaryText": "할머니가 말한 주인은 머리에 뿔이 돋친 거인 도깨비였고, 배가 고팠던 도깨비는 할머니가 차려 준 음식을 맛있게 먹었습니다.",
        "textWordEA": 17
      }
    },
    {
      "srcTextID": "101553",
      "srcText": "'저 금화만 있으며 젖소가 없어도 돼.' 잭은 몰래 금화 자루를 메고 성을 빠져나왔습니다. \"어머니, 이 금화 좀 보세요. 우린 이제 부자예요.\"",
      "srcPage": 14,
      "srcSentenceEA": 4,
      "srcWordEA": 23,
      "character": "금화,젖소,잭,금화 자루,어머니,부자",
      "setting": "성",
      "action": "메고,빠져나왔습니다,보세요",
      "feeling": null,
      "causalRelationship": null,
      "outcomeResolution": null,
      "prediction": null,
      "plotSummaryInfoCount": 1,
      "plotSummaryInfo": {
        "classification": "의사소통",
        "readAge": "초등_저학년",
        "form": "long-form",
        "plotSummaryText": "몰래 금화 자루를 메고 성을 빠져나온 잭은 어머니에게 금화를 보여드리며 이제 부자가 될 거라고 말했습니다.",
        "textWordEA": 15
      }
    },
    {
      "srcTextID": "101555",
      "srcText": "잭은 콩나무를 타고 성에 갔었던 일을 이야기했습니다. 그날부터 잭은 아무 일도 하지 않았습니다. \"남의 것을 가져다 놀며 먹고 사는 건 나쁜 짓이란다.\"",
      "srcPage": 15,
      "srcSentenceEA": 3,
      "srcWordEA": 23,
      "character": "잭,콩나무",
      "setting": "성",
      "action": "타고,갔었던,이야기했습니다,일도 하지 않았습니다,가져다,놀며,먹고,사는",
      "feeling": null,
      "causalRelationship": null,
      "outcomeResolution": null,
      "prediction": null,
      "plotSummaryInfoCount": 1,
      "plotSummaryInfo": {
        "classification": "의사소통",
        "readAge": "초등_저학년",
        "form": "short-form",
        "plotSummaryText": "그날부터 아무 일도 하지 않게 된 잭은 남의 것을 가져다 놀며 먹고 사는 것은 나쁜 짓이라는 소리를 들었습니다.",
        "textWordEA": 18
      }
    },
    {
      "srcTextID": "101554",
      "srcText": "어머니가 걱정했지만, 잭은 들은 체도 하지 않았습니다. \"염려 마세요. 부자인데 뭣 하러 힘든 일을 해요?\"",
      "srcPage": 16,
      "srcSentenceEA": 3,
      "srcWordEA": 16,
      "character": "어머니,잭,부자",
      "setting": null,
      "action": "들은 체도 하지 않았습니다,일을 해요",
      "feeling": "걱정했지만,염려 마세요",
      "causalRelationship": null,
      "outcomeResolution": null,
      "prediction": null,
      "plotSummaryInfoCount": 1,
      "plotSummaryInfo": {
        "classification": "의사소통",
        "readAge": "초등_저학년",
        "form": "short-form",
        "plotSummaryText": "잭은 부자인데 힘든 일을 왜 하냐며 어머니의 걱정을 들은 체도 하지 않았습니다.",
        "textWordEA": 12
      }
    },
    {
      "srcTextID": "101557",
      "srcText": "금화는 얼마 안 되어 다 없어졌습니다. '또 성에 가서 금화를 가져와야지.' 잭은 다시 콩나무를 타고 도깨비 성으로 올라갔습니다.",
      "srcPage": 17,
      "srcSentenceEA": 3,
      "srcWordEA": 19,
      "character": "금화,잭,콩나무",
      "setting": "성,도깨비 성",
      "action": "가져와야지,타고,올라갔습니다",
      "feeling": null,
      "causalRelationship": null,
      "outcomeResolution": null,
      "prediction": null,
      "plotSummaryInfoCount": 1,
      "plotSummaryInfo": {
        "classification": "의사소통",
        "readAge": "초등_저학년",
        "form": "short-form",
        "plotSummaryText": "얼마 안 되어 금화가 다 없어지자, 잭은 금화를 또 가져오려고 콩나무를 타고 도깨비 성으로 올라갔습니다.",
        "textWordEA": 15
      }
    },
    {
      "srcTextID": "101556",
      "srcText": "\"안녕하세요, 할머니? 배가 고파서 또 왔어요.\" 할머니는 맛있는 빵을 주었습니다.",
      "srcPage": 18,
      "srcSentenceEA": 3,
      "srcWordEA": 12,
      "character": "할머니,빵",
      "setting": null,
      "action": "왔어요,주었습니다",
      "feeling": null,
      "causalRelationship": null,
      "outcomeResolution": null,
      "prediction": null,
      "plotSummaryInfoCount": 1,
      "plotSummaryInfo": {
        "classification": "의사소통",
        "readAge": "초등_저학년",
        "form": "short-form",
        "plotSummaryText": "배가 고파서 또 왔다는 말에 할머니는 맛있는 빵을 주었습니다.",
        "textWordEA": 9
      }
    },
    {
      "srcTextID": "103831",
      "srcText": "다시 굶게 된 잭은 콩나무를 타고 도깨비 성으로 갔습니다. 이번에는 할머니와 이야기를 하기도 전에 도깨비가 나타났습니다. 잭은 재빨리 선반에 숨었습니다.",
      "srcPage": 24,
      "srcSentenceEA": 3,
      "srcWordEA": 22,
      "character": "잭,콩나무,할머니,도깨비",
      "setting": "도깨비 성,선반",
      "action": "타고,갔습니다,나타났습니다,숨었습니다",
      "feeling": null,
      "causalRelationship": null,
      "outcomeResolution": null,
      "prediction": null,
      "plotSummaryInfoCount": 1,
      "plotSummaryInfo": {
        "classification": "의사소통",
        "readAge": "초등_저학년",
        "form": "short-form",
        "plotSummaryText": "다시 잭이 콩나무를 타고 도깨비 성으로 갔는데, 이번에는 할머니와 이야기하기도 전에 도깨비가 나타나서 잭은 재빨리 선반에 숨었습니다.",
        "textWordEA": 17
      }
    },
    {
      "srcTextID": "103833",
      "srcText": "'참 신기한 하프로구나. 저건 굉장히 비쌀 거야.' 잭은 그 하프를 가져가기로 마음먹었습니다.",
      "srcPage": 26,
      "srcSentenceEA": 3,
      "srcWordEA": 14,
      "character": "하프,잭",
      "setting": null,
      "action": "가져가기로,마음먹었습니다",
      "feeling": null,
      "causalRelationship": null,
      "outcomeResolution": null,
      "prediction": null,
      "plotSummaryInfoCount": 1,
      "plotSummaryInfo": {
        "classification": "의사소통",
        "readAge": "초등_저학년",
        "form": "short-form",
        "plotSummaryText": "잭은 신기하면서도 비싸 보이는 하프를 가져가기로 마음먹었습니다.",
        "textWordEA": 7
      }
    },
    {
      "srcTextID": "103835",
      "srcText": "잭은 재빨리 도망쳤습니다. \"꼬마야, 꼼짝 마라. 잡으면 가만두지 않을 테다!\" 도깨비는 뒤뚱거리며 잭을 쫓아왔습니다.",
      "srcPage": 29,
      "srcSentenceEA": 4,
      "srcWordEA": 16,
      "character": "잭,꼬마,도깨비",
      "setting": null,
      "action": "도망쳤습니다,잡으면,쫓아왔습니다",
      "feeling": null,
      "causalRelationship": null,
      "outcomeResolution": null,
      "prediction": null,
      "plotSummaryInfoCount": 1,
      "plotSummaryInfo": {
        "classification": "의사소통",
        "readAge": "초등_저학년",
        "form": "long-form",
        "plotSummaryText": "도깨비는 도망치는 잭을 쫓아오며 잡으면 가만두지 않겠다고 말했습니다.",
        "textWordEA": 8
      }
    },
    {
      "srcTextID": "101685",
      "srcText": "콩나무 밑동이 찍히자, 콩나무가 흔들렸습니다. \"누가 콩나무를 흔드는 거야? 그만둬!\" 도깨비가 놀라서 소리쳤습니다.",
      "srcPage": 31,
      "srcSentenceEA": 4,
      "srcWordEA": 15,
      "character": "콩나무 밑동,콩나무,도깨비",
      "setting": null,
      "action": "찍히자,흔들렸습니다,흔드는 거야,그만둬,소리쳤습니다",
      "feeling": "놀라서",
      "causalRelationship": null,
      "outcomeResolution": null,
      "prediction": null,
      "plotSummaryInfoCount": 1,
      "plotSummaryInfo": {
        "classification": "의사소통",
        "readAge": "초등_저학년",
        "form": "long-form",
        "plotSummaryText": "콩나무가 흔들리자, 도깨비는 놀라서 콩나무 흔드는 것을 그만두라고 소리쳤습니다.",
        "textWordEA": 9
      }
    },
    {
      "srcTextID": "101684",
      "srcText": "\"위험해, 그만둬! 나 떨어지겠다!\" 잭은 못 들은 척하고 도끼질을 계속했습니다. 콩나무 밑동이 끊어지자, 도깨비는 땅에 떨어졌습니다.",
      "srcPage": 32,
      "srcSentenceEA": 4,
      "srcWordEA": 19,
      "character": "잭,콩나무 밑동,도깨비",
      "setting": "땅",
      "action": "그만둬,떨어지겠다,도끼질을 계속했습니다,끊어지자,떨어졌습니다",
      "feeling": null,
      "causalRelationship": null,
      "outcomeResolution": null,
      "prediction": null,
      "plotSummaryInfoCount": 1,
      "plotSummaryInfo": {
        "classification": "의사소통",
        "readAge": "초등_저학년",
        "form": "long-form",
        "plotSummaryText": "잭은 도끼질을 계속했고, 콩나무 밑동이 끊어지자, 도깨비는 땅에 떨어졌습니다.",
        "textWordEA": 9
      }
    },
    {
      "srcTextID": "103837",
      "srcText": "\"예, 어머니. 열심히 일할게요.\" 이튿날부터 잭은 밭에 나가 열심히 일했습니다.",
      "srcPage": 34,
      "srcSentenceEA": 3,
      "srcWordEA": 12,
      "character": "어머니,잭",
      "setting": "밭,이틑날",
      "action": "일할게요,밭에 나가,일했습니다",
      "feeling": null,
      "causalRelationship": null,
      "outcomeResolution": null,
      "prediction": null,
      "plotSummaryInfoCount": 1,
      "plotSummaryInfo": {
        "classification": "의사소통",
        "readAge": "초등_저학년",
        "form": "short-form",
        "plotSummaryText": "어머니에게 열심히 일하겠다고 말한 잭은 이튿날부터 밭에 나가 일했습니다.",
        "textWordEA": 9
      }
    },
    {
      "srcTextID": "101687",
      "srcText": "잭의 신기한 하프는 어느덧 공주님에게까지 소문이 퍼졌습니다. 공주님은 하프가 들려주는 음악을 들으러 잭을 찾아왔습니다. \"참 아름다운 하프 연주 소리예요. 내일 또 와도 되겠지요?\"",
      "srcPage": 36,
      "srcSentenceEA": 4,
      "srcWordEA": 25,
      "character": "잭,하프,공주님",
      "setting": null,
      "action": "들으러,찾아왔습니다,와도",
      "feeling": null,
      "causalRelationship": null,
      "outcomeResolution": null,
      "prediction": null,
      "plotSummaryInfoCount": 1,
      "plotSummaryInfo": {
        "classification": "의사소통",
        "readAge": "초등_저학년",
        "form": "long-form",
        "plotSummaryText": "신기한 하프의 소문을 들은 공주님은 아름다운 하프 연주를 들으러 잭을 찾아왔습니다.",
        "textWordEA": 11
      }
    },
    {
      "srcTextID": "101686",
      "srcText": "\"예, 언제든지 오십시오.\" 공주님은 날마다 왔습니다. 하프 소리에 감동한 공주는 잭과 결혼을 했습니다. 잭은 마침내 임금님이 되어 공주님과 행복하게 살았답니다.",
      "srcPage": 37,
      "srcSentenceEA": 4,
      "srcWordEA": 23,
      "character": "공주님,하프,공주,잭,임금님",
      "setting": null,
      "action": "왔습니다,결혼을 했습니다,살았답니다",
      "feeling": "감동한,행복하게",
      "causalRelationship": null,
      "outcomeResolution": null,
      "prediction": null,
      "plotSummaryInfoCount": 1,
      "plotSummaryInfo": {
        "classification": "의사소통",
        "readAge": "초등_저학년",
        "form": "long-form",
        "plotSummaryText": "하프 소리에 감동한 공주님은 날마다 왔고, 잭은 공주님과 결혼하여 임금님이 되어 행복하게 살았답니다.",
        "textWordEA": 13
      }
    },
    {
      "srcTextID": "101688",
      "srcText": "잭과 콩나무. 이야기 속으로 들어가 봐요. 부자가 되는 방법은 여러 가지가 있지만 잭처럼 남의 것을 훔쳐서 부자가 되는 것은 나쁜 방법입니다. 우리나라 속담에 '바늘 도둑이 소도둑 된다.'라는 말도 있듯이 한 번의 도둑질이 두 번이 되고 그러다가 정말 도둑이 되고 마는 것이죠. 잭의 이야기도 마찬가지예요.",
      "srcPage": 38,
      "srcSentenceEA": 7,
      "srcWordEA": 49,
      "character": "잭,콩나무,부자,바늘 도둑,소도둑",
      "setting": null,
      "action": "들어가 봐요,훔쳐서",
      "feeling": null,
      "causalRelationship": null,
      "outcomeResolution": null,
      "prediction": null,
      "plotSummaryInfoCount": 1,
      "plotSummaryInfo": {
        "classification": "의사소통",
        "readAge": "초등_저학년",
        "form": "long-form",
        "plotSummaryText": "잭의 이야기에서는 우리나라 속담 중에 바늘 도둑이 소도둑 된다는 말도 있듯이 남의 것을 훔쳐서 부자가 되는 것은 나쁜 방법이라는 것을 말하고 있습니다.",
        "textWordEA": 22
      }
    },
    {
      "srcTextID": "103828",
      "srcText": "\"이건 또 웬 닭이냐?\" 어머니가 묻자, 잭은 뽐내며 거짓말을 했습니다. \"어머니, 이건 황금 달걀을 낳는 닭이에요. 도깨비가 주었어요.\"",
      "srcPage": 22,
      "srcSentenceEA": 4,
      "srcWordEA": 20,
      "character": "닭,어머니,잭,황금 달걀,도깨비",
      "setting": null,
      "action": "묻자,거짓말을 했습니다,낳는,주었어요",
      "feeling": null,
      "causalRelationship": null,
      "outcomeResolution": null,
      "prediction": null,
      "plotSummaryInfoCount": 1,
      "plotSummaryInfo": {
        "classification": "의사소통",
        "readAge": "초등_저학년",
        "form": "long-form",
        "plotSummaryText": "어머니가 웬 닭이냐고 묻자, 잭은 도깨비가 황금 달걀을 낳는 닭을 줬다고 거짓말을 했습니다.",
        "textWordEA": 13
      }
    },
    {
      "srcTextID": "103832",
      "srcText": "\"뭐, 도둑? 잡아라, 도둑 잡아라!\" 도깨비가 눈을 번쩍 뜨고 외쳤습니다.",
      "srcPage": 28,
      "srcSentenceEA": 3,
      "srcWordEA": 12,
      "character": "도둑,도깨비,눈",
      "setting": null,
      "action": "잡아라,눈을 번쩍 뜨고,외쳤습니다",
      "feeling": null,
      "causalRelationship": null,
      "outcomeResolution": null,
      "prediction": null,
      "plotSummaryInfoCount": 1,
      "plotSummaryInfo": {
        "classification": "의사소통",
        "readAge": "초등_저학년",
        "form": "short-form",
        "plotSummaryText": "도깨비가 눈을 번쩍 뜨고는 도둑 잡으라고 외쳤습니다.",
        "textWordEA": 7
      }
    },
    {
      "srcTextID": "101683",
      "srcText": "잭은 재빠르게 콩나무를 타고 아래로 내려왔습니다. 도깨비도 뒤따라 콩나무에 매달려 내려오고 있었습니다. \"어머니, 얼른 도끼를 가지고 오세요!\" 어머니가 들고 온 도끼로 잭은 콩나무를 찍기 시작했습니다.",
      "srcPage": 30,
      "srcSentenceEA": 4,
      "srcWordEA": 27,
      "character": "잭,콩나무,도깨비,어머니,도끼",
      "setting": null,
      "action": "내려왔습니다,매달려,내려오고 있었습니다,가지고 오세요,들고 온,찍기 시작했습니다",
      "feeling": null,
      "causalRelationship": null,
      "outcomeResolution": null,
      "prediction": null,
      "plotSummaryInfoCount": 1,
      "plotSummaryInfo": {
        "classification": "의사소통",
        "readAge": "초등_저학년",
        "form": "long-form",
        "plotSummaryText": "콩나무 아래로 내려온 잭은 어머니가 들고 온 도끼로 도깨비가 내려오는 콩나무를 찍기 시작했습니다.",
        "textWordEA": 13
      }
    },
    {
      "srcTextID": "103836",
      "srcText": "\"얘야, 엄마는 무서워서 못 살겠다. 앞으로는 열심히 일해서 먹고 살자꾸나.\" 도깨비의 모습을 본 어머니가 부들부들 떨면서 말했습니다.",
      "srcPage": 33,
      "srcSentenceEA": 3,
      "srcWordEA": 19,
      "character": "엄마,도깨비,어머니",
      "setting": null,
      "action": "일해서,먹고 살자꾸나,본,떨면서 말했습니다",
      "feeling": "무서워서",
      "causalRelationship": null,
      "outcomeResolution": null,
      "prediction": null,
      "plotSummaryInfoCount": 1,
      "plotSummaryInfo": {
        "classification": "의사소통",
        "readAge": "초등_저학년",
        "form": "short-form",
        "plotSummaryText": "도깨비를 본 어머니는 무서워서 떨면서, 열심히 일해서 먹고살자고 말했습니다.",
        "textWordEA": 9
      }
    },
    {
      "srcTextID": "103838",
      "srcText": "옆에서는 항상 하프가 아름다운 음악을 들려주고 있었습니다. \"이렇게 아름다운 음악을 들으면서 일을 하다니, 나는 행복한 사람이야.\" 잭은 일이 조금도 힘든 줄을 몰랐습니다.",
      "srcPage": 35,
      "srcSentenceEA": 3,
      "srcWordEA": 23,
      "character": "하프,나,사람,잭",
      "setting": null,
      "action": "음악을 들려주고 있었습니다,들으면서,일을 하다니",
      "feeling": "행복한",
      "causalRelationship": null,
      "outcomeResolution": null,
      "prediction": null,
      "plotSummaryInfoCount": 1,
      "plotSummaryInfo": {
        "classification": "의사소통",
        "readAge": "초등_저학년",
        "form": "short-form",
        "plotSummaryText": "옆에서 하프가 들려주는 아름다운 음악을 들으면서 일을 하니, 잭은 조금도 힘든지 몰랐습니다.",
        "textWordEA": 12
      }
    },
    {
      "srcTextID": "101486",
      "srcText": "\"아주 신기한 콩이야.\" 좋은 일이 있을 것이라는 말에 잭은 젖소를 콩과 바꾸었습니다. 집으로 돌아온 잭은 어머니에게 말했습니다.",
      "srcPage": 4,
      "srcSentenceEA": 3,
      "srcWordEA": 19,
      "character": "콩,잭,젖소,어머니",
      "setting": "집",
      "action": "바꾸었습니다,돌아온,말했습니다",
      "feeling": null,
      "causalRelationship": null,
      "outcomeResolution": null,
      "prediction": null,
      "plotSummaryInfoCount": 1,
      "plotSummaryInfo": {
        "classification": "의사소통",
        "readAge": "초등_저학년",
        "form": "short-form",
        "plotSummaryText": "좋은 일이 있을 거라는 말에 잭은 젖소를 콩과 바꾸었고, 집으로 돌아와 어머니에게 신기한 콩에 대해 말했습니다.",
        "textWordEA": 16
      }
    }
  ]
}