{
  "title": "벌거숭이 임금님",
  "author": "고선미",
  "illustrator": "박나래",
  "isbn": "9788968731709",
  "publishedYear": 2013,
  "publisher": "키움북스",
  "paragraphInfoCount": 17,
  "paragraphInfo": [
    {
      "srcTextID": "133513",
      "srcText": "그러던 어느 날, 두 명의 옷 만드는 기술자가 찾아와서 임금님께 말했어. \"임금님, 저희는 세상에서 단 한 벌뿐인 옷을 만듭니다. 똑똑한 사람의 눈에는 보이지만, 바보의 눈에는 보이지 않지요.\" 임금님은 옷 만드는 기술자의 이야기에 눈이 번쩍 뜨였어.",
      "srcPage": 2,
      "srcSentenceEA": 4,
      "srcWordEA": 37,
      "character": "기술자,임금님,사람,바보,옷",
      "setting": "어느 날,세상",
      "action": "찾아와서,말했어,만듭니다",
      "feeling": null,
      "causalRelationship": null,
      "outcomeResolution": null,
      "prediction": null,
      "plotSummaryInfoCount": 1,
      "plotSummaryInfo": {
        "classification": "의사소통",
        "readAge": "초등_저학년",
        "form": "long-form",
        "plotSummaryText": " 어느 날, 두 명의 옷 만드는 기술자가 찾아와서 똑똑한 사람의 눈에는 보이지만, 바보의 눈에는 보이지 않는 세상에서 단 한 벌뿐인 옷을 만든다고 하는 말에 임금님의 눈이 번쩍 뜨였습니다.",
        "textWordEA": 28
      }
    },
    {
      "srcTextID": "133512",
      "srcText": "옛날 어느 나라에 멋 부리기를 좋아하는 임금님이 살았어. 아침에도 점심에도 저녁에도 모두 다른 옷을 입었지. 특히 새 옷이라면 자다가도 벌떡 일어나 구경을 하고는 입어 볼 정도였어.",
      "srcPage": 1,
      "srcSentenceEA": 3,
      "srcWordEA": 28,
      "character": "임금님,옷,다른 옷",
      "setting": "옛날,아침,점심,저녁,어느 나라",
      "action": "옷을 입었지,벌떡 일어나,구경을 하고",
      "feeling": "좋아하는",
      "causalRelationship": null,
      "outcomeResolution": null,
      "prediction": null,
      "plotSummaryInfoCount": 1,
      "plotSummaryInfo": {
        "classification": "의사소통",
        "readAge": "초등_저학년",
        "form": "short-form",
        "plotSummaryText": "옛날 어느 나라에 아침과 점심과 저녁에 모두 다른 옷을 입고, 특히 새 옷이라면 자다 가도 벌떡 일어나 구경을 하고는 입어 볼 정도로 멋 부리기를 좋아하는 임금님이 살았습니다.",
        "textWordEA": 27
      }
    },
    {
      "srcTextID": "133515",
      "srcText": "\"좋아, 너희에게 옷을 만들 수 있는 방을 주겠다. 옷을 만드는데 드는 돈도 얼마든지 주겠노라.\" 그날부터 두 사람은 성에 머물며 딸깍딸깍 요란하게 옷을 만드는 척했지. 베틀에 앉아 옷을 짜는 흉내를 내면서 매일 재료를 살 금화를 달라고 했어.",
      "srcPage": 3,
      "srcSentenceEA": 4,
      "srcWordEA": 39,
      "character": "사람,돈,옷,베틀,금화",
      "setting": "방,성,매일",
      "action": "주겠다,주겠노라,옷을 만드는 척했지,베틀에 앉아,달라고 했어",
      "feeling": "좋아",
      "causalRelationship": null,
      "outcomeResolution": null,
      "prediction": null,
      "plotSummaryInfoCount": 1,
      "plotSummaryInfo": {
        "classification": "의사소통",
        "readAge": "초등_저학년",
        "form": "long-form",
        "plotSummaryText": "너희에게 옷을 만들 수 있는 방을 주고, 옷을 만드는데 드는 돈도 얼마든지 주겠다는 말에 그날부터 두 사람은 성에 머물며 베틀에 앉아 옷을 만드는 척하며 매일 재료를 살 금화를 달라고 했습니다.",
        "textWordEA": 30
      }
    },
    {
      "srcTextID": "133522",
      "srcText": "며칠이 지나자, 임금님은 직접 옷을 확인하기로 했어. 하지만 옷이 눈에 보이지 않을까 봐, 살금살금 다가가서 옷 만드는 방을 살폈지. 그런데 이게 웬일이야! 임금님의 눈에도 옷이 보이지 않는 거야.",
      "srcPage": 8,
      "srcSentenceEA": 4,
      "srcWordEA": 31,
      "character": "임금님",
      "setting": "며칠,방",
      "action": "다가가서,살폈지,확인하기로 했어",
      "feeling": null,
      "causalRelationship": null,
      "outcomeResolution": null,
      "prediction": "그런데 이게 웬일이야! 임금님의 눈에도 옷이 보이지 않는 거야.",
      "plotSummaryInfoCount": 1,
      "plotSummaryInfo": {
        "classification": "의사소통",
        "readAge": "초등_저학년",
        "form": "long-form",
        "plotSummaryText": "며칠이 지나자, 옷이 눈에 보이지 않을까 봐 직접 옷을 확인하려고 살금살금 다가가서 옷 만드는 방을 살펴본 임금님의 눈에 옷이 보이지 않았습니다.",
        "textWordEA": 21
      }
    },
    {
      "srcTextID": "133521",
      "srcText": "'이거 큰일이군. 내가 바보인가? 그렇다면 나는 바보 임금이군!'",
      "srcPage": 9,
      "srcSentenceEA": 3,
      "srcWordEA": 10,
      "character": "바보,임금,나",
      "setting": null,
      "action": null,
      "feeling": "큰일이군",
      "causalRelationship": null,
      "outcomeResolution": null,
      "prediction": null,
      "plotSummaryInfoCount": 1,
      "plotSummaryInfo": {
        "classification": "의사소통",
        "readAge": "초등_저학년",
        "form": "short-form",
        "plotSummaryText": "나는 바보 임금인데, 그렇다면 큰일이라 생각했습니다.",
        "textWordEA": 6
      }
    },
    {
      "srcTextID": "133517",
      "srcText": "며칠이 지나자 임금님은 옷이 얼마나 만들어졌는지 궁금했어. 그래서 임금님은 가장 똑똑한 신하에게 말했지. \"가서 옷이 얼마나 완성되었는지 냉큼 확인하고 오거라.\"",
      "srcPage": 4,
      "srcSentenceEA": 3,
      "srcWordEA": 21,
      "character": "임금님,신하,옷",
      "setting": "며칠",
      "action": "말했지,확인하고 오거라",
      "feeling": null,
      "causalRelationship": null,
      "outcomeResolution": null,
      "prediction": null,
      "plotSummaryInfoCount": 1,
      "plotSummaryInfo": {
        "classification": "의사소통",
        "readAge": "초등_저학년",
        "form": "short-form",
        "plotSummaryText": "며칠이 지나 옷이 얼마나 만들어졌는지 궁금했던 임금님이 가서 옷이 얼마나 완성되었는지 확인하고 오라고 가장 똑똑한 신하에게 말했습니다.",
        "textWordEA": 17
      }
    },
    {
      "srcTextID": "133518",
      "srcText": "하지만 신하의 눈에 옷은 보이지 않았어. '이런, 내가 바보란 말인가. 사실대로 말하면 나는 놀림을 받을 거야.' 신하는 망신을 당할까 봐 옷 만드는 기술자에게 거짓으로 말했어. \"훌륭해. 세상에서 가장 멋진 옷이군.\"",
      "srcPage": 5,
      "srcSentenceEA": 5,
      "srcWordEA": 33,
      "character": "바보,신하,기술자,옷",
      "setting": "세상",
      "action": "말했어,망신을 당할까봐,보이지 않았어",
      "feeling": null,
      "causalRelationship": null,
      "outcomeResolution": null,
      "prediction": null,
      "plotSummaryInfoCount": 1,
      "plotSummaryInfo": {
        "classification": "의사소통",
        "readAge": "초등_저학년",
        "form": "long-form",
        "plotSummaryText": "옷이 보이지 않았던 신하는 바보라고 놀림을 받고 망신을 당할까 봐 옷 만드는 기술자에게 세상에서 가장 멋진 옷이라고 거짓으로 말했습니다.",
        "textWordEA": 19
      }
    },
    {
      "srcTextID": "133520",
      "srcText": "옷 만드는 기술자를 만나고 온 신하의 말에 임금님은 만족스러웠어. 그래서 옷을 만들 금화를 듬뿍 주었지. 두 기술자가 신기한 옷을 만든다는 소문은 온 나라에 쫙 퍼졌어.",
      "srcPage": 6,
      "srcSentenceEA": 3,
      "srcWordEA": 27,
      "character": "기술자,신하,임금님,옷,금화",
      "setting": "나라",
      "action": "만나고,주었지,옷을 만든다",
      "feeling": "만족스러웠어",
      "causalRelationship": null,
      "outcomeResolution": null,
      "prediction": null,
      "plotSummaryInfoCount": 1,
      "plotSummaryInfo": {
        "classification": "의사소통",
        "readAge": "초등_저학년",
        "form": "short-form",
        "plotSummaryText": "옷 만드는 기술자를 만나고 온 신하의 말에 만족스러웠던 임금님은 옷을 만들 금화를 듬뿍 주었고, 신기한 옷을 만든다는 소문은 온 나라에 쫙 퍼졌습니다.",
        "textWordEA": 22
      }
    },
    {
      "srcTextID": "133519",
      "srcText": "\"바보의 눈에는 보이지 않는다는데 정말일까?\" \"옷이 완성되면 임금님이 행차를 한대. 그때 보면 되겠지.\" 사람들도 신기한 옷이 완성되기를 기다렸어.",
      "srcPage": 7,
      "srcSentenceEA": 4,
      "srcWordEA": 20,
      "character": "바보,임금님,사람,옷",
      "setting": null,
      "action": "행차를 한대,보면 되겠지,기다렸어",
      "feeling": null,
      "causalRelationship": null,
      "outcomeResolution": null,
      "prediction": null,
      "plotSummaryInfoCount": 1,
      "plotSummaryInfo": {
        "classification": "의사소통",
        "readAge": "초등_저학년",
        "form": "long-form",
        "plotSummaryText": "바보의 눈에는 보이지 않는다는 게  정말일지 궁금했던 사람들은 임금님이 행차를 할 때 보면 되겠다며 신기한 옷이 완성되기를 기다렸습니다.",
        "textWordEA": 19
      }
    },
    {
      "srcTextID": "133524",
      "srcText": "임금님은 옷이 안 보인다고 말하면 망신을 당할까 봐 두 사람에게 훈장까지 주며 칭찬을 했어. 하지만 사실 두 사람은 임금님을 속이고 있는 사기꾼이었어. 두 사람은 배꼽이 빠지게 웃었어.",
      "srcPage": 10,
      "srcSentenceEA": 3,
      "srcWordEA": 29,
      "character": "임금님,사람,훈장,사기꾼,옷",
      "setting": null,
      "action": "훈장까지 주며,웃었어,칭찬을 했어",
      "feeling": null,
      "causalRelationship": null,
      "outcomeResolution": null,
      "prediction": null,
      "plotSummaryInfoCount": 1,
      "plotSummaryInfo": {
        "classification": "의사소통",
        "readAge": "초등_저학년",
        "form": "short-form",
        "plotSummaryText": "옷이 안 보인다고 말하면 망신을 당할까 봐 훈장까지 주며, 칭찬을 한 임금님을 속이고 있는 사기꾼인 두 사람은 배꼽이 빠지게 웃었습니다.",
        "textWordEA": 20
      }
    },
    {
      "srcTextID": "133525",
      "srcText": "\"이 옷은 공기처럼 가벼워서 입은 느낌이 전혀 나지 않으실 겁니다.\" 신하들도 눈에 보이지 않았지만, 사람들이 바보라고 생각할까 봐 한마디씩 했어. \"임금님, 정말 훌륭한 옷입니다.\"",
      "srcPage": 13,
      "srcSentenceEA": 3,
      "srcWordEA": 25,
      "character": "신하,사람,바보,임금님,옷",
      "setting": null,
      "action": "한마디씩 했어,보이지 않았지만",
      "feeling": null,
      "causalRelationship": null,
      "outcomeResolution": null,
      "prediction": null,
      "plotSummaryInfoCount": 1,
      "plotSummaryInfo": {
        "classification": "의사소통",
        "readAge": "초등_저학년",
        "form": "short-form",
        "plotSummaryText": "이 옷은 공기처럼 가벼워서 입은 느낌이 전혀 나지 않으실 거라는 말에 옷이 눈에 보이지 않았던 신하들도 사람들이 바보라고 생각할까 봐 정말 훌륭한 옷이라고 한마디씩 했습니다.",
        "textWordEA": 25
      }
    },
    {
      "srcTextID": "133523",
      "srcText": "그리고 누군가 볼 때만 일하는 척하고, 밤에는 펑펑 놀기만 했지. \"임금님은 정말 멍청해! 만들지도 않은 옷이 어떻게 보인단 말이야? 행차 날 옷을 드리고 우리는 이 금화를 가지고 도망치면 되는 거야!\"",
      "srcPage": 11,
      "srcSentenceEA": 4,
      "srcWordEA": 32,
      "character": "임금님,옷,금화",
      "setting": "밤,행차 날",
      "action": "놀기만 했지,옷을 드리고,도망치면 되는 거야",
      "feeling": null,
      "causalRelationship": null,
      "outcomeResolution": null,
      "prediction": null,
      "plotSummaryInfoCount": 1,
      "plotSummaryInfo": {
        "classification": "의사소통",
        "readAge": "초등_저학년",
        "form": "long-form",
        "plotSummaryText": "누군가 볼 때만 일하는 척하고, 밤에는 펑펑 놀기만 하며 만들지도 않은 옷을 보인다고 말하는 정말 멍청한 임금님의 행차 날 옷을 드리고 금화를 가지고 도망치면 된다고 말했습니다.",
        "textWordEA": 26
      }
    },
    {
      "srcTextID": "133528",
      "srcText": "드디어 임금님이 새 옷을 입고 거리 행차를 나갔어. 사람들도 임금님의 새 옷을 보기 위해 거리로 쏟아져 나왔지. 하지만 사람들의 눈에 옷이 보일 리 없었어.",
      "srcPage": 14,
      "srcSentenceEA": 3,
      "srcWordEA": 26,
      "character": "사람,임금님,새 옷,눈",
      "setting": "거리",
      "action": "옷을 입고,나갔어,보기 위해,쏟아져 나왔지",
      "feeling": null,
      "causalRelationship": null,
      "outcomeResolution": null,
      "prediction": null,
      "plotSummaryInfoCount": 1,
      "plotSummaryInfo": {
        "classification": "의사소통",
        "readAge": "초등_저학년",
        "form": "short-form",
        "plotSummaryText": "임금님이 거리 행차를 나가며 입은 새 옷을 보기 위해 거리로 쏟아져 나온 사람들의 눈에 옷이 보일 리 없었습니다.",
        "textWordEA": 18
      }
    },
    {
      "srcTextID": "133526",
      "srcText": "드디어 행차 날이 되었어. 두 사람은 임금님께  옷을 입혀 드리는 척을 했어. 임금님도 옷을 입는 척하고는 거울 앞에서 폼을 잡았지.",
      "srcPage": 12,
      "srcSentenceEA": 3,
      "srcWordEA": 23,
      "character": "사람,임금님,옷,거울",
      "setting": "행차 날",
      "action": "옷을 입혀 드리는 척을 했어,옷을 입는 척하고는,폼을 잡았지",
      "feeling": null,
      "causalRelationship": null,
      "outcomeResolution": null,
      "prediction": null,
      "plotSummaryInfoCount": 1,
      "plotSummaryInfo": {
        "classification": "의사소통",
        "readAge": "초등_저학년",
        "form": "short-form",
        "plotSummaryText": "드디어 행차 날이 되어 두 사람이 옷을 입혀 드리는 척을 하자, 임금님도 옷을 입는 척하며 폼을 잡았습니다.",
        "textWordEA": 17
      }
    },
    {
      "srcTextID": "133527",
      "srcText": "'아이고, 내 눈에는 옷이 안 보이네. 내가 바보인가 봐.' 그렇지만 사람들은 모두 임금님의 옷을 칭찬했어. \"저 화려한 수를 봐요.\" \"정말 멋진 옷이야.\"",
      "srcPage": 15,
      "srcSentenceEA": 5,
      "srcWordEA": 24,
      "character": "바보,사람,임금님,옷",
      "setting": null,
      "action": "보이네,봐요,칭찬했어",
      "feeling": null,
      "causalRelationship": null,
      "outcomeResolution": null,
      "prediction": null,
      "plotSummaryInfoCount": 1,
      "plotSummaryInfo": {
        "classification": "의사소통",
        "readAge": "초등_저학년",
        "form": "long-form",
        "plotSummaryText": "눈에는 옷이 안 보인 사람들은 내가 바보인가 봐라고 속으로 생각만 하고는, 모두 임금님의 옷이 멋지다며 칭찬했습니다.",
        "textWordEA": 16
      }
    },
    {
      "srcTextID": "133529",
      "srcText": "임금님은 사람들의 말에 우쭐대며 계속 행차를 했어. 그때 한 소녀가 깔깔 웃으며 말했어. \"하하하, 임금님은 아무것도 입지 않으셨어! 벌거숭이 임금님이잖아.\" 그제야 사람들은 참았던 웃음을 터트리며 웃었어. \"정말이야! 임금님은 벌거벗었어!\"",
      "srcPage": 16,
      "srcSentenceEA": 6,
      "srcWordEA": 33,
      "character": "임금님,사람,소녀,벌거숭이",
      "setting": null,
      "action": "행차를 했어,웃으며,말했어,웃음을 터트리며",
      "feeling": null,
      "causalRelationship": null,
      "outcomeResolution": null,
      "prediction": null,
      "plotSummaryInfoCount": 1,
      "plotSummaryInfo": {
        "classification": "의사소통",
        "readAge": "초등_저학년",
        "form": "long-form",
        "plotSummaryText": "사람들의 말에 우쭐대며 계속 행차를 하던 임금님을 본 한 소녀가 깔깔 웃으며 임금님이 아무것도 입지 않아  벌거숭이 임금님이라고 말하자 그제서야 사람들이 참았던 웃음을 터트렸습니다.",
        "textWordEA": 25
      }
    },
    {
      "srcTextID": "133530",
      "srcText": "임금님은 그제야 자신이 두 사람에게 속은 것을 알았어. 하지만 이들은 벌써 금화를 챙겨 멀리 도망친 뒤였지. 임금님은 너무 부끄러워서 고개를 들 수가 없었단다.",
      "srcPage": 17,
      "srcSentenceEA": 3,
      "srcWordEA": 25,
      "character": "임금님,사람,금화,자신",
      "setting": null,
      "action": "도망친 뒤,고개를 들 수가",
      "feeling": "부끄러워서",
      "causalRelationship": null,
      "outcomeResolution": null,
      "prediction": null,
      "plotSummaryInfoCount": 1,
      "plotSummaryInfo": {
        "classification": "의사소통",
        "readAge": "초등_저학년",
        "form": "short-form",
        "plotSummaryText": "그제야 자신이 두 사람에게 속은 것을 알게 된 임금님은 너무 부끄러워서 고개를 들 수가 없었지만, 이들이 벌써 금화를 챙겨 멀리 도망친 뒤였습니다.",
        "textWordEA": 22
      }
    }
  ]
}