{
  "title": "빨간 모자",
  "author": "그림형제",
  "illustrator": "오승민",
  "isbn": "9791128210570",
  "publishedYear": 2018,
  "publisher": "아람북스",
  "paragraphInfoCount": 17,
  "paragraphInfo": [
    {
      "srcTextID": "18673",
      "srcText": "나는, 나는 빨간 모자. 할머니가 만들어 준 빨간 모자가 나는 정말 좋아. 나는 언제나 빨간 모자만 쓰고 다니지. 어때? 정말 잘 어울리지? 그래서 사람들은 나를 이렇게 불러. “빨간 모자야!”",
      "srcPage": 1,
      "srcSentenceEA": 7,
      "srcWordEA": 34,
      "character": "빨간 모자,할머니,사람들",
      "setting": "언제나",
      "action": "만들어 준,쓰고 다니지,불러",
      "feeling": "정말 좋아",
      "causalRelationship": null,
      "outcomeResolution": "그래서 사람들은 나를 이렇게 불러.",
      "prediction": null,
      "plotSummaryInfoCount": 1,
      "plotSummaryInfo": {
        "classification": "의사소통",
        "readAge": "초등_저학년",
        "form": "long-form",
        "plotSummaryText": "할머니가 만들어 준 빨간 모자가 좋아 언제나 빨간 모자만 쓰고 다녀서 사람들은 빨간 모자라고 부릅니다.",
        "textWordEA": 15
      }
    },
    {
      "srcTextID": "18676",
      "srcText": "내가 숲길에 막 들어섰을 때였어. “빨간 모자야, 안녕? 어디 가니?” 부드러운 목소리가 들려 돌아보니 늑대가 서 있는 거야. 늑대라면 무서워야 하는데, 이 늑대는 착하고 친절해 보였어.",
      "srcPage": 3,
      "srcSentenceEA": 5,
      "srcWordEA": 29,
      "character": "내,빨간 모자,늑대",
      "setting": "숲길",
      "action": "들어섰을,들려,돌아보니,서 있는",
      "feeling": "부드러운,무서워야,착하고 친절해",
      "causalRelationship": null,
      "outcomeResolution": null,
      "prediction": "늑대라면 무서워야 하는데, 이 늑대는 착하고 친절해 보였어.",
      "plotSummaryInfoCount": 1,
      "plotSummaryInfo": {
        "classification": "의사소통",
        "readAge": "초등_저학년",
        "form": "long-form",
        "plotSummaryText": "숲길을 들어서는데 빨간 모자에게 착하고 친절해 보이는 늑대가 부드러운 목소리로 어디 가냐며 물었습니다.",
        "textWordEA": 13
      }
    },
    {
      "srcTextID": "18675",
      "srcText": "“으응, 할머니 집에 가는 길이야.” “할머니 집이 어딘데?” “저기, 저 숲길 끝에 있어.”",
      "srcPage": 4,
      "srcSentenceEA": 3,
      "srcWordEA": 13,
      "character": "할머니,길",
      "setting": "할머니 집,숲길 끝",
      "action": "가는",
      "feeling": null,
      "causalRelationship": null,
      "outcomeResolution": null,
      "prediction": null,
      "plotSummaryInfoCount": 1,
      "plotSummaryInfo": {
        "classification": "의사소통",
        "readAge": "초등_저학년",
        "form": "short-form",
        "plotSummaryText": "늑대에게 할머니 집에 가는 길이라고 말했고 할머니 집이 어디냐는 말에 숲길 끝에 있다고 말했습니다.",
        "textWordEA": 14
      }
    },
    {
      "srcTextID": "18677",
      "srcText": "우리는 사이좋게 숲길을 걸었어. 늑대는 멋진 신사 같았어. 시끄럽게 떠벌리지도 않고 무척 다정하게 굴었지. 누가 봐도 그렇게 생각했을 거야.",
      "srcPage": 5,
      "srcSentenceEA": 4,
      "srcWordEA": 22,
      "character": "우리,늑대,신사",
      "setting": "숲길",
      "action": "걸었어,굴었지",
      "feeling": "시끄럽게,다정하게,멋진",
      "causalRelationship": null,
      "outcomeResolution": "누가 봐도 그렇게 생각했을 거야.",
      "prediction": null,
      "plotSummaryInfoCount": 1,
      "plotSummaryInfo": {
        "classification": "의사소통",
        "readAge": "초등_저학년",
        "form": "long-form",
        "plotSummaryText": "늑대는 멋진 신사처럼 시끄럽지도 않고 다정하게 굴었고 우리는 사이좋게 숲길을 걸었습니다.",
        "textWordEA": 11
      }
    },
    {
      "srcTextID": "18679",
      "srcText": "얼마쯤 걷다가 늑대가 말했어. “저기 좀 봐. 예쁜 꽃이 많이도 피었구나. 꽃을 꺾어다 드리면 할머니가 좋아하실 거야.”",
      "srcPage": 6,
      "srcSentenceEA": 4,
      "srcWordEA": 19,
      "character": "늑대,꽃,할머니",
      "setting": "얼마쯤,저기",
      "action": "걷다가,말했어,피었구나,꺾어다,드리면",
      "feeling": "좋아하실,예쁜",
      "causalRelationship": null,
      "outcomeResolution": null,
      "prediction": "꽃을 꺾어다 드리면 할머니가 좋아하실 거야.",
      "plotSummaryInfoCount": 1,
      "plotSummaryInfo": {
        "classification": "의사소통",
        "readAge": "초등_저학년",
        "form": "long-form",
        "plotSummaryText": "얼마쯤 걷다 늑대는 예쁜 꽃이 많이 피었다며 할머니께 꽃을 꺾어다 드리면 좋아하실 거라 말했습니다.",
        "textWordEA": 14
      }
    },
    {
      "srcTextID": "18678",
      "srcText": "“아, 그게 좋겠다. 너는 정말 친절하구나!” 나는 할머니께 드릴 꽃다발을 만들기로 했어. 한 송이를 꺾으면, 더 예쁜 꽃이 보이고, 더 예쁜 꽃이. 정말 시간 가는 줄 몰랐지. 와, 여기도 예쁜 꽃, 저기도 예쁜 꽃!",
      "srcPage": 7,
      "srcSentenceEA": 6,
      "srcWordEA": 39,
      "character": "할머니,꽃다발,한 송이,꽃",
      "setting": null,
      "action": "드릴,만들기로,꺾으면,보이고",
      "feeling": "좋겠다,친절하구나,예쁜",
      "causalRelationship": null,
      "outcomeResolution": null,
      "prediction": null,
      "plotSummaryInfoCount": 1,
      "plotSummaryInfo": {
        "classification": "의사소통",
        "readAge": "초등_저학년",
        "form": "long-form",
        "plotSummaryText": "친절한 늑대의 말에 꽃을 꺾어 할머니에게 드릴 꽃다발을 만들기로 했습니다.",
        "textWordEA": 10
      }
    },
    {
      "srcTextID": "18680",
      "srcText": "나는 그런 줄도 모르고 신이 나서 할머니 집으로 갔어. 그런데 할머니 집 대문이 활짝 열려 있었어. ‘기분이 좀 으스스한걸.’ “할머니, 할머니! 저예요, 빨간 모자예요.” 안에서는 아무 소리도 나지 않았어. 나는 조심스럽게 집 안으로 들어갔어.",
      "srcPage": 8,
      "srcSentenceEA": 7,
      "srcWordEA": 39,
      "character": "대문,할머니,빨간 모자",
      "setting": "할머니 집,집 안",
      "action": "갔어,들어갔어,열려",
      "feeling": "신이 나서,으스스한걸",
      "causalRelationship": null,
      "outcomeResolution": null,
      "prediction": "나는 조심스럽게 집 안으로 들어갔어.",
      "plotSummaryInfoCount": 1,
      "plotSummaryInfo": {
        "classification": "의사소통",
        "readAge": "초등_저학년",
        "form": "long-form",
        "plotSummaryText": "신이 난 채 할머니 집으로 갔는데 할머니 집 대문은 열려있었고, 할머니를 불렀지만 안에서는 아무 소리도 나지 않았고 조심스럽게 집 안으로 들어갔습니다.",
        "textWordEA": 21
      }
    },
    {
      "srcTextID": "18683",
      "srcText": "방 안은 커튼이 쳐져 아주 컴컴했어. “할머니, 어디 계세요?” “침대에 누워 있단다.” 그런데 할머니 모습이 어딘가 좀 이상했어.",
      "srcPage": 9,
      "srcSentenceEA": 4,
      "srcWordEA": 19,
      "character": "커튼,할머니",
      "setting": "방 안,침대에",
      "action": "쳐져,누워 있단다",
      "feeling": "이상했어",
      "causalRelationship": null,
      "outcomeResolution": null,
      "prediction": "그런데 할머니 모습이 어딘가 좀 이상했어.",
      "plotSummaryInfoCount": 1,
      "plotSummaryInfo": {
        "classification": "의사소통",
        "readAge": "초등_저학년",
        "form": "long-form",
        "plotSummaryText": "방 안은 커튼이 쳐져 어두웠고 침대에 할머니가 누워계셨지만 할머니 모습이 어딘가 좀 이상했습니다.",
        "textWordEA": 13
      }
    },
    {
      "srcTextID": "18681",
      "srcText": " “할머니, 귀가 왜 이렇게 커요?” “그래야 네 말을 더 잘 들을 수 있지.” “할머니, 눈은 왜 이렇게 커요?” “그래야 너를 더 잘 볼 수 있지.”",
      "srcPage": 10,
      "srcSentenceEA": 4,
      "srcWordEA": 25,
      "character": "할머니,귀,눈",
      "setting": null,
      "action": "볼,들을",
      "feeling": null,
      "causalRelationship": null,
      "outcomeResolution": null,
      "prediction": null,
      "plotSummaryInfoCount": 1,
      "plotSummaryInfo": {
        "classification": "의사소통",
        "readAge": "초등_저학년",
        "form": "long-form",
        "plotSummaryText": "할머니의 귀와 눈이 너무 커서 물었고, 할머니는 잘 듣고 잘 보려고 크다고 말했습니다.",
        "textWordEA": 13
      }
    },
    {
      "srcTextID": "18682",
      "srcText": "“할머니, 손은 왜 이렇게 커요?” “그래야 너를 더 잘 잡을 수 있지 않겠니.” 늑대는 벌떡 일어나 나를 꿀꺽 삼켜 버렸어. 할머니, 입은 왜 이렇게 커요? 그래야 너를 더 잘 잡아먹지, 앙!",
      "srcPage": 11,
      "srcSentenceEA": 5,
      "srcWordEA": 34,
      "character": "할머니,손,늑대,입",
      "setting": null,
      "action": "커요,잡을,일어나,삼켜 버렸어,잡아먹지",
      "feeling": null,
      "causalRelationship": "할머니, 입은 왜 이렇게 커요? 그래야 너를 더 잘 잡아먹지, 앙!",
      "outcomeResolution": null,
      "prediction": null,
      "plotSummaryInfoCount": 1,
      "plotSummaryInfo": {
        "classification": "의사소통",
        "readAge": "초등_저학년",
        "form": "long-form",
        "plotSummaryText": "손과 입이 왜 이렇게 큰지 물었고, 늑대는 잘 잡고 잘 잡아먹으려고 크다며 벌떡 일어나 소녀를 삼켰습니다.",
        "textWordEA": 16
      }
    },
    {
      "srcTextID": "18684",
      "srcText": "늑대는 침대 위에 도로 누웠어. 배가 부르니 잠이 솔솔 왔겠지. 눕자마자 코를 드르렁드르렁 고는데 어찌나 시끄럽던지. 그때 사냥꾼이 집 앞을 지나간 거야.",
      "srcPage": 12,
      "srcSentenceEA": 4,
      "srcWordEA": 25,
      "character": "늑대,배,코,사냥꾼,잠",
      "setting": "침대 위,집 앞",
      "action": "누웠어,부르니,고는데,지나간",
      "feeling": "시끄럽던지",
      "causalRelationship": null,
      "outcomeResolution": null,
      "prediction": null,
      "plotSummaryInfoCount": 1,
      "plotSummaryInfo": {
        "classification": "의사소통",
        "readAge": "초등_저학년",
        "form": "long-form",
        "plotSummaryText": "배가 부른 늑대가 침대 위에 누워 코를 골며 잠이 들었고, 그때 사냥꾼이 집 앞을 지나갔습니다.",
        "textWordEA": 15
      }
    },
    {
      "srcTextID": "18685",
      "srcText": "‘이상하다. 할머니가 어디 편찮으신가? 들어가 봐야겠군.’ “할머니! 안에 계세요?” ‘아니, 저 못된 늑대가? 드디어 너를 잡는구나.’",
      "srcPage": 13,
      "srcSentenceEA": 5,
      "srcWordEA": 21,
      "character": "할머니,못된 늑대,너",
      "setting": "안",
      "action": "편찮으신가,들어가 봐야겠군,잡는구나",
      "feeling": "이상하다",
      "causalRelationship": null,
      "outcomeResolution": null,
      "prediction": null,
      "plotSummaryInfoCount": 1,
      "plotSummaryInfo": {
        "classification": "의사소통",
        "readAge": "초등_저학년",
        "form": "long-form",
        "plotSummaryText": "이상한 느낌에 할머니가 편찮으신지 들어가 보았고, 늑대를 보고 드디어 잡겠다고 생각했습니다.",
        "textWordEA": 11
      }
    },
    {
      "srcTextID": "18686",
      "srcText": "‘혹시, 할머니가 이 안에 계신다면?’ “우리 여기 있어요! 꺼내 주세요!” “옳지, 여기 가위가 있군.” 싹둑싹둑. 사냥꾼은 늑대의 배를 자르기 시작했어.",
      "srcPage": 14,
      "srcSentenceEA": 6,
      "srcWordEA": 23,
      "character": "할머니,우리,가위,사냥꾼,늑대,배",
      "setting": "이 안,여기",
      "action": "계시다면,꺼내 주세요,자르기 시작했어",
      "feeling": null,
      "causalRelationship": null,
      "outcomeResolution": "사냥꾼은 늑대의 배를 자르기 시작했어.",
      "prediction": null,
      "plotSummaryInfoCount": 1,
      "plotSummaryInfo": {
        "classification": "의사소통",
        "readAge": "초등_저학년",
        "form": "long-form",
        "plotSummaryText": "할머니를 찾고 있는데 어디선가 꺼내달라는 말 소리가 들렸고, 사냥꾼은 가위로 늑대의 배를 잘랐습니다.",
        "textWordEA": 13
      }
    },
    {
      "srcTextID": "18687",
      "srcText": "“우아, 숨 막혀 죽을 뻔했어요.” “어휴, 고마워요. 얼마나 무서웠던지, 원.” 늑대 배 속이 얼마나 깜깜하고 냄새나는지 안 들어가 본 사람은 모를 거야. 우리가 나온 뒤 사냥꾼은 늑대 배 속에 돌멩이를 꼭꼭 채워 넣었어.",
      "srcPage": 15,
      "srcSentenceEA": 5,
      "srcWordEA": 36,
      "character": "늑대,사람,우리,사냥꾼,돌멩이",
      "setting": "늑대 배 속,나온 뒤",
      "action": "냄새나는지,들어가,모를 거야,채워 넣었어",
      "feeling": "고마워요,무서웠던지",
      "causalRelationship": null,
      "outcomeResolution": null,
      "prediction": "우리가 나온 뒤 사냥꾼은 늑대 배 속에 돌멩이를 꼭꼭 채워 넣었어.",
      "plotSummaryInfoCount": 1,
      "plotSummaryInfo": {
        "classification": "의사소통",
        "readAge": "초등_저학년",
        "form": "long-form",
        "plotSummaryText": "우리는 늑대의 배 속이 깜깜하고 냄새가 나 숨 막히고 무서웠다고 말하며 늑대 배 속에 나왔고 사냥꾼은 늑대의 배 속에 돌멩이를 채워 넣었습니다.",
        "textWordEA": 22
      }
    },
    {
      "srcTextID": "18689",
      "srcText": "얼마 지나 늑대가 하품을 쩍 하며 일어났어. 우리를 보고 입을 딱 벌릴 수밖에 없었지. 늑대는 달아나려고 몸을 벌떡 일으키다가 배 속의 돌멩이 때문에 그만 푹 고꾸라지고 말았어. 그러고는 끝!",
      "srcPage": 16,
      "srcSentenceEA": 4,
      "srcWordEA": 32,
      "character": "늑대,우리,입,몸,돌멩이",
      "setting": "얼마 지나,배 속",
      "action": "일어났어,보고,벌릴,달아나려고,일으키다가,고꾸라지고",
      "feeling": null,
      "causalRelationship": null,
      "outcomeResolution": null,
      "prediction": null,
      "plotSummaryInfoCount": 1,
      "plotSummaryInfo": {
        "classification": "의사소통",
        "readAge": "초등_저학년",
        "form": "long-form",
        "plotSummaryText": "늑대는 우리를 보고 놀라 달아나려 몸을 일으켰지만, 배 속의 돌멩이 때문에 고꾸라지고 말았습니다.",
        "textWordEA": 13
      }
    },
    {
      "srcTextID": "18688",
      "srcText": "나는 앞으로 엄마 말씀을 잘 들을 거야. 그리고 늑대 말은 절대 안 믿을 거야. 절, 절, 절대로! 아이고! 아이고! 늑대 죽네.",
      "srcPage": 17,
      "srcSentenceEA": 6,
      "srcWordEA": 26,
      "character": "나,엄마,늑대",
      "setting": null,
      "action": "들을 거야,안 믿을 거야,죽네",
      "feeling": null,
      "causalRelationship": null,
      "outcomeResolution": "나는 앞으로 엄마 말씀을 잘 들을 거야",
      "prediction": null,
      "plotSummaryInfoCount": 1,
      "plotSummaryInfo": {
        "classification": "의사소통",
        "readAge": "초등_저학년",
        "form": "long-form",
        "plotSummaryText": "앞으로 늑대의 말은 절대 안 믿을 거고, 엄마의 말씀을 잘 들어야겠습니다.",
        "textWordEA": 11
      }
    },
    {
      "srcTextID": "18674",
      "srcText": "어느 날 엄마가 나를 불렀어. “할머니가 편찮으신데 엄마는 지금 갈 수가 없구나. 할머니께 이 케이크와 포도주를 가져다드리렴.” 엄마는 잔소리를 줄줄 늘어놓았어. “샛길로 가지 말고, 여기저기 기웃거리지도 말고, 특히 못된 늑대를 조심해야 한다. 알았지?” “걱정하지 마세요!”",
      "srcPage": 2,
      "srcSentenceEA": 7,
      "srcWordEA": 38,
      "character": "엄마,나,할머니,케이크,포도주,못된 늑대",
      "setting": "어느 날,샛길",
      "action": "불렀어,편찮으신데,지금,갈 수가 없구나,갖다 드리렴,늘어놓았어,가지,기웃거리지도,조심해야",
      "feeling": null,
      "causalRelationship": null,
      "outcomeResolution": null,
      "prediction": "샛길로 가지 말고, 여기저기 기웃거리지도 말고, 특히 못된 늑대를 조심해야 한다.",
      "plotSummaryInfoCount": 1,
      "plotSummaryInfo": {
        "classification": "의사소통",
        "readAge": "초등_저학년",
        "form": "long-form",
        "plotSummaryText": "어느 날 엄마는 편찮으신 할머니에게 케이크와 포도를 가져다드리라고 하였고 샛길로 가지 말고, 못된 늑대를 조심하라고 잔소리를 늘어놓으셨습니다.",
        "textWordEA": 17
      }
    }
  ]
}