{
  "title": "용감한 꼬마 재봉사",
  "author": "그림형제",
  "illustrator": "장은주",
  "isbn": "9791128210495",
  "publishedYear": 2018,
  "publisher": "아람북스",
  "paragraphInfoCount": 17,
  "paragraphInfo": [
    {
      "srcTextID": "18062",
      "srcText": "꼬마 재봉사는 씩씩하게 길을 떠났어. “룰루 라라. 나는 용감한 꼬마 재봉사. 한 번에 일곱을 때려잡았네.”",
      "srcPage": 4,
      "srcSentenceEA": 4,
      "srcWordEA": 17,
      "character": "꼬마 재봉사,나",
      "setting": null,
      "action": "떠났어,때려잡았네",
      "feeling": "용감한",
      "causalRelationship": null,
      "outcomeResolution": null,
      "prediction": "꼬마 재봉사는 씩씩하게 길을 떠났어.",
      "plotSummaryInfoCount": 1,
      "plotSummaryInfo": {
        "classification": "의사소통",
        "readAge": "초등_저학년",
        "form": "long-form",
        "plotSummaryText": "나는 용감한 꼬마 재봉사,한 번에 일곱을 때려잡았다고 노래 부르며 씩씩하게 길을 떠났어.",
        "textWordEA": 12
      }
    },
    {
      "srcTextID": "18069",
      "srcText": "꼬마 재봉사는 거인에게 소리쳤어. “어이, 친구! 내 부하가 되지 않을래?” “흥! 조그만 게 겁도 없구나! 대장이 되고 싶으면 어디 나처럼 해 보시지.”",
      "srcPage": 6,
      "srcSentenceEA": 5,
      "srcWordEA": 25,
      "character": "꼬마 재봉사,거인,친구,부하,대장",
      "setting": null,
      "action": "소리쳤어,되지,되고",
      "feeling": null,
      "causalRelationship": null,
      "outcomeResolution": null,
      "prediction": "대장이 되고 싶으면 어디 나처럼 해 보시지.",
      "plotSummaryInfoCount": 1,
      "plotSummaryInfo": {
        "classification": "의사소통",
        "readAge": "초등_저학년",
        "form": "long-form",
        "plotSummaryText": "꼬마 재봉사는 내 부하가 되지 않을래하고 소리쳤고,거인은 대장이 되고 싶으면 어디 나처럼 해 보시지하고 말했어.",
        "textWordEA": 15
      }
    },
    {
      "srcTextID": "18071",
      "srcText": "꼬마 재봉사는 새를 휙 던졌어. 그러자 새는 포르르 날아가 버렸어. “아니, 이럴 수가?” 거인은 얼굴을 감싸며 도망갔지.",
      "srcPage": 9,
      "srcSentenceEA": 4,
      "srcWordEA": 19,
      "character": "꼬마 재봉사,새,거인",
      "setting": null,
      "action": "던졌어,날아가,도망갔지",
      "feeling": null,
      "causalRelationship": "꼬마 재봉사는 새를 휙 던졌어. 그러자 새는 포르르 날아가 버렸어.",
      "outcomeResolution": null,
      "prediction": null,
      "plotSummaryInfoCount": 1,
      "plotSummaryInfo": {
        "classification": "의사소통",
        "readAge": "초등_저학년",
        "form": "long-form",
        "plotSummaryText": "꼬마 재봉사는 새를 휙 던지자 새는 날아가 버리고,거인은 얼굴을 감싸며 도망갔지.",
        "textWordEA": 11
      }
    },
    {
      "srcTextID": "18075",
      "srcText": "꼬마 재봉사는 숲으로 갔어. 거인들은 나무 밑에서 코를 골며 자고 있었지. 꼬마 재봉사는 주머니에 돌을 넣고 나무 위로 올라갔어. 그러고는 한 거인에게 돌을 휙 던졌지.",
      "srcPage": 12,
      "srcSentenceEA": 4,
      "srcWordEA": 28,
      "character": "꼬마 재봉사,거인,주머니,돌,나무",
      "setting": "숲",
      "action": "갔어,자고,넣고,올라갔어,던졌지",
      "feeling": null,
      "causalRelationship": null,
      "outcomeResolution": null,
      "prediction": "그러고는 한 거인에게 돌을 휙 던졌지.",
      "plotSummaryInfoCount": 1,
      "plotSummaryInfo": {
        "classification": "의사소통",
        "readAge": "초등_저학년",
        "form": "long-form",
        "plotSummaryText": "숲으로 간 꼬마 재봉사는 거인들이 나무 밑에서 자고 있자 주머니에 돌을 넣고 나무 위로 올라가 한 거인에게 돌을 휙 던졌지.",
        "textWordEA": 20
      }
    },
    {
      "srcTextID": "18070",
      "srcText": "거인은 화가 나 가슴을 쿵쿵 쳤어. 그러더니 커다란 돌을 저 멀리 던져 버렸지. “어이, 꼬맹이! 이렇게 할 수 있어?” “그까짓 것쯤이야, 내 돌은 땅에 떨어지지도 않는다고!”",
      "srcPage": 8,
      "srcSentenceEA": 5,
      "srcWordEA": 28,
      "character": "거인,가슴,돌,꼬맹이,땅",
      "setting": null,
      "action": "쳤어,던져,떨어지지도",
      "feeling": null,
      "causalRelationship": null,
      "outcomeResolution": "그러더니 커다란 돌을 저 멀리 던져 버렸지.",
      "prediction": null,
      "plotSummaryInfoCount": 1,
      "plotSummaryInfo": {
        "classification": "의사소통",
        "readAge": "초등_저학년",
        "form": "long-form",
        "plotSummaryText": "거인은 화가 나 가슴을 쿵쿵 치더니 이렇게 할 수 있냐며 커다란 돌을 저 멀리 던져 버렸자 내 돌은 땅에 떨어지지도 않는다고 대답했어.",
        "textWordEA": 22
      }
    },
    {
      "srcTextID": "18072",
      "srcText": "다시 길을 걷던 꼬마 재봉사는 피곤해서 풀밭에서 잠이 들었어. 때마침 이곳을 지나가던 임금님이 꼬마 재봉사의 허리띠를 보았지. “아주 대단한 친구야. 쓸모가 있겠어.” 임금님은 꼬마 재봉사를 궁으로 데려갔어.",
      "srcPage": 10,
      "srcSentenceEA": 5,
      "srcWordEA": 30,
      "character": "꼬마 재봉사,임금님,허리띠,친구",
      "setting": "길,풀밭,궁",
      "action": "걷던,잠이 들었어,지나가던,보았지,데려갔어",
      "feeling": "피곤해서",
      "causalRelationship": null,
      "outcomeResolution": null,
      "prediction": "임금님은 꼬마 재봉사를 궁으로 데려갔어.",
      "plotSummaryInfoCount": 1,
      "plotSummaryInfo": {
        "classification": "의사소통",
        "readAge": "초등_저학년",
        "form": "long-form",
        "plotSummaryText": "길을 걷던 꼬마 재봉사는 풀밭에서 잠이 들었는데 지나가던 임금님이 허리띠를 보고 대단하다면서 꼬마 재봉사를 궁으로 데려갔어.",
        "textWordEA": 16
      }
    },
    {
      "srcTextID": "18058",
      "srcText": "나는야 옷 만드는 꼬마 재봉사. 한 땀 한 땀 바느질하면 신사의 멋진 양복이 되고 아가씨의 아름다운 드레스도 되지. 언덕 너머 작은 마을에 사는 꼬마 재봉사는 콧노래를 부르며 즐겁게 일을 하고 있었어.",
      "srcPage": 1,
      "srcSentenceEA": 3,
      "srcWordEA": 33,
      "character": "나,옷,꼬마 재봉사,신사,양복,아가씨,드레스,콧노래,일",
      "setting": "언덕,마을",
      "action": "만드는,바느질하면,되고,되지,사는,부르며,하고 있었어",
      "feeling": "멋진,아름다운,즐겁게",
      "causalRelationship": null,
      "outcomeResolution": "한 땀 한 땀 바느질하면 신사의 멋진 양복이 되고 아가씨의 아름다운 드레스도 되지.",
      "prediction": null,
      "plotSummaryInfoCount": 1,
      "plotSummaryInfo": {
        "classification": "의사소통",
        "readAge": "초등_저학년",
        "form": "short-form",
        "plotSummaryText": "꼬마 재봉사가 한 땀 한 땀 바느질하면 신사의 멋진 양복이 되고 아가씨의 아름다운 드레스도 되지라고 콧노래를 부르며 즐겁게 일을 하고 있었어.",
        "textWordEA": 21
      }
    },
    {
      "srcTextID": "18059",
      "srcText": "“윙, 윙.” 어디선가 파리들이 날아들었어. 하나, 둘, 셋, 넷, 다섯, 여섯, 일곱. 모두 일곱 마리였지. “흠, 귀찮은 파리들. 내가 모두 때려잡을 테다.” 꼬마 재봉사는 파리들을 향해 가죽끈을 힘껏 내리쳤어. 그랬더니 파리 일곱 마리가 후드득후드득. 한꺼번에 떨어졌어.",
      "srcPage": 2,
      "srcSentenceEA": 9,
      "srcWordEA": 43,
      "character": "파리,꼬마 재봉사,가죽끈",
      "setting": null,
      "action": "날아들었어,때려잡을 테다,내리쳤어,떨어졌어",
      "feeling": null,
      "causalRelationship": null,
      "outcomeResolution": "그랬더니 파리 일곱 마리가 후드득후드득. 한꺼번에 떨어졌어.",
      "prediction": null,
      "plotSummaryInfoCount": 1,
      "plotSummaryInfo": {
        "classification": "의사소통",
        "readAge": "초등_저학년",
        "form": "long-form",
        "plotSummaryText": "꼬마 재봉사는 날아든 파리들을 향해 가죽끈을 힘껏 내리쳤더니 파리 일곱 마리가 후드득 한꺼번에 떨어졌어.",
        "textWordEA": 14
      }
    },
    {
      "srcTextID": "18060",
      "srcText": "“앗, 한 번에 일곱을 때려잡다니! 난 정말 대단해!” 꼬마 재봉사는 ‘한 번에 일곱’이란 말을 바느질하여 허리띠를 만들었어. “내가 얼마나 대단한지 자랑을 해야겠어.” 그러고는 허리띠를 척 두르고는 씨익 웃었지. “치즈와 새도 가져가야지.”",
      "srcPage": 3,
      "srcSentenceEA": 7,
      "srcWordEA": 35,
      "character": "꼬마 재봉사,허리띠,치즈,새",
      "setting": null,
      "action": "때려잡다니,바느질하여,만들었어,두르고는,가져가야지",
      "feeling": "대단해,대단한지",
      "causalRelationship": null,
      "outcomeResolution": "그러고는 허리띠를 척 두르고는 씨익 웃었지.",
      "prediction": null,
      "plotSummaryInfoCount": 1,
      "plotSummaryInfo": {
        "classification": "의사소통",
        "readAge": "초등_저학년",
        "form": "long-form",
        "plotSummaryText": "꼬마 재봉사는 한 번에 일곱을 때려잡다니 얼마나 대단한지 자랑을 해야겠다며 만든 허리띠를 척 두르고는 씨익 웃었지. ",
        "textWordEA": 16
      }
    },
    {
      "srcTextID": "18061",
      "srcText": "그러다 길을 가로막고 서 있는 커다란 거인을 만났어. 키는 산만큼 크고, 두 눈은 핑글핑글. 머리는 삐죽삐죽, 목소리는 쩌렁쩌렁. ‘어? 아주 센 놈이네. 하지만 난 용감한 꼬마 재봉사라고!’",
      "srcPage": 5,
      "srcSentenceEA": 6,
      "srcWordEA": 32,
      "character": "거인,키,눈,머리,꼬마 재봉사",
      "setting": "길",
      "action": "서 있는,만났어",
      "feeling": "용감한",
      "causalRelationship": null,
      "outcomeResolution": null,
      "prediction": "그러다 길을 가로막고 서 있는 커다란 거인을 만났어.",
      "plotSummaryInfoCount": 1,
      "plotSummaryInfo": {
        "classification": "의사소통",
        "readAge": "초등_저학년",
        "form": "long-form",
        "plotSummaryText": "그러다 길을 가로막고 서 있는 커다란 거인을 만났는데,아주 센 놈이지만 난 용감한 꼬마 재봉사라고!",
        "textWordEA": 14
      }
    },
    {
      "srcTextID": "18068",
      "srcText": "거인은 돌멩이를 손에 쥐고 꽉 눌렀어. 그러자 돌멩이가 부서져 물처럼 뚝뚝 떨어졌지. 꼬마 재봉사도 치즈를 꺼내 꾹 짰어. 그러자 치즈가 물처럼 줄줄 흘렀어.",
      "srcPage": 7,
      "srcSentenceEA": 4,
      "srcWordEA": 26,
      "character": "거인,돌멩이,꼬마 재봉사,치즈",
      "setting": null,
      "action": "쥐고,눌렀어,부서져,떨어졌지,꺼내,짰어,흘렀어",
      "feeling": null,
      "causalRelationship": "거인은 돌멩이를 손에 쥐고 꽉 눌렀어. 그러자 돌멩이가 부서져 물처럼 뚝뚝 떨어졌지.",
      "outcomeResolution": "그러자 치즈가 물처럼 줄줄 흘렀어.",
      "prediction": null,
      "plotSummaryInfoCount": 1,
      "plotSummaryInfo": {
        "classification": "의사소통",
        "readAge": "초등_저학년",
        "form": "long-form",
        "plotSummaryText": "거인은 돌멩이를 손에 쥐고 꽉 누르자 돌멩이가 부서져 물처럼 뚝뚝 떨어졌고 꼬마 재봉사도 치즈를 꺼내 꾹 짰더니 치즈가 물처럼 줄줄 흘렀어.",
        "textWordEA": 21
      }
    },
    {
      "srcTextID": "18078",
      "srcText": "꼬마 재봉사는 괴물과 딱 마주쳤어. “크르렁!” 괴물은 무시무시한 이빨을 드러내며 달려들었지. 괴물이 코앞까지 왔을 때 꼬마 재봉사는 얼른 나무 뒤로 숨었어. 그러자 괴물은 뿔로 나무를 콱 들이받고 말았지. “쿡! 크르렁 꾸꾸꾸.” 뿔이 어찌나 나무에 깊이 박혔던지 괴물은 꼼짝도 못 했어.",
      "srcPage": 16,
      "srcSentenceEA": 6,
      "srcWordEA": 45,
      "character": "꼬마 재봉사,괴물,이빨,나무,뿔",
      "setting": null,
      "action": "마주쳤어,달려들었지,왔을,숨었어,들이받고,박혔던지",
      "feeling": null,
      "causalRelationship": "괴물이 코앞까지 왔을 때 꼬마 재봉사는 얼른 나무 뒤로 숨었어.",
      "outcomeResolution": null,
      "prediction": "꼬마 재봉사는 괴물과 딱 마주쳤어.",
      "plotSummaryInfoCount": 1,
      "plotSummaryInfo": {
        "classification": "의사소통",
        "readAge": "초등_저학년",
        "form": "long-form",
        "plotSummaryText": "꼬마 재봉사는 괴물이 무시무시한 이빨을 드러내며 코앞까지 왔을 때 나무 뒤로 숨었고,괴물은 뿔로 나무를 콱 들이받아 뿔이 나무에 깊이 박혀 꼼짝도 못 했어.",
        "textWordEA": 23
      }
    },
    {
      "srcTextID": "18079",
      "srcText": "꼬마 재봉사는 괴물의 뿔을 자른 뒤 꽁꽁 묶어서 임금님에게 보여 주었어. 임금님은 모기만 한 소리로 말했지. “내 사랑스러운 공주와 나라의 절반을 그대에게 주노라.” 임금님이 된 꼬마 재봉사는 공주와 오래오래 행복하게 살았대.",
      "srcPage": 17,
      "srcSentenceEA": 4,
      "srcWordEA": 33,
      "character": "꼬마 재봉사,괴물,뿔,임금님,공주",
      "setting": "나라",
      "action": "자른,묶어서,보여 주었어,말했지,주노라,살았대",
      "feeling": "사랑스러운,행복하게",
      "causalRelationship": null,
      "outcomeResolution": "임금님이 된 꼬마 재봉사는 공주와 오래오래 행복하게 살았대.",
      "prediction": null,
      "plotSummaryInfoCount": 1,
      "plotSummaryInfo": {
        "classification": "의사소통",
        "readAge": "초등_저학년",
        "form": "long-form",
        "plotSummaryText": "꼬마 재봉사는 임금님에게 괴물의 뿔을 보여 주었더니 공주와 나라의 절반을 준다고 말했고,임금님이 된 꼬마 재봉사는 공주와 오래오래 행복하게 살았대.",
        "textWordEA": 19
      }
    },
    {
      "srcTextID": "18073",
      "srcText": "꼬마 재봉사를 궁에 데려온 임금님이 말했어. “숲에 있는 못된 거인 둘을 물리쳐 주면 공주와 결혼을 시키고 이 나라의 절반을 떼어 주겠다.” “한 번에 일곱을 때려잡았는데, 고작 둘이니 문제없습니다.”",
      "srcPage": 11,
      "srcSentenceEA": 3,
      "srcWordEA": 28,
      "character": "꼬마 재봉사,임금님,거인,공주",
      "setting": "궁,숲",
      "action": "데려온,말했어,물리쳐,때려잡았는데",
      "feeling": null,
      "causalRelationship": "숲에 있는 못된 거인 둘을 물리쳐 주면 공주와 결혼을 시키고 이 나라의 절반을 떼어 주겠다.",
      "outcomeResolution": null,
      "prediction": null,
      "plotSummaryInfoCount": 1,
      "plotSummaryInfo": {
        "classification": "의사소통",
        "readAge": "초등_저학년",
        "form": "short-form",
        "plotSummaryText": "궁에 데려온 임금님이 숲에 있는 못된 거인 둘을 물리쳐 주면 공주와 결혼을 시키고 이 나라의 절반을 떼어 주겠다고 하자 한 번에 일곱을 때려잡았는데 문제없다고 했다. ",
        "textWordEA": 25
      }
    },
    {
      "srcTextID": "18074",
      "srcText": "“앗! 아파!” 다른 거인에게도 돌을 휙! “야! 왜 돌을 던지는 거야!” “난 안 던졌어. 네가 먼저 던졌잖아?” 서로 티격태격하던 거인들은 주먹질까지 하며 싸우다 지쳐 쓰러져 버렸어.",
      "srcPage": 13,
      "srcSentenceEA": 6,
      "srcWordEA": 31,
      "character": "거인,돌,주먹질",
      "setting": null,
      "action": "던지는,싸우다,쓰러져 버렸어",
      "feeling": null,
      "causalRelationship": null,
      "outcomeResolution": "서로 티격태격하던 거인들은 주먹질까지 하며 싸우다 지쳐 쓰러져 버렸어.",
      "prediction": null,
      "plotSummaryInfoCount": 1,
      "plotSummaryInfo": {
        "classification": "의사소통",
        "readAge": "초등_저학년",
        "form": "long-form",
        "plotSummaryText": "다른 거인에게도 돌을 휙 던졌더니 서로 티격태격하던 거인들은 주먹질까지 하며 싸우다 지쳐 쓰러져 버렸어.",
        "textWordEA": 14
      }
    },
    {
      "srcTextID": "18077",
      "srcText": "꼬마 재봉사가 거인들을 물리치자 임금님은 기뻐서 팔짝팔짝 뛰었어. 하지만 공주를 꼬마 재봉사와 결혼시키고 싶지는 않았어. 숲속에 무시무시한 이빨을 가지고 이마에 커다란 뿔이 달린 괴물이 있다.",
      "srcPage": 14,
      "srcSentenceEA": 3,
      "srcWordEA": 27,
      "character": "꼬마 재봉사,거인,임금님,공주,이빨,뿔,괴물",
      "setting": "숲속",
      "action": "물리치자,뛰었어",
      "feeling": "기뻐서,무시무시한",
      "causalRelationship": "꼬마 재봉사가 거인들을 물리치자 임금님은 기뻐서 팔짝팔짝 뛰었어.",
      "outcomeResolution": null,
      "prediction": null,
      "plotSummaryInfoCount": 1,
      "plotSummaryInfo": {
        "classification": "의사소통",
        "readAge": "초등_저학년",
        "form": "short-form",
        "plotSummaryText": "꼬마 재봉사가 거인들을 물리치자 임금님은 기뻐서 팔짝팔짝 뛰었지만 공주를 꼬마 재봉사와 결혼시키고 싶지는 않아서 숲속에 뿔이 달린 괴물이 있다고 말했어.",
        "textWordEA": 20
      }
    },
    {
      "srcTextID": "18076",
      "srcText": "괴물을 잡아 오면 공주와 결혼시켜 주겠다. “한 번에 일곱을 때려잡았는데, 고작 뿔 하나 달린 괴물이라면 문제없습니다.” 꼬마 재봉사는 밧줄과 도끼를 들고 숲으로 갔어.",
      "srcPage": 15,
      "srcSentenceEA": 3,
      "srcWordEA": 24,
      "character": "괴물,공주,꼬마 재봉사,밧줄,도끼",
      "setting": "숲",
      "action": "잡아 오면,때려잡았는데,갔어",
      "feeling": null,
      "causalRelationship": "괴물을 잡아 오면 공주와 결혼시켜 주겠다.",
      "outcomeResolution": null,
      "prediction": "꼬마 재봉사는 밧줄과 도끼를 들고 숲으로 갔어.",
      "plotSummaryInfoCount": 1,
      "plotSummaryInfo": {
        "classification": "의사소통",
        "readAge": "초등_저학년",
        "form": "short-form",
        "plotSummaryText": "괴물을 잡아 오면 공주와 결혼시켜 주겠다고 하자 꼬마 재봉사는 문제없다며 밧줄과 도끼를 들고 숲으로 갔어.",
        "textWordEA": 15
      }
    }
  ]
}