{
  "title": "샤일록의 눈물",
  "author": "글깨비",
  "illustrator": "박윤선",
  "isbn": "9788929118860",
  "publishedYear": 2018,
  "publisher": "글뿌리",
  "paragraphInfoCount": 19,
  "paragraphInfo": [
    {
      "srcTextID": "148476",
      "srcText": "안토니오가 찾아오자, 샤일록은 깜짝 놀랐어요. 안토니오는 종종 사람들이 보는 앞에서 샤일록을 무시했거든요. '안토니오, 이 기회에 골탕 좀 먹어 봐라.' 샤일록은 시치미를 뚝 떼고 물었어요. \"무슨 일로 찾아왔소?\" \"돈을 좀 빌릴까 하오.\"\n\n",
      "srcPage": 4,
      "srcSentenceEA": 6,
      "srcWordEA": 33,
      "character": "안토니오,샤일록,사람들,돈",
      "setting": null,
      "action": "찾아왔소,물었어요,빌릴까",
      "feeling": "깜짝 놀랐어요",
      "causalRelationship": null,
      "outcomeResolution": null,
      "prediction": null,
      "plotSummaryInfoCount": 1,
      "plotSummaryInfo": {
        "classification": "의사소통",
        "readAge": "초등_저학년",
        "form": "long-form",
        "plotSummaryText": "종종 사람들이 보는 앞에서 자신을 무시했던 안토니오가 찾아오자 샤일록은 깜짝 놀랐지만 샤일록은 시치미를 뚝 떼고 무슨 일로 찾아왔는지 물었습니다.",
        "textWordEA": 19
      }
    },
    {
      "srcTextID": "148479",
      "srcText": "'뭔가 더 확실한 방법이 없을까?' 한동안 생각에 잠겼던 포시아는 옷을 갈아입었어요. 그리고 베사니오의 뒤를 따라 베니스로 향했지요.",
      "srcPage": 8,
      "srcSentenceEA": 3,
      "srcWordEA": 19,
      "character": "포시아,옷,베사니오",
      "setting": "베니스,한동안",
      "action": "갈아입었어요,행했지요",
      "feeling": null,
      "causalRelationship": null,
      "outcomeResolution": null,
      "prediction": null,
      "plotSummaryInfoCount": 1,
      "plotSummaryInfo": {
        "classification": "의사소통",
        "readAge": "초등_저학년",
        "form": "short-form",
        "plotSummaryText": "한동안 생각에 잠겼던 포시아는 옷을 갈아입고는 베사니오의 뒤를 따라 베니스로 향했습니다.",
        "textWordEA": 11
      }
    },
    {
      "srcTextID": "148486",
      "srcText": "그러자 샤일록이 눈물을 뚝뚝 흘렸어요. \"나쁜 유대 사람? 재판관님! 제가 이렇게 된 것은 바로 안토니오 때문입니다. 저는 원래 평범한 상인이었습니다.\" 샤일록의 이야기는 십 년 전으로 거슬러 올라갔어요. 샤일록은 장사를 하기 위해 먼 나라에서 베니스로 건너와 작은 가게를 열었어요.",
      "srcPage": 15,
      "srcSentenceEA": 7,
      "srcWordEA": 43,
      "character": "샤일록,눈물,재판관,안토니오",
      "setting": "십 년 전,베니스,작은 가게",
      "action": "흘렸어요,건너와",
      "feeling": null,
      "causalRelationship": null,
      "outcomeResolution": null,
      "prediction": null,
      "plotSummaryInfoCount": 1,
      "plotSummaryInfo": {
        "classification": "의사소통",
        "readAge": "초등_저학년",
        "form": "long-form",
        "plotSummaryText": "샤일록이 눈물을 흘리며 재판관에게 자기가 이렇게 된 것은 바로 안토니오 때문이라고 말했고, 그의 이야기는 그가 장사를 하기 위해 먼 나라에서 베니스로 건너와 작은 가게를 열었던 십 년 전으로 거슬러 올라갔습니다.",
        "textWordEA": 30
      }
    },
    {
      "srcTextID": "148487",
      "srcText": "그런데 이게 어찌된 일일까요! \"샤일록, 그 상인이 다른 곳에서 물건을 샀대!\" 큰 손해를 보게 된 샤일록은 안토니오를 찾아갔어요. '정의로운 안토니오라면 분명 내 억울함을 풀어 줄 거야.'",
      "srcPage": 17,
      "srcSentenceEA": 4,
      "srcWordEA": 27,
      "character": "샤일록,상인,물건,안토니오",
      "setting": null,
      "action": "찾아갔어요,샀대",
      "feeling": null,
      "causalRelationship": null,
      "outcomeResolution": null,
      "prediction": null,
      "plotSummaryInfoCount": 1,
      "plotSummaryInfo": {
        "classification": "의사소통",
        "readAge": "초등_저학년",
        "form": "long-form",
        "plotSummaryText": "그 상인은 다른 곳에서 물건을 샀고 큰 손해를 보게 된 샤일록은 정의로운 안토니오라면 분명 자신의 억울함을 풀어 줄 거라고 생각하며 그를 찾아갔습니다.",
        "textWordEA": 22
      }
    },
    {
      "srcTextID": "148472",
      "srcText": "베니스에 안토니오라는 청년이 살고 있었어요. 안토니오는 배를 타고 다니면서 이곳저곳에 물건을 파는 상인이었지요. 안토니오는 용감하고 정의로워서 베니스 사람들이 모두 좋아했답니다. 그러던 어느 날, 안토니오의 친구 베사니오가 한숨을 푹 내쉬며 찾아왔어요. \"첫눈에 반한 아가씨에게 청혼을 하려는데 청혼할 돈이 없다네.\"",
      "srcPage": 1,
      "srcSentenceEA": 5,
      "srcWordEA": 41,
      "character": "안토니오,청년,배,물건,상인",
      "setting": "베니스",
      "action": "타고 다니면서,파는,찾아왔어요",
      "feeling": null,
      "causalRelationship": null,
      "outcomeResolution": null,
      "prediction": null,
      "plotSummaryInfoCount": 1,
      "plotSummaryInfo": {
        "classification": "의사소통",
        "readAge": "초등_저학년",
        "form": "long-form",
        "plotSummaryText": "베니스에 배를 타고 다니면서 이곳저곳에 물건을 파는 안토니오라는 청년이 살고 있었는데, 어느 날, 친구 베사니오가 한숨을 내쉬며 안토니오를 찾아와서는 첫눈에 반한 아가씨에게 청혼을 하려는데 청혼할 돈이 없다고 말했습니다.",
        "textWordEA": 28
      }
    },
    {
      "srcTextID": "148473",
      "srcText": "안토니오는 친구를 돕고 싶었어요. \"내 배들이 모두 바다에 있어서 지금은 내가 가진 돈이 없네. 대신 샤일록에게 돈을 빌려 보겠네.\" \"아니, 그 고약한 유대 나라 사람에게?\" 베사니오는 깜짝 놀랐어요.",
      "srcPage": 2,
      "srcSentenceEA": 5,
      "srcWordEA": 30,
      "character": "안토니오,친구,배,돈,샤일록,베사니오",
      "setting": "바다,유대 나라",
      "action": "빌려 보겠네,돕고,가진",
      "feeling": "깜짝 놀랐어요",
      "causalRelationship": null,
      "outcomeResolution": null,
      "prediction": null,
      "plotSummaryInfoCount": 1,
      "plotSummaryInfo": {
        "classification": "의사소통",
        "readAge": "초등_저학년",
        "form": "long-form",
        "plotSummaryText": "안토니오는 친구를 돕고 싶었고, 자신의 배들이 모두 바다에 있어서 지금은 가진 돈이 없으니 대신 샤일록에게 돈을 빌려 보겠다고 말했습니다.",
        "textWordEA": 19
      }
    },
    {
      "srcTextID": "148481",
      "srcText": "재판관도 안타까운 듯 말했어요. \"그냥 저 돈을 받는 것이 어떻겠소?\" \"싫습니다. 저는 오직 약속대로 하기를 원합니다.\" 샤일록은 끝까지 마음을 바꾸지 않았어요.",
      "srcPage": 10,
      "srcSentenceEA": 4,
      "srcWordEA": 23,
      "character": "재판관,돈,샤일록",
      "setting": null,
      "action": "말했어요,받는",
      "feeling": null,
      "causalRelationship": null,
      "outcomeResolution": null,
      "prediction": null,
      "plotSummaryInfoCount": 1,
      "plotSummaryInfo": {
        "classification": "의사소통",
        "readAge": "초등_저학년",
        "form": "long-form",
        "plotSummaryText": "재판관도 안타까운 듯 그냥 저 돈을 받는 것이 어떻겠냐고 말했지만, 샤일록은 끝까지 마음을 바꾸지 않았습니다.",
        "textWordEA": 15
      }
    },
    {
      "srcTextID": "148485",
      "srcText": "안토니오를 해치려던 샤일록의 계획은 물거품이 되었어요. 화가 난 안토니오가 재판관에게 말했어요. \"이 나쁜 유대 사람에게 더 무거운 벌을 내려 주십시오!\"",
      "srcPage": 14,
      "srcSentenceEA": 3,
      "srcWordEA": 21,
      "character": "안토니오,샤일록,재판관,유대 사람",
      "setting": null,
      "action": "말했어요,해치려던",
      "feeling": "화가 난,나쁜",
      "causalRelationship": null,
      "outcomeResolution": null,
      "prediction": null,
      "plotSummaryInfoCount": 1,
      "plotSummaryInfo": {
        "classification": "의사소통",
        "readAge": "초등_저학년",
        "form": "short-form",
        "plotSummaryText": "안토니오를 해치려던 샤일록의 계획은 물거품이 되었고, 화가 난 안토니오는 재판관에게 이 나쁜 유대 사람에게 더 무거운 벌을 내려 달라고 말했습니다.",
        "textWordEA": 20
      }
    },
    {
      "srcTextID": "148488",
      "srcText": "샤일록은 성실히 일했고 덕분에 가게는 금세 커졌어요. 그러던 어느 날이었어요. 한 베니스의 상인이 샤일록에게 많은 양의 물건을 준비해 달라고 했어요. 샤일록은 상인의 말만 믿고 전 재산을 털어 물건을 준비했지요.",
      "srcPage": 16,
      "srcSentenceEA": 4,
      "srcWordEA": 32,
      "character": "샤일록,상인,물건,재산",
      "setting": "어느 날,가게,베니스",
      "action": "털어,준비해 달라고",
      "feeling": null,
      "causalRelationship": null,
      "outcomeResolution": null,
      "prediction": null,
      "plotSummaryInfoCount": 1,
      "plotSummaryInfo": {
        "classification": "의사소통",
        "readAge": "초등_저학년",
        "form": "long-form",
        "plotSummaryText": "샤일록이 성실히 일한 덕분에 가게는 금세 커졌고, 어느 날 한 베니스의 상인이 그에게 많은 양의 물건을 준비해 달라고 했고 그는 상인의 말만 믿고 전 재산을 털어 물건을 준비했습니다.",
        "textWordEA": 28
      }
    },
    {
      "srcTextID": "148478",
      "srcText": "베사니오는 고민 끝에 그동안의 일을 포시아에게 모두 말했어요. 포시아는 깜짝 놀라며 베사니오에게 얼른 돈을 주었어요. \"어서 베니스로 가서 친구를 구하세요.\" \"고맙소, 포시아!\" 베사니오는 서둘러 베니스로 떠났어요.",
      "srcPage": 7,
      "srcSentenceEA": 5,
      "srcWordEA": 28,
      "character": "베사니오,포시아,돈,친구",
      "setting": "베니스,그동안",
      "action": "말했어요,주었어요,구하세요",
      "feeling": null,
      "causalRelationship": null,
      "outcomeResolution": null,
      "prediction": null,
      "plotSummaryInfoCount": 1,
      "plotSummaryInfo": {
        "classification": "의사소통",
        "readAge": "초등_저학년",
        "form": "long-form",
        "plotSummaryText": "베사니오가 고민 끝에 그동안의 일을 포시아에게 모두 말하자, 그녀는 그에게 돈을 주면서 어서 베니스로 가서 친구를 구하라고 말했고 베사니오는 서둘러 베니스로 떠났습니다.",
        "textWordEA": 22
      }
    },
    {
      "srcTextID": "148490",
      "srcText": "샤일록은 화가 머리끝까지 났지요. \"아, 내가 어리석었어.\" 샤일록은 베니스의 상인들과 안토니오에게 복수하기로 결심했어요. 그리고 다시 악착같이 돈을 모았지요.",
      "srcPage": 19,
      "srcSentenceEA": 4,
      "srcWordEA": 20,
      "character": "샤일록,상인들,안토니오,돈",
      "setting": null,
      "action": "모았지요",
      "feeling": "화가 머리끝까지",
      "causalRelationship": null,
      "outcomeResolution": null,
      "prediction": null,
      "plotSummaryInfoCount": 1,
      "plotSummaryInfo": {
        "classification": "의사소통",
        "readAge": "초등_저학년",
        "form": "long-form",
        "plotSummaryText": "화가 머리끝까지 난 샤일록은 베니스의 상인들과 안토니오에게 복수하기로 결심하고는 다시 악착같이 돈을 모았습니다.",
        "textWordEA": 13
      }
    },
    {
      "srcTextID": "148474",
      "srcText": "안토니오는 샤일록을 굉장히 싫어했거든요. 샤일록은 가난한 사람들에게 돈을 빌려주고 터무니없이 비싼 이자를 받았어요. 그리고 돈을 갚지 못하면 아주 못살게 굴었지요. 하지만 안토니오는 어깨를 으쓱이며 말했어요. \"자네가 행복해질 수 있다면 나는 상관없네.\" 그래서 두 친구는 샤일록을 찾아가게 되었지요.\n\n",
      "srcPage": 3,
      "srcSentenceEA": 6,
      "srcWordEA": 41,
      "character": "안토니오,샤일록,사람들,돈,어깨",
      "setting": null,
      "action": "빌려 주고,받았어요",
      "feeling": null,
      "causalRelationship": "안토니오는 샤일록을 굉장히 싫어했거든요. 샤일록은 가난한 사람들에게 돈을 빌려주고 터무니없이 비싼 이자를 받았어요.",
      "outcomeResolution": "그래서 두 친구는 샤일록을 찾아가게 되었지요.",
      "prediction": null,
      "plotSummaryInfoCount": 1,
      "plotSummaryInfo": {
        "classification": "의사소통",
        "readAge": "초등_저학년",
        "form": "long-form",
        "plotSummaryText": "샤일록은 가난한 사람들에게 돈을 빌려 주고 터무니없이 비싼 이자를 받았고 돈을 갚지 못하면 아주 못살게 굴었기 때문에 안토니오는 그를 굉장히 싫어했지만, 친구가 행복해질 수 있다면 자신은 괜찮다고 말하며 두 사람은 샤일록을 찾아갔습니다.",
        "textWordEA": 32
      }
    },
    {
      "srcTextID": "148475",
      "srcText": "샤일록은 돈을 빌려주는 대신 조건을 하나 걸었어요. \"약속한 날짜에 돈을 갚지 못하면 당신의 살 1파운드를 주시오.\" 베사니오는 깜짝 놀라 안토니오를 말렸어요. \"살 1파운드를 베어 낸다는 건 목숨을 달라는 거나 다름없네!\" \"베사니오, 걱정하지 말게. 샤일록, 그렇게 하겠소.\"\n\n",
      "srcPage": 5,
      "srcSentenceEA": 6,
      "srcWordEA": 38,
      "character": "샤일록,돈,베사니오,안토니오",
      "setting": null,
      "action": "주시오,갚지,말렸어요,달라는",
      "feeling": "깜짝 놀라",
      "causalRelationship": null,
      "outcomeResolution": null,
      "prediction": null,
      "plotSummaryInfoCount": 1,
      "plotSummaryInfo": {
        "classification": "의사소통",
        "readAge": "초등_저학년",
        "form": "long-form",
        "plotSummaryText": "샤일록은 돈을 빌려 주는 대신 약속한 날짜에 돈을 갚지 못하면 안토니오의 살 1파운드를 주라고 말했고, 베사니오는 그건 목숨을 달라는 거나 다름없다며 말렸지만 안토니오는 그렇게 하겠다고 말했습니다.",
        "textWordEA": 26
      }
    },
    {
      "srcTextID": "148477",
      "srcText": "결국 베사니오는 안토니오의 도움으로 포시아를 만나러 갔어요. \"사랑하는 포시아, 나와 결혼해 주오.\" 두 사람은 서로의 진실한 마음을 알아보았고 곧 행복한 결혼식을 올렸지요. 그런데 베니스에서 안토니오의 배가 바다에 가라앉았다는 소문이 돌고 있다지 뭐예요. 뒤늦게 소식을 들은 베사니오는 안토니오가 걱정되었어요.",
      "srcPage": 6,
      "srcSentenceEA": 5,
      "srcWordEA": 41,
      "character": "베사니오,안토니오,포시아,배",
      "setting": "베니스,바다",
      "action": "들은,가라앉았다는,만나러",
      "feeling": "걱정되었어요",
      "causalRelationship": null,
      "outcomeResolution": null,
      "prediction": null,
      "plotSummaryInfoCount": 1,
      "plotSummaryInfo": {
        "classification": "의사소통",
        "readAge": "초등_저학년",
        "form": "long-form",
        "plotSummaryText": "베사니오는 안토니오의 도움으로 포시아를 만나 곧 행복한 결혼식을 올렸지만 베니스에서 안토니오의 배가 바다에 가라앉았다는 소식을 들고는 안토니오가 걱정되었습니다.",
        "textWordEA": 18
      }
    },
    {
      "srcTextID": "148480",
      "srcText": "베사니오는 베니스에 도착하자마자 재판소로 달려갔어요. 그리고 샤일록에게 돈을 내밀며 말했지요. \"내가 그 돈을 배로 갚겠소!\" 하지만 샤일록은 끄떡도 하지 않았어요. \"필요 없습니다. 저는 약속한 대로 안토니오의 살 1파운드만 받겠습니다.\"",
      "srcPage": 9,
      "srcSentenceEA": 6,
      "srcWordEA": 32,
      "character": "베사니오,샤일록,돈,안토니오",
      "setting": "베니스,재판소",
      "action": "도착하자마자,달려갔어요,내밀며,말했지요",
      "feeling": null,
      "causalRelationship": null,
      "outcomeResolution": null,
      "prediction": null,
      "plotSummaryInfoCount": 1,
      "plotSummaryInfo": {
        "classification": "의사소통",
        "readAge": "초등_저학년",
        "form": "long-form",
        "plotSummaryText": "베사니오는 베니스에 도착하자마자 재판소로 달려가 샤일록에게 돈을 내밀며 돈의 배로 갚겠다고 말했지만 샤일록은 그 돈은 필요 없고 약속한 대로 안토니오의 살 1파운드만 받겠다고 말했습니다.",
        "textWordEA": 24
      }
    },
    {
      "srcTextID": "148484",
      "srcText": "베사니오는 기쁜 소식을 전하러 집으로 달려갔어요. 그런데 이게 웬일이에요? 알고 보니 젊은 법학자는 바로 포시아가 아니겠어요? 베사니오는 지혜로운 포시아에게 고마워했어요. 한편 안토니오의 배는 무사히 항구에 도착했어요. 이렇게 힘든 일들이 잘 해결되자 모두 함께 모여 즐거운 시간을 보냈답니다.",
      "srcPage": 13,
      "srcSentenceEA": 6,
      "srcWordEA": 42,
      "character": "베사니오,젊은 법학자,포시아,안토니오,배",
      "setting": "집,항구",
      "action": "도착했어요,달려갔어요",
      "feeling": "고마워했어요,기쁜,즐거운",
      "causalRelationship": null,
      "outcomeResolution": null,
      "prediction": null,
      "plotSummaryInfoCount": 1,
      "plotSummaryInfo": {
        "classification": "의사소통",
        "readAge": "초등_저학년",
        "form": "long-form",
        "plotSummaryText": "베사니오는 기쁜 소식을 전하러 집으로 달려갔는데 알고 보니 젊은 법학자는 바로 포시아였고 한편 안토니오의 배는 무사히 항구에 도착했으며 힘든 일들이 잘 해결되자 모두 함께 모여 즐거운 시간을 보냈습니다.",
        "textWordEA": 28
      }
    },
    {
      "srcTextID": "148482",
      "srcText": "결국 재판관은 할 수 없이 판결을 내렸어요. \"샤일록은 약속대로 안토니오의 살 1파운드를 베어 가시오.\" 그러자 샤일록은 음흉스레 웃으며 칼을 빼어 들었지요. 바로 그때, 한 젊은 법학자가 나타났어요. 그는 큰 소리로 샤일록에게 외쳤지요. \"하지만 약속에 없는 안토니오의 피는 단 한 방울도 흘려서는 안 되오.\"",
      "srcPage": 11,
      "srcSentenceEA": 6,
      "srcWordEA": 46,
      "character": "재판관,샤일록,안토니오,칼,젊은 법학자",
      "setting": null,
      "action": "베어 가시오,외쳤지요,빼어 들었지요",
      "feeling": null,
      "causalRelationship": null,
      "outcomeResolution": null,
      "prediction": "하지만 약속에 없는 안토니오의 피는 단 한 방울도 흘려서는 안 되오.",
      "plotSummaryInfoCount": 1,
      "plotSummaryInfo": {
        "classification": "의사소통",
        "readAge": "초등_저학년",
        "form": "long-form",
        "plotSummaryText": "결국 재판관은 할 수 없이 샤일록에게 약속대로 안토니오의 살 1파운드를 베어 가라는 판결을 내렸고 샤일록이 칼을 빼어 들자, 한 젊은 법학자가 나타나서는 약속에 없는 안토니오의 피는 단 한 방울도 흘려서는 안 된다고 외쳤습니다.",
        "textWordEA": 33
      }
    },
    {
      "srcTextID": "148483",
      "srcText": "그러자 샤일록이 울상을 지었어요. \"어떻게 피를 흘리지 않고 살을 베라는 겁니까?\" \"그럼 살을 베겠다는 약속은 올바르다고 생각하오?\" 샤일록은 아무 말도 하지 못했어요. 재판관은 샤일록에게 벌을 내렸어요. \"샤일록은 재산의 절반을 나라에 바치고, 나머지 절반은 안토니오에게 주시오. 종교도 유대교에서 기독교로 바꾸도록 하시오!\"",
      "srcPage": 12,
      "srcSentenceEA": 7,
      "srcWordEA": 43,
      "character": "샤일록,피,살,재판관,안토니오,유대교,기독교",
      "setting": null,
      "action": "주시오,베라는,바치고,바꾸도록",
      "feeling": null,
      "causalRelationship": null,
      "outcomeResolution": null,
      "prediction": null,
      "plotSummaryInfoCount": 1,
      "plotSummaryInfo": {
        "classification": "의사소통",
        "readAge": "초등_저학년",
        "form": "long-form",
        "plotSummaryText": "그러자 어떻게 피를 흘리지 않고 살을 베라는 거냐며 샤일록이 울상을 지으며 말했고 그럼 살을 베겠다는 약속은 올바르다고 생각하냐는 재판관의 물음에 그는 아무 말도 하지 못했습니다.",
        "textWordEA": 25
      }
    },
    {
      "srcTextID": "148489",
      "srcText": "샤일록은 안토니오에게 그동안의 일을 이야기했어요. 하지만 안토니오는 퉁명스럽게 말했어요. \"베니스 사람이 그런 짓을 할 리가 없소. 게다가 당신 같은 유대 사람의 말은 믿을 수 없소.\" 안토니오는 샤일록을 내쫓았어요.",
      "srcPage": 18,
      "srcSentenceEA": 5,
      "srcWordEA": 31,
      "character": "샤일록,안토니오,사람,유대 사람",
      "setting": "베니스,그동안",
      "action": "말했어요,내쫓았어요,이야기했어요",
      "feeling": null,
      "causalRelationship": null,
      "outcomeResolution": null,
      "prediction": null,
      "plotSummaryInfoCount": 1,
      "plotSummaryInfo": {
        "classification": "의사소통",
        "readAge": "초등_저학년",
        "form": "long-form",
        "plotSummaryText": "샤일록은 안토니오에게 그동안의 일을 이야기했지만, 그는 베니스 사람이 그런 짓을 할 리가 없으며 당신 같은 유대 사람의 말은 믿을 수 없다고 말하며 샤일록을 내쫓았습니다.",
        "textWordEA": 24
      }
    }
  ]
}