{
  "title": "춤추는 빨간 구두",
  "author": "안데르센",
  "illustrator": "김미선",
  "isbn": "9791128210808",
  "publishedYear": 2018,
  "publisher": "아람북스",
  "paragraphInfoCount": 16,
  "paragraphInfo": [
    {
      "srcTextID": "18115",
      "srcText": "“춤출 때 단단히 들러붙어 있어라!” 카렌은 군인의 말 따위는 신경 쓰지 않았어요. 카렌이 교회로 들어서자, 사람들은 또 얼굴을 찌푸렸어요. 하지만 카렌은 오로지 빨간 구두만 생각했어요.",
      "srcPage": 7,
      "srcSentenceEA": 4,
      "srcWordEA": 28,
      "character": "카렌,군인,사람들,빨간 구두",
      "setting": "교회",
      "action": "들어서자",
      "feeling": "얼굴을 찌뿌렸어요",
      "causalRelationship": null,
      "outcomeResolution": null,
      "prediction": null,
      "plotSummaryInfoCount": 1,
      "plotSummaryInfo": {
        "classification": "의사소통",
        "readAge": "초등_저학년",
        "form": "long-form",
        "plotSummaryText": "군인은 춤출 때 들러붙어 있으라고 카렌에게 말했지만, 신경 쓰지 않았고 카렌이 교회로 들어서자, 사람들이 얼굴을 찌푸렸지만, 카렌은 빨간 구두만 생각했습니다.",
        "textWordEA": 20
      }
    },
    {
      "srcTextID": "18130",
      "srcText": "지칠 대로 지친 카렌은 교회 앞에서 흰옷을 입은 천사를 보았어요. 천사는 차가운 얼굴로 카렌을 내려다보았어요. 카렌은 천사를 보며 울부짖었어요. “제발, 부탁이에요! 춤을 멈추게 해 주세요!” 하지만 천사는 가만히 듣기만 했어요.",
      "srcPage": 14,
      "srcSentenceEA": 6,
      "srcWordEA": 34,
      "character": "카렌,천사",
      "setting": "교회 앞",
      "action": "울부짖었어요,내려다보았어요,듣기만 했어요",
      "feeling": null,
      "causalRelationship": null,
      "outcomeResolution": null,
      "prediction": null,
      "plotSummaryInfoCount": 1,
      "plotSummaryInfo": {
        "classification": "의사소통",
        "readAge": "초등_저학년",
        "form": "long-form",
        "plotSummaryText": "지친 카렌은 교회 앞에서 흰옷을 입은 천사를 보았고, 천사에게 울부짖으며 춤을 멈추게 해달라고 부탁했지만 천사는 듣기만 했습니다.",
        "textWordEA": 17
      }
    },
    {
      "srcTextID": "18114",
      "srcText": "카렌이 나타나자 사람들은 눈이 휘둥그레졌어요. 사람들이 소곤거리는 소리를 들은 부인은 눈살을 찌푸렸어요. 하지만 카렌은 아랑곳하지 않고 폴짝폴짝 뛰며 교회로 들어갔어요.",
      "srcPage": 4,
      "srcSentenceEA": 3,
      "srcWordEA": 22,
      "character": "카렌,사람들,부인",
      "setting": "교회",
      "action": "폴짝폴짝 뛰며,들어갔어요",
      "feeling": "눈이 휘둥그레졌어요,눈살을 찌푸렸어요,아랑곳하지 않고",
      "causalRelationship": null,
      "outcomeResolution": null,
      "prediction": null,
      "plotSummaryInfoCount": 1,
      "plotSummaryInfo": {
        "classification": "의사소통",
        "readAge": "초등_저학년",
        "form": "short-form",
        "plotSummaryText": "카렌을 보며 사람들이 소곤거리는 소리를 들은 부인은 신경 쓰였지만, 카렌은 아랑곳 않고 교회로 폴짝폴짝 뛰며 들어갔습니다.",
        "textWordEA": 16
      }
    },
    {
      "srcTextID": "18121",
      "srcText": "카렌은 덜컥 겁이 났어요. 빨간 구두를 벗으려고 애썼지만, 발에 딱 달라붙어 떨어지지 않았어요. 카렌이 힘껏 발뒤꿈치를 밀어 보고 발길질도 해 보았지만 소용없었어요.",
      "srcPage": 12,
      "srcSentenceEA": 3,
      "srcWordEA": 24,
      "character": "카렌,빨간 구두,발뒤꿈치",
      "setting": null,
      "action": "밀어 보고,벗으려고",
      "feeling": "겁이 났어요",
      "causalRelationship": null,
      "outcomeResolution": null,
      "prediction": null,
      "plotSummaryInfoCount": 1,
      "plotSummaryInfo": {
        "classification": "의사소통",
        "readAge": "초등_저학년",
        "form": "short-form",
        "plotSummaryText": "겁이 난 카렌이 구두를 벗으려 발뒤꿈치를 밀어보고 발길질도 했지만 벗어지지 않았습니다.",
        "textWordEA": 11
      }
    },
    {
      "srcTextID": "18111",
      "srcText": "카렌은 얼른 빨간 구두를 신어 보았어요. “구두가 잘 어울리는구나.” 눈이 나쁜 부인은 그 구두가 검은색인 줄 알았어요.",
      "srcPage": 3,
      "srcSentenceEA": 3,
      "srcWordEA": 18,
      "character": "카렌,빨간 구두,부인",
      "setting": null,
      "action": "신어 보았어요",
      "feeling": null,
      "causalRelationship": "눈이 나쁜 부인은 그 구두가 검은색인 줄 알았어요.",
      "outcomeResolution": null,
      "prediction": null,
      "plotSummaryInfoCount": 1,
      "plotSummaryInfo": {
        "classification": "의사소통",
        "readAge": "초등_저학년",
        "form": "short-form",
        "plotSummaryText": "카렌은 빨간 구두를 신었고, 눈이 나쁜 부인은 그 구두가 검은색인 줄 알았답니다.",
        "textWordEA": 12
      }
    },
    {
      "srcTextID": "18113",
      "srcText": "카렌은 빨간 구두를 뽐내고 싶었어요. 검은 구두들 사이에서 카렌의 빨간 구두만 눈에 띄었어요. 부인은 화가 났지만 점잖은 목소리로 카렌을 타일렀어요.",
      "srcPage": 5,
      "srcSentenceEA": 3,
      "srcWordEA": 22,
      "character": "카렌,빨간 구두,검은 구두,부인",
      "setting": null,
      "action": "타일렀어요",
      "feeling": "화가 났지만",
      "causalRelationship": null,
      "outcomeResolution": null,
      "prediction": null,
      "plotSummaryInfoCount": 1,
      "plotSummaryInfo": {
        "classification": "의사소통",
        "readAge": "초등_저학년",
        "form": "short-form",
        "plotSummaryText": "부인은 눈에 띄는 빨간 구두를 뽐내고 싶어 하는 카렌에게 화가 났지만 점잖은 목소리로 카렌을 타일렀습니다.",
        "textWordEA": 15
      }
    },
    {
      "srcTextID": "18118",
      "srcText": "카렌이 교회를 나서는데, 여전히 군인이 서 있었어요. 군인은 카렌을 보며 말했어요. “예쁜 구두야, 춤을 추어라!”",
      "srcPage": 8,
      "srcSentenceEA": 3,
      "srcWordEA": 16,
      "character": "카렌,군인,구두",
      "setting": "교회",
      "action": "나서는데,말했어요,서 있었어요",
      "feeling": null,
      "causalRelationship": null,
      "outcomeResolution": null,
      "prediction": null,
      "plotSummaryInfoCount": 1,
      "plotSummaryInfo": {
        "classification": "의사소통",
        "readAge": "초등_저학년",
        "form": "short-form",
        "plotSummaryText": "카렌이 교회를 나서는데, 군인이 카렌을 보더니 구두를 보고 춤추라고 말했습니다.",
        "textWordEA": 10
      }
    },
    {
      "srcTextID": "18117",
      "srcText": "그러자 카렌이 신고 있던 빨간 구두가 제멋대로 움직이며 돌아다녔어요. 카렌을 붙잡으려던 부인에게 발길질까지 했어요. 사람들이 모두 달려들어 억지로 구두를 벗기고 나서야 카렌은 얌전해졌어요.",
      "srcPage": 9,
      "srcSentenceEA": 3,
      "srcWordEA": 25,
      "character": "카렌,빨간 구두,부인,구두",
      "setting": null,
      "action": "제멋대로 움직이며 돌아다녔어요,발길질까지 했어요",
      "feeling": null,
      "causalRelationship": "사람들이 모두 달려들어 억지로 구두를 벗기고 나서야 카렌은 얌전해졌어요.",
      "outcomeResolution": null,
      "prediction": null,
      "plotSummaryInfoCount": 1,
      "plotSummaryInfo": {
        "classification": "의사소통",
        "readAge": "초등_저학년",
        "form": "short-form",
        "plotSummaryText": "빨간 구두가 제멋대로 움직이더니 부인에게 발길질까지 했고, 사람들이 카렌의 구두를 벗기자, 카렌은 얌전해졌습니다.",
        "textWordEA": 13
      }
    },
    {
      "srcTextID": "18119",
      "srcText": "부인이 아파서 몸져누웠지만 카렌은 빨간 구두만 생각했어요. ‘딱 한 번만 신어 봐야지.’ 카렌이 빨간 구두를 신자마자 구두는 다시 춤추기 시작했어요. 카렌이 오른쪽으로 가려고 하면 빨간 구두는 왼쪽으로 가고, 카렌이 올라가려고 하면 빨간 구두는 내려갔어요.",
      "srcPage": 10,
      "srcSentenceEA": 4,
      "srcWordEA": 37,
      "character": "부인,카렌,빨간 구두",
      "setting": null,
      "action": "춤추기 시작했어요,내려갔어요,몸져누웠지만,신자마자",
      "feeling": null,
      "causalRelationship": "카렌이 빨간 구두를 신자마자 구두는 다시 춤추기 시작했어요.",
      "outcomeResolution": null,
      "prediction": null,
      "plotSummaryInfoCount": 1,
      "plotSummaryInfo": {
        "classification": "의사소통",
        "readAge": "초등_저학년",
        "form": "long-form",
        "plotSummaryText": "부인이 아픈데도 카렌은 빨간 구두를 신을 생각만 했고, 카렌이 빨간 구두를 신자 다시 춤추기 시작한 빨간 구두는 카렌의 말과 반대로 움직이기 시작했습니다.",
        "textWordEA": 22
      }
    },
    {
      "srcTextID": "18131",
      "srcText": "그때였어요. 카렌의 귓가에 아름다운 소리가 들렸어요. 교회의 오르간 소리였어요. 부드러운 음악이 가슴속으로 스며들자 카렌의 눈에서 뜨거운 눈물이 한없이 흘러내렸어요. 잘못했어요! 다시는 거짓말도 하지 않고 욕심도 부리지 않을게요!",
      "srcPage": 15,
      "srcSentenceEA": 5,
      "srcWordEA": 32,
      "character": "카렌,오르간",
      "setting": "교회",
      "action": "눈물이 한없이 흘러내렸어요",
      "feeling": "잘못했어요!",
      "causalRelationship": null,
      "outcomeResolution": null,
      "prediction": null,
      "plotSummaryInfoCount": 1,
      "plotSummaryInfo": {
        "classification": "의사소통",
        "readAge": "초등_저학년",
        "form": "long-form",
        "plotSummaryText": "그때 카렌의 귓가에 교회 오르간 소리가 들렸고, 카렌은 눈물을 한없이 흘러내리며 거짓말도 욕심도 부리지 않겠다고 말했습니다.",
        "textWordEA": 16
      }
    },
    {
      "srcTextID": "18110",
      "srcText": "어느 날 카렌은 마차에서 내리는 공주를 보았어요. 공주는 반짝반짝 빛나는 빨간 구두를 신고 있었어요. ‘어머나, 예뻐라. 나도 빨간 구두를 신고 싶어.’ 카렌은 공주의 빨간 구두에서 눈을 떼지 못했어요.",
      "srcPage": 1,
      "srcSentenceEA": 5,
      "srcWordEA": 32,
      "character": "카렌,마차,공주,빨간 구두",
      "setting": "어느 날",
      "action": "내리는,보았어,눈을 떼지 못했어요",
      "feeling": null,
      "causalRelationship": null,
      "outcomeResolution": null,
      "prediction": null,
      "plotSummaryInfoCount": 1,
      "plotSummaryInfo": {
        "classification": "의사소통",
        "readAge": "초등_저학년",
        "form": "long-form",
        "plotSummaryText": "어느 날 카렌은 마차에서 내리는 공주의 빨간 구두를 보고 눈을 떼지 못했습니다.",
        "textWordEA": 12
      }
    },
    {
      "srcTextID": "18112",
      "srcText": "카렌이 세례를 받으러 교회에 가는 날, 부인은 카렌을 솜씨 좋은 구두장이에게 데려갔어요. “카렌, 교회에 신고 갈 검은 구두를 골라 보렴.” 그런데 그곳에 공주의 빨간 구두와 똑같은 구두가 있었어요.",
      "srcPage": 2,
      "srcSentenceEA": 3,
      "srcWordEA": 29,
      "character": "카렌,부인,구두장이,검은 구두",
      "setting": "교회에 가는 날",
      "action": "데려갔어요,신고 갈,골라 보렴",
      "feeling": null,
      "causalRelationship": null,
      "outcomeResolution": null,
      "prediction": null,
      "plotSummaryInfoCount": 1,
      "plotSummaryInfo": {
        "classification": "의사소통",
        "readAge": "초등_저학년",
        "form": "short-form",
        "plotSummaryText": "교회에 가는 날, 부인은 카렌을 구두장이에게 데려가 검은 구두를 골라보라 말했지만, 그곳에 공주의 구두와 똑같은 빨간 구두가 있었습니다.",
        "textWordEA": 18
      }
    },
    {
      "srcTextID": "18116",
      "srcText": "다시 교회에 가는 날, 카렌은 빨간 구두를 몰래 꺼내 신었어요. 교회 앞에 목발을 짚은 늙은 군인이 서 있었어요. “예쁜 구두로구나.” 군인은 갑자기 목발로 빨간 구두를 탁탁 쳤어요.",
      "srcPage": 6,
      "srcSentenceEA": 4,
      "srcWordEA": 29,
      "character": "카렌,빨간 구두,목발,군인,구두",
      "setting": "교회에 가는 날",
      "action": "탁탁 쳤어요",
      "feeling": null,
      "causalRelationship": null,
      "outcomeResolution": null,
      "prediction": null,
      "plotSummaryInfoCount": 1,
      "plotSummaryInfo": {
        "classification": "의사소통",
        "readAge": "초등_저학년",
        "form": "long-form",
        "plotSummaryText": "카렌은 교회에 빨간 구두를 몰래 신고 가는 날, 교회 앞에 서 있던 늙은 군인이 목발로 구두를 탁탁 치며 예쁜 구두라고 말했습니다.",
        "textWordEA": 21
      }
    },
    {
      "srcTextID": "18120",
      "srcText": "빨간 구두는 카렌을 어두운 숲으로 데려갔어요. 카렌은 숲속에서 또 그 군인을 만났어요. “예쁜 구두야, 계속해서 춤을 추어라!”",
      "srcPage": 11,
      "srcSentenceEA": 3,
      "srcWordEA": 18,
      "character": "빨간 구두,카렌,군인",
      "setting": "어두운 숲,숲속",
      "action": "데려갔어요,춤을 추어라",
      "feeling": null,
      "causalRelationship": null,
      "outcomeResolution": null,
      "prediction": null,
      "plotSummaryInfoCount": 1,
      "plotSummaryInfo": {
        "classification": "의사소통",
        "readAge": "초등_저학년",
        "form": "short-form",
        "plotSummaryText": "빨간 구두와 카렌은 어두운 숲으로 갔고, 다시 만난 군인은 구두에게 계속 춤추라고 말했습니다.",
        "textWordEA": 13
      }
    },
    {
      "srcTextID": "18129",
      "srcText": "카렌의 빨간 구두는 계속 춤을 추었어요. 밤낮없이 춤을 춰야 했지요. 그러던 어느 날, 카렌은 마음씨 고운 부인이 돌아가신 걸 알았어요. 부인이 무척 보고 싶었지만 도무지 춤을 멈출 수가 없었어요.",
      "srcPage": 13,
      "srcSentenceEA": 4,
      "srcWordEA": 32,
      "character": "카렌,빨간 구두,부인",
      "setting": "어느 날,밤낮없이,계속",
      "action": "춤을 추었어요",
      "feeling": "무척 보고 싶었지만",
      "causalRelationship": null,
      "outcomeResolution": null,
      "prediction": null,
      "plotSummaryInfoCount": 1,
      "plotSummaryInfo": {
        "classification": "의사소통",
        "readAge": "초등_저학년",
        "form": "long-form",
        "plotSummaryText": "빨간 구두는 계속 춤을 추었고, 카렌은 부인이 돌아가신 걸 알고도 춤을 멈출 수 없었습니다.",
        "textWordEA": 14
      }
    },
    {
      "srcTextID": "18132",
      "srcText": "“카렌, 이제 눈물을 그치렴.” 눈부시게 환한 빛이 카렌을 감쌌어요. 카렌의 빨간 구두는 더 이상 춤을 추지 않았어요. 카렌은 아주 편안해졌어요. 천사의 품에 안긴 카렌은 오래도록 깊은 잠에 빠져들었어요.",
      "srcPage": 16,
      "srcSentenceEA": 5,
      "srcWordEA": 32,
      "character": "카렌,빨간 구두,천사",
      "setting": null,
      "action": "품에 안긴,눈물을 그치렴,춤을 추지,잠에 빠져들었어요",
      "feeling": "편안해졌어요",
      "causalRelationship": null,
      "outcomeResolution": null,
      "prediction": null,
      "plotSummaryInfoCount": 1,
      "plotSummaryInfo": {
        "classification": "의사소통",
        "readAge": "초등_저학년",
        "form": "long-form",
        "plotSummaryText": "천사가 카렌을 안아주자 빨간 구두는 춤을 멈췄고, 천사의 품에 안긴 카렌은 편안해 오래도록 깊은 잠을 잤습니다.",
        "textWordEA": 16
      }
    }
  ]
}