{
  "title": "해님과 달님",
  "author": "송경진",
  "illustrator": "정기성",
  "isbn": "9788992191630",
  "publishedYear": 2006,
  "publisher": "한국아이엔이",
  "paragraphInfoCount": 27,
  "paragraphInfo": [
    {
      "srcTextID": "101537",
      "srcText": "오누이는 나무 위에서 벌벌 떨고 있었지요. \"아, 목말라!\" 호랑이는 집 주위를 빙빙 돌며 오누이를 찾다가 우물가로 갔어요.",
      "srcPage": 13,
      "srcSentenceEA": 3,
      "srcWordEA": 18,
      "character": "오누이,호랑이,나무",
      "setting": null,
      "action": "떨고,돌며,찾다가,갔어요",
      "feeling": null,
      "causalRelationship": null,
      "outcomeResolution": null,
      "prediction": null,
      "plotSummaryInfoCount": 1,
      "plotSummaryInfo": {
        "classification": "의사소통",
        "readAge": "초등_저학년",
        "form": "short-form",
        "plotSummaryText": "오누이는 나무 위에서 벌벌 떨고 있었고 목이 마른 호랑이는 집 주위를 돌며 오누이를 찾다가 우물가로 갔습니다.",
        "textWordEA": 16
      }
    },
    {
      "srcTextID": "101540",
      "srcText": "호랑이는 물을 마시려고 우물을 들여다 보았어요. 우물물에는 오누이의 그림자가 비치고 있었지요. \"오라, 이 녀석들이 바로 여기 있었구나!\"",
      "srcPage": 14,
      "srcSentenceEA": 3,
      "srcWordEA": 18,
      "character": "호랑이,오누이,녀석들,그림자",
      "setting": null,
      "action": "마시려고,들여다 보았어요",
      "feeling": null,
      "causalRelationship": null,
      "outcomeResolution": null,
      "prediction": null,
      "plotSummaryInfoCount": 1,
      "plotSummaryInfo": {
        "classification": "의사소통",
        "readAge": "초등_저학년",
        "form": "short-form",
        "plotSummaryText": "호랑이가 물을 마시려고 우물을 들여다보니 오누이의 그림자가 비치고 있었습니다.",
        "textWordEA": 9
      }
    },
    {
      "srcTextID": "101542",
      "srcText": "호랑이는 얼른 부엌에서 참기름을 가져다가 나무에 발랐어요. 그리고는 나무 위로 올라가다가 미끄러져 엉덩방아를 찧었지요. \"아이쿠, 엉덩이야!\"",
      "srcPage": 16,
      "srcSentenceEA": 3,
      "srcWordEA": 17,
      "character": "호랑이,부엌,참기름",
      "setting": null,
      "action": "가져다가,발랐어요,올라가다가,미끄러져",
      "feeling": null,
      "causalRelationship": null,
      "outcomeResolution": null,
      "prediction": null,
      "plotSummaryInfoCount": 1,
      "plotSummaryInfo": {
        "classification": "의사소통",
        "readAge": "초등_저학년",
        "form": "short-form",
        "plotSummaryText": "호랑이는 부엌에서 참기름을 가져와 나무에 바르고 오르다가 미끄러져 엉덩방아를 찧었습니다.",
        "textWordEA": 10
      }
    },
    {
      "srcTextID": "101543",
      "srcText": "하지만 호랑이는 도끼를 찾아들고 나무를 콩콩 찍으며 올라왔어요. \"무서워. 어떡해!\" 호랑이는 점점 가까이 다가왔지요. 바들바들 떨던 오누이는 두 손을 모아 하나님께 빌었어요. \"하느님, 제발 우리를 살려 주세요!\"",
      "srcPage": 18,
      "srcSentenceEA": 5,
      "srcWordEA": 30,
      "character": "호랑이,도끼,오누이",
      "setting": null,
      "action": "찾아들고,찍으며,올라왔어요,다가왔지요,떨던",
      "feeling": null,
      "causalRelationship": null,
      "outcomeResolution": null,
      "prediction": null,
      "plotSummaryInfoCount": 1,
      "plotSummaryInfo": {
        "classification": "의사소통",
        "readAge": "초등_저학년",
        "form": "long-form",
        "plotSummaryText": "호랑이는 도끼를 찾아들고 나무를 찍으며 올라왔고, 무서워하던 오누이는 살려달라고 하느님께 빌었습니다.",
        "textWordEA": 11
      }
    },
    {
      "srcTextID": "101545",
      "srcText": "나무 위까지 올라온 호랑이는 밧줄을 타고 올라가는 오누이를 올려다보았어요. '옳지, 나도 기도해야지.' 호랑이는 오누이처럼 하느님께 빌었어요. \"하느님, 저를 살리시려면 썩은 밧줄을 내려 주시고, 아니면 금 밧줄을 내려 주십시오.\" 그러자 정말 하늘에서 밧줄이 스르르 내려왔어요.",
      "srcPage": 20,
      "srcSentenceEA": 5,
      "srcWordEA": 36,
      "character": "호랑이,밧줄,오누이,하느님",
      "setting": null,
      "action": "타고 올라가는,올려다보았어요,빌었어요",
      "feeling": null,
      "causalRelationship": null,
      "outcomeResolution": null,
      "prediction": null,
      "plotSummaryInfoCount": 1,
      "plotSummaryInfo": {
        "classification": "의사소통",
        "readAge": "초등_저학년",
        "form": "long-form",
        "plotSummaryText": "호랑이는 오누이처럼 자신을 살리려면 썩은 밧줄을 내려 주고, 아니면 금 밧줄을 내려 달라고 하느님께 빌었고, 그러자 하늘에서 밧줄이 스르르 내려왔습니다.",
        "textWordEA": 20
      }
    },
    {
      "srcTextID": "101525",
      "srcText": "오늘도 어머니는 산 너머 잔칫집에 일을 하러 갔어요. 그런데 밤이 늦도록 어머니는 돌아오지 않았어요. \"오빠, 엄마가 왜 안 오시지?\"",
      "srcPage": 2,
      "srcSentenceEA": 3,
      "srcWordEA": 20,
      "character": "어머니,오빠,엄마",
      "setting": "산 너머 잔칫집",
      "action": "갔어요",
      "feeling": null,
      "causalRelationship": null,
      "outcomeResolution": null,
      "prediction": null,
      "plotSummaryInfoCount": 1,
      "plotSummaryInfo": {
        "classification": "의사소통",
        "readAge": "초등_저학년",
        "form": "short-form",
        "plotSummaryText": "산 너머 잔칫집에 일하러 간 어머니가 밤늦도록 돌아오지 않자, 오빠에게 왜 엄마가 오시지 않는지 물었습니다.",
        "textWordEA": 15
      }
    },
    {
      "srcTextID": "101526",
      "srcText": "한편, 일을 마친 어머니는 떡을 싸 가지고 고개를 넘고 있었어요. '이 떡을 보면 아이들이 얼마나 좋아할까!' 어머니는 아이들을 생각하며 발걸음을 재촉했지요. 그때였어요. \"어흥! 게섰거라.\" 고갯마루에 이르자 호랑이가 버티고 앉아서 소리쳤어요.",
      "srcPage": 4,
      "srcSentenceEA": 6,
      "srcWordEA": 34,
      "character": "어머니,아이들,호랑이",
      "setting": null,
      "action": "일을 마친,싸 가지고,넘고,재촉했지요,앉아서",
      "feeling": "좋아할까",
      "causalRelationship": null,
      "outcomeResolution": null,
      "prediction": null,
      "plotSummaryInfoCount": 1,
      "plotSummaryInfo": {
        "classification": "의사소통",
        "readAge": "초등_저학년",
        "form": "long-form",
        "plotSummaryText": "한편 일을 마친 어머니가 떡을 싸 고개를 넘고 있었는데, 고갯마루에 이르자 호랑이가 앉아서 멈추라고 소리쳤습니다.",
        "textWordEA": 15
      }
    },
    {
      "srcTextID": "101527",
      "srcText": "\"흐흐흐, 배고픈데 잘 만났다.\" 어머니는 눈앞이 캄캄했지요. \"호랑이님, 살려 주세요!\"",
      "srcPage": 5,
      "srcSentenceEA": 3,
      "srcWordEA": 11,
      "character": "어머니,호랑이",
      "setting": null,
      "action": "만났다",
      "feeling": null,
      "causalRelationship": null,
      "outcomeResolution": null,
      "prediction": null,
      "plotSummaryInfoCount": 1,
      "plotSummaryInfo": {
        "classification": "의사소통",
        "readAge": "초등_저학년",
        "form": "short-form",
        "plotSummaryText": "배고픈데 잘 만났다는 호랑이의 말에 어머니는 눈앞이 캄캄해져서 살려 달라고 빌었습니다.",
        "textWordEA": 11
      }
    },
    {
      "srcTextID": "101538",
      "srcText": "오누이는 몰래 뒷문으로 나와, 뒤뜰에 있는 커다란 나무 위로 올라갔어요. \"오빠, 무서워!\" \"쉬잇! 조용히 해.\"",
      "srcPage": 12,
      "srcSentenceEA": 3,
      "srcWordEA": 16,
      "character": "오누이,오빠,나무",
      "setting": null,
      "action": "나와,올라갔어요",
      "feeling": null,
      "causalRelationship": null,
      "outcomeResolution": null,
      "prediction": null,
      "plotSummaryInfoCount": 1,
      "plotSummaryInfo": {
        "classification": "의사소통",
        "readAge": "초등_저학년",
        "form": "short-form",
        "plotSummaryText": "오누이는 몰래 뒷문으로 나와 커다란 나무 위로 올라갔고, 무섭다고 하자 오빠는 조용히 하라고 말했습니다.",
        "textWordEA": 14
      }
    },
    {
      "srcTextID": "101546",
      "srcText": "\"요놈들, 어디 두고 보자. 내가 놓칠 줄 아느냐!\" 호랑이도 밧줄을 타고 올라가려고 했지만 밧줄은 중간에서 뚝 끊어지고 말았어요.",
      "srcPage": 21,
      "srcSentenceEA": 3,
      "srcWordEA": 20,
      "character": "호랑이,밧줄",
      "setting": null,
      "action": "타고 올라가려고",
      "feeling": null,
      "causalRelationship": null,
      "outcomeResolution": null,
      "prediction": null,
      "plotSummaryInfoCount": 1,
      "plotSummaryInfo": {
        "classification": "의사소통",
        "readAge": "초등_저학년",
        "form": "short-form",
        "plotSummaryText": "놓치지 않겠다고 외치며 호랑이도 밧줄을 타고 올라가려고 했지만, 밧줄은 중간에서 끊어져 버렸습니다.",
        "textWordEA": 12
      }
    },
    {
      "srcTextID": "101547",
      "srcText": "호랑이가 잡은 밧줄은 썩은 밧줄이었거든요. \"으아악!\" 호랑이는 그만 수수밭에 떨어져 죽고 말았어요. 수수깡이 붉은 것은, 이때 묻은 호랑이 피 때문이랍니다.",
      "srcPage": 22,
      "srcSentenceEA": 3,
      "srcWordEA": 22,
      "character": "호랑이,썩은 밧줄,호랑이 피",
      "setting": "수수밭",
      "action": "잡은,떨어져",
      "feeling": null,
      "causalRelationship": null,
      "outcomeResolution": null,
      "prediction": null,
      "plotSummaryInfoCount": 1,
      "plotSummaryInfo": {
        "classification": "의사소통",
        "readAge": "초등_저학년",
        "form": "short-form",
        "plotSummaryText": "호랑이는 썩은 밧줄을 잡았기에 수수밭에 떨어져 죽고 말았는데, 수수깡이 붉은 것은 이때 묻은 호랑이 피 때문이라고 합니다.",
        "textWordEA": 17
      }
    },
    {
      "srcTextID": "101549",
      "srcText": "한편, 하늘로 올라간 오빠는 해가 되고 동생은 달이 되었어요. 그러자 동생이 하느님께 애원했어요. \"하느님, 저는 밤이 무서워요. 제발 제가 해가 되게 해 주세요.\"",
      "srcPage": 23,
      "srcSentenceEA": 4,
      "srcWordEA": 25,
      "character": "오빠,동생,하느님,해",
      "setting": null,
      "action": "올라간",
      "feeling": null,
      "causalRelationship": null,
      "outcomeResolution": null,
      "prediction": null,
      "plotSummaryInfoCount": 1,
      "plotSummaryInfo": {
        "classification": "의사소통",
        "readAge": "초등_저학년",
        "form": "long-form",
        "plotSummaryText": "한편 하늘로 올라간 오빠는 해가 되고 동생은 달이 되었는데, 밤이 무서웠던 동생은 하느님께 해가 되고 싶다고 애원했습니다.",
        "textWordEA": 17
      }
    },
    {
      "srcTextID": "101523",
      "srcText": "옛날, 어느 산골 외딴집에 홀어머니와 오누이가 살았어요. 몹시 가난하였지만, 세 식구는 행복하게 살았어요. 어머니는 밤새도록 바느질을 했어요. 그리고 낮에는 남의 집 일을 하러 다녔지요.",
      "srcPage": 1,
      "srcSentenceEA": 4,
      "srcWordEA": 27,
      "character": "홀어머니,오누이,바느질",
      "setting": "어느 산골 외딴집",
      "action": "남의 집 일을 하러,바느질을 했어요",
      "feeling": null,
      "causalRelationship": null,
      "outcomeResolution": null,
      "prediction": null,
      "plotSummaryInfoCount": 1,
      "plotSummaryInfo": {
        "classification": "의사소통",
        "readAge": "초등_저학년",
        "form": "long-form",
        "plotSummaryText": "옛날 어느 산골 외딴집에 가난하지만, 행복하게 지내는 홀어머니와 오누이가 살았는데, 어머니는 밤에는 바느질하고 낮에는 남의 집 일을 하러 다녔다.",
        "textWordEA": 19
      }
    },
    {
      "srcTextID": "101524",
      "srcText": "\"엄마가 오실 때 떡을 얻어 온다고 하셨는데.\" \"글쎄, 일이 늦게 끝나셨나 봐.\" 떡 먹을 생각에 기쁘기만 했던 오누이는 점점 걱정이 되었어요.",
      "srcPage": 3,
      "srcSentenceEA": 3,
      "srcWordEA": 22,
      "character": "엄마,오누이,떡",
      "setting": null,
      "action": "얻어",
      "feeling": "기쁘기만",
      "causalRelationship": null,
      "outcomeResolution": null,
      "prediction": null,
      "plotSummaryInfoCount": 1,
      "plotSummaryInfo": {
        "classification": "의사소통",
        "readAge": "초등_저학년",
        "form": "short-form",
        "plotSummaryText": "엄마가 오실 때 떡을 얻어 온다고 하신 말씀에 기쁘게 기다리던 오누이는 점점 걱정되었습니다.",
        "textWordEA": 13
      }
    },
    {
      "srcTextID": "101529",
      "srcText": "어머니가 또 다른 고갯마루에 이르자 호랑이가 다시 나타나서 말했어요. \"어흥, 떡 하나 주면 안 잡아먹지.\" 어머니는 하는 수 없이 또 떡 하나를 주었어요. 이렇게 호랑이는 고개를 넘을 때마다 떡을 하나씩 빼앗아 먹었어요. 그리고는 결국 어머니까지 잡아먹고, 오누이가 있는 집으로 갔어요.",
      "srcPage": 7,
      "srcSentenceEA": 5,
      "srcWordEA": 43,
      "character": "어머니,호랑이,오누이,떡",
      "setting": "고갯마루",
      "action": "주었어요,빼앗아,먹었어요,잡아먹고,갔어요",
      "feeling": null,
      "causalRelationship": null,
      "outcomeResolution": null,
      "prediction": null,
      "plotSummaryInfoCount": 1,
      "plotSummaryInfo": {
        "classification": "의사소통",
        "readAge": "초등_저학년",
        "form": "long-form",
        "plotSummaryText": "어머니가 또 다른 고갯마루에 이르자 호랑이가 다시 나타나 또 떡을 달라고 했고 고개를 넘을 때마다 떡을 하나씩 빼앗아 먹은 호랑이는 결국 어머니까지 잡아먹고, 오누이가 있는 집으로 갔습니다.",
        "textWordEA": 27
      }
    },
    {
      "srcTextID": "101531",
      "srcText": "오누이가 걱정을 하고 있을 때, 호랑이가 문 밖에서 말했어요. \"얘들아, 엄마 왔다. 문 열어라!\"",
      "srcPage": 8,
      "srcSentenceEA": 3,
      "srcWordEA": 15,
      "character": "오누이,호랑이,엄마",
      "setting": null,
      "action": "말했어요,왔다,열어라",
      "feeling": null,
      "causalRelationship": null,
      "outcomeResolution": null,
      "prediction": null,
      "plotSummaryInfoCount": 1,
      "plotSummaryInfo": {
        "classification": "의사소통",
        "readAge": "초등_저학년",
        "form": "short-form",
        "plotSummaryText": "오누이가 걱정하고 있는데 호랑이가 문밖에서 엄마 왔으니, 문을 열라고 말했습니다.",
        "textWordEA": 10
      }
    },
    {
      "srcTextID": "101532",
      "srcText": "\"그럼 손 좀 보여주세요.\" 호랑이는 털이 북슬북슬한 손을 문틈으로 들이밀었어요. \"이건 우리 엄마 손이 아니에요!\"",
      "srcPage": 10,
      "srcSentenceEA": 3,
      "srcWordEA": 16,
      "character": "호랑이,엄마,엄마 손",
      "setting": null,
      "action": "들이밀었어요",
      "feeling": null,
      "causalRelationship": null,
      "outcomeResolution": null,
      "prediction": null,
      "plotSummaryInfoCount": 1,
      "plotSummaryInfo": {
        "classification": "의사소통",
        "readAge": "초등_저학년",
        "form": "short-form",
        "plotSummaryText": "그럼, 손을 보여달라고 해서 호랑이는 털이 북슬북슬한 손을 문틈으로 들이밀었고, 엄마 손이 아니라고 말했습니다.",
        "textWordEA": 14
      }
    },
    {
      "srcTextID": "101533",
      "srcText": "\"일을 너무 많이 해서 그렇단다.\" 오누이는 밖을 살짝 내다보고는 깜짝 놀랐어요. 문 밖에는 무서운 호랑이가 어머니의 옷을 입고 서 있는 게 아니겠어요!",
      "srcPage": 11,
      "srcSentenceEA": 3,
      "srcWordEA": 24,
      "character": "오누이,호랑이,어머니",
      "setting": null,
      "action": "내다보고는,입고 서 있는",
      "feeling": null,
      "causalRelationship": null,
      "outcomeResolution": null,
      "prediction": null,
      "plotSummaryInfoCount": 1,
      "plotSummaryInfo": {
        "classification": "의사소통",
        "readAge": "초등_저학년",
        "form": "short-form",
        "plotSummaryText": "일을 많이 해서 그렇다고 말하는 새 오누이가 살짝 내다보자, 문밖에는 호랑이가 어머니의 옷을 입고 서 있었습니다.",
        "textWordEA": 16
      }
    },
    {
      "srcTextID": "101539",
      "srcText": "\"너희들 어떻게 거기까지 올라갔니?\" 호랑이가 묻자, 오빠는 꾀를 내어 대답했어요. \"참기름 바르고 올라왔지.\"",
      "srcPage": 15,
      "srcSentenceEA": 3,
      "srcWordEA": 14,
      "character": "너희들,호랑이,오빠",
      "setting": null,
      "action": "올라갔니,묻자,대답했어요,바르고 올라왔지",
      "feeling": null,
      "causalRelationship": null,
      "outcomeResolution": null,
      "prediction": null,
      "plotSummaryInfoCount": 1,
      "plotSummaryInfo": {
        "classification": "의사소통",
        "readAge": "초등_저학년",
        "form": "short-form",
        "plotSummaryText": "어떻게 거기까지 올라갔냐고 호랑이가 묻자, 오빠는 꾀를 내어 참기름을 바르고 올라왔다고 했습니다.",
        "textWordEA": 12
      }
    },
    {
      "srcTextID": "101541",
      "srcText": "엉덩이가 아파 쩔쩔매는 호랑이를 보고, 동생이 깔깔대며 웃었어요. \"이런 바보, 도끼로 나무를 찍고 올라오면 쉽지.\" 오빠가 재빨리 동생의 입을 막았어요.",
      "srcPage": 17,
      "srcSentenceEA": 3,
      "srcWordEA": 21,
      "character": "호랑이,동생,도끼,오빠",
      "setting": null,
      "action": "웃었어요,막았어요,찍고 올라오면",
      "feeling": null,
      "causalRelationship": null,
      "outcomeResolution": null,
      "prediction": null,
      "plotSummaryInfoCount": 1,
      "plotSummaryInfo": {
        "classification": "의사소통",
        "readAge": "초등_저학년",
        "form": "short-form",
        "plotSummaryText": "동생은 쩔쩔매는 호랑이에게 도끼로 나무를 찍고 올라오면 쉽다고 말했고, 오빠는 동생 입을 막았습니다.",
        "textWordEA": 13
      }
    },
    {
      "srcTextID": "101528",
      "srcText": "어머니는 사정을 했지만, 호랑이는 으르렁거렸어요. \"떡 하나 주면 안 잡아먹지.\" 그래서 어머니는 얼른 떡 하나를 호랑이에게 주었어요.",
      "srcPage": 6,
      "srcSentenceEA": 3,
      "srcWordEA": 18,
      "character": "어머니,호랑이,떡",
      "setting": null,
      "action": "으르렁거렸어요,주었어요",
      "feeling": null,
      "causalRelationship": null,
      "outcomeResolution": null,
      "prediction": null,
      "plotSummaryInfoCount": 1,
      "plotSummaryInfo": {
        "classification": "의사소통",
        "readAge": "초등_저학년",
        "form": "short-form",
        "plotSummaryText": "호랑이가 으르렁거리며 떡 하나 주면 안 잡아먹겠다고 해서 어머니는 떡을 주었습니다.",
        "textWordEA": 11
      }
    },
    {
      "srcTextID": "101530",
      "srcText": "반갑게 달려나가던 오누이는 멈칫했어요. \"잠깐! 우리 엄마 목소리가 아닌걸.\" 호랑이는 능청을 떨었지요. \"감기가 들어서 그래.\"",
      "srcPage": 9,
      "srcSentenceEA": 4,
      "srcWordEA": 17,
      "character": "오누이,엄마,호랑이",
      "setting": null,
      "action": "달려나가던,멈칫했어요",
      "feeling": null,
      "causalRelationship": null,
      "outcomeResolution": null,
      "prediction": null,
      "plotSummaryInfoCount": 1,
      "plotSummaryInfo": {
        "classification": "의사소통",
        "readAge": "초등_저학년",
        "form": "long-form",
        "plotSummaryText": "오누이는 엄마 목소리가 아니라며 멈칫했고, 호랑이는 감기가 들어서 그렇다고 했습니다.",
        "textWordEA": 10
      }
    },
    {
      "srcTextID": "101544",
      "srcText": "\"하느님, 우리를 살리시려면 금 밧줄을 내려 주시고, 아니면 썩은 밧줄을 내려 주십시오.\" 그때였어요. 하늘에서 금 밧줄이 스르르 내려왔어요. \"하느님, 고맙습니다!\" 오누이는 재빨리 금 밧줄을 타고 하늘로 올라갔어요.",
      "srcPage": 19,
      "srcSentenceEA": 5,
      "srcWordEA": 30,
      "character": "하느님,금 밧줄,썩은 밧줄,오누이",
      "setting": null,
      "action": "타고,올라갔어요",
      "feeling": null,
      "causalRelationship": null,
      "outcomeResolution": null,
      "prediction": null,
      "plotSummaryInfoCount": 1,
      "plotSummaryInfo": {
        "classification": "의사소통",
        "readAge": "초등_저학년",
        "form": "long-form",
        "plotSummaryText": "자신들을 살리려면 금 밧줄을 내려 주고 아니면 썩은 밧줄을 내려 달라고 빌자, 하늘에서 금 밧줄이 내려왔고, 오누이는 이것을 타고 하늘로 올라갔습니다.",
        "textWordEA": 21
      }
    },
    {
      "srcTextID": "101548",
      "srcText": "하느님은 가엾은 동생의 소원을 들어주었어요. 그래서 오빠가 달이 되고, 동생은 해가 되었지요. 해가 눈부신 것은, 부끄럼 타는 동생이 아무도 쳐다보지 못하게 빛을 뿜기 때문이랍니다.",
      "srcPage": 24,
      "srcSentenceEA": 3,
      "srcWordEA": 26,
      "character": "하느님,동생,오빠,해",
      "setting": null,
      "action": "빛을 뿜기",
      "feeling": null,
      "causalRelationship": null,
      "outcomeResolution": null,
      "prediction": null,
      "plotSummaryInfoCount": 1,
      "plotSummaryInfo": {
        "classification": "의사소통",
        "readAge": "초등_저학년",
        "form": "short-form",
        "plotSummaryText": "하느님이 동생의 소원을 들어주어 오빠가 달, 동생은 해가 되었는데, 해가 눈 부신 것은 부끄럼 타는 동생이 아무도 쳐다보지 못하게 빛을 뿜기 때문이라고 합니다.",
        "textWordEA": 23
      }
    },
    {
      "srcTextID": "101552",
      "srcText": "이야기 속으로 들어가 봐요. 호랑이는 우리나라 옛날 이야기 속에 많이 등장하는 동물이에요. 그만큼 사람들과 가깝고 친숙하게 느껴지는 동물이지요.",
      "srcPage": 25,
      "srcSentenceEA": 3,
      "srcWordEA": 20,
      "character": "호랑이,동물,사람들",
      "setting": null,
      "action": "들어가",
      "feeling": null,
      "causalRelationship": null,
      "outcomeResolution": null,
      "prediction": null,
      "plotSummaryInfoCount": 1,
      "plotSummaryInfo": {
        "classification": "의사소통",
        "readAge": "초등_저학년",
        "form": "short-form",
        "plotSummaryText": "호랑이는 우리나라 옛날이야기 속에 많이 등장하는 동물이라서 사람들과 가깝고 친숙하게 느껴지는 동물입니다.",
        "textWordEA": 12
      }
    },
    {
      "srcTextID": "101550",
      "srcText": "그러나 이 이야기에서처럼 아주 무섭고 두려운 동물로 나타나기도 합니다. 해님과 달님에 나오는 호랑이는 지나친 욕심은 결국 화를 부를 수 있다는 것을 알려 줍니다. 떡 하나만 주면 잡아먹지 않는다고 약속해 놓고선 어머니를 잡아 먹었고, 아이들까지 해치려고 했어요. 그 결과 하느님의 벌을 받아 죽음을 당했지요.",
      "srcPage": 26,
      "srcSentenceEA": 4,
      "srcWordEA": 46,
      "character": "동물,호랑이,어머니,아이들,하느님",
      "setting": null,
      "action": "잡아 먹었고,죽음을 당했지요",
      "feeling": "무섭고",
      "causalRelationship": null,
      "outcomeResolution": null,
      "prediction": null,
      "plotSummaryInfoCount": 1,
      "plotSummaryInfo": {
        "classification": "의사소통",
        "readAge": "초등_저학년",
        "form": "long-form",
        "plotSummaryText": "그러나 이 이야기에서처럼 무섭고 두려운 동물로 나타나기도 하는데, 해님과 달님에 나오는 호랑이는 어머니를 잡아먹고 아이들까지 해치려 했기에 결국 하느님의 벌을 받아 죽임을 당하게 되었습니다.",
        "textWordEA": 24
      }
    },
    {
      "srcTextID": "101551",
      "srcText": "오누이를 불쌍하게 여기신 하느님이 그들을 해와 달로 만들어 주었지요. 그런데 재미있는 것은, 여동생을 해로 만들어 주었다는 대목이지요. 무서움증이 많은 여동생이 해가 되었다는 전설이 재미있지요?",
      "srcPage": 27,
      "srcSentenceEA": 3,
      "srcWordEA": 26,
      "character": "오누이,하느님,그들,여동생",
      "setting": null,
      "action": "만들어",
      "feeling": null,
      "causalRelationship": null,
      "outcomeResolution": null,
      "prediction": null,
      "plotSummaryInfoCount": 1,
      "plotSummaryInfo": {
        "classification": "의사소통",
        "readAge": "초등_저학년",
        "form": "short-form",
        "plotSummaryText": "오누이를 불쌍하게 여긴 하느님이 그들을 해와 달로 만들어 주었는데 무서움이 많은 여동생을 해로 만들어 주었다는 대목이 특히 재미있습니다.",
        "textWordEA": 18
      }
    }
  ]
}