{
  "title": "이십 년 후",
  "author": "오 헨리",
  "illustrator": "김민철",
  "isbn": "8959041335",
  "publishedYear": 2004,
  "publisher": "(주)한국퍼킨스교육연구원",
  "paragraphInfoCount": 45,
  "paragraphInfo": [
    {
      "srcTextID": "43628",
      "srcText": "경관은 손에 익은 경찰봉을 빙빙 돌리면서 가끔씩 날카로운 눈빛으로 거리와 집들을 살펴보았습니다. 챙이 달린 모자에 푸른 제복을 입고 의젓한 걸음걸이로 걷는 것이 약간 거드름을 피우는 듯 보였지만 일부러 그러는 것은 아니었습니다. 경관의 습관이었지요. 경관은 건장한 체격에 마음씨도 좋았으며, 태도가 의젓해 경찰관의 본보기라고 할 만했습니다.",
      "srcPage": 2,
      "srcSentenceEA": 4,
      "srcWordEA": 47,
      "character": "경관,손,경찰봉,경찰관,챙,모자,제복",
      "setting": "거리,집들",
      "action": "빙빙 돌리면서,살펴보았습니다,입고,걷는",
      "feeling": "의젓한,거드름을 피우는 듯",
      "causalRelationship": "챙이 달린 모자에 푸른 제복을 입고 의젓한 걸음걸이로 걷는 것이 약간 거드름을 피우는 듯 보였지만 일부러 그러는 것은 아니었습니다. 경관의 습관이었지요.",
      "outcomeResolution": null,
      "prediction": null,
      "plotSummaryInfoCount": 1,
      "plotSummaryInfo": {
        "classification": "의사소통",
        "readAge": "초등_저학년",
        "form": "long-form",
        "plotSummaryText": "약간 거드름을 피우는 듯 보이는 경관의 모습은 습관이었을 뿐, 건장한 체격에 마음씨도 좋고 태도가 의젓해서 경찰관의 본보기라고 할 만했다.",
        "textWordEA": 19
      }
    },
    {
      "srcTextID": "43629",
      "srcText": "밤 열시가 조금 안 된 시각, 습기를 머금은 찬바람이 사납게 불고 있었습니다. 그래서인지 거리를 오고 가는 사람이 드물었습니다. 거리 저쪽 끝에서 작은 점 하나가 나타났습니다. 순찰을 돌고 있는 경관이었습니다.",
      "srcPage": 1,
      "srcSentenceEA": 4,
      "srcWordEA": 32,
      "character": "경관,사람",
      "setting": "밤 열시가 조금 안 된 시각,거리,거리 저쪽 끝에서",
      "action": "불고 있었습니다,오고 가는,나타났습니다,돌고 있는",
      "feeling": "사납게",
      "causalRelationship": "거리 저쪽 끝에서 작은 점 하나가 나타났습니다. 순찰을 돌고 있는 경관이었습니다.",
      "outcomeResolution": null,
      "prediction": null,
      "plotSummaryInfoCount": 1,
      "plotSummaryInfo": {
        "classification": "의사소통",
        "readAge": "초등_저학년",
        "form": "long-form",
        "plotSummaryText": "거리에 오가는 사람이 드문 밤 열시 즈음, 순찰을 돌고 있는 경관이 있었다.",
        "textWordEA": 12
      }
    },
    {
      "srcTextID": "43631",
      "srcText": "경관이 순찰을 담당하는 이 거리는 깨끗하고 조용했습니다. 이곳에 사는 사람들은 일찍 자고 일찍 일어나는 성실한 사람들이었고, 시끄럽게 떠들거나 밤늦도록 돌아다니는 사람은 거의 찾아보기 힘들었습니다. 밤이 꽤 깊은 시간이어서 사람들은 모두 집에서 쉬고 있었고, 문이 닫힌 회사나 관청의 건물은 불이 꺼져 있었지요.",
      "srcPage": 3,
      "srcSentenceEA": 3,
      "srcWordEA": 43,
      "character": "경관,사람들,순찰,집,회사,문,관청,건물,불",
      "setting": "거리,이곳에,밤늦도록,밤이 꽤 깊은 시간",
      "action": "자고,일어나는,떠들거나,돌아다니는,쉬고 있었고,닫힌,꺼져 있었지요",
      "feeling": null,
      "causalRelationship": "이곳에 사는 사람들은 일찍 자고 일찍 일어나는 성실한 사람들이었고,시끄럽게 떠들거나 밤늦도록 돌아다니는 사람은 거의 찾아보기 힘들었습니다.",
      "outcomeResolution": null,
      "prediction": null,
      "plotSummaryInfoCount": 1,
      "plotSummaryInfo": {
        "classification": "의사소통",
        "readAge": "초등_저학년",
        "form": "short-form",
        "plotSummaryText": "경관이 담당하는 이 거리의 사람들은 성실하고 조용한 사람들이었고, 밤이 꽤 깊은 시간이어서 사람들은 모두 집에서 쉬고 있었다.",
        "textWordEA": 17
      }
    },
    {
      "srcTextID": "43633",
      "srcText": "“순찰 중이신가요? 수고가 많으십니다.” 경관이 다가가자 사나이는 경관을 안심시키려는 듯 먼저 말을 걸어왔습니다. 하지만 경관은 아무 말도 하지 않고 사나이를 바라보았습니다. 하긴 늦은 밤, 낯선 사람이 으슥한 곳에 서 있으니 경관으로서는 당연히 살펴봐야 하겠지요.",
      "srcPage": 6,
      "srcSentenceEA": 5,
      "srcWordEA": 38,
      "character": "경관,사나이",
      "setting": "늦은 밤,으슥한 곳에",
      "action": "다가가자,말을 걸어왔습니다,아무 말도 하지 않고,바라보았습니다,서 있으니",
      "feeling": "안심시키려는 듯",
      "causalRelationship": "하긴 늦은 밤,낯선 사람이 으슥한 곳에 서 있으니 경관으로서는 당연히 살펴봐야 하겠지요",
      "outcomeResolution": null,
      "prediction": null,
      "plotSummaryInfoCount": 1,
      "plotSummaryInfo": {
        "classification": "의사소통",
        "readAge": "초등_저학년",
        "form": "long-form",
        "plotSummaryText": "늦은 밤에 으슥한 곳에 서 있는 낯선 사람을 살펴보기 위해 경관은 다가갔고 사나이는 먼저 말을 걸어왔다.",
        "textWordEA": 16
      }
    },
    {
      "srcTextID": "43635",
      "srcText": "“브레디의 가게 말입니까? 맞아요. 스테이크 맛이 좋았지요. 그 가게는 오 년 전까지도 이 자리에 있었습니다.”",
      "srcPage": 9,
      "srcSentenceEA": 4,
      "srcWordEA": 18,
      "character": "브레디,가게,스테이크",
      "setting": "오 년 전,이 자리에,그 가게",
      "action": "있었습니다",
      "feeling": "맛이 좋았지요",
      "causalRelationship": null,
      "outcomeResolution": "그 가게는 오 년 전까지도 이 자리에 있었습니다",
      "prediction": null,
      "plotSummaryInfoCount": 1,
      "plotSummaryInfo": {
        "classification": "의사소통",
        "readAge": "초등_저학년",
        "form": "long-form",
        "plotSummaryText": "스테이크 맛이 좋았던 브레디의 가게는 오 년 전까지도 이 곳에 있었다.",
        "textWordEA": 11
      }
    },
    {
      "srcTextID": "43639",
      "srcText": "경관이 불쑥 한마디를 했습니다. “그 말도 크게 틀린 것은 아니잖습니까? 뉴욕은 분명 좋은 곳이니까요.” “그런가요?” 사나이는 엷은 웃음을 지으며 말을 이어갔습니다.",
      "srcPage": 13,
      "srcSentenceEA": 4,
      "srcWordEA": 23,
      "character": "경관,사나이",
      "setting": "뉴욕",
      "action": "한마디를 했습니다,이어갔습니다",
      "feeling": "엷은 웃음을 지으며",
      "causalRelationship": null,
      "outcomeResolution": null,
      "prediction": null,
      "plotSummaryInfoCount": 1,
      "plotSummaryInfo": {
        "classification": "의사소통",
        "readAge": "초등_저학년",
        "form": "long-form",
        "plotSummaryText": "뉴욕은 좋은 곳이니 그 말도 틀린 것은 아니라는 경관의 말에 사나이는 엷은 웃음을 지었다.",
        "textWordEA": 14
      }
    },
    {
      "srcTextID": "43645",
      "srcText": "“친구에 대한 믿음이 정말 강하군요.” “지미는 정말 진실한 친구였습니다. 절대 약속을 잊을 리가 없습니다. 그리고 나는 천 마일이나 떨어진 먼 곳에서 왔어요. 이십 년 전의 약속대로 친구를 만나기 위해서.”",
      "srcPage": 18,
      "srcSentenceEA": 5,
      "srcWordEA": 32,
      "character": "친구,지미,나는",
      "setting": "천 마일이나 떨어진 먼 곳에서,이십 년 전",
      "action": "왔어요,만나기 위해서",
      "feeling": "믿음이 정말 강하군요,절대 약속을 잊을 리가 없습니다",
      "causalRelationship": "그리고 나는 천 마일이나 떨어진 먼 곳에서 왔어요. 이십 년 전의 약속대로 친구를 만나기 위해서.”",
      "outcomeResolution": null,
      "prediction": null,
      "plotSummaryInfoCount": 1,
      "plotSummaryInfo": {
        "classification": "의사소통",
        "readAge": "초등_저학년",
        "form": "long-form",
        "plotSummaryText": "지미는 진실한 친구이기 때문에 절대 약속을 잊을 리가 없고, 나 역시 이십 년 전의 약속을 지키러 천 마일이나 떨어진 먼 곳에서 왔습니다.",
        "textWordEA": 22
      }
    },
    {
      "srcTextID": "43648",
      "srcText": "“물론이지요. 때로는 손해를 보기도 했지만 꽤 많이 벌었어요. 지미도 아마 어느 정도 성공해서 살고 있을 겁니다. 지미는 좀 둔한 편이었지만 정직하고 착한 성품이니까요. 나는 서부에서 남의 돈을 빼앗으려 눈에 불을 켠 약삭빠른 사람들과 경쟁했지요. 서부는 뉴욕하고는 완전히 달랐어요. 잠시도 안심할 수가 없는 곳이에요.”",
      "srcPage": 21,
      "srcSentenceEA": 6,
      "srcWordEA": 49,
      "character": "지미,나는,사람들,남,돈,눈",
      "setting": "서부에서,뉴욕",
      "action": "보기도,벌었어요,성공해서 살고 있을,둔한 편,정직하고,빼앗으려,불을 켠",
      "feeling": "착한,약삭빠른,잠시도 안심할 수가 없는 곳이에요.",
      "causalRelationship": "지미도 아마 어느 정도 성공해서 살고 있을 겁니다. 지미는 좀 둔한 편이었지만 정직하고 착한 성품이니까요",
      "outcomeResolution": null,
      "prediction": null,
      "plotSummaryInfoCount": 1,
      "plotSummaryInfo": {
        "classification": "의사소통",
        "readAge": "초등_저학년",
        "form": "long-form",
        "plotSummaryText": "나는 잠시도 안심할 수 없는 서부에서 약삭빠른 사람들과 경쟁하며 꽤 많이 벌었고, 지미도 아마 성공 했을 것입니다.",
        "textWordEA": 17
      }
    },
    {
      "srcTextID": "43638",
      "srcText": "“이십 년 전 오늘 밤, 나는 브레디의 식당에서 지미 웰즈라는 친구와 함께 저녁을 먹었습니다. 지미는 나와 가장 친한, 세상에서 제일 훌륭한 친구였지요. 그 친구와 나는 이 뉴욕에서 함께 자랐습니다. 우린 형제나 다름없었죠. 그때 나는 열여덟 살이었고, 지미는 스무 살이었습니다.”",
      "srcPage": 11,
      "srcSentenceEA": 5,
      "srcWordEA": 43,
      "character": "지미 웰즈,나는,친구",
      "setting": "이십 년 전 오늘 밤,브레디의 식당,뉴욕,열여덟 살,스무 살",
      "action": "먹었습니다,자랐습니다",
      "feeling": null,
      "causalRelationship": "그 친구와 나는 이 뉴욕에서 함께 자랐습니다. 우린 형제나 다름없었죠.",
      "outcomeResolution": null,
      "prediction": null,
      "plotSummaryInfoCount": 1,
      "plotSummaryInfo": {
        "classification": "의사소통",
        "readAge": "초등_저학년",
        "form": "long-form",
        "plotSummaryText": "형제나 다름 없던 지미 웰즈와 나는 뉴욕에서 함께 자랐고 세상에서 제일 훌륭한 친구였으며, 이십 년 전 오늘 밤 브레디의 식당에서 함께 저녁을 먹었습니다.",
        "textWordEA": 23
      }
    },
    {
      "srcTextID": "43640",
      "srcText": "사나이는 담배를 한 모금 빨고 천천히 연기를 내뿜으며 이야기를 계속했습니다. “이튿날 나는 돈을 벌기 위해 서부로 떠날 예정이었어요. 그래서 함께 저녁을 먹은 것이죠. 나는 지미에게 함께 서부로 가자고 여러 번 말했어요. 하지만 지미는 뉴욕을 떠나기 싫어했고, 결국 나 혼자 가기로 했죠. 그 친구는 세상에서 뉴욕보다 더 좋은 곳은 없다고 생각했으니까요.”",
      "srcPage": 12,
      "srcSentenceEA": 6,
      "srcWordEA": 54,
      "character": "사나이,담배,연기,나는,지미,친구,서부",
      "setting": "이튿날,뉴욕",
      "action": "한 모금 빨고,내뿜으며,계속했습니다,벌기 위해,떠날 예정이었어요,먹은 것이죠,가자고,말했어요,싫어했고,가기로 했죠",
      "feeling": null,
      "causalRelationship": "나는 지미에게 함께 서부로 가자고 여러 번 말했어요. 하지만 지미는 뉴욕을 떠나기 싫어했고,결국 나 혼자 가기로 했죠",
      "outcomeResolution": "그 친구는 세상에서 뉴욕보다 더 좋은 곳은 없다고 생각했으니까요",
      "prediction": null,
      "plotSummaryInfoCount": 1,
      "plotSummaryInfo": {
        "classification": "의사소통",
        "readAge": "초등_저학년",
        "form": "long-form",
        "plotSummaryText": "나는 돈을 벌기 위해 서부로 떠나기로 하고 저녁을 먹으며 지미에게 함께 가자고 했지만 세상에서 뉴욕보다 더 좋은 곳은 없다고 생각했던 지미는 거절했습니다.",
        "textWordEA": 22
      }
    },
    {
      "srcTextID": "43643",
      "srcText": "우리는 아주 어려서부터 함께 자라며 가난 때문에 여러 가지 일을 같이 했어요. 그래서 더 형제처럼 가까워졌고요. 그런 친구와 헤어져야 하니 무척이나 섭섭했지요.",
      "srcPage": 14,
      "srcSentenceEA": 3,
      "srcWordEA": 24,
      "character": "형제,친구,우리",
      "setting": "어려서부터",
      "action": "자라며,일을 같이 했어요,가까워졌고요",
      "feeling": "무척이나 섭섭했지요",
      "causalRelationship": "우리는 아주 어려서부터 함께 자라며 가난 때문에 여러 가지 일을 같이 했어요. 그래서 더 형제처럼 가까워졌고요",
      "outcomeResolution": null,
      "prediction": null,
      "plotSummaryInfoCount": 1,
      "plotSummaryInfo": {
        "classification": "의사소통",
        "readAge": "초등_저학년",
        "form": "short-form",
        "plotSummaryText": "가난 때문에 어려서부터 함께 많은 일을 했던 친구와 헤어지는 것이 무척 섭섭했습니다.",
        "textWordEA": 12
      }
    },
    {
      "srcTextID": "43653",
      "srcText": "“그러게 말이야. 방금 전 순찰을 돌던 경관이 그 식당은 오 년 전에 없어졌다고 하더군.” “그래, 서부는 어땠어?” “대단했지. 내가 바라는 건 뭐든지 다 있었으니까. 고생도 많이 했지만 돈도 꽤 벌었지. 이야기를 하자면 며칠 밤을 새더라도 모자랄 거야.” “하긴 그렇겠지. 서부는 넓은 곳이니까.”",
      "srcPage": 28,
      "srcSentenceEA": 8,
      "srcWordEA": 47,
      "character": "경관",
      "setting": "방금 전,그 식당,오 년 전,서부",
      "action": "돌던,했지만,벌었지",
      "feeling": null,
      "causalRelationship": "그래,서부는 어땠어?” “대단했지. 내가 바라는 건 뭐든지 다 있었으니까. 고생도 많이 했지만 돈도 꽤 벌었지",
      "outcomeResolution": null,
      "prediction": null,
      "plotSummaryInfoCount": 1,
      "plotSummaryInfo": {
        "classification": "의사소통",
        "readAge": "초등_저학년",
        "form": "long-form",
        "plotSummaryText": "사나이는 순찰을 돌던 경관에게 식당이 오 년 전에 없어졌다고 전해 들었다며 서부에서는 고생도 했지만 돈도 꽤 벌었다는 이야기를 했다.",
        "textWordEA": 19
      }
    },
    {
      "srcTextID": "43649",
      "srcText": "“열시 정각이었어요. 우리가 브레디네 식당 앞에서 헤어진 것이.” 사나이는 이십 년 전 친구와 헤어질 때를 떠올리는 듯했습니다. “당신은 서부에 가서 돈을 많이 벌었나요?” 경관이 물었습니다.",
      "srcPage": 20,
      "srcSentenceEA": 5,
      "srcWordEA": 28,
      "character": "우리,사나이,친구,경관",
      "setting": "열시 정각,브레디네 식당 앞에서,이십 년 전,헤어질 때",
      "action": "떠올리는 듯했습니다,가서,물었습니다",
      "feeling": null,
      "causalRelationship": null,
      "outcomeResolution": null,
      "prediction": "“당신은 서부에 가서 돈을 많이 벌었나요?” 경관이 물었습니다.",
      "plotSummaryInfoCount": 1,
      "plotSummaryInfo": {
        "classification": "의사소통",
        "readAge": "초등_저학년",
        "form": "long-form",
        "plotSummaryText": "사나이가 이십 년 전 친구와 헤어졌을 때가 열시 정각이라고 하자 경관이 서부에서 돈을 많이 벌었는지 물었다.",
        "textWordEA": 16
      }
    },
    {
      "srcTextID": "43651",
      "srcText": "경찰봉을 빙빙 돌리면서 걸어가던 경관은 걸음을 멈추고 뒤를 돌아보며 물었습니다. “그런데 말이오. 만약 친구가 늦는다면 어느 정도나 기다릴 생각인가요?” 사나이는 잠시 생각하더니 대답했습니다.",
      "srcPage": 23,
      "srcSentenceEA": 4,
      "srcWordEA": 25,
      "character": "경찰봉,경관,친구,사나이",
      "setting": null,
      "action": "빙빙 돌리면서,걸어가던,멈추고,돌아보며 물었습니다,기다릴,생각하더니 대답했습니다",
      "feeling": null,
      "causalRelationship": null,
      "outcomeResolution": null,
      "prediction": "사나이는 잠시 생각하더니 대답했습니다.",
      "plotSummaryInfoCount": 1,
      "plotSummaryInfo": {
        "classification": "의사소통",
        "readAge": "초등_저학년",
        "form": "long-form",
        "plotSummaryText": "경관은 가던 길을 멈추고 사나이에게 친구가 늦는다면 얼마나 더 기다릴 것인지 물었다.",
        "textWordEA": 12
      }
    },
    {
      "srcTextID": "43636",
      "srcText": "경관의 얼굴에는 비로소 경계하는 빛이 사라지고, 마치 오랜 고향 친구를 만난 듯 친근한 웃음이 희미하게 떠올랐습니다. 건물을 등진 채 서 있던 사나이는 성냥을 켜서 담배에 불을 붙였습니다. 성냥불에 언뜻 창백한 얼굴에 날카로운 눈, 각진 턱과 오른쪽 눈썹 옆 조그만 흉터가 보였습니다. 좋은 인상은 아니었지만, 입고 있는 옷은 한눈에 고급품임을 알 수 있을 정도로 비싼 것이었습니다.",
      "srcPage": 10,
      "srcSentenceEA": 4,
      "srcWordEA": 58,
      "character": "경관,얼굴,고향,친구,건물,사나이,성냥,담배,불,성냥불눈,턱,눈썹,흉터,옷",
      "setting": null,
      "action": "사라지고,등진 채 서 있던,켜서,붙였습니다,입고 있는,보였습니다",
      "feeling": "친근한 웃음이 희미하게 떠올랐습니다,좋은 인상은 아니었지만",
      "causalRelationship": "건물을 등진 채 서 있던 사나이는 성냥을 켜서 담배에 불을 붙였습니다. 성냥불에 언뜻 창백한 얼굴에 날카로운 눈,각진 턱과 오른쪽 눈썹 옆 조그만 흉터가 보였습니다.",
      "outcomeResolution": null,
      "prediction": null,
      "plotSummaryInfoCount": 1,
      "plotSummaryInfo": {
        "classification": "의사소통",
        "readAge": "초등_저학년",
        "form": "long-form",
        "plotSummaryText": "경관이 경계를 풀고 오랜 고향 친구를 만난 듯 웃음 지을 때, 사나이가 담배에 불을 붙이며 보인 얼굴은 날카로운 눈, 각진 턱과 흉터로 인해 좋은 인상은 아니었지만 고급의 옷을 입고 있었다.",
        "textWordEA": 30
      }
    },
    {
      "srcTextID": "43659",
      "srcText": "“당신은 끌려가고 있는 거요, 봅. 시카고에서 전보가 왔소. 당신이 이쪽으로 온 것 같다는. 자, 순순히 따라오겠소?”",
      "srcPage": 34,
      "srcSentenceEA": 4,
      "srcWordEA": 19,
      "character": "봅,당신,전보",
      "setting": "시카고에서,이쪽으로",
      "action": "끌려가고 있는 거요,왔소,따라오겠소",
      "feeling": null,
      "causalRelationship": "“당신은 끌려가고 있는 거요,봅. 시카고에서 전보가 왔소. 당신이 이쪽으로 온 것 같다는. 자,순순히 따라오겠소?”",
      "outcomeResolution": null,
      "prediction": null,
      "plotSummaryInfoCount": 1,
      "plotSummaryInfo": {
        "classification": "의사소통",
        "readAge": "초등_저학년",
        "form": "long-form",
        "plotSummaryText": "시카고에서 당신이 이쪽으로 온다는 전보를 받고 당신을 체포하러 왔으니 순순히 따라오라고 했다.",
        "textWordEA": 12
      }
    },
    {
      "srcTextID": "43665",
      "srcText": "자네가 범죄자가 되다니, 너무 가슴이 아팠네. 하지만 더욱 슬픈 것은 내가 자네를 체포해야 한다는 사실이었네. 나는 경관이니까 말일세.",
      "srcPage": 37,
      "srcSentenceEA": 3,
      "srcWordEA": 20,
      "character": "자네,범죄자,내가,경관,나는",
      "setting": null,
      "action": "체포해야",
      "feeling": "너무 가슴이 아팠네,슬픈 것은",
      "causalRelationship": "자네가 범죄자가 되다니,너무 가슴이 아팠네. 하지만 더욱 슬픈 것은 내가 자네를 체포해야 한다는 사실이었네",
      "outcomeResolution": null,
      "prediction": null,
      "plotSummaryInfoCount": 1,
      "plotSummaryInfo": {
        "classification": "의사소통",
        "readAge": "초등_저학년",
        "form": "short-form",
        "plotSummaryText": "자네가 범죄자가 된 것이 가슴 아팠지만, 내가 경관이기 때문에 자네를 체포해야 한다는 사실은 더욱 슬펐네.",
        "textWordEA": 15
      }
    },
    {
      "srcTextID": "43663",
      "srcText": "그러나 자네를 내 손으로 체포할 수가 없었네. 어쨌거나 우리는 오랜 친구 아닌가? 그래서 친구의 손에 수갑을 채우는 일을 다른 경관에게 부탁했네. 부디 새사람이 되어 주게. 친구 지미가.",
      "srcPage": 38,
      "srcSentenceEA": 5,
      "srcWordEA": 31,
      "character": "내,손,경관,지미,친구,수갑",
      "setting": null,
      "action": "체포할 수 없었네,채우는 일,부탁했네",
      "feeling": null,
      "causalRelationship": "어쨌거나 우리는 오랜 친구 아닌가? 그래서 친구의 손에 수갑을 채우는 일을 다른 경관에게 부탁했네",
      "outcomeResolution": null,
      "prediction": null,
      "plotSummaryInfoCount": 1,
      "plotSummaryInfo": {
        "classification": "의사소통",
        "readAge": "초등_저학년",
        "form": "long-form",
        "plotSummaryText": "오랜 친구인 자네의 손에 차마 수갑을 채울 수가 없어서 다른 경관에게 부탁했으니 부디 새사람이 되어주게.",
        "textWordEA": 15
      }
    },
    {
      "srcTextID": "43656",
      "srcText": "“그나저나 너도 많이 변했구나! 내가 생각했던 것보다 키도 훨씬 크고 말이야.” 지미는 약간은 어색하게 답했습니다. “스무 살이 넘어서 갑자기 컸지.”",
      "srcPage": 29,
      "srcSentenceEA": 4,
      "srcWordEA": 22,
      "character": "지미,너",
      "setting": "스무 살",
      "action": "답했습니다,컸지",
      "feeling": "어색하게",
      "causalRelationship": null,
      "outcomeResolution": null,
      "prediction": null,
      "plotSummaryInfoCount": 1,
      "plotSummaryInfo": {
        "classification": "의사소통",
        "readAge": "초등_저학년",
        "form": "long-form",
        "plotSummaryText": "생각했던 것보다 키도 훨씬 컸고 많이 변했다는 말에 지미는 스무 살이 넘어서 갑자기 키가 컸다고 약간은 어색하게 답했다.",
        "textWordEA": 18
      }
    },
    {
      "srcTextID": "43658",
      "srcText": "“어떻게 지냈어, 지미? 무슨 일을 하고?” “그런 대로 잘 지내고 있지. 지금은 시청에 근무해.”",
      "srcPage": 30,
      "srcSentenceEA": 4,
      "srcWordEA": 16,
      "character": "지미,시청",
      "setting": null,
      "action": "지내고 있지,근무해",
      "feeling": null,
      "causalRelationship": "“어떻게 지냈어,지미? 무슨 일을 하고?” “그런 대로 잘 지내고 있지. 지금은 시청에 근무해.”",
      "outcomeResolution": null,
      "prediction": null,
      "plotSummaryInfoCount": 1,
      "plotSummaryInfo": {
        "classification": "의사소통",
        "readAge": "초등_저학년",
        "form": "long-form",
        "plotSummaryText": "안부를 묻는 친구의 말에 지미는 시청에서 일하며 잘 지낸다고 답했다.",
        "textWordEA": 10
      }
    },
    {
      "srcTextID": "43667",
      "srcText": "단편 소설의 귀재. 오 헨리의 본명은 윌리엄 시드니 포터입니다. 1862년 미국 노스 캐롤라이나 주 그린스버러에서 태어난 오 헨리는 어려서 고아가 되어 제대로 학교 교육도 받지 못하고 카우보이, 점원, 직공 등 여러 일을 했습니다.",
      "srcPage": 40,
      "srcSentenceEA": 3,
      "srcWordEA": 35,
      "character": "소설,오 헨리,윌리엄 시드니 포터,단편 소설의 귀재,카우보이,점원,직공",
      "setting": "1862년,미국 노스 캐롤라이나 주 그린스버러",
      "action": "태어난,되어,받지 못하고,일을 했습니다",
      "feeling": null,
      "causalRelationship": null,
      "outcomeResolution": null,
      "prediction": null,
      "plotSummaryInfoCount": 1,
      "plotSummaryInfo": {
        "classification": "의사소통",
        "readAge": "초등_저학년",
        "form": "short-form",
        "plotSummaryText": "단편 소설의 귀재인 오 헨리의 본명은 윌리엄 시드니 포터이고 미국 노스캐롤라이나 주 그린스버러에서 태어났으며, 고아였던 탓에 학교 교육도 못 받고 여러가지 일을 했다.",
        "textWordEA": 23
      }
    },
    {
      "srcTextID": "43668",
      "srcText": "소외당한 사람들의 따뜻한 이야기. 오 헨리는 인간의 따뜻한 웃음과 깊은 슬픔을 짧은 소설로 아주 잘 표현합니다. 오 헨리의 소설은 주로 미국 남부나 뉴욕의 뒷골목에 사는 가난한 서민의 삶을 다루고 있지요.",
      "srcPage": 43,
      "srcSentenceEA": 3,
      "srcWordEA": 32,
      "character": "사람들,오 헨리,소설,서민",
      "setting": "미국 남부,뉴욕의 뒷골목",
      "action": "잘 표현합니다,사는,다루고 있지요",
      "feeling": "소외당한,따뜻한,깊은 슬픔,가난한",
      "causalRelationship": null,
      "outcomeResolution": null,
      "prediction": "오 헨리의 소설은 주로 미국 남부나 뉴욕의 뒷골목에 사는 가난한 서민의 삶을 다루고 있지요.",
      "plotSummaryInfoCount": 1,
      "plotSummaryInfo": {
        "classification": "의사소통",
        "readAge": "초등_저학년",
        "form": "short-form",
        "plotSummaryText": "오 헨리는 주로 소외당한 사람들의 이야기나 가난한 서민의 삶에 대해 인간의 따뜻한 웃음과 깊은 슬픔을 짧은 소설로 잘 표현했다.",
        "textWordEA": 19
      }
    },
    {
      "srcTextID": "43669",
      "srcText": "오 헨리는 가난한 사람이나 사회에서 소외받는 범죄자들을 따뜻한 동정과 연민의 마음으로 표현합니다. 오 헨리는 가난한 서민들의 아픔은 돈이나 권력으로가 아니라 비슷한 처지에 있는 이웃이나 친구들의 위로로 치유해야 한다는 생각을 작품에서 드러내고 있습니다. 오 헨리의 소설은 독자의 예상을 뛰어넘어 이야기의 흐름을 반전시키며 결말을 맺는 특징이 있습니다. 이십 년 후, 크리스마스 선물, 구르는 돌 등이 그러한 작품입니다.",
      "srcPage": 45,
      "srcSentenceEA": 4,
      "srcWordEA": 58,
      "character": "오 헨리,사람,서민,돈,이웃,친구들,독자,범죄자들",
      "setting": null,
      "action": "표현합니다,드러내고 있습니다,뛰어넘어,반전시키며,있습니다",
      "feeling": "동정,연민,아픔",
      "causalRelationship": "오 헨리의 소설은 독자의 예상을 뛰어넘어 이야기의 흐름을 반전시키며 결말을 맺는 특징이 있습니다. 이십 년 후,크리스마스 선물,구르는 돌 등이 그러한 작품입니다.",
      "outcomeResolution": null,
      "prediction": null,
      "plotSummaryInfoCount": 1,
      "plotSummaryInfo": {
        "classification": "의사소통",
        "readAge": "초등_저학년",
        "form": "long-form",
        "plotSummaryText": "오 헨리는 가난한 서민들의 아픔은 돈이나 권력이 아닌 비슷한 처지에 있는 친구와 이웃들의 위로로 치유해야 한다는 생각을 작품에서 드러내며 반전의 결말을 맺는 특징이 있다.",
        "textWordEA": 24
      }
    },
    {
      "srcTextID": "43655",
      "srcText": "이십 분쯤 지났을까요? 길고 두꺼운 외투를 입고 깃을 귀밑까지 세운 키 큰 사나이가 급한 걸음으로 길을 건너오더니 곧바로 철물상 앞에 서 있는 사나이에게로 다가갔습니다. “봅?” 그 사나이가 그다지 확실하지 않는 투로 말했습니다.",
      "srcPage": 26,
      "srcSentenceEA": 3,
      "srcWordEA": 34,
      "character": "외투,깃,키 큰 사나이,사나이,봅",
      "setting": "이십 분쯤,길,철물상 앞에",
      "action": "입고,세운,건너오더니,서 있는,다가갔습니다",
      "feeling": "그다지 확실하지 않는 투로 말했습니다",
      "causalRelationship": null,
      "outcomeResolution": null,
      "prediction": "“봅?” 그 사나이가 그다지 확실하지 않는 투로 말했습니다.",
      "plotSummaryInfoCount": 1,
      "plotSummaryInfo": {
        "classification": "의사소통",
        "readAge": "초등_저학년",
        "form": "short-form",
        "plotSummaryText": "이십 분쯤 지났을 무렵, 키 큰 사나이가 급한 걸음으로 사나이의 이름을 부르며 철물상 앞으로 다가왔다.",
        "textWordEA": 15
      }
    },
    {
      "srcTextID": "43654",
      "srcText": "“지미 웰즈?” 철물상 앞에서 기다리던 사나이가 큰 소리로 외쳤고, 길을 건너온 사나이는 상대의 두 팔을 붙잡고 흔들며 말했습니다. “틀림없는 봅이로구나. 살아 있다면 반드시 만날 줄 알았다. 이십 년이라니, 정말 많은 시간이 흘렀구나. 옛날 식당은 없어졌고. 만약 있었다면 거기서 함께 저녁을 먹을 수 있을 텐데 말이야.”",
      "srcPage": 27,
      "srcSentenceEA": 7,
      "srcWordEA": 50,
      "character": "지미 웰즈,사나이,봅,옛날 식당",
      "setting": "철물상 앞에서,길,이십 년",
      "action": "기다리던,외쳤고,붙잡고,흔들며 말했습니다,없어졌고",
      "feeling": "살아 있다면 반드시 만날 줄 알았다",
      "causalRelationship": "옛날 식당은 없어졌고. 만약 있었다면 거기서 함께 저녁을 먹을 수 있을 텐데 말이야",
      "outcomeResolution": null,
      "prediction": null,
      "plotSummaryInfoCount": 1,
      "plotSummaryInfo": {
        "classification": "의사소통",
        "readAge": "초등_저학년",
        "form": "long-form",
        "plotSummaryText": "길을 건너온 사나이는 철물상 앞에 있던 사나이를 재차 확인하며 이십 년 전의 식당이 없어졌고 많은 시간이 흘렀다고 말했다.",
        "textWordEA": 18
      }
    },
    {
      "srcTextID": "43630",
      "srcText": "가끔 담배 가게나 밤새도록 장사를 하는 가게의 불빛이 보이긴 했지만, 그리 많지 않았습니다. 늦은 시간에 조용한 거리를 순찰할 때면 경관은 괜히 기분이 좋았습니다. 자신이 마을의 치안을 책임지고 있다는 뿌듯함 때문입니다.",
      "srcPage": 4,
      "srcSentenceEA": 3,
      "srcWordEA": 32,
      "character": "담배,가게,장사,불빛,순찰,경관",
      "setting": "밤새도록,늦은 시간에,조용한 거리,마을",
      "action": "하는,보이긴 했지만,순찰할 때면",
      "feeling": "괜히 기분이 좋았습니다,뿌듯함",
      "causalRelationship": "늦은 시간에 조용한 거리를 순찰할 때면 경관은 괜히 기분이 좋았습니다. 자신이 마을의 치안을 책임지고 있다는 뿌듯함 때문입니다.",
      "outcomeResolution": null,
      "prediction": null,
      "plotSummaryInfoCount": 1,
      "plotSummaryInfo": {
        "classification": "의사소통",
        "readAge": "초등_저학년",
        "form": "short-form",
        "plotSummaryText": "가끔 밤새도록 장사하는 가게를 제외하고 거리는 조용했고, 경관은 늦은 시간에 순찰할 때면 치안을 책임지고 있다는 뿌듯함으로 기분이 좋았다.",
        "textWordEA": 18
      }
    },
    {
      "srcTextID": "43632",
      "srcText": "아직까지 큰 사건이 일어난 적은 한 번도 없지만, 언제 무슨 사건이 일어나더라도 재빠르게 처리할 수 있다는 자신감이 있었습니다. 그러기에 순찰은 항상 변함이 없지만 늘 새롭기도 했습니다. 의젓한 걸음으로 천천히 걷던 경관은 갑자기 걸음을 늦췄습니다. 불빛도 없는 철물상 앞 컴컴한 곳에 한 사나이가 불을 붙이지도 않은 담배를 물고 서 있었습니다.",
      "srcPage": 5,
      "srcSentenceEA": 4,
      "srcWordEA": 52,
      "character": "경관,사나이,담배",
      "setting": "늘,불빛도 없는 철물상 앞 컴컴한 곳에",
      "action": "재빠르게 처리할 수 있다는,걷던,늦췄습니다,물고 서 있었습니다",
      "feeling": "자신감이 있었습니다,새롭기도",
      "causalRelationship": "아직까지 큰 사건이 일어난 적은 한 번도 없지만,언제 무슨 사건이 일어나더라도 재빠르게 처리할 수 있다는 자신감이 있었습니다. 그러기에 순찰은 항상 변함이 없지만 늘 새롭기도 했습니다.",
      "outcomeResolution": null,
      "prediction": null,
      "plotSummaryInfoCount": 1,
      "plotSummaryInfo": {
        "classification": "의사소통",
        "readAge": "초등_저학년",
        "form": "long-form",
        "plotSummaryText": "언제 무슨 사건이 일어나도 처리할 수 있다는 자신감을 가진 경관의 눈앞에 불빛이 없는 철물상 앞에 서 있는 사나이가 보였고 이내 걸음을 늦추었다.",
        "textWordEA": 22
      }
    },
    {
      "srcTextID": "43634",
      "srcText": "사나이는 경관의 속마음을 읽기라도 한 듯 입을 열었습니다. “염려 마십시오. 친구를 기다리고 있습니다. 이십 년 전 이곳에서 다시 만날 약속을 했지요. 하긴 이십 년이라면 무척 오래된 일이니 좀 이상하긴 하지요?” 경관은 다음 이야기가 궁금하다는 듯한 표정을 지었습니다.",
      "srcPage": 7,
      "srcSentenceEA": 6,
      "srcWordEA": 41,
      "character": "사나이,경관,친구,입",
      "setting": "이십 년 전 이곳에서",
      "action": "읽기라도 한 듯,열었습니다,기다리고 있습니다,다시 만날 약속을 했지요,지었습니다",
      "feeling": "염려 마십시오,이상하긴 하지요,궁금하다는 듯한",
      "causalRelationship": "염려 마십시오. 친구를 기다리고 있습니다. 이십 년 전 이곳에서 다시 만날 약속을 했지요",
      "outcomeResolution": null,
      "prediction": null,
      "plotSummaryInfoCount": 1,
      "plotSummaryInfo": {
        "classification": "의사소통",
        "readAge": "초등_저학년",
        "form": "long-form",
        "plotSummaryText": "사나이는 경관의 속마음을 읽기라도 한 듯 경관에게 친구와 이십 년 전 이곳에서 다시 만날 약속을 했다고 말했다.",
        "textWordEA": 17
      }
    },
    {
      "srcTextID": "43637",
      "srcText": "사나이는 말을 잠시 끊었다가 다시 이었습니다. “거짓말이 아닙니다. 이십 년 전 바로 이 자리에는 식당이 있었지요. ‘빅 조’라는 별명으로 불리던 브레디가 경영했던 식당이지요.”",
      "srcPage": 8,
      "srcSentenceEA": 5,
      "srcWordEA": 26,
      "character": "사나이,식당,빅 조,브레디",
      "setting": "이십 년 전,이 자리",
      "action": "끊었다가,이었습니다,불리던,경영했던",
      "feeling": null,
      "causalRelationship": "“거짓말이 아닙니다. 이십 년 전 바로 이 자리에는 식당이 있었지요. ‘빅 조’라는 별명으로 불리던 브레디가 경영했던 식당이지요.”",
      "outcomeResolution": null,
      "prediction": null,
      "plotSummaryInfoCount": 1,
      "plotSummaryInfo": {
        "classification": "의사소통",
        "readAge": "초등_저학년",
        "form": "long-form",
        "plotSummaryText": "사나이는 이십 년 전 이 자리에 빅 조라는 별명을 가진 브레디가 경영했던 식당이 있었다며 자신의 말이 거짓이 아님을 강조했다.",
        "textWordEA": 19
      }
    },
    {
      "srcTextID": "43644",
      "srcText": "“그러면 서로 헤어진 뒤로는 통 연락이 없었나요?” 경관이 물었습니다. “아니요. 처음 얼마 동안은 서로 편지를 주고받았습니다. 무척 자주 편지 를 썼고 바로 답장이 왔지요. 그러다가 한두 해가 지나자 소식이 끊기고 말았어요. 바쁜 생활을 하는 만큼 편지를 쓸 시간도 없었지만, 내가 사는 곳을 자주 옮겼기 때문에 편지가 제때에 배달되지 않기도 했고, 그러다 보니 그만 연락이 끊어지고 만 것이죠. 그래도 지미는 반드시 나를 만나러 여기로 올 겁니다. 죽지 않았다면 말이죠. 절대 약속을 잊을 리가 없어요.”",
      "srcPage": 17,
      "srcSentenceEA": 9,
      "srcWordEA": 81,
      "character": "경관,편지,답장,지미,나",
      "setting": "헤어진 뒤,얼마 동안,여기로",
      "action": "물었습니다,주고받았습니다,썼고,왔지요,끊기고 말았어요,편지를 쓸,사는 곳을 옮겼기 때문에,올 겁니다,잊을 리가 없어요",
      "feeling": "절대 약속을 잊을 리가 없어요",
      "causalRelationship": "바쁜 생활을 하는 만큼 편지를 쓸 시간도 없었지만,내가 사는 곳을 자주 옮겼기 때문에 편지가 제때에 배달되지 않기도 했고,그러다 보니 그만 연락이 끊어지고 만 것이죠",
      "outcomeResolution": null,
      "prediction": null,
      "plotSummaryInfoCount": 1,
      "plotSummaryInfo": {
        "classification": "의사소통",
        "readAge": "초등_저학년",
        "form": "long-form",
        "plotSummaryText": "헤어진 뒤 바쁘기도 하고 사는 곳을 자주 옮기다 보니 점차 소식이 끊어지기는 했지만 지미는 절대 약속을 잊을 리가 없고 죽지 않았다면 나를 만나러 여기에 올 것이라 믿었습니다.",
        "textWordEA": 27
      }
    },
    {
      "srcTextID": "43641",
      "srcText": "“그거 참 재미있군요. 하지만 이십 년이라는 세월은 좀 긴 것 같군요. 어쩌면 약속했다는 사실조차 잊을 수도 있을 텐데요.” “젊은 시절 한때의 기분으로 약속했다고 여길 수 있겠지만, 우리는 아주 진실된 마음이었기에 그런 일은 걱정하지 않았습니다.”",
      "srcPage": 16,
      "srcSentenceEA": 4,
      "srcWordEA": 36,
      "character": "우리",
      "setting": "이십 년,젊은 시절",
      "action": null,
      "feeling": "재미있군요,진실된 마음이었기에,걱정하지 않았습니다",
      "causalRelationship": "젊은 시절 한때의 기분으로 약속했다고 여길 수 있겠지만,우리는 아주 진실된 마음이었기에 그런 일은 걱정하지 않았습니다",
      "outcomeResolution": null,
      "prediction": null,
      "plotSummaryInfoCount": 1,
      "plotSummaryInfo": {
        "classification": "의사소통",
        "readAge": "초등_저학년",
        "form": "long-form",
        "plotSummaryText": "이십 년이라는 세월은 약속을 지키기에 너무 길다는 경관의 말에 사나이는 그 친구와는 진실된 마음이었기에 걱정하지 않았다고 답했다.",
        "textWordEA": 17
      }
    },
    {
      "srcTextID": "43642",
      "srcText": "그래서 약속을 했습니다. 꼭 이십 년이 지난 뒤 같은 날 같은 시간에 이곳에서 다시 만나자고요. 이십 년이라면 꽤 긴 세월이니 많이 변하겠지만, 어떤 모습으로 살더라도 또 아무리 먼 곳에 있더라도 반드시 다시 만나 자고 다짐했지요.",
      "srcPage": 15,
      "srcSentenceEA": 3,
      "srcWordEA": 37,
      "character": null,
      "setting": "이십 년이 지난 뒤 같은 날 같은 시간에 이곳에서,이십 년,먼 곳에",
      "action": "약속을 했습니다,변하겠지만,살더라도,있더라도",
      "feeling": "반드시 다시 만나 자고 다짐했지요",
      "causalRelationship": "이십 년이라면 꽤 긴 세월이니 많이 변하겠지만,어떤 모습으로 살더라도 또 아무리 먼 곳에 있더라도 반드시 다시 만나 자고 다짐했지요.",
      "outcomeResolution": null,
      "prediction": null,
      "plotSummaryInfoCount": 1,
      "plotSummaryInfo": {
        "classification": "의사소통",
        "readAge": "초등_저학년",
        "form": "short-form",
        "plotSummaryText": "어떤 모습이든, 어디에 살든 반드시 이십 년 뒤 같은 날 같은 시간에 이곳에서 다시 만나자고 약속했습니다.",
        "textWordEA": 16
      }
    },
    {
      "srcTextID": "43646",
      "srcText": "옛 친구를 기다리는 사나이는 조끼 주머니에서 시계를 꺼내 보았습니다. 뚜껑에는 큼직한 다이아몬드가 박힌 고급 시계였습니다. “열시 삼 분 전이네요.” 사나이가 말했습니다.",
      "srcPage": 19,
      "srcSentenceEA": 4,
      "srcWordEA": 23,
      "character": "사나이,시계,뚜껑,다이아몬드,옛 친구,조끼,주머니",
      "setting": "열시 삼 분 전",
      "action": "기다리는,꺼내 보았습니다,말했습니다",
      "feeling": null,
      "causalRelationship": null,
      "outcomeResolution": null,
      "prediction": null,
      "plotSummaryInfoCount": 1,
      "plotSummaryInfo": {
        "classification": "의사소통",
        "readAge": "초등_저학년",
        "form": "long-form",
        "plotSummaryText": "사나이는 큼직한 다이아몬드가 박힌 고급 시계를 조끼 주머니에서 꺼내 시계를 확인하니 열시 삼 분 전이었다.",
        "textWordEA": 15
      }
    },
    {
      "srcTextID": "43647",
      "srcText": "“고생을 많이 했겠군요.” “이루 말할 수가 없죠.” “이야기 잘 들었소. 나는 이만 가 봐야겠구려. 계속 순찰을 돌아야 하니까 말이오.” 경관은 가볍게 손을 들어 모자챙에 붙여 사나이에게 인사를 하고는 등을 돌렸습니다.",
      "srcPage": 22,
      "srcSentenceEA": 6,
      "srcWordEA": 33,
      "character": "경관,모자챙,사나이,손",
      "setting": null,
      "action": "들어,붙여,인사를 하고는 등을 돌렸습니다",
      "feeling": "고생을 많이 했겠군요",
      "causalRelationship": "이야기 잘 들었소. 나는 이만 가 봐야겠구려. 계속 순찰을 돌아야 하니까 말이오",
      "outcomeResolution": null,
      "prediction": null,
      "plotSummaryInfoCount": 1,
      "plotSummaryInfo": {
        "classification": "의사소통",
        "readAge": "초등_저학년",
        "form": "long-form",
        "plotSummaryText": "이야기를 들은 경관은 순찰을 위해 사나이에게 인사를 하고 등을 돌렸다.",
        "textWordEA": 10
      }
    },
    {
      "srcTextID": "43650",
      "srcText": " “뭐, 삼십 분 정도는 기다려야겠지요. 사정이 있어서 늦을 수도 있는 일이니까. 그 친구는 살아 있다면 반드시 올 겁니다.” “당신 친구가 틀림없이 오기를 바라오.” “예, 고맙습니다. 경관 나리.” “행운을 빕니다.” 경관은 다시 등을 보이고는 의젓한 걸음걸이로 걸어갔습니다.",
      "srcPage": 24,
      "srcSentenceEA": 8,
      "srcWordEA": 40,
      "character": "친구,경관",
      "setting": "삼십 분 정도",
      "action": "기다려야겠지요,있어서,있는,보이고는,걸어갔습니다",
      "feeling": "당신 친구가 틀림없이 오기를 바라오,고맙습니다,행운을 빕니다",
      "causalRelationship": "뭐,삼십 분 정도는 기다려야겠지요. 사정이 있어서 늦을 수도 있는 일이니까",
      "outcomeResolution": null,
      "prediction": null,
      "plotSummaryInfoCount": 1,
      "plotSummaryInfo": {
        "classification": "의사소통",
        "readAge": "초등_저학년",
        "form": "long-form",
        "plotSummaryText": "친구가 살아 있는 한 반드시 올 것이라는 사나이의 말에 경관은 친구가 오기를 바라며 행운을 빈다고 했다.",
        "textWordEA": 16
      }
    },
    {
      "srcTextID": "43652",
      "srcText": "간간이 불어오던 바람이 점점 세차졌고 차가운 이슬비까지 내렸습니다. 어떤 사람이 옷깃을 여미고 주머니에 손을 깊숙이 찌르고는 종종 걸음으로 지나갔습니다. 경관 외에 마을에서 본 유일한 사람이었습니다. 젊은 시절 친구와 한 약속을 지키기 위해 천 마일이라는 먼 길을 달려온 사나이는 철물상 앞에서 담배를 피우며 꼼짝도 하지 않고 서 있었습니다.",
      "srcPage": 25,
      "srcSentenceEA": 4,
      "srcWordEA": 50,
      "character": "이슬비,어떤 사람,주머니,옷깃,손,경관,친구,사나이,담배",
      "setting": "마을에서,젊은 시절,천 마일,먼 길,철물상 앞에서",
      "action": "세차졌고,차가운,내렸습니다,여미고,깊숙이 찌르고는,지나갔습니다,본,지키기 위해,달려온,피우며,서 있었습니다,꼼짝도 하지 않고",
      "feeling": null,
      "causalRelationship": "간간이 불어오던 바람이 점점 세차졌고 차가운 이슬비까지 내렸습니다. 어떤 사람이 옷깃을 여미고 주머니에 손을 깊숙이 찌르고는 종종 걸음으로 지나갔습니다.",
      "outcomeResolution": null,
      "prediction": null,
      "plotSummaryInfoCount": 1,
      "plotSummaryInfo": {
        "classification": "의사소통",
        "readAge": "초등_저학년",
        "form": "long-form",
        "plotSummaryText": "바람은 점점 세차졌고 비까지 내렸지만 젊은 시절 친구와의 약속을 지키기 위해 천 마일을 달려온 사나이는 철물상 앞에서 꼼짝도 하지 않고 서 있었다.",
        "textWordEA": 22
      }
    },
    {
      "srcTextID": "43657",
      "srcText": "“시청에 근무한다고? 과연 착실한 너답구나. 너는 어려서부터 모험보다는 안정을 택했지.” “가자, 봅. 내가 잘 아는 집에 가서 천천히 지난 얘기나 나누자.” 지미와 봅은 팔짱을 끼고 걸어갔습니다. 봅은 걸어가는 동안에도 지난 이야기와 성공담을 섞어 가며 줄줄이 풀어 놓기 시작했고, 지미는 흥미로운 표정으로 이야기를 듣고 있었습니다.",
      "srcPage": 31,
      "srcSentenceEA": 7,
      "srcWordEA": 49,
      "character": "시청,봅,지미,짚",
      "setting": null,
      "action": "근무한다고,택했지,가서,나누자,끼고,걸어갔습니다,섞어 가며,시작했고,듣고 있었습니다",
      "feeling": "흥미로운 표정으로",
      "causalRelationship": "“시청에 근무한다고? 과연 착실한 너답구나. 너는 어려서부터 모험보다는 안정을 택했지.”",
      "outcomeResolution": null,
      "prediction": null,
      "plotSummaryInfoCount": 1,
      "plotSummaryInfo": {
        "classification": "의사소통",
        "readAge": "초등_저학년",
        "form": "long-form",
        "plotSummaryText": "지미는 봅에게 잘 아는 집에 가서 얘기를 나누자 했고 걸어가는 동안 지미는 흥미롭게 봅의 지난 이야기와 성공담을 들었다.",
        "textWordEA": 18
      }
    },
    {
      "srcTextID": "43661",
      "srcText": "길모퉁이에 불을 환하게 밝힌 약국이 있었습니다. 약국 앞을 지나던 지미와 봅은 넓은 창으로 흘러나오는 밝은 불빛에 동시에 고개를 돌려 서로의 얼굴을 바라보았습니다. 봅은 우뚝 걸음을 멈추고 팔짱을 풀며 고함을 질렀습니다. “넌 지미 웰즈가 아냐. 이십 년이라는 세월이 아무리 길다고 해도 이렇게 얼굴이 바뀔 수는 없어.”",
      "srcPage": 32,
      "srcSentenceEA": 5,
      "srcWordEA": 48,
      "character": "지미,봅,지미 웰즈,불,약국,창,불빛",
      "setting": "길모퉁이,이십 년",
      "action": "밝힌,있었습니다,지나던,흘러나오는,고개를 돌려,바라보았습니다,걸음을 멈추고,팔짱을 풀며,고함을 질렀습니다",
      "feeling": null,
      "causalRelationship": "길모퉁이에 불을 환하게 밝힌 약국이 있었습니다. 약국 앞을 지나던 지미와 봅은 넓은 창으로 흘러나오는 밝은 불빛에 동시에 고개를 돌려 서로의 얼굴을 바라보았습니다",
      "outcomeResolution": null,
      "prediction": null,
      "plotSummaryInfoCount": 1,
      "plotSummaryInfo": {
        "classification": "의사소통",
        "readAge": "초등_저학년",
        "form": "long-form",
        "plotSummaryText": "길모퉁이 약국에서 흘러나오는 밝은 불빛으로 친구의 얼굴을 본 봅은 넌 지미 웰즈가 아니라며 고함을 질렀다.",
        "textWordEA": 15
      }
    },
    {
      "srcTextID": "43660",
      "srcText": "그러자 키 큰 사나이는 천천히 외투 깃을 내리며 낮은 목소리로 말했습니다. “하지만 이십 년이란 세월은 착한 사람을 나쁘게 만들 수는 있지.” 사나이의 말에 봅은 충격을 받은 듯했습니다.",
      "srcPage": 33,
      "srcSentenceEA": 3,
      "srcWordEA": 28,
      "character": "키 큰 사나이,외투 깃,봅",
      "setting": "이십 년",
      "action": "내리며,말했습니다,만들 수는 있지",
      "feeling": "충격을 받은 듯했습니다",
      "causalRelationship": "“하지만 이십 년이란 세월은 착한 사람을 나쁘게 만들 수는 있지.” 사나이의 말에 봅은 충격을 받은 듯했습니다.",
      "outcomeResolution": null,
      "prediction": null,
      "plotSummaryInfoCount": 1,
      "plotSummaryInfo": {
        "classification": "의사소통",
        "readAge": "초등_저학년",
        "form": "short-form",
        "plotSummaryText": "이십 년이란 세월은 착한 사람을 나쁘게 만들 수도 있다는 키 큰 사나이의 말에 봅은 충격을 받았다.",
        "textWordEA": 16
      }
    },
    {
      "srcTextID": "43662",
      "srcText": "봅은 아무 말도 없었습니다. 그렇다고 반항하는 빛도 없었습니다. “여기 당신에게 전하라는 편지가 있으니까 경찰서에 도착하기 전에 읽어 보시오. 당신 친구인 지미 웰즈가 쓴 편지요.” 봅은 키 큰 사나이가 내미는 편지를 받아 펼쳤습니다. 편지를 읽던 봅의 손이 덜덜 떨리기 시작했습니다.",
      "srcPage": 35,
      "srcSentenceEA": 6,
      "srcWordEA": 43,
      "character": "봅,당신,편지,경찰서,지미 웰즈,키 큰 사나이",
      "setting": "도착하기 전에",
      "action": "아무 말도 없었습니다,읽어 보시오,쓴,내미는,받아 펼쳤습니다,읽던",
      "feeling": "덜덜 떨리기 시작했습니다",
      "causalRelationship": "여기 당신에게 전하라는 편지가 있으니까 경찰서에 도착하기 전에 읽어 보시오. 당신 친구인 지미 웰즈가 쓴 편지요",
      "outcomeResolution": null,
      "prediction": null,
      "plotSummaryInfoCount": 1,
      "plotSummaryInfo": {
        "classification": "의사소통",
        "readAge": "초등_저학년",
        "form": "long-form",
        "plotSummaryText": "키 큰 사나이는 지미 웰즈가 봅에게 쓴 편지를 전해 주며 경찰서에 도착하기 전에 읽으라고 했다.",
        "textWordEA": 15
      }
    },
    {
      "srcTextID": "43664",
      "srcText": "봅에게! 나는 정확한 시간에 약속한 장소에 갔다네. 이십 년 전의 약속을 잊지 않았거든. 그런데 자네가 성냥을 켜서 담배에 불을 붙일 때, 나는 시카고에서 지명 수배를 내린 사나이의 얼굴을 보았다네.",
      "srcPage": 36,
      "srcSentenceEA": 3,
      "srcWordEA": 32,
      "character": "봅,성냥,담배,불,나는,사나이,시카고,얼굴",
      "setting": "정확한 시간,약속한 장소,이십 년 전",
      "action": "갔다네,잊지 않았거든,켜서,붙일,보았다네",
      "feeling": null,
      "causalRelationship": "나는 정확한 시간에 약속한 장소에 갔다네. 이십 년 전의 약속을 잊지 않았거든. 그런데 자네가 성냥을 켜서 담배에 불을 붙일 때,나는 시카고에서 지명 수배를 내린 사나이의 얼굴을 보았다네",
      "outcomeResolution": null,
      "prediction": null,
      "plotSummaryInfoCount": 1,
      "plotSummaryInfo": {
        "classification": "의사소통",
        "readAge": "초등_저학년",
        "form": "short-form",
        "plotSummaryText": "봅, 나는 정확한 시간에 약속한 장소에 갔지만, 자네가 담배에 불을 붙일 때 시카고에서 지명 수배를 내린 사나이의 얼굴을 보았네.",
        "textWordEA": 19
      }
    },
    {
      "srcTextID": "43666",
      "srcText": "편지를 읽고 난 봅은 넋이 나간 듯 한동안 우두커니 서 있었고, 지미 행세를 하던 경관은 봅을 조용히 바라보고 있었습니다. 물론 혹시라도 봅이 도망칠지도 모르기에 긴장을 늦추지는 않고서 말입니다. 몇 분이 지나자 경관은 봅의 팔을 잡아끌었습니다. 봅은 반항하지 않고 묵묵히 경관이 이끄는 대로 걸어갔습니다.",
      "srcPage": 39,
      "srcSentenceEA": 4,
      "srcWordEA": 46,
      "character": "편지,봅,지미,경관,팔",
      "setting": "몇 분이 지나자",
      "action": "읽고 난,우두커니 서 있었고,행세를 하던,바라보고 있었습니다,도망칠지도,잡아끌었습니다,반항하지 않고,이끄는대로 걸어갔습니다",
      "feeling": "넋이 나간 듯,긴장을 늦추지는 않고서",
      "causalRelationship": null,
      "outcomeResolution": null,
      "prediction": "봅은 반항하지 않고 묵묵히 경관이 이끄는 대로 걸어갔습니다.",
      "plotSummaryInfoCount": 1,
      "plotSummaryInfo": {
        "classification": "의사소통",
        "readAge": "초등_저학년",
        "form": "long-form",
        "plotSummaryText": "편지를 읽은 봅은 넋이 나간 듯 했고, 경관이 몇 분 뒤에 봅의 팔을 잡아끌자 반항하지 않고 이끄는 대로 걸어갔다.",
        "textWordEA": 19
      }
    },
    {
      "srcTextID": "43670",
      "srcText": "오 헨리는 어렵게 생활하다가 결혼을 했고, 은행에서 근무하며 틈틈이 글을 썼습니다. 그러다 공금을 횡령했다는 이유로 삼 년 간 감옥살이를 했습니다. 감옥에서 나온 후 ‘오 헨리’라는 필명으로 본격적인 작가 생활을 시작했습니다.",
      "srcPage": 41,
      "srcSentenceEA": 4,
      "srcWordEA": 33,
      "character": "오 헨리,은행",
      "setting": "감옥에서 나온 후",
      "action": "어렵게 생활하다가,했고,근무하며,썼습니다,감옥살이를 했습니다,시작했습니다",
      "feeling": null,
      "causalRelationship": null,
      "outcomeResolution": null,
      "prediction": "감옥에서 나온 후 ‘오 헨리’라는 필명으로 본격적인 작가 생활을 시작했습니다.",
      "plotSummaryInfoCount": 1,
      "plotSummaryInfo": {
        "classification": "의사소통",
        "readAge": "초등_저학년",
        "form": "long-form",
        "plotSummaryText": "결혼 후 은행에서 근무하며 틈틈이 글을 썼고, 공금 횡령으로 삼 년 간 감옥살이를 한 후에 오 헨리라는 필명으로 본격적인 작가 생활을 시작했다.",
        "textWordEA": 22
      }
    },
    {
      "srcTextID": "43672",
      "srcText": "오 헨리는 자신이 겪은 다양한 직업과 아픈 경험 등을 소재로 서부의 마음, 사백만 등의 단편을 발표하여 인기 작가가 되었습니다. 그 후로도 대표작 마지막 잎새를 비롯해 경관과 찬송가, 현자의 선물, 운명의 길, 이십 년 후 등 300편 가까운 단편 소설을 썼습니다. 오 헨리는 러시아의 체호프, 프랑스의 모파상과 더불어 세계 3대 단편 작가로 손꼽히고 있습니다.",
      "srcPage": 42,
      "srcSentenceEA": 3,
      "srcWordEA": 55,
      "character": "오 헨리,직업,체호프,프랑스,모파상,단편 소설",
      "setting": "그 후로",
      "action": "겪은,발표하여,되었습니다,썼습니다,있습니다",
      "feeling": "아픈",
      "causalRelationship": "오 헨리는 자신이 겪은 다양한 직업과 아픈 경험 등을 소재로 서부의 마음,사백만 등의 단편을 발표하여 인기 작가가 되었습니다",
      "outcomeResolution": null,
      "prediction": null,
      "plotSummaryInfoCount": 1,
      "plotSummaryInfo": {
        "classification": "의사소통",
        "readAge": "초등_저학년",
        "form": "short-form",
        "plotSummaryText": "오 헨리는 자신의 경험을 토대로 쓴 글로 인기 작가가 되었고 그 후 300편 가까운 단편 소설을 쓰며  러시아의 체호프, 프랑스의 모파상과 더불어 세계 3대 단편 작가로 손꼽히고 있다.",
        "textWordEA": 29
      }
    },
    {
      "srcTextID": "43671",
      "srcText": "오 헨리는 이들의 이야기를 다양한 표현과 교묘한 화술로 그려 냅니다. 이십 년 후도 그런 작품 중 하나입니다. 특히 이십 년 후에는 오 헨리가 젊은 시절 겪은 여러 직업이나 감옥살이를 하면서 만난 사람들의 경험이 녹아 있습니다.",
      "srcPage": 44,
      "srcSentenceEA": 3,
      "srcWordEA": 37,
      "character": "오 헨리,사람들",
      "setting": "젊은 시절,감옥살이 중",
      "action": "그려 냅니다,겪은,하면서,만난,녹아 있습니다",
      "feeling": null,
      "causalRelationship": "오 헨리는 이들의 이야기를 다양한 표현과 교묘한 화술로 그려 냅니다. 이십 년 후도 그런 작품 중 하나입니다.",
      "outcomeResolution": null,
      "prediction": null,
      "plotSummaryInfoCount": 1,
      "plotSummaryInfo": {
        "classification": "의사소통",
        "readAge": "초등_저학년",
        "form": "short-form",
        "plotSummaryText": "이십 년 후에는 오 헨리가 겪은 여러 직업이나 감옥살이 중 만난 사람들의 경험을 다양한 표현과 교묘한 화술로 그려 냈다.",
        "textWordEA": 19
      }
    }
  ]
}