{
  "title": "꼬미의 멋진 생각",
  "author": "김마리아",
  "illustrator": "김애진",
  "isbn": "9791188565979",
  "publishedYear": 2017,
  "publisher": "엄마마음",
  "paragraphInfoCount": 17,
  "paragraphInfo": [
    {
      "srcTextID": "147818",
      "srcText": "먹이를 구해 굴속으로 돌아온 개미들은 저마다 투덜거렸어요. “다리가 후들거려 혼났네!” “언제까지 이렇게 지내야 할까?”",
      "srcPage": 7,
      "srcSentenceEA": 3,
      "srcWordEA": 14,
      "character": "개미들,다리",
      "setting": "굴속",
      "action": "구해,돌아온,투덜거렸어요,후들거려,지내야",
      "feeling": null,
      "causalRelationship": null,
      "outcomeResolution": null,
      "prediction": null,
      "plotSummaryInfoCount": 1,
      "plotSummaryInfo": {
        "classification": "의사소통",
        "readAge": "초등_저학년",
        "form": "short-form",
        "plotSummaryText": "먹이를 구해 굴속으로 돌아온 개미들은 다리가 후들거려 혼났다고 투덜거렸습니다.",
        "textWordEA": 9
      }
    },
    {
      "srcTextID": "147813",
      "srcText": "“지진이 일어났나 봐요!” 그때 개미굴 속으로 기다란 혀가 쑥 들어왔어요. “개미핥기다!” 개미들은 허둥지둥 굴 안쪽으로 달아났어요.",
      "srcPage": 2,
      "srcSentenceEA": 3,
      "srcWordEA": 18,
      "character": "개미핥기,개미들,혀",
      "setting": "개미굴 속",
      "action": "일어났나,들어왔어요",
      "feeling": null,
      "causalRelationship": null,
      "outcomeResolution": null,
      "prediction": null,
      "plotSummaryInfoCount": 1,
      "plotSummaryInfo": {
        "classification": "의사소통",
        "readAge": "초등_저학년",
        "form": "short-form",
        "plotSummaryText": "개미굴 속으로 개미핥기의 기다란 혀가 쑥 들어오자, 개미들은 허둥지둥 굴 안쪽으로 달아났습니다.",
        "textWordEA": 12
      }
    },
    {
      "srcTextID": "147814",
      "srcText": "개미핥기는 혀를 날름거리며 굴을 파고들었어요. 하지만 바위에 걸려 더 이상 들어갈 수 없었지요. “쳇, 밖에서 기다려야지.”",
      "srcPage": 3,
      "srcSentenceEA": 3,
      "srcWordEA": 17,
      "character": "개미핥기,혀,바위",
      "setting": "굴",
      "action": "날름거리며,파고들었어요,기다려야지",
      "feeling": null,
      "causalRelationship": null,
      "outcomeResolution": null,
      "prediction": null,
      "plotSummaryInfoCount": 1,
      "plotSummaryInfo": {
        "classification": "의사소통",
        "readAge": "초등_저학년",
        "form": "short-form",
        "plotSummaryText": "개미핥기가 혀를 날름거리며 굴을 파고들었지만, 바위에 걸려 더 이상 들어갈 수 없었습니다.",
        "textWordEA": 12
      }
    },
    {
      "srcTextID": "147815",
      "srcText": "개미들은 부들부들 몸을 떨었어요. “무슨 방법이 없을까?” “글쎄.” 그때 꼬미가 손을 번쩍 들었어요. “저한테 좋은 생각이 있어요.” “조그만 녀석이 감히 어른들 일에 끼어들다니! 가만있어라.”",
      "srcPage": 4,
      "srcSentenceEA": 6,
      "srcWordEA": 26,
      "character": "개미들,꼬미,조그만 녀석,어른들,몸,손",
      "setting": null,
      "action": "떨었어요,들었어요,끼어들다니,가만있어라",
      "feeling": null,
      "causalRelationship": null,
      "outcomeResolution": null,
      "prediction": null,
      "plotSummaryInfoCount": 1,
      "plotSummaryInfo": {
        "classification": "의사소통",
        "readAge": "초등_저학년",
        "form": "long-form",
        "plotSummaryText": "개미들이 몸을 떨고 있을 때 꼬미가 손을 번쩍 들고 좋은 생각이 있다고 했지만, 어른들 일에 끼어들지 말고 가만있으라고 했습니다.",
        "textWordEA": 19
      }
    },
    {
      "srcTextID": "147817",
      "srcText": "해가 지고 한참이 지나서야 개미핥기는 잠들었어요. 개미들은 하나둘씩 굴 밖으로 나왔어요. 살금살금 발을 내딛을 때마다 송골송골 땀이 맺혔어요.",
      "srcPage": 6,
      "srcSentenceEA": 3,
      "srcWordEA": 20,
      "character": "개미핥기,개미들",
      "setting": null,
      "action": "잠들었어요,나왔어요,내딛을",
      "feeling": null,
      "causalRelationship": null,
      "outcomeResolution": null,
      "prediction": null,
      "plotSummaryInfoCount": 1,
      "plotSummaryInfo": {
        "classification": "의사소통",
        "readAge": "초등_저학년",
        "form": "short-form",
        "plotSummaryText": "해가 지고 한참이 지나서야 개미핥기는 잠들었고 개미들은 굴 밖으로 나와 발을 내디딜 때마다 송골송골 땀이 맺혔습니다.",
        "textWordEA": 16
      }
    },
    {
      "srcTextID": "147819",
      "srcText": "“개미핥기가 잠든 틈에 공격하면 어때요?” “개미핥기가 잠에서 깨면 어쩌려고요?” 개미굴은 순식간에 아수라장이 되었어요.",
      "srcPage": 9,
      "srcSentenceEA": 3,
      "srcWordEA": 14,
      "character": "개미핥기",
      "setting": "개미굴",
      "action": "잠든,공격하면,깨면",
      "feeling": null,
      "causalRelationship": null,
      "outcomeResolution": "개미굴은 순식간에 아수라장이 되었어요.",
      "prediction": null,
      "plotSummaryInfoCount": 1,
      "plotSummaryInfo": {
        "classification": "의사소통",
        "readAge": "초등_저학년",
        "form": "short-form",
        "plotSummaryText": "개미핥기가 잠든 틈에 공격하자고 하자는 의견과 반대하는 의견으로 개미굴은 순식간에 아수라장이 되었습니다.",
        "textWordEA": 12
      }
    },
    {
      "srcTextID": "147826",
      "srcText": "곰과 개미핥기가 딱 마주쳤어요. “겁도 없이 내 꿀을 먹다니!” 화가 잔뜩 난 곰이 개미핥기에게 달려들었어요.",
      "srcPage": 15,
      "srcSentenceEA": 3,
      "srcWordEA": 16,
      "character": "곰,개미핥기",
      "setting": null,
      "action": "마주쳤어요,먹다니,달려들었어요",
      "feeling": null,
      "causalRelationship": null,
      "outcomeResolution": null,
      "prediction": null,
      "plotSummaryInfoCount": 1,
      "plotSummaryInfo": {
        "classification": "의사소통",
        "readAge": "초등_저학년",
        "form": "short-form",
        "plotSummaryText": "곰과 개미핥기가 딱 마주치자, 화가 잔뜩 난 곰이 개미핥기에게 달려들었습니다.",
        "textWordEA": 10
      }
    },
    {
      "srcTextID": "147827",
      "srcText": "깜짝 놀란 개미핥기는 나무 위로 올라갔어요. “얼른 내려오지 못해?” 곰이 나무를 흔들어 대자 개미핥기가 바닥으로 쿵 떨어졌어요. “개미핥기 살려!” 개미핥기는 멀리멀리 도망갔답니다.",
      "srcPage": 16,
      "srcSentenceEA": 5,
      "srcWordEA": 24,
      "character": "개미핥기,곰",
      "setting": null,
      "action": "올라갔어요,내려오지,흔들어 대자,떨어졌어요,도망갔답니다",
      "feeling": null,
      "causalRelationship": "곰이 나무를 흔들어 대자 개미핥기가 바닥으로 쿵 떨어졌어요.",
      "outcomeResolution": "개미핥기는 멀리멀리 도망갔답니다.",
      "prediction": null,
      "plotSummaryInfoCount": 1,
      "plotSummaryInfo": {
        "classification": "의사소통",
        "readAge": "초등_저학년",
        "form": "long-form",
        "plotSummaryText": "깜짝 놀란 개미핥기는 나무 위로 올라갔고 곰이 나무를 흔들어 대자 개미핥기는 바닥으로 떨어져 도망갔답니다.",
        "textWordEA": 14
      }
    },
    {
      "srcTextID": "147812",
      "srcText": "“굴이 무너진다!” 평온하던 개미굴이 순식간에 아수라장이 되었어요. “대체 무슨 일이냐?” 여왕개미가 깜짝 놀라 소리쳤어요.",
      "srcPage": 1,
      "srcSentenceEA": 4,
      "srcWordEA": 16,
      "character": "여왕개미",
      "setting": "개미굴,순식간에",
      "action": "소리쳤어요",
      "feeling": null,
      "causalRelationship": null,
      "outcomeResolution": null,
      "prediction": null,
      "plotSummaryInfoCount": 1,
      "plotSummaryInfo": {
        "classification": "의사소통",
        "readAge": "초등_저학년",
        "form": "long-form",
        "plotSummaryText": "굴이 무너지는 바람에 평온하던 개미굴이 순식간에 아수라장이 되었고 여왕개미는 놀라 소리쳤습니다.",
        "textWordEA": 11
      }
    },
    {
      "srcTextID": "147820",
      "srcText": "그날 밤 굴속에서 다시 회의가 열렸어요. “다 같이 달려들어 싸워 봅시다!” “그건 너무 위험해요.”",
      "srcPage": 8,
      "srcSentenceEA": 3,
      "srcWordEA": 14,
      "character": null,
      "setting": "그날 밤,굴속",
      "action": "열렸어요,달려들어,싸워",
      "feeling": null,
      "causalRelationship": null,
      "outcomeResolution": null,
      "prediction": null,
      "plotSummaryInfoCount": 1,
      "plotSummaryInfo": {
        "classification": "의사소통",
        "readAge": "초등_저학년",
        "form": "short-form",
        "plotSummaryText": "그날 밤 굴속에서 다시 회의가 열렸고 다 같이 달려들어 싸워 보자고 했습니다.",
        "textWordEA": 12
      }
    },
    {
      "srcTextID": "147822",
      "srcText": "그때 꼬미가 작은 목소리로 중얼거렸어요. “곰의 힘을 빌리면 개미핥기쯤은 문제없을 텐데.” “곰을 찾아가 부탁하자고? 그랬다가는 곰에게 먼저 잡아먹힐 거다!”",
      "srcPage": 10,
      "srcSentenceEA": 4,
      "srcWordEA": 20,
      "character": "꼬미,곰,개미핥기",
      "setting": null,
      "action": "중얼거렸어요,찾아가,잡아먹힐",
      "feeling": null,
      "causalRelationship": null,
      "outcomeResolution": null,
      "prediction": null,
      "plotSummaryInfoCount": 1,
      "plotSummaryInfo": {
        "classification": "의사소통",
        "readAge": "초등_저학년",
        "form": "long-form",
        "plotSummaryText": "꼬미가 작은 목소리로 곰의 힘을 빌리면 개미핥기쯤은 문제없다고 말하자 곰에게 먼저 잡아먹힐 거라고 했습니다.",
        "textWordEA": 14
      }
    },
    {
      "srcTextID": "147825",
      "srcText": "나뭇잎 위로 햇살이 환하게 쏟아지자 곰이 부스스 일어났어요. “와, 꿀이다!” 곰은 허겁지겁 꿀을 먹기 시작했어요. 한 입 먹고 한 발짝, 두 입 먹고 또 한 발짝 나아갔지요. 반대편에선 개미핥기도 꿀을 먹느라 바빴어요.",
      "srcPage": 14,
      "srcSentenceEA": 5,
      "srcWordEA": 35,
      "character": "나뭇잎,곰,개미핥기,꿀",
      "setting": null,
      "action": "일어났어요,먹기 시작했어요,먹고,나아갔지요,먹느라",
      "feeling": null,
      "causalRelationship": null,
      "outcomeResolution": null,
      "prediction": null,
      "plotSummaryInfoCount": 1,
      "plotSummaryInfo": {
        "classification": "의사소통",
        "readAge": "초등_저학년",
        "form": "long-form",
        "plotSummaryText": "나뭇잎 위로 햇살이 환하게 쏟아지자 곰이 일어나 꿀을 먹기 시작했고 반대편에선 개미핥기도 꿀을 먹느라 바빴습니다.",
        "textWordEA": 15
      }
    },
    {
      "srcTextID": "147828",
      "srcText": "“와, 우리가 이겼다!” 개미들은 서로 얼싸안고 기뻐했어요. “생각이 깊은 꼬미 덕에 무사히 위기를 넘겼구나!” “꼬미야, 고마워.” 모두의 칭찬에 꼬미는 날아갈 듯 기뻤어요.",
      "srcPage": 17,
      "srcSentenceEA": 5,
      "srcWordEA": 24,
      "character": "개미들",
      "setting": null,
      "action": "얼싸안고,넘겼구나",
      "feeling": null,
      "causalRelationship": null,
      "outcomeResolution": null,
      "prediction": null,
      "plotSummaryInfoCount": 1,
      "plotSummaryInfo": {
        "classification": "의사소통",
        "readAge": "초등_저학년",
        "form": "long-form",
        "plotSummaryText": "개미들은 기뻐했고 모두 생각이 깊은 꼬미 덕에 무사히 위기를 넘겼다고 칭찬하자 꼬미는 날아갈 듯 기뻤습니다.",
        "textWordEA": 15
      }
    },
    {
      "srcTextID": "147816",
      "srcText": "개미들은 다시 깊은 시름에 잠겼어요. “우리가 무슨 수로 개미핥기를 이기겠어요?” “그럼 이대로 굶어 죽자는 거예요?” “개미핥기가 잠든 틈에 먹이를 구하러 가면 어때요?” “좋아요, 한번 해 봅시다.”",
      "srcPage": 5,
      "srcSentenceEA": 5,
      "srcWordEA": 26,
      "character": "개미들,우리,개미핥기",
      "setting": null,
      "action": "잠든,구하러,가면",
      "feeling": null,
      "causalRelationship": null,
      "outcomeResolution": null,
      "prediction": null,
      "plotSummaryInfoCount": 1,
      "plotSummaryInfo": {
        "classification": "의사소통",
        "readAge": "초등_저학년",
        "form": "long-form",
        "plotSummaryText": "개미들은 다시 깊은 시름에 잠겼고 개미핥기가 잠든 틈에 먹이를 구하러 가자고 했습니다.",
        "textWordEA": 12
      }
    },
    {
      "srcTextID": "147821",
      "srcText": "“조용, 조용! 꼬미의 말을 끝까지 들어 봅시다!” 여왕개미가 모두를 조용히 시켰어요.",
      "srcPage": 11,
      "srcSentenceEA": 3,
      "srcWordEA": 13,
      "character": "꼬미,여왕개미",
      "setting": null,
      "action": "들어 봅시다,시켰어요",
      "feeling": null,
      "causalRelationship": null,
      "outcomeResolution": null,
      "prediction": null,
      "plotSummaryInfoCount": 1,
      "plotSummaryInfo": {
        "classification": "의사소통",
        "readAge": "초등_저학년",
        "form": "short-form",
        "plotSummaryText": "여왕개미가 꼬미의 말을 끝까지 들어 보자며 모두를 조용히 시켰습니다.",
        "textWordEA": 9
      }
    },
    {
      "srcTextID": "147823",
      "srcText": "“곰이 잠들면 곰 앞에 몰래 꿀을 떨어뜨려 놓는 거예요. 개미핥기가 있는 곳까지요. 잠에서 깬 곰은 꿀을 먹느라 정신없을 테고, 그러면.” 그때 여왕개미가 무릎을 탁 쳤어요. “오호라! 그때쯤이면 배고픈 개미핥기도 꿀을 먹고 있겠구나!”",
      "srcPage": 12,
      "srcSentenceEA": 5,
      "srcWordEA": 36,
      "character": "개미핥기,여왕개미",
      "setting": null,
      "action": "잠들면,떨어뜨려,놓는,깬,먹느라,쳤어요,먹고",
      "feeling": null,
      "causalRelationship": null,
      "outcomeResolution": null,
      "prediction": null,
      "plotSummaryInfoCount": 1,
      "plotSummaryInfo": {
        "classification": "의사소통",
        "readAge": "초등_저학년",
        "form": "long-form",
        "plotSummaryText": "곰이 잠들면 곰 앞에 몰래 개미핥기가 있는 곳까지 꿀을 떨어뜨려 놓자고 했고 여왕개미가 무릎을 탁 쳤습니다.",
        "textWordEA": 16
      }
    },
    {
      "srcTextID": "147824",
      "srcText": "깊은 밤이 되자 개미들은 꿀단지를 들고 굴 밖으로 나왔어요. 한 방울, 두 방울, 꿀을 떨어뜨릴 때마다 숲속에 달콤한 향기가 퍼졌어요. “자, 이제 그만 돌아가자!”",
      "srcPage": 13,
      "srcSentenceEA": 3,
      "srcWordEA": 25,
      "character": "개미들,꿀단지",
      "setting": "숲속",
      "action": "들고,나왔어요,떨어뜨릴,돌아가자",
      "feeling": null,
      "causalRelationship": null,
      "outcomeResolution": null,
      "prediction": null,
      "plotSummaryInfoCount": 1,
      "plotSummaryInfo": {
        "classification": "의사소통",
        "readAge": "초등_저학년",
        "form": "short-form",
        "plotSummaryText": "깊은 밤이 되자 개미들은 꿀단지를 들고 굴 밖으로 나왔고 꿀을 떨어뜨릴 때마다 숲속에 달콤한 향기가 퍼졌습니다.",
        "textWordEA": 16
      }
    }
  ]
}