{
  "title": "마녀의 꿈",
  "author": "글깨비",
  "illustrator": "이윤선",
  "isbn": "9788929118938",
  "publishedYear": 2018,
  "publisher": "글뿌리",
  "paragraphInfoCount": 16,
  "paragraphInfo": [
    {
      "srcTextID": "151048",
      "srcText": "그렇게 얼마나 헤맸을까요? “오빠! 저기 과자로 만든 집이 있어!” “야호, 배고팠는데 잘됐다!”",
      "srcPage": 11,
      "srcSentenceEA": 3,
      "srcWordEA": 13,
      "character": "오빠,과자",
      "setting": "집",
      "action": "헤맸을까요,만든",
      "feeling": "잘됐다",
      "causalRelationship": null,
      "outcomeResolution": null,
      "prediction": null,
      "plotSummaryInfoCount": 1,
      "plotSummaryInfo": {
        "classification": "의사소통",
        "readAge": "초등_저학년",
        "form": "short-form",
        "plotSummaryText": "그렇게 헤맸다가 오빠에게 저기 과자로 만든 집이 있다고 하자, 배고팠는데 잘됐다고 했습니다.",
        "textWordEA": 12
      }
    },
    {
      "srcTextID": "151049",
      "srcText": "헨젤과 그레텔은 허겁지겁 달려갔어요. 그리고 과자집을 뜯어 먹기 시작했지요. 그때, 마녀가 문을 열고 나왔어요!",
      "srcPage": 12,
      "srcSentenceEA": 3,
      "srcWordEA": 16,
      "character": "헨젤,그레텔,과자집,마녀,문",
      "setting": null,
      "action": "달려갔어요,뜯어 먹기,열고",
      "feeling": null,
      "causalRelationship": null,
      "outcomeResolution": null,
      "prediction": null,
      "plotSummaryInfoCount": 1,
      "plotSummaryInfo": {
        "classification": "의사소통",
        "readAge": "초등_저학년",
        "form": "short-form",
        "plotSummaryText": "헨젤과 그레텔은 급히 달려가서 과자집을 뜯어먹기 시작했는데 마녀가 문을 열고 나왔습니다.",
        "textWordEA": 11
      }
    },
    {
      "srcTextID": "151052",
      "srcText": "그러던 어느 날, 마녀가 말했어요. “더는 못 기다리겠어. 그레텔, 어서 장작에 불을 지펴!”",
      "srcPage": 16,
      "srcSentenceEA": 3,
      "srcWordEA": 14,
      "character": "마녀,그레텔,장작",
      "setting": null,
      "action": "말했어요,지펴,못 기다리겠어",
      "feeling": null,
      "causalRelationship": null,
      "outcomeResolution": null,
      "prediction": null,
      "plotSummaryInfoCount": 1,
      "plotSummaryInfo": {
        "classification": "의사소통",
        "readAge": "초등_저학년",
        "form": "short-form",
        "plotSummaryText": "어느 날, 마녀는 그레텔에게 더는 못 기다리겠으니 어서 장작에 불을 지피라고 말했습니다.",
        "textWordEA": 12
      }
    },
    {
      "srcTextID": "151043",
      "srcText": "‘흥, 저거로군. 모두 없애야겠다.’ 다음 날, 새엄마는 헨젤과 그레텔을 다시 숲속에 남겨 놓고 달아나 버렸어요.",
      "srcPage": 9,
      "srcSentenceEA": 3,
      "srcWordEA": 17,
      "character": "새엄마,헨젤,그레텔",
      "setting": "숲속",
      "action": "달아나 버렸어요,없애야겠다,남겨 놓고",
      "feeling": null,
      "causalRelationship": null,
      "outcomeResolution": null,
      "prediction": null,
      "plotSummaryInfoCount": 1,
      "plotSummaryInfo": {
        "classification": "의사소통",
        "readAge": "초등_저학년",
        "form": "short-form",
        "plotSummaryText": "모두 없애야 겠다고 생각한 뒤, 다음 날 새엄마는 헨젤과 그레텔을 다시 숲속에 남겨 놓고 달아나 버렸습니다.",
        "textWordEA": 16
      }
    },
    {
      "srcTextID": "151046",
      "srcText": "“누가 내 집을 망가뜨리는 거냐?” 헨젤과 그레텔은 깜짝 놀라 어쩔 줄 몰랐어요. 마녀는 헨젤과 그레텔을 보더니 빙그레 웃으며 말했어요.",
      "srcPage": 13,
      "srcSentenceEA": 3,
      "srcWordEA": 21,
      "character": "헨젤,그레텔,마녀",
      "setting": "집",
      "action": "보더니,말했어요,망가뜨리는",
      "feeling": "놀라",
      "causalRelationship": null,
      "outcomeResolution": null,
      "prediction": null,
      "plotSummaryInfoCount": 1,
      "plotSummaryInfo": {
        "classification": "의사소통",
        "readAge": "초등_저학년",
        "form": "short-form",
        "plotSummaryText": "자기집을 망가뜨리는 게 누구냐고 하자 헨젤과 그레텔은 놀라서 어쩔 줄 몰랐고, 마녀가 보더니 웃으며 말했습니다.",
        "textWordEA": 15
      }
    },
    {
      "srcTextID": "151039",
      "srcText": "그해 마을에 큰 가뭄이 들었어요. “이제 먹을 것이 얼마 안 남았는데 어쩌지?” 아빠는 한숨을 푹 쉬었어요.",
      "srcPage": 2,
      "srcSentenceEA": 3,
      "srcWordEA": 17,
      "character": "아빠",
      "setting": "그해,마을",
      "action": "푹 쉬었어요,들었어요,안 남았는데",
      "feeling": null,
      "causalRelationship": null,
      "outcomeResolution": null,
      "prediction": null,
      "plotSummaryInfoCount": 1,
      "plotSummaryInfo": {
        "classification": "의사소통",
        "readAge": "초등_저학년",
        "form": "short-form",
        "plotSummaryText": "그해 마을에는 큰 가뭄이 들어서 먹을 것이 얼마 안 남았기에 아빠는 한숨을 푹 쉬었습니다.",
        "textWordEA": 14
      }
    },
    {
      "srcTextID": "151037",
      "srcText": "“그럼, 다 같이 굶어 죽을 생각이에요?” “휴, 알았소.” 그 말을 엿들은 헨젤과 그레텔은 심장이 쿵쾅쿵쾅 뛰었어요. “이제 우린 어떡하지?”\n\n",
      "srcPage": 4,
      "srcSentenceEA": 4,
      "srcWordEA": 20,
      "character": "헨젤,그레텔,심장",
      "setting": null,
      "action": "엿들은,뛰었어요,죽을",
      "feeling": null,
      "causalRelationship": null,
      "outcomeResolution": null,
      "prediction": null,
      "plotSummaryInfoCount": 1,
      "plotSummaryInfo": {
        "classification": "의사소통",
        "readAge": "초등_저학년",
        "form": "long-form",
        "plotSummaryText": "모두 굶어 죽을 생각이냐고 묻자 알았다고 하는 말을 엿들은 헨젤과 그레텔은 심장이  뛰었고, 이젠 어떡하냐고 했습니다.",
        "textWordEA": 17
      }
    },
    {
      "srcTextID": "151038",
      "srcText": "그때 새엄마가 다가와 말했어요. “애들을 숲속에 버리고 오면 되지요.” “뭐라고? 어떻게 아이들을.”",
      "srcPage": 3,
      "srcSentenceEA": 3,
      "srcWordEA": 13,
      "character": "새엄마,애들,아이들",
      "setting": "숲속",
      "action": "다가와 말했어요,버리고 오면",
      "feeling": null,
      "causalRelationship": null,
      "outcomeResolution": null,
      "prediction": null,
      "plotSummaryInfoCount": 1,
      "plotSummaryInfo": {
        "classification": "의사소통",
        "readAge": "초등_저학년",
        "form": "short-form",
        "plotSummaryText": "새엄마가 다가와 애들을 숲속에 버리고 오면 된다고 하니, 어떻게 아이들을 그러냐고 했습니다.",
        "textWordEA": 12
      }
    },
    {
      "srcTextID": "151041",
      "srcText": "며칠 뒤 새엄마가 남매를 불렀어요. “얘들아, 다 함께 나무하러 가자꾸나. 어서!” 헨젤은 주머니 속에서 조약돌을 꺼내 길 위에 하나씩 떨어뜨렸어요. 그사이 새엄마와 아빠는 아이들을 버리고 다른 길로 도망쳤지요.",
      "srcPage": 6,
      "srcSentenceEA": 5,
      "srcWordEA": 31,
      "character": "새엄마,나무,헨젤,조약돌,아빠",
      "setting": "며칠 뒤",
      "action": "꺼내,떨어뜨렸어요,버리고",
      "feeling": null,
      "causalRelationship": null,
      "outcomeResolution": null,
      "prediction": null,
      "plotSummaryInfoCount": 1,
      "plotSummaryInfo": {
        "classification": "의사소통",
        "readAge": "초등_저학년",
        "form": "long-form",
        "plotSummaryText": "며칠 뒤에 새엄마가 나무하러 가자며 서둘러라고 하니 헨젤은 주머니 속의 조약돌들을 꺼내 길 위에 떨어뜨렸고, 새엄마와 아빠는 아이들을 버리고 다른 길로 도망쳤습니다.",
        "textWordEA": 22
      }
    },
    {
      "srcTextID": "151042",
      "srcText": "“오빠, 아빠와 새엄마가 안 보여. 이제 우린 어떡해!” “그레텔, 발밑에 하얀 조약돌이 보이니? 내가 집에서 나올 때부터 길 위에 떨어뜨려 둔 거야.” “그럼, 이 조약돌만 따라가면 집에 갈 수 있겠네!” 헨젤과 그레텔은 조약돌을 따라 무사히 집으로 돌아올 수 있었어요.\n\n",
      "srcPage": 7,
      "srcSentenceEA": 6,
      "srcWordEA": 42,
      "character": "아빠,새엄마,그레텔,하얀 조약돌",
      "setting": "길,집",
      "action": "보이니,따라가면,돌아올,떨어뜨려 둔,안 보여",
      "feeling": null,
      "causalRelationship": null,
      "outcomeResolution": "헨젤과 그레텔은 조약돌을 따라 무사히 집으로 돌아올 수 있었어요.",
      "prediction": null,
      "plotSummaryInfoCount": 1,
      "plotSummaryInfo": {
        "classification": "의사소통",
        "readAge": "초등_저학년",
        "form": "long-form",
        "plotSummaryText": "헨젤과 그레텔은 길 위에 떨어뜨려 둔 조약돌을 따라 무사히 집으로 돌아올 수 있었습니다.",
        "textWordEA": 13
      }
    },
    {
      "srcTextID": "151045",
      "srcText": "새엄마는 깜짝 놀랐어요. ‘아니, 어떻게 집을 찾아왔지?’ 밖을 살펴보던 새엄마는 조약돌을 찾아냈어요.",
      "srcPage": 8,
      "srcSentenceEA": 3,
      "srcWordEA": 14,
      "character": "새엄마,조약돌",
      "setting": null,
      "action": "찾아냈어요,살펴보던,찾아왔지",
      "feeling": "놀랐어요",
      "causalRelationship": null,
      "outcomeResolution": null,
      "prediction": null,
      "plotSummaryInfoCount": 1,
      "plotSummaryInfo": {
        "classification": "의사소통",
        "readAge": "초등_저학년",
        "form": "short-form",
        "plotSummaryText": "새엄마는 어떻게 집에 찾아왔냐며 놀랐고, 밖을 살펴보던 새엄마는 조약돌을 찾아냈습니다.",
        "textWordEA": 10
      }
    },
    {
      "srcTextID": "151040",
      "srcText": "‘하얀 조약돌을 길 위에 떨어뜨려 두자. 그러면 숲속에서 길을 잃어도 집으로 돌아올 수 있을 거야.’ 그날부터 헨젤은 하얀 조약돌을 모았어요.",
      "srcPage": 5,
      "srcSentenceEA": 3,
      "srcWordEA": 22,
      "character": "조약돌,헨젤",
      "setting": "길 위,숲속,집,그날부터",
      "action": "떨어뜨려,모았어요,돌아올",
      "feeling": null,
      "causalRelationship": null,
      "outcomeResolution": "그날부터 헨젤은 하얀 조약돌을 모았어요.",
      "prediction": null,
      "plotSummaryInfoCount": 1,
      "plotSummaryInfo": {
        "classification": "의사소통",
        "readAge": "초등_저학년",
        "form": "short-form",
        "plotSummaryText": "하얀 조약돌을 길 위에 떨어뜨려 두면 숲속에서 길을 잃어도 집에 돌아올 수 있을 거라고 생각한 헨젤은 그날부터 하얀 조약돌을 모았습니다.",
        "textWordEA": 20
      }
    },
    {
      "srcTextID": "151053",
      "srcText": "아이들이 집 안으로 들어오자, 마녀는 헨젤을 우리에 가두었어요. “너는 살이 포동포동 찌면 잡아먹겠다!” 그리고 그레텔에게는 온갖 일을 시켰지요.\n\n",
      "srcPage": 15,
      "srcSentenceEA": 3,
      "srcWordEA": 19,
      "character": "마녀,헨젤,그레텔",
      "setting": "집 안,우리",
      "action": "들어오자,가두었어요,잡아먹겠다,시켰지요",
      "feeling": null,
      "causalRelationship": null,
      "outcomeResolution": null,
      "prediction": null,
      "plotSummaryInfoCount": 1,
      "plotSummaryInfo": {
        "classification": "의사소통",
        "readAge": "초등_저학년",
        "form": "short-form",
        "plotSummaryText": "아이들이 집 안으로 들어오자 마녀는 살이 포동포동 찌면 잡아먹겠다며 헨젤을 우리에 가두었고, 그레텔에게는 일을 시켰습니다.",
        "textWordEA": 15
      }
    },
    {
      "srcTextID": "151036",
      "srcText": "“오빠, 엄마가 보고 싶어.” “그레텔, 이제는 새엄마가 우리 엄마야.” 마음 여린 그레텔은 헨젤에게 다가와 울먹거렸어요. 헨젤과 그레텔은 심술궂은 새엄마와 함께 살았거든요.",
      "srcPage": 1,
      "srcSentenceEA": 4,
      "srcWordEA": 23,
      "character": "오빠,엄마,그레텔,새엄마,헨젤",
      "setting": null,
      "action": "다가와,보고",
      "feeling": "울먹거렸어요,심술궃은",
      "causalRelationship": "마음 여린 그레텔은 헨젤에게 다가와 울먹거렸어요. 헨젤과 그레텔은 심술궂은 새엄마와 함께 살았거든요.",
      "outcomeResolution": null,
      "prediction": null,
      "plotSummaryInfoCount": 1,
      "plotSummaryInfo": {
        "classification": "의사소통",
        "readAge": "초등_저학년",
        "form": "long-form",
        "plotSummaryText": "그레텔이 엄마가 보고 싶다고 하니 이제 새엄마가 엄마라고 했고, 헨젤과 그레텔은 심술궂은 새엄마와 살았기 때문에 그레텔이 헨젤에게 다가가 울먹였습니다.",
        "textWordEA": 19
      }
    },
    {
      "srcTextID": "151044",
      "srcText": "“앗, 조약돌이 없어졌어.” “그럼, 집에 못 돌아가는 거야?” 아이들은 울먹이며 숲속을 헤맸어요.\n\n",
      "srcPage": 10,
      "srcSentenceEA": 3,
      "srcWordEA": 13,
      "character": "조약돌,아이들",
      "setting": "숲속,집",
      "action": "헤맸어요,울먹이며,없어졌어,못 돌아가는",
      "feeling": null,
      "causalRelationship": null,
      "outcomeResolution": null,
      "prediction": null,
      "plotSummaryInfoCount": 1,
      "plotSummaryInfo": {
        "classification": "의사소통",
        "readAge": "초등_저학년",
        "form": "short-form",
        "plotSummaryText": "조약돌이 없어져서 집에 못 돌아가는 거냐고 하며 아이들은 울면서 숲속을 헤맸습니다.",
        "textWordEA": 11
      }
    },
    {
      "srcTextID": "151047",
      "srcText": "“얘들아, 집 안으로 들어오렴. 더 맛난 걸 주마.” 헨젤과 그레텔은 신이 나서 마녀를 따라 집 안으로 들어갔어요.",
      "srcPage": 14,
      "srcSentenceEA": 3,
      "srcWordEA": 19,
      "character": "헨젤,그레텔,마녀,얘들",
      "setting": "집 안",
      "action": "들어오렴,들어갔어요,주마,따라",
      "feeling": "신이 나서",
      "causalRelationship": null,
      "outcomeResolution": null,
      "prediction": null,
      "plotSummaryInfoCount": 1,
      "plotSummaryInfo": {
        "classification": "의사소통",
        "readAge": "초등_저학년",
        "form": "short-form",
        "plotSummaryText": "집 안으로 들어오면 더 맛난 걸 준다고 하니 헨젤과 그레텔은 신이 나서 마녀를 따라 집 안으로 들어갔습니다.",
        "textWordEA": 17
      }
    }
  ]
}