{
  "title": "장난감 병정",
  "author": "꿈바라기",
  "illustrator": "주이",
  "isbn": "9788968731167",
  "publishedYear": 2013,
  "publisher": "키움북스",
  "paragraphInfoCount": 16,
  "paragraphInfo": [
    {
      "srcTextID": "139143",
      "srcText": "“우아, 장난감 병정이다!” 생일날, 소년이 아빠에게 장난감 병정 세트를 받았어요. 하지만 마지막 병정은 다리가 하나밖에 없었어요. 인형을 만드는 사람이 놋쇠가 부족해 마지막 병정의 다리를 한 짝 밖에 못 만든 거예요.",
      "srcPage": 1,
      "srcSentenceEA": 4,
      "srcWordEA": 33,
      "character": "장난감 병정,소년,아빠,마지막 병정,다리,인형을 만드는 사람",
      "setting": "생일날",
      "action": "받았어요",
      "feeling": null,
      "causalRelationship": "하지만 마지막 병정은 다리가 하나밖에 없었어요. 인형을 만드는 사람이 놋쇠가 부족해 마지막 병정의 다리를 한 짝 밖에 못 만든 거예요.",
      "outcomeResolution": null,
      "prediction": null,
      "plotSummaryInfoCount": 1,
      "plotSummaryInfo": {
        "classification": "의사소통",
        "readAge": "초등_저학년",
        "form": "long-form",
        "plotSummaryText": "소년이 아빠에게 생일날 받은 장난감 병정 세트 중 마지막 병정은 놋쇠가 부족해 다리를 한 짝밖에 만들지 못한 탓에 다리가 하나밖에 없었습니다.",
        "textWordEA": 21
      }
    },
    {
      "srcTextID": "139144",
      "srcText": "소년은 장난감 병정을 다른 인형들과 함께 놓아두었어요. 그때 장난감 병정은 예쁜 발레리나 인형을 보았어요. ‘아, 저 발레리나 인형도 나처럼 외다리로 서있네. 나랑 친구가 되면 좋을 텐데.’ 하지만 장난감 병정은 발레리나 인형이 춤을 추기 위해 한쪽 다리로 서있는 것은 몰랐어요.",
      "srcPage": 2,
      "srcSentenceEA": 5,
      "srcWordEA": 43,
      "character": "소년,장난감 병정,발레리나 인형,인형,다리",
      "setting": null,
      "action": "놓아두었어요,보았어요,서 있는",
      "feeling": null,
      "causalRelationship": null,
      "outcomeResolution": null,
      "prediction": null,
      "plotSummaryInfoCount": 1,
      "plotSummaryInfo": {
        "classification": "의사소통",
        "readAge": "초등_저학년",
        "form": "long-form",
        "plotSummaryText": "소년은 장난감 병정을 다른 인형들과 함께 놓아두었는데, 춤을 추기 위해 한쪽 다리로 서 있는 발레리나 인형도 자신처럼 외다리라고 생각해서 친구가 되고 싶었습니다.",
        "textWordEA": 22
      }
    },
    {
      "srcTextID": "139145",
      "srcText": "밤이 되자 장난감들은 신나게 놀기 시작했어요. 장난감들이 모두 덩실덩실 춤을 출 때, 장난감 병정은 혼자 발레리나 인형을 바라보았어요. 발레리나 인형이 마음에 들었거든요. “하하! 너 같은 외다리를 저 예쁜 소녀가 바라봐 줄까?” 도깨비 인형이 놀리듯 말했어요.",
      "srcPage": 3,
      "srcSentenceEA": 5,
      "srcWordEA": 39,
      "character": "장난감,장난감 병정,발레리나 인형,도깨비 인형",
      "setting": "밤",
      "action": "놀기 시작했어요,춤을 출 때,바라보았어요,말했어요",
      "feeling": "신나게",
      "causalRelationship": null,
      "outcomeResolution": null,
      "prediction": null,
      "plotSummaryInfoCount": 1,
      "plotSummaryInfo": {
        "classification": "의사소통",
        "readAge": "초등_저학년",
        "form": "long-form",
        "plotSummaryText": "밤이 되자 장난감들은 춤을 추며 신나게 놀기 시작했고, 발레리나 인형을 바라보는 장난감 병정에게 도깨비 인형이 너 같은 외다리를 바라봐 주겠냐며 놀리듯 말했어요.",
        "textWordEA": 22
      }
    },
    {
      "srcTextID": "139146",
      "srcText": "다음 날 아침, 소년은 장난감 병정을 들고 밖으로 나갔어요. “다리가 하나뿐인 장난감 병정은 필요 없어!” 그러고는 장난감 병정을 종이배에 태워 개울에 띄웠어요. 장난감 병정은 종이배에 탄 채 개울로 흘러갔지요.",
      "srcPage": 4,
      "srcSentenceEA": 4,
      "srcWordEA": 31,
      "character": "소년,장난감 병정,종이배",
      "setting": "다음 날 아침,개울",
      "action": "들고,나갔어요,태워,띄웠어요",
      "feeling": null,
      "causalRelationship": null,
      "outcomeResolution": null,
      "prediction": null,
      "plotSummaryInfoCount": 1,
      "plotSummaryInfo": {
        "classification": "의사소통",
        "readAge": "초등_저학년",
        "form": "long-form",
        "plotSummaryText": "다음 날 아침, 소년은 다리가 하나뿐인 장난감 병정은 필요 없다면서 종이배에 태워 개울에 띄웠어요.",
        "textWordEA": 14
      }
    },
    {
      "srcTextID": "139148",
      "srcText": "그때 커다란 쥐가 나타났어요. “찍 찍! 여길 지나가려면 내 허락을 받아야 해!” 장난감 병정은 무서웠어요. 하지만 장난감 병정은 총을 어깨에 멘 채 한쪽 다리로 꿋꿋하게 서서 앞만 바라보았어요.",
      "srcPage": 5,
      "srcSentenceEA": 5,
      "srcWordEA": 31,
      "character": "쥐,장난감 병정,총,다리",
      "setting": null,
      "action": "나타났어요,어깨에 멘 채,서서,바라보았어요",
      "feeling": "무서웠어요",
      "causalRelationship": null,
      "outcomeResolution": null,
      "prediction": null,
      "plotSummaryInfoCount": 1,
      "plotSummaryInfo": {
        "classification": "의사소통",
        "readAge": "초등_저학년",
        "form": "long-form",
        "plotSummaryText": "커다란 쥐가 나타나 지나가려면 허락을 받아야 한다고 하자, 장난감 병정은 무서웠지만 총을 어깨에 멘 채 한쪽 다리로 꿋꿋하게 서서 앞만 바라보았어요.",
        "textWordEA": 21
      }
    },
    {
      "srcTextID": "139149",
      "srcText": "다행히 바람이 불어 종이배는 쥐를 피해 앞으로 나갈 수 있었어요. “으아, 아깝다! 외다리 병정, 운 좋은 줄 알아.” 하지만 이번에는 커다란 폭포처럼 물이 떨어지는 하수구의 출구가 나왔어요.",
      "srcPage": 6,
      "srcSentenceEA": 4,
      "srcWordEA": 29,
      "character": "종이배,쥐,외다리 병정",
      "setting": "하수구의 출구",
      "action": "앞으로 나갈 수 있었어요",
      "feeling": null,
      "causalRelationship": null,
      "outcomeResolution": null,
      "prediction": null,
      "plotSummaryInfoCount": 1,
      "plotSummaryInfo": {
        "classification": "의사소통",
        "readAge": "초등_저학년",
        "form": "long-form",
        "plotSummaryText": "다행히 바람이 불어 종이배가 쥐를 피해 앞으로 나갔지만, 이번에는 폭포처럼 물이 떨어지는 하수구의 출구가 나왔어요.",
        "textWordEA": 15
      }
    },
    {
      "srcTextID": "139150",
      "srcText": "물줄기를 따라 장난감 병정은 깊은 강물 속으로 천천히 가라앉았어요. ‘이제 발레리나 인형을 볼 수 없겠구나.’ 그런데 어디선가 노랫소리가 들렸어요. 장남감 병정님, 어떤 힘든 일이 있더라도 용기를 잃지 마세요! 그때 커다란 물고기가 다가오더니 장난감 병정을 꿀꺽 삼켜버렸어요.",
      "srcPage": 7,
      "srcSentenceEA": 5,
      "srcWordEA": 40,
      "character": "장난감 병정,물고기,발레리나 인형",
      "setting": "깊은 강물 속",
      "action": "가라앉았어요,다가오더니,삼켜버렸어요",
      "feeling": null,
      "causalRelationship": null,
      "outcomeResolution": null,
      "prediction": null,
      "plotSummaryInfoCount": 1,
      "plotSummaryInfo": {
        "classification": "의사소통",
        "readAge": "초등_저학년",
        "form": "long-form",
        "plotSummaryText": "장난감 병정이 깊은 강물 속으로 천천히 가라앉을 때 어디선가 어떤 힘든 일이 있어도 용기를 잃지 말라는 노랫소리가 들려왔고, 커다란 물고기가 다가와 꿀꺽 삼켜버렸어요.",
        "textWordEA": 23
      }
    },
    {
      "srcTextID": "139151",
      "srcText": "장난감 병정은 캄캄한 물고기의 배 속에 누워있었어요. 보이는 것은 시커먼 어둠뿐이었지요. 그런데 갑자기 세상이 환해졌어요. “어머! 물고기 속에 외다리 병정 인형이 들어있네!” 물고기가 어부에게 잡혀 시장에 팔렸는데, 주인이었던 소년의 어머니가 물고기를 산 거예요.",
      "srcPage": 8,
      "srcSentenceEA": 5,
      "srcWordEA": 37,
      "character": "장난감 병정,물고기,소년의 어머니,어부,외다리 병정 인형",
      "setting": "물고기의 배 속",
      "action": "누워있었어요,산 거예요,팔렸는데",
      "feeling": null,
      "causalRelationship": null,
      "outcomeResolution": null,
      "prediction": null,
      "plotSummaryInfoCount": 1,
      "plotSummaryInfo": {
        "classification": "의사소통",
        "readAge": "초등_저학년",
        "form": "long-form",
        "plotSummaryText": "주인이었던 소년의 어머니가 어부에게서 산 물고기의 배 속에서 누워있던 외다리 병정 인형이 나왔어요.",
        "textWordEA": 13
      }
    },
    {
      "srcTextID": "139152",
      "srcText": "장난감 병정은 다시 원래 있던 자리에 놓였어요. 발레리나 인형을 다시 보게 된 장난감 병정은 뺨이 발그레 물들었어요. ‘만나서 반가워요. 발레리나 아가씨.’ 그러자 발레리나 인형도 장난감 병정을 보고 빙긋 웃었어요.",
      "srcPage": 9,
      "srcSentenceEA": 5,
      "srcWordEA": 33,
      "character": "장난감 병정,발레리나 인형,발레리나 아가씨",
      "setting": null,
      "action": "놓였어요,보게 된,웃었어요",
      "feeling": "뺨이 발그레 물들었어요",
      "causalRelationship": null,
      "outcomeResolution": null,
      "prediction": null,
      "plotSummaryInfoCount": 1,
      "plotSummaryInfo": {
        "classification": "의사소통",
        "readAge": "초등_저학년",
        "form": "long-form",
        "plotSummaryText": "원래 있던 자리에 놓인 장난감 병정은 발레리나 인형을 보고 뺨이 발그레 물들었고, 발레리나 인형도 장난감 병정을 보고 웃었어요.",
        "textWordEA": 18
      }
    },
    {
      "srcTextID": "139153",
      "srcText": "그때 소년이 다가와 장난감 병정을 번쩍 들었어요. “어떻게 돌아온 거지? 다리가 하나뿐인 인형은 필요 없다니까!” 소년은 장난감 병정을 난로 속에 휙 던져버렸어요. 그런데 순간 바람이 불어 발레리나 인형도 난로 속에 떨어지고 말았어요.",
      "srcPage": 10,
      "srcSentenceEA": 5,
      "srcWordEA": 35,
      "character": "소년,장난감 병정,발레리나 인형",
      "setting": "난로 속",
      "action": "들었어요,던져버렸어요,떨어지고",
      "feeling": null,
      "causalRelationship": null,
      "outcomeResolution": null,
      "prediction": null,
      "plotSummaryInfoCount": 1,
      "plotSummaryInfo": {
        "classification": "의사소통",
        "readAge": "초등_저학년",
        "form": "long-form",
        "plotSummaryText": "소년이 다가와 장난감 병정을 들고, 다리가 하나뿐인 인형은 필요 없다면서 난로 속에 던져버렸고, 순간 바람이 불어 발레리나 인형도 난로 속에 떨어지고 말았어요.",
        "textWordEA": 22
      }
    },
    {
      "srcTextID": "139154",
      "srcText": "장난감 병정은 뜨거워서 견딜 수가 없었어요. 불 때문에 뜨거운 것인지, 발레리나 인형에 대한 사랑 때문인지 알 수 없었지요. 장난감 병정과 발레리나 인형의 몸은 녹아내렸어요.",
      "srcPage": 11,
      "srcSentenceEA": 3,
      "srcWordEA": 26,
      "character": "장난감 병정,발레리나 인형,몸",
      "setting": null,
      "action": "녹아내렸어요",
      "feeling": null,
      "causalRelationship": null,
      "outcomeResolution": null,
      "prediction": null,
      "plotSummaryInfoCount": 1,
      "plotSummaryInfo": {
        "classification": "의사소통",
        "readAge": "초등_저학년",
        "form": "short-form",
        "plotSummaryText": "장난감 병정은 뜨거워서 견딜 수 없는 것이 불 때문인지 발레리나 인형에 대한 사랑 때문인지 알 수 없었고, 발레리나 인형과 함께 몸이 녹아내렸어요.",
        "textWordEA": 22
      }
    },
    {
      "srcTextID": "139156",
      "srcText": "다음날 난로의 잿더미 속에서는 붉은 조각이 하나 나왔어요. 발레리나 인형의 노란 리본이 묶인 심장 모양의 놋쇠 조각이었지요. 장난감 병정과 발레리나 인형의 사랑은 채 타지 못하고 뜨거운 불길 속에서 하나가 된 거예요.",
      "srcPage": 12,
      "srcSentenceEA": 3,
      "srcWordEA": 33,
      "character": "붉은 조각,발레리나 인형,장난감 병정,심장 모양의 놋쇠 조각",
      "setting": "다음날,난로의 잿더미 속",
      "action": null,
      "feeling": null,
      "causalRelationship": null,
      "outcomeResolution": null,
      "prediction": null,
      "plotSummaryInfoCount": 1,
      "plotSummaryInfo": {
        "classification": "의사소통",
        "readAge": "초등_저학년",
        "form": "short-form",
        "plotSummaryText": "다음날 난로의 잿더미 속에서는 발레리나 인형의 노란 리본이 묶인 심장 모양의 놋쇠 조각이 나왔는데, 바로 장난감 병정과 발레리나 인형이 불길 속에서 하나가 된 거예요.",
        "textWordEA": 24
      }
    },
    {
      "srcTextID": "139158",
      "srcText": "장난감 병정은 외다리 병정의 슬프고도 아름다운 사랑 이야기예요. 장난감 병정은 놋쇠로 만든 외다리 인형이에요. 그러던 어느 날, 아름다운 발레리나 인형을 보고는 자기처럼 다리 한쪽이 없는 줄 알고 첫눈에 반하지요.",
      "srcPage": 13,
      "srcSentenceEA": 3,
      "srcWordEA": 31,
      "character": "장난감 병정,외다리 병정,발레리나 인형,놋쇠,외다리 인형",
      "setting": null,
      "action": "보고는",
      "feeling": "슬프고,아름다운",
      "causalRelationship": null,
      "outcomeResolution": null,
      "prediction": null,
      "plotSummaryInfoCount": 1,
      "plotSummaryInfo": {
        "classification": "의사소통",
        "readAge": "초등_저학년",
        "form": "short-form",
        "plotSummaryText": "장난감 병정은 외다리 병정의 사랑 이야기로, 놋쇠로 만든 외다리 인형이 아름다운 발레리나 인형을 보고는 첫눈에 반하지요.",
        "textWordEA": 16
      }
    },
    {
      "srcTextID": "139159",
      "srcText": "하지만 소년이 외다리 병정을 버리는 바람에 병정은 무서운 쥐도 만나고, 물고기에게 먹히는 등 많은 어려움을 겪어요. 그리고 다시 집으로 돌아오게 되지만, 소년이 외다리 병정을 난로 속 뜨거운 불길에 던져 버리지요. 어여쁜 발레리나 인형도 뜨거운 불길에 떨어지고요. 하지만 장난감 병정과 발레리나 인형의 사랑으로 놋쇠로 만든 심장은 녹지 않은 채 남게 된답니다. 모진 고난에도 사랑을 하는 아름답고 슬픈 이야기이지요.",
      "srcPage": 14,
      "srcSentenceEA": 5,
      "srcWordEA": 61,
      "character": "소년,외다리 병정,쥐,물고기,장난감 병정,발레리나 인형,놋쇠로 만든 심장",
      "setting": "난로 속",
      "action": "만나고,먹히는,돌아오게 되지만,던져 버리지요,떨어지고,버리는",
      "feeling": null,
      "causalRelationship": null,
      "outcomeResolution": null,
      "prediction": null,
      "plotSummaryInfoCount": 1,
      "plotSummaryInfo": {
        "classification": "의사소통",
        "readAge": "초등_저학년",
        "form": "long-form",
        "plotSummaryText": "소년이 외다리 병정을 버리는 바람에 많은 어려움을 겪고 집으로 돌아왔지만, 발레리나 인형과 함께 불길에 던져졌고 모진 고난에도 장난감 병정과 발레리나 인형의 사랑 덕분에 놋쇠로 만든 심장은 녹지 않은 채 남게 된 슬픈 이야기이지요.",
        "textWordEA": 33
      }
    },
    {
      "srcTextID": "139157",
      "srcText": "왕을 호위하는 병사, 근위병. 외다리 장난감 병정은 왕과 왕의 성을 호위하는 병사인 근위병을 본떠 만든 인형이에요. 특히 영국의 근위병은 가장 유명하고 인기가 많지요.",
      "srcPage": 15,
      "srcSentenceEA": 3,
      "srcWordEA": 25,
      "character": "근위병,외다리 장난감 병정,왕,성,병사,인형,영국",
      "setting": null,
      "action": "호위하는,본떠 만든",
      "feeling": null,
      "causalRelationship": null,
      "outcomeResolution": null,
      "prediction": null,
      "plotSummaryInfoCount": 1,
      "plotSummaryInfo": {
        "classification": "의사소통",
        "readAge": "초등_저학년",
        "form": "short-form",
        "plotSummaryText": "외다리 장난감 병정은 왕과 왕의 성을 호위하는 병사인 근위병을 본떠 만들었는데, 영국의 근위병이 가장 유명하고 인기가 많지요.",
        "textWordEA": 17
      }
    },
    {
      "srcTextID": "139155",
      "srcText": "‘근위병 교대식’또한 무척 멋있어서 많은 관광객이 찾기도 하고요. 영국의 근위병은 평소에 빨간색 상의에 검정 바지의 제복을 입고, 머리에 곰 털로 만든 긴 모자를 써요. 그리고 날이 흐리면 회색의 외투를 입어요. 영국 외에도 여러 나라에서 근위병을 볼 수 있는데, 안데르센의 고향 스웨덴의 근위병은 파란 제복에 철모를 쓰고, 동남아시아의 타이는 검은 바지에 하얀색 상의의 제복을 입지요. 각 나라의 근위병들은 모두 절도 있고, 멋있어서 나라의 왕실을 상징하기도 한답니다.",
      "srcPage": 16,
      "srcSentenceEA": 6,
      "srcWordEA": 70,
      "character": "근위병,관광객,빨간색 상의,검정 바지,제복,모자,외투,안데르센,철모",
      "setting": "영국,스웨덴,타이",
      "action": "찾기도 하고요,입고,써요,입어요,쓰고,입지요",
      "feeling": null,
      "causalRelationship": null,
      "outcomeResolution": null,
      "prediction": null,
      "plotSummaryInfoCount": 1,
      "plotSummaryInfo": {
        "classification": "의사소통",
        "readAge": "초등_저학년",
        "form": "long-form",
        "plotSummaryText": "영국의 근위병은 빨간색 상의와 검정 바지 제복을 입고 곰 털로 만든 긴 모자를 쓰며, 스웨덴의 근위병은 파란 제복에 철모를 쓰고, 타이는 검은 바지에 하얀색 상의 제복을 입는데 각 나라의 근위병은 모두 절도 있고, 나라의 왕실을 상징하기도 한답니다.",
        "textWordEA": 37
      }
    }
  ]
}