{
  "title": "오즈의 마법사",
  "author": "프랭크 봄",
  "illustrator": "주영근",
  "isbn": "9791128210877",
  "publishedYear": 2018,
  "publisher": "아람북스",
  "paragraphInfoCount": 34,
  "paragraphInfo": [
    {
      "srcTextID": "18290",
      "srcText": "캔자스 시골 마을에는 도로시라는 소녀가 살았어요. 어느 날, 도로시가 토토와 함께 집을 보고 있는데 갑자기 회오리바람이 불어왔어요. 회오리바람은 ‘윙윙’ 무서운 소리를 내며 도로시의 집을 삼켜 버렸지요.",
      "srcPage": 1,
      "srcSentenceEA": 4,
      "srcWordEA": 29,
      "character": "도로시,소녀,토토,회오리바람",
      "setting": "캔자스 시골 마을,집",
      "action": "보고,삼켜 버렸지요",
      "feeling": "무서운",
      "causalRelationship": null,
      "outcomeResolution": null,
      "prediction": null,
      "plotSummaryInfoCount": 1,
      "plotSummaryInfo": {
        "classification": "의사소통",
        "readAge": "초등_저학년",
        "form": "long-form",
        "plotSummaryText": "캔자스 시골 마을에 도로시가 토토와 함께 있는데 갑자기 회오리바람이 무서운 소리를 내며 도로시의 집을 삼켜 버렸다.",
        "textWordEA": 16
      }
    },
    {
      "srcTextID": "18289",
      "srcText": "도로시의 집은 빙글빙글 돌면서 하늘 높이 솟아올랐어요. 도로시는 너무 무서워서 토토를 꼭 껴안았지요. 가엾은 도로시는 이제 어떻게 되는 걸까요?",
      "srcPage": 2,
      "srcSentenceEA": 3,
      "srcWordEA": 21,
      "character": "도로시,토토",
      "setting": "집,하늘",
      "action": "돌면서,솟아올랐어요,껴안았지요",
      "feeling": "무서워서,가엾은",
      "causalRelationship": "도로시는 너무 무서워서 토토를 꼭 껴안았지요.",
      "outcomeResolution": null,
      "prediction": null,
      "plotSummaryInfoCount": 1,
      "plotSummaryInfo": {
        "classification": "의사소통",
        "readAge": "초등_저학년",
        "form": "short-form",
        "plotSummaryText": "도로시의 집은 빙글빙글 하늘 높이 솟아올랐고 도로시는 너무 무서워서 토토를 꼭 껴안았다.",
        "textWordEA": 12
      }
    },
    {
      "srcTextID": "18293",
      "srcText": "“오즈의 마법사는 어디에 가면 만날 수 있나요?” “벽돌 길을 따라가면 오즈의 마법사가 살고 있는 에메랄드 시가 나와요.” 도로시는 북쪽 마녀에게 작별 인사를 하고 토토와 함께 길을 떠났어요.",
      "srcPage": 7,
      "srcSentenceEA": 3,
      "srcWordEA": 28,
      "character": "오즈의 마법사,도로시,북쪽 마녀,토토",
      "setting": null,
      "action": "인사를 하고,떠났어요",
      "feeling": null,
      "causalRelationship": null,
      "outcomeResolution": null,
      "prediction": "도로시는 북쪽 마녀에게 작별 인사를 하고 토토와 함께 길을 떠났어요.",
      "plotSummaryInfoCount": 1,
      "plotSummaryInfo": {
        "classification": "의사소통",
        "readAge": "초등_저학년",
        "form": "short-form",
        "plotSummaryText": "벽돌 길을 따라가면 오즈의 마법사가 살고 있는 에메랄드 시가 나온다는 북쪽 마녀의 말에 도로시는 작별 인사를 하고 토토와 함께 길을 떠났다.",
        "textWordEA": 21
      }
    },
    {
      "srcTextID": "18306",
      "srcText": "마침내 도로시와 친구들은 에메랄드 시에 도착했어요. 문지기는 도로시와 친구들에게 초록색 안경과 리본을 하나씩 주었어요. 에메랄드 시는 사방이 온통 초록색으로 가득하고, 보석처럼 반짝거렸지요.",
      "srcPage": 17,
      "srcSentenceEA": 3,
      "srcWordEA": 24,
      "character": "도로시,친구들,문지기,초록색 안경,리본",
      "setting": "에메랄드 시",
      "action": "도착했어요,주었어요,반짝거렸지요",
      "feeling": null,
      "causalRelationship": null,
      "outcomeResolution": null,
      "prediction": null,
      "plotSummaryInfoCount": 1,
      "plotSummaryInfo": {
        "classification": "의사소통",
        "readAge": "초등_저학년",
        "form": "short-form",
        "plotSummaryText": "마침내 도로시와 친구들이 도착한 에메랄드 시에서 문지기에게 초록색 안경과 리본을 하나씩 받았고 에메랄드 시는 사방이 온통 초록색으로 가득하고, 보석처럼 반짝거렸다.",
        "textWordEA": 20
      }
    },
    {
      "srcTextID": "18305",
      "srcText": "“우아, 에메랄드 시는 정말 멋진 곳이구나! 이런 곳에 사는 마법사는 아주 훌륭한 마법사일 거야.” 도로시와 친구들은 잔뜩 기대하고 오즈의 마법사를 만났어요.\n",
      "srcPage": 18,
      "srcSentenceEA": 3,
      "srcWordEA": 23,
      "character": "도로시,친구들,오즈의 마법사",
      "setting": "에메랄드 시",
      "action": "만났어요",
      "feeling": "멋진,훌륭한",
      "causalRelationship": null,
      "outcomeResolution": null,
      "prediction": null,
      "plotSummaryInfoCount": 1,
      "plotSummaryInfo": {
        "classification": "의사소통",
        "readAge": "초등_저학년",
        "form": "short-form",
        "plotSummaryText": "에메랄드 시는 정말 멋진 곳이고 마법사는 아주 훌륭한 마법사일 거라고 도로시와 친구들은 기대하고 오즈의 마법사를 만났다.",
        "textWordEA": 16
      }
    },
    {
      "srcTextID": "18310",
      "srcText": "하지만 어쩐 일인지 오즈의 마법사는 소원을 들어주지 않았어요. “나쁜 서쪽 마녀를 물리치고 오면 그때 소원을 들어주마.” 도로시와 친구들은 하는 수 없이 서쪽 마녀가 사는 성으로 향했어요.",
      "srcPage": 19,
      "srcSentenceEA": 3,
      "srcWordEA": 27,
      "character": "오즈의 마법사,서쪽 마녀,도로시,친구들",
      "setting": null,
      "action": "들어주지 않았어요,향했어요",
      "feeling": null,
      "causalRelationship": "나쁜 서쪽 마녀를 물리치고 오면 그때 소원을 들어주마. 도로시와 친구들은 하는 수 없이 서쪽 마녀가 사는 성으로 향했어요.",
      "outcomeResolution": null,
      "prediction": null,
      "plotSummaryInfoCount": 1,
      "plotSummaryInfo": {
        "classification": "의사소통",
        "readAge": "초등_저학년",
        "form": "short-form",
        "plotSummaryText": "하지만 오즈의 마법사는 나쁜 서쪽 마녀를 물리치고 오면 소원을 들어준다고 해서 도로시와 친구들은 서쪽 마녀가 사는 성으로 향했다.",
        "textWordEA": 18
      }
    },
    {
      "srcTextID": "18309",
      "srcText": "이 소식을 들은 서쪽 마녀는 화가 단단히 났지요. 그래서 마법 호루라기를 불어 무서운 벌 떼를 보냈어요. 수십만 마리의 벌 떼가 몰려오자 모두 깜짝 놀랐지요.",
      "srcPage": 20,
      "srcSentenceEA": 3,
      "srcWordEA": 26,
      "character": "서쪽 마녀,마법 호루라기,벌 떼",
      "setting": null,
      "action": "불어,보냈어요,몰려오자",
      "feeling": "화가 단단히 났지요,깜짝 놀랐지요",
      "causalRelationship": "이 소식을 들은 서쪽 마녀는 화가 단단히 났지요. 그래서 마법 호루라기를 불어 무서운 벌 떼를 보냈어요.",
      "outcomeResolution": null,
      "prediction": null,
      "plotSummaryInfoCount": 1,
      "plotSummaryInfo": {
        "classification": "의사소통",
        "readAge": "초등_저학년",
        "form": "short-form",
        "plotSummaryText": "서쪽 마녀는 화가 나서 마법 호루라기를 불어 수십만 마리 무서운 벌 떼를 보내 모두 깜짝 놀랐다.",
        "textWordEA": 16
      }
    },
    {
      "srcTextID": "18308",
      "srcText": "벌 떼들은 도로시와 친구들을 보지 못하고 그냥 지나가 버렸어요. “허수아비는 정말 똑똑하구나.” 모두 허수아비를 칭찬했어요.\n",
      "srcPage": 22,
      "srcSentenceEA": 3,
      "srcWordEA": 16,
      "character": "벌 떼들,도로시,친구들,허수아비",
      "setting": null,
      "action": "보지 못하고,지나가 버렸어요",
      "feeling": "칭찬했어요",
      "causalRelationship": null,
      "outcomeResolution": null,
      "prediction": null,
      "plotSummaryInfoCount": 1,
      "plotSummaryInfo": {
        "classification": "의사소통",
        "readAge": "초등_저학년",
        "form": "short-form",
        "plotSummaryText": "벌 떼들은 그냥 지나가 버렸고 허수아비는 정말 똑똑하다고 모두 허수아비를 칭찬했다.",
        "textWordEA": 11
      }
    },
    {
      "srcTextID": "18312",
      "srcText": "깜짝 놀란 서쪽 마녀는 또 마법 호루라기를 불었어요. 그랬더니 이번에는 창을 든 군인들이 나타났어요. 군인들은 창을 휘두르며 도로시와 친구들을 공격했어요.",
      "srcPage": 23,
      "srcSentenceEA": 3,
      "srcWordEA": 22,
      "character": "서쪽 마녀,마법 호루라기,창,군인들,도로시,친구들",
      "setting": null,
      "action": "불었어요,나타났어요,휘두르며,공격했어요",
      "feeling": "깜짝 놀란",
      "causalRelationship": "깜짝 놀란 서쪽 마녀는 또 마법 호루라기를 불었어요. 그랬더니 이번에는 창을 든 군인들이 나타났어요.",
      "outcomeResolution": null,
      "prediction": null,
      "plotSummaryInfoCount": 1,
      "plotSummaryInfo": {
        "classification": "의사소통",
        "readAge": "초등_저학년",
        "form": "short-form",
        "plotSummaryText": "깜짝 놀란 서쪽 마녀는 또 마법 호루라기를 불어 이번에는 창을 든 군인들이 나타나 군인들은 창을 휘두르며 도로시와 친구들을 공격했다.",
        "textWordEA": 19
      }
    },
    {
      "srcTextID": "18321",
      "srcText": "“날 캔자스 우리 집에 데려다줘!” 그 순간 도로시의 몸이 핑그르르 돌면서 하늘로 날아올랐어요. 도로시가 눈을 떴을 때, 눈앞에 캔자스의 시골 마을이 보였어요.",
      "srcPage": 34,
      "srcSentenceEA": 3,
      "srcWordEA": 24,
      "character": "도로시,몸,눈",
      "setting": "하늘,캔자스의 시골 마을",
      "action": "돌면서,날아올랐어요",
      "feeling": null,
      "causalRelationship": null,
      "outcomeResolution": null,
      "prediction": null,
      "plotSummaryInfoCount": 1,
      "plotSummaryInfo": {
        "classification": "의사소통",
        "readAge": "초등_저학년",
        "form": "short-form",
        "plotSummaryText": "그 순간 도로시의 몸이 돌면서 하늘로 날아올랐는데 도로시가 눈을 떴을 때, 캔자스의 시골 마을이 보였다.",
        "textWordEA": 15
      }
    },
    {
      "srcTextID": "18298",
      "srcText": "벽돌 길을 따라가던 도로시는 말하는 허수아비를 만났어요. “허수아비가 말하다니 정말 신기해. 사람처럼 생각할 수도 있어?” 도로시가 놀라 물었어요.",
      "srcPage": 8,
      "srcSentenceEA": 4,
      "srcWordEA": 20,
      "character": "도로시,허수아비",
      "setting": "벽돌 길",
      "action": "따라가던,만났어요,물었어요",
      "feeling": "신기해,놀라",
      "causalRelationship": null,
      "outcomeResolution": null,
      "prediction": null,
      "plotSummaryInfoCount": 1,
      "plotSummaryInfo": {
        "classification": "의사소통",
        "readAge": "초등_저학년",
        "form": "long-form",
        "plotSummaryText": "벽돌 길을 따라가던 도로시는 말하는 허수아비를 만났는데 신기해서 사람처럼 생각할 수 있냐고 놀라 물었다.",
        "textWordEA": 14
      }
    },
    {
      "srcTextID": "18297",
      "srcText": "“오즈의 마법사가 두뇌를 만들어 줄 수 있을까?” “물론이지. 오즈의 마법사는 못 하는 게 없대.” 허수아비는 도로시와 함께 가기로 했어요.",
      "srcPage": 10,
      "srcSentenceEA": 3,
      "srcWordEA": 21,
      "character": "오즈의 마법사,두뇌,허수아비,도로시",
      "setting": null,
      "action": "가기로 했어요",
      "feeling": null,
      "causalRelationship": null,
      "outcomeResolution": "허수아비는 도로시와 함께 가기로 했어요.",
      "prediction": null,
      "plotSummaryInfoCount": 1,
      "plotSummaryInfo": {
        "classification": "의사소통",
        "readAge": "초등_저학년",
        "form": "short-form",
        "plotSummaryText": "오즈의 마법사는 못 하는 게 없다고 하자 허수아비는 도로시와 함께 가기로 했다.",
        "textWordEA": 12
      }
    },
    {
      "srcTextID": "18301",
      "srcText": "허수아비와 함께 가던 도로시는 움직이는 양철 나무꾼도 만났어요. “양철 나무꾼이 움직이다니 정말 신기해. 사람처럼 울기도 하니?” 도로시가 놀라 물었어요.",
      "srcPage": 11,
      "srcSentenceEA": 4,
      "srcWordEA": 21,
      "character": "허수아비,도로시,나무꾼,양철 나무꾼,사람",
      "setting": null,
      "action": "가던,움직이는,만났어요,물었어요",
      "feeling": "신기해,놀라",
      "causalRelationship": null,
      "outcomeResolution": null,
      "prediction": null,
      "plotSummaryInfoCount": 1,
      "plotSummaryInfo": {
        "classification": "의사소통",
        "readAge": "초등_저학년",
        "form": "long-form",
        "plotSummaryText": "허수아비와 함께 가던 도로시는 움직이는 양철 나무꾼도 만났는데 사람처럼 울기도 하냐고 놀라 물었다.",
        "textWordEA": 13
      }
    },
    {
      "srcTextID": "18299",
      "srcText": "“내 가슴은 텅텅 비어서 울어 본 적이 없어.” 양철 나무꾼이 가슴을 ‘탕탕’ 치며 말했어요. “그럼, 너도 오즈의 마법사에게 심장을 만들어 달라고 해.”\t",
      "srcPage": 12,
      "srcSentenceEA": 4,
      "srcWordEA": 24,
      "character": "가슴,양철 나무꾼,오즈의 마법사,심장",
      "setting": null,
      "action": "치며,말했어요",
      "feeling": "울어",
      "causalRelationship": "내 가슴은 텅텅 비어서 울어 본 적이 없어.",
      "outcomeResolution": null,
      "prediction": "그럼 너도 오즈의 마법사에게 심장을 만들어 달라고 해.",
      "plotSummaryInfoCount": 1,
      "plotSummaryInfo": {
        "classification": "의사소통",
        "readAge": "초등_저학년",
        "form": "long-form",
        "plotSummaryText": "양철 나무꾼은 가슴은 텅텅 비어서 울어 본 적이 없었다고 말하자 오즈의 마법사에게 심장을 만들어 달라고 하라고 도로시가 말했다.",
        "textWordEA": 18
      }
    },
    {
      "srcTextID": "18320",
      "srcText": "오즈의 마법사는 허수아비에게 짚으로 만든 두뇌를, 양철 나무꾼에게 비단으로 만든 심장을, 사자에게 용기를 내는 물약을 주었어요. “그럼, 나는요?” 눈물을 글썽거리던 도로시가 물었어요. “미안하지만 네 소원은. 아, 좋은 생각이 있어. 나와 커다란 풍선을 타고 같이 찾아보지 않을래?”",
      "srcPage": 31,
      "srcSentenceEA": 6,
      "srcWordEA": 39,
      "character": "오즈의 마법사,허수아비,짚,두뇌,양철 나무꾼,비단,심장,사자,물약,눈물,도로시,풍선",
      "setting": null,
      "action": "주었어요,물었어요",
      "feeling": "미안하지만,좋은",
      "causalRelationship": null,
      "outcomeResolution": null,
      "prediction": "나와 커다란 풍선을 타고 같이 찾아보지 않을래?",
      "plotSummaryInfoCount": 1,
      "plotSummaryInfo": {
        "classification": "의사소통",
        "readAge": "초등_저학년",
        "form": "long-form",
        "plotSummaryText": "오즈의 마법사는 허수아비에게 두뇌를, 양철 나무꾼에게 심장을, 사자에게 물약을 주었고 도로시에게는 나와 커다란 풍선을 타고 같이 찾아보지 않겠냐고 물었다.",
        "textWordEA": 19
      }
    },
    {
      "srcTextID": "18319",
      "srcText": "그런데 도로시가 커다란 풍선에 올라타려는 순간 토토가 갑자기 뛰어내려 버렸어요. 도로시가 토토를 잡는 사이에 커다란 풍선은 둥둥 날아가 버렸지요. 도로시가 발을 동동 굴렀지만 어쩔 수 없었어요.",
      "srcPage": 32,
      "srcSentenceEA": 3,
      "srcWordEA": 28,
      "character": "도로시,토토,발",
      "setting": "커다란 풍선",
      "action": "뛰어내려 버렸어요,날아가 버렸지요,굴렀지만",
      "feeling": null,
      "causalRelationship": null,
      "outcomeResolution": null,
      "prediction": null,
      "plotSummaryInfoCount": 1,
      "plotSummaryInfo": {
        "classification": "의사소통",
        "readAge": "초등_저학년",
        "form": "short-form",
        "plotSummaryText": "도로시가 커다란 풍선에 타려는 순간 토토가 갑자기 뛰어내려 도로시가 토토를 잡는 사이에 커다란 풍선은 날아가 버렸다.",
        "textWordEA": 16
      }
    },
    {
      "srcTextID": "18294",
      "srcText": "북쪽 마녀는 감사의 선물로 도로시에게 은 구두를 주었어요. “선물은 고맙지만, 저는 집에 돌아가고 싶어요.” 도로시가 북쪽 마녀에게 말했어요.",
      "srcPage": 5,
      "srcSentenceEA": 3,
      "srcWordEA": 19,
      "character": "북쪽 마녀,선물,도로시,은 구두",
      "setting": "집",
      "action": "주었어요,말했어요",
      "feeling": "감사의,고맙지만",
      "causalRelationship": null,
      "outcomeResolution": null,
      "prediction": null,
      "plotSummaryInfoCount": 1,
      "plotSummaryInfo": {
        "classification": "의사소통",
        "readAge": "초등_저학년",
        "form": "short-form",
        "plotSummaryText": "북쪽 마녀는 감사의 선물로 은 구두를 주었지만, 선물은 고맙지만, 집에 돌아가고 싶다고 도로시가 북쪽 마녀에게 말했다.",
        "textWordEA": 16
      }
    },
    {
      "srcTextID": "18292",
      "srcText": "얼마나 지났을까요? ‘쿵!’ 하는 소리와 함께 집이 내려앉았어요. 그런데 이게 무슨 일일까요? 도로시의 집 아래에 은 구두를 신은 다리가 깔린 거예요.",
      "srcPage": 3,
      "srcSentenceEA": 5,
      "srcWordEA": 25,
      "character": "도로시,다리,은 구두",
      "setting": "집 아래",
      "action": "내려앉았어요",
      "feeling": null,
      "causalRelationship": null,
      "outcomeResolution": null,
      "prediction": null,
      "plotSummaryInfoCount": 1,
      "plotSummaryInfo": {
        "classification": "의사소통",
        "readAge": "초등_저학년",
        "form": "long-form",
        "plotSummaryText": "쿵 하는 소리와 함께 집이 내려앉았는데 도로시의 집 아래에 은 구두를 신은 다리가 깔려있었다.",
        "textWordEA": 14
      }
    },
    {
      "srcTextID": "18303",
      "srcText": "“오즈의 마법사가 용기를 줄 수 있을까?” “물론이지. 오즈의 마법사는 못 하는 게 없대.” 이렇게 해서 사자도 도로시와 함께 에메랄드 시로 향했어요.\n",
      "srcPage": 16,
      "srcSentenceEA": 3,
      "srcWordEA": 23,
      "character": "오즈의 마법사,사자,도로시",
      "setting": null,
      "action": "향했어요",
      "feeling": null,
      "causalRelationship": null,
      "outcomeResolution": "이렇게 해서 사자도 도로시와 함께 에메랄드 시로 향했어요.",
      "prediction": null,
      "plotSummaryInfoCount": 1,
      "plotSummaryInfo": {
        "classification": "의사소통",
        "readAge": "초등_저학년",
        "form": "short-form",
        "plotSummaryText": "오즈의 마법사는 못 하는 게 없다고 하자 사자도 도로시와 함께 에메랄드 시로 향했다.",
        "textWordEA": 13
      }
    },
    {
      "srcTextID": "18291",
      "srcText": "그때 북쪽 마녀가 나타나 말했어요. “동쪽 마녀를 없애 주어서 고마워요.” 알고 봤더니 동쪽 마녀는 못된 짓을 일삼는 나쁜 마녀였어요.",
      "srcPage": 4,
      "srcSentenceEA": 3,
      "srcWordEA": 20,
      "character": "북쪽 마녀,동쪽 마녀",
      "setting": null,
      "action": "나타나,말했어요",
      "feeling": "고마워요",
      "causalRelationship": null,
      "outcomeResolution": null,
      "prediction": null,
      "plotSummaryInfoCount": 1,
      "plotSummaryInfo": {
        "classification": "의사소통",
        "readAge": "초등_저학년",
        "form": "short-form",
        "plotSummaryText": "동쪽 마녀를 없애 주어서 고맙다고 북쪽 마녀가 말했는데 알고 봤더니 동쪽 마녀는 못된 짓을 하는 나쁜 마녀였다.",
        "textWordEA": 17
      }
    },
    {
      "srcTextID": "18295",
      "srcText": "하지만 북쪽 마녀는 도로시의 집이 어디인지 알지 못했어요. “위대한 오즈의 마법사에게 부탁해 봐요. 오즈의 마법사는 못 하는 게 없거든요.”\n",
      "srcPage": 6,
      "srcSentenceEA": 3,
      "srcWordEA": 20,
      "character": "북쪽 마녀,도로시,오즈의 마법사",
      "setting": "집",
      "action": "알지 못했어요",
      "feeling": null,
      "causalRelationship": null,
      "outcomeResolution": null,
      "prediction": "위대한 오즈의 마법사에게 부탁해 봐요. 오즈의 마법사는 못하는 게 없거든요.",
      "plotSummaryInfoCount": 1,
      "plotSummaryInfo": {
        "classification": "의사소통",
        "readAge": "초등_저학년",
        "form": "short-form",
        "plotSummaryText": "북쪽 마녀는 도로시의 집이 어디인지 알지 못했고 못 하는 게 없는 위대한 오즈의 마법사에게 부탁해 보라고 말했다.",
        "textWordEA": 17
      }
    },
    {
      "srcTextID": "18322",
      "srcText": "바로 그때, 남쪽 마녀가 나타났어요. “그 은 구두를 신으면 어디든 갈 수 있어요.” 도로시는 남쪽 마녀가 가르쳐 준 대로 구두의 뒤꿈치를 ‘톡, 톡, 톡’ 세 번 치며 소리쳤어요.",
      "srcPage": 33,
      "srcSentenceEA": 4,
      "srcWordEA": 30,
      "character": "남쪽 마녀,은 구두,도로시,뒤꿈치",
      "setting": "바로 그때",
      "action": "나타났어요,치며,소리쳤어요",
      "feeling": null,
      "causalRelationship": null,
      "outcomeResolution": null,
      "prediction": null,
      "plotSummaryInfoCount": 1,
      "plotSummaryInfo": {
        "classification": "의사소통",
        "readAge": "초등_저학년",
        "form": "long-form",
        "plotSummaryText": "바로 그때, 남쪽 마녀가 나타나 그 은 구두를 신으면 갈 수 있다고 하자 도로시는 남쪽 마녀가 가르쳐 준 대로 구두의 뒤꿈치를 세 번 치며 소리쳤다.",
        "textWordEA": 25
      }
    },
    {
      "srcTextID": "18296",
      "srcText": "“내 머리에는 짚이 가득 차서 생각할 수 없어.” 허수아비가 울상을 지으며 말했지요. “그럼, 너도 오즈의 마법사에게 두뇌를 만들어 달라고 해.”",
      "srcPage": 9,
      "srcSentenceEA": 3,
      "srcWordEA": 21,
      "character": "내 머리,짚,허수아비,오즈의 마법사,두뇌",
      "setting": null,
      "action": "말했지요,만들어",
      "feeling": "울상을 지으며",
      "causalRelationship": "내 머리에는 짚이 가득 차서 생각을 할 수 없어.",
      "outcomeResolution": null,
      "prediction": "그럼 너도 오즈의 마법사에게 두뇌를 만들어 달라고 해.",
      "plotSummaryInfoCount": 1,
      "plotSummaryInfo": {
        "classification": "의사소통",
        "readAge": "초등_저학년",
        "form": "short-form",
        "plotSummaryText": "내 머리에는 짚이 가득 차서 생각할 수 없다고 허수아비가 말하니까 도로시는 오즈의 마법사에게 두뇌를 만들어 달라고 하라고 했다.",
        "textWordEA": 18
      }
    },
    {
      "srcTextID": "18300",
      "srcText": "“오즈의 마법사가 심장을 만들어 줄 수 있을까?” “물론이지. 오즈의 마법사는 못 하는 게 없대.” 양철 나무꾼도 기뻐하며 도로시와 함께 가기로 했어요.\n",
      "srcPage": 13,
      "srcSentenceEA": 3,
      "srcWordEA": 23,
      "character": "오즈의 마법사,심장,양철 나무꾼,도로시",
      "setting": null,
      "action": "가기로 했어요",
      "feeling": "기뻐하며",
      "causalRelationship": null,
      "outcomeResolution": null,
      "prediction": null,
      "plotSummaryInfoCount": 1,
      "plotSummaryInfo": {
        "classification": "의사소통",
        "readAge": "초등_저학년",
        "form": "short-form",
        "plotSummaryText": "오즈의 마법사는 못 하는 게 없다고 하자 양철 나무꾼도 기뻐하며 도로시와 함께 가기로 했다.\n",
        "textWordEA": 14
      }
    },
    {
      "srcTextID": "18304",
      "srcText": "허수아비와 양철 나무꾼과 도로시가 함께 가는데 이번에는 불쑥 사자가 나타났어요. 사자는 도로시와 친구들에게 으르렁거리며 겁을 주었어요. 그러자 토토가 사자에게 ‘왕왕’ 짖어 댔지요.",
      "srcPage": 14,
      "srcSentenceEA": 4,
      "srcWordEA": 25,
      "character": "허수아비,양철 나무꾼,도로시,사자,친구들,토토",
      "setting": null,
      "action": "가는데,나타났어요,겁을 주었어요,짖어 댔지요",
      "feeling": "으르렁거리며",
      "causalRelationship": null,
      "outcomeResolution": null,
      "prediction": null,
      "plotSummaryInfoCount": 1,
      "plotSummaryInfo": {
        "classification": "의사소통",
        "readAge": "초등_저학년",
        "form": "long-form",
        "plotSummaryText": "이번에는 사자가 불쑥 나타나서 도로시와 친구들에게 으르렁거리며 겁을 주자 토토가 사자에게 짖었다.",
        "textWordEA": 12
      }
    },
    {
      "srcTextID": "18302",
      "srcText": "“무서우니까 짖지 마. 사실 난 겁쟁이란 말이야.” 사자가 주저앉으며 울음을 터뜨렸어요. “너도 오즈의 마법사에게 용기를 달라고 해.”",
      "srcPage": 15,
      "srcSentenceEA": 4,
      "srcWordEA": 19,
      "character": "사자,오즈의 마법사",
      "setting": null,
      "action": "울음을 터뜨렸어요,주저앉으며",
      "feeling": "무서우니까",
      "causalRelationship": null,
      "outcomeResolution": null,
      "prediction": "너도 오즈의 마법사에게 용기를 달라고 해.",
      "plotSummaryInfoCount": 1,
      "plotSummaryInfo": {
        "classification": "의사소통",
        "readAge": "초등_저학년",
        "form": "long-form",
        "plotSummaryText": "난 겁쟁이라고 사자가 주저앉으며 울음을 터뜨리니 오즈의 마법사에게 용기를 달라고 하라고 도로시가 말했다.",
        "textWordEA": 13
      }
    },
    {
      "srcTextID": "18307",
      "srcText": "그때 허수아비가 손뼉을 치며 말했어요. “좋은 생각이 떠올랐어!” 허수아비는 몸속의 짚을 꺼내서 도로시와 친구들에게 덮어 주었어요.\n",
      "srcPage": 21,
      "srcSentenceEA": 3,
      "srcWordEA": 17,
      "character": "허수아비,손뼉,짚,도로시,친구들",
      "setting": null,
      "action": "치며,말했어요,꺼내서,덮어 주었어요",
      "feeling": "좋은",
      "causalRelationship": null,
      "outcomeResolution": null,
      "prediction": null,
      "plotSummaryInfoCount": 1,
      "plotSummaryInfo": {
        "classification": "의사소통",
        "readAge": "초등_저학년",
        "form": "short-form",
        "plotSummaryText": "허수아비가 좋은 생각이 떠올랐다며 몸속의 짚을 꺼내서 도로시와 친구들에게 덮어 주었다.",
        "textWordEA": 11
      }
    },
    {
      "srcTextID": "18311",
      "srcText": "그때 벌벌 떨고만 있던 사자가 갑자기 벌떡 일어나 소리쳤어요. “내 친구들을 건드리지 마! 으르렁.” 사자가 얼마나 무섭게 으르렁거렸던지 군인들은 창을 버리고 모두 줄행랑을 놓았지요.",
      "srcPage": 24,
      "srcSentenceEA": 4,
      "srcWordEA": 26,
      "character": "사자,친구들,군인들,창",
      "setting": null,
      "action": "떨고만 있던,일어나,소리쳤어요,으르렁거렸던지,버리고,줄행랑을 놓았지요",
      "feeling": "무섭게",
      "causalRelationship": null,
      "outcomeResolution": "사자가 얼마나 무섭게 으르렁거렸던지 군인들은 창을 버리고 모두 줄행랑을 놓았지요.",
      "prediction": null,
      "plotSummaryInfoCount": 1,
      "plotSummaryInfo": {
        "classification": "의사소통",
        "readAge": "초등_저학년",
        "form": "long-form",
        "plotSummaryText": "사자가 갑자기 벌떡 일어나 친구들을 건드리지 말라며 무섭게 으르렁거렸더니 군인들은 창을 버리고 모두 줄행랑을 놓았다.",
        "textWordEA": 15
      }
    },
    {
      "srcTextID": "18313",
      "srcText": "“사자는 정말 용감하구나.” 모두 사자를 칭찬했어요. “이번엔 어림없을걸!” 서쪽 마녀는 황금 모자를 쓰고 주문을 외웠어요.\n",
      "srcPage": 25,
      "srcSentenceEA": 4,
      "srcWordEA": 17,
      "character": "사자,모두들,서쪽 마녀,황금 모자",
      "setting": null,
      "action": "주문을 외웠어요",
      "feeling": null,
      "causalRelationship": null,
      "outcomeResolution": null,
      "prediction": null,
      "plotSummaryInfoCount": 1,
      "plotSummaryInfo": {
        "classification": "의사소통",
        "readAge": "초등_저학년",
        "form": "long-form",
        "plotSummaryText": "사자는 정말 용감하다고 모두 사자를 칭찬했고 서쪽 마녀는 황금 모자를 쓰고 주문을 외웠다.",
        "textWordEA": 13
      }
    },
    {
      "srcTextID": "18314",
      "srcText": "그러자 어디선가 날개 달린 원숭이들이 나타났어요. 원숭이들은 순식간에 도로시를 꽁꽁 묶어 하늘로 날아올랐어요. “도로시!” 잡혀가는 도로시를 보며 양철 나무꾼이 소리쳤어요. 하지만 양철 나무꾼은 도로시를 구할 수 없었어요. 양철 나무꾼의 눈에서 뜨거운 눈물이 흘러내렸어요.",
      "srcPage": 26,
      "srcSentenceEA": 5,
      "srcWordEA": 37,
      "character": "원숭이들,도로시,양철 나무꾼",
      "setting": "하늘",
      "action": "나타났어요,날아올랐어요,묶어,보며,소리쳤어요,흘러내렸어요",
      "feeling": null,
      "causalRelationship": null,
      "outcomeResolution": null,
      "prediction": null,
      "plotSummaryInfoCount": 1,
      "plotSummaryInfo": {
        "classification": "의사소통",
        "readAge": "초등_저학년",
        "form": "long-form",
        "plotSummaryText": "어디선가 나타난 날개 달린 원숭이들은 도로시를 꽁꽁 묶어 하늘로 날아올라 올랐고 도로시를 보며 양철 나무꾼이 소리쳤지만 구할 수 없어서 눈에서 뜨거운 눈물이 흘러내렸다.",
        "textWordEA": 23
      }
    },
    {
      "srcTextID": "18315",
      "srcText": "서쪽 마녀는 도로시에게 힘든 일을 시키고, 틈만 나면 도로시의 은 구두를 빼앗으려고 했어요. 하루는 서쪽 마녀가 마법을 걸어 도로시를 넘어지게 했어요. 그 바람에 은 구두 한 짝이 벗겨졌고, 서쪽 마녀는 냉큼 구두를 신어 버렸어요. “내 신발 내놔요!”",
      "srcPage": 27,
      "srcSentenceEA": 4,
      "srcWordEA": 39,
      "character": "서쪽 마녀,도로시,은 구두",
      "setting": null,
      "action": "시키고,빼앗으려고 했어요,걸어,넘어지게 했어요,벗겨졌고,신어 버렸어요",
      "feeling": null,
      "causalRelationship": "하루는 서쪽 마녀가 마법을 걸어 도로시를 넘어지게 했어요. 그 바람에 은 구두 한 짝이 벗겨졌고, 서쪽 마녀는 냉큼 구두를 신어 버렸어요.",
      "outcomeResolution": null,
      "prediction": null,
      "plotSummaryInfoCount": 1,
      "plotSummaryInfo": {
        "classification": "의사소통",
        "readAge": "초등_저학년",
        "form": "long-form",
        "plotSummaryText": "서쪽 마녀는 도로시에게 힘든 일을 시키고, 틈만 나면 도로시의 은 구두를 빼앗으려고 했는데 하루는 서쪽 마녀가 마법을 걸어 도로시를 넘어지게 했고 그 바람에 은 구두 한 짝이 벗겨졌는데 서쪽 마녀는 냉큼 구두를 신어 버렸다.",
        "textWordEA": 34
      }
    },
    {
      "srcTextID": "18316",
      "srcText": "화가 난 도로시는 옆에 있던 물통을 들어 서쪽 마녀에게 냅다 부어 버렸어요. 그런데 이게 웬일이에요? 물을 뒤집어쓴 서쪽 마녀가 스르르 녹아서 없어져 버린 거예요! “서쪽 마녀를 물리쳤어!”",
      "srcPage": 28,
      "srcSentenceEA": 4,
      "srcWordEA": 29,
      "character": "도로시,물통,서쪽 마녀,물",
      "setting": null,
      "action": "들어,부어 버렸어요",
      "feeling": "화가 난",
      "causalRelationship": "화가 난 도로시는 옆에 있던 물통을 들어 서쪽 마녀에게 냅다 부어 버렸어요. 물을 뒤집어쓴 서쪽 마녀가 스르르 녹아서 없어져 버린 거예요!",
      "outcomeResolution": null,
      "prediction": null,
      "plotSummaryInfoCount": 1,
      "plotSummaryInfo": {
        "classification": "의사소통",
        "readAge": "초등_저학년",
        "form": "long-form",
        "plotSummaryText": "화가 난 도로시는 물통을 들어 서쪽 마녀에게 부어 버렸는데 물을 뒤집어쓴 서쪽 마녀가 스르르 녹아서 없어져 버렸다.",
        "textWordEA": 17
      }
    },
    {
      "srcTextID": "18317",
      "srcText": "도로시와 친구들은 다시 오즈의 마법사를 찾아갔어요. “미안하지만 나는 마법사가 아니란다. 나도 도로시처럼 회오리바람에 휩쓸려 여기에 오게 된 거야.” “그럼, 우리 소원은요?”",
      "srcPage": 29,
      "srcSentenceEA": 4,
      "srcWordEA": 22,
      "character": "도로시,친구들,오즈의 마법사,회오리바람",
      "setting": null,
      "action": "찾아갔어요,휩쓸려",
      "feeling": "미안하지만",
      "causalRelationship": null,
      "outcomeResolution": null,
      "prediction": null,
      "plotSummaryInfoCount": 1,
      "plotSummaryInfo": {
        "classification": "의사소통",
        "readAge": "초등_저학년",
        "form": "long-form",
        "plotSummaryText": "도로시와 친구들은 다시 오즈의 마법사를 찾아갔지만, 마법사가 아니라며 나도 도로시처럼 회오리바람에 휩쓸려 오게 됐다고 했다.",
        "textWordEA": 15
      }
    },
    {
      "srcTextID": "18318",
      "srcText": "도로시와 친구들은 울상이 되었지요. “서쪽 마녀를 물리치면서 허수아비는 똑똑한 생각을 해냈어. 사자는 용감한 행동을 했고, 양철 나무꾼은 따뜻한 마음을 보여 주었지. 너희는 이미 소원을 이룬 거야.”",
      "srcPage": 30,
      "srcSentenceEA": 4,
      "srcWordEA": 28,
      "character": "도로시,친구들,서쪽 마녀,허수아비,사자,양철 나무꾼",
      "setting": null,
      "action": "물리치면서,행동을 했고",
      "feeling": "울상이,따뜻한 마음",
      "causalRelationship": null,
      "outcomeResolution": null,
      "prediction": "너희는 이미 소원을 이룬 거야.",
      "plotSummaryInfoCount": 1,
      "plotSummaryInfo": {
        "classification": "의사소통",
        "readAge": "초등_저학년",
        "form": "long-form",
        "plotSummaryText": "서쪽 마녀를 물리치면서 허수아비는 똑똑한 생각을 했고 사자는 용감한 행동을 했고, 양철 나무꾼은 따뜻한 마음을 보여 주었으니 너희는 이미 소원을 이룬 거다.",
        "textWordEA": 22
      }
    }
  ]
}