{
  "title": "플랜더스의 개",
  "author": "위다",
  "illustrator": "최은영",
  "isbn": "9791128210907",
  "publishedYear": 2018,
  "publisher": "아람북스",
  "paragraphInfoCount": 26,
  "paragraphInfo": [
    {
      "srcTextID": "18613",
      "srcText": "넬로에게는 넬로의 그림이 최고라고 말해 주는 친구 아루아가 있었어요. 넬로와 아루아가 언덕을 뛰어다니면 파트라슈도 커다란 몸을 씰룩이며 쫓아다녔지요. 하지만 아루아의 아빠 코제 씨는 넬로를 싫어했어요. “넬로같이 가난한 아이와 친구라니!” 코제 씨는 마을에서 제일가는 부자였거든요.",
      "srcPage": 7,
      "srcSentenceEA": 5,
      "srcWordEA": 37,
      "character": "넬로,그림,친구,아루아,파트라슈,아빠,코제 씨,아이,부자",
      "setting": "언덕,마을",
      "action": "뛰어다니면,씰룩이며,쫓아다녔지요",
      "feeling": "싫어했어요",
      "causalRelationship": null,
      "outcomeResolution": null,
      "prediction": null,
      "plotSummaryInfoCount": 1,
      "plotSummaryInfo": {
        "classification": "의사소통",
        "readAge": "초등_저학년",
        "form": "long-form",
        "plotSummaryText": "넬로는 친구 아루아 그리고 파트라슈와 언덕을 뛰어다녔고, 마을의 제일가는 부자 이루아의 아빠 코젤 씨는 가난한 넬로를 싫어했습니다.",
        "textWordEA": 17
      }
    },
    {
      "srcTextID": "18614",
      "srcText": "“넬로야, 내가 너무 가난해서 미안하구나.” “전 괜찮아요. 저에겐 할아버지도 있고, 파트라슈도 있는걸요.” 넬로는 가난하다고 슬퍼하지 않았어요. 위대한 화가가 되고 싶은 꿈이 있었으니까요.",
      "srcPage": 9,
      "srcSentenceEA": 5,
      "srcWordEA": 25,
      "character": "넬로,할아버지,파트라슈,화가",
      "setting": null,
      "action": null,
      "feeling": "미안하구나,슬퍼하지,위대한",
      "causalRelationship": "넬로는 가난하다고 슬퍼하지 않았어요. 위대한 화가가 되고 싶은 꿈이 있었으니까요.",
      "outcomeResolution": null,
      "prediction": null,
      "plotSummaryInfoCount": 1,
      "plotSummaryInfo": {
        "classification": "의사소통",
        "readAge": "초등_저학년",
        "form": "long-form",
        "plotSummaryText": "넬로는 할아버지와 파트라슈가 곁에 있었기에 가난하다고 슬퍼하지 않았고,위대한 화가가 되고 싶은 꿈이 있었습니다.",
        "textWordEA": 13
      }
    },
    {
      "srcTextID": "18619",
      "srcText": "그날 밤, 코제 씨의 방앗간에 불이 났어요. 사람들이 몰려든 통에 넬로도 방앗간 쪽으로 달려갔어요. 그런데 코제 씨가 넬로를 보자마자 소리를 질렀어요.",
      "srcPage": 12,
      "srcSentenceEA": 3,
      "srcWordEA": 23,
      "character": "사람들,넬로,코제 씨",
      "setting": "그날 밤,코제 씨의 방앗간",
      "action": "몰려든,달려갔어요,소리를 질렀어요",
      "feeling": null,
      "causalRelationship": null,
      "outcomeResolution": null,
      "prediction": "그런데 코제 씨가 넬로를 보자마자 소리를 질렀어요.",
      "plotSummaryInfoCount": 1,
      "plotSummaryInfo": {
        "classification": "의사소통",
        "readAge": "초등_저학년",
        "form": "short-form",
        "plotSummaryText": "그날 밤 코제 씨의 방앗간에 불이 나 사람들이 몰려들어 넬로는 방앗간 쪽으로 달려갔고, 코제 아저씨가 넬로를 보고 소리 질렀습니다.",
        "textWordEA": 19
      }
    },
    {
      "srcTextID": "18618",
      "srcText": "“아까 네가 방앗간 앞에서 얼쩡거리는 걸 똑똑히 봤다. 방앗간에 불을 지른 게 너지?” 넬로는 너무 놀라 아무 말도 못했어요. 마을 사람들 모두가 코제 씨 편을 들었지요.",
      "srcPage": 13,
      "srcSentenceEA": 4,
      "srcWordEA": 29,
      "character": "너,넬로,마을 사람,코제",
      "setting": "방앗간",
      "action": null,
      "feeling": "너무 놀라",
      "causalRelationship": "넬로는 너무 놀라 아무 말도 못했어요.",
      "outcomeResolution": "마을 사람들 모두가 코제 씨 편을 들었지요.",
      "prediction": null,
      "plotSummaryInfoCount": 1,
      "plotSummaryInfo": {
        "classification": "의사소통",
        "readAge": "초등_저학년",
        "form": "long-form",
        "plotSummaryText": "코제 씨는 넬로에게 방앗간 앞에 있는 것을 봤다며 네가 불을 질렀냐 물었고, 넬로는 너무 놀라 아무 말도 못 하자 마을 사람들도 코제 씨의 편을 들었습니다.",
        "textWordEA": 25
      }
    },
    {
      "srcTextID": "18621",
      "srcText": "마을 사람들은 넬로의 할아버지도 피했어요. 할아버지는 마음에 상처를 입은 탓인지 며칠째 누워만 있다가 갑자기 하늘나라로 떠났지요. 추운 오두막에 넬로와 파트라슈만 남겨 놓고 말이에요.",
      "srcPage": 14,
      "srcSentenceEA": 3,
      "srcWordEA": 25,
      "character": "마을 사람들,넬로,할아버지,파트라슈",
      "setting": "추운 오두막",
      "action": "피했어요,누워만,떠났지요",
      "feeling": "마음에 상처를 입은",
      "causalRelationship": null,
      "outcomeResolution": null,
      "prediction": "추운 오두막에 넬로와 파트라슈만 남겨 놓고 말이에요.",
      "plotSummaryInfoCount": 1,
      "plotSummaryInfo": {
        "classification": "의사소통",
        "readAge": "초등_저학년",
        "form": "short-form",
        "plotSummaryText": "마을 사람들은 넬로의 할아버지도 피했고, 할아버지는 마음의 상처로 며칠째 누워만 있다가 추운 오두막에  넬로와 파트라슈만 남기고 하늘로 떠나셨습니다.",
        "textWordEA": 19
      }
    },
    {
      "srcTextID": "18623",
      "srcText": "집 밖은 끔찍할 정도로 추웠어요. 매서운 눈보라 때문에 눈조차 뜨기 힘들었고, 걷는 것도 힘겨웠지요. “파트라슈에게 먹을 것 좀 주시겠어요?” 넬로가 이 집 저 집 문을 두드렸지만 헛일이었어요.",
      "srcPage": 16,
      "srcSentenceEA": 4,
      "srcWordEA": 29,
      "character": "파트라슈,넬로,눈",
      "setting": "집 밖",
      "action": "걷는,두드렸지만,뜨기,걷는 것도",
      "feeling": "끔찍할,추웠어요,힘들었고,힘겨웠지요",
      "causalRelationship": null,
      "outcomeResolution": null,
      "prediction": "넬로가 이 집 저 집 문을 두드렸지만 헛일이었어요.",
      "plotSummaryInfoCount": 1,
      "plotSummaryInfo": {
        "classification": "의사소통",
        "readAge": "초등_저학년",
        "form": "long-form",
        "plotSummaryText": "집 밖은 눈보라 때문에 춥고 힘들었고, 넬로가 파트라슈와 이집 저집 먹을 것을 달라고 부탁했지만 헛일이었습니다.",
        "textWordEA": 15
      }
    },
    {
      "srcTextID": "18624",
      "srcText": "많은 사람이 발표장에 모여 웅성거렸어요. 대회에서 뽑힌 그림이 걸려 있었지요. “내 그림이 아니야.” 넬로는 팔다리의 힘이 풀려 버렸어요.",
      "srcPage": 18,
      "srcSentenceEA": 4,
      "srcWordEA": 20,
      "character": "사람,그림,넬로",
      "setting": "발표장",
      "action": "모여,웅성거렸어요,풀려 버렸어요",
      "feeling": null,
      "causalRelationship": null,
      "outcomeResolution": null,
      "prediction": null,
      "plotSummaryInfoCount": 1,
      "plotSummaryInfo": {
        "classification": "의사소통",
        "readAge": "초등_저학년",
        "form": "long-form",
        "plotSummaryText": "발표장에 사람들이 모여 웅성거렸고, 대회에서 뽑힌 그림은 넬로의 것이 아니었기에 넬로의 팔다리는 힘이 풀려 버렸습니다.",
        "textWordEA": 15
      }
    },
    {
      "srcTextID": "18627",
      "srcText": "“내가 넬로에게 얼마나 못되게 굴었는데.” 코제 씨는 넬로에게 사과하고 싶었어요. 코제 씨는 파트라슈에게 빵과 고기를 주었지만 파트라슈는 입도 대지 않았어요. 그러다가 문이 열린 순간 뛰쳐나갔지요.",
      "srcPage": 21,
      "srcSentenceEA": 4,
      "srcWordEA": 28,
      "character": "넬로,코제 씨,파트라슈,빵,고기",
      "setting": null,
      "action": "입도 대지 않았어요,뛰쳐나갔지요",
      "feeling": "사과하고 싶었어요",
      "causalRelationship": null,
      "outcomeResolution": null,
      "prediction": null,
      "plotSummaryInfoCount": 1,
      "plotSummaryInfo": {
        "classification": "의사소통",
        "readAge": "초등_저학년",
        "form": "long-form",
        "plotSummaryText": "코제 씨는 넬로에게 사과하고 싶었고, 빵과 고기에 입도 대지않던 파트라슈는 열린 문으로 뛰쳐나갔습니다.",
        "textWordEA": 13
      }
    },
    {
      "srcTextID": "18628",
      "srcText": "“파트라슈, 파트라슈!” 아루아가 소리 높여 불렀지만 그 소리는 들리지 않았어요. 파트라슈는 넬로를 찾아야 한다는 생각만 했어요. 파트라슈는 곧장 대성당으로 달려갔어요.",
      "srcPage": 22,
      "srcSentenceEA": 4,
      "srcWordEA": 23,
      "character": "파트라슈,아루아,넬로",
      "setting": "대성당",
      "action": "불렀지만,달려갔어요",
      "feeling": null,
      "causalRelationship": null,
      "outcomeResolution": "파트라슈는 곧장 대성당으로 달려갔어요.",
      "prediction": null,
      "plotSummaryInfoCount": 1,
      "plotSummaryInfo": {
        "classification": "의사소통",
        "readAge": "초등_저학년",
        "form": "long-form",
        "plotSummaryText": "아루아가 파트라슈를 불렀지만 듣지 않았고, 파트라슈는 넬로를 찾으러 곧장 대성당으로 달려갔습니다.",
        "textWordEA": 11
      }
    },
    {
      "srcTextID": "18631",
      "srcText": "아침이 되자 사람들이 대성당에 모여들었어요. 사람들은 꼭 껴안고 잠든 넬로와 파트라슈를 발견했지요. 그때 한 화가가 달려왔어요. “이 아이가 미술 대회에 낸 훌륭한 그림을 봤습니다. 위대한 화가가 될 수 있도록 도와주려고 했는데.”",
      "srcPage": 25,
      "srcSentenceEA": 5,
      "srcWordEA": 34,
      "character": "사람들,넬로,파트라슈,화가,그림",
      "setting": "아침,대성당",
      "action": "모여들었어요,껴안고,잠든,발견했지요,달려왔어요,봤습니다,도와주려고",
      "feeling": "훌륭한,위대한",
      "causalRelationship": null,
      "outcomeResolution": null,
      "prediction": null,
      "plotSummaryInfoCount": 1,
      "plotSummaryInfo": {
        "classification": "의사소통",
        "readAge": "초등_저학년",
        "form": "long-form",
        "plotSummaryText": "아침이 되자 대성당에 모인 사람들은 껴안고 잠이 든 넬로와 파트라슈를 발견했고, 한 화가가 달려와 넬로의 훌륭한 그림을 보았다며 화가가 되도록 도와주고 싶었다고 말했습니다.",
        "textWordEA": 23
      }
    },
    {
      "srcTextID": "18632",
      "srcText": "하지만 넬로와 파트라슈는 다시 깨어나지 않았어요. 아무도 둘을 떼어 놓을 수 없었지요. 넬로의 팔이 파트라슈를 꼭 끌어안고 있었으니까요.",
      "srcPage": 26,
      "srcSentenceEA": 3,
      "srcWordEA": 20,
      "character": "넬로,파트라슈,팔",
      "setting": null,
      "action": "끌어안고",
      "feeling": null,
      "causalRelationship": "아무도 둘을 떼어 놓을 수 없었지요. 넬로의 팔이 파트라슈를 꼭 끌어안고 있었으니까요.",
      "outcomeResolution": "하지만 넬로와 파트라슈는 다시 깨어나지 않았어요.",
      "prediction": null,
      "plotSummaryInfoCount": 1,
      "plotSummaryInfo": {
        "classification": "의사소통",
        "readAge": "초등_저학년",
        "form": "short-form",
        "plotSummaryText": "넬로와 파트라슈는 깨어나지 못했고, 넬로의 팔이 파트라슈를 끌어안고 있어 둘을 떼어 놓을 수 없었습니다.",
        "textWordEA": 14
      }
    },
    {
      "srcTextID": "18608",
      "srcText": "할아버지와 넬로가 우유를 배달하고 오는 길이었어요. “할아버지, 저기 좀 보세요!” 커다란 개가 들판에 쓰러진 채 겨우 숨만 쉬고 있었어요.",
      "srcPage": 1,
      "srcSentenceEA": 3,
      "srcWordEA": 20,
      "character": "할아버지,넬로,우유,개",
      "setting": "들판",
      "action": "배달하고,오는,쓰러진 채,숨만 쉬고",
      "feeling": null,
      "causalRelationship": null,
      "outcomeResolution": null,
      "prediction": "커다란 개가 들판에 쓰러진 채 겨우 숨만 쉬고 있었어요.",
      "plotSummaryInfoCount": 1,
      "plotSummaryInfo": {
        "classification": "의사소통",
        "readAge": "초등_저학년",
        "form": "short-form",
        "plotSummaryText": "할아버지와 넬로가 우유 배달을 하고 오는데, 들판에 개가 쓰러진 채 숨만 쉬고 있었습니다.",
        "textWordEA": 13
      }
    },
    {
      "srcTextID": "18612",
      "srcText": "늘 가려져 있고 돈을 내야만 볼 수 있었거든요. ‘딱 한 번만이라도 볼 수 있다면.’ 넬로는 물감을 살 수 없을 정도로 가난했지만 루벤스처럼 위대한 화가가 되고 싶었어요. 날이 어두워지는 줄도 모르고 그림 앞에 있는 넬로를 파트라슈는 조용히 기다려 주었어요.",
      "srcPage": 6,
      "srcSentenceEA": 4,
      "srcWordEA": 41,
      "character": "돈,넬로,물감,루벤스,화가,그림,파트라슈",
      "setting": null,
      "action": "기다려 주었어요",
      "feeling": "위대한",
      "causalRelationship": null,
      "outcomeResolution": "날이 어두워지는 줄도 모르고 그림 앞에 있는 넬로를 파트라슈는 조용히 기다려 주었어요.",
      "prediction": null,
      "plotSummaryInfoCount": 1,
      "plotSummaryInfo": {
        "classification": "의사소통",
        "readAge": "초등_저학년",
        "form": "long-form",
        "plotSummaryText": "물감을 못살만큼 가난한 넬로는 돈이 없어 가려져 있는 그림 앞에 서있었고,파트라슈는 조용히 기다려 주었습니다.",
        "textWordEA": 14
      }
    },
    {
      "srcTextID": "18617",
      "srcText": "이제 파트라슈는 우유 수레 끌기가 힘에 부칠 만큼 늙었어요. 하지만 여전히 넬로 곁을 지켰지요. 미술 대회에 그림을 내러 갈 때에도 마찬가지였어요. 그림을 내고 돌아오면서 넬로의 가슴은 어느 때보다도 쿵쾅쿵쾅 뛰었어요.",
      "srcPage": 10,
      "srcSentenceEA": 4,
      "srcWordEA": 33,
      "character": "파트라슈,우유 수레,넬로,그림",
      "setting": "미술 대회",
      "action": "끌기,곁을 지켰지요,내러 갈,내고,돌아오면서",
      "feeling": "어느 때보다도 쿵쾅쿵쾅 뛰었어요",
      "causalRelationship": null,
      "outcomeResolution": null,
      "prediction": null,
      "plotSummaryInfoCount": 1,
      "plotSummaryInfo": {
        "classification": "의사소통",
        "readAge": "초등_저학년",
        "form": "long-form",
        "plotSummaryText": "파트라슈는 우유 수레를 끌기 힘들 만큼 늙었지만 여전히 네로 곁을 지켰고, 미술대회 그림을 내러 갈 때도 함께였습니다.",
        "textWordEA": 17
      }
    },
    {
      "srcTextID": "18607",
      "srcText": "온몸이 흙먼지로 범벅이 되어 있었지요. “넬로, 이 개를 우리 집으로 데리고 가자꾸나.” 할아버지는 커다란 개를 쓰다듬으며 말했어요.",
      "srcPage": 2,
      "srcSentenceEA": 3,
      "srcWordEA": 18,
      "character": "흙먼지,넬로,개,할아버지",
      "setting": "우리 집",
      "action": "쓰다듬으며",
      "feeling": null,
      "causalRelationship": null,
      "outcomeResolution": null,
      "prediction": null,
      "plotSummaryInfoCount": 1,
      "plotSummaryInfo": {
        "classification": "의사소통",
        "readAge": "초등_저학년",
        "form": "short-form",
        "plotSummaryText": "할아버지는 흙먼지로 범벅이 된 개를 쓰다듬으며 넬로에게 집으로 데리고 가자고 말했습니다.",
        "textWordEA": 11
      }
    },
    {
      "srcTextID": "18609",
      "srcText": "‘파트라슈.’ 넬로가 커다란 개에게 붙여 준 이름이에요. 파트라슈는 한동안 끙끙 앓느라 일어나지도 못했어요. 할아버지와 넬로가 정성껏 돌보아 준 덕분인지 파트라슈는 점점 기운을 차렸지요.",
      "srcPage": 3,
      "srcSentenceEA": 3,
      "srcWordEA": 26,
      "character": "파트라슈,넬로,개,할아버지",
      "setting": null,
      "action": "끙끙 앓느라,일어나지도,돌보아",
      "feeling": null,
      "causalRelationship": "할아버지와 넬로가 정성껏 돌보아 준 덕분인지 파트라슈는 점점 기운을 차렸지요.",
      "outcomeResolution": null,
      "prediction": null,
      "plotSummaryInfoCount": 1,
      "plotSummaryInfo": {
        "classification": "의사소통",
        "readAge": "초등_저학년",
        "form": "short-form",
        "plotSummaryText": "넬로는 개의 이름을 파트라슈라고 붙여주었고, 일어나지 못했던 파트라슈는 할아버지와 넬로가 정성스럽게 돌보아 기운을 차렸습니다.",
        "textWordEA": 14
      }
    },
    {
      "srcTextID": "18610",
      "srcText": "“파트라슈, 푹 쉬어. 우유 배달이 끝나면 바로 올게.” 파트라슈의 이름을 다정하게 불러 준 사람은 할아버지와 넬로가 처음이었어요. 파트라슈는 얼른 일어나 할아버지와 넬로를 돕고 싶었어요.",
      "srcPage": 4,
      "srcSentenceEA": 4,
      "srcWordEA": 27,
      "character": "파트라슈,우유,사람,할아버지,넬로",
      "setting": null,
      "action": "쉬어,올게,일어나",
      "feeling": "다정하게",
      "causalRelationship": null,
      "outcomeResolution": "파트라슈의 이름을 다정하게 불러 준 사람은 할아버지와 넬로가 처음이었어요.",
      "prediction": "파트라슈는 얼른 일어나 할아버지와 넬로를 돕고 싶었어요.",
      "plotSummaryInfoCount": 1,
      "plotSummaryInfo": {
        "classification": "의사소통",
        "readAge": "초등_저학년",
        "form": "long-form",
        "plotSummaryText": "할아버지와 넬로는 파트라슈에게 다정한 목소리로 우유배달이 끝나면 돌아온다고 말했고, 파트라슈는 얼른 일어나 돕고 싶어했습니다.",
        "textWordEA": 14
      }
    },
    {
      "srcTextID": "18611",
      "srcText": "기운을 차린 파트라슈는 어디든 넬로를 따라다녔어요. 대성당만 빼고요. 넬로는 루벤스의 그림을 보려고 대성당에 들렀어요. 하지만 그 그림을 본 적은 한 번도 없었어요.",
      "srcPage": 5,
      "srcSentenceEA": 4,
      "srcWordEA": 25,
      "character": "파트라슈,넬로,루벤스의 그림,그림",
      "setting": "대성당",
      "action": "기운을 차린,따라다녔어요,들렀어요",
      "feeling": null,
      "causalRelationship": null,
      "outcomeResolution": null,
      "prediction": "하지만 그 그림을 본 적은 한 번도 없었어요.",
      "plotSummaryInfoCount": 1,
      "plotSummaryInfo": {
        "classification": "의사소통",
        "readAge": "초등_저학년",
        "form": "long-form",
        "plotSummaryText": "기운을 차린 파트라슈는 대성당만 빼고 넬로를 따라다녔고, 넬로는 대성당의 루벤스의 그림을 보려고 들렀지만 아직 한 번도 본 적이 없습니다.",
        "textWordEA": 19
      }
    },
    {
      "srcTextID": "18615",
      "srcText": "아루아의 생일이 다가왔지만 넬로는 초대받지 못했어요. 코제 씨가 넬로를 부르지 못하게 했기 때문이에요. 넬로는 그 사실을 알고도 아무렇지 않은 척했지만 할아버지는 마음이 무척 아팠어요.",
      "srcPage": 8,
      "srcSentenceEA": 3,
      "srcWordEA": 26,
      "character": "아루아,넬로,코제 씨,할아버지",
      "setting": null,
      "action": null,
      "feeling": "마음이 무척 아팠어요",
      "causalRelationship": "아루아의 생일이 다가왔지만 넬로는 초대받지 못했어요. 코제 씨가 넬로를 부르지 못하게 했기 때문이에요.",
      "outcomeResolution": null,
      "prediction": null,
      "plotSummaryInfoCount": 1,
      "plotSummaryInfo": {
        "classification": "의사소통",
        "readAge": "초등_저학년",
        "form": "short-form",
        "plotSummaryText": "코제 씨의 반대로 아루아의 생일에 넬로는 초대받지 못했고, 넬로는 아무렇지 않은척했지만 할아버지는 마음이 아팠습니다.",
        "textWordEA": 14
      }
    },
    {
      "srcTextID": "18616",
      "srcText": "어느 날 오후, 넬로는 길가에서 예쁜 인형을 주웠어요. “아루아에게 생일 선물도 못 줬는데 이걸 주면 좋아하겠지?” 넬로와 파트라슈는 한달음에 아루아에게 달려갔어요.",
      "srcPage": 11,
      "srcSentenceEA": 3,
      "srcWordEA": 22,
      "character": "넬로,인형,아루아,생일 선물,파트라슈",
      "setting": "어느 날 오후,길가",
      "action": "주웠어요,줬는데,주면,달려갔어요",
      "feeling": "예쁜,좋아하겠지",
      "causalRelationship": null,
      "outcomeResolution": null,
      "prediction": "넬로와 파트라슈는 한달음에 아루아에게 달려갔어요.",
      "plotSummaryInfoCount": 1,
      "plotSummaryInfo": {
        "classification": "의사소통",
        "readAge": "초등_저학년",
        "form": "short-form",
        "plotSummaryText": "어느 날 오후 넬로는 길가에서 예쁜 인형을 주웠고, 아루아의 생일 선물로 주면 좋겠다는 생각에 파트라슈와 아루아에게 달려갔습니다.",
        "textWordEA": 17
      }
    },
    {
      "srcTextID": "18620",
      "srcText": "넬로는 할아버지가 누워 있던 침대에 엎드려 눈물을 흘렸지요. 그때 집주인이 문을 쾅쾅 두들겼어요. “집세도 못 낸 주제에! 당장 집을 비워!” 크리스마스도 얼마 남지 않았는데 넬로와 파트라슈는 오두막에서 쫓겨났어요.",
      "srcPage": 15,
      "srcSentenceEA": 5,
      "srcWordEA": 31,
      "character": "넬로,할아버지,침대,집주인",
      "setting": "집,오두막",
      "action": "누워,엎드려,두들겼어요,쫓겨났어요",
      "feeling": "눈물을 흘렸지요",
      "causalRelationship": null,
      "outcomeResolution": "크리스마스도 얼마 남지 않았는데 넬로와 파트라슈는 오두막에서 쫓겨났어요.",
      "prediction": null,
      "plotSummaryInfoCount": 1,
      "plotSummaryInfo": {
        "classification": "의사소통",
        "readAge": "초등_저학년",
        "form": "long-form",
        "plotSummaryText": "넬로는 할아버지의 침대에 엎드려 눈물을 흘렸고, 집세를 못 낸 넬로와 파트라슈는 오두막에서 쫓겨났습니다.",
        "textWordEA": 13
      }
    },
    {
      "srcTextID": "18622",
      "srcText": "“오늘이 미술 대회 결과를 발표하는 날이야. 파트라슈, 가자.” 미술 대회는 넬로에게 남은 마지막 희망이었어요. 며칠 동안 굶은 넬로와 파트라슈는 비틀거리며 발표장으로 걸어갔어요.",
      "srcPage": 17,
      "srcSentenceEA": 4,
      "srcWordEA": 25,
      "character": "파트라슈,넬로",
      "setting": "오늘,발표장",
      "action": "가자,비틀거리며,걸어갔어요",
      "feeling": null,
      "causalRelationship": null,
      "outcomeResolution": null,
      "prediction": "며칠 동안 굶은 넬로와 파트라슈는 비틀거리며 발표장으로 걸어갔어요.",
      "plotSummaryInfoCount": 1,
      "plotSummaryInfo": {
        "classification": "의사소통",
        "readAge": "초등_저학년",
        "form": "long-form",
        "plotSummaryText": "며칠 동안 굶은 넬로와 파트라슈는 마지막 희망인 미술 대회 발표장으로 비틀거리며 걸어갔습니다.",
        "textWordEA": 12
      }
    },
    {
      "srcTextID": "18626",
      "srcText": "넬로와 파트라슈는 춥고 어두운 밤길을 비틀거리며 걸었어요. 그때 파트라슈가 눈 속에서 지갑을 하나 찾아냈어요. 돈이 두둑이 들어 있는 지갑에는 코제 씨의 이름이 적혀 있었어요.",
      "srcPage": 19,
      "srcSentenceEA": 3,
      "srcWordEA": 26,
      "character": "넬로,파트라슈,지갑,돈,코제",
      "setting": "어두운 밤길",
      "action": "비틀거리며 걸었어요,찾아냈어요",
      "feeling": null,
      "causalRelationship": null,
      "outcomeResolution": null,
      "prediction": "돈이 두둑이 들어 있는 지갑에는 코제 씨의 이름이 적혀 있었어요.",
      "plotSummaryInfoCount": 1,
      "plotSummaryInfo": {
        "classification": "의사소통",
        "readAge": "초등_저학년",
        "form": "short-form",
        "plotSummaryText": "춥고 어두운 밤길을 걷다 파트라슈가 눈 속의 지갑을 찾았고, 지갑에는 많은 돈과 코제씨의 이름이 적혀 있었습니다.",
        "textWordEA": 16
      }
    },
    {
      "srcTextID": "18625",
      "srcText": "“파트라슈, 지갑을 코제 씨에게 돌려주자.” 돈을 조금만 꺼내면 빵을 살 수 있었는데도, 넬로는 곧장 코제 씨를 찾아갔지요. “이 지갑은 파트라슈가 찾았어요. 파트라슈를 잘 돌봐 주세요.” 넬로는 말을 마치자마자 후다닥 뛰어가 버렸어요.",
      "srcPage": 20,
      "srcSentenceEA": 5,
      "srcWordEA": 34,
      "character": "파트라슈,지갑,코제,넬로,빵",
      "setting": null,
      "action": "찾아갔지요,뛰어가 버렸어요",
      "feeling": null,
      "causalRelationship": null,
      "outcomeResolution": "넬로는 말을 마치자마자 후다닥 뛰어가 버렸어요.",
      "prediction": null,
      "plotSummaryInfoCount": 1,
      "plotSummaryInfo": {
        "classification": "의사소통",
        "readAge": "초등_저학년",
        "form": "long-form",
        "plotSummaryText": "넬로는 코제 씨를 찾아가 지갑을 돌려주며, 파트라슈가 지갑을 찾았고 잘 돌봐달라 말하고 뛰어가 버렸습니다.",
        "textWordEA": 14
      }
    },
    {
      "srcTextID": "18630",
      "srcText": "넬로는 대성당 그림 아래에 쓰러져 있었어요. 파트라슈는 넬로의 얼굴을 건드려 보았어요. 넬로는 겨우 정신을 차려 몸을 일으키고는 파트라슈를 꼭 끌어안았지요.",
      "srcPage": 23,
      "srcSentenceEA": 3,
      "srcWordEA": 22,
      "character": "넬로,그림,파트라슈",
      "setting": "대성당",
      "action": "쓰러져 있었어요,건드려,일으키고,끌어안았지요",
      "feeling": null,
      "causalRelationship": null,
      "outcomeResolution": "넬로는 겨우 정신을 차려 몸을 일으키고는 파트라슈를 꼭 끌어안았지요.",
      "prediction": null,
      "plotSummaryInfoCount": 1,
      "plotSummaryInfo": {
        "classification": "의사소통",
        "readAge": "초등_저학년",
        "form": "short-form",
        "plotSummaryText": "넬로는 대성당 그림 아래 쓰러져있었고, 파트라슈가 얼굴을 건드리자 정신을 차리고 파트라슈를 끌어안았습니다.",
        "textWordEA": 12
      }
    },
    {
      "srcTextID": "18629",
      "srcText": "“파트라슈, 와 줬구나. 고마워.” 그때 달빛이 커다란 그림을 비추었어요. 그림은 마치 하늘에서 내려온 듯 눈부시게 빛났어요. 넬로가 쓰러질 때 그림을 가렸던 천이 벗겨졌던 거예요. “이렇게 아름다운 그림을 드디어 봤어.” 넬로의 얼굴은 무척 행복해 보였어요.",
      "srcPage": 24,
      "srcSentenceEA": 7,
      "srcWordEA": 39,
      "character": "파트라슈,그림,달빛,하늘,천,넬로,얼굴",
      "setting": null,
      "action": "쓰러질,가렸던,봤어",
      "feeling": "고마워,아름다운,무척 행복해 보였어요",
      "causalRelationship": null,
      "outcomeResolution": null,
      "prediction": null,
      "plotSummaryInfoCount": 1,
      "plotSummaryInfo": {
        "classification": "의사소통",
        "readAge": "초등_저학년",
        "form": "long-form",
        "plotSummaryText": "파트라슈에게 와줘서 고맙다고 말한 순간 달빛에 그림이 눈부시게 빛났고, 넬로가 쓰러지면서 천이 벗겨져 아름다운 그림을 볼 수 있었습니다.",
        "textWordEA": 18
      }
    }
  ]
}