{
  "title": "기분 좋은 마술",
  "author": "정유리",
  "illustrator": "이윤민",
  "isbn": "9791188565917",
  "publishedYear": 2017,
  "publisher": "엄마마음",
  "paragraphInfoCount": 17,
  "paragraphInfo": [
    {
      "srcTextID": "148034",
      "srcText": "드디어 캠프를 가는 날이에요. 꼬불꼬불 산길을 지나 지리산 청학동에 도착했어요. “야, 드디어 다 왔다.”",
      "srcPage": 4,
      "srcSentenceEA": 3,
      "srcWordEA": 15,
      "character": null,
      "setting": "지리산 청학동",
      "action": "가는,지나,도착했어요",
      "feeling": null,
      "causalRelationship": null,
      "outcomeResolution": null,
      "prediction": null,
      "plotSummaryInfoCount": 1,
      "plotSummaryInfo": {
        "classification": "의사소통",
        "readAge": "초등_저학년",
        "form": "short-form",
        "plotSummaryText": "드디어 캠프를 가는 날, 산길을 지나 지리산 청학동에 도착했다.",
        "textWordEA": 9
      }
    },
    {
      "srcTextID": "148045",
      "srcText": "찬이는 시무룩한 얼굴로 마당 한쪽에 앉았어요. “찬아, 저녁은 많이 먹었니?” 찬이가 깜짝 놀라 뒤를 돌아보니 훈장님이 서 있었어요.",
      "srcPage": 14,
      "srcSentenceEA": 3,
      "srcWordEA": 19,
      "character": "찬이,훈장님",
      "setting": null,
      "action": "앉았어요,먹었니,돌아보니",
      "feeling": "시무룩한,깜짝 놀라",
      "causalRelationship": null,
      "outcomeResolution": null,
      "prediction": null,
      "plotSummaryInfoCount": 1,
      "plotSummaryInfo": {
        "classification": "의사소통",
        "readAge": "초등_저학년",
        "form": "short-form",
        "plotSummaryText": "시무룩한 얼굴로 마당 한쪽에 앉아있던 찬이에게 훈장님이 와서 저녁은 많이 먹었냐고 물었다.",
        "textWordEA": 12
      }
    },
    {
      "srcTextID": "148047",
      "srcText": "“훈장님, 안녕히 주무셨어요?” “오, 그래. 찬이 너도 잘 잤느냐? 오늘도 힘차게 수업해 보자꾸나.” “네, 훈장님!” 찬이는 청학동이 떠나가도록 큰 소리로 대답했어요.",
      "srcPage": 17,
      "srcSentenceEA": 6,
      "srcWordEA": 24,
      "character": "훈장님,찬이",
      "setting": null,
      "action": "대답했어요,수업해,떠나가도록",
      "feeling": null,
      "causalRelationship": null,
      "outcomeResolution": null,
      "prediction": null,
      "plotSummaryInfoCount": 1,
      "plotSummaryInfo": {
        "classification": "의사소통",
        "readAge": "초등_저학년",
        "form": "long-form",
        "plotSummaryText": "훈장님이 오늘도 힘차게 수업하자고 하니 찬이는 청학동이 떠나가도록 큰 소리로 대답했습니다.",
        "textWordEA": 11
      }
    },
    {
      "srcTextID": "148035",
      "srcText": "찬이가 신이 나서 이리저리 뛰어다니다 그만 훈장님과 부딪치고 말았어요. “아이코, 머리야!” 찬이는 인사도 없이 후다닥 도망쳤어요.",
      "srcPage": 5,
      "srcSentenceEA": 3,
      "srcWordEA": 17,
      "character": "찬이,훈장님",
      "setting": null,
      "action": "뛰어다니다,부딪치고,도망쳤어요",
      "feeling": "신이 나서",
      "causalRelationship": null,
      "outcomeResolution": null,
      "prediction": null,
      "plotSummaryInfoCount": 1,
      "plotSummaryInfo": {
        "classification": "의사소통",
        "readAge": "초등_저학년",
        "form": "short-form",
        "plotSummaryText": "찬이는 신이 나서 뛰어다니다가 훈장님과 부딪쳤는데 인사도 없이 도망쳤다.",
        "textWordEA": 9
      }
    },
    {
      "srcTextID": "148037",
      "srcText": "“비켜, 비켜! 내가 먼저 들어갈 거야!” 줄을 선 친구들 틈으로 찬이가 빨개진 이마를 문지르며 들어왔어요.",
      "srcPage": 6,
      "srcSentenceEA": 3,
      "srcWordEA": 17,
      "character": "친구들,찬이,이마",
      "setting": null,
      "action": "들어갈,문지르며,들어왔어요",
      "feeling": null,
      "causalRelationship": null,
      "outcomeResolution": null,
      "prediction": null,
      "plotSummaryInfoCount": 1,
      "plotSummaryInfo": {
        "classification": "의사소통",
        "readAge": "초등_저학년",
        "form": "short-form",
        "plotSummaryText": "찬이는 자기가 먼저 들어갈 거라며 줄을 선 친구들 틈으로 들어왔다.",
        "textWordEA": 10
      }
    },
    {
      "srcTextID": "148038",
      "srcText": "쉬는 시간이 되자 친구들은 모두 밖으로 나갔어요. 빈 서당 안에 새 크레파스가 보였어요. “와, 내가 갖고 싶었던 거잖아!” 찬이는 길쭉길쭉 새 크레파스로 그림을 그리기 시작했어요.",
      "srcPage": 8,
      "srcSentenceEA": 4,
      "srcWordEA": 27,
      "character": "친구들,크레파스,찬이",
      "setting": "밖",
      "action": "나갔어요,보였어요,그리기 시작했어요",
      "feeling": null,
      "causalRelationship": null,
      "outcomeResolution": null,
      "prediction": null,
      "plotSummaryInfoCount": 1,
      "plotSummaryInfo": {
        "classification": "의사소통",
        "readAge": "초등_저학년",
        "form": "long-form",
        "plotSummaryText": "쉬는 시간에 친구들이 모두 밖으로 나간 사이 서당 안에 새 크레파스가 보이자 찬이는 자기가 갖고 싶었던 거라며 크레파스로 그림을 그리기 시작했다.",
        "textWordEA": 21
      }
    },
    {
      "srcTextID": "148039",
      "srcText": "“어? 이 크레파스 내 거잖아. 왜 남의 걸 함부로 쓰는 거야?” 동현이는 금방이라도 울음을 터뜨릴 것 같았어요.",
      "srcPage": 10,
      "srcSentenceEA": 3,
      "srcWordEA": 20,
      "character": "크레파스,동현이",
      "setting": null,
      "action": "쓰는",
      "feeling": "울음을 터뜨릴",
      "causalRelationship": null,
      "outcomeResolution": null,
      "prediction": null,
      "plotSummaryInfoCount": 1,
      "plotSummaryInfo": {
        "classification": "의사소통",
        "readAge": "초등_저학년",
        "form": "short-form",
        "plotSummaryText": "동현이는 금방이라도 울음을 터뜨릴 것 같이 자기 크레파스를 왜 함부로 쓰냐고 말했다.",
        "textWordEA": 12
      }
    },
    {
      "srcTextID": "148041",
      "srcText": "“무슨 일이냐?” “찬이가 제 크레파스를 맘대로 썼어요.” 찬이가 동현이에게 눈을 흘겼어요. “찬아, 남의 물건을 함부로 쓰는 건 예의가 아니란다. 네 물건을 다른 친구가 함부로 쓴다면 기분이 어떻겠니?”",
      "srcPage": 11,
      "srcSentenceEA": 5,
      "srcWordEA": 29,
      "character": "찬이,크레파스,동현이",
      "setting": null,
      "action": "썼어요,흘겼어요,쓰는",
      "feeling": null,
      "causalRelationship": null,
      "outcomeResolution": null,
      "prediction": null,
      "plotSummaryInfoCount": 1,
      "plotSummaryInfo": {
        "classification": "의사소통",
        "readAge": "초등_저학년",
        "form": "long-form",
        "plotSummaryText": "동현이가 자기 크레파스를 찬이가 맘대로 썼다고 하자, 남의 물건을 함부로 쓰는 건 예의가 아니라고 했다.",
        "textWordEA": 15
      }
    },
    {
      "srcTextID": "148044",
      "srcText": "“찬아, 인사는 상대방을 기분 좋게 하는 마술이란다. 밤하늘의 별빛처럼 너를 빛나게도 해 주지.” 찬이는 깜깜한 밤하늘에 수놓아진 별들을 한참 바라보았어요.",
      "srcPage": 15,
      "srcSentenceEA": 3,
      "srcWordEA": 22,
      "character": "찬아,별",
      "setting": null,
      "action": "바라보았어요,빛나게도",
      "feeling": "기분 좋게",
      "causalRelationship": null,
      "outcomeResolution": null,
      "prediction": null,
      "plotSummaryInfoCount": 1,
      "plotSummaryInfo": {
        "classification": "의사소통",
        "readAge": "초등_저학년",
        "form": "short-form",
        "plotSummaryText": "인사는 상대방을 기분 좋게 하는 마술이라서 너를 빛나게 해준다는 말에 찬이는 밤하늘에 수놓아진 별들을 바라보았다.",
        "textWordEA": 15
      }
    },
    {
      "srcTextID": "148033",
      "srcText": "“엄마, 밥 주세요.” 학교에서 돌아온 찬이가 가방을 휙 던지며 말했어요. “찬아, 예절 캠프에 가 볼래?” 허겁지겁 밥을 먹던 찬이는 캠프라는 말에 펄쩍펄쩍 뛰며 좋아했어요. “캠프요? 좋아요, 좋아!”",
      "srcPage": 3,
      "srcSentenceEA": 5,
      "srcWordEA": 30,
      "character": "엄마,밥,찬이,가방",
      "setting": null,
      "action": "주세요,돌아온,던지며,말했어요,먹던",
      "feeling": "좋아했어요",
      "causalRelationship": null,
      "outcomeResolution": null,
      "prediction": null,
      "plotSummaryInfoCount": 1,
      "plotSummaryInfo": {
        "classification": "의사소통",
        "readAge": "초등_저학년",
        "form": "long-form",
        "plotSummaryText": "학교에서 돌아온 찬이에게 엄마가 예절 캠프에 가 보는 것은 어떠냐고 물었고 밥을 먹던 찬이는 캠프라는 말에 좋아했다.",
        "textWordEA": 17
      }
    },
    {
      "srcTextID": "148036",
      "srcText": "“뭐야, 너! 줄도 서지 않고.” 서당 앞이 시끌벅적해지자 훈장님이 나타났어요. “찬이는 마루로 나가서 수업 끝날 때까지 손을 들고 있어라.”",
      "srcPage": 7,
      "srcSentenceEA": 4,
      "srcWordEA": 21,
      "character": "훈장님,찬이,손",
      "setting": "서당",
      "action": "나타났어요,나가서,들고",
      "feeling": null,
      "causalRelationship": null,
      "outcomeResolution": null,
      "prediction": null,
      "plotSummaryInfoCount": 1,
      "plotSummaryInfo": {
        "classification": "의사소통",
        "readAge": "초등_저학년",
        "form": "long-form",
        "plotSummaryText": "서당 앞이 시끌벅적해지자 훈장님이 나타났고, 찬이는 수업이 끝날 때까지 마루에서 손을 들고 있으라고 했다.",
        "textWordEA": 14
      }
    },
    {
      "srcTextID": "148040",
      "srcText": "“이거 봐라! 내가 그린 거야.” 친구들이 들어오자 찬이가 그림을 보여 주며 자랑했어요.",
      "srcPage": 9,
      "srcSentenceEA": 3,
      "srcWordEA": 14,
      "character": "친구들,찬이",
      "setting": null,
      "action": "그린,들어오자,보여 주며,자랑했어요",
      "feeling": null,
      "causalRelationship": null,
      "outcomeResolution": null,
      "prediction": null,
      "plotSummaryInfoCount": 1,
      "plotSummaryInfo": {
        "classification": "의사소통",
        "readAge": "초등_저학년",
        "form": "short-form",
        "plotSummaryText": "찬이는 친구들이 들어오자 자기가 그린 그림이라며 자랑했다.",
        "textWordEA": 7
      }
    },
    {
      "srcTextID": "148042",
      "srcText": "“훈장님, 먼저 잡수세요. 잘 먹겠습니다.” 찬이는 훈장님과 눈이 마주치자 얼른 식당을 나왔어요.",
      "srcPage": 13,
      "srcSentenceEA": 3,
      "srcWordEA": 14,
      "character": "훈장님,찬이",
      "setting": null,
      "action": "잡수세요,먹겠습니다,마주치자,나왔어요",
      "feeling": null,
      "causalRelationship": null,
      "outcomeResolution": null,
      "prediction": null,
      "plotSummaryInfoCount": 1,
      "plotSummaryInfo": {
        "classification": "의사소통",
        "readAge": "초등_저학년",
        "form": "short-form",
        "plotSummaryText": "훈장님 먼저 잡수시라는 말에 찬이는 훈장님과 눈이 마주쳤고 얼른 식당을 나왔다.",
        "textWordEA": 11
      }
    },
    {
      "srcTextID": "148046",
      "srcText": "다음 날 아침, 찬이는 일어나자마자 동현이를 찾아갔어요. “동현아, 어제는 미안했어. 너한테 말도 안 하고.” 찬이가 머리를 긁적이자 동현이가 환하게 웃었어요. “괜찮아, 우린 친구잖아.”",
      "srcPage": 16,
      "srcSentenceEA": 5,
      "srcWordEA": 25,
      "character": "찬이,동현이,머리",
      "setting": "다음 날 아침",
      "action": "일어나자마자,찾아갔어요,긁적이자",
      "feeling": "미안했어,웃었어요",
      "causalRelationship": null,
      "outcomeResolution": null,
      "prediction": null,
      "plotSummaryInfoCount": 1,
      "plotSummaryInfo": {
        "classification": "의사소통",
        "readAge": "초등_저학년",
        "form": "long-form",
        "plotSummaryText": "다음 날 아침, 찬이는 일어나자마자 동현이를 찾아가 어제는 미안했다고 사과하자 동현이가 환하게 웃으며 우린 친구니까 괜찮다고 했다.",
        "textWordEA": 17
      }
    },
    {
      "srcTextID": "148031",
      "srcText": "딩동, 딩동! “와, 할아버지다!” 찬이가 달려와 할아버지 허리에 매달렸어요. “아이코, 그동안 잘 지냈니?” 할아버지의 다리가 휘청거렸어요.",
      "srcPage": 1,
      "srcSentenceEA": 5,
      "srcWordEA": 18,
      "character": "할아버지,찬이,다리",
      "setting": null,
      "action": "달려와,매달렸어요",
      "feeling": null,
      "causalRelationship": null,
      "outcomeResolution": null,
      "prediction": null,
      "plotSummaryInfoCount": 1,
      "plotSummaryInfo": {
        "classification": "의사소통",
        "readAge": "초등_저학년",
        "form": "long-form",
        "plotSummaryText": "찬이가 달려가 할아버지 허리에 매달리자 할아버지의 다리가 휘청거렸다.",
        "textWordEA": 8
      }
    },
    {
      "srcTextID": "148043",
      "srcText": "저녁 먹을 시간이 되었어요. '일 등으로 먹어야지!' 밥을 받자마자 허겁지겁 먹던 찬이는 친구들이 외치는 소리에 고개를 들었어요.",
      "srcPage": 12,
      "srcSentenceEA": 3,
      "srcWordEA": 18,
      "character": "밥,찬이,고개",
      "setting": "저녁 먹을 시간",
      "action": "먹어야지,받자마자,먹던,외치는,들었어요",
      "feeling": null,
      "causalRelationship": null,
      "outcomeResolution": null,
      "prediction": null,
      "plotSummaryInfoCount": 1,
      "plotSummaryInfo": {
        "classification": "의사소통",
        "readAge": "초등_저학년",
        "form": "short-form",
        "plotSummaryText": "저녁 먹을 시간, 밥을 일등으로 먹겠다며 급하게 먹던 찬이는 친구들이 외치는 소리에 고개를 들었다.",
        "textWordEA": 14
      }
    },
    {
      "srcTextID": "148032",
      "srcText": "\"찬아, 인사부터 해야지!\" \"제사 끝나고 먹어야지!\" \"어른이 먼저 수저 드신 다음에 먹어야지!\"",
      "srcPage": 2,
      "srcSentenceEA": 3,
      "srcWordEA": 12,
      "character": "찬아,어른,수저",
      "setting": null,
      "action": "먹어야지,끝나고",
      "feeling": null,
      "causalRelationship": null,
      "outcomeResolution": null,
      "prediction": null,
      "plotSummaryInfoCount": 1,
      "plotSummaryInfo": {
        "classification": "의사소통",
        "readAge": "초등_저학년",
        "form": "short-form",
        "plotSummaryText": "인사부터 하고 제사 끝나고 먹고, 어른이 먼저 수저 드신 다음에 먹어야 된다고 말했다.",
        "textWordEA": 13
      }
    }
  ]
}