{
  "title": "피노키오",
  "author": "조항록",
  "illustrator": "김정아",
  "isbn": "9788992191265",
  "publishedYear": 2006,
  "publisher": "한국아이엔이",
  "paragraphInfoCount": 63,
  "paragraphInfo": [
    {
      "srcTextID": "100956",
      "srcText": "피노키오는 씩씩하게 대답했어요. “걱정 마세요, 할아버지! 먹을 거나 좀 더 주세요.”",
      "srcPage": 22,
      "srcSentenceEA": 3,
      "srcWordEA": 12,
      "character": "피노키오,할아버지",
      "setting": null,
      "action": "대답했어요,먹을,주세요",
      "feeling": "걱정 마세요",
      "causalRelationship": null,
      "outcomeResolution": null,
      "prediction": null,
      "plotSummaryInfoCount": 1,
      "plotSummaryInfo": {
        "classification": "의사소통",
        "readAge": "초등_저학년",
        "form": "short-form",
        "plotSummaryText": "피노키오는 할아버지께 걱정하지 마시라고 대답했습니다.",
        "textWordEA": 5
      }
    },
    {
      "srcTextID": "100964",
      "srcText": "이때, 못된 여우와 고양이가 인형극단 단장을 만나서 심상찮은 이야기를 나누고 있었어요. “단장님, 저 나무 인형을 데리고 다니면서 공연을 하면 많은 돈을 벌 수가 있을 거예요.” “말하는 나무 인형은 다시 만나기 어렵죠.”",
      "srcPage": 31,
      "srcSentenceEA": 3,
      "srcWordEA": 31,
      "character": "여우,고양이,나무 인형",
      "setting": null,
      "action": "이야기를 나누고 있었어요,데리고 다니면서",
      "feeling": null,
      "causalRelationship": null,
      "outcomeResolution": null,
      "prediction": null,
      "plotSummaryInfoCount": 1,
      "plotSummaryInfo": {
        "classification": "의사소통",
        "readAge": "초등_저학년",
        "form": "short-form",
        "plotSummaryText": "못된 여우와 고양이가 인형극단 단장을 만나, 말하는 나무 인형을 데리고 다니면서 공연하면 많은 돈을 벌 수 있을 거라는 이야기를 나누었습니다.",
        "textWordEA": 20
      }
    },
    {
      "srcTextID": "100965",
      "srcText": "‘아, 할아버지가 보고 싶어.’ 그러나 아무리 둘러보아도 도와 줄 사람은 찾을 수가 없었어요. 피노키오는 울다 지쳐 그대로 창고 바닥에 쓰러져 있었어요.",
      "srcPage": 35,
      "srcSentenceEA": 3,
      "srcWordEA": 23,
      "character": "할아버지,피노키오",
      "setting": null,
      "action": "보고 싶어,쓰러져 있었어요",
      "feeling": null,
      "causalRelationship": null,
      "outcomeResolution": null,
      "prediction": null,
      "plotSummaryInfoCount": 1,
      "plotSummaryInfo": {
        "classification": "의사소통",
        "readAge": "초등_저학년",
        "form": "short-form",
        "plotSummaryText": "할아버지가 보고 싶었지만 아무리 둘러보아도 도와 줄 사람을 찾을 수가 없어서, 피노키오는 울다 지쳐 쓰러져 있었어요.",
        "textWordEA": 16
      }
    },
    {
      "srcTextID": "100968",
      "srcText": "그때였어요. 천사가 다시 나타났어요. 천사는 모르는 척 피노키오에게 물었어요. “할아버지가 사 주신 책은 어떻게 했니?”",
      "srcPage": 36,
      "srcSentenceEA": 3,
      "srcWordEA": 17,
      "character": "천사,피노키오",
      "setting": null,
      "action": "나타났어요,물었어요",
      "feeling": null,
      "causalRelationship": null,
      "outcomeResolution": null,
      "prediction": null,
      "plotSummaryInfoCount": 1,
      "plotSummaryInfo": {
        "classification": "의사소통",
        "readAge": "초등_저학년",
        "form": "short-form",
        "plotSummaryText": "천사가 다시 나타나 피노키오에게 할아버지가 사 주신 책은 어떻게 했는지 물었습니다.",
        "textWordEA": 11
      }
    },
    {
      "srcTextID": "100969",
      "srcText": "피노키오는 무척 반가워하며 말했어요. “여우와 고양이가 몰래 제 책을 훔쳐 갔어요. 천사님, 빨리 좀 구해 주세요.”",
      "srcPage": 37,
      "srcSentenceEA": 3,
      "srcWordEA": 17,
      "character": "피노키오,여우,고양이,천사",
      "setting": null,
      "action": "말했어요,훔쳐 갔어요,구해 주세요",
      "feeling": "반가워하며",
      "causalRelationship": null,
      "outcomeResolution": null,
      "prediction": null,
      "plotSummaryInfoCount": 1,
      "plotSummaryInfo": {
        "classification": "의사소통",
        "readAge": "초등_저학년",
        "form": "short-form",
        "plotSummaryText": "피노키오는 여우와 고양이가 몰래 책을 훔쳐 갔다고 말했습니다.",
        "textWordEA": 8
      }
    },
    {
      "srcTextID": "100973",
      "srcText": "천사는 피노키오의 거짓말에 화가 났어요. 그 벌로 피노키오의 코가 쭉쭉 늘어나게 만들었어요. “천사님, 제 코가 왜 이렇죠?”",
      "srcPage": 38,
      "srcSentenceEA": 3,
      "srcWordEA": 18,
      "character": "천사,피노키오",
      "setting": null,
      "action": "늘어나게,만들었어요",
      "feeling": "화가 났어요",
      "causalRelationship": null,
      "outcomeResolution": null,
      "prediction": null,
      "plotSummaryInfoCount": 1,
      "plotSummaryInfo": {
        "classification": "의사소통",
        "readAge": "초등_저학년",
        "form": "short-form",
        "plotSummaryText": "천사는 피노키오의 거짓말에 화가 나 그의 코가 쭉쭉 늘어나게 했습니다.",
        "textWordEA": 10
      }
    },
    {
      "srcTextID": "100972",
      "srcText": "천사는 코가 늘어난 이유를 설명해 주었어요. “나쁜 짓을 한 건 여우와 고양이예요.” 피노키오의 코는 거짓말을 할수록 자꾸만 길어졌어요.",
      "srcPage": 39,
      "srcSentenceEA": 3,
      "srcWordEA": 19,
      "character": "천사,여우,고양이,피노키오",
      "setting": null,
      "action": "설명해 주었어요,할수록 자꾸만 길어졌어요",
      "feeling": null,
      "causalRelationship": null,
      "outcomeResolution": null,
      "prediction": null,
      "plotSummaryInfoCount": 1,
      "plotSummaryInfo": {
        "classification": "의사소통",
        "readAge": "초등_저학년",
        "form": "short-form",
        "plotSummaryText": "천사는 코가 늘어난 이유를 설명해 주었고, 피노키오의 코는 거짓말을 할수록 자꾸만 길어졌습니다.",
        "textWordEA": 12
      }
    },
    {
      "srcTextID": "100971",
      "srcText": "그제야 피노키오는 잘못을 인정했어요. “천사님, 다시는 거짓말하지 않을게요!” “좋아, 다시 한번 너를 믿어 보마. 여기서 나가면 곧장 제페토 할아버지에게로 돌아가거라.”",
      "srcPage": 40,
      "srcSentenceEA": 4,
      "srcWordEA": 21,
      "character": "피노키오,천사,제페토 할아버지",
      "setting": null,
      "action": "잘못을 인정했어요,믿어 보마,돌아가거라",
      "feeling": null,
      "causalRelationship": null,
      "outcomeResolution": null,
      "prediction": null,
      "plotSummaryInfoCount": 1,
      "plotSummaryInfo": {
        "classification": "의사소통",
        "readAge": "초등_저학년",
        "form": "long-form",
        "plotSummaryText": "그제야 피노키오는 잘못을 인정했고, 천사는 여기서 나가면 곧장 제페토 할아버지에게 돌아가라고 말했습니다.",
        "textWordEA": 12
      }
    },
    {
      "srcTextID": "100970",
      "srcText": "“예, 할아버지에게 돌아가 착한 아이가 될게요.” 천사는 딱따구리를 불렀어요. 딱따구리에게 피노키오의 코를 쪼아 본래의 모습대로 만들어 주도록 했답니다.",
      "srcPage": 41,
      "srcSentenceEA": 3,
      "srcWordEA": 20,
      "character": "할아버지,천사,딱따구리,피노키오",
      "setting": null,
      "action": "불렀어요,만들어,쪼아",
      "feeling": null,
      "causalRelationship": null,
      "outcomeResolution": null,
      "prediction": null,
      "plotSummaryInfoCount": 1,
      "plotSummaryInfo": {
        "classification": "의사소통",
        "readAge": "초등_저학년",
        "form": "short-form",
        "plotSummaryText": "피노키오는 착한 아이가 되겠다고 했고, 천사는 딱따구리에게 피노키오의 코를 쪼아 본래의 모습대로 만들어 주도록 했습니다.",
        "textWordEA": 15
      }
    },
    {
      "srcTextID": "105941",
      "srcText": "피노키오는 잠시도 쉬지 않고 달렸어요 “할아버지! 제가 돌아왔어요.” 그런데 제페토 할아버지는 보이지 않았죠.",
      "srcPage": 43,
      "srcSentenceEA": 3,
      "srcWordEA": 15,
      "character": "피노키오,할아버지",
      "setting": null,
      "action": "달렸어요,왔어요,보이지 않았죠",
      "feeling": null,
      "causalRelationship": null,
      "outcomeResolution": null,
      "prediction": null,
      "plotSummaryInfoCount": 1,
      "plotSummaryInfo": {
        "classification": "의사소통",
        "readAge": "초등_저학년",
        "form": "short-form",
        "plotSummaryText": "피노키오는 잠시도 쉬지 않고 달려 할아버지가 계신 곳으로 돌아갔지만, 그는 보이지 않았습니다.",
        "textWordEA": 12
      }
    },
    {
      "srcTextID": "105939",
      "srcText": "“할아버지! 제페토 할아버지!” 피노키오는 목이 메도록 큰 소리로 제페토 할아버지를 불렀어요. 마침, 그곳을 지나가던 마을 사람들이 안 됐다는 표정으로 말했어요.",
      "srcPage": 44,
      "srcSentenceEA": 3,
      "srcWordEA": 23,
      "character": "제페토 할아버지,할아버지,피노키오,마을 사람들",
      "setting": null,
      "action": "불렀어요,말했어요",
      "feeling": null,
      "causalRelationship": null,
      "outcomeResolution": null,
      "prediction": null,
      "plotSummaryInfoCount": 1,
      "plotSummaryInfo": {
        "classification": "의사소통",
        "readAge": "초등_저학년",
        "form": "short-form",
        "plotSummaryText": "피노키오는 목이 메도록 큰 소리로 제페토 할아버지를 불렀고, 마을 사람들이 안 됐다는 표정으로 말했습니다.",
        "textWordEA": 14
      }
    },
    {
      "srcTextID": "100981",
      "srcText": "“할아버지를 구해야 해!” 피노키오는 정신없이 바다로 달려갔어요. 제페토 할아버지를 위해서라면 무슨 일이라도 하겠다고 다짐했어요.",
      "srcPage": 46,
      "srcSentenceEA": 3,
      "srcWordEA": 16,
      "character": "할아버지,피노키오,제페토 할아버지",
      "setting": "바다",
      "action": "달려갔어요",
      "feeling": null,
      "causalRelationship": null,
      "outcomeResolution": null,
      "prediction": null,
      "plotSummaryInfoCount": 1,
      "plotSummaryInfo": {
        "classification": "의사소통",
        "readAge": "초등_저학년",
        "form": "short-form",
        "plotSummaryText": "할아버지를 구하기 위해 피노키오는 정신없이 바다로 달려갔습니다.",
        "textWordEA": 7
      }
    },
    {
      "srcTextID": "100982",
      "srcText": "막상 고래를 본 피노키오는 두려워졌어요. 그렇지만 제페토 할아버지를 떠올리며 다시 용기를 냈어요. ‘쩍!’ 고래가 피노키오를 삼키려고 커다란 입을 벌렸어요. 일부러 잡아먹히려고 하는 피노키오의 속셈을 알아차릴 수는 없었죠. “으악!” 피노키오는 비명을 지르며 온갖 물고기들과 함께 고래 뱃속으로 휩쓸려 들어갔어요.",
      "srcPage": 48,
      "srcSentenceEA": 6,
      "srcWordEA": 43,
      "character": "고래,피노키오,제페토 할아버지",
      "setting": null,
      "action": "떠올리며,입을 벌렸어요",
      "feeling": "두려워졌어요",
      "causalRelationship": null,
      "outcomeResolution": null,
      "prediction": null,
      "plotSummaryInfoCount": 1,
      "plotSummaryInfo": {
        "classification": "의사소통",
        "readAge": "초등_저학년",
        "form": "long-form",
        "plotSummaryText": "고래가 커다란 입을 벌렸고 피노키오는 비명을 지르며 온갖 물고기들과 함께 고래 배 속으로 휩쓸려 들어갔습니다.",
        "textWordEA": 15
      }
    },
    {
      "srcTextID": "100985",
      "srcText": "제페토 할아버지와 피노키오는 서로 얼싸안고 기뻐서 어쩔 줄 몰라 했어요. “할아버지, 다시는 말썽 피우지 않을게요.” “괜찮다, 다시 너를 보는 것만으로도 너무나 기쁘단다.”",
      "srcPage": 50,
      "srcSentenceEA": 3,
      "srcWordEA": 22,
      "character": "제페토 할아버지,피노키오",
      "setting": null,
      "action": "얼싸안고,말썽 피우지 않을게요",
      "feeling": "기뻐서,기쁘단다",
      "causalRelationship": null,
      "outcomeResolution": null,
      "prediction": null,
      "plotSummaryInfoCount": 1,
      "plotSummaryInfo": {
        "classification": "의사소통",
        "readAge": "초등_저학년",
        "form": "short-form",
        "plotSummaryText": "제페토 할아버지와 피노키오는 서로 얼싸안고 기뻐서 어쩔 줄 몰라 했고, 피노키오는 다시는 말썽 피우지 않겠다고 말했습니다.",
        "textWordEA": 16
      }
    },
    {
      "srcTextID": "100986",
      "srcText": "피노키오는 제페토 할아버지의 따뜻한 마음에 다시 한번 깊이 감동했어요. “얘야, 빨리 여기서 빠져나갈 궁리를 해 보자꾸나.” 제페토 할아버지와 피노키오는 무릎을 맞대고 생각했어요. 그러다가 아주 기발한 아이디어가 떠올랐답니다.",
      "srcPage": 51,
      "srcSentenceEA": 4,
      "srcWordEA": 29,
      "character": "피노키오,제페토 할아버지",
      "setting": null,
      "action": "감동했어요,빠져나갈",
      "feeling": null,
      "causalRelationship": null,
      "outcomeResolution": null,
      "prediction": null,
      "plotSummaryInfoCount": 1,
      "plotSummaryInfo": {
        "classification": "의사소통",
        "readAge": "초등_저학년",
        "form": "long-form",
        "plotSummaryText": "제페토 할아버지와 피노키오는 무릎을 맞대고 거기서 빠져나갈 궁리를 해 보았습니다.",
        "textWordEA": 10
      }
    },
    {
      "srcTextID": "100991",
      "srcText": "“착한 아이가 되어 주어 고맙다, 피노키오야.” 제페토 할아버지는 너무너무 행복했답니다. 그러던 어느 날, 피노키오 앞에 다시 천사가 나타났어요.",
      "srcPage": 56,
      "srcSentenceEA": 3,
      "srcWordEA": 20,
      "character": "피노키오,제페토 할아버지,천사",
      "setting": null,
      "action": "나타났어요",
      "feeling": "고맙다,행복했답니다",
      "causalRelationship": null,
      "outcomeResolution": null,
      "prediction": null,
      "plotSummaryInfoCount": 1,
      "plotSummaryInfo": {
        "classification": "의사소통",
        "readAge": "초등_저학년",
        "form": "short-form",
        "plotSummaryText": "피노키오가 착한 아이가 되어 제페토 할아버지가 행복하게 지내던 어느 날, 다시 천사가 나타났습니다.",
        "textWordEA": 13
      }
    },
    {
      "srcTextID": "100996",
      "srcText": "피노키오 이야기 속으로 들어가 봐요. 피노키오는 이탈리아의 위대한 동화 작가 콜로디(1826 1890)가 지은 동화입니다. 나라의 장래를 책임지고 나갈 어린이들을 훌륭하게 길러야 한다는 신념을 가졌던 콜로디는 평생을 아동문학집에 전념하였습니다. 그 대표적인 작품 피노키오의 원래 제목은 피노키오의 모험이었다고 합니다.",
      "srcPage": 59,
      "srcSentenceEA": 4,
      "srcWordEA": 40,
      "character": "피노키오,동화 작가 콜로디",
      "setting": "이탈리아",
      "action": "전념하였습니다,길러야",
      "feeling": null,
      "causalRelationship": null,
      "outcomeResolution": null,
      "prediction": null,
      "plotSummaryInfoCount": 1,
      "plotSummaryInfo": {
        "classification": "의사소통",
        "readAge": "초등_저학년",
        "form": "long-form",
        "plotSummaryText": "피노키오는 이탈리아의 위대한 동화 작가 콜로디가 지은 동화로, 그는 어린이들을 훌륭하게 길러야 한다는 신념을 가지고 평생을 아동문학집에 전념하였습니다.",
        "textWordEA": 18
      }
    },
    {
      "srcTextID": "100998",
      "srcText": "이것이 궁금해요. 꼭두각시 여러 가지 이상한 탈을 씌운 인형을 말해요. 그리고 자기 뜻과는 상관없이 다른 사람의 조종에 의해 움직이는 사람을 뜻하기도 하죠. 꼭두각시는 대개 나무로 만들어 인형극에 많이 사용하는데 사람이 무대 뒤에서 끈으로 연결된 것을 잡고 움직이면 인형이 춤을 추게 되어 있지요. 이런 꼭두각시들 중 가장 오래된 것이 고대 이집트의 무덤에서 발견되었는데 이때의 것은 얇은 널빤지로 만들어졌다고 해요.",
      "srcPage": 62,
      "srcSentenceEA": 5,
      "srcWordEA": 62,
      "character": "꼭두각시",
      "setting": "고대 이집트의 무덤",
      "action": "말해요,춤을 추게,만들어졌다고,사용하는데",
      "feeling": null,
      "causalRelationship": null,
      "outcomeResolution": null,
      "prediction": null,
      "plotSummaryInfoCount": 1,
      "plotSummaryInfo": {
        "classification": "의사소통",
        "readAge": "초등_저학년",
        "form": "long-form",
        "plotSummaryText": "꼭두각시는 여러 가지 이상한 탈을 씌운 인형을 말하고, 다른 사람의 조종에 의해 움직이는 사람을 뜻하기도 하는데, 대개 나무로 만들어 인형극에 많이 사용하고, 사람이 무대 뒤에서 끈으로 연결된 것을 잡고 움직이면 인형이 춤을 추게 되어 있습니다.",
        "textWordEA": 35
      }
    },
    {
      "srcTextID": "100997",
      "srcText": "딱따구리 깊은 산 속에 살면서 날카롭고 단단한 부리로 나무를 쪼아 구멍을 내고 그 속에 있는 벌레를 잡아먹고 사는 새예요. 우리나라에서는 천연기념물로 지정되어 있으며 젓나무, 소나무, 참나무 등 고목이 우거진 곳의 나무에 구멍을 뚫고 그 속에서 생활한답니다. 새끼는 딱정벌레나 개미의 유충을 먹여서 키우고 어미 새는 장수하늘소나 나무의 열매를 먹기도 해요.",
      "srcPage": 63,
      "srcSentenceEA": 3,
      "srcWordEA": 51,
      "character": "딱따구리,천연기념물",
      "setting": "깊은 산 속,우리나라",
      "action": "나무를 쪼아,먹기도,먹여서 키우고,구멍을 뚫고,잡아먹고 사는,살면서",
      "feeling": null,
      "causalRelationship": null,
      "outcomeResolution": null,
      "prediction": null,
      "plotSummaryInfoCount": 1,
      "plotSummaryInfo": {
        "classification": "의사소통",
        "readAge": "초등_저학년",
        "form": "short-form",
        "plotSummaryText": "딱따구리는 깊은 산 속에 살면서 날카롭고 단단한 부리로 나무를 쪼아 구멍을 내고 그 속에 있는 벌레를 잡아먹고 사는 새로, 우리나라에서는 천연기념물로 지정되어 있습니다.",
        "textWordEA": 23
      }
    },
    {
      "srcTextID": "100940",
      "srcText": "한데 그날 밤 신기한 일이 일어났어요. 제페토 할아버지가 잠든 사이에 천사가 나타난 것이죠. 천사는 요술 막대를 나무 인형에게 갖다 대며 말했어요.",
      "srcPage": 7,
      "srcSentenceEA": 3,
      "srcWordEA": 23,
      "character": "제페토 할아버지,천사,나무 인형,요술 막대",
      "setting": "그날 밤",
      "action": "나타난 것이죠,갖다 대며",
      "feeling": null,
      "causalRelationship": null,
      "outcomeResolution": null,
      "prediction": null,
      "plotSummaryInfoCount": 1,
      "plotSummaryInfo": {
        "classification": "의사소통",
        "readAge": "초등_저학년",
        "form": "short-form",
        "plotSummaryText": "그날 밤 제페토 할아버지가 잠든 사이에 천사가 나타나 요술 막대를 나무 인형에게 갖다 대며 말했습니다.",
        "textWordEA": 15
      }
    },
    {
      "srcTextID": "100936",
      "srcText": "“나무 인형아, 이제 너는 말을 하고 움직일 수 있단다. 앞으로 착한 일을 많이 하면 진짜 사람이 될 수도 있지.” 요술 막대를 든 천사는 다시 감쪽같이 사라졌어요.",
      "srcPage": 8,
      "srcSentenceEA": 3,
      "srcWordEA": 28,
      "character": "나무 인형,천사",
      "setting": null,
      "action": "될 수도 있지,움직일 수",
      "feeling": null,
      "causalRelationship": null,
      "outcomeResolution": null,
      "prediction": null,
      "plotSummaryInfoCount": 1,
      "plotSummaryInfo": {
        "classification": "의사소통",
        "readAge": "초등_저학년",
        "form": "short-form",
        "plotSummaryText": "요술 막대를 든 천사는 나무 인형에게, 이제 그가 말하고 움직일 수 있으며, 착한 일을 많이 하면 진짜 사람이 될 수도 있다고 말하고 사라졌습니다.",
        "textWordEA": 23
      }
    },
    {
      "srcTextID": "100942",
      "srcText": "그래, 피노키오가 좋겠어. 너도 마음에 드니?” 제페토 할아버지는 사랑하고 사랑받을 가족이 생겨서 너무나 기뻤어요.",
      "srcPage": 12,
      "srcSentenceEA": 3,
      "srcWordEA": 16,
      "character": "피노키오,제페토 할아버지",
      "setting": null,
      "action": "생겨서",
      "feeling": "기뻤어요",
      "causalRelationship": null,
      "outcomeResolution": null,
      "prediction": null,
      "plotSummaryInfoCount": 1,
      "plotSummaryInfo": {
        "classification": "의사소통",
        "readAge": "초등_저학년",
        "form": "short-form",
        "plotSummaryText": "피노키오가 좋겠다고 말한 제페토 할아버지는 가족이 생겨서 너무나 기뻤습니다.",
        "textWordEA": 9
      }
    },
    {
      "srcTextID": "100943",
      "srcText": "그렇지만 피노키오는 학교에 가고 싶지 않았어요. 다음 날 아침, 피노키오가 처음으로 학교에 가는 날이었어요. 제페토 할아버지가 정성껏 싸 준 책가방을 메고 가는데, 빵집에서 고소한 냄새가 풍겨 왔어요.",
      "srcPage": 14,
      "srcSentenceEA": 3,
      "srcWordEA": 29,
      "character": "피노키오,제페토 할아버지",
      "setting": "학교,다음 날 아침,빵집",
      "action": "가고,메고 가는데",
      "feeling": null,
      "causalRelationship": null,
      "outcomeResolution": null,
      "prediction": null,
      "plotSummaryInfoCount": 1,
      "plotSummaryInfo": {
        "classification": "의사소통",
        "readAge": "초등_저학년",
        "form": "short-form",
        "plotSummaryText": "다음 날 아침, 피노키오가 책가방을 메고 처음으로 학교에 가는데, 빵집에서 고소한 냄새가 풍겨 왔습니다.",
        "textWordEA": 14
      }
    },
    {
      "srcTextID": "100950",
      "srcText": "피노키오는 다짜고짜 빵집으로 들어갔어요. 빵을 처음 본 피노키오가 신기해하며 자꾸만 손가락으로 쿡쿡 찔러 대는 바람에 빵집은 온통 크림과 잼으로 엉망진창이 되었답니다. “도대체 네 부모님은 누구냐?”",
      "srcPage": 15,
      "srcSentenceEA": 3,
      "srcWordEA": 26,
      "character": "피노키오,손가락,크림,잼",
      "setting": "빵집",
      "action": "들어갔어요,찔러 대는",
      "feeling": "신기해하며",
      "causalRelationship": null,
      "outcomeResolution": null,
      "prediction": null,
      "plotSummaryInfoCount": 1,
      "plotSummaryInfo": {
        "classification": "의사소통",
        "readAge": "초등_저학년",
        "form": "short-form",
        "plotSummaryText": "피노키오는 다짜고짜 빵집으로 들어가 처음 본 빵을 신기해하며 손가락으로 찔러 댔고, 그 바람에 빵집은 온통 크림과 잼으로 엉망진창이 되었습니다.",
        "textWordEA": 19
      }
    },
    {
      "srcTextID": "100949",
      "srcText": "피노키오가 너무 어렸기 때문이에요. 피노키오는 반성을 하기는커녕 신이 났어요. 할아버지가 없으니 이제 학교에 가지 않아도 된다고 생각했죠.",
      "srcPage": 17,
      "srcSentenceEA": 3,
      "srcWordEA": 19,
      "character": "피노키오,할아버지",
      "setting": "학교",
      "action": "가지 않아도",
      "feeling": "신이 났어요",
      "causalRelationship": null,
      "outcomeResolution": null,
      "prediction": null,
      "plotSummaryInfoCount": 1,
      "plotSummaryInfo": {
        "classification": "의사소통",
        "readAge": "초등_저학년",
        "form": "short-form",
        "plotSummaryText": "피노키오는 할아버지가 없으니 이제 학교에 가지 않아도 된다고 생각해 신이 났습니다.",
        "textWordEA": 11
      }
    },
    {
      "srcTextID": "100948",
      "srcText": "어느새 저녁이 되었어요. 집 안에 혼자 남은 피노키오는 무섭고 배가 고팠어요. “할아버지가 계셨으면 지금쯤 맛있는 저녁을 먹었을 텐데.”",
      "srcPage": 18,
      "srcSentenceEA": 3,
      "srcWordEA": 19,
      "character": "피노키오,할아버지",
      "setting": "저녁,집 안",
      "action": "계셨으면,먹었을",
      "feeling": "무섭고",
      "causalRelationship": null,
      "outcomeResolution": null,
      "prediction": null,
      "plotSummaryInfoCount": 1,
      "plotSummaryInfo": {
        "classification": "의사소통",
        "readAge": "초등_저학년",
        "form": "short-form",
        "plotSummaryText": "어느새 저녁이 되자 집 안에 혼자 남은 피노키오는 무섭고 배가 고팠습니다.",
        "textWordEA": 11
      }
    },
    {
      "srcTextID": "100951",
      "srcText": "피노키오는 이렇게 중얼거리며 먹을 것을 찾아보았어요. 가난한 제페토 할아버지의 집에는 수프만 조금 남아 있을 뿐이었어요. 그나마 피노키오는 어떻게 끓여 먹는지도 알지 못했어요.",
      "srcPage": 19,
      "srcSentenceEA": 3,
      "srcWordEA": 24,
      "character": "피노키오,제페토 할아버지",
      "setting": "집",
      "action": "찾아보았어요,중얼거리며",
      "feeling": null,
      "causalRelationship": null,
      "outcomeResolution": null,
      "prediction": null,
      "plotSummaryInfoCount": 1,
      "plotSummaryInfo": {
        "classification": "의사소통",
        "readAge": "초등_저학년",
        "form": "short-form",
        "plotSummaryText": "피노키오는 먹을 것을 찾아보았지만 집에는 수프만 조금 남아 있을 뿐이었고, 그나마 어떻게 끓여 먹는지도 알지 못했습니다.",
        "textWordEA": 16
      }
    },
    {
      "srcTextID": "100953",
      "srcText": "“할아버지 빨리 돌아오세요!” 그제야 피노키오는 제페토 할아버지가 그리워졌답니다. 제페토 할아버지는 다음 날 아침이 되어서야 집으로 돌아왔어요.",
      "srcPage": 20,
      "srcSentenceEA": 3,
      "srcWordEA": 18,
      "character": "할아버지,피노키오,제페토 할아버지",
      "setting": "다음 날 아침,집",
      "action": null,
      "feeling": "그리워졌답니다",
      "causalRelationship": null,
      "outcomeResolution": null,
      "prediction": null,
      "plotSummaryInfoCount": 1,
      "plotSummaryInfo": {
        "classification": "의사소통",
        "readAge": "초등_저학년",
        "form": "short-form",
        "plotSummaryText": "그제야 피노키오는 제페토 할아버지가 그리워졌고, 할아버지는 다음 날 아침이 되어서야 집으로 돌아왔습니다.",
        "textWordEA": 12
      }
    },
    {
      "srcTextID": "100955",
      "srcText": "피노키오 걱정으로 한숨도 못 잔 제페토 할아버지는 쉬지도 못하고 수프를 끓였어요. 제페토 할아버지는 피노키오가 수프를 다 먹고 나자 조용히 타일렀어요. “얘야, 오늘부터는 부디 착하게 살아야 한다.”",
      "srcPage": 21,
      "srcSentenceEA": 3,
      "srcWordEA": 27,
      "character": "피노키오,제페토 할아버지",
      "setting": null,
      "action": "끓였어요,타일렀어요",
      "feeling": null,
      "causalRelationship": null,
      "outcomeResolution": null,
      "prediction": null,
      "plotSummaryInfoCount": 1,
      "plotSummaryInfo": {
        "classification": "의사소통",
        "readAge": "초등_저학년",
        "form": "short-form",
        "plotSummaryText": "제페토 할아버지는 쉬지도 못하고 수프를 끓였고, 피노키오가 수프를 다 먹고 나자, 오늘부터는 착하게 살아야 한다고 타일렀습니다.",
        "textWordEA": 16
      }
    },
    {
      "srcTextID": "100961",
      "srcText": "다음 날, 피노키오가 또다시 학교에 가려고 길을 나섰어요. 빵집을 지나 언덕길로 들어서는데, 이번에는 요란한 음악 소리가 들려 오지 뭐예요. 마침 옆에 있던 여우와 고양이가 피노키오를 꾀었어요.",
      "srcPage": 27,
      "srcSentenceEA": 3,
      "srcWordEA": 28,
      "character": "피노키오,여우,고양이",
      "setting": "다음 날,학교",
      "action": "길을 나섰어요,꾀었어요",
      "feeling": null,
      "causalRelationship": null,
      "outcomeResolution": null,
      "prediction": null,
      "plotSummaryInfoCount": 1,
      "plotSummaryInfo": {
        "classification": "의사소통",
        "readAge": "초등_저학년",
        "form": "short-form",
        "plotSummaryText": "다음 날, 피노키오가 또다시 학교에 가려고 길을 나섰는데, 이번에는 요란한 음악 소리가 들려왔고, 옆에 있던 여우와 고양이가 그를 꾀었습니다.",
        "textWordEA": 19
      }
    },
    {
      "srcTextID": "100962",
      "srcText": "할아버지 생각에 잠시 망설이던 피노키오는 결국 책을 팔아 표를 사고 말았죠. “와, 너무 재미있다!” 피노키오는 시간 가는 줄 모르고 정신없이 인형극을 보았어요.",
      "srcPage": 30,
      "srcSentenceEA": 3,
      "srcWordEA": 23,
      "character": "할아버지,피노키오,책",
      "setting": null,
      "action": "팔아,사고 말았죠",
      "feeling": "재미있다,망설이던",
      "causalRelationship": null,
      "outcomeResolution": null,
      "prediction": null,
      "plotSummaryInfoCount": 1,
      "plotSummaryInfo": {
        "classification": "의사소통",
        "readAge": "초등_저학년",
        "form": "short-form",
        "plotSummaryText": "피노키오는 결국 책을 팔아 표를 사고 말았고, 시간 가는 줄 모르고 정신없이 인형극을 보았습니다.",
        "textWordEA": 14
      }
    },
    {
      "srcTextID": "100941",
      "srcText": "“피노키오야, 네가 있어 너무 행복하구나. 내일부터 학교에도 보내 주마.” 제페토 할아버지는 당장 연필이며, 공책이며, 가방을 사 주었어요.",
      "srcPage": 13,
      "srcSentenceEA": 3,
      "srcWordEA": 19,
      "character": "피노키오,제페토 할아버지",
      "setting": "내일,학교",
      "action": "사 주었어요",
      "feeling": "행복하구나",
      "causalRelationship": null,
      "outcomeResolution": null,
      "prediction": null,
      "plotSummaryInfoCount": 1,
      "plotSummaryInfo": {
        "classification": "의사소통",
        "readAge": "초등_저학년",
        "form": "short-form",
        "plotSummaryText": "제페토 할아버지는 내일부터 피노키오를 학교에 보내 주려고 연필이며, 공책이며, 가방을 사 주었습니다.",
        "textWordEA": 12
      }
    },
    {
      "srcTextID": "100947",
      "srcText": "“제페토 할아버지가 저를 만드셨어요.” 피노키오는 자기의 잘못을 깨닫지 못했어요. 결국 제페토 할아버지가 피노키오 대신 감옥에 갇히고 말았죠.",
      "srcPage": 16,
      "srcSentenceEA": 3,
      "srcWordEA": 19,
      "character": "제페토 할아버지,피노키오",
      "setting": null,
      "action": "만드셨어요,잘못을 깨닫지 못했어요",
      "feeling": null,
      "causalRelationship": null,
      "outcomeResolution": null,
      "prediction": null,
      "plotSummaryInfoCount": 1,
      "plotSummaryInfo": {
        "classification": "의사소통",
        "readAge": "초등_저학년",
        "form": "short-form",
        "plotSummaryText": "피노키오는 자기의 잘못을 깨닫지 못했고, 결국 제페토 할아버지가 대신 감옥에 갇히고 말았습니다.",
        "textWordEA": 12
      }
    },
    {
      "srcTextID": "100957",
      "srcText": "피노키오는 자기만 수프를 먹었다는 사실은 생각조차 하지 않았어요. 제페토 할아버지는 무척 배가 고팠지만, 꾹 참았어요. 맛있게 음식을 먹는 피노키오의 모습을 보는 것이 더 즐거웠지요.",
      "srcPage": 23,
      "srcSentenceEA": 3,
      "srcWordEA": 26,
      "character": "피노키오,제페토 할아버지",
      "setting": null,
      "action": "먹었다는,보는 것이",
      "feeling": "즐거웠지요",
      "causalRelationship": null,
      "outcomeResolution": null,
      "prediction": null,
      "plotSummaryInfoCount": 1,
      "plotSummaryInfo": {
        "classification": "의사소통",
        "readAge": "초등_저학년",
        "form": "short-form",
        "plotSummaryText": "제페토 할아버지는 무척 배가 고팠지만, 맛있게 음식을 먹는 피노키오의 모습을 보는 것이 더 즐거웠습니다.",
        "textWordEA": 14
      }
    },
    {
      "srcTextID": "100952",
      "srcText": "“그래, 내가 나가서 뭘 좀 사 오마.” 이때, 밖에는 바람이 세차게 불고 있었어요. 잠시 후, 다시 집으로 돌아온 제페토 할아버지의 손에는 책과 배 한 개가 들려 있었어요.",
      "srcPage": 24,
      "srcSentenceEA": 3,
      "srcWordEA": 29,
      "character": "제페토 할아버지,책,배",
      "setting": "집,잠시 후",
      "action": "들려 있었어요",
      "feeling": null,
      "causalRelationship": null,
      "outcomeResolution": null,
      "prediction": null,
      "plotSummaryInfoCount": 1,
      "plotSummaryInfo": {
        "classification": "의사소통",
        "readAge": "초등_저학년",
        "form": "short-form",
        "plotSummaryText": "제페토 할아버지는 뭘 좀 사 오겠다고 나갔다가 잠시 후, 손에 책과 배 한 개를 들고 돌아왔습니다.",
        "textWordEA": 16
      }
    },
    {
      "srcTextID": "100958",
      "srcText": "한데 제페토 할아버지가 입고 나갔던 스웨터가 보이지 않지 뭐예요. “스웨터는 어떻게 하셨어요?” “음, 그걸 팔아 이 책과 배를 샀단다.”",
      "srcPage": 25,
      "srcSentenceEA": 3,
      "srcWordEA": 19,
      "character": "제페토 할아버지,스웨터,책,배",
      "setting": null,
      "action": "팔아,입고 나갔던,샀단다",
      "feeling": null,
      "causalRelationship": null,
      "outcomeResolution": null,
      "prediction": null,
      "plotSummaryInfoCount": 1,
      "plotSummaryInfo": {
        "classification": "의사소통",
        "readAge": "초등_저학년",
        "form": "short-form",
        "plotSummaryText": "제페토 할아버지는 입고 나갔던 스웨터를 팔아 책과 배를 샀던 것입니다.",
        "textWordEA": 10
      }
    },
    {
      "srcTextID": "100954",
      "srcText": "순간 피노키오는 마음이 아팠어요. “할아버지, 이 책을 가지고 내일 학교에 가겠어요.” 제페토 할아버지는 다시 기운이 나는 듯했어요. 스웨터 따위는 전혀 아까운 줄 몰랐죠.",
      "srcPage": 26,
      "srcSentenceEA": 4,
      "srcWordEA": 25,
      "character": "피노키오,할아버지,제페토 할아버지",
      "setting": "학교,내일",
      "action": "마음이 아팠어요,가겠어요",
      "feeling": null,
      "causalRelationship": null,
      "outcomeResolution": null,
      "prediction": null,
      "plotSummaryInfoCount": 1,
      "plotSummaryInfo": {
        "classification": "의사소통",
        "readAge": "초등_저학년",
        "form": "long-form",
        "plotSummaryText": "피노키오가 그 책을 가지고 내일 학교에 가겠다고 하자 제페토 할아버지는 다시 기운이 나는 듯했습니다.",
        "textWordEA": 14
      }
    },
    {
      "srcTextID": "100960",
      "srcText": "“우리 마을에 꼭두각시 인형 극단이 왔대. 함께 보러 가자.” 피노키오는 인형극이 아주 재미있다는 걸 알고 있었어요.",
      "srcPage": 28,
      "srcSentenceEA": 3,
      "srcWordEA": 18,
      "character": "피노키오,꼭두각시 인형 극단",
      "setting": "우리 마을",
      "action": "알고 있었어요",
      "feeling": "재미있다는",
      "causalRelationship": null,
      "outcomeResolution": null,
      "prediction": null,
      "plotSummaryInfoCount": 1,
      "plotSummaryInfo": {
        "classification": "의사소통",
        "readAge": "초등_저학년",
        "form": "short-form",
        "plotSummaryText": "우리 마을에 꼭두각시 인형 극단이 왔으니 함께 보러 가자는 말을 들은 피노키오는 인형극이 아주 재미있다는 걸 알고 있었습니다.",
        "textWordEA": 18
      }
    },
    {
      "srcTextID": "100959",
      "srcText": "“그렇지만 난 돈이 없는걸.” “네가 가지고 있는 책을 팔면 돼.” 여우와 고양이는 제페토 할아버지가 스웨터를 팔아 사 준 책을 가리키며 말했어요.",
      "srcPage": 29,
      "srcSentenceEA": 3,
      "srcWordEA": 22,
      "character": "여우,고양이,제페토 할아버지",
      "setting": null,
      "action": "말했어요,팔아,가리키며",
      "feeling": null,
      "causalRelationship": null,
      "outcomeResolution": null,
      "prediction": null,
      "plotSummaryInfoCount": 1,
      "plotSummaryInfo": {
        "classification": "의사소통",
        "readAge": "초등_저학년",
        "form": "short-form",
        "plotSummaryText": "돈이 없다고 하자 여우와 고양이는 책을 팔면 된다고 말했습니다.",
        "textWordEA": 9
      }
    },
    {
      "srcTextID": "100967",
      "srcText": "“제발 살려 주세요!” 피노키오는 겁이 나서 울음을 터뜨렸죠. 그러자 단장은 마구 매질을 하며 무섭게 소리쳤어요.",
      "srcPage": 33,
      "srcSentenceEA": 3,
      "srcWordEA": 17,
      "character": "피노키오,단장",
      "setting": null,
      "action": "울음을 터뜨렸죠,소리쳤어요,살려 주세요",
      "feeling": "겁이 나서,무섭게",
      "causalRelationship": null,
      "outcomeResolution": null,
      "prediction": null,
      "plotSummaryInfoCount": 1,
      "plotSummaryInfo": {
        "classification": "의사소통",
        "readAge": "초등_저학년",
        "form": "short-form",
        "plotSummaryText": "피노키오가 겁이 나서 울음을 터뜨리자, 단장은 마구 매질하며 무섭게 소리쳤습니다.",
        "textWordEA": 10
      }
    },
    {
      "srcTextID": "105938",
      "srcText": "“얘야, 제페토 할아버지는 너를 찾아 바다로 나갔다가 커다란 고래에게 잡아먹혔지.” “뭐라고요, 그게 정말이에요?” 한동안 엉엉 소리 내 울던 피노키오는 마음을 굳게 다졌어요.",
      "srcPage": 45,
      "srcSentenceEA": 3,
      "srcWordEA": 23,
      "character": "제페토 할아버지,커다란 고래,피노키오",
      "setting": "바다",
      "action": "나갔다가,잡아먹혔지",
      "feeling": null,
      "causalRelationship": null,
      "outcomeResolution": null,
      "prediction": null,
      "plotSummaryInfoCount": 1,
      "plotSummaryInfo": {
        "classification": "의사소통",
        "readAge": "초등_저학년",
        "form": "short-form",
        "plotSummaryText": "제페토 할아버지가 자기를 찾아 바다로 나갔다가 커다란 고래에게 잡아먹혔다는 얘기를 듣고 소리 내 울던 피노키오는 마음을 굳게 다졌습니다.",
        "textWordEA": 18
      }
    },
    {
      "srcTextID": "100983",
      "srcText": "물속으로 들어가자, 피노키오를 발견한 고래가 서서히 다가왔어요. 제페토 할아버지를 삼킨 바로 그 고래였죠. “우와, 엄청나게 큰 고래구나!”",
      "srcPage": 47,
      "srcSentenceEA": 3,
      "srcWordEA": 18,
      "character": "피노키오,고래,제페토 할아버지",
      "setting": "물속",
      "action": "발견한,다가왔어요,삼킨",
      "feeling": null,
      "causalRelationship": null,
      "outcomeResolution": null,
      "prediction": null,
      "plotSummaryInfoCount": 1,
      "plotSummaryInfo": {
        "classification": "의사소통",
        "readAge": "초등_저학년",
        "form": "short-form",
        "plotSummaryText": "물속으로 들어가자, 제페토 할아버지를 삼킨 그 고래가 피노키오를 발견하고 서서히 다가왔습니다.",
        "textWordEA": 11
      }
    },
    {
      "srcTextID": "100984",
      "srcText": "고래의 식도를 지나 위장 속에 다다르자, 한 구석에 힘없이 앉아 있는 제페토 할아버지의 모습이 보였어요. “할아버지!” “아니, 피노키오로구나! 네가 어떻게 여기까지.”",
      "srcPage": 49,
      "srcSentenceEA": 3,
      "srcWordEA": 22,
      "character": "고래,제페토 할아버지",
      "setting": null,
      "action": "보였어요,다다르자,앉아 있는,힘없이",
      "feeling": null,
      "causalRelationship": null,
      "outcomeResolution": null,
      "prediction": null,
      "plotSummaryInfoCount": 1,
      "plotSummaryInfo": {
        "classification": "의사소통",
        "readAge": "초등_저학년",
        "form": "short-form",
        "plotSummaryText": "고래의 위장 속에 다다르자, 한 구석에 힘없이 앉아 있는 제페토 할아버지의 모습이 보였습니다.",
        "textWordEA": 13
      }
    },
    {
      "srcTextID": "100992",
      "srcText": "그날부터 피노키오는 예전과는 전혀 다른 아이가 되었답니다. 학교도 빠지지 않고, 집에 돌아와서는 열심히 할아버지의 일도 도왔죠. 맛있는 음식을 먹을 때도 꼭 제페토 할아버지의 몫은 따로 남겨 두었어요.",
      "srcPage": 55,
      "srcSentenceEA": 3,
      "srcWordEA": 29,
      "character": "피노키오,할아버지,제페토 할아버지",
      "setting": "학교,집",
      "action": "돌아와서는,남겨 두었어요,일도 도왔죠",
      "feeling": null,
      "causalRelationship": null,
      "outcomeResolution": null,
      "prediction": null,
      "plotSummaryInfoCount": 1,
      "plotSummaryInfo": {
        "classification": "의사소통",
        "readAge": "초등_저학년",
        "form": "short-form",
        "plotSummaryText": "그날부터 피노키오는 예전과는 전혀 다른 아이가 되어, 학교도 빠지지 않고, 열심히 할아버지의 일도 도왔습니다.",
        "textWordEA": 14
      }
    },
    {
      "srcTextID": "100966",
      "srcText": "“넌 내일부터 나와 함께 인형극을 해야 해. 말하는 나무 인형이라, 사람들이 매우 좋아하겠는걸. 으하하!” 피노키오는 사람들 앞에서 웃음거리가 될 생각을 하자 더욱더 집으로 가고 싶어졌어요.",
      "srcPage": 34,
      "srcSentenceEA": 4,
      "srcWordEA": 28,
      "character": "피노키오",
      "setting": "내일부터",
      "action": "가고 싶어졌어요",
      "feeling": null,
      "causalRelationship": null,
      "outcomeResolution": null,
      "prediction": null,
      "plotSummaryInfoCount": 1,
      "plotSummaryInfo": {
        "classification": "의사소통",
        "readAge": "초등_저학년",
        "form": "long-form",
        "plotSummaryText": "피노키오는 내일부터 인형극을 하며 사람들 앞에서 웃음거리가 될 생각을 하자 더욱더 집으로 가고 싶어졌습니다.",
        "textWordEA": 14
      }
    },
    {
      "srcTextID": "105940",
      "srcText": "창고를 탈출한 피노키오는 곧장 집으로 달려갔어요. 스웨터를 팔아 책과 배를 사 온 일들이 자꾸만 떠올랐어요. ‘할아버지가 얼마나 고마운 분인지 이제야 알았어. 어서 가서 용서를 빌고 할아버지를 행복하게 해 드려야지.’",
      "srcPage": 42,
      "srcSentenceEA": 4,
      "srcWordEA": 32,
      "character": "피노키오,할아버지,책,배",
      "setting": "창고,집",
      "action": "달려갔어요,떠올랐어요,용서를 빌고",
      "feeling": "고마운,행복하게",
      "causalRelationship": null,
      "outcomeResolution": null,
      "prediction": null,
      "plotSummaryInfoCount": 1,
      "plotSummaryInfo": {
        "classification": "의사소통",
        "readAge": "초등_저학년",
        "form": "long-form",
        "plotSummaryText": "창고에서 탈출한 피노키오는 곧장 집으로 달려갔고, 어서 가서 용서를 빌고 할아버지를 행복하게 해 드려야겠다고 생각했습니다.",
        "textWordEA": 15
      }
    },
    {
      "srcTextID": "100987",
      "srcText": "“맞아! 불을 피워 보는 것이 어떻겠니?” “불이라고요?” “그래, 이 속에 연기를 가득 채워서 고래가 기침을 하도록 만드는 거야.” “그거 좋은 방법인데요.”",
      "srcPage": 52,
      "srcSentenceEA": 3,
      "srcWordEA": 22,
      "character": "고래,불",
      "setting": null,
      "action": "피워 보는,기침을 하도록",
      "feeling": null,
      "causalRelationship": null,
      "outcomeResolution": null,
      "prediction": null,
      "plotSummaryInfoCount": 1,
      "plotSummaryInfo": {
        "classification": "의사소통",
        "readAge": "초등_저학년",
        "form": "short-form",
        "plotSummaryText": "불을 피워 연기를 가득 채워서 고래가 기침하게 하는 게 어떻겠냐고 했습니다.",
        "textWordEA": 11
      }
    },
    {
      "srcTextID": "100989",
      "srcText": "제페토 할아버지는 고래가 먹이와 함께 삼킨 나무토막이며 옷가지들을 주워 모아 불을 지폈어요. 곧 매운 연기가 고래 배 속에 가득 차올랐죠. 연기를 참다못한 고래는 마침내 굉장히 큰 소리를 내며 기침을 했어요.",
      "srcPage": 53,
      "srcSentenceEA": 3,
      "srcWordEA": 32,
      "character": "제페토 할아버지,고래,나무토막",
      "setting": "고래 배 속",
      "action": "불을 지폈어요",
      "feeling": null,
      "causalRelationship": null,
      "outcomeResolution": null,
      "prediction": null,
      "plotSummaryInfoCount": 1,
      "plotSummaryInfo": {
        "classification": "의사소통",
        "readAge": "초등_저학년",
        "form": "short-form",
        "plotSummaryText": "제페토 할아버지가 불을 지피자 곧 매운 연기가 고래 배 속에 가득 차올랐고, 참다못한 고래는 마침내 큰 소리를 내며 기침했습니다.",
        "textWordEA": 19
      }
    },
    {
      "srcTextID": "100988",
      "srcText": "그 바람에 제페토 할아버지와 피노키오는 바깥으로 나올 수 있었어요. “힘내세요, 할아버지!” 피노키오는 제페토 할아버지를 업고 헤엄을 쳐 뭍으로 올라왔어요.",
      "srcPage": 54,
      "srcSentenceEA": 3,
      "srcWordEA": 20,
      "character": "제페토 할아버지,피노키오",
      "setting": "바깥",
      "action": "나올 수 있었어요,업고,헤엄을 쳐",
      "feeling": null,
      "causalRelationship": null,
      "outcomeResolution": null,
      "prediction": null,
      "plotSummaryInfoCount": 1,
      "plotSummaryInfo": {
        "classification": "의사소통",
        "readAge": "초등_저학년",
        "form": "short-form",
        "plotSummaryText": "그 바람에 제페토 할아버지와 피노키오는 바깥으로 나올 수 있었고, 헤엄을 쳐 뭍으로 올라왔습니다.",
        "textWordEA": 13
      }
    },
    {
      "srcTextID": "100990",
      "srcText": "“아주 착한 아이가 되었구나, 피노키오. 앞으로도 늘 할아버지를 보살피며 착하게 살거라.” 천사는 약속한 대로 피노키오를 사람으로 만들어 주었어요.",
      "srcPage": 57,
      "srcSentenceEA": 3,
      "srcWordEA": 20,
      "character": "천사,피노키오",
      "setting": null,
      "action": "만들어 주었어요,보살피며",
      "feeling": null,
      "causalRelationship": null,
      "outcomeResolution": null,
      "prediction": null,
      "plotSummaryInfoCount": 1,
      "plotSummaryInfo": {
        "classification": "의사소통",
        "readAge": "초등_저학년",
        "form": "short-form",
        "plotSummaryText": "천사는 아주 착한 아이가 되었다며, 약속한 대로 피노키오를 사람으로 만들어 주었습니다.",
        "textWordEA": 11
      }
    },
    {
      "srcTextID": "100993",
      "srcText": "피노키오는 제 몸에서 ‘콩당, 콩당’ 심장이 뛰는 소리를 들었어요. 굉장히 황홀한 느낌이었죠. 신바람이 난 피노키오는 제페토 할아버지의 손을 잡고 덩실덩실 춤을 추었어요.",
      "srcPage": 58,
      "srcSentenceEA": 4,
      "srcWordEA": 25,
      "character": "피노키오,제페토 할아버지,심장",
      "setting": null,
      "action": "소리를 들었어요,춤을 추었어요",
      "feeling": "신바람이 난",
      "causalRelationship": null,
      "outcomeResolution": null,
      "prediction": null,
      "plotSummaryInfoCount": 1,
      "plotSummaryInfo": {
        "classification": "의사소통",
        "readAge": "초등_저학년",
        "form": "long-form",
        "plotSummaryText": "피노키오는 제 몸에서 심장이 뛰는 소리를 듣고 신바람이 나, 제페토 할아버지의 손을 잡고 덩실덩실 춤을 추었습니다.",
        "textWordEA": 16
      }
    },
    {
      "srcTextID": "100995",
      "srcText": "이 피노키오는 지금까지도 전 세계 어린이들에게 널리 읽히는 명작 중의 하나이지요. 이야기 속의 피노키오는 마치 어린이 여러분의 모습을 보는 듯합니다. 나무 인형을 만든 제페토 할아버지의 간절한 소원 덕분에 피노키오는 완전한 사람은 아니지만 말하고 움직일 수 있게 변합니다.",
      "srcPage": 60,
      "srcSentenceEA": 3,
      "srcWordEA": 39,
      "character": "피노키오는,세계 어린이들",
      "setting": null,
      "action": "읽히는,말하고,움직일 수 있게,변합니다",
      "feeling": "간절한",
      "causalRelationship": null,
      "outcomeResolution": null,
      "prediction": null,
      "plotSummaryInfoCount": 1,
      "plotSummaryInfo": {
        "classification": "의사소통",
        "readAge": "초등_저학년",
        "form": "short-form",
        "plotSummaryText": "피노키오는 전 세계 어린이들에게 널리 읽히는 명작 중의 하나로, 제페토 할아버지의 간절한 소원 덕분에 피노키오는 말하고 움직일 수 있게 변합니다.",
        "textWordEA": 20
      }
    },
    {
      "srcTextID": "100994",
      "srcText": "말썽만 피우던 피노키오는 친구들의 속임수에 넘어가 목숨까지 위태롭게 되지만 천사의 도움으로 위기를 면합니다. 피노키오를 찾아 나선 할아버지가 고래에게 잡아먹히게 되자 피노키오는 할아버지를 구하기 위해 고래의 뱃속에 들어갑니다. 결국 할아버지를 구한 피노키오는 할아버지의 사랑을 확인하며 눈물을 흘립니다. 온갖 어려운 일을 지혜롭게 이겨 낸 피노키오는 용기 있고 정직한 어린이가 되고 가슴이 뛰는 진짜 사람이 된다는 내용입니다.",
      "srcPage": 61,
      "srcSentenceEA": 4,
      "srcWordEA": 57,
      "character": "피노키오,친구들,천사,할아버지,고래",
      "setting": null,
      "action": "잡아먹히게,구한,들어갑니다,이겨 낸,눈물을 흘립니다",
      "feeling": null,
      "causalRelationship": null,
      "outcomeResolution": null,
      "prediction": null,
      "plotSummaryInfoCount": 1,
      "plotSummaryInfo": {
        "classification": "의사소통",
        "readAge": "초등_저학년",
        "form": "long-form",
        "plotSummaryText": "말썽만 피우던 피노키오가 고래의 배에 들어가 할아버지를 구하고, 용기 있고 정직한 어린이가 되어 진짜 사람이 된다는 내용입니다.",
        "textWordEA": 17
      }
    },
    {
      "srcTextID": "100937",
      "srcText": "곰곰이 생각한 할아버지는 나무를 깎아서 인형을 하나 만들기로 했어요. ‘옆집 아이처럼 귀여운 나무 인형을 만들어야지. 동그란 얼굴에 오뚝한 코, 입도 예쁘게 말이야.’",
      "srcPage": 4,
      "srcSentenceEA": 3,
      "srcWordEA": 24,
      "character": "할아버지,나무,인형,옆집 아이",
      "setting": null,
      "action": "만들기로 했어요,만들어야",
      "feeling": null,
      "causalRelationship": null,
      "outcomeResolution": null,
      "prediction": null,
      "plotSummaryInfoCount": 1,
      "plotSummaryInfo": {
        "classification": "의사소통",
        "readAge": "초등_저학년",
        "form": "short-form",
        "plotSummaryText": "곰곰이 생각한 할아버지는 옆집 아이처럼 귀여운 나무 인형을 만들기로 했습니다.",
        "textWordEA": 10
      }
    },
    {
      "srcTextID": "100939",
      "srcText": "제페토 할아버지는 정성껏 나무를 깎고 다듬었어요. ‘쓱쓱 뚝딱, 뚝딱 쓱쓱.’ 밥 먹고 잠자는 일도 잊을 만큼 열심이었죠.",
      "srcPage": 5,
      "srcSentenceEA": 3,
      "srcWordEA": 19,
      "character": "제페토 할아버지,나무",
      "setting": null,
      "action": "깎고,다듬었어요,먹고,잠자는",
      "feeling": null,
      "causalRelationship": null,
      "outcomeResolution": null,
      "prediction": null,
      "plotSummaryInfoCount": 1,
      "plotSummaryInfo": {
        "classification": "의사소통",
        "readAge": "초등_저학년",
        "form": "short-form",
        "plotSummaryText": "제페토 할아버지는 밥 먹고 잠자는 일도 잊을 만큼 열심히 나무를 깎고 다듬었습니다.",
        "textWordEA": 12
      }
    },
    {
      "srcTextID": "100944",
      "srcText": "다음 날 아침이 되었어요. “할아버지, 안녕하세요?” 나무 인형이 인사를 했어요.",
      "srcPage": 9,
      "srcSentenceEA": 3,
      "srcWordEA": 11,
      "character": "할아버지,나무 인형",
      "setting": "다음 날 아침",
      "action": "인사를 했어요",
      "feeling": null,
      "causalRelationship": null,
      "outcomeResolution": null,
      "prediction": null,
      "plotSummaryInfoCount": 1,
      "plotSummaryInfo": {
        "classification": "의사소통",
        "readAge": "초등_저학년",
        "form": "short-form",
        "plotSummaryText": "다음 날 아침, 나무 인형이 할아버지께 인사를 했습니다.",
        "textWordEA": 8
      }
    },
    {
      "srcTextID": "100946",
      "srcText": "제페토 할아버지는 깜짝 놀라 하마터면 뒤로 넘어질 뻔했어요. “오, 네가 말을 하다니.” 제페토 할아버지는 자기 볼을 꼬집어 보았어요.",
      "srcPage": 10,
      "srcSentenceEA": 3,
      "srcWordEA": 19,
      "character": "제페토 할아버지",
      "setting": null,
      "action": "넘어질 뻔했어요,꼬집어 보았어요",
      "feeling": "깜짝 놀라",
      "causalRelationship": null,
      "outcomeResolution": null,
      "prediction": null,
      "plotSummaryInfoCount": 1,
      "plotSummaryInfo": {
        "classification": "의사소통",
        "readAge": "초등_저학년",
        "form": "short-form",
        "plotSummaryText": "제페토 할아버지는 깜짝 놀라 하마터면 뒤로 넘어질 뻔했고, 자기 볼을 꼬집어 보았습니다.",
        "textWordEA": 12
      }
    },
    {
      "srcTextID": "100945",
      "srcText": "분명 꿈은 아니었죠. “정말 반갑다. 네 이름을 뭐라고 할까.",
      "srcPage": 11,
      "srcSentenceEA": 3,
      "srcWordEA": 10,
      "character": "네",
      "setting": null,
      "action": "뭐라고 할까",
      "feeling": "반갑다",
      "causalRelationship": null,
      "outcomeResolution": null,
      "prediction": null,
      "plotSummaryInfoCount": 1,
      "plotSummaryInfo": {
        "classification": "의사소통",
        "readAge": "초등_저학년",
        "form": "short-form",
        "plotSummaryText": "분명 꿈은 아니어서, 반갑다고 말하며 이름을 뭐라고 할지 물었습니다.",
        "textWordEA": 9
      }
    },
    {
      "srcTextID": "100934",
      "srcText": "마음씨 착한 제페토 할아버지는 혼자 살았어요. 가끔씩 찾아오는 이웃 사람들도 해가 저물면 모두 자기 집으로 돌아갔어요. “제페토 할아버지, 안녕히 계세요.”",
      "srcPage": 1,
      "srcSentenceEA": 3,
      "srcWordEA": 21,
      "character": "제페토 할아버지,이웃 사람들",
      "setting": "자기 집",
      "action": "살았어요,돌아갔어요",
      "feeling": null,
      "causalRelationship": null,
      "outcomeResolution": null,
      "prediction": null,
      "plotSummaryInfoCount": 1,
      "plotSummaryInfo": {
        "classification": "의사소통",
        "readAge": "초등_저학년",
        "form": "short-form",
        "plotSummaryText": "마음씨 착한 제페토 할아버지는 혼자 살았는데, 가끔 찾아오는 이웃 사람들도 해가 저물면 모두 자기 집으로 돌아갔습니다.",
        "textWordEA": 16
      }
    },
    {
      "srcTextID": "100933",
      "srcText": "“잘 가게. 식구들이 함께 저녁 식사를 한다니 부럽군.” 모두 돌아간 텅 빈 집 안에는 어디선가 들려 오는 풀벌레 소리만 가득했어요.",
      "srcPage": 2,
      "srcSentenceEA": 3,
      "srcWordEA": 22,
      "character": "식구들,저녁 식사,풀벌레",
      "setting": "텅 빈 집 안",
      "action": "들려 오는",
      "feeling": "부럽군",
      "causalRelationship": null,
      "outcomeResolution": null,
      "prediction": null,
      "plotSummaryInfoCount": 1,
      "plotSummaryInfo": {
        "classification": "의사소통",
        "readAge": "초등_저학년",
        "form": "short-form",
        "plotSummaryText": "식구들이 함께 저녁 식사를 하러 모두 돌아간 텅 빈 집 안에는 풀벌레 소리만 가득했습니다.",
        "textWordEA": 14
      }
    },
    {
      "srcTextID": "100935",
      "srcText": "제페토 할아버지는 오늘도 식어 버린 수프로 저녁 식사를 대신할 참이었어요. 엄마, 아빠와 아이들이 오순도순 모여 있는 옆집에서는 웃음소리가 자주 새어 나왔어요. “하하하! 우리 아들이 참 장한 일을 했구나.” “엄마, 이 치즈 빵은 정말 맛있어요.” 제페토 할아버지는 자기에게도 아이가 있었으면 좋겠다는 생각을 했어요.",
      "srcPage": 3,
      "srcSentenceEA": 5,
      "srcWordEA": 45,
      "character": "제페토 할아버지,수프,엄마,아빠,아이들,아이",
      "setting": "오늘,옆집",
      "action": null,
      "feeling": null,
      "causalRelationship": null,
      "outcomeResolution": "제페토 할아버지는 자기에게도 아이가 있었으면 좋겠다는 생각을 했어요.",
      "prediction": null,
      "plotSummaryInfoCount": 1,
      "plotSummaryInfo": {
        "classification": "의사소통",
        "readAge": "초등_저학년",
        "form": "long-form",
        "plotSummaryText": "엄마, 아빠와 아이들이 오순도순 모여 있는 옆집에서는 웃음소리가 자주 새어 나왔고, 제페토 할아버지는 자기에게도 아이가 있었으면 좋겠다고 생각했습니다.",
        "textWordEA": 18
      }
    },
    {
      "srcTextID": "100938",
      "srcText": "마침내 나무 인형은 완성되었어요. 제페토 할아버지는 가만히 나무 인형을 가슴에 안아 보았어요. ‘나무 인형이 진짜 사람이라면 얼마나 좋을까?’",
      "srcPage": 6,
      "srcSentenceEA": 3,
      "srcWordEA": 20,
      "character": "나무 인형,제페토 할아버지",
      "setting": null,
      "action": "완성되었어요,안아 보았어요",
      "feeling": null,
      "causalRelationship": null,
      "outcomeResolution": null,
      "prediction": null,
      "plotSummaryInfoCount": 1,
      "plotSummaryInfo": {
        "classification": "의사소통",
        "readAge": "초등_저학년",
        "form": "short-form",
        "plotSummaryText": "마침내 나무 인형이 완성되자 제페토 할아버지는 가만히 가슴에 안아 보았고, 진짜 사람이라면 좋겠다고 생각했습니다.",
        "textWordEA": 14
      }
    },
    {
      "srcTextID": "100963",
      "srcText": "단장은 머릿속으로 이런저런 계산을 해 보았어요. ‘정말 저 말하는 나무 인형만 있으면 틀림없이 사람들을 많이 불러 모을 수 있을 거야.’ 단장은 여우와 고양이에게 금화 다섯 닢을 건네주고는 피노키오를 창고에 가두고 말았어요.",
      "srcPage": 32,
      "srcSentenceEA": 3,
      "srcWordEA": 33,
      "character": "단장,피노키오,여우,고양이",
      "setting": "창고",
      "action": "가두고 말았어요,계산을 해 보았어요,모을 수 있을거야,건네주고는",
      "feeling": null,
      "causalRelationship": null,
      "outcomeResolution": null,
      "prediction": null,
      "plotSummaryInfoCount": 1,
      "plotSummaryInfo": {
        "classification": "의사소통",
        "readAge": "초등_저학년",
        "form": "short-form",
        "plotSummaryText": "단장은 머릿속으로 이런저런 계산을 해 보았고, 여우와 고양이에게 금화 다섯 닢을 건네주고는 피노키오를 창고에 가두었습니다.",
        "textWordEA": 15
      }
    }
  ]
}