{
  "title": "알프스 소녀 하이디",
  "author": "박준구",
  "illustrator": "김유진",
  "isbn": "9788968731570",
  "publishedYear": 2013,
  "publisher": "키움북스",
  "paragraphInfoCount": 17,
  "paragraphInfo": [
    {
      "srcTextID": "132797",
      "srcText": "어느 초여름, 하이디가 이모 데테를 따라 알프스의 산길을 올랐어요. 데테 이모가 도시에서 일을 하게 되어 알프스의 중턱에 사는 할아버지와 살게 된 거예요. 할아버지는 무척 무뚝뚝하셨어요.",
      "srcPage": 1,
      "srcSentenceEA": 3,
      "srcWordEA": 27,
      "character": "하이디,이모,데테,할아버지",
      "setting": "초여름,알프스,산길,도시",
      "action": "따라,올랐어요",
      "feeling": "무뚝뚝하셨어요",
      "causalRelationship": null,
      "outcomeResolution": null,
      "prediction": null,
      "plotSummaryInfoCount": 1,
      "plotSummaryInfo": {
        "classification": "의사소통",
        "readAge": "초등_저학년",
        "form": "short-form",
        "plotSummaryText": "초여름 하이디는 데테 이모가 도시에서 일하게 되어 알프스 중턱에 사는 무뚝뚝한 할아버지와 살게 되어 이모를 따라 알프스 산길을 오릅니다.",
        "textWordEA": 19
      }
    },
    {
      "srcTextID": "132806",
      "srcText": "그러던 어느 날, 하이디의 집에 목사님이 찾아왔어요. \"할아버지, 하이디를 학교에 보내셔야지요. 글도 배우고, 책도 읽고, 하느님의 사랑을 알아야 해요.\"",
      "srcPage": 6,
      "srcSentenceEA": 3,
      "srcWordEA": 20,
      "character": "하이디,목사님,할아버지,하느님",
      "setting": "집,학교",
      "action": "찾아왔어요",
      "feeling": null,
      "causalRelationship": null,
      "outcomeResolution": null,
      "prediction": null,
      "plotSummaryInfoCount": 1,
      "plotSummaryInfo": {
        "classification": "의사소통",
        "readAge": "초등_저학년",
        "form": "short-form",
        "plotSummaryText": "목사님이 찾아와 할아버지에게 하이디를 학교에 보내어 글도 배우고 하느님의 사랑을 알게 해야 한다고 말했습니다.",
        "textWordEA": 14
      }
    },
    {
      "srcTextID": "132812",
      "srcText": "데테 이모는 하이디를 프랑크푸르트의 제제만 씨 댁에 맡겼어요. 제제만 씨 댁에는 로텐마이어 아주머니와 클라라라는 소녀가 살았어요. 클라라는 다리가 불편해 휠체어를 타고 다녔지요. 로텐마이어 아주머니는 하이디가 못마땅했어요. 하지만 클라라가 하이디를 좋아해서 계속 곁에 두기로 했어요.",
      "srcPage": 8,
      "srcSentenceEA": 5,
      "srcWordEA": 38,
      "character": "데테,이모,하이디,제제만,로텐마이어,아주머니,클라라,소녀",
      "setting": "프랑크푸르트",
      "action": "맡겼어요,타고 다녔지요",
      "feeling": "못마땅했어요,좋아해서",
      "causalRelationship": "클라라는 다리가 불편해 휠체어를 타고 다녔지요.",
      "outcomeResolution": null,
      "prediction": null,
      "plotSummaryInfoCount": 1,
      "plotSummaryInfo": {
        "classification": "의사소통",
        "readAge": "초등_저학년",
        "form": "long-form",
        "plotSummaryText": "데테 이모는 하이디를 프랑크푸르트의 제제만 씨 댁에 맡겼고, 그 댁에는 로텐마이어 아주머니와 다리가 불편해 휠체어를 타고 다니는 클라라라는 소녀가 살았습니다.",
        "textWordEA": 20
      }
    },
    {
      "srcTextID": "132817",
      "srcText": "그러나 하이디는 할아버지와 피터가 보고 싶었어요. 제제만 씨의 집에서 맛있는 빵을 먹을 때면 피터의 할머니 생각이 나서 견딜 수가 없었지요. \"하느님, 빨리 알프스로 돌아가게 해 주세요. 저는 알프스가 좋아요.\"",
      "srcPage": 10,
      "srcSentenceEA": 4,
      "srcWordEA": 31,
      "character": "하이디,할아버지,피터,제제만,하느님",
      "setting": "집,알프스",
      "action": "먹을,돌아가게",
      "feeling": "좋아요",
      "causalRelationship": null,
      "outcomeResolution": null,
      "prediction": null,
      "plotSummaryInfoCount": 1,
      "plotSummaryInfo": {
        "classification": "의사소통",
        "readAge": "초등_저학년",
        "form": "long-form",
        "plotSummaryText": "하이디는 할아버지와 피터가 보고 싶었고, 제제만 씨 집에서 빵을 먹을 때마다 피터의 할머니가 떠올라 힘들어하며 하느님에게 알프스가 좋다며 돌아가게 해 달라 기도했습니다.",
        "textWordEA": 22
      }
    },
    {
      "srcTextID": "132822",
      "srcText": "며칠 뒤, 클라라의 할머니가 다시 고향으로 돌아가셨어요. 하이디는 할머니가 계시지 않자 풀이 죽어 식사도 하지 않고. 잠도 잘 자지 못했어요. ",
      "srcPage": 11,
      "srcSentenceEA": 3,
      "srcWordEA": 22,
      "character": "클라라,할머니,하이디",
      "setting": "며칠 뒤,고향",
      "action": "돌아가셨어요,잠도 잘 자지 못했어요",
      "feeling": null,
      "causalRelationship": null,
      "outcomeResolution": null,
      "prediction": null,
      "plotSummaryInfoCount": 1,
      "plotSummaryInfo": {
        "classification": "의사소통",
        "readAge": "초등_저학년",
        "form": "short-form",
        "plotSummaryText": "며칠 뒤 클라라의 할머니가 고향으로 돌아가신 후, 하이디는 풀이 죽어 식사도 못 하고 잠도 못 잤습니다.",
        "textWordEA": 16
      }
    },
    {
      "srcTextID": "132798",
      "srcText": "하지만 이모가 돌아가자 하이디에게 빵과 치즈와 염소 젖을 주고, 다락방에 포근한 잠자리도 마련해 주셨지요. \"할아버지, 감사합니다.\" 하이디는 알프스가 무척 마음에 들었어요.",
      "srcPage": 2,
      "srcSentenceEA": 3,
      "srcWordEA": 22,
      "character": "이모,하이디,염소,할아버지",
      "setting": "다락방,알프스",
      "action": "돌아가자,주고,마련해 주셨지요",
      "feeling": null,
      "causalRelationship": null,
      "outcomeResolution": null,
      "prediction": null,
      "plotSummaryInfoCount": 1,
      "plotSummaryInfo": {
        "classification": "의사소통",
        "readAge": "초등_저학년",
        "form": "short-form",
        "plotSummaryText": "할아버지는 이모가 돌아간 후 하이디에게  빵과 치즈와 염소젖을 주고, 다락방에 잠자리도 만들어 주셨습니다.",
        "textWordEA": 14
      }
    },
    {
      "srcTextID": "132823",
      "srcText": "이 소식을 듣고 제제만 씨가 의사인 친구와 함께 집으로 돌아왔어요. 드디어 밤 열두 시가 되었어요. 그러자 복도에서 이상한 소리가 났어요. 복도에는 하얀 물체가 터벅터벅 걸어 다니고 있었어요.",
      "srcPage": 13,
      "srcSentenceEA": 4,
      "srcWordEA": 30,
      "character": "제제만,의사,친구",
      "setting": "집,밤,복도",
      "action": "돌아왔어요,걸어 다니고 있었어요",
      "feeling": null,
      "causalRelationship": null,
      "outcomeResolution": null,
      "prediction": null,
      "plotSummaryInfoCount": 1,
      "plotSummaryInfo": {
        "classification": "의사소통",
        "readAge": "초등_저학년",
        "form": "long-form",
        "plotSummaryText": "소식을 듣고 제제만 씨가 의사 친구와 함께 집에 돌아왔고, 밤 열두 시가 되자 이상한 소리와 함께 복도에 하얀 물체가 걸어 다니고 있었습니다.",
        "textWordEA": 22
      }
    },
    {
      "srcTextID": "132824",
      "srcText": "제제만 씨가 얼른 달려가 유령을 잡았어요. 그런데 확인해 보니 흰 잠옷을 입은 하이디였어요! \"몽유병이네. 알프스가 너무 그리워 마음의 병이 깊어진 걸세.\" 친구의 말에 제제만 씨는 하이디를 알프스로 돌려보내기로 했어요.",
      "srcPage": 14,
      "srcSentenceEA": 4,
      "srcWordEA": 32,
      "character": "제제만,유령,하이디,친구",
      "setting": "알프스",
      "action": "달려가,잡았어요",
      "feeling": "그리워",
      "causalRelationship": null,
      "outcomeResolution": null,
      "prediction": null,
      "plotSummaryInfoCount": 1,
      "plotSummaryInfo": {
        "classification": "의사소통",
        "readAge": "초등_저학년",
        "form": "long-form",
        "plotSummaryText": "제제만 씨가 달려가 유령을 잡았는데 하이디였고, 친구는 알프스가 그리워 몽유병이 깊어졌다고 해서 제제만 씨는 하이디를 알프스로 보내기로 했습니다.",
        "textWordEA": 18
      }
    },
    {
      "srcTextID": "132827",
      "srcText": "\"할아버지!\" 드디어 하이디는 그리운 할아버지 품에 푹 안겼어요. 그리고 클라라가 챙겨 준 빵을 피터의 할머니께 드렸지요. 하이디는 오랜만에 맑은 공기를 쐬며 신 나게 뛰놀았어요.",
      "srcPage": 15,
      "srcSentenceEA": 3,
      "srcWordEA": 27,
      "character": "할아버지,하이디,클라라,피터,할머니",
      "setting": null,
      "action": "푹 안겼어요,드렸지요,뛰놀았어요",
      "feeling": "그리운",
      "causalRelationship": null,
      "outcomeResolution": null,
      "prediction": null,
      "plotSummaryInfoCount": 1,
      "plotSummaryInfo": {
        "classification": "의사소통",
        "readAge": "초등_저학년",
        "form": "short-form",
        "plotSummaryText": "하이디는 그리웠던 할아버지를 부르며 품에 안겼고, 클라라가 준 빵을 할머니께 드린 후 맑은 공기를 쐬며 신나게 뛰놀았습니다.",
        "textWordEA": 17
      }
    },
    {
      "srcTextID": "132828",
      "srcText": "며칠 뒤 클라라가 제제만 씨와 함께 알프스로 놀러 왔어요. 하이디는 클라라의 휠체어를 밀면서 여기저기 구경시켜 주었어요. 그런데 피터는 왠지 하이디를 뺏긴 것만 같아 클라라가 미웠어요. 그래서 클라라의 휠체어를 골짜기 밑으로 밀어 버렸지요.",
      "srcPage": 16,
      "srcSentenceEA": 4,
      "srcWordEA": 35,
      "character": "클라라,제제만,하이디,피터",
      "setting": "알프스,골짜기",
      "action": "놀러 왔어요,밀면서,구경시켜 주었어요,밀어 버렸지요",
      "feeling": "미웠어요",
      "causalRelationship": null,
      "outcomeResolution": null,
      "prediction": "그래서 클라라의 휠체어를 골짜기 밑으로 밀어 버렸지요.",
      "plotSummaryInfoCount": 1,
      "plotSummaryInfo": {
        "classification": "의사소통",
        "readAge": "초등_저학년",
        "form": "long-form",
        "plotSummaryText": "며칠 뒤 클라라와 제제만 씨가 알프스에 놀러 왔고, 하이디가 클라라에게 여기저기 구경시켜 주자 피터는 왠지 하이디를 뺏긴 것만 같아 클라라가 미워서 클라라의 휠체어를 골짜기 밑으로 밀어버렸습니다.",
        "textWordEA": 26
      }
    },
    {
      "srcTextID": "132829",
      "srcText": "그런데 신기한 일이 일어났어요. 클라라가 하이디의 손을 잡고 다리에 힘을 주자 일어설 수 있게 된 거예요! \"내가 일어설 수 있게 된 건 피터 덕분이기도 해.\" 클라라의 말에 제제만 씨는 클라라, 하이디 그리고 피터를 안으며 큰 소리로 웃었답니다.",
      "srcPage": 17,
      "srcSentenceEA": 4,
      "srcWordEA": 39,
      "character": "클라라,하이디,피터,제제만",
      "setting": null,
      "action": "손을 잡고,일어설 수 있게 된,안으며,웃었답니다",
      "feeling": "신기한",
      "causalRelationship": null,
      "outcomeResolution": null,
      "prediction": null,
      "plotSummaryInfoCount": 1,
      "plotSummaryInfo": {
        "classification": "의사소통",
        "readAge": "초등_저학년",
        "form": "long-form",
        "plotSummaryText": "신기하게도 클라라가 하이디의 손을 잡고서 다리에 힘을 주며 일어섰고, 클라라가 자신이 일어난 것은 피터 덕분이라고 말하니 제제만 씨는 클라라와 하이디와 피터를 안고 크게 웃었습니다.",
        "textWordEA": 24
      }
    },
    {
      "srcTextID": "132796",
      "srcText": "다음 날 아침. 피터라는 소년이 찾아왔어요. 할아버지의 염소를 돌봐 주는 아이인데, 금세 하이디와 친구가 되었지요.",
      "srcPage": 3,
      "srcSentenceEA": 3,
      "srcWordEA": 17,
      "character": "피터,소년,할아버지,염소,아이,하이디,친구",
      "setting": "다음 날,아침",
      "action": "찾아왔어요,돌봐 주는",
      "feeling": null,
      "causalRelationship": null,
      "outcomeResolution": null,
      "prediction": null,
      "plotSummaryInfoCount": 1,
      "plotSummaryInfo": {
        "classification": "의사소통",
        "readAge": "초등_저학년",
        "form": "short-form",
        "plotSummaryText": "다음날 할아버지의 염소를 돌봐 주는 소년 피터가 찾아왔고, 하이디와 금세 친구가 되었습니다.",
        "textWordEA": 12
      }
    },
    {
      "srcTextID": "132804",
      "srcText": "\"사랑스러운 아이야.\" 하이디는 하루하루가 무척 행복했어요. 매일 피터와 함께 뛰놀고, 피터의 할머니께는 맛있는 빵을 가져다 드렸지요.",
      "srcPage": 5,
      "srcSentenceEA": 3,
      "srcWordEA": 18,
      "character": "아이,하이디,피터,할머니",
      "setting": null,
      "action": "뛰놀고,가져다 드렸지요",
      "feeling": "사랑스러운,행복했어요",
      "causalRelationship": null,
      "outcomeResolution": null,
      "prediction": null,
      "plotSummaryInfoCount": 1,
      "plotSummaryInfo": {
        "classification": "의사소통",
        "readAge": "초등_저학년",
        "form": "short-form",
        "plotSummaryText": "하이디는 하루하루가 무척 행복해서 매일 피터와 함께 뛰놀고, 피터의 할머니께는 맛있는 빵을 가져다 드렸습니다.",
        "textWordEA": 14
      }
    },
    {
      "srcTextID": "132807",
      "srcText": "하지만 할아버지는 절레절레 고개를 흔들며 손사래를 치셨어요. 그러자 데테 이모가 찾아와 하이디를 데리고 도시로 가 버렸지요. \"학교에 다니지 않으면 바보가 되는 거예요!\"",
      "srcPage": 7,
      "srcSentenceEA": 3,
      "srcWordEA": 23,
      "character": "할아버지,데테,이모,하이디,바보",
      "setting": "도시,학교",
      "action": "고개를 흔들며,손사래를 치셨어요,찾아와,가 버렸지요",
      "feeling": null,
      "causalRelationship": null,
      "outcomeResolution": null,
      "prediction": null,
      "plotSummaryInfoCount": 1,
      "plotSummaryInfo": {
        "classification": "의사소통",
        "readAge": "초등_저학년",
        "form": "short-form",
        "plotSummaryText": "할아버지가 절레절레 고개를 흔들며 손사래를 치시자, 데테 이모가 찾아와 하이디를 데리고 도시로 가 버렸습니다.",
        "textWordEA": 14
      }
    },
    {
      "srcTextID": "132805",
      "srcText": "오후가 되자, 하이디는 피터의 집에 놀러 갔어요. 피터의 할머니는 앞도 못 보시고, 편찮으셨지만 하이디의 손을 잡으며 예뻐해 주셨어요. \"작고 예쁜 손이구나.\"",
      "srcPage": 4,
      "srcSentenceEA": 3,
      "srcWordEA": 22,
      "character": "하이디,피터,할머니",
      "setting": "오후,집",
      "action": "놀러 갔어요,보시고,손을 잡으며",
      "feeling": "예쁜",
      "causalRelationship": null,
      "outcomeResolution": null,
      "prediction": null,
      "plotSummaryInfoCount": 1,
      "plotSummaryInfo": {
        "classification": "의사소통",
        "readAge": "초등_저학년",
        "form": "short-form",
        "plotSummaryText": "하이디는 오후에 피터의 집에 놀러 갔고, 그의 할머니는 앞을 못 보시지만 하이디의 손을 잡으며 예뻐해 주셨습니다.",
        "textWordEA": 16
      }
    },
    {
      "srcTextID": "132814",
      "srcText": "그러던 어느 날, 클라라의 할머니가 오셨어요. \"어휴, 귀엽게 생겼네.\" 다행히 할머니는 하이디를 무척 아껴 주셨고, 글도 가르쳐 주셨지요. 덕분에 하이디는 어려운 책도 읽을 수 있게 되었어요.",
      "srcPage": 9,
      "srcSentenceEA": 4,
      "srcWordEA": 28,
      "character": "클라라,할머니,하이디",
      "setting": "어느 날",
      "action": "오셨어요,가르쳐 주셨지요,읽을 수 있게",
      "feeling": "귀엽게",
      "causalRelationship": "다행히 할머니는 하이디를 무척 아껴 주셨고,글도 가르쳐 주셨지요. 덕분에 하이디는 어려운 책도 읽을 수 있게 되었어요.",
      "outcomeResolution": null,
      "prediction": null,
      "plotSummaryInfoCount": 1,
      "plotSummaryInfo": {
        "classification": "의사소통",
        "readAge": "초등_저학년",
        "form": "long-form",
        "plotSummaryText": "클라라의 할머니가 오셔서 하이디를 아껴주시고 글을 가르쳐주신 덕분에, 그는 어려운 책도 읽을 수 있게 되었습니다.",
        "textWordEA": 15
      }
    },
    {
      "srcTextID": "132821",
      "srcText": "그러던 어느 날 밤, 제제만 씨 댁에 소란이 일어났어요. \"이걸 어째! 밤 열두 시가 되면 유령이 나타나요. 어젯밤에 분명히 현관문을 잠갔는데 열려 있지 뭐예요!\"",
      "srcPage": 12,
      "srcSentenceEA": 4,
      "srcWordEA": 26,
      "character": "제제만,유령",
      "setting": "어느 날,밤,어젯밤",
      "action": "나타나요,잠갔는데",
      "feeling": null,
      "causalRelationship": null,
      "outcomeResolution": null,
      "prediction": null,
      "plotSummaryInfoCount": 1,
      "plotSummaryInfo": {
        "classification": "의사소통",
        "readAge": "초등_저학년",
        "form": "long-form",
        "plotSummaryText": "어느 날 밤 열두 시 제제만 씨 집에 전날 잠갔는데 현관문이 열려있다며, 밤 열두 시에 유령이 나타난다고 소란이 일어났습니다.",
        "textWordEA": 19
      }
    }
  ]
}