{
  "title": "숙제 안 하고 놀면 안 돼?",
  "author": "이현주",
  "illustrator": "윤만기",
  "isbn": "9788960987258",
  "publishedYear": 2019,
  "publisher": "씨앤톡",
  "paragraphInfoCount": 19,
  "paragraphInfo": [
    {
      "srcTextID": "150552",
      "srcText": "모아는 텔레비전에 나온 좋아하는 아이돌 언니들을 집중 해서 보느라 입이 벌어진 지도 몰랐어요. “텔레비전으로 들어가겠다!” 엄마는 텔레비전 앞에 바짝 붙어 있는 모아에게 뒤로 가라 고 손짓하며 말했어요.",
      "srcPage": 1,
      "srcSentenceEA": 3,
      "srcWordEA": 28,
      "character": "모아,아이돌 언니들,엄마",
      "setting": "텔레비전 앞",
      "action": "보느라,들어가겠다,붙어 있는,말했어요,손짓하며",
      "feeling": "좋아하는",
      "causalRelationship": null,
      "outcomeResolution": null,
      "prediction": null,
      "plotSummaryInfoCount": 1,
      "plotSummaryInfo": {
        "classification": "의사소통",
        "readAge": "초등_저학년",
        "form": "short-form",
        "plotSummaryText": "모아가 텔레비전에 앞에서 입을 벌리고 좋아하는 아이돌 언니들을 입을 보고 있으니, 엄마는 모아에게 뒤로 가라고 손짓하며 말했습니다.",
        "textWordEA": 17
      }
    },
    {
      "srcTextID": "150556",
      "srcText": "하지만 그런 일이 쉽게 일어날 리 없죠. 여느 때처럼 똑같 은 아침이 밝았어요. “모아야!” 엄마의 목소리에 모아는 눈을 번쩍 떴어요. 깜깜한 밤이었던 창밖에서는 햇빛이 쏟아지고 있었어요. 뭘 써야 할지 도무지 생각이 나지 않아 조금 쉬었다가 다 시 할 생각이었어요.",
      "srcPage": 5,
      "srcSentenceEA": 5,
      "srcWordEA": 43,
      "character": "모아,엄마",
      "setting": "아침,창밖",
      "action": "번쩍 떴어요,쉬었다가,다시 할,써야",
      "feeling": null,
      "causalRelationship": null,
      "outcomeResolution": null,
      "prediction": null,
      "plotSummaryInfoCount": 1,
      "plotSummaryInfo": {
        "classification": "의사소통",
        "readAge": "초등_저학년",
        "form": "long-form",
        "plotSummaryText": "엄마의 부르는 소리에 모아는 눈을 번쩍 뜨자 창밖에는 햇빛이 쏟아지는 아침이었고, 뭘 쓸지 생각이 나지 않아 쉬었다가 다시 할 생각이었습니다.",
        "textWordEA": 20
      }
    },
    {
      "srcTextID": "150554",
      "srcText": "학교에서 배우고 학원에서도 공부하는데 숙제는 왜 해야 하는 걸까요? 도저히 이해가 가지 않았어요. 어차피 대충 해 가는 거라 아무런 도움도 되지 않고 귀찮기만 한데 말이죠. 모아는 투덜거리며 책상 앞에 앉았어요.",
      "srcPage": 3,
      "srcSentenceEA": 4,
      "srcWordEA": 33,
      "character": "모아,책상,숙제",
      "setting": "학교,학원",
      "action": "공부하는데,배우고,앉았어요",
      "feeling": "귀찮기만",
      "causalRelationship": null,
      "outcomeResolution": null,
      "prediction": null,
      "plotSummaryInfoCount": 1,
      "plotSummaryInfo": {
        "classification": "의사소통",
        "readAge": "초등_저학년",
        "form": "long-form",
        "plotSummaryText": "모아는 학교에서 배우고 학원에서도 공부하는데 숙제는 왜 해야 하는지 이해가 가지 않았어요. 어차피 대충 해 가는 거라 아무런 도움도 되지 않고 귀찮기만 한데 말이죠. 모아는 투덜거리며 책상 앞에 앉았습니다.",
        "textWordEA": 29
      }
    },
    {
      "srcTextID": "150561",
      "srcText": "별로 친하지 않다고 생각한 게 미안한 순간이었죠. “오늘부터 네 숙제는 내가 대신 해 줄게.” 한누리는 손으로 자기 가슴을 툭툭 치며 의기양양한 표정 을 지었어요. 갑자기 한누리 뒤로 환한 빛이 번지는 것 같았 어요. “정말? 내 숙제까지 해 줘도 돼?”",
      "srcPage": 10,
      "srcSentenceEA": 5,
      "srcWordEA": 42,
      "character": "한누리",
      "setting": "오늘부터",
      "action": "해 줄게,치며,해 줘도,표정을 지었어요",
      "feeling": "미안한",
      "causalRelationship": null,
      "outcomeResolution": null,
      "prediction": null,
      "plotSummaryInfoCount": 1,
      "plotSummaryInfo": {
        "classification": "의사소통",
        "readAge": "초등_저학년",
        "form": "long-form",
        "plotSummaryText": "별로 친하지 않다고 생각한 게 미안한 순간이었죠. 오늘부터 네 숙제는 내가 대신 해 줄게 라고 말하는 한누리 뒤로 갑자기 환한 빛이 번지는 것 같았습니다.",
        "textWordEA": 24
      }
    },
    {
      "srcTextID": "150562",
      "srcText": "다시 한번 어깨를 으쓱하는 한누리의 등 뒤에서 커다란 빛 과 함께 하얀 날개가 돋아나는 것 같았어요. 그 순간은 정말 한누리가 하늘에서 내려온 천사처럼 느껴졌어요. 집에 돌아온 모아는 가방을 방에 던져 놓고 신나게 거실로 뛰어나왔어요.",
      "srcPage": 11,
      "srcSentenceEA": 3,
      "srcWordEA": 36,
      "character": "한누리,날개,천사,가방",
      "setting": "집,방,거실",
      "action": "으쓱하는,던져 놓고,뛰어나왔어요,돌아온",
      "feeling": "신나게",
      "causalRelationship": null,
      "outcomeResolution": null,
      "prediction": null,
      "plotSummaryInfoCount": 1,
      "plotSummaryInfo": {
        "classification": "의사소통",
        "readAge": "초등_저학년",
        "form": "short-form",
        "plotSummaryText": "어깨를 으쓱하는 한누리의 등 뒤에서 커다란 빛과 함께 하얀 날개가 돋아나는 것 같았고, 하늘에서 내려온 천사처럼 느껴져 집에 돌아온 모아는 가방을 방에 던져 놓고 신나게 거실로 뛰어나왔습니다.",
        "textWordEA": 27
      }
    },
    {
      "srcTextID": "150563",
      "srcText": "광고를 보며 과일 모양의 젤리를 하 나 입에 넣으면서도 모아의 눈은 텔레 비전에서 떨어지지 않았어요. 다른 때 같으면 숙제해야 한다는 생 각에 시계와 텔레비전을 번갈아 보며 불안해했을 거예요. ‘학교 다녀오면 숙제부터 하고 놀아.’라는 엄마의 말을 어 길 때면 마음이 늘 조마조마했거든요.",
      "srcPage": 12,
      "srcSentenceEA": 4,
      "srcWordEA": 44,
      "character": "젤리,과일,모아,텔레비전,시계,엄마",
      "setting": "학교",
      "action": "보며,넣으면서도,놀아,다녀오면",
      "feeling": "조마조마했거든요",
      "causalRelationship": null,
      "outcomeResolution": null,
      "prediction": null,
      "plotSummaryInfoCount": 1,
      "plotSummaryInfo": {
        "classification": "의사소통",
        "readAge": "초등_저학년",
        "form": "long-form",
        "plotSummaryText": "다른 때 같으면 숙제부터 하라는 엄마의 말을 어겨 불안해했을 텐데, 모아는 과일 모양의 젤리를 먹으면서도 눈은 텔레 비전에서 떨어지지 않았습니다. ‘학교 다녀오면 숙제부터 하고 놀아.’라는 엄마의 말을 어 길 때면 마음이 늘 조마조마했거든요.",
        "textWordEA": 33
      }
    },
    {
      "srcTextID": "150564",
      "srcText": "아까는 엄마에게 거짓말하는 게 마음에 걸렸는데, 시간이 조금 지나니 아무렇지도 않아졌어요. 사실 거짓말이라고 할 것도 없어요. 모아가 한 게 아니어서 그렇지, 엄마가 퇴근하기 전에 숙제를 다 한 건 맞으니까요. 모아는 조금 전에 한누리에게서 온 톡을 다시 확인했어요. 숙제 완료!",
      "srcPage": 13,
      "srcSentenceEA": 5,
      "srcWordEA": 43,
      "character": "엄마,모아,한누리",
      "setting": "퇴근하기 전,조금 전",
      "action": "거짓말하는,확인했어요,다 한",
      "feeling": null,
      "causalRelationship": null,
      "outcomeResolution": null,
      "prediction": null,
      "plotSummaryInfoCount": 1,
      "plotSummaryInfo": {
        "classification": "의사소통",
        "readAge": "초등_저학년",
        "form": "long-form",
        "plotSummaryText": "모아는 조금 전에 한누리에게서 숙제 완료라는 톡을 받았고, 직접 한 게 아니지만 엄마가 퇴근하기 전 숙제를 다한 것은 맞으니 거짓말도 아무렇지 않게 느껴졌습니다.",
        "textWordEA": 23
      }
    },
    {
      "srcTextID": "150567",
      "srcText": "모아는 머리를 열심히 굴렸어요. 아빠에 대해 얘기를 하면 되는 거잖아요. 그런데 왜일까요? 머릿속이 깜깜해지며 아무것도 생각이 나지 않았어요. 고민하던 모아는 할 수 없이 공책을 덮었어요. “선생님…… 저 숙제를 안 했어요.”",
      "srcPage": 16,
      "srcSentenceEA": 6,
      "srcWordEA": 34,
      "character": "모아,아빠,공책,선생님",
      "setting": null,
      "action": "굴렸어요,얘기를 하면,덮었어요,안 했어요",
      "feeling": null,
      "causalRelationship": null,
      "outcomeResolution": null,
      "prediction": null,
      "plotSummaryInfoCount": 1,
      "plotSummaryInfo": {
        "classification": "의사소통",
        "readAge": "초등_저학년",
        "form": "long-form",
        "plotSummaryText": "모아는 아빠에 대해 얘기를 하면 되는데 아무것도 생각이 나지 않아 공책을 덮고 선생님께 숙제를 안 했다고 말했습니다.",
        "textWordEA": 17
      }
    },
    {
      "srcTextID": "150566",
      "srcText": "모아보다 일찍 등교하는 한누리는 늘 모아의 책상 서랍에 모아의 숙제를 넣어 두었어요. 처음에는 한누리가 대신 해 준 숙제를 확인하고, 고마워서 한누리에게 젤리, 초콜릿, 사탕 등을 나눠 주곤 했어요. 하지만 어느 순간, 고마운 마음도 사라지고 한누리가 모아 의 숙제를 대신 하는 게 당연한 일처럼 받아들여졌어요.",
      "srcPage": 15,
      "srcSentenceEA": 3,
      "srcWordEA": 46,
      "character": "모아,한누리,젤리,초콜릿,사탕,책상 서랍",
      "setting": null,
      "action": "넣어 두었어요,나눠 주곤 했어요,대신 하는",
      "feeling": "고마워서",
      "causalRelationship": null,
      "outcomeResolution": null,
      "prediction": null,
      "plotSummaryInfoCount": 1,
      "plotSummaryInfo": {
        "classification": "의사소통",
        "readAge": "초등_저학년",
        "form": "short-form",
        "plotSummaryText": "한누리는 모아의 책상 서랍에 모아의 숙제를 넣어 두었고, 처음에는 고마워 한누리에게 젤리, 초콜릿, 사탕 등을 나눠 주었지만 어느 순간 고마운 마음도 사라지고 당연한 일처럼 받아들여졌습니다.",
        "textWordEA": 25
      }
    },
    {
      "srcTextID": "150570",
      "srcText": "지금은 한가하게 복수를 다짐할 때가 아니었어요. 단원 평가가 기다리고 있거든요. 모아는 수학은 자신 있으니까 꼭 100점을 맞아서 0점 받 은 창피함을 씻어 버려야겠다고 다짐했어요. 하지만 사람 일이라는 게 마음먹은 대로 다 되는 게 아니잖아요?",
      "srcPage": 19,
      "srcSentenceEA": 4,
      "srcWordEA": 37,
      "character": "모아,사람",
      "setting": null,
      "action": "다짐할,다짐했어요,마음먹은",
      "feeling": "창피함,자신 있으니까",
      "causalRelationship": null,
      "outcomeResolution": null,
      "prediction": null,
      "plotSummaryInfoCount": 1,
      "plotSummaryInfo": {
        "classification": "의사소통",
        "readAge": "초등_저학년",
        "form": "long-form",
        "plotSummaryText": "모아는 단원 평가에서 수학은 꼭 100점을 맞아서 0점 받은 창피함을 씻어 버려야겠다고 다짐했지만 마음먹은 대로 다 되는 게 아니었습니다.",
        "textWordEA": 19
      }
    },
    {
      "srcTextID": "150553",
      "srcText": "엄마의 말처럼 정말 텔레비전으로 들어갈 수 있다면 얼마 나 좋을까요? 그럼 내가 좋아하는 아이돌 언니들과 같이 춤 도 추고 노래도 부르고 게임도 할 수 있을 테니까요. 그 장면이 생각이라도 난 듯 모아의 입이 다시 헤 벌어졌어요.",
      "srcPage": 2,
      "srcSentenceEA": 3,
      "srcWordEA": 38,
      "character": "엄마,아이돌 언니들,텔레비젼",
      "setting": null,
      "action": "춤도 추고,부르고,게임도 할,들어갈,벌어졌어요",
      "feeling": "좋아하는",
      "causalRelationship": null,
      "outcomeResolution": null,
      "prediction": null,
      "plotSummaryInfoCount": 1,
      "plotSummaryInfo": {
        "classification": "의사소통",
        "readAge": "초등_저학년",
        "form": "short-form",
        "plotSummaryText": "모아는 엄마의 말처럼 텔레비전으로 들어갈 수 있다면 아이돌 언니들과 같이 춤도 추고 노래도 부르고 게임도 할 수 있을 테니 얼마나 좋을까 생각했습니다.",
        "textWordEA": 22
      }
    },
    {
      "srcTextID": "150555",
      "srcText": "‘공부와 숙제는 누가 해 줄 수 없어. 스스로 하는 거야.’ 이렇게 말하면서 말이에요. 눈싸움이라도 하듯 다시 일기장을 노려보던 모아는 무언 가 생각난 듯 연필을 쥐고 날씨를 적는 칸에 해를 그려 넣었어 요. 하지만 금세 고장 난 것처럼 또 그대로 멈추고 말았어요.",
      "srcPage": 4,
      "srcSentenceEA": 5,
      "srcWordEA": 45,
      "character": "일기장,모아,연필",
      "setting": null,
      "action": "하는,말하면서,노려보던,쥐고,적는,그려 넣었어요,멈추고",
      "feeling": null,
      "causalRelationship": null,
      "outcomeResolution": null,
      "prediction": null,
      "plotSummaryInfoCount": 1,
      "plotSummaryInfo": {
        "classification": "의사소통",
        "readAge": "초등_저학년",
        "form": "long-form",
        "plotSummaryText": "모아는 일기장을 노려보다가 무언가 생각난 듯 연필로 날씨를 적는 칸에 해를 그려 넣고는 그대로 멈추고 말았습니다.",
        "textWordEA": 16
      }
    },
    {
      "srcTextID": "150558",
      "srcText": "참 이상한 일이에요. 단지 학교 가기 싫어서 꾀병을 부렸던 건데, 정말 배가 아프기 시작했어요. “일기 숙제 모두 해 왔죠?” 선생님의 목소리가 신호탄이 되어 머릿속에서 펑! 폭죽이 터지는 것 같더니 배가 찌르르 아파 왔어요.",
      "srcPage": 7,
      "srcSentenceEA": 5,
      "srcWordEA": 36,
      "character": "선생님,폭죽",
      "setting": "학교",
      "action": "꾀병을 부렸던,해 왔죠,가기",
      "feeling": "아파 왔어요,아프기",
      "causalRelationship": null,
      "outcomeResolution": null,
      "prediction": null,
      "plotSummaryInfoCount": 1,
      "plotSummaryInfo": {
        "classification": "의사소통",
        "readAge": "초등_저학년",
        "form": "long-form",
        "plotSummaryText": "학교 가기 싫어서 꾀병을 부렸는데, 선생님의 일기 숙제 해 왔냐는 소리에 정말 배가 찌르르 아파 왔습니다.",
        "textWordEA": 16
      }
    },
    {
      "srcTextID": "150560",
      "srcText": "자꾸 시키는 건지 이해도 안 되고.” 세상에! 내 모습뿐 아니라, 생각까지 모두에게 들리는 건 가요? 놀라서 눈만 끔뻑이는 모아를 보며 한누리는 씩 웃었어요. “나도 예전에는 그랬거든.” 한누리는 성실하고 꼼꼼하게 숙제를 잘한다고 선생님께 칭 찬도 자주 받았어요. 항상 숙제 먼저 해 놓고 놀아서 한누리 부모님은 한번도 한누리에게 숙제 다 했느냐고 묻지 않는다며 엄마, 아빠는 은근히 부러워하셨죠.",
      "srcPage": 9,
      "srcSentenceEA": 7,
      "srcWordEA": 60,
      "character": "모아,나,선생님,부모님,아빠,엄마",
      "setting": null,
      "action": "눈만 끔뻑이는,웃었어요,해 놓고,놀아서,부러워하셨죠",
      "feeling": "놀라서",
      "causalRelationship": null,
      "outcomeResolution": null,
      "prediction": null,
      "plotSummaryInfoCount": 1,
      "plotSummaryInfo": {
        "classification": "의사소통",
        "readAge": "초등_저학년",
        "form": "long-form",
        "plotSummaryText": "놀라서 눈만 끔뻑이는 모아를 보며 한누리가 나도 예전에는 그랬다고 말했는데, 지금의 한누리는 성실하고 꼼꼼하게 숙제를 잘하여 선생님께 칭찬도 받고 한누리 부모님도 숙제 다 했느냐고 묻지 않는 정도여서 엄마 아빠가 부러워합니다.",
        "textWordEA": 30
      }
    },
    {
      "srcTextID": "150565",
      "srcText": "뿌듯해 보이는 이모티콘이 브이를 그리 고 있었어요. 모아는 숙제 없는 자유를 누리게 해 준 한누리에게 진심을 담아 “Thank you.”라 는 글자와 함께 신나 하고 있는 펭귄 이모 티콘을 보냈어요. 다음 날도 그다음 날도 또 그다음 날도 한누리는 모아의 숙제를 계속 대신 해 주었어요.",
      "srcPage": 14,
      "srcSentenceEA": 5,
      "srcWordEA": 46,
      "character": "이모티콘,모아,펭귄,한누리",
      "setting": "다음 날",
      "action": "그리고,보냈어요,해 주었어요",
      "feeling": "뿌듯해",
      "causalRelationship": null,
      "outcomeResolution": null,
      "prediction": null,
      "plotSummaryInfoCount": 1,
      "plotSummaryInfo": {
        "classification": "의사소통",
        "readAge": "초등_저학년",
        "form": "long-form",
        "plotSummaryText": "뿌듯해 보이는 이모티콘이 브이를 그리고 있었어요. 모아는 한누리에게 Thank you와  함께 펭귄 이모티콘을 보냈고, 다음 날도 그 다음 날도 계속 한누리는 모아의 숙제를 대신 해 주었습니다.",
        "textWordEA": 27
      }
    },
    {
      "srcTextID": "150568",
      "srcText": "선생님은 손을 든 친구 중 한 명에게 발표를 시켰죠. 친구들의 발표가 이어지고 엉뚱한 내용에 친구들의 웃음 소리가 들려왔지만, 모아는 고개를 숙인 채 숙제 공책만 빤 히 보고 있었어요. 쉬는 시간이 되자마자 모아는 한누리를 찾았어요. 그런데 어찌 된 일인지 한누리는 쉬는 시간마다 자리를 비웠어요.",
      "srcPage": 17,
      "srcSentenceEA": 4,
      "srcWordEA": 46,
      "character": "선생님,친구,모아,한누리,공책",
      "setting": "쉬는 시간",
      "action": "시켰죠,손을 든,고개를 숙인,보고 있었어요,찾았어요,자리를 비웠어요",
      "feeling": null,
      "causalRelationship": null,
      "outcomeResolution": null,
      "prediction": null,
      "plotSummaryInfoCount": 1,
      "plotSummaryInfo": {
        "classification": "의사소통",
        "readAge": "초등_저학년",
        "form": "long-form",
        "plotSummaryText": "선생님은 손을 든 친구 중 한 명에게 발표를 시켰죠. 친구들의 발표가 이어졌지만 모아는 숙제 공책만 빤히 보았고, 쉬는 시간에 한누리를 찾았지만 자리가 비어 있었습니다.",
        "textWordEA": 24
      }
    },
    {
      "srcTextID": "150569",
      "srcText": "반면 한누리는 선생님께 칭찬을 받고 있었어요. “이번에도 100점이네. 어려웠을 텐데 잘했어.” 선생님의 칭찬에 헤헤 웃는 한누리가 얄미웠어요. 오늘은 한누리의 머리에 못된 뿔이 보이는 것 같았어요. ‘두고 보자, 박한누리.’ 모아는 한누리를 노려보며 이를 바득 갈았어요.",
      "srcPage": 18,
      "srcSentenceEA": 7,
      "srcWordEA": 39,
      "character": "한누리,선생님,뿔,모아",
      "setting": "오늘은",
      "action": "웃는,노려보며,이를 바득 갈았어요",
      "feeling": "얄미웠어요",
      "causalRelationship": null,
      "outcomeResolution": null,
      "prediction": null,
      "plotSummaryInfoCount": 1,
      "plotSummaryInfo": {
        "classification": "의사소통",
        "readAge": "초등_저학년",
        "form": "long-form",
        "plotSummaryText": "한누리는 100점을 맞아 선생님께 칭찬을 받고 웃는데, 그 모습이 얄미워 오늘은 한누리의 머리에 못된 뿔이 보이는 것 같이 보였고, 모아는 한누리를 노려보며 이를 바득 갈았습니다.",
        "textWordEA": 25
      }
    },
    {
      "srcTextID": "150571",
      "srcText": "한누리는 수업이 끝나자마자 쏜살같이 사라졌어요. 이로 써 모아는 한누리가 자신을 피하고 있다는 걸 확신했죠. 사실 한누리가 대신 해 준 숙제가 이상한 게 처음은 아니 었어요. 지난번에는 가 본 적도 없는 선사유적지 체험학습 얘기를 쓰는 바람에, 선생님께서 이것저것 물어봐서 얼마나 진땀을 뺐는지 몰라요. 그림 숙제도 그래요.",
      "srcPage": 20,
      "srcSentenceEA": 5,
      "srcWordEA": 49,
      "character": "한누리,모아,선생님",
      "setting": "수업이 끝나자마자",
      "action": "사라졌어요,피하고,해 준,쓰는,물어봐서",
      "feeling": null,
      "causalRelationship": null,
      "outcomeResolution": null,
      "prediction": null,
      "plotSummaryInfoCount": 1,
      "plotSummaryInfo": {
        "classification": "의사소통",
        "readAge": "초등_저학년",
        "form": "long-form",
        "plotSummaryText": "한누리가 대신 해 준 선사유적지 체험학습 때문에 선생님의 질문에 진땀을 빼고 그림 숙제도 좀 이상했는데, 수업이 끝나자 사라지는 한누리를 보며 모아는 자신을 피한다는 것을 확신했습니다.",
        "textWordEA": 25
      }
    },
    {
      "srcTextID": "150559",
      "srcText": "다정하게 미소 짓고 있는 선생님의 눈을 보니 다시 가슴이 콩닥콩닥, 배가 찌르르 울렸어요. 모아는 고개를 숙이고 눈을 꼭 감았어요. 그리고 결심한 듯 떨리는 손도 꽉 쥐었죠. “일기장을 집에 놓고 왔어요!” 교실을 울리는 커다란 목소리에 친구들도 모두 모아를 바 라봤어요. 조심스럽게 눈을 뜬 모아는 자신을 빤히 쳐다보고 있는 친 구들의 시선에 놀라 눈을 깜빡였어요.",
      "srcPage": 8,
      "srcSentenceEA": 6,
      "srcWordEA": 57,
      "character": "선생님,일기장,친구들",
      "setting": "집,교실",
      "action": "미소 짓고,보니,고개를 숙이고,감았어요,쥐었죠,놓고 왔어요,바라봤어요,쳐다보고",
      "feeling": "놀라",
      "causalRelationship": null,
      "outcomeResolution": null,
      "prediction": null,
      "plotSummaryInfoCount": 1,
      "plotSummaryInfo": {
        "classification": "의사소통",
        "readAge": "초등_저학년",
        "form": "long-form",
        "plotSummaryText": "선생님의 눈을 보니 배가 아파왔고, 모아는 일기장을 집에 놓고 왔다고 교실을 울리는 큰 목소리로 말하자 친구들도 모두 모아를 바라보았습니다. 조심스럽게 눈을 뜬 모아는 자신을 빤히 쳐다보고 있는 친구들의 시선에 놀라 눈을 깜빡였어요.",
        "textWordEA": 32
      }
    }
  ]
}