{
  "title": "교과서 명작 이야기 1",
  "author": "김지연,지혜",
  "illustrator": "이주연",
  "isbn": "9791128211041",
  "publishedYear": 2018,
  "publisher": "아람북스",
  "paragraphInfoCount": 67,
  "paragraphInfo": [
    {
      "srcTextID": "25560",
      "srcText": "바람과 해님이 누가 더 센지 다투었어요. 결국 지나가던 나그네의 외투를 먼저 벗기는 쪽이 이기는 것으로 정하고 시합하게 되었어요. 먼저 바람이 입김을 불기 시작했어요. 바람은 있는 힘을 모두 모아서 나그네를 향해 무시무시한 입김을 불었어요.",
      "srcPage": 1,
      "srcSentenceEA": 4,
      "srcWordEA": 36,
      "character": "바람,해님,나그네",
      "setting": null,
      "action": "지나가던,벗기는,정하고,하게 되었어요,불기 시작했어요,불었어요",
      "feeling": null,
      "causalRelationship": null,
      "outcomeResolution": null,
      "prediction": "바람은 있는 힘을 모두 모아서 나그네를 향해 무시무시한 입김을 불었어요.",
      "plotSummaryInfoCount": 1,
      "plotSummaryInfo": {
        "classification": "의사소통",
        "readAge": "초등_저학년",
        "form": "long-form",
        "plotSummaryText": "바람과 해님이 누가 먼저 나그네의 외투를 벗기는지 시합하기로 해서, 먼저 바람이 나그네를 향해 무시무시한 입김을 불었다.",
        "textWordEA": 16
      }
    },
    {
      "srcTextID": "26412",
      "srcText": "“쩝쩝, 이 나무의 잎이 가장 맛있단 말이야. 원숭이 네가 다른 나무에 가서 자면 되잖아.” 기린과 원숭이는 티격태격 말다툼을 벌였어요.",
      "srcPage": 4,
      "srcSentenceEA": 3,
      "srcWordEA": 21,
      "character": "원숭이,기린",
      "setting": null,
      "action": "자면,가서,벌였어요",
      "feeling": null,
      "causalRelationship": null,
      "outcomeResolution": null,
      "prediction": null,
      "plotSummaryInfoCount": 1,
      "plotSummaryInfo": {
        "classification": "의사소통",
        "readAge": "초등_저학년",
        "form": "short-form",
        "plotSummaryText": "기린과 원숭이는 서로 다른 나무에 가라고 말다툼을 벌였다.",
        "textWordEA": 8
      }
    },
    {
      "srcTextID": "25561",
      "srcText": "하지만 바람이 입김을 세게 불면 불수록 나그네는 옷깃을 더욱 단단히 여미었어요. 그때 해님이 앞으로 나서며 따뜻한 햇볕을 내리쬐기 시작했어요. 나그네는 웅크렸던 몸을 펴더니 외투의 단추를 하나씩 풀었어요. 해님이 좀 더 힘을 내어 강한 햇볕을 비추자 마침내 나그네는 외투를 훌훌 벗고 말았지요.",
      "srcPage": 2,
      "srcSentenceEA": 4,
      "srcWordEA": 44,
      "character": "바람,나그네,해님",
      "setting": "그때",
      "action": "불면 불수록,여미었어요,나서며,시작했어요,펴더니,풀었어요,벗고 말았지요",
      "feeling": null,
      "causalRelationship": "해님이 좀 더 힘을 내어 강한 햇볕을 비추자 마침내 나그네는 외투를 훌훌 벗고 말았지요.",
      "outcomeResolution": null,
      "prediction": null,
      "plotSummaryInfoCount": 1,
      "plotSummaryInfo": {
        "classification": "의사소통",
        "readAge": "초등_저학년",
        "form": "long-form",
        "plotSummaryText": "바람이 입김을 세게 불수록 나그네는 옷깃을 여미었고, 해님이 따뜻한 햇볕을 내리쬐자 마침내 나그네는 외투를 훌훌 벗고 말았다.",
        "textWordEA": 17
      }
    },
    {
      "srcTextID": "26414",
      "srcText": "옛날 동물들이 모여 사는 초원에 지혜로운 젊은 사자가 왕으로 뽑혔어요. 어느 날 아침, 원숭이의 앙칼진 목소리가 초원에 울려 퍼졌어요. “기린아, 다른 나무의 나뭇잎을 따 먹어. 너 때문에 잠을 잘 수가 없잖아.”",
      "srcPage": 3,
      "srcSentenceEA": 4,
      "srcWordEA": 33,
      "character": "동물들,젊은 사자,원숭이,기린",
      "setting": "옛날,초원,어느 날 아침",
      "action": "모여 사는,뽑혔어요,울려 퍼졌어요,따 먹어",
      "feeling": "앙칼진",
      "causalRelationship": null,
      "outcomeResolution": null,
      "prediction": null,
      "plotSummaryInfoCount": 1,
      "plotSummaryInfo": {
        "classification": "의사소통",
        "readAge": "초등_저학년",
        "form": "long-form",
        "plotSummaryText": "초원에 지혜로운 젊은 사자가 왕으로 뽑힌 어느 날 아침, 원숭이가 기린 때문에 잠을 잘 수 없다며 다른 나무의 나뭇잎을 따 먹으라고 했다.",
        "textWordEA": 22
      }
    },
    {
      "srcTextID": "26417",
      "srcText": "\"흥, 늑대가 나타났다고? 우리가 또 속을 줄 알고?” “어리석은 거짓말쟁이 같으니라고.” 마을 사람들은 양치기 소년이 또 장난을 치는 것으로 생각해 도와주러 가지 않았어요.",
      "srcPage": 12,
      "srcSentenceEA": 4,
      "srcWordEA": 25,
      "character": "늑대,마을 사람들,양치기 소년",
      "setting": null,
      "action": "나타났다고,속을 줄 알고,도와주러,가지 않았어요,장난을 치는",
      "feeling": null,
      "causalRelationship": null,
      "outcomeResolution": null,
      "prediction": null,
      "plotSummaryInfoCount": 1,
      "plotSummaryInfo": {
        "classification": "의사소통",
        "readAge": "초등_저학년",
        "form": "long-form",
        "plotSummaryText": "마을 사람들은 양치기 소년이 또 늑대가 나타났다며 장난을 친다고 생각해 도와주러 가지 않았다.",
        "textWordEA": 13
      }
    },
    {
      "srcTextID": "26418",
      "srcText": "“엉엉, 내가 또 장난치는 줄 알고 사람들이 오지 않았어. 앞으로는 절대 거짓말하지 않을 거야.” 양치기 소년은 쓰러져 있는 양들을 보고 후회했어요.",
      "srcPage": 13,
      "srcSentenceEA": 3,
      "srcWordEA": 23,
      "character": "사람,양치기 소년,양",
      "setting": null,
      "action": "오지 않았어,거짓말하지 않을 거야,후회했어요",
      "feeling": null,
      "causalRelationship": null,
      "outcomeResolution": null,
      "prediction": null,
      "plotSummaryInfoCount": 1,
      "plotSummaryInfo": {
        "classification": "의사소통",
        "readAge": "초등_저학년",
        "form": "short-form",
        "plotSummaryText": "양치기 소년은 쓰러져 있는 양들을 보고 앞으로는 절대 거짓말하지 않을 거라며 후회했다.",
        "textWordEA": 12
      }
    },
    {
      "srcTextID": "26413",
      "srcText": "그때 사자 왕이 어슬렁어슬렁 다가왔어요. “기린은 배가 고파서 나뭇잎을 따 먹는 것이고, 원숭이는 잠자는 데 방해가 돼서 화가 난 거잖아. 그러니까 서로 조금씩 양보하면 어떨까?” 사자 왕의 말에 원숭이와 기린은 말다툼을 멈추고 화해했어요.",
      "srcPage": 5,
      "srcSentenceEA": 4,
      "srcWordEA": 35,
      "character": "사자 왕,기린,원숭이",
      "setting": "그때",
      "action": "다가왔어요,따 먹는 것,멈추고,양보하면,화해했어요",
      "feeling": "화가 난",
      "causalRelationship": null,
      "outcomeResolution": null,
      "prediction": null,
      "plotSummaryInfoCount": 1,
      "plotSummaryInfo": {
        "classification": "의사소통",
        "readAge": "초등_저학년",
        "form": "long-form",
        "plotSummaryText": "사자 왕이 서로 조금씩 양보하라고 하자 원숭이와 기린은 말다툼을 멈추고 화해했다.",
        "textWordEA": 11
      }
    },
    {
      "srcTextID": "26416",
      "srcText": "목이 마른 하얀 비둘기가 시냇가로 날아왔어요. 바로 그때 시냇물에 빠진 개미가 다리를 바동바동 내저으며 소리쳤어요. “어푸어푸, 도와주세요.” 비둘기는 나뭇잎을 따서 개미에게 떨어뜨렸어요. 개미는 꼬물꼬물 나뭇잎 위로 올라갔어요. “비둘기야, 고마워!”",
      "srcPage": 6,
      "srcSentenceEA": 6,
      "srcWordEA": 32,
      "character": "비둘기,개미",
      "setting": "시냇가",
      "action": "날아왔어요,빠진,내저으며,소리쳤어요,따서,떨어뜨렸어요,올라갔어요",
      "feeling": "고마워",
      "causalRelationship": null,
      "outcomeResolution": null,
      "prediction": null,
      "plotSummaryInfoCount": 1,
      "plotSummaryInfo": {
        "classification": "의사소통",
        "readAge": "초등_저학년",
        "form": "long-form",
        "plotSummaryText": "비둘기가 시냇물에 빠진 개미에게 나뭇잎을 따서 떨어뜨리자, 개미는 나뭇잎 위로 올라갔다.",
        "textWordEA": 11
      }
    },
    {
      "srcTextID": "26415",
      "srcText": "며칠 뒤, 나무 위에서 꼬박꼬박 졸고 있는 하얀 비둘기에게 사냥꾼이 살금살금 다가갔어요.  “앗, 비둘기가 위험해.” 개미는 재빨리 기어가 사냥꾼의 다리를 깨물었어요. “앗, 따가워!” 사냥꾼의 소리에 깜짝 놀란 비둘기는 푸드덕 날아갔어요. “개미야, 고마워.”",
      "srcPage": 7,
      "srcSentenceEA": 6,
      "srcWordEA": 34,
      "character": "비둘기,사냥꾼,개미",
      "setting": "며칠 뒤,나무 위",
      "action": "졸고 있는,다가갔어요,기어가,깨물었어요,날아갔어요",
      "feeling": "깜짝 놀란,고마워",
      "causalRelationship": null,
      "outcomeResolution": null,
      "prediction": null,
      "plotSummaryInfoCount": 1,
      "plotSummaryInfo": {
        "classification": "의사소통",
        "readAge": "초등_저학년",
        "form": "long-form",
        "plotSummaryText": "며칠 뒤, 개미가 비둘기에게 다가가는 사냥꾼의 다리를 깨물어서 비둘기가 날아갈 수 있었다.",
        "textWordEA": 12
      }
    },
    {
      "srcTextID": "26422",
      "srcText": "어느 작은 마을에는 양치기 소년이 살았어요. 양치기 소년은 하루 종일 양을 돌보는 일이 따분했어요. “아, 심심해! 뭐, 재미있는 일 없을까?” 투덜거리던 소년은 갑자기 마을을 향해 냅다 소리쳤어요. “늑대다! 늑대가 나타났어요!”",
      "srcPage": 8,
      "srcSentenceEA": 6,
      "srcWordEA": 34,
      "character": "양치기 소년,양,늑대",
      "setting": "작은 마을,하루종일",
      "action": "살았어요,소리쳤어요,나타났어요",
      "feeling": "투덜거리던,따분했어요",
      "causalRelationship": null,
      "outcomeResolution": null,
      "prediction": null,
      "plotSummaryInfoCount": 1,
      "plotSummaryInfo": {
        "classification": "의사소통",
        "readAge": "초등_저학년",
        "form": "long-form",
        "plotSummaryText": "양치기 소년은 하루 종일 양을 돌보는 일이 따분해 마을을 향해 늑대가 나타났다고 소리쳤다.",
        "textWordEA": 13
      }
    },
    {
      "srcTextID": "26421",
      "srcText": "양치기 소년은 헐레벌떡 뛰어와 늑대를 찾는 마을 사람의 모습을 보고 깔깔 웃음을 터뜨렸어요. “늑대는 없어요. 심심해서 장난을 친 거예요.” “장난을 쳤다고? 다시는 이런 거짓말을 하면 안 된다.” 마을 사람들은 소년의 잘못을 타이르고 마을로 돌아갔어요.",
      "srcPage": 9,
      "srcSentenceEA": 6,
      "srcWordEA": 37,
      "character": "양치기 소년,늑대,마을 사람",
      "setting": "마을",
      "action": "뛰어와,찾는,보고,하면 안 된다,돌아갔어요",
      "feeling": "웃음을 터뜨렸어요,심심해서",
      "causalRelationship": null,
      "outcomeResolution": null,
      "prediction": null,
      "plotSummaryInfoCount": 1,
      "plotSummaryInfo": {
        "classification": "의사소통",
        "readAge": "초등_저학년",
        "form": "long-form",
        "plotSummaryText": "양치기 소년이 심심해서 장난을 친 거라고 하자 마을 사람들은 소년의 잘못을 타이르고 마을로 돌아갔다.",
        "textWordEA": 14
      }
    },
    {
      "srcTextID": "26441",
      "srcText": "다음 날, 제페토 할아버지는 셔츠 차림으로 서 있었어요. “아빠, 외투는요?” “너를 학교에 보내려고 외투를 팔아 책을 샀단다.” “아빠, 정말 고마워요. 이제부터 아빠 말을 잘 들을게요.” “그럼 그래야지.” 제페토 할아버지는 피노키오를 안아 주었어요.",
      "srcPage": 33,
      "srcSentenceEA": 7,
      "srcWordEA": 34,
      "character": "제페토 할아버지,셔츠,학교",
      "setting": "다음 날",
      "action": "서 있었어요,보내려고,팔아,샀단다,들을게요,안아 주었어요",
      "feeling": "고마워요",
      "causalRelationship": null,
      "outcomeResolution": null,
      "prediction": null,
      "plotSummaryInfoCount": 1,
      "plotSummaryInfo": {
        "classification": "의사소통",
        "readAge": "초등_저학년",
        "form": "long-form",
        "plotSummaryText": "제페토 할아버지는 피노키오를 학교에 보내려고 외투를 팔아 책을 샀다.",
        "textWordEA": 9
      }
    },
    {
      "srcTextID": "26444",
      "srcText": "피노키오는 책을 들고 집을 나섰어요. “쿵작쿵작! 신나는 인형극을 보러 오세요!” 그 소리를 들은 피노키오는 걸음을 멈추었어요.",
      "srcPage": 34,
      "srcSentenceEA": 3,
      "srcWordEA": 18,
      "character": "피노키오,책",
      "setting": "집",
      "action": "들고,나섰어요,보러 오세요,들은,멈추었어요",
      "feeling": "신나는",
      "causalRelationship": null,
      "outcomeResolution": null,
      "prediction": null,
      "plotSummaryInfoCount": 1,
      "plotSummaryInfo": {
        "classification": "의사소통",
        "readAge": "초등_저학년",
        "form": "short-form",
        "plotSummaryText": "책을 들고 집을 나선 피노키오는 인형극을 보러 오라는 소리에 걸음을 멈추었다.",
        "textWordEA": 11
      }
    },
    {
      "srcTextID": "26439",
      "srcText": "세월이 흘러 거인은 할아버지가 되었어요. 어느 겨울날, 거인은 정원 한구석에 하얗게 꽃을 피운 나무 아래 서 있는 작은 아이를 보았어요. 거인은 한달음에 작은 아이에게 달려갔어요. “얘야, 그동안 어디 있었니?”",
      "srcPage": 29,
      "srcSentenceEA": 4,
      "srcWordEA": 31,
      "character": "할아버지,거인,꽃,나무,아이",
      "setting": "어느 겨울날,정원",
      "action": "되었어요,서 있는,보았어요,달려갔어요",
      "feeling": null,
      "causalRelationship": null,
      "outcomeResolution": null,
      "prediction": null,
      "plotSummaryInfoCount": 1,
      "plotSummaryInfo": {
        "classification": "의사소통",
        "readAge": "초등_저학년",
        "form": "long-form",
        "plotSummaryText": "할아버지가 된 어느 겨울날, 거인은 정원 한구석에 있는 작은 아이를 보고 한달음에 달려갔다.",
        "textWordEA": 13
      }
    },
    {
      "srcTextID": "26443",
      "srcText": "피노키오는 벌떡 일어나 빙그르르 돌더니 밖으로 뛰어나갔어요. “피노키오! 어딜 가니? 이리 돌아오렴!” 제페토 할아버지는 피노키오 뒤를 쫓아 달렸지만, 토끼처럼 빠른 피노키오를 잡을 수 없었어요. 제페토 할아버지는 피노키오를 찾아온 동네를 헤맸어요. 제페토 할아버지는 한참 뒤에 돌아온 피노키오를 위해 옷과 신발을 만들어 주었지요.",
      "srcPage": 32,
      "srcSentenceEA": 6,
      "srcWordEA": 46,
      "character": "피노키오,제페토 할아버지",
      "setting": null,
      "action": "일어나,만들어,뛰어나갔어요,돌아오렴,달렸지만,잡을 수 없었어요,헤맸어요",
      "feeling": null,
      "causalRelationship": null,
      "outcomeResolution": null,
      "prediction": null,
      "plotSummaryInfoCount": 1,
      "plotSummaryInfo": {
        "classification": "의사소통",
        "readAge": "초등_저학년",
        "form": "long-form",
        "plotSummaryText": "벌떡 일어나 밖으로 뛰어나가 한참 뒤에 돌아온 피노키오를 위해 제페토 할아버지는 옷과 신발을 만들어 주었다.",
        "textWordEA": 15
      }
    },
    {
      "srcTextID": "26419",
      "srcText": "며칠 뒤, 양치기 소년의 장난에 마을 사람들은 부랴부랴 언덕으로 올라왔어요. 마을 사람들은 양치기 소년의 거짓말에 버럭 화를 냈어요. 며칠 뒤, 굶주린 늑대가 어슬렁어슬렁 언덕에 나타났어요.",
      "srcPage": 10,
      "srcSentenceEA": 3,
      "srcWordEA": 27,
      "character": "양치기 소년,마을 사람들,굶주린 늑대",
      "setting": "며칠 뒤,언덕",
      "action": "올라왔어요,나타났어요",
      "feeling": "버럭 화를 냈어요",
      "causalRelationship": null,
      "outcomeResolution": null,
      "prediction": null,
      "plotSummaryInfoCount": 1,
      "plotSummaryInfo": {
        "classification": "의사소통",
        "readAge": "초등_저학년",
        "form": "short-form",
        "plotSummaryText": "양치기 소년의 거짓말에 마을 사람들이 화를 낸 며칠 뒤, 굶주린 늑대가 언덕에 나타났다.",
        "textWordEA": 13
      }
    },
    {
      "srcTextID": "26420",
      "srcText": "양치기 소년은 깜짝 놀랐어요. “으악, 늑대가 나타났어요, 진짜 늑대가 나타났어요. 제발 도와주세요.” 겁에 질린 양치기 소년은 마을을 향해 고래고래 소리를 질렀어요.",
      "srcPage": 11,
      "srcSentenceEA": 4,
      "srcWordEA": 23,
      "character": "양치기 소년,늑대",
      "setting": "마을",
      "action": "나타났어요,질렀어요",
      "feeling": "깜짝 놀랐어요,겁에 질린",
      "causalRelationship": "겁에 질린 양치기 소년은 마을을 향해 고래고래 소리를 질렀어요.",
      "outcomeResolution": null,
      "prediction": null,
      "plotSummaryInfoCount": 1,
      "plotSummaryInfo": {
        "classification": "의사소통",
        "readAge": "초등_저학년",
        "form": "long-form",
        "plotSummaryText": "겁에 질린 양치기 소년은 진짜 늑대가 나타났다며 마을을 향해 소리를 질렀다.",
        "textWordEA": 11
      }
    },
    {
      "srcTextID": "26426",
      "srcText": "옛날 욕심 많은 개가 살았어요. 어느 날 정육점 아저씨가 개에게 고깃덩어리를 주었어요. “우아, 집에 가서 먹어야지.’’",
      "srcPage": 14,
      "srcSentenceEA": 3,
      "srcWordEA": 17,
      "character": "개,정육점,아저씨,고깃덩어리",
      "setting": "옛날,어느 날,집",
      "action": "살았어요,주었어요,가서 먹어야지",
      "feeling": null,
      "causalRelationship": null,
      "outcomeResolution": null,
      "prediction": null,
      "plotSummaryInfoCount": 1,
      "plotSummaryInfo": {
        "classification": "의사소통",
        "readAge": "초등_저학년",
        "form": "short-form",
        "plotSummaryText": "옛날 욕심 많은 개에게 정육점 아저씨가 고깃덩어리를 주었다.",
        "textWordEA": 8
      }
    },
    {
      "srcTextID": "26423",
      "srcText": "개는 고깃덩어리를 물고 통나무 다리를 건너다 물속에 고깃덩어리를 물고 있는 개를 보고 깜짝 놀랐어요. ‘아니, 나보다 더 큰 고깃덩어리를 물고 있잖아. 저것도 빼앗아 먹어야지.’",
      "srcPage": 15,
      "srcSentenceEA": 3,
      "srcWordEA": 26,
      "character": "개,고깃덩어리,물",
      "setting": "통나무 다리",
      "action": "물고,건너다,보고",
      "feeling": "깜짝 놀랐어요",
      "causalRelationship": null,
      "outcomeResolution": null,
      "prediction": null,
      "plotSummaryInfoCount": 1,
      "plotSummaryInfo": {
        "classification": "의사소통",
        "readAge": "초등_저학년",
        "form": "short-form",
        "plotSummaryText": "개는 고깃덩어리를 물고 통나무 다리를 건너다 물속에 더 큰 고깃덩어리를 물고 있는 개를 보고 그것도 빼앗아 먹어야겠다고 생각했다.",
        "textWordEA": 18
      }
    },
    {
      "srcTextID": "26424",
      "srcText": "개는 물속의 개를 향해 ‘으르렁’ 겁을 주었어요. 그랬더니 물속의 개도 으르렁거렸어요. 약이 오른 개는 물속의 개를 향해 ‘멍멍’ 목청껏 짖자, 입에 물고 있던 고깃덩어리가 ‘풍덩’ 물속에 빠졌어요.",
      "srcPage": 16,
      "srcSentenceEA": 6,
      "srcWordEA": 32,
      "character": "개,고깃덩어리",
      "setting": null,
      "action": "주었어요,으르렁거렸어요,짖자,물고 있던,빠졌어요",
      "feeling": null,
      "causalRelationship": null,
      "outcomeResolution": null,
      "prediction": null,
      "plotSummaryInfoCount": 1,
      "plotSummaryInfo": {
        "classification": "의사소통",
        "readAge": "초등_저학년",
        "form": "long-form",
        "plotSummaryText": "개가 물속의 개를 향해 목청껏 짖자 입에 물고 있던 고깃덩어리가 물속에 빠졌다.",
        "textWordEA": 12
      }
    },
    {
      "srcTextID": "26428",
      "srcText": "옛날 커다랗고 멋진 성에 거인 혼자 살고 있었어요. 성에 있는 정원은 넓고 아름다웠어요. 봄에는 알록달록 활짝 핀 꽃들이 정원을 수놓았고, 여름에는 푸른 녹음이 우거져 시원했어요. 그리고 가을에는 먹음직스러운 열매들이 주렁주렁 열렸어요.",
      "srcPage": 18,
      "srcSentenceEA": 4,
      "srcWordEA": 34,
      "character": "거인,정원,꽃,열매",
      "setting": "옛날,멋진 성",
      "action": "살고 있었어요,수놓았고,열렸어요",
      "feeling": null,
      "causalRelationship": null,
      "outcomeResolution": null,
      "prediction": null,
      "plotSummaryInfoCount": 1,
      "plotSummaryInfo": {
        "classification": "의사소통",
        "readAge": "초등_저학년",
        "form": "long-form",
        "plotSummaryText": "옛날 아름다운 정원이 있는 커다랗고 멋진 성에 거인이 혼자 살고 있었다.",
        "textWordEA": 11
      }
    },
    {
      "srcTextID": "26431",
      "srcText": "그런데 아이들의 웃음소리가 사라진 거인의 정원은 꽃도 지고 새들이 지저귀는 소리도 사라졌어요. 그리고 쌩쌩 바람이 불고 펑펑 눈이 내리는 겨울이 계속되었어요. 벽난로 속의 불꽃은 활활 타올랐지만, 왠지 거인의 마음은 추웠어요.",
      "srcPage": 23,
      "srcSentenceEA": 3,
      "srcWordEA": 32,
      "character": "아이,거인,꽃,눈,벽난로,불꽃",
      "setting": "거인의 정원",
      "action": "사라진,사라졌어요,타올랐지만",
      "feeling": null,
      "causalRelationship": null,
      "outcomeResolution": null,
      "prediction": null,
      "plotSummaryInfoCount": 1,
      "plotSummaryInfo": {
        "classification": "의사소통",
        "readAge": "초등_저학년",
        "form": "short-form",
        "plotSummaryText": "아이들의 웃음소리가 사라진 거인의 정원에는 겨울이 계속되었고 거인의 마음은 추웠다.",
        "textWordEA": 10
      }
    },
    {
      "srcTextID": "26436",
      "srcText": "어느 날, 울타리 구멍으로 아이들이 들어오자, 봄도 따라 들어왔어요. 거인의 정원에도 봄이 찾아왔어요. 그런데 정원 한쪽만 아직도 겨울이었어요.",
      "srcPage": 25,
      "srcSentenceEA": 3,
      "srcWordEA": 20,
      "character": "울타리,아이,거인",
      "setting": "정원",
      "action": "들어오자,따라 들어왔어요,찾아왔어요",
      "feeling": null,
      "causalRelationship": "어느 날, 울타리 구멍으로 아이들이 들어오자, 봄도 따라 들어왔어요.",
      "outcomeResolution": null,
      "prediction": null,
      "plotSummaryInfoCount": 1,
      "plotSummaryInfo": {
        "classification": "의사소통",
        "readAge": "초등_저학년",
        "form": "short-form",
        "plotSummaryText": "울타리 구멍으로 아이들이 들어오자, 거인의 정원에도 봄이 찾아왔지만, 한쪽은 아직도 겨울이었다.",
        "textWordEA": 11
      }
    },
    {
      "srcTextID": "26440",
      "srcText": "“인형극? 재미있겠다! 그렇지만 난 학교에 가야 하는데. 아냐, 오늘은 인형극을 보고 학교는 내일 가면 돼.” 망설이던 피노키오는 책을 팔아 인형극을 보러 들어갔어요.",
      "srcPage": 35,
      "srcSentenceEA": 4,
      "srcWordEA": 26,
      "character": "피노키오,책",
      "setting": "학교,오늘,내일",
      "action": "가야 하는데,보고,가면 돼,팔아,보러,들어갔어요",
      "feeling": "재미있겠다,망설이던",
      "causalRelationship": null,
      "outcomeResolution": null,
      "prediction": null,
      "plotSummaryInfoCount": 1,
      "plotSummaryInfo": {
        "classification": "의사소통",
        "readAge": "초등_저학년",
        "form": "long-form",
        "plotSummaryText": "망설이던 피노키오는 학교에 가는 대신 책을 팔아 인형극을 보러 들어갔다.",
        "textWordEA": 10
      }
    },
    {
      "srcTextID": "26448",
      "srcText": "무대 위에서는 어릿광대와 익살꾸러기가 춤을 추고 있었어요. 익살꾸러기가 관객석에 있는 피노키오를 불렀어요. “나무 인형이다! 얘, 무대로 올라와!” 무대 위로 올라간 피노키오는 신나게 춤을 추었어요.",
      "srcPage": 36,
      "srcSentenceEA": 5,
      "srcWordEA": 27,
      "character": "어릿광대,익살꾸러기,춤,관객석,피노키오,나무 인형",
      "setting": "무대",
      "action": "추고 있었어요,불렀어요",
      "feeling": "신나게",
      "causalRelationship": null,
      "outcomeResolution": null,
      "prediction": null,
      "plotSummaryInfoCount": 1,
      "plotSummaryInfo": {
        "classification": "의사소통",
        "readAge": "초등_저학년",
        "form": "long-form",
        "plotSummaryText": "무대 위에서 춤을 추던 익살꾸러기가 피노키오에게 무대로 올라오라고 해서 피노키오는 무대에 올라 신나게 춤을 추었다.",
        "textWordEA": 15
      }
    },
    {
      "srcTextID": "26450",
      "srcText": "하지만 너무 신나게 춤을 춘 나머지 무대가 엉망이 되었지요. 인형극 단장은 무척 화가 났어요. “내 인형극을 망치다니! 널 장작개비로 써야겠다!”",
      "srcPage": 37,
      "srcSentenceEA": 4,
      "srcWordEA": 22,
      "character": "춤,인형극 단장,장작개비",
      "setting": "무대",
      "action": "써야겠다,춘",
      "feeling": "화가 났어요",
      "causalRelationship": null,
      "outcomeResolution": null,
      "prediction": null,
      "plotSummaryInfoCount": 1,
      "plotSummaryInfo": {
        "classification": "의사소통",
        "readAge": "초등_저학년",
        "form": "long-form",
        "plotSummaryText": "신나게 춤을 춘 나머지 무대가 엉망이 되자 인형극 단장은 무척 화가 났다.",
        "textWordEA": 12
      }
    },
    {
      "srcTextID": "26446",
      "srcText": "“살려 주세요. 저 때문에 하나밖에 없는 외투를 판 아빠가 무척 슬퍼하실 거예요.” 피노키오가 눈물을 흘리며 말했어요. 그 모습에 인형극 단장은 마음이 약해져 피노키오를 살려 주고 아빠에게 가져다드리라며 금화 다섯 냥까지 주었어요.",
      "srcPage": 38,
      "srcSentenceEA": 4,
      "srcWordEA": 34,
      "character": "외투,아빠,피노키오,인형극 단장",
      "setting": null,
      "action": "판,말했어요,살려 주고,가져다드리라며,주었어요",
      "feeling": "슬퍼하실 거예요,눈물을 흘리며",
      "causalRelationship": null,
      "outcomeResolution": null,
      "prediction": null,
      "plotSummaryInfoCount": 1,
      "plotSummaryInfo": {
        "classification": "의사소통",
        "readAge": "초등_저학년",
        "form": "long-form",
        "plotSummaryText": "피노키오가 아빠가 슬퍼하실 거라고 눈물을 흘리자, 마음이 약해진 인형극 단장은 그를 살려 주고 금화 다섯 냥까지 주었다.",
        "textWordEA": 17
      }
    },
    {
      "srcTextID": "26447",
      "srcText": "금화 다섯 냥을 손에 든 피노키오는 길을 나섰어요. 그 모습을 본 여우와 고양이가 피노키오에게 다가왔어요. “피노키오, 그 금화를 백 냥, 천 냥으로 늘리고 싶지 않니?” “정말이야? 그럴 수 있어?”",
      "srcPage": 39,
      "srcSentenceEA": 4,
      "srcWordEA": 31,
      "character": "금화,피노키오,여우,고양이",
      "setting": "길",
      "action": "든,나섰어요,본,다가왔어요,늘리고",
      "feeling": null,
      "causalRelationship": null,
      "outcomeResolution": null,
      "prediction": null,
      "plotSummaryInfoCount": 1,
      "plotSummaryInfo": {
        "classification": "의사소통",
        "readAge": "초등_저학년",
        "form": "long-form",
        "plotSummaryText": "길을 나선 피노키오에게 금화 다섯 냥을 백냥, 천 냥으로 늘려 주겠다며 여우와 고양이가 다가왔다.",
        "textWordEA": 14
      }
    },
    {
      "srcTextID": "26445",
      "srcText": "\"음, 이건 비밀인데 기적의 들판이 있는 곳을 알려 줄게. 그곳에 금화를 심으면 다음 날 잎이 나고, 그다음 날 꽃이 피어. 그리고 며칠 뒤면 금화 열매가 맺히지.” “굉장하다!” “하지만 기적의 들판은 멀어서 오늘은 여관에서 자고 가야 해.” 새벽이 되자 여우와 고양이는 피노키오보다 먼저 여관을 나왔어요.",
      "srcPage": 40,
      "srcSentenceEA": 5,
      "srcWordEA": 47,
      "character": "들판,금화,잎,꽃,열매,여우,고양이,피노키오",
      "setting": "다음 날,며칠 뒤,새벽,여관",
      "action": "알려 줄게,자고 가야 해,나왔어요",
      "feeling": null,
      "causalRelationship": null,
      "outcomeResolution": null,
      "prediction": null,
      "plotSummaryInfoCount": 1,
      "plotSummaryInfo": {
        "classification": "의사소통",
        "readAge": "초등_저학년",
        "form": "long-form",
        "plotSummaryText": "여우와 고양이는 기적의 들판에 금화를 심으면 열매가 맺히지만, 멀어서 여관에서 자고 가야 한다고 말하고는 새벽이 되자 피노키오보다 먼저 여관을 나왔다.",
        "textWordEA": 20
      }
    },
    {
      "srcTextID": "26449",
      "srcText": "조금 뒤 피노키오가 혼자서 기적의 들판으로 걸어갔을 때였어요. 자루를 뒤집어쓴 강도 두 명이 나타났어요. “금화를 모두 내놔!” 피노키오가 금화를 내놓지 않자, 강도들은 피노키오를 나무에 꽁꽁 묶어 버렸어요.",
      "srcPage": 41,
      "srcSentenceEA": 4,
      "srcWordEA": 29,
      "character": "피노키오,자루,강도,금화,나무",
      "setting": "조금 뒤,기적의 들판",
      "action": "걸어갔을 때였어요,뒤집어쓴,나타났어요,내놔,내놓지 않자,묶어 버렸어요",
      "feeling": null,
      "causalRelationship": null,
      "outcomeResolution": null,
      "prediction": null,
      "plotSummaryInfoCount": 1,
      "plotSummaryInfo": {
        "classification": "의사소통",
        "readAge": "초등_저학년",
        "form": "long-form",
        "plotSummaryText": "피노키오가 혼자서 기적의 들판으로 걸어갔을 때 강도 두 명이 나타나 금화를 내놓으라며 나무에 꽁꽁 묶어 버렸다.",
        "textWordEA": 16
      }
    },
    {
      "srcTextID": "26456",
      "srcText": "한참 뒤, 매 한 마리가 날아와 피노키오를 풀어 주었어요. 그리고 푸른 머리를 가진 아름다운 천사가 나타났어요. “피노키오, 어쩌다 강도를 만났니?”",
      "srcPage": 42,
      "srcSentenceEA": 3,
      "srcWordEA": 21,
      "character": "매,피노키오,천사,강도",
      "setting": "한참 뒤",
      "action": "날아와,풀어 주었어요,나타났어요,만났니",
      "feeling": null,
      "causalRelationship": null,
      "outcomeResolution": null,
      "prediction": null,
      "plotSummaryInfoCount": 1,
      "plotSummaryInfo": {
        "classification": "의사소통",
        "readAge": "초등_저학년",
        "form": "short-form",
        "plotSummaryText": "한참 뒤, 매 한 마리가 피노키오를 풀어 주었고 푸른 머리의 아름다운 천사가 나타났다.",
        "textWordEA": 13
      }
    },
    {
      "srcTextID": "26455",
      "srcText": "피노키오는 금화를 잃어버렸다고 거짓말을 했어요. 그러자 피노키오의 코가 쑥 길어졌어요. “어디에서 잃어버렸니?” “숲속에서요.” “그럼, 숲속에서 찾아보자, 아빠에게 가져다드려야지.”",
      "srcPage": 43,
      "srcSentenceEA": 4,
      "srcWordEA": 19,
      "character": "피노키오,금화",
      "setting": "숲 속",
      "action": "잃어버렸다고,찾아보자,가져다드려야지,거짓말을 했어요",
      "feeling": null,
      "causalRelationship": null,
      "outcomeResolution": null,
      "prediction": null,
      "plotSummaryInfoCount": 1,
      "plotSummaryInfo": {
        "classification": "의사소통",
        "readAge": "초등_저학년",
        "form": "long-form",
        "plotSummaryText": "숲속에서 금화를 잃어버렸다고 거짓말하자 피노키오의 코가 길어졌다.",
        "textWordEA": 7
      }
    },
    {
      "srcTextID": "26452",
      "srcText": "“아, 잃어버린 게 아니라 제가 꿀꺽 삼켜 버렸어요.” 피노키오의 말이 끝나기가 무섭게 코가 더 길어졌어요. 피노키오는 코를 잡고 엉엉 울었어요.",
      "srcPage": 44,
      "srcSentenceEA": 3,
      "srcWordEA": 22,
      "character": "피노키오,코",
      "setting": null,
      "action": "잃어버린,삼켜 버렸어요,잡고",
      "feeling": "엉엉 울었어요",
      "causalRelationship": null,
      "outcomeResolution": null,
      "prediction": null,
      "plotSummaryInfoCount": 1,
      "plotSummaryInfo": {
        "classification": "의사소통",
        "readAge": "초등_저학년",
        "form": "short-form",
        "plotSummaryText": "잃어버린 게 아니라 자신이 꿀꺽 삼켜 버렸다고 하자 피노키오의 코가 더 길어졌다.",
        "textWordEA": 12
      }
    },
    {
      "srcTextID": "26453",
      "srcText": "“피노키오, 거짓말을 하면 코가 길어진단다.” “용서해 주세요. 이제 거짓말을 안 할게요.” 피노키오가 용서를 빌자, 코가 원래대로 골아왔어요. “피노키오, 이제 집으로 돌아가렴.”",
      "srcPage": 45,
      "srcSentenceEA": 5,
      "srcWordEA": 23,
      "character": "피노키오,코",
      "setting": "집",
      "action": "하면,길어진단다,빌자,돌아왔어요,돌아가렴",
      "feeling": null,
      "causalRelationship": null,
      "outcomeResolution": null,
      "prediction": null,
      "plotSummaryInfoCount": 1,
      "plotSummaryInfo": {
        "classification": "의사소통",
        "readAge": "초등_저학년",
        "form": "long-form",
        "plotSummaryText": "피노키오가 용서를 빌자, 코가 원래대로 골아왔고, 이제 집으로 돌아가라고 했다.",
        "textWordEA": 10
      }
    },
    {
      "srcTextID": "26454",
      "srcText": "집으로 돌아가던 피노키오 앞에 고양이와 여우가 나타났어요. 피노키오는 푸른 머리 천사와의 약속을 어기고 기적의 들판을 찾아가 금화를 묻었어요. 여우와 고양이는 피노키오에게 동네 한 바퀴를 돌고 오라고 시키고 피노키오가 묻은 금화를 몽땅 훔쳐 갔어요.",
      "srcPage": 46,
      "srcSentenceEA": 3,
      "srcWordEA": 35,
      "character": "피노키오,고양이,여우,푸른 머리 천사,금화",
      "setting": "집,기적의 들판,동네",
      "action": "돌아가던,나타났어요,어기고,찾아가,묻었어요,돌고 오라고 시키고,묻은,훔쳐 갔어요",
      "feeling": null,
      "causalRelationship": null,
      "outcomeResolution": null,
      "prediction": null,
      "plotSummaryInfoCount": 1,
      "plotSummaryInfo": {
        "classification": "의사소통",
        "readAge": "초등_저학년",
        "form": "short-form",
        "plotSummaryText": "피노키오는 천사와의 약속을 어기고 고양이, 여우와 함께 기적의 들판에 가서 금화를 묻었고, 여우와 고양이는 금화를 몽땅 훔쳐 갔다.",
        "textWordEA": 18
      }
    },
    {
      "srcTextID": "26451",
      "srcText": "“금화가 없어졌어! 나를 속이다니!” 피노키오는 시내로 달려가 금화를 훔친 여우와 고양이를 고소했어요. 하지만 판사는 오히려 피노키오를 감옥에 가두었어요. 넉 달이 지나서야 피노키오는 감옥에서 풀려났어요. 피노키오는 정말 착한 아이가 되어 아빠 말씀을 잘 들어야겠다고 결심했지요.",
      "srcPage": 47,
      "srcSentenceEA": 6,
      "srcWordEA": 39,
      "character": "금화,피노키오,여우,고양이,판사,아빠",
      "setting": "감옥,넉 달",
      "action": "없어졌어,달려가,훔친,고소했어요,가두었어요,결심했지요",
      "feeling": null,
      "causalRelationship": null,
      "outcomeResolution": null,
      "prediction": null,
      "plotSummaryInfoCount": 1,
      "plotSummaryInfo": {
        "classification": "의사소통",
        "readAge": "초등_저학년",
        "form": "long-form",
        "plotSummaryText": "피노키오는 속은 걸 알고 여우와 고양이를 고소했지만 오히려 넉 달 동안 감옥에 갇혀 있었고 정말 착한 아이가 되어 아빠 말씀을 잘 들어야겠다고 결심했다.",
        "textWordEA": 23
      }
    },
    {
      "srcTextID": "26461",
      "srcText": "피노키오는 집을 향해 걸어갔어요. 그때 아이들을 가득 태운 마차가 피노키오에게 다가왔어요. “오호호, 피노키오. 이 마차를 타면 장난감 나라에 갈 수 있단다.”",
      "srcPage": 48,
      "srcSentenceEA": 4,
      "srcWordEA": 23,
      "character": "피노키오,마차,장난감",
      "setting": "집,그때",
      "action": "걸어갔어요,다가왔어요,갈 수 있단다",
      "feeling": null,
      "causalRelationship": null,
      "outcomeResolution": null,
      "prediction": null,
      "plotSummaryInfoCount": 1,
      "plotSummaryInfo": {
        "classification": "의사소통",
        "readAge": "초등_저학년",
        "form": "long-form",
        "plotSummaryText": "피노키오가 집을 향해 걸어갈 때 마차가 다가오더니 장난감 나라에 갈 수 있다고 했다.",
        "textWordEA": 13
      }
    },
    {
      "srcTextID": "26458",
      "srcText": "“장난감 나라요?” “장난감 나라에선 학교도 안 가고 공부도 안 하지. 매일 먹기만 하며 놀 수 있단다!” 그 말에 피노키오는 마차에 올라탔어요.",
      "srcPage": 49,
      "srcSentenceEA": 4,
      "srcWordEA": 23,
      "character": "피노키오,마차",
      "setting": null,
      "action": "안 가고,안 하지,먹기만,올라탔어요",
      "feeling": null,
      "causalRelationship": null,
      "outcomeResolution": null,
      "prediction": null,
      "plotSummaryInfoCount": 1,
      "plotSummaryInfo": {
        "classification": "의사소통",
        "readAge": "초등_저학년",
        "form": "long-form",
        "plotSummaryText": "장난감 나라에서는 학교도 안 가고 매일 놀 수 있다는 말에 피노키오는 마차에 올라탔다.",
        "textWordEA": 13
      }
    },
    {
      "srcTextID": "26457",
      "srcText": "‘어, 마차를 끄는 당나귀가 좀 이상해 보이네.’ 당나귀의 몸집은 비슷했지만, 털빛은 모두 달랐거든요. 노란색, 푸른색, 심지어는 줄무늬가 그려진 당나귀도 있었어요. 게다가 당나귀들은 모두 장화를 신고 있었어요.",
      "srcPage": 50,
      "srcSentenceEA": 4,
      "srcWordEA": 29,
      "character": "당나귀,털빛,장화",
      "setting": "마차",
      "action": "신고 있었어요",
      "feeling": null,
      "causalRelationship": null,
      "outcomeResolution": null,
      "prediction": null,
      "plotSummaryInfoCount": 1,
      "plotSummaryInfo": {
        "classification": "의사소통",
        "readAge": "초등_저학년",
        "form": "long-form",
        "plotSummaryText": "마차를 끄는 당나귀들의 털빛이 다 다르고 모두 장화를 신고 있어서 좀 이상하다고 생각했다.",
        "textWordEA": 13
      }
    },
    {
      "srcTextID": "26460",
      "srcText": "어느새 마차는 장난감 나라에 도착했어요. 장난감 나라에서 아이들은 매일 먹고 놀았어요. 그러던 어느 날, 피노키오는 물에 비친 자기 모습을 보고 너무 놀라 소리를 질렀어요. “으악, 내 귀가 당나귀처럼 길쭉해졌어!” 다른 아이들도 모두 당나귀로 변해 있었어요.",
      "srcPage": 51,
      "srcSentenceEA": 5,
      "srcWordEA": 38,
      "character": "마차,아이들,피노키오,당나귀",
      "setting": "장난감 나라,매일,그러던 어느 날",
      "action": "도착했어요,먹고 놀았어요,보고,질렀어요",
      "feeling": "너무 놀라",
      "causalRelationship": null,
      "outcomeResolution": null,
      "prediction": null,
      "plotSummaryInfoCount": 1,
      "plotSummaryInfo": {
        "classification": "의사소통",
        "readAge": "초등_저학년",
        "form": "long-form",
        "plotSummaryText": "장난감 나라에서 피노키오와 아이들은 매일 먹고 놀다가 모두 당나귀로 변했다.",
        "textWordEA": 10
      }
    },
    {
      "srcTextID": "26459",
      "srcText": "당나귀가 된 피노키오는 서커스단에 팔려 가 굴렁쇠를 통과하는 묘기를 부렸어요. 그러다 피노키오는 그만 다리를 다치고 말았지요. “에잇, 다리 다친 당나귀는 필요 없어.” 서커스단 단장은 피노키오를 당나귀 가죽이 필요한 사람에게 팔았어요.",
      "srcPage": 52,
      "srcSentenceEA": 4,
      "srcWordEA": 32,
      "character": "피노키오,굴렁쇠,당나귀,서커스단 단장,당나귀 가죽,사람",
      "setting": "서커스단",
      "action": "통과하는,부렸어요,팔았어요",
      "feeling": null,
      "causalRelationship": null,
      "outcomeResolution": null,
      "prediction": null,
      "plotSummaryInfoCount": 1,
      "plotSummaryInfo": {
        "classification": "의사소통",
        "readAge": "초등_저학년",
        "form": "long-form",
        "plotSummaryText": "당나귀가 된 피노키오는 서커스단에서 묘기를 부리다 다리를 다쳐서 당나귀 가죽이 필요한 사람에게 팔려 갔다.",
        "textWordEA": 14
      }
    },
    {
      "srcTextID": "26425",
      "srcText": "그런데 물속에 있는 개의 입에도 고깃덩어리가 없었어요. 개는 물속에 있는 개가 자기 그림자라는 것을 알았어요. “아, 아까워! 욕심만 부리지 않았더라면.” 개는 욕심 부린 것을 후회하며 터벅터벅 집으로 돌아갔지요.",
      "srcPage": 17,
      "srcSentenceEA": 5,
      "srcWordEA": 31,
      "character": "고깃덩어리,개,그림자",
      "setting": "집",
      "action": "있는,알았어요,돌아갔지요,후회하며",
      "feeling": null,
      "causalRelationship": null,
      "outcomeResolution": null,
      "prediction": null,
      "plotSummaryInfoCount": 1,
      "plotSummaryInfo": {
        "classification": "의사소통",
        "readAge": "초등_저학년",
        "form": "long-form",
        "plotSummaryText": "개는 물속에 있는 개가 자기 그림자라는 것을 알고 욕심 부린 것을 후회하며 돌아갔다.",
        "textWordEA": 13
      }
    },
    {
      "srcTextID": "26427",
      "srcText": "마을 아이들은 거인의 정원에서 노는 것을 좋아했어요. “난 이 정원이 마음에 들어.” “이곳에서 뛰어놀 때가 가장 행복해.” 거인의 정원에는 날마다 까르르 아이들의 웃음소리가 울려 퍼졌어요.",
      "srcPage": 19,
      "srcSentenceEA": 4,
      "srcWordEA": 26,
      "character": "마을,아이,거인",
      "setting": "정원,날마다",
      "action": "노는,뛰어놀,울려 퍼졌어요,좋아했어요",
      "feeling": "행복해",
      "causalRelationship": null,
      "outcomeResolution": null,
      "prediction": null,
      "plotSummaryInfoCount": 1,
      "plotSummaryInfo": {
        "classification": "의사소통",
        "readAge": "초등_저학년",
        "form": "long-form",
        "plotSummaryText": "마을 아이들은 거인의 정원에서 노는 것을 좋아해서 날마다 아이들의 웃음소리가 울려 퍼졌다.",
        "textWordEA": 12
      }
    },
    {
      "srcTextID": "26430",
      "srcText": "거인은 자신의 정원에서 아이들이 신나게 노는 것을 보고 심술이 났어요. “아름다운 정원은 내 거야. 아무도 정원에 들어오지 못하게 해야지.”",
      "srcPage": 20,
      "srcSentenceEA": 3,
      "srcWordEA": 20,
      "character": "거인,아이",
      "setting": "정원",
      "action": "보고,들어오지",
      "feeling": "심술이 났어요",
      "causalRelationship": null,
      "outcomeResolution": null,
      "prediction": null,
      "plotSummaryInfoCount": 1,
      "plotSummaryInfo": {
        "classification": "의사소통",
        "readAge": "초등_저학년",
        "form": "short-form",
        "plotSummaryText": "거인은 자신의 정원에서 아이들이 노는 것을 보고 심술이 나서 아무도 들어오지 못하게 해야겠다고 생각했다.",
        "textWordEA": 14
      }
    },
    {
      "srcTextID": "26433",
      "srcText": "욕심 많은 거인은 정원 둘레에 척척 나무 울타리를 치고 푯말을 붙였어요. ‘정원에 절대로 들어오지 마시오. 몰래 들어오면 혼내 줄 것이다.’",
      "srcPage": 21,
      "srcSentenceEA": 3,
      "srcWordEA": 22,
      "character": "거인,나무 울타리,푯말",
      "setting": "정원",
      "action": "치고,붙였어요,들어오면",
      "feeling": null,
      "causalRelationship": null,
      "outcomeResolution": null,
      "prediction": null,
      "plotSummaryInfoCount": 1,
      "plotSummaryInfo": {
        "classification": "의사소통",
        "readAge": "초등_저학년",
        "form": "short-form",
        "plotSummaryText": "거인은 정원 둘레에 절대로 둘러 오지 말라, 들어오면 혼낼 것이라는 푯말을 붙였다.",
        "textWordEA": 12
      }
    },
    {
      "srcTextID": "26432",
      "srcText": "아이들은 울타리 밖에서 정원을 기웃기웃 들여다보았어요. “옛날처럼 거인의 정원에서 놀고 싶어.” 정원의 아름다움은 이제 거인 혼자서 누리게 되었어.",
      "srcPage": 22,
      "srcSentenceEA": 3,
      "srcWordEA": 19,
      "character": "아이,울타리",
      "setting": "정원",
      "action": "놀고,들여다보았어요,누리게 되었어",
      "feeling": null,
      "causalRelationship": null,
      "outcomeResolution": null,
      "prediction": null,
      "plotSummaryInfoCount": 1,
      "plotSummaryInfo": {
        "classification": "의사소통",
        "readAge": "초등_저학년",
        "form": "short-form",
        "plotSummaryText": "아이들은 옛날처럼 거인의 정원에서 놀고 싶어 했지만 이제 정원의 아름다움은 거인 혼자서 누리게 되었다.",
        "textWordEA": 14
      }
    },
    {
      "srcTextID": "26429",
      "srcText": "“왜 이렇게 겨울이 길지? 도대체 봄은 언제 오는 거야.” 거인은 날마다 창밖을 바라보며 봄을 기다렸어요. 하지만 울타리 밖은 벌써 봄이 찾아왔어요.",
      "srcPage": 24,
      "srcSentenceEA": 4,
      "srcWordEA": 24,
      "character": "거인,창,울타리",
      "setting": "봄",
      "action": "바라보며,기다렸어요,찾아왔어요",
      "feeling": null,
      "causalRelationship": null,
      "outcomeResolution": null,
      "prediction": null,
      "plotSummaryInfoCount": 1,
      "plotSummaryInfo": {
        "classification": "의사소통",
        "readAge": "초등_저학년",
        "form": "long-form",
        "plotSummaryText": "거인은 창밖을 바라보며 날마다 봄을 기다렸지만, 울타리 밖은 벌써 봄이 찾아왔다.",
        "textWordEA": 11
      }
    },
    {
      "srcTextID": "26435",
      "srcText": "거인이 가까이 가자 조그만 아이가 나무 밑에서 발을 동동 구르고 있었어요. 거인이 나무 위에 올려주자, 아이는 생긋 웃었어요. 그러자 그 나뭇가지에도 꽃이 활짝 피었어요.",
      "srcPage": 26,
      "srcSentenceEA": 3,
      "srcWordEA": 26,
      "character": "거인,아이,나뭇가지,꽃",
      "setting": null,
      "action": "가자,구르고 있었어요,올려주자,피었어요",
      "feeling": "생긋 웃었어요",
      "causalRelationship": null,
      "outcomeResolution": null,
      "prediction": null,
      "plotSummaryInfoCount": 1,
      "plotSummaryInfo": {
        "classification": "의사소통",
        "readAge": "초등_저학년",
        "form": "short-form",
        "plotSummaryText": "거인이 나무 밑에서 발을 동동 구르고 있는 아이를 나무 위에 올려주자, 그 나뭇가지에도 꽃이 활짝 피었어요.",
        "textWordEA": 16
      }
    },
    {
      "srcTextID": "26434",
      "srcText": "“아, 아이들 때문에, 정원에 봄이 찾아온 거였군. 정원을 아이들의 놀이터로 만들어 주어야지.” 울타리를 허문 거인의 정원은 다시 아이들의 놀이터가 되었어요.",
      "srcPage": 27,
      "srcSentenceEA": 3,
      "srcWordEA": 22,
      "character": "아이들,놀이터,울타리,거인",
      "setting": "정원",
      "action": "찾아온,만들어,허문,되었어요",
      "feeling": null,
      "causalRelationship": null,
      "outcomeResolution": null,
      "prediction": null,
      "plotSummaryInfoCount": 1,
      "plotSummaryInfo": {
        "classification": "의사소통",
        "readAge": "초등_저학년",
        "form": "short-form",
        "plotSummaryText": "아이들 때문에, 정원에 봄이 찾아온 것을 알고 울타리를 허물어 다시 정원을 아이들의 놀이터로 만들어 주었다.",
        "textWordEA": 15
      }
    },
    {
      "srcTextID": "26437",
      "srcText": "이제 아이들은 거인을 무서워하지 않았어요. 아이들은 거인의 무릎 위에 앉아서 재잘재잘 이야기꽃을 피웠어요. 거인은 아이들이 뛰어노는 정원에서 행복한 시간을 보냈어요. 거인은 앙상한 나무 밑에서 만났던 아이를 찾았지만 만날 수 없었어요. “도대체 그 아이는 어디로 갔을까?”",
      "srcPage": 28,
      "srcSentenceEA": 5,
      "srcWordEA": 38,
      "character": "아이,거인,무릎,나무",
      "setting": "정원",
      "action": "피웠어요,보냈어요,만났던,만날 수 없었어요",
      "feeling": null,
      "causalRelationship": null,
      "outcomeResolution": null,
      "prediction": null,
      "plotSummaryInfoCount": 1,
      "plotSummaryInfo": {
        "classification": "의사소통",
        "readAge": "초등_저학년",
        "form": "long-form",
        "plotSummaryText": "이제 아이들은 거인을 무서워하지 않았고, 거인은 앙상한 나무 밑에서 만났던 아이를 만날 수 없었다.",
        "textWordEA": 14
      }
    },
    {
      "srcTextID": "26467",
      "srcText": "피노키오를 사 간 사람은 가죽을 벗기려고 피노키오를 바닷속에 빠뜨렸어요. 피노키오는 바다에 빠지자마자 원래의 모습으로 돌아왔지요. 하지만 커다란 상어가 피노키오를 꿀꺽 삼키고 말았어요.",
      "srcPage": 53,
      "srcSentenceEA": 3,
      "srcWordEA": 24,
      "character": "피노키오,사람,가죽,커다란 상어",
      "setting": "바닷속",
      "action": "벗기려고,빠뜨렸어요,삼키고 말았어요",
      "feeling": null,
      "causalRelationship": null,
      "outcomeResolution": null,
      "prediction": null,
      "plotSummaryInfoCount": 1,
      "plotSummaryInfo": {
        "classification": "의사소통",
        "readAge": "초등_저학년",
        "form": "short-form",
        "plotSummaryText": "피노키오를 사 간 사람이 가죽을 벗기려고 피노키오를 바닷속에 빠뜨리자, 원래의 모습으로 돌아왔지만, 커다란 상어가 꿀꺽 삼키고 말았다.",
        "textWordEA": 17
      }
    },
    {
      "srcTextID": "26466",
      "srcText": "정신을 잃었던 피노키오는 상어의 배 속에서 깨어났어요. “도와줘요. 집에 가고 싶어요.” 피노키오는 깜깜한 상어 배 속에서 엉엉 울었어요.",
      "srcPage": 54,
      "srcSentenceEA": 3,
      "srcWordEA": 20,
      "character": "피노키오,상어",
      "setting": "상어의 배 속",
      "action": "가고 싶어요,깨어났어요,울었어요",
      "feeling": null,
      "causalRelationship": null,
      "outcomeResolution": null,
      "prediction": null,
      "plotSummaryInfoCount": 1,
      "plotSummaryInfo": {
        "classification": "의사소통",
        "readAge": "초등_저학년",
        "form": "short-form",
        "plotSummaryText": "정신을 잃었던 피노키오는 상어의 배 속에서 깨어나 집에 가고 싶다고 엉엉 울었다.",
        "textWordEA": 12
      }
    },
    {
      "srcTextID": "26464",
      "srcText": "그때 멀리서 희미한 빛이 반짝였어요. 피노키오는 빛을 향해 조심조심 걸어갔어요. “아빠! 정말 아빠가 맞아요?”",
      "srcPage": 55,
      "srcSentenceEA": 3,
      "srcWordEA": 16,
      "character": "빛,피노키오,아빠",
      "setting": "그때",
      "action": "향해,걸어갔어요",
      "feeling": null,
      "causalRelationship": null,
      "outcomeResolution": null,
      "prediction": null,
      "plotSummaryInfoCount": 1,
      "plotSummaryInfo": {
        "classification": "의사소통",
        "readAge": "초등_저학년",
        "form": "short-form",
        "plotSummaryText": "피노키오는 멀리 보이는 희미한 빛을 향해 걸어가 아빠가 맞냐고 물어봤다.",
        "textWordEA": 10
      }
    },
    {
      "srcTextID": "26463",
      "srcText": "“오! 피노키오, 너를 찾아 헤매다 상어에게 잡아먹혔단다. 여기서 너를 만나다니!” 제페토 할아버지는 피노키오를 꼭 끌어안았어요.",
      "srcPage": 56,
      "srcSentenceEA": 3,
      "srcWordEA": 18,
      "character": "피노키오,제페토 할아버지",
      "setting": "상어",
      "action": "찾아 헤매다,잡아먹혔단다,만나다니,끌어안았어요",
      "feeling": null,
      "causalRelationship": null,
      "outcomeResolution": null,
      "prediction": null,
      "plotSummaryInfoCount": 1,
      "plotSummaryInfo": {
        "classification": "의사소통",
        "readAge": "초등_저학년",
        "form": "short-form",
        "plotSummaryText": "제페토 할아버지는 피노키오를 찾아 헤매다 상어에게 잡아먹혔고 피노키오를 꼭  끌어안았다.",
        "textWordEA": 11
      }
    },
    {
      "srcTextID": "26462",
      "srcText": "“아빠, 우리 함께 밖으로 나가요.” 피노키오는 제페토 할아버지를 등에 업고 상어 배 속을 빠져나왔어요. 그리고 있는 힘을 다해 헤엄쳐 땅 위로 올라갔지요. 집으로 돌아온 피노키오는 제페토 할아버지의 말을 잘 듣는 착한 아이가 되었어요.",
      "srcPage": 57,
      "srcSentenceEA": 4,
      "srcWordEA": 36,
      "character": "아빠,피노키오,제페토 할아버지,아이,땅,상어",
      "setting": "집",
      "action": "나가요,업고,빠져나왔어요,헤엄쳐,올라갔지요,돌아온",
      "feeling": null,
      "causalRelationship": null,
      "outcomeResolution": null,
      "prediction": null,
      "plotSummaryInfoCount": 1,
      "plotSummaryInfo": {
        "classification": "의사소통",
        "readAge": "초등_저학년",
        "form": "long-form",
        "plotSummaryText": "상어 배 속을 빠져나온 피노키오는 집으로 돌아와 제페토 할아버지의 말을 잘 듣는 착한 아이가 되었다.",
        "textWordEA": 15
      }
    },
    {
      "srcTextID": "26465",
      "srcText": "그러던 어느 날, 피노키오가 잠을 자고 있을 때였어요. “피노키오, 이제 착한 아이가 되었구나.” 푸른 머리 천사는 피노키오를 진짜 아이로 만들어 주었어요. “아빠! 내가 진짜 아이가 되었어요.” “오! 피노키오.” 피노키오는 제페토 할아버지와 행복하게 살았어요.",
      "srcPage": 58,
      "srcSentenceEA": 6,
      "srcWordEA": 37,
      "character": "피노키오,천사,아이,아빠,제페토 할아버지",
      "setting": "그러던 어느 날,자고 있을 때",
      "action": "만들어 주었어요,되었어요,살았어요",
      "feeling": "행복하게",
      "causalRelationship": null,
      "outcomeResolution": null,
      "prediction": null,
      "plotSummaryInfoCount": 1,
      "plotSummaryInfo": {
        "classification": "의사소통",
        "readAge": "초등_저학년",
        "form": "long-form",
        "plotSummaryText": "푸른 머리 천사는 피노키오를 진짜 아이로 만들어 주었고 제페토 할아버지와 행복하게 살았다.",
        "textWordEA": 12
      }
    },
    {
      "srcTextID": "26470",
      "srcText": "옛날 쥐들이 모여 사는 평화로운 마을이 있었어요. 쥐들은 서로 도우며 행복하게 살았지요. 그런데 어느 날 심술궂은 고양이가 마을에 나타나 쥐들을 한 마리씩 잡아갔어요.",
      "srcPage": 59,
      "srcSentenceEA": 3,
      "srcWordEA": 25,
      "character": "쥐,고양이",
      "setting": "옛날,마을,그런데 어느 날",
      "action": "모여 사는,있었어요,살았지요,나타나,잡아갔어요",
      "feeling": "행복하게",
      "causalRelationship": null,
      "outcomeResolution": null,
      "prediction": null,
      "plotSummaryInfoCount": 1,
      "plotSummaryInfo": {
        "classification": "의사소통",
        "readAge": "초등_저학년",
        "form": "short-form",
        "plotSummaryText": "옛날 쥐들이 모여 사는 평화로운 마을에 심술궂은 고양이가 나타나 쥐들을 한 마리씩 잡아갔다.",
        "textWordEA": 13
      }
    },
    {
      "srcTextID": "26468",
      "srcText": "“으악, 고양이가 나타났다!” 살아남은 쥐들은 먹이가 똑 떨어졌지만, 고양이에게 잡힐까 봐 집 밖으로 나갈 생각조차 못 했어요. 고양이가 친구를 만나러 잠시 다른 마을로 갔어요.",
      "srcPage": 60,
      "srcSentenceEA": 3,
      "srcWordEA": 26,
      "character": "고양이,쥐들,친구",
      "setting": "집 밖,다른 마을",
      "action": "나타났다,만나러,갔어요",
      "feeling": null,
      "causalRelationship": null,
      "outcomeResolution": null,
      "prediction": null,
      "plotSummaryInfoCount": 1,
      "plotSummaryInfo": {
        "classification": "의사소통",
        "readAge": "초등_저학년",
        "form": "short-form",
        "plotSummaryText": "살아남은 쥐들이 고양이에게 잡힐까 봐 집 밖으로 나갈 생각조차 못 할 때 고양이가 잠시 다른 마을로 갔다.\n",
        "textWordEA": 17
      }
    },
    {
      "srcTextID": "26469",
      "srcText": "그러자 쥐들은 한자리에 모여서 회의했어요. “이대로는 정말 못 살겠어요.” “그럼, 고양이를 물리칠 좋은 방법을 이야기해 봐요.” 여기저기서 쥐들은 와글와글 야단법석을 떨었어요.",
      "srcPage": 61,
      "srcSentenceEA": 4,
      "srcWordEA": 22,
      "character": "쥐,고양이",
      "setting": null,
      "action": "모여서,회의했어요,이야기해 봐요,야단법석을 떨었어요",
      "feeling": null,
      "causalRelationship": null,
      "outcomeResolution": null,
      "prediction": null,
      "plotSummaryInfoCount": 1,
      "plotSummaryInfo": {
        "classification": "의사소통",
        "readAge": "초등_저학년",
        "form": "long-form",
        "plotSummaryText": "쥐들은 한자리에 모여서 고양이를 물리칠 좋은 방법이 있는지 회의를 했어요.",
        "textWordEA": 10
      }
    },
    {
      "srcTextID": "26471",
      "srcText": "“우아, 정말 좋은 방법이네요.” 쥐들은 모두 기뻐하며 손뼉을 쳤어요. “그런데 고양이의 목에 방울은 누가 달죠? 가만히 듣고 있던 젊은 쥐가 말했어요.",
      "srcPage": 62,
      "srcSentenceEA": 4,
      "srcWordEA": 23,
      "character": "쥐,고양이의 목,방울",
      "setting": null,
      "action": "쳤어요,달죠,듣고 있던,말했어요",
      "feeling": "기뻐하며",
      "causalRelationship": null,
      "outcomeResolution": null,
      "prediction": null,
      "plotSummaryInfoCount": 1,
      "plotSummaryInfo": {
        "classification": "의사소통",
        "readAge": "초등_저학년",
        "form": "long-form",
        "plotSummaryText": "정말 좋은 방법이라고 쥐들이 기뻐했지만, 고양이의 목에 방울은 누가 달아야 하는지 물어봤다.",
        "textWordEA": 12
      }
    },
    {
      "srcTextID": "26472",
      "srcText": "쥐들은 서로 얼굴만 멀뚱멀뚱 쳐다보았어요. “난 겁이 많아서 못 해요.” “억, 방울을 달기도 전에 고양이에게 잡아먹힐 거예요.” 고양이 목에 방울을 달겠다고 나서는 쥐는 하나도 없었어요. 결국 쥐들은 흘끔흘끔 눈치를 보다 뿔뿔이 흩어졌어요.",
      "srcPage": 63,
      "srcSentenceEA": 5,
      "srcWordEA": 34,
      "character": "쥐,방울,고양이",
      "setting": null,
      "action": "쳐다보았어요,달겠다고 나서는,흩어졌어요",
      "feeling": null,
      "causalRelationship": null,
      "outcomeResolution": "결국 쥐들은 흘끔흘끔 눈치를 보다 뿔뿔이 흩어졌어요.",
      "prediction": null,
      "plotSummaryInfoCount": 1,
      "plotSummaryInfo": {
        "classification": "의사소통",
        "readAge": "초등_저학년",
        "form": "long-form",
        "plotSummaryText": "고양이 목에 방울을 달겠다고 나서는 쥐가 하나도 없어서 쥐들은 눈치를 보다 흩어졌다.",
        "textWordEA": 12
      }
    },
    {
      "srcTextID": "26476",
      "srcText": "무더운 여름날, 베짱이가 들판에서 노래를 부르고 있었어요. 먹이를 든 개미가 그 옆을 끙끙거리며 지나갔지요. “이리 와서 나랑 수다나 떨자. 왜 그렇게 고생하니?” 베짱이가 말했어요.",
      "srcPage": 64,
      "srcSentenceEA": 5,
      "srcWordEA": 27,
      "character": "베짱이,개미",
      "setting": "무더운 여름 날,들판",
      "action": "부르고 있었어요,지나갔지요,이리 와서,수다나 떨자,고생하니,말했어요",
      "feeling": null,
      "causalRelationship": null,
      "outcomeResolution": null,
      "prediction": null,
      "plotSummaryInfoCount": 1,
      "plotSummaryInfo": {
        "classification": "의사소통",
        "readAge": "초등_저학년",
        "form": "long-form",
        "plotSummaryText": "무더운 여름날, 베짱이가 들판에서 노래를 부르다가 먹이를 들고 끙끙거리며 지나가는 개미를 보고 같이 수다나 떨자고 말했다.",
        "textWordEA": 16
      }
    },
    {
      "srcTextID": "26473",
      "srcText": "“겨울에 먹을 걸 미리 모아 둬야 해.” “곳곳에 먹을 게 널렸는데 왜 벌써 겨울 걱정을 하는 거니?” 베짱이는 코웃음을 치며 개미를 비웃었어요.",
      "srcPage": 65,
      "srcSentenceEA": 3,
      "srcWordEA": 23,
      "character": "베짱이,개미",
      "setting": "겨울",
      "action": "모아 둬야 해,코웃음을 치며,비웃었어요",
      "feeling": null,
      "causalRelationship": null,
      "outcomeResolution": null,
      "prediction": null,
      "plotSummaryInfoCount": 1,
      "plotSummaryInfo": {
        "classification": "의사소통",
        "readAge": "초등_저학년",
        "form": "short-form",
        "plotSummaryText": "겨울에 먹을 걸 미리 모아 둬야 한다는 개미의 말에 베짱이는 코웃음을 치며 비웃었다.",
        "textWordEA": 13
      }
    },
    {
      "srcTextID": "26438",
      "srcText": "“후후, 나를 당신의 정원에서 놀게 해주었죠. 이제 나의 정원에 초대할게요.” 작은 아이는 거인을 데리고 천국으로 갔어요. 그날 오후, 아이들은 하얀 꽃이 핀 나무 아래에서 깊이 잠들어 있는 거인을 발견했어요.",
      "srcPage": 30,
      "srcSentenceEA": 4,
      "srcWordEA": 32,
      "character": "아이,거인,꽃,나무",
      "setting": "정원,그날 오후",
      "action": "놀게 해주었죠,초대할게요,데리고,갔어요,발견했어요",
      "feeling": null,
      "causalRelationship": null,
      "outcomeResolution": null,
      "prediction": null,
      "plotSummaryInfoCount": 1,
      "plotSummaryInfo": {
        "classification": "의사소통",
        "readAge": "초등_저학년",
        "form": "long-form",
        "plotSummaryText": "작은 아이는 자신의 정원에 초대할 거라며 거인을 데리고 천국으로 갔다.",
        "textWordEA": 10
      }
    },
    {
      "srcTextID": "26442",
      "srcText": "제페토 할아버지는 나무토막을 정성껏 다듬었어요. “멋진 나무 인형을 만들어야지. 어떤 이름을 붙일까? 그래, 피노키오, 피노키오가 좋겠어.” “아빠! 안녕?” 그때 나무 인형이 눈을 깜빡이더니 말하는 것이었어요.",
      "srcPage": 31,
      "srcSentenceEA": 6,
      "srcWordEA": 29,
      "character": "제페토 할아버지,나무토막,나무 인형,피노키오,아빠",
      "setting": null,
      "action": "다듬었어요,만들어야지,깜빡이더니,말하는",
      "feeling": null,
      "causalRelationship": null,
      "outcomeResolution": null,
      "prediction": null,
      "plotSummaryInfoCount": 1,
      "plotSummaryInfo": {
        "classification": "의사소통",
        "readAge": "초등_저학년",
        "form": "long-form",
        "plotSummaryText": "제페토 할아버지가 나무토막을 다듬어 피노키오라는 이름을 붙이자, 나무 인형이 눈을 깜빡이더니 말했다.",
        "textWordEA": 12
      }
    },
    {
      "srcTextID": "26475",
      "srcText": "마침내 겨울이 오자, 들판은 온통 눈과 얼음으로 뒤덮였어요. 며칠째 굶은 베짱이는 덜덜 떨면서 개미의 집을 찾았어요. “개미야, 너무 추워서 그러니 잠깐만 쉬어갈 수 있을까?”",
      "srcPage": 66,
      "srcSentenceEA": 3,
      "srcWordEA": 25,
      "character": "눈,얼음,베짱이,개미",
      "setting": "개미의 집,들판",
      "action": "뒤덮였어요,떨면서,찾았어요",
      "feeling": null,
      "causalRelationship": null,
      "outcomeResolution": null,
      "prediction": null,
      "plotSummaryInfoCount": 1,
      "plotSummaryInfo": {
        "classification": "의사소통",
        "readAge": "초등_저학년",
        "form": "short-form",
        "plotSummaryText": "들판이 온통 눈과 얼음으로 뒤덮인 겨울이 오자 며칠째 굶은 베짱이는 벌벌 떨면서 개미의 집에 찾아갔다.",
        "textWordEA": 15
      }
    },
    {
      "srcTextID": "26474",
      "srcText": "“저런, 꽁꽁 얼었구나. 어서 들어와.” 개미는 베짱이에게 맛있는 음식을 내주었어요. “내년에는 나도 꼭 함께 열심히 일할게. 개미야, 정말 고마워.”",
      "srcPage": 67,
      "srcSentenceEA": 5,
      "srcWordEA": 22,
      "character": "개미,베짱이",
      "setting": "내년에는",
      "action": "들어와,내주었어요,일할게",
      "feeling": "정말 고마워",
      "causalRelationship": null,
      "outcomeResolution": null,
      "prediction": null,
      "plotSummaryInfoCount": 1,
      "plotSummaryInfo": {
        "classification": "의사소통",
        "readAge": "초등_저학년",
        "form": "long-form",
        "plotSummaryText": "베짱이는 개미가 맛있는 음식을 내주자 내년에는 자신도 꼭 함께 열심히 일하겠다고 말했다.",
        "textWordEA": 12
      }
    }
  ]
}