{
  "title": "그게 바로 너야",
  "author": "정설아",
  "illustrator": "이희은",
  "isbn": "9791188565542",
  "publishedYear": 2017,
  "publisher": "엄마마음",
  "paragraphInfoCount": 16,
  "paragraphInfo": [
    {
      "srcTextID": "147889",
      "srcText": "먼 길을 걷느라 다리가 후들후들 떨렸지. “얘들아, 나 어때?” “누, 누구야?” 친구들은 나를 보며 깜짝 놀랐어. “나야, 나! 후투!” ",
      "srcPage": 10,
      "srcSentenceEA": 6,
      "srcWordEA": 21,
      "character": "친구들",
      "setting": null,
      "action": "걷느라,보며",
      "feeling": "깜짝 놀랐어",
      "causalRelationship": null,
      "outcomeResolution": null,
      "prediction": null,
      "plotSummaryInfoCount": 1,
      "plotSummaryInfo": {
        "classification": "의사소통",
        "readAge": "초등_저학년",
        "form": "long-form",
        "plotSummaryText": "먼 길을 걸어 다리가 떨렸고 친구들에게 어떠냐고 묻자 친구들은 깜짝 놀라며 누구냐고 물었습니다.",
        "textWordEA": 13
      }
    },
    {
      "srcTextID": "147895",
      "srcText": "나는 남아 있는 공작 깃털을 털어 버리고 하늘로 훌쩍 날아올랐어. 예전처럼 위로 아래로 날갯짓을 하며 날았지. “후투, 그게 바로 진짜 네 모습이야!” 친구들이 나를 보며 기뻐했어. 내 모습 그대로도 멋진 새가 될 수 있다는 걸 왜 몰랐을까?",
      "srcPage": 16,
      "srcSentenceEA": 5,
      "srcWordEA": 40,
      "character": "공작 깃털,후투,친구들",
      "setting": null,
      "action": "털어 버리고,날아올랐어",
      "feeling": "기뻐했어",
      "causalRelationship": null,
      "outcomeResolution": null,
      "prediction": null,
      "plotSummaryInfoCount": 1,
      "plotSummaryInfo": {
        "classification": "의사소통",
        "readAge": "초등_저학년",
        "form": "long-form",
        "plotSummaryText": "내가 남아 있는 공작 깃털을 털어 버리고 날갯짓을 하며 날자 그게 바로 진짜 네 모습이라고 친구들이 기뻐했습니다.",
        "textWordEA": 17
      }
    },
    {
      "srcTextID": "147881",
      "srcText": "“후투는 어쩜 저렇게 멋질까? 저 머리 깃 좀 봐!” “뾰족한 부리는 어떻고?” “얼룩무늬도 빠질 수 없지.”",
      "srcPage": 2,
      "srcSentenceEA": 4,
      "srcWordEA": 17,
      "character": "후투,머리 깃,부리",
      "setting": null,
      "action": "멋질까,빠질 수 없지",
      "feeling": null,
      "causalRelationship": null,
      "outcomeResolution": null,
      "prediction": null,
      "plotSummaryInfoCount": 1,
      "plotSummaryInfo": {
        "classification": "의사소통",
        "readAge": "초등_저학년",
        "form": "long-form",
        "plotSummaryText": "후투의 머리 깃, 뾰족한 부리와 얼룩무늬가 멋지다고 말했습니다.",
        "textWordEA": 8
      }
    },
    {
      "srcTextID": "147882",
      "srcText": "“넌 왜 머리에 부채를 달고 다니니?” “새가 웬 얼룩무늬람?” “새라면 공작 정도는 되어야지!” ‘공작이 대체 뭐야?’",
      "srcPage": 4,
      "srcSentenceEA": 4,
      "srcWordEA": 17,
      "character": "머리,부채,새,공작",
      "setting": null,
      "action": "달고",
      "feeling": null,
      "causalRelationship": null,
      "outcomeResolution": null,
      "prediction": null,
      "plotSummaryInfoCount": 1,
      "plotSummaryInfo": {
        "classification": "의사소통",
        "readAge": "초등_저학년",
        "form": "long-form",
        "plotSummaryText": "넌 왜 머리에 부채를 달고 다니고 얼룩무늬냐고 하며 새라면 공작 정도는 되어야 한다고 말했습니다.",
        "textWordEA": 14
      }
    },
    {
      "srcTextID": "147885",
      "srcText": "나는 더 이상 동물들 앞에 나서기가 싫어졌어. 공작처럼 되고 싶다는 마음만 들었지. ‘알록달록 멋진 꼬리를 가질 수 있다면.’ 공작의 꼬리가 자꾸만 아른거렸어.",
      "srcPage": 6,
      "srcSentenceEA": 4,
      "srcWordEA": 25,
      "character": "동물들,공작,꼬리",
      "setting": null,
      "action": "나서기가,아른거렸어",
      "feeling": "싫어졌어",
      "causalRelationship": null,
      "outcomeResolution": null,
      "prediction": null,
      "plotSummaryInfoCount": 1,
      "plotSummaryInfo": {
        "classification": "의사소통",
        "readAge": "초등_저학년",
        "form": "long-form",
        "plotSummaryText": "나는 동물들 앞에 나서기가 싫어졌고 공작처럼 되고 싶다는 마음에 공작의 꼬리가 자꾸만 아른거렸습니다.",
        "textWordEA": 13
      }
    },
    {
      "srcTextID": "147886",
      "srcText": "‘공작처럼 될 수는 없을까?’ 한숨을 푸 내쉬는데 머리 위로 폴폴 공작의 깃털이 떨어지는 거야. 나는 재빨리 깃털을 집었어.",
      "srcPage": 7,
      "srcSentenceEA": 3,
      "srcWordEA": 20,
      "character": "공작,머리,깃털",
      "setting": null,
      "action": "떨어지는,집었어",
      "feeling": null,
      "causalRelationship": null,
      "outcomeResolution": null,
      "prediction": null,
      "plotSummaryInfoCount": 1,
      "plotSummaryInfo": {
        "classification": "의사소통",
        "readAge": "초등_저학년",
        "form": "short-form",
        "plotSummaryText": "나는  머리위로  떨어지는 공작의 깃털을 재빨리 집었습니다.",
        "textWordEA": 9
      }
    },
    {
      "srcTextID": "147887",
      "srcText": "그 바람에 깃털이 후드득 떨어졌지. ‘아무래도 공작처럼 우아하게 걸어가야겠군.’ 해가 질 무렵, 나는 겨우 마을에 도착했어.",
      "srcPage": 9,
      "srcSentenceEA": 3,
      "srcWordEA": 18,
      "character": "깃털,공작",
      "setting": "해가 질 무렵,마을",
      "action": "떨어졌지,걸어가야겠군,도착했어",
      "feeling": null,
      "causalRelationship": null,
      "outcomeResolution": null,
      "prediction": null,
      "plotSummaryInfoCount": 1,
      "plotSummaryInfo": {
        "classification": "의사소통",
        "readAge": "초등_저학년",
        "form": "short-form",
        "plotSummaryText": "깃털이 떨어지니 공작처럼 걸어가기로해서, 해가 질 무렵에야 나는 마을에 도착했습니다.",
        "textWordEA": 10
      }
    },
    {
      "srcTextID": "147894",
      "srcText": "나는 후다닥 연못으로 뛰어가서 내 모습을 보았어. 공작 깃털은 오다가 떨어졌는지 듬성듬성 꽂혀 있었어. 나는 공작도 후투도 아니었어.",
      "srcPage": 15,
      "srcSentenceEA": 3,
      "srcWordEA": 20,
      "character": "연못,공작 깃털,후투",
      "setting": null,
      "action": "뛰어가서,보았어,떨어졌는지",
      "feeling": null,
      "causalRelationship": null,
      "outcomeResolution": null,
      "prediction": null,
      "plotSummaryInfoCount": 1,
      "plotSummaryInfo": {
        "classification": "의사소통",
        "readAge": "초등_저학년",
        "form": "short-form",
        "plotSummaryText": "나는 연못으로 뛰어가 내 모습을 보았는데 공작 깃털은 떨어졌는지 듬성듬성 꽂혀 있었습니다.",
        "textWordEA": 12
      }
    },
    {
      "srcTextID": "147880",
      "srcText": "내가 날개를 펴고 퍼덕퍼덕 하늘을 날면 친구들은 늘 감탄을 했어. “와, 후투 좀 봐! 정말 멋지다!” 나는 보란 듯이 더 높이, 더 멋지게 날았어. 위로 아래로 위로 아래로 춤을 추듯 날아다녔지.",
      "srcPage": 1,
      "srcSentenceEA": 5,
      "srcWordEA": 34,
      "character": "날개,친구들,후투",
      "setting": null,
      "action": "펴고,날면,날았어,날아다녔지",
      "feeling": "감탄을 했어",
      "causalRelationship": null,
      "outcomeResolution": null,
      "prediction": null,
      "plotSummaryInfoCount": 1,
      "plotSummaryInfo": {
        "classification": "의사소통",
        "readAge": "초등_저학년",
        "form": "long-form",
        "plotSummaryText": "내가 날개를 펴고 하늘을 날면 친구들은 감탄해서, 나는 보란 듯이 더 높이, 더 멋지게 날았습니다.",
        "textWordEA": 15
      }
    },
    {
      "srcTextID": "147884",
      "srcText": "나는 물어물어 공작을 찾아갔어. 공작을 보는 순간, 나는 입이 떡 벌어졌지. 호리호리한 몸매에 알록달록 화려한 꼬리가 좌르르륵! 나는 할 말을 잃고 말았어.",
      "srcPage": 5,
      "srcSentenceEA": 4,
      "srcWordEA": 25,
      "character": "공작,꼬리",
      "setting": null,
      "action": "찾아갔어,보는,잃고",
      "feeling": null,
      "causalRelationship": null,
      "outcomeResolution": null,
      "prediction": null,
      "plotSummaryInfoCount": 1,
      "plotSummaryInfo": {
        "classification": "의사소통",
        "readAge": "초등_저학년",
        "form": "long-form",
        "plotSummaryText": "나는 공작을 보는 순간, 호리호리한 몸매와 화려한 꼬리에 할 말을 잃었습니다.",
        "textWordEA": 11
      }
    },
    {
      "srcTextID": "147893",
      "srcText": "“지금 내가 멋지지 않다는 거야? 이 꼬리 깃털 좀 봐!” 하지만 친구들은 고개를 절레절레 흔들었어.",
      "srcPage": 13,
      "srcSentenceEA": 3,
      "srcWordEA": 17,
      "character": "꼬리 깃털,친구들,고개",
      "setting": null,
      "action": "봐,흔들었어",
      "feeling": null,
      "causalRelationship": null,
      "outcomeResolution": null,
      "prediction": null,
      "plotSummaryInfoCount": 1,
      "plotSummaryInfo": {
        "classification": "의사소통",
        "readAge": "초등_저학년",
        "form": "short-form",
        "plotSummaryText": "이 꼬리 깃털 좀 보라고 헀지만 친구들은 고개를 흔들었습니다.",
        "textWordEA": 9
      }
    },
    {
      "srcTextID": "147888",
      "srcText": "나는 깃털을 꼬리에 달고 집으로 향했어. ‘친구들이 내 모습을 보면 멋지다고 하겠지?’ 나는 기쁜 마음에 푸다닥 날갯짓을 했어.",
      "srcPage": 8,
      "srcSentenceEA": 3,
      "srcWordEA": 20,
      "character": "깃털,꼬리,친구들",
      "setting": "집",
      "action": "향했어",
      "feeling": "기쁜",
      "causalRelationship": null,
      "outcomeResolution": null,
      "prediction": null,
      "plotSummaryInfoCount": 1,
      "plotSummaryInfo": {
        "classification": "의사소통",
        "readAge": "초등_저학년",
        "form": "short-form",
        "plotSummaryText": "나는 깃털을 꼬리에 달고 친구들이 보면 멋지다고 할 거란 생각에 기쁜 마음으로 집으로 향했습니다.",
        "textWordEA": 14
      }
    },
    {
      "srcTextID": "147892",
      "srcText": "“예전 너의 깃털이 더 예쁜걸?” “지금은 날지도 않잖아. 네가 날 때 얼마나 멋있었다고!”",
      "srcPage": 14,
      "srcSentenceEA": 3,
      "srcWordEA": 14,
      "character": "깃털",
      "setting": null,
      "action": "날지도",
      "feeling": "예쁜걸,멋있었다고",
      "causalRelationship": null,
      "outcomeResolution": null,
      "prediction": null,
      "plotSummaryInfoCount": 1,
      "plotSummaryInfo": {
        "classification": "의사소통",
        "readAge": "초등_저학년",
        "form": "short-form",
        "plotSummaryText": "예전 너의 깃털이 더 예쁘고, 날 때가 멋있었다고 말했습니다.",
        "textWordEA": 9
      }
    },
    {
      "srcTextID": "147883",
      "srcText": "난 내 모습을 많은 곳에 알리고 싶었어. 나는 이웃 마을로 가서 한껏 자랑을 했지. 그런데 동물들이 날 보고 깔깔대는 거야.",
      "srcPage": 3,
      "srcSentenceEA": 3,
      "srcWordEA": 22,
      "character": "동물들",
      "setting": "이웃 마을",
      "action": "알리고,자랑을 했지,깔깔대는",
      "feeling": null,
      "causalRelationship": null,
      "outcomeResolution": null,
      "prediction": null,
      "plotSummaryInfoCount": 1,
      "plotSummaryInfo": {
        "classification": "의사소통",
        "readAge": "초등_저학년",
        "form": "short-form",
        "plotSummaryText": "난 내 모습을 알리고 싶어서 이웃 마을로 가 자랑을 했는데 동물들이 날 보고 깔깔댔습니다.",
        "textWordEA": 14
      }
    },
    {
      "srcTextID": "147890",
      "srcText": "“네가 정말 후투라고?” “그 꼬리는 뭐니? 왜 날지 않는 거야?” “나는 이제 세상에서 하나뿐인 멋진 공작이 되었거든!”",
      "srcPage": 11,
      "srcSentenceEA": 4,
      "srcWordEA": 18,
      "character": "후투,꼬리,공작",
      "setting": null,
      "action": "날지 않는 거야",
      "feeling": null,
      "causalRelationship": null,
      "outcomeResolution": null,
      "prediction": null,
      "plotSummaryInfoCount": 1,
      "plotSummaryInfo": {
        "classification": "의사소통",
        "readAge": "초등_저학년",
        "form": "long-form",
        "plotSummaryText": "왜 날지 않는냐고 물어서, 나는 세상에서 하나뿐인 멋진 공작이 되었다고 말했습니다.",
        "textWordEA": 11
      }
    },
    {
      "srcTextID": "147891",
      "srcText": "나는 사뿐사뿐 걸어서 친구들에게 다가갔어. “후투가 이상해!” “정말 멋진 새였는데.”",
      "srcPage": 12,
      "srcSentenceEA": 3,
      "srcWordEA": 10,
      "character": "친구들,후투,새",
      "setting": null,
      "action": "걸어서,다가갔어",
      "feeling": null,
      "causalRelationship": null,
      "outcomeResolution": null,
      "prediction": null,
      "plotSummaryInfoCount": 1,
      "plotSummaryInfo": {
        "classification": "의사소통",
        "readAge": "초등_저학년",
        "form": "short-form",
        "plotSummaryText": "내가 걸어서 친구들에게 다가가자, 정말 멋진 새였는데 후투가 이상해졌다고 말했습니다.",
        "textWordEA": 10
      }
    }
  ]
}