{
  "title": "봉이 김선달",
  "author": "이림",
  "illustrator": "여운장",
  "isbn": "9788992191517",
  "publishedYear": 2006,
  "publisher": "한국아이엔이",
  "paragraphInfoCount": 50,
  "paragraphInfo": [
    {
      "srcTextID": "101646",
      "srcText": "김 선달은 장닭을 받아 안고는 소리소리 질렀어요. \"야, 봉이다! 김 선달이가 봉을 잡았어!\"",
      "srcPage": 18,
      "srcSentenceEA": 3,
      "srcWordEA": 14,
      "character": "김 선달,장닭",
      "setting": null,
      "action": "받아 안고는,질렀어요,잡았어",
      "feeling": null,
      "causalRelationship": null,
      "outcomeResolution": null,
      "prediction": null,
      "plotSummaryInfoCount": 1,
      "plotSummaryInfo": {
        "classification": "의사소통",
        "readAge": "초등_저학년",
        "form": "short-form",
        "plotSummaryText": "김 선달은 장 닭을 받아 안고는 김 선달이가 봉을 잡았다며 소리를 질렀다.",
        "textWordEA": 12
      }
    },
    {
      "srcTextID": "101649",
      "srcText": "사또는 김 선달이 자꾸 장닭을 봉이라고 우기자 노발대발했어요. \"이놈이 어느 안전이라고 감히 거짓말을 해. 가만, 닭장수가 그랬다고? 여봐라, 당장 닭장수를 잡아 오너라.\"",
      "srcPage": 20,
      "srcSentenceEA": 4,
      "srcWordEA": 24,
      "character": "사또,김 선달,장닭,봉,닭장수",
      "setting": null,
      "action": "잡아 오너라",
      "feeling": null,
      "causalRelationship": null,
      "outcomeResolution": null,
      "prediction": null,
      "plotSummaryInfoCount": 1,
      "plotSummaryInfo": {
        "classification": "의사소통",
        "readAge": "초등_저학년",
        "form": "long-form",
        "plotSummaryText": "김 선달이 장 닭을 봉이라고 우기자, 사또는 거짓말을 한 닭 장수를 당장 잡아 오라고 했다.",
        "textWordEA": 15
      }
    },
    {
      "srcTextID": "101670",
      "srcText": "그리고는 또 자기 머리 위를 가리키며 말했어요. \"그럼, 노인장 이건 뭐요?\" \"갓이오.\" 그러자 김 선달은 얼른 가게를 나와 달아나는 시늉을 했어요.",
      "srcPage": 40,
      "srcSentenceEA": 3,
      "srcWordEA": 22,
      "character": "노인장,김 선달",
      "setting": "가게",
      "action": "가리키며 말했어요,나와 달아나는",
      "feeling": null,
      "causalRelationship": null,
      "outcomeResolution": null,
      "prediction": null,
      "plotSummaryInfoCount": 1,
      "plotSummaryInfo": {
        "classification": "의사소통",
        "readAge": "초등_저학년",
        "form": "short-form",
        "plotSummaryText": "김 선달은 노인장에게 자기 머리 위를 가리키며 무엇이냐고 묻고는, 갓이라는 대답에 달아나는 시늉을 했다.",
        "textWordEA": 14
      }
    },
    {
      "srcTextID": "101630",
      "srcText": "과거 시험을 보러 평양에서 한양으로 온 김 선달은 주막에 짐을 푼 뒤 내내 놀기만 했어요. 보다 못한 친구들이 나무랐어요. \"내일이 시험인데 그렇게 놀기만 하면 어떻하나!\" 그래도 김 선달은 천장을 보고 누워 웃기만 했어요.",
      "srcPage": 1,
      "srcSentenceEA": 4,
      "srcWordEA": 35,
      "character": "김 선달,친구,평양",
      "setting": null,
      "action": "보러,놀기만 했어요,보고,누워",
      "feeling": null,
      "causalRelationship": null,
      "outcomeResolution": null,
      "prediction": null,
      "plotSummaryInfoCount": 1,
      "plotSummaryInfo": {
        "classification": "의사소통",
        "readAge": "초등_저학년",
        "form": "long-form",
        "plotSummaryText": "평양에서 과거 시험을 보러 온 김 선달이 놀기만 해서 친구들이 나무랐지만, 그래도 김 선달은 천장을 보고 누워 웃기만 했다.",
        "textWordEA": 19
      }
    },
    {
      "srcTextID": "101632",
      "srcText": "날이 밝았어요. 친구들은 주막을 나서는 김 선달의 모습을 보고 깜짝 놀랐어요. \"자네 어찌 된 것 아냐?\"",
      "srcPage": 2,
      "srcSentenceEA": 3,
      "srcWordEA": 17,
      "character": "친구,김 선달",
      "setting": null,
      "action": "나서는,보고",
      "feeling": "깜짝 놀랐어요",
      "causalRelationship": null,
      "outcomeResolution": null,
      "prediction": null,
      "plotSummaryInfoCount": 1,
      "plotSummaryInfo": {
        "classification": "의사소통",
        "readAge": "초등_저학년",
        "form": "short-form",
        "plotSummaryText": "날이 밝자, 주막을 나서는 김 선달의 모습을 보고 친구들은 깜짝 놀랐다.",
        "textWordEA": 11
      }
    },
    {
      "srcTextID": "101631",
      "srcText": "\"시험장에 가는 사람이......\" \"이 더위에 솜을 입고, 머리엔 바가지를 쓰고......\" 꼭 밥 얻으러 가는 거지같았어요.",
      "srcPage": 3,
      "srcSentenceEA": 3,
      "srcWordEA": 16,
      "character": "사람,거지,바가지",
      "setting": null,
      "action": "가는,입고,쓰고,얻으러",
      "feeling": null,
      "causalRelationship": null,
      "outcomeResolution": null,
      "prediction": null,
      "plotSummaryInfoCount": 1,
      "plotSummaryInfo": {
        "classification": "의사소통",
        "readAge": "초등_저학년",
        "form": "short-form",
        "plotSummaryText": "꼭 밥 얻으러 가는 거지같이 솜을 입고, 머리에는 바가지를 썼다.",
        "textWordEA": 10
      }
    },
    {
      "srcTextID": "101636",
      "srcText": "드디어 시험을 보게 되었어요. 초시(과거의 맨 처음 시험)라 구술(입으로 묻고 대답하는 것)을 한 후 그 자리에서 바로 합격, 불합격이 가려지게 되어 있었어요. 드디어 김 선달의 차례가 되었어요.",
      "srcPage": 4,
      "srcSentenceEA": 3,
      "srcWordEA": 29,
      "character": "김 선달,구술,시험",
      "setting": null,
      "action": "시험을 보게",
      "feeling": null,
      "causalRelationship": null,
      "outcomeResolution": null,
      "prediction": null,
      "plotSummaryInfoCount": 1,
      "plotSummaryInfo": {
        "classification": "의사소통",
        "readAge": "초등_저학년",
        "form": "short-form",
        "plotSummaryText": "초시와 구술로 합격과 불합격이 가려지는 시험에 드디어 김 선달의 차례가 되었다.",
        "textWordEA": 11
      }
    },
    {
      "srcTextID": "101637",
      "srcText": "시험관은 눈이 동그래졌어요. 염병은 아주 잘 옮는 무서운 열병이었어요. \"저, 저만큼 떨어져라.\"",
      "srcPage": 6,
      "srcSentenceEA": 3,
      "srcWordEA": 13,
      "character": "시험관,눈",
      "setting": null,
      "action": "떨어져라,눈이 동그래졌어요",
      "feeling": null,
      "causalRelationship": null,
      "outcomeResolution": null,
      "prediction": null,
      "plotSummaryInfoCount": 1,
      "plotSummaryInfo": {
        "classification": "의사소통",
        "readAge": "초등_저학년",
        "form": "short-form",
        "plotSummaryText": "시험관은 눈이 동그래져서 저만큼 떨어지라고 말했다.",
        "textWordEA": 6
      }
    },
    {
      "srcTextID": "101638",
      "srcText": "시험관이 말하자 김 선달은 더 가까이 다가가며 말했어요. \"혹시 제 목소리가 안 들릴까 봐서요. 그래 문제는 뭔가요?\"",
      "srcPage": 7,
      "srcSentenceEA": 3,
      "srcWordEA": 18,
      "character": "시험관,김 선달",
      "setting": null,
      "action": "말하자,가까이 다가가며",
      "feeling": null,
      "causalRelationship": null,
      "outcomeResolution": null,
      "prediction": null,
      "plotSummaryInfoCount": 1,
      "plotSummaryInfo": {
        "classification": "의사소통",
        "readAge": "초등_저학년",
        "form": "short-form",
        "plotSummaryText": "김 선달은 시험관에게 더 가까이 다가가서는, 문제가 무엇이냐고 물었다.",
        "textWordEA": 9
      }
    },
    {
      "srcTextID": "101633",
      "srcText": "\"아, 아무거나 사서 오경 중에서...... 저 버드나무 밑으로 가서 외워라!\" 김 선달은 못 이기는 척하고 앞뜰 버드나무 밑으로 갔어요.",
      "srcPage": 8,
      "srcSentenceEA": 3,
      "srcWordEA": 21,
      "character": "김 선달",
      "setting": "앞뜰 버드나무 밑",
      "action": "갔어요,가서 외워라",
      "feeling": null,
      "causalRelationship": null,
      "outcomeResolution": null,
      "prediction": null,
      "plotSummaryInfoCount": 1,
      "plotSummaryInfo": {
        "classification": "의사소통",
        "readAge": "초등_저학년",
        "form": "short-form",
        "plotSummaryText": "앞뜰 버드나무 밑으로 가서 사서 오경 중에서 아무거나 외우라는 말에, 김 선달은 못 이기는 척하며 갔다.",
        "textWordEA": 16
      }
    },
    {
      "srcTextID": "101635",
      "srcText": "\"웅얼웅얼, 궁시렁 궁시렁......\" 아무렇게나 막 중얼댔어요. 물론 시험관은 하나도 듣지 못했어요.",
      "srcPage": 9,
      "srcSentenceEA": 3,
      "srcWordEA": 13,
      "character": "시험관",
      "setting": null,
      "action": "중얼댔어요,듣지",
      "feeling": null,
      "causalRelationship": null,
      "outcomeResolution": null,
      "prediction": null,
      "plotSummaryInfoCount": 1,
      "plotSummaryInfo": {
        "classification": "의사소통",
        "readAge": "초등_저학년",
        "form": "short-form",
        "plotSummaryText": "아무렇게나 중얼댔지만 시험관은 하나도 듣지 못했다.",
        "textWordEA": 6
      }
    },
    {
      "srcTextID": "101642",
      "srcText": "김 선달의 집은 늘 가난했어요. 어느 봄날, 선달의 부인이 훌쩍거리며 말했어요. \"집에 돈이라고는 닷 냥밖에 없어요.\"",
      "srcPage": 11,
      "srcSentenceEA": 3,
      "srcWordEA": 17,
      "character": "김 선달,부인,돈",
      "setting": null,
      "action": "훌쩍거리며 말했어요",
      "feeling": null,
      "causalRelationship": null,
      "outcomeResolution": null,
      "prediction": null,
      "plotSummaryInfoCount": 1,
      "plotSummaryInfo": {
        "classification": "의사소통",
        "readAge": "초등_저학년",
        "form": "short-form",
        "plotSummaryText": "어느 봄 날, 김 선달의 부인이 집에 돈이 닷 냥밖에 없다고 말했다.",
        "textWordEA": 12
      }
    },
    {
      "srcTextID": "101647",
      "srcText": "먼저 닭장 앞으로 가서 큰 장닭 한 마리를 뚫어지게 바라보며 중얼거렸어요. \"와 잘 생겼다! 이 새가 도대체 무슨 새지?\"",
      "srcPage": 14,
      "srcSentenceEA": 3,
      "srcWordEA": 20,
      "character": "큰 장닭",
      "setting": "닭장 앞",
      "action": "가서,바라보며",
      "feeling": null,
      "causalRelationship": null,
      "outcomeResolution": null,
      "prediction": null,
      "plotSummaryInfoCount": 1,
      "plotSummaryInfo": {
        "classification": "의사소통",
        "readAge": "초등_저학년",
        "form": "short-form",
        "plotSummaryText": "닭장 앞으로 가서는 큰 장 닭을 바라보며, 이 새가 도대체 무슨 새냐고 물었다.",
        "textWordEA": 13
      }
    },
    {
      "srcTextID": "101645",
      "srcText": "'새? 닭을 보고 새라니? 이 얼간이.' 닭장수는 슬그머니 김 선달에게 다가갔어요. \"맞아요. 전설 속의 봉황새 수컷, 봉이라는 새요.\"",
      "srcPage": 15,
      "srcSentenceEA": 4,
      "srcWordEA": 22,
      "character": "닭,얼간이,닭장수,김 선달,봉황새",
      "setting": null,
      "action": "다가갔어요",
      "feeling": null,
      "causalRelationship": null,
      "outcomeResolution": null,
      "prediction": null,
      "plotSummaryInfoCount": 1,
      "plotSummaryInfo": {
        "classification": "의사소통",
        "readAge": "초등_저학년",
        "form": "long-form",
        "plotSummaryText": "닭 장수는 얼간이 같은 김 선달에게 전설 속의 봉황새 수컷, 봉이라는 새라고 대답했다.",
        "textWordEA": 13
      }
    },
    {
      "srcTextID": "101643",
      "srcText": "\"그럼, 내가 사겠소. 값이 얼마요?\" 닭장수는 옳다구나 하고 머릿속으로 셈을 했어요. '닭 한 마리에 두 냥이니 열 배, 그래 스무 냥만 받자.'",
      "srcPage": 16,
      "srcSentenceEA": 4,
      "srcWordEA": 24,
      "character": "닭장수,닭",
      "setting": null,
      "action": "내가 사겠소",
      "feeling": null,
      "causalRelationship": null,
      "outcomeResolution": null,
      "prediction": null,
      "plotSummaryInfoCount": 1,
      "plotSummaryInfo": {
        "classification": "의사소통",
        "readAge": "초등_저학년",
        "form": "long-form",
        "plotSummaryText": "자신이 사겠다는 말에 닭 장수는 닭 한 마리 가격의 열 배인 스무 냥을 받기로 했다.",
        "textWordEA": 15
      }
    },
    {
      "srcTextID": "101644",
      "srcText": "\"스무 냥만 주슈.\" \"뭐요? 난 닷 냥밖에 없는데......\" 닭장수는 잠시 머뭇거리다가 장닭을 내밀며 말했어요. \"에이, 그럼 닷 냥에 가져가슈.\"",
      "srcPage": 17,
      "srcSentenceEA": 4,
      "srcWordEA": 21,
      "character": "닭장수,장닭",
      "setting": null,
      "action": "내밀며,가져가슈",
      "feeling": null,
      "causalRelationship": null,
      "outcomeResolution": null,
      "prediction": null,
      "plotSummaryInfoCount": 1,
      "plotSummaryInfo": {
        "classification": "의사소통",
        "readAge": "초등_저학년",
        "form": "long-form",
        "plotSummaryText": "스무 냥을 달라고 했지만 닷 냥밖에 없다는 말에 닭 장수는 닷 냥에 가져가라며 장 닭을 내밀었다.",
        "textWordEA": 16
      }
    },
    {
      "srcTextID": "101659",
      "srcText": "다음 날이었어요. 김 선달은 큰 됫박을 앞에 놓고 동문 밖에 앉아 있었어요. \"자, 한 냥, 물값이오.\" 짤랑! 짤랑!",
      "srcPage": 29,
      "srcSentenceEA": 5,
      "srcWordEA": 21,
      "character": "김 선달,큰 됫박",
      "setting": "다음 날",
      "action": "놓고,앉아 있었어요",
      "feeling": null,
      "causalRelationship": null,
      "outcomeResolution": null,
      "prediction": null,
      "plotSummaryInfoCount": 1,
      "plotSummaryInfo": {
        "classification": "의사소통",
        "readAge": "초등_저학년",
        "form": "long-form",
        "plotSummaryText": "다음 날, 김 선달은 동문 밖에 앉아 큰 됫박을 앞에 놓고는 물 값은 한 냥이라고 외쳤다.",
        "textWordEA": 16
      }
    },
    {
      "srcTextID": "101658",
      "srcText": "\"저 많은 대동강물을 다 팔면 도대체 얼마나 되겠나?\" 한양 부자들은 부리나케 김 선달한테로 달려갔어요. \"저, 선달님. 어떻게 하면 우리도 선달님처럼 대동강물을 팔 수가 있습니까?\"",
      "srcPage": 31,
      "srcSentenceEA": 4,
      "srcWordEA": 26,
      "character": "부자,김 선달,선달님",
      "setting": null,
      "action": "팔면,달려갔어요",
      "feeling": null,
      "causalRelationship": null,
      "outcomeResolution": null,
      "prediction": null,
      "plotSummaryInfoCount": 1,
      "plotSummaryInfo": {
        "classification": "의사소통",
        "readAge": "초등_저학년",
        "form": "long-form",
        "plotSummaryText": "한양 부자들은 김 선달에게로 달려가서 자기들도 대동강 물을 팔 수 있느냐고 물었다.",
        "textWordEA": 12
      }
    },
    {
      "srcTextID": "101665",
      "srcText": "그런데 지나가는 물지게꾼들이 아무도 돈을 내지 않는 것 이었어요. \"물값을 내시오!\" \"물값을 내라니깐?\"",
      "srcPage": 35,
      "srcSentenceEA": 3,
      "srcWordEA": 13,
      "character": "물지게꾼,물값",
      "setting": null,
      "action": "지나가는",
      "feeling": null,
      "causalRelationship": null,
      "outcomeResolution": null,
      "prediction": null,
      "plotSummaryInfoCount": 1,
      "plotSummaryInfo": {
        "classification": "의사소통",
        "readAge": "초등_저학년",
        "form": "short-form",
        "plotSummaryText": "지나가는 물지게꾼들이 돈을 내지 않자, 물값을 내라고 말했다.",
        "textWordEA": 8
      }
    },
    {
      "srcTextID": "101666",
      "srcText": "물지게꾼들이 달려와 오히려 삿대질을 하며 따졌어요. \"이 괘씸한 양반들, 흘러가는 물을 두고 값을 내라니.\" 한양 부자들은 그제야 속은 것을 알았어요. 그 뒤로부터 한양 사람들은 절대로 평양 사람들을 깔보지 않았대나, 어쨌대나......",
      "srcPage": 36,
      "srcSentenceEA": 4,
      "srcWordEA": 32,
      "character": "물지게꾼,양반들,한양 부자들",
      "setting": null,
      "action": "달려와,삿대질을 하며",
      "feeling": null,
      "causalRelationship": null,
      "outcomeResolution": null,
      "prediction": null,
      "plotSummaryInfoCount": 1,
      "plotSummaryInfo": {
        "classification": "의사소통",
        "readAge": "초등_저학년",
        "form": "long-form",
        "plotSummaryText": "물지게꾼들은 오히려 삿대질을 하며 따졌고, 그제야 속은 것을 안 한양 부자들은 절대로 평양 사람들을 깔보지 않았다고 한다.",
        "textWordEA": 17
      }
    },
    {
      "srcTextID": "101671",
      "srcText": "김 선달은 자신의 저고리를 가리키며 이게 뭐냐고 물었어요. \"옷이요.\" 그러자 김 선달은 과일가게 안으로 성큼 들어갔어요. 그리고는 잣을 가리키며 물었어요. \"이건 뭐예요?\" \"잣이오.\" 그러자 김 선달은 잣을 한 움큼 집어 입 안으로 털어 넣었어요.",
      "srcPage": 39,
      "srcSentenceEA": 5,
      "srcWordEA": 37,
      "character": "김 선달,옷",
      "setting": null,
      "action": "가리키며,들어갔어요,집어,털어 넣었어요",
      "feeling": null,
      "causalRelationship": null,
      "outcomeResolution": null,
      "prediction": null,
      "plotSummaryInfoCount": 1,
      "plotSummaryInfo": {
        "classification": "의사소통",
        "readAge": "초등_저학년",
        "form": "long-form",
        "plotSummaryText": "김 선달은 자기 저고리가 뭐냐고 묻고는 옷이라고 하자, 이번에는 잣을 가리키며 무엇이냐고 묻고는 잣이라는 답을 들은 후 잣을 입 안으로 털어 넣었다.",
        "textWordEA": 22
      }
    },
    {
      "srcTextID": "101672",
      "srcText": "노인이 놀라 큰 소리로 불렀어요. \"이보오! 이보오! 잣값을 주고 가야지.\" \"아니, 노인장! 먹으라고 할 때는 언제고 돈을내 놓으라니.\"",
      "srcPage": 41,
      "srcSentenceEA": 5,
      "srcWordEA": 21,
      "character": "노인,돈",
      "setting": null,
      "action": "불렀어요,먹으라고,내 놓으라니",
      "feeling": "놀라",
      "causalRelationship": null,
      "outcomeResolution": null,
      "prediction": null,
      "plotSummaryInfoCount": 1,
      "plotSummaryInfo": {
        "classification": "의사소통",
        "readAge": "초등_저학년",
        "form": "long-form",
        "plotSummaryText": "노인이 놀라서 잣 값을 달라고 부르자, 먹으라고 할 때는 언제고 돈을 내 놓으라고 하냐고 말했다.",
        "textWordEA": 15
      }
    },
    {
      "srcTextID": "101675",
      "srcText": "그러자 시험관은 구술 시험임에도 불구하고 병이 옮을까 봐 김 선달을 멀리 떼어 놓습니다. 멀리 앉은 김 선달은 시험관의 질문에 궁시렁 궁시렁 얼렁뚱땅 대답을 하고 제대로 듣지 못한 시험관은 '합겨억' 이라고 외칩니다. 그 외 김 선달이 봉이 김 선달이라 부르게 된 이유와 대동 강물을 팔아 먹는 이야기와 놀고 먹는 노인 아들을 혼내 주는 이야기 등이 있어요.",
      "srcPage": 46,
      "srcSentenceEA": 4,
      "srcWordEA": 58,
      "character": "시험관,김 선달,노인,아들",
      "setting": null,
      "action": "떼어 놓습니다,앉은,외칩니다",
      "feeling": null,
      "causalRelationship": null,
      "outcomeResolution": null,
      "prediction": null,
      "plotSummaryInfoCount": 1,
      "plotSummaryInfo": {
        "classification": "의사소통",
        "readAge": "초등_저학년",
        "form": "long-form",
        "plotSummaryText": "병이 옮을까 봐 합격을 외친 시험관의 이야기 외에 봉이 김 선달이라 부르게 된 이유와 대동강물을 팔아먹는 이야기, 그리고 놀고먹는 노인의 아들을 혼내 주는 이야기가 있다.",
        "textWordEA": 25
      }
    },
    {
      "srcTextID": "101680",
      "srcText": "둘은 공부를 함께 한 친구였죠. 그런데 소진이 먼저 출세를 하여 높은 벼슬에 올랐어요. 소진은 장의 몰래 사람을 보내 친구가 자기에게 벼슬을 부탁하게 만들었어요.",
      "srcPage": 48,
      "srcSentenceEA": 3,
      "srcWordEA": 25,
      "character": "친구,소진,장의",
      "setting": null,
      "action": "올랐어요,사람을 보내",
      "feeling": null,
      "causalRelationship": null,
      "outcomeResolution": null,
      "prediction": null,
      "plotSummaryInfoCount": 1,
      "plotSummaryInfo": {
        "classification": "의사소통",
        "readAge": "초등_저학년",
        "form": "short-form",
        "plotSummaryText": "함께 공부했지만 소진이 먼저 출세하여 벼슬에 오르자, 소진은 장의 몰래 사람을 보내어 친구가 자기에게 벼슬을 부탁하게 만들었다.",
        "textWordEA": 17
      }
    },
    {
      "srcTextID": "101634",
      "srcText": "\"아니, 자네 왜 그러는가?\" 솜을 입고도 벌벌 떨고 있는 김 선달을 보고 시험관이 물었어요. \"네, 염병에 걸려서... 아이고 추워, 덜덜덜덜......\"",
      "srcPage": 5,
      "srcSentenceEA": 4,
      "srcWordEA": 22,
      "character": "김 선달,시험관",
      "setting": null,
      "action": "보고,입고도",
      "feeling": null,
      "causalRelationship": null,
      "outcomeResolution": null,
      "prediction": null,
      "plotSummaryInfoCount": 1,
      "plotSummaryInfo": {
        "classification": "의사소통",
        "readAge": "초등_저학년",
        "form": "long-form",
        "plotSummaryText": "솜을 입고도 벌벌 떠는 김 선달에게 시험관이 이유를 묻자, 김 선달은 염병에 걸려서 춥다고 대답했다.",
        "textWordEA": 15
      }
    },
    {
      "srcTextID": "101640",
      "srcText": "\"아참! 오늘이 장날이지. 장에 가면 무슨 수가 생기겠지.\" 김 선달은 부리나케 저잣거리로 갔어요.",
      "srcPage": 13,
      "srcSentenceEA": 3,
      "srcWordEA": 16,
      "character": "김 선달",
      "setting": "저잣거리",
      "action": "가면,갔어요",
      "feeling": null,
      "causalRelationship": null,
      "outcomeResolution": null,
      "prediction": null,
      "plotSummaryInfoCount": 1,
      "plotSummaryInfo": {
        "classification": "의사소통",
        "readAge": "초등_저학년",
        "form": "short-form",
        "plotSummaryText": "김 선달은 장에 가면 무슨 수가 생길 것이라며 저잣거리로 갔다.",
        "textWordEA": 10
      }
    },
    {
      "srcTextID": "101648",
      "srcText": "그리고 그 길로 바로 관가로 달려갔어요. \"사또께 아뢰나이다. 제가 귀한 새, 봉을 구하여 사또께 바치러 왔나이다.\"",
      "srcPage": 19,
      "srcSentenceEA": 3,
      "srcWordEA": 17,
      "character": "사또,봉",
      "setting": "관가",
      "action": "달려갔어요,구하여,바치러 왔나이다",
      "feeling": null,
      "causalRelationship": null,
      "outcomeResolution": null,
      "prediction": null,
      "plotSummaryInfoCount": 1,
      "plotSummaryInfo": {
        "classification": "의사소통",
        "readAge": "초등_저학년",
        "form": "short-form",
        "plotSummaryText": "그 길로 관가로 달려가 사또에게 봉을 바치러 왔다고 말했다.",
        "textWordEA": 9
      }
    },
    {
      "srcTextID": "101652",
      "srcText": "포졸들이 쏜살같이 달려가 닭장수를 잡아 왔어요. \"네 이놈, 네놈이 닭을 봉이라고 속여 팔았겠다? 그래, 얼마나 받고 팔았더란 말이냐?\"",
      "srcPage": 21,
      "srcSentenceEA": 3,
      "srcWordEA": 19,
      "character": "포졸,닭장수,봉,닭",
      "setting": null,
      "action": "달려가,잡아 왔어요,팔았겠다",
      "feeling": null,
      "causalRelationship": null,
      "outcomeResolution": null,
      "prediction": null,
      "plotSummaryInfoCount": 1,
      "plotSummaryInfo": {
        "classification": "의사소통",
        "readAge": "초등_저학년",
        "form": "short-form",
        "plotSummaryText": "포졸들이 닭 장수를 잡아 오자, 닭을 봉이라 속여서 얼마를 받았는지 물었다.",
        "textWordEA": 11
      }
    },
    {
      "srcTextID": "101650",
      "srcText": "\"예, 예 사또 그게......\" 닭장수가 더듬거리고 있을 때 김 선달이 얼른 끼여들었어요. “스무 냥을 주고 샀사옵니다.”",
      "srcPage": 22,
      "srcSentenceEA": 3,
      "srcWordEA": 17,
      "character": "사또,닭장수,김 선달",
      "setting": null,
      "action": "끼여들었어요,샀사옵니다",
      "feeling": null,
      "causalRelationship": null,
      "outcomeResolution": null,
      "prediction": null,
      "plotSummaryInfoCount": 1,
      "plotSummaryInfo": {
        "classification": "의사소통",
        "readAge": "초등_저학년",
        "form": "short-form",
        "plotSummaryText": "닭 장수가 더듬거리자, 김 선달이 끼어들어 스무 냥을 주고 샀다고 말했다.",
        "textWordEA": 11
      }
    },
    {
      "srcTextID": "101651",
      "srcText": "이윽고 사또는 판결을 내렸어요. “닭장수는 김 선달에게 스무 냥을 주어라. “닷 냥을 스무 냥으로 만든 김 선달은 신나게 집으로 돌아왔어요. 김 선달 앞에 봉이가 붙게 된 까닭, 이제 알겠지요?",
      "srcPage": 23,
      "srcSentenceEA": 4,
      "srcWordEA": 30,
      "character": "사또,닭장수",
      "setting": "집",
      "action": "내렸어요,주어라,돌아왔어요",
      "feeling": null,
      "causalRelationship": null,
      "outcomeResolution": null,
      "prediction": null,
      "plotSummaryInfoCount": 1,
      "plotSummaryInfo": {
        "classification": "의사소통",
        "readAge": "초등_저학년",
        "form": "long-form",
        "plotSummaryText": "사또는 닭 장수가 김 선달에게 스무 냥을 주라고 판결을 내렸고, 김 선달은 신나게 집으로 돌아왔다.",
        "textWordEA": 15
      }
    },
    {
      "srcTextID": "101655",
      "srcText": "무더운 여름날이었어요. 봉이 김 선달이 주막 마당 나무 밑에 앉아 술을 마시고 있을 때, 방 안에서 떠들썩한 소리가 났어요. \"하하하! 새까만 평양 촌놈들.\"",
      "srcPage": 24,
      "srcSentenceEA": 3,
      "srcWordEA": 25,
      "character": "김 선달,주막",
      "setting": "무더운 여름날",
      "action": "앉아,마시고",
      "feeling": null,
      "causalRelationship": null,
      "outcomeResolution": null,
      "prediction": null,
      "plotSummaryInfoCount": 1,
      "plotSummaryInfo": {
        "classification": "의사소통",
        "readAge": "초등_저학년",
        "form": "short-form",
        "plotSummaryText": "무더운 여름날, 김 선달이 주막 나무 밑에 앉아 술을 마시고 있는데,  방 안에서 새까만 평양 촌놈들이라는 소리가 들렸다.",
        "textWordEA": 19
      }
    },
    {
      "srcTextID": "101654",
      "srcText": "\"우히히히! 며칠 동안만 머리를 잘 굴리면 평양 돈 우리가 다 벌어 가겠어.\" 한양 장사치들이었어요. '뭐? 평양 촌놈? 저 한양 부자들을 어떻게 골탕먹인담?'",
      "srcPage": 25,
      "srcSentenceEA": 4,
      "srcWordEA": 26,
      "character": "장사치,촌놈,한양 부자들",
      "setting": null,
      "action": "벌어 가겠어",
      "feeling": null,
      "causalRelationship": null,
      "outcomeResolution": null,
      "prediction": null,
      "plotSummaryInfoCount": 1,
      "plotSummaryInfo": {
        "classification": "의사소통",
        "readAge": "초등_저학년",
        "form": "long-form",
        "plotSummaryText": "평양의 돈을 다 벌어가겠다는 한양의 장사치들의 말에, 한양 부자들을 어떻게 골탕 먹일지 생각했다.",
        "textWordEA": 13
      }
    },
    {
      "srcTextID": "101656",
      "srcText": "생각에 잠겨 걷다 보니 김 선달은 대동강변에 이르게 되었어요. 마침 지나가던 두 물지게꾼이 인사를 했어요. \"안녕하세요, 선달님.\"",
      "srcPage": 26,
      "srcSentenceEA": 3,
      "srcWordEA": 18,
      "character": "김 선달,물지게꾼,선달님",
      "setting": "대동강변",
      "action": "걷다,이르게 되었어요,지나가던,인사를 했어요",
      "feeling": null,
      "causalRelationship": null,
      "outcomeResolution": null,
      "prediction": null,
      "plotSummaryInfoCount": 1,
      "plotSummaryInfo": {
        "classification": "의사소통",
        "readAge": "초등_저학년",
        "form": "short-form",
        "plotSummaryText": "김 선달이 생각에 잠겨 걷다 보니 대동강변에 이르렀고, 지나가던 두 물지게꾼이 인사를 했다.",
        "textWordEA": 13
      }
    },
    {
      "srcTextID": "101653",
      "srcText": "\"오, 배 서방 잘 있었나? 박 서방도?\" 순간, 봉이 김 선달 머리에 좋은 생각이 떠올랐어요.",
      "srcPage": 27,
      "srcSentenceEA": 3,
      "srcWordEA": 17,
      "character": "서방,김 선달",
      "setting": null,
      "action": "떠올랐어요",
      "feeling": null,
      "causalRelationship": null,
      "outcomeResolution": null,
      "prediction": null,
      "plotSummaryInfoCount": 1,
      "plotSummaryInfo": {
        "classification": "의사소통",
        "readAge": "초등_저학년",
        "form": "short-form",
        "plotSummaryText": "배 서방과 박 서방에게 인사를 하던 봉이 김 선달에게 좋은 생각이 떠올랐다.",
        "textWordEA": 12
      }
    },
    {
      "srcTextID": "101662",
      "srcText": "지나가는 물지게꾼들마다 돈을 넣고 갔어요. 마침 동문 밖을 지나가던 한양 부자들이 그 모습을 보게 됐어요. \"아니, 평양에서는 물값도 받는 모양이지?\"",
      "srcPage": 30,
      "srcSentenceEA": 3,
      "srcWordEA": 21,
      "character": "물지게꾼",
      "setting": null,
      "action": "지나가는,넣고 갔어요,지나가던,보게 됐어요",
      "feeling": null,
      "causalRelationship": null,
      "outcomeResolution": null,
      "prediction": null,
      "plotSummaryInfoCount": 1,
      "plotSummaryInfo": {
        "classification": "의사소통",
        "readAge": "초등_저학년",
        "form": "short-form",
        "plotSummaryText": "물지게꾼들이 돈을 넣고 가는 모습을 보게 된 한양 부자들은 평양에서는 물 값도 받는다고 생각했어요.",
        "textWordEA": 14
      }
    },
    {
      "srcTextID": "101660",
      "srcText": "봉이 김 선달은 시치미를 뚝 뗐어요. \"대동강물은 대대로 우리 가문 거예요. 그러니까 우리 8대조 선조께서......\"",
      "srcPage": 32,
      "srcSentenceEA": 3,
      "srcWordEA": 16,
      "character": "김 선달,선조",
      "setting": null,
      "action": "시치미를 뚝 뗐어요",
      "feeling": null,
      "causalRelationship": null,
      "outcomeResolution": null,
      "prediction": null,
      "plotSummaryInfoCount": 1,
      "plotSummaryInfo": {
        "classification": "의사소통",
        "readAge": "초등_저학년",
        "form": "short-form",
        "plotSummaryText": "봉이 김 선달은 대동강물은 선조 대대로 가문의 것이라고 시치미를 뗐다.",
        "textWordEA": 10
      }
    },
    {
      "srcTextID": "101661",
      "srcText": "부자들은 더 안달이 났어요. \"선달님, 대동강물을 통째로 우리에게 파시오. 얼마나 하면 되겠소, 천 냥?\"",
      "srcPage": 33,
      "srcSentenceEA": 3,
      "srcWordEA": 15,
      "character": "선달님,부자들",
      "setting": null,
      "action": "파시오",
      "feeling": null,
      "causalRelationship": null,
      "outcomeResolution": null,
      "prediction": null,
      "plotSummaryInfoCount": 1,
      "plotSummaryInfo": {
        "classification": "의사소통",
        "readAge": "초등_저학년",
        "form": "short-form",
        "plotSummaryText": "안달이 난 부자들은 선달에게 대동강물을 통째로 팔라고 했다.",
        "textWordEA": 8
      }
    },
    {
      "srcTextID": "101664",
      "srcText": "\"휴, 그럼......\" 한양 부자들은 있는 돈을 몽땅 다 털어 주고 김 선달에게서 대동강물을 샀어요. 다음 날이었어요. 한양 부자들은 꼭두새벽부터 됫박을 앞에 놓고 동문 밖에서 기다렸어요.",
      "srcPage": 34,
      "srcSentenceEA": 4,
      "srcWordEA": 28,
      "character": "김 선달,부자들",
      "setting": "다음 날",
      "action": "털어 주고,샀어요,앞에 놓고,기다렸어요",
      "feeling": null,
      "causalRelationship": null,
      "outcomeResolution": null,
      "prediction": null,
      "plotSummaryInfoCount": 1,
      "plotSummaryInfo": {
        "classification": "의사소통",
        "readAge": "초등_저학년",
        "form": "long-form",
        "plotSummaryText": "다음 날, 있는 돈을 몽땅 털어 대동강물을 산 한양 부자들은 동문 밖에서 됫박을 앞에 놓고 기다렸다.",
        "textWordEA": 16
      }
    },
    {
      "srcTextID": "101669",
      "srcText": "김 선달이 한양 친구네에 갔다가 거리 구경을 나섰어요. 여기 기웃, 저기 기웃 구경을 하다가 어느 과일가게 앞에서 걸음을 멈추었어요. 머리는 백발에다 얼굴은 주름 투성이인 늙은 주인이 혼자 끙끙거리며 장사를 하고 있었거든요.",
      "srcPage": 37,
      "srcSentenceEA": 3,
      "srcWordEA": 33,
      "character": "김 선달,친구,늙은 주인",
      "setting": null,
      "action": "갔다가,구경을 나섰어요,걸음을 멈추었어요",
      "feeling": null,
      "causalRelationship": null,
      "outcomeResolution": null,
      "prediction": null,
      "plotSummaryInfoCount": 1,
      "plotSummaryInfo": {
        "classification": "의사소통",
        "readAge": "초등_저학년",
        "form": "short-form",
        "plotSummaryText": "한양 친구네에 갔다가 거리 구경을 나선 김 선달이 백발에 주름투성이인 늙은 주인이 장사를 하는 어느 과일 가게 앞에서 걸음을 멈추었다.",
        "textWordEA": 20
      }
    },
    {
      "srcTextID": "101673",
      "srcText": "싸우는 소리를 듣고 노인의 아들들이 방문을 열고 나왔어요. 김 선달은 펄쩍 뛰는 아들들에게 말했어요. \"노인장이 분명히 '오시요(옷이오)'해서 내가 가게 안에 들어왔고, '자시오(잣이오)'해서 내가 잣을 먹었고, '가시오(갓이오)'해서 내가 간 것 뿐인데 왜? 뭐가 잘못 됐소?\"",
      "srcPage": 42,
      "srcSentenceEA": 7,
      "srcWordEA": 39,
      "character": "아들,김 선달,노인장,잣",
      "setting": null,
      "action": "듣고,열고 나왔어요,들어왔고,먹었고",
      "feeling": null,
      "causalRelationship": null,
      "outcomeResolution": null,
      "prediction": null,
      "plotSummaryInfoCount": 1,
      "plotSummaryInfo": {
        "classification": "의사소통",
        "readAge": "초등_저학년",
        "form": "long-form",
        "plotSummaryText": "싸우는 소리를 듣고 노인의 아들들이 나오자, 김 선달은 노인장이 오시요 해서 들어왔고, 자시오 해서 잣을 먹었고, 가시오 해서 간 것 뿐이라고 말했다.",
        "textWordEA": 22
      }
    },
    {
      "srcTextID": "101674",
      "srcText": "아들들은 노인을 보고 화를 버럭 냈어요. \"아버지, 이제부터 아버지는 가게에 나오지 마세요, 이러다가는 우리 가게 다 망하겠어요.\" 김 선달은 과일가게를 나서며 노인에게 말했어요. \"노인장, 나를 너무 괘씸하게 생각지 마시오, 노인장은 이제부터 자식들 봉양받으며 편히 살게 될 거요.\" 어때요, 김 선달의 재치가 놀랍지 않아요?",
      "srcPage": 43,
      "srcSentenceEA": 5,
      "srcWordEA": 45,
      "character": "노인,아버지,김 선달,자식",
      "setting": null,
      "action": "보고,나오지,나서며,봉양받으며",
      "feeling": null,
      "causalRelationship": null,
      "outcomeResolution": null,
      "prediction": null,
      "plotSummaryInfoCount": 1,
      "plotSummaryInfo": {
        "classification": "의사소통",
        "readAge": "초등_저학년",
        "form": "long-form",
        "plotSummaryText": "아들들은 노인에게 이제부터 가게에 나오지 말라고 했고, 김 선달은 노인에게 이제부터 자식들의 봉양을 받으며 편히 살게 될 거라고 말했다.",
        "textWordEA": 19
      }
    },
    {
      "srcTextID": "101677",
      "srcText": "익살과 웃음이 가득한 우리의 전래 동화를 뽑는다면 제일 먼저 봉이 김 선달을 떠올리게 됩니다. 김 선달의 다소 엉뚱하지만 익살스런 행동을 볼 때마다 입가에 웃음을 자아내게 합니다. 하지만 웃음과 익살 속에는 옳고 그릇된 행동을 따끔하게 꼬집어 주는 교훈이 숨어 있습니다.",
      "srcPage": 44,
      "srcSentenceEA": 3,
      "srcWordEA": 41,
      "character": "김 선달",
      "setting": null,
      "action": "뽑는다면,볼 때마다",
      "feeling": null,
      "causalRelationship": null,
      "outcomeResolution": null,
      "prediction": null,
      "plotSummaryInfoCount": 1,
      "plotSummaryInfo": {
        "classification": "의사소통",
        "readAge": "초등_저학년",
        "form": "short-form",
        "plotSummaryText": "익살과 웃음이 가득한 전래 동화로는 봉이 김 선달을 뽑을 수 있는데, 이 속에는 옳고 그릇된 행동을 볼 때마다 따끔하게 꼬집어 주는 교훈이 숨어 있다.",
        "textWordEA": 24
      }
    },
    {
      "srcTextID": "101676",
      "srcText": "이 책의 봉이 김 선달은 여러 편의 이야기 중 몇 가지를 옮겨 놓은 것입니다. 과거를 보러 간 김 선달은 더운 날씨에도 불구하고 솜바지에 바가지를 쓰고 과거장에 나타납니다. 이런 김 선달의 모습을 보고 이상하게 여긴 시험관이 그 이유를 묻자 김 선달은 자신이 무서운 염병에 걸렸다고 거짓말을 합니다.",
      "srcPage": 45,
      "srcSentenceEA": 3,
      "srcWordEA": 48,
      "character": "김 선달,시험관,염병",
      "setting": "과거장",
      "action": "옮겨 놓은,보러,나타납니다",
      "feeling": null,
      "causalRelationship": null,
      "outcomeResolution": null,
      "prediction": null,
      "plotSummaryInfoCount": 1,
      "plotSummaryInfo": {
        "classification": "의사소통",
        "readAge": "초등_저학년",
        "form": "short-form",
        "plotSummaryText": "김 선달은 더운 날씨에 솜바지에 바가지를 쓰고 과거장에 나타나서는 시험관에게 무서운 염병에 걸렸다고 거짓말을 합니다.",
        "textWordEA": 15
      }
    },
    {
      "srcTextID": "101682",
      "srcText": "봉이 김 선달의 지혜에 깜짝 놀랐죠. 김 선달처럼 뽐내는 사람들을 골탕먹이는 지혜도 있지만 친구를 위해 지혜를 발휘하는 사람들도 있었답니다. 옛날 중국에 소진과 장의라는 사람이 있었어요.",
      "srcPage": 47,
      "srcSentenceEA": 3,
      "srcWordEA": 27,
      "character": "김 선달,사람,친구,소진,장의",
      "setting": "중국",
      "action": null,
      "feeling": "깜짝 놀랐죠",
      "causalRelationship": null,
      "outcomeResolution": null,
      "prediction": null,
      "plotSummaryInfoCount": 1,
      "plotSummaryInfo": {
        "classification": "의사소통",
        "readAge": "초등_저학년",
        "form": "short-form",
        "plotSummaryText": "김 선달처럼 뽐내는 사람을 골탕 먹이는 지혜도 있지만, 친구를 위해 지혜를 발휘하는 중국의 소진과 장의도 있다.",
        "textWordEA": 16
      }
    },
    {
      "srcTextID": "101678",
      "srcText": "그래서 장의가 소진을 찾아갔을 때였어요. 기대와는 달리 아무리 기다려도 소진은 장의를 만나 주지 않는 것이었어요. 그뿐이 아니었어요. 음식도 하인들이나 먹는 것을 주는 게 아니겠어요.",
      "srcPage": 49,
      "srcSentenceEA": 4,
      "srcWordEA": 27,
      "character": "장의,소진,하인",
      "setting": null,
      "action": "만나,먹는,찾아갔을",
      "feeling": null,
      "causalRelationship": null,
      "outcomeResolution": null,
      "prediction": null,
      "plotSummaryInfoCount": 1,
      "plotSummaryInfo": {
        "classification": "의사소통",
        "readAge": "초등_저학년",
        "form": "long-form",
        "plotSummaryText": "장의가 소진을 찾아갔지만 기대와 다르게 소진은 장의를 만나 주지도 않고, 음식도 하인들이나 먹는 것을 주었다.",
        "textWordEA": 15
      }
    },
    {
      "srcTextID": "101681",
      "srcText": "며칠이 지난 뒤에야 나타난 소진은 친구 장의에게 아직도 벼슬자리 하나 차지하지 못했냐며 핀잔까지 주었어요. 자존심이 상한 장의는 다짐했어요. '내 반드시 출세를 하여 이 망신을 꼭 갚고야 말겠다.'",
      "srcPage": 50,
      "srcSentenceEA": 3,
      "srcWordEA": 28,
      "character": "소진,장의",
      "setting": null,
      "action": "나타난",
      "feeling": null,
      "causalRelationship": null,
      "outcomeResolution": null,
      "prediction": null,
      "plotSummaryInfoCount": 1,
      "plotSummaryInfo": {
        "classification": "의사소통",
        "readAge": "초등_저학년",
        "form": "short-form",
        "plotSummaryText": "며칠뒤 나타난 소진은 장의에게 자존심이 상하게 핀잔을 주었고, 장의는 반드시 출세하겠다고 다짐했다.",
        "textWordEA": 12
      }
    },
    {
      "srcTextID": "101679",
      "srcText": "그렇지만 소진은 부하를 불러 말했어요. \"친구 장의의 재능을 따를 사람이 없다. 그러나 집안이 가난해서 스스로 출세를 할 수 없을 뿐이다. 그래서 내가 일부러 욕을 좀 보인 것이니 몰래 뒤에서 도와 주도록 해라.\" 장의는 그 때부터 열심히 노력하고, 소진의 도움으로 높은 벼슬에 오르게 되었답니다.",
      "srcPage": 51,
      "srcSentenceEA": 5,
      "srcWordEA": 46,
      "character": "소진,부하,사람",
      "setting": null,
      "action": "불러 말했어요,도와 주도록 해라",
      "feeling": null,
      "causalRelationship": null,
      "outcomeResolution": null,
      "prediction": null,
      "plotSummaryInfoCount": 1,
      "plotSummaryInfo": {
        "classification": "의사소통",
        "readAge": "초등_저학년",
        "form": "long-form",
        "plotSummaryText": "소진은 부하를 불러 재능은 있지만 가난해서 출세할 수 없는 장의를 몰래 도와주라고 했고, 장의는 소진의 도움과 열심히 노력한 결과 높은 벼슬에 오르게 되었다.",
        "textWordEA": 23
      }
    },
    {
      "srcTextID": "101639",
      "srcText": "이윽고 다 외웠다는 듯 김 선달이 다시 바짝 다가오려 하자 시험관은 두 손을 내저으며 소리쳤어요. \"합겨억!\" 후후, 김 선달을 걱정하던 친구들은 다 불합격을 했다는군요. 어쨌든 선달이 되었으니 대단하지요?",
      "srcPage": 10,
      "srcSentenceEA": 3,
      "srcWordEA": 30,
      "character": "김 선달,시험관,친구",
      "setting": null,
      "action": "다가오려,내저으며,소리쳤어요",
      "feeling": null,
      "causalRelationship": null,
      "outcomeResolution": null,
      "prediction": null,
      "plotSummaryInfoCount": 1,
      "plotSummaryInfo": {
        "classification": "의사소통",
        "readAge": "초등_저학년",
        "form": "short-form",
        "plotSummaryText": "김 선달이 다 외웠다는 듯이 다가오려 하자, 시험관은 합격이라고 소리쳤다.",
        "textWordEA": 10
      }
    },
    {
      "srcTextID": "101641",
      "srcText": "\"허허, 걱정 마오. 내 당장 벌어 오리다.\" 김 선달은 큰소리를 뻥뻥 치며 닷 냥을 가지고 밖으로 나왔어요.",
      "srcPage": 12,
      "srcSentenceEA": 3,
      "srcWordEA": 19,
      "character": "김 선달",
      "setting": null,
      "action": "벌어 오리다,나왔어요",
      "feeling": null,
      "causalRelationship": null,
      "outcomeResolution": null,
      "prediction": null,
      "plotSummaryInfoCount": 1,
      "plotSummaryInfo": {
        "classification": "의사소통",
        "readAge": "초등_저학년",
        "form": "short-form",
        "plotSummaryText": "김 선달은 당장 벌어오겠다고 큰소리를 치며 닷 냥을 가지고 밖으로 나왔다.",
        "textWordEA": 11
      }
    },
    {
      "srcTextID": "101668",
      "srcText": "\"왜 없어. 아들이 넷이나 있는걸. 휴, 힘이라고는 하나 없는데 자식들은 저렇게 놀고만 있으니......\" 김 선달은 노인의 말이 채 끝나기도 전에 노인의 아들들을 혼내 줄 궁리를 하였어요.",
      "srcPage": 38,
      "srcSentenceEA": 4,
      "srcWordEA": 29,
      "character": "아들,김 선달,자식들,노인",
      "setting": null,
      "action": "놀고만",
      "feeling": null,
      "causalRelationship": null,
      "outcomeResolution": null,
      "prediction": null,
      "plotSummaryInfoCount": 1,
      "plotSummaryInfo": {
        "classification": "의사소통",
        "readAge": "초등_저학년",
        "form": "long-form",
        "plotSummaryText": "노인이 놀고만 있는 네 명의 아들에 대해 이야기하자, 김 선달은 노인의 아들들을 혼내 줄 궁리를 했다.",
        "textWordEA": 16
      }
    }
  ]
}