{
  "title": "엄지 공주",
  "author": "안데르센",
  "illustrator": "강기현",
  "isbn": "9791128210716",
  "publishedYear": 2018,
  "publisher": "아람북스",
  "paragraphInfoCount": 22,
  "paragraphInfo": [
    {
      "srcTextID": "18715",
      "srcText": "귀여운 아기를 갖고 싶어 하는 아주머니가 있었어. 아주머니는 요술쟁이 할머니를 찾아가 졸랐지. 요술쟁이 할머니는 빙긋 웃으며 말했어.",
      "srcPage": 1,
      "srcSentenceEA": 3,
      "srcWordEA": 19,
      "character": "아기,아주머니,요술쟁이 할머니",
      "setting": null,
      "action": "찾아가,졸랐지,말했어",
      "feeling": "빙긋 웃으며",
      "causalRelationship": null,
      "outcomeResolution": null,
      "prediction": null,
      "plotSummaryInfoCount": 1,
      "plotSummaryInfo": {
        "classification": "의사소통",
        "readAge": "초등_저학년",
        "form": "short-form",
        "plotSummaryText": "귀여운 아기를 갖고 싶었던 한 아주머니가 요술쟁이 할머니를 찾아가 졸랐고, 요술쟁이 할머니는 웃으며 말했다.",
        "textWordEA": 14
      }
    },
    {
      "srcTextID": "18716",
      "srcText": "아주머니는 화분에 꽃씨 하나를 잘 심었어. 그러자 금세 싹이 나더니 쑥쑥 자라서는 빨간 꽃봉오리가 맺혔지. 아주머니가 꽃잎에 입을 쪽 맞추는 순간, 꽃봉오리가 톡 벌어졌어. 그런데 꽃잎에는 아주 작은 아이가 앉아 있지 뭐야! “아이, 예뻐라!” 겨우 엄지손가락만 한 귀여운 여자아이였어.",
      "srcPage": 3,
      "srcSentenceEA": 6,
      "srcWordEA": 43,
      "character": "아주머니,화분,꽃씨,싹,꽃봉오리,꽃잎,아이,엄지손가락,여자아이",
      "setting": null,
      "action": "심었어,맞추는,앉아",
      "feeling": "귀여운",
      "causalRelationship": null,
      "outcomeResolution": null,
      "prediction": null,
      "plotSummaryInfoCount": 1,
      "plotSummaryInfo": {
        "classification": "의사소통",
        "readAge": "초등_저학년",
        "form": "long-form",
        "plotSummaryText": "아주머니가 심은 꽃씨는 쑥쑥 자라서  빨간 꽃봉오리를 피워냈고, 그 꽃봉오리 안에는 겨우 엄지손가락만 한 예쁘고 귀여운 여자아이가 앉아 있었다.",
        "textWordEA": 20
      }
    },
    {
      "srcTextID": "18720",
      "srcText": "“연잎의 줄기를 끊어 떠내려가게 하자!” 물고기들이 떼로 몰려들자 줄기가 금방 끊어졌어. 연잎은 두꺼비가 쫓아오지 못할 만큼 멀리멀리 흘러갔지. 물에 흘러가는 연잎을 하얀 나비가 끌었어.",
      "srcPage": 8,
      "srcSentenceEA": 4,
      "srcWordEA": 27,
      "character": "연잎,줄기,물고기,두꺼비,나비",
      "setting": "물",
      "action": "끊어졌어,쫒아오지,몰려들자,끌었어,흘러갔지",
      "feeling": null,
      "causalRelationship": null,
      "outcomeResolution": null,
      "prediction": null,
      "plotSummaryInfoCount": 1,
      "plotSummaryInfo": {
        "classification": "의사소통",
        "readAge": "초등_저학년",
        "form": "long-form",
        "plotSummaryText": "물고기들이 떼로 몰려들어 줄기를 끊자, 연잎은 멀리 흘러갔고, 물에 흘러가는 연잎을 하얀 나비가 끌었다.",
        "textWordEA": 14
      }
    },
    {
      "srcTextID": "18722",
      "srcText": "“더듬이도 없고, 꼭 사람처럼 징그러운걸.” 풍뎅이 친구들이 엄지 공주를 못생겼다고 놀렸거든. 엄지 공주는 들판에서 혼자 살아야 했어.",
      "srcPage": 10,
      "srcSentenceEA": 3,
      "srcWordEA": 19,
      "character": "풍뎅이 친구들,엄지 공주",
      "setting": "들판",
      "action": "놀렸거든,살아야했어",
      "feeling": null,
      "causalRelationship": null,
      "outcomeResolution": null,
      "prediction": null,
      "plotSummaryInfoCount": 1,
      "plotSummaryInfo": {
        "classification": "의사소통",
        "readAge": "초등_저학년",
        "form": "short-form",
        "plotSummaryText": "풍뎅이 친구들은 엄지 공주가 사람처럼 징그럽다고 놀렸고, 그렇게 엄지 공주는 들판에서 혼자 살아야 했다.",
        "textWordEA": 14
      }
    },
    {
      "srcTextID": "18730",
      "srcText": "땅속 길에서 엄지 공주는 얼어 죽은 제비를 보았어. 가까이 가 보니, 제비 가슴속에서 콩콩 심장 뛰는 소리가 들렸어. “가엾어라! 죽은 게 아니라 아파 쓰러진 거구나.”",
      "srcPage": 17,
      "srcSentenceEA": 3,
      "srcWordEA": 27,
      "character": "엄지 공주,제비",
      "setting": null,
      "action": "보았어,가 보니,들렸어.쓰러진",
      "feeling": "가엾어라",
      "causalRelationship": null,
      "outcomeResolution": null,
      "prediction": null,
      "plotSummaryInfoCount": 1,
      "plotSummaryInfo": {
        "classification": "의사소통",
        "readAge": "초등_저학년",
        "form": "short-form",
        "plotSummaryText": "엄지 공주는 땅속 길에서 얼어 죽은 줄로만 알았던 제비를 보며 다가갔고, 죽은 게 아니라 아파 쓰러진 제비라는 것을 알고 가엾게 여겼다.",
        "textWordEA": 21
      }
    },
    {
      "srcTextID": "18731",
      "srcText": "엄지 공주는 정성껏 제비를 간호해 주었어. 물도 떠다 주고 박하잎을 덮어 따뜻하게 해 주었지. 건강해진 제비는 다시 하늘을 날 수 있게 되었어.",
      "srcPage": 18,
      "srcSentenceEA": 3,
      "srcWordEA": 24,
      "character": "엄지 공주,박하잎,제비,물",
      "setting": "하늘",
      "action": "떠다,덮어,간호해 주었어,날 수 있게",
      "feeling": null,
      "causalRelationship": null,
      "outcomeResolution": null,
      "prediction": "엄지 공주는 정성껏 제비를 간호해 주었어.",
      "plotSummaryInfoCount": 1,
      "plotSummaryInfo": {
        "classification": "의사소통",
        "readAge": "초등_저학년",
        "form": "short-form",
        "plotSummaryText": "엄지 공주는 제비를 정성껏 간호해 주었고, 건강해진 제비는 다시 하늘을 날 수 있게 되었다.",
        "textWordEA": 14
      }
    },
    {
      "srcTextID": "18732",
      "srcText": "“두더지 씨와 결혼하는 게 좋겠다!” 들쥐 할머니는 자기 마음대로 결혼식을 준비했어. 결혼식 날, 해님에게 작별 인사를 한 엄지 공주가 엉엉 울고 있는데 제비가 나타났지 뭐야.",
      "srcPage": 19,
      "srcSentenceEA": 3,
      "srcWordEA": 27,
      "character": "두더지,들쥐 할머니,엄지 공주,제비",
      "setting": "결혼식 날",
      "action": "준비했어,울고 있는데,결혼하는 게,나타났지",
      "feeling": null,
      "causalRelationship": null,
      "outcomeResolution": null,
      "prediction": null,
      "plotSummaryInfoCount": 1,
      "plotSummaryInfo": {
        "classification": "의사소통",
        "readAge": "초등_저학년",
        "form": "short-form",
        "plotSummaryText": "들쥐 할머니는 두더지 씨와 결혼하라며 마음대로 결혼식을 준비했고, 결혼식 날 엉엉 울고 있는 엄지 공주에게 제비가 나타났다.",
        "textWordEA": 17
      }
    },
    {
      "srcTextID": "18735",
      "srcText": "꽃의 임금님은 엄지 공주를 보자마자 말했지. “나와 결혼해서 꽃의 여왕이 되지 않겠소?” 엄지 공주는 웃으며 고개를 끄덕였어. 아주 근사한 결혼 잔치가 열렸겠지?",
      "srcPage": 22,
      "srcSentenceEA": 4,
      "srcWordEA": 24,
      "character": "꽃,임금님,엄지 공주,여왕",
      "setting": null,
      "action": "말했지,끄덕였어,열렸겠지",
      "feeling": "근사한",
      "causalRelationship": null,
      "outcomeResolution": null,
      "prediction": "아주 근사한 결혼 잔치가 열렸겠지?",
      "plotSummaryInfoCount": 1,
      "plotSummaryInfo": {
        "classification": "의사소통",
        "readAge": "초등_저학년",
        "form": "long-form",
        "plotSummaryText": "꽃의 임금님은 엄지 공주를 보자마자 자신과 결혼해 꽃의 여왕이 되어 달라고 했고, 엄지 공주는 웃으며 고개를 끄덕였다.",
        "textWordEA": 17
      }
    },
    {
      "srcTextID": "18714",
      "srcText": "“그래? 어려운 일도 아니지! 자, 이 꽃씨 하나를 가져가게. 세상에서 가장 귀여운 아기를 만나게 될 거야.”",
      "srcPage": 2,
      "srcSentenceEA": 3,
      "srcWordEA": 19,
      "character": "꽃씨,아기",
      "setting": null,
      "action": "가져가게,만나게",
      "feeling": null,
      "causalRelationship": null,
      "outcomeResolution": null,
      "prediction": "세상에서 가장 귀여운 아기를 만나게 될 거야.",
      "plotSummaryInfoCount": 1,
      "plotSummaryInfo": {
        "classification": "의사소통",
        "readAge": "초등_저학년",
        "form": "short-form",
        "plotSummaryText": "이 꽃씨 하나를 가져가면 세상에서 가장 귀여운 아기를 만나게 될 거라고 말했다.",
        "textWordEA": 12
      }
    },
    {
      "srcTextID": "18723",
      "srcText": "바로 그때, 풍뎅이 한 마리가 날아오더니 엄지 공주를 확 낚아채 나무로 올라갔지 뭐야. 하지만 엄지 공주는 금방 들국화 위에 버려졌어. “세상에, 다리가 두 개뿐이잖아!”",
      "srcPage": 9,
      "srcSentenceEA": 3,
      "srcWordEA": 25,
      "character": "풍뎅이,엄지 공주,나무,다리",
      "setting": "들국화 위",
      "action": "날아오더니,확 낚아채,올라갔지,버려졌어",
      "feeling": null,
      "causalRelationship": null,
      "outcomeResolution": null,
      "prediction": null,
      "plotSummaryInfoCount": 1,
      "plotSummaryInfo": {
        "classification": "의사소통",
        "readAge": "초등_저학년",
        "form": "short-form",
        "plotSummaryText": "풍뎅이 한 마리가 날아오더니 엄지 공주를 낚아채 나무로 올라갔지만, 엄지 공주의 다리가 두 개뿐인 걸 알고 들국화 위에 버려졌다.",
        "textWordEA": 19
      }
    },
    {
      "srcTextID": "18717",
      "srcText": "“이 사랑스러운 아이를 엄지 공주라고 불러야겠어.” 아주머니는 얼른 호두 껍데기로 침대부터 만들었어. 빨간 장미 꽃잎 이불도 덮어 준걸.",
      "srcPage": 4,
      "srcSentenceEA": 3,
      "srcWordEA": 20,
      "character": "아이,엄지 공주,아주머니,호두 껍데기,침대,장미 꽃잎,이불",
      "setting": null,
      "action": "만들었어,불러야겠어,덮어",
      "feeling": "사랑스러운",
      "causalRelationship": null,
      "outcomeResolution": null,
      "prediction": null,
      "plotSummaryInfoCount": 1,
      "plotSummaryInfo": {
        "classification": "의사소통",
        "readAge": "초등_저학년",
        "form": "short-form",
        "plotSummaryText": "아주머니는 이 사랑스러운 아이를 엄지 공주라고 부르기로 했고, 호두 껍데기로 침대를 만들고 빨간 장미 꽃잎 이불도 덮어주었다.",
        "textWordEA": 17
      }
    },
    {
      "srcTextID": "18718",
      "srcText": "아주머니는 우묵한 접시에 꽃잎도 살포시 놓아 주었지. “엄지 공주야! 신나게 뱃놀이하렴.” 엄지 공주는 배를 타고 놀며 노래도 불렀어.",
      "srcPage": 5,
      "srcSentenceEA": 4,
      "srcWordEA": 20,
      "character": "아주머니,접시,꽃잎,엄지 공주,배",
      "setting": null,
      "action": "놓아 주었지,타고,놀며,불렀어",
      "feeling": "신나게",
      "causalRelationship": null,
      "outcomeResolution": null,
      "prediction": null,
      "plotSummaryInfoCount": 1,
      "plotSummaryInfo": {
        "classification": "의사소통",
        "readAge": "초등_저학년",
        "form": "long-form",
        "plotSummaryText": "아주머니는 엄지 공주가 뱃놀이할 수 있도록 우묵한 접시에 꽃잎을 놓아주었고, 엄지 공주는 배를 타고 놀며 노래도 불렀다.",
        "textWordEA": 17
      }
    },
    {
      "srcTextID": "18719",
      "srcText": "어느 날 밤, 두꺼비 한 마리가 풀쩍 뛰어 들어왔어. “우리 아들이랑 결혼시키면 딱 좋겠네!” 혼잣말하던 두꺼비가 호두 껍데기를 안고 홱 도망갔지, 뭐야! 엄지 공주가 잠들어 있는 그 호두 껍데기 말이야. “이러면 딴 곳으로 도망치지 못하겠지?” 두꺼비는 엄지 공주를 연못가 연잎 위에 놓아두고 아들을 데리러 갔어.",
      "srcPage": 6,
      "srcSentenceEA": 6,
      "srcWordEA": 48,
      "character": "두꺼비,아들,호두 껍데기,엄지 공주",
      "setting": "어느 날 밤,연못가 연잎 위",
      "action": "뛰어,도망갔지,데리러 갔어,도망치지,놓아두고,결혼시키면",
      "feeling": null,
      "causalRelationship": null,
      "outcomeResolution": null,
      "prediction": null,
      "plotSummaryInfoCount": 1,
      "plotSummaryInfo": {
        "classification": "의사소통",
        "readAge": "초등_저학년",
        "form": "long-form",
        "plotSummaryText": "어느 날 밤 두꺼비 한 마리가 뛰어 들어와서 엄지 공주가 잠들어 있는 호두 껍데기를 안고 도망쳤고, 엄지 공주가 도망치지 못하게 연못가 연잎 위에 놓아둔 후 그녀와 결혼시킬 아들을 데리러 갔다.",
        "textWordEA": 30
      }
    },
    {
      "srcTextID": "18721",
      "srcText": "잠에서 깬 엄지 공주는 앙앙 울었어. 낯선 곳에 혼자 있으니 얼마나 놀랐게. 물고기들은 엄지 공주가 가여워서 꾀를 냈어. “두꺼비가 오기 전에 엄지 공주를 얼른 구해 주자.”",
      "srcPage": 7,
      "srcSentenceEA": 4,
      "srcWordEA": 28,
      "character": "엄지 공주,물고기,두꺼비",
      "setting": "낯선 곳",
      "action": "울었어,있으니,꾀를 냈어,구해 주자,오기 전에",
      "feeling": null,
      "causalRelationship": null,
      "outcomeResolution": null,
      "prediction": null,
      "plotSummaryInfoCount": 1,
      "plotSummaryInfo": {
        "classification": "의사소통",
        "readAge": "초등_저학년",
        "form": "long-form",
        "plotSummaryText": "잠이 깬 엄지 공주는 낯선 곳에 혼자 있어서 놀라 울었고, 물고기들은 엄지 공주가 가여워 두꺼비가 오기 전에 구해 주기로 했다.",
        "textWordEA": 20
      }
    },
    {
      "srcTextID": "18725",
      "srcText": "춥고 배고픈 겨울이 왔어. 엄지 공주는 온몸을 바들바들 떨었어. 눈보라까지 몰아치자 견딜 수가 없었지.",
      "srcPage": 11,
      "srcSentenceEA": 3,
      "srcWordEA": 16,
      "character": "엄지 공주,눈보라",
      "setting": "겨울",
      "action": "견딜 수가 없었지,떨었어,몰아치자",
      "feeling": null,
      "causalRelationship": null,
      "outcomeResolution": null,
      "prediction": null,
      "plotSummaryInfoCount": 1,
      "plotSummaryInfo": {
        "classification": "의사소통",
        "readAge": "초등_저학년",
        "form": "short-form",
        "plotSummaryText": "겨울이 오자 엄지 공주는 춥고 배고파서 온몸을 바들바들 떨었고, 눈보라까지 몰아치자 견딜 수가 없었다.",
        "textWordEA": 14
      }
    },
    {
      "srcTextID": "18724",
      "srcText": "엄지 공주한테는 눈송이 하나도 너무 크고 무거웠거든. 엄지 공주는 겨우겨우 보리밭까지 걸어가서, 들쥐 할머니네 문을 두드렸어. “도와주세요! 너무 춥고 배고파요.”",
      "srcPage": 12,
      "srcSentenceEA": 3,
      "srcWordEA": 22,
      "character": "엄지 공주,들쥐 할머니,문",
      "setting": "보리밭,들쥐 할머니네",
      "action": "걸어가서,두드렸어",
      "feeling": null,
      "causalRelationship": null,
      "outcomeResolution": null,
      "prediction": null,
      "plotSummaryInfoCount": 1,
      "plotSummaryInfo": {
        "classification": "의사소통",
        "readAge": "초등_저학년",
        "form": "short-form",
        "plotSummaryText": "엄지 공주는 보리밭까지 겨우 걸어가 들쥐 할머니네 문을 두드리며 도와 달라고 말했다. ",
        "textWordEA": 12
      }
    },
    {
      "srcTextID": "18727",
      "srcText": "착한 들쥐 할머니는 엄지 공주를 받아 주었어. 같이 밥도 먹고, 바느질도 하며 즐겁게 지냈지. “엄지 공주야! 네가 있으니 나도 적적하지 않아 좋구나.”",
      "srcPage": 13,
      "srcSentenceEA": 4,
      "srcWordEA": 24,
      "character": "들쥐 할머니,엄지 공주",
      "setting": null,
      "action": "받아 주었어,밥도 먹고,바느질도 하며,지냈지",
      "feeling": "즐겁게",
      "causalRelationship": "네가 있으니 나도 적적하지 않아 좋구나.",
      "outcomeResolution": null,
      "prediction": null,
      "plotSummaryInfoCount": 1,
      "plotSummaryInfo": {
        "classification": "의사소통",
        "readAge": "초등_저학년",
        "form": "long-form",
        "plotSummaryText": "착한 들쥐 할머니는 엄지 공주를 받아주고 함께 밥도 먹고, 바느질도 하며 즐겁게 지내 적적하지 않아 좋다고 했다.",
        "textWordEA": 17
      }
    },
    {
      "srcTextID": "18726",
      "srcText": "단 하나 엄지 공주를 괴롭힌 건 이웃집 두더지였어. “나는 환한 햇빛이 진짜 싫어. 알록달록한 꽃이나 재잘거리는 새도 진짜 싫어.” 엄지 공주는 그런 두더지가 마음에 안 들었어.",
      "srcPage": 14,
      "srcSentenceEA": 4,
      "srcWordEA": 28,
      "character": "엄지 공주,두더지,꽃,새",
      "setting": null,
      "action": "괴롭힌,재잘거리는",
      "feeling": null,
      "causalRelationship": "엄지 공주는 그런 두더지가 마음에 안 들었어.",
      "outcomeResolution": null,
      "prediction": null,
      "plotSummaryInfoCount": 1,
      "plotSummaryInfo": {
        "classification": "의사소통",
        "readAge": "초등_저학년",
        "form": "long-form",
        "plotSummaryText": "이웃집 두더지가 엄지 공주를 괴롭혔고, 엄지 공주는 그런 두더지가 마음에 안 들었다.",
        "textWordEA": 12
      }
    },
    {
      "srcTextID": "18729",
      "srcText": "그런데 두더지는 벌써 엄지 공주한테 반했지 뭐야. 엄지 공주랑 결혼하겠다고 들쥐 할머니한테 말했을지도 몰라. 들쥐 할머니가 엄지 공주한테 종종 심부름시켰으니까.",
      "srcPage": 15,
      "srcSentenceEA": 3,
      "srcWordEA": 22,
      "character": "두더지,엄지 공주,들쥐 할머니",
      "setting": null,
      "action": "반했지,말했을지도,결혼하겠다고,심부름시켰으니까",
      "feeling": null,
      "causalRelationship": null,
      "outcomeResolution": null,
      "prediction": null,
      "plotSummaryInfoCount": 1,
      "plotSummaryInfo": {
        "classification": "의사소통",
        "readAge": "초등_저학년",
        "form": "short-form",
        "plotSummaryText": "두더지는 엄지 공주한테 반해버렸고, 엄지 공주랑 결혼하겠다고 들쥐 할머니한테 말했는지 할머니는 엄지 공주한테 종종 심부름시켰다.",
        "textWordEA": 15
      }
    },
    {
      "srcTextID": "18728",
      "srcText": "“두더지 씨한테 이것 좀 가져다드려라. 두더지 씨는 신사 중에 신사지. 게다가 아주 부자란다!” 엄지 공주는 어두컴컴한 땅속에 사는 두더지한테 가는 게 너무 싫었어.",
      "srcPage": 16,
      "srcSentenceEA": 4,
      "srcWordEA": 26,
      "character": "두더지씨,신사,엄지 공주",
      "setting": "어두컴컴한 땅속",
      "action": "가져다드려라,사는",
      "feeling": "너무 싫었어",
      "causalRelationship": null,
      "outcomeResolution": null,
      "prediction": null,
      "plotSummaryInfoCount": 1,
      "plotSummaryInfo": {
        "classification": "의사소통",
        "readAge": "초등_저학년",
        "form": "long-form",
        "plotSummaryText": "할머니는 두더지 씨한테 무얼 가져다드리라고 했지만, 엄지 공주는 어두컴컴한 땅속에 사는 두더지한테 가는 게 너무 싫었다.",
        "textWordEA": 16
      }
    },
    {
      "srcTextID": "18733",
      "srcText": "“제 목숨을 구해 주신 엄지 공주님! 저와 함께 꽃의 요정들이 사는 따뜻한 나라로 가요.” 엄지 공주는 눈물을 닦고 고개를 끄덕였어.",
      "srcPage": 20,
      "srcSentenceEA": 3,
      "srcWordEA": 22,
      "character": "엄지 공주,꽃의 요정",
      "setting": "따뜻한 나라",
      "action": "닦고,끄덕였어,사는,가요",
      "feeling": null,
      "causalRelationship": null,
      "outcomeResolution": null,
      "prediction": null,
      "plotSummaryInfoCount": 1,
      "plotSummaryInfo": {
        "classification": "의사소통",
        "readAge": "초등_저학년",
        "form": "short-form",
        "plotSummaryText": "제비는 목숨을 구해 준 엄지 공주에게 꽃의 요정들이 사는 따뜻한 나라로 가자고 했고, 엄지 공주는 고개를 끄덕였다.",
        "textWordEA": 17
      }
    },
    {
      "srcTextID": "18736",
      "srcText": "제비는 하늘 높이 날아 따뜻한 나라로 갔어. 따사로운 햇살 아래 넓게 펼쳐진 꽃밭에 은은한 향기가 퍼졌어. “가장 예쁘고 활짝 핀 꽃에 내려 드릴게요.” 그 꽃에는 엄지 공주만한 임금님이 앉아 있었어.",
      "srcPage": 21,
      "srcSentenceEA": 4,
      "srcWordEA": 32,
      "character": "제비,꽃,임금님",
      "setting": "하늘,따뜻한 나라,꽃밭",
      "action": "날아,앉아 있었어,내려 드릴게요",
      "feeling": null,
      "causalRelationship": null,
      "outcomeResolution": null,
      "prediction": null,
      "plotSummaryInfoCount": 1,
      "plotSummaryInfo": {
        "classification": "의사소통",
        "readAge": "초등_저학년",
        "form": "long-form",
        "plotSummaryText": "제비는 따뜻한 나라로 가서 가장 예쁘고 활짝 핀 꽃에 엄지 공주를 내려줬는데 그 꽃에는 엄지 공주만한 임금님이 앉아 있었다.",
        "textWordEA": 19
      }
    }
  ]
}