{
  "title": "춤추는 열두 공주",
  "author": "이선아 외",
  "illustrator": "권신아",
  "isbn": "9791128210730",
  "publishedYear": 2018,
  "publisher": "아람북스",
  "paragraphInfoCount": 27,
  "paragraphInfo": [
    {
      "srcTextID": "19115",
      "srcText": "옛날에 공주가 열두 명이나 되는 왕이 살았어요. 열두 공주는 하나같이 아름답고 마음씨도 고왔어요. 왕은 남부러울 게 없었지요. 그러던 어느 날부터 왕에게 걱정이 생겼어요. ",
      "srcPage": 1,
      "srcSentenceEA": 4,
      "srcWordEA": 26,
      "character": "공주,왕",
      "setting": "옛날,어느 날",
      "action": "살았어요",
      "feeling": "아름답고,고왔어요",
      "causalRelationship": null,
      "outcomeResolution": null,
      "prediction": "그러던 어느 날부터 왕에게 걱정이 생겼어요.",
      "plotSummaryInfoCount": 1,
      "plotSummaryInfo": {
        "classification": "의사소통",
        "readAge": "초등_저학년",
        "form": "long-form",
        "plotSummaryText": "옛날에 남부러울 것 없는 왕과 마음씨 곱고 아름다운 열두 공주가 살았는데, 어느 날부터 왕은 걱정이 생겼습니다.",
        "textWordEA": 16
      }
    },
    {
      "srcTextID": "19118",
      "srcText": "왕자가 눈을 떴을 때는 이미 아침이었어요. 공주들의 구두가 또 너덜너덜 닳아 있었지요. “휴, 공주들의 비밀을 하나도 못 알아냈어.” 그 뒤에도 여러 명의 왕자가 나섰지만 모두 실패했어요.",
      "srcPage": 5,
      "srcSentenceEA": 4,
      "srcWordEA": 28,
      "character": "왕자,공주,구두",
      "setting": "아침",
      "action": "떴을 때,나섰지만,알아냈어",
      "feeling": null,
      "causalRelationship": null,
      "outcomeResolution": "그 뒤에도 여러 명의 왕자가 나섰지만 모두 실패했어요.",
      "prediction": null,
      "plotSummaryInfoCount": 1,
      "plotSummaryInfo": {
        "classification": "의사소통",
        "readAge": "초등_저학년",
        "form": "long-form",
        "plotSummaryText": "아침에 왕자가 눈을 떴을 땐 이미 공주들의 구두가 닳아 있었고 그 뒤에도 여러 명의 왕자가 나섰지만 비밀을 알아낼 수 없었습니다.",
        "textWordEA": 20
      }
    },
    {
      "srcTextID": "19126",
      "srcText": "얼마나 지났을까요. 웅성거리는 소리에 가난한 병사가 살짝 실눈을 떴어요. 공주들은 너도나도 꾸미느라 정신이 없었지요. “이 드레스가 나을까, 저 드레스가 나을까?” “난 이 구두가 마음에 들어.”",
      "srcPage": 12,
      "srcSentenceEA": 5,
      "srcWordEA": 27,
      "character": "병사,공주,드레스,구두",
      "setting": null,
      "action": "떴어요,꾸미느라",
      "feeling": "웅성거리는,가난한",
      "causalRelationship": "웅성거리는 소리에 가난한 병사가 살짝 실눈을 떴어요.",
      "outcomeResolution": null,
      "prediction": null,
      "plotSummaryInfoCount": 1,
      "plotSummaryInfo": {
        "classification": "의사소통",
        "readAge": "초등_저학년",
        "form": "long-form",
        "plotSummaryText": "공주들이 웅성거리는 소리에 병사는 눈을 떴고, 공주들은 드레스와 구두를 고르며 꾸미느라 정신이 없었습니다.",
        "textWordEA": 13
      }
    },
    {
      "srcTextID": "19128",
      "srcText": "가난한 병사는 냉큼 투명 망토를 걸쳤어요. “조심조심 공주들을 따라가야지.” 그런데 그만 가난한 병사가 막내 공주의 드레스를 밟았어요.",
      "srcPage": 15,
      "srcSentenceEA": 3,
      "srcWordEA": 18,
      "character": "병사,공주들,막내 공주,드레스",
      "setting": null,
      "action": "걸쳤어요,밟았어요,따라가야지",
      "feeling": "가난한",
      "causalRelationship": null,
      "outcomeResolution": null,
      "prediction": "그런데 그만 가난한 병사가 막내 공주의 드레스를 밟았어요.",
      "plotSummaryInfoCount": 1,
      "plotSummaryInfo": {
        "classification": "의사소통",
        "readAge": "초등_저학년",
        "form": "short-form",
        "plotSummaryText": "가난한 병사는 투명 망토를 걸치고 공주들을 따라 가다 실수로 막내 공주의 드레스를 밟았습니다.",
        "textWordEA": 13
      }
    },
    {
      "srcTextID": "19133",
      "srcText": "숲속을 다 지나오자 커다란 호수가 나타났어요. 호숫가에는 열두 명의 왕자가 타고 있는 열두 척의 작은 배가 공주들을 기다리고 있었지요. 열두 공주는 주저 없이 배에 탔어요.",
      "srcPage": 19,
      "srcSentenceEA": 3,
      "srcWordEA": 27,
      "character": "왕자,작은 배,공주,배",
      "setting": "숲속,호수",
      "action": "지나오자,나타났어요,기다리고,탔어요,타고 있는",
      "feeling": null,
      "causalRelationship": null,
      "outcomeResolution": "열두 공주는 주저 없이 배에 탔어요.",
      "prediction": null,
      "plotSummaryInfoCount": 1,
      "plotSummaryInfo": {
        "classification": "의사소통",
        "readAge": "초등_저학년",
        "form": "short-form",
        "plotSummaryText": "숲속을 다 지나오자 호수가 나타났고 호숫가에는 열두 척의 작은 배에 열두 명의 왕자들이 타고 있었고 열두 공주들은 주저없이 배에 올라탔습니다.",
        "textWordEA": 20
      }
    },
    {
      "srcTextID": "19136",
      "srcText": "뒤따라 들어온 첫째 공주가 말했어요. “저것 봐, 걱정할 필요 없다니까.” 열두 공주는 이내 잠이 들었지요. 오랫동안 춤을 추느라 너무 피곤했거든요.",
      "srcPage": 23,
      "srcSentenceEA": 4,
      "srcWordEA": 22,
      "character": "첫째 공주,공주",
      "setting": null,
      "action": "들어온,말했어요,잠이 들었지요,춤을 추느라",
      "feeling": "피곤했거든요",
      "causalRelationship": "열두 공주는 이내 잠이 들었지요. 오랫동안 춤을 추느라 너무 피곤했거든요.",
      "outcomeResolution": null,
      "prediction": null,
      "plotSummaryInfoCount": 1,
      "plotSummaryInfo": {
        "classification": "의사소통",
        "readAge": "초등_저학년",
        "form": "long-form",
        "plotSummaryText": "돌아온 첫째 공주가 걱정할 필요 없다라며 말했고 열두 공주는 오랫동안 춤추느라 피곤해 바로 잠이 들었습니다.",
        "textWordEA": 15
      }
    },
    {
      "srcTextID": "19140",
      "srcText": "드디어 가난한 병사와 막내 공주의 결혼식이 열렸어요. 커다란 무도회도 함께 열렸지요. 공주들과 무도회에 초대된 왕자들은 밤늦도록 춤을 추었어요. 가난한 병사와 막내 공주도 눈을 맞추며 춤추고 또 춤추었지요. 물론 구두가 너덜너덜 닳을 때까지는 아니었어요.",
      "srcPage": 27,
      "srcSentenceEA": 5,
      "srcWordEA": 37,
      "character": "막내 공주,왕자,구두,가난한 병사",
      "setting": "결혼식,무도회,밤늦도록",
      "action": "열렸어요,추었어요,맞추며,춤추고,춤추었지요",
      "feeling": "가난한",
      "causalRelationship": null,
      "outcomeResolution": "드디어 가난한 병사와 막내 공주의 결혼식이 열렸어요.",
      "prediction": null,
      "plotSummaryInfoCount": 1,
      "plotSummaryInfo": {
        "classification": "의사소통",
        "readAge": "초등_저학년",
        "form": "long-form",
        "plotSummaryText": "가난한 병사와 막내 공주의 결혼식이 열리며 무도회도 함께 열리고 공주들과 무도회에 초대된 왕자들은 밤늦도록 춤을 추었다.",
        "textWordEA": 16
      }
    },
    {
      "srcTextID": "19114",
      "srcText": "‘도대체 왜 공주들의 구두가 밤새 너덜너덜해져 있지?’ 며칠 밤낮을 고민하던 왕은 말했어요. “공주들의 비밀을 알아 오는 자는 마음에 드는 공주와 결혼할 수 있고, 이 나라의 왕도 될 수 있노라.”",
      "srcPage": 2,
      "srcSentenceEA": 3,
      "srcWordEA": 30,
      "character": "공주,구두,왕",
      "setting": "밤낮,나라,밤새",
      "action": "고민하던,말했어요",
      "feeling": "너덜너덜",
      "causalRelationship": null,
      "outcomeResolution": null,
      "prediction": null,
      "plotSummaryInfoCount": 1,
      "plotSummaryInfo": {
        "classification": "의사소통",
        "readAge": "초등_저학년",
        "form": "short-form",
        "plotSummaryText": "왕은 공주들의 구두가 왜 밤새 너덜 해지는지 고민했고, 비밀을 알아오면 마음에 드는 공주와 결혼할 수 있고 왕도 될 수 있다고 말했습니다.",
        "textWordEA": 21
      }
    },
    {
      "srcTextID": "19117",
      "srcText": "그 소식을 들은 이웃 나라 왕자가 선뜻 나섰어요. 왕자는 두 눈을 부릅뜨고 공주들이 자는 모습을 지켜보았지요. 그때 첫째 공주가 웃으며 왕자에게 포도주를 건넸어요.",
      "srcPage": 3,
      "srcSentenceEA": 3,
      "srcWordEA": 25,
      "character": "왕자,공주,포도주",
      "setting": "이웃 나라,그때",
      "action": "나섰어요,지켜보았지요,웃으며,건넸어요",
      "feeling": null,
      "causalRelationship": null,
      "outcomeResolution": null,
      "prediction": "그때 첫째 공주가 웃으며 왕자에게 포도주를 건넸어요.",
      "plotSummaryInfoCount": 1,
      "plotSummaryInfo": {
        "classification": "의사소통",
        "readAge": "초등_저학년",
        "form": "short-form",
        "plotSummaryText": "그 소식에 이웃 나라 왕자가 나섰고, 공주들이 자는 모습을 지켜보는데 첫째 공주가 왕자에게 포도주를 건넸습니다.",
        "textWordEA": 15
      }
    },
    {
      "srcTextID": "19122",
      "srcText": "가난한 병사는 서둘러 왕궁으로 가서 왕에게 말했어요. “제가 열두 공주님의 비밀을 알아내겠습니다.” 왕은 허름한 옷차림의 가난한 병사가 마음에 들지 않았어요.",
      "srcPage": 9,
      "srcSentenceEA": 3,
      "srcWordEA": 21,
      "character": "병사,왕,공주,옷",
      "setting": "왕궁",
      "action": "말했어요",
      "feeling": "가난한,허름한",
      "causalRelationship": null,
      "outcomeResolution": null,
      "prediction": "왕은 허름한 옷차림의 가난한 병사가 마음에 들지 않았어요.",
      "plotSummaryInfoCount": 1,
      "plotSummaryInfo": {
        "classification": "의사소통",
        "readAge": "초등_저학년",
        "form": "short-form",
        "plotSummaryText": "가난한 병사는 왕에게 가서 공주들의 비밀을 알아내겠다 말했으나, 왕은 허름한 옷의 병사가 마음에 들지 않았습니다.",
        "textWordEA": 15
      }
    },
    {
      "srcTextID": "19123",
      "srcText": "그래도 더 이상 나서는 왕자가 없어서 어쩔 수 없었지요. “흠, 그렇게 하도록 해라.” 가난한 병사는 열두 공주가 잠들어 있는 침실 안으로 조용히 들어갔어요. 그런데 침실 가장자리에서 자는 막내 공주를 보고 한눈에 반해 버렸어요. ‘오, 정말 사랑스럽군!’",
      "srcPage": 10,
      "srcSentenceEA": 5,
      "srcWordEA": 39,
      "character": "왕자,병사,공주,막내 공주",
      "setting": "침실",
      "action": "나서는,잠들어,들어갔어요",
      "feeling": "가난한,조용히,사랑스럽군",
      "causalRelationship": null,
      "outcomeResolution": null,
      "prediction": "그런데 침실 가장자리에서 자고 있는 막내 공주를 보고 한눈에 반해 버렸어요.",
      "plotSummaryInfoCount": 1,
      "plotSummaryInfo": {
        "classification": "의사소통",
        "readAge": "초등_저학년",
        "form": "long-form",
        "plotSummaryText": "더 이상 나서는 왕자가 없어 왕은 가난한 병사에게 허락했고, 가난한 병사는 공주들이 잠든 침실 안에 들어가 침실 가장자리에서 자는 막내 공주를 보았는데 한눈에 반했습니다.",
        "textWordEA": 24
      }
    },
    {
      "srcTextID": "19129",
      "srcText": "잠시 뒤, 첫째 공주는 자기 침대 쪽으로 가서 침대를 톡톡 쳤어요. 침대가 스르륵 움직이더니 아래로 향하는 계단이 나왔어요. 다 꾸민 공주들은 사뿐사뿐 계단을 내려가기 시작했지요.",
      "srcPage": 14,
      "srcSentenceEA": 3,
      "srcWordEA": 27,
      "character": "첫째 공주,침대",
      "setting": "잠시 뒤,계단",
      "action": "쳤어요,움직이더니,내려가기",
      "feeling": null,
      "causalRelationship": null,
      "outcomeResolution": null,
      "prediction": null,
      "plotSummaryInfoCount": 1,
      "plotSummaryInfo": {
        "classification": "의사소통",
        "readAge": "초등_저학년",
        "form": "short-form",
        "plotSummaryText": "첫째 공주가 자기 침대를 치자 침대가 움직이더니 아래로 향하는 계단이 나왔고 다 꾸민 공주들은 계단을 내려갔습니다.",
        "textWordEA": 16
      }
    },
    {
      "srcTextID": "19130",
      "srcText": "“언니, 왜 나뭇가지가 뚝뚝 부러질까요?” 첫째 공주는 여전히 들은 척 만 척했어요. “막내야, 우리를 기다리는 왕자들이 터뜨리는 폭죽 소리겠지.”",
      "srcPage": 18,
      "srcSentenceEA": 3,
      "srcWordEA": 20,
      "character": "언니,나뭇가지,첫째 공주,막내,왕자",
      "setting": null,
      "action": "기다리는,터뜨리는,들은 척 만 척했어요,부러질까요",
      "feeling": null,
      "causalRelationship": null,
      "outcomeResolution": null,
      "prediction": "막내야, 우리를 기다리는 왕자들이 터뜨리는 폭죽 소리겠지.",
      "plotSummaryInfoCount": 1,
      "plotSummaryInfo": {
        "classification": "의사소통",
        "readAge": "초등_저학년",
        "form": "short-form",
        "plotSummaryText": "언니에게 나뭇가지가 왜 부러졌는지 물었고, 첫째 공주는 공주들을 기다리는 왕자들이 터뜨리는 폭죽 소리라며 여전히 들은 척만 했습니다.",
        "textWordEA": 17
      }
    },
    {
      "srcTextID": "19134",
      "srcText": "열두 공주는 호수를 건너 높은 성에 도착하자 흥겨운 음악에 맞추어 왕자들과 춤을 추었어요. 막내 공주도 더 이상 걱정하지 않고 춤을 추었지요. ‘춤추는 모습까지 정말 사랑스럽구나!’ 가난한 병사는 막내 공주를 하염없이 쳐다보다가 자그마한 술잔을 호주머니에 넣었어요.",
      "srcPage": 21,
      "srcSentenceEA": 4,
      "srcWordEA": 38,
      "character": "공주,왕자,막내 공주,병사,술잔,호주머니",
      "setting": "호수,성",
      "action": "건너,도착하자,추었어요,춤추는,쳐다보다,넣었어요",
      "feeling": "흥겨운,사랑스럽구나,가난한",
      "causalRelationship": null,
      "outcomeResolution": null,
      "prediction": "가난한 병사는 막내 공주를 하염없이 쳐다보다가 자그마한 술잔을 호주머니에 넣었어요.",
      "plotSummaryInfoCount": 1,
      "plotSummaryInfo": {
        "classification": "의사소통",
        "readAge": "초등_저학년",
        "form": "long-form",
        "plotSummaryText": "열두 공주는 호수를 건너 성에 도착하자 음악에 맞춰 왕자들과 춤을 추기 시작했고, 가난한 병사는 막내 공주를 쳐다보다가 술잔 하나를 호주머니에 넣었습니다.",
        "textWordEA": 21
      }
    },
    {
      "srcTextID": "19137",
      "srcText": "“공주들은 밤새 땅속 나라 왕자들과 춤을 추었습니다.” 가난한 병사는 나뭇가지 세 개와 술잔을 내밀며 말했어요. “오호, 대단하군! 약속한 대로 마음에 드는 공주와 결혼하도록 해라.”",
      "srcPage": 25,
      "srcSentenceEA": 4,
      "srcWordEA": 26,
      "character": "공주들,왕자들,나뭇가지,술잔,가난한 병사",
      "setting": "밤새,땅속 나라",
      "action": "내밀며,말했어요,춤을 추었습니다",
      "feeling": "가난한,마음에 드는",
      "causalRelationship": null,
      "outcomeResolution": null,
      "prediction": null,
      "plotSummaryInfoCount": 1,
      "plotSummaryInfo": {
        "classification": "의사소통",
        "readAge": "초등_저학년",
        "form": "long-form",
        "plotSummaryText": "가난한 병사는 공주들이 밤새 땅속 왕자들과 춤을 추었다 말하며 나뭇가지와 술잔을 내밀었고 왕은 약속대로 마음에 드는 공주와 결혼하라고 말했습니다.",
        "textWordEA": 19
      }
    },
    {
      "srcTextID": "19138",
      "srcText": "그러고는 땅속 나라로 가는 계단을 꼭꼭 막았지요. 물론 가난한 병사는 막내 공주를 선택했어요. 처음부터 막내 공주에게 홀딱 반해 있었으니까요.",
      "srcPage": 26,
      "srcSentenceEA": 3,
      "srcWordEA": 21,
      "character": "계단,막내 공주,가난한 병사",
      "setting": "땅속 나라,처음부터",
      "action": "가는,막았지요,선택했어요",
      "feeling": "가난한,반해",
      "causalRelationship": "물론 가난한 병사는 막내 공주를 선택했어요. 처음부터 막내 공주에게 홀딱 반해 있었으니까요.",
      "outcomeResolution": null,
      "prediction": null,
      "plotSummaryInfoCount": 1,
      "plotSummaryInfo": {
        "classification": "의사소통",
        "readAge": "초등_저학년",
        "form": "short-form",
        "plotSummaryText": "땅속 나라로 가는 계단을 막았고 가난한 병사는 처음부터 반한 막내 공주를 선택했습니다.",
        "textWordEA": 12
      }
    },
    {
      "srcTextID": "19116",
      "srcText": "“먼 길을 오느라 힘들었을 텐데 한 잔 마셔요.” 향긋한 포도주 냄새를 맡은 왕자는 그만 포도주를 벌컥벌컥 마시고 말았어요. 왕자는 금세 곯아떨어졌지요.",
      "srcPage": 4,
      "srcSentenceEA": 3,
      "srcWordEA": 23,
      "character": "포도주,왕자",
      "setting": null,
      "action": "오느라,맡은,마시고,곯아떨어졌지요",
      "feeling": "향긋한",
      "causalRelationship": "향긋한 포도주 냄새를 맡은 왕자는 그만 포도주를 벌컥벌컥 마시고 말았어요. 왕자는 금세 곯아떨어졌지요.",
      "outcomeResolution": null,
      "prediction": "왕자는 금세 곯아떨어졌지요.",
      "plotSummaryInfoCount": 1,
      "plotSummaryInfo": {
        "classification": "의사소통",
        "readAge": "초등_저학년",
        "form": "short-form",
        "plotSummaryText": "먼 길 오느라 힘들었을 텐데 한잔 마시라는 말에 포도주 향을 맡은 왕자는 포도주를 마시고 곯아떨어졌습니다.",
        "textWordEA": 15
      }
    },
    {
      "srcTextID": "19119",
      "srcText": "“열두 공주님의 비밀을 아무도 캐지 못해 걱정 걱정하다가 왕은 병을 얻었네.” 온 나라에 이런 노래까지 떠돌았어요. 작은 마을에 살던 가난한 병사도 이 노래를 들었지요. “나도 한번 도전해 볼까?”",
      "srcPage": 6,
      "srcSentenceEA": 4,
      "srcWordEA": 30,
      "character": "공주,왕,병사",
      "setting": "나라,마을",
      "action": "살던,들었지요",
      "feeling": null,
      "causalRelationship": "열두 공주님의 비밀을 아무도 캐지 못해 걱정 걱정하다가 왕은 병을 얻었네.",
      "outcomeResolution": null,
      "prediction": "나도 한번 도전해 볼까?",
      "plotSummaryInfoCount": 1,
      "plotSummaryInfo": {
        "classification": "의사소통",
        "readAge": "초등_저학년",
        "form": "long-form",
        "plotSummaryText": "공주들의 비밀을 알아내지 못해 왕은 병을 얻었다는 노래가 떠돌았고, 작은 마을의 가난한 병사도 이 노래를 듣고 도전해 볼까 생각합니다.",
        "textWordEA": 19
      }
    },
    {
      "srcTextID": "19120",
      "srcText": "곧바로 가난한 병사는 왕궁으로 출발했어요. 그런데 가는 길에 할머니 한 분을 만나게 되었어요. “배가 너무 고픈데, 먹을 것 좀 나누어 줄 수 있나?” “네, 그럼요. 여기 빵 다 드세요.”",
      "srcPage": 7,
      "srcSentenceEA": 5,
      "srcWordEA": 31,
      "character": "병사,할머니,빵",
      "setting": "왕궁,길,곧바로",
      "action": "출발했어요,만나게,나누어,드세요",
      "feeling": null,
      "causalRelationship": null,
      "outcomeResolution": null,
      "prediction": null,
      "plotSummaryInfoCount": 1,
      "plotSummaryInfo": {
        "classification": "의사소통",
        "readAge": "초등_저학년",
        "form": "long-form",
        "plotSummaryText": "가난한 병사는 왕궁으로 가는 길에 배가 고픈 할머니 한 분을 만났고, 할머니에게 빵을 나누어 드렸습니다.",
        "textWordEA": 15
      }
    },
    {
      "srcTextID": "19121",
      "srcText": "병사가 준 빵을 허겁지겁 먹은 할머니는 속삭였어요. “공주가 주는 포도주를 마시면 안 돼. 그리고 이 투명 망토가 널 도와줄 거야.” “정말요? 고맙습니다.”",
      "srcPage": 8,
      "srcSentenceEA": 4,
      "srcWordEA": 24,
      "character": "병사,빵,할머니,공주,포도주,투명 망토",
      "setting": null,
      "action": "속삭였어요,마시면,도와줄",
      "feeling": null,
      "causalRelationship": null,
      "outcomeResolution": null,
      "prediction": "공주가 주는 포도주를 마시면 안 돼. 그리고 이 투명 망토가 널 도와줄 거야.",
      "plotSummaryInfoCount": 1,
      "plotSummaryInfo": {
        "classification": "의사소통",
        "readAge": "초등_저학년",
        "form": "long-form",
        "plotSummaryText": "할머니는 빵을 드시고 병사에게 공주가 주는 포도주를 마시지 말라고 했고, 투명 망토가 도와줄 거라 속삭였습니다.",
        "textWordEA": 15
      }
    },
    {
      "srcTextID": "19124",
      "srcText": "가난한 병사가 넋을 잃고 막내 공주를 바라보고 있을 때, 첫째 공주가 일어나더니 포도주를 내밀었어요. 가난한 병사는 정신을 바짝 차렸어요. ‘할머니가 포도주를 마시지 말라고 했지.’ 가난한 병사는 포도주를 마시는 척하면서 슬며시 흘려 버렸어요. 그러고는 잠든 척했지요.",
      "srcPage": 11,
      "srcSentenceEA": 5,
      "srcWordEA": 39,
      "character": "병사,막내 공주,첫째 공주,포도주,할머니",
      "setting": null,
      "action": "바라보고,일어나더니,내밀었어요,흘려 버렸어요,잠든",
      "feeling": "가난한",
      "causalRelationship": null,
      "outcomeResolution": null,
      "prediction": "그러고는 잠든 척했지요",
      "plotSummaryInfoCount": 1,
      "plotSummaryInfo": {
        "classification": "의사소통",
        "readAge": "초등_저학년",
        "form": "long-form",
        "plotSummaryText": "가난한 병사가 막내 공주를 바라보고 있을 때, 첫째 공주가 일어나더니 포도주를 내밀었고, 병사는 할머니의 말을 기억하며 포도주를 마시는 척 흘려 버리고는 잠든 척했습니다.",
        "textWordEA": 23
      }
    },
    {
      "srcTextID": "19125",
      "srcText": "그런데 막내 공주만 안절부절못했어요. “언니, 병사가 진짜 잠든 게 맞아요? 불안해요.” “넌 모든 일에 걱정이 너무 많아.” 첫째 공주는 들은 척 만 척했어요.",
      "srcPage": 13,
      "srcSentenceEA": 5,
      "srcWordEA": 25,
      "character": "막내 공주,병사,언니,첫째 공주",
      "setting": null,
      "action": "잠든,들은 척",
      "feeling": "불안해요,안절부절",
      "causalRelationship": null,
      "outcomeResolution": null,
      "prediction": "첫째 공주는 들은 척 만 척했어요.",
      "plotSummaryInfoCount": 1,
      "plotSummaryInfo": {
        "classification": "의사소통",
        "readAge": "초등_저학년",
        "form": "long-form",
        "plotSummaryText": "막내 공주는 병사가 잠들지 않았을까 봐 걱정되었고, 첫째 공주는 걱정이 너무 많다며 들은 척만 했습니다.",
        "textWordEA": 15
      }
    },
    {
      "srcTextID": "19127",
      "srcText": "“어머나! 언니, 누가 내 드레스를 밟았어요.” “아무도 없는데 누가 밟니? 못에 걸린 게지.” 이번에도 첫째 공주는 들은 척 만 척했지요.",
      "srcPage": 16,
      "srcSentenceEA": 4,
      "srcWordEA": 23,
      "character": "언니,드레스,첫째 공주,못",
      "setting": null,
      "action": "밟았어요,들은 척,걸린",
      "feeling": null,
      "causalRelationship": null,
      "outcomeResolution": null,
      "prediction": "이번에도 첫째 공주는 들은 척 만 척했지요.",
      "plotSummaryInfoCount": 1,
      "plotSummaryInfo": {
        "classification": "의사소통",
        "readAge": "초등_저학년",
        "form": "long-form",
        "plotSummaryText": "막내 공주는 누가 내 드레스를 밟았다고 말했지만, 첫째 공주는 아무도 없으며 못에 걸린거라고 말하며 들은 척 만 했습니다.",
        "textWordEA": 18
      }
    },
    {
      "srcTextID": "19131",
      "srcText": "계단을 다 내려가자 반짝반짝 빛나는 숲이 나왔어요. ‘우아, 왕을 믿게 하려면 뭐든 가져가야겠어.’ 가난한 병사는 나뭇가지 세 개를 연이어 뚝뚝 꺾었어요. 그 소리에 막내 공주가 깜짝깜짝 놀랐지요.",
      "srcPage": 17,
      "srcSentenceEA": 4,
      "srcWordEA": 30,
      "character": "계단,왕,병사,나뭇가지,막내 공주",
      "setting": "숲",
      "action": "내려가자,꺾었어요,가져가야겠어",
      "feeling": "가난한,놀랐지요",
      "causalRelationship": null,
      "outcomeResolution": "가난한 병사는 나뭇가지 세 개를 연이어 뚝뚝 꺾었어요.",
      "prediction": null,
      "plotSummaryInfoCount": 1,
      "plotSummaryInfo": {
        "classification": "의사소통",
        "readAge": "초등_저학년",
        "form": "long-form",
        "plotSummaryText": "계단을 내려가자 빛나는 숲이 나왔고 왕을 믿게 하려면 뭐든 가져가기 위해 병사가 나뭇가지를 꺾자 그 소리에 막내 공주가 깜짝 놀랐습니다.",
        "textWordEA": 20
      }
    },
    {
      "srcTextID": "19132",
      "srcText": "가난한 병사는 냉큼 막내 공주가 탄 배에 올라탔어요. 그러자 막내 공주가 깜짝 놀라며 말했어요. “언니, 우리 배에 누가 탄 거 같아요. 방금 배가 기우뚱했어요.” 역시나 첫째 공주는 들은 척 만 척했지요.",
      "srcPage": 20,
      "srcSentenceEA": 5,
      "srcWordEA": 34,
      "character": "병사,막내 공주,언니,첫째 공주",
      "setting": "배",
      "action": "올라탔어요,말했어요,들은 척 만 척했지요",
      "feeling": "가난한,깜짝 놀라며",
      "causalRelationship": null,
      "outcomeResolution": null,
      "prediction": "역시나 첫째 공주는 들은 척 만 척했지요.",
      "plotSummaryInfoCount": 1,
      "plotSummaryInfo": {
        "classification": "의사소통",
        "readAge": "초등_저학년",
        "form": "long-form",
        "plotSummaryText": "가난한 병사는 막내 공주가 탄 배에 올라탔고 막내 공주는 누가 배에 탄 것처럼 기우뚱했다고 말했지만 첫째 공주는 또 들은 척만 했습니다.",
        "textWordEA": 21
      }
    },
    {
      "srcTextID": "19135",
      "srcText": "가난한 병사는 열두 공주보다 한발 먼저 방으로 돌아왔어요. “휴, 다행이다. 공주들이 오기 전에 잠든 척해야지.” 가난한 병사는 침대에 누워 드르렁드르렁 코 고는 소리까지 냈어요.",
      "srcPage": 22,
      "srcSentenceEA": 4,
      "srcWordEA": 26,
      "character": "병사,공주,침대,코",
      "setting": "방",
      "action": "돌아왔어요,코 고는 소리까지 냈어요,오기,잠든 척",
      "feeling": "가난한",
      "causalRelationship": null,
      "outcomeResolution": null,
      "prediction": null,
      "plotSummaryInfoCount": 1,
      "plotSummaryInfo": {
        "classification": "의사소통",
        "readAge": "초등_저학년",
        "form": "long-form",
        "plotSummaryText": "가난한 병사는 공주들 보다 먼저 방으로 돌아왔고 들키지 않으려고 침대에 누워 코를 골며 잠든 척을 했습니다.",
        "textWordEA": 16
      }
    },
    {
      "srcTextID": "19139",
      "srcText": "다음 날 아침, 왕은 공주들의 침실로 갔어요. “구두가 또 이 모양이군.” 잔뜩 화가 난 왕은 가난한 병사를 불렀어요. “그래, 공주들이 밤새 어디서 무얼 했느냐?”",
      "srcPage": 24,
      "srcSentenceEA": 4,
      "srcWordEA": 25,
      "character": "왕,공주,구두,가난한 병사",
      "setting": "침실,밤새,다음 날 아침",
      "action": "갔어요,불렀어요",
      "feeling": "화가 난,가난한",
      "causalRelationship": null,
      "outcomeResolution": null,
      "prediction": null,
      "plotSummaryInfoCount": 1,
      "plotSummaryInfo": {
        "classification": "의사소통",
        "readAge": "초등_저학년",
        "form": "long-form",
        "plotSummaryText": "다음 날 아침 왕은 공주들의 침실로 가 구두를 확인했고 화가 난 왕은 가난한 병사를 불러 공주들이 밤새 무얼 했는지 물었습니다.",
        "textWordEA": 20
      }
    }
  ]
}