{
  "title": "허생전",
  "author": "박지원",
  "illustrator": "정인찬",
  "isbn": "8959040797",
  "publishedYear": 2004,
  "publisher": "(주)한국퍼킨스교육연구원",
  "paragraphInfoCount": 72,
  "paragraphInfo": [
    {
      "srcTextID": "51941",
      "srcText": "하지만 과거에 급제 하기란 하늘의 별 따기만큼이나 어려운 일이었습니다. 그렇다고 선비가 천한 기술자나 장사꾼이 된다는 것은 상상도 할 수 없는 일이었습니다. 그래서 대부분 선비는 무척 가난해도 그저 책을 열심히 읽을 수밖에 없었습니다.",
      "srcPage": 2,
      "srcSentenceEA": 3,
      "srcWordEA": 34,
      "character": "별,선비,기술자,장사꾼,책",
      "setting": null,
      "action": "읽을,하기란,일이었습니다,된다는,상상도 할 수,없었습니다",
      "feeling": null,
      "causalRelationship": null,
      "outcomeResolution": "그래서 대부분 선비는 무척 가난해도 그저 책을 열심히 읽을 수밖에 없었습니다.",
      "prediction": null,
      "plotSummaryInfoCount": 1,
      "plotSummaryInfo": {
        "classification": "의사소통",
        "readAge": "초등_저학년",
        "form": "short-form",
        "plotSummaryText": "과거에 급제하기란 하늘의 별 따기만큼이나 어려운 일이었지만, 선비는 가난해도 그저 책을 열심히 읽을 수밖에 없었습니다.",
        "textWordEA": 15
      }
    },
    {
      "srcTextID": "51940",
      "srcText": "조선 시대에는 신분 제도가 무척 엄했습니다. ‘사농공상’이라는 순서를 정해 선비를 제일로 여겼고, 그 다음이 농사일을 하는 농부였으며, 물건을 만들고 파는 기술자와 상인을 천하게 여겼습니다. 선비는 과거를 치르기 위해 하루 종일 글을 읽었습니다.",
      "srcPage": 1,
      "srcSentenceEA": 4,
      "srcWordEA": 35,
      "character": "선비,농부,물건,기술자,상인",
      "setting": "조선 시대",
      "action": "치르기,농사일을 하는,정해,여겼고,만들고,파는,읽었습니다",
      "feeling": null,
      "causalRelationship": "조선 시대에는 신분 제도가 무척 엄했습니다. 사농공상이라는 순서를 정해 선비를 제일로 여겼고, 그 다음이 농사일을 하는 농부였으며, 물건을 만들고 파는 기술자와 상인을 천하게 여겼습니다.",
      "outcomeResolution": null,
      "prediction": null,
      "plotSummaryInfoCount": 1,
      "plotSummaryInfo": {
        "classification": "의사소통",
        "readAge": "초등_저학년",
        "form": "long-form",
        "plotSummaryText": "조선 시대에는 신분 제도가 엄해서 사농공상이라는 순서를 정해 선비를 제일로 여겼고, 다음이 농부였으며, 기술자와 상인을 천하게 여겼습니다.",
        "textWordEA": 17
      }
    },
    {
      "srcTextID": "52027",
      "srcText": "제주도는 섬이어서 교통이 불편했습니다. 그래서 뭍에서 만드는 옷감이나 쇠로 만든 농기구 등이 충분하지 않았습니다. 가져간 물건을 모두 판 허생은 안성에서처럼 일꾼을 사서 이번에는 제주도의 특산품인 말총을 사 모으기 시작했습니다.",
      "srcPage": 29,
      "srcSentenceEA": 3,
      "srcWordEA": 31,
      "character": "옷감,쇠,농기구,말총,물건,일꾼,허생",
      "setting": "제주도,섬,뭍,안성",
      "action": "만드는,만든,가져간,판,사서,사 모으기,시작했습니다",
      "feeling": "불편했습니다",
      "causalRelationship": null,
      "outcomeResolution": null,
      "prediction": null,
      "plotSummaryInfoCount": 1,
      "plotSummaryInfo": {
        "classification": "의사소통",
        "readAge": "초등_저학년",
        "form": "short-form",
        "plotSummaryText": "제주도에서 옷감과 농기구를 모두 판 허생은 안성에서처럼 일꾼을 사서 제주도의 특산품인 말총을 사 모으기 시작했습니다.",
        "textWordEA": 15
      }
    },
    {
      "srcTextID": "52000",
      "srcText": "“저, 어디 사시는 누구라고 여쭐까요?” “고얀 놈 같으니! 가서 전하라는 대로 전하면 되지 뭐 그리 말이 많으냐?” 허생의 위엄 있는 표정과 우렁찬 목소리에 하인은 더 이상 대꾸를 하지 못하고 안으로 들어가 말을 전했습니다.",
      "srcPage": 12,
      "srcSentenceEA": 4,
      "srcWordEA": 35,
      "character": "허생,하인,고얀 놈,누구",
      "setting": null,
      "action": "여쭐까요,들어가,전했습니다,전하라는,전하면,가서,대꾸를 하지",
      "feeling": null,
      "causalRelationship": null,
      "outcomeResolution": null,
      "prediction": null,
      "plotSummaryInfoCount": 1,
      "plotSummaryInfo": {
        "classification": "의사소통",
        "readAge": "초등_저학년",
        "form": "long-form",
        "plotSummaryText": "전하라는 대로 전하면 되지 말이 많으냐는 허생의 위엄 있는 표정과 우렁찬 목소리에 하인은 대꾸를 하지 못하고 안으로 들어가 말을 전했습니다.",
        "textWordEA": 20
      }
    },
    {
      "srcTextID": "52004",
      "srcText": "하인의 말을 들은 변 생원은 궁금증이 생겨 밖으로 나와 보았습니다. “뉘신지요? 그리고 무슨 일로 오셨는지요?” “나는 남산 아래 사는 허생이라 하오. 장사를 하려는데 돈 만 냥만 꿔 주시오.”",
      "srcPage": 13,
      "srcSentenceEA": 4,
      "srcWordEA": 30,
      "character": "하인,변 생원,허생",
      "setting": "남산 아래",
      "action": "들은,생겨,나와 보았습니다,사는,오셨는지요,하려는데,꿔",
      "feeling": null,
      "causalRelationship": null,
      "outcomeResolution": null,
      "prediction": null,
      "plotSummaryInfoCount": 1,
      "plotSummaryInfo": {
        "classification": "의사소통",
        "readAge": "초등_저학년",
        "form": "long-form",
        "plotSummaryText": "변 생원이 무슨 일로 왔는지 묻자 허생은 남산 아래 산다며 장사를 하려는데 돈 만 냥을 꿔 달라고 했습니다.",
        "textWordEA": 18
      }
    },
    {
      "srcTextID": "52002",
      "srcText": "변 생원은 놀랐습니다. 한양에서 제일 부자인 자기를 찾은 사람 중에 이렇게 당당한 사람은 없었습니다. 제법 높은 벼슬아치조차 은근히 고개를 숙였지요. 변 생원은 잠시 생각에 잠겼다가 곧 하인을 시켜 돈을 가져오도록 했습니다.",
      "srcPage": 14,
      "srcSentenceEA": 4,
      "srcWordEA": 34,
      "character": "부자,사람,벼슬아치,고개,변 생원",
      "setting": "한양",
      "action": "찾은,숙였지요,잠겼다가,가져오도록,했습니다,시켜",
      "feeling": "놀랐습니다,당당한",
      "causalRelationship": null,
      "outcomeResolution": null,
      "prediction": null,
      "plotSummaryInfoCount": 1,
      "plotSummaryInfo": {
        "classification": "의사소통",
        "readAge": "초등_저학년",
        "form": "long-form",
        "plotSummaryText": "한양에서 제일 부자인 자기를 찾아 이렇게 당당한 사람은 없었기에 놀란 변 생원은 하인을 시켜 돈을 가져오도록 했습니다.",
        "textWordEA": 17
      }
    },
    {
      "srcTextID": "52001",
      "srcText": "만 냥을 마당에 쌓으니 거의 한 수레나 되었습니다. “자, 여기 있으니 세어 보시오.” 변 생원의 말에 허생은 쌓여 있는 돈에는 눈길도 주지 않고 말했습니다.",
      "srcPage": 15,
      "srcSentenceEA": 3,
      "srcWordEA": 25,
      "character": "수레,변 생원,허생",
      "setting": "마당",
      "action": "쌓으니,있으니,세어 보시오,말했습니다,쌓여,주지",
      "feeling": null,
      "causalRelationship": null,
      "outcomeResolution": null,
      "prediction": null,
      "plotSummaryInfoCount": 1,
      "plotSummaryInfo": {
        "classification": "의사소통",
        "readAge": "초등_저학년",
        "form": "short-form",
        "plotSummaryText": "허생은 마당에 거의 한 수레나 되게 쌓여 있는 돈에는 눈길도 주지 않고 말했습니다.",
        "textWordEA": 13
      }
    },
    {
      "srcTextID": "52035",
      "srcText": "“내 품삯은 얼마든지 드릴 테니 어디 한번 그곳으로 가 봅시다.” 돈을 얼마든지 준다는 말에 사공은 힘차게 노를 저어 나갔습니다. 한참 뒤 도착한 섬은 과연 사공의 말대로 사람의 손길이 닿지 않아 조용했으며, 기름진 땅은 천 리나 되어 보였습니다. 섬을 둘러본 허생은 다시 뱃머리를 돌려 육지로 향했습니다.",
      "srcPage": 41,
      "srcSentenceEA": 4,
      "srcWordEA": 48,
      "character": "사공,노,섬,사람,허생,손길,땅,뱃머리,육지",
      "setting": null,
      "action": "드릴,가 봅시다,저어,준다는,도착한,닿지 않아,둘러본,돌려,향했습니다",
      "feeling": null,
      "causalRelationship": null,
      "outcomeResolution": null,
      "prediction": null,
      "plotSummaryInfoCount": 1,
      "plotSummaryInfo": {
        "classification": "의사소통",
        "readAge": "초등_저학년",
        "form": "long-form",
        "plotSummaryText": "사공이 노를 저어 도착한 섬은 조용했으며 기름졌고, 섬을 둘러본 허생은 다시 육지로 향했습니다.",
        "textWordEA": 13
      }
    },
    {
      "srcTextID": "50520",
      "srcText": "산적들 말고도 부두에는 많은 여인이 있었습니다. 허생이 산적들과 혼인시키기 위해 데려온 사람들이었습니다. 이미 바다에는 배 여러 척이 돛을 편 채 기다리고 있었습니다.",
      "srcPage": 50,
      "srcSentenceEA": 3,
      "srcWordEA": 24,
      "character": "산적,여인,허생,사람들,배,돛",
      "setting": "부두,바다",
      "action": "데려온,기다리고,편,혼인시키기",
      "feeling": null,
      "causalRelationship": null,
      "outcomeResolution": null,
      "prediction": null,
      "plotSummaryInfoCount": 1,
      "plotSummaryInfo": {
        "classification": "의사소통",
        "readAge": "초등_저학년",
        "form": "short-form",
        "plotSummaryText": "부두에는 허생이 산적들과 혼인시키기 위해 데려온 많은 여인이 있었고, 배 여러 척이 돛을 편 채 기다리고 있었습니다.",
        "textWordEA": 17
      }
    },
    {
      "srcTextID": "52046",
      "srcText": "요새는 산적 노릇도 힘들기만 한걸요. “그러면 내가 돈을 나눠 줄 테니 농기구와 볍씨, 집 지을 도구, 가축 등등을 사서 한 달 후 부두로 모이시오.” 허생은 직접 산적 한 사람마다 백 냥씩을 나눠 주고 그곳을 떠났습니다.",
      "srcPage": 48,
      "srcSentenceEA": 3,
      "srcWordEA": 36,
      "character": "산적,농기구,볍씨,집,도구,허생",
      "setting": "부두,한 달 후",
      "action": "나눠 줄,사서,지을,모이시오,나눠 주고,떠났습니다",
      "feeling": null,
      "causalRelationship": null,
      "outcomeResolution": null,
      "prediction": null,
      "plotSummaryInfoCount": 1,
      "plotSummaryInfo": {
        "classification": "의사소통",
        "readAge": "초등_저학년",
        "form": "short-form",
        "plotSummaryText": "허생은 산적 한 사람마다 백 냥씩을 나눠 주고 한 달 후 부두로 모이라고 하며 그곳을 떠났습니다.",
        "textWordEA": 16
      }
    },
    {
      "srcTextID": "50521",
      "srcText": "한 달 후 부두에는 많은 사람이 모였습니다. 그 사람들은 각자 소·돼 지·닭 등 가축을 데리고 있었으며, 손에는 곡괭이나 쇠스랑 같은 농기구나 도끼· 끌·대패 같은 도구를 들고 있었습니다. 바로 허생이 돈을 나눠 주었던 산적들이었습니다.",
      "srcPage": 49,
      "srcSentenceEA": 3,
      "srcWordEA": 35,
      "character": "허생,산적들,사람,사람들,소,돼지,닭,가축,손,곡괭이,쇠스랑,농기구,도끼,끌,대패",
      "setting": "한 달 후,부두",
      "action": "모였습니다,데리고,들고,나눠 주었던",
      "feeling": null,
      "causalRelationship": null,
      "outcomeResolution": null,
      "prediction": null,
      "plotSummaryInfoCount": 1,
      "plotSummaryInfo": {
        "classification": "의사소통",
        "readAge": "초등_저학년",
        "form": "short-form",
        "plotSummaryText": "허생이 돈을 나눠 주었던 산적들이 한 달 후 각자 가축을 데리고 농기구나 도구들을 가지고 부두에 모였습니다.",
        "textWordEA": 16
      }
    },
    {
      "srcTextID": "52007",
      "srcText": "안성으로 간 허생은 일꾼 십여 명을 모아 후한 품삯을 주며 말했습니다. “내일부터 장터에 나가 과일이란 과일은 보이는 대로 사 모아 주시오. 값은 달라는 대로 줘도 상관없소.”",
      "srcPage": 18,
      "srcSentenceEA": 3,
      "srcWordEA": 27,
      "character": "허생,일꾼,과일",
      "setting": "안성,내일,장터",
      "action": "간,모아,주며,말했습니다,나가,사,보이는,달라는,줘도",
      "feeling": null,
      "causalRelationship": null,
      "outcomeResolution": null,
      "prediction": null,
      "plotSummaryInfoCount": 1,
      "plotSummaryInfo": {
        "classification": "의사소통",
        "readAge": "초등_저학년",
        "form": "short-form",
        "plotSummaryText": "안성으로 간 허생은 일꾼을 모아 장터에서 과일을 보이는 대로 사 모아 달라고 말했습니다.",
        "textWordEA": 13
      }
    },
    {
      "srcTextID": "52008",
      "srcText": "일꾼들은 고개를 갸웃하며 저마다 한마디씩 했습니다. “다 생각이 있으니 시키는 대로 해 주시오.” 다음 날부터 일꾼들은 허생이 시킨 대로 사과, 배, 대추, 밤, 호두, 잣 등 과일이란 과일은 모두 사 모았습니다.",
      "srcPage": 19,
      "srcSentenceEA": 3,
      "srcWordEA": 32,
      "character": "일꾼,고개,허생,사과,배,대추,밤,호두,잣,과일",
      "setting": "다음 날부터",
      "action": "있으니,시키는 대로,해 주시오,갸웃하며,한마디씩 했습니다,사 모았습니다",
      "feeling": null,
      "causalRelationship": null,
      "outcomeResolution": null,
      "prediction": null,
      "plotSummaryInfoCount": 1,
      "plotSummaryInfo": {
        "classification": "의사소통",
        "readAge": "초등_저학년",
        "form": "short-form",
        "plotSummaryText": "다 생각이 있으니 시키는 대로 해 달라는 말에 다음 날부터 일꾼들은 허생이 시킨 대로 과일이란 과일은 모두 사 모았습니다.",
        "textWordEA": 19
      }
    },
    {
      "srcTextID": "51959",
      "srcText": "허생의 아내는 허생을 뒷바라지하며 삯바느질로 살림을 꾸려 왔습니다. 그러나 바느질거리가 늘 있는 것은 아니었습니다. 요즘 들어서는 맡은 일이 없어 벌써 사흘이나 굶고 있었습니다.",
      "srcPage": 4,
      "srcSentenceEA": 3,
      "srcWordEA": 25,
      "character": "허생의 아내,허생,삯바느질,살림,바느질거리",
      "setting": null,
      "action": "뒷바라지하며,꾸려 왔습니다,있는,맡은,들어서는,굶고,있었습니다",
      "feeling": null,
      "causalRelationship": null,
      "outcomeResolution": null,
      "prediction": null,
      "plotSummaryInfoCount": 1,
      "plotSummaryInfo": {
        "classification": "의사소통",
        "readAge": "초등_저학년",
        "form": "short-form",
        "plotSummaryText": "허생의 아내는 뒷바라지하며 삯바느질로 살림을 꾸려 왔지만 요즘 들어서는 일이 없어 사흘이나 굶고 있었습니다.",
        "textWordEA": 14
      }
    },
    {
      "srcTextID": "51969",
      "srcText": "“삼 년이라고요? 이제는 석 달 아니 사흘도 못 버티겠어요. 공부가 부족하여 과거를 치를 수 없다면 아이들을 가르치거나 하다못해 뭐라도 해서 살아야 할 것 아녜요.” 아내의 투정은 평소와 달리 무척이나 심했습니다.",
      "srcPage": 7,
      "srcSentenceEA": 4,
      "srcWordEA": 33,
      "character": "아이들,아내",
      "setting": null,
      "action": "부족하여,치를 수,해서,가르치거나,못 버티겠어요,살아야",
      "feeling": null,
      "causalRelationship": null,
      "outcomeResolution": null,
      "prediction": null,
      "plotSummaryInfoCount": 1,
      "plotSummaryInfo": {
        "classification": "의사소통",
        "readAge": "초등_저학년",
        "form": "long-form",
        "plotSummaryText": "공부가 부족하여 과거를 치를 수 없다면 아이들을 가르치거나 뭐라도 해서 살아야 할 것 아니냐며 아내는 투정을 했습니다.",
        "textWordEA": 17
      }
    },
    {
      "srcTextID": "52011",
      "srcText": "몇 달이 지나자 전국의 과일이란 과일은 모두 허생의 창고에 쌓이게 되었습니다. 과일이 가득 쌓인 창고에서는 썩는 냄새가 나기 시작했지만, 허생은 아무 생각도 없는 듯 그저 주막의 방에서 뒹굴고만 있었습니다. 허생의 창고에서 가득 쌓인 과일이 썩어 가는 것과는 반대로 온 나라에서는 난리가 났습니다.",
      "srcPage": 21,
      "srcSentenceEA": 3,
      "srcWordEA": 44,
      "character": "과일,허생",
      "setting": "몇 달,허생의 창고,주막의 방,온 나라",
      "action": "지나자,쌓이게,쌓인,나기,시작했지만,뒹굴고만,없는,있었습니다,났습니다",
      "feeling": null,
      "causalRelationship": null,
      "outcomeResolution": null,
      "prediction": null,
      "plotSummaryInfoCount": 1,
      "plotSummaryInfo": {
        "classification": "의사소통",
        "readAge": "초등_저학년",
        "form": "short-form",
        "plotSummaryText": "몇 달이 지나자 전국의 과일은 모두 허생의 창고에 쌓이게 되었고 썩는 냄새가 나기 시작했지만, 허생은 주막의 방에서 뒹굴고만 있었습니다.",
        "textWordEA": 19
      }
    },
    {
      "srcTextID": "52010",
      "srcText": "도무지 과일을 구할 수 없었습니다. “내일 할아버님의 제사를 지내야 하는데, 과일이 없어 큰일이오.” “과일을 올리지 않고 제사 지낼 수는 없는 법인데, 어디서도 과일을 구할 수 없다니 이게 웬일이오?”",
      "srcPage": 22,
      "srcSentenceEA": 3,
      "srcWordEA": 28,
      "character": "과일,할아버님",
      "setting": "내일",
      "action": "구할,올리지,지내야,지낼,없어,없었습니다",
      "feeling": null,
      "causalRelationship": null,
      "outcomeResolution": null,
      "prediction": null,
      "plotSummaryInfoCount": 1,
      "plotSummaryInfo": {
        "classification": "의사소통",
        "readAge": "초등_저학년",
        "form": "short-form",
        "plotSummaryText": "내일 할아버님의 제사를 지내야 하는데 어디서도 과일을 구할 수 없었습니다.",
        "textWordEA": 10
      }
    },
    {
      "srcTextID": "52009",
      "srcText": "“말도 마시오. 나는 열 냥을 주고서 겨우 대추 몇 알을 구했다오.” 사람들은 모이면 과일 얘기를 했습니다. 그도 그럴 것이 조선 시대에는 제사 지내는 일을 무척 중요하게 여겼고, 과일 없이는 제사를 지낼 수 없었기 때문입니다.",
      "srcPage": 23,
      "srcSentenceEA": 4,
      "srcWordEA": 37,
      "character": "대추,사람들,과일",
      "setting": "조선 시대",
      "action": "마시오,주고서,구했다오,모이면,했습니다,지내는,여겼고,없이는,지낼",
      "feeling": null,
      "causalRelationship": null,
      "outcomeResolution": null,
      "prediction": null,
      "plotSummaryInfoCount": 1,
      "plotSummaryInfo": {
        "classification": "의사소통",
        "readAge": "초등_저학년",
        "form": "long-form",
        "plotSummaryText": "조선 시대에는 제사 지내는 일을 무척 중요하게 여겨서 과일 없이는 제사를 지낼 수 없었습니다.",
        "textWordEA": 14
      }
    },
    {
      "srcTextID": "52024",
      "srcText": "전국의 과일 장수들은 안성으로 허생을 찾아갔습니다. “허 생원! 제발 과일을 파시오.” “값은 얼마든지 달라는 대로 드리겠소.”",
      "srcPage": 24,
      "srcSentenceEA": 4,
      "srcWordEA": 17,
      "character": "과일 장수,허생,과일",
      "setting": "전국,안성",
      "action": "찾아갔습니다,파시오,드리겠소,달라는",
      "feeling": null,
      "causalRelationship": null,
      "outcomeResolution": null,
      "prediction": null,
      "plotSummaryInfoCount": 1,
      "plotSummaryInfo": {
        "classification": "의사소통",
        "readAge": "초등_저학년",
        "form": "long-form",
        "plotSummaryText": "전국의 과일 장수들이 허생을 찾아가 값은 달라는 대로 드리겠으니 과일을 팔라고 했습니다.",
        "textWordEA": 12
      }
    },
    {
      "srcTextID": "52022",
      "srcText": "“돈이 문제가 아니라 조상님께 제사는 올려야 하지 않겠소.” 그러나 허생은 사람들을 만나 주지도 않고 주막의 방 안에서 꼼짝도 하지 않았습니다. “허 생원, 제발! 내가 다섯 배를 드리겠소.”",
      "srcPage": 25,
      "srcSentenceEA": 4,
      "srcWordEA": 29,
      "character": "조상님,허생,사람들",
      "setting": "주막의 방 안",
      "action": "올려야,드리겠소,만나,꼼짝도 하지",
      "feeling": null,
      "causalRelationship": null,
      "outcomeResolution": null,
      "prediction": null,
      "plotSummaryInfoCount": 1,
      "plotSummaryInfo": {
        "classification": "의사소통",
        "readAge": "초등_저학년",
        "form": "long-form",
        "plotSummaryText": "허생이 사람들을 만나 주지도 않고 주막의 방 안에서 꼼짝도 하지 않자, 돈을 다섯 배로 드리겠다고 했습니다.",
        "textWordEA": 16
      }
    },
    {
      "srcTextID": "52023",
      "srcText": "상인들이 소리쳤지만, 허생의 방문은 열릴 기미도 없었습니다. “좋소! 열 배를 드리리다.” 그제서야 방문이 열리고 허생이 밖으로 나와 창고를 열고 과일을 팔기 시작했습니다.",
      "srcPage": 26,
      "srcSentenceEA": 3,
      "srcWordEA": 24,
      "character": "상인들,허생의 방문,방문,허생,창고,과일",
      "setting": null,
      "action": "소리쳤지만,열릴,열리고,나와,열고,팔기 시작했습니다,드리리다",
      "feeling": null,
      "causalRelationship": null,
      "outcomeResolution": null,
      "prediction": null,
      "plotSummaryInfoCount": 1,
      "plotSummaryInfo": {
        "classification": "의사소통",
        "readAge": "초등_저학년",
        "form": "short-form",
        "plotSummaryText": "상인들이 열 배를 드리겠다고 하자 허생은 밖으로 나와 창고를 열고 과일을 팔기 시작했습니다.",
        "textWordEA": 13
      }
    },
    {
      "srcTextID": "52026",
      "srcText": "말총이란 말의 갈기나 꼬리 털로, 양반이 쓰는 갓을 만드는 재료였습니다. 제주도에서는 말을 많이 키우기 때문에 말총이 많았습니다. “대체 이 많은 말총을 사서 어디에 쓰려는 것일까?” 일꾼들은 고개를 갸웃하면서도 허생이 시킨 대로 말총을 사 모았습니다.",
      "srcPage": 30,
      "srcSentenceEA": 4,
      "srcWordEA": 36,
      "character": "말총,말,갈기,꼬리 털,양반,갓,일꾼들,허생",
      "setting": "제주도",
      "action": "쓰는,만드는,키우기,사서,갸웃하면서도,시킨 대로,사 모았습니다",
      "feeling": null,
      "causalRelationship": null,
      "outcomeResolution": null,
      "prediction": null,
      "plotSummaryInfoCount": 1,
      "plotSummaryInfo": {
        "classification": "의사소통",
        "readAge": "초등_저학년",
        "form": "long-form",
        "plotSummaryText": "제주도에서는 말을 많이 키우기 때문에 양반이 쓰는 갓을 만드는 재료인 말총이 많았고, 일꾼들은 허생이 시킨 대로 말총을 사 모았습니다.",
        "textWordEA": 19
      }
    },
    {
      "srcTextID": "52038",
      "srcText": "바다를 건너기 위해 허생은 배를 탔습니다. 푸른 바다를 바라보며 노를 젓는 늙은 사공에게 물었습니다. “노인장, 혹시 사람이 살지 않는 섬을 알고 있소?”",
      "srcPage": 37,
      "srcSentenceEA": 3,
      "srcWordEA": 23,
      "character": "허생,배,사공,노인장,사람",
      "setting": "바다,섬",
      "action": "건너기,탔습니다,바라보며,젓는,물었습니다,살지,알고",
      "feeling": null,
      "causalRelationship": null,
      "outcomeResolution": null,
      "prediction": null,
      "plotSummaryInfoCount": 1,
      "plotSummaryInfo": {
        "classification": "의사소통",
        "readAge": "초등_저학년",
        "form": "short-form",
        "plotSummaryText": "허생은 바다를 건너기 위해 배를 타고 가다가 늙은 사공에게 사람이 살지 않는 섬을 알고 있는지 물었습니다.",
        "textWordEA": 16
      }
    },
    {
      "srcTextID": "52037",
      "srcText": "물고기들도 조용히 헤엄치고 있었고, 사슴이나 여우 같은 짐승도 보았지만 사람을 보고도 놀라지 않았어요. 정말 평화롭고 기름진 섬이더군요. 이런 곳에서 농사를 지으면서 살면 좋겠다는 생각이 들었지요.",
      "srcPage": 39,
      "srcSentenceEA": 3,
      "srcWordEA": 27,
      "character": "물고기,사슴,여우,사람,섬",
      "setting": null,
      "action": "헤엄치고,보았지만,보고도,지으면서,살면,들었지요",
      "feeling": "놀라지,좋겠다는",
      "causalRelationship": null,
      "outcomeResolution": null,
      "prediction": null,
      "plotSummaryInfoCount": 1,
      "plotSummaryInfo": {
        "classification": "의사소통",
        "readAge": "초등_저학년",
        "form": "short-form",
        "plotSummaryText": "사슴이나 여우 같은 짐승이 사람을 보고도 놀라지 않는 평화롭고 기름진 이런 곳에서 농사를 지으면서 살면 좋겠다는 생각이 들었습니다.",
        "textWordEA": 18
      }
    },
    {
      "srcTextID": "52036",
      "srcText": "그 말을 들은 허생은 눈빛을 반짝이며 물었습니다. “혹시 그 섬을 다시 찾아갈 수 있겠소?” “내 기억이 틀림없다면, 여기서 동남쪽으로 백 리쯤 가면 찾을 수 있을 겁니다.”",
      "srcPage": 40,
      "srcSentenceEA": 3,
      "srcWordEA": 26,
      "character": "허생,섬,눈빛",
      "setting": null,
      "action": "들은,반짝이며,물었습니다,찾아갈,가면,찾을 수",
      "feeling": null,
      "causalRelationship": null,
      "outcomeResolution": null,
      "prediction": null,
      "plotSummaryInfoCount": 1,
      "plotSummaryInfo": {
        "classification": "의사소통",
        "readAge": "초등_저학년",
        "form": "short-form",
        "plotSummaryText": "허생이 그 섬을 다시 찾아갈 수 있는지 묻자 동남쪽으로 백 리쯤 가면 찾을 수 있을 거라고 했습니다.",
        "textWordEA": 17
      }
    },
    {
      "srcTextID": "52040",
      "srcText": "그러나 허생은 눈 하나 깜짝하지 않고 말했습니다. “잘 만났다. 내가 너희를 찾아다니지 않아도 되겠구나. 너희 두목을 만나고 싶다.” 산적을 만나면 도망을 치거나 살려 달라고 빌어야 할 텐데, ‘너희를 찾아다니지 않아도 되겠다.’니 이게 무슨 말인가요? 산적들은 허생의 당당한 태도와 위엄 있는 목소리에 움찔하여 순순히 두목에게 허생을 데리고 갔습니다.",
      "srcPage": 43,
      "srcSentenceEA": 7,
      "srcWordEA": 52,
      "character": "허생,눈,두목,산적,내,너희",
      "setting": null,
      "action": "찾아다니지,깜짝하지,만났다,말했습니다,만나면,도망을 치거나,살려 달라고,빌어야,데리고 갔습니다,움찔하여",
      "feeling": "당당한",
      "causalRelationship": null,
      "outcomeResolution": null,
      "prediction": null,
      "plotSummaryInfoCount": 1,
      "plotSummaryInfo": {
        "classification": "의사소통",
        "readAge": "초등_저학년",
        "form": "long-form",
        "plotSummaryText": "눈 하나 깜짝하지 않고 잘 만났다며 두목을 만나고 싶다는 허생의 당당한 태도와 위엄 있는 목소리에 움찔하여, 산적들은 순순히 두목에게 허생을 데리고 갔습니다.",
        "textWordEA": 22
      }
    },
    {
      "srcTextID": "52045",
      "srcText": "산적 두목과 마주한 허생이 물었습니다. “제일 많이 털어 본 것이 얼마나 되오?” “천 냥쯤 되지.” “부하는 모두 몇이오?” “한 천 명쯤.”",
      "srcPage": 44,
      "srcSentenceEA": 5,
      "srcWordEA": 21,
      "character": "산적 두목,허생,부하",
      "setting": null,
      "action": "마주한,물었습니다,털어 본,되오,되지",
      "feeling": null,
      "causalRelationship": null,
      "outcomeResolution": null,
      "prediction": null,
      "plotSummaryInfoCount": 1,
      "plotSummaryInfo": {
        "classification": "의사소통",
        "readAge": "초등_저학년",
        "form": "long-form",
        "plotSummaryText": "산적 두목과 마주한 허생은 제일 많이 털어 본 것이 얼마나 되는지, 부하는 모두 몇인지 물었습니다.",
        "textWordEA": 15
      }
    },
    {
      "srcTextID": "52042",
      "srcText": "“우리도 남들처럼 농사지을 땅이 있고 가축이 있으면 왜 도둑질을 하겠습니까? 그나마 얼마 되지 않는 재산을 못된 관리에게 다 빼앗기고 할 수 없이 산에 들어와 도적이 된 것이지요.” 어느새 산적 두목의 말투는 공손하게 바뀌어 있었습니다.",
      "srcPage": 46,
      "srcSentenceEA": 3,
      "srcWordEA": 36,
      "character": "우리,남들,재산,땅,가축,관리,도적,산적 두목",
      "setting": "산",
      "action": "지을,빼앗기고,들어와,있으면,하겠습니까,된,바뀌어",
      "feeling": null,
      "causalRelationship": null,
      "outcomeResolution": null,
      "prediction": null,
      "plotSummaryInfoCount": 1,
      "plotSummaryInfo": {
        "classification": "의사소통",
        "readAge": "초등_저학년",
        "form": "short-form",
        "plotSummaryText": "산적 두목은 재산을 못된 관리에게 다 빼앗기고 할 수 없이 산에 들어와 도적이 된 것이라고 했습니다.",
        "textWordEA": 16
      }
    },
    {
      "srcTextID": "52025",
      "srcText": "허생이 과일 장사로 번 돈은 십만 냥이나 되었습니다. 열 배나 남는 장사를 한 것입니다. 보통 사람 같으면 그것으로 만족하겠지만, 허생은 결코 보통 사람이 아니었습니다. 허생은 더 큰 장사를 계획하고 있었습니다.",
      "srcPage": 27,
      "srcSentenceEA": 4,
      "srcWordEA": 33,
      "character": "허생,사람,과일",
      "setting": null,
      "action": "번,계획하고,되었습니다,남는,장사를 한,아니었습니다,있었습니다",
      "feeling": "만족하겠지만",
      "causalRelationship": null,
      "outcomeResolution": null,
      "prediction": null,
      "plotSummaryInfoCount": 1,
      "plotSummaryInfo": {
        "classification": "의사소통",
        "readAge": "초등_저학년",
        "form": "long-form",
        "plotSummaryText": "허생이 과일 장사로 번 돈은 십만 냥이나 되었지만 그것으로 만족하지 않고 더 큰 장사를 계획하고 있었습니다.",
        "textWordEA": 16
      }
    },
    {
      "srcTextID": "52028",
      "srcText": "허생이 다음으로 간 곳은 제주도였습니다. 허생은 배를 몇 척 사서 옷감과 농기구를 잔뜩 싣고 갔습니다. 과연 허생의 생각은 들어맞아, 가지고 간 옷감과 농기구는 날개 돋친 듯이 팔렸습니다.",
      "srcPage": 28,
      "srcSentenceEA": 3,
      "srcWordEA": 29,
      "character": "허생,배,옷감,농기구,날개",
      "setting": "제주도",
      "action": "간,사서,싣고 갔습니다,팔렸습니다,들어맞아,가지고,돋친",
      "feeling": null,
      "causalRelationship": null,
      "outcomeResolution": null,
      "prediction": null,
      "plotSummaryInfoCount": 1,
      "plotSummaryInfo": {
        "classification": "의사소통",
        "readAge": "초등_저학년",
        "form": "short-form",
        "plotSummaryText": "허생이 배를 몇 척 사서 제주도로 싣고 간 옷감과 농기구는 날개 돋친 듯이 팔렸습니다.",
        "textWordEA": 14
      }
    },
    {
      "srcTextID": "52060",
      "srcText": "허생의 대담함과 놀라운 장사 솜씨에 감탄한 변 생원은 며칠 후 허생의 집을 찾았습니다. 많은 돈을 벌었으니 커다란 기와집에서 살 수도 있으련만 허생은 여전히 다 쓰러져 가는 초가집에서 글을 읽고 있었습니다. “변 생원 아니시오. 웬일이시오?”",
      "srcPage": 63,
      "srcSentenceEA": 4,
      "srcWordEA": 36,
      "character": "허생,변 생원,기와집",
      "setting": "며칠 후,허생의 집,초가집",
      "action": "찾았습니다,읽고 있었습니다,벌었으니,살 수도,쓰러져",
      "feeling": "놀라운",
      "causalRelationship": null,
      "outcomeResolution": null,
      "prediction": null,
      "plotSummaryInfoCount": 1,
      "plotSummaryInfo": {
        "classification": "의사소통",
        "readAge": "초등_저학년",
        "form": "long-form",
        "plotSummaryText": "허생의 대담함과 놀라운 장사 솜씨에 감탄한 변 생원은 며칠 후 허생의 집을 찾았는데 그는 여전히 쓰러져 가는 초가집에서 글을 읽고 있었습니다.",
        "textWordEA": 21
      }
    },
    {
      "srcTextID": "52033",
      "srcText": "창고 가득 말총이 쌓였습니다. 허생은 무려 십만 냥어치의 말총을 사들였습니다. 그러자 이번에도 전국 곳곳에서 야단이 났습니다.",
      "srcPage": 31,
      "srcSentenceEA": 3,
      "srcWordEA": 18,
      "character": "말총,허생",
      "setting": "창고,전국 곳곳",
      "action": "쌓였습니다,사들였습니다,야단이 났습니다",
      "feeling": null,
      "causalRelationship": null,
      "outcomeResolution": null,
      "prediction": null,
      "plotSummaryInfoCount": 1,
      "plotSummaryInfo": {
        "classification": "의사소통",
        "readAge": "초등_저학년",
        "form": "short-form",
        "plotSummaryText": "허생이 십만 냥어치의 말총을 사들여 창고 가득 말총이 쌓였고, 전국 곳곳에서 야단이 났습니다.",
        "textWordEA": 13
      }
    },
    {
      "srcTextID": "51942",
      "srcText": "한양 남산 아래 사는 허생도 마찬가지였습니다. 허생도 다른 선비와 마찬가지로 과거를 치르기 위해 오로지 글만 읽을 뿐 살림에는 전혀 신경을 쓰지 않았습니다. 다 쓰러져 가는 허생의 집은 겨우 비바람을 막을 정도로 초라했고, 우물 옆에 살구나무 한 그루만 외로이 서 있을 뿐이었습니다.",
      "srcPage": 3,
      "srcSentenceEA": 3,
      "srcWordEA": 43,
      "character": "허생,선비,살구나무,우물",
      "setting": "한양 남산 아래,허생의 집,우물 옆",
      "action": "서 있을,막을,사는,읽을,마찬가지였습니다,치르기,신경을 쓰지,쓰러져,가는",
      "feeling": null,
      "causalRelationship": null,
      "outcomeResolution": null,
      "prediction": null,
      "plotSummaryInfoCount": 1,
      "plotSummaryInfo": {
        "classification": "의사소통",
        "readAge": "초등_저학년",
        "form": "short-form",
        "plotSummaryText": "허생도 다른 선비와 마찬가지로 과거를 치르기 위해 오로지 글만 읽을 뿐 살림에는 전혀 신경을 쓰지 않아 집은 다 쓰러져 갔습니다.",
        "textWordEA": 20
      }
    },
    {
      "srcTextID": "51970",
      "srcText": "허생은 더 이상 견딜 수 없음을 깨달았습니다. 허생은 아쉬운 표정으로 책을 덮으며 혼잣말로 중얼거렸습니다. “어허! 십 년 동안은 글을 읽으려 했건만 칠 년 만에 그만두어야 하다니. 할 수 없지.”",
      "srcPage": 8,
      "srcSentenceEA": 4,
      "srcWordEA": 32,
      "character": "허생,책",
      "setting": null,
      "action": "견딜,깨달았습니다,덮으며,중얼거렸습니다,읽으려,그만두어야",
      "feeling": "아쉬운",
      "causalRelationship": null,
      "outcomeResolution": null,
      "prediction": null,
      "plotSummaryInfoCount": 1,
      "plotSummaryInfo": {
        "classification": "의사소통",
        "readAge": "초등_저학년",
        "form": "long-form",
        "plotSummaryText": "허생은 십 년 동안은 글을 읽으려 했건만 칠 년 만에 그만두어야 해서 아쉬운 표정으로 책을 덮으며 중얼거렸습니다.",
        "textWordEA": 17
      }
    },
    {
      "srcTextID": "51971",
      "srcText": "허생은 오랜만에 의관을 갖추고 외출을 했습니다. 허생은 상점이 많은 종로에 나가 한 상인에게 물었습니다. “한양에서 제일가는 부자가 누구요?”",
      "srcPage": 9,
      "srcSentenceEA": 3,
      "srcWordEA": 19,
      "character": "허생,의관,상점,상인,부자",
      "setting": "종로,한양",
      "action": "갖추고,외출을 했습니다,나가,물었습니다,가는",
      "feeling": null,
      "causalRelationship": null,
      "outcomeResolution": null,
      "prediction": null,
      "plotSummaryInfoCount": 1,
      "plotSummaryInfo": {
        "classification": "의사소통",
        "readAge": "초등_저학년",
        "form": "short-form",
        "plotSummaryText": "허생은 오랜만에 의관을 갖추고 외출을 하여 종로에 나가 한양에서 제일가는 부자가 누구인지 물었습니다.",
        "textWordEA": 13
      }
    },
    {
      "srcTextID": "50522",
      "srcText": "이후 나라에 큰일이 생겨 인재가 필요한 시기가 되자 변 생원은 허생을 추천했습니다. 허생에 관한 이야기를 듣고 높은 관리가 찾아왔으나 허생은 자신은 글만 읽고 싶을 뿐이라며 거절했습니다. 그러나 계속 사람이 찾아오자 허생은 견딜 수가 없었습니다. 며칠 후 변 생원이 관리와 함께 허생을 찾았으나, 집은 텅 비어 있었고 살구나무 한 그루만이 쓸쓸히 마당을 지키고 있었습니다.",
      "srcPage": 66,
      "srcSentenceEA": 4,
      "srcWordEA": 56,
      "character": "변 생원,허생,관리,사람,살구나무",
      "setting": "집,마당,나라,며칠 후",
      "action": "생겨,되자,추천했습니다,듣고,찾아왔으나,거절했습니다,찾아오자,읽고,비어,지키고",
      "feeling": null,
      "causalRelationship": null,
      "outcomeResolution": null,
      "prediction": null,
      "plotSummaryInfoCount": 1,
      "plotSummaryInfo": {
        "classification": "의사소통",
        "readAge": "초등_저학년",
        "form": "long-form",
        "plotSummaryText": "나라에 인재가 필요한 시기가 되자 변 생원은 허생을 추천했는데 허생은 글만 읽고 싶을 뿐이라며 계속 거절했고, 며칠 후 변 생원이 관리와 함께 허생을 찾았지만 집은 텅 비어 있었습니다.",
        "textWordEA": 28
      }
    },
    {
      "srcTextID": "52083",
      "srcText": "현실에 대한 비판과 풍자를 담은 한문 소설. 허생전은 박지원이 쓴 한문 소설로, 열하일기에 들어 있습니다. 박지원은 수필체의 문장으로 낡고 부패한 조선 사회를 비판하고 풍자했으며, 자신의 사상을 전파하는 방법으로 소설을 썼습니다.",
      "srcPage": 70,
      "srcSentenceEA": 3,
      "srcWordEA": 32,
      "character": "한문 소설,허생전,박지원,열하일기",
      "setting": null,
      "action": "담은,쓴,풍자했으며,썼습니다,들어,비판하고,전파하는",
      "feeling": null,
      "causalRelationship": null,
      "outcomeResolution": null,
      "prediction": null,
      "plotSummaryInfoCount": 1,
      "plotSummaryInfo": {
        "classification": "의사소통",
        "readAge": "초등_저학년",
        "form": "short-form",
        "plotSummaryText": "박지원이 쓴 허생전은 열하일기에 들어 있는 한문 소설로, 수필체의 문장으로 낡고 부패한 조선 사회를 풍자하며 자신의 사상을 전파했습니다.",
        "textWordEA": 18
      }
    },
    {
      "srcTextID": "52081",
      "srcText": "소설은 누구나 쉽고 재미있게 읽을 수 있기 때문이었지요. 또한 박지원은 백성의 행복보다는 권력 싸움에 몰두하는 무능하고 부패한 양반 관리의 모습을 보여 주면서 당시 조선 사회를 엄하게 비판하고 있습니다. 이와 같은 생각으로 쓰인 박지원의 작품들은 훗날 박지원의 호를 따 ‘연암 문학’으로 불립니다.",
      "srcPage": 71,
      "srcSentenceEA": 4,
      "srcWordEA": 44,
      "character": "소설,박지원,백성,양반 관리",
      "setting": null,
      "action": "몰두하는,비판하고,읽을,몰두하는,보여,쓰인,따,불립니다",
      "feeling": "재미있게",
      "causalRelationship": null,
      "outcomeResolution": null,
      "prediction": null,
      "plotSummaryInfoCount": 1,
      "plotSummaryInfo": {
        "classification": "의사소통",
        "readAge": "초등_저학년",
        "form": "long-form",
        "plotSummaryText": "박지원은 권력 싸움에 몰두하는 무능하고 부패한 양반 관리의 모습을 보여 주면서 당시 조선 사회를 엄하게 비판하고 있으며 훗날 연암 문학으로 불립니다.",
        "textWordEA": 21
      }
    },
    {
      "srcTextID": "50519",
      "srcText": "배에는 소·돼지·닭 등 가축과 함께, 벼·콩·팥·감자·깨 등 씨앗, 옷감·솥·그릇 등 생활 용품이 실려 있었습니다. 또 많은 사람이 적어도 일 년은 먹을 수 있는 식량도 실려 있었습니다. “가자! 새로운 나라로.” 허생을 비롯한 많은 사람들을 태운 배들은 쏜살같이 바다를 가르며 나아갔습니다.",
      "srcPage": 51,
      "srcSentenceEA": 4,
      "srcWordEA": 42,
      "character": "허생,사람들,사람,배,소,돼지,닭,가축,벼,콩,팥,감자,깨,씨앗,옷감,솥,그릇,생활 용품",
      "setting": "바다,새로운 나라",
      "action": "실려 있었습니다,태운,먹을,가르며 나아갔습니다,가자",
      "feeling": null,
      "causalRelationship": null,
      "outcomeResolution": null,
      "prediction": null,
      "plotSummaryInfoCount": 1,
      "plotSummaryInfo": {
        "classification": "의사소통",
        "readAge": "초등_저학년",
        "form": "long-form",
        "plotSummaryText": "가축과 씨앗, 생활용품, 일 년은 먹을 수 있는 식량 등이 실려 있었던 배는 허생을 비롯한 많은 사람들을 태우고 쏜살같이 바다를 가르며 나아갔습니다.",
        "textWordEA": 22
      }
    },
    {
      "srcTextID": "52049",
      "srcText": "허생은 일을 보다 효과적으로 하기 위해 농사지을 사람과 집 지을 사람, 가축을 기르거나 사냥할 사람을 구분했습니다. 그리고 각각 몇 사람씩 짝지어 주고, 그중에서 나이가 가장 많은 사람을 우두머리로 삼아 일하도록 했습니다. 사람들은 열심히 일했습니다.",
      "srcPage": 53,
      "srcSentenceEA": 3,
      "srcWordEA": 36,
      "character": "허생,사람,집,가축,우두머리",
      "setting": null,
      "action": "하기,농사지을,집 지을,기르거나,사냥할,구분했습니다,짝지어,삼아,주고,일하도록 했습니다,일했습니다",
      "feeling": null,
      "causalRelationship": null,
      "outcomeResolution": null,
      "prediction": null,
      "plotSummaryInfoCount": 1,
      "plotSummaryInfo": {
        "classification": "의사소통",
        "readAge": "초등_저학년",
        "form": "short-form",
        "plotSummaryText": "허생은 일을 보다 효과적으로 하기 위해 일을 구분하여 몇 사람씩 짝지어 나이가 가장 많은 사람을 우두머리로 삼아 일하도록 했습니다.",
        "textWordEA": 19
      }
    },
    {
      "srcTextID": "52047",
      "srcText": "목공을 하는 사람은 집 지을 나무를 다듬었고, 농기구를 가진 사람은 땅을 고르기 시작했습니다. 얼마 지나지 않아 사람이 살 집과 가축을 가둬 둘 우리가 생겼고, 농사지을 땅이 마련되었습니다. 모두 밤에는 충분히 쉬고, 낮이면 씨를 뿌리고 가축을 돌보는 등 열심히 일했습니다. 또한 여인들은 일하는 사람을 위해 밥을 짓고, 흙투성이가 된 옷들을 정성스럽게 빨았습니다.",
      "srcPage": 54,
      "srcSentenceEA": 4,
      "srcWordEA": 54,
      "character": "목공,사람,집,나무,농기구,가축,우리,땅,씨,여인들,밥,옷",
      "setting": null,
      "action": "지을,다듬었고,가진,고르기 시작했습니다,지나지,살,쉬고,뿌리고,가둬,생겼고,마련되었습니다,돌보는,일하는,짓고,빨았습니다",
      "feeling": null,
      "causalRelationship": null,
      "outcomeResolution": null,
      "prediction": null,
      "plotSummaryInfoCount": 1,
      "plotSummaryInfo": {
        "classification": "의사소통",
        "readAge": "초등_저학년",
        "form": "long-form",
        "plotSummaryText": "얼마 지나지 않아 사람이 살 집과 가축 우리가 생겼고 농사지을 땅이 마련되었으며, 밤에는 충분히 쉬고 낮이면 열심히 일했습니다.",
        "textWordEA": 18
      }
    },
    {
      "srcTextID": "52052",
      "srcText": "이제는 섬이 안정되어 사람들이 자신의 도움 없이도 살아갈 수 있다고 여긴 허생은 그곳을 떠나기로 했습니다. 허생은 사람들과 작별하고 섬에서 남아도는 곡식과 가축을 배에 싣고 섬을 떠났습니다. 그리고 이웃인 왜국에 들러 곡식과 가축을 팔아 백만 냥이라는 큰돈을 벌었습니다. 그러나 십만 냥만 남기고 나머지는 바다 한가운데에 빠뜨려 버렸습니다.",
      "srcPage": 57,
      "srcSentenceEA": 4,
      "srcWordEA": 49,
      "character": "이웃,사람들,허생,곡식,가축,배",
      "setting": "왜국,바다,섬",
      "action": "안정되어,없이도,살아갈,여긴,작별하고,싣고,떠났습니다,들러,팔아,떠나기로,남아도는,벌었습니다,남기고,빠뜨려 버렸습니다",
      "feeling": null,
      "causalRelationship": null,
      "outcomeResolution": null,
      "prediction": null,
      "plotSummaryInfoCount": 1,
      "plotSummaryInfo": {
        "classification": "의사소통",
        "readAge": "초등_저학년",
        "form": "long-form",
        "plotSummaryText": "사람들이 도움 없이도 살아갈 수 있다고 여긴 허생은 그곳을 떠나기로 하고 섬에서 남아도는 곡식과 가축을 왜국에 팔아 백만 냥을 벌었지만, 십만 냥만 남기고 나머지는 바다 한가운데에 빠뜨려 버렸습니다.",
        "textWordEA": 28
      }
    },
    {
      "srcTextID": "52055",
      "srcText": "“빌려 간 돈으로 처음에는 과일을 샀다가 되팔았소. 그래서 십만 냥을 벌었소. 그리고 다시 말총을 사서 되팔아 백만 냥을 벌었소.”",
      "srcPage": 59,
      "srcSentenceEA": 3,
      "srcWordEA": 21,
      "character": "과일,말총",
      "setting": null,
      "action": "샀다가,되팔았소,벌었소,사서,되팔아",
      "feeling": null,
      "causalRelationship": null,
      "outcomeResolution": null,
      "prediction": null,
      "plotSummaryInfoCount": 1,
      "plotSummaryInfo": {
        "classification": "의사소통",
        "readAge": "초등_저학년",
        "form": "short-form",
        "plotSummaryText": "빌려 간 돈으로 처음에는 과일을 샀고, 다시 말총을 사서 되팔아 백만 냥을 벌었다고 했습니다.",
        "textWordEA": 14
      }
    },
    {
      "srcTextID": "52051",
      "srcText": "삼 년이 흘렀습니다. 섬에는 커다란 마을이 생겼습니다. 모두 열심히 일한 덕에 해마다 풍년이 들어 곳간에는 곡식이 가득했고, 가축들도 새끼를 낳아 아주 넉넉하게 살게 되었습니다. 열심히 일한 것을 빼앗기지 않으니 인심도 후해졌습니다.",
      "srcPage": 55,
      "srcSentenceEA": 4,
      "srcWordEA": 34,
      "character": "섬,곡식,가축,새끼,곳간",
      "setting": "삼 년,마을,섬,해마다",
      "action": "일한,낳아,살게 되었습니다,생겼습니다,빼앗기지",
      "feeling": null,
      "causalRelationship": null,
      "outcomeResolution": null,
      "prediction": null,
      "plotSummaryInfoCount": 1,
      "plotSummaryInfo": {
        "classification": "의사소통",
        "readAge": "초등_저학년",
        "form": "long-form",
        "plotSummaryText": "삼 년이 흘러 섬에는 커다란 마을이 생겼는데 모두 열심히 일한 덕에 곡식이 가득했고, 열심히 일한 것을 빼앗기지 않으니 인심도 후해졌습니다.",
        "textWordEA": 20
      }
    },
    {
      "srcTextID": "52050",
      "srcText": "맛난 음식을 하면 이웃과 나눠 먹었고, 슬프거나 어려운 일이 생기면 모두 힘을 합해 도왔습니다. 벼슬아치 하나 없었지만 사람들은 스스로 질서를 지키며 평화롭고 조용하게 살았습니다. 또한 남자와 여자가 저마다 짝을 찾아 혼인했고 많은 아기들이 태어났습니다.",
      "srcPage": 56,
      "srcSentenceEA": 3,
      "srcWordEA": 36,
      "character": "이웃,벼슬아치,사람들,남자,여자,음식,아기들",
      "setting": null,
      "action": "하면,먹었고,생기면,도왔습니다,살았습니다,혼인했고,태어났습니다,지키며,찾아",
      "feeling": null,
      "causalRelationship": null,
      "outcomeResolution": null,
      "prediction": null,
      "plotSummaryInfoCount": 1,
      "plotSummaryInfo": {
        "classification": "의사소통",
        "readAge": "초등_저학년",
        "form": "short-form",
        "plotSummaryText": "사람들은 음식을 이웃과 나눠 먹고 슬프거나 어려운 일이 생기면 모두 힘을 합해 도왔으며, 스스로 질서를 지키며 평화롭고 조용하게 살았습니다.",
        "textWordEA": 19
      }
    },
    {
      "srcTextID": "51956",
      "srcText": "오랫동안 고생이 계속되자 허생의 아내도 많이 지치고 힘들어했습니다. “공자께서 말씀하시기를, 배우고 익히면 또한 즐겁지 아니한가. 벗이 먼 곳에서 나를 찾아오니 이 또한 즐겁지 아니한가.”",
      "srcPage": 5,
      "srcSentenceEA": 3,
      "srcWordEA": 25,
      "character": "허생의 아내,공자,벗",
      "setting": null,
      "action": "힘들어했습니다,계속되자,말씀하시기를,배우고,익히면,찾아오니",
      "feeling": "지치고,힘들어했습니다,즐겁지",
      "causalRelationship": null,
      "outcomeResolution": null,
      "prediction": null,
      "plotSummaryInfoCount": 1,
      "plotSummaryInfo": {
        "classification": "의사소통",
        "readAge": "초등_저학년",
        "form": "short-form",
        "plotSummaryText": "오랫동안 고생이 계속되자 허생의 아내도 지치고 힘들어했지만, 공자께서는 배우고 익히면 즐겁고 벗이 나를 찾아오니즐거운 것이라고 했습니다.",
        "textWordEA": 16
      }
    },
    {
      "srcTextID": "51958",
      "srcText": "허생의 글 읽는 소리에 갑자기 마음이 상한 아내는 큰소리를 치며 따졌습니다. “다른 이들은 당신보다 공부를 조금 하고도 과거를 보아 벼슬을 하는데, 당신은 날마다 책만 보니 어찌 된 일입니까? 글을 읽는다고 쌀이 나옵니까? 굶고 있는 아이들이 보이지 않아요?” 부인, 조금만 더 기다리시오. 난들 왜 배가 고프지 않겠소.",
      "srcPage": 6,
      "srcSentenceEA": 6,
      "srcWordEA": 50,
      "character": "허생,아내,당신,책,쌀,난,아이들,다른 이들",
      "setting": null,
      "action": "읽는,치며,따졌습니다,하고도,보아,하는데,보니,보이지,읽는다고,나옵니까,기다리시오,굶고 있는",
      "feeling": "마음이 상한",
      "causalRelationship": null,
      "outcomeResolution": null,
      "prediction": null,
      "plotSummaryInfoCount": 1,
      "plotSummaryInfo": {
        "classification": "의사소통",
        "readAge": "초등_저학년",
        "form": "long-form",
        "plotSummaryText": "허생의 글 읽는 소리에 마음이 상한 아내가 글을 읽는다고 쌀이 나오냐고 큰소리를 치며 따지자, 조금만 더 기다리라고 했습니다.",
        "textWordEA": 18
      }
    },
    {
      "srcTextID": "52059",
      "srcText": "“허 선비께서 주신 돈을 돌려드리려고 왔소이다.” “빌린 돈을 갚았거늘 그게 무슨 말이오?” “저보다는 선비께서 쓰시는 게 모두에게 도움이 될 듯해서.",
      "srcPage": 64,
      "srcSentenceEA": 3,
      "srcWordEA": 20,
      "character": "허 선비",
      "setting": null,
      "action": "주신,돌려드리려고,왔소이다,갚았거늘,쓰시는,도움이 될",
      "feeling": null,
      "causalRelationship": null,
      "outcomeResolution": null,
      "prediction": null,
      "plotSummaryInfoCount": 1,
      "plotSummaryInfo": {
        "classification": "의사소통",
        "readAge": "초등_저학년",
        "form": "short-form",
        "plotSummaryText": "자신보다는 허 선비가 쓰시는 게 모두에게 도움이 될 듯해서 돈을 돌려드리려고 왔다고 했습니다.",
        "textWordEA": 13
      }
    },
    {
      "srcTextID": "52058",
      "srcText": "“나는 장사꾼이 아니라 글이나 읽는 선비요. 가족들이 힘들어하는 모습을 보다 못해 잠시 나돌았을 뿐이오.” “그래도 가진 돈을 다 제게 주시고 이렇게 사시는 모습을 보니 제 마음이 좋지 않습니다.” “정 그러시다면 가끔씩 들러 쌀이나 조금씩 주고 가시구려.” 허생의 말에 변 생원은 깊이 감동하고 돌아왔습니다.",
      "srcPage": 65,
      "srcSentenceEA": 5,
      "srcWordEA": 45,
      "character": "장사꾼,선비,가족들,쌀,변 생원",
      "setting": null,
      "action": "읽는,나돌았을,주시고,주고,돌아왔습니다",
      "feeling": "힘들어하는,감동하고",
      "causalRelationship": null,
      "outcomeResolution": null,
      "prediction": null,
      "plotSummaryInfoCount": 1,
      "plotSummaryInfo": {
        "classification": "의사소통",
        "readAge": "초등_저학년",
        "form": "long-form",
        "plotSummaryText": "자신은 장사꾼이 아니라 글이나 읽는 선비라며 가끔씩 들러 쌀이나 조금씩 주고 가라는 허생의 말에 변 생원은 깊이 감동하고 돌아왔습니다.",
        "textWordEA": 19
      }
    },
    {
      "srcTextID": "52057",
      "srcText": "한양에 이른 허생은 변 생원을 찾았습니다. “안녕하시오. 예전에 돈을 빌려 간 허생이오.” “아, 허 선비! 그동안 어떻게 지내셨소?\"",
      "srcPage": 58,
      "srcSentenceEA": 4,
      "srcWordEA": 20,
      "character": "허생,변 생원,허 선비",
      "setting": "한양,예전에",
      "action": "이른,찾았습니다,빌려 간,지내셨소",
      "feeling": null,
      "causalRelationship": null,
      "outcomeResolution": null,
      "prediction": null,
      "plotSummaryInfoCount": 1,
      "plotSummaryInfo": {
        "classification": "의사소통",
        "readAge": "초등_저학년",
        "form": "long-form",
        "plotSummaryText": "한양에 이른 허생은 변 생원을 찾아 예전에 돈을 빌려 간 허생이라며 인사했습니다.",
        "textWordEA": 12
      }
    },
    {
      "srcTextID": "52082",
      "srcText": "이를 계기로 박지원은 예의와 명분만을 따지는 성리학보다는 실제 생활에 도움이 되는 학문을 일으켜야 한다고 생각하게 되었습니다. 그리고 이때의 경험을 일기 형식으로 남겼는데, 그것이 바로 열하일기입니다. 열하일기에는 청나라의 발달된 과학 문명과 외국의 발달된 기술을 적극적으로 받아들이는 열린 태도 등이 적혀 있습니다.",
      "srcPage": 68,
      "srcSentenceEA": 3,
      "srcWordEA": 42,
      "character": "박지원,열하일기,일기",
      "setting": "청나라,외국",
      "action": "따지는,남겼는데,도움이 되는,일으켜야,발달된,받아들이는,열린,적혀",
      "feeling": null,
      "causalRelationship": null,
      "outcomeResolution": null,
      "prediction": null,
      "plotSummaryInfoCount": 1,
      "plotSummaryInfo": {
        "classification": "의사소통",
        "readAge": "초등_저학년",
        "form": "short-form",
        "plotSummaryText": "박지원은 실제 생활에 도움이 되는 학문을 일으켜야 한다고 생각하고 청나라의 발달된 과학 문명과 외국의 기술을 적극적으로 받아들이는 열린 태도 등을 열하일기에 남겼습니다.",
        "textWordEA": 22
      }
    },
    {
      "srcTextID": "52079",
      "srcText": "그러나 당시의 양반들은 박지원이 품고 있는 사상을 받아들이지 않았을 뿐만 아니라, 새로운 생각을 가진 학자들을 등용하여 나라를 다시 일으키려는 정조의 계획을 방해했습니다. 박지원이 하고 있던 생각은 이덕무, 박제가, 유득공, 이서구 등과 같은 젊은 학자들이 더욱 발전시켰는데, 이 학풍을 ‘실학’이 라고 합니다. 박지원은 허생전 외에도 양반전, 호질, 민옹전 등을 지었고, 농업에 관련된 과농소초라는 책도 썼습니다.",
      "srcPage": 69,
      "srcSentenceEA": 4,
      "srcWordEA": 57,
      "character": "양반,박지원,학자,젊은 학자들,정조,이덕무",
      "setting": null,
      "action": "품고,받아들이지,등용하여,일으키려는,방해했습니다,발전시켰는데,썼습니다,지었고",
      "feeling": null,
      "causalRelationship": null,
      "outcomeResolution": null,
      "prediction": null,
      "plotSummaryInfoCount": 1,
      "plotSummaryInfo": {
        "classification": "의사소통",
        "readAge": "초등_저학년",
        "form": "long-form",
        "plotSummaryText": "당시의 양반들은 박지원이 품고 있는 사상을 받아들이지 않았을 뿐만 아니라 정조의 계획을 방해했는데, 박지원이 하고 있던 생각을 젊은 학자들이 더욱 발전시킨 학풍을 실학이라고 합니다.",
        "textWordEA": 24
      }
    },
    {
      "srcTextID": "52053",
      "srcText": "“그래서요?” “산적들을 데리고 섬에 가서 곡식을 심고 가축을 키웠고, 왜국에 필요한 것을 팔아 다시 백만 냥을 벌었소. 이젠 섬이 안정되었기에 그곳을 떠나 변 생원께 돈을 갚으러 온 것이오.” 그러면서 허생은 십만 냥을 내놓았습니다.",
      "srcPage": 61,
      "srcSentenceEA": 3,
      "srcWordEA": 35,
      "character": "산적들,곡식,가축,변 생원,허생",
      "setting": "섬,왜국",
      "action": "데리고,가서,심고,키웠고,팔아,벌었소,떠나,갚으러,온,내놓았습니다",
      "feeling": null,
      "causalRelationship": null,
      "outcomeResolution": null,
      "prediction": null,
      "plotSummaryInfoCount": 1,
      "plotSummaryInfo": {
        "classification": "의사소통",
        "readAge": "초등_저학년",
        "form": "short-form",
        "plotSummaryText": "허생은 산적들을 데리고 섬에 가서 곡식을 심고 가축을 키워 왜국에 필요한 것을 팔아 다시 백만 냥을 벌었으니 변 생원에게 돈을 갚으러 왔다며 십만 냥을 내놓았습니다.",
        "textWordEA": 25
      }
    },
    {
      "srcTextID": "52056",
      "srcText": "“아니, 꾸어 간 돈은 만 냥인데, 어찌 십만 냥을 주시오?” “돈을 빌렸으면 이자라는 게 있지 않소.” “그런데 나머지 구십만 냥은 어떻게 하셨소?” “사람들이 돈 때문에 다투지 않도록 바다에 버렸소.” “구, 구십만 냥을 바다에 버리다니.”",
      "srcPage": 62,
      "srcSentenceEA": 5,
      "srcWordEA": 34,
      "character": "사람들",
      "setting": "바다",
      "action": "빌렸으면,버렸소,있지,주시오,꾸어 간,다투지,버리다니",
      "feeling": null,
      "causalRelationship": null,
      "outcomeResolution": null,
      "prediction": null,
      "plotSummaryInfoCount": 1,
      "plotSummaryInfo": {
        "classification": "의사소통",
        "readAge": "초등_저학년",
        "form": "long-form",
        "plotSummaryText": "나머지 구십만 냥은 사람들이 돈 때문에 다투지 않도록 바다에 버렸다고 했습니다.",
        "textWordEA": 11
      }
    },
    {
      "srcTextID": "52084",
      "srcText": "현실적인 학문을 추구한 박지원. 박지원(1737에서 1805)은 조선 후기 정조 때 활동한 실학자입니다. 일찍이 팔촌 형 박명원이 이끄는 사신 일행을 따라 청나라에서 한 달을 머물며 발달된 문물을 접하고 매우 충격을 받았습니다.",
      "srcPage": 67,
      "srcSentenceEA": 3,
      "srcWordEA": 32,
      "character": "박지원,실학자,박명원,사신",
      "setting": "1737에서 1805,한 달,조선 후기 정조 때,청나라",
      "action": "활동한,이끄는,머물며,추구한,따라,발달된,접하고,받았습니다",
      "feeling": "충격을 받았습니다",
      "causalRelationship": null,
      "outcomeResolution": null,
      "prediction": null,
      "plotSummaryInfoCount": 1,
      "plotSummaryInfo": {
        "classification": "의사소통",
        "readAge": "초등_저학년",
        "form": "short-form",
        "plotSummaryText": "박지원은 조선 후기 정조 때 현실적인 학문을 추구하며 활동한 실학자로 청나라에서 한 달을 머물며 발달된 문물을 접하고 충격을 받았습니다.",
        "textWordEA": 19
      }
    },
    {
      "srcTextID": "52080",
      "srcText": "밤낮 글만 읽어 무능한 사람으로 손가락질 받던 허생이 뛰어난 장사 솜씨를 발휘하여 큰돈을 번다는 이야기에는 실학 사상이 고스란히 녹아 있습니다. 특히 물건을 모두 사 놓았다가 값이 올랐을 때 팔아 이득을 남기는 ‘매점매석’, 일을 적성에 맞게 나누어 하는 ‘분업’등 오늘날에도 통용되는 여러 가지 경제 활동이 잘 설명되어 있어 사람들이 ‘경제’와 ‘과학적 생활’에 대해 생각할 수 있도록 합니다. 이처럼 허생전은 단순한 소설이 아니라 경제, 과학, 무역 분야를 총망라한 백과사전이라고 할 수 있습니다.",
      "srcPage": 72,
      "srcSentenceEA": 7,
      "srcWordEA": 76,
      "character": "사람,허생,물건,허생전,백과사전",
      "setting": null,
      "action": "받던,읽어,발휘하여,번다는,나누어,팔아,녹아,사,남기는,통용되는,설명되어,총망라한",
      "feeling": null,
      "causalRelationship": null,
      "outcomeResolution": null,
      "prediction": null,
      "plotSummaryInfoCount": 1,
      "plotSummaryInfo": {
        "classification": "의사소통",
        "readAge": "초등_저학년",
        "form": "long-form",
        "plotSummaryText": "허생이 뛰어난 장사 솜씨를 발휘하여 큰돈을 번다는 이야기에는 실학사상이 녹아 있고, 오늘날에도 통용되는 여러 가지 경제 활동이 설명되어 있어 허생전은 단순한 소설이 아니라 백과사전이라고 할 수 있습니다.",
        "textWordEA": 27
      }
    },
    {
      "srcTextID": "52048",
      "srcText": "여러 날을 항해한 끝에 배는 어느 섬에 도착했습니다. 바로 얼마 전 허생이 제주도에서 돌아오던 길에 사공에게 물어 알아 둔 섬이었습니다. “이곳의 주인은 바로 여러분이오. 애쓴 만큼 얻을 것이니 모두 열심히 일하시오.”",
      "srcPage": 52,
      "srcSentenceEA": 4,
      "srcWordEA": 33,
      "character": "배,섬,허생,사공,주인,여러분",
      "setting": "제주도,섬,여러 날",
      "action": "항해한,도착했습니다,돌아오던,물어,일하시오,알아 둔,애쓴,얻을",
      "feeling": null,
      "causalRelationship": null,
      "outcomeResolution": null,
      "prediction": null,
      "plotSummaryInfoCount": 1,
      "plotSummaryInfo": {
        "classification": "의사소통",
        "readAge": "초등_저학년",
        "form": "long-form",
        "plotSummaryText": "여러 날을 항해한 끝에 배는 허생이 알아 둔 섬에 도착하였고, 애쓴 만큼 얻을 것이니 모두 열심히 일하라고 했습니다.",
        "textWordEA": 18
      }
    },
    {
      "srcTextID": "52054",
      "srcText": "“백, 백만 냥이나!” 변 생원은 놀란 입을 다물지 못했습니다. 수십 년 동안 장사를 했지만 자신은 꿈도 꾸지 못할 큰돈을 허생은 불과 일 년 만에 벌었으니까요. “그 백만 냥을 산적들에게 나눠 주고 가축과 생활에 필요한 도구를 사 오라고 했소.”",
      "srcPage": 60,
      "srcSentenceEA": 4,
      "srcWordEA": 40,
      "character": "입,산적,가축,도구,변 생원",
      "setting": null,
      "action": "다물지,했지만,꾸지 못할,벌었으니까요,나눠 주고,사 오라고",
      "feeling": "놀란",
      "causalRelationship": null,
      "outcomeResolution": null,
      "prediction": null,
      "plotSummaryInfoCount": 1,
      "plotSummaryInfo": {
        "classification": "의사소통",
        "readAge": "초등_저학년",
        "form": "long-form",
        "plotSummaryText": "자신은 꿈도 꾸지 못할 큰돈을 허생은 불과 일 년 만에 벌었다고 하자 변 생원은 놀란 입을 다물지 못했습니다.",
        "textWordEA": 18
      }
    },
    {
      "srcTextID": "52043",
      "srcText": "“천 냥을 천 명이 나누면 한 사람이 한 냥씩을 가지게 되는 셈이군. 겨우 한 냥을 벌기 위해 산적 노릇을 할 필요가 있겠소?” 허생의 말에 산적 두목이 한숨을 쉬며 답했습니다.",
      "srcPage": 45,
      "srcSentenceEA": 3,
      "srcWordEA": 31,
      "character": "사람,산적,허생,산적 두목",
      "setting": null,
      "action": "나누면,가지게,벌기,한숨을 쉬며,답했습니다",
      "feeling": null,
      "causalRelationship": null,
      "outcomeResolution": null,
      "prediction": null,
      "plotSummaryInfoCount": 1,
      "plotSummaryInfo": {
        "classification": "의사소통",
        "readAge": "초등_저학년",
        "form": "short-form",
        "plotSummaryText": "한 사람이 겨우 한 냥을 벌기 위해 산적 노릇을 할 필요가 있겠냐는 허생의 말에 산적 두목이 한숨을 쉬며 답했습니다.",
        "textWordEA": 19
      }
    },
    {
      "srcTextID": "52044",
      "srcText": "농토와 가축이 있다면 산적 노릇을 그만두겠소? 애써 지은 농사를 빼앗는 못된 벼슬아치도 없고.” 그렇다면야 무엇을 더 바라겠습니까?",
      "srcPage": 47,
      "srcSentenceEA": 3,
      "srcWordEA": 19,
      "character": "농토,가축,산적,벼슬아치",
      "setting": null,
      "action": "빼앗는,있다면,그만두겠소,지은,없고",
      "feeling": null,
      "causalRelationship": null,
      "outcomeResolution": null,
      "prediction": null,
      "plotSummaryInfoCount": 1,
      "plotSummaryInfo": {
        "classification": "의사소통",
        "readAge": "초등_저학년",
        "form": "short-form",
        "plotSummaryText": "못된 벼슬아치가 없고 농토와 가축이 있다면 산적 노릇을 그만두겠냐고 물었습니다.",
        "textWordEA": 10
      }
    },
    {
      "srcTextID": "51968",
      "srcText": "“글만 읽으시는 선비 같은데 왜 그런 걸 물으시는지요? 제일가는 부자라면 아마도 변 생원일 거요.” 허생은 변 생원의 집이 어디인가를 묻고 나서 그곳으로 발길을 돌렸습니다.",
      "srcPage": 10,
      "srcSentenceEA": 3,
      "srcWordEA": 26,
      "character": "선비,부자,변 생원,허생",
      "setting": "변 생원의 집,그곳으로",
      "action": "읽으시는,물으시는지요,발길을 돌렸습니다,묻고",
      "feeling": null,
      "causalRelationship": null,
      "outcomeResolution": null,
      "prediction": null,
      "plotSummaryInfoCount": 1,
      "plotSummaryInfo": {
        "classification": "의사소통",
        "readAge": "초등_저학년",
        "form": "short-form",
        "plotSummaryText": "제일가는 부자라면 변 생원일 거라는 말에 허생은 변 생원의 집이 어딘인가를 묻고 나서 발길을 돌렸습니다.",
        "textWordEA": 15
      }
    },
    {
      "srcTextID": "52003",
      "srcText": "변 생원의 집을 찾은 허생은 문 앞에서 크게 헛기침을 했습니다. “에헴, 에헴!” 그러자 하인이 달려와서 이상하다는 표정으로 허생을 살펴보았습니다. “누구십니까?” “그건 알 필요 없고, 가서 주인께 전해라. 어떤 사람이 돈을 좀 꾸러 왔다고.”",
      "srcPage": 11,
      "srcSentenceEA": 5,
      "srcWordEA": 35,
      "character": "하인,허생,주인,어떤 사람",
      "setting": "변 생원의 집,문 앞",
      "action": "알,꾸러,찾은,왔다고,헛기침을 했습니다,달려와서,살펴보았습니다,전해라",
      "feeling": null,
      "causalRelationship": null,
      "outcomeResolution": null,
      "prediction": null,
      "plotSummaryInfoCount": 1,
      "plotSummaryInfo": {
        "classification": "의사소통",
        "readAge": "초등_저학년",
        "form": "long-form",
        "plotSummaryText": "변 생원의 집을 찾은 허생은 문 앞으로 달려 온 하인에게 어떤 사람이 돈을 꾸러 왔다고 주인께 전하라고 했습니다.",
        "textWordEA": 18
      }
    },
    {
      "srcTextID": "51999",
      "srcText": "“만 냥에서 몇 푼 맞고 틀리는 게 뭐 그리 중요하겠소. 세어 볼 필요는 없고, 기왕이면 이 돈을 안성으로 보내 주시오.” 허생이 집을 나가자 하인이 변 생원에게 물었습니다.",
      "srcPage": 16,
      "srcSentenceEA": 3,
      "srcWordEA": 29,
      "character": "허생,하인,변 생원",
      "setting": "안성,집",
      "action": "세어 볼,보내 주시오,나가자,물었습니다",
      "feeling": null,
      "causalRelationship": null,
      "outcomeResolution": null,
      "prediction": null,
      "plotSummaryInfoCount": 1,
      "plotSummaryInfo": {
        "classification": "의사소통",
        "readAge": "초등_저학년",
        "form": "short-form",
        "plotSummaryText": "돈을 세어 볼 필요는 없고 안성으로 보내 달라 하며 허생이 집을 나가자 하인이 변 생원에게 물었습니다.",
        "textWordEA": 16
      }
    },
    {
      "srcTextID": "52041",
      "srcText": "허생은 배에서 내려 변 생원에게 빌린 돈을 갚으러 한양으로 가고 있었습니다. 산길을 따라 가는데 갑자기 우락부락하게 생긴 산적들이 나타나 길을 막아섰습니다. “목숨이 아까우면 가진 것을 몽땅 내놓아라!”",
      "srcPage": 42,
      "srcSentenceEA": 3,
      "srcWordEA": 28,
      "character": "허생,배,산적들,변 생원",
      "setting": "배,한양,산길,길",
      "action": "내려,가고 있었습니다,가는데,나타나,막아섰습니다,가진,내놓아라",
      "feeling": null,
      "causalRelationship": null,
      "outcomeResolution": null,
      "prediction": null,
      "plotSummaryInfoCount": 1,
      "plotSummaryInfo": {
        "classification": "의사소통",
        "readAge": "초등_저학년",
        "form": "short-form",
        "plotSummaryText": "허생이 변 생원에게 빌린 돈을 갚으러 한양으로 가고 있는데 산적들이 나타나 길을 막아서며 가진 것을 내놓으라고 했습니다.",
        "textWordEA": 17
      }
    },
    {
      "srcTextID": "51998",
      "srcText": "“나리, 어찌 처음 본 사람에게 그리 큰돈을 빌려 주십니까?” “그 사람이 백 냥이나 이백 냥을 빌려 달라고 했다면 거절했을 거네. 하지만 당당하게 만 냥을 요구하는 것이나 돈을 세지도 않는 대담함을 보고 빌려 준 것이지. 저 사람은 분명 큰일을 해낼 것이네.” 이토록 낡고 초라한 옷을 입은 사람이 찾아온 적이 없었으니까요.",
      "srcPage": 17,
      "srcSentenceEA": 5,
      "srcWordEA": 52,
      "character": "나리,처음 본 사람,사람,그 사람,저 사람,옷",
      "setting": null,
      "action": "빌려 주십니까,요구하는,보고,입은,세지도,빌려 준,해낼,찾아온",
      "feeling": "당당하게",
      "causalRelationship": null,
      "outcomeResolution": null,
      "prediction": null,
      "plotSummaryInfoCount": 1,
      "plotSummaryInfo": {
        "classification": "의사소통",
        "readAge": "초등_저학년",
        "form": "long-form",
        "plotSummaryText": "처음 본 사람에게 그리 큰돈을 빌려 주시냐고 묻자, 당당하게 만 냥을 요구하는 것이나 돈을 세지도 않는 대담함을 보고 빌려주었다며 저 사람은 분명 큰일을 해낼 것이라고 했습니다.",
        "textWordEA": 26
      }
    },
    {
      "srcTextID": "52006",
      "srcText": "그리고 넓은 창고를 빌려 과일을 차곡차곡 쌓아 두었습니다. “안성에서는 과일 값을 후하게 쳐준다는군.” “돈도 한 푼도 깎지 않고 달라는 대로 준다네.” 과일이 잘 팔린다는 소문을 들은 전국의 과일 장수는 모두 안성으로 모여들었고, 허생은 모두를 사 모았습니다.",
      "srcPage": 20,
      "srcSentenceEA": 4,
      "srcWordEA": 37,
      "character": "과일,과일 장수,허생",
      "setting": "넓은 창고,안성,전국",
      "action": "빌려,쌓아 두었습니다,쳐준다는군,팔린다는,들은,모여들었고,깎지,달라는,준다네,사",
      "feeling": null,
      "causalRelationship": null,
      "outcomeResolution": null,
      "prediction": null,
      "plotSummaryInfoCount": 1,
      "plotSummaryInfo": {
        "classification": "의사소통",
        "readAge": "초등_저학년",
        "form": "long-form",
        "plotSummaryText": "과일이 잘 팔린다는 소문을 들은 전국의 과일 장수는 안성으로 모여들었고, 허생은 모두를 사 모아 넓은 창고를 빌려 차곡차곡 쌓아 두었습니다.",
        "textWordEA": 20
      }
    },
    {
      "srcTextID": "52031",
      "srcText": "본래 갓이란 망가지기 쉬운 것이어서 얼마가 지나면 새로 사야 하는 물건입니다. 그런데 말총이 없으니 갓을 아예 만들지 못하게 된 것이지요. 갓을 쓰지 않고는 밖으로 나다닐 수도 없었습니다.",
      "srcPage": 32,
      "srcSentenceEA": 3,
      "srcWordEA": 29,
      "character": "갓,물건,말총",
      "setting": null,
      "action": "망가지기,지나면,사야 하는,만들지,나다닐,쓰지",
      "feeling": null,
      "causalRelationship": "그런데 말총이 없으니 갓을 아예 만들지 못하게 된 것이지요. 갓을 쓰지 않고는 밖으로 나다닐 수도 없었습니다.",
      "outcomeResolution": null,
      "prediction": null,
      "plotSummaryInfoCount": 1,
      "plotSummaryInfo": {
        "classification": "의사소통",
        "readAge": "초등_저학년",
        "form": "short-form",
        "plotSummaryText": "갓은 망가지기 쉬워서 얼마가 지나면 새로 사야 하는데, 말총이 없으니 갓을 만들지 못하게 되었고 밖으로 나다닐 수도 없었습니다.",
        "textWordEA": 18
      }
    },
    {
      "srcTextID": "52032",
      "srcText": "조선 시대 양반에게 갓은 옷의 일부였으니까요. “이것 참 큰일 났군. 어른께 인사를 드리러 가야 하는데 갓이 망가졌으니. 갓을 벗고 갈 수도 없고 어찌할꼬.”",
      "srcPage": 33,
      "srcSentenceEA": 4,
      "srcWordEA": 25,
      "character": "양반,갓,옷,어른",
      "setting": "조선 시대",
      "action": "벗고,망가졌으니,큰일 났군,드리러,가야,갈 수도",
      "feeling": null,
      "causalRelationship": null,
      "outcomeResolution": null,
      "prediction": null,
      "plotSummaryInfoCount": 1,
      "plotSummaryInfo": {
        "classification": "의사소통",
        "readAge": "초등_저학년",
        "form": "long-form",
        "plotSummaryText": "조선 시대 양반에게 갓은 옷의 일부였기에 어른께 갓을 벗고 인사를 드리러 갈 수는 없었습니다.",
        "textWordEA": 14
      }
    },
    {
      "srcTextID": "52029",
      "srcText": "“말도 마시오. 어제 김 생원 집에 갔더니 다 떨어진 갓을 쓰고 있더라니까요.” 이렇게 되자 상인들은 제주도로 몰려갔습니다. 그러나 제주도에서도 말총을 구할 수 없었습니다.",
      "srcPage": 34,
      "srcSentenceEA": 4,
      "srcWordEA": 26,
      "character": "갓,상인,말총",
      "setting": "김 생원 집,제주도,어제",
      "action": "마시오,갔더니,떨어진,쓰고,되자,몰려갔습니다,구할 수",
      "feeling": null,
      "causalRelationship": null,
      "outcomeResolution": null,
      "prediction": null,
      "plotSummaryInfoCount": 1,
      "plotSummaryInfo": {
        "classification": "의사소통",
        "readAge": "초등_저학년",
        "form": "long-form",
        "plotSummaryText": "상인들은 제주도로 몰려갔으나 거기에서도 말총을 구할 수 없었습니다.",
        "textWordEA": 8
      }
    },
    {
      "srcTextID": "52030",
      "srcText": "말총이란 말총은 모두 허생이 샀다는 말만 들었습니다. 상인들은 허생에게로 몰려갔습니다. “제발 말총을 파십시오. 돈을 달라는 대로 드리겠소.”",
      "srcPage": 35,
      "srcSentenceEA": 4,
      "srcWordEA": 19,
      "character": "말총,허생,상인",
      "setting": null,
      "action": "샀다는,들었습니다,몰려갔습니다,파십시오,드리겠소,달라는",
      "feeling": null,
      "causalRelationship": null,
      "outcomeResolution": null,
      "prediction": null,
      "plotSummaryInfoCount": 1,
      "plotSummaryInfo": {
        "classification": "의사소통",
        "readAge": "초등_저학년",
        "form": "long-form",
        "plotSummaryText": "허생이 모든 말총을 샀다는 말을 듣고 상인들은 몰려가서 달라는 대로 돈을 드리겠으니 말총을 팔라고 했습니다.",
        "textWordEA": 15
      }
    },
    {
      "srcTextID": "52034",
      "srcText": "허생은 산 값의 열 배를 받고 말총을 모두 팔았습니다. 이렇게 해서 허생은 십만 냥의 열 배인 백만 냥이라는 엄청난 돈을 벌게 되었습니다. 그 정도로 많은 돈을 벌었으면 고래 등 같은 집을 짓고 비단옷과 좋은 음식에 하인들을 부리며 살 만도 하련만, 허생은 처음 그대로 다 떨어진 옷에 망가진 갓을 쓰고 있었습니다.",
      "srcPage": 36,
      "srcSentenceEA": 3,
      "srcWordEA": 52,
      "character": "허생,말총,고래 등,집,비단옷,음식,옷,갓,하인",
      "setting": null,
      "action": "산,받고,팔았습니다,벌게,벌었으면,짓고,부리며,살,떨어진,망가진,쓰고 있었습니다",
      "feeling": null,
      "causalRelationship": null,
      "outcomeResolution": null,
      "prediction": null,
      "plotSummaryInfoCount": 1,
      "plotSummaryInfo": {
        "classification": "의사소통",
        "readAge": "초등_저학년",
        "form": "short-form",
        "plotSummaryText": "허생은 산 값의 열 배를 받고 말총을 모두 팔아 많은 돈을 벌었지만, 떨어진 옷에 망가진 갓을 그대로 쓰고 있었습니다.",
        "textWordEA": 19
      }
    },
    {
      "srcTextID": "52039",
      "srcText": "사공은 한참 동안 기억을 더듬더니 입을 열었습니다. 언젠가 왜국으로 가는 배를 부리게 되었는데, 폭풍을 만나 노를 놓치고 정신 없이 사흘이나 떠내려갔지요. 그러다 어떤 섬에 도착했는데 그곳에 아무도 살지 않았어요.",
      "srcPage": 38,
      "srcSentenceEA": 3,
      "srcWordEA": 31,
      "character": "사공,입,배,노",
      "setting": "왜국,섬,사흘이나",
      "action": "더듬더니,열었습니다,가는,부리게,만나,놓치고,떠내려갔지요,도착했는데,살지",
      "feeling": null,
      "causalRelationship": null,
      "outcomeResolution": null,
      "prediction": null,
      "plotSummaryInfoCount": 1,
      "plotSummaryInfo": {
        "classification": "의사소통",
        "readAge": "초등_저학년",
        "form": "short-form",
        "plotSummaryText": "사공이 언젠가 왜국으로 가는 배를 부리게 되었는데 폭풍으로 사흘이나 떠내려가다가 도착했던 어떤 섬에 아무도 살지 않았다고 했습니다.",
        "textWordEA": 17
      }
    }
  ]
}