{
  "title": "우리는 짝궁",
  "author": "강정규",
  "illustrator": "김성라",
  "isbn": "9791188565627",
  "publishedYear": 2017,
  "publisher": "엄마마음",
  "paragraphInfoCount": 16,
  "paragraphInfo": [
    {
      "srcTextID": "147911",
      "srcText": "혼자 남은 성우가 슬리퍼를 가만 내려다봅니다. “이것만 아니었으면 싸우지도 않았을 텐데.” 성우는 슬리퍼 한 짝을 벗어 휙 던집니다.",
      "srcPage": 10,
      "srcSentenceEA": 3,
      "srcWordEA": 19,
      "character": "성우,슬리퍼 한 짝",
      "setting": null,
      "action": "내려다봅니다,싸우지도,벗어,던집니다",
      "feeling": null,
      "causalRelationship": null,
      "outcomeResolution": null,
      "prediction": null,
      "plotSummaryInfoCount": 1,
      "plotSummaryInfo": {
        "classification": "의사소통",
        "readAge": "초등_저학년",
        "form": "short-form",
        "plotSummaryText": "혼자 남은 성우가 슬리퍼를 내려다보며 이거 아니었으면 싸우지 않았을 텐데 하며, 슬리퍼를 벗어 던졌다.",
        "textWordEA": 14
      }
    },
    {
      "srcTextID": "147902",
      "srcText": "“성우야, 빨리 와! 우리 오징어 놀이 하자.” 규진이가 손을 흔들며 성우를 재촉합니다. “알았어, 금방 갈게.”",
      "srcPage": 1,
      "srcSentenceEA": 4,
      "srcWordEA": 17,
      "character": "성우,규진",
      "setting": null,
      "action": "흔들며,재촉합니다,갈게",
      "feeling": null,
      "causalRelationship": null,
      "outcomeResolution": null,
      "prediction": null,
      "plotSummaryInfoCount": 1,
      "plotSummaryInfo": {
        "classification": "의사소통",
        "readAge": "초등_저학년",
        "form": "long-form",
        "plotSummaryText": "규진이가 성우에게 오징어 놀이 하자고 재촉한다.",
        "textWordEA": 6
      }
    },
    {
      "srcTextID": "147905",
      "srcText": "“성우 너 나가. 발이 금에 닿았어.” 성우가 금을 넘어가지 못해 성우네 편이 지고 말았습니다. “에이, 너 때문에 졌잖아!”",
      "srcPage": 4,
      "srcSentenceEA": 4,
      "srcWordEA": 20,
      "character": "성우,발",
      "setting": null,
      "action": "닿았어,넘어가지 못해,지고 말았습니다,졌잖아",
      "feeling": null,
      "causalRelationship": null,
      "outcomeResolution": null,
      "prediction": null,
      "plotSummaryInfoCount": 1,
      "plotSummaryInfo": {
        "classification": "의사소통",
        "readAge": "초등_저학년",
        "form": "long-form",
        "plotSummaryText": "성우가 금을 넘어가지 못해 성우네 편이 지자, 너 때문에 졌다고 했다.",
        "textWordEA": 11
      }
    },
    {
      "srcTextID": "147910",
      "srcText": "“야, 그러지 말고 같이 놀자!” 친구들이 성우를 달랩니다. “싫어. 쟤랑은 안 놀아.”",
      "srcPage": 8,
      "srcSentenceEA": 3,
      "srcWordEA": 14,
      "character": "친구들,성우",
      "setting": null,
      "action": "놀자,달랩니다,안 놀아",
      "feeling": "싫어",
      "causalRelationship": null,
      "outcomeResolution": null,
      "prediction": null,
      "plotSummaryInfoCount": 1,
      "plotSummaryInfo": {
        "classification": "의사소통",
        "readAge": "초등_저학년",
        "form": "short-form",
        "plotSummaryText": "그러지 말고 같이 놀자고 친구들이 성우를 달랬다.",
        "textWordEA": 7
      }
    },
    {
      "srcTextID": "147909",
      "srcText": "“성우랑 제일 친하잖아. 그만 풀어.” “누가 제일 친하다고 그래?” 친구들이 아무리 얘기해도 두 사람은 꼼짝 않습니다.",
      "srcPage": 9,
      "srcSentenceEA": 4,
      "srcWordEA": 18,
      "character": "성우,친구들,두 사람",
      "setting": null,
      "action": "풀어,얘기해도,꼼짝 않습니다",
      "feeling": null,
      "causalRelationship": null,
      "outcomeResolution": null,
      "prediction": null,
      "plotSummaryInfoCount": 1,
      "plotSummaryInfo": {
        "classification": "의사소통",
        "readAge": "초등_저학년",
        "form": "long-form",
        "plotSummaryText": "성우랑 제일 친하지 않냐고 친구들이 아무리 얘기해도 꼼짝 않았다.",
        "textWordEA": 9
      }
    },
    {
      "srcTextID": "147912",
      "srcText": "그런데 떨어지는 소리가 나지 않습니다. “어? 어디 갔지?” “나무에 걸렸잖아! 저걸 어찌 내린담?” 나무를 힘껏 흔들어 보지만 끄떡도 하지 않습니다.",
      "srcPage": 11,
      "srcSentenceEA": 5,
      "srcWordEA": 23,
      "character": null,
      "setting": "나무",
      "action": "흔들어 보지만,걸렸잖아",
      "feeling": null,
      "causalRelationship": null,
      "outcomeResolution": null,
      "prediction": null,
      "plotSummaryInfoCount": 1,
      "plotSummaryInfo": {
        "classification": "의사소통",
        "readAge": "초등_저학년",
        "form": "long-form",
        "plotSummaryText": "그런데 떨어지는 소리가 나지 않고 나무에 걸려서 나무를 힘껏 흔들었지만, 끄떡도 하지 않았다.",
        "textWordEA": 13
      }
    },
    {
      "srcTextID": "147914",
      "srcText": "성우 발을 한 번 보고는 나무를 올려다봅니다. “슬리퍼가 나뭇가지에 착륙했네.” 규진이가 성우를 보고 피식 웃습니다. 성우도 규진이를 보며 싱긋 웃습니다.",
      "srcPage": 13,
      "srcSentenceEA": 4,
      "srcWordEA": 22,
      "character": "성우 발,나무,슬리퍼,규진",
      "setting": null,
      "action": "보고는,올려다봅니다,보며",
      "feeling": "웃습니다",
      "causalRelationship": null,
      "outcomeResolution": null,
      "prediction": null,
      "plotSummaryInfoCount": 1,
      "plotSummaryInfo": {
        "classification": "의사소통",
        "readAge": "초등_저학년",
        "form": "long-form",
        "plotSummaryText": "슬리퍼가 나뭇가지에 착륙했다고 규진이가 성우를 보고 웃으니, 성우도 싱긋 웃었다.",
        "textWordEA": 10
      }
    },
    {
      "srcTextID": "147904",
      "srcText": "성우와 규진이가 한편이 되었습니다. “성우야, 이쪽으로 넘어와!” 규진이가 부르자 성우가 재빨리 뛰어갑니다.",
      "srcPage": 2,
      "srcSentenceEA": 3,
      "srcWordEA": 13,
      "character": "성우,규진",
      "setting": null,
      "action": "넘어와,부르자,뛰어갑니다",
      "feeling": null,
      "causalRelationship": null,
      "outcomeResolution": null,
      "prediction": null,
      "plotSummaryInfoCount": 1,
      "plotSummaryInfo": {
        "classification": "의사소통",
        "readAge": "초등_저학년",
        "form": "short-form",
        "plotSummaryText": "성우와 규진이가 한편이 되었고, 규진이가 부르자 성우가 뛰었갑니다.",
        "textWordEA": 8
      }
    },
    {
      "srcTextID": "147903",
      "srcText": "그런데 신발이 자꾸 벗겨집니다. “아이참, 제대로 뛸 수가 없네.” “그러니까 왜 슬리퍼를 신고 나와?” 규진이의 핀잔에 성우가 얼굴을 찌푸립니다.",
      "srcPage": 3,
      "srcSentenceEA": 4,
      "srcWordEA": 20,
      "character": "신발,슬리퍼,규진,성우",
      "setting": null,
      "action": "뛸,신고,얼굴을 찌푸립니다,벗겨집니다",
      "feeling": null,
      "causalRelationship": null,
      "outcomeResolution": null,
      "prediction": null,
      "plotSummaryInfoCount": 1,
      "plotSummaryInfo": {
        "classification": "의사소통",
        "readAge": "초등_저학년",
        "form": "long-form",
        "plotSummaryText": "그런데 신발이 자꾸 벗겨져 뛸 수 없다고 하니, 규진이가 왜 슬리퍼를 신고 나오냐고 주자 성우가 얼굴을 찌푸렸다.",
        "textWordEA": 17
      }
    },
    {
      "srcTextID": "147908",
      "srcText": "“다시는 너랑 안 놀아!” 성우가 씩씩대며 눈을 흘깁니다. “흥! 누군 놀 줄 알아?” 규진이도 툴툴대며 입을 삐죽 내밉니다.",
      "srcPage": 7,
      "srcSentenceEA": 4,
      "srcWordEA": 21,
      "character": "성우,규진,입,눈",
      "setting": null,
      "action": "안 놀아,흘깁니다,내밉니다",
      "feeling": null,
      "causalRelationship": null,
      "outcomeResolution": null,
      "prediction": null,
      "plotSummaryInfoCount": 1,
      "plotSummaryInfo": {
        "classification": "의사소통",
        "readAge": "초등_저학년",
        "form": "long-form",
        "plotSummaryText": "성우가 다시는 안 논다고 씩씩대자, 누군 놀 줄 아냐며 규진이도 입을 내밉니다.",
        "textWordEA": 12
      }
    },
    {
      "srcTextID": "147913",
      "srcText": "깡충깡충 뛰어도 손이 닿지 않습니다. “어휴, 안 되네.” 성우는 울상이 되었습니다. 규진이가 슬그머니 성우 옆으로 다가갑니다.",
      "srcPage": 12,
      "srcSentenceEA": 4,
      "srcWordEA": 18,
      "character": "성우,규진",
      "setting": null,
      "action": "뛰어도,다가갑니다",
      "feeling": "울상이 되었습니다",
      "causalRelationship": null,
      "outcomeResolution": null,
      "prediction": null,
      "plotSummaryInfoCount": 1,
      "plotSummaryInfo": {
        "classification": "의사소통",
        "readAge": "초등_저학년",
        "form": "long-form",
        "plotSummaryText": "뛰어도 손이 닿지 않아 성우는 울상이 되었고, 규진이가 성우 옆으로 다가왔다.",
        "textWordEA": 11
      }
    },
    {
      "srcTextID": "147907",
      "srcText": "“왜 나 때문이야?” 규진이가 탓하자 성우도 지지 않고 따집니다. 규진이가 더 큰 소리로 성우를 나무랍니다.",
      "srcPage": 5,
      "srcSentenceEA": 3,
      "srcWordEA": 17,
      "character": "규진,성우",
      "setting": null,
      "action": "탓하자,따집니다,나무랍니다",
      "feeling": null,
      "causalRelationship": null,
      "outcomeResolution": null,
      "prediction": null,
      "plotSummaryInfoCount": 1,
      "plotSummaryInfo": {
        "classification": "의사소통",
        "readAge": "초등_저학년",
        "form": "short-form",
        "plotSummaryText": "왜 나 때문이냐고 성우가 따지자, 규진이가 큰소리로 성우를 나무란다.",
        "textWordEA": 9
      }
    },
    {
      "srcTextID": "147906",
      "srcText": "“네가 슬리퍼를 신고 와서 졌잖아.” 성우가 배를 쭉 내밀고 규진이를 쏘아봅니다. “잘난 척은!” “뭐? 이 땅꼬마가!” 성우와 규진이는 싸우기 시작합니다.",
      "srcPage": 6,
      "srcSentenceEA": 5,
      "srcWordEA": 23,
      "character": "슬리퍼,성우,규진이",
      "setting": null,
      "action": "신고 와서,졌잖아,내밀고,쏘아봅니다,싸우기 시작합니다",
      "feeling": null,
      "causalRelationship": null,
      "outcomeResolution": null,
      "prediction": null,
      "plotSummaryInfoCount": 1,
      "plotSummaryInfo": {
        "classification": "의사소통",
        "readAge": "초등_저학년",
        "form": "long-form",
        "plotSummaryText": "슬리퍼를 신고 와서 졌다고 하자, 성우는 규진이를 쏘아보고 서로 싸웠다.",
        "textWordEA": 10
      }
    },
    {
      "srcTextID": "147915",
      "srcText": "“이걸로 한번 해 보자.” 규진이가 어디서 긴 빗자루 하나를 가져옵니다. 그러고는 빗자루를 번쩍 올려 팔짝팔짝 뛰기 시작합니다. 아슬아슬 매달렸던 슬리퍼가 툭 하고 떨어집니다.",
      "srcPage": 14,
      "srcSentenceEA": 4,
      "srcWordEA": 26,
      "character": "규진,긴 빗자루,슬리퍼",
      "setting": null,
      "action": "가져옵니다,올려,뛰기 시작합니다,매달렸던,떨어집니다",
      "feeling": null,
      "causalRelationship": null,
      "outcomeResolution": null,
      "prediction": null,
      "plotSummaryInfoCount": 1,
      "plotSummaryInfo": {
        "classification": "의사소통",
        "readAge": "초등_저학년",
        "form": "long-form",
        "plotSummaryText": "규진이가 긴 빗자루를 가져와서 이걸로 해 보자고 하고 빗자루를 올려 뛰기 시작하니, 슬리퍼가 툭 떨어졌다.",
        "textWordEA": 15
      }
    },
    {
      "srcTextID": "147916",
      "srcText": "성우가 규진이를 보며 배시시 웃습니다. “규진아, 고마워.” 규진이가 씩 웃으며 성우 어깨에 손을 올립니다. 성우도 규진이의 허리에 팔을 두릅니다.",
      "srcPage": 15,
      "srcSentenceEA": 4,
      "srcWordEA": 21,
      "character": "성우,규진",
      "setting": null,
      "action": "보며,손을 올립니다,팔을 두릅니다",
      "feeling": "고마워,웃습니다",
      "causalRelationship": null,
      "outcomeResolution": null,
      "prediction": null,
      "plotSummaryInfoCount": 1,
      "plotSummaryInfo": {
        "classification": "의사소통",
        "readAge": "초등_저학년",
        "form": "long-form",
        "plotSummaryText": "성우가 규진이에게 고맙다며 웃으니, 규진이도 성우 어깨에 손을 올리고 성우도 팔을 둘렀다.",
        "textWordEA": 12
      }
    },
    {
      "srcTextID": "147917",
      "srcText": "“우리 시소 타러 갈까?” “그래, 좋아!” 규진이와 성우가 나란히 시소에 앉습니다. “성우야, 아까는 미안했어!” “나도 미안했어!” 쿵덕쿵덕! 둘은 하늘에 닿을 듯 높이 솟아오릅니다.",
      "srcPage": 16,
      "srcSentenceEA": 7,
      "srcWordEA": 26,
      "character": "시소,규진,성우",
      "setting": null,
      "action": "타러 갈까,앉습니다,솟아오릅니다",
      "feeling": "좋아,미안했어",
      "causalRelationship": null,
      "outcomeResolution": null,
      "prediction": null,
      "plotSummaryInfoCount": 1,
      "plotSummaryInfo": {
        "classification": "의사소통",
        "readAge": "초등_저학년",
        "form": "long-form",
        "plotSummaryText": "시소 타자고 하고 둘은 나란히 앉아 서로 미안했다고 사과를 했고, 둘은 하늘에 닿을 듯 높이 솟아 올랐다.",
        "textWordEA": 17
      }
    }
  ]
}