{
  "title": "닐스의 이상한 모험",
  "author": "셀마 라게를뢰프",
  "illustrator": "김병남",
  "isbn": "9791128210945",
  "publishedYear": 2018,
  "publisher": "아람북스",
  "paragraphInfoCount": 48,
  "paragraphInfo": [
    {
      "srcTextID": "18509",
      "srcText": "조그마한 요정이 나무 상자 위에 앉아있었거든. 닐스가 그런 재미난 것을 놓칠 리 없지. 닐스는 잽싸게 잠자리채를 휘둘러 요정을 잡았어.",
      "srcPage": 3,
      "srcSentenceEA": 3,
      "srcWordEA": 21,
      "character": "요정,나무 상자,닐스,잠자리채",
      "setting": null,
      "action": "앉아있었거든,놓칠 리 없지,휘둘러,잡았어",
      "feeling": "재미난",
      "causalRelationship": null,
      "outcomeResolution": null,
      "prediction": null,
      "plotSummaryInfoCount": 1,
      "plotSummaryInfo": {
        "classification": "의사소통",
        "readAge": "초등_저학년",
        "form": "short-form",
        "plotSummaryText": "나무 상자 위에 조그마한 요정이 앉아있었고, 닐스는 잠자리채로 요정을 잡았습니다.",
        "textWordEA": 10
      }
    },
    {
      "srcTextID": "18507",
      "srcText": "“나, 난 요정 톰텐이야. 제발 날 풀어 줘!” “톰텐? 그게 뭔데? 넌 오늘부터 내 장난감이라고!” 닐스는 잠자리채를 이리저리 흔들었어.",
      "srcPage": 4,
      "srcSentenceEA": 5,
      "srcWordEA": 23,
      "character": "난,요정,톰텐,날,넌,내,장난감,닐스,자리채",
      "setting": "오늘부터",
      "action": "풀어 줘,흔들었어",
      "feeling": null,
      "causalRelationship": null,
      "outcomeResolution": null,
      "prediction": null,
      "plotSummaryInfoCount": 1,
      "plotSummaryInfo": {
        "classification": "의사소통",
        "readAge": "초등_저학년",
        "form": "long-form",
        "plotSummaryText": "요정은 풀어달라고 부탁했지만 닐스는 오늘부터 내 장난감이라고 말하며 잠자리채를 흔들었습니다.",
        "textWordEA": 10
      }
    },
    {
      "srcTextID": "18510",
      "srcText": "순간 집 안이 흔들흔들댔어. 닐스는 몸을 가누지 못하고 쓰러져 버렸지. 잠시 뒤, 닐스가 정신을 차리고 보니 모든 게 이상했어.",
      "srcPage": 6,
      "srcSentenceEA": 3,
      "srcWordEA": 21,
      "character": "닐스,몸",
      "setting": "집 안,잠시 뒤",
      "action": "흔들흔들댔어,가누지 못하고,쓰러져 버렸지,정신을 차리고 보니",
      "feeling": "이상했어",
      "causalRelationship": null,
      "outcomeResolution": null,
      "prediction": null,
      "plotSummaryInfoCount": 1,
      "plotSummaryInfo": {
        "classification": "의사소통",
        "readAge": "초등_저학년",
        "form": "short-form",
        "plotSummaryText": "순간 집이 흔들려 닐스는 쓰러졌고, 잠시 뒤 정신을 차려보니 모든 게 이상했습니다.",
        "textWordEA": 12
      }
    },
    {
      "srcTextID": "18551",
      "srcText": "“아빠, 엄마! 정말 이상한 모험을 했어요.” 그때 기러기들이 닐스의 집 위로 빙빙 날다가 끼룩끼룩대며 떠나갔지. “친구들, 잘 가! 너희들과 함께한 여행을 영원히 잊지 못할 거야, 고마워.” 닐스의 두 눈은 반짝반짝 빛나고 있었어.",
      "srcPage": 48,
      "srcSentenceEA": 6,
      "srcWordEA": 36,
      "character": "아빠,엄마,기러기들,친구들,너희들,두 눈",
      "setting": "그때,닐스의 집",
      "action": "모험을 했어요,날다가,떠나갔지,가,반짝반짝 빛나고 있었어",
      "feeling": "이상한,영원히 잊지 못할 거야,고마워",
      "causalRelationship": null,
      "outcomeResolution": null,
      "prediction": null,
      "plotSummaryInfoCount": 1,
      "plotSummaryInfo": {
        "classification": "의사소통",
        "readAge": "초등_저학년",
        "form": "long-form",
        "plotSummaryText": "닐스는 엄마와 아빠에게 이상한 모험을 했으며 잊지 못할 거라 말하였고, 기러기들은 닐스의 집 위를 날다가 떠나갔습니다.",
        "textWordEA": 16
      }
    },
    {
      "srcTextID": "18511",
      "srcText": "집이 어마어마하게 커진 거야. 의자며 탁자도 엄청 커졌지 뭐야? 닐스는 톰텐이 집과 가구들을 크게 만든 줄 알았어.",
      "srcPage": 7,
      "srcSentenceEA": 3,
      "srcWordEA": 19,
      "character": "의자,탁자,닐스,톰텐,가구들",
      "setting": "집",
      "action": "커진 거야,커졌지,크게 만든 줄 알았어",
      "feeling": null,
      "causalRelationship": null,
      "outcomeResolution": null,
      "prediction": null,
      "plotSummaryInfoCount": 1,
      "plotSummaryInfo": {
        "classification": "의사소통",
        "readAge": "초등_저학년",
        "form": "short-form",
        "plotSummaryText": "집, 의자, 탁자, 집이 커진 것을 보고 닐스는 톰텐이 집과 가구만 크게 만든 줄 알았습니다.",
        "textWordEA": 15
      }
    },
    {
      "srcTextID": "18513",
      "srcText": "‘혹시 톰텐이 마당에 있나?’ 닐스는 집 밖으로 나가 보았어. 마당에는 닭과 거위, 고양이가 모여 있었지.",
      "srcPage": 9,
      "srcSentenceEA": 3,
      "srcWordEA": 17,
      "character": "톰텐,닐스,닭,거위,고양이",
      "setting": "마당,집 밖",
      "action": "있나,나가 보았어,모여 있었지",
      "feeling": null,
      "causalRelationship": null,
      "outcomeResolution": null,
      "prediction": null,
      "plotSummaryInfoCount": 1,
      "plotSummaryInfo": {
        "classification": "의사소통",
        "readAge": "초등_저학년",
        "form": "short-form",
        "plotSummaryText": "닐슨은 톰텐을 찾아 마당에 나갔는데, 닭과 거위, 고양이가 모여 있었습니다.",
        "textWordEA": 10
      }
    },
    {
      "srcTextID": "18523",
      "srcText": "닐스가 위에서 내려다보는 세상은 정말 놀라웠어. 닐스는 이제 집도 조금밖에 생각나지 않았어. 해가 지자 모두 호숫가에 내려앉았어.",
      "srcPage": 17,
      "srcSentenceEA": 3,
      "srcWordEA": 19,
      "character": "닐스,해",
      "setting": "집,호숫가",
      "action": "위에서 내려다보는,조금밖에 생각나지 않았어,지자,내려앉았어",
      "feeling": "놀라웠어",
      "causalRelationship": null,
      "outcomeResolution": null,
      "prediction": null,
      "plotSummaryInfoCount": 1,
      "plotSummaryInfo": {
        "classification": "의사소통",
        "readAge": "초등_저학년",
        "form": "short-form",
        "plotSummaryText": "닐스는 하늘 위에서 내려다보는 세상이 놀라워 집도 조금밖에 생각나지 않았습니다.",
        "textWordEA": 10
      }
    },
    {
      "srcTextID": "18522",
      "srcText": "기러기들의 우두머리인 아카가 닐스에게 다가왔어. “넌 새가 아니니, 우리랑 함께 여행할 수 없다. 내일 날이 밝으면 너를 집으로 돌려보낼 거다.”",
      "srcPage": 18,
      "srcSentenceEA": 3,
      "srcWordEA": 21,
      "character": "기러기들,우두머리,아카,닐스,넌,새,우리,너",
      "setting": "내일,집",
      "action": "다가왔어,아니니,함께 여행할 수 없다,날이 밝으면,돌려보낼 거다",
      "feeling": null,
      "causalRelationship": null,
      "outcomeResolution": null,
      "prediction": null,
      "plotSummaryInfoCount": 1,
      "plotSummaryInfo": {
        "classification": "의사소통",
        "readAge": "초등_저학년",
        "form": "short-form",
        "plotSummaryText": "기러기들의 우두머리 아카스가 닐스에게 넌 새가 아니니 우리와 함께 여행할 수 없다며 집으로 돌려보낸다고 말했습니다.",
        "textWordEA": 15
      }
    },
    {
      "srcTextID": "18521",
      "srcText": "그 말에 닐스는 무척 속이 상했어. 모두가 잠들어 있을 때였지. 파드닥파드닥 날갯짓 소리가 요란하게 들려왔어.",
      "srcPage": 19,
      "srcSentenceEA": 3,
      "srcWordEA": 17,
      "character": "닐스",
      "setting": "잠들어 있을 때",
      "action": "날갯짓 소리가 요란하게 들려왔어",
      "feeling": "속이 상했어",
      "causalRelationship": null,
      "outcomeResolution": null,
      "prediction": null,
      "plotSummaryInfoCount": 1,
      "plotSummaryInfo": {
        "classification": "의사소통",
        "readAge": "초등_저학년",
        "form": "short-form",
        "plotSummaryText": "닐스는 속상했고, 모두가 잠들었을 때 요란한 날갯짓 소리가 들렸습니다.",
        "textWordEA": 9
      }
    },
    {
      "srcTextID": "18525",
      "srcText": "여우가 잠들어 있던 기러기 한 마리를 물어 버린 거야. 그 모습을 본 닐스는 가만있을 수 없었어. “당장 기러기를 내려놓지 못해?”",
      "srcPage": 20,
      "srcSentenceEA": 3,
      "srcWordEA": 21,
      "character": "여우,기러기,닐스",
      "setting": null,
      "action": "잠들어 있던,물어 버린 거야,본,가만있을 수 없었어,내려놓지 못해",
      "feeling": null,
      "causalRelationship": null,
      "outcomeResolution": null,
      "prediction": "여우가 잠들어 있던 기러기 한 마리를 물어 버린 거야. 그 모습을 본 닐스는 가만있을 수 없었어.",
      "plotSummaryInfoCount": 1,
      "plotSummaryInfo": {
        "classification": "의사소통",
        "readAge": "초등_저학년",
        "form": "short-form",
        "plotSummaryText": "여우가 잠든 기러기 한 마리를 물어버린 모습을 보고 닐스는 기러기를 내려놓으라 말했습니다.",
        "textWordEA": 12
      }
    },
    {
      "srcTextID": "18524",
      "srcText": "닐스는 재빨리 달려가 여우의 꼬리를 잡아당겼어. 너무 놀란 여우는 기러기를 놓쳐 버렸지. 결국 아카는 닐스도 함께 여행하는 것을 허락해 주었어.",
      "srcPage": 21,
      "srcSentenceEA": 3,
      "srcWordEA": 22,
      "character": "닐스,여우,꼬리,아카",
      "setting": null,
      "action": "달려가,잡아당겼어,놓쳐 버렸지,함께 여행하는 것,허락해 주었어",
      "feeling": "놀란",
      "causalRelationship": null,
      "outcomeResolution": null,
      "prediction": null,
      "plotSummaryInfoCount": 1,
      "plotSummaryInfo": {
        "classification": "의사소통",
        "readAge": "초등_저학년",
        "form": "short-form",
        "plotSummaryText": "닐스가 여우의 꼬리를 잡아당겨 기러기를 놓쳤고, 결국 아카는 닐스가 함께 여행하는 것을 허락했습니다.",
        "textWordEA": 13
      }
    },
    {
      "srcTextID": "18530",
      "srcText": "비가 오나 바람이 부나, 기러기들은 여행을 계속했어. 어느 날, 모르텐 친구 둔핀이 다급하게 닐스를 찾았어. “닐스, 모르텐이 검독수리에게 당하고 있어.” “뭐라고? 나를 빨리 모르텐이 있는 곳으로 데려다줘!”",
      "srcPage": 25,
      "srcSentenceEA": 4,
      "srcWordEA": 29,
      "character": "비,기러기들,모르텐 친구,둔핀,닐스,모르텐,검독수리,나",
      "setting": "어느 날,모르텐이 있는 곳",
      "action": "오나,여행을 계속했어,찾았어,당하고 있어,데려다줘",
      "feeling": "다급하게",
      "causalRelationship": null,
      "outcomeResolution": null,
      "prediction": null,
      "plotSummaryInfoCount": 1,
      "plotSummaryInfo": {
        "classification": "의사소통",
        "readAge": "초등_저학년",
        "form": "long-form",
        "plotSummaryText": "어느 날 모르텐 친구 둔핀이 닐스를 찾아와 모르텐이 검독수리에게 당하고 있다 말했고, 닐스는 모르텐이 있는 곳으로 데려가 달라고 말했습니다.",
        "textWordEA": 19
      }
    },
    {
      "srcTextID": "18531",
      "srcText": "하지만 닐스는 검독수리를 당해낼 수 없었지. “둔핀, 얼른 아카를 불러 줘.” 그러자 검독수리가 갑자기 공격을 멈추었어.",
      "srcPage": 26,
      "srcSentenceEA": 3,
      "srcWordEA": 17,
      "character": "닐스,검독수리,둔핀,아카",
      "setting": null,
      "action": "당해낼 수 없었지,불러 줘,공격을 멈추었어",
      "feeling": null,
      "causalRelationship": null,
      "outcomeResolution": "그러자 검독수리가 갑자기 공격을 멈추었어",
      "prediction": null,
      "plotSummaryInfoCount": 1,
      "plotSummaryInfo": {
        "classification": "의사소통",
        "readAge": "초등_저학년",
        "form": "short-form",
        "plotSummaryText": "닐스가 검독수리를 당해낼 수 없어 아카를 불러달라고 말하자, 검독수리는 공격을 멈췄습니다.",
        "textWordEA": 11
      }
    },
    {
      "srcTextID": "18529",
      "srcText": "“아카라고? 나는 고르고야. 아카와 함께 다니는 무리였다니, 미안해.” 고르고는 황급히 날아가 버렸어. 아카는 고르고의 엄마, 아빠를 대신하여 고르고를 키워 주었거든. 그래서 고르고는 아카의 친구들만큼은 건드리지 않았지.",
      "srcPage": 27,
      "srcSentenceEA": 5,
      "srcWordEA": 31,
      "character": "아카,나,고르고,엄마,아빠,아카의 친구들",
      "setting": null,
      "action": "함께 다니는,날아가 버렸어,대신하여,키워 주었거든,건드리지 않았지.",
      "feeling": "미안해",
      "causalRelationship": "아카는 고르고의 엄마,아빠를 대신하여 고르고를 키워 주었거든. 그래서 고르고는 아카의 친구들만큼은 건드리지 않았지.",
      "outcomeResolution": null,
      "prediction": null,
      "plotSummaryInfoCount": 1,
      "plotSummaryInfo": {
        "classification": "의사소통",
        "readAge": "초등_저학년",
        "form": "long-form",
        "plotSummaryText": "고르고는 아카가 엄마와 아빠를 대신해 자신을 키워주었기 때문에 아카의 친구들을 건드리지 않았고, 미안하다며 황급히 날아갔습니다.",
        "textWordEA": 15
      }
    },
    {
      "srcTextID": "18534",
      "srcText": "하지만 마음을 놓으면 안 돼. “탕!” 이번에는 사냥꾼들이 새들을 향해 총을 쏘았지. 깜짝 놀란 모르텐이 허둥대다가 그만 닐스를 떨어뜨렸어.",
      "srcPage": 28,
      "srcSentenceEA": 3,
      "srcWordEA": 21,
      "character": "사냥꾼들,새들,총,모르텐,닐스",
      "setting": "이번에는",
      "action": "쏘았지,허둥대다가,떨어뜨렸어",
      "feeling": "마음을 놓으면 안 돼,깜짝 놀란",
      "causalRelationship": "깜짝 놀란 모르텐이 허둥대다가 그만 닐스를 떨어뜨렸어.",
      "outcomeResolution": null,
      "prediction": null,
      "plotSummaryInfoCount": 1,
      "plotSummaryInfo": {
        "classification": "의사소통",
        "readAge": "초등_저학년",
        "form": "short-form",
        "plotSummaryText": "사냥꾼들이 새들을 향해 쏜 총소리에 깜짝 놀라 모르텐이 닐스를 떨어뜨렸습니다.",
        "textWordEA": 10
      }
    },
    {
      "srcTextID": "18532",
      "srcText": "그 소리를 들은 닐스는 머리카락이 쭈뼛쭈뼛 섰어. 닐스는 몸을 잔뜩 움츠리고 앉았지. 그런데 밑에 작은 구멍이 나 있지 뭐야.",
      "srcPage": 30,
      "srcSentenceEA": 3,
      "srcWordEA": 21,
      "character": "닐스,머리카락,몸",
      "setting": null,
      "action": "들은,움츠리고 앉았지,밑에 작은 구멍이 나 있지 뭐야",
      "feeling": "쭈뼛쭈뼛 섰어",
      "causalRelationship": null,
      "outcomeResolution": null,
      "prediction": null,
      "plotSummaryInfoCount": 1,
      "plotSummaryInfo": {
        "classification": "의사소통",
        "readAge": "초등_저학년",
        "form": "short-form",
        "plotSummaryText": "닐스는 머리카락이 쭈뼛쭈뼛 섰고, 몸을 움츠리고 앉아있다가 작은 구멍을 보았습니다.",
        "textWordEA": 10
      }
    },
    {
      "srcTextID": "18535",
      "srcText": "“닐스, 정말 네가 해냈구나. 내가 널 라플란드로 데려다줄게.” 고르고는 닐스를 태우고 하늘을 훨훨 날았지.",
      "srcPage": 35,
      "srcSentenceEA": 3,
      "srcWordEA": 16,
      "character": "닐스,네,내,널,고르고,하늘",
      "setting": "라플란드",
      "action": "해냈구나,데려다줄게,태우고,날았지",
      "feeling": null,
      "causalRelationship": null,
      "outcomeResolution": null,
      "prediction": null,
      "plotSummaryInfoCount": 1,
      "plotSummaryInfo": {
        "classification": "의사소통",
        "readAge": "초등_저학년",
        "form": "short-form",
        "plotSummaryText": "닐스가 해내자 고르고는 라플란드로 데려다 준다며 닐스를 태우고 하늘을 날았습니다.",
        "textWordEA": 10
      }
    },
    {
      "srcTextID": "18542",
      "srcText": "이른 새벽 즈음, 고르고가 속삭였어. “닐스, 라플란드에 도착했어. 나는 이만 돌아갈게.” 고르고는 기러기들이 놀랄까 봐 조용히 숲을 떠났어.",
      "srcPage": 36,
      "srcSentenceEA": 4,
      "srcWordEA": 20,
      "character": "고르고,닐스,나,기러기들",
      "setting": "이른 새벽 즈음,라플란드,숲",
      "action": "속삭였어,도착했어,돌아갈게,떠났어",
      "feeling": "놀랄까 봐",
      "causalRelationship": null,
      "outcomeResolution": null,
      "prediction": null,
      "plotSummaryInfoCount": 1,
      "plotSummaryInfo": {
        "classification": "의사소통",
        "readAge": "초등_저학년",
        "form": "long-form",
        "plotSummaryText": "이른 새벽 즈음 고르고와 닐스는 라플란드에 도착했고, 고르고는 기러기들이 놀랄까 봐 조용히 숲을 떠났습니다.",
        "textWordEA": 14
      }
    },
    {
      "srcTextID": "18546",
      "srcText": "라플란드에서 겨울을 지낸 기러기들은 다시 남쪽으로 돌아가려고 했어. 닐스는 엄마와 아빠가 보고 싶었고, 엄마가 갓 구워 준 빵도 먹고 싶었어. 물고기를 날것으로 먹는 것도 지긋지긋했지.",
      "srcPage": 39,
      "srcSentenceEA": 3,
      "srcWordEA": 27,
      "character": "기러기들,닐스,엄마,아빠,빵,물고기",
      "setting": "라플란드,겨울,남쪽",
      "action": "지낸,돌아가려고 했어,갓 구워 준,먹는",
      "feeling": "보고 싶었고,먹고 싶었어,지긋지긋했지",
      "causalRelationship": null,
      "outcomeResolution": null,
      "prediction": null,
      "plotSummaryInfoCount": 1,
      "plotSummaryInfo": {
        "classification": "의사소통",
        "readAge": "초등_저학년",
        "form": "short-form",
        "plotSummaryText": "라플란드에서 겨울을 지낸 기러기들은 남쪽으로 돌아가려 했고, 닐스도 엄마와 아빠가 보고 싶었습니다.",
        "textWordEA": 12
      }
    },
    {
      "srcTextID": "18544",
      "srcText": "그렇지만 친구들과 헤어지고 싶지도 않았어. 닐스는 복잡한 마음으로 다시 여행길에 나섰어. 어느덧 저 멀리 닐스가 살던 마을이 보였어.",
      "srcPage": 40,
      "srcSentenceEA": 3,
      "srcWordEA": 20,
      "character": "친구들,닐스",
      "setting": "여행길,어느덧,마을",
      "action": "헤어지고 싶지도 않았어,나섰어,살던,보였어",
      "feeling": "복잡한 마음으로",
      "causalRelationship": null,
      "outcomeResolution": null,
      "prediction": null,
      "plotSummaryInfoCount": 1,
      "plotSummaryInfo": {
        "classification": "의사소통",
        "readAge": "초등_저학년",
        "form": "short-form",
        "plotSummaryText": "닐스는 친구들과도 헤어지고 싶지 않은 복잡한 마음으로 여행길을 나섰고, 어느덧 닐스가 살던 마을이 보였습니다.",
        "textWordEA": 14
      }
    },
    {
      "srcTextID": "18547",
      "srcText": "아카는 닐스를 내려 주었어. “요정 톰텐이 이 말을 전해 달라고 했거든. 모르텐이 네 아빠 손에 죽어야만 네가 원래 모습으로 돌아올 수 있대.”",
      "srcPage": 42,
      "srcSentenceEA": 3,
      "srcWordEA": 23,
      "character": "아카,닐스,요정,톰텐,모르텐,네,아빠,손",
      "setting": null,
      "action": "내려 주었어,전해 달라고 했거든,죽어야만,원래 모습으로 돌아올 수 있대",
      "feeling": null,
      "causalRelationship": null,
      "outcomeResolution": null,
      "prediction": "르텐이 네 아빠 손에 죽어야만 네가 원래 모습으로 돌아올 수 있대",
      "plotSummaryInfoCount": 1,
      "plotSummaryInfo": {
        "classification": "의사소통",
        "readAge": "초등_저학년",
        "form": "short-form",
        "plotSummaryText": "아카는 닐스를 내려 주면서, 모르텐이 네 아빠의 손에 죽어야 닐스가 원래의 모습으로 돌아갈 수 있다고 했다는 말을 전했습니다.",
        "textWordEA": 18
      }
    },
    {
      "srcTextID": "18549",
      "srcText": "그 모습을 본 아카가 닐스를 집 앞에 내려 주었어. “여보, 이 거위를 죽여서 시장에 내다 팔아요.” 엄마의 목소리를 들은 닐스는 창밖에서 크게 소리쳤어.",
      "srcPage": 45,
      "srcSentenceEA": 3,
      "srcWordEA": 24,
      "character": "아카,닐스,여보,거위,엄마",
      "setting": "집 앞,시장,창밖",
      "action": "본,내려 주었어,죽여서,내다 팔아요,목소리를 들은,소리쳤어",
      "feeling": null,
      "causalRelationship": null,
      "outcomeResolution": null,
      "prediction": null,
      "plotSummaryInfoCount": 1,
      "plotSummaryInfo": {
        "classification": "의사소통",
        "readAge": "초등_저학년",
        "form": "short-form",
        "plotSummaryText": "아카가 닐스를 집 앞에 내려주었고, 엄마가 거위를 죽여 시장에 팔자고 말하는 것을 듣고 닐스는 창밖에서 소리쳤습니다.",
        "textWordEA": 16
      }
    },
    {
      "srcTextID": "18552",
      "srcText": "그제야 엄마와 아빠는 닐스를 알아보았어. “닐스야, 언제 돌아왔니?” 엄마와 아빠는 눈물을 흘리며 닐스를 꼭 껴안았어.",
      "srcPage": 47,
      "srcSentenceEA": 3,
      "srcWordEA": 16,
      "character": "엄마,아빠,닐스",
      "setting": null,
      "action": "알아보았어,돌아왔니,껴안았어",
      "feeling": "눈물을 흘리며",
      "causalRelationship": null,
      "outcomeResolution": null,
      "prediction": null,
      "plotSummaryInfoCount": 1,
      "plotSummaryInfo": {
        "classification": "의사소통",
        "readAge": "초등_저학년",
        "form": "short-form",
        "plotSummaryText": "엄마와 아빠는 닐스를 알아보며 눈물을 흘렸고, 언제 돌아왔냐며 안아주었습니다.",
        "textWordEA": 9
      }
    },
    {
      "srcTextID": "18506",
      "srcText": "닐스는 오늘도 무슨 장난을 칠지 궁리하고 있었어. “닐스, 엄마랑 아빠가 밖에 다녀올 동안 말썽 피우지 말고 책을 읽고 있으렴.” “네, 약속할게요.” 닐스는 이렇게 대답했지만 책을 조금만 봐도 졸린 걸 어떡해.",
      "srcPage": 1,
      "srcSentenceEA": 4,
      "srcWordEA": 31,
      "character": "닐스,엄마,아빠,책",
      "setting": "오늘도,밖에 다녀올 동안",
      "action": "장난을 칠지 궁리하고 있었어,말썽 피우지 말고,읽고 있으렴,약속할게요,대답했지만,봐도",
      "feeling": null,
      "causalRelationship": null,
      "outcomeResolution": null,
      "prediction": null,
      "plotSummaryInfoCount": 1,
      "plotSummaryInfo": {
        "classification": "의사소통",
        "readAge": "초등_저학년",
        "form": "long-form",
        "plotSummaryText": "엄마와 아빠가 밖에 나갔다 오신다며 말썽 피우지 말고 책을 읽고 있으라 하셨지만, 닐스는 오늘도 무슨 장난을 칠지 궁리하고 있습니다.",
        "textWordEA": 19
      }
    },
    {
      "srcTextID": "18505",
      "srcText": "닐스는 스르르 잠이 들어 버렸지. 조금 뒤 나무 상자 위에서 무엇인가가 바스락거렸어. “음, 무슨 소리지?” 어렴풋이 잠에서 깬 닐스의 눈이 휘둥그레졌어.",
      "srcPage": 2,
      "srcSentenceEA": 4,
      "srcWordEA": 23,
      "character": "닐스,나무 상자,눈",
      "setting": "조금 뒤",
      "action": "잠이 들어 버렸지,바스락거렸어,잠에서 깬,휘둥그레졌어",
      "feeling": null,
      "causalRelationship": null,
      "outcomeResolution": null,
      "prediction": null,
      "plotSummaryInfoCount": 1,
      "plotSummaryInfo": {
        "classification": "의사소통",
        "readAge": "초등_저학년",
        "form": "long-form",
        "plotSummaryText": "잠이 든 닐스는 조금 뒤 나무 상자 위에서 무엇인가가 바스락거리는 소리에 잠이 깼습니다.",
        "textWordEA": 13
      }
    },
    {
      "srcTextID": "18508",
      "srcText": "“닐스, 날 풀어 주면 은수저와 금화 한 닢을 줄게.” “그거 말고 더 대단한 건 없어?” 닐스는 잠자리채를 더 세차게 흔들어 댔어. “닐스, 어지러워! 그만해!”",
      "srcPage": 5,
      "srcSentenceEA": 5,
      "srcWordEA": 26,
      "character": "닐스,날,은수저,금화,잠자리채",
      "setting": null,
      "action": "풀어 주면,줄게,없어,세차게 흔들어 댔어,그만해",
      "feeling": "어지러워",
      "causalRelationship": null,
      "outcomeResolution": null,
      "prediction": null,
      "plotSummaryInfoCount": 1,
      "plotSummaryInfo": {
        "classification": "의사소통",
        "readAge": "초등_저학년",
        "form": "long-form",
        "plotSummaryText": "요정은 자신을 풀어주면 은수저와 금화 한 닢을 준다고 했지만, 닐스는 더 대단한 걸 달라며 잠자리채를 세게 흔들었습니다.",
        "textWordEA": 17
      }
    },
    {
      "srcTextID": "18512",
      "srcText": "하지만 그 반대였지. “앗, 말도 안 돼! 내가 톰텐만큼 작아진 거였어! 요정 톰텐을 가만두지 않겠어.” 닐스는 톰텐을 이리저리 찾아보았지만 톰텐은 집 안 어디에도 보이지 않았어.",
      "srcPage": 8,
      "srcSentenceEA": 5,
      "srcWordEA": 28,
      "character": "내,톰텐,요정,닐스",
      "setting": "집 안",
      "action": "반대였지,작아진 거였어,가만두지 않겠어,찾아보았지만,보이지 않았어",
      "feeling": null,
      "causalRelationship": null,
      "outcomeResolution": null,
      "prediction": null,
      "plotSummaryInfoCount": 1,
      "plotSummaryInfo": {
        "classification": "의사소통",
        "readAge": "초등_저학년",
        "form": "long-form",
        "plotSummaryText": "닐슨이 톰텐만큼 작아진 거였고, 닐슨은 톰텐을 찾으면 가만두지 않겠다고 말하며 이리저리 찾아보았지만 집 안 어디에도 보이지 않았습니다.",
        "textWordEA": 17
      }
    },
    {
      "srcTextID": "18514",
      "srcText": "“어머, 누가 닐스를 저렇게 만들었대?” 닐스는 동물들이 하는 말이 들리는 게 신기했어. “우리를 엄청 괴롭히더니, 잘됐다.”",
      "srcPage": 10,
      "srcSentenceEA": 3,
      "srcWordEA": 17,
      "character": "닐스,동물들,우리",
      "setting": null,
      "action": "저렇게 만들었대,하는 말이 들리는 게,괴롭히더니",
      "feeling": "신기했어,잘됐다",
      "causalRelationship": null,
      "outcomeResolution": null,
      "prediction": null,
      "plotSummaryInfoCount": 1,
      "plotSummaryInfo": {
        "classification": "의사소통",
        "readAge": "초등_저학년",
        "form": "short-form",
        "plotSummaryText": "동물들은 닐스를 작게 만든 것이 누군지 궁금하다며 괴롭히더니 잘 됐다고 말했고, 닐스는 동물들의 말이 들려 신기했습니다.",
        "textWordEA": 16
      }
    },
    {
      "srcTextID": "18515",
      "srcText": "닭이 닐스를 약 올리자, 닐스는 크게 소리쳤어. “뭐라고? 나한테 혼나 볼래?” 그러자 닭과 거위, 고양이가 닐스에게 달려들었어. “이제 우리한테 혼나 봐라!” 닐스는 무서워서 허겁지겁 도망쳤지.",
      "srcPage": 11,
      "srcSentenceEA": 5,
      "srcWordEA": 28,
      "character": "닭,닐스,나,거위,고양이,우리",
      "setting": null,
      "action": "소리쳤어,혼나 볼래,달려들었어,혼나 봐라,도망쳤지",
      "feeling": "무서워서,약 올리자",
      "causalRelationship": null,
      "outcomeResolution": null,
      "prediction": null,
      "plotSummaryInfoCount": 1,
      "plotSummaryInfo": {
        "classification": "의사소통",
        "readAge": "초등_저학년",
        "form": "long-form",
        "plotSummaryText": "닭이 닐스를 약 올리자 닐스가 나한테 혼나 볼래라며 말했고, 동물이 닐스에게 달려들자 닐스는 무서워서 도망쳤습니다.",
        "textWordEA": 15
      }
    },
    {
      "srcTextID": "18520",
      "srcText": "한편, 닐스의 집을 지나던 기러기 떼가 거위들을 불렀어. “너희들도 우리랑 라플란드로 갈래?” “저것들이 또 약을 올리네, 쳐다보지도 마.”",
      "srcPage": 12,
      "srcSentenceEA": 3,
      "srcWordEA": 18,
      "character": "닐스,기러기 떼,거위들,너희들,우리,저것들",
      "setting": "집,라플란드",
      "action": "지나던,불렀어,갈래,쳐다보지도 마",
      "feeling": "약을 올리네",
      "causalRelationship": null,
      "outcomeResolution": null,
      "prediction": null,
      "plotSummaryInfoCount": 1,
      "plotSummaryInfo": {
        "classification": "의사소통",
        "readAge": "초등_저학년",
        "form": "short-form",
        "plotSummaryText": "닐스의 집을 지나던 기러기 떼가 거위들에게 라플란드로 가자고 말하자, 거위들은 또 약을 올리지 보지도 말라고 합니다.",
        "textWordEA": 16
      }
    },
    {
      "srcTextID": "18518",
      "srcText": "거위들은 일부러 모른 체했어. 하지만 수컷 거위 모르텐은 달랐지. “나도 라플란드로 갈래!”",
      "srcPage": 13,
      "srcSentenceEA": 3,
      "srcWordEA": 13,
      "character": "거위들,수컷 거위,모르텐,나",
      "setting": "라플란드",
      "action": "일부러 모른 체했어,달랐지,갈래",
      "feeling": null,
      "causalRelationship": null,
      "outcomeResolution": null,
      "prediction": null,
      "plotSummaryInfoCount": 1,
      "plotSummaryInfo": {
        "classification": "의사소통",
        "readAge": "초등_저학년",
        "form": "short-form",
        "plotSummaryText": "거위들은 일부러 모른 체했지만 수컷 거위 모르텐은 자신도 라플란드로 가겠다고 했습니다.",
        "textWordEA": 11
      }
    },
    {
      "srcTextID": "18519",
      "srcText": "모르텐은 날개를 쭉 펼치고 날아오르려고 했어. 하지만 나는 데 익숙하지 않아 번번이 땅으로 떨어졌어. 겨우겨우 한숨을 돌리던 닐스가 그런 모르텐을 보았어.",
      "srcPage": 14,
      "srcSentenceEA": 3,
      "srcWordEA": 23,
      "character": "모르텐,닐스,날개",
      "setting": "땅",
      "action": "펼치고,날아오르려고 했어,떨어졌어,한숨을 돌리던,보았어,익숙하지 않아,나는 데",
      "feeling": null,
      "causalRelationship": null,
      "outcomeResolution": null,
      "prediction": null,
      "plotSummaryInfoCount": 1,
      "plotSummaryInfo": {
        "classification": "의사소통",
        "readAge": "초등_저학년",
        "form": "short-form",
        "plotSummaryText": "모르텐은 날개를 펼쳐 날아오르려 했지만 익숙하지 않아 땅으로 떨어졌고, 닐스는 그런 모르텐의 모습을 보았습니다.",
        "textWordEA": 14
      }
    },
    {
      "srcTextID": "18516",
      "srcText": "“어디를 가려고, 절대 안 돼!” 닐스는 재빨리 달려가서 모르텐의 목을 꽉 끌어안았어. 그 순간 모르텐은 하늘로 날아올랐지.",
      "srcPage": 15,
      "srcSentenceEA": 3,
      "srcWordEA": 19,
      "character": "닐스,모르텐,목,하늘",
      "setting": "그 순간",
      "action": "가려고,달려가서,끌어안았어,날아올랐지",
      "feeling": null,
      "causalRelationship": null,
      "outcomeResolution": null,
      "prediction": null,
      "plotSummaryInfoCount": 1,
      "plotSummaryInfo": {
        "classification": "의사소통",
        "readAge": "초등_저학년",
        "form": "short-form",
        "plotSummaryText": "닐스가 가면 안된다고 모르텐의 목을 끌어안은 그 순간, 하늘로 날아올랐습니다.",
        "textWordEA": 10
      }
    },
    {
      "srcTextID": "18517",
      "srcText": "“우아, 내가 하늘을 날고 있어. 거위들아, 내가 부럽지?” 닐스는 마치 꿈을 꾸는 것 같았어.",
      "srcPage": 16,
      "srcSentenceEA": 3,
      "srcWordEA": 16,
      "character": "내,하늘,거위들",
      "setting": null,
      "action": "날고 있어",
      "feeling": "부럽지,꿈을 꾸는 것 같았어",
      "causalRelationship": null,
      "outcomeResolution": null,
      "prediction": null,
      "plotSummaryInfoCount": 1,
      "plotSummaryInfo": {
        "classification": "의사소통",
        "readAge": "초등_저학년",
        "form": "short-form",
        "plotSummaryText": "닐스는 하늘을 날고 있었고, 마치 꿈을 꾸는 것 같았습니다.",
        "textWordEA": 9
      }
    },
    {
      "srcTextID": "18528",
      "srcText": "여행을 가던 중에 이런 일도 있었어. 어느 마을에 들렀을 때, 닐스는 어미 다람쥐가 농부에게 잡혀가는 것을 보았어. 닐스는 자꾸만 마음이 쓰여서 새끼 다람쥐들을 찾아갔지.",
      "srcPage": 22,
      "srcSentenceEA": 3,
      "srcWordEA": 26,
      "character": "닐스,어미 다람쥐,농부,새끼 다람쥐들",
      "setting": "여행을 가던 중,어느 마을",
      "action": "들렀을 때,잡혀 가는 것을 보았어,찾아갔지",
      "feeling": "마음이 쓰여서",
      "causalRelationship": null,
      "outcomeResolution": null,
      "prediction": null,
      "plotSummaryInfoCount": 1,
      "plotSummaryInfo": {
        "classification": "의사소통",
        "readAge": "초등_저학년",
        "form": "short-form",
        "plotSummaryText": "닐스는 여행 중 어느 마을에서 어미 다람쥐가 농부에게 잡혀가는 것을 보고 마음이 쓰여 새끼 다람쥐들을 찾아갔습니다.",
        "textWordEA": 16
      }
    },
    {
      "srcTextID": "18526",
      "srcText": "그랬더니 모두 쫄쫄 굶고 있는 거야. 닐스는 가여운 새끼들을 보자기에 싸서 커다란 새장에 갇혀 있는 어미 다람쥐에게 건네주었어. 이전의 닐스라면 어림없는 일이었지.",
      "srcPage": 23,
      "srcSentenceEA": 3,
      "srcWordEA": 24,
      "character": "닐스,새끼들,보자기,새장,어미 다람쥐",
      "setting": null,
      "action": "굶고 있는 거야,싸서,갇혀 있는,건네주었어",
      "feeling": "가여운,어림없는 일이었지",
      "causalRelationship": null,
      "outcomeResolution": null,
      "prediction": null,
      "plotSummaryInfoCount": 1,
      "plotSummaryInfo": {
        "classification": "의사소통",
        "readAge": "초등_저학년",
        "form": "short-form",
        "plotSummaryText": "닐스는 굶고 있는 새끼들을 보자기에 싸서 새장에 갇힌 어미 다람쥐에게 건네주었습니다.",
        "textWordEA": 11
      }
    },
    {
      "srcTextID": "18527",
      "srcText": "다음 날, 다람쥐를 보러 나온 농부는 깜짝 놀랐어. “새끼들이 있는 어미였다니.” 농부는 다람쥐들을 얼른 숲속에 다시 풀어 주었어. ‘이렇게 도움을 주니 행복하구나.’ 닐스는 마음이 뿌듯해졌지.",
      "srcPage": 24,
      "srcSentenceEA": 5,
      "srcWordEA": 28,
      "character": "다람쥐,농부,새끼들,어미,다람쥐들,닐스",
      "setting": "다음 날,숲속",
      "action": "보러 나온,풀어 주었어,도움을 주니",
      "feeling": "깜짝 놀랐어,행복하구나,마음이 뿌듯해졌지",
      "causalRelationship": null,
      "outcomeResolution": null,
      "prediction": null,
      "plotSummaryInfoCount": 1,
      "plotSummaryInfo": {
        "classification": "의사소통",
        "readAge": "초등_저학년",
        "form": "long-form",
        "plotSummaryText": "다음 날 농부는 다람쥐가 새끼들의 어미라는 것을 알게 되어 다람쥐들을 숲속에 풀어주었고, 닐스는 도움을 준 것에 행복함을 느꼈습니다.",
        "textWordEA": 18
      }
    },
    {
      "srcTextID": "18533",
      "srcText": "사냥꾼은 후다닥 닐스를 잡아 작은 통에 넣었어. “여보게, 내가 딱 엄지만 한 녀석을 잡았어. 동물원에 비싼 값으로 팔 수 있겠지?”",
      "srcPage": 29,
      "srcSentenceEA": 3,
      "srcWordEA": 21,
      "character": "사냥꾼,닐스,통,내,엄지,녀석",
      "setting": "동물원",
      "action": "잡아,넣었어,잡았어,팔 수 있겠지",
      "feeling": null,
      "causalRelationship": null,
      "outcomeResolution": null,
      "prediction": null,
      "plotSummaryInfoCount": 1,
      "plotSummaryInfo": {
        "classification": "의사소통",
        "readAge": "초등_저학년",
        "form": "short-form",
        "plotSummaryText": "사냥꾼은 닐스를 작은 통에 넣고는 동물원에 비싼 값으로 팔 수 있겠다 말했습니다.",
        "textWordEA": 12
      }
    },
    {
      "srcTextID": "18537",
      "srcText": "닐스는 이때다 싶어 얼른 구멍 밖으로 뛰어내렸어. 그러고는 숲속으로 달아났지. 혼자가 된 닐스는 모르텐과 아카를 찾아 헤맸어.",
      "srcPage": 31,
      "srcSentenceEA": 3,
      "srcWordEA": 19,
      "character": "닐스,모르텐,아카",
      "setting": "구멍 밖,숲속",
      "action": "뛰어내렸어,달아났지,찾아 헤맸어",
      "feeling": null,
      "causalRelationship": null,
      "outcomeResolution": null,
      "prediction": null,
      "plotSummaryInfoCount": 1,
      "plotSummaryInfo": {
        "classification": "의사소통",
        "readAge": "초등_저학년",
        "form": "short-form",
        "plotSummaryText": "닐스는 구멍 밖으로 뛰어내려 숲속으로 달아났고, 모르텐과 아카를 찾아 헤맸습니다.",
        "textWordEA": 10
      }
    },
    {
      "srcTextID": "18539",
      "srcText": "숲에서 여러 친구를 알게 될수록 모르텐과 아카가 보고 싶어서 눈물이 났지. 그러던 어느 날, 닐스는 마을 가까이에 내려갔다가 철사로 된 새장에 갇혀 있는 검독수리를 발견했어. “너는 그때 모르텐을 살려 준 고르고잖아?” “맞아, 사람들에게 잡혀서 새장에 갇히게 됐어. 곧 동물원으로 팔려 갈 거야.”",
      "srcPage": 32,
      "srcSentenceEA": 5,
      "srcWordEA": 44,
      "character": "여러 친구,모르텐,아카,닐스,철사,새장,검독수리,너,고르고,사람들",
      "setting": "숲,어느 날,마을,그때,곧,동물원",
      "action": "알게 될수록,내려갔다가,갇혀 있는,발견했어,살려 준,잡혀서,갇히게 됐어,팔려 갈 거야",
      "feeling": "보고 싶어서 눈물이 났지",
      "causalRelationship": null,
      "outcomeResolution": null,
      "prediction": null,
      "plotSummaryInfoCount": 1,
      "plotSummaryInfo": {
        "classification": "의사소통",
        "readAge": "초등_저학년",
        "form": "long-form",
        "plotSummaryText": "숲에서 여러 친구를 만났지만 모르텐과 아카가 보고 싶어 눈물이 났고, 사람들에게 잡혀 새장에 갇혀 있는 검독수리 고르고를 발견했습니다.",
        "textWordEA": 18
      }
    },
    {
      "srcTextID": "18538",
      "srcText": "닐스는 희망을 버린 고르고를 구해 주고 싶었어. 닐스는 낮이고 밤이고 쇠막대기로 철사들을 긁어 댔어. “잠이나 자, 새장은 그냥 내버려 두고.”",
      "srcPage": 33,
      "srcSentenceEA": 3,
      "srcWordEA": 21,
      "character": "닐스,고르고,쇠막대기,철사들,새장",
      "setting": "낮이고 밤이고",
      "action": "긁어 댔어,잠이나 자,내버려 두고",
      "feeling": "희망을 버린,구해 주고 싶었어",
      "causalRelationship": null,
      "outcomeResolution": null,
      "prediction": null,
      "plotSummaryInfoCount": 1,
      "plotSummaryInfo": {
        "classification": "의사소통",
        "readAge": "초등_저학년",
        "form": "short-form",
        "plotSummaryText": "닐스는 고르고를 구하려고 낮이고 밤이고 쇠막대기로 철사를 긁었고, 고르고는 그냥 내버려 두고 자라고 말헸습니다.",
        "textWordEA": 14
      }
    },
    {
      "srcTextID": "18536",
      "srcText": "고르고는 닐스를 믿지 않았어. 하지만 며칠 뒤에 닐스는 정말로 수많은 철사를 끊어낸 거야. 고르고는 새장에 커다란 구멍이 뚫린 게 믿기지 않았지.",
      "srcPage": 34,
      "srcSentenceEA": 3,
      "srcWordEA": 23,
      "character": "고르고,닐스,철사,새장",
      "setting": "며칠 뒤",
      "action": "끊어낸 거야,커다란 구멍이 뚫린 게",
      "feeling": "믿지 않았어,믿기지 않았지",
      "causalRelationship": null,
      "outcomeResolution": null,
      "prediction": null,
      "plotSummaryInfoCount": 1,
      "plotSummaryInfo": {
        "classification": "의사소통",
        "readAge": "초등_저학년",
        "form": "short-form",
        "plotSummaryText": "고르고는 닐스를 믿지 않았지만 며칠 뒤 수많은 철사를 끊어내어 새장에 커다란 구멍이 뚫렸습니다.",
        "textWordEA": 13
      }
    },
    {
      "srcTextID": "18541",
      "srcText": "닐스는 저 멀리서 기러기들을 지키고 있는 아카를 보았지. “아카!” 닐스는 아카를 향해 달려갔어. 닐스의 목소리를 듣고 모르텐이 달려왔어.",
      "srcPage": 37,
      "srcSentenceEA": 3,
      "srcWordEA": 20,
      "character": "닐스,기러기들,아카,모르텐",
      "setting": null,
      "action": "지키고 있는,보았지,듣고,달려왔어",
      "feeling": null,
      "causalRelationship": null,
      "outcomeResolution": "닐스의 목소리를 듣고 모르텐이 달려왔어.",
      "prediction": null,
      "plotSummaryInfoCount": 1,
      "plotSummaryInfo": {
        "classification": "의사소통",
        "readAge": "초등_저학년",
        "form": "short-form",
        "plotSummaryText": "닐스는 기러기들을 지키고 있는 아카를 부르며 달려갔고, 닐스의 목소리를 들은 모르텐도 달려왔습니다.",
        "textWordEA": 12
      }
    },
    {
      "srcTextID": "18540",
      "srcText": "“닐스, 무사해서 다행이야.” “모르텐, 엄청 보고 싶었어.” 닐스는 모르텐의 목을 힘껏 끌어안았어.",
      "srcPage": 38,
      "srcSentenceEA": 3,
      "srcWordEA": 13,
      "character": "닐스,모르텐,목",
      "setting": null,
      "action": "끌어안았어",
      "feeling": "무사해서 다행이야,보고 싶었어",
      "causalRelationship": null,
      "outcomeResolution": null,
      "prediction": null,
      "plotSummaryInfoCount": 1,
      "plotSummaryInfo": {
        "classification": "의사소통",
        "readAge": "초등_저학년",
        "form": "short-form",
        "plotSummaryText": "모르텐은 닐스가 무사해서 다행이라고 하였고, 닐스는 모르텐이 보고 싶었다며 목을 힘껏 끌어안았습니다.",
        "textWordEA": 12
      }
    },
    {
      "srcTextID": "18545",
      "srcText": "닐스는 가슴이 콩닥콩닥 뛰었어. 그때 검독수리가 다급하게 닐스를 찾아왔어. “닐스, 잠깐 얘기 좀 하자.”",
      "srcPage": 41,
      "srcSentenceEA": 3,
      "srcWordEA": 15,
      "character": "닐스,검독수리",
      "setting": "그때",
      "action": "다급하게,찾아왔어,얘기 좀 하자",
      "feeling": "가슴이 콩닥콩닥 뛰었어",
      "causalRelationship": null,
      "outcomeResolution": null,
      "prediction": null,
      "plotSummaryInfoCount": 1,
      "plotSummaryInfo": {
        "classification": "의사소통",
        "readAge": "초등_저학년",
        "form": "short-form",
        "plotSummaryText": "닐스의 가슴이 뛰었고, 그때 다급하게 검독수리가 닐스를 찾아와 얘기 좀 하자고 말합니다.",
        "textWordEA": 12
      }
    },
    {
      "srcTextID": "18543",
      "srcText": "“어떡하지, 모르텐이 둔핀이랑 먼저 집에 갔을 텐데. 나 때문에 친구를 죽게 할 수 없어.” 닐스는 부랴부랴 아카와 함께 집으로 날아갔어.",
      "srcPage": 43,
      "srcSentenceEA": 3,
      "srcWordEA": 22,
      "character": "모르텐,둔핀,나,친구,닐스,아카",
      "setting": "집",
      "action": "갔을 텐데,죽게 할 수 없어,날아갔어",
      "feeling": null,
      "causalRelationship": null,
      "outcomeResolution": null,
      "prediction": null,
      "plotSummaryInfoCount": 1,
      "plotSummaryInfo": {
        "classification": "의사소통",
        "readAge": "초등_저학년",
        "form": "short-form",
        "plotSummaryText": "닐스는 먼저 집에 간 둔핀과 모르텐이 걱정되었고, 아카와 함께 집으로 부랴부랴 날아갔습니다.",
        "textWordEA": 12
      }
    },
    {
      "srcTextID": "18550",
      "srcText": "아니나 다를까 먼저 집에 도착한 모르텐은 자기가 살던 곳을 친구 둔핀에게 자랑하고 있었어. 그런데 그만 닐스의 엄마에게 붙잡히고 말았지. 엄마는 모르텐을 안고 헐레벌떡 집으로 뛰어갔어.",
      "srcPage": 44,
      "srcSentenceEA": 3,
      "srcWordEA": 27,
      "character": "모르텐,자기,친구,둔핀,닐스,엄마",
      "setting": "집,살던 곳",
      "action": "도착한,자랑하고 있었어,붙잡히고 말았지,안고,뛰어갔어",
      "feeling": null,
      "causalRelationship": null,
      "outcomeResolution": null,
      "prediction": null,
      "plotSummaryInfoCount": 1,
      "plotSummaryInfo": {
        "classification": "의사소통",
        "readAge": "초등_저학년",
        "form": "short-form",
        "plotSummaryText": "집에 도착한 모르텐은 친구 둔핀에게 살던 곳에 대해 자랑하고 있었고, 닐스의 엄마는 모르텐을 붙잡아 안고서 집으로 뛰어갔습니다.",
        "textWordEA": 17
      }
    },
    {
      "srcTextID": "18548",
      "srcText": "“거위를 죽이면 안 돼요!” 엄마와 아빠는 닐스의 목소리를 듣지 못했어. 닐스는 더 크게 힘껏 소리쳤지. 어느새 닐스는 원래의 모습으로 돌아와 있었어.",
      "srcPage": 46,
      "srcSentenceEA": 4,
      "srcWordEA": 24,
      "character": "거위,엄마,아빠,닐스",
      "setting": "어느새",
      "action": "죽이면 안 돼요,목소리를 듣지 못했어,힘껏 소리쳤지,원래의 모습으로 돌아와 있었어",
      "feeling": null,
      "causalRelationship": null,
      "outcomeResolution": null,
      "prediction": null,
      "plotSummaryInfoCount": 1,
      "plotSummaryInfo": {
        "classification": "의사소통",
        "readAge": "초등_저학년",
        "form": "long-form",
        "plotSummaryText": "닐스는 거위를 죽이면 안 된다 소리쳤지만 엄마와 아빠는 들을 수 없었고, 어느새 닐스는 원래 모습으로 돌아왔습니다.",
        "textWordEA": 16
      }
    }
  ]
}