{
  "title": "인어공주",
  "author": "꿈바라기",
  "illustrator": "주성희",
  "isbn": "9788968731150",
  "publishedYear": 2013,
  "publisher": "키움북스",
  "paragraphInfoCount": 16,
  "paragraphInfo": [
    {
      "srcTextID": "139317",
      "srcText": "푸른 바다 깊은 곳에 아름다운 인어들의 나라가 있었어. 인어들은 사람과 똑같이 생겼지만, 허리 아래로는 물고기의 모습이었지. 인어들의 나라에는 임금님과 아름다운 여섯 공주, 지혜로운 할머니가 살고 있었는데, 특히 막내는 얼굴도 예뻤지만 노래를 무척 잘 불렀단다.",
      "srcPage": 1,
      "srcSentenceEA": 3,
      "srcWordEA": 36,
      "character": "인어,나라,사람,물고기,임금님,공주,할머니",
      "setting": "푸른 바다",
      "action": "살고 있었는데,불렀단다",
      "feeling": "예뻤지만",
      "causalRelationship": null,
      "outcomeResolution": null,
      "prediction": null,
      "plotSummaryInfoCount": 1,
      "plotSummaryInfo": {
        "classification": "의사소통",
        "readAge": "초등_저학년",
        "form": "short-form",
        "plotSummaryText": "푸른 바다 깊은 곳에 아름다운 인어들의 나라가 있었는데 그곳에는 임금님과 아름다운 여섯 공주가 살고 있었는데 특히 막내는 얼굴도 예뻤지만, 노래를 무척 잘 불렀습니다.",
        "textWordEA": 23
      }
    },
    {
      "srcTextID": "139318",
      "srcText": "할머니 인어는 매일 여섯 공주에게 인간 세상에 대해 이런저런 이야기를 해주었어. “바다 위에는 눈부신 태양과 푸른 하늘, 살랑살랑 구름을 실어 나르는 상쾌한 바람이 있단다.” 인어공주들은 인간 세상이 보고 싶었지만 그때마다 할머니는 열다섯 살이 되면 구경할 수 있으니 조금만 기다리라고 하셨지.",
      "srcPage": 2,
      "srcSentenceEA": 3,
      "srcWordEA": 41,
      "character": "할머니 인어,여섯 공주,인간",
      "setting": "바다 위",
      "action": "이야기를 해주었어",
      "feeling": null,
      "causalRelationship": null,
      "outcomeResolution": null,
      "prediction": null,
      "plotSummaryInfoCount": 1,
      "plotSummaryInfo": {
        "classification": "의사소통",
        "readAge": "초등_저학년",
        "form": "short-form",
        "plotSummaryText": "할머니 인어는 매일 여섯 공주들에게 인간 세상에 대한 이야기를 해주었고 그녀들은 인간 세상이 보고 싶었지만, 할머니는 열다섯 살이 되면 구경할 수 있다며 기다리라고 하셨습니다.",
        "textWordEA": 24
      }
    },
    {
      "srcTextID": "139319",
      "srcText": "인어공주들은 차례로 열다섯 살이 되는 해에 바다 위로 올라가 인간 세상을 구경했어. 막내도 열다섯 살이 되자 언니들의 축하를 받으며 물 위로 올라갔지. 그리고 그곳에서 크고 화려한 배를 보았어. 배 안에서는 많은 사람이 왕자의 생일을 축하하고 있었는데, 막내는 멋진 왕자의 모습을 보고 반해버리고 말았어.",
      "srcPage": 3,
      "srcSentenceEA": 4,
      "srcWordEA": 46,
      "character": "인어공주,막내,언니,배,사람,왕자",
      "setting": "바다 위",
      "action": "올라가,구경했어,올라갔지,보았어,축하하고,보고",
      "feeling": "반해버리고",
      "causalRelationship": null,
      "outcomeResolution": null,
      "prediction": null,
      "plotSummaryInfoCount": 1,
      "plotSummaryInfo": {
        "classification": "의사소통",
        "readAge": "초등_저학년",
        "form": "long-form",
        "plotSummaryText": "인어공주들은 차례로 열다섯 살이 되는 해에 바다 위로 올라가 인간 세상을 구경했는데, 막내가 언니들의 축하를 받으며 물 위로 올라가 배 안의 멋진 왕자에게 반해버리고 말았습니다.",
        "textWordEA": 25
      }
    },
    {
      "srcTextID": "139320",
      "srcText": "그런데 갑자기 먹구름이 끼더니 세찬 비바람이 휘이잉 몰아쳤어. 집채만 한 파도가 덮쳐와 배를 산산조각 냈지. 인어공주는 얼른 바다에 빠진 왕자를 구했어. 인어공주는 바닷가에 왕자를 눕히고는 누가 볼까 봐 얼른 바다로 들어갔어. 다행히 바닷가에 산책을 나온 사람들이 왕자를 발견했는데 그중 가장 아름다운 아가씨가 왕자를 흔들어 깨웠어.",
      "srcPage": 4,
      "srcSentenceEA": 5,
      "srcWordEA": 49,
      "character": "배,인어공주,왕자,사람,아가씨",
      "setting": "바다,바닷가",
      "action": "빠진,구했어,눕히고는,들어갔어,나온,발견했는데,흔들어,깨웠어",
      "feeling": null,
      "causalRelationship": null,
      "outcomeResolution": null,
      "prediction": null,
      "plotSummaryInfoCount": 1,
      "plotSummaryInfo": {
        "classification": "의사소통",
        "readAge": "초등_저학년",
        "form": "long-form",
        "plotSummaryText": "거센 바람과 파도가 배를 산산조각내고, 왕자가 바다에 빠지자 인어공주가 왕자를 구해내서 눕히고는 누가 볼까 봐 얼른 바다로 들어갔고 다행히 바닷가에 산책 나온 사람들이 왕자를 발견해 그중 아름다운 아가씨가 깨웠습니다.",
        "textWordEA": 29
      }
    },
    {
      "srcTextID": "139321",
      "srcText": "“당신이 나를 구했소?” “그래요. 여기에 왕자님께서 누워 계셨어요.” 왕자는 자신을 구한 사람이 인어공주라는 것은 생각지도 못했지. 인어공주는 멀리에서 이 광경을 보며 주르륵 눈물을 흘렸어. 그 뒤로 인어공주는 매일 바다 위로 올라와 왕자를 그리워했단다.",
      "srcPage": 5,
      "srcSentenceEA": 5,
      "srcWordEA": 37,
      "character": "왕자님,사람,인어공주",
      "setting": "바다 위",
      "action": "구했소,누워,올라와",
      "feeling": "그리워했단다",
      "causalRelationship": null,
      "outcomeResolution": null,
      "prediction": null,
      "plotSummaryInfoCount": 1,
      "plotSummaryInfo": {
        "classification": "의사소통",
        "readAge": "초등_저학년",
        "form": "long-form",
        "plotSummaryText": "왕자는 자신을 구한 사람이 인어공주라는 것은 생각지도 못하고 인어공주는 멀리에서 그 광경을 보며 눈물을 흘리며 매일 바다 위로 올라와 왕자를 그리워했습니다.",
        "textWordEA": 21
      }
    },
    {
      "srcTextID": "139322",
      "srcText": "어느 날, 바닷속 인어들의 잔치가 열리고, 막내는 아름다운 목소리로 노래를 불렀어. “막내의 목소리는 정말 천사의 소리 같아.” “정말 사랑스러운 목소리야.” 언니들이 칭찬했지만, 막내는 기쁘지 않았어. 왕자가 너무 보고 싶었거든.",
      "srcPage": 6,
      "srcSentenceEA": 5,
      "srcWordEA": 31,
      "character": "인어,막내,천사,언니,왕자",
      "setting": "바닷속",
      "action": "노래를 불렀어,칭찬했지만",
      "feeling": "사랑스러운",
      "causalRelationship": "언니들이 칭찬했지만,막내는 기쁘지 않았어. 왕자가 너무 보고 싶었거든.",
      "outcomeResolution": null,
      "prediction": null,
      "plotSummaryInfoCount": 1,
      "plotSummaryInfo": {
        "classification": "의사소통",
        "readAge": "초등_저학년",
        "form": "long-form",
        "plotSummaryText": "바닷속에서 인어들의 잔치가 열려 막내가 아름다운 목소리로 노래를 불러서 언니들이 칭찬했지만, 막내는 왕자가 너무 보고 싶어 기쁘지 않았습니다.",
        "textWordEA": 18
      }
    },
    {
      "srcTextID": "139323",
      "srcText": "‘그래, 사람이 되면 왕자님을 볼 수 있을 거야.’ 인어공주는 바다 마녀를 찾아가기로 했어. 바다 마녀가 사는 곳은 거센 소용돌이 가치는 무서운 곳이었지.",
      "srcPage": 7,
      "srcSentenceEA": 3,
      "srcWordEA": 24,
      "character": "사람,왕자님,인어공주,바다 마녀",
      "setting": null,
      "action": "찾아가기로,사는",
      "feeling": "무서운",
      "causalRelationship": null,
      "outcomeResolution": null,
      "prediction": null,
      "plotSummaryInfoCount": 1,
      "plotSummaryInfo": {
        "classification": "의사소통",
        "readAge": "초등_저학년",
        "form": "short-form",
        "plotSummaryText": "인어공주는 사람이 되어 왕자를 보기 위해 바다 마녀를 찾아가기로 했는데 그곳은 거센 소용돌이가 치는 무서운 곳이었습니다.",
        "textWordEA": 16
      }
    },
    {
      "srcTextID": "139324",
      "srcText": "“네가 왜 왔는지 안단다. 이 약을 마시면 다리가 생길 거야. 대신 나는 네 목소리를 빼앗을 거란다. 그리고 네가 왕자와 결혼하지 못하면 넌 물거품이 되지.” 인어공주는 잠시 망설이다가 목소리와 약을 바꾸었어.",
      "srcPage": 8,
      "srcSentenceEA": 5,
      "srcWordEA": 34,
      "character": "약,왕자,인어공주",
      "setting": null,
      "action": "왔는지,마시면,빼앗을,결혼하지,망설이다가,바꾸었어",
      "feeling": null,
      "causalRelationship": null,
      "outcomeResolution": null,
      "prediction": null,
      "plotSummaryInfoCount": 1,
      "plotSummaryInfo": {
        "classification": "의사소통",
        "readAge": "초등_저학년",
        "form": "long-form",
        "plotSummaryText": "인어공주는 약을 마시면 다리가 생기지만 목소리를 잃어버리고 왕자와 결혼하지 못하면 물거품이 된다는 이야기를 듣고 잠시 망설이다 목소리와 약을 바꾸었습니다.",
        "textWordEA": 19
      }
    },
    {
      "srcTextID": "139325",
      "srcText": "인어공주는 끼룩끼룩 갈매기가 우는 바닷가로 나와 약을 마셨어. 그런데 약을 마시자 너무 아파 기절하고 말았지. 마침 그곳을 지나던 왕자가 인어공주를 발견하고 깨웠어. “아가씨는 누구인가요?” 왕자를 만난 인어공주는 무척 기뻤지만 목소리가 나오지 않아 아무 말도 할 수 없었어.",
      "srcPage": 9,
      "srcSentenceEA": 5,
      "srcWordEA": 40,
      "character": "인어공주,갈매기,약,왕자,아가씨",
      "setting": "바닷가",
      "action": "우는,나와,마셨어,기절하고,지나던,발견하고,깨웠어,만난",
      "feeling": null,
      "causalRelationship": "왕자를 만난 인어공주는 무척 기뻤지만 목소리가 나오지 않아 아무 말도 할 수 없었어.",
      "outcomeResolution": null,
      "prediction": null,
      "plotSummaryInfoCount": 1,
      "plotSummaryInfo": {
        "classification": "의사소통",
        "readAge": "초등_저학년",
        "form": "long-form",
        "plotSummaryText": "인어공주는 바닷가로 나와 약을 마셨지만, 너무 아파 기절했고 마침 그곳을 지나던 왕자가 인어공주를 발견하고 깨워서 왕자를 만난 인어공주는 무척 기뻤지만 목소리가 나오지 않아 아무 말도 할 수 없었습니다.",
        "textWordEA": 28
      }
    },
    {
      "srcTextID": "139329",
      "srcText": "인어공주는 바닷가에서 언니들을 만났어. “이 칼로 왕자님을 찌르렴. 그 피를 다리에 묻히면 다시 꼬리를 얻을 수 있단다.”",
      "srcPage": 13,
      "srcSentenceEA": 3,
      "srcWordEA": 18,
      "character": "인어공주,언니,칼,왕자님,피,꼬리",
      "setting": "바닷가",
      "action": "만났어,찌르렴,묻히면",
      "feeling": null,
      "causalRelationship": null,
      "outcomeResolution": null,
      "prediction": null,
      "plotSummaryInfoCount": 1,
      "plotSummaryInfo": {
        "classification": "의사소통",
        "readAge": "초등_저학년",
        "form": "short-form",
        "plotSummaryText": "바닷가에서 인어공주는 언니들로부터 칼로 왕자를 찔러 그 피를 다리에 묻히면 꼬리를 얻을 수 있다고 들었습니다.",
        "textWordEA": 15
      }
    },
    {
      "srcTextID": "139332",
      "srcText": "그러고는 태양이 떠오르자 바다로 풍덩 뛰어들었어. 몸에 바닷물이 닿자 인어공주는 물거품이 되었지. 인어공주가 공기의 요정들에게 물었어. “나는 이제 어떻게 되는 건가요?”",
      "srcPage": 15,
      "srcSentenceEA": 4,
      "srcWordEA": 23,
      "character": "바닷물,인어공주,물거품,공기의 요정",
      "setting": "바다",
      "action": "뛰어들었어,물었어",
      "feeling": null,
      "causalRelationship": null,
      "outcomeResolution": null,
      "prediction": null,
      "plotSummaryInfoCount": 1,
      "plotSummaryInfo": {
        "classification": "의사소통",
        "readAge": "초등_저학년",
        "form": "long-form",
        "plotSummaryText": "인어공주는 태양이 떠오르자, 바다로 뛰어들었고 몸에 바닷물이 닿자 물거품이 되어서 공기의 요정들에게 자신은 어떻게 되냐고 물었습니다.",
        "textWordEA": 16
      }
    },
    {
      "srcTextID": "139327",
      "srcText": "“아가씨를 얼마나 찾아 헤맸는지 몰라요. 저와 결혼해 주세요.” 왕자의 결혼 소식이 알려지자 인어공주는 마음이 무척 아팠어. 자신의 간절한 마음을 전할 수 없었기 때문이지.",
      "srcPage": 12,
      "srcSentenceEA": 4,
      "srcWordEA": 26,
      "character": "아가씨,왕자,인어공주",
      "setting": null,
      "action": "찾아 헤맸는지",
      "feeling": null,
      "causalRelationship": "왕자의 결혼 소식이 알려지자 인어공주는 마음이 무척 아팠어. 자신의 간절한 마음을 전할 수 없었기 때문이지.",
      "outcomeResolution": null,
      "prediction": null,
      "plotSummaryInfoCount": 1,
      "plotSummaryInfo": {
        "classification": "의사소통",
        "readAge": "초등_저학년",
        "form": "long-form",
        "plotSummaryText": "왕자의 결혼 소식이 알려지면서 인어공주는 자신의 간절한 마음을 전할 수 없어서 마음이 무척 아팠습니다.",
        "textWordEA": 14
      }
    },
    {
      "srcTextID": "139330",
      "srcText": "인어공주는 칼을 들고, 자고 있는 왕자를 바라보았어. 하지만 도저히 사랑하는 왕자를 칼로 찌를 수는 없었어. ‘왕자님을 찌르지 못하면 나는 물거품이 되고 말 거야.’ 인어공주는 하염없이 눈물만 흘리다가 바닷가로 뛰어갔어.",
      "srcPage": 14,
      "srcSentenceEA": 4,
      "srcWordEA": 32,
      "character": "인어공주,칼,왕자,나,물거품",
      "setting": "바닷가",
      "action": "들고,자고 있는,바라보았어,뛰어갔어",
      "feeling": null,
      "causalRelationship": null,
      "outcomeResolution": null,
      "prediction": null,
      "plotSummaryInfoCount": 1,
      "plotSummaryInfo": {
        "classification": "의사소통",
        "readAge": "초등_저학년",
        "form": "long-form",
        "plotSummaryText": "인어공주는 칼을 들고 자는 왕자를 바라보다 도저히 칼로 왕자를 찌를 수 없어서 그녀는 하염없이 눈물만 흘리다가 바닷가로 뛰어갔습니다.",
        "textWordEA": 18
      }
    },
    {
      "srcTextID": "139328",
      "srcText": "며칠 뒤, 이웃나라에서 무도회가 열렸어. 그런데 왕자는 무도회에서 자신을 깨웠던 아가씨를 다시 만나게 되었어. 그 아가씨는 이웃나라의 공주였지.",
      "srcPage": 11,
      "srcSentenceEA": 3,
      "srcWordEA": 20,
      "character": "왕자,아가씨,공주",
      "setting": "이웃나라,무도회",
      "action": "깨웠던,만나게 되었어",
      "feeling": null,
      "causalRelationship": null,
      "outcomeResolution": null,
      "prediction": null,
      "plotSummaryInfoCount": 1,
      "plotSummaryInfo": {
        "classification": "의사소통",
        "readAge": "초등_저학년",
        "form": "short-form",
        "plotSummaryText": "이웃나라에서 무도회가 열려서 왕자는 그곳에서 자신을 깨웠던 아가씨를 만나게 되었는데 알고보니 이웃나라의 공주였습니다.",
        "textWordEA": 13
      }
    },
    {
      "srcTextID": "139326",
      "srcText": "왕자는 인어공주를 성으로 데리고 와 보살폈어. 그리고 함께 식사를 하고 사뿐사뿐 춤도 추었지. 인어공주는 발을 내디딜 때마다 칼날에 베이는 듯 아팠지만, 왕자를 위해 아픔을 견디며 춤을 추었어. ‘내가 왕자님과 결혼하면 얼마나 좋을까.’ 인어공주는 왕자의 웃는 얼굴을 볼 때마다 생각했어.",
      "srcPage": 10,
      "srcSentenceEA": 5,
      "srcWordEA": 43,
      "character": "왕자,인어공주",
      "setting": "성",
      "action": "데리고,보살폈어,춤도 추었지,웃는",
      "feeling": null,
      "causalRelationship": null,
      "outcomeResolution": null,
      "prediction": null,
      "plotSummaryInfoCount": 1,
      "plotSummaryInfo": {
        "classification": "의사소통",
        "readAge": "초등_저학년",
        "form": "long-form",
        "plotSummaryText": "왕자는 인어공주를 성으로 데리고 와 보살폈고, 함께 식사하며 춤도 추었는데 인어공주는 발을 내디딜 때마다 칼날에 베이는 듯 아팠지만, 왕자를 위해 아픔을 견디며 춤을 추면서 왕자와 결혼하면 얼마나 좋을까 하고 생각했습니다.",
        "textWordEA": 30
      }
    },
    {
      "srcTextID": "139331",
      "srcText": "“사람들의 땀을 식혀주는 시원한 바람이 될 거예요. 삼백 년이 지나면 공주님은 인간으로 태어날 거랍니다.” 그렇게 인어공주는 뱃전에 나온 왕자에게 입맞춤을 한 뒤 원한 이별을 했단다.",
      "srcPage": 16,
      "srcSentenceEA": 3,
      "srcWordEA": 27,
      "character": "사람,공주님,인간,왕자",
      "setting": "뱃전",
      "action": "태어날,나온",
      "feeling": null,
      "causalRelationship": null,
      "outcomeResolution": "그렇게 인어공주는 뱃전에 나온 왕자에게 입맞춤을 한 뒤 원한 이별을 했단다.",
      "prediction": null,
      "plotSummaryInfoCount": 1,
      "plotSummaryInfo": {
        "classification": "의사소통",
        "readAge": "초등_저학년",
        "form": "short-form",
        "plotSummaryText": "삼백 년이 지나면 인간으로 태어날 거라는 이야기를 듣고 인어공주는 뱃전에 나온 왕자에게 입맞춤한 뒤 이별했습니다.",
        "textWordEA": 15
      }
    }
  ]
}