{
  "title": "어부와 욕심 많은 아내",
  "author": "그림형제",
  "illustrator": "아메칸",
  "isbn": "9791128210679",
  "publishedYear": 2018,
  "publisher": "아람북스",
  "paragraphInfoCount": 24,
  "paragraphInfo": [
    {
      "srcTextID": "18554",
      "srcText": "바닷물이 아주 파란 어느 날, 어부가 커다란 넙치를 낚아 올렸어. 요놈을 구워 먹을까, 삶아 먹을까 살펴보는데. 어럽쇼, 넙치가 말하는 거야.",
      "srcPage": 1,
      "srcSentenceEA": 3,
      "srcWordEA": 22,
      "character": "어부,넙치",
      "setting": "어느 날",
      "action": "낚아 올렸어,먹을까,살펴보는데,말을 하는 거야",
      "feeling": null,
      "causalRelationship": null,
      "outcomeResolution": null,
      "prediction": null,
      "plotSummaryInfoCount": 1,
      "plotSummaryInfo": {
        "classification": "의사소통",
        "readAge": "초등_저학년",
        "form": "short-form",
        "plotSummaryText": "어느 날, 어부가 커다란 넙치를 낚아 올려 구워 먹을까, 삶아 먹을까 살펴보는데  넙치가 말을 했다.",
        "textWordEA": 16
      }
    },
    {
      "srcTextID": "18558",
      "srcText": "바닷물은 파르스름해져 있었어. 어부는 넙치를 불렀어. “울랄라 울리 불리, 바다의 왕자 나와라!”",
      "srcPage": 5,
      "srcSentenceEA": 3,
      "srcWordEA": 13,
      "character": "어부,넙치,바다의 왕자",
      "setting": null,
      "action": "불렀어,나와라",
      "feeling": null,
      "causalRelationship": null,
      "outcomeResolution": null,
      "prediction": "어부는 넙치를 불렀어.",
      "plotSummaryInfoCount": 1,
      "plotSummaryInfo": {
        "classification": "의사소통",
        "readAge": "초등_저학년",
        "form": "short-form",
        "plotSummaryText": "어부는 울랄라 울리 불리, 바다의 왕자 나오라고 주문을 말하자 넙치는 금세 고개를 쑥 내밀었다.",
        "textWordEA": 14
      }
    },
    {
      "srcTextID": "18553",
      "srcText": " “저는 마법에 걸린 왕자예요. 제발 살려 주세요.” 어부는 말하는 넙치가 신기해 얼른 놓아주었어. 넙치는 바다 밑바닥으로 쑥쑥 내려가며 말했어. “‘울랄라 울리 불리, 바다의 왕자 나와라!’라고 주문을 외우면 나를 만날 수 있어요.”",
      "srcPage": 2,
      "srcSentenceEA": 6,
      "srcWordEA": 35,
      "character": "왕자,어부,넙치,바다의 왕자",
      "setting": "바다 밑바닥",
      "action": "마법에 걸린,살려 주세요,말하는,놓아주었어,내려가며 말했어,나와라,주문을 외우면,만날 수 있어요",
      "feeling": "신기해",
      "causalRelationship": null,
      "outcomeResolution": null,
      "prediction": null,
      "plotSummaryInfoCount": 1,
      "plotSummaryInfo": {
        "classification": "의사소통",
        "readAge": "초등_저학년",
        "form": "long-form",
        "plotSummaryText": "어부는 마법에 걸린 왕자라고 살려달라 말하는 넙치가 신기해 얼른 놓아주었고 넙치는 바다 밑바닥으로 내려가며  주문을 외우면 나를 만날 수 있다고 했다.",
        "textWordEA": 22
      }
    },
    {
      "srcTextID": "18555",
      "srcText": "빈손으로 집에 돌아온 어부는 아내에게 말하는 넙치에 대해 신나게 이야기했어. 그런데 말이 끝나자마자 아내가 불같이 화를 내는 거야. “아니, 그걸 그냥 놔줬단 말이에요? 소원도 말하지 않고요?”",
      "srcPage": 3,
      "srcSentenceEA": 4,
      "srcWordEA": 28,
      "character": "어부,아내,넙치",
      "setting": "집",
      "action": "돌아온,말하는,이야기했어,말이 끝나자마자,말하지 않고요",
      "feeling": "신나게,화를 내는 거야",
      "causalRelationship": null,
      "outcomeResolution": null,
      "prediction": null,
      "plotSummaryInfoCount": 1,
      "plotSummaryInfo": {
        "classification": "의사소통",
        "readAge": "초등_저학년",
        "form": "long-form",
        "plotSummaryText": "빈손으로 집에 돌아온 어부는 아내에게 넙치에 대해 신나게 이야기했는데 아내가 소원도 말하지 않았다고 화를 냈다.",
        "textWordEA": 15
      }
    },
    {
      "srcTextID": "18556",
      "srcText": "아내는 어부의 등을 떠밀었어. “어서 가서 예쁜 집이나 한 채 달라고 해요.” 어부는 마지못해 바다로 다시 나갔어.",
      "srcPage": 4,
      "srcSentenceEA": 3,
      "srcWordEA": 18,
      "character": "아내,어부",
      "setting": "바다",
      "action": "떠밀었어,가서,달라고 해요,나갔어",
      "feeling": null,
      "causalRelationship": null,
      "outcomeResolution": null,
      "prediction": null,
      "plotSummaryInfoCount": 1,
      "plotSummaryInfo": {
        "classification": "의사소통",
        "readAge": "초등_저학년",
        "form": "short-form",
        "plotSummaryText": "아내는 예쁜 집이나 한 채 달라고 하라며 어부의 등을 떠밀어 어부는 바다로 다시 나갔다.",
        "textWordEA": 14
      }
    },
    {
      "srcTextID": "18567",
      "srcText": "며칠이 지나자, 아내가 어부의 옆구리를 쿡쿡 찔렀어. “빨리 일어나요. 어서 가서 이젠 왕이 되고 싶다고 말해요.” 어부는 벌벌 떨었지.",
      "srcPage": 14,
      "srcSentenceEA": 4,
      "srcWordEA": 21,
      "character": "아내,어부,왕",
      "setting": "며칠이 지나자",
      "action": "찔렀어,일어나요,어서 가서,되고 싶다고 말해요",
      "feeling": null,
      "causalRelationship": null,
      "outcomeResolution": null,
      "prediction": null,
      "plotSummaryInfoCount": 1,
      "plotSummaryInfo": {
        "classification": "의사소통",
        "readAge": "초등_저학년",
        "form": "long-form",
        "plotSummaryText": "며칠이 지나자. 아내가 어부의 옆구리를 쿡쿡 찌르고 이젠 왕이 되고 싶다고 말하라고 해서 어부는 벌벌 떨었다.",
        "textWordEA": 16
      }
    },
    {
      "srcTextID": "18561",
      "srcText": "하지만 아내는 달랐어. “글쎄요, 며칠 살아 봐야 알죠.” 이 주일이 지나자, 아내가 말했어. 집이 너무 좁아서 숨이 막힐 것 같아요.",
      "srcPage": 8,
      "srcSentenceEA": 4,
      "srcWordEA": 22,
      "character": "아내",
      "setting": "이 주일이 지나자,집",
      "action": "살아 봐야,말했어",
      "feeling": null,
      "causalRelationship": null,
      "outcomeResolution": null,
      "prediction": null,
      "plotSummaryInfoCount": 1,
      "plotSummaryInfo": {
        "classification": "의사소통",
        "readAge": "초등_저학년",
        "form": "long-form",
        "plotSummaryText": "하지만 아내는 살아 봐야 안다면서 이 주일이 지나자, 집이 너무 좁아서 숨이 막힐 것 같더라고 했다.",
        "textWordEA": 16
      }
    },
    {
      "srcTextID": "18559",
      "srcText": "당장 가서 으리으리한 성을 달라고 해요. 아내는 어부를 내쫓고 얼른 문을 잠가 버렸어. 어부는 투덜투덜하며 바다로 나갔지.",
      "srcPage": 9,
      "srcSentenceEA": 3,
      "srcWordEA": 19,
      "character": "성,아내,어부",
      "setting": "바다",
      "action": "달라고 해요,가서,내쫓고,잠가 버렸어,나갔지",
      "feeling": null,
      "causalRelationship": null,
      "outcomeResolution": null,
      "prediction": null,
      "plotSummaryInfoCount": 1,
      "plotSummaryInfo": {
        "classification": "의사소통",
        "readAge": "초등_저학년",
        "form": "short-form",
        "plotSummaryText": "아내는 으리으리한 성을 원했고, 아내는 어부를 내쫓고 문을 잠가 버렸다.",
        "textWordEA": 10
      }
    },
    {
      "srcTextID": "18565",
      "srcText": "어부가 돌아와 보니 예쁜 집 대신 으리으리한 성이 있는 거야. 하인들이 커다란 문을 열어 주고, 끝도 보이지 않는 정원에서는 사슴, 노루들이 뛰어놀았지. 어부는 점잖게 말했어.",
      "srcPage": 12,
      "srcSentenceEA": 3,
      "srcWordEA": 27,
      "character": "어부,하인들,사슴,노루",
      "setting": "으리으리한 성",
      "action": "돌아와 보니,열어 주고,보이지 않는,뛰어놀았지,말했어",
      "feeling": null,
      "causalRelationship": null,
      "outcomeResolution": null,
      "prediction": null,
      "plotSummaryInfoCount": 1,
      "plotSummaryInfo": {
        "classification": "의사소통",
        "readAge": "초등_저학년",
        "form": "short-form",
        "plotSummaryText": "어부가 돌아와 보니 예쁜 집 대신 으리으리한 성이 있어서 어부는 점잖게 말했다.",
        "textWordEA": 12
      }
    },
    {
      "srcTextID": "18568",
      "srcText": "바닷물은 어느새 온통 거무죽죽하게 변해 있었어. 어부는 넙치를 불렀어. “울랄라 울리 불리, 바다의 왕자 나와라!”",
      "srcPage": 16,
      "srcSentenceEA": 3,
      "srcWordEA": 16,
      "character": "어부,넙치,바다의 왕자",
      "setting": null,
      "action": "변해 있었어,불렀어,나와라",
      "feeling": null,
      "causalRelationship": null,
      "outcomeResolution": null,
      "prediction": "어부는 넙치를 불렀어.",
      "plotSummaryInfoCount": 1,
      "plotSummaryInfo": {
        "classification": "의사소통",
        "readAge": "초등_저학년",
        "form": "short-form",
        "plotSummaryText": "바닷물은 어느새 온통 거무죽죽하게 변해 있었고 어부는 넙치를 불렀다.",
        "textWordEA": 9
      }
    },
    {
      "srcTextID": "18572",
      "srcText": "그날 밤, 아내는 이리 뒤척, 저리 뒤척. ‘왕보다 더 힘이 센 것은 없을까?’ 아내는 해가 뜨자마자 어부의 옆구리를 쿡쿡 찔렀어. “빨리 일어나세요! 당장 가서 하느님이 되고 싶다고 말해요.”",
      "srcPage": 20,
      "srcSentenceEA": 5,
      "srcWordEA": 31,
      "character": "아내,왕,어부,하느님",
      "setting": "그날 밤,해가 뜨자마자",
      "action": "찔렀어,일어나세요,말해요",
      "feeling": null,
      "causalRelationship": null,
      "outcomeResolution": null,
      "prediction": null,
      "plotSummaryInfoCount": 1,
      "plotSummaryInfo": {
        "classification": "의사소통",
        "readAge": "초등_저학년",
        "form": "long-form",
        "plotSummaryText": "그날 밤, 아내는 해가 뜨자마자 어부의 옆구리를 쿡쿡 찔러 당장 가서 하느님이 되고 싶다 말하라고 했다.",
        "textWordEA": 16
      }
    },
    {
      "srcTextID": "18574",
      "srcText": "아주 한참 만에야 무서운 얼굴을 한 넙치가 고개를 내밀었어. 어부가 덜덜덜 떨며 소리쳤어. “아내가 왕도 싫다는구나. 하, 하느님이 되고 싶대.” 하지만 넙치는 대답도 하지 않고 바닷속으로 사라져 버렸어.",
      "srcPage": 23,
      "srcSentenceEA": 5,
      "srcWordEA": 31,
      "character": "넙치,어부,아내,왕,하느님",
      "setting": "바닷속",
      "action": "내밀었어,소리쳤어,되고 싶대,대답도 하지 않고,사라져 버렸어",
      "feeling": "떨며,싫다는구나",
      "causalRelationship": null,
      "outcomeResolution": null,
      "prediction": null,
      "plotSummaryInfoCount": 1,
      "plotSummaryInfo": {
        "classification": "의사소통",
        "readAge": "초등_저학년",
        "form": "long-form",
        "plotSummaryText": "무서운 얼굴을 한 넙치가 고개를 내밀었고 어부가 아내가 왕도 싫고 하느님이 되고 싶다고 하자 넙치는 바닷속으로 사라져 버렸다.\t",
        "textWordEA": 18
      }
    },
    {
      "srcTextID": "18569",
      "srcText": "한참 만에야 넙치가 멀찍이 고개를 내밀었어. 어부는 넙치가 듣지 못할까 봐 큰 소리로 말했어. “아내가 으리으리한 성도 싫다는구나. 글쎄, 왕이 되고 싶대.” 넙치가 대답했어. “알았으니, 돌아가 보세요. 하지만 이번이 마지막이에요.”",
      "srcPage": 17,
      "srcSentenceEA": 7,
      "srcWordEA": 34,
      "character": "넙치,어부,아내,왕",
      "setting": null,
      "action": "내밀었어,말했어,되고 싶대,대답했어,돌아가 보세요",
      "feeling": "싫다는구나",
      "causalRelationship": null,
      "outcomeResolution": null,
      "prediction": null,
      "plotSummaryInfoCount": 1,
      "plotSummaryInfo": {
        "classification": "의사소통",
        "readAge": "초등_저학년",
        "form": "long-form",
        "plotSummaryText": "한참 만에야 넙치가 멀찍이 고개를 내밀었고 어부는 아내가 왕이 되고 싶다고 말하자 넙치가 이번이 마지막이라고 대답했다.",
        "textWordEA": 16
      }
    },
    {
      "srcTextID": "18570",
      "srcText": "어부가 돌아와 보니 성 대신 궁전이 서 있었어. 문지기가 ‘빰빠라 밤’ 나팔을 불자 황금과 다이아몬드로 화려하게 꾸민 아내가 나타났어. 여러 명의 시녀를 거느린 채 말이야.",
      "srcPage": 18,
      "srcSentenceEA": 4,
      "srcWordEA": 28,
      "character": "엄마,나,손",
      "setting": "공원",
      "action": "쓰고,갔어요,내밀어,받기도",
      "feeling": null,
      "causalRelationship": null,
      "outcomeResolution": null,
      "prediction": null,
      "plotSummaryInfoCount": 1,
      "plotSummaryInfo": {
        "classification": "의사소통",
        "readAge": "초등_저학년",
        "form": "long-form",
        "plotSummaryText": "돌아와 보니 성 대신 궁전이 있었고 문지기가 나팔을 불자 황금과 다이아몬드로 화려하게 꾸민 아내가 여러 명의 시녀를 거느린 채 나타났다.",
        "textWordEA": 20
      }
    },
    {
      "srcTextID": "18575",
      "srcText": "우르르 쾅쾅! 철썩철썩! 검게 변한 바닷물에서는 거품이 부글부글하고 썩은 냄새까지 났어. 어부는 넙치를 불렀어. “울랄라 울리 불리, 바다의 왕자 나와라!”",
      "srcPage": 22,
      "srcSentenceEA": 5,
      "srcWordEA": 23,
      "character": "어부,넙치,바다의 왕자",
      "setting": null,
      "action": "났어,불렀어,나와라",
      "feeling": null,
      "causalRelationship": null,
      "outcomeResolution": null,
      "prediction": "어부는 넙치를 불렀어.",
      "plotSummaryInfoCount": 1,
      "plotSummaryInfo": {
        "classification": "의사소통",
        "readAge": "초등_저학년",
        "form": "long-form",
        "plotSummaryText": "검게 변한 바닷물에서는 거품이 부글부글하고 썩은 냄새까지 났고 어부는 넙치를 불렀다.",
        "textWordEA": 11
      }
    },
    {
      "srcTextID": "18576",
      "srcText": "어부가 돌아와 보니 궁전은 온데간데없고 낡은 오두막만이 덩그러니 남아 있었어. 욕심 많은 아내는 옛날 모습 그대로 오두막 앞에 앉아 있었지. 어부와 아내는 평생 그 낡은 오두막에서 살아야만 했어.",
      "srcPage": 24,
      "srcSentenceEA": 3,
      "srcWordEA": 30,
      "character": "어부,아내",
      "setting": "궁전,낡은 오두막",
      "action": "돌아와 보니,앉아 있었지,살아야만 했어",
      "feeling": null,
      "causalRelationship": null,
      "outcomeResolution": null,
      "prediction": null,
      "plotSummaryInfoCount": 1,
      "plotSummaryInfo": {
        "classification": "의사소통",
        "readAge": "초등_저학년",
        "form": "short-form",
        "plotSummaryText": "어부가 돌아와 보니 낡은 오두막만이 남아 있었고 어부와 아내는 평생 그 낡은 오두막에서 살아야만 했다.",
        "textWordEA": 15
      }
    },
    {
      "srcTextID": "18557",
      "srcText": "넙치가 금세 고개를 쑥 내밀었어. 어부는 들릴락 말락 한 작은 목소리로 말했어. “아내가 낡은 오두막이 싫다는구나. 예쁜 집이 갖고 싶대.” “알았으니, 돌아가 보세요.”",
      "srcPage": 6,
      "srcSentenceEA": 5,
      "srcWordEA": 25,
      "character": "넙치,어부,아내",
      "setting": null,
      "action": "고개를 쑥 내밀었어,갖고 싶대,돌아가 보세요,말했어",
      "feeling": "싫다는구나",
      "causalRelationship": null,
      "outcomeResolution": null,
      "prediction": null,
      "plotSummaryInfoCount": 1,
      "plotSummaryInfo": {
        "classification": "의사소통",
        "readAge": "초등_저학년",
        "form": "long-form",
        "plotSummaryText": "어부는 아내가 낡은 오두막이 싫고 예쁜 집이 갖고 싶다고 말하니 넙치는 알았으니, 돌아가라고  했다.",
        "textWordEA": 15
      }
    },
    {
      "srcTextID": "18560",
      "srcText": "어부가 돌아와 보니 낡은 오두막 대신 예쁜 집이 있는 거야. 식탁에는 먹음직스러운 음식이 차려져 있고 집 안은 향기롭고 따뜻했어. 어부는 들뜬* 목소리로 말했어.  “정말 맘에 드는걸. 당신은 어때?”",
      "srcPage": 7,
      "srcSentenceEA": 5,
      "srcWordEA": 31,
      "character": "어부,당신",
      "setting": "낡은 오두막,예쁜 집",
      "action": "돌아와 보니,차려져 있고,말했어",
      "feeling": null,
      "causalRelationship": null,
      "outcomeResolution": null,
      "prediction": null,
      "plotSummaryInfoCount": 1,
      "plotSummaryInfo": {
        "classification": "의사소통",
        "readAge": "초등_저학년",
        "form": "long-form",
        "plotSummaryText": "어부가 돌아와 보니 낡은 오두막 대신 예쁜 집이 있었고 어부는 아내에게 맘에 드냐고 말했다.",
        "textWordEA": 14
      }
    },
    {
      "srcTextID": "18562",
      "srcText": "바닷물은 누렇게 변해 있었어. 어부는 넙치를 불렀어. “울랄라 울리 불리, 바다의 왕자 나와라!”",
      "srcPage": 10,
      "srcSentenceEA": 3,
      "srcWordEA": 14,
      "character": "어부,넙치,바다의 왕자",
      "setting": null,
      "action": "변해 있었어,불렀어,나와라",
      "feeling": null,
      "causalRelationship": null,
      "outcomeResolution": null,
      "prediction": "어부는 넙치를 불렀어.",
      "plotSummaryInfoCount": 1,
      "plotSummaryInfo": {
        "classification": "의사소통",
        "readAge": "초등_저학년",
        "form": "short-form",
        "plotSummaryText": "바닷물은 누렇게 변해 있었고 어부는 넙치를 불렀다.",
        "textWordEA": 7
      }
    },
    {
      "srcTextID": "18564",
      "srcText": "“이렇게 멋진 성은 정말 처음이야.” 하지만 아내는 달랐어. “글쎄요, 일단 잠이나 자 봐야 알죠.”",
      "srcPage": 13,
      "srcSentenceEA": 3,
      "srcWordEA": 15,
      "character": "아내",
      "setting": "성",
      "action": "잠이나 자",
      "feeling": null,
      "causalRelationship": null,
      "outcomeResolution": null,
      "prediction": null,
      "plotSummaryInfoCount": 1,
      "plotSummaryInfo": {
        "classification": "의사소통",
        "readAge": "초등_저학년",
        "form": "short-form",
        "plotSummaryText": "하지만 아내는 일단 잠이나 자 봐야 알죠라고 했다.",
        "textWordEA": 8
      }
    },
    {
      "srcTextID": "18563",
      "srcText": "조금 있으니. 넙치가 고개를 쑥 내밀었어. 어부는 넙치에게 들리도록 손을 입에 대고 말했어. “아내가 예쁜 집도 싫다는구나. 으리으리한 성이 갖고 싶대.” “알았으니, 돌아가 보세요.”",
      "srcPage": 11,
      "srcSentenceEA": 6,
      "srcWordEA": 27,
      "character": "넙치,어부,아내",
      "setting": null,
      "action": "고개를 쑥 내밀었어,갖고 싶대,돌아가 보세요,말했어",
      "feeling": "싫다는구나",
      "causalRelationship": null,
      "outcomeResolution": null,
      "prediction": null,
      "plotSummaryInfoCount": 1,
      "plotSummaryInfo": {
        "classification": "의사소통",
        "readAge": "초등_저학년",
        "form": "long-form",
        "plotSummaryText": "조금 있으니, 넙치가 고개를 쑥 내밀었고, 어부는 넙치에게 으리으리한 성이 갖고 싶다고 말했다.",
        "textWordEA": 13
      }
    },
    {
      "srcTextID": "18566",
      "srcText": "“난 왕이 되고 싶지 않소.” “당신 말고 내가 왕이 되어야겠어요!” 아내는 어부가 대답도 하기 전에 성 밖으로 내쫓아 버렸어.",
      "srcPage": 15,
      "srcSentenceEA": 3,
      "srcWordEA": 20,
      "character": "왕,아내,어부",
      "setting": "성 밖",
      "action": "되고 싶지 않소,되어야겠어요,대답도 하기,내쫓아 버렸어",
      "feeling": null,
      "causalRelationship": null,
      "outcomeResolution": null,
      "prediction": null,
      "plotSummaryInfoCount": 1,
      "plotSummaryInfo": {
        "classification": "의사소통",
        "readAge": "초등_저학년",
        "form": "short-form",
        "plotSummaryText": "당신 말고 내가 왕이 되어야겠다고 아내는 어부를 성 밖으로 내쫓아 버렸다.",
        "textWordEA": 11
      }
    },
    {
      "srcTextID": "18573",
      "srcText": "어부는 깜짝 놀라 벌떡 일어났어. “말도 안 돼! 지난번이 마지막이라고 했단 말이야.” “해와 달을 뜨게 할 수 없다면 못 살 것 같다고요!” 아내가 기다란 봉으로 때리는 바람에 어부는 허둥지둥 도망쳤지.",
      "srcPage": 21,
      "srcSentenceEA": 5,
      "srcWordEA": 32,
      "character": "어부,아내",
      "setting": null,
      "action": "일어났어,했단 말이야,때리는,도망쳤지",
      "feeling": "깜짝 놀라",
      "causalRelationship": null,
      "outcomeResolution": null,
      "prediction": null,
      "plotSummaryInfoCount": 1,
      "plotSummaryInfo": {
        "classification": "의사소통",
        "readAge": "초등_저학년",
        "form": "long-form",
        "plotSummaryText": "어부는 깜짝 놀라 지난번이 마지막이었다고 말하자 해와 달을 뜨게 할 수 없다면 못 살 것 같다고 아내가 때리는 바람에 어부는 도망쳤다.",
        "textWordEA": 21
      }
    },
    {
      "srcTextID": "18571",
      "srcText": "어부가 지친 목소리로 말했어. “정말 왕이 될 줄이야! 이젠 더 이상 욕심내지 맙시다.” 하지만 아내는 달랐어. “무슨 소리예요? 그건 내가 결정해요.”",
      "srcPage": 19,
      "srcSentenceEA": 6,
      "srcWordEA": 24,
      "character": "어부,왕,아내",
      "setting": null,
      "action": "말했어,될 줄이야,결정해요",
      "feeling": null,
      "causalRelationship": null,
      "outcomeResolution": null,
      "prediction": null,
      "plotSummaryInfoCount": 1,
      "plotSummaryInfo": {
        "classification": "의사소통",
        "readAge": "초등_저학년",
        "form": "long-form",
        "plotSummaryText": "어부가 이젠 더 이상 욕심내지 말자고 하니까 아내는 그건 내가 결정한다고 말했다.\n",
        "textWordEA": 12
      }
    }
  ]
}