{
  "title": "서유기",
  "author": "오승은",
  "illustrator": "이영림",
  "isbn": "8959040843",
  "publishedYear": 2004,
  "publisher": "(주)한국퍼킨스교육연구원",
  "paragraphInfoCount": 64,
  "paragraphInfo": [
    {
      "srcTextID": "124389",
      "srcText": "“오공아! 이제 마지막 도술을 가르쳐 주마. 구름을 타고 하늘을 나는 법이다.” 수보리 조사가 주문을 외우자 하늘에서 흰 구름 한 조각이 날아왔습니다.",
      "srcPage": 14,
      "srcSentenceEA": 3,
      "srcWordEA": 24,
      "character": "오공,수보리 조사,구름",
      "setting": null,
      "action": "가르쳐,타고,나는,외우자,날아왔습니다",
      "feeling": null,
      "causalRelationship": null,
      "outcomeResolution": null,
      "prediction": null,
      "plotSummaryInfoCount": 1,
      "plotSummaryInfo": {
        "classification": "의사소통",
        "readAge": "초등_저학년",
        "form": "short-form",
        "plotSummaryText": "수보리 조사가 오공에게 마지막 도술인 구름을 타고 하늘을 나는 법을 가르쳐 주겠다고 말하고 주문을 외우자, 흰 구름 한 조각이 날아왔습니다.",
        "textWordEA": 20
      }
    },
    {
      "srcTextID": "124379",
      "srcText": "그렇게 오백 년이 지난 어느 날이었습니다. 쾅! 산을 뒤흔드는 엄청난 소리가 나며 바위가 갈라졌습니다. 놀랍게도 그 속에서 나온 것은 온몸에 금빛 털이 난 원숭이 한 마리였지요.",
      "srcPage": 3,
      "srcSentenceEA": 4,
      "srcWordEA": 29,
      "character": "산,바위,원숭이",
      "setting": "어느 날",
      "action": "갈라졌습니다,나온,뒤흔드는",
      "feeling": null,
      "causalRelationship": null,
      "outcomeResolution": "놀랍게도 그 속에서 나온 것은 온몸에 금빛 털이 난 원숭이 한 마리였지요.",
      "prediction": null,
      "plotSummaryInfoCount": 1,
      "plotSummaryInfo": {
        "classification": "의사소통",
        "readAge": "초등_저학년",
        "form": "long-form",
        "plotSummaryText": "오백 년이 지난 어느 날, 산을 뒤흔드는 엄청난 소리와 함께 갈라진 바위 속에서 온몸에 금빛 털이 난 원숭이 한 마리가 나왔습니다.",
        "textWordEA": 21
      }
    },
    {
      "srcTextID": "124381",
      "srcText": "바위는 마치 달걀처럼 금빛 원숭이를 품고 있었던 것입니다. 무려 오백 년 동안이나 돌 속에서 지낸 금빛 원숭이는 곧 다른 원숭이들과 어울렸습니다. 어느 날 즐겁게 뛰놀던 원숭이들은 폭포 근처에 이르렀습니다.",
      "srcPage": 4,
      "srcSentenceEA": 3,
      "srcWordEA": 31,
      "character": "바위,달걀,원숭이",
      "setting": "어느 날,폭포",
      "action": "어울렸습니다,뛰놀던,이르렀습니다",
      "feeling": "즐겁게",
      "causalRelationship": null,
      "outcomeResolution": null,
      "prediction": null,
      "plotSummaryInfoCount": 1,
      "plotSummaryInfo": {
        "classification": "의사소통",
        "readAge": "초등_저학년",
        "form": "short-form",
        "plotSummaryText": "바위가 마치 달걀처럼 품은 돌 속에서 오백 년 동안 지낸 금빛 원숭이는 곧 다른 원숭이들과 어울리며 즐겁게 뛰놀다가 어느 날 폭포 근처에 이르렀습니다.",
        "textWordEA": 23
      }
    },
    {
      "srcTextID": "124382",
      "srcText": "“사람이라고 합니다. 산 아래 살고 있죠.” 나이 많은 원숭이가 답했습니다. 호기심 많은 금빛 원숭이는 산 아래에 있는 사람들 세상이 궁금해졌습니다.",
      "srcPage": 9,
      "srcSentenceEA": 4,
      "srcWordEA": 23,
      "character": "사람,산,나이 많은 원숭이,금빛 원숭이",
      "setting": null,
      "action": "살고 있죠,답했습니다,궁금해졌습니다",
      "feeling": null,
      "causalRelationship": null,
      "outcomeResolution": null,
      "prediction": "호기심 많은 금빛 원숭이는 산 아래에 있는 사람들 세상이 궁금해졌습니다.",
      "plotSummaryInfoCount": 1,
      "plotSummaryInfo": {
        "classification": "의사소통",
        "readAge": "초등_저학년",
        "form": "long-form",
        "plotSummaryText": "나이 많은 원숭이가 산 아래 살고 있는 사람이라고 답하자, 호기심 많은 금빛 원숭이는 그들의 세상이 궁금해졌습니다.",
        "textWordEA": 16
      }
    },
    {
      "srcTextID": "124383",
      "srcText": "그래서 사람들 세상으로 여행을 떠나기로 했습니다. “나는 사람이 사는 세상에 내려가 보련다. 아주 오래 걸릴 것이니 그동안 잘 지내고 있어.”",
      "srcPage": 10,
      "srcSentenceEA": 3,
      "srcWordEA": 21,
      "character": "사람들",
      "setting": null,
      "action": "떠나기로 했습니다,사는,내려가 보련다,지내고 있어,오래 걸릴",
      "feeling": null,
      "causalRelationship": null,
      "outcomeResolution": null,
      "prediction": null,
      "plotSummaryInfoCount": 1,
      "plotSummaryInfo": {
        "classification": "의사소통",
        "readAge": "초등_저학년",
        "form": "short-form",
        "plotSummaryText": "사람들이 사는 세상으로 여행을 떠나기로 했고, 아주 오래 걸릴 것이니 그동안 잘 지내고 있으라고 말했습니다.",
        "textWordEA": 15
      }
    },
    {
      "srcTextID": "124387",
      "srcText": "사람이 사는 세상에 내려온 금빛 원숭이는 기나긴 여행을 하면서 사람이 하는 말도 배우고 옷도 입게 되었습니다. 그러다가 어느 산에 ‘수보리 조사’라는 유명한 도사가 있다는 말을 듣고 찾아가기로 했지요. 며칠 동안 산을 헤맨 끝에 수보리 조사를 만난 금빛 원숭이는 사람 세상에서 배운 예의를 갖춰 절을 한 다음 이렇게 말했습니다.",
      "srcPage": 11,
      "srcSentenceEA": 4,
      "srcWordEA": 51,
      "character": "사람,금빛 원숭이,옷,수보리 조사,도사",
      "setting": "어느 산에",
      "action": "사는,내려온,여행을 하면서,하는,배우고,입게 되었습니다,듣고,찾아가기로 했지요,헤맨,만난,배운,절을 한 다음,말했습니다",
      "feeling": null,
      "causalRelationship": null,
      "outcomeResolution": null,
      "prediction": null,
      "plotSummaryInfoCount": 1,
      "plotSummaryInfo": {
        "classification": "의사소통",
        "readAge": "초등_저학년",
        "form": "long-form",
        "plotSummaryText": "사람이 사는 세상에 내려온 금빛 원숭이는 기나긴 여행을 하면서 사람이 하는 말도 배우고 옷도 입게 되었고, 어느 산에 수보리 조사라는 유명한 도사가 있다는 말을 듣고 며칠 동안 산을 헤맨 끝에 그를 만나 예의를 갖춰 절을 한 다음 이렇게 말했습니다.",
        "textWordEA": 39
      }
    },
    {
      "srcTextID": "124386",
      "srcText": "그리고 앞으로 너를 손오공이라고 부르겠노라. 하얀 수염을 기른 인자한 수보리 조사는 그날부터 손오공에게 무술은 물론 어떤 모습으로든지 변할 수 있는 일흔두 가지 변신술을 가르쳤습니다. 똑똑하고 용감한 손오공은 얼마 되지 않아 모든 술법을 다 배웠습니다.",
      "srcPage": 13,
      "srcSentenceEA": 3,
      "srcWordEA": 36,
      "character": "손오공,수보리 조사",
      "setting": "그날부터",
      "action": "부르겠노라,가르쳤습니다,배웠습니다,용감한",
      "feeling": null,
      "causalRelationship": null,
      "outcomeResolution": null,
      "prediction": "똑똑하고 용감한 손오공은 얼마 되지 않아 모든 술법을 다 배웠습니다.",
      "plotSummaryInfoCount": 1,
      "plotSummaryInfo": {
        "classification": "의사소통",
        "readAge": "초등_저학년",
        "form": "short-form",
        "plotSummaryText": "하얀 수염을 기른 인자한 수보리 조사는 앞으로 그를 손오공이라고 부르겠다고 하면서 그날부터 일흔두 가지 변신술을 가르쳤고 용감한 손오공은 얼마 되지 않아 모든 술법을 다 배웠습니다.",
        "textWordEA": 25
      }
    },
    {
      "srcTextID": "124380",
      "srcText": "금빛 원숭이는 용감하게 폭포로 뛰어들었습니다. 엄청난 물줄기 뒤에는 커다란 동굴이 있었습니다. 폭포에서 나온 금빛 원숭이는 다른 원숭 이들을 데리고 동굴로 갔고, 약속한 대로 우두머리가 되어 모두를 다스리게 되었습니다.",
      "srcPage": 7,
      "srcSentenceEA": 3,
      "srcWordEA": 30,
      "character": "금빛 원숭이,우두머리,모두,다른 원숭이들",
      "setting": "커다란 동굴",
      "action": "뛰어들었습니다,나온,데리고,갔고,되어,다스리게 되었습니다",
      "feeling": null,
      "causalRelationship": null,
      "outcomeResolution": null,
      "prediction": null,
      "plotSummaryInfoCount": 1,
      "plotSummaryInfo": {
        "classification": "의사소통",
        "readAge": "초등_저학년",
        "form": "short-form",
        "plotSummaryText": "금빛 원숭이가 뛰어든 폭포의 물줄기 뒤에 있는 커다란 동굴로 다른 원숭이들을 데리고 갔고, 약속한 대로 우두머리가 되어 모두를 다스리게 되었습니다.",
        "textWordEA": 20
      }
    },
    {
      "srcTextID": "124376",
      "srcText": "아주 오랜 옛날, 그러니까 지금으로부터 약 이천오백 년 전 일입니다. 하늘에서 별똥별 하나가 중국에 있는 화과산 꼭대기에 떨어졌습니다. 엄청난 소리를 내며 별똥별이 떨어지자 온갖 동물들이 몰려왔습니다.",
      "srcPage": 1,
      "srcSentenceEA": 3,
      "srcWordEA": 28,
      "character": "별똥별,동물들",
      "setting": "아주 오랜 옛날,약 이천오백 년 전,중국,화과산 꼭대기",
      "action": "떨어졌습니다,소리를 내며,몰려왔습니다,떨어지자",
      "feeling": null,
      "causalRelationship": null,
      "outcomeResolution": null,
      "prediction": null,
      "plotSummaryInfoCount": 1,
      "plotSummaryInfo": {
        "classification": "의사소통",
        "readAge": "초등_저학년",
        "form": "short-form",
        "plotSummaryText": "지금으로부터 약 이천오백 년 전, 하늘에서 별똥별 하나가 엄청난 소리를 내며 중국에 있는 화과산 꼭대기에 떨어지자 온갖 동물들이 몰려왔습니다.",
        "textWordEA": 19
      }
    },
    {
      "srcTextID": "124385",
      "srcText": "“저를 제자로 삼아 주십시오.” 네가 찾아오리라는 것을 이미 알고 있었다. 너를 제자로 삼겠다.",
      "srcPage": 12,
      "srcSentenceEA": 3,
      "srcWordEA": 15,
      "character": "제자",
      "setting": null,
      "action": "삼아 주십시오,찾아오리라는,알고 있었다,삼겠다",
      "feeling": null,
      "causalRelationship": null,
      "outcomeResolution": null,
      "prediction": null,
      "plotSummaryInfoCount": 1,
      "plotSummaryInfo": {
        "classification": "의사소통",
        "readAge": "초등_저학년",
        "form": "short-form",
        "plotSummaryText": "자기를 제자로 삼아 달라고 말하자, 네가 찾아올 것을 이미 알고 있었다면서 제자로 삼겠다고 말했습니다.",
        "textWordEA": 14
      }
    },
    {
      "srcTextID": "124375",
      "srcText": "“저게 뭐지?” “글쎄, 난생 처음 보는 건데.” 처음에는 모든 동물들이 관심을 보이며 모여들었지만, 아무런 일도 일어나지 않자 흥미를 잃고 뿔뿔이 흩어졌습니다. 뜨거운 김을 내뿜던 별똥별은 차가운 바람과 비를 맞아 식으며, 모두에게 잊혀진 채 꼼짝도 않고 수백 년을 그 자리에 있었습니다.",
      "srcPage": 2,
      "srcSentenceEA": 4,
      "srcWordEA": 42,
      "character": "동물들,별똥별,모두",
      "setting": "수백 년",
      "action": "보는,관심을 보이며,모여들었지만,흩어졌습니다,꼼짝도 않고,식으며",
      "feeling": null,
      "causalRelationship": null,
      "outcomeResolution": null,
      "prediction": null,
      "plotSummaryInfoCount": 1,
      "plotSummaryInfo": {
        "classification": "의사소통",
        "readAge": "초등_저학년",
        "form": "long-form",
        "plotSummaryText": "처음에 동물들이 관심을 보이며 모여들었지만, 아무런 일도 일어나지 않자 흥미를 잃고 뿔뿔이 흩어졌고, 뜨거운 김을 내뿜던 별똥별은 식으며 모두에게 잊혀진 채 수백 년을 그 자리에 있었습니다.",
        "textWordEA": 26
      }
    },
    {
      "srcTextID": "124391",
      "srcText": "수보리조사는 가볍게 구름 위로 뛰어오르더니 새보다도 빠르게 하늘을 날아다녔습니다. “야! 정말 멋지구나.” 감탄한 손오공은 그날부터 구름 타는 법을 연습했고, 며칠이 지나자 아주 능숙하게 날아다 닐 수 있었습니다. 모든 술법을 익힌 손오공은 수보리 조사에게 작별 인사를 했습니다.",
      "srcPage": 15,
      "srcSentenceEA": 4,
      "srcWordEA": 39,
      "character": "수보리조사,구름,새,손오공",
      "setting": "그날부터",
      "action": "뛰어오르더니,날아다녔습니다,타는,연습했고,익힌,작별 인사를 했습니다",
      "feeling": null,
      "causalRelationship": null,
      "outcomeResolution": null,
      "prediction": null,
      "plotSummaryInfoCount": 1,
      "plotSummaryInfo": {
        "classification": "의사소통",
        "readAge": "초등_저학년",
        "form": "long-form",
        "plotSummaryText": "수보리조사는 가볍게 구름 위로 뛰어오르더니 빠르게 하늘을 날아다녔고, 감탄한 손오공은 그날부터 구름 타는 법을 연습해서 능숙하게 날아다니며 모든 술법을 익힌 후 스승에게 작별 인사를 했습니다.",
        "textWordEA": 25
      }
    },
    {
      "srcTextID": "124378",
      "srcText": "“야! 굉장한 폭포로구나. 과연 저 뒤에는 무엇이 있을까?” “물줄기가 너무 세차서 가까이 갈 수 없겠는걸.” 다른 원숭이들의 이야기를 듣던 금빛 원숭이가 말했습니다.",
      "srcPage": 5,
      "srcSentenceEA": 4,
      "srcWordEA": 25,
      "character": "폭포,다른 원숭이들,금빛 원숭이",
      "setting": null,
      "action": "듣던,말했습니다",
      "feeling": "궁금했지만",
      "causalRelationship": null,
      "outcomeResolution": null,
      "prediction": null,
      "plotSummaryInfoCount": 1,
      "plotSummaryInfo": {
        "classification": "의사소통",
        "readAge": "초등_저학년",
        "form": "long-form",
        "plotSummaryText": "폭포 뒤에 무엇이 있을지 궁금했지만, 물줄기가 세차서 가까이 갈 수 없겠다는 원숭이들이 이야기를 듣던 금빛 원숭이가 말했습니다.",
        "textWordEA": 17
      }
    },
    {
      "srcTextID": "124377",
      "srcText": "“나는 폭포 뒤에 다녀올 수 있어.” “네가 갈 수 있다고? 웃기는 소리 하지 마.” “만약 내가 다녀오면 어떻게 할래?” “너를 우리의 우두머리로 삼지.”",
      "srcPage": 6,
      "srcSentenceEA": 5,
      "srcWordEA": 24,
      "character": "폭포,우리,우두머리",
      "setting": null,
      "action": "다녀올 수 있어,다녀오면,할래,삼지",
      "feeling": null,
      "causalRelationship": null,
      "outcomeResolution": null,
      "prediction": null,
      "plotSummaryInfoCount": 1,
      "plotSummaryInfo": {
        "classification": "의사소통",
        "readAge": "초등_저학년",
        "form": "long-form",
        "plotSummaryText": "자신이 폭포 뒤에 다녀올 수 있다고 말하자 믿지 않았고, 만약 다녀오면 그를 우두머리로 삼겠다고 말했습니다.",
        "textWordEA": 15
      }
    },
    {
      "srcTextID": "124384",
      "srcText": "금빛 원숭이는 다른 원숭이들이 따오는 온갖 과일을 먹으며 즐거운 나날을 보냈습니다. 그러던 어느 날 금빛 원숭이는 우연히 산에 온 사람들을 보았습니다. “처음 보는 동물이로군.”",
      "srcPage": 8,
      "srcSentenceEA": 3,
      "srcWordEA": 25,
      "character": "금빛 원숭이,다른 원숭이들,과일,산,사람들,동물",
      "setting": "어느 날",
      "action": "따오는,먹으며,보냈습니다,온,보았습니다,보는",
      "feeling": "즐거운",
      "causalRelationship": null,
      "outcomeResolution": null,
      "prediction": null,
      "plotSummaryInfoCount": 1,
      "plotSummaryInfo": {
        "classification": "의사소통",
        "readAge": "초등_저학년",
        "form": "short-form",
        "plotSummaryText": "다른 원숭이들이 따오는 온갖 과일을 먹으며 즐거운 나날을 보내던 어느 날, 금빛 원숭이는 우연히 산에 온 사람들을 보고 처음 보는 동물이라고 말합니다.",
        "textWordEA": 22
      }
    },
    {
      "srcTextID": "124394",
      "srcText": "“하하하! 염려하지 마라. 일흔두 가지 변신술을 배운 몸이다.” 손오공은 구름을 타고 괴물이 있는 곳으로 날아갔습니다. “이놈! 네가 우리 원숭이들을 괴롭힌다는 괴물이냐?”",
      "srcPage": 20,
      "srcSentenceEA": 4,
      "srcWordEA": 25,
      "character": "몸,손오공,구름,괴물,이놈,우리",
      "setting": null,
      "action": "배운,타고,날아갔습니다,괴롭힌다는,염려하지",
      "feeling": null,
      "causalRelationship": null,
      "outcomeResolution": null,
      "prediction": null,
      "plotSummaryInfoCount": 1,
      "plotSummaryInfo": {
        "classification": "의사소통",
        "readAge": "초등_저학년",
        "form": "long-form",
        "plotSummaryText": "일흔두 가지 변신술을 배운 몸이니 염려하지 말라며, 손오공은 구름을 타고 괴물이 있는 곳으로 날아갔습니다.",
        "textWordEA": 14
      }
    },
    {
      "srcTextID": "124396",
      "srcText": "손오공이 큰 소리로 꾸짖자 괴물은 기가 막힌다는 듯 손오공을 쳐다보았습니다. 왜냐하면 손오공은 키가 괴물의 무릎에도 미치지 못할 정도로 작기 때문이었지요. 그러나 무술과 변신술을 익힌 손오공에게 괴물은 상대가 되지 않았습니다.",
      "srcPage": 21,
      "srcSentenceEA": 3,
      "srcWordEA": 31,
      "character": "손오공,괴물,무릎",
      "setting": null,
      "action": "꾸짖자,쳐다보았습니다,익힌",
      "feeling": null,
      "causalRelationship": "손오공이 큰 소리로 꾸짖자 괴물은 기가 막힌다는 듯 손오공을 쳐다보았습니다. 왜냐하면 손오공은 키가 괴물의 무릎에도 미치지 못할 정도로 작기 때문이었지요.",
      "outcomeResolution": null,
      "prediction": "그러나 무술과 변신술을 익힌 손오공에게 괴물은 상대가 되지 않았습니다.",
      "plotSummaryInfoCount": 1,
      "plotSummaryInfo": {
        "classification": "의사소통",
        "readAge": "초등_저학년",
        "form": "short-form",
        "plotSummaryText": "괴물은 키가 자기 무릎에도 미치지 못할 정도로 작은 손오공이 큰 소리로 꾸짖자 기가 막힌다는 듯이 쳐다보았지만, 무술과 변신술을 익힌 손오공에게 상대가 되지 않았습니다.",
        "textWordEA": 23
      }
    },
    {
      "srcTextID": "124408",
      "srcText": "옥황상제가 생각에 잠겨 있을 때 지옥의 염라대왕에게서 보고가 날아들었습니다. “손오공이 지옥에 와서 행패를 부렸습니다. 원숭이들의 수명이 적힌 책을 찢어 버려서 저승사자들이 원숭이를 잡으러 갈 수 없게 되었습니다.”",
      "srcPage": 34,
      "srcSentenceEA": 3,
      "srcWordEA": 28,
      "character": "옥황상제,지옥,염라대왕,손오공,원숭이들,책,저승사자들",
      "setting": null,
      "action": "와서,행패를 부렸습니다,찢어 버려서,잡으러,갈 수 없게,날아들었습니다",
      "feeling": null,
      "causalRelationship": "원숭이들의 수명이 적힌 책을 찢어 버려서 저승사자들이 원숭이를 잡으러 갈 수 없게 되었습니다.",
      "outcomeResolution": null,
      "prediction": null,
      "plotSummaryInfoCount": 1,
      "plotSummaryInfo": {
        "classification": "의사소통",
        "readAge": "초등_저학년",
        "form": "short-form",
        "plotSummaryText": "옥황상제가 생각에 잠겨 있을 때, 손오공이 지옥에 와서 원숭이들의 수명이 적힌 책을 찢고 행패를 부려서 저승사자들이 그들을 잡으러 갈 수 없게 되었다는 지옥 염라대왕의 보고가 날아들었습니다.",
        "textWordEA": 26
      }
    },
    {
      "srcTextID": "124407",
      "srcText": "“아니, 용궁도 모자라 지옥에서도 난리를 치다니 이 녀석을 혼내 줘야겠다.” 옥황상제는 이랑신이라는 장수를 불렀습니다. 눈이 세 개인 이랑신은 옥황상제의 조카로, 나쁜 짓을 하거나 세상을 어지럽히는 귀신이나 괴물을 잡는 용감한 장군이었지요.",
      "srcPage": 35,
      "srcSentenceEA": 3,
      "srcWordEA": 32,
      "character": "용궁,지옥,녀석,옥황상제,이랑신,장수,눈,조카,장군",
      "setting": null,
      "action": "난리를 치다니,혼내 줘야겠다,불렀습니다,나쁜 짓을 하거나,어지럽히는,잡는",
      "feeling": null,
      "causalRelationship": null,
      "outcomeResolution": null,
      "prediction": null,
      "plotSummaryInfoCount": 1,
      "plotSummaryInfo": {
        "classification": "의사소통",
        "readAge": "초등_저학년",
        "form": "short-form",
        "plotSummaryText": "용궁도 모자라 지옥에서도 난리를 치는 녀석을 혼내 줘야겠다고 생각한 옥황상제는 눈이 세 개에 옥황상제의 조카로, 나쁜 짓을 하거나 세상을 어지럽히는 귀신이나 괴물을 잡는 용감한 장군인 이랑신을 불렀습니다.",
        "textWordEA": 27
      }
    },
    {
      "srcTextID": "124401",
      "srcText": "원숭이들의 칭찬에 어깨가 으쓱해진 손오공은 자기에게 어울리는 훌륭한 무기가 있어야 한다는 생각을 했습니다. “내게 맞는 무기를 갖고 싶은데, 어디에 가면 구할 수 있을까?” 손오공의 물음에 나이 많은 원숭이가 대답했습니다.",
      "srcPage": 23,
      "srcSentenceEA": 3,
      "srcWordEA": 30,
      "character": "원숭이들,손오공,자기,무기,나이 많은 원숭이",
      "setting": null,
      "action": "생각을 했습니다,대답했습니다,어울리는,구할 수 있을까",
      "feeling": "어깨가 으쓱해진",
      "causalRelationship": null,
      "outcomeResolution": null,
      "prediction": null,
      "plotSummaryInfoCount": 1,
      "plotSummaryInfo": {
        "classification": "의사소통",
        "readAge": "초등_저학년",
        "form": "short-form",
        "plotSummaryText": "원숭이들의 칭찬에 어깨가 으쓱해진 손오공은 자기에게 어울리는 훌륭한 무기를 어디에 가면 구할 수 있을지 묻자, 나이 많은 원숭이가 대답했습니다.",
        "textWordEA": 19
      }
    },
    {
      "srcTextID": "124405",
      "srcText": "“일흔두 가지 변신술을 익혀 하늘과 땅이 있는 한 영원히 살 수 있게 되었는데 나를 잡아 오다니.” 화가 난 손오공은 밧줄을 끊고 여의봉을 꺼내 마구 휘둘렀습니다. 그러자 손오공을 잡아 온 저승사자들은 물론 염라대왕도 벌벌 떨었습니다. 손오공은 원숭이의 수명이 적힌 책을 찾아 갈기갈기 찢어 버린 다음 구름을 타고 화과산으로 돌아왔습니다. 그 뒤로 화과산에 사는 원숭이 중에는 아무리 나이를 먹어도 죽지 않는 원숭이들이 생겼는데, 이것은 손오공이 원숭이들의 수명이 적힌 책을 없앴기 때문입니다.",
      "srcPage": 32,
      "srcSentenceEA": 5,
      "srcWordEA": 73,
      "character": "손오공,밧줄,여의봉,저승사자들,염라대왕,책,구름,화과산,원숭이",
      "setting": null,
      "action": "잡아 오다니,끊고,꺼내,휘둘렀습니다,찾아,찢어 버린 다음,타고,돌아왔습니다,나이를 먹어도,죽지 않는",
      "feeling": "화가 난",
      "causalRelationship": "그 뒤로 화과산에 사는 원숭이 중에는 아무리 나이를 먹어도 죽지 않는 원숭이들이 생겼는데,이것은 손오공이 원숭이들의 수명이 적힌 책을 없앴기 때문입니다.",
      "outcomeResolution": null,
      "prediction": null,
      "plotSummaryInfoCount": 1,
      "plotSummaryInfo": {
        "classification": "의사소통",
        "readAge": "초등_저학년",
        "form": "long-form",
        "plotSummaryText": "화가 난 손오공이 밧줄을 끊고 여의봉을 꺼내 마구 휘두르자, 저승사자들은 물론 염라대왕도 벌벌 떨었고, 손오공이 원숭이의 수명이 적힌 책을 찾아 갈기갈기 찢어 버리고 화과산으로 돌아온 뒤로는 나이를 먹어도 죽지 않는 원숭이들이 생겨났습니다.",
        "textWordEA": 32
      }
    },
    {
      "srcTextID": "124409",
      "srcText": "힘도 세고 술법도 부리는 손오공이 무서워 아무 말도 못 했지만 보물인 여의봉을 빼 앗긴 용왕은 무척 화가 났습니다. 그래서 용왕은 하늘을 다스리는 옥황상제에게 이 사 실을 알렸습니다. “용궁의 보물을 빼앗아 갔다니 아주 못된 녀석이로구나. 어떻게 해야 하지?”",
      "srcPage": 33,
      "srcSentenceEA": 4,
      "srcWordEA": 39,
      "character": "손오공,여의봉,용왕,옥황상제,보물,용궁",
      "setting": null,
      "action": "아무 말도 못 했지만,빼앗긴,다스리는,알렸습니다,빼앗아 갔다니",
      "feeling": "무서워,화가 났습니다",
      "causalRelationship": null,
      "outcomeResolution": null,
      "prediction": null,
      "plotSummaryInfoCount": 1,
      "plotSummaryInfo": {
        "classification": "의사소통",
        "readAge": "초등_저학년",
        "form": "long-form",
        "plotSummaryText": "손오공이 무서워 아무말도 못하고 여의봉을 빼앗겨 화가 난 용왕이 하늘을 다스리는 옥황상제에게 이 사실을 알리자, 용궁의 보물을 빼앗아 간 못된 녀석이라고 말합니다.",
        "textWordEA": 22
      }
    },
    {
      "srcTextID": "124388",
      "srcText": "“스승님! 그동안 저를 가르쳐 주셔서 고맙습니다. 이젠 고향으로 돌아갈까 합니다.” 그래, 어려운 술법을 모두 배웠구나.",
      "srcPage": 16,
      "srcSentenceEA": 3,
      "srcWordEA": 18,
      "character": "스승님",
      "setting": "고향",
      "action": "돌아갈까,배웠구나",
      "feeling": "고맙습니다",
      "causalRelationship": null,
      "outcomeResolution": null,
      "prediction": null,
      "plotSummaryInfoCount": 1,
      "plotSummaryInfo": {
        "classification": "의사소통",
        "readAge": "초등_저학년",
        "form": "short-form",
        "plotSummaryText": "스승님께 그동안 자신을 가르쳐 주셔서 고맙고, 이젠 고향으로 돌아간다고 했더니 어려운 술법을 모두 배웠다고 말합니다.",
        "textWordEA": 15
      }
    },
    {
      "srcTextID": "124390",
      "srcText": "네가 배운 것을 좋은 일에 쓰도록 해라. 스승과 작별한 손오공은 술법을 써서 구름을 타고 고향인 화과산으로 향했습니다. 몇 년 동안 걸어온 길도 구름을 타고 가니 순식간에 갈 수 있었습니다.",
      "srcPage": 17,
      "srcSentenceEA": 3,
      "srcWordEA": 31,
      "character": "스승,손오공,구름,길",
      "setting": "몇 년 동안,화과산",
      "action": "배운,작별한,타고,걸어온,타고 가니,향했습니다",
      "feeling": null,
      "causalRelationship": null,
      "outcomeResolution": null,
      "prediction": null,
      "plotSummaryInfoCount": 1,
      "plotSummaryInfo": {
        "classification": "의사소통",
        "readAge": "초등_저학년",
        "form": "short-form",
        "plotSummaryText": "배운 것을 좋은 일에 쓰라고 말한 스승과 작별한 손오공은 고향인 화과산으로 향했는데 몇 년 동안 걸어온 길도 구름을 타고 가니 순식간에 갈 수 있었습니다.",
        "textWordEA": 24
      }
    },
    {
      "srcTextID": "124393",
      "srcText": "“얘들아! 내가 돌아왔다.” 오랜만에 손오공을 본 원숭이들은 모두 달려와 눈물을 흘리며 말했습니다. “왜 이렇게 늦게 돌아오셨습니까? 대장께서 산을 떠난 뒤 어디서 무서운 괴물이 나타나 저희를 괴롭혀서 말도 못 하게 고생을 했답니다.”",
      "srcPage": 18,
      "srcSentenceEA": 4,
      "srcWordEA": 34,
      "character": "손오공,원숭이들,모두,대장,산,괴물",
      "setting": null,
      "action": "돌아왔다,본,달려와,눈물을 흘리며,말했습니다,돌아오셨습니까,떠난,나타나,괴롭혀서,고생을 했답니다",
      "feeling": null,
      "causalRelationship": null,
      "outcomeResolution": null,
      "prediction": null,
      "plotSummaryInfoCount": 1,
      "plotSummaryInfo": {
        "classification": "의사소통",
        "readAge": "초등_저학년",
        "form": "long-form",
        "plotSummaryText": "돌아온 손오공을 본 원숭이들은 모두 달려와 눈물을 흘리며 왜 이렇게 늦게 돌아왔냐고 하면서 대장께서 산을 떠난 뒤 무서운 괴물이 나타나 괴롭힘을 당했다고 말했습니다.",
        "textWordEA": 23
      }
    },
    {
      "srcTextID": "124398",
      "srcText": "“용궁에 가면 있지 않을까요?” “그래, 좋은 생각이다.” 손오공은 즉시 바다 속으로 뛰어들어 용궁으로 갔습니다. 도술을 익혔기에 물속에서도 자유롭게 움직일 수 있었지요.",
      "srcPage": 24,
      "srcSentenceEA": 4,
      "srcWordEA": 23,
      "character": "손오공",
      "setting": "용궁",
      "action": "가면,뛰어들어,갔습니다,움직일 수 있었지요",
      "feeling": null,
      "causalRelationship": "도술을 익혔기에 물속에서도 자유롭게 움직일 수 있었지요.",
      "outcomeResolution": null,
      "prediction": null,
      "plotSummaryInfoCount": 1,
      "plotSummaryInfo": {
        "classification": "의사소통",
        "readAge": "초등_저학년",
        "form": "long-form",
        "plotSummaryText": "용궁에 가면 있을 것이란는 말에 도술을 익혀서 물속에서도 자유롭게 움직일 수 있었던 손오공은 즉시 바다 속으로 뛰어들었습니다.",
        "textWordEA": 17
      }
    },
    {
      "srcTextID": "124397",
      "srcText": "“여의봉이 있기는 하지만 너무 무거워서. 일만 오천 근이나 된 다오.” 용왕은 떨리는 손으로 기둥처럼 커다란 쇠몽둥이를 가리켰습니다.",
      "srcPage": 27,
      "srcSentenceEA": 3,
      "srcWordEA": 19,
      "character": "여의봉,용왕,손,기둥,쇠몽둥이",
      "setting": null,
      "action": "가리켰습니다,떨리는,무거워서",
      "feeling": null,
      "causalRelationship": null,
      "outcomeResolution": null,
      "prediction": null,
      "plotSummaryInfoCount": 1,
      "plotSummaryInfo": {
        "classification": "의사소통",
        "readAge": "초등_저학년",
        "form": "short-form",
        "plotSummaryText": "여의봉이 있지만 일만 오천 근이나 되서 무겁다는 용왕은 떨리는 손으로 기둥처럼 커다란 쇠몽둥이를 가리켰습니다.",
        "textWordEA": 14
      }
    },
    {
      "srcTextID": "124402",
      "srcText": "그러나 손오공은 엄청나게 무거운 쇠몽둥이를 한 손으로 가볍게 들며 말했습니다. “무게는 적당한데 너무 크군. 조금만 작고 가늘었으면 좋겠는데.”",
      "srcPage": 28,
      "srcSentenceEA": 3,
      "srcWordEA": 19,
      "character": "손오공,쇠몽둥이",
      "setting": null,
      "action": "들며,말했습니다,적당한데,크군",
      "feeling": null,
      "causalRelationship": null,
      "outcomeResolution": null,
      "prediction": "조금만 작고 가늘었으면 좋겠는데.",
      "plotSummaryInfoCount": 1,
      "plotSummaryInfo": {
        "classification": "의사소통",
        "readAge": "초등_저학년",
        "form": "short-form",
        "plotSummaryText": "손오공은 엄청나게 무거운 쇠몽둥이를 한 손으로 가볍게 들며 무게는 적당한데 조금만 작고 가늘었으면 좋겠다고 말했습니다.",
        "textWordEA": 15
      }
    },
    {
      "srcTextID": "124403",
      "srcText": "그러자 놀라운 일이 일어났습니다. 커다랗고 두꺼운 쇠몽둥이가 점점 줄어들더니 알 맞은 크기로 변하는 것이었습니다. 여의봉이라더니 참 신기하군. 주인이 원하는 대로 변하다니. 좋습니다!",
      "srcPage": 29,
      "srcSentenceEA": 5,
      "srcWordEA": 26,
      "character": "쇠몽둥이,주인,여의봉",
      "setting": null,
      "action": "줄어들더니,변하는,원하는,변하다니",
      "feeling": "놀라운,신기하군",
      "causalRelationship": null,
      "outcomeResolution": null,
      "prediction": null,
      "plotSummaryInfoCount": 1,
      "plotSummaryInfo": {
        "classification": "의사소통",
        "readAge": "초등_저학년",
        "form": "long-form",
        "plotSummaryText": "커다랗고 두꺼운 쇠몽둥이가 점점 줄어들더니 알맞은 크기로 변했고, 여의봉은 주인이 원하는 대로 변해서 신기하다고 말합니다.",
        "textWordEA": 15
      }
    },
    {
      "srcTextID": "124404",
      "srcText": "이것을 가져가겠습니다. 그런데 이렇게 훌륭한 무기와 어울리는 갑옷과 신발도 주면 고맙겠습니다. 용왕은 치밀어 오르는 화를 누르며 황금 갑옷과 가죽신을 꺼내 주었습니다. 황금 갑옷을 입고 가죽신을 신은 손오공은 여의봉을 아주 작게 만들어 귓속에 넣고는 고맙다는 인사도 하지 않고 화과산으로 돌아갔습니다.",
      "srcPage": 30,
      "srcSentenceEA": 4,
      "srcWordEA": 42,
      "character": "무기,갑옷,신발,용왕,황금 갑옷,가죽신,손오공,여의봉,화과산",
      "setting": null,
      "action": "가져가겠습니다,주면,꺼내 주었습니다,입고,신은,만들어,넣고는,인사도 하지 않고,돌아갔습니다",
      "feeling": "고맙겠습니다,화를 누르며,고맙다는",
      "causalRelationship": null,
      "outcomeResolution": null,
      "prediction": null,
      "plotSummaryInfoCount": 1,
      "plotSummaryInfo": {
        "classification": "의사소통",
        "readAge": "초등_저학년",
        "form": "long-form",
        "plotSummaryText": "손오공이 무기와 어울리는 갑옷과 신발도 주면 고맙겠다고 말해서, 용왕은 치밀어 오르는 화를 누르며 황금 갑옷과 가죽신을 꺼내 주었더니 여의봉을 아주 작게 만들어 귓속에 넣고 화과산으로 돌아갔습니다.",
        "textWordEA": 26
      }
    },
    {
      "srcTextID": "124400",
      "srcText": "용궁 문을 박차고 들어간 손오공은 용왕에게 말했습니다. “나는 화과산에 사는 원숭이 대장 손오공이라 합니다. 내게 맞는 훌륭한 무기를 얻고자 하니 주시면 고맙겠군요.”",
      "srcPage": 25,
      "srcSentenceEA": 3,
      "srcWordEA": 23,
      "character": "문,손오공,용왕,화과산,원숭이 대장,무기",
      "setting": "용궁",
      "action": "박차고,들어간,말했습니다,사는,주시면",
      "feeling": "고맙겠군요",
      "causalRelationship": null,
      "outcomeResolution": null,
      "prediction": null,
      "plotSummaryInfoCount": 1,
      "plotSummaryInfo": {
        "classification": "의사소통",
        "readAge": "초등_저학년",
        "form": "short-form",
        "plotSummaryText": "용궁 문을 박차고 들어간 손오공은 용왕에게 자신은 화과산에 사는 원숭이 대장이며 훌륭한 무기를 얻고자 하니 주시면 고맙겠다고 말했습니다.",
        "textWordEA": 18
      }
    },
    {
      "srcTextID": "124399",
      "srcText": "물속에서도 마음대로 활동하는 손오공의 놀라운 술법에 용왕은 벌벌 떨며 무기 창고를 열어 보였습니다. 그러나 손오공은 마음에 드는 것이 없었는지 심드렁하게 말했습니다. “쓸 만한 무기가 없군요. 다른 것은 없습니까?”",
      "srcPage": 26,
      "srcSentenceEA": 4,
      "srcWordEA": 30,
      "character": "손오공,용왕,무기 창고",
      "setting": "물속에서도",
      "action": "활동하는,벌벌 떨며,열어 보였습니다,말했습니다,쓸 만한,없군요",
      "feeling": "놀라운",
      "causalRelationship": null,
      "outcomeResolution": null,
      "prediction": null,
      "plotSummaryInfoCount": 1,
      "plotSummaryInfo": {
        "classification": "의사소통",
        "readAge": "초등_저학년",
        "form": "long-form",
        "plotSummaryText": "물속에서도 마음대로 활동하는 손오공의 술법에 용왕은 벌벌 떨며 무기 창고를 열어 보였으나, 마음에 드는 것이 없었는지 다른 것은 없냐고 심드렁하게 말했습니다.",
        "textWordEA": 21
      }
    },
    {
      "srcTextID": "124406",
      "srcText": "햇볕이 내리쬐는 봄날, 손오공이 나무 그늘 아래에서 낮잠을 자고 있는데 머리에 뿔이 난 괴물 둘이 나타나 손오 공을 꽁꽁 묶더니 어디론가 데려가는 것이었습니다. 괴물들은 저승사자였고, 손오공을 데려간 곳은 다름 아닌 지옥이었습니다. 손오공은 수명이 다 되어 죽은 것이었습니다.",
      "srcPage": 31,
      "srcSentenceEA": 3,
      "srcWordEA": 39,
      "character": "손오공,머리,뿔,괴물,저승사자",
      "setting": "봄날,지옥",
      "action": "낮잠을 자고 있는데,나타나,묶더니,데려가는,데려간",
      "feeling": null,
      "causalRelationship": "손오공은 수명이 다 되어 죽은 것이었습니다.",
      "outcomeResolution": null,
      "prediction": null,
      "plotSummaryInfoCount": 1,
      "plotSummaryInfo": {
        "classification": "의사소통",
        "readAge": "초등_저학년",
        "form": "short-form",
        "plotSummaryText": "햇볕이 내리쬐는 봄날, 나무 그늘 아래에서 낮잠을 자고 있는 손오공을 머리에 뿔이 난 저승사자 둘이 나타나 꽁꽁 묶어 데려간 곳은 지옥이었습니다.",
        "textWordEA": 21
      }
    },
    {
      "srcTextID": "124392",
      "srcText": "“뭐라고? 괴물이 우리 원숭이들을 괴롭혔다고? 괘씸한 녀석을 당장 혼내 줘야겠구나.” “안 됩니다. 그 괴물은 몸집이 우리 원숭이보다 열 배는 더 크고 힘도 엄청 세거든요.”",
      "srcPage": 19,
      "srcSentenceEA": 4,
      "srcWordEA": 27,
      "character": "괴물,원숭이들",
      "setting": null,
      "action": "괴롭혔다고,혼내 줘야겠구나,더 크고,힘도 엄청 세거든요",
      "feeling": "괘씸한",
      "causalRelationship": null,
      "outcomeResolution": null,
      "prediction": null,
      "plotSummaryInfoCount": 1,
      "plotSummaryInfo": {
        "classification": "의사소통",
        "readAge": "초등_저학년",
        "form": "long-form",
        "plotSummaryText": "원숭이들을 괴롭힌 녀석을 혼내 줘야겠다고 말하자, 그 괴물의 몸집이 우리 원숭이보다 열 배는 더 크고 힘도 엄청 세서 안 된다고 말합니다.",
        "textWordEA": 21
      }
    },
    {
      "srcTextID": "124395",
      "srcText": "괴물은 한 주먹에 나가떨어지고는 놀라서 그대로 도망쳐 버리고 말았습니다. “정말 대단하십니다. 이제 다시 평화가 왔어요. 역시 멋진 우리의 대장이에요.”",
      "srcPage": 22,
      "srcSentenceEA": 4,
      "srcWordEA": 21,
      "character": "괴물,대장,우리",
      "setting": null,
      "action": "나가떨어지고는,도망쳐,평화가 왔어요",
      "feeling": "놀라서",
      "causalRelationship": null,
      "outcomeResolution": null,
      "prediction": null,
      "plotSummaryInfoCount": 1,
      "plotSummaryInfo": {
        "classification": "의사소통",
        "readAge": "초등_저학년",
        "form": "long-form",
        "plotSummaryText": "괴물이 한 주먹에 나가떨어지고 그대로 도망치자, 멋진 대장 덕분에 이제 다시 평화가 왔고 정말 대단하다고 말합니다.",
        "textWordEA": 16
      }
    },
    {
      "srcTextID": "124438",
      "srcText": "어느 날 손오공 앞에 스님 한 분이 나타났습니다. “네가 못된 짓을 해서 부처님께 벌을 받고 있는 손오공이냐?” “네, 맞습니다. 그런데 누구신지요?” “나는 황제의 명을 받아 백성들을 위해 불경을 가지러 천축으로 가는 삼장 법사다. 너를 구해주면 나를 따라 천축으로 가겠느냐?” “물론이죠. 구해만 주신다면요.”",
      "srcPage": 62,
      "srcSentenceEA": 7,
      "srcWordEA": 45,
      "character": "손오공,스님,부처님,황제,백성들,삼장 법사",
      "setting": "어느 날,천축",
      "action": "나타났습니다,벌을 받고 있는,못된 짓을 해서,가지러,가는,구해주면,따라,가겠느냐",
      "feeling": null,
      "causalRelationship": null,
      "outcomeResolution": null,
      "prediction": null,
      "plotSummaryInfoCount": 1,
      "plotSummaryInfo": {
        "classification": "의사소통",
        "readAge": "초등_저학년",
        "form": "long-form",
        "plotSummaryText": "황제의 명을 받아 백성들을 위해 불경을 가지러 가는 삼장 법사라는 스님 한 분이 어느 날 손오공 앞에 나타나서 구해주면 자신을 따라 천축으로 가겠느냐고 물어서 그렇게 하겠다고 대답했습니다.",
        "textWordEA": 27
      }
    },
    {
      "srcTextID": "124414",
      "srcText": "“너뿐만 아니라 원숭이는 모두 죄가 있으니 잡는 것이다.” 원숭이들이 잡혀가자 불리함을 느낀 손오공은 참새로 변해 도망을 쳤습니다. 그러자 이랑신은 사나운 매로 변해 손오공을 쫓았습니다.",
      "srcPage": 40,
      "srcSentenceEA": 3,
      "srcWordEA": 26,
      "character": "원숭이,원숭이들,손오공,참새,이랑신,매",
      "setting": null,
      "action": "잡는,잡혀가자,변해,도망을 쳤습니다,쫓았습니다",
      "feeling": null,
      "causalRelationship": null,
      "outcomeResolution": null,
      "prediction": null,
      "plotSummaryInfoCount": 1,
      "plotSummaryInfo": {
        "classification": "의사소통",
        "readAge": "초등_저학년",
        "form": "short-form",
        "plotSummaryText": "원숭이들이 잡혀가자 불리함을 느낀 손오공이 참새로 변해 도망을 쳤지만, 이랑신은 사나운 매로 변해 그를 쫓았습니다.",
        "textWordEA": 15
      }
    },
    {
      "srcTextID": "124411",
      "srcText": "“손오공이라는 원숭이가 용궁과 지옥에 가서 행패를 부렸다니 가서 혼내 주어라.” “네! 알겠습니다.” 옥황상제의 명령을 받은 이랑신은 군사를 이끌고 화과산으로 쳐들어갔습니다. “괘씸한 원숭이 녀석아! 네가 용궁과 지옥에서 행패를 부렸다고 하더구나. 하늘의 법을 무시한 죄로 네놈을 잡으러 왔으니 순순히 항복해라.”",
      "srcPage": 36,
      "srcSentenceEA": 6,
      "srcWordEA": 42,
      "character": "손오공,원숭이,용궁,지옥,옥황상제,이랑신,군사,화과산,녀석,네놈",
      "setting": null,
      "action": "가서,행패를 부렸다니,이끌고,쳐들어갔습니다,무시한,잡으러,항복해라,혼내 주어라",
      "feeling": "괘씸한",
      "causalRelationship": null,
      "outcomeResolution": null,
      "prediction": null,
      "plotSummaryInfoCount": 1,
      "plotSummaryInfo": {
        "classification": "의사소통",
        "readAge": "초등_저학년",
        "form": "long-form",
        "plotSummaryText": "손오공이라는 원숭이가 용궁과 지옥에 가서 행패를 부렸으니 가서 혼내 주라는 옥황상제의 명령을 받은 이랑신은 군사를 이끌고 화과산으로 쳐들어가서 하늘의 법을 무시한 죄로 잡으러 왔으니 순순히 항복하라고 말했습니다.",
        "textWordEA": 27
      }
    },
    {
      "srcTextID": "124412",
      "srcText": "“허허! 이번에는 눈이 세 개나 달린 괴물이 왔네. 어디 잡을 수 있으면 잡아 보시지.” 손오공은 큰소리를 치며 이랑신과 맞섰습니다.",
      "srcPage": 37,
      "srcSentenceEA": 3,
      "srcWordEA": 22,
      "character": "눈,괴물,손오공,이랑신",
      "setting": null,
      "action": "왔네,잡아 보시지,큰소리를 치며,맞섰습니다",
      "feeling": null,
      "causalRelationship": null,
      "outcomeResolution": null,
      "prediction": null,
      "plotSummaryInfoCount": 1,
      "plotSummaryInfo": {
        "classification": "의사소통",
        "readAge": "초등_저학년",
        "form": "short-form",
        "plotSummaryText": "손오공은 이번에는 눈이 세 개나 달린 괴물이 왔다며 어디 잡을 수 있으면 잡아 보라고 큰소리를 치고 이랑신과 맞섰습니다.",
        "textWordEA": 18
      }
    },
    {
      "srcTextID": "124410",
      "srcText": "“말로는 안 될 녀석이로구나. 에잇! 내 칼을 받아라.” 이랑신은 머리가 셋, 팔이 여섯이 달린 모습으로 변해 손오공을 공격했습니다. 그러자 손오공도 똑같이 머리가 셋, 팔이 여섯인 모습으로 변해 용궁에서 가져온 여의봉을 휘둘렀습니다.",
      "srcPage": 38,
      "srcSentenceEA": 5,
      "srcWordEA": 35,
      "character": "녀석,칼,이랑신,머리,팔,손오공,용궁,여의봉",
      "setting": null,
      "action": "받아라,변해,공격했습니다,가져온,휘둘렀습니다",
      "feeling": null,
      "causalRelationship": null,
      "outcomeResolution": null,
      "prediction": null,
      "plotSummaryInfoCount": 1,
      "plotSummaryInfo": {
        "classification": "의사소통",
        "readAge": "초등_저학년",
        "form": "long-form",
        "plotSummaryText": "이랑신이 자신의 칼을 받으라며  머리가 셋, 팔이 여섯이 달린 모습으로 변해 공격하자 손오공도 그와 똑같은 모습으로 변해 용궁에서 가져온 여의봉을 휘둘렀습니다.",
        "textWordEA": 22
      }
    },
    {
      "srcTextID": "124417",
      "srcText": "하늘의 용감한 장수와 일흔두 가지 변신술을 익힌 손오 공의 싸움은 좀체 승부가 나지 않았습니다. 그러나 손오공이 싸우는 동안 다른 원숭이들은 모두 이랑신의 부하들에게 잡히고 말았습니다. “비겁하게 다른 원숭이들은 왜 잡아가는 거냐?”",
      "srcPage": 39,
      "srcSentenceEA": 3,
      "srcWordEA": 32,
      "character": "장수,손오공,다른 원숭이들,이랑신,부하들",
      "setting": null,
      "action": "싸우는,잡히고 말았습니다,잡아가는",
      "feeling": "비겁하게",
      "causalRelationship": null,
      "outcomeResolution": null,
      "prediction": null,
      "plotSummaryInfoCount": 1,
      "plotSummaryInfo": {
        "classification": "의사소통",
        "readAge": "초등_저학년",
        "form": "short-form",
        "plotSummaryText": "장수와 일흔두 가지 변신술을 익힌 손오공의 싸움이 승부가 나지 않았으나 그가 싸우는 동안 다른 원숭이들은 모두 이랑신의 부하들에게 잡히고 말았고, 비겁하게 다른 원숭이들은 왜 잡아가는 거냐고 물었습니다.",
        "textWordEA": 27
      }
    },
    {
      "srcTextID": "124416",
      "srcText": "산골짜기로 도망친 손오공은 집으로 변했습니다. 그런데 꼬리만은 감출 길이 없어 깃대로 만들어 세웠습니다. 손오공이 갑자기 사라지자 주위를 둘러보던 이랑신은 크게 웃으며 말했습니다.",
      "srcPage": 41,
      "srcSentenceEA": 3,
      "srcWordEA": 24,
      "character": "손오공,집,꼬리,깃대,이랑신",
      "setting": "산골짜기",
      "action": "도망친,변했습니다,만들어,세웠습니다,사라지자,둘러보던,말했습니다,감출,웃으며",
      "feeling": null,
      "causalRelationship": null,
      "outcomeResolution": null,
      "prediction": null,
      "plotSummaryInfoCount": 1,
      "plotSummaryInfo": {
        "classification": "의사소통",
        "readAge": "초등_저학년",
        "form": "short-form",
        "plotSummaryText": "손오공은 산골짜기로 도망쳐 집으로 변했으나 꼬리만은 감출 수 없어서 깃대로 만들어 세웠고, 주위를 둘러보던 이랑신은 크게 웃으며 말했습니다.",
        "textWordEA": 18
      }
    },
    {
      "srcTextID": "124413",
      "srcText": "‘이크! 창문은 눈이고, 대문은 입인데 바위에 맞으면 큰일 나겠군. 할 수 없다. 도망쳐야지.’ 놀란 손오공은 다시 독수리로 변해 하늘로 달아났습니다.",
      "srcPage": 43,
      "srcSentenceEA": 4,
      "srcWordEA": 24,
      "character": "창문,눈,대문,입,바위,손오공,독수리",
      "setting": null,
      "action": "맞으면,도망쳐야지,변해,달아났습니다",
      "feeling": "놀란",
      "causalRelationship": null,
      "outcomeResolution": null,
      "prediction": null,
      "plotSummaryInfoCount": 1,
      "plotSummaryInfo": {
        "classification": "의사소통",
        "readAge": "초등_저학년",
        "form": "long-form",
        "plotSummaryText": "바위에 맞으면 큰일이니 도망쳐야겠다고 생각한 손오공은 다시 독수리로 변해 하늘로 달아났습니다.",
        "textWordEA": 11
      }
    },
    {
      "srcTextID": "124422",
      "srcText": "“괜찮은 생각이구나. 그러면 어떤 벼슬이 적당할까?” “마침 필마온 자리가 비었습니다.” “되었다. 손오공에게 필마온 벼슬을 내린다. 손오공을 일하는 곳으로 안내하도록 하라.”",
      "srcPage": 48,
      "srcSentenceEA": 5,
      "srcWordEA": 23,
      "character": "손오공,필마온 벼슬",
      "setting": null,
      "action": "내린다,일하는,안내하도록 하라,비었습니다",
      "feeling": null,
      "causalRelationship": null,
      "outcomeResolution": null,
      "prediction": null,
      "plotSummaryInfoCount": 1,
      "plotSummaryInfo": {
        "classification": "의사소통",
        "readAge": "초등_저학년",
        "form": "long-form",
        "plotSummaryText": "손오공에게 마침 비어 있는 필마온 벼슬을 내리고 일하는 곳으로 안내하도록 했습니다.",
        "textWordEA": 11
      }
    },
    {
      "srcTextID": "124431",
      "srcText": "자랑스럽게 말하는 손오공에게 부처님은 손바닥을 내밀어 보였습니다. 그런데 가운데손가락에 ‘손오공 다녀가다.’라고 써 있는게 아니겠습니까? 그것은 분명 자신이 쓴 것이었습니다.",
      "srcPage": 55,
      "srcSentenceEA": 4,
      "srcWordEA": 22,
      "character": "손오공,부처님,손바닥,가운데손가락,자신",
      "setting": null,
      "action": "말하는,내밀어 보였습니다,다녀가다",
      "feeling": null,
      "causalRelationship": null,
      "outcomeResolution": null,
      "prediction": null,
      "plotSummaryInfoCount": 1,
      "plotSummaryInfo": {
        "classification": "의사소통",
        "readAge": "초등_저학년",
        "form": "long-form",
        "plotSummaryText": "손오공이 자랑스럽게 말하자, 부처님이 내밀어 보인 손바닥 가운뎃손가락에 자신이 다녀갔다고 쓰여 있었습니다.",
        "textWordEA": 12
      }
    },
    {
      "srcTextID": "124429",
      "srcText": "손오공은 결국 부처님의 손바닥을 벗어나지 못한 것이었습니다. “이, 이런 말도 안 되는.” “자, 내 손바닥을 벗어나지 못했으니 약속대로 내 말을 들어야 한다.”",
      "srcPage": 56,
      "srcSentenceEA": 3,
      "srcWordEA": 22,
      "character": "손오공,부처님,손바닥",
      "setting": null,
      "action": "벗어나지,못했으니,들어야 한다",
      "feeling": null,
      "causalRelationship": null,
      "outcomeResolution": null,
      "prediction": null,
      "plotSummaryInfoCount": 1,
      "plotSummaryInfo": {
        "classification": "의사소통",
        "readAge": "초등_저학년",
        "form": "short-form",
        "plotSummaryText": "결국 부처님의 손바닥을 벗어나지 못한 손오공은 약속대로 말을 들어야 한다고 했습니다.",
        "textWordEA": 11
      }
    },
    {
      "srcTextID": "124419",
      "srcText": "옥황상제의 말에 화가 난 손오공은 이렇게 대답했습니다. “여의봉 같은 보물은 나처럼 훌륭해야 가질 수 있는 법이오. 그리고 나처럼 훌륭한 이를 오래 살게 하지는 못할망정 저승사자를 시켜 잡아가다니, 말도 안 되는 일이오.”",
      "srcPage": 46,
      "srcSentenceEA": 3,
      "srcWordEA": 32,
      "character": "옥황상제,손오공,여의봉,보물,저승사자",
      "setting": null,
      "action": "대답했습니다,시켜,잡아가다니",
      "feeling": "화가 난",
      "causalRelationship": null,
      "outcomeResolution": null,
      "prediction": null,
      "plotSummaryInfoCount": 1,
      "plotSummaryInfo": {
        "classification": "의사소통",
        "readAge": "초등_저학년",
        "form": "short-form",
        "plotSummaryText": "옥황상제의 말에 화가 난 손오공은, 여의봉 같은 보물은 자신처럼 훌륭해야 가질 수 있는 법이고 이런 이를 오래 살게 하지는 못할망정 저승사자를 시켜 잡아가는 것은 말도 안 되는 일이라고 대답했습니다.",
        "textWordEA": 29
      }
    },
    {
      "srcTextID": "124421",
      "srcText": "‘과연 태백 금성은 내 재주를 알아보고 대접을 하는군.’ 손오공은 자기에게 벼슬을 준다니 기분이 좋아져 어깨를 으쓱하며 태백 금성에게 물었습니다. “필마온은 어느 정도로 높은 벼슬이오?”",
      "srcPage": 49,
      "srcSentenceEA": 3,
      "srcWordEA": 25,
      "character": "태백 금성,손오공,자기,벼슬,필마온",
      "setting": null,
      "action": "알아보고,대접을 하는군,준다니,물었습니다",
      "feeling": "기분이 좋아져",
      "causalRelationship": null,
      "outcomeResolution": null,
      "prediction": null,
      "plotSummaryInfoCount": 1,
      "plotSummaryInfo": {
        "classification": "의사소통",
        "readAge": "초등_저학년",
        "form": "short-form",
        "plotSummaryText": "태백 금성이 자신의 재주를 알아보고 대접을 한다고 생각한 손오공은 벼슬을 주어서 기분이 좋아져 필마온은 어느 정도로 높은 벼슬인지 물었습니다.",
        "textWordEA": 19
      }
    },
    {
      "srcTextID": "124423",
      "srcText": "“높다고 할 건 없지요. 천마를 돌보는 것이니까.” “뭐라고? 말을 돌보는 것이라고? 그러면 마구간 지기라는 얘기 아니오? 이런 괘씸한! 천하의 손오공을 어떻게 보고 마구간 따위를 지키라고 해!”",
      "srcPage": 50,
      "srcSentenceEA": 6,
      "srcWordEA": 31,
      "character": "말,천마,마구간,손오공",
      "setting": null,
      "action": "돌보는,보고,지키라고 해",
      "feeling": "괘씸한",
      "causalRelationship": null,
      "outcomeResolution": null,
      "prediction": null,
      "plotSummaryInfoCount": 1,
      "plotSummaryInfo": {
        "classification": "의사소통",
        "readAge": "초등_저학년",
        "form": "long-form",
        "plotSummaryText": "천마를 돌보는 것이라고 했더니 천하의 손오공을 어떻게 보고 말을 돌보고 마구간 따위를 지키라고 하냐고 말합니다.",
        "textWordEA": 15
      }
    },
    {
      "srcTextID": "124427",
      "srcText": "화가 난 손오공이 여의봉을 꺼내 막 휘두르려는 순간, 옥황상제의 손님으로 와 있던 부처님이 앞으로 나서며 말했습니다. “손오공! 네가 무엇이 훌륭하단 말이냐?” “나는 일흔두 가지 변신술을 할 수도 있고 구름을 타고 눈 깜짝할 사이에 십만 팔천 리를 날아갈 수도 있으니 당연히 훌륭하지요.”",
      "srcPage": 51,
      "srcSentenceEA": 3,
      "srcWordEA": 42,
      "character": "손오공,여의봉,옥황상제,손님,부처님",
      "setting": null,
      "action": "꺼내,휘두르려는,와 있던,나서며,말했습니다,타고,날아갈 수도 있으니,훌륭하지요",
      "feeling": "화가 난",
      "causalRelationship": null,
      "outcomeResolution": null,
      "prediction": null,
      "plotSummaryInfoCount": 1,
      "plotSummaryInfo": {
        "classification": "의사소통",
        "readAge": "초등_저학년",
        "form": "short-form",
        "plotSummaryText": "손오공이 여의봉을 꺼내 막 휘두르려는 순간, 옥황상제의 손님으로 와 있던 부처님이 앞으로 나서며 무엇이 훌륭하단 말인지 물었고, 그는 변신술을 할 수 있고, 구름을 타고 날아갈 수도 있으니 당연히 훌륭하다고 말했습니다.",
        "textWordEA": 30
      }
    },
    {
      "srcTextID": "124425",
      "srcText": "“좋소. 그까짓 것쯤이야.” 손오공은 자신만만하게 말하고는 구름을 불러 타고 날아갔습니다. 한참을 날아가다 보니 멀리 산봉우리 다섯 개가 보였습니다. “아마도 여기가 세상의 끝인 모양이군. 그러면 내가 다녀갔다는 증거를 남겨야지.” 손오공은 술법을 부려 여의봉을 붓으로 변하게 한 다음, 가운데 가장 높은 산봉우리에‘손오공 다녀가다.’라고 쓰고 다시 구름을 타고 돌아왔습니다.",
      "srcPage": 53,
      "srcSentenceEA": 7,
      "srcWordEA": 52,
      "character": "손오공,구름,산봉우리,여의봉,붓",
      "setting": null,
      "action": "말하고는,불러,타고,날아갔습니다,다녀갔다는,남겨야지,술법을 부려,변하게,다녀가다,쓰고,돌아왔습니다",
      "feeling": null,
      "causalRelationship": null,
      "outcomeResolution": null,
      "prediction": null,
      "plotSummaryInfoCount": 1,
      "plotSummaryInfo": {
        "classification": "의사소통",
        "readAge": "초등_저학년",
        "form": "long-form",
        "plotSummaryText": "자신만만하게 말하고는 구름을 불러 타고 한참을 날아가서 산봉우리 다섯 개가 보이는 곳에 다녀갔다는 증거를 남기려고 여의봉을 붓으로 변하게 한 다음, 가운데 가장 높은 산봉우리에 손오공이 다녀갔다고 쓰고 다시 돌아왔습니다.",
        "textWordEA": 29
      }
    },
    {
      "srcTextID": "124435",
      "srcText": "손오공을 붙잡은 부처님은 이렇게 얘기했습니다. “너는 나쁜 짓을 했으니 벌을 받아야 한다.” 부처님은 손오공을 땅에 내려놓고 주문을 외웠습니다.",
      "srcPage": 58,
      "srcSentenceEA": 3,
      "srcWordEA": 19,
      "character": "손오공,부처님,땅",
      "setting": null,
      "action": "붙잡은,얘기했습니다,나쁜 짓을 했으니,내려놓고,주문을 외웠습니다",
      "feeling": null,
      "causalRelationship": null,
      "outcomeResolution": null,
      "prediction": "부처님은 손오공을 땅에 내려놓고 주문을 외웠습니다.",
      "plotSummaryInfoCount": 1,
      "plotSummaryInfo": {
        "classification": "의사소통",
        "readAge": "초등_저학년",
        "form": "short-form",
        "plotSummaryText": "부처님은 붙잡은 손오공에게 나쁜 짓을 했으니 벌을 받아야 한다면서 땅에 내려놓고 주문을 외웠습니다.",
        "textWordEA": 13
      }
    },
    {
      "srcTextID": "124434",
      "srcText": "그러자 커다란 산 하나가 날아와 손오공의 등을 내리눌렀습니다. 그리고 그 산은 마치 나무처럼 뿌리를 내려 손오공을 꼼짝 못 하게 가두었습니다. “아야! 잘못했어요. 그런데 얼마나 있어야 하나요?” “오백 년이다.”",
      "srcPage": 59,
      "srcSentenceEA": 5,
      "srcWordEA": 31,
      "character": "산,손오공,등,나무,뿌리",
      "setting": "오백 년",
      "action": "날아와,내리눌렀습니다,내려,가두었습니다",
      "feeling": null,
      "causalRelationship": null,
      "outcomeResolution": null,
      "prediction": null,
      "plotSummaryInfoCount": 1,
      "plotSummaryInfo": {
        "classification": "의사소통",
        "readAge": "초등_저학년",
        "form": "long-form",
        "plotSummaryText": "커다란 산 하나가 날아와 손오공의 등을 내리눌렀고 나무처럼 뿌리를 내려 그를 꼼짝 못 하게 가둔 채 오백 년을 있어야 했습니다.",
        "textWordEA": 20
      }
    },
    {
      "srcTextID": "124420",
      "srcText": "한참을 달아나던 손오공은 옥황상제가 있는 궁궐에 이르렀습니다. “여기가 옥황상제가 사는 궁궐인가? 잘 되었다. 여기까지 온 김에 옥황상제를 만나 따져야지.”",
      "srcPage": 44,
      "srcSentenceEA": 4,
      "srcWordEA": 21,
      "character": "손오공,옥황상제,여기",
      "setting": "궁궐",
      "action": "달아나던,이르렀습니다,사는,온,만나,따져야지",
      "feeling": null,
      "causalRelationship": null,
      "outcomeResolution": null,
      "prediction": null,
      "plotSummaryInfoCount": 1,
      "plotSummaryInfo": {
        "classification": "의사소통",
        "readAge": "초등_저학년",
        "form": "long-form",
        "plotSummaryText": "한참을 달아나던 손오공은 옥황상제가 있는 궁궐에 이르자 여기까지 온 김에 옥황상제를 만나 따져야겠다고 말합니다.",
        "textWordEA": 14
      }
    },
    {
      "srcTextID": "124418",
      "srcText": "성큼성큼 궁궐 안으로 들어간 손오공은 옥황상제를 보자 다짜고짜 따졌습니다. “왜 나를 잡아가려는 거요?” “어허, 네놈이 고약한 원숭이 손오공인가 보구나. 네가 용궁의 보물을 빼앗아 간 것도 모자라 지옥에서도 행패를 부렸다기에 혼내 주려 한 것이다.”",
      "srcPage": 45,
      "srcSentenceEA": 4,
      "srcWordEA": 34,
      "character": "손오공,옥황상제,네놈,용궁,보물,지옥",
      "setting": "궁궐",
      "action": "들어간,보자,따졌습니다,잡아가려는,빼앗아,행패를 부렸다기에,혼내 주려",
      "feeling": null,
      "causalRelationship": null,
      "outcomeResolution": null,
      "prediction": null,
      "plotSummaryInfoCount": 1,
      "plotSummaryInfo": {
        "classification": "의사소통",
        "readAge": "초등_저학년",
        "form": "long-form",
        "plotSummaryText": "손오공이 옥황상제를 보고 왜 자신을 잡아가려는 거냐고 따지자, 용궁의 보물을 빼앗아 간 것도 모자라 지옥에서도 행패를 부렸다기에 혼내 주려 한 것이라고 말합니다.",
        "textWordEA": 22
      }
    },
    {
      "srcTextID": "124437",
      "srcText": "손오공이 말고삐를 잡으며 말했습니다. “자, 천축으로 가시죠. 말은 제가 끌겠습니다.” 그렇게 손오공은 천축으로 가는 여행의 첫발을 힘차게 내디뎠습니다.",
      "srcPage": 64,
      "srcSentenceEA": 4,
      "srcWordEA": 20,
      "character": "손오공,말고삐",
      "setting": "천축",
      "action": "잡으며,말했습니다,가시죠,끌겠습니다,가는,내디뎠습니다",
      "feeling": null,
      "causalRelationship": null,
      "outcomeResolution": null,
      "prediction": null,
      "plotSummaryInfoCount": 1,
      "plotSummaryInfo": {
        "classification": "의사소통",
        "readAge": "초등_저학년",
        "form": "long-form",
        "plotSummaryText": "손오공이 말고삐를 잡고 말은 자신이 끌겠다면서 천축으로 가는 여행의 첫발을 힘차게 내디뎠습니다.",
        "textWordEA": 12
      }
    },
    {
      "srcTextID": "124415",
      "srcText": "“하하하! 원숭이 녀석아, 변하려면 똑바로 변해야지. 세상에 깃대를 밖에 세워 두는 집이 어디 있단 말이냐?” 이랑신은 바위로 변해 집을 부수려 했습니다.",
      "srcPage": 42,
      "srcSentenceEA": 3,
      "srcWordEA": 24,
      "character": "원숭이 녀석,깃대,집,이랑신,바위",
      "setting": null,
      "action": "변해야지,변해,부수려 했습니다,세워 두는",
      "feeling": null,
      "causalRelationship": null,
      "outcomeResolution": null,
      "prediction": null,
      "plotSummaryInfoCount": 1,
      "plotSummaryInfo": {
        "classification": "의사소통",
        "readAge": "초등_저학년",
        "form": "short-form",
        "plotSummaryText": "이랑신은 변하려면 똑바로 변해야지 깃대를 밖에 세워 두는 집이 어디 있냐고 말하면서 바위로 변해 집을 부수려 했습니다.",
        "textWordEA": 17
      }
    },
    {
      "srcTextID": "124430",
      "srcText": "손오공이 돌아오자 부처님이 웃으면서 물었습니다. “그래, 너는 어디까지 갔다 왔느냐?” “나는 세상의 끝까지 다녀왔소. 그곳에는 봉우리가 다섯 개나 되는 산이 있었는데, 가운데 산봉우리에 내가 다녀갔다고 써 놓고 왔다오.”",
      "srcPage": 54,
      "srcSentenceEA": 4,
      "srcWordEA": 29,
      "character": "손오공,부처님,봉우리,산,산봉우리",
      "setting": null,
      "action": "돌아오자,물었습니다,갔다 왔느냐,다녀왔소,다녀갔다고,써 놓고,왔다오",
      "feeling": "웃으면서",
      "causalRelationship": null,
      "outcomeResolution": null,
      "prediction": null,
      "plotSummaryInfoCount": 1,
      "plotSummaryInfo": {
        "classification": "의사소통",
        "readAge": "초등_저학년",
        "form": "long-form",
        "plotSummaryText": "손오공이 돌아오자, 부처님이 웃으면서 어디까지 갔다 왔냐고 물었더니 세상의 끝인 봉우리가 다섯 개나 되는 산의 가운데 산봉우리에 자신이 다녀갔다고 써 놓고 왔다고 대답했습니다.",
        "textWordEA": 23
      }
    },
    {
      "srcTextID": "124432",
      "srcText": "“그렇게 오랫동안이나요? 그러면요?” “누군가 나타나 너를 구해 줄 것이다. 그러면 너는 그 사람이 시키는 대로 해야 한다.” 부처님은 산을 다스리는 산신을 불러 말했습니다.",
      "srcPage": 60,
      "srcSentenceEA": 5,
      "srcWordEA": 26,
      "character": "누군가,그 사람,부처님,산,산신",
      "setting": null,
      "action": "나타나,구해 줄 것이다,시키는,해야 한다,다스리는,불러,말했습니다",
      "feeling": null,
      "causalRelationship": null,
      "outcomeResolution": null,
      "prediction": null,
      "plotSummaryInfoCount": 1,
      "plotSummaryInfo": {
        "classification": "의사소통",
        "readAge": "초등_저학년",
        "form": "long-form",
        "plotSummaryText": "시간이 지나서 누군가 나타나서 구해주면 그 사람이 시키는 대로 해야 한다고 말했고, 부처님은 산을 다스리는 산신을 불러 말했습니다.",
        "textWordEA": 18
      }
    },
    {
      "srcTextID": "124433",
      "srcText": "“이 원숭이 녀석이 배가 고프다 하면 쇳덩이를 주고, 목이 마르다 하면 쇠를 끓여 녹인 물을 주시오. 무슨 짓을 저지를지 모르는 녀석이니 철저히 감시하시오.” 부처님이 떠나간 뒤 손오공은 도망쳐 보려고 애를 썼지만 무거운 산에 눌려 꼼짝도 할 수 없었습니다. 그렇게 오백 년이 지났습니다.",
      "srcPage": 61,
      "srcSentenceEA": 4,
      "srcWordEA": 45,
      "character": "원숭이,쇳덩이,녀석,부처님,손오공",
      "setting": null,
      "action": "주고,주시오,끓여,감시하시오,떠나간,애를 썼지만,꼼짝도 할 수 없었습니다,도망쳐",
      "feeling": null,
      "causalRelationship": null,
      "outcomeResolution": null,
      "prediction": null,
      "plotSummaryInfoCount": 1,
      "plotSummaryInfo": {
        "classification": "의사소통",
        "readAge": "초등_저학년",
        "form": "long-form",
        "plotSummaryText": "원숭이 녀석이 배가 고프다 하면 쇳덩이를 주고, 목이 마르다 하면 쇠를 끓여 녹인 물을 주고 철저히 감시하라는 부처님이 떠나간 뒤 손오공은 도망쳐 보려고 애를 썼지만, 꼼짝도 할 수 없이 오백 년이 지났습니다.",
        "textWordEA": 32
      }
    },
    {
      "srcTextID": "124436",
      "srcText": "삼장 법사가 주문을 외우자 손오공을 누르고 있던 무거운 산이 사라졌습니다. 자유를 얻은 손오공은 삼장 법사에게 큰절을 했습니다. 그동안 자신의 잘못을 깨달았으니까요.",
      "srcPage": 63,
      "srcSentenceEA": 3,
      "srcWordEA": 23,
      "character": "삼장 법사,손오공,산,자신",
      "setting": null,
      "action": "외우자,누르고,사라졌습니다,큰절을 했습니다",
      "feeling": null,
      "causalRelationship": "자유를 얻은 손오공은 삼장 법사에게 큰절을 했습니다. 그동안 자신의 잘못을 깨달았으니까요.",
      "outcomeResolution": null,
      "prediction": null,
      "plotSummaryInfoCount": 1,
      "plotSummaryInfo": {
        "classification": "의사소통",
        "readAge": "초등_저학년",
        "form": "short-form",
        "plotSummaryText": "삼장 법사가 주문을 외우자 누르고 있던 무거운 산이 사라진 손오공은 그동안 자신의 잘못을 깨닫고 삼장 법사에게 큰절을 했습니다.",
        "textWordEA": 18
      }
    },
    {
      "srcTextID": "124424",
      "srcText": "이때 옥황상제의 참모인 태백 금성이 나와 말했습니다. “손오공은 비록 원숭이지만 오랜 수련으로 도술을 익혀 신선들과도 어깨를 나란히 할 수 있는 실력을 갖추고 있습니다. 만약 손오공과 싸운다면 하늘의 군사들도 적지 않게 다칠 것입니다. 차라리 손오공에게 적당한 벼슬을 주어 식구로 받아들이는 것이 좋을 것 같습니다.”",
      "srcPage": 47,
      "srcSentenceEA": 4,
      "srcWordEA": 45,
      "character": "옥황상제,태백 금성,손오공,원숭이,신선들,식구",
      "setting": null,
      "action": "나와,말했습니다,도술을 익혀,싸운다면,다칠 것입니다,주어,받아들이는",
      "feeling": null,
      "causalRelationship": null,
      "outcomeResolution": null,
      "prediction": null,
      "plotSummaryInfoCount": 1,
      "plotSummaryInfo": {
        "classification": "의사소통",
        "readAge": "초등_저학년",
        "form": "long-form",
        "plotSummaryText": "이때 옥황상제의 참모인 태백 금성이 나와, 손오공은 비록 원숭이지만 도술을 익혀 실력을 갖추고 있어서 만약 그와 싸운다면 하늘의 군사들도 적지 않게 다칠 것이니 적당한 벼슬을 주어 식구로 받아들이는 것이 좋을 것 같다고 말했습니다.",
        "textWordEA": 33
      }
    },
    {
      "srcTextID": "124426",
      "srcText": "어느새 거인으로 변한 부처님은 손오공에게 자신의 손바닥 위로 오르도록 했습니다. “네가 갈 수 있는 만큼 멀리 가 보아라. 그래서 내 손바닥을 벗어나면 너는 자유이고, 벗어나지 못하면 내 말을 들어야 한다. 알겠느냐?”",
      "srcPage": 52,
      "srcSentenceEA": 4,
      "srcWordEA": 33,
      "character": "부처님,손오공,자신,손바닥,거인",
      "setting": null,
      "action": "변한,오르도록 했습니다,가 보아라,벗어나면,벗어나지 못하면,들어야 한다",
      "feeling": null,
      "causalRelationship": null,
      "outcomeResolution": null,
      "prediction": null,
      "plotSummaryInfoCount": 1,
      "plotSummaryInfo": {
        "classification": "의사소통",
        "readAge": "초등_저학년",
        "form": "long-form",
        "plotSummaryText": "거인으로 변한 부처님은 손오공에게 자신의 손바닥 위로 오르게 한 다음, 갈 수 있는 만큼 멀리 가 보아서 이 손바닥을 벗어나면 자유이고, 벗어나지 못하면 자기 말을 들어야 한다고 말했습니다.",
        "textWordEA": 28
      }
    },
    {
      "srcTextID": "124428",
      "srcText": "“안 돼. 이런 엉터리 약속은 지킬 수 없어.” 손오공은 억지를 부리며 여의봉을 마구 휘둘렀습니다. 하지만 아무리 손오공이 뛰어나다고 해도 부처님을 당할 수는 없었습니다. 어느 틈엔가 부처님에게 덜미를 잡히고 만 것입니다.",
      "srcPage": 57,
      "srcSentenceEA": 5,
      "srcWordEA": 34,
      "character": "손오공,여의봉,부처님",
      "setting": null,
      "action": "지킬 수 없어,억지를 부리며,휘둘렀습니다,덜미를 잡히고",
      "feeling": null,
      "causalRelationship": null,
      "outcomeResolution": null,
      "prediction": null,
      "plotSummaryInfoCount": 1,
      "plotSummaryInfo": {
        "classification": "의사소통",
        "readAge": "초등_저학년",
        "form": "long-form",
        "plotSummaryText": "손오공이 엉터리 약속은 지킬 수 없다고 억지를 부리며 여의봉을 마구 휘둘렀지만 어느 틈엔가 부처님에게 덜미를 잡히고 맙니다.",
        "textWordEA": 17
      }
    }
  ]
}