{
  "title": "아기의 진짜 엄마는 누구일까? / 삶은 달걀에서 병아리가 나올까?",
  "author": "이원경",
  "illustrator": "정진호",
  "isbn": "9791128221316",
  "publishedYear": 2020,
  "publisher": "아람북스",
  "paragraphInfoCount": 16,
  "paragraphInfo": [
    {
      "srcTextID": "21203",
      "srcText": "야곱은 농장에서 함께 일하는 친구와 밥을 먹고 있었어. 야곱은 친구의 삶은 달걀을 힐끔 쳐다보며 말했어. “그 달걀을 나에게 빌려줄래? 나중에 갚을게.”",
      "srcPage": 9,
      "srcSentenceEA": 4,
      "srcWordEA": 23,
      "character": "야곱,친구,달걀",
      "setting": "농장,나중에",
      "action": "밥을 먹고 있었어,쳐다보며,말했어",
      "feeling": null,
      "causalRelationship": null,
      "outcomeResolution": null,
      "prediction": "나중에 갚을게.",
      "plotSummaryInfoCount": 1,
      "plotSummaryInfo": {
        "classification": "의사소통",
        "readAge": "초등_저학년",
        "form": "long-form",
        "plotSummaryText": "야곱은 농장에서 함께 일하는 친구와 밥을 먹다 친구의 삶은 달걀을 보며 자신에게 빌려주면 나중에 갚겠다고 말했다.",
        "textWordEA": 16
      }
    },
    {
      "srcTextID": "21202",
      "srcText": "그러자 친구가 말했어. “이자까지 더해서 갚는다고 약속하면 빌려줄게.” “좋아, 내가 이 달걀에 이자까지 더해서 갚을게.” 그렇게 해서 야곱은 삶은 달걀을 더 먹을 수 있었어.",
      "srcPage": 10,
      "srcSentenceEA": 4,
      "srcWordEA": 25,
      "character": "친구,야곱,달걀",
      "setting": null,
      "action": "말했어,빌려줄게,갚을게,먹을 수",
      "feeling": null,
      "causalRelationship": null,
      "outcomeResolution": "그렇게 해서 야곱은 삶은 달걀을 더 먹을 수 있었어.",
      "prediction": null,
      "plotSummaryInfoCount": 1,
      "plotSummaryInfo": {
        "classification": "의사소통",
        "readAge": "초등_저학년",
        "form": "long-form",
        "plotSummaryText": "달걀에 이자까지 더해서 갚겠다고 말한 야곱은 친구에게 달걀을 받아 삶은 달걀을 먹을 수 있었습니다.",
        "textWordEA": 14
      }
    },
    {
      "srcTextID": "21197",
      "srcText": "두 여자의 이야기를 들은 솔로몬 왕이 입을 열었어. “서로 자기 아이라고 하니 누구의 말이 진실인지 알 수가 없구나. 가장 공평한 방법으로 해결할 수밖에.”",
      "srcPage": 4,
      "srcSentenceEA": 3,
      "srcWordEA": 24,
      "character": "여자,솔로몬 왕,아이",
      "setting": null,
      "action": "입을 열었어,들은",
      "feeling": null,
      "causalRelationship": null,
      "outcomeResolution": null,
      "prediction": "가장 공평한 방법으로 해결할 수밖에.",
      "plotSummaryInfoCount": 1,
      "plotSummaryInfo": {
        "classification": "의사소통",
        "readAge": "초등_저학년",
        "form": "short-form",
        "plotSummaryText": "솔로몬 왕은 두 여자가 서로 자기 아이라 우기니 진실을 알 수 없다며 공평한 방법으로 해결할 수밖에 없다고 말했다.",
        "textWordEA": 18
      }
    },
    {
      "srcTextID": "21198",
      "srcText": "솔로몬 왕이 말하자, 두 여자는 조용해졌어. “여봐라, 칼을 가져오너라.” 그러자 부하가 칼 한 자루를 들고 왔어.",
      "srcPage": 5,
      "srcSentenceEA": 3,
      "srcWordEA": 17,
      "character": "솔로몬 왕,여자,부하",
      "setting": null,
      "action": "들고 왔어,말하자",
      "feeling": null,
      "causalRelationship": null,
      "outcomeResolution": null,
      "prediction": "그러자 부하가 칼 한 자루를 들고 왔어.",
      "plotSummaryInfoCount": 1,
      "plotSummaryInfo": {
        "classification": "의사소통",
        "readAge": "초등_저학년",
        "form": "short-form",
        "plotSummaryText": "솔로몬왕은 부하에게 칼을 가져오라 했고, 부하는 칼 한 자루를 들고 왔습니다.",
        "textWordEA": 11
      }
    },
    {
      "srcTextID": "21200",
      "srcText": "바로 그때, 아기를 안고 왔던 여자가 다급한 목소리로 말했어. “임금님! 아기를 저 여자에게 주세요. 저 여자가 아기의 어머니예요. 제발 아기를 죽이지 마세요.” 그러자 다른 여자는 기쁜 목소리로 말했어. “임금님, 정말 공평하세요.”",
      "srcPage": 7,
      "srcSentenceEA": 6,
      "srcWordEA": 35,
      "character": "아기,여자,임금님,어머니",
      "setting": null,
      "action": "말했어,주세요",
      "feeling": "기쁜",
      "causalRelationship": null,
      "outcomeResolution": null,
      "prediction": null,
      "plotSummaryInfoCount": 1,
      "plotSummaryInfo": {
        "classification": "의사소통",
        "readAge": "초등_저학년",
        "form": "long-form",
        "plotSummaryText": "아기를 안고 왔던 여자는 아기를 죽이지 말라며 저 여자에게 주라고 말했고 다른 여자는 임금님이 공평하다며 기쁜 목소리로 말했다.",
        "textWordEA": 18
      }
    },
    {
      "srcTextID": "21201",
      "srcText": "솔로몬 왕은 미소를 지으며 말했어. “진짜 어머니는 아기가 죽는 것을 원치 않지. 저 여자가 진짜 어머니가 맞다. 아기를 저 여자에게 돌려주거라.” 진짜 어머니인 여자는 아기를 가슴에 꼭 안고 기쁨의 눈물을 흘렸어. 하지만 거짓말을 한 여자는 감옥에 갇히게 되었지.",
      "srcPage": 8,
      "srcSentenceEA": 6,
      "srcWordEA": 42,
      "character": "솔로몬 왕,아기,여자,어머니,감옥",
      "setting": null,
      "action": "돌려주거라,안고,눈물을 흘렸어,갇히게",
      "feeling": "기쁨의,미소를 지으며",
      "causalRelationship": null,
      "outcomeResolution": "하지만 거짓말을 한 여자는 감옥에 갇히게 되었지.",
      "prediction": null,
      "plotSummaryInfoCount": 1,
      "plotSummaryInfo": {
        "classification": "의사소통",
        "readAge": "초등_저학년",
        "form": "long-form",
        "plotSummaryText": "솔로몬 왕은 진짜 어머니는 아기가 죽는 것을 원치 않는다며 진짜 어머니에게 아기를 돌려주라고 말했고 거짓말한 여자는 감옥에 갇히게 되었습니다.",
        "textWordEA": 19
      }
    },
    {
      "srcTextID": "21205",
      "srcText": "야곱은 달걀 하나를 친구에게 주었어. “에계, 이게 무언가? 달걀 하나라니? 그때 분명히 자네는 달걀에 이자까지 더해서 갚는다고 약속했네.” 친구는 얼굴을 붉히며 말했지.",
      "srcPage": 12,
      "srcSentenceEA": 5,
      "srcWordEA": 25,
      "character": "야곱,친구,달걀",
      "setting": null,
      "action": "말했지,주었어",
      "feeling": "얼굴을 붉히며",
      "causalRelationship": null,
      "outcomeResolution": null,
      "prediction": null,
      "plotSummaryInfoCount": 1,
      "plotSummaryInfo": {
        "classification": "의사소통",
        "readAge": "초등_저학년",
        "form": "long-form",
        "plotSummaryText": "야곱이 달걀 하나를 친구에게 주었지만, 친구는 달걀에 이자까지 더해서 갚는다고 약속하지 않았냐며 얼굴을 붉히며 말했다.",
        "textWordEA": 15
      }
    },
    {
      "srcTextID": "21206",
      "srcText": "야곱은 깜짝 놀라며 친구에게 물었어. “그럼 자네는 달걀을 몇 개나 받으려고 왔는가?” “삼천 개!” “뭐라고? 삼천 개나?” 그러자 친구가 침착하게 말했어. “자네가 먹은 달걀이 닭이 되어 알을 낳았다고 생각해 보게. 그럼 삼천 개도 더 되었을 걸세.”",
      "srcPage": 13,
      "srcSentenceEA": 7,
      "srcWordEA": 39,
      "character": "야곱,친구,달걀",
      "setting": null,
      "action": "물었어,받으려고,왔는가,말했어,낳았다고",
      "feeling": "침착하게",
      "causalRelationship": null,
      "outcomeResolution": null,
      "prediction": null,
      "plotSummaryInfoCount": 1,
      "plotSummaryInfo": {
        "classification": "의사소통",
        "readAge": "초등_저학년",
        "form": "long-form",
        "plotSummaryText": "야곱은 달걀을 몇 개나 받으려 했는지 친구에게 물었고, 친구는 삼 천 개라고 답하며 자네가 먹은 달걀이 닭이 되어 알을 낳았다면 삼천도 더 되었을 거라 말했습니다.",
        "textWordEA": 25
      }
    },
    {
      "srcTextID": "21208",
      "srcText": "“마찬가지로 삶은 달걀에서 병아리가 나올 수 없겠지. 그러니 그냥 삶은 달걀 한 개만 갚으면 되느니라.” 다윗왕의 판결에 친구는 아무 말도 못 했어.",
      "srcPage": 16,
      "srcSentenceEA": 3,
      "srcWordEA": 24,
      "character": "다윗왕,친구,병아리,달걀",
      "setting": null,
      "action": "나올 수,갚으면",
      "feeling": null,
      "causalRelationship": null,
      "outcomeResolution": "그러니 그냥 삶은 달걀 한 개만 갚으면 되느니라.",
      "prediction": null,
      "plotSummaryInfoCount": 1,
      "plotSummaryInfo": {
        "classification": "의사소통",
        "readAge": "초등_저학년",
        "form": "short-form",
        "plotSummaryText": "삶은 달걀에서 병아리가 나올 수 없으니 삶은 달걀 한 개만 갚으라는 다윗 왕의 판결에 친구는 아무 말도 못 했습니다.",
        "textWordEA": 19
      }
    },
    {
      "srcTextID": "21204",
      "srcText": "세월이 흐르고 흘러 야곱은 큰 부자가 되었어. 어느 날, 달걀을 빌려주었던 친구가 야곱을 찾아왔어. “예전에 내가 빌려주었던 달걀을 갚아 주게.” “알겠네, 잠깐만 기다려 보게.” 친구는 달걀과 그 이자까지 더하며 잔뜩 기대하고 있었어.",
      "srcPage": 11,
      "srcSentenceEA": 5,
      "srcWordEA": 34,
      "character": "야곱,친구,달걀,부자",
      "setting": "세월이 흐르고,어느 날",
      "action": "찾아왔어,빌려주었던",
      "feeling": "기대하고",
      "causalRelationship": null,
      "outcomeResolution": null,
      "prediction": "친구는 달걀과 그 이자까지 더하며 잔뜩 기대하고 있었어.",
      "plotSummaryInfoCount": 1,
      "plotSummaryInfo": {
        "classification": "의사소통",
        "readAge": "초등_저학년",
        "form": "long-form",
        "plotSummaryText": "달걀을 빌려주었던 친구가 큰 부자가 된 야곱을 찾아와서 예전에 자신이 빌려주었던 달걀을 갚아달라 말하며 달걀의 이자까지 받을 생각에 기대하고 있었습니다.",
        "textWordEA": 20
      }
    },
    {
      "srcTextID": "21195",
      "srcText": "어느 날, 두 여자가 솔로몬 왕을 찾아왔어. 아기를 안고 있는 여자가 먼저 흐느끼며 말했어. “임금님! 제 이야기 좀 들어 주세요. 정말 억울해요.”",
      "srcPage": 1,
      "srcSentenceEA": 4,
      "srcWordEA": 25,
      "character": "솔로몬 왕,아기,여자,임금님",
      "setting": "어느 날",
      "action": "말했어,찾아왔어,들어",
      "feeling": "억울해요",
      "causalRelationship": null,
      "outcomeResolution": null,
      "prediction": null,
      "plotSummaryInfoCount": 1,
      "plotSummaryInfo": {
        "classification": "의사소통",
        "readAge": "초등_저학년",
        "form": "long-form",
        "plotSummaryText": "어느 날, 두 여자가 솔로몬 왕을 찾아왔고 아기를 안은 여자가 자신의 이야기를 좀 들어 달라고 말했다.",
        "textWordEA": 16
      }
    },
    {
      "srcTextID": "21194",
      "srcText": "그러자 다른 여자도 나서며 큰 소리로 말했어. “제 이야기 먼저 들어 주세요.” 솔로몬 왕은 침착하게 말했지. “한 사람씩 차근차근 말해 보아라.”",
      "srcPage": 2,
      "srcSentenceEA": 4,
      "srcWordEA": 22,
      "character": "여자,솔로몬 왕",
      "setting": null,
      "action": "말했지,들어",
      "feeling": null,
      "causalRelationship": null,
      "outcomeResolution": "한 사람씩 차근차근 말해 보아라.",
      "prediction": null,
      "plotSummaryInfoCount": 1,
      "plotSummaryInfo": {
        "classification": "의사소통",
        "readAge": "초등_저학년",
        "form": "long-form",
        "plotSummaryText": "다른 여자도 자신의 이야기를 먼저 들어 달라고 큰소리로 말하자 솔로몬 왕은 한 사람씩 말해보라고 침착하게 말했다.",
        "textWordEA": 16
      }
    },
    {
      "srcTextID": "21196",
      "srcText": "아기를 안고 있는 여자가 울음을 그치고 말했어. “이 여자가 제 아기를 한 번만 안아 보자고 하더니 그때부터 자기 아이라고 우겨요.” 옆에 서 있던 여자가 외쳤어. “거짓말이에요, 임금님! 저 아기는 제가 낳은 아이예요.” 두 여자는 계속 아기가 자기 아이라며 다투었어.",
      "srcPage": 3,
      "srcSentenceEA": 6,
      "srcWordEA": 42,
      "character": "아기,여자,임금님",
      "setting": null,
      "action": "말했어,외쳤어,안아,서있던,낳은,다투었어",
      "feeling": null,
      "causalRelationship": null,
      "outcomeResolution": null,
      "prediction": null,
      "plotSummaryInfoCount": 1,
      "plotSummaryInfo": {
        "classification": "의사소통",
        "readAge": "초등_저학년",
        "form": "long-form",
        "plotSummaryText": "아기를 안고 있던 여자는 이 여자가 아기를 안아보더니 자기 아기라며 우긴다 말했고, 이 말을 들은 옆의 여자는 거짓말이라며 제가 낳은 아이라고 외쳤습니다.",
        "textWordEA": 22
      }
    },
    {
      "srcTextID": "21199",
      "srcText": "솔로몬왕은 부하에게 말했어. “자, 아기를 반으로 잘라 두 여자에게 나누어 주어라. 서로 어머니라고 하니 반씩 나누어 갖는 게 가장 공평하지 않겠느냐?” “아, 안 돼요!”",
      "srcPage": 6,
      "srcSentenceEA": 4,
      "srcWordEA": 25,
      "character": "솔로몬 왕,부하,여자,아기",
      "setting": null,
      "action": "말했어,잘라,나누어,주어라",
      "feeling": null,
      "causalRelationship": null,
      "outcomeResolution": "서로 어머니라고 하니 반씩 나누어 갖는 게 가장 공평하지 않겠느냐?",
      "prediction": null,
      "plotSummaryInfoCount": 1,
      "plotSummaryInfo": {
        "classification": "의사소통",
        "readAge": "초등_저학년",
        "form": "long-form",
        "plotSummaryText": "솔로몬은 부하에게 아기를 반으로 잘라 두 여자에게 공평하게 나누어 주라고 말했습니다.",
        "textWordEA": 11
      }
    },
    {
      "srcTextID": "21207",
      "srcText": "야곱은 달걀 한 개 이상은 못 준다며 딱 잘라 말했고, 친구는 꼭 이자까지 받겠다며 고집을 부렸어. 둘은 티격태격 다투다가, 결국 다윗왕을 찾아가기로 했어. 임금님! 저희 이야기 좀 들어 주세요.",
      "srcPage": 14,
      "srcSentenceEA": 4,
      "srcWordEA": 32,
      "character": "야곱,친구,다윗왕,임금,달걀",
      "setting": null,
      "action": "준다며,받겠다며,다투다가,찾아가기로,들어",
      "feeling": null,
      "causalRelationship": "둘은 티격태격 다투다가,결국 다윗왕을 찾아가기로 했어.",
      "outcomeResolution": null,
      "prediction": "저희 이야기 좀 들어 주세요.",
      "plotSummaryInfoCount": 1,
      "plotSummaryInfo": {
        "classification": "의사소통",
        "readAge": "초등_저학년",
        "form": "long-form",
        "plotSummaryText": "야곱은 달걀을 한 개 이상 못 준다 말했고, 친구는 이자까지 받겠다고 하여 고집을 부려 둘은 다투다가, 결국 다윗왕을 찾아가리고 했다.",
        "textWordEA": 20
      }
    },
    {
      "srcTextID": "21209",
      "srcText": "둘의 이야기를 들은 다윗왕이 말했어. “삶은 콩을 땅에 심으면 싹이 나오겠는가?” 그러자 친구가 헛웃음을 지으며 말했어. “절대 안 나옵니다.”",
      "srcPage": 15,
      "srcSentenceEA": 4,
      "srcWordEA": 20,
      "character": "다윗왕,콩,친구,싹",
      "setting": null,
      "action": "심으면,들은,말했어,나옵니다",
      "feeling": "헛웃음을 지으며",
      "causalRelationship": null,
      "outcomeResolution": null,
      "prediction": null,
      "plotSummaryInfoCount": 1,
      "plotSummaryInfo": {
        "classification": "의사소통",
        "readAge": "초등_저학년",
        "form": "long-form",
        "plotSummaryText": "둘의 이야기를 들은 다윗 왕은 삶은 콩을 땅에 심으면 싹이 나오겠냐고 물었고 친구는 헛웃음을 지으며 절대 안 나온다고 말했다.",
        "textWordEA": 19
      }
    }
  ]
}