{
  "title": "벌거벗은 임금님",
  "author": "이승재",
  "illustrator": "이상호",
  "isbn": "9788992191258",
  "publishedYear": 2006,
  "publisher": "한국아이엔이",
  "paragraphInfoCount": 51,
  "paragraphInfo": [
    {
      "srcTextID": "99824",
      "srcText": "옛날, 어느 나라에 어리석은 임금님이 있었어요. 하루에도 몇 번씩 새 옷을 갈아입어야만 마음이 편했어요. 임금님은 나랏일은 돌보지 않고 매일 매일 옷타령만 했답니다.",
      "srcPage": 1,
      "srcSentenceEA": 3,
      "srcWordEA": 24,
      "character": "임금님,옷",
      "setting": "옛날",
      "action": "갈아입어야만,돌보지 않고,옷타령만",
      "feeling": null,
      "causalRelationship": null,
      "outcomeResolution": null,
      "prediction": null,
      "plotSummaryInfoCount": 1,
      "plotSummaryInfo": {
        "classification": "의사소통",
        "readAge": "초등_저학년",
        "form": "short-form",
        "plotSummaryText": "옛날, 어느 나라에 나랏일은 돌보지 않고 옷 타령만 하는 어리석은 임금님이 있었습니다.",
        "textWordEA": 12
      }
    },
    {
      "srcTextID": "99863",
      "srcText": "‘아이쿠, 내가 속았구나.’ 임금님은 그제야 깨닫게 되었어요. 임금님은 속옷만 입은 채 더욱 당당하게 걸어갔어요. 왜냐하면 백성들 앞에서 당당한 모습을 잃고 싶지 않았기 때문입니다.",
      "srcPage": 42,
      "srcSentenceEA": 4,
      "srcWordEA": 26,
      "character": "임금님,속옷",
      "setting": null,
      "action": "입은,당당하게 걸어갔어요,속았구나",
      "feeling": null,
      "causalRelationship": null,
      "outcomeResolution": null,
      "prediction": null,
      "plotSummaryInfoCount": 1,
      "plotSummaryInfo": {
        "classification": "의사소통",
        "readAge": "초등_저학년",
        "form": "long-form",
        "plotSummaryText": "임금님은 그제야 속은 걸 깨달았고, 백성들 앞에서 당당한 모습을 잃고 싶지 않았기에 속옷만 입은 채 더욱 당당하게 걸어갔습니다.",
        "textWordEA": 18
      }
    },
    {
      "srcTextID": "99857",
      "srcText": "“정말 가벼운 옷이로다.” 거울에 비친 임금님의 모습은 벌거벗은 임금님이 되어 있었어요. 하지만 옆에서 지켜 보던 신하들은 입을 모아 말했어요. “임금님 정말 잘 어울립니다.”",
      "srcPage": 36,
      "srcSentenceEA": 4,
      "srcWordEA": 25,
      "character": "옷,거울,임금님,신하들",
      "setting": null,
      "action": "벌거벗은,말했어요,지켜 보던",
      "feeling": null,
      "causalRelationship": null,
      "outcomeResolution": null,
      "prediction": null,
      "plotSummaryInfoCount": 1,
      "plotSummaryInfo": {
        "classification": "의사소통",
        "readAge": "초등_저학년",
        "form": "long-form",
        "plotSummaryText": "거울에 비친 임금님의 모습은 벌거벗은 몸이었지만, 신하들은 정말 잘 어울린다고 말했습니다.",
        "textWordEA": 11
      }
    },
    {
      "srcTextID": "99861",
      "srcText": "드디어 임금님의 성대한 행차가 시작되었어요. 백성들은 신기한 옷을 구경하기 위하여 성 앞으로 모여들었어요. “임금님 옷은 멍청한 사람의 눈에는 보이지 앟는데.”",
      "srcPage": 37,
      "srcSentenceEA": 3,
      "srcWordEA": 21,
      "character": "임금님,백성들,옷",
      "setting": "성 앞",
      "action": "모여들었어요,구경하기,보이지",
      "feeling": null,
      "causalRelationship": null,
      "outcomeResolution": null,
      "prediction": null,
      "plotSummaryInfoCount": 1,
      "plotSummaryInfo": {
        "classification": "의사소통",
        "readAge": "초등_저학년",
        "form": "short-form",
        "plotSummaryText": "드디어 임금님의 성대한 행차가 시작되었고, 백성들은 성 앞으로 모여들었습니다.",
        "textWordEA": 9
      }
    },
    {
      "srcTextID": "99837",
      "srcText": "두 재봉사는 늙은 대신을 보자 더욱 열심히 옷감 짜는 척을 했어요. “어흠, 수고들 하네.” “아이고 나리, 어서 오십시오.”",
      "srcPage": 14,
      "srcSentenceEA": 3,
      "srcWordEA": 18,
      "character": "재봉사,대신,옷감",
      "setting": null,
      "action": "보자,짜는 척을 했어요",
      "feeling": null,
      "causalRelationship": null,
      "outcomeResolution": null,
      "prediction": null,
      "plotSummaryInfoCount": 1,
      "plotSummaryInfo": {
        "classification": "의사소통",
        "readAge": "초등_저학년",
        "form": "short-form",
        "plotSummaryText": "두 재봉사는 늙은 대신을 보자 더욱 열심히 옷감 짜는 척을 하며 인사를 했습니다.",
        "textWordEA": 13
      }
    },
    {
      "srcTextID": "99835",
      "srcText": "‘아니, 이게 웬일일까? 내 눈에는 아무 것도 보이지 않잖아.’ 늙은 신하는 속으로 중얼거렸어요.",
      "srcPage": 16,
      "srcSentenceEA": 3,
      "srcWordEA": 15,
      "character": "늙은 신하,내",
      "setting": null,
      "action": "보이지 않잖아,중얼거렸어요",
      "feeling": null,
      "causalRelationship": null,
      "outcomeResolution": null,
      "prediction": null,
      "plotSummaryInfoCount": 1,
      "plotSummaryInfo": {
        "classification": "의사소통",
        "readAge": "초등_저학년",
        "form": "short-form",
        "plotSummaryText": "늙은 신하는 아무것도 보이지 않는다고 속으로 중얼거렸습니다.",
        "textWordEA": 7
      }
    },
    {
      "srcTextID": "99870",
      "srcText": "그러던 중 스페인 기사들의 이야기를 동화로 만들어야겠다고 생각했어요. 벌거벗은 임금님은 이 때 지은 동화랍니다. 나라는 돌보지 않고 날마다 옷 타령만 하는 임금님 앞에 두 명의 재봉사가 나타났어요.",
      "srcPage": 46,
      "srcSentenceEA": 3,
      "srcWordEA": 29,
      "character": "스페인 기사들,벌거벗은 임금님,재봉사",
      "setting": null,
      "action": "만들어야겠다고,돌보지 않고,타령만 하는",
      "feeling": null,
      "causalRelationship": null,
      "outcomeResolution": null,
      "prediction": null,
      "plotSummaryInfoCount": 1,
      "plotSummaryInfo": {
        "classification": "의사소통",
        "readAge": "초등_저학년",
        "form": "short-form",
        "plotSummaryText": "벌거벗은 임금님은 스페인 기사들의 이야기를 동화로 만들어야겠다고 생각을 했을 때 지은 동화입니다.",
        "textWordEA": 12
      }
    },
    {
      "srcTextID": "99872",
      "srcText": "왜냐하면 임금님은 멍청하다는 말을 듣는 것이 두려웠기 때문이지요. 나중에는 신하들조차도 진실을 말하지 았어요. 결국 임금님은 벌거벗은 채 백성들 앞에서 행진을 했어요.",
      "srcPage": 48,
      "srcSentenceEA": 3,
      "srcWordEA": 23,
      "character": "임금님,신하들,백성들",
      "setting": null,
      "action": "말하지 았어요,벌거벗은 채,행진을 했어요",
      "feeling": null,
      "causalRelationship": null,
      "outcomeResolution": null,
      "prediction": null,
      "plotSummaryInfoCount": 1,
      "plotSummaryInfo": {
        "classification": "의사소통",
        "readAge": "초등_저학년",
        "form": "short-form",
        "plotSummaryText": "임금님은 멍청하다는 말을 듣는 것이 두려웠고 신하들조차도 진실을 말하지 않았기 때문에 결국 벌거벗은 채 백성들 앞에서 행진을 했습니다.",
        "textWordEA": 18
      }
    },
    {
      "srcTextID": "99869",
      "srcText": "그때, 한 어린이가 외쳤어요. ‘임금님은 벌거숭이야’라고. 창피를 당한 임금님은 자신의 어리석음을 후회했어요. 이 이야기는 그 당시 사치스럽고 허풍 센 귀족들의 생활을 비웃듯 재미있게 꾸민 것이랍니다.",
      "srcPage": 49,
      "srcSentenceEA": 4,
      "srcWordEA": 29,
      "character": "어린이,임금님,귀족들",
      "setting": null,
      "action": "외쳤어요,창피를 당한",
      "feeling": null,
      "causalRelationship": null,
      "outcomeResolution": null,
      "prediction": null,
      "plotSummaryInfoCount": 1,
      "plotSummaryInfo": {
        "classification": "의사소통",
        "readAge": "초등_저학년",
        "form": "long-form",
        "plotSummaryText": "창피를 당한 임금님이 자신의 어리석음을 후회했다는 이 이야기는 그 당시 사치스럽고 허풍 센 귀족들의 생활을 비웃듯 재미있게 꾸민 것이랍니다.",
        "textWordEA": 19
      }
    },
    {
      "srcTextID": "99843",
      "srcText": "그러자 두 재봉사는 눈을 찡긋거리며 속으로 ‘껄껄껄’ 웃었어요. 늙은 신하는 임금님께도 거짓 보고를 했어요. “임금님, 옷감의 빛깔과 무늬가 얼마나 아름다운지 정말 훌륭했습니다.”",
      "srcPage": 18,
      "srcSentenceEA": 4,
      "srcWordEA": 24,
      "character": "재봉사,신하,임금님,옷감",
      "setting": null,
      "action": "찡긋거리며,웃었어요,거짓 보고를 했어요",
      "feeling": null,
      "causalRelationship": null,
      "outcomeResolution": null,
      "prediction": null,
      "plotSummaryInfoCount": 1,
      "plotSummaryInfo": {
        "classification": "의사소통",
        "readAge": "초등_저학년",
        "form": "long-form",
        "plotSummaryText": "늙은 신하는 임금님께도 옷감의 빛깔과 무늬가 아름답다고 거짓 보고를 했습니다.",
        "textWordEA": 10
      }
    },
    {
      "srcTextID": "99842",
      "srcText": "“허허허, 그래요. 언제쯤 옷감을 다 짤 것 같소?” “조금만 기다리시면 될 것 같습니다.” 임금님은 아주 만족스런 표정을 지었어요.",
      "srcPage": 19,
      "srcSentenceEA": 4,
      "srcWordEA": 20,
      "character": "옷감,임금님",
      "setting": null,
      "action": "만족스런 표정을 지었어요,짤 것",
      "feeling": null,
      "causalRelationship": null,
      "outcomeResolution": null,
      "prediction": null,
      "plotSummaryInfoCount": 1,
      "plotSummaryInfo": {
        "classification": "의사소통",
        "readAge": "초등_저학년",
        "form": "long-form",
        "plotSummaryText": "조금만 기다리시면 옷감을 다 짤 것 같다는 말에 임금님은 아주 만족스러운 표정을 지었습니다.",
        "textWordEA": 13
      }
    },
    {
      "srcTextID": "99841",
      "srcText": "‘이번엔 좀더 젊고 똑똑한 신하를 보내 봐야지.’ 젊은 신하도 똑같은 걱정을 하며 베 짜는 곳으로 갔어요. 두 재봉사는 기다리고 있던 것처럼 처음과 똑같은 거짓말을 했어요.",
      "srcPage": 20,
      "srcSentenceEA": 3,
      "srcWordEA": 27,
      "character": "신하,재봉사",
      "setting": null,
      "action": "갔어요,거짓말을 했어요,보내",
      "feeling": null,
      "causalRelationship": null,
      "outcomeResolution": null,
      "prediction": null,
      "plotSummaryInfoCount": 1,
      "plotSummaryInfo": {
        "classification": "의사소통",
        "readAge": "초등_저학년",
        "form": "short-form",
        "plotSummaryText": "이번엔 좀더 젊은 신하를 보냈고, 두 재봉사는 처음과 똑같은 거짓말을 했습니다.",
        "textWordEA": 11
      }
    },
    {
      "srcTextID": "99849",
      "srcText": "“아름다운 빛깔과 무늬는 세상에서 처음 보는 것 같습니다.” 임금님은 마음 속으로 생각했어요. ‘그럼, 신하들 눈에는 옷감이 보인단 말인가?’",
      "srcPage": 28,
      "srcSentenceEA": 3,
      "srcWordEA": 20,
      "character": "임금님,옷감,신하들",
      "setting": null,
      "action": "보는,생각했어요",
      "feeling": null,
      "causalRelationship": null,
      "outcomeResolution": null,
      "prediction": null,
      "plotSummaryInfoCount": 1,
      "plotSummaryInfo": {
        "classification": "의사소통",
        "readAge": "초등_저학년",
        "form": "short-form",
        "plotSummaryText": "임금님은 마음 속으로 신하들 눈에는 옷감이 보인다고 생각했습니다.",
        "textWordEA": 8
      }
    },
    {
      "srcTextID": "99853",
      "srcText": "신하들이 거짓말을 하는 줄도 모르고 백성들이 멍청한 임금님이라고 부를까 봐 겁이 났어요. 할 수 없이 임금님도 그만 신하들 앞에서 거짓말을 하고 말았어요. “듣던 대로 참으로 아름다운 옷감이오. 내 마음에 꼭 든단 말이야.”",
      "srcPage": 29,
      "srcSentenceEA": 4,
      "srcWordEA": 34,
      "character": "신하,백성들,임금님,옷감",
      "setting": null,
      "action": "거짓말을 하고 말았어요",
      "feeling": "겁이 났어요",
      "causalRelationship": null,
      "outcomeResolution": null,
      "prediction": null,
      "plotSummaryInfoCount": 1,
      "plotSummaryInfo": {
        "classification": "의사소통",
        "readAge": "초등_저학년",
        "form": "long-form",
        "plotSummaryText": "임금님도 백성들이 멍청한 임금님이라고 부를까 봐 아름다운 옷감이고 자기의 마음에 꼭 든다고 거짓말을 하고 말았습니다.",
        "textWordEA": 15
      }
    },
    {
      "srcTextID": "99859",
      "srcText": "재봉사들은 임금님의 옷을 벗기고 새 옷을 입히는 척했어요. “이제 저고리를 입으시고 망토를 두르시면 됩니다.” 임금님은 재봉사들이 시키는 대로 했어요.",
      "srcPage": 34,
      "srcSentenceEA": 3,
      "srcWordEA": 20,
      "character": "임금님,옷,저고리,망토,재봉사들",
      "setting": null,
      "action": "벗기고,입히는 척했어요,시키는 대로 했어요,입으시고,두르시면",
      "feeling": null,
      "causalRelationship": null,
      "outcomeResolution": null,
      "prediction": null,
      "plotSummaryInfoCount": 1,
      "plotSummaryInfo": {
        "classification": "의사소통",
        "readAge": "초등_저학년",
        "form": "short-form",
        "plotSummaryText": "재봉사들은 임금님의 옷을 벗기고 새 옷을 입히는 척했고 임금님은 그들이 시키는 대로 했습니다.",
        "textWordEA": 13
      }
    },
    {
      "srcTextID": "99856",
      "srcText": "“임금님, 이 옷은 거미줄보다 가볍습니다. 그래서 아무 것도 입지 않은 것처럼 생각될 겁니다.” 재봉사들이 이렇게 말하자 임금님도 맞장구를 쳤어요.",
      "srcPage": 35,
      "srcSentenceEA": 3,
      "srcWordEA": 21,
      "character": "임금님,옷,거미줄,재봉사들",
      "setting": null,
      "action": "말하자,맞장구를 쳤어요,입지",
      "feeling": null,
      "causalRelationship": null,
      "outcomeResolution": null,
      "prediction": null,
      "plotSummaryInfoCount": 1,
      "plotSummaryInfo": {
        "classification": "의사소통",
        "readAge": "초등_저학년",
        "form": "short-form",
        "plotSummaryText": "재봉사들이 이 옷은 가벼워서 아무것도 입지 않은 것처럼 생각될 거라고 말하자 임금님도 맞장구를 쳤습니다.",
        "textWordEA": 14
      }
    },
    {
      "srcTextID": "99860",
      "srcText": "“세상에 그런 옷도 있어?” 사람들은 모두 수군거렸어요. 드디어 임금님이 백성들 앞에 모습을 드러내자 백성들은 깜짝 놀라고 말았어요.",
      "srcPage": 38,
      "srcSentenceEA": 3,
      "srcWordEA": 19,
      "character": "옷,임금님,백성들",
      "setting": null,
      "action": "수군거렸어요,드러내자",
      "feeling": "깜짝 놀라고",
      "causalRelationship": null,
      "outcomeResolution": null,
      "prediction": null,
      "plotSummaryInfoCount": 1,
      "plotSummaryInfo": {
        "classification": "의사소통",
        "readAge": "초등_저학년",
        "form": "short-form",
        "plotSummaryText": "그런 옷도 있냐고 사람들은 수군거렸고, 임금님이 모습을 드러내자 백성들은 깜짝 놀라고 말았습니다.",
        "textWordEA": 12
      }
    },
    {
      "srcTextID": "99862",
      "srcText": "임금님의 모습은 겉옷 하나 걸치지 않은 벌거숭이였기 때문이지요. 정말 우스꽝스런 모습이었지만 누구 한 사람 진실을 말하지 못했어요. “정말 임금님의 옷은 멋있어.” “임금님에게 너무 잘 어울리는 것 같아.”",
      "srcPage": 39,
      "srcSentenceEA": 4,
      "srcWordEA": 28,
      "character": "임금님,겉옷",
      "setting": null,
      "action": "걸치지 않은,말하지 못했어요",
      "feeling": null,
      "causalRelationship": null,
      "outcomeResolution": null,
      "prediction": null,
      "plotSummaryInfoCount": 1,
      "plotSummaryInfo": {
        "classification": "의사소통",
        "readAge": "초등_저학년",
        "form": "long-form",
        "plotSummaryText": "임금님은 겉옷 하나 걸치지 않은 벌거숭이였지만, 누구 한 사람 진실을 말하지 못했습니다.",
        "textWordEA": 12
      }
    },
    {
      "srcTextID": "99864",
      "srcText": "그 때, 사람들 속에서 어린아이 하나가 입을 열었어요. “헤헤헤, 임금님은 벌거숭이야. 배꼽을 내놔도 부끄럽지 않나 봐.”",
      "srcPage": 40,
      "srcSentenceEA": 3,
      "srcWordEA": 17,
      "character": "어린아이,임금님,벌거숭이",
      "setting": null,
      "action": "입을 열었어요,내놔도",
      "feeling": null,
      "causalRelationship": null,
      "outcomeResolution": null,
      "prediction": null,
      "plotSummaryInfoCount": 1,
      "plotSummaryInfo": {
        "classification": "의사소통",
        "readAge": "초등_저학년",
        "form": "short-form",
        "plotSummaryText": "그 때, 사람들 속에서 어린아이 하나가 임금님은 벌거숭이라고 입을 열었습니다.",
        "textWordEA": 10
      }
    },
    {
      "srcTextID": "99865",
      "srcText": "그 때서야 사람들은 모두 웃으며 말했어요. “그래 맞아, 임금님은 아무 것도 입지 않았어.” 임금님의 얼굴이 빨갛게 달아올랐어요.",
      "srcPage": 41,
      "srcSentenceEA": 3,
      "srcWordEA": 18,
      "character": "사람들,임금님",
      "setting": null,
      "action": "웃으며 말했어요,입지 않았어,빨갛게 달아올랐어요",
      "feeling": null,
      "causalRelationship": null,
      "outcomeResolution": null,
      "prediction": null,
      "plotSummaryInfoCount": 1,
      "plotSummaryInfo": {
        "classification": "의사소통",
        "readAge": "초등_저학년",
        "form": "short-form",
        "plotSummaryText": "사람들이 웃으며 임금님은 아무 것도 입지 않았다고 말하자, 임금님의 얼굴이 빨갛게 달아올랐습니다.",
        "textWordEA": 12
      }
    },
    {
      "srcTextID": "99867",
      "srcText": "성으로 돌아온 임금님은 어린아이를 불렀어요. 그리고 신하들 앞에서 큰 소리로 말했어요. \"여러분은 이 어린아이보다 용기가 없는 사람들이오.\"",
      "srcPage": 43,
      "srcSentenceEA": 3,
      "srcWordEA": 18,
      "character": "임금님,어린아이,신하들",
      "setting": "성",
      "action": "돌아온,불렀어요,말했어요",
      "feeling": null,
      "causalRelationship": null,
      "outcomeResolution": null,
      "prediction": null,
      "plotSummaryInfoCount": 1,
      "plotSummaryInfo": {
        "classification": "의사소통",
        "readAge": "초등_저학년",
        "form": "short-form",
        "plotSummaryText": "성으로 돌아온 임금님은 어린아이를 불렀고 신하들에게 이 어린아이보다 용기가 없는 사람들이라고 말했습니다.",
        "textWordEA": 12
      }
    },
    {
      "srcTextID": "99866",
      "srcText": "\"물론 나도 잘못이 많았던 것을 인정하오. 앞으로 사치를 부리지 않고 백성을 사랑하는 어진 임금이 될 것이오.\" 신하들은 모두 머리를 숙이고 잘못을 뉘우쳤어요. 임금님은 용기 있는 어린아이에게 많은 상을 내렸답니다.",
      "srcPage": 44,
      "srcSentenceEA": 4,
      "srcWordEA": 32,
      "character": "백성,신하들,임금님,나,임금",
      "setting": null,
      "action": "머리를 숙이고,내렸답니다",
      "feeling": null,
      "causalRelationship": null,
      "outcomeResolution": null,
      "prediction": null,
      "plotSummaryInfoCount": 1,
      "plotSummaryInfo": {
        "classification": "의사소통",
        "readAge": "초등_저학년",
        "form": "long-form",
        "plotSummaryText": "임금님은 앞으로 사치를 부리지 않고 백성을 사랑하는 어진 임금이 되겠다고 했고, 신하들은 잘못을 뉘우쳤으며, 용기 있는 어린아이에게 많은 상을 내렸답니다.",
        "textWordEA": 20
      }
    },
    {
      "srcTextID": "99871",
      "srcText": "벌거벗은 임금님 이야기 속으로 들어가 봐요. 안데르센은 어릴 때부터 동물이나 꽃들에게 말을 걸어 보기도 했답니다. 언젠가 안데르센은 물고기가 되어 바닷속을 헤엄치는 공상을 하다가 큰 웅덩이에 빠지는 일도 있었답니다. 어른이 된 안데르센은 이곳 저곳을 다니며 동화의 소재를 찾았어요.",
      "srcPage": 45,
      "srcSentenceEA": 4,
      "srcWordEA": 40,
      "character": "벌거벗은 임금님,안데르센,꽃,물고기,바닷속",
      "setting": null,
      "action": "말을 걸어,헤엄치는,빠지는,찾았어요",
      "feeling": null,
      "causalRelationship": null,
      "outcomeResolution": null,
      "prediction": null,
      "plotSummaryInfoCount": 1,
      "plotSummaryInfo": {
        "classification": "의사소통",
        "readAge": "초등_저학년",
        "form": "long-form",
        "plotSummaryText": "안데르센은 어릴 때부터 동물이나 꽃들에게 말을 걸어 보기도 했고, 어른이 되어서는 이곳저곳을 다니며 동화의 소재를 찾았습니다.",
        "textWordEA": 16
      }
    },
    {
      "srcTextID": "99868",
      "srcText": "그 재봉사들은 사기꾼이었지요. 멍청한 사람의 눈에는 보이지 않는 신기한 옷을 만들어 주겠다는 말에 임금님은 속고 말지요. 옷이 완성되었다는 말에 임금님은 눈에 보이지도 않는 것을 보이는 척했어요.",
      "srcPage": 47,
      "srcSentenceEA": 3,
      "srcWordEA": 28,
      "character": "사기꾼,옷,임금님,재봉사들",
      "setting": null,
      "action": "만들어,보이는 척했어요",
      "feeling": null,
      "causalRelationship": null,
      "outcomeResolution": null,
      "prediction": null,
      "plotSummaryInfoCount": 1,
      "plotSummaryInfo": {
        "classification": "의사소통",
        "readAge": "초등_저학년",
        "form": "short-form",
        "plotSummaryText": "멍청한 사람의 눈에는 보이지 않는 신기한 옷을 만들어 주겠다는 재봉사들의 말에 속아 임금님은 눈에 보이지도 않는 것을 보이는 척했습니다.",
        "textWordEA": 19
      }
    },
    {
      "srcTextID": "99825",
      "srcText": "“임금님, 이 옷은 우리 나라 최고의 재봉사가 만든 옷입니다.” 어느 날, 신하가 새 옷을 지어 임금님께 보여 드렸습니다. “에이, 그 옷은 빛깔이 마음에 들지 않아!”",
      "srcPage": 2,
      "srcSentenceEA": 3,
      "srcWordEA": 26,
      "character": "이히체크,카샤,머리",
      "setting": null,
      "action": "잡아당겨도,울기 시작했습니다",
      "feeling": null,
      "causalRelationship": null,
      "outcomeResolution": null,
      "prediction": null,
      "plotSummaryInfoCount": 1,
      "plotSummaryInfo": {
        "classification": "의사소통",
        "readAge": "초등_저학년",
        "form": "short-form",
        "plotSummaryText": "신하가 새 옷을 지어 보여 드려도 임금님은 빛깔이 마음에 들지 않는다고 했습니다.",
        "textWordEA": 12
      }
    },
    {
      "srcTextID": "99874",
      "srcText": "이것이 궁금해요. 재봉사. 천이나 가죽, 종이 들을 이용하여 옷을 만드는 사람. 요즘에는 재봉사라는 말 대신에 패션디자이너 라고 부르는 것이 옳겠지요. 지금은 찾기가 쉽지 않지만, 얼마 전까지만 하더라도 옷을 수선하거나 만들어 주는 재봉사들이 아주 많았어요. 그리고 옛날에는 주로 손으로 옷을 만들어 입었으나 재봉틀이 발명되고부터는 기계를 이용하여 옷을 만들기 시작하였어요. 지금은 우리 가정에서도 재봉틀을 구경하기가 쉽지 않지만 예전에는 재봉틀을 가정집에서도 많이 이용하였답니다.",
      "srcPage": 50,
      "srcSentenceEA": 7,
      "srcWordEA": 66,
      "character": "재봉사,옷,패션디자이너,재봉틀,기계",
      "setting": null,
      "action": "만드는,수선하거나,만들어 주는,이용하여,이용하였답니다",
      "feeling": null,
      "causalRelationship": null,
      "outcomeResolution": null,
      "prediction": null,
      "plotSummaryInfoCount": 1,
      "plotSummaryInfo": {
        "classification": "의사소통",
        "readAge": "초등_저학년",
        "form": "long-form",
        "plotSummaryText": "재봉사는 천이나 가죽, 종이 들을 이용하여 옷을 만드는 사람으로 요즘에는 패션디자이너라고 부르며, 옛날에는 주로 손으로 옷을 만들어 입어 재봉사들이 많았으나 재봉틀이 발명되고부터는 기계를 이용하여 옷을 만들기 시작했습니다.",
        "textWordEA": 27
      }
    },
    {
      "srcTextID": "99873",
      "srcText": "베틀. 실을 뽑아 베를 짜는 나무로 만든 기계. 우리나라 베틀은 주로 무명이나 모시, 명주, 삼베 등의 피륙을 짜는 데 이용되었어요. 지금은 모두 전기를 이용하여 기계로 베를 짜지만, 옛날에는 나무로 만들어진 베틀로 베를 짰는데 이 베틀로 짠 베를 이용해 옷을 만들어 입었어요.",
      "srcPage": 51,
      "srcSentenceEA": 3,
      "srcWordEA": 44,
      "character": "베틀,무명,모시,명주,삼베",
      "setting": null,
      "action": "뽑아,짜는,만든,입었어요,짰는데",
      "feeling": null,
      "causalRelationship": null,
      "outcomeResolution": null,
      "prediction": null,
      "plotSummaryInfoCount": 1,
      "plotSummaryInfo": {
        "classification": "의사소통",
        "readAge": "초등_저학년",
        "form": "short-form",
        "plotSummaryText": "베틀은 실을 뽑아 베를 짜는 나무로 만든 기계로, 지금은 전기를 이용하여 기계로 베를 짜지만, 옛날에는 베틀로 베를 짜 옷을 만들어 입었습니다.",
        "textWordEA": 21
      }
    },
    {
      "srcTextID": "99831",
      "srcText": "‘그것 참 재미있겠어. 내 신하 중 어떤 사람이 멍청하고 똑똑한지 금방 알 수 있겠구먼. 허허, 그 옷을 언제쯤 입어 볼 수 있을까?’",
      "srcPage": 10,
      "srcSentenceEA": 3,
      "srcWordEA": 24,
      "character": "신하,옷",
      "setting": null,
      "action": "입어,알",
      "feeling": "재미있겠어",
      "causalRelationship": null,
      "outcomeResolution": null,
      "prediction": null,
      "plotSummaryInfoCount": 1,
      "plotSummaryInfo": {
        "classification": "의사소통",
        "readAge": "초등_저학년",
        "form": "short-form",
        "plotSummaryText": "신하 중 어떤 사람이 멍청하고 똑똑한지 금방 알 수 있겠다며, 그 옷을 언제쯤 입어 볼 수 있을지 궁금해 했습니다.",
        "textWordEA": 19
      }
    },
    {
      "srcTextID": "99840",
      "srcText": "재봉사들은 늙은 대신을 베틀 앞으로 안내했어요. “나리, 이 옷감의 빛깔을 보십시오. 정말 아름답지 않습니까?” 재봉사들은 아무 것도 없는 베틀을 향해 말했어요.",
      "srcPage": 15,
      "srcSentenceEA": 4,
      "srcWordEA": 23,
      "character": "재봉사,대신,베틀,옷감",
      "setting": null,
      "action": "안내했어요,말했어요,보십시오",
      "feeling": null,
      "causalRelationship": null,
      "outcomeResolution": null,
      "prediction": null,
      "plotSummaryInfoCount": 1,
      "plotSummaryInfo": {
        "classification": "의사소통",
        "readAge": "초등_저학년",
        "form": "long-form",
        "plotSummaryText": "재봉사들은 늙은 대신을 아무 것도 없는 베틀 앞으로 안내하고 옷감의 빛깔이 아름답지 않냐고 말했습니다.",
        "textWordEA": 14
      }
    },
    {
      "srcTextID": "99836",
      "srcText": "‘옷감이 보이지 않는다고 말하면 나를 멍청한 사람으로 생각하겠지.’ 그래서 늙은 대신은 거짓말을 했어요. “음, 정말 아름다운 옷감이야.”",
      "srcPage": 17,
      "srcSentenceEA": 3,
      "srcWordEA": 18,
      "character": "옷감,늙은 대신",
      "setting": null,
      "action": "생각하겠지,거짓말을 했어요,말하면",
      "feeling": null,
      "causalRelationship": null,
      "outcomeResolution": null,
      "prediction": null,
      "plotSummaryInfoCount": 1,
      "plotSummaryInfo": {
        "classification": "의사소통",
        "readAge": "초등_저학년",
        "form": "short-form",
        "plotSummaryText": "옷감이 보이지 않는다고 말하면 자기를 멍청한 사람으로 생각할까 봐 늙은 대신은 아름다운 옷감이라고 거짓말을 했습니다.",
        "textWordEA": 15
      }
    },
    {
      "srcTextID": "99844",
      "srcText": "‘거참, 내 눈에는 옷감은 커녕 실오라기 하나 보이지 않구먼.’ 이렇게 고민하던 젊은 대신도 임금님 앞에 가서는 또 거짓을 아뢰었어요. “임금님! 역시 소문대로 아주 훌륭한 옷감이었어요.”",
      "srcPage": 22,
      "srcSentenceEA": 3,
      "srcWordEA": 27,
      "character": "옷감,실오라기,젊은 대신,임금님",
      "setting": null,
      "action": "고민하던,가서는,거짓을 아뢰었어요,보이지",
      "feeling": null,
      "causalRelationship": null,
      "outcomeResolution": null,
      "prediction": null,
      "plotSummaryInfoCount": 1,
      "plotSummaryInfo": {
        "classification": "의사소통",
        "readAge": "초등_저학년",
        "form": "short-form",
        "plotSummaryText": "젊은 대신도 임금님 앞에 가서는 아주 훌륭한 옷감이었다고 거짓을 아뢰었습니다.",
        "textWordEA": 10
      }
    },
    {
      "srcTextID": "99855",
      "srcText": "얼마 후, 재봉사들은 큰 소리로 말했어요. “야! 드디어 옷감이 완성됐다. 이제 옷 만드는 일만 남았어.” 재봉사들은 허공을 향해 뭔가를 꿰매는 흉내를 냈어요.",
      "srcPage": 32,
      "srcSentenceEA": 4,
      "srcWordEA": 25,
      "character": "옷감,옷,재봉사들",
      "setting": "얼마 후",
      "action": "말했어요,꿰매는 흉내를 냈어요,만드는",
      "feeling": null,
      "causalRelationship": null,
      "outcomeResolution": null,
      "prediction": null,
      "plotSummaryInfoCount": 1,
      "plotSummaryInfo": {
        "classification": "의사소통",
        "readAge": "초등_저학년",
        "form": "long-form",
        "plotSummaryText": "얼마 후, 재봉사들은 옷감이 완성되었고 옷 만드는 일만 남았다고 했고, 허공을 향해 뭔 가를 꿰매는 흉내를 냈습니다.",
        "textWordEA": 17
      }
    },
    {
      "srcTextID": "99852",
      "srcText": "신하들은 임금님의 옷이 완성되면 성대한 행차를 벌이자고 말했어요. “그래, 그것 좋은 생각이군.” 임금님도 찬성을 했어요.",
      "srcPage": 30,
      "srcSentenceEA": 3,
      "srcWordEA": 16,
      "character": "신하들,임금님,옷",
      "setting": null,
      "action": "찬성을 했어요,행차를 벌이자고 말했어요",
      "feeling": null,
      "causalRelationship": null,
      "outcomeResolution": null,
      "prediction": null,
      "plotSummaryInfoCount": 1,
      "plotSummaryInfo": {
        "classification": "의사소통",
        "readAge": "초등_저학년",
        "form": "short-form",
        "plotSummaryText": "신하들은 임금님의 옷이 완성되면 성대한 행차를 벌이자고 말했고, 임금님도 찬성을 했습니다.",
        "textWordEA": 11
      }
    },
    {
      "srcTextID": "99854",
      "srcText": "더욱 신이 난 재봉사들은 임금님께 말했어요. “임금님! 밤을 새워 옷을 완성하겠습니다.” 임금님은 재봉사들에게 많은 금화를 선물로 주었어요.",
      "srcPage": 31,
      "srcSentenceEA": 3,
      "srcWordEA": 19,
      "character": "재봉사,임금님,옷,금화",
      "setting": null,
      "action": "말했어요,밤을 새워,완성하겠습니다,주었어요",
      "feeling": null,
      "causalRelationship": null,
      "outcomeResolution": null,
      "prediction": null,
      "plotSummaryInfoCount": 1,
      "plotSummaryInfo": {
        "classification": "의사소통",
        "readAge": "초등_저학년",
        "form": "short-form",
        "plotSummaryText": "신이 난 재봉사들은 임금님께 밤을 새워 옷을 완성하겠다고 말했고, 임금님은 많은 금화를 선물로 주었습니다.",
        "textWordEA": 14
      }
    },
    {
      "srcTextID": "99858",
      "srcText": "며칠이 또 지나자 재봉사들은 손에 뭔가를 든 것처럼 하며 임금님 앞으로 왔어요. “이것은 바지입니다. 어서 입어 보시지요.”",
      "srcPage": 33,
      "srcSentenceEA": 3,
      "srcWordEA": 18,
      "character": "임금님,바지,재봉사들",
      "setting": "며칠이 또 지나자",
      "action": "든 것처럼 하며,왔어요,입어",
      "feeling": null,
      "causalRelationship": null,
      "outcomeResolution": null,
      "prediction": null,
      "plotSummaryInfoCount": 1,
      "plotSummaryInfo": {
        "classification": "의사소통",
        "readAge": "초등_저학년",
        "form": "short-form",
        "plotSummaryText": "며칠이 또 지나자 재봉사들은 손에 뭔 가를 든 것처럼 하고 바지를 입어보시라며 임금님 앞으로 왔습니다.",
        "textWordEA": 15
      }
    },
    {
      "srcTextID": "99830",
      "srcText": "그러던 어느 날, 낯선 재봉사 두 사람이 나타나 임금님 뵙기를 청했어요. “저희들은 임금님이 깜짝 놀랄 만한 훌륭한 옷을 지어 드릴 수 있답니다.” “깜짝 놀랄 만한 훌륭한 옷이라 했느냐?” 임금님은 귀가 솔깃해졌어요.",
      "srcPage": 6,
      "srcSentenceEA": 4,
      "srcWordEA": 32,
      "character": "재봉사,임금님,옷",
      "setting": "어느 날",
      "action": "뵙기를 청했어요,귀가 솔깃해졌어요,지어",
      "feeling": null,
      "causalRelationship": null,
      "outcomeResolution": null,
      "prediction": null,
      "plotSummaryInfoCount": 1,
      "plotSummaryInfo": {
        "classification": "의사소통",
        "readAge": "초등_저학년",
        "form": "long-form",
        "plotSummaryText": "낯선 재봉사 두 사람이 나타나 임금님이 깜짝 놀랄 만한 훌륭한 옷을 지어 드릴 수 있다고 하자 임금님은 귀가 솔깃해졌습니다.",
        "textWordEA": 19
      }
    },
    {
      "srcTextID": "99828",
      "srcText": "이 소식은 나라 안에 있는 모든 백성들에게 알려졌어요. “임금님의 마음에 드는 옷을 만드는 사람에게 큰 상을 준대요.” 사람들은 큰 상을 준다는 말에 모두 궁궐로 몰려들었어요.",
      "srcPage": 4,
      "srcSentenceEA": 3,
      "srcWordEA": 26,
      "character": "백성,임금님,옷,궁궐",
      "setting": null,
      "action": "만드는,몰려들었어요,준대요",
      "feeling": null,
      "causalRelationship": null,
      "outcomeResolution": null,
      "prediction": null,
      "plotSummaryInfoCount": 1,
      "plotSummaryInfo": {
        "classification": "의사소통",
        "readAge": "초등_저학년",
        "form": "short-form",
        "plotSummaryText": "사람들은 임금님의 마음에 드는 옷을 만들면 큰 상을 준다는 말에 모두 궁궐로 몰려들었습니다.",
        "textWordEA": 13
      }
    },
    {
      "srcTextID": "99827",
      "srcText": "“임금님, 제가 멋진 옷을 지어 드리겠어요.” “임금님, 이 옷감으로 옷을 만들면 마음에 꼭 드실 겁니다.” “임금님, 그 옷감보다 이 옷감이 더 훌륭합니다.” 사람들은 임금님 앞에서 서로 잘난 척하며 다투었지만 소용이 없었어요. 사람들은 모두 실망을 하고 돌아갔어요.",
      "srcPage": 5,
      "srcSentenceEA": 5,
      "srcWordEA": 38,
      "character": "임금님,옷,옷감",
      "setting": null,
      "action": "다투었지만,돌아갔어요,지어,만들면",
      "feeling": "실망을 하고",
      "causalRelationship": null,
      "outcomeResolution": null,
      "prediction": null,
      "plotSummaryInfoCount": 1,
      "plotSummaryInfo": {
        "classification": "의사소통",
        "readAge": "초등_저학년",
        "form": "long-form",
        "plotSummaryText": "사람들은 임금님 앞에서 서로 잘난 척하며 다투었지만 소용이 없었고 모두 실망 하고 돌아갔습니다.",
        "textWordEA": 13
      }
    },
    {
      "srcTextID": "99832",
      "srcText": "거짓말에 속은 임금님은 두 재봉사에게 많은 상을 주면서 부탁했어요. “빨리 옷을 만들어 보여 다오. 벌써 그 옷이 입고 싶어지는걸.”",
      "srcPage": 8,
      "srcSentenceEA": 3,
      "srcWordEA": 20,
      "character": "임금님,재봉사,옷",
      "setting": null,
      "action": "속은,주면서 부탁했어요,만들어,입고",
      "feeling": null,
      "causalRelationship": null,
      "outcomeResolution": null,
      "prediction": null,
      "plotSummaryInfoCount": 1,
      "plotSummaryInfo": {
        "classification": "의사소통",
        "readAge": "초등_저학년",
        "form": "short-form",
        "plotSummaryText": "거짓말에 속은 임금님은 두 재봉사에게 많은 상을 주면서 빨리 옷을 만들어 달라고 부탁했습니다.",
        "textWordEA": 13
      }
    },
    {
      "srcTextID": "99826",
      "srcText": "왕은 옷을 보며 투덜거렸어요. 신하들은 임금님의 옷 문제를 의논하기 위해 다함께 모였어요. “아무리 좋은 옷을 만들어 드려도 마음에 들어 하시지 않으니 어떻게 하면 좋겠소?” “온 나라에 알려 새로운 재봉사를 뽑기로 합시다.” 신하들은 모두 찬성을 했어요.",
      "srcPage": 3,
      "srcSentenceEA": 5,
      "srcWordEA": 37,
      "character": "왕,옷,신하,임금님,재봉사",
      "setting": null,
      "action": "투덜거렸어요,모였어요,찬성을 했어요",
      "feeling": null,
      "causalRelationship": null,
      "outcomeResolution": null,
      "prediction": null,
      "plotSummaryInfoCount": 1,
      "plotSummaryInfo": {
        "classification": "의사소통",
        "readAge": "초등_저학년",
        "form": "long-form",
        "plotSummaryText": "아무리 좋은 옷을 만들어 드려도 왕이 투덜거리자 신하들은 온 나라에 알려 새로운 재봉사를 뽑기로 했습니다.",
        "textWordEA": 15
      }
    },
    {
      "srcTextID": "99829",
      "srcText": "“그럼요, 이 신기한 옷감은 멍청한 사람들의 눈에는 보이지 보지만 똑똑한 사람들의 눈에는 선명하게 보인답니다.” “오 그래? 정말 그런 옷감이 있단 말이냐?” 임금님이 두 재봉사의 말에 속아 넘어가자 두 재봉사는 신이 났어요. 이 두 재봉사들은 임금님을 골탕먹일 사기꾼들이었어요.",
      "srcPage": 7,
      "srcSentenceEA": 5,
      "srcWordEA": 40,
      "character": "옷감,임금님,재봉사,멍청한 사람들,똑똑한 사람들,사기꾼들",
      "setting": null,
      "action": "속아,보이지,골탕먹일",
      "feeling": "신이 났어요",
      "causalRelationship": null,
      "outcomeResolution": null,
      "prediction": null,
      "plotSummaryInfoCount": 1,
      "plotSummaryInfo": {
        "classification": "의사소통",
        "readAge": "초등_저학년",
        "form": "long-form",
        "plotSummaryText": "이 옷감은 멍청한 사람들의 눈에는 보이지 않지만 똑똑한 사람들의 눈에는 선명하게 보인다는 말에 임금님이 속아 넘어가자 두 재봉사는 신이 났습니다.",
        "textWordEA": 20
      }
    },
    {
      "srcTextID": "99833",
      "srcText": "그 날부터 두 재봉사는 옷감을 짜는 시늉을 했어요. 철커덕 철커덕, 베 짜는 기계는 밤낮없이 소리를 냈어요. 임금님은 혼자 앉아서 곰곰이 생각했어요.",
      "srcPage": 9,
      "srcSentenceEA": 3,
      "srcWordEA": 23,
      "character": "재봉사,옷감,베,기계,임금님",
      "setting": null,
      "action": "짜는 시늉을 했어요,앉아서,생각했어요",
      "feeling": null,
      "causalRelationship": null,
      "outcomeResolution": null,
      "prediction": null,
      "plotSummaryInfoCount": 1,
      "plotSummaryInfo": {
        "classification": "의사소통",
        "readAge": "초등_저학년",
        "form": "short-form",
        "plotSummaryText": "그 날부터 두 재봉사는 옷감을 짜는 시늉을 했고, 임금님은 혼자 곰곰이 생각했습니다.",
        "textWordEA": 12
      }
    },
    {
      "srcTextID": "99834",
      "srcText": "임금님은 옷감이 얼마나 짜졌는지 궁금해졌어요. ‘혹시 그 옷감이 내 눈에 보이지 않으면 어떡하지?’ 임금님은 은근히 걱정이 되었어요. 왜냐하면 멍청한 임금님이란 소릴 들을까 봐 두려웠던 거예요. 그래서 임금님은 신하들 중 한 사람을 시험해 보기로 마음먹었어요.",
      "srcPage": 11,
      "srcSentenceEA": 5,
      "srcWordEA": 38,
      "character": "임금님,옷감,신하",
      "setting": null,
      "action": "궁금해졌어요,시험해,보이지,들을까",
      "feeling": null,
      "causalRelationship": null,
      "outcomeResolution": null,
      "prediction": null,
      "plotSummaryInfoCount": 1,
      "plotSummaryInfo": {
        "classification": "의사소통",
        "readAge": "초등_저학년",
        "form": "long-form",
        "plotSummaryText": "임금님은 옷감이 얼마나 짜졌는지 궁금해졌지만 자기의 눈에 보이지 않을까 걱정이 되어 신하들 중 한 사람을 시험해 보기로 마음먹었습니다.",
        "textWordEA": 18
      }
    },
    {
      "srcTextID": "99838",
      "srcText": "임금님은 많은 신하들 중에서 가장 나이 많은 늙은 대신을 불렀어요. “재봉사들이 얼마만큼 옷감을 짰는지 살펴보고 나에게 알려 주시오.” “알겠습니다. 자세히 살펴보고 오겠습니다.”",
      "srcPage": 12,
      "srcSentenceEA": 3,
      "srcWordEA": 23,
      "character": "임금님,신하,대신,재봉사,옷감",
      "setting": null,
      "action": "불렀어요,짰는지,살펴보고,알려 주시오",
      "feeling": null,
      "causalRelationship": null,
      "outcomeResolution": null,
      "prediction": null,
      "plotSummaryInfoCount": 1,
      "plotSummaryInfo": {
        "classification": "의사소통",
        "readAge": "초등_저학년",
        "form": "short-form",
        "plotSummaryText": "임금님은 가장 나이 많은 대신을 불러 재봉사들이 얼마만큼 옷감을 짰는지 살펴보고 자기에게 알려 달라고 했습니다.",
        "textWordEA": 15
      }
    },
    {
      "srcTextID": "99839",
      "srcText": "임금님의 명령을 받은 늙은 대신도 슬슬 걱정이 되기 시작했어요. ‘혹시 내 눈에 옷감이 보이지 않으면 어쩌나?’ 늙은 대신은 이런 걱정을 하며 베 짜는 곳으로 갔어요.",
      "srcPage": 13,
      "srcSentenceEA": 3,
      "srcWordEA": 27,
      "character": "임금님,늙은 대신,옷감",
      "setting": null,
      "action": "받은,갔어요,보이지",
      "feeling": null,
      "causalRelationship": null,
      "outcomeResolution": null,
      "prediction": null,
      "plotSummaryInfoCount": 1,
      "plotSummaryInfo": {
        "classification": "의사소통",
        "readAge": "초등_저학년",
        "form": "short-form",
        "plotSummaryText": "늙은 대신은 혹시 자기의 눈에 옷감이 보이지 않으면 어쩌나 걱정을 하며 베 짜는 곳으로 갔습니다.",
        "textWordEA": 15
      }
    },
    {
      "srcTextID": "99846",
      "srcText": "“나리, 이렇게 아름다운 옷감은 처음 보실 겁니다.” 두 재봉사는 팔을 벌려 옷감을 받쳐드는 시늉을 하며 말했어요. 하지만 젊은 대신의 눈에도 옷감이 보일 리가 없었어요.",
      "srcPage": 21,
      "srcSentenceEA": 3,
      "srcWordEA": 26,
      "character": "옷감,재봉사,젊은 대신,나리",
      "setting": null,
      "action": "벌려,말했어요,보실,보일",
      "feeling": null,
      "causalRelationship": null,
      "outcomeResolution": null,
      "prediction": null,
      "plotSummaryInfoCount": 1,
      "plotSummaryInfo": {
        "classification": "의사소통",
        "readAge": "초등_저학년",
        "form": "short-form",
        "plotSummaryText": "두 재봉사는 팔을 벌려 옷감을 받쳐  드는 시늉을 했지만, 젊은 대신의 눈에도 옷감이 보일 리가 없었습니다.",
        "textWordEA": 17
      }
    },
    {
      "srcTextID": "99848",
      "srcText": "임금님은 젊은 대신의 말도 믿었어요. 신기한 옷감에 대한 소문은 온 나라에 퍼졌어요. 이제 안심한 임금님은 직접 베 짜는 곳으로 가 보고 싶었어요.",
      "srcPage": 23,
      "srcSentenceEA": 3,
      "srcWordEA": 24,
      "character": "작은 머리,파리",
      "setting": null,
      "action": "튀어나왔습니다",
      "feeling": null,
      "causalRelationship": null,
      "outcomeResolution": null,
      "prediction": null,
      "plotSummaryInfoCount": 1,
      "plotSummaryInfo": {
        "classification": "의사소통",
        "readAge": "초등_저학년",
        "form": "short-form",
        "plotSummaryText": "신기한 옷감에 대한 소문은 온 나라에 퍼졌고, 임금님은 직접 베 짜는 곳으로 가 보고 싶었습니다.",
        "textWordEA": 15
      }
    },
    {
      "srcTextID": "99845",
      "srcText": "‘두 사람의 대신들 눈에 옷감이 보였다면 내 눈에도 틀림없이 보일거야.’ 임금님은 많은 신하를 거느리고 옷감 짜는 곳에 도착했어요. “여봐라! 오늘은 내가 직접 옷감을 보러 왔노라.”",
      "srcPage": 24,
      "srcSentenceEA": 3,
      "srcWordEA": 27,
      "character": "대신,옷감,임금님,신하",
      "setting": "옷감 짜는 곳",
      "action": "거느리고,도착했어요,왔노라",
      "feeling": null,
      "causalRelationship": null,
      "outcomeResolution": null,
      "prediction": null,
      "plotSummaryInfoCount": 1,
      "plotSummaryInfo": {
        "classification": "의사소통",
        "readAge": "초등_저학년",
        "form": "short-form",
        "plotSummaryText": "임금님은 자기의 눈에도 보일 거라고 생각하고 많은 신하를 거느리고 옷감 짜는 곳에 도착했습니다.",
        "textWordEA": 13
      }
    },
    {
      "srcTextID": "99847",
      "srcText": "“예, 임금님! 잘 오셨습니다. 옷감을 보시면 틀림없이 마음에 드실 겁니다.” 재봉사들은 임금님을 베틀 앞으로 모시고 갔습니다.",
      "srcPage": 25,
      "srcSentenceEA": 4,
      "srcWordEA": 19,
      "character": "임금님,옷감,재봉사",
      "setting": "베틀 앞",
      "action": "모시고 갔습니다,오셨습니다",
      "feeling": null,
      "causalRelationship": null,
      "outcomeResolution": null,
      "prediction": null,
      "plotSummaryInfoCount": 1,
      "plotSummaryInfo": {
        "classification": "의사소통",
        "readAge": "초등_저학년",
        "form": "long-form",
        "plotSummaryText": "옷감을 보시면 틀림없이 마음에 드실 거라고 말하며 재봉사들은 임금님을 베틀 앞으로 모시고 갔습니다.",
        "textWordEA": 13
      }
    },
    {
      "srcTextID": "99851",
      "srcText": "베틀 앞에 선 임금님은 빈 베틀을 보고 몹시 당황했어요. ‘아니, 이럴수가? 옷감이 보이질 않다니.’",
      "srcPage": 26,
      "srcSentenceEA": 3,
      "srcWordEA": 16,
      "character": "베틀,임금님,옷감",
      "setting": null,
      "action": "선,보이질",
      "feeling": "당황했어요",
      "causalRelationship": null,
      "outcomeResolution": null,
      "prediction": null,
      "plotSummaryInfoCount": 1,
      "plotSummaryInfo": {
        "classification": "의사소통",
        "readAge": "초등_저학년",
        "form": "short-form",
        "plotSummaryText": "베틀 앞에 선 임금님은 옷감이 보이지 않아 몹시 당황했습니다.",
        "textWordEA": 9
      }
    },
    {
      "srcTextID": "99850",
      "srcText": "그 때, 한 신하가 나서며 말했어요. “정말 아름다운 옷감입니다.” 그러자 옆에 있던 신하가 맞장구를 쳤어요.",
      "srcPage": 27,
      "srcSentenceEA": 3,
      "srcWordEA": 16,
      "character": "신하,옷감,옆에 있던 신하",
      "setting": null,
      "action": "나서며 말했어요,맞장구를 쳤어요",
      "feeling": null,
      "causalRelationship": null,
      "outcomeResolution": null,
      "prediction": null,
      "plotSummaryInfoCount": 1,
      "plotSummaryInfo": {
        "classification": "의사소통",
        "readAge": "초등_저학년",
        "form": "short-form",
        "plotSummaryText": "한 신하가 정말 아름다운 옷감이라고 말하자 옆에 있던 신하가 맞장구를 쳤습니다.",
        "textWordEA": 11
      }
    }
  ]
}