{
  "title": "빨간 암탉",
  "author": "러시아 옛이야기",
  "illustrator": "노성빈",
  "isbn": "9791128210365",
  "publishedYear": 2018,
  "publisher": "아람북스",
  "paragraphInfoCount": 18,
  "paragraphInfo": [
    {
      "srcTextID": "18187",
      "srcText": "“나 혼자 씨를 뿌리고, 나 혼자 옥수수를 가꾸고, 나 혼자 옥수수 껍질을 벗겼잖니? 그리고 나 혼자 옥수수를 빻고, 나 혼자 빵을 만들었어. 그러니까 나 혼자 다 먹을래!”",
      "srcPage": 15,
      "srcSentenceEA": 3,
      "srcWordEA": 29,
      "character": "빵,나,옥수수",
      "setting": null,
      "action": "씨를 뿌리고,가꾸고,벗겼잖니,빻고,만들었어",
      "feeling": null,
      "causalRelationship": null,
      "outcomeResolution": "나 혼자 씨를 뿌리고,나 혼자 옥수수를 가꾸고,나 혼자 옥수수 껍질을 벗겼잖니? 그리고 나 혼자 옥수수를 빻고,나 혼자 빵을 만들었어. 그러니까 나 혼자 다 먹을래!",
      "prediction": null,
      "plotSummaryInfoCount": 1,
      "plotSummaryInfo": {
        "classification": "의사소통",
        "readAge": "초등_저학년",
        "form": "short-form",
        "plotSummaryText": "나 혼자 옥수수 씨 뿌리고, 가꾸고, 껍질을 벗기고, 빻고, 빵을 만들었으니 혼자 먹을 거라고 했습니다.",
        "textWordEA": 15
      }
    },
    {
      "srcTextID": "18180",
      "srcText": "바구니에 노란 옥수수가 가득 찼어. “누가 나랑 같이 옥수수를 빻을래?” “난 싫어, 멍멍.” “나도 싫어, 야옹.” “나도 싫어, 꿀꿀.”",
      "srcPage": 10,
      "srcSentenceEA": 5,
      "srcWordEA": 19,
      "character": "옥수수,바구니",
      "setting": null,
      "action": "가득 찼어",
      "feeling": "싫어",
      "causalRelationship": null,
      "outcomeResolution": null,
      "prediction": null,
      "plotSummaryInfoCount": 1,
      "plotSummaryInfo": {
        "classification": "의사소통",
        "readAge": "초등_저학년",
        "form": "long-form",
        "plotSummaryText": "빨간 꼬꼬가 누가 바구니에 가득 찬 옥수수를 같이 빻을 거냐고 말하자 모두 싫다고 했습니다.",
        "textWordEA": 14
      }
    },
    {
      "srcTextID": "18182",
      "srcText": "나는야, 빨간 꼬꼬! 가장 신나는 일은 옥수수를 빻는 일. 꼬꼬댁 꼬꼬, 나는야 부지런한 빨간 꼬꼬.",
      "srcPage": 11,
      "srcSentenceEA": 3,
      "srcWordEA": 17,
      "character": "빨간 꼬꼬,옥수수",
      "setting": null,
      "action": "빻는 일",
      "feeling": "신나는",
      "causalRelationship": null,
      "outcomeResolution": null,
      "prediction": null,
      "plotSummaryInfoCount": 1,
      "plotSummaryInfo": {
        "classification": "의사소통",
        "readAge": "초등_저학년",
        "form": "short-form",
        "plotSummaryText": "빨간 꼬꼬에게 가장 신나는 일은 옥수수 빻는 일입니다.",
        "textWordEA": 8
      }
    },
    {
      "srcTextID": "18184",
      "srcText": "커다란 그릇에 노란 옥수숫가루가 듬뿍! 집에 들어온 빨간 꼬꼬는 친구들에게 물었지. “누가 나랑 같이 옥수수빵을 만들래?”",
      "srcPage": 12,
      "srcSentenceEA": 3,
      "srcWordEA": 17,
      "character": "장구,사람들,공,나",
      "setting": null,
      "action": "웃으며,나왔어요,소리를 내야만,어깨춤을 춘다",
      "feeling": null,
      "causalRelationship": "내가 소리를 내야만 사람들이 어깨춤을 춘다고.",
      "outcomeResolution": "풍물놀이에 내가 빠지면 안 되지.",
      "prediction": null,
      "plotSummaryInfoCount": 1,
      "plotSummaryInfo": {
        "classification": "의사소통",
        "readAge": "초등_저학년",
        "form": "short-form",
        "plotSummaryText": "빨간 꼬꼬는 집에 돌아와 누가 같이 옥수수빵을 나랑 만들 거냐고 물어봤습니다.",
        "textWordEA": 11
      }
    },
    {
      "srcTextID": "18171",
      "srcText": "오늘도 부지런한 빨간 암탉은 해님보다 빨리 일어났어. 앞치마를 두른 빨간 암탉은 이리 꼬꼬, 저리 꼬꼬. 그래서 모두 빨간 꼬꼬라고 불렀지.",
      "srcPage": 1,
      "srcSentenceEA": 3,
      "srcWordEA": 22,
      "character": "빨간 암탉,해님,앞치마",
      "setting": "오늘",
      "action": "일어났어,두른,불렀지",
      "feeling": null,
      "causalRelationship": null,
      "outcomeResolution": null,
      "prediction": null,
      "plotSummaryInfoCount": 1,
      "plotSummaryInfo": {
        "classification": "의사소통",
        "readAge": "초등_저학년",
        "form": "short-form",
        "plotSummaryText": "앞치마를 두른 빨간 암탉은 해님보다 빨리 일어났습니다.",
        "textWordEA": 7
      }
    },
    {
      "srcTextID": "18170",
      "srcText": "다른 친구들은 어디에 있지? 뱃살이 출렁출렁! 뚱보 돼지 꿀꿀이는 2층에, 뒹굴뒹굴! 게으름뱅이 고양이 까망이는 3층에, 드르렁드르렁! 잠꾸러기 강아지 누렁이는 4층에.",
      "srcPage": 2,
      "srcSentenceEA": 5,
      "srcWordEA": 24,
      "character": "뚱보 돼지 꿀꿀이,게으름뱅이 고양이 까망이,잠꾸러기 강아지 누렁이",
      "setting": "2층,3층,4층",
      "action": "어디에 있지",
      "feeling": null,
      "causalRelationship": null,
      "outcomeResolution": null,
      "prediction": null,
      "plotSummaryInfoCount": 1,
      "plotSummaryInfo": {
        "classification": "의사소통",
        "readAge": "초등_저학년",
        "form": "long-form",
        "plotSummaryText": "뚱보 돼지 꿀꿀이는 2층, 게으름뱅이 고양이 까망이는 3층, 잠꾸러기 강아지 누렁이는 4층에 있습니다.",
        "textWordEA": 13
      }
    },
    {
      "srcTextID": "18173",
      "srcText": "쓱싹쓱싹 마당을 쓸고 또 쓸고 빨간 꼬꼬는 언제나 신나게 청소했어. “어, 노란 옥수수 씨앗이네?” 빨간 꼬꼬는 마당 한구석에서 옥수수 씨앗을 발견했어.",
      "srcPage": 3,
      "srcSentenceEA": 3,
      "srcWordEA": 22,
      "character": "빨간 꼬꼬,옥수수 씨앗",
      "setting": "마당",
      "action": "쓸고,청소했어,발견했어",
      "feeling": "신나게",
      "causalRelationship": null,
      "outcomeResolution": null,
      "prediction": null,
      "plotSummaryInfoCount": 1,
      "plotSummaryInfo": {
        "classification": "의사소통",
        "readAge": "초등_저학년",
        "form": "short-form",
        "plotSummaryText": "빨간 꼬꼬는 마당을 청소하다가 마당 한구석에서 옥수수 씨앗을 발견했습니다.",
        "textWordEA": 9
      }
    },
    {
      "srcTextID": "18174",
      "srcText": "빨간 꼬꼬는 옥수수 씨앗을 심기로 했어. “누가 나랑 같이 옥수수 씨앗을 심을래?” “난 싫어 꿀꿀\" “나도 싫어 야옹” “나도 싫어 멍멍”",
      "srcPage": 5,
      "srcSentenceEA": 5,
      "srcWordEA": 21,
      "character": "빨간 꼬꼬,옥수수 씨앗",
      "setting": null,
      "action": "심기로 했어",
      "feeling": "싫어",
      "causalRelationship": null,
      "outcomeResolution": null,
      "prediction": null,
      "plotSummaryInfoCount": 1,
      "plotSummaryInfo": {
        "classification": "의사소통",
        "readAge": "초등_저학년",
        "form": "long-form",
        "plotSummaryText": "빨간 꼬꼬는 심기로 했고, 누가 나와 옥수수 씨앗을 심을 거냐고 묻자 다 싫다고 했습니다.",
        "textWordEA": 14
      }
    },
    {
      "srcTextID": "18175",
      "srcText": "“그럼 나 혼자 해야겠네!” 빨간 꼬꼬는 햇볕이 잘 드는 땅에 씨앗을 콕콕 심었어. 흙으로 꾹꾹 누르고 졸졸졸 물을 주었어. 하루, 이틀, 사흘이 지나자, 옥수수 싹이 쏘옥 고개를 내밀었지.",
      "srcPage": 6,
      "srcSentenceEA": 4,
      "srcWordEA": 31,
      "character": "빨간 꼬꼬,씨앗,옥수수 싹",
      "setting": "햇볕이 잘 드는 땅",
      "action": "심었어,누르고,물을 주었어",
      "feeling": null,
      "causalRelationship": null,
      "outcomeResolution": null,
      "prediction": null,
      "plotSummaryInfoCount": 1,
      "plotSummaryInfo": {
        "classification": "의사소통",
        "readAge": "초등_저학년",
        "form": "long-form",
        "plotSummaryText": "빨간 꼬꼬는 혼자 씨앗을 심고 물을 주었어 사흘이 지나자, 옥수수 싹이 고개를 내밀었습니다.",
        "textWordEA": 13
      }
    },
    {
      "srcTextID": "18178",
      "srcText": "하루, 이틀, 사흘이 더 지나자 드디어 옥수수가 주렁주렁 열렸어. 빨간 꼬꼬는 혼자서 옥수수를 따 바구니에 담았어. “누가 나랑 같이 옥수수 껍질을 벗길래?”",
      "srcPage": 8,
      "srcSentenceEA": 3,
      "srcWordEA": 23,
      "character": "옥수수,빨간 꼬꼬,바구니",
      "setting": "하루,이틀,사흘이 더 지나자",
      "action": "따,담았어",
      "feeling": null,
      "causalRelationship": null,
      "outcomeResolution": null,
      "prediction": null,
      "plotSummaryInfoCount": 1,
      "plotSummaryInfo": {
        "classification": "의사소통",
        "readAge": "초등_저학년",
        "form": "short-form",
        "plotSummaryText": "사흘이 지나고 빨간 꼬꼬는 열린 옥수수를 따 바구니에 담은 뒤 누가 같이 옥수수 껍질을 벗길 거냐고 물어봤습니다.",
        "textWordEA": 17
      }
    },
    {
      "srcTextID": "18188",
      "srcText": "고소한 빵 냄새가 솔솔. 보들보들한 옥수수빵이 먹음직스럽게 구워졌어. 그러자 돼지 꿀꿀이, 고양이 까망이, 강아지 누렁이가 부엌으로 어슬렁어슬렁 들어왔어. “빨간 꼬꼬야, 누구랑 같이 옥수수빵을 먹을래?”",
      "srcPage": 14,
      "srcSentenceEA": 4,
      "srcWordEA": 26,
      "character": "돼지 꿀꿀이,고양이 까망이,강아지 누렁이,빨간 꼬꼬,옥수수빵",
      "setting": "부엌",
      "action": "구워졌어,들어왔어",
      "feeling": "먹음직스럽게",
      "causalRelationship": null,
      "outcomeResolution": null,
      "prediction": null,
      "plotSummaryInfoCount": 1,
      "plotSummaryInfo": {
        "classification": "의사소통",
        "readAge": "초등_저학년",
        "form": "long-form",
        "plotSummaryText": "옥수수빵이 먹음직스럽게 구워지자, 돼지 꿀꿀이, 고양이 까망이, 강아지 누렁이가 부엌으로 들어왔습니다.",
        "textWordEA": 11
      }
    },
    {
      "srcTextID": "18179",
      "srcText": "“그럼 나 혼자 해야겠네!” 거칠거칠한 옥수수 껍질을 벗기니 매끈매끈한 노란 옥수수가 방긋. 나는야, 빨간 꼬꼬! 가장 신나는 일은 옥수수를 따서 껍질을 벗기는 일. 꼬꼬댁 꼬꼬, 나는야 부지런한 빨간 꼬꼬.",
      "srcPage": 9,
      "srcSentenceEA": 5,
      "srcWordEA": 33,
      "character": "옥수수,빨간 꼬꼬",
      "setting": null,
      "action": "따서,껍질을 벗기는",
      "feeling": "신나는",
      "causalRelationship": null,
      "outcomeResolution": null,
      "prediction": null,
      "plotSummaryInfoCount": 1,
      "plotSummaryInfo": {
        "classification": "의사소통",
        "readAge": "초등_저학년",
        "form": "long-form",
        "plotSummaryText": "빨간 꼬꼬는 옥수수를 따서 껍질을 벗기는 일이 가장 신났습니다.",
        "textWordEA": 9
      }
    },
    {
      "srcTextID": "18176",
      "srcText": "나는야, 빨간 꼬꼬! 가장 신나는 일은 옥수수 씨앗을 심는 일. 꼬꼬댁 꼬꼬, 나는야 부지런한 빨간 꼬꼬.",
      "srcPage": 7,
      "srcSentenceEA": 3,
      "srcWordEA": 18,
      "character": "빨간 꼬꼬,옥수수 씨앗",
      "setting": null,
      "action": "심는 일",
      "feeling": "신나는",
      "causalRelationship": null,
      "outcomeResolution": null,
      "prediction": null,
      "plotSummaryInfoCount": 1,
      "plotSummaryInfo": {
        "classification": "의사소통",
        "readAge": "초등_저학년",
        "form": "short-form",
        "plotSummaryText": "부지런한 빨간 꼬꼬에게 가장 신나는 일은 옥수수 씨앗을 심는 일입니다.",
        "textWordEA": 10
      }
    },
    {
      "srcTextID": "18186",
      "srcText": "나는야, 빨간 꼬꼬! 가장 신나는 일은 빵을 만드는 일. 꼬꼬댁 꼬꼬, 나는야 부지런한 빨간 꼬꼬.",
      "srcPage": 13,
      "srcSentenceEA": 3,
      "srcWordEA": 17,
      "character": "빨간 꼬꼬,빵",
      "setting": null,
      "action": "만드는",
      "feeling": "신나는",
      "causalRelationship": null,
      "outcomeResolution": null,
      "prediction": null,
      "plotSummaryInfoCount": 1,
      "plotSummaryInfo": {
        "classification": "의사소통",
        "readAge": "초등_저학년",
        "form": "short-form",
        "plotSummaryText": "나는 빨간 꼬꼬 내가 가장 신나는 일은 빵을 만드는 일입니다.",
        "textWordEA": 10
      }
    },
    {
      "srcTextID": "128685",
      "srcText": "“그럼 나 혼자 해야겠네!” 빨간 꼬꼬는 옥수수를 빻았어. 매끈매끈한 옥수수 알갱이가 보슬보슬한 옥수숫가루로 변신!",
      "srcPage": 17,
      "srcSentenceEA": 3,
      "srcWordEA": 16,
      "character": "빨간 꼬꼬,옥수수,옥수수 알갱이,옥수숫가루",
      "setting": null,
      "action": "해야겠네,빻았어",
      "feeling": null,
      "causalRelationship": null,
      "outcomeResolution": null,
      "prediction": null,
      "plotSummaryInfoCount": 1,
      "plotSummaryInfo": {
        "classification": "의사소통",
        "readAge": "초등_저학년",
        "form": "short-form",
        "plotSummaryText": "빨간 꼬꼬는 혼자 해야겠다며, 옥수수를 빻았고, 옥수수 알갱이가 옥수숫가루로 변했습니다.",
        "textWordEA": 10
      }
    },
    {
      "srcTextID": "128686",
      "srcText": "“그럼 나 혼자 해야겠네!” 빨간 꼬꼬는 큰 그릇에 달걀을 톡! 설탕이랑 버터를 넣고 휘휘! 우유랑 옥수숫가루를 넣고 휘휘! 주물럭주물럭 반죽하고, 오븐에 쏙 넣었어.",
      "srcPage": 18,
      "srcSentenceEA": 5,
      "srcWordEA": 27,
      "character": "빨간 꼬꼬,큰 그릇,달걀,설탕,버터,우유,옥수숫가루,오븐",
      "setting": null,
      "action": "넣고,주물럭주물럭,넣었어",
      "feeling": null,
      "causalRelationship": null,
      "outcomeResolution": null,
      "prediction": null,
      "plotSummaryInfoCount": 1,
      "plotSummaryInfo": {
        "classification": "의사소통",
        "readAge": "초등_저학년",
        "form": "long-form",
        "plotSummaryText": "빨간 코코는 큰 그릇에 달걀, 설탕, 버터, 우유, 옥수숫가를 넣고, 반죽하여 오븐에 넣었습니다.",
        "textWordEA": 13
      }
    },
    {
      "srcTextID": "128687",
      "srcText": "빨간 꼬꼬는 옥수수빵을 혼자 다 먹었어. 부스러기까지 남기지 않고 말이야. 그 뒤로 돼지 꿀꿀이, 고양이 까망이, 강아지 누렁이는 빨간 꼬꼬를 잘 도와주었대!",
      "srcPage": 19,
      "srcSentenceEA": 3,
      "srcWordEA": 24,
      "character": "빨간 코코,옥수수빵,부스러기,돼지 꿀꿀이,고양이 까망이,강아지 누렁이",
      "setting": "그 뒤로",
      "action": "다 먹었어,잘 도와주었대",
      "feeling": null,
      "causalRelationship": null,
      "outcomeResolution": null,
      "prediction": null,
      "plotSummaryInfoCount": 1,
      "plotSummaryInfo": {
        "classification": "의사소통",
        "readAge": "초등_저학년",
        "form": "short-form",
        "plotSummaryText": "빨간 꼬꼬는 옥수수빵을 혼자 다 먹었고, 그 뒤로 돼지 꿀꿀이, 고양이 까망이, 강아지 누렁이는 잘 도와주었다고 합니다.",
        "textWordEA": 17
      }
    },
    {
      "srcTextID": "128682",
      "srcText": "《빨간 암탉》은 러시아의 옛이야기예요. 러시아는 세계에서 가장 큰 나라로 수도는 모스크바예요. 모스크바에는 크렘린 궁전이 있고, 크렘린 궁전의 성벽 아래 붉은 광장에는 성 바실리 대성당이 있어요.",
      "srcPage": 16,
      "srcSentenceEA": 3,
      "srcWordEA": 27,
      "character": "크렘린 궁전,성벽 아래 붉은 광장,성 바실리 대성당",
      "setting": "러시아,모스크바",
      "action": null,
      "feeling": null,
      "causalRelationship": null,
      "outcomeResolution": null,
      "prediction": null,
      "plotSummaryInfoCount": 1,
      "plotSummaryInfo": {
        "classification": "의사소통",
        "readAge": "초등_저학년",
        "form": "short-form",
        "plotSummaryText": "러시아는 가장 큰 나라로 수도는 모스크바고, 모스크바에는 크렘린 궁전, 궁전의 성벽 아래 붉은 광장에는 성 바실리 대성당이 있습니다.",
        "textWordEA": 18
      }
    }
  ]
}