{
  "title": "벌거벗은 임금님",
  "author": "안데르센",
  "illustrator": "조현숙",
  "isbn": "9791128210402",
  "publishedYear": 2018,
  "publisher": "아람북스",
  "paragraphInfoCount": 16,
  "paragraphInfo": [
    {
      "srcTextID": "18805",
      "srcText": "어느 날 두 명의 거짓말쟁이가 임금님을 찾아왔어. “멍청한 사람의 눈에는 보이지 않는 특별한 옷을 만들어 드리겠습니다.” 신비한 옷 이야기에 임금님은 기분이 좋아졌어. 그래서 거짓말쟁이들에게 옷 지을 방도 내주고 황금과 보석도 듬뿍 주었지.",
      "srcPage": 4,
      "srcSentenceEA": 4,
      "srcWordEA": 34,
      "character": "거짓말쟁이,임금님,사람,옷,황금,보석",
      "setting": "방,어느 날",
      "action": "찾아왔어,만들어,지을,주었지",
      "feeling": "멍청한,좋아졌어",
      "causalRelationship": null,
      "outcomeResolution": "래서 거짓말쟁이들에게 옷 지을 방도 내주고 황금과 보석도 듬뿍 주었지.",
      "prediction": null,
      "plotSummaryInfoCount": 1,
      "plotSummaryInfo": {
        "classification": "의사소통",
        "readAge": "초등_저학년",
        "form": "long-form",
        "plotSummaryText": "어느 날 두 명의 거짓말쟁이가 멍청한 사람의 눈에는 보이지 않는 옷을 만들어 드리겠다라고하니 신비한 옷 이야기에 임금님은 기분이 좋아져서 방도 내주고 황금과 보석도 듬뿍 주었다.",
        "textWordEA": 25
      }
    },
    {
      "srcTextID": "18809",
      "srcText": "싹둑싹둑, 싸악뚝! 거짓말쟁이들은 허공에 대고 가위질했어. 이럴 수가! 임금님 역시 아무것도 보이지 않았어. 임금님도 눈만 껌벅껌벅.",
      "srcPage": 8,
      "srcSentenceEA": 5,
      "srcWordEA": 20,
      "character": "거짓말쟁이들,임금님,가위,눈만",
      "setting": "허공",
      "action": "가위질했어,보이지",
      "feeling": null,
      "causalRelationship": null,
      "outcomeResolution": null,
      "prediction": null,
      "plotSummaryInfoCount": 1,
      "plotSummaryInfo": {
        "classification": "의사소통",
        "readAge": "초등_저학년",
        "form": "long-form",
        "plotSummaryText": "거짓말쟁이들은 허공에 대고 가위질을 했고 임금님 역시 아무것도 보이지 않아 눈만 껌벅껌벅 거렸다.",
        "textWordEA": 13
      }
    },
    {
      "srcTextID": "18810",
      "srcText": "하지만 임금님은 감탄하는 척했지. 멍청이라는 소리를 듣고 싶지 않았거든. “오, 훌륭하도다. 빠 빨리 이 옷을 입고 거리 행진을 하고 싶구나.”",
      "srcPage": 9,
      "srcSentenceEA": 4,
      "srcWordEA": 22,
      "character": "임금님,멍청이,옷",
      "setting": "거리",
      "action": "듣고,입고,행진을 하고",
      "feeling": "감탄하는,훌륭하도다",
      "causalRelationship": "하지만 임금님은 감탄하는 척했지. 멍청이라는 소리를 듣고 싶지 않았거든.",
      "outcomeResolution": null,
      "prediction": null,
      "plotSummaryInfoCount": 1,
      "plotSummaryInfo": {
        "classification": "의사소통",
        "readAge": "초등_저학년",
        "form": "long-form",
        "plotSummaryText": "임금님은 멍청이라는 소리를 듣고 싶지 않어서 칭찬을하며 옷을 입고 거리 행진을 하고 싶다고 말했다.",
        "textWordEA": 14
      }
    },
    {
      "srcTextID": "18813",
      "srcText": "임금님은 제자리에서 빙글빙글. 어깨를 쫙 펴고 거울에 비추어 봤어. 다른 사람의 눈에는 어떤 옷으로 보일까? 어떤 색으로 보일까? 이 일을 어쩌나. 아무것도 보이지 않아.",
      "srcPage": 12,
      "srcSentenceEA": 6,
      "srcWordEA": 29,
      "character": "임금님,어깨,거울,사람,옷",
      "setting": "제자리",
      "action": "펴고,봤어,보이지",
      "feeling": null,
      "causalRelationship": null,
      "outcomeResolution": "아것도 보이지 않아.",
      "prediction": null,
      "plotSummaryInfoCount": 1,
      "plotSummaryInfo": {
        "classification": "의사소통",
        "readAge": "초등_저학년",
        "form": "long-form",
        "plotSummaryText": "임금님은 제자리에서 어깨를 펴고 거울에 비추어 봤지만 아무것도 보이지 않았다.",
        "textWordEA": 10
      }
    },
    {
      "srcTextID": "18817",
      "srcText": "바로 그때, 한 꼬마가 깔깔대며 소리쳤어. “임금님 엉덩이 좀 봐, 임금님은 벌거숭이야!” 그제야 사람들이 수군댔어.",
      "srcPage": 15,
      "srcSentenceEA": 3,
      "srcWordEA": 16,
      "character": "꼬마,임금님,벌거숭이,사람,엉덩이",
      "setting": "바로 그때,그제야",
      "action": "소리쳤어,수군댔어",
      "feeling": null,
      "causalRelationship": null,
      "outcomeResolution": null,
      "prediction": "그제야 사람들이 수군댔어.",
      "plotSummaryInfoCount": 1,
      "plotSummaryInfo": {
        "classification": "의사소통",
        "readAge": "초등_저학년",
        "form": "short-form",
        "plotSummaryText": "바로 그때, 한 꼬마가 임금님은 벌거숭이야라고 소리쳤고 그제야 사람들이 수군댔다.",
        "textWordEA": 10
      }
    },
    {
      "srcTextID": "18802",
      "srcText": "커다란 궁전에 임금님이 살았어. 화려하고 멋진 옷을 좋아하는 임금님이었지. 새 옷을 보면 싱글벙글. 새 옷 이야기만 들어도 덩실덩실.",
      "srcPage": 1,
      "srcSentenceEA": 4,
      "srcWordEA": 21,
      "character": "임금님,옷",
      "setting": "궁전",
      "action": "살았어,보면,들어도",
      "feeling": "좋아하는,싱글벙글,덩실덩실",
      "causalRelationship": null,
      "outcomeResolution": null,
      "prediction": null,
      "plotSummaryInfoCount": 1,
      "plotSummaryInfo": {
        "classification": "의사소통",
        "readAge": "초등_저학년",
        "form": "long-form",
        "plotSummaryText": "멋진 옷을 좋아하고 새 옷을 보고 들으면 기분이 좋아지는 임금님은 커다란 궁전에 살았다.",
        "textWordEA": 13
      }
    },
    {
      "srcTextID": "18803",
      "srcText": "“바람이 쌩쌩 부네. 이런 날에는 보들보들 별무늬 스웨터지.” “오늘은 축제 날이네. 공작 깃털이 달린 외투를 입어야지.",
      "srcPage": 2,
      "srcSentenceEA": 4,
      "srcWordEA": 18,
      "character": "스웨터,공작 깃털,외투",
      "setting": "오늘,축제 날,이런 날",
      "action": "달린,입어야지",
      "feeling": null,
      "causalRelationship": null,
      "outcomeResolution": null,
      "prediction": null,
      "plotSummaryInfoCount": 1,
      "plotSummaryInfo": {
        "classification": "의사소통",
        "readAge": "초등_저학년",
        "form": "long-form",
        "plotSummaryText": "바람이 쌩쌩 이런 날에는 스웨터지 오늘은 축제 날이니 공작 깃털이 달린 외투를 입어야지.",
        "textWordEA": 13
      }
    },
    {
      "srcTextID": "18804",
      "srcText": "임금님은 ‘내일 무슨 회의를 할까?’보다 ‘내일 무슨 옷을 입을까?’를 생각했지. “비가 주룩주룩 내리네. 물방울무늬 셔츠를 입어야겠어.”",
      "srcPage": 3,
      "srcSentenceEA": 5,
      "srcWordEA": 19,
      "character": "임금님,옷,셔츠",
      "setting": "내일",
      "action": null,
      "feeling": null,
      "causalRelationship": "비가 주룩주룩 내리네. 물방울무늬 셔츠를 입어야겠어.",
      "outcomeResolution": null,
      "prediction": null,
      "plotSummaryInfoCount": 1,
      "plotSummaryInfo": {
        "classification": "의사소통",
        "readAge": "초등_저학년",
        "form": "long-form",
        "plotSummaryText": "임금님은 내일 회의보다는 내일 무슨 옷을 입을까라며 비가 내리니 셔츠를 입어야겠다고 말했다.",
        "textWordEA": 12
      }
    },
    {
      "srcTextID": "18807",
      "srcText": "임금님은 옷이 궁금해서 잠도 오지 않았어. 그래서 신하에게 어떤 옷인지 보고 오라고 했지. 거짓말쟁이들은 양팔을 올렸다 내렸다 하며 열심히 무언가를 하고 있었어.",
      "srcPage": 5,
      "srcSentenceEA": 3,
      "srcWordEA": 24,
      "character": "임금님,옷,신하",
      "setting": null,
      "action": "보고,올렸다,내렸다,하고 있었어",
      "feeling": null,
      "causalRelationship": null,
      "outcomeResolution": null,
      "prediction": "거짓말쟁이들은 양팔을 올렸다 내렸다 하며 열심히 무언가를 하고 있었어.",
      "plotSummaryInfoCount": 1,
      "plotSummaryInfo": {
        "classification": "의사소통",
        "readAge": "초등_저학년",
        "form": "short-form",
        "plotSummaryText": "임금님은 궁금해서 신하에게 어떤 옷인지 보고 오라고 해 가보니 거짓말쟁이들은 양팔을 올렸다 내렸다 하며 열심히 무언가를 하고 있었다.",
        "textWordEA": 18
      }
    },
    {
      "srcTextID": "18806",
      "srcText": "그런데 이럴 수가! 신하의 눈에는 아무것도 보이지 않았어. 신하는 눈만 껌벅껌벅. 달가닥 달가닥 철커덕 \"스르스르셔어츠 빠라빠라 바아지.\"",
      "srcPage": 6,
      "srcSentenceEA": 5,
      "srcWordEA": 20,
      "character": "신하,눈",
      "setting": null,
      "action": "보이지",
      "feeling": null,
      "causalRelationship": null,
      "outcomeResolution": null,
      "prediction": "신하의 눈에는 아무것도 보이지 않았어.",
      "plotSummaryInfoCount": 1,
      "plotSummaryInfo": {
        "classification": "의사소통",
        "readAge": "초등_저학년",
        "form": "long-form",
        "plotSummaryText": "신하의 눈에는 아무것도 보이지 않았고 눈만 껌벅껌벅 거렸다. ",
        "textWordEA": 8
      }
    },
    {
      "srcTextID": "18808",
      "srcText": "신하는 멍청이가 되고 싶지 않아서 거짓말을 했어. “정말 화려하고 멋진 옷감이었습니다.” 이 말을 들은 임금님은 더더욱 궁금했어. 결국 며칠 뒤 직접 가 보기로 했지. 달가닥 달가닥 철커덕 \"스르스르 셔어츠 빠라빠라 바아지.\"",
      "srcPage": 7,
      "srcSentenceEA": 6,
      "srcWordEA": 34,
      "character": "신하,멍청이,임금님,옷감",
      "setting": "며칠 뒤",
      "action": "들은,보기로",
      "feeling": null,
      "causalRelationship": null,
      "outcomeResolution": "결국 며칠 뒤 직접 가 보기로 했지.",
      "prediction": null,
      "plotSummaryInfoCount": 1,
      "plotSummaryInfo": {
        "classification": "의사소통",
        "readAge": "초등_저학년",
        "form": "long-form",
        "plotSummaryText": "신하는 멍청이가 되고 싶지 않아서 정말 화려하고 멋진 옷감이라고 임금님에게 거짓말을 했고 이 말을 들은 임금님은 궁금해져서 직접 가 보기로 했다.",
        "textWordEA": 21
      }
    },
    {
      "srcTextID": "18812",
      "srcText": "두두두두 둥! 드디어 옷이 완성되었어. 거짓말쟁이들이 옷을 들고 조심조심. 거짓말쟁이들은 먼저 임금님이 입고 있던 옷을 싹 벗겼어.",
      "srcPage": 10,
      "srcSentenceEA": 4,
      "srcWordEA": 20,
      "character": "옷,거짓말쟁이,임금님",
      "setting": null,
      "action": "들고,입고,벗겼어",
      "feeling": null,
      "causalRelationship": null,
      "outcomeResolution": "드디어 옷이 완성되었어.",
      "prediction": "거짓말쟁이들은 먼저 임금님이 입고 있던 옷을 싹 벗겼어.",
      "plotSummaryInfoCount": 1,
      "plotSummaryInfo": {
        "classification": "의사소통",
        "readAge": "초등_저학년",
        "form": "long-form",
        "plotSummaryText": "드디어 옷이 완성되었고 거짓말쟁이들은 먼저 임금님이 입고 있던 옷을 싹 벗겼어.",
        "textWordEA": 11
      }
    },
    {
      "srcTextID": "18811",
      "srcText": "그러고는. “구슬 달린 셔츠부터 입으시죠.” 거짓말쟁이들은 임금님의 팔을 들었다 놨다 했어. “날씬해 보이는 줄무늬 바지를 입으셔야죠.” 거짓말쟁이들은 임금님의 다리를 들었다 놨다 했어.",
      "srcPage": 11,
      "srcSentenceEA": 4,
      "srcWordEA": 24,
      "character": "구슬,셔츠,거짓말쟁이,임금님,줄무늬 바지",
      "setting": null,
      "action": "입으시죠,들었다,놨다",
      "feeling": null,
      "causalRelationship": null,
      "outcomeResolution": null,
      "prediction": null,
      "plotSummaryInfoCount": 1,
      "plotSummaryInfo": {
        "classification": "의사소통",
        "readAge": "초등_저학년",
        "form": "long-form",
        "plotSummaryText": "날씬해 보이는 줄무늬 바지를 입으셔야죠라며 거짓말쟁이들은 임금님의 팔과 다리를 들었다 놨다 했다.",
        "textWordEA": 12
      }
    },
    {
      "srcTextID": "18815",
      "srcText": "날씬해 보이는 검은 줄무늬 바지와 구슬이 촘촘히 셔츠일 지도 몰라. 부드러운 벨벳 줄무늬 바지와 커다란 구슬로 멋 낸 셔츠일 수도 있어. 빰빠라 빰! 드디어 행진이 시작되었어.",
      "srcPage": 13,
      "srcSentenceEA": 4,
      "srcWordEA": 29,
      "character": "셔츠,바지,구슬",
      "setting": null,
      "action": null,
      "feeling": null,
      "causalRelationship": null,
      "outcomeResolution": null,
      "prediction": "드디어 행진이 시작되었어",
      "plotSummaryInfoCount": 1,
      "plotSummaryInfo": {
        "classification": "의사소통",
        "readAge": "초등_저학년",
        "form": "long-form",
        "plotSummaryText": "임금님은 검은 줄무늬 바지와 구슬 셔츠에 대해 여러가지 상상을 하면서 행진을 시작하였다.",
        "textWordEA": 12
      }
    },
    {
      "srcTextID": "18814",
      "srcText": "그런데 모두 눈만 껌벅껌벅, 꿈벅꿈벅. 한동안 아무도 말하지 않았어. 조금 뒤, 사람들이 칭찬하기 시작했지. “정말 아름다운 옷이에요.” “맞아요, 눈부시네요.”",
      "srcPage": 14,
      "srcSentenceEA": 5,
      "srcWordEA": 21,
      "character": "사람들,옷,눈",
      "setting": "한동안,조금 뒤",
      "action": "말하지,칭찬하기",
      "feeling": "아름다운",
      "causalRelationship": null,
      "outcomeResolution": "조금 뒤, 사람들이 칭찬하기 시작했지.",
      "prediction": null,
      "plotSummaryInfoCount": 1,
      "plotSummaryInfo": {
        "classification": "의사소통",
        "readAge": "초등_저학년",
        "form": "long-form",
        "plotSummaryText": "그런데 모두 눈만 껌벅껌벅하였고 한동안 아무도 말하지 못하고 조금 뒤, 사람들이 정말 아름다운 옷이라고 칭찬하기 시작했다.",
        "textWordEA": 16
      }
    },
    {
      "srcTextID": "18816",
      "srcText": "“히히, 그렇죠? 옷이 안 보이죠?” 임금님 얼굴이 화끈화끈, 다리는 후들후들. 하지만 임금님은 당당한 척 어깨를 펴고 몇 발짝 걸었어. 그런 다음 후다닥 궁전으로 뛰어 들어갔지 뭐야.",
      "srcPage": 16,
      "srcSentenceEA": 5,
      "srcWordEA": 30,
      "character": "옷,임금님,얼굴,다리,어깨",
      "setting": "궁전",
      "action": "펴고,걸었어,뛰어,들어갔지,보이죠",
      "feeling": "당당한,화끈화끈,후들후들",
      "causalRelationship": null,
      "outcomeResolution": null,
      "prediction": "그런 다음 후다닥 궁전으로 뛰어 들어갔지 뭐야.",
      "plotSummaryInfoCount": 1,
      "plotSummaryInfo": {
        "classification": "의사소통",
        "readAge": "초등_저학년",
        "form": "long-form",
        "plotSummaryText": "임금님 얼굴이 화끈화끈, 다리는 후들후들 하지만 당당한 척  몇 발짝 걸어간 다음 궁전으로 뛰어 들어갔다.",
        "textWordEA": 16
      }
    }
  ]
}