{
  "title": "괴도 신사 뤼팽",
  "author": "모리스 르블랑",
  "illustrator": "전규만",
  "isbn": "8959041092",
  "publishedYear": 2004,
  "publisher": "(주)한국퍼킨스교육연구원",
  "paragraphInfoCount": 85,
  "paragraphInfo": [
    {
      "srcTextID": "50657",
      "srcText": "“좋소. 수갑을 채우시오. 경찰서에 가서 사실을 밝힙시다.” 당드레주는 이렇게 말하며 손을 내밀었습니다. 그 순간 발을 헛디뎠는지 비틀하면서 어깨에 메고 있던 카메라가 바다 속으로 빠져 버렸습니다. 만약 그가 뤼팽이라고 하더라도 이제 카메라 안에 보석이 숨겨져 있었는지는 영원히 알 수 없게 되었습니다.",
      "srcPage": 12,
      "srcSentenceEA": 5,
      "srcWordEA": 45,
      "character": "수갑,당드레주,카메라,보석",
      "setting": null,
      "action": "내밀었습니다,비틀하면서",
      "feeling": null,
      "causalRelationship": null,
      "outcomeResolution": null,
      "prediction": null,
      "plotSummaryInfoCount": 1,
      "plotSummaryInfo": {
        "classification": "의사소통",
        "readAge": "초등_저학년",
        "form": "long-form",
        "plotSummaryText": "경찰서에 가서 사실을 밝히자며 손을 내밀던 당드레주는 순간 비틀하며 메고 있던 카메라를 바닷속으로 떨어뜨렸고, 카메라 안에 보석이 숨겨져 있었는지는 알 수 없게 되었습니다.",
        "textWordEA": 23
      }
    },
    {
      "srcTextID": "50721",
      "srcText": "“탈출을 하면?” “사고 지점에 미리 변장하고 숨어 있던 형사들이 뤼팽의 뒤를 밟는 겁니다. 뤼팽은 틀림없이 본거지로 돌아갈 테고, 그러면 뤼팽뿐만 아니라 부하들까지 모두 잡을 수 있지요.” “정말 괜찮은 계획이로군. 좋아, 당장 실행하게. 그리고 날쌘 형사들을 모두 동원하도록 해.” “알겠습니다.”",
      "srcPage": 42,
      "srcSentenceEA": 6,
      "srcWordEA": 42,
      "character": "뤼팽,형사들",
      "setting": null,
      "action": "숨어 있던,뒤를 밟는 겁니다,돌아갈,잡을 수 있지요",
      "feeling": null,
      "causalRelationship": null,
      "outcomeResolution": null,
      "prediction": null,
      "plotSummaryInfoCount": 1,
      "plotSummaryInfo": {
        "classification": "의사소통",
        "readAge": "초등_저학년",
        "form": "long-form",
        "plotSummaryText": "변장하고 있던 형사들이 뤼팽의 뒤를 밟아 부하들까지 모두 잡자는 말을 듣고, 정말 괜찮은 계획이라며 당장 실행하라고 했습니다.",
        "textWordEA": 17
      }
    },
    {
      "srcTextID": "50729",
      "srcText": "다음 날 가니마르 경감은 감옥을 옮긴다는 구실로 뤼팽을 차에 태웠습니다. 뤼팽이 탄 뒤 칸에는 커다란 자물쇠가 채워져 있었지만, 가벼운 충격에도 풀리도록 조작해 놓은 것이었죠. 뤼팽을 태운 차는 감옥을 나와 삼십 분쯤 가다가 사거리에 이르렀을 때 다른 자동차와 부딪치는 사고를 냈습니다.",
      "srcPage": 43,
      "srcSentenceEA": 3,
      "srcWordEA": 42,
      "character": "가니마르 경감,뤼팽,자물쇠,자동차",
      "setting": null,
      "action": "사고를 냈습니다",
      "feeling": null,
      "causalRelationship": null,
      "outcomeResolution": null,
      "prediction": null,
      "plotSummaryInfoCount": 1,
      "plotSummaryInfo": {
        "classification": "의사소통",
        "readAge": "초등_저학년",
        "form": "short-form",
        "plotSummaryText": "다음 날 가니마르 경감은 가벼운 충격에도 풀리도록 조작해 놓은 차에 뤼팽을 태웠고, 그 차가 사거리에 도착했을 때 다른 자동차와 부딪치는 사고를 냈습니다.",
        "textWordEA": 22
      }
    },
    {
      "srcTextID": "50708",
      "srcText": "“물론이죠. 대단한 것은 아니지만.” “대체 감옥에 있는 사람이 어떻게 남의 물건을 훔친단 말인가?” “내겐 부하들이 많이 있거든요.”",
      "srcPage": 32,
      "srcSentenceEA": 3,
      "srcWordEA": 18,
      "character": "부하들,감옥",
      "setting": null,
      "action": "훔친단",
      "feeling": null,
      "causalRelationship": null,
      "outcomeResolution": null,
      "prediction": null,
      "plotSummaryInfoCount": 1,
      "plotSummaryInfo": {
        "classification": "의사소통",
        "readAge": "초등_저학년",
        "form": "short-form",
        "plotSummaryText": "감옥에 있는 사람이 어떻게 물건을 훔친단 말이냐고 대답하자, 내겐 부하들이 많다고 대답했습니다.",
        "textWordEA": 12
      }
    },
    {
      "srcTextID": "50707",
      "srcText": "“그래도 말라키 성은 들어가기가 쉽지 않을 텐데?” “아니, 간단하죠. 주인이 나를 초대하게 만들면 되니까요.” “하지만 도둑을 초대하는 정신 나간 주인이 어디 있나?”",
      "srcPage": 33,
      "srcSentenceEA": 4,
      "srcWordEA": 23,
      "character": "나",
      "setting": "말라키 성",
      "action": "초대하게",
      "feeling": null,
      "causalRelationship": null,
      "outcomeResolution": null,
      "prediction": null,
      "plotSummaryInfoCount": 1,
      "plotSummaryInfo": {
        "classification": "의사소통",
        "readAge": "초등_저학년",
        "form": "long-form",
        "plotSummaryText": "말라키 성엔 들어가기 쉽지 않을 거라고 하자, 주인이 나를 초대하게 만들면 된다고 말했습니다.",
        "textWordEA": 13
      }
    },
    {
      "srcTextID": "50705",
      "srcText": "“그 사람이 도둑을 잡을 수 있는 사람이라면 당연히 초대하겠죠.” “도둑을 잡는 사람이라니. 경찰 말인가?” “딩동댕! 그것도 아주 유명한 형사라면 도둑에게 편지를 받은 주인은 당연히 모시겠죠.”",
      "srcPage": 34,
      "srcSentenceEA": 4,
      "srcWordEA": 27,
      "character": "편지,주인",
      "setting": null,
      "action": "초대하겠죠,모시겠죠",
      "feeling": null,
      "causalRelationship": null,
      "outcomeResolution": null,
      "prediction": null,
      "plotSummaryInfoCount": 1,
      "plotSummaryInfo": {
        "classification": "의사소통",
        "readAge": "초등_저학년",
        "form": "long-form",
        "plotSummaryText": "도둑을 잡을 수 있는 유명한 형사라면 도둑에게 편지를 받은 주인은 당연히 초대하겠죠.",
        "textWordEA": 12
      }
    },
    {
      "srcTextID": "50706",
      "srcText": "“그게 누군가?” “바로 당신, 뤼팽을 잡은 사람이죠.” “뭐, 뭐라고? 나, 나라고?” 그렇습니다. 카오론 남작 앞에서 형사 행세를 한 세 사람은 뤼팽의 부하였던 것입니다. 괘씸한. 나로 변장해서 물건을 훔치다니.",
      "srcPage": 35,
      "srcSentenceEA": 8,
      "srcWordEA": 33,
      "character": "뤼팽,카오론 남작",
      "setting": null,
      "action": "훔치다니",
      "feeling": null,
      "causalRelationship": null,
      "outcomeResolution": null,
      "prediction": null,
      "plotSummaryInfoCount": 1,
      "plotSummaryInfo": {
        "classification": "의사소통",
        "readAge": "초등_저학년",
        "form": "long-form",
        "plotSummaryText": "카오론 남작 앞에서 형사 행세를 하고 물건을 훔친 세 사람이 뤼팽의 부하란 사실을 알고는 괘씸해 했습니다.",
        "textWordEA": 16
      }
    },
    {
      "srcTextID": "50711",
      "srcText": "좋아, 이번 재판 때 그 죄까지 더해서 영원히 감옥에서 나오지 못하도록 할 테다. 머리끝까지 화가 난 가니마르 경감이 고함을 질렀습니다. 미안합니다만 이번 재판에는 나가지 않을 생각입니다.",
      "srcPage": 36,
      "srcSentenceEA": 3,
      "srcWordEA": 28,
      "character": "가니마르 경감",
      "setting": null,
      "action": "고함을 질렀습니다",
      "feeling": "화가 난",
      "causalRelationship": null,
      "outcomeResolution": null,
      "prediction": null,
      "plotSummaryInfoCount": 1,
      "plotSummaryInfo": {
        "classification": "의사소통",
        "readAge": "초등_저학년",
        "form": "short-form",
        "plotSummaryText": "화가 난 가니마르 경감은 이번 재판 때 그 죄까지 더해 영원히 감옥에서 나오지 못하게 할 거라며 고함을 질렀습니다.",
        "textWordEA": 18
      }
    },
    {
      "srcTextID": "50655",
      "srcText": "“신분증이야 얼마든지 가짜로 만들 수 있는 것이고, R로 시작하는 이름이란 것은 사람들이 헛갈리도록 당신이 전신에 슬쩍 끼워 넣은 거지. 제법 머리를 썼지만, 이번에는 꼬리를 잡히고 말았군. 뤼팽! 순순히 수갑을 차시지.”",
      "srcPage": 11,
      "srcSentenceEA": 4,
      "srcWordEA": 33,
      "character": "신분증,뤼팽,수갑",
      "setting": null,
      "action": "만들 수,끼워 넣은,차시지",
      "feeling": null,
      "causalRelationship": null,
      "outcomeResolution": null,
      "prediction": null,
      "plotSummaryInfoCount": 1,
      "plotSummaryInfo": {
        "classification": "의사소통",
        "readAge": "초등_저학년",
        "form": "long-form",
        "plotSummaryText": "신분증은 가짜로 만들 수 있고, R로 시작하는 이름이란 것도 사람들이 헛갈리도록 전신에 끼워 넣은 거라며 순순히 수갑을 차라고 했습니다.",
        "textWordEA": 19
      }
    },
    {
      "srcTextID": "50710",
      "srcText": "나가서 처리할 일도 있고 해서요. “뭐라고? 탈옥을 하겠다는 말인가?” “맞습니다.” 미리 시간을 알리고 물건을 훔친 것처럼, 대담하게도 탈옥을 예고하는 뤼팽의 입가에는 묘한 웃음이 어렸습니다.",
      "srcPage": 37,
      "srcSentenceEA": 3,
      "srcWordEA": 26,
      "character": "뤼팽",
      "setting": null,
      "action": "나가서,훔친",
      "feeling": null,
      "causalRelationship": null,
      "outcomeResolution": null,
      "prediction": null,
      "plotSummaryInfoCount": 1,
      "plotSummaryInfo": {
        "classification": "의사소통",
        "readAge": "초등_저학년",
        "form": "short-form",
        "plotSummaryText": "미리 시간을 알리고 물건을 훔친 것처럼, 뤼팽은 나가서 처리할 일이 있다며 탈옥을 하겠다고 말했습니다.",
        "textWordEA": 14
      }
    },
    {
      "srcTextID": "50724",
      "srcText": "그때 헐거운 빗장이 풀리겠죠. 경찰들은 사고를 처리하느라 정신이 없을 것이고, 약삭빠른 뤼팽이 그것을 놓칠 리 없죠. 분명 이게 웬 떡이냐 하면서 탈출을 할 겁니다.",
      "srcPage": 41,
      "srcSentenceEA": 3,
      "srcWordEA": 26,
      "character": "경찰,뤼팽",
      "setting": null,
      "action": "탈출을 할 겁니다,사고를 처리하느라",
      "feeling": null,
      "causalRelationship": null,
      "outcomeResolution": null,
      "prediction": null,
      "plotSummaryInfoCount": 1,
      "plotSummaryInfo": {
        "classification": "의사소통",
        "readAge": "초등_저학년",
        "form": "short-form",
        "plotSummaryText": "경찰들이 사고를 처리하느라 정신이 없을 때 뤼팽이 헐거운 빗장을 풀고 탈출을 할 겁니다.",
        "textWordEA": 13
      }
    },
    {
      "srcTextID": "50741",
      "srcText": "뤼팽은 마치 산책이라도 나온 듯 여유 있는 걸음으로 걷고 있었습니다. 자기 뒤에 스무 명이 넘는 형사들이 제각기 변장을 하고 쫓고 있다는 사실은 전혀 모르는 것 같았습니다. 한참을 걷던 뤼팽은 길가 식당 한 자리에 앉더니 시원한 주스 한 잔을 주문했습니다.",
      "srcPage": 47,
      "srcSentenceEA": 3,
      "srcWordEA": 41,
      "character": "뤼팽,형사들,주스,식당",
      "setting": null,
      "action": "걷고,변장을 하고,앉더니,주문했습니다",
      "feeling": null,
      "causalRelationship": null,
      "outcomeResolution": null,
      "prediction": null,
      "plotSummaryInfoCount": 1,
      "plotSummaryInfo": {
        "classification": "의사소통",
        "readAge": "초등_저학년",
        "form": "short-form",
        "plotSummaryText": "자기 뒤에 형사들이 쫓고 있는 것을 모르는 듯한 뤼팽은 여유롭게 걷다가 길가 식당 자리에 앉더니 주스 한 잔을 주문했습니다.",
        "textWordEA": 19
      }
    },
    {
      "srcTextID": "50742",
      "srcText": "뤼팽을 쫓던 형사들은 바짝 긴장했습니다. 뤼팽이 누군가를 만날지도 모르기 때문입니다. 천천히 주스를 다 마신 뤼팽은 종업원을 불러 말했습니다.",
      "srcPage": 48,
      "srcSentenceEA": 3,
      "srcWordEA": 20,
      "character": "뤼팽,형사들,주스,종업원",
      "setting": null,
      "action": "마신,말했습니다",
      "feeling": null,
      "causalRelationship": null,
      "outcomeResolution": null,
      "prediction": null,
      "plotSummaryInfoCount": 1,
      "plotSummaryInfo": {
        "classification": "의사소통",
        "readAge": "초등_저학년",
        "form": "short-form",
        "plotSummaryText": "뤼팽이 누구를 만날지도 몰랐기에 형사들은 긴장했고, 주스를 다 마신 뤼팽은 종업원을 불러 말했습니다.",
        "textWordEA": 13
      }
    },
    {
      "srcTextID": "50739",
      "srcText": "“미안해서 어떻게 하나? 돈이 한 푼도 없는데.” “그러시면 어떻게 하실 생각입니까?”",
      "srcPage": 49,
      "srcSentenceEA": 3,
      "srcWordEA": 12,
      "character": "돈",
      "setting": null,
      "action": null,
      "feeling": "미안해서",
      "causalRelationship": null,
      "outcomeResolution": null,
      "prediction": "그러시면 어떻게 하실 생각입니까?",
      "plotSummaryInfoCount": 1,
      "plotSummaryInfo": {
        "classification": "의사소통",
        "readAge": "초등_저학년",
        "form": "short-form",
        "plotSummaryText": "미안한데 돈이 없다고 말하자, 어떻게 할 거냐고 물었습니다.",
        "textWordEA": 8
      }
    },
    {
      "srcTextID": "50778",
      "srcText": "그리고 눈썹도 조금 짧고, 입도 약간 비뚤어져 있습니다. 무엇보다 눈빛이 흐립니다. 뤼팽은 비록 도둑이지만 눈이 아주 빛나는 사람입니다. 그런데 이 사내의 눈은 알코올 중독자의 흐린 눈입니다.",
      "srcPage": 69,
      "srcSentenceEA": 4,
      "srcWordEA": 29,
      "character": "뤼팽,사내",
      "setting": null,
      "action": null,
      "feeling": null,
      "causalRelationship": null,
      "outcomeResolution": null,
      "prediction": "뤼팽은 비록 도둑이지만 눈이 아주 빛나는 사람입니다. 그런데 이 사내의 눈은 알코올 중독자의 흐린 눈입니다.",
      "plotSummaryInfoCount": 1,
      "plotSummaryInfo": {
        "classification": "의사소통",
        "readAge": "초등_저학년",
        "form": "long-form",
        "plotSummaryText": "뤼팽은 도독임에도 눈이 빛나는 사람인데, 이 사내는 알코울 중독자의 흐린 눈입니다.",
        "textWordEA": 11
      }
    },
    {
      "srcTextID": "50822",
      "srcText": "“참! 행여나 뒤를 따라올 생각은 말게. 다시는 잡히지 않을 테니까 말이야. 하하하!” 멍하니 앉아 있는 가니마르 경감의 귓가에는 뤼팽의 웃음소리만이 맴돌고 있었습니다.",
      "srcPage": 78,
      "srcSentenceEA": 4,
      "srcWordEA": 26,
      "character": "가니마르 경감,뤼팽",
      "setting": null,
      "action": "뒤를 따라올,잡히지,앉아",
      "feeling": null,
      "causalRelationship": null,
      "outcomeResolution": null,
      "prediction": null,
      "plotSummaryInfoCount": 1,
      "plotSummaryInfo": {
        "classification": "의사소통",
        "readAge": "초등_저학년",
        "form": "long-form",
        "plotSummaryText": "다시는 잡히지 않을 테니 행여나 뒤따라올 생각은 하지 말라는 뤼팽의 웃음소리는 가니마르 경감의 귓가에 맴돌았습니다.",
        "textWordEA": 15
      }
    },
    {
      "srcTextID": "50834",
      "srcText": "프랑스 추리 문학의 자존심. 프랑스 추리 문학을 대표하는 모리스 르블랑은 루앙에서 태어났습니다. 기자로 일하던 스물일곱 살 때 신문에 소설 몇 편을 발표하여 작가가 됩니다.",
      "srcPage": 79,
      "srcSentenceEA": 3,
      "srcWordEA": 26,
      "character": "모리스 르블랑,신문",
      "setting": "프랑스,루앙,스물일곱 살 때",
      "action": null,
      "feeling": null,
      "causalRelationship": null,
      "outcomeResolution": null,
      "prediction": null,
      "plotSummaryInfoCount": 1,
      "plotSummaryInfo": {
        "classification": "의사소통",
        "readAge": "초등_저학년",
        "form": "short-form",
        "plotSummaryText": "프랑스 루앙에서 태어난 모리스 르블랑은 기자로 일하던 스물 일곱 살에 소설 몇 편을 발표하며 작가가 됩니다.",
        "textWordEA": 16
      }
    },
    {
      "srcTextID": "50645",
      "srcText": "절런드 부인의 보석이 없어진 사건으로 뤼팽이 배에 타고 있다는 것은 누구도 부정할 수 없는 사실이 되었습니다. 그러나 누가 뤼팽인지는 밝혀지지 않았습니다. 선원들이 모든 선실과 승객들의 짐을 샅샅이 뒤져 보았지만 도둑맞은 보석은 나오지 않았습니다.",
      "srcPage": 6,
      "srcSentenceEA": 3,
      "srcWordEA": 35,
      "character": "절런드 부인,뤼팽,배,짐,보석",
      "setting": null,
      "action": "뒤져 보았지만",
      "feeling": null,
      "causalRelationship": null,
      "outcomeResolution": null,
      "prediction": null,
      "plotSummaryInfoCount": 1,
      "plotSummaryInfo": {
        "classification": "의사소통",
        "readAge": "초등_저학년",
        "form": "short-form",
        "plotSummaryText": "절런드 부인의 보석이 없어진 사건으로 뤼팽이 배에 타고 있는 것이 사실이 되었고, 선원들은 선실과 승객들의 짐을 뒤져보았지만 보석은 나오지 않았습니다.",
        "textWordEA": 20
      }
    },
    {
      "srcTextID": "50658",
      "srcText": "뤼팽의 출현으로 두려움과 불안에 떨며 우울한 여행을 하던 승객들은 배가 항구에 도착하자 비로소 표정이 밝아졌습니다. 더구나 항구에는 파리 경시청에서 나온 수사관 가니마르 경감이 뤼팽을 잡기 위해 기다리고 있어서 더욱 안심할 수 있었지요. 당드레주와 넬리가 배에서 내리자 가니마르 경감이 말했습니다.",
      "srcPage": 8,
      "srcSentenceEA": 3,
      "srcWordEA": 41,
      "character": "가니마르 경감,당드레주,넬리",
      "setting": "항구",
      "action": null,
      "feeling": "두려움과 불안에 떨며",
      "causalRelationship": null,
      "outcomeResolution": null,
      "prediction": null,
      "plotSummaryInfoCount": 1,
      "plotSummaryInfo": {
        "classification": "의사소통",
        "readAge": "초등_저학년",
        "form": "short-form",
        "plotSummaryText": "두려움과 불안에 떨던 승객들은 배가 항구에 닿자 표정이 밝아졌고, 뤼팽을 잡기 위해 기다리고 있던 가니마르 경감은 당드레 주와 넬리가 배에서 내리자 말했습니다.",
        "textWordEA": 22
      }
    },
    {
      "srcTextID": "50663",
      "srcText": "하여튼 감옥에 갇힌 당드레주, 아니 뤼팽은 다른 죄수들과 다름없이 지냈습니다. 그리고 몇 달이 지나, 사람들도 뤼팽이라는 존재를 점점 잊어 가고 있을 무렵이었습니다. 세상을 놀라게 한 사건이 일어난 것입니다.",
      "srcPage": 14,
      "srcSentenceEA": 3,
      "srcWordEA": 30,
      "character": "당드레주,뤼팽",
      "setting": "감옥,몇 달이 지나",
      "action": null,
      "feeling": null,
      "causalRelationship": null,
      "outcomeResolution": null,
      "prediction": null,
      "plotSummaryInfoCount": 1,
      "plotSummaryInfo": {
        "classification": "의사소통",
        "readAge": "초등_저학년",
        "form": "short-form",
        "plotSummaryText": "당드레주가 감옥에 갇히고 몇 달이 지나 사람들이 뤼팽의 존재를 잊어 가고 있을 무렵, 세상을 놀라게 하는 사건이 일어났습니다.",
        "textWordEA": 18
      }
    },
    {
      "srcTextID": "50678",
      "srcText": "편지를 보낸 곳은 라 상테 교도소였고, 보낸 이는 놀랍게도 아르센 뤼팽이었습니다. 카오론 남작, 남작의 성에 있는 그림과 보석은 제 마음에 쏙 드는 것입니다. 일주일 내로 그 물건들을 파리 기차역으로 보내 주십시오. 만약 그렇지 않을 경우, 구월 이십칠일 밤에 제가 직접 가지러 가겠습니다. 아르센 뤼팽.",
      "srcPage": 16,
      "srcSentenceEA": 5,
      "srcWordEA": 48,
      "character": "편지,아르센 뤼팽,카오론 남작,그림,보석",
      "setting": "남작의 성",
      "action": "가지러 가겠습니다",
      "feeling": null,
      "causalRelationship": null,
      "outcomeResolution": null,
      "prediction": null,
      "plotSummaryInfoCount": 1,
      "plotSummaryInfo": {
        "classification": "의사소통",
        "readAge": "초등_저학년",
        "form": "long-form",
        "plotSummaryText": "남작의 성에 있는 그림과 보석이 마음에 드니 일주일 내로 파리 기차역으로 보내지 않으면 구월 이십칠일 밤에 직접 가지러 가겠다는 아르센 뤼팽으로부터 편지가 카오론 남작에게 전달되었습니다.",
        "textWordEA": 25
      }
    },
    {
      "srcTextID": "50676",
      "srcText": "아마도 장난 편지일 테니 염려 마십 시오. 그러나 상대는 괴도 신사라고 불리는 뤼팽입니다. 남작은 걱정이 되어 도무지 잠을 이룰 수 없었습니다.",
      "srcPage": 18,
      "srcSentenceEA": 3,
      "srcWordEA": 23,
      "character": "편지,뤼팽,남작",
      "setting": null,
      "action": null,
      "feeling": "걱정이 되어",
      "causalRelationship": null,
      "outcomeResolution": null,
      "prediction": null,
      "plotSummaryInfoCount": 1,
      "plotSummaryInfo": {
        "classification": "의사소통",
        "readAge": "초등_저학년",
        "form": "short-form",
        "plotSummaryText": "장난 편지이니 염려 말라고 했지만 남작은 걱정이 되어 잠을 이룰 수 없었습니다.",
        "textWordEA": 12
      }
    },
    {
      "srcTextID": "50681",
      "srcText": "그런데 때마침 반가운 소식이 들려왔습니다. 뤼팽을 체포한 가니마르 경감이 휴가를 얻어 말라키 성 근처에서 낚시를 즐기고 있다는 것이었습니다. “가니마르 경감이시죠? 저는 카오론 남작이라고 합니다. 실은 며칠 전에 이런 편지를 받았기에 부탁을 드리려고 찾아왔습니다.”",
      "srcPage": 19,
      "srcSentenceEA": 5,
      "srcWordEA": 36,
      "character": "뤼팽,가니마르 경감,카오론 남작,편지",
      "setting": null,
      "action": "낚시를 즐기고",
      "feeling": null,
      "causalRelationship": null,
      "outcomeResolution": null,
      "prediction": null,
      "plotSummaryInfoCount": 1,
      "plotSummaryInfo": {
        "classification": "의사소통",
        "readAge": "초등_저학년",
        "form": "long-form",
        "plotSummaryText": "카오른 남작은 가니마르 경감이 휴가를 얻어 말라키 성 근처에서 낚시를 즐기고 있다는 소식을 듣고는 부탁하러 찾아갔습니다.",
        "textWordEA": 16
      }
    },
    {
      "srcTextID": "50695",
      "srcText": "날이 밝자, 가니마르 경감이 의자에서 일어나 기지개를 켜며 말했습니다. “보세요. 아무 일도 없지 않습니까? 남작께서는 괜한 걱정을 하신 겁니다. 그럼 부하들이 있는 곳으로 가 볼까요?”",
      "srcPage": 26,
      "srcSentenceEA": 4,
      "srcWordEA": 28,
      "character": "가니마르 경감,의자,남작",
      "setting": null,
      "action": "일어나,말했습니다",
      "feeling": null,
      "causalRelationship": null,
      "outcomeResolution": null,
      "prediction": null,
      "plotSummaryInfoCount": 1,
      "plotSummaryInfo": {
        "classification": "의사소통",
        "readAge": "초등_저학년",
        "form": "long-form",
        "plotSummaryText": "날이 밝자, 가니마르 경감은 남작에게 아무 일도 없지 않느냐며 부하들이 있는 곳으로 가보자고 말했습니다.",
        "textWordEA": 14
      }
    },
    {
      "srcTextID": "50694",
      "srcText": "가니마르 경감과 카오론 남작은 형사들이 지키고 있는 방으로 갔습니다. “아니! 이게 대체 어찌 된 일이야?” 두 형사는 바닥에 쓰러져 코까지 골며 자고 있었습니다.",
      "srcPage": 27,
      "srcSentenceEA": 3,
      "srcWordEA": 25,
      "character": "가니마르 경감,카오론 남작,형사",
      "setting": null,
      "action": "쓰러져,자고",
      "feeling": null,
      "causalRelationship": null,
      "outcomeResolution": null,
      "prediction": null,
      "plotSummaryInfoCount": 1,
      "plotSummaryInfo": {
        "classification": "의사소통",
        "readAge": "초등_저학년",
        "form": "short-form",
        "plotSummaryText": "가니마르 경감과 카오론 남작이 방으로 가보니, 두 형사는 바닥에 쓰러져 코를 골며 자고 있었습니다.",
        "textWordEA": 14
      }
    },
    {
      "srcTextID": "50656",
      "srcText": "“아르센 뤼팽! 너를 체포한다.” “무슨 말씀을! 이분은 당드레주 씨예요.” 넬리가 화난 목소리로 말했습니다. “진짜 당드레주는 삼 년 전에 사망했습니다.”",
      "srcPage": 9,
      "srcSentenceEA": 6,
      "srcWordEA": 22,
      "character": "아르센 뤼팽,당드레주,넬리",
      "setting": null,
      "action": "말했습니다,체포한다",
      "feeling": null,
      "causalRelationship": null,
      "outcomeResolution": null,
      "prediction": null,
      "plotSummaryInfoCount": 1,
      "plotSummaryInfo": {
        "classification": "의사소통",
        "readAge": "초등_저학년",
        "form": "long-form",
        "plotSummaryText": "진짜 당드레 주는 삼 년 전에 사망했다며 아르센 뤼팽인 너를 체포한다고 말했습니다.",
        "textWordEA": 12
      }
    },
    {
      "srcTextID": "50696",
      "srcText": "물론 방문은 활짝 열려 있었고, 그 안에 있던 보물들은 흔적도 없이 사라졌습니다. “이봐! 일어나. 무슨 일이 있었나?” 가니마르 경감이 한 형사를 흔들어 깨우며 물었습니다.",
      "srcPage": 28,
      "srcSentenceEA": 4,
      "srcWordEA": 27,
      "character": "보물,가니마르 경감,형사",
      "setting": "방",
      "action": "흔들어 깨우며 물었습니다",
      "feeling": null,
      "causalRelationship": null,
      "outcomeResolution": null,
      "prediction": null,
      "plotSummaryInfoCount": 1,
      "plotSummaryInfo": {
        "classification": "의사소통",
        "readAge": "초등_저학년",
        "form": "long-form",
        "plotSummaryText": "방안에 있던 보물들이 흔적도 없이 사라지고 없었고, 가니마르 경감은 형사를 흔들어 깨웠습니다.",
        "textWordEA": 12
      }
    },
    {
      "srcTextID": "50730",
      "srcText": "뤼팽을 감시하던 경찰들은 차에서 내려 사고 처리를 하느라 정신이 없었지요. 차에 혼자 남겨진 뤼팽은 문득 문이 열린 것을 발견했습니다. 차 사고의 충격으로 빗장이 풀린 것입니다.",
      "srcPage": 44,
      "srcSentenceEA": 3,
      "srcWordEA": 27,
      "character": "뤼팽,경찰들,차",
      "setting": null,
      "action": "차에서 내려,발견했습니다",
      "feeling": null,
      "causalRelationship": null,
      "outcomeResolution": null,
      "prediction": null,
      "plotSummaryInfoCount": 1,
      "plotSummaryInfo": {
        "classification": "의사소통",
        "readAge": "초등_저학년",
        "form": "short-form",
        "plotSummaryText": "경찰들이 차에서 내려 사고 처리를 하느라 혼자 남겨진 뤼팽은 빗장이 풀려 차 문이 열린 것을 발견했습니다. ",
        "textWordEA": 16
      }
    },
    {
      "srcTextID": "50731",
      "srcText": "자리에서 일어난 뤼팽은 차 문을 열고 밖을 보았습니다. 경찰들은 사고 처리에 정신이 팔려 있어 어느 누구도 뤼팽이 탄 뒤 칸에 신경을 쓰지 않는 듯했습니다. 슬며시 차를 빠져나온 뤼팽은 어디론가 걷기 시작했습니다.",
      "srcPage": 45,
      "srcSentenceEA": 3,
      "srcWordEA": 33,
      "character": "뤼팽,차,경찰들",
      "setting": null,
      "action": "열고,걷기 시작했습니다",
      "feeling": null,
      "causalRelationship": null,
      "outcomeResolution": null,
      "prediction": null,
      "plotSummaryInfoCount": 1,
      "plotSummaryInfo": {
        "classification": "의사소통",
        "readAge": "초등_저학년",
        "form": "short-form",
        "plotSummaryText": "사고 처리에 정신이 팔린 경찰들이 뤼팽이 탄 뒤 칸에 신경을 쓰지 않자, 차를 빠져나온 뤼팽은 어디론가 걷기 시작했습니다.",
        "textWordEA": 18
      }
    },
    {
      "srcTextID": "50743",
      "srcText": "종업원의 말에 옆자리에서 음식을 기다리던 손님들은 모두 배를 잡고 웃기 시작했습니다. “하하하!” “자기가 괴도 신사 뤼팽이래! 요즘은 공짜로 음료수를 마시고도 저렇게 허풍을 떠는군.” 식당 안은 웃음바다가 되었습니다.",
      "srcPage": 50,
      "srcSentenceEA": 4,
      "srcWordEA": 29,
      "character": "종업원,음료수,괴도 신사 뤼팽",
      "setting": "식당",
      "action": "웃기 시작했습니다,마시고도",
      "feeling": null,
      "causalRelationship": null,
      "outcomeResolution": null,
      "prediction": null,
      "plotSummaryInfoCount": 1,
      "plotSummaryInfo": {
        "classification": "의사소통",
        "readAge": "초등_저학년",
        "form": "long-form",
        "plotSummaryText": "식당 안의 손님들은 자기가 괴도 신사 뤼팽이라는 허풍을 떤다며 배를 잡고 웃기 시작했습니다.",
        "textWordEA": 13
      }
    },
    {
      "srcTextID": "50753",
      "srcText": "자리에서 일어난 뤼팽은 또다시 걷기 시작했습니다. 형사들도 다시 뤼팽의 뒤를 따르기 시작했습니다. 꼬불꼬불한 골목을 돌아 큰길로 나와서도 뤼팽은 계속 걷기만 했습니다.",
      "srcPage": 51,
      "srcSentenceEA": 3,
      "srcWordEA": 23,
      "character": "뤼팽,형사들",
      "setting": null,
      "action": "걷기,뒤를 따르기,일어난",
      "feeling": null,
      "causalRelationship": null,
      "outcomeResolution": null,
      "prediction": null,
      "plotSummaryInfoCount": 1,
      "plotSummaryInfo": {
        "classification": "의사소통",
        "readAge": "초등_저학년",
        "form": "short-form",
        "plotSummaryText": "다시 걷기 시작한 뤼팽은 골목길을 돌아 큰 길로 나와 계속 걸었고, 형사들도 뒤를 따르기 시작했습니다.",
        "textWordEA": 15
      }
    },
    {
      "srcTextID": "50752",
      "srcText": "얼마나 걸었을까요? 드디어 뤼팽이 걸음을 멈추었습니다. 그런데 뤼팽이 멈춰 선 곳은 놀랍게도 바로 자신이 갇혀 있던 감옥 앞이었습니다. 사백십칠 호에 있던 뤼팽이오.",
      "srcPage": 52,
      "srcSentenceEA": 4,
      "srcWordEA": 25,
      "character": "뤼팽",
      "setting": "감옥 앞",
      "action": "멈추었습니다",
      "feeling": null,
      "causalRelationship": null,
      "outcomeResolution": null,
      "prediction": null,
      "plotSummaryInfoCount": 1,
      "plotSummaryInfo": {
        "classification": "의사소통",
        "readAge": "초등_저학년",
        "form": "long-form",
        "plotSummaryText": "놀랍게도 뤼팽은 자신이 갇혀 있던 감옥 앞에서 걸음을 멈추었습니다.",
        "textWordEA": 9
      }
    },
    {
      "srcTextID": "50751",
      "srcText": "다시 감옥에 들어가려 하니 문을 열어 주시오. 경비원은 놀라 문을 열었고, 뤼팽은 자기가 갇혀 있던 감방으로 돌아갔습니다. 탈옥을 하겠다고 큰소리를 친 뤼팽이 제 발로 다시 돌아온 것입니다.",
      "srcPage": 53,
      "srcSentenceEA": 3,
      "srcWordEA": 29,
      "character": "경비원,뤼팽",
      "setting": "감옥",
      "action": "열었고,돌아갔습니다,큰소리를 친",
      "feeling": null,
      "causalRelationship": null,
      "outcomeResolution": null,
      "prediction": null,
      "plotSummaryInfoCount": 1,
      "plotSummaryInfo": {
        "classification": "의사소통",
        "readAge": "초등_저학년",
        "form": "short-form",
        "plotSummaryText": "경비원이 놀라 문을 열자, 탈옥을 하겠다던 뤼팽은 제 발로 다시 감옥으로 돌아갔습니다.",
        "textWordEA": 12
      }
    },
    {
      "srcTextID": "50767",
      "srcText": "잠시 후 뤼팽은 자신을 찾아온 가니마르 경감에게 말했습니다. “천하의 뤼팽을 그 정도로밖에 생각하지 않다니, 실망스럽군요. 모두 경감의 생각이었죠?”",
      "srcPage": 54,
      "srcSentenceEA": 3,
      "srcWordEA": 19,
      "character": "뤼팽,가니마르 경감",
      "setting": null,
      "action": "말했습니다",
      "feeling": "실망스럽군요",
      "causalRelationship": null,
      "outcomeResolution": null,
      "prediction": null,
      "plotSummaryInfoCount": 1,
      "plotSummaryInfo": {
        "classification": "의사소통",
        "readAge": "초등_저학년",
        "form": "short-form",
        "plotSummaryText": "천하의 뤼팽을 그 정도로밖에 생각하지 않았느냐며 뤼팽은 가니마르 경감에게 말했습니다.",
        "textWordEA": 10
      }
    },
    {
      "srcTextID": "50762",
      "srcText": "가니마르 경감은 아무 말도 하지 못했습니다. 아마도 내 뒤를 쫓은 형사가 스무 명은 되었을 겁니다. 마치 내가 어미 닭이고 형사들은 병아리인 것처럼 뒤를 졸졸 따라다녔겠지요?",
      "srcPage": 55,
      "srcSentenceEA": 3,
      "srcWordEA": 27,
      "character": "가니마르 경감,형사",
      "setting": null,
      "action": "따라다녔겠지요",
      "feeling": null,
      "causalRelationship": null,
      "outcomeResolution": null,
      "prediction": null,
      "plotSummaryInfoCount": 1,
      "plotSummaryInfo": {
        "classification": "의사소통",
        "readAge": "초등_저학년",
        "form": "short-form",
        "plotSummaryText": "아무 말도 못 하는 가니마르 경감에게 나는 어미 닭이고 형사들은 병아리처럼 졸졸 따라다녔겠다고 말했습니다.",
        "textWordEA": 14
      }
    },
    {
      "srcTextID": "50765",
      "srcText": "산책은 잘 했는데, 오랜만에 많이 걸었더니 피곤하군요. 나는 이제부터 자려고 하니 나중에 보도록 하지요. 한마디 말도 못 하고 돌아선 가니마르 경감은 입술을 깨물며, 감옥의 소장을 만나 뤼팽을 더욱 철저히 감시하도록 부탁했습니다.",
      "srcPage": 56,
      "srcSentenceEA": 3,
      "srcWordEA": 33,
      "character": "가니마르 경감,소장,뤼팽",
      "setting": null,
      "action": "걸었더니,자려고 하니,부탁했습니다",
      "feeling": null,
      "causalRelationship": null,
      "outcomeResolution": null,
      "prediction": null,
      "plotSummaryInfoCount": 1,
      "plotSummaryInfo": {
        "classification": "의사소통",
        "readAge": "초등_저학년",
        "form": "short-form",
        "plotSummaryText": "오랜만에 많이 걸었더니 피곤하다며 나중에 보자는 말에 가니마르 경감은 감옥의 소장에게 뤼팽을 철저히 감시하도록 부탁했습니다.",
        "textWordEA": 15
      }
    },
    {
      "srcTextID": "50764",
      "srcText": "글쎄요. 두 달 전 감옥을 나갔다가 다시 돌아온 뒤부터는 침대에 누워서 멍 하니 안쪽 벽만 바라보고 있습니다. 밥도 잘 먹지 않고요. 예전처럼 명랑하지도 않습니다.",
      "srcPage": 58,
      "srcSentenceEA": 3,
      "srcWordEA": 27,
      "character": null,
      "setting": "감옥,침대",
      "action": "나갔다가,돌아온,바라보고,먹지 않고요",
      "feeling": null,
      "causalRelationship": null,
      "outcomeResolution": null,
      "prediction": null,
      "plotSummaryInfoCount": 1,
      "plotSummaryInfo": {
        "classification": "의사소통",
        "readAge": "초등_저학년",
        "form": "short-form",
        "plotSummaryText": "두 달 전 감옥을 나갔다 돌아온 뒤로는 밥도 잘 안 먹고 예전처럼 명랑하지도 않았습니다.",
        "textWordEA": 14
      }
    },
    {
      "srcTextID": "50769",
      "srcText": "드디어 재판이 열리는 날, 재판정에 나타난 뤼팽은 힘없이 걸으며 고개를 푹 숙이고 있었고, 얼굴색도 좋지 않아 보였습니다. 판사가 물었습니다. “자네가 아르센 뤼팽인가?” “저, 저는 보드리 데지레입니다.”",
      "srcPage": 60,
      "srcSentenceEA": 4,
      "srcWordEA": 27,
      "character": "뤼팽,아르센 뤼팽,보드리 데지레,판사",
      "setting": null,
      "action": "힘없이 걸으며,물었습니다",
      "feeling": null,
      "causalRelationship": null,
      "outcomeResolution": null,
      "prediction": null,
      "plotSummaryInfoCount": 1,
      "plotSummaryInfo": {
        "classification": "의사소통",
        "readAge": "초등_저학년",
        "form": "long-form",
        "plotSummaryText": "재판이 열리는 날, 자네가 아르센 뤼팽이냐고 묻는 판사의 말에 저는 보드리 데지레라고 말했습니다.",
        "textWordEA": 13
      }
    },
    {
      "srcTextID": "50692",
      "srcText": "“그, 그냥, 물을 조금 마신 것밖에는.” 형사는 아직도 졸린 듯한 목소리였습니다. 가니마르 경감은 주전자에 담긴 물을 조금 맛보더니 부르짖었습니다.",
      "srcPage": 29,
      "srcSentenceEA": 3,
      "srcWordEA": 21,
      "character": "형사,가니마르 경감,주전자",
      "setting": null,
      "action": "맛보더니",
      "feeling": null,
      "causalRelationship": null,
      "outcomeResolution": null,
      "prediction": null,
      "plotSummaryInfoCount": 1,
      "plotSummaryInfo": {
        "classification": "의사소통",
        "readAge": "초등_저학년",
        "form": "short-form",
        "plotSummaryText": "형사가 졸린 듯한 목소리로 물을 조금 마셨다고 하자, 가니마르 경감이 주전자에 담긴 물 맛을 보더니 부르짖었습니다.",
        "textWordEA": 16
      }
    },
    {
      "srcTextID": "50835",
      "srcText": "하지만 그리 주목을 받지 못했습니다. 그러다 인간의 이야기를 사실적이고도 짜임새 있게 그렸던 작가 모파상의 영향을 받고 추리 소설로 방향을 바뀝니다. 그리고 1905년 아르센 뤼팽을 주인공으로 한 단편 소설을 발표하여 마침내 큰 성공을 거두었습니다.",
      "srcPage": 80,
      "srcSentenceEA": 3,
      "srcWordEA": 35,
      "character": "아르센 뤼팽,모파상",
      "setting": "1905년",
      "action": "소설을 발표하여",
      "feeling": null,
      "causalRelationship": null,
      "outcomeResolution": null,
      "prediction": null,
      "plotSummaryInfoCount": 1,
      "plotSummaryInfo": {
        "classification": "의사소통",
        "readAge": "초등_저학년",
        "form": "short-form",
        "plotSummaryText": "주목을 받지 못하다가, 모파상의 영향을 받고 추리 소설로 방향을 바꾼 뒤, 1905년 아르센 뤼팽을 주인공으로 한 단편 소설을 발표하여 큰 성공을 거두었습니다.",
        "textWordEA": 22
      }
    },
    {
      "srcTextID": "50723",
      "srcText": "경찰서로 돌아온 가니마르 경감은 서장에게 말했습니다. “뤼팽을 다른 감옥으로 옮기도록 해 주십시오.” “감옥을 옮기다니. 그러다가 탈옥이라도 하면 어쩔 텐가?”",
      "srcPage": 38,
      "srcSentenceEA": 4,
      "srcWordEA": 20,
      "character": "가니마르 경감,서장,뤼팽",
      "setting": "경찰서",
      "action": null,
      "feeling": null,
      "causalRelationship": null,
      "outcomeResolution": null,
      "prediction": null,
      "plotSummaryInfoCount": 1,
      "plotSummaryInfo": {
        "classification": "의사소통",
        "readAge": "초등_저학년",
        "form": "long-form",
        "plotSummaryText": "가니마르 경감이 뤼팽을 다른 감옥으로 옮기도록 해 달라고 하자, 서장은 탈옥이라도 하면 어찌할 거냐고 반문했습니다.",
        "textWordEA": 15
      }
    },
    {
      "srcTextID": "50722",
      "srcText": "감옥을 옮긴다는 핑계로 뤼팽을 차에 태웁니다. 빗장을 헐렁하게 해 두고 말이죠. 그리고 일부러 차 사고를 내서 소란스럽게 만듭니다.",
      "srcPage": 40,
      "srcSentenceEA": 3,
      "srcWordEA": 20,
      "character": "뤼팽,감옥,차",
      "setting": null,
      "action": "사고를 내서,태웁니다",
      "feeling": null,
      "causalRelationship": null,
      "outcomeResolution": null,
      "prediction": null,
      "plotSummaryInfoCount": 1,
      "plotSummaryInfo": {
        "classification": "의사소통",
        "readAge": "초등_저학년",
        "form": "short-form",
        "plotSummaryText": "빗장을 헐렁하게 해 둔 차에 뤼팽을 태운 뒤, 일부러 차 사고를 내 소란을 피웁니다.",
        "textWordEA": 14
      }
    },
    {
      "srcTextID": "50768",
      "srcText": "“그동안 많은 귀족과 부호들의 물건을 훔치고, 얼마 전 카오론 남작의 말라키 성에서도 물건을 훔친 죄를 인정하는가?” “무, 무슨 소리인지 모르겠습니다. 저는 보드리 데지레입니다.”",
      "srcPage": 62,
      "srcSentenceEA": 3,
      "srcWordEA": 24,
      "character": "카오론 남작,보드리 데지레",
      "setting": "말라키 성",
      "action": "훔치고",
      "feeling": null,
      "causalRelationship": null,
      "outcomeResolution": null,
      "prediction": null,
      "plotSummaryInfoCount": 1,
      "plotSummaryInfo": {
        "classification": "의사소통",
        "readAge": "초등_저학년",
        "form": "short-form",
        "plotSummaryText": "귀족과 부호들, 카오론 남작의 물건을 훔친 죄를 인정하느냐는 말에 저는 보드리 데지레라고 답했습니다.",
        "textWordEA": 13
      }
    },
    {
      "srcTextID": "50771",
      "srcText": "“그렇다면 자네는 어떻게 감옥에 들어왔는가?” 두 달 전에 술에 취해 소란을 피웠는데, 경찰이 저를 어떤 차에 태웠습니다. 저는 잠이 들었고 깨어 보니 감옥에 들어와 있었습니다.",
      "srcPage": 63,
      "srcSentenceEA": 3,
      "srcWordEA": 27,
      "character": "경찰,차",
      "setting": "감옥,두 달 전",
      "action": "소란을 피웠는데,잠이 들었고,깨어 보니",
      "feeling": null,
      "causalRelationship": null,
      "outcomeResolution": null,
      "prediction": null,
      "plotSummaryInfoCount": 1,
      "plotSummaryInfo": {
        "classification": "의사소통",
        "readAge": "초등_저학년",
        "form": "short-form",
        "plotSummaryText": "어떻게 감옥에 들어왔느냐고 묻자, 두 달 전 술에 취해 소란을 피우다 경찰이 태운 차를 타고 잠이 들다 깨어 보니 감옥에 들어와 있었다고 말했습니다.",
        "textWordEA": 23
      }
    },
    {
      "srcTextID": "50772",
      "srcText": "“밖에 나가 보았자 먹고살 길도 없고. 비록 감옥이지만 음식도 훌륭했고, 힘든 일도 시키지 않았으니까요.” 그때 법정에 앉아 있던 누군가가 크게 외쳤습니다.",
      "srcPage": 65,
      "srcSentenceEA": 3,
      "srcWordEA": 23,
      "character": "감옥",
      "setting": "법정",
      "action": "외쳤습니다",
      "feeling": null,
      "causalRelationship": null,
      "outcomeResolution": null,
      "prediction": null,
      "plotSummaryInfoCount": 1,
      "plotSummaryInfo": {
        "classification": "의사소통",
        "readAge": "초등_저학년",
        "form": "short-form",
        "plotSummaryText": "밖에서는 먹고 살 길도 없고, 감옥이지만 음식도 훌륭하고 힘든 일도 시키지 않아서 그랬다고 말하는 때 법정에 있던 누군가가 외쳤습니다.",
        "textWordEA": 19
      }
    },
    {
      "srcTextID": "50773",
      "srcText": "“재판장님! 저 사람은 뤼팽이 아닙니다.” 모두가 놀랄 만한 말을 한 사람은 다름 아닌 가니마르 경감이었습니다. 뤼팽을 직접 체포해서 감옥으로 보낸 가니마르 경감이 이번에는 뤼팽이 아니라고 하다니, 대체 어찌 된 것일까요?",
      "srcPage": 66,
      "srcSentenceEA": 3,
      "srcWordEA": 33,
      "character": "재판장,뤼팽,가니마르 경감,감옥",
      "setting": null,
      "action": "체포해서,말을 한",
      "feeling": null,
      "causalRelationship": null,
      "outcomeResolution": null,
      "prediction": null,
      "plotSummaryInfoCount": 1,
      "plotSummaryInfo": {
        "classification": "의사소통",
        "readAge": "초등_저학년",
        "form": "short-form",
        "plotSummaryText": "뤼팽을 직접 체포해 감옥에 넣은 가니마르 경감이 재판장에게 저 사람은 뤼팽이 아니라고 말했습니다.",
        "textWordEA": 13
      }
    },
    {
      "srcTextID": "50777",
      "srcText": "가니마르 경감은 앞으로 나와 보드리 데지레라는 사내를 자세히 살펴본 다음에 입을 열었습니다. 이 사람은 분명히 뤼팽과 무척 닮았습니다. 하지만 뤼팽은 아닙니다.",
      "srcPage": 67,
      "srcSentenceEA": 3,
      "srcWordEA": 23,
      "character": "가니마르 경감,보드리 데지레",
      "setting": null,
      "action": "살펴본,입을 열었습니다",
      "feeling": null,
      "causalRelationship": null,
      "outcomeResolution": null,
      "prediction": null,
      "plotSummaryInfoCount": 1,
      "plotSummaryInfo": {
        "classification": "의사소통",
        "readAge": "초등_저학년",
        "form": "short-form",
        "plotSummaryText": "앞으로 나와 보드리 데지레를 살펴본 가니마르 경감은 이 사람은 뤼팽과 닮았지만 뤼팽은 아니라고 말했습니다.",
        "textWordEA": 14
      }
    },
    {
      "srcTextID": "50779",
      "srcText": "무엇보다 뤼팽은 도둑이지만 괴도 신사라고 불릴 만큼 멋지고 활기차거든요. 이 사내는 전혀 그렇지가 않습니다. 키도 약간 작고, 말투나 행동도 자세히 살펴보면 많은 차이가 있습니다.",
      "srcPage": 68,
      "srcSentenceEA": 3,
      "srcWordEA": 26,
      "character": "뤼팽,도둑",
      "setting": null,
      "action": null,
      "feeling": null,
      "causalRelationship": null,
      "outcomeResolution": null,
      "prediction": "무엇보다 뤼팽은 도둑이지만 괴도 신사라고 불릴 만큼 멋지고 활기차거든요. 이 사내는 전혀 그렇지가 않습니다.",
      "plotSummaryInfoCount": 1,
      "plotSummaryInfo": {
        "classification": "의사소통",
        "readAge": "초등_저학년",
        "form": "short-form",
        "plotSummaryText": "뤼팽은 도둑인데도 활기찼지만 이 사내는 전혀 그렇지 않고, 키도 약간 작고 말투와 행동도 차이가 많이 납니다.",
        "textWordEA": 16
      }
    },
    {
      "srcTextID": "50809",
      "srcText": "“자신이 말한 대로 보드리 데지레입니다. 집도 직업도 없는 부랑자죠. 우연히도 뤼팽이 감옥을 옮기던 날 술에 취해 소란을 피운 죄로 경찰에 체포되었습니다. 뤼팽은 감쪽같이 이 사내와 바꿔치기를 한 것입니다.”",
      "srcPage": 71,
      "srcSentenceEA": 4,
      "srcWordEA": 31,
      "character": "경찰,뤼팽,보드리 데지레",
      "setting": null,
      "action": "소란을 피운",
      "feeling": null,
      "causalRelationship": null,
      "outcomeResolution": null,
      "prediction": null,
      "plotSummaryInfoCount": 1,
      "plotSummaryInfo": {
        "classification": "의사소통",
        "readAge": "초등_저학년",
        "form": "long-form",
        "plotSummaryText": "이 자는 보드리 데지레라는 사람으로 술에 취해 소란을 피운 죄로 경찰에 체포되었던 날, 뤼팽이 이 사람과 바꿔치기를 한 것입니다.",
        "textWordEA": 19
      }
    },
    {
      "srcTextID": "50817",
      "srcText": "“이, 이럴 수가!” 그 사내는 바로 자신이 항구에서 체포한 뤼팽이 틀림없었습니다. 빛나는 얼굴, 밝은 인상, 활기찬 목소리 그대로인 괴도 신사 뤼팽이었습니다. 보드리 데지레가 재판정을 나온 후, 여기까지 조금도 한눈을 팔지 않고 감시하며 따라왔는데 도대체 어느 틈에 사람이 또 바뀐 걸까요?",
      "srcPage": 74,
      "srcSentenceEA": 4,
      "srcWordEA": 43,
      "character": "뤼팽,보드리 데지레",
      "setting": null,
      "action": "감시하며 따라왔는데",
      "feeling": null,
      "causalRelationship": null,
      "outcomeResolution": null,
      "prediction": null,
      "plotSummaryInfoCount": 1,
      "plotSummaryInfo": {
        "classification": "의사소통",
        "readAge": "초등_저학년",
        "form": "long-form",
        "plotSummaryText": "자신이 항구에서 체포했던 뤼팽임에는 틀림없었는데, 재판정을 나온 보드리 데지레를 한눈팔지 않고 따라왔는데 어느 틈에 사람이 바뀌었는지는 몰랐습니다.",
        "textWordEA": 17
      }
    },
    {
      "srcTextID": "50819",
      "srcText": "“뭘 그리 놀라시나?” “어, 언제 바뀌었지?” “바뀐 적은 없어. 항구에서 잡힌 것도 나, 감옥에 있던 것도 나, 재판을 받은 것도 나야.” “어떻게 그럴 수가 있지?”",
      "srcPage": 75,
      "srcSentenceEA": 5,
      "srcWordEA": 26,
      "character": "항구,감옥",
      "setting": null,
      "action": "잡힌 것,있던,받은",
      "feeling": null,
      "causalRelationship": null,
      "outcomeResolution": null,
      "prediction": null,
      "plotSummaryInfoCount": 1,
      "plotSummaryInfo": {
        "classification": "의사소통",
        "readAge": "초등_저학년",
        "form": "long-form",
        "plotSummaryText": "항구에서 잡힌 것도, 감옥에 있던 것도, 재판을 받은 것도 모두 나라는 말에 어떻게 그럴 수 있느냐고 물었습니다.",
        "textWordEA": 17
      }
    },
    {
      "srcTextID": "50823",
      "srcText": "가니마르 경감은 놀라서 아무런 말도 할 수 없었습니다. 자기를 체포한 사람으로 하여금 다시 풀어 주도록 한다. 얼마나 뤼팽다운 방법인가?",
      "srcPage": 76,
      "srcSentenceEA": 3,
      "srcWordEA": 21,
      "character": "가니마르 경감,뤼팽",
      "setting": null,
      "action": "체포한",
      "feeling": "놀라서",
      "causalRelationship": null,
      "outcomeResolution": null,
      "prediction": null,
      "plotSummaryInfoCount": 1,
      "plotSummaryInfo": {
        "classification": "의사소통",
        "readAge": "초등_저학년",
        "form": "short-form",
        "plotSummaryText": "가니마르 경감은 놀라서 아무 말도 할 수 없었고, 자기를 체포한 사람으로 하여금 다시 풀어 주도록 하는 것은 참으로 뤼팽다운 방법이었습니다.",
        "textWordEA": 20
      }
    },
    {
      "srcTextID": "50824",
      "srcText": "그렇게 생각하지 않나, 가니마르 경감? 그러면 나중에 또 보세. 뤼팽은 몇 걸음을 가다가 돌아서서 말했습니다.",
      "srcPage": 77,
      "srcSentenceEA": 3,
      "srcWordEA": 17,
      "character": "가니마르 경감,뤼팽",
      "setting": null,
      "action": "돌아서서 말했습니다",
      "feeling": null,
      "causalRelationship": null,
      "outcomeResolution": null,
      "prediction": null,
      "plotSummaryInfoCount": 1,
      "plotSummaryInfo": {
        "classification": "의사소통",
        "readAge": "초등_저학년",
        "form": "short-form",
        "plotSummaryText": "나중에 또 보자며 가던 뤼팽은 가니마르 경감에게 돌아서서 말했습니다.",
        "textWordEA": 9
      }
    },
    {
      "srcTextID": "50828",
      "srcText": "1906년에는 단편집 괴도 신사 아르센 뤼팽을 간행하면서 독자들의 뜨거운 반응을 얻었습니다. 특히 독자들은 두뇌가 뛰어난 도둑이면서도 명탐정 역할까지 일인이역을 하는 뤼팽의 매력에 푹 빠졌지요. 결국 르블랑은 뤼팽을 추리 소설뿐 아니라 모험 소설의 주인공으로도 내세워 뤼팽을 국민적 영웅으로 만듭니다. 프랑스 최고의 훈장인 레종 도뇌르 훈장을 받은 것도 그런 공헌 때문이지요. 이 외 속이 빈 바늘, 수정 마개, 아르센 뤼팽의 고백, 황금의 3각, 무서운 사건, 녹색 눈의 아가씨 등은 지금도 널리 읽히는 르블랑의 추리 걸작들입니다.",
      "srcPage": 81,
      "srcSentenceEA": 5,
      "srcWordEA": 77,
      "character": "뤼팽,프랑스,르블랑,레종 도뇌르 훈장",
      "setting": "1906년",
      "action": "간행하면서",
      "feeling": null,
      "causalRelationship": null,
      "outcomeResolution": null,
      "prediction": null,
      "plotSummaryInfoCount": 1,
      "plotSummaryInfo": {
        "classification": "의사소통",
        "readAge": "초등_저학년",
        "form": "long-form",
        "plotSummaryText": "1906년 간행된 단편집 괴도 신사 뤼팽에서, 독자들은 도둑이면서 명탐정 역할을 하는 뤼팽의 매력에 빠졌고, 르블랑은 뤼팽을 추리 소설과 모험 소설의 주인공으로 내세워 국민적 영웅으로 만든 공헌을 인정받아 프랑스 최고의 훈장인 레종 도뇌르 훈장을 받았습니다.",
        "textWordEA": 34
      }
    },
    {
      "srcTextID": "50833",
      "srcText": "프랑스 인의 영웅이 된 대도둑. 르블랑의 추리 소설은 대부분 뤼팽이 주인공입니다. 작품마다 뤼팽은 각기 다른 모습으로 나타나 사람들에게 재미를 더해 줍니다.",
      "srcPage": 82,
      "srcSentenceEA": 3,
      "srcWordEA": 23,
      "character": "르블랑,뤼팽",
      "setting": null,
      "action": null,
      "feeling": null,
      "causalRelationship": null,
      "outcomeResolution": null,
      "prediction": "작품마다 뤼팽은 각기 다른 모습으로 나타나 사람들에게 재미를 더해 줍니다.",
      "plotSummaryInfoCount": 1,
      "plotSummaryInfo": {
        "classification": "의사소통",
        "readAge": "초등_저학년",
        "form": "short-form",
        "plotSummaryText": "르블랑의 추리 소설 주인공인 뤼팽은 작품마다 각기 다른 모습으로 사람들에게 재미를 줍니다.",
        "textWordEA": 12
      }
    },
    {
      "srcTextID": "50830",
      "srcText": "뤼팽은 절대 가난한 사람의 물건은 훔치지 않습니다. 귀족들이나 부자의 저택만을 노리지요. 변장술도 뛰어난 데다가 외모도 수려하고 예절 바른 신사입니다.",
      "srcPage": 83,
      "srcSentenceEA": 3,
      "srcWordEA": 21,
      "character": "뤼팽,가난한 사람,귀족,부자의 저택",
      "setting": null,
      "action": "훔치지",
      "feeling": null,
      "causalRelationship": null,
      "outcomeResolution": null,
      "prediction": null,
      "plotSummaryInfoCount": 1,
      "plotSummaryInfo": {
        "classification": "의사소통",
        "readAge": "초등_저학년",
        "form": "short-form",
        "plotSummaryText": "뤼팽은 귀족들과 부자의 물건만 훔쳤으며, 수려한 외모를 지닌 예절 바른 신사였고 변장술도 뛰어났습니다.",
        "textWordEA": 13
      }
    },
    {
      "srcTextID": "50832",
      "srcText": "어떤 때는 도둑이면서도 어떤 때는 유능한 탐정이 되기도 합니다. 심지어 애국심도 대단합니다. 르블랑의 작품에서 뤼팽은 당시 프랑스를 위협하던 독일에 대해 강한 적개심을 드러내기도 합니다.",
      "srcPage": 84,
      "srcSentenceEA": 3,
      "srcWordEA": 26,
      "character": "르블랑,뤼팽,독일,프랑스",
      "setting": null,
      "action": null,
      "feeling": "강한 적개심",
      "causalRelationship": null,
      "outcomeResolution": null,
      "prediction": null,
      "plotSummaryInfoCount": 1,
      "plotSummaryInfo": {
        "classification": "의사소통",
        "readAge": "초등_저학년",
        "form": "short-form",
        "plotSummaryText": "르블랑의 작품에서 뤼팽은 도둑이면서 탐정이었고 애국심도 대단했으며 독일에 대해 강한 적개심을 드러내기도 합니다.",
        "textWordEA": 13
      }
    },
    {
      "srcTextID": "50829",
      "srcText": "1908년에 발표된 아르센 뤼팽 대 셜록 홈스에서는 셜록 홈스라는 영국의 탐정과 대결을 벌이기도 합니다. 역사적으로 영국과 프랑스는 언제나 경쟁 관계였는데 추리 소설에서도 자존심 대결을 벌였던 것이지요. 물론 르블랑의 작품에서는 뤼팽이 승리했습니다.",
      "srcPage": 85,
      "srcSentenceEA": 3,
      "srcWordEA": 33,
      "character": "르블랑,뤼팽,셜록 홈스",
      "setting": "1908년",
      "action": "승리했습니다",
      "feeling": null,
      "causalRelationship": null,
      "outcomeResolution": null,
      "prediction": null,
      "plotSummaryInfoCount": 1,
      "plotSummaryInfo": {
        "classification": "의사소통",
        "readAge": "초등_저학년",
        "form": "short-form",
        "plotSummaryText": "역사적으로 경쟁 관계였던 영국과 프랑스는 1908년에 발표된 아르센 뤼팽 대 셜록 홈스에서 자존심 대결을 벌였는데, 르블랑 작품에서는 뤼팽이 승리했습니다.",
        "textWordEA": 19
      }
    },
    {
      "srcTextID": "50831",
      "srcText": "만약 코난 도일이 썼다면 결과는 반대가 되었겠지만 말입니다. 오늘날 괴도 뤼팽은 프랑스뿐 아니라 전 세계인의 사랑을 받는 영웅이 되었습니다. 또한 뤼팽의 기상천외한 모습은 영화나 텔레비전 드라마 등에서 자주 사용되어 보는 사람에게 즐거움을 줍니다.",
      "srcPage": 86,
      "srcSentenceEA": 3,
      "srcWordEA": 35,
      "character": "괴도 뤼팽,코난 도일,프랑스",
      "setting": null,
      "action": "보는",
      "feeling": null,
      "causalRelationship": null,
      "outcomeResolution": null,
      "prediction": null,
      "plotSummaryInfoCount": 1,
      "plotSummaryInfo": {
        "classification": "의사소통",
        "readAge": "초등_저학년",
        "form": "short-form",
        "plotSummaryText": "프랑스와 전 세계인의 사랑을 받는 괴도 뤼팽의 기상천외한 모습은 영화나 텔레비전 드라마에 자주 사용되어 보는 사람에게 즐거움을 줍니다.",
        "textWordEA": 18
      }
    },
    {
      "srcTextID": "50610",
      "srcText": "폭풍우가 세차게 몰아치는 어느 날 오후, 대서양을 가로질러 프랑스와 미국을 오가는 정기 여객선 프로방스 호에 모두를 놀라게 할 만한 전신이 날아들었습니다. 프로방스 호 일등 선실에 아르센 뤼팽이 타고 있음. 금발이며 오른팔에 부상을 입었음. 동행은 없으며, 가명은 R.",
      "srcPage": 1,
      "srcSentenceEA": 4,
      "srcWordEA": 40,
      "character": "아르센 뤼팽",
      "setting": "어느 날 오후,프로방스 호",
      "action": null,
      "feeling": null,
      "causalRelationship": null,
      "outcomeResolution": null,
      "prediction": null,
      "plotSummaryInfoCount": 1,
      "plotSummaryInfo": {
        "classification": "의사소통",
        "readAge": "초등_저학년",
        "form": "long-form",
        "plotSummaryText": "폭풍우가 세게 몰아치는 어느 날 오후, 정기 여객선 프로방스 호에 오른팔에 부상을 입고 가명은 R인 아르센 뤼팽이 동행 없이 일등 선실에 타고 있다는 전신이 날아들었습니다.",
        "textWordEA": 25
      }
    },
    {
      "srcTextID": "50608",
      "srcText": "뤼팽은 프랑스를 떠들썩하게 만든 도둑이었습니다. 엄청난 부자나 귀족의 집만 골라 값진 물건을 훔쳐 가며 시간과 장소를 미리 알리고 범행을 하는 괴상한 도둑이었습니다. 또 변장술이 뛰어나 누구의 모습으로라도 변할 수 있기에 ‘괴도 신사’라는 별명으로 불렸습니다.",
      "srcPage": 3,
      "srcSentenceEA": 4,
      "srcWordEA": 37,
      "character": "뤼팽,괴도 신사",
      "setting": "프랑스",
      "action": "훔쳐 가며",
      "feeling": null,
      "causalRelationship": null,
      "outcomeResolution": null,
      "prediction": null,
      "plotSummaryInfoCount": 1,
      "plotSummaryInfo": {
        "classification": "의사소통",
        "readAge": "초등_저학년",
        "form": "long-form",
        "plotSummaryText": "뤼팽은 부자나 귀족의 집만 골라 시간과 장소를 미리 알린 뒤 값진 물건을 훔쳐 가는 도둑으로 변장술도 뛰어나 괴도 신사라는 별명으로 불렸습니다.",
        "textWordEA": 21
      }
    },
    {
      "srcTextID": "50642",
      "srcText": "“호호호. 당신일 수도 있다고요? 농담하지 마세요.” “그만큼 뤼팽은 변장술이 뛰어나다는 얘기죠.” 이때 넬리의 친구인 절런드 부인이 놀란 목소리로 외쳤습니다. “내 보석! 보석을 모두 도둑맞았어요!”",
      "srcPage": 5,
      "srcSentenceEA": 6,
      "srcWordEA": 28,
      "character": "뤼팽,넬리,절런드 부인",
      "setting": null,
      "action": "외쳤습니다",
      "feeling": null,
      "causalRelationship": null,
      "outcomeResolution": null,
      "prediction": null,
      "plotSummaryInfoCount": 1,
      "plotSummaryInfo": {
        "classification": "의사소통",
        "readAge": "초등_저학년",
        "form": "long-form",
        "plotSummaryText": "이때 넬리의 친구인 절런드 부인이 보석을 모두 도둑맞았다며 놀란 목소리로 외쳤습니다.",
        "textWordEA": 11
      }
    },
    {
      "srcTextID": "50677",
      "srcText": "파리의 센 강이 내려다보이는 높은 언덕에는 말라키 성이 있었습니다. 말라키 성의 주인은 귀족인 카오론 남작으로, 골동품과 보석 수집가로도 유명한 사람이었지요. 어느 날, 카오론 남작 앞으로 편지 한 통이 배달되었습니다.",
      "srcPage": 15,
      "srcSentenceEA": 3,
      "srcWordEA": 31,
      "character": "카오론 남작,골동품,보석,편지",
      "setting": "파리,말라키 성",
      "action": null,
      "feeling": null,
      "causalRelationship": null,
      "outcomeResolution": null,
      "prediction": null,
      "plotSummaryInfoCount": 1,
      "plotSummaryInfo": {
        "classification": "의사소통",
        "readAge": "초등_저학년",
        "form": "short-form",
        "plotSummaryText": "말라키 성에 사는 골동품과 보석 수집가 카오론 남작 앞으로 어느 날 편지 한 통이 배달되었습니다.",
        "textWordEA": 15
      }
    },
    {
      "srcTextID": "50683",
      "srcText": "카오론 남작은 낚싯대를 드리우고 있는 가니마르 경감에게 뤼팽이 보낸 편지를 내보이며 말했습니다. 편지를 읽어 본 가니마르 경감은 웃으며 말했습니다. 뤼팽은 절대 남작님의 물건을 훔칠 수 없습니다.",
      "srcPage": 20,
      "srcSentenceEA": 3,
      "srcWordEA": 28,
      "character": "카오론 남작,가니마르 경감,뤼팽,편지",
      "setting": null,
      "action": "웃으며 말했습니다,훔칠",
      "feeling": null,
      "causalRelationship": null,
      "outcomeResolution": null,
      "prediction": null,
      "plotSummaryInfoCount": 1,
      "plotSummaryInfo": {
        "classification": "의사소통",
        "readAge": "초등_저학년",
        "form": "short-form",
        "plotSummaryText": "카오론 남작의 편지를 읽은 가니마르 경감은, 뤼팽은 절대 남작의 물건을 훔칠 수 없다고 웃으며 말했습니다.",
        "textWordEA": 15
      }
    },
    {
      "srcTextID": "50682",
      "srcText": "제가 직접 잡아 감옥에 넣었으니까요. 이건 아마도 장난 편지일 겁니다. 하지만 워낙 귀신같은 도둑이라고 하니 안심할 수가 없군요.",
      "srcPage": 21,
      "srcSentenceEA": 3,
      "srcWordEA": 20,
      "character": "편지,감옥",
      "setting": null,
      "action": "넣었으니까요",
      "feeling": null,
      "causalRelationship": null,
      "outcomeResolution": null,
      "prediction": null,
      "plotSummaryInfoCount": 1,
      "plotSummaryInfo": {
        "classification": "의사소통",
        "readAge": "초등_저학년",
        "form": "short-form",
        "plotSummaryText": "제가 감옥에 넣었으니 그건 장난 편지 같지만, 워낙 귀신같은 도둑이라 안심할 수 없다고 말했어요.",
        "textWordEA": 14
      }
    },
    {
      "srcTextID": "50685",
      "srcText": "남작께서는 중요한 물건들을 모아 방 안에 넣으십시오. 저희가 지키기 쉽도록 말입니다. 카오론 남작은 값나가는 그림과 보석들을 모아 방 안에 두고 열쇠를 채웠습니다.",
      "srcPage": 24,
      "srcSentenceEA": 3,
      "srcWordEA": 24,
      "character": "카오론 남작,그림,보석,열쇠",
      "setting": "방",
      "action": "넣으십시오,지키기,채웠습니다",
      "feeling": null,
      "causalRelationship": null,
      "outcomeResolution": null,
      "prediction": null,
      "plotSummaryInfoCount": 1,
      "plotSummaryInfo": {
        "classification": "의사소통",
        "readAge": "초등_저학년",
        "form": "short-form",
        "plotSummaryText": "지키기 쉽게 중요한 물건들을 방 안에 넣어 달라는 말에, 카오론 남작은 그림과 보석들을 방안에 모아 두고 열쇠를 채웠습니다.",
        "textWordEA": 18
      }
    },
    {
      "srcTextID": "50684",
      "srcText": "“이제 부하들이 이 방을 지킬 테니 남작께서는 안심하십시오. 긴장을 풀기 위해 거실에서 저와 체스라도 한 판 두실까요?” 카오론 남작은 가니마르 경감의 자신 있는 태도와 믿음직스러워 보이는 두 형사를 보고 비로소 안심할 수 있었습니다.",
      "srcPage": 25,
      "srcSentenceEA": 3,
      "srcWordEA": 35,
      "character": "부하,남작,카오론 남작,가니마르 경감",
      "setting": null,
      "action": null,
      "feeling": "안심할 수 있었습니다",
      "causalRelationship": null,
      "outcomeResolution": null,
      "prediction": null,
      "plotSummaryInfoCount": 1,
      "plotSummaryInfo": {
        "classification": "의사소통",
        "readAge": "초등_저학년",
        "form": "short-form",
        "plotSummaryText": "부하들이 이 방을 지킬 테니 안심하라는 가니마르 경감의 말과 믿음직한 두 형사를 본 카오론 남작은 안심이 되었습니다.",
        "textWordEA": 17
      }
    },
    {
      "srcTextID": "50693",
      "srcText": "“수면제다! 물에 수면제를 탔어.” 가니마르 경감은 맥이 빠진 모습으로 카오론 남작에게 말했습니다. “죄송합니다. 설마 이런 방법까지 사용할 줄은 몰랐습니다. 뤼팽을 막지 못했으니 사례금은 받지 않겠습니다.” 아직도 잠이 덜 깬 듯 하품을 해대는 부하들을 부축하여 돌아가는 가니마르 경감의 어깨는 올 때와는 반대로 축 늘어져 있었습니다.",
      "srcPage": 30,
      "srcSentenceEA": 5,
      "srcWordEA": 49,
      "character": "수면제,가니마르 경감,카오론 남작,뤼팽",
      "setting": null,
      "action": "말했습니다,부축하여",
      "feeling": null,
      "causalRelationship": null,
      "outcomeResolution": null,
      "prediction": null,
      "plotSummaryInfoCount": 1,
      "plotSummaryInfo": {
        "classification": "의사소통",
        "readAge": "초등_저학년",
        "form": "long-form",
        "plotSummaryText": "물에 수면제를 탄 것을 안 가니마르 경감은 뤼팽이 이런 방법까지 사용할 줄은 몰랐다며 카오론 남작에게 죄송하다고 말하곤, 부하들을 부축하여 돌아갔습니다.",
        "textWordEA": 20
      }
    },
    {
      "srcTextID": "50643",
      "srcText": "미국에 있는 아버지를 만나러 가기 위해 배에 탄 넬리는 여행하면서 알게 된 프랑스 청년 당드레 주와 이야기를 나누고 있었습니다. “정말 뤼팽이 누군지 모르나요?” “아직 확실한 것은 없어요. 저 중년 신사이거나 저쪽에 있는 청년, 아니면 나일 수도 있죠.”",
      "srcPage": 4,
      "srcSentenceEA": 4,
      "srcWordEA": 38,
      "character": "아버지,넬리,당드레 주,뤼팽",
      "setting": "배",
      "action": "이야기를 나누고",
      "feeling": null,
      "causalRelationship": null,
      "outcomeResolution": null,
      "prediction": null,
      "plotSummaryInfoCount": 1,
      "plotSummaryInfo": {
        "classification": "의사소통",
        "readAge": "초등_저학년",
        "form": "long-form",
        "plotSummaryText": "미국에 있는 아버지를 만나러 가는 넬리는 배에서 프랑스 청년 당드레 주와 뤼팽에 대해서 이야기를 나누고 있었습니다.",
        "textWordEA": 16
      }
    },
    {
      "srcTextID": "50644",
      "srcText": "“뤼팽이 보석을 어디에 숨겼을까요?” 넬리의 질문에 당드레주가 답했습니다. “보석은 크기가 작고 무겁지도 않습니다. 그런 걸 숨기는 거야 간단하죠. 예를 들어 내가 들고 있는 이 카메라 안에다 넣었을 수도 있고 말이에요.”",
      "srcPage": 7,
      "srcSentenceEA": 5,
      "srcWordEA": 33,
      "character": "뤼팽,보석,넬리,당드레주,카메라",
      "setting": null,
      "action": "답했습니다,넣었을",
      "feeling": null,
      "causalRelationship": null,
      "outcomeResolution": null,
      "prediction": null,
      "plotSummaryInfoCount": 1,
      "plotSummaryInfo": {
        "classification": "의사소통",
        "readAge": "초등_저학년",
        "form": "long-form",
        "plotSummaryText": "뤼팽이 보석을 어디에 숨겼을 것 같냐는 넬리의 질문에 작고 무겁지도 않으니 간단하다고 당드레 주가 말했습니다.",
        "textWordEA": 15
      }
    },
    {
      "srcTextID": "50709",
      "srcText": "감옥에 있는 뤼팽이 보물을 훔쳤다는 소식을 들은 경시청은 난리가 났습니다. 가니마르 경감은 사실을 확인하기 위해 뤼팽을 만나러 라 상테 감옥을 찾았습니다. “물어볼 것이 있는데, 말라키 성 도난 사건은 정말 자네가 한 일인가?”",
      "srcPage": 31,
      "srcSentenceEA": 3,
      "srcWordEA": 33,
      "character": "뤼팽,보물,가니마르 경감",
      "setting": "상테 감옥",
      "action": null,
      "feeling": null,
      "causalRelationship": null,
      "outcomeResolution": null,
      "prediction": null,
      "plotSummaryInfoCount": 1,
      "plotSummaryInfo": {
        "classification": "의사소통",
        "readAge": "초등_저학년",
        "form": "short-form",
        "plotSummaryText": "감옥에 있는 뤼팽이 보물을 훔쳤다는 소식에 경시청은 난리가 났고, 가니마르 경감은 사실 확인을 위해 라 상테 감옥으로 갔습니다.",
        "textWordEA": 18
      }
    },
    {
      "srcTextID": "50720",
      "srcText": "“탈옥을 시키는 겁니다.” “탈옥을 시킨다고? 대체 그게 무슨 소린가?” 경찰 서장은 눈을 동그랗게 뜨고 가니마르 경감을 바라보았습니다.",
      "srcPage": 39,
      "srcSentenceEA": 4,
      "srcWordEA": 19,
      "character": "경찰 서장,가니마르 경감",
      "setting": null,
      "action": "바라보았습니다",
      "feeling": null,
      "causalRelationship": null,
      "outcomeResolution": null,
      "prediction": null,
      "plotSummaryInfoCount": 1,
      "plotSummaryInfo": {
        "classification": "의사소통",
        "readAge": "초등_저학년",
        "form": "long-form",
        "plotSummaryText": "탈옥을 시킬 거라는 가니마르 경감의 말에 경찰 서장은 눈을 동그랗게 뜨고 바라보았습니다.",
        "textWordEA": 12
      }
    },
    {
      "srcTextID": "50744",
      "srcText": "차 사고가 난 건너편 골목에서 이 광경을 하나도 빠뜨리지 않고 보고 있는 사람이 있었습니다. 다름 아닌 가니마르 경감이었죠. 가니마르 경감은 부하들에게 눈짓을 해서 뤼팽의 뒤를 따르도록 했습니다.",
      "srcPage": 46,
      "srcSentenceEA": 3,
      "srcWordEA": 29,
      "character": "가니마르 경감,부하들,차",
      "setting": null,
      "action": "보고 있는,눈짓을 해서",
      "feeling": null,
      "causalRelationship": null,
      "outcomeResolution": null,
      "prediction": null,
      "plotSummaryInfoCount": 1,
      "plotSummaryInfo": {
        "classification": "의사소통",
        "readAge": "초등_저학년",
        "form": "short-form",
        "plotSummaryText": "차 사고가 난 건너편 골목에서 이 광경을 보고 있던 가니마르 경감은 부하들에게 뤼팽의 뒤를 따르도록 눈짓했습니다.",
        "textWordEA": 16
      }
    },
    {
      "srcTextID": "50763",
      "srcText": "그 뒤로 간수들은 스물네 시간 내내 뤼팽을 감시했고, 가니마르 경감은 날마다 뤼팽의 상태를 확인했습니다. 그리고 두 달이 흘렀습니다. “뤼팽은 어떤가?” 가니마르 경감의 물음에 간수가 답했습니다.",
      "srcPage": 57,
      "srcSentenceEA": 4,
      "srcWordEA": 27,
      "character": "간수들,뤼팽,가니마르 경감",
      "setting": null,
      "action": "감시했고,답했습니다",
      "feeling": null,
      "causalRelationship": null,
      "outcomeResolution": null,
      "prediction": null,
      "plotSummaryInfoCount": 1,
      "plotSummaryInfo": {
        "classification": "의사소통",
        "readAge": "초등_저학년",
        "form": "long-form",
        "plotSummaryText": "간수들은 스물네 시간 뤼팽을 감시했고, 가니마르 경감도 날마다 뤼팽의 상태를 확인했습니다.",
        "textWordEA": 11
      }
    },
    {
      "srcTextID": "50662",
      "srcText": "가니마르 경감에게 체포된 당드레주는 뤼팽으로 판정되어 감옥에 갇혔습니다. 그러나 당드레주가 정말 뤼팽인지는 아무도 알 수가 없었습니다. 왜냐하면 뤼팽이라는 인물 자체가 정말로 존재하는지 모를 정도로 온통 수수께끼였으니까요.",
      "srcPage": 13,
      "srcSentenceEA": 3,
      "srcWordEA": 28,
      "character": "개미,친구,지붕,굴뚝",
      "setting": null,
      "action": "찾아갔어요",
      "feeling": null,
      "causalRelationship": "굴뚝 고치는 걸 도와주면 재워 주지.",
      "outcomeResolution": null,
      "prediction": null,
      "plotSummaryInfoCount": 1,
      "plotSummaryInfo": {
        "classification": "의사소통",
        "readAge": "초등_저학년",
        "form": "short-form",
        "plotSummaryText": "뤼팽으로 판정된 당드레주는 감옥에 갇혔지만, 뤼팽이라는 인물 자체의 실존 여부가 수수께끼였던지라 그가 정말 뤼팽인지는 아무도 알 수가 없었습니다.",
        "textWordEA": 18
      }
    },
    {
      "srcTextID": "50766",
      "srcText": "운동도 하지 않고, 감방에서 도무지 나오려 하지 않아요. 불도 켜지 않고요. “그래?” “아마도 저희가 이렇게 철저히 감시를 하고 있기 때문에 이제는 감옥을 빠져나갈 수 없다는 사실을 깨달은 모양입니다.” “그렇겠지. 여하튼 재판 날짜가 얼마 남지 않았으니 더욱 조심하도록!” “네, 알겠습니다.”",
      "srcPage": 59,
      "srcSentenceEA": 5,
      "srcWordEA": 41,
      "character": null,
      "setting": "감방,감옥",
      "action": "운동도 하지 않고,켜지 않고요,감시를 하고",
      "feeling": null,
      "causalRelationship": null,
      "outcomeResolution": null,
      "prediction": null,
      "plotSummaryInfoCount": 1,
      "plotSummaryInfo": {
        "classification": "의사소통",
        "readAge": "초등_저학년",
        "form": "long-form",
        "plotSummaryText": "철저히 감시하니 감옥을 빠져나갈 수 없다고 깨달았는지 감방에서 나오려 하지 않는다고 하자, 재판 날짜까지 조심하라고 했습니다.",
        "textWordEA": 16
      }
    },
    {
      "srcTextID": "50770",
      "srcText": "이상스럽게도 그의 목소리는 기운이 하나도 없었습니다. “보드리 데지레라고? 그것은 새로운 가명인가?” 판사의 말에 법정 안은 웃음바다가 되었습니다.",
      "srcPage": 61,
      "srcSentenceEA": 4,
      "srcWordEA": 19,
      "character": "보드리 데지레,판사",
      "setting": "법정",
      "action": null,
      "feeling": null,
      "causalRelationship": null,
      "outcomeResolution": null,
      "prediction": null,
      "plotSummaryInfoCount": 1,
      "plotSummaryInfo": {
        "classification": "의사소통",
        "readAge": "초등_저학년",
        "form": "long-form",
        "plotSummaryText": "판사가 보드리 데지레는 새로운 가명이냐고 묻자 법정 안은 웃음바다가 되었습니다.",
        "textWordEA": 10
      }
    },
    {
      "srcTextID": "50774",
      "srcText": "아마도 간수들은 저를 뤼팽이라고 생각하는 것 같았습니다. 두 달 전이라면 가니마르 경감이 차 사고를 가장하여 거짓 탈옥을 시켰지만 뤼팽이 스스로 돌아온 그날 즈음이었습니다. “그렇다면 왜 자신이 뤼팽이 아니라고 밝히지 않았나?” 판사가 물었습니다.",
      "srcPage": 64,
      "srcSentenceEA": 4,
      "srcWordEA": 34,
      "character": "간수,뤼팽,가니마르 경감,판사",
      "setting": "두 달 전",
      "action": "돌아온,물었습니다",
      "feeling": null,
      "causalRelationship": null,
      "outcomeResolution": null,
      "prediction": null,
      "plotSummaryInfoCount": 1,
      "plotSummaryInfo": {
        "classification": "의사소통",
        "readAge": "초등_저학년",
        "form": "long-form",
        "plotSummaryText": "간수들을 저를 뤼팽이라고 생각하는 것 같다고 말하자, 판사는 왜 자신이 뤼팽이 아니라고 밝히지 않았냐고 물었습니다.",
        "textWordEA": 15
      }
    },
    {
      "srcTextID": "50810",
      "srcText": "너무도 뜻밖의 말에 사람들은 모두가 놀라 웅성대기 시작했습니다. “그렇다면 이 사람은 대체 누구란 말인가?” 판사가 묻자 가니마르 경감이 답했습니다.",
      "srcPage": 70,
      "srcSentenceEA": 3,
      "srcWordEA": 20,
      "character": "판사,가니마르 경감",
      "setting": null,
      "action": "묻자,답했습니다",
      "feeling": null,
      "causalRelationship": null,
      "outcomeResolution": null,
      "prediction": null,
      "plotSummaryInfoCount": 1,
      "plotSummaryInfo": {
        "classification": "의사소통",
        "readAge": "초등_저학년",
        "form": "short-form",
        "plotSummaryText": "뜻밖의 말에 사람들은 놀랐고 판사는 가니마르 경감에게 이 사람은 대체 누구냐고 물었습니다.",
        "textWordEA": 12
      }
    },
    {
      "srcTextID": "50808",
      "srcText": "“맙소사! 이게 무슨 일이람. 그렇다면 여지껏 엉뚱한 사람을 가두었단 말인가?” 판사는 서류를 뒤적여 보더니 이렇게 선고했습니다. “피고는 아르센 뤼팽이 아닌 보드리 데지레로 밝혀졌다. 술을 먹고 소란을 피웠지만 그동안 감옥에 있던 두 달로 충분히 죗값을 치렀으니 석방한다.”",
      "srcPage": 72,
      "srcSentenceEA": 5,
      "srcWordEA": 40,
      "character": "아르센 뤼팽,보드리 데지레,판사",
      "setting": null,
      "action": "선고했습니다,소란을 피웠지만,석방한다",
      "feeling": null,
      "causalRelationship": null,
      "outcomeResolution": null,
      "prediction": null,
      "plotSummaryInfoCount": 1,
      "plotSummaryInfo": {
        "classification": "의사소통",
        "readAge": "초등_저학년",
        "form": "long-form",
        "plotSummaryText": "판사는 엉뚱한 사람을 가두었다며 피고 보드리 데지레로 두 달 동안 술 먹고 소란 피운 죗값을 치렀으니 석방한다고 했습니다.  ",
        "textWordEA": 18
      }
    },
    {
      "srcTextID": "50818",
      "srcText": "재판정을 나와 느릿한 걸음으로 공원에 도착한 보드리 데지레는 뒤도 돌아보지 않고 소리쳤습니다. “가니마르 경감! 거기 숨어 있지 말고 나오시지.” 몰래 그의 뒤를 따라가 나무에 숨어 살펴보던 가니마르 경감은 그에게 가까이 다가갔습니다.",
      "srcPage": 73,
      "srcSentenceEA": 4,
      "srcWordEA": 33,
      "character": "보드리 데지레,가니마르 경감,나무",
      "setting": "공원",
      "action": "소리쳤습니다,따라가,숨어,다가갔습니다",
      "feeling": null,
      "causalRelationship": null,
      "outcomeResolution": null,
      "prediction": null,
      "plotSummaryInfoCount": 1,
      "plotSummaryInfo": {
        "classification": "의사소통",
        "readAge": "초등_저학년",
        "form": "long-form",
        "plotSummaryText": "재판정을 나와 공원에 도착한 보드리 데지레는 나무에 숨어 살펴보던 가니마르 경감에게 나오라고 소리쳤습니다.",
        "textWordEA": 13
      }
    },
    {
      "srcTextID": "50679",
      "srcText": "편지를 읽은 카오론 남작은 경찰에 전화를 걸어 도움을 청했습니다. 뤼팽은 지금 라 상테 감옥에 갇혀 있습니다. 감옥에 있는 사람이 무슨 수로 남작님의 물건을 훔친다는 말입니까?",
      "srcPage": 17,
      "srcSentenceEA": 3,
      "srcWordEA": 27,
      "character": "편지,카오론 남작,뤼팽",
      "setting": "라 상테 감옥",
      "action": "전화를 걸어,훔친다는",
      "feeling": null,
      "causalRelationship": null,
      "outcomeResolution": null,
      "prediction": null,
      "plotSummaryInfoCount": 1,
      "plotSummaryInfo": {
        "classification": "의사소통",
        "readAge": "초등_저학년",
        "form": "short-form",
        "plotSummaryText": "카오론 남작이 경찰에 전화를 걸어 도움을 요청했지만, 라 상테 감옥에 있는 뤼팽이 어떻게 남작님의 물건을 훔치냐는 대답만 돌아왔습니다.",
        "textWordEA": 18
      }
    },
    {
      "srcTextID": "50680",
      "srcText": "그날 하루만이라도 성에 와 주실 수 없겠습니까? 사례는 충분히 하겠습니다. “가 볼 필요도 없는 일이지만, 남작께서 간곡히 부탁하시니 그렇게 하지요.”",
      "srcPage": 22,
      "srcSentenceEA": 3,
      "srcWordEA": 21,
      "character": "남작",
      "setting": "성",
      "action": "성에 와,부탁하시니",
      "feeling": null,
      "causalRelationship": null,
      "outcomeResolution": null,
      "prediction": null,
      "plotSummaryInfoCount": 1,
      "plotSummaryInfo": {
        "classification": "의사소통",
        "readAge": "초등_저학년",
        "form": "short-form",
        "plotSummaryText": "남작이 그날 하루만이라도 성에 와달라고 하자, 그렇게 하겠다고 했습니다.",
        "textWordEA": 9
      }
    },
    {
      "srcTextID": "50686",
      "srcText": "뤼팽이 오겠다던 구월 이십칠일이 되었습니다. 오후가 되자 가니마르 경감은 날카로운 인상에 힘이 세 보이는 두 사내를 데리고 카오론 남작의 성에 나타났습니다. 제 부하 형사들입니다.",
      "srcPage": 23,
      "srcSentenceEA": 3,
      "srcWordEA": 26,
      "character": "뤼팽,가니마르 경감,카오론 남작",
      "setting": "구월 이십칠일,오후,성",
      "action": "나타났습니다",
      "feeling": null,
      "causalRelationship": null,
      "outcomeResolution": null,
      "prediction": null,
      "plotSummaryInfoCount": 1,
      "plotSummaryInfo": {
        "classification": "의사소통",
        "readAge": "초등_저학년",
        "form": "short-form",
        "plotSummaryText": "뤼팽이 오겠다던 구월 이십칠일이 되자, 가니마르 경감은 힘센 부하 형사를 데리고 카오론 남작의 성에 나타났습니다.",
        "textWordEA": 15
      }
    },
    {
      "srcTextID": "50654",
      "srcText": "“대체 그게 무슨 소리요? 여기 내 신분증이 있소. 그리고 내 이름은 R 자로 시작 하지도 않고.” 당드레주가 거세게 항의했습니다.",
      "srcPage": 10,
      "srcSentenceEA": 4,
      "srcWordEA": 22,
      "character": "신분증,당드레주",
      "setting": null,
      "action": "항의했습니다",
      "feeling": null,
      "causalRelationship": null,
      "outcomeResolution": null,
      "prediction": null,
      "plotSummaryInfoCount": 1,
      "plotSummaryInfo": {
        "classification": "의사소통",
        "readAge": "초등_저학년",
        "form": "long-form",
        "plotSummaryText": "내 이름은 R 자로 시작하지도 않고 신분증도 여기 있다며 당드레주가 거세게 항의했습니다.",
        "textWordEA": 12
      }
    }
  ]
}