{
  "title": "의지의 청년 음자모",
  "author": "남아프리카 공화국 민간 설화",
  "illustrator": "홍선주",
  "isbn": "8959041386",
  "publishedYear": 2004,
  "publisher": "(주)한국퍼킨스교육연구원",
  "paragraphInfoCount": 83,
  "paragraphInfo": [
    {
      "srcTextID": "59247",
      "srcText": "“그나저나 가장 불쌍한 사람은 노마잘라 공주님이셔. 왕의 욕심 때문에 결혼도 못 하시고.” “아아, 누구든 우리 왕께서 내는 문제를 풀어서 노마잘라 공주님과 결혼했으면 좋겠다.”",
      "srcPage": 14,
      "srcSentenceEA": 3,
      "srcWordEA": 24,
      "character": "사람,노마잘라 공주님,왕",
      "setting": null,
      "action": "내는",
      "feeling": "불쌍한",
      "causalRelationship": "가장 불쌍한 사람은 노마잘라 공주님이셔. 왕의 욕심 때문에 결혼도 못 하시고.",
      "outcomeResolution": null,
      "prediction": null,
      "plotSummaryInfoCount": 1,
      "plotSummaryInfo": {
        "classification": "의사소통",
        "readAge": "초등_저학년",
        "form": "short-form",
        "plotSummaryText": "또 사람들은 노마잘라 공주가 가장 불쌍하다며, 누구든 왕께서 내는 문제를 풀어 노마잘라 공주님과 결혼했으면 좋겠다고 말했습니다.",
        "textWordEA": 16
      }
    },
    {
      "srcTextID": "59274",
      "srcText": "한순간 용기가 꺾였지만 음자모는 곧 약한 마음을 떨쳐 버리고 씩씩하게 일어서며 외쳤습니다. “왕이시여! 반드시 오늘 안으로 옥수수를 다 따겠습니다.” 왕궁을 나온 음자모는 옥수수 밭이 펼쳐진 계곡으로 갔습니다.",
      "srcPage": 26,
      "srcSentenceEA": 3,
      "srcWordEA": 29,
      "character": "음자모,왕,옥수수,밭,왕궁,계곡",
      "setting": null,
      "action": "일어서며,외쳤습니다,따겠습니다,나온,갔습니다",
      "feeling": "용기가 꺾였지만",
      "causalRelationship": null,
      "outcomeResolution": null,
      "prediction": null,
      "plotSummaryInfoCount": 1,
      "plotSummaryInfo": {
        "classification": "의사소통",
        "readAge": "초등_저학년",
        "form": "short-form",
        "plotSummaryText": "음자모는 왕에게 반드시 오늘 안으로 옥수수를 다 따겠다며 옥수수밭이 펼쳐진 계곡으로 갔습니다.",
        "textWordEA": 12
      }
    },
    {
      "srcTextID": "59294",
      "srcText": "끝이 없을 것처럼 이어져 있던 푸른 나무들, 그 나무들을 오늘 해가 지기 전에 다 베어 놓으라니. 어처구니가 없어 맥이 풀렸지만 그래도 음자모는 약해지는 마음을 다독이며 왕에게 무릎 꿇고 외쳤습니다. “왕이시여, 반드시 오늘 해가 지기 전에 나무를 모두 베어 놓겠습니다.”",
      "srcPage": 40,
      "srcSentenceEA": 3,
      "srcWordEA": 40,
      "character": "나무들,해,음자모,왕,무릎",
      "setting": null,
      "action": "맥이 풀렸지만,무릎 꿇고,외쳤습니다,베어 놓겠습니다",
      "feeling": "어처구니가 없어,마음을 다독이며",
      "causalRelationship": null,
      "outcomeResolution": null,
      "prediction": null,
      "plotSummaryInfoCount": 1,
      "plotSummaryInfo": {
        "classification": "의사소통",
        "readAge": "초등_저학년",
        "form": "short-form",
        "plotSummaryText": "음자모는 끝이 없을 것처럼 이어져 있던 나무들을 오늘 해가 지기 전에 다 베어 놓으라니, 맥이 풀렸지만 그는 마음을 다독이며 왕에게 반드시 오늘 해가 지기 전에 나무를 모두 베어 놓겠다고 외쳤습니다.",
        "textWordEA": 30
      }
    },
    {
      "srcTextID": "59317",
      "srcText": "“오오, 그래. 기특하다. 하지만 시험은 아직 다 끝난 것이 아니다. 공주와 결혼하는 것이 그렇게 쉬운 일은 아니지. 일단 수고했으니 오늘은 푹 쉬고, 내일 또 다른 시험을 보도록 하라.”",
      "srcPage": 52,
      "srcSentenceEA": 5,
      "srcWordEA": 32,
      "character": "시험,공주",
      "setting": null,
      "action": "쉬고,보도록 하라",
      "feeling": null,
      "causalRelationship": null,
      "outcomeResolution": null,
      "prediction": "일단 수고했으니 오늘은 푹 쉬고,내일 또 다른 시험을 보도록 하라.",
      "plotSummaryInfoCount": 1,
      "plotSummaryInfo": {
        "classification": "의사소통",
        "readAge": "초등_저학년",
        "form": "long-form",
        "plotSummaryText": "왕은 시험이 아직 다 끝난 것이 아니라며 일단 수고했으니 오늘은 푹 쉬고, 내일 또 따른 시험을 보라고 했습니다.",
        "textWordEA": 18
      }
    },
    {
      "srcTextID": "59335",
      "srcText": "드디어 음자모는 화가 폭발했습니다. “왕이시여! 왜 약속을 지키지 않으십니까?” 왕도 더 물러설 수 없었습니다.",
      "srcPage": 66,
      "srcSentenceEA": 3,
      "srcWordEA": 16,
      "character": "음자모,왕",
      "setting": null,
      "action": "화가 폭발했습니다,물러설 수 없었습니다",
      "feeling": null,
      "causalRelationship": null,
      "outcomeResolution": null,
      "prediction": null,
      "plotSummaryInfoCount": 1,
      "plotSummaryInfo": {
        "classification": "의사소통",
        "readAge": "초등_저학년",
        "form": "short-form",
        "plotSummaryText": "음자모가 화가 폭발해 왜 약속을 지키지 않냐고 하자 왕도 더 물러설 수 없었습니다.",
        "textWordEA": 13
      }
    },
    {
      "srcTextID": "59362",
      "srcText": "눈물과 피가 서린 문학 세계. 남아프리카 공화국은 아프리카 대륙 남쪽 끝에 있는 나라입니다. 일찍이 유럽 인들은 남아프리카 공화국에 지하자원이 많다는 것을 알고는 식민지로 만들었습니다. 부족 사회를 이루어 평화롭게 살고 있던 아프리카 원주민들은 졸지에 노예가 되어 다이아몬드 광산 등에서 일하다가 죽기 일쑤였습니다.",
      "srcPage": 82,
      "srcSentenceEA": 4,
      "srcWordEA": 44,
      "character": "눈물,피,문학 세계,유럽 인들,식민지,아프리카 원주민들,노예,다이아몬드 광산",
      "setting": "남아프리카 공화국",
      "action": "만들었습니다,살고 있던,일하다가,죽기 일쑤였습니다",
      "feeling": null,
      "causalRelationship": null,
      "outcomeResolution": null,
      "prediction": null,
      "plotSummaryInfoCount": 1,
      "plotSummaryInfo": {
        "classification": "의사소통",
        "readAge": "초등_저학년",
        "form": "long-form",
        "plotSummaryText": "남아프리카 공화국은 일찍이 유럽인들의 식민지가 되어 원주민들은 노예가 된 채  다이아몬드 광산 등에서 일하다가 죽기 일쑤였습니다.",
        "textWordEA": 17
      }
    },
    {
      "srcTextID": "59285",
      "srcText": "음자모가 거대한 바구니 가득 옥수수를 담아서 끌고 오는 것을 본 왕과 신하들은 깜짝 놀랐습니다. 모두 지금쯤 음자모가 포기하고 은강게줄루를 떠났을 것이라고 생각했기 때문입니다. 어리둥절해서 바라보는 왕 앞에 커다란 바구니를 끌어다 놓은 음자모는 눈을 빛내며 힘차게 외쳤습니다.",
      "srcPage": 33,
      "srcSentenceEA": 3,
      "srcWordEA": 38,
      "character": "음자모,바구니,옥수수,왕,신하들,눈",
      "setting": null,
      "action": "끌고 오는 것을 본,끌어다 놓은,외쳤습니다",
      "feeling": "놀랐습니다,어리둥절해서",
      "causalRelationship": "음자모가 거대한 바구니 가득 옥수수를 담아서 끌고 오는 것을 본 왕과 신하들은 깜짝 놀랐습니다. 모두 지금쯤 음자모가 포기하고 은강게줄루를 떠났을 것이라고 생각했기 때문입니다.",
      "outcomeResolution": null,
      "prediction": null,
      "plotSummaryInfoCount": 1,
      "plotSummaryInfo": {
        "classification": "의사소통",
        "readAge": "초등_저학년",
        "form": "short-form",
        "plotSummaryText": "모두 음자모가 포기하고 은강게줄루를 떠났을 것이라 생각했지만, 그가 거대한 바구니 가득 옥수수를 담아서 끌고 왔기 때문에 그것을 본 왕과 신하들은 깜짝 놀랐습니다.",
        "textWordEA": 22
      }
    },
    {
      "srcTextID": "59297",
      "srcText": "그러나 굵은 나무는 아주 작은 홈만 패일 뿐 끄덕도 하지 않았습니다. 두 번, 세 번, 네 번, 다섯 번. 무려 마흔 번을 내리치자 ‘끼이이익’ 하는 소리를 내며 나무가 비틀거렸습니다. 다시 열 번을 더 내리치자 그제서야 나무는 요란한 소리를 내며 쓰러졌습니다.",
      "srcPage": 42,
      "srcSentenceEA": 5,
      "srcWordEA": 44,
      "character": "나무",
      "setting": null,
      "action": "내리치자,비틀거렸습니다,쓰러졌습니다",
      "feeling": null,
      "causalRelationship": null,
      "outcomeResolution": null,
      "prediction": null,
      "plotSummaryInfoCount": 1,
      "plotSummaryInfo": {
        "classification": "의사소통",
        "readAge": "초등_저학년",
        "form": "long-form",
        "plotSummaryText": "굵은 나무는 끄덕도 하지 않았지만 무려 마흔 번을 내리치자 비틀거리고 다시 열 번을 더 내리치자 그제서야 쓰러졌습니다.",
        "textWordEA": 17
      }
    },
    {
      "srcTextID": "59307",
      "srcText": "‘지금쯤은 그 바보가 나라 밖으로 도망갔겠지.’ 이렇게 생각한 왕은 심부름꾼을 보내 음자모를 살펴보게 했습니다. 심부름꾼은 도끼를 든 음자모 앞에 일제히 쓰러져 있는 나무들을 보고는 깜짝 놀라 왕궁으로 달려가 그대로 보고했습니다.",
      "srcPage": 48,
      "srcSentenceEA": 3,
      "srcWordEA": 32,
      "character": "바보,왕,심부름꾼,음자모,도끼,나무들,왕궁",
      "setting": null,
      "action": "생각한,보내,살펴보게,든,달려가,보고했습니다",
      "feeling": "놀라",
      "causalRelationship": null,
      "outcomeResolution": null,
      "prediction": null,
      "plotSummaryInfoCount": 1,
      "plotSummaryInfo": {
        "classification": "의사소통",
        "readAge": "초등_저학년",
        "form": "short-form",
        "plotSummaryText": "음자모가 나라 밖으로 도망갔을거라 생각한 왕은 심부름꾼을 보내 그를 살펴보게 했는데, 일제히 쓰러져 있는 나무들을 보고는 놀라 왕궁으로 달려가 그대로 보고했습니다.",
        "textWordEA": 21
      }
    },
    {
      "srcTextID": "59318",
      "srcText": "“왕이시여! 분부하신 대로 해가 지기 전에 이 숲의 나무를 모두 베었습니다.” 왕은 입을 떡 벌린 채 눈앞에 펼쳐진 광경을 바라볼 뿐이었습니다. ‘인간의 힘으로는 이런 일을 할 수 없어. 도대체 음자모는 어떤 녀석일까?’",
      "srcPage": 50,
      "srcSentenceEA": 4,
      "srcWordEA": 36,
      "character": "왕,해,나무,입,눈,인간,음자모",
      "setting": "숲",
      "action": "분부하신,베었습니다,벌린,바라볼",
      "feeling": null,
      "causalRelationship": null,
      "outcomeResolution": null,
      "prediction": null,
      "plotSummaryInfoCount": 1,
      "plotSummaryInfo": {
        "classification": "의사소통",
        "readAge": "초등_저학년",
        "form": "long-form",
        "plotSummaryText": "음자모가 왕에게 분부한 대로 해가 지기 전에 숲의 나무를 모두 베었다고 하자 왕은 눈앞에 펼쳐진 광경을 바라보며 인간의 힘으로는 이런 일을 할 수 없다며 놀랐습니다.",
        "textWordEA": 25
      }
    },
    {
      "srcTextID": "59319",
      "srcText": "음자모는 무릎을 꿇고 정중하게 말했습니다. “왕이시여! 저는 시험을 통과했습니다. 이제 노마잘라 공주님과 결혼하게 해 주십시오.” 그러나 왕은 아무래도 음자모를 사위로 맞이하기 싫었습니다. 그래서 또 둘러댔습니다.",
      "srcPage": 51,
      "srcSentenceEA": 5,
      "srcWordEA": 29,
      "character": "음자모,무릎,왕,시험,노마잘라 공주님,사위",
      "setting": null,
      "action": "꿇고,말했습니다,둘러댔습니다",
      "feeling": "싫었습니다",
      "causalRelationship": null,
      "outcomeResolution": null,
      "prediction": null,
      "plotSummaryInfoCount": 1,
      "plotSummaryInfo": {
        "classification": "의사소통",
        "readAge": "초등_저학년",
        "form": "long-form",
        "plotSummaryText": "음자모는 정중하게 노마잘라 공주와 결혼하게 해달라고 했지만 왕은 음자모를 사위로 맞이하기 싫어서 또 둘러댔습니다.",
        "textWordEA": 14
      }
    },
    {
      "srcTextID": "59324",
      "srcText": "왕의 말을 들은 음자모는 깜짝 놀랐습니다. 그 호수는 바로 음자모와 노마잘라 공주가 맨 처음 만난 장소였으니까요. “왕이시여! 팔찌를 찾아오겠사오니 이번에는 꼭 결혼시켜 주시옵소서.” 음자모는 씩씩하게 말하고 왕궁을 나섰습니다.",
      "srcPage": 57,
      "srcSentenceEA": 4,
      "srcWordEA": 31,
      "character": "왕,음자모,호수,노마잘라 공주,팔찌",
      "setting": "왕궁",
      "action": "들은,만난,말하고,나섰습니다",
      "feeling": "놀랐습니다",
      "causalRelationship": "왕의 말을 들은 음자모는 깜짝 놀랐습니다. 그 호수는 바로 음자모와 노마잘라 공주가 맨 처음 만난 장소였으니까요.",
      "outcomeResolution": null,
      "prediction": null,
      "plotSummaryInfoCount": 1,
      "plotSummaryInfo": {
        "classification": "의사소통",
        "readAge": "초등_저학년",
        "form": "long-form",
        "plotSummaryText": "왕의 말을 듣고 음자모는 팔찌를 찾아오겠으니 노마잘라 공주와 꼭 결혼 시켜 달라고 말하며 왕궁을 나섰습니다.",
        "textWordEA": 15
      }
    },
    {
      "srcTextID": "59326",
      "srcText": "호수로 뛰어든 음자모는 바닥까지 내려가 돌 틈과 흙을 뒤지며 팔찌를 찾기 시작했습니다. 그러나 아무리 호수 바닥을 뒤지고 다녀도 팔찌는 보이지 않았습니다. 물 위로 올라와 공기를 들이마시고 다시 잠수하기를 수천 번, 건강한 음자모도 서서히 지치기 시작했습니다. ‘아아, 노마잘라 공주님을 여기서 보았던 것을 추억으로 간직하며 살아야 하나 보다.’",
      "srcPage": 59,
      "srcSentenceEA": 4,
      "srcWordEA": 49,
      "character": "음자모,돌,흙,팔찌,물,노마잘라 공주님",
      "setting": "호수",
      "action": "뛰어든,내려가,뒤지며,찾기 시작했습니다,다녀도,보이지,올라와,들이마시고,잠수하기를,지치기,보았던",
      "feeling": null,
      "causalRelationship": null,
      "outcomeResolution": null,
      "prediction": null,
      "plotSummaryInfoCount": 1,
      "plotSummaryInfo": {
        "classification": "의사소통",
        "readAge": "초등_저학년",
        "form": "long-form",
        "plotSummaryText": "음자모는 호수 바닥까지 내려가 돌 틈과 흙을 뒤지며 팔찌를 찾았지만 보이지 않았고 서서히 지치기 시작했습니다.",
        "textWordEA": 15
      }
    },
    {
      "srcTextID": "59333",
      "srcText": "그러자 호수에 요란한 파동이 일더니 커다란 구렁이가 모습을 드러냈습니다. 음자모는 깜짝 놀랐습니다. 그런데 구렁이의 입에 무엇인가 반짝거리는 작은 물건이 물려 있었습니다.",
      "srcPage": 61,
      "srcSentenceEA": 3,
      "srcWordEA": 23,
      "character": "구렁이,음자모,입",
      "setting": "호수",
      "action": "일더니,드러냈습니다,물려 있었습니다",
      "feeling": "놀랐습니다",
      "causalRelationship": null,
      "outcomeResolution": null,
      "prediction": null,
      "plotSummaryInfoCount": 1,
      "plotSummaryInfo": {
        "classification": "의사소통",
        "readAge": "초등_저학년",
        "form": "short-form",
        "plotSummaryText": "호수에 파동이 일더니 커다란 구렁이가 나타나자 음자모는 깜짝 놀랐는데 구렁이의 입에 무엇인가 반짝거리는 물건이 있었습니다.",
        "textWordEA": 15
      }
    },
    {
      "srcTextID": "59332",
      "srcText": "그러고는 유유히 물속으로 사라졌습니다. 언제 그랬냐는 듯 호수는 다시 조용해졌지요. 음자모는 기뻐서 한달음에 왕궁으로 달려갔습니다.",
      "srcPage": 63,
      "srcSentenceEA": 3,
      "srcWordEA": 17,
      "character": "음자모,왕궁",
      "setting": "호수",
      "action": "사라졌습니다,조용해졌지요,달려갔습니다",
      "feeling": "기뻐서",
      "causalRelationship": null,
      "outcomeResolution": null,
      "prediction": null,
      "plotSummaryInfoCount": 1,
      "plotSummaryInfo": {
        "classification": "의사소통",
        "readAge": "초등_저학년",
        "form": "short-form",
        "plotSummaryText": "구렁이가 물속으로 사라지고 호수는 다시 조용해졌고, 음자모는 기뻐서 왕궁으로 달려갔습니다.",
        "textWordEA": 10
      }
    },
    {
      "srcTextID": "59334",
      "srcText": "그리고 왕 앞에 금팔찌를 내려놓고 당당하게 외쳤습니다. “왕이시여! 분부하신 대로 공주님의 팔찌를 찾아왔습니다. 이제 약속을 지켜 주십시오.”",
      "srcPage": 64,
      "srcSentenceEA": 3,
      "srcWordEA": 19,
      "character": "왕,금팔찌,공주님",
      "setting": null,
      "action": "내려놓고,외쳤습니다,분부하신,찾아왔습니다",
      "feeling": "당당하게",
      "causalRelationship": null,
      "outcomeResolution": null,
      "prediction": null,
      "plotSummaryInfoCount": 1,
      "plotSummaryInfo": {
        "classification": "의사소통",
        "readAge": "초등_저학년",
        "form": "short-form",
        "plotSummaryText": "음자모가 왕 앞에 금팔찌를 내려놓고 팔찌를 찾아왔으니, 약속을 지켜달라고 외쳤습니다.",
        "textWordEA": 10
      }
    },
    {
      "srcTextID": "59229",
      "srcText": "흑진주처럼 반짝이는 날씬한 몸에 크고 아름다운 눈. 음자모는 갈증도 잊고 그만 그 자리에 붙박인 듯 굳어 버렸습니다. ‘아아! 저건 사람이 아냐.’",
      "srcPage": 6,
      "srcSentenceEA": 4,
      "srcWordEA": 24,
      "character": "흑진주,몸,눈,음자모,사람",
      "setting": null,
      "action": "굳어 버렸습니다",
      "feeling": null,
      "causalRelationship": null,
      "outcomeResolution": null,
      "prediction": "음자모는 갈증도 잊고 그만 그 자리에 붙박인 듯 굳어 버렸습니다.",
      "plotSummaryInfoCount": 1,
      "plotSummaryInfo": {
        "classification": "의사소통",
        "readAge": "초등_저학년",
        "form": "long-form",
        "plotSummaryText": "흑진주처럼 반짝이는 날씬한 몸에 크고 아름다운 눈을 보고 그 자리에서 굳어 버린 음자모는 사람이 아니라고 생각했습니다.",
        "textWordEA": 16
      }
    },
    {
      "srcTextID": "59250",
      "srcText": "“왕이시여, 제 무례를 용서하십시오. 보시다시피 저는 가난합니다. 그러나 저희 아버지께서는 무엇이든지 혼자서 해결해야 한다고 하시며 자기 자신을 믿으라고 가르치셨습니다. 만약 확실히 믿음이 가는 일이라면 눈치 보지 말고 용감하게 하라고 하셨습니다. 저는 아버지의 가르침을 받들어 지금까지 혼자 힘으로 모험을 해 왔습니다.”",
      "srcPage": 18,
      "srcSentenceEA": 5,
      "srcWordEA": 44,
      "character": "왕,아버지",
      "setting": null,
      "action": "가르치셨습니다,받들어,왔습니다",
      "feeling": null,
      "causalRelationship": "확실히 믿음이 가는 일이라면 눈치 보지 말고 용감하게 하라고 하셨습니다. 저는 아버지의 가르침을 받들어 지금까지 혼자 힘으로 모험을 해 왔습니다.",
      "outcomeResolution": null,
      "prediction": null,
      "plotSummaryInfoCount": 1,
      "plotSummaryInfo": {
        "classification": "의사소통",
        "readAge": "초등_저학년",
        "form": "long-form",
        "plotSummaryText": "음자모는 왕에게 자신의 무례를 용서해달라며 자기 자신을 믿으라고 가르친 아버지의 가르침을 받들어 지금까지 혼자 힘으로 모험을 해왔다고 했습니다.",
        "textWordEA": 18
      }
    },
    {
      "srcTextID": "59310",
      "srcText": "이때였습니다. 어디선가 또 아름다운 노랫소리가 들려오기 시작했습니다. “숲 속의 나무들아. 음자모의 도끼 앞에서 너희 스스로 넘어지렴. 너희 스스로 넘어지렴.”",
      "srcPage": 46,
      "srcSentenceEA": 4,
      "srcWordEA": 22,
      "character": "숲,나무들,음자모,도끼",
      "setting": null,
      "action": "들려오기 시작했습니다,넘어지렴",
      "feeling": "아름다운",
      "causalRelationship": null,
      "outcomeResolution": null,
      "prediction": null,
      "plotSummaryInfoCount": 1,
      "plotSummaryInfo": {
        "classification": "의사소통",
        "readAge": "초등_저학년",
        "form": "long-form",
        "plotSummaryText": "어디선가 나무들에게 음자모의 도끼 앞에서 스스로 넘어지라는 노랫소리가 들려오기 시작했습니다.",
        "textWordEA": 10
      }
    },
    {
      "srcTextID": "59321",
      "srcText": "깜짝 놀란 음자모는 정중하게 사과했습니다. “왕이시여, 죄송합니다. 용서해 주시옵소서.” 그제야 왕은 콧방귀를 뀌며 왕궁으로 돌아갔습니다. 음자모는 화를 꾹 누르고 그날 하루를 보냈습니다.",
      "srcPage": 54,
      "srcSentenceEA": 5,
      "srcWordEA": 25,
      "character": "음자모,왕,왕궁",
      "setting": null,
      "action": "사과했습니다,뀌며,돌아갔습니다,보냈습니다",
      "feeling": "놀란,화를 꾹 누르고",
      "causalRelationship": null,
      "outcomeResolution": null,
      "prediction": null,
      "plotSummaryInfoCount": 1,
      "plotSummaryInfo": {
        "classification": "의사소통",
        "readAge": "초등_저학년",
        "form": "long-form",
        "plotSummaryText": "놀란 음자모가 왕에게 사과하자 그제야 왕은 왕궁으로 돌아갔고, 음자모는 화를 누르고 그날 하루를 보냈습니다.",
        "textWordEA": 14
      }
    },
    {
      "srcTextID": "59337",
      "srcText": "자세히 보니 그것은 금팔찌였습니다. “아니, 이럴 수가! 구렁이가 나를 도와주다니.” 구렁이는 음자모에게 절을 하고는 금팔찌를 음자모의 손에 올려놓았습니다.",
      "srcPage": 62,
      "srcSentenceEA": 4,
      "srcWordEA": 20,
      "character": "금팔찌,구렁이,음자모,손",
      "setting": null,
      "action": "보니,올려놓았습니다",
      "feeling": null,
      "causalRelationship": null,
      "outcomeResolution": null,
      "prediction": null,
      "plotSummaryInfoCount": 1,
      "plotSummaryInfo": {
        "classification": "의사소통",
        "readAge": "초등_저학년",
        "form": "long-form",
        "plotSummaryText": "구렁이가 음자모를 도와 금팔찌를 그의 손에 올려 놓자, 음자모는 놀랐습니다.",
        "textWordEA": 10
      }
    },
    {
      "srcTextID": "59354",
      "srcText": "음자모는 크게 숨을 한번 고르고 나무를 타고 오르기 시작했습니다. 왕과 신하들도 숨을 죽이고 지켜보았습니다. 한참을 오르던 음자모는 한순간 몸의 균형을 잃고 비틀거렸습니다.",
      "srcPage": 70,
      "srcSentenceEA": 3,
      "srcWordEA": 24,
      "character": "음자모,나무,왕,신하들,몸",
      "setting": null,
      "action": "고르고,타고,오르기 시작했습니다,지켜보았습니다,비틀거렸습니다",
      "feeling": "숨을 죽이고",
      "causalRelationship": null,
      "outcomeResolution": null,
      "prediction": null,
      "plotSummaryInfoCount": 1,
      "plotSummaryInfo": {
        "classification": "의사소통",
        "readAge": "초등_저학년",
        "form": "short-form",
        "plotSummaryText": "음자모가 나무를 타고 오르는 모습을 왕과 신하들이 숨죽이고 지켜보고 있었는데, 한참을 오르던 음자모는 몸의 균형을 잃고 비틀거렸습니다.",
        "textWordEA": 17
      }
    },
    {
      "srcTextID": "59350",
      "srcText": "“대추나무야, 대추나무야. 붉은 잎이 달린 대추나무야. 붉은 열매를 맺는 대추나무야. 나무 꼭대기에 있는 네 잎을 우리에게 주렴. 그럼 우리는 아주 기쁠 거야. 그 잎을 음자모의 손바닥에 떨어뜨려 다오. 네 스스로 말이야.”",
      "srcPage": 72,
      "srcSentenceEA": 7,
      "srcWordEA": 37,
      "character": "대추나무,잎,열매,나무,음자모,손바닥",
      "setting": null,
      "action": null,
      "feeling": "기쁠 거야",
      "causalRelationship": null,
      "outcomeResolution": null,
      "prediction": "붉은 열매를 맺는 대추나무야. 나무 꼭대기에 있는 네 잎을 우리에게 주렴.",
      "plotSummaryInfoCount": 1,
      "plotSummaryInfo": {
        "classification": "의사소통",
        "readAge": "초등_저학년",
        "form": "long-form",
        "plotSummaryText": "누군가가 대추나무에게 나무 꼭대기에 있는 잎을 음자모의 손바닥에 떨어뜨려 달라고 노래를 불렀습니다.",
        "textWordEA": 12
      }
    },
    {
      "srcTextID": "59360",
      "srcText": "이때 노마잘라 공주가 나타나며 말했습니다. “그 말은 저에게 하시면 됩니다. 제가 노래를 불렀으니까요.”",
      "srcPage": 75,
      "srcSentenceEA": 3,
      "srcWordEA": 14,
      "character": "노마잘라 공주,노래",
      "setting": null,
      "action": "나타나며,말했습니다,불렀으니까요",
      "feeling": null,
      "causalRelationship": "그 말은 저에게 하시면 됩니다. 제가 노래를 불렀으니까요.",
      "outcomeResolution": null,
      "prediction": null,
      "plotSummaryInfoCount": 1,
      "plotSummaryInfo": {
        "classification": "의사소통",
        "readAge": "초등_저학년",
        "form": "short-form",
        "plotSummaryText": "노마잘라 공주가 나타나서 자신이 노래를 불렀으니 본인에게 그 말을 하면 된다고 말했습니다.",
        "textWordEA": 12
      }
    },
    {
      "srcTextID": "59363",
      "srcText": "문자가 없었기 때문에 민간 설화는 사람의 입에서 입으로 전파되어 내려오는 ‘구전 문학’의 형태를 띠고 있습니다. 줄루 족 민간 설화에는 두 가지 특징이 있습니다. 아이들을 위해 만든 것이 대부분이라 내용이 교훈적입니다.",
      "srcPage": 80,
      "srcSentenceEA": 4,
      "srcWordEA": 33,
      "character": "문자,민간 설화,사람,입,구전 문학,줄루 족,아이들",
      "setting": null,
      "action": "만든",
      "feeling": null,
      "causalRelationship": "문자가 없었기 때문에 민간 설화는 사람의 입에서 입으로 전파되어 내려오는 ‘구전 문학’의 형태를 띠고 있습니다.",
      "outcomeResolution": null,
      "prediction": null,
      "plotSummaryInfoCount": 1,
      "plotSummaryInfo": {
        "classification": "의사소통",
        "readAge": "초등_저학년",
        "form": "long-form",
        "plotSummaryText": "구전 문학의 형태를 띠고 있는 줄루 족 민간 설화에는 두 가지 특징이 있었는데 아이들을 위해 만든 것이 대부분이라 내용이 교훈적인 것입니다.",
        "textWordEA": 21
      }
    },
    {
      "srcTextID": "59361",
      "srcText": "가까스로 살아남아도 이미 유럽 인들이 땅을 다 차지해 버려 그 밑에서 차별과 서러움을 받으며 살아야 했습니다. 특히 세계에서 다이아몬드 광산이 가장 많은 남아프리카 공화국은, 일찌감치 영국인들이 국토를 장악하여 대대적으로 원주민을 탄압했습니다. 지금은 인종 차별도 없어지고 원주민 출신 대통령도 나왔지만 그동안 줄루 족 등 원주민들의 문화는 짓밟혀 거의 다 없어져 버렸답니다.",
      "srcPage": 83,
      "srcSentenceEA": 3,
      "srcWordEA": 52,
      "character": "유럽인들,땅,세계,다이아몬드 광산,영국인들,국토,원주민,대통령,줄루 족",
      "setting": "남아프리카 공화국",
      "action": "살아남아도,살아야,장악하여,탄압했습니다,없어지고,나왔지만,짓밟혀,없어져",
      "feeling": "서러움을 받으며",
      "causalRelationship": null,
      "outcomeResolution": null,
      "prediction": null,
      "plotSummaryInfoCount": 1,
      "plotSummaryInfo": {
        "classification": "의사소통",
        "readAge": "초등_저학년",
        "form": "short-form",
        "plotSummaryText": "과거, 영국인들이 국토를 장악하여 원주민을 탄압한, 세계에서 다이아몬드 광산이 가장 많은 남아프리카 공화국은 지금은 인종 차별도 없어지고 원주민 출신 대통령도 나왔지만 그동안 줄루 족 등 원주민들의 문화는 거의 없어져 버렸습니다.",
        "textWordEA": 30
      }
    },
    {
      "srcTextID": "59336",
      "srcText": "신하들은 왕이 이제는 약속을 지킬 수밖에 없다고 생각했습니다. 그러나 왕은 아주 뻔뻔하게 말했습니다. “아직 안 된다. 내가 내는 마지막 문제까지 다 풀면 결혼을 허락하겠다.”",
      "srcPage": 65,
      "srcSentenceEA": 4,
      "srcWordEA": 26,
      "character": "신하들,왕",
      "setting": null,
      "action": "생각했습니다,말했습니다",
      "feeling": "뻔뻔하게",
      "causalRelationship": null,
      "outcomeResolution": null,
      "prediction": "내가 내는 마지막 문제까지 다 풀면 결혼을 허락하겠다.",
      "plotSummaryInfoCount": 1,
      "plotSummaryInfo": {
        "classification": "의사소통",
        "readAge": "초등_저학년",
        "form": "long-form",
        "plotSummaryText": "신하들은 이제 약속을 지킬 수밖에 없다고 생각했지만 왕은 뻔뻔하게 마지막 문제까지 다 풀면 결혼을 허락하겠다고 말했습니다.",
        "textWordEA": 16
      }
    },
    {
      "srcTextID": "59331",
      "srcText": "“싫으면 당장 돌아가거라! 붙잡지 않을 것이다!” 별 수 없이 음자모는 한 번 더 참기로 했습니다. ‘참는 자에게 복이 온다고 했지. 좋다. 조금만 더 참자.’",
      "srcPage": 67,
      "srcSentenceEA": 6,
      "srcWordEA": 29,
      "character": "음자모",
      "setting": null,
      "action": "참기로 했습니다",
      "feeling": "별 수 없이",
      "causalRelationship": null,
      "outcomeResolution": null,
      "prediction": null,
      "plotSummaryInfoCount": 1,
      "plotSummaryInfo": {
        "classification": "의사소통",
        "readAge": "초등_저학년",
        "form": "long-form",
        "plotSummaryText": "왕이 싫으면 돌아가라고 하자 음자모는 별 수 없이 한번 더 참기로 했습니다.",
        "textWordEA": 12
      }
    },
    {
      "srcTextID": "59211",
      "srcText": "노마잘라 공주에게 청혼을 하려고 신하와 보물을 앞세우고 은강게줄루 국을 찾는 왕자들이 줄을 이었습니다. 그러나 이상하게도 은강게줄루의 왕은 노마잘라 공주를 결혼시키려 하지 않았습니다. 항상 그렇게 찾아온 청혼자들에게 어려운 시험을 보게 한 뒤 쫓아 버리는 것이었습니다.",
      "srcPage": 3,
      "srcSentenceEA": 3,
      "srcWordEA": 36,
      "character": "노마잘라 공주,신하,보물,왕자들,왕,청혼자들",
      "setting": null,
      "action": "줄을 이었습니다,결혼시키려 하지 않았습니다,쫓아 버리는 것이었습니다",
      "feeling": null,
      "causalRelationship": null,
      "outcomeResolution": null,
      "prediction": "항상 그렇게 찾아온 청혼자들에게 어려운 시험을 보게 한 뒤 쫓아 버리는 것이었습니다.",
      "plotSummaryInfoCount": 1,
      "plotSummaryInfo": {
        "classification": "의사소통",
        "readAge": "초등_저학년",
        "form": "short-form",
        "plotSummaryText": "노마잘라 공주에게 청혼하려고 찾는 왕자들이 줄을 이었지만, 이상하게도 왕은 공주를 결혼시키려 하지 않았습니다.",
        "textWordEA": 13
      }
    },
    {
      "srcTextID": "59228",
      "srcText": "어느 날 은강게줄루에 음자모라는 낯선 청년이 나타났습니다. 음자모의 아버지 쿠말로는 가난했지만 아들을 용감하게 키우려고 일부러 돈 한 푼 없이 먼 나라를 여행하게 했습니다. 음자모는 벌써 여러 나라를 돌면서 몸도 튼튼해졌고, 다른 청년과는 비교도 되지 않는 지식을 갖추고 있었습니다.",
      "srcPage": 4,
      "srcSentenceEA": 3,
      "srcWordEA": 40,
      "character": "음자모,청년,아버지,쿠말로,아들,나라,몸",
      "setting": "어느 날,은강게줄루",
      "action": "나타났습니다,여행하게 했습니다,튼튼해졌고,지식을 갖추고 있었습니다",
      "feeling": null,
      "causalRelationship": null,
      "outcomeResolution": null,
      "prediction": null,
      "plotSummaryInfoCount": 1,
      "plotSummaryInfo": {
        "classification": "의사소통",
        "readAge": "초등_저학년",
        "form": "short-form",
        "plotSummaryText": "음자모의 아버지 쿠말로는 아들을 용감하게 키우려고 일부러 돈 한 푼 없이 먼 나라를 여행하게 하였고 음자모는 여러 나라를 돌면서 몸도 튼튼해졌고, 다른 청년과는 비교도 되지 않는 지식을 갖추고 어느 날 은강게줄루에 나타났습니다.",
        "textWordEA": 32
      }
    },
    {
      "srcTextID": "59227",
      "srcText": "바로 그 순간 음자모를 발견한 여인이 비명을 지르며 물속으로 숨었습니다. 음자모는 몹시 미안했습니다. “아가씨, 미안해요. 실례했습니다. 이대로 사라질 테니 물 밖으로 나오세요.” 이렇게 말하고 음자모는 휙 돌아서서 뛰었습니다. 그러나 달리면서도 음자모의 눈에는 아름다운 아가씨의 모습이 어른거렸습니다.",
      "srcPage": 7,
      "srcSentenceEA": 7,
      "srcWordEA": 41,
      "character": "음자모,여인,물,아가씨,눈",
      "setting": null,
      "action": "발견한,지르며,숨었습니다,말하고,돌아서서,뛰었습니다,달리면서도,어른거렸습니다",
      "feeling": null,
      "causalRelationship": null,
      "outcomeResolution": null,
      "prediction": "달리면서도 음자모의 눈에는 아름다운 아가씨의 모습이 어른거렸습니다.",
      "plotSummaryInfoCount": 1,
      "plotSummaryInfo": {
        "classification": "의사소통",
        "readAge": "초등_저학년",
        "form": "long-form",
        "plotSummaryText": "음자모를 발견한 여인이 비명이 지르며 물속으로 숨자, 음자모는 미안해하며 돌아서서 뛰면서도 아름다운 아가씨의 모습이 어른거렸습니다.",
        "textWordEA": 15
      }
    },
    {
      "srcTextID": "59231",
      "srcText": "다음 날 음자모는 시장을 구경하러 나갔습니다. 사람들이 많이 모이는 곳이니, 어제 호수에서 본 아가씨를 만날 수 있지 않을까 하는 마음도 있었습니다. 음자모가 막 시장 안으로 들어가려고 할 때 요란한 행차가 지나갔습니다.",
      "srcPage": 8,
      "srcSentenceEA": 3,
      "srcWordEA": 33,
      "character": "음자모,시장,사람들,호수,아가씨,행차",
      "setting": "다음 날",
      "action": "구경하러,나갔습니다,본,들어가려고,지나갔습니다",
      "feeling": null,
      "causalRelationship": null,
      "outcomeResolution": null,
      "prediction": "음자모가 막 시장 안으로 들어가려고 할 때 요란한 행차가 지나갔습니다.",
      "plotSummaryInfoCount": 1,
      "plotSummaryInfo": {
        "classification": "의사소통",
        "readAge": "초등_저학년",
        "form": "short-form",
        "plotSummaryText": "음자모가 어제 호수에서 본 아가씨를 만날 수 있지 않을까 하는 마음에 시장 안으로 들어가려고 할 때 요란한 행차가 지나갔습니다.",
        "textWordEA": 19
      }
    },
    {
      "srcTextID": "59232",
      "srcText": "빛나는 보석으로 장식한 화려한 코끼리 등에 얇은 천으로 얼굴을 가린 여인이 맵시 있게 앉아 있었습니다. 백성들은 여인을 향해 만세를 부르며 절을 했습니다. “만세! 노마잘라 공주님 만세!”",
      "srcPage": 9,
      "srcSentenceEA": 3,
      "srcWordEA": 28,
      "character": "보석,코끼리,얼굴,여인,백성들,얇은 천,노마잘라 공주님",
      "setting": null,
      "action": "앉아,부르며,절을 했습니다",
      "feeling": null,
      "causalRelationship": null,
      "outcomeResolution": null,
      "prediction": null,
      "plotSummaryInfoCount": 1,
      "plotSummaryInfo": {
        "classification": "의사소통",
        "readAge": "초등_저학년",
        "form": "short-form",
        "plotSummaryText": "코끼리 등에 얇은 천으로 얼굴을 가리고 앉아 있는 여인을 향해 백성들은 만세를 부르며 절을 했습니다.",
        "textWordEA": 15
      }
    },
    {
      "srcTextID": "59252",
      "srcText": "왕은 성난 얼굴로 호통을 쳤습니다. “참으로 무례하구나. 한 나라의 공주에게 청혼하러 오면서 혼자 몸으로 더군다나 빈손으로 오다니 이런 경우가 어디 있느냐?” 신하들은 왕의 호통에 고개를 숙였지만 음자모는 침착하게 고개를 들었습니다.",
      "srcPage": 17,
      "srcSentenceEA": 4,
      "srcWordEA": 32,
      "character": "왕,얼굴,공주,몸,신하들,고개,음자모",
      "setting": null,
      "action": "쳤습니다,청혼하러,오면서,오다니,숙였지만,들었습니다",
      "feeling": "성난,무례하구나,침착하게",
      "causalRelationship": null,
      "outcomeResolution": null,
      "prediction": null,
      "plotSummaryInfoCount": 1,
      "plotSummaryInfo": {
        "classification": "의사소통",
        "readAge": "초등_저학년",
        "form": "long-form",
        "plotSummaryText": "왕은 성난 얼굴로 한 나라의 공주에게 청혼하러 오면서 빈손으로 혼자 오다니 이런 경우가 어디 있냐며 호통을 쳤지만, 음자모는 침착하게 고개를 들었습니다.",
        "textWordEA": 21
      }
    },
    {
      "srcTextID": "59255",
      "srcText": "그러나 누구보다 음자모의 태도에 반한 사람은 노마잘라 공주였습니다. 노마잘라 공주는 며칠 전 호수에서 만났던 청년 음자모를 기억하고 있었습니다. 당시에는 너무 놀란 나머지 물속으로 숨어 버렸지만 음자모의 다정하고 예의바른 모습은 기억에 남아 있었습니다. 또한 평민이라는 신분을 부끄러워하지 않고 오로지 자신의 능력으로 문제를 해결하려는 음자모의 용기에 감동했습니다.",
      "srcPage": 20,
      "srcSentenceEA": 4,
      "srcWordEA": 48,
      "character": "음자모,사람,노마잘라 공주,호수,청년,평민",
      "setting": null,
      "action": "만났던,기억하고,숨어",
      "feeling": "반한,감동했습니다",
      "causalRelationship": null,
      "outcomeResolution": null,
      "prediction": null,
      "plotSummaryInfoCount": 1,
      "plotSummaryInfo": {
        "classification": "의사소통",
        "readAge": "초등_저학년",
        "form": "long-form",
        "plotSummaryText": "노마잘라 공주는 며칠 전 호수에서 만났던 음자모를 다정하고 예의 바른 청년으로 기억하는데 평민이라는 신분을 부끄러워하지 않고 자기 능력으로 문제를 해결하려는 그의 용기와 태도에 감동했습니다.",
        "textWordEA": 24
      }
    },
    {
      "srcTextID": "59256",
      "srcText": "노마잘라 공주는 가슴이 뛰었습니다. 그러나 노마잘라 공주나 신하들과는 달리 왕은 음자모가 마음에 들지 않았습니다. ‘가난한 데다가 평민 출신이면서 감히 공주에게 청혼하다니. 아주 어려운 문제를 내서 도망가게 만들어야겠다.’",
      "srcPage": 22,
      "srcSentenceEA": 4,
      "srcWordEA": 30,
      "character": "노마잘라 공주,신하들,왕,음자모,평민",
      "setting": null,
      "action": "청혼하다니,내서,도망가게 만들어야겠다",
      "feeling": "가슴이 뛰었습니다,마음에 들지 않았습니다",
      "causalRelationship": null,
      "outcomeResolution": null,
      "prediction": "가난한 데다가 평민 출신이면서 감히 공주에게 청혼하다니. 아주 어려운 문제를 내서 도망가게 만들어야겠다.",
      "plotSummaryInfoCount": 1,
      "plotSummaryInfo": {
        "classification": "의사소통",
        "readAge": "초등_저학년",
        "form": "long-form",
        "plotSummaryText": "노마잘라 공주의 가슴은 뛰었고 신하들도 마음에 들었지만, 왕은 음자모가 마음에 들지 않아 아주 어려운 문제를 내서 도망가게 만들어야겠다고 생각했습니다.",
        "textWordEA": 19
      }
    },
    {
      "srcTextID": "59257",
      "srcText": "이렇게 생각한 왕은 짐짓 인자하게 웃으며 입을 열었습니다. “어쨌든 네 용기가 가상하구나. 자, 청혼을 하러 왔다고 하니 내가 내는 문제를 해결해 보아라.”",
      "srcPage": 23,
      "srcSentenceEA": 3,
      "srcWordEA": 23,
      "character": "왕,입",
      "setting": null,
      "action": "생각한,웃으며,열었습니다",
      "feeling": null,
      "causalRelationship": null,
      "outcomeResolution": null,
      "prediction": null,
      "plotSummaryInfoCount": 1,
      "plotSummaryInfo": {
        "classification": "의사소통",
        "readAge": "초등_저학년",
        "form": "short-form",
        "plotSummaryText": "이렇게 생각한 왕은 청혼하러 온 음자모에게 용기가 가상하다며 자신이 내는 문제를 해결해 보라며 입을 열었습니다.",
        "textWordEA": 15
      }
    },
    {
      "srcTextID": "59272",
      "srcText": "노란 옥수수들이 하나 가득 지천으로 널려 있는 모습이 아주 아름다웠습니다. 그러나 음자모에게는 목숨을 걸고 헤쳐 나가야 할 밀림처럼 보였습니다. ‘이렇게 겁먹고 있다고 문제가 해결되지 않아. 당장 시작하자!’",
      "srcPage": 27,
      "srcSentenceEA": 4,
      "srcWordEA": 30,
      "character": "옥수수들,음자모,밀림",
      "setting": null,
      "action": null,
      "feeling": "아름다웠습니다,겁먹고",
      "causalRelationship": null,
      "outcomeResolution": null,
      "prediction": null,
      "plotSummaryInfoCount": 1,
      "plotSummaryInfo": {
        "classification": "의사소통",
        "readAge": "초등_저학년",
        "form": "long-form",
        "plotSummaryText": "노란 옥수수들이 가득 널려 있는 모습이 아름다웠지만 음자모에게는 헤쳐 나가야 할 밀림처럼 보였습니다.",
        "textWordEA": 13
      }
    },
    {
      "srcTextID": "59278",
      "srcText": "음자모는 땀을 뻘뻘 흘리며 옥수수를 따서 바구니에 담았습니다. 어느덧 동쪽 하늘에 걸려 있던 해가 서서히 움직여 음자모의 머리 위에서 쨍쨍 내리쬐는 정오가 되었습니다. 음자모는 몹시 배가 고팠습니다.",
      "srcPage": 28,
      "srcSentenceEA": 3,
      "srcWordEA": 29,
      "character": "음자모,옥수수,바구니,하늘,해,머리",
      "setting": "정오",
      "action": "흘리며,따서,담았습니다,고팠습니다",
      "feeling": null,
      "causalRelationship": "어느덧 동쪽 하늘에 걸려 있던 해가 서서히 움직여 음자모의 머리 위에서 쨍쨍 내리쬐는 정오가 되었습니다. 음자모는 몹시 배가 고팠습니다.",
      "outcomeResolution": null,
      "prediction": null,
      "plotSummaryInfoCount": 1,
      "plotSummaryInfo": {
        "classification": "의사소통",
        "readAge": "초등_저학년",
        "form": "short-form",
        "plotSummaryText": "동쪽에 있던 해가 음자모의 머리 위에서 내리쬐는 정오가 될 때까지 그는 배고픔을 참고 땀을 흘리며 옥수수를 따서 바구니에 담았습니다.",
        "textWordEA": 19
      }
    },
    {
      "srcTextID": "59277",
      "srcText": "그러나 ‘점심 먹을 시간도 없어. 일 초라도 아껴서 옥수수를 따야만 해.’라고 생각을 고쳐먹고 이를 악물고 옥수수를 땄습니다. 그러나 해는 자꾸자꾸 서쪽으로 기울고 서서히 땅거미가 내리기 시작했습니다. 음자모는 땀을 닦으며 옥수수 밭을 둘러보았습니다. 아직 반도 따지 못했습니다.",
      "srcPage": 29,
      "srcSentenceEA": 6,
      "srcWordEA": 41,
      "character": "옥수수,해,음자모,밭",
      "setting": null,
      "action": "땄습니다,닦으며,둘러보았습니다,따지 못했습니다",
      "feeling": "생각을 고쳐먹고",
      "causalRelationship": null,
      "outcomeResolution": null,
      "prediction": null,
      "plotSummaryInfoCount": 1,
      "plotSummaryInfo": {
        "classification": "의사소통",
        "readAge": "초등_저학년",
        "form": "long-form",
        "plotSummaryText": "음자모는 이를 악물고 옥수수를 땄지만 해는 서쪽으로 기울고 땅거미가 내리기 시작했는데도 아직 반도 따지 못했습니다.",
        "textWordEA": 15
      }
    },
    {
      "srcTextID": "59282",
      "srcText": "‘아니, 대체 어떻게 된 일이지? 목소리가 무척 아름다운 누군가가 도와준 것 같은데 모습은 보이지 않는구나.’ 음자모는 영문을 알 수 없었지만, 차차 알아보기로 하고 일단 옥수수가 가득 담긴 바구니를 끌고서 왕궁으로 향했습니다.",
      "srcPage": 32,
      "srcSentenceEA": 3,
      "srcWordEA": 33,
      "character": "음자모,옥수수,바구니,왕궁",
      "setting": null,
      "action": "끌고서,향했습니다",
      "feeling": "아름다운,영문을 알 수 없었지만",
      "causalRelationship": null,
      "outcomeResolution": null,
      "prediction": null,
      "plotSummaryInfoCount": 1,
      "plotSummaryInfo": {
        "classification": "의사소통",
        "readAge": "초등_저학년",
        "form": "short-form",
        "plotSummaryText": "목소리만 들리고 모습이 보이지 않아서 음자모는 영문을 알 수 없었지만, 일단 옥수수가 담긴 바구니를 끌고서 왕궁으로 향했습니다.",
        "textWordEA": 17
      }
    },
    {
      "srcTextID": "59283",
      "srcText": "“왕이시여! 명령하신 대로 해가 지기 전에 계곡에 있는 옥수수를 모두 따 왔습니다. 이제 노마잘라 공주님과 결혼하게 해 주십시오.” 신하들은 기대 어린 눈으로 왕을 바라보았습니다.",
      "srcPage": 34,
      "srcSentenceEA": 3,
      "srcWordEA": 27,
      "character": "왕,해,계곡,옥수수,노마잘라 공주님,신하들,눈",
      "setting": null,
      "action": "모두 따 왔습니다,바라보았습니다",
      "feeling": "기대 어린",
      "causalRelationship": null,
      "outcomeResolution": null,
      "prediction": null,
      "plotSummaryInfoCount": 1,
      "plotSummaryInfo": {
        "classification": "의사소통",
        "readAge": "초등_저학년",
        "form": "short-form",
        "plotSummaryText": "음자모는 해가 지기 전에 계곡에 있는 옥수수를 모두 따 왔다며 왕에게 노마잘라 공주님과 결혼하게 해 달라고 말했습니다.",
        "textWordEA": 17
      }
    },
    {
      "srcTextID": "59296",
      "srcText": "음자모는 왕이 약속을 지키지 않자 조금 실망했지만 참기로 했습니다. 그리고 왕이 정해 준 오두막에서 푹 잤습니다. 다음 날 아침 일찍 일어난 음자모는 왕 앞으로 나아갔습니다.",
      "srcPage": 37,
      "srcSentenceEA": 3,
      "srcWordEA": 27,
      "character": "음자모,왕,오두막",
      "setting": "다음 날 아침",
      "action": "지키지 않자,참기로 했습니다,잤습니다,일어난,나아갔습니다",
      "feeling": "실망했지만",
      "causalRelationship": null,
      "outcomeResolution": null,
      "prediction": null,
      "plotSummaryInfoCount": 1,
      "plotSummaryInfo": {
        "classification": "의사소통",
        "readAge": "초등_저학년",
        "form": "short-form",
        "plotSummaryText": "음자모는 왕이 약속을 지키지 않아 실망했지만 참기로 하고 왕이 정해준 오두막에서 푹 자고 일찍 일어나 왕 앞으로 나아갔습니다.",
        "textWordEA": 18
      }
    },
    {
      "srcTextID": "59309",
      "srcText": "어느새 해는 뉘엿뉘엿 서산으로 지고 있었습니다. 음자모는 헉헉거리면서 숲을 둘러보았습니다. 숲은 아직도 울창하기만 했습니다.",
      "srcPage": 45,
      "srcSentenceEA": 3,
      "srcWordEA": 16,
      "character": "음자모,숲",
      "setting": "해는 뉘엿뉘엿 서산으로 지고",
      "action": "헉헉거리면서,둘러보았습니다",
      "feeling": null,
      "causalRelationship": null,
      "outcomeResolution": null,
      "prediction": null,
      "plotSummaryInfoCount": 1,
      "plotSummaryInfo": {
        "classification": "의사소통",
        "readAge": "초등_저학년",
        "form": "short-form",
        "plotSummaryText": "어느덧 해는 뉘엿뉘엿 서산으로 지고 음자모가 헉헉거리며 숲을 둘러보니 아직도 울창하기만 했습니다.",
        "textWordEA": 12
      }
    },
    {
      "srcTextID": "59323",
      "srcText": "왕의 말에 음자모는 화가 났습니다. “왕이시여! 약속을 지키시옵소서.” 음자모의 말에 왕은 발끈 화를 냈습니다. “무엇이라고? 감히 왕인 나에게 대들다니, 너처럼 예의를 모르는 사람에게는 공주를 줄 수 없다!”",
      "srcPage": 53,
      "srcSentenceEA": 4,
      "srcWordEA": 30,
      "character": "왕,음자모,사람,공주",
      "setting": null,
      "action": "화를 냈습니다",
      "feeling": "화가 났습니다",
      "causalRelationship": null,
      "outcomeResolution": null,
      "prediction": "감히 왕인 나에게 대들다니,너처럼 예의를 모르는 사람에게는 공주를 줄 수 없다!",
      "plotSummaryInfoCount": 1,
      "plotSummaryInfo": {
        "classification": "의사소통",
        "readAge": "초등_저학년",
        "form": "long-form",
        "plotSummaryText": "왕의 말에 화가 난 음자모는 왕에게 약속을 지키라고 했고 그 말에 왕은 너처럼 예의를 모르는 사람에게 공주를 줄 수 없다고 말했습니다.",
        "textWordEA": 21
      }
    },
    {
      "srcTextID": "59322",
      "srcText": "다음 날 음자모는 아침 일찍 왕궁으로 들어갔습니다. 왕의 눈은 하룻밤 사이에 더욱 충혈되어 있었습니다. 드디어 왕은 세 번째 시험 문제를 냈습니다.",
      "srcPage": 55,
      "srcSentenceEA": 3,
      "srcWordEA": 23,
      "character": "음자모,왕궁,왕,눈,시험",
      "setting": "다음 날,아침",
      "action": "들어갔습니다,냈습니다",
      "feeling": null,
      "causalRelationship": null,
      "outcomeResolution": null,
      "prediction": null,
      "plotSummaryInfoCount": 1,
      "plotSummaryInfo": {
        "classification": "의사소통",
        "readAge": "초등_저학년",
        "form": "short-form",
        "plotSummaryText": "아침 일찍 왕궁으로 온 음자모는 하루밤 사이 눈이 더욱 충혈된 왕을 만났고 왕은 드디어 세 번째 시험 문제를 냈습니다.",
        "textWordEA": 19
      }
    },
    {
      "srcTextID": "59249",
      "srcText": "사람들이 나누는 이야기를 조용히 듣고 있던 음자모의 가슴에 작은 희망의 싹이 움텄습니다. ‘그래, 무슨 시험인지는 모르겠지만 한번 도전해 보자. 설령 시험을 통과하지 못한다 해도 한번 해 보는 거야. 해 보지도 않고 포기하는 것은 비겁한 일이라고 아버지께서 늘 말씀하셨지.’",
      "srcPage": 15,
      "srcSentenceEA": 4,
      "srcWordEA": 41,
      "character": "사람들,음자모,아버지",
      "setting": null,
      "action": "나누는,듣고,한번 해 보는 거야",
      "feeling": "희망의 싹이 움텄습니다",
      "causalRelationship": null,
      "outcomeResolution": null,
      "prediction": null,
      "plotSummaryInfoCount": 1,
      "plotSummaryInfo": {
        "classification": "의사소통",
        "readAge": "초등_저학년",
        "form": "long-form",
        "plotSummaryText": "사람들이 나누는 이야기를 듣고 있던 음자모의 가슴에 희망의 싹이 움트자, 그는 시험을 통과하지 못한다 해도 한번 해 봐야 한다고 마음먹었습니다.",
        "textWordEA": 20
      }
    },
    {
      "srcTextID": "59251",
      "srcText": "다음 날 음자모는 날이 밝자마자 왕궁으로 갔습니다. “전하! 저는 쿠말로의 아들 음자모라고 합니다. 노마잘라 공주님을 사랑하기에 결혼하고 싶습니다. 저에게도 시험을 볼 수 있는 기회를 주시옵소서.”",
      "srcPage": 16,
      "srcSentenceEA": 4,
      "srcWordEA": 28,
      "character": "음자모,왕궁,전하,쿠말로,아들,노마잘라 공주님",
      "setting": "다음 날",
      "action": "갔습니다",
      "feeling": null,
      "causalRelationship": "노마잘라 공주님을 사랑하기에 결혼하고 싶습니다.",
      "outcomeResolution": null,
      "prediction": null,
      "plotSummaryInfoCount": 1,
      "plotSummaryInfo": {
        "classification": "의사소통",
        "readAge": "초등_저학년",
        "form": "long-form",
        "plotSummaryText": "다음 날 음자모는 왕궁으로 가서 왕에게 노마잘라 공주를 사랑한다며 시험을 볼 수 있는 기회를 달라고 했습니다.",
        "textWordEA": 16
      }
    },
    {
      "srcTextID": "59254",
      "srcText": "‘아, 정말 믿음직스럽고 멋진 사람이야. 저 사람과 결혼할 수 있다면 왕비가 되지 않아도 좋아. 평민으로 살아도 좋다. 저 사람과 결혼하고 싶어.’",
      "srcPage": 21,
      "srcSentenceEA": 4,
      "srcWordEA": 24,
      "character": "사람,왕비,평민",
      "setting": null,
      "action": null,
      "feeling": "믿음직스럽고,멋진",
      "causalRelationship": null,
      "outcomeResolution": null,
      "prediction": "저 사람과 결혼할 수 있다면 왕비가 되지 않아도 좋아.",
      "plotSummaryInfoCount": 1,
      "plotSummaryInfo": {
        "classification": "의사소통",
        "readAge": "초등_저학년",
        "form": "long-form",
        "plotSummaryText": "공주는 옴자모가 믿음직스럽고 멋진 사람이라며 저 사람과 결혼할 수 있다면 왕비가 되지 않아도 좋다고 생각했습니다.",
        "textWordEA": 15
      }
    },
    {
      "srcTextID": "59271",
      "srcText": "“용기 있는 젊은이 음자모여! 이 왕궁 바깥에는 계곡이 하나 있다. 우리는 그 계곡을 개간해서 옥수수를 심어 놓았지. 네가 노마잘라 공주와 결혼하고 싶다면 그 계곡에 있는 옥수수를 모두 오늘 안에 거두어들이도록 하라.”",
      "srcPage": 25,
      "srcSentenceEA": 4,
      "srcWordEA": 34,
      "character": "젊은이,음자모,왕궁,계곡,옥수수,노마잘라 공주",
      "setting": null,
      "action": "개간해서,심어 놓았지",
      "feeling": null,
      "causalRelationship": null,
      "outcomeResolution": null,
      "prediction": "네가 노마잘라 공주와 결혼하고 싶다면 그 계곡에 있는 옥수수를 모두 오늘 안에 거두어들이도록 하라.",
      "plotSummaryInfoCount": 1,
      "plotSummaryInfo": {
        "classification": "의사소통",
        "readAge": "초등_저학년",
        "form": "long-form",
        "plotSummaryText": "왕은 음자모에게 왕궁 바깥에 개간한 계곡이 하나 있는데 거기에 심어 놓은 옥수수를 오늘 안으로 모두 거두어들이라고 했습니다.",
        "textWordEA": 17
      }
    },
    {
      "srcTextID": "59275",
      "srcText": "‘여기까지 와서 포기해야 하나?’ 음자모는 눈물이 나오려고 했습니다. 바로 이때 언덕 너머에서 아름다운 노랫소리가 들려왔습니다.",
      "srcPage": 30,
      "srcSentenceEA": 3,
      "srcWordEA": 17,
      "character": "음자모,눈물,언덕 너머",
      "setting": null,
      "action": "들려왔습니다",
      "feeling": "눈물이 나오려고",
      "causalRelationship": null,
      "outcomeResolution": null,
      "prediction": null,
      "plotSummaryInfoCount": 1,
      "plotSummaryInfo": {
        "classification": "의사소통",
        "readAge": "초등_저학년",
        "form": "short-form",
        "plotSummaryText": "음자모가 절망에 빠져 눈물이 나오려고 할 때 언덕 너머에서 노랫소리가 들려 왔습니다.",
        "textWordEA": 12
      }
    },
    {
      "srcTextID": "59352",
      "srcText": "드디어 왕이 마지막 문제를 냈습니다. “왕궁 바깥에 절벽이 있다. 그 절벽에는 대추나무가 한 그루 서 있지. 네가 그 대추나무 꼭대기에 붙어 있는 나뭇잎을 가져온다면 결혼을 허락하겠다.”",
      "srcPage": 68,
      "srcSentenceEA": 4,
      "srcWordEA": 28,
      "character": "왕,왕궁,절벽,대추나무,나뭇잎",
      "setting": null,
      "action": "냈습니다,가져온다면,허락하겠다",
      "feeling": null,
      "causalRelationship": null,
      "outcomeResolution": null,
      "prediction": null,
      "plotSummaryInfoCount": 1,
      "plotSummaryInfo": {
        "classification": "의사소통",
        "readAge": "초등_저학년",
        "form": "long-form",
        "plotSummaryText": "왕은 왕궁 바깥 절벽에 있는 대추나무 꼭대기에 있는 나뭇잎을 가져온다면 결혼을 허락하겠다고 말했습니다.",
        "textWordEA": 13
      }
    },
    {
      "srcTextID": "59353",
      "srcText": "음자모는 절벽으로 갔습니다. 그리고 왕이 말한 대추나무를 보았습니다. 한 발만 잘못 디디면 그대로 절벽 아래로 떨어져 죽고 말 상황이었습니다.",
      "srcPage": 69,
      "srcSentenceEA": 3,
      "srcWordEA": 21,
      "character": "음자모,왕,대추나무,발",
      "setting": "절벽",
      "action": "갔습니다,말한,보았습니다",
      "feeling": null,
      "causalRelationship": null,
      "outcomeResolution": null,
      "prediction": null,
      "plotSummaryInfoCount": 1,
      "plotSummaryInfo": {
        "classification": "의사소통",
        "readAge": "초등_저학년",
        "form": "short-form",
        "plotSummaryText": "음자모가 절벽으로 가 대추나무를 살펴 보니 잘못 디디면 그대로 절벽 아래로 떨어져 죽고 말 상황이었습니다.",
        "textWordEA": 15
      }
    },
    {
      "srcTextID": "59351",
      "srcText": "그러더니 발이 미끄러지며 절벽 아래로 떨어지려고 했습니다. 모두 비명을 질렀습니다. 다행히 음자모는 간신히 나뭇가지를 붙잡았지만 서서히 팔의 힘이 빠지고 있었습니다. 이때 또다시 노랫소리가 들렸습니다.",
      "srcPage": 71,
      "srcSentenceEA": 4,
      "srcWordEA": 27,
      "character": "발,음자모,나뭇가지,팔,노랫소리",
      "setting": "절벽",
      "action": "미끄러지며,떨어지려고,질렀습니다,붙잡았지만,빠지고,들렸습니다",
      "feeling": null,
      "causalRelationship": null,
      "outcomeResolution": null,
      "prediction": "이때 또다시 노랫소리가 들렸습니다.",
      "plotSummaryInfoCount": 1,
      "plotSummaryInfo": {
        "classification": "의사소통",
        "readAge": "초등_저학년",
        "form": "long-form",
        "plotSummaryText": "음자모의 발이 미끄러져 절벽 아래로 떨어지려고 하자 모두 비명을 질렀고 음자모가 다행히 나뭇가지를 붙잡고 버티고 있을 때 또다시 노랫소리가 들렸습니다.",
        "textWordEA": 20
      }
    },
    {
      "srcTextID": "59356",
      "srcText": "노래가 끝나자마자 나무 꼭대기에 있던 잎사귀가 팔랑팔랑 음자모의 손바닥 위에 떨어졌습니다. 음자모는 잎사귀를 입에 물고 간신히 대추나무를 타고 내려왔습니다. 둘러서 있던 구경꾼들이 박수를 쳤습니다.",
      "srcPage": 73,
      "srcSentenceEA": 3,
      "srcWordEA": 26,
      "character": "노래,나무,잎사귀,음자모,입,손바닥,대추나무,구경꾼들",
      "setting": null,
      "action": "끝나자마자,떨어졌습니다,물고,타고,내려왔습니다,박수를 쳤습니다",
      "feeling": null,
      "causalRelationship": null,
      "outcomeResolution": "음자모는 잎사귀를 입에 물고 간신히 대추나무를 타고 내려왔습니다.",
      "prediction": null,
      "plotSummaryInfoCount": 1,
      "plotSummaryInfo": {
        "classification": "의사소통",
        "readAge": "초등_저학년",
        "form": "short-form",
        "plotSummaryText": "노래가 끝나자마자 나무 꼭대기에 있던 잎사귀가 음자모의 손바닥 위에 떨여졌고 그는 그 잎을 물고 대추나무를 타고 내려왔습니다.",
        "textWordEA": 17
      }
    },
    {
      "srcTextID": "59359",
      "srcText": "왕도 더 이상은 고집을 피울 수가 없었습니다. “좋다. 결혼을 허락한다.” 사람들은 환성을 질렀습니다. “고맙습니다. 그 전에 저를 도와준 목소리의 주인공을 찾아서 고맙다는 말을 해야겠습니다.”",
      "srcPage": 74,
      "srcSentenceEA": 4,
      "srcWordEA": 27,
      "character": "왕,사람들,목소리,주인공",
      "setting": null,
      "action": "허락한다,질렀습니다,도와준,찾아서",
      "feeling": null,
      "causalRelationship": null,
      "outcomeResolution": null,
      "prediction": "그 전에 저를 도와준 목소리의 주인공을 찾아서 고맙다는 말을 해야겠습니다.",
      "plotSummaryInfoCount": 1,
      "plotSummaryInfo": {
        "classification": "의사소통",
        "readAge": "초등_저학년",
        "form": "long-form",
        "plotSummaryText": "더 이상은 왕도 고집을 피울 수가 없어서 결혼을 허락한다고 하자, 음자모는 자신을 도와준 목소리의 주인공을 찾아 고맙다는 인사를 전해야겠다고 했습니다.",
        "textWordEA": 20
      }
    },
    {
      "srcTextID": "59358",
      "srcText": "사람들은 만세를 불렀고 왕도 매우 기뻐했습니다. 그날 밤 은강게줄루에서는 성대한 결혼 잔치가 열렸습니다. 사람들은 밤새워 춤을 추며 먹고 마셨습니다. 노마잘라 공주와 결혼한 음자모는 왕이 되어 은강게줄루를 평안하고 행복하게 다스렸습니다.",
      "srcPage": 78,
      "srcSentenceEA": 4,
      "srcWordEA": 32,
      "character": "사람들,왕,노마잘라 공주,음자모",
      "setting": "그날 밤,은강게줄루",
      "action": "불렀고,열렸습니다,추며,먹고,마셨습니다,결혼한,되어,다스렸습니다,기뻐했습니다",
      "feeling": "평안하고,행복하게",
      "causalRelationship": null,
      "outcomeResolution": "노마잘라 공주와 결혼한 음자모는 왕이 되어 은강게줄루를 평안하고 행복하게 다스렸습니다.",
      "prediction": null,
      "plotSummaryInfoCount": 1,
      "plotSummaryInfo": {
        "classification": "의사소통",
        "readAge": "초등_저학년",
        "form": "long-form",
        "plotSummaryText": "그날 밤 은강게줄루에 결혼 잔치가 열렸는데 사람들은 밤새워 춤추고 마셨고 노마잘자 공주와 결혼한 음자모는 왕이 되어 나라를 행복하게 다스렸습니다.",
        "textWordEA": 19
      }
    },
    {
      "srcTextID": "59366",
      "srcText": "줄루 족 아이는 어른이 들려주는 민간 설화를 들으면서 옳고 그름, 선과 악을 배웁니다. 또한 줄루 족의 민간 설화에서는 사람과 동물 사이에 아주 자연스러운 교감이 이루어집니다. 의지의 청년 음자모의 노마잘라 공주는 노래를 불러 자연과 소통합니다. 스스로를 ‘하늘에서 내려온 사람들’이라 믿었던 줄루 족은 자연과 인간이 형제처럼 서로를 지켜 주고 사랑해야 한다는 것을 잘 알고 있었던 것이지요.",
      "srcPage": 81,
      "srcSentenceEA": 5,
      "srcWordEA": 58,
      "character": "줄루 족,아이,어른,민간 설화,사람,동물,청년,음자모,노마잘라 공주,노래,하늘,사람들,인간,형제",
      "setting": null,
      "action": "들려주는,들으면서,배웁니다,불러,소통합니다,지켜,알고",
      "feeling": null,
      "causalRelationship": null,
      "outcomeResolution": null,
      "prediction": null,
      "plotSummaryInfoCount": 1,
      "plotSummaryInfo": {
        "classification": "의사소통",
        "readAge": "초등_저학년",
        "form": "long-form",
        "plotSummaryText": "스스로를 하늘에서 내려온 사람들이라 믿었던 줄루 족은 자연과 인간이 서로 지켜주고 사랑해야 한다는 것을 잘 알고 있었기 때문에  줄루 족의 민간 설화에서는 음자모 이야기에서 처럼 사람과 동물 사이에 자연스런 교감이 이루어집니다.",
        "textWordEA": 32
      }
    },
    {
      "srcTextID": "59364",
      "srcText": "물론 전통 문학도 같은 처지입니다. 1940년대부터 아프리카 인을 위한 대중 신문과 정기 간행물 등에 원주민의 풍습 또는 가치관을 담거나 흑백 인종 문제를 다룬 몇몇 작품이 소개되어 그나마 명맥을 유지할 수 있었을 뿐이었답니다. 의지의 청년 음자모도 끈끈하게 이어져 내려온 아프리카 원주민의 저력을 담고 있습니다.",
      "srcPage": 84,
      "srcSentenceEA": 3,
      "srcWordEA": 45,
      "character": "전통 문학,아프리카 인,신문,간행물,원주민,작품,청년,음자모",
      "setting": "1940년대부터",
      "action": null,
      "feeling": null,
      "causalRelationship": null,
      "outcomeResolution": "의지의 청년 음자모도 끈끈하게 이어져 내려온 아프리카 원주민의 저력을 담고 있습니다.",
      "prediction": null,
      "plotSummaryInfoCount": 1,
      "plotSummaryInfo": {
        "classification": "의사소통",
        "readAge": "초등_저학년",
        "form": "short-form",
        "plotSummaryText": "1940년대부터 아프리카인을 위한 대중신문과 정기 간행물 등에 몇몇 작품이 소개되어 그나마 전통 문학의 명맥을 유지할 수 있었고 의지의 청년 음자모 이야기도 끈끈하게 이어져 내려온 아프리카 원주민의 저력을 담고 있습니다.",
        "textWordEA": 29
      }
    },
    {
      "srcTextID": "59276",
      "srcText": "“작고 노란 옥수수야. 우리 어머니들이 뿌려 놓은 씨에서 자란 옥수수야. 너희가 편하게 쉴 수 있는 바구니 안으로 너희가 알아서 모이렴. 너희가 알아서 모이렴.” 그러자 놀랍게도 밭에 있던 옥수수들이 저 혼자 뚝뚝 떨어지더니 음자모의 바구니 안으로 휙휙 날아드는 게 아니겠어요! 바구니는 금방 옥수수로 가득 찼습니다.",
      "srcPage": 31,
      "srcSentenceEA": 6,
      "srcWordEA": 49,
      "character": "옥수수,어머니들,씨,바구니,밭,음자모",
      "setting": null,
      "action": "떨어지더니,날아드는 게",
      "feeling": "놀랍게도",
      "causalRelationship": null,
      "outcomeResolution": "바구니는 금방 옥수수로 가득 찼습니다.",
      "prediction": null,
      "plotSummaryInfoCount": 1,
      "plotSummaryInfo": {
        "classification": "의사소통",
        "readAge": "초등_저학년",
        "form": "long-form",
        "plotSummaryText": "놀랍게도 밭에 있던 옥수수들이 저 혼자 떨어져 음자모의 바구니 안으로 날아들어 금방 옥수수로 가득 찼습니다.",
        "textWordEA": 15
      }
    },
    {
      "srcTextID": "59286",
      "srcText": "지금까지 왕이 낸 문제를 해결한 사람을 한 명도 보지 못한 신하들은 용기와 행동력이 있는 음자모가 믿음직하게 보였습니다. 왕은 몹시 난처해졌습니다. 설마 음자모가 정말로 옥수수를 다 따 오리라고는 상상도 하지 않았기 때문입니다. 당황한 왕은 헛기침을 하고는 얼버무렸습니다.",
      "srcPage": 35,
      "srcSentenceEA": 4,
      "srcWordEA": 39,
      "character": "왕,사람,신하들,음자모,옥수수",
      "setting": null,
      "action": "낸,보였습니다,따 오리라고는,얼버무렸습니다",
      "feeling": "믿음직하게,난처해졌습니다,당황한",
      "causalRelationship": "왕은 몹시 난처해졌습니다. 설마 음자모가 정말로 옥수수를 다 따 오리라고는 상상도 하지 않았기 때문입니다.",
      "outcomeResolution": null,
      "prediction": null,
      "plotSummaryInfoCount": 1,
      "plotSummaryInfo": {
        "classification": "의사소통",
        "readAge": "초등_저학년",
        "form": "long-form",
        "plotSummaryText": "왕은 음자모가 정말로 옥수수를 다 따 오리라고는 상상도 하지 않았기 때문에 몹시 난처해져서 당황하며 헛기침을 하고는 얼버무렸습니다.",
        "textWordEA": 17
      }
    },
    {
      "srcTextID": "59284",
      "srcText": "“잘했다. 사실 오늘 낸 문제는 아주 쉬운 것이지. 지금까지 모든 사람들이 해결했으니까. 내일 시험을 더 치러야 하니 오늘은 그만 푹 쉬어라.”",
      "srcPage": 36,
      "srcSentenceEA": 3,
      "srcWordEA": 24,
      "character": "사람들,시험",
      "setting": null,
      "action": "낸,해결했으니까,치러야 하니,쉬어라",
      "feeling": null,
      "causalRelationship": null,
      "outcomeResolution": null,
      "prediction": "내일 시험을 더 치러야 하니 오늘은 그만 푹 쉬어라.",
      "plotSummaryInfoCount": 1,
      "plotSummaryInfo": {
        "classification": "의사소통",
        "readAge": "초등_저학년",
        "form": "short-form",
        "plotSummaryText": "왕은 오늘 낸 문제는 쉬운 것이라며 내일은 시험을 더 치러야 하니 오늘은 푹 쉬라고 음자모에게 말했습니다.",
        "textWordEA": 16
      }
    },
    {
      "srcTextID": "59295",
      "srcText": "왕은 눈이 조금 충혈되어 있었습니다. 음자모를 내쫓기 위해 궁리하느라고 밤을 새웠기 때문이지요. 왕은 능청스럽게 말했습니다.",
      "srcPage": 38,
      "srcSentenceEA": 3,
      "srcWordEA": 17,
      "character": "왕,눈,음자모",
      "setting": null,
      "action": "충혈되어,궁리하느라고,말했습니다",
      "feeling": "능청스럽게",
      "causalRelationship": "왕은 눈이 조금 충혈되어 있었습니다. 음자모를 내쫓기 위해 궁리하느라고 밤을 새웠기 때문이지요.",
      "outcomeResolution": null,
      "prediction": null,
      "plotSummaryInfoCount": 1,
      "plotSummaryInfo": {
        "classification": "의사소통",
        "readAge": "초등_저학년",
        "form": "short-form",
        "plotSummaryText": "음자모를 내쫓기 위해 궁리하느라 밤을 새워 눈이 충혈된 왕은 능청스럽게 말했습니다.",
        "textWordEA": 11
      }
    },
    {
      "srcTextID": "59293",
      "srcText": "“어제 옥수수를 땄던 계곡 옆에는 물이 흐르는 숲이 하나 있다. 오늘 해가 지기 전에 그 숲에 있는 나무를 모두 베어 놓아라.” 음자모는 어제 옥수수를 따다가 슬쩍 봤던 그 울창한 숲을 떠올렸습니다.",
      "srcPage": 39,
      "srcSentenceEA": 3,
      "srcWordEA": 33,
      "character": "옥수수,계곡,물,숲,해,나무,음자모",
      "setting": null,
      "action": "땄던,베어 놓아라,따다가,봤던,떠올렸습니다",
      "feeling": null,
      "causalRelationship": null,
      "outcomeResolution": null,
      "prediction": null,
      "plotSummaryInfoCount": 1,
      "plotSummaryInfo": {
        "classification": "의사소통",
        "readAge": "초등_저학년",
        "form": "short-form",
        "plotSummaryText": "왕은 음자모에게 어제 옥수수를 땄던 계곡 옆 숲에 있는 나무를 모두 베어 놓으라고 말했습니다.",
        "textWordEA": 14
      }
    },
    {
      "srcTextID": "59300",
      "srcText": "왕궁을 나온 음자모는 어제 옥수수를 따던 계곡을 지나 숲으로 갔습니다. 그리고 숲에서 가장 큰 나무를 골라 그 앞에 섰습니다. 나무를 한번 올려다본 음자모는 도끼를 들고 숨을 고른 다음 힘껏 내리쳤습니다.",
      "srcPage": 41,
      "srcSentenceEA": 3,
      "srcWordEA": 32,
      "character": "왕궁,음자모,옥수수,계곡,숲,나무,도끼",
      "setting": null,
      "action": "나온,따던,지나,갔습니다,골라,섰습니다,올려다본,들고,내리쳤습니다",
      "feeling": null,
      "causalRelationship": null,
      "outcomeResolution": null,
      "prediction": null,
      "plotSummaryInfoCount": 1,
      "plotSummaryInfo": {
        "classification": "의사소통",
        "readAge": "초등_저학년",
        "form": "short-form",
        "plotSummaryText": "음자모는 계곡을 지나 숲으로 가서 큰 나무를 골라 도끼를 들고 숨을 고른 다음 힘껏 내리쳤습니다.",
        "textWordEA": 15
      }
    },
    {
      "srcTextID": "59299",
      "srcText": "어느새 해는 중천에 떠 있었습니다. ‘아아, 이렇게 해서는 절대 오늘 안에 이 숲의 나무를 다 벨 수 없어. 나무를 다 베기는커녕 내가 먼저 지쳐 죽을 거야.’",
      "srcPage": 43,
      "srcSentenceEA": 3,
      "srcWordEA": 28,
      "character": "숲,나무",
      "setting": "해는 중천에 떠",
      "action": "벨 수 없어,지쳐",
      "feeling": null,
      "causalRelationship": null,
      "outcomeResolution": null,
      "prediction": null,
      "plotSummaryInfoCount": 1,
      "plotSummaryInfo": {
        "classification": "의사소통",
        "readAge": "초등_저학년",
        "form": "short-form",
        "plotSummaryText": "해가 중천에 뜨자 음자모는 이렇게 해서는 오늘 안에 이 숲의 나무를 다 벨 수 없다고 생각했습니다.",
        "textWordEA": 16
      }
    },
    {
      "srcTextID": "59298",
      "srcText": "그러나 음자모는 다시 용기를 냈습니다. ‘그래도 해가 지기 전까지는 나무를 베자. 그럼 다 베지 못한다 해도 부끄러울 것은 없어. 하지만 해 보지도 않고 도망간다면 그게 정말 부끄러운 일이지.’ 음자모는 ‘이영차 이영차’ 소리를 지르며 힘차게 도끼를 내리쳤습니다.",
      "srcPage": 44,
      "srcSentenceEA": 6,
      "srcWordEA": 41,
      "character": "음자모,해,나무,도끼",
      "setting": null,
      "action": "베자,지르며,힘차게,내리쳤습니다",
      "feeling": "용기를 냈습니다,부끄러운",
      "causalRelationship": null,
      "outcomeResolution": null,
      "prediction": null,
      "plotSummaryInfoCount": 1,
      "plotSummaryInfo": {
        "classification": "의사소통",
        "readAge": "초등_저학년",
        "form": "long-form",
        "plotSummaryText": "음자모는 해 보지도 않고 도망간다면 부끄러운 일이라고 말하며 다시 용기를 내 힘차게 도끼를 내리쳤습니다.",
        "textWordEA": 14
      }
    },
    {
      "srcTextID": "59308",
      "srcText": "그러자 빽빽하게 둘러서 있던 나무들이 한꺼번에 옆으로 흔들리더니 요란한 소리를 내며 쓰러지기 시작했습니다. 깜짝 놀란 음자모는 쓰러지는 나무를 피해 숲을 빠져나왔습니다. 잠시 후 그곳으로 돌아가 보니 울창하던 숲은 온데간데없고 하늘 아래 넓은 벌판에 무수한 나무들만이 가지런히 누워 있었습니다.",
      "srcPage": 47,
      "srcSentenceEA": 3,
      "srcWordEA": 40,
      "character": "나무들,음자모,나무,숲,하늘,벌판",
      "setting": null,
      "action": "흔들리더니,쓰러지기 시작했습니다,빠져나왔습니다,돌아가 보니",
      "feeling": "놀란",
      "causalRelationship": null,
      "outcomeResolution": null,
      "prediction": null,
      "plotSummaryInfoCount": 1,
      "plotSummaryInfo": {
        "classification": "의사소통",
        "readAge": "초등_저학년",
        "form": "short-form",
        "plotSummaryText": "빽빽하게 둘러 있던 나무들이 한꺼번에 쓰러지기 시작하자 놀란 음자모는 나무를 피해 숲을 빠져나왔다가 다시 그곳으로 돌아가 보니 넓은 벌판에 무수한 나무들만이 가지런히 누워 있었습니다.",
        "textWordEA": 24
      }
    },
    {
      "srcTextID": "59316",
      "srcText": "“뭐라고? 그런 일이 일어나다니!” 아무래도 믿을 수 없었던 왕은 신하들을 이끌고 직접 숲으로 갔습니다. 왕의 행차를 본 음자모는 얼른 얼굴의 땀을 닦고 자신 있게 활짝 웃으며 외쳤습니다.",
      "srcPage": 49,
      "srcSentenceEA": 3,
      "srcWordEA": 30,
      "character": "왕,신하들,숲,행차,음자모,얼굴,땀",
      "setting": null,
      "action": "이끌고,갔습니다,본,닦고,웃으며,외쳤습니다",
      "feeling": "믿을 수 없었던,자신 있게",
      "causalRelationship": null,
      "outcomeResolution": null,
      "prediction": null,
      "plotSummaryInfoCount": 1,
      "plotSummaryInfo": {
        "classification": "의사소통",
        "readAge": "초등_저학년",
        "form": "short-form",
        "plotSummaryText": "믿을 수 없었던 왕은 직접 숲으로 갔는데, 왕의 행차를 본 음자모는 얼굴의 땀을 닦고 웃으며 외쳤습니다.",
        "textWordEA": 16
      }
    },
    {
      "srcTextID": "59320",
      "srcText": "“노마잘라 공주가 아주 아끼는 금팔찌가 하나 있다. 그런데 며칠 전 노마잘라 공주가 호수에서 목욕을 하다가 그만 그 팔찌를 호수에 떨어뜨리고 말았다는구나. 그러니 그 팔찌를 찾아오도록 해라. 어제 네가 나무를 벤 숲에 있는 호수다.”",
      "srcPage": 56,
      "srcSentenceEA": 4,
      "srcWordEA": 36,
      "character": "노마잘라 공주,금팔찌,호수,나무,숲",
      "setting": null,
      "action": "목욕을 하다가,떨어뜨리고,찾아오도록,벤",
      "feeling": null,
      "causalRelationship": null,
      "outcomeResolution": null,
      "prediction": null,
      "plotSummaryInfoCount": 1,
      "plotSummaryInfo": {
        "classification": "의사소통",
        "readAge": "초등_저학년",
        "form": "long-form",
        "plotSummaryText": "왕은 음자모에게 노마잘라 공주가 아끼는 금팔찌가 하나 있는데 며칠 전 공주가 호수에서 목욕을 하다 떨어뜨렸다며 그 팔찌를 찾아오라고 했습니다.",
        "textWordEA": 19
      }
    },
    {
      "srcTextID": "59327",
      "srcText": "호수에 도착한 음자모는 노마잘라 공주가 목욕을 하던 근처를 서성거리며 생각에 잠겼습니다. 이 넓디넓은 호수에서 어떻게 작은 팔찌를 찾을지 걱정이 태산이었지만 목욕을 하던 노마잘라 공주의 아름다운 모습을 생각하자 새로운 의지가 솟아났습니다. “해 보는 거야. 정성을 다하면 하늘도 도와준다는 말이 있잖아.” 다행히 음자모는 헤엄을 아주 잘 쳤습니다.",
      "srcPage": 58,
      "srcSentenceEA": 5,
      "srcWordEA": 48,
      "character": "음자모,노마잘라 공주,팔찌",
      "setting": "호수",
      "action": "도착한,목욕을 하던,서성거리며,생각에 잠겼습니다,헤엄을 아주 잘 쳤습니다",
      "feeling": "걱정이 태산이었지만,아름다운",
      "causalRelationship": null,
      "outcomeResolution": null,
      "prediction": null,
      "plotSummaryInfoCount": 1,
      "plotSummaryInfo": {
        "classification": "의사소통",
        "readAge": "초등_저학년",
        "form": "long-form",
        "plotSummaryText": "호수에 도착한 음자모는 넓은 호수에서 어떻게 팔찌를 찾을지 걱정에 서성거렸지만, 노마잘라 공주의 아름다운 모습을 생각하자 새로운 의지가 솟아났습니다.",
        "textWordEA": 18
      }
    },
    {
      "srcTextID": "59325",
      "srcText": "바로 이때였습니다. 어디에선가 노랫소리가 들려왔습니다. “구렁아, 구렁아. 물속에 사는 구렁아. 네가 살고 있는 물속에서 공주님이 잃어버린 것을 가져다 다오.”",
      "srcPage": 60,
      "srcSentenceEA": 5,
      "srcWordEA": 22,
      "character": "구렁아,공주님",
      "setting": null,
      "action": "들려왔습니다,잃어버린",
      "feeling": null,
      "causalRelationship": null,
      "outcomeResolution": null,
      "prediction": "물속에 사는 구렁아. 네가 살고 있는 물속에서 공주님이 잃어버린 것을 가져다 다오.",
      "plotSummaryInfoCount": 1,
      "plotSummaryInfo": {
        "classification": "의사소통",
        "readAge": "초등_저학년",
        "form": "long-form",
        "plotSummaryText": "어디선가 구렁이에게 물속에 공주가 잃어버린 것을 가져달라는 하는 노랫소리가 들려왔습니다.",
        "textWordEA": 10
      }
    },
    {
      "srcTextID": "59357",
      "srcText": "모두 깜짝 놀랐습니다. 그러자 왕이 말했습니다. “사실 노마잘라 공주는 자연을 마음대로 움직이는 능력이 있다. 그 덕분에 언제나 풍년이 들었던 것이지. 그래서 내가 공주의 결혼을 막았던 것이다.”",
      "srcPage": 76,
      "srcSentenceEA": 5,
      "srcWordEA": 29,
      "character": "왕,노마잘라 공주",
      "setting": null,
      "action": "말했습니다,움직이는,들었던,막았던",
      "feeling": "놀랐습니다",
      "causalRelationship": "노마잘라 공주는 자연을 마음대로 움직이는 능력이 있다. 그 덕분에 언제나 풍년이 들었던 것이지.",
      "outcomeResolution": null,
      "prediction": null,
      "plotSummaryInfoCount": 1,
      "plotSummaryInfo": {
        "classification": "의사소통",
        "readAge": "초등_저학년",
        "form": "long-form",
        "plotSummaryText": "모두가 놀라자 왕은 사실 노마잘라 공주는 자연을 움직이는 능력이 있다며 그래서 공주의 결혼을 막았던 것이라고 했습니다.",
        "textWordEA": 16
      }
    },
    {
      "srcTextID": "59355",
      "srcText": "그제야 사람들은 왕의 고민을 알아차리고 고개를 끄덕였습니다. 음자모는 환한 얼굴로 말했습니다. “왕이시여, 걱정하지 마시옵소서. 저는 공주님과 결혼하여 이곳에서 살겠나이다.”",
      "srcPage": 77,
      "srcSentenceEA": 4,
      "srcWordEA": 21,
      "character": "사람들,왕,고개,음자모,얼굴,공주님",
      "setting": null,
      "action": "알아차리고,끄덕였습니다,말했습니다,결혼하여,살겠나이다",
      "feeling": null,
      "causalRelationship": null,
      "outcomeResolution": null,
      "prediction": "저는 공주님과 결혼하여 이곳에서 살겠나이다.",
      "plotSummaryInfoCount": 1,
      "plotSummaryInfo": {
        "classification": "의사소통",
        "readAge": "초등_저학년",
        "form": "long-form",
        "plotSummaryText": "왕의 고민을 알아차린 사람들은 고개를 끄덕였고 음자모는 환한 얼굴로 이곳에서 공주와 결혼하여 살겠다고 했습니다.",
        "textWordEA": 14
      }
    },
    {
      "srcTextID": "59365",
      "srcText": "자연과 교감하는 ‘하늘에서 내려온 사람들’. 줄루 족은 남아프리카 공화국 인구 중에서 가장 많은 비율을 차지합니다. 줄루 족은 자신들을 ‘아마줄루’라고 부르는데 이는 ‘하늘에서 내려온 사람들’이라는 뜻입니다. 줄루 족은 아이를 가르칠 때 민간 설화를 즐겨 이용했습니다.",
      "srcPage": 79,
      "srcSentenceEA": 6,
      "srcWordEA": 39,
      "character": "하늘,사람들,줄루 족,남아프리카 공화국,아마줄루,아이,설화",
      "setting": null,
      "action": "부르는데,가르칠,즐겨,이용했습니다",
      "feeling": null,
      "causalRelationship": null,
      "outcomeResolution": null,
      "prediction": null,
      "plotSummaryInfoCount": 1,
      "plotSummaryInfo": {
        "classification": "의사소통",
        "readAge": "초등_저학년",
        "form": "long-form",
        "plotSummaryText": "남아프리카 공화국 인구 중에서 가장 많은 비율을 차지하는 줄루 족은 스스로를 하늘에서 내려온 사람들이라는 뜻인 아마줄루라고 부르며 아이들에게 민간설화를 이용하여 가르치곤 했습니다.",
        "textWordEA": 22
      }
    },
    {
      "srcTextID": "59213",
      "srcText": "은강게줄루의 왕에게는 사랑하고 자랑스러운 것이 또 하나 있었습니다. 바로 딸인 노마잘라 공주였지요. 노마잘라 공주는 영양처럼 날씬하고 아름다워 이웃 나라 왕자들의 청혼이 끊이지 않았습니다.",
      "srcPage": 2,
      "srcSentenceEA": 3,
      "srcWordEA": 25,
      "character": "왕,딸,노마잘라 공주,영양,이웃 나라 왕자",
      "setting": "은강게줄루",
      "action": "청혼이 끊이지 않았습니다",
      "feeling": "사랑하고,자랑스러운",
      "causalRelationship": "노마잘라 공주는 영양처럼 날씬하고 아름다워 이웃 나라 왕자들의 청혼이 끊이지 않았습니다.",
      "outcomeResolution": null,
      "prediction": null,
      "plotSummaryInfoCount": 1,
      "plotSummaryInfo": {
        "classification": "의사소통",
        "readAge": "초등_저학년",
        "form": "short-form",
        "plotSummaryText": "은강게줄루의 왕의 딸인 노마잘라 공주는 날씬하고 아름다워 이웃 나라 왕자들의 청혼이 끊이지 않았습니다.",
        "textWordEA": 13
      }
    },
    {
      "srcTextID": "59226",
      "srcText": "먼 길을 걸어 몹시 목이 말랐던 음자모는 은강게줄루 왕궁 근처의 호수에서 물을 마셨습니다. 손으로 물을 떠먹던 음자모는 순간 깜짝 놀랐습니다. 조금 떨어진 호수 한쪽에서 목욕을 하는 아름다운 여인을 보았기 때문입니다.",
      "srcPage": 5,
      "srcSentenceEA": 3,
      "srcWordEA": 32,
      "character": "목,음자모,손,여인",
      "setting": "은강게줄루 왕궁 근처의 호수",
      "action": "걸어,마셨습니다,떠먹는,보았기",
      "feeling": "놀랐습니다,아름다운",
      "causalRelationship": "손으로 물을 떠먹던 음자모는 순간 깜짝 놀랐습니다. 조금 떨어진 호수 한쪽에서 목욕을 하는 아름다운 여인을 보았기 때문입니다.",
      "outcomeResolution": null,
      "prediction": null,
      "plotSummaryInfoCount": 1,
      "plotSummaryInfo": {
        "classification": "의사소통",
        "readAge": "초등_저학년",
        "form": "short-form",
        "plotSummaryText": "먼 길을 걸어 목이 말랐던 음자모는 은강게줄루 왕궁 근처의 호수에서 물을 마시다 호수 한쪽에서 목욕을 하는 아름다운 여인을 보고 깜짝 놀랐습니다.",
        "textWordEA": 21
      }
    },
    {
      "srcTextID": "59234",
      "srcText": "호기심이 일어난 음자모는 사람들 틈으로 얼굴을 삐죽 내밀고 여인을 바라보았습니다. 바로 그때 더운 바람이 훅 불면서 천이 벗겨져 날아가 여인의 얼굴이 드러났습니다. 그 순간 음자모는 깜짝 놀랐습니다.",
      "srcPage": 10,
      "srcSentenceEA": 3,
      "srcWordEA": 29,
      "character": "음자모,사람들,얼굴,여인,천",
      "setting": null,
      "action": "내밀고,바라보았습니다",
      "feeling": "호기심이 일어난,놀랐습니다",
      "causalRelationship": null,
      "outcomeResolution": null,
      "prediction": null,
      "plotSummaryInfoCount": 1,
      "plotSummaryInfo": {
        "classification": "의사소통",
        "readAge": "초등_저학년",
        "form": "short-form",
        "plotSummaryText": "호기심이 일어난 음자모는 얼굴을 내밀어 여인을 바라보았는데, 그때 바람이 불면서 여인의 얼굴이 드러나자 순간 놀랐습니다.",
        "textWordEA": 15
      }
    },
    {
      "srcTextID": "59230",
      "srcText": "그 여인은 분명 어제 호수에서 보았던 아가씨였습니다. ‘세상에 이럴 수가! 그럼 어제 내가 보았던 여인이 그 유명한 노마잘라 공주님이란 말인가?’",
      "srcPage": 11,
      "srcSentenceEA": 3,
      "srcWordEA": 22,
      "character": "여인,호수,아가씨,노마잘라 공주님",
      "setting": null,
      "action": "보았던",
      "feeling": null,
      "causalRelationship": null,
      "outcomeResolution": null,
      "prediction": "어제 내가 보았던 여인이 그 유명한 노마잘라 공주님이란 말인가?",
      "plotSummaryInfoCount": 1,
      "plotSummaryInfo": {
        "classification": "의사소통",
        "readAge": "초등_저학년",
        "form": "short-form",
        "plotSummaryText": " 어제 호수에서 보았던 아가씨가 유명한 노마잘라 공주인 걸 알고 음자모는 놀랐습니다.",
        "textWordEA": 11
      }
    },
    {
      "srcTextID": "59233",
      "srcText": "음자모는 갑자기 허탈해지고 마음이 무거워졌습니다. 다리에서 힘이 풀리고 눈물까지 나려고 했습니다. ‘공주님이라니! 그렇다면 도무지 나 같은 남자가 청혼을 할 수도 없는 신분이잖아.’",
      "srcPage": 12,
      "srcSentenceEA": 4,
      "srcWordEA": 25,
      "character": "음자모,다리,눈물,공주님,남자",
      "setting": null,
      "action": "풀리고,눈물까지 나려고",
      "feeling": "허탈해지고,마음이 무거워졌습니다",
      "causalRelationship": null,
      "outcomeResolution": null,
      "prediction": null,
      "plotSummaryInfoCount": 1,
      "plotSummaryInfo": {
        "classification": "의사소통",
        "readAge": "초등_저학년",
        "form": "long-form",
        "plotSummaryText": "음자모는 자신과 같은 남자가 청혼할 수도 없는 공주 신분인 걸 알고 허탈해지고 마음이 무거워 눈물까지 나려고 했습니다.",
        "textWordEA": 17
      }
    },
    {
      "srcTextID": "59248",
      "srcText": "노마잘라 공주의 행렬이 지나가자 사람들은 다시 모여들어 떠들기 시작했습니다. “오늘 아침에도 이웃 나라 왕자가 왕궁으로 들어가던데 분명 노마잘라 공주님께 청혼하러 왔겠지?” “당연하지. 그 왕자는 벌써 시험에 세 번째 도전한다더군. 그 사이 우리 왕께 갖다 바친 보물만도 만만치 않을걸.”",
      "srcPage": 13,
      "srcSentenceEA": 4,
      "srcWordEA": 40,
      "character": "노마잘라 공주,사람들,이웃 나라 왕자,왕궁,왕,보물",
      "setting": null,
      "action": "지나가자,모여들어,떠들기,들어가던데,청혼하러,갖다,바친",
      "feeling": null,
      "causalRelationship": null,
      "outcomeResolution": null,
      "prediction": null,
      "plotSummaryInfoCount": 1,
      "plotSummaryInfo": {
        "classification": "의사소통",
        "readAge": "초등_저학년",
        "form": "long-form",
        "plotSummaryText": "노마잘라 공주의 행렬이 지나가자 사람들이 모여 오늘 아침에도 이웃 나라 왕자가 왕궁으로 청혼하러 들어갔다며 왕에게 갖다 바친 보물만도 만만치 않을 거라고 했습니다.",
        "textWordEA": 22
      }
    },
    {
      "srcTextID": "59253",
      "srcText": "음자모의 당당한 태도에 신하들은 속으로 감탄했습니다. 이제껏 이처럼 용감한 청년은 본 적이 없었으니까요. “지금까지 보아 온 어느 나라 왕자보다 당당한걸.” “저런 남자가 노마잘라 공주님과 결혼해서 우리 은강게줄루의 왕이 된다면 얼마나 좋을까!”",
      "srcPage": 19,
      "srcSentenceEA": 4,
      "srcWordEA": 32,
      "character": "음자모,신하들,청년,왕자,남자,노마잘라 공주님,왕",
      "setting": null,
      "action": null,
      "feeling": "감탄했습니다,좋을까",
      "causalRelationship": "음자모의 당당한 태도에 신하들은 속으로 감탄했습니다. 이제껏 이처럼 용감한 청년은 본 적이 없었으니까요.",
      "outcomeResolution": null,
      "prediction": null,
      "plotSummaryInfoCount": 1,
      "plotSummaryInfo": {
        "classification": "의사소통",
        "readAge": "초등_저학년",
        "form": "long-form",
        "plotSummaryText": "음자모의 당당한 태도에 신하들은 저런 남자가 노마잘라 공주님과 결혼해 은강게줄루의 왕이 된다면 좋겠다며 감탄했습니다.",
        "textWordEA": 14
      }
    },
    {
      "srcTextID": "59273",
      "srcText": "음자모는 시험을 칠 수 있다는 것만으로도 기뻐서 눈을 반짝이며 말했습니다. “왕이시여, 어떤 문제를 내시든 반드시 해결하겠습니다.” 왕은 헛기침을 몇 번 하고는 짓궂게 웃으며 문제를 냈습니다.",
      "srcPage": 24,
      "srcSentenceEA": 3,
      "srcWordEA": 26,
      "character": "음자모,눈,왕",
      "setting": null,
      "action": "말했습니다,해결하겠습니다,웃으며,냈습니다",
      "feeling": "기뻐서,짓궂게",
      "causalRelationship": null,
      "outcomeResolution": null,
      "prediction": null,
      "plotSummaryInfoCount": 1,
      "plotSummaryInfo": {
        "classification": "의사소통",
        "readAge": "초등_저학년",
        "form": "short-form",
        "plotSummaryText": "시험을 칠 수 있다는 것만으로 기뻤던 음자모가 어떤 문제를 내든 반드시 해결하겠다고 하자 왕은 짓궃게 웃으며 문제를 냈습니다.",
        "textWordEA": 18
      }
    }
  ]
}