{
  "title": "황금 거위",
  "author": "태동 편집부",
  "illustrator": "이경하",
  "isbn": "9788968731426",
  "publishedYear": 2013,
  "publisher": "키움북스",
  "paragraphInfoCount": 17,
  "paragraphInfo": [
    {
      "srcTextID": "142390",
      "srcText": "그러자 첫째가 음식을 감추며 말했어. “제가 먹을 것도 부족해요. 안 돼요.” 잠시 후 첫째는 나무를 하다가 팔을 다치고 말았어.",
      "srcPage": 2,
      "srcSentenceEA": 4,
      "srcWordEA": 21,
      "character": "첫째,음식,나무",
      "setting": null,
      "action": "음식을 감추며 말했어,나무를 하다가 팔을 다치고 말았어",
      "feeling": null,
      "causalRelationship": null,
      "outcomeResolution": null,
      "prediction": null,
      "plotSummaryInfoCount": 1,
      "plotSummaryInfo": {
        "classification": "의사소통",
        "readAge": "초등_저학년",
        "form": "long-form",
        "plotSummaryText": "첫째는 자기 먹을 것도 부족하다며 거절했고, 잠시 후 나무를 하다가 팔을 다치고 말았습니다.",
        "textWordEA": 13
      }
    },
    {
      "srcTextID": "142399",
      "srcText": "한편, 나라에는 태어나서 한 번도 웃지 않은 공주가 있었어. 임금님은 공주를 웃게 하는 사람을 사위로 삼기로 했지. 막내는 이 소문을 듣고 성 앞으로 가 뒤뚱대는 행렬을 보여 주었어. 그러자 공주가 웃기 시작했어! “호호호! 저 사람들 좀 봐. 호호호!”",
      "srcPage": 10,
      "srcSentenceEA": 6,
      "srcWordEA": 43,
      "character": "공주,임금님,사람,막내,사람들",
      "setting": "나라,성 앞",
      "action": "태어나서 한 번도 웃지 않은,공주를 웃게 하는,사위로 삼기로 했지,소문을 듣고,가,보여 주었어,웃기 시작했어",
      "feeling": null,
      "causalRelationship": null,
      "outcomeResolution": null,
      "prediction": null,
      "plotSummaryInfoCount": 1,
      "plotSummaryInfo": {
        "classification": "의사소통",
        "readAge": "초등_저학년",
        "form": "long-form",
        "plotSummaryText": "그 나라에는 한 번도 웃지 않은 공주가 있었는데, 임금님은 공주를 웃게 하는 사람을 사위로 삼는다고 했고, 이 소문을 들은 막내가 성 앞에서 뒤뚱대는 행렬을 보여주자 공주가 웃기 시작했습니다.",
        "textWordEA": 28
      }
    },
    {
      "srcTextID": "142404",
      "srcText": "막내는 이번에도 숲으로 가서 산처럼 쌓인 빵을 모두 먹을 만한 사내를 데려왔어. “냠냠, 꺼억! 나는 빵이 더 필요해! 냠냠.” 그러자 임금님은 막내에게 또 다시 어려운 문제를 냈어. “땅에서도 물에서도 달릴 수 있는 배를 가져오면 내 사위로 삼겠다.”",
      "srcPage": 15,
      "srcSentenceEA": 6,
      "srcWordEA": 40,
      "character": "막내,빵,사내,임금님,배",
      "setting": "숲",
      "action": "가서,먹을 만한,데려왔어,또 다시 어려운 문제를 냈어,가져오면",
      "feeling": null,
      "causalRelationship": null,
      "outcomeResolution": null,
      "prediction": null,
      "plotSummaryInfoCount": 1,
      "plotSummaryInfo": {
        "classification": "의사소통",
        "readAge": "초등_저학년",
        "form": "long-form",
        "plotSummaryText": "이번에도 막내가 데려온 사내가 모든 빵을 먹어 치우자, 임금님은 또다시 막내에게 땅에서도 물에서도 달릴 수 있는 배를 가져오라는 어려운 문제를 냈습니다.",
        "textWordEA": 21
      }
    },
    {
      "srcTextID": "142406",
      "srcText": "막내가 숲으로 가자 이번에는 난쟁이 할아버지가 기다리고 있었어. “사실 술주정뱅이와 빵먹는 사내는 나였어. 이번에는 직접 도와주지.”할아버지는 바퀴가 달린 배를 뚝딱 만들어 주었어. ",
      "srcPage": 16,
      "srcSentenceEA": 4,
      "srcWordEA": 24,
      "character": "막내,난쟁이 할아버지,술주정뱅이,사내,할아버지,바퀴,배",
      "setting": null,
      "action": "숲으로 가자,기다리고 있었어,빵먹는,만들어 주었어",
      "feeling": null,
      "causalRelationship": null,
      "outcomeResolution": null,
      "prediction": null,
      "plotSummaryInfoCount": 1,
      "plotSummaryInfo": {
        "classification": "의사소통",
        "readAge": "초등_저학년",
        "form": "long-form",
        "plotSummaryText": "막내가 숲으로 가자 이번에는 난쟁이 할아버지가 기다리고 있다가 술주정뱅이와 사내는 자기였다며 바퀴 달린 배를 뚝딱 만들어 주었습니다.",
        "textWordEA": 17
      }
    },
    {
      "srcTextID": "142393",
      "srcText": "“자네는 마음씨가 착하군. 내가 선물을 주겠네. 저 큰 나무를 베어 보게나.” 막내가 나무를 베자, 나무 밑동 속에 황금 거위가 앉아 있었어.",
      "srcPage": 5,
      "srcSentenceEA": 4,
      "srcWordEA": 24,
      "character": "선물,나무,막내,황금 거위",
      "setting": null,
      "action": "선물을 주겠네,베어 보게나,나무를 베자,앉아 있었어",
      "feeling": "착하군",
      "causalRelationship": null,
      "outcomeResolution": null,
      "prediction": null,
      "plotSummaryInfoCount": 1,
      "plotSummaryInfo": {
        "classification": "의사소통",
        "readAge": "초등_저학년",
        "form": "long-form",
        "plotSummaryText": "마음씨 착한 막내에게 선물을 주겠다며 큰 나무를 베라고 하자, 나무 밑동 속에 황금 거위가 앉아 있었습니다.",
        "textWordEA": 16
      }
    },
    {
      "srcTextID": "142394",
      "srcText": "그 다음 날은 바보라고 놀림을 받던 막내가 나무를 하러 갔다가 난쟁이 할아버지를 만났어. “이보게, 음식을 나눠 줄 수 있나?” “그럼요. 같이 드세요.” 막내는 할아버지와 함께 음식을 나눠 먹었어.",
      "srcPage": 4,
      "srcSentenceEA": 4,
      "srcWordEA": 30,
      "character": "바보,막내,난쟁이 할아버지,음식,나무",
      "setting": null,
      "action": "놀림을 받던,나무를 하러 갔다가,만났어,음식을 나눠 줄,나눠 먹었어",
      "feeling": null,
      "causalRelationship": null,
      "outcomeResolution": null,
      "prediction": null,
      "plotSummaryInfoCount": 1,
      "plotSummaryInfo": {
        "classification": "의사소통",
        "readAge": "초등_저학년",
        "form": "long-form",
        "plotSummaryText": "그 다음날은 바보라고 놀림을 받던 막내도 나무를 하러 갔다가 난쟁이 할아버지를 만났는데, 막내는 할아버지와 함께 음식을 나눠 먹었습니다.",
        "textWordEA": 18
      }
    },
    {
      "srcTextID": "142400",
      "srcText": "“아니, 내 딸이 웃다니! 당장 저 젊은이를 데리고 오너라.” 하지만 왕은 막내의 초라한 모습을 보고는 사위로 맞고 싶은 생각이 사라졌어.",
      "srcPage": 11,
      "srcSentenceEA": 3,
      "srcWordEA": 22,
      "character": "딸,젊은이,왕,사위",
      "setting": null,
      "action": "웃다니,데리고 오너라,초라한 모습을 보고는,사위로 맞고",
      "feeling": null,
      "causalRelationship": null,
      "outcomeResolution": null,
      "prediction": null,
      "plotSummaryInfoCount": 1,
      "plotSummaryInfo": {
        "classification": "의사소통",
        "readAge": "초등_저학년",
        "form": "short-form",
        "plotSummaryText": "왕은 막내를 데려오라 했지만 그의 초라한 모습을 보고 사위로 맞고 싶은 생각이 사라졌습니다.",
        "textWordEA": 13
      }
    },
    {
      "srcTextID": "142405",
      "srcText": "막내가 배를 타고 성으로 오자 임금님은 깜짝 놀랐어. “대단하군! 자네는 이제 내 사위네!” 그 후 막내는 공주와 결혼해 행복하게 살았단다.",
      "srcPage": 17,
      "srcSentenceEA": 3,
      "srcWordEA": 22,
      "character": "막내,임금님,사위,공주",
      "setting": null,
      "action": "배를 타고,오자,살았단다",
      "feeling": "깜짝 놀랐어,행복하게",
      "causalRelationship": null,
      "outcomeResolution": null,
      "prediction": null,
      "plotSummaryInfoCount": 1,
      "plotSummaryInfo": {
        "classification": "의사소통",
        "readAge": "초등_저학년",
        "form": "short-form",
        "plotSummaryText": "임금님은 막내가 배를 타고 성으로 오자 대단하다며 사위로 삼았고, 막내는 공주와 결혼해 행복하게 살았습니다.",
        "textWordEA": 14
      }
    },
    {
      "srcTextID": "142397",
      "srcText": "다음 날 아침, 막내는 황금 거위를 안고 길을 떠났어. 거위에 달라붙은 세 딸도 엉기적엉기적 따라갈 수 밖에 없었지. 그 모습을 본 신부님은 화들짝 놀랐어. “이런! 망측하게 젊은이를 졸졸 따라다니다니!” 그런데 세 자매를 떼려고 신부님이 손을 대자 신부님의 손도 달라붙었지 뭐야!",
      "srcPage": 8,
      "srcSentenceEA": 5,
      "srcWordEA": 44,
      "character": "막내,황금 거위,거위,세 딸,신부님,젊은이,세 자매",
      "setting": "다음 날 아침",
      "action": "떠났어,달라붙은,따라갈,본,따라다니다니,손을 대자,손도 달라붙었지",
      "feeling": "화들짝 놀랐어",
      "causalRelationship": null,
      "outcomeResolution": null,
      "prediction": null,
      "plotSummaryInfoCount": 1,
      "plotSummaryInfo": {
        "classification": "의사소통",
        "readAge": "초등_저학년",
        "form": "long-form",
        "plotSummaryText": "다음 날 아침 막내는 황금 거위를 안고 길을 떠났는데, 거위에 달라붙은 세 딸도 따라갈 수밖에 없었고, 그 모습을 본 신부님이 세 자매를 떼려고 손을 대자 신부님의 손도 달라붙었습니다.",
        "textWordEA": 28
      }
    },
    {
      "srcTextID": "142398",
      "srcText": "“어이쿠, 신부님! 이게 무슨 일입니까?” 교회의 종지기가 신부님의 몸에 손을 대자, 종지기의 손도 신부에게 달라붙어 버렸어. 또 도우려고 달려온 농부의 손도 철썩 종지기에게 달라붙고 말았지.",
      "srcPage": 9,
      "srcSentenceEA": 4,
      "srcWordEA": 28,
      "character": "신부님,교회의 종지기,종지기의 손,농부,농부의 손",
      "setting": null,
      "action": "몸에 손을 대자,달라붙어 버렸어,도우려고 달려온,달라붙고 말았지",
      "feeling": null,
      "causalRelationship": null,
      "outcomeResolution": null,
      "prediction": null,
      "plotSummaryInfoCount": 1,
      "plotSummaryInfo": {
        "classification": "의사소통",
        "readAge": "초등_저학년",
        "form": "long-form",
        "plotSummaryText": "교회의 종지기가 신부님의 몸에 손을 대자 종지기의 손도 달라붙었고, 종지기를 도우려고 달려온 농부의 손도 철썩 달라붙고 말았습니다.",
        "textWordEA": 17
      }
    },
    {
      "srcTextID": "142403",
      "srcText": "술주정뱅이는 창고의 포도주를 몽땅 마셔 버렸어. 하지만 임금님은 다시 어려운 문제를 냈어. “산더미처럼 쌓인 빵을 다 먹을 수 있는 사람을 데려오너라.”",
      "srcPage": 14,
      "srcSentenceEA": 3,
      "srcWordEA": 22,
      "character": "술주정뱅이,창고,임금님,빵,사람",
      "setting": null,
      "action": "마셔 버렸어,문제를 냈어,먹을,데려오너라",
      "feeling": null,
      "causalRelationship": null,
      "outcomeResolution": null,
      "prediction": null,
      "plotSummaryInfoCount": 1,
      "plotSummaryInfo": {
        "classification": "의사소통",
        "readAge": "초등_저학년",
        "form": "short-form",
        "plotSummaryText": "술주정뱅이가 창고의 모든 포도주를 마셔버리자, 임금님은 다시 산더미처럼 쌓인 빵을 다 먹을 수 있는 사람을 데려오라고 했습니다.",
        "textWordEA": 17
      }
    },
    {
      "srcTextID": "142391",
      "srcText": "옛날 어느 마을에 세 형제가 살고 있었어. 어느 날 첫째가 숲에서 나무를 하는데 난쟁이 할아버지가 말을 걸었어. “젊은이, 먹을 것 좀 주겠소?”",
      "srcPage": 1,
      "srcSentenceEA": 3,
      "srcWordEA": 23,
      "character": "세 형제,첫째,난쟁이 할아버지,젊은이",
      "setting": "옛날 어느 마을,숲",
      "action": "나무를 하는데,말을 걸었어,먹을 것 좀 주겠소",
      "feeling": null,
      "causalRelationship": null,
      "outcomeResolution": null,
      "prediction": null,
      "plotSummaryInfoCount": 1,
      "plotSummaryInfo": {
        "classification": "의사소통",
        "readAge": "초등_저학년",
        "form": "short-form",
        "plotSummaryText": "마을에 사는 세형제 중 첫째가 어느 날 숲에서 나무를 하는데, 난쟁이 할아버지가 다가와 먹을 것을 좀 달라고 말했습니다.",
        "textWordEA": 18
      }
    },
    {
      "srcTextID": "142392",
      "srcText": "다음 날, 나무를 하러 간 둘째도 숲에서 난쟁이 할아버지를 만났어. “이보게, 음식 좀 나눠 줄 수 있나?” “저 먹을 것도 부족한걸요.” 둘째는 음식을 혼자 다 먹어 버렸어. 그러자 둘째도 발을 다치고 말았어.",
      "srcPage": 3,
      "srcSentenceEA": 5,
      "srcWordEA": 34,
      "character": "둘째,난쟁이 할아버지,음식",
      "setting": "숲",
      "action": "나무를 하러 간,만났어,음식 좀 나눠 줄,먹어 버렸어,발을 다치고 말았어",
      "feeling": null,
      "causalRelationship": null,
      "outcomeResolution": null,
      "prediction": null,
      "plotSummaryInfoCount": 1,
      "plotSummaryInfo": {
        "classification": "의사소통",
        "readAge": "초등_저학년",
        "form": "long-form",
        "plotSummaryText": "다음날 둘째도 나무를 하러 갔다가 난쟁이 할아버지를 만났는데, 둘째는 음식을 혼자 다 먹어버렸고, 그러자 발을 다치고 말았습니다.",
        "textWordEA": 17
      }
    },
    {
      "srcTextID": "142395",
      "srcText": "막내는 황금 거위를 팔기 위해 시장에 가다가 여관에 들렀어. 그런데 한밤중에 여관 주인의 첫째 딸이 방에 살금살금 들어왔어. 황금 거위의 깃털이 갖고 싶었던 거야! 그런데 첫째 딸이 거위의 날개에 손을 댄 순간, 손이 찰싹 달라붙고 말았어.",
      "srcPage": 6,
      "srcSentenceEA": 4,
      "srcWordEA": 39,
      "character": "막내,황금 거위,여관 주인,첫째 딸,황금 거위의 깃털",
      "setting": "여관",
      "action": "들어왔어,거위의 날개에 손을 댄,여관에 들렀어",
      "feeling": "갖고 싶었던 거야",
      "causalRelationship": null,
      "outcomeResolution": null,
      "prediction": null,
      "plotSummaryInfoCount": 1,
      "plotSummaryInfo": {
        "classification": "의사소통",
        "readAge": "초등_저학년",
        "form": "long-form",
        "plotSummaryText": "막내는 황금 거위를 팔기 위해 시장에 가다가 여관에 들렀는데, 한밤중에 여관 주인의 첫째 딸이 거위의 깃털이 갖고 싶어 몰래 들어와 날개에 손을 댄 순간 손이 달라붙고 말았습니다.",
        "textWordEA": 27
      }
    },
    {
      "srcTextID": "142396",
      "srcText": "첫째 딸이 쩔쩔매고 있을 때, 둘째 딸도 깃털을 뽑으려고 나타났어. 하지만 언니를 도우려고 언니 몸에 손을 대자 둘째 딸의 손도 찰싹 달라붙어 버렸어. 이어서 나타난 셋째 딸의 손도 마찬가지였지. “어머! 이걸 어째!”",
      "srcPage": 7,
      "srcSentenceEA": 4,
      "srcWordEA": 35,
      "character": "첫째 딸,둘째 딸,언니,셋째 딸",
      "setting": null,
      "action": "깃털을 뽑으려고 나타났어,언니 몸에 손을 대자,나타난",
      "feeling": "쩔쩔매고",
      "causalRelationship": null,
      "outcomeResolution": null,
      "prediction": null,
      "plotSummaryInfoCount": 1,
      "plotSummaryInfo": {
        "classification": "의사소통",
        "readAge": "초등_저학년",
        "form": "long-form",
        "plotSummaryText": "첫째 딸이 쩔쩔매고 있을 때 둘째 딸도 깃털을 뽑으려고 왔다가 언니 몸에 손을 대자마자 달라붙었고, 이어서 나타난 셋째 딸의 손도 마찬가지였습니다.",
        "textWordEA": 21
      }
    },
    {
      "srcTextID": "142401",
      "srcText": "그렇지만 약속을 어길 수는 없었지. 그래서 어려운 문제를 주고 해결하도록 했어. “내 사위가 되려면 창고에 있는 포도주를 모두 마실 수 있는 사람을 데려오너라.”",
      "srcPage": 12,
      "srcSentenceEA": 3,
      "srcWordEA": 24,
      "character": "사위,창고,사람",
      "setting": null,
      "action": "약속을 어길,문제를 주고 해결하도록,포도주를 모두 마실,데려오너라",
      "feeling": null,
      "causalRelationship": null,
      "outcomeResolution": null,
      "prediction": null,
      "plotSummaryInfoCount": 1,
      "plotSummaryInfo": {
        "classification": "의사소통",
        "readAge": "초등_저학년",
        "form": "short-form",
        "plotSummaryText": "약속을 어길 수가 없어 어려운 문제를 주고 해결하도록 했는데, 창고에 있는 포도주를 모두 마실 수 있는 사람을 데려오라고 했습니다.",
        "textWordEA": 19
      }
    },
    {
      "srcTextID": "142402",
      "srcText": "막내는 난쟁이 할아버지께 도움을 청하러 숲으로 가다가 몸이 우람한 술주정뱅이를 보았어. “벌컥벌컥. 술이 더 필요해! 목이 마르단 말이야!”",
      "srcPage": 13,
      "srcSentenceEA": 3,
      "srcWordEA": 20,
      "character": "막내,난쟁이 할아버지,술주정뱅이",
      "setting": "숲",
      "action": "도움을 청하러,가다가,보았어",
      "feeling": null,
      "causalRelationship": null,
      "outcomeResolution": null,
      "prediction": null,
      "plotSummaryInfoCount": 1,
      "plotSummaryInfo": {
        "classification": "의사소통",
        "readAge": "초등_저학년",
        "form": "short-form",
        "plotSummaryText": "막내는 난쟁이 할아버지에게 도움을 청하러 숲으로 가다가 몸이 우람한 술주정뱅이를 보았습니다.",
        "textWordEA": 11
      }
    }
  ]
}