{
  "title": "완두콩 공주",
  "author": "안데르센",
  "illustrator": "박정은",
  "isbn": "9791128210518",
  "publishedYear": 2018,
  "publisher": "아람북스",
  "paragraphInfoCount": 19,
  "paragraphInfo": [
    {
      "srcTextID": "19057",
      "srcText": "왕자는 진짜 공주를 찾으러 온 세상을 돌아다녔어요. 보석을 좋아하지만, 책은 전혀 안 읽는 공주를 만났어요. 남의 말은 듣지도 않고 자기 말만 하는 공주도 만났고요.",
      "srcPage": 2,
      "srcSentenceEA": 3,
      "srcWordEA": 26,
      "character": "왕자,공주,보석,책",
      "setting": "온 세상",
      "action": "찾으러,돌아다녔어요,안 읽는,만났어요,말은 듣지도 않고 자기 말만 하는,만났고요",
      "feeling": "좋아하지만",
      "causalRelationship": null,
      "outcomeResolution": null,
      "prediction": null,
      "plotSummaryInfoCount": 1,
      "plotSummaryInfo": {
        "classification": "의사소통",
        "readAge": "초등_저학년",
        "form": "short-form",
        "plotSummaryText": "왕자는 진짜 공주를 찾으러 돌아다니며 책은 안 보고 보석만 좋아하거나, 자기 말만 하는 공주도 만났습니다.",
        "textWordEA": 15
      }
    },
    {
      "srcTextID": "19059",
      "srcText": "왕자의 어머니는 지혜로운 왕비였어요. 왕비는 왕자가 신붓감을 찾지 못하는 게 큰 걱정이었어요. ‘어떻게 하면 진짜 공주를 찾을 수 있을까?’",
      "srcPage": 4,
      "srcSentenceEA": 3,
      "srcWordEA": 21,
      "character": "왕자,어머니,왕비,공주",
      "setting": null,
      "action": null,
      "feeling": "걱정이었어요,지혜로운",
      "causalRelationship": null,
      "outcomeResolution": null,
      "prediction": null,
      "plotSummaryInfoCount": 1,
      "plotSummaryInfo": {
        "classification": "의사소통",
        "readAge": "초등_저학년",
        "form": "short-form",
        "plotSummaryText": "왕자의 어머니는 지혜로우셨고, 왕비는 어떻게 하면 진짜 공주를 찾을 수 있을지 걱정이었습니다.",
        "textWordEA": 12
      }
    },
    {
      "srcTextID": "19058",
      "srcText": "왕비는 생각에 잠겨 걷다가 어느새 왕실의 오래된 창고까지 오게 되었어요. 그때 낡은 책 하나가 왕비의 눈에 띄었어요. 왕비는 입김을 ‘후’ 불어책 위에 쌓인 먼지를 털어 냈어요. ‘진짜 공주 구별법이라고?’",
      "srcPage": 5,
      "srcSentenceEA": 5,
      "srcWordEA": 33,
      "character": "왕비,낡은 책,먼지",
      "setting": "왕실의 오래된 창고",
      "action": "생각에 잠겨 걷다가,오게 되었어요,입김을 후 불어,먼지를 털어 냈어요",
      "feeling": null,
      "causalRelationship": null,
      "outcomeResolution": null,
      "prediction": null,
      "plotSummaryInfoCount": 1,
      "plotSummaryInfo": {
        "classification": "의사소통",
        "readAge": "초등_저학년",
        "form": "long-form",
        "plotSummaryText": "왕비는 왕실의 오래된 창고에서 진짜 공주 구별법이라는 책을 발견했습니다.",
        "textWordEA": 9
      }
    },
    {
      "srcTextID": "19061",
      "srcText": "세상의 공주란 공주는 다 모였어요. 이 많은 공주들 가운데에 설마 진짜 공주가 없겠어요? 왕비는 흐뭇하게 미소를 지었어요. 하룻밤만 자고 나면 누가 진짜 공주인지 알 수 있을 거예요.",
      "srcPage": 7,
      "srcSentenceEA": 4,
      "srcWordEA": 30,
      "character": "공주,왕비",
      "setting": "하룻밤",
      "action": "모였어요",
      "feeling": "흐뭇하게",
      "causalRelationship": null,
      "outcomeResolution": null,
      "prediction": "하룻밤만 자고 나면 누가 진짜 공주인지 알 수 있을 거예요.",
      "plotSummaryInfoCount": 1,
      "plotSummaryInfo": {
        "classification": "의사소통",
        "readAge": "초등_저학년",
        "form": "long-form",
        "plotSummaryText": "세상의 공주가 다 모였고, 왕비는 하룻밤 자고 나면 진짜 공주를 알 수 있을 거라 생각했습니다.",
        "textWordEA": 15
      }
    },
    {
      "srcTextID": "19066",
      "srcText": "며칠 뒤 하늘이 뚫린 것처럼 비가 쏟아졌어요. 쿵쿵쿵! 공주들이 모두 돌아간 텅 빈 궁전의 문을 누군가 두드렸어요. 문 앞에는 비에 쫄딱 젖은 한 아가씨가 서 있었지요.",
      "srcPage": 11,
      "srcSentenceEA": 4,
      "srcWordEA": 29,
      "character": "공주,문,아가씨",
      "setting": "며칠 뒤,텅 빈 궁전,하늘,문 앞",
      "action": "돌아간,두드렸어요,쫄딱 젖은,서 있었지요",
      "feeling": null,
      "causalRelationship": null,
      "outcomeResolution": "문 앞에는 비에 쫄딱 젖은 한 아가씨가 서 있었지요.",
      "prediction": null,
      "plotSummaryInfoCount": 1,
      "plotSummaryInfo": {
        "classification": "의사소통",
        "readAge": "초등_저학년",
        "form": "long-form",
        "plotSummaryText": "며칠 뒤 많은 비가 쏟아졌고, 공주들이 돌아간 텅 빈 궁전 문을 비에 젖은 한 아가씨가 두드렸습니다.",
        "textWordEA": 16
      }
    },
    {
      "srcTextID": "19055",
      "srcText": "진짜 공주와 결혼하고 싶은 왕자가 있었어요. 왕자가 공주와 결혼하는 건 당연한 일이라고요? 전혀 그렇지 않아요. 세상에는 가짜 공주들이 아주 많아서 진짜 공주를 찾는 건 하늘의 별 따기만큼이나 어려웠어요.",
      "srcPage": 1,
      "srcSentenceEA": 4,
      "srcWordEA": 31,
      "character": "공주,왕자,별",
      "setting": null,
      "action": "결혼하고,찾는,결혼하는",
      "feeling": "어려웠어요",
      "causalRelationship": "세상에는 가짜 공주들이 아주 많아서 진짜 공주를 찾는 건 하늘의 별 따기만큼이나 어려웠어요.",
      "outcomeResolution": null,
      "prediction": null,
      "plotSummaryInfoCount": 1,
      "plotSummaryInfo": {
        "classification": "의사소통",
        "readAge": "초등_저학년",
        "form": "long-form",
        "plotSummaryText": "진짜 공주와 결혼하고 싶은 왕자가 있었지만, 세상에는 가짜 공주가 많아 진짜 공주를 찾기 어려웠습니다.",
        "textWordEA": 14
      }
    },
    {
      "srcTextID": "19056",
      "srcText": "마음에 들지 않는다고 무엇이든 막 집어 던지는 공주도 만났어요. 하지만 이런 공주는 진짜 공주가 아니에요. 왕자가 생각하는 진짜 공주는 어디에도 없었어요.",
      "srcPage": 3,
      "srcSentenceEA": 3,
      "srcWordEA": 23,
      "character": "공주,왕자",
      "setting": null,
      "action": "집어 던지는,만났어요",
      "feeling": null,
      "causalRelationship": null,
      "outcomeResolution": "왕자가 생각하는 진짜 공주는 어디에도 없었어요.",
      "prediction": null,
      "plotSummaryInfoCount": 1,
      "plotSummaryInfo": {
        "classification": "의사소통",
        "readAge": "초등_저학년",
        "form": "short-form",
        "plotSummaryText": "마음에 들지 않으면 집어던지는 공주도 만났는데 이런 공주도 왕자가 생각하는 진짜 공주가 아니었습니다.",
        "textWordEA": 13
      }
    },
    {
      "srcTextID": "19060",
      "srcText": "다음 날, 왕비는 신하들을 불러 명령했어요. “땡글땡글하게 잘 여문 완두콩 백 개를 찾아오너라.” 그런 다음 백 명의 공주들에게 초대장을 보냈어요.",
      "srcPage": 6,
      "srcSentenceEA": 3,
      "srcWordEA": 21,
      "character": "왕비,신하,완두콩,공주",
      "setting": "다음 날",
      "action": "불러 명령했어요",
      "feeling": null,
      "causalRelationship": null,
      "outcomeResolution": "백 명의 공주들에게 초대장을 보냈어요.",
      "prediction": null,
      "plotSummaryInfoCount": 1,
      "plotSummaryInfo": {
        "classification": "의사소통",
        "readAge": "초등_저학년",
        "form": "short-form",
        "plotSummaryText": "다음 날 왕비는 신하들에게 여문 완두콩 백 개를 찾아오라 하였고, 백 명의 공주에게도 초대장을 보냈습니다.",
        "textWordEA": 15
      }
    },
    {
      "srcTextID": "19062",
      "srcText": "이것은 공주들을 위한 특별 침대예요! 초대장을 갖고 온 공주들은 한 명도 빠짐없이 이 침대에서 자게 될 거예요. 드디어 밤이 되었고, 공주들이 모두 잠자리에 들었어요.",
      "srcPage": 8,
      "srcSentenceEA": 3,
      "srcWordEA": 26,
      "character": "공주,침대,초대장",
      "setting": "밤",
      "action": "초대장을 갖고 온,잠자리에 들었어요",
      "feeling": null,
      "causalRelationship": "드디어 밤이 되었고,공주들이 모두 잠자리에 들었어요.",
      "outcomeResolution": null,
      "prediction": null,
      "plotSummaryInfoCount": 1,
      "plotSummaryInfo": {
        "classification": "의사소통",
        "readAge": "초등_저학년",
        "form": "short-form",
        "plotSummaryText": "초대장을 갖고 온 공주들은 특별한 침대에서 자게 될 것이고, 밤이 되어 공주들은 잠자리에 들었습니다.",
        "textWordEA": 14
      }
    },
    {
      "srcTextID": "19064",
      "srcText": "날이 밝자마자 왕비는 공주들에게 달려갔어요. “어때요? 잘 잤어요? 불편한 데는 없었나요?” “네, 덕분에 잘 잤어요. 아주 편안했어요.”",
      "srcPage": 9,
      "srcSentenceEA": 5,
      "srcWordEA": 20,
      "character": "왕비,공주",
      "setting": "날이 밝자마자",
      "action": "달려갔어요,잘 잤어요",
      "feeling": null,
      "causalRelationship": null,
      "outcomeResolution": null,
      "prediction": null,
      "plotSummaryInfoCount": 1,
      "plotSummaryInfo": {
        "classification": "의사소통",
        "readAge": "초등_저학년",
        "form": "long-form",
        "plotSummaryText": "낡이 밝자마자 왕비는 공주들이 잘 잤는지 물었고, 공주들은 편하게 잘 잤다고 말합니다.",
        "textWordEA": 12
      }
    },
    {
      "srcTextID": "19063",
      "srcText": "공주들은 하나같이 예의 바르게 대답했어요. 왕비는 대답을 들을 때마다 한숨을 쉬었어요. ‘진짜 공주가 아니야!’ 진짜 공주라면 땡글땡글한 완두콩 때문에 잠을 못 잤을 테니까요.",
      "srcPage": 10,
      "srcSentenceEA": 4,
      "srcWordEA": 26,
      "character": "공주,왕비,완두콩",
      "setting": null,
      "action": "대답했어요,한숨을 쉬었어요",
      "feeling": null,
      "causalRelationship": "땡글땡글한 완두콩 때문에 잠을 못 잤을 테니까요.",
      "outcomeResolution": null,
      "prediction": null,
      "plotSummaryInfoCount": 1,
      "plotSummaryInfo": {
        "classification": "의사소통",
        "readAge": "초등_저학년",
        "form": "long-form",
        "plotSummaryText": "공주들은 다들 예의 바르게 대답했고, 진짜 공주는 완두콩 때문에 잠을 못 잤어야 했기 때문에 왕비는 대답을 들을 때마다 한숨을 쉬었습니다.",
        "textWordEA": 20
      }
    },
    {
      "srcTextID": "19065",
      "srcText": "“지나가던 공주인데, 길을 잃었어요.” 왕비는 왠지 그 아가씨를 그냥 돌려보내고 싶지 않았어요. 그래서 하룻밤 재워 주기로 했지요.",
      "srcPage": 12,
      "srcSentenceEA": 3,
      "srcWordEA": 19,
      "character": "공주,왕비,아가씨",
      "setting": "하룻밤",
      "action": "지나가던,길을 잃었어요",
      "feeling": null,
      "causalRelationship": null,
      "outcomeResolution": null,
      "prediction": null,
      "plotSummaryInfoCount": 1,
      "plotSummaryInfo": {
        "classification": "의사소통",
        "readAge": "초등_저학년",
        "form": "short-form",
        "plotSummaryText": "아가씨는 자신은 공주인데 길을 잃었다 말했고, 왕비는 돌려보내고 싶지 않아 하룻밤 재워주었습니다.",
        "textWordEA": 12
      }
    },
    {
      "srcTextID": "19067",
      "srcText": "왕비는 따뜻한 물과 깨끗한 잠옷을 주고 다른 공주들처럼 그 아가씨도 특별 침대에서 자게 했어요. 아무도 그 아가씨가 진짜 공주라고는 생각하지 않았어요. 왕비조차도 말이에요. 하지만 깨끗한 잠옷으로 갈아입은 아가씨는 어딘가 품위 있어 보였지요.",
      "srcPage": 13,
      "srcSentenceEA": 4,
      "srcWordEA": 35,
      "character": "왕비,물,잠옷,공주,아가씨,침대",
      "setting": "특별 침대",
      "action": "주고,갈아입은",
      "feeling": null,
      "causalRelationship": null,
      "outcomeResolution": null,
      "prediction": null,
      "plotSummaryInfoCount": 1,
      "plotSummaryInfo": {
        "classification": "의사소통",
        "readAge": "초등_저학년",
        "form": "long-form",
        "plotSummaryText": "왕비는 그 아가씨에게 물과 잠옷을 주고 특별 침대에서 자게 했고, 그 아가씨가 진짜 공주라고는 생각하지 않았지만, 어딘가 품위 있어 보였습니다.",
        "textWordEA": 20
      }
    },
    {
      "srcTextID": "19068",
      "srcText": "“침대에 뭐가 있는지 자꾸 배기지 뭐예요. 온몸에 멍까지 들었어요.” 왕비의 눈이 커다래졌어요. “당신이야말로 진짜 공주군요!”",
      "srcPage": 14,
      "srcSentenceEA": 4,
      "srcWordEA": 17,
      "character": "침대,왕비,공주",
      "setting": null,
      "action": null,
      "feeling": null,
      "causalRelationship": null,
      "outcomeResolution": "당신이야말로 진짜 공주군요!",
      "prediction": null,
      "plotSummaryInfoCount": 1,
      "plotSummaryInfo": {
        "classification": "의사소통",
        "readAge": "초등_저학년",
        "form": "long-form",
        "plotSummaryText": "아가씨는 침대에 뭔가 있어 온몸에 멍이 들었다 말했고, 왕비는 진짜 공주라며 눈이 커다래졌습니다.",
        "textWordEA": 13
      }
    },
    {
      "srcTextID": "128707",
      "srcText": "《완두콩 공주》는 덴마크의 작가 안데르센이 쓴 이야기예요. 덴마크는 낙농업의 나라로 수도는 코펜하겐이며, 입헌 군주국이에요. 코펜하겐에는 왕실의 거처로 사용되는 아말리엔보르궁전이 있어요.",
      "srcPage": 15,
      "srcSentenceEA": 3,
      "srcWordEA": 22,
      "character": "완두콩 공주,안데르센,입헌 군주국",
      "setting": "덴마크,낙농업의 나라,코펜하겐,아멜리엔보르궁전",
      "action": "쓴",
      "feeling": null,
      "causalRelationship": null,
      "outcomeResolution": null,
      "prediction": null,
      "plotSummaryInfoCount": 1,
      "plotSummaryInfo": {
        "classification": "의사소통",
        "readAge": "초등_저학년",
        "form": "short-form",
        "plotSummaryText": "완두콩 공주는 안데르센이 쓴 이야기이고, 코펜하겐에는 왕실의 거처로 사용되는 아말리엔보르궁전이 있습니다.",
        "textWordEA": 11
      }
    },
    {
      "srcTextID": "128710",
      "srcText": "다음 날 아침이 되었어요. “잠은 잘 잤나요?” “네, 잘 잤답니다.” 왕비는 속으로 생각했어요. ‘역시 진짜 공주는 아니군.’ “그런데……. 사실은 조금 불편했어요.",
      "srcPage": 16,
      "srcSentenceEA": 6,
      "srcWordEA": 24,
      "character": "왕비,공주",
      "setting": "다음 날,아침",
      "action": "생각했어요",
      "feeling": "불편했어요",
      "causalRelationship": null,
      "outcomeResolution": null,
      "prediction": null,
      "plotSummaryInfoCount": 1,
      "plotSummaryInfo": {
        "classification": "의사소통",
        "readAge": "초등_저학년",
        "form": "long-form",
        "plotSummaryText": "다음 날 아침 왕비는 잠을 잘 잤냐고 물었고, 진짜 공주는 아니라고 생각했습니다.",
        "textWordEA": 12
      }
    },
    {
      "srcTextID": "128711",
      "srcText": "이렇게 해서 왕비는 진짜 공주를 찾았어요. 스무 장의 솜이불 밑에 놓인 완두콩 한 알처럼 아주 작은 것까지 느낄 수 있고, 비에 흠뻑 젖어 꼴이 말이 아니어도 자신이 공주라고 당당하게 말할 수 있다면 진짜 공주일 거예요. 진짜 공주는 책 읽기를 좋아하고 남의 말을 귀담아들을 줄 알며 지혜로운 말을 할 줄도 알았어요.",
      "srcPage": 17,
      "srcSentenceEA": 3,
      "srcWordEA": 52,
      "character": "왕비,공주,솜이불,완두콩 한 알,비,책",
      "setting": null,
      "action": "찾았어요,흠뻑 젖어,읽기",
      "feeling": "좋아하고",
      "causalRelationship": null,
      "outcomeResolution": null,
      "prediction": null,
      "plotSummaryInfoCount": 1,
      "plotSummaryInfo": {
        "classification": "의사소통",
        "readAge": "초등_저학년",
        "form": "short-form",
        "plotSummaryText": "진짜 공주는 솜이불 밑에 숨겨놓은 완두콩 한 알처럼 작은 것까지 느끼고, 비에 젖어도 자신이 공주라고 당당하게 말하며, 책 읽기를 좋아하고 남의 말을 귀담아들을 줄 알며 지혜로운 말을 할 줄도 알았습니다.",
        "textWordEA": 30
      }
    },
    {
      "srcTextID": "128712",
      "srcText": "진짜 공주를 찾아요! 진짜 공주는 첫째, 아주 작은 것까지 느낄 수 있어야 해요. 둘째, 언제라도 자신이 공주라고 당당하게 말할 수 있어야 해요. 셋째, 지혜로워야 해요. 이런 공주라면 언제라도 궁전으로 찾아오세요.",
      "srcPage": 18,
      "srcSentenceEA": 5,
      "srcWordEA": 34,
      "character": "공주",
      "setting": "궁전",
      "action": "찾아오세요",
      "feeling": null,
      "causalRelationship": null,
      "outcomeResolution": null,
      "prediction": null,
      "plotSummaryInfoCount": 1,
      "plotSummaryInfo": {
        "classification": "의사소통",
        "readAge": "초등_저학년",
        "form": "long-form",
        "plotSummaryText": "진짜 공주는 작은 것까지 느낄 수 있고, 자신이 공주라고 당당하게 말할 수 있고 지혜로워야 하며, 이런 공주라면 궁전으로 찾아오라고 했습니다.",
        "textWordEA": 20
      }
    },
    {
      "srcTextID": "128713",
      "srcText": "우리 엄마, 아빠는 나를 공주님이라고 불러. 우리 엄마, 아빠도 내가 가장 멋진 왕자님이래. 맞아, 너희 모두 공주님이고 왕자님이야. 너희는 모두 특별하거든.",
      "srcPage": 19,
      "srcSentenceEA": 4,
      "srcWordEA": 24,
      "character": "엄마,아빠,공주님,왕자님",
      "setting": null,
      "action": "불러",
      "feeling": null,
      "causalRelationship": null,
      "outcomeResolution": null,
      "prediction": null,
      "plotSummaryInfoCount": 1,
      "plotSummaryInfo": {
        "classification": "의사소통",
        "readAge": "초등_저학년",
        "form": "long-form",
        "plotSummaryText": "엄마,아빠가 부르듯 너희는 모두 공주님이고 왕자님이며, 특별하다고 했습니다.",
        "textWordEA": 8
      }
    }
  ]
}