{
  "title": "핀핀을 따라와!",
  "author": "온유",
  "illustrator": "백희은",
  "isbn": "9791188565665",
  "publishedYear": 2017,
  "publisher": "엄마마음",
  "paragraphInfoCount": 16,
  "paragraphInfo": [
    {
      "srcTextID": "150019",
      "srcText": "핀핀은 호기심 많은 펭귄이에요. 하루 종일 여기저기 돌아다니기 바쁘지요. 오늘은 북쪽 언덕을 살펴보러 갈 거예요. 며칠 전부터 이상한 소리가 들렸거든요. “자, 슬슬 떠나 볼까?”",
      "srcPage": 1,
      "srcSentenceEA": 5,
      "srcWordEA": 27,
      "character": "핀핀,펭귄",
      "setting": "오늘,북쪽 언덕,며칠 전부터",
      "action": "돌아다니기,살펴보러,떠나 볼까",
      "feeling": null,
      "causalRelationship": null,
      "outcomeResolution": null,
      "prediction": null,
      "plotSummaryInfoCount": 1,
      "plotSummaryInfo": {
        "classification": "의사소통",
        "readAge": "초등_저학년",
        "form": "long-form",
        "plotSummaryText": "핀핀은 호기심 많은 펭귄인데 하루 종일 여기저기 돌아다니기 바쁘고 오늘은 북쪽 언덕을 살펴보러 갈 건데 며칠 전부터 이상한 소리가 들렸습니다.",
        "textWordEA": 20
      }
    },
    {
      "srcTextID": "150021",
      "srcText": "하지만 친구들은 핀핀의 말을 믿지 않았어요. “말도 안 돼. 수백 년 동안 끄떡없던 얼음이 어떻게 하루아침에 갈라지니?”",
      "srcPage": 3,
      "srcSentenceEA": 3,
      "srcWordEA": 18,
      "character": "친구들,핀핀",
      "setting": "수백 년 동안",
      "action": "믿지,갈라지니",
      "feeling": null,
      "causalRelationship": null,
      "outcomeResolution": null,
      "prediction": null,
      "plotSummaryInfoCount": 1,
      "plotSummaryInfo": {
        "classification": "의사소통",
        "readAge": "초등_저학년",
        "form": "short-form",
        "plotSummaryText": "하지만 친구들은 수백 년 동안 끄떡없던 얼음이 어떻게 하루아침에 갈라지냐며 핀핀의 말을 믿지 않았습니다.",
        "textWordEA": 14
      }
    },
    {
      "srcTextID": "150022",
      "srcText": "그러던 어느 날 밤이었어요. 커다란 굉음이 들리더니 갑자기 땅이 흔들렸어요. “무, 무슨 소리지? 큰일이 벌어진 것 같아.” 펭귄들은 밤새 불안에 떨며 잠을 이루지 못했어요.",
      "srcPage": 4,
      "srcSentenceEA": 5,
      "srcWordEA": 27,
      "character": "펭귄들,땅",
      "setting": "어느 날 밤,밤새",
      "action": "잠을 이루지,흔들렸어요,들리더니",
      "feeling": "불안에 떨며",
      "causalRelationship": null,
      "outcomeResolution": null,
      "prediction": null,
      "plotSummaryInfoCount": 1,
      "plotSummaryInfo": {
        "classification": "의사소통",
        "readAge": "초등_저학년",
        "form": "long-form",
        "plotSummaryText": "그러던 어느 날 밤, 커다란 굉음이 들리더니 갑자기 땅이 흔들리고 큰일이 벌어진 것 같아 펭귄들은 밤새 불안에 떨며 잠을 이루지 못했습니다.",
        "textWordEA": 21
      }
    },
    {
      "srcTextID": "150025",
      "srcText": "“우리 헤엄쳐 가자!” 펭귄들은 물속으로 뛰어들었어요. 그때 바다표범들이 펭귄들을 노리며 다가왔어요.",
      "srcPage": 6,
      "srcSentenceEA": 3,
      "srcWordEA": 13,
      "character": "펭귄들,바다표범들",
      "setting": "물속으로,그때",
      "action": "헤엄쳐 가자,뛰어들었어요,노리며,다가왔어요",
      "feeling": null,
      "causalRelationship": null,
      "outcomeResolution": null,
      "prediction": "그때 바다표범들이 펭귄들을 노리며 다가왔어요.",
      "plotSummaryInfoCount": 1,
      "plotSummaryInfo": {
        "classification": "의사소통",
        "readAge": "초등_저학년",
        "form": "short-form",
        "plotSummaryText": "우리 헤엄쳐 가자 펭귄들은 물속으로 뛰어들었는데 그때 바다표범들이 펭귄들을 노리며 다가왔습니다.",
        "textWordEA": 11
      }
    },
    {
      "srcTextID": "150030",
      "srcText": "펭귄들은 코웃음을 치며 비웃었어요. “미끄럼틀을 높게 만들어 타면 건너편으로 갈 수 있어.” 핀핀은 미끄럼 타는 모습을 흉내 냈어요.",
      "srcPage": 12,
      "srcSentenceEA": 3,
      "srcWordEA": 19,
      "character": "펭귄들,핀핀",
      "setting": "건너편",
      "action": "코웃음을 치며,만들어,타면,갈,흉내 냈어요",
      "feeling": null,
      "causalRelationship": null,
      "outcomeResolution": null,
      "prediction": null,
      "plotSummaryInfoCount": 1,
      "plotSummaryInfo": {
        "classification": "의사소통",
        "readAge": "초등_저학년",
        "form": "short-form",
        "plotSummaryText": "펭귄들은 코웃음을 치며 비웃었고 미끄럼틀을 높게 만들어 타면 건너편으로 갈 수 있어라고 말하며 핀핀은 미끄럼 타는 모습을 흉내 냈습니다.",
        "textWordEA": 19
      }
    },
    {
      "srcTextID": "150033",
      "srcText": "핀핀은 반대하는 펭귄들을 다독였어요. “준비를 잘하면 문제없어. 날 믿고 따라와 봐.”",
      "srcPage": 15,
      "srcSentenceEA": 3,
      "srcWordEA": 12,
      "character": "핀핀,펭귄들",
      "setting": null,
      "action": "다독였어요,따라와,준비를 잘하면,반대하는",
      "feeling": null,
      "causalRelationship": null,
      "outcomeResolution": null,
      "prediction": null,
      "plotSummaryInfoCount": 1,
      "plotSummaryInfo": {
        "classification": "의사소통",
        "readAge": "초등_저학년",
        "form": "short-form",
        "plotSummaryText": "핀핀은 반대하는 펭귄들을 다독이며 준비를 잘하면 문제없으니 자신을 믿고 따라와 보라고 말했습니다.",
        "textWordEA": 12
      }
    },
    {
      "srcTextID": "150020",
      "srcText": "“여기도 하나, 저기도 하나. 흠, 얼음이 녹고 있는 게 분명해. 얼른 친구들한테 가서 이 사실을 알려야겠어.”",
      "srcPage": 2,
      "srcSentenceEA": 3,
      "srcWordEA": 18,
      "character": "얼음,친구들",
      "setting": null,
      "action": "알려야겠어",
      "feeling": null,
      "causalRelationship": null,
      "outcomeResolution": null,
      "prediction": null,
      "plotSummaryInfoCount": 1,
      "plotSummaryInfo": {
        "classification": "의사소통",
        "readAge": "초등_저학년",
        "form": "short-form",
        "plotSummaryText": "얼음이 녹고 있는 게 분명하니 얼른 친구들한테 가서 이 사실을 알려야겠다고 말했습니다.",
        "textWordEA": 12
      }
    },
    {
      "srcTextID": "150023",
      "srcText": "다음 날 아침 펭귄들은 깜짝 놀랐어요. 펭귄들이 살고 있는 빙하가 쩍 갈라진 거예요. “어떻게 이럴 수가 있지?” “이대로 먼 바다까지 흘러가면 어떡해?” 펭귄들은 발만 동동 굴렀어요.",
      "srcPage": 5,
      "srcSentenceEA": 5,
      "srcWordEA": 28,
      "character": "펭귄들",
      "setting": "다음 날 아침,먼 바다까지",
      "action": "굴렀어요,갈라진",
      "feeling": "깜짝 놀랐어요",
      "causalRelationship": "다음 날 아침 펭귄들은 깜짝 놀랐어요. 펭귄들이 살고 있는 빙하가 쩍 갈라진 거예요.",
      "outcomeResolution": null,
      "prediction": null,
      "plotSummaryInfoCount": 1,
      "plotSummaryInfo": {
        "classification": "의사소통",
        "readAge": "초등_저학년",
        "form": "long-form",
        "plotSummaryText": "다음 날 아침, 펭귄들이 살고 있는 빙하가 쩍 갈라져 이대로 먼 바다까지 흘러가면 어떡하냐고 말하며 펭귄들은 발만 동동 굴렀습니다.",
        "textWordEA": 19
      }
    },
    {
      "srcTextID": "150024",
      "srcText": "“앗, 조심해!” “바다표범이야! 모두 피해!” 펭귄들은 정신없이 헤엄쳐 달아났어요.",
      "srcPage": 7,
      "srcSentenceEA": 3,
      "srcWordEA": 11,
      "character": "바다표범,펭귄들",
      "setting": null,
      "action": "조심해,피해,헤엄쳐 달아났어요",
      "feeling": null,
      "causalRelationship": null,
      "outcomeResolution": null,
      "prediction": null,
      "plotSummaryInfoCount": 1,
      "plotSummaryInfo": {
        "classification": "의사소통",
        "readAge": "초등_저학년",
        "form": "short-form",
        "plotSummaryText": "조심해 바다표범이야 모두 피해라고 말하며 펭귄들은 정신없이 헤엄쳐 달아났습니다.",
        "textWordEA": 9
      }
    },
    {
      "srcTextID": "150026",
      "srcText": "“휴, 하마터면 큰일 날 뻔했네!” “우리가 날 수 있다면 얼마나 좋을까?” “물 위를 걸을 수 있으면 좋을 텐데.”",
      "srcPage": 8,
      "srcSentenceEA": 3,
      "srcWordEA": 18,
      "character": "우리",
      "setting": "말 위",
      "action": "날 수,걸을",
      "feeling": null,
      "causalRelationship": null,
      "outcomeResolution": null,
      "prediction": null,
      "plotSummaryInfoCount": 1,
      "plotSummaryInfo": {
        "classification": "의사소통",
        "readAge": "초등_저학년",
        "form": "short-form",
        "plotSummaryText": "우리들이 날 수 있거나 물 위를 걸을 수 있으면 좋을텐데라고 말했습니다.",
        "textWordEA": 11
      }
    },
    {
      "srcTextID": "150027",
      "srcText": "펭귄들은 한숨만 폭폭 내쉬었어요. 핀핀도 곰곰이 생각에 잠겼어요. ‘어떻게 하면 건너갈 수 있을까?’",
      "srcPage": 9,
      "srcSentenceEA": 3,
      "srcWordEA": 15,
      "character": "펭귄들,핀핀",
      "setting": null,
      "action": "내쉬었어요,건너갈",
      "feeling": null,
      "causalRelationship": null,
      "outcomeResolution": null,
      "prediction": null,
      "plotSummaryInfoCount": 1,
      "plotSummaryInfo": {
        "classification": "의사소통",
        "readAge": "초등_저학년",
        "form": "short-form",
        "plotSummaryText": "펭귄들은 한숨만 내쉬고 핀핀도 어떻게 하면 건너갈 수 있을까 하고 생각에 잠겼습니다.",
        "textWordEA": 12
      }
    },
    {
      "srcTextID": "150028",
      "srcText": "얼음이 점점 녹기 시작했어요. 핀핀은 마음이 급해졌지요. ‘배를 만들까? 아니면 멀리뛰기를 해 볼까?’ 그때 핀핀의 머릿속에 좋은 생각이 떠올랐어요. “아! 그거야, 그거!”",
      "srcPage": 10,
      "srcSentenceEA": 6,
      "srcWordEA": 27,
      "character": "얼음,핀핀,베",
      "setting": null,
      "action": "만들까,멀리뛰기를,녹기",
      "feeling": "마음이 급해졌지요",
      "causalRelationship": null,
      "outcomeResolution": null,
      "prediction": "그때 핀핀의 머릿속에 좋은 생각이 떠올랐어요.",
      "plotSummaryInfoCount": 1,
      "plotSummaryInfo": {
        "classification": "의사소통",
        "readAge": "초등_저학년",
        "form": "long-form",
        "plotSummaryText": "얼음이 점점 녹기 시작하자 핀핀은 마음이 급해져 배를 만들까 아니면 멀리뛰기를 해 볼까라고 생각을 했을 때 핀핀의 머릿속에 좋은 생각이 떠올랐습니다.",
        "textWordEA": 21
      }
    },
    {
      "srcTextID": "150029",
      "srcText": "“우리 미끄럼틀을 만들자!” 핀핀이 소리쳤어요. “미끄럼틀이라고? 제정신이 아니군.”",
      "srcPage": 11,
      "srcSentenceEA": 3,
      "srcWordEA": 10,
      "character": "우리,핀핀,미끄럼틀",
      "setting": null,
      "action": "만들자,소리쳤어요",
      "feeling": null,
      "causalRelationship": null,
      "outcomeResolution": null,
      "prediction": null,
      "plotSummaryInfoCount": 1,
      "plotSummaryInfo": {
        "classification": "의사소통",
        "readAge": "초등_저학년",
        "form": "short-form",
        "plotSummaryText": "미끄럼틀을 만들자라고 핀핀이 소리치자 제정신이 아니라고 말했습니다.",
        "textWordEA": 7
      }
    },
    {
      "srcTextID": "150031",
      "srcText": "“난 핀핀과 함께 해 볼래.” “나도, 나도!” 몇몇 펭귄은 핀핀의 말을 따르기로 했어요.",
      "srcPage": 13,
      "srcSentenceEA": 3,
      "srcWordEA": 14,
      "character": "핀핀,펭귄",
      "setting": null,
      "action": "따르기로",
      "feeling": null,
      "causalRelationship": null,
      "outcomeResolution": null,
      "prediction": null,
      "plotSummaryInfoCount": 1,
      "plotSummaryInfo": {
        "classification": "의사소통",
        "readAge": "초등_저학년",
        "form": "short-form",
        "plotSummaryText": " 핀핀과 함께 해 볼래라고 말하며 몇몇 펭귄은 핀핀의 말을 따르기로 했습니다.",
        "textWordEA": 11
      }
    },
    {
      "srcTextID": "150032",
      "srcText": "“쳇, 말도 안 돼.” “미끄럼틀 타다가 물에 빠지면 어떻게 해.” 몇몇 펭귄은 고개를 절레절레 흔들었지요.",
      "srcPage": 14,
      "srcSentenceEA": 3,
      "srcWordEA": 16,
      "character": "펭귄,미끄럼틀",
      "setting": null,
      "action": "타다가,빠지면,흔들었지요",
      "feeling": null,
      "causalRelationship": null,
      "outcomeResolution": null,
      "prediction": null,
      "plotSummaryInfoCount": 1,
      "plotSummaryInfo": {
        "classification": "의사소통",
        "readAge": "초등_저학년",
        "form": "short-form",
        "plotSummaryText": "미끄럼틀 타다가 물에 빠지면 어떻하냐고 말하며 몇몇 펭귄은 고개를 절레절레 흔들었습니다.",
        "textWordEA": 11
      }
    },
    {
      "srcTextID": "150034",
      "srcText": "드디어 펭귄들이 핀핀을 따라 움직이기 시작했어요. “자, 너희는 눈을 모으고, 너희는 반듯반듯 벽돌을 만들고, 너희는 차곡차곡 쌓아 올리는 거야. 모두들 힘내!” 핀핀의 지휘 아래 펭귄들은 미끄럼틀을 만들기 시작했어요.",
      "srcPage": 16,
      "srcSentenceEA": 4,
      "srcWordEA": 30,
      "character": "펭귄들,핀핀,미끄럼틀",
      "setting": null,
      "action": "움직이기,모으고,만들고,쌓아 올리는,만들기",
      "feeling": null,
      "causalRelationship": null,
      "outcomeResolution": null,
      "prediction": null,
      "plotSummaryInfoCount": 1,
      "plotSummaryInfo": {
        "classification": "의사소통",
        "readAge": "초등_저학년",
        "form": "long-form",
        "plotSummaryText": "펭귄들이 핀핀을 따라 움직이기 시작했고 핀핀의 지휘 아래 펭귄들은 미끄럼틀을 만들기 시작했습니다.",
        "textWordEA": 12
      }
    }
  ]
}