{
  "title": "내 용돈은 내 마음대로 쓸거야",
  "author": "김은영",
  "illustrator": "튜브링",
  "isbn": "9788960988156",
  "publishedYear": 2019,
  "publisher": "씨앤톡",
  "paragraphInfoCount": 20,
  "paragraphInfo": [
    {
      "srcTextID": "146558",
      "srcText": "확인한 건 아니었지만, 분명 그럴 것 같았어요. 아랑이가 ‘나 도 2학년 때부터 용돈을 받아.’ 하면서 어깨를 으쓱하는 것도 봤거든요. “그럴 리가. 효원아, 아직은 어려서 안 돼. 돈을 잃어버릴 수 도 있고, 너는 엄마가 필요한 거 다 사 주는데 용돈이 왜 필요 해?”",
      "srcPage": 7,
      "srcSentenceEA": 6,
      "srcWordEA": 46,
      "character": "아랑이,효원,엄마,돈",
      "setting": null,
      "action": "받아,어깨를 으쓱하는,잃어버릴",
      "feeling": null,
      "causalRelationship": null,
      "outcomeResolution": null,
      "prediction": null,
      "plotSummaryInfoCount": 1,
      "plotSummaryInfo": {
        "classification": "의사소통",
        "readAge": "초등_저학년",
        "form": "long-form",
        "plotSummaryText": "엄마는 효원이가 돈을 잃어버릴 수도 있고, 필요한 것은 다 사 주는데, 용돈이 왜 필요하냐고 하셨습니다.",
        "textWordEA": 15
      }
    },
    {
      "srcTextID": "146569",
      "srcText": "“엄마, 나 공책, 깜빡하고 학교 사물함……에 두고 왔어요.” “뭐라고? 얘 봐! 가방 다시 찾아봐.” 엄마는 효원이의 가방을 열어 안을 살펴봤어요.",
      "srcPage": 18,
      "srcSentenceEA": 4,
      "srcWordEA": 23,
      "character": "엄마,공책,효원이,가방",
      "setting": "학교 사물함",
      "action": "깜빡하고,두고 왔어요,찾아봐,열어,살펴봤어요",
      "feeling": null,
      "causalRelationship": null,
      "outcomeResolution": null,
      "prediction": null,
      "plotSummaryInfoCount": 1,
      "plotSummaryInfo": {
        "classification": "의사소통",
        "readAge": "초등_저학년",
        "form": "long-form",
        "plotSummaryText": "공책을 깜빡하고 학교 사물함에 두고 왔다는 말에, 엄마는 효원이의 가방을 열어 안을 살펴봤습니다.",
        "textWordEA": 13
      }
    },
    {
      "srcTextID": "146556",
      "srcText": "아랑이는 불만 가득한 목소리로 구시렁거렸지만, 효원이는 아랑이가 너무 부러웠어요. 뭐든 자기 마음대로 쓸 수 있는 돈 이 생긴다는 거잖아요. “그럼 너 문구점에서 슬라임 사는 돈도 용돈이었어?”",
      "srcPage": 5,
      "srcSentenceEA": 3,
      "srcWordEA": 27,
      "character": "아랑이,효원이,슬라임",
      "setting": "문구점",
      "action": "구시렁거렸지만,사는",
      "feeling": "부러웠어요",
      "causalRelationship": null,
      "outcomeResolution": null,
      "prediction": null,
      "plotSummaryInfoCount": 1,
      "plotSummaryInfo": {
        "classification": "의사소통",
        "readAge": "초등_저학년",
        "form": "short-form",
        "plotSummaryText": "아랑이는 불만 가득한 목소리로 구시렁거렸지만, 효원이는 자기 마음대로 쓸 수 있는 돈이 있는 아랑이가 부러웠습니다.",
        "textWordEA": 15
      }
    },
    {
      "srcTextID": "146557",
      "srcText": "“응.” 아랑이의 말을 들을수록 효원이는 억울한 생각이 들었어요. 자기만 용돈을 못 받는 것 같았거든요. “집에 가서 엄마한테 나도 용돈 달라고 말할 거야.”",
      "srcPage": 6,
      "srcSentenceEA": 3,
      "srcWordEA": 24,
      "character": "아랑이,효원이,엄마,나",
      "setting": "집",
      "action": "들을수록,가서,달라고 말할거야",
      "feeling": "억울한 생각이 들었어요",
      "causalRelationship": null,
      "outcomeResolution": null,
      "prediction": null,
      "plotSummaryInfoCount": 1,
      "plotSummaryInfo": {
        "classification": "의사소통",
        "readAge": "초등_저학년",
        "form": "short-form",
        "plotSummaryText": "아랑이의 말을 들을수록 효원이는 억울한 생각이 들어 집에 가서 엄마한테 용돈을 달라고 할 거라고 했습니다.",
        "textWordEA": 15
      }
    },
    {
      "srcTextID": "146561",
      "srcText": "“오늘 문구점 들러서 받아쓰기 공책 사야죠.” “와우! 우리 딸, 진짜 다 컸네. 이제 언니 같은데?” 엄마는 엄지손가락을 치켜들며 웃었어요.",
      "srcPage": 10,
      "srcSentenceEA": 4,
      "srcWordEA": 22,
      "character": "받아쓰기 공책,우리 딸,엄마,엄지손가락",
      "setting": "문구점",
      "action": "들러서,사야죠,치켜들며,웃었어요",
      "feeling": null,
      "causalRelationship": null,
      "outcomeResolution": null,
      "prediction": null,
      "plotSummaryInfoCount": 1,
      "plotSummaryInfo": {
        "classification": "의사소통",
        "readAge": "초등_저학년",
        "form": "long-form",
        "plotSummaryText": "문구점에 들러서 받아쓰기 공책 사야 한다고 말하니, 엄마는 엄지손가락을 치켜들며 웃었습니다.",
        "textWordEA": 11
      }
    },
    {
      "srcTextID": "146562",
      "srcText": "그런데 그때였어요. 계산대 바로 옆에서 뭔가 번쩍하고 효 원이의 눈을 사로잡았죠. “어……, 저건 헤븐 캐릭터 스티커잖아?” 떡 벌어진 입에서는 ‘와’ 하는 감탄사가 저절로 나왔어요.",
      "srcPage": 11,
      "srcSentenceEA": 5,
      "srcWordEA": 27,
      "character": "효원이,헤븐 캐릭터 스티커",
      "setting": "계산대 바로 옆",
      "action": "감탄사가 저절로 나왔어요",
      "feeling": null,
      "causalRelationship": null,
      "outcomeResolution": null,
      "prediction": null,
      "plotSummaryInfoCount": 1,
      "plotSummaryInfo": {
        "classification": "의사소통",
        "readAge": "초등_저학년",
        "form": "long-form",
        "plotSummaryText": "계산대 바로 옆에서 헤븐 캐릭터 스티커가 효원이의 눈을 사로잡았습니다.",
        "textWordEA": 9
      }
    },
    {
      "srcTextID": "146551",
      "srcText": "효원이는 학교가 끝나자마자 잽싸게 교문을 빠져나갔어요. 그네를 차지하려면 놀이터까지 빨리 뛰어가야 하거든요. “효원아, 빨리 와. 아무도 없어.” 먼저 달려간 아랑이가 양쪽 그네의 줄을 모두 잡고서 소리 쳤어요.",
      "srcPage": 1,
      "srcSentenceEA": 5,
      "srcWordEA": 30,
      "character": "효원이,학교,아랑이,그네",
      "setting": "교문,놀이터",
      "action": "빠져나갔어요,차지하려면,뛰어가야,달려간,잡고서 소리쳤어요",
      "feeling": null,
      "causalRelationship": null,
      "outcomeResolution": null,
      "prediction": null,
      "plotSummaryInfoCount": 1,
      "plotSummaryInfo": {
        "classification": "의사소통",
        "readAge": "초등_저학년",
        "form": "long-form",
        "plotSummaryText": "효원이는 학교가 끝나자마자 그네를 차지하기 위해 빠르게 교문을 빠져나갔는데 아랑이가 양쪽 그넷줄을 잡고서 효원이에게 빨리 오라고 소리쳤어요.",
        "textWordEA": 17
      }
    },
    {
      "srcTextID": "146553",
      "srcText": "“오늘 내가 아이스크림 쏜다.” 쩌렁쩌렁한 주하의 목소리에 놀이터에 있던 친구들의 눈길이 쏠렸어요. 주하는 1000원짜리 몇 장을 들고 머리 위로 힘 껏 흔들어 댔지요.",
      "srcPage": 3,
      "srcSentenceEA": 3,
      "srcWordEA": 25,
      "character": "내,아이스크림,주하,친구들",
      "setting": "오늘,놀이터",
      "action": "쏜다,들고,흔들어 댔지요",
      "feeling": null,
      "causalRelationship": null,
      "outcomeResolution": null,
      "prediction": null,
      "plotSummaryInfoCount": 1,
      "plotSummaryInfo": {
        "classification": "의사소통",
        "readAge": "초등_저학년",
        "form": "short-form",
        "plotSummaryText": "주하가 아이스크림을 쏜다는 목소리에 놀이터에 있던 친구들의 눈길이 쏠렸고, 주하는 1000원짜리 몇 장을 들고 흔들어 댔습니다.",
        "textWordEA": 16
      }
    },
    {
      "srcTextID": "146554",
      "srcText": "“근데 주하네가 부자야? 왜 애들한테 아이스크림을 공짜로 사 주고 야단이야?” 효원이는 주하가 영 못마땅했어요.",
      "srcPage": 4,
      "srcSentenceEA": 3,
      "srcWordEA": 16,
      "character": "주하,아이스크림,효원이",
      "setting": null,
      "action": "사 주고",
      "feeling": "못마땅했어요",
      "causalRelationship": null,
      "outcomeResolution": null,
      "prediction": null,
      "plotSummaryInfoCount": 1,
      "plotSummaryInfo": {
        "classification": "의사소통",
        "readAge": "초등_저학년",
        "form": "short-form",
        "plotSummaryText": "효원이는 애들한테 아이스크림을 사 준다는 주하가 영 못마땅했습니다.",
        "textWordEA": 8
      }
    },
    {
      "srcTextID": "146560",
      "srcText": "효원이는 평소보다 일찍 눈을 떴어요. 책상 위에 놓여 있는 5000원을 먼저 확인한 뒤 서둘러 학교 갈 준비를 했어요. “웬일이야? 우리 굼벵이 공주님이?”",
      "srcPage": 9,
      "srcSentenceEA": 3,
      "srcWordEA": 24,
      "character": "효원이,굼벵이 공주님",
      "setting": "책상 위,학교",
      "action": "눈을 떴어요,확인한,갈 준비를 했어요",
      "feeling": null,
      "causalRelationship": null,
      "outcomeResolution": null,
      "prediction": null,
      "plotSummaryInfoCount": 1,
      "plotSummaryInfo": {
        "classification": "의사소통",
        "readAge": "초등_저학년",
        "form": "short-form",
        "plotSummaryText": "효원이는 책상 위에 놓여 있는 5000원을 확인한 뒤, 서둘러 학교 갈 준비를 하니 굼벵이 공주님이 웬일이냐고 했습니다.",
        "textWordEA": 17
      }
    },
    {
      "srcTextID": "146567",
      "srcText": "선생님과 눈이 마주쳤죠. 효원이는 뭉그적대며 서랍에서 종합장 을 꺼내 책상에 올려놓았어요. “효원아, 공책 안 가져왔어?”",
      "srcPage": 16,
      "srcSentenceEA": 3,
      "srcWordEA": 16,
      "character": "선생님,효원이,종합장,공책",
      "setting": "서랍,책상",
      "action": "눈이 마주쳤죠,뭉그적대며,꺼내,올려놓았어요",
      "feeling": null,
      "causalRelationship": null,
      "outcomeResolution": null,
      "prediction": null,
      "plotSummaryInfoCount": 1,
      "plotSummaryInfo": {
        "classification": "의사소통",
        "readAge": "초등_저학년",
        "form": "short-form",
        "plotSummaryText": "효원이는 선생님과 눈이 마주치자, 서랍에서 종합장을 꺼내 책상에 올려놓았고 선생님은 공책을 안 가져왔냐고 물었습니다.",
        "textWordEA": 14
      }
    },
    {
      "srcTextID": "146564",
      "srcText": "“4500원이요?” 가격을 들은 효원이의 눈이 동그래졌어요. ‘공책이랑 슬라임이 1700원, 그럼 스티커 세 장이 4500원이 니까 합하면……?’ 계산을 정확하게 할 수 없었지만 5000원으로 살 수 없는 건 확실했어요.",
      "srcPage": 13,
      "srcSentenceEA": 3,
      "srcWordEA": 30,
      "character": "효원이,공책,슬라임,스티커",
      "setting": null,
      "action": "들은,눈이 동그래졌어요",
      "feeling": null,
      "causalRelationship": null,
      "outcomeResolution": null,
      "prediction": null,
      "plotSummaryInfoCount": 1,
      "plotSummaryInfo": {
        "classification": "의사소통",
        "readAge": "초등_저학년",
        "form": "short-form",
        "plotSummaryText": "가격을 들은 효원이의 눈이 동그래졌고, 공책이랑 슬라임, 스티커까지 하면 5000원으로 살 수 없는 건 확실했습니다.",
        "textWordEA": 15
      }
    },
    {
      "srcTextID": "146565",
      "srcText": "“와! 예쁘다. 이거 어디에서 샀어?” “세 장씩이나……. 진짜 부럽다.” 친구들이 부러워하니까 효원이의 어깨도 으쓱하고 올라갔어요.",
      "srcPage": 14,
      "srcSentenceEA": 5,
      "srcWordEA": 19,
      "character": "친구들,효원이,어깨",
      "setting": null,
      "action": "샀어",
      "feeling": "예쁘다",
      "causalRelationship": null,
      "outcomeResolution": null,
      "prediction": null,
      "plotSummaryInfoCount": 1,
      "plotSummaryInfo": {
        "classification": "의사소통",
        "readAge": "초등_저학년",
        "form": "long-form",
        "plotSummaryText": "친구들이 예쁘다며 부러워하니까 효원이의 어깨도 으쓱하고 올라갔습니다.",
        "textWordEA": 7
      }
    },
    {
      "srcTextID": "146566",
      "srcText": "“살살 만져. 찢어지니까.” 효원이는 큰소리를 치며 주인 행세를 톡톡히 했어요. “효원아, 이거 하나만 잘라 주면 안 돼?” “나도, 나도.”",
      "srcPage": 15,
      "srcSentenceEA": 5,
      "srcWordEA": 21,
      "character": "효원이,주인,나",
      "setting": null,
      "action": "만져,큰소리를 치며,잘라 주면",
      "feeling": null,
      "causalRelationship": null,
      "outcomeResolution": null,
      "prediction": null,
      "plotSummaryInfoCount": 1,
      "plotSummaryInfo": {
        "classification": "의사소통",
        "readAge": "초등_저학년",
        "form": "long-form",
        "plotSummaryText": "효원이는 살살 만지라고 큰소리를 치며 주인 행세를 톡톡히 했고, 친구들은 효원이에게 하나만 잘라 주면 안 되냐고 했어요.",
        "textWordEA": 17
      }
    },
    {
      "srcTextID": "146563",
      "srcText": "스티커로 저 캐릭터가 나온 걸 본 건 처음이었어요. 효원이의 손은 자석에 끌리는 쇠막대기처럼 이미 진열대로 향하고 있 었지요. “이거 새로 나온 건데, 진짜 예쁘지?” 아주머니 말처럼 진짜 예쁘지 않은 게 하나도 없었어요.",
      "srcPage": 12,
      "srcSentenceEA": 4,
      "srcWordEA": 34,
      "character": "스티커,효원이의 손,아주머니",
      "setting": "진열대",
      "action": "자석에 끌리는",
      "feeling": "예쁘지",
      "causalRelationship": null,
      "outcomeResolution": null,
      "prediction": null,
      "plotSummaryInfoCount": 1,
      "plotSummaryInfo": {
        "classification": "의사소통",
        "readAge": "초등_저학년",
        "form": "long-form",
        "plotSummaryText": "효원이의 손은 진열대로 향하고 있었고, 아주머니 말처럼 예쁘지 않은 게 하나도 없었어요.",
        "textWordEA": 12
      }
    },
    {
      "srcTextID": "146570",
      "srcText": "오빠는 4학년인데 받아쓰기 공책이 있을 리 없었어요. 지난번에 오빠 방에서 쓰지 않은 그림일기 공책을 본 것 같았 거든요. 혹시나 받아쓰기 공책도 있을까 싶어 찾아본 거죠. 효 원이는 다시 시무룩해졌어요. 뒤돌아 오빠 방을 나오려고 할 때였어요.",
      "srcPage": 19,
      "srcSentenceEA": 5,
      "srcWordEA": 39,
      "character": "오빠,받아쓰기 공책,효원이",
      "setting": "오빠 방",
      "action": "쓰지 않은,찾아본,나오려고",
      "feeling": null,
      "causalRelationship": null,
      "outcomeResolution": null,
      "prediction": null,
      "plotSummaryInfoCount": 1,
      "plotSummaryInfo": {
        "classification": "의사소통",
        "readAge": "초등_저학년",
        "form": "long-form",
        "plotSummaryText": "혹시나 오빠 방에 받아쓰기 공책도 있을까 싶어 찾아보았지만 없었고, 효원이는 다시 시무룩해졌습니다.",
        "textWordEA": 12
      }
    },
    {
      "srcTextID": "146572",
      "srcText": "“맞아, 오빠한테 돈을 빌리면 되겠다.” 효원이는 저금통을 들어 이리저리 흔들었어요. 살짝 비치는 돼지 저금통 배 안으로 1000원짜리와 동전들이 보였지요.",
      "srcPage": 20,
      "srcSentenceEA": 3,
      "srcWordEA": 21,
      "character": "오빠,효원이,저금통",
      "setting": null,
      "action": "빌리면,들어,흔들었어요",
      "feeling": null,
      "causalRelationship": null,
      "outcomeResolution": null,
      "prediction": "살짝 비치는 돼지 저금통 배 안으로 1000원짜리와 동전들이 보였지요.",
      "plotSummaryInfoCount": 1,
      "plotSummaryInfo": {
        "classification": "의사소통",
        "readAge": "초등_저학년",
        "form": "short-form",
        "plotSummaryText": "오빠한테 돈을 빌리면 되겠다고 생각한 효원이는 1000원짜리와 동전들이 보이는 저금통을 이리저리 흔들었습니다.",
        "textWordEA": 12
      }
    },
    {
      "srcTextID": "146552",
      "srcText": "“효원아, 저기 봐. 쟤들 지금 뭐 하는 거야?” 아이들 몇몇이 철봉 주위에 옹기종기 모여 있었어요. “어, 저기 주하 아냐? 주하가 놀이터엔 웬일이지?” 효원이의 눈에 띈 건 같은 반 주하였어요.",
      "srcPage": 2,
      "srcSentenceEA": 6,
      "srcWordEA": 33,
      "character": "효원,아이들,주하",
      "setting": "철봉 주위에,놀이터",
      "action": "모여 있었어요",
      "feeling": null,
      "causalRelationship": null,
      "outcomeResolution": null,
      "prediction": null,
      "plotSummaryInfoCount": 1,
      "plotSummaryInfo": {
        "classification": "의사소통",
        "readAge": "초등_저학년",
        "form": "long-form",
        "plotSummaryText": "아이들 몇몇이 철봉 주위에 모여 있었는데, 같은 반 주하가 눈에 띄었습니다.",
        "textWordEA": 11
      }
    },
    {
      "srcTextID": "146559",
      "srcText": "‘2000원은 너무 적어. 과자 한 봉 지 사면 없어지거든.’ “엄마, 내 친구들은 일주일에 5000원씩 받는다던데?” “5000원?” 엄마는 고개를 갸우뚱했어요. 효원이는 이러다 용돈을 못 받는 게 아닌지 살짝 걱정이 됐지요.",
      "srcPage": 8,
      "srcSentenceEA": 5,
      "srcWordEA": 32,
      "character": "과자,친구,엄마,효원이",
      "setting": null,
      "action": "사면,받는다던데,고개를 갸우뚱했어요",
      "feeling": "걱정이 됐지요",
      "causalRelationship": null,
      "outcomeResolution": null,
      "prediction": null,
      "plotSummaryInfoCount": 1,
      "plotSummaryInfo": {
        "classification": "의사소통",
        "readAge": "초등_저학년",
        "form": "long-form",
        "plotSummaryText": "친구들은 일주일에 5000원씩 받는다고 말했더니 엄마는 고개를 갸우뚱했고, 효원이는 용돈을 못 받는 게 아닌지 걱정이 됐습니다.",
        "textWordEA": 16
      }
    },
    {
      "srcTextID": "146568",
      "srcText": "효원이는 그제야 번뜩 생각이 났지요. 다음에 시험 볼 받아 쓰기를 공책에 한 번씩 쓰는 게 숙제였거든요. 당황한 효원이 는 수박을 손에 든 채 버벅댔어요.",
      "srcPage": 17,
      "srcSentenceEA": 3,
      "srcWordEA": 26,
      "character": "효원이,공책,수박",
      "setting": null,
      "action": "쓰는,손에 든,버벅댔어요",
      "feeling": null,
      "causalRelationship": null,
      "outcomeResolution": null,
      "prediction": null,
      "plotSummaryInfoCount": 1,
      "plotSummaryInfo": {
        "classification": "의사소통",
        "readAge": "초등_저학년",
        "form": "short-form",
        "plotSummaryText": "효원이는 받아쓰기를 공책에 한 번씩 쓰는 게 숙제였다는 것이 생각이 났고 당황한 효원이는 수박을 손에 든 채 버벅댔어요.",
        "textWordEA": 18
      }
    }
  ]
}