{
  "title": "거인의 정원",
  "author": "오스카 와일드",
  "illustrator": "김재홍",
  "isbn": "9791128210501",
  "publishedYear": 2018,
  "publisher": "아람북스",
  "paragraphInfoCount": 17,
  "paragraphInfo": [
    {
      "srcTextID": "93472",
      "srcText": "어느 날 거인에게 편지 한 통이 왔어. 오랫동안 만나지 못한 친구가 보낸 편지였지. \"친구, 내가 드디어 결혼을 한다네.\"",
      "srcPage": 3,
      "srcSentenceEA": 3,
      "srcWordEA": 19,
      "character": "거인,편지,친구,내",
      "setting": "어느 날",
      "action": "보낸,결혼을 한다네",
      "feeling": null,
      "causalRelationship": null,
      "outcomeResolution": null,
      "prediction": null,
      "plotSummaryInfoCount": 1,
      "plotSummaryInfo": {
        "classification": "의사소통",
        "readAge": "초등_저학년",
        "form": "short-form",
        "plotSummaryText": "어느 날 거인에게 오랫동안 못 본 친구가 편지를 보냈고, 편지에는 친구가 결혼한다 적혀있었습니다.",
        "textWordEA": 13
      }
    },
    {
      "srcTextID": "18773",
      "srcText": "“이놈들이 감히 내 정원에서 놀아? 당장 나가지 못해!” 아이들은 놀라서 소리를 지르며 달아났어.",
      "srcPage": 9,
      "srcSentenceEA": 3,
      "srcWordEA": 15,
      "character": "아이들",
      "setting": "정원",
      "action": "소리를 지르며 달아났어.",
      "feeling": "놀라서",
      "causalRelationship": null,
      "outcomeResolution": null,
      "prediction": null,
      "plotSummaryInfoCount": 1,
      "plotSummaryInfo": {
        "classification": "의사소통",
        "readAge": "초등_저학년",
        "form": "short-form",
        "plotSummaryText": "정원에서 당장 나가라 말하자 아이들은 깜짝 놀라서 소리 지르며 달아났습니다.",
        "textWordEA": 10
      }
    },
    {
      "srcTextID": "18776",
      "srcText": "곧 눈과 함께 겨울이 찾아왔단다. 그리고 차가운 겨울이 계속되었어. 벽난로에 장작을 아무리 던져 넣어도 추위가 가시지 않았지.",
      "srcPage": 10,
      "srcSentenceEA": 3,
      "srcWordEA": 19,
      "character": "벽난로,장작",
      "setting": "겨울",
      "action": "던져 넣어도",
      "feeling": null,
      "causalRelationship": null,
      "outcomeResolution": null,
      "prediction": null,
      "plotSummaryInfoCount": 1,
      "plotSummaryInfo": {
        "classification": "의사소통",
        "readAge": "초등_저학년",
        "form": "short-form",
        "plotSummaryText": "겨울이 되자 벽난로에 장작을 넣어도 추위가 계속되었습니다.",
        "textWordEA": 7
      }
    },
    {
      "srcTextID": "18777",
      "srcText": "“이 녀석들이! 다시는 얼씬거리지 말라고 했는데.” 거인은 정원으로 쿵쿵쿵 달려갔어. 복숭아나무 아래 자그마한 여자아이가 있었어.",
      "srcPage": 12,
      "srcSentenceEA": 4,
      "srcWordEA": 18,
      "character": "거인,복숭아나무,여자아이",
      "setting": "정원",
      "action": "달려갔어",
      "feeling": null,
      "causalRelationship": null,
      "outcomeResolution": "복숭아나무 아래 자그마한 여자아이가 있었어.",
      "prediction": null,
      "plotSummaryInfoCount": 1,
      "plotSummaryInfo": {
        "classification": "의사소통",
        "readAge": "초등_저학년",
        "form": "long-form",
        "plotSummaryText": "거인이 정원으로 달려가 보았는데, 복숭아나무 아래 여자아이가 있었습니다.",
        "textWordEA": 8
      }
    },
    {
      "srcTextID": "18782",
      "srcText": "남쪽 바람은 다른 나무에도 꽃을 피우고 새싹을 돋게 했어. 드디어 거인의 정원에 봄이 온 거야. 그날 이후, 거인의 정원은 다시 아이들 차지가 되었어. 바람 소리, 새소리, 노랫소리, 웃음소리가 가득한 정원에서 거인은 오래도록 행복했단다.",
      "srcPage": 17,
      "srcSentenceEA": 4,
      "srcWordEA": 36,
      "character": "나무,꽃,새싹,아이들,거인",
      "setting": "거인의 정원,봄",
      "action": null,
      "feeling": "행복했단다",
      "causalRelationship": null,
      "outcomeResolution": null,
      "prediction": null,
      "plotSummaryInfoCount": 1,
      "plotSummaryInfo": {
        "classification": "의사소통",
        "readAge": "초등_저학년",
        "form": "long-form",
        "plotSummaryText": "남쪽 바람에 나무의 꽃과 새싹이 돋아 거인의 정원에 봄이 왔고, 이후 거인은 정원에서 아이들과 함께 오래도록 행복하게 살았습니다.",
        "textWordEA": 18
      }
    },
    {
      "srcTextID": "18771",
      "srcText": "온갖 꽃이랑 나무, 새들이 가득한 정원이 펼쳐졌거든. 여자아이는 울타리 대문을 활짝 열고는 친구들을 불렀어. “모두들 거인의 정원으로 놀러 와. 얼른!”",
      "srcPage": 6,
      "srcSentenceEA": 4,
      "srcWordEA": 22,
      "character": "꽃,나무,새들,여자아이,울타리 대문,친구들",
      "setting": "정원,거인의 정원",
      "action": "열고는,불렀어",
      "feeling": null,
      "causalRelationship": null,
      "outcomeResolution": null,
      "prediction": null,
      "plotSummaryInfoCount": 1,
      "plotSummaryInfo": {
        "classification": "의사소통",
        "readAge": "초등_저학년",
        "form": "long-form",
        "plotSummaryText": "꽃, 나무, 새가 가득한 정원이 있었고, 여자아이는 울타리 대문을 열고서 친구들에게 거인의 정원으로 놀러 오라고 말합니다.",
        "textWordEA": 16
      }
    },
    {
      "srcTextID": "18772",
      "srcText": "그날부터 거인의 정원은 아이들 차지가 되었단다. 어른들이 걱정하며 가지 말라고 야단쳐도 아이들은 날마다 거인의 정원에서 놀았어. 거인의 정원은 정말 멋진 놀이터였으니까.",
      "srcPage": 7,
      "srcSentenceEA": 3,
      "srcWordEA": 23,
      "character": "아이들,어른들,놀이터",
      "setting": "거인의 정원",
      "action": null,
      "feeling": "걱정하며",
      "causalRelationship": null,
      "outcomeResolution": null,
      "prediction": null,
      "plotSummaryInfoCount": 1,
      "plotSummaryInfo": {
        "classification": "의사소통",
        "readAge": "초등_저학년",
        "form": "short-form",
        "plotSummaryText": "어른들은 걱정하며 거인의 정원에 가지 말라고 했지만, 아이들은 매일 거인의 정원에서 놀았습니다.",
        "textWordEA": 12
      }
    },
    {
      "srcTextID": "18774",
      "srcText": "한 달, 두 달, 석 달, 넉 달, 다섯 달, 여섯 달, 그리고 일곱 달이 흘렀어. 드디어 거인이 돌아왔단다. 정원에서 웃고 떠들며 노는 아이들을 본 거인은 벼락처럼 내달리며 소리쳤어.",
      "srcPage": 8,
      "srcSentenceEA": 3,
      "srcWordEA": 31,
      "character": "거인,아이들",
      "setting": "정원,일곱 달",
      "action": "돌아왔단다,웃고 떠들며 노는,본,내달리며 소리쳤어.",
      "feeling": null,
      "causalRelationship": null,
      "outcomeResolution": null,
      "prediction": null,
      "plotSummaryInfoCount": 1,
      "plotSummaryInfo": {
        "classification": "의사소통",
        "readAge": "초등_저학년",
        "form": "short-form",
        "plotSummaryText": "일곱 달이 지나 거인이 돌아왔고, 거인은 정원에서 노는 아이들을 보고선 달려오며 소리칩니다.",
        "textWordEA": 12
      }
    },
    {
      "srcTextID": "18778",
      "srcText": "거인이 천둥처럼 소리쳤지. “다시는 내 정원에 기어들지 말라고 했지?” 여자아이는 거인을 보자마자 울음을 터뜨렸어.",
      "srcPage": 13,
      "srcSentenceEA": 3,
      "srcWordEA": 15,
      "character": "거인,여자아이",
      "setting": "정원",
      "action": "소리쳤지,보자마자 울음을 터뜨렸어",
      "feeling": null,
      "causalRelationship": null,
      "outcomeResolution": null,
      "prediction": null,
      "plotSummaryInfoCount": 1,
      "plotSummaryInfo": {
        "classification": "의사소통",
        "readAge": "초등_저학년",
        "form": "short-form",
        "plotSummaryText": "거인이 정원에 오지 말라고 했다며 큰 소리를 치자 여자아이는 울음을 터뜨렸습니다.",
        "textWordEA": 11
      }
    },
    {
      "srcTextID": "18779",
      "srcText": "“제 손수건이 바람에 날려 저기 걸렸어요. 그래서.” 높은 나뭇가지에 걸린 손수건이 예쁘게 살랑거렸어. 거인의 마음도 이상스레 살랑거렸지.",
      "srcPage": 14,
      "srcSentenceEA": 4,
      "srcWordEA": 20,
      "character": "레옹 뒤프르,파브르,곤충학자,노래기벌,연구 논문,어린이를 위한 과학,레지옹 도뇌르 훈장",
      "setting": null,
      "action": null,
      "feeling": "감명,주목을 받았고,인정받았습니다,영예를",
      "causalRelationship": "그가 곤충학자가 되기로 결심한 것은 그의 나이 31세 때입니다. 레옹 뒤프르라는 사람이 쓴 책을 읽고 감명을 받고 난 뒤였지요.",
      "outcomeResolution": null,
      "prediction": null,
      "plotSummaryInfoCount": 1,
      "plotSummaryInfo": {
        "classification": "의사소통",
        "readAge": "초등_저학년",
        "form": "long-form",
        "plotSummaryText": "바람에 손수건이 날아가 나뭇가지에 걸렸다 말했고, 손수건이 나뭇가지에 걸려 있는 것을 본 거인의 마음도 살랑거렸습니다.",
        "textWordEA": 15
      }
    },
    {
      "srcTextID": "18780",
      "srcText": "거인은 아이를 들어 올려 주었단다. 아이는 손수건을 잡고는 방긋 웃었지. 거인은 그 귀여운 모습에 그만 따라 웃고 말았어. 그때 신기하게도 나뭇가지에는 꽃들이 피어났어.",
      "srcPage": 15,
      "srcSentenceEA": 4,
      "srcWordEA": 26,
      "character": "거인,아이,손수건,나뭇가지,꽃",
      "setting": null,
      "action": "들어 올려 주었단다,잡고는,방긋 웃었지,따라 웃고 말았어",
      "feeling": "귀여운",
      "causalRelationship": null,
      "outcomeResolution": "그때 신기하게도 나뭇가지에는 꽃들이 피어났어",
      "prediction": null,
      "plotSummaryInfoCount": 1,
      "plotSummaryInfo": {
        "classification": "의사소통",
        "readAge": "초등_저학년",
        "form": "long-form",
        "plotSummaryText": "거인이 들어 올려주자 손수건을 잡은 아이가 웃었고, 거인이 따라 웃자 나뭇가지에 꽃이 피어났습니다.",
        "textWordEA": 13
      }
    },
    {
      "srcTextID": "18768",
      "srcText": "그런데 정원을 좋아하는 마음만큼이나 걱정하는 마음도 컸지. “사람들이 나 몰래 들어와서 꽃이랑 열매랑 몽땅 훔쳐 갈지도 몰라.” 그래서 거인은 정원 둘레에 나무 울타리를 높이 세웠단다.",
      "srcPage": 2,
      "srcSentenceEA": 3,
      "srcWordEA": 26,
      "character": "사람들,꽃,열매,거인,나무 울타리",
      "setting": "정원",
      "action": "나무 울타리를 높이 세웠단다.",
      "feeling": "좋아하는,걱정하는",
      "causalRelationship": null,
      "outcomeResolution": "그래서 거인은 정원 둘레에 나무 울타리를 높이 세웠단다",
      "prediction": null,
      "plotSummaryInfoCount": 1,
      "plotSummaryInfo": {
        "classification": "의사소통",
        "readAge": "초등_저학년",
        "form": "short-form",
        "plotSummaryText": "정원을 좋아한 거인은 사람들이 정원에 들어와 꽃과 열매를 훔쳐 갈지도 모른다는 생각에 높은 나무 울타리를 세웠습니다.",
        "textWordEA": 16
      }
    },
    {
      "srcTextID": "18770",
      "srcText": "거인이 떠나고 하루, 이틀, 사흘, 나흘, 닷새, 엿새, 그리고 이레가 지났어. 자그마한 여자아이 하나가 나무 울타리에서 구멍을 발견했단다. 구멍 안으로 들어간 여자아이는 눈이 휘둥그레졌어.",
      "srcPage": 5,
      "srcSentenceEA": 3,
      "srcWordEA": 26,
      "character": "거인,여자아이,나무 울타리,구멍",
      "setting": "구멍,이레",
      "action": "떠나고,발견했단다",
      "feeling": null,
      "causalRelationship": null,
      "outcomeResolution": null,
      "prediction": "구멍 안으로 들어간 여자아이는 눈이 휘둥그레졌어.",
      "plotSummaryInfoCount": 1,
      "plotSummaryInfo": {
        "classification": "의사소통",
        "readAge": "초등_저학년",
        "form": "short-form",
        "plotSummaryText": "거인이 떠난 후 이레가 지났고, 여자아이가 나무 울타리의 구멍을 발견한 후 들어가 보곤 눈이 휘둥그레졌습니다.",
        "textWordEA": 15
      }
    },
    {
      "srcTextID": "18769",
      "srcText": "먼 옛날, 저 성에 거인이 정말로 살았더란다. 거인은 자기 정원을 무척 좋아했어. “이 세상에 이만큼 아름다운 정원은 없을걸?”",
      "srcPage": 1,
      "srcSentenceEA": 3,
      "srcWordEA": 19,
      "character": "거인,정원",
      "setting": "먼 옛날,성",
      "action": "살았더란다",
      "feeling": "무척 좋아했어",
      "causalRelationship": null,
      "outcomeResolution": null,
      "prediction": null,
      "plotSummaryInfoCount": 1,
      "plotSummaryInfo": {
        "classification": "의사소통",
        "readAge": "초등_저학년",
        "form": "short-form",
        "plotSummaryText": "먼 옛날 정원을 무척 좋아하는 거인이 성에 살았고, 그는 정원이 아름답다 생각했습니다.",
        "textWordEA": 12
      }
    },
    {
      "srcTextID": "93471",
      "srcText": "\"결혼식에 꼭 와 주기 바라네.\" 거인은 정원이 괜찮을지 걱정되긴 했지만, 나무 울타리에 경고문을 커다랗게 붙이고 쿵쿵쿵 길을 떠났단다. 나의 정원에 들어오는 사람은 무시무시한 벌을 받을 것이다!",
      "srcPage": 4,
      "srcSentenceEA": 3,
      "srcWordEA": 28,
      "character": "거인,나무 울타리,경고문,사람",
      "setting": "정원",
      "action": "붙이고,길을 떠났단다,들어오는",
      "feeling": "걱정되긴 했지만",
      "causalRelationship": null,
      "outcomeResolution": null,
      "prediction": null,
      "plotSummaryInfoCount": 1,
      "plotSummaryInfo": {
        "classification": "의사소통",
        "readAge": "초등_저학년",
        "form": "short-form",
        "plotSummaryText": "결혼식에 꼭 와달라는 말에 거인은 정원 나무 울타리에 들어오면 벌받을 것이라는 경고문을 붙이고 길을 떠났습니다.",
        "textWordEA": 15
      }
    },
    {
      "srcTextID": "18781",
      "srcText": "그러자 정원 이곳저곳에 숨어 있던 아이들이 튀어나왔어. 아이들은 거인과 여자아이를 둘러쌌단다. 때마침 정원에 따스한 남쪽 바람이 불어왔어.",
      "srcPage": 16,
      "srcSentenceEA": 3,
      "srcWordEA": 19,
      "character": "아이들,거인,여자아이",
      "setting": "정원",
      "action": "숨어 있던,튀어나왔어,둘러쌌단다",
      "feeling": null,
      "causalRelationship": null,
      "outcomeResolution": null,
      "prediction": null,
      "plotSummaryInfoCount": 1,
      "plotSummaryInfo": {
        "classification": "의사소통",
        "readAge": "초등_저학년",
        "form": "short-form",
        "plotSummaryText": "정원에 숨어있던 아이들이 나와 거인과 여자아이를 둘러쌓았고, 정원에 따뜻한 남쪽 바람이 불어왔습니다.",
        "textWordEA": 12
      }
    },
    {
      "srcTextID": "18775",
      "srcText": "거인은 두툼한 담요를 뒤집어쓴 채 정원을 바라보았어. “어째서 이렇게 겨울이 길지? 왜 봄이 오지 않는 거야?” 그때 정원의 나무 사이로 반짝 무언가 움직였어.",
      "srcPage": 11,
      "srcSentenceEA": 4,
      "srcWordEA": 25,
      "character": "거인,담요,나무",
      "setting": "정원,겨울",
      "action": "바라보았어",
      "feeling": null,
      "causalRelationship": null,
      "outcomeResolution": null,
      "prediction": null,
      "plotSummaryInfoCount": 1,
      "plotSummaryInfo": {
        "classification": "의사소통",
        "readAge": "초등_저학년",
        "form": "long-form",
        "plotSummaryText": "거인은 담요를 덮고 긴 겨울을 탓하며 정원을 바라보았는데, 정원의 나무 사이에 움직임이 보였습니다.",
        "textWordEA": 13
      }
    }
  ]
}