{
  "title": "황새가 된 임금님",
  "author": "빌헬름 하우프",
  "illustrator": "이종균",
  "isbn": "9791128210693",
  "publishedYear": 2018,
  "publisher": "아람북스",
  "paragraphInfoCount": 25,
  "paragraphInfo": [
    {
      "srcTextID": "18208",
      "srcText": "그때, 황새들의 이야기 소리가 들렸어. “개구리 다리 하나 나눠 줄까?” “아니 안 먹을래. 요즘 자꾸 엉덩이에 살이 쪄서. 그리고 지금 좀 바빠. 춤 연습을 해야 하거든.”",
      "srcPage": 9,
      "srcSentenceEA": 6,
      "srcWordEA": 29,
      "character": "황새,개구리 다리,엉덩이",
      "setting": "그때",
      "action": "소리가 들렸어,나눠 줄까,바빠,춤 연습",
      "feeling": null,
      "causalRelationship": null,
      "outcomeResolution": null,
      "prediction": null,
      "plotSummaryInfoCount": 1,
      "plotSummaryInfo": {
        "classification": "의사소통",
        "readAge": "초등_저학년",
        "form": "long-form",
        "plotSummaryText": "황새가 되자 개구리 다리 나눠 줄까 하니 살이 쪄서 춤 연습을 한다는 황새들의 이야기가 들리기 시작했습니다.",
        "textWordEA": 16
      }
    },
    {
      "srcTextID": "18214",
      "srcText": "며칠이 지나자 새 임금님이 온다는 소문으로 나라 안이 떠들썩했어. 새 임금님은 다름 아닌 장사꾼의 아들이었어. 자기 아들을 왕으로 만들고 싶었던 마법사가 장사꾼으로 변장해서 임금님을 속였던 거야. 그 소문을 들은 임금님은 땅을 치며 후회했지.",
      "srcPage": 12,
      "srcSentenceEA": 4,
      "srcWordEA": 36,
      "character": "새 임금님,장사꾼,아들,마법사,왕,땅",
      "setting": "며칠이 지나자,나라 안",
      "action": "온다는,만들고,변장해서,속였던,땅을 치며",
      "feeling": "후회했지",
      "causalRelationship": null,
      "outcomeResolution": null,
      "prediction": null,
      "plotSummaryInfoCount": 1,
      "plotSummaryInfo": {
        "classification": "의사소통",
        "readAge": "초등_저학년",
        "form": "long-form",
        "plotSummaryText": "며칠이 지나 새 임금님이 온다는 소문으로 나라 안이 떠들썩해졌는데,새 임금님은 장사꾼의 아들이였고 그 소문을 들은 임금님은 땅을 치며 후회했습니다.",
        "textWordEA": 19
      }
    },
    {
      "srcTextID": "18216",
      "srcText": "부엉이 공주가 한쪽 날개로 눈물을 닦으며 하소연했어. “그것참, 실은 우리도 마법사에게 당했다오.” 임금님은 부엉이 공주에게 그동안 있었던 일을 이야기했어.",
      "srcPage": 14,
      "srcSentenceEA": 3,
      "srcWordEA": 20,
      "character": "부엉이 공주,한쪽 날개,눈물,마법사,임금님",
      "setting": null,
      "action": "닦으며,하소연했어,이야기했어",
      "feeling": null,
      "causalRelationship": null,
      "outcomeResolution": null,
      "prediction": null,
      "plotSummaryInfoCount": 1,
      "plotSummaryInfo": {
        "classification": "의사소통",
        "readAge": "초등_저학년",
        "form": "short-form",
        "plotSummaryText": "부엉이 공주가 눈물을 닦으며 하소연 하자,임금님도 마법사에게 당했다며 그동안 있었던 일을 이야기했습니다.",
        "textWordEA": 12
      }
    },
    {
      "srcTextID": "18202",
      "srcText": "임금님은 나라에서 가장 똑똑한 학자를 불렀어. 학자는 쪽지에 적힌 글을 찬찬히 보며 말했어. “이 가루를 먹은 다음 ‘무타보!’ 하면 동물로 변합니다.",
      "srcPage": 5,
      "srcSentenceEA": 4,
      "srcWordEA": 23,
      "character": "임금님,학자,쪽지,글,가루,동물",
      "setting": null,
      "action": "불렀어,보며,말했어,변합니다",
      "feeling": null,
      "causalRelationship": null,
      "outcomeResolution": null,
      "prediction": "이 가루를 먹은 다음 무타보!’하면 동물로 변합니다.",
      "plotSummaryInfoCount": 1,
      "plotSummaryInfo": {
        "classification": "의사소통",
        "readAge": "초등_저학년",
        "form": "long-form",
        "plotSummaryText": "임금님이 부른 학자는 쪽지에 적힌 글을 보며 이 가루를 먹음 다음 무타보라고 외치면 동물로 변한다고 했습니다.",
        "textWordEA": 16
      }
    },
    {
      "srcTextID": "18201",
      "srcText": "다시 사람이 되려면 동쪽을 향해 세 번 절한 뒤 ‘무타보!’ 하면 되지요. 그런데 동물로 변했을 때 절대 웃으시면 안 됩니다. 주문을 잊어버리거든요.” 임금님은 어떤 동물로 변할까 생각하느라 밤새 잠을 이루지 못했지.",
      "srcPage": 6,
      "srcSentenceEA": 5,
      "srcWordEA": 35,
      "character": "사람,동물,임금님",
      "setting": "동쪽,밤새",
      "action": "절한,웃으시면,잠을 이루지 못했지",
      "feeling": null,
      "causalRelationship": null,
      "outcomeResolution": null,
      "prediction": null,
      "plotSummaryInfoCount": 1,
      "plotSummaryInfo": {
        "classification": "의사소통",
        "readAge": "초등_저학년",
        "form": "long-form",
        "plotSummaryText": "다시 사람이 되려면 동쪽을 향해 세 번 절한 뒤 무타보하면 된다는 말을 들은 임금님은 어떤 동물로 변할지 생각하느라 잠을 이루지 못했습니다.",
        "textWordEA": 21
      }
    },
    {
      "srcTextID": "18209",
      "srcText": "황새는 한쪽 다리를 들고 날개를 우아하게 펼치며 춤을 추었어. 그러다 첨벙 넘어지고 말았지. “하 하 하 하 하 하!” 황새가 된 임금님과 신하는 웃음을 터트렸어.",
      "srcPage": 10,
      "srcSentenceEA": 4,
      "srcWordEA": 27,
      "character": "황새,한쪽 다리,날개,임금님,신하",
      "setting": null,
      "action": "들고,펼치며,춤을 추었어,넘어지고,웃음을 터트렸어",
      "feeling": null,
      "causalRelationship": null,
      "outcomeResolution": null,
      "prediction": null,
      "plotSummaryInfoCount": 1,
      "plotSummaryInfo": {
        "classification": "의사소통",
        "readAge": "초등_저학년",
        "form": "long-form",
        "plotSummaryText": "황새가 된 임금님과 신하는 다리를 들고 날개를 우아하게 펼치며 춤을 추다 넘어지는 황새를 보고 웃음을 터트렸습니다.",
        "textWordEA": 16
      }
    },
    {
      "srcTextID": "18210",
      "srcText": "“하 하 하 하, 이를 어째!” “다시 돌아오는 주문이 뭐였죠?” “음, 부부부라보? 아냐 아냐!” “그럼, 무무무 다리?” 왕과 신하는 그 자리에 털썩 주저앉고 말았지. 아무리 머리를 쥐어짜도 도무지 주문이 생각나지 않았어. 황새가 된 임금님과 신하는 지는 해를 바라보며 하염없이 눈물만 흘렸어.",
      "srcPage": 11,
      "srcSentenceEA": 8,
      "srcWordEA": 45,
      "character": "왕,신하,황새,임금님",
      "setting": "지는 해",
      "action": "주저앉고,쥐어짜도,생각나지 않았어,바라보며,눈물만 흘렸어",
      "feeling": null,
      "causalRelationship": null,
      "outcomeResolution": null,
      "prediction": null,
      "plotSummaryInfoCount": 1,
      "plotSummaryInfo": {
        "classification": "의사소통",
        "readAge": "초등_저학년",
        "form": "long-form",
        "plotSummaryText": "왕과 신하는 아무리 머리를 쥐어짜도 주문이 생각나지 않자 지는 해를 보며 하염없이 눈물만 흘렸습니다.",
        "textWordEA": 14
      }
    },
    {
      "srcTextID": "18217",
      "srcText": "“오오! 부엉이 공주, 그날을 알려 주시오!” 부엉이 공주는 가느다란 목소리로 이렇게 말했어. “대신 두 분 가운데 한 분은 저와 결혼해 주셔야 해요. 그래야 제가 사람으로 돌아갈 수 있습니다.” 한쪽 날개로 머리를 긁적이던 임금님은 신하를 데리고 밖으로 나왔어.",
      "srcPage": 16,
      "srcSentenceEA": 5,
      "srcWordEA": 41,
      "character": "부엉이 공주,한쪽 날개,임금님,신하",
      "setting": null,
      "action": "결혼해,돌아갈 수,말했어,데리고,밖으로 나왔어",
      "feeling": null,
      "causalRelationship": null,
      "outcomeResolution": null,
      "prediction": null,
      "plotSummaryInfoCount": 1,
      "plotSummaryInfo": {
        "classification": "의사소통",
        "readAge": "초등_저학년",
        "form": "long-form",
        "plotSummaryText": "그날을 알려달라고 하자 부엉이 공주는 사람으로 돌아가기 위해 두 사람 가운데 한 명은 자신과 결혼해야 한다고 했습니다.",
        "textWordEA": 17
      }
    },
    {
      "srcTextID": "18198",
      "srcText": "그날따라 임금님은 참 심심했어. 천장을 멀뚱멀뚱 쳐다보다 콧구멍을 후볐고, 괜히 연못에 돌을 던지기도 했으니까. 그때였어. 장사꾼이 들이닥친 건 말이야.",
      "srcPage": 1,
      "srcSentenceEA": 4,
      "srcWordEA": 22,
      "character": "임금님,천장,콧구멍,돌,장사꾼",
      "setting": "연못,그때였어",
      "action": "쳐다보다,후볐고,던지기도,들이닥친",
      "feeling": "심심했어",
      "causalRelationship": null,
      "outcomeResolution": null,
      "prediction": null,
      "plotSummaryInfoCount": 1,
      "plotSummaryInfo": {
        "classification": "의사소통",
        "readAge": "초등_저학년",
        "form": "long-form",
        "plotSummaryText": "할 일 없이 천장을 쳐다보고 연못에 돌을 던질 정도로 심심했던 임금님에게 갑자기 장사꾼이 들이닥쳤습니다.",
        "textWordEA": 14
      }
    },
    {
      "srcTextID": "18197",
      "srcText": "“여러 나라에서 들여온 귀한 물건입니다.” 임금님은 장사꾼이 가져온 물건을 요리조리 살펴보았어. 그러다 상자 하나를 발견했지.",
      "srcPage": 2,
      "srcSentenceEA": 3,
      "srcWordEA": 17,
      "character": "임금님,장사꾼,물건,상자 하나",
      "setting": null,
      "action": "들여온,가져온,살펴보았어,발견했지",
      "feeling": "귀한",
      "causalRelationship": null,
      "outcomeResolution": null,
      "prediction": null,
      "plotSummaryInfoCount": 1,
      "plotSummaryInfo": {
        "classification": "의사소통",
        "readAge": "초등_저학년",
        "form": "short-form",
        "plotSummaryText": " 임금님은 장사꾼이 가져온 여러 나라에서 들여온 귀한 물건을 이리저리 살펴보다 상자 하나를 발견했습니다.",
        "textWordEA": 13
      }
    },
    {
      "srcTextID": "18218",
      "srcText": "울음을 그친 부엉이 공주가 마음을 가라앉히고 말했어. “마법사들이 한 달에 한 번 이곳에 와 자신들이 저지른 나쁜 짓을 떠벌린답니다. 어쩌면 그때, 주문을 알아낼 수 있을 거예요.”",
      "srcPage": 15,
      "srcSentenceEA": 3,
      "srcWordEA": 27,
      "character": "부엉이 공주,마법사,자신들",
      "setting": null,
      "action": "울음을 그친,말했어,떠벌린답니다,알아낼 수",
      "feeling": null,
      "causalRelationship": null,
      "outcomeResolution": null,
      "prediction": null,
      "plotSummaryInfoCount": 1,
      "plotSummaryInfo": {
        "classification": "의사소통",
        "readAge": "초등_저학년",
        "form": "short-form",
        "plotSummaryText": "부엉이 공주는 마법사들이 한 달에 한 번 이곳에 와 자신들이 저지른 나쁜 짓을 떠버릴 때 주문을 알아낼 수 있을 거라고 했습니다.",
        "textWordEA": 21
      }
    },
    {
      "srcTextID": "18221",
      "srcText": "“한 나라의 왕이 어찌 부엉이와 결혼을 한단 말이냐.” 임금님이 펄쩍 뛰었지만 다른 방법이 없었어. 임금님은 날개를 축 늘어뜨리고 부엉이 공주에게 말했어.",
      "srcPage": 18,
      "srcSentenceEA": 3,
      "srcWordEA": 23,
      "character": "왕,부엉이,임금님,날개,부엉이 공주",
      "setting": null,
      "action": "날개를 축 늘어뜨리고,말했어",
      "feeling": null,
      "causalRelationship": null,
      "outcomeResolution": null,
      "prediction": null,
      "plotSummaryInfoCount": 1,
      "plotSummaryInfo": {
        "classification": "의사소통",
        "readAge": "초등_저학년",
        "form": "short-form",
        "plotSummaryText": "임금님은 한 나라의 왕이 어찌 부엉이와 결혼을 하느냐며 펄쩍 뛰었지만 다른 방법이 없어 날개를 축 늘어뜨리고 부엉이 공주에게 말했습니다.",
        "textWordEA": 19
      }
    },
    {
      "srcTextID": "18200",
      "srcText": "“이 상자는 무엇이냐?” “이건 아주 특별한 것이지요.” 장사꾼은 임금님을 흘끔 쳐다보았어. 상자 안에는 알 수 없는 글자가 적힌 쪽지와 거무스름한 가루가 담긴 통이 들어 있었어.",
      "srcPage": 3,
      "srcSentenceEA": 4,
      "srcWordEA": 27,
      "character": "상자,장사꾼,임금님,쪽지,가루,통",
      "setting": null,
      "action": "쳐다보았어,들어 있었어",
      "feeling": null,
      "causalRelationship": null,
      "outcomeResolution": null,
      "prediction": null,
      "plotSummaryInfoCount": 1,
      "plotSummaryInfo": {
        "classification": "의사소통",
        "readAge": "초등_저학년",
        "form": "long-form",
        "plotSummaryText": "알 수 없는 글자가 적힌 쪽지가 들어 있는 상자가 무엇이냐고 임금님이 묻자 장사꾼은 아주 특별한 물건이라고 했습니다.",
        "textWordEA": 17
      }
    },
    {
      "srcTextID": "18199",
      "srcText": " “마음에 드신다면 특별히 임금님께 드리지요.” 임금님은 그 말에 솔깃해서 상자를 받았어. 쪽지에 뭐라고 적혔는지 궁금해서 참을 수가 없었거든.",
      "srcPage": 4,
      "srcSentenceEA": 3,
      "srcWordEA": 20,
      "character": "임금님,상자,쪽지",
      "setting": null,
      "action": "드리지요,받았어,적혔는지",
      "feeling": null,
      "causalRelationship": null,
      "outcomeResolution": null,
      "prediction": null,
      "plotSummaryInfoCount": 1,
      "plotSummaryInfo": {
        "classification": "의사소통",
        "readAge": "초등_저학년",
        "form": "short-form",
        "plotSummaryText": "장사꾼이 임금님에게 그 상자를 주겠다고 하자, 상자 속 쪽지 내용이 궁금했던 임금님은 솔깃해서 상자를 받았습니다.",
        "textWordEA": 15
      }
    },
    {
      "srcTextID": "18204",
      "srcText": "임금님은 믿을 만한 신하와 몰래 궁전을 빠져나왔어. “어떤 동물이 좋을까?” 마침 연못에는 황새들이 ‘딱딱’ 소리를 내고 있었어. “바로 저거야!” 왕과 신하는 가루를 입안에 탁 털어 넣고, ‘무타보!’를 외쳤어.",
      "srcPage": 7,
      "srcSentenceEA": 7,
      "srcWordEA": 32,
      "character": "임금님,신하,동물,황새,왕,가루",
      "setting": "궁전,연못",
      "action": "빠져나왔어,소리를 내고,털어 넣고,외쳤어",
      "feeling": "좋을까",
      "causalRelationship": null,
      "outcomeResolution": null,
      "prediction": null,
      "plotSummaryInfoCount": 1,
      "plotSummaryInfo": {
        "classification": "의사소통",
        "readAge": "초등_저학년",
        "form": "long-form",
        "plotSummaryText": "임금님은 믿을 만한 신하와 몰래 궁전을 빠져 나와서 연못에 황새를 보고 신하와 함께 가루를 입안에 넣고,무타보를 외쳤습니다.",
        "textWordEA": 17
      }
    },
    {
      "srcTextID": "18203",
      "srcText": "그러자 다리가 가늘어지고 팔은 큰 날개로 변했지. “와! 정말 황새로 변했습니다.” 신하는 날개를 퍼드덕거리며 폴짝폴짝 뛰었어. 임금님은 목을 쭉 빼며 늠름하게 걸었지.",
      "srcPage": 8,
      "srcSentenceEA": 4,
      "srcWordEA": 25,
      "character": "다리,팔,큰 날개,황새,신하,임금님,목",
      "setting": null,
      "action": "가늘어지고,변했지,퍼드덕거리며,뛰었어,빼며,걸었지",
      "feeling": null,
      "causalRelationship": null,
      "outcomeResolution": null,
      "prediction": null,
      "plotSummaryInfoCount": 1,
      "plotSummaryInfo": {
        "classification": "의사소통",
        "readAge": "초등_저학년",
        "form": "long-form",
        "plotSummaryText": "다리가 가늘어지고 팔이 큰 날개로 변하자,신하는 날개를 퍼드덕거리며 뛰었고 임금님은 목을 쭉 빼며 늠름하게 걸었습니다.",
        "textWordEA": 15
      }
    },
    {
      "srcTextID": "18215",
      "srcText": "그때였어. 낡은 성에서 이상한 울음소리가 들렸어. “엉엉, 부어엉, 저는 인도의 공주예요. 마법사가 자신의 아들과 결혼하지 않는다고 저를 부엉이로 만들어 버렸어요.”",
      "srcPage": 13,
      "srcSentenceEA": 3,
      "srcWordEA": 22,
      "character": "인도,공주,마법사,아들,부엉이",
      "setting": "그때였어,낡은 성",
      "action": "들렸어,만들어 버렸어요",
      "feeling": null,
      "causalRelationship": null,
      "outcomeResolution": null,
      "prediction": null,
      "plotSummaryInfoCount": 1,
      "plotSummaryInfo": {
        "classification": "의사소통",
        "readAge": "초등_저학년",
        "form": "short-form",
        "plotSummaryText": "낡은 성에서 울음소리가 들렸는데,마법사가 자신의 아들과 결혼하지 않는다고 부엉이로 만든 인도의 공주였어요.",
        "textWordEA": 12
      }
    },
    {
      "srcTextID": "18220",
      "srcText": "“자네가 부엉이 공주와 결혼하게나.” “예? 전 이미 오래전에 결혼을 했는걸요. 오히려 임금님이 아직 혼자 계시니 이참에 공주와 결혼을 하시는 게 어떨지.”",
      "srcPage": 17,
      "srcSentenceEA": 3,
      "srcWordEA": 23,
      "character": "부엉이 공주,임금님",
      "setting": null,
      "action": "결혼을 했는걸요",
      "feeling": null,
      "causalRelationship": null,
      "outcomeResolution": null,
      "prediction": "임금님이 아직 혼자 계시니 이참에 공주와 결혼을 하시는 게 어떨지.",
      "plotSummaryInfoCount": 1,
      "plotSummaryInfo": {
        "classification": "의사소통",
        "readAge": "초등_저학년",
        "form": "short-form",
        "plotSummaryText": "임금님은 신하에게 부엉이 공주와 결혼하라고 했으나 신하는 임금님이 아직 혼자 계시니 이참에 공주와 결혼을 하시는 게 어떨지 라고 했습니다.",
        "textWordEA": 19
      }
    },
    {
      "srcTextID": "18219",
      "srcText": "“내가 공주님과 결혼하겠소.” 부엉이 공주는 부끄러운 듯 고개를 숙였지. “고맙습니다. 바로 오늘이 마법사들이 모이는 날입니다.”",
      "srcPage": 19,
      "srcSentenceEA": 3,
      "srcWordEA": 17,
      "character": "부엉이 공주,마법사",
      "setting": null,
      "action": "고개를 숙였지",
      "feeling": "부끄러운,고맙습니다",
      "causalRelationship": null,
      "outcomeResolution": null,
      "prediction": null,
      "plotSummaryInfoCount": 1,
      "plotSummaryInfo": {
        "classification": "의사소통",
        "readAge": "초등_저학년",
        "form": "short-form",
        "plotSummaryText": "임금님은 자신이 공주와 결혼하겠다고 하자, 부엉이 공주는부끄러운 듯 고개를 숙이며 오늘이 마법사들이 모이는 날이라고 했습니다.",
        "textWordEA": 15
      }
    },
    {
      "srcTextID": "18223",
      "srcText": "임금님과 신하는 부엉이 공주를 따라 좁다란 복도를 지나갔어. 방 안에선 마법사들이 신나게 떠들고 있었어. 그중엔 임금님을 속인 마법사도 있었어.",
      "srcPage": 20,
      "srcSentenceEA": 3,
      "srcWordEA": 21,
      "character": "임금님,신하,부엉이 공주,마법사",
      "setting": "좁다란 복도,방 안",
      "action": "따라,지나갔어,떠들고",
      "feeling": "신나게",
      "causalRelationship": null,
      "outcomeResolution": null,
      "prediction": null,
      "plotSummaryInfoCount": 1,
      "plotSummaryInfo": {
        "classification": "의사소통",
        "readAge": "초등_저학년",
        "form": "short-form",
        "plotSummaryText": "좁다란 복도를 지난 방 안에선 마법사들이 신나게 떠들고 있었는데 그중엔 임금님을 속인 마법사도 있었습니다.",
        "textWordEA": 14
      }
    },
    {
      "srcTextID": "18222",
      "srcText": "“바보 같은 임금이 걸려들 줄이야? 하하하!” “그런데 그 주문이 뭐였나?” “그건 바로 ‘무타보!’라네.” 임금님과 신하는 기둥 뒤에서 그 말을 듣자마자 한달음에 성을 빠져나왔지.",
      "srcPage": 21,
      "srcSentenceEA": 5,
      "srcWordEA": 26,
      "character": "임금님,신하",
      "setting": "기둥 뒤,성",
      "action": "듣자마자,빠져나왔지",
      "feeling": null,
      "causalRelationship": null,
      "outcomeResolution": null,
      "prediction": null,
      "plotSummaryInfoCount": 1,
      "plotSummaryInfo": {
        "classification": "의사소통",
        "readAge": "초등_저학년",
        "form": "long-form",
        "plotSummaryText": "임금님과 신하는 기둥 뒤에서 자신들을 속인 마법사가 주문이 무타보라고 하자 한달음에 성을 빠져나왔습니다.",
        "textWordEA": 13
      }
    },
    {
      "srcTextID": "18224",
      "srcText": "임금님과 신하는 떠오르는 해를 향해 세 번 절하고 큰 소리로 ‘무타보!’를 외쳤어. 그러자 ‘펑’ 하고, 원래의 모습으로 돌아왔지. 사람이 된 임금님과 신하는 부둥켜안고 기뻐했어. 기뻐하던 임금님이 이상한 기척에 뒤를 돌아보니 웬 아름다운 아가씨가 앉아 있었어.",
      "srcPage": 22,
      "srcSentenceEA": 6,
      "srcWordEA": 40,
      "character": "임금님,신하,해,사람,아가씨",
      "setting": null,
      "action": "절하고,외쳤어,돌아왔지,부둥켜안고,돌아보니,앉아",
      "feeling": "기뻐했어,아름다운",
      "causalRelationship": null,
      "outcomeResolution": null,
      "prediction": null,
      "plotSummaryInfoCount": 1,
      "plotSummaryInfo": {
        "classification": "의사소통",
        "readAge": "초등_저학년",
        "form": "long-form",
        "plotSummaryText": "임금과 신하는 떠오르는 해를 향해 세 번 절하고 무타보라고 외치자 원래 모습으로 돌아왔고,기뻐하던 임금님이 이상한 기척에 뒤를 돌아보니 아름다운 아가씨가 앉아 있었습니다.",
        "textWordEA": 22
      }
    },
    {
      "srcTextID": "18225",
      "srcText": "“설마 부엉이 공주?” “네, 제가 부엉이 공주입니다.” “정말 아름답군요. 나와 함께 궁전으로 갑시다.” 세 사람은 궁전으로 향했어. 임금님은 마법사를 잡아 벌을 주었고, 왕 노릇을 한 마법사의 아들에겐 거무스름한 가루약을 먹여 황새로 변하게 했어. 그뿐 아니라 간지럼을 태워 웃게 만들고는 새장에 가둬 버렸지. ",
      "srcPage": 23,
      "srcSentenceEA": 7,
      "srcWordEA": 46,
      "character": "부엉이 공주,임금님,마법사,마법사의 아들,새장",
      "setting": "궁전",
      "action": "향했어,잡아,벌을 주었고,먹여,변하게 했어,웃게 만들고는,가둬 버렸지",
      "feeling": "아름답군요",
      "causalRelationship": null,
      "outcomeResolution": null,
      "prediction": null,
      "plotSummaryInfoCount": 1,
      "plotSummaryInfo": {
        "classification": "의사소통",
        "readAge": "초등_저학년",
        "form": "long-form",
        "plotSummaryText": "임금님은 부엉이 공주와 함께 궁전으로 가 마법사를 잡아 벌을 주고 그의 아들에겐 가루약을 먹여 황새로 변하게 한 뒤 웃게 만들어 새장에 가둬 버렸습니다.",
        "textWordEA": 23
      }
    },
    {
      "srcTextID": "18227",
      "srcText": "임금님은 공주와 결혼해 행복하게 살았어. 이따금 심심해질 때면 왕은 황새 흉내를 냈어. ‘딱딱’ 부리 부딪치는 소리를 내기도 하고, 퍼드덕거리며 궁전을 돌아다녔어.",
      "srcPage": 24,
      "srcSentenceEA": 4,
      "srcWordEA": 24,
      "character": "임금님,공주,왕,황새",
      "setting": "궁전",
      "action": "살았어,흉내를 냈어,부딪치는,퍼드덕거리며,돌아다녔어",
      "feeling": "행복하게",
      "causalRelationship": null,
      "outcomeResolution": null,
      "prediction": null,
      "plotSummaryInfoCount": 1,
      "plotSummaryInfo": {
        "classification": "의사소통",
        "readAge": "초등_저학년",
        "form": "long-form",
        "plotSummaryText": "임금님은 심심해질 때면 황새 흉내를 내기도 하며 공주와 결혼해 행복하게 살았습니다.",
        "textWordEA": 11
      }
    },
    {
      "srcTextID": "18226",
      "srcText": "그럼 왕비도 부끄러운 듯 ‘부엉부엉’ 소리를 냈지. 아이들은 배꼽을 잡고 웃었어. 궁전에서 웃음이 떠나지 않았지.",
      "srcPage": 25,
      "srcSentenceEA": 4,
      "srcWordEA": 18,
      "character": "왕비,아이들,배꼽",
      "setting": "궁전",
      "action": "소리를 냈지,잡고,웃었어",
      "feeling": "부끄러운",
      "causalRelationship": null,
      "outcomeResolution": null,
      "prediction": null,
      "plotSummaryInfoCount": 1,
      "plotSummaryInfo": {
        "classification": "의사소통",
        "readAge": "초등_저학년",
        "form": "long-form",
        "plotSummaryText": "왕비도 부끄러운 듯 부엉부엉 소리를 내면 아이들은 배꼽을 잡고 웃어 궁전에서 웃음이 떠나지 않았습니다.",
        "textWordEA": 14
      }
    }
  ]
}