{
  "title": "잠자는 숲속의 공주",
  "author": "어깨동무",
  "illustrator": "김홍렬",
  "isbn": "9788992191333",
  "publishedYear": 2006,
  "publisher": "한국아이엔이",
  "paragraphInfoCount": 24,
  "paragraphInfo": [
    {
      "srcTextID": "101132",
      "srcText": "드디어 공주의 열여섯 번째 생일이 되었습니다. 요정들은 생일 파티 준비를 하느라 몹시 바빴습니다. 어여쁜 아가씨로 자란 공주는 숲속을 거닐며 산딸기를 땄습니다.",
      "srcPage": 7,
      "srcSentenceEA": 3,
      "srcWordEA": 23,
      "character": "공주,요정들,아가씨,산딸기",
      "setting": "열여섯 번째 생일,숲속",
      "action": "준비를 하느라,거닐며,땄습니다",
      "feeling": null,
      "causalRelationship": null,
      "outcomeResolution": null,
      "prediction": null,
      "plotSummaryInfoCount": 1,
      "plotSummaryInfo": {
        "classification": "의사소통",
        "readAge": "초등_저학년",
        "form": "short-form",
        "plotSummaryText": "어여쁜 아가씨로 자란 공주의 열여섯 번째 생일이 되자 요정들은 파티 준비를 하느라 바빴고, 공주는 숲속에서 산딸기를 땄습니다.",
        "textWordEA": 17
      }
    },
    {
      "srcTextID": "101131",
      "srcText": "그러다가 시냇가에 앉아 아름다운 목소리로 노래를 불렀습니다. 숲속의 새들도 몰려와 공주와 함께 노래를 불렀습니다. 노랫소리는 숲속 멀리멀리 퍼졌습니다.",
      "srcPage": 8,
      "srcSentenceEA": 3,
      "srcWordEA": 20,
      "character": "새들,공주",
      "setting": "시냇가",
      "action": "앉아,노래를 불렀습니다,몰려와",
      "feeling": null,
      "causalRelationship": null,
      "outcomeResolution": null,
      "prediction": null,
      "plotSummaryInfoCount": 1,
      "plotSummaryInfo": {
        "classification": "의사소통",
        "readAge": "초등_저학년",
        "form": "short-form",
        "plotSummaryText": "공주는 시냇가에 앉아 아름다운 목소리로 노래를 불렀고, 노랫소리는 숲속 멀리멀리 퍼졌습니다.",
        "textWordEA": 11
      }
    },
    {
      "srcTextID": "101133",
      "srcText": "그때, 말을 탄 멋진 청년이 노랫소리에 이끌려 숲속으로 찾아왔습니다. '어머, 이 숲속에 저렇게 멋진 분이 계시다니!' 공주는 꿈을 꾸듯 황홀해했습니다.",
      "srcPage": 9,
      "srcSentenceEA": 3,
      "srcWordEA": 21,
      "character": "말,청년,멋진 분,공주",
      "setting": "숲속",
      "action": "탄,찾아왔습니다",
      "feeling": "황홀해했습니다",
      "causalRelationship": null,
      "outcomeResolution": null,
      "prediction": null,
      "plotSummaryInfoCount": 1,
      "plotSummaryInfo": {
        "classification": "의사소통",
        "readAge": "초등_저학년",
        "form": "short-form",
        "plotSummaryText": "그때, 말을 탄 멋진 청년이 노랫소리에 이끌려 숲속으로 찾아왔는데, 공주는 청년의 모습을 보고 황홀해했습니다.",
        "textWordEA": 14
      }
    },
    {
      "srcTextID": "101141",
      "srcText": "\"공주를 구할 사람은 필립 왕자밖에 없어.\" 요정들은 급히 왕자를 찾아갔습니다. \"오로라 공주님이 마법에 걸려 깊이 잠들었습니다. 왕자님만이 공주님을 구할 수 있습니다. 공주님을 구해 주십시오.\" 요정들은 왕자에게 공주 이야기를 하고, 마법의 칼과 방패를 주었습니다.",
      "srcPage": 17,
      "srcSentenceEA": 6,
      "srcWordEA": 37,
      "character": "공주,필립 왕자,요정들,마법의 칼,방패",
      "setting": null,
      "action": "구할,찾아갔습니다,잠들었습니다,구해,주었습니다",
      "feeling": null,
      "causalRelationship": null,
      "outcomeResolution": null,
      "prediction": null,
      "plotSummaryInfoCount": 1,
      "plotSummaryInfo": {
        "classification": "의사소통",
        "readAge": "초등_저학년",
        "form": "long-form",
        "plotSummaryText": "공주를 구할 사람은 필립 왕자밖에 없다고 생각한 요정들은 급히 그를 찾아가 마법의 칼과 방패를 주었습니다.",
        "textWordEA": 15
      }
    },
    {
      "srcTextID": "101125",
      "srcText": "옛날, 어느 나라에 어여쁜 공주가 태어났습니다. 임금님은 공주의 이름을 '오로라'라고 지었습니다. 사람들은 공주가 태어난 것을 축하했습니다.",
      "srcPage": 1,
      "srcSentenceEA": 4,
      "srcWordEA": 19,
      "character": "어여쁜 공주,임금님,공주,오로라,사람들",
      "setting": "어느 나라",
      "action": "태어났습니다,지었습니다,축하했습니다",
      "feeling": null,
      "causalRelationship": null,
      "outcomeResolution": null,
      "prediction": null,
      "plotSummaryInfoCount": 1,
      "plotSummaryInfo": {
        "classification": "의사소통",
        "readAge": "초등_저학년",
        "form": "long-form",
        "plotSummaryText": "어느 나라에 어여쁜 공주가 태어나자, 임금님은 그녀의 이름을 오로라라고 지었습니다.",
        "textWordEA": 10
      }
    },
    {
      "srcTextID": "101129",
      "srcText": "그러자 아직 축복의 말을 하지 않은 요정이 나서서 말했습니다. \"공주님은 죽지 않습니다. 다만, 오랫동안 잠들어 있다가, 사랑하는 사람이 입을 맞추면 다시 깨어날 것입니다.\"",
      "srcPage": 4,
      "srcSentenceEA": 3,
      "srcWordEA": 24,
      "character": "요정,공주님,사람",
      "setting": null,
      "action": "말했습니다,죽지,잠들어,맞추면,깨어날",
      "feeling": null,
      "causalRelationship": null,
      "outcomeResolution": null,
      "prediction": null,
      "plotSummaryInfoCount": 1,
      "plotSummaryInfo": {
        "classification": "의사소통",
        "readAge": "초등_저학년",
        "form": "short-form",
        "plotSummaryText": "그러자 아직 축복의 말을 하지 않은 요정이 나서서 공주님은 죽지 않고 잠들어 있다가 사랑하는 사람이 입을 맞추면 다시 깨어날 것이라고 말했습니다.",
        "textWordEA": 21
      }
    },
    {
      "srcTextID": "101135",
      "srcText": "청년은 이웃 나라의 필립 왕자였으나, 자기가 왕자라는 것을 말하지 않았습니다. \"아름다운 아가씨, 노랫소리는 더욱 아름답습니다. 함께 춤을 추실까요?\"",
      "srcPage": 10,
      "srcSentenceEA": 3,
      "srcWordEA": 19,
      "character": "청년,필립 왕자,왕자,아가씨",
      "setting": null,
      "action": "말하지 않았습니다,추실까요",
      "feeling": null,
      "causalRelationship": null,
      "outcomeResolution": null,
      "prediction": null,
      "plotSummaryInfoCount": 1,
      "plotSummaryInfo": {
        "classification": "의사소통",
        "readAge": "초등_저학년",
        "form": "short-form",
        "plotSummaryText": "자기가 왕자라는 것을 말하지 않은 필립 왕자는 아가씨에게 함께 춤을 추자고 했습니다.",
        "textWordEA": 12
      }
    },
    {
      "srcTextID": "101134",
      "srcText": "숲속의 동물들이 지켜보는 가운데 왕자와 공주는 즐겁게 춤을 추었습니다. \"아가씨, 낯선 사람을 가까이 하면 안 됩니다.\" 요정들의 말이 갑자기 생각난 공주는, 춤추던 손을 뿌리치고 집으로 돌아왔습니다.",
      "srcPage": 11,
      "srcSentenceEA": 3,
      "srcWordEA": 27,
      "character": "동물들,왕자,공주,낯선 사람,요정들",
      "setting": "숲속",
      "action": "지켜보는,춤을 추었습니다,뿌리치고,돌아왔습니다",
      "feeling": null,
      "causalRelationship": null,
      "outcomeResolution": null,
      "prediction": null,
      "plotSummaryInfoCount": 1,
      "plotSummaryInfo": {
        "classification": "의사소통",
        "readAge": "초등_저학년",
        "form": "short-form",
        "plotSummaryText": "왕자와 춤을 추던 공주는 낯선 사람을 조심하라는 요정들의 말이 갑자기 생각나 집으로 돌아왔습니다.",
        "textWordEA": 13
      }
    },
    {
      "srcTextID": "101136",
      "srcText": "공주는 왕자와 금방 헤어진 것이 슬퍼서 엉엉 울었습니다. \"너무 슬퍼하지 마세요. 사실 아가씨는 이 나라의 공주님이십니다. 공주님은 내일 이웃 나라 필립 왕자님과 결혼하게 되어 있으니, 그 청년은 잊으세요.\" 요정들이 공주를 달랬습니다.",
      "srcPage": 12,
      "srcSentenceEA": 5,
      "srcWordEA": 34,
      "character": "왕자,아가씨,공주님,필립 왕자님,요정들",
      "setting": null,
      "action": "헤어진,울었습니다,결혼하게 되어,달랬습니다",
      "feeling": "슬퍼서",
      "causalRelationship": null,
      "outcomeResolution": null,
      "prediction": null,
      "plotSummaryInfoCount": 1,
      "plotSummaryInfo": {
        "classification": "의사소통",
        "readAge": "초등_저학년",
        "form": "long-form",
        "plotSummaryText": "공주가 왕자와 헤어진 것이 슬퍼서 울자, 요정들은 내일 이웃 나라 필립 왕자님과 결혼하니 그 청년은 잊으라며 달랬습니다.",
        "textWordEA": 17
      }
    },
    {
      "srcTextID": "101137",
      "srcText": "이튿날, 공주는 요정들과 함께 궁전으로 향했습니다. 필립 왕자가 공주를 만나려고 다시 찾아왔지만, 공주는 이미 떠난 뒤였습니다. 공주와 요정들이 성문 앞에 다다랐을 때, 이상한 목소리가 들려왔습니다. \"오로라, 오로라, 이리 오렴.\" 그것은 마녀가 부르는 소리였습니다.",
      "srcPage": 13,
      "srcSentenceEA": 5,
      "srcWordEA": 36,
      "character": "공주,요정들,필립 왕자,오로라,마녀",
      "setting": "궁전,성문 앞",
      "action": "찾아왔지만,떠난,들려왔습니다,오렴,부르는",
      "feeling": null,
      "causalRelationship": null,
      "outcomeResolution": null,
      "prediction": null,
      "plotSummaryInfoCount": 1,
      "plotSummaryInfo": {
        "classification": "의사소통",
        "readAge": "초등_저학년",
        "form": "long-form",
        "plotSummaryText": "이튿날 공주는 요정들과 함께 궁전으로 향했고, 그들이 성문 앞에 다다랐을 때 마녀가 부르는 소리가 들려왔습니다.",
        "textWordEA": 15
      }
    },
    {
      "srcTextID": "101139",
      "srcText": "그곳에는 공주를 저주한 마녀가 물레 앞에 서서 기다리고 있었습니다. \"공주는 이 물레를 돌려라, 어서!\" 마녀가 명령했습니다.",
      "srcPage": 15,
      "srcSentenceEA": 3,
      "srcWordEA": 17,
      "character": "공주,마녀,물레",
      "setting": null,
      "action": "기다리고,돌려라,명령했습니다",
      "feeling": null,
      "causalRelationship": null,
      "outcomeResolution": null,
      "prediction": null,
      "plotSummaryInfoCount": 1,
      "plotSummaryInfo": {
        "classification": "의사소통",
        "readAge": "초등_저학년",
        "form": "short-form",
        "plotSummaryText": "그곳에는 공주를 저주한 마녀가 물레 앞에 서서 기다리고 있었고, 공주에게 물레를 돌리라고 명령했습니다.",
        "textWordEA": 13
      }
    },
    {
      "srcTextID": "101142",
      "srcText": "\"좋습니다. 제가 반드시 오로라 공주님을 구해 오겠습니다.\" 왕자는 굳게 다짐하고, 공주가 잠들어 있는 성으로 갔습니다. \"마녀야, 기다려라! 내가 너를 처치해 주마.\"",
      "srcPage": 18,
      "srcSentenceEA": 4,
      "srcWordEA": 24,
      "character": "오로라 공주님,왕자,공주,마녀",
      "setting": null,
      "action": "구해 오겠습니다,잠들어,갔습니다,기다려라,처치해 주마",
      "feeling": null,
      "causalRelationship": null,
      "outcomeResolution": null,
      "prediction": null,
      "plotSummaryInfoCount": 1,
      "plotSummaryInfo": {
        "classification": "의사소통",
        "readAge": "초등_저학년",
        "form": "long-form",
        "plotSummaryText": "왕자는 반드시 오로라 공주님을 구해 오겠다고 굳게 다짐하고 그녀가 잠들어 있는 성으로 갔습니다.",
        "textWordEA": 13
      }
    },
    {
      "srcTextID": "101155",
      "srcText": "그때였습니다. 왕자가 소리치며 용의 가슴을 향해 칼을 힘껏 던졌습니다. \"에잇! 내 칼을 받아라! 용으로 변했던 마녀는 비명을 지르며 죽고 말았습니다.",
      "srcPage": 21,
      "srcSentenceEA": 3,
      "srcWordEA": 23,
      "character": "왕자,용,칼,마녀",
      "setting": null,
      "action": "소리치며,던졌습니다,받아라,죽고",
      "feeling": null,
      "causalRelationship": null,
      "outcomeResolution": null,
      "prediction": null,
      "plotSummaryInfoCount": 1,
      "plotSummaryInfo": {
        "classification": "의사소통",
        "readAge": "초등_저학년",
        "form": "short-form",
        "plotSummaryText": "왕자가 용의 가슴을 향해 칼을 힘껏 던졌고, 용으로 변했던 마녀는 죽고 말았습니다.",
        "textWordEA": 12
      }
    },
    {
      "srcTextID": "101126",
      "srcText": "행복을 가져다주는 세 명의 요정도 와서 축복의 말을 해 주었습니다. \"공주님께 저의 아름다움을 드리겠어요.\" \"저는 다정스런 목소리를 드릴게요.\"",
      "srcPage": 2,
      "srcSentenceEA": 3,
      "srcWordEA": 18,
      "character": "세 명의 요정,공주님",
      "setting": null,
      "action": "가져다주는,말을 해,드리겠어요,드릴게요",
      "feeling": null,
      "causalRelationship": null,
      "outcomeResolution": null,
      "prediction": null,
      "plotSummaryInfoCount": 1,
      "plotSummaryInfo": {
        "classification": "의사소통",
        "readAge": "초등_저학년",
        "form": "short-form",
        "plotSummaryText": "세 명의 요정이 공주님에게 자신의 아름다움과 다정한 목소리를 드리겠다고 하며 축복의 말을 해 주었습니다.",
        "textWordEA": 14
      }
    },
    {
      "srcTextID": "101127",
      "srcText": "그때, 갑자기 천둥 번개가 치더니 마녀가 불쑥 나타났습니다. \"흥! 감히 나를 초대하지 않다니. 공주는 열여섯 번째 생일이 지나기 전에 물레에 찔려 죽을 것이다. 히히히.\" 소름 끼치는 목소리와 함께 마녀도 사라져 버렸습니다. 모두들 놀라서 어쩔 줄 몰랐습니다.",
      "srcPage": 3,
      "srcSentenceEA": 6,
      "srcWordEA": 41,
      "character": "마녀,공주,물레",
      "setting": null,
      "action": "나타났습니다,초대하지 않다니,찔려 죽을,사라져",
      "feeling": "놀라서",
      "causalRelationship": null,
      "outcomeResolution": null,
      "prediction": null,
      "plotSummaryInfoCount": 1,
      "plotSummaryInfo": {
        "classification": "의사소통",
        "readAge": "초등_저학년",
        "form": "long-form",
        "plotSummaryText": "갑자기 마녀가 나타나 자신을 초대하지 않았다며, 공주는 열여섯 번째 생일이 지나기 전에 물레에 찔려 죽을 것이라고 말한 뒤 사라져 버렸습니다.",
        "textWordEA": 20
      }
    },
    {
      "srcTextID": "101130",
      "srcText": "임금님은 공주의 이름을 '로즈'로 바꾸고, 세 요정에게 부탁했습니다. \"공주가 열여섯 살이 될 때까지 맡아서 잘 키워 주시오.\" \"임금님, 염려 마십시오. 공주님은 저희들이 보살피겠습니다.\" 세 요정은 공주를 아무도 모르는 숲 속으로 데리고 갔습니다. 이렇게 해서 공주는 오랜 세월을 숲 속에서 세 요정과 살았습니다.",
      "srcPage": 6,
      "srcSentenceEA": 7,
      "srcWordEA": 46,
      "character": "임금님,공주,로즈,세 요정,공주님",
      "setting": null,
      "action": "부탁했습니다,키워,보살피겠습니다,데리고 갔습니다,살았습니다",
      "feeling": null,
      "causalRelationship": null,
      "outcomeResolution": null,
      "prediction": null,
      "plotSummaryInfoCount": 1,
      "plotSummaryInfo": {
        "classification": "의사소통",
        "readAge": "초등_저학년",
        "form": "long-form",
        "plotSummaryText": "임금님은 공주의 이름을 로즈로 바꾸고, 세 요정에게 공주가 열여섯 살이 될 때까지 맡아서 잘 키워 달라고 부탁하여 공주는 숲 속에서 세 요정과 살았습니다.",
        "textWordEA": 23
      }
    },
    {
      "srcTextID": "101138",
      "srcText": "공주는 그 소리에 이끌려, 맞은편에 있는 낡은 성으로 향했습니다. 나사 모양의 원형 계단을 오르자, 옥탑방이었습니다. \"하하하. 어서 오너라, 오로라! 너는 내 말을 잘 듣지?\"",
      "srcPage": 14,
      "srcSentenceEA": 4,
      "srcWordEA": 27,
      "character": "공주,원형 계단,옥탑방,오로라",
      "setting": "낡은 성",
      "action": "향했습니다,오르자,오너라",
      "feeling": null,
      "causalRelationship": null,
      "outcomeResolution": null,
      "prediction": null,
      "plotSummaryInfoCount": 1,
      "plotSummaryInfo": {
        "classification": "의사소통",
        "readAge": "초등_저학년",
        "form": "long-form",
        "plotSummaryText": "공주는 그 소리에 이끌려, 맞은편에 있는 낡은 성으로 향했고 원형 계단을 올라 옥탑방에 도착했습니다.",
        "textWordEA": 14
      }
    },
    {
      "srcTextID": "101140",
      "srcText": "공주는 자기도 모르게 물레 앞으로 다가갔습니다. 물레를 돌리려던 공주는 그만 실을 감는 뾰족한 토리에 찔리고 말았습니다. \"아얏! 으으음.\" 공주는 스르르 그 자리에 쓰러져 금세 깊은 잠에 빠져들었습니다. 오로라 공주가 잠들자, 그 성 안에 있던 모든 것들이 다 잠들고 말았습니다.",
      "srcPage": 16,
      "srcSentenceEA": 5,
      "srcWordEA": 43,
      "character": "공주,물레,뾰족한 토리,오로라 공주",
      "setting": "성 안",
      "action": "다가갔습니다,찔리고,쓰러져,잠들자,잠들고",
      "feeling": null,
      "causalRelationship": null,
      "outcomeResolution": null,
      "prediction": null,
      "plotSummaryInfoCount": 1,
      "plotSummaryInfo": {
        "classification": "의사소통",
        "readAge": "초등_저학년",
        "form": "long-form",
        "plotSummaryText": "물레를 돌리려던 공주는 그만 실을 감는 뾰족한 토리에 찔리고 말았고, 그 자리에 쓰러져 금세 깊은 잠에 빠져들자, 성안의 모든 것들도 잠들었습니다.",
        "textWordEA": 21
      }
    },
    {
      "srcTextID": "101143",
      "srcText": "왕자가 말을 타고 칼을 휘두르자, 마녀는 가소롭다는 듯이 비웃었습니다. \"흥! 어림도 없는 소리. 어디 마음대로 해 보아라.\" 마녀는 성 둘레에 가시나무를 두르고, 용으로 변하여 왕자에게 불을 뿜어 댔습니다.",
      "srcPage": 19,
      "srcSentenceEA": 4,
      "srcWordEA": 31,
      "character": "왕자,말,마녀,용",
      "setting": "성",
      "action": "휘두르자,비웃었습니다,두르고,변하여,불을 뿜어 댔습니다",
      "feeling": null,
      "causalRelationship": null,
      "outcomeResolution": null,
      "prediction": null,
      "plotSummaryInfoCount": 1,
      "plotSummaryInfo": {
        "classification": "의사소통",
        "readAge": "초등_저학년",
        "form": "long-form",
        "plotSummaryText": "왕자가 말을 타고 칼을 휘두르자, 마녀는 성 둘레에 가시나무를 두르고 용으로 변하여 왕자에게 불을 뿜어 댔습니다.",
        "textWordEA": 16
      }
    },
    {
      "srcTextID": "101156",
      "srcText": "왕자는 물러서지 않고 용감하게 싸웠습니다. 왕자가 휘두르는 마법의 칼은 번쩍번쩍 빛을 발하며 용을 위협했습니다. 그러자 용은 공중으로 솟구쳐 올랐습니다.",
      "srcPage": 20,
      "srcSentenceEA": 3,
      "srcWordEA": 21,
      "character": "왕자,마법의 칼,용",
      "setting": null,
      "action": "물러서지 않고,싸웠습니다,휘두르는,위협했습니다,솟구쳐 올랐습니다",
      "feeling": null,
      "causalRelationship": null,
      "outcomeResolution": null,
      "prediction": null,
      "plotSummaryInfoCount": 1,
      "plotSummaryInfo": {
        "classification": "의사소통",
        "readAge": "초등_저학년",
        "form": "short-form",
        "plotSummaryText": "왕자는 물러서지 않고 용감하게 싸웠고, 그가 휘두르는 마법의 칼이 빛을 내며 용을 위협하자 용은 공중으로 솟구쳐 올랐습니다.",
        "textWordEA": 17
      }
    },
    {
      "srcTextID": "101157",
      "srcText": "마녀가 죽자, 성 둘레에 쳐졌던 가시나무가 아름다운 장미로 변했습니다. 왕자는 공주가 잠들어 있는 안의 옥탑방으로 뛰어 올라갔습니다. \"오로라 공주, 내가 왔어요. 어서 일어나시오.\" 왕자는 잠들어 있는 공주에게 입을 맞추었습니다. 그러자 잠들어 있던 공주가 \"아, 잘 잤다!\" 하고 기지개를 켜며 깨어나는 것이었습니다.",
      "srcPage": 22,
      "srcSentenceEA": 8,
      "srcWordEA": 46,
      "character": "마녀,가시나무,장미,왕자,공주",
      "setting": "성,옥탑방",
      "action": "변했습니다,잠들어,올라갔습니다,일어나시오,입을 맞추었습니다,깨어나는",
      "feeling": null,
      "causalRelationship": null,
      "outcomeResolution": null,
      "prediction": null,
      "plotSummaryInfoCount": 1,
      "plotSummaryInfo": {
        "classification": "의사소통",
        "readAge": "초등_저학년",
        "form": "long-form",
        "plotSummaryText": "마녀가 죽자 성 둘레에 쳐졌던 가시나무는 아름다운 장미로 변했고, 옥탑방으로 뛰어 올라간 왕자가 잠들어 있는 공주에게 입을 맞추자 공주가 깨어났습니다.",
        "textWordEA": 20
      }
    },
    {
      "srcTextID": "101158",
      "srcText": "\"아, 당신은.\" 오로라 공주는 앞에 서 있는 청년을 보고 깜짝 놀랐습니다. \"아, 오로라 공주! 내가 바로 이웃 나라 필립 왕자입니다.\"",
      "srcPage": 23,
      "srcSentenceEA": 4,
      "srcWordEA": 22,
      "character": "오로라 공주,청년,필립 왕자",
      "setting": null,
      "action": "보고",
      "feeling": "깜짝 놀랐습니다",
      "causalRelationship": null,
      "outcomeResolution": null,
      "prediction": null,
      "plotSummaryInfoCount": 1,
      "plotSummaryInfo": {
        "classification": "의사소통",
        "readAge": "초등_저학년",
        "form": "long-form",
        "plotSummaryText": "오로라 공주가 앞에 서 있는 청년을 보고 깜짝 놀라자, 왕자는 자신이 바로 이웃 나라 필립 왕자라고 말했습니다.",
        "textWordEA": 17
      }
    },
    {
      "srcTextID": "101159",
      "srcText": "왕자는 그제야 자기의 신분을 밝혔습니다. \"왕자님! 고맙습니다.\" 공주가 깨어나자, 그성안에 잠들었던 모든 것들이 함께 깨어났습니다. 그 뒤 오로라 공주는 필립 왕자와 결혼하여 행복하게 살았답니다.",
      "srcPage": 24,
      "srcSentenceEA": 4,
      "srcWordEA": 27,
      "character": "왕자,왕자님,공주,오로라 공주,필립 왕자",
      "setting": null,
      "action": "신분을 밝혔습니다,깨어나자,잠들었던,깨어났습니다,결혼하여",
      "feeling": null,
      "causalRelationship": null,
      "outcomeResolution": null,
      "prediction": null,
      "plotSummaryInfoCount": 1,
      "plotSummaryInfo": {
        "classification": "의사소통",
        "readAge": "초등_저학년",
        "form": "long-form",
        "plotSummaryText": "오로라 공주가 깨어나자, 성안에 잠들었던 모든 것들이 함께 깨어났고, 공주와 필립 왕자는 결혼하여 행복하게 살았답니다.",
        "textWordEA": 15
      }
    },
    {
      "srcTextID": "101128",
      "srcText": "그러나 임금님은 안심이 안 되어, 신하들에게 명령을 내렸습니다. \"나라 안에 물레를 모두 불태워 버려라!\" 그래서 온 나라의 물레가 모조리 불에 타고 말았습니다.",
      "srcPage": 5,
      "srcSentenceEA": 3,
      "srcWordEA": 23,
      "character": "임금님,신하들,물레",
      "setting": null,
      "action": "내렸습니다,불태워",
      "feeling": null,
      "causalRelationship": null,
      "outcomeResolution": null,
      "prediction": null,
      "plotSummaryInfoCount": 1,
      "plotSummaryInfo": {
        "classification": "의사소통",
        "readAge": "초등_저학년",
        "form": "short-form",
        "plotSummaryText": "안심이 안 된 임금님은 신하들에게 나라 안에 물레를 모두 불태워 버리라는 명령을 내렸습니다.",
        "textWordEA": 13
      }
    }
  ]
}