{
  "title": "미운 아기 오리",
  "author": "안데르센",
  "illustrator": "이주현",
  "isbn": "9791128210549",
  "publishedYear": 2018,
  "publisher": "아람북스",
  "paragraphInfoCount": 18,
  "paragraphInfo": [
    {
      "srcTextID": "18405",
      "srcText": "엄마 오리는 일어나 새끼들을 살피다가 얼굴을 찡그리며 도로 자리에 앉았어. 가장 큰 알 하나가 남았거든. “꽥꽥!” 마지막으로 나온 오리를 보자마자 엄마 오리는 한숨이 나왔어. “아휴, 어쩌면 이리도 못생겼을까?” 식구들은 막내 오리를 미운 오리라고 불렀어.",
      "srcPage": 2,
      "srcSentenceEA": 5,
      "srcWordEA": 37,
      "character": "엄마 오리,새끼,가장 큰 알,오리,막내 오리,미운 오리",
      "setting": "자리에",
      "action": "일어나,자리에 앉았어,불렀어",
      "feeling": null,
      "causalRelationship": "엄마 오리는 일어나 새끼들을 살피다가 얼굴을 찡그리며 도로 자리에 앉았어. 가장 큰 알 하나가 남았거든.",
      "outcomeResolution": null,
      "prediction": null,
      "plotSummaryInfoCount": 1,
      "plotSummaryInfo": {
        "classification": "의사소통",
        "readAge": "초등_저학년",
        "form": "long-form",
        "plotSummaryText": "새끼들을 살핀 엄마 오리는 가장 큰 알 하나를 보고 도로 자리에 앉았고 마지막으로 나온 오리를 보자마자 엄마 오리는 한숨이 나왔다.",
        "textWordEA": 20
      }
    },
    {
      "srcTextID": "18406",
      "srcText": "엄마 오리는 새끼들을 데리고 물놀이부터 갔어. 먼저 엄마 오리가 물에 첨벙. 아기 오리들도 따라서 잠방잠방. 물에 동동 떠서 발랑발랑 헤엄쳤지. 미운 오리도 간신히 따라갔어.",
      "srcPage": 3,
      "srcSentenceEA": 5,
      "srcWordEA": 28,
      "character": "엄마 오리,새끼들,아기 오리,미운 오리",
      "setting": "물",
      "action": "갔어,따라서,헤엄쳤지",
      "feeling": null,
      "causalRelationship": null,
      "outcomeResolution": null,
      "prediction": "미운 오리도 간신히 따라갔어.",
      "plotSummaryInfoCount": 1,
      "plotSummaryInfo": {
        "classification": "의사소통",
        "readAge": "초등_저학년",
        "form": "long-form",
        "plotSummaryText": "새끼들을 데리고 물놀이에 간 엄마 오리는 먼저 물에 들어갔고 아기 오리들도 따라서 물에 헤엄쳤고 미운 우리도 간신히 따라갔다.",
        "textWordEA": 18
      }
    },
    {
      "srcTextID": "18407",
      "srcText": "그때 다른 오리들이 몰려오더니 미운 오리를 놀리지 뭐야. “이 집 막내는 왜 저렇게 생긴 거야?” “정말 못 봐주겠군.” “저렇게 못생긴 오리는 처음이야!” 그중 하나가 미운 오리의 목을 콱 물었어.\n\n",
      "srcPage": 4,
      "srcSentenceEA": 5,
      "srcWordEA": 30,
      "character": "오리들,미운 오리,막내",
      "setting": "집",
      "action": "몰려오더니,콱 물었어",
      "feeling": null,
      "causalRelationship": null,
      "outcomeResolution": null,
      "prediction": "그중 하나가 미운 오리의 목을 콱 물었어.",
      "plotSummaryInfoCount": 1,
      "plotSummaryInfo": {
        "classification": "의사소통",
        "readAge": "초등_저학년",
        "form": "long-form",
        "plotSummaryText": "다른 오리들이 몰려오더니 이 집 막내는 왜 저렇게 생겼냐며 미운 오리를 놀렸고 그 중 하나가 미운 오리의 목을 물었다.",
        "textWordEA": 19
      }
    },
    {
      "srcTextID": "18410",
      "srcText": "미운 오리가 반가운 마음에 막 돌아보는 순간, 탕! 탕! 어디선가 총소리가 나더니 기러기 두 마리가 툭 떨어졌지. 미운 오리는 너무 놀라 아무 말도 하지 못했어.",
      "srcPage": 7,
      "srcSentenceEA": 4,
      "srcWordEA": 28,
      "character": "미운 오리,기러기",
      "setting": null,
      "action": "돌아보는,떨어졌지",
      "feeling": "반가운,너무 놀라",
      "causalRelationship": null,
      "outcomeResolution": null,
      "prediction": null,
      "plotSummaryInfoCount": 1,
      "plotSummaryInfo": {
        "classification": "의사소통",
        "readAge": "초등_저학년",
        "form": "long-form",
        "plotSummaryText": "반가운 마음에 미운 오리가 돌아본 순간 어디선가 총소리가 나더니 기러기 두 마리가 떨어졌고 미운 오리는 너무 놀라 아무 말도 하지 못했다.",
        "textWordEA": 21
      }
    },
    {
      "srcTextID": "18412",
      "srcText": "오들오들 떠는 미운 오리 앞에 사냥개가 나타났어. 쫙 찢어진 눈이 몹시 사나워 보였어. 미운 오리는 그 자리에 그대로 얼어붙고 말았어. 하지만 사냥개는 그냥 지나쳐 가 버렸어.",
      "srcPage": 8,
      "srcSentenceEA": 4,
      "srcWordEA": 29,
      "character": "미운 오리,사냥개",
      "setting": "앞에,자리에",
      "action": "떠는,나타났어,지나쳐 가 버렸어",
      "feeling": null,
      "causalRelationship": null,
      "outcomeResolution": "하지만 사냥개는 그냥 지나쳐 가 버렸어.",
      "prediction": null,
      "plotSummaryInfoCount": 1,
      "plotSummaryInfo": {
        "classification": "의사소통",
        "readAge": "초등_저학년",
        "form": "long-form",
        "plotSummaryText": "떠는 미운 오리 앞에 사냥개가 나타났고 미운 오리는 그대로 얼어붙고 말았지만 사냥개는 그냥 지나쳐 가 버렸다.",
        "textWordEA": 16
      }
    },
    {
      "srcTextID": "18411",
      "srcText": "미운 오리는 그제야 겨우 숨을 내쉬며 말했어. “후유! 내가 너무 못생겨서 사냥개도 물지 않나 봐.” 미운 오리는 가슴이 푹 꺼지는 것 같았어.",
      "srcPage": 9,
      "srcSentenceEA": 3,
      "srcWordEA": 24,
      "character": "미운 오리,사냥개",
      "setting": null,
      "action": "내쉬며,말했어,물지",
      "feeling": "가슴이 푹 꺼지는 것",
      "causalRelationship": null,
      "outcomeResolution": null,
      "prediction": null,
      "plotSummaryInfoCount": 1,
      "plotSummaryInfo": {
        "classification": "의사소통",
        "readAge": "초등_저학년",
        "form": "short-form",
        "plotSummaryText": "미운 오리는 자기가 너무 못생겨서 사냥개가 물지 않은거 같다고 숨을 내쉬며 말했다.",
        "textWordEA": 12
      }
    },
    {
      "srcTextID": "18414",
      "srcText": "미운 오리는 어느 작은 집에 머물렀어. 마음씨 좋은 할머니의 집이었는데 그리 오래 있진 못했어. 고양이와 암탉이 자꾸 못살게 굴었거든.",
      "srcPage": 10,
      "srcSentenceEA": 3,
      "srcWordEA": 21,
      "character": "미운 오리,할머니,고양이,암탉",
      "setting": "작은 집",
      "action": "머물렀어",
      "feeling": "마음씨 좋은",
      "causalRelationship": "마음씨 좋은 할머니의 집이었는데 그리 오래 있진 못했어. 고양이와 암탉이 자꾸 못살게 굴었거든.",
      "outcomeResolution": null,
      "prediction": null,
      "plotSummaryInfoCount": 1,
      "plotSummaryInfo": {
        "classification": "의사소통",
        "readAge": "초등_저학년",
        "form": "short-form",
        "plotSummaryText": "미운 오리는 마음씨 좋은 할머니 집에 머무르게 되었는데 고양이와 암탉이 못살게 굴어서 오래 있진 못했다.",
        "textWordEA": 15
      }
    },
    {
      "srcTextID": "18413",
      "srcText": "“넌 가르랑대지도 못하지? 알도 못 낳고?” “저 못생긴 얼굴을 매일 봐야 하다니, 정말 짜증 나!” 미운 오리는 견디다 못해 쓸쓸히 집을 나왔어.",
      "srcPage": 11,
      "srcSentenceEA": 4,
      "srcWordEA": 24,
      "character": "알,미운 오리,얼굴",
      "setting": "집",
      "action": "낳고,봐야,나왔어",
      "feeling": "짜증 나,쓸쓸히",
      "causalRelationship": null,
      "outcomeResolution": "미운 오리는 견디다 못해 쓸쓸히 집을 나왔어.",
      "prediction": null,
      "plotSummaryInfoCount": 1,
      "plotSummaryInfo": {
        "classification": "의사소통",
        "readAge": "초등_저학년",
        "form": "long-form",
        "plotSummaryText": "알도 못 낳고 못생긴 얼굴을 매일 봐야 한다는 말에 미운 오리는 견디지 못하고 집을 나왔다.",
        "textWordEA": 15
      }
    },
    {
      "srcTextID": "18404",
      "srcText": "엄마 오리는 오랫동안 알을 품고 있었어. 그런데 오늘에야 소리가 나지 뭐야. “바지직바지직.” 알들이 조금씩 갈라지나 봐. “꽥꽥! 꽥꽥!” 저것 봐! 아기 오리들이 차례로 나오고 있어.",
      "srcPage": 1,
      "srcSentenceEA": 6,
      "srcWordEA": 30,
      "character": "엄마 오리,알,아기 오리",
      "setting": "오늘,오랫동안",
      "action": "품고 있었어,차례로 나오고 있어.갈라지나,나오고",
      "feeling": null,
      "causalRelationship": null,
      "outcomeResolution": "아기 오리들이 차례로 나오고 있어.",
      "prediction": null,
      "plotSummaryInfoCount": 1,
      "plotSummaryInfo": {
        "classification": "의사소통",
        "readAge": "초등_저학년",
        "form": "long-form",
        "plotSummaryText": "엄마 오리는 오랫동안 알을 품고 있었는데 오늘에야 알들이 조금씩 갈라지면서 소리가 났고 아기 오리들이 나오고 있었다.",
        "textWordEA": 16
      }
    },
    {
      "srcTextID": "18408",
      "srcText": "농장에 사는 동물들은 모두 미운 오리를 놀리고 떠밀며 못살게 굴었어. “고양이한테나 물려 갔으면 좋겠어!” “차라리 어디론가 좀 가 버려!” 속상한 미운 오리는 눈물을 뚝뚝 흘리며 집을 나와 버렸어.",
      "srcPage": 5,
      "srcSentenceEA": 4,
      "srcWordEA": 29,
      "character": "동물들,미운 오리,고양이",
      "setting": "농장,집",
      "action": "떠밀며,물려,나와 버렸어",
      "feeling": "속상한",
      "causalRelationship": null,
      "outcomeResolution": "속상한 미운 오리는 눈물을 뚝뚝 흘리며 집을 나와 버렸어.",
      "prediction": null,
      "plotSummaryInfoCount": 1,
      "plotSummaryInfo": {
        "classification": "의사소통",
        "readAge": "초등_저학년",
        "form": "long-form",
        "plotSummaryText": "농장에 사는 동물들 모두 미운 오리를 놀리며 못살게 굴었고 미운 오리는 속상해서 눈물을 흘리며 집을 나왔다.",
        "textWordEA": 16
      }
    },
    {
      "srcTextID": "18409",
      "srcText": "미운 오리가 넓은 늪에 이르렀을 때, 기러기 한 무리가 막 날아오르려 하고 있었어. 기러기 하나가 말을 걸어왔어. “외톨이 오리야! 우리랑 같이 여행할래?”",
      "srcPage": 6,
      "srcSentenceEA": 4,
      "srcWordEA": 24,
      "character": "미운 오리,기러기,외톨이 오리",
      "setting": "넓은 늪",
      "action": "날아오르려,말을 걸어왔어",
      "feeling": null,
      "causalRelationship": null,
      "outcomeResolution": null,
      "prediction": "우리랑 같이 여행할래?",
      "plotSummaryInfoCount": 1,
      "plotSummaryInfo": {
        "classification": "의사소통",
        "readAge": "초등_저학년",
        "form": "long-form",
        "plotSummaryText": "넓은 늪에 이르렀을 때 기러기 한 무리가 날아오르려 했고 기러기 하나가 미운 오리에게 같이 여행을 하자며 말을 걸었다.",
        "textWordEA": 18
      }
    },
    {
      "srcTextID": "18415",
      "srcText": "미운 오리가 물에서 혼자 헤엄치고 있는데 갑자기 크고 아름다운 새들이 날아가지 뭐야. 우아, 온몸이 눈부시게 하얗네! 길게 뻗은 목도 정말 우아해 보여.",
      "srcPage": 12,
      "srcSentenceEA": 3,
      "srcWordEA": 24,
      "character": "미운 오리,새들",
      "setting": "물",
      "action": "헤엄치고,날아가지",
      "feeling": "아름다운,우아해",
      "causalRelationship": null,
      "outcomeResolution": null,
      "prediction": "미운 오리가 물에서 혼자 헤엄치고 있는데 갑자기 크고 아름다운 새들이 날아가지 뭐야.",
      "plotSummaryInfoCount": 1,
      "plotSummaryInfo": {
        "classification": "의사소통",
        "readAge": "초등_저학년",
        "form": "short-form",
        "plotSummaryText": "미운 오리가 혼자 물에서 헤엄치고 있었는데 온몸이 눈부시게 하얗고 크고 아름다운 새들이 날아가고 있었다.",
        "textWordEA": 14
      }
    },
    {
      "srcTextID": "18416",
      "srcText": "저렇게 예쁘면 참 행복하겠지?’ 미운 오리는 가까이 가 보고 싶었지만 그러지 못했어. 몸이 더 오그라드는 것 같았지.",
      "srcPage": 13,
      "srcSentenceEA": 3,
      "srcWordEA": 19,
      "character": "미운 오리,몸",
      "setting": null,
      "action": "보고",
      "feeling": "행복하겠지",
      "causalRelationship": "미운 오리는 가까이 가 보고 싶었지만 그러지 못했어. 몸이 더 오그라드는 것 같았지.",
      "outcomeResolution": null,
      "prediction": null,
      "plotSummaryInfoCount": 1,
      "plotSummaryInfo": {
        "classification": "의사소통",
        "readAge": "초등_저학년",
        "form": "short-form",
        "plotSummaryText": "저렇게 예쁘면 참 행복하겠다며 미운 오리는 가까이 가 보고 싶었지만 몸이 오그라드는 것 같아서 그러지 못했다.",
        "textWordEA": 16
      }
    },
    {
      "srcTextID": "18417",
      "srcText": "추운 겨울이 왔지만, 미운 오리는 갈 곳이 없었어. 여기저기 헤매다 늪 속 갈대밭에서 혼자 지냈지. 눈바람에 깃털이 딱딱하게 얼어붙어서 움직이지도 못하는 날도 있었어. ‘아! 차라리 이대로 잠들어 버렸으면.’ 미운 오리는 너무 춥고 외로워서 잠이 들어 깨어나지 않길 바랐어.\n\n",
      "srcPage": 14,
      "srcSentenceEA": 6,
      "srcWordEA": 43,
      "character": "미운 오리,깃털",
      "setting": "추운 겨울,늪 속 갈대밭",
      "action": "헤매다,지냈지,움직이지도,잠들어,깨어나지",
      "feeling": "외로워서",
      "causalRelationship": "눈바람에 깃털이 딱딱하게 얼어붙어서 움직이지도 못하는 날도 있었어.",
      "outcomeResolution": null,
      "prediction": null,
      "plotSummaryInfoCount": 1,
      "plotSummaryInfo": {
        "classification": "의사소통",
        "readAge": "초등_저학년",
        "form": "long-form",
        "plotSummaryText": "추운 겨울이 왔고 갈 곳이 없는 미운 오리는 늪 속 갈대밭에서 혼자 지냈고 너무 춥고 외로워서 잠이 들어 깨어 나지 않길 바랬다.",
        "textWordEA": 22
      }
    },
    {
      "srcTextID": "18418",
      "srcText": "“배쫑배쫑, 배쫑배쫑.” 따뜻한 햇살이 비치고 종달새 노래가 들려왔어. 드디어 봄이 온 거야. 미운 오리도 오랜만에 날개를 펴 보았어. 아까부터 날개가 간질간질했거든. 그런데 미운 오리의 날개가 활짝 펼쳐지더니 몸이 두둥실 날아오르지 뭐야!",
      "srcPage": 15,
      "srcSentenceEA": 6,
      "srcWordEA": 36,
      "character": "종달새,미운 오리,날개,봄,햇살",
      "setting": null,
      "action": "들렸왔어,펴,펼쳐지더니,날아오르지",
      "feeling": "따뜻한",
      "causalRelationship": "미운 오리도 오랜만에 날개를 펴 보았어. 아까부터 날개가 간질간질했거든.",
      "outcomeResolution": null,
      "prediction": "그런데 미운 오리의 날개가 활짝 펼쳐지더니 몸이 두둥실 날아오르지 뭐야!",
      "plotSummaryInfoCount": 1,
      "plotSummaryInfo": {
        "classification": "의사소통",
        "readAge": "초등_저학년",
        "form": "long-form",
        "plotSummaryText": "봄이 오자 따뜻한 햇살이 비치고 종달새 노래가 들려왔는데 날개가 간지러웠던 미운 오리는 오랜만에 날개를 펴 보았고 미운 오리의 날개가 펼쳐지더니 몸이 날아올랐다.",
        "textWordEA": 22
      }
    },
    {
      "srcTextID": "18419",
      "srcText": "봄 하늘을 훨훨 날아 호수에 내려앉은 미운 오리는 백조들에게 다가갔어. ‘어쩜 저렇게 아름다울 수가 있지?’ 미운 오리는 백조의 아름다운 모습을 한참 동안 바라보았어.",
      "srcPage": 16,
      "srcSentenceEA": 3,
      "srcWordEA": 25,
      "character": "미운 오리,백조",
      "setting": "봄 하늘,호수,한참 동안",
      "action": "날아,내려앉은,다가갔어,바라보았어",
      "feeling": "아름다운",
      "causalRelationship": null,
      "outcomeResolution": null,
      "prediction": "미운 오리는 백조의 아름다운 모습을 한참 동안 바라보았어.",
      "plotSummaryInfoCount": 1,
      "plotSummaryInfo": {
        "classification": "의사소통",
        "readAge": "초등_저학년",
        "form": "short-form",
        "plotSummaryText": "미운 오리는 봄 하늘을 날아 호수에 내려앉은 백조들에게 다가갔고 어쩜 저렇게 아름다울 수가 있지라고 생각하며 백조의 모습을 한참 동안 바라보았다.",
        "textWordEA": 20
      }
    },
    {
      "srcTextID": "18420",
      "srcText": "백조의 아름다운 모습에 주눅이 든 미운 오리는 고개를 푹 숙였어. 그러다 물에 비친 제 모습을 보게 된 거야. ‘백조? 세상에, 내가 백조가 되었어!’ 아름다운 백조가 된 미운 오리는 자기 모습을 보고도 믿을 수가 없었어.",
      "srcPage": 17,
      "srcSentenceEA": 5,
      "srcWordEA": 38,
      "character": "백조,미운 오리",
      "setting": "물",
      "action": "숙였어,보게,보고도",
      "feeling": "아름다운,주눅",
      "causalRelationship": null,
      "outcomeResolution": "그러다 물에 비친 제 모습을 보게 된 거야.",
      "prediction": null,
      "plotSummaryInfoCount": 1,
      "plotSummaryInfo": {
        "classification": "의사소통",
        "readAge": "초등_저학년",
        "form": "long-form",
        "plotSummaryText": "미운 오리는 백조의 아름다운 모습에 주눅이 들어 고개를 숙였는데 물에 비친 자신의 모습을 보게 되었고 아름다운 백조가 된 미운 오리는 자기 모습을 보고도 믿지 못했다.",
        "textWordEA": 25
      }
    },
    {
      "srcTextID": "18421",
      "srcText": "하지만 기다란 목과 우아한 날개는 영락없는 백조였지. 그 뒤로는 아무도 미운 오리를 놀리지 않았어. 미운 오리가 그랬던 것처럼 부러운 눈으로 쳐다볼 뿐이었지.",
      "srcPage": 18,
      "srcSentenceEA": 3,
      "srcWordEA": 24,
      "character": "날개,백조,미운 오리,목,눈",
      "setting": null,
      "action": "놀리지,쳐다볼",
      "feeling": "우아한,부러운",
      "causalRelationship": null,
      "outcomeResolution": "하지만 기다란 목과 우아한 날개는 영락없는 백조였지.",
      "prediction": null,
      "plotSummaryInfoCount": 1,
      "plotSummaryInfo": {
        "classification": "의사소통",
        "readAge": "초등_저학년",
        "form": "short-form",
        "plotSummaryText": "기다린 목과 우아한 날개는 영락없는 백조였고 그 뒤로 아무도 미운 오리를 놀리지 않았으며 부러운 눈으로 미운 오리를 쳐다볼 뿐이었다.",
        "textWordEA": 19
      }
    }
  ]
}