{
  "title": "피리 부는 사나이",
  "author": "로버트 브라우닝",
  "illustrator": "한현주",
  "isbn": "9791128210723",
  "publishedYear": 2018,
  "publisher": "아람북스",
  "paragraphInfoCount": 17,
  "paragraphInfo": [
    {
      "srcTextID": "19150",
      "srcText": "“쥐들이 모두 사라졌다!” 사람들이 기뻐하며 소리쳤어. “이제 약속대로 천 냥을 주시지요.” 피리 부는 사나이가 시장에게 말했어. ",
      "srcPage": 9,
      "srcSentenceEA": 4,
      "srcWordEA": 18,
      "character": "쥐,사람,피리 부는 사나이,시장",
      "setting": null,
      "action": "사라졌다,소리쳤어,말했어",
      "feeling": "기뻐하며",
      "causalRelationship": null,
      "outcomeResolution": null,
      "prediction": null,
      "plotSummaryInfoCount": 1,
      "plotSummaryInfo": {
        "classification": "의사소통",
        "readAge": "초등_저학년",
        "form": "long-form",
        "plotSummaryText": "쥐들이 모두 사라졌다며 사람들이 기뻐하며 소리쳤고 이제 약속대로 천 냥을 주시지요라고 피리 부는 사나이가 시장에게 말했다.",
        "textWordEA": 16
      }
    },
    {
      "srcTextID": "19147",
      "srcText": "이 소문은 순식간에 퍼져 나갔어. “피리 부는 사나이가 쥐들을 없애 주겠대!” 사람들은 목을 길게 빼고 무슨 일이 일어나기만 기다렸지.",
      "srcPage": 6,
      "srcSentenceEA": 3,
      "srcWordEA": 20,
      "character": "피리 부는 사나이,쥐들,사람들",
      "setting": null,
      "action": "기다렸지,없애",
      "feeling": null,
      "causalRelationship": null,
      "outcomeResolution": null,
      "prediction": "피리 부는 사나이가 쥐들을 없애 주겠대!",
      "plotSummaryInfoCount": 1,
      "plotSummaryInfo": {
        "classification": "의사소통",
        "readAge": "초등_저학년",
        "form": "short-form",
        "plotSummaryText": "피리 부는 사나이가 쥐들을 없애 주겠다는 말을 들은 사람들은 무슨 일이 일어나기만 기다렸다.",
        "textWordEA": 13
      }
    },
    {
      "srcTextID": "19149",
      "srcText": "“그깟 피리 좀 불어 주고 천 냥이라니, 말도 안 되오. 자, 오십 냥이니 이거나 받아 가시오.” 시장이 돈주머니를 내밀며 말했어.",
      "srcPage": 10,
      "srcSentenceEA": 3,
      "srcWordEA": 22,
      "character": "피리,시장,돈주머니",
      "setting": null,
      "action": "불어 주고,받아 가시오,내밀며,말했어",
      "feeling": null,
      "causalRelationship": null,
      "outcomeResolution": "시장이 돈주머니를 내밀며 말했어.",
      "prediction": null,
      "plotSummaryInfoCount": 1,
      "plotSummaryInfo": {
        "classification": "의사소통",
        "readAge": "초등_저학년",
        "form": "short-form",
        "plotSummaryText": "그깟 피리 좀 불어 주고 천 냥이라니, 오십 냥이니 이거나 받아 가시오라고 시장이 돈주머니를 내밀며 말했다.",
        "textWordEA": 16
      }
    },
    {
      "srcTextID": "19152",
      "srcText": "피리 부는 사나이의 얼굴이 굳어졌어. “나를 화나게 하지 마십시오. 내가 다시 피리를 불면 후회하실 겁니다.”",
      "srcPage": 11,
      "srcSentenceEA": 3,
      "srcWordEA": 16,
      "character": "피리 부는 사나이,피리",
      "setting": null,
      "action": "굳어졌어,불면",
      "feeling": "화나게,후회",
      "causalRelationship": null,
      "outcomeResolution": null,
      "prediction": "내가 다시 피리를 불면 후회하실 겁니다.",
      "plotSummaryInfoCount": 1,
      "plotSummaryInfo": {
        "classification": "의사소통",
        "readAge": "초등_저학년",
        "form": "short-form",
        "plotSummaryText": "피리 부는 사나이의 얼굴이 굳어지며 나를 화나게 해 다시 피리를 불면 후회하실 겁니다라고 말했다. ",
        "textWordEA": 14
      }
    },
    {
      "srcTextID": "19151",
      "srcText": "“하하, 우리가 후회할 거라고? 어디 한번 피리를 다시 불어 보시지?” 시장은 피리 부는 사나이를 문밖으로 내밀었어. 피리 부는 사나이는 피리를 꺼내 들었지.",
      "srcPage": 12,
      "srcSentenceEA": 4,
      "srcWordEA": 25,
      "character": "피리,시장,피리 부는 사나이",
      "setting": "문밖",
      "action": "내밀었어,꺼내 들었지",
      "feeling": "후회",
      "causalRelationship": null,
      "outcomeResolution": null,
      "prediction": "피리 부는 사나이는 피리를 꺼내 들었지.",
      "plotSummaryInfoCount": 1,
      "plotSummaryInfo": {
        "classification": "의사소통",
        "readAge": "초등_저학년",
        "form": "long-form",
        "plotSummaryText": "피리를 다시 불어 보시지라고 말하며 시장은 피리 부는 사나이를 문밖으로 내밀었고 피리 부는 사나이는 피리를 꺼내 들었다.",
        "textWordEA": 17
      }
    },
    {
      "srcTextID": "19153",
      "srcText": "달콤하고 부드러운 피리 소리가 하늘로 퍼져 나갔어. 그러자 아이들이 하나둘 모여들기 시작했지. 큰아이, 작은 아이, 여자아이, 남자아이 할 것 없이 말이야. 아이들은 즐겁고 행복하게 재잘재잘 웃으며 피리 소리를 따라갔어.",
      "srcPage": 13,
      "srcSentenceEA": 4,
      "srcWordEA": 32,
      "character": "피리,아이,큰 아이,작은 아이,여자아이,남자아이",
      "setting": null,
      "action": "모여들기,웃으며,따라갔어,퍼져 나갔어",
      "feeling": "달콤하고,부드러운,즐겁고,행복하게",
      "causalRelationship": null,
      "outcomeResolution": null,
      "prediction": "아이들은 즐겁고 행복하게 재잘재잘 웃으며 피리 소리를 따라갔어.",
      "plotSummaryInfoCount": 1,
      "plotSummaryInfo": {
        "classification": "의사소통",
        "readAge": "초등_저학년",
        "form": "long-form",
        "plotSummaryText": "달콤하고 부드러운 피리 소리가 하늘로 퍼져 나가자 아이들이 모여들기 시작하고 아이들은 즐겁고 행복하게 재잘재잘 웃으며 피리 소리를 따라갔다.",
        "textWordEA": 18
      }
    },
    {
      "srcTextID": "19155",
      "srcText": "사람들은 멍하니 서서 그 모습을 보고만 있었어. 따라갈 생각조차 하지 못했지. 그러다 아이들이 산에 이르자 시장이 말했어. “저 산은 넘지 못할 거야.”",
      "srcPage": 14,
      "srcSentenceEA": 4,
      "srcWordEA": 24,
      "character": "사람,아이들,시장",
      "setting": "산",
      "action": "서서,보고만,말했어,따라갈",
      "feeling": null,
      "causalRelationship": null,
      "outcomeResolution": null,
      "prediction": null,
      "plotSummaryInfoCount": 1,
      "plotSummaryInfo": {
        "classification": "의사소통",
        "readAge": "초등_저학년",
        "form": "long-form",
        "plotSummaryText": "사람들은 서서 그 모습을 보고만 있었고 그러다 아이들이 산에 이르자 저 산을 넘지 못할거야라고 시장이 말했다.",
        "textWordEA": 16
      }
    },
    {
      "srcTextID": "19156",
      "srcText": "그 뒤로 아이들의 모습을 본 사람은 아무도 없었어. 다리를 다친 아이 하나만 빼고 말이야. “피리 부는 사나이를 만나거든 전해 주시오. 아이들만 데리고 돌아온다면 원하는 건 뭐든지 다 주겠다고 말이오.”",
      "srcPage": 16,
      "srcSentenceEA": 4,
      "srcWordEA": 31,
      "character": "아이들,사람,피리 부는 사나이,다리,아이",
      "setting": "그 뒤",
      "action": "데리고,돌아온다면,본,주겠다고,만나거든",
      "feeling": null,
      "causalRelationship": null,
      "outcomeResolution": null,
      "prediction": "아이들만 데리고 돌아온다면 원하는 건 뭐든지 다 주겠다고 말이오.",
      "plotSummaryInfoCount": 1,
      "plotSummaryInfo": {
        "classification": "의사소통",
        "readAge": "초등_저학년",
        "form": "long-form",
        "plotSummaryText": "그 뒤로 아이들의 모습을 본 사람은 아무도 없었고 아이들만 데리고 돌아온다면 원하는 건 뭐든지 다 주겠다고 피리 부는 사나이를 만나면 전해 달라고 했다.",
        "textWordEA": 23
      }
    },
    {
      "srcTextID": "19141",
      "srcText": "하멜른 사람들은 걱정거리가 있었어. 먹을 게 없는 것도 아니고, 도둑이 있는 것도 아니었어. 마을 사람들의 걱정거리는 아주 작디작은 동물 때문이었지.",
      "srcPage": 1,
      "srcSentenceEA": 3,
      "srcWordEA": 22,
      "character": "사람,도둑,동물",
      "setting": "하멜른,마을",
      "action": null,
      "feeling": null,
      "causalRelationship": "먹을 게 없는 것도 아니고, 도둑이 있는 것도 아니었어. 마을 사람들의 걱정거리는 아주 작디작은 동물 때문이었지.",
      "outcomeResolution": null,
      "prediction": null,
      "plotSummaryInfoCount": 1,
      "plotSummaryInfo": {
        "classification": "의사소통",
        "readAge": "초등_저학년",
        "form": "short-form",
        "plotSummaryText": "하멜른 마을 사람들의 걱정거리는 먹을게 없는 것도 아니고, 도둑이 있는 것도 아닌 아주 작은 동물 때문이었다.",
        "textWordEA": 16
      }
    },
    {
      "srcTextID": "19143",
      "srcText": "찍찍찍 찍찍찍. 그건 바로 쥐! 언제부턴가 쥐들이 나타나더니 치즈를 갉아 먹고, 옷장을 차지하고, 아기를 울리고, 길도 모두 차지해 버렸지. “더는 못 참겠다!” 사람들이 시청으로 우르르 몰려갔어.",
      "srcPage": 2,
      "srcSentenceEA": 5,
      "srcWordEA": 29,
      "character": "쥐,치즈,옷장,아기,사람들",
      "setting": "시청,언제부턴가",
      "action": "갉아 먹고,차지하고,울리고,몰려갔어",
      "feeling": null,
      "causalRelationship": null,
      "outcomeResolution": null,
      "prediction": null,
      "plotSummaryInfoCount": 1,
      "plotSummaryInfo": {
        "classification": "의사소통",
        "readAge": "초등_저학년",
        "form": "long-form",
        "plotSummaryText": "언제부턴가 쥐들이 나타나더니 치즈를 갉아 먹고, 옷장을 차지하고, 아기를 울리고, 길도 모두 차지해 버려서 더는 참지 못한 사람들이 시청으로 몰려갔다.",
        "textWordEA": 20
      }
    },
    {
      "srcTextID": "19142",
      "srcText": "“쥐 때문에 못 살겠어요.” “당장 쥐를 없애지 못할 거면 그 자리에서 물러나시오!” 그 말에 피둥피둥 살찐 시장이 부들부들 떨었어. “알았어요. 알았다고요!” 하지만 그때까지 없던 방법이 툭 하고 튀어나올 리가 없잖아?",
      "srcPage": 3,
      "srcSentenceEA": 5,
      "srcWordEA": 33,
      "character": "쥐,시장",
      "setting": "그때까지,당장",
      "action": "없애지,물러나시오,떨었어",
      "feeling": "피둥피둥,부들부들",
      "causalRelationship": null,
      "outcomeResolution": "하지만 그때까지 없던 방법이 툭 하고 튀어나올 리가 없잖아?",
      "prediction": null,
      "plotSummaryInfoCount": 1,
      "plotSummaryInfo": {
        "classification": "의사소통",
        "readAge": "초등_저학년",
        "form": "long-form",
        "plotSummaryText": "당장 쥐를 없애지 못할 거면 그 자리에서 물러나시오라는 말에 시장이 부들부들 떨었고 알았다고 했지만 그때까지 없던 방법이 툭 하고 튀어나올 리가 없었다.",
        "textWordEA": 22
      }
    },
    {
      "srcTextID": "19144",
      "srcText": "시장의 얼굴에선 땀이 삐질삐질 흐르고, 비서들은 헛기침만 흠흠 해 댔지. 바로 그때였어. 똑똑똑! 젓가락같이 마르고, 장대같이 길며, 딱 반 잘라 한쪽은 노랗고, 다른 쪽은 빨간 옷을 입은 아주아주 이상한 사람이 들어왔어. 나는 피리 부는 사람입니다. 내가 피리를 불면 어떤 동물이든 사라지게 할 수 있습니다.",
      "srcPage": 4,
      "srcSentenceEA": 6,
      "srcWordEA": 49,
      "character": "시장,비서,젓가락,장대,옷,이상한 사람,피리 부는 사람,피리,동물",
      "setting": null,
      "action": "사라지게,헛기침만 흠흠 해 댔지,입은,들어왔어",
      "feeling": null,
      "causalRelationship": null,
      "outcomeResolution": null,
      "prediction": "내가 피리를 불면 어떤 동물이든 사라지게 할 수 있습니다.",
      "plotSummaryInfoCount": 1,
      "plotSummaryInfo": {
        "classification": "의사소통",
        "readAge": "초등_저학년",
        "form": "long-form",
        "plotSummaryText": "시장의 얼굴에선 땀이 흐르고 있을 때 이상한 사람이 들어와 피리 부는 사람이라고 하면서 내가 피리를 불면 어떤 동물이든 사라지게 할 수 있습니다라고 말했다.",
        "textWordEA": 23
      }
    },
    {
      "srcTextID": "19145",
      "srcText": "저에게 천 냥만 주면 쥐를 모두 없애 드리지요. “그게 정말이오?” 시장이 벌떡 일어나며 소리쳤어. “쥐만 없애 준다면 천 냥이 아니라 만 냥이라도 주겠소.”",
      "srcPage": 5,
      "srcSentenceEA": 4,
      "srcWordEA": 24,
      "character": "쥐,시장",
      "setting": null,
      "action": "일어나며,소리쳤어",
      "feeling": null,
      "causalRelationship": null,
      "outcomeResolution": null,
      "prediction": "쥐만 없애 준다면 천 냥이 아니라 만 냥이라도 주겠소.",
      "plotSummaryInfoCount": 1,
      "plotSummaryInfo": {
        "classification": "의사소통",
        "readAge": "초등_저학년",
        "form": "long-form",
        "plotSummaryText": "저에게 천 냥만 주면 쥐를 모두 없애 드리지요라고 하니 시장이 쥐만 없애 준다면 천 냥이 아니라 만 냥이라도 주겠소라고 소리쳤다.",
        "textWordEA": 20
      }
    },
    {
      "srcTextID": "19146",
      "srcText": "마침내 피리 부는 사나이가 피리를 불기 시작했어. 피리 소리가 점점 높아지더니 갑자기 수많은 쥐가 쏟아져 나왔어. 큰 쥐, 작은 쥐, 뚱뚱한 쥐, 마른 쥐, 까만 쥐, 회색 쥐, 빠른 쥐, 느린 쥐, 늙은 쥐, 어린 쥐 할 것 없이 하멜른의 쥐란 쥐들은 죄다 몰려나왔지.",
      "srcPage": 7,
      "srcSentenceEA": 3,
      "srcWordEA": 46,
      "character": "피리 부는 사나이,피리,쥐,큰 쥐,작은 쥐,뚱뚱한 쥐,마른 쥐,까만 쥐,회색 쥐,빠른 쥐,느린 쥐,늙은 쥐,어린 쥐",
      "setting": "하멜른,마침내",
      "action": "불기,쏟아져 나왔어,몰려나왔지",
      "feeling": null,
      "causalRelationship": "마침내 피리 부는 사나이가 피리를 불기 시작했어. 피리 소리가 점점 높아지더니 갑자기 수많은 쥐가 쏟아져 나왔어.",
      "outcomeResolution": "큰 쥐, 작은 쥐, 뚱뚱한 쥐, 마른 쥐, 까만 쥐, 회색 쥐, 빠른 쥐, 느린 쥐, 늙은 쥐, 어린 쥐 할 것 없이 하멜른의 쥐란 쥐들은 죄다 몰려나왔지.",
      "prediction": null,
      "plotSummaryInfoCount": 1,
      "plotSummaryInfo": {
        "classification": "의사소통",
        "readAge": "초등_저학년",
        "form": "short-form",
        "plotSummaryText": " 피리 부는 사나이가 피리를 불기 시작하자 피리 소리가 점점 높아지더니 갑자기 수많은 쥐가 쏟아져 나왔고 하멜른의 쥐란 쥐들은 죄다 몰려나왔다.",
        "textWordEA": 20
      }
    },
    {
      "srcTextID": "19148",
      "srcText": "쥐들은 피리 부는 사나이를 따라갔어. 많고도 많은 생쥐가 요리조리 마을을 빠져나가 강에 이르렀어. 첫 번째 쥐가 물에 풍덩 빠지자 두 번째, 세 번째 쥐도 풍덩풍덩! 셀 수도 없이 많은 쥐가 모두 물에 빠져 죽었어.",
      "srcPage": 8,
      "srcSentenceEA": 4,
      "srcWordEA": 37,
      "character": "쥐들,피리 부는 사나이,생쥐",
      "setting": "마을,강,물",
      "action": "따라갔어,빠져나가,이르렀어,빠지자",
      "feeling": null,
      "causalRelationship": null,
      "outcomeResolution": "셀 수도 없이 많은 쥐들이 모두 물에 빠져 죽었어.",
      "prediction": null,
      "plotSummaryInfoCount": 1,
      "plotSummaryInfo": {
        "classification": "의사소통",
        "readAge": "초등_저학년",
        "form": "long-form",
        "plotSummaryText": "쥐들은 피리 부는 사나이를 따라갔고 많은 생쥐들이 마을을 빠져나가 강에 이르렀고 첫 번째 쥐가 물에 빠지자 두 번째, 세 번째 쥐들도 셀 수도 없이 많은 쥐들이 모두 물에 빠져 죽었다.",
        "textWordEA": 30
      }
    },
    {
      "srcTextID": "19154",
      "srcText": "그런데 웬걸, 마치 커다란 구멍이 뚫린 것처럼 산이 활짝 열렸어. 아이들은 피리 부는 사나이를 따라 그 안으로 들어갔지. 그러자 산은 아무 일도 없었던 것처럼 원래대로 돌아왔어.",
      "srcPage": 15,
      "srcSentenceEA": 3,
      "srcWordEA": 28,
      "character": "구멍,아이,피리 부는 사나이",
      "setting": "산,그 안",
      "action": "열렸어,들어갔지,돌아왔어",
      "feeling": null,
      "causalRelationship": null,
      "outcomeResolution": "그러자 산은 아무 일도 없었던 것처럼 원래대로 돌아왔어.",
      "prediction": null,
      "plotSummaryInfoCount": 1,
      "plotSummaryInfo": {
        "classification": "의사소통",
        "readAge": "초등_저학년",
        "form": "short-form",
        "plotSummaryText": "마치 커다란 구멍이 뚫린 것처럼 산이 활짝 열렸고 아이들은 피리 부는 사나이를 따라 그 안으로 들어가자 산은 원래대로 돌아왔다.",
        "textWordEA": 19
      }
    },
    {
      "srcTextID": "19157",
      "srcText": "시장은 만나는 사람마다 붙잡고 사정했어. 하지만 이제 와서 무슨 소용이겠어. 이미 아이들은 사라지고 말았는걸.",
      "srcPage": 17,
      "srcSentenceEA": 3,
      "srcWordEA": 16,
      "character": "시장,사람,아이",
      "setting": null,
      "action": "만나는,붙잡고,사정했어,사라지고",
      "feeling": null,
      "causalRelationship": null,
      "outcomeResolution": "이미 아이들은 사라지고 말았는걸.",
      "prediction": null,
      "plotSummaryInfoCount": 1,
      "plotSummaryInfo": {
        "classification": "의사소통",
        "readAge": "초등_저학년",
        "form": "short-form",
        "plotSummaryText": "시장은 만나는 사람마다 붙잡고 사정했지만 이미 아이들은 사라지고 말았다.",
        "textWordEA": 9
      }
    }
  ]
}