{
  "title": "개와 고양이",
  "author": "이기훈",
  "illustrator": "최정수",
  "isbn": "9788992191562",
  "publishedYear": 2006,
  "publisher": "한국아이엔이",
  "paragraphInfoCount": 44,
  "paragraphInfo": [
    {
      "srcTextID": "100623",
      "srcText": "할머니는 구슬을 어루만지며 기뻐서 어쩔 줄 몰랐어요. \"자, 어서 소원을 말해 봅시다.\" \"구슬아 구슬아 우리 늙은이한테 멋진 집 한 채만 다오.\" 그러자 ‘펑’ 하고 연기가 나더니 오두막집이 멋진 기와집으로 변했어요.",
      "srcPage": 22,
      "srcSentenceEA": 5,
      "srcWordEA": 32,
      "character": "할머니,늙은이,구슬",
      "setting": null,
      "action": "어루만지며,연기가 나더니",
      "feeling": "기뻐서",
      "causalRelationship": null,
      "outcomeResolution": null,
      "prediction": null,
      "plotSummaryInfoCount": 1,
      "plotSummaryInfo": {
        "classification": "의사소통",
        "readAge": "초등_저학년",
        "form": "long-form",
        "plotSummaryText": "할머니는 구슬을 어루만지며 기뻐서 어쩔 줄 몰라 하며 멋진 집 한 채만 달라고 하자, 펑 하고 연기가 나더니 오두막집이 멋진 기와집으로 변했다.",
        "textWordEA": 22
      }
    },
    {
      "srcTextID": "100619",
      "srcText": "할아버지는 맛있는 음식에다 극진한 대접까지 받았어요. \"할멈이 나를 기다리고 있을 텐데.\" 며칠이 지나자 할아버지는 집으로 돌아가야겠다는 생각을 했어요.",
      "srcPage": 17,
      "srcSentenceEA": 3,
      "srcWordEA": 19,
      "character": "할아버지,할멈,음식",
      "setting": null,
      "action": "기다리고,돌아가야겠다",
      "feeling": null,
      "causalRelationship": null,
      "outcomeResolution": null,
      "prediction": null,
      "plotSummaryInfoCount": 1,
      "plotSummaryInfo": {
        "classification": "의사소통",
        "readAge": "초등_저학년",
        "form": "short-form",
        "plotSummaryText": "할아버지는 맛있는 음식에다 극진한 대접까지 받았지만, 며칠이 지나자, 할멈이 기다리고 있는 집으로 돌아가야겠다는 생각했다.",
        "textWordEA": 14
      }
    },
    {
      "srcTextID": "100622",
      "srcText": "왕자가 말한 대로 용왕님이 소원을 물어 보았어요. 할아버지는 왕자가 귀띔해 준 대로 파란 구슬이 갖고 싶다고 말했어요. 그러자 용왕님은 아주 난처한 표정을 지었어요.",
      "srcPage": 19,
      "srcSentenceEA": 3,
      "srcWordEA": 25,
      "character": "왕자,용왕,할아버지,파란 구슬",
      "setting": null,
      "action": "말했어요",
      "feeling": null,
      "causalRelationship": null,
      "outcomeResolution": null,
      "prediction": null,
      "plotSummaryInfoCount": 1,
      "plotSummaryInfo": {
        "classification": "의사소통",
        "readAge": "초등_저학년",
        "form": "short-form",
        "plotSummaryText": "용왕님이 소원을 물어보자, 할아버지는 왕자가 귀띔해 준 대로 파란 구슬이 갖고 싶다고 말했고, 그러자 용왕님은 아주 난처한 표정을 지었다.",
        "textWordEA": 19
      }
    },
    {
      "srcTextID": "100645",
      "srcText": "다시 부자가 된 할아버지와 할머니는 고양이를 예전보다 더 귀여워했어요. \"이제부터 야옹이는 안방에서 지내도록 해라.\" 하지만 구슬을 물에 빠뜨리게 한 개는 고양이가 먹다 남은 음식을 먹어야 하는 처량한 신세가 되고 말았지요. 그 날 이후부터 개와 고양이는 항상 ‘으르렁’거리며 싸우는 사이가 되었답니다.",
      "srcPage": 44,
      "srcSentenceEA": 5,
      "srcWordEA": 43,
      "character": "부자,할아버지,할머니,고양이,개",
      "setting": null,
      "action": "빠뜨리게,먹다,먹어야",
      "feeling": null,
      "causalRelationship": null,
      "outcomeResolution": null,
      "prediction": null,
      "plotSummaryInfoCount": 1,
      "plotSummaryInfo": {
        "classification": "의사소통",
        "readAge": "초등_저학년",
        "form": "long-form",
        "plotSummaryText": "다시 부자가 된 할아버지와 할머니는 고양이를 예전보다 더 귀여워하며 안방에서 지낼 수 있게 했지만, 구슬을 물에 빠뜨리게 한 개는 고양이가 먹다 남은 음식을 먹어야 하는 신세가 되면서 그날 이후부터 개와 고양이는 항상 으르렁거리며 싸우는 사이가 되었다.",
        "textWordEA": 36
      }
    },
    {
      "srcTextID": "100626",
      "srcText": "\"옳지! 구슬을 몰래 바꾸면 되겠군.\" 심술쟁이 할멈은 노란 구슬에다 파란색을 칠했어요. 그리고 방울장수로 가장한 다음 할아버지 집으로 갔어요.",
      "srcPage": 25,
      "srcSentenceEA": 3,
      "srcWordEA": 21,
      "character": "심술쟁이,할멈,방울장수,할아버지",
      "setting": null,
      "action": "바꾸면,칠했어요,갔어요",
      "feeling": null,
      "causalRelationship": null,
      "outcomeResolution": null,
      "prediction": null,
      "plotSummaryInfoCount": 1,
      "plotSummaryInfo": {
        "classification": "의사소통",
        "readAge": "초등_저학년",
        "form": "short-form",
        "plotSummaryText": "심술쟁이 할멈은 구슬을 몰래 바꾸기 위해 노란 구슬에다 파란색을 칠하고는 방울 장수로 가장해 할아버지 집으로 갔다.",
        "textWordEA": 16
      }
    },
    {
      "srcTextID": "100629",
      "srcText": "\"자, 그럼 난 가야겠어요.\" 심술쟁이 할멈이 사라지자 할머니의 기와집은 금방 오두막집으로 변했어요. 할머니의 비단치마도 누더기로 변했어요.",
      "srcPage": 28,
      "srcSentenceEA": 3,
      "srcWordEA": 18,
      "character": "심술쟁이,할멈,할머니,기와집,오두막집",
      "setting": null,
      "action": "가야겠어요,사라지자",
      "feeling": null,
      "causalRelationship": null,
      "outcomeResolution": null,
      "prediction": null,
      "plotSummaryInfoCount": 1,
      "plotSummaryInfo": {
        "classification": "의사소통",
        "readAge": "초등_저학년",
        "form": "short-form",
        "plotSummaryText": "심술쟁이 할멈이 사라지자, 기와집은 금방 오두막집으로 변했고, 할머니의 비단 치마도 누더기로 변했다.",
        "textWordEA": 12
      }
    },
    {
      "srcTextID": "100620",
      "srcText": "개와 고양이도 꼬리를 흔들며 좋아했어요. 이제 할아버지와 할머니는 큰 부자가 되었어요. 비단 옷으로 곱게 차려 입고 맛있는 음식도 배불리 먹었어요.",
      "srcPage": 23,
      "srcSentenceEA": 3,
      "srcWordEA": 22,
      "character": "개,고양이,할아버지,할머니,꼬리",
      "setting": null,
      "action": "흔들며,차려 입고,먹었어요",
      "feeling": "좋아했어요",
      "causalRelationship": null,
      "outcomeResolution": null,
      "prediction": null,
      "plotSummaryInfoCount": 1,
      "plotSummaryInfo": {
        "classification": "의사소통",
        "readAge": "초등_저학년",
        "form": "short-form",
        "plotSummaryText": "개와 고양이도 꼬리를 흔들며 좋아했고, 이제 큰 부자가 된 할아버지와 할머니는 비단옷으로 곱게 차려입고 맛있는 음식도 배불리 먹었다.",
        "textWordEA": 18
      }
    },
    {
      "srcTextID": "100628",
      "srcText": "파란 구슬에 관한 소문은 강 건너 마을까지 전해졌어요. 강 건너 심술쟁이 할멈도 이 소문을 듣게 되었어요. 심술이 난 할멈은 파란 구슬을 빼앗을 궁리만 했어요.",
      "srcPage": 24,
      "srcSentenceEA": 3,
      "srcWordEA": 26,
      "character": "심술쟁이,할멈,파란 구슬",
      "setting": "강 건너 마을",
      "action": "빼앗을,듣게 되었어요",
      "feeling": null,
      "causalRelationship": null,
      "outcomeResolution": null,
      "prediction": null,
      "plotSummaryInfoCount": 1,
      "plotSummaryInfo": {
        "classification": "의사소통",
        "readAge": "초등_저학년",
        "form": "short-form",
        "plotSummaryText": "파란 구슬에 관한 소문을 강 건너 마을 심술쟁이 할멈도 듣게 되면서, 이에 심술이 난 할멈은 파란 구슬을 빼앗을 궁리만 했다.",
        "textWordEA": 20
      }
    },
    {
      "srcTextID": "100603",
      "srcText": "그리고 정성껏 돌보아 주었어요. 할아버지는 날마다 강으로 물고기를 잡으러 다녔어요. 어느 날은 또 고양이 한 마리가 할아버지 뒤를 졸졸 따라왔어요.",
      "srcPage": 2,
      "srcSentenceEA": 3,
      "srcWordEA": 22,
      "character": "할아버지,고양이,물고기",
      "setting": null,
      "action": "돌보아,잡으러 다녔어요,따라왔어요",
      "feeling": null,
      "causalRelationship": null,
      "outcomeResolution": null,
      "prediction": null,
      "plotSummaryInfoCount": 1,
      "plotSummaryInfo": {
        "classification": "의사소통",
        "readAge": "초등_저학년",
        "form": "short-form",
        "plotSummaryText": "정성껏 돌보아 주었고, 할아버지가 날마다 강으로 물고기를 잡으러 다니던 어느 날 고양이 한 마리가 졸졸 따라왔다.",
        "textWordEA": 16
      }
    },
    {
      "srcTextID": "100605",
      "srcText": "\"오늘은 물고기를 많이 잡아서 멍멍이와 야옹이를 배불리 먹여야겠어.\" \"멍멍멍\" \"야옹\" 개와 고양이는 꼬리를 흔들며 할아버지께 달려와서 안겼어요. \"오냐, 오냐. 이놈들 잘 놀고 있었느냐?\" 할머니는 할아버지가 잡아 온 물고기를 시장에 내다 팔았어요. 물고기를 판 돈으로 근근히 살아갔어요.",
      "srcPage": 5,
      "srcSentenceEA": 6,
      "srcWordEA": 40,
      "character": "개,고양이,할아버지,할머니,물고기",
      "setting": "시장",
      "action": "잡아서,먹여야겠어,흔들며,달려와서,안겼어요",
      "feeling": null,
      "causalRelationship": null,
      "outcomeResolution": null,
      "prediction": null,
      "plotSummaryInfoCount": 1,
      "plotSummaryInfo": {
        "classification": "의사소통",
        "readAge": "초등_저학년",
        "form": "long-form",
        "plotSummaryText": "개와 고양이는 꼬리를 흔들며 물고기를 잡아 오는 할아버지께 달려와서 안겼고, 할머니는 할아버지가 잡아 온 물고기를 시장에 내다 팔며 근근이 살아갔다.",
        "textWordEA": 20
      }
    },
    {
      "srcTextID": "100608",
      "srcText": "\"걱정 말아요. 어제 잡은 물고기가 조금 남았어요.\" 할머니는 할아버지를 따뜻하게 위로했어요.",
      "srcPage": 8,
      "srcSentenceEA": 3,
      "srcWordEA": 13,
      "character": "물고기,할머니,할아버지",
      "setting": null,
      "action": "위로했어요",
      "feeling": null,
      "causalRelationship": null,
      "outcomeResolution": null,
      "prediction": null,
      "plotSummaryInfoCount": 1,
      "plotSummaryInfo": {
        "classification": "의사소통",
        "readAge": "초등_저학년",
        "form": "short-form",
        "plotSummaryText": "할머니는 어제 잡은 물고기가 조금 남았다며 할아버지를 따뜻하게 위로했다.",
        "textWordEA": 9
      }
    },
    {
      "srcTextID": "100607",
      "srcText": " 이튿날 아침, 날이 밝자 할아버지는 또 강에다 그물을 쳤어요. \"이제 그물을 건져 볼까.\" 한참을 기다린 할아버지는 그물을 끌어올리기 시작했어요. 그물 속에는 황금빛이 ‘반짝 반짝’ 빛나는 잉어 한 마리가 걸려 있었어요.",
      "srcPage": 9,
      "srcSentenceEA": 5,
      "srcWordEA": 34,
      "character": "할아버지,그물,잉어",
      "setting": "이튿날",
      "action": "쳤어요,건져 볼까,끌어올리기",
      "feeling": null,
      "causalRelationship": null,
      "outcomeResolution": null,
      "prediction": null,
      "plotSummaryInfoCount": 1,
      "plotSummaryInfo": {
        "classification": "의사소통",
        "readAge": "초등_저학년",
        "form": "long-form",
        "plotSummaryText": "이튿날 아침, 할아버지는 또 강에다 그물을 치고 한참 동안 기다렸다가 그물을 끌어 올리기 시작했는데, 그 속에는 황금빛이 빛나는 잉어 한 마리가 걸려 있었다.",
        "textWordEA": 23
      }
    },
    {
      "srcTextID": "100613",
      "srcText": "지금까지 한 번도 본 적이 없는 황금빛 잉어였어요. \"세상에! 잉어가 눈물을 다 흘리고 있네.\" 잉어는 살려 달라고 애원하는 것 같았어요.",
      "srcPage": 10,
      "srcSentenceEA": 3,
      "srcWordEA": 22,
      "character": "잉어,눈물",
      "setting": null,
      "action": "흘리고",
      "feeling": null,
      "causalRelationship": null,
      "outcomeResolution": null,
      "prediction": null,
      "plotSummaryInfoCount": 1,
      "plotSummaryInfo": {
        "classification": "의사소통",
        "readAge": "초등_저학년",
        "form": "short-form",
        "plotSummaryText": "지금까지 한 번도 본 적이 없는 황금빛 잉어였는데, 눈물을 흘리는 것이 살려 달라고 애원하는 것 같았다.",
        "textWordEA": 16
      }
    },
    {
      "srcTextID": "100611",
      "srcText": "\"가엾기도 해라. 자 살려 줄 테니 깊은 곳으로 가서 살거라.\" 할아버지는 잉어를 도로 강물에 놓아 주었어요.",
      "srcPage": 11,
      "srcSentenceEA": 3,
      "srcWordEA": 18,
      "character": "할아버지,잉어",
      "setting": "강물",
      "action": "가서,놓아 주었어요",
      "feeling": null,
      "causalRelationship": null,
      "outcomeResolution": null,
      "prediction": null,
      "plotSummaryInfoCount": 1,
      "plotSummaryInfo": {
        "classification": "의사소통",
        "readAge": "초등_저학년",
        "form": "short-form",
        "plotSummaryText": "할아버지는 잉어를 가여워하며 도로 강물에 놓아 주었다.",
        "textWordEA": 7
      }
    },
    {
      "srcTextID": "100615",
      "srcText": "다음 날도 할아버지는 여느 때와 다름없이 물고기를 잡으러 강으로 갔어요. \"웬 바람이 이렇게 부는걸까?\" 그런데 갑자기 하늘 높이 치솟은 강물이 둘로 나누어지는 것이 아니겠어요.",
      "srcPage": 13,
      "srcSentenceEA": 3,
      "srcWordEA": 25,
      "character": "할아버지,강물,물고기",
      "setting": "다음 날",
      "action": "잡으러,갔어요",
      "feeling": null,
      "causalRelationship": null,
      "outcomeResolution": null,
      "prediction": null,
      "plotSummaryInfoCount": 1,
      "plotSummaryInfo": {
        "classification": "의사소통",
        "readAge": "초등_저학년",
        "form": "short-form",
        "plotSummaryText": "다음 날도 할아버지는 물고기를 잡으러 강으로 갔는데, 갑자기 바람이 불더니 강물이 하늘로 치솟아 둘로 나누어지는 것이었다.",
        "textWordEA": 16
      }
    },
    {
      "srcTextID": "100614",
      "srcText": "그러면서 강물 속으로 곧게 뻗은 길이 나타났어요. 자세히 보니 강물 속에서 사람이 걸어 나왔어요. \"할아버지, 저는 바닷속 용왕님의 신하랍니다. 어제 할아버지가 구해 준 잉어는 용왕님의 아들이었지요.\"",
      "srcPage": 14,
      "srcSentenceEA": 4,
      "srcWordEA": 28,
      "character": "사람,할아버지,용왕,신하,잉어,아들",
      "setting": null,
      "action": "보니,걸어 나왔어요,구해 준",
      "feeling": null,
      "causalRelationship": null,
      "outcomeResolution": null,
      "prediction": null,
      "plotSummaryInfoCount": 1,
      "plotSummaryInfo": {
        "classification": "의사소통",
        "readAge": "초등_저학년",
        "form": "long-form",
        "plotSummaryText": "강물 속으로 곧게 뻗은 길이 나타나면서 바닷속 용왕님의 신하가 걸어 나왔고, 어제 할아버지가 구해 준 잉어는 용왕님의 아들이라고 했다.",
        "textWordEA": 19
      }
    },
    {
      "srcTextID": "100616",
      "srcText": "할아버지는 마치 꿈을 꾸고 있는 것 같았어요. \"용왕님이 할아버지를 모시고 오라 하셨어요.\" 신하는 할아버지를 거북이 등에 태우고 물 속으로 들어갔어요.",
      "srcPage": 15,
      "srcSentenceEA": 3,
      "srcWordEA": 21,
      "character": "할아버지,용왕,신하,거북이",
      "setting": null,
      "action": "모시고 오라,태우고,들어갔어요",
      "feeling": null,
      "causalRelationship": null,
      "outcomeResolution": null,
      "prediction": null,
      "plotSummaryInfoCount": 1,
      "plotSummaryInfo": {
        "classification": "의사소통",
        "readAge": "초등_저학년",
        "form": "short-form",
        "plotSummaryText": "마치 꿈을 꾸는 듯 신하는 용왕님이 모시고 오라 하셨다며, 할아버지를 거북이 등에 태우고 물속으로 들어갔다.",
        "textWordEA": 15
      }
    },
    {
      "srcTextID": "100617",
      "srcText": "\"오. 그대가 왕자를 구해 준 사람이오? 내 무슨 소원이든 들어 주겠네.\" 용왕님은 할아버지의 손을 잡으며 기뻐했어요.",
      "srcPage": 16,
      "srcSentenceEA": 3,
      "srcWordEA": 19,
      "character": "왕자,사람,용왕,할아버지",
      "setting": null,
      "action": "구해,잡으며",
      "feeling": "기뻐했어요",
      "causalRelationship": null,
      "outcomeResolution": null,
      "prediction": null,
      "plotSummaryInfoCount": 1,
      "plotSummaryInfo": {
        "classification": "의사소통",
        "readAge": "초등_저학년",
        "form": "short-form",
        "plotSummaryText": "용왕님은 왕자를 구해 준 할아버지에게 무슨 소원이든 들어 주겠다며 손을 잡고 기뻐했다.",
        "textWordEA": 12
      }
    },
    {
      "srcTextID": "100618",
      "srcText": "이것을 눈치챈 왕자가 할아버지께 조용히 귀띔을 했어요. \"할아버지, 용왕님께서 마지막으로 소원을 물어 보시면 파란 구슬이 갖고 싶다고 말하세요. 그 파란 구슬은 소원을 들어 주는 신기한 보물이랍니다.\" 드디어 할아버지가 집으로 돌아가는 날이었어요.",
      "srcPage": 18,
      "srcSentenceEA": 4,
      "srcWordEA": 33,
      "character": "왕자,할아버지,용왕,파란 구슬",
      "setting": null,
      "action": "돌아가는,말하세요",
      "feeling": null,
      "causalRelationship": null,
      "outcomeResolution": null,
      "prediction": null,
      "plotSummaryInfoCount": 1,
      "plotSummaryInfo": {
        "classification": "의사소통",
        "readAge": "초등_저학년",
        "form": "long-form",
        "plotSummaryText": "이것을 눈치챈 왕자는 할아버지에게 용왕님께서 마지막으로 소원을 물어보시면 소원을 들어주는 파란 구슬이 갖고 싶다고 말하라고 귀띔해 주었고,  드디어 할아버지가 집으로 돌아가는 날이 되었다.",
        "textWordEA": 24
      }
    },
    {
      "srcTextID": "100625",
      "srcText": "\"방울 사세요, 예쁜 방울 있어요.\" 할머니가 문을 열자 욕심쟁이 할멈은 잔꾀를 부렸어요. \"저, 이 댁에도 이런 귀한 구슬이 있다는 소문을 들었는데 정말 똑같은지 구경 한번 할 수 없을까요?\"",
      "srcPage": 26,
      "srcSentenceEA": 3,
      "srcWordEA": 29,
      "character": "할머니,욕심쟁이,할멈,귀한 구슬",
      "setting": null,
      "action": "열자",
      "feeling": null,
      "causalRelationship": null,
      "outcomeResolution": null,
      "prediction": null,
      "plotSummaryInfoCount": 1,
      "plotSummaryInfo": {
        "classification": "의사소통",
        "readAge": "초등_저학년",
        "form": "short-form",
        "plotSummaryText": "할머니가 문을 열자, 욕심쟁이 할멈은 잔꾀를 부려 이 댁에도 이런 귀한 구슬이 있다던데 정말 똑같은지 구경 한번 할 수 없겠냐고 했다.",
        "textWordEA": 21
      }
    },
    {
      "srcTextID": "100627",
      "srcText": "심술쟁이 할멈은 가짜 구슬을 보여 주며 말했어요. 할머니는 장롱 속에 감춰 뒀던 파란 구슬을 꺼내 심술쟁이 할멈에게 보여 주었어요. 심술쟁이 할멈은 재빨리 가짜 구슬과 바꿨어요.",
      "srcPage": 27,
      "srcSentenceEA": 3,
      "srcWordEA": 27,
      "character": "심술쟁이,할멈,할머니,장롱",
      "setting": null,
      "action": "보여 주었어요,바꿨어요,보여 주며 말했어요",
      "feeling": null,
      "causalRelationship": null,
      "outcomeResolution": null,
      "prediction": null,
      "plotSummaryInfoCount": 1,
      "plotSummaryInfo": {
        "classification": "의사소통",
        "readAge": "초등_저학년",
        "form": "short-form",
        "plotSummaryText": "심술쟁이 할멈의 가짜 구슬을 본 할머니는 장롱 속에 감춰 뒀던 파란 구슬을 꺼내 보여 주었고, 심술쟁이 할멈은 재빨리 가짜 구슬과 바꿨다.",
        "textWordEA": 21
      }
    },
    {
      "srcTextID": "100604",
      "srcText": "어느 강가에 마음씨 좋은 할아버지와 할머니가 살고 있었어요. 할아버지가 장에서 돌아오는데 버려진 강아지 한 마리가 길에 쓰러져 있었어요. 할아버지는 강아지를 데리고 집으로 돌아왔어요.",
      "srcPage": 1,
      "srcSentenceEA": 3,
      "srcWordEA": 25,
      "character": "할아버지,할머니,강아지",
      "setting": "어느 강가에",
      "action": "돌아오는데,데리고,살고 있었어요",
      "feeling": "좋은",
      "causalRelationship": null,
      "outcomeResolution": null,
      "prediction": null,
      "plotSummaryInfoCount": 1,
      "plotSummaryInfo": {
        "classification": "의사소통",
        "readAge": "초등_저학년",
        "form": "short-form",
        "plotSummaryText": "어느 강가에 마음씨 좋은 할아버지와 할머니가 살고 있었는데, 장에서 돌아오던 할아버지는 길에 버려진 강아지 한 마리를 데리고 집으로 돌아왔다.",
        "textWordEA": 19
      }
    },
    {
      "srcTextID": "100606",
      "srcText": "하지만 개와 고양이에게 먹일 생선만은 넉넉히 남겨 두었지요. \"고놈, 참 귀엽기도 하지!\" 자식이 없는 할아버지와 할머니는 개와 고양이의 재롱이 무척 즐거웠어요.",
      "srcPage": 4,
      "srcSentenceEA": 3,
      "srcWordEA": 22,
      "character": "개,고양이,자식,할아버지,할머니",
      "setting": null,
      "action": "먹일",
      "feeling": "즐거웠어요",
      "causalRelationship": null,
      "outcomeResolution": null,
      "prediction": null,
      "plotSummaryInfoCount": 1,
      "plotSummaryInfo": {
        "classification": "의사소통",
        "readAge": "초등_저학년",
        "form": "short-form",
        "plotSummaryText": "자식이 없는 할아버지와 할머니는 개와 고양이에게 먹일 생선만은 넉넉히 남겨 두었고, 재롱도 무척 즐거워했다.",
        "textWordEA": 14
      }
    },
    {
      "srcTextID": "100610",
      "srcText": "할머니는 개와 고양이를 데리고 마중을 나와 있었어요. \"할멈, 미안해. 오늘은 물고기를 한 마리도 잡지 못했어.\"",
      "srcPage": 7,
      "srcSentenceEA": 3,
      "srcWordEA": 16,
      "character": "할머니,개,고양이,할멈",
      "setting": null,
      "action": "데리고,나와 있었어요,잡지",
      "feeling": null,
      "causalRelationship": null,
      "outcomeResolution": null,
      "prediction": null,
      "plotSummaryInfoCount": 1,
      "plotSummaryInfo": {
        "classification": "의사소통",
        "readAge": "초등_저학년",
        "form": "short-form",
        "plotSummaryText": "할머니가 개와 고양이를 데리고 마중을 나와 있자, 오늘은 물고기를 한 마리도 잡지 못했다고 했다.",
        "textWordEA": 14
      }
    },
    {
      "srcTextID": "100612",
      "srcText": "잉어는 주변을 ‘빙빙’ 헤엄쳐 다니더니 어디론가 사라져 갔어요. 집으로 돌아온 할아버지는 낮에 있었던 일을 할머니께 들려 주었어요. \"영감, 참 좋은 일을 했구려.\"",
      "srcPage": 12,
      "srcSentenceEA": 4,
      "srcWordEA": 24,
      "character": "잉어,할아버지,할머니,영감",
      "setting": null,
      "action": "헤엄쳐 다니더니,사라져 갔어요,돌아온",
      "feeling": null,
      "causalRelationship": null,
      "outcomeResolution": null,
      "prediction": null,
      "plotSummaryInfoCount": 1,
      "plotSummaryInfo": {
        "classification": "의사소통",
        "readAge": "초등_저학년",
        "form": "long-form",
        "plotSummaryText": "잉어는 주변을 헤엄쳐 다니더니 어디론가 사라져 갔고, 집으로 돌아온 할아버지는 낮에 있었던 일을 할머니께 들려주었다.",
        "textWordEA": 15
      }
    },
    {
      "srcTextID": "100637",
      "srcText": "강가에 이르자 고양이는 구슬을 입에 물고 개의 등에 올라탔어요. 한참 헤엄을 치던 개는 파란 구슬이 잘 있는지 궁금했어요. \"야옹아!너 구슬 잘 가지고 있는 거지?\"",
      "srcPage": 36,
      "srcSentenceEA": 3,
      "srcWordEA": 26,
      "character": "고양이,개,구슬",
      "setting": null,
      "action": "물고,올라탔어요,헤엄을 치던",
      "feeling": null,
      "causalRelationship": null,
      "outcomeResolution": null,
      "prediction": null,
      "plotSummaryInfoCount": 1,
      "plotSummaryInfo": {
        "classification": "의사소통",
        "readAge": "초등_저학년",
        "form": "short-form",
        "plotSummaryText": "강가에 이르자 고양이는 구슬을 입에 물고 개의 등에 올라탔고, 헤엄을 치던 개는 고양이에게 파란 구슬을 잘 가졌는지 물었다.",
        "textWordEA": 18
      }
    },
    {
      "srcTextID": "100641",
      "srcText": "하지만 고양이는 대답을 할 수가 없었어요. 구슬을 입에 물고 있었기 때문이지요. \"왜 대답이 없는 거야? 혹시 구슬을 물 속에 빠뜨렸니?\"",
      "srcPage": 37,
      "srcSentenceEA": 4,
      "srcWordEA": 22,
      "character": "고양이,구슬",
      "setting": null,
      "action": "물고,빠뜨렸니",
      "feeling": null,
      "causalRelationship": null,
      "outcomeResolution": null,
      "prediction": null,
      "plotSummaryInfoCount": 1,
      "plotSummaryInfo": {
        "classification": "의사소통",
        "readAge": "초등_저학년",
        "form": "long-form",
        "plotSummaryText": "고양이는 구슬을 입에 물고 있어 대답할 수가 없었는데, 그런 고양이의 대답이 없자, 구슬을 물속에 빠뜨렸냐고 물었다.",
        "textWordEA": 16
      }
    },
    {
      "srcTextID": "100640",
      "srcText": "이 말에 고양이는 몹시 화가 났어요. \"걱정 마! 구슬은 내가 잘 물고 있어.\" 고양이는 구슬을 입에 문 것을 깜박 잊어 버리고 입을 열고 말았어요.",
      "srcPage": 39,
      "srcSentenceEA": 4,
      "srcWordEA": 26,
      "character": "고양이,구슬",
      "setting": null,
      "action": "물고,입을 열고",
      "feeling": null,
      "causalRelationship": null,
      "outcomeResolution": null,
      "prediction": null,
      "plotSummaryInfoCount": 1,
      "plotSummaryInfo": {
        "classification": "의사소통",
        "readAge": "초등_저학년",
        "form": "long-form",
        "plotSummaryText": "이 말에 고양이는 몹시 화가 나 구슬을 입에 문 것을 잊어버리고는 잘 물고 있다며 입을 열고 말았다.",
        "textWordEA": 17
      }
    },
    {
      "srcTextID": "100638",
      "srcText": "그 순간 구슬은 물 속으로 ‘퐁당’ 빠지고 말았어요. \"야옹아! 정말 미안해.\" 개는 고양이의 눈치를 살피다 힘없이 집으로 돌아갔어요.",
      "srcPage": 40,
      "srcSentenceEA": 4,
      "srcWordEA": 21,
      "character": "개,고양이,구슬",
      "setting": null,
      "action": "빠지고,돌아갔어요",
      "feeling": null,
      "causalRelationship": null,
      "outcomeResolution": null,
      "prediction": null,
      "plotSummaryInfoCount": 1,
      "plotSummaryInfo": {
        "classification": "의사소통",
        "readAge": "초등_저학년",
        "form": "long-form",
        "plotSummaryText": "그 순간 구슬은 물속으로 빠지고 말았고, 개는 고양이의 눈치를 살피다 힘없이 집으로 돌아갔다.",
        "textWordEA": 13
      }
    },
    {
      "srcTextID": "100642",
      "srcText": "그런데 그 물고기의 뱃속에 파란 구슬이 들어 있지 않았겠어요. \"와, 신난다. 구슬을 찾았어.\" 고양이는 무나 기뻤어요. 그래서 파란 구슬을 물고 곧장 집으로 달려왔어요.",
      "srcPage": 42,
      "srcSentenceEA": 5,
      "srcWordEA": 26,
      "character": "고양이,파란 구슬",
      "setting": "집",
      "action": "찾았어,물고,달려왔어요",
      "feeling": null,
      "causalRelationship": null,
      "outcomeResolution": null,
      "prediction": null,
      "plotSummaryInfoCount": 1,
      "plotSummaryInfo": {
        "classification": "의사소통",
        "readAge": "초등_저학년",
        "form": "long-form",
        "plotSummaryText": "그 물고기의 배 속에 파란 구슬이 들어 있자, 고양이는 기뻐하며 파란 구슬을 물고 곧장 집으로 달려왔다.",
        "textWordEA": 16
      }
    },
    {
      "srcTextID": "100644",
      "srcText": "구슬을 본 할머니가 소리쳤어요. \"이런 기특도 하지!\" 할아버지와 할머니는 고양이의 머리를 쓰다듬어 주었어요.",
      "srcPage": 43,
      "srcSentenceEA": 3,
      "srcWordEA": 14,
      "character": "할머니,할아버지,고양이",
      "setting": null,
      "action": "소리쳤어요,쓰다듬어",
      "feeling": null,
      "causalRelationship": null,
      "outcomeResolution": null,
      "prediction": null,
      "plotSummaryInfoCount": 1,
      "plotSummaryInfo": {
        "classification": "의사소통",
        "readAge": "초등_저학년",
        "form": "short-form",
        "plotSummaryText": "구슬을 본 할머니가 기특하다고 소리치며, 할아버지와 고양이의 머리를 쓰다듬어 주었다.",
        "textWordEA": 10
      }
    },
    {
      "srcTextID": "100602",
      "srcText": "\"야옹아! 너도 갈 곳이 없니? 그럼 우리 집에서 함께 살자꾸나.\" 할아버지와 할머니는 친자식처럼 귀여워하며 개와 고양이를 키웠어요.",
      "srcPage": 3,
      "srcSentenceEA": 3,
      "srcWordEA": 20,
      "character": "할아버지,할머니,개,고양이",
      "setting": null,
      "action": "키웠어요,함께 살자꾸나",
      "feeling": null,
      "causalRelationship": null,
      "outcomeResolution": null,
      "prediction": null,
      "plotSummaryInfoCount": 1,
      "plotSummaryInfo": {
        "classification": "의사소통",
        "readAge": "초등_저학년",
        "form": "short-form",
        "plotSummaryText": "갈 곳이 없다면 우리 집에서 함께 살자며 할아버지와 할머니는 개와 고양이를 친자식처럼 키웠다.",
        "textWordEA": 13
      }
    },
    {
      "srcTextID": "100609",
      "srcText": "오늘도 할아버지는 그물을 메고 강가로 나갔어요. 그런데 하루가 다 가도록 물고기는커녕 피라미 한 마리 걸리지 않았어요. \"오늘은 물고기를 한 마리도 잡지 못해 할멈이 몹시 실망하겠는걸?\"",
      "srcPage": 6,
      "srcSentenceEA": 3,
      "srcWordEA": 26,
      "character": "할아버지,할멈,그물,물고기",
      "setting": null,
      "action": "메고,나갔어요",
      "feeling": null,
      "causalRelationship": null,
      "outcomeResolution": null,
      "prediction": null,
      "plotSummaryInfoCount": 1,
      "plotSummaryInfo": {
        "classification": "의사소통",
        "readAge": "초등_저학년",
        "form": "short-form",
        "plotSummaryText": "오늘도 할아버지는 그물을 메고 강가로 나갔지만, 하루가 다 가도록 물고기를 한 마리도 잡지 못해 할멈이 몹시 실망하겠다고 했다.",
        "textWordEA": 18
      }
    },
    {
      "srcTextID": "100639",
      "srcText": "그러나 고양이는 계속 대답을 하지 못했어요. 개는 이상한 생각이 들었어요. \"옳지! 그 구슬을 혼자서 차지하려는 속셈이구나?\"",
      "srcPage": 38,
      "srcSentenceEA": 3,
      "srcWordEA": 18,
      "character": "고양이,개,구슬",
      "setting": null,
      "action": "대답을 하지 못했어요",
      "feeling": null,
      "causalRelationship": null,
      "outcomeResolution": null,
      "prediction": null,
      "plotSummaryInfoCount": 1,
      "plotSummaryInfo": {
        "classification": "의사소통",
        "readAge": "초등_저학년",
        "form": "short-form",
        "plotSummaryText": "고양이는 계속 대답하지 못했고, 개는 이상한 생각이 들어 그 구슬을 혼자서 차지하려는 속셈이냐고 물었다.",
        "textWordEA": 14
      }
    },
    {
      "srcTextID": "100643",
      "srcText": "하지만 고양이는 해가 지도록 강가를 떠나지 못하고 있었어요. 그 때였어요. 물고기를 가득 잡은 어부 한 사람이 불쌍하게 앉아 있는 고양이를 발견했어요. 그리고는 배가 고픈 줄 알았는지 물고기 한 마리를 던져 주었어요.",
      "srcPage": 41,
      "srcSentenceEA": 4,
      "srcWordEA": 34,
      "character": "고양이,어부,사람,물고기",
      "setting": null,
      "action": "잡은,앉아 있는,발견했어요,던져 주었어요",
      "feeling": null,
      "causalRelationship": null,
      "outcomeResolution": null,
      "prediction": null,
      "plotSummaryInfoCount": 1,
      "plotSummaryInfo": {
        "classification": "의사소통",
        "readAge": "초등_저학년",
        "form": "long-form",
        "plotSummaryText": "고양이는 해가 지도록 강가를 떠나지 못하고 있었는데, 물고기를 가득 잡은 어부 한 사람이 불쌍하게 앉아 있는 고양이를 발견하고는 물고기 한 마리를 던져 주었다.",
        "textWordEA": 23
      }
    },
    {
      "srcTextID": "100621",
      "srcText": "그 파란 구슬은 용왕님이 제일 아끼는 보물이었어요. \"거참, 할 수 없군. 약속을 했으니 안 줄 수도 없고.\" 용왕님은 어쩔 수 없이 파란 구슬을 할아버지에게 주었어요.",
      "srcPage": 20,
      "srcSentenceEA": 4,
      "srcWordEA": 27,
      "character": "용왕,할아버지,보물,파란 구슬",
      "setting": null,
      "action": "주었어요",
      "feeling": null,
      "causalRelationship": null,
      "outcomeResolution": null,
      "prediction": null,
      "plotSummaryInfoCount": 1,
      "plotSummaryInfo": {
        "classification": "의사소통",
        "readAge": "초등_저학년",
        "form": "long-form",
        "plotSummaryText": "그 파란 구슬은 용왕님이 제일 아끼는 보물이었지만, 약속했으니 어쩔 수 없이 할아버지에게 주었다.",
        "textWordEA": 13
      }
    },
    {
      "srcTextID": "100624",
      "srcText": "할아버지는 파란 구슬을 품에 안고 집으로 돌아왔어요. \"아니, 그 동안 어딜 다녀오셨어요?\" 할아버지는 그 동안 있었던 일을 이야기하며 파란 구슬을 할머니께 보여 주었어요.",
      "srcPage": 21,
      "srcSentenceEA": 3,
      "srcWordEA": 24,
      "character": "할아버지,할머니,파란 구슬",
      "setting": null,
      "action": "품에 안고,돌아왔어요,보여 주었어요,다녀오셨어요",
      "feeling": null,
      "causalRelationship": null,
      "outcomeResolution": null,
      "prediction": null,
      "plotSummaryInfoCount": 1,
      "plotSummaryInfo": {
        "classification": "의사소통",
        "readAge": "초등_저학년",
        "form": "short-form",
        "plotSummaryText": "할아버지는 파란 구슬을 품에 안고 집으로 돌아왔고, 그동안 있었던 일을 이야기하며 파란 구슬을 할머니께 보여 주었다.",
        "textWordEA": 16
      }
    },
    {
      "srcTextID": "100630",
      "srcText": "마침, 외출에서 돌아온 할아버지는 이 모습을 보고 깜짝 놀랐어요. \"대체, 이게 어찌 된 일이오?\" 할머니는 할아버지께 방울장수 얘기를 해 주었어요. \"이 구슬은 가짜 구슬이야. 못된 방울장수 할멈이 바꾼 것이 틀림없어.\"",
      "srcPage": 29,
      "srcSentenceEA": 5,
      "srcWordEA": 32,
      "character": "할아버지,할머니,방울장수,할멈",
      "setting": null,
      "action": "돌아온,바꾼 것이,얘기를 해 주었어요",
      "feeling": null,
      "causalRelationship": null,
      "outcomeResolution": null,
      "prediction": null,
      "plotSummaryInfoCount": 1,
      "plotSummaryInfo": {
        "classification": "의사소통",
        "readAge": "초등_저학년",
        "form": "long-form",
        "plotSummaryText": "외출에서 돌아온 할아버지는 어찌 된 일인지 물었고, 할머니는 못된 방울 장수 할멈이 가짜 구슬과 바꾼 것이 틀림없다고 얘기를 해 주었다.",
        "textWordEA": 20
      }
    },
    {
      "srcTextID": "100632",
      "srcText": "한편, 심술쟁이 할멈은 큰 부자가 되어 있었어요. 개와 고양이는 안타까워하며 할아버지를 도울 방법을 의논했어요. \"멍멍아! 우리 함께 힘을 모아 두 분을 도와 드리자.\" 개와 고양이는 파란 구슬을 다시 훔쳐 오기로 결심했어요. ",
      "srcPage": 30,
      "srcSentenceEA": 4,
      "srcWordEA": 34,
      "character": "심술쟁이,할멈,개,고양이,할아버지,큰 부자",
      "setting": null,
      "action": "훔쳐 오기로",
      "feeling": null,
      "causalRelationship": null,
      "outcomeResolution": null,
      "prediction": null,
      "plotSummaryInfoCount": 1,
      "plotSummaryInfo": {
        "classification": "의사소통",
        "readAge": "초등_저학년",
        "form": "long-form",
        "plotSummaryText": "심술쟁이 할멈은 큰 부자가 되어 있었고, 개와 고양이는 안타까워 할아버지를 도울 방법을 의논해, 파란 구슬을 다시 훔쳐 오기로 결심했다.",
        "textWordEA": 19
      }
    },
    {
      "srcTextID": "100631",
      "srcText": "개와 고양이는 심술쟁이 할멈 집으로 가기 위해 강으로 갔어요. \"멍멍아, 난 헤엄을 칠 줄 몰라. 난 물을 싫어하거든.\" \"헤엄치는 건 나한테 맡겨.\" 개는 고양이를 등에 태우고 강을 건너기 시작했어요.",
      "srcPage": 31,
      "srcSentenceEA": 5,
      "srcWordEA": 31,
      "character": "개,고양이,심술쟁이,할멈",
      "setting": null,
      "action": "갔어요,헤엄을 칠,태우고,건너기",
      "feeling": null,
      "causalRelationship": null,
      "outcomeResolution": null,
      "prediction": null,
      "plotSummaryInfoCount": 1,
      "plotSummaryInfo": {
        "classification": "의사소통",
        "readAge": "초등_저학년",
        "form": "long-form",
        "plotSummaryText": "개와 고양이는 심술쟁이 할멈 집으로 가기 위해 강으로 갔고, 개는 헤엄을 칠 줄 모르는 고양이를 등에 태우고 강을 건너기 시작했다.",
        "textWordEA": 20
      }
    },
    {
      "srcTextID": "100635",
      "srcText": "마침내 개와 고양이는 심술쟁이 할멈 집을 찾을 수 있었어요. 고양이는 살금 살금 심술쟁이 할멈이 있는 방으로 기어갔어요. 심술쟁이 할멈은 파란 구슬을 잃어 버릴까 봐 벽장 속에 감춰 두고 꼼짝도 않고 지키고 있었어요.",
      "srcPage": 32,
      "srcSentenceEA": 3,
      "srcWordEA": 34,
      "character": "개,고양이,심술쟁이,할멈",
      "setting": null,
      "action": "찾을 수,기어갔어요,감춰 두고,지키고 있었어요",
      "feeling": null,
      "causalRelationship": null,
      "outcomeResolution": null,
      "prediction": null,
      "plotSummaryInfoCount": 1,
      "plotSummaryInfo": {
        "classification": "의사소통",
        "readAge": "초등_저학년",
        "form": "short-form",
        "plotSummaryText": "개와 고양이는 마침내 심술쟁이 할멈 집을 찾아 방으로 기어갔는데, 그 할멈은 파란 구슬을 잃어버릴까 봐 벽장 속에 감춰 두고 지키고 있었다.",
        "textWordEA": 21
      }
    },
    {
      "srcTextID": "100633",
      "srcText": "\"그래, 벽장 속에 감춰 놨구나.\" 고양이는 잠시 생각하더니 웬일인지 곳간으로 뛰어들어갔어요. 곳간 안에는 쌀을 훔쳐 먹고 있는 쥐들이 있었어요.",
      "srcPage": 33,
      "srcSentenceEA": 3,
      "srcWordEA": 21,
      "character": "고양이,쥐,곳간",
      "setting": null,
      "action": "감춰 놨구나,뛰어들어갔어요",
      "feeling": null,
      "causalRelationship": null,
      "outcomeResolution": null,
      "prediction": null,
      "plotSummaryInfoCount": 1,
      "plotSummaryInfo": {
        "classification": "의사소통",
        "readAge": "초등_저학년",
        "form": "short-form",
        "plotSummaryText": "벽장 속에 감춰 놓은 것을 안 고양이는 잠시 생각하더니 쥐들이 있는 곳간으로 뛰어 들어갔다.",
        "textWordEA": 14
      }
    },
    {
      "srcTextID": "100634",
      "srcText": "고양이는 먼저 임금쥐의 목을 누르며 말했어요. \"이놈들! 내가 시키는 대로 하지 않으면 너희 임금은 끝장이다.\" 고양이는 쥐들에게 벽장 속에 있는 파란 구슬을 물어 오라고 명령했어요.",
      "srcPage": 34,
      "srcSentenceEA": 3,
      "srcWordEA": 27,
      "character": "고양이,임금쥐,파란 구슬",
      "setting": null,
      "action": "누르며,물어 오라고",
      "feeling": null,
      "causalRelationship": null,
      "outcomeResolution": null,
      "prediction": null,
      "plotSummaryInfoCount": 1,
      "plotSummaryInfo": {
        "classification": "의사소통",
        "readAge": "초등_저학년",
        "form": "short-form",
        "plotSummaryText": "고양이는 먼저 임금 쥐의 목을 누르며, 쥐들에게 벽장 속에 있는 파란 구슬을 물어 오라고 명령했다.",
        "textWordEA": 15
      }
    },
    {
      "srcTextID": "100636",
      "srcText": "신하쥐들은 기가 죽어 고양이가 시키는 대로 했어요. 얼마나 시간이 흘렀을까? 쥐들은 벽장 속의 파란 구슬을 훔쳐 고양이에게 달려왔어요. \"자, 그럼 약속대로 너희 임금은 살려 주마.\" 고양이는 파란 구슬을 가지고 개와 함께 심술쟁이 할멈 집을 도망쳐 나왔어요.",
      "srcPage": 35,
      "srcSentenceEA": 5,
      "srcWordEA": 39,
      "character": "신하쥐,고양이,임금,개,심술쟁이",
      "setting": null,
      "action": "달려왔어요,도망쳐 나왔어요",
      "feeling": null,
      "causalRelationship": null,
      "outcomeResolution": null,
      "prediction": null,
      "plotSummaryInfoCount": 1,
      "plotSummaryInfo": {
        "classification": "의사소통",
        "readAge": "초등_저학년",
        "form": "long-form",
        "plotSummaryText": "신하 쥐들은 죽어 고양이가 시키는 대로 벽장 속의 파란 구슬을 훔쳐 고양이에게 달려왔고, 고양이는 파란 구슬을 가지고 개와 함께 심술쟁이 할멈 집을 도망쳐 나왔다.",
        "textWordEA": 24
      }
    }
  ]
}