{
  "title": "잭과 콩나무",
  "author": "조지프 제이콥스",
  "illustrator": "정하진",
  "isbn": "9791128210655",
  "publishedYear": 2018,
  "publisher": "아람북스",
  "paragraphInfoCount": 25,
  "paragraphInfo": [
    {
      "srcTextID": "25996",
      "srcText": "그런데 황금 하프가 거인에게 소리치는 거예요. “주인님, 누가 날 훔쳐 가요.” 잠에서 깬 거인이 소리쳤어요. “이놈! 잡히기만 해 봐라!”",
      "srcPage": 21,
      "srcSentenceEA": 4,
      "srcWordEA": 21,
      "character": "주인님,황금 하프,거인",
      "setting": null,
      "action": "소리치는 거예요,소리쳤어요,깬,훔쳐 가요",
      "feeling": null,
      "causalRelationship": null,
      "outcomeResolution": null,
      "prediction": "이놈! 잡히기만 해 봐라!",
      "plotSummaryInfoCount": 1,
      "plotSummaryInfo": {
        "classification": "의사소통",
        "readAge": "초등_저학년",
        "form": "long-form",
        "plotSummaryText": "누가 날 훔쳐 간다고 소리치는 황금 하프 소리에 잠이 깬 거인이 소리쳤다.",
        "textWordEA": 12
      }
    },
    {
      "srcTextID": "25999",
      "srcText": "잭은 쏜살같이 달려가 완두콩 줄기를 타고 내려갔어요. 집이 보이는 곳까지 내려왔을 때, 잭은 무심코 위를 올려다보았어요. 그런데 저 위에서 거인이 따라 내려오는 게 아니겠어요?",
      "srcPage": 22,
      "srcSentenceEA": 3,
      "srcWordEA": 26,
      "character": "잭,완두콩,거인",
      "setting": null,
      "action": "달려가,타고 내려갔어요,올려다보았어요,내려오는",
      "feeling": null,
      "causalRelationship": null,
      "outcomeResolution": null,
      "prediction": null,
      "plotSummaryInfoCount": 1,
      "plotSummaryInfo": {
        "classification": "의사소통",
        "readAge": "초등_저학년",
        "form": "short-form",
        "plotSummaryText": "쏜살같이 달려가 완두콩 줄기를 타고 내려온 잭은, 위에서 따라 내려오는 거인을 보았다.",
        "textWordEA": 12
      }
    },
    {
      "srcTextID": "25998",
      "srcText": "무거운 거인 때문에 완두콩 줄기도 휘청거렸어요. “엄마, 도끼를 가지고 빨리 나오세요! 어서요!” 도끼를 들고 뛰어나온 엄마는 뒤쫓아 오는 거인을 보자 겁이 나서 몸을 부들부들 떨었어요.",
      "srcPage": 23,
      "srcSentenceEA": 4,
      "srcWordEA": 27,
      "character": "엄마,거인,완두콩,도끼",
      "setting": null,
      "action": "보자,들고,뛰어나온,뒤쫓아 오는,떨었어요",
      "feeling": "겁이 나서",
      "causalRelationship": "무거운 거인 때문에 완두콩 줄기도 휘청거렸어요.",
      "outcomeResolution": null,
      "prediction": null,
      "plotSummaryInfoCount": 1,
      "plotSummaryInfo": {
        "classification": "의사소통",
        "readAge": "초등_저학년",
        "form": "long-form",
        "plotSummaryText": "무거운 거인 때문에 완두콩 줄기도 휘청거렸고, 도끼를 들고나온 엄마는 거인을 보자 겁이 나서 떨었다.",
        "textWordEA": 14
      }
    },
    {
      "srcTextID": "26000",
      "srcText": "잭은 땅으로 폴짝 뛰어내리더니 도끼로 완두콩 줄기를 찍기 시작했어요. 잭이 도끼로 쿵쿵 몇 번 찍자 완두콩 줄기는 쩍 반으로 갈라졌어요. 그 순간 하늘까지 솟았던 완두콩 줄기가 쓰러졌고, 거인은 쿵 하고 떨어졌어요. 그날 이후 거인을 본 사람은 아무도 없었지요.",
      "srcPage": 24,
      "srcSentenceEA": 4,
      "srcWordEA": 41,
      "character": "잭,거인,도끼,완두콩",
      "setting": null,
      "action": "찍기,시작했어요,떨어졌어요,뛰어내리더니,본",
      "feeling": null,
      "causalRelationship": null,
      "outcomeResolution": "그날 이후 거인을 본 사람은 아무도 없었지요.",
      "prediction": null,
      "plotSummaryInfoCount": 1,
      "plotSummaryInfo": {
        "classification": "의사소통",
        "readAge": "초등_저학년",
        "form": "long-form",
        "plotSummaryText": "잭이 도끼로 완두콩 줄기를 찍자, 하늘까지 솟았던 줄기가 쓰러졌고,  그날 이후 떨어진 거인을 본 사람은 아무도 없었다.",
        "textWordEA": 18
      }
    },
    {
      "srcTextID": "26004",
      "srcText": "“예쁜 암탉아, 황금알을 낳아 주렴.” 잭이 하루에 한 번 암탉을 쓰다듬으면 암탉은 어김없이 황금알을 쑥쑥 낳았어요. 황금 하프는 사람들에게 보여 주기만 해도 많은 돈을 받을 수 있었어요. 잭과 엄마는 젖소와 바꾼 완두콩 덕분에 부자가 되었지요..",
      "srcPage": 25,
      "srcSentenceEA": 4,
      "srcWordEA": 38,
      "character": "잭,엄마,암탉,알,하프,젖소,완두콩",
      "setting": null,
      "action": "낳았어요,쓰다듬으면",
      "feeling": null,
      "causalRelationship": "잭과 엄마는 젖소와 바꾼 완두콩 덕분에 부자가 되었지요.",
      "outcomeResolution": null,
      "prediction": null,
      "plotSummaryInfoCount": 1,
      "plotSummaryInfo": {
        "classification": "의사소통",
        "readAge": "초등_저학년",
        "form": "long-form",
        "plotSummaryText": "암탉은 날마다 황금알을 쑥쑥 낳고, 황금 하프는 사람들에게 보여주기만 해도 돈을 받을 수 있어서 잭과 엄마는 완두콩 덕분에 부자가 되었다.",
        "textWordEA": 20
      }
    },
    {
      "srcTextID": "25984",
      "srcText": "다음 날 아침에 잭이 눈을 떴을 때, 잭의 방이 어두컴컴했어요. 잭이 창문으로 고개를 내밀어 보니, 완두콩 줄기가 만든 그늘이 드리워 있었어요. 엄마가 던진 완두콩들은 밤새 자라나 정말 하늘 끝까지 닿아 있었어요.",
      "srcPage": 7,
      "srcSentenceEA": 3,
      "srcWordEA": 33,
      "character": "잭,엄마,창문,완두콩",
      "setting": "밤새,방",
      "action": "내밀어,닿아 있었어요,떴을 때",
      "feeling": null,
      "causalRelationship": null,
      "outcomeResolution": "엄마가 던진 완두콩들은 밤새 자라나 정말 하늘 끝까지 닿아 있었어요.",
      "prediction": null,
      "plotSummaryInfoCount": 1,
      "plotSummaryInfo": {
        "classification": "의사소통",
        "readAge": "초등_저학년",
        "form": "short-form",
        "plotSummaryText": "다음 날 잭이 눈을 떴을 때 방은 어두컴컴했고, 창문으로 고개를 내밀어 보니, 엄마가 던진 완두콩들이 밤새 자라나서 하늘 끝까지 닿아 있었다.",
        "textWordEA": 21
      }
    },
    {
      "srcTextID": "25983",
      "srcText": "“할아버지 말이 맞았어. 진짜 요술 콩이었어!” 잭은 사다리를 타듯 완두콩 줄기를 기어 올라갔어요.",
      "srcPage": 8,
      "srcSentenceEA": 3,
      "srcWordEA": 15,
      "character": "잭,할아버지,콩,사다리,완두콩",
      "setting": null,
      "action": "기어,올라갔어요",
      "feeling": null,
      "causalRelationship": null,
      "outcomeResolution": null,
      "prediction": "잭은 사다리를 타듯 완두콩 줄기를 기어올라갔어요.",
      "plotSummaryInfoCount": 1,
      "plotSummaryInfo": {
        "classification": "의사소통",
        "readAge": "초등_저학년",
        "form": "short-form",
        "plotSummaryText": "할아버지가 말한 대로 진짜 요술 콩이라며 잭은 완두콩 줄기를 기어 올라갔다.",
        "textWordEA": 11
      }
    },
    {
      "srcTextID": "25988",
      "srcText": "거인은 송아지를 식탁 위에 던지며 말했어요. “이걸로 따끈한 수프를 끓여. 킁킁, 어디서 사람 냄새가 나는데? 내 이놈을 잡아 수프를 끓여야지.”",
      "srcPage": 12,
      "srcSentenceEA": 4,
      "srcWordEA": 22,
      "character": "거인,송아지,식탁,수프,사람",
      "setting": null,
      "action": "던지며,말했어요,잡아,끓여야지",
      "feeling": null,
      "causalRelationship": null,
      "outcomeResolution": null,
      "prediction": "내 이놈을 잡아 수프를 끓여야지.",
      "plotSummaryInfoCount": 1,
      "plotSummaryInfo": {
        "classification": "의사소통",
        "readAge": "초등_저학년",
        "form": "long-form",
        "plotSummaryText": "거인은 송아지를 던지며 이걸로 수프를 끓이라더니 어디서 사람 냄새가 난다며 이놈을 잡아 수프를 끓여야겠다고 말했다.",
        "textWordEA": 15
      }
    },
    {
      "srcTextID": "25991",
      "srcText": "거인은 아침을 먹고는 금화가 든 자루를 꺼내 금화를 한 개, 두 개 세다가 깜빡 잠이 들었어요. 잭은 얼른 오븐에서 기어 나와 금화가 든 자루를 낚아챘어요. 그러고는 쏜살같이 달려 완두콩 줄기를 타고 내려갔어요.",
      "srcPage": 14,
      "srcSentenceEA": 3,
      "srcWordEA": 34,
      "character": "거인,잭,금화,자루,완두콩",
      "setting": "아침",
      "action": "낚아챘어요,내려갔어요,잠이 들었어요,세다가,달려",
      "feeling": null,
      "causalRelationship": null,
      "outcomeResolution": null,
      "prediction": null,
      "plotSummaryInfoCount": 1,
      "plotSummaryInfo": {
        "classification": "의사소통",
        "readAge": "초등_저학년",
        "form": "short-form",
        "plotSummaryText": "거인이 금화를 세다가 잠이 들자, 잭은 금화가 든 자루를 낚아채서 완두콩 줄기를 타고 내려갔다.",
        "textWordEA": 14
      }
    },
    {
      "srcTextID": "25997",
      "srcText": "얼마 뒤, 잭은 또 완두콩 줄기를 타고 올라갔어요. 이번에는 부인도 모르게 거인의 집으로 들어가 커다란 솥에 숨었어요. “킁킁, 분명 사람 냄새가 나는데.”",
      "srcPage": 18,
      "srcSentenceEA": 3,
      "srcWordEA": 23,
      "character": "잭,완두콩,부인,거인,솥",
      "setting": "얼마 뒤,거인의 집으로,커다란 솥",
      "action": "올라갔어요,숨었어요,들어가",
      "feeling": null,
      "causalRelationship": null,
      "outcomeResolution": null,
      "prediction": null,
      "plotSummaryInfoCount": 1,
      "plotSummaryInfo": {
        "classification": "의사소통",
        "readAge": "초등_저학년",
        "form": "short-form",
        "plotSummaryText": "잭은 또 완두콩 줄기를 타고 올라가서 부인도 모르게 거인의 집으로 들어가 커다란 솥에 숨었다.",
        "textWordEA": 14
      }
    },
    {
      "srcTextID": "25977",
      "srcText": "마을에서 멀리 떨어진 외딴곳에 홀어머니와 잭이 살고 있었어요. 가진 것이라고는 살이 제법 오른 젖소 한 마리뿐이었어요. “잭, 젖소에서 더는 우유가 나오지 않는구나. 젖소라도 팔아서 살 궁리를 해야겠다.\"",
      "srcPage": 1,
      "srcSentenceEA": 4,
      "srcWordEA": 29,
      "character": "홀어머니,잭,젖소,우유",
      "setting": null,
      "action": "살고 있었어요,팔아서,살",
      "feeling": null,
      "causalRelationship": null,
      "outcomeResolution": null,
      "prediction": "젖소라도 팔아서 살 궁리를 해야겠다.",
      "plotSummaryInfoCount": 1,
      "plotSummaryInfo": {
        "classification": "의사소통",
        "readAge": "초등_저학년",
        "form": "long-form",
        "plotSummaryText": "외딴곳에 홀어머니와 잭이 살고 있었는데 그들이 가진 것은 더 이상 우유도 나오지 않는 젖소 한 마리뿐이었습니다.",
        "textWordEA": 16
      }
    },
    {
      "srcTextID": "25979",
      "srcText": "잭이 젖소를 끌고 막 숲길을 지나가는 참이었어요. “잭, 어디 가니?” 낯선 할아버지가 잭에게 반갑게 말을 걸었어요.",
      "srcPage": 2,
      "srcSentenceEA": 3,
      "srcWordEA": 17,
      "character": "잭,낯선 할아버지",
      "setting": "숲길",
      "action": "끌고,지나가는,말을 걸었어요,가니",
      "feeling": "반갑게",
      "causalRelationship": null,
      "outcomeResolution": null,
      "prediction": null,
      "plotSummaryInfoCount": 1,
      "plotSummaryInfo": {
        "classification": "의사소통",
        "readAge": "초등_저학년",
        "form": "short-form",
        "plotSummaryText": "잭이 젖소를 끌고 숲길을 지나가는 참에 낯선 할아버지가 어디 가냐고 반갑게 말을 걸었다.",
        "textWordEA": 13
      }
    },
    {
      "srcTextID": "25978",
      "srcText": "“젖소를 팔러 장에 가는 중이에요.” “그래? 넌 운도 좋구나. 나에게 아주 신기한 완두콩이 있거든.”",
      "srcPage": 3,
      "srcSentenceEA": 3,
      "srcWordEA": 16,
      "character": "젖소,완두콩",
      "setting": "장",
      "action": "팔러,가는,있거든",
      "feeling": null,
      "causalRelationship": null,
      "outcomeResolution": null,
      "prediction": null,
      "plotSummaryInfoCount": 1,
      "plotSummaryInfo": {
        "classification": "의사소통",
        "readAge": "초등_저학년",
        "form": "short-form",
        "plotSummaryText": "젖소를 팔러 장에 가는 중에 신기한 완두콩이 있다는 얘기를 들었다.",
        "textWordEA": 10
      }
    },
    {
      "srcTextID": "25980",
      "srcText": "할아버지는 큰 인심이라도 쓰듯 젖소와 완두콩을 바꾸자고 했어요. 잭은 말도 안 되는 소리라며 거절했어요. “이 완두콩은 하루 만에 하늘 끝까지 자란단다.” “그게 정말이에요?” 잭은 얼른 젖소와 완두콩을 바꾸었어요.",
      "srcPage": 4,
      "srcSentenceEA": 5,
      "srcWordEA": 30,
      "character": "할아버지,완두콩,젖소,잭",
      "setting": null,
      "action": "쓰듯,바꾸자고,거절했어요,자란단다,바꾸었어요",
      "feeling": null,
      "causalRelationship": null,
      "outcomeResolution": null,
      "prediction": null,
      "plotSummaryInfoCount": 1,
      "plotSummaryInfo": {
        "classification": "의사소통",
        "readAge": "초등_저학년",
        "form": "long-form",
        "plotSummaryText": "할아버지는 잭이 거절했지만, 이 완두콩은 하루 만에 하늘 끝까지 자란다며 젖소와 완두콩을 바꿨다.",
        "textWordEA": 13
      }
    },
    {
      "srcTextID": "25982",
      "srcText": "잭이 빈손으로 돌아오자, 엄마는 아주 기뻐했어요. “잭, 젖소를 팔았구나. 얼마에 팔았니?” “엄마, 돈보다 더 신기한 걸로 바꿔 왔어요. 이 완두콩은 하루 만에 하늘 끝까지.”",
      "srcPage": 5,
      "srcSentenceEA": 5,
      "srcWordEA": 26,
      "character": "잭,엄마,젖소,돈,완두콩",
      "setting": null,
      "action": "돌아오자,바꿔 왔어요,팔았구나",
      "feeling": null,
      "causalRelationship": null,
      "outcomeResolution": null,
      "prediction": "얼마에 팔았니?",
      "plotSummaryInfoCount": 1,
      "plotSummaryInfo": {
        "classification": "의사소통",
        "readAge": "초등_저학년",
        "form": "long-form",
        "plotSummaryText": "잭이 빈손으로 돌아오자, 엄마는 젖소를 얼마에 팔았냐며 기뻐하며 물어보았는데 잭은 젖소를 하루 만에 하늘 끝까지 자라는 신기한 완두콩으로 바꿔왔다고 했다.",
        "textWordEA": 20
      }
    },
    {
      "srcTextID": "25981",
      "srcText": "엄마는 잭의 이야기를 다 듣지도 않고 완두콩을 낚아챘어요. “뭐라고? 이런 바보 같으니라고!” 엄마는 화를 내며 완두콩을 창밖으로 던져 버렸어요. 잭은 쫄쫄 굶은 채 다락방으로 올라가 금세 곯아떨어지고 말았어요.",
      "srcPage": 6,
      "srcSentenceEA": 4,
      "srcWordEA": 31,
      "character": "엄마,잭,완두콩",
      "setting": null,
      "action": "낚아챘어요,올라가,곯아떨어지고 말았어요,던져 버렸어요",
      "feeling": null,
      "causalRelationship": null,
      "outcomeResolution": null,
      "prediction": null,
      "plotSummaryInfoCount": 1,
      "plotSummaryInfo": {
        "classification": "의사소통",
        "readAge": "초등_저학년",
        "form": "long-form",
        "plotSummaryText": "화가 난 엄마는 창밖으로 완두콩을 던져 버렸고, 잭은 쫄쫄 굶은 채 다락방으로 올라가 곯아떨어졌다.",
        "textWordEA": 14
      }
    },
    {
      "srcTextID": "25986",
      "srcText": "오르고 또 오르자 어느새 구름을 뚫고 하늘에 닿았어요. 하늘과 맞닿은 곳에 아주 커다란 집이 나타났어요. 잭은 커다란 집 앞에 서 있는 커다란 부인에게 말을 걸었어요.",
      "srcPage": 9,
      "srcSentenceEA": 3,
      "srcWordEA": 27,
      "character": "잭,집,부인",
      "setting": null,
      "action": "오르고,말을 걸었어요,서 있는,닿았어요",
      "feeling": null,
      "causalRelationship": null,
      "outcomeResolution": null,
      "prediction": "잭은 커다란 집 앞에 서 있는 커다란 부인에게 말을 걸었어요.",
      "plotSummaryInfoCount": 1,
      "plotSummaryInfo": {
        "classification": "의사소통",
        "readAge": "초등_저학년",
        "form": "short-form",
        "plotSummaryText": "오르고 또 오르자 하늘에 맞닿은 곳에 아주 커다란 집이 나타났고, 잭은 그 집 앞에 서 있는 커다란 부인에게 말을 걸었다.",
        "textWordEA": 20
      }
    },
    {
      "srcTextID": "25985",
      "srcText": "“안녕하세요. 저에게 먹을 것 좀 주세요.” “이런, 빨리 도망가지 않으면 남편에게 잡아먹힐 거야.” “잡아먹히나 굶어 죽으나 똑같아요. 제발 먹을 것 좀 주세요.” 부인은 결국 잭에게 빵과 우유를 나눠 주었어요.",
      "srcPage": 10,
      "srcSentenceEA": 5,
      "srcWordEA": 32,
      "character": "부인,잭,남편,빵,우유",
      "setting": null,
      "action": "나눠,주었어요,도망가지,잡아먹힐,굶어,죽으나,주세요",
      "feeling": null,
      "causalRelationship": null,
      "outcomeResolution": null,
      "prediction": null,
      "plotSummaryInfoCount": 1,
      "plotSummaryInfo": {
        "classification": "의사소통",
        "readAge": "초등_저학년",
        "form": "long-form",
        "plotSummaryText": "잭이 부인에게 먹을 것 좀 달라고 하자 빨리 도망가지 않으면 남편이 잡아먹는다고 거절했으나 잭이 다시 간청하자 부인은 빵과 우유를 주었다.",
        "textWordEA": 20
      }
    },
    {
      "srcTextID": "25989",
      "srcText": "잭이 음식을 반도 먹지 못했을 때였어요. 쿵쿵 소리가 나더니 온 집 안이 흔들렸어요. 부인이 재빨리 잭을 오븐 속으로 밀어 넣자 커다란 거인이 들어왔어요.",
      "srcPage": 11,
      "srcSentenceEA": 3,
      "srcWordEA": 25,
      "character": "잭,부인,오븐,거인",
      "setting": null,
      "action": "들어왔어요,흔들렸어요,밀어,넣자",
      "feeling": null,
      "causalRelationship": null,
      "outcomeResolution": null,
      "prediction": "부인이 재빨리 잭을 오븐 속으로 밀어 넣자 커다란 거인이 들어왔어요.",
      "plotSummaryInfoCount": 1,
      "plotSummaryInfo": {
        "classification": "의사소통",
        "readAge": "초등_저학년",
        "form": "short-form",
        "plotSummaryText": "잭이 음식을 먹고 있을 때 거인이 오는 소리가 나서 부인이 잭을 오븐 속으로 밀어 넣었고 거인이 들어왔다.",
        "textWordEA": 17
      }
    },
    {
      "srcTextID": "25987",
      "srcText": "“아유, 어제 먹은 사내아이 냄새겠지요. 수프를 끓여 놓을 테니 어서 가서 씻기나 해요.” 거인이 나가자, 부인은 오븐을 열고 말했어요. “남편은 아침을 먹은 뒤에 한숨 자니까, 그때까지 기다려라.”",
      "srcPage": 13,
      "srcSentenceEA": 4,
      "srcWordEA": 29,
      "character": "남편,거인,부인,사내아이,수프,오븐",
      "setting": "어제,아침",
      "action": "끓여,기다려라,먹은,나가자,열고,말했어요",
      "feeling": null,
      "causalRelationship": null,
      "outcomeResolution": null,
      "prediction": null,
      "plotSummaryInfoCount": 1,
      "plotSummaryInfo": {
        "classification": "의사소통",
        "readAge": "초등_저학년",
        "form": "long-form",
        "plotSummaryText": "수프 끓여 놓을 테니 어서 씻으라고 해서 거인이 나가자, 부인은 오븐을 열고 남편이 아침 먹은 뒤에 자니까 그때까지 기다리라고 했다.",
        "textWordEA": 20
      }
    },
    {
      "srcTextID": "25990",
      "srcText": "“엄마, 제 말이 맞지요? 그 완두콩은 요술 콩이에요.” 잭은 금화로 엄마와 편안하게 살게 되었어요.",
      "srcPage": 15,
      "srcSentenceEA": 3,
      "srcWordEA": 16,
      "character": "엄마,완두콩,금화",
      "setting": null,
      "action": "살게 되었어요",
      "feeling": "편안하게",
      "causalRelationship": null,
      "outcomeResolution": "잭은 금화로 엄마와 편안하게 살게 되었어요.",
      "prediction": null,
      "plotSummaryInfoCount": 1,
      "plotSummaryInfo": {
        "classification": "의사소통",
        "readAge": "초등_저학년",
        "form": "short-form",
        "plotSummaryText": "그 완두콩은 요술 콩이 맞다고 이야기하며 잭과 엄마는 금화로 편안하게 살게 되었다.",
        "textWordEA": 12
      }
    },
    {
      "srcTextID": "25993",
      "srcText": "금화가 바닥나자, 잭은 다시 완두콩 줄기를 타고 올라가 부인에게 아침밥을 달라고 졸랐어요. 그런데 또, 쿵쿵! 거인이 오는 소리가 들리자, 부인은 잭을 얼른 오븐 속에 숨겼지요. 거인은 황소 세 마리를 뚝딱 먹어 치우더니 이번에는 부인에게 황금알을 낳는 암탉을 가져오라고 했어요.",
      "srcPage": 16,
      "srcSentenceEA": 4,
      "srcWordEA": 42,
      "character": "잭,거인,부인,완두콩,황소,암탉,황금알",
      "setting": null,
      "action": "가져오라고,숨겼지요,졸랐어요,오는,먹어 치우더니",
      "feeling": null,
      "causalRelationship": "금화가 바닥나자 잭은 다시 완두콩 줄기를 타고 올라가 부인에게 아침밥을 달라고 졸랐어요.",
      "outcomeResolution": null,
      "prediction": null,
      "plotSummaryInfoCount": 1,
      "plotSummaryInfo": {
        "classification": "의사소통",
        "readAge": "초등_저학년",
        "form": "long-form",
        "plotSummaryText": "금화가 바닥나자, 잭은 완두콩 줄기를 타고 올라갔고, 거인은 황금알을 낳는 암탉을 부인에게 가져오라고 했다.",
        "textWordEA": 14
      }
    },
    {
      "srcTextID": "25992",
      "srcText": "“꼬꼬야, 황금알을 낳아라.” 그러자 암탉이 쑥 하고 황금알을 낳는 게 아니겠어요? 거인이 잠이 들자, 잭은 암탉을 낚아채 집으로 돌아왔어요.",
      "srcPage": 17,
      "srcSentenceEA": 3,
      "srcWordEA": 21,
      "character": "거인,암탉,황금알,잭",
      "setting": null,
      "action": "돌아왔어요,낳는,낚아채",
      "feeling": null,
      "causalRelationship": null,
      "outcomeResolution": null,
      "prediction": "거인이 잠이 들자 잭은 암탉을 낚아채 집으로 돌아왔어요.",
      "plotSummaryInfoCount": 1,
      "plotSummaryInfo": {
        "classification": "의사소통",
        "readAge": "초등_저학년",
        "form": "short-form",
        "plotSummaryText": "잭은 거인이 잠이 들자, 황금알을 낳는 암탉을 낚아채 집으로 돌아왔다.",
        "textWordEA": 10
      }
    },
    {
      "srcTextID": "25994",
      "srcText": "“지난번에 암탉을 훔쳐 간 놈일 거예요.” 거인과 부인은 부엌을 샅샅이 뒤졌지만, 잭을 찾지 못했어요. 실망한 거인은 아침을 배부르게 먹고는 황금 하프를 가져왔어요.",
      "srcPage": 19,
      "srcSentenceEA": 3,
      "srcWordEA": 24,
      "character": "거인,부인,암탉,잭,황금 하프",
      "setting": null,
      "action": "가져왔어요,먹고는,뒤졌지만,훔쳐",
      "feeling": "실망한",
      "causalRelationship": null,
      "outcomeResolution": null,
      "prediction": null,
      "plotSummaryInfoCount": 1,
      "plotSummaryInfo": {
        "classification": "의사소통",
        "readAge": "초등_저학년",
        "form": "short-form",
        "plotSummaryText": "거인과 부인은 부엌을 샅샅이 뒤졌지만, 잭을 찾지 못했고, 거인은 황금 하프를 가져왔다.",
        "textWordEA": 12
      }
    },
    {
      "srcTextID": "25995",
      "srcText": "“하프야, 연주를 들려주어라!” 황금 하프가 아름다운 연주를 하자 거인은 금세 곯아떨어졌어요. 잭은 이번에도 잽싸게 황금 하프를 낚아챘어요.",
      "srcPage": 20,
      "srcSentenceEA": 3,
      "srcWordEA": 19,
      "character": "거인,잭,하프",
      "setting": null,
      "action": "연주를 하자,곯아떨어졌어요,낚아챘어요",
      "feeling": null,
      "causalRelationship": null,
      "outcomeResolution": "잭은 이번에도 잽싸게 황금 하프를 낚아챘어요.",
      "prediction": null,
      "plotSummaryInfoCount": 1,
      "plotSummaryInfo": {
        "classification": "의사소통",
        "readAge": "초등_저학년",
        "form": "short-form",
        "plotSummaryText": "황금 하프가 연주하자 거인은 금세 곯아떨어졌고, 잭은 이번에도 황금 하프를 낚아챘다.",
        "textWordEA": 11
      }
    }
  ]
}