{
  "title": "알라딘과 요술 램프",
  "author": "앙투안 갈랑",
  "illustrator": "김연주",
  "isbn": "9791128210846",
  "publishedYear": 2018,
  "publisher": "아람북스",
  "paragraphInfoCount": 35,
  "paragraphInfo": [
    {
      "srcTextID": "21550",
      "srcText": "동굴로 내려온 알라딘은 깜짝 놀랐어. 황금과 보석, 금화가 산더미처럼 쌓여 있었으니까. “알라딘, 램프를 찾았으면 이리 주거라!”",
      "srcPage": 6,
      "srcSentenceEA": 3,
      "srcWordEA": 17,
      "character": "알라딘,황금,보석,금화,램프",
      "setting": "동굴",
      "action": "내려온,주거라",
      "feeling": "깜짝 놀랐어",
      "causalRelationship": null,
      "outcomeResolution": null,
      "prediction": null,
      "plotSummaryInfoCount": 1,
      "plotSummaryInfo": {
        "classification": "의사소통",
        "readAge": "초등_저학년",
        "form": "short-form",
        "plotSummaryText": "동굴로 내려온 알라딘은 황금과 보석, 금화가 쌓여있는 것을 보고 놀랐다.",
        "textWordEA": 10
      }
    },
    {
      "srcTextID": "21558",
      "srcText": "어머니는 무서워서 덜덜 떨었지만, 알라딘은 신이 났어. “램프의 요정아, 몹시 배가 고프구나. 먹을 것을 다오.”",
      "srcPage": 13,
      "srcSentenceEA": 3,
      "srcWordEA": 16,
      "character": "어머니,알라딘,램프의 요정",
      "setting": null,
      "action": "떨었지만,다오",
      "feeling": "무서워서",
      "causalRelationship": null,
      "outcomeResolution": null,
      "prediction": null,
      "plotSummaryInfoCount": 1,
      "plotSummaryInfo": {
        "classification": "의사소통",
        "readAge": "초등_저학년",
        "form": "short-form",
        "plotSummaryText": "어머니는 무서웠지만, 신이 난 알라딘은 배가 고프다며 먹을 것을 달라고 램프의 요정에게 말했다.",
        "textWordEA": 13
      }
    },
    {
      "srcTextID": "21564",
      "srcText": "해가 뜨자 황금 궁전이 눈부시게 빛났어. “오오, 이렇게 아름다운 궁전을 단 하루 만에 짓다니 결혼을 허락하노라.” 알라딘은 얼른 램프의 요정을 불렀어. “램프의 요정아, 멋진 결혼식을 준비해 줘.” 램프의 요정 덕분에 알라딘은 가장 멋진 결혼식을 올렸어.",
      "srcPage": 20,
      "srcSentenceEA": 5,
      "srcWordEA": 37,
      "character": "알라딘,램프의 요정",
      "setting": "해가 뜨자,황금 궁전",
      "action": "불렀어,짓다니,올렸어,준비해 줘",
      "feeling": null,
      "causalRelationship": null,
      "outcomeResolution": null,
      "prediction": null,
      "plotSummaryInfoCount": 1,
      "plotSummaryInfo": {
        "classification": "의사소통",
        "readAge": "초등_저학년",
        "form": "long-form",
        "plotSummaryText": "황금 궁전을 하루 만에 지어 결혼을 허락받은 알라딘은 램프의 요정이 준비해 준 덕분에 가장 멋진 결혼식을 올렸다.",
        "textWordEA": 17
      }
    },
    {
      "srcTextID": "21566",
      "srcText": "그 뒤 알라딘은 공주와 행복하게 살며 가난한 사람들에게 음식과 금화를 나눠 주었어. 알라딘의 소문을 들은 마법사는 화가 나서 길길이 뛰었어. 마법사는 장사꾼으로 변장해 황금 궁전으로 찾아갔어.",
      "srcPage": 21,
      "srcSentenceEA": 3,
      "srcWordEA": 28,
      "character": "알라딘,공주,음식,금화,마법사,장사꾼,가난한 사람들",
      "setting": "황금 궁전",
      "action": "나눠 주었어,들은,찾아갔어,변장해",
      "feeling": "화가 나서,행복하게",
      "causalRelationship": null,
      "outcomeResolution": null,
      "prediction": "마법사는 장사꾼으로 변장해 황금 궁전으로 찾아갔어.",
      "plotSummaryInfoCount": 1,
      "plotSummaryInfo": {
        "classification": "의사소통",
        "readAge": "초등_저학년",
        "form": "short-form",
        "plotSummaryText": "알라딘은 공주와 행복하게 살며 가난한 사람들에게 음식과 금화를 나눠 주었고, 알라딘의 소문을 들은 마법사는 화가 나서 장사꾼으로 변장해 궁전으로 찾아갔다.",
        "textWordEA": 20
      }
    },
    {
      "srcTextID": "21554",
      "srcText": "동굴 안은 깜깜하고 무척 추웠어. 알라딘은 호호 입김을 불며 손을 비볐지. 그러자 반지에서 흰 연기가 피어나더니 거인이 나타났어!",
      "srcPage": 8,
      "srcSentenceEA": 3,
      "srcWordEA": 20,
      "character": "알라딘,손,반지,거인",
      "setting": "동굴 안",
      "action": "불며,비볐지,피어나더니,나타났어",
      "feeling": null,
      "causalRelationship": "알라딘은 호호 입김을 불며 손을 비볐지. 그러자 반지에서 흰 연기가 피어나더니 거인이 나타났어!",
      "outcomeResolution": null,
      "prediction": null,
      "plotSummaryInfoCount": 1,
      "plotSummaryInfo": {
        "classification": "의사소통",
        "readAge": "초등_저학년",
        "form": "short-form",
        "plotSummaryText": "알라딘은 동굴 안이 깜깜하고 무척 추워서 입김을 불며 손을 비볐고, 반지에서 거인이 나타났다.",
        "textWordEA": 13
      }
    },
    {
      "srcTextID": "21553",
      "srcText": "“으악! 괴, 괴물이다!” 알라딘은 놀라서 엉덩방아를 찧었어. “전 반지의 요정입니다. 주인님, 뭐든지 말씀만 하십시오.”",
      "srcPage": 9,
      "srcSentenceEA": 4,
      "srcWordEA": 17,
      "character": "괴물,알라딘,반지의 요정",
      "setting": null,
      "action": "찧었어,말씀만 하십시오",
      "feeling": "놀라서",
      "causalRelationship": null,
      "outcomeResolution": null,
      "prediction": null,
      "plotSummaryInfoCount": 1,
      "plotSummaryInfo": {
        "classification": "의사소통",
        "readAge": "초등_저학년",
        "form": "long-form",
        "plotSummaryText": "반지의 요정을 본 알라딘은 놀라서 엉덩방아를 찧었고, 반지의 요정은 뭐든지 말씀만 하시라고 했다.",
        "textWordEA": 13
      }
    },
    {
      "srcTextID": "21546",
      "srcText": "알라딘은 꾀가 많고 모험을 좋아하는 아이였어. 어느 날, 염소수염을 한 남자가 알라딘을 찾아왔어. “오, 드디어 만났구나! 알라딘, 나는 네 삼촌이란다.”",
      "srcPage": 1,
      "srcSentenceEA": 4,
      "srcWordEA": 22,
      "character": "알라딘,염소수염을 한 남자,삼촌",
      "setting": "어느 날",
      "action": "찾아왔어,좋아하는",
      "feeling": null,
      "causalRelationship": null,
      "outcomeResolution": null,
      "prediction": null,
      "plotSummaryInfoCount": 1,
      "plotSummaryInfo": {
        "classification": "의사소통",
        "readAge": "초등_저학년",
        "form": "long-form",
        "plotSummaryText": "알라딘은 꾀가 많고 모험을 좋아하는 아이였고, 어느 날 삼촌이 알라딘을 찾아왔다.",
        "textWordEA": 11
      }
    },
    {
      "srcTextID": "21545",
      "srcText": "그 말은 새빨간 거짓말이었어. 그 남자는 아프리카에서 온 나쁜 마법사였어. “아주 신나는 일이 있는데, 나랑 같이 갈래?” “신나는 일이라고요? 당장 가요!” 알라딘은 마법사를 따라나섰어.",
      "srcPage": 2,
      "srcSentenceEA": 6,
      "srcWordEA": 27,
      "character": "마법사,나,알라딘",
      "setting": "아프리카",
      "action": "따라나섰어,갈래,가요",
      "feeling": "신나는",
      "causalRelationship": null,
      "outcomeResolution": null,
      "prediction": null,
      "plotSummaryInfoCount": 1,
      "plotSummaryInfo": {
        "classification": "의사소통",
        "readAge": "초등_저학년",
        "form": "long-form",
        "plotSummaryText": " 신나는 일이 있다는 나쁜 마법사의 말에 알라딘은 마법사를 따라나섰다.",
        "textWordEA": 9
      }
    },
    {
      "srcTextID": "21548",
      "srcText": "알라딘과 마법사가 도착한 곳에는 커다란 바위가 있었어. “수리수리 마수리 바위 쩍 동굴 펑!” 마법사가 주문을 외우자 바위가 갈라지더니 동굴이 생겼어.",
      "srcPage": 3,
      "srcSentenceEA": 3,
      "srcWordEA": 21,
      "character": "알라딘,마법사,바위",
      "setting": "동굴",
      "action": "외우자,생겼어",
      "feeling": null,
      "causalRelationship": "마법사가 주문을 외우자 바위가 갈라지더니 동굴이 생겼어.",
      "outcomeResolution": null,
      "prediction": null,
      "plotSummaryInfoCount": 1,
      "plotSummaryInfo": {
        "classification": "의사소통",
        "readAge": "초등_저학년",
        "form": "short-form",
        "plotSummaryText": "알라딘과 마법사가 도착한 곳에는 커다란 바위가 있었고 마법사가 주문을 외우자, 바위가 갈라지더니 동굴이 생겼다.",
        "textWordEA": 14
      }
    },
    {
      "srcTextID": "21547",
      "srcText": "깜깜한 동굴을 본 알라딘은 덜컥 겁이 났어. “저 안에 괴물이 있으면 어떡해요?” “걱정하지 마라. 이 반지가 널 지켜 줄 거다.” 마법사는 반지 하나를 알라딘에게 주었어.",
      "srcPage": 5,
      "srcSentenceEA": 5,
      "srcWordEA": 27,
      "character": "알라딘,괴물,반지",
      "setting": "깜깜한 동굴",
      "action": "본,주었어,있으면",
      "feeling": "겁이 났어",
      "causalRelationship": null,
      "outcomeResolution": null,
      "prediction": null,
      "plotSummaryInfoCount": 1,
      "plotSummaryInfo": {
        "classification": "의사소통",
        "readAge": "초등_저학년",
        "form": "long-form",
        "plotSummaryText": "깜깜한 동굴에 괴물이 있을까 겁이 난 알라딘에게 마법사는 반지 하나를 주었다.",
        "textWordEA": 11
      }
    },
    {
      "srcTextID": "21551",
      "srcText": "알라딘은 램프를 찾았지만, 마법사를 믿을 수 없었어. “날 올려 주지 않고는 램프를 가질 수 없을걸요?” “뭐라고? 그러면 거기서 굶어 죽어라. 난 다른 아이를 찾겠어.” 버럭 화를 낸 마법사는 동굴 입구를 바위로 막아 버렸어.",
      "srcPage": 7,
      "srcSentenceEA": 5,
      "srcWordEA": 36,
      "character": "알라딘,램프,마법사,바위",
      "setting": "동굴 입구",
      "action": "막아 버렸어,굶어 죽어라,믿을 수 없었어,찾았지만",
      "feeling": null,
      "causalRelationship": null,
      "outcomeResolution": null,
      "prediction": null,
      "plotSummaryInfoCount": 1,
      "plotSummaryInfo": {
        "classification": "의사소통",
        "readAge": "초등_저학년",
        "form": "long-form",
        "plotSummaryText": "알라딘은 마법사를 믿을 수 없어 동굴에서 올려주지 않으면 램프를 주지 않겠다고 했고, 마법사는 동굴 입구를 바위로 막아버렸다.",
        "textWordEA": 17
      }
    },
    {
      "srcTextID": "21549",
      "srcText": "알라딘은 깜짝 놀라 눈이 휘둥그레졌지. 마법사는 동굴 안으로 알라딘의 등을 떠밀었어. “아래로 내려가 램프를 가져오너라!”",
      "srcPage": 4,
      "srcSentenceEA": 3,
      "srcWordEA": 16,
      "character": "알라딘,눈,마법사,램프",
      "setting": "동굴 안",
      "action": "떠밀었어,내려가,가져오너라",
      "feeling": "깜짝 놀라",
      "causalRelationship": null,
      "outcomeResolution": null,
      "prediction": "아래로 내려가 램프를 가져오너라!",
      "plotSummaryInfoCount": 1,
      "plotSummaryInfo": {
        "classification": "의사소통",
        "readAge": "초등_저학년",
        "form": "short-form",
        "plotSummaryText": "알라딘은 깜짝 놀랐고 마법사는 램프를 가지고 오라고 동굴 안으로 등을 떠밀었다.",
        "textWordEA": 11
      }
    },
    {
      "srcTextID": "21552",
      "srcText": "“뭐든지 말하라고? 그럼 날 집에 데려다줘.” 반지의 요정이 후 입김을 불자 바위가 날아갔어. 알라딘은 눈 깜짝할 사이에 집으로 돌아왔지.",
      "srcPage": 10,
      "srcSentenceEA": 4,
      "srcWordEA": 22,
      "character": "반지의 요정,바위,알라딘",
      "setting": "집",
      "action": "입김을 불자,날아갔어,데려다줘,돌아왔지",
      "feeling": null,
      "causalRelationship": null,
      "outcomeResolution": null,
      "prediction": null,
      "plotSummaryInfoCount": 1,
      "plotSummaryInfo": {
        "classification": "의사소통",
        "readAge": "초등_저학년",
        "form": "long-form",
        "plotSummaryText": "반지의 요정이 후 입김을 불자 바위가 날아갔고, 알라딘은 집으로 돌아왔다.",
        "textWordEA": 10
      }
    },
    {
      "srcTextID": "21556",
      "srcText": "알라딘은 동굴에서 있었던 일을 어머니에게 이야기했어. “아무 일도 없어서 정말 다행이구나. 이 램프는 잘 닦아서 내다 팔자꾸나.”",
      "srcPage": 11,
      "srcSentenceEA": 3,
      "srcWordEA": 18,
      "character": "알라딘,어머니,램프",
      "setting": "동굴",
      "action": "이야기했어",
      "feeling": null,
      "causalRelationship": null,
      "outcomeResolution": null,
      "prediction": "이 램프는 잘 닦아서 내다 팔자꾸나.",
      "plotSummaryInfoCount": 1,
      "plotSummaryInfo": {
        "classification": "의사소통",
        "readAge": "초등_저학년",
        "form": "short-form",
        "plotSummaryText": "알라딘은 동굴에서 있었던 일을 어머니에게 이야기했고, 어머니는 램프를 잘 닦아 팔자고 말씀하셨다.",
        "textWordEA": 12
      }
    },
    {
      "srcTextID": "21557",
      "srcText": "어머니가 램프를 문지르는 순간, 반지의 요정보다 훨씬 큰 거인이 나타났어. “주인님, 전 램프의 요정입니다. 무슨 소원이든 말씀만 하십시오.”",
      "srcPage": 12,
      "srcSentenceEA": 3,
      "srcWordEA": 19,
      "character": "어머니,램프,반지의 요정,거인",
      "setting": null,
      "action": "문지르는,나타났어,말씀만 하십시오",
      "feeling": null,
      "causalRelationship": null,
      "outcomeResolution": null,
      "prediction": null,
      "plotSummaryInfoCount": 1,
      "plotSummaryInfo": {
        "classification": "의사소통",
        "readAge": "초등_저학년",
        "form": "short-form",
        "plotSummaryText": "어머니가 램프를 문지르자, 반지의 요정보다 큰 램프의 요정이 나타나 무슨 소원이든 말씀만 하라고 했다.",
        "textWordEA": 14
      }
    },
    {
      "srcTextID": "21555",
      "srcText": "램프의 요정은 눈 깜짝할 사이에 식탁을 차렸어. 번쩍번쩍한 은 접시에 맛있는 음식들이 가득했어. 알라딘은 은 접시를 내다 팔아 금방 부자가 되었지.",
      "srcPage": 14,
      "srcSentenceEA": 3,
      "srcWordEA": 23,
      "character": "램프의 요정,식탁,맛있는 음식,알라딘,은 접시",
      "setting": null,
      "action": "내다 팔아,차렸어",
      "feeling": null,
      "causalRelationship": null,
      "outcomeResolution": null,
      "prediction": null,
      "plotSummaryInfoCount": 1,
      "plotSummaryInfo": {
        "classification": "의사소통",
        "readAge": "초등_저학년",
        "form": "short-form",
        "plotSummaryText": "램프의 요정은 은 접시에 맛있는 음식을 가득 차렸으며, 알라딘은 은 접시를 내다 팔아 부자가 되었다.",
        "textWordEA": 15
      }
    },
    {
      "srcTextID": "21560",
      "srcText": "어느 날, 알라딘은 공주의 행차를 보았어. “길을 비켜라. 공주님이시다!” ‘정말 아름답다.’ 알라딘은 한눈에 공주에게 반하고 말았어. “공주님을 다시 만날 수만 있다면.” ",
      "srcPage": 15,
      "srcSentenceEA": 6,
      "srcWordEA": 24,
      "character": "알라딘,공주",
      "setting": "어느 날",
      "action": "보았어,반하고 말았어",
      "feeling": "정말 아름답다",
      "causalRelationship": null,
      "outcomeResolution": null,
      "prediction": null,
      "plotSummaryInfoCount": 1,
      "plotSummaryInfo": {
        "classification": "의사소통",
        "readAge": "초등_저학년",
        "form": "long-form",
        "plotSummaryText": "어느 날 알라딘은 공주의 행차를 보았고, 한눈에 공주에게 반하고 말았다.",
        "textWordEA": 10
      }
    },
    {
      "srcTextID": "21559",
      "srcText": "알라딘은 그날 이후로 잘 먹지도 못하고, 자지도 못했어. 공주를 보지 못하면 살 수 없을 것만 같았지. “반드시 공주님과 결혼할 거야!” 알라딘은 공주와 어울리는 신랑감이 되기로 결심했어.",
      "srcPage": 16,
      "srcSentenceEA": 4,
      "srcWordEA": 28,
      "character": "알라딘,공주",
      "setting": null,
      "action": "잘 먹지도,자지도,결혼할 거야,결심했어",
      "feeling": null,
      "causalRelationship": null,
      "outcomeResolution": null,
      "prediction": "알라딘은 공주와 어울리는 신랑감이 되기로 결심했어.",
      "plotSummaryInfoCount": 1,
      "plotSummaryInfo": {
        "classification": "의사소통",
        "readAge": "초등_저학년",
        "form": "long-form",
        "plotSummaryText": "공주와 결혼하고 싶었던 알라딘은 공주와 어울리는 신랑감이 되기로 결심했다.",
        "textWordEA": 9
      }
    },
    {
      "srcTextID": "21561",
      "srcText": "“우선 임금님께 잘 보여야겠지?” 알라딘은 여든 명의 하인과 보석이 가득한 황금 상자를 앞세우고 궁궐로 향했어. 하인들이 황금 상자를 빼곡히 내려놓자, 임금은 크게 기뻐했어.",
      "srcPage": 17,
      "srcSentenceEA": 3,
      "srcWordEA": 25,
      "character": "임금님,알라딘,여든 명의 하인,황금 상자",
      "setting": "궁궐",
      "action": "향했어,내려놓자",
      "feeling": "기뻐했어",
      "causalRelationship": "하인들이 황금 상자를 빼곡히 내려놓자, 임금은 크게 기뻐했어.",
      "outcomeResolution": null,
      "prediction": null,
      "plotSummaryInfoCount": 1,
      "plotSummaryInfo": {
        "classification": "의사소통",
        "readAge": "초등_저학년",
        "form": "short-form",
        "plotSummaryText": "알라딘은 임금님께 잘 보이려고 여든 명의 하인과 보석이 가득한 황금 상자를 앞세우고 궁궐로 향했고, 임금은 크게 기뻐했다.",
        "textWordEA": 17
      }
    },
    {
      "srcTextID": "21562",
      "srcText": "“이런 귀한 보물을 내게 바치다니.” “임금님, 전 공주님과 결혼하고 싶습니다.” 임금이 고민하자 알라딘이 재빨리 말했어. “먼저 공주님과 함께 살 황금 궁전을 짓겠습니다.” “그럼, 궁전이 다 지어지면 결혼하도록 해라.”",
      "srcPage": 18,
      "srcSentenceEA": 5,
      "srcWordEA": 29,
      "character": "보물,임금님,공주님,알라딘",
      "setting": "황금 궁전",
      "action": "바치다니,결혼하고,고민하자,말했어,짓겠습니다",
      "feeling": null,
      "causalRelationship": null,
      "outcomeResolution": null,
      "prediction": "그럼, 궁전이 다 지어지면 결혼하도록 해라.",
      "plotSummaryInfoCount": 1,
      "plotSummaryInfo": {
        "classification": "의사소통",
        "readAge": "초등_저학년",
        "form": "long-form",
        "plotSummaryText": "임금에게 보물을 바친 알라딘은 공주님과 함께 살 황금 궁전을 짓겠다 했고, 임금은 궁전이 다 지어지면 결혼하라 했다.",
        "textWordEA": 17
      }
    },
    {
      "srcTextID": "21563",
      "srcText": "알라딘은 램프의 요정에게 황금 궁전을 지으라고 했어. 램프의 요정은 커다란 정과 망치로 바위산을 깎고는 뚝딱뚝딱 궁전을 지었지. 그러곤 커다란 붓을 황금 물감에 적셔 궁전 전체를 금빛으로 칠했어.",
      "srcPage": 19,
      "srcSentenceEA": 3,
      "srcWordEA": 29,
      "character": "알라딘,램프의 요정,정,망치,커다란 붓,황금 물감",
      "setting": "황금 궁전,바위산",
      "action": "칠했어,깎고는,지었지,적셔",
      "feeling": null,
      "causalRelationship": null,
      "outcomeResolution": null,
      "prediction": "알라딘은 램프의 요정에게 황금 궁전을 지으라고 했어.",
      "plotSummaryInfoCount": 1,
      "plotSummaryInfo": {
        "classification": "의사소통",
        "readAge": "초등_저학년",
        "form": "short-form",
        "plotSummaryText": "알라딘은 램프의 요정에게 황금 궁전을 지으라고 했고, 요정은 바위산을 깎아 궁전을 지어 황금 물감으로 궁전을 금빛으로 칠했다.",
        "textWordEA": 17
      }
    },
    {
      "srcTextID": "21565",
      "srcText": "“헌 램프를 반짝반짝 빛나는 새 램프로 바꿔 드립니다.” 공주가 창문 밖으로 요술 램프를 보여 주며 물었어. “이렇게 낡은 램프도 바꿔 주나요?”",
      "srcPage": 22,
      "srcSentenceEA": 3,
      "srcWordEA": 22,
      "character": "헌 램프,새 램프,공주,요술 램프",
      "setting": "창문 밖",
      "action": "보여 주며 물었어,바꿔 드립니다",
      "feeling": null,
      "causalRelationship": null,
      "outcomeResolution": null,
      "prediction": null,
      "plotSummaryInfoCount": 1,
      "plotSummaryInfo": {
        "classification": "의사소통",
        "readAge": "초등_저학년",
        "form": "short-form",
        "plotSummaryText": "헌 램프를 새 램프로 바꿔 준다는 말에 공주는 창문 밖으로 요술 램프를 보여 주었다.",
        "textWordEA": 14
      }
    },
    {
      "srcTextID": "21567",
      "srcText": "마법사는 요술 램프를 보자 침을 꿀꺽 삼켰어. “바꿔 드리고 말고요.” 공주가 요술 램프를 내밀자, 마법사는 냉큼 새 램프로 바꿔 주었어.",
      "srcPage": 23,
      "srcSentenceEA": 3,
      "srcWordEA": 21,
      "character": "마법사,요술 램프,공주",
      "setting": null,
      "action": "보자,삼켰어,내밀자,바꿔 주었어",
      "feeling": null,
      "causalRelationship": null,
      "outcomeResolution": null,
      "prediction": null,
      "plotSummaryInfoCount": 1,
      "plotSummaryInfo": {
        "classification": "의사소통",
        "readAge": "초등_저학년",
        "form": "short-form",
        "plotSummaryText": "공주가 요술 램프를 내밀자, 마법사는 냉큼 새 램프로 바꿔 주었다.",
        "textWordEA": 10
      }
    },
    {
      "srcTextID": "21569",
      "srcText": "“으하하! 드디어 요술 램프를 손에 넣었어.” 마법사는 요술 램프를 문질렀어. “주인님, 전 램프의 요정입니다. 무슨 소원이든 말씀만 하십시오.”",
      "srcPage": 24,
      "srcSentenceEA": 4,
      "srcWordEA": 21,
      "character": "요술 램프,마법사,램프의 요정",
      "setting": null,
      "action": "문질렀어,넣었어,말씀만 하십시오",
      "feeling": null,
      "causalRelationship": null,
      "outcomeResolution": null,
      "prediction": "마법사는 요술 램프를 문질렀어.",
      "plotSummaryInfoCount": 1,
      "plotSummaryInfo": {
        "classification": "의사소통",
        "readAge": "초등_저학년",
        "form": "long-form",
        "plotSummaryText": "드디어 요술 램프를 손에 넣은 마법사가 램프를 문지르자, 램프의 요정이 나와 소원을 얘기하라고 했다.",
        "textWordEA": 14
      }
    },
    {
      "srcTextID": "21568",
      "srcText": "“알라딘부터 혼내 줘야겠다. 황금 궁전을 아프리카로 옮겨라.” 램프의 요정이 황금 궁전을 들고 높이 날아올랐어.",
      "srcPage": 25,
      "srcSentenceEA": 3,
      "srcWordEA": 16,
      "character": "알라딘,램프의 요정",
      "setting": "황금 궁전,아프리카",
      "action": "들고,날아올랐어,옮겨라",
      "feeling": null,
      "causalRelationship": null,
      "outcomeResolution": null,
      "prediction": "황금 궁전을 아프리카로 옮겨라.",
      "plotSummaryInfoCount": 1,
      "plotSummaryInfo": {
        "classification": "의사소통",
        "readAge": "초등_저학년",
        "form": "short-form",
        "plotSummaryText": "알라딘을 혼내줘야겠다며 램프 요정에게 황금 궁전을 아프리카로 옮기라고 했다.",
        "textWordEA": 9
      }
    },
    {
      "srcTextID": "21570",
      "srcText": "궁전에 꼼짝없이 갇힌 공주는 눈물을 뚝뚝 흘렸어. 마법사가 공주에게 소리쳤어. “울어도 소용없어. 넌 평생 나랑 함께 사는 거야.",
      "srcPage": 26,
      "srcSentenceEA": 4,
      "srcWordEA": 20,
      "character": "공주,마법사,나",
      "setting": "궁전",
      "action": "흘렸어,소리쳤어,울어도,사는 거야",
      "feeling": null,
      "causalRelationship": null,
      "outcomeResolution": null,
      "prediction": null,
      "plotSummaryInfoCount": 1,
      "plotSummaryInfo": {
        "classification": "의사소통",
        "readAge": "초등_저학년",
        "form": "long-form",
        "plotSummaryText": "궁전에 갇힌 공주는 눈물을 흘렸고, 마법사는 공주에게 울어도 소용없다며 소리쳤다.",
        "textWordEA": 10
      }
    },
    {
      "srcTextID": "21572",
      "srcText": "황금 궁전과 공주가 사라진 것을 안 임금은 너무 기가 막혀 펄쩍펄쩍 뛰었어. “당장 알라딘을 붙잡아 오너라!” 붙잡혀 온 알라딘은 무슨 영문인지 몰라 눈만 멀뚱거렸어.",
      "srcPage": 27,
      "srcSentenceEA": 3,
      "srcWordEA": 25,
      "character": "공주,임금,알라딘,눈",
      "setting": "황금 궁전",
      "action": "뛰었어,멀뚱거렸어,붙잡아 오너라",
      "feeling": null,
      "causalRelationship": null,
      "outcomeResolution": null,
      "prediction": null,
      "plotSummaryInfoCount": 1,
      "plotSummaryInfo": {
        "classification": "의사소통",
        "readAge": "초등_저학년",
        "form": "short-form",
        "plotSummaryText": "황금 궁전과 공주가 사라진 것을 안 임금은 알라딘을 붙잡아 오게 했다.",
        "textWordEA": 11
      }
    },
    {
      "srcTextID": "21571",
      "srcText": "머리끝까지 화가 난 임금은 궁전이 있던 자리를 가리켰어. ‘궁전이 사라지다니!’ 알라딘은 너무 놀라 숨도 제대로 쉴 수 없었어. “알라딘, 공주를 찾아오지 못하면 널 가만두지 않겠다!” 알라딘은 몇 날 며칠을 헤매고 다녔지만, 공주를 찾을 수 없었어. 지칠 대로 지친 알라딘은 땅바닥에 풀썩 주저앉았지.",
      "srcPage": 28,
      "srcSentenceEA": 6,
      "srcWordEA": 46,
      "character": "임금,알라딘,공주",
      "setting": "궁전,몇 날 며칠",
      "action": "가리켰어,헤매고 다녔지만,주저앉았지",
      "feeling": "화가 난,너무 놀라",
      "causalRelationship": null,
      "outcomeResolution": null,
      "prediction": null,
      "plotSummaryInfoCount": 1,
      "plotSummaryInfo": {
        "classification": "의사소통",
        "readAge": "초등_저학년",
        "form": "long-form",
        "plotSummaryText": "알라딘은 궁전이 사라져 너무 놀라 숨도 제대로 쉴 수 없었고, 며칠을 헤매고 다녀도 공주를 찾을 수 없자 땅바닥에 풀썩 주저앉았다.",
        "textWordEA": 20
      }
    },
    {
      "srcTextID": "21574",
      "srcText": "그때 알라딘의 손가락에 낀 반지가 바위에 긁혔는지 연기가 피어오르면서 반지의 요정이 나타난 거야. “주인님, 뭐든지 말씀만 하십시오.” “내가 너를 잊고 있었구나. 제발 공주와 궁전을 되돌려 줘.”",
      "srcPage": 29,
      "srcSentenceEA": 4,
      "srcWordEA": 27,
      "character": "알라딘,반지의 요정,공주,반지,너",
      "setting": "궁전",
      "action": "나타난 거야,잊고,되돌려 줘",
      "feeling": null,
      "causalRelationship": null,
      "outcomeResolution": null,
      "prediction": null,
      "plotSummaryInfoCount": 1,
      "plotSummaryInfo": {
        "classification": "의사소통",
        "readAge": "초등_저학년",
        "form": "long-form",
        "plotSummaryText": "알라딘은 반지의 요정에게 공주와 궁전을 되돌려 달라고 했다.",
        "textWordEA": 8
      }
    },
    {
      "srcTextID": "21573",
      "srcText": "“주인님, 궁전을 옮기는 건 램프의 요정만 할 수 있습니다.” “그럼 나를 공주가 있는 곳으로 데려다줘.” 알라딘의 말이 끝나자마자 반지의 요정은 알라딘을 황금 궁전이 있는 곳으로 데리고 갔어.",
      "srcPage": 30,
      "srcSentenceEA": 3,
      "srcWordEA": 28,
      "character": "주인님,램프의 요정,나,공주,알라딘,반지의 요정",
      "setting": "황금 궁전",
      "action": "데리고 갔어,옮기는",
      "feeling": null,
      "causalRelationship": null,
      "outcomeResolution": null,
      "prediction": "그럼 나를 공주가 있는 곳으로 데려다줘.",
      "plotSummaryInfoCount": 1,
      "plotSummaryInfo": {
        "classification": "의사소통",
        "readAge": "초등_저학년",
        "form": "short-form",
        "plotSummaryText": "궁전을 옮기는 건 램프의 요정만 할 수 있는데, 공주가 있는 곳으로 데려다 달라고 했더니 알라딘을 황금 궁전이 있는 곳으로 데리고 갔다.",
        "textWordEA": 21
      }
    },
    {
      "srcTextID": "21575",
      "srcText": "때마침 공주가 창밖을 보고 있었어. “알라딘, 날 구하러 와 주었군요!” 알라딘은 공주를 다시 보게 되어 무척 기뻤지.",
      "srcPage": 31,
      "srcSentenceEA": 3,
      "srcWordEA": 18,
      "character": "공주,알라딘",
      "setting": "창밖",
      "action": "보고 있었어,구하러 와,보게 되어",
      "feeling": "기뻤지",
      "causalRelationship": null,
      "outcomeResolution": null,
      "prediction": null,
      "plotSummaryInfoCount": 1,
      "plotSummaryInfo": {
        "classification": "의사소통",
        "readAge": "초등_저학년",
        "form": "short-form",
        "plotSummaryText": " 때마침 창밖을 보고 있었던 공주를 다시 보게 된 알라딘은 무척 기뻤다.",
        "textWordEA": 11
      }
    },
    {
      "srcTextID": "21576",
      "srcText": "“내가 왔으니 걱정하지 말아요. 이 약을 마법사가 마시는 포도주에 넣어요.” 그날 밤, 공주는 약이 든 포도주를 마법사에게 따라 주었어.",
      "srcPage": 32,
      "srcSentenceEA": 3,
      "srcWordEA": 21,
      "character": "약,마법사,포도주,공주",
      "setting": "그날 밤",
      "action": "따라 주었어,넣어요",
      "feeling": null,
      "causalRelationship": null,
      "outcomeResolution": null,
      "prediction": "그날 밤, 공주는 약이 든 포도주를 마법사에게 따라 주었어.",
      "plotSummaryInfoCount": 1,
      "plotSummaryInfo": {
        "classification": "의사소통",
        "readAge": "초등_저학년",
        "form": "short-form",
        "plotSummaryText": "공주는 약을 마법사가 마시는 포도주에 넣었고, 약이 든 포도주를 마법사에게 따라 주었다.",
        "textWordEA": 12
      }
    },
    {
      "srcTextID": "21577",
      "srcText": "“하하하! 공주가 웬일로 직접 포도주를 따라 주는 게요? 나와 결혼할 마음이 생긴 게로군.” 마법사는 포도주를 마시자마자 바닥에 쿵 하고 쓰러졌어.",
      "srcPage": 33,
      "srcSentenceEA": 3,
      "srcWordEA": 23,
      "character": "공주,포도주,나,마법사",
      "setting": "바닥",
      "action": "마시자마자,쓰러졌어",
      "feeling": null,
      "causalRelationship": "마법사는 포도주를 마시자마자 바닥에 쿵 하고 쓰러졌어.",
      "outcomeResolution": null,
      "prediction": null,
      "plotSummaryInfoCount": 1,
      "plotSummaryInfo": {
        "classification": "의사소통",
        "readAge": "초등_저학년",
        "form": "short-form",
        "plotSummaryText": "공주가 준 포도주를 마신 마법사는 마시자마자 바닥에 쿵 하고 쓰러졌다.",
        "textWordEA": 10
      }
    },
    {
      "srcTextID": "21578",
      "srcText": "그때 숨어 있던 알라딘이 달려 나왔지. “부인, 이제 나쁜 마법사는 영원히 잠들었소.” 알라딘은 마법사의 품에서 요술 램프를 꺼내 문질렀어. “램프의 요정, 우리를 고향에 데려다줘.”",
      "srcPage": 34,
      "srcSentenceEA": 4,
      "srcWordEA": 25,
      "character": "알라딘,부인,마법사,요술 램프,램프의 요정,우리",
      "setting": "고향",
      "action": "숨어 있던,달려 나왔지,문질렀어,데려다줘",
      "feeling": null,
      "causalRelationship": null,
      "outcomeResolution": null,
      "prediction": null,
      "plotSummaryInfoCount": 1,
      "plotSummaryInfo": {
        "classification": "의사소통",
        "readAge": "초등_저학년",
        "form": "long-form",
        "plotSummaryText": "그때 숨어 있던 알라딘이 달려 나왔고 마법사의 품에서 요술 램프를 꺼내 문질렀다.",
        "textWordEA": 12
      }
    },
    {
      "srcTextID": "21579",
      "srcText": "램프의 요정이 알라딘과 공주가 있는 황금 궁전을 원래 있던 자리로 되돌려 놓자, 임금은 크게 기뻐했어. “하하하, 알라딘. 고맙구나, 고마워.” 임금은 성대한 잔치를 열었어. 그 뒤, 두 사람은 오래오래 행복하게 살았지. 요술 램프는 어떻게 되었을까? 그건 알라딘만 알고 있어.",
      "srcPage": 35,
      "srcSentenceEA": 7,
      "srcWordEA": 43,
      "character": "램프의 요정,알라딘,공주,임금,요술 램프",
      "setting": "황금 궁전",
      "action": "되돌려 놓자,열었어,알고 있어",
      "feeling": "기뻐했어,고맙구나",
      "causalRelationship": null,
      "outcomeResolution": null,
      "prediction": null,
      "plotSummaryInfoCount": 1,
      "plotSummaryInfo": {
        "classification": "의사소통",
        "readAge": "초등_저학년",
        "form": "long-form",
        "plotSummaryText": "램프의 요정이 황금 궁전을 제자리에 되돌려 놓자, 임금은 크게 기뻐해 잔치를 열었고, 알라딘과 공주는 오래오래 행복하게 살았다.",
        "textWordEA": 17
      }
    }
  ]
}