{
  "title": "왕자와 거지",
  "author": "마크 트웨인",
  "illustrator": "백선웅",
  "isbn": "9791128210952",
  "publishedYear": 2018,
  "publisher": "아람북스",
  "paragraphInfoCount": 36,
  "paragraphInfo": [
    {
      "srcTextID": "24849",
      "srcText": "“감히 왕자를 때리다니, 네놈을 가만두지 않겠어!” “이놈이 뭐라는 거야?” 병사는 에드워드를 궁 밖으로 내쫓았어요.",
      "srcPage": 7,
      "srcSentenceEA": 3,
      "srcWordEA": 15,
      "character": "병사,왕자,에드워드",
      "setting": "궁 밖으로",
      "action": "때리다니,내쫓았어요",
      "feeling": null,
      "causalRelationship": null,
      "outcomeResolution": "병사는 에드워드를 궁 밖으로 내쫓았어요.",
      "prediction": null,
      "plotSummaryInfoCount": 1,
      "plotSummaryInfo": {
        "classification": "의사소통",
        "readAge": "초등_저학년",
        "form": "short-form",
        "plotSummaryText": "왕자를 때린 병사를 가만두지 않겠다고 왕자가 병사에게 말하자 병사는 뭐라는 거야라고 말하며 에드워드를 궁 밖으로 내쫓았다.",
        "textWordEA": 16
      }
    },
    {
      "srcTextID": "24850",
      "srcText": "“나는 왕자다! 어서 문을 열어라!” 지나가던 사람들이 손가락질하며 에드워드를 비웃었어요. “저 아이가 미쳤나 봐.”",
      "srcPage": 8,
      "srcSentenceEA": 4,
      "srcWordEA": 16,
      "character": "아이,왕자,사람들,에드워드",
      "setting": null,
      "action": "지나가던,손가락질하며,비웃었어요",
      "feeling": null,
      "causalRelationship": null,
      "outcomeResolution": null,
      "prediction": "지나가던 사람들이 손가락질하며 에드워드를 비웃었어요.",
      "plotSummaryInfoCount": 1,
      "plotSummaryInfo": {
        "classification": "의사소통",
        "readAge": "초등_저학년",
        "form": "long-form",
        "plotSummaryText": "에드워드가 자신이 왕자라며 문을 열어 달라고 하자 지나가던 사람들이 손가락질하며 에드워드를 비웃었다.",
        "textWordEA": 12
      }
    },
    {
      "srcTextID": "24852",
      "srcText": "날이 어둑어둑해질 무렵, 에드워드는 어두운 골목을 헤매고 있었어요. 그때 술에 취한 남자가 에드워드의 목덜미를 꽉 움켜쥐었어요. “아버지를 보고도 모르는 척해? 따끔한 맛을 보여 주마!”",
      "srcPage": 9,
      "srcSentenceEA": 4,
      "srcWordEA": 26,
      "character": "에드워드,아버지,술에 취한 남자,목덜미",
      "setting": "날이 어둑어둑해질 무렵,어두운 골목",
      "action": "움켜쥐었어요,보고도,헤매고",
      "feeling": null,
      "causalRelationship": null,
      "outcomeResolution": null,
      "prediction": null,
      "plotSummaryInfoCount": 1,
      "plotSummaryInfo": {
        "classification": "의사소통",
        "readAge": "초등_저학년",
        "form": "long-form",
        "plotSummaryText": "에드워드가 어두운 골목을 헤매고 있을 때 술에 취한 남자가 아버지를 보고도 모르는 척 한다고 말하며 에드워드의 목덜미를 꽉 움켜쥐었다.",
        "textWordEA": 19
      }
    },
    {
      "srcTextID": "24853",
      "srcText": "에드워드는 버둥거리며 소리쳤어요. “네가 톰의 아버지냐? 나는 이 나라의 왕자다!” “이놈이 이젠 아예 돌았군.” 톰의 아버지는 에드워드를 질질 끌고 갔어요.",
      "srcPage": 10,
      "srcSentenceEA": 5,
      "srcWordEA": 22,
      "character": "에드워드,나,톰의 아버지",
      "setting": null,
      "action": "소리쳤어요,끌고,버둥거리며,질질 끌고 갔어요",
      "feeling": null,
      "causalRelationship": null,
      "outcomeResolution": "톰의 아버지는 에드워드를 질질 끌고 갔어요.",
      "prediction": null,
      "plotSummaryInfoCount": 1,
      "plotSummaryInfo": {
        "classification": "의사소통",
        "readAge": "초등_저학년",
        "form": "long-form",
        "plotSummaryText": "에드워드가 자신이 이 나라의 왕자라고 하자 톰의 아버지는 그에게 아예 돌았다고 말하며 에드워드를 끌고 갔다.",
        "textWordEA": 15
      }
    },
    {
      "srcTextID": "24855",
      "srcText": "성에 혼자 남은 톰은 하루 종일 안절부절못했어요. 밖에서 작은 소리만 들려도 깜짝깜짝 놀랐지요. 누군가 들어와서 잡아갈 것 같았거든요.",
      "srcPage": 11,
      "srcSentenceEA": 3,
      "srcWordEA": 20,
      "character": "톰",
      "setting": "성,밖에서,하루 종일",
      "action": "들어와서,잡아갈,들려도",
      "feeling": "안절부절못했어요,깜짝깜짝 놀랐지요",
      "causalRelationship": "밖에서 작은 소리만 들려도 깜짝깜짝 놀랐지요. 누군가 들어와서 잡아갈 것 같았거든요.",
      "outcomeResolution": null,
      "prediction": null,
      "plotSummaryInfoCount": 1,
      "plotSummaryInfo": {
        "classification": "의사소통",
        "readAge": "초등_저학년",
        "form": "short-form",
        "plotSummaryText": "성에 혼자 남은 톰은 누군가 들어와서 잡아갈 것 같아서 밖에서 작은 소리만 들려도 놀라며 하루 종일 안절부절못했다.",
        "textWordEA": 17
      }
    },
    {
      "srcTextID": "24859",
      "srcText": "그때 멀리서 나팔 소리가 들렸어요. “국왕 폐하가 돌아가셨다!” 에드워드는 눈물을 흘렸어요. 무섭기로 소문난 국왕이었지만 왕자에게만큼은 다정한 아버지였거든요.",
      "srcPage": 22,
      "srcSentenceEA": 4,
      "srcWordEA": 19,
      "character": "에드워드,국왕 폐하,왕자,아버지",
      "setting": null,
      "action": "들렸어요,눈물을 흘렸어요",
      "feeling": "무섭기로,다정한",
      "causalRelationship": null,
      "outcomeResolution": null,
      "prediction": null,
      "plotSummaryInfoCount": 1,
      "plotSummaryInfo": {
        "classification": "의사소통",
        "readAge": "초등_저학년",
        "form": "long-form",
        "plotSummaryText": "무섭기로 소문난 국왕이었지만 왕자에게만큼은 다정한 아버지였던 국왕 폐하가 돌아가셨다라는 소리를 듣자 에드워드는 눈물을 흘렸다.",
        "textWordEA": 14
      }
    },
    {
      "srcTextID": "24862",
      "srcText": "얼떨결에 왕이 된 톰은 머리가 아팠어요. 나라를 다스린다는 것은 상상조차 해 본 적이 없었거든요. 그러던 어느 날, 작고 깡마른 아이가 톰을 찾아왔어요.",
      "srcPage": 23,
      "srcSentenceEA": 3,
      "srcWordEA": 24,
      "character": "톰,왕,아이",
      "setting": "어느 날,나라",
      "action": "찾아왔어요,다스린다는",
      "feeling": null,
      "causalRelationship": null,
      "outcomeResolution": null,
      "prediction": "그러던 어느 날, 작고 깡마른 아이가 톰을 찾아왔어요.",
      "plotSummaryInfoCount": 1,
      "plotSummaryInfo": {
        "classification": "의사소통",
        "readAge": "초등_저학년",
        "form": "short-form",
        "plotSummaryText": "얼떨결에 왕이 된 톰은 나라를 다스린다는 것을 상상조차 해 본 적이 없어 머리가 아팠는데 어느 날, 작고 깡마른 아이가 톰을 찾아왔다.",
        "textWordEA": 21
      }
    },
    {
      "srcTextID": "24864",
      "srcText": "에드워드는 또다시 톰의 아버지 눈에 띄어 거지들이 사는 곳으로 끌려갔어요. 그곳에서 에드워드는 처음으로 백성들이 얼마나 가난하고 힘들게 사는지 알게 되었어요. 에드워드는 벌떡 일어나 큰 소리로 말했어요.",
      "srcPage": 25,
      "srcSentenceEA": 3,
      "srcWordEA": 28,
      "character": "에드워드,톰의 아버지,거지들,백성들",
      "setting": "거지들이 사는 곳,그곳에서",
      "action": "끌려갔어요,일어나,말했어요",
      "feeling": "가난하고",
      "causalRelationship": null,
      "outcomeResolution": null,
      "prediction": null,
      "plotSummaryInfoCount": 1,
      "plotSummaryInfo": {
        "classification": "의사소통",
        "readAge": "초등_저학년",
        "form": "short-form",
        "plotSummaryText": " 또다시 톰의 아버지 눈에 띄어 거지들이 사는 곳으로 끌려온 에드워드는 그곳에서 백성들이 얼마나 가난하고 힘들게 사는지 알게 되었다.",
        "textWordEA": 18
      }
    },
    {
      "srcTextID": "24866",
      "srcText": "거지들 틈에 섞여 다니던 에드워드는 결국 도둑 누명을 쓰고 감옥까지 가게 되었어요. 에드워드를 도와주던 헨든도 함께 갇히고 말았지요. 감옥에서 에드워드는 백성들의 억울한 이야기를 듣고 눈물을 흘렸어요.",
      "srcPage": 27,
      "srcSentenceEA": 3,
      "srcWordEA": 28,
      "character": "에드워드,거지들,헨든,백성들,도둑",
      "setting": "감옥에서",
      "action": "가게,도와주던,듣고,눈물을 흘렸어요",
      "feeling": "억울한",
      "causalRelationship": null,
      "outcomeResolution": null,
      "prediction": "감옥에서 에드워드는 백성들의 억울한 이야기를 듣고 눈물을 흘렸어요.",
      "plotSummaryInfoCount": 1,
      "plotSummaryInfo": {
        "classification": "의사소통",
        "readAge": "초등_저학년",
        "form": "short-form",
        "plotSummaryText": "거지들 틈에 섞여 다니던 에드워드는 도둑 누명을 쓰게되어 에드워드를 도와주던 헨든과 함께 감옥에 갇히고 말았고 감옥에서 에드워드는 백성들의 이야기를 듣고 눈물을 흘렸다.",
        "textWordEA": 22
      }
    },
    {
      "srcTextID": "24870",
      "srcText": "병사들이 에드워드를 잡으려고 달려들었어요. 그러자 톰이 벌떡 일어나 외쳤어요. “그분이 진짜 왕이시다!” 톰은 에드워드 앞에 무릎을 꿇었어요.",
      "srcPage": 32,
      "srcSentenceEA": 4,
      "srcWordEA": 19,
      "character": "병사들,톰,에드워드,왕",
      "setting": null,
      "action": "달려들었어요,무릎을 꿇었어요,일어나,외쳤어요,잡으려고",
      "feeling": null,
      "causalRelationship": null,
      "outcomeResolution": "톰은 에드워드 앞에 무릎을 꿇었어요.",
      "prediction": null,
      "plotSummaryInfoCount": 1,
      "plotSummaryInfo": {
        "classification": "의사소통",
        "readAge": "초등_저학년",
        "form": "long-form",
        "plotSummaryText": "병사들이 에드워드를 잡으려고 달려들자 톰이 벌떡 일어나 그분이 진짜 왕이시다라고 외치며 에드워드 앞에 무릎을 꿇었다.",
        "textWordEA": 15
      }
    },
    {
      "srcTextID": "28159",
      "srcText": "옥새라는 말에 에드워드는 얼굴을 찡그렸어요. “폐하, 옷을 바꿔 입던 날을 생각해 보세요. 그때 급하게 나가시면서.......”",
      "srcPage": 34,
      "srcSentenceEA": 3,
      "srcWordEA": 16,
      "character": "에드워드,옥새,옷,폐하",
      "setting": null,
      "action": "찡그렸어요,입던,나가시면서",
      "feeling": null,
      "causalRelationship": null,
      "outcomeResolution": null,
      "prediction": null,
      "plotSummaryInfoCount": 1,
      "plotSummaryInfo": {
        "classification": "의사소통",
        "readAge": "초등_저학년",
        "form": "short-form",
        "plotSummaryText": "옥새라는 말에 얼굴을 찡그리는 에드워드에게 옷을 바꿔 입던 날을 생각해 보라고 말했다.",
        "textWordEA": 12
      }
    },
    {
      "srcTextID": "28150",
      "srcText": "“톰, 나도 바깥세상을 마음대로 돌아다녀 보고 싶어. 우리 서로 옷을 바꿔 입으면 어떨까?” “네, 왕자님의 생각이 그러시다면.......”",
      "srcPage": 3,
      "srcSentenceEA": 3,
      "srcWordEA": 18,
      "character": "톰,옷,왕자님",
      "setting": "바깥세상",
      "action": "돌아다녀,바꿔 입으면",
      "feeling": null,
      "causalRelationship": null,
      "outcomeResolution": null,
      "prediction": "우리 서로 옷을 바꿔 입으면 어떨까?",
      "plotSummaryInfoCount": 1,
      "plotSummaryInfo": {
        "classification": "의사소통",
        "readAge": "초등_저학년",
        "form": "short-form",
        "plotSummaryText": "왕자님은 바깥세상을 마음대로 돌아다녀 보고 싶어서 톰에게 서로 옷을 바꿔 입자고 했다.",
        "textWordEA": 12
      }
    },
    {
      "srcTextID": "28151",
      "srcText": "그런데 옷을 바꿔 입은 두 사람은 깜짝 놀랐어요. 똑같은 키에, 눈, 코, 입 모양까지....... 누가 진짜 왕자고 누가 진짜 거지인지 알 수 없었지요.",
      "srcPage": 4,
      "srcSentenceEA": 3,
      "srcWordEA": 25,
      "character": "두 사람,왕자,거지,똑같은 키,눈,코,입",
      "setting": null,
      "action": "바꿔 입은",
      "feeling": "깜짝 놀랐어요",
      "causalRelationship": null,
      "outcomeResolution": null,
      "prediction": "누가 진짜 왕자고 누가 진짜 거지인지 알 수 없었지요.",
      "plotSummaryInfoCount": 1,
      "plotSummaryInfo": {
        "classification": "의사소통",
        "readAge": "초등_저학년",
        "form": "short-form",
        "plotSummaryText": "두 사람이 옷을 바꿔 입자 누가 진짜 왕자와 거지인지 알 수 없어서 깜짝 놀랐다.",
        "textWordEA": 14
      }
    },
    {
      "srcTextID": "24851",
      "srcText": "누더기를 입은 에드워드는 톰을 때린 병사에게 소리쳤어요. “네 이름을 대라!” 하지만 병사는 에드워드의 뺨을 철썩 때렸어요.",
      "srcPage": 6,
      "srcSentenceEA": 3,
      "srcWordEA": 17,
      "character": "누더기,에드워드,톰,병사,뺨",
      "setting": null,
      "action": "입은,소리쳤어요,때렸어요",
      "feeling": null,
      "causalRelationship": null,
      "outcomeResolution": "하지만 병사는 에드워드의 뺨을 철썩 때렸어요.",
      "prediction": null,
      "plotSummaryInfoCount": 1,
      "plotSummaryInfo": {
        "classification": "의사소통",
        "readAge": "초등_저학년",
        "form": "short-form",
        "plotSummaryText": "누더기를 입은 에드워드가 네 이름을 대라며 병사에게 소리쳤지만 병사는 에드워드의 뺨을 때렸다.",
        "textWordEA": 12
      }
    },
    {
      "srcTextID": "24848",
      "srcText": "왕자 에드워드는 궁전 앞을 거닐고 있었어요. 그러다 거지 아이가 병사한테 매 맞는 걸 보았지요. “불쌍한 아이한테 뭐 하는 짓이냐? 그만해라!” 그 아이는 거지 소년 톰이었어요.",
      "srcPage": 1,
      "srcSentenceEA": 5,
      "srcWordEA": 28,
      "character": "왕자 에드워드,거지 아이,병사,거지소년 톰",
      "setting": "궁전 앞",
      "action": "거닐고 있었어요,보았지요",
      "feeling": "불쌍한",
      "causalRelationship": null,
      "outcomeResolution": null,
      "prediction": null,
      "plotSummaryInfoCount": 1,
      "plotSummaryInfo": {
        "classification": "의사소통",
        "readAge": "초등_저학년",
        "form": "long-form",
        "plotSummaryText": "왕자 에드워드는 궁전 앞을 거닐다가 거지 소년 톰이 병사한테 매 맞는 걸 보았고 병사에게 그만하라고 말했다.",
        "textWordEA": 16
      }
    },
    {
      "srcTextID": "24847",
      "srcText": "에드워드는 궁전 안의 으리으리한 방으로 톰을 데려갔어요. “톰, 재미있는 이야기를 해 보아라.” 톰은 에드워드에게 바깥세상에서 일어난 일과 진흙에서 뒹굴며 신나게 놀았던 이야기를 해 주었어요.",
      "srcPage": 2,
      "srcSentenceEA": 3,
      "srcWordEA": 25,
      "character": "에드워드,톰,진흙",
      "setting": "궁전 안의,방,바깥세상에서",
      "action": "데려갔어요,놀았던,뒹굴며",
      "feeling": "재미있는,신나게",
      "causalRelationship": null,
      "outcomeResolution": null,
      "prediction": null,
      "plotSummaryInfoCount": 1,
      "plotSummaryInfo": {
        "classification": "의사소통",
        "readAge": "초등_저학년",
        "form": "short-form",
        "plotSummaryText": "에드워드가 톰을 궁전 안의 으리으리한 방으로 데려가 재미있는 이야기를 해 보라고 하자 톰은 바깥세상에서 일어난 일과 진흙에서 뒹구며 신나게 놀았던 이야기를 했다.",
        "textWordEA": 22
      }
    },
    {
      "srcTextID": "28152",
      "srcText": "에드워드는 톰의 손에 생긴 상처를 보았어요. “아까 맞아서 이렇게 된 거야? 내가 당장 가서 혼내 주고 올게!” 에드워드는 들고 있던 무언가를 벽 쪽에 휙 던져 넣고는 밖으로 뛰어나갔어요.",
      "srcPage": 5,
      "srcSentenceEA": 4,
      "srcWordEA": 30,
      "character": "에드워드,톰,손,상처",
      "setting": null,
      "action": "보았어요,뛰어나갔어요,들고,던져 넣고는,가서",
      "feeling": null,
      "causalRelationship": null,
      "outcomeResolution": null,
      "prediction": "에드워드는 들고 있던 무언가를 벽 쪽에 휙 던져 넣고는 밖으로 뛰어나갔어요.",
      "plotSummaryInfoCount": 1,
      "plotSummaryInfo": {
        "classification": "의사소통",
        "readAge": "초등_저학년",
        "form": "long-form",
        "plotSummaryText": "에드워드는 톰의 손에 생긴 상처를 보고 당장 혼내 주고 오겠다며 들고 있던 무언가를 벽 쪽에 던져 넣고는 밖으로 뛰어나갔다.",
        "textWordEA": 19
      }
    },
    {
      "srcTextID": "24854",
      "srcText": "그때 에드워드의 사촌인 제인 아가씨가 들어왔어요. 톰은 무릎을 꿇고 덜덜 떨며 말했어요. “제발 왕자님을 만나게 해 주세요!” 눈이 동그래진 제인 아가씨는 급히 방을 나갔지요.",
      "srcPage": 12,
      "srcSentenceEA": 4,
      "srcWordEA": 26,
      "character": "에드워드,사촌,제인 아가씨,톰,왕자님",
      "setting": null,
      "action": "들어왔어요,나갔지요,꿇고,말했어요",
      "feeling": null,
      "causalRelationship": null,
      "outcomeResolution": null,
      "prediction": null,
      "plotSummaryInfoCount": 1,
      "plotSummaryInfo": {
        "classification": "의사소통",
        "readAge": "초등_저학년",
        "form": "long-form",
        "plotSummaryText": "톰이 왕자님을 만나게 해 달라고 에드워드의 사촌인 제인 아가씨에게 무릎을 꿇고 덜덜 떨며 말하자 제인 아가씨는 눈이 동그래지면서 급히 방을 나갔다.",
        "textWordEA": 21
      }
    },
    {
      "srcTextID": "28153",
      "srcText": "그날 밤, 에드워드는 톰의 냄새 나는 이불 위에 누웠어요. 톰의 어머니는 눈물을 흘리며 에드워드를 꼭 안았어요. “불쌍한 내 아들! 미쳐 버리다니.......”",
      "srcPage": 13,
      "srcSentenceEA": 4,
      "srcWordEA": 23,
      "character": "에드워드,톰의 어머니,이불",
      "setting": "그날 밤",
      "action": "누웠어요,안았어요,눈물을 흘리며",
      "feeling": "불쌍한",
      "causalRelationship": null,
      "outcomeResolution": null,
      "prediction": null,
      "plotSummaryInfoCount": 1,
      "plotSummaryInfo": {
        "classification": "의사소통",
        "readAge": "초등_저학년",
        "form": "long-form",
        "plotSummaryText": "그날 밤, 에드워드가 톰의 냄새 나는 이불 위에 누웠고 톰의 어머니가 눈물을 흘리며 에드워드를 꼭 안았다.",
        "textWordEA": 16
      }
    },
    {
      "srcTextID": "28154",
      "srcText": "하지만 톰의 아버지는 에드워드를 볼 때마다 주먹을 휘둘렀어요. “이 게으름뱅이 자식아, 어서 가서 먹을 걸 구해 와!” 다음 날, 에드워드는 톰의 아버지가 잠든 틈을 타서 얼른 도망쳤어요.",
      "srcPage": 14,
      "srcSentenceEA": 3,
      "srcWordEA": 28,
      "character": "에드워드,톰의 아버지",
      "setting": "다음 날",
      "action": "볼,휘둘렀어요,잠든,도망쳤어요",
      "feeling": null,
      "causalRelationship": null,
      "outcomeResolution": "다음 날, 에드워드는 톰의 아버지가 잠든 틈을 타서 얼른 도망쳤어요.",
      "prediction": null,
      "plotSummaryInfoCount": 1,
      "plotSummaryInfo": {
        "classification": "의사소통",
        "readAge": "초등_저학년",
        "form": "short-form",
        "plotSummaryText": "톰의 아버지는 에드워드를  볼 때마다 주먹을 휘둘렀고 다음 날, 에드워드는 톰의 아버지가 잠든 틈을 타서 도망쳤다.",
        "textWordEA": 17
      }
    },
    {
      "srcTextID": "28157",
      "srcText": "한편, 톰은 에드워드의 푹신한 침대에서 눈을 떴어요. 하인이 얼른 다가와 옷을 입혀 주었어요. “나 혼자서 입을 수 있는데.......”",
      "srcPage": 15,
      "srcSentenceEA": 3,
      "srcWordEA": 19,
      "character": "톰,에드워드,하인,옷",
      "setting": "침대에서,한편",
      "action": "다가와,입혀,눈을 떴어요",
      "feeling": null,
      "causalRelationship": null,
      "outcomeResolution": null,
      "prediction": null,
      "plotSummaryInfoCount": 1,
      "plotSummaryInfo": {
        "classification": "의사소통",
        "readAge": "초등_저학년",
        "form": "short-form",
        "plotSummaryText": "톰은 에드워드의 푹신한 침대에서 눈을 떴고 하인이 얼른 다가와 옷을 입혀 주었다.",
        "textWordEA": 12
      }
    },
    {
      "srcTextID": "28156",
      "srcText": "아침 식탁에는 처음 보는 음식이 잔뜩 차려져 있었어요. 톰은 허겁지겁 손으로 음식을 집어 먹었어요. 게다가 하인이 손 씻을 물을 가져오자, 그 물을 꿀꺽꿀꺽 마셔 버렸어요.",
      "srcPage": 16,
      "srcSentenceEA": 3,
      "srcWordEA": 27,
      "character": "톰,하인,음식,물,손",
      "setting": "아침 식탁에는",
      "action": "보는,집어,먹었어요,가져오자,마셔",
      "feeling": null,
      "causalRelationship": null,
      "outcomeResolution": null,
      "prediction": null,
      "plotSummaryInfoCount": 1,
      "plotSummaryInfo": {
        "classification": "의사소통",
        "readAge": "초등_저학년",
        "form": "short-form",
        "plotSummaryText": "아침 식탁에는 처음 보는 음식이 차려져 있었고 톰은 허겁지겁 손으로 음식을 집어 먹었는데 더군다나 하인이 손 씻을 물을 가져오잔, 그 물도 마셔 버렸다.",
        "textWordEA": 23
      }
    },
    {
      "srcTextID": "28155",
      "srcText": "“왕자님이 좀 이상해.” “정말 미친 거 아니야?” 궁전 사람들은 수군댔지요.",
      "srcPage": 17,
      "srcSentenceEA": 3,
      "srcWordEA": 11,
      "character": "왕자님,궁전,사람들",
      "setting": null,
      "action": "수군댔지요",
      "feeling": null,
      "causalRelationship": null,
      "outcomeResolution": null,
      "prediction": null,
      "plotSummaryInfoCount": 1,
      "plotSummaryInfo": {
        "classification": "의사소통",
        "readAge": "초등_저학년",
        "form": "short-form",
        "plotSummaryText": "궁전 사람들은 왕자님이 좀 이상하다며 미친 거 아니냐며 수군댔다.",
        "textWordEA": 9
      }
    },
    {
      "srcTextID": "24857",
      "srcText": "톰의 집에서 도망친 에드워드는 거리를 헤매다 우르르 몰려가는 사람들을 따라갔어요. 마침 궁에서 나온 톰의 행렬이 지나가고 있었어요. 에드워드가 참지 못하고 외쳤어요.",
      "srcPage": 18,
      "srcSentenceEA": 3,
      "srcWordEA": 23,
      "character": "에드워드,사람들,톰",
      "setting": "궁에서,거리,집에서",
      "action": "도망친,헤매다,몰려가는,따라갔어요,나온,지나가고 있었어요,외쳤어요",
      "feeling": null,
      "causalRelationship": null,
      "outcomeResolution": null,
      "prediction": "에드워드가 참지 못하고 외쳤어요.",
      "plotSummaryInfoCount": 1,
      "plotSummaryInfo": {
        "classification": "의사소통",
        "readAge": "초등_저학년",
        "form": "short-form",
        "plotSummaryText": "톰의 집에서 도망친 에드워드는 거리를 헤메다 우르르 몰려가는 사람들을 따라갔고 마침 궁에서 나온 톰의 행렬이 지나가고 있었다.",
        "textWordEA": 17
      }
    },
    {
      "srcTextID": "24856",
      "srcText": "“저 아이는 가짜야, 내가 진짜 에드워드 왕자라고!” 한 병사가 에드워드를 밀치려는 순간이었어요. “어린아이한테 무슨 짓이오?” 한 사람이 병사를 가로막았어요.",
      "srcPage": 19,
      "srcSentenceEA": 4,
      "srcWordEA": 21,
      "character": "아이,에드워드,왕자,어린아이,사람,병사",
      "setting": null,
      "action": "밀치려는,가로막았어요",
      "feeling": null,
      "causalRelationship": null,
      "outcomeResolution": null,
      "prediction": null,
      "plotSummaryInfoCount": 1,
      "plotSummaryInfo": {
        "classification": "의사소통",
        "readAge": "초등_저학년",
        "form": "long-form",
        "plotSummaryText": "자신이 진짜 에드워드 왕자라고 말하니 한 병사가 에드워드를 밀치려는 순간에 어린아이한테 무슨 짓이냐고 말하며 한 사람이 병사를 가로 막았다.",
        "textWordEA": 19
      }
    },
    {
      "srcTextID": "24860",
      "srcText": "에드워드를 구해 준 사람은 헨든이라는 사나이였어요. “내가 진짜 에드워드 왕자다. 나를 구해 주었으니, 상을 주마. 소원을 말해 보라!”",
      "srcPage": 20,
      "srcSentenceEA": 4,
      "srcWordEA": 20,
      "character": "에드워드,헨든,사나이,왕자",
      "setting": null,
      "action": "구해 준,주마,말해",
      "feeling": null,
      "causalRelationship": "나를 구해 주었으니, 상을 주마.",
      "outcomeResolution": null,
      "prediction": null,
      "plotSummaryInfoCount": 1,
      "plotSummaryInfo": {
        "classification": "의사소통",
        "readAge": "초등_저학년",
        "form": "long-form",
        "plotSummaryText": "에드워드를 구해 준 사람은 헨든이라는 사나이였고 에드워드는 헨든에게 자신은 진짜 에드워드 왕자며 자신을 구해주었으니, 상을 줄테니 소원을 말하라고 말했다.",
        "textWordEA": 19
      }
    },
    {
      "srcTextID": "24858",
      "srcText": "거지 아이가 왕 노릇을 한다고 여긴 헨든은 장난스럽게 말했어요. “저와 제 자손들이 국왕 폐하 앞에 앉을 수 있게 해 주세요!” 에드워드는 칼을 헨든의 어깨에 대고 낮은 목소리로 말했어요. “그대의 소원을 들어주겠다.”",
      "srcPage": 21,
      "srcSentenceEA": 4,
      "srcWordEA": 32,
      "character": "에드워드,거지 아이,왕,헨든,자손들,국왕 폐하,칼",
      "setting": null,
      "action": "앉을,말했어요,대고",
      "feeling": null,
      "causalRelationship": null,
      "outcomeResolution": null,
      "prediction": "그대의 소원을 들어주겠다.",
      "plotSummaryInfoCount": 1,
      "plotSummaryInfo": {
        "classification": "의사소통",
        "readAge": "초등_저학년",
        "form": "long-form",
        "plotSummaryText": "거지 아이가 왕 노릇을 한다고 여긴 헨든은 자신과 자신의 자손들이 국왕 폐하 앞에 앉을 수 있게 해 달라고 장난스럽게 말했고 에드워드는 칼을 헨든의 어깨에 대고 소원을 들어주겠다고 말했다.",
        "textWordEA": 28
      }
    },
    {
      "srcTextID": "24861",
      "srcText": "“너는 누구냐?” “저는 왕자님 대신 매를 맞던 아이옵니다. 이제 왕이 되셨으니, 제가 필요 없어져 왕궁에서 쫓겨나게 되었습니다.” 톰은 매 맞는 아이를 곁에 두고 왕궁에 대해 이것저것 물어보았어요. 그러면서 조금씩 왕궁의 일을 배워 나갔어요.",
      "srcPage": 24,
      "srcSentenceEA": 5,
      "srcWordEA": 36,
      "character": "톰,왕자님,왕,아이",
      "setting": "왕궁에서",
      "action": "물어보았어요,배워,맞던,쫓겨나게",
      "feeling": null,
      "causalRelationship": null,
      "outcomeResolution": "그러면서 조금씩 왕궁의 일을 배워 나갔어요.",
      "prediction": null,
      "plotSummaryInfoCount": 1,
      "plotSummaryInfo": {
        "classification": "의사소통",
        "readAge": "초등_저학년",
        "form": "long-form",
        "plotSummaryText": "톰은 왕자님 대신 매를 맞던 아이를 곁에 두고 왕궁에 대해 이것저것 물어보면서 조금씩 왕궁의 일을 배워 나갔다.",
        "textWordEA": 17
      }
    },
    {
      "srcTextID": "24863",
      "srcText": "“오늘부터 나쁜 법을 없앤다! 나는 에드워드 국왕이다!” 거지들은 웃음을 터뜨리며 에드워드를 놀렸어요. “바보 나라 왕, 푸푸 1세 만세!” 거지들은 에드워드에게 깡통을 씌우고 너덜너덜한 담요를 둘러 주었어요.",
      "srcPage": 26,
      "srcSentenceEA": 5,
      "srcWordEA": 29,
      "character": "거지들,에드워드 국왕,담요,깡통",
      "setting": "오늘부터",
      "action": "놀렸어요,둘러,씌우고",
      "feeling": null,
      "causalRelationship": null,
      "outcomeResolution": null,
      "prediction": null,
      "plotSummaryInfoCount": 1,
      "plotSummaryInfo": {
        "classification": "의사소통",
        "readAge": "초등_저학년",
        "form": "long-form",
        "plotSummaryText": "에드워드가 자신이 에드워드 국왕이고 오늘부터 나쁜 법을 없애겠다고 말하자 거지들은 웃음을 떠뜨리며 에드워드에게 깡통을 씌우고 담요을 둘러 주며 에드워드를 놀렸다.",
        "textWordEA": 20
      }
    },
    {
      "srcTextID": "24865",
      "srcText": "‘돌아가서 모든 걸 바로잡아야겠어. 그런데 왜 궁에선 나를 찾지 않는 거지?’ 그때 밖에서 병사들이 수군거렸어요. “곧 에드워드 국왕의 대관식이 열린대.”",
      "srcPage": 28,
      "srcSentenceEA": 4,
      "srcWordEA": 22,
      "character": "병사들,에드워드 국왕",
      "setting": "밖에서,궁에선",
      "action": "수군거렸어요,돌아가서",
      "feeling": null,
      "causalRelationship": null,
      "outcomeResolution": null,
      "prediction": "곧 에드워드 국왕의 대관식이 열린대.",
      "plotSummaryInfoCount": 1,
      "plotSummaryInfo": {
        "classification": "의사소통",
        "readAge": "초등_저학년",
        "form": "long-form",
        "plotSummaryText": "돌아가서 모든 걸 바로잡아야겠다고 생각하던 때 밖에서 에드워드 국왕의 대관식이 열린다는 병사들의 수군거리는 소리를 들었다.",
        "textWordEA": 15
      }
    },
    {
      "srcTextID": "24868",
      "srcText": "화가 난 에드워드는 소리쳤어요. “내가 이 나라의 왕이다! 나는 대관식에 가야 한다!”",
      "srcPage": 29,
      "srcSentenceEA": 3,
      "srcWordEA": 13,
      "character": "에드워드,왕",
      "setting": null,
      "action": "소리쳤어요",
      "feeling": "화가 난",
      "causalRelationship": null,
      "outcomeResolution": null,
      "prediction": null,
      "plotSummaryInfoCount": 1,
      "plotSummaryInfo": {
        "classification": "의사소통",
        "readAge": "초등_저학년",
        "form": "short-form",
        "plotSummaryText": "화가 난 에드워드는 자신이 이 나라의 왕이고 대관식에 가야 한다고 소리쳤다.",
        "textWordEA": 11
      }
    },
    {
      "srcTextID": "24867",
      "srcText": "그 소리를 들은 병사들이 에드워드를 끌고 나갔어요. 어린아이가 맞는 모습을 볼 수 없었던 헨든이 에드워드 대신 매를 맞았지요. 에드워드는 헨든을 잊지 않겠다고 다짐했어요. 결국 헨든이 두 사람 몫의 벌을 모두 받고 나서야 헨든과 에드워드는 감옥에서 풀려났어요.",
      "srcPage": 30,
      "srcSentenceEA": 4,
      "srcWordEA": 39,
      "character": "어린아이,헨든,병사들,에드워드",
      "setting": "감옥에서",
      "action": "들은,끌고 나갔어요,맞는,풀려났어요",
      "feeling": null,
      "causalRelationship": null,
      "outcomeResolution": "결국 헨든이 두 사람 몫의 벌을 모두 받고 나서야 헨든과 에드워드는 감옥에서 풀려났어요.",
      "prediction": null,
      "plotSummaryInfoCount": 1,
      "plotSummaryInfo": {
        "classification": "의사소통",
        "readAge": "초등_저학년",
        "form": "long-form",
        "plotSummaryText": "그 소리를 들은 병사들이 에드워드를 끌고 나갔고 어린아이가 맞는 모습을 볼 수 없었던 헨든이 에드워드 대신 매를 맞았고 결국 헨든이 두 사람 몫의 벌을 모두 받고 나서야 헨든과 에드워드는 감옥에서 풀려났다.",
        "textWordEA": 31
      }
    },
    {
      "srcTextID": "24869",
      "srcText": "마침내 대관식 날이 되었어요. 톰의 머리에 왕관을 씌우려는 순간, 에드워드가 앞으로 뛰쳐나왔어요. “멈춰라! 에드워드 왕은 바로 나다!”",
      "srcPage": 31,
      "srcSentenceEA": 3,
      "srcWordEA": 19,
      "character": "에드워드,에드워드 왕,톰,왕관,머리",
      "setting": "대관식 날,마침내",
      "action": "씌우려는,뛰쳐나왔어요,멈춰라",
      "feeling": null,
      "causalRelationship": null,
      "outcomeResolution": null,
      "prediction": "에드워드 왕은 바로 나다!",
      "plotSummaryInfoCount": 1,
      "plotSummaryInfo": {
        "classification": "의사소통",
        "readAge": "초등_저학년",
        "form": "short-form",
        "plotSummaryText": "대관식 날 톰의 머리에 왕관을 씌우려는 순간, 에드워드가 앞으로 뛰쳐나와 자신이 에드워드 왕이라고 말했다.",
        "textWordEA": 14
      }
    },
    {
      "srcTextID": "28158",
      "srcText": "사람들은 깜짝 놀랐어요. 두 사람이 무척 닮았거든요. “진짜 왕이라면 옥새가 어디 있는지 아시오?”",
      "srcPage": 33,
      "srcSentenceEA": 3,
      "srcWordEA": 14,
      "character": "두 사람,사람들,왕,옥새",
      "setting": null,
      "action": null,
      "feeling": "깜짝 놀랐어요",
      "causalRelationship": "사람들은 깜짝 놀랐어요. 두 사람이 무척 닮았거든요.",
      "outcomeResolution": null,
      "prediction": null,
      "plotSummaryInfoCount": 1,
      "plotSummaryInfo": {
        "classification": "의사소통",
        "readAge": "초등_저학년",
        "form": "short-form",
        "plotSummaryText": "사람들은 두 사람이 무척 닮아서 깜짝 놀랐고, 진짜 왕이라면 옥새가 어디 있는지 아는지 물었다.",
        "textWordEA": 14
      }
    },
    {
      "srcTextID": "28160",
      "srcText": "톰이 에드워드의 기억을 되살려 주려고 나섰어요. 에드워드는 곰곰이 생각하다가 무릎을 '탁' 쳤어요. “아! 생각났어. 벽에 세워 둔 갑옷 속에 던져 넣었어.”",
      "srcPage": 35,
      "srcSentenceEA": 5,
      "srcWordEA": 25,
      "character": "톰,에드워드,무릎",
      "setting": "벽에,갑옷 속에",
      "action": "쳤어요,던져 넣었어",
      "feeling": null,
      "causalRelationship": null,
      "outcomeResolution": "벽에 세워 둔 갑옷 속에 던져 넣었어.",
      "prediction": null,
      "plotSummaryInfoCount": 1,
      "plotSummaryInfo": {
        "classification": "의사소통",
        "readAge": "초등_저학년",
        "form": "long-form",
        "plotSummaryText": "톰이 에드워드의 기억을 되살려 주려 나섰고 벽에 세워 둔 갑옷 속에 던져 넣었던 것이 생각나 무릎을 쳤다.",
        "textWordEA": 17
      }
    },
    {
      "srcTextID": "24871",
      "srcText": "옥새를 찾은 에드워드는 진짜 국왕이 되었어요. “에드워드 국왕 폐하 만세!” 대관식은 아주 성대하게 열렸어요. 거지가 되어 온갖 어려움을 겪은 에드워드 왕은 백성들을 행복하게 살게 해 주겠다고 약속했어요. 자신을 대신해 주었던 톰에게는 큰 상을 내리고 헨든은 가장 믿고 아끼는 신하로 삼았어요.",
      "srcPage": 36,
      "srcSentenceEA": 5,
      "srcWordEA": 43,
      "character": "에드워드왕,헨든,옥새,거지,백성들,톰",
      "setting": null,
      "action": "찾은,열렸어요,내리고",
      "feeling": "행복하게",
      "causalRelationship": "거지가 되어 온갖 어려움을 겪은 에드워드 왕은 백성들을 행복하게 살게 해 주겠다고 약속했어요.",
      "outcomeResolution": null,
      "prediction": null,
      "plotSummaryInfoCount": 1,
      "plotSummaryInfo": {
        "classification": "의사소통",
        "readAge": "초등_저학년",
        "form": "long-form",
        "plotSummaryText": "옥새를 찾은 에드워드는 국왕이 되었고 거지가 되어 온갖 어려움을 겪은 에드워드 왕은 백성들을 행복하게 살게 해주겠다고 약속했으며 자신을 대신해 주었던 톰에게는 큰 상을 내리고 핸든은 가장 믿고 아끼는 신하로 삼았다.",
        "textWordEA": 30
      }
    }
  ]
}