{
  "title": "행복한 왕자",
  "author": "오스카 와일드",
  "illustrator": "장은주",
  "isbn": "8959041068",
  "publishedYear": 2004,
  "publisher": "(주)한국퍼킨스교육연구원",
  "paragraphInfoCount": 64,
  "paragraphInfo": [
    {
      "srcTextID": "44691",
      "srcText": "행복한 왕자가 부탁했지만, 제비는 이렇게 대답했습니다. “지금 친구들이 따뜻한 남쪽 나라에서 저를 기다리고 있어요. 내일 아침 일찍 일어나서 먼 곳까지 가려면 지금 잠을 자야 해요. 미안해요.”",
      "srcPage": 16,
      "srcSentenceEA": 4,
      "srcWordEA": 28,
      "character": "행복한 왕자,제비,친구들",
      "setting": "남쪽 나라,내일 아침",
      "action": "부탁했지만,대답했습니다,일어나서,가려면,잠을 자야",
      "feeling": null,
      "causalRelationship": null,
      "outcomeResolution": null,
      "prediction": null,
      "plotSummaryInfoCount": 1,
      "plotSummaryInfo": {
        "classification": "의사소통",
        "readAge": "초등_저학년",
        "form": "long-form",
        "plotSummaryText": "행복한 왕자가 부탁했지만, 제비는 지금 친구들이 따뜻한 남쪽 나라에서 저를 기다리고 있어서 내일 아침 일찍 일어나서 먼 곳까지 가려면 지금 잠을 자야한다고 대답했습니다.",
        "textWordEA": 23
      }
    },
    {
      "srcTextID": "44722",
      "srcText": "행복한 왕자에게로 돌아온 제비는 자기가 한 일을 이야기했습니다. “아, 그래? 정말 좋은 일을 했구나.” “참 이상해요. 추운 밤인데도 몸이 무척 따뜻하거든요.”",
      "srcPage": 22,
      "srcSentenceEA": 5,
      "srcWordEA": 23,
      "character": "행복한 왕자,제비,몸",
      "setting": "추운 밤",
      "action": "이야기했습니다,돌아온",
      "feeling": "따뜻하거든요",
      "causalRelationship": null,
      "outcomeResolution": null,
      "prediction": null,
      "plotSummaryInfoCount": 1,
      "plotSummaryInfo": {
        "classification": "의사소통",
        "readAge": "초등_저학년",
        "form": "long-form",
        "plotSummaryText": "제비의 이야기를 들은 행복한 왕자는 정말 좋은 일을 했다고 말해 주었고 제비는 추운 밤이었지만 이상하게도 몸이 따뜻하다고 말했습니다.",
        "textWordEA": 18
      }
    },
    {
      "srcTextID": "44721",
      "srcText": "제비의 말을 들은 행복한 왕자가 포근한 목소리로 말했습니다. “그건 네가 좋은 일을 했기 때문이란다.” 행복한 왕자의 말을 들으며 제비는 아주 편하고 즐거운 마음으로 잠이 들었습니다.",
      "srcPage": 23,
      "srcSentenceEA": 3,
      "srcWordEA": 26,
      "character": "제비,행복한 왕자",
      "setting": null,
      "action": "말했습니다,잠이 들었습니다,들으며",
      "feeling": "즐거운,포근한",
      "causalRelationship": null,
      "outcomeResolution": "행복한 왕자의 말을 들으며 제비는 아주 편하고 즐거운 마음으로 잠이 들었습니다.",
      "prediction": null,
      "plotSummaryInfoCount": 1,
      "plotSummaryInfo": {
        "classification": "의사소통",
        "readAge": "초등_저학년",
        "form": "short-form",
        "plotSummaryText": "제비의 말을 들은 행복한 왕자는 제비에게 좋은 일을 했기 때문이라고 포근한 목소리로 말했고 행복한 왕자의 말을 들은 제비는 아주 편하고 즐거운 마음으로 잠이 들었습니다.",
        "textWordEA": 24
      }
    },
    {
      "srcTextID": "44801",
      "srcText": "“이런, 금칠만 벗겨진 것이 아니라 눈과 칼자루에 박혀 있던 보석들도 없어졌네.” “저 동상은 우리 마을의 상징이야. 저렇게 흉한 모습으로 둔다는 것은 말도 안 돼.”",
      "srcPage": 54,
      "srcSentenceEA": 3,
      "srcWordEA": 25,
      "character": "눈,칼자루,보석,동상",
      "setting": "우리 마을",
      "action": "벗겨진,박혀,둔다는",
      "feeling": "흉한",
      "causalRelationship": "저 동상은 우리 마을의 상징이야. 저렇게 흉한 모습으로 둔다는 것은 말도 안 돼.",
      "outcomeResolution": null,
      "prediction": null,
      "plotSummaryInfoCount": 1,
      "plotSummaryInfo": {
        "classification": "의사소통",
        "readAge": "초등_저학년",
        "form": "short-form",
        "plotSummaryText": "금칠만 벗겨진 것이 아니라 눈과 칼자루에 박혀 있던 보석들도 없어진 동상을 보고는 저 동상은 마을의 상장이니 저렇게 흉한 모습으로 두면 안된다고 말했습니다.",
        "textWordEA": 22
      }
    },
    {
      "srcTextID": "44802",
      "srcText": "“조금 있으면 더 훌륭한 동상을 세울 것이니 치워 버리게.” 시청 직원들은 행복한 왕자 동상을 밧줄로 묶어 기둥에서 끌어 내렸습니다. 그때 죽은 제비의 몸이 행복한 왕자의 발밑에서 기둥으로 떨어졌습니다.",
      "srcPage": 57,
      "srcSentenceEA": 3,
      "srcWordEA": 30,
      "character": "동상,시청 직원들,행복한 왕자,제비",
      "setting": "발밑,기둥",
      "action": "세울 것이니,묶어,끌어 내렸습니다,떨어졌습니다",
      "feeling": "훌륭한",
      "causalRelationship": null,
      "outcomeResolution": null,
      "prediction": null,
      "plotSummaryInfoCount": 1,
      "plotSummaryInfo": {
        "classification": "의사소통",
        "readAge": "초등_저학년",
        "form": "short-form",
        "plotSummaryText": "시청 직원들은 행복한 왕자 동상을 밧줄로 묶어 기둥에서 끌어 내리자 죽은 제비의 몸이 행복한 왕자의 발밑에서 기둥으로 떨어졌습니다.",
        "textWordEA": 18
      }
    },
    {
      "srcTextID": "44819",
      "srcText": "가난한 자들을 위해 자신의 모든 것을 주고 희생하는 행복한 왕자와 제비의 모습에서 우리는 아름다움 이상의 순수하고 고귀한 감동을 느끼게 됩니다. 사실 이 작품은 발표될 무렵 물질을 최고의 가치로 치는 영국의 물질주의를 풍자한 것으로 더욱 유명합니다. 그 때문에 지금도 어린이들은 물론 어른에게까지 많은 공감을 불러일으키는 작품으로 두고두고 읽히고 있습니다. 우리나라에서는 방정환 선생이 1912년 왕자와 제비라는 제목으로 처음 번역해 소개했습니다.",
      "srcPage": 67,
      "srcSentenceEA": 4,
      "srcWordEA": 61,
      "character": "행복한 왕자,제비,어린이들,물론,작품,방정환",
      "setting": "영국,1912년",
      "action": "주고,읽히고 있습니다,번역해",
      "feeling": "아름다움,감동",
      "causalRelationship": "사실 이 작품은 발표될 무렵 물질을 최고의 가치로 치는 영국의 물질주의를 풍자한 것으로 더욱 유명합니다. 그 때문에 지금도 어린이들은 물론 어른에게까지 많은 공감을 불러일으키는 작품으로 두고두고 읽히고 있습니다.",
      "outcomeResolution": null,
      "prediction": null,
      "plotSummaryInfoCount": 1,
      "plotSummaryInfo": {
        "classification": "의사소통",
        "readAge": "초등_저학년",
        "form": "long-form",
        "plotSummaryText": "사실 이 작품은 발표될 무렵 물질을 최고의 가치로 치는 영국의 물질주의를 풍자한 것으로 더욱 유명하기 때문에 지금도 어린이들은 물론 어른에게까지 많은 공감을 불러일으키는 작품으로 두고두고 읽히고 있습니다.",
        "textWordEA": 27
      }
    },
    {
      "srcTextID": "44655",
      "srcText": "제비의 투정에 행복한 왕자가 대답했습니다. 나는 슬픔이 무언지 모를 정도로 행복하게 살았던 왕자란다. 낮에는 꽃밭에서 친구들과 함께 놀고, 밤에는 커다란 방에서 무도회를 열어 신나게 춤을 추었지.",
      "srcPage": 9,
      "srcSentenceEA": 3,
      "srcWordEA": 28,
      "character": "제비,행복한 왕자,친구들",
      "setting": "밤,낮,꽃밭,방",
      "action": "대답했습니다,놀고,춤을 추었지",
      "feeling": "신나게,슬픔",
      "causalRelationship": null,
      "outcomeResolution": null,
      "prediction": null,
      "plotSummaryInfoCount": 1,
      "plotSummaryInfo": {
        "classification": "의사소통",
        "readAge": "초등_저학년",
        "form": "short-form",
        "plotSummaryText": "제비의 투정에 행복한 왕자는 자신은 슬픔이 무언지 모를 정도로 행복하게 살았던 왕자며 낮에는 꽃밭에서 친구들과 함께 놀고, 밤에는 커다란 방에서 무도회를 열어 신나게 춤을 추었다고 대답했습니다.",
        "textWordEA": 26
      }
    },
    {
      "srcTextID": "44653",
      "srcText": "난 그렇게 살았고 죽을 때조차 행복하게 눈을 감았지. 그런데 내가 죽고 난 뒤 사람들은 나를 기억하려고 동상으로 만들어, 이렇게 높은 곳에 세워 놓았단다. 그래서 난 이 도시에서 일어나는 온갖 일들을 하나도 놓치지 않고 볼 수 있게 됐지. 그런데 사람들은 너무도 불쌍하게 살고 있더구나. 그 모습을 보고 어찌 슬프지 않을 수 있겠니?",
      "srcPage": 11,
      "srcSentenceEA": 5,
      "srcWordEA": 55,
      "character": "동상,사람",
      "setting": "도시,높은 곳에",
      "action": "감았지,만들어,세워 놓았단다,볼 수",
      "feeling": "행복하게,불쌍하게,슬프지",
      "causalRelationship": null,
      "outcomeResolution": null,
      "prediction": "그 모습을 보고 어찌 슬프지 않을 수 있겠니?",
      "plotSummaryInfoCount": 1,
      "plotSummaryInfo": {
        "classification": "의사소통",
        "readAge": "초등_저학년",
        "form": "long-form",
        "plotSummaryText": "자신이 죽고 난 뒤 사람들은 자신을 기억하려고 동상으로 만들어, 이렇게 높은 곳에 세워 놓았고 자신은 이 도시에서 일어나는 온갖 일들을 하나도 놓치지 않고 볼 수 있게 됐었지만사람들은 너무도 불쌍하게 살고 있다고 말했습니다.",
        "textWordEA": 32
      }
    },
    {
      "srcTextID": "44699",
      "srcText": "“제비야! 내 부탁을 들어줄 수 없겠니? 저 아이는 병원에 가지 않으면 위험해. 엄마가 가슴 아파하는 모습을 차마 지켜볼 수가 없구나.”",
      "srcPage": 17,
      "srcSentenceEA": 3,
      "srcWordEA": 23,
      "character": "제비,아이,엄마",
      "setting": "병원",
      "action": "가지,지켜볼",
      "feeling": null,
      "causalRelationship": null,
      "outcomeResolution": null,
      "prediction": null,
      "plotSummaryInfoCount": 1,
      "plotSummaryInfo": {
        "classification": "의사소통",
        "readAge": "초등_저학년",
        "form": "short-form",
        "plotSummaryText": "제비에게 자신의 부탁을 들어줄 수 없냐며 저 아이는 병원에 가지 않으면 위험하고 엄마가 가슴 아파하는 모습을 차마 지켜볼 수가 없다고 말했습니다.",
        "textWordEA": 21
      }
    },
    {
      "srcTextID": "44700",
      "srcText": "제비는 무척 슬픈 얼굴을 하는 행복한 왕자를 보고 가엾은 생각이 들었습니다. “여긴 추워서 오래 있기 힘들지만, 왕자님이 그렇게 부탁하시니 들어드리죠. 그러면 하룻밤 더 있어야 하겠네요.”",
      "srcPage": 18,
      "srcSentenceEA": 3,
      "srcWordEA": 26,
      "character": "제비,행복한 왕자",
      "setting": "하룻밤",
      "action": "부탁하시니,들어드리죠",
      "feeling": "행복한,가엾은,슬픈 얼굴",
      "causalRelationship": "여긴 추워서 오래 있기 힘들지만, 왕자님이 그렇게 부탁하시니 들어드리죠.",
      "outcomeResolution": null,
      "prediction": null,
      "plotSummaryInfoCount": 1,
      "plotSummaryInfo": {
        "classification": "의사소통",
        "readAge": "초등_저학년",
        "form": "short-form",
        "plotSummaryText": "제비는 무척 슬픈 얼굴을 하는 행복한 왕자를 보고 가엾은 생각이 들었고 여긴 추워서 오래 있기 힘들지만, 왕자님이 그렇게 부탁하니 하룻밤 더 있어야 겠다고 말했습니다.",
        "textWordEA": 24
      }
    },
    {
      "srcTextID": "44698",
      "srcText": "“고맙다, 작은 제비야.” 슬퍼 보이던 행복한 왕자의 얼굴에 환한 웃음꽃이 피어났습니다. 그 얼굴을 본 제비도 마음이 훈훈해지는 것 같았습니다.",
      "srcPage": 19,
      "srcSentenceEA": 3,
      "srcWordEA": 21,
      "character": "제비,행복한 왕자,얼굴",
      "setting": null,
      "action": null,
      "feeling": "환한,슬퍼 보이던",
      "causalRelationship": "슬퍼 보이던 행복한 왕자의 얼굴에 환한 웃음꽃이 피어났습니다. 그 얼굴을 본 제비도 마음이 훈훈해지는 것 같았습니다.",
      "outcomeResolution": null,
      "prediction": null,
      "plotSummaryInfoCount": 1,
      "plotSummaryInfo": {
        "classification": "의사소통",
        "readAge": "초등_저학년",
        "form": "short-form",
        "plotSummaryText": "슬퍼 보이던 행복한 왕자의 얼굴에 환한 웃음꽃이 피어났고 그 얼굴을 본 제비도 마음이 훈훈해지는 것 같았습니다.",
        "textWordEA": 16
      }
    },
    {
      "srcTextID": "44715",
      "srcText": "제비는 창문으로 날아 들어가 식탁 위에 루비를 떨어뜨렸습니다. 그리고 조용히 침대 주위를 날면서 날개로 시원한 바람을 일으켜 아이의 열을 내려 보려고 했습니다. 잠시 후 아이는 기분이 좋아진 듯 곤하게 잠이 들었습니다. 아이가 잠이 들자, 제비는 창문을 빠져나왔습니다.",
      "srcPage": 21,
      "srcSentenceEA": 4,
      "srcWordEA": 40,
      "character": "제비,창문,루비,아이",
      "setting": "식탁 위,침대 주위",
      "action": "떨어뜨렸습니다,날면서,잠이 들었습니다,빠져나왔습니다",
      "feeling": "기분이 좋아진 듯",
      "causalRelationship": null,
      "outcomeResolution": "아이가 잠이 들자, 제비는 창문을 빠져나왔습니다.",
      "prediction": null,
      "plotSummaryInfoCount": 1,
      "plotSummaryInfo": {
        "classification": "의사소통",
        "readAge": "초등_저학년",
        "form": "long-form",
        "plotSummaryText": "제비는 창문으로 날아 들어가 식탁 위에 루비를 떨어뜨렸고 조용히 침대 주위를 날면서 날개로 시원한 바람을 일으켜 아이의 열을 내려 보려고 노력했고 잠시 후 아이는 기분이 좋아진 듯 곤하게 잠이 들었습니다.",
        "textWordEA": 30
      }
    },
    {
      "srcTextID": "44744",
      "srcText": "날이 밝자 제비는 연못으로 날아가 몸을 씻었습니다. 그러자 연못을 지나던 사람이 제비를 보고 말했습니다. “정말 놀랍군. 추운 겨울이 다 되어 가는데 제비가 있다니!”",
      "srcPage": 24,
      "srcSentenceEA": 4,
      "srcWordEA": 25,
      "character": "제비,사람",
      "setting": "연못,추운 겨울,날이 밝자",
      "action": "씻었습니다,말했습니다,지나던,보고",
      "feeling": "추운,놀랍군",
      "causalRelationship": null,
      "outcomeResolution": null,
      "prediction": "추운 겨울이 다 되어 가는데 제비가 있다니!",
      "plotSummaryInfoCount": 1,
      "plotSummaryInfo": {
        "classification": "의사소통",
        "readAge": "초등_저학년",
        "form": "long-form",
        "plotSummaryText": "날이 밝자 제비는 연못으로 날아가 몸을 씻었는데 연못을 지나던 사람이 제비를 보고 추운 겨울이 다 되어 가는데 제비가 있다니라며 놀라면서 말했습니다.",
        "textWordEA": 21
      }
    },
    {
      "srcTextID": "44539",
      "srcText": "유럽의 어느 아름다운 도시에 ‘행복한 왕자’ 동상이 우뚝 서 있었습니다. 온몸이 순금으로 덮여 있고 두 눈은 반짝이는 푸른 에메랄드였지요. 그리고 허리춤에 찬 칼자루에는 커다란 루비가 박혀 있었습니다.",
      "srcPage": 1,
      "srcSentenceEA": 4,
      "srcWordEA": 30,
      "character": "왕자,순금,루비",
      "setting": "유럽,아름다운 도시",
      "action": "서 있었습니다,허리춤에 찬,덮여,박혀",
      "feeling": "반짝이는",
      "causalRelationship": null,
      "outcomeResolution": null,
      "prediction": null,
      "plotSummaryInfoCount": 1,
      "plotSummaryInfo": {
        "classification": "의사소통",
        "readAge": "초등_저학년",
        "form": "long-form",
        "plotSummaryText": "유럽의 아름다운 도시에 온몸은 순금이고 두 눈은 푸른 에메랄드이며, 루비가 박힌 칼자루를 허리춤에 찬 행복한 왕자 동상이 있었습니다.",
        "textWordEA": 18
      }
    },
    {
      "srcTextID": "44548",
      "srcText": "어느 날 작은 제비 한 마리가 행복한 왕자 동상이 있는 도시에 날아왔습니다. 친구들은 오래전에 모두 따뜻한 남쪽으로 날아가고 홀로 뒤처진 제비였습니다. “오늘 밤은 어디에 머무르면 좋을까?”",
      "srcPage": 3,
      "srcSentenceEA": 3,
      "srcWordEA": 27,
      "character": "제비,친구",
      "setting": "도시,오늘 밤,어느 날,남쪽으로,오래전",
      "action": "날아왔습니다,날아가고",
      "feeling": "따뜻한",
      "causalRelationship": null,
      "outcomeResolution": null,
      "prediction": "오늘 밤은 어디에 머무르면 좋을까?",
      "plotSummaryInfoCount": 1,
      "plotSummaryInfo": {
        "classification": "의사소통",
        "readAge": "초등_저학년",
        "form": "short-form",
        "plotSummaryText": "어느 날 친구들은 오래전에 모두 따뜻한 남쪽으로 날아가고 홀로 뒤쳐진 제비 한 마리가 행복한 왕자 동상이 있는 도시에 날아왔습니다.",
        "textWordEA": 19
      }
    },
    {
      "srcTextID": "44746",
      "srcText": "밤이 되었습니다. 밝은 달이 두둥실 떠올라 도시 전체를 비추었지요. 제비는 행복한 왕자에게 말했습니다. “저는 이제 떠날게요. 안녕히 계세요.”",
      "srcPage": 25,
      "srcSentenceEA": 5,
      "srcWordEA": 21,
      "character": "달,제비,행복한 왕자",
      "setting": "밤,도시",
      "action": "말했습니다,비추었지요,떠날게요",
      "feeling": null,
      "causalRelationship": null,
      "outcomeResolution": null,
      "prediction": null,
      "plotSummaryInfoCount": 1,
      "plotSummaryInfo": {
        "classification": "의사소통",
        "readAge": "초등_저학년",
        "form": "long-form",
        "plotSummaryText": "밤이 되었고 밝은 달이 떠올라 도시 전체를 비추었으며 제비는 행복한 왕자에게 이제 떠난다고 말했습니다.",
        "textWordEA": 14
      }
    },
    {
      "srcTextID": "44743",
      "srcText": "그러자 행복한 왕자가 말했습니다. “작은 제비야, 하룻밤만 더 있어 주지 않으련?” “친구들이 저를 기다리고 있거든요. 꼭 가야만 해요.”",
      "srcPage": 26,
      "srcSentenceEA": 4,
      "srcWordEA": 19,
      "character": "행복한 왕자,제비,친구들",
      "setting": "하룻밤",
      "action": "말했습니다,기다리고,가야만",
      "feeling": null,
      "causalRelationship": null,
      "outcomeResolution": null,
      "prediction": null,
      "plotSummaryInfoCount": 1,
      "plotSummaryInfo": {
        "classification": "의사소통",
        "readAge": "초등_저학년",
        "form": "long-form",
        "plotSummaryText": "행복한 왕자는 하룻밤만 더 있어 달라고 말했지만 제비는 친구들이 기다려서 가야 한다고 말했습니다.",
        "textWordEA": 13
      }
    },
    {
      "srcTextID": "44774",
      "srcText": "날이 밝자 제비는 행복한 왕자에게 작별 인사를 했습니다. “이제야말로 정말 떠나야겠어요. 안녕히 계세요.” 그러나 행복한 왕자는 이렇게 얘기했습니다.",
      "srcPage": 34,
      "srcSentenceEA": 4,
      "srcWordEA": 20,
      "character": "제비,행복한 왕자",
      "setting": "날이 밝자",
      "action": "떠나야겠어요,애기했습니다",
      "feeling": null,
      "causalRelationship": null,
      "outcomeResolution": null,
      "prediction": "그러나 행복한 왕자는 이렇게 얘기했습니다.",
      "plotSummaryInfoCount": 1,
      "plotSummaryInfo": {
        "classification": "의사소통",
        "readAge": "초등_저학년",
        "form": "long-form",
        "plotSummaryText": "날이 밝자 제비는 이제 정말 떠나겠다고 행복한 왕자에게 작별 인사를 했습니다.",
        "textWordEA": 11
      }
    },
    {
      "srcTextID": "44773",
      "srcText": "“작은 제비야, 하룻밤만 더 있어 다오.” 벌써 겨울이 다 됐어요. 이제 곧 눈이 내릴 거예요.",
      "srcPage": 35,
      "srcSentenceEA": 3,
      "srcWordEA": 17,
      "character": "제비,눈",
      "setting": "겨울",
      "action": "내릴 거예요",
      "feeling": null,
      "causalRelationship": null,
      "outcomeResolution": null,
      "prediction": null,
      "plotSummaryInfoCount": 1,
      "plotSummaryInfo": {
        "classification": "의사소통",
        "readAge": "초등_저학년",
        "form": "short-form",
        "plotSummaryText": "벌써 겨울이 다 되어 곧 눈이 내릴텐데 제비에게 하룻밤만 더 있어 달라고 말했습니다.",
        "textWordEA": 13
      }
    },
    {
      "srcTextID": "44775",
      "srcText": "저는 떠나야만 해요. 남쪽에서 겨울을 나야 하거든요. 친구들도 모두 그곳에 있고요.",
      "srcPage": 36,
      "srcSentenceEA": 3,
      "srcWordEA": 13,
      "character": "친구",
      "setting": "남쪽,겨울,그곳",
      "action": "떠나야만,나야",
      "feeling": null,
      "causalRelationship": null,
      "outcomeResolution": null,
      "prediction": null,
      "plotSummaryInfoCount": 1,
      "plotSummaryInfo": {
        "classification": "의사소통",
        "readAge": "초등_저학년",
        "form": "short-form",
        "plotSummaryText": "친구들이 모두 있는 남쪽에서 겨울을 나기 위해 떠나야만 한다고 말했습니다.",
        "textWordEA": 10
      }
    },
    {
      "srcTextID": "44776",
      "srcText": "하지만 왕자님을 절대 잊지 않을 거예요. 내년 봄에는 왕자님이 사람들에게 나눠 준 보석을 대신할 아주 아름다운 보석을 두 개 가져다드릴게요. 장미보다 더 붉은 루비와 바다보다 더 푸른 에메랄드를 가져오겠어요.",
      "srcPage": 37,
      "srcSentenceEA": 3,
      "srcWordEA": 31,
      "character": "왕자님,보석,장미,루비,에메랄드,사람들",
      "setting": "내년 봄",
      "action": "나눠,가져다드릴게요,가져오겠어요",
      "feeling": "아름다운",
      "causalRelationship": null,
      "outcomeResolution": null,
      "prediction": null,
      "plotSummaryInfoCount": 1,
      "plotSummaryInfo": {
        "classification": "의사소통",
        "readAge": "초등_저학년",
        "form": "short-form",
        "plotSummaryText": "내년 봄에는 왕자님이 사람들에게 나눠 준 보석을 대신할 장미보다 더 붉은 루비와 바다보다 더 푸른 에메랄드를 가져오겠다고 했습니다.",
        "textWordEA": 18
      }
    },
    {
      "srcTextID": "44786",
      "srcText": "그러나 행복한 왕자는 제비의 말을 듣지 못했는지 길을 내려다보며 말했습니다. 제비야! 저 아래쪽 길에 말이야. 어린 성냥팔이 소녀가 있단다.",
      "srcPage": 38,
      "srcSentenceEA": 4,
      "srcWordEA": 22,
      "character": "행복한 왕자,제비,성냥팔이 소녀",
      "setting": "아래쪽 길",
      "action": "말했습니다,듣지,내려다보며",
      "feeling": null,
      "causalRelationship": null,
      "outcomeResolution": null,
      "prediction": null,
      "plotSummaryInfoCount": 1,
      "plotSummaryInfo": {
        "classification": "의사소통",
        "readAge": "초등_저학년",
        "form": "long-form",
        "plotSummaryText": "행복한 왕자는 제비의 말을 듣지 못했는지 길을 내려다보며 저 아래쪽 길에 어린 성냥팔이 소녀가 있다고 말했습니다.",
        "textWordEA": 16
      }
    },
    {
      "srcTextID": "44788",
      "srcText": "그런데 성냥을 물에 빠뜨려서 전부 못 쓰게 되어 버렸어. 만약 돈을 벌어 가지 않으면 소녀는 아버지한테 혼이 날 거야. 그러니 남은 내 눈을 저 소녀에게 가져다주렴. 그러면 아버지한테 혼나지 않을 거야.",
      "srcPage": 39,
      "srcSentenceEA": 4,
      "srcWordEA": 34,
      "character": "성냥,소녀,아버지,눈",
      "setting": null,
      "action": "빠뜨려서,못 쓰게,벌어 가지,가져다주렴",
      "feeling": null,
      "causalRelationship": "만약 돈을 벌어 가지 않으면 소녀는 아버지한테 혼이 날 거야. 그러니 남은 내 눈을 저 소녀에게 가져다주렴.",
      "outcomeResolution": "그러면 아버지한테 혼나지 않을 거야.",
      "prediction": null,
      "plotSummaryInfoCount": 1,
      "plotSummaryInfo": {
        "classification": "의사소통",
        "readAge": "초등_저학년",
        "form": "long-form",
        "plotSummaryText": "소녀가 성냥을 물에 빠뜨려서 전부 못 쓰게 되어 버렸고 만약 돈을 벌어 가지 않으면 소녀는 아버지한테 혼이 날테니 남은 자신의 눈을 저 소녀에게 가져다면 아버지한테 혼나지 않을 거라고 말했습니다.",
        "textWordEA": 29
      }
    },
    {
      "srcTextID": "44790",
      "srcText": "소녀에 대한 이야기를 전해 들은 제비는 슬픈 목소리로 답했습니다. “그러면 하룻밤만 더 왕자님 곁에 남아 있기로 하죠. 하지만 왕자님 눈을 뽑을 수는 없어요.",
      "srcPage": 40,
      "srcSentenceEA": 3,
      "srcWordEA": 24,
      "character": "소녀,제비,왕자님",
      "setting": "하룻밤",
      "action": "들은,답했습니다,남아,뽑을 수는",
      "feeling": "슬픈",
      "causalRelationship": null,
      "outcomeResolution": null,
      "prediction": null,
      "plotSummaryInfoCount": 1,
      "plotSummaryInfo": {
        "classification": "의사소통",
        "readAge": "초등_저학년",
        "form": "short-form",
        "plotSummaryText": "소녀에 대한 이야기를 전해 들은 제비는 슬픈 목소리로 하룻밤만 더 왕자님 곁에 남아 있기로 하지만 왕자님 눈을 뽑을 수는 없다고 답했습니다.",
        "textWordEA": 21
      }
    },
    {
      "srcTextID": "44789",
      "srcText": "그리고 성냥팔이 소녀의 손바닥에 보석을 떨어뜨렸지요. “어머나, 예쁜 보석이네. 됐어, 이걸 팔면 아버지께 혼나지 않을 수 있어.” 소녀는 기쁜 듯 소리치면서 집으로 달려갔습니다.",
      "srcPage": 42,
      "srcSentenceEA": 4,
      "srcWordEA": 25,
      "character": "성냥팔이 소녀,아버지,손바닥,보석",
      "setting": "집",
      "action": "떨어뜨렸지요,팔면,소리치면서,달려갔습니다",
      "feeling": "기쁜,예쁜",
      "causalRelationship": null,
      "outcomeResolution": null,
      "prediction": null,
      "plotSummaryInfoCount": 1,
      "plotSummaryInfo": {
        "classification": "의사소통",
        "readAge": "초등_저학년",
        "form": "long-form",
        "plotSummaryText": "손바닥에 떨어진 보석을 발견한 성냥팔이 소녀는 보석을 팔면 아버지에게 혼나지 않을 수 있다고 말하며 집으로 달려갔습니다.",
        "textWordEA": 16
      }
    },
    {
      "srcTextID": "44792",
      "srcText": "제비는 행복한 왕자에게 돌아가서 말했습니다. “이제 왕자님은 장님이 되어 아무것도 볼 수 없게 되었네요. 할 수 없지요. 제가 곁에 있을 수밖에요.”",
      "srcPage": 43,
      "srcSentenceEA": 4,
      "srcWordEA": 23,
      "character": "제비,행복한 왕자,장님",
      "setting": null,
      "action": "말했습니다,볼 수,돌아가서",
      "feeling": null,
      "causalRelationship": "이제 왕자님은 장님이 되어 아무것도 볼 수 없게 되었네요.",
      "outcomeResolution": "제가 곁에 있을 수밖에요.",
      "prediction": null,
      "plotSummaryInfoCount": 1,
      "plotSummaryInfo": {
        "classification": "의사소통",
        "readAge": "초등_저학년",
        "form": "long-form",
        "plotSummaryText": "제비는 장님이 되어 아무것도 볼 수 없게 된 행복한 왕자의 곁에 있겠다고 말했습니다.",
        "textWordEA": 13
      }
    },
    {
      "srcTextID": "44791",
      "srcText": "“아니야, 넌 내일 남쪽으로 가야 한단다. 벌써 추워졌잖니.” “하지만 저는 아무것도 보지 못하는 불쌍한 왕자님을 두고 혼자 떠날 수 없어요.” 제비는 이렇게 말하고 행복한 왕자의 발밑에서 잠을 잤습니다.",
      "srcPage": 44,
      "srcSentenceEA": 4,
      "srcWordEA": 30,
      "character": "왕자,제비",
      "setting": "내일,남쪽,발밑",
      "action": "가야,보지,두고,떠날 수,말하고,잠을 잤습니다",
      "feeling": "불쌍한",
      "causalRelationship": null,
      "outcomeResolution": null,
      "prediction": null,
      "plotSummaryInfoCount": 1,
      "plotSummaryInfo": {
        "classification": "의사소통",
        "readAge": "초등_저학년",
        "form": "long-form",
        "plotSummaryText": "날씨가 추워졌으니 남쪽으로 가라고 했지만 불쌍한 왕자를 두고 갈 수 없던 제비는 왕자의 발 밑에서 잠을 잤습니다.",
        "textWordEA": 17
      }
    },
    {
      "srcTextID": "44793",
      "srcText": "다음 날부터 제비는 하루 종일 행복한 왕자의 어깨 위에 앉아서 그동안 날아다니며 보고 들었던 먼 나라 얘기를 들려주었습니다. “귀여운 작은 제비야, 너는 정말 신기하고 재미있는 이야기를 많이 알고 있구나. 하지만 제비야, 이제는 아무것도 보지 못하는 나를 위해서 이 도시에서 벌어지는 얘기를 해 주렴. 며칠을 보지 못했더니 사람들이 어떻게 사는지 궁금하구나.” 그래서 제비는 추운 날씨에도 도시 곳곳을 날아다니며 길과 골목마다, 그리고 집마다 일어나는 온갖 슬픈 일들과 불쌍한 사람들에 대한 얘기를 행복한 왕자에게 들려주었습니다.",
      "srcPage": 45,
      "srcSentenceEA": 5,
      "srcWordEA": 75,
      "character": "제비,행복한 왕자,사들",
      "setting": "다음 날,어깨 위,그동안,며칠,길,골목,집,도시",
      "action": "앉아서,날아다니며,들었던,들려주었습니다,보지",
      "feeling": "슬픈,불쌍한",
      "causalRelationship": null,
      "outcomeResolution": "그래서 제비는 추운 날씨에도 도시 곳곳을 날아다니며 길과 골목마다, 그리고 집마다 일어나는 온갖 슬픈 일들과 불쌍한 사람들에 대한 얘기를 행복한 왕자에게 들려주었습니다.",
      "prediction": null,
      "plotSummaryInfoCount": 1,
      "plotSummaryInfo": {
        "classification": "의사소통",
        "readAge": "초등_저학년",
        "form": "long-form",
        "plotSummaryText": "다음 날부터 제비는 하루 종일 행복한 왕자의 어깨 위에 앉아서 그동안 날아다니며 보고 들었던 먼 나라 얘기를 들려주었고 왕자는 며칠을 보지 못했더니 사람들이 어떻게 사는지 궁금하다고 제비에게 말했고 제비는 추운 날씨에도 도시 곳곳을 날아다니며 길과 골목마다, 그리고 집마다 일어나는 온갖 슬픈 일들과 불쌍한 사람들에 대한 얘기를 행복한 왕자에게 들려주었습니다.",
        "textWordEA": 49
      }
    },
    {
      "srcTextID": "44794",
      "srcText": "“그러면 왕자님 모습이 흉해질 텐데요.” “모습이 흉한 게 무슨 문제겠니? 사람들이 행복하면 되지.”",
      "srcPage": 47,
      "srcSentenceEA": 3,
      "srcWordEA": 14,
      "character": "왕자,사람들",
      "setting": null,
      "action": null,
      "feeling": "행복",
      "causalRelationship": null,
      "outcomeResolution": null,
      "prediction": null,
      "plotSummaryInfoCount": 1,
      "plotSummaryInfo": {
        "classification": "의사소통",
        "readAge": "초등_저학년",
        "form": "short-form",
        "plotSummaryText": "왕자는 사람들의 행복을 위해 모습이 흉해지는 것은 문제가 없다고 말했습니다.",
        "textWordEA": 10
      }
    },
    {
      "srcTextID": "44795",
      "srcText": "제비는 부리로 행복한 왕자의 몸에 덮여 있던 금을 조금씩 떼어 내 가난한 사람들에게 가져다주었습니다. 그럴 때마다 사람들의 얼굴에는 환한 웃음이 떠올랐습니다. 반대로 금칠이 벗겨진 행복한 왕자의 모습은 점점 흉해졌습니다. 날씨는 몹시 추워졌지만, 제비는 아랑곳하지 않고 열심히 금 조각을 물어 날랐습니다.",
      "srcPage": 48,
      "srcSentenceEA": 4,
      "srcWordEA": 43,
      "character": "제비,부리,행복한 왕자,금,사람들,몸",
      "setting": null,
      "action": "덮여,떼어,가져다주었습니다,벗겨진,물어 날랐습니다",
      "feeling": null,
      "causalRelationship": null,
      "outcomeResolution": "날씨는 몹시 추워졌지만, 제비는 아랑곳하지 않고 열심히 금 조각을 물어 날랐습니다.",
      "prediction": null,
      "plotSummaryInfoCount": 1,
      "plotSummaryInfo": {
        "classification": "의사소통",
        "readAge": "초등_저학년",
        "form": "long-form",
        "plotSummaryText": "제비는 부리로 행복한 왕자의 몸에 덮여 있던 금을 조금씩 떼어 내 가난한 사람들에게 가져다주었고 \n그럴 때마다 사람들의 얼굴에는 환한 웃음이 떠올랐지만 반대로 금칠이 벗겨진 행복한 왕자의 모습은 점점 흉해졌습니다.",
        "textWordEA": 29
      }
    },
    {
      "srcTextID": "44798",
      "srcText": "얼마 지나지 않아 도시에는 눈이 내렸습니다. 흰 눈으로 뒤덮인 지붕과 길은 은빛으로 아름답게 빛나고 있었습니다. 처마에는 고드름이 달렸고, 사람들은 두꺼운 외투를 입고 다녔습니다.",
      "srcPage": 49,
      "srcSentenceEA": 3,
      "srcWordEA": 25,
      "character": "눈,고드름,외투,사람들",
      "setting": "도시,지붕,길",
      "action": "니렸습니다,뒤덮인,달렸고,입고 다녔습니다",
      "feeling": "아름답게",
      "causalRelationship": null,
      "outcomeResolution": null,
      "prediction": null,
      "plotSummaryInfoCount": 1,
      "plotSummaryInfo": {
        "classification": "의사소통",
        "readAge": "초등_저학년",
        "form": "short-form",
        "plotSummaryText": "얼마 지나지 않아 도시에는 눈이 내렸고 흰 눈으로 뒤덮인 지붕과 길은 은빛으로 아름답게 빛나고 있었으며 처마에는 고드름이 달렸고, 사람들은 두꺼운 외투를 입고 다녔습니다.",
        "textWordEA": 23
      }
    },
    {
      "srcTextID": "44797",
      "srcText": "“제비야, 이제 눈이 내리는구나. 어서 남쪽으로 가거라.” “아녜요. 저는 왕자님 곁에 있을래요. 왕자님은 아무것도 보지도 못하고, 이제 금칠마저 벗겨져 누구도 쳐다보지 않으니, 제가 곁에 있어야 해요.”",
      "srcPage": 50,
      "srcSentenceEA": 4,
      "srcWordEA": 29,
      "character": "제비,눈,왕자",
      "setting": "남쪽",
      "action": "내리는구나,가거라,보지도,벗겨져,쳐다보지",
      "feeling": null,
      "causalRelationship": "왕자님은 아무것도 보지도 못하고, 이제 금칠마저 벗겨져 누구도 쳐다보지 않으니, 제가 곁에 있어야 해요.",
      "outcomeResolution": null,
      "prediction": null,
      "plotSummaryInfoCount": 1,
      "plotSummaryInfo": {
        "classification": "의사소통",
        "readAge": "초등_저학년",
        "form": "long-form",
        "plotSummaryText": "눈이 내리니 어서 남쪽으로 가라는 왕자님의 말에 제비는 왕자님은 아무것도 보지도 못하고, 이제 금칠마저 벗겨져 누구도 쳐다보지 않으니, 자신이 곁에 있어야 한다고 말했습니다.",
        "textWordEA": 23
      }
    },
    {
      "srcTextID": "44799",
      "srcText": "하지만 그날 밤 작은 제비는 결국 추위를 이기지 못하고 숨을 거두고 말았습니다. 행복한 왕자는 슬픔의 눈물을 흘렸습니다. 그러다 너무나 가슴이 아픈 나머지 납으로 만든 심장이 깨지고 말았습니다.",
      "srcPage": 51,
      "srcSentenceEA": 3,
      "srcWordEA": 29,
      "character": "제비,심장,행복한 왕자,납",
      "setting": "그날 밤",
      "action": "거두고 말았습니다,흘렸습니다,만든,깨지고",
      "feeling": "슬픔,가슴이 아픈",
      "causalRelationship": null,
      "outcomeResolution": "그러다 너무나 가슴이 아픈 나머지 납으로 만든 심장이 깨지고 말았습니다.",
      "prediction": null,
      "plotSummaryInfoCount": 1,
      "plotSummaryInfo": {
        "classification": "의사소통",
        "readAge": "초등_저학년",
        "form": "short-form",
        "plotSummaryText": "추위를 이기지 못한 작은 제비가 숨을 거두자 행복한 왕자는 너무나 가슴이 아파 납으로 만든 심장이 깨지고 말았습니다.",
        "textWordEA": 17
      }
    },
    {
      "srcTextID": "44800",
      "srcText": "“어머나! 행복한 왕자 동상이 왜 저렇게 흉하게 변했지? 금칠도 벗겨지고 말이야.” 우연히 행복한 왕자 동상을 쳐다본 여인이 말했습니다.",
      "srcPage": 52,
      "srcSentenceEA": 3,
      "srcWordEA": 21,
      "character": "행복한 왕자,동상,여인",
      "setting": null,
      "action": "말했습니다,변했지,벗겨지고,쳐다본",
      "feeling": null,
      "causalRelationship": null,
      "outcomeResolution": null,
      "prediction": null,
      "plotSummaryInfoCount": 1,
      "plotSummaryInfo": {
        "classification": "의사소통",
        "readAge": "초등_저학년",
        "form": "short-form",
        "plotSummaryText": "금칠이 벗겨진 행복한 왕자의 동상을 본 여인은 왕자가 흉하게 변했다고 말했습니다.",
        "textWordEA": 11
      }
    },
    {
      "srcTextID": "44652",
      "srcText": "“당신은 누구세요?” “나는 행복한 왕자란다.” “행복한 왕자라면서 왜 울고 있어요? 당신이 흘린 눈물 때문에 온몸이 젖었잖아요!”",
      "srcPage": 8,
      "srcSentenceEA": 4,
      "srcWordEA": 17,
      "character": "행복한 왕자,온몸",
      "setting": null,
      "action": "울고 있어요,젖었잖아요",
      "feeling": "행복한",
      "causalRelationship": "당신이 흘린 눈물 때문에 온몸이 젖었잖아요!",
      "outcomeResolution": null,
      "prediction": null,
      "plotSummaryInfoCount": 1,
      "plotSummaryInfo": {
        "classification": "의사소통",
        "readAge": "초등_저학년",
        "form": "long-form",
        "plotSummaryText": "행복한 왕자에게 행복한 왕자라면서 왜 울고 있냐고 묻고는 당신이 흘린 눈물 때문에 온몸이 젖었다고 말했습니다.",
        "textWordEA": 15
      }
    },
    {
      "srcTextID": "44690",
      "srcText": "문이 열려 있어서 항상 어떤 여인이 앉아 있는 것이 보인단다. 몹시 지쳐 보이는 얼굴을 하고 제대로 먹지 못해서 몸이 앙상하게 마른 데다가 손은 온통 바늘에 찔린 자국으로 빨갛지. 바느질하는 여인이거든.",
      "srcPage": 13,
      "srcSentenceEA": 3,
      "srcWordEA": 32,
      "character": "문,여인,얼굴,바늘,손,몸",
      "setting": null,
      "action": "보인단다,열려,앉아,먹지,찔린",
      "feeling": "지쳐 보이는",
      "causalRelationship": null,
      "outcomeResolution": null,
      "prediction": null,
      "plotSummaryInfoCount": 1,
      "plotSummaryInfo": {
        "classification": "의사소통",
        "readAge": "초등_저학년",
        "form": "short-form",
        "plotSummaryText": "몹시 지쳐보이는 얼굴로 제대로 먹지 못해서 앙상하게 마르고, 바느질을 하느라 손이 바늘 자국으로 빨간 여인이 앉아 있는 것이 보인다고 말했습니다.",
        "textWordEA": 20
      }
    },
    {
      "srcTextID": "44689",
      "srcText": "그 집 한쪽에 있는 침대에는 조그만 사내아이가 누워 있어. 병이 났나 봐. 하지만 엄마는 돈이 없어서 아이를 병원으로 데려갈 수도 없어. “저런, 불쌍해라!”",
      "srcPage": 14,
      "srcSentenceEA": 4,
      "srcWordEA": 25,
      "character": "사내아이,엄마,돈",
      "setting": "집,침대,병원",
      "action": "누워 있어,데려갈",
      "feeling": "불쌍해라",
      "causalRelationship": null,
      "outcomeResolution": "하지만 엄마는 돈이 없어서 아이를 병원으로 데려갈 수도 없어.",
      "prediction": null,
      "plotSummaryInfoCount": 1,
      "plotSummaryInfo": {
        "classification": "의사소통",
        "readAge": "초등_저학년",
        "form": "long-form",
        "plotSummaryText": "그 집 한쪽에 있는 침대에는 조그만 사내아이가 병이나 누워있지만 엄마는 돈이 없어서 아이를 병원으로 데려갈 없다고 말했습니다.",
        "textWordEA": 17
      }
    },
    {
      "srcTextID": "44716",
      "srcText": "제비는 행복한 왕자의 칼자루에 박힌 붉은 루비를 뽑아 부리로 물고 지붕 위를 날아 골목에 있는 작은 집으로 갔습니다. 집에 도착한 제비는 안을 들여다보았습니다. 아이가 괴로워하며 침대 위에서 신음하고 있는데도, 엄마는 너무 피곤했는지 의자에 앉은 채로 잠들어 있었습니다.",
      "srcPage": 20,
      "srcSentenceEA": 3,
      "srcWordEA": 39,
      "character": "제비,행복한 왕자,칼자루,루비,엄마",
      "setting": "지붕 위,작은 집,침대 위,골목",
      "action": "물고,갔습니다,들여다보았습니다,잠들어 있었습니다",
      "feeling": "괴로워하며,피곤했는지",
      "causalRelationship": "아이가 괴로워하며 침대 위에서 신음하고 있는데도, 엄마는 너무 피곤했는지 의자에 앉은 채로 잠들어 있었습니다.",
      "outcomeResolution": null,
      "prediction": null,
      "plotSummaryInfoCount": 1,
      "plotSummaryInfo": {
        "classification": "의사소통",
        "readAge": "초등_저학년",
        "form": "short-form",
        "plotSummaryText": "제비는 행복한 왕자의 칼자루에 박힌 붉은 루비를 뽑아 부리로 물고 지붕 위를 날아 골목에 있는 작은 집으로 갔고 집에 도착한 제비는 안을 들여다보았는데 아이가 괴로워하며 침대 위에서 신음하고 있는데도, 엄마는 너무 피곤했는지 의자에 앉은 채로 잠들어 있었습니다.",
        "textWordEA": 37
      }
    },
    {
      "srcTextID": "44747",
      "srcText": "제비야, 저 멀리 지붕 밑 다락방에 젊은 청년이 보인단다. 청년은 부탁받은 글을 써야 하는데, 너무 춥고 배가 고파서 그럴 수가 없단다. 먹을 것도 없고 난롯불도 꺼졌거든.",
      "srcPage": 27,
      "srcSentenceEA": 3,
      "srcWordEA": 28,
      "character": "제비,청년,난롯불",
      "setting": "다락방",
      "action": "보인단다,써야 하는데,꺼졌거든",
      "feeling": null,
      "causalRelationship": "청년은 부탁받은 글을 써야 하는데, 너무 춥고 배가 고파서 그럴 수가 없단다. 먹을 것도 없고 난롯불도 꺼졌거든.",
      "outcomeResolution": null,
      "prediction": null,
      "plotSummaryInfoCount": 1,
      "plotSummaryInfo": {
        "classification": "의사소통",
        "readAge": "초등_저학년",
        "form": "short-form",
        "plotSummaryText": "지붕 밑 다락방의 젊은 청년이 먹을 것도 없고 난롯불도 꺼져서 부탁받은 글을 쓰지 못하고 있다고 제비에게 말했습니다.",
        "textWordEA": 17
      }
    },
    {
      "srcTextID": "44745",
      "srcText": "미안하지만 한 번 더 심부름해 주지 않으련? \"정 그렇다면 제가 하룻밤만 더 여기 있기로 하지요.” 마음씨 고운 제비는 행복한 왕자의 말에 또 한 번 부탁을 들어주기로 했습니다.",
      "srcPage": 28,
      "srcSentenceEA": 3,
      "srcWordEA": 28,
      "character": "제비,행복한 왕자",
      "setting": "하룻밤",
      "action": "심부름해,부탁을 들어주기로",
      "feeling": null,
      "causalRelationship": null,
      "outcomeResolution": "마음씨 고운 제비는 행복한 왕자의 말에 또 한 번 부탁을 들어주기로 했습니다.",
      "prediction": null,
      "plotSummaryInfoCount": 1,
      "plotSummaryInfo": {
        "classification": "의사소통",
        "readAge": "초등_저학년",
        "form": "short-form",
        "plotSummaryText": "마음씨 고운 제비는 행복한 왕자가 미안하지만 한 번 더 심부름을 해 달라는 말에 또 한 번 부탁을 들어 하룻밤만 더 있기로 했습니다.",
        "textWordEA": 22
      }
    },
    {
      "srcTextID": "44754",
      "srcText": "“그러면 루비를 가져다줄까요?” “안타깝게도 이제 루비는 없단다. 내 눈이 에메랄드로 되어 있으니까 하나를 뽑아서 청년에게 가져다주렴. 이걸 팔면 먹을 것과 땔감을 살 수 있을 테니까 말이야.”",
      "srcPage": 29,
      "srcSentenceEA": 4,
      "srcWordEA": 28,
      "character": "루비,눈,에메랄드,땔감",
      "setting": null,
      "action": "가져다줄까요,뽑아서,가져다주렴,살 수,팔면",
      "feeling": "안타깝게도",
      "causalRelationship": "내 눈이 에메랄드로 되어 있으니까 하나를 뽑아서 청년에게 가져다주렴. 이걸 팔면 먹을 것과 땔감을 살 수 있을 테니까 말이야.",
      "outcomeResolution": null,
      "prediction": null,
      "plotSummaryInfoCount": 1,
      "plotSummaryInfo": {
        "classification": "의사소통",
        "readAge": "초등_저학년",
        "form": "long-form",
        "plotSummaryText": "이번에는 에메랄드로 된 눈 하나를 뽑아서 청년이 땔감과 음식을 살 수 있도록 가져다 줄 것을 부탁했습니다.",
        "textWordEA": 16
      }
    },
    {
      "srcTextID": "44755",
      "srcText": "“왕자님, 그런 일은 도저히 할 수 없어요.” 제비는 눈물을 흘리며 말했습니다. “제비야, 작은 제비야. 제발 내가 말한 대로 해 주렴. 눈은 하나만 있어도 볼 수 있으니까 괜찮아.”",
      "srcPage": 30,
      "srcSentenceEA": 5,
      "srcWordEA": 30,
      "character": "왕자,제비,눈",
      "setting": null,
      "action": "말했습니다,말한,볼 수",
      "feeling": null,
      "causalRelationship": null,
      "outcomeResolution": null,
      "prediction": null,
      "plotSummaryInfoCount": 1,
      "plotSummaryInfo": {
        "classification": "의사소통",
        "readAge": "초등_저학년",
        "form": "long-form",
        "plotSummaryText": "제비가 그런 일은 할 수 없다고 눈물을 흘리며 말했지만, 왕자는 눈은 하나만 있어도 볼 수 있어서 괜찮다고 말했습니다.",
        "textWordEA": 18
      }
    },
    {
      "srcTextID": "44758",
      "srcText": "행복한 왕자의 간절한 부탁에 제비는 할 수 없이 파랗게 빛나는 눈을 하나 뽑아냈습니다. 그리고 파란 에메랄드를 물고 젊은이가 살고 있는 지붕 밑 다락방으로 날아갔습니다. 다락방 안에서 머리를 감싸고 고민하는 청년의 모습이 보였습니다.",
      "srcPage": 31,
      "srcSentenceEA": 3,
      "srcWordEA": 34,
      "character": "행복한 왕자,제비,눈,에메랄드",
      "setting": "지붕 밑 다락방",
      "action": "뽑아냈습니다,물고,날아갔습니다,감싸고,보였습니다",
      "feeling": null,
      "causalRelationship": null,
      "outcomeResolution": "파랗게 빛나는 눈을 하나 뽑아냈습니다",
      "prediction": null,
      "plotSummaryInfoCount": 1,
      "plotSummaryInfo": {
        "classification": "의사소통",
        "readAge": "초등_저학년",
        "form": "short-form",
        "plotSummaryText": "행복한 왕자의 간절한 부탁에 제비는 할 수 없이 파랗게 빛나는 눈을 하나 뽑았고  파란 에메랄드를 물고 젊은이가 살고 있는 지붕 밑 다락방으로 날아갔습니다.",
        "textWordEA": 24
      }
    },
    {
      "srcTextID": "44757",
      "srcText": "제비는 살짝 창문으로 날아 들어가 청년의 책상에 파란 에메랄드를 놓고 빠져나왔습니다. 문득 책상 위에 있는 반짝이는 에메랄드를 발견한 청년은 기쁨에 소리쳤지요. 아니, 이게 웬 보석이지? 아하, 아마도 내 작품을 좋아하는 누군가가 몰래 가져다 놓은 모양이군.",
      "srcPage": 32,
      "srcSentenceEA": 4,
      "srcWordEA": 38,
      "character": "제비,에메랄드,보석,창문,청년",
      "setting": "책상 위",
      "action": "날아 들어가,놓고 빠져나왔습니다,소리쳤지요,가져다 놓은",
      "feeling": "기쁨,좋아하는",
      "causalRelationship": null,
      "outcomeResolution": null,
      "prediction": null,
      "plotSummaryInfoCount": 1,
      "plotSummaryInfo": {
        "classification": "의사소통",
        "readAge": "초등_저학년",
        "form": "long-form",
        "plotSummaryText": "제비는 살짝 창문으로 날아 들어가 청년의 책상에 파란 에메랄드를 놓고 빠져나왔고 책상 위에 있는 반짝이는 에메랄드를 발견한 청년은 기쁨에 소리쳤습니다.",
        "textWordEA": 20
      }
    },
    {
      "srcTextID": "44756",
      "srcText": "이 보석을 팔면 먹을 것과 땔감을 살 수 있겠어. 이제 밥을 먹고 몸을 녹이면 기운을 차려 글을 쓸 수 있을 거야. 청년은 서둘러 외투를 걸치고 나갔습니다. 보석상에게 보석을 팔기 위해서지요.",
      "srcPage": 33,
      "srcSentenceEA": 4,
      "srcWordEA": 33,
      "character": "보석,청년,땔감,밥,몸,외투,보석상",
      "setting": null,
      "action": "팔면,살 수,먹고,쓸 수 있을,걸치고 나갔습니다",
      "feeling": null,
      "causalRelationship": "청년은 서둘러 외투를 걸치고 나갔습니다. 보석상에게 보석을 팔기 위해서지요.",
      "outcomeResolution": null,
      "prediction": null,
      "plotSummaryInfoCount": 1,
      "plotSummaryInfo": {
        "classification": "의사소통",
        "readAge": "초등_저학년",
        "form": "long-form",
        "plotSummaryText": "청년은 보석을 팔아 먹을 것과 땔감을 사서 밥을 먹고 몸을 녹이면 기운을 차려 글을 쓸 수 있다고 생각하고는 서둘러 외투를 걸치고 보석상에게 보석을 팔기 위해 나갔습니다.",
        "textWordEA": 26
      }
    },
    {
      "srcTextID": "44787",
      "srcText": "그러면 왕자님은 장님이 되어, 아무것도 볼 수 없잖아요. “작은 제비야, 제발 부탁이야. 내가 말한 대로 해 주렴.” 제비는 할 수 없이 행복한 왕자의 남은 눈을 뽑아 물고 날아갔습니다.",
      "srcPage": 41,
      "srcSentenceEA": 4,
      "srcWordEA": 30,
      "character": "왕자,제비,장님",
      "setting": null,
      "action": "볼 수,말한,뽑아,물고 날아갔습니다",
      "feeling": null,
      "causalRelationship": null,
      "outcomeResolution": "제비는 할 수 없이 행복한 왕자의 남은 눈을 뽑아 물고 날아갔습니다.",
      "prediction": null,
      "plotSummaryInfoCount": 1,
      "plotSummaryInfo": {
        "classification": "의사소통",
        "readAge": "초등_저학년",
        "form": "long-form",
        "plotSummaryText": "행복한 왕자의 거듭되는 부탁에 제비는 할 수 없이 남은 눈을 뽑아 물고 날아갔습니다.",
        "textWordEA": 13
      }
    },
    {
      "srcTextID": "44796",
      "srcText": "제비의 이야기에 귀를 기울이던 행복한 왕자는 말했습니다. “작은 제비야, 내 몸은 금으로 덮여 있단다. 금을 조금씩 벗겨서 가난한 사람들에게 나눠 주렴. 사람들은 금만 있으면 행복해질 수 있다고 생각하니까 말이야.”",
      "srcPage": 46,
      "srcSentenceEA": 4,
      "srcWordEA": 31,
      "character": "제비,행복한 왕자,금,사람들",
      "setting": null,
      "action": "말했습니다,벗겨서,나눠,덮여",
      "feeling": "행복해질",
      "causalRelationship": "사람들은 금만 있으면 행복해질 수 있다고 생각하니까 말이야.",
      "outcomeResolution": null,
      "prediction": null,
      "plotSummaryInfoCount": 1,
      "plotSummaryInfo": {
        "classification": "의사소통",
        "readAge": "초등_저학년",
        "form": "long-form",
        "plotSummaryText": "제비의 이야기를 들은 행복한 왕자는 자신의 몸에 덮여 있는 금을 조금씩 벗겨서 가난한 사람들에게 나누어 주라고 말했습니다.",
        "textWordEA": 17
      }
    },
    {
      "srcTextID": "44803",
      "srcText": "그 여인은 제비가 물어다 준 금 조각을 받았지만, 그것이 행복한 왕자의 몸을 덮고 있던 금이라고는 꿈에도 생각하지 못했습니다. 곧 사람들이 몰려들었고 저마다 의견을 이야기했습니다. 그 가운데는 시장도 있었지요.",
      "srcPage": 53,
      "srcSentenceEA": 3,
      "srcWordEA": 30,
      "character": "여인,제비,행복한 왕자,금,사람들,시장",
      "setting": null,
      "action": "이야기했습니다,몰려들었고,받았지만,덮고",
      "feeling": null,
      "causalRelationship": null,
      "outcomeResolution": null,
      "prediction": "곧 사람들이 몰려들었고 저마다 의견을 이야기했습니다.",
      "plotSummaryInfoCount": 1,
      "plotSummaryInfo": {
        "classification": "의사소통",
        "readAge": "초등_저학년",
        "form": "short-form",
        "plotSummaryText": "여인은 제비가 물어다 준 금 조각을 받았지만, 그것이 행복한 왕자의 몸을 덮고 있던 금이라고는 꿈에도 생각하지 못했으며 곧 사람들이 몰려들었고 저마다 의견을 이야기했습니다.",
        "textWordEA": 23
      }
    },
    {
      "srcTextID": "44805",
      "srcText": "사람들의 이야기를 들은 시장이 나서서 말했습니다. “여러분의 말이 맞습니다. 저 동상보다 더 훌륭한 동상을 만들어 세우겠습니다.”",
      "srcPage": 55,
      "srcSentenceEA": 3,
      "srcWordEA": 17,
      "character": "시장,동상,사람들",
      "setting": null,
      "action": "말했습니다,세우겠습니다,들은,만들어",
      "feeling": "훌륭한",
      "causalRelationship": null,
      "outcomeResolution": null,
      "prediction": null,
      "plotSummaryInfoCount": 1,
      "plotSummaryInfo": {
        "classification": "의사소통",
        "readAge": "초등_저학년",
        "form": "short-form",
        "plotSummaryText": "사람들의 이야기들은 시장이 사람들의 말이 맞다며 기존 동상보다 더 훌륭한 동상을 만들어 세우겠다고 말했습니다.",
        "textWordEA": 14
      }
    },
    {
      "srcTextID": "44804",
      "srcText": "그러고 나서 시장은 유명한 조각가에게 행복한 왕자 동상을 다시 만들도록 했습니다. “저 동상은 어떻게 할까요?” 아래 직원이 묻자, 시장이 말했습니다.",
      "srcPage": 56,
      "srcSentenceEA": 3,
      "srcWordEA": 21,
      "character": "시장,행복한 왕자,동상,조각가,직원",
      "setting": null,
      "action": "만들도록,묻자,말했습니다",
      "feeling": "유명한",
      "causalRelationship": null,
      "outcomeResolution": null,
      "prediction": "저 동상은 어떻게 할까요?",
      "plotSummaryInfoCount": 1,
      "plotSummaryInfo": {
        "classification": "의사소통",
        "readAge": "초등_저학년",
        "form": "short-form",
        "plotSummaryText": "시장은 유명한 조각가에게 행복한 왕자 동상을 다시 만들도록 했습니다.",
        "textWordEA": 9
      }
    },
    {
      "srcTextID": "44806",
      "srcText": "시청 직원은 행복한 왕자 동상을 시뻘건 불길이 타오르는 용광로에 넣었습니다. 행복한 왕자 동상은 금방 녹기 시작했지요. 그런데 이상하게도 납으로 만든 심장은 녹지 않았습니다. 녹지 않고 남아 있던 심장을 청소부가 발견하고 쓰레기통에 버렸습니다.",
      "srcPage": 58,
      "srcSentenceEA": 4,
      "srcWordEA": 35,
      "character": "행복한 왕자,동상,시청 직원,납,심장,청소부,쓰레기통",
      "setting": "용광로",
      "action": "넣었습니다,녹기,만든,발견하고,버렸습니다",
      "feeling": "이상하게도",
      "causalRelationship": null,
      "outcomeResolution": null,
      "prediction": null,
      "plotSummaryInfoCount": 1,
      "plotSummaryInfo": {
        "classification": "의사소통",
        "readAge": "초등_저학년",
        "form": "long-form",
        "plotSummaryText": "시청 직원은 행복한 왕자 동상을 시뻘건 불길이 타오르는 용광로에 넣었고 행복한 왕자 동상은 금방 녹기 시작했지만 납으로 만든 심장은 녹지 않았고 녹지 않고 남아 있던 심장을 청소부가 발견하고 쓰레기통에 버렸습니다.",
        "textWordEA": 30
      }
    },
    {
      "srcTextID": "44811",
      "srcText": "크리스마스가 다가오자, 하느님은 천사를 불러 말씀하셨습니다. “저 마을에서 가장 소중한 것 두 가지를 가져오너라.” 마을로 내려간 천사는 행복한 왕자를 받치고 있던 기둥 위에 있는 죽은 제비의 몸과 쓰레기통에 버려진 행복한 왕자의 납 심장을 가지고 돌아왔습니다.",
      "srcPage": 59,
      "srcSentenceEA": 3,
      "srcWordEA": 36,
      "character": "행복한 왕자,제비,심장,하느님,천사",
      "setting": "마을,크리스마스,기둥 위",
      "action": "불러 말씀하셨습니다,가져오너라,내려간,받치고,버려진,가지고 돌아왔습니다.",
      "feeling": "소중한,행복한",
      "causalRelationship": null,
      "outcomeResolution": "마을로 내려간 천사는 행복한 왕자를 받치고 있던 기둥 위에 있는 죽은 제비의 몸과 쓰레기통에 버려진 행복한 왕자의 납 심장을 가지고 돌아왔습니다.",
      "prediction": null,
      "plotSummaryInfoCount": 1,
      "plotSummaryInfo": {
        "classification": "의사소통",
        "readAge": "초등_저학년",
        "form": "short-form",
        "plotSummaryText": "하느님이 천사에게 마을에서 가장 소중한 것 두 가지를 가져오라고 말씀하시자 마을로 내려간 천사는 행복한 왕자를 받치고 있던 기둥 위에 있는 죽은 제비의 몸과 쓰레기통에 버려진 행복한 왕자의 납 심장을 가지고 돌아왔습니다.",
        "textWordEA": 31
      }
    },
    {
      "srcTextID": "44812",
      "srcText": "행복한 왕자의 깨진 심장과 죽은 제비를 본 하느님은 이렇게 말씀하셨습니다. “참으로 훌륭한 일을 했구나, 작은 제비야. 너는 따뜻하고 아름다운 천국의 정원에서 영원히 노래를 부르며 살아라. 그리고 행복한 왕자는 빛나는 도시에서 영원히 그 이름을 찬양하도록 하노라.”",
      "srcPage": 60,
      "srcSentenceEA": 4,
      "srcWordEA": 37,
      "character": "행복한 왕자,심장,제비",
      "setting": "천국의 정원,도시",
      "action": "말씀하셨습니다,노래를 부르며",
      "feeling": "훌륭한,따뜻하고 아름다운",
      "causalRelationship": null,
      "outcomeResolution": null,
      "prediction": null,
      "plotSummaryInfoCount": 1,
      "plotSummaryInfo": {
        "classification": "의사소통",
        "readAge": "초등_저학년",
        "form": "long-form",
        "plotSummaryText": "행복한 왕자의 깨진 심장과 죽은 제비를 본 하느님은 제비에게 따뜻하고 아름다운 천국의 정원에서 영원히 노래를 부르며 살라고 말씀하셨고 행복한 왕자에게는 빛나는 도시에서 영원히 그 이름을 찬양하도록 하라고 말씀하셨습니다.",
        "textWordEA": 28
      }
    },
    {
      "srcTextID": "44823",
      "srcText": "아일랜드가 낳은 천재 문인. 오스카 와일드는 아일랜드에서 태어났습니다. 아일랜드는 오랫동안 영국의 식민지였지요.",
      "srcPage": 61,
      "srcSentenceEA": 3,
      "srcWordEA": 14,
      "character": "문인,오스카 와일드",
      "setting": "아일랜드,영국의 식민지",
      "action": "태어났습니다,낳은",
      "feeling": null,
      "causalRelationship": null,
      "outcomeResolution": null,
      "prediction": null,
      "plotSummaryInfoCount": 1,
      "plotSummaryInfo": {
        "classification": "의사소통",
        "readAge": "초등_저학년",
        "form": "short-form",
        "plotSummaryText": "오스카 와일드는 영국의 식민지였던 아일랜드에서 태어났습니다.",
        "textWordEA": 6
      }
    },
    {
      "srcTextID": "44825",
      "srcText": "하지만 식민지라 해도 오스카 와일드는 유복하고 지적인 환경에서 자랐습니다. 아버지는 안과 의사이자 고고학자였고 어머니는 시인이었기 때문입니다. 이렇게 학구적이고 예술적인 분위기에서 자란 오스카 와일드는 아일랜드의 명문인 더블린대학교를 졸업한 후 영국으로 유학하여 세계적인 명문 옥스퍼드대학교에서 공부했습니다.",
      "srcPage": 62,
      "srcSentenceEA": 3,
      "srcWordEA": 36,
      "character": "오스카 와일드,아버지,어머니,의사,고고학자,시인",
      "setting": "영국,식민지,아일랜드,더블린대학교,옥스퍼드대학교",
      "action": "자랐습니다,공부를 했습니다,자란",
      "feeling": null,
      "causalRelationship": "하지만 식민지라 해도 오스카 와일드는 유복하고 지적인 환경에서 자랐습니다. 아버지는 안과 의사이자 고고학자였고 어머니는 시인이었기 때문입니다.",
      "outcomeResolution": null,
      "prediction": null,
      "plotSummaryInfoCount": 1,
      "plotSummaryInfo": {
        "classification": "의사소통",
        "readAge": "초등_저학년",
        "form": "short-form",
        "plotSummaryText": "식민지라 해도 오스카 와일드는 안과 의사이자 고고학자인 아버지와 시인인 어머니 덕분에 유복하고 지적인 환경에서 자랐고 학구적이고 예술적인 분위기에서 자란 오스카 와일드는 아일랜드의 명문인 더블린대학교를 졸업한 후 영국으로 유학하여 세계적인 명문 옥스퍼드대학교에서 공부했습니다.",
        "textWordEA": 32
      }
    },
    {
      "srcTextID": "44820",
      "srcText": "그렇지만 오스카 와일드는 학업보다 문학에 큰 흥미를 느꼈습니다. 오스카 와일드는 옥스퍼드대학교에서 공부하던 시절에 이탈리아의 라벤나라는 마을을 노래한 아름다운 시를 발표했는데 이 작품으로 젊은 문학가에게 주는 ‘뉴디기트 상’을 받았습니다. 오스카 와일드는 시뿐만 아니라 빼어난 소설과 희곡을 쓴, 아주 재능이 뛰어난 작가입니다. 불행하게도 마흔다섯 살에 생을 마친 오스카 와일드는 100여 년이 지난 지금까지도 세계적 천재 문인으로 사랑받고 있습니다.",
      "srcPage": 63,
      "srcSentenceEA": 5,
      "srcWordEA": 60,
      "character": "오스카 와일드,문학,소설,문학가,뉴디기트 상,희곡,작가",
      "setting": "옥스퍼드대학교,이탈리아,라벤나,마흔다섯 살,100여 년,지금까지도",
      "action": "공부하던,노래한,주는,쓴",
      "feeling": "아름다운,불행하게,사랑받고",
      "causalRelationship": null,
      "outcomeResolution": null,
      "prediction": null,
      "plotSummaryInfoCount": 1,
      "plotSummaryInfo": {
        "classification": "의사소통",
        "readAge": "초등_저학년",
        "form": "long-form",
        "plotSummaryText": "그렇지만 오스카 와일드는 학업보다 문학에 큰 흥미를 느꼈으며 오스카 와일드는 옥스퍼드대학교에서 공부하던 시절에 이탈리아의 라벤나라는 마을을 노래한 아름다운 시를 발표했는데 이 작품으로 젊은 문학가에게 주는 뉴디기트 상을 받았습니다.",
        "textWordEA": 28
      }
    },
    {
      "srcTextID": "44822",
      "srcText": "아름다움을 뛰어넘는 인간을 향한 순수한 사랑. 흔히 사람들은 오스카 와일드를 탐미주의의 지도자라고 부릅니다. ‘탐미주의’란 아름다운 것을 추구하는 사상을 말합니다.",
      "srcPage": 64,
      "srcSentenceEA": 4,
      "srcWordEA": 22,
      "character": "오스카 와일드,사람들",
      "setting": null,
      "action": "부릅니다",
      "feeling": "아름다움,순수한",
      "causalRelationship": null,
      "outcomeResolution": null,
      "prediction": null,
      "plotSummaryInfoCount": 1,
      "plotSummaryInfo": {
        "classification": "의사소통",
        "readAge": "초등_저학년",
        "form": "long-form",
        "plotSummaryText": "흔히 사람들은 오스카 와일드를 아름다운 것을 추구하는 것이 사상인 탐미주의의 지도자라고 부릅니다.",
        "textWordEA": 12
      }
    },
    {
      "srcTextID": "44824",
      "srcText": "오늘날에도 많은 예술가들은 인생과 예술의 관계에 대해 고민합니다. 사람들이 살아가는 데 도움을 주는 것이 예술가의 의무라고 생각하는 사람들이 있습니다. 반대로 예술은 예술 그 자체로 소중하고 아름다운 것으로 생각하는 사람들도 있습니다.",
      "srcPage": 65,
      "srcSentenceEA": 3,
      "srcWordEA": 32,
      "character": "사람들,예술가",
      "setting": "오늘날",
      "action": null,
      "feeling": "소중하고 아름다운",
      "causalRelationship": null,
      "outcomeResolution": null,
      "prediction": null,
      "plotSummaryInfoCount": 1,
      "plotSummaryInfo": {
        "classification": "의사소통",
        "readAge": "초등_저학년",
        "form": "short-form",
        "plotSummaryText": "사람들이 살아가는 데 도움을 주는 것이 예술가의 의무라고 생각하는 사람들이 있는 반면에 예술은 예술 그 자체로 소중하고 아름다운 것으로 생각하는 사람들도 있습니다.",
        "textWordEA": 22
      }
    },
    {
      "srcTextID": "44821",
      "srcText": "바로 이 사람들이 탐미주의자이지요. 오스카 와일드는 이러한 탐미주의를 처음으로 이야기했답니다. 하지만 1888년 같은 제목의 동화집에 발표한 행복한 왕자는 그런 탐미주의를 넘어 인간을 향한 순수한 사랑의 시각으로 썼습니다.",
      "srcPage": 66,
      "srcSentenceEA": 3,
      "srcWordEA": 29,
      "character": "오스카 와일드,행복한 왕자,동화집",
      "setting": "1888년",
      "action": "이야기했답니다,발표한,썼습니다",
      "feeling": "순수한",
      "causalRelationship": null,
      "outcomeResolution": "하지만 1888년 같은 제목의 동화집에 발표한 행복한 왕자는 그런 탐미주의를 넘어 인간을 향한 순수한 사랑의 시각으로 썼습니다.",
      "prediction": null,
      "plotSummaryInfoCount": 1,
      "plotSummaryInfo": {
        "classification": "의사소통",
        "readAge": "초등_저학년",
        "form": "short-form",
        "plotSummaryText": "오스카 와일드는 이러한 탐미주의를 처음으로 이야기했지만 1888년 같은 제목의 동화집에 발표한 행복한 왕자는 그런 탐미주의를 넘어 인간을 향한 순수한 사랑의 시각으로 썼습니다.",
        "textWordEA": 22
      }
    },
    {
      "srcTextID": "44549",
      "srcText": "주위를 둘러보던 제비는 높은 곳에 우뚝 서 있는 행복한 왕자 동상을 보았습니다. “여기가 좋겠다. 도시가 한눈에 내려다보이는 것이 기막히게 멋진 장소야.” 제비는 그렇게 행복한 왕자 동상의 두 발 사이에 날아와 앉았습니다. “멋지다! 오늘 밤은 황금으로 덮인 방에서 잘 수 있겠어. 푹 자고 내일 아침에는 따뜻한 남쪽으로 가야지.”",
      "srcPage": 4,
      "srcSentenceEA": 6,
      "srcWordEA": 51,
      "character": "제비,황금,동상",
      "setting": "도시,오늘 밤,남쪽",
      "action": "보았습니다,앉았습니다,내려다보이는,날아와,가야지",
      "feeling": "멋진",
      "causalRelationship": null,
      "outcomeResolution": null,
      "prediction": null,
      "plotSummaryInfoCount": 1,
      "plotSummaryInfo": {
        "classification": "의사소통",
        "readAge": "초등_저학년",
        "form": "long-form",
        "plotSummaryText": "도시가 한눈에 내려다보이는 행복한 왕자 동상의 두 발 사이에 날아와 앉은 제비는 푹 자고 내일 아침에 따뜻한 남쪽으로 가기로 했습니다.",
        "textWordEA": 20
      }
    },
    {
      "srcTextID": "44640",
      "srcText": "제비가 막 잠이 들려고 하는 순간 커다란 물방울이 제비의 등에 뚝 떨어졌습니다. “앗, 차가워! 응? 정말 이상한 일이네. 하늘엔 구름 한 조각 없고 별이 저렇게 반짝반짝 빛나는데 비가 오다니.”",
      "srcPage": 5,
      "srcSentenceEA": 5,
      "srcWordEA": 32,
      "character": "제비,물방울",
      "setting": "하늘",
      "action": "떨어졌습니다,비가 오다니",
      "feeling": "차가워",
      "causalRelationship": null,
      "outcomeResolution": null,
      "prediction": null,
      "plotSummaryInfoCount": 1,
      "plotSummaryInfo": {
        "classification": "의사소통",
        "readAge": "초등_저학년",
        "form": "long-form",
        "plotSummaryText": "하늘에는 구름도 없고 별이 빛나는데 비가 오는 것인지 잠이 들려는 제비의 등에 커다란 물방울이 뚝 떨어졌습니다.",
        "textWordEA": 16
      }
    },
    {
      "srcTextID": "44639",
      "srcText": "다른 곳으로 날아가기 위해 날개를 펴고 고개를 든 제비는 행복한 왕자의 얼굴과 마주쳤습니다. 그리고 행복한 왕자의 두 눈에 눈물이 가득 고여 있는 것을 보았습니다. 차가운 물방울은 비가 아니라 행복한 왕자가 흘린 눈물방울이었던 것입니다. 대체 행복한 왕자는 무슨 슬픈 일이 있었기에 눈물을 흘린 것일까요?",
      "srcPage": 7,
      "srcSentenceEA": 4,
      "srcWordEA": 46,
      "character": "제비,행복한 왕자,얼굴,눈물,날개",
      "setting": null,
      "action": "마주쳤습니다,보았습니다,펴고",
      "feeling": "행복한,슬픈",
      "causalRelationship": null,
      "outcomeResolution": "차가운 물방울은 비가 아니라 행복한 왕자가 흘린 눈물방울이었던 것입니다.",
      "prediction": "대체 행복한 왕자는 무슨 슬픈 일이 있었기에 눈물을 흘린 것일까요?",
      "plotSummaryInfoCount": 1,
      "plotSummaryInfo": {
        "classification": "의사소통",
        "readAge": "초등_저학년",
        "form": "long-form",
        "plotSummaryText": "다른 곳으로 날아가기 위해 날개를 펴고 고개를 든 제비는 행복한 왕자의 얼굴과 마주쳤고 행복한 왕자의 두 눈에 눈물이 가득 고여 있는 것을 보았는데 차가운 물방울은 비가 아니라 행복한 왕자가 흘린 눈물방울이었던 것입니다.",
        "textWordEA": 32
      }
    },
    {
      "srcTextID": "44688",
      "srcText": "“어떤 모습이 그렇게 슬퍼서 눈물을 흘렸나요?” 행복한 왕자는 낮은 목소리로 이야기했습니다. 저쪽 골목에 가난한 집이 있어.",
      "srcPage": 12,
      "srcSentenceEA": 3,
      "srcWordEA": 18,
      "character": "눈물,행복한 왕자",
      "setting": "저쪽 골목,집",
      "action": "이야기했습니다,흘렸나요",
      "feeling": "슬퍼서",
      "causalRelationship": null,
      "outcomeResolution": null,
      "prediction": null,
      "plotSummaryInfoCount": 1,
      "plotSummaryInfo": {
        "classification": "의사소통",
        "readAge": "초등_저학년",
        "form": "short-form",
        "plotSummaryText": "어떤 모습이 슬퍼서 눈물을 흘렸냐는 말에 행복한 왕자는 저쪽 골목의 가난한 집에 대해 이야기 했습니다.",
        "textWordEA": 15
      }
    },
    {
      "srcTextID": "44692",
      "srcText": "행복한 왕자의 이야기를 들은 제비는 눈시울이 뜨거워지는 것을 느꼈습니다. “작은 제비야! 내 칼자루에 박힌 루비를 뽑아서 저 집에 가져다줄 수 있겠니? 나는 발이 받침대에 붙어 있어서 움직일 수가 없구나.”",
      "srcPage": 15,
      "srcSentenceEA": 4,
      "srcWordEA": 31,
      "character": "행복한 왕자,제비,루비",
      "setting": "집,받침대",
      "action": "붙어 있어서,뽑아서,박힌,가져다줄,움직일",
      "feeling": "뜨거워지는",
      "causalRelationship": null,
      "outcomeResolution": null,
      "prediction": null,
      "plotSummaryInfoCount": 1,
      "plotSummaryInfo": {
        "classification": "의사소통",
        "readAge": "초등_저학년",
        "form": "long-form",
        "plotSummaryText": "발이 붙어 있어서 움직일 수 없던 행복한 왕자는 제비에게 칼자루에 박힌 루비를 뽑아 그 집에 가져다줄 수 있냐고 물었습니다.",
        "textWordEA": 19
      }
    }
  ]
}