{
  "title": "헨젤과 그레텔",
  "author": "그림형제",
  "illustrator": "정하진",
  "isbn": "9791128210600",
  "publishedYear": 2018,
  "publisher": "아람북스",
  "paragraphInfoCount": 22,
  "paragraphInfo": [
    {
      "srcTextID": "18247",
      "srcText": "조약돌을 줍지 못한 헨젤은 말라비틀어진 빵을 조금씩 떼어 떨어뜨렸어요. “저 아래서 나무를 하고 올 테니, 꼼짝 말고 있어.” 깊디깊은 숲속으로 들어오자, 새엄마는 눈을 부릅뜨며 말했어요.",
      "srcPage": 10,
      "srcSentenceEA": 3,
      "srcWordEA": 26,
      "character": "헨젤,새엄마",
      "setting": "숲속",
      "action": "떨어뜨렸어요,들어오자,말했어요",
      "feeling": null,
      "causalRelationship": null,
      "outcomeResolution": null,
      "prediction": null,
      "plotSummaryInfoCount": 1,
      "plotSummaryInfo": {
        "classification": "의사소통",
        "readAge": "초등_저학년",
        "form": "short-form",
        "plotSummaryText": "조약돌을 줍지 못한 헨젤은 빵을 조금씩 떼어 떨어뜨렸고 숲속으로 오자 새엄마는 꼼짝 말고 있으라며 눈을 부릅뜨며 말했다.",
        "textWordEA": 17
      }
    },
    {
      "srcTextID": "18235",
      "srcText": "헨젤과 그레텔의 집은 무척 가난했어요. 배가 고파 잠을 이루지 못하던 헨젤과 그레텔은 새엄마가 아빠에게 하는 말을 듣게 되었어요. “이러다 우리 모두 굶어 죽겠어요. 애들을 숲에다 버릴 수밖에 없다니까요!”",
      "srcPage": 1,
      "srcSentenceEA": 4,
      "srcWordEA": 30,
      "character": "헨젤,그레텔,새엄마,아빠,애들",
      "setting": "집,숲",
      "action": "이루지 못하던,말을 듣게,버리는",
      "feeling": null,
      "causalRelationship": null,
      "outcomeResolution": null,
      "prediction": null,
      "plotSummaryInfoCount": 1,
      "plotSummaryInfo": {
        "classification": "의사소통",
        "readAge": "초등_저학년",
        "form": "long-form",
        "plotSummaryText": "가난해서 배가 고파 잠을 이루지 못하던 헨젤과 그레텔은 애들을 숲에다 버리자는 새엄마의 말을 듣게 되었다.",
        "textWordEA": 15
      }
    },
    {
      "srcTextID": "18234",
      "srcText": "“그건 말도 안 돼요.” “그럼 다른 방법이 있으면 어디 말해 봐요.” 새엄마가 화를 내자 아빠는 더 이상 아무 말도 하지 못했어요.",
      "srcPage": 2,
      "srcSentenceEA": 3,
      "srcWordEA": 22,
      "character": "새엄마,아빠",
      "setting": null,
      "action": null,
      "feeling": "화를 내자",
      "causalRelationship": "새엄마가 화를 내자 아빠는 더 이상 아무 말도 하지 못했어요.",
      "outcomeResolution": null,
      "prediction": null,
      "plotSummaryInfoCount": 1,
      "plotSummaryInfo": {
        "classification": "의사소통",
        "readAge": "초등_저학년",
        "form": "short-form",
        "plotSummaryText": "그건 말도 안 된다는 말에 새엄마가 화를 내자 아빠는 더 이상 아무 말도 하지 못했다.",
        "textWordEA": 15
      }
    },
    {
      "srcTextID": "18233",
      "srcText": " “오빠, 어떡하면 좋아?” 그레텔이 훌쩍였어요. “울지 마, 그레텔. 나한테 좋은 생각이 있어.” 헨젤은 살금살금 밖으로 나가 조약돌을 주워 모았어요.",
      "srcPage": 3,
      "srcSentenceEA": 5,
      "srcWordEA": 22,
      "character": "그레텔,헨젤",
      "setting": "밖",
      "action": "훌쩍였어요,주워 모았어요",
      "feeling": null,
      "causalRelationship": null,
      "outcomeResolution": null,
      "prediction": null,
      "plotSummaryInfoCount": 1,
      "plotSummaryInfo": {
        "classification": "의사소통",
        "readAge": "초등_저학년",
        "form": "long-form",
        "plotSummaryText": "그레텔이 훌쩍이자 좋은 생각이 있다며, 헨젤은 밖으로 나가 조약돌을 주워 모았다.",
        "textWordEA": 11
      }
    },
    {
      "srcTextID": "18236",
      "srcText": "다음 날, 해가 뜨기도 전에 새엄마가 소리쳤어요. “어서 일어나지 못해? 이 게으름뱅이들아! 숲으로 나무를 하러 가야 한단 말이야.” 헨젤과 그레텔은 졸린 눈을 비비며, 아빠와 새엄마의 뒤를 타박타박 따라갔어요. ",
      "srcPage": 4,
      "srcSentenceEA": 5,
      "srcWordEA": 31,
      "character": "새엄마,헨젤,그레텔,아빠",
      "setting": "다음 날,숲",
      "action": "소리쳤어요,비비며,따라갔어요",
      "feeling": null,
      "causalRelationship": null,
      "outcomeResolution": null,
      "prediction": null,
      "plotSummaryInfoCount": 1,
      "plotSummaryInfo": {
        "classification": "의사소통",
        "readAge": "초등_저학년",
        "form": "long-form",
        "plotSummaryText": "다음 날, 숲으로 나무를 하러 가야 하니 일어나라고 소리치는 새엄마 말에 헨젤과 그레텔은 졸린 눈을 비비며 따라갔다.",
        "textWordEA": 17
      }
    },
    {
      "srcTextID": "18237",
      "srcText": "헨젤은 아무도 눈치채지 못하게 조약돌을 하나씩 떨어뜨리며 걸었어요. 숲속 깊은 곳에 들어서자, 새엄마가 말했어요. “우린 나무를 해 올 테니 여기서 기다리렴.” 아빠는 떠나기 전에 모닥불을 피워 주었어요.",
      "srcPage": 5,
      "srcSentenceEA": 4,
      "srcWordEA": 29,
      "character": "헨젤,새엄마,아빠",
      "setting": "숲속",
      "action": "떨어뜨리며,걸었어요,말했어요,피워 주었어요",
      "feeling": null,
      "causalRelationship": null,
      "outcomeResolution": null,
      "prediction": null,
      "plotSummaryInfoCount": 1,
      "plotSummaryInfo": {
        "classification": "의사소통",
        "readAge": "초등_저학년",
        "form": "long-form",
        "plotSummaryText": "헨젤은 조약돌을 떨어뜨리며 걸었고, 숲속 깊은 곳에 들어서자, 새엄마는 나무를 해 올 테니 기다리라고 말했고 아빠는 떠나기 전 모닥불을 피워 주었다.",
        "textWordEA": 21
      }
    },
    {
      "srcTextID": "18238",
      "srcText": "달이 등불처럼 환하게 떠오르자, 헨젤이 떨어뜨린 조약돌들이 반짝반짝 빛났어요. 아이들은 조약돌을 따라 집으로 돌아올 수 있었어요. “어디서 놀다가 지금 들어오는 거야?” 새엄마는 화를 냈지만, 아빠는 반갑게 맞아 주었어요. ",
      "srcPage": 6,
      "srcSentenceEA": 4,
      "srcWordEA": 30,
      "character": "헨젤,새엄마,아빠",
      "setting": "집",
      "action": "놀다가",
      "feeling": "화를 냈지만,반갑게",
      "causalRelationship": null,
      "outcomeResolution": null,
      "prediction": null,
      "plotSummaryInfoCount": 1,
      "plotSummaryInfo": {
        "classification": "의사소통",
        "readAge": "초등_저학년",
        "form": "long-form",
        "plotSummaryText": "달이 등불처럼 떠오르자, 헨젤이 떨어뜨린 조약돌을 따라 집으로 돌아올 수 있었는데 새엄마는 화를 냈지만, 아빠는 반갑게 맞아 주었다.",
        "textWordEA": 18
      }
    },
    {
      "srcTextID": "18241",
      "srcText": "며칠이 지난 어느 밤이었어요. “난 이렇게 굶어 죽고 싶지 않아요. 애들이 다시는 집을 찾아올 수 없게 더 깊은 숲속에 버리고 와요.”",
      "srcPage": 7,
      "srcSentenceEA": 3,
      "srcWordEA": 22,
      "character": "애들",
      "setting": "며칠이 지난 어느 밤,집,숲속",
      "action": "버리고 와요",
      "feeling": null,
      "causalRelationship": null,
      "outcomeResolution": null,
      "prediction": null,
      "plotSummaryInfoCount": 1,
      "plotSummaryInfo": {
        "classification": "의사소통",
        "readAge": "초등_저학년",
        "form": "short-form",
        "plotSummaryText": "며칠이 지난 어느 밤, 애들이 다시는 집을 찾아올 수 없게 더 깊은 숲속에 버리고 오라고 새엄마가 말했다.",
        "textWordEA": 17
      }
    },
    {
      "srcTextID": "18240",
      "srcText": "“한 번도 아니고 어떻게 두 번씩이나 버린단 말이오!” “안 그러면 살 도리가 없잖아요?” 이날도 자지 않고 깨어 있던 헨젤은 조약돌을 주우러 나가려고 했어요. 하지만 문이 굳게 잠겨 있어 그럴 수 없었어요.",
      "srcPage": 8,
      "srcSentenceEA": 4,
      "srcWordEA": 33,
      "character": "헨젤",
      "setting": null,
      "action": "버린단,주우러 나가려고,깨어 있던",
      "feeling": null,
      "causalRelationship": "하지만 문이 굳게 잠겨 있어 그럴 수 없었어요.",
      "outcomeResolution": null,
      "prediction": null,
      "plotSummaryInfoCount": 1,
      "plotSummaryInfo": {
        "classification": "의사소통",
        "readAge": "초등_저학년",
        "form": "long-form",
        "plotSummaryText": "이날도 자지 않고 깨어 있던 헨젤은 조약돌을 주우러 나가려고 했지만, 문이 굳게 잠겨 있어 그럴 수 없었다.",
        "textWordEA": 17
      }
    },
    {
      "srcTextID": "18246",
      "srcText": "날이 밝으려면 아직 멀었는데, 새엄마는 아이들을 흔들어 깨웠어요. “이 게으름뱅이들아, 어서 일어나!” 새엄마는 아이들을 닦달해 집을 나섰어요. ",
      "srcPage": 9,
      "srcSentenceEA": 3,
      "srcWordEA": 18,
      "character": "새엄마,아이들",
      "setting": "집",
      "action": "깨웠어요,일어나,나섰어요",
      "feeling": null,
      "causalRelationship": null,
      "outcomeResolution": null,
      "prediction": null,
      "plotSummaryInfoCount": 1,
      "plotSummaryInfo": {
        "classification": "의사소통",
        "readAge": "초등_저학년",
        "form": "short-form",
        "plotSummaryText": "새엄마는 게으름뱅이들아, 어서 일어나 하며 아이들을 흔들어 깨워 집을 나섰다.",
        "textWordEA": 10
      }
    },
    {
      "srcTextID": "18249",
      "srcText": "날이 어두워졌지만, 아빠와 새엄마는 돌아오지 않았어요. 헨젤과 그레텔은 낮에 떨어뜨린 빵 조각을 찾아 나섰어요. “없어졌어! 새들이 다 먹어 버렸나 봐.” 길을 잃은 헨젤과 그레텔은 무작정 숲길을 걸었어요.",
      "srcPage": 12,
      "srcSentenceEA": 4,
      "srcWordEA": 30,
      "character": "아빠,새엄마,헨젤,그레텔,새",
      "setting": "숲길",
      "action": "돌아오지,찾아 나섰어요,먹어,걸었어요",
      "feeling": null,
      "causalRelationship": null,
      "outcomeResolution": null,
      "prediction": null,
      "plotSummaryInfoCount": 1,
      "plotSummaryInfo": {
        "classification": "의사소통",
        "readAge": "초등_저학년",
        "form": "long-form",
        "plotSummaryText": "헨젤과 그레텔은 낮에 떨어뜨린 빵 조각을 찾아 나섰지만, 새들이 다 먹어 버렸는지 빵 조각은 없어졌고, 길을 잃은 헨젤과 그레텔은 무작정 숲길을 걸었다.",
        "textWordEA": 22
      }
    },
    {
      "srcTextID": "18259",
      "srcText": "그레텔이 물을 길어 오자 마귀할멈이 말했어요. “얘야, 화덕이 잘 달구어졌는지 들여다봐라.” 마귀할멈의 속셈을 눈치챈 그레텔이 둘러댔어요. “어떻게 보는 건지 잘 모르겠어요.”",
      "srcPage": 19,
      "srcSentenceEA": 4,
      "srcWordEA": 22,
      "character": "그레텔,마귀할멈",
      "setting": "화덕",
      "action": "말했어요,들여다봐라,둘러댔어요",
      "feeling": null,
      "causalRelationship": null,
      "outcomeResolution": null,
      "prediction": null,
      "plotSummaryInfoCount": 1,
      "plotSummaryInfo": {
        "classification": "의사소통",
        "readAge": "초등_저학년",
        "form": "long-form",
        "plotSummaryText": "마귀할멈이 화덕이 잘 달구어졌는지 들여다보라고 말하자, 마귀할멈의 속셈을 눈치챈 그레텔이 둘러댔다.",
        "textWordEA": 11
      }
    },
    {
      "srcTextID": "18253",
      "srcText": "할머니는 아이들에게 맛난 음식을 잔뜩 차려 주고, 푹신한 침대도 내주었어요. 허겁지겁 음식을 먹은 헨젤과 그레텔은 침대에 눕자마자 깊은 잠에 빠져들었어요. 할머니는 잠든 아이들을 보며 입맛을 다셨어요.",
      "srcPage": 15,
      "srcSentenceEA": 3,
      "srcWordEA": 28,
      "character": "아이들,헨젤,그레텔,할머니",
      "setting": null,
      "action": "차려 주고,잠에 빠져들었어요,입맛을 다셨어요",
      "feeling": null,
      "causalRelationship": null,
      "outcomeResolution": null,
      "prediction": null,
      "plotSummaryInfoCount": 1,
      "plotSummaryInfo": {
        "classification": "의사소통",
        "readAge": "초등_저학년",
        "form": "short-form",
        "plotSummaryText": "허겁지겁 음식을 먹은 헨젤과 그레텔은 침대에 눕자마자 깊은 잠에 빠져들었는데 할머니는 잠든 아이들을 보며 입맛을 다셨다.",
        "textWordEA": 16
      }
    },
    {
      "srcTextID": "18248",
      "srcText": "“오빠, 배고프고, 다리도 아파.” 며칠이나 숲속을 헤맨 아이들은 금방이라도 쓰러질 것 같았어요. 그때 하얀 새가 나타나 삐롱 삐로롱 노래를 불렀어요. “그레텔, 우리 저 새를 따라가자.” ",
      "srcPage": 11,
      "srcSentenceEA": 4,
      "srcWordEA": 27,
      "character": "오빠,아이들,하얀 새,그레텔",
      "setting": "며칠,숲속",
      "action": "불렀어요,쓰러질 것,따라가자",
      "feeling": null,
      "causalRelationship": null,
      "outcomeResolution": null,
      "prediction": null,
      "plotSummaryInfoCount": 1,
      "plotSummaryInfo": {
        "classification": "의사소통",
        "readAge": "초등_저학년",
        "form": "long-form",
        "plotSummaryText": "숲속을 헤맨 아이들은 금방이라도 쓰러질 것 같았는데, 그때 노래를 부르는 하얀 새가 나타나자, 헨젤은 그레텔에게 저 새를 따라가자고 말했다.",
        "textWordEA": 19
      }
    },
    {
      "srcTextID": "18250",
      "srcText": "“우아, 세상에! 초콜릿과 과자, 사탕까지!” 보기만 해도 군침이 도는 과자 집이 있었어요. 헨젤과 그레텔은 정신없이 달려들어 과자로 만든 집을 뜯어 먹었어요.",
      "srcPage": 13,
      "srcSentenceEA": 4,
      "srcWordEA": 24,
      "character": "초콜릿,과자,사탕,헨젤,그레텔",
      "setting": "과자 집,과자로 만든 집",
      "action": "달려들어,뜯어 먹었어요",
      "feeling": null,
      "causalRelationship": null,
      "outcomeResolution": null,
      "prediction": null,
      "plotSummaryInfoCount": 1,
      "plotSummaryInfo": {
        "classification": "의사소통",
        "readAge": "초등_저학년",
        "form": "long-form",
        "plotSummaryText": "군침이 도는 과자 집이 있어서 헨젤과 그레텔은 정신없이 달려들어 과자로 만든 집을 뜯어 먹었다.",
        "textWordEA": 14
      }
    },
    {
      "srcTextID": "18251",
      "srcText": "그런데 갑자기 문이 벌컥 열리더니 빨간 눈의 할머니가 나왔어요. “귀여운 꼬마들이로구나. 안에는 먹을 게 더 많단다. 어서들 들어가자.” “마음껏 먹고 편히 쉬려무나.”",
      "srcPage": 14,
      "srcSentenceEA": 5,
      "srcWordEA": 24,
      "character": "할머니,꼬마들,빨간 눈,문",
      "setting": null,
      "action": "나왔어요,들어가자,먹고",
      "feeling": null,
      "causalRelationship": null,
      "outcomeResolution": null,
      "prediction": null,
      "plotSummaryInfoCount": 1,
      "plotSummaryInfo": {
        "classification": "의사소통",
        "readAge": "초등_저학년",
        "form": "long-form",
        "plotSummaryText": "갑자기 문이 열리더니 빨간 눈의 할머니가 나와서, 안에는 먹을 게 더 많다며 마음껏 먹고 쉬라고 했다.",
        "textWordEA": 16
      }
    },
    {
      "srcTextID": "18252",
      "srcText": " “흐흠, 요놈을 먼저 먹을까? 저놈을 먼저 먹을까?” 사실 할머니는 과자 집을 지어 놓고 아이들을 꾀어 잡아먹는 마귀할멈이었어요. 마귀할멈은 냄새는 귀신같이 잘 맡았지만, 눈은 무척 나빴지요.",
      "srcPage": 16,
      "srcSentenceEA": 4,
      "srcWordEA": 28,
      "character": "할머니,아이,마귀할멈,눈",
      "setting": "과자 집",
      "action": null,
      "feeling": null,
      "causalRelationship": null,
      "outcomeResolution": null,
      "prediction": "마귀할멈은 냄새는 귀신같이 잘 맡았지만, 눈은 무척 나빴지요",
      "plotSummaryInfoCount": 1,
      "plotSummaryInfo": {
        "classification": "의사소통",
        "readAge": "초등_저학년",
        "form": "long-form",
        "plotSummaryText": "사실 할머니는 과자 집으로 아이들을 꾀어 잡아먹는 마귀할멈인데, 냄새는 귀신같이 잘 맡았지만, 눈은 무척 나빴다.",
        "textWordEA": 15
      }
    },
    {
      "srcTextID": "18254",
      "srcText": "아침이 되자 마귀할멈은 헨젤을 따로 가둔 뒤 큰 소리로 그레텔을 깨웠어요. “어서 일어나! 저 녀석한테 먹일 음식을 만들어라. 저렇게 말라서야 어디 먹을 게 있나? 이왕이면 통통하게 살을 찌워서 잡아먹어야지.” 그레텔은 무서워서 엉엉 울었지만, 마귀할멈의 말을 따를 수밖에 없었어요.",
      "srcPage": 17,
      "srcSentenceEA": 6,
      "srcWordEA": 42,
      "character": "마귀할멈,헨젤,그레텔",
      "setting": "아침",
      "action": "가둔,만들어라,깨웠어요,울었지만",
      "feeling": "무서워서",
      "causalRelationship": null,
      "outcomeResolution": null,
      "prediction": null,
      "plotSummaryInfoCount": 1,
      "plotSummaryInfo": {
        "classification": "의사소통",
        "readAge": "초등_저학년",
        "form": "long-form",
        "plotSummaryText": "아침이 되자 마귀할멈은 헨젤을 따로 가둔 뒤 그레텔을 깨워 헨젤에게 먹일 음식을 만들라고 시켰고, 그레텔은 무서워서 엉엉 울었지만, 마귀할멈의 말을 따를 수밖에 없었다.",
        "textWordEA": 23
      }
    },
    {
      "srcTextID": "18256",
      "srcText": "마귀할멈은 아침마다 헨젤에게 말했어요. “손가락을 내밀어 보렴. 얼마나 통통해졌는지 보게.” 그럴 때마다 헨젤은 먹고 남은 뼈다귀를 내밀어 눈이 나쁜 마귀할멈을 속였어요.",
      "srcPage": 18,
      "srcSentenceEA": 4,
      "srcWordEA": 23,
      "character": "마귀할멈,헨젤,손가락,뼈다귀,눈",
      "setting": "아침마다",
      "action": "말했어요,내밀어",
      "feeling": null,
      "causalRelationship": null,
      "outcomeResolution": null,
      "prediction": null,
      "plotSummaryInfoCount": 1,
      "plotSummaryInfo": {
        "classification": "의사소통",
        "readAge": "초등_저학년",
        "form": "long-form",
        "plotSummaryText": "마귀할멈은 아침마다 헨젤에게 손가락을 내밀어 보라고 말했는데, 헨젤은 뼈다귀를 내밀어 눈이 나쁜 마귀할멈을 속였다.",
        "textWordEA": 14
      }
    },
    {
      "srcTextID": "18257",
      "srcText": " “멍청한 것, 그것도 몰라? 이렇게 하라고!” 마귀할멈은 화덕 안으로 고개를 쑥 집어넣었어요.  그때 그레텔은 있는 힘껏 마귀할멈을 밀어 넣었어요. ",
      "srcPage": 20,
      "srcSentenceEA": 4,
      "srcWordEA": 23,
      "character": "마귀할멈,그레텔",
      "setting": "화덕 안",
      "action": "집어넣었어요,밀어 넣었어요",
      "feeling": null,
      "causalRelationship": null,
      "outcomeResolution": null,
      "prediction": null,
      "plotSummaryInfoCount": 1,
      "plotSummaryInfo": {
        "classification": "의사소통",
        "readAge": "초등_저학년",
        "form": "long-form",
        "plotSummaryText": "마귀할멈은 화덕 안으로 고개를 쑥 집어넣었는데, 그때 그레텔은 있는 힘껏 마귀할멈을 밀어 넣었다.",
        "textWordEA": 13
      }
    },
    {
      "srcTextID": "18258",
      "srcText": "그레텔은 곧장 헨젤에게 달려갔어요. “오빠, 집에 가자. 내가 마귀할멈을 물리쳤어.” 아이들은 집 안에 있는 보석을 주머니에 가득 담아 마귀할멈의 집을 빠져나왔어요.",
      "srcPage": 21,
      "srcSentenceEA": 4,
      "srcWordEA": 23,
      "character": "그레텔,헨젤,마귀할멈,아이들,보석,집",
      "setting": "집 안,마귀할멈의 집",
      "action": "달려갔어요,담아,빠져나왔어요",
      "feeling": null,
      "causalRelationship": null,
      "outcomeResolution": null,
      "prediction": null,
      "plotSummaryInfoCount": 1,
      "plotSummaryInfo": {
        "classification": "의사소통",
        "readAge": "초등_저학년",
        "form": "long-form",
        "plotSummaryText": "그레텔은 헨젤에게 달려가 마귀할멈을 물리쳤다고 말했고, 아이들은 집 안에 있는 보석을 주머니에 가득 담아 마귀할멈의 집을 빠져나왔다.",
        "textWordEA": 17
      }
    },
    {
      "srcTextID": "18260",
      "srcText": "한참을 걷자, 눈에 익은 숲길이 나타났어요. 드디어 그리운 집에 돌아왔어요. “아빠! 아빠!” 아빠는 아이들을 안고 기쁨의 눈물을 흘렸어요. 아이들을 버리고 하루도 편한 날이 없었거든요. 새엄마는 이미 병으로 죽고 없었어요. 세 식구는 걱정 없이 행복하게 살았어요.",
      "srcPage": 22,
      "srcSentenceEA": 7,
      "srcWordEA": 41,
      "character": "아빠,아이들,새엄마",
      "setting": "숲길,집",
      "action": "걷자,돌아왔어요,눈물을 흘렸어요,버리고,살았어요",
      "feeling": "기쁨의,행복하게",
      "causalRelationship": null,
      "outcomeResolution": "세 식구는 걱정 없이 행복하게 살았어요.",
      "prediction": null,
      "plotSummaryInfoCount": 1,
      "plotSummaryInfo": {
        "classification": "의사소통",
        "readAge": "초등_저학년",
        "form": "long-form",
        "plotSummaryText": "한참을 걸어 그리운 집에 돌아오자, 아빠는 아이들을 안고 기쁨의 눈물을 흘렸고, 새엄마는 이미 병으로 죽고 없어서 세 식구는 걱정 없이 행복하게 살았다.",
        "textWordEA": 22
      }
    }
  ]
}