{
  "title": "아기 돼지 삼 형제",
  "author": "조지프 제이콥스",
  "illustrator": "전병준",
  "isbn": "9791128210433",
  "publishedYear": 2018,
  "publisher": "아람북스",
  "paragraphInfoCount": 22,
  "paragraphInfo": [
    {
      "srcTextID": "19072",
      "srcText": "늑대 한 마리가 언덕 위에서 마을을 내려다보았어. “오늘은 양을 잡아먹을까? 거위를 잡아먹을까?” 날마다 먹는 생각만 했지.",
      "srcPage": 1,
      "srcSentenceEA": 4,
      "srcWordEA": 18,
      "character": "늑대,양,거위",
      "setting": "언덕 위,마을,오늘.날마다",
      "action": "내려다보았어,잡아먹을까",
      "feeling": null,
      "causalRelationship": null,
      "outcomeResolution": null,
      "prediction": "날마다 먹는 생각만 했지.",
      "plotSummaryInfoCount": 1,
      "plotSummaryInfo": {
        "classification": "의사소통",
        "readAge": "초등_저학년",
        "form": "long-form",
        "plotSummaryText": "늑대 한 마리가 언덕 위에서 양을 잡아먹을까 거위를 잡아먹을까라고 먹는 생각만 하며 마을을 내려다보았다.",
        "textWordEA": 14
      }
    },
    {
      "srcTextID": "19071",
      "srcText": "그러던 어느 날 늑대의 눈이 반짝거렸어. 토실토실한 아기 돼지 삼 형제가 길을 걷고 있었거든. 아기 돼지 삼 형제는 각자 살 집을 지으러 가는 길이었어.",
      "srcPage": 2,
      "srcSentenceEA": 3,
      "srcWordEA": 26,
      "character": "늑대,아기 돼지,형제,눈,길,집",
      "setting": "그러던 어느 날",
      "action": "걷고,지으러,가는",
      "feeling": null,
      "causalRelationship": "그러던 어느 날 늑대의 눈이 반짝거렸어. 토실토실한 아기 돼지 삼 형제가 길을 걷고 있었거든.",
      "outcomeResolution": null,
      "prediction": null,
      "plotSummaryInfoCount": 1,
      "plotSummaryInfo": {
        "classification": "의사소통",
        "readAge": "초등_저학년",
        "form": "short-form",
        "plotSummaryText": "각자 살 집을 지으러 길을 걷고 있는 아기 돼지 삼 형제를 본 늑대는 눈이 반짝거렸다.",
        "textWordEA": 15
      }
    },
    {
      "srcTextID": "19075",
      "srcText": "노는 것을 좋아하는 둘째 돼지는 온종일 놀다 하늘이 어둑해진 뒤에야 집을 지었어. “나뭇가지로 집을 지으면 멋질 거야. 바람도 솔솔 들어오고 나뭇가지에 그네를 매달아 타도 좋겠지.”",
      "srcPage": 5,
      "srcSentenceEA": 3,
      "srcWordEA": 26,
      "character": "둘째 돼지,나뭇가지,그네",
      "setting": "하늘,집,온종일",
      "action": "놀다,지었어,타도",
      "feeling": "좋아하는,멋질,좋겠지",
      "causalRelationship": null,
      "outcomeResolution": "노는 것을 좋아하는 둘째 돼지는 온종일 놀다 하늘이 어둑해진 뒤에야 집을 지었어.",
      "prediction": null,
      "plotSummaryInfoCount": 1,
      "plotSummaryInfo": {
        "classification": "의사소통",
        "readAge": "초등_저학년",
        "form": "short-form",
        "plotSummaryText": "노는 것을 좋아하는 둘째 돼지는 온종일 놀다 하늘이 어둑해진 뒤에야 나뭇가지로 집을 지었고 나뭇가지로 집을 지으면 바람도 들어오고 나뭇가지에 그네를 매달아 타도 좋겠다라며 생각했다.",
        "textWordEA": 24
      }
    },
    {
      "srcTextID": "19077",
      "srcText": "뭐든지 열심히 하는 셋째 돼지는 아침부터 부지런히 집을 지었어. “주룩주룩 비가 내려도 펄펄 눈이 내려도 끄떡없는 튼튼한 집을 지어야지.” 셋째 돼지는 하루 종일 벽돌을 날라 꼼꼼히 벽을 올리고 지붕과 대문을 만들었어. 바람이 쌩쌩 불어도 걱정 없는 벽돌집을 지었지. 그것을 본 늑대가 쳇 하며 입을 삐죽 내밀었어.",
      "srcPage": 7,
      "srcSentenceEA": 5,
      "srcWordEA": 49,
      "character": "셋째 돼지,벽돌,지붕,벽,대문,늑대",
      "setting": "아침부터,하루 종일,집",
      "action": "지었어,만들었어,지었지,본,내밀었어",
      "feeling": "부지런히",
      "causalRelationship": null,
      "outcomeResolution": "그것을 본 늑대가 쳇 하며 입을 삐죽 내밀었어.",
      "prediction": null,
      "plotSummaryInfoCount": 1,
      "plotSummaryInfo": {
        "classification": "의사소통",
        "readAge": "초등_저학년",
        "form": "long-form",
        "plotSummaryText": "셋째 돼지는 하루 종일 벽돌을 날라 벽을 올리고 지붕과 대문을 만들고 바람이 불어도 걱정 없는 벽돌집을 지은걸 본 늑대가 쳇 하며 입을 삐죽 내밀었다.",
        "textWordEA": 24
      }
    },
    {
      "srcTextID": "19083",
      "srcText": "다음 날 밤, 늑대가 둘째 돼지 집 주위를 어슬렁거렸어. 늑대는 문 앞에서 둘째 돼지를 불렀지. “놀기 대장 돼지야, 놀자!”",
      "srcPage": 11,
      "srcSentenceEA": 3,
      "srcWordEA": 20,
      "character": "늑대,둘째 돼지",
      "setting": "집,문 앞,다음 날 밤",
      "action": "어슬렁거렸어",
      "feeling": null,
      "causalRelationship": null,
      "outcomeResolution": null,
      "prediction": "놀기 대장 돼지야, 놀자!",
      "plotSummaryInfoCount": 1,
      "plotSummaryInfo": {
        "classification": "의사소통",
        "readAge": "초등_저학년",
        "form": "short-form",
        "plotSummaryText": "다음 날 밤, 늑대가 둘째 돼지 집을 어슬렁거리며 늑대는 놀기 대장 돼지야 놀자라며 문 앞에서 둘째 돼지를 불렀다.",
        "textWordEA": 18
      }
    },
    {
      "srcTextID": "19082",
      "srcText": "나뭇가지로 대충 만든 집은 흔적도 없이 사라졌어. 둘째 돼지도 ‘걸음아, 날 살려라.’ 셋째 돼지네 집으로 도망을 갔지.",
      "srcPage": 13,
      "srcSentenceEA": 3,
      "srcWordEA": 19,
      "character": "나뭇가지,둘째 돼지,셋째 돼지",
      "setting": "집",
      "action": "만든,도망을 갔지",
      "feeling": null,
      "causalRelationship": null,
      "outcomeResolution": "셋째 돼지네 집으로 도망을 갔지.",
      "prediction": null,
      "plotSummaryInfoCount": 1,
      "plotSummaryInfo": {
        "classification": "의사소통",
        "readAge": "초등_저학년",
        "form": "short-form",
        "plotSummaryText": "나뭇가지로 대충 만든 집은 흔적도 없이 사라졌고 둘째 돼지도 셋째 돼지네 집으로 도망을 갔다.",
        "textWordEA": 14
      }
    },
    {
      "srcTextID": "19084",
      "srcText": "“지금은 잠잘 시간이에요.” 셋째 돼지는 침대로 올라가 불을 끄고 누웠어. “흥, 건방진 돼지 같으니라고. 가만두나 봐라.”",
      "srcPage": 15,
      "srcSentenceEA": 4,
      "srcWordEA": 18,
      "character": "셋째 돼지,침대,돼지",
      "setting": null,
      "action": "올라가,끄고,누웠어",
      "feeling": "건방진",
      "causalRelationship": null,
      "outcomeResolution": "셋째 돼지는 침대로 올라가 불을 끄고 누웠어.",
      "prediction": "가만두나 봐라.",
      "plotSummaryInfoCount": 1,
      "plotSummaryInfo": {
        "classification": "의사소통",
        "readAge": "초등_저학년",
        "form": "long-form",
        "plotSummaryText": "셋째 돼지는 침대로 올라가 불을 끄고 누웠는데 늑대는 건방진 돼지 같다고 말하며 가만두지 않겠다고 했다.",
        "textWordEA": 15
      }
    },
    {
      "srcTextID": "19085",
      "srcText": "늑대는 두 볼을 풍선처럼 부풀리고, 배를 불쑥 내밀고 앞발을 번쩍 쳐들었어. 후후후! 쿵쾅쿵쾅 쾅! 하지만 벽돌집은 끄떡도 안 했어. 첫째 돼지와 둘째 돼지도 아주 편안하게 잠들 수 있었어.",
      "srcPage": 16,
      "srcSentenceEA": 5,
      "srcWordEA": 32,
      "character": "늑대,풍선,첫째 돼지,둘째 돼지",
      "setting": "벽돌집",
      "action": "부풀리고,내밀고,쳐들었어",
      "feeling": "편안하게",
      "causalRelationship": null,
      "outcomeResolution": "첫째 돼지와 둘째 돼지도 아주 편안하게 잠들 수 있었어.",
      "prediction": null,
      "plotSummaryInfoCount": 1,
      "plotSummaryInfo": {
        "classification": "의사소통",
        "readAge": "초등_저학년",
        "form": "long-form",
        "plotSummaryText": "늑대는 두 볼을 부풀리고 배를 내밀어 앞발을 쳐들어 바람을 불었지만 벽돌집은 끄떡도 안 했고 첫째 돼지와 둘째 돼지도 아주 편안하게 잠들 수 있었다.",
        "textWordEA": 23
      }
    },
    {
      "srcTextID": "19087",
      "srcText": "“아직 아침도 안 먹었는걸요. 해가 머리 꼭대기에 오면 그때 오세요.” 늑대가 돌아가자, 셋째 돼지는 재빨리 사과밭으로 달려갔어.",
      "srcPage": 18,
      "srcSentenceEA": 3,
      "srcWordEA": 19,
      "character": "해,머리,늑대,셋째 돼지",
      "setting": "사과 밭",
      "action": "돌아가자,달려갔어",
      "feeling": null,
      "causalRelationship": "늑대가 돌아가자, 셋째 돼지는 재빨리 사과밭으로 달려갔어.",
      "outcomeResolution": null,
      "prediction": null,
      "plotSummaryInfoCount": 1,
      "plotSummaryInfo": {
        "classification": "의사소통",
        "readAge": "초등_저학년",
        "form": "short-form",
        "plotSummaryText": "해가 머리 꼭대기에 오면 오라고 말하니 늑대가 돌아가자 셋째 돼지는 재빨리 사과 밭으로 달려갔다.",
        "textWordEA": 14
      }
    },
    {
      "srcTextID": "19090",
      "srcText": "셋째 돼지는 사과 한 알을 힘껏 던지며 외쳤지. “사과가 데굴데굴 굴러가요. 저 사과를 주워 주세요.” 늑대는 헐레벌떡 사과를 쫓아갔어. 그사이 셋째 돼지는 후다닥 집으로 달려가 문을 잠가 버렸어.",
      "srcPage": 20,
      "srcSentenceEA": 5,
      "srcWordEA": 31,
      "character": "셋째 돼지,사과,늑대,문",
      "setting": "집",
      "action": "던지며,외쳤지,굴러가요,주워,쫓아갔어,달려가,잠가 버렸어",
      "feeling": null,
      "causalRelationship": null,
      "outcomeResolution": "그사이 셋째 돼지는 후다닥 집으로 달려가 문을 잠가 버렸어.",
      "prediction": null,
      "plotSummaryInfoCount": 1,
      "plotSummaryInfo": {
        "classification": "의사소통",
        "readAge": "초등_저학년",
        "form": "long-form",
        "plotSummaryText": "셋째 돼지는 사과를 주워 주세요라고 말하며 사과 한 알을 던지며 외쳤고 늑대가 사과를 쫓아간 그사이 셋째 돼지는 집으로 달려가 문을 잠가 버렸다.",
        "textWordEA": 22
      }
    },
    {
      "srcTextID": "19092",
      "srcText": "그날 밤, 늑대는 지붕을 타고 셋째 돼지의 집 굴뚝으로 살금살금 올라갔어. 그때 셋째 돼지는 콧노래를 흥얼대며 커다란 솥에 보글보글 물을 끓였지. 아무것도 모르는 늑대는 굴뚝으로 단숨에 내려갔어.",
      "srcPage": 22,
      "srcSentenceEA": 3,
      "srcWordEA": 29,
      "character": "늑대,지붕,셋째 돼지,솥,물",
      "setting": "집,그날 밤,굴뚝",
      "action": "타고,올라갔어,내려갔어",
      "feeling": null,
      "causalRelationship": null,
      "outcomeResolution": null,
      "prediction": "아무것도 모르는 늑대는 굴뚝으로 단숨에 내려갔어.",
      "plotSummaryInfoCount": 1,
      "plotSummaryInfo": {
        "classification": "의사소통",
        "readAge": "초등_저학년",
        "form": "short-form",
        "plotSummaryText": "늑대는 셋째 돼지의 집 굴뚝으로 올라갔고 그때 셋째 돼지는 커다란 솥에 보글보글 물을 끓였는데 아무것도 모르는 늑대는 굴뚝으로 단숨에 내려갔다.",
        "textWordEA": 20
      }
    },
    {
      "srcTextID": "19073",
      "srcText": "자는 것을 좋아하는 첫째 돼지는 해가 하늘 한가운데 떠서야 집을 지었어. “지푸라기로 집을 지으면 좋을 거야. 구수한 냄새도 나고 잠을 잘 때도 포근하겠지.”",
      "srcPage": 3,
      "srcSentenceEA": 3,
      "srcWordEA": 24,
      "character": "해,첫째 돼지,지푸라기",
      "setting": "집",
      "action": "자는,지었어,지으면",
      "feeling": "좋아하는,좋을,구수한,포근",
      "causalRelationship": null,
      "outcomeResolution": null,
      "prediction": null,
      "plotSummaryInfoCount": 1,
      "plotSummaryInfo": {
        "classification": "의사소통",
        "readAge": "초등_저학년",
        "form": "short-form",
        "plotSummaryText": "자는 것을 좋아하는 첫째 돼지는 해가 하늘 한가운데 떠서야 지푸라기로 집을 지었고 지푸라기로 집을 지으면 구수한 냄새도 나고 잠을 잘 때도 포근할것이라고 말했다.",
        "textWordEA": 23
      }
    },
    {
      "srcTextID": "19074",
      "srcText": "첫째 돼지는 지푸라기로 대충대충 벽을 쌓고 지붕과 대문을 만들었어. 바람에 휙휙 흔들거리는 지푸라기 집을 지었지. 그것을 본 늑대가 키득키득 웃었어.",
      "srcPage": 4,
      "srcSentenceEA": 3,
      "srcWordEA": 22,
      "character": "첫째 돼지,지푸라기,벽,지붕,대문,늑대",
      "setting": null,
      "action": "쌓고,만들었어,지었지,본",
      "feeling": null,
      "causalRelationship": null,
      "outcomeResolution": null,
      "prediction": "바람에 휙휙 흔들거리는 지푸라기 집을 지었지.",
      "plotSummaryInfoCount": 1,
      "plotSummaryInfo": {
        "classification": "의사소통",
        "readAge": "초등_저학년",
        "form": "short-form",
        "plotSummaryText": "첫째 돼지는 지푸라기로 대충대충 벽을 쌓고 지붕과 대문을 만들었고 바람에 흔들거리는 지푸라기 집을 본 늑대가 웃었다.",
        "textWordEA": 16
      }
    },
    {
      "srcTextID": "19076",
      "srcText": "둘째 돼지는 나뭇가지로 대충 벽을 올리고 지붕과 대문을 만들었어. 바람이 숭숭 들어오는 나뭇집을 지었지. 그것을 본 늑대가 배꼽을 잡고 웃었어.",
      "srcPage": 6,
      "srcSentenceEA": 3,
      "srcWordEA": 22,
      "character": "둘째 돼지,나뭇가지,벽,지붕,대문,늑대,배꼽",
      "setting": "나뭇집",
      "action": "올리고,만들었어,지었지,본",
      "feeling": "웃었어",
      "causalRelationship": null,
      "outcomeResolution": null,
      "prediction": null,
      "plotSummaryInfoCount": 1,
      "plotSummaryInfo": {
        "classification": "의사소통",
        "readAge": "초등_저학년",
        "form": "short-form",
        "plotSummaryText": "둘째 돼지는 나뭇가지로 대충 벽을 올리고 지붕과 대문을 만들었고 그것을 본 늑대가 배꼽을 잡고 웃었다.",
        "textWordEA": 15
      }
    },
    {
      "srcTextID": "19079",
      "srcText": "밤이 되자, 늑대가 첫째 돼지 집 주위를 어슬렁거렸어. “잠꾸러기 돼지야, 문 열어라!” 첫째 돼지는 덜덜 떨면서 지푸라기 문을 꼭 잡았어. “싫어요.”",
      "srcPage": 8,
      "srcSentenceEA": 3,
      "srcWordEA": 22,
      "character": "늑대,첫째 돼지,지푸라기,잠꾸러기",
      "setting": "밤,집 주위",
      "action": "어슬렁거렸어,잡았어",
      "feeling": "덜덜 떨면서,싫어요",
      "causalRelationship": null,
      "outcomeResolution": null,
      "prediction": null,
      "plotSummaryInfoCount": 1,
      "plotSummaryInfo": {
        "classification": "의사소통",
        "readAge": "초등_저학년",
        "form": "short-form",
        "plotSummaryText": "밤이 되자, 늑대가 첫째 돼지 집을 어슬렁거리며 잠꾸러기 돼지야, 문 열어라라고 하니 첫째 돼지는 싫다고 말하며 떨면서 지푸라기 문을 꼭 잡았다.",
        "textWordEA": 21
      }
    },
    {
      "srcTextID": "19078",
      "srcText": "“킬킬, 그렇다고 내가 그냥 갈 줄 알고?” 늑대는 두 볼을 풍선처럼 부풀렸어. 그러고는 있는 힘껏, “푸우우우” 하고 입김을 불었어. ",
      "srcPage": 9,
      "srcSentenceEA": 4,
      "srcWordEA": 22,
      "character": "늑대,풍선",
      "setting": null,
      "action": "부풀렸어,불었어",
      "feeling": null,
      "causalRelationship": null,
      "outcomeResolution": null,
      "prediction": null,
      "plotSummaryInfoCount": 1,
      "plotSummaryInfo": {
        "classification": "의사소통",
        "readAge": "초등_저학년",
        "form": "long-form",
        "plotSummaryText": "그렇다고 내가 그냥 갈 줄 알고 하며 늑대는 두 볼을 풍선처럼 부풀리고는 있는 힘껏 입김을 불었다.",
        "textWordEA": 16
      }
    },
    {
      "srcTextID": "19080",
      "srcText": "지푸라기로 대충대충 만든 집은 모두 날아가 버렸어. 첫째 돼지는 ‘걸음아, 날 살려라.’ 셋째 돼지네 집으로 도망을 갔지.",
      "srcPage": 10,
      "srcSentenceEA": 3,
      "srcWordEA": 19,
      "character": "지푸라기,첫째 돼지,셋째 돼지",
      "setting": "집",
      "action": "만든,도망을 갔지,날아가",
      "feeling": null,
      "causalRelationship": null,
      "outcomeResolution": "셋째 돼지네 집으로 도망을 갔지.",
      "prediction": null,
      "plotSummaryInfoCount": 1,
      "plotSummaryInfo": {
        "classification": "의사소통",
        "readAge": "초등_저학년",
        "form": "short-form",
        "plotSummaryText": "지푸라기로 대충대충 만든 집은 모두 날아가 버렸고 첫째 돼지는 셋째 돼지네 집으로 도망을 갔다.",
        "textWordEA": 14
      }
    },
    {
      "srcTextID": "19081",
      "srcText": "“늑대는 정말 싫어요.” 둘째 돼지가 오들오들 떨며 나무 문을 꽉 잡아당겼어. “뭐야? 내가 싫다고?” 늑대는 앞발을 번쩍 쳐들었어. 그러고는 있는 힘껏 나무집을 부숴 버렸어.",
      "srcPage": 12,
      "srcSentenceEA": 5,
      "srcWordEA": 28,
      "character": "늑대,둘째 돼지,나무문",
      "setting": "나무집",
      "action": "떨며,잡아당겼어,쳐들었어,부숴 버렸어",
      "feeling": "싫어요,싫다고",
      "causalRelationship": null,
      "outcomeResolution": "그러고는 있는 힘껏 나무집을 부숴 버렸어",
      "prediction": null,
      "plotSummaryInfoCount": 1,
      "plotSummaryInfo": {
        "classification": "의사소통",
        "readAge": "초등_저학년",
        "form": "long-form",
        "plotSummaryText": "둘째 돼지가 떨며 나무 문을 꽉 잡아당겼는데 늑대는 앞발을 쳐들고는 있는 힘껏 나무집을 부숴 버렸다.",
        "textWordEA": 15
      }
    },
    {
      "srcTextID": "19086",
      "srcText": "다음 날 밤, 늑대는 셋째 돼지 집 주위를 어슬렁거렸어. 늑대는 문 앞에서 셋째 돼지를 불렀지. “부지런한 돼지야, 놀자!”",
      "srcPage": 14,
      "srcSentenceEA": 3,
      "srcWordEA": 19,
      "character": "늑대,셋째 돼지",
      "setting": "집 주위,다음 날 밤,문 앞",
      "action": "어슬렁거렸어,불렀지,놀자",
      "feeling": "부지런한",
      "causalRelationship": null,
      "outcomeResolution": null,
      "prediction": null,
      "plotSummaryInfoCount": 1,
      "plotSummaryInfo": {
        "classification": "의사소통",
        "readAge": "초등_저학년",
        "form": "short-form",
        "plotSummaryText": "다음 날 밤, 늑대는 셋째 돼지 집 주위를 어슬렁거리며 문 앞에서 부지런한 돼지야 놀자 라고 셋째 돼지를 불렀다.",
        "textWordEA": 18
      }
    },
    {
      "srcTextID": "19088",
      "srcText": "다음 날 이른 아침, 첫째 돼지와 둘째 돼지도 일어나지 않은 시간이었어. 늑대가 다시 셋째 돼지를 찾아왔어. “부지런한 돼지야! 사과가 주렁주렁 열렸단다. 함께 따러 가지 않을래?”",
      "srcPage": 17,
      "srcSentenceEA": 5,
      "srcWordEA": 28,
      "character": "첫째 돼지,둘째 돼지,셋째 돼지,사과,늑대",
      "setting": "다음 날 이른 아침",
      "action": "찾아왔어,일어나지 않은",
      "feeling": "부지런한",
      "causalRelationship": null,
      "outcomeResolution": null,
      "prediction": null,
      "plotSummaryInfoCount": 1,
      "plotSummaryInfo": {
        "classification": "의사소통",
        "readAge": "초등_저학년",
        "form": "long-form",
        "plotSummaryText": "다음 날 이른 아침, 첫째 돼지와 둘째 돼지도 일어나지 않은 시간에 늑대가 다시 셋째 돼지를 찾아와 부지런한 돼지야 사과를 함께 따러 가지 않을래라고 물었다. ",
        "textWordEA": 24
      }
    },
    {
      "srcTextID": "19089",
      "srcText": "셋째 돼지가 나무에 올라 바구니 가득 사과를 따고 있을 때, 늑대가 나무 아래서 시커먼 얼굴을 쑥 내밀었어. “너 혼자 사과를 다 따려고?” 늑대가 꼴깍 침을 삼켰어.",
      "srcPage": 19,
      "srcSentenceEA": 3,
      "srcWordEA": 27,
      "character": "셋째 돼지,나무,바구니,사과,늑대",
      "setting": "나무 아래",
      "action": "올라,따고,내밀었어,삼켰어",
      "feeling": null,
      "causalRelationship": null,
      "outcomeResolution": null,
      "prediction": null,
      "plotSummaryInfoCount": 1,
      "plotSummaryInfo": {
        "classification": "의사소통",
        "readAge": "초등_저학년",
        "form": "short-form",
        "plotSummaryText": "셋째 돼지가 바구니 가득 사과를 따고 있을 때, 늑대가 나무 아래서 얼굴을 쑥 내밀며 혼사 사과를 다 따려고라고 물으며 침을 삼켰다.",
        "textWordEA": 21
      }
    },
    {
      "srcTextID": "19091",
      "srcText": "땀을 뻘뻘 흘리며 사과를 쫓아가던 늑대는 한참을 달리고서야 셋째 돼지에게 깜빡 속은 걸 깨달았어. 늑대는 뿌드득뿌드득 이를 갈았지. “내 이 녀석을 반드시!” 늑대는 하루 종일 셋째 돼지의 집을 지켜보며 어떻게 하면 잡아먹을 수 있을지 생각했어. “그래, 바로 그거야!”",
      "srcPage": 21,
      "srcSentenceEA": 5,
      "srcWordEA": 40,
      "character": "땀,사과,늑대,셋째 돼지",
      "setting": "집",
      "action": "흘리며,쫓아가던,달리고서야,갈았지,지켜보며",
      "feeling": null,
      "causalRelationship": null,
      "outcomeResolution": null,
      "prediction": "늑대는 하루 종일 셋째 돼지의 집을 지켜보며 어떻게 하면 잡아먹을 수 있을지 생각했어.",
      "plotSummaryInfoCount": 1,
      "plotSummaryInfo": {
        "classification": "의사소통",
        "readAge": "초등_저학년",
        "form": "long-form",
        "plotSummaryText": "사과를 쫓아가던 늑대는 한참을 달리고서야 셋째 돼지에게 깜빡 속은 걸 깨달았고 늑대는 이를 갈면서 늑대는 하루 종일 어떻게 하면 샛째 돼지를 잡아먹을 수 있을지 생각했다.",
        "textWordEA": 25
      }
    }
  ]
}