{
  "title": "나도 잘하는 게 있을까?",
  "author": "박영주",
  "illustrator": "홍지연",
  "isbn": "9788960988491",
  "publishedYear": 2019,
  "publisher": "씨앤톡",
  "paragraphInfoCount": 33,
  "paragraphInfo": [
    {
      "srcTextID": "146203",
      "srcText": "민수가 제일 먼저 자신 있게 대답했어요. 준호는 부러운 듯 민수를 뒤돌아보며 엄지 척을 해 보였어요. “우린 3반 친구들과 같이 컵타 연주를 할 거예요!” “태권도 공연 팀에 들어가기로 했어요!” “어쩜! 우리 반 친구들은 다양한 재능을 가지고 있구나!” 선생님은 친구들이 대견한 듯 말씀하셨어요.",
      "srcPage": 14,
      "srcSentenceEA": 6,
      "srcWordEA": 44,
      "character": "민수,준호,선생님,친구들",
      "setting": null,
      "action": "대답했어요,엄지척을 해,연주를 할,들어가기로,말씀하셨어요",
      "feeling": null,
      "causalRelationship": null,
      "outcomeResolution": null,
      "prediction": null,
      "plotSummaryInfoCount": 1,
      "plotSummaryInfo": {
        "classification": "의사소통",
        "readAge": "초등_저학년",
        "form": "long-form",
        "plotSummaryText": "준호는 부러운 듯 제일 먼저 자신 있게 대답한 민수에게 엄지척을 해 보였고, 선생님은 다양한 재능을 가진 친구들이 대견한 듯 말했다.",
        "textWordEA": 20
      }
    },
    {
      "srcTextID": "146219",
      "srcText": " 다 똑같은 나무라고 생각 하던 준호는 아주 신기해하며 진경이의 이야기를 들었어요. 평소에는 말을 거의 안 하던 진경이가 아주 편안하게 웃기도 하고 말도 많이 했어요. “진경아! 그럼 우리 전시회 이름을 생태 공원 그림 이야기 탐험대라고 하면 어떨까?” 진경이가 고개를 끄덕이자 준호가 신이 나서 이야기를 계속 했어요.",
      "srcPage": 30,
      "srcSentenceEA": 4,
      "srcWordEA": 49,
      "character": "준호,진경이",
      "setting": null,
      "action": "들었어요,웃기도 하고,고개를 끄덕이자,이야기를 계속 했어요",
      "feeling": "신이 나서",
      "causalRelationship": null,
      "outcomeResolution": null,
      "prediction": null,
      "plotSummaryInfoCount": 1,
      "plotSummaryInfo": {
        "classification": "의사소통",
        "readAge": "초등_저학년",
        "form": "long-form",
        "plotSummaryText": "준호는 아주 신기해하며 진경이의 이야기를 듣고선 전시회 이름을 생태 공원 그림 이야기 탐험대라고 하자고 하자, 진경이는 고개를 끄덕였고, 준호는 신이 나서 이야기를 계속했다.",
        "textWordEA": 23
      }
    },
    {
      "srcTextID": "146199",
      "srcText": "제일 먼저 운동 기구실 앞으로 달려가서 축구공을 빌린 다음에 친 구들을 기다렸지요. 고학년 형들이 나오기 전에 어서 친구들과 넓은 운동장을 다 차지하고 공을 차고 싶었거든요. 그런데 웬일이죠? 늘 뒤따라 나오던 친구들이 오늘따 라 늦네요.",
      "srcPage": 10,
      "srcSentenceEA": 4,
      "srcWordEA": 37,
      "character": "축구공,친구들,형들",
      "setting": "운동 기구실,운동장",
      "action": "달려가서,기다렸지요,뒤따라 나오던",
      "feeling": "공을 차고 싶었거든요",
      "causalRelationship": null,
      "outcomeResolution": null,
      "prediction": null,
      "plotSummaryInfoCount": 1,
      "plotSummaryInfo": {
        "classification": "의사소통",
        "readAge": "초등_저학년",
        "form": "long-form",
        "plotSummaryText": "운동 기구실 앞으로 달려가 축구공을 빌린 다음 친구들을 기다렸지만, 오늘따라 늘 뒤따라 나오던 친구들이 늦었다.",
        "textWordEA": 15
      }
    },
    {
      "srcTextID": "146200",
      "srcText": "“준호야, 오늘은 나 축구 못해. 체육관에서 텀블링할 수 있 는 사람 모인대. 열매 축제에 나갈 팀을 만들거든.” 기다린 보람도 없이 성훈이는 서둘러 가 버렸어요. 그러고 보니 중간 놀이 시간에도 친구들은 뭔가를 의논하느라 수선 스러웠어요. 복도에도 포스터들이 많이 붙어 있었고요.",
      "srcPage": 11,
      "srcSentenceEA": 6,
      "srcWordEA": 44,
      "character": "준호,성훈",
      "setting": "체육관,복도",
      "action": "텀블링할,가버렸어요,의논하느라",
      "feeling": null,
      "causalRelationship": null,
      "outcomeResolution": null,
      "prediction": null,
      "plotSummaryInfoCount": 1,
      "plotSummaryInfo": {
        "classification": "의사소통",
        "readAge": "초등_저학년",
        "form": "long-form",
        "plotSummaryText": "성훈이는 열매 축제에 나갈 팀을 만들기 위해 체육관에서 텀블링할 수 있는 사람이 모인다며 서둘러 갔고, 중간 놀이 시간에도 친구들이 의논하느라 어수선했고, 복도에도 포스터들이 붙어 있었다.",
        "textWordEA": 25
      }
    },
    {
      "srcTextID": "146204",
      "srcText": "“그래, 그럼! 나중에 나 부러워하지나 마.” “…….” 준호는 이젠 대답도 안 하는 진경이와 말하기를 포기했어요.",
      "srcPage": 15,
      "srcSentenceEA": 3,
      "srcWordEA": 17,
      "character": "준호,진경",
      "setting": null,
      "action": "대답도 안하는,말하기를 포기했어요",
      "feeling": null,
      "causalRelationship": null,
      "outcomeResolution": null,
      "prediction": null,
      "plotSummaryInfoCount": 1,
      "plotSummaryInfo": {
        "classification": "의사소통",
        "readAge": "초등_저학년",
        "form": "short-form",
        "plotSummaryText": "준호는 대답도 안 하는 진경이와 말하기를 포기했다.",
        "textWordEA": 7
      }
    },
    {
      "srcTextID": "146195",
      "srcText": "“아니거든, 나도 발표할 거 있어.” “뭘 할 건데? 말해 봐, 말해 봐.” 준호가 대꾸를 했지만 형이 더욱 놀렸어요. 홧김에 반박은 했지만 준호도 솔직히 당장 뭘 한다고 말할지 떠오르지 않았 어요.",
      "srcPage": 6,
      "srcSentenceEA": 5,
      "srcWordEA": 33,
      "character": "나,준호,형",
      "setting": null,
      "action": "발표할,말해 봐,놀렸어요,반박은 했지만",
      "feeling": null,
      "causalRelationship": null,
      "outcomeResolution": null,
      "prediction": null,
      "plotSummaryInfoCount": 1,
      "plotSummaryInfo": {
        "classification": "의사소통",
        "readAge": "초등_저학년",
        "form": "long-form",
        "plotSummaryText": "준호가 발표할 게 있다고 대꾸했지만, 형이 더욱 놀렸고, 홧김에 반박했지만 준호는 당장 뭘 한다고 말할지 떠오르지 않았습니다.",
        "textWordEA": 17
      }
    },
    {
      "srcTextID": "146197",
      "srcText": "준호는 수업 시간에도 이런저런 생각을 하느라 선생님의 말 씀이 귀에 잘 들어오지 않았어요. “박준호! 딴 생각하지 말고 여기 보세요!” 선생님 말씀에 깜짝 놀라 자세를 바르게 고쳐 앉았지만 이 내 또 생각이 흩어지고 말았지요.",
      "srcPage": 8,
      "srcSentenceEA": 3,
      "srcWordEA": 35,
      "character": "준호,선생님",
      "setting": "수업 시간에도",
      "action": "생각을 하느라,바르게 고쳐 앉았지만",
      "feeling": "깜짝 놀라",
      "causalRelationship": null,
      "outcomeResolution": null,
      "prediction": null,
      "plotSummaryInfoCount": 1,
      "plotSummaryInfo": {
        "classification": "의사소통",
        "readAge": "초등_저학년",
        "form": "short-form",
        "plotSummaryText": "준호는 수업 시간에도 여러 생각을 하느라 선생님의 말씀이 귀에 잘 들어오지 않았고, 선생님의 말씀에 깜짝 놀라 자세를 바르게 고쳐 앉았습니다.",
        "textWordEA": 20
      }
    },
    {
      "srcTextID": "146193",
      "srcText": "상을 타기 위해 다른 학생들과 경쟁하는 것이 아 니라 비슷한 재능을 가진 친구들이 함께 협동 작품을 만들어 발표하게 된 거지요. 엄마는 급히 다른 악기 연주를 하는 선호 친구들과 팀을 만들어 주었어요. 게다가 피 아노곡을 바이올린과 첼로가 함께 삼중주로 연주할 수 있도 록 편곡해 줄 선생님도 찾느라 며칠 동안 정말 바빴답니다.",
      "srcPage": 4,
      "srcSentenceEA": 3,
      "srcWordEA": 52,
      "character": "엄마,바이올린,첼로,선생님,친구들",
      "setting": null,
      "action": "경쟁하는,발표하게,연주를 하는,팀을 만들어,찾느라",
      "feeling": null,
      "causalRelationship": null,
      "outcomeResolution": null,
      "prediction": null,
      "plotSummaryInfoCount": 1,
      "plotSummaryInfo": {
        "classification": "의사소통",
        "readAge": "초등_저학년",
        "form": "short-form",
        "plotSummaryText": "비슷한 재능을 가진 친구들이 함께 협동 작품을 만들어 발표해야 했고, 엄마는 다른 악기 연주를 하는 선호 친구들과 팀을 만들어 주고 피아노곡을 삼중주로 편곡할 선생님을 찾느라 바빴습니다.",
        "textWordEA": 26
      }
    },
    {
      "srcTextID": "146207",
      "srcText": "준호는 슬슬 불안해졌지요. 그래서 수업이 모두 끝난 후 다 른 반 친구들이 하는 컵타 연주 팀에도 가 보고, 3학년 형들이 모집하는 마술 공연단에도 가 봤어요. 모두 환영해 주었지만, 끝까지 잘할 자신이 없었어요.",
      "srcPage": 18,
      "srcSentenceEA": 3,
      "srcWordEA": 34,
      "character": "준호,친구들,3학년 형들",
      "setting": "수업이 모두 끝난 후",
      "action": "가 보고,모집하는,환영해 주었지만",
      "feeling": "슬슬 불안해졌지요",
      "causalRelationship": null,
      "outcomeResolution": null,
      "prediction": null,
      "plotSummaryInfoCount": 1,
      "plotSummaryInfo": {
        "classification": "의사소통",
        "readAge": "초등_저학년",
        "form": "short-form",
        "plotSummaryText": "준호는 불안해져서 수업이 끝난 후 컵타 연주 팀, 마술 공연단에도 가보았지만, 끝까지 잘할 자신이 없었다.",
        "textWordEA": 15
      }
    },
    {
      "srcTextID": "146211",
      "srcText": "평소 말도 잘 안 하고 조용하던 진경이의 처음 보는 모습에 준호 는 몹시 놀랐어요. 그리고 허락도 없이 친구 수첩을 봤다는 자책감에 어찌할 바를 몰랐지요. “진경아, 미안해.”",
      "srcPage": 22,
      "srcSentenceEA": 3,
      "srcWordEA": 27,
      "character": "진경이,준호",
      "setting": null,
      "action": "친구 수첩을 봤다는",
      "feeling": "놀랐어요,미안해",
      "causalRelationship": null,
      "outcomeResolution": null,
      "prediction": null,
      "plotSummaryInfoCount": 1,
      "plotSummaryInfo": {
        "classification": "의사소통",
        "readAge": "초등_저학년",
        "form": "short-form",
        "plotSummaryText": "준호는 진경이의 처음 보는 모습에 놀랐고, 허락 없이 친구 수첩을 봤다는 자책감에 어찌할 바를 몰라 미안하다고 사과했다.",
        "textWordEA": 17
      }
    },
    {
      "srcTextID": "146215",
      "srcText": "“그래도 너는 재능이 있어서 참 좋겠다.” “준호야, 진짜 내 그림이 잘 그린 것 같아?” 준호가 부러운 듯 말하자 진경이가 조심스럽게 물었어요. “그렇다니까! 나는 사진인 줄 알고 깜짝 놀랐어.”",
      "srcPage": 26,
      "srcSentenceEA": 4,
      "srcWordEA": 30,
      "character": "너,준호,진경이,나",
      "setting": null,
      "action": "말하자,물었어요",
      "feeling": "깜짝 놀랐어",
      "causalRelationship": null,
      "outcomeResolution": null,
      "prediction": null,
      "plotSummaryInfoCount": 1,
      "plotSummaryInfo": {
        "classification": "의사소통",
        "readAge": "초등_저학년",
        "form": "long-form",
        "plotSummaryText": "준호가 부러운 듯 진경이에게 재능이 있다고 말하자, 진경이는 조심스럽게 자기 그림이 잘 그린 것 같냐고 물었다.",
        "textWordEA": 16
      }
    },
    {
      "srcTextID": "146216",
      "srcText": "준호가 갑자기 큰 소리로 대답하자 진경이가 피식 웃었어 요. 그리고 작은 목소리로 말했어요. “너도 좋은 재능이 있는 것 같다.”",
      "srcPage": 27,
      "srcSentenceEA": 3,
      "srcWordEA": 20,
      "character": "준호,진경,너",
      "setting": null,
      "action": "대답하자,피식 웃었어요,말했어요",
      "feeling": null,
      "causalRelationship": null,
      "outcomeResolution": null,
      "prediction": null,
      "plotSummaryInfoCount": 1,
      "plotSummaryInfo": {
        "classification": "의사소통",
        "readAge": "초등_저학년",
        "form": "short-form",
        "plotSummaryText": "준호가 큰 소리로 대답하자 진경이는 피식 웃으며 작은 목소리로 준호에게도 좋은 재능이 있는 것 같다고 말했다.",
        "textWordEA": 16
      }
    },
    {
      "srcTextID": "146191",
      "srcText": "노릇한 계란찜을 한 숟가락 가득 담아 입으로 가 져갔어요. “우와, 고소해! 엄마 계란찜이 세상에서 제일 맛있어!” “어허, 녀석! 호들갑 떨긴. 매일 먹어도 그렇게 좋아?”",
      "srcPage": 2,
      "srcSentenceEA": 6,
      "srcWordEA": 27,
      "character": "계란찜,엄마,숟가락",
      "setting": "세상",
      "action": "입으로 가져갔어요,호들갑 떨긴",
      "feeling": "좋아",
      "causalRelationship": null,
      "outcomeResolution": null,
      "prediction": null,
      "plotSummaryInfoCount": 1,
      "plotSummaryInfo": {
        "classification": "의사소통",
        "readAge": "초등_저학년",
        "form": "long-form",
        "plotSummaryText": "노릇한 계란찜을 한 숟가락 가득 먹으며 엄마 계란찜이 세상에서 제일 맛있다고 했습니다.",
        "textWordEA": 12
      }
    },
    {
      "srcTextID": "146217",
      "srcText": "“내가? 내가 무슨 재능이 있 는 거 같아?” 준호는 반가운 마음에 재차 물었어요. 진경이는 조금 망설 이더니 천천히 대답을 했어요. “친구들하고 잘 어울리잖아. 말도 잘하고…….” “그런 것도 재능인가?” 의아한 준호가 다시 물었어요.",
      "srcPage": 28,
      "srcSentenceEA": 7,
      "srcWordEA": 37,
      "character": "준호,진경이",
      "setting": null,
      "action": "물었어요,망설이더니,대답을 했어요",
      "feeling": "반가운",
      "causalRelationship": null,
      "outcomeResolution": null,
      "prediction": null,
      "plotSummaryInfoCount": 1,
      "plotSummaryInfo": {
        "classification": "의사소통",
        "readAge": "초등_저학년",
        "form": "long-form",
        "plotSummaryText": "준호가 반가운 마음에 무슨 재능이 있는 것 같냐고 묻자, 진경이는 망설이더니 친구들과 잘 어울리고 말을 잘한다고 했고, 의아한 준호는 그런 것도 재능이냐고 다시 물었다.",
        "textWordEA": 24
      }
    },
    {
      "srcTextID": "146194",
      "srcText": "“준호는 열매 축제에 나가 볼 생각 없니?” “음, 나도 그러고 싶은데…….” 준호가 대답을 마치기도 전에 선호가 끼어들었어요. “준호는 애들하고 어울려 놀기만 잘하지 사람들 앞에 보일 만한 재능이 없을걸요.” ‘아휴, 얄미워!’ 선호 형은 정말 잘난 척하는 데 천하제일이에요.",
      "srcPage": 5,
      "srcSentenceEA": 6,
      "srcWordEA": 40,
      "character": "준호,선호",
      "setting": null,
      "action": "축제에 나가,끼어들었어요",
      "feeling": null,
      "causalRelationship": null,
      "outcomeResolution": null,
      "prediction": null,
      "plotSummaryInfoCount": 1,
      "plotSummaryInfo": {
        "classification": "의사소통",
        "readAge": "초등_저학년",
        "form": "long-form",
        "plotSummaryText": "준호가 열매 축제에 나가고 싶다고 대답을 마치기 전에 선호가 끼어들어 준호가 재능이 없다고 잘난 척했습니다.",
        "textWordEA": 15
      }
    },
    {
      "srcTextID": "146218",
      "srcText": "선호가 또 끼어들면서 준호를 놀렸어요. “선호야! 동생에게 그렇게 말하는 거 아니야. 그건 아주 중 요한 재능이거든. 사람들이 함께 살아가기 위해서는 준호 같 은 재능이 꼭 필요해.” 아빠가 선호에게 주의를 주었어요. 순간 준호의 어깨가 으 쓱해지면서 웃음이 나오려고 했어요. ‘정말 나도 재능이 있구나!’",
      "srcPage": 29,
      "srcSentenceEA": 7,
      "srcWordEA": 48,
      "character": "선호,준호,아빠",
      "setting": null,
      "action": "끼어들면서,놀렸어요,주의를 주었어요",
      "feeling": null,
      "causalRelationship": null,
      "outcomeResolution": null,
      "prediction": null,
      "plotSummaryInfoCount": 1,
      "plotSummaryInfo": {
        "classification": "의사소통",
        "readAge": "초등_저학년",
        "form": "long-form",
        "plotSummaryText": "선호가 끼어들면서 준호를 놀리자, 아빠가 준호 같은 재능이 중요하다고 말하며 선호에게 주의를 주었고, 순간 준호의 어깨가 으쓱하며 웃음이 나오려고 했다.",
        "textWordEA": 20
      }
    },
    {
      "srcTextID": "146221",
      "srcText": "“내가 더 그릴 수도 있어.” “그럼 같이 생태 공원에 가서 무엇을 더 그릴지 찾아보자.” 두 아이들은 준호 엄마가 데리러 올 때까지 오후 내내 시간 가는 줄을 몰랐어요.",
      "srcPage": 31,
      "srcSentenceEA": 3,
      "srcWordEA": 28,
      "character": "두 아이들,준호 엄마",
      "setting": "생태 공원,오후 내내",
      "action": "가서,찾아보자,데리러 올",
      "feeling": null,
      "causalRelationship": null,
      "outcomeResolution": null,
      "prediction": null,
      "plotSummaryInfoCount": 1,
      "plotSummaryInfo": {
        "classification": "의사소통",
        "readAge": "초등_저학년",
        "form": "short-form",
        "plotSummaryText": "두 아이들은 준호 엄마가 데리러 올 때까지 오후 내내 시간 가는 줄 모르고 떠들었다.",
        "textWordEA": 14
      }
    },
    {
      "srcTextID": "146222",
      "srcText": "오랜만에 엄마 아빠가 동시에 칭찬하자 준호는 얼떨떨하면 서도 신이 났어요. 선호 형한테 “메롱” 하고 싶었지만 점잖게 참았어요. 드디어 열매 축제 참가 신청을 하는 날이 되었어요. 등교하 자마자 친구들이 선생님 책상 앞에 줄을 서서 신청서를 제출 하고 있어요. 모두 설레는 표정이네요.",
      "srcPage": 32,
      "srcSentenceEA": 6,
      "srcWordEA": 45,
      "character": "엄마,아빠,준호,선호 형,친구들",
      "setting": "선생님 책상 앞에",
      "action": "칭찬하자,등교하자마자,줄을 서서,제출하고",
      "feeling": "신이 났어요",
      "causalRelationship": null,
      "outcomeResolution": null,
      "prediction": null,
      "plotSummaryInfoCount": 1,
      "plotSummaryInfo": {
        "classification": "의사소통",
        "readAge": "초등_저학년",
        "form": "long-form",
        "plotSummaryText": "오랜만에 부모님이 동시에 칭찬하자 준호는 얼떨떨하면서도 신이 났고, 열매 축제 참가 신청을 하는 날, 친구들이 설레는 표정으로 선생님 책상 앞에 줄을 서서 신청서를 제출했다.",
        "textWordEA": 24
      }
    },
    {
      "srcTextID": "146223",
      "srcText": "가슴이 콩닥거렸어요. 진경이는 입을 꼭 다물고 신청서 를 두 손으로 쥔 채 준호 옆에 섰어요. 손이 좀 떨리는 것 같아 요. 드디어 두 사람의 순서가 되자 선생님이 신청서를 받으시 며 빙그레 웃으셨어요.",
      "srcPage": 33,
      "srcSentenceEA": 4,
      "srcWordEA": 35,
      "character": "진경이,신청서,선생님",
      "setting": "준호 옆에",
      "action": "입을 꼭 다물고,두 손으로 쥔,섰어요,받으시며,웃으셨어요",
      "feeling": null,
      "causalRelationship": null,
      "outcomeResolution": null,
      "prediction": null,
      "plotSummaryInfoCount": 1,
      "plotSummaryInfo": {
        "classification": "의사소통",
        "readAge": "초등_저학년",
        "form": "long-form",
        "plotSummaryText": "진경이는 신청서를 두 손으로 쥔 채 준호 옆에 섰고, 두 사람의 순서가 되자 선생님이 신청서를 받으시며 빙그레 웃으셨다.",
        "textWordEA": 18
      }
    },
    {
      "srcTextID": "146192",
      "srcText": "당연히 열매 축제에서도 1등 을 독차지해 왔지요. 모두 형의 재능을 칭찬했답니다. 그런데 올해부터 열매 축제 규칙이 바뀐 거예요.",
      "srcPage": 3,
      "srcSentenceEA": 3,
      "srcWordEA": 20,
      "character": "형",
      "setting": "열매 축제에서도",
      "action": "독차지해,칭찬했답니다",
      "feeling": null,
      "causalRelationship": null,
      "outcomeResolution": null,
      "prediction": null,
      "plotSummaryInfoCount": 1,
      "plotSummaryInfo": {
        "classification": "의사소통",
        "readAge": "초등_저학년",
        "form": "short-form",
        "plotSummaryText": "열매 축제에서 1등을 독차지한 형의 재능을 모두 칭찬했습니다.",
        "textWordEA": 8
      }
    },
    {
      "srcTextID": "146201",
      "srcText": "“어서 손 씻고 방에 들어가 있어. 간식 가져다줄게.” 온종일 친구들과 놀지 못한 준호는 거실에서 비디오 게임기 로 스포츠 게임이라도 하고 싶었지만 하는 수 없이 방으로 들 어가야 했어요.",
      "srcPage": 12,
      "srcSentenceEA": 3,
      "srcWordEA": 30,
      "character": "손,준호",
      "setting": "방,거실",
      "action": "씻고,들어가",
      "feeling": "게임이라도 하고 싶었지만",
      "causalRelationship": null,
      "outcomeResolution": null,
      "prediction": null,
      "plotSummaryInfoCount": 1,
      "plotSummaryInfo": {
        "classification": "의사소통",
        "readAge": "초등_저학년",
        "form": "short-form",
        "plotSummaryText": "친구들과 놀지 못한 준호는 거실에서 비디오 게임기로 스포츠 게임을 하고 싶었지만 손을 씻고 방으로 들어가야 했다.",
        "textWordEA": 16
      }
    },
    {
      "srcTextID": "146202",
      "srcText": "“우리 반에서는 누가 열매 축제에 나갈 건가요? 조회 시간에 선생님이 물었어요. 생각보다 많은 친구들이 여기저기에서 손을 들자 준호는 속으로 놀랐어요. “저는 해찬이와 로봇을 만들 거예요, 선생님!”",
      "srcPage": 13,
      "srcSentenceEA": 4,
      "srcWordEA": 28,
      "character": "선생님,손,준호,해찬이",
      "setting": "조회 시간,우리 반",
      "action": "물었어요,손을 들자,로봇을 만들",
      "feeling": "놀랐어요",
      "causalRelationship": null,
      "outcomeResolution": null,
      "prediction": null,
      "plotSummaryInfoCount": 1,
      "plotSummaryInfo": {
        "classification": "의사소통",
        "readAge": "초등_저학년",
        "form": "long-form",
        "plotSummaryText": "조회 시간에 선생님이 우리 반에서 누가 열매 축제에 나갈지 묻고 많은 친구가 손을 들자 준호는 속으로 놀랐다.",
        "textWordEA": 17
      }
    },
    {
      "srcTextID": "146205",
      "srcText": "준호는 민수와 함께 다목적 교실로 갔어요. 먼저 온 해찬이 와 예림이 그리고 옆 반 친구 승민이까지 컴퓨터 앞에서 도우 미 선생님의 설명을 듣고 있었어요. ‘컴퓨터로 로봇을 어떻게 움직이게 한다는 거지?’",
      "srcPage": 16,
      "srcSentenceEA": 3,
      "srcWordEA": 32,
      "character": "준호,민수,해찬이,예림이,승민이,선생님",
      "setting": "다목적 교실,컴퓨터 앞에서",
      "action": "갔어요,설명을 듣고",
      "feeling": null,
      "causalRelationship": null,
      "outcomeResolution": null,
      "prediction": null,
      "plotSummaryInfoCount": 1,
      "plotSummaryInfo": {
        "classification": "의사소통",
        "readAge": "초등_저학년",
        "form": "short-form",
        "plotSummaryText": "준호는 민수와 함께 다목적 교실로 갔고, 먼저 온 해찬이, 예림이, 승민이까지 컴퓨터 앞에서 도우미 선생님의 설명을 들었다.",
        "textWordEA": 17
      }
    },
    {
      "srcTextID": "146196",
      "srcText": "“나도 알아. 그래서 학원 같이 다니는 해찬이랑 만들기로 했어. 해찬이는 코딩을 정말 잘하거든.” 민수는 준호 마음도 모르고, 로봇을 움직이는 프로그램을 어떻게 만드는지 설명하기에 바빴어요. 준호는 블록 조립에 는 자신이 좀 있어서 로봇 모양은 멋있게 만들 수 있을 것 같 았어요. 그러나 그것을 어떻게 움직이게 할 수 있을지는 이해 하기 좀 어려웠지요.",
      "srcPage": 7,
      "srcSentenceEA": 6,
      "srcWordEA": 56,
      "character": "나,해찬,민수,준호,로봇",
      "setting": "학원",
      "action": "다니는,만들기로",
      "feeling": null,
      "causalRelationship": null,
      "outcomeResolution": null,
      "prediction": null,
      "plotSummaryInfoCount": 1,
      "plotSummaryInfo": {
        "classification": "의사소통",
        "readAge": "초등_저학년",
        "form": "long-form",
        "plotSummaryText": "민수는 준호 마음도 모른 채 코딩을 잘하는 해찬이와 로봇을 움직이는 프로그램을 만들기로 했다고 말했고, 준호는 블록 조립에는 자신이 있었지만, 어떻게 움직이게 할 수 있을지는 이해하기 어려웠습니다.",
        "textWordEA": 26
      }
    },
    {
      "srcTextID": "146206",
      "srcText": "준호는 잘 이해할 수 없었 어요. “자, 기본 코딩 앱을 열어 놓았으니 이제는 너희들이 청소 로봇을 어떤 경로로 움 직일지 의논해 보렴.” 도우미 선생님이 말씀하고 돌아가시자, 해찬이가 컴퓨터 앞 의자에 앉았어요.",
      "srcPage": 17,
      "srcSentenceEA": 3,
      "srcWordEA": 32,
      "character": "준호,청소 로봇,도우미 선생님,해찬이",
      "setting": "컴퓨터 앞 의자",
      "action": "의논해,말씀하고,돌아가시자,앉았어요",
      "feeling": null,
      "causalRelationship": null,
      "outcomeResolution": null,
      "prediction": null,
      "plotSummaryInfoCount": 1,
      "plotSummaryInfo": {
        "classification": "의사소통",
        "readAge": "초등_저학년",
        "form": "short-form",
        "plotSummaryText": "준호는 잘 이해할 수 없었지만, 도우미 선생님이 기본 코딩 앱을 열어 놨으니 청소 로봇을 어떻게 움직일지 의논하라고 하고 돌아가시자 해찬이가 컴퓨터 앞 의자에 앉았다.",
        "textWordEA": 24
      }
    },
    {
      "srcTextID": "146208",
      "srcText": "학교 뒤쪽 언덕에 있는 생태 공원의 모습이 마치 사진처럼 그려져 있었기 때문이에요. ‘어떻게 이렇게 잘 그릴 수 있지?’ 준호는 감탄을 하면서 자신도 모르게 다음 장을 넘겼어요.",
      "srcPage": 19,
      "srcSentenceEA": 3,
      "srcWordEA": 28,
      "character": "준호",
      "setting": "학교 뒤쪽 언덕,생태 공원",
      "action": "다음 장을 넘겼어요,그려져 있었기",
      "feeling": "감탄을 하면서",
      "causalRelationship": null,
      "outcomeResolution": null,
      "prediction": null,
      "plotSummaryInfoCount": 1,
      "plotSummaryInfo": {
        "classification": "의사소통",
        "readAge": "초등_저학년",
        "form": "short-form",
        "plotSummaryText": "준호는 학교 뒤쪽 언덕에 있는 생태 공원의 모습이 사진처럼 그려져 있는 것을 보고 감탄하면서 자신도 모르게 다음 장을 넘겼다.",
        "textWordEA": 19
      }
    },
    {
      "srcTextID": "146209",
      "srcText": "생태 공원을 돌아다니는 진경이를 이상하게 생각했는데, 이렇게 그림을 그렸던 거예요. ‘생태 공원이 이렇게 멋있었나?’ 준호는 사실 놀이 시간마다 생태 공원보다는 운동장에서 친구들이랑 공차기 하는 것을 더 좋아해요.",
      "srcPage": 20,
      "srcSentenceEA": 3,
      "srcWordEA": 29,
      "character": "진경이,준호",
      "setting": "생태 공원,운동장",
      "action": "돌아다니는,그림을 그렸던",
      "feeling": "좋아해요",
      "causalRelationship": null,
      "outcomeResolution": null,
      "prediction": null,
      "plotSummaryInfoCount": 1,
      "plotSummaryInfo": {
        "classification": "의사소통",
        "readAge": "초등_저학년",
        "form": "short-form",
        "plotSummaryText": "생태 공원을 돌아다니는 진경이는 그림을 그렸고, 준호는 놀이 시간에 생태 공원보다 운동장에서 친구들과 공차기하는 것을 좋아했다.",
        "textWordEA": 16
      }
    },
    {
      "srcTextID": "146210",
      "srcText": "“왜 그래, 왜?” “무슨 일이야?” 갑자기 친구들이 다가와서 웅성거리자 당황한 진경이는 책상에 엎드리더니 소리를 내며 울어 버렸어요.",
      "srcPage": 21,
      "srcSentenceEA": 3,
      "srcWordEA": 18,
      "character": "친구들,진경이",
      "setting": "책상",
      "action": "다가와서,웅성거리자,엎드리더니,울어 버렸어요",
      "feeling": null,
      "causalRelationship": null,
      "outcomeResolution": null,
      "prediction": null,
      "plotSummaryInfoCount": 1,
      "plotSummaryInfo": {
        "classification": "의사소통",
        "readAge": "초등_저학년",
        "form": "short-form",
        "plotSummaryText": "갑자기 친구들이 다가와서 웅성거리자 진경이는 당황해 책상에 엎드려 울었다.",
        "textWordEA": 9
      }
    },
    {
      "srcTextID": "146198",
      "srcText": "그러다 보니 어느새 점심시간이 되었네요. “잘 먹었습니다! 제일 먼저 다 먹은 식판 을 가져다 놓으며 준호가 영 양사 선생님께 큰 소리로 인사를 했어요. “준호가 오늘도 일등이네!” 영양사 선생님이 준호 인사를 웃으면서 받아 주셨어요.",
      "srcPage": 9,
      "srcSentenceEA": 5,
      "srcWordEA": 35,
      "character": "식판,준호,영양사 선생님",
      "setting": "점심시간",
      "action": "먹었습니다,가져다 놓으며,인사를 했어요,웃으면서",
      "feeling": null,
      "causalRelationship": null,
      "outcomeResolution": null,
      "prediction": null,
      "plotSummaryInfoCount": 1,
      "plotSummaryInfo": {
        "classification": "의사소통",
        "readAge": "초등_저학년",
        "form": "long-form",
        "plotSummaryText": "점심시간이 되자 준호는 제일 먼저 먹은 식판을 가져다 놓으며 영양사 선생님께 인사했고, 영양사 선생님이 웃으며 인사를 받아주셨다.",
        "textWordEA": 17
      }
    },
    {
      "srcTextID": "146212",
      "srcText": "준호는 우는 진경이를 보며 미안한 마음에 같이 울상이 되어 버렸답니다. 이때 선생님이 엄한 표정을 지으며 다가왔어요. 친구들은 얼른 자기 자리로 돌아갔어요.",
      "srcPage": 23,
      "srcSentenceEA": 3,
      "srcWordEA": 23,
      "character": "준호,진경이,선생님",
      "setting": "자기 자리로",
      "action": "엄한 표정을 지으며,다가왔어요,돌아갔어요",
      "feeling": "미안한",
      "causalRelationship": null,
      "outcomeResolution": "친구들은 얼른 자기 자리로 돌아갔어요.",
      "prediction": null,
      "plotSummaryInfoCount": 1,
      "plotSummaryInfo": {
        "classification": "의사소통",
        "readAge": "초등_저학년",
        "form": "short-form",
        "plotSummaryText": "준호는 우는 진경이를 보며 미안한 마음에 같이 울상을 지었고, 선생님이 엄한 표정으로 다가오자 친구들은 자기 자기로 돌아갔다.",
        "textWordEA": 17
      }
    },
    {
      "srcTextID": "146213",
      "srcText": "진경이가 표현은 잘 못하지만 준 호가 함께해 주길 바랄 것 같아. 이건 선생님 부탁이기도 해.” 준호는 얼른 그러겠다고 고개를 끄덕였지만 아리송한 생각 이 들었어요. ‘무슨 좋은 일을 하라는 말씀이지? 진경이가 나랑 같이 하려 고 할까?’",
      "srcPage": 24,
      "srcSentenceEA": 5,
      "srcWordEA": 39,
      "character": "진경이,준호,선생님",
      "setting": null,
      "action": "고개를 끄덕였지만",
      "feeling": null,
      "causalRelationship": null,
      "outcomeResolution": null,
      "prediction": null,
      "plotSummaryInfoCount": 1,
      "plotSummaryInfo": {
        "classification": "의사소통",
        "readAge": "초등_저학년",
        "form": "long-form",
        "plotSummaryText": "선생님이 진경이가 준호가 함께하길 바랄 것 같다고 하자, 준호는 그러겠다고 고개를 끄덕였지만 진경이가 자신과 같이 하려고 할지 아리송했다.",
        "textWordEA": 18
      }
    },
    {
      "srcTextID": "146214",
      "srcText": "준호는 진경이에게 무언가 해 주고 싶었지만 좋은 생각이 나질 않았어요. 그래서 중간 놀이 시간에도 다른 날처럼 친구 들과 놀러 나갈 수가 없었지요. 교실에 진경이와 둘이 남게 되 자 용기를 내서 말을 걸었어요. “진경아, 어제 미안했어.” “괜찮아.”",
      "srcPage": 25,
      "srcSentenceEA": 4,
      "srcWordEA": 38,
      "character": "준호,진경이",
      "setting": "중간 놀이 시간,교실,어제",
      "action": "놀러 나갈,말을 걸었어요",
      "feeling": "무언가 해 주고 싶었지만,괜찮아",
      "causalRelationship": null,
      "outcomeResolution": null,
      "prediction": null,
      "plotSummaryInfoCount": 1,
      "plotSummaryInfo": {
        "classification": "의사소통",
        "readAge": "초등_저학년",
        "form": "long-form",
        "plotSummaryText": "준호는 진경이에게 무언가 해 주고 싶었지만, 좋은 생각이 나지 않아 중간 놀이 시간에도 친구들과 놀러 나갈 수 없었고, 교실에 진경이와 둘이 남게 되자 용기를 내서 어제 미안했다고 말했다.",
        "textWordEA": 28
      }
    },
    {
      "srcTextID": "146190",
      "srcText": "“와, 맛있겠다!” 준호는 아침 식탁에 앉자마자 환호했어요. 그리고 아직 보 글거리는 뚝배기에 숟가락을 푹 꽂았어요.",
      "srcPage": 1,
      "srcSentenceEA": 3,
      "srcWordEA": 17,
      "character": "준호,숟가락",
      "setting": "식탁",
      "action": "환호했어요,꽂았어요",
      "feeling": null,
      "causalRelationship": null,
      "outcomeResolution": null,
      "prediction": null,
      "plotSummaryInfoCount": 1,
      "plotSummaryInfo": {
        "classification": "의사소통",
        "readAge": "초등_저학년",
        "form": "short-form",
        "plotSummaryText": "준호는 아침 식탁에 앉자마자 맛있겠다고 환호하고 뚝배기에 숟가락을 꽂았습니다.",
        "textWordEA": 9
      }
    }
  ]
}