{
  "title": "빨간 구두",
  "author": "김현주",
  "illustrator": "김나연",
  "isbn": "9788992191401",
  "publishedYear": 2006,
  "publisher": "한국아이엔이",
  "paragraphInfoCount": 35,
  "paragraphInfo": [
    {
      "srcTextID": "126049",
      "srcText": "깜짝 놀란 카렌이 어머니의 손을 꽉 잡았습니다. \"어머니, 돌아가시면 안 돼요!\" 그러나 어머니는 이내 눈을 감아 버렸습니다.",
      "srcPage": 4,
      "srcSentenceEA": 3,
      "srcWordEA": 18,
      "character": "카렌,어머니,눈",
      "setting": null,
      "action": "감아,잡았습니다",
      "feeling": null,
      "causalRelationship": null,
      "outcomeResolution": null,
      "prediction": null,
      "plotSummaryInfoCount": 1,
      "plotSummaryInfo": {
        "classification": "의사소통",
        "readAge": "초등_저학년",
        "form": "short-form",
        "plotSummaryText": "깜짝 놀란 카렌이 어머니의 손을 꽉 잡고 돌아가시면 안 된다고 소리쳤지만, 어머니는 이내 눈을 감아 버렸습니다.",
        "textWordEA": 16
      }
    },
    {
      "srcTextID": "126046",
      "srcText": "어느 날, 카렌은 길을 걷다가 유리 조각에 발을 찔렸습니다. 가엾게 여긴 구둣방 아주머니가 가게에 남아 있던 빨간 가죽으로 구두를 하나 만들어 주었습니다. \"이걸 신고 다니면 발을 다치지 않을 거야.\" \"아주머니, 정말 고맙습니다.\"",
      "srcPage": 2,
      "srcSentenceEA": 4,
      "srcWordEA": 33,
      "character": "카렌,아주머니,유리 조각,구두",
      "setting": "어느 날",
      "action": "걷다가,만들어",
      "feeling": "고맙습니다",
      "causalRelationship": null,
      "outcomeResolution": null,
      "prediction": null,
      "plotSummaryInfoCount": 1,
      "plotSummaryInfo": {
        "classification": "의사소통",
        "readAge": "초등_저학년",
        "form": "long-form",
        "plotSummaryText": "어느 날, 카렌은 길을 걷다가 유리 조각에 발을 찔렸고, 이를 가엾게 여긴 구둣방 아주머니가 가게에 남아 있던 빨간 가죽으로 구두를 하나 만들어 주면서 이걸 신고 다니면 발을 다치지 않을 거라고 말했습니다.",
        "textWordEA": 31
      }
    },
    {
      "srcTextID": "126050",
      "srcText": "집으로 돌아온 카렌은 어머니에게 빨간 구두를 보여 드렸습니다. 그러나 어머니는 팔을 뻗어 카렌의 뺨을 쓰다듬으며 이렇게 말했습니다. \"그런데 예쁜 구두를 신은 네 모습을 볼 날이 많지 않을 것 같구나.\"",
      "srcPage": 3,
      "srcSentenceEA": 3,
      "srcWordEA": 30,
      "character": "카렌,어머니,빨간 구두,예쁜 구두,뺨",
      "setting": "집",
      "action": "돌아온,보여,뻗어,말했습니다,신은,쓰다듬으며",
      "feeling": null,
      "causalRelationship": null,
      "outcomeResolution": null,
      "prediction": null,
      "plotSummaryInfoCount": 1,
      "plotSummaryInfo": {
        "classification": "의사소통",
        "readAge": "초등_저학년",
        "form": "short-form",
        "plotSummaryText": "집으로 돌아온 카렌은 어머니에게 빨간 구두를 보여 드렸고, 어머니는 카렌의 뺨을 쓰다듬으며 예쁜 구두를 신은 그녀의 모습을 볼 날이 많지 않을 것 같다고 말했습니다.",
        "textWordEA": 24
      }
    },
    {
      "srcTextID": "126051",
      "srcText": "카렌은 몸부림을 치며 울어 보았지만, 돌아가신 어머니는 다시 일어나지 못했습니다. 며칠 뒤, 어머니의 장례식 날이 되었습니다. 그런데 장례식에 신고 갈 검정 구두가 없었습니다.",
      "srcPage": 5,
      "srcSentenceEA": 3,
      "srcWordEA": 25,
      "character": "카렌,검정 구두,어머니",
      "setting": "며칠 뒤",
      "action": "신고,돌아가신,일어나지 못했습니다,울어,몸부림을 치며",
      "feeling": null,
      "causalRelationship": null,
      "outcomeResolution": null,
      "prediction": null,
      "plotSummaryInfoCount": 1,
      "plotSummaryInfo": {
        "classification": "의사소통",
        "readAge": "초등_저학년",
        "form": "short-form",
        "plotSummaryText": "카렌이 몸부림을 치며 울었지만, 돌아가신 어머니는 다시 일어나지 못했고, 카렌은 어머니의 장례식에 신고 갈 검정 구두가 없었습니다.\n",
        "textWordEA": 17
      }
    },
    {
      "srcTextID": "126048",
      "srcText": "'이걸 신고 장례식에 가면 안 되는데.' 그러나 카렌은 거울에 비친 자기의 모습에 반해 장례식이라는 것도 잊고 외쳤습니다. \"정말 나한테 잘 어울리는 구두야!\"",
      "srcPage": 6,
      "srcSentenceEA": 3,
      "srcWordEA": 23,
      "character": "카렌,구두,거울",
      "setting": null,
      "action": "신고,외쳤습니다,가면",
      "feeling": "반해",
      "causalRelationship": null,
      "outcomeResolution": null,
      "prediction": null,
      "plotSummaryInfoCount": 1,
      "plotSummaryInfo": {
        "classification": "의사소통",
        "readAge": "초등_저학년",
        "form": "short-form",
        "plotSummaryText": "카렌은 거울에 비친 자기의 모습에 반해 장례식이라는 것도 잊고 정말 자기한테 잘 어울리는 구두라고 외쳤습니다.",
        "textWordEA": 15
      }
    },
    {
      "srcTextID": "126054",
      "srcText": "카렌은 빨간 구두를 신고, 어머니의 장례 행렬을 따라갔습니다. 사람들은 빨간 구두를 신은 카렌을 보고는 혀를 찼습니다. \"원 저런. 어머니 장례식에 빨간 구두를 신고 오다니!\"",
      "srcPage": 7,
      "srcSentenceEA": 4,
      "srcWordEA": 26,
      "character": "카렌,사람들,빨간 구두,어머니",
      "setting": null,
      "action": "신고,따라갔습니다,신은,혀를 찼습니다",
      "feeling": null,
      "causalRelationship": null,
      "outcomeResolution": null,
      "prediction": null,
      "plotSummaryInfoCount": 1,
      "plotSummaryInfo": {
        "classification": "의사소통",
        "readAge": "초등_저학년",
        "form": "long-form",
        "plotSummaryText": "카렌은 빨간 구두를 신고, 어머니의 장례 행렬을 따라갔고, 사람들은 어머니 장례식에 빨간 구두를 신고 왔다며 혀를 찼습니다.",
        "textWordEA": 17
      }
    },
    {
      "srcTextID": "126053",
      "srcText": "카렌도 사람들의 수군거림을 들었으나, 어쩔 수 없는 일이었습니다. 구두라곤 빨간 구두밖에 없었으니까요. \"얘야, 어쩌다 그런 구두를 신고 장례 행렬을 따라가는 것이냐?\" 어떤 부자 할머니의 물음에 카렌은 그동안의 이야기를 들려주었습니다.",
      "srcPage": 8,
      "srcSentenceEA": 4,
      "srcWordEA": 31,
      "character": "카렌,부자 할머니,빨간 구두,구두",
      "setting": null,
      "action": "들었으나,신고,따라가는,들려주었습니다",
      "feeling": null,
      "causalRelationship": null,
      "outcomeResolution": null,
      "prediction": null,
      "plotSummaryInfoCount": 1,
      "plotSummaryInfo": {
        "classification": "의사소통",
        "readAge": "초등_저학년",
        "form": "long-form",
        "plotSummaryText": "카렌도 사람들의 수군거림을 들었지만 구두라곤 빨간 구두밖에 없었으므로 어쩔 수 없는 일이었고, 어떤 부자 할머니가 어쩌다 그런 구두를 신고 장례 행렬을 따라가는 것이냐고 물어서 카렌은 그동안의 이야기를 들려주었습니다.",
        "textWordEA": 28
      }
    },
    {
      "srcTextID": "126052",
      "srcText": "\"신발이 그것밖에 없었구나. 쯧쯧. 엄마도 돌아가셨으니 나와 함께 살지 않겠니?\" \"그래도 돼요? 할머니.\" 카렌은 어머니의 장례식을 치른 뒤, 부자 할머니네 집으로 가기로 했습니다.",
      "srcPage": 9,
      "srcSentenceEA": 6,
      "srcWordEA": 27,
      "character": "신발,엄마,할머니,카렌,나",
      "setting": "부자 할머니네 집",
      "action": "돌아가셨으니,살지,치른,가기로",
      "feeling": null,
      "causalRelationship": null,
      "outcomeResolution": null,
      "prediction": null,
      "plotSummaryInfoCount": 1,
      "plotSummaryInfo": {
        "classification": "의사소통",
        "readAge": "초등_저학년",
        "form": "long-form",
        "plotSummaryText": "엄마도 돌아가셨으니 자기와 함께 살지 않겠냐고 해서, 카렌은 어머니의 장례식을 치른 뒤, 부자 할머니네 집으로 가기로 했습니다.",
        "textWordEA": 17
      }
    },
    {
      "srcTextID": "126056",
      "srcText": "역시 카렌은 빨간 구두가 제일 갖고 싶었습니다. 눈이 침침해진 할머니는 카렌이 고른 구두가 검정 구두인 줄 알고 있었습니다. '내가 빨간 구두를 신은 모습을 보면 모두들 예쁘다고 할걸.'",
      "srcPage": 11,
      "srcSentenceEA": 3,
      "srcWordEA": 28,
      "character": "카렌,할머니,검정 구두,빨간 구두",
      "setting": null,
      "action": "고른,신은",
      "feeling": "예쁘다고",
      "causalRelationship": null,
      "outcomeResolution": null,
      "prediction": null,
      "plotSummaryInfoCount": 1,
      "plotSummaryInfo": {
        "classification": "의사소통",
        "readAge": "초등_저학년",
        "form": "short-form",
        "plotSummaryText": "눈이 침침해진 할머니는 카렌이 고른 구두가 검정 구두인 줄 알고 있었고, 카렌은 자기가 빨간 구두를 신은 모습을 보면 모두들 예쁘다고 할 것이라 생각했습니다.",
        "textWordEA": 23
      }
    },
    {
      "srcTextID": "126059",
      "srcText": "예배가 끝난 뒤, 할머니는 사람들의 말을 듣고 카렌을 꾸짖었습니다. \"교회에 빨간 구두를 신고 오다니 또다시 그럴 테냐!\" 카렌은 할머니의 화난 모습을 보고 용서를 빌었습니다.",
      "srcPage": 13,
      "srcSentenceEA": 3,
      "srcWordEA": 25,
      "character": "할머니,빨간 구두,카렌",
      "setting": "예배가 끝난 뒤,교회",
      "action": "꾸짖었습니다,신고,빌었습니다,보고,듣고",
      "feeling": null,
      "causalRelationship": null,
      "outcomeResolution": null,
      "prediction": null,
      "plotSummaryInfoCount": 1,
      "plotSummaryInfo": {
        "classification": "의사소통",
        "readAge": "초등_저학년",
        "form": "short-form",
        "plotSummaryText": "예배가 끝난 뒤, 할머니는 사람들의 말을 듣고 교회에 빨간 구두를 신고 온 카렌을 꾸짖었고, 그녀는 할머니의 화난 모습을 보고 용서를 빌었습니다.",
        "textWordEA": 21
      }
    },
    {
      "srcTextID": "126060",
      "srcText": "교회 문 앞에 앉아 있던 턱수염이 긴 늙은 군인이 카렌을 보고 말했습니다. \"빨간 구두를 신고 교회에 들어가면 하느님께 벌 받아요, 아가씨.\" 카렌은 목발을 짚고 일어서는 늙은 군인을 흘깃 한번 쳐다보더니 교회 안으로 들어가 버렸습니다. 예배가 시작되어도 카렌은 빨간 구두를 신은 자신의 모습에 반해 기도도 하는 둥 마는 둥 했습니다.",
      "srcPage": 15,
      "srcSentenceEA": 4,
      "srcWordEA": 51,
      "character": "카렌,늙은 군인,빨간 구두",
      "setting": "교회",
      "action": "앉아,말했습니다,신고,들어가면,들어가",
      "feeling": null,
      "causalRelationship": null,
      "outcomeResolution": null,
      "prediction": null,
      "plotSummaryInfoCount": 1,
      "plotSummaryInfo": {
        "classification": "의사소통",
        "readAge": "초등_저학년",
        "form": "long-form",
        "plotSummaryText": "교회 문 앞에 앉아 있던 늙은 군인이 카렌을 보고 빨간 구두를 신고 교회에 들어가면 하느님께 벌 받는다고 말했지만, 그녀는 그를 흘깃 한번 쳐다보더니 교회 안으로 들어가 버렸고, 예배가 시작되어도 빨간 구두를 신은 자신의 모습에 반해 기도도 하는 둥 마는 둥 했습니다.",
        "textWordEA": 41
      }
    },
    {
      "srcTextID": "126063",
      "srcText": "카렌이 교회에서 나오자 늙은 군인이 소리쳤습니다. \"빨간 구두야, 춤을 추어라!\" 그러자 이상한 일이 벌어졌습니다.",
      "srcPage": 16,
      "srcSentenceEA": 3,
      "srcWordEA": 15,
      "character": "카렌,늙은 군인,빨간 구두",
      "setting": "교회",
      "action": "나오자,소리쳤습니다,춤을 추어라",
      "feeling": null,
      "causalRelationship": null,
      "outcomeResolution": null,
      "prediction": null,
      "plotSummaryInfoCount": 1,
      "plotSummaryInfo": {
        "classification": "의사소통",
        "readAge": "초등_저학년",
        "form": "short-form",
        "plotSummaryText": "카렌이 교회에서 나오자 늙은 군인이 빨간 구두에게 춤을 추라고 소리쳤고, 그러자 이상한 일이 벌어졌습니다.",
        "textWordEA": 14
      }
    },
    {
      "srcTextID": "126062",
      "srcText": "그때 카렌의 빨간 구두가 할머니를 마구 찼습니다. 황급히 마부가 카렌을 붙잡고 구두를 벗기자 겨우 소동이 멈췄습니다. 할머니는 카렌이 또 빨간 구두를 신고 교회에 온 걸 알고 무척 화가 났습니다.",
      "srcPage": 18,
      "srcSentenceEA": 3,
      "srcWordEA": 31,
      "character": "빨간 구두,마부,할머니",
      "setting": "교회에",
      "action": "찼습니다,붙잡고,벗기자,신고",
      "feeling": "화가 났습니다",
      "causalRelationship": null,
      "outcomeResolution": null,
      "prediction": null,
      "plotSummaryInfoCount": 1,
      "plotSummaryInfo": {
        "classification": "의사소통",
        "readAge": "초등_저학년",
        "form": "short-form",
        "plotSummaryText": "그때 카렌의 빨간 구두가 할머니를 마구 찼고, 마부가 카렌을 붙잡고 구두를 벗기자 겨우 소동이 멈췄는데, 할머니는 그녀가 또 빨간 구두를 신고 교회에 온 걸 알고 무척 화가 났습니다.",
        "textWordEA": 28
      }
    },
    {
      "srcTextID": "126061",
      "srcText": "\"나를 속이고 또 빨간 구두를 신고 오다니. 넌 정말 나쁜 아이로구나.\" 카렌은 아무런 대꾸도 하지 못하고 고개를 떨구었습니다.",
      "srcPage": 19,
      "srcSentenceEA": 3,
      "srcWordEA": 20,
      "character": "빨간 구두,넌,카렌,나",
      "setting": null,
      "action": "신고,고개를 떨구었습니다",
      "feeling": null,
      "causalRelationship": null,
      "outcomeResolution": null,
      "prediction": null,
      "plotSummaryInfoCount": 1,
      "plotSummaryInfo": {
        "classification": "의사소통",
        "readAge": "초등_저학년",
        "form": "short-form",
        "plotSummaryText": "속이고 또 빨간 구두를 신고 오다니 정말 나쁜 아이라는 말에 카렌은 아무런 대꾸도 하지 못하고 고개를 떨구었습니다.",
        "textWordEA": 17
      }
    },
    {
      "srcTextID": "126067",
      "srcText": "무도회장에서 카렌의 빨간 구두는 눈에 띌 정도로 아름다웠습니다. 곧이어 연주가 시작되고 사람들은 춤을 추기 시작했습니다. 카렌도 할머니의 일은 까맣게 잊어버리고 춤을 추었습니다.",
      "srcPage": 21,
      "srcSentenceEA": 3,
      "srcWordEA": 24,
      "character": "카렌,빨간 구두,할머니",
      "setting": "무도회장",
      "action": "춤을 추기,춤을 추었습니다",
      "feeling": "아름다웠습니다",
      "causalRelationship": null,
      "outcomeResolution": null,
      "prediction": null,
      "plotSummaryInfoCount": 1,
      "plotSummaryInfo": {
        "classification": "의사소통",
        "readAge": "초등_저학년",
        "form": "short-form",
        "plotSummaryText": "무도회장에서 카렌의 빨간 구두는 눈에 띌 정도로 아름다웠고, 연주가 시작되어 사람들이 춤을 추기 시작하자 카렌도 할머니의 일은 까맣게 잊어버리고 춤을 추었습니다.",
        "textWordEA": 21
      }
    },
    {
      "srcTextID": "126066",
      "srcText": "그러던 중 카렌의 구두가 제멋대로 춤을 추기 시작했습니다. 구두는 카렌이 원하는 곳으로 가지 않고 자꾸 그 반대 방향으로만 춤을 추며 나아갔습니다. 그만두고 싶어도 멈출 수가 없었습니다.",
      "srcPage": 22,
      "srcSentenceEA": 3,
      "srcWordEA": 28,
      "character": "구두,카렌",
      "setting": null,
      "action": "나아갔습니다,멈출 수가 없었습니다,가지 않고,춤을 추며",
      "feeling": null,
      "causalRelationship": null,
      "outcomeResolution": null,
      "prediction": null,
      "plotSummaryInfoCount": 1,
      "plotSummaryInfo": {
        "classification": "의사소통",
        "readAge": "초등_저학년",
        "form": "short-form",
        "plotSummaryText": "그러던 중 카렌의 구두가 제멋대로 춤을 추기 시작했고, 카렌이 원하는 곳이 아닌 반대 방향으로만 춤을 추며 나아갔으며 그만두고 싶어도 멈출 수가 없었습니다.",
        "textWordEA": 22
      }
    },
    {
      "srcTextID": "126069",
      "srcText": "그래도 빨간 구두는 멈추지 않고 춤을 추었습니다. 카렌은 전에 교회 문 앞에서 만났던 늙은 군인을 보았습니다. 그 군인은 나뭇가지에 걸터앉은 채 빨간 구두에게 명령했습니다.",
      "srcPage": 24,
      "srcSentenceEA": 3,
      "srcWordEA": 26,
      "character": "빨간 구두,카렌,늙은 군인,군인,교회 문 앞",
      "setting": "나뭇가지",
      "action": "멈추지 않고,추었습니다,만났던,보았습니다,명령했습니다,걸터앉은",
      "feeling": null,
      "causalRelationship": null,
      "outcomeResolution": null,
      "prediction": null,
      "plotSummaryInfoCount": 1,
      "plotSummaryInfo": {
        "classification": "의사소통",
        "readAge": "초등_저학년",
        "form": "short-form",
        "plotSummaryText": "그래도 빨간 구두는 멈추지 않고 춤을 추었고, 카렌이 전에 교회 문 앞에서 만났던 늙은 군인이 나뭇가지에 걸터앉은 채 빨간 구두에게 명령했습니다.",
        "textWordEA": 21
      }
    },
    {
      "srcTextID": "126068",
      "srcText": "\"빨간 구두야, 더욱 빨리 춤을 추어라!\" 카렌이 구두를 벗어 보려 했지만 더욱 빨리 춤만 추었습니다. 가시에 스쳐 다리에 상처가 나고 피가 흘렀습니다.",
      "srcPage": 25,
      "srcSentenceEA": 3,
      "srcWordEA": 24,
      "character": "카렌,빨간 구두,구두",
      "setting": null,
      "action": "벗어,스쳐,추었습니다",
      "feeling": null,
      "causalRelationship": null,
      "outcomeResolution": null,
      "prediction": null,
      "plotSummaryInfoCount": 1,
      "plotSummaryInfo": {
        "classification": "의사소통",
        "readAge": "초등_저학년",
        "form": "short-form",
        "plotSummaryText": "빨간 구두에게 더욱 빨리 춤을 추라고 말하자, 카렌이 구두를 벗어 보려 해도 더욱 빨리 춤만 추었고, 다리에 상처가 나고 피가 흘렀습니다.",
        "textWordEA": 21
      }
    },
    {
      "srcTextID": "126071",
      "srcText": "\"아얏, 제발 멈추란 말이야! 구두야!\" 빨간 구두는 그다음 날도 또 그다음 날도 계속해서 춤을 추었습니다. 카렌의 살려 달라는 애원도 소용이 없었습니다. 만신창이가 된 채 간신히 숲을 빠져나온 카렌은 춤을 추며 어느 장례식을 보게 되었습니다.",
      "srcPage": 26,
      "srcSentenceEA": 5,
      "srcWordEA": 38,
      "character": "빨간 구두,카렌",
      "setting": "숲",
      "action": "멈추란,추었습니다,빠져나온,보게,춤을 추며",
      "feeling": null,
      "causalRelationship": null,
      "outcomeResolution": null,
      "prediction": null,
      "plotSummaryInfoCount": 1,
      "plotSummaryInfo": {
        "classification": "의사소통",
        "readAge": "초등_저학년",
        "form": "long-form",
        "plotSummaryText": "카렌의 살려 달라는 애원에도 빨간 구두는 그다음 날도 또 그다음 날도 계속해서 춤을 추었고, 만신창이가 된 채 간신히 숲을 빠져나온 카렌은 춤을 추며 어느 장례식을 보게 되었습니다.",
        "textWordEA": 27
      }
    },
    {
      "srcTextID": "126072",
      "srcText": "바로 자신을 길러 준 할머니의 장례식이었습니다. \"아, 할머니. 제가 잘못했어요.\" 카렌은 자신의 잘못을 뉘우치고 장례식에 참석하고 싶었지만, 춤을 멈출 수가 없었습니다.",
      "srcPage": 27,
      "srcSentenceEA": 4,
      "srcWordEA": 23,
      "character": "할머니,카렌",
      "setting": null,
      "action": "뉘우치고,참석하고,멈출,길러",
      "feeling": null,
      "causalRelationship": null,
      "outcomeResolution": null,
      "prediction": null,
      "plotSummaryInfoCount": 1,
      "plotSummaryInfo": {
        "classification": "의사소통",
        "readAge": "초등_저학년",
        "form": "long-form",
        "plotSummaryText": "바로 자신을 길러 준 할머니의 장례식이었고, 카렌은 자기 잘못을 뉘우치고 장례식에 참석하고 싶었지만, 춤을 멈출 수가 없었습니다.",
        "textWordEA": 17
      }
    },
    {
      "srcTextID": "126075",
      "srcText": "할 수 없이 카렌은 빨간 구두를 신은 자신의 발을 자르기로 했습니다. 그래서 죄수의 목을 베는 사람의 집을 찾아 부탁했습니다. 아저씨, 그 도끼로 구두를 신은 제 발을 잘라 주세요.",
      "srcPage": 28,
      "srcSentenceEA": 3,
      "srcWordEA": 30,
      "character": "카렌,아저씨,도끼",
      "setting": "죄수의 목을 베는 사람의 집",
      "action": "자르기로,부탁했습니다,잘라",
      "feeling": null,
      "causalRelationship": null,
      "outcomeResolution": null,
      "prediction": null,
      "plotSummaryInfoCount": 1,
      "plotSummaryInfo": {
        "classification": "의사소통",
        "readAge": "초등_저학년",
        "form": "short-form",
        "plotSummaryText": "할 수 없이 카렌은 빨간 구두를 신은 자기 발을 자르기로 하고, 죄수의 목을 베는 사람의 집을 찾아 아저씨에게 도끼로 자기의 발을 잘라 달라고 부탁했습니다.",
        "textWordEA": 24
      }
    },
    {
      "srcTextID": "126076",
      "srcText": "목발을 짚고 마을로 돌아온 카렌은 장례식에 참석한 뒤, 교회로 갔습니다. 그리고 무릎을 꿇고 진심으로 기도를 올렸습니다. \"하느님, 저는 정말 나쁜 아이입니다. 저의 죄를 씻는 일이라면 뭐든지 하겠습니다. 제발 용서해 주세요.\"",
      "srcPage": 31,
      "srcSentenceEA": 5,
      "srcWordEA": 33,
      "character": "카렌,목발,무릎을",
      "setting": "마을로,교회로",
      "action": "짚고,돌아온,갔습니다,기도를 올렸습니다,용서해,꿇고",
      "feeling": null,
      "causalRelationship": null,
      "outcomeResolution": null,
      "prediction": null,
      "plotSummaryInfoCount": 1,
      "plotSummaryInfo": {
        "classification": "의사소통",
        "readAge": "초등_저학년",
        "form": "long-form",
        "plotSummaryText": "목발을 짚고 마을로 돌아온 카렌은 장례식에 참석한 뒤 교회로 가서, 무릎을 꿇고 하느님께 자기의 죄를 씻는 일이라면 뭐든지 하겠으니 제발 용서해 달라고 기도를 올렸습니다.",
        "textWordEA": 24
      }
    },
    {
      "srcTextID": "126079",
      "srcText": "천사의 부드러운 음성에 카렌의 마음도 한결 편해졌습니다. 그리고는 온몸에 힘이 빠지면서 두 손을 모은 그대로 한쪽으로 몸이 기울었습니다. 고요히 눈을 감은 카렌의 영혼은 천사를 따라 편안히 하늘나라로 향했습니다.",
      "srcPage": 35,
      "srcSentenceEA": 3,
      "srcWordEA": 30,
      "character": "천사,카렌,눈,온몸,두 손 몸",
      "setting": "하늘나라",
      "action": "모은,감은,향했습니다,기울었습니다",
      "feeling": "편해졌습니다,편안히",
      "causalRelationship": null,
      "outcomeResolution": null,
      "prediction": null,
      "plotSummaryInfoCount": 1,
      "plotSummaryInfo": {
        "classification": "의사소통",
        "readAge": "초등_저학년",
        "form": "short-form",
        "plotSummaryText": "천사의 부드러운 음성에 카렌의 마음도 한결 편해졌고, 고요히 눈을 감은 카렌의 영혼은 천사를 따라 편안히 하늘나라로 향했습니다.",
        "textWordEA": 17
      }
    },
    {
      "srcTextID": "126047",
      "srcText": "옛날, 어느 마을에 카렌이라는 귀여운 소녀가 살았답니다. 이 소녀는 병든 어머니를 보살펴 드려야 했기 때문에 남의 집 일을 하며 아주 힘들게 살고 있었어요. 너무 가난했던 카렌은 구두를 살 돈조차 없어 맨발로 다녀야 했습니다.",
      "srcPage": 1,
      "srcSentenceEA": 3,
      "srcWordEA": 35,
      "character": "카렌,어머니",
      "setting": "어느 마을에,옛날",
      "action": "살았답니다,보살펴,살고,살,다녀야",
      "feeling": null,
      "causalRelationship": null,
      "outcomeResolution": null,
      "prediction": null,
      "plotSummaryInfoCount": 1,
      "plotSummaryInfo": {
        "classification": "의사소통",
        "readAge": "초등_저학년",
        "form": "short-form",
        "plotSummaryText": "어느 마을에 사는 귀여운 소녀 카렌은 병든 어머니를 보살펴 드려야 했기 때문에 남의 집 일을 하며 아주 힘들게 살았는데, 너무 가난해서 구두를 살 돈조차 없어 맨발로 다녀야 했습니다.",
        "textWordEA": 28
      }
    },
    {
      "srcTextID": "126055",
      "srcText": "부잣집에서 살게 된 카렌은 어여쁜 숙녀로 자랐습니다. 어느 날, 할머니는 카렌에게 어울릴 구두를 하나 사 주려고 구둣방으로 데리고 갔습니다. 구두 중에 유난히 카렌의 마음을 끄는 것이 있었습니다. 바로 빨간 구두였습니다.",
      "srcPage": 10,
      "srcSentenceEA": 4,
      "srcWordEA": 33,
      "character": "카렌,할머니,구두",
      "setting": "어느 날,구둣방,부잣집",
      "action": "데리고 갔습니다,사 주려고",
      "feeling": null,
      "causalRelationship": null,
      "outcomeResolution": null,
      "prediction": null,
      "plotSummaryInfoCount": 1,
      "plotSummaryInfo": {
        "classification": "의사소통",
        "readAge": "초등_저학년",
        "form": "long-form",
        "plotSummaryText": "부잣집에서 살게 된 카렌은 어여쁜 숙녀로 자랐고, 어느 날, 할머니가 구두를 하나 사 주려고 카렌을 구둣방으로 데리고 갔는데, 구두 중에 유난히 카렌의 마음을 끄는 빨간 구두가 있었습니다.",
        "textWordEA": 27
      }
    },
    {
      "srcTextID": "126058",
      "srcText": "\"할머니, 잘못했어요. 다시는 교회에 빨간 구두를 신고 가지 않겠어요.\" 그러나 카렌은 다음 일요일에도 빨간 구두를 신고 교회로 갔습니다.",
      "srcPage": 14,
      "srcSentenceEA": 3,
      "srcWordEA": 20,
      "character": "할머니,카렌,빨간 구두",
      "setting": "교회",
      "action": "신고,갔습니다",
      "feeling": null,
      "causalRelationship": null,
      "outcomeResolution": null,
      "prediction": null,
      "plotSummaryInfoCount": 1,
      "plotSummaryInfo": {
        "classification": "의사소통",
        "readAge": "초등_저학년",
        "form": "short-form",
        "plotSummaryText": "할머니께 다시는 교회에 빨간 구두를 신고 가지 않겠다고 말했지만, 카렌은 다음 일요일에도 빨간 구두를 신고 교회로 갔습니다.",
        "textWordEA": 17
      }
    },
    {
      "srcTextID": "126064",
      "srcText": "카렌이 신고 있던 빨간 구두가 자기 맘대로 춤을 추는 것이었습니다. \"할머니, 신발이 마음대로 움직여서 멈출 수가 없어요!\" \"어떻게 된 거냐, 얘야?\"",
      "srcPage": 17,
      "srcSentenceEA": 3,
      "srcWordEA": 21,
      "character": "카렌,빨간 구두,할머니,신발",
      "setting": null,
      "action": "신고,움직여서,춤을 추는",
      "feeling": null,
      "causalRelationship": null,
      "outcomeResolution": null,
      "prediction": null,
      "plotSummaryInfoCount": 1,
      "plotSummaryInfo": {
        "classification": "의사소통",
        "readAge": "초등_저학년",
        "form": "short-form",
        "plotSummaryText": "카렌이 신고 있던 빨간 구두가 자기 맘대로 춤을 추자, 할머니에게 신발이 마음대로 움직여서 멈출 수가 없다고 말했습니다.",
        "textWordEA": 17
      }
    },
    {
      "srcTextID": "126065",
      "srcText": "한편, 카렌의 구두에 차였던 할머니는 그 후 병이 나서 자리에 눕고 말았습니다. 카렌은 할머니를 정성껏 보살펴 드렸습니다. 그럼에도 할머니의 병은 더욱 깊어져 시름시름 앓게 되었습니다. 그런 어느 날, 카렌은 마을에서 무도회가 열린다는 소식을 들었습니다. '빨간 구두를 신은 내 모습이 가장 아름다울 거야.'",
      "srcPage": 20,
      "srcSentenceEA": 5,
      "srcWordEA": 45,
      "character": "할머니,카렌,빨간 구두",
      "setting": "그런 어느 날,마을에서",
      "action": "차였던,눕고,들었습니다,신은,보살펴",
      "feeling": null,
      "causalRelationship": null,
      "outcomeResolution": null,
      "prediction": null,
      "plotSummaryInfoCount": 1,
      "plotSummaryInfo": {
        "classification": "의사소통",
        "readAge": "초등_저학년",
        "form": "long-form",
        "plotSummaryText": "카렌의 구두에 차였던 할머니는 병이 났고, 카렌이 정성껏 보살펴 드려도 병은 더욱 깊어져 시름시름 앓게 되었는데, 그런 어느 날, 카렌은 마을에서 무도회가 열린다는 소식을 듣고 빨간 구두를 신은 자기 모습이 가장 아름다울 거라고 생각했습니다.",
        "textWordEA": 34
      }
    },
    {
      "srcTextID": "126070",
      "srcText": "카렌은 무도회장을 나왔으나 그래도 구두가 말을 듣지 않았습니다. 그제야 자신의 잘못을 깨달은 카렌이 하느님께 빌었습니다. \"제발 멈추게 해 주세요.\"",
      "srcPage": 23,
      "srcSentenceEA": 3,
      "srcWordEA": 20,
      "character": "카렌",
      "setting": "무도회장",
      "action": "나왔으나,빌었습니다,멈추게",
      "feeling": null,
      "causalRelationship": null,
      "outcomeResolution": null,
      "prediction": null,
      "plotSummaryInfoCount": 1,
      "plotSummaryInfo": {
        "classification": "의사소통",
        "readAge": "초등_저학년",
        "form": "short-form",
        "plotSummaryText": "카렌은 무도회장을 나왔으나 그래도 구두가 말을 듣지 않자, 자신의 잘못을 깨달은 카렌이 하느님께 제발 멈추게 해 달라고 빌었습니다.",
        "textWordEA": 18
      }
    },
    {
      "srcTextID": "126073",
      "srcText": "그러지 않으면 춤을 멈출 수가 없어요. 지금 할머니의 장례식에 가야만 하거든요. 그 사람은 카렌의 간절한 부탁을 거절할 수가 없었습니다.",
      "srcPage": 29,
      "srcSentenceEA": 3,
      "srcWordEA": 21,
      "character": "그 사람,카렌,할머니",
      "setting": "장례식에",
      "action": "멈출 수가 없어요,거절할,멈출",
      "feeling": null,
      "causalRelationship": null,
      "outcomeResolution": null,
      "prediction": null,
      "plotSummaryInfoCount": 1,
      "plotSummaryInfo": {
        "classification": "의사소통",
        "readAge": "초등_저학년",
        "form": "short-form",
        "plotSummaryText": "그러지 않으면 춤을 멈출 수가 없고, 지금 할머니의 장례식에 가야만 한다는 카렌의 간절한 부탁을 그 사람은 거절할 수가 없었습니다.",
        "textWordEA": 19
      }
    },
    {
      "srcTextID": "126077",
      "srcText": "카렌의 참회하는 기도를 듣고 있던 목사님은 교회에서 고아들을 돌볼 수 있도록 해 주었습니다. 카렌은 정성을 다해 아이들을 보살펴 주었습니다. 아이들은 이런 카렌을 친엄마처럼 누나, 언니처럼 잘 따랐습니다.",
      "srcPage": 32,
      "srcSentenceEA": 3,
      "srcWordEA": 29,
      "character": "목사님,카렌,고아들",
      "setting": "교회에서",
      "action": "듣고,돌볼,보살펴,따랐습니다",
      "feeling": null,
      "causalRelationship": null,
      "outcomeResolution": null,
      "prediction": null,
      "plotSummaryInfoCount": 1,
      "plotSummaryInfo": {
        "classification": "의사소통",
        "readAge": "초등_저학년",
        "form": "short-form",
        "plotSummaryText": "카렌의 참회하는 기도를 듣고 있던 목사님은 교회에서 고아들을 돌볼 수 있도록 해 주었고, 카렌은 정성을 다해 아이들을 보살펴 주었으며, 아이들은 친엄마처럼 누나, 언니처럼 잘 따랐습니다.",
        "textWordEA": 25
      }
    },
    {
      "srcTextID": "126078",
      "srcText": "어느 날, 카렌이 기도를 드릴 때였습니다. 갑자기 주위가 환해지더니 천사가 나타났습니다. \"카렌, 당신은 이제 용서를 받았습니다. 자, 나를 따라오세요.\"",
      "srcPage": 34,
      "srcSentenceEA": 4,
      "srcWordEA": 21,
      "character": "카렌,천사,나",
      "setting": "어느 날,카렌이 기도를 드릴 때",
      "action": "나타났습니다,받았습니다,따라오세요",
      "feeling": null,
      "causalRelationship": null,
      "outcomeResolution": null,
      "prediction": null,
      "plotSummaryInfoCount": 1,
      "plotSummaryInfo": {
        "classification": "의사소통",
        "readAge": "초등_저학년",
        "form": "long-form",
        "plotSummaryText": "어느 날, 카렌이 기도를 드릴 때 갑자기 주위가 환해지더니 천사가 나타나, 이제 용서를 받았으니 자기를 따라오라고 말했습니다.",
        "textWordEA": 17
      }
    },
    {
      "srcTextID": "126057",
      "srcText": "이튿날, 카렌은 빨간 구두를 신고 교회에 갔습니다. 사람들은 모두 놀라 카렌을 쳐다보았습니다. 교회에는 검정 구두를 신고 가야 했기 때문입니다. 그런데도 카렌은 빨간 구두를 신은 자신의 모습이 가장 예쁘다고 생각했습니다.",
      "srcPage": 12,
      "srcSentenceEA": 4,
      "srcWordEA": 32,
      "character": "카렌,빨간 구두,사람들,검정 구두",
      "setting": "이튿날,교회",
      "action": "신고,갔습니다,쳐다보았습니다",
      "feeling": "놀라,예쁘다고",
      "causalRelationship": null,
      "outcomeResolution": null,
      "prediction": null,
      "plotSummaryInfoCount": 1,
      "plotSummaryInfo": {
        "classification": "의사소통",
        "readAge": "초등_저학년",
        "form": "long-form",
        "plotSummaryText": "이튿날, 카렌은 빨간 구두를 신고 교회에 갔고, 그곳에는 검정 구두를 신고 가야 했기 때문에 사람들이 모두 놀라 쳐다보았는데도 카렌은 빨간 구두를 신은 자기 모습이 가장 예쁘다고 생각했습니다.",
        "textWordEA": 27
      }
    },
    {
      "srcTextID": "126074",
      "srcText": "잘려 나간 카렌의 발은 빨간 구두를 신은 채 여전히 춤을 추며 어디론가 사라졌습니다. 카렌은 아픔도 잊고 고맙다는 인사를 했습니다. 불쌍히 여긴 아저씨는 카렌에게 목발과 가짜 발을 만들어 주었습니다.",
      "srcPage": 30,
      "srcSentenceEA": 3,
      "srcWordEA": 30,
      "character": "빨간 구두,카렌,아저씨,목발,발,가짜 발",
      "setting": null,
      "action": "신은,추며,사라졌습니다,만들어,인사를 했습니다",
      "feeling": "불쌍히",
      "causalRelationship": null,
      "outcomeResolution": null,
      "prediction": null,
      "plotSummaryInfoCount": 1,
      "plotSummaryInfo": {
        "classification": "의사소통",
        "readAge": "초등_저학년",
        "form": "short-form",
        "plotSummaryText": "잘려 나간 카렌의 발은 빨간 구두를 신은 채 여전히 춤을 추며 어디론가 사라졌고, 카렌을 불쌍히 여긴 아저씨는 목발과 가짜 발을 만들어 주었습니다.",
        "textWordEA": 22
      }
    },
    {
      "srcTextID": "126080",
      "srcText": "카렌은 비로소 겉의 아름다움보다는 마음의 아름다움이 소중하다는 것을 깨달았습니다. \"할머니, 이제야 저의 어리석음을 깨달았어요.\" 카렌은 기도를 드릴 때마다 할머니께 용서를 빌었습니다.",
      "srcPage": 33,
      "srcSentenceEA": 3,
      "srcWordEA": 22,
      "character": "카렌,할머니",
      "setting": "기도를 드릴 때마다",
      "action": "깨달았습니다,깨달았어요,드릴,빌었습니다",
      "feeling": null,
      "causalRelationship": null,
      "outcomeResolution": null,
      "prediction": null,
      "plotSummaryInfoCount": 1,
      "plotSummaryInfo": {
        "classification": "의사소통",
        "readAge": "초등_저학년",
        "form": "short-form",
        "plotSummaryText": "카렌은 비로소 겉의 아름다움보다는 마음의 아름다움이 소중하다는 것을 깨달았고, 기도를 드릴 때마다 할머니께 용서를 빌었습니다.",
        "textWordEA": 15
      }
    }
  ]
}