{
  "title": "여우 색시",
  "author": "송경진",
  "illustrator": "정서영",
  "isbn": "9788992191487",
  "publishedYear": 2006,
  "publisher": "한국아이엔이",
  "paragraphInfoCount": 30,
  "paragraphInfo": [
    {
      "srcTextID": "115155",
      "srcText": "\"나를 사흘 동안이나 가두어 둔단 말이오? 그럼, 물이나 한 동이 주시오.\" \"물 한 동이? 그거야 문제없지.\" 여자는 물 한 동이를 갖다주고는 밖에서 문을 단단히 잠갔습니다. 그런데 여우의 꼬리털이 문틈에 끼여서 조금 뽑혀 있었습니다. 돌쇠는 여우의 꼬리털을 뽑아 품에 간직했습니다.",
      "srcPage": 18,
      "srcSentenceEA": 7,
      "srcWordEA": 44,
      "character": "물,여자,여우의 꼬리털,돌쇠",
      "setting": "사흘",
      "action": "가두어,갖다 주고는,잠갔습니다,간직했습니다,뽑아",
      "feeling": null,
      "causalRelationship": null,
      "outcomeResolution": null,
      "prediction": null,
      "plotSummaryInfoCount": 1,
      "plotSummaryInfo": {
        "classification": "의사소통",
        "readAge": "초등_저학년",
        "form": "long-form",
        "plotSummaryText": "돌쇠가 사흘 동안 가두어 둘 거면 물 한 동이를 달라고 하자, 물을 갖다주고 나가던 여우의 꼬리털이 문틈에 끼였고 돌쇠는 그것을 뽑아 품에 간직했습니다.",
        "textWordEA": 23
      }
    },
    {
      "srcTextID": "115158",
      "srcText": "이튿날, 구미호는 예쁜 색시로 둔갑하고 이웃 마을로 갔습니다. 김진사 댁에서는 맏딸을 시집보내는 잔치가 벌어졌습니다. 이윽고 밤이 되자, 신랑 신부가 신방에 마주 앉았습니다.",
      "srcPage": 19,
      "srcSentenceEA": 3,
      "srcWordEA": 24,
      "character": "구미호,예쁜 색시,김진사,맏딸,신랑,신부",
      "setting": "이튿날,이웃마을,밤,신방",
      "action": "둔갑하고,갔습니다,잔치가,앉았습니다",
      "feeling": null,
      "causalRelationship": null,
      "outcomeResolution": null,
      "prediction": null,
      "plotSummaryInfoCount": 1,
      "plotSummaryInfo": {
        "classification": "의사소통",
        "readAge": "초등_저학년",
        "form": "short-form",
        "plotSummaryText": "이튿날 구미호는 예쁜 색시로 둔갑하고 혼인 잔치가 벌어진 이웃 마을의 김진사 댁으로 내려갔고, 밤이 되어 신랑 신부는 신방에 마주 앉았습니다.",
        "textWordEA": 20
      }
    },
    {
      "srcTextID": "115162",
      "srcText": "몽둥이를 들고 신방으로 들어간 돌쇠는, 신부들을 벽 쪽으로 서 있게 했습니다. 그리고 자세히 살펴보니, 한 신부의 치마 끝의 올이 풀려 뜯겨져 있었습니다. '옳지, 이쪽이 바로 구미호로구나!'",
      "srcPage": 24,
      "srcSentenceEA": 3,
      "srcWordEA": 27,
      "character": "몽둥이,돌쇠,신부들,구미호",
      "setting": "신방",
      "action": "들고,들어간,서 있게,살펴보니",
      "feeling": null,
      "causalRelationship": null,
      "outcomeResolution": null,
      "prediction": null,
      "plotSummaryInfoCount": 1,
      "plotSummaryInfo": {
        "classification": "의사소통",
        "readAge": "초등_저학년",
        "form": "short-form",
        "plotSummaryText": "몽둥이를 들고 신방으로 들어간 돌쇠는 치마의 올이 뜯겨 있는 신부가 구미호라고 생각했습니다.",
        "textWordEA": 12
      }
    },
    {
      "srcTextID": "115163",
      "srcText": "돌쇠는 몽둥이로 그 신부의 머리를 힘껏 내리쳤습니다. \"캐갱캥캥!\" 갑자기 몽둥이로 맞은 신부는 그 자리에 쓰러져 구미호로 변했습니다. \"도대체 갇혀 있어야 할 네놈이 어떻게 빠져나왔느냐?\"",
      "srcPage": 25,
      "srcSentenceEA": 3,
      "srcWordEA": 25,
      "character": "돌쇠,몽둥이,신부,구미호",
      "setting": null,
      "action": "내리쳤습니다,쓰러져,맞은,빠져 나왔느냐,갇혀",
      "feeling": null,
      "causalRelationship": null,
      "outcomeResolution": null,
      "prediction": null,
      "plotSummaryInfoCount": 1,
      "plotSummaryInfo": {
        "classification": "의사소통",
        "readAge": "초등_저학년",
        "form": "short-form",
        "plotSummaryText": "돌쇠가 몽둥이로 머리를 내리치자, 신부가 구미호로 변한 채 쓰러졌고, 갇혀 있어야 할 놈이 어떻게 빠져나왔느냐고 소리쳤습니다.",
        "textWordEA": 16
      }
    },
    {
      "srcTextID": "115165",
      "srcText": "\"아이고, 돌쇠가 우리 딸을 구했구먼! 이제야 살겠네.\" 김진사 내외는 비로소 안도의 숨을 쉬었습니다. \"그런데 자네는 어떻게 구미호를 알아봤나?\"",
      "srcPage": 27,
      "srcSentenceEA": 4,
      "srcWordEA": 20,
      "character": "돌쇠,딸,김진사 내외,구미호",
      "setting": null,
      "action": "구했구먼,알아봤나,숨을 쉬었습니다",
      "feeling": null,
      "causalRelationship": null,
      "outcomeResolution": null,
      "prediction": null,
      "plotSummaryInfoCount": 1,
      "plotSummaryInfo": {
        "classification": "의사소통",
        "readAge": "초등_저학년",
        "form": "long-form",
        "plotSummaryText": "돌쇠가 딸을 구해 안도한 김진사 내외는 어떻게 구미호를 알아봤냐고 돌쇠에게 물었습니다.",
        "textWordEA": 11
      }
    },
    {
      "srcTextID": "115166",
      "srcText": "김진사의 말에 돌쇠는 지난밤에, 산에서 겪은 일을 이야기했습니다. \"구미호의 꼬리털이 뽑힌 흔적을 살피니 치맛자락이 뜯겨져 있더군요.\" \"허허, 그런 일이 있었군 그래. 우리를 살리시려고 신령님께서 돌쇠를 산으로 부르신 게 틀림없어.\"",
      "srcPage": 28,
      "srcSentenceEA": 4,
      "srcWordEA": 30,
      "character": "김진사,돌쇠,구미호,꼬리털,신령님",
      "setting": "지난밤,산",
      "action": "이야기했습니다,살피니,부르신 게,살리시려고",
      "feeling": null,
      "causalRelationship": null,
      "outcomeResolution": null,
      "prediction": null,
      "plotSummaryInfoCount": 1,
      "plotSummaryInfo": {
        "classification": "의사소통",
        "readAge": "초등_저학년",
        "form": "long-form",
        "plotSummaryText": "돌쇠가 지난밤에, 산에서 겪은 일과 구미호의 뜯긴 치맛자락을 이야기하자, 김진사는 우리를 살리려고 신령님이 돌쇠를 산으로 부른 거라며 기뻐했습니다.",
        "textWordEA": 18
      }
    },
    {
      "srcTextID": "115168",
      "srcText": "김진사는 돌쇠의 손을 잡고 말했습니다. \"돌쇠는 슬기롭고 용감한 청년이야. 여보게, 비겁하게 도망간 신랑 대신 자네가 내 사위가 되어 주게나.\"",
      "srcPage": 29,
      "srcSentenceEA": 3,
      "srcWordEA": 20,
      "character": "김진사,돌쇠,청년,신랑,사위",
      "setting": null,
      "action": "손을 잡고 말했습니다,도망간",
      "feeling": null,
      "causalRelationship": null,
      "outcomeResolution": null,
      "prediction": null,
      "plotSummaryInfoCount": 1,
      "plotSummaryInfo": {
        "classification": "의사소통",
        "readAge": "초등_저학년",
        "form": "short-form",
        "plotSummaryText": "김진사는 비겁하게 도망간 신랑 대신 슬기롭고 용감한 돌쇠에게 사위가 되어 달라고 말했습니다.",
        "textWordEA": 12
      }
    },
    {
      "srcTextID": "115146",
      "srcText": "두 신부는 서로 자기가 진짜라고 우겼습니다. '이럴 수가? 구미호가 돌아다닌다더니, 분명 백 년 묵은 여우의 짓일 거야.' 신랑은 정신을 바짝 차렸습니다.",
      "srcPage": 5,
      "srcSentenceEA": 4,
      "srcWordEA": 23,
      "character": "신부,구미호,백 년 묵은 여우,신랑",
      "setting": null,
      "action": "돌아다닌다더니",
      "feeling": null,
      "causalRelationship": null,
      "outcomeResolution": null,
      "prediction": null,
      "plotSummaryInfoCount": 1,
      "plotSummaryInfo": {
        "classification": "의사소통",
        "readAge": "초등_저학년",
        "form": "long-form",
        "plotSummaryText": "두 신부가 자기가 진짜라고 우기자, 백 년 묵은 여우짓이라고 생각한 신랑은 정신을 바짝 차렸습니다.",
        "textWordEA": 14
      }
    },
    {
      "srcTextID": "115164",
      "srcText": "방바닥에 쓰러진 구미호가 무섭게 쏘아보며 물었습니다. \"하하하, 물 한 동이로 흙벽을 적셔서 허물고 나왔지.\" 돌쇠의 말에 구미호는 분해서 이를 갈았지만, 그대로 죽고 말았습니다.",
      "srcPage": 26,
      "srcSentenceEA": 3,
      "srcWordEA": 24,
      "character": "구미호,돌쇠",
      "setting": null,
      "action": "쓰러진,쏘아보며 물었습니다,적셔서,허물고 나왔지,죽고 말았습니다",
      "feeling": "무섭게,분해서",
      "causalRelationship": null,
      "outcomeResolution": null,
      "prediction": null,
      "plotSummaryInfoCount": 1,
      "plotSummaryInfo": {
        "classification": "의사소통",
        "readAge": "초등_저학년",
        "form": "short-form",
        "plotSummaryText": "물로 흙벽을 적셔 허물고 나왔다는 돌쇠의 말에 구미호는 분해서 이를 갈았지만 죽고 말았습니다.",
        "textWordEA": 13
      }
    },
    {
      "srcTextID": "116026",
      "srcText": "그 광경을 본 왼쪽의 신부는 생글생글 웃으며 말했습니다. \"참 잘하셨어요. 저는 서방님이 저를 여우라고 할까 봐 걱정했답니다.\"",
      "srcPage": 7,
      "srcSentenceEA": 3,
      "srcWordEA": 18,
      "character": "신부,서방님,여우",
      "setting": null,
      "action": "본,웃으며 말했습니다",
      "feeling": "걱정했답니다.",
      "causalRelationship": null,
      "outcomeResolution": null,
      "prediction": null,
      "plotSummaryInfoCount": 1,
      "plotSummaryInfo": {
        "classification": "의사소통",
        "readAge": "초등_저학년",
        "form": "short-form",
        "plotSummaryText": "왼쪽 신부가 서방님이 자기를 여우라고 할까 봐 걱정했다고 웃으며 말했습니다.",
        "textWordEA": 10
      }
    },
    {
      "srcTextID": "115149",
      "srcText": "돌쇠는 나뭇짐을 진 채 숲길을 내달았습니다. 그러나 웬일인지 마을로 가는 길이 보이지 않았습니다. 날은 어두워지고, 비는 더욱 세차게 퍼부었습니다.",
      "srcPage": 12,
      "srcSentenceEA": 3,
      "srcWordEA": 21,
      "character": "돌쇠,나뭇짐",
      "setting": "숲길,마을",
      "action": "내달았습니다,보이지,퍼부었습니다",
      "feeling": null,
      "causalRelationship": null,
      "outcomeResolution": null,
      "prediction": null,
      "plotSummaryInfoCount": 1,
      "plotSummaryInfo": {
        "classification": "의사소통",
        "readAge": "초등_저학년",
        "form": "short-form",
        "plotSummaryText": "돌쇠가 나뭇짐을 지고 숲길을 내달았지만, 마을로 가는 길은 보이지 않고 비만 세차게 퍼부었습니다.",
        "textWordEA": 13
      }
    },
    {
      "srcTextID": "115152",
      "srcText": "\"내가 여우한테 홀렸나? 이러다간 산속에서 밤을 새우겠는걸!\" 갑자기 여우 생각이 나자, 돌쇠는 온몸이 오싹했습니다. 그때, 멀리 초가집에서 불빛이 새어 나왔습니다.",
      "srcPage": 13,
      "srcSentenceEA": 4,
      "srcWordEA": 23,
      "character": "여우,돌쇠",
      "setting": "산속,밤,초가집",
      "action": "밤을 새우겠는걸",
      "feeling": "오싹했습니다",
      "causalRelationship": null,
      "outcomeResolution": null,
      "prediction": null,
      "plotSummaryInfoCount": 1,
      "plotSummaryInfo": {
        "classification": "의사소통",
        "readAge": "초등_저학년",
        "form": "long-form",
        "plotSummaryText": "돌쇠가 산속에서 밤을 새울까 염려하며 여우 생각에 오싹해진 그때, 멀리 초가집에서 불빛이 새어 나왔습니다.",
        "textWordEA": 14
      }
    },
    {
      "srcTextID": "115153",
      "srcText": "여자가 여우 꼬리를 흔들며 칼을 갈고 있었습니다. \"으아악! 저, 저건 구미호!\" 돌쇠가 비명을 지르는 바람에 여자가 돌아다보았습니다.",
      "srcPage": 16,
      "srcSentenceEA": 3,
      "srcWordEA": 19,
      "character": "여자,여우 꼬리,칼,구미호,돌쇠",
      "setting": null,
      "action": "꼬리를 흔들며,갈고,비명을 지르는,돌아다보았습니다",
      "feeling": null,
      "causalRelationship": null,
      "outcomeResolution": null,
      "prediction": null,
      "plotSummaryInfoCount": 1,
      "plotSummaryInfo": {
        "classification": "의사소통",
        "readAge": "초등_저학년",
        "form": "short-form",
        "plotSummaryText": "여우 꼬리를 흔들며 칼을 가는 여자를 보고 돌쇠가 비명을 지르자 여자가 돌아다보았습니다.",
        "textWordEA": 12
      }
    },
    {
      "srcTextID": "116022",
      "srcText": "옛날, 어느 산골에 여우들이 모여 살고 있었습니다. 이 여우들은 모두 사람이 되고 싶었습니다. 100살 넘은 여우가 신랑 셋을 잡아먹으면 사람으로 변한다고 믿었습니다.",
      "srcPage": 1,
      "srcSentenceEA": 3,
      "srcWordEA": 24,
      "character": "여우들,신랑,사람",
      "setting": "옛날,어느 산골",
      "action": "살고 있었습니다,잡아먹으면",
      "feeling": null,
      "causalRelationship": null,
      "outcomeResolution": null,
      "prediction": null,
      "plotSummaryInfoCount": 1,
      "plotSummaryInfo": {
        "classification": "의사소통",
        "readAge": "초등_저학년",
        "form": "short-form",
        "plotSummaryText": "옛날 어느 산골에 사람이 되고 싶은 여우들이 살았는데, 100살 넘은 여우가 신랑 셋을 잡아먹으면 사람으로 변한다고 믿었습니다.",
        "textWordEA": 17
      }
    },
    {
      "srcTextID": "115167",
      "srcText": "\"제가 진사님의 사위가 돼요?\" 돌쇠는 너무나 기뻐서 어쩔 줄을 몰랐습니다. 김진사의 딸도 용감한 돌쇠가 좋았습니다. 얼마 뒤, 두 사람은 결혼식을 하고 행복하게 살았답니다.",
      "srcPage": 30,
      "srcSentenceEA": 4,
      "srcWordEA": 26,
      "character": "진사님,사위,돌쇠,딸",
      "setting": null,
      "action": "결혼식을 하고,살았답니다",
      "feeling": "기뻐서,좋았습니다,행복하게",
      "causalRelationship": null,
      "outcomeResolution": null,
      "prediction": null,
      "plotSummaryInfoCount": 1,
      "plotSummaryInfo": {
        "classification": "의사소통",
        "readAge": "초등_저학년",
        "form": "long-form",
        "plotSummaryText": "김진사의 딸도 용감한 돌쇠가 좋아 두 사람은 결혼식을 하고 행복하게 살았답니다.",
        "textWordEA": 11
      }
    },
    {
      "srcTextID": "116021",
      "srcText": "어느 날, 100년 묵은 구미호가 무덤 위에서 재주를 넘고 있었습니다. \"오늘 아랫마을에 잔치가 있다지? 신랑을 잡아먹을 좋은 기회야.\" 몇 번 재주를 넘자, 구미호는 예쁜 새색시로 변했습니다.",
      "srcPage": 2,
      "srcSentenceEA": 4,
      "srcWordEA": 28,
      "character": "구미호,신랑,새색시",
      "setting": "무덤 위,아랫마을",
      "action": "재주를 넘고,잡아먹을,재주를 넘자,변했습니다",
      "feeling": null,
      "causalRelationship": null,
      "outcomeResolution": null,
      "prediction": null,
      "plotSummaryInfoCount": 1,
      "plotSummaryInfo": {
        "classification": "의사소통",
        "readAge": "초등_저학년",
        "form": "long-form",
        "plotSummaryText": "아랫마을에 잔치가 벌어지자, 100년 묵은 구미호는 신랑을 잡아먹기 위해 재주를 넘어 예쁜 새색시로 변했습니다.",
        "textWordEA": 14
      }
    },
    {
      "srcTextID": "116024",
      "srcText": "아랫마을 최진사 댁에는 막내딸 결혼식이 한창이었습니다. \"신랑 신부가 정말 잘 어울리네요!\" 사람들은 신랑 신부를 입에 침이 마르도록 칭찬했습니다.",
      "srcPage": 3,
      "srcSentenceEA": 3,
      "srcWordEA": 19,
      "character": "최진사,막내딸,신랑,신부,사람들",
      "setting": "결혼식",
      "action": "한창이었습니다,잘 어울리네요,침이 마르도록,칭찬했습니다",
      "feeling": null,
      "causalRelationship": null,
      "outcomeResolution": null,
      "prediction": null,
      "plotSummaryInfoCount": 1,
      "plotSummaryInfo": {
        "classification": "의사소통",
        "readAge": "초등_저학년",
        "form": "short-form",
        "plotSummaryText": "막내딸 결혼식이 한창인 최진사 댁에서 사람들은 신랑 신부가 잘 어울린다고 칭찬했습니다.",
        "textWordEA": 11
      }
    },
    {
      "srcTextID": "116023",
      "srcText": "밤이 되어, 신랑은 신부가 기다리는 신방으로 갔습니다. 그런데 방 안에 신부가 둘이 있었습니다. \"아니, 시, 신부가 둘이네! 이게 어찌 된 일이야?\" 신랑은 놀라서 그 자리에 털썩 주저앉았습니다.",
      "srcPage": 4,
      "srcSentenceEA": 5,
      "srcWordEA": 30,
      "character": "신랑,신부",
      "setting": "밤,신방",
      "action": "갔습니다,털썩 주저앉았습니다",
      "feeling": "놀라서",
      "causalRelationship": null,
      "outcomeResolution": null,
      "prediction": null,
      "plotSummaryInfoCount": 1,
      "plotSummaryInfo": {
        "classification": "의사소통",
        "readAge": "초등_저학년",
        "form": "long-form",
        "plotSummaryText": "밤이 되어 신방으로 들어간 신랑은 신부가 둘이 있는 것을 보고 놀라서 털썩 주저앉았습니다.",
        "textWordEA": 13
      }
    },
    {
      "srcTextID": "115145",
      "srcText": "'흐흠! 오른쪽 여자가 어쩐지 수상한걸!' 그 신부는 몸을 떨며 안절부절못했습니다. \"네가 백 년 묵은 구미호지? 에잇, 요사스러운 여우 같으니라고!\" 신랑은 벼락같이 그 신부를 끌어다가 대문 밖에 내동댕이쳤습니다.",
      "srcPage": 6,
      "srcSentenceEA": 5,
      "srcWordEA": 31,
      "character": "여자,신부,백년 묵은 구미호,신랑",
      "setting": null,
      "action": "떨며,끌어다가,내동댕이쳤습니다",
      "feeling": null,
      "causalRelationship": null,
      "outcomeResolution": null,
      "prediction": null,
      "plotSummaryInfoCount": 1,
      "plotSummaryInfo": {
        "classification": "의사소통",
        "readAge": "초등_저학년",
        "form": "long-form",
        "plotSummaryText": "몸을 떨며 안절부절못하는 오른쪽 여자가 구미호라고 생각한 신랑은 그 신부를 끌어다가 대문 밖에 내동댕이쳤습니다.",
        "textWordEA": 14
      }
    },
    {
      "srcTextID": "116025",
      "srcText": "\"하마터면 큰일 날 뻔했소. 인제 여우를 쫓았으니 안심하시오.\" 신랑은 신부를 위로했습니다. \"자, 밤이 늦었으니 이제 자리에 듭시다.\" 신랑은 촛불을 끄고 자리에 누웠습니다.",
      "srcPage": 8,
      "srcSentenceEA": 5,
      "srcWordEA": 25,
      "character": "여우,신랑,신부,촛불",
      "setting": "밤",
      "action": "쫓았으니,누웠습니다,끄고",
      "feeling": "안심하시오",
      "causalRelationship": null,
      "outcomeResolution": null,
      "prediction": null,
      "plotSummaryInfoCount": 1,
      "plotSummaryInfo": {
        "classification": "의사소통",
        "readAge": "초등_저학년",
        "form": "long-form",
        "plotSummaryText": "여우를 쫓았으니 안심하라고 신부를 위로한 신랑은 촛불을 끄고 자리에 누웠습니다.",
        "textWordEA": 10
      }
    },
    {
      "srcTextID": "115148",
      "srcText": "신랑은 잠자리에 들자 깊은 잠에 빠졌습니다. \"호호호, 어리석은 것!\" 한밤중이 되자 신랑 옆에 누워 있던 신부가 살며시 일어났습니다.",
      "srcPage": 9,
      "srcSentenceEA": 3,
      "srcWordEA": 19,
      "character": "신랑,신부",
      "setting": "한밤중",
      "action": "잠에 빠졌습니다,누워 있던,일어났습니다",
      "feeling": null,
      "causalRelationship": null,
      "outcomeResolution": null,
      "prediction": null,
      "plotSummaryInfoCount": 1,
      "plotSummaryInfo": {
        "classification": "의사소통",
        "readAge": "초등_저학년",
        "form": "short-form",
        "plotSummaryText": "한밤중이 되어 신랑이 깊은 잠에 빠지자, 옆에 누워 있던 신부가 살며시 일어났습니다.",
        "textWordEA": 12
      }
    },
    {
      "srcTextID": "115147",
      "srcText": "\"히히힛! 잠들었겠지? 바로 내가 여우인 줄도 모르고!\" 신부는 뒤로 몇 번 재주를 넘자 무서운 구미호로 변했습니다. 구미호는 재빨리 신랑에게 달려들어 간을 빼먹고 도망쳤습니다.",
      "srcPage": 10,
      "srcSentenceEA": 4,
      "srcWordEA": 27,
      "character": "여우,신부,구미호,신랑",
      "setting": null,
      "action": "잠들었겠지,재주를 넘자,달려들어,빼먹고 도망쳤습니다",
      "feeling": null,
      "causalRelationship": null,
      "outcomeResolution": null,
      "prediction": null,
      "plotSummaryInfoCount": 1,
      "plotSummaryInfo": {
        "classification": "의사소통",
        "readAge": "초등_저학년",
        "form": "long-form",
        "plotSummaryText": "재주를 넘어 구미호로 변한 신부는 잠든 신랑에게 달려들어 간을 빼먹고 도망쳤습니다.",
        "textWordEA": 11
      }
    },
    {
      "srcTextID": "115150",
      "srcText": "얼마 뒤, 이웃 마을 돌쇠가 깊은 산 속으로 나무를 하러 갔습니다. 그런데 갑자기 하늘이 캄캄해지며 비가 쏟아지기 시작했습니다. \"아이고, 이거 큰일 났군. 비를 피할 데가 없네.\"",
      "srcPage": 11,
      "srcSentenceEA": 4,
      "srcWordEA": 28,
      "character": "돌쇠",
      "setting": "깊은 산 속",
      "action": "갔습니다,피할 데가",
      "feeling": null,
      "causalRelationship": null,
      "outcomeResolution": null,
      "prediction": null,
      "plotSummaryInfoCount": 1,
      "plotSummaryInfo": {
        "classification": "의사소통",
        "readAge": "초등_저학년",
        "form": "long-form",
        "plotSummaryText": "이웃 마을 돌쇠가 산속으로 나무를 하러 갔을 때 갑자기 하늘이 캄캄해지며 비가 쏟아졌습니다.",
        "textWordEA": 13
      }
    },
    {
      "srcTextID": "115151",
      "srcText": "\"계십니까?\" 돌쇠가 다가가 소리치자, 소복을 입은 여자가 안방에서 나왔습니다. \"날이 저물고 비가 와서 그러니 헛간에서라도 머물게 해 주십시오.\" \"그러세요, 마침 윗방이 비어 있으니 들어가 쉬세요.\" 친절한 여자의 말에 윗방으로 들어간 돌쇠는 잠을 청했습니다.",
      "srcPage": 14,
      "srcSentenceEA": 4,
      "srcWordEA": 35,
      "character": "돌쇠,여자,소복",
      "setting": "안방,윗방",
      "action": "다가가 소리치자,나왔습니다,머물게,들어간,잠을 청했습니다",
      "feeling": null,
      "causalRelationship": null,
      "outcomeResolution": null,
      "prediction": null,
      "plotSummaryInfoCount": 1,
      "plotSummaryInfo": {
        "classification": "의사소통",
        "readAge": "초등_저학년",
        "form": "long-form",
        "plotSummaryText": "하룻밤 머물게 해달라는 돌쇠의 말에 소복 입은 여자가 안방에서 나와 윗방에서 쉬라고 허락했고 돌쇠는 들어가 잠을 청했습니다.",
        "textWordEA": 17
      }
    },
    {
      "srcTextID": "115154",
      "srcText": "이윽고 돌쇠가 잠들려는 순간, 밖에서 '슥삭슥삭' 하는 이상한 소리가 들려왔습니다. \"무슨 소리지?\" 문틈으로 밖을 내다보던 돌쇠는 화들짝 놀랐습니다.",
      "srcPage": 15,
      "srcSentenceEA": 4,
      "srcWordEA": 20,
      "character": "돌쇠",
      "setting": null,
      "action": "잠들려는,내다보던",
      "feeling": "놀랐습니다",
      "causalRelationship": null,
      "outcomeResolution": null,
      "prediction": null,
      "plotSummaryInfoCount": 1,
      "plotSummaryInfo": {
        "classification": "의사소통",
        "readAge": "초등_저학년",
        "form": "long-form",
        "plotSummaryText": "잠들려는 순간 이상한 소리에 잠이 깬 돌쇠는 문틈으로 밖을 내다보다 화들짝 놀랐습니다.",
        "textWordEA": 12
      }
    },
    {
      "srcTextID": "115156",
      "srcText": "여자는 윗방으로 달려와 칼을 들이대며 말했습니다. \"내 비밀을 안 이상 살려 둘 수 없지! 사흘만 기다려라. 내가 신랑 둘을 더 잡아먹은 뒤에 너를 잡아먹으마.\"",
      "srcPage": 17,
      "srcSentenceEA": 4,
      "srcWordEA": 26,
      "character": "여자,칼,신랑,너",
      "setting": "윗방",
      "action": "달려와,들이대며 말했습니다,잡아먹은,잡아먹으마",
      "feeling": null,
      "causalRelationship": null,
      "outcomeResolution": null,
      "prediction": null,
      "plotSummaryInfoCount": 1,
      "plotSummaryInfo": {
        "classification": "의사소통",
        "readAge": "초등_저학년",
        "form": "long-form",
        "plotSummaryText": "여자는 칼을 들이대며 신랑 둘을 더 잡아먹은 뒤에 너를 잡아먹을 테니 사흘만 기다리라고 말했습니다.",
        "textWordEA": 14
      }
    },
    {
      "srcTextID": "115157",
      "srcText": "\"수고했소. 술이나 한 잔 합시다.\" 신랑이 신부에게 잔을 건네는 순간, 갑자기 신부가 둘이 되었습니다. \"앗, 신부가 둘이잖아? 이거 또 구미호 짓이 틀림없군. 아이구, 나 살려 줘!\" 신랑은 잔뜩 겁에 질려 도망치고 말았습니다.",
      "srcPage": 20,
      "srcSentenceEA": 6,
      "srcWordEA": 37,
      "character": "신랑,신부,구미호,잔,술",
      "setting": null,
      "action": "건네는,도망치고",
      "feeling": "겁에 질려",
      "causalRelationship": null,
      "outcomeResolution": null,
      "prediction": null,
      "plotSummaryInfoCount": 1,
      "plotSummaryInfo": {
        "classification": "의사소통",
        "readAge": "초등_저학년",
        "form": "long-form",
        "plotSummaryText": "신랑이 신부에게 잔을 건네는 순간 갑자기 신부가 둘이 되자, 구미호 짓이라고 생각한 신랑은 겁에 질려 도망쳤습니다.",
        "textWordEA": 16
      }
    },
    {
      "srcTextID": "115160",
      "srcText": "이 일을 전해 들은 김진사가 몽둥이를 들고 달려왔습니다. \"어디, 어느 놈이 구미호냐? 내가 당장 물고를 낼 테다!\" 그러나 막상 방 안에 들어가 보니, 누가 진짜 딸인지 알 수가 없었습니다.",
      "srcPage": 21,
      "srcSentenceEA": 4,
      "srcWordEA": 31,
      "character": "김진사,몽둥이,구미호,딸",
      "setting": "방 안",
      "action": "들고 달려왔습니다,들어가 보니",
      "feeling": null,
      "causalRelationship": null,
      "outcomeResolution": null,
      "prediction": null,
      "plotSummaryInfoCount": 1,
      "plotSummaryInfo": {
        "classification": "의사소통",
        "readAge": "초등_저학년",
        "form": "long-form",
        "plotSummaryText": "김진사가 몽둥이를 들고 방 안에 들어왔지만, 누가 구미호고, 진짜 딸인지 알 수가 없었습니다.",
        "textWordEA": 13
      }
    },
    {
      "srcTextID": "115159",
      "srcText": "\"허허, 세상에.... 어쩌면 이렇게 똑같을 수가 있단 말이냐? 인제 우리는 망했다.\" 김진사는 그 자리에 털썩 주저앉아 땅을 쳤습니다.",
      "srcPage": 22,
      "srcSentenceEA": 4,
      "srcWordEA": 21,
      "character": "김진사",
      "setting": "그 자리",
      "action": "주저앉아,땅을 쳤습니다",
      "feeling": null,
      "causalRelationship": null,
      "outcomeResolution": null,
      "prediction": null,
      "plotSummaryInfoCount": 1,
      "plotSummaryInfo": {
        "classification": "의사소통",
        "readAge": "초등_저학년",
        "form": "long-form",
        "plotSummaryText": "어쩌면 이렇게 똑같을 수가 있느냐면서 김진사는 그 자리에 주저앉아 땅을 쳤습니다.",
        "textWordEA": 11
      }
    },
    {
      "srcTextID": "115161",
      "srcText": "그런데 새벽에 돌쇠가 김진사 댁으로 헐레벌떡 달려왔습니다. \"진사님 걱정 마십시오. 제가 구미호를 잡겠습니다.\" \"네가 무슨 수로?\" \"염려 마시고 몽둥이나 이리 주십시오.\"",
      "srcPage": 23,
      "srcSentenceEA": 5,
      "srcWordEA": 22,
      "character": "돌쇠,구미호,몽둥이,진사",
      "setting": "새벽,김진사 댁",
      "action": "달려,잡겠습니다",
      "feeling": "걱정 마십시오,염려 마시고",
      "causalRelationship": null,
      "outcomeResolution": null,
      "prediction": null,
      "plotSummaryInfoCount": 1,
      "plotSummaryInfo": {
        "classification": "의사소통",
        "readAge": "초등_저학년",
        "form": "long-form",
        "plotSummaryText": "새벽에 돌쇠가 김진사 댁으로 달려와 구미호를 잡을 테니 걱정 말고 몽둥이를 달라고 말했습니다.",
        "textWordEA": 13
      }
    }
  ]
}