{
  "title": "이제 그만할래",
  "author": "이상교",
  "illustrator": "손율",
  "isbn": "9791188565832",
  "publishedYear": 2017,
  "publisher": "엄마마음",
  "paragraphInfoCount": 17,
  "paragraphInfo": [
    {
      "srcTextID": "147967",
      "srcText": "토끼는 두세 번 물을 길어 나르다 그만두었어요. 염소네 밭은 하루가 다르게 푸릇푸릇해졌어요. 토끼네 밭은 하루가 다르게 시들시들해졌고요.",
      "srcPage": 7,
      "srcSentenceEA": 3,
      "srcWordEA": 19,
      "character": "토끼",
      "setting": "밭,하루",
      "action": "물을 길어 나르다",
      "feeling": null,
      "causalRelationship": null,
      "outcomeResolution": null,
      "prediction": null,
      "plotSummaryInfoCount": 1,
      "plotSummaryInfo": {
        "classification": "의사소통",
        "readAge": "초등_저학년",
        "form": "short-form",
        "plotSummaryText": "토끼는 두세 번 물을 나르다 결국 그만두었고, 염소네 밭은 푸릇푸릇해진 반면 토끼네 밭은 하루가 시들시들해졌습니다.",
        "textWordEA": 15
      }
    },
    {
      "srcTextID": "147977",
      "srcText": "바싹 마른 콩 몇 알이 후두두 떨어졌어요. “나도 처음 생각한 대로 꾸준히 고구마를 키울걸.” 토끼는 부러운 눈으로 염소를 쳐다보았어요.",
      "srcPage": 17,
      "srcSentenceEA": 3,
      "srcWordEA": 20,
      "character": "토끼,염소,콩,고구마",
      "setting": null,
      "action": "키울걸,쳐다보았어요",
      "feeling": "부러운",
      "causalRelationship": null,
      "outcomeResolution": null,
      "prediction": null,
      "plotSummaryInfoCount": 1,
      "plotSummaryInfo": {
        "classification": "의사소통",
        "readAge": "초등_저학년",
        "form": "short-form",
        "plotSummaryText": "바싹 마른 콩 몇 알이 후두두 떨어지자, 처음 생각한 대로 꾸준히 고구마를 키울걸 그랬다며 토끼가 부러운 눈으로 염소를 쳐다보았습니다.",
        "textWordEA": 19
      }
    },
    {
      "srcTextID": "147962",
      "srcText": "나지막한 산기슭에 염소와 토끼가 이웃해 살았어요. 이른 봄, 염소와 토끼는 밭을 일구기 시작했어요. “올해는 무슨 농사를 지을까?” “글쎄, 뭐가 좋을까?” 토끼는 기다란 귀를 쫑긋하며 갸웃거렸어요.",
      "srcPage": 1,
      "srcSentenceEA": 5,
      "srcWordEA": 27,
      "character": "염소,토끼",
      "setting": "산기슭,이른 봄,밭,올해",
      "action": "일구기 시작했어요,농사를 지을까,갸웃거렸어요",
      "feeling": null,
      "causalRelationship": null,
      "outcomeResolution": null,
      "prediction": null,
      "plotSummaryInfoCount": 1,
      "plotSummaryInfo": {
        "classification": "의사소통",
        "readAge": "초등_저학년",
        "form": "long-form",
        "plotSummaryText": "나지막한 산기슭에 살고 있던 염소와 토끼가 이른 봄에 밭을 일구기 시작했고, 올해는 무슨 농사를 지을지 고민했습니다.",
        "textWordEA": 16
      }
    },
    {
      "srcTextID": "147966",
      "srcText": "염소와 토끼는 고구마 싹을 밭에 옮겨 심었어요. “더워서 더 이상 못 하겠어.” 토끼가 일을 하다 말고 나무 그늘에 벌러덩 누웠어요.",
      "srcPage": 4,
      "srcSentenceEA": 3,
      "srcWordEA": 21,
      "character": "염소,토끼,고구마",
      "setting": "밭,나무 그늘",
      "action": "옮겨 심었어요,일을 하다,벌러덩 누웠어요",
      "feeling": null,
      "causalRelationship": null,
      "outcomeResolution": null,
      "prediction": null,
      "plotSummaryInfoCount": 1,
      "plotSummaryInfo": {
        "classification": "의사소통",
        "readAge": "초등_저학년",
        "form": "short-form",
        "plotSummaryText": "염소와 토끼가 밭에 고구마 싹을 옮겨 심었는데, 토끼가 더워서 못 하겠다며 나무 그늘에 벌러덩 누웠습니다.",
        "textWordEA": 15
      }
    },
    {
      "srcTextID": "147965",
      "srcText": "염소는 끝까지 남아 차근차근 싹을 모두 심었어요. “에잇, 귀찮아. 난 그만둘래.” 자다 깬 토끼가 일어나 툴툴거렸어요.",
      "srcPage": 5,
      "srcSentenceEA": 4,
      "srcWordEA": 18,
      "character": "염소,토끼",
      "setting": null,
      "action": "심었어요,자다 깬,일어나",
      "feeling": "귀찮아",
      "causalRelationship": null,
      "outcomeResolution": null,
      "prediction": null,
      "plotSummaryInfoCount": 1,
      "plotSummaryInfo": {
        "classification": "의사소통",
        "readAge": "초등_저학년",
        "form": "long-form",
        "plotSummaryText": "끝까지 남은 염소가 차근차근 싹을 모두 심었는데, 자다 깬 토끼가 귀찮다면서 그만두겠다고 툴툴거렸습니다.",
        "textWordEA": 13
      }
    },
    {
      "srcTextID": "147972",
      "srcText": "토끼는 콩을 밭에 심었어요. “머지않아 콩꼬투리들이 주렁주렁 달리겠지?” 토끼가 밭고랑에 벌러덩 누우며 좋아했어요. 반면 염소는 열심히 고구마를 길렀어요. 물이 잘 빠지도록 밭 사이사이 도랑도 파 주었지요.",
      "srcPage": 11,
      "srcSentenceEA": 5,
      "srcWordEA": 29,
      "character": "토끼,염소,콩,고구마",
      "setting": "밭,밭고랑",
      "action": "심었어요,벌러덩 누우며,길렀어요,파 주었지요",
      "feeling": "좋아했어요",
      "causalRelationship": null,
      "outcomeResolution": null,
      "prediction": null,
      "plotSummaryInfoCount": 1,
      "plotSummaryInfo": {
        "classification": "의사소통",
        "readAge": "초등_저학년",
        "form": "long-form",
        "plotSummaryText": "콩을 밭에 심었던 토끼가 밭고랑에 벌러덩 누우며 좋아했는데, 반면 열심히 고구마를 길렀던 염소는 물이 잘 빠지도록 밭 사이사이 도랑도 파 주었습니다.",
        "textWordEA": 21
      }
    },
    {
      "srcTextID": "147974",
      "srcText": "“그럼 나도 콩잎을 따야지.” 토끼는 콩잎 몇 장을 따다 곧 싫증이 났어요. “에잇, 이걸 언제 다 따? 난 그만둘래.”",
      "srcPage": 14,
      "srcSentenceEA": 4,
      "srcWordEA": 21,
      "character": "토끼,콩잎",
      "setting": null,
      "action": "따야지,따다,다 따",
      "feeling": "싫증이 났어요",
      "causalRelationship": null,
      "outcomeResolution": null,
      "prediction": null,
      "plotSummaryInfoCount": 1,
      "plotSummaryInfo": {
        "classification": "의사소통",
        "readAge": "초등_저학년",
        "form": "long-form",
        "plotSummaryText": "콩잎 몇 장을 따다 곧 싫증이 난 토끼는 이걸 언제 다 따냐며 그만두겠다고 말했습니다.",
        "textWordEA": 14
      }
    },
    {
      "srcTextID": "147976",
      "srcText": "염소네 밭에 고구마가 주렁주렁 열렸어요. 그런데 토끼네 밭은 누렇게 시든 콩잎이 가득했어요. 벌레도 버글버글 끓었고요. “거두어들일 콩이 조금밖에 안 될 것 같아.” 토끼가 풀이 죽은 목소리로 말했어요.",
      "srcPage": 15,
      "srcSentenceEA": 5,
      "srcWordEA": 30,
      "character": "염소,토끼,벌레,고구마,콩잎,콩",
      "setting": "밭",
      "action": "거두어들일,말했어요",
      "feeling": null,
      "causalRelationship": null,
      "outcomeResolution": null,
      "prediction": null,
      "plotSummaryInfoCount": 1,
      "plotSummaryInfo": {
        "classification": "의사소통",
        "readAge": "초등_저학년",
        "form": "long-form",
        "plotSummaryText": "고구마가 염소네 밭에 주렁주렁 열렸는데, 토끼네 밭은 시든 콩잎과 벌레로 가득했고, 토끼가 거두어들일 콩이 조금이라고 풀이 죽어 말했어요.",
        "textWordEA": 18
      }
    },
    {
      "srcTextID": "147963",
      "srcText": "‘작년에 심었던 옥수수를 심을까? 아니면 가지를 심을까?’ 염소는 밭에 무얼 심을지 곰곰 생각했어요. 토끼는 잠시 생각하다가 금세 잠이 들었어요.",
      "srcPage": 2,
      "srcSentenceEA": 4,
      "srcWordEA": 22,
      "character": "염소,토끼,옥수수,가지",
      "setting": "작년,밭",
      "action": "심었던,심을까,심을지,잠이 들었어요",
      "feeling": null,
      "causalRelationship": null,
      "outcomeResolution": null,
      "prediction": null,
      "plotSummaryInfoCount": 1,
      "plotSummaryInfo": {
        "classification": "의사소통",
        "readAge": "초등_저학년",
        "form": "long-form",
        "plotSummaryText": "작년에 심었던 옥수수를 심을지, 아니면 가지를 심을지 염소는 곰곰이 생각했는데, 잠시 생각하던 토끼가 금세 잠이 들었습니다.",
        "textWordEA": 16
      }
    },
    {
      "srcTextID": "147964",
      "srcText": "“그래, 고구마를 심어야겠다!” 염소가 손뼉을 탁 치며 말했어요. “고구마는 삶아 먹고, 구워 먹고, 튀겨도 먹을 수 있잖아. 게다가 잎과 줄기도 먹을 수 있지.” “그럼 나도 고구마나 심어야겠다.” 토끼가 졸린 눈을 비비며 종알댔어요.",
      "srcPage": 3,
      "srcSentenceEA": 6,
      "srcWordEA": 35,
      "character": "염소,토끼,고구마,잎,줄기",
      "setting": null,
      "action": "심어야겠다,손뼉을 탁 치며 말했어요,구워 먹고,튀겨도 먹을 수 있잖아,삶아 먹고,먹을 수 있지,비비며 종알댔어요",
      "feeling": null,
      "causalRelationship": null,
      "outcomeResolution": null,
      "prediction": null,
      "plotSummaryInfoCount": 1,
      "plotSummaryInfo": {
        "classification": "의사소통",
        "readAge": "초등_저학년",
        "form": "long-form",
        "plotSummaryText": "손뼉을 탁 치며 염소가 삶아 먹고 구워 먹고 튀겨 먹을 수 있는 고구마를 심어야겠다 말하자, 자기도 고구마를 심어야겠다면서 토끼가 졸린 눈을 비비며 종알댔습니다.",
        "textWordEA": 23
      }
    },
    {
      "srcTextID": "147968",
      "srcText": "한창 고구마 줄기가 뻗어 갈 즈음 가뭄이 들었어요. 염소는 멀리 떨어져 있는 개울물을 길어 날랐어요. “물 긷는 데가 왜 이렇게 멀어?”",
      "srcPage": 6,
      "srcSentenceEA": 3,
      "srcWordEA": 22,
      "character": "염소,고구마 줄기",
      "setting": null,
      "action": "길어 날랐어요",
      "feeling": null,
      "causalRelationship": "한창 고구마 줄기가 뻗어 갈 즈음 가뭄이 들었어요. 염소는 멀리 떨어져 있는 개울물을 길어 날랐어요.",
      "outcomeResolution": null,
      "prediction": null,
      "plotSummaryInfoCount": 1,
      "plotSummaryInfo": {
        "classification": "의사소통",
        "readAge": "초등_저학년",
        "form": "short-form",
        "plotSummaryText": "한창 고구마 줄기가 뻗어 갈 즈음에 가뭄이 들자, 염소는 멀리 있는 개울물을 길어 날랐습니다.",
        "textWordEA": 14
      }
    },
    {
      "srcTextID": "147969",
      "srcText": "고구마 덩굴이 쑥쑥 뻗어 나가자, 풀도 수북해졌어요. 염소는 열심히 풀을 뽑느라 바쁘고, 토끼는 꿩과 수다를 떠느라 바빴어요. “토끼야, 고구마보다 콩을 심는 건 어때? 한겨울에 먹는 콩과 말린 콩잎 맛은 그만이거든!”",
      "srcPage": 8,
      "srcSentenceEA": 4,
      "srcWordEA": 32,
      "character": "염소,토끼,꿩,고구마,콩,콩잎",
      "setting": "한겨울",
      "action": "뻗어 나가자,풀을 뽑느라,수다를 떠느라 바빴어요,심는 건,먹는",
      "feeling": null,
      "causalRelationship": null,
      "outcomeResolution": null,
      "prediction": null,
      "plotSummaryInfoCount": 1,
      "plotSummaryInfo": {
        "classification": "의사소통",
        "readAge": "초등_저학년",
        "form": "long-form",
        "plotSummaryText": "고구마 덩굴이 쑥쑥 뻗어 나가자 수북해진 풀을 뽑느라 염소는 바빴는데, 토끼는 꿩과 수다를 떠느라 바빴고, 토끼에게 콩을 심는 건 어떤지 물었어요.",
        "textWordEA": 21
      }
    },
    {
      "srcTextID": "147970",
      "srcText": "“왜 진작 콩 생각을 못했지?” 토끼가 제 머리를 콩콩 쥐어박았어요. “콩이 덜 여물었을 때의 맛은 정말 달콤하지.”",
      "srcPage": 9,
      "srcSentenceEA": 3,
      "srcWordEA": 18,
      "character": "토끼,콩",
      "setting": null,
      "action": "콩콩 쥐어박았어요",
      "feeling": null,
      "causalRelationship": null,
      "outcomeResolution": null,
      "prediction": null,
      "plotSummaryInfoCount": 1,
      "plotSummaryInfo": {
        "classification": "의사소통",
        "readAge": "초등_저학년",
        "form": "short-form",
        "plotSummaryText": "토끼가 왜 콩 생각을 못했는지 아쉬워 하며 덜 여물었을 때의 콩 맛은 정말 달콤하다고 말했습니다.",
        "textWordEA": 15
      }
    },
    {
      "srcTextID": "147971",
      "srcText": "꿩이 입맛을 짭짭 다시며 말했어요. “난 당장 콩을 심을래.” 토끼는 단숨에 고구마 덩굴을 걷어치웠어요.",
      "srcPage": 10,
      "srcSentenceEA": 3,
      "srcWordEA": 15,
      "character": "꿩,토끼,콩",
      "setting": null,
      "action": "다시며 말했어요,심을래,걷어치웠어요",
      "feeling": null,
      "causalRelationship": null,
      "outcomeResolution": null,
      "prediction": null,
      "plotSummaryInfoCount": 1,
      "plotSummaryInfo": {
        "classification": "의사소통",
        "readAge": "초등_저학년",
        "form": "short-form",
        "plotSummaryText": "꿩의 말에 당장 콩을 심겠다며 토끼가 고구마 덩굴을 단숨에 걷어치웠습니다.",
        "textWordEA": 10
      }
    },
    {
      "srcTextID": "147973",
      "srcText": "며칠 동안 주룩주룩 비가 내렸어요. 빗물에 고구마들이 비죽비죽 나오자, 염소는 비를 맞으며 고구마를 다시 묻어 주었어요. “토끼야, 쓰러진 콩대를 바로 세워 주어야지.” “비 때문에 못하겠어. 그만할래!” 토끼는 콩대를 세우다 말고 집으로 뛰어 들어갔어요.",
      "srcPage": 12,
      "srcSentenceEA": 6,
      "srcWordEA": 36,
      "character": "염소,토끼,고구마,콩대",
      "setting": "집",
      "action": "나오자,묻어 주었어요,세워 주어야지,뛰어 들어갔어요",
      "feeling": null,
      "causalRelationship": null,
      "outcomeResolution": null,
      "prediction": null,
      "plotSummaryInfoCount": 1,
      "plotSummaryInfo": {
        "classification": "의사소통",
        "readAge": "초등_저학년",
        "form": "long-form",
        "plotSummaryText": "며칠 동안 내리는 비 때문에 고구마들이 비죽비죽 나오자, 비를 맞으면서 염소가 고구마를 다시 묻어주었는데, 토끼는 비 때문에 못하겠다면서 쓰러진 콩대를 세워 주지 않았습니다.",
        "textWordEA": 23
      }
    },
    {
      "srcTextID": "147975",
      "srcText": "비가 그치자 염소는 부지런히 움직였어요. “쓸데없이 고구마 잎과 줄기는 왜 꺾는 거니?” “잎과 줄기를 따야 고구마가 더 크게 자라거든.”",
      "srcPage": 13,
      "srcSentenceEA": 3,
      "srcWordEA": 19,
      "character": "염소,고구마,잎,줄기",
      "setting": null,
      "action": "움직였어요,꺾는 거니,따야,자라거든",
      "feeling": null,
      "causalRelationship": "“쓸데없이 고구마 잎과 줄기는 왜 꺾는 거니?” “잎과 줄기를 따야 고구마가 더 크게 자라거든.”",
      "outcomeResolution": null,
      "prediction": null,
      "plotSummaryInfoCount": 1,
      "plotSummaryInfo": {
        "classification": "의사소통",
        "readAge": "초등_저학년",
        "form": "short-form",
        "plotSummaryText": " 염소는 부지런히 움직여 고구마를 더 크게 자라게 하기 위해 고구마 잎과 줄기는 꺾었습니다.",
        "textWordEA": 13
      }
    },
    {
      "srcTextID": "147978",
      "srcText": "염소는 밭에 나가 열심히 고구마를 캤어요. 호미질을 할 때마다 크고 작은 고구마가 줄줄이 나왔지요. 토끼는 콩밭의 앙상한 콩대를 걷어 냈어요.",
      "srcPage": 16,
      "srcSentenceEA": 3,
      "srcWordEA": 22,
      "character": "염소,토끼,고구마,호미,콩대",
      "setting": "밭",
      "action": "나가,캤어요,호미질을 할 때마다,걷어 냈어요",
      "feeling": null,
      "causalRelationship": null,
      "outcomeResolution": null,
      "prediction": null,
      "plotSummaryInfoCount": 1,
      "plotSummaryInfo": {
        "classification": "의사소통",
        "readAge": "초등_저학년",
        "form": "short-form",
        "plotSummaryText": "밭에 나간 염소가 호미질을 할 때마다 크고 작은 고구마가 줄줄이 나왔고, 토끼는 콩밭의 앙상한 콩대민 걷어 냈습니다.",
        "textWordEA": 17
      }
    }
  ]
}