{
  "title": "개구리 왕자",
  "author": "그림형제",
  "illustrator": " 오정",
  "isbn": "9791128210587",
  "publishedYear": 2018,
  "publisher": "아람북스",
  "paragraphInfoCount": 18,
  "paragraphInfo": [
    {
      "srcTextID": "19096",
      "srcText": "어느 여름날, 공주가 우물가에서 공놀이하고 있었어. 풍덩! 아니, 이게 웬일이야! 가장 아끼는 황금 공이 우물 속으로 빠져 버렸지 뭐야.",
      "srcPage": 2,
      "srcSentenceEA": 4,
      "srcWordEA": 22,
      "character": "공주,황금 공",
      "setting": "어느 여름날,우물가,우물 속",
      "action": "공놀이를 하고 있었어,빠져",
      "feeling": null,
      "causalRelationship": null,
      "outcomeResolution": null,
      "prediction": null,
      "plotSummaryInfoCount": 1,
      "plotSummaryInfo": {
        "classification": "의사소통",
        "readAge": "초등_저학년",
        "form": "long-form",
        "plotSummaryText": "어느 여름날, 공주가 우물가에서 공놀이를 하고 있었는데 황금 공이 우물 속으로 빠져 버렸다.",
        "textWordEA": 13
      }
    },
    {
      "srcTextID": "19099",
      "srcText": "조금 뒤 개구리는 황금 공을 입에 물고 나타났어. 공주는 기다렸다는 듯 황금 공을 낚아채서는 달아났지. “기다려요! 같이 가요! 나도 데려가야지요!” 개구리가 소리쳤지만, 공주는 들은 척도 안 했어. 그러고는 개구리 따위는 깨끗이 잊어버렸어.",
      "srcPage": 5,
      "srcSentenceEA": 6,
      "srcWordEA": 37,
      "character": "개구리,황금 공,공주",
      "setting": null,
      "action": "나타났어,낚아채서는 달아났지,소리쳤지만",
      "feeling": null,
      "causalRelationship": null,
      "outcomeResolution": null,
      "prediction": "개구리 따위는 깨끗이 잊어버렸어",
      "plotSummaryInfoCount": 1,
      "plotSummaryInfo": {
        "classification": "의사소통",
        "readAge": "초등_저학년",
        "form": "long-form",
        "plotSummaryText": "조금 뒤 개구리는 황금 공을 입에 물고 나타났는데 공주는 황금 공을 낚아채서 달아나고 개구리가 소리쳤지만, 들은 척도 안하고는 개구리 따위는 깨끗이 잊어버렸다.",
        "textWordEA": 22
      }
    },
    {
      "srcTextID": "19097",
      "srcText": "‘감히 내 친구가 되겠다고? 흥, 어림도 없지.’ 공주는 이렇게 생각했지만, 겉으로는 활짝 웃으며 말했어. “좋아, 약속할게!”",
      "srcPage": 4,
      "srcSentenceEA": 4,
      "srcWordEA": 18,
      "character": "친구,공주",
      "setting": null,
      "action": "말했어,생각했지만,웃으며",
      "feeling": "활짝 웃으며",
      "causalRelationship": null,
      "outcomeResolution": null,
      "prediction": null,
      "plotSummaryInfoCount": 1,
      "plotSummaryInfo": {
        "classification": "의사소통",
        "readAge": "초등_저학년",
        "form": "long-form",
        "plotSummaryText": "공주는 어림도 없지라고 생각했지만, 겉으로는 활짝 웃으며 약속한다고 웃으며 말했다.",
        "textWordEA": 10
      }
    },
    {
      "srcTextID": "19101",
      "srcText": "공주가 막 저녁을 먹으려고 할 때였어. 철퍼덕, 철퍼덕, 철퍼덕. 계단에서 뭔가 이상한 소리가 들렸어. 조금 뒤, 누군가 문을 두드렸지.",
      "srcPage": 6,
      "srcSentenceEA": 4,
      "srcWordEA": 22,
      "character": "공주",
      "setting": "저녁,계단",
      "action": "먹으려고,문을 두드렸지,들렸어",
      "feeling": null,
      "causalRelationship": null,
      "outcomeResolution": null,
      "prediction": null,
      "plotSummaryInfoCount": 1,
      "plotSummaryInfo": {
        "classification": "의사소통",
        "readAge": "초등_저학년",
        "form": "long-form",
        "plotSummaryText": "공주가 저녁을 먹으려고 할 때 계단에서 이상한 소리가 들렸고 누군가 문을 두드렸다.",
        "textWordEA": 12
      }
    },
    {
      "srcTextID": "19104",
      "srcText": "공주는 마지못해 개구리를 식탁 위에 올려놓았어. “공주님하고 같이 먹게 접시를 내 쪽으로 밀어주세요.” 그 말을 듣자, 공주는 금방이라도 토할 것 같았어.",
      "srcPage": 10,
      "srcSentenceEA": 3,
      "srcWordEA": 22,
      "character": "공주,개구리,접시",
      "setting": "식탁 위,금방",
      "action": "올려놓았어,밀어 주세요,듣자",
      "feeling": "토할 것 같았어",
      "causalRelationship": null,
      "outcomeResolution": null,
      "prediction": null,
      "plotSummaryInfoCount": 1,
      "plotSummaryInfo": {
        "classification": "의사소통",
        "readAge": "초등_저학년",
        "form": "short-form",
        "plotSummaryText": "공주는 마지못해 식탁 위에 올려놓았는데 공주님하고 같이 먹게 접시를 밀어 달라고 하자 공주는 금방이라도 토할 것 같았다.",
        "textWordEA": 17
      }
    },
    {
      "srcTextID": "19109",
      "srcText": "개구리가 겁먹은 얼굴로 물었어. “못 할 것도 없지. 에잇!” 공주는 개구리를 있는 힘껏 집어 던졌어. “철퍼덕!”",
      "srcPage": 15,
      "srcSentenceEA": 4,
      "srcWordEA": 18,
      "character": "개구리,공주",
      "setting": null,
      "action": "집어 던졌어",
      "feeling": "겁먹은",
      "causalRelationship": null,
      "outcomeResolution": null,
      "prediction": null,
      "plotSummaryInfoCount": 1,
      "plotSummaryInfo": {
        "classification": "의사소통",
        "readAge": "초등_저학년",
        "form": "long-form",
        "plotSummaryText": "개구리가 겁먹은 얼굴로 묻자 못 할 것도 없다고 공주는 개구리를 있는 힘껏 집어 던졌다.",
        "textWordEA": 14
      }
    },
    {
      "srcTextID": "19113",
      "srcText": "공주는 얼굴이 아주 새빨개졌어. 개구리의 겉모습만 보고 못되게 굴었던 것이 부끄러웠지. 왕자가 손을 내밀며 말했어.",
      "srcPage": 17,
      "srcSentenceEA": 3,
      "srcWordEA": 17,
      "character": "공주,개구리,왕자,손",
      "setting": null,
      "action": "손을 내밀며 말했어",
      "feeling": null,
      "causalRelationship": "공주는 얼굴이 아주 새빨개졌어. 개구리의 겉모습만 보고 못되게 굴었던 것이 부끄러웠지",
      "outcomeResolution": null,
      "prediction": null,
      "plotSummaryInfoCount": 1,
      "plotSummaryInfo": {
        "classification": "의사소통",
        "readAge": "초등_저학년",
        "form": "short-form",
        "plotSummaryText": "공주는 얼굴이 아주 새빨개져서 겉모습만 보고 못되게 굴었던 것이 부끄러웠는데 왕자가 손을 내밀며 말했다.",
        "textWordEA": 14
      }
    },
    {
      "srcTextID": "19112",
      "srcText": "“저와 함께 제 왕궁으로 가 주시겠어요?” 공주는 뺨을 붉힌 채 고개만 끄덕였지. 다음 날, 은빛 말들이 끄는 마차가 공주와 왕자를 태우고 왕자의 나라로 떠났어. 말들이 달릴 때마다 하늘에서는 땡땡땡 맑은 종소리가 울려 퍼졌지.",
      "srcPage": 18,
      "srcSentenceEA": 4,
      "srcWordEA": 36,
      "character": "공주,말,마차,왕자",
      "setting": "왕궁,다음 날,하늘에서는,나라로",
      "action": "끄덕였지,태우고,달릴",
      "feeling": null,
      "causalRelationship": null,
      "outcomeResolution": null,
      "prediction": null,
      "plotSummaryInfoCount": 1,
      "plotSummaryInfo": {
        "classification": "의사소통",
        "readAge": "초등_저학년",
        "form": "long-form",
        "plotSummaryText": "왕궁으로 가자고 하니까 공주는 끄덕였고 다음 날, 마차가 공주와 왕자를 태우고 왕자의 나라로 떠났다.",
        "textWordEA": 14
      }
    },
    {
      "srcTextID": "19111",
      "srcText": "“펑!” 소리가 나더니, 개구리는 온데간데없고, 멋진 왕자님이 서 있었어. 공주는 어리둥절했지. “공주님이 제 마법을 풀어 주셨어요! 세상에서 가장 예쁜 공주님이 저를 집어 던져야 마법에서 풀려날 수 있었거든요.”",
      "srcPage": 16,
      "srcSentenceEA": 4,
      "srcWordEA": 30,
      "character": "개구리,왕자님,공주",
      "setting": "세상에서",
      "action": "서 있었어,집어 던져야",
      "feeling": "어리둥절했지",
      "causalRelationship": null,
      "outcomeResolution": null,
      "prediction": null,
      "plotSummaryInfoCount": 1,
      "plotSummaryInfo": {
        "classification": "의사소통",
        "readAge": "초등_저학년",
        "form": "long-form",
        "plotSummaryText": "멋진 왕자님이 서 있었고 공주님이 집어 던져야 마법에서 풀려날 수 있었다고 하니 공주는 어리둥절했다.",
        "textWordEA": 14
      }
    },
    {
      "srcTextID": "19094",
      "srcText": "방이 백 개나 되는 으리으리한 성에 세상에서 가장 예쁜 공주가 살았어. 공주가 얼마나 예쁜지 꽃들도 공주를 보면 시들시들해졌고, 해님조차도 눈이 부셔 비추지 못할 정도였대. 공주에게는 귀한 보물들이 아주 많았는데 공주는 그중에서도 황금 공을 가장 아꼈지.",
      "srcPage": 1,
      "srcSentenceEA": 3,
      "srcWordEA": 37,
      "character": "공주,꽃들,해님,보물들,황금 공",
      "setting": "방,성,세상에서",
      "action": null,
      "feeling": null,
      "causalRelationship": "공주가 얼마나 예쁜지 꽃들도 공주를 보면 시들시들해졌고,해님조차도 눈이 부셔 비추지 못할 정도였대",
      "outcomeResolution": null,
      "prediction": null,
      "plotSummaryInfoCount": 1,
      "plotSummaryInfo": {
        "classification": "의사소통",
        "readAge": "초등_저학년",
        "form": "short-form",
        "plotSummaryText": "방이 백 개나 되는 성에 예쁜 공주가 살았는데 공주가 얼마나 예쁜지 꽃들도 공주를 보면 시들시들해졌고, 해님조차도 눈이 부셔 비추지 못할 정도인데 공주에게는 귀한 보물들이 많았는데 그중에서 황금 공을 가장 아꼈다.",
        "textWordEA": 30
      }
    },
    {
      "srcTextID": "19098",
      "srcText": "바로 그때였어. 아주 커다랗고 거무죽죽하고 울퉁불퉁한 개구리가 물 밖으로 머리를 쑥 내밀지 뭐야. 공주는 깜짝 놀라 울음을 뚝 그쳤어. “공주님, 제가 공을 찾아다 드릴게요. 대신 저와 친구가 되겠다고 약속해 주세요.”",
      "srcPage": 3,
      "srcSentenceEA": 5,
      "srcWordEA": 33,
      "character": "개구리,공주,공,친구",
      "setting": "물 밖,그때",
      "action": "머리를 쑥 내밀지,찾아다",
      "feeling": "깜짝 놀라",
      "causalRelationship": null,
      "outcomeResolution": null,
      "prediction": null,
      "plotSummaryInfoCount": 1,
      "plotSummaryInfo": {
        "classification": "의사소통",
        "readAge": "초등_저학년",
        "form": "long-form",
        "plotSummaryText": "바로 그때 개구리가 물 밖으로 머리를 쑥 내밀고 공을 찾아다 드릴테니 친구가 되겠다고 약속해 주라고 하자  공주는 깜짝 놀라 울음을 뚝 그쳤다.",
        "textWordEA": 23
      }
    },
    {
      "srcTextID": "19100",
      "srcText": "“공주님, 문 좀 열어 주세요!” 공주가 슬쩍 문을 열어 봤더니 글쎄, 낮에 보았던 그 개구리가 있지 않겠어! 공주는 얼른 문을 쾅 닫아 버렸어.",
      "srcPage": 7,
      "srcSentenceEA": 3,
      "srcWordEA": 25,
      "character": "공주님,개구리",
      "setting": "낮",
      "action": "열어 봤더니,쾅 닫아 버렸어",
      "feeling": null,
      "causalRelationship": null,
      "outcomeResolution": null,
      "prediction": null,
      "plotSummaryInfoCount": 1,
      "plotSummaryInfo": {
        "classification": "의사소통",
        "readAge": "초등_저학년",
        "form": "short-form",
        "plotSummaryText": "공주가 문을 열어 봤더니 낮에 보았던 그 개구리여서 문을 쾅 닫아 버렸다.",
        "textWordEA": 12
      }
    },
    {
      "srcTextID": "19102",
      "srcText": "“얘야, 무슨 일이냐?” 왕이 물었어. 공주는 괜히 울먹거리며 낮에 있었던 일을 이야기했어. “약속은 지켜야 한다. 어서 문을 열어 주어라.”",
      "srcPage": 8,
      "srcSentenceEA": 5,
      "srcWordEA": 22,
      "character": "왕,공주",
      "setting": "낮",
      "action": "물었어,이야기했어,지켜야,열어",
      "feeling": null,
      "causalRelationship": null,
      "outcomeResolution": null,
      "prediction": null,
      "plotSummaryInfoCount": 1,
      "plotSummaryInfo": {
        "classification": "의사소통",
        "readAge": "초등_저학년",
        "form": "long-form",
        "plotSummaryText": "공주는 낮에 있었던 일을 이야기했더니 왕은 약속은 지켜야 한다고 문을 열어 주라고 했다.",
        "textWordEA": 13
      }
    },
    {
      "srcTextID": "19103",
      "srcText": "공주는 어쩔 수 없이 문을 열어 주었고, 개구리는 기다렸다는 듯 뛰어왔어. “공주님 옆으로 날 올려 줘요.” 공주가 못 들은 체하자, 왕이 다시 말했어. “개구리 말대로 해 주어라.”",
      "srcPage": 9,
      "srcSentenceEA": 4,
      "srcWordEA": 28,
      "character": "공주,개구리,왕",
      "setting": null,
      "action": "올려,열어 주었고,뛰어왔어,말했어",
      "feeling": null,
      "causalRelationship": null,
      "outcomeResolution": null,
      "prediction": null,
      "plotSummaryInfoCount": 1,
      "plotSummaryInfo": {
        "classification": "의사소통",
        "readAge": "초등_저학년",
        "form": "long-form",
        "plotSummaryText": "공주는 문을 열어 주었고, 개구리는 공주님 옆으로  올려 주라고 하자 공주가 못 들은 체하니 왕이 개구리 말대로 해 주라고 했다.",
        "textWordEA": 21
      }
    },
    {
      "srcTextID": "19107",
      "srcText": "“아, 배불러. 이젠 한숨 자야겠어요. 나를 안아서 공주님 방으로 데려가 주세요.” 공주가 화들짝 놀라 소리쳤어.",
      "srcPage": 11,
      "srcSentenceEA": 4,
      "srcWordEA": 18,
      "character": "공주님,나를",
      "setting": "방,이젠",
      "action": "소리쳤어,데려가,안아서",
      "feeling": "화들짝 놀라",
      "causalRelationship": null,
      "outcomeResolution": null,
      "prediction": null,
      "plotSummaryInfoCount": 1,
      "plotSummaryInfo": {
        "classification": "의사소통",
        "readAge": "초등_저학년",
        "form": "long-form",
        "plotSummaryText": "한숨 자기위해 안아서 공주님 방으로 데려가 주라고 하니 공주가 화들짝 놀라 소리쳤다.",
        "textWordEA": 12
      }
    },
    {
      "srcTextID": "19108",
      "srcText": "공주는 어두운 구석에 개구리를 떨어뜨리고 침대 위에 털썩 주저앉았어. 그런데 세상에, 개구리가 펄쩍 뛰어오더니 이러는 거야. “공주님, 저도 침대 위로 올려 주세요. 그러지 않으면 임금님께 이를 거예요.”",
      "srcPage": 13,
      "srcSentenceEA": 4,
      "srcWordEA": 29,
      "character": "공주,개구리,임금님",
      "setting": "침대 위,구석에",
      "action": "떨어뜨리고,털썩 주저앉았어,펄쩍 뛰어오더니",
      "feeling": null,
      "causalRelationship": null,
      "outcomeResolution": null,
      "prediction": null,
      "plotSummaryInfoCount": 1,
      "plotSummaryInfo": {
        "classification": "의사소통",
        "readAge": "초등_저학년",
        "form": "long-form",
        "plotSummaryText": "공주는 구석에 개구리를 떨어뜨리고 침대 위에 털썩 주저앉았는데 개구리가 침대 위로 올려 주지 않으면 임금님께 이를 거라고 했다.",
        "textWordEA": 18
      }
    },
    {
      "srcTextID": "19110",
      "srcText": "그 말을 듣는 순간 공주는 화가 치밀었어. “뭐라고? 이 징그럽고 축축한 개구리, 가만두지 않을 거야!” “설마 저를 집어 던지기라도 하려고요?”",
      "srcPage": 14,
      "srcSentenceEA": 3,
      "srcWordEA": 21,
      "character": "공주,개구리",
      "setting": "순간",
      "action": null,
      "feeling": "화가 치밀었어",
      "causalRelationship": null,
      "outcomeResolution": null,
      "prediction": "그 말을 듣는 순간 공주는 화가 치밀었어.",
      "plotSummaryInfoCount": 1,
      "plotSummaryInfo": {
        "classification": "의사소통",
        "readAge": "초등_저학년",
        "form": "short-form",
        "plotSummaryText": "그 말을 듣는 순간 공주는 화가 치밀어서 징그럽고 축축한 개구리 가만두지 않을 거야라고 했다. ",
        "textWordEA": 14
      }
    },
    {
      "srcTextID": "19106",
      "srcText": "“그건 안 돼. 내 방엔 절대 안 돼!” 그러자 왕이 무서운 눈으로 공주를 노려보았어. 공주는 세상에서 가장 슬픈 얼굴로 개구리를 집어 들고는 기나긴 복도를 지나 자기 방으로 갔어.",
      "srcPage": 12,
      "srcSentenceEA": 4,
      "srcWordEA": 31,
      "character": "왕,공주,개구리",
      "setting": "방,복도",
      "action": "노려보았어,집어 들고는,갔어",
      "feeling": "가장 슬픈 얼굴",
      "causalRelationship": null,
      "outcomeResolution": null,
      "prediction": null,
      "plotSummaryInfoCount": 1,
      "plotSummaryInfo": {
        "classification": "의사소통",
        "readAge": "초등_저학년",
        "form": "long-form",
        "plotSummaryText": "왕이 무서운 눈으로 공주를 노려보자 공주는 세상에서 가장 슬픈 얼굴로 개구리를 집어 들고는 자기 방으로 갔다.",
        "textWordEA": 16
      }
    }
  ]
}