{
  "title": "콩쥐 팥쥐",
  "author": "송경진",
  "illustrator": "임여진",
  "isbn": "9788992191913",
  "publishedYear": 2006,
  "publisher": "한국아이엔이",
  "paragraphInfoCount": 29,
  "paragraphInfo": [
    {
      "srcTextID": "102114",
      "srcText": "콩쥐는 자랄수록 예뻐지고 마음씨도 착해서 보는 사람마다 칭찬을 했습니다. 무엇보다도 홀로된 아버지를 극진히 모시는 효녀였습니다. 그런데도 아버지는 새어머니를 맞이했습니다.",
      "srcPage": 2,
      "srcSentenceEA": 3,
      "srcWordEA": 21,
      "character": "콩쥐,사람,아버지,효녀,새어머니",
      "setting": null,
      "action": "보는,칭찬을 했습니다,모시는,맞이했습니다",
      "feeling": null,
      "causalRelationship": null,
      "outcomeResolution": null,
      "prediction": null,
      "plotSummaryInfoCount": 1,
      "plotSummaryInfo": {
        "classification": "의사소통",
        "readAge": "초등_저학년",
        "form": "short-form",
        "plotSummaryText": "마음씨가 착하고 홀로된 아버지를 모시는 효녀인 콩쥐에게 새어머니가 생겼습니다.",
        "textWordEA": 9
      }
    },
    {
      "srcTextID": "102157",
      "srcText": "새어머니는 얼른 팥쥐를 불러 꽃신을 신겨 보았습니다. 그러나 꽃신이 팥쥐의 발에 맞을 리 없었습니다. \"도대체 넌 누굴 닮아 이렇게 발이 크냐?\" 새어머니는 공연히 팥쥐만 나무랐습니다.",
      "srcPage": 25,
      "srcSentenceEA": 4,
      "srcWordEA": 27,
      "character": "새어머니,팥쥐,꽃신,팥쥐의 발",
      "setting": null,
      "action": "불러,신겨 보았습니다,나무랐습니다",
      "feeling": null,
      "causalRelationship": null,
      "outcomeResolution": null,
      "prediction": null,
      "plotSummaryInfoCount": 1,
      "plotSummaryInfo": {
        "classification": "의사소통",
        "readAge": "초등_저학년",
        "form": "long-form",
        "plotSummaryText": "팥쥐를 불러 꽃신을 신긴 새어머니는 꽃신이 맞지 않자, 팥쥐를 나무랐습니다.",
        "textWordEA": 10
      }
    },
    {
      "srcTextID": "102115",
      "srcText": "집안일을 모두 콩쥐에게만 시켰습니다. \"메롱, 약오르지?\" 팥쥐는 곁에서 고소해했습니다.",
      "srcPage": 4,
      "srcSentenceEA": 3,
      "srcWordEA": 10,
      "character": "콩쥐,팥쥐",
      "setting": null,
      "action": "시켰습니다,고소해했습니다",
      "feeling": null,
      "causalRelationship": null,
      "outcomeResolution": null,
      "prediction": null,
      "plotSummaryInfoCount": 1,
      "plotSummaryInfo": {
        "classification": "의사소통",
        "readAge": "초등_저학년",
        "form": "short-form",
        "plotSummaryText": "콩쥐에게만 집안일을 시키자, 팥쥐는 곁에서 고소해했습니다.",
        "textWordEA": 6
      }
    },
    {
      "srcTextID": "102116",
      "srcText": "콩쥐는 몹시 힘이 들었지만, 새어머니와 팥쥐를 미워하지 않았습니다. 그러다가 아버지마저 돌아가셨습니다. 마음씨 고약한 새어머니는 콩쥐를 몹시 구박했습니다. \"새 옷은 벗어서 팥쥐 주고 너는 헌 옷 입고 일이나 해!\"",
      "srcPage": 5,
      "srcSentenceEA": 4,
      "srcWordEA": 30,
      "character": "콩쥐,새어머니,팥쥐,아버지,새 옷,헌 옷",
      "setting": null,
      "action": "돌아가셨습니다,구박했습니다,벗어서,주고,입고",
      "feeling": null,
      "causalRelationship": null,
      "outcomeResolution": null,
      "prediction": null,
      "plotSummaryInfoCount": 1,
      "plotSummaryInfo": {
        "classification": "의사소통",
        "readAge": "초등_저학년",
        "form": "long-form",
        "plotSummaryText": "몹시 힘이 들었던 콩쥐는 새어머니와 팥쥐를 미워하지 않았지만, 새어머니는 콩쥐를 구박했습니다.",
        "textWordEA": 11
      }
    },
    {
      "srcTextID": "109951",
      "srcText": "\"어쩌지? 독에 물을 채워야 하는데. 흑흑......\" 콩쥐가 울고 있을 때, 어디선가 두꺼비 한 마리가 나타나 말했습니다. \"콩쥐님, 울지 마세요. 내가 구멍을 막아 줄 테니, 어서 물을 길어 오세요.\" 콩쥐는 두꺼비 덕분에 금세 독을 채웠습니다.",
      "srcPage": 7,
      "srcSentenceEA": 6,
      "srcWordEA": 39,
      "character": "독,물,콩쥐,두꺼비",
      "setting": null,
      "action": "채워야 하는데,울고 있을,나타나,막아 줄 테니,길어 오세요,채웠습니다",
      "feeling": null,
      "causalRelationship": null,
      "outcomeResolution": "콩쥐는 두꺼비 덕분에 금세 독을 채웠습니다.",
      "prediction": null,
      "plotSummaryInfoCount": 1,
      "plotSummaryInfo": {
        "classification": "의사소통",
        "readAge": "초등_저학년",
        "form": "long-form",
        "plotSummaryText": "울고 있는 콩쥐에게 두꺼비가 나타나 구멍을 막아주자, 콩쥐는 독을 물을 채울 수 있었습니다.",
        "textWordEA": 13
      }
    },
    {
      "srcTextID": "102127",
      "srcText": "'아니, 깨진 독에 어떻게 물을 채웠지? 흥! 더 어려운 일을 시켜야겠군!' 새어머니는 콩쥐를 새벽부터 밤 늦게까지 하녀처럼 부려 먹었습니다.",
      "srcPage": 9,
      "srcSentenceEA": 4,
      "srcWordEA": 22,
      "character": "독,물,새어머니,콩쥐",
      "setting": "새벽,밤",
      "action": "채웠지,시켜야겠군,부려 먹었습니다",
      "feeling": null,
      "causalRelationship": null,
      "outcomeResolution": null,
      "prediction": null,
      "plotSummaryInfoCount": 1,
      "plotSummaryInfo": {
        "classification": "의사소통",
        "readAge": "초등_저학년",
        "form": "long-form",
        "plotSummaryText": "깨진 독에 물을 채운 것을 본 새어머니는 콩쥐를 새벽부터 밤늦게까지 부려 먹었습니다.",
        "textWordEA": 12
      }
    },
    {
      "srcTextID": "102158",
      "srcText": "이방은 콩쥐에게도 신어 보라고 했습니다. \"이 아이는 신겨 보나마나예요. 행차 때는 집 밖에 나오지도 않았답니다.\" 새어머니가 가로막고 나섰습니다. \"막지마시오. 사또께서는 누구든 다 신겨 보고 주인을 찾으라 하셨소.\"",
      "srcPage": 26,
      "srcSentenceEA": 5,
      "srcWordEA": 30,
      "character": "이방,콩쥐,새어머니,사또",
      "setting": "집",
      "action": "신어 보라고 했습니다,나오지도,가로막고 나섰습니다,막지마시오,신겨 보고,찾으라 하셨소",
      "feeling": null,
      "causalRelationship": null,
      "outcomeResolution": null,
      "prediction": null,
      "plotSummaryInfoCount": 1,
      "plotSummaryInfo": {
        "classification": "의사소통",
        "readAge": "초등_저학년",
        "form": "long-form",
        "plotSummaryText": "이방이 콩쥐에게도 신어 보라고 하자, 이 아이는 집 밖에 나오지도 않았다면서 새어머니가 가로막고 나섰습니다.",
        "textWordEA": 14
      }
    },
    {
      "srcTextID": "102159",
      "srcText": "이방이 콩쥐에게 꽃신을 신기자, 콩쥐의 발에 꼭 맞았습니다. \"꽃신의 주인을 찾았다. 자, 사또께서 기다리고 계시니 어서 가십시다.\" 이방은 콩쥐를 꽃가마에 태워서 원님에게 안내했습니다.",
      "srcPage": 27,
      "srcSentenceEA": 4,
      "srcWordEA": 25,
      "character": "이방,콩쥐,꽃신,콩쥐의 발,사또,원님",
      "setting": "꽃가마에",
      "action": "신기자,찾았다,기다리고,가십시다,태워서,안내했습니다",
      "feeling": null,
      "causalRelationship": null,
      "outcomeResolution": null,
      "prediction": null,
      "plotSummaryInfoCount": 1,
      "plotSummaryInfo": {
        "classification": "의사소통",
        "readAge": "초등_저학년",
        "form": "long-form",
        "plotSummaryText": "꽃신이 콩쥐의 발에 꼭 맞자, 이방이 꽃가마에 콩쥐를 태우고 원님에게 안내했습니다.",
        "textWordEA": 11
      }
    },
    {
      "srcTextID": "102160",
      "srcText": "꽃신의 내력을 들은 원님은 콩쥐의 못된 새어머니와 팥쥐를 혼내 주려 했습니다. 그러나 콩쥐는 새어머니와 팥쥐가 벌 받는 것을 원치 않았습니다. \"사또님, 제발 어머니와 동생을 용서해 주세요.\"",
      "srcPage": 28,
      "srcSentenceEA": 3,
      "srcWordEA": 27,
      "character": "꽃신,원님,콩쥐,새어머니,팥쥐,사또,어머니,동생",
      "setting": null,
      "action": "들은,혼내 주려 했습니다,벌 받는",
      "feeling": null,
      "causalRelationship": null,
      "outcomeResolution": null,
      "prediction": null,
      "plotSummaryInfoCount": 1,
      "plotSummaryInfo": {
        "classification": "의사소통",
        "readAge": "초등_저학년",
        "form": "short-form",
        "plotSummaryText": "꽃신의 내력을 들은 원님이 새어머니와 팥쥐를 혼내 주려 했지만, 콩쥐가 새어머니와 팥쥐를 용서해달라고 말했습니다.",
        "textWordEA": 14
      }
    },
    {
      "srcTextID": "102161",
      "srcText": "콩쥐의 애원에 원님도 용서해 주었습니다. \"콩쥐는 정말 고운 마음씨를 지녔구나!\" 원님은 콩쥐를 며느리로 삼아 아들과 행복하게 살게 했답니다.",
      "srcPage": 29,
      "srcSentenceEA": 3,
      "srcWordEA": 19,
      "character": "콩쥐,원님,며느리,아들",
      "setting": null,
      "action": "용서해 주었습니다,삼아",
      "feeling": "행복하게",
      "causalRelationship": null,
      "outcomeResolution": "원님은 콩쥐를 며느리로 삼아 아들과 행복하게 살게 했답니다.",
      "prediction": null,
      "plotSummaryInfoCount": 1,
      "plotSummaryInfo": {
        "classification": "의사소통",
        "readAge": "초등_저학년",
        "form": "short-form",
        "plotSummaryText": "고운 마음씨에 콩쥐를 며느리로 삼은 원님은 아들과 행복하게 살게 했답니다.",
        "textWordEA": 10
      }
    },
    {
      "srcTextID": "102140",
      "srcText": "새 원님이 부임하는 날이었습니다. 새어머니는 팥쥐만 데리고 부임 행차 구경을 가면서 콩쥐에게 일렀습니다. \"우리가 다녀올 동안 벼 한 섬을 찧어 놓고, 베도 한 필 짜 놓아라!\"",
      "srcPage": 14,
      "srcSentenceEA": 3,
      "srcWordEA": 27,
      "character": "원님,새어머니,팥쥐,콩쥐,우리,벼,베",
      "setting": null,
      "action": "데리고,구경을 가면서,일렀습니다,다녀올,찧어 놓고,짜 놓아라",
      "feeling": null,
      "causalRelationship": null,
      "outcomeResolution": null,
      "prediction": null,
      "plotSummaryInfoCount": 1,
      "plotSummaryInfo": {
        "classification": "의사소통",
        "readAge": "초등_저학년",
        "form": "short-form",
        "plotSummaryText": "팥쥐와 새 원님 부임 행차 구경을 가려던 새어머니는 콩쥐에게 벼 한 섬과 베 한 필을 완성하라고 일렀습니다.",
        "textWordEA": 17
      }
    },
    {
      "srcTextID": "102141",
      "srcText": "콩쥐는 대답을 못 하고 마당만 내려다보고 있었습니다. 사흘을 해도 다 못 할 일이었기 때문입니다. \"오늘 안으로 못하면 밥 먹을 생각은 아예 말아라!\"",
      "srcPage": 15,
      "srcSentenceEA": 3,
      "srcWordEA": 23,
      "character": "콩쥐",
      "setting": "마당,오늘",
      "action": "대답을 못하고,내려다보고 있었습니다,먹을",
      "feeling": null,
      "causalRelationship": null,
      "outcomeResolution": null,
      "prediction": null,
      "plotSummaryInfoCount": 1,
      "plotSummaryInfo": {
        "classification": "의사소통",
        "readAge": "초등_저학년",
        "form": "short-form",
        "plotSummaryText": "사흘을 해도 다 못 할 일이었기 때문에 콩쥐는 대답도 못 하고 마당만 내려다보고 있었습니다.",
        "textWordEA": 14
      }
    },
    {
      "srcTextID": "102145",
      "srcText": "\"이 많은 벼를 언제 다 찧는담!\" 콩쥐가 걱정하고 있을 때, 참새 한 마리가 포르르 날아왔습니다. \"콩쥐님, 왜 슬픈 얼굴을 하고 있어요?\"",
      "srcPage": 16,
      "srcSentenceEA": 3,
      "srcWordEA": 22,
      "character": "벼,콩쥐,참새",
      "setting": null,
      "action": "찧는담,날아왔습니다",
      "feeling": null,
      "causalRelationship": null,
      "outcomeResolution": null,
      "prediction": null,
      "plotSummaryInfoCount": 1,
      "plotSummaryInfo": {
        "classification": "의사소통",
        "readAge": "초등_저학년",
        "form": "short-form",
        "plotSummaryText": "벼를 찧을 생각에 콩쥐가 걱정하고 있을 때 참새 한 마리가 날아왔습니다.",
        "textWordEA": 11
      }
    },
    {
      "srcTextID": "102146",
      "srcText": "\"참새님, 벼 한 섬을 찧어야 하는데, 너무 힘이 들어요.\" 콩쥐의 말을 들은 참새는 날아가더니 친구들을 많이 데리고 왔습니다. \"콩쥐님, 걱정 마세요. 우리가 도와 드릴게요.\" 참새들은 부리로 벼 껍질을 금세 까 놓았습니다.",
      "srcPage": 17,
      "srcSentenceEA": 5,
      "srcWordEA": 34,
      "character": "참새,벼,콩쥐,친구들,참새들,부리",
      "setting": null,
      "action": "찧어야,날아가더니,데리고 왔습니다,까 놓았습니다",
      "feeling": null,
      "causalRelationship": null,
      "outcomeResolution": "참새들은 부리로 벼 껍질을 금세 까 놓았습니다.",
      "prediction": null,
      "plotSummaryInfoCount": 1,
      "plotSummaryInfo": {
        "classification": "의사소통",
        "readAge": "초등_저학년",
        "form": "long-form",
        "plotSummaryText": "벼 한 섬을 찧어야 한다는 콩쥐가 말에 참새는 친구들을 불러 벼 껍질을 금세 까 놓았습니다.",
        "textWordEA": 15
      }
    },
    {
      "srcTextID": "102148",
      "srcText": "콩쥐는 베틀에 엎드려 돌아가신 부모님을 불러 보았습니다. 그때, 아름다운 음악소리가 들리더니, 오색 구름 속에서 선녀가 나타났습니다. \"콩쥐 아가씨, 울지 마세요. 베는 제가 짤 테니, 이 새 옷과 꽃신을 신고 원님 부임 행차 구경이나 가세요.\"",
      "srcPage": 19,
      "srcSentenceEA": 4,
      "srcWordEA": 36,
      "character": "콩쥐,베틀,선녀,콩쥐 아가씨,새 옷,꽃신,원님",
      "setting": null,
      "action": "엎드려,불러 보았습니다,나타났습니다,짤 테니,신고,구경이나 가세요",
      "feeling": null,
      "causalRelationship": null,
      "outcomeResolution": null,
      "prediction": null,
      "plotSummaryInfoCount": 1,
      "plotSummaryInfo": {
        "classification": "의사소통",
        "readAge": "초등_저학년",
        "form": "long-form",
        "plotSummaryText": "콩쥐가 엎드려 부모님을 부를 때, 오색구름 속에서 선녀가 나타나 베를 대신 짜준다고 말하며 새 옷과 꽃신을 주었습니다.",
        "textWordEA": 17
      }
    },
    {
      "srcTextID": "102155",
      "srcText": "콩쥐는 너무 부끄러워 그대로 도망치듯 집으로 달려갔습니다. 원님의 외아들이 꽃신을 보고, 하인을 시켜 주워 오게 했습니다. \"참, 예쁜 꽃신이구나, 급히 달아난 아가씨는 누구일까?\" 원님의 외아들은 꽃신의 임자를 꼭 만나보고 싶었습니다.",
      "srcPage": 23,
      "srcSentenceEA": 4,
      "srcWordEA": 32,
      "character": "콩쥐,원님의 외아들,꽃신,하인,아가씨",
      "setting": "집",
      "action": "달려갔습니다,보고,주워 오게 했습니다,달아난",
      "feeling": null,
      "causalRelationship": null,
      "outcomeResolution": null,
      "prediction": "원님의 외아들은 꽃신의 임자를 꼭 만나보고 싶었습니다.",
      "plotSummaryInfoCount": 1,
      "plotSummaryInfo": {
        "classification": "의사소통",
        "readAge": "초등_저학년",
        "form": "long-form",
        "plotSummaryText": "부끄러웠던 콩쥐는 집으로 도망치듯 달려갔고 꽃신을 본 원님의 외아들은 꽃신의 임자를 꼭 만나보고 싶었습니다.",
        "textWordEA": 14
      }
    },
    {
      "srcTextID": "102156",
      "srcText": "며칠 뒤, 이방이 꽃신을 받쳐들고 주인을 찾아다녔습니다. \"자, 이 꽃신의 주인을 찾습니다!\" 온 고을을 돌아다닌 이방은 드디어 콩쥐네 집에도 찾아왔습니다.",
      "srcPage": 24,
      "srcSentenceEA": 3,
      "srcWordEA": 21,
      "character": "이방,꽃신",
      "setting": "고을,콩쥐네 집",
      "action": "받쳐들고,찾아다녔습니다,찾습니다,돌아다닌,찾아왔습니다",
      "feeling": null,
      "causalRelationship": null,
      "outcomeResolution": null,
      "prediction": null,
      "plotSummaryInfoCount": 1,
      "plotSummaryInfo": {
        "classification": "의사소통",
        "readAge": "초등_저학년",
        "form": "short-form",
        "plotSummaryText": "꽃신을 받쳐 들고 주인을 찾아다닌 이방은 드디어 콩쥐네 집에도 찾아왔습니다.",
        "textWordEA": 10
      }
    },
    {
      "srcTextID": "102113",
      "srcText": "새어머니는 생김새가 험상궂고 마음씨가 고약한 여자였습니다. 게다가 '팥쥐'라는 딸을 데리고 왔습니다. 팥쥐도 얼굴이 못생기고 심술만 부리는 아이였습니다.",
      "srcPage": 3,
      "srcSentenceEA": 4,
      "srcWordEA": 20,
      "character": "새어머니,여자,팥쥐,딸",
      "setting": null,
      "action": "데리고 왔습니다",
      "feeling": null,
      "causalRelationship": null,
      "outcomeResolution": null,
      "prediction": null,
      "plotSummaryInfoCount": 1,
      "plotSummaryInfo": {
        "classification": "의사소통",
        "readAge": "초등_저학년",
        "form": "long-form",
        "plotSummaryText": "생김새가 험상궂고 마음씨가 고약한 여자였던 새어머니는 얼굴이 못생기고 심술만 부리는 팥쥐를 데리고 왔습니다.",
        "textWordEA": 13
      }
    },
    {
      "srcTextID": "102154",
      "srcText": "\"어머나, 내꽃신!\" 콩쥐는 당황해서 꽃신을 주울 수가 없었습니다. 예쁜 꽃신은 길 한가운데에서 뒹굴었습니다.",
      "srcPage": 22,
      "srcSentenceEA": 3,
      "srcWordEA": 15,
      "character": "꽃신,콩쥐",
      "setting": "길 한가운데에",
      "action": "주울 수가,뒹굴었습니다",
      "feeling": null,
      "causalRelationship": null,
      "outcomeResolution": null,
      "prediction": "예쁜 꽃신은 길 한가운데에서 뒹굴었습니다.",
      "plotSummaryInfoCount": 1,
      "plotSummaryInfo": {
        "classification": "의사소통",
        "readAge": "초등_저학년",
        "form": "short-form",
        "plotSummaryText": "당황한 콩쥐는 길 한가운데로 뒹군 예쁜 꽃신을 주울 수가 없었습니다.",
        "textWordEA": 10
      }
    },
    {
      "srcTextID": "109952",
      "srcText": "어느 날, 새어머니는 마을 잔치에 다녀오겠다며 콩쥐에게 말했습니다. \"콩쥐야, 내가 돌아올 때까지 부엌에 있는 큰 독에 물을 길어 놓아라!\" 그 독은 밑이 깨져 있어서, 물을 부으면 모두 새고 말았습니다.",
      "srcPage": 6,
      "srcSentenceEA": 3,
      "srcWordEA": 30,
      "character": "새어머니,콩쥐,내,독,물",
      "setting": "부엌",
      "action": "다녀오겠다며,말했습니다,돌아올,길어 놓아라,부으면",
      "feeling": null,
      "causalRelationship": null,
      "outcomeResolution": null,
      "prediction": null,
      "plotSummaryInfoCount": 1,
      "plotSummaryInfo": {
        "classification": "의사소통",
        "readAge": "초등_저학년",
        "form": "short-form",
        "plotSummaryText": "새어머니는 콩쥐에게 마을 잔치에 가면서 자기가 돌아올 때까지 부엌에 있는 큰 독에 물을 길어 놓으라고 말했지만, 독 밑이 깨져 물이 모두 샜습니다.",
        "textWordEA": 22
      }
    },
    {
      "srcTextID": "102126",
      "srcText": "\"콩쥐는 일도 잘하고, 점점 예뻐지네요.\" 마을 사람들이 콩쥐를 칭찬할 때면 새어머니는 더욱 심술이 났습니다. 저녁때, 집에 돌아온 새어머니는 물독을 보고 깜짝 놀랐습니다.",
      "srcPage": 8,
      "srcSentenceEA": 3,
      "srcWordEA": 24,
      "character": "마을 사람들,콩쥐,새어머니",
      "setting": "저녁때,집",
      "action": "칭찬할,돌아온,보고",
      "feeling": null,
      "causalRelationship": null,
      "outcomeResolution": null,
      "prediction": null,
      "plotSummaryInfoCount": 1,
      "plotSummaryInfo": {
        "classification": "의사소통",
        "readAge": "초등_저학년",
        "form": "short-form",
        "plotSummaryText": "마을 사람들이 콩쥐를 칭찬하자, 심술 난 새어머니는 집에 돌아와 물독을 보고 깜짝 놀랐습니다.",
        "textWordEA": 13
      }
    },
    {
      "srcTextID": "102132",
      "srcText": "그리고 팥쥐에게는 쇠 호미를 주며 작은 텃밭을 매라고 했습니다. 콩쥐가 험한 자갈밭을 열심히 매는데 그만 나무호미가 부러졌습니다. \"어머나! 호미가 부러졌네! 이 넓은 밭을 어떻게 매지?\"",
      "srcPage": 10,
      "srcSentenceEA": 4,
      "srcWordEA": 28,
      "character": "팥쥐,쇠 호미,콩쥐,나무 호미",
      "setting": "텃밭,자갈밭",
      "action": "주며,매라고 했습니다,매는데",
      "feeling": null,
      "causalRelationship": null,
      "outcomeResolution": null,
      "prediction": null,
      "plotSummaryInfoCount": 1,
      "plotSummaryInfo": {
        "classification": "의사소통",
        "readAge": "초등_저학년",
        "form": "long-form",
        "plotSummaryText": "텃밭을 매기 위해 팥쥐에게는 쇠 호미, 콩쥐에게는 나무 호미를 주었는데 콩쥐의 나무 호미가 부러졌습니다.",
        "textWordEA": 14
      }
    },
    {
      "srcTextID": "102133",
      "srcText": "콩쥐는 눈앞이 깜깜했습니다. 어느 날, 새어머니는 콩쥐에게 나무 호미를 주며 말했습니다. \"마을 사람들이 콩쥐 너만 일을 시킨다고 수군대더구나. 오늘은 팥쥐도 일을 시킬 테니까, 너는 산 머 자갈밭을 모두 매고 오 너라!\"",
      "srcPage": 11,
      "srcSentenceEA": 4,
      "srcWordEA": 33,
      "character": "콩쥐,새어머니,나무 호미,마을 사람들,팥쥐",
      "setting": "오늘,산,자갈밭",
      "action": "주며 말했습니다,일을 시킨다고,수군대더구나,매고 오너라",
      "feeling": null,
      "causalRelationship": null,
      "outcomeResolution": null,
      "prediction": null,
      "plotSummaryInfoCount": 1,
      "plotSummaryInfo": {
        "classification": "의사소통",
        "readAge": "초등_저학년",
        "form": "long-form",
        "plotSummaryText": "콩쥐에게 나무 호미를 준 새어머니가 오늘은 팥쥐에게도 일을 시키겠다며 콩쥐는 산 머 자갈밭을 모두 매고 오라고 말했습니다.",
        "textWordEA": 17
      }
    },
    {
      "srcTextID": "102137",
      "srcText": "\"호미가 없으니 손으로라도 매야지.\" 콩쥐가 맨손으로 김을 매고 있을 때였습니다. 황소 한 마리가 나타나 말했습니다. ",
      "srcPage": 12,
      "srcSentenceEA": 3,
      "srcWordEA": 17,
      "character": "호미,손,콩쥐,황소",
      "setting": null,
      "action": "매야지,김을 매고,나타나,말했습니다",
      "feeling": null,
      "causalRelationship": null,
      "outcomeResolution": null,
      "prediction": null,
      "plotSummaryInfoCount": 1,
      "plotSummaryInfo": {
        "classification": "의사소통",
        "readAge": "초등_저학년",
        "form": "short-form",
        "plotSummaryText": "호미 없이 맨손으로 김을 매고 있는 콩쥐에게 황소 한 마리가 나타나 말했습니다.",
        "textWordEA": 12
      }
    },
    {
      "srcTextID": "102136",
      "srcText": "\"콩쥐야, 걱정 마! 밭은 내가 맬 테니, 너는 좀 쉬렴.\"황소는 풀을 뽑아 먹기 시작하더니, 밭의 풀을 금세 다 먹어 치웠습니다. 밭을 다 매자 황소는 어디론가 사라졌습니다. ",
      "srcPage": 13,
      "srcSentenceEA": 4,
      "srcWordEA": 29,
      "character": "콩쥐,황소,풀",
      "setting": "밭",
      "action": "뽑아 먹기,먹어 치웠습니다,매자,사라졌습니다",
      "feeling": null,
      "causalRelationship": null,
      "outcomeResolution": "황소는 풀을 뽑아 먹기 시작하더니, 밭의 풀을 금세 다 먹어 치웠습니다.",
      "prediction": null,
      "plotSummaryInfoCount": 1,
      "plotSummaryInfo": {
        "classification": "의사소통",
        "readAge": "초등_저학년",
        "form": "long-form",
        "plotSummaryText": "황소는 콩쥐 대신 풀을 뽑아 먹으며 밭을 다 매고선 어디론가 사라졌습니다.",
        "textWordEA": 11
      }
    },
    {
      "srcTextID": "102147",
      "srcText": "벼를 다 찧은 콩쥐는 베를 짜기 시작했습니다. 그러나 베짜기는 더욱 힘이 들었습니다. \"어머니, 아버지! 왜 저만 두고 하늘나라에 가셨어요?\"",
      "srcPage": 18,
      "srcSentenceEA": 4,
      "srcWordEA": 21,
      "character": "벼,베,콩쥐,어머니,아버지",
      "setting": "하늘나라",
      "action": "찧은,베를 짜기,두고,가셨어요",
      "feeling": null,
      "causalRelationship": null,
      "outcomeResolution": null,
      "prediction": null,
      "plotSummaryInfoCount": 1,
      "plotSummaryInfo": {
        "classification": "의사소통",
        "readAge": "초등_저학년",
        "form": "long-form",
        "plotSummaryText": "벼를 다 찧은 콩쥐는 베를 짜며 하늘나라를 향해 왜 자기만 두고 갔냐고 말했습니다.",
        "textWordEA": 13
      }
    },
    {
      "srcTextID": "109953",
      "srcText": "\"물러섰거라! 사또 행차시다!\" 구경꾼 속에 서 있던 콩쥐는 얼른 뒤로 물러섰습니다. 그 바람에 그만 꽃신 한 짝이 벗겨졌습니다.",
      "srcPage": 20,
      "srcSentenceEA": 3,
      "srcWordEA": 21,
      "character": "사또,콩쥐,꽃신",
      "setting": null,
      "action": "물러섰거라,서 있던,뒤로 물러섰습니다",
      "feeling": null,
      "causalRelationship": null,
      "outcomeResolution": null,
      "prediction": null,
      "plotSummaryInfoCount": 1,
      "plotSummaryInfo": {
        "classification": "의사소통",
        "readAge": "초등_저학년",
        "form": "short-form",
        "plotSummaryText": "사또 행차라는 말에 구경꾼 속에 서 있던 콩쥐가 뒤로 물러섰고 그 바람에 꽃신 한 짝이 벗겨졌습니다.",
        "textWordEA": 16
      }
    },
    {
      "srcTextID": "109954",
      "srcText": "선녀가 준 비단옷을 입고 꽃신을 신은 콩쥐는 너무나 기뻤습니다. 수많은 사람들이 행차 구경을 나와 있었습니다. \"쉬잇, 물렀거라! 신임 사또 행차시다!\" 호화로운 행차에는 원님의 외아들도 따르고 있었습니다.",
      "srcPage": 21,
      "srcSentenceEA": 5,
      "srcWordEA": 29,
      "character": "선녀,비단옷,꽃신,콩쥐,사람들,사또,원님의 외아들",
      "setting": null,
      "action": "입고,신은,나와 있었습니다,물렀거라,따르고 있었습니다",
      "feeling": "기뻤습니다",
      "causalRelationship": null,
      "outcomeResolution": null,
      "prediction": null,
      "plotSummaryInfoCount": 1,
      "plotSummaryInfo": {
        "classification": "의사소통",
        "readAge": "초등_저학년",
        "form": "long-form",
        "plotSummaryText": "수많은 사람들이 행차 구경을 나와 있었으며, 행차에는 원님의 외아들도 따르고 있었습니다.",
        "textWordEA": 11
      }
    },
    {
      "srcTextID": "102112",
      "srcText": "옛날, 어느 마을에 마음씨 착한 부부가 살고 있었습니다. 이 부부는 귀여운 첫딸을 낳았습니다. 그들은 딸 이름을 '콩쥐'라고 지었습니다. 콩쥐는 무럭무럭 예쁘게 자랐습니다. 그러던 어느 날, 어머니가 병으로 돌아가셨습니다.",
      "srcPage": 1,
      "srcSentenceEA": 6,
      "srcWordEA": 33,
      "character": "부부,첫딸,콩쥐,어머니,딸",
      "setting": "옛날,마을,어느 날",
      "action": "낳았습니다,자랐습니다,돌아가셨습니다",
      "feeling": null,
      "causalRelationship": null,
      "outcomeResolution": null,
      "prediction": null,
      "plotSummaryInfoCount": 1,
      "plotSummaryInfo": {
        "classification": "의사소통",
        "readAge": "초등_저학년",
        "form": "long-form",
        "plotSummaryText": "옛날, 어느 마을에 마음씨 착한 부부가 콩쥐라는 귀여운 첫딸을 낳았으며, 어느 날 어머니가 병으로 돌아가셨습니다.",
        "textWordEA": 15
      }
    }
  ]
}