{
  "title": "꿀벌 마야의 모험",
  "author": "어깨동무",
  "illustrator": "유승정",
  "isbn": "9788992191142",
  "publishedYear": 2006,
  "publisher": "한국아이엔이",
  "paragraphInfoCount": 37,
  "paragraphInfo": [
    {
      "srcTextID": "101115",
      "srcText": "어느덧 날이 어두워지기 시작했습니다. 마야는 잠잘 곳을 찾아다니다가 그만 거미줄에 걸리고 말았습니다. \"앗! 큰일났네. 거미는 우리의 적이라고 했는데.\"",
      "srcPage": 23,
      "srcSentenceEA": 4,
      "srcWordEA": 21,
      "character": "마야,거미,우리,적",
      "setting": "거미줄",
      "action": "찾아다니다가,걸리고 말았습니다",
      "feeling": null,
      "causalRelationship": null,
      "outcomeResolution": null,
      "prediction": null,
      "plotSummaryInfoCount": 1,
      "plotSummaryInfo": {
        "classification": "의사소통",
        "readAge": "초등_저학년",
        "form": "long-form",
        "plotSummaryText": "날이 어두워지기 시작할 때 마야는 잠잘 곳을 찾다가 거미줄에 걸리고 말았습니다.",
        "textWordEA": 11
      }
    },
    {
      "srcTextID": "101118",
      "srcText": "장수하늘소가 뿔로 거미줄을 끊어 마야를 구해 준 것입니다. \"고마워요, 쿠르트 아저씨. 흐흐흑.\" 죽을 위기에서 벗어난 마야는 흐느껴 울었습니다.",
      "srcPage": 26,
      "srcSentenceEA": 4,
      "srcWordEA": 20,
      "character": "장수하늘소,뿔,거미줄,마야,쿠르트 아저씨",
      "setting": null,
      "action": "거미줄을 끊어,구해 준 것입니다,흐느껴 울었습니다",
      "feeling": "고마워요",
      "causalRelationship": null,
      "outcomeResolution": null,
      "prediction": null,
      "plotSummaryInfoCount": 1,
      "plotSummaryInfo": {
        "classification": "의사소통",
        "readAge": "초등_저학년",
        "form": "long-form",
        "plotSummaryText": "장수하늘소가 뿔로 거미줄을 끊어 마야를 구해 주었고, 죽을 위기에서 벗어난 마야는 흐느껴 울었습니다.",
        "textWordEA": 13
      }
    },
    {
      "srcTextID": "101725",
      "srcText": "그런데 다시 잠잘 곳을 찾던 마야는, 이번에는 말벌에게 잡히고 말았습니다. \"이히히히, 맛있는 꿀벌이군. 내일 아침에 여왕님께 갖다 드려야겠는 걸!\"",
      "srcPage": 28,
      "srcSentenceEA": 3,
      "srcWordEA": 20,
      "character": "마야,말벌,여왕님",
      "setting": "내일 아침에",
      "action": "잠잘 곳을 찾던,잡히고 말았습니다,갖다 드려야겠는 걸",
      "feeling": null,
      "causalRelationship": null,
      "outcomeResolution": null,
      "prediction": null,
      "plotSummaryInfoCount": 1,
      "plotSummaryInfo": {
        "classification": "의사소통",
        "readAge": "초등_저학년",
        "form": "short-form",
        "plotSummaryText": "다시 잠잘 곳을 찾던 마야는 이번에는 말벌에게 잡히고 말았고, 말벌은 내일 아침에 여왕님께 갖다 드려야겠다고 말했습니다.",
        "textWordEA": 16
      }
    },
    {
      "srcTextID": "101726",
      "srcText": "마야가 후회하고 있을 때, 벽 틈으로 말벌 여왕의 목소리가 들려왔습니다. \"모두 준비를 단단히 하여라. 내일 아침 일찍 꿀벌의 성으로 쳐들어간다!\"",
      "srcPage": 30,
      "srcSentenceEA": 3,
      "srcWordEA": 21,
      "character": "마야,말벌 여왕",
      "setting": "내일 아침 일찍,꿀벌의 성으로",
      "action": "목소리가 들려왔습니다,준비를 단단히 하여라,쳐들어간다",
      "feeling": null,
      "causalRelationship": null,
      "outcomeResolution": null,
      "prediction": null,
      "plotSummaryInfoCount": 1,
      "plotSummaryInfo": {
        "classification": "의사소통",
        "readAge": "초등_저학년",
        "form": "short-form",
        "plotSummaryText": "마야가 후회하고 있을 때, 내일 아침 일찍 꿀벌의 성으로 쳐들어간다고 말하는 말벌 여왕의 목소리가 들려왔습니다.",
        "textWordEA": 15
      }
    },
    {
      "srcTextID": "101119",
      "srcText": "\"뭐라고? 말벌 군대가 쳐들어와? 이렇게 중대한 소식을 전해 줘서 고맙다, 마야. 하지만 우리는 항상 전투 준비가 되어 있으니 염려하지 마라.\"",
      "srcPage": 34,
      "srcSentenceEA": 3,
      "srcWordEA": 23,
      "character": "말벌 군대,마야,우리",
      "setting": null,
      "action": "쳐들어와,전해,전투 준비가 되어 있으니",
      "feeling": "고맙다",
      "causalRelationship": null,
      "outcomeResolution": null,
      "prediction": null,
      "plotSummaryInfoCount": 1,
      "plotSummaryInfo": {
        "classification": "의사소통",
        "readAge": "초등_저학년",
        "form": "short-form",
        "plotSummaryText": "마야에게 중대한 소식을 전해 줘서 고맙지만 우리는 항상 전투 준비가 되어 있으니 염려하지 말라고 말했습니다.",
        "textWordEA": 15
      }
    },
    {
      "srcTextID": "101103",
      "srcText": "마야는 신이 나서 하늘 높이 높이 날아올랐습니다. \"어? 이상하다, 모두들 어디로 갔지?\" 한참 정신없이 날다 보니, 마야 주위에는 아무도 없었습니다.",
      "srcPage": 6,
      "srcSentenceEA": 3,
      "srcWordEA": 22,
      "character": "마야",
      "setting": "하늘",
      "action": "날아올랐습니다,날다 보니",
      "feeling": "신이 나서",
      "causalRelationship": null,
      "outcomeResolution": null,
      "prediction": null,
      "plotSummaryInfoCount": 1,
      "plotSummaryInfo": {
        "classification": "의사소통",
        "readAge": "초등_저학년",
        "form": "short-form",
        "plotSummaryText": "마야는 신이 나서 한참 정신없이 하늘을 날다 보니 주위에는 아무도 없었습니다.",
        "textWordEA": 11
      }
    },
    {
      "srcTextID": "101099",
      "srcText": "꽃동산에 꿀벌들의 성이 있었습니다. 아침이면 꿀벌들은 꿀을 모으기 위해 성 밖으로 나갑니다. 오늘은 아기 꿀벌 마야가 처음으로 세상 구경을 나가는 날입니다.",
      "srcPage": 1,
      "srcSentenceEA": 3,
      "srcWordEA": 23,
      "character": "꿀벌들의 성,꿀벌들,아기 꿀벌,마야",
      "setting": "꽃동산,오늘",
      "action": "나갑니다,구경을 나가는",
      "feeling": null,
      "causalRelationship": null,
      "outcomeResolution": null,
      "prediction": null,
      "plotSummaryInfoCount": 1,
      "plotSummaryInfo": {
        "classification": "의사소통",
        "readAge": "초등_저학년",
        "form": "short-form",
        "plotSummaryText": "꽃동산에 꿀벌들의 성이 있었는데, 오늘은 아기 꿀벌 마야가 처음으로 세상 구경을 나가는 날입니다.",
        "textWordEA": 13
      }
    },
    {
      "srcTextID": "101098",
      "srcText": "\"성 밖에는 예쁜 꽃과 아름다운 새들이 많단다. 그러나 세상에는 우리를 괴롭히는 동물들도 많으니까 조심해야 돼요.\" 카산드라 선생님이 아기 꿀벌들에게 바깥 세상에 대해서 설명해 주었습니다.",
      "srcPage": 2,
      "srcSentenceEA": 3,
      "srcWordEA": 26,
      "character": "예쁜 꽃,아름다운 새들,동물들,카산드라 선생님,아기 꿀벌들",
      "setting": "성 밖",
      "action": "설명해 주었습니다",
      "feeling": null,
      "causalRelationship": null,
      "outcomeResolution": null,
      "prediction": null,
      "plotSummaryInfoCount": 1,
      "plotSummaryInfo": {
        "classification": "의사소통",
        "readAge": "초등_저학년",
        "form": "short-form",
        "plotSummaryText": "성 밖에는 자기들을 괴롭히는 동물들도 많으니까 조심해야 한다고 카산드라 선생님이 아기 꿀벌들에게 설명해 주었습니다.",
        "textWordEA": 14
      }
    },
    {
      "srcTextID": "101113",
      "srcText": "\"후유, 살았네! 고맙다, 꿀벌아. 나는 쿠르트라고 해.\" \"쿠르트 아저씨, 일어날 수 있어서 정말 다행이에요.\" 장수하늘소와 마야는 함께 기뻐했습니다.",
      "srcPage": 22,
      "srcSentenceEA": 5,
      "srcWordEA": 21,
      "character": "꿀벌,쿠르트,쿠르트 아저씨,장수하늘소,마야",
      "setting": null,
      "action": "일어날",
      "feeling": "기뻐했습니다",
      "causalRelationship": null,
      "outcomeResolution": null,
      "prediction": null,
      "plotSummaryInfoCount": 1,
      "plotSummaryInfo": {
        "classification": "의사소통",
        "readAge": "초등_저학년",
        "form": "long-form",
        "plotSummaryText": "일어날 수 있어서 정말 다행이라고 말하고, 장수하늘소 쿠르트 아저씨와 마야는 함께 기뻐했습니다.",
        "textWordEA": 12
      }
    },
    {
      "srcTextID": "101114",
      "srcText": "마야가 발버둥을 치자 거미줄은 더욱 마야의 몸을 죄었습니다. \"흐흐흐, 이 스파이더님의 저녁 식사는 꿀벌이구나. 어디 만찬을 즐겨 볼까?\" 무시무시한 무당거미 스파이더가 갈고리 주둥이를 내밀며 다가왔습니다.",
      "srcPage": 24,
      "srcSentenceEA": 4,
      "srcWordEA": 27,
      "character": "마야,거미줄,스파이더님,꿀벌,무당거미",
      "setting": null,
      "action": "발버둥을 치자,몸을 죄었습니다,주둥이를 내밀며 다가왔습니다",
      "feeling": null,
      "causalRelationship": null,
      "outcomeResolution": null,
      "prediction": null,
      "plotSummaryInfoCount": 1,
      "plotSummaryInfo": {
        "classification": "의사소통",
        "readAge": "초등_저학년",
        "form": "long-form",
        "plotSummaryText": "마야가 발버둥을 치자 거미줄은 더욱 몸을 죄었고, 무시무시한 무당거미 스파이더가 갈고리 주둥이를 내밀며 다가왔습니다.",
        "textWordEA": 14
      }
    },
    {
      "srcTextID": "101102",
      "srcText": "마야는 가슴이 철렁 내려앉았습니다. \"나 어떡해? 언니, 언니!\" 애타게 언니들을 찾았지만, 언니 꿀벌들은 어디에도 없었습니다.",
      "srcPage": 7,
      "srcSentenceEA": 4,
      "srcWordEA": 17,
      "character": "마야,나,언니,언니 꿀벌들",
      "setting": null,
      "action": "찾았지만",
      "feeling": "애타게",
      "causalRelationship": null,
      "outcomeResolution": null,
      "prediction": null,
      "plotSummaryInfoCount": 1,
      "plotSummaryInfo": {
        "classification": "의사소통",
        "readAge": "초등_저학년",
        "form": "long-form",
        "plotSummaryText": "마야는 애타게 언니들을 찾았지만 언니 꿀벌들은 어디에도 없었습니다.",
        "textWordEA": 8
      }
    },
    {
      "srcTextID": "101720",
      "srcText": "그러다 보니 날이 저물었습니다. 밤이 되자 춥고 겁이 나서, 마야는 장미꽃 속에 몸을 움츠리고 잠을 청했습니다. 멀리서 부엉이가 '부엉, 부엉' 하고 울었습니다.",
      "srcPage": 11,
      "srcSentenceEA": 5,
      "srcWordEA": 25,
      "character": "마야,부엉이",
      "setting": "밤이 되자,장미꽃 속에",
      "action": "몸을 움츠리고 잠을 청했습니다,울었습니다",
      "feeling": "겁이 나서",
      "causalRelationship": null,
      "outcomeResolution": null,
      "prediction": null,
      "plotSummaryInfoCount": 1,
      "plotSummaryInfo": {
        "classification": "의사소통",
        "readAge": "초등_저학년",
        "form": "long-form",
        "plotSummaryText": "밤이 되자 춥고 겁이 난 마야는 장미꽃 속에 몸을 움츠리고 잠을 청했고, 멀리서 부엉이가 울었습니다.",
        "textWordEA": 15
      }
    },
    {
      "srcTextID": "101122",
      "srcText": "\"총공격! 말벌들을 무찔러라!\" 말벌들은 예상하지 못한 공격에 힘없이 무너지고 말았습니다. \"와, 만세! 못된 말벌들을 무찔렀다!\"",
      "srcPage": 36,
      "srcSentenceEA": 4,
      "srcWordEA": 18,
      "character": "말벌들,못된 말벌들",
      "setting": null,
      "action": "무찔러라,무너지고 말았습니다,무찔렀다",
      "feeling": null,
      "causalRelationship": null,
      "outcomeResolution": null,
      "prediction": null,
      "plotSummaryInfoCount": 1,
      "plotSummaryInfo": {
        "classification": "의사소통",
        "readAge": "초등_저학년",
        "form": "long-form",
        "plotSummaryText": "말벌들을 무찌르려 총공격을 벌였고, 못된 말벌들은 예상하지 못한 공격에 힘없이 무너지고 말았습니다.",
        "textWordEA": 12
      }
    },
    {
      "srcTextID": "101116",
      "srcText": "\"아까는 네가 날 구해 주었잖니. 우리 항상 조심하고, 도우며 살자. 잘 가거라.\" 장수하늘소는 마야의 어깨를 툭툭 치고는 어디론가 날아갔습니다.",
      "srcPage": 27,
      "srcSentenceEA": 4,
      "srcWordEA": 22,
      "character": "우리,장수하늘소,마야,어깨",
      "setting": null,
      "action": "구해 주었잖니,도우며 살자,어깨를 툭툭 치고는,날아갔습니다",
      "feeling": null,
      "causalRelationship": null,
      "outcomeResolution": null,
      "prediction": null,
      "plotSummaryInfoCount": 1,
      "plotSummaryInfo": {
        "classification": "의사소통",
        "readAge": "초등_저학년",
        "form": "long-form",
        "plotSummaryText": "장수하늘소는 항상 조심하고, 도우며 살자고 말한 후, 마야의 어깨를 툭툭 치고는 어디론가 날아갔습니다.",
        "textWordEA": 13
      }
    },
    {
      "srcTextID": "101121",
      "srcText": "'옳지, 나한테 창이 있지.' 마야는 한밤중에, 꽁무니에 있는 침으로 자물쇠를 부수고 도망쳐 나왔습니다. 캄캄한 밤길을 이리 부딪히고 저리 뒹굴면서, 마야는 가까스로 성을 찾았습니다.",
      "srcPage": 32,
      "srcSentenceEA": 3,
      "srcWordEA": 25,
      "character": "나,창,마야,꽁무니,침,자물쇠",
      "setting": "한밤중에,성",
      "action": "자물쇠를 부수고,도망쳐 나왔습니다,부딪히고,뒹굴면서,찾았습니다",
      "feeling": null,
      "causalRelationship": null,
      "outcomeResolution": null,
      "prediction": null,
      "plotSummaryInfoCount": 1,
      "plotSummaryInfo": {
        "classification": "의사소통",
        "readAge": "초등_저학년",
        "form": "short-form",
        "plotSummaryText": "마야는 한밤중에 꽁무니에 있는 침으로 자물쇠를 부수고 도망쳐 나와 가까스로 성을 찾았습니다.",
        "textWordEA": 12
      }
    },
    {
      "srcTextID": "101124",
      "srcText": "여왕은 꿀벌 병사들에게 싸울 준비를 단단히 하라고 명령했습니다. 이튿날 아침, 말벌 군대가 새까맣게 몰려왔습니다. 그러자 숨어 있던 꿀벌 병사들이 먼저 공격했습니다.",
      "srcPage": 35,
      "srcSentenceEA": 3,
      "srcWordEA": 23,
      "character": "여왕,꿀벌 병사들,말벌 군대",
      "setting": "이튿날 아침",
      "action": "싸울,명령했습니다,몰려왔습니다,숨어 있던,공격했습니다",
      "feeling": null,
      "causalRelationship": null,
      "outcomeResolution": null,
      "prediction": null,
      "plotSummaryInfoCount": 1,
      "plotSummaryInfo": {
        "classification": "의사소통",
        "readAge": "초등_저학년",
        "form": "short-form",
        "plotSummaryText": "이튿날 아침 말벌 군대가 몰려오자 숨어 있던 꿀벌 병사들이 먼저 공격했습니다.",
        "textWordEA": 11
      }
    },
    {
      "srcTextID": "101123",
      "srcText": "꿀벌들은 만세를 부르며 기뻐했습니다. \"모두 잘 싸웠다. 이번 승리는 마야의 공이 크다. 마야에게 큰 상을 내리리라.\" 마야는 여왕으로부터 큰 상을 받고, 열심히 일하는 꿀벌이 되었답니다.",
      "srcPage": 37,
      "srcSentenceEA": 5,
      "srcWordEA": 28,
      "character": "꿀벌들,마야,여왕,꿀벌",
      "setting": null,
      "action": "만세를 부르며,싸웠다,상을 내리리라,상을 받고,일하는",
      "feeling": "기뻐했습니다",
      "causalRelationship": null,
      "outcomeResolution": null,
      "prediction": null,
      "plotSummaryInfoCount": 1,
      "plotSummaryInfo": {
        "classification": "의사소통",
        "readAge": "초등_저학년",
        "form": "long-form",
        "plotSummaryText": "여왕은 이번 승리는 마야의 공이 크다고 큰 상을 내렸고, 상을 받은 마야는 열심히 일하는 꿀벌이 되었습니다.",
        "textWordEA": 16
      }
    },
    {
      "srcTextID": "101106",
      "srcText": "\"잘 잤니, 꿀벌아? 나는 장수풍뎅이 페피란다.\" \"안녕하세요, 아주머니? 제 이름은 마야예요. 어제 처음 세상 구경을 나왔어요.\"",
      "srcPage": 13,
      "srcSentenceEA": 5,
      "srcWordEA": 19,
      "character": "꿀벌,나,장수풍뎅이,페피,아주머니,마야",
      "setting": "어제",
      "action": "잘 잤니,나왔어요",
      "feeling": null,
      "causalRelationship": null,
      "outcomeResolution": null,
      "prediction": null,
      "plotSummaryInfoCount": 1,
      "plotSummaryInfo": {
        "classification": "의사소통",
        "readAge": "초등_저학년",
        "form": "long-form",
        "plotSummaryText": "장수풍뎅이 페피가 인사하자, 마야도 인사를 하며 어제 처음 세상 구경을 나왔다고 말했어요.",
        "textWordEA": 12
      }
    },
    {
      "srcTextID": "101109",
      "srcText": "장수풍뎅이와 헤어진 마야는 공원의 연못으로 갔습니다. 연못에는 많은 물고기들이 연잎 사이를 헤엄치며 놀고 있었습니다. \"여기서 잠깐 쉬어 가야겠다.\" 마야는 커다란 연잎에 내려앉았습니다.",
      "srcPage": 15,
      "srcSentenceEA": 4,
      "srcWordEA": 24,
      "character": "장수풍뎅이,마야,물고기들",
      "setting": "공원의 연못으로,연못에는,연잎에",
      "action": "헤어진,갔습니다,헤엄치며,놀고 있었습니다,쉬어 가야겠다,내려앉았습니다",
      "feeling": null,
      "causalRelationship": null,
      "outcomeResolution": null,
      "prediction": null,
      "plotSummaryInfoCount": 1,
      "plotSummaryInfo": {
        "classification": "의사소통",
        "readAge": "초등_저학년",
        "form": "long-form",
        "plotSummaryText": "장수풍뎅이와 헤어진 마야는 공원의 연못으로 갔고, 잠깐 쉬어 가려고 커다란 연잎에 내려앉았습니다.",
        "textWordEA": 12
      }
    },
    {
      "srcTextID": "101108",
      "srcText": "그때, 쇠파리 한 마리가 날아와 뽐내면서 소리쳤습니다. \"비켜! 거긴 이 한스님의 자리란 말야.\" 깜짝 놀란 마야는 영문도 모르는 채 얼른 자리를 비켜 주었습니다.",
      "srcPage": 16,
      "srcSentenceEA": 3,
      "srcWordEA": 25,
      "character": "쇠파리,한스님,마야",
      "setting": null,
      "action": "날아와,뽐내면서,소리쳤습니다,자리를 비켜 주었습니다",
      "feeling": "깜짝 놀란",
      "causalRelationship": null,
      "outcomeResolution": null,
      "prediction": null,
      "plotSummaryInfoCount": 1,
      "plotSummaryInfo": {
        "classification": "의사소통",
        "readAge": "초등_저학년",
        "form": "short-form",
        "plotSummaryText": "그때, 쇠파리 한 마리가 날아와 거긴 자기 자리니 비키라고 소리쳤고, 깜짝 놀란 마야는 얼른 자리를 비켜 주었습니다.",
        "textWordEA": 17
      }
    },
    {
      "srcTextID": "101110",
      "srcText": "그런데 그 순간, 아주 무시무시한 일이 일어났습니다. 커다란 말잠자리가 쇠파리 한스를 덥석 물었습니다. \"아악! 살려줘요, 나 좀 살려줘!\" 쇠파리는 악을 썼지만, 순식간에 말잠자리 입속으로 사라졌습니다.",
      "srcPage": 17,
      "srcSentenceEA": 4,
      "srcWordEA": 28,
      "character": "말잠자리,쇠파리,한스,나",
      "setting": "그 순간",
      "action": "물었습니다,악을 썼지만",
      "feeling": null,
      "causalRelationship": null,
      "outcomeResolution": null,
      "prediction": null,
      "plotSummaryInfoCount": 1,
      "plotSummaryInfo": {
        "classification": "의사소통",
        "readAge": "초등_저학년",
        "form": "long-form",
        "plotSummaryText": "그런데 그 순간, 커다란 말잠자리가 쇠파리 한스를 덥석 물었고, 순식간에 말잠자리 입속으로 사라졌습니다.",
        "textWordEA": 13
      }
    },
    {
      "srcTextID": "101105",
      "srcText": "\"그래? 만나서 반갑구나. 하지만 조심하거라. 세상에는 위험한 게 많단다.\" 마야와 장수풍뎅이는 장미꽃 꿀로 아침 식사를 했습니다.",
      "srcPage": 14,
      "srcSentenceEA": 4,
      "srcWordEA": 20,
      "character": "마야,장수풍뎅이,장미꽃 꿀",
      "setting": null,
      "action": "만나서,아침 식사를 했습니다",
      "feeling": "반갑구나",
      "causalRelationship": null,
      "outcomeResolution": null,
      "prediction": null,
      "plotSummaryInfoCount": 1,
      "plotSummaryInfo": {
        "classification": "의사소통",
        "readAge": "초등_저학년",
        "form": "long-form",
        "plotSummaryText": "세상에는 위험한 게 많으니 조심하라고 말하고,  마야와 장수풍뎅이는 장미꽃 꿀로 아침 식사를 했습니다.",
        "textWordEA": 14
      }
    },
    {
      "srcTextID": "101120",
      "srcText": "\"큰일났습니다, 여왕님. 말벌 군대가 아침 일찍 쳐들어온답니다.\" 온몸이 상처투성이인 마야는 급히 여왕 앞에 나아가 말했습니다.",
      "srcPage": 33,
      "srcSentenceEA": 3,
      "srcWordEA": 17,
      "character": "여왕님,말벌 군대,마야,여왕",
      "setting": "아침 일찍",
      "action": "쳐들어온답니다,말했습니다",
      "feeling": null,
      "causalRelationship": null,
      "outcomeResolution": null,
      "prediction": null,
      "plotSummaryInfoCount": 1,
      "plotSummaryInfo": {
        "classification": "의사소통",
        "readAge": "초등_저학년",
        "form": "short-form",
        "plotSummaryText": "온몸이 상처투성이인 마야는 여왕 앞에 나아가 말벌 군대가 아침 일찍 쳐들어온다고 말했습니다.",
        "textWordEA": 12
      }
    },
    {
      "srcTextID": "101112",
      "srcText": "\"도와주세요! 나 좀 도와줘요!\" 마야가 숲으로 가 보니, 장수하늘소가 발랑 뒤집힌 채 버둥거리고 있었습니다. \"나 좀 도와다오! 우리는 한번 뒤집히면 혼자 일어나지 못한단 말야.\" 마야는 기다란 풀잎을 장수하늘소에게 늘어뜨렸습니다. 장수하늘소는 간신히 그 풀잎을 잡고 몸을 일으켰습니다.",
      "srcPage": 21,
      "srcSentenceEA": 6,
      "srcWordEA": 41,
      "character": "마야,장수하늘소,우리,풀잎",
      "setting": "숲으로",
      "action": "가 보니,뒤집힌 채 버둥거리고 있었습니다,뒤집히면,일어나지 못한단 말야,늘어뜨렸습니다,잡고 몸을 일으켰습니다",
      "feeling": null,
      "causalRelationship": null,
      "outcomeResolution": null,
      "prediction": null,
      "plotSummaryInfoCount": 1,
      "plotSummaryInfo": {
        "classification": "의사소통",
        "readAge": "초등_저학년",
        "form": "long-form",
        "plotSummaryText": " 숲으로 간 마야는 뒤집힌 채 버둥거리고 있는 장수하늘소에게 기다란 풀잎을 늘어뜨렸고, 장수하늘소는 간신히 그 풀잎을 잡고 몸을 일으켰습니다.",
        "textWordEA": 18
      }
    },
    {
      "srcTextID": "101117",
      "srcText": "마야는 무서워서 까무러칠 지경이었습니다. 그 순간, 거미줄이 툭 끊어져서 마야는 땅바닥에 '쿵' 하고 떨어졌습니다. \"널 구할 수 있어서 다행이다, 마야.\"",
      "srcPage": 25,
      "srcSentenceEA": 4,
      "srcWordEA": 22,
      "character": "마야,거미줄",
      "setting": "땅바닥에",
      "action": "떨어졌습니다",
      "feeling": "무서워서",
      "causalRelationship": null,
      "outcomeResolution": null,
      "prediction": null,
      "plotSummaryInfoCount": 1,
      "plotSummaryInfo": {
        "classification": "의사소통",
        "readAge": "초등_저학년",
        "form": "long-form",
        "plotSummaryText": "거미줄이 끊어져서 마야는 땅바닥에 떨어졌고, 널 구할 수 있어서 다행이라고 말했습니다.",
        "textWordEA": 11
      }
    },
    {
      "srcTextID": "101101",
      "srcText": "\"특히 거미와 말벌은 우리의 적이란다. 만약 말벌이 덤빌 때는 뒤에 숨겨진 창으로 찌르는 거야, 이렇게.\" 선생님은 꽁무니에 달린 침을 꺼내어 찌르는 방법을 가르쳐 주었습니다.",
      "srcPage": 3,
      "srcSentenceEA": 3,
      "srcWordEA": 26,
      "character": "거미,말벌,우리의 적,창,선생님,꽁무니,침",
      "setting": null,
      "action": "덤빌,찌르는,침을 꺼내어,가르쳐 주었습니다",
      "feeling": null,
      "causalRelationship": null,
      "outcomeResolution": null,
      "prediction": null,
      "plotSummaryInfoCount": 1,
      "plotSummaryInfo": {
        "classification": "의사소통",
        "readAge": "초등_저학년",
        "form": "short-form",
        "plotSummaryText": "선생님은 거미와 말벌은 우리의 적이라 하셨고, 말벌이 덤빌 때는 꽁무니에 달린 침을 꺼내어 찌르는 방법을 가르쳐 주었습니다.",
        "textWordEA": 17
      }
    },
    {
      "srcTextID": "101100",
      "srcText": "\"자, 출발!\" 우렁찬 나팔 소리와 함께 꿀벌들은 성 밖으로 날아가기 시작했습니다. 마야도 언니 꿀벌들을 따라 힘차게 날았습니다.",
      "srcPage": 4,
      "srcSentenceEA": 3,
      "srcWordEA": 19,
      "character": "꿀벌들,마야,언니 꿀벌들",
      "setting": "성 밖으로",
      "action": "날아가기 시작했습니다,힘차게 날았습니다",
      "feeling": null,
      "causalRelationship": null,
      "outcomeResolution": null,
      "prediction": null,
      "plotSummaryInfoCount": 1,
      "plotSummaryInfo": {
        "classification": "의사소통",
        "readAge": "초등_저학년",
        "form": "short-form",
        "plotSummaryText": "나팔 소리와 함께 꿀벌들은 성 밖으로 날아가기 시작했고, 마야도 언니 꿀벌들을 따라 힘차게 날았습니다.",
        "textWordEA": 14
      }
    },
    {
      "srcTextID": "101104",
      "srcText": "하늘은 푸르고, 싱그러운 바람이 부는 들판은 온통 아름다운 꽃밭이었습니다. \"야, 바깥세상에는 신기한 게 참 많구나! 정말 멋있어!\"",
      "srcPage": 5,
      "srcSentenceEA": 3,
      "srcWordEA": 18,
      "character": "꽃밭",
      "setting": "바깥 세상에는,들판",
      "action": null,
      "feeling": "신기한",
      "causalRelationship": null,
      "outcomeResolution": null,
      "prediction": null,
      "plotSummaryInfoCount": 1,
      "plotSummaryInfo": {
        "classification": "의사소통",
        "readAge": "초등_저학년",
        "form": "short-form",
        "plotSummaryText": "하늘은 푸르고, 들판은 온통 아름다운 꽃밭이어서 바깥세상에는 신기한 게 많고 멋있다고 했어요.",
        "textWordEA": 12
      }
    },
    {
      "srcTextID": "101719",
      "srcText": "마야는 성으로 돌아가려 했지만, 길을 몰랐습니다. \"아, 배고파! 여기서 쉬었다 가야지.\"",
      "srcPage": 8,
      "srcSentenceEA": 3,
      "srcWordEA": 12,
      "character": "마야",
      "setting": "성",
      "action": "돌아가려 했지만,몰랐습니다,쉬었다 가야지",
      "feeling": null,
      "causalRelationship": null,
      "outcomeResolution": null,
      "prediction": null,
      "plotSummaryInfoCount": 1,
      "plotSummaryInfo": {
        "classification": "의사소통",
        "readAge": "초등_저학년",
        "form": "short-form",
        "plotSummaryText": "마야는 성으로 돌아가려 했지만, 길을 몰라 쉬었다 가기로 했습니다.",
        "textWordEA": 9
      }
    },
    {
      "srcTextID": "101718",
      "srcText": "마야는 빨간 튤립 꽃잎에 내려앉았습니다. \"어머! 아주 맛있는 꿀이 있네.\" 튤립 꽃 속에는 향기로운 꿀이 가득 들어 있었습니다. 마야는 꿀로 요기를 했습니다.",
      "srcPage": 9,
      "srcSentenceEA": 4,
      "srcWordEA": 25,
      "character": "마야,튤립 꽃잎,꿀",
      "setting": "튤립 꽃 속에는",
      "action": "내려앉았습니다,요기를 했습니다",
      "feeling": null,
      "causalRelationship": null,
      "outcomeResolution": null,
      "prediction": null,
      "plotSummaryInfoCount": 1,
      "plotSummaryInfo": {
        "classification": "의사소통",
        "readAge": "초등_저학년",
        "form": "long-form",
        "plotSummaryText": "마야는 향기로운 꿀이 가득 들어 있는 튤립 꽃잎에 내려앉아 꿀로 요기를 했습니다.",
        "textWordEA": 12
      }
    },
    {
      "srcTextID": "101721",
      "srcText": "배가 부르자, 마야는 언니 꿀벌들을 찾을 생각도, 성으로 돌아갈 생각도 없었습니다. \"세상은 참 자유롭고 재미있는 곳이야!\" 마야는 마냥 신이 나서 돌아다녔습니다.",
      "srcPage": 10,
      "srcSentenceEA": 3,
      "srcWordEA": 22,
      "character": "마야,언니 꿀벌들",
      "setting": "성으로",
      "action": "찾을,돌아갈,돌아다녔습니다",
      "feeling": "신이 나서",
      "causalRelationship": null,
      "outcomeResolution": null,
      "prediction": null,
      "plotSummaryInfoCount": 1,
      "plotSummaryInfo": {
        "classification": "의사소통",
        "readAge": "초등_저학년",
        "form": "short-form",
        "plotSummaryText": "배가 부르자, 마야는 성으로 돌아갈 생각도 없어져서 마냥 신이 나서 돌아다녔습니다.",
        "textWordEA": 11
      }
    },
    {
      "srcTextID": "101107",
      "srcText": "아침에 닭이 '꼬끼오!' 하고 울자, 해님이 환한 얼굴을 내밀었습니다. 마야도 눈을 비비며 잠에서 깨어났습니다. 그때, 누군가가 옆에서 말을 걸어왔습니다.",
      "srcPage": 12,
      "srcSentenceEA": 4,
      "srcWordEA": 22,
      "character": "닭,해님,마야,눈",
      "setting": "아침에",
      "action": "울자,얼굴을 내밀었습니다,눈을 비비며,잠에서 깨어났습니다,말을 걸어왔습니다",
      "feeling": null,
      "causalRelationship": null,
      "outcomeResolution": null,
      "prediction": null,
      "plotSummaryInfoCount": 1,
      "plotSummaryInfo": {
        "classification": "의사소통",
        "readAge": "초등_저학년",
        "form": "long-form",
        "plotSummaryText": "아침에 닭이 울자 마야도 눈을 비비며 잠에서 깨어났고, 누군가가 옆에서 말을 걸어왔습니다.",
        "textWordEA": 12
      }
    },
    {
      "srcTextID": "101111",
      "srcText": "마야는 너무나 끔찍해서 몸서리를 쳤습니다. \"꿀벌아, 나는 잠자리 시누크야. 놀라게 해서 미안하구나. 하지만 파리를 잡아먹지 않으면 난 굶어 죽거든.\"",
      "srcPage": 18,
      "srcSentenceEA": 4,
      "srcWordEA": 21,
      "character": "마야,꿀벌,나,잠자리,시누크,파리",
      "setting": null,
      "action": "몸서리를 쳤습니다,잡아먹지 않으면,굶어 죽거든",
      "feeling": null,
      "causalRelationship": null,
      "outcomeResolution": null,
      "prediction": null,
      "plotSummaryInfoCount": 1,
      "plotSummaryInfo": {
        "classification": "의사소통",
        "readAge": "초등_저학년",
        "form": "long-form",
        "plotSummaryText": "마야는 끔찍해서 몸서리를 쳤고, 잠자리 시누크는 놀라게 해서 미안하지만 자기는 파리를 잡아먹지 않으면 굶어 죽는다고 말했습니다.",
        "textWordEA": 16
      }
    },
    {
      "srcTextID": "101723",
      "srcText": "마야는 말잠자리가 무슨 말을 하는지 통 알 수가 없었습니다. \"곤충들은 서로 잡아먹고 잡아먹히면서 살아가고 있단다.\" 바로 그 순간, 개구리가 기다란 혀를 내밀어 말잠자리를 잡아먹으려고 했습니다.",
      "srcPage": 19,
      "srcSentenceEA": 3,
      "srcWordEA": 26,
      "character": "마야,말잠자리,곤충들,개구리",
      "setting": null,
      "action": "말을 하는지,잡아먹고,잡아먹히면서 살아가고 있단다,혀를 내밀어,잡아먹으려고 했습니다",
      "feeling": null,
      "causalRelationship": null,
      "outcomeResolution": null,
      "prediction": null,
      "plotSummaryInfoCount": 1,
      "plotSummaryInfo": {
        "classification": "의사소통",
        "readAge": "초등_저학년",
        "form": "short-form",
        "plotSummaryText": "곤충들은 서로 잡아먹고 잡아먹히면서 살아가고 있다고 말하는 순간 개구리가 말잠자리를 잡아먹으려고 했습니다.",
        "textWordEA": 12
      }
    },
    {
      "srcTextID": "101722",
      "srcText": "\"앗, 위험해요!\" 마야가 외치자 말잠자리는 재빨리 날아갔습니다. 그때 또 숲 쪽에서 비명이 들려 왔습니다.",
      "srcPage": 20,
      "srcSentenceEA": 3,
      "srcWordEA": 16,
      "character": "마야,말잠자리",
      "setting": "숲 쪽에서",
      "action": "외치자,날아갔습니다,비명이 들려 왔습니다",
      "feeling": null,
      "causalRelationship": null,
      "outcomeResolution": null,
      "prediction": null,
      "plotSummaryInfoCount": 1,
      "plotSummaryInfo": {
        "classification": "의사소통",
        "readAge": "초등_저학년",
        "form": "short-form",
        "plotSummaryText": "마야가 위험하다고 외치자, 말잠자리는 재빨리 날아갔고, 그때 숲 쪽에서 비명이 들려 왔습니다.",
        "textWordEA": 12
      }
    },
    {
      "srcTextID": "101727",
      "srcText": "말벌은 마야를 데려다가 감옥에 가두었습니다. \"아, 이젠 꼼짝없이 죽었구나. 언니들을 따라 열심히 꿀이나 따는 건데.\"",
      "srcPage": 29,
      "srcSentenceEA": 3,
      "srcWordEA": 16,
      "character": "말벌,마야,언니들,꿀",
      "setting": "감옥에",
      "action": "데려다가,가두었습니다,따는",
      "feeling": null,
      "causalRelationship": null,
      "outcomeResolution": null,
      "prediction": null,
      "plotSummaryInfoCount": 1,
      "plotSummaryInfo": {
        "classification": "의사소통",
        "readAge": "초등_저학년",
        "form": "short-form",
        "plotSummaryText": "말벌은 마야를 데려다가 감옥에 가두었고, 이젠 꼼짝없이 죽었다고 생각했습니다.",
        "textWordEA": 9
      }
    },
    {
      "srcTextID": "101724",
      "srcText": "'뭐, 우리 성에 쳐들어간다고? 어쩌면 좋아. 빨리 여왕님께 알려야 하는데.' 마야는 이리저리 궁리를 하였습니다.",
      "srcPage": 31,
      "srcSentenceEA": 4,
      "srcWordEA": 17,
      "character": "여왕님,마야",
      "setting": "우리 성에",
      "action": "쳐들어간다고,알려야,궁리를 하였습니다.",
      "feeling": null,
      "causalRelationship": null,
      "outcomeResolution": null,
      "prediction": null,
      "plotSummaryInfoCount": 1,
      "plotSummaryInfo": {
        "classification": "의사소통",
        "readAge": "초등_저학년",
        "form": "long-form",
        "plotSummaryText": "마야는 빨리 여왕님께 알려야 한다며 이리저리 궁리를 하였습니다.",
        "textWordEA": 8
      }
    }
  ]
}