{
  "title": "도술왕 전우치",
  "author": "이림",
  "illustrator": "김기택",
  "isbn": "9788992191609",
  "publishedYear": 2006,
  "publisher": "한국아이엔이",
  "paragraphInfoCount": 42,
  "paragraphInfo": [
    {
      "srcTextID": "101993",
      "srcText": "꼬마는 먹음직스런 산 열매들 옆에 사슴 한 마리도 그려 넣었어요. \"해달별! 산으로 가자.\" 꼬마는 어느새 산속에 들어와 사슴 등을 타고 다니며 맛있는 열매를 따 먹고 있었어요.",
      "srcPage": 2,
      "srcSentenceEA": 3,
      "srcWordEA": 28,
      "character": "꼬마,산열매,사슴,해달별,산",
      "setting": null,
      "action": "그려,타고,열매를 따 먹고",
      "feeling": null,
      "causalRelationship": null,
      "outcomeResolution": null,
      "prediction": null,
      "plotSummaryInfoCount": 1,
      "plotSummaryInfo": {
        "classification": "의사소통",
        "readAge": "초등_저학년",
        "form": "short-form",
        "plotSummaryText": "꼬마는 산 열매들 옆에 사슴 한 마리도 그려 넣고 산으로 가자면서 어느새 산속에 들어와 사슴 등을 타고 다니며 열매를 따 먹고 있었다.",
        "textWordEA": 22
      }
    },
    {
      "srcTextID": "101994",
      "srcText": "전우치는 이렇게 어릴 때부터 도술을 부릴 줄 알았답니다. 도술왕 전우치! 과연 어떤 도술로 우리를 깜짝 놀라게 해 줄까요?",
      "srcPage": 3,
      "srcSentenceEA": 3,
      "srcWordEA": 20,
      "character": "전우치,우리",
      "setting": null,
      "action": "도술을 부릴 줄",
      "feeling": "놀라게",
      "causalRelationship": null,
      "outcomeResolution": null,
      "prediction": null,
      "plotSummaryInfoCount": 1,
      "plotSummaryInfo": {
        "classification": "의사소통",
        "readAge": "초등_저학년",
        "form": "short-form",
        "plotSummaryText": "전우치는 어릴 때부터 도술을 부릴 줄 알았는데 어떤 도술로 우리를 깜짝 놀라게 해 줄까요?",
        "textWordEA": 14
      }
    },
    {
      "srcTextID": "101992",
      "srcText": "꼬마 전우치 조선 시대 때 일이에요. 그림을 잘 그리는 꼬마가 있었어요. 꼬마는 오늘도 땅바닥에 그림을 그리며 중얼거렸어요.",
      "srcPage": 4,
      "srcSentenceEA": 3,
      "srcWordEA": 19,
      "character": "꼬마 전우치,그림",
      "setting": "조선 시대,땅바닥",
      "action": "그리며,중얼거렸어요",
      "feeling": null,
      "causalRelationship": null,
      "outcomeResolution": null,
      "prediction": null,
      "plotSummaryInfoCount": 1,
      "plotSummaryInfo": {
        "classification": "의사소통",
        "readAge": "초등_저학년",
        "form": "short-form",
        "plotSummaryText": "조선 시대 때 그림을 잘 그리는 꼬마 전우치가 있었는데 오늘도 땅바닥에 그림을 그리며 중얼거렸다.",
        "textWordEA": 14
      }
    },
    {
      "srcTextID": "101996",
      "srcText": "황금 기둥 몇 년을 잇달아 흉년이 들고, 국경에는 적들이 들끓었어요. 하지만 임금님은 궁녀들과 놀기에만 바빴어요. \"큰일 났다, 내가 나서야겠어. 해달별! 하늘나라 대감으로 변해라.\"",
      "srcPage": 6,
      "srcSentenceEA": 5,
      "srcWordEA": 26,
      "character": "임금님,궁녀들,대감",
      "setting": null,
      "action": "놀기에만,변해라",
      "feeling": null,
      "causalRelationship": null,
      "outcomeResolution": null,
      "prediction": null,
      "plotSummaryInfoCount": 1,
      "plotSummaryInfo": {
        "classification": "의사소통",
        "readAge": "초등_저학년",
        "form": "long-form",
        "plotSummaryText": "흉년이 들고, 적들이 들끓었지만, 임금님은 궁녀들과 놀기에만 바빴고 큰일 났다면서 해달별 하늘나라 대감으로 변하라고 주문을 외웠다.",
        "textWordEA": 16
      }
    },
    {
      "srcTextID": "101995",
      "srcText": "전우치는 금세 금빛 옷을 입은 하늘나라 대감으로 변했어요. 구름을 타고 대궐 위로 가서 소리쳤어요. \"보아라! 옥황상제께서 불쌍한 영혼들을 위해 황금 집을 지으려 하신다. 이 나라 임금은 오월 스무날까지 황금 기둥 하나를 바치도록 하라. 그렇지 않으면 큰 벌을 받으리라.\" \"여봐라, 나라 안의 금이란 금은 다 모아 빨리 황금 기둥을 만들어라.\" 임금님은 벌벌 떨며 신하들에게 명령했어요.",
      "srcPage": 7,
      "srcSentenceEA": 7,
      "srcWordEA": 59,
      "character": "전우치,금빛 옷,하늘나라 대감,구름,대궐,옥황상제,임금,황금 기둥,금,신하들",
      "setting": null,
      "action": "입은,타고,소리쳤어요,지으려,모아,만들어라,명령했어요",
      "feeling": null,
      "causalRelationship": null,
      "outcomeResolution": null,
      "prediction": null,
      "plotSummaryInfoCount": 1,
      "plotSummaryInfo": {
        "classification": "의사소통",
        "readAge": "초등_저학년",
        "form": "long-form",
        "plotSummaryText": "전우치는 하늘나라 대감으로 변해 옥황상제께서 불쌍한 영혼들을 위해 황금 집을 지으려 하신다며 오월 스무날까지 황금 기둥 하나를 바치도록 하라고 하자 나라 안의 금이란 금은 다 모아 빨리 황금 기둥을 만들라며 임금님은 벌벌 떨며 신하들에게 명령했다.",
        "textWordEA": 35
      }
    },
    {
      "srcTextID": "101997",
      "srcText": "\"해달별! 큰 배여 나타나라.\" 큰 배에 쌀을 싣고 조선으로 돌아온 전우치는 굶주린 사람들에게 고루 나누어 주었어요. 가난한 사람들은 무척 좋아했어요.",
      "srcPage": 8,
      "srcSentenceEA": 3,
      "srcWordEA": 23,
      "character": "큰 배,조선,쌀,전우치,사람들",
      "setting": null,
      "action": "싣고,돌아온,나누어",
      "feeling": "좋아했어요",
      "causalRelationship": null,
      "outcomeResolution": null,
      "prediction": null,
      "plotSummaryInfoCount": 1,
      "plotSummaryInfo": {
        "classification": "의사소통",
        "readAge": "초등_저학년",
        "form": "short-form",
        "plotSummaryText": "큰 배에 쌀을 싣고 돌아온 전우치는 굶주린 사람들에게 나누어 주었고 가난한 사람들은 무척 좋아했다.",
        "textWordEA": 14
      }
    },
    {
      "srcTextID": "102000",
      "srcText": "황금 기둥을 앞에 두고 임금님과 신하들은 하늘나라 대감을 기다렸어요. 이윽고 오색찬란한 구름 속에서 하늘나라 대감이 학을 타고 내려왔어요. \"훌륭한 기둥이야!\"",
      "srcPage": 10,
      "srcSentenceEA": 3,
      "srcWordEA": 21,
      "character": "임금님,신하들,하늘나라 대감,황금 기둥,구름",
      "setting": null,
      "action": "기다렸어요,학을 타고,내려왔어요",
      "feeling": null,
      "causalRelationship": null,
      "outcomeResolution": null,
      "prediction": null,
      "plotSummaryInfoCount": 1,
      "plotSummaryInfo": {
        "classification": "의사소통",
        "readAge": "초등_저학년",
        "form": "short-form",
        "plotSummaryText": "황금 기둥을 앞에 두고 임금님과 신하들은 하늘나라 대감을 기다리자, 하늘나라 대감이 구름 속에서 학을 타고 내려왔다.",
        "textWordEA": 16
      }
    },
    {
      "srcTextID": "101999",
      "srcText": "하늘나라 대감은 황금 기둥을 번쩍 들어 학 등에 실었어요. 훨훨, 훨훨. 황금 기둥을 실은 학은 먼 남쪽 나라로 날아갔어요. 남쪽 나라에 내린 전우치는 황금 기둥을 뚝 잘라 절반을 팔았어요. 그 돈으로 쌀을 사니 무려 십만 섬이나 되었어요.",
      "srcPage": 11,
      "srcSentenceEA": 5,
      "srcWordEA": 41,
      "character": "하늘나라 대감,황금 기둥,학,전우치,쌀,십만 섬",
      "setting": null,
      "action": "들어,실었어요,날아갔어요,잘라,팔았어요",
      "feeling": null,
      "causalRelationship": null,
      "outcomeResolution": null,
      "prediction": null,
      "plotSummaryInfoCount": 1,
      "plotSummaryInfo": {
        "classification": "의사소통",
        "readAge": "초등_저학년",
        "form": "long-form",
        "plotSummaryText": "하늘나라 대감은 황금 기둥을 학 등에 실어 남쪽 나라로 날아가 황금 기둥을 잘라 절반을 팔아 쌀을 사니 무려 십만 섬이나 되었다.",
        "textWordEA": 21
      }
    },
    {
      "srcTextID": "102002",
      "srcText": "속은 것을 안 임금님은 불호령을 내렸어요. \"당장 그 놈을 잡아들여라!\" 하지만 전우치가 잡힐 리 없었어요.",
      "srcPage": 12,
      "srcSentenceEA": 3,
      "srcWordEA": 16,
      "character": "임금님,전우치",
      "setting": null,
      "action": "불호령을 내렸어요,잡아들여라,잡힐",
      "feeling": null,
      "causalRelationship": null,
      "outcomeResolution": null,
      "prediction": null,
      "plotSummaryInfoCount": 1,
      "plotSummaryInfo": {
        "classification": "의사소통",
        "readAge": "초등_저학년",
        "form": "short-form",
        "plotSummaryText": "속은 것을 안 임금님은 당장 잡아들이라고 불호령을 내렸지만 전우치가 잡힐 리 없었다.",
        "textWordEA": 12
      }
    },
    {
      "srcTextID": "102003",
      "srcText": "전우치는 다시 임금님을 골탕 먹이기로 했어요. 이번에는 눈이 새파란 서역 장사치로 변했어요. 남은 황금 기둥 반 토막을 대궐 앞으로 가지고 가서 외쳤어요.",
      "srcPage": 13,
      "srcSentenceEA": 3,
      "srcWordEA": 24,
      "character": "전우치,임금님,눈,서역 장사치,황금 기둥,대궐",
      "setting": null,
      "action": "골탕 먹이기로,변했어요,가지고 가서 외쳤어요",
      "feeling": null,
      "causalRelationship": null,
      "outcomeResolution": null,
      "prediction": null,
      "plotSummaryInfoCount": 1,
      "plotSummaryInfo": {
        "classification": "의사소통",
        "readAge": "초등_저학년",
        "form": "short-form",
        "plotSummaryText": "전우치는 임금님을 골탕 먹이기 위해 이번에는 눈이 새파란 서역 장사치로 변해 남은 황금 기둥 반 토막을 대궐 앞으로 가지고 가서 외쳤다.",
        "textWordEA": 21
      }
    },
    {
      "srcTextID": "102001",
      "srcText": "\"금 사려, 황금 사려!\" 임금님은 당장 서역 장사치를 대궐로 들어오게 했어요. 그리고 큰돈을 주고 금덩이를 샀어요.",
      "srcPage": 14,
      "srcSentenceEA": 3,
      "srcWordEA": 18,
      "character": "금,황금,임금님,서역 장사치,대궐,돈,금덩이",
      "setting": null,
      "action": "들어오게,주고,샀어요",
      "feeling": null,
      "causalRelationship": null,
      "outcomeResolution": null,
      "prediction": null,
      "plotSummaryInfoCount": 1,
      "plotSummaryInfo": {
        "classification": "의사소통",
        "readAge": "초등_저학년",
        "form": "short-form",
        "plotSummaryText": "임금님은 당장 서역 장사치를 대궐로 들어오게 해서 큰돈을 주고 금덩이를 샀어요.",
        "textWordEA": 11
      }
    },
    {
      "srcTextID": "102008",
      "srcText": "그런데 사고 보니 그 금덩이는 얼마 전에 하늘나라 대감에게 준 그 황금 기둥이 아니겠어요? \"에에잇! 저 서역 장사치를 잡아 꽁꽁 묶어라! 저놈이 전우치일 것이니라.\"",
      "srcPage": 15,
      "srcSentenceEA": 3,
      "srcWordEA": 26,
      "character": "금덩이,하늘나라 대감,황금 기둥,서역 장사치,전우치",
      "setting": null,
      "action": "사고,잡아,묶어라",
      "feeling": null,
      "causalRelationship": null,
      "outcomeResolution": null,
      "prediction": null,
      "plotSummaryInfoCount": 1,
      "plotSummaryInfo": {
        "classification": "의사소통",
        "readAge": "초등_저학년",
        "form": "short-form",
        "plotSummaryText": "그런데 금덩이는 하늘나라 대감에게 준 황금 기둥이었고 서역 장사치를 잡으라면서 저놈이 전우치일 것이라고 했다.",
        "textWordEA": 14
      }
    },
    {
      "srcTextID": "102009",
      "srcText": "신하들은 우르르 달려들어 전우치를 묶었어요. 그런데 밧줄에 묶인 것은 사람이 아니라 통나무 토막이었어요. \"으, 또 당했어.\" 임금님은 분통이 터져 그만 미쳐 버릴 것만 같았어요.",
      "srcPage": 16,
      "srcSentenceEA": 4,
      "srcWordEA": 26,
      "character": "신하들,전우치,밧줄,사람,통나무 토막,임금님",
      "setting": null,
      "action": "달려들어,묶었어요",
      "feeling": null,
      "causalRelationship": null,
      "outcomeResolution": null,
      "prediction": null,
      "plotSummaryInfoCount": 1,
      "plotSummaryInfo": {
        "classification": "의사소통",
        "readAge": "초등_저학년",
        "form": "long-form",
        "plotSummaryText": "신하들은 전우치를 묶었는데 묶인 것은 사람이 아니라 통나무 토막이어서 임금님은 분통이 터져 미쳐 버릴 것만 같았다.",
        "textWordEA": 16
      }
    },
    {
      "srcTextID": "102014",
      "srcText": "\"바보 임금, 바보 임금. 나는야 전우치.\" \"에, 에잇! 저 놈을.\" 임금님은 병 조각을 한데 모아 기름 솥에 넣고 부글부글 끓였어요.",
      "srcPage": 22,
      "srcSentenceEA": 5,
      "srcWordEA": 23,
      "character": "임금,전우치,병 조각,기름 솥",
      "setting": null,
      "action": "모아,넣고,끓였어요",
      "feeling": null,
      "causalRelationship": null,
      "outcomeResolution": null,
      "prediction": null,
      "plotSummaryInfoCount": 1,
      "plotSummaryInfo": {
        "classification": "의사소통",
        "readAge": "초등_저학년",
        "form": "long-form",
        "plotSummaryText": "전우치가 바보 임금이라고 놀리자, 임금님은 병 조각을 모아 기름 솥에 넣고 부글부글 끓였다.",
        "textWordEA": 13
      }
    },
    {
      "srcTextID": "102016",
      "srcText": "그래도 분이 풀리지 않은 임금님은 신하들에게 명령했어요. \"전우치의 집을 찾아 부수고, 집터에다 연못을 만들어라!\" 하지만 그 후에도 전우치는 걸핏하면 임금님 앞에 나타나 임금님을 골탕 먹였다고 해요.",
      "srcPage": 23,
      "srcSentenceEA": 3,
      "srcWordEA": 27,
      "character": "임금님,신하들,전우치,집,연못",
      "setting": null,
      "action": "명령했어요,부수고,만들어라,나타나,골탕 먹였다고",
      "feeling": null,
      "causalRelationship": null,
      "outcomeResolution": null,
      "prediction": null,
      "plotSummaryInfoCount": 1,
      "plotSummaryInfo": {
        "classification": "의사소통",
        "readAge": "초등_저학년",
        "form": "short-form",
        "plotSummaryText": "분이 풀리지 않은 임금님은 전우치의 집을 찾아 부수고, 집터에다 연못을 만들라고 명령했지만, 그 후에도 전우치는 걸핏하면 임금님을 골탕 먹였다고 한다.",
        "textWordEA": 20
      }
    },
    {
      "srcTextID": "102018",
      "srcText": "고지기야! 전우치는 잠시 한양을 떠나 있기로 했어요. 산골을 떠돌고 있던 어느 날, 큰 마을 동구 밖에서 울고 있는 한 젊은이를 만났어요. \"아니, 왜 그러시오?\"",
      "srcPage": 24,
      "srcSentenceEA": 3,
      "srcWordEA": 26,
      "character": "고지기,전우치,한양,산골,마을,젊은이",
      "setting": null,
      "action": "떠나,떠돌고,울고,만났어요",
      "feeling": null,
      "causalRelationship": null,
      "outcomeResolution": null,
      "prediction": null,
      "plotSummaryInfoCount": 1,
      "plotSummaryInfo": {
        "classification": "의사소통",
        "readAge": "초등_저학년",
        "form": "short-form",
        "plotSummaryText": "전우치는 한양을 떠나 산골을 떠돌고 있던 어느 날, 큰 마을 동구 밖에서 울고 있는 한 젊은이를 만났다.",
        "textWordEA": 17
      }
    },
    {
      "srcTextID": "102019",
      "srcText": "\"이 그림을 붙여 놓고 '고지기야!' 하고 부르면 은돈 백 냥을 줄 것이오. 장례를 치른 후로는 매일 한 냥씩만 달라고 하여 어머님을 봉양하시오.\" 전우치는 한자경이란 젊은이에게 단단히 일렀어요.",
      "srcPage": 26,
      "srcSentenceEA": 4,
      "srcWordEA": 30,
      "character": "그림,고지기,은돈 백 냥,장례,한 냥,어머님,전우치,한자경,젊은이",
      "setting": null,
      "action": "붙여,부르면,달라고 하여,단단히 일렀어요",
      "feeling": null,
      "causalRelationship": null,
      "outcomeResolution": null,
      "prediction": null,
      "plotSummaryInfoCount": 1,
      "plotSummaryInfo": {
        "classification": "의사소통",
        "readAge": "초등_저학년",
        "form": "long-form",
        "plotSummaryText": "그림을 붙여 놓고 고지기야 하고 부르면 은돈 백 냥을 줄 것이니 장례를 치른 후로는 매일 한 냥씩만 달라고 하여 어머님을 봉양하라며 전우치는 한자경이란 젊은이에게 단단히 일렀다.",
        "textWordEA": 26
      }
    },
    {
      "srcTextID": "102021",
      "srcText": "그러자 정말 그림 속의 고지기 아이가 뛰어나와 대답했어요. \"은돈 백 냥을 내어 다오.\" 고지기 아이는 그림 속으로 들어가 곳간 문을 열고 은돈 백 냥을 내어왔어요.",
      "srcPage": 28,
      "srcSentenceEA": 3,
      "srcWordEA": 26,
      "character": "그림,고지기 아이,은돈 백 냥,곶간 문",
      "setting": null,
      "action": "들어가,열고,내어왔어요,뛰어나와 대답했어요",
      "feeling": null,
      "causalRelationship": null,
      "outcomeResolution": null,
      "prediction": null,
      "plotSummaryInfoCount": 1,
      "plotSummaryInfo": {
        "classification": "의사소통",
        "readAge": "초등_저학년",
        "form": "short-form",
        "plotSummaryText": "정말 그림 속의 고지기 아이가 뛰어나와 은돈 백 냥을 내어 달라고 하자 그림 속으로 들어가 곳간 문을 열고 은돈 백 냥을 내어왔다.",
        "textWordEA": 22
      }
    },
    {
      "srcTextID": "102025",
      "srcText": "그 말을 들은 임금님은 이를 뿌드득 갈았어요. \"또 당했어! 우선 저 한자경이란 놈부터 매우 쳐라!\" 한자경은 그제야 후회를 했어요.",
      "srcPage": 34,
      "srcSentenceEA": 4,
      "srcWordEA": 21,
      "character": "임금님,한자경",
      "setting": null,
      "action": "이를 뿌드득 갈았어요,매우 쳐라",
      "feeling": null,
      "causalRelationship": null,
      "outcomeResolution": null,
      "prediction": null,
      "plotSummaryInfoCount": 1,
      "plotSummaryInfo": {
        "classification": "의사소통",
        "readAge": "초등_저학년",
        "form": "long-form",
        "plotSummaryText": "임금님은 이를 뿌드득 갈았고 한자경이란 놈부터 매우 치라고 하자 한자경은 그제야 후회를 했다.",
        "textWordEA": 13
      }
    },
    {
      "srcTextID": "102028",
      "srcText": "가달산의 도둑 전우치가 마흔 살이 되었을 때, 새 임금님이 자리에 오르셨어요. 새 임금님은 어질고 백성을 제 몸처럼 사랑하는 분이었어요. 전우치는 새 임금님을 돕기로 마음먹었어요.",
      "srcPage": 35,
      "srcSentenceEA": 3,
      "srcWordEA": 26,
      "character": "가달산,도둑,전우치,임금님,백성,몸",
      "setting": null,
      "action": null,
      "feeling": "사랑하는",
      "causalRelationship": null,
      "outcomeResolution": null,
      "prediction": null,
      "plotSummaryInfoCount": 1,
      "plotSummaryInfo": {
        "classification": "의사소통",
        "readAge": "초등_저학년",
        "form": "short-form",
        "plotSummaryText": "가달산의 도둑 전우치가 마흔 살이 되었을 때, 새 임금님은 어질고 백성을 사랑하는 분으로 새 임금님을 돕기로 마음먹었다.",
        "textWordEA": 17
      }
    },
    {
      "srcTextID": "102029",
      "srcText": "마침 함경도 가달산에 도둑의 무리가 들끓는다는 소문이 들려 왔어요. 전우치는 임금님께 아뢰어 말 한 필을 얻고는 주문을 외었어요. \"해달별, 솔개가 되어라!\" 솔개를 타고 전우치는 가달산으로 갔어요. 가달산 꼭대기에 있는 도둑들의 성안에서는 한창 잔치가 벌어지고 있었어요.",
      "srcPage": 36,
      "srcSentenceEA": 5,
      "srcWordEA": 38,
      "character": "도둑,전우치,임금님,도둑들,말,솔개,잔치",
      "setting": "함경도 가달산,가달산 꼭대기,도둑들의 성안",
      "action": "타고,갔어요",
      "feeling": null,
      "causalRelationship": null,
      "outcomeResolution": null,
      "prediction": null,
      "plotSummaryInfoCount": 1,
      "plotSummaryInfo": {
        "classification": "의사소통",
        "readAge": "초등_저학년",
        "form": "long-form",
        "plotSummaryText": "함경도 가달산에 도둑의 무리가 들끓는다는 소문이 듣고 전우치는 임금님께 말 한 필을 얻고는 해달별, 솔개가 되라고 주문을 외우고 솔개를 타고 가달산으로 갔는데 가달산 꼭대기에 있는 도둑들의 성안에서는 잔치가 벌어지고 있었어요.",
        "textWordEA": 30
      }
    },
    {
      "srcTextID": "102032",
      "srcText": "상 위에는 산해진미가 가득했고, 도둑들은 술에 취해 비틀거렸어요. \"에, 에잇! 이 좀도둑들.\" 전우치는 바람을 일으켜 잔칫상을 하늘로 끌어 올려 엎어 버렸어요.",
      "srcPage": 37,
      "srcSentenceEA": 4,
      "srcWordEA": 23,
      "character": "상,도둑들,술,좀도둑들,전우치,잔칫상",
      "setting": null,
      "action": "바람을 일으켜,끌어 올려,엎어 버렸어요,취해 비틀거렸어요",
      "feeling": null,
      "causalRelationship": null,
      "outcomeResolution": null,
      "prediction": null,
      "plotSummaryInfoCount": 1,
      "plotSummaryInfo": {
        "classification": "의사소통",
        "readAge": "초등_저학년",
        "form": "long-form",
        "plotSummaryText": "도둑들은 술에 취해 비틀거렸고 전우치는 바람을 일으켜 잔칫상을 하늘로 끌어 올려 엎어 버렸다.",
        "textWordEA": 13
      }
    },
    {
      "srcTextID": "102030",
      "srcText": "\"아, 아니! 웬 놈이냐?\" 도둑의 우두머리 엄준이 비틀거리며 앞으로 나왔어요. \"네, 이놈. 백성들을 해치고 재물을 빼앗아 잔치판이나 벌이고 있다니.\"",
      "srcPage": 38,
      "srcSentenceEA": 5,
      "srcWordEA": 22,
      "character": "도둑,우두머리,엄준,백성들,재물,잔치판",
      "setting": null,
      "action": "비틀거리며,나왔어요,빼앗아",
      "feeling": null,
      "causalRelationship": null,
      "outcomeResolution": null,
      "prediction": null,
      "plotSummaryInfoCount": 1,
      "plotSummaryInfo": {
        "classification": "의사소통",
        "readAge": "초등_저학년",
        "form": "long-form",
        "plotSummaryText": "도둑의 우두머리 엄준이 비틀거리며 나오니 백성들을 해치고 재물을 빼앗아 잔치판이나 벌이고 있냐고 물었다.",
        "textWordEA": 13
      }
    },
    {
      "srcTextID": "102031",
      "srcText": "\"아니, 너는 도, 도술왕 전우치!\" 엄준은 그제야 정신을 차리고 칼을 빼어 들었어요. 엄준의 칼 솜씨는 훌륭했어요.",
      "srcPage": 39,
      "srcSentenceEA": 3,
      "srcWordEA": 18,
      "character": "도술왕 전우치,엄준,칼",
      "setting": null,
      "action": "빼어 들었어요",
      "feeling": null,
      "causalRelationship": null,
      "outcomeResolution": null,
      "prediction": null,
      "plotSummaryInfoCount": 1,
      "plotSummaryInfo": {
        "classification": "의사소통",
        "readAge": "초등_저학년",
        "form": "short-form",
        "plotSummaryText": "엄준은 도술왕 전우치을 알아보고 그제야 정신을 차리고 칼을 빼어 들었는데 엄준의 칼 솜씨는 훌륭했다.",
        "textWordEA": 14
      }
    },
    {
      "srcTextID": "102034",
      "srcText": "엎치락 뒤치락, 한나절을 싸워도 승부가 나지 않았어요. \"안 되겠어. 해달별!.\" 주문을 외자 전우치의 몸이 둘로 나뉘어졌어요.",
      "srcPage": 40,
      "srcSentenceEA": 4,
      "srcWordEA": 18,
      "character": "전우치",
      "setting": null,
      "action": "싸워도,주문을 외자,나뉘어졌어요",
      "feeling": null,
      "causalRelationship": null,
      "outcomeResolution": null,
      "prediction": null,
      "plotSummaryInfoCount": 1,
      "plotSummaryInfo": {
        "classification": "의사소통",
        "readAge": "초등_저학년",
        "form": "long-form",
        "plotSummaryText": "한나절을 싸워도 승부가 나지 않아 안 되겠다며 주문을 외자 전우치의 몸이 둘로 나뉘어졌다.",
        "textWordEA": 13
      }
    },
    {
      "srcTextID": "102033",
      "srcText": "눈 깜짝할 새 두 사람의 전우치가 만들어졌어요. 한 전우치는 공중에서, 한 전우치는 땅에서 사정없이 엄준을 공격했어요. 이윽고 엄준은 전우치 앞에 무릎을 꿇었어요.",
      "srcPage": 41,
      "srcSentenceEA": 3,
      "srcWordEA": 24,
      "character": "전우치,엄준,두 사람",
      "setting": null,
      "action": "공격했어요,무릎을 꿇었어요",
      "feeling": null,
      "causalRelationship": null,
      "outcomeResolution": null,
      "prediction": null,
      "plotSummaryInfoCount": 1,
      "plotSummaryInfo": {
        "classification": "의사소통",
        "readAge": "초등_저학년",
        "form": "short-form",
        "plotSummaryText": "눈 깜짝할 새 두 사람의 전우치가 만들어졌고 한 전우치는 공중에서, 한 전우치는 땅에서 공격했고 이윽고 엄준은 전우치 앞에 무릎을 꿇었다.",
        "textWordEA": 20
      }
    },
    {
      "srcTextID": "102035",
      "srcText": "전우치는 도둑들을 고향으로 돌려보낸 뒤 한양으로 돌아왔어요. \"그대가 있어 짐은 든든하기 그지없소. 우리 힘을 모아 앞으로도 백성들을 잘 보살핍시다.\" 임금님은 전우치를 늘 곁에 두고 싶어 했어요. 하지만 전우치는 예순 살도 되지 않아 깊은 산 속으로 들어가 다시는 모습을 보이지 않았다고 합니다.",
      "srcPage": 42,
      "srcSentenceEA": 5,
      "srcWordEA": 44,
      "character": "전우치,도둑들,그대,짐,백성들,임금님",
      "setting": "고향,한양,예순 살도 되지 않아,깊은 산 속",
      "action": "돌아왔어요,들어가",
      "feeling": null,
      "causalRelationship": null,
      "outcomeResolution": null,
      "prediction": null,
      "plotSummaryInfoCount": 1,
      "plotSummaryInfo": {
        "classification": "의사소통",
        "readAge": "초등_저학년",
        "form": "long-form",
        "plotSummaryText": "전우치는 도둑들을 고향으로 돌려보낸 뒤 돌아왔는데 임금님은 전우치를 늘 곁에 두고 싶어 했지만 예순 살도 되지 않아 깊은 산 속으로 들어가 다시는 모습을 보이지 않았다고 합니다.",
        "textWordEA": 26
      }
    },
    {
      "srcTextID": "102020",
      "srcText": "\"하루에 꼭 한 냥 씩이오. 그 이상을 달라고 하다가는 큰 변을 당할 것이오.\" 한자경은 집으로 가서 그림을 벽에 붙여 놓고 고지기를 불렀어요.",
      "srcPage": 27,
      "srcSentenceEA": 3,
      "srcWordEA": 24,
      "character": "한 냥,한자경,그림,벽,집,고지기",
      "setting": null,
      "action": "달라고,가서,붙여,불렀어요",
      "feeling": null,
      "causalRelationship": null,
      "outcomeResolution": null,
      "prediction": null,
      "plotSummaryInfoCount": 1,
      "plotSummaryInfo": {
        "classification": "의사소통",
        "readAge": "초등_저학년",
        "form": "short-form",
        "plotSummaryText": "한 냥 이상 달라고 하다가는 큰 변을 당한다고 듣고 한자경은 집으로 가서 그림을 벽에 붙여 놓고 고지기를 불렀다.",
        "textWordEA": 18
      }
    },
    {
      "srcTextID": "102022",
      "srcText": "아버지 장례를 무사히 치른 한자경은 그 후 날마다 고지기를 불러 은돈 한 냥씩을 내어오게 하였어요. 그리고 그 돈으로 어머니를 잘 모셨어요. 그러던 어느 날, 한자경의 마음속에 슬며시 욕심이 생겼어요.",
      "srcPage": 29,
      "srcSentenceEA": 3,
      "srcWordEA": 31,
      "character": "아버지,장례,한자경,고지기,은돈 한 냥,어머니",
      "setting": null,
      "action": "불러,내어오게,모셨어요",
      "feeling": null,
      "causalRelationship": null,
      "outcomeResolution": null,
      "prediction": null,
      "plotSummaryInfoCount": 1,
      "plotSummaryInfo": {
        "classification": "의사소통",
        "readAge": "초등_저학년",
        "form": "short-form",
        "plotSummaryText": "아버지 장례를 치른 한자경은 날마다 고지기를 불러 은돈 한 냥씩을 내어오게 하였고 어머니를 잘 모시던 한자경의 마음속에 어느 날 슬며시 욕심이 생겼다.",
        "textWordEA": 22
      }
    },
    {
      "srcTextID": "102023",
      "srcText": "한자경은 당장 고지기를 불러 오백 냥을 내어오라고 일렀어요. \"그렇게는 안 되옵니다, 주인님.\" \"안 되다니. 당장 앞장서라.\"",
      "srcPage": 30,
      "srcSentenceEA": 4,
      "srcWordEA": 17,
      "character": "한자경,고지기,오백 냥,주인님",
      "setting": null,
      "action": "불러,내어오라고",
      "feeling": null,
      "causalRelationship": null,
      "outcomeResolution": null,
      "prediction": null,
      "plotSummaryInfoCount": 1,
      "plotSummaryInfo": {
        "classification": "의사소통",
        "readAge": "초등_저학년",
        "form": "long-form",
        "plotSummaryText": "한자경은 당장 고지기를 불러 오백 냥을 내어오라고 당장 앞장서라고 했다.",
        "textWordEA": 10
      }
    },
    {
      "srcTextID": "102024",
      "srcText": "한자경은 혼자 곳간으로 들어갔어요. 그런데 은돈 오백 냥을 싸 들고나오려는 순간, 그만 철컥! 하고 곳간 문이 잠겨 버리는 게 아니겠어요. 아무리 불러도 고지기는 대답이 없었어요.",
      "srcPage": 31,
      "srcSentenceEA": 4,
      "srcWordEA": 28,
      "character": "한자경,곳간 문,은돈 오백 냥,고지기",
      "setting": "곳간",
      "action": "들어갔어요,들고,불러도,싸 들고나오려는",
      "feeling": null,
      "causalRelationship": null,
      "outcomeResolution": null,
      "prediction": null,
      "plotSummaryInfoCount": 1,
      "plotSummaryInfo": {
        "classification": "의사소통",
        "readAge": "초등_저학년",
        "form": "long-form",
        "plotSummaryText": "한자경은 혼자 곳간으로 들어갔는데 은돈 오백 냥을 싸 들고나오려는 순간, 곳간 문이 잠기고 아무리 불러도 고지기는 대답이 없었다.",
        "textWordEA": 18
      }
    },
    {
      "srcTextID": "102026",
      "srcText": "조금 있으니 포졸들이 우르르 몰려와서 한자경을 끌어냈어요. 포졸들은 한자경을 끌고 호조판서 앞으로 갔어요. \"이놈! 낱낱이 고하여라. 언제부터, 얼마나 많은 은돈을 꺼내어 썼느냐?\"",
      "srcPage": 32,
      "srcSentenceEA": 4,
      "srcWordEA": 25,
      "character": "포졸,한자경,호조판서,은돈",
      "setting": null,
      "action": "몰려와서,끌어냈어요,갔어요,꺼내어",
      "feeling": null,
      "causalRelationship": null,
      "outcomeResolution": null,
      "prediction": null,
      "plotSummaryInfoCount": 1,
      "plotSummaryInfo": {
        "classification": "의사소통",
        "readAge": "초등_저학년",
        "form": "long-form",
        "plotSummaryText": "조금 있으니 포졸들이 몰려와서 한자경을 끌고 호조판서 앞으로 가서 언제부터, 얼마나 많은 은돈을 꺼내어 썼냐고 물었다.",
        "textWordEA": 16
      }
    },
    {
      "srcTextID": "102027",
      "srcText": "한자경은 전우치가 그려 준 그림 이야기를 하지 않을 수가 없었어요. 깜짝 놀란 호조판서는 곳간으로 달려가 나랏돈이 든 궤를 하나하나 열어 보았어요. 층층이 쌓인 궤 속에는 돈은 간 곳 없고 개구리와 뱀들만 잔뜩 우글거리고 있었어요.",
      "srcPage": 33,
      "srcSentenceEA": 3,
      "srcWordEA": 36,
      "character": "한자경,전우치,그림,호조판서,곶간,궤,돈,개구리,뱀",
      "setting": null,
      "action": "그려,달려가,열어",
      "feeling": "깜짝 놀란",
      "causalRelationship": null,
      "outcomeResolution": null,
      "prediction": null,
      "plotSummaryInfoCount": 1,
      "plotSummaryInfo": {
        "classification": "의사소통",
        "readAge": "초등_저학년",
        "form": "short-form",
        "plotSummaryText": "한자경은 전우치가 그려 준 그림 이야기를 하고 깜짝 놀란 호조판서는 나랏돈이 든 궤를 열어 보니 궤 속에는 돈은 없고 개구리와 뱀들만 잔뜩 있었다.",
        "textWordEA": 23
      }
    },
    {
      "srcTextID": "101991",
      "srcText": "고래를 타던 꼬마는 어느 새 또 뒤뜰 장독 곁에 앉아 그림을 그리고 있었어요. \"이번엔 산으로 가 볼까? 산엔 머루와 다래도 있고, 산감도 있고.\"",
      "srcPage": 1,
      "srcSentenceEA": 3,
      "srcWordEA": 24,
      "character": "고래,꼬마,장독,산,머루,다래,산감",
      "setting": null,
      "action": "타던,앉아,그림을 그리고",
      "feeling": null,
      "causalRelationship": null,
      "outcomeResolution": null,
      "prediction": null,
      "plotSummaryInfoCount": 1,
      "plotSummaryInfo": {
        "classification": "의사소통",
        "readAge": "초등_저학년",
        "form": "short-form",
        "plotSummaryText": "고래를 타던 꼬마는 뒤뜰 장독 곁에 앉아 산으로 가 볼까 생각하며 그림을 그리고 있었다.",
        "textWordEA": 14
      }
    },
    {
      "srcTextID": "101990",
      "srcText": "\"동해 바닷속에는 고래도 많다고 했지. 그래! 오늘은 바다로 가서 고래나 타고 놀자.\" 꼬마는 자신이 그린 그림 위에 손을 대고 주문을 외었어요. \"해달별! 동해 바다로 가자.\" 꼬마는 어느새 동해 바닷속에 들어가 있었어요.",
      "srcPage": 5,
      "srcSentenceEA": 6,
      "srcWordEA": 36,
      "character": "동해,고래,꼬마,그림,손",
      "setting": null,
      "action": "타고,그린,손을 대고,들어가",
      "feeling": null,
      "causalRelationship": null,
      "outcomeResolution": null,
      "prediction": null,
      "plotSummaryInfoCount": 1,
      "plotSummaryInfo": {
        "classification": "의사소통",
        "readAge": "초등_저학년",
        "form": "long-form",
        "plotSummaryText": "바다로 가서 고래나 타고 놀자면서 자신이 그린 그림 위에 손을 대고 주문을 외우자 어느새 동해 바닷속에 들어가 있었다.",
        "textWordEA": 18
      }
    },
    {
      "srcTextID": "101998",
      "srcText": "그런 후, 전우치는 방방곡곡에 이런 방을 붙였어요. '백성들은 남의 덕을 입었다고 생각하지 마라. 훔쳐 간 자들에게서 도로 거두어들인 것이니라.'",
      "srcPage": 9,
      "srcSentenceEA": 3,
      "srcWordEA": 20,
      "character": "전우치,방,백성들",
      "setting": null,
      "action": "붙였어요,훔쳐,거두어들인",
      "feeling": null,
      "causalRelationship": null,
      "outcomeResolution": null,
      "prediction": null,
      "plotSummaryInfoCount": 1,
      "plotSummaryInfo": {
        "classification": "의사소통",
        "readAge": "초등_저학년",
        "form": "short-form",
        "plotSummaryText": "전우치는 훔쳐 간 자들에게서 도로 거두어들인 것이니 백성들은 남의 덕을 입었다고 생각하지 말라고 방방곡곡에 방을 붙였습니다.",
        "textWordEA": 16
      }
    },
    {
      "srcTextID": "102011",
      "srcText": "호리병 소동 \"으하하하! 나를 잡고 싶거든 이 병을 잡아라.\" 나무토막에서 다시 사람으로 변한 전우치는 호리병 하나를 내밀었어요. 그리고 눈 깜짝할 새 호리병 속으로 들어가 버렸어요.",
      "srcPage": 17,
      "srcSentenceEA": 4,
      "srcWordEA": 28,
      "character": "호리병,병,나무토막,사람,전우치",
      "setting": null,
      "action": "잡고,변한,들어가,내밀었어요",
      "feeling": null,
      "causalRelationship": null,
      "outcomeResolution": null,
      "prediction": null,
      "plotSummaryInfoCount": 1,
      "plotSummaryInfo": {
        "classification": "의사소통",
        "readAge": "초등_저학년",
        "form": "long-form",
        "plotSummaryText": "나를 잡고 싶거든 이 병을 잡으라면서 전우치는 호리병 하나를 내밀고 눈 깜짝할 새 호리병 속으로 들어가 버렸다.",
        "textWordEA": 17
      }
    },
    {
      "srcTextID": "102010",
      "srcText": "\"꼼짝 마!\" 신하들은 재빨리 호리병 입을 막았어요. \"그 호리병을 기름 가마에 넣고 끓여라!\" 임금님이 소리쳤어요.",
      "srcPage": 18,
      "srcSentenceEA": 4,
      "srcWordEA": 17,
      "character": "신하들,호리병,기름 가마,임금님",
      "setting": null,
      "action": "막았어요,넣고 끓여라,소리쳤어요",
      "feeling": null,
      "causalRelationship": null,
      "outcomeResolution": null,
      "prediction": null,
      "plotSummaryInfoCount": 1,
      "plotSummaryInfo": {
        "classification": "의사소통",
        "readAge": "초등_저학년",
        "form": "long-form",
        "plotSummaryText": "신하들은 재빨리 호리병 입을 막았고 임금님이 그 호리병을 기름 가마에 넣고 끓이라고 소리쳤다.",
        "textWordEA": 13
      }
    },
    {
      "srcTextID": "102012",
      "srcText": "호리병은 곧 부글부글 끓는 기름 가마에 던져졌어요. \"됐어, 전우치도 이제 끝장이야.\" 임금님이 두 손을 툭툭 털며 일어났어요.",
      "srcPage": 19,
      "srcSentenceEA": 3,
      "srcWordEA": 18,
      "character": "호리병,기름 가마,전우치,임금님,두 손",
      "setting": null,
      "action": "던져졌어요,털며 일어났어요",
      "feeling": null,
      "causalRelationship": null,
      "outcomeResolution": null,
      "prediction": null,
      "plotSummaryInfoCount": 1,
      "plotSummaryInfo": {
        "classification": "의사소통",
        "readAge": "초등_저학년",
        "form": "short-form",
        "plotSummaryText": "호리병은 부글부글 끓는 기름 가마에 던져졌고 임금님이 전우치는 끝장이라고 두 손을 툭툭 털며 일어났다.",
        "textWordEA": 14
      }
    },
    {
      "srcTextID": "102015",
      "srcText": "그 때였어요. 호리병 속에서 사람 목소리가 들려오는 게 아니겠어요. \"아이고, 따뜻해라. 내가 여태 따뜻한 방에 자 보지 못하였더니 오늘 임금님 덕을 톡톡히 보는구나.\"",
      "srcPage": 20,
      "srcSentenceEA": 4,
      "srcWordEA": 25,
      "character": "호리병,사람,방,임금님",
      "setting": null,
      "action": "자 보지 못하였더니",
      "feeling": null,
      "causalRelationship": null,
      "outcomeResolution": null,
      "prediction": null,
      "plotSummaryInfoCount": 1,
      "plotSummaryInfo": {
        "classification": "의사소통",
        "readAge": "초등_저학년",
        "form": "long-form",
        "plotSummaryText": "호리병 속에서 내가 여태 따뜻한 방에 자 보지 못하였더니 임금님 덕을 톡톡히 본다고 사람 목소리가 들렸다.",
        "textWordEA": 16
      }
    },
    {
      "srcTextID": "102013",
      "srcText": "\"그 병을 꺼내어 깨어 버려라!\" 신하들이 얼른 호리병을 꺼내어 돌 위에 던졌어요. \"쨍그랑, 쨍쨍쨍쨍.\" 그런데 산산이 부서진 호리병 조각이 약 올리듯 떠들어대기 시작했어요.",
      "srcPage": 21,
      "srcSentenceEA": 4,
      "srcWordEA": 25,
      "character": "병,신하들,돌,호리병",
      "setting": null,
      "action": "꺼내어,던졌어요,떠들어대기",
      "feeling": null,
      "causalRelationship": null,
      "outcomeResolution": null,
      "prediction": null,
      "plotSummaryInfoCount": 1,
      "plotSummaryInfo": {
        "classification": "의사소통",
        "readAge": "초등_저학년",
        "form": "long-form",
        "plotSummaryText": "신하들이 호리병을 꺼내어 돌 위에 던지자 산산이 부서진 호리병 조각이 약 올리듯 떠들어대기 시작했다.",
        "textWordEA": 14
      }
    },
    {
      "srcTextID": "102017",
      "srcText": "\"어젯밤 갑자기 우리 아버님이 돌아가셨소. 가난하여 장례를 치를 돈도 없고, 또 홀로 된 어머님을 모시고 살아갈 일이 막막하기만 해서.\" 전우치는 등짐을 풀고 붓과 종이를 꺼내었어요. 종이 위에다 커다란 곳간과 한 고지기 아이를 그렸어요. 그 고지기 아이는 큰 열쇠를 들고 곳간 앞에 서 있었어요.",
      "srcPage": 25,
      "srcSentenceEA": 5,
      "srcWordEA": 47,
      "character": "아버님,장례,돈,어머님,전우치,등짐,붓,종이,곳간,고지기 아이,열쇠",
      "setting": null,
      "action": "모시고,풀고,꺼내었어요,그렸어요,서 있었어요",
      "feeling": null,
      "causalRelationship": null,
      "outcomeResolution": null,
      "prediction": null,
      "plotSummaryInfoCount": 1,
      "plotSummaryInfo": {
        "classification": "의사소통",
        "readAge": "초등_저학년",
        "form": "long-form",
        "plotSummaryText": "살아갈 일이 막막하기만 하다고 하자 전우치는 등짐을 풀고 붓과 종이를 꺼내어 곳간과 한 고지기 아이를 그려 고지기 아이는 큰 열쇠를 들고 곳간 앞에 서 있었다.",
        "textWordEA": 25
      }
    }
  ]
}