{
  "title": "로빈 후드의 모험",
  "author": "하워드 파일",
  "illustrator": "김경수",
  "isbn": "8959041025",
  "publishedYear": 2004,
  "publisher": "(주)한국퍼킨스교육연구원",
  "paragraphInfoCount": 76,
  "paragraphInfo": [
    {
      "srcTextID": "45425",
      "srcText": "마리안과 작별 인사를 마친 로버트 백작은 앞으로 나서며 외쳤습니다. “앞장서시오.” 가이 경은 로버트 백작이 순순히 말을 듣자 안심하고 돌아섰습니다. 그때 갑자기 로버트 백작이 가이 경을 주먹으로 때려 쓰러뜨리고 달아났습니다.",
      "srcPage": 4,
      "srcSentenceEA": 3,
      "srcWordEA": 31,
      "character": "마리안,로버트 백작,가이 경,주먹",
      "setting": null,
      "action": "외쳤습니다,돌아섰습니다,때려,달아났습니다",
      "feeling": "안심하고",
      "causalRelationship": null,
      "outcomeResolution": null,
      "prediction": null,
      "plotSummaryInfoCount": 1,
      "plotSummaryInfo": {
        "classification": "의사소통",
        "readAge": "초등_저학년",
        "form": "short-form",
        "plotSummaryText": "로버트 백작은 작별 인사를 마친 뒤, 안심하고 있던 가이 경이 돌아서자 주먹으로 때린 후 달아났습니다.",
        "textWordEA": 15
      }
    },
    {
      "srcTextID": "45474",
      "srcText": "로버트 백작이 나무 그늘에 앉아 쉬고 있으려니 사내 몇 명이 나타났습니다. “너는 누구냐?” “입고 있는 옷을 보니 귀족 같은데, 혼자 왔을 리는 없고. 존 왕자가 보낸 첩자가 틀림없구나.” “맞아!” 사내들은 칼을 빼 들고 로버트 백작을 에워쌌습니다.",
      "srcPage": 10,
      "srcSentenceEA": 5,
      "srcWordEA": 38,
      "character": "로버트 백작,귀족,존 왕자,칼",
      "setting": "나무 그늘",
      "action": "앉아,빼 들고,에워쌌습니다,나타났습니다",
      "feeling": null,
      "causalRelationship": null,
      "outcomeResolution": null,
      "prediction": "사내들은 칼을 빼 들고 로버트 백작을 에워쌌습니다.",
      "plotSummaryInfoCount": 1,
      "plotSummaryInfo": {
        "classification": "의사소통",
        "readAge": "초등_저학년",
        "form": "long-form",
        "plotSummaryText": "사내들이 나무 그늘에 앉아 쉬고 있던 로버트 백작을 존 왕자가 보낸 첩자로 오인하여 칼을 빼들고 에워쌌습니다.",
        "textWordEA": 16
      }
    },
    {
      "srcTextID": "45471",
      "srcText": "“이러다가 정말 존 왕자가 왕이 되기라도 하면 살기 더욱 힘들어질 거야.” 한 사내가 로버트 백작에게 물었습니다. “당신은 앞으로 어쩔 셈이오?”",
      "srcPage": 13,
      "srcSentenceEA": 3,
      "srcWordEA": 21,
      "character": "존 왕자,왕,로버트 백작",
      "setting": null,
      "action": "물었습니다",
      "feeling": "힘들어질 거야",
      "causalRelationship": null,
      "outcomeResolution": null,
      "prediction": "당신은 앞으로 어쩔 셈이오?",
      "plotSummaryInfoCount": 1,
      "plotSummaryInfo": {
        "classification": "의사소통",
        "readAge": "초등_저학년",
        "form": "short-form",
        "plotSummaryText": "존 왕자가 왕이 된다면 더욱 살기 힘들어질 텐데 어쩔 셈이냐고 로버트 백작에게 한 사내가 물었습니다.",
        "textWordEA": 15
      }
    },
    {
      "srcTextID": "45502",
      "srcText": "깜짝 놀란 새는 파닥거리며 하늘로 날아올랐지요. “와! 정말 귀신같은 솜씨군.” “새를 맞히는 것도 힘든데, 꽁지 털만 맞히다니.”",
      "srcPage": 16,
      "srcSentenceEA": 3,
      "srcWordEA": 18,
      "character": "새",
      "setting": "하늘",
      "action": "파닥거리며,날아올랐지요",
      "feeling": "깜짝 놀란",
      "causalRelationship": null,
      "outcomeResolution": null,
      "prediction": null,
      "plotSummaryInfoCount": 1,
      "plotSummaryInfo": {
        "classification": "의사소통",
        "readAge": "초등_저학년",
        "form": "short-form",
        "plotSummaryText": "귀신같은 솜씨로 새의 꽁지 털만 맞히자 새가 놀라 파닥거리며 날아올랐습니다.",
        "textWordEA": 10
      }
    },
    {
      "srcTextID": "45534",
      "srcText": "다행히 아직까지는 병사들이 이곳까지 함부로 들어오지 않았소. 설령 들어온다고 해도 우리만큼 이곳을 잘 알지 못하므로 아직은 위험하지 않지요. 하지만 언제까지나 그렇지는 않을 것이오.",
      "srcPage": 18,
      "srcSentenceEA": 3,
      "srcWordEA": 25,
      "character": "병사",
      "setting": "이곳까지",
      "action": null,
      "feeling": "위험하지 않지요",
      "causalRelationship": null,
      "outcomeResolution": null,
      "prediction": null,
      "plotSummaryInfoCount": 1,
      "plotSummaryInfo": {
        "classification": "의사소통",
        "readAge": "초등_저학년",
        "form": "short-form",
        "plotSummaryText": "우리만큼 병사들이 이곳을 잘 알지 못해 함부로 들어오지 않아 위험하진 않았습니다.",
        "textWordEA": 11
      }
    },
    {
      "srcTextID": "45535",
      "srcText": "로버트 백작은 잠시 생각하더니 대답했습니다. 좋소. 당신들의 지도자가 되겠소. 하지만 나그네를 터는 좀도둑은 싫소.",
      "srcPage": 20,
      "srcSentenceEA": 4,
      "srcWordEA": 17,
      "character": "로버트 백작,지도자,나그네",
      "setting": null,
      "action": "대답했습니다",
      "feeling": "생각하더니",
      "causalRelationship": null,
      "outcomeResolution": null,
      "prediction": null,
      "plotSummaryInfoCount": 1,
      "plotSummaryInfo": {
        "classification": "의사소통",
        "readAge": "초등_저학년",
        "form": "long-form",
        "plotSummaryText": "잠시 생각하던 로버트 백작은 당신들의 지도자가 되겠지만 나그네를 터는 좀도둑은 싫다고 대답했습니다.",
        "textWordEA": 12
      }
    },
    {
      "srcTextID": "45537",
      "srcText": "우리의 적은 백성을 힘들게 하는 못된 관리요. 존 왕자의 부하들과 못된 관리를 혼내 주고 백성을 돕는 의로운 도적이 됩시다. 알겠소? 지금부터 나를 로버트라는 이름 대신 로빈 후드로 불러 주시오. “와! 로빈 후드 만세!” 영리하고 용감하며 활도 잘 쏘는 지도자의 탄생을 기뻐하는 함성이 셔우드 숲에 울려 퍼졌습니다.",
      "srcPage": 21,
      "srcSentenceEA": 6,
      "srcWordEA": 51,
      "character": "백성,존 왕자,도적,로버트,로빈 후드",
      "setting": "셔우드 숲",
      "action": "혼내 주고,울려 퍼졌습니다,활도 잘 쏘는",
      "feeling": "기뻐하는",
      "causalRelationship": null,
      "outcomeResolution": "존 왕자의 부하들과 못된 관리를 혼내 주고 백성을 돕는 의로운 도적이 됩시다.",
      "prediction": null,
      "plotSummaryInfoCount": 1,
      "plotSummaryInfo": {
        "classification": "의사소통",
        "readAge": "초등_저학년",
        "form": "long-form",
        "plotSummaryText": "백성을 힘들게 하는 못된 관리들과 존 왕자의 부하들을 혼내 주는 의로운 도적이 되자고 하자, 로빈 후드라는 지도자의 탄성을 기뻐하는 함성이 셔우드 숲에서 울려 퍼졌습니다.",
        "textWordEA": 24
      }
    },
    {
      "srcTextID": "45538",
      "srcText": "그 후 로빈 후드가 지휘하는 셔우드 숲 형제들은 못된 성주나 관리들을 혼내 주고 빼앗은 재물을 가난한 백성들에게 나누어 주었습니다. 성주의 병사들이 그들을 잡으려 했지만 귀신같은 로빈 후드의 활 솜씨에 혼이 나서 도망치기 일쑤였습니다. 또 셔우드 숲은 아주 울창하여 섣불리 들어갔다가는 길을 잃고 헤매기 때문에 아무리 병사가 많아도 오랫 동안 추격할 수가 없었습니다. 그 뒤부터 귀족들은 로빈 후드라는 이름만 들어도 벌벌 떨었습니다.",
      "srcPage": 22,
      "srcSentenceEA": 4,
      "srcWordEA": 64,
      "character": "로빈 후드,성주,관리들,재물,가난한 백성",
      "setting": "셔우드 숲",
      "action": "지휘하는,혼내 주고,빼앗은,나누어 주었습니다,도망치기",
      "feeling": "벌벌 떨었습니다,울창하여",
      "causalRelationship": null,
      "outcomeResolution": null,
      "prediction": "그 뒤부터 귀족들은 로빈 후드라는 이름만 들어도 벌벌 떨었습니다.",
      "plotSummaryInfoCount": 1,
      "plotSummaryInfo": {
        "classification": "의사소통",
        "readAge": "초등_저학년",
        "form": "long-form",
        "plotSummaryText": "로빈 후드가 지휘하는 셔우드 숲 형제들이 못된 성주나 관리들에게 재물을 빼앗아 가난한 백성들에게 나누어 주자 병사들이 그들을 잡으려 했지만, 로빈 후드의 활 솜씨에 혼이 나 도망치기 일쑤인데다, 셔우드 숲이 울창하여 오랫동안 추격하기가 힘들었습니다.",
        "textWordEA": 33
      }
    },
    {
      "srcTextID": "45548",
      "srcText": "어느 날 로빈 후드는 개천에 있는 외나무다리를 건너는 중이었습니다. 그 외나무다리는 한 사람이 건너기에도 좁아서 조심스럽게 건너고 있었지요. 그런데 반대쪽에서도 한 사람이 건너오고 있었습니다.",
      "srcPage": 23,
      "srcSentenceEA": 3,
      "srcWordEA": 26,
      "character": "로빈 후드,개천",
      "setting": "어느 날,외나무다리",
      "action": "건너는,건너오고 있었습니다,건너고 있었지요",
      "feeling": "조심스럽게",
      "causalRelationship": null,
      "outcomeResolution": null,
      "prediction": "그런데 반대쪽에서도 한 사람이 건너오고 있었습니다.",
      "plotSummaryInfoCount": 1,
      "plotSummaryInfo": {
        "classification": "의사소통",
        "readAge": "초등_저학년",
        "form": "short-form",
        "plotSummaryText": "로빈 후드가 개천의 한 사람이 건너기에도 좁은 외나무다리를 조심스럽게 건널 때, 반대쪽에서도 한 사람이 건너오는 것이 보였습니다.",
        "textWordEA": 17
      }
    },
    {
      "srcTextID": "45545",
      "srcText": "두 사람은 좁은 외나무다리 위에서 싸움을 시작했습니다. 로빈 후드의 솜씨도 뛰어났지만, 사내도 보통이 아니었습니다. “에잇!” “이크!” 한참을 싸우던 로빈 후드는 발이 미끄러져 물속으로 풍덩 빠지고 말았습니다.",
      "srcPage": 27,
      "srcSentenceEA": 3,
      "srcWordEA": 28,
      "character": "로빈 후드,발",
      "setting": "좁은 외나무다리 위,물속",
      "action": "싸움을 시작했습니다,빠지고 말았습니다",
      "feeling": null,
      "causalRelationship": "한참을 싸우던 로빈 후드는 발이 미끄러져 물속으로 풍덩 빠지고 말았습니다.",
      "outcomeResolution": null,
      "prediction": null,
      "plotSummaryInfoCount": 1,
      "plotSummaryInfo": {
        "classification": "의사소통",
        "readAge": "초등_저학년",
        "form": "short-form",
        "plotSummaryText": "좁은 외나무다리 위에서 솜씨가 보통이 아닌 사내와 한참을 싸우던 로빈 후드가 물속으로 풍덩 빠졌습니다.",
        "textWordEA": 14
      }
    },
    {
      "srcTextID": "45503",
      "srcText": "로버트 백작은 한 사내가 가지고 있던 활을 빌려 화살을 잰 다음 말했습니다. “저 나뭇가지에 앉은 새의 꽁지 털만 맞히겠소.” 슝! 경쾌한 소리를 내며 날아간 화살은 로버트 백작의 말대로 새의 몸은 다치게 하지 않고 꽁지 털만 맞히고는 나무에 박혔습니다.",
      "srcPage": 15,
      "srcSentenceEA": 4,
      "srcWordEA": 40,
      "character": "로버트 백작,활,화살,새",
      "setting": "나뭇가지",
      "action": "말했습니다,박혔습니다,소리를 내며 날아간",
      "feeling": "경쾌한",
      "causalRelationship": null,
      "outcomeResolution": null,
      "prediction": null,
      "plotSummaryInfoCount": 1,
      "plotSummaryInfo": {
        "classification": "의사소통",
        "readAge": "초등_저학년",
        "form": "long-form",
        "plotSummaryText": "나뭇가지에 앉은 새의 꽁지 털만 맞히겠다던 로버트 백작의 말대로 한 사내의 활을 빌려 쏜 화살이 슝 날아가 새의 꽁지 털만 맞혔습니다.",
        "textWordEA": 21
      }
    },
    {
      "srcTextID": "45533",
      "srcText": "그래서 말인데, 당신도 쫓기는 몸이 된 이상 우리의 지도자가 되어 주시오. 귀족이었으니 병사들의 움직임도 잘 알 것이고, 활 솜씨도 뛰어나니 말이오. 사내들이 로버트 백작에게 머리를 숙이며 부탁을 했습니다.",
      "srcPage": 19,
      "srcSentenceEA": 3,
      "srcWordEA": 30,
      "character": "지도자,귀족,병사,활",
      "setting": null,
      "action": "머리를 숙이며 부탁을 했습니다,쫓기는",
      "feeling": null,
      "causalRelationship": null,
      "outcomeResolution": null,
      "prediction": null,
      "plotSummaryInfoCount": 1,
      "plotSummaryInfo": {
        "classification": "의사소통",
        "readAge": "초등_저학년",
        "form": "short-form",
        "plotSummaryText": "사내들이 귀족이었던 로버트 백작이 병사들의 움직임도 잘 알고, 활 솜씨도 뛰어나니 우리의 지도자가 되어 달라고 머리 숙이며 부탁했습니다.",
        "textWordEA": 18
      }
    },
    {
      "srcTextID": "45550",
      "srcText": "“그런데 자네는 왜 나를 만나려 했지?” 리틀 존이 물로 뛰어들며 말했습니다. “못된 귀족에게 농토를 모두 빼앗겨 도적이 되려고 왔다네. 나도 셔우드 숲 형제로 받아 주게.” “좋고말고. 자네처럼 든든한 형제가 생겨서 기쁘네.”",
      "srcPage": 31,
      "srcSentenceEA": 5,
      "srcWordEA": 34,
      "character": "리틀 존,농토,귀족,도적",
      "setting": "셔우드 숲",
      "action": "뛰어들며 말했습니다,빼앗겨",
      "feeling": "못된,기쁘네",
      "causalRelationship": null,
      "outcomeResolution": null,
      "prediction": null,
      "plotSummaryInfoCount": 1,
      "plotSummaryInfo": {
        "classification": "의사소통",
        "readAge": "초등_저학년",
        "form": "long-form",
        "plotSummaryText": "못된 귀족에게 농토를 모두 빼앗긴 리틀 존이 물로 뛰어들며, 셔우드 숲의 형제가 되고 싶어 왔다고 말했습니다.",
        "textWordEA": 16
      }
    },
    {
      "srcTextID": "45560",
      "srcText": "“만약 참가하지 않으면?” “만약 로빈 후드가 참가하면 잡으면 되고, 참가하지 않는다면 우승자를 뽑아 로빈 후드를 잡도록 하면 되지 않겠습니까? 분명 로빈 후드만큼 활 솜씨가 뛰어날 테니 말입니다.” “그거 아주 멋진 계획이로군. 당장 활쏘기 대회를 열도록 하시오.”",
      "srcPage": 35,
      "srcSentenceEA": 5,
      "srcWordEA": 38,
      "character": "로빈 후드",
      "setting": "활쏘기 대회",
      "action": "잡으면 되고,잡도록 하면 되지",
      "feeling": "아주 멋진",
      "causalRelationship": null,
      "outcomeResolution": null,
      "prediction": "당장 활쏘기 대회를 열도록 하시오.",
      "plotSummaryInfoCount": 1,
      "plotSummaryInfo": {
        "classification": "의사소통",
        "readAge": "초등_저학년",
        "form": "long-form",
        "plotSummaryText": "활쏘기 대회를 열어 로빈 후드가 참가하면 잡기로 하고, 참가하지 않는다면 우승자로 하여금 로빈 후드를 잡도록 계획하기로 했습니다.",
        "textWordEA": 17
      }
    },
    {
      "srcTextID": "45574",
      "srcText": "이어 두 번째 사내 차례가 되었습니다. 두 번째 사내는 애꾸눈이었지만 놀라운 솜씨로 경쟁자들을 물리치고 결승까지 올라왔습니다. 애꾸눈 사내는 과녁을 겨냥한 뒤 활을 쏘았습니다.",
      "srcPage": 40,
      "srcSentenceEA": 3,
      "srcWordEA": 25,
      "character": "사내,과녁,활",
      "setting": "결승",
      "action": "올라왔습니다,쏘았습니다,물리치고",
      "feeling": null,
      "causalRelationship": null,
      "outcomeResolution": null,
      "prediction": "애꾸눈 사내는 과녁을 겨냥한 뒤 활을 쏘았습니다.",
      "plotSummaryInfoCount": 1,
      "plotSummaryInfo": {
        "classification": "의사소통",
        "readAge": "초등_저학년",
        "form": "short-form",
        "plotSummaryText": "애꾸눈이었지만 놀라운 솜씨로 결승까지 올라온 사내의 차례가 되어 활을 쏘았습니다.",
        "textWordEA": 10
      }
    },
    {
      "srcTextID": "45573",
      "srcText": "다음 순간 정말 놀라운 일이 일어났습니다. 애꾸눈 사내가 쏜 화살이 과녁 한가운데 꽂혀 있던 화살을 반으로 가르며 그 자리에 꽂힌 것입니다. “저럴 수가!” “정말 로빈 후드도 울고 갈 솜씨로군.”",
      "srcPage": 41,
      "srcSentenceEA": 4,
      "srcWordEA": 30,
      "character": "애꾸눈 사내,화살,로빈 후드",
      "setting": "과녁",
      "action": "일어났습니다,화살을 반으로 가르며,꽂힌 것입니다",
      "feeling": "놀라운",
      "causalRelationship": null,
      "outcomeResolution": null,
      "prediction": "정말 로빈 후드도 울고 갈 솜씨로군",
      "plotSummaryInfoCount": 1,
      "plotSummaryInfo": {
        "classification": "의사소통",
        "readAge": "초등_저학년",
        "form": "long-form",
        "plotSummaryText": "놀랍게도 애꾸눈 사내가 쏜 화살이 과녁 한가운데 꽂혀 있던 화살의 반을 가르며 꽂히자 로빈 후드도 울고 갈 솜씨라고 했습니다.",
        "textWordEA": 19
      }
    },
    {
      "srcTextID": "45578",
      "srcText": "존 왕자가 애꾸눈 사내에게 우승 상품인 은 화살을 주며 말했습니다. “정말 놀라운 솜씨구나. 네 이름이 무엇이고, 어떤 일을 하느냐?” “체스터 셔먼이라고 합니다. 사냥꾼입죠.”",
      "srcPage": 42,
      "srcSentenceEA": 5,
      "srcWordEA": 25,
      "character": "존 왕자,애꾸눈 사내,은 화살,체스터 셔먼,사냥꾼",
      "setting": null,
      "action": "말했습니다",
      "feeling": "놀라운",
      "causalRelationship": null,
      "outcomeResolution": null,
      "prediction": null,
      "plotSummaryInfoCount": 1,
      "plotSummaryInfo": {
        "classification": "의사소통",
        "readAge": "초등_저학년",
        "form": "long-form",
        "plotSummaryText": "활 솜씨에 놀란 존 왕자가 은 화살을 주며 이름과 어떤 일을 하느냐고 묻자 사냥꾼인 체스터 셔먼이라고 답했습니다.",
        "textWordEA": 17
      }
    },
    {
      "srcTextID": "45577",
      "srcText": "“내 밑에서 일할 생각은 없는가? 흉악한 도적 로빈 후드 일당을 잡는 일이다.” “로빈 후드를 말입니까? 좋습니다. 그 녀석에게 사냥한 짐승을 빼앗긴 적이 있거든요.” 셔먼이라는 사내는 주먹을 불끈 쥐며 말했습니다. 아마도 로빈 후드에게 깊은 원한이 있는 듯했습니다.",
      "srcPage": 43,
      "srcSentenceEA": 7,
      "srcWordEA": 41,
      "character": "도적,로빈 후드,짐승,셔먼",
      "setting": null,
      "action": "빼앗긴,불끈 쥐며 말했습니다",
      "feeling": "좋습니다",
      "causalRelationship": null,
      "outcomeResolution": null,
      "prediction": "아마도 로빈 후드에게 깊은 원한이 있는 듯했습니다.",
      "plotSummaryInfoCount": 1,
      "plotSummaryInfo": {
        "classification": "의사소통",
        "readAge": "초등_저학년",
        "form": "long-form",
        "plotSummaryText": "셔먼이라는 사내는 로빈 후드에게 사냥한 짐승을 빼앗긴 원한이 있는지 내 밑에서 일할 생각이 없냐고 하자 주먹을 불끈 쥐었습니다.",
        "textWordEA": 18
      }
    },
    {
      "srcTextID": "45579",
      "srcText": "“앗, 전하! 화살에 편지가 묶여 있습니다.” 가이 경이 달려가 화살에 묶인 편지를 가져왔습니다. 존 왕자 오늘 나를 우승자로 뽑아 주어 고맙소. 상품으로 받은 은 화살은 녹여서 가난한 이들에게 나눠 줄 것이오. 그리고 앞으로 나를 잡겠다는 생각일랑 다시는 하지 않는 것이 좋을 것이오. 셔우드 숲의 로빈 후드 “그, 그렇다면 셔먼이라는 녀석이 로빈 후드였단 말인가?” 존 왕자는 편지를 움켜쥔 손을 부르르 떨며 말했습니다.",
      "srcPage": 46,
      "srcSentenceEA": 9,
      "srcWordEA": 68,
      "character": "화살,편지,가이 경,존 왕자,은 화살,로빈 후드,셔먼",
      "setting": "셔우드 숲",
      "action": "묶여 있습니다,가져왔습니다,떨며 말했습니다",
      "feeling": "고맙소",
      "causalRelationship": null,
      "outcomeResolution": null,
      "prediction": "존 왕자는 편지를 움켜쥔 손을 부르르 떨며 말했습니다.",
      "plotSummaryInfoCount": 1,
      "plotSummaryInfo": {
        "classification": "의사소통",
        "readAge": "초등_저학년",
        "form": "long-form",
        "plotSummaryText": "가이 경이 가져온 화살에 묶인 편지에는 우승자로 뽑아 주어 고맙고, 자신을 잡겠다는 생각은 하지 않는 것이 좋을 거라는 로빈 후드의 이야기가 적혀 있었습니다.",
        "textWordEA": 23
      }
    },
    {
      "srcTextID": "45589",
      "srcText": "로빈 후드는 떠돌이 무사를 데리고 깊은 숲 속에 있는 본거지로 왔습니다. “수상해 보이는걸? 대체 누군가?” 리틀 존이 물었습니다. “떠돌이 무사야. 시험 삼아 겨뤄 보았는데 무척 뛰어난 솜씨더군. 마치 자네와 처음 만났을 때 같았어. 염탐꾼은 아닌 것 같아 술이나 한잔 하려고 데려왔네.”",
      "srcPage": 52,
      "srcSentenceEA": 8,
      "srcWordEA": 46,
      "character": "로빈 후드,떠돌이 무사,리틀 존,염탐꾼",
      "setting": "깊은 숲 속,처음 만났을 때",
      "action": "데리고,왔습니다,물었습니다,겨뤄 보았는데",
      "feeling": "수상해,무척 뛰어난",
      "causalRelationship": null,
      "outcomeResolution": null,
      "prediction": null,
      "plotSummaryInfoCount": 1,
      "plotSummaryInfo": {
        "classification": "의사소통",
        "readAge": "초등_저학년",
        "form": "long-form",
        "plotSummaryText": "로빈 후드가 리틀 존을 만나 겨뤄 보았을 때처럼 뛰어난 솜씨를 가진 떠돌이 무사를 술이나 한잔하자며 깊은 숲속에 있는 본거지로 데려갔습니다.",
        "textWordEA": 20
      }
    },
    {
      "srcTextID": "45594",
      "srcText": "“공격하라! 형과 나라를 배신한 존 왕자를 무찌르자!” 로빈 후드를 비롯한 셔우드 숲 형제들과 리처드 대왕에게 충성하는 지방의 귀족들이 존 왕자의 궁을 공격하기 시작했습니다. 리처드 대왕이 돌아왔다는 소식을 듣고 이미 많은 신하와 병사들이 도망쳤지만, 악에 바친 존 왕자는 끝까지 저항했습니다.",
      "srcPage": 60,
      "srcSentenceEA": 3,
      "srcWordEA": 42,
      "character": "존 왕자,로빈 후,리처드 대왕,궁",
      "setting": "셔우드 숲",
      "action": "공격하기 시작했습니다,도망쳤지만,저항했습니다",
      "feeling": "악에 바친",
      "causalRelationship": null,
      "outcomeResolution": null,
      "prediction": "악에 바친 존 왕자는 끝까지 저항했습니다.",
      "plotSummaryInfoCount": 1,
      "plotSummaryInfo": {
        "classification": "의사소통",
        "readAge": "초등_저학년",
        "form": "short-form",
        "plotSummaryText": "로빈 후드와 셔우드 숲 형제와 리처드 대왕에게 충성하는 지방 귀족들이 존 왕자의 궁을 공격했습니다.",
        "textWordEA": 14
      }
    },
    {
      "srcTextID": "45546",
      "srcText": "로빈 후드보다 머리 하나만큼은 큰 체격이었고 단단해 보이는 목봉을 들고 있었습니다. “이봐, 비켜. 내가 먼저 건너야 하니까.” 로빈 후드는 사내가 보통이 아님을 알고 일부러 시비를 걸었습니다.",
      "srcPage": 24,
      "srcSentenceEA": 4,
      "srcWordEA": 28,
      "character": "로빈 후드,목봉,머리",
      "setting": null,
      "action": "들고,시비를 걸었습니다",
      "feeling": "단단해",
      "causalRelationship": null,
      "outcomeResolution": null,
      "prediction": "로빈 후드는 사내가 보통이 아님을 알고 일부러 시비를 걸었습니다.",
      "plotSummaryInfoCount": 1,
      "plotSummaryInfo": {
        "classification": "의사소통",
        "readAge": "초등_저학년",
        "form": "long-form",
        "plotSummaryText": "로빈 후드는 머리 하나만큼 큰 체격을 하고, 단단해 보이는 목봉을 든 사내가 보통이 아님을 알게 되었습니다.",
        "textWordEA": 16
      }
    },
    {
      "srcTextID": "45544",
      "srcText": "“자, 그러면 한번 시작해 볼까?” 로빈 후드의 입에서 말이 떨어지기가 무섭게 사내의 목봉이 날아왔습니다. 엄청나게 빠르고 힘찬 공격이었습니다.",
      "srcPage": 26,
      "srcSentenceEA": 3,
      "srcWordEA": 20,
      "character": "로빈 후드,입,목봉",
      "setting": null,
      "action": "날아왔습니다,빠르고 힘찬 공격",
      "feeling": "무섭게",
      "causalRelationship": null,
      "outcomeResolution": null,
      "prediction": "엄청나게 빠르고 힘찬 공격이었습니다.",
      "plotSummaryInfoCount": 1,
      "plotSummaryInfo": {
        "classification": "의사소통",
        "readAge": "초등_저학년",
        "form": "short-form",
        "plotSummaryText": "로빈 후드가 시작하자는 말이 떨어지기 무섭게, 사내의 목봉이 빠르고 힘차게 날아왔습니다.",
        "textWordEA": 11
      }
    },
    {
      "srcTextID": "45551",
      "srcText": "“하하하! 꼭 물에 빠진 생쥐 같구나.” 사내가 물에 빠진 로빈 후드를 보고 크게 웃으며 말했습니다. “실수로 떨어진 거야. 어쨌거나 솜씨가 대단한데. 놀랐어. 자네는 누군가?” “나는 리틀 존이라고 해. 로빈 후드를 만나러 가는 길이지.”",
      "srcPage": 28,
      "srcSentenceEA": 8,
      "srcWordEA": 39,
      "character": "생쥐,로빈 후드,리틀 존",
      "setting": "물에",
      "action": "빠진,말했습니다,만나러",
      "feeling": "크게 웃으며,대단한데,놀랐어",
      "causalRelationship": null,
      "outcomeResolution": null,
      "prediction": "나는 리틀 존이라고 해. 로빈 후드를 만나러 가는 길이지",
      "plotSummaryInfoCount": 1,
      "plotSummaryInfo": {
        "classification": "의사소통",
        "readAge": "초등_저학년",
        "form": "long-form",
        "plotSummaryText": "물에 빠진 생쥐 같은 로빈 후드가 웃으며 누구냐고 묻자, 솜씨가 대단한 사내가 자신은 리틀 존이라고 말했습니다.",
        "textWordEA": 16
      }
    },
    {
      "srcTextID": "45549",
      "srcText": "‘리틀’이라는 말은 아주 작다는 뜻인데, 체격이 남보다 배는 커다란 사내가 리틀이라고 하니 정말 우스운 일이었습니다. 로빈 후드는 한참 배를 잡고 웃다가, 간신히 웃음을 멈추고 말했습니다. “그렇다면 잘 왔군. 내가 바로 로빈 후드라네.” “정말인가? 내가 듣기로 로빈 후드는 활을 잘 쏜다던데.”",
      "srcPage": 29,
      "srcSentenceEA": 5,
      "srcWordEA": 44,
      "character": "사내,로빈 후드,배,활",
      "setting": null,
      "action": "배를 잡고 웃다가,웃음을 멈추고",
      "feeling": "우스운",
      "causalRelationship": null,
      "outcomeResolution": null,
      "prediction": "내가 듣기로 로빈 후드는 활을 잘 쏜다던데.",
      "plotSummaryInfoCount": 1,
      "plotSummaryInfo": {
        "classification": "의사소통",
        "readAge": "초등_저학년",
        "form": "long-form",
        "plotSummaryText": "커다란 사내가 리틀이라는 말에 우스워 배를 잡고 웃던 로빈 후드가 자신이 바로 로빈 후드라고 말했습니다.",
        "textWordEA": 15
      }
    },
    {
      "srcTextID": "45552",
      "srcText": "로빈 후드는 활을 꺼내며 말했습니다. “저쪽에 보이는 나무 두 번째 가지에 달린 잎 세 개를 맞혀 보겠네.” 바람같이 날아간 화살이 보기 좋게 나뭇잎 세 개를 꿰뚫자 리틀 존은 놀라 소리쳤습니다. “틀림없는 로빈 후드로군!”",
      "srcPage": 30,
      "srcSentenceEA": 4,
      "srcWordEA": 34,
      "character": "로빈 후드,활,리틀 존",
      "setting": "나무",
      "action": "꺼내며 말했습니다,소리쳤습니다",
      "feeling": "놀라,바람같이",
      "causalRelationship": null,
      "outcomeResolution": null,
      "prediction": "틀림없는 로빈 후드로군!",
      "plotSummaryInfoCount": 1,
      "plotSummaryInfo": {
        "classification": "의사소통",
        "readAge": "초등_저학년",
        "form": "long-form",
        "plotSummaryText": "로빈 후드가 저쪽의 나무 두 번째 가지에 달린 잎 세 개를 맞히겠다고 말하며 쏜 화살이 보기 좋게  나뭇잎 세 개를 꿰뚫자 사내가 놀랐습니다.",
        "textWordEA": 24
      }
    },
    {
      "srcTextID": "45562",
      "srcText": "셔우드 숲에는 리틀 존과 같은 뛰어난 인물들이 하나 둘 모여들었 습니다. 대부분 귀족들에게 억울한 일을 당한 사람들이었습니다. 로빈 후드 형제들의 힘이 강해지자 골치가 아파진 것은 존 왕자와 못된 관리들이었습니다.",
      "srcPage": 32,
      "srcSentenceEA": 3,
      "srcWordEA": 31,
      "character": "리틀 존,귀족,사람들,로빈 후드,존 왕자",
      "setting": "셔우드 숲",
      "action": "모여들었 습니다",
      "feeling": "억울한,힘이 강해지자,못된",
      "causalRelationship": null,
      "outcomeResolution": null,
      "prediction": null,
      "plotSummaryInfoCount": 1,
      "plotSummaryInfo": {
        "classification": "의사소통",
        "readAge": "초등_저학년",
        "form": "short-form",
        "plotSummaryText": "귀족에게 억울한 일을 당한 뛰어난 인물들이 모여들어 로빈 후드 형제들의 힘이 강해졌습니다.",
        "textWordEA": 12
      }
    },
    {
      "srcTextID": "45575",
      "srcText": "활쏘기 대회가 열리고 우승자에게는 은으로 만든 화살을 준다는 소식이 퍼지자, 전국에서 활을 잘 쏜 다는 사람은 모두 모여들었습니다. 많은 사람이 서로 실력을 겨룬 끝에 마지막 두 명이 승부를 가리게 되었습니다. 하지만 로빈 후드는 보이지 않았습니다.",
      "srcPage": 36,
      "srcSentenceEA": 3,
      "srcWordEA": 37,
      "character": "은,화살,로빈 후드",
      "setting": "전국,활쏘기 대회",
      "action": "대회가 열리고,은으로 만든,모여들었습니다,보이지 않았습니다",
      "feeling": null,
      "causalRelationship": null,
      "outcomeResolution": null,
      "prediction": "하지만 로빈 후드는 보이지 않았습니다.",
      "plotSummaryInfoCount": 1,
      "plotSummaryInfo": {
        "classification": "의사소통",
        "readAge": "초등_저학년",
        "form": "short-form",
        "plotSummaryText": "활쏘기 대회 우승자에게 은으로 만든 화살을 준다고 하자 전국에서 활을 잘 쏜다는 사람이 모여 실력을 겨루어 마지막 두 명이 남았지만, 로빈 후드는 없었습니다.",
        "textWordEA": 23
      }
    },
    {
      "srcTextID": "45571",
      "srcText": "“쥐새끼 같은 녀석!” “하지만 결승에 오른 두 사람 실력이 아주 뛰어납니다. 로빈 후드에게 조금도 뒤지지 않을 겁니다. 우승자에게 은 화살 외에 따로 작은 벼슬을 주어 로빈 후드를 잡는 임무를 내리시면 되지 않겠습니까?” “그렇게 해야겠지. 어서 시작하게.”",
      "srcPage": 38,
      "srcSentenceEA": 6,
      "srcWordEA": 39,
      "character": "로빈 후드,은 화살",
      "setting": "결승",
      "action": "결승에 오른",
      "feeling": null,
      "causalRelationship": null,
      "outcomeResolution": null,
      "prediction": null,
      "plotSummaryInfoCount": 1,
      "plotSummaryInfo": {
        "classification": "의사소통",
        "readAge": "초등_저학년",
        "form": "long-form",
        "plotSummaryText": "결승에 오른 두 사람 중 우승자에게 은 화살 외에 작은 벼슬을 주어 로빈 후드를 잡으라는 임무를 내리기로 하였습니다.",
        "textWordEA": 18
      }
    },
    {
      "srcTextID": "45572",
      "srcText": "가이 경은 존 왕자에게 고개 숙여 절을 하고 물러나 큰 소리로 외쳤습니다. “자, 결승이다. 누구든 이긴 사람에게는 상품과 함께 많은 혜택이 돌아갈 것이니 최선을 다하라.” 첫 번째 사내가 활을 쏘았고, 화살은 과녁 한가운데에 꽂혔습니다. “와아! 명중이다.”",
      "srcPage": 39,
      "srcSentenceEA": 5,
      "srcWordEA": 39,
      "character": "가이 경,존 왕자,사람,상품,사내,활,과녁",
      "setting": null,
      "action": "외쳤습니다,쏘았고,꽂혔습니다,고개 숙여 절을 하고",
      "feeling": null,
      "causalRelationship": null,
      "outcomeResolution": null,
      "prediction": null,
      "plotSummaryInfoCount": 1,
      "plotSummaryInfo": {
        "classification": "의사소통",
        "readAge": "초등_저학년",
        "form": "long-form",
        "plotSummaryText": "가이 경이 결승이라며 큰 소리로 이긴 사람에게 상품과 함께 많은 혜택이 있을 것이라고 외치자, 첫 번째 사내의 화살이 명중을 하였습니다.",
        "textWordEA": 20
      }
    },
    {
      "srcTextID": "45576",
      "srcText": "“그런가? 잘되었구나.” “그러면 잠시 고향에 다녀오겠습니다. 우승 소식을 알리고 준비를 갖춰서 오겠습니다.” 존 왕자는 껄껄 웃으며 고개를 끄덕였습니다. 가이 경 역시 기쁜 표정을 지은 것은 물론이지요.",
      "srcPage": 44,
      "srcSentenceEA": 5,
      "srcWordEA": 30,
      "character": "존 왕자,가이 경",
      "setting": "고향",
      "action": "다녀오겠습니다,고개를 끄덕였습니다",
      "feeling": "껄껄 웃으며,기쁜 표정",
      "causalRelationship": null,
      "outcomeResolution": null,
      "prediction": null,
      "plotSummaryInfoCount": 1,
      "plotSummaryInfo": {
        "classification": "의사소통",
        "readAge": "초등_저학년",
        "form": "long-form",
        "plotSummaryText": "우승 소식을 알리고 준비 갖춰 오겠다는 말에 존 왕자는 고개를 끄덕였고, 가이 경은 기쁜 표정을 지었습니다.",
        "textWordEA": 16
      }
    },
    {
      "srcTextID": "45596",
      "srcText": "셔우드 숲 형제들은 앞장서서 궁의 문을 부수고 들어갔습니다. 리틀 존이 가장 눈부시게 활약했습니다. 리틀 존이 휘두르는 단단한 목봉에 맞은 존 왕자의 병사들은 비명을 지르며 쓰러졌습니다. 결국 존 왕자는 도망을 가고 가이 경은 로빈 후드가 쏜 화살에 맞아 숨을 거두었습니다. 리처드 대왕은 왕위를 되찾고 이제 영국에도 다시 평화가 찾아왔습니다.",
      "srcPage": 62,
      "srcSentenceEA": 5,
      "srcWordEA": 52,
      "character": "리틀 존,목봉,로빈 후드,화살",
      "setting": "셔우드 숲,궁",
      "action": "앞장서서,부수고,들어갔습니다,휘두르는,쓰러졌습니다,숨을 거두었습니다",
      "feeling": "눈부시게",
      "causalRelationship": "리처드 대왕은 왕위를 되찾고 이제 영국에도 다시 평화가 찾아왔습니다.",
      "outcomeResolution": null,
      "prediction": null,
      "plotSummaryInfoCount": 1,
      "plotSummaryInfo": {
        "classification": "의사소통",
        "readAge": "초등_저학년",
        "form": "long-form",
        "plotSummaryText": "셔우드 숲 형제들 중 목봉을 휘두르는 리틀 존의 눈부신 활약 덕분에 존 왕자는 도망을 가고, 가이 경은 숨을 거두어 영국에는 다시 평화가 찾아왔습니다.",
        "textWordEA": 23
      }
    },
    {
      "srcTextID": "45600",
      "srcText": "로빈 후드는 몸을 일으키려 했지만 피를 너무 많이 흘렸기 때문에 기운을 차릴 수가 없었습니다. 그때 셔우드 숲 형제들을 부를 때 사용하던 뿔 나팔이 눈에 띄었습니다. 뿌우! 길게 울려 퍼지는 뿔 나팔 소리를 들은 리틀 존은 로빈 후드 가 위험에 빠졌음을 알고 급히 달려왔습니다. 수도원장은 놀라 달아났지만 리틀 존의 화살을 맞고 쓰러졌습니다.",
      "srcPage": 67,
      "srcSentenceEA": 5,
      "srcWordEA": 55,
      "character": "로빈 후드,몸,피,뿔 나팔,리틀 존,수도원장,화살",
      "setting": "셔우드 숲",
      "action": "달려왔습니다,맞고 쓰러졌습니다,달아났지만,몸을 일으키려 했지만",
      "feeling": "위험에,놀라",
      "causalRelationship": "수도원장은 놀라 달아났지만 리틀 존의 화살을 맞고 쓰러졌습니다.",
      "outcomeResolution": null,
      "prediction": null,
      "plotSummaryInfoCount": 1,
      "plotSummaryInfo": {
        "classification": "의사소통",
        "readAge": "초등_저학년",
        "form": "long-form",
        "plotSummaryText": "피를 너무 많이 흘려 기운을 차릴 수 없었던 로빈 후드가 부는 뿔 나팔 소리에 놀라 달려온 리틀 존의 화살을 맞고 수도원장이 쓰러졌습니다.",
        "textWordEA": 22
      }
    },
    {
      "srcTextID": "45609",
      "srcText": "리틀 존은 모든 방을 다 뒤진 끝에 로빈 후드를 발견했습니다. 그러나 때는 이미 늦었습니다. 로빈 후드가 피를 너무 많이 흘린 뒤였습니다.",
      "srcPage": 68,
      "srcSentenceEA": 3,
      "srcWordEA": 23,
      "character": "리틀 존,로빈 후드,피",
      "setting": "모든 방",
      "action": "발견했습니다,흘린",
      "feeling": null,
      "causalRelationship": null,
      "outcomeResolution": "그러나 때는 이미 늦었습니다. 로빈 후드가 피를 너무 많이 흘린 뒤였습니다.",
      "prediction": "로빈 후드가 피를 너무 많이 흘린 뒤였습니다.",
      "plotSummaryInfoCount": 1,
      "plotSummaryInfo": {
        "classification": "의사소통",
        "readAge": "초등_저학년",
        "form": "short-form",
        "plotSummaryText": "리틀 존이 모든 방을 뒤진 끝에 로빈 후드를 발견했을 때는, 그가 이미 피를 너무 많이 흘려 때가 늦었습니다.",
        "textWordEA": 18
      }
    },
    {
      "srcTextID": "45620",
      "srcText": "얼마 후 셔우드 숲 한가운데에 무덤이 하나 생겼습니다. 아무도 돌보는 이 없는 쓸쓸한 무덤이었지만, 비석에는 이런 글이 쓰여 있었습니다. 헌팅턴의 백작 로버트, 이곳에 잠들다.",
      "srcPage": 70,
      "srcSentenceEA": 3,
      "srcWordEA": 26,
      "character": "무덤,비석,로버트",
      "setting": "얼마 후,셔우드 숲,헌팅턴",
      "action": "생겼습니다,잠들다",
      "feeling": "쓸쓸한",
      "causalRelationship": null,
      "outcomeResolution": null,
      "prediction": null,
      "plotSummaryInfoCount": 1,
      "plotSummaryInfo": {
        "classification": "의사소통",
        "readAge": "초등_저학년",
        "form": "short-form",
        "plotSummaryText": "헌팅턴의 백작이었던 로버트의 무덤은 아무도 돌보지 않는 쓸쓸한 무덤이었지만, 셔우드 숲 한가운데에 있었습니다.",
        "textWordEA": 13
      }
    },
    {
      "srcTextID": "45625",
      "srcText": "재주가 많은 아동 문학가. 하워드 파일은 미국의 델라웨어 주에서 태어났습니다. 어려서부터 그림에 재능을 보인 파일은 뉴욕 시의 아트 스튜던츠 리그에서 미술 공부를 했습니다. 특히 순수 미술보다는 잡지와 책에 실리는 삽화를 그리는 데 뛰어난 재능을 보였습니다.",
      "srcPage": 72,
      "srcSentenceEA": 4,
      "srcWordEA": 38,
      "character": "아동 문학가,하워드 파일,그림,잡지,책,삽화",
      "setting": "미국의 델라웨어 주,뉴욕 시",
      "action": "태어났습니다,공부를 했습니다",
      "feeling": "뛰어난",
      "causalRelationship": null,
      "outcomeResolution": "하워드 파일은 미국의 델라웨어 주에서 태어났습니다.",
      "prediction": null,
      "plotSummaryInfoCount": 1,
      "plotSummaryInfo": {
        "classification": "의사소통",
        "readAge": "초등_저학년",
        "form": "long-form",
        "plotSummaryText": "미국의 델라웨어 주에서 태어나 뉴욕시에서 미술 공부를 한 아동 문학가 하워드 파일은 잡지와 책에 실리는 삽화를 그리는 데 뛰어난 재능이 있었습니다.",
        "textWordEA": 21
      }
    },
    {
      "srcTextID": "45627",
      "srcText": "파일은 미술뿐만 아니라 글 솜씨도 대단했습니다. 처음에는 다른 작가들이 쓴 동화나 소설에 삽화를 그려 주는 일을 하다가 직접 이야기를 짓고 삽화까지 그리는 재주 많은 작가로 이름을 떨치기 시작했습니다. 특히 파일은 예로부터 전해 내려오는 민간 설화나 전설을 기초로 새로운 동화를 지어내는 것에 탁월한 능력을 보였습니다. 대표적인 작품이 바로 로빈 후드의 즐거운 모험, 은 손의 오토, 잭 밸리스터의 행운 등입니다. 파일은 글을 쓸 때는 물론 삽화를 그릴 때도 역사책을 뒤져 정확한 자료를 근거로 하여 생생한 작품을 쓴 작가입니다.",
      "srcPage": 73,
      "srcSentenceEA": 5,
      "srcWordEA": 80,
      "character": "동화,소설,삽화,역사책,작가",
      "setting": "글을 쓸 때,삽화를 그릴 때",
      "action": "그려 주는,이야기를 짓고,작품을 쓴",
      "feeling": "대단했습니다,재주 많은,탁월한,생생한",
      "causalRelationship": null,
      "outcomeResolution": null,
      "prediction": null,
      "plotSummaryInfoCount": 1,
      "plotSummaryInfo": {
        "classification": "의사소통",
        "readAge": "초등_저학년",
        "form": "long-form",
        "plotSummaryText": "미술뿐만 아니라 글 솜씨도 대단했던 파일은 예로부터 내려오는 민간 설화나 전설을 기초로 동화를 지어내었는데, 직접 이야기를 짓고 정확한 자료를 근거로 삽화까지 그리는 재주 많은 작가였습니다.",
        "textWordEA": 25
      }
    },
    {
      "srcTextID": "45624",
      "srcText": "로빈 후드에 대한 전설이 인기를 얻을 무렵, 유럽 특히 영국은 매우 혼란스러웠습니다. 당시 십자군 전쟁이 한창이었기 때문이었습니다. 기독교를 믿는 십자군은 이슬람 군을 무찌르기 위해 전쟁에 나갔지만 패하거나 포로가 되는 경우가 많았습니다. 전쟁이 길어지면서 식량도 부족해지고 부자와 권력자들은 힘없는 백성을 괴롭히기도 했습니다.",
      "srcPage": 75,
      "srcSentenceEA": 4,
      "srcWordEA": 44,
      "character": "로빈 후드,전쟁,식량,부자,권력자,기독교",
      "setting": "유럽,영국,십자군 전쟁",
      "action": "기독교를 믿는,전쟁에 나갔지만,괴롭히기도 했습니다",
      "feeling": "혼란스러웠습니다,힘없는,부족해지고,괴롭히기도",
      "causalRelationship": null,
      "outcomeResolution": null,
      "prediction": null,
      "plotSummaryInfoCount": 1,
      "plotSummaryInfo": {
        "classification": "의사소통",
        "readAge": "초등_저학년",
        "form": "long-form",
        "plotSummaryText": "당시 이슬람 군을 무찌르기 위한 십자군 전쟁이 한창이던 영국은 전쟁이 길어지면서 부자와 권력자들이 백성을 괴롭히기도 했습니다.",
        "textWordEA": 16
      }
    },
    {
      "srcTextID": "45580",
      "srcText": "로빈후드를 상대할 만한 실력을 갖춘 셔먼을 부하로 두게 되어 기분이 좋아진 존 왕자와 가이 경은 축하 파티를 열었습니다. “건배!” 존 왕자가 술잔을 들며 외치는 순간이었습니다. 피융! 어디선가 화살이 날아와 존 왕자가 들고 있던 술잔을 맞혔습니다. 술잔은 멀리 날아갔고, 깜짝 놀란 존 왕자가 소리쳤습니다. “누구냐?”",
      "srcPage": 45,
      "srcSentenceEA": 5,
      "srcWordEA": 48,
      "character": "로빈후드,셔먼,존 왕자,가이 경,술잔",
      "setting": "축하 파티",
      "action": "열었습니다,맞혔습니다,술잔을 들며 외치는 순간,날아와",
      "feeling": "기분이 좋아진,깜짝 놀란",
      "causalRelationship": null,
      "outcomeResolution": null,
      "prediction": "깜짝 놀란 존 왕자가 소리쳤습니다. “누구냐?",
      "plotSummaryInfoCount": 1,
      "plotSummaryInfo": {
        "classification": "의사소통",
        "readAge": "초등_저학년",
        "form": "long-form",
        "plotSummaryText": "로빈 후드를 상대할 만한 실력의 셔먼을 부하로 두게 된 것을 축하하기 위한 파티에서 존 왕자가 건배라며 들었던 술잔을 어디선가 날아온 화살이 맞혀 술잔이 날아갔습니다.",
        "textWordEA": 24
      }
    },
    {
      "srcTextID": "45585",
      "srcText": "며칠 뒤 혼자 순찰을 나선 로빈 후드는 숲에서 한 떠돌이 무사를 만났습니다. 어쩌면 존 왕자가 보낸 정탐꾼일지도 모른다는 생각에 로빈 후드는 정체를 밝히지 않은 채 떠돌이 무사에게 시비를 걸었습니다. “이보게, 이 숲을 지나려면 통행세를 내야 한다네.” “통행세를 내야 한다는 소리는 처음 듣는걸? 대체 누구에게 내야 한단 말인가?” 떠돌이 무사는 전혀 놀라지 않고 여유 있는 표정으로 말했습니다.",
      "srcPage": 47,
      "srcSentenceEA": 6,
      "srcWordEA": 59,
      "character": "로빈 후드,무사,존 왕자,정탐꾼,통행세",
      "setting": "며칠 뒤,숲",
      "action": "만났습니다,시비를 걸었습니다,말했습니다.",
      "feeling": "여유 있는,놀라지 않고",
      "causalRelationship": null,
      "outcomeResolution": "자 순찰을 나선 로빈 후드는 숲에서 한 떠돌이 무사를 만났습니다.",
      "prediction": null,
      "plotSummaryInfoCount": 1,
      "plotSummaryInfo": {
        "classification": "의사소통",
        "readAge": "초등_저학년",
        "form": "long-form",
        "plotSummaryText": "로빈 후드가 순찰 중 만난 떠돌이 무사가 존 왕자의 정탐꾼일지도 모른다고 생각하여 통행세를 내야 한다며 시비를 걸자 떠돌이 무사가 여유 있는 표정으로 누구에게 내야 하는 거냐고 말했습니다.",
        "textWordEA": 27
      }
    },
    {
      "srcTextID": "45582",
      "srcText": "“셔우드 숲의 주인인 로빈 후드에게 내야 한다네.” “셔우드 숲은 국왕의 소유라고 알고 있는데 이상하군.” 떠돌이 무사는 빈정거리는 투로 말했지만, 이상하게도 로빈 후드는 화가 나지 않았습니다.",
      "srcPage": 48,
      "srcSentenceEA": 3,
      "srcWordEA": 26,
      "character": "국왕,로빈 후드",
      "setting": "셔우드 숲",
      "action": "말했지만,화가 나지 않았습니다",
      "feeling": "이상하군,빈정거리는,이상하게도",
      "causalRelationship": null,
      "outcomeResolution": null,
      "prediction": null,
      "plotSummaryInfoCount": 1,
      "plotSummaryInfo": {
        "classification": "의사소통",
        "readAge": "초등_저학년",
        "form": "short-form",
        "plotSummaryText": "셔우드 숲의 주인은 국왕의 소유라고 떠돌이 무사가 빈정거리며 말했습니다.",
        "textWordEA": 9
      }
    },
    {
      "srcTextID": "45581",
      "srcText": "“배짱 한번 두둑하군. 어디 말솜씨만큼 칼도 잘 다루는지 겨뤄 볼까?” “무사는 싸움을 걸지 않지만 걸어 온 싸움을 피하지는 않는 법이지.”",
      "srcPage": 49,
      "srcSentenceEA": 3,
      "srcWordEA": 21,
      "character": "칼,무사",
      "setting": null,
      "action": "걸어 온 싸움,겨뤄 볼까",
      "feeling": "두둑하군",
      "causalRelationship": null,
      "outcomeResolution": null,
      "prediction": null,
      "plotSummaryInfoCount": 1,
      "plotSummaryInfo": {
        "classification": "의사소통",
        "readAge": "초등_저학년",
        "form": "short-form",
        "plotSummaryText": "무사는 말 솜씨만큼 칼도 잘 다루는지 겨뤄 보자는 말에 배짱이 두둑하게 싸움을 피하지 않겠다고 했습니다.",
        "textWordEA": 15
      }
    },
    {
      "srcTextID": "45584",
      "srcText": "로빈 후드는 무사를 시험해 볼 생각이었기에 있는 힘을 다하지 않았지만, 떠돌이 무사 역시 실력을 다 드러낸 것 같지 않았습니다. 로빈 후드는 칼을 거두며 말했습니다. “훌륭한 실력이로군.” “자네도 대단하군그래.” “좋았어. 나와 함께 가서 술이나 한잔 하세.”",
      "srcPage": 51,
      "srcSentenceEA": 5,
      "srcWordEA": 37,
      "character": "로빈 후드,무사,칼,술",
      "setting": null,
      "action": "칼을 거두며 말했습니다.,한잔 하세",
      "feeling": "대단하군,훌륭한,좋았어",
      "causalRelationship": null,
      "outcomeResolution": null,
      "prediction": null,
      "plotSummaryInfoCount": 1,
      "plotSummaryInfo": {
        "classification": "의사소통",
        "readAge": "초등_저학년",
        "form": "long-form",
        "plotSummaryText": "떠돌이 무사의 실력을 시험해 보려던 로빈 후드가 훌륭한 실력이라며 칼을 거두고 술이나 한잔하자고 했습니다.",
        "textWordEA": 14
      }
    },
    {
      "srcTextID": "45588",
      "srcText": "그때 술을 더 가지러 갔던 리틀 존이 사람들을 몇 명 데리고 나타났습니다. “로빈! 자네를 보자는 사람들이 있기에 같이 왔네.” 고개를 돌려 그 사람들을 본 로빈 후드는 깜짝 놀라 소리쳤습니다. “마리안! 여길 어떻게?”",
      "srcPage": 54,
      "srcSentenceEA": 4,
      "srcWordEA": 35,
      "character": "리틀 존,로빈,마리안",
      "setting": null,
      "action": "데리고 나타났습니다,소리쳤습니다",
      "feeling": "깜짝 놀라",
      "causalRelationship": null,
      "outcomeResolution": null,
      "prediction": "고개를 돌려 그 사람들을 본 로빈 후드는 깜짝 놀라 소리쳤습니다.",
      "plotSummaryInfoCount": 1,
      "plotSummaryInfo": {
        "classification": "의사소통",
        "readAge": "초등_저학년",
        "form": "long-form",
        "plotSummaryText": "리틀 존이 로빈 후드를 보자는 사람들이 있다며 데려온 사람들 중에 마리안이 있자, 로빈 후드가 깜짝 놀랐습니다.",
        "textWordEA": 16
      }
    },
    {
      "srcTextID": "45587",
      "srcText": "그들은 다름 아닌 로빈 후드의 영원한 사랑 마리안과 마리안의 아버지 피츠월터 경이었습니다. “과연 로버트 자네였군. 소문에 로빈 후드가 자네와 많이 닮았다고 해서 마리안과 함께 왔네만 정말 이렇게 만나리라고는 생각하지 못했네.” 로빈 후드와 마리안은 몹시 감격해서 서로 바라만 볼 뿐 아무 말도 하지 못하고 있었습니다. 이렇게 갑자기 만나게 되리라고는 꿈에도 생각하지 못했으니까요.",
      "srcPage": 55,
      "srcSentenceEA": 5,
      "srcWordEA": 54,
      "character": "로빈 후드,마리안,피츠월터 경,로버트",
      "setting": null,
      "action": "생각하지 못했네,아무 말도 하지 못하고",
      "feeling": "감격해서,갑자기",
      "causalRelationship": "로빈 후드와 마리안은 몹시 감격해서 서로 바라만 볼 뿐 아무 말도 하지 못하고 있었습니다. 이렇게 갑자기 만나게 되리라고는 꿈에도 생각하지 못했으니까요.",
      "outcomeResolution": null,
      "prediction": null,
      "plotSummaryInfoCount": 1,
      "plotSummaryInfo": {
        "classification": "의사소통",
        "readAge": "초등_저학년",
        "form": "long-form",
        "plotSummaryText": "로빈 후드가 로버트와 많이 닮았다는 이야기를 듣고 아버지 피츠월터 경과 함께 찾아온 마리안과 로빈 후드는 감격해서 아무 말도 하지 못했습니다.",
        "textWordEA": 20
      }
    },
    {
      "srcTextID": "45591",
      "srcText": "“앗! 저분은. 리처드 대왕 폐하!” 갑자기 피츠월터 경이 떠돌이 무사에게 가서 한쪽 무릎을 꿇으며 공손히 절을 하는 것이었습니다. “저 떠돌이 무사가 사자왕 리처드 1세란 말인가?” 로빈 후드와 셔우드 숲 형제들은 크게 놀라는 한편 매우 기뻐했습니다. 존경하는 리처드 대왕을 직접 만났으니까요.",
      "srcPage": 56,
      "srcSentenceEA": 6,
      "srcWordEA": 45,
      "character": "리처드 대왕,피츠월터 경,무릎,리처드 1세,로빈 후드",
      "setting": "셔우드 숲",
      "action": "꿇으며,절을 하는,만났으니까요.",
      "feeling": "크게 놀라는,매우 기뻐했습니다,존경하는",
      "causalRelationship": "로빈 후드와 셔우드 숲 형제들은 크게 놀라는 한편 매우 기뻐했습니다. 존경하는 리처드 대왕을 직접 만났으니까요.",
      "outcomeResolution": null,
      "prediction": null,
      "plotSummaryInfoCount": 1,
      "plotSummaryInfo": {
        "classification": "의사소통",
        "readAge": "초등_저학년",
        "form": "long-form",
        "plotSummaryText": "떠돌이 무사를 본 피츠월터 경이 리처드 대왕 폐하라고 외치며 절하자 로빈 후드와 셔우드 숲 형제들은 매우 기뻤습니다.",
        "textWordEA": 17
      }
    },
    {
      "srcTextID": "45593",
      "srcText": "십자군 전쟁에서 돌아온 리처드 대왕은 동생 존 왕자가 왕위를 노리고 있다는 말을 듣고 사실인가 확인하기 위해 정체를 숨긴 채 셔우드 숲을 지나다가 우연히 로빈 후드와 마주쳤던 것이었습니다. “셔우드 숲 형제들이 폐하를 뵈옵나이다.” 로빈 후드와 형제들은 모두 무릎을 꿇고 인사를 드렸습니다.",
      "srcPage": 57,
      "srcSentenceEA": 3,
      "srcWordEA": 41,
      "character": "리처드 대왕,존 왕자,로빈 후드",
      "setting": "십자군 전쟁,셔우드 숲",
      "action": "돌아온,무릎을 꿇고,인사를 드렸습니다.",
      "feeling": null,
      "causalRelationship": null,
      "outcomeResolution": null,
      "prediction": null,
      "plotSummaryInfoCount": 1,
      "plotSummaryInfo": {
        "classification": "의사소통",
        "readAge": "초등_저학년",
        "form": "short-form",
        "plotSummaryText": "동생 존 왕자가 왕위를 노리고 있다는 말이 사실인지 확인하기 위해 셔우드 숲을 들렀다가 로빈 후드와 우연히 마주친 리처드 대왕에게 모두 인사를 드렸습니다.",
        "textWordEA": 22
      }
    },
    {
      "srcTextID": "45590",
      "srcText": "“리처드 대왕 폐하! 저와 셔우드 숲 형제들이 폐하를 돕겠습니다.” “로빈 후드는 본래 헌팅턴의 귀족이었습니다. 제 딸의 약혼자이기도 하지요.” 피츠월터 경이 말했습니다. “오, 그런가? 이렇게 든든한 친구들이 도와준다니 정말 고맙군.”",
      "srcPage": 59,
      "srcSentenceEA": 7,
      "srcWordEA": 33,
      "character": "리처드 대왕,귀족,약혼자,딸,피츠월터 경",
      "setting": "셔우드 숲,헌팅턴",
      "action": "돕겠습니다,말했습니다",
      "feeling": "든든한,정말 고맙군",
      "causalRelationship": null,
      "outcomeResolution": null,
      "prediction": null,
      "plotSummaryInfoCount": 1,
      "plotSummaryInfo": {
        "classification": "의사소통",
        "readAge": "초등_저학년",
        "form": "long-form",
        "plotSummaryText": "헌팅턴의 귀족이며 피츠월터 경의 딸이 약혼자인 로빈 후드와 숲 형제들이 리처드 대왕을 돕겠다고 말하니 든든하고, 고맙다고 했습니다.",
        "textWordEA": 17
      }
    },
    {
      "srcTextID": "45595",
      "srcText": "“셔우드 숲의 도적인 로빈 후드와 한패라면 모두가 도적이다. 도적에게 나라를 내줄 수는 없다.” 존 왕자와 가이 경은 이렇게 외쳤지만, 이미 사기가 떨어진 병사들은 자꾸 밀리기만 했습니다.",
      "srcPage": 61,
      "srcSentenceEA": 3,
      "srcWordEA": 28,
      "character": "로빈 후드,도적,존 왕자,가이 경,병사",
      "setting": "셔우드 숲,나라",
      "action": "밀리기만 했습니다,외쳤지만",
      "feeling": null,
      "causalRelationship": null,
      "outcomeResolution": null,
      "prediction": null,
      "plotSummaryInfoCount": 1,
      "plotSummaryInfo": {
        "classification": "의사소통",
        "readAge": "초등_저학년",
        "form": "short-form",
        "plotSummaryText": "셔우드 숲 도적인 로빈 후드와 한 패면 모두 도적이라고 존 왕자와 가이 경이 외쳤습니다.",
        "textWordEA": 14
      }
    },
    {
      "srcTextID": "45597",
      "srcText": "“신랑은 신부를 맞아 기쁠 때나 슬플 때나 영원히 함께하겠는가?” “네.” “신부는 신랑을 맞아 기쁠 때나 슬플 때나 영원히 함께하겠는가?” “네.” “두 사람이 부부가 되었음을 알린다.” 막 결혼식을 마치고 행복하게 웃는 부부, 로빈 후드와 마리안이었습니다. 로빈 후드와 마리안은 리처드 대왕의 주례로 결혼식을 올렸고, 리처드 대왕이 왕위를 되찾는 데 큰 공을 세운 로빈 후드는 귀족의 지위를 되찾았습니다.",
      "srcPage": 63,
      "srcSentenceEA": 5,
      "srcWordEA": 57,
      "character": "신랑,신부,로빈 후드,마리안,리처드 대왕",
      "setting": "결혼식",
      "action": "결혼식을 마치고,결혼식을 올렸고,되찾았습니다",
      "feeling": "기쁠 때나 슬플 때나,행복하게",
      "causalRelationship": null,
      "outcomeResolution": "로빈 후드와 마리안은 리처드 대왕의 주례로 결혼식을 올렸고,리처드 대왕이 왕위를 되찾는 데 큰 공을 세운 로빈 후드는 귀족의 지위를 되찾았습니다.",
      "prediction": null,
      "plotSummaryInfoCount": 1,
      "plotSummaryInfo": {
        "classification": "의사소통",
        "readAge": "초등_저학년",
        "form": "long-form",
        "plotSummaryText": "기쁠 때나 슬플 때나 영원히 함께 하기로 맹세하며 마리안과 결혼식을 올린 로빈 후드는 귀족의 지위를 되찾았습니다.",
        "textWordEA": 16
      }
    },
    {
      "srcTextID": "45598",
      "srcText": "오랜 세월이 흘렀습니다. 많은 셔우드 숲 형제들과 로빈 후드의 부인 마리안도 세상을 떠났습니다. 나이가 들어 몸이 많이 약해진 로빈 후드는 치료를 받기 위해 수도원을 찾았습니다. “병이 깊군요. 피를 뽑아야겠습니다.” 수도원장은 로빈 후드를 침대에 눕히고 양쪽 팔의 혈관에서 피를 뽑기 시작했습니다. 침대에 누운 로빈 후드는 얼마 지나지 않아 깊이 잠들고 말았습니다.",
      "srcPage": 64,
      "srcSentenceEA": 7,
      "srcWordEA": 55,
      "character": "로빈 후드,마리안,피,수도원장,침대",
      "setting": "오랜 세월,셔우드 숲,수도원",
      "action": "떠났습니다,찾았습니다,눕히고,깊이 잠들고",
      "feeling": "약해진",
      "causalRelationship": null,
      "outcomeResolution": null,
      "prediction": "침대에 누운 로빈 후드는 얼마 지나지 않아 깊이 잠들고 말았습니다.",
      "plotSummaryInfoCount": 1,
      "plotSummaryInfo": {
        "classification": "의사소통",
        "readAge": "초등_저학년",
        "form": "long-form",
        "plotSummaryText": "오랜 세월이 흘러 몸이 많이 약해져 치료를 위해 수도원에 방문한 로빈 후드의 양쪽 팔 혈관에서 수도원장이 피를 뽑기 시작하자 로빈 후드는 깊이 잠들었습니다.",
        "textWordEA": 23
      }
    },
    {
      "srcTextID": "45601",
      "srcText": "얼마나 시간이 지났을까요? 추위를 느낀 로빈 후드는 눈을 떴습니다. 그리고 몸을 일으키려 했지만 기운이 하나도 없었습니다.",
      "srcPage": 65,
      "srcSentenceEA": 3,
      "srcWordEA": 18,
      "character": "눈,몸",
      "setting": null,
      "action": "눈을 떴습니다",
      "feeling": "기운이 하나도 없었습니다,추위를 느낀",
      "causalRelationship": null,
      "outcomeResolution": null,
      "prediction": "얼마나 시간이 지났을까요? 추위를 느낀 로빈 후드는 눈을 떴습니다.",
      "plotSummaryInfoCount": 1,
      "plotSummaryInfo": {
        "classification": "의사소통",
        "readAge": "초등_저학년",
        "form": "short-form",
        "plotSummaryText": "추위를 느낀 로빈 후드가 눈을 뜨고 일어서려고 했지만 기운이 없었습니다.",
        "textWordEA": 10
      }
    },
    {
      "srcTextID": "45610",
      "srcText": "생명이 얼마 남지 않은 것을 안 로빈 후드가 거칠게 숨을 몰아쉬며 말했습니다. “리틀 존! 내게 활을 주게. 내가 쏜 화살이 떨어지는 곳에 나를 묻어 주게.” 그리고 로빈 후드는 마지막 힘을 다해 활을 쏘았습니다. 화살은 셔우드 숲을 향해 날아갔습니다.",
      "srcPage": 69,
      "srcSentenceEA": 6,
      "srcWordEA": 42,
      "character": "로빈 후드,리틀 존,활,화살",
      "setting": "셔우드 숲",
      "action": "말했습니다,쏘았습니다,날아갔습니다.",
      "feeling": "몰아쉬며",
      "causalRelationship": null,
      "outcomeResolution": null,
      "prediction": "화살은 셔우드 숲을 향해 날아갔습니다.",
      "plotSummaryInfoCount": 1,
      "plotSummaryInfo": {
        "classification": "의사소통",
        "readAge": "초등_저학년",
        "form": "long-form",
        "plotSummaryText": "거칠게 숨을 몰아쉬며 내가 쏜 화살이 떨어지는 곳에 묻어 달라고 말하던 로빈 후드가 쏜 화살은 셔우드 숲으로 날아갔습니다.",
        "textWordEA": 18
      }
    },
    {
      "srcTextID": "45619",
      "srcText": "세상에서 가장 뛰어난 궁수. 사람들은 그를 로빈 후드라고 불렀다. 이제 다시는 그와 셔우드 숲 형제들을 만날 수 없을 것이다.",
      "srcPage": 71,
      "srcSentenceEA": 3,
      "srcWordEA": 21,
      "character": "궁수,로빈 후드",
      "setting": "세상,셔우드 숲",
      "action": "불렀다",
      "feeling": "가장 뛰어난",
      "causalRelationship": null,
      "outcomeResolution": null,
      "prediction": null,
      "plotSummaryInfoCount": 1,
      "plotSummaryInfo": {
        "classification": "의사소통",
        "readAge": "초등_저학년",
        "form": "short-form",
        "plotSummaryText": "세상에서 가장 뛰어난 궁수이자 로빈 후드로 불렸던 이와 셔우드 숲 형제들은 더 이상 만날 수 없을 것입니다.",
        "textWordEA": 17
      }
    },
    {
      "srcTextID": "45623",
      "srcText": "그러자 백성은 어려운 현실에서 벗어나게 해 줄 영웅을 기다리게 되었고, 그러면서‘로빈 후드’라는 전설이 생겨난 것입니다. 진정으로 강한 사람은 약자에게 관대하고 강자에게 더 강합니다. 늘 당당하고 정직한 영웅 로빈 후드를 보며 우리는 진정한 영웅이 무엇인지 알 수 있습니다.",
      "srcPage": 76,
      "srcSentenceEA": 4,
      "srcWordEA": 40,
      "character": "백성,로빈 후드",
      "setting": "현실",
      "action": "기다리게 되었고",
      "feeling": "당당하고 정직한,진정한,관대하고",
      "causalRelationship": null,
      "outcomeResolution": null,
      "prediction": null,
      "plotSummaryInfoCount": 1,
      "plotSummaryInfo": {
        "classification": "의사소통",
        "readAge": "초등_저학년",
        "form": "long-form",
        "plotSummaryText": "어려운 현실을 벗어나게 위해 백성들이 기다린, 약자에게 관대한 로빈 후드라는 영웅을 보며 진정한 영웅이 무엇인지 알 수 있습니다.",
        "textWordEA": 18
      }
    },
    {
      "srcTextID": "45416",
      "srcText": "헌팅턴의 귀족 로버트 피츠 백작이 사랑하는 마리안과 결혼식을 올리는 날이었습니다. 결혼식이 진행되고 있는 교회에 갑자기 병사들이 들이닥쳤습니다. 그중 우두머리로 보이는 병사가 말했습니다.",
      "srcPage": 1,
      "srcSentenceEA": 3,
      "srcWordEA": 24,
      "character": "헌팅턴,로버트 피츠 백작,마리안,병사",
      "setting": "교회,결혼식",
      "action": "들이닥쳤습니다,말했습니다",
      "feeling": "사랑하는",
      "causalRelationship": null,
      "outcomeResolution": null,
      "prediction": null,
      "plotSummaryInfoCount": 1,
      "plotSummaryInfo": {
        "classification": "의사소통",
        "readAge": "초등_저학년",
        "form": "short-form",
        "plotSummaryText": "헌팅턴의 귀족 로버트 피츠 백작과 사랑하는 마리안의 결혼식이 진행되고 있던 교회에 갑자기 들이닥친 병사들 중 우두머리가 말했습니다.",
        "textWordEA": 17
      }
    },
    {
      "srcTextID": "45415",
      "srcText": "“나는 기스본의 가이 경이다. 국왕의 이름으로 명하노니, 당장 이 결혼식을 멈춰라!” “도대체 무슨 이유요?” 로버트 백작이 묻자 가이 경이 말했습니다. “네가 나라를 어지럽히는 셔우드 숲의 도적들과 한패라는 증거가 있다. 당장 궁으로 가서 조사를 받아야 한다.”",
      "srcPage": 2,
      "srcSentenceEA": 6,
      "srcWordEA": 38,
      "character": "가이 경,국왕,결혼식,로버트 백작,도적",
      "setting": "셔우드 숲",
      "action": "멈춰라,묻자,말했습니다",
      "feeling": "어지럽히는",
      "causalRelationship": null,
      "outcomeResolution": null,
      "prediction": "당장 궁으로 가서 조사를 받아야 한다.",
      "plotSummaryInfoCount": 1,
      "plotSummaryInfo": {
        "classification": "의사소통",
        "readAge": "초등_저학년",
        "form": "long-form",
        "plotSummaryText": "가이 경은 로버트 백작이 셔우드 숲의 도적과 한패라는 증거가 있기에 조사를 받아야 한다며 당장 국왕의 이름으로 결혼식을 멈춰야 한다고 했습니다.",
        "textWordEA": 20
      }
    },
    {
      "srcTextID": "45423",
      "srcText": "“저, 저놈을 잡아라!” 가이 경이 일어서며 소리쳤지만, 이미 로버트 백작은 교회 이 층으로 뛰어올라간 뒤였습니다. 병사들이 우르르 따라갔습니다. 그러나 로버트 백작은 창밖으로 뛰어내려 매어 있던 말을 타고 달아났습니다.",
      "srcPage": 5,
      "srcSentenceEA": 4,
      "srcWordEA": 31,
      "character": "가이 경,로버트 백작,병사,창,말",
      "setting": "교회",
      "action": "일어서며 소리쳤지만,따라갔습니다,뛰어내려,달아났습니다",
      "feeling": null,
      "causalRelationship": null,
      "outcomeResolution": null,
      "prediction": "로버트 백작은 창밖으로 뛰어내려 매어 있던 말을 타고 달아났습니다.",
      "plotSummaryInfoCount": 1,
      "plotSummaryInfo": {
        "classification": "의사소통",
        "readAge": "초등_저학년",
        "form": "long-form",
        "plotSummaryText": "저놈 잡으라는 가이 경의 외침을 뒤로하고, 로버트 백작은 교회 이 층으로 뛰어올라간 뒤, 창밖으로 뛰어내려 달아났습니다.",
        "textWordEA": 16
      }
    },
    {
      "srcTextID": "45459",
      "srcText": "가이 경과 병사들이 뒤를 따라오지 않는 것을 확인한 로버트 백작은 말을 멈추고 주위를 둘러보았습니다. 우거진 수풀 사이로 사슴들이 뛰노는 것이 보였습니다. 어느새 왕실의 소유인 셔우드 숲으로 들어온 것이었습니다.",
      "srcPage": 6,
      "srcSentenceEA": 3,
      "srcWordEA": 30,
      "character": "가이 경,병사,로버트 백작,사슴",
      "setting": "왕실,셔우드 숲",
      "action": "멈추고,둘러보았습니다,뛰노는 것",
      "feeling": null,
      "causalRelationship": null,
      "outcomeResolution": null,
      "prediction": null,
      "plotSummaryInfoCount": 1,
      "plotSummaryInfo": {
        "classification": "의사소통",
        "readAge": "초등_저학년",
        "form": "short-form",
        "plotSummaryText": "가이 경과 병사들이 보이지 않을 때까지 달리던 로버트 백작은 사슴들이 뛰노는 왕실 소유의 셔우드 숲에 도착했습니다.",
        "textWordEA": 16
      }
    },
    {
      "srcTextID": "45458",
      "srcText": "‘아까 가이 경이 말하기를, 내가 셔우드 숲 도적들과 한패라고 했겠다. 대체 왜 그랬을까?’ 로버트 백작은 나무 밑에 앉아 생각에 잠겼습니다.",
      "srcPage": 7,
      "srcSentenceEA": 3,
      "srcWordEA": 22,
      "character": "가이 경,도적,나무,로버트 백작",
      "setting": "셔우드 숲",
      "action": "생각에 잠겼습니다",
      "feeling": null,
      "causalRelationship": null,
      "outcomeResolution": null,
      "prediction": null,
      "plotSummaryInfoCount": 1,
      "plotSummaryInfo": {
        "classification": "의사소통",
        "readAge": "초등_저학년",
        "form": "short-form",
        "plotSummaryText": "로버트 백작은 가이 경이 왜 자신을 셔우드 숲 도적들과 한 패라고 했을지 생각에 잠겼습니다.",
        "textWordEA": 14
      }
    },
    {
      "srcTextID": "45536",
      "srcText": "로버트 백작의 활 솜씨에 감탄하던 사내들은 머리를 맞대고 뭔가를 얘기하더니 로버트 백작 주위로 모여들었습니다. 지금은 도적이 되어 지나가는 나그네의 주머니를 털지만, 우리는 농민이었소. 그래서 싸울 줄을 모른다오.",
      "srcPage": 17,
      "srcSentenceEA": 3,
      "srcWordEA": 29,
      "character": "로버트 백작,활,도적,농민",
      "setting": "백작 주위",
      "action": "모여들었습니다,머리를 맞대고",
      "feeling": "감탄하던",
      "causalRelationship": null,
      "outcomeResolution": null,
      "prediction": null,
      "plotSummaryInfoCount": 1,
      "plotSummaryInfo": {
        "classification": "의사소통",
        "readAge": "초등_저학년",
        "form": "short-form",
        "plotSummaryText": "활 솜씨에 감탄한 사내들이 자신들은 원래 농민이었기 때문에 싸울 줄을 모른다고 말하며 로버트 백작 주위로 모여들었습니다.",
        "textWordEA": 16
      }
    },
    {
      "srcTextID": "45547",
      "srcText": "사내도 결코 만만찮았습니다. “무슨 소릴! 내가 먼저 건너야 해.” “정 그렇다면 승부를 가리는 수밖에 없지.” “내 무기는 목봉이니까 자네도 가서 하나 마련해 오지, 그래?” 사내의 말에 로빈 후드는 숲으로 가서 나뭇가지를 꺾어 목봉을 만들어 왔습니다.",
      "srcPage": 25,
      "srcSentenceEA": 6,
      "srcWordEA": 37,
      "character": "사내,무기,목봉,로빈 후드,나뭇가지",
      "setting": "숲",
      "action": "만들어 왔습니다,건너야 해",
      "feeling": "만만찮았습니다",
      "causalRelationship": null,
      "outcomeResolution": null,
      "prediction": null,
      "plotSummaryInfoCount": 1,
      "plotSummaryInfo": {
        "classification": "의사소통",
        "readAge": "초등_저학년",
        "form": "long-form",
        "plotSummaryText": "사내와 승부를 가리기로 한 로빈 후드는 목봉을 하나 만들어 오기 위해 숲으로 가서 나뭇가지를 꺾었습니다.",
        "textWordEA": 15
      }
    },
    {
      "srcTextID": "45563",
      "srcText": "특히 예전에 크게 혼난 적이 있는 가이 경은 잠을 못 이룰 정도였습니다. 가이 경은 존 왕자를 찾아갔습니다. “전하! 로빈 후드를 잡을 수 있는 좋은 계획이 있습니다.”",
      "srcPage": 33,
      "srcSentenceEA": 3,
      "srcWordEA": 28,
      "character": "가이 경,존 왕자,로빈 후드",
      "setting": null,
      "action": "찾아갔습니다",
      "feeling": "좋은",
      "causalRelationship": null,
      "outcomeResolution": null,
      "prediction": "로빈 후드를 잡을 수 있는 좋은 계획이 있습니다.",
      "plotSummaryInfoCount": 1,
      "plotSummaryInfo": {
        "classification": "의사소통",
        "readAge": "초등_저학년",
        "form": "short-form",
        "plotSummaryText": "크게 혼난 적이 있어 잠을 못 이루던 가이 경이 좋은 계획이 있다며 존 왕자를 찾아갔습니다.",
        "textWordEA": 15
      }
    },
    {
      "srcTextID": "45561",
      "srcText": "“어떤 계획이오?” “활쏘기 대회를 여는 겁니다.” “활쏘기 대회를 열어서 어쩌겠다는 건가?” “로빈 후드는 활을 잘 쏘니 반드시 대회에 참가할 것입니다.”",
      "srcPage": 34,
      "srcSentenceEA": 4,
      "srcWordEA": 20,
      "character": "로빈 후드",
      "setting": "활쏘기 대회",
      "action": "활을 잘 쏘니",
      "feeling": null,
      "causalRelationship": null,
      "outcomeResolution": "활쏘기 대회를 여는 겁니다.",
      "prediction": null,
      "plotSummaryInfoCount": 1,
      "plotSummaryInfo": {
        "classification": "의사소통",
        "readAge": "초등_저학년",
        "form": "long-form",
        "plotSummaryText": "활을 잘 쏘는 로빈 후드가 활 쏘기 대회에 참가할 것이라며 대회를 열자고 했습니다.",
        "textWordEA": 13
      }
    },
    {
      "srcTextID": "45570",
      "srcText": "“로빈 후드는 나타나지 않았나?” 존 왕자가 가이 경에게 물었습니다. “아쉽게도 나타나지 않았습니다. 아마도 겁을 집어먹은 것 같습니다.”",
      "srcPage": 37,
      "srcSentenceEA": 4,
      "srcWordEA": 19,
      "character": "로빈 후드,존 왕자,가이 경",
      "setting": null,
      "action": "물었습니다",
      "feeling": "아쉽게도,겁을 집어먹은",
      "causalRelationship": null,
      "outcomeResolution": null,
      "prediction": null,
      "plotSummaryInfoCount": 1,
      "plotSummaryInfo": {
        "classification": "의사소통",
        "readAge": "초등_저학년",
        "form": "long-form",
        "plotSummaryText": "존 왕자가 로빈 후드가 나타났냐고 묻자 가이 경이 겁을 집어먹어 나타나지 않았다고 답했습니다.",
        "textWordEA": 13
      }
    },
    {
      "srcTextID": "45583",
      "srcText": "로빈 후드가 칼을 빼 들고 공격을 하자 떠돌이 무사도 맞섰습니다. 챙챙! 칼이 부딪치는 소리가 숲 속에 울려 퍼졌고 칼날은 햇빛을 받아 번쩍였습니다. 한참을 겨뤘지만 도무지 승부가 나질 않았습니다.",
      "srcPage": 50,
      "srcSentenceEA": 4,
      "srcWordEA": 31,
      "character": "로빈 후드,칼,떠돌이 무사,칼날",
      "setting": "숲 속",
      "action": "맞섰습니다,칼을 빼 들고",
      "feeling": "번쩍였습니다",
      "causalRelationship": null,
      "outcomeResolution": null,
      "prediction": "한참을 겨뤘지만 도무지 승부가 나질 않았습니다.",
      "plotSummaryInfoCount": 1,
      "plotSummaryInfo": {
        "classification": "의사소통",
        "readAge": "초등_저학년",
        "form": "long-form",
        "plotSummaryText": "숲속에서 칼을 빼 들고 공격하는 로빈 후드에 맞서는 떠돌이 무사의 칼날이 번쩍이며 한참을 겨뤘습니다.",
        "textWordEA": 14
      }
    },
    {
      "srcTextID": "45586",
      "srcText": "곧 로빈 후드와 사람들은 모닥불을 지피고 사슴 고기를 굽기 시작했고, 고기가 익을 무렵 술까지 마련되어 모두가 둥그렇게 둘러앉아 이야기를 나누었습니다. 떠돌이 무사는 십자군 전쟁에 참가했다가 돌아오는 길이라고 했습니다. “십자군 전쟁에 참가했다면 혹시 리처드 대왕의 소식을 들은 적 있나?” 로빈 후드의 물음에 떠돌이 무사는 묘한 웃음을 띠며 답했습니다. “글쎄, 전쟁 중에 사망했다고도 하고, 살아서 영국으로 돌아오는 중이라고도 하던데, 확실한 것은 모른다네.”",
      "srcPage": 53,
      "srcSentenceEA": 5,
      "srcWordEA": 62,
      "character": "로빈 후드,사람들,모닥불,사슴 고기,술,리처드 대왕",
      "setting": "십자군 전쟁,전쟁,영국",
      "action": "지피고,굽기 시작했고,이야기를 나누었습니다,답했습니다,돌아오는 중,둘러앉아",
      "feeling": "묘한",
      "causalRelationship": null,
      "outcomeResolution": null,
      "prediction": null,
      "plotSummaryInfoCount": 1,
      "plotSummaryInfo": {
        "classification": "의사소통",
        "readAge": "초등_저학년",
        "form": "long-form",
        "plotSummaryText": "십자군 전쟁에 참가했다 돌아오는 길이라는 떠돌이 무사의 말에 로빈 후드가 리처드 대왕의 소식을 들은 적이 있냐고 묻자 전쟁 중에 사망했거나 살아서 영국으로 돌아오는 중일 거라고 답했습니다.",
        "textWordEA": 26
      }
    },
    {
      "srcTextID": "45592",
      "srcText": "“이제 리처드 대왕께서 오셨으니 존 왕자도 꼼짝 못 하겠군요.” 로빈 후드의 말에 피츠월터 경이 고개를 가로저으며 말했습니다. “존 왕자도 리처드 대왕 폐하가 영국으로 돌아오셨다는 것을 알고 있는 모양이야. 신하들을 위협해서 하루빨리 왕위를 받으려 한다더군.” “뭐라고요? 그런 말도 안 되는 일이.”리틀 존이 주먹을 불끈 쥐며 소리쳤습니다.",
      "srcPage": 58,
      "srcSentenceEA": 6,
      "srcWordEA": 49,
      "character": "리처드 대왕,존 왕자,로빈 후드,피츠월터 경,신하,리틀 존",
      "setting": "영국",
      "action": "가로저으며 말했습니다,소리쳤습니다",
      "feeling": "위협해서",
      "causalRelationship": null,
      "outcomeResolution": null,
      "prediction": "“이제 리처드 대왕께서 오셨으니 존 왕자도 꼼짝 못 하겠군요.” 로빈 후드의 말에 피츠월터 경이 고개를 가로저으며 말했습니다.",
      "plotSummaryInfoCount": 1,
      "plotSummaryInfo": {
        "classification": "의사소통",
        "readAge": "초등_저학년",
        "form": "long-form",
        "plotSummaryText": "리처드 대왕이 영국으로 돌아오셨다는 것을 알고도 존 왕자가 신하들을 위협해 왕위를 받으려 한다며 고개를 가로젓는 피츠월터 경에게 리틀 존이 말도 안 된다며 소리쳤습니다.",
        "textWordEA": 23
      }
    },
    {
      "srcTextID": "45599",
      "srcText": "그때 수도원장이 모습을 드러냈습니다. “로빈 후드, 가이 경을 기억하는가? 내가 바로 가이 경의 동생이다. 이렇게 제 발로 찾아오다니, 이제야 원수를 갚게 되었구나.”",
      "srcPage": 66,
      "srcSentenceEA": 4,
      "srcWordEA": 24,
      "character": "수도원장,로빈 후드,가이 경,동생",
      "setting": null,
      "action": "드러냈습니다,찾아오다니",
      "feeling": null,
      "causalRelationship": null,
      "outcomeResolution": null,
      "prediction": "이제야 원수를 갚게 되었구나.",
      "plotSummaryInfoCount": 1,
      "plotSummaryInfo": {
        "classification": "의사소통",
        "readAge": "초등_저학년",
        "form": "long-form",
        "plotSummaryText": "자신이 가이 경의 동생이라고 정체를 드러낸 수도 원장이 이제야 원수를 갚게 되었다고 말했습니다.",
        "textWordEA": 13
      }
    },
    {
      "srcTextID": "45626",
      "srcText": "진정한 영웅을 그리며. 로빈 후드는 영국의 전설이나 민간 설화에 자주 등장하는 영웅입니다. 뛰어난 활 솜씨와 용기를 지닌 영웅 로빈 후드는 셔우드 숲을 근거지로 포악한 관리와 욕심 많은 귀족들을 혼내 주고 재산을 빼앗아 가난한 사람들에게 나누어 주는 의적입니다. 마치 우리나라의 홍길동과 같은 인물이지요.",
      "srcPage": 74,
      "srcSentenceEA": 4,
      "srcWordEA": 45,
      "character": "로빈 후드,활,귀족,가난한 사람,의적,홍길동",
      "setting": "영국,셔우드 숲,우리나라",
      "action": "그리며,혼내 주고,빼앗아,나누어 주는",
      "feeling": "뛰어난,용기를 지닌,포악한",
      "causalRelationship": null,
      "outcomeResolution": null,
      "prediction": "마치 우리나라의 홍길동과 같은 인물이지요.",
      "plotSummaryInfoCount": 1,
      "plotSummaryInfo": {
        "classification": "의사소통",
        "readAge": "초등_저학년",
        "form": "long-form",
        "plotSummaryText": "우리나라의 홍길동처럼 로빈 후드 또한 영국의 전설이나 설화에 자주 등장하며 활 솜씨와 용기로 포악한 관리들을 혼내 주고, 가난한 사람들에게 빼앗은 재산을 나눠줍니다.",
        "textWordEA": 22
      }
    },
    {
      "srcTextID": "45424",
      "srcText": "로버트 백작은 셔우드 숲의 무리를 알지도 못했습니다. 모든 것은 평소 리처드 대왕을 존경하고 따르던 로버트 백작을 몰아내려는 존 왕자의 음모였습니다. 로버트 백작은 사랑스런 신부 마리안을 바라보며 말했습니다. “안타깝게도 결혼식을 할 수 없게 되었구려. 존 왕자의 부하들이 나를 잡아가려 하니 일단 몸을 피해야겠소.” “염려 마세요. 로버트! 언제까지나 당신을 기다리고 있겠어요.”",
      "srcPage": 3,
      "srcSentenceEA": 8,
      "srcWordEA": 54,
      "character": "로버트 백작,리처드 대왕,존 왕자,마리안,결혼식,부하,몸",
      "setting": "셔우드 숲",
      "action": "바라보며 말했습니다,피해야겠소",
      "feeling": "존경하고,사랑스런,안타깝게도",
      "causalRelationship": null,
      "outcomeResolution": null,
      "prediction": "염려 마세요. 로버트! 언제까지나 당신을 기다리고 있겠어요.",
      "plotSummaryInfoCount": 1,
      "plotSummaryInfo": {
        "classification": "의사소통",
        "readAge": "초등_저학년",
        "form": "long-form",
        "plotSummaryText": "셔우드 숲의 무리를 알지 못했던 로버트 백작은 존 왕자의 음모로 안타깝게도 신부 마리안과 결혼식을 할 수 없게 되었고, 몸을 피해야 했습니다.",
        "textWordEA": 21
      }
    },
    {
      "srcTextID": "45460",
      "srcText": "그 당시 영국은 이슬람교를 믿는 아랍 인과 전쟁을 하고 있었습니다. 영국을 다스리던 사자왕 리처드 1세는 직접 십자군을 이끌고 전쟁에 나섰지요. 리처드 대왕의 동생인 존 왕자는 이 틈을 타서 왕위을 차지하려고 했습니다.",
      "srcPage": 8,
      "srcSentenceEA": 3,
      "srcWordEA": 33,
      "character": "아랍 인,사자왕 리처드 1세,십자군,존 왕자",
      "setting": "영국,전쟁",
      "action": "다스리던,이끌고,차지하려고",
      "feeling": null,
      "causalRelationship": null,
      "outcomeResolution": null,
      "prediction": "리처드 대왕의 동생인 존 왕자는 이 틈을 타서 왕위을 차지하려고 했습니다.",
      "plotSummaryInfoCount": 1,
      "plotSummaryInfo": {
        "classification": "의사소통",
        "readAge": "초등_저학년",
        "form": "short-form",
        "plotSummaryText": "리처드 대왕의 동생 존 왕자는 사자왕 리처드 1세가 십자군을 이끌고 이슬람교를 믿는 아랍인과 전쟁 중인 틈을 타 왕위를 차지하려고 했습니다.",
        "textWordEA": 20
      }
    },
    {
      "srcTextID": "45461",
      "srcText": "존 왕자는 충신들을 감옥에 가두고 자신을 따르는 무리에게 벼슬을 주어 궁을 지배하는 한편 돈을 받고 벼슬을 팔기도 했습니다. 욕심 많은 존 왕자의 횡포에 나라 살림은 엉망이 되었고, 백성들은 점점 살기가 힘들어져 도망가거나 도둑이 되었습니다. 특히 셔우드 숲은 왕실의 소유였기에 병사들도 함부로 들어올 수 없고, 무엇보다 사냥할 사슴이 있어서 많은 사람이 그곳으로 피해 들어왔습니다.",
      "srcPage": 9,
      "srcSentenceEA": 3,
      "srcWordEA": 55,
      "character": "존 왕자,충신,돈,백성,도둑,사슴",
      "setting": "감옥,셔우드 숲",
      "action": "가두고,팔기도,도망가거나,피해 들어왔습니다",
      "feeling": "욕심 많은,힘들어져",
      "causalRelationship": "욕심 많은 존 왕자의 횡포에 나라 살림은 엉망이 되었고,백성들은 점점 살기가 힘들어져 도망가거나 도둑이 되었습니다.",
      "outcomeResolution": null,
      "prediction": null,
      "plotSummaryInfoCount": 1,
      "plotSummaryInfo": {
        "classification": "의사소통",
        "readAge": "초등_저학년",
        "form": "short-form",
        "plotSummaryText": "욕심 많은 존 왕자가 충신들을 감옥에 가두고, 돈을 받고 벼슬을 파는 통에 나라 살림은 엉망이 되어 살기 힘들어진 백성들이 왕실의 소유여서 병사들도 함부로 들어오지 못하고, 사냥할 사슴이 있는 셔우드 숲으로 들어갔습니다.",
        "textWordEA": 31
      }
    },
    {
      "srcTextID": "45472",
      "srcText": "“잠깐! 내 말 좀 듣고 나서 싸워도 늦진 않소. 당신들은 수도 많고 나는 이곳 지리도 잘 모르니 도망치기 힘들지 않겠소?” 이 말에 사내들이 칼을 거두자 로버트 백작은 자신이 겪은 이야기를 했습니다.",
      "srcPage": 11,
      "srcSentenceEA": 3,
      "srcWordEA": 34,
      "character": "칼,로버트 백작",
      "setting": null,
      "action": "싸워도,칼을 거두자,이야기를 했습니다",
      "feeling": null,
      "causalRelationship": null,
      "outcomeResolution": null,
      "prediction": "이 말에 사내들이 칼을 거두자 로버트 백작은 자신이 겪은 이야기를 했습니다.",
      "plotSummaryInfoCount": 1,
      "plotSummaryInfo": {
        "classification": "의사소통",
        "readAge": "초등_저학년",
        "form": "short-form",
        "plotSummaryText": "이곳 지리도 몰라 도망치기 힘든 자신이 겪은 이야기를 듣고 싸워도 늦진 않는다며 로버트 백작이 칼을 든 사내들에게 말했습니다.",
        "textWordEA": 18
      }
    },
    {
      "srcTextID": "45473",
      "srcText": "로버트 백작의 말을 들은 사람들은 저마다 존 왕자를 욕했습니다. “정말 못된 녀석이로군. 결혼식까지 방해하다니.” “큰일이야. 어서 리처드 대왕께서 돌아오셔야 예전처럼 편히 살 수 있을 텐데. 전쟁 중에 돌아가셨다는 소문도 있으니 걱정스럽군.”",
      "srcPage": 12,
      "srcSentenceEA": 5,
      "srcWordEA": 34,
      "character": "로버트 백작,사람들,존 왕자,리처드 대왕",
      "setting": "결혼식,전쟁 중",
      "action": "욕했습니다,방해하다니",
      "feeling": "걱정스럽군,못된 녀석",
      "causalRelationship": null,
      "outcomeResolution": "로버트 백작의 말을 들은 사람들은 저마다 존 왕자를 욕했습니다.",
      "prediction": null,
      "plotSummaryInfoCount": 1,
      "plotSummaryInfo": {
        "classification": "의사소통",
        "readAge": "초등_저학년",
        "form": "long-form",
        "plotSummaryText": "로버트 백작의 결혼식을 방해한 존 왕자의 이야기를 들은 사람들은 정말 못됐다고 욕하며 리처드 대왕이 전쟁 중에 돌아가시지는 않았을까 걱정했습니다.",
        "textWordEA": 19
      }
    },
    {
      "srcTextID": "45501",
      "srcText": "“달리 갈 데도 없으니 나도 여러분과 함께 셔우드 숲에서 지냈으면 하오.” 로버트 백작의 말에 사내들은 놀라는 듯하더니, 조금 비웃는 듯한 표정으로 입을 열었습니다. “당신은 무슨 일을 할 수 있소? 귀족 출신이니 농사는 지어 보지 않았을 텐데.” “농사는 짓지 못하지만 활을 좀 쏘지요.” “활을 쏠 줄 안다고? 어디 한번 쏴 보시오.”",
      "srcPage": 14,
      "srcSentenceEA": 7,
      "srcWordEA": 53,
      "character": "로버트 백작,활",
      "setting": "셔우드 숲",
      "action": "열었습니다,쏘지요",
      "feeling": "놀라는 듯하더니,비웃는 듯한",
      "causalRelationship": null,
      "outcomeResolution": null,
      "prediction": null,
      "plotSummaryInfoCount": 1,
      "plotSummaryInfo": {
        "classification": "의사소통",
        "readAge": "초등_저학년",
        "form": "long-form",
        "plotSummaryText": "달리 갈 데가 없어 셔우드 숲에서 지내고 싶어 하는 로버트 백작에게 사내들이 무슨 일을 할 수 있는지 궁금해하자 활을 좀 쏠 줄 안다고 답했습니다.",
        "textWordEA": 24
      }
    }
  ]
}