{
  "title": "장화 신은 고양이",
  "author": "샤를 페로",
  "illustrator": "노성빈",
  "isbn": "9791128210709",
  "publishedYear": 2018,
  "publisher": "아람북스",
  "paragraphInfoCount": 20,
  "paragraphInfo": [
    {
      "srcTextID": "24876",
      "srcText": "나이 많은 주인님이 세상을 떠나자, 방앗간은 큰아들이 가졌고, 당나귀는 작은아들이 가져갔어. 막내아들에게는 나만 남게 되었지. 막내아들은 그렇게 나의 새 주인님이 된 거야.",
      "srcPage": 1,
      "srcSentenceEA": 3,
      "srcWordEA": 24,
      "character": "주인님,방앗간,큰아들,당나귀,작은아들,막내아들",
      "setting": null,
      "action": "떠나자,가졌고,가져갔어,남게 되었지,된 거야",
      "feeling": null,
      "causalRelationship": "막내아들에게는 나만 남게 되었지. 막내아들은 그렇게 나의 새 주인님이 된 거야.",
      "outcomeResolution": null,
      "prediction": null,
      "plotSummaryInfoCount": 1,
      "plotSummaryInfo": {
        "classification": "의사소통",
        "readAge": "초등_저학년",
        "form": "short-form",
        "plotSummaryText": "나이 많은 주인이 세상을 떠난 후 방앗간은 큰아들이 가졌으며 작은아들은 당나귀를 가졌고, 막내아들은 나의 새 주인님이 되었습니다.",
        "textWordEA": 17
      }
    },
    {
      "srcTextID": "24880",
      "srcText": "장화를 신고 숲으로 달려간 나는 순식간에 토끼 몇 마리를 잡은 다음 통통한 녀석들만 골라 자루에 넣었어. 토끼를 주인님에게 갖다주었냐고? 아니, 아니. 임금님에게 갖다주었어.",
      "srcPage": 5,
      "srcSentenceEA": 4,
      "srcWordEA": 26,
      "character": "장화,토끼,자루,주인님,임금님,나",
      "setting": "숲으로",
      "action": "신고,달려간,잡은,골라,넣었어,갖다 주었어",
      "feeling": null,
      "causalRelationship": "장화를 신고 숲으로 달려간 나는 순식간에 토끼 몇 마리를 잡은 다음 통통한 녀석들만 골라 자루에 넣었어.",
      "outcomeResolution": null,
      "prediction": "아니,아니. 임금님에게 갖다 주었어.",
      "plotSummaryInfoCount": 1,
      "plotSummaryInfo": {
        "classification": "의사소통",
        "readAge": "초등_저학년",
        "form": "long-form",
        "plotSummaryText": "장화를 신고 숲으로 달려가 토끼 몇 마리를 잡았고, 주인이 아닌 임금님에게 갖다주었습니다.",
        "textWordEA": 12
      }
    },
    {
      "srcTextID": "24881",
      "srcText": "나는 그 뒤로 몇 달 동안 토끼와 새를 사냥해서 임금님에게 바쳤어. 물론 우리 주인님, 카라바 후작이 보내는 선물이라는 말을 빠뜨리지 않았지. 임금님은 카라바 후작이 누구인지 점점 궁금해했어.",
      "srcPage": 7,
      "srcSentenceEA": 3,
      "srcWordEA": 29,
      "character": "나,토끼,새,임금님,주인님,카라바 후작",
      "setting": "몇 달 동안",
      "action": "사냥해서,바쳤어,보내는,빠뜨리지 않았지",
      "feeling": "누구인지 점점 궁금해했어",
      "causalRelationship": "나는 그 뒤로 몇 달 동안 토끼와 새를 사냥해서 임금님에게 바쳤어.",
      "outcomeResolution": null,
      "prediction": null,
      "plotSummaryInfoCount": 1,
      "plotSummaryInfo": {
        "classification": "의사소통",
        "readAge": "초등_저학년",
        "form": "short-form",
        "plotSummaryText": "몇 달 동안 토끼와 새를 사냥해 임금님에게 바쳤고, 카라바 후작이 보냈다고 말하자 임금님은 그가 누구인지 점점 궁금해했습니다.",
        "textWordEA": 17
      }
    },
    {
      "srcTextID": "24884",
      "srcText": "잠시 뒤, 임금님의 마차가 나타났어. 나는 호들갑스럽게 마차 앞으로 뛰어나가 소리쳤어. “살려 주세요, 살려 주세요! 카라바 후작님이 물에 빠졌어요!” 나를 알아본 임금님은 급하게 마차를 세웠어. 그리고 신하들을 시켜서 주인님을 강에서 꺼내게 했지.",
      "srcPage": 9,
      "srcSentenceEA": 6,
      "srcWordEA": 36,
      "character": "임금님,나,카라바 후작님,신하들,주인님",
      "setting": "잠시 뒤,마차 앞으로,강",
      "action": "나타났어,뛰어나가 소리쳤어,빠졌어요,알아본,세웠어,시켜서,꺼내게 했지",
      "feeling": "호들갑스럽게,급하게",
      "causalRelationship": "나를 알아본 임금님은 급하게 마차를 세웠어. 그리고 신하들을 시켜서 주인님을 강에서 꺼내게 했지.",
      "outcomeResolution": null,
      "prediction": null,
      "plotSummaryInfoCount": 1,
      "plotSummaryInfo": {
        "classification": "의사소통",
        "readAge": "초등_저학년",
        "form": "long-form",
        "plotSummaryText": "임금님의 마차가 나타나자, 그 앞으로 뛰어가 카라바 후작님이 물에 빠졌다며 살려달라 말했고, 나를 알아본 임금님은 신하들을 시켜 주인님을 강에서 꺼내게 했습니다.",
        "textWordEA": 21
      }
    },
    {
      "srcTextID": "24886",
      "srcText": "임금님은 벌거벗은 주인님을 이상하게 쳐다보았어. 그것을 눈치챈 나는 울먹이며 말했어. “세상에, 도둑들이 나타나 옷과 물건을 몽땅 빼앗고는 카라바 후작님을 강에 던져 버렸답니다.”",
      "srcPage": 10,
      "srcSentenceEA": 3,
      "srcWordEA": 23,
      "character": "임금님,주인님,나,도둑들,옷,물건,카라바 후작님",
      "setting": "강",
      "action": "말했어,나타나,빼앗고는,던져 버렸답니다",
      "feeling": "이상하게 쳐다보았어,울먹이며",
      "causalRelationship": null,
      "outcomeResolution": null,
      "prediction": null,
      "plotSummaryInfoCount": 1,
      "plotSummaryInfo": {
        "classification": "의사소통",
        "readAge": "초등_저학년",
        "form": "short-form",
        "plotSummaryText": "임금님은 벌거벗은 주인님을 이상하게 쳐다보았고, 나는 울먹이며 도둑들이 옷과 물건을 빼앗은 후 카라바 후작님을 강에 던졌다 말했습니다.",
        "textWordEA": 17
      }
    },
    {
      "srcTextID": "24885",
      "srcText": "그제야 임금님은 가져온 자신의 옷 중에서 가장 좋은 옷을 주인님에게 입게 했어. 멋진 옷을 입은 주인님의 모습은 눈이 부셨지. 공주님 눈에도 그렇게 보인 게 틀림없었어.",
      "srcPage": 11,
      "srcSentenceEA": 3,
      "srcWordEA": 27,
      "character": "임금님,옷,주인님,공주님",
      "setting": null,
      "action": "가져온,입게 했어,입은",
      "feeling": null,
      "causalRelationship": "그제야 임금님은 가져온 자신의 옷 중에서 가장 좋은 옷을 주인님에게 입게 했어. 멋진 옷을 입은 주인님의 모습은 눈이 부셨지.",
      "outcomeResolution": null,
      "prediction": null,
      "plotSummaryInfoCount": 1,
      "plotSummaryInfo": {
        "classification": "의사소통",
        "readAge": "초등_저학년",
        "form": "short-form",
        "plotSummaryText": "임금님이 가장 좋은 옷을 주인님에게 입게 했고, 멋진 옷을 입은 주인님은 눈이 부셨습니다.",
        "textWordEA": 13
      }
    },
    {
      "srcTextID": "24890",
      "srcText": "사실 거인은 사람을 잡아먹는 못된 괴물이었어. 거인을 만난 나는 미리 생각해 둔 대로 물었어. “거인님, 거인님은 어떤 동물로도 변신할 수 있다면서요? 악어, 코끼리, 사자, 무엇으로도 변신할 수 있다는데 사실인가요?”",
      "srcPage": 14,
      "srcSentenceEA": 4,
      "srcWordEA": 31,
      "character": "거인,사람,못된 괴물,나,동물,악어,코끼리,사자",
      "setting": null,
      "action": "잡아먹는,만난,물었어",
      "feeling": null,
      "causalRelationship": "거인을 만난 나는 미리 생각해 둔 대로 물었어. 거인님,거인님은 어떤 동물로도 변신할 수 있다면서요?",
      "outcomeResolution": null,
      "prediction": null,
      "plotSummaryInfoCount": 1,
      "plotSummaryInfo": {
        "classification": "의사소통",
        "readAge": "초등_저학년",
        "form": "long-form",
        "plotSummaryText": "거인은 사람을 잡아먹는 못된 괴물이었고, 나는 거인을 만나 미리 생각해 둔 대로 어떤 동물로든 변신할 수 있는지 물었습니다.",
        "textWordEA": 18
      }
    },
    {
      "srcTextID": "24877",
      "srcText": "주인님은 걱정이 태산이었어. “후유, 네가 쥐를 잘 잡는 것은 알지만 그런 재주로는 돈을 벌 수 없잖아.” 주인님은 한숨을 푹푹 쉬었어.",
      "srcPage": 2,
      "srcSentenceEA": 3,
      "srcWordEA": 21,
      "character": "주인님,쥐",
      "setting": null,
      "action": "벌 수 없잖아,잡는",
      "feeling": "걱정이 태산이었어",
      "causalRelationship": "후유,네가 쥐를 잘 잡는 것은 알지만 그런 재주로는 돈을 벌 수 없잖아.",
      "outcomeResolution": null,
      "prediction": null,
      "plotSummaryInfoCount": 1,
      "plotSummaryInfo": {
        "classification": "의사소통",
        "readAge": "초등_저학년",
        "form": "short-form",
        "plotSummaryText": "주인님은 쥐를 잡는 재주로는 돈을 벌 수 없다며 걱정이 태산이었습니다.",
        "textWordEA": 10
      }
    },
    {
      "srcTextID": "24878",
      "srcText": "“앞으로 무슨 일을 해서 먹고살아야 하지?” 나는 더 이상 주인님을 보고 있을 수 없었어. “주인님, 아무 걱정 말고 저만 믿으세요.” 눈앞에서 고양이인 내가 말을 하자 주인님은 너무 놀라서 꽈당하고 넘어지고 말았지. “튼튼한 장화와 자루 하나만 구해 주세요.”",
      "srcPage": 3,
      "srcSentenceEA": 5,
      "srcWordEA": 39,
      "character": "주인님,고양이,튼튼한 장화,자루",
      "setting": "눈앞에서",
      "action": "말을 하자,꽈당하고 넘어지고 말았지,구해 주세요",
      "feeling": "아무 걱정 말고 저만 믿으세요,너무 놀라서",
      "causalRelationship": "눈앞에서 고양이인 내가 말을 하자 주인님은 너무 놀라서 꽈당하고 넘어지고 말았지.",
      "outcomeResolution": null,
      "prediction": null,
      "plotSummaryInfoCount": 1,
      "plotSummaryInfo": {
        "classification": "의사소통",
        "readAge": "초등_저학년",
        "form": "long-form",
        "plotSummaryText": "무슨 일을 해서 먹고살지 걱정하는 주인님에게 걱정 말고 튼튼한 장화와 자루 하나를 구해 달라 말하자 주인은 놀라서 넘어졌습니다.",
        "textWordEA": 18
      }
    },
    {
      "srcTextID": "24879",
      "srcText": "다음 날, 주인님은 나에게 멋진 장화 한 켤레와 자루 하나를 주며 말했어. “내가 가진 돈을 탈탈 털어서 산 거야. 네가 특별하다는 것을 아니까 너를 한번 믿어 볼게.”",
      "srcPage": 4,
      "srcSentenceEA": 3,
      "srcWordEA": 28,
      "character": "주인님,나,멋진 장화,자루",
      "setting": "다음 날",
      "action": "주며 말했어,산 거야",
      "feeling": null,
      "causalRelationship": "네가 특별하다는 것을 아니까 너를 한번 믿어 볼게.",
      "outcomeResolution": null,
      "prediction": null,
      "plotSummaryInfoCount": 1,
      "plotSummaryInfo": {
        "classification": "의사소통",
        "readAge": "초등_저학년",
        "form": "short-form",
        "plotSummaryText": "다음날, 주인님은 장화 한 켤레와 자루 하나를 주며 너를 믿어보겠다고 말했습니다.",
        "textWordEA": 11
      }
    },
    {
      "srcTextID": "24882",
      "srcText": "임금님에게 토끼를 바치며 내가 말했어. “카라바 후작님이 드리는 선물입니다.” 카라바 후작님이 누구냐고? 바로 나의 주인님.",
      "srcPage": 6,
      "srcSentenceEA": 4,
      "srcWordEA": 17,
      "character": "임금님,토끼,카라바 후작님,주인님",
      "setting": null,
      "action": "바치며,말했어,드리는",
      "feeling": null,
      "causalRelationship": "카라바 후작님이 누구냐고? 바로 나의 주인님.",
      "outcomeResolution": null,
      "prediction": null,
      "plotSummaryInfoCount": 1,
      "plotSummaryInfo": {
        "classification": "의사소통",
        "readAge": "초등_저학년",
        "form": "long-form",
        "plotSummaryText": "임금님에게 토끼를 바치며 나의 주인 카바라 후작님의 선물이라고 말했습니다.",
        "textWordEA": 9
      }
    },
    {
      "srcTextID": "24883",
      "srcText": "‘이제 주인님과 임금님을 만나게 해야지.’ 임금님이 공주님과 함께 강을 지나간다는 말을 듣고 나는 꾀를 내었어. 주인님에게 강에서 목욕을 하라고 한 거야. 아무것도 모르는 주인님이 목욕을 하는 동안 난 주인님이 벗어 놓은 낡은 옷을 숨기고, 임금님의 마차가 지나가기를 기다렸지.",
      "srcPage": 8,
      "srcSentenceEA": 4,
      "srcWordEA": 41,
      "character": "주인님,임금님,공주님,나,낡은 옷,마차",
      "setting": "강",
      "action": "만나게 해야지,지나간다는,듣고,하라고 한 거야,벗어 놓은,숨기고,지나가기를 기다렸지",
      "feeling": "꾀를 내었어",
      "causalRelationship": "임금님이 공주님과 함께 강을 지나간다는 말을 듣고 나는 꾀를 내었어.",
      "outcomeResolution": null,
      "prediction": null,
      "plotSummaryInfoCount": 1,
      "plotSummaryInfo": {
        "classification": "의사소통",
        "readAge": "초등_저학년",
        "form": "long-form",
        "plotSummaryText": "임금님이 공주님과 강을 지나간다는 말을 듣고 주인님에게 강에서 목욕을 하라 말했고, 주인이 목욕을 하는 동안 벗어 놓은 낡은 옷을 숨긴 후 임금님의 마차를 기다렸습니다.",
        "textWordEA": 24
      }
    },
    {
      "srcTextID": "24887",
      "srcText": "임금님과 주인님이 이야기를 나누는 동안 나는 서둘러 거인이 사는 성을 향해 갔어. 성으로 가는 길에 아주 중요한 일을 했지. 모든 밀밭과 보리밭 앞에 푯말을 세우는 일이었어. ‘임금님이 푯말을 보면 주인님이 부자라고 믿을 거야.’",
      "srcPage": 12,
      "srcSentenceEA": 4,
      "srcWordEA": 36,
      "character": "임금님,주인님,나,거인,보리밭,밀밭,푯말",
      "setting": "나누는 동안,성,가는 길,앞에",
      "action": "사는,향해 갔어,했지,보면",
      "feeling": "믿을 거야",
      "causalRelationship": null,
      "outcomeResolution": null,
      "prediction": null,
      "plotSummaryInfoCount": 1,
      "plotSummaryInfo": {
        "classification": "의사소통",
        "readAge": "초등_저학년",
        "form": "long-form",
        "plotSummaryText": "임금님과 주인님이 이야기를 나누는 동안 나는 거인이 사는 성으로 가는 길 밀밭과 보리밭 앞에 푯말을 세웠고, 푯말을 본 임금님은 주인님을 부자로 믿을 것입니다.",
        "textWordEA": 23
      }
    },
    {
      "srcTextID": "24888",
      "srcText": "거인의 성은 임금님이 사는 궁궐보다 화려했어. 이 세상에서 가장 돈이 많은 부자였거든. 밀밭과 보리밭도 모두 거인의 것이었지.",
      "srcPage": 13,
      "srcSentenceEA": 3,
      "srcWordEA": 19,
      "character": "임금님,궁궐,밀밭,보리밭,거인",
      "setting": "거인의 성",
      "action": "사는",
      "feeling": "화려했어",
      "causalRelationship": "거인의 성은 임금님이 사는 궁궐보다 화려했어. 이 세상에서 가장 돈이 많은 부자였거든.",
      "outcomeResolution": null,
      "prediction": null,
      "plotSummaryInfoCount": 1,
      "plotSummaryInfo": {
        "classification": "의사소통",
        "readAge": "초등_저학년",
        "form": "short-form",
        "plotSummaryText": "거인의 성은 임금님의 궁궐보다 화려했고, 밀밭과 보리밭도 모두 거인의 것이었습니다.",
        "textWordEA": 10
      }
    },
    {
      "srcTextID": "24889",
      "srcText": "내 말이 끝나자마자 펑! 펑! 펑! 소리가 나더니 거인은 순식간에 악어, 코끼리, 사자로 변했어. “짝짝짝! 정말 대단하세요. 그런데 생쥐나 들쥐 같은 작은 동물로도 변신할 수 있다고 들었는데, 소문일 뿐이죠?”",
      "srcPage": 15,
      "srcSentenceEA": 6,
      "srcWordEA": 34,
      "character": "거인,악어,코끼리,사자,생쥐,들쥐",
      "setting": null,
      "action": "끝나자마자,소리가 나더니,변했어",
      "feeling": "정말 대단하세요",
      "causalRelationship": null,
      "outcomeResolution": null,
      "prediction": null,
      "plotSummaryInfoCount": 1,
      "plotSummaryInfo": {
        "classification": "의사소통",
        "readAge": "초등_저학년",
        "form": "long-form",
        "plotSummaryText": "거인은 말이 끝나자 악어, 코끼리, 사자로 변신했고, 대단하다 말하며 생쥐나 들쥐 같은 작은 동물도 변신할 수 있는지 물었습니다.",
        "textWordEA": 18
      }
    },
    {
      "srcTextID": "24892",
      "srcText": "내 말에 거인은 코웃음을 쳤어. “내가 못 할 것 같아? 잘 보라고!” 다시 한번 펑! 하고 소리가 났어.",
      "srcPage": 16,
      "srcSentenceEA": 5,
      "srcWordEA": 21,
      "character": "거인",
      "setting": null,
      "action": "소리가 났어",
      "feeling": "코웃음을 쳤어",
      "causalRelationship": null,
      "outcomeResolution": null,
      "prediction": null,
      "plotSummaryInfoCount": 1,
      "plotSummaryInfo": {
        "classification": "의사소통",
        "readAge": "초등_저학년",
        "form": "long-form",
        "plotSummaryText": "거인은 내 말에 코웃음을 치며 잘 보라 말했고, 다시 펑 소리가 났습니다.",
        "textWordEA": 12
      }
    },
    {
      "srcTextID": "24891",
      "srcText": "거인은 눈 깜짝할 사이에 조그마한 생쥐로 변했어. 그래서 내가 어떻게 했는지 알아? 한입에 꿀꺽 삼켜 버렸지.",
      "srcPage": 17,
      "srcSentenceEA": 3,
      "srcWordEA": 18,
      "character": "거인,생쥐",
      "setting": null,
      "action": "변했어,꿀꺽 삼켜 버렸지",
      "feeling": null,
      "causalRelationship": "그래서 내가 어떻게 했는지 알아? 한입에 꿀꺽 삼켜 버렸지.",
      "outcomeResolution": null,
      "prediction": null,
      "plotSummaryInfoCount": 1,
      "plotSummaryInfo": {
        "classification": "의사소통",
        "readAge": "초등_저학년",
        "form": "short-form",
        "plotSummaryText": "거인이 생쥐로 변했고, 나는 생쥐를 꿀꺽 삼켜 버렸습니다.",
        "textWordEA": 8
      }
    },
    {
      "srcTextID": "24893",
      "srcText": "내가 모든 일을 마친 바로 그때, 임금님의 마차가 성으로 다가오고 있었지. 난 얼른 성 밖으로 나가 이렇게 말했어. “카라바 후작님의 성에 오신 것을 환영합니다.”",
      "srcPage": 18,
      "srcSentenceEA": 3,
      "srcWordEA": 25,
      "character": "임금님의 마차,난,카라바 후작님",
      "setting": "그때,성,성 밖으로",
      "action": "마친,다가오고 있었지,나가,이렇게 말했어",
      "feeling": null,
      "causalRelationship": "내가 모든 일을 마친 바로 그때,임금님의 마차가 성으로 다가오고 있었지.",
      "outcomeResolution": null,
      "prediction": null,
      "plotSummaryInfoCount": 1,
      "plotSummaryInfo": {
        "classification": "의사소통",
        "readAge": "초등_저학년",
        "form": "short-form",
        "plotSummaryText": "그때 임금님의 마차가 성으로 다가왔고, 나는 성 밖으로 나가 카라바 후작님의 성에 온 것을 환영한다고 말했습니다.",
        "textWordEA": 16
      }
    },
    {
      "srcTextID": "24894",
      "srcText": "주인님을 보고 내가 눈을 찡끗하자, 주인님은 임금님과 공주님을 성안으로 안내했어. 성을 둘러본 임금님은 얼굴에 웃음이 가득해서 이렇게 말했어. “공주와 결혼해서 내 사위가 되어 주게.”",
      "srcPage": 19,
      "srcSentenceEA": 3,
      "srcWordEA": 25,
      "character": "주인님,임금님,공주님",
      "setting": "성안",
      "action": "보고,찡끗하자,안내했어,이렇게 말했어,되어 주게",
      "feeling": "웃음이 가득해서",
      "causalRelationship": "성을 둘러본 임금님은 얼굴에 웃음이 가득해서 이렇게 말했어. 공주와 결혼해서 내 사위가 되어 주게.",
      "outcomeResolution": null,
      "prediction": null,
      "plotSummaryInfoCount": 1,
      "plotSummaryInfo": {
        "classification": "의사소통",
        "readAge": "초등_저학년",
        "form": "short-form",
        "plotSummaryText": "내가 눈을 찡긋하자, 주인님은 임금님과 공주님을 성안으로 안내했고, 성을 둘러본 임금님은 공주와 결혼해 사위가 되어달라 말했습니다.",
        "textWordEA": 16
      }
    },
    {
      "srcTextID": "24895",
      "srcText": "주인님과 공주님은 거인의 성에서 성대한 결혼식을 올렸어. 그리고 거인이 남긴 밀밭과 보리밭을 돌보며 오래오래 행복하게 살았지. 나는 어떻게 되었냐고? ‘고양이 경' 이라는 높은 벼슬을 갖게 되었어. 이제 장난칠 때 말고는 더 이상 쥐를 쫓아다니지 않아.",
      "srcPage": 20,
      "srcSentenceEA": 6,
      "srcWordEA": 40,
      "character": "주인님,공주님,거인,밀밭,보리밭,고양이 경,쥐",
      "setting": "거인의 성",
      "action": "올렸어,남긴,돌보며,갖게 되었어,쫓아다니지 않아",
      "feeling": "오래오래 행복하게 살았지",
      "causalRelationship": "고양이 경 이라는 높은 벼슬을 갖게 되었어. 이제 장난칠 때 말고는 더 이상 쥐를 쫓아다니지 않아.",
      "outcomeResolution": null,
      "prediction": null,
      "plotSummaryInfoCount": 1,
      "plotSummaryInfo": {
        "classification": "의사소통",
        "readAge": "초등_저학년",
        "form": "long-form",
        "plotSummaryText": "주인님과 공주님은 결혼식을 올리고 거인의 밀밭과 보리밭을 돌보며 행복하게 살았고, 나는 고양이 경이라는 벼슬을 갖게 되었습니다.",
        "textWordEA": 16
      }
    }
  ]
}