{
  "title": "공자",
  "author": "교연아카데미 편집부",
  "illustrator": "홍성찬",
  "isbn": "9788992636629",
  "readAge": "유아",
  "publishedYear": 2007,
  "publisher": "교연아카데미",
  "classification": "사회관계",
  "paragraphInfoCount": 16,
  "paragraphInfo": [
    {
      "srcTextID": "131145",
      "srcText": "공자가 제자들과 함께 제나라로 가고 있을 때였어요. 깊은 산길에서 어떤 부인이 슬프게 울고 있는 거예요. \"왜 그리 슬프게 울고 있소?\" 공자의 물음에 부인은 더욱 크게 울며 말했어요.",
      "srcPage": 9,
      "srcSentenceEA": 4,
      "srcWordEA": 29
    },
    {
      "srcTextID": "131144",
      "srcText": "\"나라의 못된 관리들을 피해 산 속으로 들어왔는데, 호랑이가 남편과 자식을 물어갔습니다.\" \"잘못된 정치나, 사람을 물어가는 호랑이나 조금도 다르지 않구나!\" 공자는 큰 깨우침을 얻었답니다.",
      "srcPage": 10,
      "srcSentenceEA": 3,
      "srcWordEA": 24
    },
    {
      "srcTextID": "131148",
      "srcText": "노나라의 힘이 점점 강해지자 이웃 나라에서 예쁜 여자들을 보내어 임금님의 마음을 어지럽게 했어요. \"허허허, 어쩜 저리도 고울까!\" 궁전에서는 매일매일 큰 잔치가 열렸어요. 공자는 임금님의 마음을 돌리려고 애썼지요. 하지만 임금님은 누구의 말도 듣지 않았답니다.",
      "srcPage": 12,
      "srcSentenceEA": 5,
      "srcWordEA": 36
    },
    {
      "srcTextID": "131138",
      "srcText": "공자가 거문고를 배울 때의 일이에요. “둥기둥, 둥둥!” 공자는 열흘 동안 같은 곡만 연주하고 있었어요. “공자야, 어찌하여 같은 곡만 연주하느냐?” “한 곡을 반복해서 연주하다 보면 곡을 만든 사람의 마음을 알 수 있을 것 같아서입니다.” 선생님은 공자의 대답에 고개를 끄덕였어요.",
      "srcPage": 5,
      "srcSentenceEA": 6,
      "srcWordEA": 40
    },
    {
      "srcTextID": "131141",
      "srcText": "공자는 나라 걱정으로 잠을 이루지 못했어요. 하지만 어디에도 백성들을 위하고 나라를 걱정하는 관리가 없었어요. 공자는 제자들과 노나라를 떠나기로 마음먹었어요.",
      "srcPage": 8,
      "srcSentenceEA": 3,
      "srcWordEA": 21
    },
    {
      "srcTextID": "131129",
      "srcText": "멀리 중국의 춘추 시대 이야기예요. 당시에 중국은 열두 나라로 나뉘어 있었어요. 열두 나라 중에 노나라는 힘이 없는 작은 나라였답니다. 백성들의 생활은 너무너무 힘들었어요. 이웃 나라에서 자주 쳐들어왔고 관리들은 권력 다툼에 눈이 멀어 있었거든요.",
      "srcPage": 1,
      "srcSentenceEA": 5,
      "srcWordEA": 37
    },
    {
      "srcTextID": "131133",
      "srcText": "공자의 아버지는 노나라의 군인이었어요. 하지만 공자의 재롱을 보기도 전에 세상을 떠났지요. 공자는 어머니와 함께 가난하게 살아야 했답니다.",
      "srcPage": 2,
      "srcSentenceEA": 3,
      "srcWordEA": 19
    },
    {
      "srcTextID": "131134",
      "srcText": "공자는 향교에 다녔어요. 향교에서는 마을의 평안과 풍년을 기원하며 제사를 지냈어요. 공자의 가슴속에는 조상에 대해 감사하는 마음이 뿌리 깊게 내렸지요. 공자는 예의 바른 청년이 되었답니다.",
      "srcPage": 4,
      "srcSentenceEA": 4,
      "srcWordEA": 27
    },
    {
      "srcTextID": "131139",
      "srcText": "어느 날, 공자는 노자를 찾아갔어요. “옛것이 다 옳은 것은 아니라네. 현실에 맞게 고칠 줄도 알아야 하지.” 노자의 말은 공자에게 큰 깨우침을 주었지요. 그 후로 공자는 사람들에게 옛 어른들의 말씀을 쉽게 풀어서 가르쳤어요.",
      "srcPage": 6,
      "srcSentenceEA": 5,
      "srcWordEA": 35
    },
    {
      "srcTextID": "131140",
      "srcText": "그 때 공자는 ‘사직’이라는 벼슬을 하고 있었어요. 사직이란 가축을 돌보는 일이에요. “꿀꿀꿀!” 공자는 냄새나는 돼지우리 속에 있어도 향기로운 꽃밭에 있다고 생각했지요 . 공자는 낮에는 가축을 키우고 밤에는 사람들에게 학문을 가르쳤어요. 사람들은 공자의 이런 모습을 존경했답니다.",
      "srcPage": 7,
      "srcSentenceEA": 6,
      "srcWordEA": 39
    },
    {
      "srcTextID": "131147",
      "srcText": "노나라로 돌아온 공자는 나라의 높은 관리가 되어 임금님이 바른 정치를 하도록 이끌어 주었어요. 그런데 나라를 빼앗으려고 몰래 군사를 모으고 성을 쌓는 무리가 나타났어요. “성벽을 허물어 버리거라.” 공자는 싸움을 미리 막아서 나라를 구했답니다.",
      "srcPage": 11,
      "srcSentenceEA": 4,
      "srcWordEA": 34
    },
    {
      "srcTextID": "131149",
      "srcText": "“이제 노나라에는 희망이 없구나!” 공자는 제자들과 함께 노나라를 떠났어요. 공자는 먼저 위나라로 갔지요. 위나라 임금님은 공자를 궁전으로 불렀어요. “우리 위나라를 위해서 일해 주시오.” 하지만 공자는 위나라에 오래 머물지 못했어요. 관리들의 시샘이 컸기 때문이지요.",
      "srcPage": 13,
      "srcSentenceEA": 7,
      "srcWordEA": 38
    },
    {
      "srcTextID": "131150",
      "srcText": "공자는 여러 나라를 떠돌아다녀야 했어요. 공자가 제자들과 깊은 산길을 가고 있을 때였어요. \"하하하, 꼼짝 마라!\" 갑자기 산적들이 나타난 거예요. \"으악! 사..살려주세요!” 제자들은 모두 벌벌 떨며 몸을 숨기기 바빴지요. 그러나 수레에 타고 있던 공자는 거문고를 꺼내 연주를 시작했어요. 거문고 소리는 산적들의 마음을 움직였어요. 산적들은 공자 앞에 머리를 숙이고 말았답니다.",
      "srcPage": 14,
      "srcSentenceEA": 9,
      "srcWordEA": 56
    },
    {
      "srcTextID": "131151",
      "srcText": "공자는 14년 만에 고향인 노나라로 돌아왔어요. 공자는 제자들을 가르치고 책을 쓰면서 살았어요. ‘춘추’는 여러 나라의 역사를 기록한 책이에요. 또 민요를 모아 엮은 ‘시경’도 있답니다. “자기가 당하기 싫은 일은 남에게도 하지 마라.” 공자의 가르침은 언제나 짧은 가운데 깊은 뜻이 담겨 있지요. 이러한 공자의 말씀은 ‘논어’라는 책에 실려 있답니다.",
      "srcPage": 15,
      "srcSentenceEA": 10,
      "srcWordEA": 55
    },
    {
      "srcTextID": "131153",
      "srcText": "공자의 가르침은 오늘날에도 길이길이 전해지고 있지요. 공자는 일흔두 살의 나이로 조용히 눈을 감았어요. 슬픈 가락의 노래를 남긴 채 말이에요. 태산은 무너지려 하고 기둥은 쓰러지려 하네. 철인은 세상을 뜨려 하누나.",
      "srcPage": 16,
      "srcSentenceEA": 5,
      "srcWordEA": 33
    },
    {
      "srcTextID": "131132",
      "srcText": "“어머니, 제사는 어떻게 지내지요?” 어린 공자는 종종 주인 없는 무덤 앞에서 제사 놀이를 했어요. “어린 녀석이 제법인걸!” 어른들은 공자의 절하는 모습을 보면서 대견해했어요.",
      "srcPage": 3,
      "srcSentenceEA": 4,
      "srcWordEA": 25
    }
  ]
}