{
  "title": "퀴리부인",
  "author": "좋은글샘",
  "illustrator": "김종미",
  "isbn": "9788992636407",
  "readAge": "유아",
  "publishedYear": 2007,
  "publisher": "교연아카데미",
  "classification": "사회관계",
  "paragraphInfoCount": 20,
  "paragraphInfo": [
    {
      "srcTextID": "144111",
      "srcText": "\"후유\" 장학관이 나가자 아이들은 안도의 한숨을 쉬었습니다. 그 때 마리가 참았던 울음을 터뜨렸어요. \"선생님, 저는 러시아 황제라고 말하고 싶지 않았어요.\" 선생님은 마리를 꼬옥 안아 주셨어요. \"괜찮아. 우리 모두 너 때문에 무사했잖니?\" 마리의 울음은 그치지 않았어요.",
      "srcPage": 12,
      "srcSentenceEA": 6,
      "srcWordEA": 40
    },
    {
      "srcTextID": "144116",
      "srcText": "매일 많은 아이들을 가르치는 일은 생각보다 힘들었어요. 마리는 폴란드의 어린이들이 나라 말을 잊어버릴까 봐 걱정스러웠어요. 그래서 마리는 몰래 아이들에게 폴란드 말을 가르쳤답니다.",
      "srcPage": 18,
      "srcSentenceEA": 3,
      "srcWordEA": 24
    },
    {
      "srcTextID": "144107",
      "srcText": "\"드르륵\" 러시아 장학관이 들어왔습니다. \"지금부터 러시아 역사에 대해서 묻겠다.\" 장학관의 눈이 마리의 눈과 마주쳤어요.",
      "srcPage": 9,
      "srcSentenceEA": 3,
      "srcWordEA": 16
    },
    {
      "srcTextID": "144100",
      "srcText": "\"언니, 그 책 이리 줘 봐.\" 마리는 언니가 읽고 있는 책을 달라고 졸랐어요. \"너는 너무 어려서 읽을 수가 없어.\"",
      "srcPage": 1,
      "srcSentenceEA": 3,
      "srcWordEA": 20
    },
    {
      "srcTextID": "144101",
      "srcText": "그러나 마리는 언니의 책을 빼앗아 읽기 시작했어요. 마리는 이제 겨우 네 살이었습니다. 둘의 모습을 지켜보던 어머니가 놀라서 뛰어왔어요.",
      "srcPage": 2,
      "srcSentenceEA": 3,
      "srcWordEA": 20
    },
    {
      "srcTextID": "144103",
      "srcText": "막대로 태어난 마리는 부모님의 사랑을 듬뿍 받으며 자랐어요. 마리의 아버지는 과학 선생님이었어요. 마리는 아버지의 방에서 노는 것이 즐거웠습니다.",
      "srcPage": 4,
      "srcSentenceEA": 3,
      "srcWordEA": 20
    },
    {
      "srcTextID": "144104",
      "srcText": "방 안에는 신기한 실험 도구들이 많았거든요. \"긴 유리병아, 너는 이름이 뭐니?\" \"어머, 너는 참 이상하게 생겼구나!\"",
      "srcPage": 5,
      "srcSentenceEA": 3,
      "srcWordEA": 16
    },
    {
      "srcTextID": "144102",
      "srcText": "마리는 하루 종일 방에서 나오지 않았어요. \"마리, 깨지지 않도록 조심해야 한다.\" 아버지는 마리가 다칠까 봐 걱정을 하기도 했답니다.",
      "srcPage": 6,
      "srcSentenceEA": 3,
      "srcWordEA": 19
    },
    {
      "srcTextID": "144106",
      "srcText": "아이들은 숨소리를 죽여 가며 선생님의 말씀에 귀를 기울였어요. 그런데 갑자기 요란한 발자국 소리가 들려 왔어요. 러시아 장학관이 감시를 하러 온 거에요. 선생님은 재빨리 눈짓을 했어요. 아이들은 감쪽같이 책상을 치우고 바느질 옷감을 펼쳤어요.",
      "srcPage": 8,
      "srcSentenceEA": 5,
      "srcWordEA": 36
    },
    {
      "srcTextID": "144109",
      "srcText": "마리는 숨이 멎는 것 같았어요. \"너! 러시아의 왕 이름을 차례로 말해 봐.\" 마리는 유창한 러시아 말로 또박또박 말했어요.",
      "srcPage": 10,
      "srcSentenceEA": 3,
      "srcWordEA": 20
    },
    {
      "srcTextID": "144110",
      "srcText": "\"언젠가는 자랑스럽게 폴란드 말을 할 수 있는 날이 올 거야.\" 마리는 선생님의 말뜻을 알 수 있었어요. '폴란드를 위해 훌륭한 사람이 되어야지.' 마리는 마음속으로 굳게 다짐했답니다.",
      "srcPage": 13,
      "srcSentenceEA": 4,
      "srcWordEA": 27
    },
    {
      "srcTextID": "144112",
      "srcText": "\"여보, 아이들을 부탁해요.\" 어머니는 조용히 눈을 감으셨어요. 식구들은 큰 슬픔에 잠겼습니다.",
      "srcPage": 16,
      "srcSentenceEA": 3,
      "srcWordEA": 13
    },
    {
      "srcTextID": "144115",
      "srcText": "더욱 어려워진 형편 때문에 마리도, 언니도 더 이상 공부를 할 수 없게 되었어요. 마리는 언니의 학비를 벌기 위해 가정 교사를 했답니다. 언니가 열심히 공부해서 의사가 되면, 그 다음에 마리가 공부를 하기로 했거든요.",
      "srcPage": 17,
      "srcSentenceEA": 3,
      "srcWordEA": 34
    },
    {
      "srcTextID": "144118",
      "srcText": "마리는 프랑스로 가기 위해 짐을 꾸렸어요. \"마리!\" 프랑스에 도착한 마리의 귀에 반가운 목소리가 들렸어요. 마리는 언니의 도움으로 소르본 대학에서 공부할 수 있게 되었어요. 마리는 밥 먹는 시간도 아껴 가며 열심히 공부했답니다.",
      "srcPage": 20,
      "srcSentenceEA": 4,
      "srcWordEA": 34
    },
    {
      "srcTextID": "144114",
      "srcText": "마리는 여학교를 1등으로 졸업했어요. 그러나 마리에게는 슬픈 일이 계속되었어요. 아버지가 폴란드를 찬양한 죄로 학교에서 쫓겨났지 뭐예요.",
      "srcPage": 14,
      "srcSentenceEA": 3,
      "srcWordEA": 18
    },
    {
      "srcTextID": "144117",
      "srcText": "마리가 스물세 살 되던 해, 마침내 언니에게서 편지가 날아왔습니다. \"사랑하는 동생 마리야, 너의 도움으로 드디어 의사가 되었단다. 이제 프랑스로 와서 너의 공부를 시작하렴.\"",
      "srcPage": 19,
      "srcSentenceEA": 3,
      "srcWordEA": 24
    },
    {
      "srcTextID": "144108",
      "srcText": "\"좋아. 지금 우리의 왕은 누구지?\" 마리는 입을 굳게 다물어 버렸어요. 교실 안은 숨소리도 들리지 않았습니다. 장학관이 마리의 곁으로 다가왔어요. \"러시아 황제, 알렉산드르 2세입니다.\"",
      "srcPage": 11,
      "srcSentenceEA": 5,
      "srcWordEA": 27
    },
    {
      "srcTextID": "144113",
      "srcText": "그래서 마리네는 작은 집으로 이사를 가야 했지요. 얼마 후, 큰언니가 전염병으로 세상을 떠났어요. 게다가 어머니마저 돌아가시고 말았답니다.",
      "srcPage": 15,
      "srcSentenceEA": 3,
      "srcWordEA": 19
    },
    {
      "srcTextID": "144099",
      "srcText": "\"어머나, 마리. 언제 글을 배웠니?\" 신이 난 마리는 더 큰 소리로 책을 읽었어요.",
      "srcPage": 3,
      "srcSentenceEA": 3,
      "srcWordEA": 15
    },
    {
      "srcTextID": "144105",
      "srcText": "그 당시 폴란드는 나라를 빼앗겨 러시아의 지배를 받고 있었습니다. 학교에서는 러시아 어로만 말해야 했어요. 그러나, 선생님은 몰래 폴란드 어로 역사를 가르쳐 주셨어요.",
      "srcPage": 7,
      "srcSentenceEA": 3,
      "srcWordEA": 24
    }
  ]
}