{
  "title": "헬렌켈러",
  "author": "좋은글샘",
  "illustrator": "김태란",
  "isbn": "9788992636582",
  "readAge": "유아",
  "publishedYear": 2007,
  "publisher": "교연아카데미",
  "classification": "사회관계",
  "paragraphInfoCount": 31,
  "paragraphInfo": [
    {
      "srcTextID": "96142",
      "srcText": "설리번 선생님은 헬렌에게 더 많은 것을 가르쳐 주고 싶었어요. 그래서 헬렌은 친구들이 있는 학교에 가게 되었답니다. 헬렌은 친구들과 손가락으로 이야기를 하며 즐겁게 지냈어요. 선생님의 도움 없이 혼자서 생활할 수 있게 된 헬렌은 더욱 열심히 공부했어요.",
      "srcPage": 20,
      "srcSentenceEA": 4,
      "srcWordEA": 38
    },
    {
      "srcTextID": "96153",
      "srcText": "연설장은 감동의 눈물과 박수 소리로 가득 찼어요. 사람들은 헬렌의 연설을 듣기 위해 구름같이 모여들었어요. 헬렌은 평생 동안 불편한 몸을 이끌고, 몸이 자유롭지 못한 사람들을 찾아다니며 용기와 힘을 주었답니다.",
      "srcPage": 31,
      "srcSentenceEA": 3,
      "srcWordEA": 30
    },
    {
      "srcTextID": "96132",
      "srcText": "“헬렌! 헬렌!” 아무리 불러도 헬렌은 대답이 없는 거예요. 헬렌은 보지도, 듣지도, 말도 하지 못하게 되었답니다. “오, 불쌍한 헬렌!” 헬렌의 부모님은 헬렌을 안고 슬프게 울었습니다.",
      "srcPage": 10,
      "srcSentenceEA": 5,
      "srcWordEA": 28
    },
    {
      "srcTextID": "96134",
      "srcText": "“어머나, 헬렌! 어쩌려고 친구의 머리카락을 잘랐니?” 아무 말도 들을 수 없는 헬렌은 어머니가 온 줄도 몰랐어요. ‘헬렌을 이대로 두어서는 안 되겠구나.’ 어머니는 이렇게 생각했답니다.",
      "srcPage": 14,
      "srcSentenceEA": 5,
      "srcWordEA": 28
    },
    {
      "srcTextID": "96154",
      "srcText": "헬렌은 많은 사람들 앞에서 연설을 했어요. “여러분, 앞을 못 보는 사람도, 듣지 못하는 사람도, 말을 하지 못하는 사람도 모두 제 친구고, 여러분의 친구입니다. 비록 볼 수는 없지만, 우리는 서로 마음이 통하는 친구입니다. 제가 받은 많은 도움과 기쁨을 여러분에게 나누어 주겠습니다.”",
      "srcPage": 30,
      "srcSentenceEA": 4,
      "srcWordEA": 42
    },
    {
      "srcTextID": "96130",
      "srcText": "안절부절못하는 부모님께 의사 선생님은 겨우 입을 열었어요. “급성 뇌염입니다. 어쩌면 목숨을 잃을지도.”",
      "srcPage": 7,
      "srcSentenceEA": 3,
      "srcWordEA": 13
    },
    {
      "srcTextID": "96133",
      "srcText": "어머니는 정성껏 헬렌을 간호했어요. 며칠 후 헬렌의 열이 씻은 듯이 내렸답니다. 너무나 기뻐서 헬렌을 꼬옥 안은 어머니는 뭔가 이상한 것을 느꼈어요.",
      "srcPage": 9,
      "srcSentenceEA": 3,
      "srcWordEA": 23
    },
    {
      "srcTextID": "96137",
      "srcText": "헬렌은 여섯 살이 되었어요. 깜깜한 밤 나라에 갇혀 버린 헬렌은 고집스런 아이로 자랐습니다. 부모님은 헬렌이 버릇없이 행동하고 제멋대로 굴어도 그냥 놔둘 수밖에 없었어요.",
      "srcPage": 11,
      "srcSentenceEA": 3,
      "srcWordEA": 25
    },
    {
      "srcTextID": "96136",
      "srcText": "어느 날, 헬렌은 가위를 들고 친구에게 다가갔어요. “왜 그래? 머리카락을 자르면 안 된단 말이야.”",
      "srcPage": 12,
      "srcSentenceEA": 3,
      "srcWordEA": 15
    },
    {
      "srcTextID": "96135",
      "srcText": "겁이 난 친구는 도망치려 했어요. 그러나 고집스런 헬렌의 손에 잡혀 그만 머리카락이 싹둑 잘려 버렸어요. 친구의 비명 소리를 듣고 달려온 어머니는 깜짝 놀랐습니다.",
      "srcPage": 13,
      "srcSentenceEA": 3,
      "srcWordEA": 25
    },
    {
      "srcTextID": "96138",
      "srcText": "설리번 선생님은 헬렌이 마음에 들었어요. 헬렌은 겉으로 보기에 정상적인 아이와 조금도 다르지 않았습니다. 설리번 선생님은 밝고 건강한 헬렌을 보면서 열심히 가르치겠다고 다짐했어요.",
      "srcPage": 16,
      "srcSentenceEA": 3,
      "srcWordEA": 24
    },
    {
      "srcTextID": "96140",
      "srcText": "선생님은 헬렌이 집어던진 인형을 다시 주면서 손바닥에 인형이라고 썼습니다. 몇 번을 되풀이했을 때였어요. 인형을 받아 든 헬렌이 선생님의 손바닥에 ‘인형’이라고 쓰는 게 아니겠어요? 설리번 선생님은 너무나 기뻤어요.",
      "srcPage": 18,
      "srcSentenceEA": 5,
      "srcWordEA": 31
    },
    {
      "srcTextID": "96145",
      "srcText": "어느 날 헬렌은 람슨 아주머니를 만났습니다. 헬렌은 람슨 아주머니의 손바닥에 ‘안녕하세요? 헬렌입니다’라고 썼어요. 헬렌은 자신의 손바닥을 내밀고 대답을 기다렸어요.",
      "srcPage": 21,
      "srcSentenceEA": 5,
      "srcWordEA": 23
    },
    {
      "srcTextID": "96151",
      "srcText": "헬렌은 토미를 위해 많은 사람들에게 편지를 썼답니다. 헬렌의 편지를 읽은 사람들은 감동을 받았어요. 마침내 토미는 헬렌과 많은 사람들의 도움으로 공부를 할 수 있게 되었답니다. 헬렌은 자신이 다른 사람을 도울 수 있다는 사실에 큰 힘을 얻었어요. 헬렌은 더욱 열심히 공부를 해서, 자신보다 어려운 사람들을 위해 일하고 싶었습니다.",
      "srcPage": 28,
      "srcSentenceEA": 5,
      "srcWordEA": 50
    },
    {
      "srcTextID": "96129",
      "srcText": "“안 돼요. 안 돼! 제발 우리 헬렌을 살려 주세요.” 어머니는 의사 선생님을 붙잡고 울부짖었습니다. 그러나 의사 선생님은 고개만 저을 뿐이었어요.",
      "srcPage": 8,
      "srcSentenceEA": 5,
      "srcWordEA": 24
    },
    {
      "srcTextID": "96124",
      "srcText": "“어머, 헬렌 좀 봐. 너무 예뻐요.” “어디 한 번 웃어 보렴.” 파란 지붕과 담쟁이덩굴이 예쁜 헬렌의 집에서는 헬렌의 첫 생일 축하 파티가 한창입니다.",
      "srcPage": 1,
      "srcSentenceEA": 4,
      "srcWordEA": 25
    },
    {
      "srcTextID": "96128",
      "srcText": "그러던 어느 겨울날이었어요. 매일매일 건강하게 뛰어다니던 헬렌이 어디가 아픈지 꼼짝도 않고 누워 있는 거예요. 헬렌의 이마를 짚어 본 어머니는 깜짝 놀랐어요.",
      "srcPage": 4,
      "srcSentenceEA": 3,
      "srcWordEA": 23
    },
    {
      "srcTextID": "96146",
      "srcText": "헬렌은 람슨 아주머니의 입을 더듬으며 천천히 따라 했어요. “강, 아, 지.” 헬렌이 말을 하는 순간이었어요!",
      "srcPage": 23,
      "srcSentenceEA": 3,
      "srcWordEA": 16
    },
    {
      "srcTextID": "96149",
      "srcText": "헬렌을 품에 안은 어머니는 너무나 기뻐 눈물을 흘렸답니다. 헬렌은 얼른 점자로 된 동화책을 꺼내 동생에게 읽어 주었어요. 눈으로 볼 수는 없었지만 부모님과 동생이 얼마나 기뻐하는지 알 수 있었어요.",
      "srcPage": 26,
      "srcSentenceEA": 3,
      "srcWordEA": 30
    },
    {
      "srcTextID": "96125",
      "srcText": "헬렌은 건강하고 예쁜 아이였어요. “헬렌, 후우 해야지.” 헬렌이 케이크의 촛불을 불자 모두들 박수를 쳤습니다.",
      "srcPage": 2,
      "srcSentenceEA": 3,
      "srcWordEA": 15
    },
    {
      "srcTextID": "96126",
      "srcText": "헬렌이 말을 배우기 시작했어요. “안녕!” “아 안 녀 엉!” “물!” “무울!” “아주 잘했어, 헬렌.” 어머니는 말을 따라 하는 헬렌이 너무 기특해 꼬옥 안아 주었어요. 헬렌은 정원을 뛰어다니며 꽃과 나비의 친구가 되었어요.",
      "srcPage": 3,
      "srcSentenceEA": 5,
      "srcWordEA": 33
    },
    {
      "srcTextID": "96131",
      "srcText": "헬렌을 진찰한 의사 선생님의 얼굴이 몹시 어두웠습니다. “우리 헬렌은 어떤가요? 어디가 아픈 거지요?”",
      "srcPage": 6,
      "srcSentenceEA": 3,
      "srcWordEA": 14
    },
    {
      "srcTextID": "96141",
      "srcText": "헬렌은 설리번 선생님에게도 여전히 제멋대로 행동했어요. 인형을 집어던지고, 손으로 밥을 먹으며, 장난을 치는 거예요. 그러나 설리번 선생님은 항상 따뜻한 마음으로 헬렌을 가르쳤어요.",
      "srcPage": 17,
      "srcSentenceEA": 3,
      "srcWordEA": 24
    },
    {
      "srcTextID": "96143",
      "srcText": "헬렌은 이제 고집쟁이도 아니고, 제멋대로 행동하지도 않았어요. 물컵 나무 꽃 모자 헬렌은 손에 만져지는 모든 것을 알기 위해 쉬지 않고 묻고 또 물었어요. 그때마다 설리번 선생님은 손가락이 아플 정도로 헬렌의 손바닥에 글씨를 썼어요.",
      "srcPage": 19,
      "srcSentenceEA": 3,
      "srcWordEA": 35
    },
    {
      "srcTextID": "96144",
      "srcText": "그러나 람슨 아주머니는 헬렌의 손바닥을 자신의 입으로 가져갔어요. “헬렌, 내 입 모양을 따라 해 보렴.” “강, 아, 지.”",
      "srcPage": 22,
      "srcSentenceEA": 3,
      "srcWordEA": 18
    },
    {
      "srcTextID": "96148",
      "srcText": "헬렌은 람슨 아주머니에게서 훌라 선생님을 소개받았어요. 훌라 선생님은 소리 내는 방법을 가르치는 훌륭한 선생님이랍니다. 헬렌은 훌라 선생님에게 소리 내는 방법을 열심히 배웠어요.",
      "srcPage": 24,
      "srcSentenceEA": 3,
      "srcWordEA": 24
    },
    {
      "srcTextID": "96152",
      "srcText": "드디어 헬렌은 대학에 입학했어요. 대학 공부는 힘들고 어려웠지만 설리번 선생님의 도움을 받아 최선을 다했어요. 설리번 선생님은 항상 헬렌의 옆에 앉아 헬렌의 귀가 되고, 눈이 되고, 입이 되어 주셨어요. 4년 후, 헬렌은 우수한 성적으로 졸업을 했습니다. 부모님과 설리번 선생님은 헬렌이 매우 자랑스러웠답니다.",
      "srcPage": 29,
      "srcSentenceEA": 5,
      "srcWordEA": 45
    },
    {
      "srcTextID": "96127",
      "srcText": "“여보! 헬렌이 많이 아파요. 어서 의사 선생님을 모셔 와야겠어요.” 아버지는 의사 선생님을 모셔 오기 위해 급히 말을 타고 떠났어요. 헬렌은 온몸이 땀으로 흠뻑 젖고 이마는 불덩이 같았어요.",
      "srcPage": 5,
      "srcSentenceEA": 4,
      "srcWordEA": 31
    },
    {
      "srcTextID": "96139",
      "srcText": "아버지는 헬렌을 가르치고 도와 줄 선생님을 찾아 나섰어요. 마침내 아버지는 헬렌과 같은 아이들을 가르치는 설리번 선생님을 만나게 되었어요. 설리번 선생님은 헬렌의 이야기를 듣고 기꺼이 헬렌의 가정 교사가 되기로 했답니다.",
      "srcPage": 15,
      "srcSentenceEA": 3,
      "srcWordEA": 31
    },
    {
      "srcTextID": "96147",
      "srcText": "얼마 후, 헬렌은 집으로 돌아왔어요. “어머니, 헬렌이에요. 그동안 안녕하셨어요?” 헬렌의 목소리를 들은 부모님은 너무 놀라 아무 말도 할 수가 없었어요.",
      "srcPage": 25,
      "srcSentenceEA": 4,
      "srcWordEA": 22
    },
    {
      "srcTextID": "96150",
      "srcText": "헬렌은 이웃에 사는 토미와 친구가 되었어요. 토미도 헬렌처럼 보지도, 듣지도, 말도 할 수 없는 아이였지요. 헬렌은 토미도 공부를 할 수 있도록 돕고 싶었어요.",
      "srcPage": 27,
      "srcSentenceEA": 3,
      "srcWordEA": 25
    }
  ]
}