{
  "title": "뉴턴",
  "author": "강용숙",
  "illustrator": "이구배",
  "isbn": "9788992636421",
  "readAge": "유아",
  "publishedYear": 2007,
  "publisher": "교연아카데미",
  "classification": "사회관계",
  "paragraphInfoCount": 17,
  "paragraphInfo": [
    {
      "srcTextID": "125557",
      "srcText": "뉴턴이 세 살 때였어요. “뉴턴, 엄마는 이웃 마을의 목사님과 결혼하기로 했단다. 외할머니 말씀 잘 들어야 한다.” 엄마는 눈물을 글썽이는 뉴턴을 뒤로 하고 집을 떠났답니다. 뉴턴은 밤새도록 얼마나 많은 눈물을 흘렸는지 몰라요.",
      "srcPage": 3,
      "srcSentenceEA": 5,
      "srcWordEA": 34
    },
    {
      "srcTextID": "125558",
      "srcText": "그러던 뉴턴에게 새로운 친구가 생겼어요. 바로 톱과 망치였어요! ‘이번엔 무얼 만들어 볼까?’ 햇볕이 따가운 마당에 앉아 뉴턴은 골똘히 생각했어요. “그래! 해시계를 만들어 보자.” 뉴턴은 망치를 들고 돌 한가운데를 뚫은 다음 막대기를 세웠어요. 그리고 빙 둘러 숫자를 새겨 넣었지요. 멋진 해시계가 탄생하는 순간이었어요.",
      "srcPage": 5,
      "srcSentenceEA": 8,
      "srcWordEA": 49
    },
    {
      "srcTextID": "125563",
      "srcText": "뉴턴은 낮에는 공부하고 밤에는 학교 도서관에서 일을 했어요. 학비를 낼 수 없었기 때문이에요. 뉴턴은 수학과 천문학에 관심이 많았어요. 수학이나 천문학은 너무 어려워 모두들 싫어하는 공부였지요. 하지만 뉴턴은 어려운 문제도 척척 잘 풀었답니다.",
      "srcPage": 10,
      "srcSentenceEA": 5,
      "srcWordEA": 36
    },
    {
      "srcTextID": "125566",
      "srcText": "“좀 쉬었다 할까?” 하루 종일 책에 코를 박고 있던 뉴턴이 자리에서 일어났어요. 뉴턴은 기지개를 쭉 켜며 정원으로 나갔어요. 정원에는 빨간 사과가 탐스럽게 열린 사과나무가 있었어요. 뉴턴은 사과나무 아래에 있는 의자에 앉았습니다. 그 때 '툭' 하고 사과 한 개가 땅에 떨어졌어요. 뉴턴은 떨어진 사과를 뚫어져라 쳐다보았어요. ‘왜 사과는 땅으로 떨어질까?’ 뉴턴의 머릿속에 빨간 사과가 주렁주렁 열리기 시작했어요.",
      "srcPage": 12,
      "srcSentenceEA": 10,
      "srcWordEA": 65
    },
    {
      "srcTextID": "125556",
      "srcText": "뉴턴은 아버지의 얼굴을 한 번도 보지 못했어요. 뉴턴이 태어나기도 전에 돌아가셨기 때문이지요. 대신 뉴턴은 엄마의 사랑을 듬뿍 받으며 자랐답니다.",
      "srcPage": 2,
      "srcSentenceEA": 3,
      "srcWordEA": 21
    },
    {
      "srcTextID": "125559",
      "srcText": "외할머니와 단둘이 살게 된 뉴턴은 점점 말을 잃었어요. “뉴우턴, 노올자!” 친구들이 찾아와도 뉴턴은 심드렁했어요. 하루 종일 방에 틀어박혀 멀뚱멀뚱 천장만 바라보았어요.",
      "srcPage": 4,
      "srcSentenceEA": 4,
      "srcWordEA": 23
    },
    {
      "srcTextID": "125560",
      "srcText": "학교에 들어간 뉴턴은 공부가 재미없었어요. 여전히 톱과 망치를 뚝딱거리며 만들기만 좋아했어요. 뉴턴의 머릿속은 온통 새로운 물건 생각뿐이었어요. 그래서 선생님의 물음에도 툭하면 엉뚱한 대답을 했답니다. “우하하! 바보 뉴턴!” 교실은 금세 웃음바다가 되었지요. “난, 바보가 아니야!” 화가 난 뉴턴이 큰 소리로 외쳤어요. 뉴턴은 친구들이 놀리지 못하도록 열심히 공부했어요.",
      "srcPage": 6,
      "srcSentenceEA": 9,
      "srcWordEA": 53
    },
    {
      "srcTextID": "125561",
      "srcText": "뉴턴은 집에서 멀리 떨어진 중학교에 들어갔어요. 뉴턴은 여러 과목 중에서 과학이 가장 재미있었어요. 과학 책을 한번 손에 잡으면 밤을 꼴딱 새워 읽곤 했답니다. 위잉, 위잉” 풍차가 힘차게 돌아갑니다. 뉴턴이 만든 작은 풍차였어요. 풍차는 곡식을 가루로 만들었어요. “저 풍차는 바람이 없어도 돌아가네?”물레방아와 공차를 연결해서 만들었기 때문이지요.",
      "srcPage": 7,
      "srcSentenceEA": 9,
      "srcWordEA": 52
    },
    {
      "srcTextID": "125562",
      "srcText": "그러던 어느 날，엄마가 돌아오셨어요. 목사님이 돌아가셨기 때문이에요. 엄마는 어린 동생들을 데리고 농사를 지으며 가난한 살림을 꾸리셨어요. 뉴턴은 엄마의 힘든 모습을 보자 더 이상 학교에 다닐 수가 없었어요. 뉴턴은 엄마를 도와 양 떼를 돌보았어요. 그러나 한시도 과학 책을 손에서 놓지 않았답니다. 양들이 한가로이 풀을 뜯으면 뉴턴은 그 곁에서 책을 읽으며 공부했답니다.",
      "srcPage": 8,
      "srcSentenceEA": 7,
      "srcWordEA": 56
    },
    {
      "srcTextID": "125564",
      "srcText": "엄마는 뉴턴의 꿈을 잘 알고 있었어요. 그래서 힘들지만 뉴턴을 다시 학교에 보냈답니다. 뉴턴은 엄마를 생각하며 더욱 열심히 공부했어요. 물론 하고 싶었던 공부였으니 말할 수 없이 기뻤지요. 마침내 뉴턴은 케임브리지 대학에 들어갔어요.",
      "srcPage": 9,
      "srcSentenceEA": 5,
      "srcWordEA": 35
    },
    {
      "srcTextID": "125565",
      "srcText": "온 나라에 무서운 전염병이 퍼졌어요. 수많은 사람들이 시름시름 앓다가 죽어 갔지요. 전염병 때문에 학교는 잠시 동안 문을 닫아야 했답니다. 뉴턴은 오랜만에 집으로 돌아왔어요. “뉴턴! 너무너무 보고 싶었단다.” 엄마는 단숨에 달려와 뉴턴을 꼬옥 안았어요. 뉴턴은 오랫동안 엄마 품에 안겨 있었답니다.",
      "srcPage": 11,
      "srcSentenceEA": 7,
      "srcWordEA": 45
    },
    {
      "srcTextID": "125567",
      "srcText": "뉴턴의 생각은 오래오래 계속되었어요. '왜 물건은 아래로만 떨어질까? 위로는 왜 떨어지지 않지? 사과도 아래로 떨어지고, 책상 위에 있는 연필도 아래로 떨어지잖아. 그런데 하늘에 떠 있는 많은 왜 떨어지지 않지? 뉴턴의 궁금증은 꼬리에 꼬리를 물고 이어졌어요.",
      "srcPage": 13,
      "srcSentenceEA": 6,
      "srcWordEA": 39
    },
    {
      "srcTextID": "125568",
      "srcText": "그러던 어느 날 뉴턴은 드디어 답을 찾았어요! 지구에는 모든 물체를 잡아당기는 힘이 있었던 거예요. 그래서 모든 물체는 아래로 떨어지는 것이었어요. 그런데 달은 왜 떨어지지 않을까요? 그건 달과 지구가 서로 똑같은 힘으로 잡아당기기 때문이지요. 달과 지구, 별들은 이렇게 서로 잡아당기는 힘 때문에 부딪히지 않고 빙글빙글 돌고 있는 것이랍니다. 이 힘이 바로 만유인력이지요. 뉴턴은 혼자서 만세를 외쳐 댔답니다.",
      "srcPage": 14,
      "srcSentenceEA": 8,
      "srcWordEA": 63
    },
    {
      "srcTextID": "125569",
      "srcText": "전염병이 사라지고 학교는 다시 문을 열었어요. 뉴턴은 얼른 학교로 돌아갔어요. 뉴턴을 기다리고 있는 새로운 사실들이 빨리 오라고 손짓이라도 하는 것 같았어요. \"정말 신기하다! 왜 무지개빛이 나타나지? 뉴턴은 프리즘을 들어다보며 눈을 떼지 못했어요. 뉴턴은 프리즘이 무지개빛을 내는 것은 햇빛이 빨강, 주황, 노랑, 초록, 파랑, 남색, 보라의 일곱 가지 색으로 이루어져 있기 때문이란 사실을 알아냈어요. 이 일곱 가지 색이 한데 섞여 우리 눈에는 빛이 하얀색으로 보이는 거예요.",
      "srcPage": 15,
      "srcSentenceEA": 8,
      "srcWordEA": 71
    },
    {
      "srcTextID": "125570",
      "srcText": "뉴턴은 프리즘을 이용해 빛에 대한 연구를 했어요. 그래서 굴절 광선은 프리즘에 일곱 가지 빛을 내지만 반사 광선은 그렇지 않다는 것을 알아냈답니다. 뉴턴은 이것을 바탕으로 반사 망원경을 만들었어요. “다른 과학자가 만든 망원경은 흐릿하게 보여 불편했는데, 뉴턴이 만든 망원경은 먼 곳도 아주 잘 보여.” 망원경을 본 사람들은 뉴턴을 크게 칭찬했어요. 뉴턴이 만든 망원경은 작고 편리해서 많은 사람들이 쉽게 사용할 수 있었어요. 뉴턴은 이 망원경으로 넓은 밤 하늘을 관찰했어요. 수많은 별들과 하나뿐인 달. 뉴턴은 이름 모를 별들에게 마음을 전하며 평생 그들의 친구가 되었답니다.",
      "srcPage": 16,
      "srcSentenceEA": 9,
      "srcWordEA": 87
    },
    {
      "srcTextID": "125571",
      "srcText": "뉴턴은 그 동안 연구한 것들을 책으로 썼어요. ‘프린키피아’라는 책이 세상에 나오자 사람들은 깜짝 놀랐어요. 온 우주에 가득 차 있는 만유 인력을 아무도 모르고 있었어요. 만유 인력의 힘이 많은 사람들의 마음을 잡아당겼어요. 뉴턴의 과학 세계로 말이에요. 여왕님은 뉴턴에게 ‘기사’ 칭호를 내렸답니다. '바보 뉴턴' 이라고 놀림받던 시골뜨기 소년은 '천재 뉴턴' 으로 사람들의 칭찬을 받았어요. 이제 뉴턴은 하늘 나라로 떠났지만 만유 인력은 영원히 떠나지 않는 힘이 되었어요. 바로 우리들 마음속에 커다란 우주가 있으니까요.",
      "srcPage": 17,
      "srcSentenceEA": 14,
      "srcWordEA": 81
    },
    {
      "srcTextID": "125555",
      "srcText": "\"쌔앵 쌩.\" 찬바람이 세차게 부는 어느 겨울날이었어요. 영국의 작은 시골 마을에 우렁찬 아기의 울음소리가 울려 퍼졌어요. \"으앙! 으아앙!\" 두 손을 꼭 쥐고 울음보를 터뜨린 이 아기가 바로 아이작 뉴턴이랍니다.",
      "srcPage": 1,
      "srcSentenceEA": 5,
      "srcWordEA": 33
    }
  ]
}