{
  "title": "고흐",
  "author": "우현옥",
  "illustrator": "김순금",
  "isbn": "9788992636506",
  "readAge": "유아",
  "publishedYear": 2007,
  "publisher": "교연아카데미",
  "classification": "사회관계",
  "paragraphInfoCount": 17,
  "paragraphInfo": [
    {
      "srcTextID": "124870",
      "srcText": "\"사랑하는 테오야, 나는 왜 이렇게 약한 사람인지 모르겠구나!\" 테오는 고흐의 편지를 받고 마음이 몹시 아팠어요. \"형이 할 수 있는 일은 얼마든지 있을 거야.\" 테오의 편지에 고흐는 큰 힘을 얻었답니다.",
      "srcPage": 8,
      "srcSentenceEA": 4,
      "srcWordEA": 31
    },
    {
      "srcTextID": "124873",
      "srcText": "어느 날 고흐는 저녁 식사에 초대받았어요. \"오늘 저녁은 감자예요. 우리가 땀 흘려 거둔 음식이니 맛있게 드세요.\" 희미한 호롱불 아래서 고흐는 이웃과 함께 감자를 맛있게 먹었습니다. 이웃들의 손은 마디가 굵고 거칠었어요. 쩍쩍 갈라진 손바닥에서는 금방이라도 피가 흐를 것 같았어요. 하지만 모두들 입가에 행복한 미소를 가득 머금고 있었답니다. 고흐는 그 날 저녁 식사 때 모습을 그림으로 그렸어요. 바로 감자 먹는 사람들이란 그림이랍니다.",
      "srcPage": 10,
      "srcSentenceEA": 9,
      "srcWordEA": 67
    },
    {
      "srcTextID": "124875",
      "srcText": "고흐는 푸른 하늘과 따뜻한 햇볕이 있는 마을로 가고 싶어졌어요. \"우리 시골로 가서 함께 그림을 그리면 어떨까? 서로의 그림도 봐 주고 말이야.\" 그러나 아무도 고흐와 함께 떠나려고 하지 않았습니다. \"글쎄, 난 도시를 떠나고 싶지 않아.\" 고흐는 다시 외톨이가 되어 혼자 시골로 내려갔지요. 고흐는  아를의 노란 집에 작은 화실을 꾸몄어요. \"사랑하는 테오야, 아를의 태양은 너무나 아름다워! 너에게 꼭 보여 주고 싶구나.\" 고흐는 테오에게 편지를 쓰며 외로운 마음을 달랬어요.",
      "srcPage": 12,
      "srcSentenceEA": 10,
      "srcWordEA": 73
    },
    {
      "srcTextID": "124876",
      "srcText": "고흐의 그림은 인기가 없었어요. 그림을 사는 사람이 한 명도 없었답니다. 그래서 고흐는 항상 가난했지요. 모델을 구하기도 힘들었어요. 고흐는 거울 속의 자기 모습을 그리기도 하고 테오의 편지를 전해 주러 온 집배원 아저씨를 그리기도 했어요. 고흐는 온 정신을 그림에 빼앗겼어요. 낮에는 눈부신 태양 아래서 해바라기를 그리고 밤에는 별이 빛나는 밤하늘을 그렸지요. 그림을 그리다 보면 어느 새 새벽이 밝아 있곤 했어요.",
      "srcPage": 13,
      "srcSentenceEA": 8,
      "srcWordEA": 65
    },
    {
      "srcTextID": "124877",
      "srcText": "\"이봐, 고흐! 내가 왔네.\" 고갱이 아를로 고흐를 찾아왔어요. 고흐는 친구를 위해 새롭게 방을 꾸미고 반갑게 맞아 주었어요. 그러나 고갱과 고흐는 서로의 그림에 대해 생각이 달랐어요. \"자네 얼굴을 그렸군. 그런데 왼쪽 귀를 잘못 그렸잖아?\"고갱이 고흐의 초상화를 보며 말했어요.",
      "srcPage": 14,
      "srcSentenceEA": 8,
      "srcWordEA": 43
    },
    {
      "srcTextID": "124864",
      "srcText": "\"크르렁! 컹컹컹!\" 고흐는 골목길에서 사나운 개를 만났어요. 개는 금방이라도 덤벼들 것처럼 고흐를 노려봤어요. 하지만 고흐는 조심조심 종이를 꺼내 들었어요. \"가만히 있어 봐. 널 멋지게 그려 줄 테니까!\" 고흐는 무서운 개를 달래며 '쓱쓱 삭삭'그려 나갔어요. 개는 얌전히 그림만 그리는 고흐가 재미없었나 봐요. 심드렁해진 개는 배를 깔고 바닥에 누워 버렸답니다.",
      "srcPage": 1,
      "srcSentenceEA": 11,
      "srcWordEA": 57
    },
    {
      "srcTextID": "124866",
      "srcText": "또 숲 속에서 만난 뱀을 그리겠다고 덤볐다가 혼이 난 적도 있답니다. \"고흐, 조심해야지. 독이 있으면 어쩌려고?\" 엄마는 항상 고흐가 걱정스러웠어요.",
      "srcPage": 3,
      "srcSentenceEA": 4,
      "srcWordEA": 22
    },
    {
      "srcTextID": "124867",
      "srcText": "고흐의 가장 친한 친구는 동생 테오였지요. \"난 형이 그리는 그림이 참 좋아!\" 테오는 항상 고흐 옆에 붙어다녔어요. \"테오야, 비밀 하나 가르쳐 줄까?\" 고흐가 테오의 귀에 대고 속삭였어요. \"저 위에 까치가 집을 지었어. 곧 알을 낳을 거야.\" \"와! 멋지다. 형, 이건 우리 둘만의 비밀이야!\" 두 사람은 까치가 알을 낳을 때까지 아무에게도 말하지 않았답니다.",
      "srcPage": 4,
      "srcSentenceEA": 10,
      "srcWordEA": 58
    },
    {
      "srcTextID": "124874",
      "srcText": "\"형이 화가가 되는 걸 돕고 싶어. 내가 있는 파리로 와서 함께 지내자.\" 테오의 편지를 받고 고흐는 곧장 파리로 달려갔어요. 아름다운 도시 파리에 도착한 고흐는 입을 다물지 못했어요. 게다가 파리에는 수많은 화가들이 자신의 그림을 뽐내고 있었어요. 고흐는 그 중에서 인상파의 그림이 제일 마음에 들었어요. \"나도 이런 그림을 그리고 싶었어!\" 인상파의 그림처럼 고흐의 그림에도 밝고 화려한 색깔이 넘쳐났어요.",
      "srcPage": 11,
      "srcSentenceEA": 8,
      "srcWordEA": 62
    },
    {
      "srcTextID": "124879",
      "srcText": "귀의 상처는 다 나았지만 고흐는 치료를 계속 받아야 했어요. \"더 이상 그림을 그리지 않는 게 좋겠습니다.\" 이 소식을 듣고 달려온 테오는 고흐에게 용기를 주었어요. \"형, 기운 내. 곧 다시 그림을 그릴 수 있게 될 거야! 아내와 나는 우리 아기에게 고흐라는 이름을 지어 주기로 했어!\" 고흐는 기쁜 마음으로 다시 그림을 그렸어요.",
      "srcPage": 16,
      "srcSentenceEA": 7,
      "srcWordEA": 54
    },
    {
      "srcTextID": "124868",
      "srcText": "고흐는 집에서 멀리 떨어진 학교에 다니게 되었어요. \"형, 방학 때는 꼭 집에 와야 돼!\" 테오는 형과 헤어지기가 싫었어요. 고흐는 방학이 되기만을 기다리며 열심히 공부했어요. 여러 나라의 말을 배우고 많은 책도 읽었어요. 고흐는 책에서 본 여러 나라들을 상상하며 새로운 그림을 그려 보곤 했답니다.",
      "srcPage": 5,
      "srcSentenceEA": 6,
      "srcWordEA": 46
    },
    {
      "srcTextID": "124869",
      "srcText": "고흐는 학교를 졸업하고 그림 가게에서 일했어요. 하루 종일 그림 속에 파묻혀 있는 것이 아주 즐거웠답니다. 얼마 후 테오도 그림 가게에서 일을 하게 되었어요. 고흐는 테오에게 편지를 썼어요. \"테오야, 우리가 같은 일을 하게 되다니, 정말 기쁘구나. 편지로 서로의 소식을 전하도록 하자.\" 테오도 곧 고흐에게 답장을 썼지요. \"형, 정말 좋은 생각이야!\" 이렇게 시작된 고흐와 테오의 편지는 평생동안 이어졌답니다.",
      "srcPage": 6,
      "srcSentenceEA": 9,
      "srcWordEA": 62
    },
    {
      "srcTextID": "124872",
      "srcText": "고흐는 석탄 캐는 마을에서 살기로 했어요. 그 곳에도 가난한 사람들이 많았거든요. \"테오야, 석탄 캐는 일은 너무나 힘들구나!\" 고흐는 석탄 캐는 사람들을 그림으로 그렸어요. \"이 그림을 좀 봐! 마치 내가 그림 속에 살아 있는 것 같아!\" 석탄 캐는 사람들은 고흐의 그림을 좋아했어요. 고흐는 말할 수 없는 기쁨을 맛보았어요. '그래, 바로 이거야!' 고흐는 화가가 되기로 결심했어요. 그림을 그릴 때 가장 행복하다는 걸 그제야 알았던 거예요.",
      "srcPage": 9,
      "srcSentenceEA": 11,
      "srcWordEA": 70
    },
    {
      "srcTextID": "124878",
      "srcText": "고흐는 언제나 자신의 그림을 삐뚤게 말하는 고갱에게 화가 났어요. \"잘못 그렸다고? 잘 봐. 이 그림은 내 귀와 똑같다고!\" 화를 참지 못한 고흐는 그만 칼로 자신의 왼쪽 귀를 잘라 버리고 말았어요.",
      "srcPage": 15,
      "srcSentenceEA": 5,
      "srcWordEA": 33
    },
    {
      "srcTextID": "124880",
      "srcText": "까마귀 떼가 시커멓게 날아오르는 어느 날이었어요. 흐린 하늘에 슬픈 총 소리가 울렸지요. 황금빛 보리밭에 앉아 그림을 그리던 고흐는 이 슬프고도 우울한 그림을 마지막으로 그만 세상을 떠나고 말았어요. 테오도 곧 형을 따라 세상을 떠났어요. 가족들은 고흐와 테오를 나란히 묻어 주었지요. 고흐가 세상을 떠난 후 사람들은 고흐를 그리워했어요. 고흐의 그림을 이해하기 시작한 거죠. 고흐는 한쪽 귀만으로도 세상 사람들의 따뜻한 목소리를 잘 듣고 있을 거예요.",
      "srcPage": 17,
      "srcSentenceEA": 8,
      "srcWordEA": 69
    },
    {
      "srcTextID": "124865",
      "srcText": "고흐가 태어난 곳은 네덜란드의 작은 시골이에요. 고흐는 마을 여기저기를 다니며 그림 그리는 것을 좋아했어요. 황금 보리밭을 뛰어다니다가 잘 익은 보리를 엉망으로 만들어 놓기도 했어요.",
      "srcPage": 2,
      "srcSentenceEA": 3,
      "srcWordEA": 26
    },
    {
      "srcTextID": "124871",
      "srcText": "고흐는 그림 가게를 그만두고 선생님이 되었어요. 고흐가 가르치는 아이들 중에는 가난한 아이들이 많았어요. 아이들은 툭하면 수업을 빠지고 돈을 벌러 가야 했어요. 고흐는 가난한 학생들을 돕기 위해 아빠처럼 목사가 되기로 결심했답니다. 하지만 목사가 되는 것은 쉽지 않았어요.",
      "srcPage": 7,
      "srcSentenceEA": 5,
      "srcWordEA": 40
    }
  ]
}