{
  "title": "장보고",
  "author": "좋은글샘",
  "illustrator": "김백송",
  "isbn": "9788992636612",
  "readAge": "유아",
  "publishedYear": 2007,
  "publisher": "교연아카데미",
  "classification": "사회관계",
  "paragraphInfoCount": 28,
  "paragraphInfo": [
    {
      "srcTextID": "95345",
      "srcText": "장보고는 낮에는 열심히 일하고, 밤에는 중국 말과 무술을 익혔어요. \"장수가 되고 싶어서 당나라에서 왔다고?\" 젊었을 때 유명한 장수였던 가게 주인은 장보고에게 무예를 가르쳐 주었어요. 장보고의 무예 솜씨는 하루가 다르게 좋아졌지요.",
      "srcPage": 13,
      "srcSentenceEA": 4,
      "srcWordEA": 32
    },
    {
      "srcTextID": "95351",
      "srcText": "공사장의 관리가 아이들에게 채찍을 휘두르는 게 아니겠어요? '아니? 이럴 수가.' 장보고는 얼른 달려가서 채찍을 멈추게 했어요.",
      "srcPage": 17,
      "srcSentenceEA": 3,
      "srcWordEA": 18
    },
    {
      "srcTextID": "95356",
      "srcText": "\"이 아이들은 내가 데려가겠소.\" 장보고는 아이들을 그냥 두고 갈 수가 없었어요. \"안 됩니다, 장군님! 저희가 해적들에게 큰돈을 주고 산 노예입니다.\" 공사장 관리는 펄쩍 뛰었어요.",
      "srcPage": 18,
      "srcSentenceEA": 5,
      "srcWordEA": 27
    },
    {
      "srcTextID": "95358",
      "srcText": "장보고는 곧장 임금님을 찾아갔어요. \"그대는 당나라에서 장군이 되었다는 장보고가 아닌가?\" 임금님은 장보고를 반갑게 맞아 주었어요.",
      "srcPage": 20,
      "srcSentenceEA": 3,
      "srcWordEA": 16
    },
    {
      "srcTextID": "95363",
      "srcText": "얼마 후 정말 해적선이 나타났어요. 해적선은 검은 깃발을 펄럭이며 신라의 바다로 들어오고 있었어요. \"드디어 신라 수군의 힘을 보여 줄 때가 왔다. 죽기를 각오하고 싸우자.\"",
      "srcPage": 24,
      "srcSentenceEA": 4,
      "srcWordEA": 26
    },
    {
      "srcTextID": "95364",
      "srcText": "\"한 척도 놓치지 말고 모두 쳐부수어라!\" 장보고는 맨 앞에 서서 군사들을 지휘했어요. \"신라에 이렇게 무서운 장군이 있었다니!\"",
      "srcPage": 26,
      "srcSentenceEA": 3,
      "srcWordEA": 18
    },
    {
      "srcTextID": "95366",
      "srcText": "장보고가 바다를 지킨다는 소문이 돌자, 중국과 일본의 장사꾼들이 청해진을 찾아왔어요. 해적들을 피해서 안전하게 장사를 할 수 있었기 때문이지요. 장보고는 중국과 일본을 상대로 큰 이익을 남겼어요. \"바다의 왕, 장보고 장군 만세!\" 가난한 어부의 아들 장보고는 많은 사람들의 존경을 받는 바다의 왕이 되었답니다.",
      "srcPage": 28,
      "srcSentenceEA": 5,
      "srcWordEA": 44
    },
    {
      "srcTextID": "95341",
      "srcText": "배가 신라를 떠난 지 삼일 째 되는 날이었어요. 갑자기 창고 문이 덜컥 얼렸어요. 구석에 웅크리고 있던 궁복이는 깜짝 놀랐지요.",
      "srcPage": 9,
      "srcSentenceEA": 3,
      "srcWordEA": 21
    },
    {
      "srcTextID": "95355",
      "srcText": "\"만일 네 자식이 해적에게 붙잡혀 갔다면 어떻게 하겠느냐?\" 장보고는 관리를 야단치고 아이들을 데려왔어요. '이제 신라로 돌아갈 때가 되었구나.' 장보고는 벼슬을 모두 버리고 아이들과 함께 신라로 돌아왔답니다.",
      "srcPage": 19,
      "srcSentenceEA": 4,
      "srcWordEA": 28
    },
    {
      "srcTextID": "95357",
      "srcText": "\"지금 신라의 바다에는 해적들이 쳐들어와 사람들을 마구 잡아가고 있습니다. 제가 바다를 지킬 수 있도록 해 주십시오.\" 임금님은 크게 기뻐하며 장보고에게 청해진대사라는 벼슬을 내렸어요.",
      "srcPage": 21,
      "srcSentenceEA": 3,
      "srcWordEA": 25
    },
    {
      "srcTextID": "95359",
      "srcText": "'해적들과 싸우려면 든든한 배가 필요하다.' 장보고는 군사들과 함께 배를 만들었어요. 청해진에 망치 소리와 톱질 소리가 요란하게 울려 펴졌답니다.",
      "srcPage": 22,
      "srcSentenceEA": 3,
      "srcWordEA": 20
    },
    {
      "srcTextID": "95362",
      "srcText": "\"자, 앞으로 돌격!\" 장보고의 명령이 떨어졌어요. 군사들의 사기는 하늘을 찌를 듯했답니다.",
      "srcPage": 25,
      "srcSentenceEA": 3,
      "srcWordEA": 13
    },
    {
      "srcTextID": "95365",
      "srcText": "당황한 해적들은 도망가기 바빴어요. \"만세! 장보고 장군 만세!\" 장보고가 지키는 신라의 바다에 다시 평화가 찾아왔답니다.",
      "srcPage": 27,
      "srcSentenceEA": 3,
      "srcWordEA": 17
    },
    {
      "srcTextID": "95326",
      "srcText": "\"와아! 야호!\" 파란 바닷물 속으로 아이들이 우르르 뛰어들었어요. \"하하하! 나처럼 이렇게 헤엄을 쳐 봐.\" 어느새 깊은 곳까지 헤엄쳐 간 궁복이가 소리쳤어요.",
      "srcPage": 1,
      "srcSentenceEA": 4,
      "srcWordEA": 25
    },
    {
      "srcTextID": "95327",
      "srcText": "\"우와! 궁복이 좀 봐!\" 모두들 궁복이를 부러운 듯 쳐다보았어요. 궁복이는 바다에서 하는 놀이라면 무엇이든지 으뜸이었거든요.",
      "srcPage": 2,
      "srcSentenceEA": 3,
      "srcWordEA": 18
    },
    {
      "srcTextID": "95329",
      "srcText": "궁복이의 아버지는 가난한 어부였어요. 바다에서 돌아오시면, 언제나 그물을 손질하셨지요. \"아버지, 저도 고기 잡는 법을 배울래요!\"",
      "srcPage": 3,
      "srcSentenceEA": 3,
      "srcWordEA": 16
    },
    {
      "srcTextID": "95328",
      "srcText": "궁복이는 아버지를 도우며 말했어요. \"궁복아, 너는 글을 배워 훌륭한 사람이 되었으면 좋겠구나.\" 아버지는 궁복이의 머리를 쓰다듬어 주었어요.",
      "srcPage": 4,
      "srcSentenceEA": 3,
      "srcWordEA": 18
    },
    {
      "srcTextID": "95333",
      "srcText": "아버지가 바다로 나가시면, 궁복이는 더욱 열심히 글을 읽었어요. 그러던 어느 날 궁복이의 어깨가 축 처졌어요. 글 공부를 아무리 열심히 해도 어부의 자식은 나라의 관리가 될 수 없대요.",
      "srcPage": 5,
      "srcSentenceEA": 3,
      "srcWordEA": 29
    },
    {
      "srcTextID": "95332",
      "srcText": "궁복이는 터덜터덜 포구로 나갔답니다. 그때 마침 당나라 무역선이 포구로 들어왔지요. '그래, 맞아! 당나라로 가는 거야!' 당나라에서는 열심히 공부만 하면 관리가 될 수 있었거든요.",
      "srcPage": 6,
      "srcSentenceEA": 5,
      "srcWordEA": 26
    },
    {
      "srcTextID": "95337",
      "srcText": "'아버지, 반드시 큰 인물이 되어 돌아오겠습니다.' 궁복이는 부모님께 편지 한 장을 남기고 집을 나섰어요. 그러고는 뱃사람들이 모두 잠든 틈을 타서 당나라 무역선으로 몰래 숨어들었답니다.",
      "srcPage": 7,
      "srcSentenceEA": 3,
      "srcWordEA": 26
    },
    {
      "srcTextID": "95336",
      "srcText": "\"철썩철썩, 쏴아!\" 멀리서 들려오는 파도 소리에 식은땀이 주르르 흘렀어요. 하지만 궁복이는 두 눈을 부릅떴어요. '용기를 내자! 당나라에 가서 훌륭한 장수가 되는 거야!'",
      "srcPage": 8,
      "srcSentenceEA": 5,
      "srcWordEA": 25
    },
    {
      "srcTextID": "95339",
      "srcText": "\"웬 녀석이냐?\" 선원은 궁복이를 선장 앞으로 끌고 갔어요. \"당나라에는 무엇 대문에 가려고 하느냐?\" 당나라 말이 서툰 궁복이는 종이에 글을 써서 자신의 뜻을 전했어요.",
      "srcPage": 10,
      "srcSentenceEA": 4,
      "srcWordEA": 25
    },
    {
      "srcTextID": "95340",
      "srcText": "\"허허, 아주 용감한 녀석이구나!\" 선장은 궁복이의 용기가 마음이 쏙 들었어요. 궁복이는 선장의 도움으로 무사히 당나라에 도착하게 되었답니다.",
      "srcPage": 11,
      "srcSentenceEA": 3,
      "srcWordEA": 19
    },
    {
      "srcTextID": "95344",
      "srcText": "당나라에는 신라에서 온 사람들이 많이 있었어요. 궁복이는 신라방에 있는 큰 가게에서 일했지요. 이때부터 궁복이는 장보고라는 중국식 이름으로 불리게 되었답니다.",
      "srcPage": 12,
      "srcSentenceEA": 3,
      "srcWordEA": 21
    },
    {
      "srcTextID": "95347",
      "srcText": "드디어 장보고의 솜씨를 마음껏 뽐낼 수 있는 날이 왔어요. 무술 대회가 열린 거예요. \"휘이익!\" 바람을 가르며 날아간 장보고의 화살은 과녁의 한가운데에 꽂혔어요. '챙챙챙.' 장보고의 칼 솜씨는 마치 춤을 추는 것 같았지요. 장보고는 당나라의 수많은 젊은이들을 제치고 당당히 장군이 되었답니다.",
      "srcPage": 14,
      "srcSentenceEA": 5,
      "srcWordEA": 43
    },
    {
      "srcTextID": "95352",
      "srcText": "어느 날 장보고 장군이 공사장 옆을 지날 때였어요. \"이 신라의 돼지들아! 뭘 꾸물거리는 거냐?\"",
      "srcPage": 15,
      "srcSentenceEA": 3,
      "srcWordEA": 15
    },
    {
      "srcTextID": "95353",
      "srcText": "장보고는 깜짝 놀라 소리 나는 쪽을 쳐다보았어요. 노예로 팔려 온 신라의 아이들이었어요. \"빨리빨리 움직이지 못해!\"",
      "srcPage": 16,
      "srcSentenceEA": 3,
      "srcWordEA": 16
    },
    {
      "srcTextID": "95360",
      "srcText": "드디어 배가 완성되었어요. \"자, 모두 배에 올라타라!\" \"와아!\" 군사들의 함성에 청해진이 떠나갈 듯했어요.",
      "srcPage": 23,
      "srcSentenceEA": 3,
      "srcWordEA": 14
    }
  ]
}