{
  "title": "아인슈타인",
  "author": "교연아카데미 편집부",
  "illustrator": "채종월",
  "isbn": "9788992636438",
  "readAge": "유아",
  "publishedYear": 2007,
  "publisher": "교연아카데미",
  "classification": "사회관계",
  "paragraphInfoCount": 40,
  "paragraphInfo": [
    {
      "srcTextID": "109192",
      "srcText": "가족들은 아인슈타인을 독일에 남겨 두고 떠났어요. 아인슈타인은 무섭고 엄한 기숙사 생활을 견디지 못하여 그만 병이 나고 말았어요. 아인슈타인은 졸업을 6개월 남겨 둔 채 이탈리아의 가족들에게 갔어요.",
      "srcPage": 16,
      "srcSentenceEA": 3,
      "srcWordEA": 28
    },
    {
      "srcTextID": "109185",
      "srcText": "독일은 군인들이 나라를 다스렸어요. 아이들은 전쟁놀이를 하며 놀았답니다. 이 다음에 어른이 되면 전쟁터에 나가 용감하게 싸우기 위해서지요.",
      "srcPage": 9,
      "srcSentenceEA": 3,
      "srcWordEA": 19
    },
    {
      "srcTextID": "109191",
      "srcText": "\"졸업장이 없으면 대학에도 못 갈 텐데 어쩔 셈이냐?\" 아버지는 몹시 화가 나셨어요. \"스위스의 취리히 공과 대학은 졸업장이 없어도 시험에만 합격하면 된대요.\"",
      "srcPage": 17,
      "srcSentenceEA": 3,
      "srcWordEA": 22
    },
    {
      "srcTextID": "109195",
      "srcText": "스위스의 김나지움은 독일과는 달리 분위기가 자유로웠어요. 아인슈타인은 하고 싶은 공부를 마음껏 하였고 친구들과 자유롭게 토론도 하였어요. 아인슈타인은 우수한 성적으로 졸업할 수 있었어요.",
      "srcPage": 20,
      "srcSentenceEA": 3,
      "srcWordEA": 24
    },
    {
      "srcTextID": "109198",
      "srcText": "아인슈타인과 밀레바는 여러 가지로 통하는 점이 많았어요. 대학을 마친 아인슈타인은 스위스의 특허국에 취직했어요. 아인슈타인은 일을 마치고 남는 시간에는 물리학 연구에 몰두했어요.",
      "srcPage": 22,
      "srcSentenceEA": 3,
      "srcWordEA": 23
    },
    {
      "srcTextID": "109199",
      "srcText": "특허청장은 아인슈타인을 크게 칭찬했어요. \"아인슈타인 같은 직원은 처음이야. 다른 사람이 하루 종일 걸려 해낼 일을 단 세 시간 만에 해치우니 말이야.\"",
      "srcPage": 23,
      "srcSentenceEA": 3,
      "srcWordEA": 22
    },
    {
      "srcTextID": "109216",
      "srcText": "이것으로 전쟁은 끝이 났지만 아인슈타인은 너무도 가슴이 아팠어요. 아인슈타인은 자신의 학문이 평화를 위해 쓰이지 못하고, 전쟁에 이용되어 많은 사람들을 죽게 만든 것에 죄책감을 느꼈어요. 그래서 핵무기 폐기 운동 등 평화를 지키기 위해 많은 노력을 기울였어요.",
      "srcPage": 39,
      "srcSentenceEA": 3,
      "srcWordEA": 37
    },
    {
      "srcTextID": "109184",
      "srcText": "화창한 어느 봄날, 아인슈타인네 가족은 소풍을 갔어요. 공원에 이르렀을 때, 건너편 큰길 쪽에서 북 소리와 나팔 소리가 울려 왔어요. 잠시 후, 총을 멘 군인들이 씩씩하게 노래를 부르며 걸어오고 있었어요.",
      "srcPage": 6,
      "srcSentenceEA": 3,
      "srcWordEA": 31
    },
    {
      "srcTextID": "109182",
      "srcText": "\"독일! 독일! 세상에서 제일 가는 우리 나라!\" 구경하던 아이들이 손뼉을 치며 좋아했어요. 그런데 갑자기 아인슈타인이 울음으 ㄹ터뜨렸어요.",
      "srcPage": 7,
      "srcSentenceEA": 4,
      "srcWordEA": 21
    },
    {
      "srcTextID": "109190",
      "srcText": "학교에서도 수학만은 늘 1등이었어요. 어느 날 아인슈타인은 유대인 친구로부터 '통속 과학 대계'라는 책을 빌려 보게 되었어요. 그 책에는 과학의 모든 이야기가 알기 쉽게 씌어 있었어요. 그 책을 읽은 아인슈타인은 과학에 많은 흥미를 갖게 되었어요.",
      "srcPage": 14,
      "srcSentenceEA": 6,
      "srcWordEA": 38
    },
    {
      "srcTextID": "109209",
      "srcText": "1921년 아인슈타인은 노벨 물리학상을 받았어요. 노벨 물리학상은 전세계에서 물리학 연구에 가장 공이 큰 사람에게 주는 영광스러운 상이에요. 이 때 독일은 나치스의 히틀러 지배 아래 있었어요.",
      "srcPage": 33,
      "srcSentenceEA": 3,
      "srcWordEA": 27
    },
    {
      "srcTextID": "109210",
      "srcText": "히틀러는 독일 국민들을 충동질하여 세계를 다시 한 번 전쟁의 소용돌이로 몰아 갔어요. 이번에는 이탈리아와 일본도 독일에 합세했어요. 인류 역사상 가장 많은 사람이 죽은 제 2차 세계대전이 시작된거예요.",
      "srcPage": 34,
      "srcSentenceEA": 3,
      "srcWordEA": 29
    },
    {
      "srcTextID": "109186",
      "srcText": "아인슈타인은 공부도 못했지만 유대인이라 늘 친구들의 놀림감이 되었어요. 선생님도 어려운 질문만 하는 아인슈타인을 미워했어요. '아, 정말 학교 가기 싫어!' 아인슈타인은 숨이 막힐 것 같았어요.",
      "srcPage": 11,
      "srcSentenceEA": 4,
      "srcWordEA": 26
    },
    {
      "srcTextID": "109189",
      "srcText": "초등 학교를 간신히 졸업한 아인슈타인은 김나지움에 들어갔어요. 김나지움 역시 군대처럼 엄격했고 유대인에 대한 차별이 심했어요. \"엄마 왜 독일 사람들은 우리를 미워해요?\"",
      "srcPage": 12,
      "srcSentenceEA": 3,
      "srcWordEA": 22
    },
    {
      "srcTextID": "109193",
      "srcText": "아인슈타인네 가족은 이탈리아로 이사를 가게 되었어요. 아버지가 빚을 많이 져서 공장을 팔아야 했답니다. \"아인슈타인, 너는 2년 후면 졸업을 하니 기숙사에 들어가 공부를 마치고 오너라.\"",
      "srcPage": 15,
      "srcSentenceEA": 3,
      "srcWordEA": 25
    },
    {
      "srcTextID": "109194",
      "srcText": "\"자네가 본 수학 성적은 아주 뛰어나네. 하지만 다른 과목이 뒤떨어지니 김나지움에서 1년만 더 공부하면 우리 대학에 입학시켜 주겠네.\" 학장은 아인슈타인에게 용기를 주었습니다.",
      "srcPage": 19,
      "srcSentenceEA": 3,
      "srcWordEA": 24
    },
    {
      "srcTextID": "109197",
      "srcText": "마침내 아인슈타인은 대학생이 되었어요. 아인슈타인은 물리학 공부에 전념했어요. 그리고 밀레바라는 아름다운 아가씨를 사랑하게 되었답니다.",
      "srcPage": 21,
      "srcSentenceEA": 3,
      "srcWordEA": 16
    },
    {
      "srcTextID": "109212",
      "srcText": "아인슈타인은 미국 대통령에게 독일보다 미국이 먼저 핵폭탄을 만들어야 한다고 말했어요. 미국이 먼저 만들면 독일이 포기할 것이라고 생각했기 때문이지요. 그래서 미국을 도와 원자폭탄을 만들었어요.",
      "srcPage": 37,
      "srcSentenceEA": 3,
      "srcWordEA": 25
    },
    {
      "srcTextID": "109214",
      "srcText": "하지만 이것을 사용하는 것에는 반대했어요. 그러나 미국은 끝까지 항복하지 않는 일본에 원자 폭탄 두 개를 떨어뜨렸어요. 일본은 순식간에 불바다가 되어 많은 사람들이 불에 타 죽거나 다쳤어요.",
      "srcPage": 38,
      "srcSentenceEA": 3,
      "srcWordEA": 28
    },
    {
      "srcTextID": "109215",
      "srcText": "세월이 흘러 할아버지가 된 아인슈타인은 많은 사람들의 존경을 받으며 살았어요. 미국의 집에 있을 때에는 마을 어린이들에게 수학 문제를 풀어 주는 자상한 할아버지가 되어 주기도 했어요. 1955년, 아인슈타인은 일흔여섯 살의 나이로 세상을 떠났답니다.",
      "srcPage": 40,
      "srcSentenceEA": 3,
      "srcWordEA": 34
    },
    {
      "srcTextID": "109180",
      "srcText": "꼬마 아인슈타인은 정말 호기심이 많은 아이였어요. 아인슈타인의 부모님은 유대인이었어요. 그 때, 유대인들은 나라가 없어서 세계 여러 나라에 흩어져 살고 있었어요.",
      "srcPage": 4,
      "srcSentenceEA": 3,
      "srcWordEA": 22
    },
    {
      "srcTextID": "109188",
      "srcText": "엄마의 얼굴이 금세 어두워졌어요. \"아인슈타인, 그럴수록 더욱 열심히 공부해서 우리 유대인이 얼마나 훌륭한지를 보여 주어야 한다.\" 아인슈타인은 삼촌과 함께 하는 수학 공부가 무척 즐거웠어요.",
      "srcPage": 13,
      "srcSentenceEA": 3,
      "srcWordEA": 25
    },
    {
      "srcTextID": "109177",
      "srcText": "\"나침반은 자석으로 되어 있어. 그리고 우리가 사는 지구도 커다란 자석이란다. 지구의 힘이 나침반을 잡아당기기 때문이지.\"",
      "srcPage": 2,
      "srcSentenceEA": 3,
      "srcWordEA": 17
    },
    {
      "srcTextID": "109179",
      "srcText": "아인슈타인은 무슨 말인지 잘 몰랐어요. 아인슈타인은 밤늦도록 나침반을 뚫어져라 쳐다보고 있었어요. '지구가 자석이라니 참 신기하다. 어떻게 해서 지구가 자석이 됐을까?'",
      "srcPage": 3,
      "srcSentenceEA": 4,
      "srcWordEA": 22
    },
    {
      "srcTextID": "109181",
      "srcText": "아버지는 발전기 만드는 공장을 하셨어요. 항상 따뜻한 마음으로 가족들을 돌보셨답니다. 어머니는 아인슈타인에게는 바이올린을, 여동생 마야에게는 피아노를 가르쳐 주었어요. 아인슈타인은 바이올린을 무척 좋아했어요. 아버지가 노래를 부르고, 어머니와 마야가 피아노를 치고, 아인슈타인이 바이올린을 켜면 근사한 가족 음악회가 되었어요.",
      "srcPage": 5,
      "srcSentenceEA": 5,
      "srcWordEA": 40
    },
    {
      "srcTextID": "109200",
      "srcText": "그 때까지 사람들은 200년 전 뉴턴의 학설을 믿고 있었어요. '이 세상의 모든 것은 정해진 규칙에 의해 움직인다.' 는 주장이었지요.",
      "srcPage": 25,
      "srcSentenceEA": 3,
      "srcWordEA": 20
    },
    {
      "srcTextID": "109202",
      "srcText": "하지만 아인슈타인은 뉴턴과는 다른 말을 했어요. 세상에 정해진 규칙은 없고, 모든 것은 시간과 장소에 따라 변한다고 했어요. 물질이 에너지로 바뀌기도 하고, 에너지가 물질로 바뀌기도 하고 말예요.",
      "srcPage": 26,
      "srcSentenceEA": 3,
      "srcWordEA": 28
    },
    {
      "srcTextID": "109205",
      "srcText": "뒷날 원자 폭탄을 만드는 데 바탕이 된 이 이론은 세상을 깜짝 놀라게 할 만한 학설이었어요. 하지만 사람들은 어려워서 잘 이해하지 못했어요. 아인슈타인은 상대성 이론을 이렇게 설명했어요.",
      "srcPage": 27,
      "srcSentenceEA": 3,
      "srcWordEA": 28
    },
    {
      "srcTextID": "109196",
      "srcText": "아인슈타인은 아버지를 설득했어요. 하지만 아인슈타인은 시험에 떨어지고 말았어요. 아인슈타인은 몹시 실망했어요. 그런데 얼마 후, 대학 학장으로부터 연락이 왔어요.",
      "srcPage": 18,
      "srcSentenceEA": 4,
      "srcWordEA": 21
    },
    {
      "srcTextID": "109201",
      "srcText": "아인슈타인은 밀레바와 결혼했어요. 밀레바는 아인슈타인의 연구 활동에 많은 도움을 주었어요. 1905년 아인슈타인은 그 동안의 연구 결과로 상대성 이론을 발표했어요.",
      "srcPage": 24,
      "srcSentenceEA": 3,
      "srcWordEA": 21
    },
    {
      "srcTextID": "109203",
      "srcText": "\"당신이 아름다운 아가씨와 사랑을 나누고 있을 때는 한 시간이 마치 1초처럼 느껴질 것입니다. 당신이 시뻘겋게 타고 있는 석탄 위에 앉아 있다면 1초가 마치 한 시간처럼 여겨질 것입니다. 그것이 바로 상대성 원리입니다.\"",
      "srcPage": 28,
      "srcSentenceEA": 3,
      "srcWordEA": 33
    },
    {
      "srcTextID": "109206",
      "srcText": "시간은 사람들이 얼마나 빨리, 혹은 느리게 움직이는가에 따라 다르게 흐른다는 것이었어요. 한 가지 예를 들어 볼게요. 한 젊은이가 빛과 비슷한 빠르기의 로켓을 타고 우주로 떠났어요.",
      "srcPage": 29,
      "srcSentenceEA": 3,
      "srcWordEA": 27
    },
    {
      "srcTextID": "109204",
      "srcText": "그리고 40년 만에 지구로 돌아왔어요. 젊은이는 떠났을 때의 모습과 별로 달라진 것이 없지만 지구에 잇는 여동생은 이미 할머니가 되어 있었어요. 이처럼 시간은 그 사람이 어디에 있느냐에 따라 달라질 수 있다는 거예요.",
      "srcPage": 30,
      "srcSentenceEA": 3,
      "srcWordEA": 33
    },
    {
      "srcTextID": "109208",
      "srcText": "상대성 이론의 발표로 유명해진 아인슈타인은 세계 여러 나라 대학에서 교수로 와 달라는 부탁을 받았어요. 아인슈타인은 독일에 있는 대학으로 가기로 했어요. 하지만 부인과 아이들은 독일로 가기 싫어해서 혼자서만 떠났어요. 아인슈타인이 독일에서 연구를 계속하는 동안 독일은 제 1차 세계대전이라는 무서운 전쟁을 일으켰어요.",
      "srcPage": 31,
      "srcSentenceEA": 4,
      "srcWordEA": 43
    },
    {
      "srcTextID": "109207",
      "srcText": "독일 정부는 아인슈타인에게 전쟁에 협조해 줄 것을 요청했어요. 하지만 아인슈타인은 한 마디로 거절했어요. \"저는 수많은 사람을 죽고 다치게 하는 전쟁에는 결코 찬성할 수 없습니다.\" 이 때부터 아인슈타인은 전쟁에 반대하는 평화 운동에 앞장 섰고, 독일 정부는 아인슈타인을 미워했어요.",
      "srcPage": 32,
      "srcSentenceEA": 4,
      "srcWordEA": 39
    },
    {
      "srcTextID": "109211",
      "srcText": "히틀러는 유대인을 미워해서 독일에 사는 수백만 명의 유대인을 죽였어요. 아인슈타인은 죽음을 피해 미국으로 갔어요. 그리고 그 곳 대학에서 학생들을 가르치며 연구를 계속했어요.",
      "srcPage": 35,
      "srcSentenceEA": 3,
      "srcWordEA": 24
    },
    {
      "srcTextID": "109213",
      "srcText": "전쟁은 날이 갈수록 많은 사람을 죽게 만들었어요. 아인슈타인은 독일이 자신의 상대성 이론을 이용하여 핵폭탄을 만들려고 한다는 소식을 들었어요. 그것은 생각만 해도 끔찍한 일이었어요.",
      "srcPage": 36,
      "srcSentenceEA": 3,
      "srcWordEA": 25
    },
    {
      "srcTextID": "109178",
      "srcText": "맛있는 저녁 식사 시간이었어요. 꼬마 아인슈타인이 아버지에게 물었어요. \"아버지 나침반 바늘은 왜 항상 북쪽만 가리키고 있지요?\"",
      "srcPage": 1,
      "srcSentenceEA": 3,
      "srcWordEA": 17
    },
    {
      "srcTextID": "109183",
      "srcText": "똑같은 옷을 입고, 기계처럼 움직이는 군인들이 너무나 무서웠기 때문이에요. \"아인슈타인! 이 겁쟁이 같은 녀석.\" 아버지는 아인슈타인의 약한 모습에 속이 상했어요.",
      "srcPage": 8,
      "srcSentenceEA": 3,
      "srcWordEA": 22
    },
    {
      "srcTextID": "109187",
      "srcText": "학교에서도 군대식으로 아이들을 가르쳤어요. 공부도 외우는 것만 시켰어요. 게다가 독일 사람들은 유대인을 무척 싫어했어요.",
      "srcPage": 10,
      "srcSentenceEA": 3,
      "srcWordEA": 16
    }
  ]
}