{
  "title": "페스탈로치",
  "author": "배현순",
  "illustrator": "신지연",
  "isbn": "9788992636292",
  "readAge": "유아",
  "publishedYear": 2007,
  "publisher": "교연아카데미",
  "classification": "사회관계",
  "paragraphInfoCount": 38,
  "paragraphInfo": [
    {
      "srcTextID": "95682",
      "srcText": "\"우리, 이 개울을 한 번에 넘어 볼래?\" \"와아! 그거 재밌겠다.\" 모두들 좋아했지만, 하리는 개울이 너무 깊어 보였어요. \"하리야, 뭐 해! 빨리 넘어 봐!\"",
      "srcPage": 5,
      "srcSentenceEA": 5,
      "srcWordEA": 26
    },
    {
      "srcTextID": "95681",
      "srcText": "\"그까짓 것도 못 넘고. 겁쟁이 하아리!\" 개울 저쪽에서 친구들이 놀리기 시작했어요. 뒷걸음치던 하리는 그만 '으앙' 울어 버렸어요.",
      "srcPage": 6,
      "srcSentenceEA": 5,
      "srcWordEA": 21
    },
    {
      "srcTextID": "95685",
      "srcText": "하리는 학교에 가는 것이 좋았어요. 그래서 날마다 제일 먼저 교실에 도착했어요. 선생님은 하리에게 부지런한 어린이라고 칭찬해 주셨어요 그러던 어느 날이었어요.",
      "srcPage": 7,
      "srcSentenceEA": 3,
      "srcWordEA": 22
    },
    {
      "srcTextID": "95688",
      "srcText": "잠시 후 지진이 멈추었어요. 그런데 아이들은 모두 울상이 되어 버렸어요. 책가방을 교실 안에 놓아 두고 왔기 때문이에요.",
      "srcPage": 9,
      "srcSentenceEA": 3,
      "srcWordEA": 19
    },
    {
      "srcTextID": "95686",
      "srcText": "\"자, 빨리 받아!\" 하리의 목소리는 매우 씩씩했어요. 아이들은 모두 하리에게 박수를 보냈어요. 이제 하리는 겁쟁이가 아니었어요. 어려움에 놓인 사람을 도울 줄 아는 용감한 아이였답니다.",
      "srcPage": 11,
      "srcSentenceEA": 5,
      "srcWordEA": 28
    },
    {
      "srcTextID": "95691",
      "srcText": "하리에게 너무나 슬픈 일이 생겼어요. 하리를 지극히 사랑해 주시던 아빠가 그만 세상을 떠나신 거예요. 의사 선생님이셨던 아빠는 가난한 사람들을 돌보느라 너무 힘이 드셨나 봐요.",
      "srcPage": 12,
      "srcSentenceEA": 3,
      "srcWordEA": 26
    },
    {
      "srcTextID": "97918",
      "srcText": "페스탈로치는 이제 대학생이 되었어요. 대학교에는 훌륭한 선생님들이 많았어요. 페스탈로치는 그 중에서 보드머 선생님을 가장 존경했어요.",
      "srcPage": 15,
      "srcSentenceEA": 3,
      "srcWordEA": 17
    },
    {
      "srcTextID": "95684",
      "srcText": "\"으악, 바닥이 흔들린다!\" \"유리창도 흔들려!\" 선생님과 아이들은 얼굴이 새파래졌어요. \"지, 지진이다! 빨리 여기서 나가자!\" 모두들 우르르 교실 밖으로 뛰어나왔어요.",
      "srcPage": 8,
      "srcSentenceEA": 6,
      "srcWordEA": 22
    },
    {
      "srcTextID": "95687",
      "srcText": "그 때, 하리가 쏜살같이 교실 안으로 뛰어 들어갔어요. \"안 돼! 하리. 아직은 위험하단 말야.\" 그러나 하리는 이미 창문 밖으로 가방을 던지고 있었어요.",
      "srcPage": 10,
      "srcSentenceEA": 5,
      "srcWordEA": 25
    },
    {
      "srcTextID": "95690",
      "srcText": "하리는 아빠를 잃은 슬픔에 눈물을 흘렸어요. 아빠가 돌아가신 후 하리의 집은 가난해졌어요. 엄마는 하리를 위해 슬픔을 이겨 내야만 했어요.",
      "srcPage": 13,
      "srcSentenceEA": 3,
      "srcWordEA": 21
    },
    {
      "srcTextID": "95689",
      "srcText": "\"하리야, 고아원의 아이들을 보렴. 그래도 우리에겐 따뜻한 집과 먹을 것도 있잖니.\" 하리는 힘을 냈어요. 그리고 열심히 공부했답니다.",
      "srcPage": 14,
      "srcSentenceEA": 4,
      "srcWordEA": 20
    },
    {
      "srcTextID": "97916",
      "srcText": "\"여러분, 이 나라의 부자와 귀족들을 보세요. 가난한 농민들을 도와 주기는커녕 부려먹기만 하고 있어요. 여러분은 이 나라를 바르게 이끌어야 합니다.\" 페스탈로치는 보드머 선생님처럼 훌륭한 사람이 되고 싶었어요. \"선생님, 저는 어려운 사람을 도우며 살겠어요.\"",
      "srcPage": 16,
      "srcSentenceEA": 5,
      "srcWordEA": 35
    },
    {
      "srcTextID": "97917",
      "srcText": "\"페스탈로치 군. 자네와 같은 젊은이가 바로 이 나라의 힘일세.\" 선생님은 페스탈로치의 두 손을 덥석 잡았습니다. 페스탈로치는 친구들과 애국자단이라는 모임을 만들었어요. 애국자단은 가난한 사람들을 도와 주기 위해 항상 노력했답니다.",
      "srcPage": 17,
      "srcSentenceEA": 5,
      "srcWordEA": 32
    },
    {
      "srcTextID": "95694",
      "srcText": "페스탈로치에게는 안나라는 여자 친구가 있었어요. 안나는 마음씨가 착하고 시와 음악을 좋아했어요. 페스탈로치는 그런 안나를 사랑하게 되었어요.",
      "srcPage": 18,
      "srcSentenceEA": 3,
      "srcWordEA": 18
    },
    {
      "srcTextID": "95692",
      "srcText": "\"안나, 우리 결혼해서 가난한 사람들을 위해 살아요.\" 페스탈로치와 안나는 결혼을 하고 예쁜 아기도 낳았어요. 페스탈로치는 아기를 위해서 농장 근처에 작은 집을 지었습니다. 햇빛이 잘 비치는 따뜻한 집이었어요.",
      "srcPage": 19,
      "srcSentenceEA": 4,
      "srcWordEA": 30
    },
    {
      "srcTextID": "95693",
      "srcText": "그리고 이 집의 이름을 노이호프 라고 지었어요. 노이호프란 새로운 생활이 시작된다는 뜻이지요. 페스탈로치는 노이호프에서 농사를 지으며 평화롭고 행복한 생활을 하였어요.",
      "srcPage": 20,
      "srcSentenceEA": 3,
      "srcWordEA": 22
    },
    {
      "srcTextID": "95695",
      "srcText": "\"안나, 가난하고 불쌍한 아이들이 너무 많구려. 그 아이들을 도와 주어야겠어요.\" 페스탈로치는 거리에서 떨고 있는 고아들을 노이호프로 데리고 왔어요. \"이 아이들에게는 사랑이 필요해.\"",
      "srcPage": 21,
      "srcSentenceEA": 4,
      "srcWordEA": 24
    },
    {
      "srcTextID": "95697",
      "srcText": "페스탈로치는 고아들을 아버지처럼 따뜻하게 보살펴 주었어요. 낮에는 함께 밭에 나가 일을 하였어요. 밤이 되면 공부를 가르쳤고요.",
      "srcPage": 22,
      "srcSentenceEA": 3,
      "srcWordEA": 18
    },
    {
      "srcTextID": "95696",
      "srcText": "안나는 집안 일을 도맡았답니다. 아이들은 페스탈로치의 사랑을 잘 알고 있었어요. 노이호프에는 행복한 웃음소리와 글 읽는 소리가 가득했습니다.",
      "srcPage": 23,
      "srcSentenceEA": 3,
      "srcWordEA": 19
    },
    {
      "srcTextID": "95699",
      "srcText": "그러나 행복도 잠깐이었어요. 사람들은 페스탈로치를 나쁜 사람이라고 생각했어요. 가난한 고아들을 데려다가 일만 부려먹는다고 손가락질했어요.",
      "srcPage": 24,
      "srcSentenceEA": 3,
      "srcWordEA": 16
    },
    {
      "srcTextID": "95700",
      "srcText": "기부금도 내주질 않았어요. 게다가 농사는 우박이 덮쳐 망쳐 버리고 안나도 그만 병이 들고 말았어요. 페스탈로치는 마음이 너무나 아팠어요.",
      "srcPage": 25,
      "srcSentenceEA": 3,
      "srcWordEA": 20
    },
    {
      "srcTextID": "95698",
      "srcText": "결국 노이호프는 문을 닫아야만 했지요. \"너희들과 헤어져야 하다니.\" 다시 거리로 나가는 고아들을 보면서 페스탈로치와 안나는 하염없이 눈물을 흘렸습니다.",
      "srcPage": 26,
      "srcSentenceEA": 3,
      "srcWordEA": 19
    },
    {
      "srcTextID": "95703",
      "srcText": "하지만 페스탈로치는 용기를 잃지 않았어요. \"아이들을 다시 데리고 와서 함께 살아야지.\"  페스탈로치는 밭일을 하면서도 고아들 생각뿐이었어요.",
      "srcPage": 27,
      "srcSentenceEA": 3,
      "srcWordEA": 18
    },
    {
      "srcTextID": "98318",
      "srcText": "아름다운 알프스 산에 하얀 눈이 내렸어요. \"사르륵, 사르륵\" 지붕 위에도, 나뭇가지에도 하얀 눈이 쌓이네요.",
      "srcPage": 1,
      "srcSentenceEA": 3,
      "srcWordEA": 15
    },
    {
      "srcTextID": "95701",
      "srcText": "안나도 다시 힘을 내어 일어났어요. 어느 날 엘리자베스라는 여자가 찾아왔어요. \"선생님, 저도 가난하고 불쌍한 아이들을 돕고 싶어요.\" 페스탈로치는 너무나 기뻤습니다.",
      "srcPage": 28,
      "srcSentenceEA": 4,
      "srcWordEA": 22
    },
    {
      "srcTextID": "95702",
      "srcText": "페스탈로치는 이 때부터 글을 쓰기 시작했어요. 처음 쓴 책이 린하르트와 게르트루트 예요. 이 책은 많은 사람들에게 감동을 주었어요. 사람들은 조금씩 페스탈로치를 알게 되었어요.",
      "srcPage": 29,
      "srcSentenceEA": 4,
      "srcWordEA": 26
    },
    {
      "srcTextID": "98319",
      "srcText": "아빠는 문 밖에서 기도를 하셨어요. '건강한 아이가 태어나게 해 주세요!' 그 때였어요. \"응애, 응애~\"",
      "srcPage": 2,
      "srcSentenceEA": 4,
      "srcWordEA": 15
    },
    {
      "srcTextID": "98317",
      "srcText": "드디어 너무나 기다리던 울음소리가 세상에 울려 퍼졌어요. \"오, 하느님. 감사합니다.\" 한 걸음에 달려오신 할아버지는 귀여운 손자의 이름을 요한 하인리히 페스탈로치라고 지어 주었답니다.",
      "srcPage": 3,
      "srcSentenceEA": 4,
      "srcWordEA": 24
    },
    {
      "srcTextID": "95683",
      "srcText": "페스탈로치의 어릴적 이름은 하리였어요. 하리는 몸집이 작고 겁도 많았대요. 어느 날 아이들이 개울가에서 장난을 쳤어요.",
      "srcPage": 4,
      "srcSentenceEA": 3,
      "srcWordEA": 17
    },
    {
      "srcTextID": "95704",
      "srcText": "골목에서 아이들이 뛰어 놀고 있었어요. 페스탈로치는 사랑스런 눈길로 아이들을 바라보았어요. 그러다가 뭔가를 발견할 때면 아이들 틈으로 달려가 허리를 굽혀 줍곤 했지요.",
      "srcPage": 30,
      "srcSentenceEA": 3,
      "srcWordEA": 23
    },
    {
      "srcTextID": "95705",
      "srcText": "이 모습을 이상하게 지켜보던 경찰이 다가갔어요. \"대체 뭘 주워서 주머니에 넣는 거요?\" 페스탈로치는 수줍은 듯이 웃으면서 말했어요. \"전 그저, 아이들이 다칠까 봐서요.\" 펼친 손에 있는 것은 깨진 유리 조각이었어요. 경찰은 어쩔 줄 몰라하며 미안해 했어요.",
      "srcPage": 31,
      "srcSentenceEA": 6,
      "srcWordEA": 38
    },
    {
      "srcTextID": "100215",
      "srcText": "사랑의 학교에는 아이들이 점점 더 많아졌어요. 페스탈로치를 돕는 선생님들도 많았어요. 많은 사람들이 페스탈로치를 존경했어요.",
      "srcPage": 37,
      "srcSentenceEA": 3,
      "srcWordEA": 16
    },
    {
      "srcTextID": "100214",
      "srcText": "고아의 아버지, 사랑의 교육자라고 칭찬을 했어요. 페스탈로치의 가슴속에는 항상 가난하고 불쌍한 아이들뿐이었어요. 하늘나라로 가는 순간까지도 말이에요. 페스탈로치의 훌륭한 가르침은 책으로 전해 오고 있어요. 그리고 많은 선생님들의 가슴에 커다란 감동을 안겨 주고 있답니다.",
      "srcPage": 38,
      "srcSentenceEA": 5,
      "srcWordEA": 36
    },
    {
      "srcTextID": "95709",
      "srcText": "산과 들로 뛰어다니며 꽃들을 만져 보고, 돌멩이를 세어 보았어요. 아이들은 너무나 신나고 즐거웠어요. 페스탈로치의 교육 방법은 나라에서도 표창을 했어요. 그리고 많은 선생님들이 와서 배워 갔답니다.",
      "srcPage": 36,
      "srcSentenceEA": 4,
      "srcWordEA": 28
    },
    {
      "srcTextID": "95710",
      "srcText": "페스탈로치에 대한 소문은 나라의 높은 사람에게도 알려졌어요. 나라에서는 부르크도르프라는 성을 학교로 만들어 주었어요. 학교의 이름은 사랑의 학교 였어요. 이 곳에서는 책으로만 공부하지 않았어요.",
      "srcPage": 35,
      "srcSentenceEA": 4,
      "srcWordEA": 26
    },
    {
      "srcTextID": "95708",
      "srcText": "페스탈로치는 이제 할아버지가 되었어요. 그래도 아이들을 사랑하는 마음은 변함이 없었답니다. 어느 날 페스탈로치는 한 장의 편지를 받았어요.",
      "srcPage": 32,
      "srcSentenceEA": 3,
      "srcWordEA": 19
    },
    {
      "srcTextID": "95706",
      "srcText": "슈탄스라는 마을에 군대가 쳐들어와 많은 고아들이 거리에서 울고 있다는 내용이었어요. 페스탈로치는 슈탄스 마을로 달려갔어요. \"춥고 배고픈 아이들을 그냥 내버려 둘 순 없어요.\"",
      "srcPage": 33,
      "srcSentenceEA": 3,
      "srcWordEA": 23
    },
    {
      "srcTextID": "95707",
      "srcText": "페스탈로치는 사람들에게 도움을 청했어요. 그래서 슈탄스 마을에 고아원이 생기게 되었어요. 페스탈로치는 고아들과 함께 먹고 자며, 공부를 가르쳤어요. 페스탈로치는 고아들과 함께 있을 때가 가장 행복 했답니다.",
      "srcPage": 34,
      "srcSentenceEA": 4,
      "srcWordEA": 28
    }
  ]
}