{
  "title": "김유신",
  "author": "한정아",
  "illustrator": "황유리",
  "isbn": "9788992636810",
  "readAge": "유아",
  "publishedYear": 2007,
  "publisher": "교연아카데미",
  "classification": "사회관계",
  "paragraphInfoCount": 36,
  "paragraphInfo": [
    {
      "srcTextID": "96391",
      "srcText": "김유신은 먼저 백제군과 싸웠습니다. 당나라 군대와 힘을 합친 신라는 백제를 멸망시켰어요. 그러자 고구려는 불안에 휩싸였어요.",
      "srcPage": 32,
      "srcSentenceEA": 3,
      "srcWordEA": 17
    },
    {
      "srcTextID": "96390",
      "srcText": "\"우리 고구려는 백제와는 다르다!\" 고구려 장수는 큰소리를 쳤어요. 하지만 김유신이 이끄는 화랑도의 용맹함과는 비교가 되지 않았어요. 마침내 신라는 고구려의 항복을 받아 냈어요.",
      "srcPage": 33,
      "srcSentenceEA": 4,
      "srcWordEA": 25
    },
    {
      "srcTextID": "96375",
      "srcText": "유신은 열다섯 살에 화랑이 되었어요. 그 당시 우리나라는 고구려, 백제, 신라로 나뉘어져 있었어요. 그래서 싸움이 끊이질 않았답니다.",
      "srcPage": 6,
      "srcSentenceEA": 3,
      "srcWordEA": 19
    },
    {
      "srcTextID": "96376",
      "srcText": "\"조그만 녀석이 겁도 없구나!\" 두 사람은 전쟁터 한가운데서 맞붙었어요. 김유신의 칼이 하늘을 향해 높이 치솟았어요.",
      "srcPage": 16,
      "srcSentenceEA": 3,
      "srcWordEA": 17
    },
    {
      "srcTextID": "105206",
      "srcText": "그러나 싸움은 끝나지 않았어요. 이번에는 당나라가 신라를 넘보며 괴롭혔어요. 하지만 김유신은 한 치고 물러서지 않았어요.",
      "srcPage": 34,
      "srcSentenceEA": 3,
      "srcWordEA": 17
    },
    {
      "srcTextID": "96374",
      "srcText": "서로 나라를 통일하겠다고 생각했기 때문이지요. 김유신은 화랑 중에서도 으뜸이었어요. 어느 날 백석이라는 화랑이 김유신을 찾아왔어요. \"적을 알면 싸움에서 쉽게 이길 수 있어요.\"",
      "srcPage": 7,
      "srcSentenceEA": 4,
      "srcWordEA": 24
    },
    {
      "srcTextID": "107233",
      "srcText": "김유신은 백석과 함께 길을 떠났습니다. 고구려까지는 아주 먼 길이었어요. 드디어 고구려의 깃발이 보였어요.",
      "srcPage": 8,
      "srcSentenceEA": 3,
      "srcWordEA": 15
    },
    {
      "srcTextID": "107234",
      "srcText": "김유신은 조심조심 들키지 않게 다가가려 했습니다. 그런데 갑자기 김유신의 발이 꼼짝도 하지 않았어요. 그때 김유신의 귀에 신비로운 소리가 들려왔답니다.",
      "srcPage": 9,
      "srcSentenceEA": 3,
      "srcWordEA": 21
    },
    {
      "srcTextID": "107236",
      "srcText": "김유신은 재빨리 몸을 피해 신라로 돌아왔습니다. 얼마 후 백석이 돌아와서 김유신 앞에 무릎을 꿇었습니다. \"죽여 주십시오.\" 김유신은 당장이라도 백석을 죽이고 싶었습니다.",
      "srcPage": 11,
      "srcSentenceEA": 4,
      "srcWordEA": 23
    },
    {
      "srcTextID": "105204",
      "srcText": "\"내가 고구려로 가서 임금을 설득해 보겠소.\" 김춘추는 우선 고구려와 힘을 합쳐 백제군을 물리쳐야 한다고 말했어요. \"혹시 내가 돌아오지 못하면 신라와 내 가족을 부탁하오.\" \"대감이 60일 안에 돌아오지 못하면 내가 직접 고구려로 쳐들어가겠소.\" 김춘추는 고구려로 떠났습니다.",
      "srcPage": 22,
      "srcSentenceEA": 5,
      "srcWordEA": 37
    },
    {
      "srcTextID": "107235",
      "srcText": "\"왜 나를 죽이려고 했느냐?\" 백석은 고개도 들지 못하고 흐느끼며 말했어요. \"신라에서 가장 훌륭한 화랑이 바로 김유신이라고 했습니다.\" 고구려 군사들도 김유신의 놀라운 무예 솜씨를 다 알고 있었다는 얘기지요. 김유신은 백석에게 큰 벌을 내렸습니다.",
      "srcPage": 12,
      "srcSentenceEA": 5,
      "srcWordEA": 35
    },
    {
      "srcTextID": "107238",
      "srcText": "마침내 고구려가 쳐들어왔어요. 싸움은 고구려 군사들이 이기고 있었어요. 신라의 병사들은 모두 겁에 질려 꼼짝도 하지 않았어요.",
      "srcPage": 13,
      "srcSentenceEA": 3,
      "srcWordEA": 18
    },
    {
      "srcTextID": "107237",
      "srcText": "김유신은 가만히 있을 수가 없었습니다. \"아버지, 제가 나가 싸우겠습니다.\" 김유신은 칼을 뽑아 높이 쳐들었습니다. \"자, 용기 있는 젊은이들은 나를 따르라!\" 김유신은 적군을 향해 힘차게 달려 나갔습니다.",
      "srcPage": 14,
      "srcSentenceEA": 5,
      "srcWordEA": 28
    },
    {
      "srcTextID": "96383",
      "srcText": "어느덧 김유신과 약속한 60일이 지났습니다. 김춘추는 고구려 임금님에게 거짓말을 했어요. \"내가 신라로 돌아가면 반드시 땅을 돌려줄 테니 나를 풀어 주시오.\" 고구려 임금님은 미소를 지었어요. 전쟁하지 않고도 땅을 되찾을 수 있다고 생각했지요.",
      "srcPage": 24,
      "srcSentenceEA": 5,
      "srcWordEA": 34
    },
    {
      "srcTextID": "96385",
      "srcText": "이윽고 김유신은 고구려 국경에 도착했어요. 이 소식을 들은 고구려는 얼른 김춘추를 돌려보냈습니다. 고구려 임금님도 김유신 장군의 용맹성을 잘 알고 있었기 때문이지요.",
      "srcPage": 26,
      "srcSentenceEA": 3,
      "srcWordEA": 23
    },
    {
      "srcTextID": "96380",
      "srcText": "김유신의 호령에 군사들은 힘을 냈어요. 신라는 백제와의 싸움에서 힘들게 승리를 거두었습니다. 하지만 백제는 끊임없이 신라를 괴롭혔어요.",
      "srcPage": 20,
      "srcSentenceEA": 3,
      "srcWordEA": 18
    },
    {
      "srcTextID": "107232",
      "srcText": "\"화랑님, 빨리 신라로 돌아가세요. 백석은 고구려가 보낸 첩자랍니다. 백석을 따라가면 목숨을 잃을지도 몰라요.\"",
      "srcPage": 10,
      "srcSentenceEA": 3,
      "srcWordEA": 15
    },
    {
      "srcTextID": "96377",
      "srcText": "김유신의 용맹함에 고구려 군사들은 깜짝 놀랐어요. \"고구려 장수는 어서 나와서 나의 칼을 받아라!\" 그러나 고구려의 장군은 김유신을 보고 비웃었어요.",
      "srcPage": 15,
      "srcSentenceEA": 3,
      "srcWordEA": 20
    },
    {
      "srcTextID": "96378",
      "srcText": "사람들의 입이 딱 벌어졌어요. 고구려 장수의 목이 땅바닥에 나뒹굴었기 때문이에요. \"와아! 와아! 김유신 만세!\" 결국 싸움은 신라의 승리로 끝이 났어요.",
      "srcPage": 17,
      "srcSentenceEA": 5,
      "srcWordEA": 24
    },
    {
      "srcTextID": "96381",
      "srcText": "이번에는 백제군이 쳐들어왔어요. \"성을 공격하라!\" 백제의 병사들이 성벽을 기어올랐습니다. 백제군의 기세는 꺾일 줄 몰랐어요.",
      "srcPage": 18,
      "srcSentenceEA": 4,
      "srcWordEA": 16
    },
    {
      "srcTextID": "96379",
      "srcText": "그러나 김유신은 뛰어난 활 솜씨로 백제군의 공격에 맞섰어요. 마침내 신라군은 백제의 기세를 누르고 반격에 나섰어요. \"죽기를 각오하고 싸우자!\"",
      "srcPage": 19,
      "srcSentenceEA": 3,
      "srcWordEA": 19
    },
    {
      "srcTextID": "105205",
      "srcText": "마흔아홉 살의 나이에 김유신은 신라 최고의 장군이 되었습니다. 김유신은 자나 깨나 삼국 통일 생각뿐이었어요. 그러던 어느 날 김춘추가 김유신을 찾아왔어요.",
      "srcPage": 21,
      "srcSentenceEA": 3,
      "srcWordEA": 22
    },
    {
      "srcTextID": "96382",
      "srcText": "그러나 김춘추는 고구려에 도착하자마자 붙잡히고 말았어요. 고구려는 신라를 도와주는 대신 신라에게 빼앗긴 땅을 돌려 달라고 했어요. 김춘추는 얼른 대답할 수가 없었지요.",
      "srcPage": 23,
      "srcSentenceEA": 3,
      "srcWordEA": 23
    },
    {
      "srcTextID": "96386",
      "srcText": "한편, 김유신은 김춘추가 돌아오지 않자, 고구려를 향해 떠났어요. \"고구려로 가서 김춘추 대감을 구해 옵시다!\" 김유신이 이끄는 화랑도들의 사기는 하늘을 찌를 듯했어요.",
      "srcPage": 25,
      "srcSentenceEA": 3,
      "srcWordEA": 22
    },
    {
      "srcTextID": "96384",
      "srcText": "\"대감, 무사했군요!\" 김춘추는 자신을 구하기 위해 먼 길을 달려 김유신을 보고 감사의 눈물을 흘렸답니다. 두 사람은 다시 한번 삼국 통일의 결심을 굳혔어요.",
      "srcPage": 27,
      "srcSentenceEA": 3,
      "srcWordEA": 24
    },
    {
      "srcTextID": "96389",
      "srcText": "고구려와 백제의 공격은 끊이질 않았습니다. 신라는 싸움하느라 나라의 힘이 약해져 있었어요. 김유신은 김춘추를 찾아가 의논했어요.",
      "srcPage": 28,
      "srcSentenceEA": 3,
      "srcWordEA": 17
    },
    {
      "srcTextID": "96388",
      "srcText": "\"대감, 무슨 좋은 방법이 없겠소?\" 김유신의 얼굴에 나라를 걱정하는 마음이 가득했어요. \"내가 당나라에 가서 군대를 요청해 보겠소.\"",
      "srcPage": 29,
      "srcSentenceEA": 3,
      "srcWordEA": 18
    },
    {
      "srcTextID": "96387",
      "srcText": "\"당나라와 힘을 합치면 고구려와 백제를 물리칠 수 있을 것이오.\" 김춘추는 위험을 무릅쓰고 당나라로 가겠다고 했어요. \"대감, 잘하고 오시오.\" 두 사람의 눈빛이 굳은 결심을 말해 주었어요. 김춘추는 김유신에게 뒷일을 부탁하고 당나라로 떠났습니다.",
      "srcPage": 30,
      "srcSentenceEA": 5,
      "srcWordEA": 34
    },
    {
      "srcTextID": "96372",
      "srcText": "사람들이 다시 노루를 잡으려고 했어요. 그러자 유신은 \"나는 노루를 맞히려고 했지, 죽이려고 하지는 않았어.\" 하고 말했어요. 유신은 노루를 자유롭게 놓아주었답니다.",
      "srcPage": 5,
      "srcSentenceEA": 5,
      "srcWordEA": 23
    },
    {
      "srcTextID": "96392",
      "srcText": "얼마 후 김춘추는 당나라의 승낙을 받아 돌아왔어요. 그리고 왕의 자리에 올라 태종무열왕이 되었지요. 무열왕은 김유신에게 모든 군대의 지휘를 맡겼어요.",
      "srcPage": 31,
      "srcSentenceEA": 3,
      "srcWordEA": 21
    },
    {
      "srcTextID": "96370",
      "srcText": "아버지는 흐뭇한 미소를 지으셨어요. \"하하하, 우리 유신이 칼 솜씨가 대단하구나!\" 아버지는 유신의 머리를 쓰다듬으며 칭찬하셨어요. 유신의 나이 겨우 여덟 살이었어요.",
      "srcPage": 2,
      "srcSentenceEA": 4,
      "srcWordEA": 22
    },
    {
      "srcTextID": "96373",
      "srcText": "유신은 사냥을 매우 좋아했어요. \"노루 잡아라!\" 유신은 한 번에 노루를 쓰러뜨렸답니다. \"맞았다!\"",
      "srcPage": 3,
      "srcSentenceEA": 3,
      "srcWordEA": 13
    },
    {
      "srcTextID": "96371",
      "srcText": "모두 기뻐서 쫓아왔어요. 그런데 쓰러져 있던 노루가 갑자기 벌떡 일어났어요. \"노루가 살아 있잖아?\"",
      "srcPage": 4,
      "srcSentenceEA": 3,
      "srcWordEA": 14
    },
    {
      "srcTextID": "96369",
      "srcText": "\"에잇 얏!\" 유신은 집 마당에서 칼싸움이 한창입니다. 아버지는 유신의 칼을 피해 이리저리 움직이며 생각했어요. '더 이상 가르칠 게 없겠는걸.'",
      "srcPage": 1,
      "srcSentenceEA": 4,
      "srcWordEA": 21
    },
    {
      "srcTextID": "105207",
      "srcText": "김유신은 백성들의 환호에 기쁨의 눈물을 흘렸습니다. '이제야 편안히 눈을 감을 수 있겠구나.' 김유신의 하얀 백발이 기쁨을 함께 나누었습니다.",
      "srcPage": 36,
      "srcSentenceEA": 3,
      "srcWordEA": 19
    },
    {
      "srcTextID": "105208",
      "srcText": "마지막까지 있는 힘을 다해 당나라를 몰아냈어요. 드디어 삼국이 통일되는 순간이었어요. \"김유신 장군 만세!\"",
      "srcPage": 35,
      "srcSentenceEA": 3,
      "srcWordEA": 14
    }
  ]
}