{
  "title": "윤봉길",
  "author": "최규순",
  "illustrator": "신지원",
  "isbn": "9788992636353",
  "readAge": "유아",
  "publishedYear": 2007,
  "publisher": "교연아카데미",
  "classification": "사회관계",
  "paragraphInfoCount": 39,
  "paragraphInfo": [
    {
      "srcTextID": "110118",
      "srcText": "긴 칼을 차고 군화를 신은 선생님은 마치 경찰 같았어요. '우리말을 두고 왜 일본 말을 배워!' 봉길의 입이 삐죽삐죽 못마땅한가 봅니다.",
      "srcPage": 5,
      "srcSentenceEA": 3,
      "srcWordEA": 21
    },
    {
      "srcTextID": "110134",
      "srcText": "청년은 그 자리에 털썩 주저앉으며 통곡했어요. \"아이고, 아버지! 이를 어쩌나......\"",
      "srcPage": 20,
      "srcSentenceEA": 3,
      "srcWordEA": 11
    },
    {
      "srcTextID": "110137",
      "srcText": "사랑방에 글 읽는 소리가 끊이질 않았습니다. 봉길은 우리말 교과서인 '농민독본'을 만들었어요.  농민들이 농사를 지으면서도 틈틈이 공부할 수 있게 만든 책이지요.",
      "srcPage": 23,
      "srcSentenceEA": 4,
      "srcWordEA": 24
    },
    {
      "srcTextID": "110139",
      "srcText": "\"글 모르는 사람에게 글 가르치는 게 뭐가 잘못이오?\" 봉길은 눈도 깜짝하지 않고 당당하게 말했어요. 쫓겨났던 사람들은 다시 찾아왔고요.",
      "srcPage": 25,
      "srcSentenceEA": 3,
      "srcWordEA": 20
    },
    {
      "srcTextID": "110144",
      "srcText": "'나 때문에 많은 사람들이 고통받는구나.' 윤봉길은 마음이 몹시 아팠어요. 그 때 중국에서는 독립 운동가들이 임시 정부를 세우고 나라의 독립을 위해 일하고 있었어요.",
      "srcPage": 29,
      "srcSentenceEA": 3,
      "srcWordEA": 24
    },
    {
      "srcTextID": "110148",
      "srcText": "윤봉길은 마침내 죽기를 각오하고 중국으로 먼 길을 떠났습니다. 중국으로 가는 길은 쉽지 않았어요. 가는 곳마다 일본 경찰들이 조선 사람인 것을 확인하려고 했어요.",
      "srcPage": 31,
      "srcSentenceEA": 3,
      "srcWordEA": 24
    },
    {
      "srcTextID": "110154",
      "srcText": "윤봉길이 떠나는 날 아침, 김구는 윤봉길에게 따뜻한 밥상을 손수 차려 주었어요. 윤봉길은 자신이 차고 있던 시계를 풀어 김구에게 주었고요. 김구의 두 눈에서 뜨거운 눈물이 흘러 내렸어요.",
      "srcPage": 37,
      "srcSentenceEA": 3,
      "srcWordEA": 28
    },
    {
      "srcTextID": "110152",
      "srcText": "\"대한 독립 만세!\" 윤봉길의 만세 소리와 함께 커다란 폭발음이 울렸어요. 홍커우 공원은 순식간에 아수라장이 되었어요. 비록 천황을 죽이지는 못했지만 세계 만방에 대한민국의 기상을 보여 준 순간이었어요. 윤봉길은 그 자리에서 체포되어 결국 사형을 당하고 말았답니다.",
      "srcPage": 39,
      "srcSentenceEA": 5,
      "srcWordEA": 38
    },
    {
      "srcTextID": "110117",
      "srcText": "시끌벅적한 교실이에요. 아이들은 저희들끼리 엉겨 붙어 힘겨루기를 하고 있었어요. \"봉길이 이겨라!\"",
      "srcPage": 1,
      "srcSentenceEA": 3,
      "srcWordEA": 12
    },
    {
      "srcTextID": "110124",
      "srcText": "\"대한 독립 만세! 만세!\" 골목 골목에서 쏟아져 나온 사람들이 장터를 가득 메웠어요. 만세 소리는 하늘을 찌를 듯 높았고요.",
      "srcPage": 10,
      "srcSentenceEA": 4,
      "srcWordEA": 21
    },
    {
      "srcTextID": "110131",
      "srcText": "일본 놈들에게 더 이상 공부도 배우지 않겠다고 다짐했어요. 봉길은 서당을 찾아갔어요. 봉길은 한문 공부를 열심히 했어요.",
      "srcPage": 16,
      "srcSentenceEA": 3,
      "srcWordEA": 18
    },
    {
      "srcTextID": "110136",
      "srcText": "봉길은 청년을 안타깝게 바라볼 뿐이었습니다. '못 배운 게 한이구나!' 봉길은 집으로 돌아오자마자 사랑방에다 야학을 열었어요.",
      "srcPage": 21,
      "srcSentenceEA": 3,
      "srcWordEA": 16
    },
    {
      "srcTextID": "110138",
      "srcText": "야학은 낮에는 일을 하느라 배우지 못한 사람들에게 밤에 글을 가르쳐 주는 곳이에요. 수많은 사람들이 글을 배우기 위해 봉길을 찾아왔어요. \"가, 갸, 거, 겨, 고, 교......\"",
      "srcPage": 22,
      "srcSentenceEA": 3,
      "srcWordEA": 26
    },
    {
      "srcTextID": "110141",
      "srcText": "\"일은 안 하고 밤마다 모여서 무얼 하는 거냐?\" 일본 경찰은 봉길의 집을 감시했어요. 마음대로 사랑방을 뒤지고 사람들을 쫓아 냈어요.",
      "srcPage": 24,
      "srcSentenceEA": 3,
      "srcWordEA": 21
    },
    {
      "srcTextID": "110140",
      "srcText": "\"우리 백성들이 잘 살아야 나라도 잘 사는 것입니다. 그래야 남이 넘보지 못합니다.\" 봉길은 일본의 감시를 피해 사람들에게 나라 사랑하는 마음을 키워 주었어요.",
      "srcPage": 26,
      "srcSentenceEA": 3,
      "srcWordEA": 24
    },
    {
      "srcTextID": "110142",
      "srcText": "봉길은 농민부흥원을 만들어 농민들을 일깨웠답니다. 윤봉길이 가는 곳마다 일본 경찰이 따라다녔어요. \"윤봉길을 잘 감시해!\"",
      "srcPage": 27,
      "srcSentenceEA": 3,
      "srcWordEA": 15
    },
    {
      "srcTextID": "110145",
      "srcText": "윤봉길은 중국으로 가야겠다고 생각했어요. 사랑하는 가족과 헤어지는 것은 가슴 아픈 일이지만, 윤봉길은 나라가 있은 다음에 자신이 있는 거라고 생각하며 마음을 굳게 먹었어요. 가족들은 윤봉길의 뜻을 꺾을 수가 없었어요.",
      "srcPage": 30,
      "srcSentenceEA": 3,
      "srcWordEA": 30
    },
    {
      "srcTextID": "110147",
      "srcText": "그럴 때마다 윤봉길은 미리 배워 둔 일본어를 유창하게 사용해서 위기를 벗어났어요. 드디어윤봉길이 상하이에 도착했어요. 윤봉길은 임시 정부를 찾아가 김구를 만났어요.",
      "srcPage": 32,
      "srcSentenceEA": 3,
      "srcWordEA": 22
    },
    {
      "srcTextID": "110151",
      "srcText": "윤봉길은 김구를 도와 열심히 일했어요. 그러던 어느 날, 윤봉길은 신문을 읽다가 깜짝 놀랐어요. 독립 투사 이봉창이 일본 천황을 죽이려다가 실패했다는 기사가 실려 있었던 거에요.",
      "srcPage": 34,
      "srcSentenceEA": 3,
      "srcWordEA": 26
    },
    {
      "srcTextID": "110149",
      "srcText": "'아! 드디어 조국을 위해 내가 할 일을 찾았다.' 윤봉길은 이봉창이 이루지 못한 일을 반드시 자신이 성공시키겠다고 다짐했어요. 윤봉길은 김구에게 자신의 생각을 알렸어요.",
      "srcPage": 35,
      "srcSentenceEA": 3,
      "srcWordEA": 25
    },
    {
      "srcTextID": "110150",
      "srcText": "김구는 윤봉길의 뜻을 받아들였답니다. 마침 홍커우 공원에서 천황의 생일 잔치를 연다는 소식이 전해졌어요. 윤봉길은 김구와 함께 차근차근 계획을 세웠어요.",
      "srcPage": 36,
      "srcSentenceEA": 3,
      "srcWordEA": 21
    },
    {
      "srcTextID": "110153",
      "srcText": "윤봉길은 일본 경찰의 눈을 속여 공원 안으로 들어갔어요. 공원에서는 수많은 일본인들이 천황의 생일을 축하하며 즐거워했어요. 마침내 윤봉길은 가슴속에 품고 온 도시락 폭탄을 꺼내 들었어요.",
      "srcPage": 38,
      "srcSentenceEA": 3,
      "srcWordEA": 26
    },
    {
      "srcTextID": "110126",
      "srcText": "장터는 금세 태극기로 바다를 이루었어요. 할아버지서부터 어린 꼬마까지, 모두들 목이 터져라 만세를 부르며 뛰어갔어요. 봉길도 만세를 부르며 사람들의 뒤를 따랐어요.",
      "srcPage": 11,
      "srcSentenceEA": 3,
      "srcWordEA": 22
    },
    {
      "srcTextID": "110129",
      "srcText": "봉길의 앞에 있던 사람도, 옆에 있던 사람도 태극기를 가슴에 꼬옥 안은 채 죽어 갔어요. 봉길은 놀랄 새도 없이 몸을 피했어요. 이 날이 바로 3.1 운동이 일어난 날이었어요.",
      "srcPage": 14,
      "srcSentenceEA": 4,
      "srcWordEA": 30
    },
    {
      "srcTextID": "110133",
      "srcText": "그리고 스스로 새 학문을 익히기 위해 신문이나 잡지도 열심히 읽었답니다. 봉길의 학문은 몰라 보게 깊어 갔어요. 어느 날 봉길이 뒷산에 올라 바람을 쐬고 있을 때였어요.",
      "srcPage": 17,
      "srcSentenceEA": 3,
      "srcWordEA": 27
    },
    {
      "srcTextID": "110132",
      "srcText": "\"저 좀 도와 주세요!\" 청년은 푯말을 한아름 안고 있었어요. \"우리 아버지 산소를 좀 찾아 주세요.\"",
      "srcPage": 18,
      "srcSentenceEA": 3,
      "srcWordEA": 16
    },
    {
      "srcTextID": "110135",
      "srcText": "청년은 글을 읽을 줄 몰랐던 거에요. 봉길은 푯말을 찾아 주면서 물었어요. \"그런데 이 푯말을 어느 산소에서 뽑았는지 표시는 해 두었소?\"",
      "srcPage": 19,
      "srcSentenceEA": 3,
      "srcWordEA": 21
    },
    {
      "srcTextID": "110143",
      "srcText": "일본 경찰은 아주 작은 꼬투리라도 잡아서 윤봉길을 잡아가려고 했어요. 또, 함께 일하는 사람들으 마구 괴롭히고 때리기도 했어요. 가족들도 항상 불안한 마음으로 살아야 했지요.",
      "srcPage": 28,
      "srcSentenceEA": 3,
      "srcWordEA": 25
    },
    {
      "srcTextID": "110120",
      "srcText": "아이들은 재빨리 제자리로 돌아가 앉았어요. 교실 안은 뽀얀 먼지만 날아다닐 뿐 아주 조용했답니다. \"으흐흠, 일본어 책을 펴라!\"",
      "srcPage": 4,
      "srcSentenceEA": 3,
      "srcWordEA": 18
    },
    {
      "srcTextID": "110122",
      "srcText": "그 때였어요. 일본인 교장 선생님이 급하게 뛰어왔어요. \"빨리 아이들을 돌려보내시오. 그리고 절대로 장터에는 가지 못하게 하시오.\"",
      "srcPage": 6,
      "srcSentenceEA": 4,
      "srcWordEA": 18
    },
    {
      "srcTextID": "110123",
      "srcText": "다음 말은 선생님의 귀에다 대고 속삭였어요. 봉길은 무슨 일일까 몹시 궁금했어요. 아무튼 지겨운 일본어 공부를 하지 않아도 된 봉길은 그것만으로도 즐거웠어요.",
      "srcPage": 7,
      "srcSentenceEA": 3,
      "srcWordEA": 23
    },
    {
      "srcTextID": "110125",
      "srcText": "'장터에는 왜 가지 못하게 하는 걸까?' 봉길은 곰곰이 생각해 보았어요. 그런데 봉길이 장터 앞을 지날 때였어요.",
      "srcPage": 9,
      "srcSentenceEA": 3,
      "srcWordEA": 18
    },
    {
      "srcTextID": "110127",
      "srcText": "\"일본 놈들을 모조리 몰아냅시다!\" 제일 앞서 가던 사람이 소리쳤어요. 만세 소리는 더욱 커져 장터가 떠나갈 것 같았어요.",
      "srcPage": 12,
      "srcSentenceEA": 3,
      "srcWordEA": 19
    },
    {
      "srcTextID": "110128",
      "srcText": "그런데 갑자기 총 소리가 들렸어요. \"탕! 탕! 탕!\" 언제 왔는지 일본 군인들이 앞을 가로막고 총을 마구 쏘아 댔어요. 사람들은 피를 흘리며 쓰러졌어요.",
      "srcPage": 13,
      "srcSentenceEA": 5,
      "srcWordEA": 26
    },
    {
      "srcTextID": "110130",
      "srcText": "3.1 운동은 전국으로 번져 많은 사람들이 다치고 죽었어요. 그 때 봉길의 나이 열한 살이었어요. 봉길은 일본에 대한 복수심으로 불타올랐어요.",
      "srcPage": 15,
      "srcSentenceEA": 3,
      "srcWordEA": 22
    },
    {
      "srcTextID": "110146",
      "srcText": "\"저는 나라를 위해 목숨을 바칠 각오가 되어 있습니다.\" 윤봉길은 나라를 위해서라면 아무 것도 두렵지 않습니다. 김구는 윤봉길의 어깨를 힘차게 껴안았어요.",
      "srcPage": 33,
      "srcSentenceEA": 3,
      "srcWordEA": 22
    },
    {
      "srcTextID": "110116",
      "srcText": "\"떡배 이겨라!\" 아이들은 편을 갈라 응원했어요. 누가 봐도 봉길이가 이길 게 뻔했지만, 아이들은 신이 났어요.",
      "srcPage": 2,
      "srcSentenceEA": 3,
      "srcWordEA": 17
    },
    {
      "srcTextID": "110119",
      "srcText": "봉길은 덩치도 컸지만 힘도 매우 셌답니다. \"선생님 오신다!\" 교실 밖에서 망을 보던 아이가 소리쳤어요.",
      "srcPage": 3,
      "srcSentenceEA": 3,
      "srcWordEA": 15
    },
    {
      "srcTextID": "110121",
      "srcText": "\"장터에는 절대로 가지 말아라!\" 선생님은 아이들의 뒤통수에 대고 다시 한 번 소리쳤어요. 하지만 봉길의 집은 반드시 장터를 지나야만 했어요.",
      "srcPage": 8,
      "srcSentenceEA": 3,
      "srcWordEA": 21
    }
  ]
}