{
  "title": "한석봉",
  "author": "좋은글샘",
  "illustrator": "조명화",
  "isbn": "9788992636674",
  "readAge": "유아",
  "publishedYear": 2007,
  "publisher": "교연아카데미",
  "classification": "사회관계",
  "paragraphInfoCount": 27,
  "paragraphInfo": [
    {
      "srcTextID": "95372",
      "srcText": "그래서 날마다 냇가로 나가 바위에다 글씨 연습을 했어요. 종이는 너무 비싸서 살 수가 없었거든요. 석봉이는 손가락이 아프도록 글씨를 섰답니다.",
      "srcPage": 4,
      "srcSentenceEA": 3,
      "srcWordEA": 21
    },
    {
      "srcTextID": "95386",
      "srcText": "하지만 어머니는 마음을 굳게 먹고 말했어요. \"지금 당장 떠나거라. 공부가 끝나기 전에는 절대로 돌아오지 말아라!\" 석봉이는 하는 수없이 길을 떠나야 했어요. 어머니의 마음도 찢어질 듯 아팠답니다.",
      "srcPage": 13,
      "srcSentenceEA": 5,
      "srcWordEA": 29
    },
    {
      "srcTextID": "95388",
      "srcText": "큰스님을 찾아 절에 들어간 석봉이는 어머니를 생각하며 열심히 공부했어요. '이 아이는 하늘이 내린 천재로다!' 큰스님도 석봉이의 글씨에 감탄했답니다.",
      "srcPage": 14,
      "srcSentenceEA": 3,
      "srcWordEA": 19
    },
    {
      "srcTextID": "95393",
      "srcText": "석봉이는 밤이 깊어서야 집에 도착했어요. 방문에 비친 어머니의 그림자를 보자 석봉이는 울컥 눈물이 솟았어요. \"어머니, 제가 돌아왔습니다!\" 석봉이는 반가운 마음에 소리쳤어요.",
      "srcPage": 16,
      "srcSentenceEA": 4,
      "srcWordEA": 23
    },
    {
      "srcTextID": "95394",
      "srcText": "하지만 어머니는 석봉이의 얼굴을 쳐다보지도 않고 말했어요. \"공부는 벌써 다 끝났느냐?\" \"예. 큰스님도 제 글씨가 훌륭하다고 하셨어요.\"",
      "srcPage": 17,
      "srcSentenceEA": 3,
      "srcWordEA": 18
    },
    {
      "srcTextID": "95376",
      "srcText": "석봉이는 붓과 종이를 사기 위해 하루 종일 고생했을 어머니 생각에 마음이 아팠어요. '빨리 훌륭한 명필이 되어서 어머니를 기쁘게 해 드려야지!' 석봉이는 더욱더 열심히 글씨 연습을 했답니다.",
      "srcPage": 6,
      "srcSentenceEA": 3,
      "srcWordEA": 27
    },
    {
      "srcTextID": "95395",
      "srcText": "석봉이가 글씨 쓸 준비를 마치자 어머니는 촛불을 껐어요. \"명필의 솜씨는 어둠 속이라도 다르지 않을 것이다. 나는 떡을 썰 테니, 너는 글을 쓰거라.\" \"쏭당쏭당\" \"술술술술\" 깜깜한 방 안에는 떡을 써는 소리와 종이를 스치는 붓 소리만 들렸어요.",
      "srcPage": 19,
      "srcSentenceEA": 4,
      "srcWordEA": 37
    },
    {
      "srcTextID": "95396",
      "srcText": "\"자, 이제 촛불을 켜 보자꾸나.\" 어머니가 촛불을 켜는 순간, 석봉이는 부끄러워서 고개를 들 수가 없었답니다. 어머니의 떡은 크기와 모양이 똑같았지요.",
      "srcPage": 20,
      "srcSentenceEA": 3,
      "srcWordEA": 22
    },
    {
      "srcTextID": "95397",
      "srcText": "하지만 석봉이의 글씨는 삐뚤삐뚤 춤을 추듯 어지럽게 늘어져 있는 게 아니겠어요? '아, 아직도 배워야 할 것이 많구나!' 석봉이는 그 길로 다시 절로 돌아갔어요. 그리고 벼루에 구멍이 날 때까지 글씨를 쓰고 또 썼답니다.",
      "srcPage": 21,
      "srcSentenceEA": 4,
      "srcWordEA": 34
    },
    {
      "srcTextID": "95399",
      "srcText": "\"어머니, 석봉이가 돌아왔습니다.\" \"뭐라고? 내 아들이 돌아왔다고?\" 어머니는 버선발로 뛰어나왔어요. 듬직한 청년이 되어 돌아온 아들을 안고 어머니는 기쁨의 눈물을 흘렸답니다.",
      "srcPage": 23,
      "srcSentenceEA": 4,
      "srcWordEA": 23
    },
    {
      "srcTextID": "95400",
      "srcText": "드디어 과거 시험을 치는 날이에요. 석봉이는 그동안 갈고닦은 솜씨를 마음껏 뽐냈답니다. \"오호, 참으로 놀라운 솜씨로다.\" 임금님은 석봉이의 글씨를 보고 입을 다물지 못했어요. 과거에 합격한 석봉이는 나라의 중요한 문서를 다루는 일을 맡게 되었답니다.",
      "srcPage": 24,
      "srcSentenceEA": 5,
      "srcWordEA": 35
    },
    {
      "srcTextID": "95406",
      "srcText": "중국에까지 이름을 떨친 한석봉의 글씨는 많은 돈을 주고도 구하기 힘든 귀한 물건이 되었어요. 그러나 한석봉은 명필이 된 후에도 가끔씩 허름한 옷을 입고 다니면서 가난한 백성들에게 글씨를 써 주곤 했대요. 자신이 쓴 글씨처럼 바르고 아름다운 삶을 살다 간 한석봉은 지금까지도 조선 최고의 명필로 존경받고 있답니다.",
      "srcPage": 27,
      "srcSentenceEA": 3,
      "srcWordEA": 46
    },
    {
      "srcTextID": "95373",
      "srcText": "석봉이의 집은 무척 가난했어요. 아버지는 일찍 돌아가시고, 어머니가 떡을 팔아 겨우겨우 살림을 꾸렸지요. 석봉이는 어머니를 기쁘게 해 드리고 싶었어요.",
      "srcPage": 3,
      "srcSentenceEA": 3,
      "srcWordEA": 21
    },
    {
      "srcTextID": "95384",
      "srcText": "어느 날 어머니가 석봉이를 불렀어요. \"석봉아, 왜 글씨 연습을 하지 않느냐?\" \"어머니, 이제 저는 명필이 되었어요. 제 글씨를 사 가는 사람들을 좀 보세요.\"",
      "srcPage": 9,
      "srcSentenceEA": 4,
      "srcWordEA": 24
    },
    {
      "srcTextID": "95382",
      "srcText": "\"조금 전까지 훌륭한 옷감이던 베가 지금은 아무 쓸모가 없게 되었다. 너의 공부 역시 도중에 그치면 마찬가지가 아니겠느냐?\" 어머니는 석봉이를 크게 꾸짖었어요.",
      "srcPage": 11,
      "srcSentenceEA": 3,
      "srcWordEA": 23
    },
    {
      "srcTextID": "95385",
      "srcText": "\"오늘부터 큰스님을 찾아가서 공부하거라.\" \"어머니, 제가 잘못했습니다.\" 석봉이는 눈물을 흘리며 잘못을 뉘우쳤지요.",
      "srcPage": 12,
      "srcSentenceEA": 3,
      "srcWordEA": 13
    },
    {
      "srcTextID": "95387",
      "srcText": "어느덧 절에 들어온 지 삼 년이 지났어요. '어젯밤 꿈에 어머니가 몹시 편찮으시던데. 어머니를 잠깐 뵙고 와야겠다.' 어머니 걱정에 석봉이는 몰래 절을 빠져나왔어요.",
      "srcPage": 15,
      "srcSentenceEA": 4,
      "srcWordEA": 24
    },
    {
      "srcTextID": "95392",
      "srcText": "\"그래? 그렇다면 어디 네 글씨를 한번 보자꾸나.\" 석봉이는 자신이 있었답니다. '어머니도 내 글씨를 보면 틀림없이 기뻐하실 거야.'",
      "srcPage": 18,
      "srcSentenceEA": 3,
      "srcWordEA": 19
    },
    {
      "srcTextID": "95379",
      "srcText": "석봉이는 글씨를 팔아 돈을 버는 일이 신났어요. '아! 난 드디어 명필이 된 거야. 이제 어머니가 떡을 팔지 않아도 돼!' 석봉이는 글씨 연습은 뒤로하고 돈 버는 데만 열중했어요.",
      "srcPage": 8,
      "srcSentenceEA": 4,
      "srcWordEA": 30
    },
    {
      "srcTextID": "95402",
      "srcText": "한석봉이 사신을 따라 중국에 갔을 때의 일이에요. 어느 부잣집에서 글씨를 뽐내는 잔치가 열렸어요. \"흥, 조그만 나라에서 온 풋내기로군!\" 사람들은 한석봉을 우습게 생각했지요.",
      "srcPage": 25,
      "srcSentenceEA": 4,
      "srcWordEA": 24
    },
    {
      "srcTextID": "95401",
      "srcText": "하지만 한석봉이 한 자 한 자 써 내려갈 때마다 사람들의 입은 크게 벌어졌어요. \"아니, 조선에 저런 명필이 있었다니!\" 중국의 명필 왕희지에 버금가는 솜씨로다!\" 모두들 칭찬을 아끼지 않았답니다.",
      "srcPage": 26,
      "srcSentenceEA": 4,
      "srcWordEA": 29
    },
    {
      "srcTextID": "95383",
      "srcText": "석봉이는 자랑스럽게 말했어요. 그런데 어찌 된 일인지 어머니는 조금도 기뻐하지 않았어요. 갑자기 어머니는 짜고 있던 베를 가위로 싹둑 잘랐어요.",
      "srcPage": 10,
      "srcSentenceEA": 3,
      "srcWordEA": 21
    },
    {
      "srcTextID": "95398",
      "srcText": "\"석봉아, 이젠 더 이상 가르칠 게 없구나.\" 석봉이가 절에 들어온 지 십 년이 되던 해였지요. 석봉이는 한걸음에 집으로 달려갔어요.",
      "srcPage": 22,
      "srcSentenceEA": 3,
      "srcWordEA": 21
    },
    {
      "srcTextID": "95370",
      "srcText": "\"맴맴맴, 맴맴맴!\" 매미들의 합창이 시작되었어요. 꼬맹이들은 물장구를 치느라 신이 났군요.",
      "srcPage": 1,
      "srcSentenceEA": 3,
      "srcWordEA": 12
    },
    {
      "srcTextID": "95371",
      "srcText": "하지만 석봉이는 혼자서 무언가를 열심히 하고 있네요. '조선 제일의 명필이 될 거야!' 석봉이는 더운 줄도 모르고 손가락으로 개울물을 찍어 바위에다 글씨를 쓰고 있었어요.",
      "srcPage": 2,
      "srcSentenceEA": 3,
      "srcWordEA": 24
    },
    {
      "srcTextID": "95378",
      "srcText": "\"나이는 어리지만 석봉이의 글씨가 가장 훌륭하구나!\" 훈장님도 석봉이의 글씨를 칭찬했지요. \"정말 대단한 솜씨로구나!\" 사람들은 너도나도 석봉이의 글씨를 사갔어요.",
      "srcPage": 7,
      "srcSentenceEA": 4,
      "srcWordEA": 20
    },
    {
      "srcTextID": "95377",
      "srcText": "어느 날 어머니가 바구니에서 종이와 붓을 꺼내 주었어요. \"석봉아, 이제는 여기에 글씨 연습을 하거라.\" \"어머니, 이렇게 비싼 종이를.\"",
      "srcPage": 5,
      "srcSentenceEA": 3,
      "srcWordEA": 18
    }
  ]
}