{
  "title": "테레사",
  "author": "교연아카데미 편집부",
  "illustrator": "김현정",
  "isbn": "9788992636520",
  "readAge": "유아",
  "publishedYear": 2007,
  "publisher": "교연아카데미",
  "classification": "사회관계",
  "paragraphInfoCount": 16,
  "paragraphInfo": [
    {
      "srcTextID": "129380",
      "srcText": "아그네스는 어머니와 함께 날마다 어려운 이웃을 찾아다녔어요. ‘병들고 가난한 사람들과 항상 함께할 수 있다면.’ 아그네스의 가슴 속에는 이웃을 위한 사랑이 싹트고 있었어요. 마침내 아그네스는 수녀가 되어야겠다고 생각했답니다. \"어머니, 수녀가 되어 항상 어려운 이웃들 곁에 있고 싶어요.\"",
      "srcPage": 4,
      "srcSentenceEA": 5,
      "srcWordEA": 39
    },
    {
      "srcTextID": "129385",
      "srcText": "테레사는 자신이 아픈 것도 잊은 채 쓰러져 있는 사람들에게 달려갔습니다. 그리고 가지고 있던 빵과 음식을 나누어 주었어요. 사람들은 겨우 정신을 차렸어요. ‘이 사람들과 함께 살아야겠어.’ 테레사는 굳은 결심을 했답니다. 테레사는 입고 있던 수녀복을 벗고 거칠고 질긴 옷으로 같아 입었습니다. ‘우선 아이들을 가르친 수 있는 학교를 만들자. 배우지 못하면 저 아이들은 어른이 되어서도 마찬가지일 거야.’ 테레사는 아이들을 모으기 시작했어요.",
      "srcPage": 9,
      "srcSentenceEA": 9,
      "srcWordEA": 66
    },
    {
      "srcTextID": "129388",
      "srcText": "“똑똑똑!” 어느 날 제자 한 명이 테레사를 찾아왔어요. “수녀님이 하시는 일을 함께 하고 싶어요.” 테레사는 믿어지지 않았어요. 그 제자는 엄청난 부잣집 딸이었거든요. “가난한 사람들과 함께 사는 일은 몹시 힘들단다.” “예, 알고 있어요. 하지만 수녀님과 함께라면 아무리 힘든 일이라도 할 수 있어요.” 제자의 대답은 확신에 차 있었답니다. 테레사는 제자의 세례명을 자신의 세례명인 ‘아그네스’로 지어 주었어요. 아그네스는 테레사에게 큰 힘이 되었어요.",
      "srcPage": 12,
      "srcSentenceEA": 11,
      "srcWordEA": 67
    },
    {
      "srcTextID": "129377",
      "srcText": "“어머니는 날마다 어디를 가시는 걸까?” 아그네스는 몹시 궁금했어요. 어머니는 날마다 커다란 바구니에 빵을 가득 담아서 나가셨거든요. 어느 날 어머니가 아그네스에게 말했어요. “아그네스, 나와 함께 가지 않을래?” “정말요?” 아그네스는 신이 나서 물었어요. 어머니가 가시는 곳이 어딘지는 몰랐지만, 아그네스는 오래 전부터 어머니를 따라가고 싶었답니다.",
      "srcPage": 1,
      "srcSentenceEA": 7,
      "srcWordEA": 47
    },
    {
      "srcTextID": "129378",
      "srcText": "“아그네스, 이제 다 왔어. 바로 이 마을이란다.” 두 사람이 도착한 곳은 언덕 위의 작은 마을이었어요. 이 마을은 가난하고 병든 사람들이 모여 사는 곳이었어요. 아그네스가 들고 온 빵을 보자 아이들이 달려왔습니다. 어머니는 아이들을 따뜻하게 안아 주셨어요. 그리고 빵을 골고루 나누어 주었답니다.",
      "srcPage": 2,
      "srcSentenceEA": 7,
      "srcWordEA": 46
    },
    {
      "srcTextID": "129379",
      "srcText": "아그네스는 그제야 어머니의 마음을 알 수 있었어요. 아그네스는 어머니가 시키는 대로 열심히 일을 했어요. 집집마다 들러서 아이들을 씻기고, 빨래를 하고, 청소를 했답니다. 아그네스의 이마에 굵은 땀방울이 송글송글 맺혔어요. 그러나 아그네스의 마음은 솜이불을 깔아 놓은 듯 포근했어요.",
      "srcPage": 3,
      "srcSentenceEA": 5,
      "srcWordEA": 40
    },
    {
      "srcTextID": "129381",
      "srcText": "어머니는 아그네스의 말을 듣고 한참 동안 멍하니 서 있었어요. “아그네스.” 어머니는 아그네스를 와락 껴안고 뜨거운 눈물을 흘렸습니다. 아그네스가 수녀가 된다면 다시는 볼 수 없을지도 모르기 때문이지요.",
      "srcPage": 5,
      "srcSentenceEA": 3,
      "srcWordEA": 28
    },
    {
      "srcTextID": "129382",
      "srcText": "\"아그네스, 몸 조심하고, 항상 하느님의 사랑을 잊지 말아라. 아그네스는 어머니의 슬픈 얼굴을 뒤로 하고 기차에 올랐어요. 그 때 아그네스의 나이는 열여덟 살이었답니다. “뿌우 뿌!” 기차는 인도를 향해 힘차게 달렸습니다. 아크네스의 마음은 이미 인도의 수녀원에 도착해 있었어요. 이 소녀가 바로 인도의 어머니 마더 테레사 수녀랍니다.",
      "srcPage": 6,
      "srcSentenceEA": 7,
      "srcWordEA": 49
    },
    {
      "srcTextID": "129383",
      "srcText": "수녀가 된 테레사는 수도원에서 아이들을 가르치게 되었어요. 테레사는 아이들에게 좋은 친구가 되었지요. “선생님! 선생님!” 아이들은 하루 종일 테레사의 치마 끝을 붙잡고 따라다녔어요. 테레사는 아이들에게 지리와 역사, 가톨릭 교리를 가르쳤어요. 테레사는 잠시도 쉬지 않았어요. 그러던 어느 날 테레사는 병에 걸리고 말았답니다. “테레사 수녀님, 조용한 곳에 가셔서 좀 쉬었다 오세요.” 많은 수녀님들이 걱정스러운 얼굴로 말했어요. “할 일이 이렇게 많은데.” 테레사는 무거운 발걸음으로 수도원을 나섰어요.",
      "srcPage": 7,
      "srcSentenceEA": 11,
      "srcWordEA": 70
    },
    {
      "srcTextID": "129384",
      "srcText": "수도원의 대문을 나서던 테레사는 깜짝 놀랐어요. 평화롭기만 한 수도원과는 달리 담 하나를 사이에 둔 마을은 마치 전쟁터 같았거든요. 곳곳에 쓰레기 더미가 아무렇게나 쌓여 있고 고약한 냄새가 코를 찔렀어요. “어머나! 세상에.” 뼈만 앙상하게 남은 아이들이 쓰레기통을 뒤지고 있는 게 아니겠어요? 거리에는 많은 사람들이 고통을 참지 못해 쓰러져 있었어요.",
      "srcPage": 8,
      "srcSentenceEA": 6,
      "srcWordEA": 52
    },
    {
      "srcTextID": "129386",
      "srcText": "테레사는 집집마다 찾아다니며 어른들을 설득했어요. 어른들은 테레사의 말을 들으려고도 하지 않았어요. “먹을 것도 없는데, 공부는 무슨 공부.” 하지만 테레사는 포기하지 않았지요. 땅바닥에 글씨를 써 가며 아이들을 가르쳤어요. 소식을 듣고 수도원의 제자들이 찾아왔어요. “선생님, 저희가 돕겠습니다.” 제자들의 도움으로 뚝딱뚝딱 학교가 세워졌어요. 모른 체하던 마을 사람들도 힘을 모았습니다.",
      "srcPage": 10,
      "srcSentenceEA": 9,
      "srcWordEA": 52
    },
    {
      "srcTextID": "129387",
      "srcText": "쓰레기로 넘쳐나던 거리도 깨끗해졌어요. 썩은 물이 고여 있던 우물에서는 맑은 물이 솟았어요. 하지만 가난하고 병든 사람들은 여전히 많았어요. 피를 토하며 쓰러지는 결핵 환자, 살이 썩어 가는 문둥병 환자들이 거리에 가득했어요. 테레사는 무료 진료소를 만들기 위해 여기저기 쫓아다녔어요. 발바닥이 닳도록 걷고, 목이 쉬도록 말했지만 도와주겠다고 선뜻 나서는 사람이 없었습니다.",
      "srcPage": 11,
      "srcSentenceEA": 6,
      "srcWordEA": 53
    },
    {
      "srcTextID": "129389",
      "srcText": "테레사는 열두 명의 제자들과 함께 사랑의 선교회를 열었습니다. 선교회 앞에는 새벽부터 밥을 언어 먹기 위해 수많은 사람들이 줄을 섰어요. 테레사는 더 많은 사람들에게 밥과 약을 주고 싶었습니다. 이러한 마음이 세상에 알려지자 사랑의 손길은 끊이지 않았어요. 여러 나라에서 의약품과 식량이 도착했답니다. 그리고 테레사 수녀를 돕겠다는 봉사자들의 수도 날이 갈수록 늘어났지요. 인도뿐 아니라 세계 곳곳에 사랑의 선교회가 세워졌습니다. 테레사의 사랑이 뿌리를 내린 것이지요.",
      "srcPage": 13,
      "srcSentenceEA": 8,
      "srcWordEA": 68
    },
    {
      "srcTextID": "129390",
      "srcText": "어느 날 교황이 인도를 방문했어요. 교황은 테레사가 일하는 곳을 찾아왔어요. “당신은 세상 모든 사람들의 어머니 같군요. 마더 테레사!” 이때부터 사람들은 테레사를 마녀 테레사라고 부르게 되었답니다. 교황은 자신이 타고 온 승용차를 테레사에게 선물했어요. 테레사는 승용차를 팔아 문둥병 환자들의 재활촌을 지었어요. 이것이 바로 평화의 마을이랍니다.",
      "srcPage": 14,
      "srcSentenceEA": 8,
      "srcWordEA": 49
    },
    {
      "srcTextID": "129391",
      "srcText": "테레사는 길거리에서 죽어 가는 사람들을 위해 죽음을 기다리는 집을 만들었습니다. 늙고 병들어 아무 데도 갈 수 없는 사람들이 편안히 죽음을 맞이할 수 있도록 도와주었어요. “평생을 거리에서 살다가 이렇게 따뜻한 곳에서 눈을 감게 되다니, 정말 감사합니다.” 죽어 가는 사람들의 입가에 잔잔한 미소가 번졌습니다. 테레사의 눈가에는 안타까운 눈물이 고였어요.",
      "srcPage": 15,
      "srcSentenceEA": 5,
      "srcWordEA": 50
    },
    {
      "srcTextID": "129392",
      "srcText": "“인도의 어머니! 마더 테레사에게 노벨 평화상을 수여합니다.” 1979년, 세계에서 가장 크고 영광스러운 상을 받게 된 것입니다. 그러나 테레사는 상을 받는 것보다 많은 사람들이 가난한 이들을 이웃으로 생각할 수 있게 된 것이 더 기뻤습니다. 테레사는 평생 동안 병들고 가난한 이웃을 위해 일하다가 여든일곱 살의 나이로 조용히 하느님 곁으로 돌아갔답니다.",
      "srcPage": 16,
      "srcSentenceEA": 5,
      "srcWordEA": 52
    }
  ]
}