{
  "title": "신사임당",
  "author": "교연아카데미 편집부",
  "illustrator": "이미정",
  "isbn": "9788992636681",
  "readAge": "유아",
  "publishedYear": 2007,
  "publisher": "교연아카데미",
  "classification": "사회관계",
  "paragraphInfoCount": 26,
  "paragraphInfo": [
    {
      "srcTextID": "95830",
      "srcText": "결혼을 해서도 강릉 친정에 살고 있던 사임당은 남편을 설득하여 서울로 올려보냈습니다. 가기 싫은 발걸음으로 뒤를 돌아보며 떠나는 남편이 불쌍했어요. 그러나 사임당은 남편의 앞날을 생각하여 꾹 참았답니다.",
      "srcPage": 11,
      "srcSentenceEA": 3,
      "srcWordEA": 28
    },
    {
      "srcTextID": "95834",
      "srcText": "남편이 떠난 지 며칠 되지 않은 어느 날 밤이었어요. 갑자기 방문이 열리더니, 떠난 줄 알았던 남편이 돌아왔어요. “당신과 아이 생각이 나서 왔소. 함께 살면서 열심히 공부하겠소.”",
      "srcPage": 12,
      "srcSentenceEA": 4,
      "srcWordEA": 28
    },
    {
      "srcTextID": "95832",
      "srcText": "그러나 사임당은 모질게 남편을 나무랐습니다. “이렇게 마음이 약해서 어떻게 큰일을 하시겠어요? 당신이 정 못 떠나시겠다면 하는 수 없지요.” 사임당은 옆에 있던 반짇고리에서 가위를 꺼내 머리카락에 갖다 댔습니다. “제가 머리를 자르고 절로 들어가 스님이 되겠어요.”",
      "srcPage": 13,
      "srcSentenceEA": 5,
      "srcWordEA": 36
    },
    {
      "srcTextID": "95833",
      "srcText": "깜짝 놀란 남편은 그 길로 다시 길을 떠났어요. “내가 잘못했소. 공부를 마칠 때까지 다신 돌아오지 않겠소.”",
      "srcPage": 14,
      "srcSentenceEA": 3,
      "srcWordEA": 17
    },
    {
      "srcTextID": "95836",
      "srcText": "남편이 떠나고 사임당은 어린 자식들을 키우며 어렵게 살림을 꾸려 나갔어요. 어느 잔칫집에서의 일이랍니다. 전을 부치던 한 새댁이 구석에서 혼자 울고 있었어요. “무슨 일로 그러시나요?” 사임당이 다가가 물었습니다.",
      "srcPage": 15,
      "srcSentenceEA": 5,
      "srcWordEA": 30
    },
    {
      "srcTextID": "95835",
      "srcText": "“이웃집에서 빌려 입은 치마에 얼룩이 묻었어요.” 사임당은 얼른 붓을 가져와 치마에 그림을 그리기 시작했어요. “어머나! 얼룩이 감쪽같이 사라 얼룩이 묻은 치마에는 탐스러운 포도송이가 금방이라도 떨어질 듯 먹음직스럽게 그려져 있었어요.",
      "srcPage": 16,
      "srcSentenceEA": 3,
      "srcWordEA": 31
    },
    {
      "srcTextID": "95838",
      "srcText": "사임당은 항상 남편이 옳은 길로 갈 수 있도록 충고를 아끼지 않았습니다. 남편이 친척인 영의정의 집에 자주 드나드는 것을 보아 오던 사임당은 어느 날 남편에게 말했어요. “그 사람은 권력에 눈이 멀어 임금님께 아첨만 하는 자입니다. 자기 편이 아니면 어떤 사람이라도 해칠 위인입니다.”",
      "srcPage": 17,
      "srcSentenceEA": 4,
      "srcWordEA": 43
    },
    {
      "srcTextID": "95837",
      "srcText": "“제발 그 사람과 어울리지 마십시오. 언제 큰일을 당할지 모릅니다.” 남편은 사임당의 말대로 영의정의 집에 출입을 하지 않았습니다. 그 후 얼마 되지 않아 영의정과 그의 무리는 역모를 꾀하다가 모두 큰 화를 입었습니다.",
      "srcPage": 18,
      "srcSentenceEA": 4,
      "srcWordEA": 34
    },
    {
      "srcTextID": "95839",
      "srcText": "사임당은 셋째 아들을 임신했을 때 이상한 꿈을 꾸었어요. 출렁이던 푸른 물결이 갈라지면서 아름다운 선녀들이 나타나 백옥 같은 옥동자를 안겨 주고 사라지는 것이 아니겠어요? 아이가 태어나기 전날 사임당은 다시 꿈을 꾸었어요.",
      "srcPage": 19,
      "srcSentenceEA": 3,
      "srcWordEA": 32
    },
    {
      "srcTextID": "95840",
      "srcText": "크고 검은 용이 여의주를 입에 물고 사임당의 품 속으로 달려드는 꿈이었습니다. 다음 날, 건강한 울음소리를 내며 사내아이가 태어났어요. 이 아이가 바로 율곡 이이랍니다.",
      "srcPage": 20,
      "srcSentenceEA": 3,
      "srcWordEA": 25
    },
    {
      "srcTextID": "95842",
      "srcText": "늙으신 어머님을 고향에 두고 외로이 한성으로 떠나는 마음 돌아보니 북평은 아득도 한데 흰 구름만 저문 산을 날아 내리네. 사임당은 일곱 형제를 모두 훌륭하게 키웠답니다. 그러나, 늙고 홀로 되신 어머니를 두고 서울로 온 사임당은 항상 어머니 걱정으로 마음이 아팠어요.",
      "srcPage": 21,
      "srcSentenceEA": 3,
      "srcWordEA": 40
    },
    {
      "srcTextID": "95841",
      "srcText": "‘아아, 늙으신 어머니 혼자 어떻게 사실까?’ 어머니가 계신 강릉 쪽을 바라보며 그리움에 눈물을 흘리는 날이 많았어요. 사임당은 애처롭고 슬픈 마음을 시로 달랬습니다.",
      "srcPage": 22,
      "srcSentenceEA": 3,
      "srcWordEA": 24
    },
    {
      "srcTextID": "95843",
      "srcText": "사임당이 마흔일곱 살 되던 해 마침내 남편은 벼슬을 얻게 되었습니다. 뒤늦게 벼슬에 오른 남편은 사임당에게 모든 공을 돌렸어요. “이 모든 것이 당신 덕분이오. 어려운 살림으로 자식들을 훌륭하게 키우고, 내 뒷바라지까지 하느라 얼마나 고생이 많았소? 이젠 편히 사시오.” 남편은 사임당의 가늘어진 손목을 잡으며 고마워했습니다.",
      "srcPage": 23,
      "srcSentenceEA": 6,
      "srcWordEA": 47
    },
    {
      "srcTextID": "95845",
      "srcText": "얼마 후, 남편이 중요한 나랏일로 지방에 내려가게 되었습니다. 사임당은 두 아들을 함께 보내 아버지를 돕게 했어요. 텅 빈 집에 홀로 남은 사임당은 남편과 아들을 그리워하며 긴 편지를 썼어요. 이것이 마지막 편지가 될 줄 아무도 몰랐답니다.",
      "srcPage": 24,
      "srcSentenceEA": 4,
      "srcWordEA": 38
    },
    {
      "srcTextID": "95844",
      "srcText": "사임당은 어머니를 생각하며 눈물을 흘렸어요. 그러다가 병을 얻은 사임당은 자리에 누운 지 사흘 만에 그만 세상을 떠나고 말았답니다. 그 때 나이 겨우 마흔여덟 살이었어요.",
      "srcPage": 25,
      "srcSentenceEA": 3,
      "srcWordEA": 26
    },
    {
      "srcTextID": "95846",
      "srcText": "이 무렵 아버지와 함께 지방에 내려간 두 아들에게 이상한 일이 일어났어요. 어제까지만 해도 깨끗하던 놋그릇이 새까맣게 변해 있지 않겠어요? 세 사람은 깜짝 놀라 급히 서둘러 집으로 돌아왔지만 사임당의 마지막 가는 모습을 보지 못했어요. 양지바른 곳에 사임당을 묻은 가족들은 사임당의 따뜻한 마음을 그리워하며 슬프게 울었답니다.",
      "srcPage": 26,
      "srcSentenceEA": 4,
      "srcWordEA": 47
    },
    {
      "srcTextID": "95829",
      "srcText": "어느덧 인선은 열아홉 살의 아름다운 처녀가 되었어요. 인선은 호를 사임당이라고 지었어요. 사임당은 글재주가 뛰어나고, 그림도 잘 그렸으며, 바느질 솜씨 또한 대단했어요.",
      "srcPage": 8,
      "srcSentenceEA": 3,
      "srcWordEA": 23
    },
    {
      "srcTextID": "95828",
      "srcText": "게다가 효심도 지극하여 마을 사람들은 입에 침이 마르도록 사임당을 칭찬했어요. 모두가 탐내는 훌륭한 신붓감이었지요. 마침내 사임당은 서울의 양반집 아들인 이원수라는 도련님과 결혼을 하였습니다.",
      "srcPage": 9,
      "srcSentenceEA": 3,
      "srcWordEA": 25
    },
    {
      "srcTextID": "95822",
      "srcText": "속이 상한 인선은 그만 울음을 터뜨렸어요. 울음소리를 듣고 달려온 어머니는 인선을 달래며 흐뭇해하셨습니다. “네가 그림을 너무 잘 그려서 닭들이 감쪽같이 속은 거란다.”",
      "srcPage": 3,
      "srcSentenceEA": 3,
      "srcWordEA": 23
    },
    {
      "srcTextID": "95824",
      "srcText": "어느 날, 인선의 어머니가 병이 났어요. 인선은 어떻게 하면 어머니를 낫게 할까 고민하다가 마당의 연못으로 갔습니다. 연못에는 외할아버지께서 아끼시는 잉어가 살랑살랑 꼬리를 흔들며 헤엄치고 있었어요. ‘저 잉어를 어머니께 드리면 금방 나으실 텐데.’",
      "srcPage": 4,
      "srcSentenceEA": 4,
      "srcWordEA": 35
    },
    {
      "srcTextID": "95821",
      "srcText": "어느 따뜻한 봄날, 어린 인선은 마루에 앉아 그림을 그리고 있었어요. 빨간 열매가 탐스럽게 열린 나무 위로 메뚜기 한 마리가 기어 올라가는 그림이었어요. “다 그렸으니, 이제 그림을 말려야지.” 인선은 그림이 잘 마르도록 벽에 비스듬히 세워 놓고 밖에 나가 놀았답니다.",
      "srcPage": 1,
      "srcSentenceEA": 4,
      "srcWordEA": 40
    },
    {
      "srcTextID": "95823",
      "srcText": "어머나! 그런데 이게 웬일일까요? 밖에서 돌아온 인선은 마당에 들어서자마자 깜짝 놀랐어요. 인선이 그린 그림을 닭들이 모여 쪼아 대고 있는 거예요. 그림 속의 메뚜기는 이미 허리가 잘려 나가 모습을 알아볼 수 없을 정도였어요.",
      "srcPage": 2,
      "srcSentenceEA": 4,
      "srcWordEA": 36
    },
    {
      "srcTextID": "95825",
      "srcText": "인선은 외할아버지께 애원했어요. “할아버지, 잉어를 어머니 약으로 쓰게 해 주세요. 대신 저 잉어와 똑같은 그림을 그려 드릴게요.” 할아버지는 착한 인선의 마음을 기특해하시며 허락하셨습니다. 잉어를 드신 어머니도 금방 나았답니다.",
      "srcPage": 5,
      "srcSentenceEA": 5,
      "srcWordEA": 31
    },
    {
      "srcTextID": "95827",
      "srcText": "인선은 어머니와 함께 강릉의 외갓집에서 자랐습니다. 그래서 인선은 서울에 계신 아버지가 항상 그리웠어요. 인선은 이번에 아버지가 오시면 기쁘게 해 드리고 싶었답니다.",
      "srcPage": 6,
      "srcSentenceEA": 3,
      "srcWordEA": 23
    },
    {
      "srcTextID": "95826",
      "srcText": "“어머니, 아버지께 옷을 지어 드리고 싶어요.” 인선은 어머니께서 주신 천으로 직접 수를 놓아 가며 정성껏 바느질을 하였어요. 인선이 만든 옷을 입어 보신 아버지께서는 매우 기뻐하셨어요. 이 어린 소녀가 바로 신사임당이랍니다.",
      "srcPage": 7,
      "srcSentenceEA": 4,
      "srcWordEA": 33
    },
    {
      "srcTextID": "95831",
      "srcText": "사임당과 결혼한 이원수는 너무나 행복했어요. 그러나 사임당은 글공부에 소홀한 남편이 늘 안타까웠어요. “여보, 당신의 글공부를 위해서 우리 당분간 떨어져 살아요.”",
      "srcPage": 10,
      "srcSentenceEA": 3,
      "srcWordEA": 21
    }
  ]
}