{
  "title": "노벨",
  "author": "김문기",
  "illustrator": "황명희",
  "isbn": "9788992636735",
  "readAge": "유아",
  "publishedYear": 2007,
  "publisher": "교연아카데미",
  "classification": "사회관계",
  "paragraphInfoCount": 18,
  "paragraphInfo": [
    {
      "srcTextID": "131155",
      "srcText": "땅바닥이 지렁이처럼 꿈틀대기 시작하자 사람들은 귀를 막고 바위 뒤로 숨었어요. 시뻘건 불꽃과 흙덩이가 분수같이 하늘로 솟구쳐 올랐어요. 러시아 장군이 흥분된 얼굴로 발명가의 손을 덥석 잡았어요. \"대단한 폭약이오! 황제께서 매우 기뻐하실 거요. 이 발명가가 바로 알프레드 노벨의 아버지랍니다. 알프레드의 아버지는 '지뢰'라는 폭약을 만드신 발명가예요.",
      "srcPage": 1,
      "srcSentenceEA": 8,
      "srcWordEA": 49
    },
    {
      "srcTextID": "131156",
      "srcText": "러시아 황제는 알프레드의 아버지에게 큰 상을 내렸어요. 아버지는 얼른 스웨덴에 있는 가족들을 러시아로 불렀어요. 알프레드는 아버지와 함께 살 수 있어서 정말 기뻤어요. 러시아에 온 알프레드는 깜짝 놀랐어요. 궁전같이 크고 멋있는 집에다 아버지가 발명한 보일러는 너무나 따뜻했거든요. 또, 아버지의 공장에는 신기한 기계들이 가득 차 있었답니다. 알프레드는 발명가인 아버지가 한없이 자랑스러웠어요.",
      "srcPage": 2,
      "srcSentenceEA": 7,
      "srcWordEA": 55
    },
    {
      "srcTextID": "131169",
      "srcText": "결국 러시아는 전쟁에서 지고 말았어요. 노벨 공장에 쌓여 있던 무기는 하루 아침에 쓸모 없는 쇳덩어리가 되었어요. 알프레드에게 돈을 꾸어 준 빚쟁이들은 공장으로 달려와 무기를 내던지며 소리쳤어요.",
      "srcPage": 6,
      "srcSentenceEA": 3,
      "srcWordEA": 28
    },
    {
      "srcTextID": "131168",
      "srcText": "\"내 돈부터 빨리 갚으란 말야!\" 얼마 후 공장은 빚쟁이들의 손에 넘어가고 말았답니다. 알프레드의 아버지는 그만 자리에 눕게 되었고요. 알프레드와 형들은 눈물을 머금고 부모님과 에밀을 스웨덴으로 떠나 보내야만 했답니다.",
      "srcPage": 7,
      "srcSentenceEA": 4,
      "srcWordEA": 31
    },
    {
      "srcTextID": "131172",
      "srcText": "어느 날, 알프레드는 '니트로글리세린'을 화약으로 사용하면 강력한 폭약이 된다는 사실을 발견했어요. 니트로글리세린은 조금만 사용해도 공장이 무너질 것처럼 큰 소리를 내며 아주 센 폭발력을 보였어요. \"알프레드! 네가 해낼 줄 알았어!\" 알프레드와 형들은 서로 얼싸안고 기쁨의 눈물을 흘렸어요.",
      "srcPage": 9,
      "srcSentenceEA": 5,
      "srcWordEA": 40
    },
    {
      "srcTextID": "131173",
      "srcText": "\"알프레드! 여기가 좋겠어!\" 아무도 없는 한적한 호숫가를 가리키며 형들이 알프레드에게 소리쳤어요. 알프레드와 형들은 새로 만든 폭약을 시험해 보기로 했거든요. 알프레드는 상자에서 니트로글리세린으로 만든 폭약을 조심스럽게 살살 꺼냈어요. 그리고 심지에 불을 붙여 호수로 힘껏 던졌어요. \"콰쾅! 콰쾅!\" 호수는 순식간에 불길에 휩싸였어요. 물벼락을 덮어쓴 알프레드와 형들은 너무 놀라 빨간 토끼 눈이 되었어요.",
      "srcPage": 10,
      "srcSentenceEA": 8,
      "srcWordEA": 58
    },
    {
      "srcTextID": "131194",
      "srcText": "에밀을 잃은 슬픔이 채 가라앉기도 전에 알프레드에게 나쁜 소식들이 전해졌어요. 미국의 어느 호텔에서 큰 폭발 사고가 일어났어요. 그런가 하면 호주에서는 폭약 창고가 폭발해서 수많은 사람들이 죽었어요. 사람들은 날이 갈수록 알프레드가 만든 화약을 무섭고 끔찍한 것으로 생각했어요. 나라에서는 이 화약을 사용하지 못하게 했어요. 어떤 사람은 알프레드에게 협박 편지를 보내기도 했고요. 알프레드는 왜 자꾸 폭발 사고가 일어나는지 그 이유를 알아내야겠다고 생각했어요.",
      "srcPage": 13,
      "srcSentenceEA": 7,
      "srcWordEA": 65
    },
    {
      "srcTextID": "131202",
      "srcText": "이제 딱딱한 다이너마이트는 전 세계에서 안전하게 사용되었어요. 알프레드 노벨의 이름은 모르는 사람이 없었고요. 어느 날, 아름다운 여자 한 분이 중년이 된 알프레드를 찾아왔어요.",
      "srcPage": 15,
      "srcSentenceEA": 3,
      "srcWordEA": 25
    },
    {
      "srcTextID": "131205",
      "srcText": "알프레드 노벨은 세계의 평화를 위해서 애쓴 사람, 인류에게 많은 도움을 준 약이나 발명을 한 사람에게 큰 상과 선물을 주도록 했어요. 또, 좋은 글로 깊은 감동을 준 사람에게도 상을 주기로 했어요. 이것이 바로 노벨상이랍니다.",
      "srcPage": 17,
      "srcSentenceEA": 3,
      "srcWordEA": 35
    },
    {
      "srcTextID": "131206",
      "srcText": "알프레드 노벨은 큰 부자였지만 사치스럽게 살지 않았어요. 그리고 자기의 전 재산을 아낌없이 내놓았어요. 알프레드 노벨의 아름다운 마음은 지금도 노벨 상으로 우리들 가슴에 따뜻하게 전해지고 있답니다.",
      "srcPage": 18,
      "srcSentenceEA": 3,
      "srcWordEA": 27
    },
    {
      "srcTextID": "131188",
      "srcText": "알프레드는 새로 만든 폭약 이름을 '다이너마이트'라고 지었어요. 다이너마이트의 소문은 금세 사람들에게 퍼져 나갔어요. 전쟁을 하고 있는 나라들은 다이너마이트를 비싼 값에 사려고 했어요. 하지만 알프레드는 사람들에게 도움을 줄 수 있는 일에 사용하고 싶었어요. 다이너마이트는 돌이나 석탄을 캐는 곳에서 큰 바위를 깨뜨리는 일에 사용되었어요. 철도를 놓을 때나 굴을 뚫을 때에도 꼭 필요했지요. 알프레드는 다이너마이트로 엄청난 돈을 벌었어요. 다른 나라에 큰 공장도 여러 개 세웠답니다.",
      "srcPage": 11,
      "srcSentenceEA": 9,
      "srcWordEA": 70
    },
    {
      "srcTextID": "131163",
      "srcText": "러시아에 온 지 1년쯤 되자, 알프레드와 두 형들은 러시아 말도 제법 잘 하게 되었어요. 그리고 온 가족의 축복 속에서 동생 에밀도 태어났답니다. 알프레드는 틈만 나면 아버지의 공장으로 달려갔어요. 화약 가루를 종이에 넣고 도톰하게 말아서 심지에 불을 붙이면 그럴 듯한 폭약이 되었거든요. 알프레드는 공장 뒤뜰에서 자기가 만든 폭약을 몰래 터뜨려 보고 했어요. 폭약이 '퍽' 소리를 내며 땅바닥에 옴폭한 구멍을 낼 때마다 알프레드는 마냥 신이 났답니다.",
      "srcPage": 3,
      "srcSentenceEA": 7,
      "srcWordEA": 70
    },
    {
      "srcTextID": "131164",
      "srcText": "청년이 된 알프레드는 아버지를 도와 더 강한 폭약을 만드는 데 온 힘을 기울였어요. \"여보, 알프레드는 몸이 약해서 걱정이에요.\" 어머니는 알프레드의 건강이 걱정되었지만 아버지의 생각은 달랐어요. \"알프레드는 내 뒤를 이을 위대한 발명가가 될 거야.\" 알프레드는 날마다 공장에 틀어박혀 실험을 하느라 시간 가는 줄도 몰랐답니다. 때로는 약품에서 나는 이상한 냄새와 연기 때문에 쓰러지기도 했어요. 그러던 어느 날, 알프레드는 아버지와 함께 '기뢰'라는 새로운 무기를 만들어 냈답니다.",
      "srcPage": 4,
      "srcSentenceEA": 8,
      "srcWordEA": 68
    },
    {
      "srcTextID": "131165",
      "srcText": "이 무렵 러시아와 터키 사이에 전쟁이 일어났어요. 노벨 공장은 전쟁에 필요한 무기를 만들어 내느라 밤낮으로 바쁘게 돌아갔어요. 러시아는 알프레드가 발명한 기뢰를 사용해 적군의 배를 산산조각 내면서 많은 사람들을 죽게 했어요. 그러자 터키는 영국과 프랑스에게 도움을 청했어요. 영국과 프랑스는 더 강한 무기로 러시아 군대를 물리쳤어요. 알프레드는 전쟁에서 많은 사람들이 무서운 무기 때문에 피 흘리는 것을 보고 마음이 너무 아팠어요.",
      "srcPage": 5,
      "srcSentenceEA": 6,
      "srcWordEA": 63
    },
    {
      "srcTextID": "131171",
      "srcText": "알프레드와 형들은 부모님을 생각하며 열심히 일했어요. '다시 공장을 세우고야 말겠어.' 알프레드는 일이 끝난 후에도 새로운 화약을 만들기 위해 연구를 게을리하지 않았어요. 지뢰보다 더 큰 힘을 가진 무기를 만들어 좋은 일에 사용하고 싶었기 때문이에요.",
      "srcPage": 8,
      "srcSentenceEA": 4,
      "srcWordEA": 35
    },
    {
      "srcTextID": "131193",
      "srcText": "사람들은 알프레드를 '위대한 발명가'라고 불렀어요. 다시 가족들과 함께 살게 된 알프레드는 동생 에밀에게 공장을 맡기고 바쁘게 돌아다녔어요. 다이너마이트의 사용법을 여러 곳에 알려 주어야 했거든요. 그런데 어느 날 에밀이 일하는 공장에서 끔찍한 폭발 사고가 일어났지 뭐예요. 폭약을 잘못 건드려서 에밀이 죽고 만 거예요. 공장은 불바다가 되어 재만 남았답니다. 알프레드는 하늘이 무너지는 것 같았어요.",
      "srcPage": 12,
      "srcSentenceEA": 9,
      "srcWordEA": 59
    },
    {
      "srcTextID": "131197",
      "srcText": "\"맞아! 딱딱한 폭약을 만드는 거야!\" 그 동안 만든 폭약은 물 같은 니트로글리세린을 그대로 사용했기 때문에 움직일 때마다 위험했던 거예요. '어떻게 하면 딱딱한 폭약을 만들 수 있을까?' 알프레드는 다시 연구를 시작했어요. 니트로글리세린에 톱밥을 섞기도 하고, 시멘트나 벽돌 가루를 짓이겨 보기도 했지만 모두 헛일이었어요. 그러다 화분 속에 있는 '규조토'라는 흙을 섞어 보았더니 놀랍게도 니트로글리세린이 딱딱해지는 게 아니겠어요? 마침내 알프레드는 안전한 폭약을 만들어 냈답니다.",
      "srcPage": 14,
      "srcSentenceEA": 8,
      "srcWordEA": 68
    },
    {
      "srcTextID": "131201",
      "srcText": "그 여인은 무기를 버려라라는 책을 써서 많은 사람들에게 평화의 소중함을 알려 준 소설가였어요. 알프레드는 이 소설가와 이야기를 나누면서 깊은 감동을 받았어요. 알프레드는 다이너마이트로 번 많은 돈을 평화를 위해 애쓰는 사람들을 위해 사용하기로 결심했답니다.",
      "srcPage": 16,
      "srcSentenceEA": 3,
      "srcWordEA": 35
    }
  ]
}