{
  "title": "아르키메데스",
  "author": "정경혜",
  "illustrator": "김종미",
  "isbn": "9788992636704",
  "readAge": "유아",
  "publishedYear": 2007,
  "publisher": "교연아카데미",
  "classification": "사회관계",
  "paragraphInfoCount": 27,
  "paragraphInfo": [
    {
      "srcTextID": "96319",
      "srcText": "사람들의 이야기는 헤론 왕의 귀에까지 들어갔어요. “흠, 아르키메데스가 그런 소리를 했단 말이지? 당장 아르키메데스를 불러 오너라!”",
      "srcPage": 14,
      "srcSentenceEA": 3,
      "srcWordEA": 17
    },
    {
      "srcTextID": "96322",
      "srcText": "마침 궁궐에는 골칫거리가 하나 있었어요. 큰 배를 만들어 놓고 바다에 띄우지 못했던 거예요. 왕은 아르키메데스를 시험하기로 했어요.",
      "srcPage": 15,
      "srcSentenceEA": 3,
      "srcWordEA": 19
    },
    {
      "srcTextID": "96321",
      "srcText": "“그대는 지구도 움직인다고 하니 저 배를 바다에 띄우는 것쯤은 간단하겠지?” “네, 지렛대를 이용하면 쉽게 움직일 수 있습니다.” 아르키메데스는 자신있게 대답했어요.",
      "srcPage": 16,
      "srcSentenceEA": 3,
      "srcWordEA": 21
    },
    {
      "srcTextID": "96324",
      "srcText": "그러자 거짓말처럼 배가 움직이기 시작했답니다. “드르륵 드르륵!” 지렛대를 따라 움직이던 배는 파도를 가르며 바다로 들어갔지요.",
      "srcPage": 18,
      "srcSentenceEA": 3,
      "srcWordEA": 16
    },
    {
      "srcTextID": "96327",
      "srcText": "평화롭던 시라쿠사에 전쟁이 일어났어요. 로마 군대가 바다와 육지로 떼지어 몰려왔지요. “아르키메데스, 당신의 지혜가 필요하오!” 왕은 아르키메데스에게 무기를 만들어 달라고 했어요.",
      "srcPage": 20,
      "srcSentenceEA": 4,
      "srcWordEA": 22
    },
    {
      "srcTextID": "96326",
      "srcText": "아르키메데스는 지레의 원리를 이용해서 투석기라는 무기를 만들었어요. “으악! 배가 가라앉는다!” 투석기는 커다란 돌을 멀리까지 던져서 로마 군대의 배를 부수어 버렸답니다.",
      "srcPage": 21,
      "srcSentenceEA": 3,
      "srcWordEA": 22
    },
    {
      "srcTextID": "96332",
      "srcText": "로마 병사들은 아르키메데스가 모래 위에 그려 놓은 도형을 마구 짓밟았어요. “내 도형들을 망가뜨리면 안 돼! 이건 아주 중요한 연구란 말이야!”",
      "srcPage": 25,
      "srcSentenceEA": 3,
      "srcWordEA": 21
    },
    {
      "srcTextID": "96331",
      "srcText": "“뭐야? 미친 늙은이로군!” 로마 병사는 허리에 차고 있던 칼로 아르키메데스를 찌르고 말았어요. “무식한 병사 때문에 위대한 과학자를 잃었구나!” 로마의 장군은 아르키메데스를 알아보고 크게 슬퍼했답니다.",
      "srcPage": 26,
      "srcSentenceEA": 4,
      "srcWordEA": 27
    },
    {
      "srcTextID": "96310",
      "srcText": "“음, 겉으로 보기엔 화려하고 아름다운 금관이 틀림없는데.” 두드려 보고, 깨물어 보고, 무게도 달아 보았지만 도무지 수수께끼를 풀 수가 없었어요. 밥 먹는 것도, 잠자는 것도 잊고 금관 생각만 하던 아르키메데스는 지끈지끈 머리가 아팠답니다. “그래, 따뜻한 물에 목욕을 하고 나면 좋은 생각이 떠오를지도 몰라.”",
      "srcPage": 4,
      "srcSentenceEA": 4,
      "srcWordEA": 44
    },
    {
      "srcTextID": "96311",
      "srcText": "아르키메데스는 물이 가득 찬 욕조 속에 몸을 푹 담갔어요. 그러자 욕조의 물이 출출출 흘러 넘치는 게 아니겠어요? “아니. 이건!” 아르키메데스는 다시 물을 가득 채운 뒤, 욕조 속으로 들어가 보았어요.",
      "srcPage": 5,
      "srcSentenceEA": 4,
      "srcWordEA": 32
    },
    {
      "srcTextID": "96314",
      "srcText": "아르키메데스는 금관과 똑같은 무게의 금덩이와 은덩이를 준비했어요. 벌거벗은 채 말이에요. 그리고는 물이 가득 든 항아리에 금과 은을 넣고 흘러 넘친 물의 양을 재었지요.",
      "srcPage": 7,
      "srcSentenceEA": 3,
      "srcWordEA": 25
    },
    {
      "srcTextID": "96315",
      "srcText": "다음 날 아르키메데스는 왕을 찾아갔어요. “폐하, 이 금관 속에는 은이 섞여 있습니다.” “아니, 그것을 어떻게 알아 냈소?” “하하하, 바로 목욕탕에서 발견한 원리입니다.”",
      "srcPage": 9,
      "srcSentenceEA": 4,
      "srcWordEA": 22
    },
    {
      "srcTextID": "96318",
      "srcText": "어느 날 아르키메데스는 들길을 걷다가 농부들이 땀을 뻘뻘 흘리며 물을 길어 오는 것을 보았어요. ‘음, 좀더 편하게 물을 길어 올 수 없을까?’ 얼마 후, 아르키메데스는 손쉽게 물을 퍼올릴 수 있는 기계를 만들었어요.",
      "srcPage": 11,
      "srcSentenceEA": 3,
      "srcWordEA": 34
    },
    {
      "srcTextID": "96316",
      "srcText": "아르키메데스는 금관으로 직접 실험을 해 보였어요. “오호! 그대는 참으로 위대한 학자요!” 은을 섞어 금관을 만든 거짓말쟁이 장인은 큰 벌을 받고 말았답니다.",
      "srcPage": 10,
      "srcSentenceEA": 3,
      "srcWordEA": 23
    },
    {
      "srcTextID": "96320",
      "srcText": "아르키메데스가 지레의 원리를 연구할 때였어요. “요즘 아르키메데스가 이상한 소리를 떠벌리고 다닌다지?” “이상한 소리라니?” “지렛대와 발판만 있으면 지구를 움직일 수 있대.” “하하하, 별 미친 녀석을 다 보겠군!”",
      "srcPage": 13,
      "srcSentenceEA": 5,
      "srcWordEA": 26
    },
    {
      "srcTextID": "96323",
      "srcText": "“와아, 굉장하다!” “백 명이 끌어도 꿈쩍 않던 배를 겨우 한 손으로 바다에 띄우다니!” 아르키메데스가 배를 움직인 것은 바로 복합 도르래와 지레의 원리였답니다.",
      "srcPage": 19,
      "srcSentenceEA": 3,
      "srcWordEA": 23
    },
    {
      "srcTextID": "96328",
      "srcText": "로마 군대는 부리나케 도망을 쳤어요. 하지만 뒤에서는 아르키메데스가 새로 만든 무기가 기다리고 있었어요. “아, 눈부셔! 저게 뭐지?” “이런, 배에서 연기가 나잖아?”",
      "srcPage": 22,
      "srcSentenceEA": 5,
      "srcWordEA": 23
    },
    {
      "srcTextID": "96329",
      "srcText": "바로 오목거울을 이용한 무기였어요. 오목거울로 빛을 모아 비추면 불이 붙는 거예요. 시라쿠사는 아르키메데스 덕분에 로마 군대를 크게 무찔렀답니다.",
      "srcPage": 23,
      "srcSentenceEA": 3,
      "srcWordEA": 20
    },
    {
      "srcTextID": "96333",
      "srcText": "수학을 사랑했던 아르키메데스는 친구들에게 입버릇처럼 말했대요. “내가 죽거든 내 무덤에 꼭 원기둥 모형의 비석을 세워 주게!” 아르키메데스의 유언대로 그의 무덤에는 원기둥 모형의 비석이 세워졌지요. 아르키메데스의 많은 이론과 발명은 어린 과학자들의 꿈을 키워 주는 소중한 지렛대가 되고 있답니다.",
      "srcPage": 27,
      "srcSentenceEA": 4,
      "srcWordEA": 39
    },
    {
      "srcTextID": "96330",
      "srcText": "아르키메데스는 계속해서 새로운 무기를 만들어 시라쿠사를 지켰어요. 그러나 전쟁은 끊이지 않았고, 시라쿠사는 식량이 떨어져 더 이상 버틸 수가 없었답니다. 시라쿠사 성이 무너질 무렵, 아르키메데스는 바닷가에서 도형을 연구하고 있었어요. 로마 군대가 몰려오는 것도 모르고 말이에요.",
      "srcPage": 24,
      "srcSentenceEA": 4,
      "srcWordEA": 37
    },
    {
      "srcTextID": "96309",
      "srcText": "헤론 왕에게 골치 아픈 일이 생겼어요. “끙! 아무래도 아르키메데스를 불러야겠군!” 아르키메데스는 헤론 왕의 어려운 문제들을 쉽게 풀어 주었거든요.",
      "srcPage": 1,
      "srcSentenceEA": 3,
      "srcWordEA": 20
    },
    {
      "srcTextID": "96308",
      "srcText": "“폐하, 부르셨습니까?” 아르키메데스를 보자 헤론 왕의 표정이 금세 밝아졌어요. \"신전에 바칠 금관에 은이 섞여 있다는 소문이 있소.\"",
      "srcPage": 2,
      "srcSentenceEA": 3,
      "srcWordEA": 18
    },
    {
      "srcTextID": "96312",
      "srcText": "이번에도 역시 출출출 물이 흘러 넘쳤어요. “하하하, 바로 이거야! 유레카! 유레카!” 아르키메데스는 옷도 입지 않고 소리를 지르며 밖으로 뛰어나갔어요.",
      "srcPage": 6,
      "srcSentenceEA": 5,
      "srcWordEA": 22
    },
    {
      "srcTextID": "96307",
      "srcText": "\"그대가 이 문제를 해결해 주시오. 하지만 금관을 녹이거나 망가뜨려서는 안 되오.\" 아르키메데스에게도 어려운 문제였어요.",
      "srcPage": 3,
      "srcSentenceEA": 3,
      "srcWordEA": 16
    },
    {
      "srcTextID": "96313",
      "srcText": "“옳지! 은을 넣은 쪽의 물이 더 많이 넘치는구나. 무게는 같아도 은의 부피가 더 큰 거야!” 실험은 대성공이었어요.",
      "srcPage": 8,
      "srcSentenceEA": 3,
      "srcWordEA": 20
    },
    {
      "srcTextID": "96317",
      "srcText": "“자, 모두들 힘껏 돌려 보시오!” 커다란 용수철관이 담긴 통을 비스듬히 눕혀서 돌리자 쏴아쏴아 물이 나왔어요. “와아! 물이다, 물이 나온다!” 사람들은 이제 힘들게 물을 긷지 않아도 되었지요.",
      "srcPage": 12,
      "srcSentenceEA": 4,
      "srcWordEA": 29
    },
    {
      "srcTextID": "96325",
      "srcText": "드디어 배를 바다에 띄우는 날이에요. “자, 이제 배를 띄우겠습니다!” 아르키메데스는 한쪽 손에 잡고 있던 밧줄을 잡아당겼어요.",
      "srcPage": 17,
      "srcSentenceEA": 3,
      "srcWordEA": 17
    }
  ]
}