{
  "title": "장영실",
  "author": "교연아카데미 편집부",
  "illustrator": "강금향",
  "isbn": "9788992636414",
  "readAge": "유아",
  "publishedYear": 2007,
  "publisher": "교연아카데미",
  "classification": "사회관계",
  "paragraphInfoCount": 39,
  "paragraphInfo": [
    {
      "srcTextID": "96619",
      "srcText": "\"물을 주세요!\" \"목이 말라요!\" 논에서 들려오는 벼들의 소리예요.",
      "srcPage": 1,
      "srcSentenceEA": 3,
      "srcWordEA": 9
    },
    {
      "srcTextID": "96638",
      "srcText": "장영실은 힘들게 농사를 짓는 농부들의 모습을 보았습니다. '농사가 잘 되어야 백성들이 평화로울 텐데.' 장영실은 항상 임금님이 걱정하시는 것을 함께 고민했습니다.",
      "srcPage": 26,
      "srcSentenceEA": 3,
      "srcWordEA": 21
    },
    {
      "srcTextID": "96640",
      "srcText": "며칠째 비가 내리고 있었어요. 너무 많은 비로 벼들이 물에 다 잠겼어요. 주렁주렁 열려 있던 호박도 떨어져 땅에 나뒹굴었어요.",
      "srcPage": 27,
      "srcSentenceEA": 3,
      "srcWordEA": 20
    },
    {
      "srcTextID": "96626",
      "srcText": "그때 임금님이 바로 세종대왕이었어요. 임금님은 얼른 장영실을 만나보고 싶었어요. 그래서, 장영실은 꿈도 꾸어 보지 못했던 한양으로 가게 되었답니다.",
      "srcPage": 14,
      "srcSentenceEA": 3,
      "srcWordEA": 20
    },
    {
      "srcTextID": "96625",
      "srcText": "\"네가 장영실이구나. 고개를 들어 보아라.\" 임금님의 목소리는 따뜻했습니다. 장영실은 너무나 떨려서 눈도 뜰 수 없었어요. \"이제부터는 관아의 종이 아니라, 너에게 벼슬을 내릴 테니 나라를 위해 일하거라.\"",
      "srcPage": 15,
      "srcSentenceEA": 5,
      "srcWordEA": 29
    },
    {
      "srcTextID": "104995",
      "srcText": "사또는 장영실이 시키는 대로 했어요. 마을 사람들을 시켜 도랑을 파게 했지요. 저수지에서 파 내려온 도랑이 논과 이어졌어요.",
      "srcPage": 7,
      "srcSentenceEA": 3,
      "srcWordEA": 19
    },
    {
      "srcTextID": "96629",
      "srcText": "장영실은 단숨에 어머니에게 달려갔습니다. \"어머니, 이제 떨어져 살지 않아도 되고, 관아에 가서 술을 따르지 않아도 됩니다.\" 장영실의 어머니는 관아에 매여 있는 기생이었어요.",
      "srcPage": 16,
      "srcSentenceEA": 3,
      "srcWordEA": 23
    },
    {
      "srcTextID": "104993",
      "srcText": "\"어? 어. 물! 물이 흐른다!\" 저수지의 물이 콸콸 흘러 논으로, 시내로 들어갔어요. 마음껏 물을 마신 벼와 물고기들이 다시 살아났어요.",
      "srcPage": 9,
      "srcSentenceEA": 5,
      "srcWordEA": 24
    },
    {
      "srcTextID": "96628",
      "srcText": "그래서 장영실도 열 살이 되자마자 관아의 종이 되었던 거지요. 물론 어머니와는 함께 살지도 못했고요. \"평생 종으로 살아도 너와 함께라면 이 어미는 행복하단다.\" 장영실은 어머니 품에서 한참을 울었답니다.",
      "srcPage": 17,
      "srcSentenceEA": 4,
      "srcWordEA": 29
    },
    {
      "srcTextID": "96620",
      "srcText": "논바닥은 거북이 등처럼 쩍쩍 갈라졌어요. \"물이 없어 숨을 쉴 수가 없어요!\" 시냇가에서 들려오는 물고기들의 소리예요.",
      "srcPage": 2,
      "srcSentenceEA": 3,
      "srcWordEA": 16
    },
    {
      "srcTextID": "96624",
      "srcText": "장영실은 논둑길을 걸으며 곰곰이 생각했어요. '참! 윗마을에 큰 저수지가 있었지!' 장영실은 재빨리 사또를 찾아갔어요.",
      "srcPage": 4,
      "srcSentenceEA": 3,
      "srcWordEA": 16
    },
    {
      "srcTextID": "96630",
      "srcText": "'거참 이상하네. 어제는 분명히 별이 저기쯤 있었는데.' 다음 날 밤에도 장영실은 별을 쳐다보고 있었어요. '별이 또 움직였다.'",
      "srcPage": 19,
      "srcSentenceEA": 4,
      "srcWordEA": 19
    },
    {
      "srcTextID": "96621",
      "srcText": "오랫동안 비가 오지 않아 모두들 물을 달라고 아우성입니다. 농부들은 논바닥에 주저앉아 울고 있어요. 장영실은 마음이 몹시 아팠어요.",
      "srcPage": 3,
      "srcSentenceEA": 3,
      "srcWordEA": 19
    },
    {
      "srcTextID": "96632",
      "srcText": "장영실은 임금님 은혜에 보답하기 위해 자나 깨나 연구만 했어요. 그러던 어느 날 밤이었어요. 하늘을 쳐다보던 장영실은 갸우뚱갸우뚱 고개를 저었어요.",
      "srcPage": 18,
      "srcSentenceEA": 3,
      "srcWordEA": 21
    },
    {
      "srcTextID": "96631",
      "srcText": "장영실은 매일 밤 조금씩 바뀌는 별의 위치를 그렸어요. '별과 달의 움직임을 잘 살펴보면 농사에 많은 도움이 될 거야.' 이렇게 해서 우리나라 최초의 천문 관측기구가 만들어진 것이랍니다.",
      "srcPage": 20,
      "srcSentenceEA": 3,
      "srcWordEA": 27
    },
    {
      "srcTextID": "96634",
      "srcText": "임금님은 급히 장영실을 불렀습니다. \"그대의 지혜가 또 필요하오.\" 장영실은 아무리 힘든 일이라도 임금님이 부탁하는 건 다 만들어 내고 싶었습니다.",
      "srcPage": 21,
      "srcSentenceEA": 3,
      "srcWordEA": 20
    },
    {
      "srcTextID": "96633",
      "srcText": "\"백성들이 마음껏 책을 읽을 수 있게 하고 싶소.\" 장영실은 임금님의 깊은 마음을 금방 헤아릴 수 있었어요. \"고르고 반듯한 글자를 많이 찍어 낼 수 있도록 하겠습니다.\"",
      "srcPage": 22,
      "srcSentenceEA": 3,
      "srcWordEA": 26
    },
    {
      "srcTextID": "96635",
      "srcText": "장영실은 꿈속에서도 쇠붙이를 주물렀습니다. 사람들은 혹시나 장영실이 쓰러질까 봐 걱정했어요. 그러나 장영실은 한 번 시작한 일은 반드시 이루고야 말았습니다. 드디어 20여만 자가 넘는 갑인자를 만들어 낸 것이랍니다.",
      "srcPage": 23,
      "srcSentenceEA": 4,
      "srcWordEA": 30
    },
    {
      "srcTextID": "96636",
      "srcText": "임금님은 장영실에게 많은 상을 내렸어요. \"아무리 상을 주어도 부족한 것 같소. 이제 그대 몸은 나라의 몸이오. 그러니 부디 건강해야 하오.\"",
      "srcPage": 24,
      "srcSentenceEA": 4,
      "srcWordEA": 22
    },
    {
      "srcTextID": "96637",
      "srcText": "임금님은 장영실이 마음껏 쉴 수 있는 곳으로 보내 주셨어요. 아름다운 산과 푸른 하늘이 맞닿아 장영실의 마음을 사로잡는 곳이었어요. 장영실은 하루 종일 마루에 앉아 마을을 내려다보았습니다.",
      "srcPage": 25,
      "srcSentenceEA": 3,
      "srcWordEA": 27
    },
    {
      "srcTextID": "96623",
      "srcText": "\"사또님, 제가 논에 물을 끌어오겠습니다.\" 장영실의 말에 사또는 귀를 쫑긋 세웠어요. \"윗마을 저수지에서 물을 끌어 오겠어요.\" 옆에 있던 이방이 코웃음을 쳤어요.",
      "srcPage": 5,
      "srcSentenceEA": 4,
      "srcWordEA": 23
    },
    {
      "srcTextID": "96622",
      "srcText": "\"물은 높은 곳에서 낮은 곳으로 흐릅니다. 저수지보다 낮게 도량을 파서 물이 아래로 흐르게 하면 됩니다.\" 장영실은 자신 있게 말했어요.",
      "srcPage": 6,
      "srcSentenceEA": 3,
      "srcWordEA": 21
    },
    {
      "srcTextID": "104994",
      "srcText": "\"이런다고 물이 내려오나?\" 사람들은 투덜투덜했어요. 마지막으로 장영실이 저수지의 둑을 텄습니다.",
      "srcPage": 8,
      "srcSentenceEA": 3,
      "srcWordEA": 12
    },
    {
      "srcTextID": "104997",
      "srcText": "장영실은 관아의 종이었어요. 어느 날, 장영실은 우물 옆에서 뚝딱뚝딱 무언가를 만들고 있었어요. \"자네 가기서 무러 하고 있는가?\" 지나가는 이방이 궁금해서 물었습니다.",
      "srcPage": 10,
      "srcSentenceEA": 4,
      "srcWordEA": 23
    },
    {
      "srcTextID": "104998",
      "srcText": "장영실의 손을 거쳐 간 물건들은 무엇이든 새것이 되었답니다. \"허허, 정말 대단한 재주로다.\" 사또는 장영실을 불러 칭찬했어요.",
      "srcPage": 12,
      "srcSentenceEA": 3,
      "srcWordEA": 17
    },
    {
      "srcTextID": "104996",
      "srcText": "\"물을 쉽게 올리기 위해서 도르래를 만들고 있습니다.\" \"도 뭐?\" \"도르래를 이용하면 무거운 것을 쉽게 옮길 수 있거든요.\" 다음날 물을 길러 온 여자 종들이 도르래를 보고 깜짝 놀랐어요. 장영실이 도르래 사용법을 말해주자 모두들 기뻐서 박수를 쳤습니다.",
      "srcPage": 11,
      "srcSentenceEA": 5,
      "srcWordEA": 37
    },
    {
      "srcTextID": "96627",
      "srcText": "사또는 장영실의 재주를 자세히 적었습니다. 그리고 임금님께 편지를 써서 올렸습니다. \"나라를 위해 훌륭한 일을 할 아이입니다\"",
      "srcPage": 13,
      "srcSentenceEA": 3,
      "srcWordEA": 17
    },
    {
      "srcTextID": "105001",
      "srcText": "한양에 도착한 장영실은 짐을 짊어진 채 임금님을 찾아뵈었습니다. \"마마, 농사에 큰 도움이 될 기구를 생각해냈습니다. 비의 양을 측정해 두었다가 언제 비가 많이 오고, 오지 않는지 알아내는 것입니다.\"",
      "srcPage": 31,
      "srcSentenceEA": 3,
      "srcWordEA": 28
    },
    {
      "srcTextID": "96642",
      "srcText": "장영실은 얼른 주위에 있던 새끼줄을 던졌어요. 물에 빠진 사람은 겨우 새끼줄을 잡고 밖으로 나올 수 있었어요. \"비가 와서 물이 많이 불었는데 그걸 몰랐군요.\" 장영실은 측우기를 이용하여 수표를 만들었습니다. 수표는 물의 깊이를 알 수 있도록 표시해 두는 것이랍니다.",
      "srcPage": 34,
      "srcSentenceEA": 5,
      "srcWordEA": 40
    },
    {
      "srcTextID": "96646",
      "srcText": "밥을 먹고 돌아오는 길에 장영실은 중요한 사실을 발견했어요. '아까보다 그림자의 길이가 길어졌네?' 장영실의 얼굴에 웃음이 번졌어요.",
      "srcPage": 37,
      "srcSentenceEA": 3,
      "srcWordEA": 17
    },
    {
      "srcTextID": "96648",
      "srcText": "장영실은 모든 사람들이 가지고 다닐 수 있는 작은 시계도 만들었어요. \"지금 몇 시지?\" 사람들은 마치 보물을 간직한 듯 시계를 보았어요. 그 모습을 지켜본 장영실의 마음은 한없이 기뻤답니다.",
      "srcPage": 39,
      "srcSentenceEA": 4,
      "srcWordEA": 29
    },
    {
      "srcTextID": "96644",
      "srcText": "\"꼬르륵.\" 장영실의 배에서 신호가 왔습니다. '밥 먹을 시간은 귀신처럼 아는군.' 장영실은 자신의 '배꼽시계'를 한 번 쳐다보았어요.",
      "srcPage": 35,
      "srcSentenceEA": 4,
      "srcWordEA": 19
    },
    {
      "srcTextID": "104999",
      "srcText": "'옳지! 바로 저거야.' 장영실은 무릎을 치며 좋아했습니다. \"여보, 빨리 한양으로 갑시다. 어서요.\" 장영실의 마음은 급했습니다.",
      "srcPage": 30,
      "srcSentenceEA": 5,
      "srcWordEA": 19
    },
    {
      "srcTextID": "96647",
      "srcText": "장영실은 그림자의 길이로 시간을 알 수 있는 해시계를 만들었습니다. 사람들이 많이 다니는 큰길에 해시계를 걸어 놓았어요. 이제 사람들은 '배꼽시계' 보다 정확한 해시계로 시간을 알게 되었어요.",
      "srcPage": 38,
      "srcSentenceEA": 4,
      "srcWordEA": 28
    },
    {
      "srcTextID": "105000",
      "srcText": "장영실의 말에 임금님도 들떴어요. 장영실은 장독대 위의 그릇을 생각하며 측우기를 만들었어요. 측우기는 비의 양을 측정하여 다음 해 농사에 대비할 수 있게 하였습니다.",
      "srcPage": 32,
      "srcSentenceEA": 3,
      "srcWordEA": 24
    },
    {
      "srcTextID": "96643",
      "srcText": "측우기를 만든 지 얼마 후, 장영실은 더위를 식히기 위해 냇가에 나갔어요. 장영실이 물가에 가까이 왔을 때였어요. \"사람 살려! 어푸어푸, 살려주세요!\" 사람이 물이 빠졌지 뭐예요.",
      "srcPage": 33,
      "srcSentenceEA": 5,
      "srcWordEA": 27
    },
    {
      "srcTextID": "96645",
      "srcText": "그러자 장영실의 궁금증이 발동했어요. '시간을 알려 주는 기계는 없을까?' 장영실은 생각에 빠져 땅바닥을 보며 걸었어요.",
      "srcPage": 36,
      "srcSentenceEA": 3,
      "srcWordEA": 16
    },
    {
      "srcTextID": "96639",
      "srcText": "농부들은 밤새 벼가 떠내려갈까 봐 논에서 발을 동동 굴렀어요. 장영실은 농부들과 함께 비를 맞으며 서 있었어요. \"임금님께서 건강을 돌보라고 보내주셨는데, 그렇게 비를 맞으면 어떻게 해요?\"",
      "srcPage": 28,
      "srcSentenceEA": 3,
      "srcWordEA": 26
    },
    {
      "srcTextID": "96641",
      "srcText": "부인은 장영실을 걱정하였습니다. 그러나 장영실은 깊은 생각에 잠긴 채 꼼짝도 하지 않았어요. 장영실은 장독대 위의 그릇을 보고 있던 거예요.",
      "srcPage": 29,
      "srcSentenceEA": 3,
      "srcWordEA": 21
    }
  ]
}