{
  "title": "노마의 우주 여행",
  "author": "정선아",
  "illustrator": "송향란",
  "isbn": "9788929116910",
  "readAge": "유아",
  "publishedYear": 2017,
  "publisher": "글뿌리",
  "classification": "사회관계",
  "paragraphInfoCount": 16,
  "paragraphInfo": [
    {
      "srcTextID": "149725",
      "srcText": "“멍청이 장난감들이 어디로 간 거지?” 노마가 뒤죽박죽 방 안을 둘러보며 소리쳤어요. “바보들아, 어디 숨어 있는 거야? 어서 나오지 못해! 쳇, 로켓을 타고 찾아봐야겠군.”",
      "srcPage": 1,
      "srcSentenceEA": 5,
      "srcWordEA": 26
    },
    {
      "srcTextID": "149734",
      "srcText": "“왜 나를 데려가겠다는 거야?” “너처럼 미운 말만 하는 아이는 문어 입 우주인이 틀림없어!” “싫어! 아니야!” “문어 입 우주인은 문어 별에서 사는 거야.”",
      "srcPage": 11,
      "srcSentenceEA": 4,
      "srcWordEA": 23
    },
    {
      "srcTextID": "149738",
      "srcText": "“얘들아, 고마워! 내가 나쁜 말, 미운 말 했던 거 미안해.” 노마가 쭉 나온 문어 입으로 장난감 친구들에게 사과했어요.",
      "srcPage": 14,
      "srcSentenceEA": 3,
      "srcWordEA": 20
    },
    {
      "srcTextID": "149740",
      "srcText": "풀썩! 노마와 장난감 친구들이 집으로 돌아왔어요. 노마의 문어 입도 예쁜 입으로 돌아왔어요. 이제 노마가 문어 별에 갈 일은 없겠지요?",
      "srcPage": 16,
      "srcSentenceEA": 3,
      "srcWordEA": 22
    },
    {
      "srcTextID": "149726",
      "srcText": "노마가 장난감 친구들을 찾아 나섰어요. 로켓을 타고 우주로 슈웅! 노마는 망원경으로 여기저기 살펴보았어요.",
      "srcPage": 2,
      "srcSentenceEA": 3,
      "srcWordEA": 15
    },
    {
      "srcTextID": "149727",
      "srcText": "곰돌이가 별님 자전거를 타고 따르릉따르릉. “야, 뚱보 곰! 너 거기서 뭐 하니?” 노마가 웃으며 손을 흔들었어요. 하지만 곰돌이는 흥, 콧방귀를 뀌었지요.",
      "srcPage": 3,
      "srcSentenceEA": 5,
      "srcWordEA": 24
    },
    {
      "srcTextID": "149728",
      "srcText": "“나더러 뚱보라고? 미운 말만 하는 너하고는 안 놀아.” “뭐라고? 나도 뚱보 너랑 안 놀아.”",
      "srcPage": 4,
      "srcSentenceEA": 3,
      "srcWordEA": 16
    },
    {
      "srcTextID": "149730",
      "srcText": "“우리더러 못난이라고? 미운 말만 하는 너하고는 안 놀아.” “치, 나도 못난이들하고는 안 놀아.”",
      "srcPage": 6,
      "srcSentenceEA": 3,
      "srcWordEA": 14
    },
    {
      "srcTextID": "149735",
      "srcText": "문어 입 우주인이 말했어요. “바보 노마, 안녕? 우리와 함께 가자. 뿌까뽀까.”",
      "srcPage": 10,
      "srcSentenceEA": 4,
      "srcWordEA": 13
    },
    {
      "srcTextID": "149736",
      "srcText": "“미운 말, 나쁜 말만 하면서 말이지. 하하하.” 우주선의 문어 발이 노마의 로켓을 꽉 잡았어요. “노마야, 우리가 도와줄게.”",
      "srcPage": 12,
      "srcSentenceEA": 4,
      "srcWordEA": 19
    },
    {
      "srcTextID": "149739",
      "srcText": "장난감 친구들이 영차,영차. 문어 발을 떼어 내기 시작했어요. 겁을 먹은 문어 입 우주인은 쌩 달아났어요.",
      "srcPage": 13,
      "srcSentenceEA": 3,
      "srcWordEA": 17
    },
    {
      "srcTextID": "149732",
      "srcText": "하지만 펭귄들은 노마를 본척만척. “미운 말만 하는 너하고는 안 놀아.” “치, 멍청한 장난감들! 아빠한테 더 멋진 장난감을 사 달라고 할 테다.”",
      "srcPage": 8,
      "srcSentenceEA": 4,
      "srcWordEA": 22
    },
    {
      "srcTextID": "149729",
      "srcText": "노마가 로켓을 타고 슈웅! 쿵덕쿵덕 떡방아 찧는 토끼들을 보았어요. “못난이 토끼들아! 한참 찾았잖아.” 노마가 반갑다고 손을 흔들었어요.",
      "srcPage": 5,
      "srcSentenceEA": 5,
      "srcWordEA": 20
    },
    {
      "srcTextID": "149731",
      "srcText": "노마가 로켓을 타고 슈웅! 은하수에서 헤엄치는 펭귄들을 보았어요. “바보 펭귄들아! 너희들 여기 있었구나.” 노마가 웃으며 손을 흔들었어요.",
      "srcPage": 7,
      "srcSentenceEA": 5,
      "srcWordEA": 20
    },
    {
      "srcTextID": "149737",
      "srcText": "“그럼 이제부터 예쁜 말만 하는 거다! 자, 어서 집으로 가서 재미있게 놀자.” 모두 함께 로켓을 타고 슈웅!",
      "srcPage": 15,
      "srcSentenceEA": 3,
      "srcWordEA": 19
    },
    {
      "srcTextID": "149733",
      "srcText": "그때, 위잉위잉 이상한 우주선이 다가왔어요. “어? 왜 입이 간질간질하지?” 노마의 입이 어느새 문어처럼 변해 버렸어요.",
      "srcPage": 9,
      "srcSentenceEA": 3,
      "srcWordEA": 17
    }
  ]
}