{
  "title": "보리 보리 팡!",
  "author": "안은진",
  "illustrator": "그림작가정보없음",
  "isbn": "9791157594610",
  "readAge": "초등_저학년",
  "publishedYear": 2016,
  "publisher": "아람북스",
  "classification": "자연탐구",
  "paragraphInfoCount": 16,
  "paragraphInfo": [
    {
      "srcTextID": "144374",
      "srcText": "아뿔싸! 이러면 어쩐담! 보리는 당장 마술사 용을 찾아 나섰어. 쿵쿵거리고, 불꽃 뿜는 마술사 용은 최고의 마술 요리사거든.",
      "srcPage": 4,
      "srcSentenceEA": 3,
      "srcWordEA": 20
    },
    {
      "srcTextID": "144375",
      "srcText": "방법은 하나, 둘, 셋, 넷, 모두 네 가지. 마술 국자가 국구리꾹, 결정! 과연 저 길 끝에 쿵쿵거리는 마술사 용이 있을까?",
      "srcPage": 6,
      "srcSentenceEA": 3,
      "srcWordEA": 22
    },
    {
      "srcTextID": "144377",
      "srcText": "쿵쿵 쿵따라라. 마술사 용일 줄 알았는데 춤추는 하마잖아. 소리만으론 알다가도 모를 일. 아리송 송송! 하마는 배로 강을 건너가 보라고 했어.",
      "srcPage": 7,
      "srcSentenceEA": 5,
      "srcWordEA": 24
    },
    {
      "srcTextID": "144384",
      "srcText": "야호, 이겼다! 보리가 곰곰 생각하니, 바위는 바위니까 바위를 낼 것 같았거든. 꼼짝 바위가 길을 비켜 줬어. ",
      "srcPage": 13,
      "srcSentenceEA": 3,
      "srcWordEA": 18
    },
    {
      "srcTextID": "144385",
      "srcText": "간을 맞추는 거래. 마술사 용은 보리한테 소금과 간장을 주었지. 또 마녀네 집까지 친절하게 태워다 주었어.",
      "srcPage": 16,
      "srcSentenceEA": 3,
      "srcWordEA": 17
    },
    {
      "srcTextID": "144373",
      "srcText": "마녀가 마술 국을 먹자 펑, 펑, 펑! 강아지가 새로 바뀔 줄 알았더니, 맛이 없어서 마술이 잘 안 걸려. “뭔가 모자란 변신 마술이군. 뭐가 모자란지 보리 네가 찾아서 오렴. 안 그랬다가는.” ",
      "srcPage": 3,
      "srcSentenceEA": 5,
      "srcWordEA": 33
    },
    {
      "srcTextID": "144379",
      "srcText": "보리가 한참 길을 가는데 강이 나왔어. 노랑 배를 탈까? 초록 배를 탈까? ",
      "srcPage": 8,
      "srcSentenceEA": 3,
      "srcWordEA": 14
    },
    {
      "srcTextID": "144380",
      "srcText": "아이코! 불꽃 타는 냄새인가 했는데 방귀 뿜는 사자잖아. 냄새만으론 알다가도 모를 일, 아리송 송송! 사자는 꼼짝 바위를 찾아가 보라고 했어. ",
      "srcPage": 10,
      "srcSentenceEA": 3,
      "srcWordEA": 23
    },
    {
      "srcTextID": "144378",
      "srcText": "마술 국자에서 동전이 뱅그르르 굴러 나왔어. 그림이 나오면 노랑, 숫자가 나오면 초록, 초록으로 결정! 과연 이 강 건너에 불꽃 뿜는 마술사 용이 있을까?",
      "srcPage": 9,
      "srcSentenceEA": 3,
      "srcWordEA": 25
    },
    {
      "srcTextID": "144371",
      "srcText": "“보리야, 국이 탈라. 어서 저어야지.” 보리는 마술 국자로 열심히 저었어. 마녀가 자기를 파리로 만들까 봐 겁났거든.",
      "srcPage": 2,
      "srcSentenceEA": 4,
      "srcWordEA": 19
    },
    {
      "srcTextID": "144383",
      "srcText": "보리가 한참 가는데 쿵쿵쿵! 거대한 발소리. 흠흠, 불꽃 타는 냄새. “마술사 용이다!”",
      "srcPage": 14,
      "srcSentenceEA": 4,
      "srcWordEA": 14
    },
    {
      "srcTextID": "144386",
      "srcText": "보글보글 지글지글 칙칙. 보리는 마술사 용한테 열심히 배웠어. 중요한 건 맛을 보고.",
      "srcPage": 15,
      "srcSentenceEA": 3,
      "srcWordEA": 14
    },
    {
      "srcTextID": "144372",
      "srcText": "마녀가 마술 국을 만들어. 국자를 든 아이는 보리. 마녀의 조수야. ",
      "srcPage": 1,
      "srcSentenceEA": 3,
      "srcWordEA": 12
    },
    {
      "srcTextID": "144376",
      "srcText": "보리가 한참 길을 가는데 갈림길이 나왔어. 이렇게 갈까? 저렇게 갈까? ",
      "srcPage": 5,
      "srcSentenceEA": 3,
      "srcWordEA": 12
    },
    {
      "srcTextID": "144382",
      "srcText": "보리가 한참 길을 가는데 꼼짝 바위가 나타났어. “꼼짝 마! 가위바위보를 해서 네가 이기면 비켜 주지.”",
      "srcPage": 11,
      "srcSentenceEA": 3,
      "srcWordEA": 16
    },
    {
      "srcTextID": "144381",
      "srcText": "가위바위보라면 자신 있는 보리! 만약에 바위가 가위를 내면 바위, 만약에 바위가 바위를 내면 보, 만약에 바위가 보를 내면 가위. 그렇다면 결정! 가위바위보! ",
      "srcPage": 12,
      "srcSentenceEA": 4,
      "srcWordEA": 25
    }
  ]
}