{
  "title": "떡 호랑이 떡 먹던 시절에 ",
  "author": "오은실",
  "illustrator": "문구선",
  "isbn": "9791157595525",
  "readAge": "초등_저학년",
  "publishedYear": 2016,
  "publisher": "아람북스",
  "classification": "자연탐구",
  "paragraphInfoCount": 29,
  "paragraphInfo": [
    {
      "srcTextID": "23001",
      "srcText": "저런, 할머니가 위험할 것 같다고요? 걱정할 것 없어요. 희한하게도 사람보다 떡을 더 좋아하는 호랑이들이거든요. 그래서 이름도 떡호, 떡랑, 떡삼이라나요?",
      "srcPage": 2,
      "srcSentenceEA": 4,
      "srcWordEA": 22
    },
    {
      "srcTextID": "23012",
      "srcText": "“아이고, 한 개가 부족하니 집에 가긴 글렀네.” 떡할머니가 울상을 지으며 주저앉았어요. 그때 떡을 바라보던 떡호가 무릎을 탁 치며 말했어요. “아하, 좋은 방법이 떠올랐어요. 저기 유난히 큰 떡들이 보이지요? 그것을 반으로 잘라 섞어 놓으면 아무도 모를 거예요.”",
      "srcPage": 14,
      "srcSentenceEA": 6,
      "srcWordEA": 40
    },
    {
      "srcTextID": "23017",
      "srcText": "“내가 수를 잘 세었으니, 5개는 먹어야 해.” “떡을 같은 크기로 나누는 것은 내가 생각해 냈다고.” “떡할머니를 가장 먼저 발견한 건 바로 나야.”",
      "srcPage": 20,
      "srcSentenceEA": 3,
      "srcWordEA": 22
    },
    {
      "srcTextID": "24161",
      "srcText": "어느새 떡이 많이 팔리고 20개밖에 남지 않았어요. 한 아주머니와 여자아이가 또 떡을 사 갔지요. “이제 8개만 더 팔면 되겠구먼.” 그런데 광주리 옆을 보니 보자기에 떡 4개가 떨어져 있는 거예요.",
      "srcPage": 25,
      "srcSentenceEA": 4,
      "srcWordEA": 31
    },
    {
      "srcTextID": "23025",
      "srcText": "“아이고, 호랑이가 사람을 구했네. 떡호랑이 만세!” 장터에 있던 사람들은 얼싸절싸 껴안고 기뻐했어요. 떡할머니는 떡호랑이 삼총사를 속였던 게 미안해졌지요. “떡이 12개 남았는데, 이거라도 먹으련?” 떡호랑이 삼총사는 허겁지겁 먹어 치웠어요.",
      "srcPage": 28,
      "srcSentenceEA": 6,
      "srcWordEA": 32
    },
    {
      "srcTextID": "23003",
      "srcText": "“에구머니!” 할머니는 무서운 꼬리점박이 호랑이인 줄 알고 깜짝 놀랐어요. 그런데 보아하니, 떡만 훔쳐 먹고 다닌다는 떡호랑이 삼총사인 거예요. 떡할머니는 떡을 모조리 빼앗길 것 같아 얼른 꾀를 내었어요.",
      "srcPage": 3,
      "srcSentenceEA": 3,
      "srcWordEA": 30
    },
    {
      "srcTextID": "23006",
      "srcText": "이번에는 떡랑이가 세기 시작했어요. 어떻게 세었는지 한번 볼까요? 하나 둘 셋 넷 다섯 여섯 일곱 여덟 아홉 열.",
      "srcPage": 7,
      "srcSentenceEA": 3,
      "srcWordEA": 20
    },
    {
      "srcTextID": "23009",
      "srcText": "“그게 아니라 예전에도 개수가 맞지 않아 영감이 무척 화를 냈었거든. 한 번만 더 부탁해.” 그러고서 떡할머니는 호랑이들이 눈치채지 못하게 떡 하나를 몰래 숨겼어요.",
      "srcPage": 11,
      "srcSentenceEA": 3,
      "srcWordEA": 25
    },
    {
      "srcTextID": "23014",
      "srcText": "그러고는 느닷없이 소리를 꽥 질렀지요. “아이고, 곶감보다 무서운 우리 영감이 오네. 어서 도망쳐라, 호랑이들아!” 호랑이들은 꼬리가 빠질세라 언덕을 넘어 도망쳤어요.",
      "srcPage": 17,
      "srcSentenceEA": 4,
      "srcWordEA": 22
    },
    {
      "srcTextID": "23020",
      "srcText": "떡호랑이 삼총사는 서로 많이 먹겠다고 야단이었어요. 그때 떡삼이가 곰곰 생각하다가 말했어요. “가만, 떡이 9개니까 3개씩 나누면 되잖아!” “뭐? 네가 더 많이 먹으려고 꾀부리는 거지?” 그러자 떡삼이는 보란 듯이 떡을 하나씩 나누기 시작했어요.",
      "srcPage": 21,
      "srcSentenceEA": 5,
      "srcWordEA": 35
    },
    {
      "srcTextID": "23021",
      "srcText": "떡할머니는 서둘러 장터로 향하고 있었어요. ‘후후, 호랑이들 덕분에 떡이 51개가 되었네. 그런데 고 녀석들 하는 짓이 생각할수록 귀엽단 말이야.’ 떡할머니는 콧노래를 부르며 걸었어요.",
      "srcPage": 22,
      "srcSentenceEA": 4,
      "srcWordEA": 26
    },
    {
      "srcTextID": "23022",
      "srcText": "그 무렵, 호랑이들은 털을 비비며 빈둥거리고 있었어요. “아, 배고파. 떡 3개로는 모자란걸.” “어디서 떡 냄새가 솔솔 나는 것만 같아.” “시장에 나가면 떡장수가 있을지도 몰라. 한번 나가 볼까?” 떡호랑이 삼총사는 어슬렁거리며 마을로 내려갔어요.",
      "srcPage": 23,
      "srcSentenceEA": 7,
      "srcWordEA": 35
    },
    {
      "srcTextID": "23016",
      "srcText": "떡할머니는 그 말을 듣고 큰 떡만 골라내었어요. 골라낸 떡은 모두 10개였지요. 그러고는 각각 똑같은 크기로 나누었더니 59개가 되었어요. “됐다, 됐어! 어쨌든 50개는 넘었잖아?” 떡호랑이 삼총사는 좋아서 덩실덩실 춤을 추었어요.",
      "srcPage": 15,
      "srcSentenceEA": 6,
      "srcWordEA": 33
    },
    {
      "srcTextID": "23015",
      "srcText": "그러나 떡할머니는 떡을 모두 빼앗길까 봐 조마조마했어요. “호랑이들아, 고생 많았구나. 남은 떡 9개를 줄 테니 나누어 먹으렴.”",
      "srcPage": 16,
      "srcSentenceEA": 3,
      "srcWordEA": 18
    },
    {
      "srcTextID": "23019",
      "srcText": "떡호랑이 삼총사는 바위에 도착하고도 한참을 헉헉댔어요. “하마터면 무서운 할아버지한테 잡힐 뻔했네.” “그러게. 떡할머니가 아니었으면 큰일 날 뻔했어.”",
      "srcPage": 18,
      "srcSentenceEA": 3,
      "srcWordEA": 18
    },
    {
      "srcTextID": "24160",
      "srcText": "시장에는 물건을 팔러 나온 사람들이 많았어요. 비단을 파는 사람, 붓을 파는 사람, 강아지를 파는 사람, 국밥을 파는 사람, 짚신을 파는 사람으로 북적였지요. “비단 한 필 사 가세요.” “붓 한 자루 사세요.” “강아지 한 마리 사세요.” “국밥 한 그릇 먹고 가세요.” “짚신 한 켤레 사 신으세요.”",
      "srcPage": 24,
      "srcSentenceEA": 7,
      "srcWordEA": 46
    },
    {
      "srcTextID": "23023",
      "srcText": "그때였어요. “으악! 호랑이다! 호랑이가 나타났다!” 장터 사람들은 이리저리 도망치느라 바빴지요. 떡할머니는 떡호랑이인 줄 알고 반가웠어요. 그러나 자세히 보니, 무서운 꼬리점박이 호랑이지 뭐예요. 떡할머니는 두 눈을 질끈 감았어요.",
      "srcPage": 26,
      "srcSentenceEA": 6,
      "srcWordEA": 33
    },
    {
      "srcTextID": "23024",
      "srcText": "그런데 정신을 차리고 보니 꼬리점박이가 저 멀리 도망치고 있었어요. 어디선가 떡호랑이 삼총사가 나타나 꼬리점박이를 혼내 주었거든요. “아니, 너희들이 어떻게.”",
      "srcPage": 27,
      "srcSentenceEA": 3,
      "srcWordEA": 20
    },
    {
      "srcTextID": "23007",
      "srcText": "그런데 웬일인지, 열까지 센 떡랑이가 머뭇거렸어요. “열, 열, 열 다음이 뭐더라?” “어휴, 더 이상 못 보겠네. 내가 세는 걸 잘 좀 보라고!” 지켜보던 떡삼이가 나섰어요. “딱 50개잖아!”",
      "srcPage": 8,
      "srcSentenceEA": 6,
      "srcWordEA": 29
    },
    {
      "srcTextID": "23011",
      "srcText": "수 세기를 가장 잘하는 떡삼이가 다시 세어 보았어요. 떡할머니가 하나를 숨겼으니, 당연히 49개밖에 되지 않겠지요. “어찌 된 일이지? 아까는 50개였는데.” “에이, 바보! 너도 정확히 못 센 거잖아?” 자존심이 상한 떡삼이는 떡을 쫙 늘어놓고 여러 가지 방법으로 다시 수를 세기 시작했어요.",
      "srcPage": 12,
      "srcSentenceEA": 7,
      "srcWordEA": 44
    },
    {
      "srcTextID": "23013",
      "srcText": "“차례대로 세어도 한 개가 모자라.” “거꾸로 세어 보아도 한 개가 부족하네?” “5개씩 묶어 세도 마찬가지네?” “10개씩 묶어 세도 1개가 부족해. 대체 어디로 간 거야?”",
      "srcPage": 13,
      "srcSentenceEA": 5,
      "srcWordEA": 25
    },
    {
      "srcTextID": "23000",
      "srcText": "떡호랑이 세 마리가 떡할머니를 훔쳐보고 있었어요. “킥킥, 드디어 배부르게 먹을 수 있게 되었어.” 호랑이들은 입맛을 다시며 침을 꼴딱꼴딱 삼켰지요.",
      "srcPage": 1,
      "srcSentenceEA": 3,
      "srcWordEA": 20
    },
    {
      "srcTextID": "23002",
      "srcText": "“에구, 호랑이들아! 마침 잘 만났다. 내 떡의 개수 좀 세어 주지 않으련? 우리 집 영감은 곶감보다 무섭기로 소문이 나서 내다 팔 떡이 50개보다 적으면 큰일이란다. 그런데 내가 눈이 침침해서 셀 수가 없구나.” 떡할머니는 떡이 50개라는 것을 이미 알고 있었어요. 하지만 수를 잘 세는 호랑이는 없을 거라고 생각했지요.",
      "srcPage": 4,
      "srcSentenceEA": 7,
      "srcWordEA": 53
    },
    {
      "srcTextID": "23004",
      "srcText": "“그까짓 거! 내가 세어 드리지요.” “에구구, 고마워라. 50개를 세고 남는 떡은 모두 줄게.” 떡호가 차근차근 세기 시작했어요. “하나, 하나, 하나, 하나.”",
      "srcPage": 5,
      "srcSentenceEA": 6,
      "srcWordEA": 24
    },
    {
      "srcTextID": "23005",
      "srcText": "그러자 떡랑이가 떡호의 뒤통수를 치며 말했어요. “이런 바보! 하나, 하나가 뭐야? 내가 세는 걸 잘 보라고!”",
      "srcPage": 6,
      "srcSentenceEA": 4,
      "srcWordEA": 18
    },
    {
      "srcTextID": "23018",
      "srcText": "그러고는 바위에 걸터앉아 떡 9개를 뚫어져라 바라보았어요. 개수를 어떻게 갈라야 할지 고민스러웠거든요. 과연 떡호랑이 삼총사는 어떻게 가르기와 모으기를 했을까요?",
      "srcPage": 19,
      "srcSentenceEA": 3,
      "srcWordEA": 21
    },
    {
      "srcTextID": "23026",
      "srcText": "그때부터 떡할머니는 고갯길을 지날 때마다 바위에 떡을 12개씩 놓아두곤 했답니다. 삼총사가 사이좋게 나누어 먹을 수 있게요. 떡호랑이 삼총사가 12개의 떡을 몇 개씩 나누어 먹었을지 우리 친구들도 함께 생각해 보기로 해요.",
      "srcPage": 29,
      "srcSentenceEA": 3,
      "srcWordEA": 32
    },
    {
      "srcTextID": "23010",
      "srcText": "떡할머니는 깜짝 놀랐어요. 이렇게 똑똑한 호랑이가 있을 줄은 몰랐거든요. 눈앞이 캄캄해진 떡할머니는 곰곰 생각하다 또 다른 꾀를 내었어요.",
      "srcPage": 9,
      "srcSentenceEA": 3,
      "srcWordEA": 20
    },
    {
      "srcTextID": "23008",
      "srcText": "“50개가 딱 맞구먼. 그런데 혹시 모르니 다시 한 번만 세어 줄래?” “내가 잘못 세었단 말이에요?” 떡삼이가 버럭 화를 냈어요.",
      "srcPage": 10,
      "srcSentenceEA": 4,
      "srcWordEA": 21
    }
  ]
}