{
  "title": "뽀글 할머니의 뜨개질",
  "author": "이선아, 하늘땅",
  "illustrator": "안재선",
  "isbn": "9791157594641",
  "readAge": "초등_저학년",
  "publishedYear": 2016,
  "publisher": "아람북스",
  "classification": "자연탐구",
  "paragraphInfoCount": 16,
  "paragraphInfo": [
    {
      "srcTextID": "115049",
      "srcText": "3월이에요. “바람에서 봄 냄새가 나네.” 뜨개질을 하던 뽀글 할머니가 손을 멈추고 코를 벌름벌름했어요. 그때였어요. 막 겨울잠에서 깬 도치 형제들이 우르르 몰려왔어요.",
      "srcPage": 3,
      "srcSentenceEA": 4,
      "srcWordEA": 24
    },
    {
      "srcTextID": "115051",
      "srcText": "4월이에요. “파릇파릇 새순이 돋았네.” 뽀글 할머니가 사과 밭을 둘러보며 말했어요. “씨앗을 더 깊게 묻어야지.”",
      "srcPage": 5,
      "srcSentenceEA": 3,
      "srcWordEA": 15
    },
    {
      "srcTextID": "115052",
      "srcText": "두더지네 콩밭도 기웃했지요. “거름을 넉넉히 주어야지.” 토끼네 당근 밭도 기웃기웃했어요.",
      "srcPage": 6,
      "srcSentenceEA": 3,
      "srcWordEA": 11
    },
    {
      "srcTextID": "115074",
      "srcText": "7월이에요. 날씨가 점점 더워졌어요. 꾸벅꾸벅 졸던 뽀글 할머니가 맴맴 매미 소리에 번쩍 눈을 떴어요. “벌써 일 년의 반이나 지나갔네. 서둘러야겠어.” 뽀글 할머니는 마음이 바빠졌어요.",
      "srcPage": 9,
      "srcSentenceEA": 5,
      "srcWordEA": 28
    },
    {
      "srcTextID": "115075",
      "srcText": "8월이에요. “아휴, 더워라. 땅이 지글지글 끓네.” 뽀글 할머니의 이마에 땀이 송글송글 맺혔어요.",
      "srcPage": 10,
      "srcSentenceEA": 3,
      "srcWordEA": 14
    },
    {
      "srcTextID": "115076",
      "srcText": "“할머니, 저희랑 물놀이 가요.” 뽀글 할머니는 손을 휘휘 젓더니 수박을 꺼내 왔어요. “시원하게 먹고 너희들이나 갔다 오렴.”",
      "srcPage": 11,
      "srcSentenceEA": 3,
      "srcWordEA": 18
    },
    {
      "srcTextID": "115080",
      "srcText": "11월이에요. 뽀글 할머니가 도치 형제들을 초대했어요. “할머니, 저희는 내일부터 겨울잠을 자요.” 도치 형제들이 입을 모아 말했어요. “그래, 이건 너희들에게 주는 선물이란다.” 뽀글 할머니는 그동안 뜬 이불을 슬며시 내놓았어요.",
      "srcPage": 14,
      "srcSentenceEA": 5,
      "srcWordEA": 31
    },
    {
      "srcTextID": "115057",
      "srcText": "5월이에요. “꽃이 폈네, 꽃이 폈어. 산에 들에 꽃이 폈어.” 콧노래를 부르며 산책을 하던 뽀글 할머니는 도치 형제들을 만났어요. “할머니, 저희 봄 소풍 가요.” “그래그래. 잘 다녀오렴.”",
      "srcPage": 7,
      "srcSentenceEA": 5,
      "srcWordEA": 29
    },
    {
      "srcTextID": "115079",
      "srcText": "10월이에요. “울긋불긋 나뭇잎이 곱기도 하지!” 뽀글 할머니가 빨간 단풍잎을 보며 말했어요. “다음 달에는 도치 형제들이 겨울잠을 잘 거야. 그 전에 든든히 먹어야 겨울을 잘 나지.” 뽀글 할머니는 바구니 가득 밤을 주웠어요.",
      "srcPage": 13,
      "srcSentenceEA": 5,
      "srcWordEA": 34
    },
    {
      "srcTextID": "115081",
      "srcText": "12월이에요. 깊은 산속 동물 마을에 첫눈이 내려요. 도치 형제는 뽀글 할머니가 떠 준 포근포근 이불을 덮고 새근새근 겨울잠을 자고 있지요. 어느덧 일 년 열두 달이 훌쩍 가 버렸네요. 내년 봄이 오면 뽀글 할머니의 사랑으로 부쩍 자란 도치 형제들을 다시 만날 수 있겠지요?",
      "srcPage": 15,
      "srcSentenceEA": 4,
      "srcWordEA": 46
    },
    {
      "srcTextID": "115072",
      "srcText": "6월이에요. “하늘이 어둑어둑해지는 걸 보니 비가 오려나.” 뽀글 할머니 말이 끝나기 무섭게 소나기가 후드득 쏟아졌어요. 뽀글 할머니가 부랴부랴 빨래를 걷는데 도치 형제들이 후다닥 뛰어왔어요. “할머니, 할머니.” “이런, 흠뻑 다 젖었구나.”",
      "srcPage": 8,
      "srcSentenceEA": 5,
      "srcWordEA": 32
    },
    {
      "srcTextID": "115078",
      "srcText": "9월이에요. “햇살이 좋아서 과일과 곡식이 잘 익어 가고 있네.” 뽀글 할머니가 하늘을 쳐다보며 말했어요. 높고 파란 하늘에 고추잠자리가 윙윙 날았지요. 이제 털실은 달랑 한 뭉치만 남았어요.",
      "srcPage": 12,
      "srcSentenceEA": 4,
      "srcWordEA": 29
    },
    {
      "srcTextID": "115047",
      "srcText": "1월이에요. 깊은 산속 동물 마을에 소복소복 흰 눈이 내렸어요. 뽀글 할머니가 도치네 집 앞에서 걸음을 멈추었어요. “도치 형제들은 잘 자고 있으려나? 두 달이나 더 지나야 녀석들이 겨울잠에서 깰 텐데, 그동안 춥지 않을지 걱정이네.”",
      "srcPage": 1,
      "srcSentenceEA": 4,
      "srcWordEA": 36
    },
    {
      "srcTextID": "115050",
      "srcText": "“할머니, 안녕하세요?” “아이고, 얘들아. 오랜만이로구나. 겨울잠은 잘 잤니?” 뽀글 할머니는 도치 형제들을 반갑게 맞아 주었어요.",
      "srcPage": 4,
      "srcSentenceEA": 5,
      "srcWordEA": 18
    },
    {
      "srcTextID": "115048",
      "srcText": "2월이에요. “에구머니, 도치네 다녀온 지 한 달이나 지났네. 이제 슬슬 뜨개질을 시작해야겠어.” 뽀글 할머니는 싱긋 웃으며 털실 뭉치를 잔뜩 꺼냈어요. 그러곤 열심히 뜨개질을 했지요.",
      "srcPage": 2,
      "srcSentenceEA": 4,
      "srcWordEA": 27
    },
    {
      "srcTextID": "147047",
      "srcText": "\"한 달은 모두 며칠이게?\" \"나, 알아! 한 달은 30일이야.\" \"아니야. 한 달은 31일이야.\" \"이상하다. 2월은 28일까지인데?\" \"어떤 달은 30일이고 어떤 달은 31일이야. 2월은 28일일 때도 있고 29일일 때도 있지. 그렇게 열두 달이 지나가면 일 년이 된단다.\"\n",
      "srcPage": 16,
      "srcSentenceEA": 8,
      "srcWordEA": 41
    }
  ]
}