{
  "title": "공룡이 좋아!",
  "author": "유가은",
  "illustrator": "곽선영",
  "isbn": "9791157595556",
  "readAge": "초등_저학년",
  "publishedYear": 2016,
  "publisher": "아람북스",
  "classification": "자연탐구",
  "paragraphInfoCount": 22,
  "paragraphInfo": [
    {
      "srcTextID": "22793",
      "srcText": "“이제 간식을 챙겨 볼까?” 부엌으로 가 보니 식탁 위에 포도가 놓여 있었어요. “어떤 포도를 가져갈까?” 마리는 포도 알이 더 많이 붙어 있는 송이를 골랐어요. 어느 쪽이 더 많나요? ",
      "srcPage": 17,
      "srcSentenceEA": 5,
      "srcWordEA": 31
    },
    {
      "srcTextID": "22792",
      "srcText": "“바구니 두 개에 과일을 가득 담아야지.” 마리는 부엌에 있던 다른 과일도 바구니에 담았어요. “윽, 바구니가 너무 무거워! 둘 중에 하나만 가져가야겠어.” 마리는 두 바구니를 양손에 들어 보았어요. 어느 쪽이 더 무겁나요?",
      "srcPage": 18,
      "srcSentenceEA": 6,
      "srcWordEA": 35
    },
    {
      "srcTextID": "22794",
      "srcText": "집 밖으로 나온 코리는 농장을 마구 뛰어다녔어요. 다시는 갑갑한 옷장 안으로 들어가고 싶지 않았거든요. 엄마 타조도 무척 그리웠고요. ",
      "srcPage": 19,
      "srcSentenceEA": 3,
      "srcWordEA": 20
    },
    {
      "srcTextID": "22796",
      "srcText": "코리가 옷을 벗어 던지자 마리가 놀라 소리쳤어요. “어? 그러다가 엄마한테 들키면 큰일이라고!” 그런데 더 깜짝 놀랄 일이 벌어지고 말았어요.",
      "srcPage": 20,
      "srcSentenceEA": 3,
      "srcWordEA": 21
    },
    {
      "srcTextID": "22795",
      "srcText": "코리가 공룡 옷까지 벗어 던지는 게 아니겠어요? “공룡이 아니라 아기 타조였잖아!” 마리는 무척 실망했어요.",
      "srcPage": 21,
      "srcSentenceEA": 3,
      "srcWordEA": 15
    },
    {
      "srcTextID": "22797",
      "srcText": "하지만 곧 좋은 생각이 떠올랐지요. 마리는 얼른 방으로 달려갔어요. 그러고는 옷장을 뒤져 기다란 물건들을 찾아냈어요. “이 중에서 가장 긴 게 필요해.” 마리는 어떤 물건을 골랐을까요?",
      "srcPage": 22,
      "srcSentenceEA": 5,
      "srcWordEA": 28
    },
    {
      "srcTextID": "22790",
      "srcText": "마리가 아침에 일어나 보니 코리는 창밖을 바라보고 있었어요. ‘집 안에만 있어서 답답해하는 걸까?’ 마리는 코리와 함께 산책을 나가기로 했어요.",
      "srcPage": 15,
      "srcSentenceEA": 3,
      "srcWordEA": 21
    },
    {
      "srcTextID": "22791",
      "srcText": "하지만 엄마에게 들킬까 봐 걱정이 되었지요. 그래서 코리에게 옷을 입혀 주기로 했어요. 코리에게 어떤 옷을 입혀야 할까요? 코리의 몸에 맞는 옷을 골라 보아요. ",
      "srcPage": 16,
      "srcSentenceEA": 4,
      "srcWordEA": 26
    },
    {
      "srcTextID": "22778",
      "srcText": "마리네 집에는 동물 농장이 있어요. 개구쟁이 타조, 시끄러운 오리, 먹보 돼지, 수다쟁이 닭, 고집쟁이 염소, 숨어 사는 생쥐들도 있지요. 그중에서 마리가 가장 좋아하는 동물은 무엇이냐고요? ",
      "srcPage": 1,
      "srcSentenceEA": 3,
      "srcWordEA": 27
    },
    {
      "srcTextID": "22781",
      "srcText": "아침에는 닭들이 낳은 알을 모으고, 점심때는 동물들을 데리고 들판으로 나가요. 저녁에는 늑대가 동물들을 괴롭히지 못하게 농장을 지키고요. 농장의 동물들은 마리가 안쓰러웠어요.",
      "srcPage": 4,
      "srcSentenceEA": 3,
      "srcWordEA": 23
    },
    {
      "srcTextID": "24735",
      "srcText": "“마리는 왜 만날 혼자 있을까?” “그야 우리보다 공룡을 좋아하니까 그렇지!” “그럼, 우리 가운데 하나가 공룡 옷을 입고 마리를 놀라게 하면 어떨까?” “와, 그거 재미있겠다!”",
      "srcPage": 5,
      "srcSentenceEA": 4,
      "srcWordEA": 24
    },
    {
      "srcTextID": "22782",
      "srcText": "딩동! 마리가 문을 열어 보니 집 앞에 커다란 상자가 놓여 있었어요. 상자에는 쪽지가 붙어 있었지요. ‘코리를 부탁해.’ 마리는 고개를 갸웃거리며 상자를 열었어요.",
      "srcPage": 7,
      "srcSentenceEA": 4,
      "srcWordEA": 26
    },
    {
      "srcTextID": "22783",
      "srcText": "“근데 이렇게 작은 공룡도 있었나? 난 아주 커다랗고 꼬리가 긴 공룡이 좋은데. 아무렴 어때? 공룡인걸!” 다행히 마리는 아직까지 동물들의 장난을 눈치채지 못한 것 같았어요.",
      "srcPage": 8,
      "srcSentenceEA": 5,
      "srcWordEA": 28
    },
    {
      "srcTextID": "22786",
      "srcText": "“엄마, 아빠가 보시면 공룡은 안 된다고 하실 거야.” 마리는 얼른 코리를 방으로 데려갔어요. 그런데 코리를 어디에 숨겨야 할까요? ",
      "srcPage": 9,
      "srcSentenceEA": 3,
      "srcWordEA": 20
    },
    {
      "srcTextID": "22779",
      "srcText": "타조도, 오리도, 닭도 아니랍니다. 그것은 바로, 공룡이에요. 하지만 마리의 엄마, 아빠는 공룡을 키울 수 없다고 하지요.",
      "srcPage": 2,
      "srcSentenceEA": 3,
      "srcWordEA": 18
    },
    {
      "srcTextID": "22780",
      "srcText": "마리는 무척 심심했어요. 엄마, 아빠는 농장 일 때문에 하루 종일 바쁘거든요. 마리네 엄마, 아빠의 하루를 살펴볼까요? ",
      "srcPage": 3,
      "srcSentenceEA": 3,
      "srcWordEA": 18
    },
    {
      "srcTextID": "24736",
      "srcText": "마리가 저녁밥을 먹고 방으로 들어왔을 때, 코리는 옷장 안에서 무척 슬픈 표정을 짓고 있었어요. “배가 고픈가?” 마리는 코리를 위해 풀을 뽑으러 나갔어요. 코리는 옷장 안에 숨어 있는 것이 무척 답답했어요. 하지만 공룡 옷을 벗으면 마리의 사랑을 받지 못할 것 같아 꾹 참기로 했지요.",
      "srcPage": 10,
      "srcSentenceEA": 5,
      "srcWordEA": 46
    },
    {
      "srcTextID": "22787",
      "srcText": "마리는 그릇에 풀을 담아서 코리에게 가져다주었어요. 하지만 코리는 시큰둥한 표정이었지요. “너무 조금인가?” 마리는 그릇에 가득 차도록 풀을 담아서 다시 가져다주었어요. ",
      "srcPage": 11,
      "srcSentenceEA": 4,
      "srcWordEA": 22
    },
    {
      "srcTextID": "22789",
      "srcText": "하지만 이번에도 코리는 고개를 절레절레 저었어요. 마리는 좀 더 넓적한 그릇에 풀을 담았어요. 그러자 코리는 무척 좋아하며 풀을 먹었어요. ",
      "srcPage": 12,
      "srcSentenceEA": 3,
      "srcWordEA": 21
    },
    {
      "srcTextID": "22788",
      "srcText": "하지만 그릇의 모양만 서로 다를 뿐 풀의 양은 똑같았어요. 코리는 그것도 모르고 좋아서 팔딱팔딱 뛰었지요. 모양이 똑같은 두 개의 그릇에 담아 보면 풀의 양이 같다는 걸 알 수 있어요.",
      "srcPage": 13,
      "srcSentenceEA": 3,
      "srcWordEA": 31
    },
    {
      "srcTextID": "24737",
      "srcText": "코리는 공룡 옷을 입고 있기가 점점 싫어졌어요. 옷장 안에 얼마 동안 숨어 있었는지도 궁금했고요. 그래서 마리가 표시해 놓은 달력을 바라보았어요. 월요일, 화요일, 수요일, 목요일, 금요일, 토요일, 일요일. 코리가 공룡 옷을 입은 지 딱 일주일이 되었어요.",
      "srcPage": 14,
      "srcSentenceEA": 5,
      "srcWordEA": 39
    },
    {
      "srcTextID": "24734",
      "srcText": "“공룡은 키가 커야 하니까, 키가 가장 큰 친구가 공룡 옷을 입기로 하자!” 동물들은 키가 큰 순서대로 줄을 섰어요. 엄마 타조는 멀찌감치 서서 키가 가장 큰 동물을 골라내 주었지요. 바로, 아기 타조가 공룡 옷을 입게 되었어요.",
      "srcPage": 6,
      "srcSentenceEA": 4,
      "srcWordEA": 38
    }
  ]
}