{
  "title": "슈퍼 당근 대회",
  "author": "김희남",
  "illustrator": "조승연",
  "isbn": "9791165958558",
  "readAge": "초등_저학년",
  "publishedYear": 2022,
  "publisher": "아람북스",
  "classification": "자연탐구",
  "paragraphInfoCount": 18,
  "paragraphInfo": [
    {
      "srcTextID": "21190",
      "srcText": "집에 도착한 토리는 긴 컵과 넓적한 컵을 가져왔어요. 그리고 생쥐가 마시기 편한 넓적한 컵에 당근주스를 따라 주었어요. 그런데 생쥐는 또 시무룩해졌어요. ",
      "srcPage": 15,
      "srcSentenceEA": 3,
      "srcWordEA": 23
    },
    {
      "srcTextID": "21315",
      "srcText": "“토리야, 네 주스가 더 많아 보여.” 생쥐의 말에 토리는 웃으며, 크기와 모양이 같은 컵 두 개를 가져왔어요. 그리고 새로 가져온 컵 두 개에 긴 컵과 넓적한 컵에 있던 주스를 부었어요. ",
      "srcPage": 16,
      "srcSentenceEA": 3,
      "srcWordEA": 32
    },
    {
      "srcTextID": "21184",
      "srcText": "말은 당근 대신 무를 가져왔지요. 슈퍼 당근 대회는 진짜 당근으로만 겨뤄야 했어요. 아쉽지만 여우와 말은 슈퍼 당근 대회에 참가할 수 없었어요.",
      "srcPage": 9,
      "srcSentenceEA": 3,
      "srcWordEA": 23
    },
    {
      "srcTextID": "21183",
      "srcText": "드디어 슈퍼 당근 대회가 열렸어요. 당근을 가져온 동물들이 웅성웅성 모여들었어요. 그런데 여우는 당근 대신 당근 모양 풍선을 가져왔어요. ",
      "srcPage": 8,
      "srcSentenceEA": 3,
      "srcWordEA": 20
    },
    {
      "srcTextID": "21185",
      "srcText": "가장 무거운 당근을 찾기 위해 동물들은 차례차례 두 줄로 섰어요. 너구리 심판이 양팔저울로 당근의 무게를 쟀어요. 누구의 당근이 무거운지 겨룬 끝에 세 개의 당근이 남았어요. 그것은 바로! 생쥐, 돼지, 토리의 당근이었지요. ",
      "srcPage": 10,
      "srcSentenceEA": 5,
      "srcWordEA": 35
    },
    {
      "srcTextID": "21187",
      "srcText": "먼저 생쥐와 돼지의 당근 무게를 쟀어요. 생쥐의 당근이 아래로 쑥! 돼지의 당근은 위로 호이! 생쥐의 당근이 더 무거웠어요. 돼지의 기다란 당근이 더 무거워 보였는데, 길다고 더 무거운 건 아니었어요. ",
      "srcPage": 11,
      "srcSentenceEA": 5,
      "srcWordEA": 33
    },
    {
      "srcTextID": "21186",
      "srcText": "그다음 생쥐와 토리의 당근 무게를 쟀어요. 양팔저울은 기우뚱기우뚱하다가 생쥐의 당근이 위로 호이! 토리의 당근은 아래로 쑥! 토리의 당근이 더 무거웠어요. ",
      "srcPage": 12,
      "srcSentenceEA": 4,
      "srcWordEA": 23
    },
    {
      "srcTextID": "21191",
      "srcText": "둘은 사이좋게 당근주스를 마셨어요. 토리는 꼴깍꼴깍, 생쥐는 쪼르르 쪽쪽. 정말 즐거운 슈퍼 당근 대회였지요. ",
      "srcPage": 18,
      "srcSentenceEA": 3,
      "srcWordEA": 16
    },
    {
      "srcTextID": "21178",
      "srcText": "“슈퍼 당근 대회?” 당근밭으로 가던 토리는 대회를 알리는 글을 보았어요. “우아, 당근 트로피랑 갈갈이 당근주스를 준다고? 좋았어! 가장 무거운 당근을 뽑아서 대회에 나가야지.” 슈퍼 당근 대회 가장 무거운 당근을 가져오면 당근 트로피와 갈갈이 당근주스를 드립니다! 갈갈이 당근 협회 ",
      "srcPage": 1,
      "srcSentenceEA": 7,
      "srcWordEA": 43
    },
    {
      "srcTextID": "21188",
      "srcText": "“슈퍼 당근 대회 최종 우승자는 토리!” 토리는 당근 트로피를 들고 폴짝폴짝 뛰었어요. “상품으로 갈갈이 당근주스도 드립니다.” “우아, 신난다!” 토리를 지켜보던 생쥐는 시무룩해졌지요.",
      "srcPage": 13,
      "srcSentenceEA": 5,
      "srcWordEA": 24
    },
    {
      "srcTextID": "21313",
      "srcText": "당근을 뽑아 집으로 돌아가던 토리는 시소를 타고 있는 곰과 고양이를 만났어요. 곰은 아래로 쿵! 고양이는 위로 호이! ",
      "srcPage": 2,
      "srcSentenceEA": 3,
      "srcWordEA": 19
    },
    {
      "srcTextID": "21181",
      "srcText": "그때, 친구들이 타고 놀던 시소가 반짝 떠올랐어요. 토리는 시소처럼 생긴 양팔저울을 가져왔어요. 그리고 세모 당근과 동그라미 당근을 양쪽에 올리고 무게를 쟀어요.",
      "srcPage": 6,
      "srcSentenceEA": 3,
      "srcWordEA": 23
    },
    {
      "srcTextID": "21314",
      "srcText": "“어? 주스의 양이 똑같네! 주스의 높이가 높다고 양이 더 많은 건 아니구나.” 생쥐가 머리를 긁적였어요. ",
      "srcPage": 17,
      "srcSentenceEA": 3,
      "srcWordEA": 18
    },
    {
      "srcTextID": "21312",
      "srcText": "“무거우면 아래로, 가벼우면 위로! 곰이 고양이보다 더 무겁구나!” 토리는 곰과 고양이를 번갈아 보았어요.",
      "srcPage": 3,
      "srcSentenceEA": 3,
      "srcWordEA": 15
    },
    {
      "srcTextID": "21179",
      "srcText": "토리를 본 곰이 인사를 했어요. “토리야, 안녕? 너도 시소 탈래?” “아니, 다음에 탈게. 난 집에 가서 당근을 골라야 해.” 토리는 수레를 달달달 끌고 집으로 갔어요.",
      "srcPage": 4,
      "srcSentenceEA": 6,
      "srcWordEA": 28
    },
    {
      "srcTextID": "21180",
      "srcText": "“어느 당근이 더 무거울까?” 토리는 가장 커 보이는 당근 두 개를 골라 양손에 하나씩 들어 보았어요. 하지만 어느 당근이 더 무거운지 알 수가 없었지요.",
      "srcPage": 5,
      "srcSentenceEA": 3,
      "srcWordEA": 26
    },
    {
      "srcTextID": "21182",
      "srcText": "세모 당근은 아래로 쑥! 동그라미 당근은 위로 호이! “무거우면 아래로, 가벼우면 위로! 세모 당근이 동그라미 당근보다 더 무겁네! 세모 당근을 대회에 가져가야겠어.”",
      "srcPage": 7,
      "srcSentenceEA": 5,
      "srcWordEA": 25
    },
    {
      "srcTextID": "21189",
      "srcText": "“생쥐야, 우리 같이 당근주스 마실래?” 토리가 생쥐에게 말했어요. “정말? 토리야, 고마워.” 둘은 사이좋게 토리의 집으로 갔어요. ",
      "srcPage": 14,
      "srcSentenceEA": 4,
      "srcWordEA": 19
    }
  ]
}