{
  "title": "째깍째깍 달리는 시계",
  "author": "차보금",
  "illustrator": "이은화",
  "isbn": "9791188491452",
  "readAge": "초등_저학년",
  "publishedYear": 2019,
  "publisher": "아람키즈",
  "classification": "자연탐구",
  "paragraphInfoCount": 17,
  "paragraphInfo": [
    {
      "srcTextID": "26367",
      "srcText": "째깍, 째깍, 째깍. 시계에서 소리가 나요. 바로 시계 톱니바퀴가 돌아가는 소리. 시간이 가는 소리.",
      "srcPage": 1,
      "srcSentenceEA": 4,
      "srcWordEA": 17
    },
    {
      "srcTextID": "26373",
      "srcText": "자고 일어났는데도 너무 피곤해. 벌써 회사에 가야 하나? 이렇게 사람들의 생활은 뒤죽박죽 엉망이 되고 말 거예요.",
      "srcPage": 7,
      "srcSentenceEA": 3,
      "srcWordEA": 18
    },
    {
      "srcTextID": "26378",
      "srcText": "전자시계. 시곗바늘 대신 숫자로 시를 알려 주는 전자시계가 등장했어요. 앞에 보이는 숫자는 시를 뜻하고, 가운데 보이는 숫자는 분을, 뒤에 보이는 숫자는 초를 뜻해요. 사람들은 이제 전자시계로 몇 분, 몇 초인가를 정확히 확인할 수 있게 되었어요.",
      "srcPage": 14,
      "srcSentenceEA": 3,
      "srcWordEA": 38
    },
    {
      "srcTextID": "26369",
      "srcText": "60초가 흘러 1분이 되고, 60분이 흘러 1시간이 되고, 24시간이 모여 하루가 지나요. 바늘이 가리키는 숫자는 바로 지금, 이 시각! 시계가 있기 때문에 우리는 규칙적으로 생활할 수 있어요. 지금 몇 시지?",
      "srcPage": 3,
      "srcSentenceEA": 4,
      "srcWordEA": 33
    },
    {
      "srcTextID": "26371",
      "srcText": "만약 시곗바늘이 천천히 간다면 어떻게 될까요? 아, 힘들어. 조금 쉴래! 도대체 지금이 아침이야, 낮이야? 밥 먹은 지 한 시간 지났는데, 또 배가 고파! 왜 퇴근 시간이 안 오지?",
      "srcPage": 5,
      "srcSentenceEA": 6,
      "srcWordEA": 33
    },
    {
      "srcTextID": "26372",
      "srcText": "아, 지루해. 빨리 달려 볼까? 만약 시곗바늘이 빨리 움직인다면 어떻게 될까요? 아직 깜깜한데, 벌써 아침이야?",
      "srcPage": 6,
      "srcSentenceEA": 4,
      "srcWordEA": 18
    },
    {
      "srcTextID": "26379",
      "srcText": "째깍째깍 재미있는 시계의 역사. 요즘에는 아주 다양한 시계가 있어요. 바늘의 위치로 보는 ‘바늘 시계’, 숫자로 보는 ‘전자시계’ 등 가지각색의 시계가 있지요. 시계가 발명되기 전의 옛날 사람들도 여러 방법으로 시간을 알았어요. 그러면 옛날부터 현재까지의 다양한 시계를 만나 볼까요?",
      "srcPage": 9,
      "srcSentenceEA": 7,
      "srcWordEA": 43
    },
    {
      "srcTextID": "26377",
      "srcText": "물시계. 해시계는 날씨가 좋지 않거나 해가 안 뜨는 밤에는 사용할 수 없었어요. 그래서 옛날 사람들은 물시계를 만들었지요. 좁은 구멍으로 물이 조금씩 떨어지게 하여, 고이는 물의 양이나 줄어든 물의 양으로 시간을 확인했어요.",
      "srcPage": 11,
      "srcSentenceEA": 3,
      "srcWordEA": 34
    },
    {
      "srcTextID": "26376",
      "srcText": "모래시계. 날이 추워서 물이 꽁꽁 얼어 버리면 시간을 어떻게 확인했을까요? 모래시계는 물 대신 떨어지는 모래로 시간을 알려 주었어요. 좁은 구멍으로 모래가 조금씩 떨어지기 때문에 짧은 시간을 잴 때는 편리하지요. 하지만 모래가 다 떨어지면 시계를 뒤집어 놓아야 했어요.",
      "srcPage": 12,
      "srcSentenceEA": 4,
      "srcWordEA": 41
    },
    {
      "srcTextID": "26375",
      "srcText": "기계 시계. 자연물을 이용한 시계는 아주 불편했어요. 그래서 기계의 발달과 더불어 기계 시계가 등장했지요. 기계 시계는 톱니바퀴나 태엽이 돌아가면서 바늘이 움직이는 시계예요. 보통 세 개의 바늘로 시간을 확인했어요.",
      "srcPage": 13,
      "srcSentenceEA": 5,
      "srcWordEA": 32
    },
    {
      "srcTextID": "26382",
      "srcText": "해시계를 만들어요! 하루 종일 나를 졸졸 따라다니는 그림자! 어떨 때는 거인처럼 주욱 커졌다가 또 어떨 때는 난쟁이처럼 작아지지요. 해시계를 만들어 그림자로 시간을 확인해 볼까요?",
      "srcPage": 15,
      "srcSentenceEA": 4,
      "srcWordEA": 27
    },
    {
      "srcTextID": "26381",
      "srcText": "준비해요. 두꺼운 종이. 고무찰흙. 수수깡. 연필. 이렇게 해요. 1. 두꺼운 종이를 동그랗게 잘라서 가운데에 구멍을 뚫어요. 구멍을 중심으로 해를 그려요. 2. 구멍에 수수깡을 끼우고, 고무찰흙으로 고정해요. 3. 햇빛이 드는 곳에 종이를 놓고, 수수깡 그림자가 가리키는 방향을 매시간 표시해요.",
      "srcPage": 16,
      "srcSentenceEA": 12,
      "srcWordEA": 50
    },
    {
      "srcTextID": "26383",
      "srcText": "해시계의 비밀을 알고 있나요? 시간의 흐름에 따라 수수깡 그림자의 길이가 달라지고, 그림자의 위치도 달라지는 걸 확인했나요? 지구는 스스로 돌면서 낮과 밤이 생기고, 태양 둘레를 끊임없이 돌면서 봄, 여름, 가을, 겨울 계절이 달라지고, 그림자의 길이도 달라지는 거예요.",
      "srcPage": 17,
      "srcSentenceEA": 3,
      "srcWordEA": 38
    },
    {
      "srcTextID": "26368",
      "srcText": "시계 안에는 바늘이 세 개 있어요. 바늘이 없다면 그건 엉터리 시계. 빠르고 가벼운 초바늘. 날씬한 분 바늘. 뚱뚱하고 느긋한 시 바늘.",
      "srcPage": 2,
      "srcSentenceEA": 5,
      "srcWordEA": 25
    },
    {
      "srcTextID": "26370",
      "srcText": "아침에는 잠에서 깨어나고, 아침밥을 먹고, 엄마, 아빠는 회사에 가고, 아이들은 유치원에 가요. 낮에는 점심밥을 먹고, 아이들은 공부하고, 엄마, 아빠는 일하고, 다 함께 저녁을 먹고, 잠자리에 들어요. 째깍째깍 이렇게 하루가 지나요.",
      "srcPage": 4,
      "srcSentenceEA": 3,
      "srcWordEA": 32
    },
    {
      "srcTextID": "26374",
      "srcText": "그래서 시계는 정확해야 해요. 세 개의 시곗바늘이 정확하게 움직여야 하지요. 시계 속의 세 친구, 앞으로도 멈추지 않을 거죠? 째깍째깍, 오늘 하루도 잘 부탁해요!",
      "srcPage": 8,
      "srcSentenceEA": 4,
      "srcWordEA": 26
    },
    {
      "srcTextID": "26380",
      "srcText": "해시계. 태양은 동쪽에서 떠서 서쪽으로 져요. 시간에 따라 태양의 위치가 다르기 때문에, 그림자의 방향과 길이도 달라져요. 태양이 머리 꼭대기로 올라가는 정오에는 그림자가 가장 짧고, 해가 질 무렵이면 그림자가 길어지지요. 이렇듯 바늘의 그림자 위치와 길이로 시간을 확인한 것이 바로 ‘해시계’예요.",
      "srcPage": 10,
      "srcSentenceEA": 4,
      "srcWordEA": 44
    }
  ]
}