{
  "title": "사자! 머리 끈 사자!",
  "author": "강성은",
  "illustrator": "주세영",
  "isbn": "9791165958398",
  "readAge": "초등_저학년",
  "publishedYear": 2022,
  "publisher": "아람북스",
  "classification": "자연탐구",
  "paragraphInfoCount": 16,
  "paragraphInfo": [
    {
      "srcTextID": "23184",
      "srcText": "그런데 친구들은 라이몬과 생각이 달랐어요. “라이몬이 화가 났나 봐. 머리 끈으로 갈기를 묶었어!”",
      "srcPage": 14,
      "srcSentenceEA": 3,
      "srcWordEA": 14
    },
    {
      "srcTextID": "23183",
      "srcText": "“장갑까지 꼈네. 권투를 하려나 봐!” “저 안경은 또 뭐야? 더 무서워 보여!” 친구들은 라이몬이 나타나자 모두 도망갔어요. 토끼는 돌부리에 걸려 넘어지기까지 했지요.",
      "srcPage": 15,
      "srcSentenceEA": 6,
      "srcWordEA": 26
    },
    {
      "srcTextID": "23185",
      "srcText": "“토끼야, 괜찮아?” 라이몬은 얼른 장갑을 벗고 머리 끈을 풀어서 토끼의 다친 다리를 살포시 묶어 주었어요. “고, 고마워. 라이몬.” “어? 라이몬 정말 친절한데!” “라이몬, 우리랑 같이 놀자!” 라이몬은 깜찍하고, 귀엽고, 재미있는 사자는 되지 못했어요. 하지만 친구들에게 인기 많은 사자가 되었답니다.",
      "srcPage": 16,
      "srcSentenceEA": 8,
      "srcWordEA": 44
    },
    {
      "srcTextID": "23179",
      "srcText": "‘머리 끈으로 묶으면 깜찍해진다고? 그럼 친구들이 나랑 놀고 싶어 할지도 몰라. 사자, 머리 끈 사자!’",
      "srcPage": 4,
      "srcSentenceEA": 3,
      "srcWordEA": 17
    },
    {
      "srcTextID": "23181",
      "srcText": "‘손모아장갑 정말 귀여워 보이는데! 사자, 장갑 사자!’ 하지만 라이몬에게는 500원짜리 동전밖에 없었어요.",
      "srcPage": 8,
      "srcSentenceEA": 3,
      "srcWordEA": 14
    },
    {
      "srcTextID": "21792",
      "srcText": "라이몬이 망설이자 장갑 가게 주인이 친절하게 말했어요. “500원은 100원짜리 5개와 같답니다.” 라이몬이 500원을 내자 장갑 가게 주인이 100원을 거슬러 주었어요.",
      "srcPage": 9,
      "srcSentenceEA": 3,
      "srcWordEA": 21
    },
    {
      "srcTextID": "21793",
      "srcText": "“깜찍한 머리 끈에 귀여운 장갑까지 끼었으니 이제 친구들을 만나러 가야지.” 그때 안경 가게가 보였어요. ‘저 콧수염 안경 진짜 재미있게 생겼는걸? 저걸 끼면 다들 까르르까르르 웃을 거야. 좋았어! 사자, 안경 사자!’",
      "srcPage": 10,
      "srcSentenceEA": 6,
      "srcWordEA": 35
    },
    {
      "srcTextID": "21794",
      "srcText": "라이몬은 성큼성큼 안경 가게로 들어갔어요. “콧수염 안경 좀 써 봐도 될까요?” “그럼요! 이 안경은 코에 척 올리기만 하면 돼요. 여기 있는 안경들은 모두 1개에 800원이랍니다.” 라이몬이 지갑을 열어 보니 500원짜리 동전 1개, 100원짜리 동전 1개, 1000원짜리 종이돈 1장이 있었어요. 안경 가게 주인은 종이돈을 보고 말했어요.",
      "srcPage": 11,
      "srcSentenceEA": 6,
      "srcWordEA": 49
    },
    {
      "srcTextID": "23180",
      "srcText": "라이몬은 알록달록 머리 끈을 구경했어요. “빨간 머리 끈 주세요!” 라이몬은 지갑에서 100원짜리 동전 1개를 꺼냈어요. “잘 골랐어요. 빨간 머리 끈은 인기가 정말 좋답니다.”",
      "srcPage": 5,
      "srcSentenceEA": 5,
      "srcWordEA": 25
    },
    {
      "srcTextID": "21791",
      "srcText": "“저, 어때요?” 라이몬은 머리 끈으로 갈기를 묶은 뒤 가게 주인에게 물었어요. “어머나! 정말 깜찍해 보여요.” 그때 장갑 가게가 보였어요. ‘내 손이 너무 커서 친구들이 무서워했어. 장갑을 끼면 손이 작아 보일 거야.’ ",
      "srcPage": 6,
      "srcSentenceEA": 6,
      "srcWordEA": 36
    },
    {
      "srcTextID": "21795",
      "srcText": "“1000원짜리네요.” “이걸로 안경을 살 수 있나요?” “물론이지요! 1000원은 100원짜리 10개와 같아요.” 안경 가게 주인은 1000원을 받고, 100원짜리 동전 2개를 내어 주었지요. ",
      "srcPage": 12,
      "srcSentenceEA": 3,
      "srcWordEA": 23
    },
    {
      "srcTextID": "23178",
      "srcText": "마음이 착한 라이몬은 친구들을 좋아해요. 그런데 친구들은 라이몬만 나타나면 모두 도망가 버리지요. 왜냐하면 라이몬은 무시무시해 보이는 사자거든요.",
      "srcPage": 1,
      "srcSentenceEA": 3,
      "srcWordEA": 19
    },
    {
      "srcTextID": "21496",
      "srcText": "‘친구들은 내가 무서운가 봐. 같이 놀고 싶은데.’ 라이몬이 터덜터덜 걸어가고 있을 때였어요.",
      "srcPage": 2,
      "srcSentenceEA": 3,
      "srcWordEA": 14
    },
    {
      "srcTextID": "21497",
      "srcText": "“손님, 머리 끈 보고 가세요. 100원이면 예쁜 머리 끈을 살 수 있어요. 머리 끈으로 깜찍하게 변신해 보세요.”",
      "srcPage": 3,
      "srcSentenceEA": 3,
      "srcWordEA": 19
    },
    {
      "srcTextID": "23182",
      "srcText": "“손님, 장갑 사세요. 장갑 1켤레에 400원이랍니다. 100원짜리 동전 4개면 귀여운 장갑을 살 수 있어요.”",
      "srcPage": 7,
      "srcSentenceEA": 3,
      "srcWordEA": 16
    },
    {
      "srcTextID": "21796",
      "srcText": "깜찍하고, 귀엽고, 재미있는 사자로 변신한 라이몬은 기분이 아주 좋았어요. “이제 친구들도 나를 좋아하겠지? 자, 친구들을 만나러 출발!”",
      "srcPage": 13,
      "srcSentenceEA": 3,
      "srcWordEA": 18
    }
  ]
}