{
  "title": "도둑을 잡은 덩크",
  "author": "오수민",
  "illustrator": "김소리",
  "isbn": "9791165958596",
  "readAge": "초등_저학년",
  "publishedYear": 2022,
  "publisher": "아람북스",
  "classification": "자연탐구",
  "paragraphInfoCount": 16,
  "paragraphInfo": [
    {
      "srcTextID": "22081",
      "srcText": "“책이 모두 몇 벌이지?” 그러자 몰래 따라온 덩크가 킥킥! “책은 ‘벌’이 아니라 ‘권’이에요. 한 권, 두 권.” 덩크의 소리에 여우가 펄쩍펄쩍! 어찌나 무서웠던지 이빨이 딱딱 부딪쳤어요.",
      "srcPage": 8,
      "srcSentenceEA": 7,
      "srcWordEA": 32
    },
    {
      "srcTextID": "22169",
      "srcText": "여우가 소리 나는 쪽으로 홱 돌아섰어요. 그리고 성큼성큼 다가가 이불을 휙 걷었어요. “잡았다! 스컹크 한 개가 숨어 있었구나.” 덩크가 침대 밖으로 빠져나오며 소리쳤어요. “동물은 ‘마리’라고 해야죠! 스컹크 한 마리요!”",
      "srcPage": 11,
      "srcSentenceEA": 7,
      "srcWordEA": 34
    },
    {
      "srcTextID": "22083",
      "srcText": "지독한 방귀 냄새에 여우가 비틀비틀 밖으로 나왔어요. 바로 그때 덩크가 소리쳤어요. “도와주세요! 도둑이에요!” 그러자 지나가던 경찰차가 끼익 멈췄어요.",
      "srcPage": 14,
      "srcSentenceEA": 4,
      "srcWordEA": 21
    },
    {
      "srcTextID": "22171",
      "srcText": "“이크, 경찰차 한 마리가 왔잖아!” 깜짝 놀란 여우가 펄쩍 뛰며 말했어요. “경찰차는 한 ‘마리’가 아니라 한 ‘대’야! 여우 도둑, 너를 체포한다!” 여우는 곰 경찰에게 붙잡혔지요.",
      "srcPage": 15,
      "srcSentenceEA": 6,
      "srcWordEA": 30
    },
    {
      "srcTextID": "22084",
      "srcText": "며칠 뒤, 도둑을 잡은 덩크는 용감한 꼬마 영웅상을 받았어요. “어머나, 도둑을 어떻게 잡았대요?” “정말 대단해요. 덩크에게 그 비결을 들어 봐야겠어요.” 덩크는 도둑 잡은 이야기를 들려주느라 오늘도 아주 바빴답니다.",
      "srcPage": 16,
      "srcSentenceEA": 5,
      "srcWordEA": 30
    },
    {
      "srcTextID": "22168",
      "srcText": "여우는 허둥지둥 장난감이 있는 방으로 갔어요. 침대 아래로 삐죽 나온 덩크의 꼬리가 보였지요. 여우의 가슴이 콩닥콩닥!",
      "srcPage": 9,
      "srcSentenceEA": 3,
      "srcWordEA": 18
    },
    {
      "srcTextID": "22167",
      "srcText": "그때 인형이 여우의 눈에 들어왔어요. “인형이 세 권이네?” 그러자 숨어 있던 덩크가 큰 소리로 말했어요. “킥킥! ‘인형이 세 개’라고 해야죠.”",
      "srcPage": 10,
      "srcSentenceEA": 5,
      "srcWordEA": 23
    },
    {
      "srcTextID": "22170",
      "srcText": "덩크는 후다닥 도망쳤어요. “거기 서!” “서면 잡을 거잖아요!” “이런, 왜 이렇게 똑똑한 거야? 너, 나이가 몇 살이야? 사 살이야, 오 살이야?” “네 살, 다섯 살이라고 해야죠. 나는 다섯 살이에요!”",
      "srcPage": 12,
      "srcSentenceEA": 8,
      "srcWordEA": 32
    },
    {
      "srcTextID": "22082",
      "srcText": "덩크는 여우에게 잡히고 말았어요. “잡았다! 다섯 살짜리 스컹크 한 마리!” 그 순간, 덩크의 엉덩이에서 방귀가 뿌우우우웅!",
      "srcPage": 13,
      "srcSentenceEA": 3,
      "srcWordEA": 18
    },
    {
      "srcTextID": "22080",
      "srcText": "여우는 덜덜 떨며 책이 가득한 방으로 갔어요. 그리고 아무렇지 않은 듯 큰 소리로 말했어요. “우아, 책이 많네. 고소한 벌레 요리, 냄새나는 방귀 뀌기! 다 내가 보고 싶었던 책들이잖아.”",
      "srcPage": 7,
      "srcSentenceEA": 5,
      "srcWordEA": 31
    },
    {
      "srcTextID": "22076",
      "srcText": "아기 스컹크 덩크가 엄마를 기다리고 있었어요. ‘엄마가 오면 깜짝 놀래 줘야지.’ 덩크는 침대 아래에 꼭꼭 숨었어요. 그때, 달칵! 소리가 들렸어요. ‘어? 이건 창문 열리는 소린데?’",
      "srcPage": 1,
      "srcSentenceEA": 7,
      "srcWordEA": 31
    },
    {
      "srcTextID": "22077",
      "srcText": "창문을 열고 폴짝! 여우 도둑이 살금살금 들어왔어요. “아무도 없겠지? 자, 무엇을 가져갈까?” 갑자기 여우 배에서 꼬르륵 소리가 났어요. “아, 배고파! 뭐 먹을 거 없나?”",
      "srcPage": 2,
      "srcSentenceEA": 7,
      "srcWordEA": 28
    },
    {
      "srcTextID": "22165",
      "srcText": "덩크는 여우 뒤를 몰래 따라갔어요. 여우가 냉장고 문을 벌컥 열었어요. “어? 도넛이 딱 한 개 있네.",
      "srcPage": 3,
      "srcSentenceEA": 3,
      "srcWordEA": 18
    },
    {
      "srcTextID": "22166",
      "srcText": "한 개는 너무 작아!” 그러자 숨어 있던 덩크가 킥킥! “작은 게 아니라, 적은 거예요.” 여우가 깜짝 놀라 소리쳤어요. “누, 누구야?”",
      "srcPage": 4,
      "srcSentenceEA": 5,
      "srcWordEA": 22
    },
    {
      "srcTextID": "22078",
      "srcText": "여우는 이리저리 두리번거렸어요. ‘유령은 아니겠지?’ 방으로 간 여우는 옷장 문을 벌컥 열었어요. “우아, 옷이 정말 많네.”",
      "srcPage": 5,
      "srcSentenceEA": 4,
      "srcWordEA": 18
    },
    {
      "srcTextID": "22079",
      "srcText": "“옷이 모두 몇 개지?” 그러자 숨어서 따라온 덩크가 킥킥! “옷은 ‘개’가 아니라 ‘벌’이에요. 한 벌, 두 벌.” 덩크의 목소리에 여우가 벌벌 떨었어요. “누구야? 유령이야?”",
      "srcPage": 6,
      "srcSentenceEA": 7,
      "srcWordEA": 30
    }
  ]
}