{
  "title": "어느 날 한밤중에 ",
  "author": "오은희",
  "illustrator": "조신애",
  "isbn": "9791157595495",
  "readAge": "초등_저학년",
  "publishedYear": 2016,
  "publisher": "아람북스",
  "classification": "자연탐구",
  "paragraphInfoCount": 16,
  "paragraphInfo": [
    {
      "srcTextID": "21281",
      "srcText": "액자 양 끝에 동물들의 발자국이 찍혀 있었거든요. “내 팔로 한 발이라고 했지, 언제 자기들 팔로 한 발이라고 했나? 푸하하하.” 할머니는 동물들 덕분에 한참을 웃고 또 웃었답니다.",
      "srcPage": 15,
      "srcSentenceEA": 4,
      "srcWordEA": 28
    },
    {
      "srcTextID": "21263",
      "srcText": "작은 아이들에게 맞을 만한 예쁜 목도리지요. “내일 아랫마을 아이들이 놀러 온다고 했지? 다섯 뼘 길이니까 아이들에게 딱 맞을 거야.”",
      "srcPage": 2,
      "srcSentenceEA": 3,
      "srcWordEA": 20
    },
    {
      "srcTextID": "143708",
      "srcText": "눈이 오는 날, 엄마와 함께 밖으로 나가 눈 밟기를 해요. 출발하는 선을 그어 놓고 벤치나 가로등, 화단 등 정해진 곳까지 엄마와 함께 눈을 밟으며 걸어가요. 출발하는 선에서 정해진 곳까지 몇 걸음이나 떨어져 있는지 세어 보아요. 엄마 걸음으로는 몇 걸음, 내 걸음으로는 몇 걸음인가요?",
      "srcPage": 16,
      "srcSentenceEA": 4,
      "srcWordEA": 46
    },
    {
      "srcTextID": "21269",
      "srcText": "휘이잉, 덜컹! 휘이잉, 쾅! 잠을 자던 할머니가 큰 소리에 놀라 벌떡 일어났어요. “무, 무슨 일이야?” 창문 밖에는 눈보라가 몰아치고 있었어요. “이러면 아이들이 올 수가 없잖아?” 할머니는 금세 울상이 되었어요.",
      "srcPage": 3,
      "srcSentenceEA": 7,
      "srcWordEA": 33
    },
    {
      "srcTextID": "21273",
      "srcText": "어디 보자, 딱 한 아름이구나. 그렇다면 목도리는 아주 길어야 할 텐데.” “옳지, 남은 목도리를 모두 이어 보자.” 목도리는 곰에게 꼭 맞았지요.",
      "srcPage": 8,
      "srcSentenceEA": 4,
      "srcWordEA": 23
    },
    {
      "srcTextID": "21276",
      "srcText": "할머니는 이번엔 동물들을 모두 눕게 했어요. “너구리의 키는 한 뼘, 두 뼘, 세 뼘이고, 여우의 키는 한 뼘, 두 뼘, 세 뼘, 네 뼘, 다섯 뼘이구나. 그리고 곰의 키는 이런, 이번에도 뼘으로는 잴 수가 없겠어.",
      "srcPage": 9,
      "srcSentenceEA": 3,
      "srcWordEA": 36
    },
    {
      "srcTextID": "21277",
      "srcText": "할머니는 침실로 들어가더니 흥얼흥얼 콧노래를 불렀어요. 한참 있다가 할머니가 가지고 나온 건 푹신푹신한 솜을 넣은 동물들의 이불이었어요. 덕분에 모두 포근하게 잠을 잘 수 있었지요.",
      "srcPage": 11,
      "srcSentenceEA": 3,
      "srcWordEA": 26
    },
    {
      "srcTextID": "21280",
      "srcText": "다음 날 아침, 할머니는 거실로 나가자마자 깜짝 놀랐어요. 텅 비어 있던 벽에 액자가 세 개나 걸려 있는 거예요. 할머니는 자세히 살펴보더니 깔깔깔 웃었어요.",
      "srcPage": 14,
      "srcSentenceEA": 3,
      "srcWordEA": 25
    },
    {
      "srcTextID": "21279",
      "srcText": "날씨가 제법 따뜻해지자, 눈이 녹기 시작했어요. 할머니가 잠시 밖에 나갔다 와 보니 집이 텅 비어 있었어요. “벌써들 갔나? 인사도 없이 가다니.” 할머니는 너구리와 여우, 곰이 다시 올까 싶어서 한참 동안 창밖을 바라보았지요.",
      "srcPage": 13,
      "srcSentenceEA": 5,
      "srcWordEA": 35
    },
    {
      "srcTextID": "21262",
      "srcText": "뜨개질 할머니의 침대 옆에는 커다란 바구니가 있어요. 바구니에는 뜨다만 뜨개질 거리가 가득해요. 오늘도 할머니는 열심히 뜨개질을 하고 있어요.",
      "srcPage": 1,
      "srcSentenceEA": 3,
      "srcWordEA": 20
    },
    {
      "srcTextID": "21274",
      "srcText": "할머니는 손가락을 쫙 벌려서 곰의 목둘레를 재어 보았어요. “한 뼘, 두 뼘, 세 뼘, 네 뼘 이런, 다섯 뼘도 넘잖아! 그럼, 팔로 재어 볼까?",
      "srcPage": 7,
      "srcSentenceEA": 3,
      "srcWordEA": 25
    },
    {
      "srcTextID": "21275",
      "srcText": "양팔을 벌려서 재면 한 발, 두 발! 됐다, 됐어! 얘들아, 조금만 기다리렴.” 할머니는 동물들의 키를 재서 무엇에 쓰려는 걸까요?",
      "srcPage": 10,
      "srcSentenceEA": 4,
      "srcWordEA": 22
    },
    {
      "srcTextID": "21278",
      "srcText": "어느 날 할머니는 집 안을 휘휘 둘러보다가 텅 빈 벽 앞에서 양팔을 쫙 벌려 보았어요. “이곳에 한 발만 한 그림 액자가 있다면 얼마나 좋을까?” 할머니는 누군가 그 말을 듣고 있을 줄은 상상도 못 했지요.",
      "srcPage": 12,
      "srcSentenceEA": 3,
      "srcWordEA": 35
    },
    {
      "srcTextID": "21270",
      "srcText": "다음 날 아침, 할머니는 집 앞에 쌓인 눈을 쓸기 시작했어요. 하나, 둘, 셋, 넷, 다섯, 여섯, 일곱, 여덟, 아홉, 열. 열 걸음만큼 길을 내었지만 금세 눈이 또 쌓이고 말았지요. “후유, 아이들이 안 오면 떠 놓은 목도리들은 어디에다 쓴담?” 할머니는 한숨을 쉬었어요.",
      "srcPage": 4,
      "srcSentenceEA": 5,
      "srcWordEA": 44
    },
    {
      "srcTextID": "21271",
      "srcText": "그날 밤, 누군가 문을 두드렸어요. 할머니가 얼른 달려가 보니, 문 앞에 너구리와 여우 그리고 커다란 곰이 있었지요. 셋 다 눈밭을 헤매느라 오들오들 떨고 있었어요. “오호라, 너무 추워서 왔구나. 그럼 어서 들어와야지. 암, 그렇고말고.”",
      "srcPage": 5,
      "srcSentenceEA": 6,
      "srcWordEA": 37
    },
    {
      "srcTextID": "21272",
      "srcText": "“몸이 꽁꽁 얼었구나.” 할머니는 쯧쯧 혀를 차더니 어젯밤에 떠 놓은 목도리를 가져와 너구리와 여우의 목에 둘러 주었어요. “어머나, 딱 맞네!” 문제는 커다란 곰이었어요. 할머니의 목도리로는 어림도 없었거든요.",
      "srcPage": 6,
      "srcSentenceEA": 5,
      "srcWordEA": 30
    }
  ]
}