{
  "title": "돈조앙 아저씨는 나빠요!",
  "author": "이선주",
  "illustrator": "그림작가정보없음",
  "isbn": "9791157594580",
  "readAge": "초등_저학년",
  "publishedYear": 2016,
  "publisher": "아람북스",
  "classification": "자연탐구",
  "paragraphInfoCount": 17,
  "paragraphInfo": [
    {
      "srcTextID": "144169",
      "srcText": "돈조앙 아저씨는 집에 와서도 쉴 수 없었어. 온종일 번 돈을 정리해야 했거든. 돈조앙 아저씨는 노래를 부르며 돈을 정리했지. ",
      "srcPage": 7,
      "srcSentenceEA": 3,
      "srcWordEA": 20
    },
    {
      "srcTextID": "144168",
      "srcText": "“돈도로돈도, 돈이 좋아. 동전 한쪽에는 그림! 다른 한쪽에는 숫자! ",
      "srcPage": 8,
      "srcSentenceEA": 3,
      "srcWordEA": 11
    },
    {
      "srcTextID": "144176",
      "srcText": "“그래, 여기 있다. 400원이니까 동전 네 개를 주면 된단다.” 그런데 아니나 다를까! 두더지는 이번에도 돈을 잘못 주었어. ‘이 녀석! 나는 100원짜리 동전 네 개를 달라고 한 건데, 500원짜리 한 개와 100원짜리 세 개를 줬잖아?’ 돈조앙 아저씨는 800원을 날름 받아 버렸지.",
      "srcPage": 17,
      "srcSentenceEA": 7,
      "srcWordEA": 46
    },
    {
      "srcTextID": "144173",
      "srcText": "다음 날 다 판다 가게에 두더지가 왔어. “아저씨! 전등 달린 모자 있어요?” “그럼, 있지! 전등 달린 모자는 200원이란다.”",
      "srcPage": 12,
      "srcSentenceEA": 4,
      "srcWordEA": 20
    },
    {
      "srcTextID": "144172",
      "srcText": " “200원 이요? 저는 돈을 셀 줄 몰라요. 어떻게 해야 200원이 되죠?” ",
      "srcPage": 13,
      "srcSentenceEA": 3,
      "srcWordEA": 13
    },
    {
      "srcTextID": "144177",
      "srcText": "그다음 날 또 두더지가 왔어. 돈조앙 아저씨는 조금 미안한 마음이 들었지만 모른 척했지. “아저씨, 안녕하세요? 땅을 푹푹 파는 튼튼한 삽 있나요?” ",
      "srcPage": 16,
      "srcSentenceEA": 4,
      "srcWordEA": 23
    },
    {
      "srcTextID": "144163",
      "srcText": "“아저씨, 돋보기 있어요?” “여기 있다! 돋보기는 100원이란다.” “여기 100원이요. 우아, 여기에는 뭐든지 다 있네요!”",
      "srcPage": 2,
      "srcSentenceEA": 5,
      "srcWordEA": 16
    },
    {
      "srcTextID": "144162",
      "srcText": "“아저씨! 기다란 머플러 있어요?” “그럼, 있고말고. 머플러는 500원이란다.” ",
      "srcPage": 3,
      "srcSentenceEA": 3,
      "srcWordEA": 10
    },
    {
      "srcTextID": "144165",
      "srcText": "돈조앙 아저씨는 500원짜리 한 개를 내고 버스를 탔지. “돈이 있어서 버스를 타고 집에 갈 수 있으니 얼마나 좋아! 돈도로돈도, 돈이 좋아!”",
      "srcPage": 6,
      "srcSentenceEA": 3,
      "srcWordEA": 22
    },
    {
      "srcTextID": "144171",
      "srcText": "돈조앙 아저씨는 계산하기 쉽게 1000원씩 모으기로 했어. “돈도로돈도, 돈이 좋아. 100원짜리 열 개는 1000원! 500원짜리 두 개도 1000원!\"",
      "srcPage": 10,
      "srcSentenceEA": 4,
      "srcWordEA": 20
    },
    {
      "srcTextID": "144170",
      "srcText": "\"100원짜리 다섯 개랑 500원짜리 한 개도 1000원!” 그득그득, 쨍그랑쨍그랑! 돈조앙 아저씨는 열심히 돈을 모았어.",
      "srcPage": 11,
      "srcSentenceEA": 3,
      "srcWordEA": 16
    },
    {
      "srcTextID": "144174",
      "srcText": "돈조앙 아저씨는 친절하게 대답했어. “동전 두 개를 주면 된단다.” 두더지는 지갑에서 500원짜리 한 개, 100원짜리 한 개를 꺼내 주었어.",
      "srcPage": 14,
      "srcSentenceEA": 3,
      "srcWordEA": 20
    },
    {
      "srcTextID": "144175",
      "srcText": "“여기요.” 돈조앙 아저씨는 멈칫했지. ‘아니, 이 녀석이 600원이나 주네. 나는 100원짜리 동전 두 개를 달라고 한 건데, 500원짜리 한 개와 100원짜리 한 개를 줬잖아? 어휴, 200원만 받아야 하나, 아니면 그냥 600원을 받을까? 에잇, 모른 척해야지.’ 돈조앙 아저씨는 고민, 고민하다가 600원을 받아 버렸어.",
      "srcPage": 15,
      "srcSentenceEA": 6,
      "srcWordEA": 48
    },
    {
      "srcTextID": "144161",
      "srcText": "돈조앙 아저씨는 다 판다 가게의 주인이야. 아저씨네 가게에는 없는 게 없어. 손님이 와서 물건을 찾으면 척! 또 다른 물건을 찾아도 척척! 그러니 가게 안은 늘 손님들로 북적거렸지.",
      "srcPage": 1,
      "srcSentenceEA": 5,
      "srcWordEA": 31
    },
    {
      "srcTextID": "144164",
      "srcText": "“여기 500원이요. 다 판다 가게는 정말 최고예요.” 돈조앙 아저씨는 동물들의 칭찬을 들어서 기분이 으쓱으쓱. 게다가 돈도 버니 콧노래가 절로 나왔지.",
      "srcPage": 4,
      "srcSentenceEA": 4,
      "srcWordEA": 23
    },
    {
      "srcTextID": "144166",
      "srcText": "돈조앙 아저씨는 일을 마치고 덜컹덜컹 숲 속 버스를 타러 갔어. 누구든지 500원만 내면 버스를 탈 수 있거든. 토끼 아줌마는 100원짜리 다섯 개. ",
      "srcPage": 5,
      "srcSentenceEA": 3,
      "srcWordEA": 24
    },
    {
      "srcTextID": "144167",
      "srcText": "100원보다 500원이 더 커! 같은 크기끼리 모아 따로따로 정리하면 끝!” 그런데 정리를 다 한 돈조앙 아저씨는 갸우뚱했지. ‘이렇게 모아 놓으니 얼마나 벌었는지 모르겠군!’",
      "srcPage": 9,
      "srcSentenceEA": 4,
      "srcWordEA": 26
    }
  ]
}