{
  "title": "카우보이 거미가 착착!",
  "author": "김민진",
  "illustrator": "그림작가정보없음",
  "isbn": "9791157594559",
  "readAge": "초등_저학년",
  "publishedYear": 2016,
  "publisher": "아람북스",
  "classification": "자연탐구",
  "paragraphInfoCount": 16,
  "paragraphInfo": [
    {
      "srcTextID": "122715",
      "srcText": "두리번두리번! 거미는 심심해졌어. “나도 거미줄이나 쏴 볼까?” 꾸물꾸물 어설프게 거미줄을 쏘았지. 거미줄을 처음 본 두더지가 빽 소리쳤어. “우아! 똥구멍에서 나오는 거미줄 좀 봐!”",
      "srcPage": 2,
      "srcSentenceEA": 5,
      "srcWordEA": 27
    },
    {
      "srcTextID": "122716",
      "srcText": "옆에 있던 숲속 동물들도 말했어. “와! 멋지다. 카우보이 같아!” ‘내가 카우보이 같다고?’ 난생처음 칭찬을 들은 거미는 신이 났어.",
      "srcPage": 3,
      "srcSentenceEA": 5,
      "srcWordEA": 22
    },
    {
      "srcTextID": "122719",
      "srcText": "카우보이 거미는 엉덩이를 들이밀어 거미줄을 휙휙! 방울토마토를 착착 두 개씩 묶었어. “2, 4, 6, 8, 10, 12, 14, 16, 18, 20.” “우아, 둘씩 묶어 세니 정말 빠르다. 넌 친절한 거미야. 고마워!”",
      "srcPage": 6,
      "srcSentenceEA": 6,
      "srcWordEA": 34
    },
    {
      "srcTextID": "122714",
      "srcText": "뒹굴뒹굴 엄마가 주는 밥 먹고, 뒹굴뒹굴 똥 싸고, 뒹굴뒹굴 놀다가, 뒹굴뒹굴 잠만 자는 거미가 있었어. 그러느라 거미줄을 쏘아 본 적도 없었어. 하루는 엄마 거미가 소리를 꽥 질렀어. “뒹굴뒹굴하지만 말고, 밖에도 좀 나가!” 거미는 주춤주춤 모자를 쓰고, 알록달록 무당벌레 자동차를 타고 집을 나섰어.",
      "srcPage": 1,
      "srcSentenceEA": 5,
      "srcWordEA": 45
    },
    {
      "srcTextID": "122721",
      "srcText": "‘어디 거미줄 쏠 데 없나?’ 카우보이 거미는 나무 위로 올라가서 주위를 살펴보았어. “오늘 꿀을 따야 할 꽃이 몇 송이지? 1, 2, 3, 4 어, 내가 어디까지 세었더라.”",
      "srcPage": 8,
      "srcSentenceEA": 4,
      "srcWordEA": 29
    },
    {
      "srcTextID": "122723",
      "srcText": "‘꽃이 어제 본 방울토마토보다 많네. 그럼, 오늘은 세 개씩 묶어 세어 볼까?’ 카우보이 거미는 엉덩이를 들이밀고 거미줄을 휙 휙 휙! 꽃을 착 착 착! 세 개씩 묶었어. “3, 6, 9, 12, 15, 18, 21, 24, 27, 30.” 카우보이 거미는 눈 깜짝할 사이에 꽃을 다 셌어. “와, 묶어 세니 정말 편하다. 넌 정말 대단한 거미야!” 놀란 벌들이 말했지.",
      "srcPage": 10,
      "srcSentenceEA": 10,
      "srcWordEA": 64
    },
    {
      "srcTextID": "122717",
      "srcText": "으쓱으쓱! 길을 가던 거미는 토끼를 만났어. 토끼는 방울토마토를 하나하나 세고 있었지. “내가 방울토마토를 몇 개나 딴 거지? 1, 2, 3.”",
      "srcPage": 4,
      "srcSentenceEA": 4,
      "srcWordEA": 23
    },
    {
      "srcTextID": "122722",
      "srcText": "꽃을 하나하나 세던 벌들은 수를 세기 힘들었어. 꽃이 바람에 흔들거려서 셌는지, 안 셌는지 헷갈렸거든. 카우보이 거미는 벌에게 말했지. “내가 좀 도와줄까?”",
      "srcPage": 9,
      "srcSentenceEA": 4,
      "srcWordEA": 23
    },
    {
      "srcTextID": "122724",
      "srcText": "다음 날, 카우보이 거미는 엄마가 깨기도 전에 일어났어. 그리고 눈을 뜨자마자 말했지. “나는 친절한 카우보이 거미, 게다가 대단한 거미라네. 오늘은 또 누구를 도와줄까?” 거미는 모자를 쓰고, 무당벌레 자동차를 타고 서둘러 집을 나섰지.",
      "srcPage": 11,
      "srcSentenceEA": 5,
      "srcWordEA": 35
    },
    {
      "srcTextID": "122726",
      "srcText": "카우보이 거미가 여기저기 기웃기웃할 때였어. 우지끈 꽝! 갑자기 산사태가 나서 흙이 쏟아져 내렸어. 그때 언덕 위에서 쇠똥구리들의 소리가 들렸지.",
      "srcPage": 12,
      "srcSentenceEA": 4,
      "srcWordEA": 22
    },
    {
      "srcTextID": "122725",
      "srcText": "“어머! 이 일을 어쩜 좋아. 알이 들어 있는 우리 똥들이 굴러가네. 누가 좀 도와줘요!” 카우보이 거미는 재빨리 똥들을 쫓아가며 소리쳤어. “제가 도와드릴 테니, 걱정 마세요!”",
      "srcPage": 13,
      "srcSentenceEA": 5,
      "srcWordEA": 29
    },
    {
      "srcTextID": "122728",
      "srcText": "“나는야 친절하고, 대단하고, 특별한 카우보이 거미. 줄을 휙 휙! 쏴서, 착 착! 묶어 세니 빠르고 편하고 정확하잖아.” 신이 난 카우보이 거미는 으쓱으쓱 춤을 추며 집으로 왔지. 그리고 이리 휙! 저리 휙! 거미줄을 마구 쏘아 댔어. “친절하게 휙! 대단하게 휙! 특별하게 휙! 빙그르르 휙!” 거미줄을 쏘다가 피곤해진 카우보이 거미는 깊은 잠에 빠져들었어.",
      "srcPage": 15,
      "srcSentenceEA": 13,
      "srcWordEA": 62
    },
    {
      "srcTextID": "122729",
      "srcText": "다음 날 아침, 잠에서 깬 카우보이 거미는 깜짝 놀랐지. “우아!” 카우보이 거미가 휙 휙! 쳐 놓은 거미줄에 먹을 것이 잔뜩 걸려 있지 뭐야! 카우보이 거미는 이제 뒹굴뒹굴할 시간이 없었어. 숲속 친구들도 도와야 하고, 먹이 잡을 거미줄도 만들어야 했거든.",
      "srcPage": 16,
      "srcSentenceEA": 5,
      "srcWordEA": 42
    },
    {
      "srcTextID": "122720",
      "srcText": "다음 날 카우보이 거미는 엄마가 깨우기도 전에 일어났어. 눈뜨자마자 휙! 휙! 거미줄 쏘는 연습을 했지. 오늘도 친절한 카우보이 거미가 되고 싶었거든. 친구들이 칭찬하는 모습이 눈앞에 그려졌어. 거미는 모자를 쓰고, 무당벌레 자동차를 타고 집을 나섰지.",
      "srcPage": 7,
      "srcSentenceEA": 7,
      "srcWordEA": 40
    },
    {
      "srcTextID": "122718",
      "srcText": "카우보이 거미는 토끼를 물끄러미 보다가 씩 웃으며 말했어. “그걸 언제 하나씩 세고 있어? 내가 도와줄게.”",
      "srcPage": 5,
      "srcSentenceEA": 3,
      "srcWordEA": 16
    },
    {
      "srcTextID": "122727",
      "srcText": "거미는 똥들을 모으기 시작했어. ‘똥이 꽃보다 많네. 그럼, 오늘은 네 개씩 묶어 세야지.’ 카우보이 거미는 엉덩이를 들이밀어 거미줄을 휙 휙 휙 휙! 똥을 착 착 착 착! 네 개씩 묶었어. “4, 8, 12, 16, 20, 24, 28, 32, 36, 40! 똥이 모두 40개 맞나요?” “응, 40개 맞아. 넌 정말 특별한 거미구나.” 쇠똥구리들은 정말 기뻐하며 말했지.",
      "srcPage": 14,
      "srcSentenceEA": 11,
      "srcWordEA": 63
    }
  ]
}