{
  "title": "코뿔소의 꿈",
  "author": "전경숙",
  "illustrator": "조우영",
  "isbn": "9791165958350",
  "readAge": "초등_저학년",
  "publishedYear": 2022,
  "publisher": "아람북스",
  "classification": "자연탐구",
  "paragraphInfoCount": 18,
  "paragraphInfo": [
    {
      "srcTextID": "21072",
      "srcText": "소식을 듣고 알콩달콩 토끼 부부가 제일 먼저 찾아왔어. “코뿔소 씨, 신혼여행 갈 자동차를 빌릴 수 있을까요?” “그럼요! 그럼요! 토끼가 1, 2!” 코뿔소는 결혼한 토끼 2마리에게 딱 어울리는 예쁜 자동차를 빌려주었어.",
      "srcPage": 3,
      "srcSentenceEA": 5,
      "srcWordEA": 33
    },
    {
      "srcTextID": "21071",
      "srcText": "“어휴, 차고에 자동차가 꽉 찼네! 이걸 어쩌지?” 코뿔소는 한참을 생각하다가 뚝딱뚝딱 표지판을 세웠어. ‘원하는 자동차를 빌려드려요!’ ",
      "srcPage": 2,
      "srcSentenceEA": 4,
      "srcWordEA": 19
    },
    {
      "srcTextID": "21077",
      "srcText": "“아, 좋은 방법이 있어요!” 코뿔소는 돌돌돌 수레를 가져와 아기 오리들을 태웠어. 1, 2, 3, 4, 5, 6, 7, 8, 9, 10! 그리고 남은 오리는 2마리! “10마리씩 수레 1대에 태웠더니 2마리가 남았네. 그러면 모두 12마리!” ",
      "srcPage": 8,
      "srcSentenceEA": 6,
      "srcWordEA": 38
    },
    {
      "srcTextID": "21078",
      "srcText": "“여기, 딱 12마리가 탈 수 있는 작은 버스가 있어요.” 코뿔소는 흐뭇한 마음으로 자동차를 빌려주었어. 오리 선생님은 아기 오리들을 차례차례 태웠지. “코뿔소 씨, 감사합니다!” 뛰뛰빵빵! 경적을 울리며 아기 오리들은 소풍을 떠났어.",
      "srcPage": 9,
      "srcSentenceEA": 6,
      "srcWordEA": 34
    },
    {
      "srcTextID": "21079",
      "srcText": "“새로운 곳으로 이사 가려는데, 자동차 좀 빌려주세요!” 미어캣 가족이 우르르 찾아와서 말했어. “모두 몇 마리가 탈 거예요?” ",
      "srcPage": 10,
      "srcSentenceEA": 3,
      "srcWordEA": 18
    },
    {
      "srcTextID": "21081",
      "srcText": "“10마리씩 수레 2대에 태웠더니 3마리가 남았네. 그러면 모두 23마리!” “마침, 딱 23마리가 탈 수 있는 큰 버스가 있어요. 정말 다행이에요!” 코뿔소는 웃으며 자동차를 빌려주었어. ",
      "srcPage": 13,
      "srcSentenceEA": 5,
      "srcWordEA": 27
    },
    {
      "srcTextID": "21084",
      "srcText": "그런데 며칠 뒤, 이걸 어쩌지? 셀 수도 없을 만큼 많은 다람쥐가 몰려왔어! “코뿔소 씨, 우리에게도 자동차를 빌려주세요!” ",
      "srcPage": 14,
      "srcSentenceEA": 3,
      "srcWordEA": 18
    },
    {
      "srcTextID": "21083",
      "srcText": "“이런! 나도 빌려주고 싶지만, 여러분 모두 탈 수 있는 자동차는 없어요. 어쩌죠?” 그러자 다람쥐들은 슬픈 표정을 지었어. “우리는 숲에서만 살아서, 세상을 구경하는 게 꿈이에요.”",
      "srcPage": 15,
      "srcSentenceEA": 4,
      "srcWordEA": 27
    },
    {
      "srcTextID": "21085",
      "srcText": "바로 그때, 코뿔소에게 좋은 생각이 번쩍! 코뿔소는 가지고 있던 수레 10대를 모두 가져왔어. “자, 여러분! 수레 1대에 10마리씩 타 보세요.” 다람쥐들이 수레에 모두 타니 10대가 가득 찼네! “10마리씩 수레 10대면 10, 20, 30, 40, 50, 60, 70, 80, 90, 100! 모두 100마리야!” ",
      "srcPage": 16,
      "srcSentenceEA": 7,
      "srcWordEA": 46
    },
    {
      "srcTextID": "21086",
      "srcText": "코뿔소는 수레를 차례차례 연결해 기차처럼 만들었어! “내 꿈도 멋진 자동차를 타고 세상을 구경하는 거예요. 운전은 내가 할 테니 우리 함께 떠나요.” ",
      "srcPage": 17,
      "srcSentenceEA": 3,
      "srcWordEA": 22
    },
    {
      "srcTextID": "21087",
      "srcText": "코뿔소는 환하게 웃으며 말했어. 부릉부릉, 돌돌돌! 날마다 자동차를 만들던 코뿔소가 드디어 여행을 떠났어. 100마리의 다람쥐들과 함께! 이제 코뿔소의 꿈도 이루어진 거야. ",
      "srcPage": 18,
      "srcSentenceEA": 5,
      "srcWordEA": 25
    },
    {
      "srcTextID": "21069",
      "srcText": "“빙글빙글! 나사를 조이고, 기름을 칠하자!” 오늘도 코뿔소는 새로운 자동차를 만들었어. 멋진 자동차를 타고 세상을 구경하는 게 코뿔소의 꿈이거든.",
      "srcPage": 1,
      "srcSentenceEA": 3,
      "srcWordEA": 21
    },
    {
      "srcTextID": "21073",
      "srcText": "이번에는 동글동글 판다 가족이 코뿔소를 찾아왔어. “코뿔소 씨, 가족 여행 갈 자동차를 빌리고 싶어요.” “좋아요! 좋아요! 판다가 1, 2, 3, 4!” ",
      "srcPage": 4,
      "srcSentenceEA": 4,
      "srcWordEA": 23
    },
    {
      "srcTextID": "21074",
      "srcText": "코뿔소는 판다 4마리에게 딱 맞는 자동차를 가져왔어. 부릉 부릉 부르릉! 자동차를 빌린 판다 가족은 손을 흔들며 여행을 떠났어. 코뿔소도 기분이 무척 좋았지. ",
      "srcPage": 5,
      "srcSentenceEA": 4,
      "srcWordEA": 25
    },
    {
      "srcTextID": "21075",
      "srcText": "꽥 꽥 꽥, 꽥꽥! 오리 유치원 선생님이 아기 오리들과 소풍을 가려고 자동차를 빌리러 왔어. “자, 모두 몇 마리가 타야 하는지 세어 볼게요.” ",
      "srcPage": 6,
      "srcSentenceEA": 3,
      "srcWordEA": 23
    },
    {
      "srcTextID": "21076",
      "srcText": "하지만 아기 오리들은 왔다 갔다 파닥파닥! “1, 2, 3, 4. 아이고, 다시!” 코뿔소는 아기 오리들의 수를 셀 수가 없었어. ",
      "srcPage": 7,
      "srcSentenceEA": 4,
      "srcWordEA": 21
    },
    {
      "srcTextID": "21080",
      "srcText": "“우리는 수를 셀 줄 몰라요.” 그러자 코뿔소는 이번에도 돌돌돌 수레에 미어캣들을 태웠어. 1, 2, 3, 4, 5, 6, 7, 8, 9, 10! 하지만 아직도 미어캣들이 많이 남아 있었지.",
      "srcPage": 11,
      "srcSentenceEA": 4,
      "srcWordEA": 31
    },
    {
      "srcTextID": "21082",
      "srcText": "코뿔소는 얼른 수레를 1대 더 가져왔어. 그리고 또 10마리를 태웠지. 그랬더니 남은 미어캣이 3마리! ",
      "srcPage": 12,
      "srcSentenceEA": 3,
      "srcWordEA": 16
    }
  ]
}