{
  "title": "다조아 선생님의 똑똑 그래프",
  "author": "정주영",
  "illustrator": "김이조",
  "isbn": "9791165958503",
  "readAge": "초등_저학년",
  "publishedYear": 2022,
  "publisher": "아람북스",
  "classification": "자연탐구",
  "paragraphInfoCount": 18,
  "paragraphInfo": [
    {
      "srcTextID": "21941",
      "srcText": "“한 칸에 한 친구씩 차례차례 들어가 보세요! 그래야 정확히 알 수 있어요.” “네, 선생님!” 한 칸에 한 친구씩 들어가자, 어느 곳에 친구들이 가장 많은지 한눈에 보였어요.",
      "srcPage": 9,
      "srcSentenceEA": 4,
      "srcWordEA": 28
    },
    {
      "srcTextID": "21944",
      "srcText": "다조아 선생님은 다시 해님반 친구들에게 물었어요. “과자 따 먹기 해요!” “보물찾기요!” “숨바꼭질할래요!” 해님반 친구들이 와글와글 대답했어요. ",
      "srcPage": 11,
      "srcSentenceEA": 3,
      "srcWordEA": 17
    },
    {
      "srcTextID": "21945",
      "srcText": "“여러분, 하고 싶은 놀이에 붙임 딱지를 한 개씩 붙여 주세요.” 다조아 선생님이 공룡 붙임 딱지를 나누어 주었어요. “우아, 공룡 붙임 딱지다!”",
      "srcPage": 12,
      "srcSentenceEA": 3,
      "srcWordEA": 22
    },
    {
      "srcTextID": "21947",
      "srcText": "붙임 딱지 줄이 위로 쭉쭉 올라갔어요. 어떤 놀이에 붙임 딱지가 가장 많이 붙었는지 한눈에 보였지요. “소풍 가서 할 놀이는 숨바꼭질과 보물찾기예요!” “와, 재밌겠다!” ",
      "srcPage": 14,
      "srcSentenceEA": 4,
      "srcWordEA": 24
    },
    {
      "srcTextID": "21934",
      "srcText": "반짝반짝 유치원의 아이들은 해님반 다조아 선생님을 좋아했어요. “선생님, 바깥 놀이 해요!” “좋아요!” “선생님, 그림책 읽어 주세요!” “좋아요!” 다조아 선생님은 아이들의 이야기를 늘 귀담아들었어요. 그래서 모두 다조아 선생님을 좋아했지요.",
      "srcPage": 1,
      "srcSentenceEA": 5,
      "srcWordEA": 30
    },
    {
      "srcTextID": "21949",
      "srcText": "반짝반짝 유치원 선생님들이 또 모였어요. “우리 해님반은 숲 놀이터에 가서 숨바꼭질과 보물찾기를 하기로 했어요.” “그걸 어떻게 정했어요?” ",
      "srcPage": 15,
      "srcSentenceEA": 3,
      "srcWordEA": 17
    },
    {
      "srcTextID": "21948",
      "srcText": "“친구들과 다 같이 똑똑 그래프를 만들었어요. 그리고 내가 보기 좋게 정리했지요. 어때요? 해님반 친구들이 원하는 게 한눈에 보이지요?” ",
      "srcPage": 16,
      "srcSentenceEA": 4,
      "srcWordEA": 21
    },
    {
      "srcTextID": "21951",
      "srcText": "이제 다조아 선생님은 수업 시간이 더욱 즐거웠어요. 어떻게 결정하면 될지 잘 아니까요! “친구들이 가장 좋아하는 공룡은 뭐지? 티라노사우루스? 트리케라톱스? 다 함께 똑똑 그래프를 만들어 봐야겠네.” 벌써부터 다조아 선생님의 머릿속에는 만들고 싶은 똑똑 그래프가 가득했어요. ",
      "srcPage": 18,
      "srcSentenceEA": 7,
      "srcWordEA": 39
    },
    {
      "srcTextID": "21939",
      "srcText": "다음 날 다조아 선생님은 해님반 친구들에게 물었어요. “여러분, 여름 소풍을 어디로 갈까요?” “놀이공원이요!” “숲 놀이터요!” “호수 공원이요!” 다조아 선생님은 해님반 친구들이 말한 세 곳의 푯말을 만들었어요.",
      "srcPage": 6,
      "srcSentenceEA": 5,
      "srcWordEA": 27
    },
    {
      "srcTextID": "21942",
      "srcText": "하지만 다조아 선생님은 고개를 갸우뚱. “아하, 줄을 선 간격이 다르네.” 다조아 선생님은 바닥에 네모 칸을 만들었어요.",
      "srcPage": 8,
      "srcSentenceEA": 3,
      "srcWordEA": 17
    },
    {
      "srcTextID": "21935",
      "srcText": "“단풍 드는 가을은요?” 그러자 원장 선생님이 말했어요. “각자 가고 싶은 때에 도장을 찍어 주세요.” ",
      "srcPage": 3,
      "srcSentenceEA": 3,
      "srcWordEA": 15
    },
    {
      "srcTextID": "21937",
      "srcText": "여름에 가장 많은 도장이 찍혔어요. “햇빛 반짝 여름으로 결정! 이제 어디로 가면 좋을지 반끼리 이야기 나누어 보세요.”",
      "srcPage": 4,
      "srcSentenceEA": 3,
      "srcWordEA": 18
    },
    {
      "srcTextID": "21938",
      "srcText": "다조아 선생님은 길을 걸으며 곰곰 생각에 잠겼어요. ‘해님반 친구들이 어디를 좋아할까? 그래, 직접 물어봐야겠어!’",
      "srcPage": 5,
      "srcSentenceEA": 3,
      "srcWordEA": 16
    },
    {
      "srcTextID": "21940",
      "srcText": "“자, 가고 싶은 곳에 줄을 서세요!” “네, 선생님!” 해님반 친구들이 후다닥 줄을 섰어요. ‘호수 공원’의 줄이 가장 길어 보였어요.",
      "srcPage": 7,
      "srcSentenceEA": 5,
      "srcWordEA": 22
    },
    {
      "srcTextID": "21950",
      "srcText": "드디어 햇빛 반짝 여름날, 시원한 숲 놀이터로 소풍을 왔어요! 해님반 친구들은 숲속을 폴짝폴짝 뛰어다녔지요. 가장 좋아하는 숨바꼭질과 보물찾기를 하며 즐거운 시간을 보냈어요. ",
      "srcPage": 17,
      "srcSentenceEA": 3,
      "srcWordEA": 24
    },
    {
      "srcTextID": "21936",
      "srcText": "반짝반짝 유치원 선생님들이 모였어요. “소풍을 언제 가면 좋을까요?” “햇빛 반짝 여름이 어때요?”",
      "srcPage": 2,
      "srcSentenceEA": 3,
      "srcWordEA": 12
    },
    {
      "srcTextID": "21943",
      "srcText": "“이번 소풍 장소는 숲 놀이터예요!” “우아, 정말 신난다!” “여러분, 소풍 가서 무얼 하고 놀까요?” ",
      "srcPage": 10,
      "srcSentenceEA": 3,
      "srcWordEA": 14
    },
    {
      "srcTextID": "21946",
      "srcText": "다조아 선생님은 화이트보드에 네모 칸을 그렸어요. “한 칸에 한 개씩, 아래부터 차례차례 붙여 주세요!” “네, 선생님!” 해님반 친구들은 붙임 딱지를 꾹꾹 붙였어요.",
      "srcPage": 13,
      "srcSentenceEA": 4,
      "srcWordEA": 23
    }
  ]
}