{
  "title": "이름 없는 꼬마 우주선",
  "author": "유가은",
  "illustrator": "김이조",
  "isbn": "9791128214134",
  "readAge": "초등_저학년",
  "publishedYear": 2022,
  "publisher": "아람북스",
  "classification": "자연탐구",
  "paragraphInfoCount": 17,
  "paragraphInfo": [
    {
      "srcTextID": "23674",
      "srcText": "“나 ‘보스토크 1호’를 몰라? 보스토크는 동쪽, 해가 뜨는 곳을 뜻하지. 뭔가 대단한 일이 생길 것 같은 이름이잖아?” “글쎄 , 난 잘 모르겠는데.......” 보스토크 1호는 답답하다는 듯이 옆에 서 있던 발사체를 땅땅 두드렸어요.",
      "srcPage": 4,
      "srcSentenceEA": 6,
      "srcWordEA": 36
    },
    {
      "srcTextID": "23676",
      "srcText": "“그래서 성공했어? 달에 다녀온 거야?” “물론이야. 우주 비행사들과 함께 달에 도착했지. 우주 비행사들은 달 위를 걸어 다니고, 사진도 찍었단다.”",
      "srcPage": 7,
      "srcSentenceEA": 4,
      "srcWordEA": 22
    },
    {
      "srcTextID": "23677",
      "srcText": "“우아, 상상만 해도 떨려.” “그때는 대단했지. 전 세계인이 텔레비전으로 우리 모습을 지켜봤으니까. 어때? 너도 내 멋진 이름을 갖고 싶지 않니? 원하면 빌려줄게.” 작은 우주선이 대답하려는데.......",
      "srcPage": 8,
      "srcSentenceEA": 7,
      "srcWordEA": 30
    },
    {
      "srcTextID": "22118",
      "srcText": "“그뿐만 아니라 우리는 목성, 토성의 비밀도 밝혀내고, 천왕성과 해왕성의 위성들도 알아냈지. 하지만 꼬마야, 우리 이름을 굳이 쓰지 않아도 된단다. 너는 너에게 맞는 이름을 생각해 보렴.”",
      "srcPage": 15,
      "srcSentenceEA": 3,
      "srcWordEA": 27
    },
    {
      "srcTextID": "22110",
      "srcText": "방문이 닫히자, 번쩍하고 태양 모양의 등에 불이 들어왔어요. “꼬마야, 네 이름은 뭐니?” 작은 우주선은 뒤를 돌아보 고 화들짝 놀랐어요. 우주선 하나가 싱긋 웃으며 말을 걸었거든요. “이름? 나 이름 없는데?”",
      "srcPage": 2,
      "srcSentenceEA": 5,
      "srcWordEA": 32
    },
    {
      "srcTextID": "22121",
      "srcText": "잠시 뒤, 모든 우주선이 작은 우주선 주위로 우르르 몰려들었어요. “꼬마야, 이제 이름 결정했니?” “누구 이름을 쓸 거야?”",
      "srcPage": 16,
      "srcSentenceEA": 3,
      "srcWordEA": 17
    },
    {
      "srcTextID": "22112",
      "srcText": "“어머, 어머! 꼬마가 놀랐겠다. 그렇게 소리치면 어떻게 해?” 작은 우주선을 감싸듯 다가온 건 기다란 우주선이었어요. “나는 그리스 신화에 나오는 태양신의 이름을 따서 ‘아폴로’라고 지었어. 나는 달에 가기 위해서 만들어진 우주선이지.” 작은 우주선은 아폴로 11호의 이야기에 점점 빠져들었어요.",
      "srcPage": 6,
      "srcSentenceEA": 8,
      "srcWordEA": 43
    },
    {
      "srcTextID": "22114",
      "srcText": "우주선 하나가 아주 빠른 속도로 휭 지나갔어요. 모두 깜짝 놀란 얼굴로 쳐다보았지요. 안녕? 내 이름은 ‘뉴허라이즌스’야.",
      "srcPage": 9,
      "srcSentenceEA": 4,
      "srcWordEA": 20
    },
    {
      "srcTextID": "22113",
      "srcText": "새로운 지평선이라는 뜻이지. 나는 너희들보다 더 멀리 우주를 탐사했단다. 내 이야기가 기대되지 않아? 작은 우주선은 침을 꼴깍 삼켰어요.",
      "srcPage": 10,
      "srcSentenceEA": 4,
      "srcWordEA": 21
    },
    {
      "srcTextID": "22115",
      "srcText": "“총알보다 10배나 빠른 내가 9년 6개월을 날아서 명왕성에 도착했지. 명왕성이 얼마나 먼지 너희는 상상도 하지 못할 거야. 지금은 명왕성 탐사를 마치고 더 먼 곳을 향해서 가고 있어.” 뉴허라이즌스호의 말에 주위가 조용해졌어요. 그때였어요.",
      "srcPage": 11,
      "srcSentenceEA": 5,
      "srcWordEA": 36
    },
    {
      "srcTextID": "22117",
      "srcText": "“먼 곳이라고 했어? 이런!” 우주선 2대가 나란히 날아오며 말했어요. “나는 보이저 1호!”",
      "srcPage": 12,
      "srcSentenceEA": 4,
      "srcWordEA": 14
    },
    {
      "srcTextID": "22116",
      "srcText": "“나는 보이저 2호!” 이름만 말했는데도 뉴허라이즌스호는 자리를 비켰어요. “우리 이름은 모험을 즐기는 여행자라는 뜻이지. 이제부터 우리 자랑 좀 해 볼까?”",
      "srcPage": 13,
      "srcSentenceEA": 4,
      "srcWordEA": 22
    },
    {
      "srcTextID": "23675",
      "srcText": "“뭐? 아직 이름이 없다고? 이런, 나처럼 멋진 이름이 없다니 참 안타깝다!” “네 이름은 뭔데?”",
      "srcPage": 3,
      "srcSentenceEA": 3,
      "srcWordEA": 16
    },
    {
      "srcTextID": "22109",
      "srcText": "갑자기 방문이 열리더니 꼬마가 뛰어들어 왔어요. “여기에 얌전히 있어.” 꼬마는 들고 있던 작은 우주선을 탁자 위에 올려놓았어요. 그러고는 서둘러 방문을 닫고 나갔어요.",
      "srcPage": 1,
      "srcSentenceEA": 4,
      "srcWordEA": 24
    },
    {
      "srcTextID": "22111",
      "srcText": "“모른다고? 처음으로 사람을 태우고 우주 비행에 성공한 나를?” 보스토크 1호의 목소리가 높아졌어요. “내가 아니었다면, 사람이 지구 밖으로 나갈 수 있었을까? 내 위대한 이름을 쓰고 싶다면 기꺼이 빌려줄게.”",
      "srcPage": 5,
      "srcSentenceEA": 4,
      "srcWordEA": 30
    },
    {
      "srcTextID": "22119",
      "srcText": "보이저 1호가 먼저 입을 열었어요. “우리는 지구를 떠난 지 40년도 더 지났고, 명왕성이 있는 곳의 2배만큼 날아갔지.” 이번에는 보이저 2호가 말했어요.",
      "srcPage": 14,
      "srcSentenceEA": 3,
      "srcWordEA": 22
    },
    {
      "srcTextID": "22120",
      "srcText": "모두 작은 우주선만 쳐다보았어요. 그때 방문이 벌컥 열렸어요. 아까 작은 우주선을 놓고 간 꼬마였지요. “자, 얼른 가자. 꼬마 우주선!”",
      "srcPage": 17,
      "srcSentenceEA": 5,
      "srcWordEA": 22
    }
  ]
}