{
  "title": "원숭이 삼 형제와 숫자 0",
  "author": "고영이",
  "illustrator": "혜경",
  "isbn": "9791165958336",
  "readAge": "초등_저학년",
  "publishedYear": 2022,
  "publisher": "아람북스",
  "classification": "자연탐구",
  "paragraphInfoCount": 18,
  "paragraphInfo": [
    {
      "srcTextID": "21212",
      "srcText": "판다 아저씨가 원숭이 삼 형제에게 말했어. “와, 재밌겠다, 빨리 가자!” 원숭이 삼 형제는 숲으로 후다닥 달려갔지.",
      "srcPage": 3,
      "srcSentenceEA": 3,
      "srcWordEA": 17
    },
    {
      "srcTextID": "21213",
      "srcText": "원숭이 삼 형제는 여기저기 샅샅이 살폈어. 그리고 잠시 후, “찾았다, 숫자 1이야!” “나는 숫자 2!”",
      "srcPage": 4,
      "srcSentenceEA": 4,
      "srcWordEA": 16
    },
    {
      "srcTextID": "21221",
      "srcText": "“와삭바삭 쿠키를 먹어 버리면, 쿠키가 없으니 0!” “웽웽, 다리에 붙어 있던 파리가 날아가 버리면, 파리가 없으니 0!” “동글동글 비눗방울이 퐁 터져 버리면, 비눗방울이 없으니 0!”",
      "srcPage": 12,
      "srcSentenceEA": 3,
      "srcWordEA": 25
    },
    {
      "srcTextID": "21214",
      "srcText": "첫째와 둘째는 신이 났어. 그런데 셋째는 고개를 갸웃갸웃! “내 상자에는 동그라미가 있어. 꼭 도넛같이 생겼네! 그럼 동글동글 도넛을 주나?”",
      "srcPage": 5,
      "srcSentenceEA": 5,
      "srcWordEA": 22
    },
    {
      "srcTextID": "21215",
      "srcText": "“저는 도넛 닮은 동그라미가 나왔어요.” 셋째의 말에 판다 아저씨가 웃으며 말했어. “오, 특별한 숫자를 찾았구나! 이건 도넛도 아니고, 동그라미도 아니야. 바로 ‘0’이라는 숫자란다.”",
      "srcPage": 7,
      "srcSentenceEA": 6,
      "srcWordEA": 27
    },
    {
      "srcTextID": "21227",
      "srcText": "“1 뒤에 0이 붙으면 10! 와삭바삭 쿠키가 10개야!” “우아, 신난다.” “0이 하나 더 있으면 어떻게 될까? 10 뒤에 0이 붙으면 100!”",
      "srcPage": 16,
      "srcSentenceEA": 5,
      "srcWordEA": 23
    },
    {
      "srcTextID": "21226",
      "srcText": "“저는 1을 고를래요. 그리고 0을 하나 더 골라도 돼요?” 판다 아저씨는 고개를 끄덕였어.",
      "srcPage": 15,
      "srcSentenceEA": 3,
      "srcWordEA": 15
    },
    {
      "srcTextID": "21225",
      "srcText": "“0을 찾았으니, 다른 숫자를 고르렴.” 판다 아저씨는 숫자를 좌르르 펼쳤어. 셋째는 잔뜩 신이 났지.",
      "srcPage": 14,
      "srcSentenceEA": 3,
      "srcWordEA": 16
    },
    {
      "srcTextID": "21228",
      "srcText": "“와삭바삭 쿠키가 100개란다!” 판다 아저씨가 웃으며 말했어. “와, 쿠키가 100개요?”",
      "srcPage": 17,
      "srcSentenceEA": 3,
      "srcWordEA": 11
    },
    {
      "srcTextID": "21229",
      "srcText": "셋째는 쿠키를 100개나 받았어. 원숭이 삼 형제는 놀이공원에 놀러 온 모든 친구들과 쿠키를 나누어 먹었지. 와삭, 바삭, 바사삭! 놀이공원은 행복한 소리로 가득 찼어.",
      "srcPage": 18,
      "srcSentenceEA": 4,
      "srcWordEA": 26
    },
    {
      "srcTextID": "21210",
      "srcText": "원숭이 삼 형제가 놀이공원에 왔어. “와삭바삭 쿠키 먹을 친구는 빨리 오세요!” “와, 맛있겠다!” 판다 아저씨의 말에 원숭이 삼 형제는 쪼르르 뛰어갔어.",
      "srcPage": 1,
      "srcSentenceEA": 4,
      "srcWordEA": 22
    },
    {
      "srcTextID": "21211",
      "srcText": "“얘들아, 숲에서 보물 상자를 찾아오렴. 상자 속에 있는 숫자만큼 와삭바삭 쿠키를 줄게.” “숫자만큼이요?” “응, 숫자가 나타내는 수만큼.”",
      "srcPage": 2,
      "srcSentenceEA": 3,
      "srcWordEA": 18
    },
    {
      "srcTextID": "21216",
      "srcText": "원숭이 삼 형제는 숫자를 들고 판다 아저씨에게 갔어. “판다 아저씨, 숫자 1과 숫자 2가 나왔어요!” “그래. 숫자 1은 와삭바삭 쿠키 1개, 숫자 2는 와삭바삭 쿠키 2개를 주마.”",
      "srcPage": 6,
      "srcSentenceEA": 3,
      "srcWordEA": 28
    },
    {
      "srcTextID": "21222",
      "srcText": "“그런데 얘들아, 0은 특별한 숫자라고 했지? 0은 혼자 있으면 아무것도 없다는 뜻이지만, 다른 숫자와 함께 있으면 완전히 달라진단다.” “0이 어떻게 변신하는지 보여 줄게.",
      "srcPage": 13,
      "srcSentenceEA": 3,
      "srcWordEA": 24
    },
    {
      "srcTextID": "21220",
      "srcText": "첫째는 숫자 1과 바꾼 쿠키 1개를 금방 먹어 버렸어. “냠냠, 맛있다. 내 쿠키가 없어졌으니 0이네.” “맞아.” “나도 와삭바삭 쿠키 먹고 싶은데.”",
      "srcPage": 10,
      "srcSentenceEA": 4,
      "srcWordEA": 22
    },
    {
      "srcTextID": "21217",
      "srcText": "“0은 쿠키가 몇 개인데요?” “여기 와삭바삭 쿠키가 1개 있어. 내가 이 쿠키를 꿀꺽 먹으면 어떻게 될까?”",
      "srcPage": 8,
      "srcSentenceEA": 3,
      "srcWordEA": 17
    },
    {
      "srcTextID": "21218",
      "srcText": "“쿠키가 없어져 버려요.” “맞아. 없어져서 아무것도 없지? 그게 바로 0이야.”",
      "srcPage": 9,
      "srcSentenceEA": 3,
      "srcWordEA": 12
    },
    {
      "srcTextID": "21219",
      "srcText": "셋째가 울먹이자 둘째가 숫자 2와 바꾼 쿠키 2개 중 1개를 나누어 주었어. 둘째와 셋째도 사이좋게 쿠키를 다 먹고 외쳤어. “쿠키를 다 먹어서 아무것도 없으니 0!”",
      "srcPage": 11,
      "srcSentenceEA": 3,
      "srcWordEA": 26
    }
  ]
}