{
  "title": "우타타 섬의 보물",
  "author": "김유리",
  "illustrator": "조현숙",
  "isbn": "9791157595341",
  "readAge": "초등_저학년",
  "publishedYear": 2016,
  "publisher": "아람북스",
  "classification": "자연탐구",
  "paragraphInfoCount": 21,
  "paragraphInfo": [
    {
      "srcTextID": "21500",
      "srcText": "조이는 먼저 두 종류의 알을 각각 10개씩 묶었어. 손가락 개수만큼 10개씩 묶으면 세기에 편했으니까. 두 종류의 알이 똑같이 1묶음씩이었지.",
      "srcPage": 8,
      "srcSentenceEA": 3,
      "srcWordEA": 21
    },
    {
      "srcTextID": "21503",
      "srcText": "그러자 물떼새가 날아와 종이 한 장을 떨어뜨렸어. 그 종이에는 또 다른 문제가 적혀 있었지. '작은 물고기와 큰 물고기의 수를 더하면 몇 마리인가? 더한 수만큼 언덕의 계단으로 올라가라.'",
      "srcPage": 10,
      "srcSentenceEA": 4,
      "srcWordEA": 29
    },
    {
      "srcTextID": "21502",
      "srcText": "“두 번째 장소는 호수다! 당장 호수로 가자!” 해적 선장이 말했어. 호숫가 배에는 갓 잡아 올린 물고기들이 팔딱이고 있었지.",
      "srcPage": 11,
      "srcSentenceEA": 4,
      "srcWordEA": 21
    },
    {
      "srcTextID": "21506",
      "srcText": "조이가 외치자, 모두 헐레벌떡 언덕으로 향했어. “뭐 이리 갈림길이 많아?” “20번째 계단까지만 올라가면 돼요.” 조이의 말처럼, 20번째 계단에 또 다른 계단이 연결되어 있었어.",
      "srcPage": 13,
      "srcSentenceEA": 4,
      "srcWordEA": 24
    },
    {
      "srcTextID": "21508",
      "srcText": "조이는 초록색 열매와 빨간색 열매를 따서 재빨리 세었어. “이번에도 10개씩 묶어 보면, 초록색 열매는 1묶음에 나머지가 1이니까 11개, 빨간색 열매는 1묶음에 나머지가 4니까 14개! 묶음은 묶음끼리, 나머지는 나머지끼리 더하면 2묶음에 나머지가 5, 모두 25개예요.”",
      "srcPage": 16,
      "srcSentenceEA": 3,
      "srcWordEA": 35
    },
    {
      "srcTextID": "21511",
      "srcText": "그때 숲속에서 우타타 사람들이 달려 나왔지. 해적들과 재키는 너무 놀라 나무 뒤로 숨었어. “세 문제를 모두 풀었으니 지혜로운 왕이 될 만하오. 제발 우리의 왕이 되어 주시오.”",
      "srcPage": 19,
      "srcSentenceEA": 4,
      "srcWordEA": 28
    },
    {
      "srcTextID": "21491",
      "srcText": "둘은 해변에 놀러 갔다가 근사한 배 한 척을 발견했지. 조이와 재키는 배에 올라 선장실을 기웃거렸어. 그런데 말소리가 들려서 후다닥 숨었지.",
      "srcPage": 2,
      "srcSentenceEA": 3,
      "srcWordEA": 22
    },
    {
      "srcTextID": "21490",
      "srcText": "“문제를 풀 사람이 아무도 없어? 이거 해적 체면이 서질 않는군. 이 종이에 적힌 문제를 풀어야 우타타 섬의 보물을 차지할 텐데...” 해적 선장이 한숨을 쉬었어.",
      "srcPage": 3,
      "srcSentenceEA": 4,
      "srcWordEA": 27
    },
    {
      "srcTextID": "21492",
      "srcText": "“에, 에, 에취!” 그런데 하필 재키가 재채기를 해서 둘은 꼼짝없이 잡혀 버렸대. “제발 돌려보내 줘요!” 재키가 울면서 부탁하자 선장이 말했어. “좋아, 종이에 적힌 문제를 해결하면 당장 풀어 주지.”",
      "srcPage": 4,
      "srcSentenceEA": 5,
      "srcWordEA": 30
    },
    {
      "srcTextID": "21495",
      "srcText": "이렇게 해서 조이와 재키는 해적들과 우타타 섬으로 가게 됐대. 우타타 섬에 도착하자, 선장은 문제가 적힌 종이를 내밀었어. “만약 문제를 못 풀면 섬에 버리고 갈 줄 알아!”",
      "srcPage": 5,
      "srcSentenceEA": 3,
      "srcWordEA": 27
    },
    {
      "srcTextID": "21493",
      "srcText": "'이 섬에 있는 물떼새 알과 바다제비 알 중 어떤 알이 더 많은가? 알이 더 많은 새의 이름을 큰 소리로 불러라!' 조이는 곰곰 생각하더니, 해적들을 시켜 알을 모아 오게 했어.",
      "srcPage": 6,
      "srcSentenceEA": 3,
      "srcWordEA": 31
    },
    {
      "srcTextID": "21494",
      "srcText": "“물떼새알이 13개. 바다제비알이 12개예요. 어떤 알이 더 많은지 알 것 같아요!” 조이가 소리쳤어.",
      "srcPage": 7,
      "srcSentenceEA": 4,
      "srcWordEA": 16
    },
    {
      "srcTextID": "21499",
      "srcText": "“이제 나머지 알만 비교하면 돼요. 물떼새알의 나머지는 3개, 바다제비알의 나머지는 2개! 그러니까 물떼새알이 바다제비알보다 1개 더 많아요.” 조이가 문제를 풀자, 선장이 큰 소리로 외쳤어. “물떼새야!”",
      "srcPage": 9,
      "srcSentenceEA": 4,
      "srcWordEA": 28
    },
    {
      "srcTextID": "21504",
      "srcText": "조이는 종이에 적힌 대로 문제를 풀기 시작했어. “이것도 10개씩 묶어 보면 돼요. 작은 물고기는 1묶음에 나머지가 0이니까 10마리, 큰 물고기도 1묶음에 나머지가 0이니까 10마리! 묶음은 묶음끼리, 나머지는 나머지끼리 더하면 2묶음에 나머지가 0, 모두 20마리예요.”",
      "srcPage": 12,
      "srcSentenceEA": 4,
      "srcWordEA": 36
    },
    {
      "srcTextID": "21489",
      "srcText": "이건 비밀인데 말이야. 조이와 재키는 해적을 만났었대. 못 믿겠다고? 들어 보면 믿지 않고는 못 배길 거야.",
      "srcPage": 1,
      "srcSentenceEA": 4,
      "srcWordEA": 19
    },
    {
      "srcTextID": "21509",
      "srcText": "조이는 세 번째 문제도 쉽게 풀었어. 조이는 25번 구멍에 열쇠를 넣었어. 찰칵, 하고 보물 상자가 열렸지.",
      "srcPage": 17,
      "srcSentenceEA": 3,
      "srcWordEA": 18
    },
    {
      "srcTextID": "21505",
      "srcText": "그 계단으로 올라가니 아름다운 정원과 나무들이 나타났지. 그리고 떡하니 보물 상자가 놓여 있지 뭐야. 보물 상자 앞에는 문제가 적힌 종이가 있었어.",
      "srcPage": 14,
      "srcSentenceEA": 3,
      "srcWordEA": 23
    },
    {
      "srcTextID": "21507",
      "srcText": "'정원에 있는 초록색 열매와 빨간색 열매를 모두 더하면 몇 개인가?' 더한 숫자가 적힌 구멍에 열쇠를 꽂아라! (단, 열쇠를 잘못 꽂으면 영원히 열 수 없다.",
      "srcPage": 15,
      "srcSentenceEA": 3,
      "srcWordEA": 26
    },
    {
      "srcTextID": "21510",
      "srcText": "해적들은 잔뜩 기대에 차서 들여다보았어. “애걔, 이게 뭐야?” 보물 상자에는 상어 이빨로 만든 목걸이가 들어 있을 뿐이었어.",
      "srcPage": 18,
      "srcSentenceEA": 3,
      "srcWordEA": 18
    },
    {
      "srcTextID": "21513",
      "srcText": "우타타 사람들 가운데 한 명이 나서서 조이에게 말했어. 우타타 사람들은 지혜로운 왕을 찾으려고 보물 상자를 놓아두었던 거야. 하지만 조이는 집으로 돌아가야 했기 때문에 우타타 섬의 왕이 될 수는 없었어.",
      "srcPage": 20,
      "srcSentenceEA": 3,
      "srcWordEA": 31
    },
    {
      "srcTextID": "21512",
      "srcText": "우타타 사람들은 무척 실망했지만, 조이와 재키를 무사히 집으로 돌려보내 주었대. 해적들은 몰래 보물을 훔치려다가 우타타 사람들에게 혼이 났지. 그래서 멀리멀리 도망쳐 버렸다지 뭐야.",
      "srcPage": 21,
      "srcSentenceEA": 3,
      "srcWordEA": 25
    }
  ]
}