{
  "title": "안전하게 씽씽",
  "author": "유일",
  "illustrator": "오원소",
  "isbn": "9788968735950",
  "publishedYear": 2018,
  "publisher": "키움북스",
  "paragraphInfoCount": 17,
  "paragraphInfo": [
    {
      "srcTextID": "43280",
      "srcText": "승현이와 재현이는 작지만 안전하게 탈 수 있는 윗동네가 그리웠습니다. “차라리 윗동네가 더 나았던 것 같아.” “그렇지? 여기는 너무 복잡해서 못 타겠어.” 넓은 트랙을 찾는 대신 집으로 돌아가기로 했습니다.",
      "srcPage": 13,
      "srcSentenceEA": 4,
      "srcWordEA": 30,
      "character": "승현,재현,트랙,집",
      "setting": "윗동네",
      "action": "못 타겠어,돌아가기로",
      "feeling": "그리웠습니다",
      "causalRelationship": "넓은 트랙을 찾는 대신 집으로 돌아가기로 했습니다.",
      "outcomeResolution": null,
      "prediction": null,
      "plotSummaryInfoCount": 1,
      "plotSummaryInfo": {
        "classification": "신체운동_건강",
        "readAge": "유아",
        "form": "long-form",
        "plotSummaryText": "승현이와 재현이는 작지만 안전하게 탈 수 있는 윗동네가 그리워져서 넓은 트랙을 찾는 대신 집으로 돌아가기로 했습니다.",
        "textWordEA": 16
      }
    },
    {
      "srcTextID": "43284",
      "srcText": "열심히 인라인스케이트와 킥보드를 타다 보니 승현이와 재현이는 너무 지쳐 녹초가 되었어요. 어느새 뉘엿뉘엿 해가 지고 어두워질 무렵이 되었습니다. “어어, 앞이 어두워서 잘 안 보여.” “넘어지지 않게 조심해서 걷자.” 둘에게는 아주 익숙한 집 앞이지만 바닥이 어두우니 조심조심 걸었습니다.",
      "srcPage": 16,
      "srcSentenceEA": 5,
      "srcWordEA": 39,
      "character": "인라인스케이트,킥보드,승현,재현,해,바닥",
      "setting": "어두워질 무렵,집 앞",
      "action": "타다 보니,녹초가 되었어요,잘 안 보여,걷자,걸었습니다",
      "feeling": null,
      "causalRelationship": null,
      "outcomeResolution": null,
      "prediction": null,
      "plotSummaryInfoCount": 1,
      "plotSummaryInfo": {
        "classification": "신체운동_건강",
        "readAge": "유아",
        "form": "long-form",
        "plotSummaryText": "해가 지고 어두워질 무렵, 승현이와 재현이는 아주 익숙한 집 앞이지만 넘어지지 않게 조심조심 걸었습니다.",
        "textWordEA": 14
      }
    },
    {
      "srcTextID": "43279",
      "srcText": "“끼이익” “조심해!” 인라인스케이트를 타고 달려오는 승현이를 보고 자동차가 급정거했습니다. 승현이는 자동차와 부딪히기 전에 가까스로 멈추었습니다. 재현이도 킥보드를 늦지 않게 멈출 수 있었습니다. 지나가다가 이 모습을 본 아주머니와 꼬마가 ‘휴’ 하고 안도의 한숨을 쉬었습니다.",
      "srcPage": 11,
      "srcSentenceEA": 5,
      "srcWordEA": 38,
      "character": "인라인스케이트,승현,자동차,재현,킥보드,아주머니,꼬마",
      "setting": null,
      "action": "타고 달려오는,멈추었습니다,멈출 수 있었습니다",
      "feeling": "안도의 한숨을 쉬었습니다",
      "causalRelationship": null,
      "outcomeResolution": null,
      "prediction": null,
      "plotSummaryInfoCount": 1,
      "plotSummaryInfo": {
        "classification": "신체운동_건강",
        "readAge": "유아",
        "form": "long-form",
        "plotSummaryText": "인라인스케이트를 타고 달려오는 승현이를 보고 자동차가 급정거했고, 승현이와 재현이도 자동차와 부딪히기 전에 가까스로 멈추었습니다.",
        "textWordEA": 14
      }
    },
    {
      "srcTextID": "43281",
      "srcText": "힘들게 아랫동네까지 내려왔습니다. 그런데 넓은 트랙이 어디에 있는지 찾을 수가 없었습니다. 아랫동네에는 차도 많고 사람도 많고 길도 너무 복잡했어요.",
      "srcPage": 12,
      "srcSentenceEA": 3,
      "srcWordEA": 21,
      "character": "트랙,차,사람",
      "setting": "아랫동네,길",
      "action": "내려왔습니다,찾을 수가 없었습니다",
      "feeling": "힘들게",
      "causalRelationship": null,
      "outcomeResolution": null,
      "prediction": null,
      "plotSummaryInfoCount": 1,
      "plotSummaryInfo": {
        "classification": "신체운동_건강",
        "readAge": "유아",
        "form": "short-form",
        "plotSummaryText": "힘들게 아랫동네까지 내려왔지만 넓은 트랙이 어디에 있는지 찾을 수가 없었습니다.",
        "textWordEA": 10
      }
    },
    {
      "srcTextID": "43283",
      "srcText": "“천천히 가자.” “응 다리도 아파.” 집으로 돌아가는 길은 내려갈 때보다 힘이 들었습니다. 앗, 저기 빵집이 보이네요? 승현이와 재현이는 힘을 내기 위해 달콤한 빵을 사 먹었어요.",
      "srcPage": 14,
      "srcSentenceEA": 5,
      "srcWordEA": 28,
      "character": "다리,집,길,빵집,승현,재현,빵",
      "setting": null,
      "action": "가자,아파,돌아가는,보이네요,사 먹었어요",
      "feeling": null,
      "causalRelationship": null,
      "outcomeResolution": null,
      "prediction": null,
      "plotSummaryInfoCount": 1,
      "plotSummaryInfo": {
        "classification": "신체운동_건강",
        "readAge": "유아",
        "form": "long-form",
        "plotSummaryText": "집으로 돌아가는 길이 내려갈 때보다 힘이 들었던 승현이와 재현이는 힘을 내기 위해 달콤한 빵을 사 먹었어요.",
        "textWordEA": 16
      }
    },
    {
      "srcTextID": "43285",
      "srcText": "그날 밤 승현이와 재현이는 너무나 고단해서 저녁을 먹기가 무섭게 잠이 들어버렸어요. 꿈속에서 승현이는 인라인스케이트를 신고 재현이는 킥보드를 타고 우주 저 멀리까지 신나게 달렸습니다. 우주의 트랙에는 갑자기 달려 나오는 자동차도 없고 붐비는 사람들도 없었습니다. 잠자는 둘의 얼굴 위에 즐거운 웃음꽃이 피었습니다.",
      "srcPage": 17,
      "srcSentenceEA": 4,
      "srcWordEA": 43,
      "character": "승현,재현,인라인스케이트,킥보드,우주,트랙,자동차,사람들",
      "setting": "그날 밤",
      "action": "잠이 들어버렸어요,신고,타고,달렸습니다,달려 나오는,없었습니다",
      "feeling": "고단해서,신나게,즐거운",
      "causalRelationship": null,
      "outcomeResolution": "잠자는 둘의 얼굴 위에 즐거운 웃음꽃이 피었습니다.",
      "prediction": null,
      "plotSummaryInfoCount": 1,
      "plotSummaryInfo": {
        "classification": "신체운동_건강",
        "readAge": "유아",
        "form": "long-form",
        "plotSummaryText": "그날 밤 승현이와 재현이는 갑자기 달려 나오는 자동차도 없고, 붐비는 사람들도 없는 우주의 트랙을 신나게 달리는 꿈을 꾸었습니다.",
        "textWordEA": 18
      }
    },
    {
      "srcTextID": "43269",
      "srcText": "“오늘도 경주할까?” “좋아, 내가 이길 거야!” 언덕 윗동네에 사이좋은 쌍둥이 형제 승현이와 재현이가 살았습니다. 둘이는 작은 트랙에서 매일매일 인라인스케이트와 킥보드를 타고 놀았습니다. 승현이와 재현이는 오늘도 트랙에 나와 인라인스케이트와 킥보드를 탈 준비를 합니다.",
      "srcPage": 1,
      "srcSentenceEA": 5,
      "srcWordEA": 35,
      "character": "승현,재현,트랙,인라인스케이트,킥보드",
      "setting": "오늘,언덕 윗동네,매일매일",
      "action": "경주할까,살았습니다,놀았습니다,나와,탈 준비를 합니다",
      "feeling": null,
      "causalRelationship": null,
      "outcomeResolution": null,
      "prediction": null,
      "plotSummaryInfoCount": 1,
      "plotSummaryInfo": {
        "classification": "신체운동_건강",
        "readAge": "유아",
        "form": "long-form",
        "plotSummaryText": "언덕 윗동네에 사는 쌍둥이 형제 승현이와 재현이는 오늘도 트랙에 나와 인라인스케이트와 킥보드를 탈 준비를 합니다.",
        "textWordEA": 15
      }
    },
    {
      "srcTextID": "43270",
      "srcText": "“비켜 비켜!” “너무 좁아서 속도가 안 나!” 승현이와 재현이는 더 빨리, 더 신나게 달려보고 싶은데 트랙이 너무 작아서 속도를 충분히 낼 수 없었습니다. 그리고 아이들도 너무 많아서 피해 다니기 바빴어요. “아랫동네에 가보자. 거기 근사한 트랙이 있대.” “와 정말? 그럼 친구들이랑 형들도 많겠다!”",
      "srcPage": 2,
      "srcSentenceEA": 8,
      "srcWordEA": 46,
      "character": "승현,재현,트랙,아이,친구들,형들",
      "setting": "아랫동네",
      "action": "달려보고,피해 다니기 바빴어요,가보자",
      "feeling": null,
      "causalRelationship": null,
      "outcomeResolution": null,
      "prediction": "아랫동네에 가보자. 거기 근사한 트랙이 있대.",
      "plotSummaryInfoCount": 1,
      "plotSummaryInfo": {
        "classification": "신체운동_건강",
        "readAge": "유아",
        "form": "long-form",
        "plotSummaryText": "트랙이 너무 작고 아이들도 많아서 속도를 충분히 낼 수 없었던 승현이와 재현이는 아랫동네에 있는 근사한 트랙에 가보기로 했어요.",
        "textWordEA": 18
      }
    },
    {
      "srcTextID": "43274",
      "srcText": "골목을 벗어나서 계단을 만났습니다. 한 번 넘어지고 난 뒤라 겁이 와락 났어요. 계단이 높아서 넘어지면 크게 다칠 것 같았거든요.",
      "srcPage": 5,
      "srcSentenceEA": 3,
      "srcWordEA": 21,
      "character": "계단",
      "setting": "골목",
      "action": "넘어지고,넘어지면",
      "feeling": "겁이 와락 났어요",
      "causalRelationship": "계단이 높아서 넘어지면 크게 다칠 것 같았거든요.",
      "outcomeResolution": null,
      "prediction": null,
      "plotSummaryInfoCount": 1,
      "plotSummaryInfo": {
        "classification": "신체운동_건강",
        "readAge": "유아",
        "form": "short-form",
        "plotSummaryText": "골목을 벗어나 높은 계단을 만나자, 넘어지면 크게 다칠 것 같아 겁이 와락 났어요.",
        "textWordEA": 13
      }
    },
    {
      "srcTextID": "43277",
      "srcText": "내리막길이 거의 끝날 무렵이었어요. 옆 골목에서 노란색 자동차가 한 대 나오는 것이 보였습니다. 신나게 달리던 승현이와 재현이는 깜짝 놀랐어요.",
      "srcPage": 8,
      "srcSentenceEA": 3,
      "srcWordEA": 21,
      "character": "골목,자동차,승현,재현",
      "setting": "내리막길",
      "action": "보였습니다,달리던",
      "feeling": "신나게,깜짝 놀랐어요",
      "causalRelationship": null,
      "outcomeResolution": null,
      "prediction": null,
      "plotSummaryInfoCount": 1,
      "plotSummaryInfo": {
        "classification": "신체운동_건강",
        "readAge": "유아",
        "form": "short-form",
        "plotSummaryText": "내리막길이 끝날 무렵, 옆 골목에서 노란색 자동차 한 대가 나오는 것을 본 승현이와 재현이는 깜짝 놀랐어요.",
        "textWordEA": 16
      }
    },
    {
      "srcTextID": "43273",
      "srcText": "“나 이거 벗고 천천히 내려갈래.” “그러면 나도 킥보드 들고 가야지.” 승현이는 인라인스케이트를 벗고 계단을 내려갔습니다. 재현이는 킥보드를 들고 조심해서 내려갔습니다. 덕분에 한 번도 넘어지지 않고 무사히 계단을 내려올 수 있었어요.",
      "srcPage": 6,
      "srcSentenceEA": 5,
      "srcWordEA": 33,
      "character": "승현,재현,킥보드,인라인스케이트",
      "setting": "계단",
      "action": "벗고,내려갈래,가야지,내려갔습니다,넘어지지 않고,내려올 수 있었어요",
      "feeling": null,
      "causalRelationship": "킥보드를 들고 조심해서 내려갔습니다. 덕분에 한 번도 넘어지지 않고 무사히 계단을 내려올 수 있었어요.",
      "outcomeResolution": null,
      "prediction": null,
      "plotSummaryInfoCount": 1,
      "plotSummaryInfo": {
        "classification": "신체운동_건강",
        "readAge": "유아",
        "form": "long-form",
        "plotSummaryText": "승현이는 인라인스케이트를 벗고, 재현이는 킥보드를 들고 간 덕분에 한 번도 넘어지지 않고 무사히 계단을 내려올 수 있었어요.",
        "textWordEA": 17
      }
    },
    {
      "srcTextID": "43275",
      "srcText": "“우와! 저절로 내려간다!” “날아가는 것 같아!” 계단이 끝나자 아스팔트가 깔린 길이 나왔습니다. 이전까지 탔던 곳과 다르게 길이 매끄러운데다가 내리막길이라 조금만 달려도 속도가 막 났어요. 승현이와 재현이는 신나게 달렸습니다. 부드럽게 굴러가는 바퀴도 만족스러웠어요. “달린다, 달려!”",
      "srcPage": 7,
      "srcSentenceEA": 7,
      "srcWordEA": 39,
      "character": "계단,승현,재현,바퀴",
      "setting": "아스팔트가 깔린 길",
      "action": "내려간다,달렸습니다,달린다,달려",
      "feeling": "신나게",
      "causalRelationship": null,
      "outcomeResolution": null,
      "prediction": null,
      "plotSummaryInfoCount": 1,
      "plotSummaryInfo": {
        "classification": "신체운동_건강",
        "readAge": "유아",
        "form": "long-form",
        "plotSummaryText": "계단이 끝나자 아스팔트가 깔린 길이 나왔고 승현이와 재현이는 신나게 달렸습니다.",
        "textWordEA": 10
      }
    },
    {
      "srcTextID": "43271",
      "srcText": "어느 날 둘은 처음으로 넓은 트랙이 있는 아랫동네에 내려가 보기로 했습니다. 인라인스케이트와 킥보드를 타고 아랫동네를 탐험하기로 한 것입니다. 아랫동네에는 키도 크고 멋있게 잘 타는 형들도 많을 테죠? 둘은 두근거리는 마음으로 그곳으로 향했어요. 승현이와 재현이는 과연 무사히 다녀올 수 있을까요?",
      "srcPage": 3,
      "srcSentenceEA": 5,
      "srcWordEA": 43,
      "character": "트랙,인라인스케이트,킥보드,형들,승현이,재현이",
      "setting": "어느 날,아랫동네,그곳",
      "action": "내려가 보기로,타고,탐험하기로,향했어요",
      "feeling": "두근거리는",
      "causalRelationship": null,
      "outcomeResolution": null,
      "prediction": "승현이와 재현이는 과연 무사히 다녀올 수 있을까요?",
      "plotSummaryInfoCount": 1,
      "plotSummaryInfo": {
        "classification": "신체운동_건강",
        "readAge": "유아",
        "form": "long-form",
        "plotSummaryText": "어느 날 승현이와 재현이는 인라인스케이트와 킥보드를 타고 처음으로 넓은 트랙이 있는 아랫동네를 탐험하기로 했어요.",
        "textWordEA": 14
      }
    },
    {
      "srcTextID": "43276",
      "srcText": "“저기 자동차가 오는 것 같아! 속도를 늦추지 않으면 부딪히겠어!” “으악! 얼른 속도를 줄여!” 그런데 이미 멈추기에는 속도가 너무 빨라요.",
      "srcPage": 9,
      "srcSentenceEA": 4,
      "srcWordEA": 22,
      "character": "자동차",
      "setting": null,
      "action": "줄여,멈추기에는,빨라요",
      "feeling": null,
      "causalRelationship": "저기 자동차가 오는 것 같아! 속도를 늦추지 않으면 부딪히겠어!",
      "outcomeResolution": null,
      "prediction": "그런데 이미 멈추기에는 속도가 너무 빨라요.",
      "plotSummaryInfoCount": 1,
      "plotSummaryInfo": {
        "classification": "신체운동_건강",
        "readAge": "유아",
        "form": "long-form",
        "plotSummaryText": "자동차를 보고 속도를 늦추지 않으면 부딪히겠다고 말했지만 이미 멈추기에는 속도가 너무 빨라요.",
        "textWordEA": 12
      }
    },
    {
      "srcTextID": "43278",
      "srcText": "앗! 어떡하죠? 너무 위험한 상황이에요, 큰일 나겠어요! 킥보드와 인라인스케이트는 빠른 정지가 쉽지 않아서 더욱 걱정입니다. 승현이와 재현이가 다치지 않아야 할 텐데요. 사고가 날까 봐 이마에서는 식은땀이 삐죽 났어요.",
      "srcPage": 10,
      "srcSentenceEA": 5,
      "srcWordEA": 33,
      "character": "킥보드,인라인스케이트,승현,재현,이마,식은땀",
      "setting": null,
      "action": "다치지 않아야,삐죽 났어요",
      "feeling": "걱정",
      "causalRelationship": null,
      "outcomeResolution": null,
      "prediction": null,
      "plotSummaryInfoCount": 1,
      "plotSummaryInfo": {
        "classification": "신체운동_건강",
        "readAge": "유아",
        "form": "long-form",
        "plotSummaryText": "킥보드와 인라인스케이트는 빠른 정지가 쉽지 않아서 사고가 날까 봐 이마에서는 식은땀이 삐죽 났어요.",
        "textWordEA": 13
      }
    },
    {
      "srcTextID": "43282",
      "srcText": "“아 맛있다. 이제 힘이 나는 것 같아.” “응, 나도 기운이 나는 것 같아! 그럼 이제 올라가 볼까?” 그리고 영차영차 힘을 내서 오르막길을 올라갔습니다.",
      "srcPage": 15,
      "srcSentenceEA": 5,
      "srcWordEA": 26,
      "character": "오르막길",
      "setting": null,
      "action": "올라가 볼까,힘을 내서,올라갔습니다",
      "feeling": null,
      "causalRelationship": null,
      "outcomeResolution": "그리고 영차영차 힘을 내서 오르막길을 올라갔습니다.",
      "prediction": null,
      "plotSummaryInfoCount": 1,
      "plotSummaryInfo": {
        "classification": "신체운동_건강",
        "readAge": "유아",
        "form": "long-form",
        "plotSummaryText": "이제 기운이 나는 거 같다며, 영차영차 힘을 내서 오르막길을 올라갔습니다.",
        "textWordEA": 10
      }
    },
    {
      "srcTextID": "43272",
      "srcText": "승현이와 재현이는 늘 타던 작은 트랙을 빠져나와 주택가 골목을 달렸습니다. “어어어 꽈당!” “아이쿠야!” 얼마 못 가서 바닥에 깔린 모래에 미끄러지고 돌부리에 걸려서 넘어졌습니다. 제법 요란하게 넘어졌지만 모두 보호장구를 착용하고 있었기에 다치지는 않았습니다. 정말 다행이지요?",
      "srcPage": 4,
      "srcSentenceEA": 5,
      "srcWordEA": 37,
      "character": "승현,재현,트랙,바닥,모래,돌부리,보호장구",
      "setting": "주택가 골목",
      "action": "달렸습니다,미끄러지고,걸려서 넘어졌습니다,착용하고",
      "feeling": null,
      "causalRelationship": null,
      "outcomeResolution": null,
      "prediction": null,
      "plotSummaryInfoCount": 1,
      "plotSummaryInfo": {
        "classification": "신체운동_건강",
        "readAge": "유아",
        "form": "long-form",
        "plotSummaryText": "주택가 골목을 달리던 승현이와 재현이는 바닥에 깔린 모래에 미끄러지고 돌부리에 걸려서 넘어졌지만, 모두 보호장구를 착용하고 있어서 다치지는 않았습니다.",
        "textWordEA": 18
      }
    }
  ]
}