{
  "title": "아영이 팬티는 노랑 팬티래",
  "author": "키움북스 편집부",
  "illustrator": "서영주",
  "isbn": "9788968736360",
  "publishedYear": 2019,
  "publisher": "키움북스",
  "paragraphInfoCount": 31,
  "paragraphInfo": [
    {
      "srcTextID": "108624",
      "srcText": "“남자가 울어도 창피한 게 아니에요?” 석후가 물었어. “그럼, 창피한 일이 아니고 말고. “여자가 힘세고 싸움 잘하는 건?” 아영이가 물었어.",
      "srcPage": 17,
      "srcSentenceEA": 5,
      "srcWordEA": 21,
      "character": "남자,석후,여자,아영이",
      "setting": null,
      "action": "울어도,물었어,싸움 잘하는",
      "feeling": "창피한",
      "causalRelationship": null,
      "outcomeResolution": null,
      "prediction": null,
      "plotSummaryInfoCount": 1,
      "plotSummaryInfo": {
        "classification": "신체운동_건강",
        "readAge": "유아",
        "form": "long-form",
        "plotSummaryText": "남자가 울어도, 여자가 힘세고 싸움 잘하는 것도 창피한 일이 아니냐고 묻자 창피한 일이 아니라고 대답하셨어요.",
        "textWordEA": 15
      }
    },
    {
      "srcTextID": "108625",
      "srcText": "“힘센 것이 창피한 건 아니지만 싸움은 나쁜 거지. 싸움하는 건 남자나 여자나 잘못하는 거야.” 아영이 엄마가 대답하셨어.",
      "srcPage": 18,
      "srcSentenceEA": 3,
      "srcWordEA": 19,
      "character": "남자,여자,아영이 엄마",
      "setting": null,
      "action": "대답하셨어,싸움하는",
      "feeling": "창피한",
      "causalRelationship": null,
      "outcomeResolution": null,
      "prediction": null,
      "plotSummaryInfoCount": 1,
      "plotSummaryInfo": {
        "classification": "신체운동_건강",
        "readAge": "유아",
        "form": "short-form",
        "plotSummaryText": "힘센 것이 창피한 건 아니지만 싸움하는 건 남자나 여자나 잘못하는 거라고 아영이 엄마가 대답하셨어요.",
        "textWordEA": 14
      }
    },
    {
      "srcTextID": "108626",
      "srcText": "“친구의 몸을 대상으로 장난치는 것은 좋지 않은 행동이야. 그리고 여자는 이래야 하고, 남자는 저래야 한다고 강요하는 것도 바르지 못한 생각이란다.” “남자와 여자의 몸은 다르게 생겼지만 성격이나 잘하는 일이 성별에 따라 달라지는 건 아니거든.” 아영이 엄마의 설명에 아이들은 고개를 끄덕였어.",
      "srcPage": 19,
      "srcSentenceEA": 4,
      "srcWordEA": 41,
      "character": "친구,몸,여자,남자,아영이 엄마",
      "setting": null,
      "action": "장난치는,끄덕였어",
      "feeling": null,
      "causalRelationship": null,
      "outcomeResolution": null,
      "prediction": null,
      "plotSummaryInfoCount": 1,
      "plotSummaryInfo": {
        "classification": "신체운동_건강",
        "readAge": "유아",
        "form": "long-form",
        "plotSummaryText": "친구의 몸을 대상으로 장난치는 것은 좋지 않은 행동이고 여자는 이래야 하고, 남자는 저래야 한다고 강요하는 것도 바르지 못한 생각이라고 했어요.",
        "textWordEA": 20
      }
    },
    {
      "srcTextID": "108627",
      "srcText": "“아영아, 치마 들쳐서 미안해.” 석후가 사과했어. “나도 바지 벗겨서 미안해.” 아영이도 사과하며 화해했어.",
      "srcPage": 20,
      "srcSentenceEA": 4,
      "srcWordEA": 15,
      "character": "석후,나,아영이,치마,바지",
      "setting": null,
      "action": "들쳐서,벗겨서,사과하며,화해했어",
      "feeling": "미안해",
      "causalRelationship": null,
      "outcomeResolution": null,
      "prediction": null,
      "plotSummaryInfoCount": 1,
      "plotSummaryInfo": {
        "classification": "신체운동_건강",
        "readAge": "유아",
        "form": "long-form",
        "plotSummaryText": "아영이와 석후는 서로 사과하며 화해했어요.",
        "textWordEA": 5
      }
    },
    {
      "srcTextID": "108628",
      "srcText": "아영이 엄마가 잘 했다고 아이스크림을 사주셨어. 친구랑 화해하고 달콤한 아이스크림도 먹고! 아영이와 석후는 사이좋게 어깨동무하며 웃었어.",
      "srcPage": 21,
      "srcSentenceEA": 3,
      "srcWordEA": 18,
      "character": "아영이 엄마,아이스크림,친구,아영이,석후",
      "setting": null,
      "action": "사주셨어,화해하고,먹고,웃었어,어깨동무하며",
      "feeling": null,
      "causalRelationship": null,
      "outcomeResolution": null,
      "prediction": null,
      "plotSummaryInfoCount": 1,
      "plotSummaryInfo": {
        "classification": "신체운동_건강",
        "readAge": "유아",
        "form": "short-form",
        "plotSummaryText": "친구랑 화해하고 아영이와 석후는 사이좋게 어깨동무하며 웃었어요.",
        "textWordEA": 7
      }
    },
    {
      "srcTextID": "108634",
      "srcText": "주변의 어른이 무심코 하는 성차별적인 말에 어린이들은 잘못된 성 역할 고정관념을 가지기 쉽습니다. 다음과 같은 말이 잘못된 생각이라는 것을 자녀에게 알려주세요. 성별로 차별하는 잘못된 말들.",
      "srcPage": 22,
      "srcSentenceEA": 3,
      "srcWordEA": 27,
      "character": "어른,어린이,자녀",
      "setting": null,
      "action": "무심코 하는,알려주세요,차별하는",
      "feeling": null,
      "causalRelationship": null,
      "outcomeResolution": null,
      "prediction": null,
      "plotSummaryInfoCount": 1,
      "plotSummaryInfo": {
        "classification": "신체운동_건강",
        "readAge": "유아",
        "form": "short-form",
        "plotSummaryText": "주변의 어른이 성차별적인 말에 어린이들은 잘못된 성 역할 고정관념을 가지기 쉬우니 성별로 차별하는 말은 잘못된 생각이라는 것을 자녀에게 알려주세요.",
        "textWordEA": 19
      }
    },
    {
      "srcTextID": "108632",
      "srcText": "여자는 얌전하고 다소곳해야 한다. 남자는 용감하고 힘이 넘쳐야 한다. 여자는 분홍색, 남자는 파란색 옷을 입어야 한다.",
      "srcPage": 23,
      "srcSentenceEA": 3,
      "srcWordEA": 18,
      "character": "여자,남자,옷",
      "setting": null,
      "action": "다소곳해야 한다,입어야",
      "feeling": "얌전하고,용감하고",
      "causalRelationship": null,
      "outcomeResolution": null,
      "prediction": null,
      "plotSummaryInfoCount": 1,
      "plotSummaryInfo": {
        "classification": "신체운동_건강",
        "readAge": "유아",
        "form": "short-form",
        "plotSummaryText": "여자는 얌전하고 다소곳해야 하고 남자는 용감하고 힘이 넘쳐야 한다.",
        "textWordEA": 9
      }
    },
    {
      "srcTextID": "108629",
      "srcText": "남자는 사람들 앞에서 함부로 울면 안 된다. 여자는 얼굴만 예쁘면 된다. 남자가 속이 좁으면 안 된다. 여자는 친절해야 한다.",
      "srcPage": 24,
      "srcSentenceEA": 4,
      "srcWordEA": 22,
      "character": "남자,사람들,얼굴",
      "setting": null,
      "action": "울면,친절해야 한다",
      "feeling": null,
      "causalRelationship": null,
      "outcomeResolution": null,
      "prediction": null,
      "plotSummaryInfoCount": 1,
      "plotSummaryInfo": {
        "classification": "신체운동_건강",
        "readAge": "유아",
        "form": "long-form",
        "plotSummaryText": "남자는 함부로 울면 안 되고 여자는 얼굴만 예쁘면 되고 남자는 속이 좁으면 안 되며 여자는 친절해야 한다.",
        "textWordEA": 17
      }
    },
    {
      "srcTextID": "108631",
      "srcText": "속담 속에 나타난 성차별. 남자는 태어나 세 번 운다. (남자는 우는 모습을 보이면 안 된다.)",
      "srcPage": 25,
      "srcSentenceEA": 3,
      "srcWordEA": 18,
      "character": "남자",
      "setting": null,
      "action": "운다,우는,보이면",
      "feeling": null,
      "causalRelationship": null,
      "outcomeResolution": null,
      "prediction": null,
      "plotSummaryInfoCount": 1,
      "plotSummaryInfo": {
        "classification": "신체운동_건강",
        "readAge": "유아",
        "form": "short-form",
        "plotSummaryText": "속담 속에 남자는 태어나 세 번 운다는 속담이 있다.",
        "textWordEA": 9
      }
    },
    {
      "srcTextID": "108630",
      "srcText": "남자는 하늘이요, 여자는 땅이다. (여자보다 남자를 더 높이 생각한다.) 암탉이 울면 집안이 망한다. (여자의 목소리가 크면 집안이 망한다.) 여자 웃음이 담장을 넘어가선 안 된다. (여자는 얌전해야 한다.)",
      "srcPage": 26,
      "srcSentenceEA": 6,
      "srcWordEA": 33,
      "character": "남자,여자,암탉,하늘,땅,집,담장",
      "setting": null,
      "action": "울면,넘어가선 안 된다,망한다",
      "feeling": null,
      "causalRelationship": null,
      "outcomeResolution": null,
      "prediction": null,
      "plotSummaryInfoCount": 1,
      "plotSummaryInfo": {
        "classification": "신체운동_건강",
        "readAge": "유아",
        "form": "long-form",
        "plotSummaryText": "남자는 하늘이요, 여자는 땅이고  암탉이 울면 집안이 망하며 여자 웃음이 담장을 넘어가선 안 된다는 속담이 있다.",
        "textWordEA": 17
      }
    },
    {
      "srcTextID": "108635",
      "srcText": "친구 사이에 지켜야 할 성 예절에 대해 아이의 눈높이에 맞춰 가르쳐 주세요! 다른 사람의 신체 변화나 특징에 대해 이야기 하지 않는다. 다른 사람의 몸에 대해 놀리지 않는다.",
      "srcPage": 27,
      "srcSentenceEA": 3,
      "srcWordEA": 29,
      "character": "친구,아이,몸,사람,신체",
      "setting": null,
      "action": "가르쳐 주세요,이야기 하지 않는다,놀리지,지켜야",
      "feeling": null,
      "causalRelationship": null,
      "outcomeResolution": null,
      "prediction": null,
      "plotSummaryInfoCount": 1,
      "plotSummaryInfo": {
        "classification": "신체운동_건강",
        "readAge": "유아",
        "form": "short-form",
        "plotSummaryText": "친구 사이에 지켜야 할 성 예절에 대해 아이의 눈높이에 맞춰 가르쳐 주며 다른 사람의 신체 변화나 특징이나  몸에 대해 놀리지 않는다.",
        "textWordEA": 22
      }
    },
    {
      "srcTextID": "108633",
      "srcText": "장난으로라도 타인의 몸을 함부로 만지지 않는다. 친한 사이라도 속옷이나 잠옷 차림을 보이는 것은 삼가한다. 신체의 특징으로 별명을 지어 놀리지 않는다. 친구가 싫다고 하는 별명이면, 그 별명으로 부르는 것을 중지하고, 다시 하지 않는다. 싫은 것은 싫다고 하고, 기분이 나쁠 때는 나쁘다고 정확하게 자신의 의사를 정확하게 표현한다.",
      "srcPage": 28,
      "srcSentenceEA": 5,
      "srcWordEA": 49,
      "character": "몸,속옷,잠옷,친구,타인,신체",
      "setting": null,
      "action": "만지지 않는다,보이는,놀리지 않는다,중지하고,싫다고 하고,표현한다",
      "feeling": "기분이 나쁠,싫은",
      "causalRelationship": null,
      "outcomeResolution": null,
      "prediction": null,
      "plotSummaryInfoCount": 1,
      "plotSummaryInfo": {
        "classification": "신체운동_건강",
        "readAge": "유아",
        "form": "long-form",
        "plotSummaryText": "장난으로라도 타인의 몸을 함부로 만지지 않고 친한 사이라도 속옷이나 잠옷 차림을 보이는 것은 삼가며 신체의 특징으로 별명을 지어 놀리지 않고, 기분이 나쁠 때는 나쁘다고 정확하게 자기 의사를 정확하게 표현한다.",
        "textWordEA": 29
      }
    },
    {
      "srcTextID": "108637",
      "srcText": "성차별과 성차이. 남자와 여자가 태어날 때부터 다른 성차이는 당연한 것입니다. 그러나 성별에 따라 이렇게 해야 한다고 차별하는 성차별은 잘못입니다. 어떤 것이 성차이이고 어떤 것이 성차별인지 알아봅시다.",
      "srcPage": 29,
      "srcSentenceEA": 4,
      "srcWordEA": 29,
      "character": "남자,여자",
      "setting": null,
      "action": "차별하는,이렇게 해야 한다고",
      "feeling": null,
      "causalRelationship": null,
      "outcomeResolution": null,
      "prediction": null,
      "plotSummaryInfoCount": 1,
      "plotSummaryInfo": {
        "classification": "신체운동_건강",
        "readAge": "유아",
        "form": "long-form",
        "plotSummaryText": "남자와 여자가 태어날 때부터 다른 성 차이는 당연하지만, 성별에 따라 이렇게 해야 한다고 차별하는 성차별은 잘못입니다.",
        "textWordEA": 16
      }
    },
    {
      "srcTextID": "108638",
      "srcText": "성차이. 여자의 성 염색체는 XX이고 남자의 성염색체는 XY이다. 자궁은 여자에게만 있고 전립선은 남자에게만 있다. 여자는 아기를 낳는다. 여자와 남자는 자라면서 신체구조가 다르게 변한다.",
      "srcPage": 30,
      "srcSentenceEA": 4,
      "srcWordEA": 27,
      "character": "여자,남자,자궁,전립선,아기,신체",
      "setting": null,
      "action": "낳는다,자라면서",
      "feeling": null,
      "causalRelationship": null,
      "outcomeResolution": null,
      "prediction": null,
      "plotSummaryInfoCount": 1,
      "plotSummaryInfo": {
        "classification": "신체운동_건강",
        "readAge": "유아",
        "form": "long-form",
        "plotSummaryText": "여자의 성염색체는 XX이고 남자의 성염색체는 XY이고 여자와 남자는 자라면서 신체 구조가 다르게 변한다.",
        "textWordEA": 13
      }
    },
    {
      "srcTextID": "108636",
      "srcText": "성차별. 남자는 씩씩해야 하고, 여자는 다소곳해야 한다. 대장은 남자, 부하는 여자가 해야 한다. 남자는 밖에 나가 돈을 벌기 때문에 집안일을 안 해도 된다. 남자는 여자들보다 강하기 때문에 슬퍼도 울면 안 된다. 여자는 집안에서 아기를 키우고 살림을 해야 한다. 남자는 여자보다 월급을 많이 받아야 한다.",
      "srcPage": 31,
      "srcSentenceEA": 6,
      "srcWordEA": 50,
      "character": "남자,여자,대장,부하,아기,집",
      "setting": null,
      "action": "해야 한다,키우고,받아야,해야,울면,집안일을 안 해도,밖에 나가,돈을 벌기",
      "feeling": "슬퍼도,씩씩해야",
      "causalRelationship": null,
      "outcomeResolution": null,
      "prediction": null,
      "plotSummaryInfoCount": 1,
      "plotSummaryInfo": {
        "classification": "신체운동_건강",
        "readAge": "유아",
        "form": "long-form",
        "plotSummaryText": "성차별에는 남자는 씩씩해야 하고, 여자는 다소곳해야 하고 대장은 남자, 부하는 여자가 해야 한다 등 여러 가지가 있다.",
        "textWordEA": 17
      }
    },
    {
      "srcTextID": "108608",
      "srcText": "동네방네 소문난 장난꾸러기 석후가 놀이터에 나타났어. 이번에는 무슨 장난을 칠까, 두리번두리번. 어? 저기 아영이가 친구들과 놀고 있어. 석후가 살금살금 아영이 뒤로 다가가네. 앗! 아영아, 위험해!",
      "srcPage": 1,
      "srcSentenceEA": 7,
      "srcWordEA": 31,
      "character": "장난꾸러기 석후,친구들,아영이,석후",
      "setting": "놀이터",
      "action": "나타났어,장난을 칠까,놀고 있어,다가가네",
      "feeling": "위험해",
      "causalRelationship": null,
      "outcomeResolution": null,
      "prediction": null,
      "plotSummaryInfoCount": 1,
      "plotSummaryInfo": {
        "classification": "신체운동_건강",
        "readAge": "유아",
        "form": "long-form",
        "plotSummaryText": "장난꾸러기 석후가 놀이터에 나타나 무슨 장난을 칠까 두리번거리다 아영이를 보고 뒤로 다가갔어요.",
        "textWordEA": 12
      }
    },
    {
      "srcTextID": "108609",
      "srcText": "석후가 아영이 치마를 몰래 들쳤어. \"꺅!\" 아영이가 소리를 질렀어. “ 아영이 팬티, 노랑 팬티!” 석후가 놀리면서 도망쳤어. 아영이는 속이 상해서 주저앉아 울었어.",
      "srcPage": 2,
      "srcSentenceEA": 5,
      "srcWordEA": 25,
      "character": "치마,아영이,팬티,석후",
      "setting": null,
      "action": "들쳤어,소리를 질렀어,놀리면서,도망쳤어,주저앉아,울었어",
      "feeling": "속이 상해서",
      "causalRelationship": null,
      "outcomeResolution": null,
      "prediction": null,
      "plotSummaryInfoCount": 1,
      "plotSummaryInfo": {
        "classification": "신체운동_건강",
        "readAge": "유아",
        "form": "long-form",
        "plotSummaryText": "석후가 아영이 치마를 몰래 들쳐 아영이 팬티, 노랑 팬티라며 석후가 놀리면서 도망쳤어요.",
        "textWordEA": 12
      }
    },
    {
      "srcTextID": "108610",
      "srcText": "석후가 매미채를 들고 나무 위를 쳐다보고 있어. 맴맴 우는 매미를 잡으려고 정신이 팔려있어. 엥? 아영이가 석후 뒤로 몰래 다가가네?",
      "srcPage": 3,
      "srcSentenceEA": 4,
      "srcWordEA": 22,
      "character": "석후,매미채,매미,아영이,나무",
      "setting": null,
      "action": "쳐다보고,우는,다가가네,잡으려고",
      "feeling": null,
      "causalRelationship": null,
      "outcomeResolution": null,
      "prediction": null,
      "plotSummaryInfoCount": 1,
      "plotSummaryInfo": {
        "classification": "신체운동_건강",
        "readAge": "유아",
        "form": "long-form",
        "plotSummaryText": "석후가 매미채를 들고 매미를 잡으려고 나무 위를 쳐다보고 있었는데 아영이가 석후 뒤로 몰래 다가갔어요.",
        "textWordEA": 14
      }
    },
    {
      "srcTextID": "108611",
      "srcText": "아영이는 석후 바지를 확 끌어내렸어. 팬티까지 벗겨져서 엉덩이가 다 보였지 뭐야. “ 석후 엉덩이, 오리 궁둥이!” 아영이가 놀리며 도망쳤어.",
      "srcPage": 4,
      "srcSentenceEA": 4,
      "srcWordEA": 21,
      "character": "바지,팬티,엉덩이,석후,아영이,오리,궁둥이",
      "setting": null,
      "action": "끌어내렸어,도망쳤어,놀리며,벗겨져서",
      "feeling": null,
      "causalRelationship": null,
      "outcomeResolution": null,
      "prediction": null,
      "plotSummaryInfoCount": 1,
      "plotSummaryInfo": {
        "classification": "신체운동_건강",
        "readAge": "유아",
        "form": "long-form",
        "plotSummaryText": "아영이는 석후 바지를 내렸고 엉덩이가 다 보여 오리 궁둥이라고 놀리며 도망쳤어요.",
        "textWordEA": 11
      }
    },
    {
      "srcTextID": "108612",
      "srcText": "\"아아악!\" 석후가 소리를 지르며 바지를 추켜올렸어. “너 잡히면 가만 안 둬!” 석후가 도망가는 아영이를 따라 뛰어갔어.",
      "srcPage": 5,
      "srcSentenceEA": 3,
      "srcWordEA": 18,
      "character": "석후,바지,너,아영이",
      "setting": null,
      "action": "소리를 지르며,추켜올렸어,도망가는,뛰어갔어",
      "feeling": null,
      "causalRelationship": null,
      "outcomeResolution": null,
      "prediction": null,
      "plotSummaryInfoCount": 1,
      "plotSummaryInfo": {
        "classification": "신체운동_건강",
        "readAge": "유아",
        "form": "short-form",
        "plotSummaryText": "석후가 소리를 지르며 바지를 올리며 도망가는 아영이를 따라 뛰어갔어요.",
        "textWordEA": 9
      }
    },
    {
      "srcTextID": "108613",
      "srcText": "“누가 내 치마 들치래?” 아영이는 혀를 내밀고 더 빨리 뛰었어. 장난이라고 생각하고 무심코 하는 말이나 행동이 친구의 마음을 아프게 하는 폭력이 될 수 있다는 점을 자녀에게 알려주세요.",
      "srcPage": 6,
      "srcSentenceEA": 3,
      "srcWordEA": 29,
      "character": "치마,혀,자녀,아영이,친구",
      "setting": null,
      "action": "들치래,뛰었어,알려주세요,혀를 내밀고",
      "feeling": null,
      "causalRelationship": null,
      "outcomeResolution": null,
      "prediction": null,
      "plotSummaryInfoCount": 1,
      "plotSummaryInfo": {
        "classification": "신체운동_건강",
        "readAge": "유아",
        "form": "short-form",
        "plotSummaryText": "아영이는 더 빨리 뛰었는데, 장난이라고 생각하고 하는 말이나 행동이 친구의 마음을 아프게 하는 일이 될 수 있다는 점을 자녀에게 알려주세요.",
        "textWordEA": 20
      }
    },
    {
      "srcTextID": "108615",
      "srcText": "화가 난 석후가 아영이를 잡으려고 뛰다가 넘어졌어. “아앙, 엉엉!” 석후는 약이 오르는 데다, 넘어져서 무릎까지 다치니 참지 못하고 울음을 터트렸어.",
      "srcPage": 7,
      "srcSentenceEA": 3,
      "srcWordEA": 21,
      "character": "석후,아영이,무릎",
      "setting": null,
      "action": "뛰다가,넘어졌어,다치니,울음을 터트렸어",
      "feeling": "화가 난,약이 오르는",
      "causalRelationship": null,
      "outcomeResolution": null,
      "prediction": null,
      "plotSummaryInfoCount": 1,
      "plotSummaryInfo": {
        "classification": "신체운동_건강",
        "readAge": "유아",
        "form": "short-form",
        "plotSummaryText": "석후는 아영이를 잡으려고 뛰다가 넘어졌는데 약이 점점 오르는데 다치기까지 하니 참지 못하고 울음을 터트렸어요.",
        "textWordEA": 14
      }
    },
    {
      "srcTextID": "108614",
      "srcText": "“ 석후는 겁쟁이래요. 남자가 징징 운대요.” 아영이가 더 놀렸어.",
      "srcPage": 8,
      "srcSentenceEA": 3,
      "srcWordEA": 11,
      "character": "석후,남자,아영이",
      "setting": null,
      "action": "놀렸어,운대요",
      "feeling": null,
      "causalRelationship": null,
      "outcomeResolution": null,
      "prediction": null,
      "plotSummaryInfoCount": 1,
      "plotSummaryInfo": {
        "classification": "신체운동_건강",
        "readAge": "유아",
        "form": "short-form",
        "plotSummaryText": "석후는 겁쟁이라며 아영이가 더 놀렸어요.",
        "textWordEA": 5
      }
    },
    {
      "srcTextID": "108617",
      "srcText": "석후가 아영이의 머리를 잡아당겼어. “아얏!” 아영이는 비명을 지르며 석후의 발을 걸었어. 그 바람에 석후와 아영이 둘 다 넘어졌어.",
      "srcPage": 9,
      "srcSentenceEA": 3,
      "srcWordEA": 20,
      "character": "석후,머리,발,아영이",
      "setting": null,
      "action": "잡아당겼어,비명을 지르며,넘어졌어,발을 걸었어",
      "feeling": null,
      "causalRelationship": null,
      "outcomeResolution": null,
      "prediction": "그 바람에 석후와 아영이 둘 다 넘어졌어.",
      "plotSummaryInfoCount": 1,
      "plotSummaryInfo": {
        "classification": "신체운동_건강",
        "readAge": "유아",
        "form": "short-form",
        "plotSummaryText": "석후가 아영이의 머리를 잡아당겼고 아영이는 석후의 발을 걸었는데 그 바람에 둘 다 넘어졌어요.",
        "textWordEA": 13
      }
    },
    {
      "srcTextID": "108618",
      "srcText": "싸우느라 지친 둘은 아예 벌렁 누워서 씩씩거렸어. “야, 너는 여자애가 왜 이렇게 사나워?” 석후가 볼멘소리로 불평했어.",
      "srcPage": 10,
      "srcSentenceEA": 3,
      "srcWordEA": 17,
      "character": "너,여자애,석후",
      "setting": null,
      "action": "누워서,불평했어",
      "feeling": "사나워",
      "causalRelationship": null,
      "outcomeResolution": null,
      "prediction": null,
      "plotSummaryInfoCount": 1,
      "plotSummaryInfo": {
        "classification": "신체운동_건강",
        "readAge": "유아",
        "form": "short-form",
        "plotSummaryText": "싸우느라 지친 둘은 아예 벌렁 누워서 씩씩거리며 여자애가 왜 이렇게 사납냐며 불평했어요.",
        "textWordEA": 12
      }
    },
    {
      "srcTextID": "108616",
      "srcText": "“너는 남자애가 왜 이렇게 힘이 약해?” 아영이도 지지 않고 따졌어. \"아파, 이거 놔!\" \"싫어, 네가 먼저 놔.\"",
      "srcPage": 11,
      "srcSentenceEA": 4,
      "srcWordEA": 18,
      "character": "너,남자애,아영이",
      "setting": null,
      "action": "따졌어,이거 놔",
      "feeling": null,
      "causalRelationship": null,
      "outcomeResolution": null,
      "prediction": null,
      "plotSummaryInfoCount": 1,
      "plotSummaryInfo": {
        "classification": "신체운동_건강",
        "readAge": "유아",
        "form": "long-form",
        "plotSummaryText": "너는 남자애가 왜 이렇게 힘이 약하냐며 아영이도 지지 않고 따졌어요.",
        "textWordEA": 10
      }
    },
    {
      "srcTextID": "108619",
      "srcText": "아영이 엄마가 지나가다가 그 모습을 보셨어. “얘들아, 거기서 뭐 하니?” \"아영이가 제 바지를 벗겼어요!\" \"석후가 먼저 치마를 들쳤어요!\"",
      "srcPage": 12,
      "srcSentenceEA": 4,
      "srcWordEA": 18,
      "character": "바지,석후,아영이,치마,아영이 엄마",
      "setting": null,
      "action": "지나가다가,보셨어,벗겼어요,들쳤어요",
      "feeling": null,
      "causalRelationship": null,
      "outcomeResolution": null,
      "prediction": null,
      "plotSummaryInfoCount": 1,
      "plotSummaryInfo": {
        "classification": "신체운동_건강",
        "readAge": "유아",
        "form": "long-form",
        "plotSummaryText": "아영이 엄마가 지나가다가 그 모습을 보고 거기서 뭐 하냐고 묻자 서로 놀린 것을 얘기했어요.",
        "textWordEA": 14
      }
    },
    {
      "srcTextID": "108620",
      "srcText": "아영이와 석후는 저마다 상대방이 잘못했다고 일렀어. “저런, 둘 다 잘 못 했네.” 아영이 엄마가 미소를 지으며 말씀하셨어.",
      "srcPage": 13,
      "srcSentenceEA": 3,
      "srcWordEA": 18,
      "character": "아영이,석후,아영이 엄마",
      "setting": null,
      "action": "말씀하셨어,미소를 지으며,일렀어",
      "feeling": null,
      "causalRelationship": null,
      "outcomeResolution": null,
      "prediction": null,
      "plotSummaryInfoCount": 1,
      "plotSummaryInfo": {
        "classification": "신체운동_건강",
        "readAge": "유아",
        "form": "short-form",
        "plotSummaryText": "아영이와 석후는 저마다 상대방이 잘못했다고 일렀지만 아영이 엄마는 둘 다 잘못했다고 말씀하셨어요.",
        "textWordEA": 12
      }
    },
    {
      "srcTextID": "108621",
      "srcText": "“얘들아, 친구의 치마를 들치거나 바지를 벗기는 건, 정말 나쁜 장난이야. 친구가 안에 있는데 화장실 문을 열어도 안 돼. 우리 몸의 약하고, 중요한 곳인 엉덩이나 성기가 보일 수 있기 때문이지.”",
      "srcPage": 14,
      "srcSentenceEA": 3,
      "srcWordEA": 31,
      "character": "친구,치마,바지,엉덩이,화장실 문,몸,성기",
      "setting": null,
      "action": "벗기는,열어도,들치거나,보일 수 있기",
      "feeling": null,
      "causalRelationship": "친구가 안에 있는데 화장실 문을 열어도 안 돼. 우리 몸의 약하고,중요한 곳인 엉덩이나 성기가 보일 수 있기 때문이지.",
      "outcomeResolution": null,
      "prediction": null,
      "plotSummaryInfoCount": 1,
      "plotSummaryInfo": {
        "classification": "신체운동_건강",
        "readAge": "유아",
        "form": "short-form",
        "plotSummaryText": "친구의 치마를 들치거나 바지를 벗기는 건 나쁜 장난이며, 친구가 있는 화장실 문을 열어서도 안 되는 이유는 우리 몸의 약하고, 엉덩이나 성기가 보일 수 있기 때문이에요.",
        "textWordEA": 25
      }
    },
    {
      "srcTextID": "108623",
      "srcText": "그래도 아영이와 석후는 서로 상대가 잘못했다고 우겼어. “쟤는 여자인데 정말 사나워요.” “너는 남자가 징징 울었잖아?”",
      "srcPage": 15,
      "srcSentenceEA": 3,
      "srcWordEA": 15,
      "character": "아영이,석후,여자,남자",
      "setting": null,
      "action": "우겼어,울었잖아",
      "feeling": "사나워요",
      "causalRelationship": null,
      "outcomeResolution": null,
      "prediction": null,
      "plotSummaryInfoCount": 1,
      "plotSummaryInfo": {
        "classification": "신체운동_건강",
        "readAge": "유아",
        "form": "short-form",
        "plotSummaryText": "여자인데 사납다고, 남자가 울었다며 서로 상대가 잘못했다고 우겼어요.",
        "textWordEA": 8
      }
    },
    {
      "srcTextID": "108622",
      "srcText": "“얘들아, 여자는 얌전해야 하고 남자는 울면 안 된다는 건 틀린 생각이야.” 아영이 엄마가 둘을 타이르셨어. “성별에 따라 행동이 달라야 하는 건 아니란다.”",
      "srcPage": 16,
      "srcSentenceEA": 3,
      "srcWordEA": 23,
      "character": "여자,남자,아영이 엄마",
      "setting": null,
      "action": "타이르셨어,울면",
      "feeling": "얌전해야",
      "causalRelationship": null,
      "outcomeResolution": null,
      "prediction": null,
      "plotSummaryInfoCount": 1,
      "plotSummaryInfo": {
        "classification": "신체운동_건강",
        "readAge": "유아",
        "form": "short-form",
        "plotSummaryText": "여자는 얌전해야 하고 남자는 울면 안 된다는 건 틀린 생각이라며 아영이 엄마가 둘을 타이르셨어요.",
        "textWordEA": 14
      }
    }
  ]
}