{
  "title": "나쁜 비밀이 있어요",
  "author": "류현",
  "illustrator": "최희영",
  "isbn": "9788963830339",
  "publishedYear": 2009,
  "publisher": "별똥별",
  "paragraphInfoCount": 16,
  "paragraphInfo": [
    {
      "srcTextID": "117075",
      "srcText": "\"쉿!\" 아저씨가 나랑 있었던 일은 절대 비밀이랬어. 안 그러면 엄마, 아빠를 혼내 주고, 친구들한테도 다 말해 버린댔어. 그리고 밤마다 도깨비가 날 괴롭힐 거라고 했어. 나는 무서워서 가슴이 두근거리고 눈물이 났어.",
      "srcPage": 4,
      "srcSentenceEA": 4,
      "srcWordEA": 34,
      "character": "아저씨,나,엄마,아빠,친구들,도깨비",
      "setting": null,
      "action": "혼내 주고,말해 버린댔어,괴롭힐 거라고 했어,눈물이 났어",
      "feeling": "무서워서",
      "causalRelationship": null,
      "outcomeResolution": null,
      "prediction": null,
      "plotSummaryInfoCount": 1,
      "plotSummaryInfo": {
        "classification": "신체운동_건강",
        "readAge": "유아",
        "form": "long-form",
        "plotSummaryText": "아저씨가 비밀을 지키지 않으면 엄마, 아빠를 혼내주고, 밤마다 도깨비가 날 괴롭힐 거란 이야기에 무서워서 눈물이 났습니다.",
        "textWordEA": 16
      }
    },
    {
      "srcTextID": "117078",
      "srcText": "시무룩한 나를 보고 엄마가 물었어. \"지나야, 어디 아프니?\" \"무슨 일 있어?\" \"엄마한테 말해 봐. 뭐 때문에 화가 났니?\" \"지나야, 엄마한테는 무엇이든지 말해도 괜찮아. 엄마는 항상 지나 옆에 있으니까 이야기하고 싶으면 언제든지 말하렴. 알았지?\"",
      "srcPage": 7,
      "srcSentenceEA": 8,
      "srcWordEA": 36,
      "character": "나,엄마,지나",
      "setting": null,
      "action": "보고,물었어,말해 봐,말하렴",
      "feeling": "시무룩한",
      "causalRelationship": null,
      "outcomeResolution": null,
      "prediction": null,
      "plotSummaryInfoCount": 1,
      "plotSummaryInfo": {
        "classification": "신체운동_건강",
        "readAge": "유아",
        "form": "long-form",
        "plotSummaryText": "엄마는 시무룩한 나를 보고 어디 아픈 것이 아닌지 걱정하며 화가 난 이유를 물었고, 항상 내 옆에 있을 테니 무슨 일이 있으면 언제든지 말해달라고 했습니다.",
        "textWordEA": 24
      }
    },
    {
      "srcTextID": "117085",
      "srcText": "\"그동안 나쁜 비밀이 우리 지나를 슬프고 힘들게 했구나. 지나야, 기분 나쁜 비밀은 지키지 않아도 돼. 그리고 지나를 아프게 한 아저씨는 나쁜 어른이야. 나쁜 어른은 경찰 아저씨들이 혼내 줄 거니까, 걱정하지 마.\" 나는 선생님의 말을 듣고 마음이 편해졌어.",
      "srcPage": 14,
      "srcSentenceEA": 5,
      "srcWordEA": 41,
      "character": "지나,아저씨,어른,경찰 아저씨들,나,선생님",
      "setting": null,
      "action": "지키지 않아도 돼,혼내 줄 거니까,말을 듣고",
      "feeling": "슬프고,힘들게 했구나,아프게 한,나쁜,걱정하지 마,마음이 편해졌어",
      "causalRelationship": null,
      "outcomeResolution": null,
      "prediction": null,
      "plotSummaryInfoCount": 1,
      "plotSummaryInfo": {
        "classification": "신체운동_건강",
        "readAge": "유아",
        "form": "long-form",
        "plotSummaryText": "선생님이 기분 나쁜 비밀은 지키지 않아도 되며, 경찰 아저씨가 아저씨 같은 나쁜 어른을 혼내줄 것이므로 걱정하지 말라고 해서 마음이 놓였습니다.",
        "textWordEA": 20
      }
    },
    {
      "srcTextID": "117073",
      "srcText": "예전에 내가 놀이터에서 혼자 노는데 동네 아저씨가 나랑 같이 놀아 줬어. 맛있는 것도 사 주고, 또 세상에서 내가 제일 예쁘다고 했어. 나는 친절한 아저씨가 싫지 않았어. \"지나야, 아저씨 소원 하나 들어줄래?\" \"소원? 뭔데요?\" \"응, 재미있는 놀이야. 꼭 들어줘야 해. 약속!\" \"네, 들어줄게요. 약속!\"",
      "srcPage": 2,
      "srcSentenceEA": 10,
      "srcWordEA": 49,
      "character": "내,동네 아저씨,나,아저씨",
      "setting": "예전,놀이터",
      "action": "노는데,같이 놀아 줬어,사 주고,들어줄래,들어줘야 해,들어줄게요",
      "feeling": "싫지 않았어,재미있는",
      "causalRelationship": null,
      "outcomeResolution": null,
      "prediction": null,
      "plotSummaryInfoCount": 1,
      "plotSummaryInfo": {
        "classification": "신체운동_건강",
        "readAge": "유아",
        "form": "long-form",
        "plotSummaryText": "예전에 놀이터에서 노는데 동네 아저씨가 함께 놀면서 맛있는 것을 사주고 칭찬해 주시며 나에게 소원을 들어달라고 말했고, 나는 소원을 들어주기로 약속했습니다.",
        "textWordEA": 20
      }
    },
    {
      "srcTextID": "117074",
      "srcText": "그런데 아저씨의 소원은 이상하고, 기분이 나쁜 놀이였어. 나는 이 놀이를 그만하고 싶었지만 아저씨는 억지로 시켰어. \"약속을 지켜야 착한 어린이지. 가만히 있어.\" 아저씨는 꼭 뿔 달린 도깨비 같았어.",
      "srcPage": 3,
      "srcSentenceEA": 5,
      "srcWordEA": 30,
      "character": "아저씨,나,놀이,어린이,도깨비",
      "setting": null,
      "action": "억지로 시켰어,지켜야,가만히 있어",
      "feeling": "이상하고,기분이 나쁜,그만하고 싶었지만",
      "causalRelationship": null,
      "outcomeResolution": null,
      "prediction": null,
      "plotSummaryInfoCount": 1,
      "plotSummaryInfo": {
        "classification": "신체운동_건강",
        "readAge": "유아",
        "form": "long-form",
        "plotSummaryText": "아저씨와의 소원이 이상하고 기분 나쁜 놀이였기 때문에 나는 그만하고 싶었지만, 아저씨는 약속을 지켜야 착한 어린이라며 억지로 놀이를 시켰습니다.",
        "textWordEA": 18
      }
    },
    {
      "srcTextID": "117087",
      "srcText": "아직도 난 가끔 화가 나고, 도깨비 꿈을 꿀 때가 있어. 그럴 때마다 엄마, 아빠한테 다 말해. 그러면 기분이 많이 좋아지거든.",
      "srcPage": 15,
      "srcSentenceEA": 3,
      "srcWordEA": 22,
      "character": "도깨비,꿈,엄마,아빠",
      "setting": null,
      "action": "화가 나고,다 말해",
      "feeling": "기분이 많이 좋아지거든",
      "causalRelationship": null,
      "outcomeResolution": null,
      "prediction": null,
      "plotSummaryInfoCount": 1,
      "plotSummaryInfo": {
        "classification": "신체운동_건강",
        "readAge": "유아",
        "form": "short-form",
        "plotSummaryText": "아직도 가끔 화가 나고 도깨비 꿈을 꿀 때가 있지만 그럴 때마다 엄마, 아빠에게 다 말하고 나면 기분이 좋아집니다.",
        "textWordEA": 18
      }
    },
    {
      "srcTextID": "117076",
      "srcText": "쿵쾅쿵쾅! 그날 밤에 무서운 도깨비 꿈을 꿨어. 아무에게도 비밀을 말하지 않았는데 자꾸 꿈에 도깨비가 나타났어. 너무너무 무서웠어. \"악!\"",
      "srcPage": 5,
      "srcSentenceEA": 3,
      "srcWordEA": 21,
      "character": "도깨비",
      "setting": "그날 밤",
      "action": "꿈을 꿨어,말하지 않았는데,나타났어",
      "feeling": "무서웠어",
      "causalRelationship": null,
      "outcomeResolution": null,
      "prediction": null,
      "plotSummaryInfoCount": 1,
      "plotSummaryInfo": {
        "classification": "신체운동_건강",
        "readAge": "유아",
        "form": "short-form",
        "plotSummaryText": "어디에도 비밀을 말하지 않았는데, 그날 밤부터 자꾸 꿈에 도깨비가 나타나서 너무 무서웠습니다.",
        "textWordEA": 12
      }
    },
    {
      "srcTextID": "117077",
      "srcText": "'엉덩이가 너무 아파. 어떡하지?' 나는 무섭고 속상해서 밤새 울다 잠이 들었어. 다음 날에도 기분이 안 좋았어. 그래서 엄마한테 마구 소리를 지르고, 괜히 친구와 싸웠어. 왜 그런지 계속 기분이 나쁜 거야. \"싫어!\"",
      "srcPage": 6,
      "srcSentenceEA": 6,
      "srcWordEA": 36,
      "character": "엉덩이,엄마,친구",
      "setting": "다음 날",
      "action": "울다 잠이 들었어,소리를 지르고,싸웠어",
      "feeling": "무섭고,속상해서,기분이 안 좋았어",
      "causalRelationship": null,
      "outcomeResolution": null,
      "prediction": null,
      "plotSummaryInfoCount": 1,
      "plotSummaryInfo": {
        "classification": "신체운동_건강",
        "readAge": "유아",
        "form": "long-form",
        "plotSummaryText": "나는 엉덩이가 너무 아팠고, 무섭고 속상한 마음에 울다 잠이 들었는데, 다음 날에도 기분이 풀리지 않아서 엄마에게 소리를 지르고 친구와 싸웠습니다.",
        "textWordEA": 20
      }
    },
    {
      "srcTextID": "117079",
      "srcText": "엄마는 나에게 무엇이든 말해도 괜찮다고 했어. '엄마한테 말할까? 아니야, 아저씨가 절대 비밀을 말하지 말라고 했잖아. 비밀을 말하면 아저씨가 엄마를 때릴지도 몰라. 아, 어떡해야 할까?' 나는 너무 무섭고 겁이 났어.",
      "srcPage": 8,
      "srcSentenceEA": 6,
      "srcWordEA": 33,
      "character": "엄마,나,아저씨",
      "setting": null,
      "action": "말해도,말할까,말하지 말라고,말하면,때릴지도 몰라",
      "feeling": "무섭고 겁이 났어",
      "causalRelationship": null,
      "outcomeResolution": null,
      "prediction": null,
      "plotSummaryInfoCount": 1,
      "plotSummaryInfo": {
        "classification": "신체운동_건강",
        "readAge": "유아",
        "form": "long-form",
        "plotSummaryText": "엄마는 무엇이든 말해도 괜찮다고 했지만, 나는 비밀을 지키지 않으면 아저씨가 엄마를 때릴 수도 있다는 생각에 무섭고 겁이 났습니다.",
        "textWordEA": 18
      }
    },
    {
      "srcTextID": "117081",
      "srcText": "하지만 나는 용기를 내어 엄마에게 말했어. \"엄마, 저 엉덩이가 아파요.\" 나의 엉덩이를 본 엄마는 깜짝 놀랐어.",
      "srcPage": 9,
      "srcSentenceEA": 3,
      "srcWordEA": 17,
      "character": "나,엄마,엉덩이",
      "setting": null,
      "action": "말했어,본",
      "feeling": "용기를 내어,깜짝 놀랐어",
      "causalRelationship": null,
      "outcomeResolution": null,
      "prediction": null,
      "plotSummaryInfoCount": 1,
      "plotSummaryInfo": {
        "classification": "신체운동_건강",
        "readAge": "유아",
        "form": "short-form",
        "plotSummaryText": "나는 용기를 내어 엄마에게 엉덩이가 아프다고 말했고, 내 엉덩이를 본 엄마는 깜짝 놀랐습니다.",
        "textWordEA": 13
      }
    },
    {
      "srcTextID": "117082",
      "srcText": "엄마는 나를 꼭 안아 주었어. \"지나야, 혼자서 얼마나 힘들었니? 엄마에게 말해 줘서 고마워.\" 나는 마음이 조금 가벼워지면서 눈물이 났어.",
      "srcPage": 11,
      "srcSentenceEA": 4,
      "srcWordEA": 21,
      "character": "엄마,나,지나",
      "setting": null,
      "action": "꼭 안아 주었어,말해 줘서,눈물이 났어",
      "feeling": "고마워,마음이 조금 가벼워지면서",
      "causalRelationship": null,
      "outcomeResolution": null,
      "prediction": null,
      "plotSummaryInfoCount": 1,
      "plotSummaryInfo": {
        "classification": "신체운동_건강",
        "readAge": "유아",
        "form": "long-form",
        "plotSummaryText": "엄마는 혼자서 얼마나 힘들었는지 묻고는 말해줘서 고맙다며 나를 꼭 안아주었고, 나는 마음이 조금 가벼워지면서 눈물이 났습니다.",
        "textWordEA": 16
      }
    },
    {
      "srcTextID": "117086",
      "srcText": "그리고 나를 도와주는 장난감 선생님도 있어서 이제 무섭지 않아. 너희도 나처럼 나쁜 비밀이 생기면 엄마, 아빠나 선생님한테 다 말해 봐. 기분이 훨씬 좋아질 거야.",
      "srcPage": 16,
      "srcSentenceEA": 3,
      "srcWordEA": 26,
      "character": "나,선생님,너희,비밀,엄마,아빠",
      "setting": null,
      "action": "도와주는,생기면,다 말해 봐",
      "feeling": "무섭지 않아,기분이 훨씬 좋아질 거야",
      "causalRelationship": null,
      "outcomeResolution": null,
      "prediction": null,
      "plotSummaryInfoCount": 1,
      "plotSummaryInfo": {
        "classification": "신체운동_건강",
        "readAge": "유아",
        "form": "short-form",
        "plotSummaryText": "나는 이제 나를 도와주는 장난감 선생님도 있어서 무섭지 않고, 만약 너희도 나쁜 비밀이 생겼을 때 엄마, 아빠나 선생님한테 다 말하면 기분이 훨씬 좋아질 거라고 말했습니다.",
        "textWordEA": 25
      }
    },
    {
      "srcTextID": "117072",
      "srcText": "안녕? 나는 지나야. 나는 여섯 살인데, 예전에 많이 아팠어. 하지만 지금은 건강해. 엄마랑 아빠랑 선생님이 도와줘서 다 나았거든.",
      "srcPage": 1,
      "srcSentenceEA": 4,
      "srcWordEA": 22,
      "character": "나,지나,엄마,아빠,선생님",
      "setting": "예전,지금",
      "action": "도와줘서",
      "feeling": null,
      "causalRelationship": null,
      "outcomeResolution": null,
      "prediction": null,
      "plotSummaryInfoCount": 1,
      "plotSummaryInfo": {
        "classification": "신체운동_건강",
        "readAge": "유아",
        "form": "long-form",
        "plotSummaryText": "여섯 살 지나는 예전에 많이 아팠지만, 엄마와 아빠, 선생님이 도와줘서 지금은 다 나았습니다.",
        "textWordEA": 13
      }
    },
    {
      "srcTextID": "117080",
      "srcText": "\"어머, 엉덩이가 빨갛게 부어올랐네! 지나야, 누가 그랬니?\" \"아저씨가 손가락으로 아프게 했어요.\"",
      "srcPage": 10,
      "srcSentenceEA": 3,
      "srcWordEA": 12,
      "character": "엉덩이,지나,아저씨",
      "setting": null,
      "action": "아프게 했어요",
      "feeling": null,
      "causalRelationship": null,
      "outcomeResolution": null,
      "prediction": null,
      "plotSummaryInfoCount": 1,
      "plotSummaryInfo": {
        "classification": "신체운동_건강",
        "readAge": "유아",
        "form": "short-form",
        "plotSummaryText": "지나에게 엉덩이가 빨갛게 부어오른 이유를 묻자, 아저씨가 손가락으로 아프게 했다고 말했습니다.",
        "textWordEA": 11
      }
    },
    {
      "srcTextID": "117084",
      "srcText": "다음 날 나는 엄마 손잡고 장난감 선생님을 만나러 갔어. 그리고 선생님이랑 재미있는 놀이를 했어. \"지나는 뭐가 제일 무섭고 싫지?\"",
      "srcPage": 12,
      "srcSentenceEA": 3,
      "srcWordEA": 20,
      "character": "나,엄마,선생님,지나",
      "setting": "다음 날",
      "action": "손잡고,만나러 갔어,놀이를 했어",
      "feeling": "재미있는,무섭고 싫지",
      "causalRelationship": null,
      "outcomeResolution": null,
      "prediction": null,
      "plotSummaryInfoCount": 1,
      "plotSummaryInfo": {
        "classification": "신체운동_건강",
        "readAge": "유아",
        "form": "short-form",
        "plotSummaryText": "다음 날 나는 엄마와 장난감 선생님을 만나러 갔고, 선생님은 무엇이 제일 무섭고 싫은지 물었습니다.",
        "textWordEA": 14
      }
    },
    {
      "srcTextID": "117083",
      "srcText": "나는 한참을 망설이다가 말했어. \"도깨비요.\" 선생님과 나는 경찰 놀이를 했어. \"지나를 괴롭히는 도깨비는 성에 갇혔어. 이제 다시는 못 나와.\" \"와, 신난다.\" 선생님이랑 노니까 기분이 훨씬 좋아졌어.",
      "srcPage": 13,
      "srcSentenceEA": 6,
      "srcWordEA": 29,
      "character": "나,도깨비,선생님,지나",
      "setting": "성",
      "action": "망설이다가,말했어,경찰 놀이를 했어,괴롭히는,갇혔어,못 나와",
      "feeling": "신난다,기분이 훨씬 좋아졌어",
      "causalRelationship": null,
      "outcomeResolution": null,
      "prediction": null,
      "plotSummaryInfoCount": 1,
      "plotSummaryInfo": {
        "classification": "신체운동_건강",
        "readAge": "유아",
        "form": "long-form",
        "plotSummaryText": "도깨비가 무섭다고 말한 후 선생님과 경찰 놀이를 했고, 나를 괴롭히는 도깨비를 성에 가두어 이제 다시는 못 나온다는 선생님의 말씀에 기분이 좋아졌습니다.",
        "textWordEA": 21
      }
    }
  ]
}