{
  "title": "슝슝 콧구멍을 알려줘",
  "author": "이재훈",
  "illustrator": "이주연",
  "isbn": "9788963832562",
  "publishedYear": 2011,
  "publisher": "별똥별",
  "paragraphInfoCount": 20,
  "paragraphInfo": [
    {
      "srcTextID": "119447",
      "srcText": "\"우리 때문에 놀랐지? 미안해. 내가 코를 너무 심하게 골아서 우주선까지 고장 났지, 뭐야.\" \"슝슝, 이비인후과는 이쪽이야.\"",
      "srcPage": 2,
      "srcSentenceEA": 4,
      "srcWordEA": 18,
      "character": "우리,코,우주선",
      "setting": "이비인후과",
      "action": "심하게 골아서,고장 났지 뭐야",
      "feeling": "놀랐지,미안해",
      "causalRelationship": null,
      "outcomeResolution": null,
      "prediction": null,
      "plotSummaryInfoCount": 1,
      "plotSummaryInfo": {
        "classification": "신체운동_건강",
        "readAge": "유아",
        "form": "long-form",
        "plotSummaryText": "내가 코를 심하게 골아 우주선까지 고장이 나서 미안하다고 하자, 이비인후과는 이쪽이라고 알려주었습니다.",
        "textWordEA": 12
      }
    },
    {
      "srcTextID": "119455",
      "srcText": "히히, 오늘은 슝슝이가 진료하는 첫날이에요. 현우가 코를 훌쩍이며 진료실로 들어왔어요. 콧속을 치료하는 기계를 대니 현우가 고개를 요리조리 피하네요.",
      "srcPage": 5,
      "srcSentenceEA": 3,
      "srcWordEA": 20,
      "character": "슝슝이,현우,코,기계",
      "setting": "오늘,첫날,진료실",
      "action": "진료하는,훌쩍이며,들어왔어요,치료하는,대니,고개를 요리조리 피하네요",
      "feeling": null,
      "causalRelationship": null,
      "outcomeResolution": null,
      "prediction": null,
      "plotSummaryInfoCount": 1,
      "plotSummaryInfo": {
        "classification": "신체운동_건강",
        "readAge": "유아",
        "form": "short-form",
        "plotSummaryText": "슝슝이가 진료하는 첫날, 현우가 코를 훌쩍이며 진료실로 들어왔고 콧속을 치료하는 기계를 대자 고개를 요리조리 피합니다.",
        "textWordEA": 15
      }
    },
    {
      "srcTextID": "119465",
      "srcText": "슝슝이는 이비인후과를 열었고 지구인 친구들이 더 많이 생겼답니다. 코코가 멋진 캡슐 우주선을 만들어 낸 날, 슝슝이는 코코에게 말했어요. \"코코, 너에게 줄 선물이 있어.\" \"와! 뭐야, 뭐야?\"",
      "srcPage": 19,
      "srcSentenceEA": 4,
      "srcWordEA": 28,
      "character": "슝슝,이비인후과,친구들,코코,우주선,너,선물",
      "setting": null,
      "action": "열었고,많이 생겼답니다,만들어 낸,말했어요,줄",
      "feeling": null,
      "causalRelationship": null,
      "outcomeResolution": null,
      "prediction": null,
      "plotSummaryInfoCount": 1,
      "plotSummaryInfo": {
        "classification": "신체운동_건강",
        "readAge": "유아",
        "form": "long-form",
        "plotSummaryText": "이비인후과를 연 슝슝이는 지구인 친구들이 더 많이 생겼고, 코코가 멋진 캡슐 우주선을 만들어 낸 날 슝슝이는 선물이 있다고 말했습니다.",
        "textWordEA": 19
      }
    },
    {
      "srcTextID": "119466",
      "srcText": "코코에게 준 선물은 바로 귀마개예요. 슝슝이가 잠자면서 뿡뿡 요란하게 뀌어 대는 방귀 소리 때문에 코코는 잠을 설치곤 했대요. 그런데 코마개는 필요 없다고 하는 걸 보면 아무래도 방귀 냄새를 못 맡나 봐요. 내일은 코코의 콧속을 검사해 봐야겠어요.",
      "srcPage": 20,
      "srcSentenceEA": 4,
      "srcWordEA": 39,
      "character": "코코,선물,귀마개,코마개",
      "setting": null,
      "action": "준,잠자면서,뀌어 대는,잠을 설치곤 했대요,못 맡나 봐요,검사해 봐야겠어요",
      "feeling": null,
      "causalRelationship": null,
      "outcomeResolution": null,
      "prediction": null,
      "plotSummaryInfoCount": 1,
      "plotSummaryInfo": {
        "classification": "신체운동_건강",
        "readAge": "유아",
        "form": "long-form",
        "plotSummaryText": "슝슝이의 요란한 방귀 소리에 잠을 설치는 코코를 위해 귀마개를 선물했는데, 글쎄 코마개는 필요 없다고 하는 걸 보면 냄새를 못 맡는 것 같아 내일 코코의 콧속을 검사해 봐야겠습니다.",
        "textWordEA": 27
      }
    },
    {
      "srcTextID": "119448",
      "srcText": "슝슝이랑 로봇 코코가 탄 우주선이 지구의 싹다나병원 창문으로 쏙 들어가더니 쿵 떨어졌어요. 얌전히 오려고 했는데 그만 소란을 피웠네요. \"안녕! 난 벌름벌름흥별에서 온 슝슝이야.\"",
      "srcPage": 1,
      "srcSentenceEA": 3,
      "srcWordEA": 25,
      "character": "슝슝이,코코,우주선",
      "setting": "지구,싹다나병원,벌름벌름흥별",
      "action": "들어가더니,떨어졌어요,얌전히 오려고 했는데,소란을 피웠네요",
      "feeling": null,
      "causalRelationship": null,
      "outcomeResolution": null,
      "prediction": null,
      "plotSummaryInfoCount": 1,
      "plotSummaryInfo": {
        "classification": "신체운동_건강",
        "readAge": "유아",
        "form": "short-form",
        "plotSummaryText": "슝슝이랑 로봇 코코가 탄 우주선은 얌전히 오려고 했지만, 지구의 싹다나병원 창문으로 쿵 떨어져서, 슝슝이는 벌름벌름흥별에서 왔다고 인사를 건넸습니다.",
        "textWordEA": 18
      }
    },
    {
      "srcTextID": "119449",
      "srcText": "\"안녕, 슝슝. 난 너를 담당할 의사란다. 싹다나병원이 너희 별에까지 소문났다고?\" \"응. 나는 코골이 수술을 받으러 왔어. 지구에서는 이비인후과에서 귀, 코, 목구멍을 다 치료한다며?\" \"맞아. 네 코골이 수술은 내일 하자.\"",
      "srcPage": 3,
      "srcSentenceEA": 6,
      "srcWordEA": 34,
      "character": "슝슝,너,의사,귀,코,목구멍",
      "setting": "싹다나병원,지구,이비인후과,내일",
      "action": "담당할,소문났다고,수술을 받으러 왔어,치료한다며,하자",
      "feeling": null,
      "causalRelationship": null,
      "outcomeResolution": null,
      "prediction": null,
      "plotSummaryInfoCount": 1,
      "plotSummaryInfo": {
        "classification": "신체운동_건강",
        "readAge": "유아",
        "form": "long-form",
        "plotSummaryText": "슝슝이는 코골이 수술을 받으러 왔는데 지구에서는 이비인후과에서 귀, 코, 목구멍을 다 치료하는 게 맞는지 물었더니 의사가 치료한다면서 내일 코골이 수술을 하자고 하였습니다.",
        "textWordEA": 22
      }
    },
    {
      "srcTextID": "119452",
      "srcText": "깨끗해진 콧속을 살펴볼까요? 우아, 콧구멍을 지나 목구멍으로 길이 이어지는 게 신기하죠? 코로 냄새를 어떻게 맡는지 알려 줄게요.",
      "srcPage": 7,
      "srcSentenceEA": 3,
      "srcWordEA": 19,
      "character": "콧속,콧구멍,목구멍,냄새",
      "setting": null,
      "action": "살펴볼까요,지나,이어지는 게,맡는지,알려 줄게요",
      "feeling": "신기하죠",
      "causalRelationship": null,
      "outcomeResolution": null,
      "prediction": null,
      "plotSummaryInfoCount": 1,
      "plotSummaryInfo": {
        "classification": "신체운동_건강",
        "readAge": "유아",
        "form": "short-form",
        "plotSummaryText": "깨끗해진 콧속을 살펴보면 콧구멍에서 목구멍으로 길이 이어져 있고, 코로 냄새를 어떻게 맡는지도 알아봅시다.",
        "textWordEA": 13
      }
    },
    {
      "srcTextID": "119457",
      "srcText": "이번엔 콧구멍에 넣었던 솜을 쏙쏙 꺼냈어요. \"흠흠, 코가 뻥 뚫리니까 시원하다. 슝슝! 코딱지가 생기면 그냥 두어야 해?\" \"아니, 그러면 안 돼. 코딱지에 대해 알아볼까?\"",
      "srcPage": 11,
      "srcSentenceEA": 6,
      "srcWordEA": 27,
      "character": "콧구멍,솜,코,코딱지",
      "setting": null,
      "action": "넣었던,쏙쏙 꺼냈어요,뻥 뚫리니까,생기면,그냥 두어야 해,알아볼까",
      "feeling": "시원하다",
      "causalRelationship": null,
      "outcomeResolution": null,
      "prediction": null,
      "plotSummaryInfoCount": 1,
      "plotSummaryInfo": {
        "classification": "신체운동_건강",
        "readAge": "유아",
        "form": "long-form",
        "plotSummaryText": "콧구멍에 넣었던 솜을 꺼내자, 코가 뻥 뚫리니까 시원한데 코딱지는 그냥 두어야 하는지 묻자 슝슝이는 그러면 안 된다며 코딱지에 대해 알아보자고 했습니다.",
        "textWordEA": 21
      }
    },
    {
      "srcTextID": "119460",
      "srcText": "슝슝이는 집으로 돌아가는 길에 넋을 잃고 장난감을 구경하는 꼬마를 보았어요. \"꼬마야, 아이스크림 다 녹는다.\" 꼬마는 들은 척도 안 해요. 슝슝이는 좀 더 큰 소리로 말했어요. \"뭐라고? 잘 안 들려.\"",
      "srcPage": 14,
      "srcSentenceEA": 5,
      "srcWordEA": 32,
      "character": "슝슝이,장난감,꼬마,아이스크림",
      "setting": null,
      "action": "돌아가는,넋을 잃고,구경하는,보았어요,다 녹는다,들은 척도 안 해요,말했어요,잘 안 들려",
      "feeling": null,
      "causalRelationship": null,
      "outcomeResolution": null,
      "prediction": null,
      "plotSummaryInfoCount": 1,
      "plotSummaryInfo": {
        "classification": "신체운동_건강",
        "readAge": "유아",
        "form": "long-form",
        "plotSummaryText": "슝슝이는 집으로 가는 길에 장난감을 구경하는 꼬마를 보고 아이스크림 다 녹는다고 했지만, 들은 척도 안 해 더 큰 소리로 말하자 그 아이는 잘 안 들린다고 말했습니다.",
        "textWordEA": 26
      }
    },
    {
      "srcTextID": "119464",
      "srcText": "슝슝이가 정식 의사가 되었어요. 환자들을 치료하는 틈틈이 열심히 공부하여 의사 시험을 준비하던 날들이 떠올랐어요. \"이야! 슝슝, 축하해. 너 합격했어.\" \"정말? 신난다, 드디어 내 꿈을 이루었어.\"",
      "srcPage": 18,
      "srcSentenceEA": 5,
      "srcWordEA": 29,
      "character": "슝슝이,의사,환자들,시험",
      "setting": null,
      "action": "되었어요,치료하는,공부하여,준비하던,떠올랐어요,합격했어,이루었어",
      "feeling": "신난다",
      "causalRelationship": null,
      "outcomeResolution": null,
      "prediction": null,
      "plotSummaryInfoCount": 1,
      "plotSummaryInfo": {
        "classification": "신체운동_건강",
        "readAge": "유아",
        "form": "long-form",
        "plotSummaryText": "슝슝이는 환자들을 치료하는 틈틈이 의사 시험을 준비하여 드디어 정식 의사가 되었고, 드디어 꿈을 이루었습니다.",
        "textWordEA": 14
      }
    },
    {
      "srcTextID": "119454",
      "srcText": "숨을 쉬면 냄새 알갱이가 콧속으로 들어와요. 그러면 사람의 눈으로는 안 보이는 아주 작고 가느다란 털들이 냄새 알갱이가 들어왔다고 뇌에 전하죠. 그럼, 뇌에서 어떤 냄새인지 알려 주는 거예요. '고소하다! 구리다! 향기롭다!' 이렇게 말이에요.",
      "srcPage": 9,
      "srcSentenceEA": 6,
      "srcWordEA": 37,
      "character": "냄새 알갱이,사람,눈,털들,뇌",
      "setting": "콧속",
      "action": "숨을 쉬면,들어와요,안 보이는,들어왔다고,전하죠,알려 주는 거예요",
      "feeling": null,
      "causalRelationship": null,
      "outcomeResolution": null,
      "prediction": null,
      "plotSummaryInfoCount": 1,
      "plotSummaryInfo": {
        "classification": "신체운동_건강",
        "readAge": "유아",
        "form": "long-form",
        "plotSummaryText": "숨을 쉬면 냄새 알갱이가 콧속으로 들어오고, 눈에 보이지 않는 아주 작고 가느다란 털들이 냄새 알갱이가 들어왔다고 뇌에 전하면 뇌는 고소한 냄새인지 향기로운 냄새인지 알려 줍니다.",
        "textWordEA": 25
      }
    },
    {
      "srcTextID": "119458",
      "srcText": "\"그냥 둘 수도 없고 함부로 파도 안 되고. 으앙, 그럼, 코딱지를 어떻게 해?\" \"좋은 방법이 있지! 코딱지가 생기면 콧속을 물로 적셔서 촉촉하게 하고 코를 살살 푼 다음 손을 깨끗이 씻으면 돼.\" \"응, 고마워, 슝슝! 앞으로는 코를 함부로 파지 않을게.\"",
      "srcPage": 13,
      "srcSentenceEA": 6,
      "srcWordEA": 42,
      "character": "코딱지,콧속,물,코,손",
      "setting": null,
      "action": "둘 수도 없고,파도 안 되고,생기면,적셔서,촉촉하게 하고,살살 푼 다음,깨끗이 씻으면 돼,파지 않을게",
      "feeling": "고마워",
      "causalRelationship": null,
      "outcomeResolution": null,
      "prediction": null,
      "plotSummaryInfoCount": 1,
      "plotSummaryInfo": {
        "classification": "신체운동_건강",
        "readAge": "유아",
        "form": "long-form",
        "plotSummaryText": "코딱지를 어떻게 하냐고 묻자 슝슝이가 코딱지가 생기면 콧속을 물로 적셔서 촉촉하게 하고 코를 살살 푼 다음 손을 깨끗이 씻으면 된다고 얄려주니, 앞으로는 코를 함부로 파지 않겠다고 말했습니다.",
        "textWordEA": 27
      }
    },
    {
      "srcTextID": "119462",
      "srcText": "슝슝이는 꼬마 귀에 대고 외쳤어요. \"이, 비, 인, 후, 과, 에, 와, 서, 나, 한, 테, 귀, 검, 사, 받, 아.\" \"쳇, 외계인이 지구인의 귀를 알겠니?\" 슝슝이는 귓속에 대해 꼼꼼히 알려 줬어요.",
      "srcPage": 15,
      "srcSentenceEA": 4,
      "srcWordEA": 33,
      "character": "슝슝이,꼬마,외계인,지구인,귀",
      "setting": null,
      "action": "외쳤어요,알겠니,알려 줬어요",
      "feeling": null,
      "causalRelationship": null,
      "outcomeResolution": null,
      "prediction": null,
      "plotSummaryInfoCount": 1,
      "plotSummaryInfo": {
        "classification": "신체운동_건강",
        "readAge": "유아",
        "form": "long-form",
        "plotSummaryText": "꼬마 귀에 대고 이비인후과에 와서 귀 검사를 받으라고 했더니 외계인이 지구인의 귀를 알겠냐고 무시하자 슝슝이는 귓속에 대해 꼼꼼히 알려 줬습니다.",
        "textWordEA": 20
      }
    },
    {
      "srcTextID": "119463",
      "srcText": "며칠 뒤, 꼬마가 병원에 왔어요. 슝슝이는 꼬마의 귓속을 자세히 살펴보고 귀가 잘 들리는지 검사했어요. 꼬마는 왼쪽 고막을 다쳐서 잘 못 들은 거였어요. 다행히 상처가 깊지 않아서 조금만 치료하면 되지요.",
      "srcPage": 17,
      "srcSentenceEA": 4,
      "srcWordEA": 32,
      "character": "꼬마,슝슝이,귀,고막,상처",
      "setting": "며칠 뒤,병원",
      "action": "왔어요,자세히 살펴보고,검사했어요,다쳐서,잘 못 들은 거였어요,치료하면 되지요",
      "feeling": null,
      "causalRelationship": null,
      "outcomeResolution": null,
      "prediction": null,
      "plotSummaryInfoCount": 1,
      "plotSummaryInfo": {
        "classification": "신체운동_건강",
        "readAge": "유아",
        "form": "long-form",
        "plotSummaryText": "며칠 뒤 병원에 꼬마가 찾아와 슝슝이는 귓속을 자세히 살펴보고 잘 들리는지 검사했더니, 왼쪽 고막을 다쳐서 잘 못 들은 거였고 상처가 깊지 않아서 조금만 치료하면 되는 정도였습니다.",
        "textWordEA": 26
      }
    },
    {
      "srcTextID": "119453",
      "srcText": "냄새를 느끼는 곳. 기관지 공기가 지나다니는 길. 식도 음식물이 지나가는 길.",
      "srcPage": 8,
      "srcSentenceEA": 3,
      "srcWordEA": 13,
      "character": "기관지,식도,음식물,길",
      "setting": null,
      "action": "느끼는,지나다니는,지나가는",
      "feeling": null,
      "causalRelationship": null,
      "outcomeResolution": null,
      "prediction": null,
      "plotSummaryInfoCount": 1,
      "plotSummaryInfo": {
        "classification": "신체운동_건강",
        "readAge": "유아",
        "form": "short-form",
        "plotSummaryText": "냄새를 느끼는 곳과 기관지 공기가 지나다니는 길, 그리고 식도 음식물이 지나가는 길이 있습니다.",
        "textWordEA": 13
      }
    },
    {
      "srcTextID": "119450",
      "srcText": "와! 이비인후과는 정말 놀라워요. 이젠 드르렁드르렁 코를 골지 않고 새근새근 잘 수 있게 됐어요. 슝슝이도 의사가 되고 싶었어요. 슝슝이는 열심히 공부해서 이비인후과 보조 의사가 되었고, 코코는 환자를 돌보는 간호사가 됐답니다.",
      "srcPage": 4,
      "srcSentenceEA": 4,
      "srcWordEA": 34,
      "character": "슝슝이,의사,코코,환자,간호사",
      "setting": null,
      "action": "골지 않고,잘 수 있게 됐어요,되고 싶었어요,공부해서,돌보는,됐답니다",
      "feeling": "정말 놀라워요",
      "causalRelationship": null,
      "outcomeResolution": null,
      "prediction": null,
      "plotSummaryInfoCount": 1,
      "plotSummaryInfo": {
        "classification": "신체운동_건강",
        "readAge": "유아",
        "form": "long-form",
        "plotSummaryText": "이비인후과 덕분에 코를 골지 않고 잘 수 있게 되자 슝슝이는 열심히 공부해서 이비인후과 보조 의사가 되었고, 코코는 환자를 돌보는 간호사가 되었습니다.",
        "textWordEA": 21
      }
    },
    {
      "srcTextID": "119451",
      "srcText": "\"뽕뽕 동굴에 뭐가 숨었나? 누런 코가 쭈욱 삐져나왔네.\" 현우가 생끗 웃는 사이 콧속에 기계를 쏘옥 넣고 슝! 콧물을 빼내 주었죠.",
      "srcPage": 6,
      "srcSentenceEA": 4,
      "srcWordEA": 23,
      "character": "코,현우,기계,콧물",
      "setting": "동굴,콧속",
      "action": "숨었나,쭈욱 삐져나왔네,생끗 웃는,쏘옥 넣고,빼내 주었죠",
      "feeling": null,
      "causalRelationship": null,
      "outcomeResolution": null,
      "prediction": null,
      "plotSummaryInfoCount": 1,
      "plotSummaryInfo": {
        "classification": "신체운동_건강",
        "readAge": "유아",
        "form": "long-form",
        "plotSummaryText": "뽕뽕 동굴에 뭐가 숨었나 하자 현우가 웃었고, 그 사이 콧속에 기계를 넣고 누런 코를 쭉 빼내 주었습니다.",
        "textWordEA": 17
      }
    },
    {
      "srcTextID": "119456",
      "srcText": "슝슝이가 현우의 콧구멍에 약을 적신 솜을 쑥쑥 넣었어요. \"윽, 으윽! 슝슝, 코가 답답해.\" \"조금만 참아. 코딱지를 함부로 파서 생긴 상처랑 코감기 때문에 부은 콧속을 치료하는 거야.\"",
      "srcPage": 10,
      "srcSentenceEA": 5,
      "srcWordEA": 28,
      "character": "슝슝이,현우,콧구멍,약,솜,코,코딱지,콧속",
      "setting": null,
      "action": "적신,쑥쑥 넣었어요,참아,파서,생긴,부은,치료하는 거야",
      "feeling": "답답해",
      "causalRelationship": null,
      "outcomeResolution": null,
      "prediction": null,
      "plotSummaryInfoCount": 1,
      "plotSummaryInfo": {
        "classification": "신체운동_건강",
        "readAge": "유아",
        "form": "long-form",
        "plotSummaryText": "콧구멍에 약을 적신 솜을 넣자, 현우는 코가 답답하다고 소리쳤고 슝슝이는 코딱지를 함부로 파서 생긴 상처랑 코감기 때문에 부은 콧속을 치료하는 거니까 조금만 참으라고 했습니다.",
        "textWordEA": 24
      }
    },
    {
      "srcTextID": "119459",
      "srcText": "콧속으로 들어간 공기 중의 먼지나 세균 등이 코털에 걸려요. 먼지나 세균 등이 콧물과 섞여 뭉치면 코딱지가 돼요. \"우웩! 코딱지는 더러운 거네.\"",
      "srcPage": 12,
      "srcSentenceEA": 3,
      "srcWordEA": 23,
      "character": "먼지,세균,코털,콧물,코딱지",
      "setting": null,
      "action": "들어간,걸려요,섞여,뭉치면",
      "feeling": null,
      "causalRelationship": null,
      "outcomeResolution": null,
      "prediction": null,
      "plotSummaryInfoCount": 1,
      "plotSummaryInfo": {
        "classification": "신체운동_건강",
        "readAge": "유아",
        "form": "short-form",
        "plotSummaryText": "콧속으로 들어간 먼지나 세균 등이 코털에 걸려 콧물과 뭉치면 코딱지가 된다고 설명하자 코딱지는 더럽다고 생각했습니다.",
        "textWordEA": 15
      }
    },
    {
      "srcTextID": "119461",
      "srcText": "세반고리관 몸의 방향이나 균형을 느끼게 해요. 고막 소리의 떨림을 안쪽으로 전달해요. 달팽이관 소리의 떨림을 속귀 신경에 전달해요.",
      "srcPage": 16,
      "srcSentenceEA": 3,
      "srcWordEA": 19,
      "character": "몸,신경,세반고리관,고막,달팽이관",
      "setting": null,
      "action": "전달해요",
      "feeling": null,
      "causalRelationship": null,
      "outcomeResolution": null,
      "prediction": null,
      "plotSummaryInfoCount": 1,
      "plotSummaryInfo": {
        "classification": "신체운동_건강",
        "readAge": "유아",
        "form": "short-form",
        "plotSummaryText": "세반고리관은 몸의 방향이나 균형을 느끼게 해주고 고막은 소리의 떨림을 안쪽으로 전달하고, 달팽이관은 소리의 떨림을 속귀 신경에 전달합니다.",
        "textWordEA": 17
      }
    }
  ]
}