{
  "title": "나쁜 비밀이 생겼어요",
  "author": "김민지",
  "illustrator": "젤리이모",
  "isbn": "9788968735851",
  "publishedYear": 2018,
  "publisher": "키움북스",
  "paragraphInfoCount": 21,
  "paragraphInfo": [
    {
      "srcTextID": "43412",
      "srcText": "그러자 아저씨가 갑자기 무서운 얼굴로 사납게 말했어요. “이놈! 어른한테 그러면 못써!” 아저씨는 산호가 예뻐서 그러는 거야!",
      "srcPage": 14,
      "srcSentenceEA": 3,
      "srcWordEA": 18,
      "character": "아저씨,얼굴,산호",
      "setting": null,
      "action": "사납게 말했어요",
      "feeling": "무서운",
      "causalRelationship": null,
      "outcomeResolution": null,
      "prediction": "아저씨는 산호가 예뻐서 그러는 거야!",
      "plotSummaryInfoCount": 1,
      "plotSummaryInfo": {
        "classification": "신체운동_건강",
        "readAge": "유아",
        "form": "short-form",
        "plotSummaryText": "아저씨가 무서운 얼굴로 어른한테 그러면 못 쓴다며 산호가 예뻐서 그러는 거라고 사납게 말했어요.",
        "textWordEA": 13
      }
    },
    {
      "srcTextID": "43413",
      "srcText": "산호의 이야기가 끝나자 엄마가 말했습니다. “산호가 매우 무서웠겠구나. 말해줘서 고마워.” “근데 아저씨는 아빠, 엄마랑 친한데 나한테 왜 나쁜 짓을 했는지 잘 모르겠어요.” “무섭게 생기고 모르는 사람만이 나쁜 사람이 아니란다. 이웃집 아저씨가 산호의 몸을 만졌으니 나쁜 어른이지 산호의 잘못이 아니야.”",
      "srcPage": 16,
      "srcSentenceEA": 6,
      "srcWordEA": 41,
      "character": "산호,엄마,아저씨,아빠,이웃집 아저씨,몸",
      "setting": null,
      "action": "만졌으니,말해줘서,모르겠어요,생기고,모르는",
      "feeling": "무서웠겠구나,고마워,무섭게",
      "causalRelationship": null,
      "outcomeResolution": null,
      "prediction": null,
      "plotSummaryInfoCount": 1,
      "plotSummaryInfo": {
        "classification": "신체운동_건강",
        "readAge": "유아",
        "form": "long-form",
        "plotSummaryText": "엄마는 산호에게 무서웠을 텐데 말해줘서 고맙다며 무섭게 생기고 모르는 사람만이 나쁜 사람이 아니고 아저씨가 산호의 몸을 만졌으니까 나쁜 어른이라고 말했습니다.",
        "textWordEA": 20
      }
    },
    {
      "srcTextID": "43407",
      "srcText": "나에게 나쁜 일이 생겼어요. 어떻게 해야 할까요? 옷이나 팬티를 몰래 숨기지 않아요. 추후 법적인 조치를 취할 경우를 대비하여 필요한 증거물을 보존하세요.",
      "srcPage": 7,
      "srcSentenceEA": 4,
      "srcWordEA": 24,
      "character": "옷,팬티,증거물,나",
      "setting": null,
      "action": "생겼어요,해야 할까요,숨기지 않아요,대비하여,보존하세요",
      "feeling": null,
      "causalRelationship": null,
      "outcomeResolution": null,
      "prediction": null,
      "plotSummaryInfoCount": 1,
      "plotSummaryInfo": {
        "classification": "신체운동_건강",
        "readAge": "유아",
        "form": "long-form",
        "plotSummaryText": "나에게 나쁜 일이 생겼을 때는 옷이나 팬티를 숨기지 않고 필요한 증거물을 보존하세요.",
        "textWordEA": 12
      }
    },
    {
      "srcTextID": "43409",
      "srcText": "씻지 말고 병원에 가서 도움을 받아요. 가능한 한 빨리 아동 성폭력 관련기관이나 가까운 병원에서 필요한 상담과 진료를 받으세요. 잊어버리기 전에 그림으로 그리거나 녹음을 해둬요. 아이가 편안한 상태에서 이야기를 할 수 있도록 반복해서 묻거나 다그치지 마세요.",
      "srcPage": 9,
      "srcSentenceEA": 4,
      "srcWordEA": 38,
      "character": "그림,아이",
      "setting": "병원,아동 성폭력 관련기관",
      "action": "씻지 말고,가서,그리거나,다그치지 마세요,이야기 할 수 있도록",
      "feeling": "편안한",
      "causalRelationship": null,
      "outcomeResolution": null,
      "prediction": null,
      "plotSummaryInfoCount": 1,
      "plotSummaryInfo": {
        "classification": "신체운동_건강",
        "readAge": "유아",
        "form": "long-form",
        "plotSummaryText": "씻지 말고 병원에 가서 필요한 상담과 진료를 받고, 잊어버리기 전에 그림을 그리거나 녹음을 해두고, 아이가 편안한 상태에서 이야기할 수 있도록 다그치지 마세요.",
        "textWordEA": 22
      }
    },
    {
      "srcTextID": "43405",
      "srcText": "나만 보는 소중한 곳은 어디일까요? 왜 다른 사람이 만지거나 보면 안 되나요? 어른이 되면 아기를 만드는 중요한 곳이에요. 나의 소중한 몸은 아무나 만지거나 보면 안 되는 내 것이에요. ",
      "srcPage": 10,
      "srcSentenceEA": 4,
      "srcWordEA": 31,
      "character": "어른,아기,몸,사람,나",
      "setting": null,
      "action": "만지거나,보면,어디일까요,되면",
      "feeling": "소중한",
      "causalRelationship": null,
      "outcomeResolution": "나의 소중한 몸은 아무나 만지거나 보면 안 되는 내 것이에요.",
      "prediction": null,
      "plotSummaryInfoCount": 1,
      "plotSummaryInfo": {
        "classification": "신체운동_건강",
        "readAge": "유아",
        "form": "long-form",
        "plotSummaryText": "나만 보는 소중한 곳은 어른이 되면 아기를 만드는 중요한 곳이기에 나의 소중한 몸은 아무나 만지거나 보면 안 되는 것입니다.",
        "textWordEA": 19
      }
    },
    {
      "srcTextID": "43419",
      "srcText": "오늘처럼 누군가 강제로 산호의 몸을 만지려고 하면 큰 소리로 싫다고 말해야 해. 누군가 너를 억지로 안으려고 하면 몸을 공처럼 둥글게 말아 힘을 주고 큰소리로 도와달라고 외치렴. 대부분의 어른들은 아이에게 도와달라고 하지 않으니까 거절해도 괜찮아.",
      "srcPage": 17,
      "srcSentenceEA": 3,
      "srcWordEA": 36,
      "character": "산호,몸,공,어른들,아이",
      "setting": "오늘처럼",
      "action": "만지려고,안으려고,말아,도와달라고 하지",
      "feeling": "싫다고",
      "causalRelationship": null,
      "outcomeResolution": null,
      "prediction": null,
      "plotSummaryInfoCount": 1,
      "plotSummaryInfo": {
        "classification": "신체운동_건강",
        "readAge": "유아",
        "form": "short-form",
        "plotSummaryText": "어른들은 아이에게 도와 달라고 하지 않으니까 거절해도 괜찮고, 누군가 억지로 안으려고 하면 몸을 공처럼 둥글게 말아 힘을 주고 큰 소리로 도와 달라고 외쳐.",
        "textWordEA": 23
      }
    },
    {
      "srcTextID": "43411",
      "srcText": "잠지나 항문에 무언가를 집어넣으려고 하는 행동은 성폭력이에요. 원하지 않는데 몸의 중요한 부위들을 부비거나 빠는 것 모두 나빠요. 행동으로 하지 않아도, 신체부위나 성적인 말로 농담을 하거나 놀리는 것도 성폭력이에요. 성기나 가슴과 같은 중요한 부위가 아니어도 다른사람이 내 몸을 더듬거나 만져 이상한 기분이 든다면 “싫어요, 하지 마세요.”라고 이야기해요.",
      "srcPage": 12,
      "srcSentenceEA": 6,
      "srcWordEA": 50,
      "character": "잠지,항문,성기,가슴,몸",
      "setting": null,
      "action": "집어넣으려고,부비거나,빠는,더듬거나,만져",
      "feeling": "이상한,싫어요",
      "causalRelationship": null,
      "outcomeResolution": null,
      "prediction": null,
      "plotSummaryInfoCount": 1,
      "plotSummaryInfo": {
        "classification": "신체운동_건강",
        "readAge": "유아",
        "form": "long-form",
        "plotSummaryText": "잠지나 항문에 무언가를 집어놓으려고 하는 행동, 몸의 중요한 부위들을 만지고 빠는 것, 신체 부위나 성적인 말로 농담을 하거나 놀리는 것도 성폭력이며, 다른 사람이 내 몸을 더듬거나 만져 이상한 기분이 들면 싫어요, 하지 말라고 이야기해요.",
        "textWordEA": 34
      }
    },
    {
      "srcTextID": "43406",
      "srcText": "나쁜 접촉과 좋은 접촉의 차이를 설명하여 주세요. 좋은접촉 : 진찰을 위한 탈의, “엄마, 아빠가 나를 안아주고, 뽀뽀를 해요.” 등 나쁜접촉 : “창피해서 싫은데, 병원놀이를 하자고 옷을 벗으라고 해요.” 등",
      "srcPage": 13,
      "srcSentenceEA": 6,
      "srcWordEA": 32,
      "character": "진찰,엄마,아빠,나,옷",
      "setting": null,
      "action": "벗으라고,안아주고,뽀뽀를 해요",
      "feeling": "창피해서,싫은데",
      "causalRelationship": null,
      "outcomeResolution": null,
      "prediction": null,
      "plotSummaryInfoCount": 1,
      "plotSummaryInfo": {
        "classification": "신체운동_건강",
        "readAge": "유아",
        "form": "long-form",
        "plotSummaryText": "좋은 접촉은 진찰을 위한 탈의, 가족들이 나를 안아주고 뽀뽀하는 것 등이고 나쁜 접촉은 창피해서 싫은데 옷을 벗으라고 하는 거예요.",
        "textWordEA": 19
      }
    },
    {
      "srcTextID": "43414",
      "srcText": "오늘 있었던 일은 비밀이야. 엄마한테 말하면 아저씨가 때려 줄 거야! 나는 무서워서 고개를 끄덕이고 집으로 뛰어왔어요.",
      "srcPage": 15,
      "srcSentenceEA": 3,
      "srcWordEA": 18,
      "character": "엄마,아저씨,나",
      "setting": "오늘,집",
      "action": "말하면,때려,끄덕이고,뛰어왔어요",
      "feeling": "무서워서",
      "causalRelationship": null,
      "outcomeResolution": null,
      "prediction": "오늘 있었던 일은 비밀이야.",
      "plotSummaryInfoCount": 1,
      "plotSummaryInfo": {
        "classification": "신체운동_건강",
        "readAge": "유아",
        "form": "short-form",
        "plotSummaryText": "엄마한테 말하면 아저씨가 때려 줄 테니 비밀로 하라고 해서, 무서웠던 나는 고개를 끄덕이고 집으로 뛰어왔어요.",
        "textWordEA": 15
      }
    },
    {
      "srcTextID": "43395",
      "srcText": "햇살이 좋은 오후, 학교에서 집으로 돌아온 산호의 기분이 좋지 않아 보여요. “다녀왔습니다.” “산호 왔니?” 시무룩한 산호의 표정을 보니 오늘 산호에게 무슨 일이 있었던 것 같네요. “산호야, 무슨 일 있었니?” 엄마의 말에도 산호는 입을 꾸욱 다물고 말이 없어요.",
      "srcPage": 1,
      "srcSentenceEA": 5,
      "srcWordEA": 39,
      "character": "산호,엄마,북극곰",
      "setting": "햇살이 좋은 오후,학교에서,집으로",
      "action": "돌아온,다녀왔습니다,다물고",
      "feeling": "좋지 않아",
      "causalRelationship": null,
      "outcomeResolution": null,
      "prediction": null,
      "plotSummaryInfoCount": 1,
      "plotSummaryInfo": {
        "classification": "신체운동_건강",
        "readAge": "유아",
        "form": "long-form",
        "plotSummaryText": "햇살이 좋은 오후, 학교에서 집으로 돌아온 산호의 시무룩한 표정과 엄마의 말에도 입을 꾸욱 다문 산호를 보니 오늘 무슨 일이 일었던 것 같네요.",
        "textWordEA": 22
      }
    },
    {
      "srcTextID": "43394",
      "srcText": "좋아하는 초콜릿 케이크를 앞에 두고도 쳐다 보고만 있네요. “엄마는 산호 편이니까 산호의 고민을 도와주고 싶은데 말해줄 수 없을까?” 산호는 한참을 고민하다 엄마에게 털어놓기 시작했어요. 산호의 이야기를 함께 들어볼까요?",
      "srcPage": 2,
      "srcSentenceEA": 4,
      "srcWordEA": 30,
      "character": "초콜릿 케이크,엄마,산호",
      "setting": null,
      "action": "두고도,쳐다 보고만",
      "feeling": "좋아하는,고민하다",
      "causalRelationship": null,
      "outcomeResolution": "산호는 한참을 고민하다 엄마에게 털어놓기 시작했어요.",
      "prediction": null,
      "plotSummaryInfoCount": 1,
      "plotSummaryInfo": {
        "classification": "신체운동_건강",
        "readAge": "유아",
        "form": "long-form",
        "plotSummaryText": "좋아하는 초콜릿 케이크를 먹지 않자, 엄마는 산호 편이니 도와주고 싶다고 말했고 산호는 고민 끝에 이야기를 털어놓기 시작했어요.",
        "textWordEA": 17
      }
    },
    {
      "srcTextID": "43398",
      "srcText": "“엄마, 오늘 집으로 오는 좁은 골목에서 이웃집 아저씨를 만났어요. 좁은 골목은 사람이 많이 다니지 않아서 조금 무서웠지만, 난 우리동네 길도 잘 알고 빨리 집에 오고 싶었거든요.” “산호구나? 집에 가니?” “네, 안녕하세요?” “산호야, 아저씨 좀 도와줄래? 아저씨네 잠깐 들렀다 가렴.” ",
      "srcPage": 3,
      "srcSentenceEA": 6,
      "srcWordEA": 42,
      "character": "엄마,이웃집 아저씨,사람,산호,아저씨",
      "setting": "오늘,집,좁은 골목",
      "action": "오는,만났어요,다니지,들렀다,가렴",
      "feeling": "무서웠지만",
      "causalRelationship": null,
      "outcomeResolution": null,
      "prediction": null,
      "plotSummaryInfoCount": 1,
      "plotSummaryInfo": {
        "classification": "신체운동_건강",
        "readAge": "유아",
        "form": "long-form",
        "plotSummaryText": "집으로 빨리 오고 싶던 산호는 좁은 골목으로 오는 길에 이웃집 아저씨를 만났는데 도와 달라며 아저씨 집에 잠깐 들렀다 가라고 했어요.",
        "textWordEA": 20
      }
    },
    {
      "srcTextID": "43425",
      "srcText": "누군가 너를 억지로 안으려고 하면 몸을 공처럼 둥글게 말아 힘을 주고 큰소리로 도와달라고 외치렴. 산호는 아빠에게도 아저씨와 있었던 일을 그림으로 그려 보여줬습니다. “근데 아빠 아저씨가 다른 사람에게 아저씨랑 약속한 비밀을 말하면 우리집에 와서 엄마랑 아빠랑 다 때려 주겠다고 했어요. 나 때문에 우리 가족이 다치면 어떡해요? 나는 너무 무서워요.”",
      "srcPage": 18,
      "srcSentenceEA": 5,
      "srcWordEA": 51,
      "character": "산호,아빠,몸,공,아저씨,그림,다른 사람,엄마,우리 가족,나",
      "setting": "우리집",
      "action": "안으려고,말아,그려,보여줬습니다,때려,다치면",
      "feeling": "무서워요",
      "causalRelationship": null,
      "outcomeResolution": null,
      "prediction": "나 때문에 우리 가족이 다치면 어떡해요?",
      "plotSummaryInfoCount": 1,
      "plotSummaryInfo": {
        "classification": "신체운동_건강",
        "readAge": "유아",
        "form": "long-form",
        "plotSummaryText": "산호는 아빠에게도 있었던 일을 그림으로 그려 보여주면서 아저씨랑 약속한 비밀을 말해 가족이 다칠까 봐 무섭다고 말했어요.",
        "textWordEA": 16
      }
    },
    {
      "srcTextID": "43426",
      "srcText": "아빠는 산호의 이야기를 침착하게 다 듣고 나서 산호를 안고 다독이며 말했습니다. 아빠한테 아주 용기 있게 잘 말해줬어. 너를 아프고 무섭게하는 나쁜 비밀은 지킬 필요가 없어.",
      "srcPage": 19,
      "srcSentenceEA": 3,
      "srcWordEA": 27,
      "character": "아빠,산호",
      "setting": null,
      "action": "듣고,안고,다독이며,말했습니다,말해줬어",
      "feeling": "무섭게하는",
      "causalRelationship": null,
      "outcomeResolution": "너를 아프고 무섭게하는 나쁜 비밀은 지킬 필요가 없어.",
      "prediction": null,
      "plotSummaryInfoCount": 1,
      "plotSummaryInfo": {
        "classification": "신체운동_건강",
        "readAge": "유아",
        "form": "short-form",
        "plotSummaryText": "이야기를 다 들은 아빠는 산호를 아프고 무섭게 하는 나쁜 비밀은 지킬 필요가 없다며 산호를 안고 다독여 주었어요.",
        "textWordEA": 17
      }
    },
    {
      "srcTextID": "43427",
      "srcText": "엄마, 아빠한테 이야기한 것 때문에 네가 나쁜 아이가 되지는 않아. 아빠, 엄마가 산호를 지켜줄게. 걱정하지 않아도 괜찮아.",
      "srcPage": 20,
      "srcSentenceEA": 3,
      "srcWordEA": 19,
      "character": "엄마,아빠,아이,산호",
      "setting": null,
      "action": "이야기한,지켜줄게",
      "feeling": "걱정하지",
      "causalRelationship": null,
      "outcomeResolution": null,
      "prediction": null,
      "plotSummaryInfoCount": 1,
      "plotSummaryInfo": {
        "classification": "신체운동_건강",
        "readAge": "유아",
        "form": "short-form",
        "plotSummaryText": "아빠, 엄마에게 이야기한 것 때문에 나쁜 아이가 되지 않고 아빠, 엄마가 지켜줄 테니 걱정하지 말라고 했어요.",
        "textWordEA": 16
      }
    },
    {
      "srcTextID": "43430",
      "srcText": "“이제 무섭지 않아요! 초콜릿 케이크도 먹고 싶어졌어요.” “그래, 우리 다 같이 맛있게 먹자!” 산호네 가족은 앞마당으로 나가 케이크를 먹기로 했어요. 산호는 콩닥콩닥 뛰었던 무서운 마음이 바람에 다 날아가고 편안한 기분이 들었어요.",
      "srcPage": 21,
      "srcSentenceEA": 5,
      "srcWordEA": 34,
      "character": "산호네 가족,케이크,산호",
      "setting": "앞마당",
      "action": "먹기로,나가,뛰었던,날아가고",
      "feeling": "무서운,편안한",
      "causalRelationship": null,
      "outcomeResolution": "산호는 콩닥콩닥 뛰었던 무서운 마음이 바람에 다 날아가고 편안한 기분이 들었어요.",
      "prediction": null,
      "plotSummaryInfoCount": 1,
      "plotSummaryInfo": {
        "classification": "신체운동_건강",
        "readAge": "유아",
        "form": "long-form",
        "plotSummaryText": "산호네 가족은 앞마당으로 나가 케이크를 먹기로 했고, 산호는 무서운 마음이 바람에 날아가 편안한 기분이 들었어요.",
        "textWordEA": 15
      }
    },
    {
      "srcTextID": "43399",
      "srcText": "“엄마가 아무나 따라가지 말라고 그랬는데” “아저씨는 산호도 알고 아빠, 엄마랑도 친구잖아.” 이웃집 아저씨는 아는 사람이니까 따라가도 괜찮을 것 같아서 아저씨네 집으로 갔어요.",
      "srcPage": 4,
      "srcSentenceEA": 3,
      "srcWordEA": 23,
      "character": "엄마,아저씨,산호,아빠,친구,이웃집 아저씨",
      "setting": "아저씨네 집",
      "action": "따라가지,갔어요,알고,아는",
      "feeling": null,
      "causalRelationship": "이웃집 아저씨는 아는 사람이니까 따라가도 괜찮을 것 같아서 아저씨네 집으로 갔어요.",
      "outcomeResolution": null,
      "prediction": null,
      "plotSummaryInfoCount": 1,
      "plotSummaryInfo": {
        "classification": "신체운동_건강",
        "readAge": "유아",
        "form": "short-form",
        "plotSummaryText": "엄마가 아무나 따라가지 말라고 했지만, 이웃집 아저씨는 아는 사람이니까 괜찮을 것 같아서 아저씨네 집으로 갔어요.",
        "textWordEA": 15
      }
    },
    {
      "srcTextID": "43400",
      "srcText": "“이야 산호 키가 많이 컸구나, 어디 고추도 얼마나 컸는지 아저씨가 한번 볼까?” 아저씨가 이렇게 말하며 내 옷을 벗기려고 했어요. 나는 깜짝 놀라서 바지를 꽉 잡고 보여주지 않았어요. “안 돼요!” 너무 창피하고 싫어서 크게 소리쳤어요.",
      "srcPage": 5,
      "srcSentenceEA": 5,
      "srcWordEA": 37,
      "character": "산호,고추,아저씨,바지",
      "setting": null,
      "action": "컸는지,볼까,벗기려고,꽉 잡고,소리쳤어요",
      "feeling": "깜짝 놀라서,창피하고,싫어서",
      "causalRelationship": null,
      "outcomeResolution": null,
      "prediction": null,
      "plotSummaryInfoCount": 1,
      "plotSummaryInfo": {
        "classification": "신체운동_건강",
        "readAge": "유아",
        "form": "long-form",
        "plotSummaryText": "아저씨가 산호에게 키가 많이 컸고 고추도 얼마나 컸는지 한번 보자고 말하며 산호의 옷을 벗기려고 하자, 산호는 깜짝 놀라서 바지를 꽉 잡고 크게 소리쳤어요.",
        "textWordEA": 23
      }
    },
    {
      "srcTextID": "43401",
      "srcText": "그러자 아저씨는 억지로 나를 안아서 고추를 만지고 뽀뽀를 했어요. “아저씨는 산호가 귀엽고 아들 같아서 그러지!” 나는 아저씨가 나를 만지는 것이 기분이 나빠서 크게 소리쳤어요. “싫어요! 하지 마세요!!” 싫어요!",
      "srcPage": 6,
      "srcSentenceEA": 5,
      "srcWordEA": 31,
      "character": "아저씨,고추,산호,아들",
      "setting": null,
      "action": "안아서,만지고,뽀뽀를 했어요,소리쳤어요",
      "feeling": "귀엽고,기분이 나빠서,싫어요",
      "causalRelationship": "나는 아저씨가 나를 만지는 것이 기분이 나빠서 크게 소리쳤어요.",
      "outcomeResolution": null,
      "prediction": null,
      "plotSummaryInfoCount": 1,
      "plotSummaryInfo": {
        "classification": "신체운동_건강",
        "readAge": "유아",
        "form": "long-form",
        "plotSummaryText": "아저씨는 산호가 귀엽고 아들 같아서 그런다며 억지로 안고 고추를 만지며 뽀뽀해서 기분이 나빠 크게 소리쳤어요.",
        "textWordEA": 15
      }
    },
    {
      "srcTextID": "43408",
      "srcText": "바로 엄마, 아빠에게 얘기해요. 속상한 마음에 야단치지 마세요. 아이가 죄책감과 우울감을 경험할 수 있습니다.",
      "srcPage": 8,
      "srcSentenceEA": 3,
      "srcWordEA": 16,
      "character": "엄마,아빠,아이",
      "setting": null,
      "action": "얘기해요,야단치지",
      "feeling": "속상한,죄책감,우울감",
      "causalRelationship": null,
      "outcomeResolution": null,
      "prediction": null,
      "plotSummaryInfoCount": 1,
      "plotSummaryInfo": {
        "classification": "신체운동_건강",
        "readAge": "유아",
        "form": "short-form",
        "plotSummaryText": "바로 엄마, 아빠에게 얘기하고, 엄마, 아빠는 속상해도 야단치지 마세요.",
        "textWordEA": 9
      }
    },
    {
      "srcTextID": "43410",
      "srcText": "이럴 때 싫다고 말해요. 내 몸의 중요한 곳을 억지로 보려고 하고, 만지거나, 만지려 하는 행동 모두 성폭력이에요. 다른사람이 자기의 잠지, 고추, 가슴 등을 만져달라고 하거나, 보여주는 것도 나쁜 행동이에요.",
      "srcPage": 11,
      "srcSentenceEA": 3,
      "srcWordEA": 31,
      "character": "몸,잠지,고추,가슴",
      "setting": null,
      "action": "보려고,만지거나,만지려,만져달라고,보여주는",
      "feeling": "싫다고",
      "causalRelationship": null,
      "outcomeResolution": null,
      "prediction": null,
      "plotSummaryInfoCount": 1,
      "plotSummaryInfo": {
        "classification": "신체운동_건강",
        "readAge": "유아",
        "form": "short-form",
        "plotSummaryText": "내 몸의 중요한 곳을 억지로 보려고 하고 만지려는 행동은 성폭력이며 다른 사람이 만져달라고 하거나 보여주는 것도 나쁜 행동이기에 싫다고 말해야 합니다.",
        "textWordEA": 21
      }
    }
  ]
}