{
  "title": "동물원에서 지켜요",
  "author": "최수연",
  "illustrator": "이수아",
  "isbn": "9788968735981",
  "publishedYear": 2018,
  "publisher": "키움북스",
  "paragraphInfoCount": 22,
  "paragraphInfo": [
    {
      "srcTextID": "35089",
      "srcText": "맹수에게 먹이를 줄 때는 꼭 도구를 사용합니다. 우리의 손도 맹수에게는 맛있는 먹이로 보입니다. 동물의 관심을 끌기 위해 물건을 던지면 위협을 느낀 동물이 공격적으로 변할 수 있고, 물건을 먹이로 생각해서 삼킨 동물이 아플 수도 있습니다.",
      "srcPage": 12,
      "srcSentenceEA": 3,
      "srcWordEA": 36,
      "character": "맹수,도구,우리의 손,동물",
      "setting": "먹이를 줄 때",
      "action": "사용합니다,던지면,먹이로 생각해서,삼킨",
      "feeling": null,
      "causalRelationship": null,
      "outcomeResolution": null,
      "prediction": null,
      "plotSummaryInfoCount": 1,
      "plotSummaryInfo": {
        "classification": "신체운동_건강",
        "readAge": "유아",
        "form": "short-form",
        "plotSummaryText": "맹수에게 먹이를 줄 때는 꼭 도구를 사용하고, 관심을 끌려고 물건을 던지면 동물이 공격적으로 변할 수 있습니다.",
        "textWordEA": 16
      }
    },
    {
      "srcTextID": "35091",
      "srcText": "다정이의 모자가 바람에 날려 양떼가 있는 울타리 안으로 들어갔어요. “어? 내 모자!” 다정이가 손을 뻗어 모자를 주우려고 하자 보은이가 뒤에서 다정이를 안았어요. “다정아! 울타리를 넘어가면 위험해!”",
      "srcPage": 13,
      "srcSentenceEA": 4,
      "srcWordEA": 29,
      "character": "다정이,모자,양떼,보은이,손,울타리",
      "setting": "울타리 안",
      "action": "들어갔어요,주우려고,안았어요,넘어가면",
      "feeling": null,
      "causalRelationship": null,
      "outcomeResolution": null,
      "prediction": null,
      "plotSummaryInfoCount": 1,
      "plotSummaryInfo": {
        "classification": "신체운동_건강",
        "readAge": "유아",
        "form": "long-form",
        "plotSummaryText": "모자가 양떼 울타리 안으로 들어가자, 모자를 주우려는 다정이를 보은이가 안았고, 울타리를 넘어가면 위험하다고 했어요.",
        "textWordEA": 14
      }
    },
    {
      "srcTextID": "35090",
      "srcText": "“그렇지만 내 모자가” 다정이가 울먹였어요. “울타리 안으로 물건이 떨어지면 우선 선생님께 말씀드려야지!” 보은이가 안전 지킴이 노릇을 톡톡히 하고 있어요. 울타리에서 떨어져서 관람해요.",
      "srcPage": 14,
      "srcSentenceEA": 5,
      "srcWordEA": 25,
      "character": "모자,다정이,물건,선생님,보은이,안전 지킴이",
      "setting": "울타리 안",
      "action": "울먹였어요,말씀드려야지,떨어져서,관람해요",
      "feeling": null,
      "causalRelationship": null,
      "outcomeResolution": null,
      "prediction": null,
      "plotSummaryInfoCount": 1,
      "plotSummaryInfo": {
        "classification": "신체운동_건강",
        "readAge": "유아",
        "form": "long-form",
        "plotSummaryText": "다정이는 울먹였고, 보은이는 우선 선생님께 말씀드리자고 하며 안전 지킴이 노릇을 톡톡히 하고 있어요.",
        "textWordEA": 13
      }
    },
    {
      "srcTextID": "35092",
      "srcText": "울타리에 올라타거나 울타리 너머로 손이나 발 등 몸의 일부분을 넣으면 동물이 먹이로 알고 공격할 수 있어요. 사진을 찍을 때 울타리에 너무 가까이 가면 동물에게 공격받을 수 있어요. 울타리 안으로 물건이 떨어지면 안전요원에게 도움을 요청해요. 출입금지 표시가 있는 구역으로는 절대 가지 않아요.",
      "srcPage": 15,
      "srcSentenceEA": 4,
      "srcWordEA": 44,
      "character": "손,발,몸의 일부분,동물,먹이,사진,물건,안전요원,출입금지 표시",
      "setting": "울타리,사진을 찍을 때",
      "action": "올라타거나,넣으면,공격할 수 있어요,가까이 가면,공격받을 수 있어요,도움을 요청해요,가지 않아요",
      "feeling": null,
      "causalRelationship": null,
      "outcomeResolution": null,
      "prediction": null,
      "plotSummaryInfoCount": 1,
      "plotSummaryInfo": {
        "classification": "신체운동_건강",
        "readAge": "유아",
        "form": "long-form",
        "plotSummaryText": "울타리 너머로 몸 일부분을 넣거나 사진 찍을 때 너무 가까이 가면 동물이 공격할 수 있고, 물건이 떨어지면 안전 요원에게 도움을 요청해요.",
        "textWordEA": 21
      }
    },
    {
      "srcTextID": "35098",
      "srcText": "사파리 관람 시 꼭 지켜요. 1. 안전벨트를 착용해요. 2. 문의 잠금장치를 꼭 확인해요. 3. 창문을 두드리거나 소리를 지르지 않아요. 4. 창문을 열거나 차에서 내리지 않아요.",
      "srcPage": 16,
      "srcSentenceEA": 9,
      "srcWordEA": 33,
      "character": "안전벨트,문의 잠금장치,창문,차",
      "setting": "사파리",
      "action": "지켜요,착용해요,확인해요,두드리거나,소리를 지르지 않아요,열거나,내리지 않아요",
      "feeling": null,
      "causalRelationship": null,
      "outcomeResolution": null,
      "prediction": null,
      "plotSummaryInfoCount": 1,
      "plotSummaryInfo": {
        "classification": "신체운동_건강",
        "readAge": "유아",
        "form": "long-form",
        "plotSummaryText": "사파리를 관람 시 안전벨트를 착용하고 문의 잠금장치를 확인하고, 창문을 두드리거나 소리 지르지 않고 창문을 열거나 차에서 내리지 않아요.",
        "textWordEA": 18
      }
    },
    {
      "srcTextID": "35102",
      "srcText": "사육사의 노트 안녕하세요, 친구들? 우리 친구들이 동물의 관심을 끌기 위해 하는 행동 중 특히 하면 안 되는 위험한 행동을 알려줄게요! 유리창을 두드리거나 소리를 지르는 행동 시끄러운 소리에 놀란 동물이 흥분해서 공격할 수도 있어요. 그리고 함께 관람하는 다른 사람에게 피해를 준답니다. 동물의 몸을 만지거나 때리는 행동 털이나 꼬리를 잡아당기는 행동도 동물의 공격을 받을 수 있는 위험한 행동입니다. 물건을 던지거나 막대를 휘두르는 등 동물을 위협하는 행동 생명이 위험하다고 느낀 동물이 강한 공격을 할 수도 있습니다.",
      "srcPage": 18,
      "srcSentenceEA": 6,
      "srcWordEA": 78,
      "character": "사육사,친구들,동물,유리창,동물의 몸,막대",
      "setting": null,
      "action": "관심을 끌기,하면 안 되는,알려줄게요,두드리거나,소리를 지르는,공격할 수도,관람하는,피해를 준답니다,만지거나,때리는,잡아당기는,던지거나,휘두르는,공격을 할 수도",
      "feeling": "놀란,흥분해서",
      "causalRelationship": null,
      "outcomeResolution": null,
      "prediction": null,
      "plotSummaryInfoCount": 1,
      "plotSummaryInfo": {
        "classification": "신체운동_건강",
        "readAge": "유아",
        "form": "long-form",
        "plotSummaryText": "동물의 관심을 끌기 위해 유리창을 두드리거나 소리를 지르거나 동물의 몸을 만지면 위험하고, 막대를 휘두르면 공격할 수도 있습니다.",
        "textWordEA": 17
      }
    },
    {
      "srcTextID": "35105",
      "srcText": "성난 말 때문에 놀라 넘어진 준호가 손을 다쳤어요. “으앙!” 울음이 터진 준호를 선생님과 보은이가 의무실로 데려왔어요. “이만하길 다행이구나, 화가 난 동물이 공격하면 크게 다칠 수 있단다.”",
      "srcPage": 19,
      "srcSentenceEA": 3,
      "srcWordEA": 27,
      "character": "말,준호,선생님,보은이,동물,손",
      "setting": "의무실로",
      "action": "넘어진,울음이 터진,데려왔어요,공격하면,다칠",
      "feeling": "성난,놀라,화가 난",
      "causalRelationship": null,
      "outcomeResolution": null,
      "prediction": null,
      "plotSummaryInfoCount": 1,
      "plotSummaryInfo": {
        "classification": "신체운동_건강",
        "readAge": "유아",
        "form": "short-form",
        "plotSummaryText": "말 때문에 놀라 넘어져 손을 다친 준호를 선생님과 보은이가 의무실로 데려왔고, 화가 난 동물이 공격하면 크게 다칠 수 있다고 하셨어요.",
        "textWordEA": 20
      }
    },
    {
      "srcTextID": "35106",
      "srcText": "의무실 선생님이 보은이와 준호를 안심시키고 타이르듯 얘기했어요. “다시는 동물을 괴롭히지 않을게요.” 치료를 받던 준호가 말했어요.",
      "srcPage": 20,
      "srcSentenceEA": 3,
      "srcWordEA": 16,
      "character": "의무실 선생님,보은이,준호,동물",
      "setting": null,
      "action": "얘기했어요,괴롭히지 않을게요,치료를 받던,말했어요,안심시키고",
      "feeling": null,
      "causalRelationship": null,
      "outcomeResolution": "다시는 동물을 괴롭히지 않을게요.",
      "prediction": null,
      "plotSummaryInfoCount": 1,
      "plotSummaryInfo": {
        "classification": "신체운동_건강",
        "readAge": "유아",
        "form": "short-form",
        "plotSummaryText": "의무실 선생님이 보은이와 준호를 안심시켰고, 준호는 다시는 동물을 괴롭히지 않겠다고 말했어요.",
        "textWordEA": 11
      }
    },
    {
      "srcTextID": "35071",
      "srcText": "오늘은 행복유치원 친구들이 동물원을 견학하는 날이에요. 동물원에 들어가기 전에 선생님께서 물으셨어요. “어제 우리가 배운 것 잊지 않았죠? 무엇에 대해 배웠나요?\"",
      "srcPage": 1,
      "srcSentenceEA": 4,
      "srcWordEA": 22,
      "character": "행복유치원 친구들,선생님",
      "setting": "오늘은,동물원",
      "action": "견학하는,들어가기,물으셨어요,잊지 않았죠,배웠나요",
      "feeling": null,
      "causalRelationship": null,
      "outcomeResolution": null,
      "prediction": "어제 우리가 배운 것 잊지 않았죠?",
      "plotSummaryInfoCount": 1,
      "plotSummaryInfo": {
        "classification": "신체운동_건강",
        "readAge": "유아",
        "form": "long-form",
        "plotSummaryText": "행복유치원 친구들이 동물원을 견학하는 날 선생님이 무엇을 배웠는지 물으셨어요.",
        "textWordEA": 9
      }
    },
    {
      "srcTextID": "35081",
      "srcText": "혼자 다른 길로 가려는 두리를 보은이가 붙잡았어요. 선생님과 친구들도 두리를 불렀지요. “선생님과 친구들을 놓치면 미아가 된다고 배웠잖아!”",
      "srcPage": 4,
      "srcSentenceEA": 3,
      "srcWordEA": 18,
      "character": "두리,보은이,선생님,친구들",
      "setting": "다른 길",
      "action": "가려는,붙잡았어요,불렀지요,놓치면,배웠잖아",
      "feeling": null,
      "causalRelationship": null,
      "outcomeResolution": null,
      "prediction": null,
      "plotSummaryInfoCount": 1,
      "plotSummaryInfo": {
        "classification": "신체운동_건강",
        "readAge": "유아",
        "form": "short-form",
        "plotSummaryText": "혼자 다른 길로 가려는 두리를 보은이가 붙잡았고, 선생님과 친구들을 놓치면 미아가 된다고 말했어요.",
        "textWordEA": 13
      }
    },
    {
      "srcTextID": "35087",
      "srcText": "원숭이는 머리가 똑똑하고 사나워요. 공격을 할 수 있으니 우리에 가까이 가지 않도록 조심해야 해요. 함부로 먹을 것을 주는 것도 위험해요.",
      "srcPage": 10,
      "srcSentenceEA": 3,
      "srcWordEA": 22,
      "character": "원숭이,우리,먹을 것",
      "setting": null,
      "action": "공격을 할 수 있으니,가지 않도록,조심해야 해요,주는,사나워요",
      "feeling": null,
      "causalRelationship": null,
      "outcomeResolution": null,
      "prediction": null,
      "plotSummaryInfoCount": 1,
      "plotSummaryInfo": {
        "classification": "신체운동_건강",
        "readAge": "유아",
        "form": "short-form",
        "plotSummaryText": "원숭이는 똑똑하고 사나워서 우리 가까이 가지 않도록 조심하고, 먹을 것을 주는 것도 위험해요.",
        "textWordEA": 13
      }
    },
    {
      "srcTextID": "35070",
      "srcText": "“동물원 안전 수칙이요!” “즐거운 견학이 될 수 있게 안전 수칙을 잘 지켜주세요” “네!” 일일 안전 지킴이가 된 보은이와 찬솔이도 큰 소리로 대답했어요.",
      "srcPage": 2,
      "srcSentenceEA": 3,
      "srcWordEA": 23,
      "character": "일일 안전 지킴이,보은이,찬솔이",
      "setting": "동물원",
      "action": "지켜주세요,대답했어요",
      "feeling": "즐거운",
      "causalRelationship": null,
      "outcomeResolution": null,
      "prediction": null,
      "plotSummaryInfoCount": 1,
      "plotSummaryInfo": {
        "classification": "신체운동_건강",
        "readAge": "유아",
        "form": "short-form",
        "plotSummaryText": "즐거운 견학이 되도록 안전 수칙을 지키자고 이야기하자 일일 안전 지킴이가 된 보은이와 찬솔이도 큰 소리로 대답했어요.",
        "textWordEA": 16
      }
    },
    {
      "srcTextID": "35080",
      "srcText": "모두 함께 원숭이를 보러 가는 길에 키가 큰 기린이 두리 눈에 보였어요. “우와 내가 좋아하는 기린이다!” “두리야 혼자 가면 안 돼!”",
      "srcPage": 3,
      "srcSentenceEA": 3,
      "srcWordEA": 21,
      "character": "원숭이,기린,두리",
      "setting": "길",
      "action": "보러 가는,보였어요,혼자 가면,안 돼",
      "feeling": "좋아하는",
      "causalRelationship": null,
      "outcomeResolution": null,
      "prediction": null,
      "plotSummaryInfoCount": 1,
      "plotSummaryInfo": {
        "classification": "신체운동_건강",
        "readAge": "유아",
        "form": "short-form",
        "plotSummaryText": "원숭이를 보러 가는 길에 두리가 좋아하는 기린이 보였지만 혼자 가면 안 된다고 했어요.",
        "textWordEA": 13
      }
    },
    {
      "srcTextID": "35083",
      "srcText": "미아가 되었을 경우, 보호자를 빨리 찾기 위해서 부모님 연락처를 외워요. 연락처를 외우지 못하면 메모지에 부모님과 선생님 등 보호자의 연락처와 주소를 적어서 주머니나 가방에 넣어두고 도움을 요청할 때 보여주면 좋아요. 만약 길을 잃은 장소에서 기다려도 보호자가 오지 않는다면 멀리 이동하지 말고, 가까운 곳에 유니폼을 입은 사람을 찾아 도움 요청해요.",
      "srcPage": 6,
      "srcSentenceEA": 3,
      "srcWordEA": 50,
      "character": "미아,보호자,부모님 연락처,메모지,선생님,주머니,가방,사람",
      "setting": "길을 잃은 장소,가까운 곳",
      "action": "빨리 찾기,외워요,외우지 못하면,적어서,넣어두고,보여주면 좋아요,요청할,기다려도,오지 않는다면,이동하지 말고,도움 요청해요",
      "feeling": null,
      "causalRelationship": null,
      "outcomeResolution": null,
      "prediction": null,
      "plotSummaryInfoCount": 1,
      "plotSummaryInfo": {
        "classification": "신체운동_건강",
        "readAge": "유아",
        "form": "short-form",
        "plotSummaryText": "미아가 되었을 경우를 대비해 부모님 연락처를 외워두거나 연락처를 적어 주머니나 가방에 넣어두면 좋고, 길을 잃었을 경우 멀리 이동하지 말고 유니폼 입은 사람에게 도움을 요청해요.",
        "textWordEA": 24
      }
    },
    {
      "srcTextID": "35084",
      "srcText": "예를 들어 안전요원이나 사육사, 그리고 옷에 이름표를 달고 있는 상점 직원에게 길을 잃었다고 도움을 요청해요. 길을 잃은 장소에서 혼자 기다리고 있는데 모르는 사람이 보호자를 찾아주겠다고 해도 따라가지 않고 단호하게 거절해요. 같이 보호자를 찾으러 가자고 몸을 잡거나 만지려고 하면 크게 소리를 지르며 멀리 떨어져요.",
      "srcPage": 7,
      "srcSentenceEA": 3,
      "srcWordEA": 45,
      "character": "안전요원,사육사,상점 직원,모르는 사람,보호자",
      "setting": "길을 잃은 장소",
      "action": "잃었다고,도움을 요청해요,기다리고,따라가지 않고,거절해요,찾으러 가자고,잡거나,만지려고 하면,소리를 지르며,떨어져요",
      "feeling": null,
      "causalRelationship": null,
      "outcomeResolution": null,
      "prediction": null,
      "plotSummaryInfoCount": 1,
      "plotSummaryInfo": {
        "classification": "신체운동_건강",
        "readAge": "유아",
        "form": "short-form",
        "plotSummaryText": "길을 잃은 장소에서 기다릴 때 모르는 사람이 보호자를 찾아주겠다고 해도 거절하고 몸을 잡거나 만지려고 하면 큰 소리를 지르며 멀리 떨어져요.",
        "textWordEA": 20
      }
    },
    {
      "srcTextID": "35086",
      "srcText": "경훈이가 사탕을 들고 원숭이 우리 앞에 갔어요. 원숭이가 경훈이의 손에 들려진 사탕을 보고 다가왔지요. “사탕이 먹고 싶어?” 경훈이가 원숭이에게 사탕을 주려고 손을 뻗는 순간, 여유롭게 놀고 있던 원숭이들의 관심이 경훈이에게 집중됐어요.",
      "srcPage": 8,
      "srcSentenceEA": 4,
      "srcWordEA": 33,
      "character": "경훈이,사탕,원숭이,손",
      "setting": "원숭이 우리 앞",
      "action": "들고,갔어요,보고 다가왔지요,주려고,뻗는",
      "feeling": null,
      "causalRelationship": null,
      "outcomeResolution": null,
      "prediction": "경훈이가 원숭이에게 사탕을 주려고 손을 뻗는 순간, 여유롭게 놀고 있던 원숭이들의 관심이 경훈이에게 집중됐어요.",
      "plotSummaryInfoCount": 1,
      "plotSummaryInfo": {
        "classification": "신체운동_건강",
        "readAge": "유아",
        "form": "long-form",
        "plotSummaryText": "경훈이가 원숭이 우리 앞에서 사탕을 주려고 손을 뻗는 순간, 원숭이들의 관심이 집중됐어요.",
        "textWordEA": 12
      }
    },
    {
      "srcTextID": "35085",
      "srcText": "“경훈아 사탕을 주면 안 돼!” 찬솔이가 경훈이를 말렸어요. “참! 어제 유치원에서 배웠는데 깜빡했어!” 경훈이는 찬솔이 덕분에 어제 배웠던 안전 수칙을 떠올렸어요.",
      "srcPage": 9,
      "srcSentenceEA": 4,
      "srcWordEA": 24,
      "character": "사탕,찬솔이,경훈이",
      "setting": "어제,유치원",
      "action": "주면,안 돼,말렸어요,배웠는데,깜빡했어,배웠던,떠올렸어요",
      "feeling": null,
      "causalRelationship": null,
      "outcomeResolution": null,
      "prediction": null,
      "plotSummaryInfoCount": 1,
      "plotSummaryInfo": {
        "classification": "신체운동_건강",
        "readAge": "유아",
        "form": "long-form",
        "plotSummaryText": "찬솔이가 사탕을 주려는 경훈이를 말렸고, 경훈이는 유치원에서 배운 안전 수칙을 떠올렸어요.",
        "textWordEA": 11
      }
    },
    {
      "srcTextID": "35088",
      "srcText": "동물에게 먹이를 줄 때 꼭 지켜요! 동물원에서 먹이를 줄 때는 먹이를 보고 흥분한 동물이 달려들 수도 있으므로 사육사나 어른과 함께 줍니다. 먹이를 함부로 주면 안 돼요! 우리에게 맛있는 음식이라도 동물들에게는 건강을 해치는 해로운 음식이 될 수 있습니다. 동물들에게도 정해진 식단이 있답니다.",
      "srcPage": 11,
      "srcSentenceEA": 5,
      "srcWordEA": 45,
      "character": "동물,먹이,사육사,어른,맛있는 음식,동물들,해로운 음식",
      "setting": "동물원에서",
      "action": "먹이를 줄,달려들,줍니다",
      "feeling": "흥분한",
      "causalRelationship": "동물원에서 먹이를 줄 때는 먹이를 보고 흥분한 동물이 달려들 수도 있으므로 사육사나 어른과 함께 줍니다.",
      "outcomeResolution": null,
      "prediction": null,
      "plotSummaryInfoCount": 1,
      "plotSummaryInfo": {
        "classification": "신체운동_건강",
        "readAge": "유아",
        "form": "long-form",
        "plotSummaryText": "동물원에서 먹이를 줄 때는 사육사나 어른과 함께 주고 동물들에게 건강을 해치는 해로운 음식이 될 수 있으니, 먹이를 함부로 주면 안 된답니다.",
        "textWordEA": 21
      }
    },
    {
      "srcTextID": "35107",
      "srcText": "즐거운 동물원 관람이 끝났어요. 동물원 관람을 모두 마친 뒤에는 혹시 모를 감염병을 예방하기 위해 깨끗하게 손을 씻어요. 손을 씻는 습관은 여러 가지 질병을 예방하는 좋은 습관이에요! “아직 손을 안 씻은 친구들은 줄을 서서 기다려요.” 선생님이 얘기하지 않아도 행복유치원 친구들은 손을 씻기 위해 줄을 서서 어떤 동물이 제일 좋았는지 서로 얘기했어요.",
      "srcPage": 21,
      "srcSentenceEA": 5,
      "srcWordEA": 53,
      "character": "손,친구들,선생님,행복유치원 친구들,동물",
      "setting": "동물원",
      "action": "씻어요,기다려요,줄을 서서,얘기했어요",
      "feeling": "즐거운,좋았는지",
      "causalRelationship": null,
      "outcomeResolution": null,
      "prediction": null,
      "plotSummaryInfoCount": 1,
      "plotSummaryInfo": {
        "classification": "신체운동_건강",
        "readAge": "유아",
        "form": "long-form",
        "plotSummaryText": "즐거운 동물원 관람이 끝났고 행복유치원 친구들은 감염병을 예방하기 위해 깨끗하게 손을 씻으며 어떤 동물이 좋았는지 서로 얘기했어요.",
        "textWordEA": 17
      }
    },
    {
      "srcTextID": "35082",
      "srcText": "미아가 되면 이렇게 해요. 혼자 다른 곳을 보다가 부모님이나 선생님을 놓쳐서 길을 잃어버리고 미아가 되었다면, 길을 잃은 장소에서 움직이지 않고 기다리고 있으면 보호자가 데리러 와요. 만약의 상황을 대비해 길을 잃었을 때 만날 장소를 미리 정해놓는 것도 좋은 방법이에요.",
      "srcPage": 5,
      "srcSentenceEA": 3,
      "srcWordEA": 40,
      "character": "미아,부모님,선생님,보호자",
      "setting": "길을 잃은 장소,길을 잃었을 때",
      "action": "놓쳐서,잃어버리고,움직이지 않고,기다리고 있으면,데리러 와요,만날",
      "feeling": null,
      "causalRelationship": null,
      "outcomeResolution": null,
      "prediction": null,
      "plotSummaryInfoCount": 1,
      "plotSummaryInfo": {
        "classification": "신체운동_건강",
        "readAge": "유아",
        "form": "short-form",
        "plotSummaryText": "부모님이나 선생님을 놓쳐서 미아가 되었다면 길 잃은 장소에서 움직이지 않고 기다리고 있거나, 만날 장소를 미리 정해놓는 것도 좋은 방법이에요.",
        "textWordEA": 19
      }
    },
    {
      "srcTextID": "35097",
      "srcText": "“우와 말이다, 말아 안녕! 여기 좀 봐!” 말을 좋아하는 준호는 신이 나서 인사했지만, 말은 들은 체도 하지 않고 풀을 뜯기 바빴지요. “야아아!” 심통이 난 준호가 말의 관심을 끌기 위해 소리를 질렀어요. 하지만 말이 머리를 흔들며 투레질만 하고 다가오지 않자 준호는 더욱 크게 소리를 질렀어요. “야아아아아아!” “히히잉” 준호가 계속해서 소리를 지르자 화가 난 말이 달려와 준호를 공격할 것처럼 위협했어요.",
      "srcPage": 17,
      "srcSentenceEA": 6,
      "srcWordEA": 63,
      "character": "말,준호,풀",
      "setting": null,
      "action": "인사했지만,바빴지요,소리를 질렀어요,흔들며,투레질만 하고,다가오지 않자,위협했어요,소리를 지르자,달려와",
      "feeling": "신이 나서,심통이 난,화가 난",
      "causalRelationship": null,
      "outcomeResolution": null,
      "prediction": null,
      "plotSummaryInfoCount": 1,
      "plotSummaryInfo": {
        "classification": "신체운동_건강",
        "readAge": "유아",
        "form": "long-form",
        "plotSummaryText": "말을 좋아하는 준호는 말의 관심을 끌려고 소리를 질렀지만, 말이 다가오지 않자 더욱 크게 소리를 질렀고, 화가 난 말이 달려와 준호를 공격할 것처럼 위협했어요.",
        "textWordEA": 23
      }
    },
    {
      "srcTextID": "35108",
      "srcText": "보은이는 집으로 돌아와서 목욕한 뒤, 옷을 갈아입었어요. “엄마! 오늘 진짜 곰돌이를 봤어요!” “보은이가 제일 좋아하는 곰을 봤구나! 어땠어?” “처음에는 너무 커서 무서웠는데 유치원에서 배운 대로 소리를 지르거나 괴롭히지 않았더니 하나도 무섭지 않고 귀여웠어요!” 보은이와 엄마는 하하 호호 웃으며 오늘 동물원에서 배운 안전 수칙에 관해 얘기했답니다.",
      "srcPage": 22,
      "srcSentenceEA": 6,
      "srcWordEA": 48,
      "character": "보은이,엄마,곰돌이",
      "setting": "집,유치원,동물원",
      "action": "돌아와서,목욕한,갈아입었어요,봤어요,배운,소리를 지르거나,괴롭히지,웃으며,얘기했답니다",
      "feeling": "좋아하는,무서웠는데,무섭지 않고",
      "causalRelationship": null,
      "outcomeResolution": "보은이와 엄마는 하하 호호 웃으며 오늘 동물원에서 배운 안전 수칙에 관해 얘기했답니다.",
      "prediction": null,
      "plotSummaryInfoCount": 1,
      "plotSummaryInfo": {
        "classification": "신체운동_건강",
        "readAge": "유아",
        "form": "long-form",
        "plotSummaryText": "보은이는 집에서 목욕한 뒤, 엄마에게 진짜 곰돌이를 본 이야기를 하며 오늘 동물원에서 배운 안전 수칙에 관해 얘기했답니다.",
        "textWordEA": 17
      }
    }
  ]
}