{
  "title": "스마트폰 게임은 너무 재밌어!",
  "author": "윤지수",
  "illustrator": "이은미",
  "isbn": "9788968736001",
  "publishedYear": 2018,
  "publisher": "키움북스",
  "paragraphInfoCount": 20,
  "paragraphInfo": [
    {
      "srcTextID": "34229",
      "srcText": "지훈이는 부모님을 졸라 선물 받은 스마트폰을 친구들에게 자랑했어요. 그리고 요즘 유행하는 ‘용사의 모험’이라는 스마트폰 게임이 얼마나 재미있는지 한참을 떠들었어요. 친구들은 지훈이의 스마트폰을 호기심 어린 눈빛으로 쳐다보았어요.",
      "srcPage": 2,
      "srcSentenceEA": 4,
      "srcWordEA": 29,
      "character": "지훈이,부모님,친구,스마트폰",
      "setting": null,
      "action": "졸라,자랑했어요,떠들었어요,쳐다보았어요",
      "feeling": "재미있는지",
      "causalRelationship": null,
      "outcomeResolution": null,
      "prediction": null,
      "plotSummaryInfoCount": 1,
      "plotSummaryInfo": {
        "classification": "신체운동_건강",
        "readAge": "유아",
        "form": "long-form",
        "plotSummaryText": "지훈이는 스마트폰으로 하는 게임이 얼마나 재미있는지 자랑했고 친구들은 호기심 어린 눈빛으로 쳐다보았어요.",
        "textWordEA": 12
      }
    },
    {
      "srcTextID": "34246",
      "srcText": "그거 알아요? 세상엔 스마트폰 게임보다 즐겁고 신나는 일들이 아주 많아요. 잠시 스마트폰을 내려 놓고 친구들과 같이 놀아요! 스마트폰보다 훨씬 재미있는 일을 찾아보세요. 스마트폰은 우리의 뇌를 힘들게 해요.",
      "srcPage": 20,
      "srcSentenceEA": 5,
      "srcWordEA": 31,
      "character": "스마트폰 게임,친구들",
      "setting": null,
      "action": "놀아요,찾아보세요,힘들게 해요",
      "feeling": "즐겁고,신나는,재미있는",
      "causalRelationship": null,
      "outcomeResolution": null,
      "prediction": "스마트폰은 우리의 뇌를 힘들게 해요.",
      "plotSummaryInfoCount": 1,
      "plotSummaryInfo": {
        "classification": "신체운동_건강",
        "readAge": "유아",
        "form": "long-form",
        "plotSummaryText": "세상에는 스마트폰 게임보다 즐겁고 신나는 일들이 많으니, 뇌를 힘들게 하는 스마트폰을 내려놓고 재미있는 일을 찾아보세요.",
        "textWordEA": 15
      }
    },
    {
      "srcTextID": "34236",
      "srcText": "친구들이 걱정스러운 눈빛으로 지훈이에게 물었어요. 거울을 보니 눈이 빨갛게 충혈되어 있었어요. 요즘 들어 눈이 좀 침침한 것 같기도 했어요.",
      "srcPage": 9,
      "srcSentenceEA": 3,
      "srcWordEA": 21,
      "character": "친구들,지훈,거울,눈",
      "setting": "요즘",
      "action": "물었어요,충혈되어",
      "feeling": "걱정스러운",
      "causalRelationship": null,
      "outcomeResolution": null,
      "prediction": "요즘 들어 눈이 좀 침침한 것 같기도 했어요.",
      "plotSummaryInfoCount": 1,
      "plotSummaryInfo": {
        "classification": "신체운동_건강",
        "readAge": "유아",
        "form": "short-form",
        "plotSummaryText": "친구들이 걱정스럽게 물었고, 거울을 보니 눈도 충혈되었고 침침한 것 같기도 했어요.",
        "textWordEA": 11
      }
    },
    {
      "srcTextID": "34239",
      "srcText": "국어시간이 되었어요. 선생님이 질문을 하면 친구들은 척척 대답을 했어요. 하지만 지훈이는 대답하지 못했어요. 지난 시간에 배웠는데도 아무 생각이 나지 않았어요.",
      "srcPage": 12,
      "srcSentenceEA": 4,
      "srcWordEA": 23,
      "character": "선생님,친구,지훈이",
      "setting": "국어시간",
      "action": "질문을 하면,대답을 했어요,대답하지 못했어요,생각이 나지 않았어요",
      "feeling": null,
      "causalRelationship": null,
      "outcomeResolution": null,
      "prediction": "지난 시간에 배웠는데도 아무 생각이 나지 않았어요.",
      "plotSummaryInfoCount": 1,
      "plotSummaryInfo": {
        "classification": "신체운동_건강",
        "readAge": "유아",
        "form": "long-form",
        "plotSummaryText": "국어 시간에 선생님이 질문을 하자 친구들은 척척 대답했지만, 지훈이는 아무 생각이 나지 않았어요.",
        "textWordEA": 13
      }
    },
    {
      "srcTextID": "34231",
      "srcText": "요즘 지훈이는 스마트폰으로 게임을 하느라 정신이 없어요. 밥 먹을 때도 화장실 갈 때에도 항상 손에서 스마트폰을 놓지 않아요. 지훈이는 스마트폰 게임이 정말로 재미있어요. 용사와 함께 모험을 하고 있다는 생각이 들거든요.",
      "srcPage": 4,
      "srcSentenceEA": 4,
      "srcWordEA": 33,
      "character": "지훈이,스마트폰,용사",
      "setting": "요즘",
      "action": "놓지 않아요,정신이 없어요,갈,생각이 들거든요",
      "feeling": "재미있어요",
      "causalRelationship": null,
      "outcomeResolution": null,
      "prediction": null,
      "plotSummaryInfoCount": 1,
      "plotSummaryInfo": {
        "classification": "신체운동_건강",
        "readAge": "유아",
        "form": "long-form",
        "plotSummaryText": "요즘 지훈이는 재미있는 스마트폰 게임을 하느라 정신이 없어서, 밥 먹을 때도 화장실 갈 때도 손에서 스마트폰을 놓지 않아요.",
        "textWordEA": 18
      }
    },
    {
      "srcTextID": "34233",
      "srcText": "오늘은 지훈이가 가장 좋아하는 과학시간에도 졸았어요. 선생님과 친구들은 지훈이를 걱정했지만 지훈이는 꾸벅꾸벅 졸음을 참지 못했어요. 가끔 잠꼬대를 하는 건 아닐까 걱정이 될 정도라니까요!",
      "srcPage": 7,
      "srcSentenceEA": 3,
      "srcWordEA": 25,
      "character": "지훈,선생님,친구들",
      "setting": "오늘,과학시간",
      "action": "참지 못했어요,졸았어요",
      "feeling": "좋아하는,걱정했지만",
      "causalRelationship": null,
      "outcomeResolution": null,
      "prediction": null,
      "plotSummaryInfoCount": 1,
      "plotSummaryInfo": {
        "classification": "신체운동_건강",
        "readAge": "유아",
        "form": "short-form",
        "plotSummaryText": "지훈이가 가장 좋아하는 과학 시간에도 졸아서 선생님과 친구들이 걱정했어요.",
        "textWordEA": 9
      }
    },
    {
      "srcTextID": "34235",
      "srcText": "“너 눈 좀 봐봐. 엄청 빨개. 토끼 같아!” “지훈아 요즘 왜 우리랑 안 놀아? 매일 게임만 하고.” “수업시간에도 요즘 맨날 잠만 자고 어디 아픈 건 아니지?”",
      "srcPage": 8,
      "srcSentenceEA": 6,
      "srcWordEA": 29,
      "character": "눈,토끼,지훈,우리",
      "setting": "요즘,수업시간",
      "action": "게임만 하고,잠만 자고",
      "feeling": null,
      "causalRelationship": null,
      "outcomeResolution": null,
      "prediction": null,
      "plotSummaryInfoCount": 1,
      "plotSummaryInfo": {
        "classification": "신체운동_건강",
        "readAge": "유아",
        "form": "long-form",
        "plotSummaryText": "지훈이 눈이 토끼처럼 빨갛게 되어 매일 게임만 하고 수업시간에도 잠만 자니, 친구들은 어디 아픈 건 아닌지 물었어요.",
        "textWordEA": 17
      }
    },
    {
      "srcTextID": "34238",
      "srcText": "“나 게임 좀 하게 저리 비켜!” “으앗!” 지훈이는 걱정하는 친구를 떠밀었어요. 스마트폰으로 노는 것이 친구들보다 더 재미있었거든요. 당황한 친구들은 입을 삐죽이거나 화를 내며 하나 둘 지훈이 곁을 떠나갔어요. 친구들은 더이상 지훈이와 놀고 싶어 하지 않았어요.",
      "srcPage": 11,
      "srcSentenceEA": 5,
      "srcWordEA": 39,
      "character": "나,지훈,친구,스마트폰,입",
      "setting": null,
      "action": "떠밀었어요,노는 것,떠나갔어요,놀고 싶어 하지",
      "feeling": "걱정하는,재미있었거든요,당황한,화를 내며",
      "causalRelationship": "지훈이는 걱정하는 친구를 떠밀었어요. 스마트폰으로 노는 것이 친구들보다 더 재미있었거든요.",
      "outcomeResolution": null,
      "prediction": "친구들은 더이상 지훈이와 놀고 싶어하지 않았어요.",
      "plotSummaryInfoCount": 1,
      "plotSummaryInfo": {
        "classification": "신체운동_건강",
        "readAge": "유아",
        "form": "long-form",
        "plotSummaryText": "스마트폰으로 노는 것에 열중하자 친구들은 지훈이 곁을 떠나갔고 같이 놀고 싶어 하지 않았어요.",
        "textWordEA": 13
      }
    },
    {
      "srcTextID": "34240",
      "srcText": "그 때도 선생님 몰래 스마트폰을 들여다 보느라 제대로 듣지 않았거든요. 지훈이는 친구들이 다 자기를 비웃는 것 같은 생각이 들었어요. 스마트폰 게임에 중독되면 불안함이 밀려오고 현실세계와 가상세계를 혼동하기도 해요.",
      "srcPage": 13,
      "srcSentenceEA": 3,
      "srcWordEA": 30,
      "character": "선생님,스마트폰,지훈이,친구들",
      "setting": null,
      "action": "들여다 보느라,듣지 않았거든요,혼동하기도,비웃는",
      "feeling": "불안함",
      "causalRelationship": null,
      "outcomeResolution": "스마트폰 게임에 중독되면 불안함이 밀려오고 현실세계와 가상세계를 혼동하기도 해요.",
      "prediction": null,
      "plotSummaryInfoCount": 1,
      "plotSummaryInfo": {
        "classification": "신체운동_건강",
        "readAge": "유아",
        "form": "short-form",
        "plotSummaryText": "지훈이는 선생님 몰래 스마트폰을 보느라 잘 듣지 못했고 친구들이 자기를 비웃는 것 같은 생각이 들었어요.",
        "textWordEA": 15
      }
    },
    {
      "srcTextID": "34242",
      "srcText": "‘조금만 더 하면 레벨이 오르겠는걸?’ 이어폰을 끼고 스마트폰으로 게임을 하느라 정신이 팔려 빨간 불인데도 몇 발자국 횡단보도로 내려갔어요. “앞을 보고 다녀야지 위험하잖아!”",
      "srcPage": 15,
      "srcSentenceEA": 3,
      "srcWordEA": 23,
      "character": "이어폰,스마트폰,불",
      "setting": "횡단보도",
      "action": "게임을 하느라,이어폰을 끼고,내려갔어요",
      "feeling": null,
      "causalRelationship": "이어폰을 끼고 스마트폰으로 게임을 하느라 정신이 팔려 빨간 불인데도 몇 발자국 횡단보도로 내려갔어요.",
      "outcomeResolution": null,
      "prediction": "앞을 보고 다녀야지 위험하잖아!",
      "plotSummaryInfoCount": 1,
      "plotSummaryInfo": {
        "classification": "신체운동_건강",
        "readAge": "유아",
        "form": "short-form",
        "plotSummaryText": "조금만 더 하면 레벨이 오를 것 같아 이어폰을 끼고 스마트폰 게임을 하느라 빨간 불인데도 횡단보도로 내려갔어요.",
        "textWordEA": 16
      }
    },
    {
      "srcTextID": "34244",
      "srcText": "“나 이제 스마트폰 안 해!” 지훈이는 다친 곳이 너무 쓰라려 눈물을 흘리며 소리쳤어요. 지훈이는 스마트폰 사용시간을 줄이기 위해 부모님에게 도움을 요청했어요. 스마트폰에 사용시간을 줄이기 위한 예방 앱을 깔고, 정해진 시간에만 스마트폰 게임을 하는 등 규칙을 세우고 지키기로 약속했어요. 약속을 잘 지킬 때마다 칭찬 나무에 사과 모양 스티커를 붙일 거예요.",
      "srcPage": 17,
      "srcSentenceEA": 5,
      "srcWordEA": 53,
      "character": "나,눈물,스마트폰,지훈,부모님,앱,칭찬 나무,사과모양 스티커",
      "setting": null,
      "action": "눈물을 흘리며,소리쳤어요,도움을 요청했어요,약속했어요",
      "feeling": null,
      "causalRelationship": null,
      "outcomeResolution": null,
      "prediction": "약속을 잘 지킬 때마다 칭찬 나무에 사과 모양 스티커를 붙일 거예요.",
      "plotSummaryInfoCount": 1,
      "plotSummaryInfo": {
        "classification": "신체운동_건강",
        "readAge": "유아",
        "form": "long-form",
        "plotSummaryText": "지훈이는 다친 곳이 쓰라려 눈물을 흘렸고 스마트폰 사용 시간을 줄이기 위해 부모님께 도움을 요청해 예방 앱을 깔고 규칙을 세워 지키기로 약속했어요.",
        "textWordEA": 21
      }
    },
    {
      "srcTextID": "34245",
      "srcText": "스마트폰을 줄이기로 다짐했지만 재미있는 스마트폰 게임이 항상 눈에 아른거렸어요. 그 때마다 지훈이는 고개를 저으며 다짐했어요. “아냐 참을래 약속했잖아.” 칭찬 사과나무에 사과가 가득 열리면 친구들과 별을 보러 가기로 했어요. 지훈이는 밤하늘의 별을 구경하는 상상을 하며 스마트폰 게임을 하고 싶은 생각을 조금씩 지워나갔답니다.",
      "srcPage": 18,
      "srcSentenceEA": 5,
      "srcWordEA": 44,
      "character": "스마트폰,지훈,친구들,칭찬 사과나무,사과,별",
      "setting": "밤하늘",
      "action": "고개를 저으며,지워나갔답니다.다짐했지만,아른거렸어요,약속했잖아,참을래,열리면,상상을 하며",
      "feeling": "재미있는",
      "causalRelationship": null,
      "outcomeResolution": null,
      "prediction": null,
      "plotSummaryInfoCount": 1,
      "plotSummaryInfo": {
        "classification": "신체운동_건강",
        "readAge": "유아",
        "form": "long-form",
        "plotSummaryText": "스마트폰을 줄이는 것이 쉽지 않았지만 지훈이는 친구들과 밤하늘의 별을 보는 상상을 하며 게임 생각을 조금씩 지워나갔어요.",
        "textWordEA": 16
      }
    },
    {
      "srcTextID": "34247",
      "srcText": "요즘 지훈이는 스마트폰에 별로 관심이 없어요. 친구들과 운동장에서 축구도 하고, 그림도 그리고, 책도 읽어요. 발명대회에 나가 상도 타고, 재밌는 일들이 너무 많았어요.",
      "srcPage": 19,
      "srcSentenceEA": 3,
      "srcWordEA": 24,
      "character": "지훈이,스마트폰,친구들",
      "setting": "요즘",
      "action": "축구도 하고,그림도 그리고,책도 읽어요,상도 타고",
      "feeling": null,
      "causalRelationship": null,
      "outcomeResolution": null,
      "prediction": null,
      "plotSummaryInfoCount": 1,
      "plotSummaryInfo": {
        "classification": "신체운동_건강",
        "readAge": "유아",
        "form": "short-form",
        "plotSummaryText": "요즘 지훈이는 친구들과 운동장에서 축구하고, 그림을 그리거나 책도 읽고, 발명대회에 나가 상도 타며 재미있게 지내느라 스마트폰에 별로 관심이 없어요.",
        "textWordEA": 19
      }
    },
    {
      "srcTextID": "34228",
      "srcText": "생일을 맞은 지훈이는 친구들을 집에 초대했어요. “얘들아 이것 좀 봐. 나 스마트폰 생겼다! 이걸로 게임도 할 수 있어!”",
      "srcPage": 1,
      "srcSentenceEA": 4,
      "srcWordEA": 20,
      "character": "지훈이,친구,스마트폰",
      "setting": "집",
      "action": "초대했어요,봐,생겼다,맞은",
      "feeling": null,
      "causalRelationship": null,
      "outcomeResolution": null,
      "prediction": null,
      "plotSummaryInfoCount": 1,
      "plotSummaryInfo": {
        "classification": "신체운동_건강",
        "readAge": "유아",
        "form": "long-form",
        "plotSummaryText": "지훈이는 생일을 맞아 친구들을 초대해 스마트폰이 생겨 게임도 할 수 있다고 말했어요.",
        "textWordEA": 12
      }
    },
    {
      "srcTextID": "34230",
      "srcText": "“지훈아 밥 먹어야지!” “잠시만요! 지금 중요한 상황이란 말이에요.” 엄마가 아무리 말을 해도 지훈이는 꼼짝도 하지 않았어요.",
      "srcPage": 3,
      "srcSentenceEA": 3,
      "srcWordEA": 18,
      "character": "지훈,엄마,밥",
      "setting": "지금",
      "action": "꼼짝도 하지 않았어요,말을 해도,먹어야지",
      "feeling": null,
      "causalRelationship": null,
      "outcomeResolution": null,
      "prediction": null,
      "plotSummaryInfoCount": 1,
      "plotSummaryInfo": {
        "classification": "신체운동_건강",
        "readAge": "유아",
        "form": "short-form",
        "plotSummaryText": "엄마가 지훈이에게 밥을 먹으라고 해도 지훈이는 중요한 상황이라며 꼼짝도 하지 않았어요.",
        "textWordEA": 11
      }
    },
    {
      "srcTextID": "34232",
      "srcText": "“지훈아 술래잡기하자! 얼른 와.” “뭐 해? 지훈아 빨리 와!” “나 바빠! 게임머니 모아서 아이템 사야 된단 말이야. 너희들끼리 놀아.” 친구들이 아무리 지훈이를 불러도 지훈이는 스마트폰 게임에 열중하느라 들은 척도 하지 않았어요. 친구들이랑 놀지 않아도 게임 속에서 더 많은 재미있는 친구들이 지훈이와 놀아주었으니까요.",
      "srcPage": 5,
      "srcSentenceEA": 9,
      "srcWordEA": 48,
      "character": "지훈,친구,나,너희들,스마트폰",
      "setting": null,
      "action": "들은 척도 하지 않았어요,놀아주었으니까요,불러도,열중하느라,뭐해,바빠,놀아",
      "feeling": "재미있는",
      "causalRelationship": "친구들이 아무리 지훈이를 불러도 지훈이는 스마트폰 게임에 열중하느라 들은 척도 하지 않았어요. 친구들이랑 놀지 않아도 게임 속에서 더 많은 재미있는 친구들이 지훈이와 놀아주었으니까요.",
      "outcomeResolution": null,
      "prediction": null,
      "plotSummaryInfoCount": 1,
      "plotSummaryInfo": {
        "classification": "신체운동_건강",
        "readAge": "유아",
        "form": "long-form",
        "plotSummaryText": "친구들이 술래잡기하자고 나오라고 해도 지훈이는 스마트폰 게임에 열중하며 더 많은 게임 속 친구들과 노느라 들은 척도 하지 않았어요.",
        "textWordEA": 18
      }
    },
    {
      "srcTextID": "34234",
      "srcText": "지훈이는 요즘 밤에도 스마트폰을 가지고 놀아요. 밤이 아주 늦도록 스마트폰 게임을 하기도 해요. 그래서 아침에는 늦게 일어나고 수업시간에는 깜빡 잠이 들 때도 있어요.",
      "srcPage": 6,
      "srcSentenceEA": 3,
      "srcWordEA": 25,
      "character": "지훈이,스마트폰",
      "setting": "밤,아침,수업시간",
      "action": "가지고 놀아요,잠이 들 때도 있어요,하기도 해요,늦게 일어나고,잠이 들 때도",
      "feeling": null,
      "causalRelationship": null,
      "outcomeResolution": "그래서 아침에는 늦게 일어나고 수업시간에는 깜빡 잠이 들 때도 있어요.",
      "prediction": null,
      "plotSummaryInfoCount": 1,
      "plotSummaryInfo": {
        "classification": "신체운동_건강",
        "readAge": "유아",
        "form": "short-form",
        "plotSummaryText": "지훈이는 밤이 늦도록 스마트폰 게임을 하느라 아침에 늦게 일어나고 수업시간에 잠이 들 때도 있어요.",
        "textWordEA": 14
      }
    },
    {
      "srcTextID": "34237",
      "srcText": "하지만 그런 건 중요하지 않았어요. 게임을 손에서 놓을 수가 없었거든요. 지금 막 영웅의 오랜 적인 대장 악마를 잡으려고 한다고요.",
      "srcPage": 10,
      "srcSentenceEA": 3,
      "srcWordEA": 21,
      "character": "손,영웅,대장 악마",
      "setting": "게임,지금 막",
      "action": "잡으려고,놓을 수,없었거든요",
      "feeling": null,
      "causalRelationship": "하지만 그런 건 중요하지 않았어요. 게임을 손에서 놓을 수가 없었거든요.",
      "outcomeResolution": null,
      "prediction": null,
      "plotSummaryInfoCount": 1,
      "plotSummaryInfo": {
        "classification": "신체운동_건강",
        "readAge": "유아",
        "form": "short-form",
        "plotSummaryText": "영웅의 오랜 적인 대장 악마를 잡으려는 순간이라 게임을 손에서 놓을 수가 없었어요.",
        "textWordEA": 12
      }
    },
    {
      "srcTextID": "34241",
      "srcText": "“아깐 너무 창피했어. 요즘 친구들이랑 사이도 멀어진 것 같은데. 스마트폰 게임은 오늘까지만 딱하고 앞으론 하지 말아야겠어.” 지훈이는 내일부터는 스마트폰 게임을 안 하겠다고 굳은 결심을 했지만 얼마 시간이 지나지 않아 또 스마트폰을 쳐다보고 있게 되었어요. ‘조금만 더하고 내일부터 그만 하지 뭐.’",
      "srcPage": 14,
      "srcSentenceEA": 5,
      "srcWordEA": 44,
      "character": "친구들,스마트폰,지훈이",
      "setting": "요즘,오늘,내일",
      "action": "멀어진,하지 말아야겠어,안 하겠다고,지나지 않아,쳐다보고,그만 하지",
      "feeling": "창피했어",
      "causalRelationship": null,
      "outcomeResolution": null,
      "prediction": null,
      "plotSummaryInfoCount": 1,
      "plotSummaryInfo": {
        "classification": "신체운동_건강",
        "readAge": "유아",
        "form": "long-form",
        "plotSummaryText": "지훈이는 스마트폰 게임을 오늘까지만 하고 그만하겠다고 굳은 결심을 했지만 얼마 지나지 않아 또 스마트폰을 쳐다보게 되었어요.",
        "textWordEA": 16
      }
    },
    {
      "srcTextID": "34243",
      "srcText": "달려오던 자동차가 급정거 했고 놀란 운전자 아저씨가 소리를 질렀어요. 지훈이도 놀라서 “꽈당” 하고 넘어졌어요. 손에서 놓친 스마트폰은 시멘트 바닥과 부딪혀서 화면에 금이 가버렸어요.",
      "srcPage": 16,
      "srcSentenceEA": 4,
      "srcWordEA": 26,
      "character": "자동차,운전자 아저씨,지훈이,손,스마트폰",
      "setting": null,
      "action": "달려오던,급정거 했고,놀란,소리를 질렀어요,넘어졌어요,부딪혀서",
      "feeling": "놀라서",
      "causalRelationship": null,
      "outcomeResolution": null,
      "prediction": "손에서 놓친 스마트폰은 시멘트 바닥과 부딪혀서 화면에 금이 가버렸어요.",
      "plotSummaryInfoCount": 1,
      "plotSummaryInfo": {
        "classification": "신체운동_건강",
        "readAge": "유아",
        "form": "long-form",
        "plotSummaryText": "급정거한 자동차 운전자 아저씨가 놀라 소리치자, 지훈이도 놀라서 넘어졌고, 손에서 놓친 스마트폰은 바닥에 부딪혀서 금이 갔어요.",
        "textWordEA": 16
      }
    }
  ]
}