{
  "title": "아파요, 아파!",
  "author": "민정원",
  "illustrator": "강현선",
  "isbn": "9791165430726",
  "publishedYear": 2020,
  "publisher": "아람키즈",
  "paragraphInfoCount": 31,
  "paragraphInfo": [
    {
      "srcTextID": "21373",
      "srcText": "아랫니는 아래에서 위로 치카치카! 윗니는 위에서 아래로 치카치카! 어금니는 위, 바깥, 안 모두 치카치카! 마무리로 혀도 치카치카!",
      "srcPage": 12,
      "srcSentenceEA": 4,
      "srcWordEA": 20,
      "character": "아랫니,윗니,어금니,혀",
      "setting": null,
      "action": null,
      "feeling": null,
      "causalRelationship": null,
      "outcomeResolution": "마무리로 혀도 치카치카!",
      "prediction": null,
      "plotSummaryInfoCount": 1,
      "plotSummaryInfo": {
        "classification": "신체운동_건강",
        "readAge": "유아",
        "form": "long-form",
        "plotSummaryText": "아랫니는 아래에서 위로, 윗니는 위에서 아래로, 어금니는 위, 바깥, 안까지 모두 닦고, 마무리로 혀도 닦습니다.",
        "textWordEA": 15
      }
    },
    {
      "srcTextID": "21376",
      "srcText": "윙윙, 귀가 아파요! 토끼가 기다란 귀를 잡고서 끙끙대며 진솔이를 찾아왔어요. “귓속이 가려워서 면봉으로 후볐더니 너무 아파.”",
      "srcPage": 14,
      "srcSentenceEA": 3,
      "srcWordEA": 17,
      "character": "귀,토끼,진솔이,면봉",
      "setting": null,
      "action": "잡고서,찾아왔어요,후볐더니",
      "feeling": "아파요,아파",
      "causalRelationship": "귓속이 가려워서 면봉으로 후볐더니 너무 아파.",
      "outcomeResolution": null,
      "prediction": null,
      "plotSummaryInfoCount": 1,
      "plotSummaryInfo": {
        "classification": "신체운동_건강",
        "readAge": "유아",
        "form": "short-form",
        "plotSummaryText": "토끼가 귓속이 간지러워 면봉으로 후볐더니 너무 아프다며 진솔이를 찾아왔습니다.",
        "textWordEA": 9
      }
    },
    {
      "srcTextID": "21384",
      "srcText": "깨끗하게 씻어요! 보글보글 거품 속으로 풍덩! “가렵지 않고 건강하려면 항상 몸을 깨끗이 씻어야 해!” 진솔이는 목욕하는 동물 친구들에게 흥얼흥얼 노래를 불러 주었어요.",
      "srcPage": 19,
      "srcSentenceEA": 4,
      "srcWordEA": 24,
      "character": "몸,진솔이,동물 친구들",
      "setting": null,
      "action": "씻어요,목욕하는,노래를 불러,가렵지,씻어야",
      "feeling": null,
      "causalRelationship": null,
      "outcomeResolution": null,
      "prediction": null,
      "plotSummaryInfoCount": 1,
      "plotSummaryInfo": {
        "classification": "신체운동_건강",
        "readAge": "유아",
        "form": "long-form",
        "plotSummaryText": "진솔이는 가렵지 않고 건강하려면 몸을 깨끗이 씻으라고 말하며 목욕하는 동물 친구들에게 노래를 불러주었습니다.",
        "textWordEA": 13
      }
    },
    {
      "srcTextID": "21370",
      "srcText": "진솔이는 설사를 자주 하는 생쥐와 펭귄에게도 말했어요. “생쥐야, 음식을 먹기 전에는 유통 기한을 꼭 봐. 그리고 펭귄아, 아이스크림은 하루에 한 개만 먹어. 안 그러면 계속 배가 아프고, 설사를 할 거야.” 음식을 먹기 전에는 손을 깨끗이 씻어야 배탈이 안 나!",
      "srcPage": 9,
      "srcSentenceEA": 5,
      "srcWordEA": 42,
      "character": "진솔이,생쥐,펭귄,음식,아이스크림",
      "setting": null,
      "action": "말했어요,먹어,씻어야,하는,봐,아프고,안 나",
      "feeling": null,
      "causalRelationship": null,
      "outcomeResolution": null,
      "prediction": null,
      "plotSummaryInfoCount": 1,
      "plotSummaryInfo": {
        "classification": "신체운동_건강",
        "readAge": "유아",
        "form": "long-form",
        "plotSummaryText": "설사를 자주 하는 생쥐와 펭귄에게 진솔이는 음식을 먹기 전에 유통기한을 보고, 아이스크림은 하루에 한 개만 먹고, 음식을 먹기 전에 손을 씻어야 배탈과 설사를 하지 않는다고 말했습니다.",
        "textWordEA": 26
      }
    },
    {
      "srcTextID": "21372",
      "srcText": "끙끙, 이가 아파요! 상어가 이빨이 아프다는 소식을 듣고 진솔이가 바다로 찾아갔어요. 이빨이 아픈 상어의 입에서는 지독한 냄새가 났어요.",
      "srcPage": 10,
      "srcSentenceEA": 3,
      "srcWordEA": 20,
      "character": "상어,이빨,진솔이,입",
      "setting": "바다",
      "action": "듣고,찾아갔어요,아파요,났어요",
      "feeling": null,
      "causalRelationship": null,
      "outcomeResolution": null,
      "prediction": null,
      "plotSummaryInfoCount": 1,
      "plotSummaryInfo": {
        "classification": "신체운동_건강",
        "readAge": "유아",
        "form": "short-form",
        "plotSummaryText": "상어가 이빨이 아프다는 소식에 진솔이는 바다로 찾아갔고, 아픈 상어의 입에서 지독한 냄새가 났습니다.",
        "textWordEA": 13
      }
    },
    {
      "srcTextID": "21385",
      "srcText": "모두 따로 사용해요! 진솔이는 동물 친구들과 함께 케이크를 나눠 먹었어요. “잠깐! 아무리 사이가 좋아도 컵, 숟가락, 포크, 젓가락, 빗은 따로 사용해야 해. 그래야 병균이 옮지 않아 모두 건강할 수 있어.”",
      "srcPage": 22,
      "srcSentenceEA": 4,
      "srcWordEA": 33,
      "character": "모두,진솔이,동물 친구들,케이크,컵,숟가락,포크,젓가락,빗",
      "setting": null,
      "action": "사용해요,나눠 먹었어요,사용해야,좋아도,옮지 않아",
      "feeling": null,
      "causalRelationship": null,
      "outcomeResolution": null,
      "prediction": null,
      "plotSummaryInfoCount": 1,
      "plotSummaryInfo": {
        "classification": "신체운동_건강",
        "readAge": "유아",
        "form": "long-form",
        "plotSummaryText": "진솔이가 동물 친구들과 케이크를 나눠 먹으며 컵, 숟가락, 포크, 젓가락, 빗은 따로 사용해야 병균이 옮지 않는다고 말합니다.",
        "textWordEA": 17
      }
    },
    {
      "srcTextID": "21402",
      "srcText": "진솔이는 눈을 질끈 감았어요. \"아픈 건 잠깐이니 꾹 참자!\"  예방 주사 미리미리!",
      "srcPage": 30,
      "srcSentenceEA": 3,
      "srcWordEA": 14,
      "character": "진솔이,눈,예방 주사",
      "setting": null,
      "action": "감았어요,참자",
      "feeling": null,
      "causalRelationship": null,
      "outcomeResolution": null,
      "prediction": null,
      "plotSummaryInfoCount": 1,
      "plotSummaryInfo": {
        "classification": "신체운동_건강",
        "readAge": "유아",
        "form": "short-form",
        "plotSummaryText": "진솔이는 눈을 질끈 감고 아픈 건 잠깐이니 꾹 참고 예방 주사를 맞았습니다.",
        "textWordEA": 12
      }
    },
    {
      "srcTextID": "21371",
      "srcText": "“휴, 상어야. 이빨을 닦지 않아서 입 속에 충치 세균과 감기 세균이 가득해.” 진솔이는 커다란 칫솔로 상어의 이빨을 닦아 주었어요. 진솔이는 동물 친구들에게 이빨 닦는 방법을 알려 주었어요.",
      "srcPage": 11,
      "srcSentenceEA": 4,
      "srcWordEA": 30,
      "character": "상어,이빨,진솔이,칫솔,동물 친구들",
      "setting": null,
      "action": "닦지 않아서,닦아 주었어요,알려 주었어요",
      "feeling": null,
      "causalRelationship": null,
      "outcomeResolution": null,
      "prediction": "진솔이는 동물 친구들에게 이빨 닦는 방법을 알려 주었어요.",
      "plotSummaryInfoCount": 1,
      "plotSummaryInfo": {
        "classification": "신체운동_건강",
        "readAge": "유아",
        "form": "long-form",
        "plotSummaryText": "이빨을 닦지 않아 충치와 감기 세균이 가득한 상어의 이를 진솔이가 닦아주었고, 동물 친구들에게도 이빨 닦는 방법을 알려 주었습니다.",
        "textWordEA": 18
      }
    },
    {
      "srcTextID": "21404",
      "srcText": "일찍 자야 키가 쑥쑥 자라요! 진솔이가 잠자리에 들자, 별님과 달님이 자장가를 불러요. “새근새근 자는 동안 좋은 음식이 몸으로 쏙쏙, 좋은 공기가 몸으로 쏙쏙, 키도 쑥쑥, 몸도 튼튼. 새근새근 예쁜 꿈을 꾸어요.”",
      "srcPage": 31,
      "srcSentenceEA": 4,
      "srcWordEA": 33,
      "character": "진솔이,음식,몸,별님,달님",
      "setting": null,
      "action": "들자,불러요,자라요,자야,꾸어요",
      "feeling": null,
      "causalRelationship": null,
      "outcomeResolution": null,
      "prediction": null,
      "plotSummaryInfoCount": 1,
      "plotSummaryInfo": {
        "classification": "신체운동_건강",
        "readAge": "유아",
        "form": "long-form",
        "plotSummaryText": "진솔이가 일찍 잠자리에 들자, 키도 쑥쑥 자라고 몸도 튼튼해지라며 별님과 달님이 자장가를 불러줍니다.",
        "textWordEA": 13
      }
    },
    {
      "srcTextID": "21362",
      "srcText": "고릴라가 콧물을 흘리자, 미미가 말했어요. “고릴라야, 공기가 건조하면 감기에 잘 걸려. 잘 때 젖은 수건을 걸어 놓고 자면 도움이 될 거야.”",
      "srcPage": 4,
      "srcSentenceEA": 3,
      "srcWordEA": 22,
      "character": "고릴라,미미,수건",
      "setting": null,
      "action": "흘리자,말했어요,걸어 놓고,자면,걸려,될 거야",
      "feeling": null,
      "causalRelationship": null,
      "outcomeResolution": null,
      "prediction": null,
      "plotSummaryInfoCount": 1,
      "plotSummaryInfo": {
        "classification": "신체운동_건강",
        "readAge": "유아",
        "form": "short-form",
        "plotSummaryText": "고릴라가 콧물을 흘리자, 미미는 공기가 건조하면 감기에 걸리니 젖은 수건을 걸어 놓고 자라고 말합니다.",
        "textWordEA": 14
      }
    },
    {
      "srcTextID": "21359",
      "srcText": "동물 친구들이 꼬마 의사 진솔이를 찾아왔어요. 하마가 훌쩍, “목이 아파요!” 토끼가 징징, “귀가 아파요!”",
      "srcPage": 1,
      "srcSentenceEA": 5,
      "srcWordEA": 16,
      "character": "동물 친구들,꼬마 의사 진솔이,하마,목,토끼,귀",
      "setting": null,
      "action": "찾아왔어요,아파요",
      "feeling": null,
      "causalRelationship": null,
      "outcomeResolution": null,
      "prediction": null,
      "plotSummaryInfoCount": 1,
      "plotSummaryInfo": {
        "classification": "신체운동_건강",
        "readAge": "유아",
        "form": "long-form",
        "plotSummaryText": "하마는 목이 아프고, 토끼는 귀가 아파서 꼬마 의사 진솔이을 찾아왔어요.",
        "textWordEA": 10
      }
    },
    {
      "srcTextID": "21360",
      "srcText": "진솔이는 오늘도 무척 바쁘겠어요. 하지만 걱정 없어요. 인형 간호사 미미가 도와줄 테니까요.",
      "srcPage": 2,
      "srcSentenceEA": 3,
      "srcWordEA": 14,
      "character": "진솔이,인형 간호사 미미",
      "setting": "오늘",
      "action": "바쁘겠어요,도와줄 테니까요,걱정 없어요",
      "feeling": null,
      "causalRelationship": "하지만 걱정 없어요. 인형 간호사 미미가 도와줄 테니까요.",
      "outcomeResolution": null,
      "prediction": null,
      "plotSummaryInfoCount": 1,
      "plotSummaryInfo": {
        "classification": "신체운동_건강",
        "readAge": "유아",
        "form": "short-form",
        "plotSummaryText": "진솔이는 오늘도 바쁘겠지만 인형 간호사 미미가 도와줄 테니 걱정 없습니다.",
        "textWordEA": 10
      }
    },
    {
      "srcTextID": "21363",
      "srcText": "에취, 감기에 걸렸어요! 하마가 눈물을 글썽거리며 입을 쩍 벌렸어요. “이런, 하마가 감기에 걸렸구나.” “진솔아, 어떡하면 감기가 나을까?” “목이 붓고 열이 날 땐 물과 과일을 먹고 푹 쉬렴.”",
      "srcPage": 3,
      "srcSentenceEA": 5,
      "srcWordEA": 28,
      "character": "하마,진솔,과일",
      "setting": null,
      "action": "벌렸어요,먹고,푹 쉬렴,걸렸어요,글썽거리며,걸렸구나,날 땐,나을까",
      "feeling": null,
      "causalRelationship": null,
      "outcomeResolution": null,
      "prediction": null,
      "plotSummaryInfoCount": 1,
      "plotSummaryInfo": {
        "classification": "신체운동_건강",
        "readAge": "유아",
        "form": "long-form",
        "plotSummaryText": "하마가 감기에 걸려서 어떡하면 나을 수 있냐고 묻자, 진솔이는 목이 붓고 열이 날 땐 물과 과일을 먹고 푹 쉬라고 합니다.",
        "textWordEA": 20
      }
    },
    {
      "srcTextID": "21364",
      "srcText": "이번에는 곰이 쿨룩쿨룩 기침을 했어요. “곰아, 기침을 할 때는 손 말고 휴지로 막아야 해.” 동물 친구들은 감기에 좋은 따뜻한 차와 과일을 먹었어요.",
      "srcPage": 5,
      "srcSentenceEA": 3,
      "srcWordEA": 23,
      "character": "곰,손,휴지,동물 친구들,차,과일",
      "setting": null,
      "action": "기침을 했어요,막아야 해,먹었어요",
      "feeling": null,
      "causalRelationship": null,
      "outcomeResolution": null,
      "prediction": null,
      "plotSummaryInfoCount": 1,
      "plotSummaryInfo": {
        "classification": "신체운동_건강",
        "readAge": "유아",
        "form": "short-form",
        "plotSummaryText": "곰이 기침하자 휴지로 막으라 말해주었고, 동물 친구들은 따뜻한 차와 과일을 먹었습니다.",
        "textWordEA": 11
      }
    },
    {
      "srcTextID": "21366",
      "srcText": "꽃가루와 황사가 날리면 마스크를 해요! 늑대가 헐레벌떡 진솔이를 찾아왔어요. “진솔아, 꽃밭에서 놀았더니 눈이 빨개지고 재채기가 나. 나도 감기에 걸린 거야?” “그건 알레르기야. 알레르기는 꽃가루, 동물의 털이나 음식 등이 몸에 맞지 않아서 일어나는 거야. 꽃가루가 날리면 꼭 마스크를 쓰도록 해.”",
      "srcPage": 6,
      "srcSentenceEA": 7,
      "srcWordEA": 43,
      "character": "마스크,늑대,진솔이,눈,황사,꽃가루,동물의 털,음식",
      "setting": null,
      "action": "해요,찾아왔어요,놀았더니,쓰도록 해,걸린 거야,맞지,일어나는,날리면",
      "feeling": null,
      "causalRelationship": null,
      "outcomeResolution": null,
      "prediction": null,
      "plotSummaryInfoCount": 1,
      "plotSummaryInfo": {
        "classification": "신체운동_건강",
        "readAge": "유아",
        "form": "long-form",
        "plotSummaryText": "늑대가 진솔이를 찾아와서 꽃밭에서 놀았더니 눈이 빨개지고 재채기가 난다며 감기인지 물었고, 진솔이는 알레르기이니 꽃가루가 날리면 마스크를 쓰라고 말합니다.",
        "textWordEA": 18
      }
    },
    {
      "srcTextID": "21367",
      "srcText": "닭과 오리도 진솔이를 찾아왔어요. “진솔아, 봄에 황사를 쐬면 왜 감기에 걸려?” “중국의 사막에서 불어오는 황사에는 병균과 더러운 먼지가 섞여서 그래. 황사가 있는 날에는 밖에 나가지 말고, 나가야 한다면 꼭 황사 마스크를 해야 해.”",
      "srcPage": 7,
      "srcSentenceEA": 4,
      "srcWordEA": 34,
      "character": "닭,오리,진솔이,중국,사막,먼지",
      "setting": null,
      "action": "찾아왔어요,나가지 말고,걸려,불어오는,섞여서,해야 해",
      "feeling": null,
      "causalRelationship": "진솔아, 봄에 황사를 쐬면 왜 감기에 걸려? 중국의 사막에서 불어오는 황사에는 병균과 더러운 먼지가 섞여서 그래.",
      "outcomeResolution": null,
      "prediction": null,
      "plotSummaryInfoCount": 1,
      "plotSummaryInfo": {
        "classification": "신체운동_건강",
        "readAge": "유아",
        "form": "long-form",
        "plotSummaryText": "닭과 오리가 찾아와 봄에 황사를 쐬면 왜 감기에 걸리는지 물었고, 진솔이는 황사에 병균과 먼지가 섞여 있기 때문에 황사가 있는 날에는 밖에 나가지 말고, 나갈 때는 황사 마스크를 써야 한다고 말합니다.",
        "textWordEA": 30
      }
    },
    {
      "srcTextID": "21369",
      "srcText": "꾸륵꾸륵, 배가 아파요! 뿌웅! 뿌웅, 방귀를 뀌면서 공룡이 찾아왔어요. “며칠째 똥을 못 누고 방귀만 나와.” “고기 대신 싱싱한 야채를 많이 먹어야 해.”",
      "srcPage": 8,
      "srcSentenceEA": 5,
      "srcWordEA": 24,
      "character": "공룡,고기,야채",
      "setting": null,
      "action": "방귀를 뀌면서,찾아왔어요,먹어야 해,누고,나와",
      "feeling": null,
      "causalRelationship": null,
      "outcomeResolution": null,
      "prediction": null,
      "plotSummaryInfoCount": 1,
      "plotSummaryInfo": {
        "classification": "신체운동_건강",
        "readAge": "유아",
        "form": "long-form",
        "plotSummaryText": "배가 아픈 공룡이 찾아와 며칠째 똥을 못 누고 방귀만 나온다고 말하자, 고기 대신 싱싱한 야채를 많이 먹으라고 말합니다.",
        "textWordEA": 18
      }
    },
    {
      "srcTextID": "21374",
      "srcText": "따끔따끔, 눈이 아파요! 물고기들이 눈병이 났다는 소식을 듣고 진솔이가 연못으로 찾아갔어요. “저런, 연못이 더러워져 눈병에 걸렸구나. 눈병이 나을 때까지 이곳에 있으렴.” 진솔이는 어항에 깨끗한 물을 담아 물고기들을 옮겼어요.",
      "srcPage": 13,
      "srcSentenceEA": 5,
      "srcWordEA": 31,
      "character": "눈,물고기들,진솔이,어항",
      "setting": "연못",
      "action": "소식을 듣고,찾아갔어요,옮겼어요,더러워져,걸렸구나,있으렴,담아",
      "feeling": null,
      "causalRelationship": null,
      "outcomeResolution": null,
      "prediction": null,
      "plotSummaryInfoCount": 1,
      "plotSummaryInfo": {
        "classification": "신체운동_건강",
        "readAge": "유아",
        "form": "long-form",
        "plotSummaryText": "물고기들이 눈이 아프다는 소식에 진솔이가 연못에 가보니 더러워져 눈병이 걸린 거였고, 진솔이는 어항에 깨끗한 물을 담아 물고기를 옮겼습니다.",
        "textWordEA": 18
      }
    },
    {
      "srcTextID": "21377",
      "srcText": "진솔이는 토끼의 귓속을 살펴보았어요. “쯧쯧, 귓속이 가렵다고 심하게 파내면 안 돼. 귀지는 쌓이면 저절로 귀 밖으로 나오거든.”",
      "srcPage": 15,
      "srcSentenceEA": 3,
      "srcWordEA": 18,
      "character": "진솔이,토끼,귀지",
      "setting": null,
      "action": "살펴보았어요,나오거든,가렵다고,파내면,쌓이면",
      "feeling": null,
      "causalRelationship": null,
      "outcomeResolution": null,
      "prediction": null,
      "plotSummaryInfoCount": 1,
      "plotSummaryInfo": {
        "classification": "신체운동_건강",
        "readAge": "유아",
        "form": "short-form",
        "plotSummaryText": "진솔이는 토끼의 귓속을 살펴본 후 귀지가 저절로 나올 테니 귓속이 가렵더라도 심하게 파지 말라고 합니다.",
        "textWordEA": 15
      }
    },
    {
      "srcTextID": "21375",
      "srcText": "미미는 귀에 물이 들어간 코끼리에게 말했어요. “귀에 물이 들어가면 고개를 기울여 쿵쿵 뛰어 봐. 그래도 안 되면, 귀를 바닥에 대고 누워 있으면 돼.” 미미는 음악을 듣는 강아지에게도 말했어요. “너무 큰 소리로 음악을 들으면 귀가 아프고, 작은 소리를 들을 수 없게 돼.”",
      "srcPage": 16,
      "srcSentenceEA": 5,
      "srcWordEA": 43,
      "character": "미미,귀,코끼리,강아지,바닥",
      "setting": null,
      "action": "말했어요,고개를 기울여,뛰어 봐,누워 있으면 돼,듣는,들을 수,대고,들으면,아프고",
      "feeling": null,
      "causalRelationship": null,
      "outcomeResolution": null,
      "prediction": null,
      "plotSummaryInfoCount": 1,
      "plotSummaryInfo": {
        "classification": "신체운동_건강",
        "readAge": "유아",
        "form": "long-form",
        "plotSummaryText": "미미는 귀에 물이 들어간 코끼리에게 고개를 기울여 뛰거나 귀를 바닥에 대고 누워 있으라고 말했고, 음악을 듣는 강아지에게는 큰소리로 음악을 들으면 귀가 아프고 작은 소리를 듣지 못하게 된다고 말합니다.",
        "textWordEA": 28
      }
    },
    {
      "srcTextID": "21381",
      "srcText": "긁적긁적, 가려워요! 온몸이 가려운 공룡이 미미를 찾아왔어요. “수두가 나서 몸이 가려웠던 거야. 긁으면 흉터로 남으니까 손발톱을 깎자. 또 수두는 옮으니까 나을 때까지 집에서 쉬어야 해.”",
      "srcPage": 17,
      "srcSentenceEA": 5,
      "srcWordEA": 28,
      "character": "공룡,미미,집",
      "setting": null,
      "action": "찾아왔어요,긁으면,쉬어야 해,가려운,남으니까,깎자,옮으니까,나을",
      "feeling": null,
      "causalRelationship": "수두가 나서 몸이 가려웠던 거야.",
      "outcomeResolution": null,
      "prediction": null,
      "plotSummaryInfoCount": 1,
      "plotSummaryInfo": {
        "classification": "신체운동_건강",
        "readAge": "유아",
        "form": "long-form",
        "plotSummaryText": "몸이 가려운 공룡이 미미를 찾아왔고, 미미는 수두 때문이라며 긁으면 흉터가 남을 수 있으니, 손발톱을 깎고 나을 때까지 집에서 쉬라고 말합니다.",
        "textWordEA": 20
      }
    },
    {
      "srcTextID": "21382",
      "srcText": "동물 친구들도 가려움증이 생겼어요. 사자는 머리가 가렵다고 긁적긁적. 돼지는 땀띠가 오돌토돌 났다고 북북. 원숭이는 벌레에 물렸다고 벅벅. “모두 씻지 않아서 그래. 따라와!” 진솔이는 동물 친구들을 데리고 목욕탕으로 갔어요.",
      "srcPage": 18,
      "srcSentenceEA": 7,
      "srcWordEA": 33,
      "character": "동물 친구들,사자,머리,돼지,원숭이,진솔이",
      "setting": "목욕탕",
      "action": "씻지 않아서,데리고,갔어요,생겼어요,가렵다고,났다고,따라와",
      "feeling": null,
      "causalRelationship": null,
      "outcomeResolution": null,
      "prediction": "진솔이는 동물 친구들을 데리고 목욕탕으로 갔어요.",
      "plotSummaryInfoCount": 1,
      "plotSummaryInfo": {
        "classification": "신체운동_건강",
        "readAge": "유아",
        "form": "long-form",
        "plotSummaryText": "사자는 머리가, 돼지는 땀띠, 원숭이는 벌레에게 물려 가렵다고 말했고, 진솔이는 씻지 않아서 그런 거라며 동물 친구들을 목욕탕으로 데려갑니다.",
        "textWordEA": 18
      }
    },
    {
      "srcTextID": "21383",
      "srcText": " “깨끗하면 감기에 걸리지 않아. 깨끗하면 가렵지도 않아. 몸을 깨끗이 씻자. 깨끗하면 건강해져! 옷도 깨끗이, 몸도 깨끗이.”",
      "srcPage": 20,
      "srcSentenceEA": 5,
      "srcWordEA": 20,
      "character": "몸,옷",
      "setting": null,
      "action": "씻자,걸리지,가렵지도,건강해져",
      "feeling": null,
      "causalRelationship": null,
      "outcomeResolution": null,
      "prediction": null,
      "plotSummaryInfoCount": 1,
      "plotSummaryInfo": {
        "classification": "신체운동_건강",
        "readAge": "유아",
        "form": "long-form",
        "plotSummaryText": "몸과 옷을 깨끗이 해야 가렵지도 않고 감기에 걸리지 않아 건강해져요.",
        "textWordEA": 10
      }
    },
    {
      "srcTextID": "21386",
      "srcText": "모두 함께 뛰놀아요! 진솔이는 동물 친구들과 함께 밖으로 나갔어요. “야호, 눈사람을 만들자! 몸을 움직이며 신나게 뛰어놀면 몸도 마음도 건강해져.”",
      "srcPage": 21,
      "srcSentenceEA": 4,
      "srcWordEA": 21,
      "character": "진솔이,동물 친구들,눈사람,몸",
      "setting": null,
      "action": "뛰놀아요,나갔어요,만들자,움직이며,뛰어놀면",
      "feeling": "신나게",
      "causalRelationship": "몸을 움직이며 신나게 뛰어놀면 몸도 마음도 건강해져.",
      "outcomeResolution": null,
      "prediction": null,
      "plotSummaryInfoCount": 1,
      "plotSummaryInfo": {
        "classification": "신체운동_건강",
        "readAge": "유아",
        "form": "long-form",
        "plotSummaryText": "신나게 뛰어놀면 몸도 마음도 건강해진다며 진솔이는 동물 친구들과 밖으로 나가 눈사람을 만듭니다.",
        "textWordEA": 12
      }
    },
    {
      "srcTextID": "21391",
      "srcText": "병원에 가요! “진솔아, 병원 가자!” 엄마가 부르는 소리에 진솔이는 잠을 깼어요. 오늘은 진솔이가 정기 검진을 받는 날이에요.",
      "srcPage": 23,
      "srcSentenceEA": 4,
      "srcWordEA": 19,
      "character": "진솔,엄마",
      "setting": "오늘,병원",
      "action": "가요,부르는,잠을 깼어요,받는,가자",
      "feeling": null,
      "causalRelationship": null,
      "outcomeResolution": null,
      "prediction": "오늘은 진솔이가 정기 검진을 받는 날이에요.",
      "plotSummaryInfoCount": 1,
      "plotSummaryInfo": {
        "classification": "신체운동_건강",
        "readAge": "유아",
        "form": "long-form",
        "plotSummaryText": "진솔이의 정기 검진 날, 엄마가 병원에 가자며 부르셨고, 진솔이는 잠에서 깼습니다.",
        "textWordEA": 11
      }
    },
    {
      "srcTextID": "21389",
      "srcText": "‘나도 병원에 간다고? 그동안 나도 건강하게 생활했나? 몸은 깨끗이 씻고, 옷도 깨끗이 입었나? 골고루 먹고, 일찍 자고 일찍 일어났나?’ 진솔이는 꿈속의 일을 떠올리며 이것저것 생각했어요. 진솔이는 병원에 가려고 집을 나서니 가슴이 콩닥콩닥 뛰었어요.",
      "srcPage": 24,
      "srcSentenceEA": 6,
      "srcWordEA": 38,
      "character": "몸,옷,진솔이",
      "setting": "집,병원",
      "action": "간다고,생활했나,씻고,입었나,먹고,자고,일어났나,생각했어요,가려고,나서니,떠올리며",
      "feeling": "가슴이 콩닥콩닥 뛰었어요",
      "causalRelationship": null,
      "outcomeResolution": null,
      "prediction": null,
      "plotSummaryInfoCount": 1,
      "plotSummaryInfo": {
        "classification": "신체운동_건강",
        "readAge": "유아",
        "form": "long-form",
        "plotSummaryText": "진솔이는 병원에 가려고 집을 나서며 그동안 건강하게 생활했는지, 몸과 옷은 깨끗이 했는지, 골고루 먹고 일찍 자고 일어났는지 꿈속의 일을 떠올리며 생각했습니다.",
        "textWordEA": 21
      }
    },
    {
      "srcTextID": "21390",
      "srcText": "병원에 가기 전에 뽀글뽀글 목욕을 해요. 치카치카 양치질을 해요. 뽀득뽀득 손을 씻어요.",
      "srcPage": 25,
      "srcSentenceEA": 3,
      "srcWordEA": 14,
      "character": "손",
      "setting": "병원",
      "action": "목욕을 해요,양치질을 해요,씻어요,가기",
      "feeling": null,
      "causalRelationship": null,
      "outcomeResolution": null,
      "prediction": null,
      "plotSummaryInfoCount": 1,
      "plotSummaryInfo": {
        "classification": "신체운동_건강",
        "readAge": "유아",
        "form": "short-form",
        "plotSummaryText": "병원에 가기 전에 목욕과 양치질 그리고 손 씻기를 합니다.",
        "textWordEA": 9
      }
    },
    {
      "srcTextID": "21397",
      "srcText": "몸 이곳저곳을 검사해요! 키가 부쩍 자랐어요. 36.5도 열이 없어요. 입 속이 깨끗해요. 시력이 좋아요. 심장이 튼튼해요. 충치가 없어요. 배탈, 설사도 없어요. 다리도 건강해요.",
      "srcPage": 26,
      "srcSentenceEA": 10,
      "srcWordEA": 32,
      "character": "몸,심장,다리,입 속,충치,키",
      "setting": null,
      "action": "검사해요,자랐어요,없어요,깨끗해요,좋아요,튼튼해요,건강해요",
      "feeling": null,
      "causalRelationship": null,
      "outcomeResolution": null,
      "prediction": null,
      "plotSummaryInfoCount": 1,
      "plotSummaryInfo": {
        "classification": "신체운동_건강",
        "readAge": "유아",
        "form": "long-form",
        "plotSummaryText": "몸을 검사했더니 키가 자라고, 열은 없고, 입 속이 깨끗하고, 시력은 좋고, 심장은 튼튼하고, 충치는 없고, 배탈과 설사도 없고, 다리도 건강합니다.",
        "textWordEA": 20
      }
    },
    {
      "srcTextID": "21396",
      "srcText": "“자, 이제 손을 좀 보자.” 의사 선생님은 진솔이의 손을 자세히 살펴보았어요. “손에는 세균들이 많단다. 외출하고 집에 돌아오면, 대소변을 본 후, 음식을 먹기 전에는 비누칠해서 손을 깨끗이 씻어야 해.” 진솔이는 “예!” 하고 대답했어요.",
      "srcPage": 27,
      "srcSentenceEA": 6,
      "srcWordEA": 36,
      "character": "손,의사 선생님,진솔이,집,음식",
      "setting": null,
      "action": "살펴보았어요,돌아오면,씻어야 해,대답했어요,많단다",
      "feeling": null,
      "causalRelationship": null,
      "outcomeResolution": null,
      "prediction": null,
      "plotSummaryInfoCount": 1,
      "plotSummaryInfo": {
        "classification": "신체운동_건강",
        "readAge": "유아",
        "form": "long-form",
        "plotSummaryText": "의사 선생님이 손을 살펴보시더니 손에는 세균이 많으니 외출하고 집에 돌아오거나 대소변을 본 후, 음식을 먹기 전에는 깨끗이 씻어야 한다고 말씀하셨습니다.",
        "textWordEA": 20
      }
    },
    {
      "srcTextID": "21401",
      "srcText": "아얏! 미리미리, 예방 주사를 맞아요! 간호사 선생님이 주사기를 들고 왔어요. “으앙, 주사는 싫어요.” 진솔이 눈에 눈물이 그렁그렁.",
      "srcPage": 28,
      "srcSentenceEA": 4,
      "srcWordEA": 20,
      "character": "간호사 선생님,주사기",
      "setting": null,
      "action": "들고 왔어요,맞아요",
      "feeling": "싫어요",
      "causalRelationship": null,
      "outcomeResolution": null,
      "prediction": null,
      "plotSummaryInfoCount": 1,
      "plotSummaryInfo": {
        "classification": "신체운동_건강",
        "readAge": "유아",
        "form": "long-form",
        "plotSummaryText": "예방 주사를 맞기 위해 간호사 선생님이 주사기를 들고 왔고, 진솔이는 주사가 싫어서 눈물이 맺혔습니다.",
        "textWordEA": 14
      }
    },
    {
      "srcTextID": "21400",
      "srcText": "“어항 안의 흰동가리와 말미잘을 보렴. 흰동가리는 한 번 말미잘 독에 쏘이면 다음에 또 쏘여도 끄떡없단다. 우리도 미리 예방 주사를 맞아야 병을 이겨 낼 수 있어.”",
      "srcPage": 29,
      "srcSentenceEA": 3,
      "srcWordEA": 27,
      "character": "흰동가리,말미잘,어항",
      "setting": null,
      "action": "보렴,맞아야,이겨 낼,쏘이면",
      "feeling": null,
      "causalRelationship": null,
      "outcomeResolution": null,
      "prediction": null,
      "plotSummaryInfoCount": 1,
      "plotSummaryInfo": {
        "classification": "신체운동_건강",
        "readAge": "유아",
        "form": "short-form",
        "plotSummaryText": "어항 안의 흰동가리가 말미잘 독에 한 번 쏘이면 다음에 쏘여도 끄떡없는 것처럼 우리도 예방 주사를 맞아야 병을 이길 수 있다고 하셨어요.",
        "textWordEA": 21
      }
    }
  ]
}