{
  "title": "도와달라고 얘기해!",
  "author": "키움북스 편집부",
  "illustrator": "이미은",
  "isbn": "9788968736353",
  "publishedYear": 2019,
  "publisher": "키움북스",
  "paragraphInfoCount": 33,
  "paragraphInfo": [
    {
      "srcTextID": "107691",
      "srcText": "“예쁘게 생겼구나, 한 번 안아볼까?” “답답해요, 놔주세요!” 엘리베이터에 타면 되도록 버튼 가까이에 서도록 해.",
      "srcPage": 14,
      "srcSentenceEA": 3,
      "srcWordEA": 15,
      "character": "버튼,엘리베이터",
      "setting": null,
      "action": "안아볼까,타면,서도록,놔주세요",
      "feeling": null,
      "causalRelationship": null,
      "outcomeResolution": null,
      "prediction": null,
      "plotSummaryInfoCount": 1,
      "plotSummaryInfo": {
        "classification": "신체운동_건강",
        "readAge": "유아",
        "form": "short-form",
        "plotSummaryText": "엘리베이터에 타면 되도록 버튼 가까이에 서도록 해.",
        "textWordEA": 7
      }
    },
    {
      "srcTextID": "107692",
      "srcText": "그리고 이상한 행동을 하는 사람이 있으면, 모든 층의 버튼을 눌러서 엘리베이터가 빨리 서게 해. 최대한 빨리 엘리베이터에서 내려서 도움을 요청해. 엘리베이터와 같은 밀폐된 공간에 탈 때는 여러 사람과 같이 타라고 가르쳐 주세요.",
      "srcPage": 15,
      "srcSentenceEA": 3,
      "srcWordEA": 34,
      "character": "사람,버튼",
      "setting": "엘리베이터",
      "action": "눌러서,내려서,요청해,탈,가르쳐 주세요",
      "feeling": null,
      "causalRelationship": null,
      "outcomeResolution": null,
      "prediction": null,
      "plotSummaryInfoCount": 1,
      "plotSummaryInfo": {
        "classification": "신체운동_건강",
        "readAge": "유아",
        "form": "short-form",
        "plotSummaryText": "이상한 행동을 하는 사람이 있으면, 모든 층의 버튼을 눌러서 엘리베이터가 빨리 서게 해서 빨리 내려서 도움을 요청하고, 여러 사람과 같이 타.",
        "textWordEA": 21
      }
    },
    {
      "srcTextID": "107695",
      "srcText": "직접 만지는 것만 성폭력인 것은 아니야. 어린이에게 성적인 그림이 그려진 책이나 만화, 영상을 보여주는 것도 성폭력이란다. 어어, 저기! 옆집 누나가 수민이에게 이상한 사이트를 보여주려고 해.",
      "srcPage": 16,
      "srcSentenceEA": 4,
      "srcWordEA": 28,
      "character": "어린이,그림,책,만화,영상,누나,수민이",
      "setting": null,
      "action": "만지는,보여주는,보여주려고",
      "feeling": null,
      "causalRelationship": null,
      "outcomeResolution": null,
      "prediction": null,
      "plotSummaryInfoCount": 1,
      "plotSummaryInfo": {
        "classification": "신체운동_건강",
        "readAge": "유아",
        "form": "long-form",
        "plotSummaryText": "직접 만지는 것만 성폭력인 것은 아니라 어린이에게 성적인 그림이 그려진 책이나 만화, 영상을 보여주는 것도 성폭력이란다.",
        "textWordEA": 16
      }
    },
    {
      "srcTextID": "107703",
      "srcText": "잠깐만! 가현이 너 뭐 하고 있어? “킥킥, 화장실 간 송이를 몰래 보는 중이야.” 야, 너 그런 것도 성폭력인 거 몰라?",
      "srcPage": 19,
      "srcSentenceEA": 3,
      "srcWordEA": 22,
      "character": "가현이,송이",
      "setting": "화장실",
      "action": "보는,간",
      "feeling": null,
      "causalRelationship": null,
      "outcomeResolution": null,
      "prediction": null,
      "plotSummaryInfoCount": 1,
      "plotSummaryInfo": {
        "classification": "신체운동_건강",
        "readAge": "유아",
        "form": "short-form",
        "plotSummaryText": "가현이는 화장실 간 송이를 몰래 보려고 하는데 그런 것도 성폭력이야.",
        "textWordEA": 10
      }
    },
    {
      "srcTextID": "107702",
      "srcText": "“응? 난 그냥 장난인데··” 친구의 치마 들치기, 화장실 엿보기, 다른 친구의 성기 만지기, 똥침 등은 장난처럼 시작되는 성폭력의 씨앗이야. 아무리 친해도 하면 안 돼.",
      "srcPage": 20,
      "srcSentenceEA": 3,
      "srcWordEA": 27,
      "character": "난,친구,치마,화장실,성기",
      "setting": null,
      "action": "엿보기,들치기,만지기,똥침",
      "feeling": null,
      "causalRelationship": null,
      "outcomeResolution": null,
      "prediction": null,
      "plotSummaryInfoCount": 1,
      "plotSummaryInfo": {
        "classification": "신체운동_건강",
        "readAge": "유아",
        "form": "short-form",
        "plotSummaryText": "친구의 치마 들치기, 화장실 엿보기, 다른 친구의 성기 만지기, 똥침 등은 장난처럼 시작되는 성폭력의 씨앗이니 아무리 친해도 하면 안 돼.",
        "textWordEA": 20
      }
    },
    {
      "srcTextID": "107673",
      "srcText": "안녕? 내 이름은 철이. 어린이를 지키는 천하무적 로봇이야. 너희들을 괴롭히는 나쁜 사람이 있으면, 내가 짠! 하고 나타나서 구해줄 거야.",
      "srcPage": 1,
      "srcSentenceEA": 4,
      "srcWordEA": 23,
      "character": "내,철이,어린이,로봇,너희들,나쁜 사람",
      "setting": null,
      "action": "지키는,괴롭히는,나타나서,구해줄",
      "feeling": null,
      "causalRelationship": null,
      "outcomeResolution": null,
      "prediction": null,
      "plotSummaryInfoCount": 1,
      "plotSummaryInfo": {
        "classification": "신체운동_건강",
        "readAge": "유아",
        "form": "long-form",
        "plotSummaryText": "너희들을 괴롭히는 나쁜 사람이 있으면 나타나 구해주는 천하무적 로봇 철이야.",
        "textWordEA": 10
      }
    },
    {
      "srcTextID": "107675",
      "srcText": "오늘은 내가 성폭력을 예방하는 방법을 알려줄게. 성폭력이 뭐냐고? 어른이나 우리보다 큰 형 또는 누나가 우리 어린이들이 원하지 않는데도 강제로 우리 몸을 만지고, 안고, 뽀뽀하는 행동이 성폭력이야.",
      "srcPage": 2,
      "srcSentenceEA": 3,
      "srcWordEA": 28,
      "character": "어른,우리,형,누나,어린이들,내,몸",
      "setting": "오늘은",
      "action": "알려줄게,만지고,안고,뽀뽀하는",
      "feeling": null,
      "causalRelationship": null,
      "outcomeResolution": null,
      "prediction": null,
      "plotSummaryInfoCount": 1,
      "plotSummaryInfo": {
        "classification": "신체운동_건강",
        "readAge": "유아",
        "form": "short-form",
        "plotSummaryText": "오늘은 성폭력을 예방하는 방법을 알아볼 건데, 어른이나 우리보다 큰 형 또는 누나가 우리 어린이들이 원하지 않는데도 강제로 우리 몸을 만지고, 안고, 뽀뽀하는 행동이 성폭력이야.",
        "textWordEA": 24
      }
    },
    {
      "srcTextID": "107685",
      "srcText": "어? 저기 송이가 뭐 하나 같이 보자. “얘야, 아저씨가 맛있는 아이스크림 사줄까?” “네? 아저씨, 저 알아요?”",
      "srcPage": 6,
      "srcSentenceEA": 3,
      "srcWordEA": 18,
      "character": "송이,아저씨,아이스크림,저",
      "setting": null,
      "action": "보자,사줄까",
      "feeling": null,
      "causalRelationship": null,
      "outcomeResolution": null,
      "prediction": null,
      "plotSummaryInfoCount": 1,
      "plotSummaryInfo": {
        "classification": "신체운동_건강",
        "readAge": "유아",
        "form": "short-form",
        "plotSummaryText": "송이에게 어떤 아저씨가 맛있는 아이스크림을 사주겠다고 하니 송이가 자신을 아냐고 물어.",
        "textWordEA": 11
      }
    },
    {
      "srcTextID": "107684",
      "srcText": "“그럼, 아저씨는 네 아빠랑 친한 친구란다.” 네가 송이라면 어떻게 할래? 아무리 아빠와 친한 친구라고 말해도 너 혼자서 낯선 어른을 따라 가면 절대 안 돼. 얼른 다른 어른들이 있는 곳으로 피하거나 집으로 가야 해.",
      "srcPage": 7,
      "srcSentenceEA": 4,
      "srcWordEA": 36,
      "character": "아저씨,아빠,친구,송이,집,어른",
      "setting": null,
      "action": "말해도,따라 가면,피하거나,가야 해",
      "feeling": null,
      "causalRelationship": null,
      "outcomeResolution": null,
      "prediction": null,
      "plotSummaryInfoCount": 1,
      "plotSummaryInfo": {
        "classification": "신체운동_건강",
        "readAge": "유아",
        "form": "long-form",
        "plotSummaryText": "아무리 아빠와 친한 친구라고 말해도 너 혼자서 낯선 어른을 따라 가면 절대 안 되고 얼른 다른 어른들이 있는 곳으로 피하거나 집으로 가야 해.",
        "textWordEA": 23
      }
    },
    {
      "srcTextID": "107686",
      "srcText": "\"차에 타서 알려 줄래?\" 수민이가 차에 타면 될까? 당연히 안 되지.",
      "srcPage": 9,
      "srcSentenceEA": 3,
      "srcWordEA": 13,
      "character": "수민이,차",
      "setting": null,
      "action": "타면,알려 줄래,타서",
      "feeling": null,
      "causalRelationship": null,
      "outcomeResolution": null,
      "prediction": null,
      "plotSummaryInfoCount": 1,
      "plotSummaryInfo": {
        "classification": "신체운동_건강",
        "readAge": "유아",
        "form": "short-form",
        "plotSummaryText": "차에 타서 알려 달라고 해도 차에 타면 안 된단다.",
        "textWordEA": 9
      }
    },
    {
      "srcTextID": "107689",
      "srcText": "“싫어, 오빠라도 만지는 건 기분 나빠!” 휴, 다행이다. 잘 아는 사람이라도 몸을 보여 달라거나 만지는 건 절대 허락하면 안 돼. 빨리 도망쳐서 부모님께 알려야 해.",
      "srcPage": 12,
      "srcSentenceEA": 4,
      "srcWordEA": 28,
      "character": "오빠,사람,몸,부모님",
      "setting": null,
      "action": "만지는,허락하면,도망쳐서,알려야",
      "feeling": "기분 나빠",
      "causalRelationship": null,
      "outcomeResolution": null,
      "prediction": null,
      "plotSummaryInfoCount": 1,
      "plotSummaryInfo": {
        "classification": "신체운동_건강",
        "readAge": "유아",
        "form": "long-form",
        "plotSummaryText": "잘 아는 사람이라도 몸을 보여 달라거나 만지는 건 절대 허락하면 안 되고 빨리 도망쳐서 부모님께 알려야 해.",
        "textWordEA": 17
      }
    },
    {
      "srcTextID": "107693",
      "srcText": "엘리베이터에서도 성폭력이 일어날 수 있어. 저기 송이가 엘리베이터에 탄다. 음, 10층 아저씨도 같이 타네.",
      "srcPage": 13,
      "srcSentenceEA": 3,
      "srcWordEA": 16,
      "character": "송이,아저씨",
      "setting": "엘리베이터",
      "action": "탄다,타네",
      "feeling": null,
      "causalRelationship": null,
      "outcomeResolution": null,
      "prediction": null,
      "plotSummaryInfoCount": 1,
      "plotSummaryInfo": {
        "classification": "신체운동_건강",
        "readAge": "유아",
        "form": "short-form",
        "plotSummaryText": "저기 송이가 10층 아저씨도 같이 엘리베이터에 타는데 엘리베이터에서도 성폭력이 일어날 수 있어.",
        "textWordEA": 12
      }
    },
    {
      "srcTextID": "107701",
      "srcText": "어린이라고 해서 무조건 어른 말을 잘 들어야 하는 건 아니야. 만약 어른이 강제로 만지거나 낯선 곳에 같이 가자고 하거나, 차에 타라거나 이상한 그림을 보여준다고 하면 단호하게 싫다고 하는 게 잘하는 거야. 절대로 혼자서 모르는 사람을 따라가지 마. 그리고 주변의 다른 어른에게 도움을 요청해.",
      "srcPage": 18,
      "srcSentenceEA": 4,
      "srcWordEA": 46,
      "character": "어린이,어른,그림,차,사람",
      "setting": null,
      "action": "만지거나,가자고,타라거나,따라가지 마,도움을 요청해",
      "feeling": "싫다고",
      "causalRelationship": null,
      "outcomeResolution": null,
      "prediction": null,
      "plotSummaryInfoCount": 1,
      "plotSummaryInfo": {
        "classification": "신체운동_건강",
        "readAge": "유아",
        "form": "long-form",
        "plotSummaryText": "만약 어른이 강제로 만지거나 낯선 곳에 같이 가자고 하거나, 차에 타라거나 이상한 그림을 보여준다고 하면 단호하게 싫다고 하고,  절대로 혼자서 모르는 사람을 따라가지 말고 주변의 다른 어른에게 도움을 요청해.",
        "textWordEA": 30
      }
    },
    {
      "srcTextID": "107704",
      "srcText": "얘들아, 잘 들어. 내 몸의 주인은 바로 나야. 내 몸을 함부로 대하는 사람이 있으면 주변의 어른들에게 바로 도와달라고 얘기해. 그리고 내 몸이 소중한 것처럼 친구들의 몸도 소중하다는 사실을 잊지 마. 알았지? 꼭 기억하는 거다. 자, 약속!",
      "srcPage": 21,
      "srcSentenceEA": 7,
      "srcWordEA": 42,
      "character": "나,내,몸,사람,어른,친구",
      "setting": null,
      "action": "얘기해,기억하는,들어,함부로 대하는",
      "feeling": null,
      "causalRelationship": null,
      "outcomeResolution": null,
      "prediction": null,
      "plotSummaryInfoCount": 1,
      "plotSummaryInfo": {
        "classification": "신체운동_건강",
        "readAge": "유아",
        "form": "long-form",
        "plotSummaryText": "내 몸을 함부로 대하는 사람이 있으면 주변의 어른들에게 바로 도와달라고 얘기하고 내 몸이 소중한 것처럼 친구들의 몸도 소중하다는 사실을 잊지 마.",
        "textWordEA": 21
      }
    },
    {
      "srcTextID": "107711",
      "srcText": "성폭력의 예. 강제로 성관계를 하는 것. 몸의 중요한 부위인 성기나 유방, 엉덩이나 배 등을 만지거나 비비는 행동. 뺨이나 손, 머리 등 다른 신체 부위라도 어른의 즐거움을 위해 이용당한 느낌을 받게 하는 행동.",
      "srcPage": 23,
      "srcSentenceEA": 4,
      "srcWordEA": 35,
      "character": "몸,배,성기,유방,엉덩이,뺨,손,머리,어른",
      "setting": null,
      "action": "만지거나,비비는,하는",
      "feeling": null,
      "causalRelationship": null,
      "outcomeResolution": null,
      "prediction": null,
      "plotSummaryInfoCount": 1,
      "plotSummaryInfo": {
        "classification": "신체운동_건강",
        "readAge": "유아",
        "form": "long-form",
        "plotSummaryText": "성폭력은 강제로 성관계를 하는 것과 몸의 중요한 부위인 성기나 유방, 엉덩이나 배 등을 만지거나 비비는 행동, 어떤 신체 부위라도 어른의 즐거움을 위해 이용당한 느낌을 받게 하는 행동.",
        "textWordEA": 27
      }
    },
    {
      "srcTextID": "107718",
      "srcText": "평소에 아이와 많은 시간을 보내면서, 일상생활 속에서 경험하고 느끼는 감정이나 생각하는 것 등에 대해 서로 이야기하는 시간을 가지는 것이 중요합니다. 그래야만 아동이 말 못 할 고민이 생겼다든지 어려움이 생겼을 경우, 혼자 속으로 고민하지 않고 쉽게 부모에게 털어놓을 수 있기 때문입니다. 성폭력 예방에 대한 지식은 자연스럽게 알려 주면서, 어린이가 다른 사람에 대해 지나친 공포감이 있지 않도록 해야 합니다.",
      "srcPage": 29,
      "srcSentenceEA": 3,
      "srcWordEA": 59,
      "character": "아이,아동,부모,어린이,사람",
      "setting": null,
      "action": "경험하고,이야기하는,털어놓을,알려 주면서",
      "feeling": null,
      "causalRelationship": null,
      "outcomeResolution": null,
      "prediction": null,
      "plotSummaryInfoCount": 1,
      "plotSummaryInfo": {
        "classification": "신체운동_건강",
        "readAge": "유아",
        "form": "short-form",
        "plotSummaryText": "평소에 아이와 많은 시간을 보내면서, 일상생활 속에서 경험하고 느끼는 감정이나 생각하는 것 등에 대해 서로 이야기하는 시간을 가지는 것이 중요하고, 성폭력 예방에 대한 지식은 자연스럽게 알려 주면서, 어린이가 다른 사람에 대해 지나친 공포감이 있지 않도록 해야 합니다.",
        "textWordEA": 37
      }
    },
    {
      "srcTextID": "107730",
      "srcText": "집 열쇠고리를 목에 걸고 다니지 않습니다. 늦은 시간에 혼자 심부름을 가거나 학원에 가지 않습니다. 아는 사람이 강제로 어딘가 데리고 가서 성폭력 행동을 하는 경우, 함부로 저항하지 말고 도움을 요청하거나 도망칠 기회를 엿보아야 합니다. 음란물이나 음란사이트를 보지 않습니다. 부모님은 인터넷에서 ‘유해사이트 차단 프로그램’을 다운받아서 아이가 쓰는 컴퓨터에 꼭 설치해 주세요.",
      "srcPage": 32,
      "srcSentenceEA": 6,
      "srcWordEA": 54,
      "character": "열쇠고리,부모님,사람,컴퓨터,음란물,음란사이트,인터넷,유해사이트 차단 프로그램",
      "setting": "늦은 시간,학원",
      "action": "가거나,데리고 가서,요청하거나,보지 않습니다,설치해",
      "feeling": null,
      "causalRelationship": null,
      "outcomeResolution": null,
      "prediction": null,
      "plotSummaryInfoCount": 1,
      "plotSummaryInfo": {
        "classification": "신체운동_건강",
        "readAge": "유아",
        "form": "long-form",
        "plotSummaryText": "아는 사람이 강제로 어딘가 데리고 가서 성폭력 행동을 하는 경우, 함부로 저항하지 말고 도움을 요청하거나 도망칠 기회를 엿보아야 하고, 부모님은 인터넷에서 유해사이트 차단 프로그램을 다운받아서 아이가 쓰는 컴퓨터에 꼭 설치해 주세요.",
        "textWordEA": 31
      }
    },
    {
      "srcTextID": "107712",
      "srcText": "아동 성폭력이란 어른이 자신의 성적 욕구를 충족시키기 위해 물리적인 힘뿐 아니라 나이나 사회적 지위 등을 이용해서 어린이에게 가하는 모든 성적 행위를 말합니다. 실제로 아동의 신체를 만지는 행위뿐 아니라 만지지 않은 행동도 아동 성폭력이 될 수 있습니다. 신체적 접촉 행위에는 아동의 가슴이나 엉덩이, 성기 등 몸을 만지거나 볼이나 입술에 뽀뽀하는 행동, 억지로 껴안는 행동 등이 있습니다. 접촉이 아닌 성폭력에는 성적인 말을 하거나 성적인 사진이나 그림, 영상을 보여주는 것이 포함됩니다.",
      "srcPage": 22,
      "srcSentenceEA": 4,
      "srcWordEA": 71,
      "character": "자신,아동,어른,입술,볼,어린이,신체,가슴,엉덩이,성기,사진,그림,영상",
      "setting": null,
      "action": "만지거나,뽀뽀하는,껴안는,말을 하거나,보여주는",
      "feeling": null,
      "causalRelationship": null,
      "outcomeResolution": null,
      "prediction": null,
      "plotSummaryInfoCount": 1,
      "plotSummaryInfo": {
        "classification": "신체운동_건강",
        "readAge": "유아",
        "form": "long-form",
        "plotSummaryText": "아동 성폭력이란 어른이 자기 성적 욕구를 충족시키기 위해 물리적인 힘, 나이, 사회적 지위 등을 이용해서 어린이에게 가하는 모든 성적 행위를 말하며 아동의 신체를 만지는 행위뿐 아니라 만지지 않은 행동도 아동 성폭력이 될 수 있습니다.",
        "textWordEA": 34
      }
    },
    {
      "srcTextID": "107674",
      "srcText": "성폭력은 우리의 몸과 마음을 아프게 하고 다치게 한단다. 성폭력을 당하면 몸이 아파지는 것은 물론이고 마음까지 아프게 될 수 있어. 정말 무섭지? 이런 일을 당하지 않으려면 어떻게 해야 할까?",
      "srcPage": 3,
      "srcSentenceEA": 4,
      "srcWordEA": 31,
      "character": "몸,우리",
      "setting": null,
      "action": "해야 할까,당하면,아파지는,아프게 하고,당하지",
      "feeling": null,
      "causalRelationship": null,
      "outcomeResolution": null,
      "prediction": "이런 일을 당하지 않으려면 어떻게 해야 할까?",
      "plotSummaryInfoCount": 1,
      "plotSummaryInfo": {
        "classification": "신체운동_건강",
        "readAge": "유아",
        "form": "long-form",
        "plotSummaryText": "성폭력은 우리의 몸과 마음을 아프게 하고 다치게 하니 이런 일을 당하지 않으려면 어떻게 해야 하는지 알아보자.",
        "textWordEA": 16
      }
    },
    {
      "srcTextID": "110097",
      "srcText": "그래 맞아. 예방이 중요하단다. 우선 절대 혼자서 다니지 않도록 해. 특히 사람들 눈에 잘 띄지 않는 어두운 곳에는 가지 마.",
      "srcPage": 4,
      "srcSentenceEA": 4,
      "srcWordEA": 23,
      "character": "사람들",
      "setting": "어두운 곳",
      "action": "다니지 않도록,가지",
      "feeling": null,
      "causalRelationship": null,
      "outcomeResolution": null,
      "prediction": null,
      "plotSummaryInfoCount": 1,
      "plotSummaryInfo": {
        "classification": "신체운동_건강",
        "readAge": "유아",
        "form": "long-form",
        "plotSummaryText": "예방이 중요하니 절대 혼자서 다니지 않도록 하고 사람들 눈에 잘 띄지 않는 어두운 곳에는 가지 마.",
        "textWordEA": 16
      }
    },
    {
      "srcTextID": "107679",
      "srcText": "외출할 때는 부모님에게 어디에 누구와 가는지, 언제 돌아올 건지 꼭 얘기하고 가는 것도 중요해. 급할 때 연락할 수 있도록 부모님 휴대전화 번호와 집 전화번호, 집 주소는 꼭 외우고 있도록 해. 자녀가 부모님 이름과 전화번호, 집 주소를 외우도록 평소에 신경 써 주세요.",
      "srcPage": 5,
      "srcSentenceEA": 3,
      "srcWordEA": 43,
      "character": "부모님,자녀,휴대전화,번호,전화번호,주소",
      "setting": "외출할 때",
      "action": "가는지,돌아올,얘기하고,연락할,외우고",
      "feeling": null,
      "causalRelationship": null,
      "outcomeResolution": null,
      "prediction": null,
      "plotSummaryInfoCount": 1,
      "plotSummaryInfo": {
        "classification": "신체운동_건강",
        "readAge": "유아",
        "form": "short-form",
        "plotSummaryText": "외출할 때는 부모님에게 어디에 누구와 가는지, 언제 돌아올 건지 꼭 얘기하고 가는 것도 중요하고 급할 때 연락할 수 있도록 부모님 휴대전화 번호와 집 전화번호, 집 주소는 꼭 외우고 있도록 해.",
        "textWordEA": 30
      }
    },
    {
      "srcTextID": "107688",
      "srcText": "수민이한테는 자동차 안의 아줌마가 말을 시키네. “얘야, 별님 유치원이 어디니?” “별님 유치원은 우리 유치원인데요.”",
      "srcPage": 8,
      "srcSentenceEA": 3,
      "srcWordEA": 14,
      "character": "수민이,아줌마",
      "setting": "자동차 안,별님 유치원",
      "action": "말을 시키네",
      "feeling": null,
      "causalRelationship": null,
      "outcomeResolution": null,
      "prediction": null,
      "plotSummaryInfoCount": 1,
      "plotSummaryInfo": {
        "classification": "신체운동_건강",
        "readAge": "유아",
        "form": "short-form",
        "plotSummaryText": "수민이한테 자동차 안의 아줌마가 별님 유치원이 어디냐고 말을 시키니 수민이가 우리 유치원이라고 대답하네.",
        "textWordEA": 13
      }
    },
    {
      "srcTextID": "107687",
      "srcText": "낯선 사람이 탄 차에는 가까이 가지 않는 게 좋아. 자녀에게 '어른은 아이에게 길을 묻거나 도움을 청하지 않아.' 라고 분명하게 알려주세요.",
      "srcPage": 10,
      "srcSentenceEA": 4,
      "srcWordEA": 22,
      "character": "자녀,차,낯선 사람,어른,아이,길",
      "setting": null,
      "action": "가지 않는,묻거나,도움을 청하지,알려주세요",
      "feeling": null,
      "causalRelationship": null,
      "outcomeResolution": null,
      "prediction": null,
      "plotSummaryInfoCount": 1,
      "plotSummaryInfo": {
        "classification": "신체운동_건강",
        "readAge": "유아",
        "form": "long-form",
        "plotSummaryText": "낯선 사람이 탄 차에는 가까이 가지 않는 게 좋고 어른은 아이에게 길을 묻거나 도움을 청하지 않는다는 것을 알고 있으렴.",
        "textWordEA": 19
      }
    },
    {
      "srcTextID": "107690",
      "srcText": "이번에는 나은이가 뭘 하고 있나 보자. 안 돼! 사촌오빠가 나은이 옷을 들치고 몸을 만지려고 하네. “나은이 얼마나 컸나 오빠가 한 번 볼까?”",
      "srcPage": 11,
      "srcSentenceEA": 4,
      "srcWordEA": 24,
      "character": "나은이,사촌오빠,옷,몸",
      "setting": null,
      "action": "하고,들치고,만지려고,볼까,보자",
      "feeling": null,
      "causalRelationship": null,
      "outcomeResolution": null,
      "prediction": null,
      "plotSummaryInfoCount": 1,
      "plotSummaryInfo": {
        "classification": "신체운동_건강",
        "readAge": "유아",
        "form": "long-form",
        "plotSummaryText": "얼마나 컸나 보겠다며 사촌오빠가 나은이 옷을 들치고 몸을 만지려고 해.",
        "textWordEA": 10
      }
    },
    {
      "srcTextID": "107694",
      "srcText": "“수민아, 이리 와. 누나가 인터넷에서 재미있는 거 보여줄게.” “ 이상해요, 안 볼래요.” 휴, 수민이 잘했어. 싫다고 하고 부모님께 말씀 드리렴.",
      "srcPage": 17,
      "srcSentenceEA": 5,
      "srcWordEA": 23,
      "character": "수민아,누나,부모님",
      "setting": "인터넷",
      "action": "보여줄게,안 볼래요,말씀 드리렴,와",
      "feeling": null,
      "causalRelationship": null,
      "outcomeResolution": null,
      "prediction": null,
      "plotSummaryInfoCount": 1,
      "plotSummaryInfo": {
        "classification": "신체운동_건강",
        "readAge": "유아",
        "form": "long-form",
        "plotSummaryText": "수민이에게 누나가 인터넷에서 이상한 것을 보여주려 하면 싫다고 하고 부모님께 말씀드려야 해.",
        "textWordEA": 12
      }
    },
    {
      "srcTextID": "107714",
      "srcText": "어른이 자기 몸을 보여주거나 만져 달라고 하는 것. 신체 부위나 성행위에 대한 말로 농담하거나 놀리는 것. 강제로 또는 어린이의 호기심을 자극해서 야한 비디오나 사진 등 음란물을 보여주는 것.",
      "srcPage": 24,
      "srcSentenceEA": 3,
      "srcWordEA": 30,
      "character": "어른,몸,사진,어린이,야한 비디오,음란물",
      "setting": null,
      "action": "보여주거나,농담하거나,놀리는,보여주는,만져",
      "feeling": null,
      "causalRelationship": null,
      "outcomeResolution": null,
      "prediction": null,
      "plotSummaryInfoCount": 1,
      "plotSummaryInfo": {
        "classification": "신체운동_건강",
        "readAge": "유아",
        "form": "short-form",
        "plotSummaryText": "어른이 자기 몸을 보여주거나 만져 달라고 하는 것과 신체 부위나 성행위에 대한 말로 농담하거나 놀리는 것, 어린이의 호기심을 자극해서 야한 비디오나 사진 등 음란물을 보여주는 것.",
        "textWordEA": 26
      }
    },
    {
      "srcTextID": "107717",
      "srcText": "어린이는 힘이 없습니다. 어린이는 친절하게 행동하는 모든 성인을 믿습니다. 어린이는 성인의 동기를 평가할 수 있는 능력이 부족합니다.",
      "srcPage": 25,
      "srcSentenceEA": 3,
      "srcWordEA": 19,
      "character": "어린이,성인",
      "setting": null,
      "action": "행동하는,평가할",
      "feeling": null,
      "causalRelationship": null,
      "outcomeResolution": null,
      "prediction": null,
      "plotSummaryInfoCount": 1,
      "plotSummaryInfo": {
        "classification": "신체운동_건강",
        "readAge": "유아",
        "form": "short-form",
        "plotSummaryText": "어린이는 힘이 없으며 친절하게 행동하는 모든 성인을 믿고, 성인의 동기를 평가할 수 있는 능력이 부족합니다.",
        "textWordEA": 15
      }
    },
    {
      "srcTextID": "107715",
      "srcText": "어린이는 성인에게 순종하는 것이 좋은 것이라고 배웁니다. 어린이는 자신의 신체에 대해 호기심이 많으나, 성에 관한 지식은 부족합니다. 성 안전에 대해 배우지 못한 어린이들은 성폭력이 잘못된 행동이란 것을 모릅니다.",
      "srcPage": 26,
      "srcSentenceEA": 3,
      "srcWordEA": 30,
      "character": "어린이,성인,신체",
      "setting": null,
      "action": "배웁니다,배우지 못한,순종하는,모릅니다",
      "feeling": null,
      "causalRelationship": null,
      "outcomeResolution": null,
      "prediction": null,
      "plotSummaryInfoCount": 1,
      "plotSummaryInfo": {
        "classification": "신체운동_건강",
        "readAge": "유아",
        "form": "short-form",
        "plotSummaryText": "어린이는 성에 관한 지식이 부족하므로 성 안전에 대해 배우지 못한 어린이들은 성폭력이 잘못된 행동이란 것을 모릅니다.",
        "textWordEA": 16
      }
    },
    {
      "srcTextID": "107716",
      "srcText": "어린이는 성폭력을 애정 표현이나 애정의 증거로 오해하기도 합니다. 어린이들은 나쁜 사람은 험상궂은 인상을 하고 가면을 쓰고 심한 폭력을 행사한다고 생각합니다. 주변 사람일 수도 있다고 생각하지 못합니다. 어린이들은 자신이 당한 폭력을 다른 사람에게 이야기하면 벌을 받게 될 것으로 생각합니다.",
      "srcPage": 27,
      "srcSentenceEA": 4,
      "srcWordEA": 41,
      "character": "어린이,사람,가면",
      "setting": null,
      "action": "행사한다고,이야기하면,생각합니다,쓰고,당한",
      "feeling": null,
      "causalRelationship": null,
      "outcomeResolution": null,
      "prediction": null,
      "plotSummaryInfoCount": 1,
      "plotSummaryInfo": {
        "classification": "신체운동_건강",
        "readAge": "유아",
        "form": "long-form",
        "plotSummaryText": "어린이는 성폭력을 애정 표현이나 애정의 증거로 오해하기도 하고, 주변 사람이 나쁜 사람일 수도 있다고 생각하지 못하며 자신이 당한 폭력을 다른 사람에게 이야기하면 벌을 받게 될 것으로 생각합니다.",
        "textWordEA": 27
      }
    },
    {
      "srcTextID": "107713",
      "srcText": "아이에게 부모님이나 선생님들이 ‘~에 가지 마라.', ‘~하면 큰일 난다.’ 는 식의 교육을 지나치게 하게 될 경우, 성폭력 사고를 당한 아이의 마음속에는 ‘내가 엄마 아빠 혹은 선생님의 말을 듣지 않아서 이렇게 된 거야’, ‘나는 엄마 말을 듣지 않았으니까 벌 받는 게 당연해’ 라는 식의 잘못된 죄책감을 가중할 수 있습니다.",
      "srcPage": 28,
      "srcSentenceEA": 7,
      "srcWordEA": 54,
      "character": "아이,부모님,선생님,엄마,아빠",
      "setting": null,
      "action": "듣지 않아서,벌 받는,가지 마라,하게 될,당한",
      "feeling": null,
      "causalRelationship": null,
      "outcomeResolution": null,
      "prediction": null,
      "plotSummaryInfoCount": 1,
      "plotSummaryInfo": {
        "classification": "신체운동_건강",
        "readAge": "유아",
        "form": "long-form",
        "plotSummaryText": "아이에게 부모님이나 선생님들이 성교육을 지나치게 하게 될 경우, 성폭력 사고를 당한 아이의 마음속에 잘못된 죄책감을 가중할 수 있습니다.",
        "textWordEA": 18
      }
    },
    {
      "srcTextID": "107727",
      "srcText": "낯선 사람이 친절하게 먹을 것이나, 장난감 등을 사준다 해도 절대 따라가지 않습니다. 낯선 사람이 길을 물으면 알려만 주고, 따라가거나 차를 타지 않습니다. 낯선 어른이 도와달라 하면, ‘어린이라서 도와드리기 어려워요.’라고 말합니다.",
      "srcPage": 30,
      "srcSentenceEA": 4,
      "srcWordEA": 33,
      "character": "사람,장난감,길,어른,어린이,차",
      "setting": null,
      "action": "사준다,따라가지,알려만 주고,따라가거나,타지 않습니다,말합니다",
      "feeling": null,
      "causalRelationship": null,
      "outcomeResolution": null,
      "prediction": null,
      "plotSummaryInfoCount": 1,
      "plotSummaryInfo": {
        "classification": "신체운동_건강",
        "readAge": "유아",
        "form": "long-form",
        "plotSummaryText": "낯선 사람이 친절하게 무엇을 준다고 해도 절대 따라가면 안 되고, 낯선 사람의 차를 타지 않아야 하며 낯선 어른이 도와달라 하면, 어린이라서 도와드리기 어렵다고 말합니다.",
        "textWordEA": 24
      }
    },
    {
      "srcTextID": "107728",
      "srcText": "보통 어른은 어린이에게 도움을 요청하지 않습니다. 외출할 때 부모님께 가는 장소와 돌아오는 시간을 꼭 이야기합니다. 집 주소, 전화번호, 부모님 휴대전화 번호를 외웁니다.",
      "srcPage": 31,
      "srcSentenceEA": 3,
      "srcWordEA": 24,
      "character": "어른,어린이,부모님,집 주소,전화번호,휴대전화 번호",
      "setting": "외출할 때",
      "action": "요청하지,이야기합니다,가는,돌아오는,외웁니다",
      "feeling": null,
      "causalRelationship": null,
      "outcomeResolution": null,
      "prediction": null,
      "plotSummaryInfoCount": 1,
      "plotSummaryInfo": {
        "classification": "신체운동_건강",
        "readAge": "유아",
        "form": "short-form",
        "plotSummaryText": "외출할 때 부모님께 가는 장소와 돌아오는 시간을 꼭 이야기해야 하며 집 주소, 전화번호, 부모님 휴대전화 번호를 외웁니다.",
        "textWordEA": 17
      }
    },
    {
      "srcTextID": "107729",
      "srcText": "성폭력은 내 아이에게도 일어날 수 있으며, 남자아이도 성폭행당할 수 있습니다. 믿기 어렵지만, 아동 성폭력의 65%는 아는 사람에 의해 저질러집니다. 잘 아는 가까운 사람이 계획적으로 의도 할 수도 있다는 것입니다. 성폭력이 진행되고 있는데도 주변에서 아무도 모를 수 있습니다. 성폭력 예방을 위해서는 아이에게 가족을 포함한 주위 사람들을 경계시켜야 하고 평소에 대화를 많이 하여 아이의 심리 상태나 신체적 변화를 빨리 감지하여야 합니다.",
      "srcPage": 33,
      "srcSentenceEA": 5,
      "srcWordEA": 63,
      "character": "아이,남자아이,사람,아동,가족",
      "setting": null,
      "action": "경계시켜야 하고,대화를 많이 하여,감지하여야,성폭행당할",
      "feeling": null,
      "causalRelationship": null,
      "outcomeResolution": null,
      "prediction": null,
      "plotSummaryInfoCount": 1,
      "plotSummaryInfo": {
        "classification": "신체운동_건강",
        "readAge": "유아",
        "form": "long-form",
        "plotSummaryText": "성폭력은 내 아이에게도 일어날 수 있으며, 남자아이도 성폭행당할 수 있으니 성폭력 예방을 위해서는 아이에게 가족을 포함한 주위 사람들을 경계시켜야 하고 평소에 대화를 많이 하여 아이의 심리 상태나 신체적 변화를 빨리 감지하여야 합니다.",
        "textWordEA": 32
      }
    }
  ]
}