{
  "title": "놀이공원에서 길을 잃었어요",
  "author": "안재원",
  "illustrator": "박정민",
  "isbn": "9788968735929",
  "publishedYear": 2018,
  "publisher": "키움북스",
  "paragraphInfoCount": 16,
  "paragraphInfo": [
    {
      "srcTextID": "32744",
      "srcText": "“지윤아, 놀러 갈 때는 예쁜 옷보다 더 중요한 것이 있어. 놀이공원처럼 넓고 사람이 많은 장소에서는 길을 잃어버리기 쉬워. 혼자 돌아다니지 말고 꼭 엄마, 아빠 손을 잡고 다녀야 해.”",
      "srcPage": 3,
      "srcSentenceEA": 3,
      "srcWordEA": 30,
      "character": "지윤,옷,사람,엄마,아빠",
      "setting": "놀이공원",
      "action": "놀러 갈 때,잡고",
      "feeling": null,
      "causalRelationship": null,
      "outcomeResolution": null,
      "prediction": null,
      "plotSummaryInfoCount": 1,
      "plotSummaryInfo": {
        "classification": "신체운동_건강",
        "readAge": "유아",
        "form": "short-form",
        "plotSummaryText": "놀이공원처럼 넓고 사람이 많은 장소에서는 길을 잃어버리리 쉽기 때문에 엄마, 아빠 손을 잡고 다녀야 한다고 말했어요.",
        "textWordEA": 16
      }
    },
    {
      "srcTextID": "32749",
      "srcText": "“하나, 멈추기!” 길을 잃게 되면 그 자리에 멈춰서 서 있어야 해. 그래야 엄마 아빠가 너를 찾으러 갔을 때 서로 길이 어긋나지 않고 더 빨리 만날 수 있어. “둘, 생각하기!” 멈춘 다음엔 당황하지 말고 엄마 아빠 이름과 지윤이 이름, 그리고 집주소와 전화번호를 차근차근 외워 보는 거야.",
      "srcPage": 4,
      "srcSentenceEA": 5,
      "srcWordEA": 48,
      "character": "엄마,아빠,지윤",
      "setting": "길",
      "action": "잃게 되면,멈춰서 서 있어야 해,찾으러 갔을 때,외워 보는 거야.",
      "feeling": "당황하지",
      "causalRelationship": null,
      "outcomeResolution": null,
      "prediction": null,
      "plotSummaryInfoCount": 1,
      "plotSummaryInfo": {
        "classification": "신체운동_건강",
        "readAge": "유아",
        "form": "long-form",
        "plotSummaryText": "길을 잃게 되면 그 자리에 멈춘 후 당황하지 말고 엄마 아빠 이름과 지윤이 이름, 그리고 집주소와 전화번호를 차근차근 생각해야 한다고 말했어요.",
        "textWordEA": 21
      }
    },
    {
      "srcTextID": "32758",
      "srcText": "‘그래 맞아! 엄마가 꼭 기억하라고 알려 주신 세 가지! 하나, 멈추기! 놀이공원에서 엄마, 아빠를 잃어버리고 혼자가 되면 그 자리에서 그대로 서서 움직이지 말라고 했어. 내가 부모님을 찾으러 여기저기 움직이면 더 만나기가 힘들어진다고 제자리에서 기다리면 엄마, 아빠가 날 찾으러 온다고 하셨어.’ 지윤이는 어제 엄마가 일러준 얘기를 하나하나 떠올렸어요.",
      "srcPage": 11,
      "srcSentenceEA": 6,
      "srcWordEA": 52,
      "character": "엄마,아빠,부모님,지윤이",
      "setting": "놀이공원",
      "action": "잃어버리고,서서,찾으러",
      "feeling": null,
      "causalRelationship": "아빠를 잃어버리고 혼자가 되면 그 자리에서 그대로 서서 움직이지 말라고 했어.,내가 부모님을 찾으러 여기저기 움직이면 더 만나기가 힘들어진다고 제자리에서 기다리면 엄마, 아빠가 날 찾으러 온다고 하셨어.",
      "outcomeResolution": null,
      "prediction": null,
      "plotSummaryInfoCount": 1,
      "plotSummaryInfo": {
        "classification": "신체운동_건강",
        "readAge": "유아",
        "form": "long-form",
        "plotSummaryText": "지윤이는 놀이공원에서 엄마, 아빠를 잃어버리면 그 자리에서 멈추고 기다리면 된다고 일러준 엄마의 얘기를 하나하나 떠올렸습니다.\n",
        "textWordEA": 15
      }
    },
    {
      "srcTextID": "32762",
      "srcText": "지윤이 눈에 마침 놀이공원 안내소가 보였어요. ‘저기 안내원 아저씨들에게 엄마 아빠를 찾아 달라고 하자.’ 지윤이는 다리 아래 있는 놀이공원 안내소로 향했습니다. ",
      "srcPage": 14,
      "srcSentenceEA": 3,
      "srcWordEA": 23,
      "character": "지윤,안내원 아저씨,엄마,아빠",
      "setting": "놀이공원 안내소",
      "action": "보였어요,찾아 달라고,향했습니다.",
      "feeling": null,
      "causalRelationship": null,
      "outcomeResolution": null,
      "prediction": null,
      "plotSummaryInfoCount": 1,
      "plotSummaryInfo": {
        "classification": "신체운동_건강",
        "readAge": "유아",
        "form": "short-form",
        "plotSummaryText": "지윤이는 안내원 아저씨에게 가서 도움을 청하기 위해 놀이공원 안내소로 향했습니다.",
        "textWordEA": 10
      }
    },
    {
      "srcTextID": "32741",
      "srcText": "“엄마, 아빠 이 멜빵 치마 예쁘죠? 내일 놀이공원에 갈 때 입을 거예요.” 놀이공원에 갈 생각에 지윤이는 벌써부터 기분이 좋았습니다.",
      "srcPage": 1,
      "srcSentenceEA": 3,
      "srcWordEA": 21,
      "character": "엄마,아빠,멜빵 치마,지윤",
      "setting": "놀이공원,내일",
      "action": "입을 거예요",
      "feeling": "기분이 좋았습니다",
      "causalRelationship": null,
      "outcomeResolution": null,
      "prediction": null,
      "plotSummaryInfoCount": 1,
      "plotSummaryInfo": {
        "classification": "신체운동_건강",
        "readAge": "유아",
        "form": "short-form",
        "plotSummaryText": "지윤이는 내일 멜빵 치마를 입고 놀이공원에 갈 생각에 벌써부터 기분이 좋았습니다.",
        "textWordEA": 11
      }
    },
    {
      "srcTextID": "32742",
      "srcText": "“하하하 그렇게 좋아?” “신나서 예쁜 옷도 미리 준비했구나.” 엄마와 아빠도 하하 웃으셨습니다. 웃으시던 엄마가 진지한 표정으로 지윤이에게 말씀하셨어요.",
      "srcPage": 2,
      "srcSentenceEA": 4,
      "srcWordEA": 20,
      "character": "옷,엄마,아빠,지윤",
      "setting": null,
      "action": "웃으셨습니다,말씀하셨어요",
      "feeling": "신나서",
      "causalRelationship": null,
      "outcomeResolution": null,
      "prediction": null,
      "plotSummaryInfoCount": 1,
      "plotSummaryInfo": {
        "classification": "신체운동_건강",
        "readAge": "유아",
        "form": "long-form",
        "plotSummaryText": "신나서 예쁜 옷도 미리 준비한 지윤이에게 엄마가 진지한 표정으로 말씀하셨어요.",
        "textWordEA": 10
      }
    },
    {
      "srcTextID": "32748",
      "srcText": "“셋, 도움 청하기!” 기다려도 엄마 아빠가 오지 않으면 주변을 둘러보고 도움을 구해야 한단다. 특히 경찰관, 아이와 함께 있는 아주머니, 상점 안에서 물건을 파는 사람에게 도와달라고 하는 거야. 한 번 따라 해볼까?",
      "srcPage": 5,
      "srcSentenceEA": 4,
      "srcWordEA": 34,
      "character": "엄마,아빠,경찰관,아주머니",
      "setting": "상점 안",
      "action": "기다려도,오지 않으면,도와달라고 하는 거야",
      "feeling": null,
      "causalRelationship": null,
      "outcomeResolution": null,
      "prediction": null,
      "plotSummaryInfoCount": 1,
      "plotSummaryInfo": {
        "classification": "신체운동_건강",
        "readAge": "유아",
        "form": "long-form",
        "plotSummaryText": "만약 기다려도 엄마 아빠가 오지 않으면 주변에 경찰관, 아이와 함께 있는 아주머니, 상점 안에서 물건을 파는 사람에게 도움을 청해야 한다고 설명했어요.",
        "textWordEA": 21
      }
    },
    {
      "srcTextID": "32752",
      "srcText": "다음 날 지윤이네 가족은 놀이공원에 놀러 갔어요. 놀이공원 입구에 들어가자 회전목마가 보였어요. “엄마 아빠 저기 제가 제일 좋아하는 회전목마가 있어요. 와 재미있겠다. 우리도 어서 타러 가요. 빨리요 빨리.”",
      "srcPage": 6,
      "srcSentenceEA": 6,
      "srcWordEA": 32,
      "character": "지윤,회전목마,엄마,아빠",
      "setting": "다음 날,놀이공원",
      "action": "놀러 갔어요,보였어요,타러 가요",
      "feeling": "재미있겠다",
      "causalRelationship": null,
      "outcomeResolution": null,
      "prediction": null,
      "plotSummaryInfoCount": 1,
      "plotSummaryInfo": {
        "classification": "신체운동_건강",
        "readAge": "유아",
        "form": "long-form",
        "plotSummaryText": "다음 날 놀이공원에 놀러 간 지윤이네 가족은 입구에서 지윤이가 제일 좋아하는 회전목마를 발견하고는 타러 갔습니다.",
        "textWordEA": 15
      }
    },
    {
      "srcTextID": "32751",
      "srcText": "“지윤이가 회전목마가 타고 싶구나? 그래, 우리도 저쪽으로 가서 줄 서서 기다리자.” 신이 난 지윤이는 폴짝폴짝 뛰어서 회전목마로 향했어요. 회전목마를 워낙 좋아하는 지윤이는 기다리면서도 기분이 좋았어요.",
      "srcPage": 7,
      "srcSentenceEA": 4,
      "srcWordEA": 28,
      "character": "지윤,회전목마",
      "setting": null,
      "action": "줄 서서 기다리자,뛰어서",
      "feeling": "신이 난,기분이 좋았어요",
      "causalRelationship": null,
      "outcomeResolution": null,
      "prediction": null,
      "plotSummaryInfoCount": 1,
      "plotSummaryInfo": {
        "classification": "신체운동_건강",
        "readAge": "유아",
        "form": "long-form",
        "plotSummaryText": "신이 나 회전목마로 향한 지윤이는 기다리는 동안에도 기분이 좋았어요.",
        "textWordEA": 9
      }
    },
    {
      "srcTextID": "32753",
      "srcText": "“곧 광장에서 퍼레이드가 진행될 예정이오니 많은 관람 부탁 드립니다.” 지윤이도 퍼레이드가 보고 싶어졌어요. 지윤이는 엄마와 아빠가 따라 오기도 전에 다른 사람들 뒤를 따라 광장으로 걸어갔어요.",
      "srcPage": 8,
      "srcSentenceEA": 3,
      "srcWordEA": 27,
      "character": "지윤,엄마,아빠",
      "setting": "광장",
      "action": "걸어갔어요",
      "feeling": null,
      "causalRelationship": null,
      "outcomeResolution": null,
      "prediction": null,
      "plotSummaryInfoCount": 1,
      "plotSummaryInfo": {
        "classification": "신체운동_건강",
        "readAge": "유아",
        "form": "short-form",
        "plotSummaryText": "퍼레이드가 보고 싶어진 지윤이는 엄마와 아빠가 따라 오기도 전에 다른 사람들의 뒤를 따라 광장으로 걸어갔습니다.\n",
        "textWordEA": 15
      }
    },
    {
      "srcTextID": "32756",
      "srcText": "지윤이는 전날 엄마가 말해 주었던 ‘부모님 손잡고 다니기’와 ‘혼자 다니지 않기’도 잊어버린 채 퍼레이드를 보러 가는 사람들 뒤를 따라갔어요. “히히, 내가 일등으로 가서 앞에서 봐야지” 처음에는 신나게 뛰었지만, 곧 덥고 힘이 들었어요.",
      "srcPage": 9,
      "srcSentenceEA": 5,
      "srcWordEA": 35,
      "character": "지윤,엄마,부모님",
      "setting": "전날",
      "action": "따라갔어요,뛰었지만",
      "feeling": "신나게",
      "causalRelationship": null,
      "outcomeResolution": null,
      "prediction": null,
      "plotSummaryInfoCount": 1,
      "plotSummaryInfo": {
        "classification": "신체운동_건강",
        "readAge": "유아",
        "form": "long-form",
        "plotSummaryText": "지윤이는 전날 엄마가 당부했던 부모님 손잡고 다니기와 혼자 다니지 않기를 잊은 채 혼자서 퍼레이드를 보러 갔습니다.",
        "textWordEA": 16
      }
    },
    {
      "srcTextID": "32757",
      "srcText": "조금 전까지만 해도 놀이공원에 놀러와 신났던 지윤이는 이제는 미아가 되어버렸어요. “무서워...” ‘퍼레이드 보려고 사람들 따라가지 않고 멈췄으면 이렇게 멀리 오지 않았을 텐데 잠깐, 멈췄으면?’ 지윤이는 어제 엄마가 하신 말씀이 생각났어요.",
      "srcPage": 10,
      "srcSentenceEA": 3,
      "srcWordEA": 32,
      "character": "지윤,엄마,사람들",
      "setting": "놀이공원",
      "action": null,
      "feeling": "신났던,무서워",
      "causalRelationship": null,
      "outcomeResolution": null,
      "prediction": null,
      "plotSummaryInfoCount": 1,
      "plotSummaryInfo": {
        "classification": "신체운동_건강",
        "readAge": "유아",
        "form": "short-form",
        "plotSummaryText": "조금 전까지도 놀이공원에 놀러와 신났던 지윤이는 미아가 되어 무서워졌지만 어제 엄마가 하신 말씀이 생각났습니다.",
        "textWordEA": 14
      }
    },
    {
      "srcTextID": "32760",
      "srcText": "‘어제 자기 전에 엄마랑 함께 전화번호를 외워 두길 참 잘했어.’ 하지만 번호를 다 외우는 동안에도 부모님은 보이지 않았어요. 지윤이는 다음에 엄마가 했던 말을 다시 한번 생각했어요.",
      "srcPage": 12,
      "srcSentenceEA": 3,
      "srcWordEA": 28,
      "character": "엄마,지윤이,부모님",
      "setting": "어제",
      "action": "외워 두길,보이지 않았어요,생각했어요",
      "feeling": null,
      "causalRelationship": null,
      "outcomeResolution": null,
      "prediction": null,
      "plotSummaryInfoCount": 1,
      "plotSummaryInfo": {
        "classification": "신체운동_건강",
        "readAge": "유아",
        "form": "short-form",
        "plotSummaryText": "어제 자기 전에 엄마랑 외웠던 전화번호를 외우는 동안 부모님이 나타나지 않자, 지윤이는 다음에 엄마가 했던 말을 생각했습니다.",
        "textWordEA": 17
      }
    },
    {
      "srcTextID": "32761",
      "srcText": "‘세 번째는 뭐였지? 세 번째는... 맞아! 도움 청하기, 어서 주변을 둘러 보자. 엄마가 도움을 청할 때는 특히 경찰관, 아이와 함께 있는 아주머니, 상점 안에 들어가서 도와달라고 했었는데’",
      "srcPage": 13,
      "srcSentenceEA": 5,
      "srcWordEA": 31,
      "character": "엄마,경찰관,아이,아주머니",
      "setting": "상점 안",
      "action": "둘러 보자,도와달라고",
      "feeling": null,
      "causalRelationship": null,
      "outcomeResolution": null,
      "prediction": null,
      "plotSummaryInfoCount": 1,
      "plotSummaryInfo": {
        "classification": "신체운동_건강",
        "readAge": "유아",
        "form": "long-form",
        "plotSummaryText": "엄마가 도움을 청할 때는 특히 경찰관, 아이와 함께 있는 아주머니, 상점 안에 들어가서 도와달라고 했던 세 번째 수칙을 기억했습니다.",
        "textWordEA": 19
      }
    },
    {
      "srcTextID": "32767",
      "srcText": " “그래 지윤아 혹시 부모님 이름과 휴대폰 번호 알고 있니?” “네! 알아요! 엄마랑 같이 외웠어요!” 지윤이가 말한 전화번호로 안내원 아저씨는 부모님에게 전화도 해주었고 놀이공원 안에 크게 들리도록 안내 방송도 해주셨어요.",
      "srcPage": 15,
      "srcSentenceEA": 4,
      "srcWordEA": 32,
      "character": "지윤,휴대폰,엄마,아저씨",
      "setting": "놀이공원",
      "action": "외웠어요,전화도 해주었고,말한,방송도 해주셨어요",
      "feeling": null,
      "causalRelationship": null,
      "outcomeResolution": "놀이공원 안에 크게 들리도록 안내 방송도 해주셨어요.",
      "prediction": null,
      "plotSummaryInfoCount": 1,
      "plotSummaryInfo": {
        "classification": "신체운동_건강",
        "readAge": "유아",
        "form": "long-form",
        "plotSummaryText": "지윤이가 부모님 이름과 휴대폰 번호를 기억해서 말하자, 안내원 아저씨는 부모님께 전화도 해주었고 안내 방송도 해주셨습니다.",
        "textWordEA": 15
      }
    },
    {
      "srcTextID": "32770",
      "srcText": "안내원 아저씨와 잠시 기다리니 멀리서 엄마, 아빠가 뛰어오셨어요. “지윤아! 아이고 우리 딸!” “엄마, 아빠 보고 싶었어요. 다음부턴 절대 혼자 다니지 않을게요.”",
      "srcPage": 16,
      "srcSentenceEA": 4,
      "srcWordEA": 23,
      "character": "안내원 아저씨,엄마,아빠,지윤",
      "setting": null,
      "action": "기다리니,뛰어오셨어요",
      "feeling": null,
      "causalRelationship": null,
      "outcomeResolution": "다음부턴 절대 혼자 다니지 않을게요",
      "prediction": null,
      "plotSummaryInfoCount": 1,
      "plotSummaryInfo": {
        "classification": "신체운동_건강",
        "readAge": "유아",
        "form": "long-form",
        "plotSummaryText": "안내원 아저씨와 잠시 기다리던 지윤이는 엄마, 아빠를 만났고 다음부터는 절대 혼자 다니지 않겠다고 다짐했습니다.",
        "textWordEA": 14
      }
    }
  ]
}