{
  "title": "똥을 잘 누고 싶어",
  "author": "정종윤",
  "illustrator": "홍찬주",
  "isbn": "9788963832555",
  "publishedYear": 2011,
  "publisher": "별똥별",
  "paragraphInfoCount": 18,
  "paragraphInfo": [
    {
      "srcTextID": "116507",
      "srcText": "드디어 건강 똥을 누는 방법을 알아냈어요. 건강 똥을 누는 방법. 첫째, 똥이 마려우면 참지 말고 화장실에 가기!",
      "srcPage": 13,
      "srcSentenceEA": 3,
      "srcWordEA": 19,
      "character": "똥",
      "setting": "화장실",
      "action": "누는,가기",
      "feeling": null,
      "causalRelationship": null,
      "outcomeResolution": null,
      "prediction": null,
      "plotSummaryInfoCount": 1,
      "plotSummaryInfo": {
        "classification": "신체운동_건강",
        "readAge": "유아",
        "form": "short-form",
        "plotSummaryText": "건강 똥을 누는 방법을 알아냈는데 첫 번째로 똥이 마려우면 참지 말고 화장실에 가는 것입니다.",
        "textWordEA": 14
      }
    },
    {
      "srcTextID": "116512",
      "srcText": "우웩! 커다란 똥 덩어리가 들어 있지 뭐예요. 그런데 똥에서 달콤한 냄새가 나요. 가만 보니 똥 모양의 초콜릿케이크예요. 똥꾸가 활짝 웃으며 말했죠. \"세상에서 가장 맛있는 똥일 거야.\"",
      "srcPage": 19,
      "srcSentenceEA": 5,
      "srcWordEA": 30,
      "character": "똥,초콜릿케이크,똥꾸",
      "setting": null,
      "action": "말했죠",
      "feeling": null,
      "causalRelationship": null,
      "outcomeResolution": null,
      "prediction": null,
      "plotSummaryInfoCount": 1,
      "plotSummaryInfo": {
        "classification": "신체운동_건강",
        "readAge": "유아",
        "form": "long-form",
        "plotSummaryText": "똥 덩어리가 들어 있었는데 거기에서 달콤한 냄새가 나서 보니 똥 모양의 초콜릿케이크였고, 이것을 본 똥구가 세상에서 가장 맛있는 똥일 거라고 말했습니다.",
        "textWordEA": 21
      }
    },
    {
      "srcTextID": "116506",
      "srcText": "둘째, 채소와 과일을 충분히 먹기! 셋째, 물을 자주 마시기! 넷째, 규칙적으로 운동하기! 이 방법을 잘 지키면 똥을 쑥쑥 눌 수 있대요.",
      "srcPage": 14,
      "srcSentenceEA": 4,
      "srcWordEA": 24,
      "character": "채소,과일,똥",
      "setting": null,
      "action": "먹기,마시기",
      "feeling": null,
      "causalRelationship": null,
      "outcomeResolution": null,
      "prediction": null,
      "plotSummaryInfoCount": 1,
      "plotSummaryInfo": {
        "classification": "신체운동_건강",
        "readAge": "유아",
        "form": "long-form",
        "plotSummaryText": "두 번째로 채소와 과일 먹기, 세 번째로 물 마시기, 네 번째로 규칙적으로 운동하기, 이 방법을 지키면 똥을 잘 눌 수 있습니다.",
        "textWordEA": 21
      }
    },
    {
      "srcTextID": "116505",
      "srcText": "\"뽀옹, 오늘도 똥이 쑤욱 나왔어. 황금색이고 뽀옹 너를 닮은 건강한 똥이야.\" \"우웩! 똥 얘기 좀 그만해.\"",
      "srcPage": 15,
      "srcSentenceEA": 3,
      "srcWordEA": 18,
      "character": "똥,뽀옹",
      "setting": "오늘",
      "action": "나왔어",
      "feeling": null,
      "causalRelationship": null,
      "outcomeResolution": null,
      "prediction": null,
      "plotSummaryInfoCount": 1,
      "plotSummaryInfo": {
        "classification": "신체운동_건강",
        "readAge": "유아",
        "form": "short-form",
        "plotSummaryText": "오늘도 뽀옹을 닮은 황금색 똥이 쑥 나왔다고 하자, 똥 얘기는 그만하라고 말했습니다.",
        "textWordEA": 12
      }
    },
    {
      "srcTextID": "116509",
      "srcText": "\"소화 기관을 치료하는 자격증을 따서 고향에 돌아가 소화기 내과를 열어야지. 누구나 똥을 잘 누는 끄응별을 만들 거야.\" 똥꾸는 시험공부도 열심히 했어요.",
      "srcPage": 17,
      "srcSentenceEA": 3,
      "srcWordEA": 23,
      "character": "똥,똥꾸",
      "setting": "고향,끄응별",
      "action": "치료하는",
      "feeling": null,
      "causalRelationship": null,
      "outcomeResolution": null,
      "prediction": null,
      "plotSummaryInfoCount": 1,
      "plotSummaryInfo": {
        "classification": "신체운동_건강",
        "readAge": "유아",
        "form": "short-form",
        "plotSummaryText": "똥꾸는 소화 기관을 치료하는 자격증을 따서 소화기 내과를 열겠다며 누구나 똥을 잘 누는 끄응별을 만들기 위해 시험공부도 열심히 했습니다.",
        "textWordEA": 19
      }
    },
    {
      "srcTextID": "116497",
      "srcText": "똥꾸는 로봇 뽀옹과 지구로 향했어요. \"지구에서 병원을 찾아보자!\" 삐비빅, 삐비비빅! 조용히 날던 우주선이 요란한 소리를 내더니 깜박거려요. \"좋은병원 발견! 좋은병원 발견!\"",
      "srcPage": 4,
      "srcSentenceEA": 6,
      "srcWordEA": 24,
      "character": "똥꾸,로봇,뽀옹,우주선",
      "setting": "지구,병원",
      "action": "향했어요,찾아보자",
      "feeling": null,
      "causalRelationship": null,
      "outcomeResolution": null,
      "prediction": null,
      "plotSummaryInfoCount": 1,
      "plotSummaryInfo": {
        "classification": "신체운동_건강",
        "readAge": "유아",
        "form": "long-form",
        "plotSummaryText": "똥꾸는 로봇 뽀옹과 지구로 향했고, 조용히 날던 우주선이 병원을 발견하고는 요란한 소리를 내며 깜박거렸습니다.",
        "textWordEA": 14
      }
    },
    {
      "srcTextID": "116500",
      "srcText": "똥꾸가 경수를 진찰하며 말해요. \"이런! 설사를 했구나. 배 속에서 무슨 소리가 나는지 들어 볼래?\" 꾸르륵 꾸륵! 우르르 쾅쾅! \"우아, 내 배에서 천둥소리가 들려.\" \"경수 창자가 화가 난 거야.\" 똥꾸의 말에 경수가 고개를 갸우뚱갸우뚱!",
      "srcPage": 7,
      "srcSentenceEA": 8,
      "srcWordEA": 38,
      "character": "똥꾸,경수,배,창자",
      "setting": null,
      "action": "진찰하며,말해요",
      "feeling": null,
      "causalRelationship": null,
      "outcomeResolution": null,
      "prediction": null,
      "plotSummaryInfoCount": 1,
      "plotSummaryInfo": {
        "classification": "신체운동_건강",
        "readAge": "유아",
        "form": "long-form",
        "plotSummaryText": "똥꾸가 경수를 진찰하며 창자가 화가 났다고 말하자, 경수가 고개를 갸우뚱거렸습니다.",
        "textWordEA": 10
      }
    },
    {
      "srcTextID": "116501",
      "srcText": "\"기름지고 찬 음식을 많이 먹거나 상한 음식을 먹으면 창자는 화가 나서 엄청 빨리 움직여. 그러면 물을 충분히 빨아들이지 못해서 뿌지직 설사가 나와. 자, 경수 배 속이 어떻게 생겼는지 볼까?\"",
      "srcPage": 8,
      "srcSentenceEA": 3,
      "srcWordEA": 31,
      "character": "창자,경수,배",
      "setting": null,
      "action": "먹거나,움직여,나와",
      "feeling": null,
      "causalRelationship": null,
      "outcomeResolution": null,
      "prediction": null,
      "plotSummaryInfoCount": 1,
      "plotSummaryInfo": {
        "classification": "신체운동_건강",
        "readAge": "유아",
        "form": "short-form",
        "plotSummaryText": "기름지고 찬 음식을 많이 먹거나 상한 음식을 먹으면 창자는 화가 나서 빨리 움직이고 그러면 물을 충분히 빨아들이지 못해서 뿌지직 설사가 나온다고 말했습니다.",
        "textWordEA": 22
      }
    },
    {
      "srcTextID": "116504",
      "srcText": "식도 음식물이 지나가는 길이에요. 위 음식물을 흐물흐물 죽처럼 만들어요. 작은창자(소장) 음식물을 소화시키면서 영양분을 빨아들여요. 큰창자(대장) 음식물 찌꺼기에서 물기를 빨아들이면 나머지는 똥이 되지요. 항문(똥구멍) 똥이 마려워지면 똥을 밖으로 내보내요.",
      "srcPage": 11,
      "srcSentenceEA": 5,
      "srcWordEA": 32,
      "character": "식도,위,죽,작은창자,소장,큰창자,대장,똥,항문",
      "setting": null,
      "action": "지나가는,만들면,빨아들여요",
      "feeling": null,
      "causalRelationship": null,
      "outcomeResolution": null,
      "prediction": null,
      "plotSummaryInfoCount": 1,
      "plotSummaryInfo": {
        "classification": "신체운동_건강",
        "readAge": "유아",
        "form": "long-form",
        "plotSummaryText": "식도는 음식물이 지나가는 길이고, 위는 음식물을 죽처럼 만들면 작은창자에서 음식을 소화해 영양분을 빨아들이고, 큰창자에서 영양분을 빨아들이고 남은 음식물 찌꺼기가 물을 빨아들이면 나머지가 똥이 되어 항문에서 똥을 밖으로 내보냅니다.",
        "textWordEA": 28
      }
    },
    {
      "srcTextID": "116510",
      "srcText": "똥꾸를 찾는 환자들이 끊이지 않았어요. \"아이고, 피곤하다! 그래도 환자들이 건강해지면 행복해.\" 똥꾸는 새로운 목표도 생겼어요.",
      "srcPage": 16,
      "srcSentenceEA": 4,
      "srcWordEA": 17,
      "character": "똥꾸,환자들",
      "setting": null,
      "action": "찾는",
      "feeling": "피곤하다,행복해",
      "causalRelationship": null,
      "outcomeResolution": null,
      "prediction": null,
      "plotSummaryInfoCount": 1,
      "plotSummaryInfo": {
        "classification": "신체운동_건강",
        "readAge": "유아",
        "form": "long-form",
        "plotSummaryText": "똥꾸는 찾는 환자들이 끊이지 않아 피곤했지만, 환자들이 건강해지면 행복하다고 하며 새로운 목표도 생겼습니다.",
        "textWordEA": 13
      }
    },
    {
      "srcTextID": "116511",
      "srcText": "야호! 신나는 잔치가 벌어졌네요. 똥꾸가 자격증 시험에 합격했거든요. \"똥꾸, 끄응별에서 축하 선물이 왔어!\" 뽀옹이 커다란 상자를 들고 왔어요. 똥꾸가 상자를 열어 보니.",
      "srcPage": 18,
      "srcSentenceEA": 5,
      "srcWordEA": 26,
      "character": "똥꾸,뽀옹,상자,축하 선물",
      "setting": "끄응별,왔어,들고 왔어요",
      "action": null,
      "feeling": null,
      "causalRelationship": null,
      "outcomeResolution": null,
      "prediction": null,
      "plotSummaryInfoCount": 1,
      "plotSummaryInfo": {
        "classification": "신체운동_건강",
        "readAge": "유아",
        "form": "long-form",
        "plotSummaryText": "똥꾸가 자격증 시험에 합격해 잔치가 벌어졌는데 끄응별에서 축하 선물이 왔다며, 뽀옹이 커다란 상자를 들고 왔습니다.",
        "textWordEA": 15
      }
    },
    {
      "srcTextID": "116496",
      "srcText": "똥꾸는 끄응별 의사예요. 똥을 만드는 큰창자를 치료하지요. 끄응별에서는 너나없이 똥을 잘 못 누어요.",
      "srcPage": 2,
      "srcSentenceEA": 3,
      "srcWordEA": 15,
      "character": "똥꾸,의사,똥,큰창자",
      "setting": "끄응별",
      "action": "치료하지요,누어요",
      "feeling": null,
      "causalRelationship": null,
      "outcomeResolution": null,
      "prediction": null,
      "plotSummaryInfoCount": 1,
      "plotSummaryInfo": {
        "classification": "신체운동_건강",
        "readAge": "유아",
        "form": "short-form",
        "plotSummaryText": "똥꾸는 큰창자를 치료하는 끄응별 의사인데 끄응별에서는 너나없이 똥을 잘 못 눕니다.",
        "textWordEA": 11
      }
    },
    {
      "srcTextID": "116495",
      "srcText": "끄응별 임금님은 똥꾸에게 명령을 내렸어요. \"지구에 가서 건강 똥을 누는 비밀을 알아 오너라.\" 그즈음 끄응별에 지구 이야기가 퍼졌어요. \"지구에 건강 똥을 누게 해 주는 병원이 있대.\" \"정말 그런 병원이 있어?\"",
      "srcPage": 3,
      "srcSentenceEA": 5,
      "srcWordEA": 31,
      "character": "끄응별,임금님,똥꾸,똥",
      "setting": "지구,병원",
      "action": "내렸어요,오너라,퍼졌어요",
      "feeling": null,
      "causalRelationship": null,
      "outcomeResolution": null,
      "prediction": null,
      "plotSummaryInfoCount": 1,
      "plotSummaryInfo": {
        "classification": "신체운동_건강",
        "readAge": "유아",
        "form": "long-form",
        "plotSummaryText": "끄응별 임금님은 똥꾸에게 지구에 가서 건강 똥을 누는 비밀을 알아 오라고 명령을 내렸습니다.",
        "textWordEA": 13
      }
    },
    {
      "srcTextID": "116502",
      "srcText": "식도 음식물이 지나가는 길이에요. 위 음식물을 흐물흐물 죽처럼 만들어요. 작은창자(소장) 음식물을 소화시키면서 양분을 빨아들여요.",
      "srcPage": 9,
      "srcSentenceEA": 3,
      "srcWordEA": 16,
      "character": "식도,위,작은창자,소장,죽",
      "setting": null,
      "action": "빨아들여요",
      "feeling": null,
      "causalRelationship": null,
      "outcomeResolution": null,
      "prediction": null,
      "plotSummaryInfoCount": 1,
      "plotSummaryInfo": {
        "classification": "신체운동_건강",
        "readAge": "유아",
        "form": "short-form",
        "plotSummaryText": "식도는 음식물이 지나가는 길이고, 위는 음식물을 죽처럼 만들어 음식물을 소화시키면 작은창자에서 양분을 빨아들입니다.",
        "textWordEA": 13
      }
    },
    {
      "srcTextID": "116508",
      "srcText": "똥꾸는 환자들을 돌보면서 지구인들이 어떻게 뿌우욱, 뿌우욱 건강 똥을 누는지 연구했어요. 끄응별 임금님, 안녕하세요? 임금님의 명령으로 지구에 온 똥꾸예요.",
      "srcPage": 12,
      "srcSentenceEA": 3,
      "srcWordEA": 21,
      "character": "똥꾸,환자,지구인,똥,임금님",
      "setting": "지구",
      "action": "누는지,연구했어요",
      "feeling": null,
      "causalRelationship": null,
      "outcomeResolution": null,
      "prediction": null,
      "plotSummaryInfoCount": 1,
      "plotSummaryInfo": {
        "classification": "신체운동_건강",
        "readAge": "유아",
        "form": "short-form",
        "plotSummaryText": "똥꾸는 환자들을 돌보면서 지구인들이 어떻게 건강 똥을 누는지 연구했습니다.",
        "textWordEA": 9
      }
    },
    {
      "srcTextID": "116494",
      "srcText": "끙끙, 낑낑! 똥꾸가 화장실에서 배에 잔뜩 힘을 주네요. 볼이 벌게지도록 힘을 주어도 똥은 나올락 말락, 나올락 말락! 아무리 힘을 주어도 엉덩이로 쏙 숨어 버린 똥은 나올 생각을 안 해요.",
      "srcPage": 1,
      "srcSentenceEA": 4,
      "srcWordEA": 32,
      "character": "똥꾸,배,볼,똥,엉덩이",
      "setting": "화장실",
      "action": "주어도,숨어,나올",
      "feeling": null,
      "causalRelationship": null,
      "outcomeResolution": null,
      "prediction": null,
      "plotSummaryInfoCount": 1,
      "plotSummaryInfo": {
        "classification": "신체운동_건강",
        "readAge": "유아",
        "form": "long-form",
        "plotSummaryText": "똥꾸가 화장실에서 잔뜩 힘을 주어도 똥은 나올락 말락 아무리 힘을 주어도 엉덩이로 숨어버린 똥은 나올 생각을 안 합니다.",
        "textWordEA": 18
      }
    },
    {
      "srcTextID": "116498",
      "srcText": "지구에 무사히 도착한 똥꾸와 뽀옹은 좋은병원으로 갔어요. \"와! 똥꾸, 지구에는 똥이 잘 나올 수 있도록 도와주는 소화기 내과가 있어.\" \"내가 찾던 바로 그곳이야! 소화기 내과에서 일하면서 건강 똥을 누는 비밀을 알아보자.\"",
      "srcPage": 5,
      "srcSentenceEA": 4,
      "srcWordEA": 33,
      "character": "똥꾸,뽀옹,똥",
      "setting": "병원,지구",
      "action": "갔어요",
      "feeling": null,
      "causalRelationship": null,
      "outcomeResolution": null,
      "prediction": null,
      "plotSummaryInfoCount": 1,
      "plotSummaryInfo": {
        "classification": "신체운동_건강",
        "readAge": "유아",
        "form": "long-form",
        "plotSummaryText": "지구에 도착한 똥꾸와 뽀옹은 소화기 내과에 일하면서 건강 똥을 누는 비밀을 알아보자며 좋은 병원으로 갔습니다.",
        "textWordEA": 15
      }
    },
    {
      "srcTextID": "116499",
      "srcText": "똥꾸가 진료하는 첫날, 경수가 왔어요. 경수는 똥꾸를 보자마자 휴지를 들고 급히 뛰어나가요. \"아침부터 배가 살살 아프더니 물 같은 똥이 푸드득푸드득 쏟아져. 얼른 화장실 좀 갔다 올게.\"",
      "srcPage": 6,
      "srcSentenceEA": 4,
      "srcWordEA": 28,
      "character": "똥꾸,경수,휴지,배,똥",
      "setting": "아침",
      "action": "뛰어나가요",
      "feeling": null,
      "causalRelationship": null,
      "outcomeResolution": null,
      "prediction": null,
      "plotSummaryInfoCount": 1,
      "plotSummaryInfo": {
        "classification": "신체운동_건강",
        "readAge": "유아",
        "form": "long-form",
        "plotSummaryText": "똥꾸가 진료하는 첫날에 온 경수는 똥꾸를 보자마자 휴지를 들고 급히 뛰어나갔습니다.",
        "textWordEA": 11
      }
    }
  ]
}