{
  "title": "뽀뽀하기 싫어요",
  "author": "변진영",
  "illustrator": "김이조",
  "isbn": "9788963830315",
  "publishedYear": 2009,
  "publisher": "별똥별",
  "paragraphInfoCount": 16,
  "paragraphInfo": [
    {
      "srcTextID": "117290",
      "srcText": "토마스는 내 단짝 친구야. 미국에서 태어난 토마스는 네 살 때 우리나라로 왔대. 나는 토마스랑 있으면 기분이 좋아. 토마스가 \"안녕!\" 하고 인사하면, 내 마음은 해님처럼 환해져. 토마스와 손을 꼭 잡으면, 내 마음은 장난감 북처럼 쿵쾅거려.",
      "srcPage": 1,
      "srcSentenceEA": 6,
      "srcWordEA": 39,
      "character": "토마스,내,나,손,장난감 북",
      "setting": "미국,우리나라,네 살 때",
      "action": "태어난,왔대,인사하면,환해져,잡으면,쿵쾅거려",
      "feeling": "좋아",
      "causalRelationship": null,
      "outcomeResolution": null,
      "prediction": null,
      "plotSummaryInfoCount": 1,
      "plotSummaryInfo": {
        "classification": "신체운동_건강",
        "readAge": "유아",
        "form": "long-form",
        "plotSummaryText": "미국에서 태어난 토마스는 내 단짝 친구로 토마스와 함께 있으면 기분이 좋아졌어요.",
        "textWordEA": 11
      }
    },
    {
      "srcTextID": "117291",
      "srcText": "토마스는 다른 남자아이들과 달라. 짓궂게 머리를 잡아당기지도 않고, 치마를 들치며 장난치지도 않아. 다른 남자아이들이 장난을 치면, \"안 돼, 친구를 괴롭히지 마!\" 하고 내 편을 들어 줘. 나는 그런 토마스가 정말 좋아.",
      "srcPage": 2,
      "srcSentenceEA": 6,
      "srcWordEA": 35,
      "character": "토마스,남자아이들,머리,치마,친구",
      "setting": null,
      "action": "달라,잡아당기지도 않고,들치며,장난치지도 않아,장난을 치면,괴롭히지 마,내 편을 들어 줘",
      "feeling": "짓궂게,정말 좋아",
      "causalRelationship": null,
      "outcomeResolution": null,
      "prediction": null,
      "plotSummaryInfoCount": 1,
      "plotSummaryInfo": {
        "classification": "신체운동_건강",
        "readAge": "유아",
        "form": "long-form",
        "plotSummaryText": "토마스는 다른 남자아이들과 달리 짓궂은 장난을 치지 않고, 다른 남자아이들이 장난을 치면 내 편을 들어줘서 좋습니다.",
        "textWordEA": 16
      }
    },
    {
      "srcTextID": "117292",
      "srcText": "오늘은 토마스네 가족이 우리 가족을 초대했어. '토마스네 집은 어떨까? 장난감도 많이 있겠지?' 나는 콩닥콩닥 설레는 마음으로 아빠, 엄마와 함께 토마스네 집으로 갔어. 엄마가 만든 달콤한 초콜릿 케이크도 가져갔지.",
      "srcPage": 3,
      "srcSentenceEA": 5,
      "srcWordEA": 31,
      "character": "토마스,가족,우리,장난감,나,아빠,엄마,초콜릿 케이크",
      "setting": "오늘,토마스네 집",
      "action": "초대했어,많이 있겠지,만든,가져갔지",
      "feeling": "콩닥콩닥 설레는 마음으로",
      "causalRelationship": null,
      "outcomeResolution": null,
      "prediction": null,
      "plotSummaryInfoCount": 1,
      "plotSummaryInfo": {
        "classification": "신체운동_건강",
        "readAge": "유아",
        "form": "long-form",
        "plotSummaryText": "오늘은 토마스네 가족이 우리 가족을 초대해서 나는 아빠, 엄마와 함께 초콜릿 케이크를 가지고 토마스네 집으로 갔습니다.",
        "textWordEA": 16
      }
    },
    {
      "srcTextID": "117294",
      "srcText": "토마스네 아빠, 엄마는 우리를 반갑게 맞아 주었어. 토마스도 환하게 웃으며 인사를 했어. \"토마스, 만나서 반가워. 정말 귀엽구나?\"",
      "srcPage": 4,
      "srcSentenceEA": 4,
      "srcWordEA": 19,
      "character": "토마스네 아빠,엄마,우리,토마스",
      "setting": null,
      "action": "반갑게 맞아 주었어,환하게 웃으며,인사를 했어,만나서",
      "feeling": "반가워,귀엽구나",
      "causalRelationship": null,
      "outcomeResolution": null,
      "prediction": null,
      "plotSummaryInfoCount": 1,
      "plotSummaryInfo": {
        "classification": "신체운동_건강",
        "readAge": "유아",
        "form": "long-form",
        "plotSummaryText": "토마스네 부모님과 토마스는 환하게 웃으며 우리를 반겨 주었습니다.",
        "textWordEA": 8
      }
    },
    {
      "srcTextID": "117293",
      "srcText": "엄마가 토마스 볼에 뽀뽀를 하려고 했어. \"아니요, 뽀뽀하는 것은 싫어요.\" 토마스가 손을 설레설레 흔들며 말했어.",
      "srcPage": 5,
      "srcSentenceEA": 3,
      "srcWordEA": 16,
      "character": "엄마,토마스,볼,손",
      "setting": null,
      "action": "뽀뽀를 하려고 했어,뽀뽀하는,설레설레 흔들며,말했어",
      "feeling": "싫어요",
      "causalRelationship": null,
      "outcomeResolution": null,
      "prediction": null,
      "plotSummaryInfoCount": 1,
      "plotSummaryInfo": {
        "classification": "신체운동_건강",
        "readAge": "유아",
        "form": "short-form",
        "plotSummaryText": "엄마가 토마스 볼에 뽀뽀를 하려고 하자 손을 흔들며 싫다고 말했습니다.",
        "textWordEA": 10
      }
    },
    {
      "srcTextID": "117300",
      "srcText": "저녁때 삼촌이 우리 집에 놀러 왔어. 삼촌과 노는 것은 항상 재미있어. 삼촌은 목마랑 비행기를 태워 주고, 언제나 나와 신나게 놀아 주거든.",
      "srcPage": 11,
      "srcSentenceEA": 3,
      "srcWordEA": 23,
      "character": "삼촌,나",
      "setting": "저녁때,우리 집",
      "action": "놀러 왔어,노는,목마랑 비행기를 태워 주고,놀아 주거든",
      "feeling": "재미있어,신나게",
      "causalRelationship": null,
      "outcomeResolution": null,
      "prediction": null,
      "plotSummaryInfoCount": 1,
      "plotSummaryInfo": {
        "classification": "신체운동_건강",
        "readAge": "유아",
        "form": "short-form",
        "plotSummaryText": "저녁때 삼촌이 우리 집에 놀러 와서 목마랑 비행기를 태워주고 나와 신나게 놀아줬습니다.",
        "textWordEA": 12
      }
    },
    {
      "srcTextID": "117301",
      "srcText": "그런데 오늘은 이상하게 별로 놀고 싶지 않았어. '오늘은 그냥 그림책만 읽었으면 좋겠어.' 그렇지만 내 마음을 모르는 삼촌은 볼을 비비며 뽀뽀를 하려고 했어. \"아유, 귀여운 우리 현이 잘 있었어?\"",
      "srcPage": 12,
      "srcSentenceEA": 4,
      "srcWordEA": 29,
      "character": "그림책,마음,삼촌,볼,현이",
      "setting": "오늘",
      "action": "읽었으면,모르는,비비며,뽀뽀를 하려고 했어,잘 있었어",
      "feeling": "이상하게,놀고 싶지 않았어,좋겠어,귀여운",
      "causalRelationship": null,
      "outcomeResolution": null,
      "prediction": null,
      "plotSummaryInfoCount": 1,
      "plotSummaryInfo": {
        "classification": "신체운동_건강",
        "readAge": "유아",
        "form": "long-form",
        "plotSummaryText": "오늘 현이는 놀고 싶지 않았고, 그림책만 읽었으면 좋겠지만, 삼촌이 볼을 비비며 뽀뽀하려고 했습니다.",
        "textWordEA": 13
      }
    },
    {
      "srcTextID": "117305",
      "srcText": "토마스와 나는 더 친한 친구가 되었어. 하지만 달라진 게 있어. 남자아이들이 짓궂게 하면, \"싫어, 하지 마.\"라고 내가 먼저 말해. 토마스가 내 손을 잡으려 할 때에도 잡기 싫을 때면 이렇게 말해. \"미안, 지금은 손잡기 싫어.\"",
      "srcPage": 16,
      "srcSentenceEA": 7,
      "srcWordEA": 38,
      "character": "토마스,나,친구,남자아이들,손",
      "setting": "지금",
      "action": "친한,되었어,달라진 게 있어,짓궂게 하면,하지 마,말해,잡으려 할,잡기,손잡기",
      "feeling": "싫어,싫을,미안",
      "causalRelationship": null,
      "outcomeResolution": null,
      "prediction": null,
      "plotSummaryInfoCount": 1,
      "plotSummaryInfo": {
        "classification": "신체운동_건강",
        "readAge": "유아",
        "form": "long-form",
        "plotSummaryText": "토마스와 나는 더 친해졌지만, 나는 남자아이들이 짓궂게 굴면 싫다고 말하고, 토마스에게도 손잡기 싫을 때면 손잡기 싫다고 말했습니다.",
        "textWordEA": 17
      }
    },
    {
      "srcTextID": "117296",
      "srcText": "나는 놀라기도 하고, 화도 났어. 그래서 토마스 방에 들어서자마자 물었어. \"우리 엄마가 귀여워서 뽀뽀하려는데, 어떻게 싫다고 말할 수 있어?\"",
      "srcPage": 6,
      "srcSentenceEA": 3,
      "srcWordEA": 20,
      "character": "나,엄마",
      "setting": "토마스 방",
      "action": "들어서자마자,물었어,뽀뽀하려는데,말할 수 있어",
      "feeling": "놀라기도 하고,화도 났어,귀여워서,싫다고",
      "causalRelationship": null,
      "outcomeResolution": null,
      "prediction": null,
      "plotSummaryInfoCount": 1,
      "plotSummaryInfo": {
        "classification": "신체운동_건강",
        "readAge": "유아",
        "form": "short-form",
        "plotSummaryText": "나는 놀라기도 하고, 화가 나서 토마스 방에 들어서자마자 우리 엄마가 귀여워서 뽀뽀하려는데 어떻게 싫다고 말할 수 있냐고 물었습니다.",
        "textWordEA": 18
      }
    },
    {
      "srcTextID": "117295",
      "srcText": "\"너를 위해 초콜릿 케이크도 만들어 왔단 말이야.\" \"너희 엄마가 싫어서 그런 게 아니야.\" 토마스는 놀라며 고개를 갸우뚱했어.",
      "srcPage": 7,
      "srcSentenceEA": 3,
      "srcWordEA": 18,
      "character": "너,초콜릿 케이크,엄마,토마스",
      "setting": null,
      "action": "만들어 왔단 말이야,고개를 갸우뚱했어",
      "feeling": "싫어서 그런 게 아니야,놀라며",
      "causalRelationship": null,
      "outcomeResolution": null,
      "prediction": null,
      "plotSummaryInfoCount": 1,
      "plotSummaryInfo": {
        "classification": "신체운동_건강",
        "readAge": "유아",
        "form": "short-form",
        "plotSummaryText": "토마스는 놀라며 너희 엄마가 싫어서 그런 게 아니라고 말하며 고개를 갸우뚱했습니다.",
        "textWordEA": 11
      }
    },
    {
      "srcTextID": "117297",
      "srcText": "\"그냥 내가 하고 싶지 않아서 그런 거야. 좋아하는 사람이라도 안거나 뽀뽀하기 싫을 때가 있잖아. 넌 그런 적 없어?\" 토마스는 내 손을 잡으며 물었어. \"없어, 난 한 번도 그런 적 없어!\" 나는 화가 나 토마스의 손을 뿌리쳤어.",
      "srcPage": 8,
      "srcSentenceEA": 6,
      "srcWordEA": 40,
      "character": "사람,토마스,손,나",
      "setting": null,
      "action": "안거나,뽀뽀하기,잡으며,물었어,뿌리쳤어",
      "feeling": "하고 싶지 않아서,좋아하는,싫을 때가 있잖아,화가 나",
      "causalRelationship": null,
      "outcomeResolution": null,
      "prediction": null,
      "plotSummaryInfoCount": 1,
      "plotSummaryInfo": {
        "classification": "신체운동_건강",
        "readAge": "유아",
        "form": "long-form",
        "plotSummaryText": "토마스는 좋아하는 사람이라도 하고 싶지 않을 때가 있지 않냐며 내 손을 잡으며 물었고, 나는 화가 나서 토마스의 손을 뿌리쳤습니다.",
        "textWordEA": 19
      }
    },
    {
      "srcTextID": "117299",
      "srcText": "집으로 돌아오는 길이었어. 토마스에게 화를 내고 시무룩한 나를 보며 엄마도 토마스처럼 말했어. \"좋아하는 사람이라도 안거나 뽀뽀하기 싫을 때가 있어.\"",
      "srcPage": 9,
      "srcSentenceEA": 3,
      "srcWordEA": 20,
      "character": "토마스,나,엄마,사람",
      "setting": "집",
      "action": "돌아오는,보며,말했어,안거나,뽀뽀하기",
      "feeling": "화를 내고,시무룩한,좋아하는,싫을 때가 있어",
      "causalRelationship": null,
      "outcomeResolution": null,
      "prediction": null,
      "plotSummaryInfoCount": 1,
      "plotSummaryInfo": {
        "classification": "신체운동_건강",
        "readAge": "유아",
        "form": "short-form",
        "plotSummaryText": "집으로 돌아오는 길에 토마스에게 화를 내고 시무룩한 나를 보고 엄마도 토마스처럼 좋아하는 사람이라도 안거나 뽀뽀하기 싫을 때가 있다고 말했습니다.",
        "textWordEA": 19
      }
    },
    {
      "srcTextID": "117298",
      "srcText": "\"원하지 않는데 억지로 그럴 필요는 없단다.\" 나는 눈이 휘둥그레졌어. \"엄마랑 아빠, 삼촌도요?\" \"물론이지.\"",
      "srcPage": 10,
      "srcSentenceEA": 3,
      "srcWordEA": 14,
      "character": "나,눈,엄마,아빠,삼촌",
      "setting": null,
      "action": "원하지 않는데,휘둥그레졌어",
      "feeling": null,
      "causalRelationship": null,
      "outcomeResolution": null,
      "prediction": null,
      "plotSummaryInfoCount": 1,
      "plotSummaryInfo": {
        "classification": "신체운동_건강",
        "readAge": "유아",
        "form": "short-form",
        "plotSummaryText": "원하지 않는데 억지로 그럴 필요가 없다고 하자, 나는 눈이 휘둥그레져서 엄마랑 아빠랑 삼촌도 그러냐고 물었습니다.",
        "textWordEA": 15
      }
    },
    {
      "srcTextID": "117302",
      "srcText": "\"뽀뽀는 싫어요, 삼촌.\" 나도 모르게 토마스처럼 말을 해 버렸어. 혼자서 그림책을 보는 내내 삼촌이 화가 났으면 어쩌나 걱정이 됐어.",
      "srcPage": 13,
      "srcSentenceEA": 3,
      "srcWordEA": 21,
      "character": "삼촌,나,토마스,그림책",
      "setting": null,
      "action": "모르게,말을 해 버렸어,보는",
      "feeling": "싫어요,화가 났으면,걱정이 됐어",
      "causalRelationship": null,
      "outcomeResolution": null,
      "prediction": null,
      "plotSummaryInfoCount": 1,
      "plotSummaryInfo": {
        "classification": "신체운동_건강",
        "readAge": "유아",
        "form": "short-form",
        "plotSummaryText": "나도 모르게 토마스처럼 삼촌에게 뽀뽀가 싫다고 말했고, 혼자서 그림책을 보는 내내 삼촌이 화가 났을까 봐 걱정했습니다.",
        "textWordEA": 16
      }
    },
    {
      "srcTextID": "117303",
      "srcText": "하지만 삼촌은 여전히 다정하게 말했어. \"우리 공주님, 오늘은 삼촌하고 뽀뽀하기 싫구나.\" 그러더니 내가 좋아하는 그림책을 읽어 주고 예쁜 공주 왕관도 만들어 주었어.",
      "srcPage": 14,
      "srcSentenceEA": 3,
      "srcWordEA": 23,
      "character": "삼촌,공주님,그림책,왕관",
      "setting": "오늘",
      "action": "말했어,뽀뽀하기,읽어 주고,만들어 주었어",
      "feeling": "다정하게,싫구나,좋아하는",
      "causalRelationship": null,
      "outcomeResolution": null,
      "prediction": null,
      "plotSummaryInfoCount": 1,
      "plotSummaryInfo": {
        "classification": "신체운동_건강",
        "readAge": "유아",
        "form": "short-form",
        "plotSummaryText": "삼촌은 다정하게 말하고선 내가 좋아하는 그림책을 읽어주고 공주 왕관도 만들어 주었습니다.",
        "textWordEA": 11
      }
    },
    {
      "srcTextID": "117304",
      "srcText": "나는 삼촌을 참 좋아하지만, 오늘은 뽀뽀하기 싫었어. 내 말에 삼촌은 화내거나 싫어하지 않았어. 토마스도 우리 엄마를 좋아하지만, 뽀뽀는 하기 싫었던 거야. '내일 토마스에게 화내서 미안하다고 사과해야지.'",
      "srcPage": 15,
      "srcSentenceEA": 4,
      "srcWordEA": 28,
      "character": "나,삼촌,오늘,토마스,엄마",
      "setting": "내일",
      "action": "뽀뽀하기,화내서",
      "feeling": "참 좋아하지만,싫었어,화내거나,싫어하지 않았어,좋아하지만,하기 싫었던 거야,미안하다고,사과해야지",
      "causalRelationship": null,
      "outcomeResolution": null,
      "prediction": null,
      "plotSummaryInfoCount": 1,
      "plotSummaryInfo": {
        "classification": "신체운동_건강",
        "readAge": "유아",
        "form": "long-form",
        "plotSummaryText": "나는 삼촌을 좋아하지만, 오늘 뽀뽀하기 싫었고, 내 말에 삼촌은 화내거나 싫어하지 않은 것처럼 토마스도 우리 엄마를 좋아하지만 뽀뽀하기 싫었던 것이라 내일 토마스에게 사과해야겠다고 생각했습니다.",
        "textWordEA": 24
      }
    }
  ]
}