{
  "title": "동물들아, 나랑 같이 놀자",
  "author": "김복희",
  "illustrator": "국설희",
  "isbn": "9791165433161",
  "publishedYear": 2020,
  "publisher": "아람키즈",
  "paragraphInfoCount": 27,
  "paragraphInfo": [
    {
      "srcTextID": "16656",
      "srcText": "풀숲 사이로 버섯들이 보였어요. “독버섯은 빛깔이 곱단다. 예쁘다고 만지거나 먹으면 안 된단다.” “알았어요. 꼭 조심할게요.”",
      "srcPage": 25,
      "srcSentenceEA": 4,
      "srcWordEA": 17,
      "character": "버섯들,독버섯",
      "setting": "풀숲 사이",
      "action": "만지거나,먹으면,조심할게요",
      "feeling": null,
      "causalRelationship": "독버섯은 빛깔이 곱단다. 예쁘다고 만지거나 먹으면 안 된단다.",
      "outcomeResolution": null,
      "prediction": "알았어요. 꼭 조심할게요.",
      "plotSummaryInfoCount": 1,
      "plotSummaryInfo": {
        "classification": "신체운동_건강",
        "readAge": "유아",
        "form": "long-form",
        "plotSummaryText": "할아버지는 빛깔이 고운 독버섯은 만지거나 먹으면 안 된다고 당부했다.",
        "textWordEA": 9
      }
    },
    {
      "srcTextID": "16655",
      "srcText": "산에서 내려오자, 할아버지가 옷을 탁탁 털어 내셨어요. 준이도 할아버지를 따라 먼지를 탁탁 털어 냈어요. 준이는 비누로 손을 깨끗이 씻었어요. “준이야, 야외 활동을 한 다음에는 손을 꼭 씻어야 한단다.” “네, 알겠어요.”",
      "srcPage": 26,
      "srcSentenceEA": 5,
      "srcWordEA": 32,
      "character": "할아버지,옷,준이,먼지,비누,손",
      "setting": "산",
      "action": "내려오자,털어 내셨어요,따라,털어 냈어요,씻었어요",
      "feeling": null,
      "causalRelationship": null,
      "outcomeResolution": null,
      "prediction": null,
      "plotSummaryInfoCount": 1,
      "plotSummaryInfo": {
        "classification": "신체운동_건강",
        "readAge": "유아",
        "form": "long-form",
        "plotSummaryText": "할아버지는 산에서 내려와 옷의 먼지를 털어 내고는 비누로 손을 꼭 깨끗하게 씻어야 한다고 말했다.",
        "textWordEA": 14
      }
    },
    {
      "srcTextID": "16631",
      "srcText": "“으악! 살려 주세요!” 그날 밤 준이는 무서운 꿈을 꾸었어요. “으악, 개가 으르렁거려요. 고양이가 쫓아와요. 누가 나 좀 살려 주세요!”",
      "srcPage": 2,
      "srcSentenceEA": 5,
      "srcWordEA": 23,
      "character": "준이,개,고양이",
      "setting": "그날 밤",
      "action": "꾸었어요,으르렁거려요,쫓아와요",
      "feeling": null,
      "causalRelationship": null,
      "outcomeResolution": null,
      "prediction": null,
      "plotSummaryInfoCount": 1,
      "plotSummaryInfo": {
        "classification": "신체운동_건강",
        "readAge": "유아",
        "form": "long-form",
        "plotSummaryText": "그날 밤 준이는 개가 으르렁거리고, 고양이가 쫓아오는 무서운 꿈을 꾸었다.",
        "textWordEA": 10
      }
    },
    {
      "srcTextID": "16637",
      "srcText": "“으르렁거리는 개는 무서워요.” 준이가 할아버지 뒤로 숨으며 말했어요. “개들이 저렇게 으르렁거리면 가까이 오지 말라는 뜻이란다.”",
      "srcPage": 7,
      "srcSentenceEA": 3,
      "srcWordEA": 16,
      "character": "개,준이,할아버지",
      "setting": null,
      "action": "숨으며,말했어요,으르렁거리면",
      "feeling": "무서워요",
      "causalRelationship": null,
      "outcomeResolution": null,
      "prediction": null,
      "plotSummaryInfoCount": 1,
      "plotSummaryInfo": {
        "classification": "신체운동_건강",
        "readAge": "유아",
        "form": "short-form",
        "plotSummaryText": "으르렁거리는 개를 준이가 무서워하자, 할아버지는 그건 가까이 오지 말라는 뜻이라는 것을 알려주었다.",
        "textWordEA": 12
      }
    },
    {
      "srcTextID": "16639",
      "srcText": "그때 준이가 그만 옆에 있던 개의 밥그릇을 건드렸어요. “할아버지, 이 개는 왜 밥을 먹다가 짖어요?” “개들은 밥을 먹을 때 건드리면 자기 밥을 빼앗아 가는 줄 알고 짖는단다.”",
      "srcPage": 8,
      "srcSentenceEA": 3,
      "srcWordEA": 27,
      "character": "준이,개,할아버지,밥그릇",
      "setting": "그때",
      "action": "건드렸어요,짖어요,건드리면,빼앗아 가는,짖는단다",
      "feeling": null,
      "causalRelationship": "할아버지, 이 개는 왜 밥을 먹다가 짖어요? 개들은 밥을 먹을 때 건드리면 자기 밥을 빼앗아 가는 줄 알고 짖는단다.",
      "outcomeResolution": null,
      "prediction": null,
      "plotSummaryInfoCount": 1,
      "plotSummaryInfo": {
        "classification": "신체운동_건강",
        "readAge": "유아",
        "form": "short-form",
        "plotSummaryText": "개의 밥그릇을 건드리면 개들은 자기 밥을 빼앗아 가는 줄 알고 짖는다고 할아버지가 준이에게 말했다.",
        "textWordEA": 14
      }
    },
    {
      "srcTextID": "16638",
      "srcText": "“준이야, 개들은 묶여 있어도 조심해야 해.” 할아버지 말에 준이가 고개를 갸우뚱거렸어요. “묶여 있는데 왜 조심해야 해요?” “혹시 끈이 풀리면 사람을 물 수가 있으니까 조심해야 해.”",
      "srcPage": 9,
      "srcSentenceEA": 4,
      "srcWordEA": 26,
      "character": "준이,개,할아버지,사람",
      "setting": null,
      "action": "조심해야 해,갸우뚱거렸어요,물 수가",
      "feeling": null,
      "causalRelationship": "묶여 있는데 왜 조심해야 해요? 혹시 끈이 풀리면 사람을 물 수가 있으니까 조심해야 해.",
      "outcomeResolution": null,
      "prediction": null,
      "plotSummaryInfoCount": 1,
      "plotSummaryInfo": {
        "classification": "신체운동_건강",
        "readAge": "유아",
        "form": "long-form",
        "plotSummaryText": "할아버지는 묶여있는 개도 끈이 풀리면 사람을 물 수가 있으니 조심해야 한다고 준이에게 말했다.",
        "textWordEA": 13
      }
    },
    {
      "srcTextID": "16640",
      "srcText": " “할아버지, 이 강아지는 꼬리를 흔들며 자꾸 따라와요.” 준이가 강아지를 쓰다듬었어요. “그 강아지가 준이랑 친구가 되고 싶은가 보구나.” “정말요? 아유, 귀여워.”",
      "srcPage": 10,
      "srcSentenceEA": 4,
      "srcWordEA": 22,
      "character": "할아버지,강아지,준이",
      "setting": null,
      "action": "흔들며,따라와요,쓰다듬었어요",
      "feeling": "귀여워",
      "causalRelationship": "할아버지, 이 강아지는 꼬리를 흔들며 자꾸 따라와요. 그 강아지가 준이랑 친구가 되고 싶은가 보구나.",
      "outcomeResolution": null,
      "prediction": null,
      "plotSummaryInfoCount": 1,
      "plotSummaryInfo": {
        "classification": "신체운동_건강",
        "readAge": "유아",
        "form": "long-form",
        "plotSummaryText": "꼬리를 흔들며 강아지가 준이를 따라오자, 할아버지는 강아지가 준이와 친구가 되고 싶은 것이라고 알려주었다.",
        "textWordEA": 13
      }
    },
    {
      "srcTextID": "16644",
      "srcText": "할아버지가 깃털이 달린 막대를 흔들자, 고양이가 장난을 쳤어요. “고양이는 호기심이 많아서 장난감을 좋아한단다. 하지만 발톱이 날카로우니까 조심해야 해.”",
      "srcPage": 12,
      "srcSentenceEA": 3,
      "srcWordEA": 19,
      "character": "할아버지,고양이",
      "setting": null,
      "action": "흔들자,장난을 쳤어요,조심해야 해",
      "feeling": "좋아한단다",
      "causalRelationship": null,
      "outcomeResolution": null,
      "prediction": null,
      "plotSummaryInfoCount": 1,
      "plotSummaryInfo": {
        "classification": "신체운동_건강",
        "readAge": "유아",
        "form": "short-form",
        "plotSummaryText": "할아버지가 깃털이 달린 막대를 흔들자, 호기심 많은 고양이는 장난을 쳤는데 발톱이 날카로우니 조심해야 한다고 준이에게 말했다.",
        "textWordEA": 16
      }
    },
    {
      "srcTextID": "16642",
      "srcText": "“할아버지, 저도 해 볼래요. 고양이 점프, 얏!” 준이는 고양이와 친구가 되어 재미있게 놀았어요. “할아버지, 고양이를 한번 안아 볼래요.” 할아버지가 준이에게 고양이를 살며시 안겨 주었어요. “아, 너무 따뜻하고 부드러워요.”",
      "srcPage": 13,
      "srcSentenceEA": 6,
      "srcWordEA": 31,
      "character": "할아버지,고양이,준이",
      "setting": null,
      "action": "놀았어요,안아 볼래요,안겨 주었어요",
      "feeling": "재미있게",
      "causalRelationship": null,
      "outcomeResolution": "할아버지가 준이에게 고양이를 살며시 안겨 주었어요.",
      "prediction": null,
      "plotSummaryInfoCount": 1,
      "plotSummaryInfo": {
        "classification": "신체운동_건강",
        "readAge": "유아",
        "form": "long-form",
        "plotSummaryText": "고양이와 친구가 된 준이는 고양이를 살며시 안아보며 따뜻하고 부드럽다고 느꼈다.",
        "textWordEA": 10
      }
    },
    {
      "srcTextID": "16645",
      "srcText": "토끼장 옆 돼지우리에서는 새끼 돼지들이 오물오물 먹이를 먹고 있었어요. “할아버지, 돼지 한번 만져 봐도 돼요?” 준이의 말에 할아버지가 껄껄껄 웃으셨어요. “동물들이 무섭다고 꽁무니를 빼더니 그새 좋아졌구나!” 오리들이 꽥꽥거리며 돼지우리 옆을 지나갔어요. 준이가 다가가자, 오리들은 뒤뚱거리며 물가로 갔어요.",
      "srcPage": 15,
      "srcSentenceEA": 6,
      "srcWordEA": 40,
      "character": "새끼 돼지,할아버지,준이,오리",
      "setting": "토끼장 옆 돼지우리,물가",
      "action": "먹고,만져,지나갔어요,다가가자,뒤뚱거리며,갔어요,웃으셨어요",
      "feeling": "좋아졌구나",
      "causalRelationship": null,
      "outcomeResolution": "동물들이 무섭다고 꽁무니를 빼더니 그새 좋아졌구나!",
      "prediction": null,
      "plotSummaryInfoCount": 1,
      "plotSummaryInfo": {
        "classification": "신체운동_건강",
        "readAge": "유아",
        "form": "long-form",
        "plotSummaryText": "할아버지는 새끼 돼지를 만져보고 싶다는 준이에게 그새 동물들이 좋아진 거냐면서 껄껄 웃으셨다.",
        "textWordEA": 12
      }
    },
    {
      "srcTextID": "16648",
      "srcText": "할아버지는 조심해야 할 것들을 설명하셨어요. “이건 노랑쐐기나방이란다. 독이 있으니까 절대 만지면 안 돼. 사마귀나 거미, 지네도 마찬가지란다.”",
      "srcPage": 18,
      "srcSentenceEA": 4,
      "srcWordEA": 19,
      "character": "할아버지,노랑쐐기나방,독,사마귀,거미,지네",
      "setting": null,
      "action": "설명하셨어요,만지면",
      "feeling": null,
      "causalRelationship": null,
      "outcomeResolution": null,
      "prediction": "이건 노랑쐐기나방이란다. 독이 있으니까 절대 만지면 안 돼. 사마귀나 거미, 지네도 마찬가지란다.",
      "plotSummaryInfoCount": 1,
      "plotSummaryInfo": {
        "classification": "신체운동_건강",
        "readAge": "유아",
        "form": "long-form",
        "plotSummaryText": "할아버지는 노랑쐐기나방, 사마귀나 거미, 지네는 독이 있으니 절대 만지면 안 된다고 설명하셨다.",
        "textWordEA": 12
      }
    },
    {
      "srcTextID": "16650",
      "srcText": "그때 거미 한 마리가 줄을 타고 내려왔어요. 준이는 할아버지가 일러 준 대로 살짝 피했어요. “준이야, 들판에는 벌과 모기도 많단다.”",
      "srcPage": 19,
      "srcSentenceEA": 3,
      "srcWordEA": 20,
      "character": "거미,준이,할아버지,벌,모기",
      "setting": "그때",
      "action": "타고,내려왔어요,피했어요",
      "feeling": null,
      "causalRelationship": null,
      "outcomeResolution": "준이는 할아버지가 일러 준 대로 살짝 피했어요.",
      "prediction": "들판에는 벌과 모기도 많단다.",
      "plotSummaryInfoCount": 1,
      "plotSummaryInfo": {
        "classification": "신체운동_건강",
        "readAge": "유아",
        "form": "short-form",
        "plotSummaryText": "거미 한 마리가 줄을 타고 내려와 준이는 할아버지가 일러 준 대로 살짝 피했다.",
        "textWordEA": 13
      }
    },
    {
      "srcTextID": "16652",
      "srcText": "“산은 이런 오르막길보다 내리막길을 더 조심해야 해. 미끄러지거나 넘어지면 위험하단다.” 산을 오르며 할아버지가 말했어요. “저렇게 길이 없는 곳은 위험하니까 들어가지 말고.”",
      "srcPage": 22,
      "srcSentenceEA": 4,
      "srcWordEA": 23,
      "character": "할아버지",
      "setting": "산,오르막길,내리막길",
      "action": "미끄러지거나,넘어지면,오르며,말했어요",
      "feeling": null,
      "causalRelationship": "산은 이런 오르막길보다 내리막길을 더 조심해야 해. 미끄러지거나 넘어지면 위험하단다.",
      "outcomeResolution": null,
      "prediction": null,
      "plotSummaryInfoCount": 1,
      "plotSummaryInfo": {
        "classification": "신체운동_건강",
        "readAge": "유아",
        "form": "long-form",
        "plotSummaryText": "할아버지는 산에서는 미끄러지거나 넘어질 수 있으니, 내리막길에서는 더 조심해야 한다고 말했다.",
        "textWordEA": 11
      }
    },
    {
      "srcTextID": "16657",
      "srcText": "준이는 이제 할아버지 집에 가는 것을 제일 좋아해요. 할아버지 집에는 초록 나무집과 동물 친구들이 있기 때문이지요. 초록 나무집에서 준이의 씩씩한 목소리가 들려요. “동물들아, 초록 나무집으로 놀러 와!”",
      "srcPage": 27,
      "srcSentenceEA": 4,
      "srcWordEA": 29,
      "character": "준이,할아버지,동물 친구들",
      "setting": "할아버지 집,초록 나무집",
      "action": "가는,있기,들려요",
      "feeling": "좋아해요",
      "causalRelationship": "준이는 이제 할아버지 집에 가는 것을 제일 좋아해요. 할아버지 집에는 초록 나무집과 동물 친구들이 있기 때문이지요.",
      "outcomeResolution": null,
      "prediction": null,
      "plotSummaryInfoCount": 1,
      "plotSummaryInfo": {
        "classification": "신체운동_건강",
        "readAge": "유아",
        "form": "long-form",
        "plotSummaryText": "준이는 이제 초록 나무집과 동물 친구들이 있는 할아버지 집에 가는 것을 제일 좋아한다.",
        "textWordEA": 13
      }
    },
    {
      "srcTextID": "16632",
      "srcText": "준이는 내일 동물 병원 수의사이신 할아버지 집에 가요. 할아버지 집에는 동물들이 아주 많아요. 준이는 벌써 걱정이 앞서요. “난 동물들이 무서운데 어떻게 하지?”",
      "srcPage": 1,
      "srcSentenceEA": 4,
      "srcWordEA": 24,
      "character": "준이,수의사,할아버지,동물",
      "setting": "할아버지 집",
      "action": "가요",
      "feeling": "무서운데",
      "causalRelationship": null,
      "outcomeResolution": null,
      "prediction": null,
      "plotSummaryInfoCount": 1,
      "plotSummaryInfo": {
        "classification": "신체운동_건강",
        "readAge": "유아",
        "form": "long-form",
        "plotSummaryText": "내일 동물 병원 수의사인 할아버지 댁에 가는데, 준이는 동물을 무서워해서 걱정되었다.",
        "textWordEA": 11
      }
    },
    {
      "srcTextID": "16633",
      "srcText": "할아버지 집에 도착하자, 준이는 동물들을 요리조리 피해 다녔어요. “준이가 이제 보니 겁쟁이구나? 동물들을 무서워하면 저 초록 나무집에서 놀 수 없는데.”",
      "srcPage": 3,
      "srcSentenceEA": 3,
      "srcWordEA": 21,
      "character": "준이,동물,할아버지",
      "setting": "할아버지 집,초록 나무집",
      "action": "피해 다녔어요",
      "feeling": "무서워하면",
      "causalRelationship": null,
      "outcomeResolution": null,
      "prediction": null,
      "plotSummaryInfoCount": 1,
      "plotSummaryInfo": {
        "classification": "신체운동_건강",
        "readAge": "유아",
        "form": "short-form",
        "plotSummaryText": "동물들을 요리조리 피해 다니는 준이를 보고 할아버지는 동물을 무서워하면 초록 나무집에서 놀 수 없다고 말했다.",
        "textWordEA": 15
      }
    },
    {
      "srcTextID": "16634",
      "srcText": "할아버지가 느티나무 위에 만든 집을 가리키며 말했어요. “우아, 멋지다!” 할아버지가 만든 집은 요새같이 멋졌어요. “저 집에는 동물 친구들이 많이 놀러 온단다.”",
      "srcPage": 4,
      "srcSentenceEA": 4,
      "srcWordEA": 22,
      "character": "할아버지,동물 친구",
      "setting": "느티나무 위에 만든 집",
      "action": "말했어요,온단다",
      "feeling": null,
      "causalRelationship": null,
      "outcomeResolution": null,
      "prediction": null,
      "plotSummaryInfoCount": 1,
      "plotSummaryInfo": {
        "classification": "신체운동_건강",
        "readAge": "유아",
        "form": "long-form",
        "plotSummaryText": "할아버지는 요새같이 멋진 느티나무 집에는 동물 친구들이 많이 놀러 온다고 말했다.",
        "textWordEA": 11
      }
    },
    {
      "srcTextID": "16636",
      "srcText": "준이는 기운이 쭉 빠졌어요. 준이는 초록 나무집에 가 보고 싶었지만, 여전히 동물들이 무서웠거든요. 할아버지가 준이의 어깨를 두드리며 말했어요.",
      "srcPage": 5,
      "srcSentenceEA": 3,
      "srcWordEA": 20,
      "character": "준이,동물,할아버지",
      "setting": "초록 나무집",
      "action": "기운이 쭉 빠졌어요,어깨를 두드리며 말했어요",
      "feeling": "무서웠거든요",
      "causalRelationship": "준이는 기운이 쭉 빠졌어요. 준이는 초록 나무집에 가 보고 싶었지만 여전히 동물들이 무서웠거든요.",
      "outcomeResolution": null,
      "prediction": null,
      "plotSummaryInfoCount": 1,
      "plotSummaryInfo": {
        "classification": "신체운동_건강",
        "readAge": "유아",
        "form": "short-form",
        "plotSummaryText": "초록 나무집에 가 보고 싶었지만, 동물들이 무서워 가지 못하는 준이에게 할아버지는 어깨를 두드리며 말했다.",
        "textWordEA": 14
      }
    },
    {
      "srcTextID": "16635",
      "srcText": "“동물들과 친해지는 방법이 있는데 알려 줄까?” “네, 알려 주세요.” “동물들을 이해하고 조심하면 된단다.” “그래도 무서워요.”",
      "srcPage": 6,
      "srcSentenceEA": 4,
      "srcWordEA": 15,
      "character": "동물",
      "setting": null,
      "action": null,
      "feeling": "무서워요",
      "causalRelationship": "동물들과 친해지는 방법이 있는데 알려 줄까? 동물들을 이해하고 조심하면 된단다.",
      "outcomeResolution": null,
      "prediction": null,
      "plotSummaryInfoCount": 1,
      "plotSummaryInfo": {
        "classification": "신체운동_건강",
        "readAge": "유아",
        "form": "long-form",
        "plotSummaryText": "동물들과 친해지는 방법은 동물들을 이해하고 조심하면 된다고 할아버지가 준이에게 알려주었다.",
        "textWordEA": 10
      }
    },
    {
      "srcTextID": "16641",
      "srcText": "준이가 이번에는 작은 개집 안에 있는 강아지를 가리켰어요. “할아버지, 저 강아지가 아까부터 낑낑거리며 우는 것 같아요.” “밖에 나가고 싶거나 아프다는 뜻이란다. 지금은 집이 답답해서 나가고 싶은 것 같구나.” “할아버지, 제가 꺼내 줄게요.” 준이가 강아지를 꺼내 주자 강아지가 꼬리를 살랑살랑 흔들었어요.",
      "srcPage": 11,
      "srcSentenceEA": 6,
      "srcWordEA": 42,
      "character": "준이,강아지,할아버지",
      "setting": "이번에는,작은 개집,지금은",
      "action": "가리켰어요,나가고,꺼내 줄게요,꺼내 주자,흔들었어요",
      "feeling": "답답해서",
      "causalRelationship": null,
      "outcomeResolution": "할아버지, 제가 꺼내 줄게요. 준이가 강아지를 꺼내 주자 강아지가 꼬리를 살랑살랑 흔들었어요.",
      "prediction": null,
      "plotSummaryInfoCount": 1,
      "plotSummaryInfo": {
        "classification": "신체운동_건강",
        "readAge": "유아",
        "form": "long-form",
        "plotSummaryText": "개집 안에 낑낑거리며 우는 강아지는 아프거나 집이 답답해서 나가고 싶다는 것이라고 할아버지가 준이에게 알려주자, 준이가 강아지를 꺼내주었다.",
        "textWordEA": 17
      }
    },
    {
      "srcTextID": "16643",
      "srcText": "“할아버지, 토끼도 안아 봐도 돼요?” “토끼는 이렇게 몸에 발이 모두 달라붙어야 안심한단다.” 준이는 기다란 귀를 쫑긋거리는 토끼가 무척 귀여웠어요.",
      "srcPage": 14,
      "srcSentenceEA": 3,
      "srcWordEA": 20,
      "character": "할아버지,토끼,준이",
      "setting": null,
      "action": "안아 봐도,쫑긋거리는",
      "feeling": null,
      "causalRelationship": null,
      "outcomeResolution": null,
      "prediction": "토끼는 이렇게 몸에 발이 모두 달라붙어야 안심한단다.",
      "plotSummaryInfoCount": 1,
      "plotSummaryInfo": {
        "classification": "신체운동_건강",
        "readAge": "유아",
        "form": "short-form",
        "plotSummaryText": "준이는 기다란 귀를 쫑긋거리는 토끼가 무척 귀여워 안아보고 싶었다.",
        "textWordEA": 9
      }
    },
    {
      "srcTextID": "16646",
      "srcText": "농장 앞 들판에는 온갖 동물들이 가득했어요. 준이가 청개구리를 발견했어요. “청개구리야 어디 가? 나랑 친구 하자!” 준이는 신이 나서 바람개비처럼 팔랑거렸어요.",
      "srcPage": 16,
      "srcSentenceEA": 5,
      "srcWordEA": 23,
      "character": "동물,준이,청개구리",
      "setting": "농장 앞 들판",
      "action": "팔랑거렸어요,발견했어요",
      "feeling": "신이 나서",
      "causalRelationship": null,
      "outcomeResolution": null,
      "prediction": null,
      "plotSummaryInfoCount": 1,
      "plotSummaryInfo": {
        "classification": "신체운동_건강",
        "readAge": "유아",
        "form": "long-form",
        "plotSummaryText": "농장 앞 들판에서 청개구리를 발견한 준이는 신이 나서 바람개비처럼 팔랑거렸다.",
        "textWordEA": 10
      }
    },
    {
      "srcTextID": "16647",
      "srcText": "“할아버지, 개미들이 줄지어 가고 있어요!” 준이는 동물들이 신기하고 새롭게 보였어요. “개미들이 신기한가 보구나? 사람을 무는 개미도 있으니까 조심해야 한단다.”",
      "srcPage": 17,
      "srcSentenceEA": 4,
      "srcWordEA": 21,
      "character": "할아버지,개미,준이,동물,사람",
      "setting": null,
      "action": "가고 있어요,보였어요,무는,조심해야",
      "feeling": "신기하고",
      "causalRelationship": null,
      "outcomeResolution": null,
      "prediction": "사람을 무는 개미도 있으니까 조심해야 한단다.",
      "plotSummaryInfoCount": 1,
      "plotSummaryInfo": {
        "classification": "신체운동_건강",
        "readAge": "유아",
        "form": "long-form",
        "plotSummaryText": "줄지어 가는 개미들이 신기하고 새롭게 보였지만, 사람을 무는 개미도 있으니 조심해야 한다고 할아버지가 준이에게 말했다.",
        "textWordEA": 15
      }
    },
    {
      "srcTextID": "16649",
      "srcText": "“할아버지, 벌이 쫓아오면 어떻게 해요?” “벌이 쫓아온다고 손이나 팔을 저으면 오히려 쏘일 수 있어. 그럴 때는 몸을 숙이거나 천천히 다른 곳으로 피하는 게 좋아. 그리고 모기를 조심하는 것도 잊지 말거라.”",
      "srcPage": 20,
      "srcSentenceEA": 4,
      "srcWordEA": 32,
      "character": "할아버지,벌,모기",
      "setting": null,
      "action": "쫓아오면,쫓아온다고,저으면,쏘일,숙이거나,피하는",
      "feeling": null,
      "causalRelationship": "벌이 쫓아온다고 손이나 팔을 저으면 오히려 쏘일 수 있어. 그럴 때는 몸을 숙이거나 천천히 다른 곳으로 피하는 게 좋아.",
      "outcomeResolution": null,
      "prediction": "그리고 모기를 조심하는 것도 잊지 말거라.",
      "plotSummaryInfoCount": 1,
      "plotSummaryInfo": {
        "classification": "신체운동_건강",
        "readAge": "유아",
        "form": "long-form",
        "plotSummaryText": "벌이 쫓아오면 몸을 숙이거나 다른 곳으로 천천히 피해야 한다고 할아버지가 말했다.",
        "textWordEA": 11
      }
    },
    {
      "srcTextID": "16651",
      "srcText": "다음 날 할아버지는 준이를 뒷산으로 데려갔어요. 준이는 긴팔에 긴바지를 입고, 운동화를 신었어요. “할아버지, 산에 갈 때는 이렇게 하고 가야 해요?” “그럼, 불편해도 그렇게 입어야 안전하단다.”",
      "srcPage": 21,
      "srcSentenceEA": 4,
      "srcWordEA": 26,
      "character": "할아버지,준이",
      "setting": "다음 날,뒷산",
      "action": "데려갔어요,입고,신었어요,갈,가야,입어야",
      "feeling": null,
      "causalRelationship": null,
      "outcomeResolution": null,
      "prediction": null,
      "plotSummaryInfoCount": 1,
      "plotSummaryInfo": {
        "classification": "신체운동_건강",
        "readAge": "유아",
        "form": "long-form",
        "plotSummaryText": "할아버지는 산에 갈 때는 긴팔에 긴바지를 입고 운동화를 신어야 안전하다고 했다.",
        "textWordEA": 11
      }
    },
    {
      "srcTextID": "16653",
      "srcText": "산길을 걷던 할아버지가 갑자기 발소리를 크게 냈어요. “할아버지, 왜 그런 소리를 내요?” “큰 소리를 내며 걸으면 뱀들이 도망을 간단다. 산에서는 뱀을 항상 조심해야 해.”",
      "srcPage": 23,
      "srcSentenceEA": 4,
      "srcWordEA": 25,
      "character": "할아버지,뱀",
      "setting": "산길,산",
      "action": "걷던,냈어요,내요,내며,걸으면,간단다,조심해야 해",
      "feeling": null,
      "causalRelationship": null,
      "outcomeResolution": "큰 소리를 내며 걸으면 뱀들이 도망을 간단다.",
      "prediction": null,
      "plotSummaryInfoCount": 1,
      "plotSummaryInfo": {
        "classification": "신체운동_건강",
        "readAge": "유아",
        "form": "long-form",
        "plotSummaryText": "할아버지는 산길에선 발자국 소리를 크게 내야 뱀들이 도망간다고 이야기했다.",
        "textWordEA": 9
      }
    },
    {
      "srcTextID": "16654",
      "srcText": "“앗, 이게 뭐예요?” 발밑을 본 준이가 깜짝 놀랐어요. “멧돼지 똥이란다. 동물의 똥에는 병균이 많으니까, 옷에 묻히거나 밟지 않도록 조심해. 알았지?”",
      "srcPage": 24,
      "srcSentenceEA": 5,
      "srcWordEA": 23,
      "character": "준이,멧돼지",
      "setting": null,
      "action": "묻히거나,밟지,조심해",
      "feeling": "깜짝 놀랐어요",
      "causalRelationship": null,
      "outcomeResolution": null,
      "prediction": null,
      "plotSummaryInfoCount": 1,
      "plotSummaryInfo": {
        "classification": "신체운동_건강",
        "readAge": "유아",
        "form": "long-form",
        "plotSummaryText": "할아버지는 멧돼지 똥을 보고 동물의 똥에는 병균이 많아 묻히거나 밟히지 않도록 조심해야 한다고 했다.",
        "textWordEA": 14
      }
    }
  ]
}