{
  "title": "언니, 지금 사춘기야?",
  "author": "키움북스 편집부",
  "illustrator": "루시아",
  "isbn": "9788968736346",
  "publishedYear": 2019,
  "publisher": "키움북스",
  "paragraphInfoCount": 21,
  "paragraphInfo": [
    {
      "srcTextID": "126038",
      "srcText": "“사춘기가 되면 여자는 월경을 한단다. 여자의 몸 안에 있는 자궁 속 난소에서는 한 달에 한 번씩 난자를 내보내는데, 이 난자는 남자의 몸에서 만들어지는 정자와 만나면 아기가 생기기도 한단다.” “그런데 이 난자는 임신을 하지 않았을 때는 자연스럽게 몸 밖으로 흘러나오는데 이것이 바로 월경이야. 언니 팬티에 묻은 피는 아마 월경할 때 묻은 것일 거야.” 할머니가 자세히 설명했어요.",
      "srcPage": 14,
      "srcSentenceEA": 5,
      "srcWordEA": 58,
      "character": "여자,남자,아기,언니,할머니",
      "setting": null,
      "action": "월경을 한단다,만들어지는,생기기도 한단다,흘러나오는데,묻은,월경할,설명했어요",
      "feeling": null,
      "causalRelationship": null,
      "outcomeResolution": null,
      "prediction": null,
      "plotSummaryInfoCount": 1,
      "plotSummaryInfo": {
        "classification": "신체운동_건강",
        "readAge": "유아",
        "form": "long-form",
        "plotSummaryText": "사춘기가 되면 여자의 자궁 속 난소에서 한 달에 한 번씩 난자를 내보내는데, 정자와 만나면 아기가 생기기도 하지만 그렇지 않을 때는 자연스럽게 몸 밖으로 흘러나오는 월경이 시작된다고 할머니가 설명했습니다.",
        "textWordEA": 28
      }
    },
    {
      "srcTextID": "126031",
      "srcText": "은규가 심각한 얼굴로 말했어요. “우리 형은 중학생이 되더니 정말 이상해졌어. 집에 오면 문을 쾅! 닫고 방에 들어가서 나오지도 않고, 나랑 놀아 주지도 않아.”",
      "srcPage": 6,
      "srcSentenceEA": 4,
      "srcWordEA": 25,
      "character": "은규,형,나",
      "setting": "집,방",
      "action": "말했어요,되더니,이상해졌어,오면,닫고,들어가서,나오지도 않고,놀아 주지도 않아",
      "feeling": null,
      "causalRelationship": null,
      "outcomeResolution": null,
      "prediction": null,
      "plotSummaryInfoCount": 1,
      "plotSummaryInfo": {
        "classification": "신체운동_건강",
        "readAge": "유아",
        "form": "long-form",
        "plotSummaryText": "은규는, 형이 중학생이 되더니 집에 오면 문을 닫고 방에 들어가서 나오지도 않고 자신과 놀아 주지도 않는다고 심각한 얼굴로 말했습니다.",
        "textWordEA": 19
      }
    },
    {
      "srcTextID": "126033",
      "srcText": "아인이도 덩달아 걱정이 됐어요. “설마 우리 언니도 아픈 걸까? 언니 팬티에 피가 묻은 걸 봤어.”",
      "srcPage": 9,
      "srcSentenceEA": 3,
      "srcWordEA": 16,
      "character": "아인이,언니",
      "setting": null,
      "action": "피가 묻은 걸,봤어",
      "feeling": "걱정이 됐어요,아픈 걸까",
      "causalRelationship": null,
      "outcomeResolution": null,
      "prediction": null,
      "plotSummaryInfoCount": 1,
      "plotSummaryInfo": {
        "classification": "신체운동_건강",
        "readAge": "유아",
        "form": "short-form",
        "plotSummaryText": "아인이도 언니 팬티에 피가 묻은 걸 봤는데 아픈 건지 덩달아 걱정했습니다.",
        "textWordEA": 11
      }
    },
    {
      "srcTextID": "126034",
      "srcText": "“얘들아, 걱정하지 마. 사춘기라서 그런 거야.” 옆에서 눈구경을 하던 1층 할머니가 말했어요. “사춘기요?”",
      "srcPage": 10,
      "srcSentenceEA": 3,
      "srcWordEA": 15,
      "character": "할머니",
      "setting": null,
      "action": "걱정하지 마,눈구경을 하던,말했어요",
      "feeling": null,
      "causalRelationship": null,
      "outcomeResolution": "사춘기라서 그런 거야",
      "prediction": null,
      "plotSummaryInfoCount": 1,
      "plotSummaryInfo": {
        "classification": "신체운동_건강",
        "readAge": "유아",
        "form": "short-form",
        "plotSummaryText": "옆에서 눈구경을 하던 1층 할머니가 사춘기라서 그런 거니 걱정하지 말라고 말했습니다.",
        "textWordEA": 11
      }
    },
    {
      "srcTextID": "126040",
      "srcText": "“사춘기에는 몸만 변하는 게 아니라, 마음도 변해. 간섭 받기 싫어하고, 가족보다 친구를 더 좋아하게 되지. 외모에 신경을 많이 쓰고 누군가에게 호기심을 가지는 것도 사춘기의 특징이야.”",
      "srcPage": 16,
      "srcSentenceEA": 3,
      "srcWordEA": 27,
      "character": "가족,친구",
      "setting": null,
      "action": "변하는 게 아니라,간섭 받기,신경을 많이 쓰고",
      "feeling": "싫어하고,좋아하게 되지",
      "causalRelationship": null,
      "outcomeResolution": null,
      "prediction": null,
      "plotSummaryInfoCount": 1,
      "plotSummaryInfo": {
        "classification": "신체운동_건강",
        "readAge": "유아",
        "form": "short-form",
        "plotSummaryText": "사춘기에는 마음도 변하는데 간섭 받기 싫어하고, 가족보다 친구를 더 좋아하게 되며, 외모에 신경을 많이 쓰고 누군가에게 호기심을 가지는 것도 사춘기의 특징이라고 했습니다.",
        "textWordEA": 22
      }
    },
    {
      "srcTextID": "126042",
      "srcText": "언니가 신기해하며 웃었어요. \"사춘기가 지나야 어른이 되는 거라며?\" \"헤헤 꼬맹인 줄만 알았는데 다 컸네.\"",
      "srcPage": 19,
      "srcSentenceEA": 3,
      "srcWordEA": 14,
      "character": "언니",
      "setting": null,
      "action": "웃었어요,컸네",
      "feeling": "신기해하며",
      "causalRelationship": "사춘기가 지나야 어른이 되는 거라며",
      "outcomeResolution": null,
      "prediction": null,
      "plotSummaryInfoCount": 1,
      "plotSummaryInfo": {
        "classification": "신체운동_건강",
        "readAge": "유아",
        "form": "short-form",
        "plotSummaryText": "사춘기가 지나야 어른이 되는 거라고 말하자 언니는 다 컸다고 말하면서 웃었습니다.",
        "textWordEA": 11
      }
    },
    {
      "srcTextID": "126026",
      "srcText": "눈 쌓인 놀이터는 추운데도 춥지 않게 느껴졌어요. 잎이 다 떨어진 나뭇가지가 춥지 말라고, 눈이 포근하게 덮어주는 것 같았거든요. 미끄럼틀도 머리에 따뜻한 눈모자를 쓰고 있어요. 아인이와 은규는 영차영차 눈사람을 만들고 있어요.",
      "srcPage": 2,
      "srcSentenceEA": 4,
      "srcWordEA": 33,
      "character": "아인이,은규",
      "setting": "놀이터",
      "action": "만들고 있어요",
      "feeling": "추운데도,춥지 않게 느껴졌어요,포근하게,따뜻한",
      "causalRelationship": null,
      "outcomeResolution": null,
      "prediction": null,
      "plotSummaryInfoCount": 1,
      "plotSummaryInfo": {
        "classification": "신체운동_건강",
        "readAge": "유아",
        "form": "long-form",
        "plotSummaryText": "놀이터에는 눈이 나뭇가지와 미끄럼틀을 포근하게 덮어주어서 춥지 않게 느껴졌고,  아인이와 은규는 눈사람을 만들고 있습니다.",
        "textWordEA": 15
      }
    },
    {
      "srcTextID": "126032",
      "srcText": "“형 목소리도 굵게 변했어. 옷 갈아입을 때 살짝 봤는데 겨드랑이에 털도 났어. 무슨 병에 걸린 건 아닐까?” 은규가 걱정스럽게 말했어요.",
      "srcPage": 8,
      "srcSentenceEA": 4,
      "srcWordEA": 23,
      "character": "형,은규",
      "setting": null,
      "action": "옷 갈아입을,봤는데,털도 났어,걸린 건 아닐까,말했어요",
      "feeling": "걱정스럽게",
      "causalRelationship": null,
      "outcomeResolution": null,
      "prediction": null,
      "plotSummaryInfoCount": 1,
      "plotSummaryInfo": {
        "classification": "신체운동_건강",
        "readAge": "유아",
        "form": "long-form",
        "plotSummaryText": "은규는, 형의 목소리가 굵게 변했고 겨드랑이에 털도 나서 병에 걸린 건 아닌지 걱정스러워했습니다.",
        "textWordEA": 13
      }
    },
    {
      "srcTextID": "126035",
      "srcText": "아인이와 은규가 물었어요. “너희들 언니나, 형 처럼 몸이 성숙하게 변하고 마음도 변하는 시기를 사춘기라고 해.” 할머니가 설명을 시작했어요.",
      "srcPage": 11,
      "srcSentenceEA": 3,
      "srcWordEA": 19,
      "character": "아인이,은규,언니,형,할머니",
      "setting": null,
      "action": "물었어요,변하고,변하는,설명을 시작했어요",
      "feeling": null,
      "causalRelationship": null,
      "outcomeResolution": null,
      "prediction": null,
      "plotSummaryInfoCount": 1,
      "plotSummaryInfo": {
        "classification": "신체운동_건강",
        "readAge": "유아",
        "form": "short-form",
        "plotSummaryText": "아인이와 은규가 묻자, 몸과 마음이 성숙하게 변하는 시기가 사춘기라고 할머니가 설명을 시작했습니다.",
        "textWordEA": 12
      }
    },
    {
      "srcTextID": "126028",
      "srcText": "“이 막대기로 눈썹을 붙이자.” “나는 입을 만들게.” 아인이와 은규가 눈사람 얼굴을 만들었어요.",
      "srcPage": 3,
      "srcSentenceEA": 3,
      "srcWordEA": 13,
      "character": "나,아인이,은규",
      "setting": null,
      "action": "붙이자,만들게,만들었어요",
      "feeling": null,
      "causalRelationship": null,
      "outcomeResolution": null,
      "prediction": null,
      "plotSummaryInfoCount": 1,
      "plotSummaryInfo": {
        "classification": "신체운동_건강",
        "readAge": "유아",
        "form": "short-form",
        "plotSummaryText": "아인이와 은규는 막대기로 눈썹을 붙이고 입을 만들어 눈사람 얼굴을 만들었습니다.",
        "textWordEA": 10
      }
    },
    {
      "srcTextID": "126029",
      "srcText": "어라? 화가 잔뜩 난 눈사람이 되었네요. “하하! 아인아, 이 눈사람 표정이 꼭 우리 형 같아.” “깔깔! 나는 우리 언니 닮았다고 생각했어.”",
      "srcPage": 4,
      "srcSentenceEA": 3,
      "srcWordEA": 24,
      "character": "아인,형,언니",
      "setting": null,
      "action": "되었네요,닮았다고",
      "feeling": "화가 잔뜩 난",
      "causalRelationship": null,
      "outcomeResolution": null,
      "prediction": null,
      "plotSummaryInfoCount": 1,
      "plotSummaryInfo": {
        "classification": "신체운동_건강",
        "readAge": "유아",
        "form": "short-form",
        "plotSummaryText": "화가 잔뜩 난 눈사람이 되자 서로의 형과 언니를 닮았다고 하면서 웃었습니다.",
        "textWordEA": 11
      }
    },
    {
      "srcTextID": "126027",
      "srcText": "“너네 언니도 화를 잘 내니?” “너희 형도 심술쟁이야?” 은규의 말에 아인이가 맞장구를 쳤어요.",
      "srcPage": 5,
      "srcSentenceEA": 3,
      "srcWordEA": 14,
      "character": "형,심술쟁이,언니,은규,아인이",
      "setting": null,
      "action": "화를 잘 내니,맞장구를 쳤어요",
      "feeling": null,
      "causalRelationship": null,
      "outcomeResolution": null,
      "prediction": null,
      "plotSummaryInfoCount": 1,
      "plotSummaryInfo": {
        "classification": "신체운동_건강",
        "readAge": "유아",
        "form": "short-form",
        "plotSummaryText": "언니는 화를 잘 내고, 형은 심술쟁이라면서 은규와 아인이가 이야기를 나눴습니다.",
        "textWordEA": 10
      }
    },
    {
      "srcTextID": "126030",
      "srcText": "“우리 언니도 6학년이 되면서 변했어. 인사도 잘 안하고, 알아서 할 테니 참견 말라고 엄마한테도 막 대들어.” 아인이가 말했어요.",
      "srcPage": 7,
      "srcSentenceEA": 3,
      "srcWordEA": 20,
      "character": "언니,엄마,아인이",
      "setting": null,
      "action": "되면서,변했어,인사도 잘 안하고,참견 말라고,대들어,말했어요",
      "feeling": null,
      "causalRelationship": null,
      "outcomeResolution": null,
      "prediction": null,
      "plotSummaryInfoCount": 1,
      "plotSummaryInfo": {
        "classification": "신체운동_건강",
        "readAge": "유아",
        "form": "short-form",
        "plotSummaryText": "아인이는, 언니가 6학년이 되면서 인사도 잘 안하고 엄마한테도 대든다고 말했습니다.",
        "textWordEA": 10
      }
    },
    {
      "srcTextID": "126037",
      "srcText": "“우리 아빠는 가슴이랑 다리에도 털이 아주 많아!” 은규의 말에 할머니가 말했어요. “여자나 남자 모두 겨드랑이와 생식기 주변에 털이 나지. 그런데 남자는 턱에도 수염이 나고, 대체적으로 다리털도 더 굵고 길어져.”",
      "srcPage": 13,
      "srcSentenceEA": 4,
      "srcWordEA": 31,
      "character": "아빠,은규,할머니,여자,남자",
      "setting": null,
      "action": "말했어요,털이 나지,수염이 나고",
      "feeling": null,
      "causalRelationship": null,
      "outcomeResolution": null,
      "prediction": null,
      "plotSummaryInfoCount": 1,
      "plotSummaryInfo": {
        "classification": "신체운동_건강",
        "readAge": "유아",
        "form": "long-form",
        "plotSummaryText": "아빠는 가슴이랑 다리에도 털이 많다는 은규의 말에 할머니는, 여자나 남자 모두 겨드랑이와 생식기 주변에 털이 나는데 남자는 턱에도 수염이 나고 다리털도 더 굵고 길어진다고 말했습니다.",
        "textWordEA": 25
      }
    },
    {
      "srcTextID": "126039",
      "srcText": "“남자는 월경을 안 하나요?” 은규가 궁금한 표정으로 물었어요. “남자는 사정을 한단다. 사춘기가 되면, 남자는 고환에서 정자를 만든 후에 음경 밖으로 내보내는데, 이것을 사정이라고 한단다. 아직 완전히 어른으로 자라기 전에는 자면서 사정을 하기도 하는데, 그건 몽정이라고 불러. 몽정도 자연스러운 몸의 현상이니까 걱정할 필요는 없어.”",
      "srcPage": 15,
      "srcSentenceEA": 6,
      "srcWordEA": 47,
      "character": "남자,은규,어른",
      "setting": null,
      "action": "월경을 안 하나요,물었어요,사정을 한단다.,내보내는데,자라기,자면서,사정을 하기도 하는데",
      "feeling": "걱정할",
      "causalRelationship": null,
      "outcomeResolution": null,
      "prediction": null,
      "plotSummaryInfoCount": 1,
      "plotSummaryInfo": {
        "classification": "신체운동_건강",
        "readAge": "유아",
        "form": "long-form",
        "plotSummaryText": "남자는 월경을 안 하냐고 은규가 묻자, 남자는 사춘기가 되면 고환에서 정자를 만든 후에 음경 밖으로 내보내는 사정을 하고 자면서 하는 것을 몽정이라고 부른다고 말했습니다.",
        "textWordEA": 24
      }
    },
    {
      "srcTextID": "126041",
      "srcText": "할머니가 차근차근 설명했어요. “맞아요. 우리 언니는 거울을 백 시간이나 봐요!” 아인이가 고개를 끄떡였어요.",
      "srcPage": 17,
      "srcSentenceEA": 3,
      "srcWordEA": 15,
      "character": "할머니,언니,아인",
      "setting": null,
      "action": "설명했어요,봐요,고개를 끄떡였어요",
      "feeling": null,
      "causalRelationship": null,
      "outcomeResolution": null,
      "prediction": null,
      "plotSummaryInfoCount": 1,
      "plotSummaryInfo": {
        "classification": "신체운동_건강",
        "readAge": "유아",
        "form": "short-form",
        "plotSummaryText": "할머니가 설명하자 아인이가 고개를 끄떡이며 언니가 거울을 많이 본다고 했습니다.",
        "textWordEA": 10
      }
    },
    {
      "srcTextID": "126043",
      "srcText": "집에 돌아온 아인이가 언니를 만났어요. “언니는 사춘기라서 가슴이 자라고, 월경도 하는 거라면서?” “네가 그런 것도 알아?”",
      "srcPage": 18,
      "srcSentenceEA": 3,
      "srcWordEA": 16,
      "character": "아인,언니",
      "setting": "집",
      "action": "돌아온,만났어요,자라고,월경도 하는,알아",
      "feeling": null,
      "causalRelationship": null,
      "outcomeResolution": null,
      "prediction": null,
      "plotSummaryInfoCount": 1,
      "plotSummaryInfo": {
        "classification": "신체운동_건강",
        "readAge": "유아",
        "form": "short-form",
        "plotSummaryText": "아인이가 언니에게 사춘기라서 가슴이 자라고 월경도 하는 거냐고 묻자, 그런 것도 아냐고 말했습니다.",
        "textWordEA": 13
      }
    },
    {
      "srcTextID": "126025",
      "srcText": "밤 사이에 첫눈이 왔어요. 세상이 온통 하얗게 변했어요. “우와, 눈이다!” 우당탕퉁탕! 아인이가 놀이터로 뛰어나갔어요. “야호! 눈사람 만들자!” 은규도 장갑을 끼고 달려갔어요.",
      "srcPage": 1,
      "srcSentenceEA": 7,
      "srcWordEA": 26,
      "character": "아인이,은규",
      "setting": "놀이터",
      "action": "뛰어나갔어요,만들자,장갑을 끼고,달려갔어요",
      "feeling": null,
      "causalRelationship": null,
      "outcomeResolution": null,
      "prediction": null,
      "plotSummaryInfoCount": 1,
      "plotSummaryInfo": {
        "classification": "신체운동_건강",
        "readAge": "유아",
        "form": "long-form",
        "plotSummaryText": "밤 사이에 첫눈이 오자 아인이와 은규가 눈사람을 만들기 위해 장갑을 끼고 놀이터로 뛰어나갔습니다.",
        "textWordEA": 13
      }
    },
    {
      "srcTextID": "126036",
      "srcText": "“사춘기가 되면 얼굴에 여드름이 돋기도 하고 몸의 여기저기에 털이 난단다.” “에이, 징그러워요!” 아인이의 말에 할머니가 대답했어요. “징그럽지 않아. 어른이 되어가는 자연스러운 과정이야.”",
      "srcPage": 12,
      "srcSentenceEA": 5,
      "srcWordEA": 24,
      "character": "아인이,할머니,어른",
      "setting": null,
      "action": "돋기도 하고,털이 난단다,대답했어요,되어가는",
      "feeling": "징그러워요",
      "causalRelationship": null,
      "outcomeResolution": null,
      "prediction": null,
      "plotSummaryInfoCount": 1,
      "plotSummaryInfo": {
        "classification": "신체운동_건강",
        "readAge": "유아",
        "form": "long-form",
        "plotSummaryText": "사춘기가 되면 얼굴에 여드름이 돋기도 하고 몸에 털이 나면서 어른이 되어간다고 할머니가 대답했습니다.",
        "textWordEA": 13
      }
    },
    {
      "srcTextID": "126044",
      "srcText": "은규도 형에게 물었어요. “형, 수염 났어?” “당연하지! 만져 봐, 까칠까칠 하지?”",
      "srcPage": 20,
      "srcSentenceEA": 3,
      "srcWordEA": 12,
      "character": "은규,형",
      "setting": null,
      "action": "물었어요,만져 봐",
      "feeling": "까칠까칠 하지",
      "causalRelationship": null,
      "outcomeResolution": null,
      "prediction": null,
      "plotSummaryInfoCount": 1,
      "plotSummaryInfo": {
        "classification": "신체운동_건강",
        "readAge": "유아",
        "form": "short-form",
        "plotSummaryText": "은규도 형에게 수염 났냐고 묻자 까칠까칠 하니 만져보라고 했습니다.",
        "textWordEA": 9
      }
    },
    {
      "srcTextID": "126045",
      "srcText": "형이 턱을 내밀며 자랑했어요. 정말 형의 턱은 까끌까끌했어요. “나도 빨리 사춘기 되면 좋겠다.” 은규는 어른이 되고 있는 형이 조금 부러워졌어요.",
      "srcPage": 21,
      "srcSentenceEA": 4,
      "srcWordEA": 22,
      "character": "형,은규,어른",
      "setting": null,
      "action": "내밀며,자랑했어요",
      "feeling": "까끌까끌했어요,좋겠다,부러워졌어요",
      "causalRelationship": null,
      "outcomeResolution": null,
      "prediction": null,
      "plotSummaryInfoCount": 1,
      "plotSummaryInfo": {
        "classification": "신체운동_건강",
        "readAge": "유아",
        "form": "long-form",
        "plotSummaryText": "형이 턱을 내밀며 자랑하자 은규는 자신도 사춘기 되면 좋겠고, 어른이 되고 있는 형이 부러워졌습니다.",
        "textWordEA": 14
      }
    }
  ]
}