{
  "title": "끙끙 혼자 눠요",
  "author": "한은선",
  "illustrator": "김민조",
  "isbn": "9788963830254",
  "publishedYear": 2009,
  "publisher": "별똥별",
  "paragraphInfoCount": 20,
  "paragraphInfo": [
    {
      "srcTextID": "124555",
      "srcText": "먼저 변기 시트가 똑바로 내려졌는지 살폈어요. 그리고 팬티를 내리고, 조심조심 변기에 앉았어요. \"끄으응, 끙!\"",
      "srcPage": 7,
      "srcSentenceEA": 3,
      "srcWordEA": 15,
      "character": "변기 시트,팬티,변기",
      "setting": null,
      "action": "내려졌는지,살폈어요,내리고,앉았어요",
      "feeling": null,
      "causalRelationship": null,
      "outcomeResolution": null,
      "prediction": null,
      "plotSummaryInfoCount": 1,
      "plotSummaryInfo": {
        "classification": "신체운동_건강",
        "readAge": "유아",
        "form": "short-form",
        "plotSummaryText": "변기 시트가 똑바로 내려졌는지 살펴서 팬티를 내리고 조심조심 변기에 앉았습니다.",
        "textWordEA": 10
      }
    },
    {
      "srcTextID": "124566",
      "srcText": "\"엄마, 준호는 바지를 엉덩이 밑으로 내리고 서서 오줌을 눠요!\" 민지는 유치원에서 준호를 놀렸던 것을 떠올렸어요. \"엄마, 준호는 왜 서서 오줌을 눠요?\" 민지는 고개를 갸웃거리며 물었어요.",
      "srcPage": 18,
      "srcSentenceEA": 4,
      "srcWordEA": 27,
      "character": "엄마,준호,바지,엉덩이,오줌,고개",
      "setting": "유치원",
      "action": "물었어요,내리고,서서,눠요,놀렸던,갸웃거리며",
      "feeling": null,
      "causalRelationship": null,
      "outcomeResolution": null,
      "prediction": null,
      "plotSummaryInfoCount": 1,
      "plotSummaryInfo": {
        "classification": "신체운동_건강",
        "readAge": "유아",
        "form": "long-form",
        "plotSummaryText": "유치원에서 바지를 엉덩이 밑으로 내리고 서서 오줌을 누는 준호를 놀렸던 것을 떠올리며, 준호는 왜 서서 오줌을 누냐고 민지는 고개를 갸웃거리며 물었습니다.",
        "textWordEA": 21
      }
    },
    {
      "srcTextID": "124568",
      "srcText": "\"아빠도 서서 오줌을 누는걸!\" 엄마는 빙그레 웃으며 민지에게 말했어요. \"아빠도요?\" 민지의 눈이 왕방울만 해졌어요.",
      "srcPage": 19,
      "srcSentenceEA": 3,
      "srcWordEA": 16,
      "character": "아빠,엄마,민지,눈",
      "setting": null,
      "action": "서서,누는,말했어요,웃으며",
      "feeling": null,
      "causalRelationship": null,
      "outcomeResolution": null,
      "prediction": "민지의 눈이 왕방울만 해졌어요.",
      "plotSummaryInfoCount": 1,
      "plotSummaryInfo": {
        "classification": "신체운동_건강",
        "readAge": "유아",
        "form": "short-form",
        "plotSummaryText": "아빠도 서서 오줌을 눈다고 엄마가 빙그레 웃으며 말했더니 민지의 눈이 왕방울만 해졌습니다.",
        "textWordEA": 12
      }
    },
    {
      "srcTextID": "124554",
      "srcText": "민지는 옷을 입고 거실로 나왔어요. 엄마는 민지 배를 살살 문질러 주었어요. 그러자 다시 부글부글 똥이 마려웠어요.",
      "srcPage": 5,
      "srcSentenceEA": 3,
      "srcWordEA": 18,
      "character": "민지,엄마,배,똥,옷",
      "setting": "거실",
      "action": "입고,나왔어요,문질러 주었어요",
      "feeling": null,
      "causalRelationship": null,
      "outcomeResolution": null,
      "prediction": null,
      "plotSummaryInfoCount": 1,
      "plotSummaryInfo": {
        "classification": "신체운동_건강",
        "readAge": "유아",
        "form": "short-form",
        "plotSummaryText": "옷을 입고 거실로 나온 민지 배를 엄마가 살살 문질러 주었더니 다시 똥이 마려웠습니다.",
        "textWordEA": 13
      }
    },
    {
      "srcTextID": "124550",
      "srcText": "양치질을 하고 나니 배에서 부글부글! 똥이 마려웠어요. \"똥도 혼자 눌 수 있어.\" 민지는 자신만만하게 변기에 털썩 앉다가 엉덩이가 변기 속으로 풍덩 빠져 버렸어요. 변기 시트가 위로 올려져 있었거든요.",
      "srcPage": 2,
      "srcSentenceEA": 5,
      "srcWordEA": 31,
      "character": "민지,변기,엉덩이,똥,배,시트",
      "setting": null,
      "action": "양치질을 하고,눌 수 있어,빠져 버렸어요,앉다가,올려져",
      "feeling": null,
      "causalRelationship": "민지는 자신만만하게 변기에 털썩 앉다가 엉덩이가 변기 속으로 풍덩 빠져 버렸어요. 변기 시트가 위로 올려져 있었거든요.",
      "outcomeResolution": null,
      "prediction": null,
      "plotSummaryInfoCount": 1,
      "plotSummaryInfo": {
        "classification": "신체운동_건강",
        "readAge": "유아",
        "form": "long-form",
        "plotSummaryText": "양치질을 하고 나니 똥이 마려웠던 민지는 똥도 혼자 눌 수 있다며 변기에 앉다가 변기 시트가 위로 올려져 있어서 엉덩이가 변기 속으로 빠져 버렸습니다.",
        "textWordEA": 23
      }
    },
    {
      "srcTextID": "124553",
      "srcText": "\"민지야, 엄마가 도와줄까?\" \"아니요, 저 혼자 할래요.\" 민지는 화장실로 들어가 문을 꼭 닫았어요.",
      "srcPage": 6,
      "srcSentenceEA": 3,
      "srcWordEA": 14,
      "character": "민지,엄마,저,문",
      "setting": "화장실",
      "action": "닫았어요,들어가,도와줄까,할래요",
      "feeling": null,
      "causalRelationship": null,
      "outcomeResolution": null,
      "prediction": null,
      "plotSummaryInfoCount": 1,
      "plotSummaryInfo": {
        "classification": "신체운동_건강",
        "readAge": "유아",
        "form": "short-form",
        "plotSummaryText": "민지는 엄마가 도와준다고 해도 혼자 한다며 화장실로 들어가 문을 꼭 닫았습니다.",
        "textWordEA": 11
      }
    },
    {
      "srcTextID": "124559",
      "srcText": "민지는 팬티를 올리고는 엄마를 향해 말했어요. \"엄마, 혼자 똥 눴어요. 저 잘했죠?\"",
      "srcPage": 10,
      "srcSentenceEA": 3,
      "srcWordEA": 13,
      "character": "민지,엄마,팬티,똥,저",
      "setting": null,
      "action": "말했어요,올리고는,눴어요",
      "feeling": null,
      "causalRelationship": null,
      "outcomeResolution": null,
      "prediction": null,
      "plotSummaryInfoCount": 1,
      "plotSummaryInfo": {
        "classification": "신체운동_건강",
        "readAge": "유아",
        "form": "short-form",
        "plotSummaryText": "민지는 팬티를 올리고는 혼자 똥 눴다고 엄마에게 말했습니다.",
        "textWordEA": 8
      }
    },
    {
      "srcTextID": "124558",
      "srcText": "\"그래, 잘했다. 손도 깨끗이 닦았니?\"민지는 손을 슬며시 뒤로 하고 빙긋 웃었어요. \"똥이나 오줌을 누고 나면 손을 꼭 닦아야 해. 그렇지 않으면 세균이 입속으로 들어갈 지도 몰라!\"",
      "srcPage": 11,
      "srcSentenceEA": 5,
      "srcWordEA": 29,
      "character": "민지,손,세균,똥,오줌",
      "setting": null,
      "action": "닦았니,뒤로 하고,웃었어요,누고,닦아야,들어갈",
      "feeling": null,
      "causalRelationship": "똥이나 오줌을 누고 나면 손을 꼭 닦아야 해. 그렇지 않으면 세균이 입속으로 들어갈 지도 몰라!",
      "outcomeResolution": null,
      "prediction": null,
      "plotSummaryInfoCount": 1,
      "plotSummaryInfo": {
        "classification": "신체운동_건강",
        "readAge": "유아",
        "form": "long-form",
        "plotSummaryText": "민지가 손을 슬며시 뒤로 하고 빙긋 웃자, 똥이나 오줌을 누고 나서 손을 꼭 닦지 않으면 세균이 입속으로 들어갈 지도 모른다고 했습니다.",
        "textWordEA": 21
      }
    },
    {
      "srcTextID": "124561",
      "srcText": "민지는 슬그머니 화장실로 들어갔어요. 그런데 화장실에서 구린내가 퐁퐁! 변기 속에 똥이 둥둥!",
      "srcPage": 12,
      "srcSentenceEA": 3,
      "srcWordEA": 14,
      "character": "민지,똥,변기",
      "setting": "화장실",
      "action": "들어갔어요",
      "feeling": null,
      "causalRelationship": null,
      "outcomeResolution": null,
      "prediction": null,
      "plotSummaryInfoCount": 1,
      "plotSummaryInfo": {
        "classification": "신체운동_건강",
        "readAge": "유아",
        "form": "short-form",
        "plotSummaryText": "민지가 슬그머니 화장실로 들어갔는데 변기 속에 똥이 둥둥 떠 있어서 구린내가 퐁퐁 났습니다.",
        "textWordEA": 13
      }
    },
    {
      "srcTextID": "124549",
      "srcText": "다섯 살 민지는 밥도 혼자 먹고, 옷도 혼자 입고, 무엇이든 혼자서도 잘해요. \"이도 혼자 닦을래요.\" 치카치카, 푸카푸카, 오로록 퉤! \"히히, 엄마 저 잘하지요?\"",
      "srcPage": 1,
      "srcSentenceEA": 4,
      "srcWordEA": 24,
      "character": "민지,엄마,옷,이,저,밥",
      "setting": null,
      "action": "먹고,입고,닦을래요",
      "feeling": null,
      "causalRelationship": null,
      "outcomeResolution": null,
      "prediction": null,
      "plotSummaryInfoCount": 1,
      "plotSummaryInfo": {
        "classification": "신체운동_건강",
        "readAge": "유아",
        "form": "long-form",
        "plotSummaryText": "밥도 혼자 먹고, 옷도 혼자 입고, 이도 혼자 닦는 다섯 살 민지가 무엇이든 혼자서도 잘한다며 엄마에게 자랑합니다.",
        "textWordEA": 17
      }
    },
    {
      "srcTextID": "124560",
      "srcText": "\"아차차! 물을 안 내렸네!\" 민지는 쏴 변기 물을 내렸어요. 그리고 뽀글뽀글 비누칠을 해서 물로 쓱쓱 싹싹 깨끗이 손을 씻었어요.",
      "srcPage": 13,
      "srcSentenceEA": 3,
      "srcWordEA": 22,
      "character": "민지,변기 물,손",
      "setting": null,
      "action": "안 내렸네,내렸어요,씻었어요,비누칠을 해서",
      "feeling": null,
      "causalRelationship": null,
      "outcomeResolution": null,
      "prediction": null,
      "plotSummaryInfoCount": 1,
      "plotSummaryInfo": {
        "classification": "신체운동_건강",
        "readAge": "유아",
        "form": "short-form",
        "plotSummaryText": "물을 안 내렸다며 민지는 변기 물을 내리고 비누칠을 해서 물로 깨끗이 손을 씻었습니다.",
        "textWordEA": 13
      }
    },
    {
      "srcTextID": "124551",
      "srcText": "\"으앙, 엄마!\" 민지의 울음소리를 듣고, 엄마가 깜짝 놀라 달려왔어요. \"어이쿠, 우리 민지. 많이 놀랐겠네.\"",
      "srcPage": 3,
      "srcSentenceEA": 4,
      "srcWordEA": 16,
      "character": "엄마,민지",
      "setting": null,
      "action": "듣고,달려왔어요",
      "feeling": "놀라",
      "causalRelationship": null,
      "outcomeResolution": null,
      "prediction": null,
      "plotSummaryInfoCount": 1,
      "plotSummaryInfo": {
        "classification": "신체운동_건강",
        "readAge": "유아",
        "form": "long-form",
        "plotSummaryText": "엄마는 민지의 울음소리를 듣고 깜짝 놀라 달려왔습니다.",
        "textWordEA": 7
      }
    },
    {
      "srcTextID": "124552",
      "srcText": "엄마는 변기에 빠진 민지를 꺼내 주고, 깨끗이 닦아 주었어요. 엄마는 민지를 다시 변기에 앉혀 주었지만 똥이 배 속으로 쏙 들어가 버렸어요. \"끄응! 똥이 안 나와요. 안 눌래요.\" \"끄응!\"",
      "srcPage": 4,
      "srcSentenceEA": 4,
      "srcWordEA": 31,
      "character": "엄마,민지,변기,똥,배",
      "setting": null,
      "action": "빠진,꺼내,닦아,앉혀,들어가,안 나와요,안 눌래요",
      "feeling": null,
      "causalRelationship": null,
      "outcomeResolution": null,
      "prediction": null,
      "plotSummaryInfoCount": 1,
      "plotSummaryInfo": {
        "classification": "신체운동_건강",
        "readAge": "유아",
        "form": "long-form",
        "plotSummaryText": "엄마가 변기에 빠진 민지를 꺼내 주고 깨끗이 닦아 주어 다시 변기에 앉혔지만, 민지는 똥이 안 나온다고 했습니다.",
        "textWordEA": 17
      }
    },
    {
      "srcTextID": "124557",
      "srcText": "\"야호, 다 눴다!\" 민지는 도로록 톡! 화장지를 떼었어요. 그리고 엉덩이에 대고, 앞에서 뒤로 쓰윽! 깨끗이 닦았어요 다 닦은 화장지는 휴지통에 버렸어요.",
      "srcPage": 9,
      "srcSentenceEA": 5,
      "srcWordEA": 25,
      "character": "민지,휴지통,화장지,엉덩이",
      "setting": null,
      "action": "눴다,대고,떼었어요,닦았어요,버렸어요",
      "feeling": null,
      "causalRelationship": null,
      "outcomeResolution": null,
      "prediction": null,
      "plotSummaryInfoCount": 1,
      "plotSummaryInfo": {
        "classification": "신체운동_건강",
        "readAge": "유아",
        "form": "long-form",
        "plotSummaryText": "민지는 다 눴다며 화장지를 떼어 엉덩이에 대고 앞에서 뒤로 깨끗이 닦았고, 닦은 화장지는 휴지통에 버렸습니다.",
        "textWordEA": 15
      }
    },
    {
      "srcTextID": "124565",
      "srcText": "민지는 킥킥거리며 말했어요. \"아까 유치원에서 준호 엉덩이 봤어요.\" 민지는 다시 까르르 웃었어요.",
      "srcPage": 17,
      "srcSentenceEA": 3,
      "srcWordEA": 13,
      "character": "민지,준호,엉덩이",
      "setting": "유치원",
      "action": "말했어요,봤어요,웃었어요",
      "feeling": null,
      "causalRelationship": null,
      "outcomeResolution": null,
      "prediction": null,
      "plotSummaryInfoCount": 1,
      "plotSummaryInfo": {
        "classification": "신체운동_건강",
        "readAge": "유아",
        "form": "short-form",
        "plotSummaryText": "민지는 유치원에서 준호 엉덩이를 봤다고 말하며 다시 까르르 웃었습니다.",
        "textWordEA": 9
      }
    },
    {
      "srcTextID": "124562",
      "srcText": "\"야, 우리 민지 최고다!\" 엄마가 화장실을 둘러보며 칭찬했어요. 민지는 어깨를 으쓱했어요. \"저는 뭐든지 혼자 할 수 있어요!\"",
      "srcPage": 14,
      "srcSentenceEA": 4,
      "srcWordEA": 19,
      "character": "민지,엄마,어깨",
      "setting": "화장실",
      "action": "둘러보며,칭찬했어요,으쓱했어요",
      "feeling": null,
      "causalRelationship": null,
      "outcomeResolution": null,
      "prediction": null,
      "plotSummaryInfoCount": 1,
      "plotSummaryInfo": {
        "classification": "신체운동_건강",
        "readAge": "유아",
        "form": "long-form",
        "plotSummaryText": "엄마가 화장실을 둘러보며 칭찬하자 민지는 어깨를 뭐든지 혼자 할 수 있다며 어깨를 으쓱했습니다.",
        "textWordEA": 13
      }
    },
    {
      "srcTextID": "124563",
      "srcText": "민지는 신이 나서 폴짝폴짝 뛰었어요. 그러다가 미끄덩 쿵! 엉덩방아를 찧고 말았지요. \"이런, 민지야! 화장실 바닥은미끄러우니까 조심해야 해.\"",
      "srcPage": 15,
      "srcSentenceEA": 5,
      "srcWordEA": 20,
      "character": "민지",
      "setting": "화장실",
      "action": "뛰었어요,찧고,조심해야 해",
      "feeling": "신이 나서",
      "causalRelationship": null,
      "outcomeResolution": null,
      "prediction": null,
      "plotSummaryInfoCount": 1,
      "plotSummaryInfo": {
        "classification": "신체운동_건강",
        "readAge": "유아",
        "form": "long-form",
        "plotSummaryText": "민지는 신이 나서 폴짝폴짝 뛰었다가 미끄러운 화장실 바닥에 엉덩방아를 찧고 말았습니다.",
        "textWordEA": 11
      }
    },
    {
      "srcTextID": "124564",
      "srcText": "민지는 엉덩이를 문지르며 밖으로 나오더니 키득키득 웃기 시작했어요. \"엉덩이, 엉덩이!\" 하면서요. 엄마는 고개를 갸우뚱했어요.",
      "srcPage": 16,
      "srcSentenceEA": 4,
      "srcWordEA": 16,
      "character": "민지,엉덩이,엄마,고개",
      "setting": "밖",
      "action": "문지르며,나오더니,웃기 시작했어요,갸우뚱했어요",
      "feeling": null,
      "causalRelationship": null,
      "outcomeResolution": null,
      "prediction": null,
      "plotSummaryInfoCount": 1,
      "plotSummaryInfo": {
        "classification": "신체운동_건강",
        "readAge": "유아",
        "form": "long-form",
        "plotSummaryText": "민지가 엉덩이를 문지르며 밖으로 나오더니 웃기 시작해서 엄마는 고개를 갸우뚱했습니다.",
        "textWordEA": 10
      }
    },
    {
      "srcTextID": "124567",
      "srcText": "\"그럼, 남자와 여자는 서로 몸이 달라. 그래서 남자는 서서 오줌을 누고, 여자는 앉아서 오줌을 누는 게 편하지.\" 민지는 그제야 고개를 끄덕였어요.",
      "srcPage": 20,
      "srcSentenceEA": 3,
      "srcWordEA": 23,
      "character": "남자,여자,민지,몸,고개",
      "setting": null,
      "action": "서서,누고,앉아서,끄덕였어요",
      "feeling": null,
      "causalRelationship": "남자와 여자는 서로 몸이 달라. 그래서 남자는 서서 오줌을 누고, 여자는 앉아서 오줌을 누는 게 편하지.",
      "outcomeResolution": null,
      "prediction": null,
      "plotSummaryInfoCount": 1,
      "plotSummaryInfo": {
        "classification": "신체운동_건강",
        "readAge": "유아",
        "form": "short-form",
        "plotSummaryText": "남자와 여자는 몸이 달라서 남자는 서서 오줌을 누고 여자는 앉아서 오줌을 누는 게 편하다고 하자, 민지는 고개를 끄덕였습니다.",
        "textWordEA": 18
      }
    },
    {
      "srcTextID": "124569",
      "srcText": "문득 민지는 준호를 놀렸던 일이 미안했어요. \"남자와 여자가 달라서 오줌을 누는 모습도 다른 거구나!\" 민지는 예쁜 종이에 편지를 썼어요. 준호야 놀려서 미안해 민지",
      "srcPage": 21,
      "srcSentenceEA": 4,
      "srcWordEA": 25,
      "character": "민지,준호,남자,여자,편지,종이",
      "setting": null,
      "action": "놀렸던,썼어요,놀려서",
      "feeling": "미안했어요,미안해",
      "causalRelationship": null,
      "outcomeResolution": null,
      "prediction": null,
      "plotSummaryInfoCount": 1,
      "plotSummaryInfo": {
        "classification": "신체운동_건강",
        "readAge": "유아",
        "form": "long-form",
        "plotSummaryText": "준호를 놀렸던 일이 미안했던 민지는 준호에게 미안하다고 예쁜 종이에 편지를 썼습니다.",
        "textWordEA": 11
      }
    }
  ]
}