{
  "title": "가지고 놀아요",
  "author": "한인숙",
  "illustrator": "김정민",
  "isbn": "9788968735882",
  "publishedYear": 2018,
  "publisher": "키움북스",
  "paragraphInfoCount": 18,
  "paragraphInfo": [
    {
      "srcTextID": "33190",
      "srcText": "“쉿! 애들아 우리 삼촌 방에도 숨자.” “저기 삼촌 방에는 신기한 것도 많고 숨을 곳도 많아.” 숨바꼭질하던 친구들은 삼촌 방에서 숨을 곳을 찾다가 침대 밑에서 장난감 비비총을 발견했어요.",
      "srcPage": 4,
      "srcSentenceEA": 3,
      "srcWordEA": 29,
      "character": "삼촌,친구들,침대,장난감 비비총",
      "setting": "삼촌 방",
      "action": "발견했어요,숨자,찾다가",
      "feeling": null,
      "causalRelationship": "숨바꼭질하던 친구들은 삼촌 방에서 숨을 곳을 찾다가 침대 밑에서 장난감 비비총을 발견했어요.",
      "outcomeResolution": null,
      "prediction": null,
      "plotSummaryInfoCount": 1,
      "plotSummaryInfo": {
        "classification": "신체운동_건강",
        "readAge": "유아",
        "form": "short-form",
        "plotSummaryText": "숨바꼭질하던 친구들은 신기한 것도 많고 숨을 곳도 많은 삼촌 방 침대 밑에서 비비총을 발견했어요.",
        "textWordEA": 14
      }
    },
    {
      "srcTextID": "33196",
      "srcText": "민호의 누나 태연이가 민호가 병원에 온 이유를 말하기 시작했어요. 태연이랑 친구들은 장난감 자동차를 가지고 놀았어요. 건전지를 넣으면 저절로 움직이는 장난감 자동차였지요.",
      "srcPage": 6,
      "srcSentenceEA": 3,
      "srcWordEA": 23,
      "character": "민호,태연이,누나,친구들,장난감 자동차",
      "setting": "병원",
      "action": "병원에 온,말하기,놀았어요",
      "feeling": null,
      "causalRelationship": null,
      "outcomeResolution": null,
      "prediction": null,
      "plotSummaryInfoCount": 1,
      "plotSummaryInfo": {
        "classification": "신체운동_건강",
        "readAge": "유아",
        "form": "short-form",
        "plotSummaryText": "민호의 누나 태연이는 장난감 자동차를 가지고 놀다가 다쳐 병원에 온 이유를 말하기 시작했어요.",
        "textWordEA": 13
      }
    },
    {
      "srcTextID": "33197",
      "srcText": "“이것 봐, 아주 작은 건전지가 들어가 있어.” “건전지가 다 닳았나?” 태연이와 친구들이 건전지를 빼서 옆에 두고 장난감 자동차를 이리저리 살펴보았어요. 그때 무엇이든 우선 입에 넣는 먹보 동생 민호가 그만 건전지를 삼키고 말았어요. “안 돼!”",
      "srcPage": 8,
      "srcSentenceEA": 5,
      "srcWordEA": 36,
      "character": "건전지,태연이,친구들,장난감 자동차,먹보 동생 민호,민호",
      "setting": null,
      "action": "삼키고,빼서,살펴보았어요,입에 넣는,삼키고",
      "feeling": null,
      "causalRelationship": "태연이와 친구들이 건전지를 빼서 옆에 두고 장난감 자동차를 이리저리 살펴보았어요. 그때 무엇이든 우선 입에 넣는 먹보 동생 민호가 그만 건전지를 삼키고 말았어요.",
      "outcomeResolution": null,
      "prediction": null,
      "plotSummaryInfoCount": 1,
      "plotSummaryInfo": {
        "classification": "신체운동_건강",
        "readAge": "유아",
        "form": "long-form",
        "plotSummaryText": "태연이와 친구들이 건전지를 빼두고 장난감 자동차를 살펴보는 사이 먹보 동생 민호가 건전지를 삼키고 말았어요.",
        "textWordEA": 14
      }
    },
    {
      "srcTextID": "33198",
      "srcText": "이번에는 코를 다친 지은이가 얘기했어요. 지은이는 블록 장난감을 가지고 집짓기 놀이를 하고 있었어요. 작고 네모난 블록과 인형들이 앙증맞기도 하고 귀여웠어요. 감촉은 미끈미끈 반질반질했어요. “어머 매끈매끈하다.”",
      "srcPage": 9,
      "srcSentenceEA": 5,
      "srcWordEA": 28,
      "character": "지은이,블록,인형들",
      "setting": null,
      "action": "다친,얘기했어요,놀이를 하고 있었어요",
      "feeling": null,
      "causalRelationship": null,
      "outcomeResolution": null,
      "prediction": "지은이는 블록 장난감을 가지고 집짓기 놀이를 하고 있었어요.",
      "plotSummaryInfoCount": 1,
      "plotSummaryInfo": {
        "classification": "신체운동_건강",
        "readAge": "유아",
        "form": "long-form",
        "plotSummaryText": "지은이는 블록 장난감으로 집짓기 놀이를 했는데 블록과 인형들의 감촉이 미끈미끈 반질반질했어요.",
        "textWordEA": 11
      }
    },
    {
      "srcTextID": "33206",
      "srcText": "하지만 다시 빼려고 하니까 너무너무 아프기만 하고 안 빠졌어요. 콧구멍과 귓구멍 속에서 염증이 생겼는지 금세 퉁퉁 부어 올랐어요. 할 수 없이 엉엉 울면서 엄마와 병원에 올 수밖에 없었어요.",
      "srcPage": 11,
      "srcSentenceEA": 3,
      "srcWordEA": 30,
      "character": null,
      "setting": null,
      "action": "빼려고,빠졌어요,울면서",
      "feeling": null,
      "causalRelationship": "콧구멍과 귓구멍 속에서 염증이 생겼는지 금세 퉁퉁 부어 올랐어요.",
      "outcomeResolution": "할 수 없이 엉엉 울면서 엄마와 병원에 올 수밖에 없었어요.",
      "prediction": null,
      "plotSummaryInfoCount": 1,
      "plotSummaryInfo": {
        "classification": "신체운동_건강",
        "readAge": "유아",
        "form": "short-form",
        "plotSummaryText": "콧구멍과 귓구멍에 염증이 생겼는지  퉁퉁 부어올라 병원에 갔습니다.",
        "textWordEA": 9
      }
    },
    {
      "srcTextID": "33188",
      "srcText": "“안녕? 참 예쁘게 생겼구나. 이 아가는 민호야. 민호야, ‘누나 반가워.’ 해 봐.” “아~ 안녕. 나는 서영이 라고 해.” 병원에서 만난 친구들은 왜 병원에 오게 되었는지 서로 이야기하기 시작했어요.",
      "srcPage": 2,
      "srcSentenceEA": 7,
      "srcWordEA": 35,
      "character": "아가,민호,누나,서영이,친구들",
      "setting": "병원",
      "action": "만난,이야기하기 시작했어요",
      "feeling": "반가워",
      "causalRelationship": null,
      "outcomeResolution": "병원에서 만난 친구들은 왜 병원에 오게 되었는지 서로 이야기하기 시작했어요.",
      "prediction": null,
      "plotSummaryInfoCount": 1,
      "plotSummaryInfo": {
        "classification": "신체운동_건강",
        "readAge": "유아",
        "form": "long-form",
        "plotSummaryText": "병원에서 만난 친구들은 왜 병원에 오게 되었는지 서로 이야기하기 시작했습니다.",
        "textWordEA": 10
      }
    },
    {
      "srcTextID": "33195",
      "srcText": "그런데 쌩쌩 잘 가던 자동차가 갑자기 멈췄어요. “왜 안 움직이지? 이상하다?” “어디가 고장 났는지 한번 뜯어 볼까?” “여기 건전지 넣는 곳이 있어.”",
      "srcPage": 7,
      "srcSentenceEA": 5,
      "srcWordEA": 23,
      "character": "자동차,건전지",
      "setting": null,
      "action": "멈췄어요,뜯어 볼까",
      "feeling": null,
      "causalRelationship": null,
      "outcomeResolution": null,
      "prediction": "어디가 고장 났는지 한번 뜯어 볼까?",
      "plotSummaryInfoCount": 1,
      "plotSummaryInfo": {
        "classification": "신체운동_건강",
        "readAge": "유아",
        "form": "long-form",
        "plotSummaryText": "잘 가던 자동차가 고장 났는지 멈춰버려서 건전지를 넣어 볼까 생각했습니다.",
        "textWordEA": 10
      }
    },
    {
      "srcTextID": "33211",
      "srcText": "“생일 축하합니다. 생일 축하합니다. 사랑하는 지우의 생일 축하합니다!” “지우야 생일 축하해!” 친구들이 생일 축하 노래를 불러 주었어요. 친구들은 작은 폭죽도 터트렸어요.",
      "srcPage": 15,
      "srcSentenceEA": 6,
      "srcWordEA": 25,
      "character": "지우,친구들,작은 폭죽",
      "setting": null,
      "action": "터트렸어요,노래를 불러 주었어요",
      "feeling": null,
      "causalRelationship": null,
      "outcomeResolution": null,
      "prediction": "친구들은 작은 폭죽도 터트렸어요.",
      "plotSummaryInfoCount": 1,
      "plotSummaryInfo": {
        "classification": "신체운동_건강",
        "readAge": "유아",
        "form": "long-form",
        "plotSummaryText": "친구들은 지우의 생일을 축하하며 노래도 부르고 작은 폭죽도 터트렸어요.",
        "textWordEA": 9
      }
    },
    {
      "srcTextID": "33215",
      "srcText": "“지우야 많이 아팠지? 아픈 주사도 용감하게 잘 참았네.” 지우 엄마가 약을 가지고 오셨어요.",
      "srcPage": 17,
      "srcSentenceEA": 3,
      "srcWordEA": 15,
      "character": "지우,지우 엄마,약",
      "setting": null,
      "action": "가지고 오셨어요",
      "feeling": "아팠지",
      "causalRelationship": null,
      "outcomeResolution": null,
      "prediction": "지우 엄마가 약을 가지고 오셨어요.",
      "plotSummaryInfoCount": 1,
      "plotSummaryInfo": {
        "classification": "신체운동_건강",
        "readAge": "유아",
        "form": "short-form",
        "plotSummaryText": "지우 엄마가 지우를 위로해 주면서 약을 가지고 오셨습니다.",
        "textWordEA": 8
      }
    },
    {
      "srcTextID": "33214",
      "srcText": "“얘들아 이제 장난감 조심해서 가지고 놀고 다시는 다치는 일이 없도록 하자.” 치료를 마친 지우가 먼저 인사를 했어요. 아이들은 서로의 이야기를 들으면서 장난감을 가지고 놀 때 조심해야 할 것들을 배웠어요. 장난감을 잘못 가지고 놀다가 다치는 일이 이제 다시는 없었으면 좋겠어요.",
      "srcPage": 18,
      "srcSentenceEA": 4,
      "srcWordEA": 42,
      "character": "얘들아,장난감,지우,아이들",
      "setting": null,
      "action": "인사를 했어요,들으면서,놀 때,배웠어요",
      "feeling": null,
      "causalRelationship": null,
      "outcomeResolution": "아이들은 서로의 이야기를 들으면서 장난감을 가지고 놀 때 조심해야 할 것들을 배웠어요. 장난감을 잘못 가지고 놀다가 다치는 일이 이제 다시는 없었으면 좋겠어요.",
      "prediction": null,
      "plotSummaryInfoCount": 1,
      "plotSummaryInfo": {
        "classification": "신체운동_건강",
        "readAge": "유아",
        "form": "long-form",
        "plotSummaryText": "지우와 아이들은 장난감을 가지고 놀 때 조심해야 할 것들에 대대 배웠습니다.",
        "textWordEA": 11
      }
    },
    {
      "srcTextID": "33205",
      "srcText": "“어디든 쏙쏙 잘 들어갈 것 같은데!” 지은이는 반질반질 동글동글한 인형을 코에 넣어 보았어요. 신기하게도 인형들이 콧구멍에도 쏙 들어가고 귓구멍에도 쏙 들어갔어요.",
      "srcPage": 10,
      "srcSentenceEA": 3,
      "srcWordEA": 23,
      "character": "지은이,인형,인형들,코",
      "setting": null,
      "action": "넣어 보았어요, 쏙 들어갔어요",
      "feeling": null,
      "causalRelationship": "지은이는 반질반질 동글동글한 인형을 코에 넣어 보았어요. 신기하게도 인형들이 콧구멍에도 쏙 들어가고 귓구멍에도 쏙 들어갔어요.",
      "outcomeResolution": null,
      "prediction": null,
      "plotSummaryInfoCount": 1,
      "plotSummaryInfo": {
        "classification": "신체운동_건강",
        "readAge": "유아",
        "form": "short-form",
        "plotSummaryText": "지은이는 반질하고 동글해 어디든 쏙쏙 잘 들어갈 것 같은 인형을 코에도 귀에도 넣어 보았어요.",
        "textWordEA": 14
      }
    },
    {
      "srcTextID": "33209",
      "srcText": "호준이는 왜 배가 아팠을까요? 호준이랑 지우는 놀이방에서 소꿉놀이를 하고 있었어요. 알록달록 맛있게 생긴 장난감을 집어 들며 말했어요.",
      "srcPage": 12,
      "srcSentenceEA": 3,
      "srcWordEA": 19,
      "character": "호준이,지우,장난감",
      "setting": "놀이방",
      "action": "집어 들며,말했어요,소꿉놀이를",
      "feeling": null,
      "causalRelationship": null,
      "outcomeResolution": null,
      "prediction": "알록달록 맛있게 생긴 장난감을 집어 들며 말했어요.",
      "plotSummaryInfoCount": 1,
      "plotSummaryInfo": {
        "classification": "신체운동_건강",
        "readAge": "유아",
        "form": "short-form",
        "plotSummaryText": "호준이는 지우와 놀이방에서 소꿉놀이를 히다 맛있게 생긴 장난감을 집어 들며 말했어요.",
        "textWordEA": 11
      }
    },
    {
      "srcTextID": "33210",
      "srcText": "그날 밤이었어요. ‘꾸르륵 꾸르륵’ 호준이 배에서 이상한 소리가 나기 시작했어요. “이상하다. 딸기 모양 장난감은 맛있었는데, 왜 배가 아프지?” 그리고 살살 배가 아프더니 시간이 흐를수록 많이 아프고 울렁거리기까지 했어요. 토하고 어지러워서 병원에 올 수밖에 없었어요.",
      "srcPage": 13,
      "srcSentenceEA": 6,
      "srcWordEA": 39,
      "character": "딸기 모양 장난감,호준이,배",
      "setting": "그날 밤,병원",
      "action": "이상한 소리가 나기 시작했어요,토하고 어지러워서,울렁거리기까지 했어요",
      "feeling": "아프고",
      "causalRelationship": "그리고 살살 배가 아프더니 시간이 흐를수록 많이 아프고 울렁거리기까지 했어요. 토하고 어지러워서 병원에 올 수밖에 없었어요.",
      "outcomeResolution": null,
      "prediction": null,
      "plotSummaryInfoCount": 1,
      "plotSummaryInfo": {
        "classification": "신체운동_건강",
        "readAge": "유아",
        "form": "long-form",
        "plotSummaryText": "호준이는 배에서 이상한 소리가 나더니 점점 더 아파서 병원에 왔습니다.",
        "textWordEA": 10
      }
    },
    {
      "srcTextID": "33212",
      "srcText": "마지막으로 지우가 다친 이야기를 했어요. 그날은 지우의 생일이었어요. 친구들을 집으로 초대해서 즐거운 생일 파티를 하고 있었어요.",
      "srcPage": 14,
      "srcSentenceEA": 3,
      "srcWordEA": 18,
      "character": "지우,친구들",
      "setting": "그날,집",
      "action": "이야기를 했어요,초대해서,파티를 하고 있었어요",
      "feeling": "즐거운",
      "causalRelationship": null,
      "outcomeResolution": null,
      "prediction": null,
      "plotSummaryInfoCount": 1,
      "plotSummaryInfo": {
        "classification": "신체운동_건강",
        "readAge": "유아",
        "form": "short-form",
        "plotSummaryText": "지우는 생일에 친구들을 초대해서 즐거운 생일 파티를 하다 다친 이야기를 했어요.",
        "textWordEA": 11
      }
    },
    {
      "srcTextID": "33213",
      "srcText": "“펑!” “아야!!” 친구들이 터트린 폭죽이 지우의 이마를 때렸어요. 너무 가까이에서 터트렸기 때문이에요. “어머! 어떡해!” “지우야 괜찮아?” 이마가 금방 부풀어 오르고 눈 위가 찢어지고 폭죽 가루들이 눈에 들어가고 말았어요! 조금만 비껴갔어도 눈에 맞을 뻔했어요.",
      "srcPage": 16,
      "srcSentenceEA": 6,
      "srcWordEA": 38,
      "character": "친구들,지우,폭죽,이마,눈",
      "setting": null,
      "action": "터트린,때렸어요,찢어지고,눈에 들어가고",
      "feeling": null,
      "causalRelationship": "친구들이 터트린 폭죽이 지우의 이마를 때렸어요. 너무 가까이에서 터트렸기 때문이에요.",
      "outcomeResolution": "이마가 금방 부풀어 오르고 눈 위가 찢어지고 폭죽 가루들이 눈에 들어가고 말았어요.",
      "prediction": null,
      "plotSummaryInfoCount": 1,
      "plotSummaryInfo": {
        "classification": "신체운동_건강",
        "readAge": "유아",
        "form": "long-form",
        "plotSummaryText": "친구들이 터트린 폭죽이 지우의 이마를 때려서 눈 위가 찢어졌습니다.",
        "textWordEA": 9
      }
    },
    {
      "srcTextID": "33189",
      "srcText": "여기는 튼튼 어린이 병원이에요. 서영이는 이마를 다쳐서 엄마와 함께 병원에 왔어요. “안녕? 반가워! 나는 지은이야.” “나는 호준이야, 얘 이름은 지우야.”",
      "srcPage": 1,
      "srcSentenceEA": 5,
      "srcWordEA": 23,
      "character": "서영이,엄마,지은이,호준이,지우",
      "setting": "튼튼 어린이 병원",
      "action": "다쳐서,왔어요",
      "feeling": "반가워",
      "causalRelationship": "서영이는 이마를 다쳐서 엄마와 함께 병원에 왔어요",
      "outcomeResolution": null,
      "prediction": null,
      "plotSummaryInfoCount": 1,
      "plotSummaryInfo": {
        "classification": "신체운동_건강",
        "readAge": "유아",
        "form": "long-form",
        "plotSummaryText": "이마를 다쳐서 튼튼 어린이 병원에 간 서영이는 친구들을 만났습니다.",
        "textWordEA": 9
      }
    },
    {
      "srcTextID": "33191",
      "srcText": "먼저 서영이가 어쩌다가 이마를 다치게 되었는지 이야기를 시작했어요. 서영이와 친구들은 서영이 집에 모여서 숨바꼭질을 하고 있었어요. “백까지 센다! 하나, 두울, 세엣.”",
      "srcPage": 3,
      "srcSentenceEA": 4,
      "srcWordEA": 23,
      "character": "서영이,이마,친구들",
      "setting": "집",
      "action": "이야기를 시작했어요,다치게,모여서,숨바꼭질을 하고 있었어요",
      "feeling": null,
      "causalRelationship": null,
      "outcomeResolution": null,
      "prediction": "서영이와 친구들은 서영이 집에 모여서 숨바꼭질을 하고 있었어요.",
      "plotSummaryInfoCount": 1,
      "plotSummaryInfo": {
        "classification": "신체운동_건강",
        "readAge": "유아",
        "form": "long-form",
        "plotSummaryText": "서영이는 친구들과 집에서 숨바꼭질하다 이마를 다치게 된 이야기를 시작했습니다.",
        "textWordEA": 9
      }
    },
    {
      "srcTextID": "33194",
      "srcText": "한 친구가 장난삼아 비비총을 발사했어요. 그런데 그만 총알이 친구들을 찾으려고 방문을 열던 서영이의 이마로 날아갔어요. “앗 아파!” 서영이의 이마에는 금세 빨간 피가 흐르기 시작했어요. 세게 날아온 총알을 맞은 서영이의 이마에는 깊은 상처가 나고 말았어요.",
      "srcPage": 5,
      "srcSentenceEA": 5,
      "srcWordEA": 37,
      "character": "친구,친구들,서영이,비비총",
      "setting": null,
      "action": "찾으려고,열던,맞은,피가 흐르기 시작했어요,비비총을 발사했어요",
      "feeling": "아파",
      "causalRelationship": null,
      "outcomeResolution": "세게 날아온 총알을 맞은 서영이의 이마에는 깊은 상처가 나고 말았어요.",
      "prediction": null,
      "plotSummaryInfoCount": 1,
      "plotSummaryInfo": {
        "classification": "신체운동_건강",
        "readAge": "유아",
        "form": "long-form",
        "plotSummaryText": "한 친구가 비비 총을 발사했는데 방문을 열던 서영이의 이마에 상처가 나고 말았어요.",
        "textWordEA": 12
      }
    }
  ]
}