{
  "title": "유치원에 간 아빠",
  "author": "이선아 외",
  "illustrator": "정순임",
  "isbn": "9791128209147",
  "publishedYear": 2018,
  "publisher": "아람북스",
  "paragraphInfoCount": 17,
  "paragraphInfo": [
    {
      "srcTextID": "46443",
      "srcText": "그제야 아빠가 걱정스럽게 물었지요. “수빈아, 엄마 화났어?” 아, 못 말리는 우리 아빠.",
      "srcPage": 4,
      "srcSentenceEA": 3,
      "srcWordEA": 13,
      "character": "아빠,수빈,엄마",
      "setting": null,
      "action": "물었지요,못 말리는",
      "feeling": "걱정스럽게,화났어",
      "causalRelationship": null,
      "outcomeResolution": null,
      "prediction": null,
      "plotSummaryInfoCount": 1,
      "plotSummaryInfo": {
        "classification": "신체운동_건강",
        "readAge": "유아",
        "form": "short-form",
        "plotSummaryText": "그제야 아빠는 걱정스럽게 엄마가 화났냐고 물었지요.",
        "textWordEA": 6
      }
    },
    {
      "srcTextID": "46446",
      "srcText": "미술 시간부터 아빠는 엉망이었어요. 한 번 쓱 그리고 휙. 또 한 번 쓱 그리고 또 휙.",
      "srcPage": 7,
      "srcSentenceEA": 3,
      "srcWordEA": 18,
      "character": "아빠",
      "setting": "미술 시간",
      "action": "엉망이었어요,그리고",
      "feeling": null,
      "causalRelationship": null,
      "outcomeResolution": null,
      "prediction": null,
      "plotSummaryInfoCount": 1,
      "plotSummaryInfo": {
        "classification": "신체운동_건강",
        "readAge": "유아",
        "form": "short-form",
        "plotSummaryText": "아빠는 미술 시간 그리기부터 엉망이었어요.",
        "textWordEA": 5
      }
    },
    {
      "srcTextID": "46448",
      "srcText": "“종이는 소중해요. 함부로 쓰면 안 돼요!” 친구들이 큰 소리로 대답했어요. 아빠 얼굴이 사과처럼 빨갛게 되었어요.",
      "srcPage": 10,
      "srcSentenceEA": 4,
      "srcWordEA": 18,
      "character": "종이,친구,아빠,사과,얼굴",
      "setting": null,
      "action": "대답했어요,빨갛게 되었어요,쓰면,안 돼요,소중해요",
      "feeling": null,
      "causalRelationship": null,
      "outcomeResolution": null,
      "prediction": null,
      "plotSummaryInfoCount": 1,
      "plotSummaryInfo": {
        "classification": "신체운동_건강",
        "readAge": "유아",
        "form": "long-form",
        "plotSummaryText": "종이는 소중하고 함부로 쓰면 안 된다고 친구들이 대답하자 아빠 얼굴이 사과처럼 빨갛게 되었어요.",
        "textWordEA": 13
      }
    },
    {
      "srcTextID": "46452",
      "srcText": "아니나 다를까, 선생님이 딱 보고 말았어요. “아버님, 잘 아시겠지만 이러시면 안 돼요.” 그러고는 친구들을 보며 말했어요. “물은 어떻게 해야죠?”",
      "srcPage": 12,
      "srcSentenceEA": 4,
      "srcWordEA": 20,
      "character": "선생님,아버님,친구,물",
      "setting": null,
      "action": "딱 보고,보며 말했어요,안 돼요,해야죠",
      "feeling": null,
      "causalRelationship": null,
      "outcomeResolution": null,
      "prediction": null,
      "plotSummaryInfoCount": 1,
      "plotSummaryInfo": {
        "classification": "신체운동_건강",
        "readAge": "유아",
        "form": "long-form",
        "plotSummaryText": "선생님이 딱 보고 아빠에게 이러시면 안 된다고 말하고는 친구들을 보며 물은 어떻게 써야 하냐고 물었어요.",
        "textWordEA": 15
      }
    },
    {
      "srcTextID": "46453",
      "srcText": "머리를 긁적이며 아빠가 말했어요. “수빈이 친구들도 다 아는 걸 아빠만 모르고 있었나 봐.” “괜찮아, 아빠. 유치원에서 잘 배우면 돼. 힘내!” 나는 아빠 손을 꼭 잡아 주었어요.",
      "srcPage": 14,
      "srcSentenceEA": 6,
      "srcWordEA": 29,
      "character": "머리,아빠,수빈,친구,나",
      "setting": "유치원",
      "action": "긁적이며,말했어요,잡아 주었어요,모르고,배우면,힘내",
      "feeling": null,
      "causalRelationship": null,
      "outcomeResolution": "나는 아빠 손을 꼭 잡아 주었어요.",
      "prediction": null,
      "plotSummaryInfoCount": 1,
      "plotSummaryInfo": {
        "classification": "신체운동_건강",
        "readAge": "유아",
        "form": "long-form",
        "plotSummaryText": "아빠는 머리를 긁적이며, 수빈이 친구들도 다 아는 걸 아빠만 모르고 있었다고 말하자, 유치원에서 잘 배우면 되니 힘내라며 손을 꼭 잡아 주었어요.",
        "textWordEA": 21
      }
    },
    {
      "srcTextID": "46440",
      "srcText": "우리 집 아침은 늘 이랬어요. “여보, 수도꼭지를 잠가야죠.” “응, 응. 알았어요.” “여보, 화장실 불도 꺼야죠.” “응, 응. 알았어, 알았어요.”",
      "srcPage": 1,
      "srcSentenceEA": 7,
      "srcWordEA": 21,
      "character": "여보,수도꼭지,불",
      "setting": "집,아침,화장실",
      "action": "잠가야죠,알았어요,꺼야죠",
      "feeling": null,
      "causalRelationship": null,
      "outcomeResolution": null,
      "prediction": null,
      "plotSummaryInfoCount": 1,
      "plotSummaryInfo": {
        "classification": "신체운동_건강",
        "readAge": "유아",
        "form": "long-form",
        "plotSummaryText": "아침마다 우리 집은 여보, 수도꼭지 잠그고 화장실 불도 꺼야죠 라고 말하면, 늘 알았다고 대답해요.",
        "textWordEA": 14
      }
    },
    {
      "srcTextID": "46441",
      "srcText": "저녁도 크게 다르진 않았어요. “여보, 휴지는 쓸 만큼만 떼어 써요.” “응, 응. 알았어, 알았어요.” “여보, 텔레비전 안 볼 거면 꺼요.” “응, 응. 알았어요, 알았어.”",
      "srcPage": 2,
      "srcSentenceEA": 7,
      "srcWordEA": 26,
      "character": "여보,휴지,텔레비전",
      "setting": "저녁",
      "action": "떼어 써요,않았어요,다른진,알았어요,꺼요",
      "feeling": null,
      "causalRelationship": null,
      "outcomeResolution": null,
      "prediction": null,
      "plotSummaryInfoCount": 1,
      "plotSummaryInfo": {
        "classification": "신체운동_건강",
        "readAge": "유아",
        "form": "long-form",
        "plotSummaryText": "휴지는 쓸 만큼만 떼어 쓰고 텔레비전 안 볼 거면 끄라고 말하는 저녁도 크게 다르진 않았어요.",
        "textWordEA": 15
      }
    },
    {
      "srcTextID": "46447",
      "srcText": "스케치북에 선 하나만 그리고서는 함부로 버렸어요. “아빠, 아빠! 함부로 버리면 어떡해.” “응, 응. 알았어, 알았어.” 아빠는 대답만 했어요.",
      "srcPage": 8,
      "srcSentenceEA": 6,
      "srcWordEA": 21,
      "character": "스케치북,아빠,선",
      "setting": null,
      "action": "버렸어요,버리면,어떡해,알았어,대답만 했어요,그리고서는",
      "feeling": null,
      "causalRelationship": null,
      "outcomeResolution": null,
      "prediction": "아빠는 대답만 했어요.",
      "plotSummaryInfoCount": 1,
      "plotSummaryInfo": {
        "classification": "신체운동_건강",
        "readAge": "유아",
        "form": "long-form",
        "plotSummaryText": "스케치북에 선 하나만 그리고 버리는 아빠한테 함부로 버리면 어떡하냐고 말하자 알았다고 대답만 했어요.",
        "textWordEA": 13
      }
    },
    {
      "srcTextID": "46449",
      "srcText": "아니나 다를까, 선생님이 딱 보고 말았어요. “저, 아버님. 이러시면 안 돼요.” 그러고는 친구들을 보며 말했어요. “종이는 어떻게 써야죠?”",
      "srcPage": 9,
      "srcSentenceEA": 5,
      "srcWordEA": 20,
      "character": "선생님,아버님,친구,종이",
      "setting": null,
      "action": "보며,말했어요,안 돼요,써야죠,보고 말았어요",
      "feeling": null,
      "causalRelationship": null,
      "outcomeResolution": null,
      "prediction": null,
      "plotSummaryInfoCount": 1,
      "plotSummaryInfo": {
        "classification": "신체운동_건강",
        "readAge": "유아",
        "form": "long-form",
        "plotSummaryText": "그 모습을 보고 만 선생님이 아빠에게 이러시면 안 된다고 말하고는 친구들을 보며 종이는 어떻게 써야 하냐고 물었어요.",
        "textWordEA": 17
      }
    },
    {
      "srcTextID": "46454",
      "srcText": "그때 선생님이 말했어요. “바깥 놀이 시간이에요. 모두 놀이터로 나가세요.”",
      "srcPage": 15,
      "srcSentenceEA": 3,
      "srcWordEA": 10,
      "character": "선생님",
      "setting": "그때,바깥,놀이터",
      "action": "말했어요,나가세요",
      "feeling": null,
      "causalRelationship": null,
      "outcomeResolution": null,
      "prediction": null,
      "plotSummaryInfoCount": 1,
      "plotSummaryInfo": {
        "classification": "신체운동_건강",
        "readAge": "유아",
        "form": "short-form",
        "plotSummaryText": "그때 선생님이 바깥 놀이 시간이니 모두 놀이터로 나가라고 말했어요.",
        "textWordEA": 9
      }
    },
    {
      "srcTextID": "46455",
      "srcText": "그때 아빠가 손을 번쩍 들었어요. “선생님, 제가 전깃불을 모두 끄겠습니다. 전기는 소중하니까 나갈 때는 꼭 꺼야죠!” “어머! 수빈 아버님 최고예요.” 선생님 칭찬에 아빠 얼굴이 사과보다 단풍잎보다 더 빨갛게 되었어요.",
      "srcPage": 16,
      "srcSentenceEA": 5,
      "srcWordEA": 32,
      "character": "아빠,손,선생님,전깃불,전기,아버님,사과,단풍잎,얼굴",
      "setting": "그때,나갈 때",
      "action": "들었어요,빨갛게 되었어요,끄겠습니다,꺼야죠",
      "feeling": null,
      "causalRelationship": "제가 전깃불을 모두 끄겠습니다. 전기는 소중하니까 나갈 때는 꼭 꺼야죠!",
      "outcomeResolution": null,
      "prediction": null,
      "plotSummaryInfoCount": 1,
      "plotSummaryInfo": {
        "classification": "신체운동_건강",
        "readAge": "유아",
        "form": "long-form",
        "plotSummaryText": "그때 아빠가 손을 번쩍 들며, 전기는 소중하니까 나갈 때 모두 끄겠다고 말하자, 아버님 최고라는 선생님 칭찬에 아빠 얼굴이 사과, 단풍잎보다 더 빨갛게 되었어요.",
        "textWordEA": 23
      }
    },
    {
      "srcTextID": "46445",
      "srcText": "나는 잠자리에서 곰곰이 생각했어요. ‘나도 아는 걸 아빠는 왜 모르는 걸까?’ 그러다 문득 좋은 생각이 났어요.",
      "srcPage": 5,
      "srcSentenceEA": 3,
      "srcWordEA": 18,
      "character": "나,아빠",
      "setting": "잠자리",
      "action": "생각했어요,생각이 났어요,모르는 걸까",
      "feeling": null,
      "causalRelationship": null,
      "outcomeResolution": null,
      "prediction": null,
      "plotSummaryInfoCount": 1,
      "plotSummaryInfo": {
        "classification": "신체운동_건강",
        "readAge": "유아",
        "form": "short-form",
        "plotSummaryText": "나는 아빠가 왜 모르는지 잠자리에서 곰곰이 생각하다가 좋은 생각이 났어요.",
        "textWordEA": 10
      }
    },
    {
      "srcTextID": "46444",
      "srcText": "‘그래, 나는 유치원에서 다 배우잖아. 아빠를 유치원에 데려가는 거야.’ 그래서 아빠를 유치원에 데려오게 되었지요.",
      "srcPage": 6,
      "srcSentenceEA": 3,
      "srcWordEA": 16,
      "character": "나,아빠",
      "setting": "유치원",
      "action": "배우잖아,데려가는 거야,데려오게",
      "feeling": null,
      "causalRelationship": null,
      "outcomeResolution": "그래서 아빠를 유치원에 데려오게 되었지요.",
      "prediction": null,
      "plotSummaryInfoCount": 1,
      "plotSummaryInfo": {
        "classification": "신체운동_건강",
        "readAge": "유아",
        "form": "short-form",
        "plotSummaryText": "나는 유치원에서 다 배우니까 아빠를 유치원에 데리고 가는 거야.",
        "textWordEA": 9
      }
    },
    {
      "srcTextID": "46450",
      "srcText": "점심을 먹고 나서도 아빠는 똑같았어요. 아빠가 세면대 앞에서 양치질했어요. 수도꼭지를 틀어 놓은 채로 말이지요. 물이 계속해서 콸콸 쏟아졌어요. “아빠, 아빠! 수도꼭지를 잠가야지.” “응. 알았어, 알았어.” 아빠는 대답만 했어요.",
      "srcPage": 11,
      "srcSentenceEA": 8,
      "srcWordEA": 34,
      "character": "아빠,수도꼭지",
      "setting": "점심,세면대 앞",
      "action": "먹고 나서,양치질했어요,쏟아졌어요,대답만 했어요,똑같았어요,틀어 놓은",
      "feeling": null,
      "causalRelationship": null,
      "outcomeResolution": null,
      "prediction": null,
      "plotSummaryInfoCount": 1,
      "plotSummaryInfo": {
        "classification": "신체운동_건강",
        "readAge": "유아",
        "form": "long-form",
        "plotSummaryText": "점심을 먹고 나서도 아빠는 세면대 앞에서 수도꼭지를 틀어 놓은 채 양치질을 했고, 물이 쏟아져서 잠그라고 말하자 알았다고 대답만 했어요.",
        "textWordEA": 19
      }
    },
    {
      "srcTextID": "46451",
      "srcText": "“물은 소중해요. 흘려 버리지 말고 받아서 써요!” 친구들이 큰 소리로 대답했어요. 아빠 얼굴이 단풍잎처럼 빨갛게 되었어요.",
      "srcPage": 13,
      "srcSentenceEA": 4,
      "srcWordEA": 19,
      "character": "물,친구,아빠,단풍잎,얼굴",
      "setting": null,
      "action": "대답했어요,버리지 말고,받아서,써요",
      "feeling": null,
      "causalRelationship": null,
      "outcomeResolution": "아빠 얼굴이 단풍잎처럼 빨갛게 되었어요.",
      "prediction": null,
      "plotSummaryInfoCount": 1,
      "plotSummaryInfo": {
        "classification": "신체운동_건강",
        "readAge": "유아",
        "form": "long-form",
        "plotSummaryText": "물은 소중해서 흘려 버리지 말고 받아서 써야 한다고 친구들이 대답하자, 아빠 얼굴이 빨갛게 되었어요.",
        "textWordEA": 14
      }
    },
    {
      "srcTextID": "46456",
      "srcText": "그날 저녁이었어요. “유치원에서는 잘했어요?” 엄마가 아빠에게 물었어요. “아, 물론이죠. 내가 누군데요! 선생님이 칭찬도 해 주셨는데. 그렇지, 수빈아?” 아빠가 한쪽 눈을 찡끗하며 말했어요. “응, 엄마. 선생님이 우리 아빠가 최고랬어.” 나는 아빠를 보며 엄지손가락을 척 올렸지요.",
      "srcPage": 17,
      "srcSentenceEA": 11,
      "srcWordEA": 41,
      "character": "엄마,아빠,선생님,수빈,눈,엄지손가락",
      "setting": "그날 저녁,유치원",
      "action": "물었어요,말했어요,보며,찡끗하며,올렸지요",
      "feeling": null,
      "causalRelationship": null,
      "outcomeResolution": "나는 아빠를 보며 엄지손가락을 척 올렸지요.",
      "prediction": null,
      "plotSummaryInfoCount": 1,
      "plotSummaryInfo": {
        "classification": "신체운동_건강",
        "readAge": "유아",
        "form": "long-form",
        "plotSummaryText": "그날 저녁, 엄마가 유치원에서 잘했냐고 아빠에게 묻자, 한쪽 눈을 찡끗하며 선생님이 칭찬도 해 주셨다고 말했고, 나는 아빠를 보며 엄지손가락을 척 올렸지요.",
        "textWordEA": 21
      }
    },
    {
      "srcTextID": "46442",
      "srcText": "결국 엄마는 화가 머리끝까지 나고 말았어요. “맨날 알았다고만 하지 말고 좀 고쳐요!” 그러고는 방으로 들어가 버렸어요.",
      "srcPage": 3,
      "srcSentenceEA": 3,
      "srcWordEA": 17,
      "character": "엄마",
      "setting": "방",
      "action": "나고,말았어요,알았다고만,하지 말고,고쳐요,들어가 버렸어요",
      "feeling": null,
      "causalRelationship": null,
      "outcomeResolution": null,
      "prediction": null,
      "plotSummaryInfoCount": 1,
      "plotSummaryInfo": {
        "classification": "신체운동_건강",
        "readAge": "유아",
        "form": "short-form",
        "plotSummaryText": "엄마는 알았다고만 하지 말고 좀 고치라고 말하며 화가 머리끝까지 나서 방으로 들어가 버렸어요.",
        "textWordEA": 13
      }
    }
  ]
}