{
  "title": "별걸 다 하는 소중한 뇌",
  "author": "박종환",
  "illustrator": "황미선",
  "isbn": "9788963832531",
  "publishedYear": 2011,
  "publisher": "별똥별",
  "paragraphInfoCount": 17,
  "paragraphInfo": [
    {
      "srcTextID": "116975",
      "srcText": "\"으악!\" 순간 폴은 자기도 모르게 비명을 지르면서 손을 피했어요. 생쥐가 손가락을 물면 손가락의 신경이 엄청나게 빠른 속도로 뇌에게 아프다고 신호를 보내요. 그러면 뇌는 얼른 손을 치우고 비명을 지르라고 아주 빠른 속도로 명령해요. 으악!",
      "srcPage": 13,
      "srcSentenceEA": 4,
      "srcWordEA": 37,
      "character": "폴,손,생쥐,손가락,신경,뇌",
      "setting": null,
      "action": "비명을 지르면서,피했어요,물면,아프다고,보내요,치우고,비명을 지르라고,명령해요",
      "feeling": null,
      "causalRelationship": null,
      "outcomeResolution": null,
      "prediction": null,
      "plotSummaryInfoCount": 1,
      "plotSummaryInfo": {
        "classification": "신체운동_건강",
        "readAge": "유아",
        "form": "long-form",
        "plotSummaryText": "순간 폴은 자기도 모르게 비명을 지르면서 손을 피했고, 이처럼 손가락의 신경이 엄청나게 빠른 속도로 뇌에게 신호를 보내면 뇌는 얼른 손을 치우고 비명을 지르라고 명령한다고 했다.",
        "textWordEA": 25
      }
    },
    {
      "srcTextID": "116976",
      "srcText": "그때 폴의 배꼽시계가 꼬르륵, 꼬르륵! \"폴, 그 소리는 네가 배고프다는 것을 뇌가 느끼고서 보내는 신호야. 밥을 먹어야 한다고 알려 주는 거지.\" 알프레드가 삐걱거리며 끼어들었어요. \"나도 녹이 슬면 기름을 치라고 머릿속 컴퓨터가 알려 줘. 삐빅!\"",
      "srcPage": 14,
      "srcSentenceEA": 6,
      "srcWordEA": 37,
      "character": "폴,배꼽시계,뇌,신호,밥,알프레드,나,기름,컴퓨터",
      "setting": null,
      "action": "배고프다는,느끼고서,보내는,먹어야 한다고,알려 주는 거지,삐걱거리며,끼어들었어요,치라고,알려 줘",
      "feeling": null,
      "causalRelationship": null,
      "outcomeResolution": null,
      "prediction": null,
      "plotSummaryInfoCount": 1,
      "plotSummaryInfo": {
        "classification": "신체운동_건강",
        "readAge": "유아",
        "form": "long-form",
        "plotSummaryText": "그때 폴의 배꼽시계의 꼬르륵 하는 소리에 이것은 네가 배고프다는 것을 뇌가 느끼고서 보내는 신호라고 했고, 알프레드가 삐걱거리며 나도 녹이 슬면 기름을 치라고 머릿속 컴퓨터가 알려 준다고 끼어들었다.",
        "textWordEA": 27
      }
    },
    {
      "srcTextID": "117018",
      "srcText": "\"삐빅! 쿠릉아, 내 헬멧도 멋지지?\" \"그건 가발인데 너한테 잘 어울린다.\" \"헤헤, 네가 환자 돌보고 공부하느라 피곤해 보여서 기운 내라고 장난친 거야.\" 쿠릉이는 환자들을 돌보는 틈틈이 열심히 공부해요. 고향으로 돌아가면 꼭 할 일이 있거든요.",
      "srcPage": 16,
      "srcSentenceEA": 5,
      "srcWordEA": 36,
      "character": "헬멧,가발,너,환자,쿠릉이",
      "setting": "고향",
      "action": "돌보고,공부하느라,기운 내라고,장난친 거야,돌보는,공부해요,돌아가면,할 일이 있거든요",
      "feeling": null,
      "causalRelationship": null,
      "outcomeResolution": null,
      "prediction": null,
      "plotSummaryInfoCount": 1,
      "plotSummaryInfo": {
        "classification": "신체운동_건강",
        "readAge": "유아",
        "form": "long-form",
        "plotSummaryText": "쿠릉이는 고향으로 돌아가면 꼭 할 일이 있기 때문에 환자들을 돌보는 틈틈이 열심히 공부한다.",
        "textWordEA": 13
      }
    },
    {
      "srcTextID": "116971",
      "srcText": "\"이게 우리의 뇌야. 삐빅!\" 알프레드가 컴퓨터 화면을 보여 주었어요. \"히히, 호두처럼 생겼잖아.\" \"맞아, 쭈글쭈글 주름이 많지. 우리가 보고, 듣고, 느끼는 건 다 뇌 덕분이야.\"",
      "srcPage": 9,
      "srcSentenceEA": 6,
      "srcWordEA": 27,
      "character": "우리,뇌,알프레드,컴퓨터 화면,호두,주름",
      "setting": null,
      "action": "보여 주었어요,생겼잖아,보고,듣고",
      "feeling": null,
      "causalRelationship": null,
      "outcomeResolution": null,
      "prediction": null,
      "plotSummaryInfoCount": 1,
      "plotSummaryInfo": {
        "classification": "신체운동_건강",
        "readAge": "유아",
        "form": "long-form",
        "plotSummaryText": "알프레드가 컴퓨터 화면으로 우리의 뇌를 보여 주었고, 호두처럼 주름이 많으며 우리가 보고, 듣고, 느끼는 건 다 뇌 덕분이라고 했다.",
        "textWordEA": 19
      }
    },
    {
      "srcTextID": "116972",
      "srcText": "'해마'에서 기억을 저장해요. 후두엽 눈으로 보는 것을 담당해요. 소뇌 몸의 균형을 유지해요.",
      "srcPage": 11,
      "srcSentenceEA": 3,
      "srcWordEA": 15,
      "character": "해마,후두엽,눈,소뇌,몸",
      "setting": null,
      "action": "저장해요,보는,담당해요,균형을 유지해요",
      "feeling": null,
      "causalRelationship": null,
      "outcomeResolution": null,
      "prediction": null,
      "plotSummaryInfoCount": 1,
      "plotSummaryInfo": {
        "classification": "신체운동_건강",
        "readAge": "유아",
        "form": "short-form",
        "plotSummaryText": "해마에서 기억을 저장하고, 후두엽은 눈으로 보는 것을 담당하고 소뇌는 몸의 균형을 유지한다.",
        "textWordEA": 12
      }
    },
    {
      "srcTextID": "116977",
      "srcText": "\"뇌는 머리뼈의 보호를 받긴 하지만 머리를 다치지 않도록 조심해야 해.\" 쿠릉이가 이마를 쑥 내밀자 폴이 또 화들짝! \"그럼 인라인스케이트를 탈 때 헬멧을 써서 머리를 보호해야겠다.\" \"물론이지! 앞으로는 헬멧을 꼭 챙긴다고 약속해!\" \"알았어, 쿠릉아.\"",
      "srcPage": 15,
      "srcSentenceEA": 5,
      "srcWordEA": 35,
      "character": "뇌,머리뼈,머리,쿠릉이,이마,폴,인라인스케이트,헬멧",
      "setting": null,
      "action": "보호를 받긴 하지만,다치지 않도록,조심해야 해,내밀자,탈,써서,보호해야겠다,챙긴다고,약속해",
      "feeling": null,
      "causalRelationship": null,
      "outcomeResolution": null,
      "prediction": null,
      "plotSummaryInfoCount": 1,
      "plotSummaryInfo": {
        "classification": "신체운동_건강",
        "readAge": "유아",
        "form": "long-form",
        "plotSummaryText": "뇌는 머리뼈의 보호를 받긴 하지만 머리를 다치지 않도록 조심해야 한다며 쿠릉이가 이마를 내밀자, 폴은 인라인스케이트를 탈 때 앞으로는 헬멧을 챙겨 써서 머리를 보호해야겠다고 약속했다.",
        "textWordEA": 24
      }
    },
    {
      "srcTextID": "117019",
      "srcText": "이야, 와구와구별 우주선이에요! 지구에서 경험도 쌓고 공부도 많이 한 쿠릉이를 데려가는 거랍니다. 알고 보니 쿠릉이가 꼭 하려던 일은 와구와구별의 머리를 다친 친구를 치료하는 거였어요. \"삐빅! 고향에 돌아가면 쉬고 싶어.\" \"무슨 소리! 와구와구별에 쿠릉알프레드 신경외과를 열 거라고!\" \"삐이!\"",
      "srcPage": 17,
      "srcSentenceEA": 6,
      "srcWordEA": 41,
      "character": "우주선,쿠릉이,머리,친구,쿠릉알프레드 신경외과",
      "setting": "와구와구별,지구,고향",
      "action": "쌓고,데려가는,하려던,다친,치료하는,돌아가면,열 거라고",
      "feeling": null,
      "causalRelationship": null,
      "outcomeResolution": null,
      "prediction": null,
      "plotSummaryInfoCount": 1,
      "plotSummaryInfo": {
        "classification": "신체운동_건강",
        "readAge": "유아",
        "form": "long-form",
        "plotSummaryText": " 지구에서 경험도 쌓고 공부도 많이 한 쿠릉이를 데려가려고 와구와구별 우주선이 왔고,  쿠릉이는 고향으로 돌아가면 쿠릉알프레드 신경외과를 열고 머리를 다친 친구를 치료하고 싶다고 했다.",
        "textWordEA": 24
      }
    },
    {
      "srcTextID": "116964",
      "srcText": "쿠릉이는 와구와구 별에서 온 외계인이에요. 살짝 무섭게 생겼어도 착하고 순진하답니다. \"오늘은 사람들이랑 꼭 친해져야지.\" 쿠릉이가 커다란 입을 쩍 벌리고 히죽! 쿠릉이 딴에는 예쁜 미소였지만, 사람들은 무서워서 벌벌 떨어요. \"아이참, 날 겁내지 않았으면 좋겠는데.\"",
      "srcPage": 1,
      "srcSentenceEA": 6,
      "srcWordEA": 36,
      "character": "쿠릉이,외계인,사람들,입",
      "setting": "와구와구별,오늘",
      "action": "온,생겼어도,친해져야지,쩍 벌리고,벌벌 떨어요",
      "feeling": "무서워서,겁내지 않았으면 좋겠는데",
      "causalRelationship": null,
      "outcomeResolution": null,
      "prediction": null,
      "plotSummaryInfoCount": 1,
      "plotSummaryInfo": {
        "classification": "신체운동_건강",
        "readAge": "유아",
        "form": "long-form",
        "plotSummaryText": "쿠릉이는 와구와구 별에서 온 외계인으로 살짝 무섭게 생겼어도 착하고 순진하고, 사람들이랑 친해지기 싶어 커다란 입을 쩍 벌리고 히죽하며 딴에는 예쁜 미소를 지어도, 사람들은 무서워서 벌벌 떨었다.",
        "textWordEA": 26
      }
    },
    {
      "srcTextID": "116965",
      "srcText": "\"폴, 그러다가 다친다!\" \"괜찮아요, 엄마. 야호, 재밌다!\" 장난꾸러기 폴이 쇼핑카를 밀고 뛰어다니다가 갑자기 머리가 띵하다며 주저앉아요. 깜짝 놀란 쿠릉이는 폴에게 달려갔어요. 쿠릉이는 똑똑병원 신경외과 의사거든요. \"이런, 빨리 병원으로 가자.\"",
      "srcPage": 2,
      "srcSentenceEA": 7,
      "srcWordEA": 33,
      "character": "폴,엄마,쇼핑카,머리,쿠릉이,신경외과 의사",
      "setting": "병원",
      "action": "다친다,밀고,뛰어다니다가,주저앉아요,달려갔어요,가자",
      "feeling": "재밌다,깜짝 놀란",
      "causalRelationship": null,
      "outcomeResolution": null,
      "prediction": null,
      "plotSummaryInfoCount": 1,
      "plotSummaryInfo": {
        "classification": "신체운동_건강",
        "readAge": "유아",
        "form": "long-form",
        "plotSummaryText": "장난꾸러기 폴이 쇼핑카를 밀고 뛰어다니다가 갑자기 머리가 띵하다며 주저앉자, 똑똑 병원 신경외과 의사인 쿠릉이는 깜짝 놀라며 폴에게 달려갔고, 빨리 병원으로 가자고 했다.",
        "textWordEA": 22
      }
    },
    {
      "srcTextID": "117113",
      "srcText": "\"자, 무서워하지 말고 앉아.\" 히죽! 쿠릉이 딴에는 상냥하게 웃지만 폴은 너무 무서워서 침을 꼴깍! \"폴, 혹시 머리를 부딪쳤니?\" \"응, 아까 인라인스케이트 탈 때 나무에 꽝.\"",
      "srcPage": 4,
      "srcSentenceEA": 5,
      "srcWordEA": 27,
      "character": "쿠릉이,폴,머리,인라인스케이트,나무",
      "setting": null,
      "action": "앉아,웃지만,무서워서,부딪쳤니,탈",
      "feeling": null,
      "causalRelationship": null,
      "outcomeResolution": null,
      "prediction": null,
      "plotSummaryInfoCount": 1,
      "plotSummaryInfo": {
        "classification": "신체운동_건강",
        "readAge": "유아",
        "form": "long-form",
        "plotSummaryText": "쿠릉이는 상냥하게 웃지만 폴은 무서워서 했고, 혹시 머리를 부딪쳤냐고 물으니 아까 인라인스케이트 탈 때 나무에 부딪혔다고 했다.",
        "textWordEA": 17
      }
    },
    {
      "srcTextID": "116969",
      "srcText": "소리를 잘 알아채는지 검사해요. 똑바로 잘 걷는지 검사해요. \"어, 또 어지러워.\" 울상 짓는 폴을 쿠릉이가 달랬어요.",
      "srcPage": 6,
      "srcSentenceEA": 4,
      "srcWordEA": 18,
      "character": "폴,쿠릉이",
      "setting": null,
      "action": "알아채는지,검사해요,걷는지,울상 짓는,달랬어요",
      "feeling": null,
      "causalRelationship": null,
      "outcomeResolution": null,
      "prediction": null,
      "plotSummaryInfoCount": 1,
      "plotSummaryInfo": {
        "classification": "신체운동_건강",
        "readAge": "유아",
        "form": "long-form",
        "plotSummaryText": "소리를 잘 알아채는지, 똑바로 잘 걷는지 검사 하는데 폴이 또 어지럽다고 울상 짓자, 쿠릉이는 달래주었다.",
        "textWordEA": 15
      }
    },
    {
      "srcTextID": "116973",
      "srcText": "전두엽 생각과 의식을 담당하며 뇌의 다른 기능도 모두 지휘해요. 해마. 두정엽 피부에 닿는 느낌과 말하는 것을 담당해요. 측두엽 코로 냄새를 맡고, 귀로 소리를 듣고, 맛을 느끼는 것을 담당해요.",
      "srcPage": 10,
      "srcSentenceEA": 4,
      "srcWordEA": 31,
      "character": "전두엽,생각,의식,뇌,해마,피부,두정엽,측두엽,코,귀",
      "setting": null,
      "action": "담당하며,지휘해요,닿는,말하는,담당해요,냄새를 맡고,소리를 듣고,맛을 느끼는",
      "feeling": null,
      "causalRelationship": null,
      "outcomeResolution": null,
      "prediction": null,
      "plotSummaryInfoCount": 1,
      "plotSummaryInfo": {
        "classification": "신체운동_건강",
        "readAge": "유아",
        "form": "long-form",
        "plotSummaryText": "전두엽은 생각과 의식을 담당하며 뇌의 다른 기능도 모두 지휘하고, 해마와 두정엽은 피부에 닿는 느낌과 말하는 것을, 측두엽은 냄새를 맡고, 소리를 듣고, 맛을 느끼는 것을 담당한다.",
        "textWordEA": 25
      }
    },
    {
      "srcTextID": "116974",
      "srcText": "\"우리 몸에 그물처럼 얽힌 신경과 머릿속의 뇌는 이어져 있어. 생쥐가 네 손가락을 앙! 물면 어떻게 될까?\"",
      "srcPage": 12,
      "srcSentenceEA": 3,
      "srcWordEA": 18,
      "character": "몸,그물,신경,뇌,생쥐,손가락",
      "setting": null,
      "action": "얽힌,이어져 있어,물면,어떻게 될까",
      "feeling": null,
      "causalRelationship": null,
      "outcomeResolution": null,
      "prediction": null,
      "plotSummaryInfoCount": 1,
      "plotSummaryInfo": {
        "classification": "신체운동_건강",
        "readAge": "유아",
        "form": "short-form",
        "plotSummaryText": "우리 몸에 그물처럼 얽힌 신경과 뇌는 이어져 있어서 생쥐가 손가락을 물면 어떻게 될까 라고 물었다.",
        "textWordEA": 15
      }
    },
    {
      "srcTextID": "116966",
      "srcText": "쿠릉이는 폴을 똑똑병원 신경외과로 데려왔어요. 신경외과는 뇌와 신경을 치료하는 곳이에요. 신경은 우리 몸과 주위에서 일어나는 변화를 알아챈 뒤 반응을 일으키게 하는 일을 하지요. 삐걱삐걱, 낡은 로봇 알프레드가 폴을 진료실로 안내하네요. \"폴, 쿠릉이는 좋은 의사니까 겁낼 필요 없어. 삐빅!\"",
      "srcPage": 3,
      "srcSentenceEA": 6,
      "srcWordEA": 42,
      "character": "쿠릉이,폴,뇌,신경,로봇,알프레드,의사,몸",
      "setting": "똑똑병원 신경외과,신경외과,진료실",
      "action": "데려왔어요,치료하는,알아챈,반응을 일으키게 하는,일을 하지요,안내하네요",
      "feeling": null,
      "causalRelationship": null,
      "outcomeResolution": null,
      "prediction": null,
      "plotSummaryInfoCount": 1,
      "plotSummaryInfo": {
        "classification": "신체운동_건강",
        "readAge": "유아",
        "form": "long-form",
        "plotSummaryText": "폴을 데려간 똑똑병원 신경외과는 뇌와 신경을 치료하는 곳으로, 낡은 로봇 알프레드가 폴을 진료실로 안내하면서 쿠릉이는 좋은 의사니까 겁낼 필요 없다고 했다.",
        "textWordEA": 21
      }
    },
    {
      "srcTextID": "116968",
      "srcText": "눈동자가 빛에 반응하는지 검사해요. 망치로 무릎뼈 아래를 쳐서 척수를 다쳤는지 검사해요. 척수 뇌에서 뻗어 내려오는 신경 다발의 기둥이에요.",
      "srcPage": 5,
      "srcSentenceEA": 3,
      "srcWordEA": 20,
      "character": "눈동자,빛,망치,척수,신경 다발,기둥,뇌,무릎뼈",
      "setting": null,
      "action": "반응하는지,검사해요,쳐서,다쳤는지 검사해요,뻗어 내려오는",
      "feeling": null,
      "causalRelationship": null,
      "outcomeResolution": null,
      "prediction": null,
      "plotSummaryInfoCount": 1,
      "plotSummaryInfo": {
        "classification": "신체운동_건강",
        "readAge": "유아",
        "form": "short-form",
        "plotSummaryText": "눈동자가 빛에 반응하는지, 망치로 무릎뼈 아래를 쳐서 뇌에서 뻗어 내려오는 신경 다발의 기둥인 척수를 다쳤는지 검사를 했다.",
        "textWordEA": 17
      }
    },
    {
      "srcTextID": "116967",
      "srcText": "\"걱정 마. 크게 다치진 않았을 거야.\" 쿠릉이는 여러 가지 검사를 했어요. \"폴, 뇌와 신경에 문제가 생기진 않았어. 뇌가 가벼운 충격을 받은 것뿐이야. 푹 자면 괜찮아져!\" \"정말? 휴, 고마워!\"",
      "srcPage": 7,
      "srcSentenceEA": 7,
      "srcWordEA": 33,
      "character": "쿠릉이,폴,뇌,신경",
      "setting": null,
      "action": "다치진 않았을 거야,검사를 했어요,문제가 생기진 않았어,충격을 받은,자면",
      "feeling": "고마워",
      "causalRelationship": null,
      "outcomeResolution": null,
      "prediction": null,
      "plotSummaryInfoCount": 1,
      "plotSummaryInfo": {
        "classification": "신체운동_건강",
        "readAge": "유아",
        "form": "long-form",
        "plotSummaryText": "쿠릉이는 걱정 말라며 여러 가지 검사를 했고, 폴에게 뇌와 신경에 문제가 생기진 않았고, 뇌가 가벼운 충격을 받은 것뿐이라며 푹 자면 된다고 했다.",
        "textWordEA": 22
      }
    },
    {
      "srcTextID": "116970",
      "srcText": "\"폴, 이번에는 크게 안 다쳐서 다행이지만 머리를 다치면 위험해질 수도 있어. 뇌를 다치면 이름을 기억하지 못할 수도 있고, 생각하고 감정을 조절하는 일을 잘 못할 수도 있어.\" 쿠릉이의 말에 폴의 눈이 휘둥그레졌어요. \"뇌가 생각하고 감정을 조절한다고?\" 슬픔. 놀라움. 기쁨. 화남. 즐거움.",
      "srcPage": 8,
      "srcSentenceEA": 9,
      "srcWordEA": 47,
      "character": "폴,머리,뇌,쿠릉이,눈",
      "setting": null,
      "action": "안 다쳐서,다치면,위험해질 수도 있어,기억하지 못할 수도 있고,생각하고,조절하는,휘둥그레졌어요",
      "feeling": "다행이지만,슬픔,놀라움,화남,즐거움",
      "causalRelationship": null,
      "outcomeResolution": null,
      "prediction": null,
      "plotSummaryInfoCount": 1,
      "plotSummaryInfo": {
        "classification": "신체운동_건강",
        "readAge": "유아",
        "form": "long-form",
        "plotSummaryText": "이번에는 크게 안 다쳐서 다행이지만 뇌를 다치면 이름을 기억하지 못할 수도 있고, 생각하고 감정을 조절하는 일을 잘 못할 수도 있다는 쿠릉이의 말에 폴의 눈이 휘둥그레졌다.",
        "textWordEA": 25
      }
    }
  ]
}