{
  "title": "창문 쿵! 높은 곳은 위험해!",
  "author": "겨울",
  "illustrator": "이미은",
  "isbn": "9788968735974",
  "publishedYear": 2018,
  "publisher": "키움북스",
  "paragraphInfoCount": 22,
  "paragraphInfo": [
    {
      "srcTextID": "33278",
      "srcText": "안전탐험대 의자와 침대 같은 가구에 올라가는 것은 안전할까요? 베란다나 창문에 기대거나 몸을 밖으로 내미는 것은 위험한 행동인가요? 방충망을 밀거나 방충망에 매달리는 것은 안전할까요? 블라인드 끈은 질식사고를 일으킬 수 있을까요? 베란다에 혼자 가는 것은 안전할까요?",
      "srcPage": 11,
      "srcSentenceEA": 5,
      "srcWordEA": 38,
      "character": "의자,침대,베란다,창문,방충망,블라인드 끈,가구",
      "setting": null,
      "action": "올라가는,기대거나,내미는,밀거나,매달리는,위험한,안전할까요",
      "feeling": null,
      "causalRelationship": null,
      "outcomeResolution": null,
      "prediction": null,
      "plotSummaryInfoCount": 1,
      "plotSummaryInfo": {
        "classification": "신체운동_건강",
        "readAge": "유아",
        "form": "long-form",
        "plotSummaryText": "가구에 올라가거나 베란다 창문 밖으로 몸을 내밀거나 방충망을 미는 행동, 블라인드 끈은 위험할까요, 안전할까요?",
        "textWordEA": 14
      }
    },
    {
      "srcTextID": "33281",
      "srcText": "블라인드는 어떤지 한 번 볼까요? 걸려 넘어질 수 있어요. 꽈당! 목에 줄이 감겨 질식할 수 있어요. 켁켁!",
      "srcPage": 15,
      "srcSentenceEA": 5,
      "srcWordEA": 21,
      "character": "블라인드,줄",
      "setting": null,
      "action": "걸려 넘어질,감겨,질식할 수",
      "feeling": null,
      "causalRelationship": null,
      "outcomeResolution": null,
      "prediction": null,
      "plotSummaryInfoCount": 1,
      "plotSummaryInfo": {
        "classification": "신체운동_건강",
        "readAge": "유아",
        "form": "long-form",
        "plotSummaryText": "블라인드는 걸려 넘어지거나 줄이 목에 감겨 질식할 수도 있어요.",
        "textWordEA": 9
      }
    },
    {
      "srcTextID": "33282",
      "srcText": "“투투투투투투 슈웅 슈웅” 미요가 베란다에 나와 장난감 헬리콥터를 가지고 놀다가 잘못하여 손에서 놓쳤어요. 장난감이 베란다 아래로 떨어졌어요. “아얏! 아파.” 지나가던 친구가 떨어지는 장난감에 머리를 맞고 비명을 질렀어요.",
      "srcPage": 16,
      "srcSentenceEA": 5,
      "srcWordEA": 31,
      "character": "초코 빵,형",
      "setting": null,
      "action": "들어가자",
      "feeling": null,
      "causalRelationship": null,
      "outcomeResolution": null,
      "prediction": null,
      "plotSummaryInfoCount": 1,
      "plotSummaryInfo": {
        "classification": "신체운동_건강",
        "readAge": "유아",
        "form": "long-form",
        "plotSummaryText": "베란다에서 놀던 미요가 장난감을 손에서 놓쳐 아래로 떨어지면서 지나가던 친구가 머리에 맞고 비명을 질렀어요.",
        "textWordEA": 14
      }
    },
    {
      "srcTextID": "33286",
      "srcText": "“엄마, 베란다 화분에 물을 줄 때가 된 것 같아요. 베란다에 함께 가요!” “우리 미요가 베란다에 혼자 가지 않는 것을 보니 낙상사고에 대해 많이 배웠구나. 엄마나 아빠가 함께 있으면 너희가 혼자서 사고를 당할 위험이 줄어들게 되지.”",
      "srcPage": 20,
      "srcSentenceEA": 4,
      "srcWordEA": 37,
      "character": "엄마,베란다 화분,물,미요,아빠",
      "setting": "베란다",
      "action": "가지 않는,보니,배웠구나,함께 있으면,줄어들게 되지,함께 가요",
      "feeling": null,
      "causalRelationship": null,
      "outcomeResolution": null,
      "prediction": null,
      "plotSummaryInfoCount": 1,
      "plotSummaryInfo": {
        "classification": "신체운동_건강",
        "readAge": "유아",
        "form": "long-form",
        "plotSummaryText": "미요가 엄마에게  베란다 화분에 물을 주러 함께 가자고 하자 엄마는 미요가 낙상사고에 대해 잘 배웠다고 했어요.",
        "textWordEA": 17
      }
    },
    {
      "srcTextID": "33288",
      "srcText": "미요와 봉이는 자진해서 낙상사고 지킴이가 되었어요. 창 밖으로 고개를 쑥 내민 친구나 창틀에 올라가는 친구를 발견하면 누구보다 먼저 뛰어가 말린답니다. 그리고 이렇게 이야기를 시작해요. “창문에 그렇게 매달리면 위험해! 얘들아 내가 낙상사고에 대해 지금부터 알려줄게!”",
      "srcPage": 22,
      "srcSentenceEA": 5,
      "srcWordEA": 37,
      "character": "미요,봉이,친구,창문",
      "setting": "창 밖,창틀",
      "action": "내민,올라가는,뛰어가 말린답니다,매달리면",
      "feeling": null,
      "causalRelationship": null,
      "outcomeResolution": null,
      "prediction": "얘들아 내가 낙상사고에 대해 지금부터 알려줄게!",
      "plotSummaryInfoCount": 1,
      "plotSummaryInfo": {
        "classification": "신체운동_건강",
        "readAge": "유아",
        "form": "long-form",
        "plotSummaryText": "낙상사고 지킴이가 된 미요와 봉이는 창 밖으로 고개를 내밀거나 창틀에 올라가는 친구를 뛰어가 말리면서 낙상사고 위험을 이야기해 줍니다.",
        "textWordEA": 18
      }
    },
    {
      "srcTextID": "33264",
      "srcText": "‘띵동 띵동’ 미요네 집으로 안전신문이 도착했어요. “이런, 매일 10명의 어린이가 낙상사고로 다친다는구나!” 거실에서 신문을 읽던 아빠가 혼잣말을 했어요.",
      "srcPage": 1,
      "srcSentenceEA": 4,
      "srcWordEA": 20,
      "character": "안전신문,어린이,신문,아빠",
      "setting": "미요네 집,거실",
      "action": "도착했어요,읽던,혼잣말을 했어요",
      "feeling": null,
      "causalRelationship": null,
      "outcomeResolution": null,
      "prediction": null,
      "plotSummaryInfoCount": 1,
      "plotSummaryInfo": {
        "classification": "신체운동_건강",
        "readAge": "유아",
        "form": "long-form",
        "plotSummaryText": "미요네 집 거실에서 아버지는 안전신문을 읽으며 매일 10명의 어린이가 낙상사고로 다친다고 혼잣말을 했어요.",
        "textWordEA": 13
      }
    },
    {
      "srcTextID": "33266",
      "srcText": "“낙상사고의 대부분은 가구를 통해 발생한단다. 침대, 의자, 책상, 소파와 같이 미요와 봉이가 평소에도 자주 올라가는 가구에서 낙상사고가 가장 많이 일어난다는구나. 손을 뻗어도 닿지 않는 높이에 있는 물건을 꺼낼 때에는 직접 가구를 이용해 올라가지 말고, 어른들에게 도움을 요청하렴!”",
      "srcPage": 3,
      "srcSentenceEA": 3,
      "srcWordEA": 39,
      "character": "침대,의자,책상,소파,미요,봉이,어른들",
      "setting": "물건을 꺼낼 때",
      "action": "올라가는,일어난다는구나,손을 뻗어도,닿지 않는,요청하렴,발생한단다",
      "feeling": null,
      "causalRelationship": null,
      "outcomeResolution": null,
      "prediction": null,
      "plotSummaryInfoCount": 1,
      "plotSummaryInfo": {
        "classification": "신체운동_건강",
        "readAge": "유아",
        "form": "short-form",
        "plotSummaryText": "대부분의 낙상사고는 침대나 의자, 책상 등 평소 자주 쓰는 가구를 통해 발생하니까 손이 닿지 않는 곳에 있는 물건을 꺼낼 때는 어른들에게 도움을 요청하라고 일러주었습니다.",
        "textWordEA": 24
      }
    },
    {
      "srcTextID": "33285",
      "srcText": "다음 날 저녁이 되었어요. 미요와 봉이는 베란다에 나와 퇴근하는 아빠를 기다렸어요. 저기 아래 아빠의 모습이 보였어요.",
      "srcPage": 18,
      "srcSentenceEA": 3,
      "srcWordEA": 18,
      "character": "미요,봉이,아빠",
      "setting": "다음 날 저녁,베란다",
      "action": "퇴근하는,기다렸어요,보였어요",
      "feeling": null,
      "causalRelationship": null,
      "outcomeResolution": null,
      "prediction": null,
      "plotSummaryInfoCount": 1,
      "plotSummaryInfo": {
        "classification": "신체운동_건강",
        "readAge": "유아",
        "form": "short-form",
        "plotSummaryText": "다음 날 저녁, 미요와 봉이는 베란다에서 퇴근하는 아빠를 기다렸어요.",
        "textWordEA": 9
      }
    },
    {
      "srcTextID": "33287",
      "srcText": "미요는 엄마와 함께 베란다에 나가 화분에 물을 주었어요. 물을 주니 화분의 꽃들이 고맙다고 방긋 웃는 것 같았어요. 봉이와 아빠도 킁킁 싱그러운 꽃향기를 맡았어요. ‘앞으로도 꼬옥 엄마, 아빠와 함께 베란다에 가야지’",
      "srcPage": 21,
      "srcSentenceEA": 4,
      "srcWordEA": 33,
      "character": "미요,엄마,화분,물,화분의 꽃,봉이,아빠",
      "setting": "베란다",
      "action": "나가,주었어요,맡았어요,가야지",
      "feeling": null,
      "causalRelationship": null,
      "outcomeResolution": null,
      "prediction": "앞으로도 꼬옥 엄마, 아빠와 함께 베란다에 가야지.",
      "plotSummaryInfoCount": 1,
      "plotSummaryInfo": {
        "classification": "신체운동_건강",
        "readAge": "유아",
        "form": "long-form",
        "plotSummaryText": "미요는 엄마와 함께 베란다 화분에 물을 주고 싱그러운 꽃향기를 맡으며 앞으로도 꼭 엄마, 아빠와 함께 베란다에 가야겠다고 생각했어요.",
        "textWordEA": 18
      }
    },
    {
      "srcTextID": "33271",
      "srcText": "의자 위에 올라가 선반 위에 있는 장난감을 잡으려다가 봉이가 떨어졌어요. 미요가 깜짝 놀라 소리쳤어요. “아빠! 봉이가 의자에서 떨어졌어요!”",
      "srcPage": 4,
      "srcSentenceEA": 3,
      "srcWordEA": 20,
      "character": "장난감,봉이,미요,아빠,의자,선반",
      "setting": null,
      "action": "올라가,잡으려다가,떨어졌어요,소리쳤어요",
      "feeling": "깜짝 놀라",
      "causalRelationship": null,
      "outcomeResolution": null,
      "prediction": "아빠! 봉이가 의자에서 떨어졌어요!",
      "plotSummaryInfoCount": 1,
      "plotSummaryInfo": {
        "classification": "신체운동_건강",
        "readAge": "유아",
        "form": "short-form",
        "plotSummaryText": "봉이가 의자에 올라가 선반 위 장난감을 잡으려다 떨어지자, 미요가 놀라 소리쳤어요.",
        "textWordEA": 11
      }
    },
    {
      "srcTextID": "33272",
      "srcText": "새들은 짹짹 차들은 빵빵 아이들은 꺄르르 창문 밖에서 요란스러운 소리가 들려왔어요. 무슨 소리일까 궁금해진 봉이와 미요는 고개를 쑥 내밀고 쳐다봤어요. 그 모습을 본 아빠는 깜짝 놀라서 말렸어요. “얘들아! 창문 밖으로 몸을 내밀면 떨어질 수도 있어.”",
      "srcPage": 6,
      "srcSentenceEA": 4,
      "srcWordEA": 38,
      "character": "새들,차들,아이들,봉이,미요,아빠",
      "setting": "창문 밖에서",
      "action": "들려왔어요,내밀고,쳐다봤어요,궁금해진,말렸어요,내밀면,떨어질 수도 있어",
      "feeling": "깜짝 놀라서",
      "causalRelationship": null,
      "outcomeResolution": null,
      "prediction": null,
      "plotSummaryInfoCount": 1,
      "plotSummaryInfo": {
        "classification": "신체운동_건강",
        "readAge": "유아",
        "form": "long-form",
        "plotSummaryText": "봉이와 미요가 창문 밖의 새와 차, 아이들 소리에 고개를 쑥 내밀고 쳐다보자, 아빠는 깜짝 놀라 떨어질 수도 있다며 주의를 주었어요.",
        "textWordEA": 20
      }
    },
    {
      "srcTextID": "33265",
      "srcText": "“아빠, 낙상사고가 뭐예요?” 미요의 동생 봉이가 물었어요. “낙상사고는 넘어지거나 높은 곳에서 떨어지는 사고를 말해. 우리 같이 자세히 알아보도록 할까?”",
      "srcPage": 2,
      "srcSentenceEA": 4,
      "srcWordEA": 21,
      "character": "미요의 동생,봉이,우리",
      "setting": "높은 곳",
      "action": "물었어요,넘어지거나,떨어지는",
      "feeling": null,
      "causalRelationship": null,
      "outcomeResolution": null,
      "prediction": "우리 같이 자세히 알아보도록 할까?",
      "plotSummaryInfoCount": 1,
      "plotSummaryInfo": {
        "classification": "신체운동_건강",
        "readAge": "유아",
        "form": "long-form",
        "plotSummaryText": "미요의 동생 봉이가 낙상사고가 뭔지 묻자, 아버지가 높은 곳에서 떨어지거나 넘어진다는 사고라고 설명해 주었어요.",
        "textWordEA": 14
      }
    },
    {
      "srcTextID": "33270",
      "srcText": "아빠는 황급히 달려와 봉이를 살펴보았어요 “다행히 크게 다치지 않았구나. 무릎이 살짝 까졌으니 연고를 바르면 금방 나을 거야.” “낙상사고는 이렇게 순식간에 벌어진단다. 다음부터는 손이 닿지 않는 곳에 있는 물건은 어른에게 꺼내 달라고 해야 한다.” “쿵!!”",
      "srcPage": 5,
      "srcSentenceEA": 5,
      "srcWordEA": 36,
      "character": "아빠,봉이,연고,어른,물건",
      "setting": "손이 닿지 않는 곳",
      "action": "달려와,살펴보았어요,다치지,까졌으니,바르면,나을거야,벌어진단다,꺼내 달라고,닿지 않는",
      "feeling": null,
      "causalRelationship": null,
      "outcomeResolution": null,
      "prediction": null,
      "plotSummaryInfoCount": 1,
      "plotSummaryInfo": {
        "classification": "신체운동_건강",
        "readAge": "유아",
        "form": "long-form",
        "plotSummaryText": "다행히 봉이는 무릎이 살짝 까졌고, 아빠는 앞으로 손이 닿지 않는 곳의 물건을 꺼낼 때는 어른에게 도움을 청하라고 일러주었어요.",
        "textWordEA": 18
      }
    },
    {
      "srcTextID": "33274",
      "srcText": "봉이와 미요는 밖이 보이는 창가 근처에서 놀고 있었어요. 방충망에 몸을 기대고 앉아 책을 읽기도 하고, 창 밖을 구경했어요. 엄마가 정색을 하고 말씀 하셨어요.",
      "srcPage": 7,
      "srcSentenceEA": 3,
      "srcWordEA": 25,
      "character": "봉이,미요,방충망,책,엄마",
      "setting": "창가 근처,창밖",
      "action": "놀고 있었어요,기대고 앉아,읽기도 하고,구경했어요,정색을 하고,말씀 하셨어요",
      "feeling": null,
      "causalRelationship": null,
      "outcomeResolution": null,
      "prediction": "엄마가 정색을 하고 말씀 하셨어요.",
      "plotSummaryInfoCount": 1,
      "plotSummaryInfo": {
        "classification": "신체운동_건강",
        "readAge": "유아",
        "form": "short-form",
        "plotSummaryText": "봉이와 미요가 창가 근처에서 놀며 방충망에 기대어 책을 읽고 밖을 구경하자 엄마가 정색을 하고 말했어요.",
        "textWordEA": 15
      }
    },
    {
      "srcTextID": "33273",
      "srcText": "“얘들아 창문이나 베란다 방충망에 기대면 위험해! 방충망은 너희들이 생각하는 것보다 약해. 방충망에 기대면 창 밖으로 떨어질 수도 있단다! 방충망의 역할은 모기와 곤충을 막아주는 것이지 기대고 노는 것이 아니야.”",
      "srcPage": 8,
      "srcSentenceEA": 4,
      "srcWordEA": 31,
      "character": "창문,베란다 방충망,모기,너희들",
      "setting": null,
      "action": "기대면,기대고 노는,위험해,약해,떨어질 수도,막아주는",
      "feeling": null,
      "causalRelationship": "방충망에 기대면 창 밖으로 떨어질 수도 있단다!",
      "outcomeResolution": null,
      "prediction": null,
      "plotSummaryInfoCount": 1,
      "plotSummaryInfo": {
        "classification": "신체운동_건강",
        "readAge": "유아",
        "form": "long-form",
        "plotSummaryText": "창문이나 베란다 방충망은 생각보다 약해서 기대면 창 밖으로 떨어질 수 있다고 일렀어요.",
        "textWordEA": 12
      }
    },
    {
      "srcTextID": "33276",
      "srcText": "창문 밖으로 떨어지면 어떻게 될까? 미요는 상상해 봤어요. 삐뽀 삐뽀 구급차가 달려오고 구급대원이 피투성이가 된 사람을 들것에 싣는 장면이 떠올랐어요.",
      "srcPage": 9,
      "srcSentenceEA": 3,
      "srcWordEA": 22,
      "character": "미요,구급차,구급대원,사람,들것",
      "setting": null,
      "action": "달려오고,싣는,상상해 봤어요,떠올랐어요,떨어지면",
      "feeling": null,
      "causalRelationship": null,
      "outcomeResolution": null,
      "prediction": null,
      "plotSummaryInfoCount": 1,
      "plotSummaryInfo": {
        "classification": "신체운동_건강",
        "readAge": "유아",
        "form": "short-form",
        "plotSummaryText": "미요는 창문 밖으로 떨어지면 어떨지 상상하다가 피투성이가 되어 들것에 실려 구급차에 옮겨지는 장면이 떠올랐어요.",
        "textWordEA": 14
      }
    },
    {
      "srcTextID": "33275",
      "srcText": "“여러분 뒤로 물러나주세요. 환자 이송합니다.” 구급대원의 황급한 목소리가 들리는 것 같았어요. ‘어휴 끔찍하다. 머리, 팔, 다리 안 다친 곳이 없네. 상상만으로도 엄청나게 무서운 걸.’ 미요는 창문 밖으로 몸을 내밀거나 방충망에 기대지 말아야겠다고 마음먹었어요. 아늑하고 편안한 집 안에도 의외로 위험한 것들이 많이 있어요. 블라인드 줄이 길게 늘어져 있으면 블라인드 줄을 가지고 놀다가",
      "srcPage": 10,
      "srcSentenceEA": 9,
      "srcWordEA": 59,
      "character": "환자,구급대원,미요,방충망,블라인드 줄",
      "setting": "집 안",
      "action": "물러나주세요,이송합니다,내밀거나,기대지,다친",
      "feeling": "무서운,끔찍하다",
      "causalRelationship": null,
      "outcomeResolution": null,
      "prediction": null,
      "plotSummaryInfoCount": 1,
      "plotSummaryInfo": {
        "classification": "신체운동_건강",
        "readAge": "유아",
        "form": "long-form",
        "plotSummaryText": "미요는 다치는 상상만으로도 무서워 창문 밖으로 몸을 내밀거나 방충망에 기대지 않기로 마음먹었어요.",
        "textWordEA": 12
      }
    },
    {
      "srcTextID": "33279",
      "srcText": "창문, 베란다 낙상사고 예방 매뉴얼 1. 의자, 침대 등 가구들을 창문 가까이 두지 않습니다. 가구를 딛고 올라가 창문에서 추락할 수 있습니다. 2. 추락의 위험이 있는 창문과 베란다에 난간이 설치되어 있는지, 설치상태는 견고한지 수시로 흔들어 보아 점검합니다.",
      "srcPage": 12,
      "srcSentenceEA": 5,
      "srcWordEA": 40,
      "character": "창문,베란다,의자,침대,난간",
      "setting": null,
      "action": "추락할 수 있습니다,흔들어 보아,점검합니다,딛고 올라가,설치되어,견고한지,두지 않습니다",
      "feeling": null,
      "causalRelationship": null,
      "outcomeResolution": null,
      "prediction": null,
      "plotSummaryInfoCount": 1,
      "plotSummaryInfo": {
        "classification": "신체운동_건강",
        "readAge": "유아",
        "form": "long-form",
        "plotSummaryText": "창문, 베란다 낙상사고를 예방하기 위해 의자 침대 등의 가구는 창문 가까이 두지 않고, 창문과 베란다에 설치된 난간이 견고한지 점검합니다.",
        "textWordEA": 19
      }
    },
    {
      "srcTextID": "33277",
      "srcText": "3. 가정 내 모든 창문에 낙상 방지용 난간을 설치합니다. 방충망은 어린이 낙상을 예방해주지 못합니다. 4. 블라인드 끈은 질식 사고를 일으킬 수 있습니다. 아이의 손이 닿지 않도록 높이 감아 올려 놓도록 합니다. 5. 베란다에서는 가급적 어린이 혼자 놀지 않도록 합니다.",
      "srcPage": 13,
      "srcSentenceEA": 7,
      "srcWordEA": 46,
      "character": "창문,방충망,어린이,블라인드 끈,아이",
      "setting": "베란다",
      "action": "설치합니다,감아올려 놓도록,놀지,닿지 않도록,예방해주지",
      "feeling": null,
      "causalRelationship": null,
      "outcomeResolution": null,
      "prediction": null,
      "plotSummaryInfoCount": 1,
      "plotSummaryInfo": {
        "classification": "신체운동_건강",
        "readAge": "유아",
        "form": "long-form",
        "plotSummaryText": "가정 내 창문에 낙상 방지용 난간을 설치하고, 질식 사고의 위함이 있는 블라인드 끈을 높이 감아올려 놓고, 어린이가 혼자 베란다에서 놀지 않게 합니다.",
        "textWordEA": 22
      }
    },
    {
      "srcTextID": "33280",
      "srcText": "베란다도 위험한 곳 중의 하나랍니다. 아빠가 안전신문에 나온 베란다 난간에 관한 기준을 읽어 주셨어요. “높이가 1미터 20센티미터 이상이면 우리 봉이가 기어 올라갈 염려가 없겠다.” 하지만 베란다 난간이 기준에 맞게 설치되어 있어도 난간에서 위험한 행동을 하면 사고가 날 수 있어요.",
      "srcPage": 14,
      "srcSentenceEA": 4,
      "srcWordEA": 41,
      "character": "아빠,안전신문,베란다 난간,봉이",
      "setting": "베란다",
      "action": "읽어 주셨어요,나온,올라갈,설치되어,사고가 날 수",
      "feeling": null,
      "causalRelationship": null,
      "outcomeResolution": null,
      "prediction": null,
      "plotSummaryInfoCount": 1,
      "plotSummaryInfo": {
        "classification": "신체운동_건강",
        "readAge": "유아",
        "form": "long-form",
        "plotSummaryText": "베란다는 위험한 곳으로, 난간이 높이 1미터 20센티미터 기준에 맞게 설치되어 있어도 위험한 행동으로 사고가 날 수 있어요.",
        "textWordEA": 17
      }
    },
    {
      "srcTextID": "33283",
      "srcText": "엄마가 깜짝 놀라서 뛰어 내려갔어요. 살짝 스쳐서 다행이었지만 큰일날 뻔했어요. 뒤따라 내려온 미요도 사과했어요.",
      "srcPage": 17,
      "srcSentenceEA": 3,
      "srcWordEA": 16,
      "character": "엄마,미요",
      "setting": null,
      "action": "뛰어 내려갔어요,뒤따라 내려온,사과했어요",
      "feeling": "깜짝 놀라서",
      "causalRelationship": null,
      "outcomeResolution": null,
      "prediction": null,
      "plotSummaryInfoCount": 1,
      "plotSummaryInfo": {
        "classification": "신체운동_건강",
        "readAge": "유아",
        "form": "short-form",
        "plotSummaryText": "살짝 스쳐 다행이었지만 엄마와 미요는 깜짝 놀라 뛰어 내려가 사과했어요.",
        "textWordEA": 10
      }
    },
    {
      "srcTextID": "33284",
      "srcText": "“아빠, 여기 보세요!” 미요와 봉이는 베란다 잠금장치를 열고 아빠를 부르려고 했어요. “얘들아, 위험해!” “너희들 손으로 잠금장치를 풀어서 창문을 자주 열고 닫다 보면 무시무시한 낙상사고가 일어날 수 있어.” 엄마가 뒤에서 주의를 주었어요.",
      "srcPage": 19,
      "srcSentenceEA": 5,
      "srcWordEA": 33,
      "character": "아빠,미요,봉이,베란다 잠금장치,창문,엄마",
      "setting": null,
      "action": "열고,부르려고 했어요,풀어서,열고 닫다 보면,주의를 주었어요",
      "feeling": "무시무시한",
      "causalRelationship": null,
      "outcomeResolution": null,
      "prediction": null,
      "plotSummaryInfoCount": 1,
      "plotSummaryInfo": {
        "classification": "신체운동_건강",
        "readAge": "유아",
        "form": "long-form",
        "plotSummaryText": "미요와 봉이가 베란다 잠금장치를 열고 아빠를 부르려 하자 엄마는 무시무시한 낙상사고가 날 수 있다고 주의를 주었어요.",
        "textWordEA": 16
      }
    }
  ]
}