{
  "title": "겨울 천사의 계획표",
  "author": "이혜다",
  "illustrator": "최재훈",
  "isbn": "9788961911498",
  "readAge": "초등_고학년",
  "publishedYear": 2008,
  "publisher": "한얼교육",
  "classification": "의사소통",
  "paragraphInfoCount": 16,
  "paragraphInfo": [
    {
      "srcTextID": "12405",
      "srcText": "그때부터 겨울 천사는 슬슬 걱정이 되었어요. ‘그동안 내가 너무 게을렀나?’ 겨울 천사는 여름 천사가 일하는 방으로 찾아갔어요. ",
      "srcPage": 10,
      "srcSentenceEA": 3,
      "srcWordEA": 19
    },
    {
      "srcTextID": "12409",
      "srcText": "찬 바람을 다 만들고도 시간이 남아 겨울 색깔을 만드는 일까지 모두 마쳤는데, 아직 저녁 먹을 시간도 안 되었네요. “여름 천사의 말대로 정말 시간이 남았어! 내일 계획표에는 그림도 그리고, 노래도 부르는 시간을 넣어야지.” 겨울 천사는 이렇게 하루하루를 계획한 대로 알뜰하게 보냈지요.",
      "srcPage": 14,
      "srcSentenceEA": 4,
      "srcWordEA": 42
    },
    {
      "srcTextID": "12396",
      "srcText": "여기는 겨울 천사가 일하는 방이에요. 겨울 천사는 오늘도 늦잠을 자고 있네요. 겨울 준비는 하나도 하지 않고요.",
      "srcPage": 2,
      "srcSentenceEA": 3,
      "srcWordEA": 18
    },
    {
      "srcTextID": "12395",
      "srcText": "그 모습을 본 계절의 왕이 버럭 소리쳤어요. “이 게으른 겨울 천사야! 어서 일어나지 못할까!” 겨울 천사는 그제야 부스스 일어나 눈을 떴어요.",
      "srcPage": 3,
      "srcSentenceEA": 4,
      "srcWordEA": 23
    },
    {
      "srcTextID": "12406",
      "srcText": "일을 마치고, 여름 천사는 겨울 천사와 함께 얼음차를 마셨어요. “곧 겨울이 올 텐데 준비는 다 됐니?” 겨울 천사는 기어들어 가는 목소리로 대답했어요. “아직.” “해야 할 일들을 모두 적어서 하루 계획표를 만들어 봐. 그러면 할 일을 다 하고도 시간이 남을 거야.”",
      "srcPage": 12,
      "srcSentenceEA": 5,
      "srcWordEA": 42
    },
    {
      "srcTextID": "12410",
      "srcText": "드디어 겨울이 왔어요! 겨울 천사는 흰 눈과 찬 바람과 겨울 색깔들을 구름 아래로 열심히 뿌려 주었어요. 세상 사람들은 겨울 천사가 만들어 준 멋지고 아름다운 계절 덕분에 모두 모두 행복했어요.",
      "srcPage": 15,
      "srcSentenceEA": 3,
      "srcWordEA": 31
    },
    {
      "srcTextID": "12400",
      "srcText": "어어? 서두르다 보니 눈 반죽은 질척질척해지고, 찬 바람은 활활 불길이 되어 버렸네요. 어느새 다시 나타난 계절의 왕이 말했어요. 하루하루 미루다 한꺼번에 하려니 그렇지.",
      "srcPage": 5,
      "srcSentenceEA": 3,
      "srcWordEA": 26
    },
    {
      "srcTextID": "12397",
      "srcText": "계절의 왕이 돌아가고 나자, 겨울 천사는 투덜거렸어요. “무슨 걱정이람. 이제부터 해도 충분해.” 천사는 흰 가루를 한 자루나 풀어 눈을 반죽하기 시작했어요.",
      "srcPage": 4,
      "srcSentenceEA": 4,
      "srcWordEA": 23
    },
    {
      "srcTextID": "12402",
      "srcText": "다음 날 아침, 겨울 천사는 봄 천사가 일하는 방으로 찾아갔어요. 봄이 되려면 아직 멀었는데도 봄 천사는 일찍부터 일어나 일을 하고 있었지요. “미안. 지금 바쁘니까 조금만 기다려 줄래?”",
      "srcPage": 7,
      "srcSentenceEA": 3,
      "srcWordEA": 29
    },
    {
      "srcTextID": "12407",
      "srcText": "겨울 천사는 자기 방으로 돌아와 쓱싹쓱싹, 싹둑싹둑. 적고, 자르고, 붙이며, 열심히 계획표를 만들었어요. 다음 날 아침, 계획대로 일찍 일어난 겨울 천사는 눈을 만들기 시작했어요.",
      "srcPage": 13,
      "srcSentenceEA": 3,
      "srcWordEA": 26
    },
    {
      "srcTextID": "12394",
      "srcText": "세상이 온통 고운 단풍으로 물든 가을날이에요. 가을 천사가 색색의 요술 물감을 산과 들에 조르륵 조르륵 뿌리고 있어요. 솔솔솔 시원한 바람도 불어 보내고요. 이 모든 것은 가을 천사가 한 해 동안 열심히 준비한 것이에요.",
      "srcPage": 1,
      "srcSentenceEA": 4,
      "srcWordEA": 36
    },
    {
      "srcTextID": "12399",
      "srcText": "다른 천사들이 하루를 어떻게 보내는지 배우도록 해라. 겨울 천사는 입을 삐죽 내밀었어요. 하지만 왕의 명령이니 그렇게 할 수밖에요.",
      "srcPage": 6,
      "srcSentenceEA": 3,
      "srcWordEA": 20
    },
    {
      "srcTextID": "12401",
      "srcText": "겨울 천사는 구석에 앉아 봄 천사를 지켜보았어요. 봄 천사는 봄비의 재료를 꼼꼼히 계산해 그릇에 부었어요. “지금 재료를 준비해 놔야 점심 때 봄비를 끓일 수 있거든.”",
      "srcPage": 8,
      "srcSentenceEA": 3,
      "srcWordEA": 26
    },
    {
      "srcTextID": "12403",
      "srcText": "일을 마치고, 봄 천사는 겨울 천사와 함께 새싹차를 마셨어요. “곧 겨울이 될 텐데 준비는 다 했니?” “아직. 이제부터 준비하려고.” “아직이라고? 그럼, 계획표는 짜 놓은 거야?” 겨울 천사는 아까보다 더 작은 소리로 대답했지요. “그것도 아직.” 봄 천사는 딱하다는 듯 겨울 천사를 쳐다보았어요.",
      "srcPage": 9,
      "srcSentenceEA": 7,
      "srcWordEA": 45
    },
    {
      "srcTextID": "12404",
      "srcText": "“미안. 곧 끝나니까 조금만 기다려 줄래?” 여름 천사는 붉은 덩어리를 반죽하며 말했어요. “아침에 모은 열로 만든 해님인데, 오늘 밤까지 커다랗게 구워 놔야 하거든.”",
      "srcPage": 11,
      "srcSentenceEA": 3,
      "srcWordEA": 25
    },
    {
      "srcTextID": "146970",
      "srcText": "일하는 방으로 돌아온 겨울 천사는 먼저 해야 할 일들을 적어 하루의 계획표를 만들었어요. 계획대로 하니까 일이 척척 진행되었지요. 오히려 계획한 일들을 다 하고도 시간이 남아 마음 편히 쉴 수도 있었어요. 드디어 겨울이 왔어요! 겨울 천사는 그동안 준비한 눈과 찬 바람, 겨울 색깔들을 구름 아래로 골고루 뿌려 주었어요. 만약 겨울 천사가 이처럼 시간 관리를 잘하지 못했다면 어떻게 되었을까요? 세상 사람들은 하얀 눈이 내리는 아름다운 겨울을 절대 만날 수 없었겠지요?",
      "srcPage": 16,
      "srcSentenceEA": 7,
      "srcWordEA": 74
    }
  ]
}