{
  "title": "복 타러 간 총각",
  "author": "이혜옥, 하늘땅",
  "illustrator": "김혜란",
  "isbn": "9791165957902",
  "readAge": "초등_고학년",
  "publishedYear": 2022,
  "publisher": "아람북스",
  "classification": "의사소통",
  "paragraphInfoCount": 18,
  "paragraphInfo": [
    {
      "srcTextID": "8435",
      "srcText": "“아야, 저그 서천 새앗골에 가믄 복 타는 곳이 있다는디 거그 가서 복이라도 좀 타 와야 쓰지 않것냐?” 어머니 말에 총각은 맥을 탁 놓고 고개만 끄덕끄덕하더니, 별수가 없다 싶은지 주섬주섬 짐을 쌌어요. “엄니, 복 타러 다녀올라요.”",
      "srcPage": 1,
      "srcSentenceEA": 3,
      "srcWordEA": 36
    },
    {
      "srcTextID": "8436",
      "srcText": "그러고는 어머니에게 큰절을 하고 집을 나섰어요. 서천 새앗골이 어디에 있는지, 어디로 가야 하는지도 모르는 채 총각은 하염없이 걷기만 했어요. 한참을 가다가 고개를 넘어서는데 아리따운 처녀가 불 꺼진 청사초롱을 걸고 있었어요.",
      "srcPage": 2,
      "srcSentenceEA": 3,
      "srcWordEA": 32
    },
    {
      "srcTextID": "8439",
      "srcText": "그러자 처녀가 총각을 향해 말했어요. “서천 새앗골에 가게 되면, 나와 혼인할 배필이 누구인지 꼭 좀 알아다 주세요.” 총각은 쉬지 않고 걷고 걸어 산봉우리 세 개를 넘었어요.",
      "srcPage": 4,
      "srcSentenceEA": 3,
      "srcWordEA": 27
    },
    {
      "srcTextID": "8438",
      "srcText": "그러더니 노인들이 한소리로 부탁했어요. “서천 새앗골에 가게 되면, 누가 장기에서 이기는지 좀 알아다 주게.” 총각은 힘이 쪽 빠지도록 걸어 산봉우리 세 개를 더 넘었어요. ",
      "srcPage": 6,
      "srcSentenceEA": 3,
      "srcWordEA": 25
    },
    {
      "srcTextID": "8441",
      "srcText": "잠깐 숨을 돌리는데, 나무에 물을 주는 아이가 보였어요. “아야, 서천 새앗골에 복 타러 가는디, 어디로 간다냐?” “저쪽으로 가세요. 이제 여섯 봉우리 넘었으니 네 봉우리 남았네요.” 총각은 기운을 차리고 다시 걸음을 옮겼어요.",
      "srcPage": 7,
      "srcSentenceEA": 5,
      "srcWordEA": 33
    },
    {
      "srcTextID": "8434",
      "srcText": "“서천 새앗골에 복 타러 가려는디 어디로 가야 하오?” “높고 험한 저 봉우리 열 개 너머에 있습니다.” 총각은 첩첩이 두른 산을 보고 한숨을 푹 내쉬더니 발걸음을 옮겼어요.",
      "srcPage": 3,
      "srcSentenceEA": 3,
      "srcWordEA": 27
    },
    {
      "srcTextID": "8447",
      "srcText": "총각은 처녀를 데리고 어머니가 기다리는 집으로 갔어요. “엄니, 엄니 아들이 복 타 가지고 왔소!” 아들의 말에 어머니는 덩실덩실 춤을 추었어요. 그 뒤 총각은 여의주를 나라에 바쳐 높은 벼슬을 얻고, 금덩이와 장기판을 팔아 큰돈을 벌어 곱디고운 처녀와 혼인도 했어요. 그리고 어머니를 모시며 오래오래 효도하며 살았어요.",
      "srcPage": 9,
      "srcSentenceEA": 5,
      "srcWordEA": 47
    },
    {
      "srcTextID": "8457",
      "srcText": "총각은 용이 주고 간 여의주를 받아 들고 다시 걸음을 옮겼어요. 세 봉우리를 넘자, 아이가 반기며 달려왔어요. “내가 심은 나무에 꽃이 피지 않는 까닭이 무엇이라 하나요?”",
      "srcPage": 13,
      "srcSentenceEA": 3,
      "srcWordEA": 26
    },
    {
      "srcTextID": "8453",
      "srcText": "“나무 아래 박혀 있는 금덩이를 빼내라 하데?” 아이가 땅을 파서 호박만 한 금덩이를 빼내자, 가지가지마다 꽃봉오리가 맺히더니 탐스러운 꽃이 활짝 피었어요. 총각은 아이가 준 금덩이를 받아 들고 발길을 재촉했어요.",
      "srcPage": 14,
      "srcSentenceEA": 3,
      "srcWordEA": 31
    },
    {
      "srcTextID": "8452",
      "srcText": "“그래? 결판도 나지 않을 장기를 뭐하러 두나?” 노인들은 툭툭 털며 자리에서 일어났어요. 총각은 장기판을 받아 들고 남은 세 봉우리를 넘었어요.",
      "srcPage": 15,
      "srcSentenceEA": 3,
      "srcWordEA": 23
    },
    {
      "srcTextID": "8458",
      "srcText": "총각을 보자 처녀는 버선발로 달려 나와 반겼어요. “나의 배필은 누구라 합니까?” “처음 만난 사내라 하였소.”",
      "srcPage": 16,
      "srcSentenceEA": 3,
      "srcWordEA": 15
    },
    {
      "srcTextID": "8446",
      "srcText": "총각은 이무기의 긴 수염을 잡고 늘어졌어요. “아이고야, 잘 만났소. 서천 새앗골에 복 타러 가야 하는디 제발 나 좀 데려다주소.”",
      "srcPage": 10,
      "srcSentenceEA": 3,
      "srcWordEA": 20
    },
    {
      "srcTextID": "8445",
      "srcText": "총각은 그러겠다고 약속하고 이무기 등에 올라탔어요. 순식간에 이무기는 복숭아꽃 가득한 언덕 위에 총각을 내려놓았어요. “여기가 서천 새앗골이오.”",
      "srcPage": 11,
      "srcSentenceEA": 3,
      "srcWordEA": 18
    },
    {
      "srcTextID": "8448",
      "srcText": "“지지리도 복이 없어 복 타러 왔습지요.” 노인은 껄껄 웃더니, “복은 이미 코앞에 와 있으니 그만 가 보게나!” 하고 돌아섰어요. 총각은 돌아서는 노인의 옷자락을 붙잡았어요.",
      "srcPage": 12,
      "srcSentenceEA": 5,
      "srcWordEA": 27
    },
    {
      "srcTextID": "8454",
      "srcText": "“처음 만난 사내요? 그건 당신이잖아요!” 처녀는 볼이 발갛게 달아올랐어요. 처녀의 말에 총각은 깜짝 놀랐어요. ",
      "srcPage": 17,
      "srcSentenceEA": 4,
      "srcWordEA": 17
    },
    {
      "srcTextID": "8440",
      "srcText": "잠깐 숨을 고르는데, 장기 두는 노인들이 보였어요. “어르신, 서천 새앗골에 복 타러 가려는디 어디로 가야 합니까?” “저쪽으로 가게나. 이제 세 봉우리 넘었으니 일곱 봉우리 남았네!”",
      "srcPage": 5,
      "srcSentenceEA": 4,
      "srcWordEA": 26
    },
    {
      "srcTextID": "8442",
      "srcText": "그때 아이가 발을 동동 구르며 소리쳤어요. “참, 참, 서천 새앗골에 가게 되면, 이 나무에서는 왜 꽃이 피지 않는지 좀 알아다 주세요.” 총각은 젖 먹던 힘까지 다해 봉우리 세 개를 더 넘었어요.",
      "srcPage": 8,
      "srcSentenceEA": 3,
      "srcWordEA": 32
    },
    {
      "srcTextID": "8455",
      "srcText": "그러고는 그동안의 일들을 떠올리며 처녀의 손을 꼬옥 잡았어요. “이제야 알것소. 복은 이미 코앞에 와 있다는 말이 무슨 뜻인지. 어서 가소. 당신도 소중한 내 복이오.”",
      "srcPage": 18,
      "srcSentenceEA": 5,
      "srcWordEA": 27
    }
  ]
}