{
  "title": "여우 누이",
  "author": "박창석",
  "illustrator": "박문흐",
  "isbn": "9791128213496",
  "readAge": "초등_고학년",
  "publishedYear": 2018,
  "publisher": "아람북스",
  "classification": "의사소통",
  "paragraphInfoCount": 27,
  "paragraphInfo": [
    {
      "srcTextID": "7032",
      "srcText": "휘영청 달 밝은 밤에 부부는 삼신할머니께 정성껏 기도를 올렸어요. “부디 어여쁜 딸 하나만 점지해 주십시오.” 부부에게는 아들이 셋 있었지만, 예쁜 딸을 낳고 싶었어요. ",
      "srcPage": 1,
      "srcSentenceEA": 3,
      "srcWordEA": 24
    },
    {
      "srcTextID": "7033",
      "srcText": "“아가야, 어디가 아프니?” 부부는 딸아이 걱정에 한숨이 끊이질 않았어요. “누이동생아, 앵두 좀 먹으렴.” ",
      "srcPage": 4,
      "srcSentenceEA": 3,
      "srcWordEA": 14
    },
    {
      "srcTextID": "7035",
      "srcText": "오빠들이 뒤뜰에서 먹음직스런 앵두를 따왔어요. “산딸기가 더 맛있을 거야.” 이번에는 빨갛게 잘 익은 딸기를 따왔지요. ",
      "srcPage": 5,
      "srcSentenceEA": 3,
      "srcWordEA": 16
    },
    {
      "srcTextID": "7036",
      "srcText": "이번에는 빨갛게 잘 익은 딸기를 따왔지요. “싫어, 다 싫어. 아무것도 안 먹을 거야.” 세 형제는 귀여운 누이동생이 심통을 부리자 안절부절 어쩔 줄 몰랐어요. ",
      "srcPage": 6,
      "srcSentenceEA": 4,
      "srcWordEA": 25
    },
    {
      "srcTextID": "7037",
      "srcText": "그런데 어느 날부터 집 안에 이상한 일이 생겼어요. 가축들이 이유 없이 하나둘 죽기 시작했지요. 한 마리, 두 마리, 세 마리, 네 마리. 아침마다 하인들은 죽은 가축의 숫자를 세느라 바빴어요. ",
      "srcPage": 7,
      "srcSentenceEA": 4,
      "srcWordEA": 32
    },
    {
      "srcTextID": "7041",
      "srcText": "아버지는 큰아들을 불러 외양간을 지키라고 했어요. 하지만 밤이 깊어지자 스르르 잠에 빠져들고 말았지요. 다음 날 어김없이 소 한 마리가 또 죽었어요. ",
      "srcPage": 8,
      "srcSentenceEA": 3,
      "srcWordEA": 23
    },
    {
      "srcTextID": "7046",
      "srcText": "부모님과 형님들은 어떻게 지내고 계실까?’ 셋째 아들은 해가 갈수록 가족들이 걱정되었어요. 참다못한 셋째 아들은 스님께 집에 다녀오겠다고 말씀드렸어요. 스님은 셋째 아들에게 호리병 세 개를 주며 말했어요. “이것을 잘 간직하고 있다가 아주 급할 때 쓰도록 해라!” ",
      "srcPage": 17,
      "srcSentenceEA": 5,
      "srcWordEA": 38
    },
    {
      "srcTextID": "7048",
      "srcText": " “어머, 오라버니! 어디 갔다 이제 오세요? 부모님은 오라버니를 기다리시다 돌아가시고, 다른 오라버니들은 셋째 오라버니를 찾으러 떠났어요.” 갑자기 누이동생이 불쑥 나타나서 셋째 아들을 맞았어요. ",
      "srcPage": 19,
      "srcSentenceEA": 4,
      "srcWordEA": 26
    },
    {
      "srcTextID": "7051",
      "srcText": "누이동생이 움직일 때마다 치맛자락 사이로 꼬리가 살랑거렸지요. 누이동생은 저녁밥을 지어 주겠다며 셋째 아들을 방 안으로 밀어 넣었어요. 셋째 아들은 이때다 싶어 살금살금 밖으로 나왔어요. ",
      "srcPage": 20,
      "srcSentenceEA": 3,
      "srcWordEA": 26
    },
    {
      "srcTextID": "7053",
      "srcText": "돌아가신 부모님과 형님들 생각에 눈물을 훔치며 셋째 아들은 쉬지 않고 내달렸어요. “재주 홀딱 넘어 말 잡아먹고, 재주 홀딱 넘어 오라버니 잡아먹고.\" 그때 셋째 아들의 등 뒤에서 누이동생의 노랫소리가 들려왔어요. ",
      "srcPage": 23,
      "srcSentenceEA": 3,
      "srcWordEA": 30
    },
    {
      "srcTextID": "7056",
      "srcText": "셋째 아들이 겨우 한숨을 돌리는데 누이의 노랫소리가 또 들려왔어요. 그래서 이번엔 파란 호리병을 던졌지요. 순간 거센 파도가 물보라를 일으키며 여우를 휩쓸어 갔어요. ",
      "srcPage": 26,
      "srcSentenceEA": 3,
      "srcWordEA": 24
    },
    {
      "srcTextID": "7034",
      "srcText": "부부는 늦게 얻은 딸을 온갖 정성을 들여 키웠어요. 그런데 어쩐 일인지 딸은 나날이 야위어 갔어요. “아가야, 무얼 먹고 싶으냐?” ",
      "srcPage": 3,
      "srcSentenceEA": 3,
      "srcWordEA": 20
    },
    {
      "srcTextID": "7042",
      "srcText": "아버지는 셋째 아들에게도 외양간을 지키라고 했어요. 셋째 아들은 마음을 단단히 먹고 외양간에 몸을 숨겼지요. 풀벌레 소리도 잠잠한 깊은 밤, 누이동생이 사박사박 마당을 지나 외양간으로 들어왔어요. ",
      "srcPage": 12,
      "srcSentenceEA": 3,
      "srcWordEA": 27
    },
    {
      "srcTextID": "7045",
      "srcText": "그러고는 소의 간을 쑤욱 빼 먹고 순식간에 사라졌어요. 화들짝 놀란 셋째 아들은 마른침을 꿀꺽 삼켰어요. 다음 날 아버지는 셋째 아들을 불렀어요. ",
      "srcPage": 13,
      "srcSentenceEA": 3,
      "srcWordEA": 23
    },
    {
      "srcTextID": "7043",
      "srcText": "“셋째야, 지난밤에 무엇을 보았느냐?” “누이동생이 소의 간을 빼 먹는 것을 보았습니다.” 순간 아버지의 얼굴이 백지장처럼 창백해졌어요. ",
      "srcPage": 14,
      "srcSentenceEA": 3,
      "srcWordEA": 17
    },
    {
      "srcTextID": "7049",
      "srcText": "집에 도착한 셋째 아들은 깜짝 놀랐어요. 왜냐하면 마당에는 잡초가 무성하고 부서진 기와 조각이 여기저기 널려 있었기 때문이지요. 그리고 부모님과 형님들의 모습도 보이지 않았어요. ",
      "srcPage": 18,
      "srcSentenceEA": 3,
      "srcWordEA": 25
    },
    {
      "srcTextID": "7054",
      "srcText": "누이동생이 어찌나 빨리 뒤쫓아 오는지 금방 잡힐 것만 같았지요. 누이동생이 말 꼬리를 잡을 듯 말 듯하자, 셋째 아들은 녹색 호리병을 힘껏 던졌어요. 그러자 뾰족한 가시넝쿨이 사방에서 뻗어 나오더니 커다란 덤불을 만들었지요. 가시넝쿨에 휘감긴 누이동생이 발버둥을 치자, 꼬리 아홉 달린 여우로 모습이 변했어요. ",
      "srcPage": 24,
      "srcSentenceEA": 4,
      "srcWordEA": 45
    },
    {
      "srcTextID": "7058",
      "srcText": "셋째 아들은 있는 힘을 다해 또 한참을 달렸어요. 그런데 여우는 아까보다 더 빨리 뒤쫓아 왔어요. “재주 홀딱 넘어 말 잡아먹고, 재주 홀딱 넘어 오라버니 잡아먹고.” ",
      "srcPage": 27,
      "srcSentenceEA": 3,
      "srcWordEA": 26
    },
    {
      "srcTextID": "7057",
      "srcText": "셋째 아들은 머리카락이 쭈뼛 서고 등골이 오싹해졌지요. 그래서 마지막 남은 빨간 호리병을 힘껏 던졌어요. 호리병이 땅에 떨어지자마자, 주위는 온통 불바다가 되었어요. 여우는 결국 불에 타 죽었어요. 멀리서 그 모습을 지켜보던 셋째 아들은 가족을 모두 잃은 슬픔에 주르륵 눈물을 흘렸어요. ",
      "srcPage": 28,
      "srcSentenceEA": 5,
      "srcWordEA": 43
    },
    {
      "srcTextID": "7039",
      "srcText": "“첫째야, 지난밤에 무엇을 보았느냐?” “밤새 아무것도 보지 못했습니다.” 큰아들은 아버지에게 혼날까 봐 거짓말을 했어요. ",
      "srcPage": 9,
      "srcSentenceEA": 3,
      "srcWordEA": 15
    },
    {
      "srcTextID": "7040",
      "srcText": "아버지는 둘째 아들을 불러 외양간을 지키라고 했어요. 그러나 둘째 아들도 자정이 넘어서자 눈꺼풀이 축축 내려앉아 잠에 빠져들고 말았어요. 다음 날 어김없이 또 한 마리가 죽었어요. ",
      "srcPage": 10,
      "srcSentenceEA": 3,
      "srcWordEA": 27
    },
    {
      "srcTextID": "7038",
      "srcText": "“둘째야, 지난밤에 무엇을 보았느냐?” “밤새 아무것도 보지 못했습니다.” 둘째 아들도 아버지에게 혼날까 봐 거짓말을 했어요.  ",
      "srcPage": 11,
      "srcSentenceEA": 3,
      "srcWordEA": 16
    },
    {
      "srcTextID": "7047",
      "srcText": "쫓겨난 셋째 아들은 온종일 걸어 깊은 산속 조용한 절에 이르렀어요. 다행히 그곳에서 스님을 모시고 공부를 하게 되었지요. 곱디고운 진달래가 피고 지고, 피고 지고, 또 피고 졌어요. ",
      "srcPage": 16,
      "srcSentenceEA": 3,
      "srcWordEA": 28
    },
    {
      "srcTextID": "7031",
      "srcText": "“예쁜 딸을 갖고 싶다고?” 멀리서 부부를 지켜보던 여우의 눈이 달빛에 반짝 빛났어요. 열 달 후 부부는 그토록 기다리던 예쁜 딸을 낳았지요. ",
      "srcPage": 2,
      "srcSentenceEA": 3,
      "srcWordEA": 23
    },
    {
      "srcTextID": "7044",
      "srcText": "“오라비가 되어서 누이동생을 시샘하는 것도 모자라서 거짓말까지 하는구나. 꼴도 보기 싫으니 당장 집에서 나가거라.” 아버지는 불같이 화를 내며 셋째 아들을 집에서 쫓아냈어요. ",
      "srcPage": 15,
      "srcSentenceEA": 3,
      "srcWordEA": 24
    },
    {
      "srcTextID": "7050",
      "srcText": "“오라버니, 그렇게 몰래 가시면 어떡해요?” 도망가려던 셋째 아들을 발견한 누이동생은 셋째 아들의 손과 자신의 손에 실을 묶고 밖으로 나갔어요. 누이동생의 발소리가 점점 멀어지자, 셋째 아들은 얼른 실을 풀어 문고리에 묶고는 집을 빠져나왔어요. ",
      "srcPage": 21,
      "srcSentenceEA": 3,
      "srcWordEA": 34
    },
    {
      "srcTextID": "7052",
      "srcText": "텃밭에서는 누이동생의 노랫소리가 들려왔어요. “해야 해야, 빨리 져라. 해가 져서 밤이 되면 오라버니 잡아먹지.” ",
      "srcPage": 22,
      "srcSentenceEA": 3,
      "srcWordEA": 15
    }
  ]
}