{
  "title": "이상한 나라의 앨리스 ",
  "author": "루이스 캐럴",
  "illustrator": "김현정",
  "isbn": "9791165955441",
  "readAge": "초등_고학년",
  "publishedYear": 2022,
  "publisher": "아람북스",
  "classification": "의사소통",
  "paragraphInfoCount": 20,
  "paragraphInfo": [
    {
      "srcTextID": "112223",
      "srcText": "앨리스가 작은 문을 열어 보니 작은 통로가 있었고, 통로 너머에는 아름다운 뜰이 보였어요. 앨리스는 그 방에서 빨리 나가 뜰을 거닐고 싶었어요. 그러나 문이 너무 작아서 머리도 내밀 수 없었어요.",
      "srcPage": 8,
      "srcSentenceEA": 3,
      "srcWordEA": 31
    },
    {
      "srcTextID": "112213",
      "srcText": "‘어, 토끼가 말을 하잖아.’ 앨리스는 신기해하며 토끼의 뒤를 따라갔어요. 토끼는 산울타리 밑에 있는 토끼 굴로 쏙 들어갔어요. 앨리스도 토끼를 따라 굴속으로 들어갔어요.",
      "srcPage": 3,
      "srcSentenceEA": 4,
      "srcWordEA": 25
    },
    {
      "srcTextID": "112214",
      "srcText": "“으악!” 토끼 굴은 우물처럼 무척 깊었어요. 앨리스는 아래로 아래로 떨어져 내려갔어요. 앨리스는 주위를 둘러보았어요. 하지만 너무 어두워서 아무것도 보이지 않았어요.",
      "srcPage": 4,
      "srcSentenceEA": 4,
      "srcWordEA": 24
    },
    {
      "srcTextID": "112222",
      "srcText": "끝없이 아래로 향하던 앨리스는 나뭇가지와 나뭇잎 더미 위에 쿵! 하고 떨어졌어요. 앞을 보니 또 하나의 긴 굴이 있었고, 흰토끼가 그곳으로 달려가는 것이 보였어요. 앨리스는 재빨리 그 뒤를 쫓아갔지만, 흰토끼는 이미 보이지 않았어요.",
      "srcPage": 5,
      "srcSentenceEA": 4,
      "srcWordEA": 35
    },
    {
      "srcTextID": "112226",
      "srcText": "어느새 앨리스는 이상한 방 안에 들어서 있었어요. 그 방에는 크고 작은 문들이 있었지만, 모두 잠겨 있었어요. 앨리스는 방 안을 이리저리 돌아다니다가 탁자 위에 놓인 황금 열쇠 하나를 찾았어요.",
      "srcPage": 6,
      "srcSentenceEA": 3,
      "srcWordEA": 30
    },
    {
      "srcTextID": "112246",
      "srcText": "앨리스는 포기하지 않고 주위를 둘러보았어요. 그런데 이게 웬일이에요! 탁자 아래 아까는 없었던 유리 상자가 하나 있는 거예요.",
      "srcPage": 14,
      "srcSentenceEA": 3,
      "srcWordEA": 19
    },
    {
      "srcTextID": "112248",
      "srcText": "유리 상자 속에는 나를 먹어요. 라는 글씨가 새겨진 케이크가 들어 있었어요. “이 케이크를 먹어 보자. 그러면 다시 커질지도 몰라.”",
      "srcPage": 15,
      "srcSentenceEA": 4,
      "srcWordEA": 21
    },
    {
      "srcTextID": "112268",
      "srcText": "“큰일이야, 큰일! 공작부인을 기다리게 하면 화를 낼 텐데.” 흰토끼는 여전히 혼자 중얼거리며 뛰어오고 있었어요. 앨리스는 흰토끼가 가까이 다가오자 머뭇거리며 말했어요.",
      "srcPage": 19,
      "srcSentenceEA": 4,
      "srcWordEA": 23
    },
    {
      "srcTextID": "112225",
      "srcText": "앨리스는 황금 열쇠로 잠긴 문을 열어 보려 했지만, 어느 문도 열리지 않았어요. 앨리스는 차근차근 방 안을 다시 살펴보았어요. 그러자 아까는 보지 못했던 작은 문이 하나 있었어요. 앨리스는 황금 열쇠를 작은 문의 자물쇠에 꽂아 보았어요. 그랬더니 신기하게도 꼭 들어맞았어요.",
      "srcPage": 7,
      "srcSentenceEA": 5,
      "srcWordEA": 42
    },
    {
      "srcTextID": "112247",
      "srcText": "앨리스는 혹시나 하고 그 케이크를 야금야금 먹었어요. 앨리스는 자신의 키가 점점 커지는 것을 느꼈어요. 그런데 키가 자꾸만 커지는 바람에 발이 너무 멀어져서 보이지도 않았어요.",
      "srcPage": 16,
      "srcSentenceEA": 3,
      "srcWordEA": 26
    },
    {
      "srcTextID": "112269",
      "srcText": "그 덕분에 앨리스는 탁자 위에 있는 황금 열쇠를 쉽게 집을 수 있었어요. 하지만 작은 문은 빠져나갈 수 없었어요. 그때, 아까 본 흰토끼가 나타났어요. 흰토끼는 말쑥한 옷을 입고, 흰 장갑과 큰 부채를 양손에 들고 있었어요.",
      "srcPage": 18,
      "srcSentenceEA": 4,
      "srcWordEA": 37
    },
    {
      "srcTextID": "112224",
      "srcText": "앨리스는 다시 탁자가 있는 곳으로 가 보았어요. 탁자 위에는 작은 병 하나가 놓여 있었어요. 작은 병에는 나를 마셔요. 라고 씌어 있는 꼬리표가 붙어 있었어요. 앨리스는 잠시 망설였지만, 곧 용기를 내어 병에 든 것을 꿀꺽꿀꺽 모두 마셔 버렸어요.",
      "srcPage": 9,
      "srcSentenceEA": 5,
      "srcWordEA": 41
    },
    {
      "srcTextID": "112215",
      "srcText": "어느 무더운 여름날, 앨리스는 언니와 함께 강둑 위에 앉아 있었어요. 앨리스는 문득 따분한 생각이 들어 언니가 읽는 책을 슬쩍 보았어요. 그림도 없고 대화도 없는 책이었어요. 앨리스는 무슨 재미로 이런 책을 읽을까 하고 생각했어요.",
      "srcPage": 1,
      "srcSentenceEA": 4,
      "srcWordEA": 36
    },
    {
      "srcTextID": "112216",
      "srcText": "이때, 어디서 나타났는지 흰토끼 한 마리가 앨리스 앞을 허둥지둥 지나갔어요. 토끼는 조끼 주머니에서 시계를 꺼내 보고는 이런, 늦겠네. 하고 중얼거리며 바삐 가고 있었어요.",
      "srcPage": 2,
      "srcSentenceEA": 3,
      "srcWordEA": 25
    },
    {
      "srcTextID": "112235",
      "srcText": "‘어머나, 기분이 이상한걸. 내 몸이 점점 줄어드는 것 같아.’ 앨리스의 키가 점점 줄어들더니 어느새 생쥐만큼 작아졌어요.",
      "srcPage": 10,
      "srcSentenceEA": 3,
      "srcWordEA": 18
    },
    {
      "srcTextID": "112237",
      "srcText": "앨리스는 드디어 아름다운 뜰로 나갈 수 있다는 생각에 기뻐하며 작은 문 앞으로 조르르 달려갔어요. 그런데 문을 열 황금 열쇠를 탁자에 놓고 온 것이 생각났어요. 앨리스는 황금 열쇠를 가지러 다시 탁자가 있는 곳으로 갔어요.",
      "srcPage": 11,
      "srcSentenceEA": 3,
      "srcWordEA": 35
    },
    {
      "srcTextID": "112266",
      "srcText": "“안녕하세요, 흰토끼 씨.” 그러나 흰토끼는 커다란 앨리스가 말을 걸자 깜짝 놀라, 들고 온 물건들을 떨어뜨린 채 멀리 달아나 버렸어요. 앨리스는 속상해서 다시 엉엉 울었어요.",
      "srcPage": 20,
      "srcSentenceEA": 3,
      "srcWordEA": 26
    },
    {
      "srcTextID": "112238",
      "srcText": "하지만 몸이 작아져 탁자 위까지 손이 닿지 않았어요. 앨리스는 탁자 위로 올라가려고 한참을 애썼지만, 도저히 올라갈 수가 없었어요. 앨리스는 그 자리에 털썩 주저앉아 엉엉 울었어요.",
      "srcPage": 12,
      "srcSentenceEA": 3,
      "srcWordEA": 27
    },
    {
      "srcTextID": "112236",
      "srcText": "그러다가 스스로 자신을 타일렀어요. “울지 마, 아무리 울어도 소용없어! 분명히 방법이 있을 거야!”",
      "srcPage": 13,
      "srcSentenceEA": 3,
      "srcWordEA": 14
    },
    {
      "srcTextID": "112245",
      "srcText": "‘아, 이걸 어쩌지. 발이 너무 멀리 있어. 혼자서는 양말도 신지 못하겠어.’ 바로 그때, 앨리스의 머리가 ‘쿵!’ 하고 천장에 부딪혔어요. 어느새 앨리스는 거인처럼 커져 버린 거예요.",
      "srcPage": 17,
      "srcSentenceEA": 6,
      "srcWordEA": 30
    }
  ]
}