{
  "title": "유관순",
  "author": "엄승희",
  "illustrator": "이지야",
  "isbn": "9788961711760",
  "readAge": "초등_고학년",
  "publishedYear": 2007,
  "publisher": "교연아카데미",
  "classification": "의사소통",
  "paragraphInfoCount": 165,
  "paragraphInfo": [
    {
      "srcTextID": "113292",
      "srcText": "1919년 3월의 마지막 날 이른 새벽, 충청남도 천안에서 50리 가량 떨어진 지령리에는 새벽 안개가 자욱하게 끼어 있었습니다.3월이라고는 하지만 아직도 차가운 공기가 귓전을 스치고 지나가는 이른 새벽에, 한 소녀가 마을 뒷산을 향해 부지런히 걸어가고 있었습니다. 산꼭대기에 이른 소녀는 가쁜 숨을 몰아쉬며 조용히 무릎을 꿇고 앉았습니다. 그리고 간절하게 기도를 드리는 것이었습니다.",
      "srcPage": 1,
      "srcSentenceEA": 4,
      "srcWordEA": 52
    },
    {
      "srcTextID": "113303",
      "srcText": "\"속임수를 써?\" \"네, 그래서 둘 사이에 싸움이 붙었는데 관복이가 먼저 주먹질을 해서 그 애가 코피를 쏟았대요. 그래서 그 애는 화가 나서 돌을 던졌는데, 그게 그만 관복이 머리에 맞은 거래요.\" \"그래도 그렇지. 딴 데도 아니고 머리를... 그 녀석 버릇을 단단히 고쳐 놔야겠으니 냉큼 불러와!\"",
      "srcPage": 9,
      "srcSentenceEA": 6,
      "srcWordEA": 46
    },
    {
      "srcTextID": "113309",
      "srcText": "그러나 딸의 말이 옳았으므로 더 이상 화를 내지는 못하였습니다. 1910년 일제에 의해 강압적으로 굴욕적인 한일병합이 이루어졌습니다. 온 나라 안은 통곡 소리로 가득했고, 너무나 원통한 나머지 스스로 목숨을 끊는 애국지사가 늘어 갔습니다.",
      "srcPage": 11,
      "srcSentenceEA": 3,
      "srcWordEA": 33
    },
    {
      "srcTextID": "113307",
      "srcText": "\"어머니, 웬일이세요? 무슨 일이 있었어요?\" 유관순이 놀라서 묻자 어머니는 그저 말없이 흐느끼기만 하였습니다. 한참 만에야 어머니는 겨우 입을 열었습니다. \"낮에 고마다가 총까지 들고 와서 빌려간 돈을 빨리 갚으라며 온갖 행패를 부리고 갔단다. 이런  수모를 당하고 어찌 산단 말이냐?\"",
      "srcPage": 14,
      "srcSentenceEA": 6,
      "srcWordEA": 43
    },
    {
      "srcTextID": "113316",
      "srcText": "며칠 후 아버지는 간신히 돈 3백 냥을 마련하여 고마다를 찾아갔습니다. 그런데 고마다가 내놓은 차용 증서에는 빌려간 돈이 3천 냥으로 적혀 있는 게 아니겠습니까? 이를 본 아버지는 깜짝 놀라 물었습니다.",
      "srcPage": 16,
      "srcSentenceEA": 3,
      "srcWordEA": 31
    },
    {
      "srcTextID": "113318",
      "srcText": "\"뭐라고? 이런 천벌을 받을 놈아! 3백 냥을 꾸어 주고 3천 냥을 돌려받겠다니 세상에 없을 날도둑놈 심보로구나. 나는 그런 이자까지 낼 생각 없다. 옜다, 네 돈이나  받아라.\" 그러자 화가 난 고마다는 밖으로 뛰어나가 일본 사람 4, 5명을 데리고 왔습니다. 그들은 아버지를 우물가로 끌어내어 심하게 매질한 후 우물에다 거꾸로 처박아 둔 채 돌아갔습니다.",
      "srcPage": 18,
      "srcSentenceEA": 6,
      "srcWordEA": 58
    },
    {
      "srcTextID": "113291",
      "srcText": "\"프랑스 소녀 잔 다르크는 열일곱 살 때 위기에 빠진 조국 프랑스를 구했다고 합니다. 저도 잔 다르크와 같이 조국의 독립을 위해 제 몸을 바치고자 합니다. 하지만 저의 힘은 너무도 미약합니다. 주여, 부디 저에게 용기와 힘을 주십시오.\" 소녀의 기도는 오랫동안 계속되었습니다. 그 때 기도에 열중해 있던 소녀의 귀에, \"너라면 충분히 그 일을 해낼 수 있다.\" 라는 소리가 들렸습니다. 깜짝 놀란 소녀는 주위를 둘러보았습니다. 사방은 고요하기만 할 뿐 주위에는 아무도 없었습니다. '내가 잘못 들었나?' 소녀는 이상하게 생각하며 다시 한 번 주위를 둘러보았습니다.",
      "srcPage": 3,
      "srcSentenceEA": 12,
      "srcWordEA": 88
    },
    {
      "srcTextID": "113300",
      "srcText": "이 소녀가 바로 조국의 독립을 위해 만세를 외치다가 열아홉 살의 나이로 짧은 생애를 마친 유관순입니다. 유관순은 1902년 충청남도 천안에서 유중권의 4남매 중 둘째로 태어났습니다. 유관순은 외동딸로서 위로는 오빠 관옥이 있었고 아래로는 두 남동생인 관복, 관석이 있었습니다.",
      "srcPage": 6,
      "srcSentenceEA": 3,
      "srcWordEA": 38
    },
    {
      "srcTextID": "113305",
      "srcText": "유관순은 어릴 때부터 성품이 너그럽고 모든 일에 성실하였습니다. 게다가 한 번 옳다고 생각한 일은 누가 뭐라고 해도 뜻을 굽히지 않았습니다. 어느 날, 밖에 나갔던 동생 관복이 머리가 피투성이가 된 채 돌아왔습니다. 깜짝 놀란 식구들이 관복의 머리를 헝겊으로 싸맸으나 피는 좀처럼 멎지 않았습니다.",
      "srcPage": 7,
      "srcSentenceEA": 4,
      "srcWordEA": 45
    },
    {
      "srcTextID": "113308",
      "srcText": "'우리가 나라를 빼앗긴 것은 우리 나라의 힘이 약하기 때문이다. 잃어버린 주권을 되찾고 나라의 힘을 기르기 위해서는 새로운 교육이 필요하다.' 유관순의 아버지 유중권은 이렇게 생각하고 조인원을 비롯한 몇 명의 친구들과 함께 '흥호 학교'를 세웠습니다. 또한 동네에 교회를 지어 전도에도 힘썼습니다. 그런데 학교를 제대로 운영해 나가기 위해서는 적지 않은 돈이 필요했습니다.",
      "srcPage": 12,
      "srcSentenceEA": 7,
      "srcWordEA": 54
    },
    {
      "srcTextID": "113317",
      "srcText": "어머니의 말을 들은 유관순은 화가 머리끝까지 치밀어 올랐습니다. '아무리 제때 돈을 갚지 못했기로서니 총을 들고 와서 위협하는 게 사람이 할 짓인가?' 저녁때 돌아온 아버지도 그 이야기를 듣고 몹시 분개하였습니다.",
      "srcPage": 15,
      "srcSentenceEA": 3,
      "srcWordEA": 30
    },
    {
      "srcTextID": "113315",
      "srcText": "\"아니, 이게 어떻게 된 거요?\" \"보고도 모르시오? 당신이 빌려간 원금에 그 동안 밀렸던 이자까지 합친 금액이잖소.\" 이 말을 들은 아버지는 앞에 놓인 차용 증서를 찢어 버린 뒤 3백 냥을 내던지며 소리쳤습니다.",
      "srcPage": 17,
      "srcSentenceEA": 4,
      "srcWordEA": 33
    },
    {
      "srcTextID": "113319",
      "srcText": "이 일이 있은 이후 아버지는 오랫동안 자리에서 일어나지 못했습니다. 유관순은 아버지를 간호하면서 일본인들의 야만적인 행패에 치를 떨었습니다. '관순아, 실력을 쌓아야 일본인들을 물리치고 나라를 되찾을 수 있단다.' 평소 아버지가 자주 들려주던 말을 떠올리며 유관순은 빨리 그런 날이 오기를 간절히 기도드렸습니다. 이 일이 있은 후에 유관순의 가슴속에는 자주 독립에 대한 염원과 일본에 대한 증오심이 더욱 커졌습니다.",
      "srcPage": 19,
      "srcSentenceEA": 5,
      "srcWordEA": 57
    },
    {
      "srcTextID": "113324",
      "srcText": "유관순은 학교 공부에 충실했을 뿐만 아니라 교회에도 부지런히 다니며 신앙심을 키워 나갔습니다. 1916년 정월 대보름은 일요일이었기 때문에 작은 매봉 교회 안은 발 디딜 틈도 없이 수많은 사람들로 가득 찼습니다. 예배가 끝나고 전도사가 연단에 올라섰습니다.",
      "srcPage": 20,
      "srcSentenceEA": 3,
      "srcWordEA": 36
    },
    {
      "srcTextID": "113290",
      "srcText": "\"주여, 지금 저희들은 일본에 나라를 빼앗기고 그 통치 아래에서 신음하고 있습니다. 간악한 일본은 우리의 주권을 빼앗았을 뿐만 아니라 나라를 되찾으려는 이 나라의 수많은 백성들을 무참하게 죽이고 있습니다. 주여, 저희들을 불쌍히 여기시어 하루빨리 이 억압의 사슬에서 벗어나게 도와주시옵소서.\" 소녀의 기도는 맑은 새벽 공기를 타고 은은히 퍼져 나갔습니다. 이따금 매서운 바람이 소녀의 뺨을 스치고 지나갔으나 소녀는 꼼짝도 하지 않고 기도에만 열중하였습니다.",
      "srcPage": 2,
      "srcSentenceEA": 5,
      "srcWordEA": 63
    },
    {
      "srcTextID": "113298",
      "srcText": "그러다가 문득, '혹시 하늘에서 들려온 소리가 아닐까? 그래, 틀림없어. 하나님께서 내 기도를 들으시고 대답해 주신 거야.' 하는 생각이 들자 소녀는 가슴이 두근거렸습니다. 소녀는 곧 자리에서 벌떡 일어섰습니다.",
      "srcPage": 4,
      "srcSentenceEA": 6,
      "srcWordEA": 31
    },
    {
      "srcTextID": "113299",
      "srcText": "때마침 아침 해가 떠오르고 있었습니다. 잔뜩 끼어 있던 새벽 안개가 걷히고 밝은 햇살이 잠에서 막 깨어나기 시작하는 마을을 비추고 있었습니다. 그것은 마치 조국의 밝은 앞날을 상징하는 것 같았습니다. 소녀의 눈에는 어느덧 눈물이 맺혔습니다.",
      "srcPage": 5,
      "srcSentenceEA": 4,
      "srcWordEA": 36
    },
    {
      "srcTextID": "113306",
      "srcText": "이를 본 아버지가 벌컥 화를 내며 말했습니다. \"관순아, 당장 가서 관복이를 때린 아이를 데려오너라.\" 그러자 유관순은 못마땅한 표정을 지으며 아버지에게 말하였습니다. \"아버지, 오늘은 관복이가 잘못을 했어요. 처음에 그 아이와 관복이가 연 싸움을 했는데 관복이가 졌대요. 그러자 다음에는 구슬치기를 했는데, 관복이는 자기가 질 것 같으니까 속임수를 썼다지 뭐예요.\"",
      "srcPage": 8,
      "srcSentenceEA": 6,
      "srcWordEA": 50
    },
    {
      "srcTextID": "113304",
      "srcText": "아직도 화가 풀리지 않은 아버지가 소리쳤으나 유관순은 꼼짝도 하지 않고 말하였습니다. \"관복이의 잘못이 분명한 걸 아시면서 왜 그 아이를 야단치려고 하세요? 전 그런 심부름은 못 하겠어요.\" \"아니, 뭐라고?\" 아버지는 유관순의 말에 어처구니가 없다는 표정을 지었습니다.",
      "srcPage": 10,
      "srcSentenceEA": 5,
      "srcWordEA": 37
    },
    {
      "srcTextID": "113310",
      "srcText": "살림이 넉넉하지 않은 유중권은 생각다 못해 고마다라는 일본인 고리 대금업자에게 3백 냥을 꾸었습니다. 그러나 학교 운영이 어려워 제때에 이자를 갚지 못하자 고마다는 돈을 빨리 갚으라고 매일같이 독촉하였습니다. 그러던 어느 날, 유관순이 집으로 돌아와 보니 어머니가 울고 있었습니다.",
      "srcPage": 13,
      "srcSentenceEA": 3,
      "srcWordEA": 39
    },
    {
      "srcTextID": "113320",
      "srcText": "\"오늘은 여러분께 한편으로는 섭섭하고 또 한편으로는 기쁜 소식을 전해 드리겠습니다. 다름이 아니라 오래 전부터 선교사이신 사 부인과 의논해 온 일인데, 금년 봄에 관순이를 경성에 있는 이화 학당에 보내기로 결정하였습니다.\" 여기저기에서 놀라움과 부러움이 섞인 탄성이 터져 나왔습니다.",
      "srcPage": 21,
      "srcSentenceEA": 3,
      "srcWordEA": 38
    },
    {
      "srcTextID": "113323",
      "srcText": "유관순은 너무도 뜻밖의 소식에 놀라움을 금하지 못했습니다. '아, 말로만 듣던 이화 학당에서 공부할 수 있게 되다니...!' 이화 학당은 한국 최초의 근대적 여성 교육기관으로, 유관순의 사촌 언니인 유예도도 이화 학당에 다니고 있었습니다. 유관순은 꿈을 꾸고 있는 것만 같았습니다.",
      "srcPage": 22,
      "srcSentenceEA": 4,
      "srcWordEA": 39
    },
    {
      "srcTextID": "113322",
      "srcText": "그렇지만 어려운 집안 형편을 잘 알고 있었기 때문에 주저하지 않을 수 없었습니다. 이를 눈치챈 사 부인이 조용히 입을 열었습니다. \"학비는 내가 알아서 할 테니 걱정하지 않아도 돼요. 그리고 아버님께도 내가 잘 말씀드리겠어요.\" 유관순은 뛸 듯이 기뻤습니다.",
      "srcPage": 23,
      "srcSentenceEA": 5,
      "srcWordEA": 39
    },
    {
      "srcTextID": "113321",
      "srcText": "그 날 저녁, 사 부인의 이야기를 들은 유관순의 아버지도 흔쾌히 승낙하였습니다. 마침내 유관순이 경성으로 떠나는 날이 되었습니다. 부모님을 비롯한 많은 사람들이 동네 어귀까지 나와 유관순을 전송하였습니다. \"관순아, 공부 열심히 하거라. 사 부인의 은혜에 보답하는 길은 그것뿐이다.\"",
      "srcPage": 24,
      "srcSentenceEA": 5,
      "srcWordEA": 39
    },
    {
      "srcTextID": "113325",
      "srcText": "\"알고 있어요, 어머니. 몸 건강하셔야 해요.\" 유관순은 쏟아져 내리는 눈물을 애써 참으며 부모님과 동네 사람들에게 작별 인사를 한 뒤, 사 부인과 함께 고향을 떠났습니다. 1916년 3월, 유관순의 나이 열다섯 살 때였습니다.",
      "srcPage": 25,
      "srcSentenceEA": 4,
      "srcWordEA": 34
    },
    {
      "srcTextID": "113326",
      "srcText": "고향을 떠난 지 사흘 만에 유관순과 사 부인은 경성에 도착하였습니다. 유관순은 넋을 잃고 거리의 풍경을 바라보았습니다. 말로만 듣던 남대문을 비롯하여 가끔씩 오가는 자동차, 수많은 사람들이 바쁘게 오가는 거리 등 모든 것이 신기할 뿐이었습니다.",
      "srcPage": 26,
      "srcSentenceEA": 3,
      "srcWordEA": 35
    },
    {
      "srcTextID": "113327",
      "srcText": "두 사람이 탄 인력거가 이화 학당 앞에 도착하였습니다. 유관순은 사 부인과 함께 교장실로 안내되었습니다. 교장은 '프레이'라고 하는 미국 여자였습니다. \"우리 이화 학당에 온 것을 축하합니다, 관순 양. 처음에는 조금 낯설겠지만 곧 익숙해질 거예요. 학교 규칙을 잘 지키고 열심히 공부하여 훌륭한 학생이 되도록 해요.\" \"잘 알겠습니다.\"",
      "srcPage": 27,
      "srcSentenceEA": 8,
      "srcWordEA": 50
    },
    {
      "srcTextID": "113330",
      "srcText": "이 때, 밖에서 문을 두드리는 소리가 들렸습니다. 곧이어 들어온 사람은 유관순의 사촌 언니 예도였습니다.  두 사람은 반가움에 서로를 끌어안았습니다.",
      "srcPage": 28,
      "srcSentenceEA": 3,
      "srcWordEA": 22
    },
    {
      "srcTextID": "113329",
      "srcText": "예도는 유관순에게 학교를 구경시켜 준 뒤 함께 기숙사로 갔습니다. 예도가 안내한 방에서는 대여섯 명의 여학생들이 이야기를 나누고 있었습니다. 예도가 여학생들에게 유관순을 소개하였습니다. \"오늘부터 우리와 함께 지내게 된 유관순이야. 처음이라 모든 것이 서툴 테니 너희들이 잘 가르쳐 주도록 해.\" 학생들은 유관순을 반갑게 맞아 주었습니다.",
      "srcPage": 29,
      "srcSentenceEA": 6,
      "srcWordEA": 47
    },
    {
      "srcTextID": "113328",
      "srcText": "곧 식사 시간이 되어 유관순은 예도를 따라 식당으로 갔습니다. 큰 식탁이 줄지어 있는 넓은 방에 수많은 학생들이 모여 앉아 있었습니다. 잠시 후, 한 상급생이 일어나 감사 기도를 드리고 나서 모두 함께 식사를 시작하였습니다. 유관순도 예도 옆에서 식사를 하였습니다.",
      "srcPage": 30,
      "srcSentenceEA": 4,
      "srcWordEA": 41
    },
    {
      "srcTextID": "113350",
      "srcText": "그 무렵, 이화 학당의 기숙사 방에서는 유관순이 친구들과 이야기를 나누고 있었습니다. 유관순이 친구들을 둘러보며 말했습니다. \"얘들아, 3월 1일에 우리 나라의 독립을 알리는 만세 운동을 벌이기로 했대.\" \"그게 정말이야?\" 다른 친구들도 긴장하며 유관순을 바라보았습니다.",
      "srcPage": 48,
      "srcSentenceEA": 5,
      "srcWordEA": 35
    },
    {
      "srcTextID": "113348",
      "srcText": "\"3월 1일 정오에 탑골 공원에서 독립 선언서를 낭독하고 만세를 부른대. 지방에서도 다 같이 일어나기로 했다는 거야.\" 유관순이 이렇게 설명하자 서명학이 흥분한 목소리로 말하였습니다. \"그렇다면 우리도 가만히 있을 수 없잖아.\"",
      "srcPage": 49,
      "srcSentenceEA": 4,
      "srcWordEA": 31
    },
    {
      "srcTextID": "113349",
      "srcText": "\"우선 태극기를 만들어 몸에 지니도록 하자. 그리고 3월 1일이 되면 목숨을 걸고 독립 만세를 부르는 거야.\" 유관순이 말을 마치자 소녀들의 얼굴은 굳은 결의로 빛나고 있었습니다.",
      "srcPage": 51,
      "srcSentenceEA": 3,
      "srcWordEA": 27
    },
    {
      "srcTextID": "113356",
      "srcText": "유관순은 마음속으로 이렇게 빌며 창 밖으로 눈길을 돌렸습니다. 창 밖으로 보이는 하늘에는 별들이 아름답게 빛나고 있었습니다.  갑자기 유관순의 눈앞에 부모 형제들의 모습이 번갈아 어른거렸습니다.",
      "srcPage": 54,
      "srcSentenceEA": 3,
      "srcWordEA": 27
    },
    {
      "srcTextID": "113358",
      "srcText": "오후 2시가 되자 군중 속에서 한 젊은이가 뛰쳐나와 공원 중앙에 있는 팔각정 위로 올라섰습니다. 사람들의 시선이 일제히 그에게로 쏠렸습니다. 그는 경신 학교를 졸업한 정재용이라는 청년이었습니다. 정재용은 군중을 향해 공손히 인사를 한 다음 품 속에서 독립 선언서를 꺼내어 큰 소리로 읽기 시작하였습니다.",
      "srcPage": 58,
      "srcSentenceEA": 4,
      "srcWordEA": 44
    },
    {
      "srcTextID": "113359",
      "srcText": "\"독립 선언문! 우리는 우리 조선이 독립국이라는 것과 조선인이 자주민이라는 것을 선언하노라... 모든 행동은 가장 질서를 존중하여 우리의 주장과 태도를 어디까지든지 떳떳하고 올바르게 하라.\" 정재용이 독립 선언서를 읽는 동안 장내는 찬물을 끼얹은 듯 조용하였습니다.",
      "srcPage": 59,
      "srcSentenceEA": 4,
      "srcWordEA": 36
    },
    {
      "srcTextID": "113371",
      "srcText": "유관순과 친구들은 일본 헌병에게 쫓겨, 길가에 있는 어느 집으로 잠시 몸을 피하였습니다. 집주인은 친절하게 그들을 숨겨 주었습니다. 밤이 이슥할 무렵, 유관순과 친구들은 숨어 있던 집에서 나와 몰래 학교 기숙사로 돌아왔습니다.",
      "srcPage": 69,
      "srcSentenceEA": 3,
      "srcWordEA": 32
    },
    {
      "srcTextID": "113374",
      "srcText": "1919년 3월 5일 아침, 남대문 광장에는 학생들이 하나 둘 모여들었습니다. 약속한 시간이 되자 시내 각 학교에서 쏟아져 나온 학생들로 광장이 가득 찼습니다. 유관순과 친구들도 그 대열에 끼어 있었습니다.",
      "srcPage": 74,
      "srcSentenceEA": 3,
      "srcWordEA": 30
    },
    {
      "srcTextID": "113373",
      "srcText": "\"어떡하지? 일본 형사들이 벌써 학교 정문을 단단히 지키고 있대.\" \"그래? 그럼 어떻게 기숙사로 돌아가지?\" 유관순과 친구들은 궁리 끝에 교회에 예배보러 가는 것처럼 꾸며 교회를 통해 기숙사로 들어가기로 하였습니다. 그리하여 몇 명은 양반집 아가씨처럼 꾸며 성경과 찬송가를 손에 들고, 나머지는 하녀처럼 변장하여 무사히 학교로 돌아왔습니다.",
      "srcPage": 76,
      "srcSentenceEA": 4,
      "srcWordEA": 48
    },
    {
      "srcTextID": "113352",
      "srcText": "그러자 김희자가 입을 열었습니다. \"우리도 결사대를 조직하자. 우리 여섯 명이 결사대를 조직해서 어른들의 일을 돕자! 우리가 굳게 뭉치기만 한다면 무슨 일인들 못 하겠니?\" \"그래, 죽음을 각오하면 두려울 게 없어.\" 유관순이 비장한 표정을 지으며 말하자 모두들 고개를 끄덕였습니다.",
      "srcPage": 50,
      "srcSentenceEA": 6,
      "srcWordEA": 40
    },
    {
      "srcTextID": "113351",
      "srcText": "그들은 서로의 손을 굳게 잡은 채 무릎을 꿇고 기도를 올렸습니다. \"주여, 저희들은 이제 빼앗긴 나라를 되찾기 위해 독립 운동을 벌이기로 했습니다. 저희들에게 힘과 용기를 주시고 부디 그 일이 아무 탈 없이 성공할 수 있도록 이끌어 주시옵소서.\" 기도를 마친 그들은 종이에다 각자 자기 이름을 쓰고 손도장을 꾹 찍었습니다.",
      "srcPage": 52,
      "srcSentenceEA": 4,
      "srcWordEA": 49
    },
    {
      "srcTextID": "113355",
      "srcText": "그리고 가지고 있던 돈을 전부 모아서 천을 사들여 태극기를 그린 후 각자의 품 속에 간직했습니다. 그날 밤, 6명의 소녀들은 자신들이 독립 운동을 한다는 사실에 좀처럼 잠을 이루지 못하였습니다. 그들은 품 속에 간직한 태극기를 꺼내어 만져 보며 각오를 새롭게 다졌습니다. '이제야 나라를 위해서 내 몸을 바칠 때가 왔구나! 주여, 저에게 잔 다르크와 같은 지혜와 용기를 주옵소서!'",
      "srcPage": 53,
      "srcSentenceEA": 5,
      "srcWordEA": 58
    },
    {
      "srcTextID": "113354",
      "srcText": "그 순간 못 견디도록 고향이 그리웠습니다. 한동안 고향 생각에 젖어 있던 유관순은 문득 아버지가 일본인들에게 돈을 빌렸다가 제때 갚지 못해 몰매를 맞은 일이 떠올랐습니다. 유관순의 가슴속에는 뜨거운 분노가 울컥 치밀어올랐습니다.",
      "srcPage": 55,
      "srcSentenceEA": 3,
      "srcWordEA": 32
    },
    {
      "srcTextID": "113353",
      "srcText": "'이게 모두 나라를 빼앗긴 탓이야. 하루빨리 일본의 압제에서 벗어나 독립을 해야 할 텐데...' 이런 생각을 하며 유관순은 쉽사리 잠을 이루지 못하였습니다.",
      "srcPage": 56,
      "srcSentenceEA": 3,
      "srcWordEA": 23
    },
    {
      "srcTextID": "113357",
      "srcText": "마침내 3월 1일이 되었습니다. 탑골 공원에는 아침부터 젊은 학생들이 모여들기 시작해 정오쯤에는 인파가 4, 5천 명에 이르렀습니다. 그들은 공원 앞을 서성거리며 시간이 되기만을 기다렸습니다. 시간이 갈수록 공원 안에는 긴장감이 감돌았습니다.",
      "srcPage": 57,
      "srcSentenceEA": 4,
      "srcWordEA": 33
    },
    {
      "srcTextID": "113361",
      "srcText": "그 무렵, 인사동에 있는 음식점 태화관에서는 민족 대표 33인이 모여 독립 선언식을 거행하고 있었습니다. 불교 대표 한용운이 독립 선언서를 낭독하고 다 함께 대한 독립 만세를 불렀습니다. 그러고 나서 그들은 총독부에 이 사실을 알렸습니다.",
      "srcPage": 61,
      "srcSentenceEA": 3,
      "srcWordEA": 35
    },
    {
      "srcTextID": "113360",
      "srcText": "'대한 제국 민족 대표 33인이 태화관에서 대한 제국의 독립을 선포하고 축하 잔치를 열고 있다.' 이 소식에 총독부는 어리둥절하였습니다. 영문을 몰라 당황해하고 있던 총독부 관리들의 귀에 어렴풋이 만세 소리가 들려왔습니다. 탑골 공원에 모여 있던 군중들이 만세를 부르며 거리로 쏟아져 나온 것입니다. 거리의 군중들도 이들과 합세하여, 만세 행렬은 눈 깜짝할 사이에 수만 명으로 불어났습니다.",
      "srcPage": 62,
      "srcSentenceEA": 5,
      "srcWordEA": 56
    },
    {
      "srcTextID": "113334",
      "srcText": "그 때, 유관순은 기도실에서 기도에 열중하고 있었습니다. 기도가 끝나고 몸을 일으키던 유관순은 곁에 서 있는 서명학을 보고 깜짝 놀랐습니다. \"아니, 네가 어떻게 여기에...\"",
      "srcPage": 36,
      "srcSentenceEA": 3,
      "srcWordEA": 24
    },
    {
      "srcTextID": "113362",
      "srcText": "이윽고 독립 선언서 낭독을 끝마친 정재용이 품 속에서 태극기를 꺼내 들고 힘껏 외쳤습니다. \"대한 독립 만세!\" 그러자 군중들도 제각기 품 속에서 태극기를 꺼내 흔들면서 일제히 외쳤습니다. \"대한 독립 만세! 대한 독립 만세!\" 탑골 공원은 삽시간에 만세 소리로 뒤덮였습니다.",
      "srcPage": 60,
      "srcSentenceEA": 6,
      "srcWordEA": 41
    },
    {
      "srcTextID": "113384",
      "srcText": "그러나 마음속으로는 분하기도 하고, 한편으로는 두렵기도 하였습니다. '제발 더 이상 학생들이 붙들려 가지 않도록 해 주소서.' 유관순은 마음속으로 이렇게 빌며 교회로 향했습니다. 일본 형사들은 유관순이 교회에서 돌아왔을 때에도 학교 안에 있었습니다. 그들은 밤이 이슥할 무렵에야 그 곳을 떠났습니다.",
      "srcPage": 84,
      "srcSentenceEA": 5,
      "srcWordEA": 41
    },
    {
      "srcTextID": "113386",
      "srcText": "고향으로 돌아온 유관순은 마을이 너무나 조용한 것을 보고 깜짝 놀랐습니다. \"아버지, 이 곳에서는 만세 운동을 벌이지 않았나요?\" 유관순이 묻자 아버지가 힘없이 대답하였습니다. \"말도 마라. 운동을 준비하던 중에 일이 발각되어 사람들이 죄다 잡혀가고 말았단다. 그 후로 일본 경찰의 감시가 더 심해져서 꼼짝할 수가 없단다.\"",
      "srcPage": 87,
      "srcSentenceEA": 6,
      "srcWordEA": 46
    },
    {
      "srcTextID": "113387",
      "srcText": "그제야 유관순은 고향의 형편을 짐작할 수 있었습니다. 유관순은 식구들에게 경성에서 있었던 만세 운동에 대하여 자세히 이야기해 주었습니다. 그날 밤, 유관순은 일찍 잠자리에 들었으나, 앞으로 자기가 해야 할 일들을 곰곰이 생각하느라 잠을 이루지 못했습니다.",
      "srcPage": 88,
      "srcSentenceEA": 3,
      "srcWordEA": 35
    },
    {
      "srcTextID": "113388",
      "srcText": "다음 날, 유관순은 아침 일찍 예도를 찾아갔습니다. \"언니, 우리 나라 방방곡곡에서 소리 높여 독립 만세를 외치고 있는데 우리 고장만 가만히 있어서야 되겠어요? 우리가 앞장서서 만세 운동을 벌이는 게 어때요?\" 유관순의 말에 예도도 찬성하였습니다.",
      "srcPage": 89,
      "srcSentenceEA": 4,
      "srcWordEA": 35
    },
    {
      "srcTextID": "113389",
      "srcText": "보다 구체적인 것은 마을 어른들과 상의하기로 결정한 후 두 사람은 곧 유관순의 집으로 돌아왔습니다. 유관순은 아버지에게 마을 어른들을 교회로 모아 달라고 부탁하였습니다. 몇 시간 후 마을 어른들이 교회에 모이자 예도는 경성에서 있었던 만세 운동에 대해 자세히 들려주었습니다.",
      "srcPage": 90,
      "srcSentenceEA": 3,
      "srcWordEA": 39
    },
    {
      "srcTextID": "113396",
      "srcText": "유관순의 말에 감동한 마을 사람들은 곧바로 구체적인 계획을 의논하였습니다. 그리하여 4월 1일(음력 3월 1일)을 거사일로 정하고 유관순과 예도가 이웃 마을을 다니며 연락을 취하기로 하였습니다. 그러나 갑자기 예도가 병이 나는 바람에 유관순 혼자서 책임을 맡게 되었습니다.",
      "srcPage": 92,
      "srcSentenceEA": 3,
      "srcWordEA": 37
    },
    {
      "srcTextID": "113392",
      "srcText": "그 말을 들은 두릉동 사람들은 펄쩍 뛰며 유관순을 말렸습니다. \"아니, 이 아가씨가 큰일날 소리를 하는군. 저 고개에는 호랑이가 자주 나타나서 낮에도 여러 사람이 떼를 지어 넘어야 되는 고개야. 괜한 고집 부리지 말고 내일 떠나도록 해요.\"",
      "srcPage": 96,
      "srcSentenceEA": 4,
      "srcWordEA": 37
    },
    {
      "srcTextID": "113378",
      "srcText": "그날 밤, 유관순은 좀처럼 잠을 이루지 못하였습니다. 그녀의 머릿속에는 총을 마구 쏘아 대던 일본 헌병들과 피를 흘리며 쓰러지던 동포들의 모습이 번갈아 떠올랐습니다. 유관순은 자리에서 벌떡 일어났습니다. 그리고는 두 손을 가슴에 모으고 기도를 하였습니다.",
      "srcPage": 77,
      "srcSentenceEA": 4,
      "srcWordEA": 36
    },
    {
      "srcTextID": "113380",
      "srcText": "일본 형사들이 이화 학당 기숙사에 다다랐을 때, 유관순은 교회로 가기 위해 기숙사 문을 막 나서고 있었습니다. 유관순은 형사들을 못 본 체하고 지나쳤습니다. \"학생!\" 바로 그 때 뒤쪽에서 한 형사가 큰 소리로 불렀습니다. 그러나 유관순은 그대로 앞으로 걸어갔습니다.",
      "srcPage": 80,
      "srcSentenceEA": 4,
      "srcWordEA": 40
    },
    {
      "srcTextID": "113383",
      "srcText": "\"학생은 귀가 먹었나?\" 형사가 날카로운 목소리로 다시 외쳤습니다. 그제서야 유관순은 천천히 돌아서며 침착하게 말하였습니다. \"저를 부르셨나요?\"",
      "srcPage": 81,
      "srcSentenceEA": 4,
      "srcWordEA": 18
    },
    {
      "srcTextID": "113391",
      "srcText": "이어서 유관순이 열띤 목소리로 연설하였습니다. \"경성은 물론이고 전국 방방곡곡에서 빼앗긴 나라를 되찾기 위해 죽음을 무릅쓰고 독립 만세를 부르고 있는데, 우리 고장만 가만히 있어서야 되겠습니까? 우리도 어서 일어나 독립 만세의 대열에 동참하도록 합시다.\"",
      "srcPage": 91,
      "srcSentenceEA": 3,
      "srcWordEA": 33
    },
    {
      "srcTextID": "113395",
      "srcText": "다음 날부터 유관순은 이웃 마을을 찾아다니며 독립 만세를 부르는 일에 협조해 줄 것을 호소하였습니다. 유관순은 경찰의 눈을 피하기 위해 장 보러 가는 차림을 하고 이른 새벽에 집을 나섰습니다. 우선 청주부터 돌기로 하고 걸음을 재촉하였습니다.",
      "srcPage": 93,
      "srcSentenceEA": 3,
      "srcWordEA": 36
    },
    {
      "srcTextID": "113394",
      "srcText": "그런데 청주로 가는 길은 무척 험하였습니다. 난생 처음 그런 험한 길을 걸어 보는 유관순은 얼마 못 가 발목이 시큰거리고 발바닥에 물집이 생겼으나 꾹 참았습니다. \n가는 곳마다 사람들은 유관순의 열성에 감복하여 동참할 것을 약속하였습니다.",
      "srcPage": 94,
      "srcSentenceEA": 3,
      "srcWordEA": 35
    },
    {
      "srcTextID": "113397",
      "srcText": "저녁 무렵이 되자, 유관순은 두릉동이라는 마을에 이르렀습니다. 두릉동 마을에는 험하기로 소문난 드무실 고개가 있었습니다. 유관순의 다음 목적지는 그 고개 너머에 있었습니다. 유관순은 이미 짚신의 바닥이 다 닳아 버려 발바닥이 몹시 아팠지만 그날 밤 안으로 고개를 넘기로 하였습니다.",
      "srcPage": 95,
      "srcSentenceEA": 4,
      "srcWordEA": 40
    },
    {
      "srcTextID": "113393",
      "srcText": "그러나 유관순은 잠시도 지체할 수가 없었습니다. '하루바삐 연락을 하여 한 사람이라도 더 만세 운동에 참가시켜야 한다.' 유관순은 발길을 재촉하여 그날 저녁에 드무실 고개에 이르렀습니다. 고갯길에 사람이라고는 유관순 혼자뿐이었습니다. 유관순은 무서운 생각이 들었으나 용기를 내어 고갯길을 올라갔습니다.",
      "srcPage": 97,
      "srcSentenceEA": 5,
      "srcWordEA": 39
    },
    {
      "srcTextID": "113403",
      "srcText": "그 때였습니다. 온 산이 떠나갈 듯한 소리와 함께 시커먼 그림자 하나가 유관순의 앞을 가로막았습니다. \"앗!\" 유관순은 소스라치게 놀랐습니다.",
      "srcPage": 98,
      "srcSentenceEA": 3,
      "srcWordEA": 20
    },
    {
      "srcTextID": "113364",
      "srcText": "그 시각, 이화 학당에서는 많은 학생들이 초조한 마음으로 거리의 동정에 귀를 기울이고 있었습니다. 마침내 거리에서 우렁찬 만세 소리가 들려오자 유관순은 두 팔을 높이 쳐들고, \"대한 독립 만세! 우리도 나가 만세 행렬에 참가하자!\" 라고 외치며 교문을 향해 달려갔습니다.",
      "srcPage": 63,
      "srcSentenceEA": 5,
      "srcWordEA": 40
    },
    {
      "srcTextID": "113366",
      "srcText": "많은 학생들이 그 뒤를 따랐습니다. 그들이 교문 앞에 이르렀을 때 언제 나왔는지 프레이 교장이 두 팔을 벌리고 서서 학생들을 가로막았습니다. \"참으시오, 학생들! 지금 거리로 나가면 목숨이 위험합니다.\" 프레이 교장은 애원하듯이 말하였습니다.",
      "srcPage": 64,
      "srcSentenceEA": 5,
      "srcWordEA": 34
    },
    {
      "srcTextID": "113365",
      "srcText": "그러나 유관순은 학생들을 이끌고 학교 건물 뒤쪽으로 달려갔습니다. \"이 담을 넘어 거리로 나가자.\" 유관순의 말이 끝나자마자 학생들은 차례로 담을 넘어 거리로 나갔습니다.",
      "srcPage": 65,
      "srcSentenceEA": 3,
      "srcWordEA": 23
    },
    {
      "srcTextID": "113363",
      "srcText": "거리는 온통 태극기의 물결로 뒤덮여 있었고 만세 소리가 잇달아 터져 나왔습니다. 시간이 흐를수록 사람들은 더욱 늘어갔고 만세 소리는 천지를 뒤흔드는 듯하였습니다. 유관순과 학생들도 곧 그 행렬에 휩쓸렸습니다.",
      "srcPage": 66,
      "srcSentenceEA": 3,
      "srcWordEA": 29
    },
    {
      "srcTextID": "113367",
      "srcText": "질서정연하게 나아가던 만세 행렬은 대한문 앞에 이르자 미국 영사관, 창덕궁, 총독부 등지로 흩어져 행진을 계속하였습니다. \"탕! 탕!\" 뒤늦게야 이 사실을 알고 출동한 일본 헌병들이 그들 앞을 막아서며 마구 총을 쏘아 댔습니다. 앞장서서 만세를 부르던 사람들이 무참하게 쓰러져 갔습니다. 일본 헌병들이 여기저기 비집고 다니며 무자비하게 총칼을 휘둘러 댔지만 군중들은 조금도 두려워하거나 도망가지 않았습니다. 오히려 그들은 쓰러진 사람을 부축하면서 앞으로 밀고 나아갔습니다.",
      "srcPage": 67,
      "srcSentenceEA": 6,
      "srcWordEA": 65
    },
    {
      "srcTextID": "113370",
      "srcText": "그들은 오로지 나라를 되찾겠다는    신념 하나로 '대한 독립 만세!'를 목이 터져라 외쳐 댔습니다. 시내 곳곳에서 일본 헌병들과 만세 군중이 부딪쳐 거리는 온통 피로 물들었습니다. 거리에서는 여전히 함성 소리와 총 소리가 그치지 않았습니다.",
      "srcPage": 68,
      "srcSentenceEA": 5,
      "srcWordEA": 38
    },
    {
      "srcTextID": "113368",
      "srcText": "\"어서들 오너라. 어디 다친 데는 없니?\" 프레이 교장이 초조한 표정으로 학생들을 기다리고 있었습니다. 대부분의 학생들이 그날 밤에 돌아왔으나 상급생 중에는 일본 헌병에게 붙들려 간 학생도 몇 명 있었습니다.",
      "srcPage": 70,
      "srcSentenceEA": 4,
      "srcWordEA": 31
    },
    {
      "srcTextID": "113372",
      "srcText": "프레이 교장은 학생들을 강당에 모두 모아 놓고 말하였습니다. \"여러분들이 무사히 돌아와서 무척 기쁩니다. 그러나 아직 돌아오지 못한 학생들을 생각하면 가슴이 찢어지는 듯 아픕니다. 우리 함께 그들을 위해 기도합시다.\" 강당에 모인 학생들은 일제히 꿇어앉아 붙잡혀 간 학생들을 위해 기도하였습니다.",
      "srcPage": 71,
      "srcSentenceEA": 5,
      "srcWordEA": 41
    },
    {
      "srcTextID": "113333",
      "srcText": "1916년 4월 1일, 개학식을 마친 유관순은 간단한 시험을 치른 후 보통과 3학년에 입학하였습니다. 시간이 지나면서 유관순은 차차 학교 생활에 익숙해졌고 친구들도 많이 사귀게 되었습니다. 특히 서명학, 국현숙, 김분옥, 김희자, 유점선 등과는 항상 함께 어울려 다녔습니다.",
      "srcPage": 32,
      "srcSentenceEA": 3,
      "srcWordEA": 37
    },
    {
      "srcTextID": "113336",
      "srcText": "유관순은 남보다 열심히 공부했을 뿐만 아니라 교실의 청소나 궂은일도 자진해서 하였습니다. 그리고 몸이 아픈 학생이나 상급생들의 빨래를 도맡아 해 주었습니다. 이러한 유관순을 못마땅하게 여기는 학생들도 더러 있었습니다.",
      "srcPage": 33,
      "srcSentenceEA": 3,
      "srcWordEA": 29
    },
    {
      "srcTextID": "113338",
      "srcText": "유관순의 말에 서명학이 되물었습니다. \"그건 내가 물을 말이야. 너 왜 요즘 저녁 식사를 하지 않니?\" \"응... 소화가 잘 안 돼서...\" \"거짓말하지 마. 한 끼만 굶어도 허기져 하는 애가... 무슨 다른 이유가 있는 거지?\"",
      "srcPage": 37,
      "srcSentenceEA": 7,
      "srcWordEA": 37
    },
    {
      "srcTextID": "113341",
      "srcText": "어느덧 2년의 세월이 흘러 유관순은 보통과를 졸업하고 곧바로 고등과에 입학하였습니다. 고등과에 입학한 유관순은 학교 공부 외에도 틈나는 대로 많은 책을 읽어 지식을 넓혀 갔습니다. 이 무렵 유관순은'잔 다르크'의 전기를 읽고 매우 감동을 받았습니다. '나도 잔 다르크처럼 조국을 위해 내 목숨을 바치리라.' 그 책을 몇 번이나 되풀이하여 읽고 난 유관순은 마음속으로 이렇게 다짐하였습니다.",
      "srcPage": 40,
      "srcSentenceEA": 7,
      "srcWordEA": 57
    },
    {
      "srcTextID": "113342",
      "srcText": "\"아니, 그게 무슨 소리야?\" \"일본놈들이 차에 독약을 타서 황제께 드렸다는군.\" \"저런 죽일 놈들이 있나!\" 백성들은 한결같이 치를 떨었습니다.",
      "srcPage": 42,
      "srcSentenceEA": 4,
      "srcWordEA": 19
    },
    {
      "srcTextID": "113345",
      "srcText": "그 동안 나라 안팎에서 독립 운동을 하던 사람들은 비밀리에 모임을 갖고, 우리 나라가 자주 독립국이라는 것과 일본의 야만적인 침략 행위를 전 세계에 알리기로 결의하였습니다. 그리하여 국내에서는 천도교 교주 손병희를 중심으로 각계에서 민족 대표 33인이 나서서 일을 진행하였습니다. 전국 각지의 많은 사람들이 고종의 장례식을 보기 위해 경성으로 모여들기 시작했습니다.",
      "srcPage": 45,
      "srcSentenceEA": 3,
      "srcWordEA": 50
    },
    {
      "srcTextID": "113347",
      "srcText": "종교인들과 민족 대표들은 고종의 장례식을 기회로 삼아 우리 나라의 독립을 선언하기로 결정했습니다. 이들은 최남선이 쓴 독립 선언서를 '보성사'라는 인쇄소에서 밤을 꼬박 새우다시피 하여 2만여 장을 찍어 냈습니다. 그리하여 인쇄된 독립 선언서를 연희 전문 학교, 보성 전문 학교 등에 다니는 학생들이 비밀리에 사람들에게 나누어 주었습니다.",
      "srcPage": 46,
      "srcSentenceEA": 4,
      "srcWordEA": 47
    },
    {
      "srcTextID": "113346",
      "srcText": "외국에서 활동하는 독립 투사들은 독립 선언서를 미국 대통령을 비롯하여 파리 강화 회의에도 보내기로 결정하였습니다. 또한 조선이 독립국임을 밝히는 통고문을 일본 정부에 보내기로 하였습니다. 일본의 식민 정책에 대한 온 국민의 반발심이 서서히 달아오르면서 마침내 거사일이 결정되었습니다. 고종의 장례식 이틀 전인 3월 1일로 날짜를 정하고 지방에도 연락하여 전국에서 동시에 일어서기로 하였습니다.",
      "srcPage": 47,
      "srcSentenceEA": 4,
      "srcWordEA": 52
    },
    {
      "srcTextID": "113331",
      "srcText": "저녁 식사가 끝난 후에는 모두 기숙사로 돌아와 공부를 하였습니다. 한참 뒤에 종이 울리자 학생들은 공부를 끝내고 잠자리에 들 준비를 하였습니다. 잠시 후에 다시 종이 울리자 학생들은 일제히 불을 끄고 잠을 청하였습니다. 유관순은 이화 학당에서의 첫날을 이렇게 마감했습니다.",
      "srcPage": 31,
      "srcSentenceEA": 4,
      "srcWordEA": 40
    },
    {
      "srcTextID": "113332",
      "srcText": "\"얘, 일 좀 그만 해라. 일 많이 하면 누가 상이라도 줄까 봐 그러니?\" \"글쎄 말이야. 학교에 공부하러 왔지, 일하러 왔니? 잘난 척 좀 하지 마라.\" 어떤 학생들은 이렇게 비아냥거렸습니다. 그러나 유관순은 잠자코 자기 할 일만 하였습니다.",
      "srcPage": 34,
      "srcSentenceEA": 7,
      "srcWordEA": 41
    },
    {
      "srcTextID": "113337",
      "srcText": "유관순은 인정이 많고 신앙심도 깊었습니다. 어느 날 저녁 식사 시간이었습니다. 그 날도 유관순은 식당에 모습을 나타내지 않았습니다. 유관순은 벌써 며칠째 저녁 식사 때에 나타나지 않고 있었습니다. 이상하게 생각한 서명학이 유관순을 찾아 학교 안을 돌아다녔습니다.",
      "srcPage": 35,
      "srcSentenceEA": 5,
      "srcWordEA": 38
    },
    {
      "srcTextID": "113335",
      "srcText": "서명학이 이렇게 따져 묻자 유관순은 사실대로 털어놓았습니다. \"사실은 우리 반 아이 중에 밥값을 못 내는 아이가 있어서 내 저녁을 그 아이에게 주기로 했어.\" 서명학은 이 말을 듣자 유관순의 손을 붙잡으며 울먹였습니다. \"관순아, 난 그런 아이가 있는 줄 미처 몰랐어.\"",
      "srcPage": 38,
      "srcSentenceEA": 4,
      "srcWordEA": 40
    },
    {
      "srcTextID": "113340",
      "srcText": "서명학은 그 학생을 돕기 위해 곧 모금 운동을 벌였습니다. 많은 학생들의 호응으로 쉽게 돈이 마련되었습니다. 게다가 이 일은 프레이 교장에게까지 알려져 유관순은 모범 학생으로 표창을 받았습니다.",
      "srcPage": 39,
      "srcSentenceEA": 3,
      "srcWordEA": 28
    },
    {
      "srcTextID": "113339",
      "srcText": "1919년 1월, 덕수궁에 갇혀 지내다시피 하던 고종 황제가 갑자기 세상을 떠났습니다. 이 소식이 나라 안에 알려지자 백성들은 큰 슬픔에 잠겼습니다. 신문에는 뇌일혈로 세상을 떠났다고 발표되었지만 사람들 사이에는 고종 황제가 독살되었다는 소문이 떠돌았습니다. \"일본놈들이 고종 황제를 죽였대.\"",
      "srcPage": 41,
      "srcSentenceEA": 4,
      "srcWordEA": 38
    },
    {
      "srcTextID": "113343",
      "srcText": "그러자 일본 정부는 흉흉한 민심을 수습하기 위해서인지 서둘러 고종의 장례식을 3월 3일로 결정하여 발표했습니다. 또한 1주일 동안 백성들이 덕수궁 앞에서 망곡을 해도 좋다는 허락을 내렸습니다. 분노와 슬픔에 찬 백성들은 덕수궁 앞에 몰려와 땅을 치며 통곡하였습니다. 백성들의 통곡 소리는 이화 학당에까지 들려왔습니다. 통곡 소리가 들려올 때마다 학생들도 함께 목놓아 울었습니다.",
      "srcPage": 43,
      "srcSentenceEA": 5,
      "srcWordEA": 53
    },
    {
      "srcTextID": "113344",
      "srcText": "유관순은 친구들과 함께 있는 자리에서 분노에 찬 목소리로 말했습니다. \"하루빨리 이 땅에서 일본놈들을 몰아내고 나라를 되찾아야 해. 그것만이 억울하게 돌아가신 고종 황제의 원한을 푸는 길이야.\" 이것은 비단 유관순뿐만 아니라 나라 안의 모든 백성들이 간절하게 바라는 일이었습니다.",
      "srcPage": 44,
      "srcSentenceEA": 4,
      "srcWordEA": 38
    },
    {
      "srcTextID": "113369",
      "srcText": "그날 밤, 학생들은 모두 뜬눈으로 밤을 새웠습니다. 이튿날도 시내에서는 만세 운동이 계속되었습니다. 각 지방에서도 만세 시위가 잇달아 만세 운동은 전국으로 번져 갔습니다.",
      "srcPage": 72,
      "srcSentenceEA": 3,
      "srcWordEA": 24
    },
    {
      "srcTextID": "113375",
      "srcText": "3월 4일, 경성 시내에 있는 학교 대표들이 비밀리에 모여 회의를 열었습니다. \"지금 전국으로 만세 운동이 확산되고 있습니다. 이 여세를 몰아 경성에 있는 모든 학교의 학생들이 힘을 합해 대규모 시위를 벌이는 게 어떻겠습니까?\" \"3월 5일 아침 8시 30분까지 남대문 광장으로 모두 모입시다. 각자 태극기를 가지고 나오세요.\"",
      "srcPage": 73,
      "srcSentenceEA": 5,
      "srcWordEA": 47
    },
    {
      "srcTextID": "113376",
      "srcText": "학생들은 만세를 외치면서 대한문 앞과 종로 등지로 행진하기 시작했습니다. 그러나 곧 출동한 일본 헌병들에 의해 대열은 뿔뿔이 흩어지게 되었습니다. 유관순과 친구들도 일본 헌병에게 쫓겨 서로 흩어졌다가 미리 약속한 장소에서 다시 만났습니다.",
      "srcPage": 75,
      "srcSentenceEA": 3,
      "srcWordEA": 33
    },
    {
      "srcTextID": "113377",
      "srcText": "\"하늘에 계신 우리 아버지, 부디 일본놈들에게 끌려간 저희 불쌍한 백성들과 학생들에게 용기와 축복을 내려 주소서. 한 사람도 다치지 않도록 돌봐 주소서.\" 유관순은 오랫동안 기도를 드리고 난 후에야 겨우 잠을 이룰 수가 있었습니다.",
      "srcPage": 78,
      "srcSentenceEA": 3,
      "srcWordEA": 34
    },
    {
      "srcTextID": "113379",
      "srcText": "이튿날 아침, 일본 형사들이 이화 학당으로 우르르 몰려왔습니다. 그들은 자기들이 체포하였던 여학생 중에 이화 학당의 학생이 있음이 밝혀지자, '이화 학당 안에 시위에 가담한 학생이 더 있을 것이다.' 라고 판단하여 나머지 학생들을 잡으러 나선 것입니다.",
      "srcPage": 79,
      "srcSentenceEA": 4,
      "srcWordEA": 36
    },
    {
      "srcTextID": "113382",
      "srcText": "\"그럼, 이 곳에 학생 말고 누가 또 있기라도 한가?\" 형사는 험악한 표정으로 잠시 유관순을 노려보더니 따지듯이 물었습니다. \"어딜 가는 거지?\" \"교회에 가요.\"",
      "srcPage": 82,
      "srcSentenceEA": 4,
      "srcWordEA": 23
    },
    {
      "srcTextID": "113381",
      "srcText": "\"교회? 너희들 예배를 본답시고 또 만세를 부르기 위해 모이려는 거지?\" \"아니, 교회에서 어떻게 만세를 불러요? 하나님께 예배 드리는 곳에서.\" \"흥, 만약 눈치가 수상하면 모두 체포해 갈 테다.\" \"마음대로 하세요.\" 유관순은 이렇게 말하고는 휙 돌아섰습니다.",
      "srcPage": 83,
      "srcSentenceEA": 6,
      "srcWordEA": 37
    },
    {
      "srcTextID": "113385",
      "srcText": "이튿날, 총독부에서는 학생들이 만세 운동에 참여하는 것을 막아 보자는 술책으로 모든 학교에 일제히 휴교령을 내렸습니다. 휴교령으로 인해 기숙사에 있던 학생들은 모두 각자 고향으로 돌아가야만 했습니다. 그날 밤, 유관순을 비롯한 비밀 결사대는 고향으로 떠나기 전에 한 곳에 모였습니다. \"나쁜 놈들! 우리를 흩어지게 하려는 못된 수작이야.\" \"하지만 실망할 건 없어. 고향에 내려가더라도 독립 운동을 할 기회는 있을 거야. 꼭 경성에 있어야만 만세를 부를 수 있는 건 아니니까.\" 유관순의 말에 친구들은 고개를 끄덕였습니다.",
      "srcPage": 85,
      "srcSentenceEA": 9,
      "srcWordEA": 76
    },
    {
      "srcTextID": "113390",
      "srcText": "유관순은 사촌 언니 유예도와 함께 고향으로 돌아왔습니다. 집에는 공주에서 고등학교를 다니고 있던 오빠 관옥이 와 있었습니다. 관옥도 마찬가지로 휴교령이 내려져 집으로 돌아온 것이었습니다.",
      "srcPage": 86,
      "srcSentenceEA": 3,
      "srcWordEA": 25
    },
    {
      "srcTextID": "113408",
      "srcText": "연기 땅을 두루 돌아다닌 유관순은 이번에는 진천의 여러 마을을 찾아다녔는데, 그녀가 찾아다닌 마을은 보평, 화산, 삽다리, 벌터 등 9개 마을에 이르렀습니다. 유관순은 그 곳에서도 마을의 대표자들을 만나 만세 운동을 일으키도록 설득한 다음 이렇게 지시하였습니다. \"만세를 부르기로 결정이 되면 음력 2월 25일까지 대표 한 사람을 지령리로 보내 주세요. 그리고 음력 2월 그믐날 밤에 지령산 매봉에서 봉화를 올릴 테니 여기에서도 응답하는 봉화를 올려 주세요.\" 이처럼 유관순이 열심히 뛰어다닌 결과 여러 마을의 대표들은 흔쾌히 만세 운동에 참여하기로 결정하였습니다.",
      "srcPage": 106,
      "srcSentenceEA": 5,
      "srcWordEA": 78
    },
    {
      "srcTextID": "113422",
      "srcText": "한편, 사방의 산봉우리에서 봉화가 올라 하늘을 붉게 물들이자 일본 경찰들은 이상하게 생각하였습니다. \"저게 웬 불이지?\" \"글쎄, 마을 사람들이 불놀이를 하는 게 아닐까?\" 그들은 산 위의 횃불을 바라보며 수군거렸습니다.",
      "srcPage": 112,
      "srcSentenceEA": 4,
      "srcWordEA": 29
    },
    {
      "srcTextID": "113420",
      "srcText": "사람들은 물건을 흥정하는 체하면서 정오가 되기를 기다렸습니다. 이따금 옷 속에 감춘 태극기를 가만히 만져 보는 사람도 있었습니다. 정오가 되자 유관순은 장터 한가운데에 쌓여 있는 쌀가마니 위에 올라섰습니다.",
      "srcPage": 116,
      "srcSentenceEA": 3,
      "srcWordEA": 29
    },
    {
      "srcTextID": "113428",
      "srcText": "맨 앞에 서서 시위 군중을 이끌던 청구 학교 교장 김구응이 일본 헌병의 총탄에 쓰러졌습니다. 그러자 70세가 넘은 김구응의 어머니가 쓰러진 아들을 부둥켜안으며, \"이 나쁜 놈들! 나라를 되찾으려 하는 것도 죄가 된단 말이냐!\" 하고 소리치며 울부짖었습니다.",
      "srcPage": 125,
      "srcSentenceEA": 5,
      "srcWordEA": 38
    },
    {
      "srcTextID": "113433",
      "srcText": "\"부모님의 유해는 내가 모시고 갈 테니 걱정 말고 어서 이 자리를 피해.\" 유관순은 할 수 없이 그 자리를 떠나 집으로 달음박질쳤습니다. 길거리에는 피로 물든 시체들이 여기저기 널브러져 있었습니다.",
      "srcPage": 133,
      "srcSentenceEA": 3,
      "srcWordEA": 30
    },
    {
      "srcTextID": "113454",
      "srcText": "며칠 후, 유관순은 공주 검사국으로 넘겨졌습니다. 천안에서 공주로 가는 길에도 유관순은 계속 만세를 불렀습니다. 공주에 도착한 유관순은 그 곳 감옥에 갇힌 채 재판날을 기다렸습니다.",
      "srcPage": 145,
      "srcSentenceEA": 3,
      "srcWordEA": 26
    },
    {
      "srcTextID": "113471",
      "srcText": "그러던 어느 날, 유관순은 면회 온 친구를 통해 반가운 소식을 듣게 되었습니다. 두 동생이 공주에서 어떤 여학생의 도움을 받으며 살고 있다는 소식이었습니다. 유관순은 그제야 마음이 놓였습니다.  이제 그녀에게 남은 한 가지 소망은 조국이 독립되는 것이었습니다.",
      "srcPage": 163,
      "srcSentenceEA": 4,
      "srcWordEA": 39
    },
    {
      "srcTextID": "113404",
      "srcText": "유관순 앞을 가로막고 있는 것은 황소만한 호랑이였습니다. 호랑이는 좁은 고갯길을 가로막고 서서 이글거리는 눈으로 유관순을 노려보았습니다. 유관순은 온몸에 소름이 쫙 끼쳤으나 간신히 정신을 가다듬고 호랑이를 마주 쏘아보았습니다. 그러자 호랑이는 그 기세에 눌렸는지 더 이상 다가오지 못했습니다.",
      "srcPage": 99,
      "srcSentenceEA": 4,
      "srcWordEA": 39
    },
    {
      "srcTextID": "113405",
      "srcText": "유관순도 줄곧 호랑이를 노려보며 그 자리에 그대로 서 있었습니다. 그렇게 한참 동안을 노려보자 호랑이는 슬슬 뒷걸음질 치더니 눈 깜짝할 사이에 어디론가 사라져 버렸습니다. 유관순은 안도의 숨을 내쉬었습니다.",
      "srcPage": 101,
      "srcSentenceEA": 3,
      "srcWordEA": 29
    },
    {
      "srcTextID": "113410",
      "srcText": "유관순이 고개 위에서 호랑이를 만났던 이야기를 들려주자 마을 사람들은 깜짝 놀랐습니다. \"아니, 한밤중에 그 험한 고개를 혼자 넘어오다니 정말 대단한 아가씨구먼!\" \"게다가 호랑이가 나타났는데도 전혀 겁내지 않다니.\" \"아무래도 아가씨는 보통 사람이 아닌 것 같구려.\" 마을 사람들은 유관순의 용기에 감탄하여 만세 운동에 동참할 것을 선선히 승낙하였습니다.",
      "srcPage": 103,
      "srcSentenceEA": 5,
      "srcWordEA": 46
    },
    {
      "srcTextID": "113407",
      "srcText": "아직 몸이 회복되지 않아 제대로 걸음을 옮기기조차 힘들었으나 유관순은 이를 악물고 걸었습니다. 이 날 유관순은 속샛말, 발이미, 한신, 상노정 등의 마을을 두루 찾아다니면서 만세 운동에 동참할 것을 호소했습니다. 똑같은 말을 되풀이하면서 여러 마을을 돌아다니다 보니 다리뿐만 아니라 목이 아파 못 견딜 지경이었습니다. 그러나 나라의 독립을 향한 유관순의 열정은 좀처럼 식을 줄 몰랐습니다.",
      "srcPage": 105,
      "srcSentenceEA": 4,
      "srcWordEA": 55
    },
    {
      "srcTextID": "113413",
      "srcText": "기도를 마친 유관순은 엄숙한 표정으로 성냥불을 그어 이 서방이 들고 있는 홰끝에 갖다 댔습니다. 홰에 불이 붙자 유관순은 그 횃불을 오른손에 들고 높이 치켜들었습니다. 그러자 어둠에 묻혀 있던 봉우리마다 하나 둘 횃불이 오르기 시작하였습니다.",
      "srcPage": 110,
      "srcSentenceEA": 3,
      "srcWordEA": 36
    },
    {
      "srcTextID": "113412",
      "srcText": "그것을 바라보는 유관순의 눈에서는 뜨거운 눈물이 흘러내렸습니다. 그녀의 발길이 닿았던 마을마다 모두 봉화를 올린 것이었습니다. 매봉을 중심으로 하여 타오르는 24개의 횃불, 그것은 민족의 장래를 밝히려는 횃불이었습니다.",
      "srcPage": 111,
      "srcSentenceEA": 3,
      "srcWordEA": 28
    },
    {
      "srcTextID": "113417",
      "srcText": "\"아무래도 심상치가 않아. 무슨 신호가 아닐까?\" 한 사람이 이렇게 말했으나 모두들 웃어 버렸습니다. \"신호는 무슨 신호! 별 이상한 소리를 다 하는군.\" \"산에서 제사라도 지내는 모양이지 뭐.\" \"아무려면 어때! 신경 쓸 것 없잖아.\" 모두 이렇게 대수롭지 않다는 듯이 말하자 이상하게 여기던 경찰도 그만 입을 다물어 버렸습니다.",
      "srcPage": 113,
      "srcSentenceEA": 9,
      "srcWordEA": 50
    },
    {
      "srcTextID": "113421",
      "srcText": "유관순과 동지들은 장터로 가는 길목에 서서 사람들에게 태극기를 나누어 주었습니다. 사람들은 태극기를 받아 재빨리 옷 속에 감추고 태연하게 장터로 들어갔습니다. 정오가 가까워지자 장터는 사람들로 발 디딜 틈도 없이 붐볐습니다.",
      "srcPage": 115,
      "srcSentenceEA": 3,
      "srcWordEA": 31
    },
    {
      "srcTextID": "113424",
      "srcText": "말을 마친 유관순은 품 속에 감추어 두었던 태극기를 꺼내 들었습니다. 그녀의 얼굴은 붉게 상기되어 있었습니다. 그 때 조인원, 유도기 두 사람이 커다란 태극기를 높이 쳐들며, \"대한 독립 만세!\" 하고 외쳤습니다.",
      "srcPage": 119,
      "srcSentenceEA": 5,
      "srcWordEA": 33
    },
    {
      "srcTextID": "113423",
      "srcText": "그러자 군중들도 일제히 태극기를 꺼내 들고 큰 소리로 만세를 불렀습니다. \"대한 독립 만세!\" \"대한 독립 만세!\"",
      "srcPage": 120,
      "srcSentenceEA": 3,
      "srcWordEA": 16
    },
    {
      "srcTextID": "113425",
      "srcText": "아우내 장터는 순식간에 수많은 태극기의 물결로 뒤덮였습니다. 군중들은 목청껏 만세를 외치며 행진을 시작하였습니다. 행렬의 맨 앞에는 조인원과 유도기, 유관순의 아버지 유중권이 앞장섰습니다. 만세 행렬은 아우내 일본 주재소를 향하여 행진해 나아갔습니다. 일본 헌병들은 뜻밖의 사태에 당황하여 어찌 할 바를 몰랐습니다.",
      "srcPage": 121,
      "srcSentenceEA": 5,
      "srcWordEA": 43
    },
    {
      "srcTextID": "113429",
      "srcText": "유관순이 사람들을 가로막으며 만류했지만 흥분한 그들은 막무가내였습니다. 사람들은 주재소로 들어가 책상, 유리창 등을 닥치는 대로 부수어 버렸습니다. 바로 그 때, 멀리서 자동차 소리와 함께 요란한 총 소리가 들려왔습니다. 천안에 있는 헌병대 본부에서 연락을 받고 달려온 것이었습니다. 그들은 차에서 내리자마자 군중을 향해 아무 거리낌 없이 총을 쏘아 댔습니다.",
      "srcPage": 124,
      "srcSentenceEA": 5,
      "srcWordEA": 51
    },
    {
      "srcTextID": "113437",
      "srcText": "하지만 그 말이 채 끝나기도 전에 일본 헌병이 김구응의 어머니에게 총을 쏘았습니다. 총에 맞은 김구응의 어머니도 아들의 시체 위에 힘없이 쓰러졌습니다. 이 광경을 지켜본 유관순의 아버지와 조인원이 맨주먹으로 일본 헌병에게 대항하였지만 일본 헌병들이 휘둘러 대는 총칼에 무참히 쓰러지고 말았습니다.",
      "srcPage": 126,
      "srcSentenceEA": 3,
      "srcWordEA": 41
    },
    {
      "srcTextID": "113443",
      "srcText": "고야마가 무서운 얼굴로 소리를 질렀으나 유관순은 조금도 두려워하지 않았습니다. \"나라를 되찾는 일에 나이가 무슨 상관이 있느냐? 이번 일은 처음부터 끝까지 내가 주동이 되어 한 것이니 저 죄 없는 사람들은 모두 풀어 주어라.\" 화가 머리끝까지 치민 고야마는 개머리판으로 유관순의 머리를 내리치게 하였습니다. 유관순이 코피를 쏟으며 그 자리에 쓰러지자 고야마는 구둣발로 유관순을 사정없이 짓밟았습니다.",
      "srcPage": 140,
      "srcSentenceEA": 5,
      "srcWordEA": 55
    },
    {
      "srcTextID": "113451",
      "srcText": "\"뒤에서 일을 꾸민 사람의 이름을 대라니까!\" 일본 헌병이 다그쳤으나 유관순은 모든 일을 자기 혼자서 한 것이라고 끝까지 주장했습니다. \"도대체 몇 번씩 말해야 알아듣겠느냐? 나만 살겠다고 없는 사실을 꾸며서 말하란 말이냐?\" 이 말을 들은 일본 헌병은 유관순을 묶어 놓고 매질을 하기 시작하였습니다.",
      "srcPage": 142,
      "srcSentenceEA": 5,
      "srcWordEA": 44
    },
    {
      "srcTextID": "113455",
      "srcText": "옷이 갈가리 찢기고 온몸이 피투성이가 되었으나 그녀는 결코 굽히지 않았습니다. 일본 헌병은 매질을 멈추고 또다시 물었습니다. \"마지막 기회를 주겠다. 이 일을 꾸민 자가 누구냐?\"",
      "srcPage": 143,
      "srcSentenceEA": 4,
      "srcWordEA": 26
    },
    {
      "srcTextID": "113457",
      "srcText": "\"오빠!\" 유관순이 부르는 소리에 유관옥이 고개를 돌렸습니다. \"관순아!\" 유관옥은 가슴이 찢어질 듯 아팠습니다. 누이동생은 이미 예전의 모습이 아니었던 것입니다. 얼굴은 퉁퉁 붓고 머리는 마구 헝클어져 전혀 딴사람 같았습니다.",
      "srcPage": 147,
      "srcSentenceEA": 4,
      "srcWordEA": 32
    },
    {
      "srcTextID": "113418",
      "srcText": "그리고는 사람들을 둘러보며 큰 소리로 외쳤습니다. \"여러분, 우리 나라는 반만년의 빛나는 역사를 가진 독립 국가였습니다. 그런데 일본이 강제로 우리의 주권을 빼앗고 온갖 횡포를 부리고 있습니다. 이렇게 억울하고 원통한 일이 어디 있겠습니까?\" \"옳소!\"",
      "srcPage": 117,
      "srcSentenceEA": 4,
      "srcWordEA": 34
    },
    {
      "srcTextID": "113459",
      "srcText": "아우내 장터에서 만세 운동이 있던 날, 유관옥도 동지들과 함께 공주에서 만세를 부르다가 일본 경찰에게 붙잡히고 말았던 것입니다. \"관순아, 부모님과 동생들은 모두 별일 없지?\" 유관옥이 가족들의 안부를 물었지만 유관순은 목이 메어 아무 말도 할 수가 없었습니다.",
      "srcPage": 148,
      "srcSentenceEA": 3,
      "srcWordEA": 36
    },
    {
      "srcTextID": "113462",
      "srcText": "유관순의 눈에서는 뜨거운 눈물이 하염없이 흘러내렸습니다. 부모 형제를 잃고 헤매고 있을 어린 동생들을 생각하니 못견디게 가슴이 아팠던 것입니다. 그러나 간수들이 재촉하는 바람에 두 사람은 기약 없는 이별을 해야만 했습니다.",
      "srcPage": 150,
      "srcSentenceEA": 3,
      "srcWordEA": 31
    },
    {
      "srcTextID": "113460",
      "srcText": "우리 나라가 일본의 지배 아래 있는 한 감옥 안에 있으나 밖에 있으나 마찬가지라고 생각한 것입니다. 유관순은 재판을 받기 위하여 감옥과 재판소를 오가는 도중에도 사람들이 많이 모인 곳을 지나가게 되면 언제나 큰 소리로 독립 만세를 불렀습니다. 그 때마다 모진 매를 맞은 것은 두말 할 나위 없는 일이었습니다.",
      "srcPage": 152,
      "srcSentenceEA": 3,
      "srcWordEA": 48
    },
    {
      "srcTextID": "113467",
      "srcText": "이후에도 주위 사람들이 거듭 항소하기를 권하자 유관순은 마지못해 결심을 바꾸어 경성 재판소에 항소하였습니다. 드디어 경성으로 올라온 유관순이 재판을 받는 날이 되었습니다. 유관순은 간수의 안내를 받아 법정으로 들어섰습니다.",
      "srcPage": 153,
      "srcSentenceEA": 3,
      "srcWordEA": 29
    },
    {
      "srcTextID": "113469",
      "srcText": "같은 감방에 있는 죄수 중에 갓난아기를 데리고 있는 여자가 있었습니다. 그 여자는 기저귀가 모자라 항상 아기에게 축축한 기저귀를 그대로 채워 주었습니다.  그것을 본 유관순은 젖은 기저귀를 자기 허리에 감아 말려 주었습니다. 그리고 번번이 식사를 그 여자에게 양보하고, 자신은 굶었습니다.",
      "srcPage": 161,
      "srcSentenceEA": 4,
      "srcWordEA": 43
    },
    {
      "srcTextID": "113474",
      "srcText": "이처럼 유관순은 다른 사람을 위해 자신의 건강을 돌보지 않았으므로 날이 갈수록 건강이 더욱 나빠졌습니다. 그러나 유관순은 죽음을 조금도 두려워하지 않았습니다. 그녀는 다만 조국의 앞날과 고아가 된 두 동생이 걱정일 뿐이었습니다.",
      "srcPage": 162,
      "srcSentenceEA": 3,
      "srcWordEA": 32
    },
    {
      "srcTextID": "113409",
      "srcText": "온몸은 땀으로 흠뻑 젖어 있었습니다. 유관순은 감사의 기도를 올리고 나서 다시 길을 재촉하여 무사히 고개를 넘었습니다. 고개 아래에 있는 '무들'이라는 동네에 들어섰을 때에는 이미 먼동이 트기 시작했습니다.",
      "srcPage": 102,
      "srcSentenceEA": 4,
      "srcWordEA": 30
    },
    {
      "srcTextID": "113411",
      "srcText": "지친 몸을 이끌고 집으로 돌아온 유관순은 하루 종일 꼼짝도 못 하고 앓아 누웠습니다. 다리는 퉁퉁 부어 있었고 부르튼 발은 쉽게 나을 것 같지가 않았습니다. 이튿날 새벽이 되자 유관순은 다시 연기 쪽을 향해 길을 떠났습니다.",
      "srcPage": 104,
      "srcSentenceEA": 3,
      "srcWordEA": 36
    },
    {
      "srcTextID": "113414",
      "srcText": "드디어 음력 2월 그믐날이 되었습니다. 그날 밤은 매봉에서 각 마을에 신호를 보내기로 되어 있었습니다. 유관순은 서둘러 모든 준비를 끝내고 밤이 되기만을 기다렸습니다. 유관순에게는 그 날따라 하루 해가 무척 길게 느껴졌습니다.",
      "srcPage": 107,
      "srcSentenceEA": 4,
      "srcWordEA": 33
    },
    {
      "srcTextID": "113426",
      "srcText": "여기저기에서 박수가 터져 나왔습니다. \"지금 세계의 약소 민족들은 미국의 윌슨 대통령이 주창한 민족 자결주의의 원칙에 따라 자주와 독립을 부르짖고 있습니다. 그리하여 우리 나라에서도 지난 3월 1일에 경성을 비롯하여 전국 방방곡곡에서 독립 만세를 부른 것입니다. 그리고 지금도 여러 지방에서 만세 시위를 벌이고 있습니다. 우리도 이 땅의 백성들인데 이대로 있어서야 되겠습니까? 여러분, 우리도 소리 높여 힘차게 독립 만세를 부릅시다!\"",
      "srcPage": 118,
      "srcSentenceEA": 6,
      "srcWordEA": 61
    },
    {
      "srcTextID": "113427",
      "srcText": "그들은 장터에 유난히 사람들이 많이 모여 이상하게 생각하긴 했으나, 설마 만세 운동 때문에 모인 것이리라고는 상상도 하지 못했던 것입니다. 일본 헌병들은 칼과 총을 들고 만세 대열을 막았습니다. 그러나 군중들의 기세는 전혀 수그러들지 않았습니다. 그들은 더욱더 힘차게 태극기를 흔들며 만세를 불렀습니다.",
      "srcPage": 122,
      "srcSentenceEA": 4,
      "srcWordEA": 43
    },
    {
      "srcTextID": "113438",
      "srcText": "헌병들이 계속 총을 쏘아 댔으나 그녀는 피할 생각도 하지 않았습니다. 그 때, 누군가가 유관순의 팔을 붙잡아 일으켰습니다. 독립 만세 운동을 계획하였다는 죄로 주재소에 갇혀 있다가 나온 관옥의 친구 이종성이었습니다.",
      "srcPage": 131,
      "srcSentenceEA": 3,
      "srcWordEA": 31
    },
    {
      "srcTextID": "113440",
      "srcText": "관복과 관석은 소리치며 울음을 터뜨렸습니다. 그 때였습니다. 갑자기 그들의 등 뒤에서, \"꼼짝 마라!\" 하는 소리가 들렸습니다. 어떻게 알았는지 일본 헌병들이 유관순의 집을 향해 몰려오고 있었습니다.",
      "srcPage": 137,
      "srcSentenceEA": 6,
      "srcWordEA": 29
    },
    {
      "srcTextID": "113452",
      "srcText": "그러나 유관순은 또렷한 목소리로 대답하였습니다. \"뒤에서 지시한 사람은 없다. 내가 주동해서 한 일이다.\" \"지독한 계집애로구나.\" 일본 헌병은 더 이상 신문하기를 단념하고 유관순을 유치장에 가두어 버렸습니다.",
      "srcPage": 144,
      "srcSentenceEA": 5,
      "srcWordEA": 27
    },
    {
      "srcTextID": "113464",
      "srcText": "모진 고문으로 인해 그녀의 모습은 차마 눈 뜨고 볼 수 없을 정도로 참혹하였지만 자세는 조금도 흐트러짐이 없었습니다. 곧 재판이 시작되었습니다. 재판장은 엄숙한 목소리로 유관순에게 말하였습니다. \"피고는 당연히 무거운 벌을 받아야 하지만 아직 나이 어린 소녀라는 점을 참작하여 관대한 처분을 내리기로 하였다. 피고는 앞으로 자신의 행동을 반성하고 착한 백성이 되기를 바란다.\"",
      "srcPage": 154,
      "srcSentenceEA": 5,
      "srcWordEA": 53
    },
    {
      "srcTextID": "113406",
      "srcText": "유관순은 마음속으로 이 위기에서 벗어나게 해 달라고 간절히 기도드렸습니다. 기도를 마친 유관순은 여전히 호랑이를 쏘아보며 호소하듯 말하였습니다. \"아무리 미련한 짐승이라지만 너도 조선의 짐승이 아니냐? 제발 나를 해치지 말고 길을 비켜 다오!\" 그러나 호랑이는 꼼짝도 하지 않았습니다.",
      "srcPage": 100,
      "srcSentenceEA": 5,
      "srcWordEA": 39
    },
    {
      "srcTextID": "113416",
      "srcText": "이윽고 해가 저물면서 사방이 어두워지기 시작하였습니다. 날이 완전히 어두워지자 유관순은 하인 이 서방을 데리고 집을 나섰습니다. 동생 관복도 뒤따라 나섰습니다. 그들은 조심스럽게 매봉을 향하여 올라갔습니다.",
      "srcPage": 108,
      "srcSentenceEA": 4,
      "srcWordEA": 28
    },
    {
      "srcTextID": "113466",
      "srcText": "이 말에 유관순은 벌컥 화를 냈습니다. \"반성이라니 무슨 당치 않은 소리냐? 내 나라를 찾기 위하여 만세를 부른 것도 죄가 된단 말이냐? 반성은 강제로 남의 나라를 빼앗은 너희들이 해야 할 것이다.\" 유관순의 거침없는 말에 재판장의 얼굴은 새파랗게 질려 버렸습니다.",
      "srcPage": 155,
      "srcSentenceEA": 5,
      "srcWordEA": 41
    },
    {
      "srcTextID": "113463",
      "srcText": "그러나 유관순은 태연하게 계속 말하였습니다. \"일본 천황이 나와 무슨 상관이란 말이냐? 천황은 너희에게나 천황이지 우리의 천황은 아니다.\" \"무엇이 어째! 감히 어디서 그 따위 소리를 지껄이는 거냐? 네까짓 것이 날뛴다고 독립이 될 것 같아?\"",
      "srcPage": 157,
      "srcSentenceEA": 6,
      "srcWordEA": 36
    },
    {
      "srcTextID": "113473",
      "srcText": "유관순은 서대문 형무소에서 감옥 생활을 하였습니다. 형무소 안에서도 유관순은 기회만 있으면 만세를 불렀습니다. 그럴 때마다 심한 매를 맞아 온몸이 성한 데가 없었으나, 이미 나라를 위해 목숨을 바치기로 작정한 유관순은 두려울 게 아무것도 없었습니다.",
      "srcPage": 159,
      "srcSentenceEA": 3,
      "srcWordEA": 35
    },
    {
      "srcTextID": "113475",
      "srcText": "혹독한 고문으로 유관순의 건강은 몹시 나빠져 옛날의 모습은 전혀 찾아볼 수 없었습니다. 그런데도 그녀는 같은 감방에 있는 사람들에게 많은 인정을 베풀었습니다. 하루는 이런 일이 있었습니다.",
      "srcPage": 160,
      "srcSentenceEA": 3,
      "srcWordEA": 27
    },
    {
      "srcTextID": "113472",
      "srcText": "독방에 갇힌 유관순은 기운이 있을 때에는 매번 만세를 불렀습니다. 그러면 다른 방에 갇혀 있던 사람들도 일제히 만세를 불렀습니다. 그럴 때마다 간수들은 그녀를 끌고 가 모진 고문을 가했습니다. 그러기를 수도 없이 반복하였습니다.",
      "srcPage": 164,
      "srcSentenceEA": 4,
      "srcWordEA": 34
    },
    {
      "srcTextID": "113430",
      "srcText": "일본 헌병들은 닥치는 대로 총칼을 휘둘렀습니다. 이 때 앞장서서 만세를 부르던 김상헌이 칼에 찔려 피를 흘리며 쓰러졌습니다. 성난 사람들은 피가 흐르는 김상헌의 시체를 둘러메고 주재소로 몰려 들어갔습니다.",
      "srcPage": 123,
      "srcSentenceEA": 3,
      "srcWordEA": 29
    },
    {
      "srcTextID": "113436",
      "srcText": "유관순이 달려가 부모님을 끌어안고 소리쳤습니다. \"아버지, 어머니! 정신 차리세요!\"",
      "srcPage": 128,
      "srcSentenceEA": 3,
      "srcWordEA": 10
    },
    {
      "srcTextID": "113431",
      "srcText": "\"관순아, 이 원수를 꼭 갚아 다오!\" 어머니도 이렇게 말하고 눈을 감았습니다. \"아버지, 어머니!\" 유관순은 부모님의 시체 위에 엎드려 통곡하였습니다.",
      "srcPage": 130,
      "srcSentenceEA": 4,
      "srcWordEA": 21
    },
    {
      "srcTextID": "113432",
      "srcText": "\"관순아, 이러고 있을 때가 아냐. 어서 피해야 해.\" \"부모님 시신을 이대로 두고 나만 피할 수는 없어요.\" 유관순은 고개를 저으며 말했습니다.",
      "srcPage": 132,
      "srcSentenceEA": 4,
      "srcWordEA": 22
    },
    {
      "srcTextID": "113439",
      "srcText": "유관순은 동생들이 몹시 걱정되었습니다. '관복이와 관석이가 무사해야 할 텐데...' 이런 생각을 하며 유관순이 집 근처에 왔을 때였습니다. \"누나!\" 갑자기 뒤에서 관복과 관석이 달려오며 누나를 애타게 불렀습니다. 유관순은 동생들을 보자마자 너무 기쁜 나머지 와락 부둥켜안았습니다.",
      "srcPage": 134,
      "srcSentenceEA": 5,
      "srcWordEA": 37
    },
    {
      "srcTextID": "113453",
      "srcText": "마침내 재판을 받는 날이 되었습니다. 재판소로 가기 위하여 감옥을 나서던 유관순은 감옥으로 들어오는 한 젊은이와 마주쳤습니다. 무심코 청년의 얼굴을 쳐다본 유관순은 깜짝 놀랐습니다. 그 청년은 바로 오빠 유관옥이었습니다.",
      "srcPage": 146,
      "srcSentenceEA": 4,
      "srcWordEA": 31
    },
    {
      "srcTextID": "113461",
      "srcText": "유관순은 공주 재판소에서 3년의 징역형을 언도받았습니다. 그것은 유관순과 같이 나이 어린 소녀에게는 너무나 무거운 형벌이었습니다. 주위 사람들이 안타까워하며 유관순에게 경성 복심 법원에 항소할 것을 권하였지만 유관순은 들은 체도 하지 않았습니다.",
      "srcPage": 151,
      "srcSentenceEA": 3,
      "srcWordEA": 32
    },
    {
      "srcTextID": "113415",
      "srcText": "마침내 산꼭대기에 이르자 유관순은 심호흡을 한 다음 어둠에 묻힌 산봉우리를 둘러보았습니다. 그리고는 단정히 꿇어앉아 하늘을 향하여 기도를 올렸습니다. \"주여, 저희들이 뜻하는 바를 이룰 수 있게 이끌어 주시고, 오늘 밤 제가 밝힐 횃불이 우리 겨레의 가슴에 영원히 꺼지지 않는 애국의 불이 되게 해 주시옵소서.\"",
      "srcPage": 109,
      "srcSentenceEA": 3,
      "srcWordEA": 44
    },
    {
      "srcTextID": "113419",
      "srcText": "드디어 이튿날이 되었습니다. 이 날은 아우내에 장이 서는 날이었습니다. 아우내 장터에는 아침부터 사방에서 장사꾼들이 모여들기 시작하였습니다.",
      "srcPage": 114,
      "srcSentenceEA": 3,
      "srcWordEA": 18
    },
    {
      "srcTextID": "113434",
      "srcText": "\"이 짐승만도 못한 놈들아! 아무 죄도 없는 우리 백성들을 이렇게 죽이고도 너희들이 무사할 것 같으냐!\" 바로 눈앞에서 남편이 쓰러지는 것을 본 유관순의 어머니가 일본 헌병에게 달려들었으나 어머니 역시 그들의 총에 맞아 힘없이 쓰러지고 말았습니다.",
      "srcPage": 127,
      "srcSentenceEA": 3,
      "srcWordEA": 36
    },
    {
      "srcTextID": "113435",
      "srcText": "아버지는 간신히 눈을 뜨고 딸을 바라보았습니다. \"우리 나라의 독립을 못 보고 죽는 것이 원통하구나...\" 아버지 유중권은 이 한 마디를 남긴 채 숨을 거두고 말았습니다.",
      "srcPage": 129,
      "srcSentenceEA": 3,
      "srcWordEA": 25
    },
    {
      "srcTextID": "113441",
      "srcText": "그러자 참고 있었던 슬픔이 복받쳐 올랐습니다. 말없이 눈물만 흘리고 있는 유관순을 보고 관석이가 물었습니다. \"왜 누나 혼자만 오는 거야? 아버지랑 어머니는?\"",
      "srcPage": 135,
      "srcSentenceEA": 4,
      "srcWordEA": 23
    },
    {
      "srcTextID": "113442",
      "srcText": "유관순은 흐느끼며 간신히 입을 열었습니다. \"흑흑, 아버지와 어머니는 돌아가셨단다.\" \"누나, 그게 무슨 말이야?\" \"거짓말이지?\"",
      "srcPage": 136,
      "srcSentenceEA": 3,
      "srcWordEA": 14
    },
    {
      "srcTextID": "113444",
      "srcText": "일본 헌병들은 달려오자마자 유관순의 머리를 사정없이 잡아챘습니다. \"누나!\" 겁에 질린 관복과 관석이 울며 매달렸으나 일본 헌병들은 무지막지하게 두 아이를 밀쳐 냈습니다. \"이놈들, 썩 비키지 못해!\"",
      "srcPage": 138,
      "srcSentenceEA": 3,
      "srcWordEA": 26
    },
    {
      "srcTextID": "113445",
      "srcText": "헌병들은 울부짖는 형제들을 남겨 둔 채 유관순을 끌고 갔습니다. 유관순은 아우내 주재소로 끌려갔습니다. 그 곳에는 이미 많은 사람들이 잡혀 와 있었습니다. 고야마 헌병 소장은 유관순을 보자마자 험상궂게 물었습니다. \"이번 만세 사건의 주모자가 누구냐?\" \"나다. 이번 일은 모두 내가 계획한 것이다.\" \"거짓말하지 마! 너 같은 어린것이 이런 일을 주동하다니 말도 안 되는 소리야. 바른 대로 말하지 않으면 가만두지 않겠다.\"",
      "srcPage": 139,
      "srcSentenceEA": 9,
      "srcWordEA": 64
    },
    {
      "srcTextID": "113456",
      "srcText": "유관순은 심한 매질을 견디다 못해 그만 기절해 버렸습니다. 며칠 후, 유관순은 다른 사람들과 함께 천안 헌병대로 넘겨졌습니다. 천안에서도 유관순은 심한 고문을 당하였습니다.",
      "srcPage": 141,
      "srcSentenceEA": 3,
      "srcWordEA": 24
    },
    {
      "srcTextID": "113458",
      "srcText": "말없이 눈물만 글썽이고 있는 유관순을 보자 유관옥은 가슴이 철렁 내려앉았습니다. \"무슨 일이 있었구나.\" \"부모님은 만세 운동이 있던 날 일본놈들의 총에 맞아 돌아가셨어요.\" \"뭐라고? 그럼 관복이와 관석이는?\" \"모르겠어요.\"",
      "srcPage": 149,
      "srcSentenceEA": 4,
      "srcWordEA": 28
    },
    {
      "srcTextID": "113465",
      "srcText": "방청석에 앉아 있는 사람들도 웅성거리기 시작하였습니다. 화가 머리끝까지 치민 재판장은 고함을 질렀습니다. \"나는 천황 폐하의 명을 받들어 죄인을 심판하는 사람이다. 나를 모욕하는 것은 곧 천황 폐하를 모욕하는 일이다. 그런 행동은 용서할 수 없다!\"",
      "srcPage": 156,
      "srcSentenceEA": 5,
      "srcWordEA": 36
    },
    {
      "srcTextID": "113468",
      "srcText": "흥분한 재판장이 이렇게 소리를 지르자 유관순은 앞에 있는 의자를 번쩍 들어 재판장에게 던졌습니다. 법정은 순식간에 아수라장이 되었습니다. 재판은 중단되고 유관순은 간수들에게 붙잡혀 밖으로 끌려나갔습니다. 이 일로 유관순은 7년의 징역형을 선고받았습니다. 처음 언도 받은 3년에다가 법정에서 소란을 피운 죄로 4년이 더해진 것입니다.",
      "srcPage": 158,
      "srcSentenceEA": 5,
      "srcWordEA": 45
    },
    {
      "srcTextID": "113470",
      "srcText": "그러던 어느 날 두 동생의 소식을 들은 지 얼마 되지 않아, 유관순은 서대문 형무소의 독방에서 조국의 독립을 기원하며 조용히 눈을 감았습니다.  때는 1920년 10월 12일, 그녀의 나이 불과 열아홉 살이었습니다. 유관순은 비록 짧은 생애를 살다 갔지만 그녀가 남긴 독립을 향한 의지는 불꽃처럼 타올라 우리 민족의 가슴속에 영원히 살아 있을 것입니다.",
      "srcPage": 165,
      "srcSentenceEA": 3,
      "srcWordEA": 53
    }
  ]
}