{
  "title": "삼총사의 보물찾기",
  "author": "강민경",
  "illustrator": "최철민",
  "isbn": "9788961911627",
  "readAge": "초등_고학년",
  "publishedYear": 2008,
  "publisher": "한얼교육",
  "classification": "의사소통",
  "paragraphInfoCount": 17,
  "paragraphInfo": [
    {
      "srcTextID": "144203",
      "srcText": "도달이의 말이 끝나기도 전에 당달이는 벌써 도둑들을 향해 달려갔지요. “이놈들! 당장 그만두지 못할까!” 당달이가 바위를 번쩍 들어 올리자 도둑들은 깜짝 놀라 도망가 버렸어요.",
      "srcPage": 3,
      "srcSentenceEA": 3,
      "srcWordEA": 25
    },
    {
      "srcTextID": "144206",
      "srcText": "“그럼 이렇게 해 보자. 먼저 장달이가 황금을 셋으로 똑같이 나눠. 그다음 당달이가 셋 중 하나를 네 몫으로 골라.",
      "srcPage": 5,
      "srcSentenceEA": 3,
      "srcWordEA": 20
    },
    {
      "srcTextID": "144210",
      "srcText": "“후유!” 밖으로 빠져나오자 삼총사는 털썩 주저앉았어요. “우리가 싸우는 바람에 큰일 날 뻔했어.” 장달이는 그제야 친구들에게 미안했어요. ",
      "srcPage": 11,
      "srcSentenceEA": 3,
      "srcWordEA": 18
    },
    {
      "srcTextID": "144204",
      "srcText": "어느 날, 멀리 숲을 바라보던 장달이가 말했어요. “이봐! 도둑들이 할아버지를 괴롭히고 있어!” “큰일이군! 빨리 가서 구하자!”",
      "srcPage": 2,
      "srcSentenceEA": 3,
      "srcWordEA": 18
    },
    {
      "srcTextID": "144207",
      "srcText": "할아버지는 삼총사에게 고맙다며 몇 번씩 인사하고는 길을 떠났어요. 삼총사도 다시 길을 가려고 하는데, 풀숲에 누런 종이 한 장이 떨어져 있지 뭐예요! “이게 뭐지? 아까 그 도둑들이 흘린 것 같은데.” 종이를 펴 본 도달이는 깜짝 놀랐어요. “이, 이건 보물 지도야!”",
      "srcPage": 6,
      "srcSentenceEA": 6,
      "srcWordEA": 42
    },
    {
      "srcTextID": "144211",
      "srcText": "당달이는 코를 벌름벌름. “내가 도둑들을 물리쳤으니 이 지도는 내 거야.” “무슨 소리! 내가 도둑들을 발견했잖아.”",
      "srcPage": 7,
      "srcSentenceEA": 4,
      "srcWordEA": 16
    },
    {
      "srcTextID": "144208",
      "srcText": "“보물 때문에 우리의 우정을 잃을 뻔했어.” 당달이도 깊이 뉘우쳤지요. “차라리 보물을 동굴에 두고 나올 걸 그랬어! 저걸 나누다가 또 싸우면 어떡해?” 이번엔 도달이가 나설 차례였지요.",
      "srcPage": 12,
      "srcSentenceEA": 5,
      "srcWordEA": 28
    },
    {
      "srcTextID": "144214",
      "srcText": "삼총사는 보물을 찾아 길을 떠났어요. 도달이가 지도를 보고 방향을 잡으면 장달이는 먼 데를 보고 길을 찾아냈지요. 길을 막는 바위나 큰 나무가 있으면 당달이가 척척 치워 냈어요.",
      "srcPage": 13,
      "srcSentenceEA": 3,
      "srcWordEA": 28
    },
    {
      "srcTextID": "144202",
      "srcText": "랄랄라, 우리는 달달이 삼총사. 먼 곳이든, 어두운 곳이든 부리부리 잘 보는 장달이, 가벼운 것이든, 무거운 것이든 번쩍번쩍 잘 드는 당달이, 쉬운 일이든, 어려운 일이든 척척 해내는 도달이. 언제든, 어디든 함께 가는 달달이 삼총사이지요.",
      "srcPage": 1,
      "srcSentenceEA": 3,
      "srcWordEA": 35
    },
    {
      "srcTextID": "144213",
      "srcText": "장달이는 눈을 잔뜩 흘겼어요. “얘들아, 지도의 주인을 정하는 것보다 도둑들이 눈치채기 전에 보물을 찾는 게 더 급해.” 도달이의 말에 장달이와 당달이는 싸움을 멈췄어요.",
      "srcPage": 8,
      "srcSentenceEA": 3,
      "srcWordEA": 24
    },
    {
      "srcTextID": "144215",
      "srcText": "동굴 안은 지금까지 온 길보다 훨씬 험했어요. 어떤 길은 허리를 잔뜩 굽혀서 지나야 했고. 큰 웅덩이를 훌쩍 뛰어넘기도 했어요.",
      "srcPage": 15,
      "srcSentenceEA": 3,
      "srcWordEA": 21
    },
    {
      "srcTextID": "144219",
      "srcText": "당달이가 보물 상자를 끌어안으며 말했어요. “이건 기운 센 내가 지킬게.” 그 말에 장달이가 벌컥 화를 냈어요. ",
      "srcPage": 17,
      "srcSentenceEA": 3,
      "srcWordEA": 17
    },
    {
      "srcTextID": "144209",
      "srcText": "“얼른 여기서 빠져나가야 해!” 도달이가 외쳤어요. “어떻게 빠져나가?” ",
      "srcPage": 9,
      "srcSentenceEA": 3,
      "srcWordEA": 9
    },
    {
      "srcTextID": "144212",
      "srcText": "당달이와 장달이는 울상이 되었어요. “장달이가 앞에서 길을 찾고, 당달이가 보물 상자를 메. 내가 모자로 박쥐들을 쫓을게.” 삼총사는 헐레벌떡 달렸어요.",
      "srcPage": 10,
      "srcSentenceEA": 4,
      "srcWordEA": 21
    },
    {
      "srcTextID": "144216",
      "srcText": "이윽고 삼총사는 동굴 앞에 섰어요. “이 동굴 안에 보물이 있을 거야.” 도달이가 말하자 장달이와 당달이는 침을 꼴깍 삼켰어요. ",
      "srcPage": 14,
      "srcSentenceEA": 3,
      "srcWordEA": 19
    },
    {
      "srcTextID": "144217",
      "srcText": "얼마를 지나가자, 장달이가 크게 소리쳤어요. “저기 보물 상자가 있다!” 힘이 센 당달이가 달려가 보물 상자의 뚜껑을 열었어요. “와! 황금이야!” 번쩍번쩍 빛나는 황금을 만지며 삼총사는 얼싸안고 춤을 추었어요.",
      "srcPage": 16,
      "srcSentenceEA": 5,
      "srcWordEA": 30
    },
    {
      "srcTextID": "144205",
      "srcText": "그다음 내가 둘 중 내 몫을 고를게. 마지막 남은 게 장달이 거야. 이러면 장달이가 보물을 서로 다르게 나눌 걱정도 없지. 당달이는 제일 먼저 제 몫을 골랐으니 불만이 없을 거야. 나 또한 너희를 믿으니까 아무 문제없어.”",
      "srcPage": 4,
      "srcSentenceEA": 5,
      "srcWordEA": 39
    }
  ]
}