{
  "title": "땅속 나라 괴물 이야기",
  "author": "김호현",
  "illustrator": "배종숙",
  "isbn": "9791128213106",
  "readAge": "초등_고학년",
  "publishedYear": 2018,
  "publisher": "아람북스",
  "classification": "의사소통",
  "paragraphInfoCount": 24,
  "paragraphInfo": [
    {
      "srcTextID": "5782",
      "srcText": "잠시 후 눈앞을 가렸던 검은 구름이 걷히고 보니 새색시가 온데간데없이 사라져 버리고 말았어요. 새신랑은 발을 동동 구르며 새색시를 찾았어요. “색시, 어디 있소?”",
      "srcPage": 2,
      "srcSentenceEA": 3,
      "srcWordEA": 23
    },
    {
      "srcTextID": "5781",
      "srcText": "그러다가 땅바닥에 커다란 웅덩이가 움푹움푹 파여 있는 것을 발견했지요. “이건 괴물 발자국이 틀림없어!” 새신랑은 두 주먹을 불끈 쥐고 커다란 발자국을 따라갔어요.",
      "srcPage": 3,
      "srcSentenceEA": 3,
      "srcWordEA": 22
    },
    {
      "srcTextID": "5783",
      "srcText": "“마침 잘되었구려. 나도 괴물에게 아내를 빼앗겼는데, 우리 함께 갑시다.” 그리하여 새신랑은 석수장이와 함께 길을 나섰어요. 두 사람은 두 번째 산을 넘다가 나무꾼을 만났어요.",
      "srcPage": 5,
      "srcSentenceEA": 4,
      "srcWordEA": 26
    },
    {
      "srcTextID": "5789",
      "srcText": "집채만 한 바위가 떡하니 길을 막고 있었거든요. “모두들 멀리 비켜서시오, 이건 내 일이오!” 석수장이는 사흘 밤낮으로 바위를 쪼아 구멍을 뻥 뚫었어요.",
      "srcPage": 7,
      "srcSentenceEA": 3,
      "srcWordEA": 22
    },
    {
      "srcTextID": "5787",
      "srcText": "구멍을 내고 안을 들여다보니 땅속 나라로 통하는 길고 긴 굴이 보였어요. “이번에는 우리 차례요.” 대장장이와 나무꾼이 팔을 걷어붙이고 앞으로 나섰어요. ",
      "srcPage": 8,
      "srcSentenceEA": 3,
      "srcWordEA": 21
    },
    {
      "srcTextID": "5790",
      "srcText": "대장장이는 사흘 밤낮으로 길고 긴 쇠줄을 만들고, 나무꾼은 사흘 밤낮으로 커다란 바구니를 짰어요. 드디어 땅속 나라로 내려갈 준비가 끝났어요. 그런데 누구 한 명 선뜻 나서지 못했지요.",
      "srcPage": 9,
      "srcSentenceEA": 3,
      "srcWordEA": 28
    },
    {
      "srcTextID": "5791",
      "srcText": "이때 새신랑이 주먹을 불끈 쥐며 나섰어요. \"겁날 것이 뭐 있소, 내가 내려가리다!\" 새신랑은 바구니를 타고 땅속 나라로 내려갔어요.",
      "srcPage": 10,
      "srcSentenceEA": 3,
      "srcWordEA": 19
    },
    {
      "srcTextID": "5796",
      "srcText": "“서, 서방님 아니세요?” 새색시는 너무나 놀랍고 반가워 눈물을 흘렸어요. 하지만 기쁨도 잠시 이내 얼굴이 어두워졌어요.",
      "srcPage": 14,
      "srcSentenceEA": 3,
      "srcWordEA": 17
    },
    {
      "srcTextID": "5795",
      "srcText": "“땅속 나라는 사나운 짐승들이 밤낮으로 지키고 있는 곳이에요. 그래서 한 번 들어오면 절대로 밖으로 나갈 수가 없어요. 게다가 나를 데려온 괴물은 땅 위 세상으로 도적질을 나갔는데 석 달이 지나면 다시 돌아올 거예요.” ",
      "srcPage": 15,
      "srcSentenceEA": 3,
      "srcWordEA": 34
    },
    {
      "srcTextID": "5799",
      "srcText": "새색시는 서둘러 집으로 들어가더니 산삼 달인 물 세 사발을 가지고 나왔어요. “어서 쭉 들이켜세요!” 새신랑은 새색시가 시키는 대로 물 한 사발을 마셨어요.",
      "srcPage": 16,
      "srcSentenceEA": 3,
      "srcWordEA": 23
    },
    {
      "srcTextID": "5803",
      "srcText": "그렇게 한 달, 두 달 시간이 흘러 석 달째 되던 어느 날 드디어 괴물이 나타났어요. 쿵! 쿵! 쿵! 새신랑은 무쇠 칼을 들고 괴물을 향해 달려들었어요. 칼을 휙 휘두르자 괴물의 팔이 뚝 떨어져 나갔어요.",
      "srcPage": 18,
      "srcSentenceEA": 6,
      "srcWordEA": 38
    },
    {
      "srcTextID": "5785",
      "srcText": "새신랑은 첫 번째 산을 넘다가 석수장이를 만났어요. “여보시오, 어딜 그리 서둘러 가시오?” 석수장이가 물었어요. “괴물에게 끌려간 색시를 찾으러 간다오.”",
      "srcPage": 4,
      "srcSentenceEA": 4,
      "srcWordEA": 20
    },
    {
      "srcTextID": "5792",
      "srcText": "몇 날 며칠이 지났는지 모를 정도로 어두운 굴속을 아주 오랫동안 내려갔지요. 덜커덕 쿵! 마침내 바구니가 바닥에 닿았어요. 새신랑은 재빨리 버드나무 위로 올라가 둘레둘레 주위를 살폈어요.",
      "srcPage": 11,
      "srcSentenceEA": 4,
      "srcWordEA": 28
    },
    {
      "srcTextID": "5805",
      "srcText": "그때 새색시가 재 바구니를 들고 나왔어요. “서방님, 다시 한 번 해 보세요.” 새신랑은 젖 먹던 힘을 다해 칼을 휘둘렀어요. ",
      "srcPage": 19,
      "srcSentenceEA": 3,
      "srcWordEA": 20
    },
    {
      "srcTextID": "5807",
      "srcText": "새신랑과 새색시는 얼싸안고 기뻐했어요. 그리고 갇혀 있던 사람들을 모두 풀어 주었어요. 석수장이의 아내와 나무꾼의 딸과 대장장이의 누이동생, 그리고 수많은 아낙들이 끝도 없이 달려 나왔지요.",
      "srcPage": 21,
      "srcSentenceEA": 3,
      "srcWordEA": 26
    },
    {
      "srcTextID": "5806",
      "srcText": "새신랑과 새색시는 아낙들을 바구니에 태워 모두 땅 위로 올려 보냈어요. 이제 새신랑과 새색시가 올라갈 차례가 되었어요. 그런데 어찌 된 일인지 아무리 기다려도 바구니가 내려오지 않았어요. ",
      "srcPage": 22,
      "srcSentenceEA": 3,
      "srcWordEA": 27
    },
    {
      "srcTextID": "5809",
      "srcText": "이유인즉 마지막으로 올라간 사람이 새신랑과 새색시는 땅속 나라 사람이라고 생각했기 때문이었지요. 할 수 없이 새신랑과 새색시는 다른 방법을 찾아보기로 했어요. 그러다가 한 할아버지를 만났어요. ",
      "srcPage": 23,
      "srcSentenceEA": 3,
      "srcWordEA": 26
    },
    {
      "srcTextID": "5780",
      "srcText": "울긋불긋 예쁜 꽃들이 고운 빛을 뽐내는 따스한 봄날, 이제 막 혼례를 치른 새신랑과 새색시가 다정하게 산길을 가고 있었어요. 그런데 갑자기 하늘이 시커멓게 변하더니 돌개바람이 휙 몰려왔지요. “사, 사람 살려!”",
      "srcPage": 1,
      "srcSentenceEA": 3,
      "srcWordEA": 30
    },
    {
      "srcTextID": "5794",
      "srcText": "아, 그런데 깊은 땅속 나라에도 논과 밭이 있고, 고래 등 같은 기와집들이 우뚝우뚝 서 있는 거예요. 새신랑은 그만 입이 떡 벌어졌어요. 그때 한 아낙이 조심조심 물동이를 이고 걸어왔어요.",
      "srcPage": 12,
      "srcSentenceEA": 3,
      "srcWordEA": 30
    },
    {
      "srcTextID": "5793",
      "srcText": "새신랑은 버드나무 잎을 한 움큼 따서 떨어뜨렸어요. “어머, 바람도 없는데 잎이 떨어지네?” 아낙은 나무 위를 말끄러미 올려다보았어요.",
      "srcPage": 13,
      "srcSentenceEA": 3,
      "srcWordEA": 18
    },
    {
      "srcTextID": "5786",
      "srcText": "우리 함께 갑시다. 의기투합한 세 사람이 산을 또 하나 넘으려는데 이번에는 대장장이를 만났어요. 여보시오, 나는 괴물에게 누이동생을 빼앗겼소. ",
      "srcPage": 6,
      "srcSentenceEA": 3,
      "srcWordEA": 20
    },
    {
      "srcTextID": "5798",
      "srcText": "그러자 힘이 불끈 솟아올라 바위를 번쩍 들어 올렸어요. 다시 한 사발을 마셨더니 이번에는 바위 두 개를 양손에 하나씩 번쩍번쩍 들어 올렸지요. 새신랑은 남은 한 사발을 한 번에 쭉 들이켰어요. ",
      "srcPage": 17,
      "srcSentenceEA": 3,
      "srcWordEA": 31
    },
    {
      "srcTextID": "5804",
      "srcText": "괴물의 머리, 팔, 다리가 뚝뚝 떨어져 나가자, 새색시가 재빨리 재를 훅 뿌렸어요. 그러자 괴물의 머리와 팔과 다리가 다시 붙지 못하고 데구루루 나가 떨어졌어요. 결국 괴물은 푹 고꾸라져 죽고 말았지요.",
      "srcPage": 20,
      "srcSentenceEA": 3,
      "srcWordEA": 31
    },
    {
      "srcTextID": "5808",
      "srcText": "부부의 사연을 들은 할아버지는 두루미 한 마리를 내주었어요. 그렇게 땅 위로 올라온 새신랑과 새색시는 아들딸 낳고 오래오래 잘 살았어요. 행복하게 잘 사시오. 감사합니다.",
      "srcPage": 24,
      "srcSentenceEA": 4,
      "srcWordEA": 26
    }
  ]
}