{
  "title": "재주 많은 세 형제",
  "author": "정은미",
  "illustrator": "이은하",
  "isbn": "9791128213380",
  "readAge": "초등_고학년",
  "publishedYear": 2018,
  "publisher": "아람북스",
  "classification": "의사소통",
  "paragraphInfoCount": 18,
  "paragraphInfo": [
    {
      "srcTextID": "7151",
      "srcText": "세 형제는 마을에서 가장 높은 산으로 올라갔어. 눈 밝은 첫째가 여기저기 쭉 훑어보다가 소리쳤지. 저기 쌀가마니가 가득 쌓인 곳간이 보인다!",
      "srcPage": 6,
      "srcSentenceEA": 3,
      "srcWordEA": 22
    },
    {
      "srcTextID": "7154",
      "srcText": "세 형제는 킁킁거리며 냄새를 따라갔다가 어이가 없어 할 말을 잃었어. “아니, 여기는 사또가 사는 관아잖아!” “마을 사람들은 굶어 죽고 있는데, 사또는 곳간에 쌀가마니를 가득 쌓아 두고 잔치나 벌이고 있다니.” ",
      "srcPage": 8,
      "srcSentenceEA": 3,
      "srcWordEA": 29
    },
    {
      "srcTextID": "7156",
      "srcText": "“사또님! 저기 좀 보십시오.” 망루에 있던 한 포졸이 소리쳤어. 사또는 허겁지겁 망루로 올라갔지. ",
      "srcPage": 11,
      "srcSentenceEA": 3,
      "srcWordEA": 16
    },
    {
      "srcTextID": "7148",
      "srcText": "이 마을에는 남다른 재주를 가진 세 형제가 살고 있었어. 첫째의 재주는 눈 밝은 재주! 맑은 날이면 북쪽 끝 백두산을 보고, 동쪽 끝 화산섬 독도를 보고, 남쪽 끝 한라산을 볼 정도였지.",
      "srcPage": 2,
      "srcSentenceEA": 3,
      "srcWordEA": 32
    },
    {
      "srcTextID": "7157",
      "srcText": "“아니, 이럴 수가! 먹을 것이라곤 풀뿌리도 없는 집에서 연기라니.” 사또가 불같이 성을 내며 소리쳤어.",
      "srcPage": 12,
      "srcSentenceEA": 3,
      "srcWordEA": 16
    },
    {
      "srcTextID": "7147",
      "srcText": "아주 먼 옛날 어느 마을에 알콩달콩 재미나게 살아가는 사람들이 있었어. 콩 한 쪽도 서로 나눠 먹는 인심 좋은 사람들이었지. 그런데 어느 날부터인가 마을에 비가 한 방울도 내리지 않고 쨍쨍 더운 날만 계속되었어. ",
      "srcPage": 1,
      "srcSentenceEA": 3,
      "srcWordEA": 34
    },
    {
      "srcTextID": "7149",
      "srcText": "둘째의 재주는 힘센 재주! 양손으로 집채만 한 바위를 번쩍, 아름드리나무를 번쩍, 쌀 백 가마니도 번쩍번쩍 들어 올렸어. 셋째의 재주는 맷집 좋은 재주!",
      "srcPage": 3,
      "srcSentenceEA": 3,
      "srcWordEA": 24
    },
    {
      "srcTextID": "7152",
      "srcText": "회초리로 맞아도 깔깔깔, 몽둥이로 맞아도 껄껄껄, 호랑이의 두툼한 발에 차여도, “간지러워, 간지러워. 하하하, 히히히.” 재주 중에서도 정말 별난 재주를 가졌지. 이런 재주를 가진 세 형제도 가뭄에는 어찌해 볼 도리가 없었어.",
      "srcPage": 4,
      "srcSentenceEA": 5,
      "srcWordEA": 33
    },
    {
      "srcTextID": "7150",
      "srcText": "구수한 밥 냄새를 맡은 지가 언제였는지 까마득할 뿐이었지. “형, 배고파.” “우리 산에라도 올라가 볼까?” “혹시 칡뿌리라도 남아 있을지 모르잖아.”",
      "srcPage": 5,
      "srcSentenceEA": 4,
      "srcWordEA": 19
    },
    {
      "srcTextID": "7155",
      "srcText": "세 형제는 살금살금 곳간으로 들어갔지. 힘센 둘째가 쌀 아흔아홉 가마니를 “으랏차차!” 가뿐히 들고나왔어. 세 형제는 마을 사람들에게 쌀을 골고루 나누어 주었어. ",
      "srcPage": 9,
      "srcSentenceEA": 4,
      "srcWordEA": 24
    },
    {
      "srcTextID": "7153",
      "srcText": "세 형제는 바람처럼 달려 마을로 내려갔어. 그리고 산에서 보았던 곳간을 찾아온 마을을 구석구석 뒤지고 다녔지. 그런데 어디선가 부침개 부치는 소리가 지글지글, 고기 굽는 냄새가 솔솔 났어.",
      "srcPage": 7,
      "srcSentenceEA": 3,
      "srcWordEA": 28
    },
    {
      "srcTextID": "7158",
      "srcText": "“아이고, 고맙습니다!” “정말 고맙습니다!” 세 형제 덕분에 마을 사람들은 오랜만에 맛있는 쌀밥을 먹게 되었지. 날이 밝자, 관아가 발칵 뒤집혔어. 사또는 쌀 도둑을 빨리 잡아들이라고 고래고래 소리를 질러 대고, 포졸들은 이리저리 몰려다니며 허둥댔지. ",
      "srcPage": 10,
      "srcSentenceEA": 5,
      "srcWordEA": 35
    },
    {
      "srcTextID": "7159",
      "srcText": "결국 마을 사람들 모두 관아로 끌려왔어. “어떻게 해서 쌀을 얻게 되었느냐? 사실대로 말하지 않으면 곤장을 칠 것이다!”",
      "srcPage": 13,
      "srcSentenceEA": 3,
      "srcWordEA": 18
    },
    {
      "srcTextID": "7161",
      "srcText": "그때 맷집 좋은 셋째가 성큼성큼 걸어 나왔어. “나요! 내가 쌀 도둑이오!” 사또의 얼굴이 붉으락푸르락하였어. ",
      "srcPage": 15,
      "srcSentenceEA": 3,
      "srcWordEA": 16
    },
    {
      "srcTextID": "7160",
      "srcText": "마을 사람들은 겁에 질려 벌벌 떨었지. 하지만 누구도 세 형제가 그랬다고 말하지 않았어. 사또는 또다시 불같이 화를 냈지.",
      "srcPage": 14,
      "srcSentenceEA": 3,
      "srcWordEA": 20
    },
    {
      "srcTextID": "7162",
      "srcText": "“고얀 놈! 여봐라, 저놈의 볼기를 백 대를 쳐라!” 한 대요! 히히히! 깔깔깔! 서른 대요! 아흔아홉 대요!  우하하! 백 대요! 으흐흐, 시원하다! 사또는 온몸을 부르르 떨며 소리쳤어. “여봐라, 당장 곤장 백 대를 더 쳐라!”",
      "srcPage": 16,
      "srcSentenceEA": 12,
      "srcWordEA": 44
    },
    {
      "srcTextID": "7287",
      "srcText": "갑자기 쏟아져 내리는 소나기가 메마른 땅을 촉촉하게 적셔 주었지. 오랜만에 풍년이 들었어. 마을 사람들은 세 형제의 신통방통한 재주를 칭찬했지. 세 형제는 특별한 재주를 좋은 일에 쓰면서 마을 사람들과 오래오래 행복하게 살았어.",
      "srcPage": 18,
      "srcSentenceEA": 4,
      "srcWordEA": 34
    },
    {
      "srcTextID": "7163",
      "srcText": "하지만 힘이 빠진 포졸들이 휘청휘청 하나 둘 푹푹 쓰러지고 말았지. 그때 천둥 번개가 우르르르 쾅쾅 번쩍! 느닷없는 소리에 깜짝 놀란 사또는 마루 밑으로 숨어 들어갔어.",
      "srcPage": 17,
      "srcSentenceEA": 3,
      "srcWordEA": 27
    }
  ]
}