{
  "title": "케네디",
  "author": "홍성훈",
  "illustrator": "이병호",
  "isbn": "9788961712200",
  "readAge": "초등_고학년",
  "publishedYear": 2007,
  "publisher": "교연아카데미",
  "classification": "의사소통",
  "paragraphInfoCount": 159,
  "paragraphInfo": [
    {
      "srcTextID": "113493",
      "srcText": "\"흑인 문제가 커지고 있습니다. 하루빨리 해결하지 않으면 큰일이 벌어지겠습니다.\" \"맞는 말이다. 흑인을 보호하는 법이 꼭 필요해. 나는 그들에게도 백인과 똑같은 선거권을 주기 위한 법안을 국회에 낼 작정이다.\"",
      "srcPage": 142,
      "srcSentenceEA": 5,
      "srcWordEA": 30
    },
    {
      "srcTextID": "113174",
      "srcText": "점심 식사가 끝나자, 가족들은 그 곳에서 가까이에 있는 외할아버지 집으로 향했습니다. 아이들은 빠른 발걸음으로 어머니를 앞질러 외할아버지 집에 먼저 도착했습니다. \"허허, 우리 귀여운 녀석들이 모두 다 왔구나.\"외할아버지는 아이들을 품에 안으며 반갑게 맞아 주었습니다.",
      "srcPage": 23,
      "srcSentenceEA": 4,
      "srcWordEA": 35
    },
    {
      "srcTextID": "113180",
      "srcText": "하지만 일을 금세 해치우기란 쉽지 않았습니다. \"아무래도 일하는 아주머니께 부탁을 해야겠어.\" 조는 집안일을 도와 주고 있는 아주머니를 불렀습니다.",
      "srcPage": 28,
      "srcSentenceEA": 3,
      "srcWordEA": 19
    },
    {
      "srcTextID": "113156",
      "srcText": "그런데 장사가 아주 잘 되어, 그의 아들 대에 이르러서는 많은 재산을 모을 수 있었습니다. 뿐만 아니라 그는 정직하고 성실한 성품으로, 마을 사람들에게 신뢰와 존경을 받았습니다. 패트릭의 용기와 개척 정신을 본받은 그의 막내아들은 훌륭하게 자라 보스턴의 정치에까지 영향을 미치는 사람이 되었습니다.",
      "srcPage": 8,
      "srcSentenceEA": 3,
      "srcWordEA": 42
    },
    {
      "srcTextID": "113236",
      "srcText": "조와 잭은 휴일이면 런던으로 가 가족과 함께 보내곤 했는데, 그 때마다 아버지는 이제 청년이 된 두 아들과 함께 세계 정세에 대하여 토론하는 것을 무엇보다도 좋아했습니다. 이 무렵, 유럽의 정세는 긴박하게 돌아가고 있었습니다. 독일과 이탈리아가 경쟁적으로 세력을 뻗치기 위해 호시탐탐 이웃 나라들을 넘보고 있었기 때문입니다.",
      "srcPage": 84,
      "srcSentenceEA": 3,
      "srcWordEA": 46
    },
    {
      "srcTextID": "113177",
      "srcText": "그러자 잭이 펄쩍 뛰었습니다. \"안 돼. 내가 먼저 부탁했단 말이야.\" 두 소년이 다투고 있을 때, 어머니가 화난 얼굴로 복도에 와 계셨습니다.",
      "srcPage": 29,
      "srcSentenceEA": 4,
      "srcWordEA": 23
    },
    {
      "srcTextID": "113184",
      "srcText": "이 말을 시작으로 헨리 패거리들은 낄낄거리며 저마다 한 마디씩 했습니다. \"맞아, 잭에게는 여자처럼 치마를 입혀야 어울릴 거야.\" \"머리도 길게 땋아 내려야 할걸.\" 잭은 화가 나서 얼굴을 붉히며 소리쳤습니다.",
      "srcPage": 34,
      "srcSentenceEA": 4,
      "srcWordEA": 29
    },
    {
      "srcTextID": "113187",
      "srcText": "\"잭, 준비는 다 되었겠지?\" 헨리는 으스대듯 잭을 향해 소리쳤습니다. 잭은 한 손을 들고 싱긋 웃어 보였습니다.",
      "srcPage": 37,
      "srcSentenceEA": 3,
      "srcWordEA": 18
    },
    {
      "srcTextID": "113239",
      "srcText": "떠나기 전날, 아버지가 잭에게 말했습니다. \"네가 할 일은 여러 나라에 가서 객관적으로 관찰한 것들을 상세히 보고하는 일이다. 그러자면 여러 곳을 다니면서 많은 사람들을 만나 보아야 하기 때문에 결코 쉬운 일은 아니라고 생각된다. 하지만 너한테는 좋은 기회가 될 것이다. 만일 이 일이 너한테 맞는다면 장차 너는 외교관을 꿈꿀 수도 있을 것이다.\"",
      "srcPage": 88,
      "srcSentenceEA": 5,
      "srcWordEA": 53
    },
    {
      "srcTextID": "113203",
      "srcText": "'1등이 되어라. 2등은 지는 것이다.'라고 말씀하시던 아버지의 목소리가 귓가에 쟁쟁하게 들려오는 듯했습니다. 잭은 그 날부터 운동하는 시간을 줄이고 학업에만 열중했습니다. 그런 덕분에, 가장 어려운 라틴 어를 비롯하여 전체적인 학업 성적을 올릴 수가 있었습니다.",
      "srcPage": 56,
      "srcSentenceEA": 5,
      "srcWordEA": 37
    },
    {
      "srcTextID": "113204",
      "srcText": "그로부터 얼마 후의 일이었습니다. 저녁 식사를 마친 잭이 갑자기 배를 잡고 데굴데굴 구르기 시작했습니다. \"아이고 배야! 아이고 배야!\" 어찌나 고통스럽고 아프던지 소리조차 제대로 지를 수 없을 정도였습니다.",
      "srcPage": 57,
      "srcSentenceEA": 5,
      "srcWordEA": 30
    },
    {
      "srcTextID": "113240",
      "srcText": "또한 그는 한 가지 입장에서만 상황을 바라보는 일이 없이 신축성 있게 모든 것을 관찰했습니다. 그 무렵, 날이 갈수록 유럽의 분위기는 점점 더 험악해지고 있었습니다. 잭은 여행을 마치자마자 아버지에게 편지를 썼습니다.",
      "srcPage": 90,
      "srcSentenceEA": 3,
      "srcWordEA": 32
    },
    {
      "srcTextID": "113218",
      "srcText": "잭은 그들과 함께 한 방을 쓰며 대학 생활을 하기로 했습니다. 그는 더 좋은 방에서 지낼 수도 있었지만, 오랜 친구와 생활하는 것을 택한 것이었습니다. 그러나 대학 생활을 시작한 지 얼마 되지 않아, 잭은 건강이 나빠져 학교를 휴학하고 요양 생활을 해야 했습니다. 대학에 들어가기 전에 걸렸던 황달이 재발하고 만 것이었습니다.",
      "srcPage": 72,
      "srcSentenceEA": 4,
      "srcWordEA": 51
    },
    {
      "srcTextID": "113223",
      "srcText": "그리고 이 학교는 보스턴 교외의 케임브리지라는 도시에 위치하고 있어, 잭은 이따금 외할아버지를 찾아가곤 했습니다. 외할아버지는 이제 어른이 된 손자를 반갑게 맞아 주었으며, 늘 친구처럼 다정스럽게 말동무를 해 주었습니다. 하버드 대학에 다니는 동안 잭은 토버드 맥도널드라는 친구와 친하게 지냈습니다.",
      "srcPage": 74,
      "srcSentenceEA": 3,
      "srcWordEA": 40
    },
    {
      "srcTextID": "113199",
      "srcText": "13세가 된 잭은 초등학교를 졸업하고 중학교에 입학했습니다. \"어릴 때부터 많은 경험을 쌓아 두는 것이 인생에서 무엇보다도 중요하다. 그러니 너도 형처럼 기숙 학교에 입학하는 것이 좋겠다.\" 아버지는 잭을 코네티컷 주에 있는 캔터베리 기숙 학교에 입학시켰습니다.",
      "srcPage": 50,
      "srcSentenceEA": 4,
      "srcWordEA": 36
    },
    {
      "srcTextID": "113265",
      "srcText": "\"아버지의 말씀을 깊이 생각해 보겠습니다.\" \"그래, 고맙구나.\" 케네디는 처음에 어떻게 해야 좋을지 마음을 정할 수가 없었습니다. 그러나 오래도록 깊이 생각한 끝에 정치가의 길을 걷기로 서서히 마음을 굳혔습니다.",
      "srcPage": 114,
      "srcSentenceEA": 4,
      "srcWordEA": 29
    },
    {
      "srcTextID": "113272",
      "srcText": "이 선거구는 보스턴에서 가장 가난한 지역이라서 상류 계급에서 자라 하버드 대학까지 나온 젊은이에게는 어울리지 않는다고 생각한 것입니다. \"가난한 사람들을 위해 백만 장자의 아들이 의원이 되겠다는군.\" \"그게 어디 가당키나 하겠어?\"",
      "srcPage": 117,
      "srcSentenceEA": 3,
      "srcWordEA": 29
    },
    {
      "srcTextID": "113211",
      "srcText": "하지만 잭은 도저히 조를 따라잡을 수가 없었습니다. 게다가 조와 잭은 커 가면서 정반대의 성격을 지니게 되었습니다. 조는 빈틈없는 성격에 옷도 단정하게 입고 다니는 반면, 잭은 헐렁한 바지에 커다란 스웨터를 입었으며, 그의 방은 언제나 정돈되어 있지 않았습니다.",
      "srcPage": 62,
      "srcSentenceEA": 3,
      "srcWordEA": 38
    },
    {
      "srcTextID": "113274",
      "srcText": "케네디는 이런 말들에 귀를 기울이지 않았습니다. 그는 더욱 마음을 굳게 먹을 뿐이었습니다. \"여러분, 저는 이 고장을 위해 열심히 일하겠습니다.\"",
      "srcPage": 118,
      "srcSentenceEA": 3,
      "srcWordEA": 20
    },
    {
      "srcTextID": "113273",
      "srcText": "케네디는 뒷골목의 음식점이나 술집까지 찾아다니며 이렇게 호소했습니다. 그는 선거 공약을 부풀려서 말하지 않고, 자기가 할 수 있는 것만 말했으며, 할 수 없는 것은 솔직하게 할 수 없다고 털어놓았습니다. 처음에 그를 비웃던 사람들은, 어느덧 케네디의 진심을 알아주었으며 차차 그를 좋아하기 시작했습니다. 마침내 1946년 6월의 예비 선거에서, 케네디는 10명의 후보들을 물리치고 1등으로 당선되었습니다. 그리고 그로부터 5개월 후의 선거에서 그는 하원 의원에 당선되었습니다.",
      "srcPage": 119,
      "srcSentenceEA": 5,
      "srcWordEA": 64
    },
    {
      "srcTextID": "113275",
      "srcText": "\"잭, 네가 이 아비의 소원을 이루었구나.\" 아버지의 기쁨은 이루 말할 수가 없었습니다. 하원 의원이 된 케네디는 겨우 29세의 나이로 정치계에 발을 들여놓았습니다.",
      "srcPage": 120,
      "srcSentenceEA": 3,
      "srcWordEA": 24
    },
    {
      "srcTextID": "113281",
      "srcText": "케네디는 하원 의원으로 있으면서 무엇보다도 사회 보장 정책을 추진하는 데 적극적으로 앞장섰습니다. 그는 두 번의 재선을 거쳐 6년 동안 하원 의원으로 활약하였으며, 1952년에는 상원 의원의 자리에 도전하게 되었습니다. 하지만 하원 의원을 지내면서 동시에 상원 의원 선거를 준비하는 것은 너무 벅찬 일이었습니다.",
      "srcPage": 121,
      "srcSentenceEA": 3,
      "srcWordEA": 43
    },
    {
      "srcTextID": "113278",
      "srcText": "그런데 이듬해 여름, 케네디는 대학 시절에 다친 등의 상처가 다시 악화되었습니다. \"수술을 해야 하는데, 상처가 너무 깊어서 어쩌면 불구가 될 위험도 있습니다.\" 의사가 자신 없는 표정으로 말했습니다.",
      "srcPage": 125,
      "srcSentenceEA": 3,
      "srcWordEA": 28
    },
    {
      "srcTextID": "113280",
      "srcText": "케네디는 두려워하지 않고 태연하게 대답했습니다. \"수술을 해 주십시오. 죽음을 두려워하는 겁쟁이는 훌륭한 정치가가 될 수 없습니다.\" 1954년 10월, 아내 재클린의 기도 속에서 케네디는 참으로 힘들고 어려운 수술을 받았습니다.",
      "srcPage": 126,
      "srcSentenceEA": 4,
      "srcWordEA": 30
    },
    {
      "srcTextID": "113216",
      "srcText": "이 때 잭과 친했던 리프와 레스라는 친구는 조와 잭을 비교해서 이렇게 말했습니다. \"잭, 너와 네 형은 남에게 지기 싫어하고 늘 노력한다는 점에선 비슷한데, 그 밖의 점에서는 아주 다른 것 같아.\" 그러면 잭은 아주 익살스럽게 받아넘겼습니다.",
      "srcPage": 63,
      "srcSentenceEA": 3,
      "srcWordEA": 36
    },
    {
      "srcTextID": "113212",
      "srcText": "\"형은 형이고 나는 나, 바로 잭이거든.\" \"하하하, 그건 그래. 우리 학교에서 첫째 가는 우등생과 너를 비교한 우리가 잘못이다.\"",
      "srcPage": 64,
      "srcSentenceEA": 3,
      "srcWordEA": 19
    },
    {
      "srcTextID": "113496",
      "srcText": "케네디는 미국과 소련이 너무 많은 핵무기를 가지고 있는 것이 두려웠습니다. 원자 폭탄 하나로도 수많은 사람이 목숨을 잃는데, 두 나라가 보유하고 있는 핵무기로 전쟁을 한다면 전세계가 멸망할지도 모를 일이었습니다. \"전쟁을 피하는 것이 인류를 위하는 길입니다. 그리고 그것은 우리들이 해야 할 임무이기도 합니다.\" 케네디의 말에는 세계 평화를 바라는 그의 간절한 마음이 깃들여 있었습니다. 오래도록 이야기를 나누는 동안, 두 사람은 서로의 마음을 믿게 되었습니다.",
      "srcPage": 147,
      "srcSentenceEA": 6,
      "srcWordEA": 65
    },
    {
      "srcTextID": "113500",
      "srcText": "그러나 소련은 약속을 지키지 않았습니다. 세계 평화를 위해 노력하겠다는 약속을 해 놓고, 쿠바에 소련의 미사일을 가져다 놓은 것입니다. 케네디는 불같이 화를 냈습니다.",
      "srcPage": 148,
      "srcSentenceEA": 3,
      "srcWordEA": 24
    },
    {
      "srcTextID": "113283",
      "srcText": "이 책의 첫 권은 그 동안 옆에서 남편을 보살피고 격려를 아끼지 않았던 아내 재클린에게 증정되었습니다. 이 책은 순식간에 화제가 되어 몇 달 동안 베스트셀러가 되었습니다. 이 책으로 케네디는 1957년에 미국 출판계에서 가장 명예롭게 여기는 퓰리처 상을 받기도 하였습니다.",
      "srcPage": 128,
      "srcSentenceEA": 3,
      "srcWordEA": 40
    },
    {
      "srcTextID": "113286",
      "srcText": "그 때문에 미국 국민들은 이런 골칫거리를 시원하게 해결해 줄 새로운 대통령을 바라고 있었습니다. 그리고 이러한 국민들의 열망에 가장 적합한 인물로 케네디가 떠오르고 있었습니다. 1960년, 케네디는 많은 사람들의 기대를 안고 대통령 선거에 나가기로 하였습니다. 케네디의 맞수는 훌륭한 정치가로 주목을 받고 있는 리처드 닉슨이었습니다.",
      "srcPage": 130,
      "srcSentenceEA": 4,
      "srcWordEA": 45
    },
    {
      "srcTextID": "113155",
      "srcText": "그들은 꿈을 안고 미국으로 건너왔지만, 대부분 날품팔이를 하며 여전히 가난한 생활을 하고 있었습니다. 패트릭도 고생스럽기는 마찬가지였지만 굳센 용기와 희망을 가지고 열심히 일했습니다. 그러다가 패트릭은 술을 담는 그릇을 만들어서 팔기 시작했습니다.",
      "srcPage": 7,
      "srcSentenceEA": 3,
      "srcWordEA": 32
    },
    {
      "srcTextID": "113169",
      "srcText": "\"와, 여기가 그 용감했던 폴 리비어의 집이구나!\" 조와 잭은 떠들어 대면서 어두컴컴한 방 안을 들여다보았습니다. \"어머니, 폴 리비어라는 사람이 누구예요?\" 아직 학교에 다니지 않는 여동생 캐시가 물었습니다.",
      "srcPage": 17,
      "srcSentenceEA": 4,
      "srcWordEA": 29
    },
    {
      "srcTextID": "113215",
      "srcText": "내가 보기에 너는 보통 사람 이상의 재능을 가지고 있다고 본다. 그리고 나는 네가 확고한 신념을 가진 씩씩한 청년이 되기를 바란다. 끝으로 열심히 공부하기를 거듭 부탁한다. 잭은 아버지의 편지에 용기를 얻고 열심히 공부하였습니다.",
      "srcPage": 67,
      "srcSentenceEA": 4,
      "srcWordEA": 35
    },
    {
      "srcTextID": "113214",
      "srcText": "그런데 졸업을 코앞에 두게 되자 잭의 마음도 조급해지지 않을 수가 없었습니다. 잭은 아버지로부터 꾸중을 듣기 전에 미리, 꼭 성적을 올리겠다는 편지를 써서 집으로 보냈습니다. 아버지는 곧바로 답장을 보내 주었습니다.",
      "srcPage": 66,
      "srcSentenceEA": 3,
      "srcWordEA": 31
    },
    {
      "srcTextID": "113288",
      "srcText": "닉슨 쪽에서도 이에 뒤지지 않고 열심히 선거 운동을 하였습니다. 양쪽의 치열한 선거전이 있은 후, 투표는 순조롭게 진행되었으며 곧바로 개표가 시작되었습니다. 케네디 집안의 사람들은 텔레비전과 라디오를 켜 놓은 채 뜬눈으로 밤을 새웠습니다.",
      "srcPage": 133,
      "srcSentenceEA": 3,
      "srcWordEA": 33
    },
    {
      "srcTextID": "113287",
      "srcText": "그리고 다음 날 오전, 존 피츠제럴드 케네디는 아메리카 합중국의 제35대 대통령으로 당선되었습니다. 그는 미국의 가장 젊은 대통령이며, 미국 국민이 뽑은 최초의 가톨릭 신자 대통령이었습니다. 그는 취임 연설에서, \"미국 국민 여러분, 여러분의 국가가 여러분에게 무엇을 해 줄 것인가를 묻지 말고 여러분이 나라를 위해 무엇을 할 수 있는가를 생각해 보십시오.\" 라고 호소했습니다. 그의 연설은 미국 국민의 마음에 새로운 결의를 다지게 했습니다.",
      "srcPage": 134,
      "srcSentenceEA": 6,
      "srcWordEA": 63
    },
    {
      "srcTextID": "113221",
      "srcText": "하지만 잭의 졸업 시험 성적은 118명 중에서 64등이었습니다. \"열심히 공부했는데 이게 뭐람. 라틴 어 성적이 나빴기 때문이야.\" 잭은 크게 실망했습니다.",
      "srcPage": 68,
      "srcSentenceEA": 4,
      "srcWordEA": 22
    },
    {
      "srcTextID": "113172",
      "srcText": "1927년, 잭이 초등학교 4학년이 되던 해, 그의 가족은 뉴욕으로 이사를 가게 되었습니다. 아버지의 사업이 뉴욕까지 크게 번창하였던 것입니다. 새로 이사 간 집은 보스턴의 집보다 훨씬 큰 집이었습니다. 조와 잭은 그토록 원했던 각자 자기의 방을 갖게 되었습니다.",
      "srcPage": 24,
      "srcSentenceEA": 4,
      "srcWordEA": 39
    },
    {
      "srcTextID": "113235",
      "srcText": "잭이 유럽 여행을 하던 해에, 아버지 조지프 케네디가 영국 대사로 임명되었습니다. 아일랜드 이민자의 자손이 영국 대사에까지 오른 것은 화제에 오를 만한 일이었습니다. 어머니는 동생들을 데리고 런던으로 이사 가기로 하였고, 조와 잭은 학교 때문에 미국에 남기로 했습니다.",
      "srcPage": 83,
      "srcSentenceEA": 3,
      "srcWordEA": 38
    },
    {
      "srcTextID": "113188",
      "srcText": "드디어 잭과 헨리는 자전거에 올라타고 페달에 발을 올려놓았습니다. \"출발!\" 조의 구령에 맞추어 두 대의 자전거는 쏜살같이 앞으로 달려나갔습니다. \"헨리, 이겨라!\" \"잭 오빠, 이겨라!\" 아이들이 두 편으로 나뉘어 응원을 하는 가운데, 잭은 헨리를 앞질러 달리고 있었습니다.",
      "srcPage": 38,
      "srcSentenceEA": 5,
      "srcWordEA": 37
    },
    {
      "srcTextID": "113186",
      "srcText": "\"앞서 가는 정도가 아냐. 저 녀석 겁 없이 장애물도 피하지 않고 나는 듯이 달리고 있어.\" 헨리는 있는 힘을 다해 자전거 페달을 밟았으나 도저히 잭을 따라 잡을 수 없었습니다.",
      "srcPage": 40,
      "srcSentenceEA": 3,
      "srcWordEA": 30
    },
    {
      "srcTextID": "113154",
      "srcText": "\"조, 잭, 어서들 들어오렴. 저녁 식사 시간이다.\" 어머니가 창가에서 부르자, 마당에서 뛰어놀던 두 아이는 마루를 쿵쾅거리며 집 안으로 달려들어왔습니다. 어머니는 눈을 크게 뜨고 아이들을 나무랐습니다. \"얘들아, 집이 무너져 내려앉을 것만 같구나. 왜 그렇게 뛰어다니는 거니?\"",
      "srcPage": 1,
      "srcSentenceEA": 6,
      "srcWordEA": 39
    },
    {
      "srcTextID": "113183",
      "srcText": "어느 날, 학교에서 돌아오던 잭은 길목에서 소문난 개구쟁이들인 헨리의 패와 마주치게 되었습니다. 그들은 잭을 기다리고 있었다는 듯이 보자마자 시비를 걸었습니다. \"야, 잭! 너 또 여동생들하고 인형놀이 하러 가는구나.\"",
      "srcPage": 33,
      "srcSentenceEA": 4,
      "srcWordEA": 30
    },
    {
      "srcTextID": "113503",
      "srcText": "어느 날, 케네디 대통령은 텍사스 주의 댈러스 시를 방문했습니다. 텍사스 주는 흑인 차별이 아주 극심한 지역이었습니다. 거리에는 대통령을 환영하려고 나온 사람들로 가득 메워져 있었습니다. 케네디 대통령은 오픈 카를 타고 강연회장으로 가면서, 군중들의 뜨거운 열광에 손을 흔들어 답했습니다.",
      "srcPage": 155,
      "srcSentenceEA": 4,
      "srcWordEA": 40
    },
    {
      "srcTextID": "113197",
      "srcText": "잭은 헨리와 친구들이 놀고 있을 놀이터로 나갔습니다. 아이들은 모형 비행기를 날리고 있었습니다. \"얘들아, 나도 한 번 날려 보자.\" 잭이 아이들을 향해 뛰어가며 말했습니다.",
      "srcPage": 46,
      "srcSentenceEA": 4,
      "srcWordEA": 25
    },
    {
      "srcTextID": "113189",
      "srcText": "어느덧 잭이 먼저 결승점에 이르렀습니다. \"야, 이겼다! 잭 오빠가 이겼다.\" 조와 여동생들은 깡충깡충 뛰면서 좋아했습니다. 헨리는 잠시 잭의 뒷모습을 바라보다가, 천천히 자전거를 끌고 잭에게로 다가왔습니다.",
      "srcPage": 41,
      "srcSentenceEA": 5,
      "srcWordEA": 28
    },
    {
      "srcTextID": "113191",
      "srcText": "\"나는 그림책을 읽어 줄 거야!\" 조와 잭은 넷이나 되는 여동생들만 보다가 남동생이 생기자 너무나 기뻤습니다. 그러나 잭이 어린 로버트를 돌보는 일은 그리 쉽지 않았습니다.",
      "srcPage": 44,
      "srcSentenceEA": 3,
      "srcWordEA": 26
    },
    {
      "srcTextID": "113195",
      "srcText": "그러자 한 아이가 말했습니다. \"야, 잭. 너희 집은 부자잖아. 너희 아버지에게 이런 장난감 모형 비행기 정도는 얼마든지 사 달라고 할 수 있잖아. 우리들은 그럴 형편이 못 되어서 이렇게 줄을 서서 차례를 기다리고 있는 거라고.\"",
      "srcPage": 47,
      "srcSentenceEA": 5,
      "srcWordEA": 37
    },
    {
      "srcTextID": "113190",
      "srcText": "잭은 돌멩이나 풀밭, 요철 따위의 장애물이 있어도 피해 가지 않고 힘차게 달렸습니다. 커브를 돌면서도 잭은 속력을 줄이지 않았습니다. 잭이 계속 앞서 달리자, 헨리의 친구들은 자기들끼리 수군거리느라 시끌시끌해졌습니다. \"야, 잭 좀 봐! 헨리를 앞서 가고 있잖아.\"",
      "srcPage": 39,
      "srcSentenceEA": 5,
      "srcWordEA": 38
    },
    {
      "srcTextID": "113152",
      "srcText": "\"달리기 경주라면 당연히 1등을 하는 것이 좋지. 하지만 너희들은 지금 경주를 한 것이 아니라 집 안을 소란스럽게 만들지 않았니? 이런 경우에 1등을 하면 오히려 창피한 것이야. 잭, 엄마 말 알아듣겠지?\" \"네, 어머니.\"",
      "srcPage": 4,
      "srcSentenceEA": 5,
      "srcWordEA": 35
    },
    {
      "srcTextID": "113151",
      "srcText": "\"그럼 됐다. 어서 손을 씻고 식당으로 오너라.\" 조와 잭은 발뒤꿈치를 들고 조용조용 걸어서 목욕탕으로 갔습니다. 이러한 아이들의 뒷모습을 보고 있는 어머니의 얼굴에는 환한 웃음이 번지고 있었습니다. 장난꾸러기 소년 잭이 바로 뒷날 미국의 제35대 대통령이 된 존 피츠제럴드 케네디입니다.",
      "srcPage": 5,
      "srcSentenceEA": 5,
      "srcWordEA": 42
    },
    {
      "srcTextID": "113505",
      "srcText": "그의 옆에는 화사하게 차려 입은 재클린 여사가 미소를 짓고 있었습니다. 차가 어느 허름한 건물 앞을 지나고 있을 때였습니다. \"탕! 탕! 탕!\" 세 발의 총 소리와 함께, 손을 흔들던 케네디 대통령이 앞으로 푹 고꾸라졌습니다.",
      "srcPage": 156,
      "srcSentenceEA": 5,
      "srcWordEA": 37
    },
    {
      "srcTextID": "113198",
      "srcText": "하지만 잭은 그러한 사실을 변명하고 싶지 않았습니다. 잭은 줄의 맨 뒤에 서면서 말했습니다. \"나도 줄을 설 테니 날려 보게 해 주렴.\" \"그래, 좋아.\" 아이들은 그런 겸손한 잭을 좋아했습니다.",
      "srcPage": 49,
      "srcSentenceEA": 5,
      "srcWordEA": 30
    },
    {
      "srcTextID": "113256",
      "srcText": "\"본부에서는 우리가 이렇게 된 줄도 모르겠지.\" 케네디는 부하들에게 용기를 주어야 했습니다. 그렇게 하지 않으면 모두 희망을 버리고 죽게 될지도 모르는 일이었습니다.",
      "srcPage": 101,
      "srcSentenceEA": 3,
      "srcWordEA": 23
    },
    {
      "srcTextID": "113258",
      "srcText": "섬에 내려서 얼마 후, 어디에선가 엔진 소리가 들려 왔습니다. 일본군의 깃발을 단 군함이 지나가고 있었습니다. 일본 군함은 하루에도 몇 차례씩 그 곳을 지나다녔습니다.",
      "srcPage": 103,
      "srcSentenceEA": 3,
      "srcWordEA": 25
    },
    {
      "srcTextID": "113160",
      "srcText": "그의 외아들 조지프가 바로 케네디 대통령의 아버지입니다. 조지프는 초등학교 때부터 특히 수학을 잘하는 영리한 학생이었습니다. 그는 하버드 대학을 졸업하였으며, 25세의 젊은 나이에 은행장이 되었습니다.",
      "srcPage": 10,
      "srcSentenceEA": 3,
      "srcWordEA": 26
    },
    {
      "srcTextID": "113178",
      "srcText": "조와 잭은 오래도록 서서 어머니의 꾸중을 듣는 동안 자기들의 잘못을 충분히 깨닫게 되었습니다. 케네디 집안은 잘살았지만, 부모는 이렇듯 엄하게 아이들을 길렀습니다. 일하는 사람들을 부릴 일이 있어도, 부모의 허락 없이는 절대 자기들 마음대로 할 수가 없었습니다. 그래서 아이들은 모두 예의바르고 검소한 생활 습관을 가지게 되었습니다.",
      "srcPage": 31,
      "srcSentenceEA": 4,
      "srcWordEA": 47
    },
    {
      "srcTextID": "113200",
      "srcText": "그렇게 하는 동안, 차츰 학교 생활에도 흥미를 붙여 가기 시작했습니다. 그리고 다행스러운 것은 이 학교는 학생들에게 운동을 크게 권장한다는 점이었습니다. 잭은 운동을 매우 좋아해서 야구, 미식축구, 수영, 테니스 등 못 하는 운동이 없었습니다. 그 중에서도 잭이 가장 잘 하는 것은 수영이었습니다.",
      "srcPage": 52,
      "srcSentenceEA": 4,
      "srcWordEA": 44
    },
    {
      "srcTextID": "113217",
      "srcText": "아이들은 비록 성적은 좋지 않았지만 재미있고 다정다감한 잭을 가장 좋아했던 것입니다. \"잭, 축하한다! 넌 꼭 많은 사람들의 사랑을 받는 훌륭한 사람이 될 수 있을 거야.\" 리프가 잭의 손을 잡으며 말했습니다. 모두들 잭에게 손뼉을 쳐 주었습니다.",
      "srcPage": 70,
      "srcSentenceEA": 5,
      "srcWordEA": 38
    },
    {
      "srcTextID": "113260",
      "srcText": "그러던 어느 날, 근처 섬에 살고 있는 원주민 몇 명이 카누를 타고 섬으로 올라왔습니다. 케네디는 그들에게 손짓 발짓으로 미국 사람인 것을 알리고 나서, 야자 열매에다 칼로 글씨를 새겼습니다. 우리는 지금 섬에 갇혀 있다. 이 원주민이 우리가 있는 곳을 안다. 케네디 중위.",
      "srcPage": 105,
      "srcSentenceEA": 5,
      "srcWordEA": 45
    },
    {
      "srcTextID": "113158",
      "srcText": "그는 초등학교도 제대로 졸업하지 못했으나, 타고난 영리함과 지도자의 자질을 갖추고 있었으므로 올바른 정치를 펼치는 데 부족함이 없었습니다. 그에게는 딸 둘과 아들 하나가 있었는데 그는 아이들에게 '1등을 해라. 2등은 지는 것이다.' 라고 가르쳤습니다. 이 가르침은 나중에 케네디 집안의 가훈이 되었습니다.",
      "srcPage": 9,
      "srcSentenceEA": 6,
      "srcWordEA": 43
    },
    {
      "srcTextID": "113161",
      "srcText": "아버지는 아이들에게 뉴스나 신문의 시사 문제를 던져 주고, 아이들이 자연스럽게 자기의 의견을 얘기하도록 하였습니다. 그래서 케네디 집안의 아이들은 늘 시사 문제에 흥미를 가지고 있었으며 지식도 풍부했습니다. 케네디 집안에서는 모든 주제를 자유롭게 토론할 수 있었지만, 돈에 대한 이야기는 금지되어 있었습니다.",
      "srcPage": 12,
      "srcSentenceEA": 3,
      "srcWordEA": 41
    },
    {
      "srcTextID": "113261",
      "srcText": "만약 그것이 일본군의 손에 넘어간다면 모두 죽게 되는 것이었습니다. 다행히 야자 열매가 무사히 미군에 전해져, 세 척의 어뢰정이 황급히 섬으로 달려왔습니다. \"중위님, 고맙습니다. 중위님이 아니었더라면 우리는 모두 죽었을 것입니다.\"",
      "srcPage": 107,
      "srcSentenceEA": 4,
      "srcWordEA": 31
    },
    {
      "srcTextID": "113508",
      "srcText": "케네디 대통령의 무덤이 있는 알링턴을 찾는 사람들은 지금도, \"한 사나이로서 조국의 자유와 헌법을 지키다가 쓰러진다면 조금도 두려울 것이 없다.\" 라고 말한 케네디 대통령의 신념을 기억하며 그를 그리워하고 있습니다. 케네디 대통령에게 총을 쏜 저격범으로 지목된 오즈월드라는 사람은 얼마 후, 누군가에 의해 살해되었습니다. 그래서 케네디 대통령의 죽음에 대한 의혹은 미국 국민에게 여전히 수수께끼로 남아 있습니다.",
      "srcPage": 159,
      "srcSentenceEA": 5,
      "srcWordEA": 56
    },
    {
      "srcTextID": "113165",
      "srcText": "잭이 초등학교에 입학할 무렵, 어머니는 아이들을 모두 데리고 보스턴에 살고 있는 할아버지 집으로 자주 놀러갔습니다. 어머니는 할아버지 집에 갈 때마다 아이들에게 이렇게 당부하곤 하였습니다. \"보스턴은 아버지와 어머니가 자란 고장이기도 하지만 미국의 역사가 깃들인 곳이란다. 구경 잘 하고 할아버지께 좋은 말씀 많이 듣고 오도록 하자.\"",
      "srcPage": 15,
      "srcSentenceEA": 4,
      "srcWordEA": 46
    },
    {
      "srcTextID": "113167",
      "srcText": "\"미국이 독립 전쟁을 할 당시, 영국군의 습격에서 미국군을 구했던 사람이야.\" 책을 많이 읽은 잭이 친절하게 설명해 주었습니다. \"그래 맞다. 지금으로부터 150년 전의 일이지. 지금 우리가 살고 있는 미국은 옛날에 영국이 다스렸단다. 자, 이제 다른 곳으로 가 볼까?\" 어머니는 아이들을 데리고 다니며, 미국의 역사가 깃들인 곳들을 구경시켜 주었습니다.",
      "srcPage": 18,
      "srcSentenceEA": 7,
      "srcWordEA": 52
    },
    {
      "srcTextID": "113201",
      "srcText": "잭은 1학년 중에서 가장 수영을 잘 하는 학생으로 소문이 자자했습니다. \"평소에는 얌전하기만 하던 아이가 체육 시간만 되면 기운이 솟아나는가 봐. 못 하는 운동이 없다니까.\" \"정말이야. 잭은 우리 학교에서 운동 실력이 최고로 뛰어날 거야.\"",
      "srcPage": 53,
      "srcSentenceEA": 4,
      "srcWordEA": 35
    },
    {
      "srcTextID": "113206",
      "srcText": "친구들은 체육 시간만 되면 잭을 부러워하며 한 마디씩 했습니다. 하지만 학업 성적은 그리 우수한 편이 못 되었습니다. 어느 날, 잭에게 아버지의 편지가 날아들었습니다.",
      "srcPage": 54,
      "srcSentenceEA": 3,
      "srcWordEA": 25
    },
    {
      "srcTextID": "113262",
      "srcText": "부하들은 케네디에게 진심으로 고마워했습니다. 미군 해군 본부에서는 이같이 용감한 케네디 중위에게 훈장을 주었습니다. 죽은 줄만 알았던 케네디가 살아 돌아오자, 케네디 집안 사람들의 기쁨은 이루 말할 수가 없었습니다.",
      "srcPage": 108,
      "srcSentenceEA": 3,
      "srcWordEA": 29
    },
    {
      "srcTextID": "113264",
      "srcText": "1944년, 본국으로 돌아온 케네디는 두 번의 등 수술을 받아야 할 정도로 몸이 많이 상해 있었습니다. 케네디는 수술을 마친 후 몸의 회복을 위해 병원에 머무르고 있었습니다. 그러던 중 8월의 어느 주말이었습니다. 해군기의 조종사로 활약하고 있던 조가 유럽 전선에서 비행기의 공중 폭발로 행방불명되었다는 소식이 전해졌습니다.",
      "srcPage": 109,
      "srcSentenceEA": 4,
      "srcWordEA": 46
    },
    {
      "srcTextID": "113159",
      "srcText": "그리고 1년 후에 보스턴 시장을 지낸 존 피츠제럴드의 딸인 로즈와 결혼하여 아홉 자녀를 두게 되었습니다. 로즈는 독실한 가톨릭 신자로서 아이들을 신앙적으로 바르게 교육시키려 했으며, 조지프는 아이들에게 자립심과 신념을 키워 주려고 노력했습니다. 아버지는 아이들과 함께 이야기하는 시간을 자주 가졌습니다.",
      "srcPage": 11,
      "srcSentenceEA": 3,
      "srcWordEA": 40
    },
    {
      "srcTextID": "113168",
      "srcText": "\"어머니, 이제 할아버지 댁으로 가요.\" 이제까지 잘 참고 있던 막내 여동생 유니스가 어머니에게 칭얼거리듯이 말했습니다. 조와 잭에게는 흥미로운 시간이었지만, 아무것도 모르는 어린 유니스는 지루한 모양이었습니다.",
      "srcPage": 19,
      "srcSentenceEA": 3,
      "srcWordEA": 27
    },
    {
      "srcTextID": "113166",
      "srcText": "\"그래, 이제부턴 우리가 준비해 온 점심을 먹고 할아버지께 가 보도록 하자.\" 어머니와 아이들은 바다가 내려다보이는 풀밭에 모여 앉아서 과일과 빵을 펼쳐 놓았습니다. \"잭, 오늘은 네가 기도를 하렴.\" 어머니가 말하자 잭은 모두를 대표하여 식사 기도를 올렸습니다. '아멘!'을 끝으로 기도가 끝나자, 모두들 즐겁게 점심을 먹기 시작했습니다.",
      "srcPage": 20,
      "srcSentenceEA": 5,
      "srcWordEA": 47
    },
    {
      "srcTextID": "113170",
      "srcText": "\"어머니, 점심 식사 후에 할아버지께 갈 건가요?\" 샌드위치를 먹던 로즈마리가 물었습니다. 로즈마리는 친할아버지와 외할아버지 모두에게 가장 귀여움을 받고 있었습니다.",
      "srcPage": 21,
      "srcSentenceEA": 3,
      "srcWordEA": 21
    },
    {
      "srcTextID": "113270",
      "srcText": "해군에서 제대한 후, 한동안 신문 기자 생활을 하기도 했던 케네디는 자기 자신의 장래에 대해 확실한 결정을 내리지 않고 있었습니다. 이러한 케네디에게 분명한 진로를 세우게 만든 사람은 아버지였습니다. 조를 잃은 후, 아버지의 얼굴에서는 웃음이 사라졌습니다. 유능한 정치가가 되고자 했던 조의 꿈은 곧 아버지의 꿈이기도 했습니다.",
      "srcPage": 111,
      "srcSentenceEA": 4,
      "srcWordEA": 47
    },
    {
      "srcTextID": "113267",
      "srcText": "그런 조를 잃은 아버지의 상심이 얼마나 컸는지는 케네디도 짐작할 수 있을 것 같았습니다. 어느 날, 아버지가 케네디를 불렀습니다. \"잭, 네 형 조가 없으니, 이제부터 우리 집안을 이끌어 갈 사람은 바로 너다. 나는 네가 내 뜻을 따라서 정치가가 되었으면 좋겠구나.\"",
      "srcPage": 112,
      "srcSentenceEA": 4,
      "srcWordEA": 41
    },
    {
      "srcTextID": "113268",
      "srcText": "그런데 케네디의 정치적 역량을 시험해 볼 수 있는 기회가 빠르게 다가왔습니다. 케네디가 태어난 매사추세츠 주의 보스턴에서 한 의원이 그만두는 바람에, 그 지역에 보궐 선거가 있게 된 것입니다. 케네디는 보궐 선거 출마를 결심하고, 그것을 아버지에게 알렸습니다.",
      "srcPage": 115,
      "srcSentenceEA": 3,
      "srcWordEA": 37
    },
    {
      "srcTextID": "113171",
      "srcText": "\"자, 이제 각자 방을 갖게 되었으니, 앞으로는 청소도 각자 해야 한다. 자, 어서 너희들의 짐을 정돈하거라. \"어머니는 일하는 사람을 부리지 않고 아이들에게 각자의 일을 맡겨 주었습니다.",
      "srcPage": 25,
      "srcSentenceEA": 3,
      "srcWordEA": 27
    },
    {
      "srcTextID": "113179",
      "srcText": "책상이나 옷장처럼 무거운 물건은 일하는 아저씨들이 제자리에 놓아 주었지만, 나머지는 각자가 정돈하도록 되어 있었습니다. 그러나 그들은 이제껏 게으름을 피우느라 방은 엉망진창인 채 그대로였습니다. 두 소년은 땀을 뻘뻘 흘리며 부지런히 방을 치우기 시작했습니다. ",
      "srcPage": 27,
      "srcSentenceEA": 3,
      "srcWordEA": 34
    },
    {
      "srcTextID": "113162",
      "srcText": "그의 어린 시절에 가족들은 케네디를 잭이라는 애칭으로 불렀습니다. 잭은 책을 좋아하는 조용한 성격이었지만, 그보다 두 살 많은 형 조는 심한 개구쟁이이면서도 성적이 우수할 뿐만 아니라 무엇이든 척척 잘 해내었습니다. 그래서 잭은 늘 형 조에게 보이지 않는 열등 의식을 갖고 있었습니다.",
      "srcPage": 14,
      "srcSentenceEA": 3,
      "srcWordEA": 42
    },
    {
      "srcTextID": "113224",
      "srcText": "잭은 그와 기숙사에서 같은 방을 썼으며 늘 함께 행동하였습니다. 토비라고도 불리는 그는 나중에 매사추세츠 주의 하원 의원이 되었습니다. 잭은 운동이라면 무엇이든 다 하고 싶었습니다.",
      "srcPage": 75,
      "srcSentenceEA": 3,
      "srcWordEA": 26
    },
    {
      "srcTextID": "113501",
      "srcText": "그러나 케네디는 되도록 강압적인 수단은 사용하지 않기를 바랐으며, 평화적이고 합법적으로 문제를 해결하고 싶었습니다. 케네디 대통령은 텔레비전 방송에 나와 국민에게 호소했습니다. \"국민 여러분! 우리 미국은 진정한 자유 국가입니다. 그런데 우리가 흑인을 차별하고서야 어떻게 자유와 평등을 사랑하는 나라라고 하겠습니까? 저는 앞으로 흑인의 평등을 위해서 목숨을 걸고서라도 싸우겠습니다.\" 케네디의 인종 차별에 대한 분명한 입장을 들은 미국인들은 그의 신념에 크게 감동하였습니다.",
      "srcPage": 153,
      "srcSentenceEA": 7,
      "srcWordEA": 62
    },
    {
      "srcTextID": "113182",
      "srcText": "\"좋아. 언제든지 상대해 주지.\" 다음 날, 학교 앞 공터에는 두 대의 자전거를 둘러싸고 아이들이 모여 있었습니다. 자전거 경기를 하려는 잭과 헨리가 있었고, 헨리의 친구들과 잭의 남매들이 응원을 할 요량으로 나온 것이었습니다.",
      "srcPage": 36,
      "srcSentenceEA": 3,
      "srcWordEA": 34
    },
    {
      "srcTextID": "113504",
      "srcText": "어느덧 대통령의 임기가 끝나 가고 있었습니다. '아직도 할 일이 많이 남아 있다. 내가 시작한 일들은 마무리지어야 한다.' 이런 생각을 한 케네디는 다시 대통령에 출마할 생각으로 선거 준비에 나섰습니다.",
      "srcPage": 154,
      "srcSentenceEA": 4,
      "srcWordEA": 30
    },
    {
      "srcTextID": "113257",
      "srcText": "밤이 지나고 날이 밝자, 머리 위에는 금세 태평양의 뜨거운 태양이 이글거리기 시작했습니다. 드넓은 바다를 목적지도 없이 떠돌고 있었으므로 케네디 일행은 모두 겁에 질려 있었습니다. \"일본군 비행기에 걸리면 우리는 모두 죽을 거야.\"",
      "srcPage": 100,
      "srcSentenceEA": 3,
      "srcWordEA": 32
    },
    {
      "srcTextID": "113255",
      "srcText": "\"내 말을 잘 들어라. 여기서 조금만 가면 섬이 있다. 거기까지 헤엄쳐 가면 우리는 산다. 기운을 내!\" 케네디는 크게 부상당한 부하를 구명대에 올려놓은 다음, 구명대의 끈을 입에 물고 앞장서서 헤엄치기 시작했습니다. 그렇게 몇 시간을 헤엄쳐 갔을 때, 저 멀리에 야자나무들이 보였습니다. \"섬이다! 우리는 살았다!\"",
      "srcPage": 102,
      "srcSentenceEA": 7,
      "srcWordEA": 49
    },
    {
      "srcTextID": "113259",
      "srcText": "하지만 며칠이 지나도록 아군의 배나 어뢰정은 그림자도 보이지 않았습니다. 섬에서 지낸 지 여러 날이 흐르자 모두들 굶주림에 지쳐 눈이 푹 꺼졌습니다. 이대로 가다가는 모두 굶어죽을 판이었습니다. 케네디는 마실 물을 찾기 위해 부하들과 함께 옆의 섬으로 힘겹게 옮겨 갔습니다.",
      "srcPage": 104,
      "srcSentenceEA": 4,
      "srcWordEA": 41
    },
    {
      "srcTextID": "113263",
      "srcText": "케네디는 그 열매를 원주민에게 주며 미군에게 전해 달라고 부탁했습니다. 원주민은 카누를 타고 다시 바다로 나갔습니다. '과연 저 야자 열매가 무사히 미군에게 전해질까?' 케네디는 걱정이 앞섰습니다.",
      "srcPage": 106,
      "srcSentenceEA": 4,
      "srcWordEA": 27
    },
    {
      "srcTextID": "113269",
      "srcText": "날벼락과도 같은 소식에 케네디 가족들은 절망과 비탄에 잠겼습니다. 케네디에게 있어 형 조의 죽음은 슬픔만 안겨 준 것이 아니라, 운명까지 바꾸어 놓는 계기가 되었습니다. 이 무렵, 이탈리아와 독일이 연합군에 항복하였으며, 일본도 1945년 8월에 무조건 항복을 선언하여 전쟁은 서서히 막바지에 이르고 있었습니다.",
      "srcPage": 110,
      "srcSentenceEA": 3,
      "srcWordEA": 42
    },
    {
      "srcTextID": "113163",
      "srcText": "보스턴은 잭의 집에서 그리 멀지 않은 커다란 항구 도시였습니다. \"먼저 폴 리비어 하우스부터 들러 볼까.\" 어머니는 아이들을 데리고 항구에서 가까운 곳에 있는 작은 집으로 갔습니다.",
      "srcPage": 16,
      "srcSentenceEA": 3,
      "srcWordEA": 26
    },
    {
      "srcTextID": "113202",
      "srcText": "지금까지 한 번도 집을 떠나 본 적이 없었던 잭은 기숙사 생활에 적응하기가 어려웠습니다. 낮에는 공부와 운동을 하느라 집 생각을 잊었지만, 밤이 되면 가족들이 그리워서 견딜 수가 없었습니다. 잭은 매일 밤 어머니에게 편지를 쓰면서 그리움을 달랬습니다.",
      "srcPage": 51,
      "srcSentenceEA": 3,
      "srcWordEA": 37
    },
    {
      "srcTextID": "113185",
      "srcText": "이튿날, 조와 잭은 새로 전학 온 학교에 나갔습니다. 성격이 쾌활한 조는 금세 많은 친구들을 사귀었지만, 얌전한 잭은 친구를 별로 사귀지 못했습니다. 잭은 학교가 끝나면 곧바로 집으로 돌아와서 책을 보거나 동생들과 놀아 주었습니다.",
      "srcPage": 32,
      "srcSentenceEA": 3,
      "srcWordEA": 34
    },
    {
      "srcTextID": "113234",
      "srcText": "아버지는 한숨을 쉬면서 말했습니다. \"어떻게 해서든 이 위험한 전쟁을 피해야 하는데, 세계 각국의 움직임이 너무 복잡해서 도대체가 앞날을 예측할 수 없구나.\" \"유럽의 여러 나라가 함께 손을 잡고 싸운다면, 독일을 이길 수 있을 겁니다. 미국과 영국도 독일에 맞서 유럽 국가들을 도와 주어야 하고요.\" 잭이 자기 생각을 말했습니다.",
      "srcPage": 85,
      "srcSentenceEA": 5,
      "srcWordEA": 48
    },
    {
      "srcTextID": "113266",
      "srcText": "\"죄송합니다, 아버지. 제 적성에는 정치가가 맞지 않는 것 같습니다.\" 케네디는 아버지가 마음에 걸렸지만 자신의 마음을 솔직히 말했습니다. 그날 밤, 두 사람은 밤이 늦도록 이야기를 나누었습니다. 이야기를 하는 동안, 케네디는 아버지의 슬픔과 절실한 소원을 분명히 알게 되었습니다.",
      "srcPage": 113,
      "srcSentenceEA": 5,
      "srcWordEA": 40
    },
    {
      "srcTextID": "113220",
      "srcText": "졸업 시험이 끝나고 난 후 어느 날, 한가해진 아이들은 다 같이 모여 인기 투표를 하였습니다. 투표 결과 잭은 친구들 가운데 가장 많은 표를 얻으며 인기 투표에서 1등을 하였습니다. \"뭐, 내가 가장 많은 인기를 얻었다고?\" 잭은 도저히 믿어지지가 않았습니다.",
      "srcPage": 69,
      "srcSentenceEA": 4,
      "srcWordEA": 40
    },
    {
      "srcTextID": "113205",
      "srcText": "오늘 네 성적표가 집으로 왔더구나. 영어와 역사를 제외한 나머지 학과의 성적이 몹시 부진하더구나. 공부하는 일에 게으름을 피운 것은 아닌지 스스로 생각해 보아라. 잭은 운동 실력으로 우쭐해져 있다가 금세 풀이 죽었습니다.",
      "srcPage": 55,
      "srcSentenceEA": 4,
      "srcWordEA": 33
    },
    {
      "srcTextID": "113192",
      "srcText": "\"잭, 축하한다. 네가 이겼다. 넌 정말 자전거를 잘 타는구나. 아마도 우리 마을에서 너보다 자전거를 잘 타는 사람은 없을 거야.\" 헨리는 진심으로 잭을 칭찬해 주었습니다.",
      "srcPage": 42,
      "srcSentenceEA": 5,
      "srcWordEA": 28
    },
    {
      "srcTextID": "113193",
      "srcText": "그 무렵, 어머니는 잭의 남동생을 낳았습니다. 남동생의 이름은 로버트이며, 잭의 형제들은 모두 7남매가 되었습니다. \"로버트가 어서 빨리 컸으면 좋겠다. 그러면 우리와 함께 운동을 하면서 놀 수 있을 텐데.\"",
      "srcPage": 43,
      "srcSentenceEA": 4,
      "srcWordEA": 30
    },
    {
      "srcTextID": "113196",
      "srcText": "어머니가 가사일을 하는 동안 로버트와 놀아 주었지만, 금세 울음을 터뜨려 잭을 귀찮게 하기 때문이었습니다. \"헨리와 노는 것이 더 재미있겠구나.\" 자전거 경주 이후, 잭은 헨리와 단짝이 되었습니다.",
      "srcPage": 45,
      "srcSentenceEA": 3,
      "srcWordEA": 27
    },
    {
      "srcTextID": "113232",
      "srcText": "\"그래, 네 말이 맞다. 이제 보니 잭이 지난번 유럽 여행 때 많은 것을 얻은 모양이구나.\" 아버지는 대견스럽다는 듯이 잭을 바라보았습니다. 어느 날, 잭이 런던으로 가족을 만나러 왔을 때 아버지가 말했습니다. \"잭, 국제 관계가 긴박하게 돌아가고 있는 이 때에 무엇보다도 빠른 정보가 필요한데, 그걸 맡아 줄 마땅한 사람이 없구나.\"",
      "srcPage": 86,
      "srcSentenceEA": 5,
      "srcWordEA": 51
    },
    {
      "srcTextID": "113233",
      "srcText": "\"아버지, 그 일을 제가 해 보겠어요. 전 이전에 유럽 여행의 경험도 있으니까 힘들이지 않고 잘 해낼 수 있을 거예요.\" 잭은 자기의 시야도 넓히고 아버지도 도울 생각으로, 학교의 허가를 받아 대서양을 건너가기로 했습니다.",
      "srcPage": 87,
      "srcSentenceEA": 3,
      "srcWordEA": 34
    },
    {
      "srcTextID": "113219",
      "srcText": "잭이 초트 고등학교에 다니는 동안, 여동생 진과 남동생 에드워드가 태어났습니다. 이렇게 해서 잭의 남매는 모두 9명이 되었습니다. 잭은 18세가 되던 1935년에 초트 고등학교를 졸업하고, 절친한 친구인 레스, 리프와 함께 프린스턴 대학에 입학했습니다.",
      "srcPage": 71,
      "srcSentenceEA": 3,
      "srcWordEA": 34
    },
    {
      "srcTextID": "113175",
      "srcText": "케네디 집안은 외가와 친가 모두 아일랜드에서 농사를 짓던 사람들이었습니다. 그러다가 미국으로 이민을 와서 갖은 고생을 다한 끝에 지금의 할아버지 대에 와서야 성공을 하게 된 것이었습니다. 두 할아버지는 모두 정치가가 되어 보스턴 시를 위한 많은 일을 하며 살고 있었습니다.",
      "srcPage": 22,
      "srcSentenceEA": 3,
      "srcWordEA": 40
    },
    {
      "srcTextID": "113194",
      "srcText": "그러고 보니 한 대의 모형 비행기를 날려 보려고, 아이들은 기다랗게 줄을 서서 기다리고 있었습니다. 잭은 얼굴이 새빨개져서 아무 말도 할 수가 없었습니다. 잭의 집이 부자이긴 했으나 아버지가 주는 용돈은 다른 집 아이들보다 많지 않았습니다.",
      "srcPage": 48,
      "srcSentenceEA": 3,
      "srcWordEA": 36
    },
    {
      "srcTextID": "113173",
      "srcText": "이사 온 날 저녁 무렵, 어머니는 아이들을 불렀습니다. \"방 정리는 모두 끝났겠지? 내가 올라가 볼 테니, 모두들 준비하고 있거라.\" 어머니가 말을 마치고 돌아서자, 조와 잭은 헐레벌떡 자기 방으로 뛰어들어갔습니다.",
      "srcPage": 26,
      "srcSentenceEA": 4,
      "srcWordEA": 31
    },
    {
      "srcTextID": "113242",
      "srcText": "잭은 기쁜 마음으로 길을 떠났습니다. 잭은 프랑스, 영국, 독일을 비롯하여 유럽 여러 나라를 다니면서 보고 들은 것을 그때그때 아버지에게 보고했습니다. 잭의 보고는 언제나 예리하게 핵심을 찔렀으며, 냉정하고 객관적인 것이었습니다.",
      "srcPage": 89,
      "srcSentenceEA": 3,
      "srcWordEA": 31
    },
    {
      "srcTextID": "113276",
      "srcText": "\"형, 힘들겠지만 열심히 뛰세요. 우리 가족 모두가 형을 도와서 뛸게요.\" 이제 갓 대학을 졸업한 동생 로버트가 말했습니다. 이렇듯 든든한 가족의 전폭적인 지지를 등에 업은 케네디는 미국에서도 손꼽히는 정치가인 헨리 로지와 대결하여 승리를 거두고 상원 의원에 당선되었는데, 이 때 그의 나의 35세였습니다.",
      "srcPage": 122,
      "srcSentenceEA": 4,
      "srcWordEA": 44
    },
    {
      "srcTextID": "113277",
      "srcText": "35세의 젊은 의원 케네디는 키가 후리후리하고 구김살이 없어, 대하는 사람마다 호감을 갖는 인상이었습니다. 그는 참신함과 열정을 가지고 열심히 정치 활동을 펼쳤습니다. 그 이듬해, 케네디는 전부터 친하게 지내 오던 버트레트 부부의 집에 식사 초대를 받았습니다.",
      "srcPage": 123,
      "srcSentenceEA": 3,
      "srcWordEA": 36
    },
    {
      "srcTextID": "113279",
      "srcText": "케네디는 그 자리에서 신문사의 사진 기자인 재클린 부비에라는 아가씨를 만나게 되었습니다. 식사를 하는 동안, 재클린과 케네디는 여러 가지 이야기를 나누었으며, 서로 말이 잘 통했기 때문에 금세 가까워졌습니다. 그 날 이후 두 사람은 자주 만났으며, 마침내 그들의 만남은 결실을 맺게 되어 1953년 9월 12일에 결혼식을 올렸습니다.",
      "srcPage": 124,
      "srcSentenceEA": 3,
      "srcWordEA": 47
    },
    {
      "srcTextID": "113208",
      "srcText": "마침 학교가 방학 중이어서, 수술을 받은 잭은 집으로 돌아와 푹 쉴 수 있었습니다. 여름 방학이 끝날 무렵, 잭은 형 조가 다니는 초트 고등학교로 전학했습니다. 외로움을 많이 타는 잭을 위한 아버지의 배려였습니다.",
      "srcPage": 59,
      "srcSentenceEA": 3,
      "srcWordEA": 33
    },
    {
      "srcTextID": "113222",
      "srcText": "그는 미식축구에 관심이 있었지만, 1년 동안 병을 앓느라 몸이 허약해졌기 때문에 예전과 같은 실력을 발휘하지는 못 했습니다. '좋아, 나도 부지런히 연습해서 실력을 쌓아야겠다.' 잭은 틈나는 대로 운동장에 나가 몸을 아끼지 않고 미식축구를 연습했습니다. 그러던 어느 날이었습니다. 공을 차올리던 잭은 갑자기 등이 꺾이는 듯한 아픔을 느끼며 운동장에 쓰러지고 말았습니다.",
      "srcPage": 76,
      "srcSentenceEA": 5,
      "srcWordEA": 51
    },
    {
      "srcTextID": "113289",
      "srcText": "드디어 선거전이 시작되었습니다. 미국 국민들은 이 대통령 선거에 일찍이 볼 수 없었던 큰 관심을 보였습니다. \"케네디는 너무 젊어. 겨우 43세야. 거기에 비하면 닉슨은 나이도 많고 부통령까지 지낸 사람이 아닌가.\"",
      "srcPage": 131,
      "srcSentenceEA": 5,
      "srcWordEA": 32
    },
    {
      "srcTextID": "113285",
      "srcText": "\"아니야. 지금이야말로 케네디 같은 젊은 사람이 대통령이 되어야 해. 우리에겐 그의 용기가 더 필요해.\" 케네디 집안 사람들은 물론 학교 친구들, 어뢰정에서 함께 싸웠던 옛날 부하들까지 나서서 케네디를 도왔습니다.",
      "srcPage": 132,
      "srcSentenceEA": 3,
      "srcWordEA": 31
    },
    {
      "srcTextID": "113207",
      "srcText": "\"네가 그 유명한 조의 동생이냐?\" \"조의 동생이라면 공부도 운동도 다 잘 하겠구나. 이젠 우리 학교에 1등이 둘이나 되겠군.\" 전학 온 첫날, 아이들이 잭을 둘러싸고 말했습니다.",
      "srcPage": 60,
      "srcSentenceEA": 4,
      "srcWordEA": 27
    },
    {
      "srcTextID": "113228",
      "srcText": "\"잭! 정신차려!\" 잭은 곧장 친구들의 등에 업혀 병원으로 옮겨졌습니다. 잭을 진찰한 의사는 등뼈에 금이 간 것이라고 말했습니다. 결국 잭은 다시 병원에 입원했습니다.",
      "srcPage": 77,
      "srcSentenceEA": 4,
      "srcWordEA": 26
    },
    {
      "srcTextID": "113295",
      "srcText": "취임식이 끝나고 난 뒤, 케네디는 대통령이 사는 백악관으로 갔습니다. 그의 곁에는 부인 재클린과 3세 된 딸 캐롤라인, 그리고 이제 갓 태어난 아들 존이 있었습니다. 백악관의 집무실에는 벌써 많은 일들이 케네디를 기다리고 있었습니다.",
      "srcPage": 135,
      "srcSentenceEA": 3,
      "srcWordEA": 34
    },
    {
      "srcTextID": "113210",
      "srcText": "조는 성적이 우수했을 뿐 아니라, 실력 있는 운동 선수이기도 했습니다. 잭은 형을 칭찬하는 말이 기쁘기도 했지만, 마음의 부담이 되기도 했습니다. '언젠가는 나도 형처럼 1등을 하고 말 테다.'",
      "srcPage": 61,
      "srcSentenceEA": 3,
      "srcWordEA": 28
    },
    {
      "srcTextID": "113231",
      "srcText": "침대에 누워 있는 동안, 잭은 주로 책을 읽으면서 지냈습니다. 몸이 다 회복되어 학교의 기숙사로 돌아온 후에도 잭은 여전히 독서에만 빠져 지냈습니다. 그 모습을 본 토비가 잭에게 말했습니다. \"잭, 너는 혹시 소설가가 되려는 것은 아니냐?\"",
      "srcPage": 78,
      "srcSentenceEA": 4,
      "srcWordEA": 36
    },
    {
      "srcTextID": "113238",
      "srcText": "그는 이번의 유럽 여행을 계기로 더욱더 정치에 흥미를 가지게 되었으며, 공부도 열심히 하여 성적이 많이 올랐습니다. 22세에 대학의 최고 학년이 된 잭은 아버지를 도운 6개월 동안의 체험을 통해 새로운 의욕과 자신감을 갖게 되었습니다. 잭은 이번 여행으로 인해 학업이 친구들보다 반 년 가량 뒤처지게 되자, 그것을 따라잡기 위해 더욱 열심히 공부했습니다.",
      "srcPage": 92,
      "srcSentenceEA": 3,
      "srcWordEA": 52
    },
    {
      "srcTextID": "113301",
      "srcText": "모든 문제를 너무나 진지하게 생각하는 그의 성격은 때때로 사람들과 마찰을 일으키기도 했습니다. 그러나 케네디는 자기가 나가는 방향이 옳다는 데 자신을 가지고 있었습니다. 그리고 그 자신감은 언제나 철저한 조사와 냉철한 판단에 의해 뒷받침되었습니다.",
      "srcPage": 140,
      "srcSentenceEA": 3,
      "srcWordEA": 34
    },
    {
      "srcTextID": "113226",
      "srcText": "\"그럴지도 모르지. 고등학교 때의 국어 선생님께서 나더러 문학에 재능이 있다고 하셨거든.\" \"그런데 너희 형 조는 정치가가 되고 싶은 모양이더라.\"",
      "srcPage": 79,
      "srcSentenceEA": 3,
      "srcWordEA": 20
    },
    {
      "srcTextID": "113237",
      "srcText": "그 무렵 잭의 공부에 대한 열정을 더욱 자극한 것은, 유럽에서의 경험을 토대로 해서 논문을 쓰는 일이었습니다. 잭은 정치학에서 좋은 성적을 올렸지만 훌륭한 논문을 제출해야만 졸업을 할 수 있었습니다. 잭의 말대로, 얼마 후 독일은 세계 전쟁을 일으키고야 말았습니다.",
      "srcPage": 93,
      "srcSentenceEA": 3,
      "srcWordEA": 39
    },
    {
      "srcTextID": "113302",
      "srcText": "케네디는 맹목적으로 행동하는 사람이 아니었습니다. 맥나마라 장관이 나간 뒤, 케네디의 동생인 로버트가 들어왔습니다. 케네디의 상원 의원 시절부터 형을 도운 로버트는 정치가로서도 훌륭한 능력을 지니고 있었습니다. 그래서 케네디는 동생을 법무 장관이라는 중요한 자리에 앉혔습니다. 로버트가 가지고 온 문제는 미국이 오랫동안 안고 있던 심각한 인종 문제였습니다.",
      "srcPage": 141,
      "srcSentenceEA": 5,
      "srcWordEA": 48
    },
    {
      "srcTextID": "113492",
      "srcText": "\"저는 거기에 반대하는 의원들을 만나 보겠습니다. 이 법이 통과되지 않으면 흑인들은 계속 괴로움을 당할 것입니다.\" 미국에는 그 당시 1천만 명이 넘는 흑인이 살고 있었습니다. 그들의 운명이 케네디의 손에 달린 것이었습니다.",
      "srcPage": 143,
      "srcSentenceEA": 4,
      "srcWordEA": 33
    },
    {
      "srcTextID": "113243",
      "srcText": "1939년, 독일이 체코슬로바키아를 점령하고 폴란드로 쳐들어감으로써 마침내 제2차 세계 대전이 일어난 것입니다. 1940년 이른 봄, 잭은 오랜 노력 끝에 작성한 논문을 지도 교수에게 제출했습니다. 그가 쓴 대학 졸업 논문은 대단히 훌륭하여 교수들로부터 우수하다는 평을 받았으며, 아버지는 그것을 책으로 내 보자고 권유했습니다. 잭이 하버드 대학을 졸업한 뒤, 그의 졸업 논문은 '영국은 왜 잠자고 있었나'라는 제목으로 출판되어 곧 베스트셀러가 되었습니다. 그의 나이 23세 때였습니다.",
      "srcPage": 94,
      "srcSentenceEA": 7,
      "srcWordEA": 67
    },
    {
      "srcTextID": "113244",
      "srcText": "그러던 중 제2차 세계 대전은 더욱 심각해져서 미국도 참전하지 않을 수 없게 되었습니다. 미국의 젊은이들은 나라를 지키기 위해 다투어 군대에 지원했습니다. 그런 상황에서 잭의 아버지 조지프 케네디가 미국의 참전을 반대한다고 말한 것이 그대로 신문에 보도되어 난처한 입장에 처하게 되었습니다. 이 일로 조지프 케네디는 1940년 말, 영국 대사를 그만두고 미국으로 돌아왔습니다.",
      "srcPage": 95,
      "srcSentenceEA": 4,
      "srcWordEA": 53
    },
    {
      "srcTextID": "113248",
      "srcText": "이 무렵, 스탠포드 대학의 상과 대학원에서 공부하고 있던 잭은, 어수선한 국제 정세 속에서 나라를 지키고자 하는 애국심으로 육군에 지원 원서를 냈습니다. 그리고 이보다 앞서 형 조는 해군 항공대의 조종사가 되어 있었습니다. 그러나 잭은 신체 검사에서 불합격되고 말았습니다. 대학 시절에 미식축구를 하다가 다친 상처 때문이었습니다.",
      "srcPage": 96,
      "srcSentenceEA": 4,
      "srcWordEA": 47
    },
    {
      "srcTextID": "113246",
      "srcText": "'이대로 포기하지는 않겠다. 반드시 군대에 들어가고 말겠어!' 잭은 의사와 상의해서 체력을 단련하기 시작했습니다. 어느 정도 몸이 단련되자, 이번에는 해군에 원서를 내어 해군 소위로 합격했습니다.",
      "srcPage": 97,
      "srcSentenceEA": 4,
      "srcWordEA": 27
    },
    {
      "srcTextID": "113245",
      "srcText": "\"녀석! 해내고야 말았구나.\" 영국 대사 자리에서 물러나 집에 와 있던 아버지와 가족들은 잭의 끈기에 감탄하며 한 마디씩 칭찬의 말을 해 주었습니다. 24세의 어른이 된 잭을 이제는 모두 그의 성씨인 케네디로 불렀습니다.",
      "srcPage": 98,
      "srcSentenceEA": 3,
      "srcWordEA": 34
    },
    {
      "srcTextID": "113502",
      "srcText": "마침내 대통령은 군대를 보내어 이 소동을 가라앉혔습니다. 그리고 멜레디스는 미시시피 주립 대학에 입학이 허가되었습니다. 냉철하고 인내심이 강한 케네디의 이 같은 처사는 반대파조차도 진정시킬 만한 힘이 있었습니다.",
      "srcPage": 152,
      "srcSentenceEA": 3,
      "srcWordEA": 28
    },
    {
      "srcTextID": "113227",
      "srcText": "\"아마 그럴 거야. 우리 할아버지도 정치가였거든. 하지만 난 형하고 달라. 정치가보다는 소설가나 선생님이 되는 것이 더 적격일 것 같아.\" 잭은 법학을 배우는 학교 공부가 싫었습니다. 그의 성적은 늘 낙제를 면할 정도의 수준에 머물렀습니다.",
      "srcPage": 80,
      "srcSentenceEA": 6,
      "srcWordEA": 38
    },
    {
      "srcTextID": "113247",
      "srcText": "1941년 12월, 독일, 이탈리아와 동맹을 맺고 있던 일본이 미국의 진주만을 공격함으로써 마침내 미국도 전쟁에 끼어들게 되었습니다. 해군 소위가 된 케네디는 하루라도 빨리 실전 훈련을 마친 후 싸움터로 나가고 싶었습니다. 그러나 처음에 케네디에게 주어진 일은 해군 장교들을 위한 신문을 제작하는 일이었으며, 1942년 여름에서야 그의 소원이 이루어지게 되었습니다.",
      "srcPage": 99,
      "srcSentenceEA": 3,
      "srcWordEA": 48
    },
    {
      "srcTextID": "113284",
      "srcText": "케네디는 퓰리처 상의 상금 500달러를 흑인 대학에 기부했습니다. 이윽고 건강을 회복한 케네디는 다시 국회로 돌아와 눈부신 활동을 시작했습니다. 이 무렵, 미국 내에서는 불경기로 인해 실업자가 늘어났으며, 흑인과 백인이 서로 등을 돌린 채 미워하며 싸우고 있었습니다.",
      "srcPage": 129,
      "srcSentenceEA": 3,
      "srcWordEA": 37
    },
    {
      "srcTextID": "113507",
      "srcText": "최고의 실력을 갖춘 의사들이 케네디를 살리기 위해서 매달렸지만 그는 끝내 눈을 감고 말았습니다. \"케네디 대통령은 오후 1시에 운명하셨습니다.\" 이 소식은 곧 미국 전역에 알려졌습니다. 용기와 양심을 가지고 세계 평화를 위하여 힘썼던 미국의 제35대 대통령 존 피츠제럴드 케네디는 46세의 젊은 나이로 그 빛나는 생애를 마쳤습니다. 국회 의사당에서 거행된 장례식이 끝난 후, 케네디 대통령의 시신은 알링턴 국립 묘지로 옮겨져서 그 곳에 묻혔습니다.",
      "srcPage": 158,
      "srcSentenceEA": 5,
      "srcWordEA": 63
    },
    {
      "srcTextID": "113241",
      "srcText": "머지않아 독일에 의해 세계 전쟁이 일어날 것 같습니다. 독일 국민들은 모두 전쟁이 시작되기만을 기다리고 있는 듯 무기를 만드는 일에 전력을 다하고 있습니다. 잭은 유럽 시찰을 마치고 다시 하버드 대학으로 돌아왔습니다.",
      "srcPage": 91,
      "srcSentenceEA": 3,
      "srcWordEA": 32
    },
    {
      "srcTextID": "113271",
      "srcText": "\"잘 생각했다. 이왕 마음을 먹었으니 1등을 해라. 우리 케네디 집안에 2등은 없으니까.\" 아버지는 기뻐하며 격려해 주었습니다. 그가 선거에 출마한 사실이 알려지자, 다른 후보자들은 그를 비웃었습니다.",
      "srcPage": 116,
      "srcSentenceEA": 5,
      "srcWordEA": 29
    },
    {
      "srcTextID": "113297",
      "srcText": "케네디는 진보적이고 적극적인 사고 방식을 가진 사람으로, 그의 주변에는 그가 대통령이 되기 전부터 그를 따르던 훌륭한 학자와 전문가들이 많았습니다.  또한 대통령으로서 그의 훌륭한 점은, 학자와 전문가들의 의견을 자기 것으로 완전히 소화해 버린다는 점이었습니다. 대개의 경우, 두툼한 보고서가 있을 때에는 그것을 다 읽지 않고 간추린 내용만 보게 됩니다.",
      "srcPage": 136,
      "srcSentenceEA": 3,
      "srcWordEA": 50
    },
    {
      "srcTextID": "113494",
      "srcText": "미국과 소련을 대표한 두 사람은 오랫동안 이야기를 주고받았습니다. 하지만 어떤 문제를 꺼내도 서로의 생각에는 커다란 차이가 있었습니다. 케네디는 마음이 답답했습니다.",
      "srcPage": 145,
      "srcSentenceEA": 3,
      "srcWordEA": 22
    },
    {
      "srcTextID": "113491",
      "srcText": "\"나는 소련과 손을 잡고 세계 평화를 위해 일해 나가고 싶습니다. 그러기 위해서는 우리 미국의 생각도 받아들여서, 서로 사이좋게 문제를 풀어 나가야 합니다.\" 흐루시초프는 케네디의 세계 평화를 향한 의지와 신념에 감동하였습니다.",
      "srcPage": 146,
      "srcSentenceEA": 3,
      "srcWordEA": 32
    },
    {
      "srcTextID": "113176",
      "srcText": "\"자기가 할 일은 스스로 해야지! 엄마와 아버지가 가장 싫어하는 것은 너희들이 게으름을 피우는 거란다. 게으른 사람은 남보다 항상 뒤처지게 된다는 사실을 귀에 못이 박히도록 이야기하지 않았니!\"",
      "srcPage": 30,
      "srcSentenceEA": 3,
      "srcWordEA": 28
    },
    {
      "srcTextID": "113294",
      "srcText": "그러나 케네디는 하나도 빠트리지 않고 모든 보고서를 자신이 직접 읽었습니다. \"간단히 요점만 간추려 주게.\" 이와 같은 말을 케네디는 한 번도 한 적이 없었습니다.",
      "srcPage": 137,
      "srcSentenceEA": 3,
      "srcWordEA": 24
    },
    {
      "srcTextID": "113296",
      "srcText": "케네디 대통령이 책을 빨리 읽는 것은 이미 소문이 나 있었습니다. 원래 빨리 읽는데다 속독법까지 익혔기 때문에 그 속도는 더욱 빨랐습니다. 어느 날, 국방 장관 맥나마라가 대통령을 찾아왔습니다.",
      "srcPage": 138,
      "srcSentenceEA": 3,
      "srcWordEA": 29
    },
    {
      "srcTextID": "113293",
      "srcText": "그는 케네디가 몸담고 있던 민주당의 상대 당인 공화당 사람이었지만, 훌륭한 사람이라면 정당을 가리지 않는 케네디에 의해 장관이 되었습니다. \"대통령 각하, 소련이 라오스를 은밀하게 도와주고 있는 것 같습니다.\" \"아주 중요한 문제이기는 하지만 성급히 판단할 일이 아니오. 좀더 지켜보기로 합시다. 나는 오늘 소련의 흐루시초프 수상에게, 세계 평화를 위하여 서로 대화를 나누어 보자는 편지를 보냈소.\" 케네디는 가능하면 모든 일을 평화롭게 해결하려고 노력했습니다. 세상에 평화를 싫어하는 사람은 단 한 사람도 없다고 믿었기 때문입니다.",
      "srcPage": 139,
      "srcSentenceEA": 7,
      "srcWordEA": 73
    },
    {
      "srcTextID": "113164",
      "srcText": "아버지 조지프 케네디는 당시 미국에서도 손꼽히는 부자였지만, 아이들에게 용돈을 많이 주어 제멋대로 쓰게 하는 일은 절대로 하지 않았습니다. 아이들이 부모에게 기대지 않고 자기 스스로 완전히 독립하여 그들의 신념대로 살아갈 수 있도록 해 주기 위해서였습니다. 이런 가정 분위기 속에서 자란 어린 시절의 케네디는 성실하고 예절 바른 아이였습니다.",
      "srcPage": 13,
      "srcSentenceEA": 3,
      "srcWordEA": 48
    },
    {
      "srcTextID": "113181",
      "srcText": "\"난 그런 건 안 해. 공차기나 자전거 경주를 하지. 내 자전거 실력은 아마 어른에게도 뒤지지 않을 거야.\" 그 말을 들은 헨리는 더욱 빈정거렸습니다. \"어른을 이길 수 있다면 나도 이길 수 있겠구나. 그럼, 나와 경주를 해 볼까?\"",
      "srcPage": 35,
      "srcSentenceEA": 6,
      "srcWordEA": 40
    },
    {
      "srcTextID": "113495",
      "srcText": "케네디는 로버트의 말에 고개를 끄덕였습니다. 한편, 케네디의 편지를 받아 본 소련의 수상 흐루시초프는, 두 나라의 정상이 만나서 이야기를 하자는 답변을 전해 왔습니다. 1961년 6월, 케네디와 흐루시초프는 오스트리아의 빈에서 자리를 함께했습니다.",
      "srcPage": 144,
      "srcSentenceEA": 3,
      "srcWordEA": 32
    },
    {
      "srcTextID": "113153",
      "srcText": "\"달리기 시합을 했어요. 아버지께서 항상 말씀하셨잖아요. '1등이 되어라. 2등은 지는 것이다.'라고요.\" 조에게 이긴 잭이 의기양양하게 말했습니다. \"그건 공부를 잘 하라는 뜻이지 말썽을 피우는 일로 1등 하라는 얘기가 아니야.\"어머니는 조용히 아이들을 타일렀습니다.",
      "srcPage": 2,
      "srcSentenceEA": 7,
      "srcWordEA": 36
    },
    {
      "srcTextID": "113497",
      "srcText": "\"소련이 쿠바에 미사일을 갖다 놓은 것은 미국의 목을 조르는 것과 같다. 만일 소련이 미사일을 철수하지 않는다면, 우리는 쿠바를 공격할 수밖에 없다.\" 세계는 이 일로 미국과 소련이 전쟁을 일으킬지도 모른다는 생각에 바짝 긴장하였습니다. 두 나라의 싸움은 곧 세계 대전으로 이어질 것이기 때문이었습니다.",
      "srcPage": 149,
      "srcSentenceEA": 4,
      "srcWordEA": 44
    },
    {
      "srcTextID": "113225",
      "srcText": "잭의 회복은 생각보다 오랜 시간이 걸렸으며, 그 때문에 친구들보다 1년이 뒤처졌습니다. 잭은 새로운 마음으로 다시 시작하기 위해서 프린스턴 대학을 그만두고, 아버지의 권유에 따라 하버드 대학에 들어갔습니다. 하버드 대학에는 형 조가 다니고 있었습니다.",
      "srcPage": 73,
      "srcSentenceEA": 3,
      "srcWordEA": 34
    },
    {
      "srcTextID": "113506",
      "srcText": "눈 깜짝할 사이에 일어난 일로, 갑자기 거리에는 큰 소란이 일어났습니다. \"대통령이 저격당했다!\" 케네디 대통령을 태운 차가 병원으로 달리고 있는 동안, 재클린은 그의 머리를 끌어안은 채 신음처럼 울부짖었습니다. \"오, 안 돼요!\"",
      "srcPage": 157,
      "srcSentenceEA": 4,
      "srcWordEA": 31
    },
    {
      "srcTextID": "113499",
      "srcText": "그러나 다행히도 얼마 후, 이런 보고가 들어왔습니다. \"대통령 각하, 소련이 쿠바의 미사일을 철수하겠다는 연락을 보내 왔습니다.\" 케네디는 안도의 한숨을 내쉬었습니다. 그는 진정으로 평화를 원했던 것입니다. 그러나 케네디의 어려움은 그것으로 끝난 것이 아니라 다시 국내에서 발생했습니다.",
      "srcPage": 150,
      "srcSentenceEA": 5,
      "srcWordEA": 38
    },
    {
      "srcTextID": "113230",
      "srcText": "이탈리아, 프랑스, 에스파냐 등 여러 나라의 실제적인 상황을 직접 돌아보고 온 잭은, 대학에서 배우는 것들이 세상에서 일어나고 있는 일과 밀접한 관계가 있음을 알고는 그 때부터 학교 공부에 흥미를 갖게 되었습니다. 그는 이 시기부터 정치에도 관심을 갖게 되어, 여러 가지 신문과 정치 이론 잡지를 두루 읽기 시작했습니다. 이러한 잭을 한 교수는 이렇게 평가했습니다. \"잭의 공부는 그 준비가 고르지 못하지만, 전반적인 능력은 그를 충분히 뒷받침해 주고 있다. 그가 마음먹고 연구를 하기 시작하면 아마 누구보다도 완벽하게 해낼 수 있을 것이다.\"",
      "srcPage": 82,
      "srcSentenceEA": 5,
      "srcWordEA": 80
    },
    {
      "srcTextID": "113150",
      "srcText": "\"공부나 달리기나 다 마찬가지잖아요.\" 잭은 조금 풀이 죽어서 대답했습니다. 어머니는 그런 아들이 사랑스럽다는 듯 미소를 지으면서도, 애써 엄한 표정으로 말했습니다.",
      "srcPage": 3,
      "srcSentenceEA": 3,
      "srcWordEA": 22
    },
    {
      "srcTextID": "113209",
      "srcText": "잭의 신음 소리를 듣고 달려온 선생님이 잭을 업고 병원으로 달려갔습니다. \"급성 맹장염이로군요. 곧 수술을 해야 할 것 같으니 가족을 부르세요.\" 소식을 들은 어머니와 가족들이 달려오고, 잭은 곧바로 수술을 받았습니다.",
      "srcPage": 58,
      "srcSentenceEA": 4,
      "srcWordEA": 31
    },
    {
      "srcTextID": "113498",
      "srcText": "1962년 가을에, 제임스 멜레디스라는 흑인 학생이 미시시피 주립 대학에 입학하려는 데서 흑인 문제가 발생한 것입니다. 흑인들과 함께 생활하는 것을 무조건 싫어하는 백인 차별주의자들은 어떻게든 제임스 멜레디스의 입학을 막으려고 했습니다. 이 사건은 크게 번져서 소동으로 변했습니다. 이 소식을 들은 케네디는 어떻게든 소동을 진압하려 했지만, 소동은 더욱 확산될 뿐이었습니다.",
      "srcPage": 151,
      "srcSentenceEA": 4,
      "srcWordEA": 50
    },
    {
      "srcTextID": "113229",
      "srcText": "그런 잭에게 생활의 변화를 일으키게 되는 계기가 있었습니다. 그것은 바로 유럽 여행이었습니다. 1937년, 대학 2학년이 된 잭은 친구 레스와 함께 유럽 여행을 떠났습니다.",
      "srcPage": 81,
      "srcSentenceEA": 3,
      "srcWordEA": 25
    },
    {
      "srcTextID": "113157",
      "srcText": "케네디는 1917년 5월 29일, 미국 매사추세츠 주 보스턴 교외의 브루클린에서 태어났습니다. 케네디 집안은 본래 아일랜드에서 살았는데, 케네디의 증조할아버지인 패트릭 케네디가 1850년경에 미국의 보스턴으로 건너오면서부터 미국에 정착하게 되었습니다. 그 당시 보스턴에는 패트릭처럼 가난을 피해 미국으로 이주해 온 많은 아일랜드 사람들이 살고 있었습니다.",
      "srcPage": 6,
      "srcSentenceEA": 3,
      "srcWordEA": 43
    },
    {
      "srcTextID": "113213",
      "srcText": "그러나 아이들은 우등생인 조보다, 공부는 잘 못하지만 우스갯소리를 잘하고 마음이 넓은 잭을 더 좋아했습니다. 잭의 방에는 언제나 친구들이 많이 모여들었습니다. 친구들과 지내는 시간이 많아져 가자, 공부하는 시간이 줄어들어 잭의 성적은 점점 나빠졌습니다.",
      "srcPage": 65,
      "srcSentenceEA": 3,
      "srcWordEA": 34
    },
    {
      "srcTextID": "113282",
      "srcText": "수술은 두 번에 걸쳐 무사히 끝났지만, 케네디는 오랫동안 자리에 누워 있어야 했습니다. 요양을 하는 동안, 케네디는 정의를 실현하기 위해 용감하게 싸웠던 8명의 정치가에 대한 전기를 쓰기 시작했습니다. 원고가 끝나자, 케네디는 '용기 있는 사람들'이라는 제목으로 책을 출판했습니다.",
      "srcPage": 127,
      "srcSentenceEA": 5,
      "srcWordEA": 39
    }
  ]
}