{
  "title": "멸치의 꿈",
  "author": "김소형",
  "illustrator": "배수연",
  "isbn": "9791165957841",
  "readAge": "초등_고학년",
  "publishedYear": 2022,
  "publisher": "아람북스",
  "classification": "의사소통",
  "paragraphInfoCount": 16,
  "paragraphInfo": [
    {
      "srcTextID": "8424",
      "srcText": "우리 멸치 어른은 어깨가 으쓱하고, 생각할수록 기분이 좋아 모두에게 음식을 권했지. 하지만 정작 음식을 차리느라 허리가 휠 지경인 가자미한테는 먹으란 소리 한마디를 안 했던 거야. 슬슬 심통이 난 가자미가 한 소리 했지.",
      "srcPage": 8,
      "srcSentenceEA": 3,
      "srcWordEA": 34
    },
    {
      "srcTextID": "8426",
      "srcText": "쳇, 용꿈은 무슨 용꿈! 우리 멸치 어른은 가자미에게 화가 났지만, 꾹 참고 물었어. 그래, 너도 해몽을 거들겠다는 거지.",
      "srcPage": 9,
      "srcSentenceEA": 3,
      "srcWordEA": 20
    },
    {
      "srcTextID": "8429",
      "srcText": "흰 눈 같은 소금을 솔솔 뿌려 붉은 불판에 올리니 화끈화끈 더워지며 익는 거지요. 그런데 고루고루 잘 익으라고 가끔 부채질하니 오슬오슬 추워지는 것입죠. 그때 물메기가 고개를 갸웃거리며 물었어.",
      "srcPage": 11,
      "srcSentenceEA": 3,
      "srcWordEA": 29
    },
    {
      "srcTextID": "8430",
      "srcText": "네 이놈! 여기가 감히 어디라고 함부로 말을 하는 게냐!” 그런데 힘이 어찌나 세셨던지 가자미 녀석 눈이 홱 돌아갔지 뭐냐. 그때 망둥이는 너무 놀라 눈이 툭!",
      "srcPage": 13,
      "srcSentenceEA": 4,
      "srcWordEA": 28
    },
    {
      "srcTextID": "8432",
      "srcText": "그때부터 물고기들의 생김새가 지금처럼 변한 것이란다. 다 우리 멸치 어른이 만들어 주신 것이지. 그러니 널 놀리는 물고기가 있거든 이 이야기를 꼭 해 주거라.",
      "srcPage": 15,
      "srcSentenceEA": 3,
      "srcWordEA": 25
    },
    {
      "srcTextID": "8431",
      "srcText": "병어는 호호 웃다가 주둥이가 쭉! 물메기는 하하 웃다가 주둥이가 쫙! 꼴뚜기는 얼결에 눈을 엉덩이에 척!",
      "srcPage": 14,
      "srcSentenceEA": 3,
      "srcWordEA": 17
    },
    {
      "srcTextID": "8427",
      "srcText": "웅얼웅얼 말고 어디 네 해몽 한번 들어 보자꾸나. 흠흠, 그 꿈은 딱 낚시에 걸릴 꿈입죠. 낚시에 걸려 쑥 올라가서 땅바닥에 휙 패대기쳐지면 낚시 통에 툭 던져져 사람이 메고 훌훌 걷지요.",
      "srcPage": 10,
      "srcSentenceEA": 3,
      "srcWordEA": 32
    },
    {
      "srcTextID": "8428",
      "srcText": "“그나저나 마지막 높은 고개는 뭔가?” “그야, 사람 목구멍으로 꾸울꺽 넘어가는 거지요.” 붉으락푸르락 머리끝까지 화가 난 우리 멸치 어른은 가자미의 뺨을 철썩 때리며 버럭 소리를 질렀어.",
      "srcPage": 12,
      "srcSentenceEA": 3,
      "srcWordEA": 26
    },
    {
      "srcTextID": "8433",
      "srcText": "할아버지 멸치의 이야기가 끝나자, 손자 멸치는 고개를 갸우뚱했어요. “그런데 할아버지! 망둥이의 꿈 해몽이 맞았어요, 가자미의 꿈 해몽이 맞았어요?” 할아버지 멸치는 못 들은 척 안 들은 척 바위 속으로 스스슥 들어가 버렸어요.",
      "srcPage": 16,
      "srcSentenceEA": 4,
      "srcWordEA": 33
    },
    {
      "srcTextID": "8421",
      "srcText": "그리고 가자미에게 한 상 떡 벌어지게 차려 오라고 시켰어. 꿈 내용은 이러했지. 몸이 쑥 올라가다 뚝 떨어지고, 여럿이 메고 훌훌 걷다가 갑자기 흰 눈이 펄펄 내리고, 화끈화끈 덥더니 오슬오슬 추워지고, 높은 고개를 넘어 붉은 곳으로 갔다는 거야.",
      "srcPage": 4,
      "srcSentenceEA": 3,
      "srcWordEA": 39
    },
    {
      "srcTextID": "8422",
      "srcText": "손님들은 아무 말 없이 가만히 앉아 요리조리 서로 눈치만 봤지. 우리 멸치 어른께서 꾸신 꿈이 워낙 특별한지라 도무지 무슨 꿈인지 알 수가 없었거든. 이때 망둥이가 점잖게 한마디 했어.",
      "srcPage": 5,
      "srcSentenceEA": 3,
      "srcWordEA": 30
    },
    {
      "srcTextID": "8423",
      "srcText": "허허허, 물고기가 위로 올라갔다 하니. 이는 틀림없이 용이 되실 꿈이외다. “오호, 그래? 그럼, 나머지는 무슨 뜻이오?”",
      "srcPage": 6,
      "srcSentenceEA": 4,
      "srcWordEA": 18
    },
    {
      "srcTextID": "8425",
      "srcText": "우리 멸치 어른이 침을 꼴깍 삼키며 물었어. “용이 되었으니 오르락내리락하고, 훨훨 구름을 타고 다니며 해도 쨍쨍, 눈도 펄펄 더웠다 추웠다 천지에 조화도 부리고, 높은 고개를 넘어 좋은 곳으로 가는 꿈이지요.” 듣고 보니 망둥이 말이 그럴듯했어.",
      "srcPage": 7,
      "srcSentenceEA": 3,
      "srcWordEA": 36
    },
    {
      "srcTextID": "8418",
      "srcText": "따뜻한 물결이 살랑대는 기분 좋은 오후, 한가로이 낮잠을 즐기던 할아버지 멸치는 손자 멸치의 울음소리에 벌떡 일어났어요. “할아버지, 멸치는 세상에서 가장 보잘것없는 물고기래요.” “허허, 누가 그런 소리를 하더냐? 우리 조상님이 얼마나 대단한 분이신지 이야기해 주마.”",
      "srcPage": 1,
      "srcSentenceEA": 4,
      "srcWordEA": 35
    },
    {
      "srcTextID": "8420",
      "srcText": "너희 팔 대조 할아버지는 동해에서도 세 손가락 안에 꼽힐 만큼 유명한 어른이셨지. 어마어마한 부자라 가자미를 종으로 부리실 정도였단다. 하루는 우리 멸치 어른께서 아주 이상한 꿈을 꾸셨어.",
      "srcPage": 2,
      "srcSentenceEA": 3,
      "srcWordEA": 28
    },
    {
      "srcTextID": "8419",
      "srcText": "“어허, 이게 도대체 무슨 꿈일꼬?” 지난밤 꾼 꿈이 너무너무 궁금한 거야. 그래서 글 좀 배웠다는 병어, 물메기, 꼴뚜기, 망둥이를 죄다 불렀지.",
      "srcPage": 3,
      "srcSentenceEA": 3,
      "srcWordEA": 23
    }
  ]
}