{
  "title": "좁쌀 한 톨로 장가들기",
  "author": "장지윤",
  "illustrator": "김은정",
  "isbn": "9791128213212",
  "readAge": "초등_고학년",
  "publishedYear": 2018,
  "publisher": "아람북스",
  "classification": "의사소통",
  "paragraphInfoCount": 28,
  "paragraphInfo": [
    {
      "srcTextID": "10306",
      "srcText": "총각이 볼일을 보고 나와 보니 글쎄, 고양이가 말에게 밟혀 죽어 있는 거야. 말 장수는 머리를 긁적이며 말했어. “미안허네. 내 다른 고양이를 사 줌세.”",
      "srcPage": 17,
      "srcSentenceEA": 3,
      "srcWordEA": 25
    },
    {
      "srcTextID": "10273",
      "srcText": "바람이 살랑살랑 불어오는 포근한 봄날, 한 총각이 늘어지게 낮잠을 자고 있었어. 싱글싱글 웃기도 하고, 쩝쩝 입맛을 다시기도 하고, 드르렁드르렁 코를 골기도 하면서 말이야. 그때, 톡! 좁쌀 한 톨이 날아와 총각의 이마에 떨어졌어.",
      "srcPage": 1,
      "srcSentenceEA": 4,
      "srcWordEA": 35
    },
    {
      "srcTextID": "10272",
      "srcText": "“에이, 뭐여. 시방 예쁜 색시 얻어 장가들려는 참이었는디.” 총각은 좁쌀 한 톨을 휙 던져 버리려다가 다시 손에 꼭 쥐었어. “아무래도 꿈이 이상하고 요상혀. 요놈 갖고 꿈에 본 색시를 찾으러 가야겠구먼.”",
      "srcPage": 2,
      "srcSentenceEA": 5,
      "srcWordEA": 33
    },
    {
      "srcTextID": "10275",
      "srcText": "그리하여 총각은 좁쌀 한 톨을 가지고 길을 떠났지. 구불구불 산길을 따라 터벅터벅. 울퉁울퉁 돌길을 따라 타박타박.",
      "srcPage": 3,
      "srcSentenceEA": 3,
      "srcWordEA": 18
    },
    {
      "srcTextID": "10276",
      "srcText": "한참 길을 가다 보니 날이 금세 저물었어. 총각은 어느 허름한 주막에 묵기로 했지. 그리고 좁쌀 한 톨을 주모에게 내밀었어.",
      "srcPage": 4,
      "srcSentenceEA": 3,
      "srcWordEA": 21
    },
    {
      "srcTextID": "10274",
      "srcText": "“이 좁쌀 좀 맡아 주셔유.” 주모는 가만히 좁쌀을 살펴보다가, “원 별 싱거운 사람 다 보겠네.” 하고는 좁쌀을 마루 한 귀퉁이에 휙 던졌지 뭐야.",
      "srcPage": 5,
      "srcSentenceEA": 4,
      "srcWordEA": 25
    },
    {
      "srcTextID": "10279",
      "srcText": "아침이 되자, 총각은 주모를 찾아갔어. “어제 맡긴 좁쌀 한 톨 주셔유.” 주모는 총각을 위아래로 한참을 흘기더니 마루 귀퉁이를 살폈지.",
      "srcPage": 6,
      "srcSentenceEA": 3,
      "srcWordEA": 20
    },
    {
      "srcTextID": "10278",
      "srcText": "그런데 이게 어찌 된 일이래? 좁쌀 한 톨이 감쪽같이 사라진 거야. “이상하네, 분명히 이리 던져 두었는데. 밤새 쥐가 물고 갔나? 이보게 총각, 내 다른 좁쌀을 줌세.”",
      "srcPage": 7,
      "srcSentenceEA": 5,
      "srcWordEA": 29
    },
    {
      "srcTextID": "10277",
      "srcText": "“안 돼유. 꼭 그 좁쌀이어야 해유. 아니면 그 좁쌀 먹은 쥐라도 내놓으셔유.” 주모는 하는 수 없이 뒤주 안에 숨어 있던 쥐 한 마리를 잡아 주었어.",
      "srcPage": 8,
      "srcSentenceEA": 4,
      "srcWordEA": 28
    },
    {
      "srcTextID": "10280",
      "srcText": "총각은 좁쌀 한 톨 대신 얻은 쥐를 가지고 길을 떠났지. 구불구불 산길을 따라 터벅터벅. 울퉁불퉁 돌길을 따라 타박타박.",
      "srcPage": 9,
      "srcSentenceEA": 3,
      "srcWordEA": 20
    },
    {
      "srcTextID": "10281",
      "srcText": "한참 길을 가다 보니 또 날이 저물었어. 총각은 또 주막을 찾아 들어갔지. “주인장, 이 쥐 좀 맡아 주셔유.” “별 이상한 사람 다 보겠네.” 주막 주인은 쥐를 망태에 툭 던져 넣었어.",
      "srcPage": 10,
      "srcSentenceEA": 5,
      "srcWordEA": 32
    },
    {
      "srcTextID": "10300",
      "srcText": "이튿날 총각은 주막 주인을 찾아갔어. “어제 맡긴 쥐 주셔유.” 주막 주인은 인상을 찌푸리며 망태를 열어 보았지.",
      "srcPage": 11,
      "srcSentenceEA": 3,
      "srcWordEA": 17
    },
    {
      "srcTextID": "10299",
      "srcText": "그런데 이게 어찌 된 일이래? 쥐가 감쪽같이 사라진 거야. “밤새 고양이가 먹어 치웠나? 내 다른 쥐를 잡아 주겠네.”",
      "srcPage": 12,
      "srcSentenceEA": 4,
      "srcWordEA": 20
    },
    {
      "srcTextID": "10298",
      "srcText": "“안 돼유. 꼭 그 쥐여야 해유. 아니면 그 쥐 잡아먹은 고양이라도 주셔유.” 주인장은 부뚜막에서 졸고 있는 고양이를 번쩍 들어다 주었어. ",
      "srcPage": 13,
      "srcSentenceEA": 4,
      "srcWordEA": 23
    },
    {
      "srcTextID": "10304",
      "srcText": "총각은 좁쌀 한 톨 대신 얻은 쥐, 그 쥐 대신 얻은 고양이를 안고 길을 떠났어. 구불구불 산길을 따라 터벅터벅. 울퉁울퉁 돌길을 따라 타박타박.",
      "srcPage": 14,
      "srcSentenceEA": 3,
      "srcWordEA": 25
    },
    {
      "srcTextID": "10302",
      "srcText": "길을 가는데 갑자기 똥이 마려운 거야. 총각은 손으로 꽁무니를 꾹 틀어막고는 앞서 가는 말 장수에게 고양이를 맡겼어. “이봐유, 이 고양이 좀 맡아 주셔유.”",
      "srcPage": 15,
      "srcSentenceEA": 3,
      "srcWordEA": 24
    },
    {
      "srcTextID": "10303",
      "srcText": "말 장수는 코를 막으며 손을 내저었어. “어이쿠, 냄새! 급하긴 되게 급했나 보네. 그런데 뭐 이런 고양이를 맡긴담.”  말 장수는 말 옆에 고양이를 슬쩍 내려 두었지.",
      "srcPage": 16,
      "srcSentenceEA": 5,
      "srcWordEA": 29
    },
    {
      "srcTextID": "10308",
      "srcText": "총각은 좁쌀 한 톨 대신 얻은 쥐, 쥐 대신 얻은 고양이, 그 고양이 대신 얻은 말을 타고 길을 떠났어. 말을 타고 타박타박, 총각은 금세 한양에 도착했어. 이리저리 둘러보며 한양 구경을 하는데, 마침 소싸움이 벌어지고 있는 거야. 총각이 가까이 다가가 구경을 하는데, 글쎄, 성난 소 한 마리가 달려와 뿔로 말을 쿡 받아 버리는 게 아니겠어?",
      "srcPage": 19,
      "srcSentenceEA": 4,
      "srcWordEA": 57
    },
    {
      "srcTextID": "10305",
      "srcText": "“안 돼유. 꼭 그 고양이여야 해유. 아니면 그 고양이를 죽인 말이라도 주셔유.” 총각이 하도 떼를 쓰니까, 말 장수는 하는 수 없이 말을 주었어.",
      "srcPage": 18,
      "srcSentenceEA": 4,
      "srcWordEA": 26
    },
    {
      "srcTextID": "10314",
      "srcText": "총각은 고개를 절레절레 저었어. “안 돼유. 꼭 그 소여야 해유. 아니면 내 소를 먹은 딸이라도 주셔유.”",
      "srcPage": 26,
      "srcSentenceEA": 4,
      "srcWordEA": 18
    },
    {
      "srcTextID": "10315",
      "srcText": "총각이 막무가내로 떼를 쓰니 정승도 당해 낼 재간이 없었어. “어째서 꼭 그 소여야 하는지, 그 이유나 말해 보게!” 총각은 좁쌀 한 톨이 쥐가 되고, 쥐가 고양이가 되고, 고양이가 말이 되고, 말이 소가 된 이야기를 들려주었지.",
      "srcPage": 27,
      "srcSentenceEA": 3,
      "srcWordEA": 36
    },
    {
      "srcTextID": "10311",
      "srcText": "소를 끌고 느릿느릿 걸어가는데, 또 날이 저물었어. 총각은 정승 집 옆 주막에서 하룻밤 묵어가기로 했지. 당연히 주모에게 소를 맡기고 말이야.",
      "srcPage": 22,
      "srcSentenceEA": 3,
      "srcWordEA": 22
    },
    {
      "srcTextID": "10307",
      "srcText": "소 주인은 어쩔 줄을 몰라 하며 말했어. “미안하게 됐네. 내 다른 말을 사 줌세.” “안 돼유. 꼭 그 말이여야 해유. 아니면 내 말을 죽인 소라도 주셔유.”",
      "srcPage": 20,
      "srcSentenceEA": 6,
      "srcWordEA": 29
    },
    {
      "srcTextID": "10316",
      "srcText": "가만히 이야기를 듣고 있던 정승은 껄껄껄 웃으며 말했어. “거참, 배짱 두둑한 젊은이로군. 좋네, 내 딸을 자네에게 주겠네! 좁쌀 한 톨을 들고 예쁜 색시를 얻으려는 배포면 장차 무슨 일인들 못할꼬?” 그리하여 총각은 예쁜 색시를 얻어 오래오래 행복하게 잘 살았대.",
      "srcPage": 28,
      "srcSentenceEA": 5,
      "srcWordEA": 41
    },
    {
      "srcTextID": "10310",
      "srcText": " 그런데 이게 어찌 된 일이래? 다음 날 주모를 찾아가니 소가 없어졌다는 거야. “정말 미안하네. 아들놈이 그 소를 정승댁에 팔아먹었다네.”",
      "srcPage": 23,
      "srcSentenceEA": 4,
      "srcWordEA": 22
    },
    {
      "srcTextID": "10313",
      "srcText": "주모는 다른 소를 사 주겠다고 했어. “안 돼유. 꼭 그 소여야 해유. 그 정승댁이 어디유?” 총각은 정승 집을 찾아가 문을 두드렸어. “내 소 주셔유! 얼른 내 소 돌려주셔유!”",
      "srcPage": 24,
      "srcSentenceEA": 7,
      "srcWordEA": 32
    },
    {
      "srcTextID": "10312",
      "srcText": "깜짝 놀란 하인이 달려 나오고, 정승도 무슨 일인가 나와 보았어. “이런, 진정하게. 그 소는 어젯밤 맛있게 요리해서 내 딸에게 먹였네. 사정이 딱해 보이니 내 다른 소를 내어 주겠네.”",
      "srcPage": 25,
      "srcSentenceEA": 4,
      "srcWordEA": 30
    },
    {
      "srcTextID": "10309",
      "srcText": "소 주인은 눈물을 머금고 총각에게 소를 주었어. 총각은 좁쌀 한 톨 대신 얻은 쥐, 쥐 대신 얻은 고양이, 고양이 대신 얻은 말, 그 말 대신 얻은 소를 끌고 길을 떠났어. 총각은 또 무엇을 얻게 될까요?",
      "srcPage": 21,
      "srcSentenceEA": 3,
      "srcWordEA": 37
    }
  ]
}