{
  "title": "백두산 장생초",
  "author": "조선학",
  "illustrator": "김정혜",
  "isbn": "9791165958039",
  "readAge": "초등_고학년",
  "publishedYear": 2022,
  "publisher": "아람북스",
  "classification": "의사소통",
  "paragraphInfoCount": 20,
  "paragraphInfo": [
    {
      "srcTextID": "7798",
      "srcText": "어머니는 자기 때문에 아들이 고생하는 것 같아 마음이 더 아팠지. “어머니, 더 오래오래 사셔야죠. 제가 꼭 어머니의 병을 고쳐 드릴게요.” 아들은 마음이 약해진 어머니를 위로해 드렸어. ",
      "srcPage": 4,
      "srcSentenceEA": 4,
      "srcWordEA": 28
    },
    {
      "srcTextID": "7803",
      "srcText": "“할아버지, 장생초는 어디에 가면 구할 수 있나요?” “백두산은 신성한 곳이니 있을는지 모르지.” 마음이 급한 아들은 자리에서 벌떡 일어났어. ",
      "srcPage": 7,
      "srcSentenceEA": 3,
      "srcWordEA": 19
    },
    {
      "srcTextID": "7801",
      "srcText": " “설마 이 겨울에 백두산 꼭대기에 올라가려고?” “네, 장생초가 있는 곳이라면 어디든 가야죠!” 아들의 마음은 어느새 백두산 꼭대기에 가 있었어. ",
      "srcPage": 8,
      "srcSentenceEA": 3,
      "srcWordEA": 20
    },
    {
      "srcTextID": "7804",
      "srcText": "다음 날, 아들은 날이 밝기도 전에 집을 나섰어. 초겨울 쌩쌩 부는 칼바람이 뺨을 에는 듯했지만, 아들은 아랑곳하지 않고 발걸음을 재촉했어. 사각사각 낙엽이 쌓인 숲속을 지나고, 굽이굽이 산길을 돌고 돌아, 높고 낮은 봉우리를 넘었지. ",
      "srcPage": 9,
      "srcSentenceEA": 3,
      "srcWordEA": 35
    },
    {
      "srcTextID": "7808",
      "srcText": "“앗, 이럴 수가!” 반짝반짝 빛나는 새하얀 눈밭은 장생초는커녕 풀 한 포기도 찾아볼 수 없었어. 어머니의 병을 고칠 수 있다는 희망이 물거품처럼 사라졌지. ",
      "srcPage": 12,
      "srcSentenceEA": 3,
      "srcWordEA": 24
    },
    {
      "srcTextID": "7807",
      "srcText": "‘아, 이제 어머니의 병은 어떻게 고치지?’ 아들은 후들후들 떨리는 몸을 주체하지 못하고 자리에 털썩 주저앉았어. 이내 아들의 눈에 그렁그렁 눈물이 차올랐지.",
      "srcPage": 13,
      "srcSentenceEA": 3,
      "srcWordEA": 23
    },
    {
      "srcTextID": "7815",
      "srcText": "천신만고 끝에 아들은 다시 산꼭대기에 올랐어. 할머니가 준 씨앗을 휙휙 산등성이와 계곡에 뿌렸지. 순간, 세차게 몰아치던 바람이 뚝 그치고 눈이 사르르 녹아내렸어. ",
      "srcPage": 18,
      "srcSentenceEA": 3,
      "srcWordEA": 24
    },
    {
      "srcTextID": "7818",
      "srcText": "어머니는 장생초 뿌리를 달여 마시고 병이 씻은 듯이 나았어. 아들은 어머니를 모시고 오래오래 행복하게 살았다지. 효자 아들이 장생초 씨앗을 골고루 뿌려 둔 덕분에 지금도 백두산 곳곳에 장생초가 자라고 있대. ",
      "srcPage": 20,
      "srcSentenceEA": 3,
      "srcWordEA": 31
    },
    {
      "srcTextID": "7795",
      "srcText": "“와! 벌써 탱글탱글 먹음직스럽게 익었네. 다래를 따다 드리면 어머니가 좋아하실 거야.” 아들의 얼굴에 싱글벙글 웃음꽃이 피었지. ",
      "srcPage": 2,
      "srcSentenceEA": 3,
      "srcWordEA": 19
    },
    {
      "srcTextID": "7797",
      "srcText": "가을이 깊어 가면서 시름시름 앓던 어머니가 몸져누웠어. 아들은 용하다는 의원에서 약을 지어다 드렸지만 어머니의 병은 쉽게 낫지 않았어. “얘야, 이만하면 오래 살았다.” ",
      "srcPage": 3,
      "srcSentenceEA": 3,
      "srcWordEA": 23
    },
    {
      "srcTextID": "7800",
      "srcText": "좋다는 약은 다 써 봤지만, 어머니의 병은 점점 더 깊어졌어. 아들은 마을에서 지혜롭기로 소문난 노인을 찾아갔지. 어머니의 병세를 들은 할아버지는 담뱃대를 문 채 곰곰이 생각에 잠겼어. ",
      "srcPage": 5,
      "srcSentenceEA": 3,
      "srcWordEA": 28
    },
    {
      "srcTextID": "7799",
      "srcText": " “할아버지, 어머니의 병을 낫게 할 방법이 없을까요?” “글쎄, 장생초라는 약초를 먹으면 어떤 병이라도 씻은 듯이 낫는다고 하던데.” “장생초라고요?” 순간 아들의 귀가 번쩍 뜨였어. ",
      "srcPage": 6,
      "srcSentenceEA": 3,
      "srcWordEA": 24
    },
    {
      "srcTextID": "7806",
      "srcText": "아침 햇살이 하얗게 퍼질 무렵 아들은 백두산에서도 가장 높은 봉우리 밑에 다다랐어. 우중충한 구름이 걸려 있는 산봉우리가 보기에도 험준하고 가팔라 보였지. 울퉁불퉁 기이하게 생긴 절벽을 끙끙 기어오르면, 또다시 까마득한 낭떠러지가 나왔어. ",
      "srcPage": 10,
      "srcSentenceEA": 3,
      "srcWordEA": 33
    },
    {
      "srcTextID": "7805",
      "srcText": "‘이제 조금만 더 올라가면 돼. 곧 장생초를 구할 수 있을 거야.’ 드디어 아들은 백두산에서 가장 높은 산봉우리에 올랐어. 그런데......",
      "srcPage": 11,
      "srcSentenceEA": 4,
      "srcWordEA": 22
    },
    {
      "srcTextID": "7811",
      "srcText": "아들은 힘없이 타박타박 산을 내려왔어. “여보게, 젊은이! 왜 그렇게 기운이 없는가?” 꼬부랑 할머니가 아들을 불러 세웠어.",
      "srcPage": 14,
      "srcSentenceEA": 4,
      "srcWordEA": 18
    },
    {
      "srcTextID": "7810",
      "srcText": "“할머니, 이렇게 험준한 산에 어떻게 올라오셨어요?” “나야 백두산에서 나고 자랐으니 이곳 지리는 훤하지.” “그럼 장생초라는 약초를 보신 적이 있나요?”",
      "srcPage": 15,
      "srcSentenceEA": 3,
      "srcWordEA": 19
    },
    {
      "srcTextID": "7812",
      "srcText": "몹시 지친 아들은 젖 먹던 힘까지 짜내어 다시 산꼭대기로 향했어. 휘이잉 거센 바람에 눈도 제대로 뜰 수 없었지. 그냥 이 골짜기에다 씨앗을 뿌리고 갈까? ",
      "srcPage": 17,
      "srcSentenceEA": 3,
      "srcWordEA": 26
    },
    {
      "srcTextID": "7814",
      "srcText": "그러고 참말 신기한 일이 아들 눈앞에 펼쳐졌지. 땅 위로 파릇파릇 새싹이 돋아나더니, 눈 깜짝할 사이에 쑥쑥 자라 꽃망울을 터뜨렸어. 깜짝 놀란 아들은 가슴이 벌렁거렸어. “어, 줄기가 위로 하나씩 뻗어 났네.” ",
      "srcPage": 19,
      "srcSentenceEA": 4,
      "srcWordEA": 32
    },
    {
      "srcTextID": "7796",
      "srcText": "높고 낮은 봉우리들이 병풍처럼 서 있는 백두산 언저리 외딴 마을에 홀어머니를 모시고 사는 아들이 있었어. 부지런한 아들은 이웃집 일을 도와주기도 하고, 산에서 나무를 해다 팔기도 했지. 한 짐 가득 땔나무를 지고 산을 내려오던 아들은 가을 햇볕에 잘 익은 다래를 발견했어. ",
      "srcPage": 1,
      "srcSentenceEA": 3,
      "srcWordEA": 42
    },
    {
      "srcTextID": "7809",
      "srcText": "“그런 이름을 가진 약초는 들은 적도 본 적도 없어.” 실망해서 뒤돌아서는 아들의 팔을 할머니가 잡아당겼어. “젊은이, 이 씨앗 좀 산꼭대기에 올라가 뿌려 주게.” 할머니의 부탁에 아들은 눈앞이 캄캄했지만, 어머니 생각에 차마 거절할 수 없었지. ",
      "srcPage": 16,
      "srcSentenceEA": 4,
      "srcWordEA": 36
    }
  ]
}