{
  "title": "신나는 자동차 마을",
  "author": "최옥임",
  "illustrator": "홍지혜",
  "isbn": "9788961911580",
  "readAge": "초등_고학년",
  "publishedYear": 2008,
  "publisher": "한얼교육",
  "classification": "의사소통",
  "paragraphInfoCount": 16,
  "paragraphInfo": [
    {
      "srcTextID": "125738",
      "srcText": "‘기중기 녀석, 어디쯤 오나 볼까?’ 스포츠카는 잠깐 뒷거울을 쳐다보았어요. 그러다 그만 도로에서 벗어나 쿵!",
      "srcPage": 11,
      "srcSentenceEA": 3,
      "srcWordEA": 16
    },
    {
      "srcTextID": "125739",
      "srcText": "공사장 구덩이에 빠지고 말았어요. 부릉 부릉 부르릉! 스포츠카가 아무리 애를 써 봐도 구덩이에서 빠져나올 수 없었지요.",
      "srcPage": 12,
      "srcSentenceEA": 3,
      "srcWordEA": 18
    },
    {
      "srcTextID": "125729",
      "srcText": "“그 짐 무겁겠다. 내가 들어 줄게!” “꼬마 자동차들아, 내가 끌어 줄게!”",
      "srcPage": 6,
      "srcSentenceEA": 3,
      "srcWordEA": 12
    },
    {
      "srcTextID": "125735",
      "srcText": "하지만 딱 한 친구, 파란 스포츠카는 기중기를 못마땅해했어요. 원래 자기가 이 마을에서 가장 인기가 많았는데, 기중기한테 자리를 뺏긴 것 같아 심통이 난 거예요. “쳇! 모두 기중기만 찾네. 나처럼 멋진 스포츠카보다 저 못생긴 차가 좋다고? 말도 안 돼, 흥!”",
      "srcPage": 8,
      "srcSentenceEA": 5,
      "srcWordEA": 42
    },
    {
      "srcTextID": "125737",
      "srcText": "어느 날, 기중기가 느릿느릿 달리고 있는데 파란 스포츠카가 갑자기 튀어나왔어요. “이 느림보 못난아! 나 잡아 봐라.”",
      "srcPage": 9,
      "srcSentenceEA": 3,
      "srcWordEA": 17
    },
    {
      "srcTextID": "125736",
      "srcText": "스포츠카는 기중기의 땀수건을 빼앗아 도망쳤지요. “어어, 내 땀수건 돌려줘!” 기중기는 스포츠카를 따라 있는 힘껏 달렸지만 따라잡기에는 어림도 없었어요.",
      "srcPage": 10,
      "srcSentenceEA": 3,
      "srcWordEA": 19
    },
    {
      "srcTextID": "125740",
      "srcText": "커다란 그림자가 스포츠카에게 다가왔어요. 바로 기중기였지요. “내가 도와줄게.” 기중기는 기다란 팔을 뻗더니 조심조심 스포츠카를 끌어 올렸어요. 스포츠카는 사뿐히 도로 위로 올라왔지요. 구경하던 자동차들이 박수를 쳤어요. “우아! 역시 기중기라니까!”",
      "srcPage": 13,
      "srcSentenceEA": 7,
      "srcWordEA": 33
    },
    {
      "srcTextID": "125741",
      "srcText": "“괜찮아. 고, 고마워.” 그러고는 흙탕물에 더러워진 땀수건을 주었어요. “미안. 구덩이에 빠지는 바람에.” 기중기는 씩 웃으며 땀수건을 받았어요. “어디 다친 데는 없니?” 기중기가 스포츠카를 요리조리 살펴보며 툭툭 흙을 털어 주었어요. 스포츠카는 기어들어 가는 소리로 말했지요.",
      "srcPage": 14,
      "srcSentenceEA": 7,
      "srcWordEA": 40
    },
    {
      "srcTextID": "125742",
      "srcText": "그 후, 기중기와 파란 스포츠카는 자동차 마을에서 가장 친한 친구가 되었어요. 스포츠카는 아직도 가끔씩 까불대며 기중기와 달리기 시합을 한대요. “나 잡아 봐라!” “천천히 달려. 그러다 또 넘어질라.” 하지만 다른 마을 자동차들이 기중기를 놀리면 스포츠카가 그 차를 따끔히 혼내 주기도 했지요.",
      "srcPage": 15,
      "srcSentenceEA": 6,
      "srcWordEA": 43
    },
    {
      "srcTextID": "125725",
      "srcText": "뛰뛰빵빵! 뿌우 덜컹덜컹! 쌩 쌩. 이곳은 언제나 시끌벅적한 자동차 마을이에요.",
      "srcPage": 1,
      "srcSentenceEA": 3,
      "srcWordEA": 13
    },
    {
      "srcTextID": "125727",
      "srcText": "어느 날, 이 마을에 새 친구가 이사를 왔어요. 커다란 바퀴에 커다란 팔을 달고 있는 신기하게 생긴 자동차였어요. “안녕? 난 기중기야. 친하게 지내자.”",
      "srcPage": 2,
      "srcSentenceEA": 4,
      "srcWordEA": 25
    },
    {
      "srcTextID": "125726",
      "srcText": "“정말 무섭게 생겼네!” “가까이 가면 깔아뭉갤 것 같아.” “저 팔로 때리면 되게 아플 거야.” 자동차들은 잔뜩 겁을 먹고 뒷걸음질을 쳤지요.",
      "srcPage": 3,
      "srcSentenceEA": 4,
      "srcWordEA": 21
    },
    {
      "srcTextID": "125728",
      "srcText": "기중기는 자동차들과 친구가 되고 싶어서 틈만 나면 밖으로 나왔어요. 빵빵 빵빵! “저리 비켜! 덩치만 크면 뭐해? 그렇게 느려 가지고.” 기중기가 도로를 달리면 여기저기 경적 소리로 도로가 떠나갈 듯했어요. “미안. 나는 더 빨리 달릴 수 없어.”",
      "srcPage": 4,
      "srcSentenceEA": 7,
      "srcWordEA": 40
    },
    {
      "srcTextID": "125746",
      "srcText": "소록소록 봄비 오는 날. 기중기와 파란 스포츠카는 빗물을 튕기며 앞서거니 뒤서거니 나란히 달렸어요. 하하 호호 빵빵!",
      "srcPage": 16,
      "srcSentenceEA": 3,
      "srcWordEA": 18
    },
    {
      "srcTextID": "125730",
      "srcText": "그래도 기중기는 꿋꿋하게 마을을 돌다가 어려움에 빠진 친구가 있으면 가장 먼저 나섰어요. “고장이 난 거니? 내가 도와줄게!”",
      "srcPage": 5,
      "srcSentenceEA": 3,
      "srcWordEA": 18
    },
    {
      "srcTextID": "125734",
      "srcText": "하루 이틀 지나면서, 자동차들은 기중기의 착한 마음씨를 알게 되었어요. “기중기도 자꾸 보니까 귀엽게 생겼네.” “좀 느리면 어때? 대신 힘이 세잖아.” 이젠 기중기가 도로를 달리면 자동차들이 먼저 길을 비켜 주며 인사했어요. “기중기야! 오늘은 또 누구를 도와주러 가니?”",
      "srcPage": 7,
      "srcSentenceEA": 6,
      "srcWordEA": 39
    }
  ]
}