{
  "title": "스필버그",
  "author": "이세린",
  "illustrator": "이다연",
  "isbn": "9788961712149",
  "readAge": "초등_고학년",
  "publishedYear": 2007,
  "publisher": "교연아카데미",
  "classification": "의사소통",
  "paragraphInfoCount": 194,
  "paragraphInfo": [
    {
      "srcTextID": "45057",
      "srcText": "식인 상어 죠스. 죠스를 만들기 시작한 후, 스필버그는 크나큰 어려움에 빠지게 되었습니다. \"차라리 포기해 버릴까?\" 스필버그는 5개월 동안 바다에 나가서 죠스를 찍었지만, 끝날 기미가 보이지 않았습니다.",
      "srcPage": 122,
      "srcSentenceEA": 4,
      "srcWordEA": 28
    },
    {
      "srcTextID": "45053",
      "srcText": "그래서 많은 사람들이 그만두었고, 제작비도 바닥을 보이고 있었습니다. 촬영을 시작한 지 3일 만에 기계 상어 한 마리가 가라앉아 버렸고, 55일로 약속했던 촬영 날짜는 120일을 넘어가고 있었습니다. 스필버그는 책상 앞에 앉아 고민을 하였습니다. 제작비를 받아야 하는데, 무슨 핑계를 대지?'",
      "srcPage": 123,
      "srcSentenceEA": 4,
      "srcWordEA": 41
    },
    {
      "srcTextID": "45056",
      "srcText": "스필버그는 아무 말도 못 하고 바닥만 쳐다보고 있었습니다. \"이제 죠스는 내가 가지고 가겠네. 전시관에 내놓기로 했거든.\"",
      "srcPage": 126,
      "srcSentenceEA": 3,
      "srcWordEA": 17
    },
    {
      "srcTextID": "45051",
      "srcText": "\"하지만, 저.\" 스필버그는 무슨 말이든 하려고 머리를 쥐어짜고 있었습니다. 어떻게 해서라도 데이비드를 설득해야 했던 것입니다. 그때, 촬영 감독이 뛰어 들어왔습니다. \"감독님! 큰일 났습니다. 브루스가 가라앉았어요.\" \"뭐?\"",
      "srcPage": 127,
      "srcSentenceEA": 6,
      "srcWordEA": 31
    },
    {
      "srcTextID": "45055",
      "srcText": "브루스는 죠스를 찍기 위해서 만든 기계 상어였습니다. 특수효과팀은 식인 상어를 촬영하기 위해서 기계 상어 세 마리를 만들었습니다. 이 기계 상어의 이름이 바로 브루스였습니다.",
      "srcPage": 128,
      "srcSentenceEA": 3,
      "srcWordEA": 25
    },
    {
      "srcTextID": "45058",
      "srcText": "첫 번째 것은 왼쪽에서 오른쪽으로, 두 번째 것은 오른쪽에서 왼쪽으로 헤엄쳤습니다. 그리고 세 번째 것은 몸 전체가 나오는 장면과 물속 장면에 쓰였습니다. 브루스는 물 밖에서는 잘 움직이다가도 물속에만 들어가면 자꾸 고장이 났습니다.",
      "srcPage": 129,
      "srcSentenceEA": 3,
      "srcWordEA": 34
    },
    {
      "srcTextID": "45063",
      "srcText": "스필버그는 브루스가 가라앉아 버린 바다를 멍하니 바라볼 수밖에 없었습니다. 제작진들 역시 실망에 잠겨 있었습니다. 스필버그는 깊은 절망을 느꼈습니다.",
      "srcPage": 131,
      "srcSentenceEA": 3,
      "srcWordEA": 20
    },
    {
      "srcTextID": "45061",
      "srcText": "그때, 한 사람이 스필버그에게 다가왔습니다. \"감독님, 설마 포기하시려는 건 아니겠죠? 난 다른 영화에 출연하면서 더 어려운 일을 겪었어요. 다시 기운 내서 촬영합시다. 어서 사람들을 설득해 봐요.\"",
      "srcPage": 132,
      "srcSentenceEA": 5,
      "srcWordEA": 29
    },
    {
      "srcTextID": "45059",
      "srcText": "\"감독님, 다시 한번 해 보자고요! 데이비드도 속으로는 감독님이 포기하는 걸 원치 않을 거예요.\" 드라이퍼스는 스필버그를 설득했습니다. \"그래요. 다시 해 봅시다!\"",
      "srcPage": 134,
      "srcSentenceEA": 4,
      "srcWordEA": 23
    },
    {
      "srcTextID": "45004",
      "srcText": "스필버그는 조심스럽게 밀가루를 부었지만, 그만 쏟고 말았습니다. 밀가루가 튀는 모습을 보던 스필버그는 미소를 지으며 밖으로 뛰어나갔습니다. \"스티븐, 밀가루 안 붓고 어딜 가니?\" 어머니가 스필버그를 불렀지만, 스필버그에게는 아무 소리도 들리지 않는 듯했습니다.",
      "srcPage": 78,
      "srcSentenceEA": 4,
      "srcWordEA": 33
    },
    {
      "srcTextID": "45003",
      "srcText": "스필버그는 정원으로 나가서 땅을 팠습니다. \"이런 방법이 있었는데 왜 몰랐을까?\" 스필버그는 아버지가 아끼시던 장미나무까지 파헤쳤습니다.",
      "srcPage": 79,
      "srcSentenceEA": 3,
      "srcWordEA": 16
    },
    {
      "srcTextID": "45085",
      "srcText": "새 힘을 얻은 스필버그는 온 힘을 쏟아서 레이더스를 만들었습니다. 그렇게 세상에 나온 레이더스는 많은 사랑을 받았습니다. 덕분에 스필버그 곁은 또다시 사람들로 북적거리게 되었습니다.",
      "srcPage": 146,
      "srcSentenceEA": 3,
      "srcWordEA": 25
    },
    {
      "srcTextID": "45118",
      "srcText": "\"저는 어릴 때부터 홀로코스트에 대한 이야기를 들었습니다. 나치들은 제 사촌과 이모, 삼촌의 목숨까지도 빼앗아 갔습니다. 또 제 어머니의 친구분은 피아니스트이셨는데, 독일군 이 손가락을 부러뜨렸다고 합니다.\" 홀로코스트는 제2차 세계 대전 중에 독일 나치가 수백만 명의 유대인을 학살한 일을 말합니다.",
      "srcPage": 175,
      "srcSentenceEA": 4,
      "srcWordEA": 41
    },
    {
      "srcTextID": "45065",
      "srcText": "실패와 성공. 1979년, 스필버그는 1941이라는 코미디 영화를 내놓았습니다. 그러나 사람들은 이 영화를 좋아하지 않았습니다. 이 일로 스필버그는 몹시 낙담했습니다.",
      "srcPage": 137,
      "srcSentenceEA": 4,
      "srcWordEA": 22
    },
    {
      "srcTextID": "45070",
      "srcText": "\"나는 007 같은 영화를 찍고 싶어.\" 스필버그가 말했습니다. \"그래? 007 이야기에 모험담을 섞으면 더 재미있을 것 같지 않나?\" 스필버그는 깜짝 놀랐습니다.",
      "srcPage": 141,
      "srcSentenceEA": 4,
      "srcWordEA": 24
    },
    {
      "srcTextID": "45071",
      "srcText": "\"대신 나와 약속 하나만 하세. 스타워즈로 번 돈 10분의 1과 레이더스로 번 돈 10분의 1을 교환하는 거야. 어때?\" \"뭐라고? 그렇게 하면 자네가 손해 볼 텐데.\" 스필버그는 루카스에게 미안한 생각이 들었습니다. \"아니야, 아마 자네가 손해를 볼걸?\" 루카스는 싱글벙글 웃으며 말했습니다.",
      "srcPage": 144,
      "srcSentenceEA": 7,
      "srcWordEA": 44
    },
    {
      "srcTextID": "45072",
      "srcText": "\"참, 레이더스가 성공하면 꼭 속편을 함께 만들도록 하세.\" \"좋아! 전보다 더 열심히 만들 거야.\" 스필버그는 주먹을 불끈 쥐었습니다.",
      "srcPage": 145,
      "srcSentenceEA": 3,
      "srcWordEA": 20
    },
    {
      "srcTextID": "45099",
      "srcText": "\"E.T.를 만들 때 외계인이 되었던 건 아니잖아요. 힘내서 해 봅시다!\" 하지만 많은 사람들이 책과 영화를 비난했습니다. 흑인 남성을 나쁘게 묘사했기 때문이었습니다.",
      "srcPage": 162,
      "srcSentenceEA": 4,
      "srcWordEA": 26
    },
    {
      "srcTextID": "45106",
      "srcText": "평론가들은 이 영화에 쓰이는 다양한 색상이 영화의 배경이 되는 1900년대와 1950년대 사이의 남부 흑인들과는 어울리지 않는다며 혹평했습니다. 당시 그들은 극심한 가난을 겪고 있었기 때문이었습니다. 그런 혹평 속에서도 컬러 퍼플은 전 세계적으로 1억 4,000만 명의 관객을 동원하는 대성공을 거두었습니다.",
      "srcPage": 163,
      "srcSentenceEA": 3,
      "srcWordEA": 40
    },
    {
      "srcTextID": "45113",
      "srcText": "1989년에 발표한 인디아나 존스3 최후의 성전에는 재미, 흥미, 통쾌, 순수, 진지함 등이 담겨 있었습니다. 하지만 아쉽게도 사람이 살아가면서 절실하게 느끼는 사랑은 담겨 있지 않았습니다. 그리고 2년 후, 최고의 스타들이 대거 등장한 후크가 세상에 나왔습니다. 후크 선장 역에 더스틴 호프만, 피터팬 역에 로빈 윌리엄스, 팅커벨 역에 줄리아 로버츠 등 이름난 배우들이 총출연했습니다. 이런 배우들의 힘으로 흥행에는 성공했지만, 평론가들은 이 영화를 실패작으로 꼽았습니다.",
      "srcPage": 166,
      "srcSentenceEA": 5,
      "srcWordEA": 65
    },
    {
      "srcTextID": "45112",
      "srcText": "\"좋아, 이야기나 한번 들어보세.\" 결국 마티니는 스필버그의 고집에 두 손을 들고 말았습니다. 스필버그는 자신이 구상하고 있던 이야기를 늘어놓았습니다.",
      "srcPage": 169,
      "srcSentenceEA": 3,
      "srcWordEA": 20
    },
    {
      "srcTextID": "45109",
      "srcText": "\"공룡 200마리를 어떻게 만든단 말인가? 그 제작비면 관객이 얼마나 들어야 하는지 자네가 계산이나 해 봤나? 이건 절대 안 되는 일이야!\" 마티니는 펄쩍 뛰었습니다.",
      "srcPage": 171,
      "srcSentenceEA": 4,
      "srcWordEA": 26
    },
    {
      "srcTextID": "45119",
      "srcText": "\"전처럼 모형을 만들어서 찍는 게 아닙니다.\" \"그럼?\" \"컴퓨터 그래픽을 사용할 생각입니다. 그러면 실제로 움직이는 것처럼 보일 수 있습니다.\" 스필버그는 자신만만했습니다.",
      "srcPage": 172,
      "srcSentenceEA": 4,
      "srcWordEA": 22
    },
    {
      "srcTextID": "45121",
      "srcText": "영예를 안겨 준 쉰들러 리스트. 어느 날, 스필버그는 가족·친지들과 즐거운 시간을 보내고 있었습니다. 그러다가 문득 스필버그는 어린 시절에 들었던 이야기를 꺼냈습니다.",
      "srcPage": 174,
      "srcSentenceEA": 3,
      "srcWordEA": 23
    },
    {
      "srcTextID": "45136",
      "srcText": "\"당신은 영화감독이잖아요. 유대인들을 위한 영화를 만드세요.\" 케이트는 스필버그의 손을 꼭 잡고 격려해 주었습니다.",
      "srcPage": 179,
      "srcSentenceEA": 3,
      "srcWordEA": 15
    },
    {
      "srcTextID": "45139",
      "srcText": "이렇게 해서 만들어진 영화가 바로 쉰들러 리스트입니다. 쉰들러 리스트는 토마스 케닐리의 소설을 각색한 것인데, 나치 당원이면서 기독교 사업가인 오스카 쉰들러의 생애를 다룬 것입니다. 쉰들러는 위험을 무릅쓰고 유대인들을 죽음에서 구해 냅니다. 1,200명의 유대 인들이 쉰들러 덕분에 목숨을 구할 수 있었습니다.",
      "srcPage": 180,
      "srcSentenceEA": 4,
      "srcWordEA": 42
    },
    {
      "srcTextID": "45170",
      "srcText": "그때, 클린턴 대통령이 스필버그에게 말했습니다. \"스티븐, 지금 너무 떨리는데요.\" 이 영화에는 클린턴 대통령도 출연했던 것입니다.",
      "srcPage": 191,
      "srcSentenceEA": 3,
      "srcWordEA": 16
    },
    {
      "srcTextID": "44935",
      "srcText": "스필버그의 머릿속에는 또 이상한 생각들이 떠오르기 시작했습니다. '나도 한번 해 볼까?' 스필버그는 동생들을 불렀습니다. \"얘들아, 이리 좀 와봐!\" \"오빠, 왜?\"",
      "srcPage": 12,
      "srcSentenceEA": 5,
      "srcWordEA": 21
    },
    {
      "srcTextID": "44951",
      "srcText": "\"자, 그럼 지금부터 제가 시키는 대로 하셔야 해요. 모두 자리를 잡고 정지해 있다가 제가 '액션'이라고 소리를 치면 자연스럽게 하시던 일을 계속하시면 돼요.\" 아버지와 어머니, 동생들은 스필버그가 시키는 대로 자리를 잡았습니다.",
      "srcPage": 26,
      "srcSentenceEA": 4,
      "srcWordEA": 33
    },
    {
      "srcTextID": "44950",
      "srcText": "\"음, 이번에는 어떻게 찍을까?\" 가족들도 무척 재미있어했습니다. \"얘들아, 이번엔 이쪽으로 와 봐.\" 스필버그는 동생들을 꽃밭으로 데리고 갔습니다.",
      "srcPage": 28,
      "srcSentenceEA": 4,
      "srcWordEA": 19
    },
    {
      "srcTextID": "44957",
      "srcText": "집으로 돌아온 후, 아버지는 친척들과 이웃 사람들을 불러 스필버그가 찍은 비디오를 보여 주었습니다. \"이걸 정말 스티븐이 찍었단 말이에요?\" \"이 녀석! 정말 대단한걸!\" 사람들은 비디오를 보고 입을 다물지 못했습니다. 외할머니는 스필버그의 머리를 쓰다듬으며 말했습니다.",
      "srcPage": 31,
      "srcSentenceEA": 6,
      "srcWordEA": 36
    },
    {
      "srcTextID": "44955",
      "srcText": "\"스티븐, 정말 훌륭하구나. 이 정도의 실력이면 나중에 영화를 찍어도 되겠구나.\" \"고맙습니다, 할머니! 전 꼭 좋은 영화를 만들 거예요.\" 스필버그는 마음속으로 굳게 다짐했습니다.",
      "srcPage": 32,
      "srcSentenceEA": 5,
      "srcWordEA": 25
    },
    {
      "srcTextID": "45156",
      "srcText": "영화 제작자와 영화감독. 1994년, 스필버그는 제프리 카젠버그, 데이비드 게펜과 함께 드림웍스 SKG를 설립했습니다. SKG는 스필버그, 카젠버그, 게펜의 첫 글자에서 따온 것입니다. 드림웍스에서는 많은 텔레비전 쇼, 음반, 비디오, DVD를 제작했고, 치킨 런, 글래디에이터, 슈렉과 같은 영화를 만들기도 했습니다.",
      "srcPage": 182,
      "srcSentenceEA": 4,
      "srcWordEA": 40
    },
    {
      "srcTextID": "45154",
      "srcText": "1999년에는 드림웍스에서 라이언 일병 구하기를 제작했습니다. 스필버그는 자신의 아버지처럼 제2차 세계 대전에 참전했던 사람들을 위해서 이 영화를 만들었습니다. 제2차 세계 대전에 참전했던 사람들을 포함한 많은 관객이 이 영화를 보고 눈물을 흘렸습니다.",
      "srcPage": 183,
      "srcSentenceEA": 3,
      "srcWordEA": 33
    },
    {
      "srcTextID": "44931",
      "srcText": "장난꾸러기 스필버그. 스티븐 스필버그는 1947년 12월 18일, 미국 오하이오주 신시내티에서 태어났습니다. 스필버그의 아버지 아놀드 스필버그는 컴퓨터 설계 및 전기를 다루는 기술자였고, 어머니 리아는 피아니스트였습니다. 어느 날, 부모님이 외출을 하게 되었습니다. \"스티븐, 동생들을 잘 돌봐 주렴.\" \"네! 걱정 마세요!\" 스필버그는 어깨를 으쓱거리며 대답했습니다.",
      "srcPage": 1,
      "srcSentenceEA": 7,
      "srcWordEA": 47
    },
    {
      "srcTextID": "44926",
      "srcText": "\"엉엉! 오빠는 도대체 어디 간 거야?\" 결국 세 자매는 울음을 터뜨리고 말았습니다. 그때, 조용히 문이 열렸습니다.",
      "srcPage": 4,
      "srcSentenceEA": 3,
      "srcWordEA": 19
    },
    {
      "srcTextID": "45006",
      "srcText": "\"야호! 성공이다!\" 스필버그는 싱글벙글 웃으며 기뻐했습니다. 집 안에서 지켜보던 어머니도 함께 기뻐해 주셨습니다. \"우리 스티븐은 정말 머리가 좋단 말이야.\"",
      "srcPage": 84,
      "srcSentenceEA": 4,
      "srcWordEA": 22
    },
    {
      "srcTextID": "45015",
      "srcText": "유니버설 스튜디오. 스필버그는 피닉스를 떠나 사라토가 고등학교에 들어갔습니다. 스필버그의 고교 생활은 순조롭지 못했습니다. 부모님의 사이가 나빠져 서로 다투는 일이 잦아졌고, 유대인이라는 이유로 친구들의 괴롭힘을 받았기 때문입니다.",
      "srcPage": 90,
      "srcSentenceEA": 4,
      "srcWordEA": 29
    },
    {
      "srcTextID": "45018",
      "srcText": "\"버스로 여행하는 프로그램이 있어.\" 스필버그의 가슴이 두근거리기 시작했습니다. 유니버설 스튜디오에 도착한 스필버그는 입을 다물지 못했습니다.",
      "srcPage": 93,
      "srcSentenceEA": 3,
      "srcWordEA": 17
    },
    {
      "srcTextID": "45020",
      "srcText": "그때, 버스 안에서 안내 방송이 나왔습니다. \"화장실에 다녀오실 분은 다녀오세요!\" 스필버그는 친구와 함께 버스에서 내렸습니다.",
      "srcPage": 95,
      "srcSentenceEA": 3,
      "srcWordEA": 16
    },
    {
      "srcTextID": "45017",
      "srcText": "\"내가 화장실에 가는 척하고 저기에 숨을 테니까 망 좀 봐줘.\" \"뭐라고?\" \"버스 안에서만 보려니까 답답해서 견딜 수가 없어. 직접 보고 갈 거야.\"",
      "srcPage": 96,
      "srcSentenceEA": 3,
      "srcWordEA": 23
    },
    {
      "srcTextID": "45022",
      "srcText": "그 후, 스필버그는 3개월 동안 매일같이 유니버설 스튜디오를 찾았습니다. 처음에는 버스를 타고 들어갔지만, 나중에는 경비원에게 아는 척까지 하며 자연스럽게 드나들었습니다. 스필버그는 늘 말쑥한 옷차림에 서류 가방까지 들고 있었기 때문에 경비원은 스필버그가 영화에 관련된 일을 하는 사람일 것이라 생각했습니다. 하지만 스필버그의 가방 안에는 샌드위치와 우유가 들어 있었답니다.",
      "srcPage": 98,
      "srcSentenceEA": 4,
      "srcWordEA": 49
    },
    {
      "srcTextID": "45033",
      "srcText": "하지만 간부들은 웃기만 할 뿐이었습니다. \"자네가 영화를 찍었다고? 그것도 8mm를?\" \"16mm나 35mm 영화를 가져오면 몰라도, 8mm를 봐 달라니!\" 간부들은 콧방귀를 뀌어댔습니다.",
      "srcPage": 103,
      "srcSentenceEA": 5,
      "srcWordEA": 23
    },
    {
      "srcTextID": "45035",
      "srcText": "\"오, 그래? 꼭 한번 만나보고 싶었는데 정말 반갑네.\" 시드 샤인버그가 손을 내밀었습니다. \"제 영화에 관심을 가져 주셔서 고맙습니다.\" 스필버그는 시드 샤인버그에게 정중하게 인사했습니다.",
      "srcPage": 110,
      "srcSentenceEA": 5,
      "srcWordEA": 26
    },
    {
      "srcTextID": "45039",
      "srcText": "며칠 후, 시드 샤인버그가 스필버그에게 말했습니다. \"이제야 자네와의 약속을 지키게 되었군. TV 시리즈 나이트 갤러리를 맡아서 해 보게.\" \"정말입니까? 고맙습니다!\" 스필버그는 너무 기뻤습니다.",
      "srcPage": 114,
      "srcSentenceEA": 5,
      "srcWordEA": 26
    },
    {
      "srcTextID": "45042",
      "srcText": "'휴, 영화고 뭐고 다 그만둘까?' 스필버그는 자기 자신에게 크게 실망했습니다. 하지만 스필버그는 다시 용기를 내었습니다.",
      "srcPage": 117,
      "srcSentenceEA": 3,
      "srcWordEA": 17
    },
    {
      "srcTextID": "45041",
      "srcText": "'여기서 포기할 순 없어. 난 꼭 훌륭한 감독이 될 거야!' 스필버그는 계속해서 TV 영화를 만들었습니다.",
      "srcPage": 118,
      "srcSentenceEA": 3,
      "srcWordEA": 17
    },
    {
      "srcTextID": "45043",
      "srcText": "극장용 영화를 만들고 싶었지만, 아직 계약이 남아 있었기 때문입니다. 스필버그의 주요 성공작 중 하나로 책에 의한 살인을 꼽을 수 있습니다. 1971년에 발표된 이 작품은 형사 콜롬보 시리즈의 초기 이야기입니다.",
      "srcPage": 119,
      "srcSentenceEA": 3,
      "srcWordEA": 31
    },
    {
      "srcTextID": "45046",
      "srcText": "결투의 성공으로 스필버그는 첫 극장용 영화 슈가랜드 특급을 만들 기회를 얻게 되었습니다. 이 영화에서는 주연 배우 골디 혼의 뛰어난 연기가 눈길을 끌었습니다. 골디 혼은 이 영화를 통해 할리우드의 대표 배우로 발돋움하게 되었습니다. 평론가들은 너나 할 것 없이 스필버그에게 찬사를 아끼지 않았습니다. 폴린 카엘이라는 평론가는 스필버그, 시시한 소재를 재미있는 이야기로 만드는 '마법사 감독'이라고 칭찬하기도 했습니다.",
      "srcPage": 121,
      "srcSentenceEA": 7,
      "srcWordEA": 59
    },
    {
      "srcTextID": "45011",
      "srcText": "\"스티븐, 넌 훌륭한 감독이 될 거야.\" \"더 열심히 공부하거라. 알았지?\" \"네! 고맙습니다!\" 그 후로 스필버그는 줄곧 영화만 생각하며 지냈습니다.",
      "srcPage": 89,
      "srcSentenceEA": 5,
      "srcWordEA": 22
    },
    {
      "srcTextID": "45012",
      "srcText": "게다가 대학교에 들어가는 것도 쉽지 않았습니다. 스필버그는 캘리포니아 주에서 가장 좋은 영화학과가 있는 남부 캘리포니아 대학(USC)과 로스앤젤레스 캘리포니아 대학(UCLA)에 지원했습니다. 그렇지만 고등학교 때 성적이 좋지 않았기 때문에 캘리포니아 주립대학 롱비치 캠퍼스에 들어갈 수밖에 없었습니다. 스필버그는 영문학을 전공하게 되었습니다. 하지만 영화에만 정신이 팔려 있었기 때문에 영문학은 눈에 들어오지도 않았습니다.",
      "srcPage": 91,
      "srcSentenceEA": 5,
      "srcWordEA": 52
    },
    {
      "srcTextID": "45014",
      "srcText": "어느 날, 스필버그에게 한 친구가 말했습니다. \"스티븐, 우리 유니버설 스튜디오에 가자.\" \"유니버설 스튜디오? 아무나 들어갈 수 없잖아.\"",
      "srcPage": 92,
      "srcSentenceEA": 4,
      "srcWordEA": 18
    },
    {
      "srcTextID": "45019",
      "srcText": "\"와! 정말 대단하다!\" 스필버그는 벌어진 입을 다물지 못하고, 영화 속에서나 보던 광경을 지켜보았습니다. '직접 만질 수 있으면 얼마나 좋을까?' 스필버그는 버스 안에서만 보아야 한다는 사실이 안타까웠습니다.",
      "srcPage": 94,
      "srcSentenceEA": 4,
      "srcWordEA": 29
    },
    {
      "srcTextID": "45021",
      "srcText": "스필버그는 소품이 쌓여 있는 곳에 숨었습니다. 친구는 스필버그를 말릴 수가 없었습니다. 버스는 스필버그를 남겨 둔 채 떠났습니다. 스필버그는 유니버설 스튜디오 구석구석을 돌아다녔습니다. \"나도 여기에서 영화를 찍을 수 있다면 얼마나 좋을까?\"",
      "srcPage": 97,
      "srcSentenceEA": 5,
      "srcWordEA": 33
    },
    {
      "srcTextID": "45023",
      "srcText": "어느 날, 스필버그는 비어 있는 사무실 하나를 발견했습니다. '흠, 쓸 만한걸?' 스필버그는 유니버설 스튜디오 구석구석을 찾아다니며 버려진 물건들을 주워 자신의 사무실을 꾸몄습니다.",
      "srcPage": 99,
      "srcSentenceEA": 3,
      "srcWordEA": 23
    },
    {
      "srcTextID": "45024",
      "srcText": "그곳이 바로 '스티븐 스필버그 사무실 23C'라는 곳이었습니다. '훌륭한걸' 그런데 그 사무실에는 전화가 없었습니다. 스필버그는 망설이다가 전화 교환대로 갔습니다. \"이번에 사무실을 차린 사람입니다. 전화 좀 설치해 주십시오.\"",
      "srcPage": 100,
      "srcSentenceEA": 7,
      "srcWordEA": 30
    },
    {
      "srcTextID": "45025",
      "srcText": "스필버그가 당당하게 말하자, 교환대에서는 의심하지 않고 전화를 설치해 주었습니다. 그 후로 스필버그는 2년 동안 유니버설 스튜디오를 드나들었답니다. 그곳에서 스필버그는 많은 사람들을 알게 되었고, 많은 것을 배웠습니다.",
      "srcPage": 101,
      "srcSentenceEA": 3,
      "srcWordEA": 28
    },
    {
      "srcTextID": "45030",
      "srcText": "스물한 살의 젊은 영화감독. 어느 날, 스필버그는 유니버설 스튜디오 간부들을 찾아갔습니다. \"제가 만든 8mm 영화를 보여드리겠습니다. 벽에 걸린 그림 좀 떼어 주십시오.\" 스필버그는 당당하게 말했습니다.",
      "srcPage": 102,
      "srcSentenceEA": 5,
      "srcWordEA": 28
    },
    {
      "srcTextID": "45028",
      "srcText": "\"이봐! 다음에 다시 오게!\" 스필버그는 영화를 보여 주지도 못한 채 쫓겨나고 말았습니다. '그래, 16mm 영화를 만들어 보자!'",
      "srcPage": 104,
      "srcSentenceEA": 3,
      "srcWordEA": 19
    },
    {
      "srcTextID": "45031",
      "srcText": "스필버그는 마음을 단단히 먹고 돈을 모으기 시작했습니다. 16mm 필름과 카메라 대여비가 필요했던 것입니다. 그는 학교의 카페테리아에서 아르바이트를 했습니다.",
      "srcPage": 105,
      "srcSentenceEA": 3,
      "srcWordEA": 20
    },
    {
      "srcTextID": "45032",
      "srcText": "이렇게 해서 완성된 영화가 앰블린입니다. 이 영화로 스필버그는 애틀란타와 베니스 필름 페스티벌에서 학생상을 수상하였습니다. 어느 날, 유니버설 필름 라이브러리의 직원인 척 실버가 앰블린을 보게 되었습니다.",
      "srcPage": 106,
      "srcSentenceEA": 3,
      "srcWordEA": 27
    },
    {
      "srcTextID": "45029",
      "srcText": "\"정말 대단해! 아직 어린 것 같은데, 이렇게 훌륭한 작품을 완성하다니!\" 척 실버는 무척 감탄했습니다. 척 실버는 TV 제작 담당 중역인 시드 샤인버그에게 스필버그의 영화 이야기를 했습니다.",
      "srcPage": 107,
      "srcSentenceEA": 4,
      "srcWordEA": 29
    },
    {
      "srcTextID": "45040",
      "srcText": "시드 샤인버그는 스필버그를 반갑게 맞아 주긴 했지만, 첫인상은 그리 좋게 보지 않았습니다. '이렇게 촌스러운 사람이 영화를 잘 만들 수 있을까?' 약간 미심쩍긴 했지만, 시드 샤인버그는 스필버그와 계약을 했습니다.",
      "srcPage": 111,
      "srcSentenceEA": 3,
      "srcWordEA": 29
    },
    {
      "srcTextID": "45036",
      "srcText": "\"일주일에 275달러로 계약을 하세.\" 시드 샤인버그는 미소를 지으며 스필버그에게 손을 내밀었습니다. 스필버그는 시드 샤인버그에게 말했습니다.",
      "srcPage": 112,
      "srcSentenceEA": 3,
      "srcWordEA": 17
    },
    {
      "srcTextID": "45034",
      "srcText": "\"부탁이 있습니다. 저는 21살이 되기 전에 감독이 되고 싶습니다. 그렇게 될 수 있도록 약속해 주십시오.\" 스필버그의 표정에는 강한 의지가 엿보였습니다. \"알았네. 자네가 감독이 될 수 있도록 도와주지.\" 시드 샤인버그는 고개를 끄덕였습니다.",
      "srcPage": 113,
      "srcSentenceEA": 6,
      "srcWordEA": 36
    },
    {
      "srcTextID": "45045",
      "srcText": "하지만 한편으로는 걱정이 되기도 했습니다. 나이가 어렸기 때문에 제작진이나 배우들이 자신을 깔보지 않을까 걱정되었기 때문입니다. 그러나 제작진들과 배우들은 스필버그의 말을 잘 따라 주었습니다.",
      "srcPage": 115,
      "srcSentenceEA": 3,
      "srcWordEA": 25
    },
    {
      "srcTextID": "45044",
      "srcText": "하지만 스필버그가 공들여 촬영한 그 영화는 빛을 보지 못했습니다. 아주 형편없이 만들어졌기 때문에 다른 사람이 다시 촬영해야 할 정도였습니다. 스필버그는 몹시 실망했습니다.",
      "srcPage": 116,
      "srcSentenceEA": 3,
      "srcWordEA": 24
    },
    {
      "srcTextID": "45047",
      "srcText": "또 하나 중요한 작품은 결투입니다. 이 작품 역시 텔레비전용이었지만 나중에 극장에서 개봉될 정도로 인기를 얻었습니다. 결투는 평범한 사업가와 살인 트럭 사이에서 벌어지는 이야기입니다. 이 영화는 끝까지 모습이 보이지 않는 살인 트럭 운전사 때문에 더욱 공포감을 느끼게 했습니다. 스필버그는 눈에 보이는 것보다 보이지 않는 것이 더 무섭다는 것을 잘 알고 있었던 것입니다.",
      "srcPage": 120,
      "srcSentenceEA": 5,
      "srcWordEA": 55
    },
    {
      "srcTextID": "45052",
      "srcText": "그때, 영화사 간부 데이비드가 사무실 안으로 들어왔습니다. 이 영화는 그만 접도록 하자고! 400만 달러면 되겠다고 하지 않았나?",
      "srcPage": 124,
      "srcSentenceEA": 3,
      "srcWordEA": 19
    },
    {
      "srcTextID": "45054",
      "srcText": "그런데 벌써 800만 달러도 넘게 썼다고! 더 이상은 돈을 줄 수가 없네. 이쯤에서 그만둬! 데이비드는 책상을 내리치며 소리쳤습니다.",
      "srcPage": 125,
      "srcSentenceEA": 4,
      "srcWordEA": 21
    },
    {
      "srcTextID": "45060",
      "srcText": "\"안 돼!\" 스필버그는 정신없이 밖으로 달려 나갔습니다. 데이비드는 기가 막혔습니다. \"오늘로 끝이야! 다시는 당신과 영화를 찍지 않겠어!\"",
      "srcPage": 130,
      "srcSentenceEA": 5,
      "srcWordEA": 20
    },
    {
      "srcTextID": "45062",
      "srcText": "그는 죠스에 출연하는 배우 드라이퍼스였습니다. 하지만 스필버그는 자신이 없었습니다. 당장이라도 포기하고 싶은 마음뿐이었습니다.",
      "srcPage": 133,
      "srcSentenceEA": 3,
      "srcWordEA": 15
    },
    {
      "srcTextID": "45064",
      "srcText": "스필버그는 다시 시작했습니다. 한 마리 남은 기계 상어도 자주 고장 났기 때문에 스필버그는 상어의 모습을 직접 보여 주기보다는 상어가 있다는 암시를 주기로 했습니다. 이렇게 해서 완성된 죠스는 대성공을 거두었습니다.",
      "srcPage": 135,
      "srcSentenceEA": 3,
      "srcWordEA": 31
    },
    {
      "srcTextID": "45068",
      "srcText": "중도에 포기하려 했던 죠스가 5억 달러를 벌어들인 것입니다. 사람들은 모이기만 하면 죠스 이야기를 했습니다. 데이비드는 너무 좋아서 입을 다물지 못했답니다. 스필버그는 죠스로 아카데미 감독상 후보로 선정되기도 했습니다.",
      "srcPage": 136,
      "srcSentenceEA": 4,
      "srcWordEA": 30
    },
    {
      "srcTextID": "44930",
      "srcText": "얼마 후, 천둥소리가 요란하게 울리기 시작했습니다. 정원의 나무에 벼락이 떨어지고, 집안은 불까지 나가 버렸습니다. \"갑자기 왜 이러지?\"",
      "srcPage": 2,
      "srcSentenceEA": 3,
      "srcWordEA": 18
    },
    {
      "srcTextID": "44925",
      "srcText": "\"엄마야!\" 세 자매는 그 자리에서 기절을 하고 말았습니다. \"앗! 얘들아!\" 미라는 세 자매에게로 달려왔습니다. \"얘들아, 오빠야. 얼른 일어나!\" 스필버그가 동생들을 놀려 주려고 장난을 쳤던 것입니다. 스필버그의 몸에는 화장지가 둘둘 감겨 있었습니다. 스필버그가 아무리 세게 흔들어도 세 자매는 깨어나지 않았습니다.",
      "srcPage": 6,
      "srcSentenceEA": 8,
      "srcWordEA": 46
    },
    {
      "srcTextID": "44928",
      "srcText": "그때, 부모님이 집으로 돌아왔습니다. '앗! 큰일 났다!' 스필버그는 동생들을 더 흔들어 보았습니다. \"괴, 괴물이다!\" 미라로 변장한 스필버그를 본 어머니는 깜짝 놀랐습니다.",
      "srcPage": 7,
      "srcSentenceEA": 5,
      "srcWordEA": 24
    },
    {
      "srcTextID": "44933",
      "srcText": "\"어머니, 놀라지 마세요. 저예요.\" \"아니, 이 녀석이.\" 스필버그를 살짝 흘겨보던 어머니는 기절한 딸들을 보고는 의사 선생님을 부르러 밖으로 뛰어나갔습니다.",
      "srcPage": 8,
      "srcSentenceEA": 4,
      "srcWordEA": 21
    },
    {
      "srcTextID": "44932",
      "srcText": "\"스티븐, 지금 정전이 된 거니?\" 아버지가 물었습니다. \"제가 두꺼비집을 내려서 그래요.\" \"얼른 불을 켜라. 그리고 그 화장지 좀 떼어내라.\" \"네.\"",
      "srcPage": 9,
      "srcSentenceEA": 5,
      "srcWordEA": 22
    },
    {
      "srcTextID": "44934",
      "srcText": "그제야 스필버그는 몸에 두른 화장지를 떼어냈습니다. 얼마 후, 의사 선생님이 스필버그의 집에 도착했습니다. 다행히 스필버그의 동생들은 금방 정신을 차릴 수 있었습니다.",
      "srcPage": 10,
      "srcSentenceEA": 3,
      "srcWordEA": 23
    },
    {
      "srcTextID": "44936",
      "srcText": "하지만 스필버그의 장난은 그칠 줄을 몰랐습니다. 어느 날, 스필버그는 텔레비전을 보고 있었습니다. \"우와! 신기하다.\" 텔레비전에서는 화성인이 사람들의 목을 잘라서 어항에 보관하는 장면이 나오고 있었습니다.",
      "srcPage": 11,
      "srcSentenceEA": 4,
      "srcWordEA": 27
    },
    {
      "srcTextID": "44938",
      "srcText": "동생들은 스필버그에게로 왔습니다. \"오빠가 재미있게 해 줄게.\" \"정말? 어떻게?\" 동생들은 호기심 가득한 눈빛으로 스필버그를 바라봤습니다.",
      "srcPage": 13,
      "srcSentenceEA": 4,
      "srcWordEA": 17
    },
    {
      "srcTextID": "44937",
      "srcText": "\"자, 한 명씩 들어가.\" 스필버그는 벽장 문을 열고 동생들에게 말했습니다. 동생들은 스필버그의 말대로 벽장 안으로 들어갔습니다. 스필버그는 벽장 안에 어항도 넣었습니다.",
      "srcPage": 14,
      "srcSentenceEA": 4,
      "srcWordEA": 24
    },
    {
      "srcTextID": "44939",
      "srcText": "동생들이 모두 들어가자, 스필버그는 벽장 문을 닫아버렸습니다. \"아악! 오빠, 꺼내 줘!\" \"오빠, 무서워!\" 동생들은 벽장 안에서 비명을 질러댔습니다.",
      "srcPage": 15,
      "srcSentenceEA": 4,
      "srcWordEA": 20
    },
    {
      "srcTextID": "44946",
      "srcText": "잠시 후, 스필버그는 짓궂게 웃으면서 벽장 문을 열었습니다. \"어때? 재미있었지?\" \"오빠는 정말 못됐어!\" 동생들은 스필버그를 흘겨보았습니다. 시간이 지날수록 스필버그의 장난은 점점 더 심해졌습니다. 스필버그의 동생들은 스필버그가 어떤 장난을 칠지 매일매일 불안에 떨어야 했습니다.",
      "srcPage": 16,
      "srcSentenceEA": 6,
      "srcWordEA": 37
    },
    {
      "srcTextID": "44948",
      "srcText": "처음으로 찍은 비디오. 어느덧 스필버그는 열두 살이 되었습니다. 스필버그의 가족은 호숫가로 소풍을 가기로 했습니다. 어머니는 아버지에게 8mm 비디오카메라를 선물했습니다.",
      "srcPage": 17,
      "srcSentenceEA": 4,
      "srcWordEA": 22
    },
    {
      "srcTextID": "44942",
      "srcText": "\"이걸로 우리 가족의 모습을 찍어 봐요.\" \"그거 정말 재미있겠는걸.\" 아버지는 무척 흐뭇해하셨습니다.",
      "srcPage": 18,
      "srcSentenceEA": 3,
      "srcWordEA": 13
    },
    {
      "srcTextID": "44947",
      "srcText": "잠시 후, 스필버그의 가족은 호숫가에 도착했습니다. \"야! 저기 꽃 좀 봐!\" 스필버그의 동생들이 꽃밭으로 달려갔습니다.",
      "srcPage": 19,
      "srcSentenceEA": 3,
      "srcWordEA": 17
    },
    {
      "srcTextID": "44940",
      "srcText": "\"난 숲으로 가야지!\" 스필버그는 살금살금 숲속으로 갔습니다. 그곳에서 산딸기를 따기도 하고, 곤충들을 관찰하기도 했습니다.",
      "srcPage": 20,
      "srcSentenceEA": 3,
      "srcWordEA": 16
    },
    {
      "srcTextID": "44945",
      "srcText": "얼마 후, 아버지는 아이들을 불렀습니다. \"얘들아, 우리 비디오 찍자!\" \"네.\" 스필버그의 동생들은 한달음에 호숫가로 달려왔습니다. 점심을 준비하던 어머니도 아이들 곁으로 왔습니다. 하지만 스필버그는 아무 대답 없이 수풀가에 웅크리고 앉아 있었습니다.",
      "srcPage": 21,
      "srcSentenceEA": 5,
      "srcWordEA": 33
    },
    {
      "srcTextID": "44941",
      "srcText": "\"스티븐! 얼른 이리 오렴. 비디오 찍자!\" 아버지가 불러도 스필버그는 꿈쩍도 하지 않았습니다. \"저 녀석이 왜 그러지?\" 아버지는 고개를 갸우뚱거렸습니다.",
      "srcPage": 22,
      "srcSentenceEA": 5,
      "srcWordEA": 23
    },
    {
      "srcTextID": "44943",
      "srcText": "'나도 비디오를 찍을 수 있는데. 아버지가 비디오를 찍는 방법이 마음에 들지 않아.' 아버지는 비디오카메라로 사진을 찍듯이 비디오를 찍었습니다. '난 영화처럼 찍을 수 있는데.'",
      "srcPage": 23,
      "srcSentenceEA": 4,
      "srcWordEA": 25
    },
    {
      "srcTextID": "44944",
      "srcText": "그때, 아버지가 스필버그에게 다가왔습니다. \"스티븐, 어서 가서 비디오를 찍자.\" 하지만 스필버그는 꿈쩍도 하지 않았습니다.",
      "srcPage": 24,
      "srcSentenceEA": 3,
      "srcWordEA": 15
    },
    {
      "srcTextID": "44954",
      "srcText": "\"정말이에요? 제가 찍어도 돼요?\" 스필버그는 너무 좋아서 펄쩍펄쩍 뛰었습니다. \"자, 어서 가자! 엄마랑 동생들이 기다리고 있어.\" 아버지는 스필버그를 호숫가로 데리고 갔습니다.",
      "srcPage": 25,
      "srcSentenceEA": 5,
      "srcWordEA": 25
    },
    {
      "srcTextID": "44953",
      "srcText": "\"자, 시작합니다! 액션!\" 스필버그는 큰 소리로 외쳤습니다. \"좋아요! 아주 잘하셨어요!\" 가족들이 자신의 말대로 움직이자, 스필버그는 무척 신이 났습니다.",
      "srcPage": 27,
      "srcSentenceEA": 5,
      "srcWordEA": 22
    },
    {
      "srcTextID": "44952",
      "srcText": "\"자, 꽃향기도 맡고, 이리저리 뛰어다녀 봐. 아무도 보지 않는다고 생각하고 자연스럽게 행동하는 게 중요해.\" \"알았어, 오빠.\" 동생들은 스필버그가 시키는 대로 했습니다.",
      "srcPage": 29,
      "srcSentenceEA": 4,
      "srcWordEA": 23
    },
    {
      "srcTextID": "44949",
      "srcText": "\"아주 잘했어!\" 스필버그는 연신 싱글벙글했습니다. 스필버그는 주변의 풍경도 아름답게 담았습니다. ",
      "srcPage": 30,
      "srcSentenceEA": 3,
      "srcWordEA": 12
    },
    {
      "srcTextID": "44956",
      "srcText": "유대인이라는 놀림. 아버지가 직장을 자주 옮겼기 때문에, 스필버그의 가족은 이사를 많이 다녔습니다. 스필버그의 가족은 유대인이었지만, 기독교인들이 많이 사는 곳으로 이사를 갔기 때문에 스필버그는 힘든 학교생활을 해야 했습니다. 날씨가 아주 더운 어느 날이었습니다.",
      "srcPage": 33,
      "srcSentenceEA": 4,
      "srcWordEA": 35
    },
    {
      "srcTextID": "44964",
      "srcText": "스필버그의 반 아이들은 1,000미터 달리기를 하고 있었습니다. 다른 아이들은 모두 결승선을 통과했지만, 스필버그와 존은 여전히 운동장을 달리고 있었습니다. 스필버그는 운동에 전혀 소질이 없었고, 존은 몸을 제대로 가눌 수 없는 장애인이었습니다.",
      "srcPage": 34,
      "srcSentenceEA": 3,
      "srcWordEA": 32
    },
    {
      "srcTextID": "44965",
      "srcText": "아이들은 마지막까지 큰 소리로 존을 응원했습니다. 결승선이 얼마 남지 않자, 존은 있는 힘을 다해 스필버그를 앞질렀습니다. 그리고 간발의 차이로 스필버그보다 먼 저 결승선 안으로 들어왔습니다.",
      "srcPage": 42,
      "srcSentenceEA": 3,
      "srcWordEA": 27
    },
    {
      "srcTextID": "44969",
      "srcText": "'앞으로 아이들은 날 더 놀리겠지?' 그 후로 아이들은 스필버그를 더 놀리고 괴롭혔습니다. 하지만 스필버그는 슬퍼하지 않았습니다. 존에게 커다란 기쁨을 줄 수 있었기 때문입니다.",
      "srcPage": 44,
      "srcSentenceEA": 4,
      "srcWordEA": 26
    },
    {
      "srcTextID": "44976",
      "srcText": "\"저, 저기, 봅. 내 영화에 출연해 주지 않을래?\" 스필버그는 더듬거리며 겨우 말했습니다. \"뭐, 영화? 네가 영화를 찍는다고? 푸하하!\" 봅은 웃음을 터뜨렸습니다.",
      "srcPage": 57,
      "srcSentenceEA": 7,
      "srcWordEA": 26
    },
    {
      "srcTextID": "44986",
      "srcText": "그러자 봅은 때리려던 손을 내렸습니다. \"알았어. 다시 하자. 네가 시키는 대로 다 할게.\" 봅은 다시 총을 들고 산을 올랐습니다.",
      "srcPage": 61,
      "srcSentenceEA": 4,
      "srcWordEA": 22
    },
    {
      "srcTextID": "44995",
      "srcText": "첫 번째 장편 영화 불빛. 스필버그는 시간이 갈수록 영화 만드는 일에 재미를 느꼈습니다. 어느 날, 스필버그가 아버지에게 말했습니다. \"아버지, 400달러만 빌려주세요.\"",
      "srcPage": 66,
      "srcSentenceEA": 4,
      "srcWordEA": 23
    },
    {
      "srcTextID": "44990",
      "srcText": "\"뭐? 그렇게 많은 돈을 어디에 쓰려고 그러니?\" \"영화를 만들 거예요.\" 스필버그는 어깨를 으쓱거리며 말했습니다.",
      "srcPage": 67,
      "srcSentenceEA": 3,
      "srcWordEA": 16
    },
    {
      "srcTextID": "45002",
      "srcText": "그때, 아버지가 퇴근해서 돌아왔습니다. \"스티븐, 장미나무를 왜 파헤치고 있니?\" \"아버지, 좋은 생각이 있어요. 저 좀 도와주세요.\" 아버지는 화가 나긴 했지만, 스필버그의 고집을 잘 알고 있기 때문에 도울 수밖에 없었습니다.",
      "srcPage": 80,
      "srcSentenceEA": 5,
      "srcWordEA": 31
    },
    {
      "srcTextID": "45009",
      "srcText": "스필버그는 구멍을 두 개 파고, 그 사이에 밀가루를 뿌린 합판을 깔았습니다. 그리고 나뭇가지로 합판을 숨겼습니다. \"헤헤, 이제 됐다!\"",
      "srcPage": 81,
      "srcSentenceEA": 3,
      "srcWordEA": 19
    },
    {
      "srcTextID": "45010",
      "srcText": "스필버그는 만족스러운 표정을 지으며 아버지에게 말했습니다. \"아버지, 부탁 하나만 더 들어주세요. 합판 위로 한 번만 뛰어 보세요.\" \"응?\"",
      "srcPage": 82,
      "srcSentenceEA": 3,
      "srcWordEA": 19
    },
    {
      "srcTextID": "45007",
      "srcText": "\"폭발 장면을 찍을 생각이거든요. 한번만요!\" 아버지는 한숨을 내쉬며 합판 위를 달리기 시작했습니다. 그러자 밀가루가 연기처럼 날렸습니다.",
      "srcPage": 83,
      "srcSentenceEA": 4,
      "srcWordEA": 19
    },
    {
      "srcTextID": "45037",
      "srcText": "\"제가 스필버그 군의 앰블린이라는 영화를 봤는데 매우 뛰어났습니다.\" \"그래요? 나도 한번 봐야겠군.\" 앰블린을 본 시드 샤인버그는 곧바로 척 실버를 찾아왔습니다. \"스필버그란 친구를 한번 만나보고 싶소.\"",
      "srcPage": 108,
      "srcSentenceEA": 4,
      "srcWordEA": 27
    },
    {
      "srcTextID": "45038",
      "srcText": "며칠 후, 마침내 스필버그는 척 실버의 소개로 시드 샤인버그를 만나게 되었습니다. \"이 젊은이가 바로 스필버그입니다.\" 척 실버가 시드 샤인버그에게 스필버그를 소개했습니다.",
      "srcPage": 109,
      "srcSentenceEA": 3,
      "srcWordEA": 22
    },
    {
      "srcTextID": "45086",
      "srcText": "스필버그는 미지와의 조우 각본을 직접 썼습니다. 따라서 이 영화에는 스필버그의 아름다운 추억이 담겨 있습니다. 스필버그는 월트 디즈니의 피노키오의 주제가인 '별에 소원을 빌면'을 듣고 많은 영감을 얻었다고 합니다. 미지와의 조우에서 외계인들은 소리와 빛으로 의사 소통을 했습니다. 이렇게 하여 영화가 완성되자, 관객들의 사랑을 듬뿍 받았습니다.",
      "srcPage": 148,
      "srcSentenceEA": 7,
      "srcWordEA": 48
    },
    {
      "srcTextID": "45066",
      "srcText": "어느 날, 조지 루카스가 스필버그에게 전화를 걸어왔습니다. \"내가 지금 어디 있는 줄 아나? 바로 하와이야! 자네도 여기서 휴가를 보내면 기분이 좀 나아질 걸세. 당장 건너오게!\"",
      "srcPage": 139,
      "srcSentenceEA": 5,
      "srcWordEA": 28
    },
    {
      "srcTextID": "45073",
      "srcText": "루카스가 자신을 비웃을 줄 알았는데 뜻밖에도 동의를 해 주었던 것입니다. 두 사람은 시간이 가는 줄도 모르고 이야기를 나누었습니다. 이렇게 해서 인디아나 존스의 시초가 되는 레이더스의 줄거리가 완성되었습니다.",
      "srcPage": 142,
      "srcSentenceEA": 3,
      "srcWordEA": 29
    },
    {
      "srcTextID": "45069",
      "srcText": "\"그런데 나한테 영화를 맡겨 줄 영화사가 있을까?\" \"그런 걱정은 말게! 자네한테는 나 루카스가 있지 않은가!\" 루카스는 스타워즈의 성공 이후, 큰 영향력을 행사하고 있었기 때문에 그런 것쯤은 아무 문제도 아니었던 것입니다. \"고맙네, 정말 고마워.\" 스필버그는 눈물을 글썽였습니다.",
      "srcPage": 143,
      "srcSentenceEA": 6,
      "srcWordEA": 39
    },
    {
      "srcTextID": "45087",
      "srcText": "1984년, 스필버그는 레인 맨을 준비하였습니다. \"정말 감동적인 작품이에요.\" \"이 영화라면 감독님도 충분히 아카데미 상을 탈 수 있을 거예요.\" 사람들은 기대에 부풀어 있었습니다.",
      "srcPage": 153,
      "srcSentenceEA": 4,
      "srcWordEA": 23
    },
    {
      "srcTextID": "45101",
      "srcText": "실리는 아버지에게 학대를 받으며 자랐고, 결혼한 후에는 남편에게 혹사당하며 생활합니다. 그리고 언니와 슬픈 이별을 합니다. 이렇게 험난한 인생을 살지만 실리는 강인한 여성으로 다시 태어나며, 언니와도 다시 만나게 됩니다.",
      "srcPage": 159,
      "srcSentenceEA": 3,
      "srcWordEA": 30
    },
    {
      "srcTextID": "45102",
      "srcText": "이 영화의 주요 등장인물은 모두 흑인이었고, 줄거리는 우울했습니다. 사람들은 환상적인 영화를 주로 만들던 스필버그가 무겁고 심각한 영화를 만드는 것을 이상하게 생각했습니다. 하지만 어린 시절 유대인이라는 이유로 괴로움을 당했던 스필버그는 주인공 실리에게 강한 애착을 느꼈습니다. '이 영화를 꼭 내가 만들어야 하나?'",
      "srcPage": 160,
      "srcSentenceEA": 4,
      "srcWordEA": 42
    },
    {
      "srcTextID": "45114",
      "srcText": "돌아온 공룡들, 쥬라기 공원. 어느 날, 스필버그는 영화사 간부인 마티니를 찾아갔습니다. \"이번에는 공룡 이야기를 찍고 싶습니다.\"",
      "srcPage": 167,
      "srcSentenceEA": 3,
      "srcWordEA": 17
    },
    {
      "srcTextID": "45137",
      "srcText": "\"유대인이라는 이유만으로 죽음을 당하고 고통을 당하다니, 너무 끔찍한 일이야. 난 지금까지 내가 유대인이라는 사실을 부끄러워했어. 하지만 앞으로는 유대인을 위해서 무언가를 하고 싶어. 내가 할 수 있는 일이 뭐가 있을까?\"",
      "srcPage": 178,
      "srcSentenceEA": 4,
      "srcWordEA": 32
    },
    {
      "srcTextID": "45084",
      "srcText": "공상의 세계, 그리고 E.T. 스필버그는 늘 공상 과학 영화에 관심이 많았습니다. 미지와의 조우와 ET는 스필버그의 영화 중에서도 더욱 큰 사랑을 받은 작품입니다.",
      "srcPage": 147,
      "srcSentenceEA": 3,
      "srcWordEA": 25
    },
    {
      "srcTextID": "45100",
      "srcText": "사실 스필버그도 자신이 컬러 퍼플을 감독하는 것에 대해서 확신이 서지 않았지만, 공동 제작을 맡기로 하였습니다. 스필버그는 음악을 담당하고 있는 퀸시 존스에게 물었습니다. \"이 영화를 여성 감독이나, 흑인 감독에게 맡겨야 하지 않을까요?\" 그러자 퀸시 존스가 웃으면서 대답했습니다.",
      "srcPage": 161,
      "srcSentenceEA": 4,
      "srcWordEA": 38
    },
    {
      "srcTextID": "45105",
      "srcText": "또, 이 영화에 출연했던 우피 골드버그와 오프라 윈프리는 일약 스타가 되었습니다. 우피 골드버그는 컬러 퍼플로 아카데미상 후보에 오르기도 했습니다. 영국에서는 스필버그에게 감독상을 안겨 주었지만, 아카데미상에서는 역시 스필버그를 외면했습니다.",
      "srcPage": 164,
      "srcSentenceEA": 3,
      "srcWordEA": 30
    },
    {
      "srcTextID": "45104",
      "srcText": "2년 후, 스필버그는 태양의 제국을 내놓았습니다. 그는 이 작품에 자신의 생각을 진지하게 담아냈습니다. 그래서 사람들은 스필버그가 흥미 위주의 영화만 만드는 것이 아니라는 사실을 알게 되었습니다.",
      "srcPage": 165,
      "srcSentenceEA": 3,
      "srcWordEA": 27
    },
    {
      "srcTextID": "45110",
      "srcText": "\"뭐라고? 공룡? 그걸 누가 보겠나?\" 마티니는 기가 막혔습니다. \"한 번만 제 이야기를 들어주십시오.\" 스필버그는 뜻을 굽히지 않았습니다.",
      "srcPage": 168,
      "srcSentenceEA": 5,
      "srcWordEA": 21
    },
    {
      "srcTextID": "45120",
      "srcText": "스필버그가 새로운 기법으로 영화를 찍는다는 소문은 널리 퍼졌습니다. 그 이야기를 들은 사람들은 스필버그에게 손가락질을 하며 무시했습니다. 하지만 스필버그는 포기하지 않았습니다. 결국 영화사에서도 스필버그에게 영화를 맡기기로 했습니다. \"자네만 믿겠네.\" 이렇게 하여 만들어진 쥬라기공원은 미국 흥행 신기록을 수립하면서 전 세계적으로 9억 달러가 넘는 돈을 벌어들였습니다. 인형이나 장신구를 통해서 벌어들인 돈만도 우리 돈으로 10억이 넘었습니다.",
      "srcPage": 173,
      "srcSentenceEA": 7,
      "srcWordEA": 57
    },
    {
      "srcTextID": "45140",
      "srcText": "이야기를 마친 스필버그는 몹시 우울해졌습니다. 친척들이 모두 돌아가자, 스필버그는 침울한 표정으로 창밖을 바라보았습니다. \"여보, 왜 그래요?\" 아내 케이트가 살며시 다가왔습니다.",
      "srcPage": 176,
      "srcSentenceEA": 4,
      "srcWordEA": 22
    },
    {
      "srcTextID": "45135",
      "srcText": "\"나치는 우리 유대인들을 왜 그렇게 싫어했을까?\" 스필버그는 힘없는 목소리로 말했습니다. \"유대인들이 너무 뛰어나기 때문에 그럴 거예요.\"",
      "srcPage": 177,
      "srcSentenceEA": 3,
      "srcWordEA": 17
    },
    {
      "srcTextID": "45155",
      "srcText": "스필버그는 라이언 일병 구하기로 두 번째 아카데미 감독상을 수상했습니다. 그리고 미 국방성으로부터 특별 공로상을 받기도 했습니다. 또, 스필버그는 라이언 일병 구하기에 출연했던 톰 행크스와 함께 밴드 오브 브라더스라는 케이블 방송 시리즈를 공동 제작했는데, 이 작품으로 다시 한번 제2차 세계 대전 참전 영웅들에게 경의를 표했습니다.",
      "srcPage": 184,
      "srcSentenceEA": 3,
      "srcWordEA": 46
    },
    {
      "srcTextID": "45165",
      "srcText": "그러나 아미스타드와 A.I.는 좋은 반응을 얻지 못했습니다. 아미스타드는 1839년과 1841년 사이에 일어났던 노예 반란과 법적 투쟁을 그린 이야기입니다. 영화의 의도나 주제도 훌륭했고, 스필버그가 흑인 문제를 다룬다고 비난하는 사람들도 없었지만, 흥행에서는 성공하지 못했습니다. 평론가들 역시 지루한 역사 수업 같다며 비판했습니다.",
      "srcPage": 185,
      "srcSentenceEA": 5,
      "srcWordEA": 44
    },
    {
      "srcTextID": "44929",
      "srcText": "스필버그의 세 여동생 앤, 슈, 낸시는 캄캄한 거실에서 바들바들 떨었습니다. \"오빠는 어디 있지? 오빠! 오빠!\" 세 자매는 큰 소리로 스필버그를 불렀지만, 아무런 대답이 없었습니다.",
      "srcPage": 3,
      "srcSentenceEA": 5,
      "srcWordEA": 27
    },
    {
      "srcTextID": "44927",
      "srcText": "\"오빠야?\" 문 쪽을 바라보던 세 자매는 그 자리에 얼어붙고 말았습니다. \"흐흐흐! 어서 나와 함께 가자!\" 미라가 세 자매를 향해 다가왔기 때문입니다.",
      "srcPage": 5,
      "srcSentenceEA": 3,
      "srcWordEA": 24
    },
    {
      "srcTextID": "44958",
      "srcText": "\"존, 이겨라! 존, 이겨라!\" 아이들은 모두 존을 응원하고 있었습니다. 스필버그는 존의 40미터 정도 앞에서 힘겹게 달리고 있었습니다. \"존, 조금만 더 힘을 내!\" 아이들의 응원을 들으며 존은 있는 힘껏 달렸습니다.",
      "srcPage": 35,
      "srcSentenceEA": 6,
      "srcWordEA": 33
    },
    {
      "srcTextID": "44966",
      "srcText": "하지만 스필버그가 계속 앞서고 있었습니다. 그때 문득, 스필버그의 머릿속에 영화의 한 장면이 떠올랐습니다. 그 영화는 어떤 장애인에 대한 이야기였습니다.",
      "srcPage": 36,
      "srcSentenceEA": 3,
      "srcWordEA": 21
    },
    {
      "srcTextID": "44961",
      "srcText": "사람들은 그가 해내지 못할 것이라고 생각했지만, 그는 포기하지 않고, 더욱 열심히 노력하고 또 노력해서 수영 대회에서 우승했다는 내용이었습니다. 스필버그는 그 영화를 보고 큰 감동을 받았습니다. '그래, 내가 꼴등을 하더라도 존에게 할 수 있다는 자신감을 심어 주자!'",
      "srcPage": 37,
      "srcSentenceEA": 3,
      "srcWordEA": 37
    },
    {
      "srcTextID": "44963",
      "srcText": "스필버그는 존에게 져 주기 위해서 일부러 넘어지기로 결심했습니다. '그런데 어떻게 넘어져야 진짜 같을까?' 스필버그는 달리는 내내 자연스럽게 넘어질 궁리만 했습니다.",
      "srcPage": 38,
      "srcSentenceEA": 3,
      "srcWordEA": 21
    },
    {
      "srcTextID": "44959",
      "srcText": "거짓말로 넘어진 것을 알면 존이 기분 나빠할 게 뻔했기 때문입니다. \"앗!\" 딴생각을 하던 스필버그는 정말로 발이 뒤엉켜 바닥에 넘어지고 말았습니다. \"이야! 스티븐이 넘어졌다!\" \"이때야. 존, 빨리 뛰어!\" 아이들은 존에게 소리쳤습니다.",
      "srcPage": 39,
      "srcSentenceEA": 5,
      "srcWordEA": 34
    },
    {
      "srcTextID": "44962",
      "srcText": "스필버그가 일어났을 때, 존은 어느새 스필버그 가까이에 다가와 있었습니다. '그래, 차라리 잘 된 거야. 이제 자연스럽게 행동하면 돼' 스필버그는 존을 이길 수 없는 것처럼 비틀거리며 달렸습니다.",
      "srcPage": 40,
      "srcSentenceEA": 4,
      "srcWordEA": 28
    },
    {
      "srcTextID": "44960",
      "srcText": "그래도 처음에는 스필버그가 많이 앞서갔지만, 차츰 간격이 좁혀졌습니다. 스필버그가 조금씩 더 천천히 달렸기 때문입니다. \"존, 조금만 더!\" \"힘내, 존!\"",
      "srcPage": 41,
      "srcSentenceEA": 4,
      "srcWordEA": 20
    },
    {
      "srcTextID": "44967",
      "srcText": "\"만세! 존이 이겼다!\" \"넌 정말 대단해!\" 아이들이 존에게 우르르 달려와 한마디씩 칭찬을 했습니다. 아이들이 모두 가 버린 후, 스필버그는 운동장에 혼자 남았습니다.",
      "srcPage": 43,
      "srcSentenceEA": 4,
      "srcWordEA": 25
    },
    {
      "srcTextID": "45067",
      "srcText": "죠스의 성공 이후, 스필버그의 주변에는 사람이 들끓었었는데 1941이 실패하자 하나 둘 떠나갔습니다. 모두가 스필버그를 외면할 때, 조지 루카스만은 스필버그 곁에 남아 위로해 주었습니다. 조지 루카스는 스타워즈로 성공을 거두어 죠스의 신화를 깨뜨린 감독이었습니다.",
      "srcPage": 138,
      "srcSentenceEA": 3,
      "srcWordEA": 34
    },
    {
      "srcTextID": "45074",
      "srcText": "스필버그는 당장 하와이로 갔습니다. 스필버그와 루카스는 해변을 거닐며 이야기를 나누었습니다. 스필버그는 우울했던 마음이 조금은 가벼워지는 것 같았습니다.",
      "srcPage": 140,
      "srcSentenceEA": 3,
      "srcWordEA": 19
    },
    {
      "srcTextID": "44968",
      "srcText": "'그래, 맞아. 나도 다른 아이들처럼 코가 예쁘면 놀리지 않겠지? 스필버그는 매일 밤 자신의 \"매부리코를 다른 아이들처럼 예쁜 코로 바꿔 달라고 기도했습니다. \"하느님, 제 코를 예쁘게 만들어 주세요. 그러면 아이들이 절 놀리지 않을 거예요.\"",
      "srcPage": 45,
      "srcSentenceEA": 6,
      "srcWordEA": 36
    },
    {
      "srcTextID": "44975",
      "srcText": "여러 가지로 궁리한 끝에 스필버그는 고무테이프를 코에 붙이고 잤습니다. '이렇게 하면 내 코도 예쁘게 변할 거야.' 스필버그는 기대에 부풀어서 잠이 들었습니다.",
      "srcPage": 46,
      "srcSentenceEA": 3,
      "srcWordEA": 22
    },
    {
      "srcTextID": "44971",
      "srcText": "다음 날 아침, 온 집안이 스필버그의 비명 소리로 시끄러웠습니다. \"내 코! 내 코!\" 스필버그는 코를 부여잡고 눈물을 뚝뚝 흘렸습니다. 스필버그의 코는 빨갛게 부어올라 있었습니다. \"엉엉!\"",
      "srcPage": 47,
      "srcSentenceEA": 5,
      "srcWordEA": 28
    },
    {
      "srcTextID": "44973",
      "srcText": "스필버그는 고개를 푹 숙이고 학교에 갔습니다. '아이들이 날 더 놀릴 거야.' 스필버그의 염려대로 아이들은 우르르 몰려들어 스필버그를 놀리기 시작했습니다.",
      "srcPage": 48,
      "srcSentenceEA": 3,
      "srcWordEA": 20
    },
    {
      "srcTextID": "44970",
      "srcText": "\"어머머, 스티븐 코 좀 보래요!\" \"우헤헤! 저게 뭐야?\" 아이들은 스필버그를 둘러싸고 웃음을 터뜨렸습니다. 그 때, 봅이 스필버그에게 다가왔습니다.",
      "srcPage": 49,
      "srcSentenceEA": 4,
      "srcWordEA": 21
    },
    {
      "srcTextID": "44972",
      "srcText": "봅은 반에서 가장 덩치가 크고 힘이 셌습니다. 봅은 항상 스필버그를 골탕 먹였습니다. \"이 유대인 녀석아! 내가 안 아프게 해 줄까?\" 스필버그는 아무 말도 못 하고 바들바들 떨었습니다. \"야! 눈 감아! 내가 감쪽같이 낫게 해 줄 테니까!\" 봅은 두 손을 높이 들고 소리쳤습니다.",
      "srcPage": 50,
      "srcSentenceEA": 8,
      "srcWordEA": 48
    },
    {
      "srcTextID": "44974",
      "srcText": "스필버그는 눈을 꼭 감았습니다. 퍽! 잠시 후, 스필버그의 코에서는 피가 줄줄 흘러내렸습니다. \"하하하!\" \"깔깔깔!\" 아이들은 스필버그가 코피를 흘리는 것이 재미있다는 듯 배를 움켜잡고 웃었습니다.",
      "srcPage": 51,
      "srcSentenceEA": 4,
      "srcWordEA": 27
    },
    {
      "srcTextID": "44979",
      "srcText": "비디오카메라로 친구를 만들다. 울면서 집으로 돌아온 스필버그는 두 눈을 꼭 감고 기도했습니다. \"하느님, 못된 봅에게 벌을 내려 주세요.\"",
      "srcPage": 52,
      "srcSentenceEA": 3,
      "srcWordEA": 19
    },
    {
      "srcTextID": "44977",
      "srcText": "그런데 그때, 누군가가 스필버그에게 말했습니다. \"스티븐, 친구를 아끼고 사랑해야 한다. 봅을 친구로 만들 거라.\" \"봅이랑 어떻게 친구를 해요?\" \"봅과도 친한 친구가 될 수 있다.\"",
      "srcPage": 53,
      "srcSentenceEA": 5,
      "srcWordEA": 25
    },
    {
      "srcTextID": "44981",
      "srcText": "스필버그는 눈을 번쩍 떴습니다. 그런데 스필버그 앞에는 아무도 없었습니다. '하느님이 말씀하신 건가? 봅이랑 어떻게 친구가 되라는 거야?'",
      "srcPage": 54,
      "srcSentenceEA": 4,
      "srcWordEA": 19
    },
    {
      "srcTextID": "44980",
      "srcText": "스필버그는 곰곰이 생각했습니다. 그때, 문득 책상 위에 있던 비디오카메라가 눈에 띄었습니다. '맞다! 나에게는 비디오카메라가 있었지!'",
      "srcPage": 55,
      "srcSentenceEA": 3,
      "srcWordEA": 17
    },
    {
      "srcTextID": "44978",
      "srcText": "다음 날, 스필버그는 비디오카메라를 가지고 봅 앞으로 살금살금 다가갔습니다. \"뭐야? 나한테 할 말 있어?\" 봅이 눈을 부라리며 물었습니다.",
      "srcPage": 56,
      "srcSentenceEA": 3,
      "srcWordEA": 20
    },
    {
      "srcTextID": "44982",
      "srcText": "스필버그는 다시 용기를 내어 말했습니다. \"응, 제2차 세계 대전에 대한 영화를 만들 거야. 네가 존 웨인 같은 주인공 역할을 맡으면 잘 어울릴 것 같아.\"",
      "srcPage": 58,
      "srcSentenceEA": 3,
      "srcWordEA": 25
    },
    {
      "srcTextID": "45088",
      "srcText": "그리하여 마침내 완성되자, 1,100만 달러의 제작비가 들어간 이 영화는 해외에서도 많은 사랑을 받아서 7억 달러에 이르는 수익을 올렸습니다. 또한, 20년 후에 재개봉되면서 미국에서만 4억 달러의 수익을 올리기도 했습니다. 평론가들도 아낌없는 찬사를 보냈습니다. 하지만 E.T.가 아카데미 9개 부문(작품상, 감독상, 편집상, 음향상, 촬영상, 음향 효과상, 시각효과상, 작곡상, 음향효과 편집상) 후보에 올랐음에도 불구하고, 스필버그는 작품상과 감독상을 수상하지 못했습니다. 그래서 사람들은 아카데미가 스필버그를 질투한다고 말하기도 했습니다.",
      "srcPage": 152,
      "srcSentenceEA": 6,
      "srcWordEA": 68
    },
    {
      "srcTextID": "45089",
      "srcText": "스필버그는 6개월 동안 배우들과 시나리오 작가들을 만나며 열심히 준비했습니다. 그런데 루카스가 레이더스의 속편을 만들자는 제의를 해 왔습니다. '흠, 어떻게 하는 게 좋을까? 레인 맨이라면 나도 아카데미 상을 받을 수 있을 텐데.' 스필버그는 고민에 빠졌습니다.",
      "srcPage": 154,
      "srcSentenceEA": 5,
      "srcWordEA": 37
    },
    {
      "srcTextID": "45092",
      "srcText": "하지만 곧 결정을 내릴 수 있었습니다. '그래! 내가 누구 덕분에 다시 영화를 만들 수 있었겠어? 당연히 루카스와 함께해야 해!'",
      "srcPage": 155,
      "srcSentenceEA": 3,
      "srcWordEA": 21
    },
    {
      "srcTextID": "45091",
      "srcText": "인디아나 존스를 찍으면서 스필버그에게는 기쁜 일이 생겼습니다. 사랑하는 연인 케이트 캡쇼를 만난 것입니다. 두 사람은 1991년에 결혼식을 올렸습니다.",
      "srcPage": 157,
      "srcSentenceEA": 3,
      "srcWordEA": 20
    },
    {
      "srcTextID": "45103",
      "srcText": "휴머니즘이 깃든 영화. 1985년, 스필버그는 지금까지와는 다른 주제의 영화 컬러 퍼플을 내놓았습니다. 이 영화는 앨리스 워커의 소설을 각색한 것인데, 실리라는 흑인 여성의 이야기를 다룬 것입니다.",
      "srcPage": 158,
      "srcSentenceEA": 3,
      "srcWordEA": 27
    },
    {
      "srcTextID": "45164",
      "srcText": "A.I.는 스탠리 큐브릭 감독이 1982년에 브라이언 앨디스라는 소설가에게서 판권을 사들인 이후, 쭉 갖고 있었던 작품이었습니다. 그러나 스탠리 큐브릭 감독은 영화가 만들어지기 전에 세상을 떠나고 말았습니다. 사람들은 스필버그가 당연히 이 영화를 만들 거라고 생각했습니다. 하지만 스필버그는 신장 제거 수술을 받은 후였고, 다른 작품 제작에도 참여하고 있었기 때문에 거절했습니다.",
      "srcPage": 186,
      "srcSentenceEA": 4,
      "srcWordEA": 52
    },
    {
      "srcTextID": "45166",
      "srcText": "그러나 얼마 후, 스필버그는 A.I.를 맡기로 했습니다. 스탠리 큐브릭 감독이 이미 작품의 방향을 정해 놓았기 때문에 스필버그는 특별히 수정하지 않은 채, 스탠리 큐브릭 감독에게 해가 가지 않는 한도 내에서 A.I.를 완성했습니다. 그러나 이 작품 역시 실패하고 말았습니다. 이에 대해 어떤 평론가는 A.I.가 스필버그의 따뜻한 방식과 큐브릭의 차가운 방식이 충돌해 실패했다고 말하기도 했습니다.",
      "srcPage": 187,
      "srcSentenceEA": 7,
      "srcWordEA": 61
    },
    {
      "srcTextID": "45171",
      "srcText": "끝이 없는 스필버그의 영화. 20세기가 저물어 가고 있었습니다. 워싱턴에서는 21세기를 맞이하는 행사가 한창 벌어지고 있었습니다.",
      "srcPage": 188,
      "srcSentenceEA": 3,
      "srcWordEA": 17
    },
    {
      "srcTextID": "45174",
      "srcText": "스필버그도 그 행사에 참여했습니다. 20세기의 마지막 20분 동안에 스필버그의 영화가 상영되었던 것입니다. 사람들은 스필버그의 영화를 보며 21세기를 맞이하려고 모여들었습니다.",
      "srcPage": 189,
      "srcSentenceEA": 3,
      "srcWordEA": 21
    },
    {
      "srcTextID": "45175",
      "srcText": "이 모습을 지켜보는 스필버그의 가슴은 벅차올랐습니다. 그동안의 일들이 주마등처럼 스쳐 지나갔습니다. 스필버그는 지난 시절을 생각하며 미소 지었습니다.",
      "srcPage": 190,
      "srcSentenceEA": 3,
      "srcWordEA": 19
    },
    {
      "srcTextID": "44985",
      "srcText": "\"존 웨인?\" \"응! 너랑 잘 맞는 역할일 것 같지 않니?\" 스필버그는 봅을 살살 달랬습니다. \"좋아!\" 봅은 스필버그와 영화를 찍기로 했습니다.",
      "srcPage": 59,
      "srcSentenceEA": 4,
      "srcWordEA": 23
    },
    {
      "srcTextID": "44984",
      "srcText": "\"봅! 굴러! 빨리 굴러 봐!\" \"뭐야? 나보고 구르라고?\" 봅은 총을 집어던지고, 스필버그를 때리려 했습니다. “찍기 싫으면 하지 마. 나도 너랑은 안 해!\" 스필버그는 무서움을 꾹 참고 소리를 빽 질렀습니다.",
      "srcPage": 60,
      "srcSentenceEA": 7,
      "srcWordEA": 35
    },
    {
      "srcTextID": "44983",
      "srcText": "\"거기서는 굴러야 한다니까!\" 스필버그가 소리치자, 봅은 산을 구르기 시작했습니다. \"이제 넘어져 봐!\"",
      "srcPage": 62,
      "srcSentenceEA": 3,
      "srcWordEA": 13
    },
    {
      "srcTextID": "44987",
      "srcText": "스필버그는 그렇게 무서워하던 봅에게 마구 명령을 내렸습니다. 카메라 앞에서는 봅도 꼼짝을 못 했습니다. 그 후, 스필버그와 봅은 친한 친구가 되었습니다.",
      "srcPage": 63,
      "srcSentenceEA": 3,
      "srcWordEA": 22
    },
    {
      "srcTextID": "44988",
      "srcText": "아이들도 더 이상 스필버그를 괴롭히거나 놀리지 않았습니다. \"스필버그, 나도 영화에 출연하고 싶어!\" \"나도 네 영화에 출연시켜 줘.\"",
      "srcPage": 64,
      "srcSentenceEA": 3,
      "srcWordEA": 17
    },
    {
      "srcTextID": "44989",
      "srcText": "친구들은 스필버그에게 영화에 출연시켜 달라고 부탁했습니다. '헤헤, 이 비디오카메라만 있으면 무서울 게 없겠군.' 나중에 꼭 훌륭한 영화감독이 되겠다는 스필버그의 결심은 더욱 굳어졌습니다.",
      "srcPage": 65,
      "srcSentenceEA": 3,
      "srcWordEA": 23
    },
    {
      "srcTextID": "44994",
      "srcText": "아버지는 스필버그에게 400달러를 주었습니다. 스필버그의 고집에는 당할 수 없다는 것을 잘 알고 있었기 때문입니다. \"고맙습니다! 꼭 좋은 영화를 만들게요.\" 스필버그는 싱글벙글 웃음을 지었습니다.",
      "srcPage": 68,
      "srcSentenceEA": 4,
      "srcWordEA": 26
    },
    {
      "srcTextID": "44992",
      "srcText": "그날부터 스필버그는 영화를 찍기 시작했습니다. 스필버그의 영화에 출연하는 배우는 가족들과 동네 사람들이었습니다. \"어머니, 더 빨리 달리세요!\"",
      "srcPage": 69,
      "srcSentenceEA": 3,
      "srcWordEA": 17
    },
    {
      "srcTextID": "44991",
      "srcText": "\"헉헉! 스티븐, 조금만 쉬자.\" \"안 돼요! 빨리요!\" 스필버그는 카메라를 들고 어머니를 뒤쫓았습니다. 어머니는 지프를 몰고 험한 산길을 달려야 했습니다.",
      "srcPage": 70,
      "srcSentenceEA": 5,
      "srcWordEA": 23
    },
    {
      "srcTextID": "44993",
      "srcText": "또, 헬멧을 쓰고 구덩이 속으로 뛰어들기도 했습니다. 당장이라도 그만두고 싶었지만, 아들을 위해서 어머니는 꾹 참았습니다. 스필버그의 막내 동생 낸시도 고생이 많았습니다. 낸시는 몇 시간째 태양을 바라보고 있었습니다.",
      "srcPage": 71,
      "srcSentenceEA": 4,
      "srcWordEA": 30
    },
    {
      "srcTextID": "44996",
      "srcText": "\"낸시! 눈 가늘게 뜨면 안 돼. 크게 뜨고 봐!\" 너무 눈이 부셔서 눈을 가늘게 뜨면, 바로 스필버그의 핀잔이 들려왔습니다. 낸시는 어쩔 수 없이 태양을 바라보아야만 했습니다.",
      "srcPage": 72,
      "srcSentenceEA": 4,
      "srcWordEA": 30
    },
    {
      "srcTextID": "45081",
      "srcText": "5년 후, 스필버그는 또 다른 공상 과학 영화 E.T.를 기획하고 있었습니다. 그는 해리슨 포드의 부인인 멜리사 매디슨에게 시나리오를 부탁했습니다. 멜리사 매디슨은 스필버그의 아이디어를 기초로 E.T.의 시나리오를 완성했습니다.",
      "srcPage": 149,
      "srcSentenceEA": 5,
      "srcWordEA": 33
    },
    {
      "srcTextID": "45082",
      "srcText": "E.T.는 외계인 E.T.와 지구에 사는 소년 엘리엇 사이의 깊은 우정에 대한 이야기입니다. 이 영화에는 스필버그의 어린 시절이 담겨 있습니다. 엘리엇의 아버지도 스필버그의 아버지처럼 집을 떠났던 것입니다.",
      "srcPage": 150,
      "srcSentenceEA": 4,
      "srcWordEA": 32
    },
    {
      "srcTextID": "45083",
      "srcText": "E.T.의 시작은 순조롭지 못했습니다. 못생긴 외계인과 아이의 이야기로는 돈을 벌 수 없다며 제작자들이 나서 주지 않았기 때문입니다. 스필버그는 유니버설과 다시 손을 잡고 영화 촬영을 시작했습니다.",
      "srcPage": 151,
      "srcSentenceEA": 3,
      "srcWordEA": 29
    },
    {
      "srcTextID": "45090",
      "srcText": "스필버그는 평소에 알고 지내던 레비슨에게 레인 맨을 양보했습니다. 그리고 루카스와 함께 레이더스의 속편인 인디 아나 존스를 만들었습니다. 이 영화는 흥행에 성공을 거두었고, 아카데미에서도 시각효과상을 수상했습니다.",
      "srcPage": 156,
      "srcSentenceEA": 3,
      "srcWordEA": 27
    },
    {
      "srcTextID": "45111",
      "srcText": "\"자, 잠깐! 뭐? 공룡이 200마리나 나와?\" 마티니는 깜짝 놀라 되물었습니다. \"공룡 200마리가 초원을 달리는 장면입니다.\"",
      "srcPage": 170,
      "srcSentenceEA": 5,
      "srcWordEA": 18
    },
    {
      "srcTextID": "45138",
      "srcText": "쉰들러 리스트는 아카데미 작품상을 비롯해 여섯 개 부문에서 아카데미 상을 수상했습니다. 스필버그와 대본을 쓴 자일리언, 촬영 감독인 카민스키, 음악을 맡은 존 윌리엄스가 상을 받았습니다. 스필버그는 이제 관객과 평론가 모두에게서 인정을 받는 감독이 되었습니다. 스필버그는 쉰들러 리스트의 흥행으로 얻은 수익을 쇼아 영상 역사 재단을 설립하는 데 기부했습니다. 이 재단에서는 홀로코스트 생존자들의 영상을 담아 보존했는데, 5만 명 이상의 목격자들의 진술을 확보하게 되었습니다.",
      "srcPage": 181,
      "srcSentenceEA": 5,
      "srcWordEA": 64
    },
    {
      "srcTextID": "45173",
      "srcText": "스필버그는 클린턴 대통령을 격려해 주었습니다. 영화 상영 시간이 가까워지자, 사람들은 스필버그의 이름을 외치기 시작했습니다. 이제 스필버그는 모든 사람들의 사랑을 한 몸에 받는 감독으로 우뚝 선 것입니다.",
      "srcPage": 192,
      "srcSentenceEA": 3,
      "srcWordEA": 28
    },
    {
      "srcTextID": "45172",
      "srcText": "스필버그는 마음속으로 다짐했습니다. '내 영화를 아끼는 많은 사람들을 위해 더 좋은 영화를 만들 거야.' 50세가 넘어가면서 스필버그의 업적은 더욱 인정을 받게 되었습니다.",
      "srcPage": 193,
      "srcSentenceEA": 3,
      "srcWordEA": 23
    },
    {
      "srcTextID": "45169",
      "srcText": "1995년에는 미국 영화 협회로부터 공로상을 받았고, 2000년에는 미국 감독 협회로부터 공로상을 받았습니다. 2001년에는 영국 여왕으로부터 기사 작위를 받기도 했습니다. 나이는 들어갔지만, 스필버그의 영화에 대한 열정은 식지 않았습니다. 아마 지금 이 순간에도 그의 머릿속은 새로운 영화에 대한 생각으로 가득 차 있을 것입니다.",
      "srcPage": 194,
      "srcSentenceEA": 4,
      "srcWordEA": 44
    },
    {
      "srcTextID": "45001",
      "srcText": "한번은 스필버그가 이웃 아저씨에게 떼를 쓰고 있었습니다. \"아저씨, 비행기를 가까이에서 찍고 싶어요.\" \"뭐라고? 안 된다. 너 같은 꼬마가 그 위험한 일을 어떻게 하겠다는 거니?\" 그 아저씨는 비행장에 근무하였습니다.",
      "srcPage": 73,
      "srcSentenceEA": 5,
      "srcWordEA": 31
    },
    {
      "srcTextID": "44997",
      "srcText": "\"다쳐도 괜찮아요. 꼭 그 장면을 찍어야 한단 말이에요.\" 스필버그의 마음은 변함이 없었습니다. \"네 고집은 정말 대단하구나. 알았다. 대신 잠깐 동안만이야. 알았지?\" 아저씨는 너털웃음을 지으며 허락했습니다.",
      "srcPage": 74,
      "srcSentenceEA": 8,
      "srcWordEA": 31
    },
    {
      "srcTextID": "44999",
      "srcText": "\"아저씨, 고맙습니다!\" 스필버그는 펄쩍펄쩍 뛰어 활주로로 나갔습니다. \"이야! 정말 멋있다!\" 스필버그는 카메라를 들고 이리저리 뛰어다니며 이륙하는 비행기를 찍어댔습니다. 그때, 관제소에서 안내 방송이 흘러나왔습니다. \"관제소에서 알려드립니다. 영화 촬영을 하고 있으니 잠시 동안 비행기 운행을 중단해 주시기 바랍니다.\" 스필버그는 마치 하늘을 나는 것처럼 기분이 좋았습니다.",
      "srcPage": 75,
      "srcSentenceEA": 8,
      "srcWordEA": 49
    },
    {
      "srcTextID": "45000",
      "srcText": "집으로 돌아온 스필버그는 폭발 장면에 대해서 고민하고 있었습니다. '어떻게 찍지? 진짜 폭탄을 쓸 수는 없고.' 그때, 어머니가 스필버그를 불렀습니다.",
      "srcPage": 76,
      "srcSentenceEA": 4,
      "srcWordEA": 21
    },
    {
      "srcTextID": "44998",
      "srcText": "\"스티븐! 이리 와서 엄마 좀 도와줄래?\" 어머니는 빵을 만들기 위해 밀가루를 반죽하고 있었습니다. \"여기에 밀가루 좀 부어 줘.\" \"이렇게요?\"",
      "srcPage": 77,
      "srcSentenceEA": 3,
      "srcWordEA": 21
    },
    {
      "srcTextID": "45005",
      "srcText": "\"그래, 여기서는 어떤 장면을 찍을 거니?\" 아버지가 스필버그에게 물었습니다. \"음, 폭발이 일어난 곳을 병사들이 달려가는 거예요. 병사들은 물론 아버지와 어머니이지요!\" 스필버그는 생글생글 웃으며 말했습니다.",
      "srcPage": 85,
      "srcSentenceEA": 5,
      "srcWordEA": 27
    },
    {
      "srcTextID": "45008",
      "srcText": "\"허허, 그 녀석!\" 아버지는 어이가 없는 듯 웃음을 터뜨렸습니다. 결국 아버지와 어머니는 병사들의 옷을 입고 합판 위를 달렸습니다.",
      "srcPage": 86,
      "srcSentenceEA": 3,
      "srcWordEA": 20
    },
    {
      "srcTextID": "45016",
      "srcText": "이렇게 해서 완성된 영화가 불빛 (Firelight)입니다. 1964년 3월 24일, 스필버그는 피닉스 극장에 불빛을 올렸습니다. 많은 사람들이 불빛을 보러 왔습니다.",
      "srcPage": 87,
      "srcSentenceEA": 3,
      "srcWordEA": 21
    },
    {
      "srcTextID": "45013",
      "srcText": "덕분에 스필버그는 500달러를 벌 수 있었습니다. 영화를 본 사람들은 스필버그에게 칭찬을 아끼지 않았습니다. \"스티븐, 정말 대단하구나.\"",
      "srcPage": 88,
      "srcSentenceEA": 3,
      "srcWordEA": 17
    }
  ]
}