{
  "title": "보물섬",
  "author": "로버트 루이스 스티븐슨",
  "illustrator": "전병준,홍경아",
  "isbn": "9791165955359",
  "readAge": "초등_고학년",
  "publishedYear": 2022,
  "publisher": "아람북스",
  "classification": "의사소통",
  "paragraphInfoCount": 18,
  "paragraphInfo": [
    {
      "srcTextID": "117642",
      "srcText": "그는 키가 크고 어깨가 벌어졌으며 구릿빛 피부로, 손은 온통 흉터투성이에 굳은살이 박여 있었다. 무엇보다도 인상적이었던 것은 구릿빛 얼굴 한쪽 볼에 있는 큼직한 칼자국이었다. 그는 자신을 ‘선장’이라고 부르라고 했다.",
      "srcPage": 3,
      "srcSentenceEA": 4,
      "srcWordEA": 31
    },
    {
      "srcTextID": "117648",
      "srcText": "그렇게 선장은 꽤 오래 우리 여인숙에 묵었다. 선장이 미리 낸 돈은 이미 바닥이 난 지 오래되었지만, 그는 돈을 내려는 기색조차 없었다. 아버지가 간신히 찾아가 돈을 달라고 하면 무섭게 노려보며 아버지를 방에서 쫓아냈다.",
      "srcPage": 7,
      "srcSentenceEA": 3,
      "srcWordEA": 34
    },
    {
      "srcTextID": "117649",
      "srcText": "이런 일 때문인지 아버지는 병석에 눕게 되었다. 어느 날, 리브시 선생이 진찰을 끝내고 아래층 객실에서 잠시 쉬고 있을 때, 술 취한 선장의 노랫소리가 들렸다. 리브시 선생이 불쾌한 듯 바라보자 선장은 소리쳤다.",
      "srcPage": 8,
      "srcSentenceEA": 3,
      "srcWordEA": 33
    },
    {
      "srcTextID": "117646",
      "srcText": "“야! 넌 뭐야?” 리브시 선생은 태연한 얼굴로 말했다. “술을 많이 마셨군. 더 마신다면 얼마 못 가 당신은 저세상으로 가게 될 거요.”",
      "srcPage": 9,
      "srcSentenceEA": 4,
      "srcWordEA": 24
    },
    {
      "srcTextID": "117654",
      "srcText": "“빌이라니요? 모르겠는데요.” “얼굴에 칼자국이 있는 녀석 말이야!” “아! 선장 말씀이군요. 바닷가로 산책하러 나갔어요.” 낯선 남자는 나를 데리고 휴게실 문 뒤로 갔다.",
      "srcPage": 15,
      "srcSentenceEA": 5,
      "srcWordEA": 25
    },
    {
      "srcTextID": "117652",
      "srcText": "“검둥개로군. 기어이 나를 찾아내고야 말다니.” “넌 밖에 나가 있어.” 검둥개가 험상궂은 얼굴로 나에게 말했다.",
      "srcPage": 18,
      "srcSentenceEA": 3,
      "srcWordEA": 16
    },
    {
      "srcTextID": "117653",
      "srcText": "“내가 밤낮으로 당신을 지켜볼 거요. 그러니 조심하시오!” 그날 이후, 선장은 아주 얌전하게 굴었다. 그해 겨울은 몹시 추웠다.",
      "srcPage": 12,
      "srcSentenceEA": 4,
      "srcWordEA": 20
    },
    {
      "srcTextID": "117655",
      "srcText": "그러나 발은 두 개 다 있었고, 손가락이 두 개 없었다. “꼬마야! 여기 빌이라는 녀석이 묵고 있지?” 낯선 남자가 큰 소리로 물었다.",
      "srcPage": 14,
      "srcSentenceEA": 3,
      "srcWordEA": 23
    },
    {
      "srcTextID": "117650",
      "srcText": "저렇게 제멋대로 구니 손님이 남아나겠냐는 것이었다. 하루는 선장이 나를 은밀한 곳으로 부르더니, 한쪽 다리가 없는 뱃사람을 보게 되면 즉시 자기에게 알려 달라고 부탁했다. 그러면 매달 4페니 은화를 주겠다고 말했다.",
      "srcPage": 6,
      "srcSentenceEA": 3,
      "srcWordEA": 31
    },
    {
      "srcTextID": "117651",
      "srcText": "화가 난 선장은 칼을 뽑아 들고 위협을 했지만, 리브시 선생은 오히려 호통을 쳤다. 그 칼을 당장 거두시오. 그렇지 않으면 다음 순회 재판 때 당신을 교수형에 처할 거요. ",
      "srcPage": 10,
      "srcSentenceEA": 3,
      "srcWordEA": 29
    },
    {
      "srcTextID": "117657",
      "srcText": "나는 의사이기도 하지만 치안 판사이기도 하니까. 선장은 잠시 노려보더니 풀이 죽어 칼을 집어넣었다. 리브시 선생은 선장에게 또다시 말했다.",
      "srcPage": 11,
      "srcSentenceEA": 3,
      "srcWordEA": 20
    },
    {
      "srcTextID": "117658",
      "srcText": "아버지의 병세는 점점 악화되었고, 난 아버지 대신 여인숙 일을 돌보아야 했다. 1월의 어느 날 아침, 여인숙 문이 열리더니 낯선 남자가 들어왔다. 나는 선장이 찾던 외다리의 사내가 아닌가 싶어 제일 먼저 발부터 보았다.",
      "srcPage": 13,
      "srcSentenceEA": 3,
      "srcWordEA": 34
    },
    {
      "srcTextID": "117656",
      "srcText": "그런 다음, 자기 뒤에 나를 세운 채 옆에 찬 칼자루에 손을 갖다 대고 서 있었다. 그는 겁을 먹고 있는 것 같았다. 그걸 보니 나도 겁이 났다.",
      "srcPage": 16,
      "srcSentenceEA": 3,
      "srcWordEA": 28
    },
    {
      "srcTextID": "117659",
      "srcText": "이윽고 선장이 걸어오는 모습이 보였다. 낯선 남자가 선장에게 소리쳤다. “빌!” 선장은 낯선 남자를 보더니 파랗게 질린 얼굴로 힘없이 말했다.",
      "srcPage": 17,
      "srcSentenceEA": 3,
      "srcWordEA": 21
    },
    {
      "srcTextID": "117644",
      "srcText": "내가 이 이야기를 쓰는 건 대지주인 트렐로니 씨와 의사 리브시 선생이 자꾸 권했기 때문이다. 나는 보물섬을 알고 있다. 그곳에는 아직 파내지 않은 보물이 잔뜩 있기 때문에 나는 섬의 위치만은 비밀로 한 채 이야기를 쓸까 한다.",
      "srcPage": 1,
      "srcSentenceEA": 3,
      "srcWordEA": 37
    },
    {
      "srcTextID": "117645",
      "srcText": "선장은 낮에는 망원경으로 해안을 살폈고 밤이면 여인숙의 휴게실에 앉아 엄청나게 술을 마셨다. 술에 취할 때마다 그는 늘 케케묵은 뱃노래를 고래고래 불러 댔다. 사람들은 그를 무서워했다.",
      "srcPage": 4,
      "srcSentenceEA": 3,
      "srcWordEA": 27
    },
    {
      "srcTextID": "117647",
      "srcText": "그도 그럴 것이 선장은 술에 취하면 옆에 있는 사람들에게 노래를 따라 하라고 으름장을 놓으며 제멋대로 굴었다. 게다가 그가 들려주는 이야기라고는 교수형, 폭풍우, 해적선, 바다에서 벌어지는 무서운 사건 등 무시무시한 이야기가 대부분이었다. 아버지는 선장 때문에 여인숙이 망할 거라면서 걱정을 했다.",
      "srcPage": 5,
      "srcSentenceEA": 3,
      "srcWordEA": 41
    },
    {
      "srcTextID": "117643",
      "srcText": "그래서 나는 우리 아버지가 ‘벤보 제독’이라는 여인숙을 경영하던 시절로 거슬러 올라간다. 이야기는 여기서부터 시작된다. 어느 날, 늙은 뱃사람이 ‘벤보 제독’ 여인숙에 들어섰다.",
      "srcPage": 2,
      "srcSentenceEA": 5,
      "srcWordEA": 26
    }
  ]
}