{
  "title": "금도끼와 은도끼",
  "author": "권윤경",
  "illustrator": "정선경",
  "isbn": "9791165957759",
  "readAge": "초등_고학년",
  "publishedYear": 2022,
  "publisher": "아람북스",
  "classification": "의사소통",
  "paragraphInfoCount": 18,
  "paragraphInfo": [
    {
      "srcTextID": "6922",
      "srcText": "잠시 후, 산신령은 번쩍이는 금도끼를 들고 나타났어. “이 도끼가 네 도끼냐?” “아닙니다, 제 도끼는 금도끼가 아닙니다.” ",
      "srcPage": 7,
      "srcSentenceEA": 3,
      "srcWordEA": 16
    },
    {
      "srcTextID": "6921",
      "srcText": "나무꾼은 깜짝 놀라 손사래를 쳤어. 산신령은 다시 호수 속으로 사라졌다가 반짝이는 은도끼를 들고 나타났어. “이 도끼가 네 도끼냐?” ",
      "srcPage": 8,
      "srcSentenceEA": 3,
      "srcWordEA": 19
    },
    {
      "srcTextID": "6924",
      "srcText": "“아닙니다, 제 도끼는 금도끼도 은도끼도 아닙니다. 닳고 닳은 쇠도끼입니다.” 다시 호수 속으로 사라진 산신령이 이번에는 낡은 쇠도끼를 들고 나타났어. ",
      "srcPage": 9,
      "srcSentenceEA": 3,
      "srcWordEA": 21
    },
    {
      "srcTextID": "6923",
      "srcText": "“맞습니다, 맞아요! 듬성듬성 이가 빠진 게 틀림없는 제 도끼입니다.” 쇠도끼를 본 나무꾼은 너무 기뻐 얼굴이 환해졌지. 허허허, 참으로 정직한 사람이로구나. ",
      "srcPage": 10,
      "srcSentenceEA": 4,
      "srcWordEA": 23
    },
    {
      "srcTextID": "6915",
      "srcText": "옛날 옛날, 깊고 깊은 산골 마을에 마음 착한 나무꾼이 살았어. 나무꾼은 늙은 어머니를 위해 열심히 일을 했지. 나무 한 짐 베어다가 우리 어머니 드실 쌀을 사고, 나무 두 짐 베어다가 우리 어머니 드실 고기 사세. ",
      "srcPage": 1,
      "srcSentenceEA": 3,
      "srcWordEA": 37
    },
    {
      "srcTextID": "6916",
      "srcText": "“이놈이 제일 쓸 만하구나. 퉤퉤!” 나무꾼은 도끼 자루를 꽉 쥐고, 나무 밑동을 힘껏 찍었어. 금세 땀방울이 이마를 타고 뚝뚝 떨어지고, 도끼를 쥔 손도 축축하게 땀에 젖었지. 그런데 나무꾼이 다시 도끼를 들어 올리는 순간 미끄덩하더니 도끼가 빠져나가고 말았어. ",
      "srcPage": 2,
      "srcSentenceEA": 5,
      "srcWordEA": 41
    },
    {
      "srcTextID": "6919",
      "srcText": "“하나뿐인 도끼가 호수에 빠져서 그럽니다. 도끼가 없으면 어머니와 저는 굶어 죽습니다.” “잠시 기다리거라.” 하더니 산신령이 호수 속으로 사라졌어. ",
      "srcPage": 6,
      "srcSentenceEA": 4,
      "srcWordEA": 20
    },
    {
      "srcTextID": "6917",
      "srcText": "“아이고, 어머니! 아이고, 내 도끼!” 그때 갑자기 호수 한가운데에서 출렁출렁 물보라가 일더니 휘이익 세찬 회오리바람이 몰아쳤어. 겁에 질린 나무꾼은 눈을 꼭 감고, 납작 엎드려서 풀잎을 꼬옥 움켜쥐었지. ",
      "srcPage": 3,
      "srcSentenceEA": 4,
      "srcWordEA": 30
    },
    {
      "srcTextID": "6918",
      "srcText": "‘아이고, 도끼도 잃고 목숨도 잃는구나. ’회오리바람이 잠잠해지자, 우레 같은 목소리가 쩌렁쩌렁 울렸어. “무슨 일로 그리 우는 게냐?” ",
      "srcPage": 4,
      "srcSentenceEA": 3,
      "srcWordEA": 17
    },
    {
      "srcTextID": "6920",
      "srcText": "나무꾼은 깜짝 놀라 뒤로 벌러덩 나자빠졌어. “뉘, 뉘십니까?” “나는 이 산을 지키는 산신령이니라!” 나무꾼은 지푸라기라도 잡는 심정으로 말했어. ",
      "srcPage": 5,
      "srcSentenceEA": 4,
      "srcWordEA": 19
    },
    {
      "srcTextID": "6925",
      "srcText": "자, 너에게 이 도끼를 모두 주겠노라.” “네? 모두 제게 준다고요?” 나무꾼은 금도끼, 은도끼, 쇠도끼를 모두 받아 들고 덩실덩실 춤을 추며 집으로 돌아갔어. ",
      "srcPage": 11,
      "srcSentenceEA": 3,
      "srcWordEA": 24
    },
    {
      "srcTextID": "6930",
      "srcText": "“이 도끼도 네 도끼냐?” 욕심쟁이는 고개를 끄덕이며 소리쳤어. “예, 바로 그것입니다. 금도끼, 은도끼 모두 제 것입니다.” ",
      "srcPage": 17,
      "srcSentenceEA": 4,
      "srcWordEA": 18
    },
    {
      "srcTextID": "6926",
      "srcText": "나무꾼은 금도끼를 팔아 땅을 사고, 은도끼를 팔아 소를 샀어. 그리고 매일매일 부지런히 일하며 어머니를 모시고 행복하게 잘 살았지. 한편 마음 착한 나무꾼의 소문을 들은 욕심쟁이 나무꾼이 쇠도끼 한 자루를 집어 들고 산으로 달려갔어. ",
      "srcPage": 12,
      "srcSentenceEA": 3,
      "srcWordEA": 35
    },
    {
      "srcTextID": "6927",
      "srcText": "“아이고, 내 도끼. 금쪽같은 내 도끼가 호수에 빠졌네.” 잠시 후, 물보라가 일고 회오리바람이 몰아치면서 산신령이 나타났어. 욕심쟁이 나무꾼은 ‘얼씨구나!’ 속으로 웃었지. ",
      "srcPage": 14,
      "srcSentenceEA": 5,
      "srcWordEA": 25
    },
    {
      "srcTextID": "6928",
      "srcText": "“으흐흐, 나도 이제 부자가 되겠구나!” “여기쯤이라고 했겠다.” 욕심쟁이 나무꾼은 툭툭 도끼질하는 시늉을 하다가 도끼를 냅다 호수에 집어던졌어. 욕심쟁이 나무꾼은 호수 물을 눈가에 찍어 바르고, 꺼이꺼이 우는 시늉을 했어. ",
      "srcPage": 13,
      "srcSentenceEA": 4,
      "srcWordEA": 30
    },
    {
      "srcTextID": "6929",
      "srcText": "“산신령님, 산신령님! 제가 도끼를 호수에 빠뜨렸, 아니, 도끼가 호수에 빠졌습니다.” 산신령은 호수 속으로 사라졌다가 잠시 후, 금도끼를 들고 나타났어. “이 도끼가 네 도끼냐?” ",
      "srcPage": 15,
      "srcSentenceEA": 4,
      "srcWordEA": 25
    },
    {
      "srcTextID": "6931",
      "srcText": "욕심쟁이는 환하게 웃으며 연방 고개를 끄덕였어. “예, 맞습니다. 그런데 하나 더 있습죠.” 이번엔 산신령이 은도끼를 들어 보였어. ",
      "srcPage": 16,
      "srcSentenceEA": 4,
      "srcWordEA": 19
    },
    {
      "srcTextID": "6932",
      "srcText": "“네 이놈, 어디서 거짓말을 하는 게냐? 썩 물러가거라!” 산신령이 불같이 화를 내자, 호수 가운데서 물보라가 일고, 거센 회오리바람이 불어쳤어. 산신령의 호통 소리에 천지가 진동했지. 놀란 욕심쟁이는 엉덩방아를 찧고, 가시덤불을 데굴데굴 구르며, 꽁무니가 빠지게 도망을 갔어. ",
      "srcPage": 18,
      "srcSentenceEA": 5,
      "srcWordEA": 39
    }
  ]
}