{
  "title": "정글북",
  "author": "러디어드 키플링  ",
  "illustrator": "김원정,레지나",
  "isbn": "9791165955274",
  "readAge": "초등_고학년",
  "publishedYear": 2022,
  "publisher": "아람북스",
  "classification": "의사소통",
  "paragraphInfoCount": 193,
  "paragraphInfo": [
    {
      "srcTextID": "20632",
      "srcText": "“늑대한테야 그렇지 저에게는 말라빠진 뼈다귀도 좋은 먹이지요.” 타바키는 늑대 굴속에 들어와 사슴 뼈다귀를 찾아 맛있게 먹었어요. 그러고는 혀로 입술을 핥으며 말했어요.",
      "srcPage": 6,
      "srcSentenceEA": 3,
      "srcWordEA": 23
    },
    {
      "srcTextID": "20634",
      "srcText": "새끼 늑대들을 돌보던 엄마 늑대가 조용히 말했어요. “시어 칸의 어미는 그놈이 태어날 때부터 절름발이라서 그놈을 ‘절름발이’라고 불렀어. 그놈은 사람이 기르는 동물밖에 못 잡아먹지. 그래서 와잉궁가 마을 사람들이 그놈에게 잔뜩 화가 나 있는데, 시어 칸이 이리로 오면 여기 사람들도 가만히 안 있을 거야. 만약에 시어 칸을 찾으려고 정글에 불을 지르기라도 한다면 우린 새끼들을 데리고 도망가야 해.”",
      "srcPage": 9,
      "srcSentenceEA": 6,
      "srcWordEA": 59
    },
    {
      "srcTextID": "20630",
      "srcText": " “시어 칸 그놈이.” “그 말을 제가 전할까요?” 타바키가 말하자, 아빠 늑대는 호통을 쳤어요.",
      "srcPage": 10,
      "srcSentenceEA": 3,
      "srcWordEA": 14
    },
    {
      "srcTextID": "20631",
      "srcText": "“나가! 네 주인 시어 칸하고나 놀아. 더는 해 끼치지 말고!” “갈 겁니다, 가지요! 저 아래에서 시어 칸의 울음소리가 들리네요. 제가 일부러 전할 필요도 없겠군요.”",
      "srcPage": 11,
      "srcSentenceEA": 5,
      "srcWordEA": 28
    },
    {
      "srcTextID": "20640",
      "srcText": "아빠 늑대는 귀를 기울였어요. 계곡 밑에서 으르렁거리는 호랑이의 울음소리가 들렸어요. 오늘은 먹이를 한 마리도 못 잡은 것 같았어요.",
      "srcPage": 12,
      "srcSentenceEA": 3,
      "srcWordEA": 20
    },
    {
      "srcTextID": "20637",
      "srcText": "“멍청한 놈! 저렇게 고함을 치며 사냥하는 놈도 있을까?” 아빠 늑대가 비꼬자, 엄마 늑대가 말했어요. “아니야, 오늘 저놈은 사람을 노리고 있어.”\n\n",
      "srcPage": 13,
      "srcSentenceEA": 4,
      "srcWordEA": 22
    },
    {
      "srcTextID": "20638",
      "srcText": "“저 못된 놈이 우리 구역에서 사람을 죽이려 하다니.” 정글에는 법칙이 있었어요. 사람을 해쳐서는 안 된다는 것이었어요.",
      "srcPage": 14,
      "srcSentenceEA": 3,
      "srcWordEA": 18
    },
    {
      "srcTextID": "20642",
      "srcText": "왜냐하면 사람을 죽이면 사람들이 총과 횃불을 들고 정글로 몰려오기 때문이었어요. 얼마 지나자, 다시 시어 칸의 울음소리가 들렸어요. “또 실패했군. 어떻게 된 일일까?”",
      "srcPage": 15,
      "srcSentenceEA": 4,
      "srcWordEA": 24
    },
    {
      "srcTextID": "20636",
      "srcText": " 아빠 늑대는 멀리 있는 시어 칸을 발견했어요. “멍청한 놈, 사냥꾼의 모닥불에 발을 덴 모양이군. 타바키도 같이 있는가 본데.”",
      "srcPage": 16,
      "srcSentenceEA": 3,
      "srcWordEA": 20
    },
    {
      "srcTextID": "20641",
      "srcText": "엄마 늑대가 한쪽 귀를 세우며 말했어요. “잠깐, 조용히 해. 누군가 언덕을 올라오고 있어.”",
      "srcPage": 17,
      "srcSentenceEA": 3,
      "srcWordEA": 14
    },
    {
      "srcTextID": "20639",
      "srcText": "숲속에서 바스락거리는 소리가 들렸어요. 아빠 늑대는 달려들 기세로 허리를 낮추어 뛰어올랐어요. 아빠 늑대는 1미터쯤 뛰어오르다가 이내 주저앉으며 소리쳤어요. “사람이다, 사람의 아이다!”",
      "srcPage": 18,
      "srcSentenceEA": 4,
      "srcWordEA": 23
    },
    {
      "srcTextID": "20649",
      "srcText": "이제 겨우 막 걸음마를 시작한 듯한 갈색 피부의 벌거숭이 사내아이였어요. 지금껏 이렇게 어두운 밤에 어린아이가 늑대 굴 근처에 온 적은 한 번도 없었어요. 아빠 늑대는 어린아이를 보며 살짝 웃었어요.",
      "srcPage": 19,
      "srcSentenceEA": 3,
      "srcWordEA": 31
    },
    {
      "srcTextID": "20645",
      "srcText": "그때 엄마 늑대가 다가오며 말했어요. “사람의 새끼야? 난 아직 한 번도 본 적이 없어. 이리 좀 데려와 봐.”",
      "srcPage": 20,
      "srcSentenceEA": 4,
      "srcWordEA": 20
    },
    {
      "srcTextID": "20647",
      "srcText": "아빠 늑대가 아이의 등을 살짝 물더니 이빨 자국 하나 내지 않고 새끼들 사이에 내려놓았어요. “참 예쁘게 생겼네. 우리가 무섭지 않은가 봐.”",
      "srcPage": 21,
      "srcSentenceEA": 3,
      "srcWordEA": 22
    },
    {
      "srcTextID": "20648",
      "srcText": "엄마 늑대가 부드러운 미소를 지으며 말했어요. “어머! 내 젖을 먹고 있어. 이것이 사람의 새끼라니! 지금껏 늑대가 사람의 새끼를 키웠다는 이야기 들어 봤어?”",
      "srcPage": 22,
      "srcSentenceEA": 4,
      "srcWordEA": 25
    },
    {
      "srcTextID": "20643",
      "srcText": "“그런 이야기를 몇 번 듣기는 했지만, 우리 무리에선 아마 없을 거야.” 아빠 늑대가 말했어요. 그때, 시어 칸이 동굴 입구를 막아섰어요.",
      "srcPage": 23,
      "srcSentenceEA": 3,
      "srcWordEA": 22
    },
    {
      "srcTextID": "20644",
      "srcText": "“시어 칸, 무슨 볼일이라도 있나?” 아빠 늑대가 눈을 번득이며 물었어요. “내 먹이 때문이지. 지금 막 들어온 어린아이를 이리 내놔.”",
      "srcPage": 24,
      "srcSentenceEA": 4,
      "srcWordEA": 21
    },
    {
      "srcTextID": "20646",
      "srcText": "시어 칸은 발을 데어 성질이 사나워져 있었어요. 동굴 입구가 좁아서 시어 칸은 더는 들어오지 못했어요. “시어 칸, 우리 늑대는 자유로운 무리야. 우리가 왜 너 같은 얼룩 가죽 동물의 말을 따르겠나?”",
      "srcPage": 25,
      "srcSentenceEA": 4,
      "srcWordEA": 32
    },
    {
      "srcTextID": "20652",
      "srcText": "“잘도 지껄이는군. 하지만 그건 내 먹이야 !”시어 칸은 천둥처럼 으르렁거렸어요. 엄마 늑대가 나섰어요.\n\n",
      "srcPage": 26,
      "srcSentenceEA": 4,
      "srcWordEA": 15
    },
    {
      "srcTextID": "20651",
      "srcText": "“이봐, 사람의 새끼는 내 거야! 이 아이는 우리와 함께 뛰어다니고, 우리와 함께 사냥할 거야! 그리고 나중엔 조심해야 할 거야! 털도 나지 않은 새끼나 가축 따위를 잡아먹는 너를 이 아이가 사냥하고 말 테니까. 어서 꺼져!”",
      "srcPage": 27,
      "srcSentenceEA": 5,
      "srcWordEA": 38
    },
    {
      "srcTextID": "20656",
      "srcText": "아빠 늑대는 깜짝 놀라 엄마 늑대를 쳐다보았어요. 시어 칸은 아빠 늑대와 맞서 싸울 수는 있지만, 엄마 늑대와는 싸울 수 없다는 것을 잘 알고 있었어요. 새끼가 있는 엄마 늑대라면 죽기를 각오하고 끝까지 싸울 게 뻔했기 때문이었어요.",
      "srcPage": 28,
      "srcSentenceEA": 3,
      "srcWordEA": 37
    },
    {
      "srcTextID": "20654",
      "srcText": "더 이상 어쩔 수가 없자 시어 칸은 그냥 사라졌어요. 시어 칸이 사라지자, 엄마 늑대는 숨을 헐떡이며 새끼들 사이에 주저앉았어요. 아빠 늑대가 엄마 늑대에게 말했어요.\n\n",
      "srcPage": 29,
      "srcSentenceEA": 3,
      "srcWordEA": 26
    },
    {
      "srcTextID": "20653",
      "srcText": "“정말 이 아이를 키우려고? 그렇다면 우리 무리에게 이 아이를 한 번은 보여야 해.” 그러자 엄마 늑대는 한숨을 쉬며 말했어요.",
      "srcPage": 30,
      "srcSentenceEA": 3,
      "srcWordEA": 21
    },
    {
      "srcTextID": "20650",
      "srcText": "“당연하지, 키울 거야! 우리가 기르지 않으면 굶어 죽을지도 몰라. 게다가 저 아이는 우리를 무서워하지도 않아. 옳지! 저 아이를 ‘모글리’라고 부르자. 귀여운 개구리라는 뜻이야. 모글리는 자라서 꼭 시어 칸을 쫓아낼 거야.”",
      "srcPage": 31,
      "srcSentenceEA": 8,
      "srcWordEA": 37
    },
    {
      "srcTextID": "20655",
      "srcText": "매월 보름달이 뜨면 늑대들의 회의가 열렸어요. 그때 늑대들은 새끼들을 데리고 와서 모두에게 인사를 시켰어요. 그러고 나서야 새끼들은 자유로이 다닐 수 있었어요.",
      "srcPage": 32,
      "srcSentenceEA": 3,
      "srcWordEA": 23
    },
    {
      "srcTextID": "20659",
      "srcText": "드디어 보름달이 뜨고 회의가 열리는 날이 되었어요. 아빠 늑대는 새끼들과 모글리, 엄마 늑대를 데리고 회의가 열리는 바위산으로 갔어요. 높은 바위에 고독한 늑대 ‘아켈라’가 있었어요.",
      "srcPage": 33,
      "srcSentenceEA": 4,
      "srcWordEA": 27
    },
    {
      "srcTextID": "20660",
      "srcText": "아켈라는 늑대 무리의 우두머리로 두 번이나 사람이 놓은 덫에 걸렸다 살아났어요. 그래서 사람의 행동과 버릇을 누구보다 잘 알고 있었어요. 새끼 늑대들은 모임 장소 한 곳에서 구르고 뛰며 놀았어요.\n\n",
      "srcPage": 34,
      "srcSentenceEA": 3,
      "srcWordEA": 30
    },
    {
      "srcTextID": "20661",
      "srcText": "어른 늑대들은 가끔 새끼들의 얼굴을 자세히 들여다보고 제자리로 돌아왔어요. 바위 위에 있던 아켈라는 이따금 큰 소리로 새끼들을 향해 말했어요. “너희는 이제 정글의 법칙을 배워야 하니 잘 봐 둬라!”",
      "srcPage": 35,
      "srcSentenceEA": 3,
      "srcWordEA": 29
    },
    {
      "srcTextID": "20658",
      "srcText": "그때 아빠 늑대가 모글리를 가운데로 내보냈어요. 엄마 늑대는 초조해서 목덜미 털이 곤두섰어요. 그때 바위산 뒤에서 시어 칸의 울음소리가 들렸어요.",
      "srcPage": 36,
      "srcSentenceEA": 3,
      "srcWordEA": 21
    },
    {
      "srcTextID": "20657",
      "srcText": "“그 아이는 내 것이다. 너희는 자유로운 무리니 사람 아이는 필요 없겠지? 그러니 나에게 돌려 다오.”",
      "srcPage": 37,
      "srcSentenceEA": 3,
      "srcWordEA": 17
    },
    {
      "srcTextID": "20667",
      "srcText": "정글의 법칙에 따르면 새끼를 무리에 받아들이는 문제를 두고 다른 의견이 있을 때는 부모 빼고 무리 가운데 두 마리가 찬성해야 했어요. “이 아이가 우리 무리 안에 들어오는 것을 찬성하는 자는 없는가?” 아켈라가 이렇게 말하고 주위를 둘러보았지만, 대답하는 늑대는 없었어요.",
      "srcPage": 38,
      "srcSentenceEA": 3,
      "srcWordEA": 39
    },
    {
      "srcTextID": "20665",
      "srcText": "그때 한 마리의 동물이 일어섰어요. 그 동물은 늑대가 아닌데도 이 회의에 참여하는 것을 허락받은 잠꾸러기 곰 ‘발루’였어요. 발루는 새끼 늑대들에게 정글의 법칙을 가르치고 있었으며, 나무뿌리, 열매, 벌꿀만 먹기 때문에 어디든지 자유로이 드나들었어요.",
      "srcPage": 39,
      "srcSentenceEA": 3,
      "srcWordEA": 35
    },
    {
      "srcTextID": "20662",
      "srcText": "“난 찬성해요. 사람의 아이는 나쁜 짓을 하지 않아요. 다른 새끼들에게 하듯이 내가 잘 가르칠게요.” 발루의 말에 아켈라는 고개를 끄덕이며 말했어요.",
      "srcPage": 40,
      "srcSentenceEA": 4,
      "srcWordEA": 23
    },
    {
      "srcTextID": "20663",
      "srcText": "“발루의 뜻은 잘 알겠다. 또 누구 찬성하는 자 없나?” 바로 그때, 검은 표범 ‘바기라’가 늑대들 사이로 몸을 내밀었어요.",
      "srcPage": 41,
      "srcSentenceEA": 4,
      "srcWordEA": 21
    },
    {
      "srcTextID": "20666",
      "srcText": "달빛에 비친 바기라의 검은 털이 더욱 반짝였어요. 바기라는 교활하기로는 타바키에 뒤지지 않고, 힘에서는 물소에 지지 않고, 성급한 성미는 상처 난 코끼리와 같았어요. 바기라가 힘찬 목소리로 말했어요.",
      "srcPage": 42,
      "srcSentenceEA": 3,
      "srcWordEA": 28
    },
    {
      "srcTextID": "20664",
      "srcText": "“자유로운 늑대들이여! 난 이 회의에 끼어들 자격은 없어요. 하지만 정글의 법칙에 따르면 새로운 새끼에 대해 문제가 일어날 경우, 죽일 만한 이유가 없는 한 값을 치르고 그 새끼의 목숨을 살 수 있어요. 그렇지 않나요? 털도 없는 새끼를 죽이는 것은 창피한 일이에요. 이 아이는 여러분의 좋은 친구가 될 거예요. 여러분이 이 아이를 무리에 넣어 준다면 내가 황소 한 마리를 주겠어요.”",
      "srcPage": 43,
      "srcSentenceEA": 7,
      "srcWordEA": 64
    },
    {
      "srcTextID": "20668",
      "srcText": "그러자 수십 마리의 늑대들이 소리쳤어요. “좋은 생각이야! 저 아이는 겨울비를 맞아 얼어 죽지 않으면 햇볕에 타서 죽을 거야. 벌거벗은 개구리를 죽일 순 없지. 우리 무리에 넣어 함께 사냥을 시키자. 그건 그렇고 바기라, 황소는 어디 있지?”",
      "srcPage": 44,
      "srcSentenceEA": 6,
      "srcWordEA": 39
    },
    {
      "srcTextID": "20670",
      "srcText": "아켈라가 힘차게 외쳤어요. “잘 봐라! 저 아이가 언젠가는 우리의 커다란 힘이 될 것이다.”시어 칸은 어둠 속에서 계속 울부짖었어요.\n\n",
      "srcPage": 45,
      "srcSentenceEA": 4,
      "srcWordEA": 20
    },
    {
      "srcTextID": "20669",
      "srcText": "모글리를 손에 넣지 못한 것이 억울했기 때문이었어요. 그러자 바기라가 수염을 움직이며 말했어요. “그래, 실컷 울어라. 언젠가는 이 벌거숭이 아이가 너를 죽일지도 모르니까.”",
      "srcPage": 46,
      "srcSentenceEA": 4,
      "srcWordEA": 24
    },
    {
      "srcTextID": "20671",
      "srcText": "아켈라도 고개를 끄덕이며 말했어요. “그래, 이 아이가 언젠가 우리를 도와줄 때가 있을 거야. 자, 이 아이를 데리고 가도 좋다. 늑대의 무리로 부끄럽지 않게 길러라.”",
      "srcPage": 47,
      "srcSentenceEA": 4,
      "srcWordEA": 26
    },
    {
      "srcTextID": "20674",
      "srcText": "이렇게 하여 모글리는 검은 표범 바기라와 곰 발루 덕분에 시오니 늑대 무리에 들어가게 되었어요. 정글의 법칙. 그 뒤로 11년이 지났어요. 그동안 모글리는 새끼 늑대들과 함께 자랐어요.",
      "srcPage": 48,
      "srcSentenceEA": 4,
      "srcWordEA": 29
    },
    {
      "srcTextID": "20673",
      "srcText": "어느새 모글리는 풀의 살랑거림, 후텁지근한 밤바람, 올빼미 울음소리, 연못에서 뛰노는 물고기의 소리 등 아주 작은 소리에도 깊은 뜻이 있다는 것을 알게 되었어요. 모글리는 배우지 않을 때는 양지에서 잠을 잤고, 더울 때면 숲속 연못에서 헤엄치며 놀았어요. 벌꿀과 나무 열매가 맛있다는 것은 발루가 가르쳐 주었어요.",
      "srcPage": 49,
      "srcSentenceEA": 3,
      "srcWordEA": 45
    },
    {
      "srcTextID": "20672",
      "srcText": "바기라는 나무에 올라가는 법을 가르쳐 주었어요. 바기라는 늘 나뭇가지에 누워서 불렀어요. “모글리, 이리 오렴!”",
      "srcPage": 50,
      "srcSentenceEA": 3,
      "srcWordEA": 15
    },
    {
      "srcTextID": "20676",
      "srcText": "모글리는 처음에는 나무늘보처럼 철썩 달라붙어 있었지만, 나중에는 긴꼬리원숭이에 지지 않을 정도로 가지에서 가지로 잘 뛰어다녔어요. 또 모글리는 늑대들의 회의에도 참석하고, 늑대들의 발바닥에 박힌 가시도 뽑아 주었어요. 밤이면 모글리는 언덕을 넘어 밭에 가서 오두막집에 사는 사람들을 바라보기도 했어요.",
      "srcPage": 51,
      "srcSentenceEA": 3,
      "srcWordEA": 39
    },
    {
      "srcTextID": "20677",
      "srcText": "하지만 모글리는 사람을 믿지 않았어요. 바기라가 덫에 대해 가르쳐 주었던 것이었어요. 모글리에게 있어서 가장 재미있는 일은 바기라와 함께 숲속에서 낮잠을 자고, 밤이 되면 바기라가 사냥하는 것을 구경하는 것이었어요.",
      "srcPage": 52,
      "srcSentenceEA": 3,
      "srcWordEA": 30
    },
    {
      "srcTextID": "20675",
      "srcText": "모글리는 바기라가 하는 것을 그대로 보고 배웠어요. 어느 날, 바기라는 모글리에게 이렇게 가르쳤어요. “이 정글에 있는 모든 것을 사냥해도 좋다. 하지만 너의 생명과 바꾼 황소만은 죽여서도 안 되고 먹어서도 안 된다. 이것이 정글의 법칙이다.”",
      "srcPage": 53,
      "srcSentenceEA": 5,
      "srcWordEA": 37
    },
    {
      "srcTextID": "20684",
      "srcText": "발루는 모글리에게 숲과 물의 법칙도 가르쳤어요. 그것은 썩은 나무를 구별하는 법과 벌을 만났을 때 벌에게 쏘이지 않는 법, 낮잠 자는 박쥐를 깨웠을 때 인사하는 법, 물뱀이 사는 연못에 뛰어드는 법 등이었어요. 모글리는 남의 사냥터에서 사냥할 때 쓰는 말도 배웠어요.\n\n",
      "srcPage": 54,
      "srcSentenceEA": 3,
      "srcWordEA": 41
    },
    {
      "srcTextID": "20685",
      "srcText": "정글의 동물들이 남의 사냥터에서 사냥할 때는 그곳 동물들의 대답이 있을 때까지 계속해서 부탁해야 했어요. 이렇게 말이에요. “나는 배가 고픕니다. 이곳에서 사냥하게 해 주십시오.”\n\n",
      "srcPage": 55,
      "srcSentenceEA": 4,
      "srcWordEA": 25
    },
    {
      "srcTextID": "20633",
      "srcText": "“이렇게 좋은 먹이를 주셔서 고마워요. 글쎄, 시어 칸이 사냥터를 옮겼지 뭐예요. 이번 달에는 이 언덕에서 사냥을 한다고 하더군요!”",
      "srcPage": 7,
      "srcSentenceEA": 3,
      "srcWordEA": 20
    },
    {
      "srcTextID": "20627",
      "srcText": "그날따라 무척 밝은 달빛이 늑대들이 살고 있는 동굴 입구를 환히 비추고 있었어요. “이제 사냥하러 가야겠군.” 아빠 늑대는 달빛을 보며 중얼거렸어요. ",
      "srcPage": 2,
      "srcSentenceEA": 3,
      "srcWordEA": 21
    },
    {
      "srcTextID": "20629",
      "srcText": "정글의 어린아이. 몹시 더운 저녁, 시오니 언덕 위의 아빠 늑대가 낮잠에서 깨어났어요. 아빠 늑대는 몸을 긁으며 아직도 잠에서 덜 깬 듯 두 다리를 굽혔다 폈다 했어요. 엄마 늑대는 ‘크릉크릉’ 코를 골면서 재롱을 부리는 네 마리의 새끼들 틈에 누워 있었어요.",
      "srcPage": 1,
      "srcSentenceEA": 5,
      "srcWordEA": 43
    },
    {
      "srcTextID": "20628",
      "srcText": "그리고 막 동굴 밖으로 나가려고 할 때였어요. 텁수룩한 꼬리를 가진 작은 그림자가 쑥 들어오며 슬프게 말했어요. “늑대 님의 귀한 새끼들에게 튼튼한 이빨과 행운이 함께하길 바랍니다. 하지만 저처럼 배고픈 동물도 잊지 않기를 바랍니다.”",
      "srcPage": 3,
      "srcSentenceEA": 4,
      "srcWordEA": 34
    },
    {
      "srcTextID": "20625",
      "srcText": "‘접시 핥는 놈’이라는 별명을 가진 자칼 타바키였어요. 늑대들은 타바키를 업신여겼어요. 타바키가 남의 잘못이나 비밀을 들추어서 동물들 사이에 싸움이 일어나게 하고, 항상 남들이 먹던 찌꺼기나 가죽 조각을 주워 먹기 때문이었어요. ",
      "srcPage": 4,
      "srcSentenceEA": 4,
      "srcWordEA": 32
    },
    {
      "srcTextID": "20626",
      "srcText": "“먹을 것은 하나도 없어. 하지만 들어와서 찾아봐라.” 아빠 늑대가 무뚝뚝하게 말했어요.",
      "srcPage": 5,
      "srcSentenceEA": 3,
      "srcWordEA": 13
    },
    {
      "srcTextID": "20635",
      "srcText": "시어 칸은 여기서 30킬로미터쯤 떨어진 와잉궁가 강가에 사는 늙은 호랑이였어요. 아빠 늑대는 버럭 화를 내며 말했어요. “건방진 놈! 의논도 없이 제 맘대로 사냥터를 옮겨? 그놈이 오는 날엔 사냥감들이 무서워 도망가고 말 거야. 게다가 난 요즘 새끼들과 엄마 늑대의 몫까지 사냥해야 한단 말이야.”",
      "srcPage": 8,
      "srcSentenceEA": 6,
      "srcWordEA": 46
    },
    {
      "srcTextID": "20706",
      "srcText": "‘발루가 말한 것은 모두 사실이었어. 원숭이들에겐 법칙도, 두목도 없어. 이놈들은 엉터리 같은 말만 하고, 좀도둑질이나 하는구나. 이건 모두 내 잘못이야. 어떻게든 정글로 돌아가야 해.’",
      "srcPage": 83,
      "srcSentenceEA": 5,
      "srcWordEA": 28
    },
    {
      "srcTextID": "20750",
      "srcText": "절반도 넘는 늑대들이 시어 칸의 말에 맞장구를 쳤어요. 그러자 아켈라가 모글리 편을 들며 말했어요. “이 아이는 우리와 같이 생활하며, 우리를 위해 사냥감도 몰아 주었다. 게다가 정글의 법칙도 잘 지켜 왔다.”",
      "srcPage": 126,
      "srcSentenceEA": 4,
      "srcWordEA": 32
    },
    {
      "srcTextID": "20756",
      "srcText": "시어 칸은 바로 눈앞에 불이 있어 눈을 뜰 수가 없었어요. 모글리는 불붙은 나뭇가지로 시어 칸의 머리를 때렸어요. 시어 칸은 잔뜩 겁을 집어먹고 불쌍하게 끙끙거렸어요.",
      "srcPage": 131,
      "srcSentenceEA": 3,
      "srcWordEA": 26
    },
    {
      "srcTextID": "20698",
      "srcText": "발루가 곰곰이 생각하더니 말했어요. “그래, 누구나 무서워하는 것이 있어! 원숭이 놈들이 무서워하는 것은 비단구렁이 ‘카아’야. 빨리 카아에게 가 보자!”",
      "srcPage": 75,
      "srcSentenceEA": 4,
      "srcWordEA": 22
    },
    {
      "srcTextID": "20703",
      "srcText": "“사람의 아이라고? 아, 그 이야기는 고슴도치 이키에게 들었어. 하지만 그놈은 거짓말을 잘해 믿지 않았었지.” 발루가 덧붙여 이야기했어요.",
      "srcPage": 78,
      "srcSentenceEA": 4,
      "srcWordEA": 20
    },
    {
      "srcTextID": "20702",
      "srcText": "“그 아이가 지금 원숭이들에게 잡혀 있어. 그런데 그들이 무서워하는 것은 자네가 아닌가?” “그래! 그놈들은 나를 무서워하지. 그놈들을 혼내 줘야겠군.”",
      "srcPage": 79,
      "srcSentenceEA": 4,
      "srcWordEA": 22
    },
    {
      "srcTextID": "20713",
      "srcText": "원숭이들이 한꺼번에 달려들었어요. 그사이 원숭이들이 모글리를 지붕에 난 구멍으로 던져 버렸어요. 하지만 모글리는 발루에게 배운 대로 살짝 뛰어내려서 하나도 다치지 않았어요.",
      "srcPage": 87,
      "srcSentenceEA": 3,
      "srcWordEA": 23
    },
    {
      "srcTextID": "20753",
      "srcText": "“불에 그을린 고양이 같구나. 당장 꺼져! 다음에 또 네가 바위산에 나타나면 나는 네놈의 가죽을 벗겨 쓰고 나타날 것이다. 그리고 아켈라를 죽이려 하면 그땐 내가 가만두지 않을 테다!”",
      "srcPage": 132,
      "srcSentenceEA": 4,
      "srcWordEA": 30
    },
    {
      "srcTextID": "20759",
      "srcText": "모글리는 가슴이 후련해질 때까지 울었어요. 그리고 가기 전에 동굴로 가서 엄마 늑대와 아빠 늑대를 만났어요. 모글리는 엄마 늑대 품에서 엉엉 울었어요.",
      "srcPage": 135,
      "srcSentenceEA": 3,
      "srcWordEA": 23
    },
    {
      "srcTextID": "20719",
      "srcText": "바기라와 발루는 모글리를 데리고 서둘러 그곳을 빠져나갔어요. “말썽꾸러기야, 오늘 너 때문에 시간을 많이 허비했어. 그건 모두 네가 원숭이 무리와 놀았기 때문이야.”",
      "srcPage": 97,
      "srcSentenceEA": 3,
      "srcWordEA": 22
    },
    {
      "srcTextID": "20726",
      "srcText": "“모글리, 시어 칸은 언젠가 너를 노릴 거야.” 하지만 그때마다 모글리는 웃으며 말했어요. “나에게는 친구들이 많아. 재빠른 너와 느림보 발루가 날 도와줄 텐데, 뭐! 난 조금도 무섭지 않아.”",
      "srcPage": 103,
      "srcSentenceEA": 5,
      "srcWordEA": 30
    },
    {
      "srcTextID": "20748",
      "srcText": "그래서 나이 든 늑대의 말에 따라 아켈라가 먼저 말하게 되었어요. 이제 아켈라는 ‘죽어 가는 늑대’라고 불렸어요. 늑대들은 두목이 먹이를 잡을 수 없게 되면 죽을 때까지 ‘죽어 가는 늑대’라고 불렀어요.",
      "srcPage": 123,
      "srcSentenceEA": 5,
      "srcWordEA": 33
    },
    {
      "srcTextID": "20765",
      "srcText": "사람 세계. 모글리는 걸음을 재촉하여 곧장 골짜기의 험한 길을 내려갔어요. 얼마쯤 내려가자 낯선 마을이 나타났어요. 모글리는 배가 몹시 고파 어느 집 문 앞에 앉았어요.",
      "srcPage": 139,
      "srcSentenceEA": 4,
      "srcWordEA": 27
    },
    {
      "srcTextID": "20767",
      "srcText": "잠시 뒤 한 사나이가 집에서 나오자, 모글리는 벌떡 일어섰어요. 그리고 입을 벌리고 먹을 것이 필요하다는 뜻으로 입을 가리켰어요. 그러자 사나이는 깜짝 놀라며 마을 길로 달려갔어요.\n\n",
      "srcPage": 140,
      "srcSentenceEA": 3,
      "srcWordEA": 27
    },
    {
      "srcTextID": "20780",
      "srcText": "“시어 칸은 하나도 무섭지 않지만, 타바 키는 나쁜 꾀를 쓴단 말이야. 시어 칸은 오늘 뭘 먹었지?” “돼지 한 마리를 잡아먹고 물도 마셨어.”\n\n",
      "srcPage": 159,
      "srcSentenceEA": 3,
      "srcWordEA": 23
    },
    {
      "srcTextID": "20784",
      "srcText": "“나 혼자는 조금 무리야. 다른 늑대를 더 불러올게.” 형제 늑대가 다른 늑대를 데려왔어요.",
      "srcPage": 162,
      "srcSentenceEA": 3,
      "srcWordEA": 15
    },
    {
      "srcTextID": "20788",
      "srcText": "무리 중에는 아켈라도 있었어요. “아켈라! 아켈라구나!” 모글리는 너무 기뻐 손뼉을 쳤어요. 두 마리 늑대는 물소를 두 패로 나누었어요.",
      "srcPage": 163,
      "srcSentenceEA": 4,
      "srcWordEA": 21
    },
    {
      "srcTextID": "20787",
      "srcText": "모글리는 수컷 물소들이 커다란 원을 그리며 골짜기 꼭대기까지 올라갔다가 도로 내려오게 함으로써 수컷 물소 떼와 암컷 물소 떼 사이에 시어 칸을 몰아넣을 생각이었어요. 시어 칸은 배가 몹시 불렀기 때문에 물소들과 싸울 수도, 언덕으로 도망갈 수도 없을 거라고 생각했어요. 드디어 모글리는 수컷 물소들을 몰고 골짜기 위로 올라갔어요.",
      "srcPage": 165,
      "srcSentenceEA": 3,
      "srcWordEA": 48
    },
    {
      "srcTextID": "20795",
      "srcText": "“이놈, 마을에서 가장 훌륭한 사냥꾼에게 이게 무슨 말버릇이냐? 너에겐 돈은커녕 호된 매를 줄 테다!” 모글리는 귀찮아져서 아켈라에게 불데오를 조용히 시키라고 말했어요.",
      "srcPage": 174,
      "srcSentenceEA": 3,
      "srcWordEA": 23
    },
    {
      "srcTextID": "20806",
      "srcText": "불데오는 절뚝거리며 마을로 돌아와 스님에게 모든 사실을 일러바쳤어요. 모글리가 가죽을 다 벗기고 물소 떼를 마을로 몰고 갔을 때, 마을 사람들은 모글리에게 마구 돌을 던졌어요. 그러면서 큰 소리로 이렇게 외쳐 댔어요.",
      "srcPage": 176,
      "srcSentenceEA": 3,
      "srcWordEA": 32
    },
    {
      "srcTextID": "20801",
      "srcText": "“요술쟁이 늑대 놈아! 썩 꺼져라. 불데오, 빨리 쏘아라!” 불데오가 쏜 총알은 모글리의 귀를 스쳐 날아갔어요.",
      "srcPage": 177,
      "srcSentenceEA": 4,
      "srcWordEA": 18
    },
    {
      "srcTextID": "20711",
      "srcText": "바기라가 원숭이 무리 한가운데로 뛰어들자, 모글리는 큰 소리로 외쳤어요. “바기라, 물웅덩이로 가! 원숭이들이 물속까지 따라가지는 않을 거야!”",
      "srcPage": 88,
      "srcSentenceEA": 3,
      "srcWordEA": 18
    },
    {
      "srcTextID": "20712",
      "srcText": "바기라는 이 소리를 듣고, 모글리가 살아 있는 것을 알 수 있었어요. 그때, 발루가 숨을 헐떡거리며 뒤늦게 도착했어요. 발루는 침착하게 원숭이를 움켜쥐고 무섭게 내리쳤어요.",
      "srcPage": 89,
      "srcSentenceEA": 3,
      "srcWordEA": 25
    },
    {
      "srcTextID": "20737",
      "srcText": "“그 붉은 꽃은 작은 항아리 속에 있으니 항아리째 가져와. 그리고 네 곁에 잘 가지고 있어야 해.” “응, 다녀올게. 하지만 바기라! 정말 시어 칸이 나를 쫓아내려고 계략을 꾸미고 있는 거야? 시어 칸 놈 두고 보자.”",
      "srcPage": 115,
      "srcSentenceEA": 6,
      "srcWordEA": 38
    },
    {
      "srcTextID": "20813",
      "srcText": "“아켈라, 다시 두목이 되어 주시오. 아니면 모글리가 두목이 되어 주시오. 다시 자유의 무리가 되고 싶소.”",
      "srcPage": 189,
      "srcSentenceEA": 3,
      "srcWordEA": 17
    },
    {
      "srcTextID": "20766",
      "srcText": "스님이 인상을 쓰면서 말했어요. “두려워하지 마시오. 팔다리에 난 늑대의 이빨 자국을 보시오. 저 아이는 정글에서 도망쳐 나온 것이오.”",
      "srcPage": 142,
      "srcSentenceEA": 4,
      "srcWordEA": 20
    },
    {
      "srcTextID": "20773",
      "srcText": "사람들이 흩어져 돌아가자 메수아는 모글리를 집으로 데리고 갔어요. 메수아는 모글리가 자기 아들인지 아닌지 확인하려고 아들의 이름을 불러 보았어요. “나토, 나토야!” 하지만 모글리는 아무것도 모르는 표정이었어요.",
      "srcPage": 144,
      "srcSentenceEA": 4,
      "srcWordEA": 27
    },
    {
      "srcTextID": "20802",
      "srcText": "그때, 메수아가 뛰쳐나오며 소리쳤어요. “오, 내 아들아! 난 널 요술쟁이라고 생각하지 않는다. 하지만 지금 네가 떠나지 않으면 넌 죽게 될 거야. 너는 나의 아들, 나토의 복수를 해 주었어.”",
      "srcPage": 179,
      "srcSentenceEA": 5,
      "srcWordEA": 31
    },
    {
      "srcTextID": "20796",
      "srcText": "모글리가 물소를 달아나게 했기 때문이었어요. 불데오는 시어 칸을 보자 모글리에게 말했어요. “아니, 이놈은 상금이 걸려 있는 절름발이 호랑이 아니냐? 네가 물소를 도망가게 한 것은 용서할 테니 그 가죽을 나에게 다오. 그러면 너에게 금화 1루피를 주겠다.”",
      "srcPage": 172,
      "srcSentenceEA": 5,
      "srcWordEA": 38
    },
    {
      "srcTextID": "20803",
      "srcText": "그러자 마을 사람들이 외쳤어요. “메수아! 돌아오지 않으면 너도 돌에 맞아 죽는다.” 모글리는 쓴웃음을 지었어요.",
      "srcPage": 180,
      "srcSentenceEA": 3,
      "srcWordEA": 16
    },
    {
      "srcTextID": "20810",
      "srcText": "모글리는 시어 칸의 가죽을 자랑스러운 듯 뒤집어쓰고 엄마 늑대가 있는 동굴 앞 높은 바위 위에 서서 외쳤어요. “엄마, 나 사람들에게 쫓겨났어요! 하지만 약속대로 시어 칸의 가죽을 가져왔어요!”",
      "srcPage": 185,
      "srcSentenceEA": 3,
      "srcWordEA": 28
    },
    {
      "srcTextID": "20811",
      "srcText": "엄마 늑대는 새끼들을 데리고 뛰어나오더니, 시어 칸의 가죽을 보고 기뻐했어요. “역시 내가 말한 대로 되었구나. 그놈이 너의 목숨을 노리고 이 동굴 입구에 머리를 들이밀던 날, 난 네가 커서 언젠가 그놈을 죽일 줄 알았다. 정말 장하구나!”",
      "srcPage": 186,
      "srcSentenceEA": 4,
      "srcWordEA": 37
    },
    {
      "srcTextID": "20805",
      "srcText": "모글리는 아켈라에게 외쳤어요. “아켈라, 물소를 몰아!” 아켈라가 한 번 울부짖자, 물소들이 몰려들어 마을 사람들을 쫓아 버렸어요.",
      "srcPage": 182,
      "srcSentenceEA": 3,
      "srcWordEA": 17
    },
    {
      "srcTextID": "20808",
      "srcText": "달이 떠서 사방은 희뿌옇게 보였어요. 모글리는 정글을 향해 빠른 걸음으로 걸어갔어요. 달이 질 무렵, 모글리는 정글에 도착했어요.",
      "srcPage": 184,
      "srcSentenceEA": 3,
      "srcWordEA": 19
    },
    {
      "srcTextID": "20817",
      "srcText": "하지만 모글리가 늘 혼자였던 건 아니었어요. 뒷날, 어른이 된 모글리는 결혼도 했거든요. 하지만 그것은 어디까지나 어른들의 이야기였어요.",
      "srcPage": 193,
      "srcSentenceEA": 3,
      "srcWordEA": 19
    },
    {
      "srcTextID": "20679",
      "srcText": "“아무것도 모르고 해를 입는 것보다는 차라리 그게 나아. 나는 지금 그 아이에게 정글의 암호를 가르쳐 주고 있지. 그걸 알면 정글 어디에서도 안전하게 몸을 보호할 수 있어.”",
      "srcPage": 59,
      "srcSentenceEA": 3,
      "srcWordEA": 28
    },
    {
      "srcTextID": "20678",
      "srcText": "“그렇겠군. 하지만 어린아이가 너무 아프지 않도록 해. 그런데 암호란 무엇이지?” “모글리가 직접 말해 줄 거야. 모글리, 이리 오너라!”",
      "srcPage": 60,
      "srcSentenceEA": 4,
      "srcWordEA": 21
    },
    {
      "srcTextID": "20812",
      "srcText": "“나는 사람의 무리에서도 늑대의 무리에서도 쫓겨났다. 앞으로는 정글에서 혼자 살아가겠다.” 모글리는 늑대의 무리들을 뒤로 하고 바위산을 내려갔어요.",
      "srcPage": 191,
      "srcSentenceEA": 3,
      "srcWordEA": 19
    },
    {
      "srcTextID": "20814",
      "srcText": "“우리도 너와 함께 할 거야!” 형제 늑대들이 모글리를 따라나섰어요. 그렇게 해서 모글리는 그날부터 무리를 떠나 형제 늑대들과 함께 정글에서 사냥을 하며 지냈어요.",
      "srcPage": 192,
      "srcSentenceEA": 3,
      "srcWordEA": 24
    },
    {
      "srcTextID": "20809",
      "srcText": "모글리는 바위산에 올라가서 아켈라가 앉아 있던 커다란 바위 위에 시어 칸의 가죽을 펼쳐 놓았어요. 그리고 네 개의 대나무로 그것을 단단히 잡아맸어요. 그때, 아켈라가 외쳤어요. “잘 봐라! 늑대들아!”",
      "srcPage": 187,
      "srcSentenceEA": 5,
      "srcWordEA": 30
    },
    {
      "srcTextID": "20686",
      "srcText": "“너와 나, 우리는 같은 피를 나눈 형제다!” “이제 저 아이는 아무것도 두려워할 필요가 없어.” 발루는 뿌듯한 표정으로 말했어요.",
      "srcPage": 62,
      "srcSentenceEA": 3,
      "srcWordEA": 19
    },
    {
      "srcTextID": "20682",
      "srcText": "그러자 모글리는 나무에서 내려왔어요. 발루는 다정한 눈빛으로 모글리에게 암호를 외워 보라고 했어요. 모글리는 언제 혼이 났냐는 듯 바기라에게 곰의 말, 솔개의 말, 뱀의 말로 외쳤어요.",
      "srcPage": 61,
      "srcSentenceEA": 3,
      "srcWordEA": 27
    },
    {
      "srcTextID": "20699",
      "srcText": "원숭이들은 승리를 기뻐하며 바기라가 쫓아오지 못할 높은 나뭇가지로 도망쳤어요. 모글리는 눈앞이 캄캄하고 어지러웠어요. 가끔 아래쪽으로 아른거리는 땅이 보였어요.",
      "srcPage": 70,
      "srcSentenceEA": 3,
      "srcWordEA": 20
    },
    {
      "srcTextID": "20692",
      "srcText": "발루가 말한 것은 모두 사실이었어요. 원숭이들은 나무 위에서 살았어요. 그들도 두목이나 법칙을 정하긴 했지만, 하루도 못 가 흐지부지되기 일쑤였어요.",
      "srcPage": 67,
      "srcSentenceEA": 3,
      "srcWordEA": 21
    },
    {
      "srcTextID": "20704",
      "srcText": "발루와 바기라는 곧 카아를 찾으러 갔어요. 카아는 똬리를 틀고 햇볕을 쬐고 있었어요. 발루는 카아에게 허리를 굽혀 인사했어요.",
      "srcPage": 76,
      "srcSentenceEA": 3,
      "srcWordEA": 19
    },
    {
      "srcTextID": "20700",
      "srcText": " “오, 발루! 무슨 일로 왔나? 바기라도 왔군.” 그러자 바기라가 말했어요. “원숭이들이 사람의 아이를 납치해 갔어.”",
      "srcPage": 77,
      "srcSentenceEA": 5,
      "srcWordEA": 18
    },
    {
      "srcTextID": "20696",
      "srcText": "그때 모글리가 치루에게 말했어요. “너와 나, 우리는 같은 피를 나눈 형제다! 내가 끌려가는 길을 잘 봐 뒀다가 바기라와 발루에게 알려 줘.”",
      "srcPage": 73,
      "srcSentenceEA": 3,
      "srcWordEA": 22
    },
    {
      "srcTextID": "20705",
      "srcText": "카아가 이렇게 말했을 때 위쪽에서 솔개 치루가 외쳤어요. “위! 위! 위를 봐라! 발루! 원숭이 무리 속에 모글리가 잡혀 있어. 그들은 모글리를 ‘차가운 잠자리’로 데려갔어.”",
      "srcPage": 80,
      "srcSentenceEA": 7,
      "srcWordEA": 30
    },
    {
      "srcTextID": "20708",
      "srcText": "원숭이들은 모글리를 꼬집기도 하고, 한꺼번에 스무 마리씩 몰려와 소리를 지르기도 했어요. 모글리는 너무나 힘들었어요. ‘이놈들은 잠도 안 자는가 보다. 검은 구름이 달을 가리는구나. 이 틈을 타서 도망가야 할 텐데.’",
      "srcPage": 84,
      "srcSentenceEA": 5,
      "srcWordEA": 33
    },
    {
      "srcTextID": "20707",
      "srcText": "그때 성벽 뒤에서 바기라와 카아가 검은 구름이 달을 가리기를 기다리고 있었어요. 카아는 작은 목소리로 말했어요. “나는 서쪽으로 돌아가서 저 비탈을 따라 재빠르게 덮칠 거다! 아마 그놈들도 수백 마리가 한패가 되어 나를 공격할지 몰라.”",
      "srcPage": 85,
      "srcSentenceEA": 4,
      "srcWordEA": 35
    },
    {
      "srcTextID": "20714",
      "srcText": "카아는 엄숙한 표정으로 슬슬 서쪽으로 기어갔어요. 그러자 바기라는 원숭이가 모여 있는 곳으로 들어가 뛰어다니며 보이는 대로 원숭이를 물어뜯어 죽였어요. “적은 한 마리뿐이다! 죽여라!”",
      "srcPage": 86,
      "srcSentenceEA": 4,
      "srcWordEA": 25
    },
    {
      "srcTextID": "20722",
      "srcText": "발루의 말에 모글리는 카아를 보며 감사의 인사말을 했어요. “오늘 밤부터 너와 나, 우리는 같은 피를 나눈 형제다! 오늘 밤은 네 덕분에 살았다. 네가 배고플 때면 언제나 내가 먹이를 구해 주지.”",
      "srcPage": 94,
      "srcSentenceEA": 4,
      "srcWordEA": 32
    },
    {
      "srcTextID": "20723",
      "srcText": "“시어 칸 놈은 믿지 말아라. 언젠가는 네가 그놈을 죽여야 할 것이다.” 시어 칸은 모글리가 가는 곳마다 나타나 늘 방해를 했어요.",
      "srcPage": 101,
      "srcSentenceEA": 3,
      "srcWordEA": 22
    },
    {
      "srcTextID": "20730",
      "srcText": "늑대 두목인 아켈라가 나이를 먹어 힘이 없어지자, 시어 칸이 젊은 늑대들과 어울리며 그들을 부추겼어요. “너희 같은 훌륭한 사냥꾼이 왜 늙은 늑대와 사람 아이에게 꼼짝 못 하는지 정말 이상하단 말이야.” 바기라도 시어 칸의 낌새가 수상해서 모글리에게 여러 번 주의를 주었어요.",
      "srcPage": 102,
      "srcSentenceEA": 3,
      "srcWordEA": 40
    },
    {
      "srcTextID": "20715",
      "srcText": " “나 때문에 너무 많이 다쳤잖아! 이 피 좀 봐!” “모글리, 너만 괜찮으면 다치는 것쯤은 아무것도 아니야.”",
      "srcPage": 92,
      "srcSentenceEA": 3,
      "srcWordEA": 17
    },
    {
      "srcTextID": "20816",
      "srcText": "아켈라가 두목 자리를 내놓고 난 뒤 늑대들은 모두가 제멋대로였어요. 그러나 지금 아켈라의 목소리를 듣자 그 부름에 답하듯 늑대들이 하나둘 모이기 시작했어요. 나이 많은 한 늑대가 앞으로 나오며 말했어요.",
      "srcPage": 188,
      "srcSentenceEA": 3,
      "srcWordEA": 30
    },
    {
      "srcTextID": "20727",
      "srcText": "“모글리, 시어 칸이 너의 적이란 말을 여러 번 들었지?” “응, 여러 번 들었어. 그런데 그것이 어쨌다는 거야? 난 지금 무척 졸려. 자고 싶어.”",
      "srcPage": 105,
      "srcSentenceEA": 5,
      "srcWordEA": 26
    },
    {
      "srcTextID": "20724",
      "srcText": "바기라는 모글리의 등을 살짝 내리쳤어요. 그러고는 상냥하게 말했어요. “모글리, 내 등에 올라타. 이제 우리 보금자리로 돌아가자.”",
      "srcPage": 99,
      "srcSentenceEA": 4,
      "srcWordEA": 18
    },
    {
      "srcTextID": "20725",
      "srcText": "정글의 법칙 중 가장 좋은 점은 일단 벌을 받으면 그것으로 끝이라는 것이었어요. 모글리는 늑대 동굴로 돌아와 엄마 늑대 옆에서 깊은 잠에 빠졌어요. 붉은 꽃. 모글리는 여러 번 엄마 늑대로부터 이런 말을 들었어요.",
      "srcPage": 100,
      "srcSentenceEA": 4,
      "srcWordEA": 35
    },
    {
      "srcTextID": "20736",
      "srcText": " 모글리는 더욱 힘을 내어 마을로 달려갔어요. 밤이 되자 모글리는 오두막집 창문에 얼굴을 대고 난롯불을 뚫어지게 바라보았어요. 그러는 사이 새벽이 되었어요.",
      "srcPage": 118,
      "srcSentenceEA": 3,
      "srcWordEA": 23
    },
    {
      "srcTextID": "20733",
      "srcText": "“맞아, 정글 속에서 바기라를 무서워하지 않는 놈은 없어. 무서워하지 않는 건 오직 나뿐이야.” “그것은 네가 사람의 아이이기 때문이야. 내가 정글로 다시 온 것처럼 너도 언젠가 사람의 세계로 돌아가지 않으면 안 돼. 그때까지 늑대 회의에서 죽지 않는다면 말이야.”",
      "srcPage": 109,
      "srcSentenceEA": 5,
      "srcWordEA": 40
    },
    {
      "srcTextID": "20771",
      "srcText": "모글리는 무척 기뻐하며 물었어요. “정글에는 별일 없지?” “응, 붉은 꽃에 다친 놈 외에는 모두 잘 있어. 시어 칸 놈은 몸에 털이 날 때까지 멀리 떠나 있겠대.”",
      "srcPage": 148,
      "srcSentenceEA": 4,
      "srcWordEA": 27
    },
    {
      "srcTextID": "20779",
      "srcText": "어느 날, 모글리는 물소를 데리고 와잉궁가강이 흐르고 있는 근처까지 갔어요. 그리고 모글리는 대나무 숲 쪽으로 달려갔어요. 그곳에서 형제 늑대들이 모글리를 기다리고 있었어요.",
      "srcPage": 154,
      "srcSentenceEA": 3,
      "srcWordEA": 24
    },
    {
      "srcTextID": "20775",
      "srcText": "“시어 칸이 오랫동안 이 근처에서 너를 기다리고 있었어. 그러나 지금은 가 버렸어. 정말 너를 죽이려나 봐.”",
      "srcPage": 155,
      "srcSentenceEA": 3,
      "srcWordEA": 18
    },
    {
      "srcTextID": "20789",
      "srcText": "한 패는 수컷만 모아 놓고, 다른 한 패는 암컷과 새끼만 모아 놓았어요. 모글리와 아켈라는 수컷 무리를 데리고 계곡 위로 가고, 형제 늑대는 암컷과 새끼 무리를 몰고 계곡 아래로 갔어요. 모글리의 계획은 아주 간단했어요.",
      "srcPage": 164,
      "srcSentenceEA": 3,
      "srcWordEA": 35
    },
    {
      "srcTextID": "20792",
      "srcText": "그들은 골짜기 밑에까지 가기도 전에 호랑이 냄새를 맡고 울부짖었어요. 시어 칸은 물소 떼의 발굽 소리를 듣자, 몸을 일으켜 어슬렁어슬렁 골짜기를 내려가며 어디 도망갈 길이 없나 하고 양쪽을 살폈어요. 그러나 양쪽 모두 가파른 기슭이라 계속 내려갈 수밖에 없었어요.\n\n",
      "srcPage": 168,
      "srcSentenceEA": 3,
      "srcWordEA": 39
    },
    {
      "srcTextID": "20745",
      "srcText": "안개가 자욱하게 깔리자 어린 소녀가 항아리를 들고 와서 새빨간 숯덩이를 담았어요. 모글리는 ‘저 아이는 나와 닮았는데.’라고 생각하며 그 아이에게 덤벼들어 항아리를 빼앗았어요. 그러고는 곧장 정글로 달려갔어요.",
      "srcPage": 119,
      "srcSentenceEA": 4,
      "srcWordEA": 29
    },
    {
      "srcTextID": "20746",
      "srcText": "정글로 가면서 모글리는 항아리에다 마른 나뭇가지를 넣어 불을 계속 피웠어요. 모글리는 붉은 꽃을 동굴에 가지고 와서 종일 나뭇가지를 넣으며 그것을 지켰어요. 시어 칸과의 대결. 밤이 되자, 모글리는 회의가 열리는 바위산으로 갔어요.",
      "srcPage": 120,
      "srcSentenceEA": 4,
      "srcWordEA": 34
    },
    {
      "srcTextID": "20743",
      "srcText": "그곳엔 시어 칸과 아켈라 그리고 많은 늑대들이 모여 있었어요. 시어 칸이 먼저 말하기 시작했어요. “이제 모두 모인 것 같군. 자, 시작하자.”",
      "srcPage": 121,
      "srcSentenceEA": 4,
      "srcWordEA": 23
    },
    {
      "srcTextID": "20744",
      "srcText": "그때 모글리가 벌떡 일어서며 말했어요. “여러분! 시어 칸은 두목이 아니니 말할 권리가 없어요. 호랑이가 어떻게 늑대의 두목 행세를 한단 말이에요?”",
      "srcPage": 122,
      "srcSentenceEA": 3,
      "srcWordEA": 22
    },
    {
      "srcTextID": "20734",
      "srcText": "“왜 날 죽이려는 걸까?” “나를 똑바로 봐.” 바기라가 말했어요. 모글리가 바기라를 뚫어지게 쳐다보자 바기라는 단 몇 초도 못 되어 얼굴을 돌려 버렸어요.",
      "srcPage": 110,
      "srcSentenceEA": 4,
      "srcWordEA": 24
    },
    {
      "srcTextID": "20738",
      "srcText": "“난 그런 걸 정말 몰랐어.” 모글리가 깜짝 놀라며 말했어요. “그러니 이젠 지혜를 써야 해. 맞아! 그렇게 하면 되겠다!”",
      "srcPage": 112,
      "srcSentenceEA": 5,
      "srcWordEA": 21
    },
    {
      "srcTextID": "20777",
      "srcText": "그리고 그 호랑이에는 죽은 고리대금업자 노인의 혼이 붙어 있다고 말했어요. 그 말을 들은 모글리가 한마디 했어요. “모두 거짓말이에요. 그 호랑이는 태어날 때부터 절름발이였어요. 또 얼마나 겁이 많은데 고리대금업자의 혼이 붙었다니요? 게다가 할아버지가 한 정글 이야기는 대부분 엉터리예요.”",
      "srcPage": 152,
      "srcSentenceEA": 6,
      "srcWordEA": 41
    },
    {
      "srcTextID": "20776",
      "srcText": "“저놈이 지금 무슨 소릴 하는 거야?” 불데오는 화를 내며 쫓아갔지만, 모글리는 벌써 도망쳐 버리고 없었어요. 모글리는 언제나 아침 일찍 물소들을 데리고 들판으로 가서 풀을 먹였어요.",
      "srcPage": 153,
      "srcSentenceEA": 3,
      "srcWordEA": 27
    },
    {
      "srcTextID": "20720",
      "srcText": "발루가 모글리를 나무랐어요. 모글리는 고개를 떨구며 잘못을 뉘우쳤어요. “말썽을 부렸으니, 벌을 받아야지. 그것이 정글의 법칙이야.”\n\n",
      "srcPage": 98,
      "srcSentenceEA": 4,
      "srcWordEA": 17
    },
    {
      "srcTextID": "20768",
      "srcText": "“내일부터 물소들을 지켜라. 물소들에게 풀을 먹이고, 달아나지 않게 잘 지켜.” 모글리는 뛸 듯이 기뻤어요. 마을의 일을 맡게 된 그날 밤, 모글리는 무화과나무 아래서 열리는 모임에 나갔어요.",
      "srcPage": 150,
      "srcSentenceEA": 4,
      "srcWordEA": 29
    },
    {
      "srcTextID": "20778",
      "srcText": "마을 노인들은 하느님이나 유령에 관한 이야기를 나누었어요. 불데오란 노인은 아이들에게 정글에 사는 동물들에 대한 이야기를 들려주었어요. 불데오는 메수아의 아들을 물고 간 호랑이는 귀신 호랑이라고 했어요.",
      "srcPage": 151,
      "srcSentenceEA": 3,
      "srcWordEA": 27
    },
    {
      "srcTextID": "20781",
      "srcText": "“잘 됐어, 그놈이 없을 때는 너나 다른 형제 중 하나가 저 바위 위에 앉아 있어. 그리고 그놈이 돌아오면 저 다크나무 옆에서 날 기다려 줘.” 다음 날도 모글리는 물소 떼를 몰고 강으로 갔어요.",
      "srcPage": 156,
      "srcSentenceEA": 3,
      "srcWordEA": 34
    },
    {
      "srcTextID": "20783",
      "srcText": "바위 위에 늑대 형제가 앉아 있었어요. ‘시어 칸 놈, 아직 돌아오지 않았군.’ 그러던 어느 날 아침, 형제 늑대의 모습이 보이지 않자, 모글리는 물소 떼를 데리고 다크나무 옆으로 갔어요.",
      "srcPage": 157,
      "srcSentenceEA": 3,
      "srcWordEA": 30
    },
    {
      "srcTextID": "20782",
      "srcText": "그곳에서 기다리고 있던 형제 늑대 중 한 마리가 등의 털을 곤두세우며 말했어요. “그놈은 한 달 동안이나 숨어 있다가 저녁때 너의 발자국을 따라 타바키와 함께 들판을 지나갔어.” 모글리는 얼굴을 찡그리며 말했어요.",
      "srcPage": 158,
      "srcSentenceEA": 3,
      "srcWordEA": 31
    },
    {
      "srcTextID": "20794",
      "srcText": "“아켈라, 빨리 물소 떼를 갈라놓아!” 그러나 시어 칸은 이미 죽어 있었어요. 다시 정글로. 모글리는 사람 세계에 살면서 언제나 칼을 칼집에 넣어 허리에 차고 다녔어요.",
      "srcPage": 170,
      "srcSentenceEA": 4,
      "srcWordEA": 27
    },
    {
      "srcTextID": "20742",
      "srcText": "바기라가 말한 ‘붉은 꽃’이란 다름 아닌 불을 말했어요. 동물들은 불을 가장 무서워했거든요. “아! 저녁때면 오두막집 밖에 피어 있는 붉은 꽃 말이야?”",
      "srcPage": 114,
      "srcSentenceEA": 4,
      "srcWordEA": 24
    },
    {
      "srcTextID": "20741",
      "srcText": "모글리는 이렇게 말하고 쏜살같이 달려갔어요. 바기라는 혼자서 중얼거렸어요. “과연 사람의 아이군. 시어 칸 놈이 10년 전에 모글리를 뒤쫓은 것은 엄청난 잘못이었어.”",
      "srcPage": 116,
      "srcSentenceEA": 4,
      "srcWordEA": 23
    },
    {
      "srcTextID": "20764",
      "srcText": "“어디 좀 봅시다.” 메수아라는 여자가 나와서 모글리를 살펴보았어요. “아주 닮았어요. 우리 아이는 이렇게 야위지는 않았지만, 정말 똑같아요.”",
      "srcPage": 143,
      "srcSentenceEA": 4,
      "srcWordEA": 19
    },
    {
      "srcTextID": "20791",
      "srcText": "“시어 칸! 어디 있느냐?” 모글리가 골짜기를 향해 힘껏 소리치자, 그 목소리가 바위에서 바위로 울려 퍼졌어요. 잠시 뒤 시어 칸의 으르렁거리는 소리가 들렸어요. “누구냐, 내 잠을 깨우는 놈이?”\n\n",
      "srcPage": 166,
      "srcSentenceEA": 5,
      "srcWordEA": 30
    },
    {
      "srcTextID": "20790",
      "srcText": "“나다, 모글리다. 시어 칸! 너를 혼내 주겠다. 아켈라, 물소들을 아래로 몰아라!” 아켈라가 명령을 내리자, 물소들은 눈 깜짝할 사이에 맹렬한 기세로 달려 내려갔어요.",
      "srcPage": 167,
      "srcSentenceEA": 5,
      "srcWordEA": 26
    },
    {
      "srcTextID": "20793",
      "srcText": "위쪽과 아래쪽의 물소들이 울부짖는 소리에 시어 칸이 방향을 바꾸려 했지만, 미처 몸을 피할 겨를이 없었어요. 시어 칸은 두 패의 물소들에게 무참히 짓밟혔어요. 이 광경을 지켜본 모글리가 외쳤어요.",
      "srcPage": 169,
      "srcSentenceEA": 3,
      "srcWordEA": 29
    },
    {
      "srcTextID": "20798",
      "srcText": "모글리는 동물의 가죽 벗기는 방법을 잘 알고 있었어요. 그런데 골치 아픈 일이 하나 생겼어요. 모글리가 시어 칸의 가죽 벗기기에 열중하고 있을 때, 불데오가 몹시 화를 내며 달려왔어요.",
      "srcPage": 171,
      "srcSentenceEA": 3,
      "srcWordEA": 29
    },
    {
      "srcTextID": "20769",
      "srcText": "그래서 모글리는 메수아의 집에서 살게 되었어요. 그동안 모글리는 영리하게도 메수아의 입을 흉내 내어 방 안의 물건 이름을 모두 외웠어요. 그런데 잠자리에 들 때는 곤란한 점이 있었어요.",
      "srcPage": 146,
      "srcSentenceEA": 3,
      "srcWordEA": 28
    },
    {
      "srcTextID": "20772",
      "srcText": "모글리는 집이 꼭 표범을 잡는 덫처럼 생겨서 집에서 자고 싶지 않았어요. 그래서 모글리는 밤마다 창문으로 빠져나와 풀밭에서 잤어요. 모글리가 풀밭에서 잠을 자려는데 형제 늑대 중 제일 큰형이 다가왔어요.",
      "srcPage": 147,
      "srcSentenceEA": 3,
      "srcWordEA": 30
    },
    {
      "srcTextID": "20774",
      "srcText": "큰형 늑대는 이렇게 말하고는 가 버렸어요. 모글리는 그로부터 석 달 동안 열심히 사람이 사는 방식과 습관을 배웠어요. 하루는 촌장이 모글리를 불러 말했어요.",
      "srcPage": 149,
      "srcSentenceEA": 3,
      "srcWordEA": 24
    },
    {
      "srcTextID": "20797",
      "srcText": "모글리는 계속 가죽을 벗기며 말했어요. “돈 때문에 이 가죽이 탐나나 본데 나도 이게 필요해요.” 그러자 불데오는 화를 내며 소리쳤어요.",
      "srcPage": 173,
      "srcSentenceEA": 3,
      "srcWordEA": 20
    },
    {
      "srcTextID": "20751",
      "srcText": "“10년 전의 황소 한 마리는 이제 소용이 없다. 이놈은 사람이다. 속임수에는 안 넘어간다.” 그때 모글리가 불이 들어 있는 항아리를 들고 일어서며 말했어요.",
      "srcPage": 128,
      "srcSentenceEA": 4,
      "srcWordEA": 25
    },
    {
      "srcTextID": "20760",
      "srcText": "모글리는 갑자기 슬픔이 복받쳐 울고 말았어요. “바기라, 난 정글을 떠나고 싶지 않아. 나도 모르겠어. 정말 괴로워!” “모글리, 넌 정글을 떠나 사람의 세계로 돌아갈 때가 왔어. 이제 정글은 네가 있을 곳이 못 돼.”",
      "srcPage": 134,
      "srcSentenceEA": 6,
      "srcWordEA": 35
    },
    {
      "srcTextID": "20758",
      "srcText": "“네, 꼭 올 거예요. 다음에 와서는 시어 칸의 가죽을 바위에 널어놓겠어요.” 날이 밝자 모글리는 사람을 만나기 위해 혼자 언덕을 내려왔어요.",
      "srcPage": 138,
      "srcSentenceEA": 3,
      "srcWordEA": 22
    },
    {
      "srcTextID": "20799",
      "srcText": "아켈라가 불 데오 위에 올라타자, 불데오는 기가 죽었어요. 모글리가 빙그레 웃으면서 말했어요. “아켈라! 이제 그만 놔줘. 하지만 다시 내 사냥감을 넘볼 땐 가만두지 않겠어요.”\n\n",
      "srcPage": 175,
      "srcSentenceEA": 4,
      "srcWordEA": 27
    },
    {
      "srcTextID": "20804",
      "srcText": "모글리는 도대체 영문을 몰랐어요. “이게 어떻게 된 일이야? 지난번엔 내가 사람이라고 해서 늑대에게 쫓겨났는데, 이번엔 늑대라고 쫓겨나는구나! 아켈라, 가자!\"",
      "srcPage": 178,
      "srcSentenceEA": 4,
      "srcWordEA": 21
    },
    {
      "srcTextID": "20800",
      "srcText": "“메수아, 나는 요술쟁이가 아니에요. 그래도 당신 아들의 복수는 했어요. 빨리 돌아가요. 저놈들 쪽으로 물소를 몰아 줄 테니까요.”",
      "srcPage": 181,
      "srcSentenceEA": 4,
      "srcWordEA": 20
    },
    {
      "srcTextID": "20807",
      "srcText": "“아켈라, 이젠 가슴이 후련해. 두 번 다시 이상한 침대에서 자지 않아도 되니까. 자, 시어 칸의 가죽을 가져가자! 우리는 이 마을 사람들을 해치면 안 돼. 메수아가 나에게 정말 친절하게 대해 주었거든.”",
      "srcPage": 183,
      "srcSentenceEA": 5,
      "srcWordEA": 34
    },
    {
      "srcTextID": "20815",
      "srcText": "그때 바기라가 차가운 목소리로 말했어요. “안 돼, 자유의 무리라 불리려면 그만한 대가를 치러야 해.” 이번에는 모글리가 말했어요.",
      "srcPage": 190,
      "srcSentenceEA": 3,
      "srcWordEA": 18
    },
    {
      "srcTextID": "20697",
      "srcText": "모글리는 곧 정신을 차리고 생각했어요. ‘누군가에게 도움을 청해야 할 텐데.’ 모글리는 아래위를 번갈아 보다가 위쪽에서 솔개 치루를 발견했어요.",
      "srcPage": 71,
      "srcSentenceEA": 3,
      "srcWordEA": 20
    },
    {
      "srcTextID": "20694",
      "srcText": "“그런데 너의 이름은 뭐지?” 치루가 물었어요. “나는 모글리야. 모두가 나를 사람의 아이라고 불러!” 모글리가 대답했어요. 발루와 바기라는 너무나 걱정이 되었어요.",
      "srcPage": 74,
      "srcSentenceEA": 6,
      "srcWordEA": 24
    },
    {
      "srcTextID": "20689",
      "srcText": "그런데 갑자기 모글리가 바기라의 등에 올라타더니 자기 말을 들어 보라고 바기라의 어깨 털을 잡아당기기도 하고, 옆구리를 차기도 했어요. “나는 나뭇가지 사이로 내 편을 이끌고 뛰어다니며 늙은 발루에게 나뭇가지나 진흙을 집어 던질 거야. 모두 나와 함께 해 준다고 약속했어.”",
      "srcPage": 63,
      "srcSentenceEA": 3,
      "srcWordEA": 39
    },
    {
      "srcTextID": "20701",
      "srcText": "“고마워, 치루. 넌 참 친절하구나.” 치루가 말한 ‘차가운 잠자리’가 어디 있는지 잘 알고 있었던 바기라와 발루는 갈 길을 재촉했어요. ‘차가운 잠자리’는 정글 한가운데 버려진 도시였어요.",
      "srcPage": 81,
      "srcSentenceEA": 6,
      "srcWordEA": 30
    },
    {
      "srcTextID": "20709",
      "srcText": "카아도 가장 빠른 지름길로 그곳을 향해 나아갔어요. 원숭이와의 싸움. 원숭이들은 오후 늦게야 모글리를 차가운 잠자리로 끌고 왔어요. 모글리는 생각에 잠겼어요.",
      "srcPage": 82,
      "srcSentenceEA": 4,
      "srcWordEA": 23
    },
    {
      "srcTextID": "20683",
      "srcText": "모글리는 울면서 나무 위로 달아나 버렸어요. 그러자 발루는 한숨을 쉬며 바기라에게 말했어요. “모글리는 사람의 아이이기 때문에 더욱더 정글의 법칙을 빠짐없이 배우지 않으면 안 돼.”",
      "srcPage": 57,
      "srcSentenceEA": 3,
      "srcWordEA": 25
    },
    {
      "srcTextID": "20693",
      "srcText": "왜냐하면 그들은 기억력이 나빠서 다음 날엔 깨끗이 잊어버리기 때문이었어요. 자기가 한 일이 부끄러워 이제 두 번 다시 원숭이들과 놀지 않기로 다짐하고, 바기라와 발루 사이에 누워 잠이 들었어요. 잠시 뒤 모글리가 잠에서 깨어 보니 팔다리가 작은 손들에 붙잡혀 있었어요.",
      "srcPage": 68,
      "srcSentenceEA": 3,
      "srcWordEA": 40
    },
    {
      "srcTextID": "20687",
      "srcText": "“이놈!” 발루가 소리치며 바기라의 등에서 모글리를 끌어 내렸어요. 납치된 모글리. 발루는 앞발로 모글리를 붙들고 화를 내며 말했어요. “모글리, 너 저 회색 원숭이들과 함께 놀았지? 그놈들은 법칙도 없고 먹기만 한다. 그놈들과 어울리는 건 부끄러운 일이야!”",
      "srcPage": 64,
      "srcSentenceEA": 6,
      "srcWordEA": 39
    },
    {
      "srcTextID": "20688",
      "srcText": "그러자 모글리가 울먹이면서 말했어요. “내가 발루에게 얻어맞으니까 회색 원숭이들이 불쌍하다고 달래 주었단 말이야.” 발루는 더욱 화를 내며 말했어요.",
      "srcPage": 65,
      "srcSentenceEA": 3,
      "srcWordEA": 19
    },
    {
      "srcTextID": "20690",
      "srcText": "“그놈들은 거짓말만 한단 말이야. 모글리, 나는 네게 정글의 모든 법칙을 가르쳐 주었다. 그러나 그놈들에겐 법칙이 없어. 정글에 사는 자들은 그런 놈들과는 절대로 상대하지 않아. 모글리, 저놈들만은 절대 가까이하면 안 돼.”",
      "srcPage": 66,
      "srcSentenceEA": 5,
      "srcWordEA": 34
    },
    {
      "srcTextID": "20710",
      "srcText": " 카아도 나서서 무리를 공격하자 원숭이들은 비명을 지르며 달아났어요. “카아다, 도망가자!” 그때 바기라가 물에서 나와 카아에게 벽 속에 있는 모글리를 꺼내 달라고 했어요. 카아는 벽 주위를 조사하다가 갈라진 틈을 발견했어요.",
      "srcPage": 90,
      "srcSentenceEA": 4,
      "srcWordEA": 32
    },
    {
      "srcTextID": "20718",
      "srcText": "그러더니 몸을 한껏 들어 올렸다가 ‘쾅’ 하고 벽을 들이받았어요. 여섯 번째로 들이받았을 때 벽이 ‘우르르’ 소리를 내며 무너졌고, 그 사이로 모글리가 나왔어요. 모글리는 발루와 바기라에게 달려와서 꼭 끌어안았어요.",
      "srcPage": 91,
      "srcSentenceEA": 5,
      "srcWordEA": 32
    },
    {
      "srcTextID": "20691",
      "srcText": "모글리는 주위를 둘러보았어요. 나무 아래에서 발루가 큰 소리로 외치고 있었고, 바기라는 무서운 기세로 나무에 오르고 있었어요. 제일 힘센 원숭이 두 마리가 모글리를 붙잡고, 나무를 단번에 훌쩍훌쩍 넘어갔어요.",
      "srcPage": 69,
      "srcSentenceEA": 3,
      "srcWordEA": 29
    },
    {
      "srcTextID": "20695",
      "srcText": "“살았다! 솔개가 날 보고 있었구나!” 솔개 치루는 원숭이가 뭔가를 꼭 껴안고 가는 것을 보았어요. 솔개는 그것이 먹을 것인가 확인하기 위해 낮게 날아 내려왔어요.",
      "srcPage": 72,
      "srcSentenceEA": 3,
      "srcWordEA": 26
    },
    {
      "srcTextID": "20721",
      "srcText": "발루가 울먹이며 말했어요. “카아에게 감사해야 해. 이건 모두 다 카아 덕분이야.”",
      "srcPage": 93,
      "srcSentenceEA": 3,
      "srcWordEA": 12
    },
    {
      "srcTextID": "20717",
      "srcText": "“그거 좋은 말이구나. 용감한 마음과 예의 바른 말, 너는 그것만으로도 정글에서 훌륭히 자랄 것이다. 어두워지고 있군. 어서 돌아들 가거라.”",
      "srcPage": 95,
      "srcSentenceEA": 4,
      "srcWordEA": 22
    },
    {
      "srcTextID": "20716",
      "srcText": " 이렇게 말한 카아는 원숭이들이 벌벌 떨며 기다리고 있는 곳으로 돌아갔어요. 카아는 “쉿이이!” 하고 이상한 소리를 내며 이상한 춤을 추었어요. 그러자 원숭이들이 홀린 듯 카아의 입 속으로 다가갔어요.",
      "srcPage": 96,
      "srcSentenceEA": 4,
      "srcWordEA": 31
    },
    {
      "srcTextID": "20731",
      "srcText": "어느 몹시 더운 날이었어요. 모글리는 숲에서 바기라의 다리를 베고 누워 있었어요. 바기라는 문득 새로운 생각이 떠올랐어요.",
      "srcPage": 104,
      "srcSentenceEA": 3,
      "srcWordEA": 18
    },
    {
      "srcTextID": "20729",
      "srcText": "“지금 자고 있을 때가 아니야. 내 말을 들어 봐. 시어 칸 놈이 너를 죽일 수는 없어. 하지만 우리의 두목인 아켈라는 나이가 들어 이제 수사슴 한 마리도 죽이지 못할 거야. 그러면 우리의 두목일 수가 없지. 거기다 맨 처음 너를 우리 무리에 넣어 주기 위해 늑대 회의에 참석한 늑대들도 모두 늙어 버렸어. 그러니 시어 칸의 부추김을 받은 젊은 늑대들은 널 더 이상 무리에 넣어 주지 않을 거야. 그럼 너는 정말 사람이 되고 마는 거야.”",
      "srcPage": 106,
      "srcSentenceEA": 8,
      "srcWordEA": 79
    },
    {
      "srcTextID": "20728",
      "srcText": "“사람은 어째서 정글의 무리와 사냥을 하면 안 되는 거지? 나는 정글에서 살면서 정글의 법칙을 지켜 왔어. 발에 박힌 가시를 내 손으로 뽑아 주지 않은 늑대는 한 마리도 없을 거야. 우리는 모두 형제란 말이야.”",
      "srcPage": 107,
      "srcSentenceEA": 4,
      "srcWordEA": 36
    },
    {
      "srcTextID": "20732",
      "srcText": "“나는 사람들 틈에서 태어났고 너를 좋아하지만, 네 얼굴을 오랫동안 쳐다볼 수 없어. 다른 늑대들이 너를 싫어하는 것은 바로 이 때문이야. 네가 똑똑하기 때문에 널 똑바로 쳐다볼 수 없는 거야. 넌 사람이기 때문에 발의 가시도 뽑아 줄 수 있는 거고.”",
      "srcPage": 111,
      "srcSentenceEA": 4,
      "srcWordEA": 42
    },
    {
      "srcTextID": "20735",
      "srcText": "바기라는 기지개를 한 번 켜고 나서 눈을 살짝 감으며 말했어요. “난 사람이 사는 곳에서 태어났어. 엄마가 죽은 곳도 사람이 사는 곳이었지. 내가 정글에서 시어 칸보다 사람을 더 무서워하는 건 사람의 행동을 누구보다 잘 알기 때문이야.”",
      "srcPage": 108,
      "srcSentenceEA": 4,
      "srcWordEA": 37
    },
    {
      "srcTextID": "20739",
      "srcText": "갑자기 바기라가 벌떡 일어나며 소리쳤어요. “그래, 빨리 저 골짜기에 가서 사람들이 가진 붉은 꽃을 가져와. 무슨 일이 생기면 그 붉은 꽃이 나나 발루보다 더 강한 힘으로 너를 도와줄 거야.”",
      "srcPage": 113,
      "srcSentenceEA": 3,
      "srcWordEA": 30
    },
    {
      "srcTextID": "20740",
      "srcText": "모글리는 무척 빠른 속도로 정글을 빠져나와, 해 질 무렵에는 골짜기의 작은 개울에 이르렀어요. 거기서 모글리는 아켈라가 젊은 늑대들 사이에서 수사슴을 잡으려다 놓치는 모습을 보았어요. 젊은 늑대들이 아켈라를 비웃었어요.",
      "srcPage": 117,
      "srcSentenceEA": 3,
      "srcWordEA": 30
    },
    {
      "srcTextID": "20770",
      "srcText": "메수아는 눈물을 글썽이며 모글리를 어루만졌어요. “내 아들 나토와 너무 닮았어! 그러니 내 아들이 되어 주렴.”",
      "srcPage": 145,
      "srcSentenceEA": 3,
      "srcWordEA": 16
    },
    {
      "srcTextID": "20785",
      "srcText": "“바보 같은 놈! 배불리 먹고 자는 동안, 내가 기다릴 줄 알았나 보군. 이 물소들이 시어 칸의 냄새를 맡을 수 있게 할 수 없을까?” “그놈은 흔적을 안 남기려고 강물을 헤엄쳐 내려갔어.”",
      "srcPage": 160,
      "srcSentenceEA": 4,
      "srcWordEA": 32
    },
    {
      "srcTextID": "20747",
      "srcText": "“자유의 무리여! 난 어제저녁에 처음으로 먹이를 못 잡았다. 여기엔 나쁜 계략이 있었다는 것을 여러분 모두 알 것이다. 자, 그 계략이 성공했으니 한 놈씩 나와 덤벼라. 그것이 정글의 법칙이니까.”",
      "srcPage": 124,
      "srcSentenceEA": 5,
      "srcWordEA": 32
    },
    {
      "srcTextID": "20749",
      "srcText": "그러자 시어 칸이 소리쳤어요. “저런 늙은이는 상관할 필요가 없다. 문제는 사람의 아이다. 이놈은 원래부터 내 먹이였으니 나에게 달라! 그러면 모든 것이 해결된다.”",
      "srcPage": 125,
      "srcSentenceEA": 5,
      "srcWordEA": 25
    },
    {
      "srcTextID": "20681",
      "srcText": "그러던 어느 날이었어요. 모글리는 똑같은 것을 여러 번 배우는 것이 지겨워졌어요. 그래서 게으름을 피우다가 발루에게 머리를 한 대 맞았어요.",
      "srcPage": 56,
      "srcSentenceEA": 3,
      "srcWordEA": 21
    },
    {
      "srcTextID": "20680",
      "srcText": "“하지만 아직 어리잖아! 아이가 어떻게 그런 것들을 한꺼번에 깨우칠 수 있겠니?” 그러자 발루가 말했어요.",
      "srcPage": 58,
      "srcSentenceEA": 3,
      "srcWordEA": 16
    },
    {
      "srcTextID": "20786",
      "srcText": "“타바키가 가르쳐 주었군. 그렇다면 우선 물소를 두 패로 나누어 넌 한 패를 몰고 와잉궁가강 밑에서 시어 칸 놈을 막아. 난 한 패를 몰고 저 계곡 위로 갈게.”",
      "srcPage": 161,
      "srcSentenceEA": 3,
      "srcWordEA": 29
    },
    {
      "srcTextID": "20754",
      "srcText": "바기라도 덧붙여 말했어요. “맨 처음 이 아이가 무리에 낄 수 있게 내가 황소 한 마리를 내놓았잖아?” 그러나 늑대들은 시어 칸의 주위로 몰려들며 말했어요.",
      "srcPage": 127,
      "srcSentenceEA": 3,
      "srcWordEA": 24
    },
    {
      "srcTextID": "20752",
      "srcText": "“나는 평생 늑대로 지내고 싶었지만, 너희가 그렇게 말하니까 나도 너희를 형제라고 부르지 않겠다. 이제 난 사람이다.” 말을 마친 모글리는 항아리를 내동댕이쳤어요.",
      "srcPage": 129,
      "srcSentenceEA": 3,
      "srcWordEA": 23
    },
    {
      "srcTextID": "20755",
      "srcText": "붉은 꽃은 금방 마른 풀로 옮겨붙어 무섭게 타올랐고, 늑대들은 무서워서 뒤로 물러섰어요. 모글리는 급히 시어 칸 앞으로 걸어가 시어 칸의 털을 움켜쥐었어요. “가기 전에 이놈의 털가죽에 불을 붙이고 가겠다!”",
      "srcPage": 130,
      "srcSentenceEA": 3,
      "srcWordEA": 30
    },
    {
      "srcTextID": "20761",
      "srcText": "모글리는 활활 타오르는 나뭇가지를 빙빙 휘둘렀어요. 그러자 늑대들과 시어 칸은 멀리 달아나 버렸어요. 마침내 모글리와 바기라, 아켈라 그리고 모글리의 편을 든 늑대 열 마리 정도만 남았어요.",
      "srcPage": 133,
      "srcSentenceEA": 3,
      "srcWordEA": 28
    },
    {
      "srcTextID": "20762",
      "srcText": "형제 늑대들도 슬프게 울어 댔어요. “모글리, 빨리 돌아오너라. 네 엄마와 난 이제 너무 늙었단다.” 아빠 늑대가 말했어요.",
      "srcPage": 136,
      "srcSentenceEA": 4,
      "srcWordEA": 19
    },
    {
      "srcTextID": "20757",
      "srcText": " “그래, 꼭 돌아오렴, 모글리. 난 어떤 새끼보다도 널 사랑했단다.” 엄마 늑대가 모글리를 꼭 품으며 말했어요",
      "srcPage": 137,
      "srcSentenceEA": 3,
      "srcWordEA": 17
    },
    {
      "srcTextID": "20763",
      "srcText": " 잠시 뒤 그는 스님을 데려왔어요. 노란 옷을 입은 스님은 뚱뚱한 몸집을 하고 있었어요. 스님 뒤에는 백 명쯤 되는 마을 사람들이 따라와 있었어요.",
      "srcPage": 141,
      "srcSentenceEA": 3,
      "srcWordEA": 25
    }
  ]
}