{
  "title": "백남준",
  "author": "김옥란",
  "illustrator": "이미정",
  "isbn": "9788961711852",
  "readAge": "초등_고학년",
  "publishedYear": 2007,
  "publisher": "아람북스",
  "classification": "의사소통",
  "paragraphInfoCount": 176,
  "paragraphInfo": [
    {
      "srcTextID": "24357",
      "srcText": "형들과 누나는 이미 공부를 마치고 안정된 생활을 꾸려 나가고 있었으나, 막내 남준은 전쟁의 와중에 학업을 제대로 마칠 수 없었기 때문입니다. \"남준아, 로이든 학교로 다시 돌아가기에는 너무 늦었으니, 학원에 다니면서 바로 대학 입학 시험을 준비하거라.\" \"그렇게 할게요.\" \"아버지는 네가 도쿄 대학 상과에 들어갔으면 한다.\"",
      "srcPage": 53,
      "srcSentenceEA": 4,
      "srcWordEA": 43
    },
    {
      "srcTextID": "24353",
      "srcText": "남준에게도 나름대로 계획이 있었기 때문입니다. 남준은 예술을 이론적으로 연구하는 미학과에 가고 싶었습니다. 피나는 노력 끝에 남준은 도쿄 대학 미학과에 당당히 합격하였습니다.",
      "srcPage": 55,
      "srcSentenceEA": 3,
      "srcWordEA": 23
    },
    {
      "srcTextID": "24358",
      "srcText": "\"네가 아비에게 어떻게 이럴 수 있느냐?\" \"하지만 저는 상과에 가고 싶지 않았어요.\" \"그래? 이 따위 예술 나부랭이는 배워서 뭘 하냐? 당장 학교를 때려치워라. 앞으로 너한테는 한 푼도 주지 않겠다.\"",
      "srcPage": 60,
      "srcSentenceEA": 5,
      "srcWordEA": 32
    },
    {
      "srcTextID": "24370",
      "srcText": "프라이부르크 대학을 다니던 1957년 어느 날, 그는 우연히 친구와 함께 다름슈타트 국제현대음악제에 가게 되었습니다. 다름슈타트는 전위 음악 도시로서 매년 새로운 음악 축제가 열리는 곳이었습니다. 전위 음악이란 기존의 음악과는 다른 전혀 새로운 형태의 음악을 말하는 것입니다.",
      "srcPage": 68,
      "srcSentenceEA": 3,
      "srcWordEA": 37
    },
    {
      "srcTextID": "24371",
      "srcText": "\"아, 정말 놀라울 뿐이로군. 케이지의 음악은 우리가 듣는 모든 소리가 음악이 될 수 있음을 깨닫게 해 주는구나.\" 존 케이지 음악회는 백남준에게 커다란 충격을 주었습니다. 앞으로 어떤 예술 세계를 추구해야 할지를 가르쳐 주는 길잡이가 되어 주는 듯했습니다.",
      "srcPage": 72,
      "srcSentenceEA": 4,
      "srcWordEA": 39
    },
    {
      "srcTextID": "24375",
      "srcText": "백남준은 전위 미술 운동인 '플럭서스'에 가담한 이후 본격적인 예술 활동을 시작하였습니다. 1959년, 백남준은 뒤셀도르프에서 최고의 퍼포먼스인 존 케이지에게 보내는 찬사 테이프 리코더와 피아노를 위한 음악을 공연하였습니다. 이 공연에서 백남준은 최초로 '행위 음악'을 시도하였습니다.",
      "srcPage": 77,
      "srcSentenceEA": 6,
      "srcWordEA": 37
    },
    {
      "srcTextID": "24385",
      "srcText": "행위 음악이란 손가락만이 아니라 몸 전체를 이용하여 연주하는 음악을 말하는 것입니다. 이 공연 맨 처음에는 녹음 테이프에서 여러 소리들이 흘러나왔습니다. 베토벤 교향곡 5번, 독일 가곡, 라흐마니노프의 피아노 협주곡 2번, 시끌벅적한 복권 당첨 소리, 사이렌 소리, 수탉의 울음 소리, 오토바이 시동거는 소리.",
      "srcPage": 78,
      "srcSentenceEA": 3,
      "srcWordEA": 43
    },
    {
      "srcTextID": "24384",
      "srcText": "이 연주회에는 존 케이지도 초대되었습니다. \"이번에는 또 어떤 일을 벌이려나?\" 사람들은 긴장감과 함께 호기심을 가득 안고 백남준의 연주회에 참석하였습니다. 백남준은 늘 공연 현장에서 엉뚱한 상황을 만들어 냈기 때문 입니다.",
      "srcPage": 85,
      "srcSentenceEA": 4,
      "srcWordEA": 31
    },
    {
      "srcTextID": "24391",
      "srcText": "\"그런데 백남준은 왜 넥타이를 자르고, 머리에 샴푸를 들이 부은 걸까?\" 사람들은 무척 궁금해하였습니다. 백남준이 케이지의 넥타이를 자른 것은 고대 로마의 군인들이 매기 시작한 넥타이가 그 후에 상류층 남자들의 권력과 힘을 상징하는 것으로 쓰였고, 그것이 지금까지 전해져 왔기 때문입니다.",
      "srcPage": 93,
      "srcSentenceEA": 3,
      "srcWordEA": 40
    },
    {
      "srcTextID": "24403",
      "srcText": "이번 전시회 역시 사람들을 깜짝 놀라게 하기에 충분했습니다. 멀쩡한 텔레비전이 하나도 없었기 때문입니다. 텔레비전들은 모두 거꾸로 처박혀 있거나 플라스틱 통 안에 들어가 있었습니다.",
      "srcPage": 103,
      "srcSentenceEA": 3,
      "srcWordEA": 25
    },
    {
      "srcTextID": "24407",
      "srcText": "백남준은 이 방법을 이용하여 새로운 예술 작품을 만들어 냈습니다. \"야, 신기하다! 자석을 가까이 대니까 화면이 달라지네.\" \"저 마이크에 대고 말을 해도 화면이 바뀐대.\"",
      "srcPage": 108,
      "srcSentenceEA": 4,
      "srcWordEA": 24
    },
    {
      "srcTextID": "24414",
      "srcText": "백남준 역시 부드러운 얼굴선을 한 이 여성에게 호감을 가졌습니다. 그 자리에 있던 사람들이 돌아가며 자기 소개를 했습니다. \"저는 구보타 시게코라고 합니다. 현재 미술 활동을 하고 있으며, 지금은 개인전을 준비하고 있습니다. 오늘 백남준 선생님의 공연은 참으로 인상적이었습니다.\"",
      "srcPage": 114,
      "srcSentenceEA": 5,
      "srcWordEA": 39
    },
    {
      "srcTextID": "24420",
      "srcText": "전에 한 번 만난 적이 있던 쉬아 아베는 백남준이 일본에 머무는 동안 자주 백남준의 작업실을 찾아왔습니다. 두 사람은 마음이 잘 통했고, 앞으로 함께 일하자는 데 의견을 모았습니다. 쉬아 아베는 백남준이 '로봇 K 456' 을 만드는데 많은 도움을 주었습니다.",
      "srcPage": 118,
      "srcSentenceEA": 5,
      "srcWordEA": 41
    },
    {
      "srcTextID": "24423",
      "srcText": "무어만은 텔레비전처럼 생긴 안경을 쓰고, 텔레비전으로 만든 첼로를 연주하였습니다. 또한 그녀가 쓴 안경에는 7cm짜리 소형 텔레비전이 장치되어 있었습니다. 각각의 화면에는 당시 인기리에 방영되던 델레비전 프로그램과 미리 촬영한 비디오 테이프 폐쇄 회로 텔레비전에 비친 관객들의 모습, 그리고 첼로 소리에 따라 변하는 영상이 번갈아 나타났습니다.",
      "srcPage": 121,
      "srcSentenceEA": 3,
      "srcWordEA": 45
    },
    {
      "srcTextID": "24422",
      "srcText": "\"와!\" 공연이 끝나자 사람들은 우레와 같은 박수를 쳤습니다. 특히 '로봇 K 456' 은 큰 인기를 끌었습니다. 당시에는 이렇게 사람처럼 말하고 노래하는 로봇은 상상할 수도 없었기 때문 입니다.",
      "srcPage": 123,
      "srcSentenceEA": 5,
      "srcWordEA": 31
    },
    {
      "srcTextID": "24421",
      "srcText": "\"역시 백남준이야.\" \"백남준의 공연은 매번 새롭단 말이야.\" 그 후로도 '로봇 K 456' 은 뉴욕 거리뿐만 아니라 세계 여러 나라의 거리를 누비며 백남준과 함께했습니다.",
      "srcPage": 124,
      "srcSentenceEA": 5,
      "srcWordEA": 25
    },
    {
      "srcTextID": "24429",
      "srcText": "하지만 훗날 '로봇 K 456' 은 교통 사고를 당해 이 세상에서 사라지고 맙니다. 그 교통 사고는 백남준이 연출한 사고였습니다. 1982년 어느 비 오는 날, 백남준은 많은 사람들이 지켜보는 가운데 자동차로 '로봇 K 456' 을 들이받아 죽게 만들었습니다.",
      "srcPage": 125,
      "srcSentenceEA": 7,
      "srcWordEA": 41
    },
    {
      "srcTextID": "24427",
      "srcText": "단지 추측만 할 뿐이었습니다. 백남준이 고물 텔레비전과 트랜지스터 라디오로 만들어진 이 로봇을 죽이고, 대신 새로운 기술로 만들어진 최신 로봇을 탄생시키려고 했던 게 아닐까 하고 말입니다. 하지만 이후 백남준의 작품에 움직이는 로봇은 등장하지 않습니다.",
      "srcPage": 127,
      "srcSentenceEA": 3,
      "srcWordEA": 35
    },
    {
      "srcTextID": "24432",
      "srcText": "때로는 다정한 연인으로, 때로는 동료 작가로서 언제나 함께 하였습니다. 이런 식으로 두 사람은 14년 동안이나 지냈습니다. 서로 결혼하자는 말을 꺼내지 않은 채 말입니다.",
      "srcPage": 131,
      "srcSentenceEA": 3,
      "srcWordEA": 25
    },
    {
      "srcTextID": "24436",
      "srcText": "거기에 컴퓨터 그래픽 이미지가 텔레비전 화면을 화려하게 장식했습니다. 전세계 사람들은 1984년 새해 아침을, 백남준이 기획한 굿모닝 미스터 오웰과 함께 힘차게 열었습니다. \"미래에는 세계의 벽이 무너지고, 모두가 한 이웃이 될 수 있습니다!\"",
      "srcPage": 137,
      "srcSentenceEA": 3,
      "srcWordEA": 32
    },
    {
      "srcTextID": "24441",
      "srcText": "\"무슨 일이신데요?\" \"다름이 아니라, 서울 올림픽을 기념하는 축제 준비를 도와 주셨으면 합니다.\" \"기꺼이 도와 드리겠습니다.\" 이렇게 하여 백남준은 우주 오페라 제3편 손에 손잡고를 기획하게 되었습니다.",
      "srcPage": 147,
      "srcSentenceEA": 4,
      "srcWordEA": 26
    },
    {
      "srcTextID": "24449",
      "srcText": "이렇게 하여 손에 손잡고는 성공리에 막을 내렸습니다. 1992년, 어느덧 백남준은 환갑을 맞이하였습니다. 환갑을 기념하여 과천 현대 미술관에서 백남준의 회고전이 열렸습니다.",
      "srcPage": 149,
      "srcSentenceEA": 3,
      "srcWordEA": 22
    },
    {
      "srcTextID": "24452",
      "srcText": "과천 국립미술관 1층 전시실에 있는 이 텔레비전 탑의 제목은 '많으면 많을수록 좋다' 라는 뜻을 가진 다다익선으로, 10월 3일 개천절을 기념하기 위해 만들어진 것입니다. 수많은 텔레비전에서 쏟아지는 다양한 화면들은 눈을 뗄 수 없을 만큼 화려하고 멋졌습니다. \"정말 환상적이에요.\"",
      "srcPage": 152,
      "srcSentenceEA": 5,
      "srcWordEA": 39
    },
    {
      "srcTextID": "24456",
      "srcText": "\"선생님, 저희 먼저 가 보겠습니다.\" \"그러게. 나는 좀더 하다 가겠네.\" 백남준은 제자와 조수들이 집으로 돌아간 다음에도 밥늦도록 일을 계속하였습니다.",
      "srcPage": 157,
      "srcSentenceEA": 3,
      "srcWordEA": 21
    },
    {
      "srcTextID": "24463",
      "srcText": "부인은 아무리 전화를 해도 받지 않자, 백남준이 걱정이 되어 달려오는 길이었습니다. \"내, 몸이, 말을, 듣질, 않소.\" 백남준은 정확하지 않은 발음으로 천천히 말했습니다.",
      "srcPage": 162,
      "srcSentenceEA": 3,
      "srcWordEA": 23
    },
    {
      "srcTextID": "24460",
      "srcText": "\"맞소. 나는 몸이 회복되는 대로 다시 작품 활동을 계속할 계획이오.\" \"하지만 앞으로는 절대 무리하면 안 돼요. 건강을 생각해서 꼭 명심하세요.\" \"알겠소. 조심하겠소.\"",
      "srcPage": 166,
      "srcSentenceEA": 4,
      "srcWordEA": 25
    },
    {
      "srcTextID": "24475",
      "srcText": "약 8m 높이의 지그재그로 된 레이저 설치물인 야곱의 사다리, 그리고 천장으로 쏘아 올린 레이저 광선과 바닥에 설치된 50여 개의 텔레비전으로 설치된 감미로움과 숭고함이라는 작품을 전시하였습니다. 이 작품들에는 태어남과 죽음에 대한 진지한 고민이 담겨 있습니다. 소용돌이와 태극 무늬 주역의 괘가 번갈아 나타나는 천장으로 쏘아 올린 레이저 광선은 하늘입니다.",
      "srcPage": 171,
      "srcSentenceEA": 3,
      "srcWordEA": 49
    },
    {
      "srcTextID": "24308",
      "srcText": "남준의 할아버지는 동대문 시장에서 커다란 포목상을 하셨으며, 아버지 역시 할아버지의 뒤를 이어 사업을 하셨기 때문에 남준의 가족은 매우 윤택하게 살 수 있었던 것입니다. 부잣집 막내아들로 태어난 남준은 무엇 하나 부족한 것 없이 자랐습니다. 예쁜 한복을 입고 아버지 품에 안겨 있는 돌 때의 사진이나, 세 살 때 온 가족이 금강산에 놀러 갔을 때 찍은 사진 등을 보면 남준이 얼마나 유복하게 자랐는지 쉽게 알 수 있습니다.",
      "srcPage": 7,
      "srcSentenceEA": 3,
      "srcWordEA": 66
    },
    {
      "srcTextID": "24474",
      "srcText": "아픈 몸에도 불구하고 이처럼 위대한 작품을 만들어 낼 수 있는 것을 보면 백남준의 예술에 대한 열정이 얼마나 큰지 알 수 있습니다. 백남준의 작품 속에는 늘 관객이 자리잡고 있습니다. 백남준의 작품은 언제나 관객이 참여해야만 완성됩니다.",
      "srcPage": 175,
      "srcSentenceEA": 3,
      "srcWordEA": 36
    },
    {
      "srcTextID": "24324",
      "srcText": "누나는 신재덕 선생님께 남준의 얘기를 전했고, 신 선생님은 기꺼이 가르쳐 주겠다는 약속을 했습니다. 며칠 후 신재덕 선생님이 남준을 음악실로 불렀습니다. \"남준아, 누나에게 얘기 들었다. 피아노를 배우는게 소원이라고?\"",
      "srcPage": 23,
      "srcSentenceEA": 4,
      "srcWordEA": 29
    },
    {
      "srcTextID": "24307",
      "srcText": "남준은 어려서부터 아름다운 것에 대하여 관심이 많았습니다. 아름다운 꽃과 나무, 그림, 음악. 특히 그는 누나가 치는 피아노 소리를 좋아했습니다.",
      "srcPage": 8,
      "srcSentenceEA": 3,
      "srcWordEA": 21
    },
    {
      "srcTextID": "24313",
      "srcText": "땅 위에 악보를 그리는 아이. 어느덧 남준은 지금의 초등학교인 보통학교에 들어갔습니다. 어느 날 남준이 아버지께 말씀드렸습니다. \"아버지 저도 피아노를 배우고 싶어요.\"",
      "srcPage": 9,
      "srcSentenceEA": 4,
      "srcWordEA": 23
    },
    {
      "srcTextID": "24343",
      "srcText": "비행기를 타고 외국으로 나가는 남준의 가슴은 설렘과 호기심으로 들떠 있었습니다. 드디어 홍콩에 도착하였습니다. 아버지는 인삼을 팔기 위해 여러 외국 상인들을 만나 흥정을 하셨고, 이 때 남준은 필요한 통역을 해 주었습니다.",
      "srcPage": 41,
      "srcSentenceEA": 3,
      "srcWordEA": 32
    },
    {
      "srcTextID": "24330",
      "srcText": "선생님과 제자 두 사람 모두 너무나 즐거운 마음으로 가르치고 배웠습니다. 한편 몸이 약했던 남준은 자주 아팠습니다. 그래서 자가용을 타고 학교에 오기도 했습니다.",
      "srcPage": 27,
      "srcSentenceEA": 3,
      "srcWordEA": 24
    },
    {
      "srcTextID": "24342",
      "srcText": "남준은 이 과정에서 아버지가 인삼 값을 많이 받기 위하여 거짓말을 한다는 사실을 알게 되었고, 그런 아버지에게 실망을 금 할 수가 없었습니다. 하긴 아버지뿐만 아니라 외국 상인들도 아무렇지 않게 거짓말을 했습니다. 거래가 끝난 뒤 남준은 아버지에게 따져 물었습니다.",
      "srcPage": 42,
      "srcSentenceEA": 3,
      "srcWordEA": 39
    },
    {
      "srcTextID": "24329",
      "srcText": "서점에 가면 몇몇 낮익은 친구들의 모습이 보였습니다. 모두들 책을 좋아하고, 문학에 관심이 많은 친구들이었습니다. 남준은 그 친구들과 친하게 지냈습니다.",
      "srcPage": 30,
      "srcSentenceEA": 3,
      "srcWordEA": 21
    },
    {
      "srcTextID": "24348",
      "srcText": "이 학교 이름은 '로이든 스쿨' 로 영국에서 세운 학교였습니다. 아버지는 남준과 함께 로이든 스쿨을 한 바퀴 휘 둘러보셨습니다. \"이 학교 맘에 드니?\"",
      "srcPage": 45,
      "srcSentenceEA": 5,
      "srcWordEA": 24
    },
    {
      "srcTextID": "24334",
      "srcText": "친구들은 간혹 자신이 지은 시를 낭송하기도 했습니다. \"그 시를 내게 줄래? 내가 멋진 곡을 붙여 줄 테니까.\" \"정말?\" \"이거 기대되는걸.\"",
      "srcPage": 32,
      "srcSentenceEA": 4,
      "srcWordEA": 21
    },
    {
      "srcTextID": "24335",
      "srcText": "친구들은 앞다투어 자신의 시를 내밀었습니다. 그로부터 일주일이 지났습니다. \"이따가 수업 끝나고 모두 음악실로 모여.\"",
      "srcPage": 33,
      "srcSentenceEA": 3,
      "srcWordEA": 15
    },
    {
      "srcTextID": "24304",
      "srcText": "부잣집 막내아들. 일곱 살짜리 개구쟁이 소년 남준은 오늘도 동네 친구들을 집으로 불러 모았습니다. \"무궁화 꽃이 피었습니다.\" 술래잡기 놀이도 하고 딱지치기도 하며 신나게 뛰어놀았습니다.",
      "srcPage": 1,
      "srcSentenceEA": 4,
      "srcWordEA": 25
    },
    {
      "srcTextID": "24303",
      "srcText": "남준의 집은 무척 커서 숨을 곳이 많았습니다. 따라서 개구쟁이 소년들의 놀이터로는 안성맞춤이었습니다. \"얘들아, 이것 먹고 놀아라!\"",
      "srcPage": 2,
      "srcSentenceEA": 3,
      "srcWordEA": 17
    },
    {
      "srcTextID": "24305",
      "srcText": "잠시 후 엄마가 맛있는 과자를 내 오셨습니다. 한 친구가 과자를 먹다 말고 부러운 표정으로 말했습니다. \"남준아 너희 집은 정말 크고 멋지다.\"",
      "srcPage": 3,
      "srcSentenceEA": 3,
      "srcWordEA": 22
    },
    {
      "srcTextID": "24316",
      "srcText": "그리고는 피아노를 치는 누나의 손 모양을 유심히 관찰하였습니다. 이렇게 남준은 누나의 어깨너머로 몰래 피아노를 배웠습니다. 하루는 남준이 마당에 쪼그리고 앉아 뭔가를 그리고 있었습니다.",
      "srcPage": 14,
      "srcSentenceEA": 3,
      "srcWordEA": 25
    },
    {
      "srcTextID": "24317",
      "srcText": "어머니는 깜짝 놀라셨습니다. \"엄마, 저도 피아노 칠 수 있어요.\" \"정말? 그럼 누나 방에 가서 쳐 볼까?\"",
      "srcPage": 16,
      "srcSentenceEA": 3,
      "srcWordEA": 17
    },
    {
      "srcTextID": "24306",
      "srcText": "친구들이 누나 방 창문 쪽으로 우르르 몰려갔습니다. 친구들은 피아노를 치고 있는 누나의 모습을 신기한 듯 훔쳐 보았습니다. 당시에는 피아노가 무척 귀한 물건이어서 친구들 대부분 피아노를 처음 구경했기 때문입니다.",
      "srcPage": 5,
      "srcSentenceEA": 3,
      "srcWordEA": 30
    },
    {
      "srcTextID": "24302",
      "srcText": "남준은 1932년 서울 종로에서 태어났습니다. 당시는 우리 나라가 일본의 식민 통치를 받고 있었기 때문에 모두들 가난하고 힘겹게 살아갔습니다. 하지만 남준은 유복한 환경에서 자랐습니다.",
      "srcPage": 6,
      "srcSentenceEA": 3,
      "srcWordEA": 25
    },
    {
      "srcTextID": "24320",
      "srcText": "\"네.\" \"좋아, 그럼 내일부터 수업 끝나고 매일 한 시간씩 가르쳐 줄게.\" \"선생님 고맙습니다!\" 남준은 넙죽 절하고 날아갈 듯한 발걸음으로 음악실을 나왔습니다. 다음 날부터 남준은 신 선생님께 열심히 피아노를 배웠습니다.",
      "srcPage": 24,
      "srcSentenceEA": 4,
      "srcWordEA": 31
    },
    {
      "srcTextID": "24356",
      "srcText": "일본에서의 생활. 남준의 가족은 일본 도코에서 생활하게 되었습니다. 사업을 하시는 아버지 덕분에 남준의 가족은 일본에서도 여유 있는 생활을 할 수 있었습니다. 아버지는 남준의 공부가 걱정이 되었습니다.",
      "srcPage": 52,
      "srcSentenceEA": 4,
      "srcWordEA": 29
    },
    {
      "srcTextID": "24355",
      "srcText": "아버지의 기쁨은 이만저만이 아니었습니다. \"우리 막내가 드디어 해냈구나! 상과를 졸업한 후에 세계적인 사업가가 되거라.\" 아버지는 남준이 당연히 상과에 합격한 줄 알고 계셨습니다.",
      "srcPage": 56,
      "srcSentenceEA": 4,
      "srcWordEA": 24
    },
    {
      "srcTextID": "24363",
      "srcText": "그만큼 남준에 대한 아버지의 실망과 분노가 컸던 것입니다. 며칠 후에 큰형이 집으로 찾아왔습니다. \"남준아 학비 걱정은 말거라. 누나들과 형들이 마련해 주마. 그리고 우리는 너를 자랑스럽게 생각하니, 기죽지 말고 열심히 공부하여 훌륭한 사람이 되거라.\"",
      "srcPage": 62,
      "srcSentenceEA": 5,
      "srcWordEA": 36
    },
    {
      "srcTextID": "24364",
      "srcText": "하루는 형에게 고민을 털어놓았습니다. \"형, 유명한 예술가들이 많은 독일로 가서 더 새로운 것을 배우고 싶어요.\" \"그렇게 하렴. 학비는 우리 형제들이 모아서 줄 테니 걱정 말고.\" \"형, 정말 고맙습니다.\"",
      "srcPage": 64,
      "srcSentenceEA": 5,
      "srcWordEA": 29
    },
    {
      "srcTextID": "24366",
      "srcText": "독일로 떠나는 비행기에 몸을 실은 남준의 가슴은 새로운 세계에 대한 기대와 호기심으로 한껏 부풀어올랐습니다. 새로운 세계에 눈을 뜨다. 독일로 온 백남준은 생김새와 문화가 전혀 다른 사람들 틈에서 생활해 나가야 했습니다. 뮌헨 대학 음악과에 입학한 백남준은 음악사를 공부하기로 결심하였습니다.",
      "srcPage": 66,
      "srcSentenceEA": 4,
      "srcWordEA": 41
    },
    {
      "srcTextID": "24369",
      "srcText": "존 케이지의 음악회에 참석한 백남준은 신선하고도 놀라운 경험을 하게 되었습니다. 케이지가 들려주는 음악은 백남준이 지금까지 한 번도 들어본 적이 없는 소리였습니다. 그 소리는 가슴 깊은 곳에서 울려 나오는 소리 같기도 했고, 고요한 절에서 참선하는 스님이 내는 소리 같기도 했습니다.",
      "srcPage": 70,
      "srcSentenceEA": 3,
      "srcWordEA": 41
    },
    {
      "srcTextID": "24373",
      "srcText": "잠시 후에 케이지는 난데없이 시끄러운 소음으로 음악을 연주하기 시작했습니다. 사람들이 떠드는 소리, 물건들이 부딪히는 소리, 교회 종소리, 자동차 경적 소리 같은 시끄러운 소리들이었습니다. 케이지는 또한 플라스틱이나 장난감 인형 등을 가지고 바이올린이나 피아노를 대신해 연주하기도 하였습니다.",
      "srcPage": 71,
      "srcSentenceEA": 3,
      "srcWordEA": 37
    },
    {
      "srcTextID": "24374",
      "srcText": "케이지의 음악을 통해, 백남준은 '음악은 아름다워야 하는 것' 이라는 기존의 생각이 변하는 것을 깨달았습니다. 더 나아가 전통적인 음악 형식에 반발하는 마음도 가지게 되었습니다. 케이지의 공연이 끝나자, 백남준은 무대 위로 올라가 케이지에게 악수를 청했습니다.",
      "srcPage": 73,
      "srcSentenceEA": 5,
      "srcWordEA": 36
    },
    {
      "srcTextID": "24372",
      "srcText": "\"저는 한국에서 온 백남준이라는 사람입니다. 오늘 선생님의 공연은 저에게 깊은 인상을 남겼습니다. 저도 선생님처럼 다양한 음악 세계를 연구해 보고 싶으니 많은 가르침을 주십시오.\"",
      "srcPage": 74,
      "srcSentenceEA": 3,
      "srcWordEA": 25
    },
    {
      "srcTextID": "24377",
      "srcText": "케이지도 백남준의 열정적인 태도가 무척 마음에 들었습니다. \"저의 도움이 필요하다면 언제든지 찾아오십시오.\" 케이지가 백남준의 손을 잡으며 대답했습니다.",
      "srcPage": 75,
      "srcSentenceEA": 3,
      "srcWordEA": 18
    },
    {
      "srcTextID": "24379",
      "srcText": "\"왜? 나는 괜찮던데. 어쨌든 신선한 경험이었어.\" 이처럼 관객들의 반응은 제각각이었습니다. 한번은 백남준의 바이올린 연주회에서 있었던 일입니다.",
      "srcPage": 81,
      "srcSentenceEA": 4,
      "srcWordEA": 20
    },
    {
      "srcTextID": "24381",
      "srcText": "백남준은 처음에는 얌전히 바이올린을 연주했습니다. 사람들은 부드럽고 감미로운 바이올린의 선율에 푹 빠져들었습니다. 잠시 후 그는 연주를 멈추더니, 갑자기 바이올린을 들어올려 바닥에 내리치기 시작했습니다.",
      "srcPage": 82,
      "srcSentenceEA": 3,
      "srcWordEA": 25
    },
    {
      "srcTextID": "24378",
      "srcText": "\"아니, 왜 저러는 거야?\" 바이올린은 순식간에 박살이 나 버렸습니다. \"저 사람 정신이 나갔나 보군.\"",
      "srcPage": 83,
      "srcSentenceEA": 3,
      "srcWordEA": 15
    },
    {
      "srcTextID": "24383",
      "srcText": "사람들은 백남준의 갑작스런 행동에 몹시 당황하였습니다. 백남준은 바이올린을 부숨으로써, 그 동안 행해졌던 음악의 틀을 깨 버리고 싶었던 것입니다. 음악의 테러리스트. 1960년 콜른에서 피아노 포르테를 위한 습작이라는 제목으로 백남준의 피아노 연주회가 열렸습니다.",
      "srcPage": 84,
      "srcSentenceEA": 4,
      "srcWordEA": 34
    },
    {
      "srcTextID": "24388",
      "srcText": "언제 어떤 일이 벌어질지 몰랐기 때문입니다. 오히려 백남준이 너무 얌전하면 폭풍의 전야처럼 불안하기까지 했습니다. 아니나다를까, 백남준은 무대에서 벌떡 일어나더니 객석으로 내려왔습니다.",
      "srcPage": 87,
      "srcSentenceEA": 3,
      "srcWordEA": 23
    },
    {
      "srcTextID": "24389",
      "srcText": "잠시 후에 백남준은 케이지 옆에 있던 튜더라는 사람에게 다가가, 튜더의 머리에 샴푸를 쏟아 부었습니다. \"이크, 이게 웬 날벼락이람!\" 튜더는 황급히 피하려고 했으나 이미 샴푸를 온통 뒤집어쓴 다음이었습니다.",
      "srcPage": 89,
      "srcSentenceEA": 3,
      "srcWordEA": 28
    },
    {
      "srcTextID": "24393",
      "srcText": "그 전화 소리는 스피커를 통해 관객들에게 그대로 전달되었습니다. 사람들은 기가 막히기고 하고, 한편으로는 유쾌하기도 했습니다. \"역시 백남준이야!\" \"공연 중에 이런 재미 있는 해프닝이 벌어진 것은 난생 처음이야.\"",
      "srcPage": 92,
      "srcSentenceEA": 4,
      "srcWordEA": 28
    },
    {
      "srcTextID": "24397",
      "srcText": "1962년, 백남준은 플럭서스 창립 축하를 위해 독일 비스바덴 미술관에서 머리를 위한 참선이라는 제목의 공연을 하였습니다. 머리에 먹물을 묻혀 그림을 그려 나가는 백남준은 시종일관 몸과 머리를 숙이고 있어야 했습니다. 온몸이 예술을 표현하는 도구가 될 수 있다는 것을 보여 준 이 공연 역시 많은 사람들의 호응을 얻었습니다.",
      "srcPage": 97,
      "srcSentenceEA": 3,
      "srcWordEA": 47
    },
    {
      "srcTextID": "24415",
      "srcText": "이렇듯 백남준의 작품은 관객들의 적극적인 참여로 완성되었습니다. 관객들이 텔레비전 앞에 있는 마이크에 대고 말을 하면 그 소리에 따라 텔레비전 화면에 다양한 선이 그려집니다. 또 막대자석을 텔레비전 화면 앞에서 이리저리 움직이면 그것에 따라 다양한 무늬가 나타납니다.",
      "srcPage": 109,
      "srcSentenceEA": 3,
      "srcWordEA": 37
    },
    {
      "srcTextID": "24344",
      "srcText": "\"네. 그런데 왜 그러세요?\" \"앞으로 네가 다닐 학교다.\" \"네? 제가 이 곳에서 공부한다고요?",
      "srcPage": 46,
      "srcSentenceEA": 3,
      "srcWordEA": 15
    },
    {
      "srcTextID": "24409",
      "srcText": "1964년, 이제 백남준의 나이도 서른세 살로 접어들었습니다. 결혼할 나이가 벌써 지난 것입니다. 백남준은 도쿄로 여행을 떠났습니다.",
      "srcPage": 111,
      "srcSentenceEA": 3,
      "srcWordEA": 18
    },
    {
      "srcTextID": "24413",
      "srcText": "모임이 끝나고 사람들이 돌아가려고 할 때, 백남준이 구보타 시게코에게 말을 걸었습니다. \"조만간에 구보타 씨의 작업실을 방문해도 될까요?\" \"그럼요. 언제든지 대환영이에요.\" 구보타 시게코가 환하게 웃었습니다.",
      "srcPage": 115,
      "srcSentenceEA": 4,
      "srcWordEA": 26
    },
    {
      "srcTextID": "24417",
      "srcText": "두 사람의 마음에는 어느덧 사랑이 싹텄습니다. 이 때, 백남준은 또 한 명의 소중한 사람과 친해졌습니다. 바로 전자 기술자인 쉬아 아베입니다.",
      "srcPage": 117,
      "srcSentenceEA": 3,
      "srcWordEA": 22
    },
    {
      "srcTextID": "24416",
      "srcText": "1969년, 백남준이 쉬아 아베와 함께 뉴욕의 케네디 공항에 도착하자, 전위 음악가이자 첼리스트인 샬로트 무어만이 마중 나와 있었습니다. 백남준의 예술에 흥미를 느낀 무어만은 백남준과 공연을 함께 하고 싶어서 그를 뉴욕으로 초청한 것입니다. 몇 달 동안의 준비 기간을 거친 다음, 마침내 백남준과 무어만의 공연이 시작되었습니다.",
      "srcPage": 120,
      "srcSentenceEA": 3,
      "srcWordEA": 45
    },
    {
      "srcTextID": "24426",
      "srcText": "늦깎이 신랑 신부. 백남준은 점차 비디오 행위 예술가로서 널리 알려졌습니다. 1970년, 백남준은 쉬아 아베와 함께 비디오 영상을 합성하는 기계를 만들었습니다. '백 아베(백남준, 쉬아 아베) 비디오 합성기' 는 비디오 카메라로 찍은 영상을 아름답게 변화시킬 수 있었습니다.",
      "srcPage": 129,
      "srcSentenceEA": 5,
      "srcWordEA": 38
    },
    {
      "srcTextID": "24435",
      "srcText": "결혼식에는 많은 친구들과 팬들이 몰려와 늦깍이 신랑 신부에게 축하 인사를 건넸습니다. \"진심으로 축하합니다!\" \" 두 사람 오래오래 행복하세요!\" 1984년 새해 첫날, 백남준은 굿모닝 미스터 오웰이라는 제목으로 인공위성 쇼를 계획하였습니다.",
      "srcPage": 135,
      "srcSentenceEA": 4,
      "srcWordEA": 30
    },
    {
      "srcTextID": "24439",
      "srcText": "영국의 작가 조지 오웰의 소설 1984에서 영감을 얻은 이 작품은 파리 퐁피두 센터에 앉아 있는 백남준의 총지휘로 전세계에 방영되었습니다. 백남준의 시작 신호와 함께 파리, 뉴욕, 서울, 도쿄 등 세계 각지에 흩어져 있는 예술가들의 공연이 파노라마처림 전개되었습니다. 존 케이지의 선인장 연주, 샬로트 무어만의 첼로 연주, 이브 몽탕의 샹송, 베르코의 패션쇼, 사포의 노래, 콩바스의 그림 등 세계 각지에서 같은 시각에 행해지는 예술 행위가 한 폭의 화면에 담겨 동시에 소개되는 것이었습니다.",
      "srcPage": 136,
      "srcSentenceEA": 3,
      "srcWordEA": 70
    },
    {
      "srcTextID": "24440",
      "srcText": "이 작품은 현대 기계 문명에 대한 찬사와 위기감을 동시에 보여 주었습니다. 그 해 6월 23일, 백남준은 부인 구보타 시게코와 함께 고국 땅을 밟았습니다. 공항에 내린 백남준을 취재하고자 수많은 기자들이 몰려들었습니다.",
      "srcPage": 139,
      "srcSentenceEA": 3,
      "srcWordEA": 32
    },
    {
      "srcTextID": "24346",
      "srcText": "남준은 깜짝 놀랐습니다. \"그래. 앞으로 크게 성공하려면 더 넓은 곳에서 공부해야한다.\" 아버지와 함께 한국으로 돌아온 남준은 유학 준비를 서둘렀습니다.",
      "srcPage": 47,
      "srcSentenceEA": 3,
      "srcWordEA": 21
    },
    {
      "srcTextID": "24437",
      "srcText": "기자들은 연신 카메라 플래시를 터뜨렸습니다. 사람들은 우리 나라보다도 외국에서 먼저 알려져 세계적 예술가의 대열에 오른 백남준이 어떤 사람인지 무척 궁금해하였고 자랑스러워하였습니다. \"선생님, 비디오 예술이란 무엇을 말합니까?\"",
      "srcPage": 140,
      "srcSentenceEA": 3,
      "srcWordEA": 27
    },
    {
      "srcTextID": "24445",
      "srcText": "백남준은 잠시 시간을 내어 시게코와 함께 어린 시절을 보냈던 종로 거리를 돌아다녔습니다. \"어디가 어딘지 하나도 알 수가 없군.\" 어디에서도 예전의 모습을 찾기가 힘이 들었습니다.",
      "srcPage": 142,
      "srcSentenceEA": 3,
      "srcWordEA": 25
    },
    {
      "srcTextID": "24447",
      "srcText": "하긴 10년이면 강산도 변하는데, 무려 35년 만에 찾은 고향이니 낯선 것은 당연했습니다. 그 이후로 백남준은 우리 나라를 위해 많은 일을 했습니다. 1986년, 서울 아시안 게임을 기념하여 바이바이 키플링이라는 주제로 우주 오페라 제2편을 만들어 전세계에 방영하였습니다.",
      "srcPage": 143,
      "srcSentenceEA": 3,
      "srcWordEA": 37
    },
    {
      "srcTextID": "24444",
      "srcText": "바이바이 키플링은 예술과 운동, 동양과 서양의 만남을 주제로 삼았습니다. '동양은 동양이고, 서양은 서양일 뿐, 이 둘은 결코 만날 수 없다.' 는 키플링의 주장에 맞서는 내용이었습니다.",
      "srcPage": 144,
      "srcSentenceEA": 3,
      "srcWordEA": 26
    },
    {
      "srcTextID": "24446",
      "srcText": "백남준은 전세계의 축제인 올림픽을 모든 사람의 공통 언어인 춤과 음악으로 묶어서 보여 주고자 하였습니다. 당시 서양 최고의 팝 가수 데이비드 보이의 노래에 맞추어 춤을 추는 리우데자네이루의 무용수, 예루살렘 미술관의 조각 공원에서 벌어지는 콜 데마마 무용단의 춤 공연이 펼쳐졌습니다. 그리하여 예술과 스포츠, 동양과 서양, 자본주의와 공산주의가 서로 다른 벽을 허물고 하나가 되었습니다.",
      "srcPage": 148,
      "srcSentenceEA": 3,
      "srcWordEA": 53
    },
    {
      "srcTextID": "24450",
      "srcText": "회고전의 제목은 비디오 때, 비디오 땅이었습니다. 이 전시회에는 백남준의 초기 작품들부터 비디오 테이프, 비디오 조각, 그리고 대형 비디오 작품들이 전시되었습니다. '저의 모든 작품 값의 50퍼센트를 국제사면위원회에 기부합니다.'",
      "srcPage": 150,
      "srcSentenceEA": 3,
      "srcWordEA": 28
    },
    {
      "srcTextID": "24453",
      "srcText": "백남준은 수준 높은 과학 기술을 이용하여 시간과 공간을 넘어서 세계를 동시에 체험할 수 있다는 것을 보여 주는 예술 작품을 만들었습니다. 그리하여 평범하고 오락 같은 장면들을 조합하여 다양한 뜻으로 풀이할 수 있는 세계를 보여 준 것입니다. 백남준은 지칠 줄 모르고 예술 활동에 전념했습니다.",
      "srcPage": 154,
      "srcSentenceEA": 3,
      "srcWordEA": 44
    },
    {
      "srcTextID": "24465",
      "srcText": "전화를 받으려고 일어나던 백남준은 소스라치게 놀랐습니다. \"앗! 몸을 일으킬 수가 없어.\" 백남준은 팔을 이리저리 움직여 보고자 했으나 움직여지질 않았습니다.",
      "srcPage": 160,
      "srcSentenceEA": 3,
      "srcWordEA": 21
    },
    {
      "srcTextID": "24468",
      "srcText": "그 날 이후 백남준은 여전히 웃음과 농담으로 주변 사람들을 즐겁게 해 주면서, 휠체어 위에서 작품을 만들고 전시회 준비를 했습니다. 2000년 1월 1일, 새천년이 시작되는 순간, 백남준은 전세계를 향하여 외쳤습니다. \"호랑이는 살아 있다!\"",
      "srcPage": 168,
      "srcSentenceEA": 3,
      "srcWordEA": 33
    },
    {
      "srcTextID": "24473",
      "srcText": "백남준의 이 말은 많은 한국인들에게 자부심과 용기를 주었습니다. 백남준은 이 해 2월부터 4월까지 미국 뉴욕의 구겐하임 미술관에서 대규모 회고전을 가졌습니다. 이 때 백남준은 비디오 아트를 넘어서 레이저 아트를 선보였습니다.",
      "srcPage": 170,
      "srcSentenceEA": 3,
      "srcWordEA": 31
    },
    {
      "srcTextID": "24471",
      "srcText": "다채로운 비디오 영상들이 나오는 50여 개의 텔레비전은 땅입니다. 그리고 물과 거울을 사용하여 빛을 반사시켜 만든 '야곱의 사다리' 는 사람을 뜻합니다. 하늘과 땅과 사람은 서로 손을 맞잡은 하나의 우주입니다.",
      "srcPage": 172,
      "srcSentenceEA": 5,
      "srcWordEA": 31
    },
    {
      "srcTextID": "24470",
      "srcText": "그리고 이 작품을 감상하는 관객이 백남준이 만들어 놓은 우주 속에 어우러지면서 완벽한 세계를 이루어냅니다. 관객들은 자신도 모르는 사이에 백남준의 작품을 완성하는 한 요소가 되어 버린 것입니다. 이 전시회는 무려 27만 명의 관객이 찾아올 정도로 대성황을 이루었습니다.",
      "srcPage": 174,
      "srcSentenceEA": 3,
      "srcWordEA": 38
    },
    {
      "srcTextID": "24476",
      "srcText": "이처럼 세상과 함께하기를 소망하는 백남준은 정말 따뜻한 마음을 가진 사람입니다. 백남준은 지금도 새로운 작품 구상에 몰두하고 있습니다. 다음에는 어떤 기발한 작품을 내놓아 세상을 깜짝 놀라게 할지 정말 기대됩니다.",
      "srcPage": 176,
      "srcSentenceEA": 3,
      "srcWordEA": 30
    },
    {
      "srcTextID": "24311",
      "srcText": "\"안녕하세요?\" 누나에게 피아노를 가르치는 선생님이 오셨습니다. \"딩동댕 딩동댕\" 잠시 후 누나 방에서 피아노의 선율이 들려왔습니다. 남준은 살며시 누나 방으로 들어갔습니다.",
      "srcPage": 12,
      "srcSentenceEA": 4,
      "srcWordEA": 23
    },
    {
      "srcTextID": "24314",
      "srcText": " 피아노 앞에 앉은 남준은 서툰 솜씨로 피아노를 연주했습니다. \"정말 놀랍구나. 가르쳐 주지도 않았는데 혼자서 이렇게 익혔다니. 엄마가 아버지께 말씀드려 보마.\"",
      "srcPage": 17,
      "srcSentenceEA": 4,
      "srcWordEA": 23
    },
    {
      "srcTextID": "24321",
      "srcText": "\"정말이요?\" 남준은 뛸 듯이 기뻤습니다. 다음 날 아침 어머니는 어렵게 말을 꺼냈습니다. \"여보 남준이가 피아노에 소질이 있는 것 같아요. 취미로 배우도록 하는 게 어떨까요?\"",
      "srcPage": 18,
      "srcSentenceEA": 4,
      "srcWordEA": 27
    },
    {
      "srcTextID": "24322",
      "srcText": "\"지금 무슨 소릴 하는 거요? 당신이 그러니까 남준이가 피아노 치겠다는 말을 하는 거요. 그럴 시간 있으면 수학 공부나 더 하라고 그러시오!\" 아버지의 태도는 여전히 완고했습니다. 음악에 눈을 뜬 중학 시절.",
      "srcPage": 19,
      "srcSentenceEA": 5,
      "srcWordEA": 34
    },
    {
      "srcTextID": "24325",
      "srcText": "보통학교를 졸업한 남준은 우리 나라 최고의 명문 경기중학교에 입학했습니다. 당시의 중학교는 지금의 중 고등학교를 합친 6년제 학제였습니다. 중학교에 들어간 지 얼마 안 되었을 때 시집 간 누나 희득이 집에 놀러 왔습니다.",
      "srcPage": 20,
      "srcSentenceEA": 3,
      "srcWordEA": 33
    },
    {
      "srcTextID": "24323",
      "srcText": "누나는 남준보다 열네 살이나 많아서 벌써 시집을 갔던 것입니다. \"남준아 너희 학교에 신재덕 선생님이라고 계시지?\" \"예 우리 음악 선생님이에요.\"",
      "srcPage": 21,
      "srcSentenceEA": 3,
      "srcWordEA": 19
    },
    {
      "srcTextID": "24301",
      "srcText": "\"얘네 아버지는 자가용을 타고 다니시고, 집에는 피아노도 있대.\" \"딩동딩동~\" 때마침 누나가 피아노를 쳤습니다. \"야, 피아노 소리다!\"",
      "srcPage": 4,
      "srcSentenceEA": 3,
      "srcWordEA": 17
    },
    {
      "srcTextID": "24361",
      "srcText": "\"아버지, 제발 용서해 주세요. 다시는 속이지 않겠어요. 그리고 절 좀 이해해 주세요.\" \"시끄럽다!\" 아버지는 들은 척도 하지 않으셨습니다. 그 날 이후 남준과 아버지는 한 자리에 오랫동안 얘기한 적이 없을 정도로 멀어졌습니다.",
      "srcPage": 61,
      "srcSentenceEA": 5,
      "srcWordEA": 35
    },
    {
      "srcTextID": "24319",
      "srcText": "\"너는 정말 음악에 뛰어난 재주를 가졌구나.\" 신 선생님은 하나를 가르치면 열을 깨치는 남준의 명석함에 혀를 내둘렀습니다. \"내친 김에 작곡하는 법도 배워 볼래?\" \"네.\"",
      "srcPage": 25,
      "srcSentenceEA": 3,
      "srcWordEA": 24
    },
    {
      "srcTextID": "24362",
      "srcText": "\"형, 고맙습니다!\" 형의 격려에 남준은 힘을 얻었습니다. 남준은 대학 시절 동안 예술과 더불어 철학과 사상에 대한 공부도 하였습니다. 1956년 도쿄 대학을 우수한 성적으로 졸업한 남준은 더 넓은 세상으로 나아가고 싶었습니다.",
      "srcPage": 63,
      "srcSentenceEA": 4,
      "srcWordEA": 33
    },
    {
      "srcTextID": "24392",
      "srcText": "그 때 요란한 전화벨이 울렸습니다. 백남준이 공연장 근처 카페에서 전화를 건 것입니다. \"이제 공연이 끝났으니, 모두 돌아가 주십시오!\"",
      "srcPage": 91,
      "srcSentenceEA": 3,
      "srcWordEA": 19
    },
    {
      "srcTextID": "24401",
      "srcText": "언제나 앞서나가는 백남준은 또 다른 작품 구상에 들어갔습니다. \"이제 곧 텔레비전이 세상을 지배하는 시대가 올 거야.\" 1963년, 백남준은 당시로서는 가격이 만만치 않은 중고 텔레비전 13대를 구입하였습니다.",
      "srcPage": 98,
      "srcSentenceEA": 3,
      "srcWordEA": 27
    },
    {
      "srcTextID": "24310",
      "srcText": "\"아니, 사내녀석이 피아노는 배워서 뭐하게? 또다시 그런 소릴 했다가는 아버지한테 혼날 줄 알아라.\" 아버지는 한 마디로 딱 잘라 거절하셨습니다.",
      "srcPage": 10,
      "srcSentenceEA": 3,
      "srcWordEA": 21
    },
    {
      "srcTextID": "24408",
      "srcText": "어떤 사람은 혀를 끌끌 찼습니다. 그런데 백남준은 왜 아까운 텔레비전을 망가뜨렸을까요? 그것은 인간이 텔레비전에 지배당하는 것에 저항하기 위해서 였습니다.",
      "srcPage": 105,
      "srcSentenceEA": 3,
      "srcWordEA": 21
    },
    {
      "srcTextID": "24405",
      "srcText": "당시에는 흑백 텔레비전밖에 없었는데, 백남준은 텔레비전에 아름다운 색을 표현하고 싶었습니다. 여러 방면으로 연구한 결과, 자석을 이용하면 화면을 마음대로 바꿀 수 있다는 사실을 알아냈습니다. 또한 음의 파장에 따라 화면 위에 여러 가지 그림이 나타난다는 사실도 발견하였습니다.",
      "srcPage": 107,
      "srcSentenceEA": 3,
      "srcWordEA": 37
    },
    {
      "srcTextID": "24410",
      "srcText": "관객은 단지 감상하는 사람이 아니라 영상을 직접 만드는 창조자가 되는 것입니다. 백남준 자신도 관객이 되어 자석을 들고, 자신이 만든 참여 텔레비전을 직접 움직여 보았습니다. '비디오 아트' 로 불리는 이 예술 기법으로 백남준은 더욱 유명해졌습니다.",
      "srcPage": 110,
      "srcSentenceEA": 4,
      "srcWordEA": 36
    },
    {
      "srcTextID": "24412",
      "srcText": "독일에서의 성공이 일본에 알려지면서 도쿄에서 공연을 요청해 왔기 때문입니다. 드디어 백남준의 일본 공연이 시작되었습니다. 관객 중에는 구보타 시게코라는 젊은 여성도 자리하고 있었습니다.",
      "srcPage": 112,
      "srcSentenceEA": 3,
      "srcWordEA": 24
    },
    {
      "srcTextID": "24418",
      "srcText": "며칠 후, 백남준은 약속대로 구보타 시게코의 작업실을 찾았습니다. 그녀의 작품을 둘러본 백남준은 작품에 대한 조언을 아끼지 않았습니다. 그 날 이후 두 사람은 자주 만남을 가졌고, 모든 면에서 서로 잘 통한다는 사실을 확인하였습니다.",
      "srcPage": 116,
      "srcSentenceEA": 3,
      "srcWordEA": 34
    },
    {
      "srcTextID": "24431",
      "srcText": "다양한 색을 입혀 이미지를 바꾸는 백 아베 비디오 합성기는 당시 비디오 예술은 물론 광고와 영화, 뮤직 비디오 제작에도 커다란 영향을 미쳤습니다. 이 기법을 이용하여 백남준은 샬로트 무어만의 연주 장면을 비디오 합성기로 변형시킨 이미지, 글로벌 글루브를 발표하기도 하였습니다. 백남준이 뉴욕으로 거처를 옮겼을 때 마침 구보타 시게코도 뉴욕으로 오게 되었습니다. 다시 만난 두 사람은 비디오 예술가로서 같은 길을 걷게 되었습니다.",
      "srcPage": 130,
      "srcSentenceEA": 4,
      "srcWordEA": 61
    },
    {
      "srcTextID": "24430",
      "srcText": "'결혼을 하면 서로 구속하게 되어 예술 활동을 하는데 불편함이 따를 거야. 이대로도 좋은데 굳이 사회의 관습에 따를 필요는 없지.' 이것이 두 사람의 공통된 생각이었습니다. 하지만 나이가 들면서 두 사람 모두 뭔가 허전함을 느끼게 되었습니다.",
      "srcPage": 132,
      "srcSentenceEA": 4,
      "srcWordEA": 37
    },
    {
      "srcTextID": "24434",
      "srcText": "\"시게코, 나와 결혼해 주시오.\" 어느 날 갑자기 백남준이 청혼을 하였습니다. 그 순간, 시게코의 눈에서는 눈물이 흘러내렸습니다.",
      "srcPage": 133,
      "srcSentenceEA": 3,
      "srcWordEA": 18
    },
    {
      "srcTextID": "24309",
      "srcText": "\"너, 오늘도 왔구나.\" 선생님은 초롱초롱한 남준의 눈망울을 바라보며 머리를 쓰다듬어 주셨습니다. 남준은 누나 옆에 서서 악보를 놓고 설명하시는 선생님의 말씀에 귀를 기울였습니다.",
      "srcPage": 13,
      "srcSentenceEA": 3,
      "srcWordEA": 24
    },
    {
      "srcTextID": "24433",
      "srcText": "\"사실 저는 오래 전부터 이 말을 기다려 왔어요.\" 시게코는 백남준의 가슴에 얼굴을 묻었습니다. 1977년 3월 21일, 청년의 모습으로 만났던 두 사람은 중년이 되어서야 결혼식을 올렸습니다.",
      "srcPage": 134,
      "srcSentenceEA": 3,
      "srcWordEA": 27
    },
    {
      "srcTextID": "24438",
      "srcText": "백남준의 말에 사람들은 환호했습니다. 이것은 당시에는 굉장한 사건으로서, 텔레비전 앞을 떠날 줄 몰랐답니다. 백남준은 이것을 '우주 오페라' 라고 명명하였습니다.",
      "srcPage": 138,
      "srcSentenceEA": 5,
      "srcWordEA": 22
    },
    {
      "srcTextID": "24442",
      "srcText": "\"현재 미국에서는 어떤 활동을 하고 계십니까?\" 기자들의 질문은 끝이 없었습니다. \"나중에 따로 시간을 내어 모두 말씀드리겠습니다. 우선은 쉬고 싶습니다.\"",
      "srcPage": 141,
      "srcSentenceEA": 4,
      "srcWordEA": 21
    },
    {
      "srcTextID": "24443",
      "srcText": "1988년에는 우리 나라에서 올림픽이 개최되었습니다. \"따르릉~\" 서울에서 뉴욕으로 전화가 걸려 왔습니다. \"여기는 서울 올림픽 조직위원회입니다. 백남준 선생께 부탁이 있어서 전화를 드렸습니다.\"",
      "srcPage": 146,
      "srcSentenceEA": 4,
      "srcWordEA": 23
    },
    {
      "srcTextID": "24451",
      "srcText": "\"마치 꿈의 나라에 들어온 것 같아요.\" 다다익선을 관람한 사람들은 그 장대함과 화려함, 현란함에 입을 다물 줄 몰랐습니다. 1990년대 들어서 컴퓨터가 급격하게 보급됨에 따라 백남준의 작품은 더욱 다양해졌습니다.",
      "srcPage": 153,
      "srcSentenceEA": 3,
      "srcWordEA": 29
    },
    {
      "srcTextID": "24454",
      "srcText": "사람들과 즐거움을 함께하는 것을 가장 큰 보람으로 느꼈던 백남준은, 자신의 작품과 공연을 보고 싶어하는 사람들이 있는 곳이면 어디에든 달려갔습니다. 헐렁한 멜빵 바지를 입고, 와이셔츠에는 큰 주머니를 만들어 물병과 신문을 꽂고 다녔습니다. 작업을 하다 지치면 미술과 전시실이든 뒤뜰이든 작업실 한 귀퉁이든 가리지 않고 잠을 잤습니다.",
      "srcPage": 155,
      "srcSentenceEA": 3,
      "srcWordEA": 46
    },
    {
      "srcTextID": "24458",
      "srcText": "부인 시게코는 이런 남편의 건강이 걱정되었습니다. 일에 몰두하다 보면 집에 들어오지 않고 작업실에서 밤을 새우는 일도 많았기 때문입니다. \"당신, 너무 무리하는 거 아니에요? 당뇨도 있으니 조심해야지요.\" \"그래, 알았소. 이번 전시만 마치면 어디 조용한 데로 여행이라도 갑시다.\" 1996년 4월 20일, 이 날도 백남준은 전시회 준비에 여념이 없었습니다.",
      "srcPage": 156,
      "srcSentenceEA": 7,
      "srcWordEA": 50
    },
    {
      "srcTextID": "24459",
      "srcText": "부인의 전화를 끊고 백남준은 작업을 계속하였습니다. 그리고 피곤함을 느낀 백남준은 여느 때처럼 전시실 한쪽 바닥에 자리를 깔고 누웠습니다. \"따르릉~\" 다음 날 아침, 백남준은 전화벨 소리에 깜짝 놀라 눈을 떴습니다.",
      "srcPage": 159,
      "srcSentenceEA": 3,
      "srcWordEA": 31
    },
    {
      "srcTextID": "24466",
      "srcText": "전화벨 소리는 계속 울려왔지만 백남준은 꼼짝도 못 한 채 누워 있어야 했습니다. 1시간 후, 부인이 헐레벌떡 전시실로 뛰어들어왔습니다. \"여보! 어떻게 된 거예요?\"",
      "srcPage": 161,
      "srcSentenceEA": 3,
      "srcWordEA": 24
    },
    {
      "srcTextID": "24332",
      "srcText": "\"내 시가 이렇게 아름다운 노래로 탄생하다니, 정말 놀라운 걸!\" \"노래로 들으니 시가 더욱 근사해 보인다.\" \"남준아, 정말 고맙다.\"",
      "srcPage": 35,
      "srcSentenceEA": 3,
      "srcWordEA": 18
    },
    {
      "srcTextID": "24461",
      "srcText": "그 이후로 백남준은 휄체어 신세를 져야 했습니다. 부인 구보타 시게코는 정성을 다하여 백남준을 간호하였습니다. 자신 역시 명성을 떨치고 있는 비디오 예술가였지만, 남편의 간호를 위해 자신의 작품 활등을 대폭 줄였습니다.",
      "srcPage": 164,
      "srcSentenceEA": 3,
      "srcWordEA": 31
    },
    {
      "srcTextID": "24469",
      "srcText": "임진각에서 벌어진 이 비디오 퍼포먼스는 전세계 87개국에 생중계되었습니다. 백두산 호랑이가 아프리카 사자와 싸워 이기는 내용을 담고 있는 이 공연을 통해 백남준은, 낯선 이국 땅에서 굳세게 창작 활동을 펼쳐 온 자신의 삶의 여정을 토해 내었습니다. \"저는 한 마리의 호랑이로서 서양에서 서양인들과 어깨를 겨루며 살아가고 있습니다. 또한 앞으로도 당당하게 살아갈 것 입니다.\"",
      "srcPage": 169,
      "srcSentenceEA": 4,
      "srcWordEA": 52
    },
    {
      "srcTextID": "24472",
      "srcText": "백남준의 또 다른 레이저 아트 작품인 삼원소는 주역의 내용을 바탕으로 하고 있습니다. 거울로 만든 구조물에 큐빅으로 빛을 반사시키는 삼각형, 원형, 사각형, 각각 불, 물, 흙을 상징합니다. 이 삼원소와 함께 전시관을 가득 메운 공기가 우주를 이루는 4가지 요소가 됩니다.",
      "srcPage": 173,
      "srcSentenceEA": 3,
      "srcWordEA": 40
    },
    {
      "srcTextID": "24312",
      "srcText": "'왜 남자는 피아노를 배우면 안 되는 걸가?' 남준은 아버지의 말을 이해할 수가 없었고, 그저 원망스럽기만 하였습니다. 당시에는 피아노 치는 것이나 그림 그리는 것을 여자들의 취미 생활쯤으로 여기고 있었기 때문입니다.",
      "srcPage": 11,
      "srcSentenceEA": 3,
      "srcWordEA": 31
    },
    {
      "srcTextID": "24315",
      "srcText": "\"우리 막내, 거기서 뭐 하니?\" 어머니가 살며시 다가와서는 남준이 그려놓은 것을 바라보셨습니다. \"아니, 이건 악보가 아니냐?\"",
      "srcPage": 15,
      "srcSentenceEA": 3,
      "srcWordEA": 17
    },
    {
      "srcTextID": "24331",
      "srcText": "오히려 내성적인 수줍음이 많아서 반 친구들과 잘 어울리지 못했습니다. 남준에게는 신 선생님께 음악을 배우는 것과 책을 읽는 것이 가장 큰 즐거움이었습니다. 그래서 매일같이 서점에 들렀습니다.",
      "srcPage": 29,
      "srcSentenceEA": 3,
      "srcWordEA": 27
    },
    {
      "srcTextID": "24327",
      "srcText": "그들은 취미가 같아서인지 서로 통하는 것이 많았습니다. 친구들 중에는 시를 즐겨 쓰는 소년들도 있었습니다. 그들은 남준의 집에 자주 몰려왔습니다. 남준의 방이 넓고, 어머니가 맛있는 것을 많이 내오셨기 때문입니다.",
      "srcPage": 31,
      "srcSentenceEA": 4,
      "srcWordEA": 31
    },
    {
      "srcTextID": "24333",
      "srcText": "\"드디어 노래가 만들어진 거니?\" 친구들은 잔뜩 기대를 안고 음악실로 모여들었습니다. 남준이 피아노를 치며 노래를 부르자, 친구들은 깜짝 놀랐습니다.",
      "srcPage": 34,
      "srcSentenceEA": 3,
      "srcWordEA": 20
    },
    {
      "srcTextID": "24340",
      "srcText": "중학교 4학년, 지금으로 치면 고등학교 1학년이 된 것입니다. \"남준이 방에 있니?\" 남준이 악보를 보며 흥얼거리고 있는데 아버지가 들어오셨습니다.",
      "srcPage": 38,
      "srcSentenceEA": 3,
      "srcWordEA": 19
    },
    {
      "srcTextID": "24318",
      "srcText": "\"그 선생님이 누나 친구야. 피아노를 잘 쳐서 연주회도 몇 번 열었지.\" \"그래요? 누나가 잘 말씀드려서 나에게 피아노를 가르쳐 주라고 하면 안 될까요?\" \"우리 막내가 아직도 피아노에 대한 미련을 버리지 못 했구나. 내가 한번 부탁해 볼게.\"",
      "srcPage": 22,
      "srcSentenceEA": 5,
      "srcWordEA": 38
    },
    {
      "srcTextID": "24347",
      "srcText": "아버지가 일방적으로 내린 결정이었지만, 새로운 세계에서 공부하게 된다는 기대감으로 남준의 가슴은 콩닥콩닥 뛰었습니다. 남준이 떠나는 날 어머니와 누나가 공항까지 배웅을 나오셨습니다. \"남준아, 편지 자주 하거라. 급한 일이 있으면 전화로 연락하고.\"",
      "srcPage": 48,
      "srcSentenceEA": 4,
      "srcWordEA": 32
    },
    {
      "srcTextID": "24349",
      "srcText": "그리고 한 달쯤 뒤에 다시 홍콩으로 돌아가려는데, 그만 6 25전쟁이 터졌습니다. \"어서 피란을 서둘러야겠다.\" 남준의 가족은 그 즉시 부산을 거쳐 일본으로 피란을 떠났습니다.",
      "srcPage": 51,
      "srcSentenceEA": 3,
      "srcWordEA": 24
    },
    {
      "srcTextID": "24360",
      "srcText": "\"아니, 이게 어찌 된 일이지?\" 그것은 도쿄 대학 미학과에서 온 우편물이었습니다. \"남준이가 상과가 아닌 미학과에 들어갔던 것이로군. 그 동안 나를 감쪽같이 잘도 속였어?\" 아버지는 불같이 화를 내셨습니다.",
      "srcPage": 58,
      "srcSentenceEA": 5,
      "srcWordEA": 30
    },
    {
      "srcTextID": "24359",
      "srcText": "\"무슨 일이세요?\" 어머니가 놀라서 달려오셨습니다. \"남준이를 빨리 데려오시오.\" 자기 방에 있던 남준은 사태를 깨닫고 주춤주춤 아버지 곁으로 다가왔습니다.",
      "srcPage": 59,
      "srcSentenceEA": 4,
      "srcWordEA": 20
    },
    {
      "srcTextID": "24365",
      "srcText": "남준은 눈물을 글썽였습니다. 남준의 형과 누나들이 모두 유복하게 살았기 때문에 가능한 일이었습니다. 이렇게 하여 남준은 독일 유학을 떠나게 되었습니다.",
      "srcPage": 65,
      "srcSentenceEA": 3,
      "srcWordEA": 21
    },
    {
      "srcTextID": "24368",
      "srcText": "이 곳에서 백남준은 평생의 스승인 존 케이지를 만나게 되었습니다. 존 케이지는 악기 소리뿐만 아니라 다양한 소리로 작곡을 하는 음악가로 유명했습니다. 특히 동양 사상에 깊은 관심을 가지고 있었으며, 소음과 침묵도 음악이라고 생각하는 작곡가였습니다.",
      "srcPage": 69,
      "srcSentenceEA": 3,
      "srcWordEA": 34
    },
    {
      "srcTextID": "24376",
      "srcText": "이 때부터 백남준과 존 케이지의 평생에 걸친 우정이 시작되었습니다. 백남준은 이제 존 케이지의 가르침에서 한 단계 더 나아갔습니다. \"행동 자체도 음악이 될 수 있다!\"",
      "srcPage": 76,
      "srcSentenceEA": 3,
      "srcWordEA": 25
    },
    {
      "srcTextID": "24380",
      "srcText": "그 다음으로 백남준은 무대 위에서 발로 깡통을 걷어찼습니다. 그러자 깡통은 유리판을 깨뜨리고, 깨어진 유리 조각들이 다시 달걀과 자동차에 부딪혔습니다. 백남준은 피아노로 달려가 손 대신 머리로 세 대의 피아노를 연주했습니다.",
      "srcPage": 79,
      "srcSentenceEA": 3,
      "srcWordEA": 31
    },
    {
      "srcTextID": "24382",
      "srcText": "베토벤 교향곡 등의 고전 음악과 소음, 녹음된 소리와 무대에서 연주하는 음악, 심지어 연주하는 몸짓까지도 음악이라는 백남준의 생각을 드러낸 공연이었습니다. 공연이 모두 끝나자 관객들은 어리둥절한 표정을 지었습니다. \"무슨 음악회가 이래? 뭐가 뭔지 정신이 하나도 없군.\"",
      "srcPage": 80,
      "srcSentenceEA": 4,
      "srcWordEA": 36
    },
    {
      "srcTextID": "24387",
      "srcText": "눈에 익고 평범한 것들을 한순간에 예술 작품으로 바꾸어 버리는 재능을 발휘했던 것입니다. 백남준은 처음에는 진지하게 피아노 연주만 했습니다. 하지만 사람들은 잠시도 마음을 놓을 수가 없었습니다.",
      "srcPage": 86,
      "srcSentenceEA": 3,
      "srcWordEA": 27
    },
    {
      "srcTextID": "24386",
      "srcText": "그러더니 존 케이지에게 다가가 그의 넥타이를 가위로 싹둑 잘라 버렸습니다. \"아니, 이 사람이.\" 케이지는 처음에는 놀랐으나, 이내 백남준이 잘라 낸 넥타이를 손에 들고 유쾌하게 웃었습니다.",
      "srcPage": 88,
      "srcSentenceEA": 3,
      "srcWordEA": 26
    },
    {
      "srcTextID": "24390",
      "srcText": "튜더에게 샴푸 세례를 퍼부은 백남준은 황급히 밖으로 나가 버렸습니다. 백남준은 한참이 지나도 나타나지 않았습니다. \"아니, 대체 어딜 간거야?\" 사람들이 웅성웅성 떠들어대기 시작했습니다. \"따르릉!\"",
      "srcPage": 90,
      "srcSentenceEA": 4,
      "srcWordEA": 25
    },
    {
      "srcTextID": "24337",
      "srcText": "\"무슨 일이세요?\" \"너, 영어 잘 하지? 이번에 아버지가 사업 때문에 홍콩에 가게 됐는데 네가 따라가서 통역을 해 주어야겠다.\" \"잘은 못 하지만 할 수 있는 만큼 도와 드리겠어요.\" 며칠 후에 남준은 아버지와 함께 난생 처음으로 비행기에 올랐습니다.",
      "srcPage": 40,
      "srcSentenceEA": 5,
      "srcWordEA": 38
    },
    {
      "srcTextID": "24328",
      "srcText": "남준은 흔쾌히 대답했습니다. '이렇게 똑똑한 아이는 처음 보는군. 하긴 혼자서 피아노 치는 법을 깨우쳤다고 하니.' 선생님은 남준에게 작곡은 물론 성악까지 가르쳤습니다.",
      "srcPage": 26,
      "srcSentenceEA": 4,
      "srcWordEA": 23
    },
    {
      "srcTextID": "24395",
      "srcText": "즉 백남준이 케이지의 넥타이를 자른 것은, 남자의 권위와 힘을 상징하는 답답한 넥타이에서 자유로워지자는 의미였습니다. 또한 튜더의 머리에 샴푸를 들이부은 것은, 머리가 '생각하는 그릇'이라는 기존의 사고방식에서 벗어나 '예술을 표현하는 도구' 가 될 수 있다는 것을 보여 준 것입니다. 그리고 밖에 나가서 공연이 끝났음을 전화로 알려 온 것은, 공연이 끝나면 무대 위에서 관객들에게 인사하는 것을 당연하게 여기는 고정관념을 깨뜨리는 행위였습니다.",
      "srcPage": 94,
      "srcSentenceEA": 7,
      "srcWordEA": 62
    },
    {
      "srcTextID": "24394",
      "srcText": "\"하여튼 백남준의 실험 정신은 알아줘야 해.\" 이 공연으로 백남준은 순식간에 유명해졌고, '음악의 테러리스트' 라는 별명을 갖게 되었습니다. 또한 행위 예술가로서 알려지는 계기가 되었습니다.",
      "srcPage": 95,
      "srcSentenceEA": 5,
      "srcWordEA": 26
    },
    {
      "srcTextID": "24396",
      "srcText": "'행위 예술' 이란 작품을 제작하는 행위의 일부를 관객 앞에서 직접 보여 줌으로써 관객이 작품의 제작에 참여하기도 하며, 예술가와 관객이 서로 소통할 수 있는 예술을 만들어 내고자 하는 것입니다. 이런 행위 예술은 예술 작품을 제작하는 전통 방법을 거부하면서 미술, 음악, 연극 등의 요소를 한데 뒤섞어 하나의 작품을 만듭니다. 작품 재료도 물감 같은 전통 재료에 한정하지 않고 일상 용품까지 사용합니다.",
      "srcPage": 96,
      "srcSentenceEA": 4,
      "srcWordEA": 61
    },
    {
      "srcTextID": "24402",
      "srcText": "음악의 전시 전자 텔레비전 이것이 공연의 제목이었습니다. 많은 사람들이 전시회의 제목에 궁금증을 가졌습니다. \"음악회야, 아니면 텔레비전 전시회야?\"",
      "srcPage": 100,
      "srcSentenceEA": 3,
      "srcWordEA": 18
    },
    {
      "srcTextID": "24404",
      "srcText": "이번에도 사람들은 호기심을 잔뜩 안고 전시회를 찾았습니다. 사람들이 전시회장에 들어서는 순간, 세 대의 피아노가 보였습니다. 그런데 피아노 안에 집게, 압정, 지우개와 같은 물건들을 넣고, 건반 위에 못을 박아 연주를 할 수 없게 만들어 버렸습니다.",
      "srcPage": 101,
      "srcSentenceEA": 3,
      "srcWordEA": 36
    },
    {
      "srcTextID": "24399",
      "srcText": "백남준은 우리가 알고 있는 피아노의 형태를 바꾼 것입니다. 그 다음으로 13대의 텔레비전이 전시되어 있었습니다. \"아니, 텔레비전이 엉망진창이 되어 버렸잖아?\"",
      "srcPage": 102,
      "srcSentenceEA": 3,
      "srcWordEA": 20
    },
    {
      "srcTextID": "24345",
      "srcText": "'난 앞으로 절대 장사 같은 건 하지 않을 거야.\" 남준은 속으로 다짐하였습니다. 다음 날, 아버지는 남준을 홍콩의 어느 학교로 데려가셨습니다.",
      "srcPage": 44,
      "srcSentenceEA": 3,
      "srcWordEA": 22
    },
    {
      "srcTextID": "24336",
      "srcText": "친구들은 입에 침이 마르도록 칭찬했습니다. \"나는 네가 피아노만 잘 치는 줄 알알았는데, 이렇게 작곡까지 할 줄은 미처 몰랐다.\" 계속되는 친구들의 칭찬에 남준은 겸연쩍은 듯 머리를 긁적 였습니다.",
      "srcPage": 36,
      "srcSentenceEA": 3,
      "srcWordEA": 28
    },
    {
      "srcTextID": "24338",
      "srcText": "\"이제 그만들 해. 왜들 비행기를 태우고 그래.\" 남준은 얼굴을 붉히며 말했습니다. 홍콩유학. 이제 남준은 열일곱 살이 되었습니다. ",
      "srcPage": 37,
      "srcSentenceEA": 5,
      "srcWordEA": 21
    },
    {
      "srcTextID": "24406",
      "srcText": "또한 이들 텔레비전 중에는 관객이 발로 건드리거나 손으로 만져야만 작동하는 것이 있었습니다. 이처럼 백남준은 자신의 작품에 관객의 적극적인 행동을 끌어들이고자 했습니다. 이후로도 백남준은 텔레비전을 이용한 작품을 많이 구상하였습니다.",
      "srcPage": 106,
      "srcSentenceEA": 3,
      "srcWordEA": 30
    },
    {
      "srcTextID": "24339",
      "srcText": "남준은 얼른 악보를 뒤로 감추었습니다. \"너는 공부는 안 하고 악보나 들여다보고 있는 거냐?\" 아버지는 음악을 좋아하는 남준이 늘 못마땅했습니다.",
      "srcPage": 39,
      "srcSentenceEA": 3,
      "srcWordEA": 20
    },
    {
      "srcTextID": "24448",
      "srcText": "한국의 사물놀이패와 미국의 타악기 그룹의 연주를 화면에 동시에 내보내고, 미국 사람과 일본 사람이 손을 내밀어 위성 악수를 나눕니다. 뉴욕에서 연주되는 강한 리듬의 음악에 맞추어 서울에서는 마라톤 경기가 펼쳐집니다. 이것은 예술과 운동이 하나가 되는 모습입니다.",
      "srcPage": 145,
      "srcSentenceEA": 3,
      "srcWordEA": 36
    },
    {
      "srcTextID": "24455",
      "srcText": "이 때 백남준은 이런 유언장을 만들었습니다. 이처럼 백남준은 자신의 평안함뿐만 아니라, 언제나 힘들고 지친 사람들을 위하는 마음을 가지고 있었습니다. 이 때, 백남준은 1,003대의 텔레비전으로 이루어진 거대한 탑을 쌓았습니다.",
      "srcPage": 151,
      "srcSentenceEA": 3,
      "srcWordEA": 30
    },
    {
      "srcTextID": "24457",
      "srcText": "\"여보, 오늘도 못 들어오시는 거예요?\" 부인으로부터 전화가 왔습니다. \"아무래도 그럴 것 같소. 내 걱정은 말고 먼저 자요.\"",
      "srcPage": 158,
      "srcSentenceEA": 4,
      "srcWordEA": 19
    },
    {
      "srcTextID": "24464",
      "srcText": "온몸이 마비되어 말조차 제대로 할 수 없었던 것입니다. 백남준은 급히 구급차에 실려 병원으로 갔습니다. 당뇨의 합병증이 와서 뇌졸중에 걸려 쓰러진 것이었습니다.",
      "srcPage": 163,
      "srcSentenceEA": 3,
      "srcWordEA": 23
    },
    {
      "srcTextID": "24462",
      "srcText": "백남준은 병석에서 부인에게 이렇게 말했습니다. \"내가 일에 대한 욕심이 너무 많아서 하늘에서 뇌졸중이라는 큰 벌을 내리신 것 같소.\" \"당신은 앞으로 계속 활동할 수 있을 테니 걱정 마세요.\"",
      "srcPage": 165,
      "srcSentenceEA": 3,
      "srcWordEA": 27
    },
    {
      "srcTextID": "24467",
      "srcText": "퇴원을 한 백남준은 이제 휠체어에 의지하여 생활해야 했습니다. 백남준이 휠체어를 타고 전시실에 나타나자 많은 사람들이 격려의 박수를 쳐 주었습니다. \"선생님, 힘내세요!\" \"선생님, 사랑하고 존경합니다.\"",
      "srcPage": 167,
      "srcSentenceEA": 4,
      "srcWordEA": 25
    },
    {
      "srcTextID": "24341",
      "srcText": "\"아버지, 왜 자꾸 사람들에게 거짓말을 하세요?\" \"높은 값을 받기 위해서는 상품을 좋게 말해야 하고, 이 과정에서 어쩔 수 없이 거짓말을 하기도 한단다. 장사를 해서 이윤을 남기려면 어쩔 수가 없어.\"",
      "srcPage": 43,
      "srcSentenceEA": 3,
      "srcWordEA": 30
    },
    {
      "srcTextID": "24350",
      "srcText": "막내아들을 멀리 떠나 보내는 어머니는 걱정이 이만저만이 아니었습니다. \"어머니, 염려 마세요.\" 남준은 어머니를 꼭 안아 드렸습니다. 남준과 아버지가 비행기를 타러 들어가는 순간까지 어머니는 잠시도 남준의 손을 놓지 않았습니다.",
      "srcPage": 49,
      "srcSentenceEA": 4,
      "srcWordEA": 30
    },
    {
      "srcTextID": "24351",
      "srcText": "홍콩 로이든 학교에 입학한 남준은 즐겁게 학교 생활을 하였습니다. 처음에는 서툰 영어 때문에 애를 먹었으나 금세 적응이 되었고, 그 곳에서도 남준은 두각을 나타냈습니다. 다음 해 5월에 남준은 조카 백일 잔치를 보려고 고국으로 잠시 돌아와 있었습니다.",
      "srcPage": 50,
      "srcSentenceEA": 3,
      "srcWordEA": 37
    },
    {
      "srcTextID": "24352",
      "srcText": "\"도쿄 대학을 목표로 열심히 공부하겠습니다.\" 도쿄 대학은 일본에서 가장 우수한 인재들이 모여드는 명문 학교였습니다. 그 날부터 남준은 열심히 공부하였습니다.",
      "srcPage": 54,
      "srcSentenceEA": 3,
      "srcWordEA": 21
    },
    {
      "srcTextID": "24354",
      "srcText": "남준은 아버지께 죄송한 마음이 들었으나 아버지 때문에 자신의 꿈을 포기할 수는 없었습니다. 남준이 즐겁게 학교를 다니고 있던 어느 날 학교에서 우편물 한 통이 배달되었습니다. 이것을 우연히 아버지가 받아 보시게 되었습니다.",
      "srcPage": 57,
      "srcSentenceEA": 3,
      "srcWordEA": 32
    },
    {
      "srcTextID": "24367",
      "srcText": "하지만 음악사 공부에만 전념하기엔 뭔가 답답하고 허전함을 느꼈습니다. 틀에 박힌 것을 싫어하는 남준으로서는, 음악사를 공부하면서 선배들이 쌓아 놓은 업적을 익히고 나면 오히려 마음이 답답해져 올 뿐이었습니다. 이리저리 궁리한 끝에 백남준은 보다 창조적인 작곡 공부를 위해 프라이부르크 대학으로 옮겼습니다.",
      "srcPage": 67,
      "srcSentenceEA": 3,
      "srcWordEA": 40
    },
    {
      "srcTextID": "24398",
      "srcText": "그리고 작업에 몰두하였습니다. 이번에는 어떤 작품이 나올까요?\" 그로부터 며칠 후, 백남준은 공연 현수막과 팸플릿을 준비 하였습니다.",
      "srcPage": 99,
      "srcSentenceEA": 3,
      "srcWordEA": 18
    },
    {
      "srcTextID": "24400",
      "srcText": "어떤 것은 화면이 뒤집혀 있거나 앞과 옆 두 군데에 화면이 있기도 했습니다. 또 미국 대통령의 얼굴이 비틀어져 있는 화면, 동그라미와 수직선만 보이는 화면도 있었습니다. \"아까운 텔레비전을 다 못쓰게 만들었군.\"",
      "srcPage": 104,
      "srcSentenceEA": 3,
      "srcWordEA": 30
    },
    {
      "srcTextID": "24411",
      "srcText": "구보타 시게코는 열정적이고 파격적인 백남준의 공연에 매료되었습니다. 공연이 끝난 뒤, 백남준의 친구들이 마련한 조촐한 모임에는 얼굴이 붉게 상기된 구보타 시게코도 참석하였습니다. 백남준보다 다섯 살 아래인 이 여성은 시종일관 백남준에게서 눈을 떼지 못하였습니다.",
      "srcPage": 113,
      "srcSentenceEA": 3,
      "srcWordEA": 34
    },
    {
      "srcTextID": "24419",
      "srcText": "원격 조종이 가능한 이 로봇은 소리도 지르고 노래도 불렀습니다. 백남준은 이 로봇을 가지고 쉬아 아베와 함께 뉴욕으로 갔습니다. 샬로트 무어만과의 공연. \"어서오세요, 백남준 씨.\"",
      "srcPage": 119,
      "srcSentenceEA": 4,
      "srcWordEA": 26
    },
    {
      "srcTextID": "24424",
      "srcText": "백남준은 피아노를 치고, 그 옆에는 '로봇 K 456' 이 케네디 대통령의 취임사를 흉내내거나 노래를 부르며 관중 사이를 신 나게 누볐습니다. 샬로트 무어만의 뛰어난 첼로 연주와 백남준의 기발한 아이디어가 조화를 이룬 이 멋진 공연은 사람들의 커다란 호응을 얻었습니다.",
      "srcPage": 122,
      "srcSentenceEA": 4,
      "srcWordEA": 39
    },
    {
      "srcTextID": "24425",
      "srcText": "\"백남준은 왜 애지중지하던 로봇을 죽인 걸까?\" \"글쎄? 또 다른 멋진 로봇을 만들려고 그런 게 아닐까?\" 하지만 백남준이 자신의 분신과도 같은 '로봇 K 456' 을 왜 죽였는지에 대해서는 아무도 알 수가 없었습니다.",
      "srcPage": 126,
      "srcSentenceEA": 5,
      "srcWordEA": 34
    },
    {
      "srcTextID": "24428",
      "srcText": "백남준의 예술 공연에서는 어떤 하나의 의미만을 찾기가 어렵습니다. '아는 만큼 보인다' 라는 말도 있듯이, 관람객이 어떤 시각으로 어느 만큼의 지식을 가지고 보느냐에 따라 이해의 폭이 달라지기 때문입니다. 따라서 똑같은 공연을 보고서도 해석하는 방법은 사람마다 각양각색을 띠게 되는 것입니다.",
      "srcPage": 128,
      "srcSentenceEA": 4,
      "srcWordEA": 40
    },
    {
      "srcTextID": "24326",
      "srcText": "\"야, 근사하다!\" \"쟤네집 대단한 부자인가 봐.\" 당시에는 자가용이 매우 귀했기 때문에 자가용을 타고 오는 남준은 친구들의 부러움을 한몸에 받았습니다. 하지만 남준은 어디에서도 부잣집 도련님 티는 나지 않았습니다.",
      "srcPage": 28,
      "srcSentenceEA": 4,
      "srcWordEA": 29
    }
  ]
}