{
  "title": "로빈 후드",
  "author": "하워드 파일",
  "illustrator": "이병호",
  "isbn": "9791165955366",
  "readAge": "초등_고학년",
  "publishedYear": 2022,
  "publisher": "아람북스",
  "classification": "의사소통",
  "paragraphInfoCount": 20,
  "paragraphInfo": [
    {
      "srcTextID": "120547",
      "srcText": "로빈 후드는 활을 꺼내어 힘차게 당겼다. 로빈 후드의 화살은 정확히 사슴의 가슴팍에 꽂혔다. \"자, 이제 약속대로 금화 20닢을 주시지요.\"",
      "srcPage": 6,
      "srcSentenceEA": 3,
      "srcWordEA": 20
    },
    {
      "srcTextID": "121965",
      "srcText": "로빈 후드가 삼림 감독관을 향해 말했다. 삼림 감독관들은 약이 올랐다. 특히 금화 20닢을 건 삼림 감독관은 몹시 화를 내며 소리쳤다.",
      "srcPage": 7,
      "srcSentenceEA": 3,
      "srcWordEA": 22
    },
    {
      "srcTextID": "121964",
      "srcText": "\"잔소리 말고 어서 꺼져! 너는 국왕의 사슴을 죽였다. 법대로 하자면 넌 처형을 받아야 마땅해.\"",
      "srcPage": 8,
      "srcSentenceEA": 3,
      "srcWordEA": 16
    },
    {
      "srcTextID": "120548",
      "srcText": "어느 날, 로빈 후드는 노팅엄에서 활쏘기 대회가 열린다는 소식을 들었다. 1등을 하는 사람에게는 맥주 한 통을 준다고 했다. \"내 활 솜씨를 뽐낼 좋은 기회로군.\"",
      "srcPage": 2,
      "srcSentenceEA": 3,
      "srcWordEA": 25
    },
    {
      "srcTextID": "120544",
      "srcText": "꼬마라는 말을 듣자 로빈 후드는 화가 났다. \"꼬마라니? 이래 봬도 내 활 솜씨가 당신들보다는 훨씬 나을 것이오.\" \"뭐라고? 좋아! 그렇다면 솜씨 구경을 좀 해 볼까?\"",
      "srcPage": 4,
      "srcSentenceEA": 4,
      "srcWordEA": 28
    },
    {
      "srcTextID": "120549",
      "srcText": "옛날, 잉글랜드에 한 젊은이가 살고 있었다. 이 젊은이는 건장한 체구에 활도 잘 쏘아 성안에서 그의 이름을 모르는 사람이 없을 정도였다. 그의 이름은 로빈 후드, 나이는 열여덟 살이었다.",
      "srcPage": 1,
      "srcSentenceEA": 3,
      "srcWordEA": 29
    },
    {
      "srcTextID": "120546",
      "srcText": "로빈 후드는 활과 화살을 챙겨 들고 노팅엄으로 향했다. 로빈 후드는 가벼운 마음으로 셔우드 숲속을 걸어갔다. \"이봐! 꼬마, 어딜 가나?\"맥주를 마시며 떠들고 있던 삼림 감독관 중 하나가 로빈 후드를 보고 소리쳤다.",
      "srcPage": 3,
      "srcSentenceEA": 4,
      "srcWordEA": 33
    },
    {
      "srcTextID": "121963",
      "srcText": "\"윽!\" 활을 쏘아 대던 삼림 감독관이 앞으로 고꾸라졌다. 로빈 후드는 그길로 숲속으로 내달렸다. 다른 삼림 감독관들은 로빈 후드의 활 솜씨를 알고 있는 터라, 아무도 그를 뒤쫓을 엄두를 내지 못했다.",
      "srcPage": 10,
      "srcSentenceEA": 3,
      "srcWordEA": 32
    },
    {
      "srcTextID": "121962",
      "srcText": " 어느덧 로빈 후드가 숲속에 몸을 숨긴 지도 1년이 지났다. 그동안 로빈 후드의 주위에 많은 사람이 모여들었다. 이런저런 이유로 쫓기는 몸이거나 무거운 세금 때문에 먹고 살기가 힘들어서 마을을 떠나온 사람들이었다.",
      "srcPage": 13,
      "srcSentenceEA": 3,
      "srcWordEA": 32
    },
    {
      "srcTextID": "120563",
      "srcText": "\"다리를 먼저 건너기 시작한 사람은 나니 되돌아가시오.\" 키 큰 사나이는 로빈 후드의 말에 콧방귀를 뀌었다. \"흥! 어림없는 소리! 힘센 사람이 먼저 건너는 법이오.\"",
      "srcPage": 19,
      "srcSentenceEA": 4,
      "srcWordEA": 26
    },
    {
      "srcTextID": "121968",
      "srcText": "삼림 감독관은 돈을 주기는커녕 욕을 해 대며 로빈 후드에게 활을 쏘아 댔다. ‘비겁한 놈들! 내가 못된 버릇을 확실하게 고쳐 주지.’ 로빈 후드는 감독관을 향해 재빨리 활을 당겼다.",
      "srcPage": 9,
      "srcSentenceEA": 4,
      "srcWordEA": 30
    },
    {
      "srcTextID": "121967",
      "srcText": "로빈 후드는 사람을 죽였다는 사실에 마음이 무거웠다. 숨어 지내거나 도망 다녀야 하는 신세가 된 것이었다. 그는 이제 영영 고향으로 돌아갈 수가 없게 되었다. 사랑하는 가족과 친구들의 얼굴도 더는 볼 수 없었다.",
      "srcPage": 11,
      "srcSentenceEA": 4,
      "srcWordEA": 34
    },
    {
      "srcTextID": "121969",
      "srcText": "왕실에서는 로빈 후드를 잡아 오는 사람에게 200파운드의 상금을 주겠다고 했다. 국왕의 사슴을 죽였을 뿐 아니라 죽은 삼림 감독관이 장관의 친척이었기 때문이었다. 로빈 후드는 셔우드 숲에서 숨어 지내야 했다.",
      "srcPage": 12,
      "srcSentenceEA": 3,
      "srcWordEA": 30
    },
    {
      "srcTextID": "121966",
      "srcText": "로빈 후드는 그들의 우두머리가 되었다. \"우리를 못살게 군 이들에게 복수*합시다! 힘없고 억울한 사람들을 도웁시다!\" 로빈 후드의 무리는 비싼 세금과 벌금으로 가난한 백성을 괴롭힌 귀족과 성직자, 대지주 등에게 복수하기로 했다.",
      "srcPage": 14,
      "srcSentenceEA": 4,
      "srcWordEA": 31
    },
    {
      "srcTextID": "120551",
      "srcText": "로빈 후드의 부하들은 모두 용감하였고, 로빈 후드처럼 활 솜씨가 좋았다. 로빈 후드의 무리는 귀족이나 성직자 등이 셔우드 숲을 지나가면 붙잡아 재물을 털어 가난하고 힘없는 사람들에게 나누어 주었다. 그래서 귀족이나 돈 많은 주교는 셔우드 숲을 지나는 것을 두려워했다. 그러나 가난하고 힘없는 사람들은 로빈 후드의 무리를 존경했다. 또한, 그들은 로빈 후드의 무리를 '유쾌한 사람들'이라고 불렀다.",
      "srcPage": 15,
      "srcSentenceEA": 7,
      "srcWordEA": 58
    },
    {
      "srcTextID": "120552",
      "srcText": "어느 맑은 날 아침, 새들이 즐겁게 노래하고 있었다. 로빈 후드와 유쾌한 사람들은 일찍 일어나 차가운 시냇물로 세수를 했다. \"오늘은 멀리 나가 봐야겠소.",
      "srcPage": 16,
      "srcSentenceEA": 3,
      "srcWordEA": 23
    },
    {
      "srcTextID": "120550",
      "srcText": "내가 뿔피리를 세 번 불면 위험에 빠진 줄로 알고 나를 도우러 와야 하오.\" 로빈 후드는 이렇게 말하고는 셔우드 숲을 빠져나왔다. 숲을 다 나올 때까지는 별다른 일이 일어나지 않았다.",
      "srcPage": 17,
      "srcSentenceEA": 3,
      "srcWordEA": 30
    },
    {
      "srcTextID": "120565",
      "srcText": "그런데 로빈 후드가 개울 위의 외나무다리를 건널 때였다. 반대편에서 키가 큰 사나이가 건너오고 있었다. 로빈 후드는 그와 외나무다리 중간에서 만나게 되었다.",
      "srcPage": 18,
      "srcSentenceEA": 3,
      "srcWordEA": 23
    },
    {
      "srcTextID": "120567",
      "srcText": "이 대답을 들은 로빈 후드는 활을 겨누며 말했다. \"나와 싸움을 해 보겠다는 건가? 좋아, 그렇다면 셔우드의 솜씨를 보여 주지.\"",
      "srcPage": 20,
      "srcSentenceEA": 3,
      "srcWordEA": 20
    },
    {
      "srcTextID": "120545",
      "srcText": "로빈 후드는 300미터 너머의 제일 큰 수사슴을 쏘겠다고 했다. 그러자 삼림 감독관들은 비웃어 댔다. \"하하! 네가 사슴을 못 죽인다는 것에 금화 20닢을 걸겠어.\"",
      "srcPage": 5,
      "srcSentenceEA": 3,
      "srcWordEA": 25
    }
  ]
}