{
  "title": "오세암",
  "author": "정채봉",
  "illustrator": "마고21",
  "isbn": "9791165958015",
  "readAge": "초등_고학년",
  "publishedYear": 2022,
  "publisher": "아람북스",
  "classification": "의사소통",
  "paragraphInfoCount": 48,
  "paragraphInfo": [
    {
      "srcTextID": "8666",
      "srcText": "“길손아, 이 단풍잎은 무슨 색이야?” “빨간색!” “그렇구나. 나 빨간색 좋아하는데, 내 댕기처럼 빨간색 맞지?” “맞아, 누나! 누나 댕기처럼 빨간색이야.”",
      "srcPage": 3,
      "srcSentenceEA": 4,
      "srcWordEA": 21
    },
    {
      "srcTextID": "8669",
      "srcText": "“물을 건너야 하는구나.” “누나, 조심해.” 길손이는 감이의 손을 잡고 징검다리 위에 올라섰어요. 감이의 발에 닿는 냇물은 얼음장처럼 차가웠어요. ",
      "srcPage": 5,
      "srcSentenceEA": 4,
      "srcWordEA": 20
    },
    {
      "srcTextID": "8668",
      "srcText": "앞을 보지 못하는 누나 감이와 개구쟁이 동생 길손이가 산길을 가고 있었어요. “누나, 산이 온통 울긋불긋 꼭 불이 난 것 같아. 바다처럼 파란 하늘에는 하얀 구름들이 뭉게뭉게 피어 있어. 누나, 잠깐만!”",
      "srcPage": 1,
      "srcSentenceEA": 4,
      "srcWordEA": 32
    },
    {
      "srcTextID": "8667",
      "srcText": "길손이는 바닥에 떨어져 있는 단풍잎을 주워 감이 손에 올려놓았어요. “누나 손을 닮은 단풍잎이야.” 감이는 단풍잎을 가만히 감싸 쥐었어요.",
      "srcPage": 2,
      "srcSentenceEA": 3,
      "srcWordEA": 19
    },
    {
      "srcTextID": "8670",
      "srcText": "길손이는 냇물 앞에서 걸음을 멈추었어요. “왜 그래, 길손아?” 감이가 가만히 냇물 소리에 귀를 기울였어요.",
      "srcPage": 4,
      "srcSentenceEA": 3,
      "srcWordEA": 15
    },
    {
      "srcTextID": "8671",
      "srcText": "온몸이 얼어붙는 것 같았지만, 길손이가 걱정할까 봐 꾹 참았어요. ‘곧 추운 겨울이 올 거야. 겨울 동안 지낼 곳을 찾아야 할 텐데.’",
      "srcPage": 6,
      "srcSentenceEA": 3,
      "srcWordEA": 23
    },
    {
      "srcTextID": "8675",
      "srcText": "냇물을 건너온 감이와 길손이는 바위에 앉아 차가워진 몸을 녹였어요. “누나, 배고프지?” 길손이는 꼬르륵 요동치는 배를 쓱쓱 문질렀어요. “나무 위에 열매가 남아 있을지도 몰라.”",
      "srcPage": 7,
      "srcSentenceEA": 4,
      "srcWordEA": 24
    },
    {
      "srcTextID": "8676",
      "srcText": "마침 지나가던 스님들이 길손이를 구해 주었어요. 감이는 몇 번이고 고개를 숙여 절을 했어요. “누구신지 모르겠지만, 동생을 구해 주셔서 정말 고맙습니다.”",
      "srcPage": 10,
      "srcSentenceEA": 3,
      "srcWordEA": 21
    },
    {
      "srcTextID": "8674",
      "srcText": "길손이는 스님들의 모습이 재미난 듯 살폈어요. “히히, 누나. 머리에 씨앗만 뿌려져 있는 아저씨들이야. 그리고 맛없는 나물국 색깔 옷을 입고 있어.”",
      "srcPage": 11,
      "srcSentenceEA": 4,
      "srcWordEA": 22
    },
    {
      "srcTextID": "8699",
      "srcText": "그러던 어느 날 설정 스님이 아침 일찍 길을 나섰어요. “눈이 더 오기 전에 장터에 다녀와야겠다.” 길손이는 울상이 되어 투덜거렸어요. ",
      "srcPage": 32,
      "srcSentenceEA": 3,
      "srcWordEA": 20
    },
    {
      "srcTextID": "8701",
      "srcText": "장사꾼들은 하나둘 물건을 거두어들였어요. 설정 스님도 서둘러 필요한 음식과 길손이가 신을 털신을 샀어요. 장을 다 본 설정 스님이 암자로 가려는데, 사방이 온통 눈으로 막혀 있었어요.",
      "srcPage": 37,
      "srcSentenceEA": 3,
      "srcWordEA": 27
    },
    {
      "srcTextID": "8705",
      "srcText": "하지만 설정 스님은 암자에 두고 온 길손이가 걱정이 되어 서둘러 산에 올랐어요. 그러다가 그만 발을 헛디뎌 언덕 아래로 굴러떨어졌어요. “으, 으악! 길손아!” “큰일일세. 벌써 며칠째 깨어나지 못하고 계시니.” 마을 사람의 도움으로 목숨을 건진 설정 스님은 달포를 넘기고서야 겨우 깨어났어요.",
      "srcPage": 38,
      "srcSentenceEA": 6,
      "srcWordEA": 43
    },
    {
      "srcTextID": "8704",
      "srcText": "암자에 있는 길손은 하염없이 스님을 기다렸어요. 눈도 하염없이 내렸지요. “엄마, 스님은 내가 미운가 봐요. 그래서 안 오시나 봐요.”",
      "srcPage": 39,
      "srcSentenceEA": 4,
      "srcWordEA": 20
    },
    {
      "srcTextID": "8681",
      "srcText": "그때 길손이의 배에서 꼬르륵 소리가 울렸어요. “배가 많이 고픈가 보구나. 너희는 집이 어디냐?”",
      "srcPage": 13,
      "srcSentenceEA": 3,
      "srcWordEA": 14
    },
    {
      "srcTextID": "8678",
      "srcText": " “집이요? 그런 거 없어요. 우리는 엄마를 찾아가고 있거든요.” 설정 스님은 고개를 갸우뚱했어요. ",
      "srcPage": 14,
      "srcSentenceEA": 3,
      "srcWordEA": 15
    },
    {
      "srcTextID": "8680",
      "srcText": "“엄마가 어디 계신데?” 그러자 길손이가 펄쩍 뛰어오르며 소리쳤어요. “바람이 시작되는 곳에 우리 엄마가 있대요. 누나가 그랬어요.”",
      "srcPage": 15,
      "srcSentenceEA": 4,
      "srcWordEA": 18
    },
    {
      "srcTextID": "8684",
      "srcText": "절에 온 사람들은 부처님에게 부자가 되게 해 달라, 오래 살게 해 달라, 아이를 낳게 해 달라며 소원을 빌었어요. 그 모습을 보며 길손이는 생각했어요. 저렇게 많은 사람들이 찾아오니, 부처님은 참 성가시겠다.",
      "srcPage": 18,
      "srcSentenceEA": 3,
      "srcWordEA": 32
    },
    {
      "srcTextID": "8672",
      "srcText": "그러다 다치기라도 하면 어쩌려고. 하지만 길손이는 벌써 나뭇가지 끝에 대롱대롱 매달려 있었어요. “어, 어, 가지가 부러질 것 같아.” ",
      "srcPage": 9,
      "srcSentenceEA": 3,
      "srcWordEA": 19
    },
    {
      "srcTextID": "8679",
      "srcText": "“그렇구나. 하지만 이제 곧 추운 겨울이 온단다. 겨울 동안에는 우리 절에서 지내고, 따뜻한 봄이 오면 그때 엄마를 찾아가려무나.” “스님 고맙습니다, 정말 고맙습니다.”",
      "srcPage": 16,
      "srcSentenceEA": 3,
      "srcWordEA": 24
    },
    {
      "srcTextID": "8682",
      "srcText": "나라도 부처님을 기쁘게 해 드려야지! 길손이는 부처님의 손에 노란 국화를 살며시 놓았어요. 그러자 부처님의 입가에 은은한 미소가 번졌어요.",
      "srcPage": 19,
      "srcSentenceEA": 3,
      "srcWordEA": 20
    },
    {
      "srcTextID": "8685",
      "srcText": "하지만 길손이는 가끔 말썽을 피워 스님들에게 혼쭐이 나곤 했어요. 그래도 길손이는 따뜻한 방에서 잠도 자고, 밥도 배불리 먹을 수 있어서 좋았어요. 무엇보다 누나와 함께 있어서 행복했지요.",
      "srcPage": 20,
      "srcSentenceEA": 3,
      "srcWordEA": 28
    },
    {
      "srcTextID": "8687",
      "srcText": "감이도 그 사고로 앞을 보지 못하게 되었어요. 하지만 길손이가 슬퍼할까 봐 사실대로 이야기해 주지 못했어요. 감이는 그때를 떠올리며 눈물을 닦았어요. “길손아, 미안해.” ",
      "srcPage": 23,
      "srcSentenceEA": 4,
      "srcWordEA": 24
    },
    {
      "srcTextID": "8691",
      "srcText": "설정 스님은 길손이의 마음을 훤히 보고 있는 듯했어요. “곁에 없어도 마음의 눈을 뜨면 엄마를 볼 수 있단다.” 길손이는 엄마를 볼 수 있다는 말에 귀가 번쩍 뜨였어요.",
      "srcPage": 25,
      "srcSentenceEA": 3,
      "srcWordEA": 27
    },
    {
      "srcTextID": "8689",
      "srcText": "“어떻게요?” 설정 스님은 산꼭대기에 있는 작은 암자를 가리켰어요. 마음으로 보는 공부를 열심히 하면 된단다. 길손아, 스님이랑 관음암으로 공부하러 갈까?",
      "srcPage": 26,
      "srcSentenceEA": 3,
      "srcWordEA": 22
    },
    {
      "srcTextID": "8673",
      "srcText": "길손이는 벌떡 일어나 나무를 타고 올라갔어요. 놀란 감이는 허공에 대고 손을 휘휘 저었어요. 안 돼, 길손아!",
      "srcPage": 8,
      "srcSentenceEA": 3,
      "srcWordEA": 18
    },
    {
      "srcTextID": "8683",
      "srcText": "이렇게 해서 감이와 길손이는 백담사라는 절에서 겨울을 보내게 되었어요. 길손이에게 절은 새롭고 신기한 곳이었어요. 스님들은 매일 부처님 앞에 앉아 있었어요. ",
      "srcPage": 17,
      "srcSentenceEA": 3,
      "srcWordEA": 22
    },
    {
      "srcTextID": "8686",
      "srcText": "길손이는 가끔씩 엄마 생각이 날 때면, 높은 곳에 올라가 바람을 맞으며 노래를 불렀어요. 감이도 길손이의 노래를 따라 부르며 엄마 생각에 잠겼지요. “엄마가 섬 그늘에 굴 따러 가면 아기가 혼자 남아 집을 보다가 바다가 불러 주는 자장노래에 팔 베고 스르르르 잠이 듭니다, 잠이 듭니다.”",
      "srcPage": 21,
      "srcSentenceEA": 3,
      "srcWordEA": 44
    },
    {
      "srcTextID": "8688",
      "srcText": "감이에게는 길손이도 모르는 비밀이 하나 있었어요. 길손이가 갓난아이일 때, 집에 큰불이 났어요. 엄마는 불길을 헤치며 감이와 길손이를 구하다가 그만 돌아가셨지요.",
      "srcPage": 22,
      "srcSentenceEA": 3,
      "srcWordEA": 22
    },
    {
      "srcTextID": "8690",
      "srcText": "다음 날 길손이는 냇물을 가만히 바라보고 있었어요. 어깨가 축 처진 길손이를 보고 설정 스님이 다가왔어요. “엄마가 보고 싶어서 기운이 없는 게로구나.”",
      "srcPage": 24,
      "srcSentenceEA": 3,
      "srcWordEA": 22
    },
    {
      "srcTextID": "8677",
      "srcText": "스님들은 가만히 미소를 지으며 길손이의 머리를 쓰다듬었어요. “허허, 고 녀석 참! 우리는 스님들이란다. 나는 설정 스님, 그리고 이분은 일지 스님.”",
      "srcPage": 12,
      "srcSentenceEA": 4,
      "srcWordEA": 22
    },
    {
      "srcTextID": "8694",
      "srcText": "그 대신 누나랑 잠시 헤어져 있어야 되는데, 괜찮겠니? 길손이는 누나랑 헤어지는 것은 싫었지만, 하루빨리 엄마를 보고 싶어 고개를 끄덕였어요. 다음 날 아침, 설정 스님과 길손이는 관음암으로 향했어요.",
      "srcPage": 27,
      "srcSentenceEA": 3,
      "srcWordEA": 29
    },
    {
      "srcTextID": "8692",
      "srcText": "“누나, 조금만 기다려. 내가 누나에게도 마음으로 보는 법을 알려 줄게.” “그래, 길손아. 몸조심하고 잘 다녀와. 말썽 피우지 말고.”",
      "srcPage": 28,
      "srcSentenceEA": 5,
      "srcWordEA": 21
    },
    {
      "srcTextID": "8693",
      "srcText": "감이는 길손이와 설정 스님이 산길 속으로 사라진 후에도 계속 손을 흔들었어요. ‘길손아, 잘 다녀와.’ 와, 경치 좋다!",
      "srcPage": 29,
      "srcSentenceEA": 3,
      "srcWordEA": 19
    },
    {
      "srcTextID": "8695",
      "srcText": "스님, 마음으로 보는 공부를 하면 정말 엄마를 볼 수 있지요? “그래, 대신 열심히 공부해야 한다.” “네!” 길손이의 들뜬 목소리가 온 산에 메아리쳤어요",
      "srcPage": 30,
      "srcSentenceEA": 3,
      "srcWordEA": 23
    },
    {
      "srcTextID": "8696",
      "srcText": "관음암에 도착한 날부터 설정 스님은 꼼짝 않고 기도만 드렸어요. 스님은 길손이에게도 마음의 눈을 뜨는 공부라 하면서 기도하는 법을 알려 주었어요. 하지만 길손이는 산속에서 신나게 노는 것이 더 좋았어요.",
      "srcPage": 31,
      "srcSentenceEA": 3,
      "srcWordEA": 30
    },
    {
      "srcTextID": "8697",
      "srcText": "“싫어요. 혼자는 무섭단 말이에요.” “무서우면 관세음보살님을 부르거라. 마음을 다해 부르면 무섭지 않을 거야.”",
      "srcPage": 33,
      "srcSentenceEA": 3,
      "srcWordEA": 15
    },
    {
      "srcTextID": "8700",
      "srcText": "설정 스님이 떠나자, 길손이는 암자 이곳저곳을 돌아다녔어요. “스님도 안 계시고, 이제 무얼 하고 놀까?” 그때 길손이의 눈에 다 쓰러져 가는 집 한 채가 들어왔어요. ",
      "srcPage": 34,
      "srcSentenceEA": 3,
      "srcWordEA": 25
    },
    {
      "srcTextID": "8698",
      "srcText": "“어? 저건 뭐지?” 길손이는 살금살금 다가가 문을 열었어요. “와! 어, 엄마!” 길손이의 입에서는 불쑥 “엄마!”라는 말이 튀어나왔어요. 길손이는 불화를 바라보며 환하게 웃었어요. “엄마라고 불러도 되지요? 내일 또 올게요, 엄마.”",
      "srcPage": 35,
      "srcSentenceEA": 8,
      "srcWordEA": 36
    },
    {
      "srcTextID": "8702",
      "srcText": "한편 설정 스님이 장에 도착하자, 함박눈이 쉴 새 없이 쏟아지기 시작했어요. “이런, 또 큰 눈이 오려나 보군.” “그러게 말이에요. 하늘을 보니, 며칠은 쏟아지겠는걸요.”",
      "srcPage": 36,
      "srcSentenceEA": 4,
      "srcWordEA": 24
    },
    {
      "srcTextID": "8703",
      "srcText": "길손이는 참았던 울음을 터뜨렸어요. “엄마, 누나가 보고 싶어요!” 길손이는 깊은 산속 암자에서 홀로 긴 시간을 보냈어요.",
      "srcPage": 40,
      "srcSentenceEA": 3,
      "srcWordEA": 17
    },
    {
      "srcTextID": "8707",
      "srcText": "관음암에 다다랐을 즈음, 어디에선가 길손이의 목소리가 들려오는 듯했어요. “길손이, 길손이 목소리예요.” 설정 스님과 감이는 한달음에 관음암으로 올라갔어요.",
      "srcPage": 43,
      "srcSentenceEA": 3,
      "srcWordEA": 18
    },
    {
      "srcTextID": "8710",
      "srcText": "관음암에 도착한 설정 스님은 신비로운 광경에 넋을 잃었어요. 길손이를 품에 안은 여인이 광채를 내며 서 있었기 때문이었지요. 게다가 여인에게서 무슨 소리가 들리는 듯했어요.",
      "srcPage": 44,
      "srcSentenceEA": 3,
      "srcWordEA": 25
    },
    {
      "srcTextID": "8709",
      "srcText": " “이 아이는 나를 엄마라 부르며, 나와 함께 있었다. 이제 이 아이를 편하고, 고통 없는 곳으로 데려가려 한다. 맑고 깨끗한 이 아이의 마음이 밝은 빛이 되어 온 세상을 밝게 비출 것이다.”",
      "srcPage": 45,
      "srcSentenceEA": 3,
      "srcWordEA": 32
    },
    {
      "srcTextID": "8711",
      "srcText": "그 순간 눈을 뜬 감이가 길손이를 불렀어요. “길, 길손아!” “감이야, 보이는 게냐? 네가 눈을 뜨다니?” 모든 일이 놀라울 뿐이었어요. ",
      "srcPage": 46,
      "srcSentenceEA": 5,
      "srcWordEA": 21
    },
    {
      "srcTextID": "8713",
      "srcText": "“스님, 지금쯤 길손이는 엄마를 만나 행복하겠지요?” 설정 스님은 어린 길손이를 어머니처럼 보살핀 관세음보살의 이야기를 후세에 전하기 위하여 암자를 중건하고 오세암으로 이름을 바꾸었어요. 길손이의 이야기는 금세 세상에 퍼져 오세암을 찾는 발길은 그 후로도 끊임없이 이어졌어요.",
      "srcPage": 48,
      "srcSentenceEA": 3,
      "srcWordEA": 36
    },
    {
      "srcTextID": "8708",
      "srcText": "꽁꽁 얼었던 얼음이 녹아내리고, 눈으로 막혔던 길도 다시 열렸어요. 설정 스님은 우선 백담사로 가서 감이에게 그동안의 이야기를 들려주었어요. 감이는 조용히 눈물을 닦으며 설정 스님을 따라나섰어요. ",
      "srcPage": 41,
      "srcSentenceEA": 3,
      "srcWordEA": 27
    },
    {
      "srcTextID": "8706",
      "srcText": "“스님, 우리 길손이가 괜찮을까요?” 관음암으로 가는 내내 감이는 마음속으로 간절히 기도했어요. ‘엄마, 우리 길손이를 지켜 주세요.’",
      "srcPage": 42,
      "srcSentenceEA": 3,
      "srcWordEA": 18
    },
    {
      "srcTextID": "8712",
      "srcText": "“감이야, 길손이가 그동안 관세음보살님의 보살핌을 받은 것 같구나. 아직도 몸이 이렇게 따뜻한 것을 보면 말이다.” 길손이의 모습은 엄마 품에 안긴 아기처럼 편안해 보였어요. ",
      "srcPage": 47,
      "srcSentenceEA": 3,
      "srcWordEA": 25
    }
  ]
}