{
  "title": "슈바이처",
  "author": "이석우",
  "illustrator": "김현정",
  "isbn": "9788961712231",
  "readAge": "초등_고학년",
  "publishedYear": 2007,
  "publisher": "교연아카데미",
  "classification": "의사소통",
  "paragraphInfoCount": 164,
  "paragraphInfo": [
    {
      "srcTextID": "23930",
      "srcText": "알베르트는 정신이 번쩍 들었습니다. 더 이상 망설일 필요가 없었습니다. ‘하인리히가 비웃으면 어때!’ 알베르트는 고무총을 내동댕이쳤습니다. 그리고는 나무 위에 앉아 있는 새들을 쫓아 보낼 양으로 손을 내저으며 소리쳤습니다. “훠이, 훠이!”",
      "srcPage": 27,
      "srcSentenceEA": 6,
      "srcWordEA": 33
    },
    {
      "srcTextID": "23983",
      "srcText": "이듬해 4월, 알베르트는 군에 입대하게 되었습니다. 나라에서 정한 법에 따라 1년간 의무적으로 군대 생활을 해야 했습니다. 군인들은 아침에 기상나팔 소리와 함께 하루 일과를 시작해서, 상관의 명령에 따라 고된 훈련을 받았습니다. 다행히 알베르트가 속한 부대의 지휘관은 무척 이해심이 많은 사람이었습니다. 그의 도움으로 알베르트는 군대 생활을 하면서 여러 가지 강의를 받을 수 있었습니다.",
      "srcPage": 80,
      "srcSentenceEA": 5,
      "srcWordEA": 55
    },
    {
      "srcTextID": "23986",
      "srcText": "방학이 되어 알베르트는 잠시 고향에 다니러 왔습니다. 여러 가지를 공부하느라 단 한 시간도 여유 있게 쉬어 보지 못한 알베르트는, 모처럼 긴장을 풀고 고향의 전원에 눈을 돌렸습니다. 따스한 햇살이 포도나무 잎사귀에서 은구슬처럼 부서져 내리는 광경을 바라보며, 알베르트는 진지하게 자신의 장래 문제를 생각했습니다. ‘과연 어떻게 사는 것이 보람된 것일까...’",
      "srcPage": 83,
      "srcSentenceEA": 4,
      "srcWordEA": 50
    },
    {
      "srcTextID": "23942",
      "srcText": "1884년, 9살이 된 알베르트는 초등학교를 졸업하고 중학교에 들어갔습니다. 중학교는 귄스바흐에서 3킬로미터쯤 떨어진 묑스테르 마을에 있었습니다. 조그만 교회 목사인 아버지의 수입만으로는 일곱 식구가 생활하기에 늘 부족했습니다. 그래서 알베르트는 도시의 학교로 가지 못하고, 돈이 적게 드는 실업 중학교로 가게 되었습니다.",
      "srcPage": 44,
      "srcSentenceEA": 4,
      "srcWordEA": 41
    },
    {
      "srcTextID": "23946",
      "srcText": "알베르트가 학교로 가는 길은 경치가 매우 아름다웠습니다. 푸른 풀밭과 아늑한 숲이 있는 비스듬한 언덕에는 목장이 있었고, 언덕 맨 꼭대기에는 옛 성터가 있었습니다. 알베르트는 종종 그 성터에 앉아 깊은 생각에 잠기거나 넓은 세상에 대해 상상의 날개를 펼쳤습니다.",
      "srcPage": 45,
      "srcSentenceEA": 3,
      "srcWordEA": 38
    },
    {
      "srcTextID": "23954",
      "srcText": "풀냄새와 꽃향기가 실린 향긋한 바람을 가슴에 안으면서 알베르트는 자신에게 이런 질문을 던지곤 했습니다. ‘나는 앞으로 어떤 사람이 될까?’ 그때마다 알베르트는 자신에게 특별한 재능이 없다는 것을 깨닫고 낙심했습니다.",
      "srcPage": 46,
      "srcSentenceEA": 3,
      "srcWordEA": 29
    },
    {
      "srcTextID": "23984",
      "srcText": "1896년 성령 강림절 아침의 일이었습니다. 잠에서 깨어난 알베르트는 창문으로 비쳐 드는 아침 햇살을 보며 몸을 벌떡 일으켰습니다. 찬란한 아침의 광경을 바라보던 알베르트는 문득 자신이 너무 많은 것을 누리고 있다는 생각이 들었습니다.",
      "srcPage": 86,
      "srcSentenceEA": 3,
      "srcWordEA": 33
    },
    {
      "srcTextID": "23989",
      "srcText": "그리고 어떤 어려운 일이 닥치더라도 자신이 해야 할 일이라면 결코 피하지 않으리라 다짐하였습니다. ‘그렇다. 이제까지의 나는 다른 사람들에 비해 너무나 편안하고 행복한 삶을 살아왔다. 앞으로도 계속 이대로 살아간다면 어느 한쪽에서 고통받고 있는 사람들을 외면하는 결과가 된다. 이제부터는 그들의 아픔을 나눠 가져야 한다.’",
      "srcPage": 90,
      "srcSentenceEA": 5,
      "srcWordEA": 46
    },
    {
      "srcTextID": "23993",
      "srcText": "아프리카를 향해. 알베르트 슈바이처는 파리로 건너가서 철학 박사 학위를 받기 위한 공부를 시작했습니다. 매일매일 두꺼운 책과 씨름하면서도 슈바이처는 자신의 계획을 실천하기 위한 준비를 차곡차곡 해 나갔습니다. 1899년, 슈바이처는 파리 소르본 대학에서 철학 박사 학위를 받았습니다.",
      "srcPage": 92,
      "srcSentenceEA": 4,
      "srcWordEA": 38
    },
    {
      "srcTextID": "23994",
      "srcText": "이 무렵 슈바이처는 바흐에 대한 전기를 쓰느라 바쁜 나날을 보냈습니다. 프랑스의 비도르란 사람이 프랑스에 있는 파이프 오르간 연주자들을 위해서 바흐에 대한 논문을 써 달라는 제의를 해 왔기 때문입니다. 슈바이처는 스트라스부르에서 지내는 동안, 성가대 연습이 있을 때마다 파이프 오르간을 연주했고, 공연 때에는 직접 반주를 한 적도 있었습니다. 교회에서 바흐의 곡들을 많이 다루어 보았기 때문에, 슈바이처는 바흐의 작품에 대해서 어느 정도 자신이 있었습니다. 처음에는 짧은 논문을 쓸 생각이었으나 시간이 지나면서 내용이 조금씩 덧붙여져서, 5년 뒤에는 두꺼운 책 한 권이 완성되었습니다. ",
      "srcPage": 94,
      "srcSentenceEA": 5,
      "srcWordEA": 82
    },
    {
      "srcTextID": "23998",
      "srcText": "파이프 오르간에도 남다른 관심을 갖고 있던 슈바이처는 파이프 오르간 제작에 관한 책을 쓰기도 했습니다. 슈바이처는 또한 신학에 관한 책도 썼습니다. 그가 쓴 예수전 연구라는 책은 예수를 여러 관점으로 연구한 것으로서, 슈바이처가 군대에 있을 때부터 공부해 오던 내용들을 모은 것이었습니다.",
      "srcPage": 95,
      "srcSentenceEA": 3,
      "srcWordEA": 41
    },
    {
      "srcTextID": "24009",
      "srcText": "슈바이처의 굳은 의지에 감동한 사람들이 그에게 아낌없는 찬사를 보내왔습니다. 그리하여 많은 사람들이 그를 돕기 위한 모금 운동을 펼치기 시작했습니다. 독일에 사는 슈바이처의 친구들과 그가 목사로 있던 성 니콜라스 교회에서도 후원금을 보내 주었습니다.",
      "srcPage": 107,
      "srcSentenceEA": 3,
      "srcWordEA": 34
    },
    {
      "srcTextID": "24013",
      "srcText": "슈바이처와 헬레네를 태운 배는 거친 파도를 헤치며 아프리카로 나아갔습니다. 물과 원시림 사이에서. 검푸른 바다를 내려다보며 슈바이처는 깊은 생각에 잠겼습니다. ‘내가 아프리카로 가는 것은 불쌍한 흑인들을 구해 내기 위해서이다.’",
      "srcPage": 110,
      "srcSentenceEA": 4,
      "srcWordEA": 31
    },
    {
      "srcTextID": "24014",
      "srcText": "그곳에 먼저 와 있던 백인 선교사들이 소식을 듣고 나와 슈바이처 부부를 그들의 전도소로 안내했습니다. 전도소는 양지바른 언덕에 있는 조그마한 흰색 건물이었습니다. 사방이 밀림으로 둘러싸여 있었고 앞에는 오고웨 강이 흐르고 있었습니다.",
      "srcPage": 114,
      "srcSentenceEA": 3,
      "srcWordEA": 32
    },
    {
      "srcTextID": "24016",
      "srcText": "백인 의사가 찾아왔다는 소문은 금세 마을로 퍼져 환자들이 밀어닥쳤습니다. 슈바이처는 미처 짐을 정리할 틈도 없이, 밀려드는 환자들을 치료해야 했습니다. 우선 그는 앞뜰에 있는 나무 그늘에서 환자들을 진찰하기 시작했습니다. 헬레네도 슈바이처를 도와 환자들에게 약을 발라 주고 붕대를 감아 주는 등 눈코 뜰 새 없이 바쁘게 움직였습니다.",
      "srcPage": 115,
      "srcSentenceEA": 4,
      "srcWordEA": 48
    },
    {
      "srcTextID": "24017",
      "srcText": "슈바이처는 환자들을 돌보는 틈틈이 원주민들과 힘을 합해 병실과 침대를 만들었습니다. 그러나 계속해서 몰려드는 환자들을 다 받아들이기에는 모든 게 부족했습니다. 할 수 없이 집 옆에 붙어 있는 닭장까지 뜯어내어 병실로 사용했습니다.",
      "srcPage": 116,
      "srcSentenceEA": 3,
      "srcWordEA": 32
    },
    {
      "srcTextID": "24018",
      "srcText": "슈바이처에게 가장 큰 어려움은 원주민들과 언어가 통하지 않는다는 점이었습니다. 흑인들이 고통스럽게 아우성을 쳐도 무슨 뜻인지 알 수 없었기 때문에 치료가 한발 늦어질 수밖에 없었습니다. 슈바이처와 원주민들은 손짓 발짓으로 겨우겨우 뜻을 전달해야만 했습니다.",
      "srcPage": 117,
      "srcSentenceEA": 3,
      "srcWordEA": 34
    },
    {
      "srcTextID": "24029",
      "srcText": "그런데 바로 그 어려운 시기에 슈바이처에게 또 하나의 슬픈 소식이 전해졌습니다. 고향에 계신 어머니가 세상을 떠났다는 것입니다. 수용소에서 이 소식을 듣게 된 슈바이처는 오랫동안 슬픔에서 헤어나지 못했습니다. ‘자식으로서 부모님이 돌아가셨다는 소식을 듣고도 달려갈 수가 없다니... ’전쟁이란 그토록 매정한 것이었습니다.",
      "srcPage": 129,
      "srcSentenceEA": 5,
      "srcWordEA": 42
    },
    {
      "srcTextID": "24037",
      "srcText": "하지만 그중에서 의사는 슈바이처뿐이라, 수용소에서 환자가 생기면 슈바이처가 돌보아야 했습니다. 슈바이처는 자신의 도움을 필요로 하는 사람은 누구라도 국적이나 인종을 가리지 않고 정성껏 치료해 주었습니다. 이 때문에 슈바이처는 수용소 안의 모든 사람들로부터 존경을 받았습니다.",
      "srcPage": 131,
      "srcSentenceEA": 3,
      "srcWordEA": 35
    },
    {
      "srcTextID": "24034",
      "srcText": "드디어 1924년 2월 21일, 슈바이처는 한 사람의 조수와 함께 다시 아프리카로 가는 배에 올랐습니다. 이때 헬레네는 건강이 좋지 않아서 동행하지 못했습니다. 슈바이처가 랑바레네에 도착한 것은 4월 중순쯤이었습니다.",
      "srcPage": 136,
      "srcSentenceEA": 3,
      "srcWordEA": 29
    },
    {
      "srcTextID": "24042",
      "srcText": "이러다 보니 할 일이 너무 많아, 잠자는 시간조차 줄여야 했습니다. 학창 시절에도 밤잠을 안 자고 공부한 적은 있었으나, 랑바레네에서의 생활은 그것과 비교도 할 수 없을 정도로 힘들었습니다. 고생 끝에 마침내 병원 건물이 완성되었습니다. 병원이 새로 지어지자, 슈바이처는 마음 놓고 환자들을 돌보는 일에 열중했습니다.",
      "srcPage": 139,
      "srcSentenceEA": 4,
      "srcWordEA": 46
    },
    {
      "srcTextID": "24041",
      "srcText": "이 무렵 알자스에서 의사 몇 명이 슈바이처를 도우러 왔습니다. 슈바이처는 함께 일하게 될 사람들이 생기자 한결 힘이 솟았습니다. 그런데 그 해는 기후 탓인지 먹을 것이 많이 부족했고, 유난히 환자가 많았습니다. 슈바이처는 큰 병원을 지어야겠다고 생각했습니다.",
      "srcPage": 140,
      "srcSentenceEA": 4,
      "srcWordEA": 38
    },
    {
      "srcTextID": "24043",
      "srcText": "그들이 기뻐하는 모습을 바라보는 슈바이처의 눈에도 어느새 눈물이 고였습니다. 많은 사람들의 반대를 무릅쓰고 아프리카로 향했던 시절, 닭장을 수리하여 병실로 사용했던 일, 지붕도 없는 병실에서 비를 흠뻑 맞던 일 등이 슈바이처의 머리를 스쳐 지나갔습니다. 그동안 고생한 보람이 있어 좋은 결실을 맺게 되었다고 생각하자 슈바이처는 가슴이 벅찼습니다.",
      "srcPage": 144,
      "srcSentenceEA": 3,
      "srcWordEA": 47
    },
    {
      "srcTextID": "23906",
      "srcText": "키가 큰 소년은 마을 소년들 중에서 가장 힘이 세기로 소문난 게오르그이고, 키가 작은 소년은 목사님의 아들인 알베르트였습니다. 주위에 둘러선 아이들은 두 소년의 싸움을 말릴 생각은 하지 않고, 흥미진진하게 구경만 하고 있었습니다. 아이들은 모두 게오르그를 응원하고 있었습니다.",
      "srcPage": 2,
      "srcSentenceEA": 3,
      "srcWordEA": 38
    },
    {
      "srcTextID": "23909",
      "srcText": "“자, 내가 이겼지?” 알베르트는 더욱 힘을 주어 말했습니다. 그러자 게오르그는 알베르트를 노려보며 소리쳤습니다. “나도 너처럼 일주일에 두 번씩 고기 수프를 먹는다면 이렇게 쉽게 당하진 않았을 거야!”",
      "srcPage": 9,
      "srcSentenceEA": 4,
      "srcWordEA": 28
    },
    {
      "srcTextID": "23911",
      "srcText": "그 말을 듣는 순간 알베르트는 자기도 모르게 힘이 쭉 빠졌습니다. 다른 아이들도 입을 삐죽거리며 거들었습니다. “그래, 저 애는 부잣집 도련님이라서 우리들하곤 먹는 것부터가 달라.”",
      "srcPage": 10,
      "srcSentenceEA": 3,
      "srcWordEA": 25
    },
    {
      "srcTextID": "23913",
      "srcText": "알베르트는 슬그머니 일어나 말없이 그 자리를 벗어났습니다. 승리의 기쁨은 모두 사라져 버렸습니다. 집으로 돌아오는 동안 알베르트는 줄곧 조금 전 게오르그가 한 말을 생각하고 있었습니다.",
      "srcPage": 11,
      "srcSentenceEA": 3,
      "srcWordEA": 26
    },
    {
      "srcTextID": "23916",
      "srcText": "그들에 비하면 알베르트는 항상 깨끗한 옷을 입었고, 아버지가 사다 준 비싼 구두를 신고 다녔습니다. 이런 알베르트에게 마을의 아이들은, “목사님 댁 도련님.” “저 애는 우리들과 달라.”라고 말하며 상대해 주지 않았던 것입니다. 알베르트는 이제까지 아이들에게 따돌림을 받았던 이유를 비로소 알게 되었습니다.",
      "srcPage": 13,
      "srcSentenceEA": 6,
      "srcWordEA": 42
    },
    {
      "srcTextID": "23915",
      "srcText": "그날 저녁 식탁에 오른 고기 수프를 보자 게오르그의 말이 다시 떠올랐습니다. ‘하나님은 모든 사람이 똑같다고 하셨어. 그런데 나만 좋은 음식을 먹는 것은 평등하지 못한 일이야.’ 이런 생각이 들자, 알베르트는 입맛이 달아났습니다. 알베르트는 힘없이 수저를 내려놓고 슬그머니 식탁에서 물러났습니다.",
      "srcPage": 14,
      "srcSentenceEA": 5,
      "srcWordEA": 42
    },
    {
      "srcTextID": "23917",
      "srcText": "평소 명랑하던 알베르트가 시무룩해 있는 것을 본 어머니는 몹시 걱정이 되었습니다. “알베르트, 무슨 일이 있니?” 하지만 알베르트는 누구도 자기의 마음을 이해하지 못할 것이라는 생각이 들어 입을 다물기로 했습니다.",
      "srcPage": 15,
      "srcSentenceEA": 3,
      "srcWordEA": 29
    },
    {
      "srcTextID": "23914",
      "srcText": "그때부터 알베르트는 고기 요리에 손을 대지 않았습니다. 그리고 가난한 친구들을 새로운 눈으로 바라보게 되었습니다. 이 알베르트가 바로, 훗날 아프리카로 건너가 사랑의 의술을 베푼 알베르트 슈바이처 박사입니다.",
      "srcPage": 16,
      "srcSentenceEA": 3,
      "srcWordEA": 28
    },
    {
      "srcTextID": "23924",
      "srcText": "어느 날, 알베르트는 어머니와 함께 길을 가고 있었습니다. 그때 저 앞에서 여윈 말 한 마리가 다리를 절며 끌려가는 것이 보였습니다. 마부는 채찍으로 사정없이 말을 때리며 억지로 끌고 가고 있었습니다. 말은 앞발을 뻗대며 가지 않으려고 안간힘을 썼기 때문에 그 모습이 더욱 불쌍하게 보였습니다.",
      "srcPage": 20,
      "srcSentenceEA": 4,
      "srcWordEA": 45
    },
    {
      "srcTextID": "23921",
      "srcText": "“어머니, 저 말을 왜 끌고 가는 거예요?” 마음이 여린 알베르트는 금세 눈물을 글썽였습니다. “저 말은 이제 너무 늙어서 짐을 실어 나르는 데 쓸모없게 되었어. 그래서 도살장으로 끌려가는 거란다.” 도살장이란 소나 말을 죽이는 곳이었습니다.",
      "srcPage": 21,
      "srcSentenceEA": 5,
      "srcWordEA": 36
    },
    {
      "srcTextID": "23925",
      "srcText": "한 번은 하인리히라는 친구가 알베르트를 찾아왔습니다. “알베르트, 우리, 새를 잡으러 가자.” 하인리히의 손에는 고무총이 들려 있었습니다. 알베르트는 마음이 내키지 않았으나, 혹시 ‘목사님 댁 도련님’ 하는 식의 놀림을 받게 될까 봐 거절하지 못했습니다.",
      "srcPage": 23,
      "srcSentenceEA": 5,
      "srcWordEA": 35
    },
    {
      "srcTextID": "23923",
      "srcText": "알베르트는 느릿느릿 하인리히를 따라 숲으로 갔습니다. 새싹이 막 돋아나기 시작한 나뭇가지에 새들이 앉아 노래를 부르고 있었습니다. 하인리히는 그 새들을 향해 고무총을 겨누었습니다. ‘휙’ 소리와 함께 공기를 가르며 고무총을 빠져나간 돌멩이는, 보기 좋게 나뭇가지에 앉아 있던 새 한 마리를 맞혀 떨어뜨렸습니다.",
      "srcPage": 24,
      "srcSentenceEA": 5,
      "srcWordEA": 44
    },
    {
      "srcTextID": "23931",
      "srcText": "하인리히에게 바보 취급을 당한다 해도 좋았습니다. 알베르트는 자신이 대단한 일이라도 한 것처럼 마음이 흐뭇하고 가벼워졌습니다. 화가 난 하인리히는 저만치 앞서 내려가고 있었습니다. 하지만 산을 내려오면서도 알베르트는 마냥 기분이 좋았습니다. ‘스스로 옳다고 생각하는 것을 행동으로 옮기는 것이 진정한 용기야. 이젠 어떤 놀림도 두렵지 않아.’",
      "srcPage": 29,
      "srcSentenceEA": 6,
      "srcWordEA": 48
    },
    {
      "srcTextID": "23928",
      "srcText": "그날 밤, 저녁 기도 시간이었습니다. 여느 때처럼 어머니는, “하나님, 우리를 위하여...” 하고 기도를 드렸습니다. 그때 낮에 새를 잡으러 갔던 일이 떠오르자, 알베르트에게는 문득 이런 의문이 생겼습니다. ‘엄마는 왜 사람들을 위해서만 기도하고, 불쌍하고 가엾은 동물들을 위해서는 기도해 주지 않는 걸까?’",
      "srcPage": 30,
      "srcSentenceEA": 6,
      "srcWordEA": 43
    },
    {
      "srcTextID": "23933",
      "srcText": "알베르트는 5살이 되자 마을에 있는 초등학교에 입학하였습니다. 그러나 알베르트는 학교에 다니고 싶지 않았습니다. 아버지는 그런 알베르트의 마음을 꿰뚫어 보고 이렇게 타일렀습니다. “알베르트, 제때 공부를 하지 않아 시기를 놓치게 되면 나중에는 배우고 싶어도 배울 수가 없게 된단다.”",
      "srcPage": 33,
      "srcSentenceEA": 4,
      "srcWordEA": 38
    },
    {
      "srcTextID": "23935",
      "srcText": "학교에 들어간 알베르트는 공부에 흥미를 갖지 못했을 뿐만 아니라, 아이들이 자기를 따돌리는 것 때문에 우울하게 지냈습니다. 알베르트는 늘 혼자서 구석에 앉아 책을 읽거나, 다른 아이들이 신나게 노는 모습을 지켜볼 뿐이었습니다. 그러나 게오르그와의 싸움이 있고 난 뒤부터 마을 아이들은 알베르트에게도 제법 잘 대해 주었습니다. 알베르트는 친구들로부터 따돌림을 받지 않게 되자 차츰 학교생활에 흥미를 붙이기 시작했습니다.",
      "srcPage": 34,
      "srcSentenceEA": 4,
      "srcWordEA": 57
    },
    {
      "srcTextID": "23939",
      "srcText": "또 한번은 이런 일도 있었습니다. 어머니는 알베르트에게 모자를 사 주려고 알베르트와 함께 시내에 있는 모자 가게에 갔습니다. 모자 가게 주인은 그 무렵에 유행하는 모자들을 이것저것 알베르트에게 씌워 보더니, 해군 모자를 본뜬 것을 권유하였습니다. “이게 아주 잘 어울리는군요.” 어머니도 그 모자가 마음에 들었는지 흡족한 표정을 지었습니다.",
      "srcPage": 38,
      "srcSentenceEA": 5,
      "srcWordEA": 48
    },
    {
      "srcTextID": "23943",
      "srcText": "그날도 예외 없이 아이들은 달구지 뒤를 따라가면서 마우쉐 아저씨를 향해 소리쳤습니다. “마우쉐, 마우쉐... 마우쉐는 유대인 바보.” 그런데 마우쉐 아저씨는 아이들의 놀림을 받아도 화를 내기는커녕 싱글벙글 웃기만 했습니다.",
      "srcPage": 41,
      "srcSentenceEA": 4,
      "srcWordEA": 29
    },
    {
      "srcTextID": "23974",
      "srcText": "아버지와 어머니는 오르간 반주에 맞추어 나직이 찬송가를 부르기 시작했고, 나중에는 온 식구가 입을 모아 힘차게 합창을 했습니다. 알베르트는 가슴이 벅차올랐습니다. ‘아아, 오늘처럼 행복한 순간은 없었다. 그동안 가난하다는 이유만으로 친구들로부터 받았던 차가운 눈총도 이 순간의 기쁨에 비하면 아무것도 아니다.’ 알베르트는 애써 눈물을 참으려고 했지만 기쁨의 눈물이 볼을 타고 흘러내렸습니다.",
      "srcPage": 72,
      "srcSentenceEA": 5,
      "srcWordEA": 52
    },
    {
      "srcTextID": "23973",
      "srcText": "그러나 알베르트의 걸음을 멈추게 만든 것은 제독의 동상이 아니라, 바로 제독의 발밑에서 괴로운 모습으로 신음하고 있는 듯한 흑인의 석상이었습니다. 어깨가 넓고 억센 근육을 가진 건장한 흑인 청년의 모습을 본뜬 석상이었는데, 슬픔을 꾹 참고 있는 듯한 그 표정은 알베르트의 가슴에 묘한 감정을 불러일으켰습니다. 그 후 알베르트는 그 석상을 보기 위해서 자주 콜마르 시로 갔습니다. 훗날 알베르트가 아프리카로 건너가 흑인을 위해 일하게 된 것도, 바로 이때 느꼈던 감정이 계기가 된 것이었습니다.",
      "srcPage": 74,
      "srcSentenceEA": 4,
      "srcWordEA": 72
    },
    {
      "srcTextID": "23975",
      "srcText": "알베르트는 다시 뮐하우젠으로 돌아왔습니다. 어느덧 졸업 시험이 다가오고 있었습니다. 그런데 알베르트에게 한 가지 걱정이 생겼습니다. 이날만은 깨끗하고 좋은 옷을 입고 학교에 가야 하는데, 알베르트에게는 마땅하게 입고 갈 만한 옷이 없었던 것입니다.",
      "srcPage": 75,
      "srcSentenceEA": 4,
      "srcWordEA": 34
    },
    {
      "srcTextID": "23979",
      "srcText": "루이 할아버지와 소피에 할머니는 시험장까지 따라와 알베르트를 격려해 주었습니다. 그 덕분에 알베르트는 졸업 시험에서 좋은 성적을 거둘 수 있었습니다. 9년에 걸친 중학교와 고등학교 생활은 이것으로 끝이 났습니다.",
      "srcPage": 78,
      "srcSentenceEA": 3,
      "srcWordEA": 29
    },
    {
      "srcTextID": "24005",
      "srcText": "두 사람은 성 빌헬름 교회에서 만났는데, 서로의 생각이 비슷하여 가깝게 지내게 되었습니다. 마침내 두 사람은 함께 아프리카로 가기로 약속했습니다. 슈바이처가 의학 공부를 하는 동안 헬레네는 독일의 프랑크푸르트로 가서 간호학을 공부했습니다.",
      "srcPage": 105,
      "srcSentenceEA": 3,
      "srcWordEA": 32
    },
    {
      "srcTextID": "24027",
      "srcText": "“마냥 걱정만 하고 있기보다는 오르간을 치면서 마음을 가다듬다 보면 용기가 생길 거예요. 음악이 어둠 속에 빛을 준다는 것은 당신도 이미 알고 있는 사실이잖아요. 자, 어서 이리로 와서 오르간을 연주해 보세요.” 헬레네에게 이런 위로의 말을 듣고 나서부터 슈바이처는 괴롭고 답답한 일이 생길 때마다 오르간 앞에 앉게 되었습니다.",
      "srcPage": 127,
      "srcSentenceEA": 4,
      "srcWordEA": 49
    },
    {
      "srcTextID": "24030",
      "srcText": "슈바이처 부부는 프랑스의 여기저기로 끌려다니면서, 거의 1년 가까이 포로 생활을 계속해야 했습니다. 포로 중에는 독일인 외에 오스트리아 인도 있었고, 항해 도중 붙잡혀 온 인도인, 중국인도 끼여 있었습니다. 그들은 학자, 건축가, 가톨릭 전도사, 은행원 등 각양각색의 직업에 종사하던 사람들이었습니다.",
      "srcPage": 130,
      "srcSentenceEA": 3,
      "srcWordEA": 40
    },
    {
      "srcTextID": "24035",
      "srcText": "슈바이처는 포로 생활을 하는 동안 건강이 몹시 나빠져 있었습니다. 하지만 시간이 어느 정도 흐르자, 슈바이처는 차츰 마음의 안정을 되찾았고 쇠약해졌던 몸도 점차 회복되기 시작했습니다. 건강을 회복한 슈바이처는 여기저기를 다니며 강연을 시작했습니다.",
      "srcPage": 134,
      "srcSentenceEA": 3,
      "srcWordEA": 33
    },
    {
      "srcTextID": "24038",
      "srcText": "7년 만에 아프리카 땅을 다시 밟고, 랑바레네의 병원을 대하게 된 슈바이처는 너무도 어처구니없는 상황 앞에서 그만 말문이 막혀 버렸습니다. 환자들을 치료하던 병원 건물은 거의 다 썩어서 허물어져 있었으며, 잡초가 무성하여 발을 들여놓기도 어려울 정도였습니다. 이렇게까지 형편없게 변했으리라고는 상상조차 못 했던 일이었습니다.",
      "srcPage": 137,
      "srcSentenceEA": 3,
      "srcWordEA": 43
    },
    {
      "srcTextID": "24040",
      "srcText": "슈바이처는 잠시 마음을 가다듬고 병원을 새로 짓기 위해 팔을 걷어붙였습니다. 거들어 주는 사람도 없이 조수와 단둘이 일을 시작했습니다. 다음 날 슈바이처가 돌아왔다는 소식이 전해지자, 아침 일찍부터 환자들이 몰려들기 시작했습니다. 슈바이처는 환자들을 돌보는 틈틈이 병원 짓는 일을 계속해 나갔습니다.",
      "srcPage": 138,
      "srcSentenceEA": 4,
      "srcWordEA": 41
    },
    {
      "srcTextID": "24045",
      "srcText": "이해 7월, 슈바이처는 잠시 시간을 내어 고향으로 돌아왔습니다. 부인 헬레네와 첫째 딸 레나의 따뜻한 환영을 받으며 오랜만에 휴식을 취했지만, 가족들과 함께 지낼 수 있는 시간은 그다지 길지 않았습니다. 아프리카 병원의 기금을 모금하기 위하여 전 세계를 돌아다니며 파이프 오르간을 연주하고, 강연회를 열어야 했기 때문입니다.",
      "srcPage": 145,
      "srcSentenceEA": 3,
      "srcWordEA": 45
    },
    {
      "srcTextID": "24044",
      "srcText": "이 무렵 슈바이처는 매우 슬픈 소식을 듣게 되었습니다. 아버지가 돌아가셨다는 안타까운 소식이었습니다. 아버지가 없는 빈자리가 커다란 슬픔으로 다가왔습니다. 김나지움 시절 성적이 부진한 자신 때문에 교장 선생님에게 불려 가 사정을 하던 아버지의 모습이 떠올랐습니다. 슈바이처의 눈가에는 어느덧 눈물이 번져 있었습니다. 아버지에 대한 그리움으로 온몸이 저려왔습니다.",
      "srcPage": 146,
      "srcSentenceEA": 6,
      "srcWordEA": 49
    },
    {
      "srcTextID": "24054",
      "srcText": "그러던 중 미국에서 나병 치료 약이 성공적으로 개발되었다는 소식을 듣게 되었습니다. 마침 미국에서 열리는 괴테 탄생 200주년 기념식에 강연 연사로 초청을 받은 슈바이처는 서둘러 미국으로 건너갔습니다. 슈바이처의 강연을 듣기 위해 세계 여러 나라에서 많은 사람들이 모여들었습니다. 강연의 요점은 사랑과 생명의 소중함에 관한 것이었습니다.",
      "srcPage": 153,
      "srcSentenceEA": 4,
      "srcWordEA": 46
    },
    {
      "srcTextID": "24056",
      "srcText": "1952년, 전 세계의 언론은 그 해의 노벨 평화상 수상자로 알베르트 슈바이처가 결정되었다고 발표했습니다. 슈바이처의 나이 77세가 되던 해의 일이었습니다. 랑바레네로 찾아온 한 기자가 슈바이처에게 이렇게 물었습니다. “노벨상을 받게 되면 많은 상금을 타실 텐데, 그 돈은 어디에 쓰실 생각이십니까?”",
      "srcPage": 155,
      "srcSentenceEA": 4,
      "srcWordEA": 40
    },
    {
      "srcTextID": "24060",
      "srcText": "슈바이처의 서재는 돗자리를 12장쯤 깔 수 있을 정도의 넓이였습니다. 그 안에는 큰 침대가 놓여 있었고, 머리맡에는 언제나 성냥과 양초가 놓여 있었습니다. 슈바이처는 그곳에서 책을 읽거나 생각에 잠기기도 하고, 오르간을 연주하기도 하면서 여가를 보냈습니다.",
      "srcPage": 159,
      "srcSentenceEA": 3,
      "srcWordEA": 35
    },
    {
      "srcTextID": "24062",
      "srcText": "그는 아내를 잃은 슬픔을 달래기 위해 쉬지 않고 일에만 몰두했습니다. 이제 슈바이처를 돕기 위해 세계 각지에서 랑바레네로 찾아오는 의사와 간호사들은 계속 늘어났습니다. 병원은 5백 명의 환자들도 거뜬히 입원할 수 있을 정도로 그 규모가 커졌습니다.",
      "srcPage": 161,
      "srcSentenceEA": 3,
      "srcWordEA": 36
    },
    {
      "srcTextID": "24063",
      "srcText": "그러던 1965년 9월 1일, 슈바이처가 쓰러졌다는 소식이 전해져 전 세계를 안타깝게 했습니다. 9월 4일 밤 10시경, 혼수상태에 빠져 있던 슈바이처는 가늘게 눈을 뜨고 할 말이 있다는 듯이 입술을 조금씩 움직였습니다. 스위스에서 비행기로 급히 달려온 딸 레나는, 순간적으로 뭔가를 깨달은 듯 재빨리 오르간 앞에 앉았습니다. 레나는 오르간 앞에 앉아 아버지가 좋아하던 곡을 연주했고, 슈바이처는 그 소리를 들으며 편안히 눈을 감았습니다.",
      "srcPage": 163,
      "srcSentenceEA": 4,
      "srcWordEA": 62
    },
    {
      "srcTextID": "24064",
      "srcText": "이튿날, 흑인 성가대의 슬픈 성가가 울려 퍼지는 가운데 슈바이처는 랑바레네 병원 안에 있는 헬레네의 무덤 옆에 묻혔습니다. 가난하고 병든 자들의 진정한 친구였던 슈바이처는 참된 사랑을 행동으로 보여 준 사람입니다. 아프리카에 뿌린 그의 사랑과 봉사 정신은 매우 아름답고 숭고한 것이었습니다.",
      "srcPage": 164,
      "srcSentenceEA": 3,
      "srcWordEA": 41
    },
    {
      "srcTextID": "23905",
      "srcText": "이 싸움은 두 소년에게 있어서 자존심이 걸린 문제였습니다. 게오르그는 아이들의 대장으로서 질 수 없다는 생각으로 싸웠고, 알베르트는 이번에 이기게 되면 앞으로는 친구들에게 따돌림을 당하지 않을 것이라는 생각으로, 있는 힘을 다해 싸웠습니다. 싸움은 게오르그가 단연 우세했습니다.",
      "srcPage": 3,
      "srcSentenceEA": 3,
      "srcWordEA": 37
    },
    {
      "srcTextID": "23910",
      "srcText": "게오르그는 몸을 일으키려 했지만, 너무 갑작스럽게 당한 일이라서 그대로 쓰러지고 말았습니다. “힘을 내, 게오르그!” 상황이 역전되었는데도 아이들은 여전히 게오르그에게는 응원의 함성을, 알베르트에게는 야유를 보냈습니다.",
      "srcPage": 7,
      "srcSentenceEA": 3,
      "srcWordEA": 25
    },
    {
      "srcTextID": "23927",
      "srcText": "그때, 마을 쪽에서 교회의 종소리가 들려 왔습니다. “뎅, 뎅, 뎅...” 그 종소리는 알베르트에게, 마치 하나님의 목소리처럼 들렸습니다. ‘생명이 있는 것을 함부로 죽이지 마라. 너보다 약한 것들을 괴롭혀서는 안 된다.’",
      "srcPage": 26,
      "srcSentenceEA": 5,
      "srcWordEA": 32
    },
    {
      "srcTextID": "24015",
      "srcText": "다시 오랜 항해 끝에 슈바이처 일행이 도착한 곳은 오고웨 강어귀에 있는 랑바레네라는 곳이었습니다. 마침내 아프리카 땅을 밟은 것입니다. 슈바이처는 무척 감격스러웠습니다.",
      "srcPage": 113,
      "srcSentenceEA": 3,
      "srcWordEA": 23
    },
    {
      "srcTextID": "24019",
      "srcText": "게다가 지붕 시설이 제대로 되어 있지 않은 병실이라, 갑자기 비라도 쏟아지면 환자와 의사 모두가 비를 피해 뛰어다니느라고 한바탕 소동이 벌어지곤 했습니다. 하지만 슈바이처는 결코 짜증을 내거나 자신의 앞에 펼쳐져 있는 현실에 대해서 좌절하지 않았습니다. 한 사람의 환자라도 더 치료해 주기 위해 말 없는 노력을 기울일 뿐이었습니다.",
      "srcPage": 118,
      "srcSentenceEA": 3,
      "srcWordEA": 48
    },
    {
      "srcTextID": "24023",
      "srcText": "정글의 흑인들은 거의 맨발로 다니고 있었습니다. 그런데 그곳의 흙에는 사람의 살을 파먹는 모래벼룩이라는 벌레가 있었습니다. 대부분의 원주민들은 모래벼룩한테 발가락을 파 먹혀서 발이 성한 사람이 거의 없었습니다.",
      "srcPage": 119,
      "srcSentenceEA": 3,
      "srcWordEA": 28
    },
    {
      "srcTextID": "24022",
      "srcText": "원주민들은 슈바이처가 아무리 주의를 주어도 잘 지키지 않았습니다. 세 번에 걸쳐 나누어 먹으라는 약을 한 번에 다 먹어 버리거나, 바르는 약을 먹어 버리는 일도 있었습니다. 그런 환자들을 볼 때마다 슈바이처는 화가 나기도 했지만, 잘 몰라서 저지르는 일이기 때문에 참을 수밖에 없었습니다.",
      "srcPage": 122,
      "srcSentenceEA": 3,
      "srcWordEA": 43
    },
    {
      "srcTextID": "24025",
      "srcText": "슈바이처는 진료에서부터 주변의 환경까지 모든 것에 일일이 신경을 써야 했습니다. 그곳의 원주민들은 대나무로 기둥을 세운 뒤 풀로 지붕과 벽을 만들어 맨바닥에서 생활하고 있었습니다. 슈바이처는 하루빨리 병실을 지어야겠다고 생각했지만, 이런 곳에서 건축 자재와 건축 기술자를 구하는 것은 결코 쉬운 일이 아니었습니다. 결국 슈바이처는 혼자서 이 모든 일을 해 나가야만 했습니다.",
      "srcPage": 123,
      "srcSentenceEA": 4,
      "srcWordEA": 52
    },
    {
      "srcTextID": "23908",
      "srcText": "“게오르그, 일어나!” “겁쟁이 알베르트!” 알베르트의 편을 드는 아이는 한 명도 없었습니다. 그러자 알베르트는 게오르그의 어깨를 힘껏 누르며 소리쳤습니다. “자, 어때! 이래도 내가 겁쟁이야?” 게오르그는 알베르트를 넘어뜨리려고 있는 힘을 다해 몸을 비틀었습니다. 그러나 알베르트는 꿈쩍도 하지 않았습니다.",
      "srcPage": 8,
      "srcSentenceEA": 8,
      "srcWordEA": 41
    },
    {
      "srcTextID": "23950",
      "srcText": "알베르트는 눈을 반짝이며 피아노 앞에 앉았습니다. 건반을 두드리는 동안 학교로 가는 길의 아름다운 정경이 머릿속을 스쳐 갔습니다. 시나 그림만이 자연의 아름다움을 묘사하는 게 아니라 음악도 아름다움을 표현할 수 있다는 것을 알베르트는 그때 처음 알았습니다.",
      "srcPage": 48,
      "srcSentenceEA": 3,
      "srcWordEA": 36
    },
    {
      "srcTextID": "23949",
      "srcText": "선생님은 믿을 수 없다는 표정으로 자리에서 일어났습니다. “어디, 그럼, 네가 한번 연주해 보아라.” 알베르트는 오르간 앞에 앉더니, 선생님이 연주하던 찬송가에 화음을 넣어 연주하기 시작했습니다.",
      "srcPage": 52,
      "srcSentenceEA": 3,
      "srcWordEA": 25
    },
    {
      "srcTextID": "23953",
      "srcText": "정말 선생님이 연주하던 것보다 훨씬 듣기 좋은 소리가 흘러나왔습니다. “알베르트, 정말 대단하구나!” 선생님은 알베르트의 재능을 알아보고 칭찬을 해 주었습니다.",
      "srcPage": 53,
      "srcSentenceEA": 3,
      "srcWordEA": 20
    },
    {
      "srcTextID": "23958",
      "srcText": "엄격한 학교생활. 1학년이 끝나 갈 무렵인 1885년, 알베르트는 친척인 루이 할아버지의 도움으로 뮐하우젠의 김나지움에 입학할 수 있게 되었습니다. 알베르트의 할아버지와 형제지간인 루이 할아버지는 그곳의 초등학교 교장 선생님이었습니다. 알베르트는 김나지움에 다니는 동안 소피에 할머니와 단둘이 살고 있는 루이 할아버지의 관사에서 지내게 되었습니다.",
      "srcPage": 54,
      "srcSentenceEA": 4,
      "srcWordEA": 44
    },
    {
      "srcTextID": "23904",
      "srcText": "다른 아이들과 평등하게. “힘내, 게오르그.” “절대로 봐주어서는 안 돼.” 두 소년이 풀밭에서 뒹굴며 싸움을 하고 있었습니다. 그들은 서로 엎치락뒤치락하면서 상대방을 쓰러뜨리려고 안간힘을 쓰고 있었습니다.",
      "srcPage": 1,
      "srcSentenceEA": 5,
      "srcWordEA": 26
    },
    {
      "srcTextID": "23902",
      "srcText": "게오르그는 알베르트를 밑에 깔고 올라앉아 알베르트의 양팔을 꼼짝 못 하게 죄었습니다. 승부는 거의 결정된 것이나 다름없었습니다. “자, 어때? 한번 일어서 보라고.” 알베르트를 깔고 앉은 게오르그는 바동거리는 알베르트를 내려다보며 비아냥거렸습니다.",
      "srcPage": 4,
      "srcSentenceEA": 5,
      "srcWordEA": 32
    },
    {
      "srcTextID": "23903",
      "srcText": "그러자 아이들도 게오르그의 편을 들어 알베르트를 놀려댔습니다. “야, 꼬마 목사님! 한번 겨루어 봐!” “겁쟁이 샌님, 그만 항복을 하지?”",
      "srcPage": 5,
      "srcSentenceEA": 4,
      "srcWordEA": 19
    },
    {
      "srcTextID": "23912",
      "srcText": "아이들의 놀림을 받자, 알베르트는 가슴속에서 무엇인가가 치밀어오르는 것만 같았습니다. 그것은 억제할 수 없는 힘이 되어 갑자기 역전의 상황을 만들었습니다. 잠시 방심한 틈을 타 알베르트가 게오르그를 공격해서 쓰러뜨린 것입니다.",
      "srcPage": 6,
      "srcSentenceEA": 3,
      "srcWordEA": 30
    },
    {
      "srcTextID": "23907",
      "srcText": "‘그래, 그럴지도 몰라. 내가 힘이 세서 이긴 것이 아니라 다른 아이들보다 부유한 생활을 하고 있기 때문일 수도 있어. 하지만 나는 외톨이가 정말 싫어.’ 알베르트가 사는 마을은 가난한 고장이라서 대부분의 아이들은 집에 돌아가면 소나 말을 돌보거나 부모님의 농사일을 도와야만 했습니다. 아이들이 입고 있는 옷은 허름했고 신발도 대부분 나막신이었습니다.",
      "srcPage": 12,
      "srcSentenceEA": 5,
      "srcWordEA": 51
    },
    {
      "srcTextID": "23919",
      "srcText": "생명이 있는 것은 모두 소중해요. 알베르트 슈바이처는 1875년 1월 14일, 독일 알자스 지방의 카이저스베르크라는 작은 마을에서 태어났습니다. 유럽의 곡창 지대로 손꼽히는 알자스는 독일과 프랑스가 서로 차지하기 위해 몇 번씩이나 싸움을 벌였을 정도로, 경치가 매우 아름다우며 살기 좋은 고장이었습니다. 알베르트의 아버지는 그 마을의 목사였는데, 알베르트가 태어난 지 얼마 되지 않아서 이웃 마을의 교회로 옮겨 가게 되었습니다. 그 마을은 귄스바흐라는 곳이었습니다.",
      "srcPage": 17,
      "srcSentenceEA": 5,
      "srcWordEA": 63
    },
    {
      "srcTextID": "23956",
      "srcText": "루이 할아버지와 소피에 할머니는 알베르트의 일과표를 짜 놓고 엄격한 규칙에 따라 생활하도록 했습니다. 일과표는 오로지 학교 공부와 오르간 연습 시간으로만 꽉 짜여져 있을 뿐 잠시도 쉴 틈이 없었습니다. 자유롭게 공상하기를 좋아하는 알베르트에게는 정말 따분하기 이를 데 없는 생활이었습니다.",
      "srcPage": 55,
      "srcSentenceEA": 3,
      "srcWordEA": 40
    },
    {
      "srcTextID": "23965",
      "srcText": "크리스마스를 이틀 앞두고 방학을 맞은 알베르트는 집으로 돌아왔습니다. “오, 알베르트! 어서 오너라. 정말 보고 싶었단다.” 어머니는 반가운 나머지 눈물까지 보이며 알베르트를 꼭 안아 주었습니다.",
      "srcPage": 58,
      "srcSentenceEA": 5,
      "srcWordEA": 27
    },
    {
      "srcTextID": "23964",
      "srcText": "잠시 후, 어머니는 갑자기 생각이 난 듯 상냥한 목소리로 말했습니다. “어디, 우리 알베르트 성적표 좀 볼까?” 그 순간 알베르트는 가슴이 덜컥 내려앉았습니다. 자신의 성적표를 보고 어머니가 실망할 것을 생각하니 그 자리에서 도망이라도 치고 싶었습니다.",
      "srcPage": 59,
      "srcSentenceEA": 4,
      "srcWordEA": 36
    },
    {
      "srcTextID": "23959",
      "srcText": "“죄송해요, 어머니.” 알베르트는 성적표를 어머니의 손에 슬며시 건네고는 고개를 떨구었습니다. “아니, 어쩜 이럴 수가...” 성적표를 꼼꼼히 들여다보던 어머니는 믿을 수가 없다는 표정을 지었습니다.",
      "srcPage": 60,
      "srcSentenceEA": 4,
      "srcWordEA": 25
    },
    {
      "srcTextID": "23963",
      "srcText": "알베르트의 성적은 몰라보게 좋아져서 새 학기가 시작된 지 3개월 후부터는 우등생이 되었습니다. 아버지는 뒤늦게 공부에 흥미를 가지게 된 알베르트를 떡갈나무에 비유했습니다. “알베르트는 바위에 뿌리를 내리고 있는 떡갈나무와 같다. 뿌리를 박기까지는 오랜 시간이 걸리지만, 일단 뿌리를 박고 나면 꿈쩍도 하지 않는 떡갈나무 말이다.”",
      "srcPage": 64,
      "srcSentenceEA": 4,
      "srcWordEA": 44
    },
    {
      "srcTextID": "23966",
      "srcText": "이 무렵 알베르트는 학교 공부 외에도 많은 책을 읽었습니다. 친구들과 어울려 놀고 싶다거나 쓸데없는 공상에 빠지려고 할 때, 고향으로 돌아가고 싶은 생각이 들 때마다 알베르트는 책을 읽으며 새로운 미지의 세계로 빠져들었습니다. 알베르트는 매일 배달되는 신문이나 주간 월간 잡지도 빠뜨리지 않고 읽었습니다. 알베르트가 특히 관심을 가진 것은 정치 기사였습니다. 여러 가지 읽을거리를 읽는 동안 알베르트의 눈은 새로운 세계를 향하여 조금씩 열리게 되었습니다.",
      "srcPage": 65,
      "srcSentenceEA": 5,
      "srcWordEA": 65
    },
    {
      "srcTextID": "23967",
      "srcText": "한편 알베르트는 어릴 때부터 옷이나 소지품에 대해서는 별로 관심이 없었습니다. ‘좋은 옷을 입는다고 해서 그 사람이 훌륭한 것은 아니다. 옷은 형식에 불과해. 중요한 것은 사람의 내면이야.’ 알베르트는 이렇게 생각했습니다.",
      "srcPage": 66,
      "srcSentenceEA": 5,
      "srcWordEA": 33
    },
    {
      "srcTextID": "23918",
      "srcText": "새로 이사 온 목사의 가족에게 인사를 하기 위해 모인 온 마을 사람들은 알베르트를 보고 깜짝 놀랐습니다. 갓난아기가 너무나 허약해 보여, 과연 제대로 자랄 수 있을까 걱정이 되었기 때문이었습니다. “아기가 병이 들었나 봐요.” “그런 것 같지는 않은데... 몸이 약한 것 같군요.” “목사님 부부가 얼마나 속상할까요?” 부인들은 작은 소리로 수군거렸습니다.",
      "srcPage": 18,
      "srcSentenceEA": 7,
      "srcWordEA": 51
    },
    {
      "srcTextID": "23922",
      "srcText": "그러나 알베르트는 많은 사람들이 걱정하던 것과는 달리 아무 탈 없이 잘 자라 주었습니다. 알베르트가 건강하게 자랄 수 있었던 것은 어머니의 지극한 사랑과 기도의 힘에 의해서였습니다. 알베르트는 어릴 적부터 동물에 대한 관심과 동물들을 사랑하는 마음이 남달랐습니다.",
      "srcPage": 19,
      "srcSentenceEA": 3,
      "srcWordEA": 37
    },
    {
      "srcTextID": "23920",
      "srcText": "“그러면 죽으러 가는 거예요?” 알베르트의 볼에는 어느새 눈물이 흘러내리고 있었습니다. ‘사람들은 왜 가엾은 동물을 실컷 부리고는 함부로 죽이는 걸까.’ 그 후, 이 일은 오랫동안 알베르트의 마음을 우울하게 했습니다.",
      "srcPage": 22,
      "srcSentenceEA": 4,
      "srcWordEA": 31
    },
    {
      "srcTextID": "23926",
      "srcText": "“봤지? 이렇게 새를 잡는 거야. 자, 알베르트 너도 한번 해 봐.” 하인리히는 우쭐대면서 고무총을 내밀었습니다. 엉겁결에 그것을 받아 든 알베르트는 잠시 망설였습니다. 하지만 겁쟁이라고 놀림을 받는 것이 싫어서, 고무총 사이에 작은 돌멩이를 끼워 놓고 반대편 나뭇가지를 향해 힘껏 고무줄을 당겼습니다.",
      "srcPage": 25,
      "srcSentenceEA": 5,
      "srcWordEA": 45
    },
    {
      "srcTextID": "23929",
      "srcText": "새들은 놀라서 파다닥 날아올랐습니다. “알베르트, 이게 무슨 바보 같은 짓이야!” 화가 난 하인리히는 알베르트를 때릴 듯한 표정으로 다가섰습니다. 그러나 하인리히가 아무리 화를 내도 알베르트는 웃기만 했습니다.",
      "srcPage": 28,
      "srcSentenceEA": 4,
      "srcWordEA": 28
    },
    {
      "srcTextID": "23934",
      "srcText": "저녁 기도가 끝나고 방으로 돌아온 알베르트는, 가만히 앉아 동물들을 위한 기도문을 적어 나직이 외기 시작했습니다. “하늘에 계신 아버지, 모든 살아 있는 것들을 보살펴 주소서. 동물들을 악한 사람들로부터 보호하시고, 모두에게 평화를 주시옵소서.”",
      "srcPage": 31,
      "srcSentenceEA": 3,
      "srcWordEA": 32
    },
    {
      "srcTextID": "23932",
      "srcText": "그 후로 알베르트는 친구들이 새나 물고기를 잡으러 가자고 하면 단호하게 거절했습니다. 또 친구들이 동물을 괴롭히는 것을 보면 반드시 그만두게 했습니다. 이렇듯 어린 시절의 알베르트는 매우 용기 있고 정의로운 소년이었습니다.",
      "srcPage": 32,
      "srcSentenceEA": 3,
      "srcWordEA": 31
    },
    {
      "srcTextID": "23937",
      "srcText": "그해 겨울이었습니다. 어머니는 아버지의 헌 외투를 수선하여 알베르트의 외투를 만들어 주었습니다. 그러나 알베르트는 그 외투를 입으려 하지 않았습니다.",
      "srcPage": 35,
      "srcSentenceEA": 3,
      "srcWordEA": 20
    },
    {
      "srcTextID": "23936",
      "srcText": "“싫어요. 전 그 옷을 입지 않겠어요.” “아니, 날씨도 추운데 왜 입지 않겠다는 거니?” “전 춥지 않아요.” “너, 새 옷이 아니라 헌 외투로 만든 것이라고 투정을 부리는 거니?”",
      "srcPage": 36,
      "srcSentenceEA": 4,
      "srcWordEA": 28
    },
    {
      "srcTextID": "23940",
      "srcText": "아버지가 화를 내자 알베르트는 겨우 입을 열었습니다. “저만 이런 따뜻한 옷을 입는다는 게 부끄러워요. 제 친구들 중에는 외투를 입는 아이가 없거든요.” 그 말을 들은 아버지는 아무 말도 하지 못했습니다. 알베르트가 그런 착한 심성을 갖고 있으리라고는 생각도 못 했기 때문입니다.",
      "srcPage": 37,
      "srcSentenceEA": 5,
      "srcWordEA": 42
    },
    {
      "srcTextID": "23938",
      "srcText": "그러나 알베르트는 한쪽 구석에 있는 볼품 없는 모자를 집어 드는 것이었습니다. “저는 이 털모자가 더 좋아요.” 알베르트는 자신이 다른 아이들과 다르게 보이는 것이 싫었습니다. 그래서 다른 아이들이 쓰고 다니는 모자와 비슷한 털모자를 고른 것입니다. 점원이 구석에서 그 모자를 꺼내 주자 알베르트의 표정은 환하게 밝아졌습니다.",
      "srcPage": 39,
      "srcSentenceEA": 5,
      "srcWordEA": 47
    },
    {
      "srcTextID": "23941",
      "srcText": "어느 날, 알베르트가 친구들과 어울려 놀고 있을 때, 당나귀가 끄는 달구지와 함께 마우쉐 아저씨가 언덕을 오르고 있었습니다. 마우쉐 아저씨는 마을에서 가축을 기르며 살고 있는 유대인이었습니다. 마을 아이들은 마우쉐 아저씨를 보기만 하면 그 뒤를 쫓아다니며 놀려댔습니다.",
      "srcPage": 40,
      "srcSentenceEA": 3,
      "srcWordEA": 37
    },
    {
      "srcTextID": "24007",
      "srcText": "슈바이처는 의학 공부를 하는 틈틈이 아프리카로 가는 여비를 마련하기 위해 책을 쓰고 연주를 하러 뛰어다녔습니다. 마침내 슈바이처는 1911년, 의사 시험에 합격하였습니다. 그는 의사가 된 후에도 파리로 가서 열대 지방의 전염병을 연구하는 등 바쁜 나날을 보냈습니다.",
      "srcPage": 106,
      "srcSentenceEA": 3,
      "srcWordEA": 37
    },
    {
      "srcTextID": "24010",
      "srcText": "의과 대학을 졸업한 이듬해, 슈바이처는 사랑하는 헬레네와 결혼식을 올리고 나서 아프리카로 건너가기 위한 본격적인 준비를 했습니다. 드디어 1913년, 슈바이처는 아내 헬레네와 함께 아프리카로 향하는 배에 올랐습니다. 슈바이처 부부를 전송하기 위해 많은 사람들이 항구로 나왔습니다. 떠나는 사람도, 보내는 사람도 다 같이 목이 메었습니다.",
      "srcPage": 108,
      "srcSentenceEA": 4,
      "srcWordEA": 45
    },
    {
      "srcTextID": "24008",
      "srcText": "대학 교수로서 명예를 얻을 수도 있고, 학자로서 세상에 이름을 떨칠 수도 있었던 슈바이처였습니다. 목사로서도 음악가로서도 충분한 능력을 지닌 슈바이처였습니다. 그러나 슈바이처는 그런 모든 것들을 팽개치고 그를 위해 준비된 것이라고는 아무것도 없는 암흑의 땅 아프리카로 건너가고 있었습니다.",
      "srcPage": 109,
      "srcSentenceEA": 3,
      "srcWordEA": 38
    },
    {
      "srcTextID": "24012",
      "srcText": "슈바이처 부부는 프랑스의 한 항구에서, 콩고 행 배를 타고 3주일 동안 힘겨운 항해를 계속했습니다. 항해 도중에 몇 차례의 폭풍우를 만나기도 하고, 한낮의 기온이 섭씨 30~40도를 오르내리는 무더운 날씨를 경험하기도 하였습니다. 프랑스를 떠난 지 20여 일 만에 슈바이처 부부를 태운 배는 아프리카의 기니 만에 도착했습니다.",
      "srcPage": 111,
      "srcSentenceEA": 4,
      "srcWordEA": 47
    },
    {
      "srcTextID": "24020",
      "srcText": "그리고 주위의 흙탕물에는 여러 가지 병균이 들끓고 있어서 안심하고 마실 수도 없었습니다. 원주민들은 슈바이처의 주의를 무시하고 함부로 물을 마셔 배탈이 나는 일이 허다했습니다. 그뿐만이 아니었습니다. 수술을 받은 환자들이 병이 완쾌되기도 전에 강물에 들어가 몸을 씻는 바람에 병이 더 심해지는 경우도 종종 있었습니다.",
      "srcPage": 120,
      "srcSentenceEA": 4,
      "srcWordEA": 45
    },
    {
      "srcTextID": "24021",
      "srcText": "또, 환자가 사용한 물을 다른 사람이 사용해서 금세 무서운 전염병이 퍼지는 경우도 있었습니다. 원주민이 제일 많이 걸리는 병은 헤르니아라는 병이었습니다. 이 병은 즉시 수술하지 않으면 목숨을 잃게 되기 때문에, 그는 환자가 생기면 밤잠을 자지 못하면서까지 수술을 해야만 했습니다.",
      "srcPage": 121,
      "srcSentenceEA": 3,
      "srcWordEA": 40
    },
    {
      "srcTextID": "24024",
      "srcText": "마루를 깔고, 침대를 놓고, 지붕에 양철을 씌워 병원다운 병원을 완성시키기까지는 퍽 오랜 시일이 걸렸습니다. 병원을 완성한 후 병실을 늘릴 때에는 원주민들의 손을 빌려야 했는데, 그 일도 슈바이처의 생각처럼 잘되지 않았습니다. 환자를 돌보면서 병실을 짓는 일을 해야 했기 때문에 슈바이처는 몸이 몇 개가 있어도 모자랄 지경이었습니다. 슈바이처는 아침 6시에 일어나 해가 질 때까지 일을 하고, 밤에는 책을 읽거나 글을 썼습니다.",
      "srcPage": 124,
      "srcSentenceEA": 4,
      "srcWordEA": 62
    },
    {
      "srcTextID": "23944",
      "srcText": "그 모습을 본 알베르트는 도무지 그를 이해할 수가 없었습니다. ‘저렇게 놀림을 받으면서도 어쩌면 화를 내지 않고 웃고 있는 걸까? 아이들을 붙잡아서 혼을 내주면 두 번 다시 아이들의 놀림을 받지 않을 텐데.’",
      "srcPage": 42,
      "srcSentenceEA": 3,
      "srcWordEA": 33
    },
    {
      "srcTextID": "23945",
      "srcText": "마우쉐 아저씨의 웃는 얼굴과 마주친 알베르트는, 다른 아이들과는 달리 부끄러운 생각이 들었습니다. 마우쉐 아저씨가 유대인이라고 해서 바보 취급을 받을 까닭은 없으며, 놀림을 당하면서도 계속 웃는다는 것은 굉장히 참기 힘든 일일 거라는 생각이 들었습니다. 이 일은 알베르트의 마음에 ‘인내’라는 숭고한 정신을 일깨워 주었습니다.",
      "srcPage": 43,
      "srcSentenceEA": 4,
      "srcWordEA": 45
    },
    {
      "srcTextID": "23951",
      "srcText": "어느 날 알베르트의 고민을 듣게 된 아버지는 이렇게 말했습니다. “재능을 멀리서 찾으려 하지 말고 가까이에서 찾거라. 너는 피아노를 잘 치니까, 피아노를 더 잘 칠 수 있도록 노력하면 어떻겠니?” “아, 그렇군요. 저도 잘하는 것이 있었군요.”",
      "srcPage": 47,
      "srcSentenceEA": 5,
      "srcWordEA": 36
    },
    {
      "srcTextID": "23947",
      "srcText": "사실 알베르트에게는 어릴 적부터 음악에 대한 남다른 재능이 있었습니다. 알베르트가 5세 무렵부터 아버지는 낡은 피아노로 음악을 가르쳤는데, 놀랍게도 악보를 쉽게 이해하고 금세 깨우치는 것이었습니다. 알베르트의 이런 재능은 아마도 돌아가신 외할아버지에게서 물려받은 듯했습니다. 목사였던 외할아버지는 오르간 연주자로서도 이름을 떨치던 분이었습니다.",
      "srcPage": 49,
      "srcSentenceEA": 4,
      "srcWordEA": 42
    },
    {
      "srcTextID": "23952",
      "srcText": "어느 날 음악 시간이었습니다. 알베르트는 오르간을 연주하고 있는 선생님 앞으로 나가서 당돌한 태도로 이렇게 말하는 것이었습니다. “선생님은 왜 오르간을 화음도 없이 연주하세요? 그러니까 소리가 아름답지 않아요.”",
      "srcPage": 50,
      "srcSentenceEA": 4,
      "srcWordEA": 28
    },
    {
      "srcTextID": "23948",
      "srcText": "선생님은 당황하여 눈을 크게 뜨고 물었습니다. “그럼, 너는 화음을 넣어서 칠 수 있다는 말이니?” “그럼요.” 알베르트는 자신 있게 대답했습니다.",
      "srcPage": 51,
      "srcSentenceEA": 3,
      "srcWordEA": 20
    },
    {
      "srcTextID": "23957",
      "srcText": "알베르트는 점점 공부에 흥미를 잃어 갔습니다. 자연히 학교 성적은 꼴찌에서 맴돌 수밖에 없었습니다. 어느 날, 김나지움의 교장 선생님은 알베르트의 아버지를 학교로 불렀습니다. 알베르트의 성적이 너무 나빠서 다른 학교로 전학시키겠다는 경고를 하기 위해서였습니다.",
      "srcPage": 56,
      "srcSentenceEA": 4,
      "srcWordEA": 35
    },
    {
      "srcTextID": "24026",
      "srcText": "얼마 전 파리에 있는 바흐 협회에서는 슈바이처 부부에게 오르간을 보내 주었습니다. 환자들을 돌보는 일로 지칠 대로 지쳐 있는 슈바이처 부부에게 가장 큰 위안을 주는 것은 음악이었습니다. 어느 날, 헬레네는 하루의 일과를 마친 뒤 슈바이처에게 오르간을 쳐 달라고 했습니다.",
      "srcPage": 125,
      "srcSentenceEA": 3,
      "srcWordEA": 40
    },
    {
      "srcTextID": "24028",
      "srcText": "그러자 슈바이처는 이렇게 말했습니다. “아프리카로 오면서부터 음악가로서의 내 인생은 끝났소. 나는 요즈음 약에 대한 생각밖에 없소. 이들을 치료할 수 있는 약품만 풍부하다면 더 바랄 게 없겠소.”",
      "srcPage": 126,
      "srcSentenceEA": 4,
      "srcWordEA": 28
    },
    {
      "srcTextID": "24031",
      "srcText": "슈바이처가 아프리카에서 한창 활동을 하던 1914년에 제1차 세계 대전이 일어났습니다. 프랑스와 독일은 서로 적이 되어 싸웠습니다. 전쟁이 갈수록 치열해지던 어느 날, 슈바이처 부부는 프랑스 군의 포로가 되어 포로 수용소로 가게 되었습니다. 그동안 땀과 정성으로 만들어 놓은 랑바레네의 병원과, 치료의 손길을 기다리고 있는 수많은 원주민들과도 헤어지지 않으면 안 되었습니다. 슈바이처의 일생에서 이때만큼 슬프고 어려운 시기는 없었습니다.",
      "srcPage": 128,
      "srcSentenceEA": 5,
      "srcWordEA": 59
    },
    {
      "srcTextID": "24036",
      "srcText": "포로 수용소 생활을 하는 동안 슈바이처는 다른 사람들로부터 전혀 다른 새로운 분야에 대해서도 배우게 되었습니다. 특히 건축과 농사일은 듣는 대로 꼼꼼히 적어 두었습니다. 훗날 다시 아프리카로 돌아가게 되면 쓸모가 있겠다는 생각에서였습니다.",
      "srcPage": 132,
      "srcSentenceEA": 3,
      "srcWordEA": 33
    },
    {
      "srcTextID": "24032",
      "srcText": "1918년, 전쟁이 끝난 뒤 슈바이처 부부는 포로의 신분에서 풀려나 그리운 고향으로 돌아갈 수 있게 되었습니다. 전쟁은 끝났지만 고향의 산과 들은 폐허가 되어 있었습니다. 슈바이처 부부는 걸음을 재촉하여 집으로 달려갔습니다. 하지만 어머니가 없는 고향 집은 쓸쓸하기만 했습니다. 늙으신 아버지는 슈바이처를 부둥켜안고 말없이 눈물만 흘릴 뿐이었습니다.",
      "srcPage": 133,
      "srcSentenceEA": 5,
      "srcWordEA": 48
    },
    {
      "srcTextID": "24033",
      "srcText": "강연의 내용은 아프리카에서 어려움을 겪으며 병원 일을 해 나가던 것과 생명의 귀중함을 깨달은 일에 대한 것이었습니다. 그의 강연을 들은 사람들은 모두 감동을 받았습니다. 이 밖에도 슈바이처는 아프리카에서 지낸 일들을 회상하며 물과 원시림 사이라는 책을 썼고, 파이프 오르간 연주회를 열어 다시 아프리카로 가기 위한 돈을 모으기 시작했습니다.",
      "srcPage": 135,
      "srcSentenceEA": 3,
      "srcWordEA": 48
    },
    {
      "srcTextID": "24039",
      "srcText": "새로 지을 병원의 자리는 지금의 위치에서 조금 위쪽으로 정했습니다. 또다시 힘든 작업이 시작되었습니다. 밀림 속의 나무와 덩굴들을 베어 낸 후, 그곳에 병원을 세울 땅을 다졌습니다. 그리고 병원 주변에는 과일과 야채를 가꿀 농장도 만들 생각이었습니다.",
      "srcPage": 141,
      "srcSentenceEA": 4,
      "srcWordEA": 37
    },
    {
      "srcTextID": "24047",
      "srcText": "환자를 치료하는 일은 잠시 다른 의사에게 맡기고, 슈바이처는 하루 종일 병원을 짓는 일에 열중했습니다. 1927년 1월, 드디어 새 병원이 완공되었습니다. 200여 명이 입원할 수 있는 병실이 생겼고, 전염병 환자와 정신병 환자를 따로 입원시킬 병실도 만들어졌습니다. 병원 주변의 농장에서는 옥수수와 바나나, 망고 등의 열대성 농작물이 풍성하게 자라고 있었습니다.",
      "srcPage": 142,
      "srcSentenceEA": 4,
      "srcWordEA": 50
    },
    {
      "srcTextID": "24046",
      "srcText": "이제 랑바레네 병원에서 굶주림은 사라졌습니다. 사랑의 전도사 슈바이처가 평화의 터전으로 일구어 놓은 것입니다. “야, 굉장하다!” “우리 선생님, 만세!” 원주민들은 새로 세워진 병원을 보고 모두 감격해서 눈물을 흘렸습니다.",
      "srcPage": 143,
      "srcSentenceEA": 5,
      "srcWordEA": 29
    },
    {
      "srcTextID": "23955",
      "srcText": "“한 번만 더 기회를 주십시오. 결코 다른 일로 말썽을 피우는 아이는 아니잖습니까?” “좋습니다. 한 번만 더 기회를 주겠습니다.” 아버지가 사정해서 겨우 퇴학만은 면했지만, 이 일로 루이 할아버지와 소피에 할머니는 전보다 더욱더 엄격해졌습니다. 알베르트는 그럴수록 점점 더 공부가 싫어졌습니다.",
      "srcPage": 57,
      "srcSentenceEA": 5,
      "srcWordEA": 42
    },
    {
      "srcTextID": "23962",
      "srcText": "알베르트는 자신의 학교 성적이 그토록 어머니를 놀라게 할 줄은 몰랐습니다. 알베르트는 잠자코 어머니의 얼굴을 올려다보면서 열심히 공부하지 않은 지난날을 후회하기 시작했습니다. ‘어머니, 아버지, 죄송해요. 한 번만 더 지켜봐 주세요. 다시는 두 분을 실망시키지 않겠어요.’ 알베르트는 이렇게 다짐하며 이를 악물었습니다. 다음 날부터 알베르트는 밤낮을 가리지 않고 책과 씨름했습니다.",
      "srcPage": 61,
      "srcSentenceEA": 7,
      "srcWordEA": 53
    },
    {
      "srcTextID": "23960",
      "srcText": "방학이 끝나고 새 학기가 시작되었습니다. 새로 담임이 된 베만 선생님은 학생들에게 많은 것을 가르치고자 노력하는, 성실하고 친절한 사람이었습니다. 알베르트는 선생님이 이렇게 열심히 가르쳐 주시는데도 성적이 좋아지지 않는 것은 부끄러운 일이라고 생각했습니다.",
      "srcPage": 62,
      "srcSentenceEA": 3,
      "srcWordEA": 33
    },
    {
      "srcTextID": "23961",
      "srcText": "베만 선생님의 꼼꼼한 지도로 알베르트는 자신도 모르는 사이에 공부에 흥미를 가지기 시작했습니다. 공부하다가 게으름을 피우고 싶으면 알베르트는 어머니의 모습을 떠올렸습니다. 그러면 저절로 힘이 솟아나는 것이었습니다.",
      "srcPage": 63,
      "srcSentenceEA": 3,
      "srcWordEA": 27
    },
    {
      "srcTextID": "24050",
      "srcText": "사랑의 실천자. 1938년 4월 16일은 슈바이처가 아프리카 땅을 밟은 지 꼭 25년째가 되는 날이었습니다. 랑바레네에 사는 백인들은 그날을 기념하여 슈바이처에게 엑스레이 촬영기와 성금을 전달했습니다. 이제 랑바레네에는 병원 건물이 수십 채, 의사가 30명, 간호사가 6명, 흑인 조수가 13명이나 되었습니다. 슈바이처의 20여 년 동안의 피나는 노력이 이런 결과를 이루어 놓은 것입니다.",
      "srcPage": 147,
      "srcSentenceEA": 5,
      "srcWordEA": 53
    },
    {
      "srcTextID": "23968",
      "srcText": "소피에 할머니 역시 알베르트가 지나치게 외모에 무관심한 것을 별로 걱정하지 않았습니다. 그런 것은 나이가 들면서 차차 변하게 되는 것이라고 생각했기 때문입니다. “저 애는 가난뱅이인가 봐.” “창피하지도 않은 모양이지.” 아이들의 수군거리는 소리가 알베르트의 귀에까지 들려 왔지만, 알베르트의 태도는 의연하기만 했습니다.",
      "srcPage": 67,
      "srcSentenceEA": 5,
      "srcWordEA": 41
    },
    {
      "srcTextID": "23970",
      "srcText": "어느덧 겨울이 오고 있었습니다. 옷차림에 신경을 쓰지 않는 알베르트도 추위를 이길 수 있는 겨울옷만큼은 필요했습니다. 알베르트는 따뜻한 코트 한 벌을 장만하기 위해 집으로 돌아왔습니다.",
      "srcPage": 68,
      "srcSentenceEA": 3,
      "srcWordEA": 26
    },
    {
      "srcTextID": "23971",
      "srcText": "어머니는 오랜만에 집으로 돌아온 알베르트를 반기며 눈물을 글썽였습니다. 아버지가 병을 얻어 자리에 누워 있었으므로, 집안 분위기는 어두웠고 어머니는 무척 야위어 있었습니다. 알베르트는 괜히 왔구나 하는 생각이 들었습니다. 집안 형편은 겨울옷은커녕 아버지의 약값을 마련하기에도 벅차 보였기 때문입니다.",
      "srcPage": 69,
      "srcSentenceEA": 4,
      "srcWordEA": 39
    },
    {
      "srcTextID": "23969",
      "srcText": "아버지는 가까스로 일어나 알베르트를 반겼습니다. “그동안 안녕하셨어요, 아버지?” “오, 알베르트! 이젠 많이 의젓해졌구나.” 아버지는 힘없이 미소를 지으며 알베르트의 두 손을 꼭 잡아주었습니다.",
      "srcPage": 70,
      "srcSentenceEA": 5,
      "srcWordEA": 24
    },
    {
      "srcTextID": "23976",
      "srcText": "한동안 알베르트를 바라보던 아버지가 천천히 입을 열었습니다. “알베르트, 오랜만에 너의 오르간 연주를 듣고 싶구나.” 알베르트는 오르간 앞에 앉아 천천히 건반을 두드리기 시작했습니다. 맑고 고운 찬송가가 흘러나왔습니다.",
      "srcPage": 71,
      "srcSentenceEA": 4,
      "srcWordEA": 28
    },
    {
      "srcTextID": "23972",
      "srcText": "고향 집에서 머물고 있던 어느 날, 알베르트는 어머니를 따라 귄스바흐 마을에서 멀지 않은 콜마르 시에 가게 되었습니다. 볼일을 마치고 잠시 공원을 산책하던 알베르트는 어떤 동상 앞에서 걸음을 멈추었습니다. 거기에는 해군 제독 브루마의 동상이 위풍당당하게 서 있었습니다.",
      "srcPage": 73,
      "srcSentenceEA": 3,
      "srcWordEA": 38
    },
    {
      "srcTextID": "23980",
      "srcText": "집에서는 새 옷을 사 줄 만한 형편이 못 되었으며, 오래된 옷들은 너무 낡았고 몸에 맞지도 않았습니다. 이런 알베르트를 지켜보던 소피에 할머니는 할아버지의 옷을 입고 가라고 말했습니다. 하지만 할아버지의 옷은 품이 너무 커서 알베르트에게는 자루를 입혀 놓은 것처럼 헐렁했습니다.",
      "srcPage": 76,
      "srcSentenceEA": 3,
      "srcWordEA": 40
    },
    {
      "srcTextID": "23978",
      "srcText": "그러나 달리 뾰족한 방법이 없었기 때문에 알베르트는 할아버지 옷이라도 입고 가야 했습니다. 알베르트가 몸에 맞지 않는 옷을 입고 나타나자, 친구들은 킥킥거리며 웃기 시작했습니다. 우스꽝스런 모습을 한 알베르트가 맨 앞에 서고 그 뒤를 따라 모두 시험장으로 들어가 시험을 치렀습니다.",
      "srcPage": 77,
      "srcSentenceEA": 3,
      "srcWordEA": 40
    },
    {
      "srcTextID": "23977",
      "srcText": "1893년 가을, 18세가 된 알베르트는 스트라스부르 대학에 들어갔습니다. 알베르트는 대학에서 철학과 신학을 공부했고, 음악도 계속했습니다. 여러 가지를 동시에 하느라고 알베르트는 조금도 한가로울 틈이 없었습니다.",
      "srcPage": 79,
      "srcSentenceEA": 3,
      "srcWordEA": 26
    },
    {
      "srcTextID": "23982",
      "srcText": "알베르트는 어디를 가든 그리스어로 된 성서를 군복 주머니에 넣고 다니며 틈만 나면 그것을 꺼내 읽었습니다. 휴식 시간에는 풀밭 위에 누워 성서를 꺼내 읽었고, 저녁 식사를 마치고 다른 동료들이 모닥불 주위에 둘러앉아 이야기를 나눌 때에도 쉬지 않고 공부를 했습니다. 혼자 떨어져서 풀밭에 배를 깔고 책을 읽노라면, 모닥불의 연기 냄새도, 떡갈나무가 바람에 흔들리는 소리도 까맣게 잊어버리는 것이었습니다.",
      "srcPage": 81,
      "srcSentenceEA": 3,
      "srcWordEA": 57
    },
    {
      "srcTextID": "23981",
      "srcText": "알베르트는 1년간의 군대 생활을 지루한 줄 모르게 마친 후, 다시 대학으로 돌아왔습니다. 알베르트가 다니는 대학에서는 보통 한 과목을 5년이나 6년 동안 연구한 다음 논문을 내도록 되어 있었습니다. 알베르트는 원래 신학 학위를 목적으로 공부했지만, 차츰 철학에 더 많은 관심을 갖게 되었습니다. 그리하여 22세 때부터는 철학 학위를 따기 위한 공부를 시작하여 눈코 뜰 새 없이 바쁘게 생활했습니다.",
      "srcPage": 82,
      "srcSentenceEA": 4,
      "srcWordEA": 58
    },
    {
      "srcTextID": "24049",
      "srcText": "그런데 이듬해, 세계는 또다시 전쟁의 소용돌이에 휘말렸습니다. 제2차 세계 대전이 일어난 것입니다. 전쟁의 회오리는 아프리카에도 불어닥쳤습니다.",
      "srcPage": 148,
      "srcSentenceEA": 3,
      "srcWordEA": 18
    },
    {
      "srcTextID": "24051",
      "srcText": "약품이 거의 다 떨어져 가는 데다가, 유럽으로부터의 수입은 완전히 끊어진 상태였습니다. 병원의 젊은 일꾼들마저 하나둘 전쟁터로 불려 나가, 병원에는 일할 사람도 부족했습니다. 그때 만일 미국 교회의 선교 단체로부터 의약품과 식량 등의 구호품이 전달되지 않았더라면 병원은 아마도 문을 닫아야만 했을 것입니다.",
      "srcPage": 149,
      "srcSentenceEA": 3,
      "srcWordEA": 42
    },
    {
      "srcTextID": "24048",
      "srcText": "괴로운 나날을 보내던 어느 날 아내 헬레네가 찾아왔습니다. 그동안 헬레네는 몸이 많이 약해져서 딸 레나와 함께 유럽에서 생활하고 있었습니다. 헬레네는 여행의 피로도 잊은 채, 즉시 팔을 걷어붙이고 슈바이처를 도왔습니다.",
      "srcPage": 150,
      "srcSentenceEA": 3,
      "srcWordEA": 31
    },
    {
      "srcTextID": "24065",
      "srcText": "한편 1960년에는 프랑스의 지배를 받던 가봉, 콩고, 중앙아프리카공화국 등이 차례로 독립하였습니다. 특히 랑바레네가 있는 가봉공화국에서는 슈바이처에게 ‘적도성 십자’라는 최고 훈장을 주었고, 알베르트 슈바이처의 모습이 들어 있는 독립 기념 우표를 발행했습니다. 하루 일과를 마친 슈바이처는 조용히 창밖을 바라보며 깊은 생각에 잠기곤 했습니다. 그런 슈바이처의 모습은 쓸쓸해 보이기보다는 성스러운 인상을 주었습니다. 그의 곁에는 슈바이처를 한 가족이라고 생각하는 원주민 친구들이 있었기 때문에 결코 외롭지 않았습니다.",
      "srcPage": 162,
      "srcSentenceEA": 6,
      "srcWordEA": 67
    },
    {
      "srcTextID": "23988",
      "srcText": "알베르트의 머릿속에는 앞으로 자신이 나아가야 할 세계가 펼쳐지고 있었습니다. 알베르트는 자신의 미래에 대해 구체적인 결정을 내리기 전에, 마을에 살고 있는 친구들을 만나러 다녔습니다. 친구들은 성장하여 이제 청년의 모습으로 변해 있었지만, 고향을 떠나지 않은 채 열심히 일하고 있는 그들의 마음은 어릴 적과 조금도 변한 게 없었습니다.",
      "srcPage": 84,
      "srcSentenceEA": 3,
      "srcWordEA": 47
    },
    {
      "srcTextID": "23987",
      "srcText": "알베르트는 예전에 자주 거닐던 포도밭 사이의 오솔길을 걸어갔습니다. 그곳에는 색이 다 바랜 옷을 입은 남자가 탐스럽게 익은 포도송이를 매만지고 있었습니다. 그 남자는 알베르트를 보더니 일손을 멈추고 반갑게 손짓을 해 보였습니다. “여어, 알베르트! 오래간만이군. 그래, 스트라스부르에서의 생활은 어떤가?” 알베르트는 건강한 농부가 되어 있는 친구와 이야기를 나누는 동안, 고향에 돌아오기를 정말 잘했다는 생각이 들었습니다.",
      "srcPage": 85,
      "srcSentenceEA": 7,
      "srcWordEA": 57
    },
    {
      "srcTextID": "23985",
      "srcText": "‘나는 정말 행복한 사람이다. 가족, 친구, 선생님, 그리고 내 주위에 가득한 좋은 사람들. 게다가 내가 누릴 수 있는 이 환경은 얼마나 아름다운가. 푸른 초원, 싱그러운 풀 냄새, 하늘에 떠가는 저 구름, 숲속에서 지저귀는 새 소리, 산들바람, 밝은 햇빛. 세상에는 슬픔과 고통으로 괴로워하는 사람도 많은데, 나 혼자만 이렇게 행복해도 되는 것일까?’",
      "srcPage": 87,
      "srcSentenceEA": 5,
      "srcWordEA": 54
    },
    {
      "srcTextID": "23990",
      "srcText": "이런 생각을 하게 된 알베르트는 자신의 미래에 대해 깊이 고민하게 되었습니다. 오랫동안 잊고 지냈던 일들이 알베르트의 기억 속에서 되살아났습니다. 어릴 때 게오르그가 ‘나도 너처럼 1주일에 두 번씩 고기 수프를 먹는다면 이렇게 쉽게 지지는 않았을 거야.’라고 말했던 일, 친구를 따라 새를 잡으러 갔다가 새를 쏘지 못하고 고무총을 내동댕이쳤던 일, 마을 아이들에게 놀림을 당하면서도 결코 화를 낸 적이 없던 마우쉐 아저씨, 어머니와 함께 모자를 사러 갔다가 볼품없는 털모자를 집어 들었던 일, 동물들한테 가졌었던 동정심 등등이 생생하게 떠오른 것입니다.",
      "srcPage": 88,
      "srcSentenceEA": 4,
      "srcWordEA": 79
    },
    {
      "srcTextID": "23992",
      "srcText": "지나간 일들을 떠올리자, 알베르트는 자신이 지나치게 많은 것을 누리고 있다는 생각이 되살아났습니다. 그리고 막연하고 희미하기만 했던 자신의 미래가 구체적인 모습으로 다가오는 듯했습니다. 드디어 알베르트는 마음의 결정을 했습니다. 그는 비로소 자신의 미래를 향하여 하나의 길을 열 수 있으리라고 확신했습니다.",
      "srcPage": 89,
      "srcSentenceEA": 4,
      "srcWordEA": 41
    },
    {
      "srcTextID": "23991",
      "srcText": "이렇게 결심한 알베르트는 자신의 생각을 아버지에게 이야기했습니다. “아버지, 저는 세상의 빛 가운데 서 있는 사람들보다는 어둠과 절망, 슬픔 가운데 서 있는 사람들 편에 서서 살아가고 싶습니다.” “음, 그래. 네가 그런 좋은 생각을 하고 있었다니, 정말 자랑스럽구나.” 알베르트의 이야기를 듣고 난 아버지는 아들이 대견스러운 듯 흐뭇한 표정을 지었습니다.",
      "srcPage": 91,
      "srcSentenceEA": 5,
      "srcWordEA": 49
    },
    {
      "srcTextID": "23995",
      "srcText": "이듬해에는 성 니콜라스 교회의 부목사가 되었습니다. 슈바이처는 주말이면 귄스바흐로 돌아가, 마을 교회에서 아버지를 대신하여 예배를 보기도 했습니다. 또 해마다 봄이 되면 파리로 가서 파이프 오르간 지도를 받고, 가을이 되면 마을의 목사관으로 돌아와 휴가를 보냈습니다.",
      "srcPage": 93,
      "srcSentenceEA": 3,
      "srcWordEA": 36
    },
    {
      "srcTextID": "23997",
      "srcText": "슈바이처는 29세가 되던 해, 스트라스부르 대학의 교수가 되었고, 성 토마스 신학교의 기숙 사감으로 임명되었습니다. 슈바이처는 고리타분한 학자도, 권위를 내세우는 교수도 아니었습니다. 학생들과 언제라도 허물없는 대화를 나눌 수 있는, 친구처럼 다정한 선생님이었습니다. 그 때문에 많은 학생들이 슈바이처의 인품을 존경하며 따랐습니다.",
      "srcPage": 96,
      "srcSentenceEA": 4,
      "srcWordEA": 42
    },
    {
      "srcTextID": "24053",
      "srcText": "그 덕분에 병원은 조금씩 활기를 되찾기 시작했습니다. 1945년, 슈바이처는 일흔 번째 생일을 맞았습니다. 아직 전쟁 중이었지만 병원에서는 슈바이처를 위해 정성 어린 축하 파티를 마련해 주었습니다.",
      "srcPage": 151,
      "srcSentenceEA": 3,
      "srcWordEA": 27
    },
    {
      "srcTextID": "24055",
      "srcText": "그로부터 얼마 후, 마침내 길고 긴 제2차 세계 대전이 끝났습니다. 전쟁터로 나갔던 젊은이들이 하나둘 돌아오자, 랑바레네는 다시 기쁨과 활기로 가득해졌습니다. 그 무렵 슈바이처는 나병을 연구하고 있었는데, 뚜렷한 치료 방법을 찾아 내지 못해 안타까워하고 있었습니다.",
      "srcPage": 152,
      "srcSentenceEA": 3,
      "srcWordEA": 36
    },
    {
      "srcTextID": "24052",
      "srcText": "“작은 생명이라도 소중히 여기는 마음을 가질 때 질병도, 전쟁도 물리칠 수 있습니다.” 사람들은 슈바이처의 연설에 깊은 감동을 받았습니다. 슈바이처는 이제 아프리카의 성자로서 세상 사람들의 존경을 한 몸에 받게 되었습니다.",
      "srcPage": 154,
      "srcSentenceEA": 3,
      "srcWordEA": 31
    },
    {
      "srcTextID": "24057",
      "srcText": "그러자 슈바이처는 망설이지 않고 대답했습니다. “나병 환자들을 위한 병원을 지을 것입니다.” 슈바이처는 노벨상을 받는 영광보다 흑인들을 위한 일에 더 마음을 쓰고 있었던 것입니다. 1954년 가을, 슈바이처는 노벨상 수상을 기념하여 노르웨이의 오슬로에서 강연을 하게 되었습니다. 슈바이처의 강연은 많은 사람의 가슴에 감동을 심어 주었습니다.",
      "srcPage": 156,
      "srcSentenceEA": 5,
      "srcWordEA": 45
    },
    {
      "srcTextID": "24058",
      "srcText": "다시 랑바레네로 돌아온 슈바이처는 전과 다름없이 환자를 돌보는 일과 병원을 돌보는 일로 바쁘게 뛰어다녔습니다. 햇볕에 그을린 팔, 흰 모자, 반소매의 셔츠, 색이 바랜 바지, 광택이 없는 구두 등은 슈바이처의 꾸밈없는 모습을 상징하는 것들이었습니다. 머리가 하얗게 세기는 했지만, 그는 도저히 80세의 노인으로 보이지 않았습니다.",
      "srcPage": 157,
      "srcSentenceEA": 3,
      "srcWordEA": 45
    },
    {
      "srcTextID": "24059",
      "srcText": "랑바레네에서는 환자라고 하더라도 어느 정도 회복된 사람은 일을 하였습니다. 슈바이처는 그들이 일하는 틈에 섞여서 손수레를 밀기도 하고, 병실 청소를 거들기도 하면서 한시도 쉬는 법이 없었습니다. 처음 이곳에 왔을 때에는 환자들을 치료할 약이 없어 애를 먹었는데, 이제는 세계 각국에서 많은 약을 보내 와 환자들을 치료하는 데 별다른 어려움이 없었습니다.",
      "srcPage": 158,
      "srcSentenceEA": 3,
      "srcWordEA": 50
    },
    {
      "srcTextID": "24061",
      "srcText": "1957년, 헬레네가 79세의 나이로 세상을 떠났습니다. 슈바이처의 봉사 생활에 동참했던 아내는 그의 인생의 훌륭한 동반자였습니다. 슈바이처의 슬픔은 매우 컸습니다. ",
      "srcPage": 160,
      "srcSentenceEA": 3,
      "srcWordEA": 21
    },
    {
      "srcTextID": "23996",
      "srcText": "그러나 아무리 가까운 사람이라도 슈바이처에게 어떤 아름다운 마음이 숨겨져 있고, 그가 어떤 일을 계획하고 있는지는 몰랐습니다. 슈바이처는 몇 년 전 귄스바흐에서 결심했던 것을 이제 실행에 옮기려 하고 있었습니다. 그는 최근 몇 년 동안, 다른 사람을 위해 할 수 있는 가장 좋은 일을 찾고 있었습니다.",
      "srcPage": 97,
      "srcSentenceEA": 3,
      "srcWordEA": 46
    },
    {
      "srcTextID": "24001",
      "srcText": "우선 그는 마음이 맞는 친구들과 함께 정기적으로 불우한 사람들을 방문하여 그들에게 작은 도움을 주었습니다. 1904년 가을, 슈바이처는 파리 선교사 협회로부터 작은 책자 하나를 받게 되었습니다. 표지를 넘기자 ‘콩고 지방에서 필요로 하는 것’이라는 제목이 눈에 띄었습니다.",
      "srcPage": 98,
      "srcSentenceEA": 4,
      "srcWordEA": 38
    },
    {
      "srcTextID": "24002",
      "srcText": "이 글은 알자스 출신의 선교사가 쓴 글이었습니다. '아프리카에 사는 사람들은 식량이 부족해서 매일같이 배고픔에 허덕이고 있습니다. 게다가 원인을 알 수 없는 전염병이 퍼져 주민들을 괴롭히고 있습니다. 지금 그들에게 가장 필요한 것은 그들을 죽음에서 구원해 줄 의사입니다.'",
      "srcPage": 99,
      "srcSentenceEA": 4,
      "srcWordEA": 38
    },
    {
      "srcTextID": "23999",
      "srcText": "‘아프리카, 그리고 흑인...’슈바이처는 문득 콜마르 공원의 흑인 석상이 떠올랐습니다. 슬픔에 잠긴 그 얼굴이 지금 자신에게 도움을 청하고 있는 것만 같았습니다. “이제야 비로소 내가 할 일을 찾았다. 의사가 되어 아프리카로 가자.”",
      "srcPage": 100,
      "srcSentenceEA": 5,
      "srcWordEA": 33
    },
    {
      "srcTextID": "24000",
      "srcText": "슈바이처는 비로소 자신의 결심을 주변 사람들에게 털어놓았습니다. 그러나 사람들은 한결같이 슈바이처를 말렸습니다. “자네는 음악가의 길을 걷는 게 더 낫네.” “목사로서 사람들을 구원하는 것도 뜻있는 일이야.” “미지의 세계인 아프리카에 뛰어드는 것보다, 자네가 해야 할 더 큰 일이 있지 않은가?”",
      "srcPage": 101,
      "srcSentenceEA": 5,
      "srcWordEA": 39
    },
    {
      "srcTextID": "24004",
      "srcText": "귄스바흐의 아버지와 어머니는 더욱 맹렬하게 반대했습니다. “난 도무지 이해할 수가 없다. 여러 분야에서 세상 사람들의 인정을 받고 있는 네가 어떻게 아프리카로 갈 생각을 하게 되었는지 모르겠구나.”",
      "srcPage": 102,
      "srcSentenceEA": 3,
      "srcWordEA": 27
    },
    {
      "srcTextID": "24003",
      "srcText": "“아버지, 어머니. 지금 아프리카에서는 병에 걸려도 의사가 없어 제대로 된 치료 한번 받아 보지 못하고 죽어 가는 사람이 너무나 많습니다. 저는 그들을 위해 제 모든 것을 바치기로 결심했습니다. 그러니 허락해 주십시오.” 이미 굳어진 슈바이처의 결심을 무너뜨릴 수가 없다고 생각한 아버지와 어머니는 침묵을 지킬 뿐이었습니다.",
      "srcPage": 103,
      "srcSentenceEA": 5,
      "srcWordEA": 48
    },
    {
      "srcTextID": "24006",
      "srcText": "슈바이처는 스트라스부르 대학의 의과에 들어가 의학 공부를 시작했습니다. 이 무렵, 슈바이처에게 큰 위로와 힘이 되어 준 아름다운 여인이 있었습니다. 스트라스부르 대학 역사학 교수의 딸인 헬레네 브레슬라우였습니다.",
      "srcPage": 104,
      "srcSentenceEA": 3,
      "srcWordEA": 28
    },
    {
      "srcTextID": "24011",
      "srcText": "그가 두 눈으로 직접 본 아프리카는 책을 통해 본 아프리카와 전혀 달랐습니다. 슈바이처는 물과 원시림 사이라는 책에서, 아프리카를 처음 본 소감을 이렇게 적고 있습니다. 혹시 내가 꿈을 꾸고 있는 것은 아닐까 하는 생각이 들었다. 사람이 살기 이전의 원시림을 보는 것만 같았다. 어디까지가 강이고 어디까지가 육지인지를 구별할 수가 없었다. 커다란 나무뿌리, 그것에 얽혀 있는 식물의 덩굴, 그것들은 이제껏 사람의 손이 닿은 적이 없는 원시의 것들이었다. 또한 종려나무와 야자나무의 넓은 잎사귀로 뒤덮인 넓디넓은 초원에는 높이 자란 채로 말라 버린 나무가 하늘에 닿을 듯이 우뚝 솟아 있었다. 반짝거리는 강물 위에는 이름 모를 새들이 수없이 떠 있었다... 이것이 아프리카인 것이다.",
      "srcPage": 112,
      "srcSentenceEA": 9,
      "srcWordEA": 104
    }
  ]
}