{
  "title": "동물들의 나이 자랑",
  "author": "민수현",
  "illustrator": "박현주",
  "isbn": "9791128213366",
  "readAge": "초등_고학년",
  "publishedYear": 2018,
  "publisher": "아람북스",
  "classification": "의사소통",
  "paragraphInfoCount": 17,
  "paragraphInfo": [
    {
      "srcTextID": "8371",
      "srcText": "가장 높은 곳까지 올라갔다 온 놈이 혼자서 떡 다 먹기. “높은 곳이라면 나를 따르지 못할 걸세. 나로 말할 것 같으면 하늘 꼭대기까지 올라가서 하얀 구름을 똑 따서는 달콤 사르르 녹는 구름 과자를 만들어 먹곤 했다네.”",
      "srcPage": 7,
      "srcSentenceEA": 3,
      "srcWordEA": 36
    },
    {
      "srcTextID": "8381",
      "srcText": "호랑이와 토끼는 콧노래까지 부르며 달렸어요. 그런데 바로 그때. 데굴데굴 데구루루 굴러가던 떡이 나뭇가지에 걸려 척 붙고 말았어요.",
      "srcPage": 13,
      "srcSentenceEA": 3,
      "srcWordEA": 19
    },
    {
      "srcTextID": "8382",
      "srcText": "호랑이와 토끼는 그것도 모르고 달리고 또 달리기만 했지요. “맞아! 떡을 먼저 잡으면 혼자 다 먹는 거라 했지?” 두꺼비는 떡을 쭈욱 떼어 들고, 오물오물 꼴깍, 오물오물 꼬올깍!",
      "srcPage": 14,
      "srcSentenceEA": 3,
      "srcWordEA": 28
    },
    {
      "srcTextID": "8385",
      "srcText": "우물우물 꿀꺽, 우물우물 꾸울꺽! 맛있게 먹었어요. 어찌나 많이 먹었던지 두꺼비의 두 눈이 쑤욱, 배가 뿔룩 튀어나왔지요. 두꺼비는 먹고 남은 떡을 등에 쩍 붙이고 어기적어기적 산을 내려왔어요.",
      "srcPage": 15,
      "srcSentenceEA": 4,
      "srcWordEA": 29
    },
    {
      "srcTextID": "8368",
      "srcText": "“아이고! 아이고, 가엾은 내 아들! 아 글쎄, 내 아들놈이 토끼와 같이 흙을 나르다가 절벽에서 떨어져 죽고 말았다네.” 토끼는 코를 움찔, 호랑이는 입을 쩝쩝!",
      "srcPage": 5,
      "srcSentenceEA": 3,
      "srcWordEA": 26
    },
    {
      "srcTextID": "8375",
      "srcText": "도착 지점에 다다르자, 두꺼비가 호랑이 꼬리에서 폴짝 뛰어내려 가장 먼저 달려갔어요. “이제들 도착하는군! 난 아까 와서 잠깐 눈 좀 붙였다네.” 이미 도착한 두꺼비가 눈을 껌벅이며 말했어요.",
      "srcPage": 10,
      "srcSentenceEA": 4,
      "srcWordEA": 28
    },
    {
      "srcTextID": "8372",
      "srcText": "“누가 구름을 따 가는가 했더니 그게 자네였구먼. 내가 그때 하늘 꼭대기에서도 가장 높은 산에 올라가서 누가 구름을 따 가는지 지켜보고 있었네.” 그때 내가 내려다보니 모두들 땀을 줄줄 흘리더구먼.",
      "srcPage": 8,
      "srcSentenceEA": 3,
      "srcWordEA": 30
    },
    {
      "srcTextID": "8370",
      "srcText": "첫 번째 내기에서는 두꺼비가 이겼어요. 두꺼비가 떡을 한 줌 떼어먹으려는데 호랑이가 막아섰어요. “잠깐! 내기는 세 번, 세 번은 해야지!”",
      "srcPage": 6,
      "srcSentenceEA": 3,
      "srcWordEA": 21
    },
    {
      "srcTextID": "8365",
      "srcText": "두꺼비와 토끼가 찐 찹쌀을 절구에 넣고 콩콩 쳐서 쫄깃쫄깃 맛나는 찰떡을 만들었어요. 그때 떡 냄새를 맡은 호랑이가 한달음에 달려왔지요. 먹음직스런 떡을 보자 호랑이는 군침이 돌았어요. ",
      "srcPage": 1,
      "srcSentenceEA": 3,
      "srcWordEA": 27
    },
    {
      "srcTextID": "8366",
      "srcText": "두꺼비와 토끼는 사나운 호랑이 말이라 어쩔 수 없이 얼른 고개를 끄덕였어요. 가장 나이 많은 형님이 혼자서 떡 다 먹기. 호랑이가 어깨를 으쓱하며 말했어요.",
      "srcPage": 2,
      "srcSentenceEA": 3,
      "srcWordEA": 25
    },
    {
      "srcTextID": "8367",
      "srcText": "“나이라면 내가 가장 많을걸? 아주아주 먼 옛날, 이 산이 생기던 날 내가 태어났으니까 말이야. 어흥!” 그럼, 내 자식뻘 되는구먼.",
      "srcPage": 3,
      "srcSentenceEA": 4,
      "srcWordEA": 22
    },
    {
      "srcTextID": "8369",
      "srcText": "내가 흙을 져 날라 이 산을 쌓았네. 토끼가 어른 흉내를 내며 말했어요. 그러자 두꺼비가 땅을 치며 통곡을 했어요.",
      "srcPage": 4,
      "srcSentenceEA": 3,
      "srcWordEA": 20
    },
    {
      "srcTextID": "8373",
      "srcText": "그래, 내가 하늘 꼭대기에서도 가장 높은 산 위의 가장 큰 나무에 올라가서 부채질을 해 주었는데, 기억 못 하겠는가? 토끼는 뒷발로 옆구리를 톡톡, 호랑이는 앞발로 입가를 툭툭! 두 번째 내기에서도 두꺼비가 이겼지요.",
      "srcPage": 9,
      "srcSentenceEA": 3,
      "srcWordEA": 33
    },
    {
      "srcTextID": "8377",
      "srcText": "토끼는 짧은 꼬리를 씰룩, 호랑이는 긴 꼬리를 휙휙! 세 번째 내기에서도 두꺼비가 이겼어요. 이제 떡은 두꺼비 차지가 되었지요.",
      "srcPage": 11,
      "srcSentenceEA": 3,
      "srcWordEA": 20
    },
    {
      "srcTextID": "8378",
      "srcText": "그런데 화가 난 호랑이가 갑자기 떡을 산 아래로 힘껏 떠밀면서 소리쳤어요. “아니야, 마지막으로 다시 한번 하자.” 굴러가는 떡을 먼저 잡는 놈이 혼자서 떡 다 먹기.",
      "srcPage": 12,
      "srcSentenceEA": 3,
      "srcWordEA": 26
    },
    {
      "srcTextID": "8383",
      "srcText": "“이보게, 내가 떡을 남겨 왔네. 어서들 들게나.” 두꺼비 등에 찐득찐득 눌어붙은 떡에는 진흙이 덕지덕지, 파리가 앵앵, 쇠똥이 철퍼덕, 지렁이가 꿈틀꿈틀 달라붙어 있었어요. 호랑이와 토끼는 떡을 먹고 싶은 생각이 뚝 떨어졌어요. ",
      "srcPage": 16,
      "srcSentenceEA": 4,
      "srcWordEA": 33
    },
    {
      "srcTextID": "8384",
      "srcText": "그렇게 해서 두꺼비는 뿔룩 나온 배를 쓰다듬으며, 호랑이와 토끼는 주린 배를 움켜쥐고 집으로 돌아갔어요. 꿈틀꿈틀 애앵! 꿈틀꿈틀 앵앵앵! 앵앵! 난 원래 떡을 안 좋아해! 갑자기 떡이 먹기 싫어졌어!",
      "srcPage": 17,
      "srcSentenceEA": 6,
      "srcWordEA": 33
    }
  ]
}