{
  "title": "사운드 오브 뮤직",
  "author": "마리아 오거스터 본 트랩",
  "illustrator": "홍경아",
  "isbn": "9791165955151",
  "readAge": "초등_고학년",
  "publishedYear": 2022,
  "publisher": "아람북스",
  "classification": "의사소통",
  "paragraphInfoCount": 182,
  "paragraphInfo": [
    {
      "srcTextID": "8193",
      "srcText": "공은 멀리 데구루루 굴러갔어요. “오늘은 그만 해요.” “응, 그래야겠구나.” 기다렸다는 듯 슈레이더 남작 부인은 손을 털며 집 안으로 들어갔어요.",
      "srcPage": 113,
      "srcSentenceEA": 4,
      "srcWordEA": 20
    },
    {
      "srcTextID": "8191",
      "srcText": "“후유, 선생님하고 놀 때는 이렇게 지루하지 않았는데.” 커트는 한숨을 쉬었어요. 다른 아이들도 모두 힘없이 고개를 끄덕였어요.",
      "srcPage": 114,
      "srcSentenceEA": 3,
      "srcWordEA": 18
    },
    {
      "srcTextID": "8152",
      "srcText": "트랩 대령이 거실로 들어서자 아이들은 재빨리 입을 다물어 버렸어요. 슈레이더 남작 부인은 아이들과 트랩 대령을 번갈아 바라보다가 말했어요. “정말 아름다운 노래예요, 게오르그!”",
      "srcPage": 78,
      "srcSentenceEA": 3,
      "srcWordEA": 23
    },
    {
      "srcTextID": "8151",
      "srcText": "아버지가 혹시 화를 낼까 봐서요. 그런데 트랩 대령은 눈물을 글썽이며 고개를 끄덕였어요. 아이들은 아버지가 보인 뜻밖의 반응에 비로소 안도의 한숨을 내쉬고 노래를 계속했어요.",
      "srcPage": 80,
      "srcSentenceEA": 3,
      "srcWordEA": 25
    },
    {
      "srcTextID": "8156",
      "srcText": "그 모습을 바라보던 슈레이더 남작 부인이 말했어요. “마리아 선생에게 좀 지나쳤던 것 같네요, 게오르그.” 트랩 대령은 고개를 끄덕이며, 방으로 올라가려던 마리아에게 다가갔어요.",
      "srcPage": 82,
      "srcSentenceEA": 3,
      "srcWordEA": 23
    },
    {
      "srcTextID": "8123",
      "srcText": "이어서 다른 아이들도 후닥닥 마리아의 방으로 뛰어 들어왔어요.  “괜찮아, 무서워할 것 없어. 오늘은 내 침대에서 함께 자자.”",
      "srcPage": 54,
      "srcSentenceEA": 3,
      "srcWordEA": 18
    },
    {
      "srcTextID": "8129",
      "srcText": "브리지타의 말에 마리아는 가슴이 아팠어요. 그동안 사랑과 관심에 목말랐던 아이들의 마음이 느껴졌거든요. 마리아는 아이들을 불러 모았어요.",
      "srcPage": 61,
      "srcSentenceEA": 3,
      "srcWordEA": 18
    },
    {
      "srcTextID": "8074",
      "srcText": "원장 수녀는 인자한 눈빛으로 마리아의 눈을 가만히 들여다보며 물었어요. “우리 논베르크 수녀원이 마리아에게 준 가장 소중한 가르침이 무엇인지 말할 수 있겠어요?” “네! 하느님의 뜻이 무엇인지를 깨닫고, 그것을 올바로 행하는 것입니다.”",
      "srcPage": 9,
      "srcSentenceEA": 3,
      "srcWordEA": 31
    },
    {
      "srcTextID": "8072",
      "srcText": "마리아의 대답에 원장 수녀는 만족한 듯 고개를 끄덕였어요. “마리아, 그렇다면 마리아가 이곳을 잠시 떠나는 것도 하느님의 뜻으로 생각할 수 있겠어요?” “제, 제가 여기를 떠나야 하나요?”",
      "srcPage": 10,
      "srcSentenceEA": 3,
      "srcWordEA": 25
    },
    {
      "srcTextID": "8157",
      "srcText": "마리아의 목소리가 떨렸고 눈에는 눈물이 맺혔어요. “알겠소, 선생 덕분에 조금 전에야 비로소 그걸 깨달았소.” 트랩 대령이 부드러운 목소리로 말했어요.",
      "srcPage": 84,
      "srcSentenceEA": 3,
      "srcWordEA": 20
    },
    {
      "srcTextID": "8153",
      "srcText": " 마리아는 깜짝 놀라 트랩 대령의 얼굴을 쳐다보았어요. 트랩 대령은 겸연쩍은 듯이 미소를 짓고 있었어요. 다시 한번 사과하오.",
      "srcPage": 85,
      "srcSentenceEA": 3,
      "srcWordEA": 20
    },
    {
      "srcTextID": "8158",
      "srcText": "선생이 계속 우리 집에 있어 주었으면 좋겠는데, 선생 생각은 어떻소? 트랩 대령은 고개를 숙이며 정중하게 말했어요. 마리아는 대답 대신 밝은 미소를 지으며 고개를 끄덕였어요.",
      "srcPage": 86,
      "srcSentenceEA": 3,
      "srcWordEA": 26
    },
    {
      "srcTextID": "8159",
      "srcText": " “들어오세요.” 문을 열고 들어온 사람은 슈레이더 남작 부인이었어요. 마리아는 깜짝 놀랐어요. “어머, 부인께서 웬일이세요?”",
      "srcPage": 89,
      "srcSentenceEA": 3,
      "srcWordEA": 16
    },
    {
      "srcTextID": "8166",
      "srcText": "드디어 파티 날이 되었어요. 날씨는 더할 나위 없이 좋았고, 손님 맞을 준비도 빈틈없이 잘 되어 있었어요. 점심때가 지나면서부터 손님이 오기 시작하더니 해가 질 무렵에는 넓은 저택 안이 손님들로 가득 찼어요.",
      "srcPage": 91,
      "srcSentenceEA": 3,
      "srcWordEA": 32
    },
    {
      "srcTextID": "8145",
      "srcText": "“이게 대체 어떻게 된 일이오?” 트랩 대령의 표정은 딱딱하게 굳어 있었어요. “아이들과 즐겁게 놀았을 뿐입니다.”",
      "srcPage": 72,
      "srcSentenceEA": 3,
      "srcWordEA": 16
    },
    {
      "srcTextID": "8253",
      "srcText": "트랩 가족의 노래가 끝나자 청중들은 모두 일어서서 손뼉을 쳤어요. 모든 순서가 다 끝나고 심사 결과가 발표되는 시간이었어요. 3등, 2등에 이어 1등이 발표되었어요.",
      "srcPage": 162,
      "srcSentenceEA": 3,
      "srcWordEA": 24
    },
    {
      "srcTextID": "8178",
      "srcText": "마리아는 인사를 하고 거실 쪽으로 몸을 돌렸어요. 그러자 일곱 아이가 줄을 맞추어 나타났어요. 나란히 선 아이들은 손님들을 향해 인사한 다음, 마리아의 지휘에 따라 노래를 부르기 시작했어요.",
      "srcPage": 102,
      "srcSentenceEA": 3,
      "srcWordEA": 28
    },
    {
      "srcTextID": "8177",
      "srcText": "마리아가 사양하자 트랩 대령이 말했어요. “손님들이 모두 원하니 꼭 참석하도록 해요.” 그래도 마리아가 망설이자 슈레이더 남작 부인이 나섰어요.",
      "srcPage": 104,
      "srcSentenceEA": 3,
      "srcWordEA": 19
    },
    {
      "srcTextID": "8198",
      "srcText": "“얘들아, 아무래도 안 되겠다. 이다음에 선생님이 정식 수녀가 되면 그때 만나러 오너라.” 아이들은 그냥 집으로 돌아갔어요.",
      "srcPage": 121,
      "srcSentenceEA": 3,
      "srcWordEA": 18
    },
    {
      "srcTextID": "8204",
      "srcText": "그날 저녁, 원장 수녀는 마리아를 자기 방으로 불렀어요. 트랩 대령 댁 아이들이 마리아를 찾아왔었다는 소식을 들은 거였어요. “마리아, 혹시 트랩 대령 댁에서 무슨 일이 있었는지 이야기해 줄 수 있어요?”",
      "srcPage": 122,
      "srcSentenceEA": 3,
      "srcWordEA": 30
    },
    {
      "srcTextID": "8203",
      "srcText": "그 말을 듣고 차마 그 댁에 그냥 있을 수가 없었어요. 원장 수녀가 마리아를 가만히 쳐다보다가 말했어요. “마리아, 트랩 대령을 어떻게 생각하는지 솔직하게 이야기해 봐요.”",
      "srcPage": 125,
      "srcSentenceEA": 3,
      "srcWordEA": 25
    },
    {
      "srcTextID": "8212",
      "srcText": "다음 날, 마리아는 원장 수녀의 말대로 자기 마음과 하느님의 뜻을 알아보기 위해 트랩 대령의 저택으로 갔어요. 아이들이 기쁨에 찬 소리를 지르며 달려 나왔어요. “선생님! 마리아 선생님!” 마리아는 팔을 크게 벌려 아이들을 껴안아 주었어요.",
      "srcPage": 130,
      "srcSentenceEA": 4,
      "srcWordEA": 36
    },
    {
      "srcTextID": "8221",
      "srcText": "마리아는 침착하게 말했어요. “제 책임을 다하려고 온 것뿐이에요. 아이들도 보고 싶었고요.”",
      "srcPage": 140,
      "srcSentenceEA": 3,
      "srcWordEA": 12
    },
    {
      "srcTextID": "8225",
      "srcText": "그러자 트랩 대령이 어렵게 입을 열었어요. “난 슈레이더 남작 부인과 결혼하지 않을 것이오.” 마리아는 깜짝 놀라며 트랩 대령을 바라보았어요.",
      "srcPage": 141,
      "srcSentenceEA": 3,
      "srcWordEA": 20
    },
    {
      "srcTextID": "8235",
      "srcText": "잘츠부르크 축제 때 열리는 음악 대회에 나가기로 한 거였어요. 아이들은 매일매일 열심히 연습했어요. 마침내 잘츠부르크 축제가 시작되었어요.",
      "srcPage": 148,
      "srcSentenceEA": 3,
      "srcWordEA": 19
    },
    {
      "srcTextID": "8233",
      "srcText": "아이들은 반가워하며 트랩 대령과 마리아에게 안겼어요. 아이들은 음악 대회에 나가기로 했다며 앞다투어 자랑했어요. “오늘 밤이에요! 맥스 아저씨와 함께 연습을 많이 했어요.”",
      "srcPage": 151,
      "srcSentenceEA": 4,
      "srcWordEA": 23
    },
    {
      "srcTextID": "8075",
      "srcText": "“저쪽입니다.” 마리아는 신사가 가리키는 곳을 바라보았어요. 푸른 나무 사이로 좁다란 오솔길이 있고, 그 길 끝에 커다란 건물이 보였어요. 그 집이 바로 마리아가 갈 트랩 대령의 저택인 것 같았어요.",
      "srcPage": 14,
      "srcSentenceEA": 3,
      "srcWordEA": 31
    },
    {
      "srcTextID": "8093",
      "srcText": "그때 가정부인 슈미트라 부인이 들어와 아이들을 서둘러 산책 보냈어요. 그리고 앞으로 마리아가 지낼 방으로 마리아를 안내했어요. 마리아는 자기 방 침대에 걸터앉아 수녀원을 생각했어요.",
      "srcPage": 27,
      "srcSentenceEA": 3,
      "srcWordEA": 25
    },
    {
      "srcTextID": "8091",
      "srcText": "“아니, 무슨 일이오?” 트랩 대령이 놀란 얼굴로 마리아를 쳐다보았어요. “그, 그게.” 마리아는 당황하여 말을 더듬으며 의자를 내려다보았어요.",
      "srcPage": 30,
      "srcSentenceEA": 4,
      "srcWordEA": 19
    },
    {
      "srcTextID": "8240",
      "srcText": "그때 리즐이 집으로 오다가 받은 전보를 트랩 대령에게 전했어요. 그런데 전보를 읽은 트랩 대령의 표정이 어두워졌어요. 마리아가 걱정스럽게 물었어요.",
      "srcPage": 152,
      "srcSentenceEA": 3,
      "srcWordEA": 21
    },
    {
      "srcTextID": "8103",
      "srcText": "전보를 들여다본 트랩 대령의 표정이 환해졌어요. “나는 내일 아침 일찍 빈으로 떠나야겠구나. 자, 식사가 끝났으면 각자 자기 방으로 돌아가도록 해라.”",
      "srcPage": 37,
      "srcSentenceEA": 3,
      "srcWordEA": 21
    },
    {
      "srcTextID": "8108",
      "srcText": "잃어버린 웃음. 어느새 밤이 되었어요. 슈미트라 부인은 마리아의 침구를 정리해 주었어요. 마리아는 조심스럽게 슈미트라 부인에게 물었어요.",
      "srcPage": 39,
      "srcSentenceEA": 4,
      "srcWordEA": 19
    },
    {
      "srcTextID": "8106",
      "srcText": "그래서 그는 아버지의 뒤를 이어 해군에 지원했어요. 나중에 그는 오스트리아 잠수함 사령관이 되었고, 매력적인 여인과 결혼을 했어요. 두 사람은 오스트리아 해군 기지가 있는 폴라에서 행복하게 살았어요.",
      "srcPage": 42,
      "srcSentenceEA": 3,
      "srcWordEA": 28
    },
    {
      "srcTextID": "8077",
      "srcText": "“오느라 수고했소. 나는 게오르그 폰 트랩이요.” “저는 마리아입니다.” 트랩 대령은 마리아를 찬찬히 살펴보며 말했어요. 당신은 우리 아이들의 열두 번째 가정 교사요.",
      "srcPage": 18,
      "srcSentenceEA": 5,
      "srcWordEA": 24
    },
    {
      "srcTextID": "8079",
      "srcText": "가정 교사들이 규율을 지키지 않아서였소. 규율 없이는 안 된다는 것을 아시오. 매일 아침 공부를 시키시오. ",
      "srcPage": 20,
      "srcSentenceEA": 3,
      "srcWordEA": 17
    },
    {
      "srcTextID": "8087",
      "srcText": "마리아가 물었지만, 트랩 대령은 대답하지 않았어요. 그는 갑자기 호루라기를 꺼내 여러 음색으로 불기 시작했어요. 곧 2층에서 푸른 세일러복을 입은 네 명의 여자아이와 두 명의 남자아이가 잘 훈련된 군인들처럼 걸음을 맞추어 내려왔어요.",
      "srcPage": 21,
      "srcSentenceEA": 3,
      "srcWordEA": 33
    },
    {
      "srcTextID": "8085",
      "srcText": "난 고함 소리는 딱 질색이오. 그러니 이것으로 아이들을 부르시오. 마리아는 고개를 저으며 단호히 말했어요.",
      "srcPage": 24,
      "srcSentenceEA": 3,
      "srcWordEA": 16
    },
    {
      "srcTextID": "8094",
      "srcText": "실제 거리는 얼마 안 되는데도 아주 멀리 떠나온 듯 모두가 그리웠어요. 잠시 뒤 저녁 식사 시간을 알리는 벨 소리가 들렸어요. 마리아는 서둘러 식당으로 내려갔어요.",
      "srcPage": 28,
      "srcSentenceEA": 3,
      "srcWordEA": 26
    },
    {
      "srcTextID": "8265",
      "srcText": "“얘들아, 알프스산이다! 다들 일어나 봐!” 마리아가 잠든 아이들을 흔들어 깨우며 소리쳤어요. 아이들은 졸린 눈을 비비고 일어나 창밖을 쳐다보았어요.",
      "srcPage": 176,
      "srcSentenceEA": 4,
      "srcWordEA": 21
    },
    {
      "srcTextID": "8126",
      "srcText": "그 말을 듣고 마리아가 물었어요. “너희같이 착한 아이들이 왜 그런 장난을 치는 거니?” “그래야 아빠의 관심을 끌 수 있거든요.”",
      "srcPage": 60,
      "srcSentenceEA": 3,
      "srcWordEA": 19
    },
    {
      "srcTextID": "8107",
      "srcText": "그러나 행복은 그리 오래가지 않았어요. 제1차 세계 대전이 일어난 거예요. 트랩 대령은 싸움터로 떠났고, 트랩 대령의 아내는 아이들을 데리고 오스트리아에 있는 친정으로 갔어요.",
      "srcPage": 43,
      "srcSentenceEA": 3,
      "srcWordEA": 25
    },
    {
      "srcTextID": "8115",
      "srcText": "전쟁이 끝난 뒤, 트랩 대령은 실의에 빠진 채 아무 일도 하지 않고 지냈어요. 트랩 대령의 아내는 트랩 대령을 위로하기 위해 때때로 피아노 앞에 앉아 그가 좋아하는 노래를 들려주었어요. 그런 아내의 노력 덕분에 트랩 대령은 살아갈 용기를 얻고, 잃어버렸던 웃음을 되찾았어요.",
      "srcPage": 45,
      "srcSentenceEA": 3,
      "srcWordEA": 42
    },
    {
      "srcTextID": "8264",
      "srcText": "물론 트랩 가족이 있을 리 없었어요. 그사이에 트랩 가족은 수녀원 묘지를 빠져나가 원장 수녀가 마련해 준 자동차에 올라탔어요. 독일군 장교와 군인들은 뒤늦게 수녀원에 지하 묘지가 있다는 것을 알아차렸어요.",
      "srcPage": 171,
      "srcSentenceEA": 3,
      "srcWordEA": 30
    },
    {
      "srcTextID": "8269",
      "srcText": "차츰 날이 밝아 오기 시작했어요. 마리아는 창밖을 내다보다가 자기도 모르게 소리쳤어요. “아아, 멋지다!” 꼭대기에 새하얀 눈이 덮인 채, 새벽 안개 속에 서 있는 아름다운 알프스산의 모습이 눈에 들어왔던 거였어요.",
      "srcPage": 175,
      "srcSentenceEA": 4,
      "srcWordEA": 31
    },
    {
      "srcTextID": "8271",
      "srcText": "그런 다음 비로소 영국에서 미국으로 가는 배를 탔어요. 아이들이 선실에서 잠들자 마리아와 트랩 대령은 갑판 위로 올라갔어요. “마리아, 갑자기 예전에 당신이 했던 말이 생각나는구려.”",
      "srcPage": 181,
      "srcSentenceEA": 3,
      "srcWordEA": 25
    },
    {
      "srcTextID": "8063",
      "srcText": "거기에는 자그마한 몸집에 약간 나이가 들어 보이는 수녀가 미소 띤 얼굴로 서 있었어요. “마리아, 원장 수녀님께서 찾으세요.” 수녀는 이 말만 전하고 아래쪽으로 내려갔어요.",
      "srcPage": 2,
      "srcSentenceEA": 3,
      "srcWordEA": 24
    },
    {
      "srcTextID": "8144",
      "srcText": "“듣기 싫소. 당신 같은 가정 교사는 필요 없으니, 당장 수녀원으로 돌아가시오!” 트랩 대령은 화를 내며 소리쳤어요. 그때였어요. 아름다운 노랫소리가 들려왔어요. ",
      "srcPage": 75,
      "srcSentenceEA": 5,
      "srcWordEA": 24
    },
    {
      "srcTextID": "8141",
      "srcText": " “누가 부르는 거요?” 트랩 대령이 놀라며 물었어요. “아이들이요.” 마리아가 대답하자 트랩 대령은 서둘러 집 안으로 들어갔어요.",
      "srcPage": 76,
      "srcSentenceEA": 3,
      "srcWordEA": 18
    },
    {
      "srcTextID": "8150",
      "srcText": "되찾은 노래. 거실 문을 연 트랩 대령은 눈이 휘둥그레졌어요. 아이들이 거실 난롯가에 둘러앉아 루이자가 치는 기타 소리에 맞추어 합창하고 있었거든요. 슈레이더 남작 부인은 그 앞에서 눈을 지그시 감고 앉아 있었어요.",
      "srcPage": 77,
      "srcSentenceEA": 4,
      "srcWordEA": 33
    },
    {
      "srcTextID": "8149",
      "srcText": "그 곡은 트랩 대령이 죽은 아내와 함께 자주 부르던 노래였어요. 트랩 대령은 가슴이 뭉클해졌어요. 트랩 대령이 거실에 모습을 나타낸 순간, 아이들은 가슴이 덜컥 내려앉는 것 같았어요.",
      "srcPage": 79,
      "srcSentenceEA": 3,
      "srcWordEA": 28
    },
    {
      "srcTextID": "8181",
      "srcText": "트랩 대령의 멋진 춤 솜씨와 그윽한 눈빛에 마리아는 가슴이 두근거렸어요. “보기 좋군요!” 어느새 슈레이더 남작 부인이 두 사람이 춤추는 것을 보고 있었어요. 마리아는 꿈에서 깬 듯 정신이 번쩍 들어 재빨리 트랩 대령에게 잡힌 손을 빼냈어요.",
      "srcPage": 98,
      "srcSentenceEA": 4,
      "srcWordEA": 37
    },
    {
      "srcTextID": "8180",
      "srcText": "어서 안으로 들어가요. 슈레이더 남작 부인은 트랩 대령을 파티장 쪽으로 이끌었어요. 슈레이더 남작 부인의 표정은 딱딱하게 굳어 있었어요.",
      "srcPage": 100,
      "srcSentenceEA": 3,
      "srcWordEA": 20
    },
    {
      "srcTextID": "8066",
      "srcText": "원장 수녀의 방은 오래된 수녀원 건물 구석 쪽에 자리 잡고 있었어요. 오스트리아의 잘츠부르크에 있는 논베르크 수녀원은 지은 지 수백 년이나 된 건물이었어요. 수녀원의 수녀들은 행동이나 말씨가 조용하고 차분했어요.",
      "srcPage": 4,
      "srcSentenceEA": 3,
      "srcWordEA": 30
    },
    {
      "srcTextID": "8076",
      "srcText": "몇 시간 뒤, 마리아는 한 손에는 짐이 든 가방을 다른 한 손에는 기타를 든 채 아이겐 역에서 내렸어요. 마리아는 주소가 적힌 쪽지를 든 채 걷다가 지나가던 신사에게 물었어요. “트랩 대령 저택이 어느 쪽인가요?”",
      "srcPage": 13,
      "srcSentenceEA": 3,
      "srcWordEA": 34
    },
    {
      "srcTextID": "8148",
      "srcText": "“오랜만에 돌아오시는 아빠를 위해 준비한 거예요.” 트랩 대령은 아이들을 향해 두 팔을 크게 벌렸어요. 아이들은 다투어 트랩 대령의 품속으로 뛰어들었어요.",
      "srcPage": 81,
      "srcSentenceEA": 3,
      "srcWordEA": 22
    },
    {
      "srcTextID": "8154",
      "srcText": "“아까는 내가 너무 지나쳤소. 흥분해서 그만.” 마리아는 잠시 멈추고 말했어요. 더는 말씀하지 않으셔도 돼요.",
      "srcPage": 83,
      "srcSentenceEA": 4,
      "srcWordEA": 17
    },
    {
      "srcTextID": "8162",
      "srcText": "어른들만의 파티. 다음 날부터 트랩 저택은 파티 준비로 바빴어요. 슈레이더 남작 부인이 아이들과 친해지고 싶다며 트랩 대령에게 파티를 열어 달라고 했던 거예요. 아이들의 어머니가 죽은 뒤, 이 저택에서 처음 열리는 파티였어요.",
      "srcPage": 87,
      "srcSentenceEA": 4,
      "srcWordEA": 34
    },
    {
      "srcTextID": "8163",
      "srcText": "하인들은 청소와 음식 장만 등 파티에 필요한 준비를 하기 위해 바삐 움직였어요. 파티 전날 해 질 무렵이었어요. 마리아가 자기 방 창가에 서서 정원을 내다보고 있는데, 문을 두드리는 소리가 났어요.",
      "srcPage": 88,
      "srcSentenceEA": 3,
      "srcWordEA": 31
    },
    {
      "srcTextID": "8168",
      "srcText": "슈레이더 남작 부인은 단호한 목소리로 말했어요. 일곱이나 되는 아이들이 새엄마 때문에 정든 집을 떠나야 한다니 마리아로서는 도무지 이해할 수 없는 일이었어요. 슈레이더 남작 부인이 방을 나간 뒤 마리아는 아이들 생각에 마음이 아파서 한동안 멍하니 앉아 있었어요.",
      "srcPage": 90,
      "srcSentenceEA": 3,
      "srcWordEA": 38
    },
    {
      "srcTextID": "8179",
      "srcText": "손님들은 아름다운 화음과 사랑스러운 아이들의 미소에 반하고 말았어요. 노래가 끝나자 손님들은 마치 마법에 걸렸다 풀린 것처럼 소리를 지르며 손뼉을 쳤어요. 작은 공연에 감동한 손님들은 마리아에게 곧 시작될 만찬에 참석해 달라고 말했어요.",
      "srcPage": 103,
      "srcSentenceEA": 3,
      "srcWordEA": 33
    },
    {
      "srcTextID": "8187",
      "srcText": "슈레이더 남작 부인은 마리아를 재촉하여 2층으로 올라갔어요. 마리아는 만찬에 입고 나갈 만한 옷이 한 벌도 없었어요. 이 옷 저 옷 몸에 대어 보는 마리아를 가만히 쳐다보다가 슈레이더 남작 부인이 불쑥 말했어요.",
      "srcPage": 105,
      "srcSentenceEA": 3,
      "srcWordEA": 33
    },
    {
      "srcTextID": "8080",
      "srcText": "그가 밖으로 나간 뒤, 마리아는 푹신한 소파에 걸터앉아 조심스럽게 방 안을 둘러보았어요. 그때 등 뒤에서 빠른 발소리가 났어요. 이어 굵고 부드러운 남자 목소리가 들렸어요.",
      "srcPage": 17,
      "srcSentenceEA": 3,
      "srcWordEA": 26
    },
    {
      "srcTextID": "8092",
      "srcText": "“앞으로 우리 잘 지내보자.” 그러자 아이들도 마리아를 둘러싸며 재잘거렸어요. 좀 전의 딱딱한 모습은 온데간데없이 발랄한 모습이었어요.",
      "srcPage": 26,
      "srcSentenceEA": 3,
      "srcWordEA": 18
    },
    {
      "srcTextID": "8100",
      "srcText": " 그제야 아이들의 얼굴에 안도의 표정이 떠올랐어요. 드디어 식사가 시작되었어요. 다른 집 같으면 가족끼리 그날 있었던 일에 대해 이야기를 나누며 즐겁게 식사를 했을 거예요.",
      "srcPage": 33,
      "srcSentenceEA": 3,
      "srcWordEA": 26
    },
    {
      "srcTextID": "8102",
      "srcText": "그러나 트랩 대령 가족은 달랐어요. 포크와 나이프가 접시에 부딪히는 소리만 들렸어요. 참다못해 마리아가 먼저 이야기를 시작했어요. ",
      "srcPage": 34,
      "srcSentenceEA": 3,
      "srcWordEA": 18
    },
    {
      "srcTextID": "8172",
      "srcText": "슈레이더 남작 부인은 아이들과 친해지고 싶다면서 파티를 열어 달라고 하더니, 막상 파티가 시작되자 아이들에게는 정원에 나가 놀라고 했어요. 정원에 나온 아이들은 집 안에서 흘러나오는 음악 소리에 맞추어 춤을 추었어요. 마리아는 아이들에게 춤을 가르쳐 주기로 했어요.",
      "srcPage": 93,
      "srcSentenceEA": 3,
      "srcWordEA": 37
    },
    {
      "srcTextID": "8173",
      "srcText": "아이들은 둘씩 짝을 맞추어 마리아를 따라 춤을 추었어요. 왈츠는 쉬운 춤이었으나 아이들은 서로 발을 밟기도 하고 어깨를 부딪치기도 하며 깔깔댔어요. 마리아와 프리드리히는 손을 맞잡고 한 바퀴 빙 돌았어요.",
      "srcPage": 94,
      "srcSentenceEA": 3,
      "srcWordEA": 30
    },
    {
      "srcTextID": "8105",
      "srcText": "“참 이해가 되지 않아요. 착하고 귀여운 아이들과 많은 것을 가지고 있으면서 트랩 대령님은 어째서 행복해 보이지 않는 걸까요?” 아마 마음의 문을 닫고 있기 때문일 거예요. ",
      "srcPage": 40,
      "srcSentenceEA": 3,
      "srcWordEA": 27
    },
    {
      "srcTextID": "8114",
      "srcText": "전쟁에서 트랩 대령은 큰 공을 세워, 여왕으로부터 훈장과 함께 남작의 작위를 받았어요. 그러나 불행히도 오스트리아는 전쟁에서 지고 말았어요. 따라서 트랩 대령에게는 더는 지휘할 군대도 배도 없어져 버렸어요.",
      "srcPage": 44,
      "srcSentenceEA": 3,
      "srcWordEA": 29
    },
    {
      "srcTextID": "8113",
      "srcText": "슈미트라 부인이 돌아간 뒤, 마리아는 일곱 아이의 행복을 위해 기도를 드렸어요. 막 잠자리에 들려는데 천둥 번개가 치기 시작했어요. 하늘이 번쩍거리고 ‘우르르 쾅!’ 하는 요란한 천둥소리가 났어요.",
      "srcPage": 49,
      "srcSentenceEA": 4,
      "srcWordEA": 29
    },
    {
      "srcTextID": "8119",
      "srcText": "마리아는 빙그레 웃으며 말했어요. “젖은 옷을 갈아입으면 아무도 눈치채지 못할 거야.” 그러고는 리즐이 마른 옷을 갈아입게 도와주었어요.",
      "srcPage": 52,
      "srcSentenceEA": 3,
      "srcWordEA": 18
    },
    {
      "srcTextID": "8117",
      "srcText": "그때, 갑자기 마리아의 방문이 활짝 열렸어요. “선생님, 무서워요!” 막내 그레틀이 마리아의 품으로 뛰어들었어요. 마리아는 그레틀의 등을 다정하게 두드려 주었어요.",
      "srcPage": 53,
      "srcSentenceEA": 4,
      "srcWordEA": 21
    },
    {
      "srcTextID": "8118",
      "srcText": "마리아가 말하자 아이들은 즐거워하며 귀를 기울였어요. 그리고 아이들도 하나씩 즐거운 생각들을 말했어요. “크리스마스!” “무당벌레!” 어느새 천둥 번개는 잊고 모두 즐겁게 재잘재잘 이야기를 나누었어요.",
      "srcPage": 56,
      "srcSentenceEA": 3,
      "srcWordEA": 25
    },
    {
      "srcTextID": "8128",
      "srcText": "마리아가 진정으로 자기들을 사랑으로 대한다는 것도 깨달았어요. 트랩 대령이 집을 비운 사이, 마리아와 아이들은 즐거운 시간을 보냈어요. 자유롭게 정원도 산책하고 시장 구경도 갔어요.",
      "srcPage": 58,
      "srcSentenceEA": 3,
      "srcWordEA": 25
    },
    {
      "srcTextID": "8124",
      "srcText": " “얘들아, 우리 아빠가 돌아오시면 노래를 불러 환영해 드리자.” “아빠는 노래를 싫어해요.” 마리아는 기타를 들며 말했어요.",
      "srcPage": 62,
      "srcSentenceEA": 3,
      "srcWordEA": 16
    },
    {
      "srcTextID": "8131",
      "srcText": " 아이들은 트랩 대령을 향해 손을 흔들었어요. “아버지, 잘 다녀오셨어요?” 아이들은 신이 나 모두 보트에서 일어섰어요.",
      "srcPage": 68,
      "srcSentenceEA": 3,
      "srcWordEA": 17
    },
    {
      "srcTextID": "8071",
      "srcText": "그러면서 원장 수녀는 마리아에게 주소가 적힌 쪽지를 내밀었어요. “오늘 오후에 트랩 대령 저택으로 떠나세요. 아이들이 일곱 명이나 되는 데다가 어머니가 없다니 아마 힘들 거예요. 하지만 마리아라면 잘 해낼 거라고 믿어요.”",
      "srcPage": 12,
      "srcSentenceEA": 4,
      "srcWordEA": 32
    },
    {
      "srcTextID": "8081",
      "srcText": "의자 위의 밤송이. 마리아는 한참을 걸어 트랩 대령의 저택 앞에 다다랐어요. 벨을 누르자 집사가 문을 열어 주었어요.",
      "srcPage": 15,
      "srcSentenceEA": 3,
      "srcWordEA": 19
    },
    {
      "srcTextID": "8082",
      "srcText": "지난번 가정 교사는 두 시간도 안 되어 가 버렸소. “아이들에게 무슨 문제라도 있나요?” 아이들에게는 잘못이 없소.",
      "srcPage": 19,
      "srcSentenceEA": 3,
      "srcWordEA": 17
    },
    {
      "srcTextID": "8101",
      "srcText": "“별일 아닙니다. 갑자기 다리가 삐끗해서. 놀라게 해 드려서 죄송합니다.” 마리아는 손을 뒤로 돌려 밤송이를 슬쩍 떨어뜨리고 의자에 앉았어요.",
      "srcPage": 32,
      "srcSentenceEA": 4,
      "srcWordEA": 21
    },
    {
      "srcTextID": "8104",
      "srcText": "한결 누그러진 트랩 대령은 아이들을 둘러보고는 식당을 나갔어요. 트랩 대령이 식당을 나가자 잔뜩 얼어붙어 있던 아이들의 표정이 한결 누그러졌어요. 마리아는 “후유!” 하고 한숨을 쉬며 자기 방으로 돌아왔어요.",
      "srcPage": 38,
      "srcSentenceEA": 4,
      "srcWordEA": 30
    },
    {
      "srcTextID": "8194",
      "srcText": "마음의 병. 트랩 대령의 저택 정원에서 일곱 아이들과 슈레이더 남작 부인이 공놀이를 하고 있었어요. 슈레이더 남작 부인은 옷에 흙이라도 튈까 봐 걱정하는 얼굴이었어요. 아이들은 공놀이가 지루한지 하품을 해 댔어요.",
      "srcPage": 111,
      "srcSentenceEA": 4,
      "srcWordEA": 32
    },
    {
      "srcTextID": "8201",
      "srcText": "얼마 뒤 아이들은 논베르크 수녀원의 철문 앞에 다다랐어요. 수녀 한 사람이 문 안쪽에서 다가와 물었어요. “무슨 일이지?\"  우리는 트랩 대령님 집에서 왔어요. ",
      "srcPage": 117,
      "srcSentenceEA": 4,
      "srcWordEA": 25
    },
    {
      "srcTextID": "8208",
      "srcText": "오늘 트랩 대령 댁에서 아이들이 찾아왔었던 모양이에요. 그제야 마리아의 뺨에 소리 없이 눈물이 흘러 내렸어요. 슈레이더 남작 부인은 제가 트랩 대령을 사랑하고 있다고 말했어요.",
      "srcPage": 124,
      "srcSentenceEA": 3,
      "srcWordEA": 26
    },
    {
      "srcTextID": "8218",
      "srcText": "그날 저녁, 트랩 대령과 슈레이더 남작 부인은 정원을 바라보며 이야기를 나누었어요. “결혼을 서둘렀으면 좋겠어요, 게오르그.” 그런데 트랩 대령은 슈레이더 남작 부인의 말에 대답도 하지 않고, 멍하니 정원을 내다보고 있었어요.",
      "srcPage": 136,
      "srcSentenceEA": 3,
      "srcWordEA": 30
    },
    {
      "srcTextID": "8228",
      "srcText": "마리아는 무슨 말을 해야 좋을지 아무 생각도 나지 않았어요. 그저 고개만 끄덕일 뿐이었어요. 트랩 대령은 기뻐하며 마리아를 안았어요.",
      "srcPage": 143,
      "srcSentenceEA": 3,
      "srcWordEA": 20
    },
    {
      "srcTextID": "8140",
      "srcText": " “내 말을 잊었소? 아이들은 늘 단정한 모습이어야 한다는 것 말이오.” 그동안 아이들은 놀고 싶었지만, 옷을 더럽힐까 봐 놀지도 못했어요. ",
      "srcPage": 73,
      "srcSentenceEA": 3,
      "srcWordEA": 21
    },
    {
      "srcTextID": "8164",
      "srcText": " 홀에는 부드러운 음악이 흐르고 있었어요. 그런 가운데 잘 차려입은 손님들이 즐겁게 웃으며 서로 이야기를 나누었어요. 참으로 멋진 파티였으나 아이들과는 아무런 상관이 없었어요.",
      "srcPage": 92,
      "srcSentenceEA": 3,
      "srcWordEA": 25
    },
    {
      "srcTextID": "8109",
      "srcText": "하긴 그럴 수밖에 없겠지만. 그러면서 슈미트라 부인은 다음과 같은 이야기를 해 주었어요. 트랩 대령은 해군 장교의 아들로 태어났어요.",
      "srcPage": 41,
      "srcSentenceEA": 3,
      "srcWordEA": 20
    },
    {
      "srcTextID": "8110",
      "srcText": "그런 마리아의 속마음을 알아차렸는지 슈미트라 부인은 딱딱한 목소리로 말했어요. “그렇다고 너무 그렇게 마음 아파할 건 없어요. 특히 아이들은 불쌍하다고 지나치게 잘 해 주면 버릇이 나빠지게 마련이니까요.”",
      "srcPage": 48,
      "srcSentenceEA": 3,
      "srcWordEA": 27
    },
    {
      "srcTextID": "8120",
      "srcText": "마리아는 아이들을 둘러보며 다정하게 말했어요. “무섭거나 기분이 안 좋을 때는 즐거운 생각을 하면 돼.” “어떤 생각이요?” “음, 푸른 초원, 하늘의 별들.”",
      "srcPage": 55,
      "srcSentenceEA": 4,
      "srcWordEA": 21
    },
    {
      "srcTextID": "8229",
      "srcText": "마리아와 트랩 대령은 논베르크 수녀원에서 수녀들과 일곱 아이의 축복 속에 결혼식을 올렸어요. 트랩 대령과 마리아는 ‘어떤 어려움이 있어도 평생 변치 않을 것’을 맹세했어요. 그리고 트랩 대령과 마리아는 한 달간의 행복한 신혼여행을 떠났어요.",
      "srcPage": 146,
      "srcSentenceEA": 4,
      "srcWordEA": 35
    },
    {
      "srcTextID": "8241",
      "srcText": "눈이 덮인 알프스산을 넘어야 해서 모두 두꺼운 외투도 챙겨 입었어요. 트랩 대령과 맥스는 자동차를 조용히 밀었어요. 아무에게도 들키지 않으려고 시동을 걸지 않은 거였어요.",
      "srcPage": 155,
      "srcSentenceEA": 3,
      "srcWordEA": 25
    },
    {
      "srcTextID": "8247",
      "srcText": "마리아가 얼른 둘러댔어요. 그 말을 뒷받침하려는 듯 맥스가 주머니에서 대회 참가 신청서를 꺼내 장교에게 보여 주었어요. “우리 말을 정 못 믿겠으면 함께 대회 장소까지 갑시다.”",
      "srcPage": 159,
      "srcSentenceEA": 3,
      "srcWordEA": 26
    },
    {
      "srcTextID": "8169",
      "srcText": "그 소리에 모두 깜짝 놀라 고개를 돌려 보니, 트랩 대령이 미소를 지으며 서 있었어요. “좋아요, 제가 양보하죠.” 프리드리히는 웃으면서 마리아의 손을 트랩 대령에게 넘겨 주었어요.",
      "srcPage": 96,
      "srcSentenceEA": 3,
      "srcWordEA": 26
    },
    {
      "srcTextID": "8171",
      "srcText": "마리아와 트랩 대령은 음악에 맞추어 춤을 추기 시작했어요. 아이들은 홀린 듯 두 사람을 바라보고 있었어요. 춤을 추고 있는 마리아도 무엇에 홀린 듯한 기분이었어요.",
      "srcPage": 97,
      "srcSentenceEA": 3,
      "srcWordEA": 25
    },
    {
      "srcTextID": "8127",
      "srcText": "그리고 마리아는 기타를 들고 아이들과 함께 동산으로 소풍도 갔어요. 동산에서 한참 즐겁게 놀고 있는데 문득 커트가 말했어요. “지난번 선생님 칫솔에 접착제를 바른 뒤로 제일 즐거워!”",
      "srcPage": 59,
      "srcSentenceEA": 3,
      "srcWordEA": 26
    },
    {
      "srcTextID": "8132",
      "srcText": "“다들 어디로 간 거야?” 트랩 대령은 짐을 내려놓은 다음, 슈레이더 남작 부인과 정원에서 차를 마셨어요. 그런데 갑자기 호수 쪽이 떠들썩했어요.",
      "srcPage": 66,
      "srcSentenceEA": 3,
      "srcWordEA": 22
    },
    {
      "srcTextID": "8064",
      "srcText": "기타 치는 수녀. 마리아는 논베르크 수녀원 뒷산에서 기타를 치며 혼자 노래를 부르고 있었어요. 그때 누군가가 가볍게 어깨를 치는 바람에 깜짝 놀라서 뒤를 돌아보았어요.",
      "srcPage": 1,
      "srcSentenceEA": 3,
      "srcWordEA": 25
    },
    {
      "srcTextID": "8257",
      "srcText": "그리고 트랩 가족은 논베르크 수녀원으로 갔어요. 안개 속의 알프스산. 원장 수녀는 마리아를 보고 놀라서 눈이 휘둥그레졌어요.",
      "srcPage": 165,
      "srcSentenceEA": 3,
      "srcWordEA": 18
    },
    {
      "srcTextID": "8255",
      "srcText": "“무슨 일이에요, 마리아?” 마리아는 원장 수녀에게 그간의 사정 이야기를 했어요. “그랬군요, 어서 나가서 가족들을 데리고 들어와요.”",
      "srcPage": 166,
      "srcSentenceEA": 3,
      "srcWordEA": 17
    },
    {
      "srcTextID": "8260",
      "srcText": "트랩 가족이 수녀원으로 막 들어섰을 때, 길가에서 요란한 지프 소리가 들려왔어요. 원장 수녀는 재빨리 트랩 가족을 수녀원 지하 묘지에 피신시켰어요. 그리고 마가렛 수녀와 아가다 수녀를 불러 트랩 가족의 일에 대해 귀띔했어요.",
      "srcPage": 167,
      "srcSentenceEA": 3,
      "srcWordEA": 33
    },
    {
      "srcTextID": "8251",
      "srcText": "“영예의 1등에는 트랩 가족 합창단!” 조명이 무대 출입구 쪽을 밝게 비추었어요. 그런데 트랩 가족은 무대에 나타나지 않았어요.",
      "srcPage": 163,
      "srcSentenceEA": 3,
      "srcWordEA": 19
    },
    {
      "srcTextID": "8175",
      "srcText": "“어렸을 때 배워서 그런지 생각만큼 잘 안 되는군요.” 마리아는 변명하듯 말하고는 아이들을 데리고 서둘러 집 안으로 들어갔어요. 손님들이 기다리고 계세요.",
      "srcPage": 99,
      "srcSentenceEA": 3,
      "srcWordEA": 22
    },
    {
      "srcTextID": "8176",
      "srcText": "두 사람이 파티장 안에 들어서니 마리아가 손님들 앞에 서서 큰 소리로 무슨 말인가를 하고 있었어요. “손님 여러분을 환영하는 뜻에서 트랩 대령님의 아이들이 소박한 공연을 마련했어요. 귀엽게 보아 주세요.”",
      "srcPage": 101,
      "srcSentenceEA": 3,
      "srcWordEA": 29
    },
    {
      "srcTextID": "8078",
      "srcText": "“저는 새로 온 가정 교사인데, 트랩 대령님은 계신가요?” “안에 계십니다. 이리 들어오세요.” 집사는 마리아를 응접실로 안내했어요. “여기서 잠시만 기다리십시오.”",
      "srcPage": 16,
      "srcSentenceEA": 5,
      "srcWordEA": 21
    },
    {
      "srcTextID": "8086",
      "srcText": "뒤이어 한 여자아이가 책을 읽으면서 오더니 후닥닥 제자리에 섰어요. “이번에 새로 오신 마리아 선생님이시다.” 트랩 대령이 아이들에게 마리아를 소개했어요.",
      "srcPage": 22,
      "srcSentenceEA": 3,
      "srcWordEA": 20
    },
    {
      "srcTextID": "8088",
      "srcText": "마리아는 뜻밖의 광경에 너무나 놀라 입을 다물지 못했어요. 트랩 대령이 호루라기를 건네며 말했어요. 이 저택은 무척 넓은 곳이오.",
      "srcPage": 23,
      "srcSentenceEA": 3,
      "srcWordEA": 20
    },
    {
      "srcTextID": "8090",
      "srcText": " “아니에요. 전 아이들의 사랑스러운 이름을 부르겠어요.” 트랩 대령은 더는 말을 하지 않고 응접실을 나갔어요.  마리아는 아이들에게 다정하게 말을 걸었어요.",
      "srcPage": 25,
      "srcSentenceEA": 3,
      "srcWordEA": 23
    },
    {
      "srcTextID": "8096",
      "srcText": "하지만 트랩 대령과 일곱 아이 모두 벌써 식탁에 앉아 있었어요. 마리아는 빈자리에 가서 조용히 앉았어요. 그러나 그녀는 곧 비명을 지르며 자리에서 튕기듯 일어섰어요.",
      "srcPage": 29,
      "srcSentenceEA": 3,
      "srcWordEA": 25
    },
    {
      "srcTextID": "8095",
      "srcText": "의자에 가시투성이 밤송이 하나가 놓여 있었어요. 마리아는 아이들을 둘러보았어요. 모두 모르는 체 눈을 내리깔고 있었지만, 몹시 불안해 보였어요.",
      "srcPage": 31,
      "srcSentenceEA": 3,
      "srcWordEA": 20
    },
    {
      "srcTextID": "8097",
      "srcText": " “여러분, 나를 따뜻하게 맞아 주어 고마워요. 무척 기쁘고 즐거워요.” 순간 모두 이상하다는 듯 그녀를 쳐다보았어요. ",
      "srcPage": 35,
      "srcSentenceEA": 3,
      "srcWordEA": 17
    },
    {
      "srcTextID": "8099",
      "srcText": " “우리 집에서는 식사 시간에 잡담하지 않소.” 트랩 대령이 나무라듯 말했어요. 그런데 갑자기 마르타가 울먹였어요.",
      "srcPage": 36,
      "srcSentenceEA": 3,
      "srcWordEA": 16
    },
    {
      "srcTextID": "8111",
      "srcText": "그런데 또다시 트랩 대령에게 불행이 찾아왔어요. 아내가 막내 그레틀을 낳은 지 얼마 안 되어 갑자기 병에 걸려 세상을 떠났던 거였어요. 아내를 잃은 뒤 트랩 대령은 모든 것이 군대식이에요.",
      "srcPage": 46,
      "srcSentenceEA": 3,
      "srcWordEA": 30
    },
    {
      "srcTextID": "8112",
      "srcText": "마리아는 그동안 트랩 대령이 너무 무뚝뚝하고 정이 없는 사람이라고 생각했어요. 그런데 슈미트라 부인의 말을 듣고 보니 트랩 대령이 불쌍하게 여겨졌어요. 그리고 외롭게 자랐을 일곱 아이 생각에 눈시울이 뜨거워졌어요.",
      "srcPage": 47,
      "srcSentenceEA": 3,
      "srcWordEA": 30
    },
    {
      "srcTextID": "8121",
      "srcText": "마리아는 창문을 닫으려다가 깜짝 놀라고 말았어요. 첫째인 리즐이 홀딱 젖은 채 창문으로 들어온 거예요. 산책을 하고 와 보니 현관문이 잠겨 있었어요.",
      "srcPage": 50,
      "srcSentenceEA": 3,
      "srcWordEA": 23
    },
    {
      "srcTextID": "8122",
      "srcText": "아빠에게 이야기 안 하실 거죠? 사실 리즐은 전보를 전해 주는 집배원 소년과 좋아하는 사이였어요. 그래서 아빠 몰래 만나고 온 거였어요. ",
      "srcPage": 51,
      "srcSentenceEA": 3,
      "srcWordEA": 22
    },
    {
      "srcTextID": "8130",
      "srcText": "요란한 환영 인사. 다음 날, 트랩 대령은 아침 일찍 저택을 떠났어요. 아이들은 어젯밤 일로 마리아와 아주 가까워졌어요.",
      "srcPage": 57,
      "srcSentenceEA": 3,
      "srcWordEA": 19
    },
    {
      "srcTextID": "8133",
      "srcText": "“우린 아는 노래가 없어요.” 마리아는 빙그레 웃으며 말했어요. “괜찮아, 배우면 돼.\"",
      "srcPage": 63,
      "srcSentenceEA": 3,
      "srcWordEA": 12
    },
    {
      "srcTextID": "8135",
      "srcText": "그날부터 아이들은 마리아에게 매일매일 노래를 배웠어요. 며칠이 지난 어느 날, 트랩 대령이 집으로 돌아왔어요. 결혼을 약속한 슈레이더 남작 부인도 함께 데려왔어요.",
      "srcPage": 64,
      "srcSentenceEA": 3,
      "srcWordEA": 23
    },
    {
      "srcTextID": "8136",
      "srcText": "슈레이더 남작 부인은 남편을 잃고 트랩 대령처럼 혼자 살고 있었어요. 집으로 들어선 트랩 대령은 고개를 갸웃거렸어요. 집 안이 너무나 조용했거든요.",
      "srcPage": 65,
      "srcSentenceEA": 3,
      "srcWordEA": 22
    },
    {
      "srcTextID": "8137",
      "srcText": "트랩 대령은 소리가 나는 곳을 바라보고 깜짝 놀랐어요. 일곱 아이가 마리아와 함께 보트를 타고 호수를 건너고 있는 게 아니겠어요? 큰 소리로 즐겁게 노래도 부르면서요.",
      "srcPage": 67,
      "srcSentenceEA": 3,
      "srcWordEA": 26
    },
    {
      "srcTextID": "8134",
      "srcText": "그 바람에 보트가 기우뚱하더니 마리아와 아이들 모두 호수에 빠져 버렸어요. “앗!” 트랩 대령과 슈레이더 남작 부인은 놀라서 비명을 질렀어요. 그런데 마리아와 아이들은 마냥 재미있다는 듯 웃으며 호수를 헤엄쳐 나왔어요.",
      "srcPage": 69,
      "srcSentenceEA": 3,
      "srcWordEA": 31
    },
    {
      "srcTextID": "8138",
      "srcText": "트랩 대령은 화가 나서 얼굴이 벌게졌어요. 트랩 대령은 호루라기를 불었어요. 그 소리에 정신이 번쩍 든 아이들은 서둘러 트랩 대령과 슈레이더 남작 부인 앞에 나란히 섰어요.",
      "srcPage": 70,
      "srcSentenceEA": 3,
      "srcWordEA": 27
    },
    {
      "srcTextID": "8183",
      "srcText": "“난 당신이 트랩 대령과 왈츠를 추고 있을 때 그 사실을 깨달았어요. 그때 당신 얼굴은 발갛게 달아올라 있더군요. 지금도 그래요. 트랩 대령 이름만 듣고도 이렇게 얼굴이 빨개졌는데, 계속 아니라고 할 셈인가요?”",
      "srcPage": 109,
      "srcSentenceEA": 4,
      "srcWordEA": 33
    },
    {
      "srcTextID": "8200",
      "srcText": "마리아 선생님을 만나게 해 주세요.” “마리아 선생님이라면. 수련 수녀 마리아 말이구나.” “선생님이 왜 우리에게 작별 인사도 없이 떠나셨는지 궁금해서 찾아왔어요.”",
      "srcPage": 118,
      "srcSentenceEA": 4,
      "srcWordEA": 21
    },
    {
      "srcTextID": "8199",
      "srcText": "그러자 수녀는 문을 열어 주었어요. 아이들이 떠드는 소리를 들었는지 수녀원 건물에서 마가렛 수녀가 나왔어요. “무슨 일이지요, 아가다 수녀?”",
      "srcPage": 119,
      "srcSentenceEA": 3,
      "srcWordEA": 19
    },
    {
      "srcTextID": "8222",
      "srcText": "정원에 혼자 서 있는 마리아를 보고 있었던 거예요. 슈레이더 남작 부인은 가슴이 덜컥 내려앉는 것 같았어요. 트랩 대령은 잠시 잠자코 있더니 어렵게 말을 꺼냈어요.",
      "srcPage": 137,
      "srcSentenceEA": 3,
      "srcWordEA": 26
    },
    {
      "srcTextID": "8223",
      "srcText": "“다른 사람을 사랑하면서 어떻게 결혼할 수 있겠소? 난 당신을 사랑하오. 마리아, 나와 결혼해 주시오.”",
      "srcPage": 142,
      "srcSentenceEA": 3,
      "srcWordEA": 16
    },
    {
      "srcTextID": "8232",
      "srcText": "사람들의 칭찬에 일곱 아이는 무척 행복했어요. 그리고 집으로 돌아오니 더욱 행복한 일이 기다리고 있었어요. 트랩 대령과 마리아가 신혼여행에서 돌아와 있었던 거예요.",
      "srcPage": 150,
      "srcSentenceEA": 3,
      "srcWordEA": 23
    },
    {
      "srcTextID": "8242",
      "srcText": "마리아가 불안한 표정으로 말했어요. “오늘 밤, 우리는 여기를 떠날 거요.” 그길로 트랩 대령은 맥스와 함께 오스트리아를 탈출할 계획을 세웠어요.",
      "srcPage": 153,
      "srcSentenceEA": 3,
      "srcWordEA": 20
    },
    {
      "srcTextID": "8249",
      "srcText": "트랩 가족의 순서는 맨 마지막이었어요. 트랩 가족이 무대 뒤 분장실로 들어가자, 독일군 장교를 비롯한 독일 군인들은 객석으로 갔어요. 드디어 트랩 가족의 차례가 되었어요.",
      "srcPage": 161,
      "srcSentenceEA": 3,
      "srcWordEA": 25
    },
    {
      "srcTextID": "8267",
      "srcText": "게다가 그들은 독일군 초소를 피해 더 험하고 먼 길로 돌아갈 수밖에 없었어요. 그런 어려움 속에서도 트랩 가족은 한 사람도 뒤처지지 않고 무사히 스위스에 도착했어요. 트랩 가족은 스위스에서 이탈리아로 건너갔다가, 거기서 다시 영국으로 갔어요.",
      "srcPage": 180,
      "srcSentenceEA": 3,
      "srcWordEA": 35
    },
    {
      "srcTextID": "8185",
      "srcText": "“이유요? 그건 당신이 트랩 대령을 사랑하고 있으니까.” “천만에요! 전 그런 생각을 해 본 적도 없어요.” 마리아는 침대에 털썩 주저앉았어요.",
      "srcPage": 108,
      "srcSentenceEA": 3,
      "srcWordEA": 22
    },
    {
      "srcTextID": "8195",
      "srcText": "우리 선생님이 계신 수녀원에 가 보는 게 어떨까? 프리드리히의 말에 아이들은 모두 손뼉을 치며 좋아했어요. 아이들은 곧 집안 사람들 모르게 집을 빠져나왔어요.",
      "srcPage": 116,
      "srcSentenceEA": 3,
      "srcWordEA": 24
    },
    {
      "srcTextID": "8206",
      "srcText": "마리아는 지금 마음의 병에 걸렸는데, 트랩 대령만이 그 병을 치료할 수 있어요. 자, 어서 가서 트랩 대령을 만나 봐요. 그럼 마리아도 자기 마음이 어떤지 알 수 있을 거예요.",
      "srcPage": 128,
      "srcSentenceEA": 3,
      "srcWordEA": 30
    },
    {
      "srcTextID": "8211",
      "srcText": "“돌아와 줘서 고맙소, 마리아 선생.” 아이들은 마리아 곁에서 앞다투어 이야기했어요. “선생님, 왜 우리에게 아무 말도 하시지 않고 떠나셨어요?”",
      "srcPage": 132,
      "srcSentenceEA": 3,
      "srcWordEA": 19
    },
    {
      "srcTextID": "8214",
      "srcText": "모두 궁금하다는 표정으로 마리아의 대답을 기다렸어요. “너희가 내가 필요 없다고 할 때까지는 안 떠날게.” 마리아가 말했어요. “와, 신난다!” 아이들은 좋아서 펄쩍펄쩍 뛰었어요.",
      "srcPage": 134,
      "srcSentenceEA": 5,
      "srcWordEA": 24
    },
    {
      "srcTextID": "8219",
      "srcText": "다음 날 아침, 슈레이더 남작 부인은 홀로 트랩 저택을 떠났어요. 좋은 어머니. 정원을 산책하고 있던 마리아에게 트랩 대령이 다가왔어요. “마리아 선생, 왜 수녀원으로 돌아갔으며 왜 다시 여기로 온 것이오?”",
      "srcPage": 139,
      "srcSentenceEA": 4,
      "srcWordEA": 31
    },
    {
      "srcTextID": "8065",
      "srcText": "마리아는 수녀가 되기를 기다리고 있는 수련 수녀였어요. ‘도대체 무슨 일일까?’ 마리아는 고개를 갸웃거리며 산에서 내려갔어요.",
      "srcPage": 3,
      "srcSentenceEA": 3,
      "srcWordEA": 17
    },
    {
      "srcTextID": "8067",
      "srcText": "하지만 마리아는 급하다 싶으면 계단을 뛰어서 오르내리기도 하고, 큰 소리로 인사하는 바람에 다른 수녀들로부터 자주 눈총을 받곤 했어요. 마리아는 원장 수녀의 방문 앞에 섰어요. 그녀는 숨을 한 번 크게 들이쉬고 문을 두드렸어요.",
      "srcPage": 5,
      "srcSentenceEA": 3,
      "srcWordEA": 34
    },
    {
      "srcTextID": "8069",
      "srcText": "“들어와요.” 원장 수녀의 차분한 목소리가 문 안쪽에서 들려왔어요. 마리아는 손잡이를 돌려 문을 열고 안으로 들어갔어요. “부르셨어요, 원장 수녀님?”",
      "srcPage": 6,
      "srcSentenceEA": 3,
      "srcWordEA": 20
    },
    {
      "srcTextID": "8068",
      "srcText": " 마리아가 고개 숙여 인사를 하자 원장 수녀는 웃음 띤 얼굴로 자리에서 일어났어요. “어서 와요, 마리아. 자, 이리 앉아요.”",
      "srcPage": 7,
      "srcSentenceEA": 3,
      "srcWordEA": 20
    },
    {
      "srcTextID": "8073",
      "srcText": "원장 수녀는 마리아에게 자기 책상 앞에 있는 작은 의자를 가리키며 말했어요. “요즘 어때요, 지낼 만해요?” “염려해 주신 덕분에 잘 지내고 있어요.”",
      "srcPage": 8,
      "srcSentenceEA": 3,
      "srcWordEA": 21
    },
    {
      "srcTextID": "8224",
      "srcText": "그러면서 제 삶을 찾으라고 하셨어요. 그래서 이곳에 다시 돌아왔어요. 트랩 대령은 말없이 마리아를 더욱 꼭 안아 주었어요.",
      "srcPage": 144,
      "srcSentenceEA": 3,
      "srcWordEA": 19
    },
    {
      "srcTextID": "8226",
      "srcText": "다음 날 아침 식사 때 트랩 대령은 아이들에게 마리아와의 결혼 사실을 발표했어요. 아이들은 일제히 환호성을 지르며 손뼉을 쳤어요. 축하해요, 아빠! 축하해요, 선생님!” 아이들은 제각기 한 마디씩 축하의 말을 했어요.",
      "srcPage": 145,
      "srcSentenceEA": 5,
      "srcWordEA": 33
    },
    {
      "srcTextID": "8234",
      "srcText": "오스트리아와 독일은 이웃이었으므로 나치 독일이 오스트리아를 점령하는 것은 쉬운 일이었어요. 곳곳에 나치의 깃발이 펄럭였고 큰길 모퉁이에는 총을 든 독일 군인들이 서 있었어요. 트랩 대령과 마리아가 신혼여행을 가 있는 동안, 트랩 대령의 친구인 맥스는 아이들과 특별한 계획을 세웠어요.",
      "srcPage": 147,
      "srcSentenceEA": 3,
      "srcWordEA": 39
    },
    {
      "srcTextID": "8243",
      "srcText": "집에서 제법 떨어진 곳에 이르렀을 때였어요. 갑자기 사방에서 눈 부신 빛이 쏟아졌어요. 누군가 손전등을 들이댄 것이었어요.",
      "srcPage": 156,
      "srcSentenceEA": 3,
      "srcWordEA": 18
    },
    {
      "srcTextID": "8139",
      "srcText": " ‘삑!’ 트랩 대령은 흩어져도 좋다는 뜻으로 호루라기를 불었어요. 아이들은 기다렸다는 듯 집 안으로 뛰어 들어갔어요. 이윽고 트랩 대령은 마리아에게 눈길을 돌렸어요.",
      "srcPage": 71,
      "srcSentenceEA": 4,
      "srcWordEA": 25
    },
    {
      "srcTextID": "8170",
      "srcText": "그런데 프리드리히가 마리아보다 키가 작아서 좀 불편했어요. “숙녀는 내게 양보하는 게 어떠냐, 프리드리히?” 그 소리에 모두 깜짝 놀라 고개를 돌려 보니, 트랩 대령이 미소를 지으며 서 있었어요.",
      "srcPage": 95,
      "srcSentenceEA": 3,
      "srcWordEA": 28
    },
    {
      "srcTextID": "8244",
      "srcText": " 트랩 대령의 말에 독일군 장교는 잠깐 생각해 보더니 고개를 끄덕였어요. 트랩 가족은 독일 군인들과 함께 대회 장소까지 갔어요. 트랩 가족이 대회장 안에 들어섰을 때는 이미 대회가 시작된 뒤였어요.",
      "srcPage": 160,
      "srcSentenceEA": 3,
      "srcWordEA": 31
    },
    {
      "srcTextID": "8250",
      "srcText": "“앗, 속았다!” 당황한 독일군 장교는 호루라기를 불어 댔고, 독일 군인들은 재빨리 대회장 밖으로 뛰어나갔어요. 하지만 트랩 가족의 모습은 어디에도 보이지 않았어요. 트랩 가족은 자기들 노래 순서가 끝나자마자 분장실 창문을 통해 밖으로 빠져나갔거든요.",
      "srcPage": 164,
      "srcSentenceEA": 4,
      "srcWordEA": 35
    },
    {
      "srcTextID": "8186",
      "srcText": "당신은 트랩 대령을 좋아하고 있는 게 틀림없어요. 트랩 대령 역시 당신을 좋아하는 것 같은데, 나는 그게 사랑이 아니라 믿음이라고 생각해요. 당신이 아이들에게 잘해 주고 아이들이 당신을 따르니까요.",
      "srcPage": 106,
      "srcSentenceEA": 3,
      "srcWordEA": 29
    },
    {
      "srcTextID": "8189",
      "srcText": "어쨌든 난 곧 트랩 대령과 결혼하기로 약속했어요. 그런데 어쩐지 당신이 마음에 걸리는군요. “이유가 뭐죠?” 마리아의 목소리는 자기도 모르게 떨렸어요.",
      "srcPage": 107,
      "srcSentenceEA": 4,
      "srcWordEA": 21
    },
    {
      "srcTextID": "8184",
      "srcText": "“내게 묻지 말고 알아서 하세요.” 슈레이더 남작 부인은 쌀쌀하게 말하고는 마리아의 방에서 나갔어요. 마리아는 곧바로 짐을 꾸려 아무도 눈치채지 못하게 트랩 대령의 저택을 빠져나왔어요.",
      "srcPage": 110,
      "srcSentenceEA": 3,
      "srcWordEA": 26
    },
    {
      "srcTextID": "8192",
      "srcText": "공놀이가 지겹기는 슈레이더 남작 부인도 마찬가지였어요. ‘공을 멀리 던져 버리면 이 지겨운 공놀이가 끝나겠지.’ 이런 생각에 슈레이더 남작 부인은 공을 멀리 던져 버렸어요.",
      "srcPage": 112,
      "srcSentenceEA": 3,
      "srcWordEA": 25
    },
    {
      "srcTextID": "8190",
      "srcText": " “선생님은 왜 우리에게 작별 인사도 없이 떠나신 걸까?” 루이자가 고개를 갸웃거리며 말했어요. 글쎄, 나도 그게 궁금해.",
      "srcPage": 115,
      "srcSentenceEA": 3,
      "srcWordEA": 18
    },
    {
      "srcTextID": "8197",
      "srcText": "“그건 알고 있지만.” “알면 그대로 해야지요.” 마가렛 수녀가 단호한 어조로 말하자, 아가다 수녀는 미안한 표정으로 아이들에게 다가왔어요.",
      "srcPage": 120,
      "srcSentenceEA": 3,
      "srcWordEA": 18
    },
    {
      "srcTextID": "8209",
      "srcText": "원장 수녀의 물음에 마리아는 잠자코 있었어요. 말하기 싫은가 보군요. 하지만 모두가 걱정하고 있답니다.",
      "srcPage": 123,
      "srcSentenceEA": 3,
      "srcWordEA": 15
    },
    {
      "srcTextID": "8070",
      "srcText": "“얼마 동안만이에요. 일 년쯤 바깥세상에 나가 봉사하다가 다시 돌아오면 돼요. 실은 오스트리아 해군 대령을 지낸 트랩 대령이 오늘 갑자기 나를 찾아왔어요. 트랩 대령은 내게 아이들의 가정 교사*를 구해 달라고 부탁하셨는데, 그 말을 듣는 순간 마리아가 생각났어요.",
      "srcPage": 11,
      "srcSentenceEA": 4,
      "srcWordEA": 39
    },
    {
      "srcTextID": "8142",
      "srcText": " 리즐은 더 이상 아이가 아니에요. 프리드리히는 남자가 되는 법을 가르쳐 줘야 해요. 브리지타는 이야기 상대가 필요하고.",
      "srcPage": 74,
      "srcSentenceEA": 3,
      "srcWordEA": 19
    },
    {
      "srcTextID": "8202",
      "srcText": "“저는 잘 모르겠어요. 사실 그날 춤출 때 가슴이 몹시 두근거렸어요. 원장님, 제가 왜 그런 걸까요?”",
      "srcPage": 126,
      "srcSentenceEA": 3,
      "srcWordEA": 17
    },
    {
      "srcTextID": "8207",
      "srcText": "마리아는 흥분되는 마음을 가라앉히려고 애썼어요. “마리아, 여자가 남자를 좋아하는 건 죄가 아니라 하느님이 사람에게 주신 축복이에요.” 그러면서 원장 수녀는 마리아의 손을 꼭 잡아 주었어요.",
      "srcPage": 127,
      "srcSentenceEA": 3,
      "srcWordEA": 25
    },
    {
      "srcTextID": "8205",
      "srcText": "마리아, 아이들을 생각해서라도 돌아가요. 두려워하지 말고 가서 하느님의 뜻이 무엇인지 알아보세요. 원장 수녀는 부드러운 손으로 마리아의 등을 쓸어 주었어요. ",
      "srcPage": 129,
      "srcSentenceEA": 3,
      "srcWordEA": 21
    },
    {
      "srcTextID": "8216",
      "srcText": "아이들의 눈에도 마리아의 눈에도 눈물이 글썽거렸어요. 마리아는 아이들의 손에 이끌려 집으로 향했어요. 집 앞에서 만난 트랩 대령은 반가운 표정을 감추지 못하면서도 무뚝뚝하게 말했어요.",
      "srcPage": 131,
      "srcSentenceEA": 3,
      "srcWordEA": 25
    },
    {
      "srcTextID": "8210",
      "srcText": " “그때 너희가 모두 자고 있었거든. 너희는 잠잘 때 깨우는 걸 무척 싫어하잖아.” “선생님, 이제 다시는 우리 곁을 안 떠나실 거죠?” 커트가 물었어요.",
      "srcPage": 133,
      "srcSentenceEA": 4,
      "srcWordEA": 24
    },
    {
      "srcTextID": "8256",
      "srcText": "그때 요란하게 철문을 두드리는 소리와 함께 독일군의 목소리가 들렸어요. “빨리 문을 여시오!” 밖으로 나간 마가렛 수녀가 침착한 목소리로 물었어요.",
      "srcPage": 168,
      "srcSentenceEA": 3,
      "srcWordEA": 20
    },
    {
      "srcTextID": "8254",
      "srcText": "“누가 이 밤중에 수녀원 문을 두드리는 겁니까?” 우린 독일 군인들이오! 이 수녀원에 우리가 찾는 사람이 있는지 확인해 봐야겠소.",
      "srcPage": 169,
      "srcSentenceEA": 3,
      "srcWordEA": 20
    },
    {
      "srcTextID": "8213",
      "srcText": "뜻밖의 물음에 마리아는 당황했어요. “글쎄, 그렇다면 축하해 드려야지. 축하합니다, 대령님.” “고맙소.” 트랩 대령이 정중하게 대답했어요. 마리아는 그 자리를 피하려는 듯 서둘러 아이들과 함께 집 안으로 들어갔어요.",
      "srcPage": 135,
      "srcSentenceEA": 5,
      "srcWordEA": 29
    },
    {
      "srcTextID": "8217",
      "srcText": "“당신에게 이런 말 하기는 정말 미안한데.” 그 말을 듣는 순간, 슈레이더 남작 부인은 자신이 걱정하던 일이 일어났다는 것을 깨달았어요. 게오르그, 무슨 말인지 알겠어요.",
      "srcPage": 138,
      "srcSentenceEA": 3,
      "srcWordEA": 25
    },
    {
      "srcTextID": "8230",
      "srcText": " 아이들은 맥스와 함께 합창 대회가 열리는 곳에서 마지막 연습을 했어요. 아이들의 연습을 지켜보던 사람들이 입을 모아 칭찬했어요. “정말 멋진 합창단이에요!”",
      "srcPage": 149,
      "srcSentenceEA": 3,
      "srcWordEA": 22
    },
    {
      "srcTextID": "8258",
      "srcText": "마가렛 수녀는 느릿느릿 손을 움직여 문을 열었어요. “에이, 뭘 그렇게 꾸물거리는 거야?” 독일 군인들은 문이 열리자마자 후닥닥 뛰어 들어와 수녀원 안을 샅샅이 뒤졌어요.",
      "srcPage": 170,
      "srcSentenceEA": 3,
      "srcWordEA": 24
    },
    {
      "srcTextID": "8263",
      "srcText": "독일군 장교는 분해서 발을 동동 구르며 소리쳤어요. 독일 군인들은 재빨리 자기들 지프가 있는 쪽으로 갔어요. 그런데 어떻게 된 일인지 지프의 시동이 안 걸렸어요.",
      "srcPage": 173,
      "srcSentenceEA": 3,
      "srcWordEA": 25
    },
    {
      "srcTextID": "8270",
      "srcText": "트랩 대령이 아이들을 재촉했어요. 알프스산을 넘는 일은 정말 힘들었어요. 어른들도 걷기 힘든 산길을 아이들이 넘으니 그 고생은 말로 다 설명하기가 어려웠어요.",
      "srcPage": 179,
      "srcSentenceEA": 3,
      "srcWordEA": 23
    },
    {
      "srcTextID": "8272",
      "srcText": "트랩 대령이 말했어요.  “무슨 말인데요?” “‘하느님은 한쪽 문을 닫으시면 반드시 또 다른 문을 열어 두신다.’라고. 그 말처럼 아무리 어려운 일이 닥쳐와도 벗어날 길은 반드시 있다는 것을 깨달았소. 앞으로 미국에서 절망하지 말고 더욱 열심히 삽시다!” 마리아는 고개를 끄덕이며 트랩 대령의 손을 꼭 잡았어요.",
      "srcPage": 182,
      "srcSentenceEA": 6,
      "srcWordEA": 46
    },
    {
      "srcTextID": "8239",
      "srcText": "그들은 알프스산 아래까지 자동차로 가고, 그다음부터는 걸어서 알프스산을 넘어 스위스로 가기로 했어요. 트랩 가족은 은밀히 짐을 꾸리기 시작했어요. 그리고 날이 어두워지자 트랩 가족과 맥스는 가방을 하나씩 들고 뒷문을 통해 저택을 빠져나왔어요.",
      "srcPage": 154,
      "srcSentenceEA": 3,
      "srcWordEA": 33
    },
    {
      "srcTextID": "8238",
      "srcText": "“자동차에 문제라도 있소?” 손전등 뒤쪽에서 독일군 장교가 걸어 나왔어요. 왜 시동을 걸지 않고 자동차를 밀고 가는 것이오? 이 늦은 밤 어디로 가는 길이오?\"",
      "srcPage": 157,
      "srcSentenceEA": 4,
      "srcWordEA": 26
    },
    {
      "srcTextID": "8237",
      "srcText": "“우리는 지금 음악 대회에 참석하러 가는 길이오.” 맥스가 앞으로 나서며 말했어요. “지금 내게 그 말을 믿으라는 거요? 한여름에 두꺼운 외투를 입고 가방까지 챙겨 들고 음악 대회에 간단 말이오?”",
      "srcPage": 158,
      "srcSentenceEA": 4,
      "srcWordEA": 30
    },
    {
      "srcTextID": "8261",
      "srcText": "“어서 묘지로 내려가 봐!” 그러나 그들이 지하 묘지로 내려간 순간, 밖에서 트랩 가족이 탄 자동차가 막 출발하는 소리가 들렸어요. “어서 뒤쫓아 가지 않고 뭘 하고 있어!”",
      "srcPage": 172,
      "srcSentenceEA": 3,
      "srcWordEA": 27
    },
    {
      "srcTextID": "8262",
      "srcText": "독일 군인들이 묘지를 뒤지는 동안, 아가다 수녀와 마가렛 수녀가 지프의 중요한 부속들을 뜯어냈던 거예요. 땀을 뻘뻘 흘리며 애를 써도 안 되자 독일 군인들은 지프를 그대로 둔 채 가 버렸어요. 그 시각 트랩 가족이 탄 자동차는 알프스산을 향해 신나게 달리고 있었어요.",
      "srcPage": 174,
      "srcSentenceEA": 3,
      "srcWordEA": 42
    },
    {
      "srcTextID": "8266",
      "srcText": "“우아, 정말 멋진 산이네!” “산꼭대기에 눈이 그대로 남아 있어!” 알프스산의 멋진 모습을 보니, 지난밤에 겪은 두려움이 눈 녹듯이 사라지는 것 같았어요.",
      "srcPage": 177,
      "srcSentenceEA": 3,
      "srcWordEA": 22
    },
    {
      "srcTextID": "8268",
      "srcText": "이윽고 트랩 가족이 탄 차가 알프스산 아래에 이르렀어요. 모두 차에서 내려 각자 자기 짐을 챙겨 들었어요. “자, 이제 떠나자!”",
      "srcPage": 178,
      "srcSentenceEA": 3,
      "srcWordEA": 20
    }
  ]
}