{
  "title": "은혜 갚은 꿩",
  "author": "김혜선",
  "illustrator": "송향란",
  "isbn": "9791128212994",
  "readAge": "초등_고학년",
  "publishedYear": 2018,
  "publisher": "아람북스",
  "classification": "의사소통",
  "paragraphInfoCount": 18,
  "paragraphInfo": [
    {
      "srcTextID": "5739",
      "srcText": "수풀을 헤치고 가 보니 웬 작은 기와집이 있었어. 방 안에는 어룽어룽 호롱불이 흔들리고 있었지. “안에 누구 있소?”",
      "srcPage": 6,
      "srcSentenceEA": 3,
      "srcWordEA": 18
    },
    {
      "srcTextID": "5742",
      "srcText": "얼마나 지났을까. 찌릿찌릿 팔다리가 저리면서 컥컥 목이 조여 오는 느낌이 들었어. ‘윽, 참으로 고약한 꿈이로구나. 숨을 쉴 수가 없어.’",
      "srcPage": 9,
      "srcSentenceEA": 4,
      "srcWordEA": 22
    },
    {
      "srcTextID": "5740",
      "srcText": "선비가 눈을 번쩍 떠 보니, 구렁이가 온몸을 친친 휘감고 있는 게 아니겠어요? 선비는 온몸이 와들와들, 심장이 벌렁벌렁 뛰었지만, 있는 힘껏 호통을 쳤어. “왜 나를 죽이려 하느냐!” ",
      "srcPage": 10,
      "srcSentenceEA": 3,
      "srcWordEA": 27
    },
    {
      "srcTextID": "5743",
      "srcText": "구렁이는 선비의 호통에도 아랑곳하지 않고 쉭쉭 혀를 내밀며 더 세게 조였어. “네가 오늘 내 남편을 활로 쏘아 죽였다! 너를 죽여 남편의 억울한 한을 풀어야겠다!”",
      "srcPage": 11,
      "srcSentenceEA": 3,
      "srcWordEA": 25
    },
    {
      "srcTextID": "5744",
      "srcText": "선비는 숨이 막혀 죽을 것 같았지만, 정신을 놓지 않으려고 눈을 부릅떴어. “컥! 나를 잡아먹어도 좋으니 컥컥! 자, 잠깐 내 얘기를 좀 들어 보거라. 커억!” ",
      "srcPage": 12,
      "srcSentenceEA": 4,
      "srcWordEA": 27
    },
    {
      "srcTextID": "5735",
      "srcText": "‘풀숲에 뭐가 있나?’ 선비는 조심조심 숨을 죽이고 소리를 따라갔어. 그런데 글쎄, 구렁이 한 마리가 새끼 꿩이 있는 둥지를 향해 입을 쩍 벌리고 있었어. ",
      "srcPage": 3,
      "srcSentenceEA": 3,
      "srcWordEA": 25
    },
    {
      "srcTextID": "5736",
      "srcText": "선비는 재빨리 활을 꺼내 구렁이를 향해 쏘았어. 휴, 다행이다. 하마터면 새끼 꿩이 모두 죽을 뻔했구나. 이런, 어두워지기 전에 빨리 서둘러야겠다. ",
      "srcPage": 4,
      "srcSentenceEA": 4,
      "srcWordEA": 23
    },
    {
      "srcTextID": "5741",
      "srcText": "아낙은 살며시 고개를 끄덕이고는 깨끗한 방을 내주었어. 그리고 따뜻한 저녁상까지 차려 주었지. 먼 길을 오느라 피곤했는지, 선비는 훈훈한 아랫목에 눕자마자 까무룩 잠에 빠졌어.",
      "srcPage": 8,
      "srcSentenceEA": 3,
      "srcWordEA": 25
    },
    {
      "srcTextID": "5733",
      "srcText": "옛날 한 선비가 과거를 보러 한양에 가고 있었어. 한양은 멀고 먼 길이라서 오르락내리락 고개를 넘고, 넘실넘실 강을 건너, 굽이굽이 산을 지나고도, 며칠을 더 가야 했지. 얼마나 걸었을까? 갈 길은 멀고 마음은 바쁜데 다리는 묵직 허리는 뻐근 걸음을 뗄 수가 없었지.",
      "srcPage": 1,
      "srcSentenceEA": 4,
      "srcWordEA": 43
    },
    {
      "srcTextID": "5732",
      "srcText": "“조금만 쉬었다 가야겠어.” 선비는 길가 너럭바위에 걸터앉았어. 그때 풀숲 사이로 무엇인가 움직였어. 사르락! 사르락!",
      "srcPage": 2,
      "srcSentenceEA": 5,
      "srcWordEA": 18
    },
    {
      "srcTextID": "5737",
      "srcText": "선비는 산으로 난 좁은 길을 따라 걸어갔어. 그런데 길을 잘못 들었는지, 날이 저물도록 길은 끝이 보이질 않았어. 그때 희미한 불빛이 깜박이며 선비의 발걸음을 이끌었어. ",
      "srcPage": 5,
      "srcSentenceEA": 3,
      "srcWordEA": 26
    },
    {
      "srcTextID": "5738",
      "srcText": "문이 삐걱 열리며 어여쁜 아낙이 나왔어. “한양으로 가는 길인데 날이 저물어 더 갈 수가 없구려. 하룻밤 묵어가도 되겠소?”",
      "srcPage": 7,
      "srcSentenceEA": 3,
      "srcWordEA": 19
    },
    {
      "srcTextID": "5746",
      "srcText": "하지만 네 남편 구렁이에게 잡아먹히려던 새끼 꿩들도 아주 불쌍했다. 그래서 내가 꿩을 도운 것이지, 네 남편이 미워서 죽인 것은 아니다. 그러니 마음의 한을 풀거라.",
      "srcPage": 14,
      "srcSentenceEA": 3,
      "srcWordEA": 26
    },
    {
      "srcTextID": "5750",
      "srcText": "나 또한 꿩을 살리기 위해 옳은 일을 한 것인데, 네게 죽는다면 억울하기 그지없을 것이다. 선비의 말을 듣고 잠시 생각에 잠겨 있던 구렁이가 나지막이 말했어. 그렇다면 잘잘못은 하늘이 가르도록 맡겨 보자.",
      "srcPage": 15,
      "srcSentenceEA": 3,
      "srcWordEA": 32
    },
    {
      "srcTextID": "5752",
      "srcText": "“아니, 이럴 수가! 너는 참 운이 좋구나. 하늘은 내 편이 아니라 네 편인가 보다.” 그러고는 구렁이가 온데간데없이 사라졌어.",
      "srcPage": 17,
      "srcSentenceEA": 4,
      "srcWordEA": 21
    },
    {
      "srcTextID": "5753",
      "srcText": "희부옇게 날이 밝아 오자, 선비는 서둘러 뒷산 절로 올라갔어. “세상에, 나를 위해 꿩들이 종을 친 것이로구나!” 선비는 피를 흘리고 죽어 있는 꿩들을 양지바른 곳에 정성껏 묻어 주었어. ",
      "srcPage": 18,
      "srcSentenceEA": 3,
      "srcWordEA": 28
    },
    {
      "srcTextID": "5745",
      "srcText": "그제야 구렁이는 스르르 몸을 풀었어. 선비는 후유 숨을 내쉬었어. 네 사연을 듣고 보니 참 미안하게 되었구나.",
      "srcPage": 13,
      "srcSentenceEA": 3,
      "srcWordEA": 18
    },
    {
      "srcTextID": "5751",
      "srcText": "자정이 되기 전에 뒷산 절에서 종이 세 번 울리면 하늘의 뜻인 줄 알고 너를 살려 주겠다. ‘이 밤중에 누가 종을 울린단 말이냐. 집 떠나 깊은 산속에서 이렇게 죽게 되는구나.’",
      "srcPage": 16,
      "srcSentenceEA": 3,
      "srcWordEA": 31
    }
  ]
}