{
  "title": "친친박사님의 편지",
  "author": "김호정",
  "illustrator": "박수정",
  "isbn": "9788961911603",
  "readAge": "초등_고학년",
  "publishedYear": 2008,
  "publisher": "한얼교육",
  "classification": "의사소통",
  "paragraphInfoCount": 21,
  "paragraphInfo": [
    {
      "srcTextID": "125915",
      "srcText": "'펭귄' 페니에게. 페니야, 나도 어렸을 적 두꺼운 안경을 쓴 탓에 늘 놀림을 받았단다. 하지만 그럴수록 더욱 당당하고 씩씩해야 해. 네가 놀림을 받았다고 화를 내거나 울면 친구들은 그게 재미있어서 더 놀릴 거야.",
      "srcPage": 4,
      "srcSentenceEA": 4,
      "srcWordEA": 35
    },
    {
      "srcTextID": "125922",
      "srcText": "친친 박사님께 안녕하세요? 저는 늪에 사는 앨리라고 해요. 제 친구 하하는 정말 재미있는 최고의 친구예요. 그런데 딱 한 가지, 마음에 안 드는 게 있어요. 물속에서 자꾸만 방귀를 뀌는 거예요!",
      "srcPage": 10,
      "srcSentenceEA": 5,
      "srcWordEA": 33
    },
    {
      "srcTextID": "125913",
      "srcText": "친구들은 저를 '페니 곰'이라고 놀려요. 난 곰이 아니라 펭귄이라고 아무리 화를 내 봐도 소용이 없어요. 박사님, 도와주세요! 3월 1일 남극에서 페니 올림.",
      "srcPage": 3,
      "srcSentenceEA": 6,
      "srcWordEA": 26
    },
    {
      "srcTextID": "125917",
      "srcText": "생일 파티뿐만이 아니에요. 연못 나들이도 저만 빼고 가고, 소꿉놀이도 저만 빼고 해요. 제가 무엇을 잘못한 걸까요? 3월 7일 우울한 뽀리 올림.",
      "srcPage": 7,
      "srcSentenceEA": 4,
      "srcWordEA": 24
    },
    {
      "srcTextID": "125920",
      "srcText": "착한 뽀리에게. 뽀리야, 너는 아무것도 잘못한 게 없단다. 오히려 너를 따돌리는 그 친구들이 잘못한 거야. 친구들 모두와 어울리려 하는 것보다 단 한 명이라도 네 친구를 만드는 것이 중요해. 꼬꼬에게 지금이라도 정성껏 카드를 써서 생일 선물과 함께 주렴.",
      "srcPage": 8,
      "srcSentenceEA": 5,
      "srcWordEA": 41
    },
    {
      "srcTextID": "125919",
      "srcText": "꼬꼬가 네 마음을 알아 주면 좋겠구나. 3월 25일 친친 박사로부터 덧붙이는 말. 네게 필요할 것 같아 깨비야 놀자라는 책을 보낸다. 친구 사귀는 방법에 대해 배울 수 있단다.",
      "srcPage": 9,
      "srcSentenceEA": 4,
      "srcWordEA": 30
    },
    {
      "srcTextID": "125923",
      "srcText": "단, 하하가 부끄러워하지 않도록 네 비밀 버릇 한 가지쯤 얘기해 주는 것도 좋아. 둘이 함께 버릇을 고쳐 보자고 하렴. 3월 25일 친친 박사로부터. 덧붙이는 말. 사실, 나는 아직도 인형놀이를 하는 버릇이 있단다.",
      "srcPage": 13,
      "srcSentenceEA": 5,
      "srcWordEA": 36
    },
    {
      "srcTextID": "125926",
      "srcText": "친친 박사님께. 저는 연못에 사는 구리라고 해요. 어제 제 친구 포포랑 싸웠어요. 포포가 제가 좋아하는 자리를 차지해 버렸거든요.",
      "srcPage": 14,
      "srcSentenceEA": 4,
      "srcWordEA": 21
    },
    {
      "srcTextID": "125928",
      "srcText": "그깟 자리 때문에 친구를 잃지는 않겠지? 3월 25일 친친 박사로부터. 덧붙이는 말. 네 덕분에 나도 먼저 사과를 해야겠다는 용기가 생겼어. 무슨 일인지는 다음 편지에 얘기해 주마.",
      "srcPage": 17,
      "srcSentenceEA": 5,
      "srcWordEA": 30
    },
    {
      "srcTextID": "125914",
      "srcText": "친친 박사님께. 안녕하세요? 저는 남극 초등학교 1학년, 페니라고 해요. 저는 물고기 먹는 것과 얼음집에 앉아 책 읽는 걸 좋아해요. 그러다 보니, 제가 좀 뚱뚱해요.",
      "srcPage": 2,
      "srcSentenceEA": 5,
      "srcWordEA": 28
    },
    {
      "srcTextID": "125916",
      "srcText": "오히려 네가 아무렇지 않고 당당하면 친구들은 더 이상 재미가 없어져서 그만두게 되지. 3월 25일 친친 박사로부터. 덧붙이는 말. 물고기와 책뿐 아니라 운동과도 친해지면 어떨까?",
      "srcPage": 5,
      "srcSentenceEA": 4,
      "srcWordEA": 27
    },
    {
      "srcTextID": "125918",
      "srcText": "친친 박사님께. 저는 농장에 사는 뽀리예요. 오늘은 너무 슬픈 날이에요. 꼬꼬의 생일 파티에 초대받지 못했거든요. 농장 친구들이 저만 쏙 빼놓았어요.",
      "srcPage": 6,
      "srcSentenceEA": 5,
      "srcWordEA": 24
    },
    {
      "srcTextID": "125921",
      "srcText": "뽀그르르 공기 방울이 올라오는 걸 보면 더럽다는 생각에 하하랑 놀기 싫어져요. 아, 어쩌면 좋을까요? 3월 4일 하하 친구 앨리 올림. 박사님! 도와주세요!",
      "srcPage": 11,
      "srcSentenceEA": 5,
      "srcWordEA": 26
    },
    {
      "srcTextID": "125924",
      "srcText": "하하 친구 앨리에게. 걱정 마. 방귀 뀌는 버릇은 얼마든지 고칠 수 있어. 친구 사이에서는 솔직한 게 제일 중요하단다. 하하에게 방귀에 대한 네 생각을 말해 줘.",
      "srcPage": 12,
      "srcSentenceEA": 5,
      "srcWordEA": 29
    },
    {
      "srcTextID": "125925",
      "srcText": "아무리 내 자리라고 해도 비켜 주지 않길래 화를 내고 싸웠지요. 지금 생각해 보면 자리에 이름을 써 둔 것도 아닌데, 괜히 못되게 굴었나 봐요. 포포는 이제 저랑 말도 안 해요. 어쩌면 좋죠? 3월 8일 작은 연못에서 구리 올림.",
      "srcPage": 15,
      "srcSentenceEA": 5,
      "srcWordEA": 41
    },
    {
      "srcTextID": "125927",
      "srcText": "구리에게 너는 이미 네가 무엇을 해야 하는지 알고 있어. 포포가 자리를 뺏은 게 아니라고 생각하지? 그렇다면 포포는 잘못한 게 없잖니. 포포에게 가서 먼저 사과하렴.",
      "srcPage": 16,
      "srcSentenceEA": 4,
      "srcWordEA": 27
    },
    {
      "srcTextID": "125929",
      "srcText": "친친 박사님은 어제 투투 씨와 다퉜어요. 투투 씨네 나뭇가지가 친친 박사님네 꽃밭에 그늘을 만들어 꽃들이 잘 자라지 못했거든요. \"이봐, 투투. 그 나무 좀 잘라!\" \"아니, 멀쩡한 나무를 어떻게 잘라?\" \"어쨌든 우리 집 울타리로 넘어왔잖아!\" 친친 박사님은 소리를 꽥 질렀고, 투투 씨는 문을 꽝 닫았어요.",
      "srcPage": 18,
      "srcSentenceEA": 7,
      "srcWordEA": 47
    },
    {
      "srcTextID": "125930",
      "srcText": "다음 날, 친친 박사님은 투투 씨를 찾아갔어요. \"투투, 어제는 내가 정말 미안했어.\" \"나도 화만 내서 미안해.\" 둘은 서로 화해를 하고, 나무에 대해 이야기했어요. 그럼, 우리의 친친 박사님과 친구들은 어떻게 문제를 해결했을까요?",
      "srcPage": 19,
      "srcSentenceEA": 5,
      "srcWordEA": 33
    },
    {
      "srcTextID": "125931",
      "srcText": "뽀리는 꼬꼬에게 생일 선물을 준 뒤 친해졌어요. 다른 친구들도 뽀리와 놀아 주었지요. 페니는 친구들의 놀림에도 당당하고 씩씩했어요. 이제는 아무도 페니를 놀리지 않지요.",
      "srcPage": 20,
      "srcSentenceEA": 4,
      "srcWordEA": 25
    },
    {
      "srcTextID": "125932",
      "srcText": "앨리가 솔직히 말한 뒤 하하는 방귀를 뀌지 않아요. 앨리도 코딱지 파는 버릇을 고쳤고요. 구리는 포포에게 먼저 사과했어요. 포포는 구리가 더 좋은 자리를 찾도록 도와주었지요. 친친 박사님과 투투 씨는 꽃들을 햇볕이 잘 드는 곳에 옮겨 심고, 나무 그늘 아래에 멋진 의자를 놓았어요.",
      "srcPage": 21,
      "srcSentenceEA": 5,
      "srcWordEA": 45
    },
    {
      "srcTextID": "125912",
      "srcText": "똑똑! 펠리컨 우체부가 친친 박사님네 문을 두드렸어요. \"박사님, 오늘은 편지가 네 통이에요.\" \"고맙네. 어서 읽어 보고 답장을 써야지.\" 친친 박사님은 어린이들의 고민을 들어 주는 상담가예요. 자, 오늘은 어떤 고민들이 왔을까요?",
      "srcPage": 1,
      "srcSentenceEA": 5,
      "srcWordEA": 34
    }
  ]
}