{
  "title": "나이팅게일",
  "author": "이세린",
  "illustrator": "양주리",
  "isbn": "9788961712309",
  "readAge": "초등_고학년",
  "publishedYear": 2007,
  "publisher": "교연아카데미",
  "classification": "의사소통",
  "paragraphInfoCount": 62,
  "paragraphInfo": [
    {
      "srcTextID": "47401",
      "srcText": "어느 겨울날, 한 소녀가 목사님과 함께 잡목이 우거진 숲길을 걸어가고 있었습니다. 그 때, 어디선가 개 짖는 소리가 들려왔습니다. 목장에서 기르는 개 캡이 여우를 잡기 위해 놓아 둔 덫에 걸려 발버둥을 치며 울부짖고 있었던 것입니다.",
      "srcPage": 2,
      "srcSentenceEA": 3,
      "srcWordEA": 36
    },
    {
      "srcTextID": "47400",
      "srcText": "소녀는 다칠까 봐 목사님이 말리는 것도 듣지 않고 울부짖고 있는 캡을 덫에서 빼낸 후, 다친 다리를 주무르기 시작했습니다. 이 소녀가 훗날 전쟁터에서 수많은 병사들을 치료해 준 플로렌스 나이팅게일입니다. 나이팅게일은 1820년 5월 12일, 이탈리아 피렌체에 있는 한 별장에서 태어났습니다.",
      "srcPage": 3,
      "srcSentenceEA": 3,
      "srcWordEA": 40
    },
    {
      "srcTextID": "47402",
      "srcText": "여행 중에 태어난 자매. 영국 엔브리에 있는 아름다운 목장에는 스미더라는 사람이 양을 기르며 살고 있었습니다. 스미더는 캡이라는 영리한 콜리종 개를 키웠는데, 그 개로 하여금 양들을 지키게 했습니다.",
      "srcPage": 1,
      "srcSentenceEA": 3,
      "srcWordEA": 29
    },
    {
      "srcTextID": "47443",
      "srcText": "그러나 실제로 환자를 간호하다 보니, 전문 지식과 기술이 더 필요하다는 것을 알게 되었습니다. 플로렌스는 솔즈베리 병원에 가서 간호에 대한 실무를 배워야겠다고 생각했습니다. 그 곳의 원장 파울러 박사는 진보적인 사상을 가진 사람으로, 나이팅게일 가족과는 오래 전부터 잘 알고 지내는 사이였습니다.",
      "srcPage": 42,
      "srcSentenceEA": 3,
      "srcWordEA": 41
    },
    {
      "srcTextID": "47403",
      "srcText": "플로렌스의 아버지 윌리엄 나이팅게일은 전통적인 영국 귀족으로, 부인과 함께 유럽 여행을 하던 중에 이탈리아의 피렌체에서 아기를 얻자 그 곳의 지명을 따서 아기의 이름을 지었습니다. 플로렌스에게는 플로렌스보다 한 살 위인 언니 파세노프가 있었습니다. 그녀는 이탈리아의 나폴리에서 태어났는데, 부모님은 역시 그 곳의 옛 이름인 ‘파세노프’를 따서 딸의 이름을 지어 주었던 것입니다.",
      "srcPage": 4,
      "srcSentenceEA": 4,
      "srcWordEA": 52
    },
    {
      "srcTextID": "47435",
      "srcText": "그 해 6월, 미국의 박애주의자인 새뮤얼 그리드리 하우 박사 부부가 영국에 들르게 되었습니다. 박사가 도착한 날 밤, 플로렌스는 하우 박사를 찾아가 이렇게 물었습니다. “하우 박사님께서는 젊은 여상이 병원이나 자선 사업 단체에서 일하는 것이 옳지 못하다고 생각하십니까?”",
      "srcPage": 35,
      "srcSentenceEA": 3,
      "srcWordEA": 37
    },
    {
      "srcTextID": "47434",
      "srcText": "“플로렌스 양, 지금껏 그런 일은 전례가 없습니다. 더구나 영국에서는 전례가 없는 일은 좋지 않은 일이라고 생각하는 것 같더군요. 하지만 그것이 아가씨의 천직이라고 믿고 있다면, 나는 그 길로 가도록 권하겠습니다.”",
      "srcPage": 36,
      "srcSentenceEA": 3,
      "srcWordEA": 31
    },
    {
      "srcTextID": "47399",
      "srcText": "두 소녀의 정식 이름으로 불리는 일이 드물었습니다. 집에서는 보통 플로렌스를 ‘플로’, 파세노프를 ‘파세’라고 불렀습니다. 어린 시절, 플로렌스는 어머니보다 아버지를 더 잘 따랐습니다. 아버지는 두 딸을 데리고 산책을 나가거나 자주 함께 놀아 주었기 때문입니다.",
      "srcPage": 5,
      "srcSentenceEA": 6,
      "srcWordEA": 38
    },
    {
      "srcTextID": "47405",
      "srcText": "아버지는 두 딸이 시간표에 따라서 규칙적으로 생활하도록 했습니다. 파세노프는 처음 얼마 동안은 시간표에 따라 생활했지만 곧 꾀를 부리고 놀기에만 열중했습니다. 그러나 플로렌스는 마치 공부를 하기 위해 태어난 아이처럼 시간표에 따라 열심히 공부했습니다. 플로렌스는 매사에 신중하고 꼼꼼한 아버지의 성격을 닮았고, 파세노프는 어머니의 밝고 명랑한 성격을 닮았습니다.",
      "srcPage": 8,
      "srcSentenceEA": 4,
      "srcWordEA": 48
    },
    {
      "srcTextID": "47409",
      "srcText": "다시 기도를 하려고 눈을 감자 또다시 낮은 속삭임이 들려 왔습니다. “플로렌스, 방황하지 마라. 네 자신이 옳다고 생각하는 길을 가도록 해라.”",
      "srcPage": 13,
      "srcSentenceEA": 3,
      "srcWordEA": 21
    },
    {
      "srcTextID": "47414",
      "srcText": "그 해에 플로렌스가 살고 있는 마을에 유행성 감기가 돌았습니다. 어느 집 할 것 없이 감기 환자가 늘어만 갔습니다. 플로렌스는 날마다 환자들을 찾아다니며 간호를 해 주었습니다.",
      "srcPage": 16,
      "srcSentenceEA": 3,
      "srcWordEA": 27
    },
    {
      "srcTextID": "47413",
      "srcText": "그 해 봄 어느 날, 나이팅게일 가족은 유럽 여행에 대한 구체적인 계획을 세우게 되었습니다. 플로렌스의 부모님은 성장한 딸들에게 여행을 통해 좋은 경험을 쌓게 해 주려고 오래 전부터 이러한 계획을 세우고 있었던 것입니다. “파세노프. 플로렌스! 너희들이 태어난 나라에 가 보고 싶지 않니?” “이탈리아요?” 파세노프가 들뜬 목소리로 외쳤습니다.",
      "srcPage": 18,
      "srcSentenceEA": 5,
      "srcWordEA": 50
    },
    {
      "srcTextID": "47417",
      "srcText": "“그렇단다. 엄마와 아빠는 유럽 여행 중에 이탈리아에서 너희 둘을 낳았단다.” 어머니가 옛일을 회상하는 듯한 표정으로 이렇게 말하자, 아이 아버지가 말했습니다. 이탈리아 북부로 가서 알프스 산을 넘으면 스위스란다. 스위스는 경치가 매우 아름답지.",
      "srcPage": 19,
      "srcSentenceEA": 4,
      "srcWordEA": 35
    },
    {
      "srcTextID": "47420",
      "srcText": "또 프랑스는 예술의 나라란다. 파세노프와 플로렌스는 이번 여행으로 산지식을 쌓아야 한다. 이것은 어른이 되기 위한 마무리 공부가 될 거야. 유럽 여행을 가기로 결정한 뒤부터 파세노프와 플로렌스는 여행 준비로 바쁜 나날을 보냈습니다. 그림을 잘 그리는 파세노프는 물감과 스케치북을 챙겼고, 플로렌스는 보고 들은 것을 적어 두기 위해 일기장을 빠뜨리지 않고 챙겨 넣었습니다.",
      "srcPage": 20,
      "srcSentenceEA": 5,
      "srcWordEA": 54
    },
    {
      "srcTextID": "47421",
      "srcText": "이 곳에서 남프랑스로 간 나이팅게일 가족은 3개월 가량 프랑스의 여러 지방을 두루 둘러본 후 이탈리아의 피렌체로 향했습니다. 피렌체는 이탈리아의 문화적 중심지였습니다. 나이팅게일 가족은 이 곳에서 이탈리아의 발달한 문화를 접하게 되었습니다.",
      "srcPage": 22,
      "srcSentenceEA": 3,
      "srcWordEA": 32
    },
    {
      "srcTextID": "47433",
      "srcText": "신념과 용기. 1842년 여름부터 플로렌스는, 자기가 살고 있는 평온하고 안정된 세계 밖에는 빈곤과 질병으로 고통받으며 구원의 손길을 기다리고 있는 사람들이 많다는 사실을 깨닫기 시작했습니다. 이 해는 영국 사람들에게 끔찍스러운 기억을 남긴 한 해였습니다. 영국 전역에 굶주림이 닥쳐온 것입니다.",
      "srcPage": 31,
      "srcSentenceEA": 4,
      "srcWordEA": 41
    },
    {
      "srcTextID": "47437",
      "srcText": "하지만 1843년 7월 말, 가족들과 함께 영국 부부의 리허스트 지방으로 가게 되었는데, 그 때부터 플로렌스는 그 곳의 가난한 농가 사람들에게 관심을 갖기 시작했습니다. 마침내 1844년 봄부터 그녀의 마음속에서는 자기의 천직은 병원에서 환자들을 돌보는 일이라는 생각이 싹트기 시작했습니다. 얼마 후 그녀는 자신의 사명이 무엇인지 확실히 깨달았습니다. 세상의 병든 사람들 속에서 그들을 돌보는 일이야말로 신이 자신에게 맡겨준 일이라는 확신이 든 것입니다.",
      "srcPage": 34,
      "srcSentenceEA": 4,
      "srcWordEA": 62
    },
    {
      "srcTextID": "47436",
      "srcText": "박사는 진심 어린 표정으로 말했습니다. 하우 박사를 만난 이후 플로렌스는 결심을 굳혔습니다. 그러나 그 결심을 아직 가족들에게는 알리지 않았습니다.",
      "srcPage": 37,
      "srcSentenceEA": 3,
      "srcWordEA": 21
    },
    {
      "srcTextID": "47439",
      "srcText": "플로렌스는 정성껏 할머니를 간호했고, 그 덕분에 할머니는 간신히 건강을 회복하였습니다. 그런데 이번에는 플로렌스의 유모였던 게일 부인이 앓아누웠습니다. 플로렌스는 할머니께 작별 인사를 하고 게일 부인을 찾아가 정성껏 간호했습니다. 하지만 게일 부인의 병은 심한 편이어서 여름이 다 가도록 회복될 기미가 보이지 않았습니다.",
      "srcPage": 39,
      "srcSentenceEA": 4,
      "srcWordEA": 43
    },
    {
      "srcTextID": "47444",
      "srcText": "어느 날, 게일 부인은 자신을 엔브리로 데려가 달라고 말했습니다. 게일 부인은 엔브리에 도착한 지 1주일도 되기 전에 의자에 앉아 플로렌스의 손을 잡은 채 조용히 숨을 거두고 말았습니다. 이 두 가지 사건은 인생의 갈림길에 있던 플로렌스에게 삶의 방향을 제시해 주는 계기가 되었습니다. 플로렌스가 할머니와 게일 부인을 간호한 일로 그녀의 가족들은 그녀에게 새로운 인식을 갖게 되었습니다.",
      "srcPage": 40,
      "srcSentenceEA": 4,
      "srcWordEA": 57
    },
    {
      "srcTextID": "47442",
      "srcText": "그 해 가을에는 이웃 마을에 전염병이 돌았습니다. 플로렌스는 적극적으로 환자들을 간호하러 돌아다녔습니다. 그녀는 이 일을 계기로 간호사로서의 전문적인 훈련을 받을 필요가 있다는 것을 깨달았습니다. 그녀가 그 때까지 환자의 고통을 덜어 주는 데에 필요한 것은 상냥함, 동정, 끈기 같은 것이라고 생각하고 있었습니다.",
      "srcPage": 41,
      "srcSentenceEA": 4,
      "srcWordEA": 44
    },
    {
      "srcTextID": "47404",
      "srcText": "그 당시 귀족이나 부자들은 가정 교사를 두어 자녀들을 가르쳤습니다. 아버지는 두 딸의 성격이 다르다는 것을 알고 그들에게 알맞은 가정 교사를 구하려 했으나, 그런 가정 교사를 구하기란 쉽지 않았습니다. 플로렌스가 13세 되던 해, 아버지는 직접 딸들을 가르치기로 결심하고 음악과 미술 가정 교사만 채용했습니다. 두 딸들은 아버지에게서 그리스 어, 라틴 어, 독일어, 프랑스 어, 이탈리아 어 등의 외국어와 역사, 철학을 배웠습니다.",
      "srcPage": 6,
      "srcSentenceEA": 4,
      "srcWordEA": 62
    },
    {
      "srcTextID": "47406",
      "srcText": "어느 날, 아버지가 공부 시간표를 짜서 두 딸에게 주자 파세노프는 깜짝 놀라며 투덜거렸습니다. “어머, 쉴 시간이 조금도 없잖아요.” 그러나 플로렌스는 아무 말 없이 시간표를 받아 들었습니다.",
      "srcPage": 7,
      "srcSentenceEA": 3,
      "srcWordEA": 27
    },
    {
      "srcTextID": "47412",
      "srcText": "하느님의 뜻. 플로렌스는 생각이 깊고 인정이 많은 아이로 자라났습니다. 나이팅게일 집안은 재산이 많은데다 훌륭한 귀족 가문이었습니다. 따라서 꽃처럼 고운 두 딸을 둘러싼 환경은 부족한 것 없이 밝고 화려했습니다.",
      "srcPage": 9,
      "srcSentenceEA": 4,
      "srcWordEA": 31
    },
    {
      "srcTextID": "47410",
      "srcText": "매일같이 손님들이 찾아와 파티가 벌어지는가 하면, 화려한 무도회에 초대를 받아 가기도 했습니다. 파세노프는 이렇게 화려한 생활을 무척 좋아한 반면에 플로렌스는 이런 생활이 전혀 즐겁지가 않았습니다. ‘이렇게 사는 것이 옳은 걸까?’ 플로렌스는 가끔씩 자신에게 이런 질문을 던지곤 했습니다.",
      "srcPage": 10,
      "srcSentenceEA": 4,
      "srcWordEA": 40
    },
    {
      "srcTextID": "47408",
      "srcText": "그럴 때면 플로렌스는 마음이 답답하여 잠을 이루지 못하고 이리저리 뒤척였습니다. ‘사람들은 우리 가족이 행복하다고 하지만 난 이런 생활이 전혀 즐겁지가 않아!’ 이러한 생각이 머릿속에 가득 차 있었지만, 자신이 원하는 생활이 어떤 것인지는 구체적으로 알 수가 없었습니다.",
      "srcPage": 11,
      "srcSentenceEA": 3,
      "srcWordEA": 38
    },
    {
      "srcTextID": "47407",
      "srcText": "“네, 하느님. 감사합니다. 저는 하느님의 부르심에 따르겠습니다.” 플로렌스는 이건 분명히 하느님의 음성이라 확신하고 이렇게 대답했습니다. ‘하느님은 약한 나에게 용기를 불어넣어 주신 거야.’",
      "srcPage": 14,
      "srcSentenceEA": 5,
      "srcWordEA": 26
    },
    {
      "srcTextID": "47416",
      "srcText": "플로렌스는 기쁨에 들떠서 그 날 일기에 이렇게 적었습니다. ‘하느님이 나를 부르셨다.’ 이 때가 1837년 2월 7일, 플로렌스의 나이 17세 때의 일이었습니다. 그 날 이후, 플로렌스는 하느님이 자신에게 무엇인가 해야 할 일을 맡겨 주실 것이라고 확신하게 되었습니다. 하지만 그것이 어떤 일인지는 구체적으로 알 수 없었습니다.",
      "srcPage": 15,
      "srcSentenceEA": 5,
      "srcWordEA": 48
    },
    {
      "srcTextID": "47438",
      "srcText": "이듬해 봄, 가장 친한 친구의 오빠인 헨리 니콜슨이 플로렌스에게 결혼을 신청해 왔습니다. 플로렌스는 정중하게 거절했지만, 슬퍼하는 헨리를 보자 마음이 무척 아팠습니다. 그 해 여름, 플로렌스는 아버지와 함께 할머니를 방문했다가 할머니가 병에 걸렸다는 사실을 알게 되었습니다. 플로렌스는 할머니의 집에 남아서 할머니를 간호해도 좋다는 아버지의 허락을 받았습니다.",
      "srcPage": 38,
      "srcSentenceEA": 4,
      "srcWordEA": 48
    },
    {
      "srcTextID": "47440",
      "srcText": "1845년 12월, 파울러 부처가 엔브리에 왔을 때 플로렌스는 자기의 계획을 가족들에게 털어놓았습니다. 그 일로 집안에서는 한바탕 소동이 일어났습니다. 당시 병원은 시설이 나쁘고 불결하였으며, 의사라는 직업은 요즘처럼 존경받는 직업이 못 되었습니다. 더구나 간호사들은 더 형편없었습니다. 글씨도 제대로 읽을 줄 모르는 가난한 집의 여자들이 오로지 돈을 벌기 위해서 억지로 선택하는 천한 일이 바로 간호사였던 것입니다.",
      "srcPage": 43,
      "srcSentenceEA": 5,
      "srcWordEA": 57
    },
    {
      "srcTextID": "47411",
      "srcText": "어느 날 밤, 플로렌스는 무릎을 꿇고 간절히 기도를 드렸습니다. “하느님, 제발 저를 올바른 길로 인도해 주세요.” 그 때였습니다. “플로렌스!” 누군가가 속삭이듯 자신을 부르는 소리에 깜짝 놀란 플로렌스는 주위를 둘러보았지만 아무도 없었습니다.",
      "srcPage": 12,
      "srcSentenceEA": 4,
      "srcWordEA": 33
    },
    {
      "srcTextID": "47415",
      "srcText": "마을의 병든 사람들은 간호하는 동안 플로렌스는 이런 생각을 하게 되었습니다. ‘다른 사람을 위해서 봉사하는 건 참으로 즐겁구나. 하느님께서 나에게 맡겨 주실 일도 이처럼 즐거운 일일 거야.’ 플로렌스의 마음속에는 서서히 병든 사람들을 돌보는 일에 일생을 바쳐야겠다는 생각이 자리잡게 되었습니다.",
      "srcPage": 17,
      "srcSentenceEA": 4,
      "srcWordEA": 41
    },
    {
      "srcTextID": "47424",
      "srcText": "스위스에서 여름을 보낸 나이팅게일 가족은 다시 프랑스의 수도 파리로 가서 그 곳에서 3개월 동안 머물렀습니다. 그 동안 파세노프와 플로렌스는 유명한 정치가, 학자, 예술가들과 사귀게 되었고, 넓은 세상을 향하여 눈을 뜨게 되었습니다. 파리를 떠나기 전에 그녀는 자신의 ‘비밀 메모’에 이렇게 적었습니다. ‘내가 앞으로 하느님의 뜻을 실천하는 사람이 되려면 무엇보다도 먼저 사교계에서 돋보이고 싶다는 인간적인 욕망을 이겨 내야 한다.’",
      "srcPage": 28,
      "srcSentenceEA": 5,
      "srcWordEA": 61
    },
    {
      "srcTextID": "47432",
      "srcText": "나이팅게일 가족은 영국을 떠난 지 19개월 만인 1839년 4월, 엔브리로 돌아왔습니다. 플로렌스의 어머니는 이번 여행을 매우 만족스러워했습니다. 어디를 가든지 딸들의 평판이 좋았기 때문입니다.",
      "srcPage": 29,
      "srcSentenceEA": 3,
      "srcWordEA": 25
    },
    {
      "srcTextID": "47431",
      "srcText": "그러나 이 즈음 플로렌스의 마음에는 갈등이 싹트기 시작했습니다. ‘이제부터는 뜻있는 일을 해야 할 때가 아닌가?’ 그 동안 플로렌스는 여행의 즐거움에 흠뻑 빠진데다, 다른 사람들의 칭찬에 우쭐해져서 하느님의 뜻을 까마득히 잊고 지냈던 것입니다. 집에 돌아와서야 플로렌스는 그런 환상에서 벗어나야 한다는 것을 깨달았습니다. 그러나 어머니와 아버지는 플로렌스의 이런 생각을 전혀 눈치 채지 못하고 있었습니다.",
      "srcPage": 30,
      "srcSentenceEA": 5,
      "srcWordEA": 56
    },
    {
      "srcTextID": "47429",
      "srcText": "그 당시 상황을 플로렌스는 자신의 비밀 메모에 이렇게 적어 놓았습니다. ‘사람들의 고통을 생각하면 슬픔으로 가슴이 미어지는 듯하다. 내 눈에 띄는 모든 사람은 빈곤에 시달리고 있으며, 하루에도 수없이 많은 사람들이 굶주림으로 죽어 가고 있다.’",
      "srcPage": 32,
      "srcSentenceEA": 3,
      "srcWordEA": 35
    },
    {
      "srcTextID": "47430",
      "srcText": "그 해 가을, 플로렌스는 프리드너 목사 부부에 관한 소문을 들었습니다. 프리드너는 라인 강변의 카이저스베르트에 있는 병원에서 가난한 환자들을 돌볼 간호사를 훈련시키고 있다는 것이었습니다. 플로렌스는 그 당시에는 이 이야기에 별다른 관심을 기울이지 않았습니다.",
      "srcPage": 33,
      "srcSentenceEA": 3,
      "srcWordEA": 34
    },
    {
      "srcTextID": "47452",
      "srcText": "이렇게 되자 아버지와 어머니도 나이팅게일의 결심을 더 이상 꺾을 수 없다는 것을 알게 되었습니다. 어느 날, 가족들이 한자리에 모였을 때 아버지가 말했습니다. “우리는 이제 네가 원하는 대로 살아가는 것을 막지 않기로 했다. 플로, 네 소망대로 훌륭한 간호사가 되어 불쌍한 사람들을 위해 열심히 일하도록 하렴.”",
      "srcPage": 49,
      "srcSentenceEA": 4,
      "srcWordEA": 46
    },
    {
      "srcTextID": "47450",
      "srcText": "마침내 나이팅게일은 그토록 원하던 부모님의 허락을 받게 된 것입니다. “고맙습니다, 아버지 어머니.” 나이팅게일은 뛸 듯이 기뻐했습니다. 이 때 그녀의 나이 33세였습니다.",
      "srcPage": 50,
      "srcSentenceEA": 4,
      "srcWordEA": 23
    },
    {
      "srcTextID": "47453",
      "srcText": "허버트로부터 온 편지. 마침내 병든 사람들을 위해 봉사하고 싶어했던 나이팅게일에게 오랜 소망을 이룰 수 있는 기회가 찾아왔습니다. 1853년 11월, 영국이 뜻밖의 전쟁에 말려들게 되었습니다.",
      "srcPage": 51,
      "srcSentenceEA": 3,
      "srcWordEA": 26
    },
    {
      "srcTextID": "47451",
      "srcText": "먼저 러시아와 터키 사이에 전쟁이 시작되었습니다. 그 동안 터키의 콘스탄티노플(현재의 이스탄불) 항구를 탐내오던 러시아가 마침내 터키를 침공한 것입니다. 1854년 3월, 영국과 프랑스는 러시아의 세력이 유럽까지 뻗는 것을 막기 위해 터키를 도와 러시아와 싸우게 되었습니다.",
      "srcPage": 52,
      "srcSentenceEA": 3,
      "srcWordEA": 36
    },
    {
      "srcTextID": "47455",
      "srcText": "이렇게 절박한 상황인데도 영국 본토에 있는 사람들은 아무것도 모르고 있었습니다. 드디어 한 종군 기자에 의해 이런 비참한 상황이 영국 전역에 알려지게 되었습니다. 최초의 종군 보도 기자인 윌리엄 하워드 러셀은 영국 병사들의 고통을 자세하게 알리고, 국민들에게 호소했습니다.",
      "srcPage": 55,
      "srcSentenceEA": 3,
      "srcWordEA": 38
    },
    {
      "srcTextID": "47446",
      "srcText": "얼마 후, 플로렌스는 독일의 카이저스베르트 병원에 가서 공부할 결심을 굳혔습니다. 이 때에도 부모님의 반대에 부딪혔지만, 당시 카이저스베르트는 세계 최고의 병원이라는 점 때문에 부모님의 반대는 차츰 누그러졌습니다. 하지만 부모님을 설득하기까지는 무려 5년이란 세월이 더 걸렸습니다.",
      "srcPage": 46,
      "srcSentenceEA": 3,
      "srcWordEA": 36
    },
    {
      "srcTextID": "47448",
      "srcText": "플로렌스는 가족들 몰래 책을 구해다가 간호에 관해 더욱 열심히 공부하는 한편, 여러 곳의 병원을 견학하러 다녔습니다. 그러는 사이 어느덧 플로렌스는 26세가 되었습니다. 아버지와 어머니는 플로렌스가 결혼도 하지 않고 병원에서 간호사로 봉사하겠다는 꿈을 버리지 않아 안타까워했습니다.",
      "srcPage": 45,
      "srcSentenceEA": 3,
      "srcWordEA": 37
    },
    {
      "srcTextID": "47445",
      "srcText": "1851년, 31세가 된 플로렌스 나이팅게일은 부모님의 곁을 떠나 카이저스베르트로 향했습니다. 카이저스베르트 병원에서 나이팅게일은 간호학에 관해 열심히 공부했습니다. 이 병원은 프리드너 목사가 처음 설립한 박애 사업단으로서, 독일 외에도 동양의 여러 나라에 그 지부가 있었습니다.",
      "srcPage": 47,
      "srcSentenceEA": 3,
      "srcWordEA": 35
    },
    {
      "srcTextID": "47447",
      "srcText": "이 곳에는 나이팅게일처럼 간호법을 배우러 온 간호사 지망생이 100명 가량 있었습니다. 모두들 병든 사람들을 위해 봉사하겠다는 아름다운 마음을 가지고 열심히 공부했습니다. 카이저스베르트 병원에서 간호법을 공부한 나이팅게일은 오래지 않아 런던 병원의 간호사장으로 일하게 되었습니다.",
      "srcPage": 48,
      "srcSentenceEA": 3,
      "srcWordEA": 35
    },
    {
      "srcTextID": "47449",
      "srcText": "그 해 9월, 영국과 프랑스 연합군은 터키의 크림 반도를 향해 달려갔습니다. 그리고 엿새째 되는 날, 연합군은 알마 강 유역에서 러시아 군대와 충돌하여 큰 싸움을 벌이게 되었습니다. 이 전투에서 영국과 프랑스 연합군은 큰 승리를 거두었습니다. 그러나 싸움이 치열하게 거듭될수록 죽는 사람과 부상병이 늘어났습니다. 게다가 군대에 콜레라가 유행하여 날마다 병으로 쓰러져 가는 군인들이 이루 헤어릴 수 없이 많았습니다.",
      "srcPage": 53,
      "srcSentenceEA": 5,
      "srcWordEA": 60
    },
    {
      "srcTextID": "47441",
      "srcText": "“플로렌스, 넌 귀족의 딸로 남부러울 것 없이 자랐다. 네가 간호사가 되겠다니, 그건 말도 안 되는 일이다.” 어머니는 눈물을 글썽이며 딸을 나무랐습니다. 아버지와 어머니의 심한 반대로 솔즈베리 병원에는 가지 못했지만, 플로렌스는 자신의 결심을 포기하지 않았습니다.",
      "srcPage": 44,
      "srcSentenceEA": 4,
      "srcWordEA": 37
    },
    {
      "srcTextID": "47454",
      "srcText": "영국군은 크림 반도에 완전히 진격하지 못한 채 터키의 스쿠타리에 가까스로 근거지를 마련했습니다. 군대는 삽시간에 환자의 집단으로 변해 버렸고, 콜레라가 계속 기승을 부려 군인들이 끊임없이 죽어 나갔습니다. 부상병은 농가의 처마 밑이나 짚 위에 누워 치료를 받았습니다. 손발을 절단하는 수술도 마취제 없이 그냥 이루어졌습니다. 촛불도 램프도 없어서 외과 의사들은 달빛을 이용하여 수술을 해야 했습니다.",
      "srcPage": 54,
      "srcSentenceEA": 5,
      "srcWordEA": 56
    },
    {
      "srcTextID": "47463",
      "srcText": "친애하는 나이팅게일! 가슴아픈 소식을 들었으리라 생각합니다. 나는 당신께 부탁드립니다. 터키의 스쿠타리에 있는 영국 육군 병원에서 일할 간호사들을 모집해 주기 바랍니다.",
      "srcPage": 60,
      "srcSentenceEA": 4,
      "srcWordEA": 23
    },
    {
      "srcTextID": "47460",
      "srcText": "이 곳에 와서 부상병들의 처참한 광경을 직접 본 나는 분개하지 않을 수 없었다. 이 곳에는 부상병들에게 필요한 붕대는 물론이고 마취에 사용하는 모르핀도 없어서, 팔 다라를 자르는 수술이 마취 없이 이루어지고 있다. 외과 의사는 등잔불이 없어 달빛 아래에서 수술을 하는 형편이다.",
      "srcPage": 56,
      "srcSentenceEA": 3,
      "srcWordEA": 42
    },
    {
      "srcTextID": "47461",
      "srcText": "이 기사가 실린 신문을 읽고 난 나이팅게일의 얼굴에는 굳은 결의가 서렸습니다. ‘드디어 하느님이 나를 부르신 거야. 나는 이대로 가만히 있을 수 없다. 스쿠타리 병원으로 가서 고통과 굶주림에 지친 가엾은 병사들을 간호해 주어야 한다.’",
      "srcPage": 58,
      "srcSentenceEA": 4,
      "srcWordEA": 36
    },
    {
      "srcTextID": "47462",
      "srcText": "일부 부상병들은 간신히 준비된 배에 실려 강 건너편의 스쿠타리 병원으로 보내지지만, 그 곳 역시 침대도, 이불도 제대로 없어서 병사들은 피로 물든 담요를 그대로 덮고 있다. 프랑스 군대에는 군의관과 여자 간호사들이 많이 있지만, 우리 영국은 아무런 힘도 기울이지 않고 있다. 영국 국민들이여! 우리 모두 조국의 병사를 구하자!",
      "srcPage": 57,
      "srcSentenceEA": 4,
      "srcWordEA": 49
    },
    {
      "srcTextID": "47457",
      "srcText": "나이팅게일은 곧 오랜 친구이자 국무장관인 시드니 허버트에게 편지를 썼습니다. 그녀는 꼭 전쟁터에 갈 수 있도록 해달라고 부탁했습니다. 나이팅게일이 전쟁터에 나갈 결심을 하고 허버트에게 편지를 쓴 바로 그 날, 시드니 허버트도 나이팅게일에게 편지를 보내왔습니다.",
      "srcPage": 59,
      "srcSentenceEA": 3,
      "srcWordEA": 35
    },
    {
      "srcTextID": "47456",
      "srcText": "그래서 당신이 그 간호사들을 데리고 크림 반도로 가 주시면 고맙겠습니다. 영국에서 이런 큰일을 할 수 있는 사람은 오로지 나이팅게일 당신밖에 없습니다. 모든 것이 당신의 결심에 달려 있습니다. 허버트로부터.",
      "srcPage": 61,
      "srcSentenceEA": 4,
      "srcWordEA": 31
    },
    {
      "srcTextID": "47458",
      "srcText": "나이팅게일은 허버트도 자기와 같은 생각을 한 것을 알고 몹시 기뻐했습니다. 이제 더 이상 주저할 이유가 없었습니다. 나이팅게일은 허버트에게서 온 편지를 부모님께 보여 드렸습니다.",
      "srcPage": 62,
      "srcSentenceEA": 3,
      "srcWordEA": 25
    },
    {
      "srcTextID": "47464",
      "srcText": "편지를 다 읽은 아버지는 나이팅게일의 얼굴을 바라보며 조용히 말했습니다. “플로, 스쿠타리로 가도록 하여라. 그 곳에서 영국 여자의 임무를 훌륭하게 수행해 내도록 하렴.” “허락해 주셔서 고맙습니다. 열심히 노력하겠어요.”",
      "srcPage": 63,
      "srcSentenceEA": 5,
      "srcWordEA": 29
    },
    {
      "srcTextID": "47459",
      "srcText": "어머니와 언니 파세노프도 나이팅게일의 앞날을 격려해 주었습니다. “플로, 아무쪼록 건강해야 한다.” “플로, 너의 건강을 위해 기도할게.” “어머니, 파세노프 언니, 정말 고마워요.”",
      "srcPage": 64,
      "srcSentenceEA": 4,
      "srcWordEA": 21
    },
    {
      "srcTextID": "47466",
      "srcText": "나이팅게일은 정부로부터 터키의 영국 야전 병원 간호사단 단장으로 임명받았습니다. 나이팅게일이 간호사단의 단장에 임명되었다는 소식은 사람들 사이에 화제를 불러일으켰습니다. 그 때까지 그처럼 사회적으로 높은 명예를 얻은 여성은 없었기 때문입니다.",
      "srcPage": 65,
      "srcSentenceEA": 3,
      "srcWordEA": 30
    },
    {
      "srcTextID": "47465",
      "srcText": "나이팅게일은 우선 함께 떠날 간호사를 모으기로 했습니다. 처음에는 40명 정도를 기대했으나, 제대로 교육받은 간호사를 뽑는 일은 그리 쉽지가 않았습니다. 최종적으로 확정된 사람은 전부 38명밖에 안 되었습니다. 게다가 그들은 다친 병사를 간호하겠다는 순수한 동기보다는 돈을 벌기 위해 모인 사람들로, 거의가 중년 부인이었습니다. 1854년 10월 21일, 나이팅게일 일행을 태운 배는 스쿠타리를 향해 출발했습니다.",
      "srcPage": 66,
      "srcSentenceEA": 5,
      "srcWordEA": 55
    },
    {
      "srcTextID": "47468",
      "srcText": "스쿠타리 병원에서. 1854년 11월 5일, 나이팅게일 일행은 콘스탄티노플 항구에 도착했습니다. 콘스탄티노플 항구는 폭이 좁고 긴 해협의 항구로, 그 동쪽 해안을 스쿠타리라고 불렀습니다. 짐을 풀고 스쿠타리 병원을 돌아본 나이팅게일 일행은, 병원의 불결한 환경을 보고는 그만 말문이 막혔습니다. 여기저기에서 쓰레기의 악취가 코를 찌르는 듯했고, 필요한 것이라곤 아무것도 갖추어져 있지 않았습니다. 군사들의 상처난 부위에 붕대를 감으려 해도 붕대가 없었고, 더러워진 환자복을 갈아입히려 해도 갈아입힐 옷이 없었습니다.",
      "srcPage": 67,
      "srcSentenceEA": 6,
      "srcWordEA": 68
    },
    {
      "srcTextID": "47559",
      "srcText": "“내가 죽으면 리허스트에 있는 아버지와 어머니의 무덤 곁에 묻어 주시오. 제발 화려한 장례식 같은 것은 하지 말고 조용히.” 주변 사람들에게 이렇게 부탁한 나이팅게일은 1910년 8월 13일, 90세로 아름다운 일생을 마쳤습니다. 나이팅게일이 이룩해 놓은 공적을 기념하기 위해 국제 적십자사는 나이팅게일 기장을 마련해서 해마다 세계 각국에서 훌륭한 간호사를 뽑아 수여하고 있습니다.",
      "srcPage": 151,
      "srcSentenceEA": 4,
      "srcWordEA": 52
    }
  ]
}