{
  "title": "두더지 딸 신랑감 찾기",
  "author": "이혜옥",
  "illustrator": "배수연",
  "isbn": "9791128213441",
  "readAge": "초등_고학년",
  "publishedYear": 2018,
  "publisher": "아람북스",
  "classification": "의사소통",
  "paragraphInfoCount": 18,
  "paragraphInfo": [
    {
      "srcTextID": "6764",
      "srcText": "그리하여 두더지는 사윗감을 찾아 길을 나섰어. 끄응끙 땅 위로 올라온 두더지는 정수리가 뜨끈뜨끈, 땀이 삐질삐질, 뜨겁게 내리쬐는 햇볕 때문에 한 발짝도 뗄 수가 없었지. 어이쿠, 저 뻘건 것이 뭐기에 이리 힘이 빠질까?",
      "srcPage": 5,
      "srcSentenceEA": 3,
      "srcWordEA": 34
    },
    {
      "srcTextID": "6763",
      "srcText": "이렇게 예쁜 딸을 어찌 시집보내누. 땅이 얼고 녹기를 여러 해, 어여삐 자란 두더지 딸이 시집갈 나이가 되었어. 하지만 사위가 되겠다고 찾아오는 총각들은 죄다 두더지 부부의 마음에 차지 않았지.",
      "srcPage": 3,
      "srcSentenceEA": 3,
      "srcWordEA": 30
    },
    {
      "srcTextID": "6762",
      "srcText": "“에이그, 저리 약해 빠져서야.” “쯧쯧쯧, 어째 다 저 모양일꼬. 내 딸은 세상에서 가장 힘센 사위에게 시집보낼 거야!” ",
      "srcPage": 4,
      "srcSentenceEA": 3,
      "srcWordEA": 18
    },
    {
      "srcTextID": "6765",
      "srcText": "아하! 저것이 세상에서 가장 힘이 센가 보구나. 두더지는 두 눈을 꾹 감고, 고개를 번쩍 들어 소리쳤어. 세상에서 가장 힘센 사위를 찾고 있소! ",
      "srcPage": 6,
      "srcSentenceEA": 3,
      "srcWordEA": 25
    },
    {
      "srcTextID": "6766",
      "srcText": "부디 내 사위가 되어 주시오! 해는 입을 쩍 벌리더니 “하하하!” 하고 함박웃음을 지었어. 그러자 뜨거운 바람이 후끈 두더지를 감쌌지.",
      "srcPage": 7,
      "srcSentenceEA": 4,
      "srcWordEA": 22
    },
    {
      "srcTextID": "6767",
      "srcText": " “어이쿠, 뜨거워! 두더지 타네! 두더지 죽네!” 두더지는 풀쩍풀쩍 뛰며 법석을 떨었어. 그때 구름이 몰려와 해를 싹 가렸어. 휴, 살았네. 살았어. 그런데 저 뭉실뭉실한 것이 뭐기에 뜨거운 불덩이를 가릴까?",
      "srcPage": 8,
      "srcSentenceEA": 8,
      "srcWordEA": 35
    },
    {
      "srcTextID": "6769",
      "srcText": "아하! 저것이 세상에서 가장 힘이 센가 보구나. 두더지는 구름과 이야기를 나누고 싶었어. 하지만 두더지가 열심히 구름을 쫓아가도 구름은 저만치로 둥실둥실, 두더지도 구름을 따라 허둥지둥.",
      "srcPage": 9,
      "srcSentenceEA": 3,
      "srcWordEA": 27
    },
    {
      "srcTextID": "6768",
      "srcText": " “어이쿠, 빠르기도 하지. 더는 못 따라가겠네.” 지친 두더지는 있는 힘껏 소리쳤어. ",
      "srcPage": 10,
      "srcSentenceEA": 3,
      "srcWordEA": 13
    },
    {
      "srcTextID": "6770",
      "srcText": "세상에서 가장 힘센 사위를 찾고 있소! 부디 내 사위가 되어 주시오! 구름은 입을 쩍 벌리더니 “허허허!” 하고 너털웃음을 터뜨렸어. ",
      "srcPage": 11,
      "srcSentenceEA": 4,
      "srcWordEA": 22
    },
    {
      "srcTextID": "6771",
      "srcText": "그러자 차가운 빗방울이 후드득후드득 떨어지기 시작했어. “어이쿠, 차가워! 두더지 젖네! 두더지 젖어!” 두더지는 철벅 철벅 발을 구르며 법석을 떨었지. 그때 휘이잉 거센 바람이 불더니 비구름을 날려 버렸어.",
      "srcPage": 12,
      "srcSentenceEA": 6,
      "srcWordEA": 31
    },
    {
      "srcTextID": "6772",
      "srcText": "두더지의 젖은 옷도 어느새 바짝 말랐지. 그런데 거센 바람은 멈출 기세도 없이 더 세차게 불어왔지. 어이쿠, 두더지 살려! ",
      "srcPage": 13,
      "srcSentenceEA": 3,
      "srcWordEA": 20
    },
    {
      "srcTextID": "6773",
      "srcText": "이렇게 힘센 것은 처음 보네. 두더지 살려! 두더지는 바람에 떠밀려 날아가는 중에도 사위가 되어 달라고 소리쳤어. 세상에서 가장 힘센 사위를 찾고 있소!",
      "srcPage": 14,
      "srcSentenceEA": 4,
      "srcWordEA": 25
    },
    {
      "srcTextID": "6774",
      "srcText": "바람에 날려온 두더지가 정신을 차리고 보니 커다란 돌부처가 떡하니 버티고 서 있는데 거센 바람에도 끄떡없었어. “옳거니, 세상에서 가장 힘센 돌부처님! 부디 내 사위가 되어 주시오!”",
      "srcPage": 15,
      "srcSentenceEA": 3,
      "srcWordEA": 26
    },
    {
      "srcTextID": "6775",
      "srcText": "하지만 돌부처는 조용히 미소만 지을 뿐 아무런 대답이 없었지. 그때 거센 바람에도 꿈쩍 앉던 돌부처가 들썩거렸어. 해님보다 구름보다 바람보다 더 힘센 돌부처를 움직이는 것은 바로 두더지 총각이었지.",
      "srcPage": 16,
      "srcSentenceEA": 3,
      "srcWordEA": 29
    },
    {
      "srcTextID": "6776",
      "srcText": "사윗감을 찾은 두더지는 총각의 손을 덥석 잡았어. 이렇게 훌륭한 사윗감이 바로 곁에 있었다니. 세상에서 가장 힘이 센 두더지 총각! ",
      "srcPage": 17,
      "srcSentenceEA": 3,
      "srcWordEA": 21
    },
    {
      "srcTextID": "6777",
      "srcText": "내 사위가 되어 주게! 두더지는 마침내 세상에서 가장 고운 딸을 세상에서 가장 힘센 사위에게 시집보냈어. 두더지 딸과 사위는 아들 낳고 딸 낳고, 또 아들 낳고 딸 낳고, 오래오래 행복하게 잘 살았대.",
      "srcPage": 18,
      "srcSentenceEA": 3,
      "srcWordEA": 33
    },
    {
      "srcTextID": "6761",
      "srcText": "옛날 옛적 한 옛날, 깊고 깊은 땅속 마을에 금실 좋은 두더지 부부가 살았어. 부부는 늘그막에 딸 하나를 낳아 금이야 옥이야 귀하게 키웠지. 콕 찍어 놓은 듯 작은 눈 좀 봐요.",
      "srcPage": 1,
      "srcSentenceEA": 3,
      "srcWordEA": 32
    },
    {
      "srcTextID": "6760",
      "srcText": "내 눈을 똑 닮았어요. 요, 요 오뚝 솟은 코 좀 봐. 내 코를 쏙 뺐네.",
      "srcPage": 2,
      "srcSentenceEA": 3,
      "srcWordEA": 17
    }
  ]
}