{
  "title": "혹부리 영감",
  "author": "오주현",
  "illustrator": "윤진현",
  "isbn": "9791165957797",
  "readAge": "초등_고학년",
  "publishedYear": 2022,
  "publisher": "아람북스",
  "classification": "의사소통",
  "paragraphInfoCount": 22,
  "paragraphInfo": [
    {
      "srcTextID": "7385",
      "srcText": "옛날 어느 마을에 턱 밑에 혹이 대롱대롱 달려 ‘혹부리 영감’이라 불리는 할아버지가 살고 있었어요. 마을 아이들은 혹 안에 뭐가 들었을까 궁금해서 할아버지 뒤를 졸졸졸 따라다녔지요. “허허, 그 녀석들 뭐가 그리 궁금하냐!” 마음씨 좋은 혹부리 영감은 빙그레 미소를 지었어요. ",
      "srcPage": 1,
      "srcSentenceEA": 5,
      "srcWordEA": 41
    },
    {
      "srcTextID": "7387",
      "srcText": "어느 날 착한 혹부리 영감이 지게 가득 나무를 해서 마을로 내려가는데 먹구름이 몰려오더니 후드득후드득 비가 내리기 시작했어요. “갑자기 웬 비람?” 혹부리 영감은 후닥닥 산속 허름한 집으로 몸을 피했어요. ",
      "srcPage": 2,
      "srcSentenceEA": 3,
      "srcWordEA": 29
    },
    {
      "srcTextID": "7386",
      "srcText": "“오늘은 여기서 하룻밤 보내야겠군.” 서산에 해 떨어지고 동산에 달이 뜨니 밤이 점점 깊어 가네. 우리 할멈 내 걱정에 이 밤 꼴딱 다 새겠네.",
      "srcPage": 3,
      "srcSentenceEA": 3,
      "srcWordEA": 25
    },
    {
      "srcTextID": "7388",
      "srcText": "그때였어요. 우락부락 덩치 큰 도깨비, 눈이 하나 외눈 도깨비, 키 작은 난쟁이 도깨비들이 하나둘, 산속 집으로 들어왔어요. ‘에구머니, 이런 어쩐다? 여기가 도깨비 집이로구나!’ 깜짝 놀란 할아버지는 노래를 뚝 그쳤어요. ",
      "srcPage": 4,
      "srcSentenceEA": 4,
      "srcWordEA": 33
    },
    {
      "srcTextID": "7390",
      "srcText": "“어? 노랫소리가 멈췄어. 분명 이 집에서 들렸는데?” “그러게, 방 안에서 노래가 들렸는데?” 덩치 큰 도깨비가 방문을 열어젖히자 혹부리 영감이 버들버들 떨고 있는 게 아니겠어요? ",
      "srcPage": 5,
      "srcSentenceEA": 4,
      "srcWordEA": 27
    },
    {
      "srcTextID": "7389",
      "srcText": "\"아하, 영감이 부른 노래였구나! 오랜만에 사람이 부른 노래를 들으니 절로 흥이 나는데, 한 번 더 불러 보시오.” 혹부리 영감은 놀란 토끼 눈을 하고는 목청을 가다듬고 노래를 불렀어요. ",
      "srcPage": 6,
      "srcSentenceEA": 3,
      "srcWordEA": 29
    },
    {
      "srcTextID": "7393",
      "srcText": "혹부리 영감이 흥얼흥얼 노래를 부르자, 산속 허름한 집에 한바탕 도깨비 잔치가 벌어졌어요. 도깨비들은 덩실덩실, 낡은 집은 들썩들썩, 모두들 날이 새는 줄도 모르고 신나게 놀았어요. 그때 꼬끼오 닭 울음소리가 들려왔어요. ",
      "srcPage": 7,
      "srcSentenceEA": 3,
      "srcWordEA": 31
    },
    {
      "srcTextID": "7392",
      "srcText": "마음이 급해진 도깨비들이 혹부리 영감에게 물었어요. “영감, 그 노래는 어디서 나오는 거요?” “그야, 내 목구멍에서 나오지요.” ",
      "srcPage": 8,
      "srcSentenceEA": 3,
      "srcWordEA": 16
    },
    {
      "srcTextID": "7394",
      "srcText": "도깨비들이 눈을 번뜩이며 혹 가까이 다가오자 놀란 할아버지는 얼떨결에 고개를 끄덕였어요. “금은보화를 줄 테니, 그 혹 우리 주시오.” 그래서 착한 혹부리 영감은 혹을 주고 금은보화를 얻게 되었지요. ",
      "srcPage": 11,
      "srcSentenceEA": 3,
      "srcWordEA": 28
    },
    {
      "srcTextID": "7395",
      "srcText": "혹부리 영감은 겁에 질려 선뜻 대답하지 못하고 턱 밑의 혹만 만지작거렸어요. 그 모습을 지켜보던 도깨비들이 수군댔어요. “혹시 그 혹에서 나오는 것이 아니오?” ",
      "srcPage": 10,
      "srcSentenceEA": 3,
      "srcWordEA": 23
    },
    {
      "srcTextID": "7403",
      "srcText": "“그래도 정신을 못 차렸군. 어디 맛 좀 봐라.” 욕심쟁이 혹부리 영감은 도깨비들에게 흠씬 두들겨 맞았어요. ",
      "srcPage": 21,
      "srcSentenceEA": 3,
      "srcWordEA": 17
    },
    {
      "srcTextID": "7396",
      "srcText": "부자가 된 착한 혹부리 영감은 동네 사람들을 불러 큰 잔치를 열었어요. 소문을 들은 이웃 마을에 사는 욕심쟁이 혹부리 영감은 배가 아파 죽을 지경이었어요. “옳지, 내가 이럴 때가 아니지.” ",
      "srcPage": 12,
      "srcSentenceEA": 3,
      "srcWordEA": 29
    },
    {
      "srcTextID": "7399",
      "srcText": "왜 이렇게 밤이 더디지? 아이고, 지루해라. 너무 빨리 왔나? 몸도 쑤시고 배도 고프네. ",
      "srcPage": 15,
      "srcSentenceEA": 4,
      "srcWordEA": 16
    },
    {
      "srcTextID": "7400",
      "srcText": "이럴 게 아니라 노래를 불러야지. 내 노래를 듣고 도깨비들이 달려올 거야. 욕심쟁이 혹부리 영감은 흥얼흥얼 노래를 부르기 시작했어요. 얼씨구 좋네 얼씨구 좋아 어서 빨리 밤 되거라. 혹 떼고 금은보화 얻어서 천년만년 살아야지. ",
      "srcPage": 16,
      "srcSentenceEA": 5,
      "srcWordEA": 36
    },
    {
      "srcTextID": "7401",
      "srcText": "그때였어요. 우락부락 덩치 큰 도깨비, 눈이 하나 외눈 도깨비, 키 작은 난쟁이 도깨비들이 하나둘, 산속 집으로 들어왔어요. 도깨비를 보자마자 욕심쟁이 혹부리 영감은 혹을 잡고 쑥 내밀었어요. “도깨비님들, 이제야 오셨소?”",
      "srcPage": 17,
      "srcSentenceEA": 3,
      "srcWordEA": 31
    },
    {
      "srcTextID": "7406",
      "srcText": "날이 밝아 겨우 산속 집에서 도망친 욕심쟁이 혹부리 영감은 도깨비가 쫓아온다며 고래고래 비명을 지르면서 온 동네를 달리고 또 달렸어요. 턱 밑에 혹을 두 개나 달고서 말이에요. 아이고, 사람 살려! 아이고, 나 죽네! ",
      "srcPage": 22,
      "srcSentenceEA": 4,
      "srcWordEA": 35
    },
    {
      "srcTextID": "7391",
      "srcText": " “아니, 아니. 목구멍 말고 다른 거 없소? 영감 노래는 뭔가 다르단 말이오. 대체 어디서 나오는 것이오?” “그, 글쎄요.”  ",
      "srcPage": 9,
      "srcSentenceEA": 5,
      "srcWordEA": 21
    },
    {
      "srcTextID": "7397",
      "srcText": "욕심쟁이 혹부리 영감은 황급히 산으로 올라갔어요. “나도 혹 떼고 금은보화 얻어야지. 아니지, 금은보화보다 더 귀한 걸 달라고 해야지!” ",
      "srcPage": 13,
      "srcSentenceEA": 3,
      "srcWordEA": 19
    },
    {
      "srcTextID": "7398",
      "srcText": "“애물단지 혹이 효자 노릇 하는구나!” 욕심쟁이 혹부리 영감은 착한 혹부리 영감이 갔다던 산속 허름한 집으로 신나게 뛰어갔어요.  도깨비들아, 기다려라! 혹부리 영감이 가신다! ",
      "srcPage": 14,
      "srcSentenceEA": 4,
      "srcWordEA": 26
    },
    {
      "srcTextID": "7402",
      "srcText": "그런데 이게 웬일이래요? “아니 네놈이 겁도 없이 또 왔어? 이놈, 감히 도깨비를 속여!” ",
      "srcPage": 18,
      "srcSentenceEA": 3,
      "srcWordEA": 14
    },
    {
      "srcTextID": "7405",
      "srcText": "욕심쟁이 혹부리 영감을 발견한 도깨비들이 마구 화를 내었어요. “왜, 왜들 그러시오. 여기 노래가 나오는 혹이 보이지 않소?” “뭐, 노래 나오는 혹이라고? 오냐, 그래. 이 혹도 가져가라!” ",
      "srcPage": 19,
      "srcSentenceEA": 6,
      "srcWordEA": 29
    },
    {
      "srcTextID": "7404",
      "srcText": "도깨비들은 욕심쟁이 혹부리 영감 턱에 철썩 혹 하나를 더 붙였어요. “어이쿠, 아니 왜 그러시오? 나는 아무 죄가 없소.” ",
      "srcPage": 20,
      "srcSentenceEA": 3,
      "srcWordEA": 19
    }
  ]
}