{
  "title": "퀴리",
  "author": "정경미",
  "illustrator": "김남주",
  "isbn": "9788961712064",
  "readAge": "초등_고학년",
  "publishedYear": 2007,
  "publisher": "교연아카데미",
  "classification": "의사소통",
  "paragraphInfoCount": 67,
  "paragraphInfo": [
    {
      "srcTextID": "122761",
      "srcText": "마리아는 1867년 11월 7일, 폴란드의 바르샤바에서 스클로도프스카 집안의 5남매 가운데 막내로 태어났습니다. 아버지는 중학교 선생님이시면서 부장학관이란 직책을 겸하고 있었습니다. 그래서 마리아네는 학교의 관사에서 살고 있었습니다.",
      "srcPage": 11,
      "srcSentenceEA": 3,
      "srcWordEA": 27
    },
    {
      "srcTextID": "124664",
      "srcText": "선생님은 재빨리 칠판에 씌어 있는 폴란드 어를 지우고 나서 학생들에게 나직이 속삭였습니다. \"어서들 서둘러라.\" 그 말에 학생 너덧 명이 일어나 재빠르게 폴란드의 역사책과 공책을 거두어서 감추었고, 나머지 학생들은 책상 위에 바느질감을 올려놓고 바느질을 시작했습니다.",
      "srcPage": 2,
      "srcSentenceEA": 3,
      "srcWordEA": 35
    },
    {
      "srcTextID": "124665",
      "srcText": "선생님은 학생들을 둘러본 뒤 칠판에 러시아 어로 '가정 실습'이라고 적었습니다. 이 모든 일들은 눈빛만으로 신속하게 이루어졌습니다. 잠시 후, 교실 문이 열리더니 근엄한 표정의 러시아 장학관이 들어왔습니다.",
      "srcPage": 3,
      "srcSentenceEA": 5,
      "srcWordEA": 29
    },
    {
      "srcTextID": "124666",
      "srcText": "장학관의 뒤에는 교장 선생님이 걱정스런 표정으로 서 있었습니다. 러시아 장학관은 매서운 눈초리로 학생들의 책상 위를 훑어보았습니다. 그리고는 선생님에게 말했습니다.",
      "srcPage": 4,
      "srcSentenceEA": 3,
      "srcWordEA": 21
    },
    {
      "srcTextID": "124670",
      "srcText": "러시아 장학관은 콧수염을 쓸어내리며 질문을 던졌습니다. \"러시아를 지금까지 다스려 오신 황제의 이름을 차례로 말해보거라.\" \"예카테리나 2세, 파벨 1세, 알렉산드르 1세, 니콜라이 1세입니다.\" 마리아는 러시아 어로 막힘없이 대답했습니다.",
      "srcPage": 6,
      "srcSentenceEA": 4,
      "srcWordEA": 28
    },
    {
      "srcTextID": "124669",
      "srcText": "\"좋아. 그럼, 지금 러시아를 다스리시는 분은?\" 마리아는 잠시 머뭇거렸습니다. 폴란드를 빼앗은 러시아 황제의 이름을 말하기가 싫었던 것입니다.",
      "srcPage": 7,
      "srcSentenceEA": 3,
      "srcWordEA": 20
    },
    {
      "srcTextID": "124672",
      "srcText": "마리아는 눈물이 터질 것 같은 마음을 애써 누르고 겨우 대답했습니다. \"네. 알렉산드르 2세 폐하입니다.\" \"음, 아이들을 잘 가르치고 있군.\"",
      "srcPage": 8,
      "srcSentenceEA": 3,
      "srcWordEA": 20
    },
    {
      "srcTextID": "124668",
      "srcText": "\"마리아, 정말 잘 해주었다. 언젠가는 우리말을 당당하게 말하고 쓸 수 있는 날이 꼭 올 거야. 그날이 올 때까지 우리는 억울한 일이 있더라도 굳세게 견뎌야 해.\" 선생님의 나직이 속삭이는 말을 들으며, 지켜보던 학생들도 모두 눈물을 짓고 있었습니다. 마리아라고 불린 이 소녀가 바로 두 번이나 노벨상을 수상한 마리 퀴리입니다.",
      "srcPage": 10,
      "srcSentenceEA": 5,
      "srcWordEA": 51
    },
    {
      "srcTextID": "124671",
      "srcText": "러시아 장학관은 흡족한 미소를 지으며 교실을 나갔습니다. 장학관의 발소리가 멀어지자 선생님은 마리아의 곁으로 다가왔습니다. 마리아는 울음을 터뜨리며 선생님의 품에 안겼습니다.",
      "srcPage": 9,
      "srcSentenceEA": 3,
      "srcWordEA": 22
    },
    {
      "srcTextID": "124667",
      "srcText": "폴란드의 한 초등학교 교실에서 역사 수업이 한창 진행되고 있을 때였습니다. 갑자기 선생님의 책상 밑에서 '찌르릉! 찌르릉!' 하고 벨 소리가 낮게 울렸습니다. 이 벨 소리는 러시아 장학관이 온 것을 알려 주는 비밀 신호입니다.",
      "srcPage": 1,
      "srcSentenceEA": 5,
      "srcWordEA": 36
    },
    {
      "srcTextID": "124663",
      "srcText": "\"선생, 내가 몇 가지 질문을 할테니, 대답할 학생을 지목해 주시오.\" 러시아 장학관의 말에 모두들 가슴이 콩닥콩닥 뛰었습니다. \"마리아 스클로도프스카, 일어나요.\" 선생님이 떨리는 목소리로 말하자, 지명된 학생이 자리에서 일어났습니다. 나이는 제일 어렸지만 반에서 늘 1등을 차지하는 여학생이었습니다.",
      "srcPage": 5,
      "srcSentenceEA": 5,
      "srcWordEA": 39
    },
    {
      "srcTextID": "124676",
      "srcText": "어느 날, 마리아는 아버지의 방에서 작은 유리 그릇들을 보게 되었습니다. \"아버지, 이 유리 그릇들은 무엇을 하는 건가요?\" “응, 그건 물리 실험용 기구란다.\"",
      "srcPage": 17,
      "srcSentenceEA": 3,
      "srcWordEA": 22
    },
    {
      "srcTextID": "124677",
      "srcText": "어머니는 부드럽고 따뜻한 성품을 지닌 분이었지만, 마리아가 태어나기 전부터 병에 걸려 있었습니다. 그래서 마리아가 품에 안기려고 해도 한 번도 안아 주는 법이 없었습니다. 마리아는 그런한 어머니에게 서운함을 느꼈지만, 좀 자란 후에야 그 이유를 알게 되었습니다.",
      "srcPage": 12,
      "srcSentenceEA": 3,
      "srcWordEA": 37
    },
    {
      "srcTextID": "124680",
      "srcText": "마리아는 그 그릇들로 어떻게 실험을 하는지는 알 수 없어도, 실험이라는 것이 무척 멋진 일이라는 생각이 들었습니다. 학교에 입학한 마리아는 언제나 1등을 차지했습니다. 그리고 책 읽기를 좋아하여 집에 돌아오면 늘 책을 끼고 살았습니다.",
      "srcPage": 18,
      "srcSentenceEA": 3,
      "srcWordEA": 34
    },
    {
      "srcTextID": "124682",
      "srcText": "어려운 가운데에도 마리아네 가족은 서로를 진심으로 아끼고 사랑하였습니다. 그런데 평화롭던 마리아네 집에 또 한 번 불행이 닥쳐왔습니다. 마리아의 집에서 하숙을 하던 한 학생이 장티푸스에 걸린 것입니다.",
      "srcPage": 19,
      "srcSentenceEA": 3,
      "srcWordEA": 28
    },
    {
      "srcTextID": "124674",
      "srcText": "그 때 어머니는 폐결핵을 앓고 있었는데, 병이 옮을까 봐 아이들을 멀리했던 것입니다. 어머니는 항상 깨끗한 옷을 입고서 웃음을 띠고 있었기 때문에, 마리아의 언니들도 어머니의 병을 전혀 알지 못했습니다. 다만 아버지만이 어머니의 병을 걱정하며 늘 기도를 드렸습니다.",
      "srcPage": 13,
      "srcSentenceEA": 3,
      "srcWordEA": 38
    },
    {
      "srcTextID": "124684",
      "srcText": "어머니와 큰언니 소피아, 작은언니 브로냐가 그 학생을 간호했는데, 불행히도 소피아가 병에 전염되어 세상을 떠나고 말았습니다. 소피아의 나이 16세, 마리아가 9세 때였습니다. 불행은 계속되어 어머니의 병도 갈수록 악화되어 갔습니다.",
      "srcPage": 20,
      "srcSentenceEA": 3,
      "srcWordEA": 30
    },
    {
      "srcTextID": "124675",
      "srcText": "그 무렵 아버지는 뜻밖의 소식을 듣게 되었습니다. 직무를 게을리했기 때문에 장학관직에서 '해임하고 봉급도 줄이겠다는 것이었습니다. 이 일은 얼마 전에 아버지가 채점한 답안지 때문에 생긴 일이었습니다.",
      "srcPage": 14,
      "srcSentenceEA": 4,
      "srcWordEA": 27
    },
    {
      "srcTextID": "124679",
      "srcText": "'하느님, 제발 어머니의 병을 낫게 해 주세요.' 가족들은 저녁마다 모여 앉아 어머니를 위해 기도드렸습니다. 그러나 어머니의 병은 점점 깊어 갈 뿐이었습니다.",
      "srcPage": 21,
      "srcSentenceEA": 3,
      "srcWordEA": 23
    },
    {
      "srcTextID": "124678",
      "srcText": "한 학생이 폴란드 말이 섞인 답안지를 냈는데, 전체적인 답안이 훌륭하이 아버지는 그 학생에게 높은 점수를 주었던 것입니다. 결국 마리아네는 학교의 관사를 나와야 했으며, 아버지의 봉급도 줄어들게 되었습니다. 마리아는 아직 나이가 어렸지만 나라를 잃은 서러움이 어떤 것인지를 어렴풋이 알게 되었습니다.",
      "srcPage": 15,
      "srcSentenceEA": 3,
      "srcWordEA": 41
    },
    {
      "srcTextID": "124673",
      "srcText": "'나는 나의 조국 폴란드를 위해서 살 거야.' 마리아는 마음속으로 이렇게 결심하였습니다. 벌이가 줄어들자 어머니는 어려운 살림을 꾸려가기 위해 하숙을 쳤습니다.",
      "srcPage": 16,
      "srcSentenceEA": 3,
      "srcWordEA": 22
    },
    {
      "srcTextID": "124700",
      "srcText": "전날은 어두워서 보지 못했는데 사탕수수밭이 끝없이 펼쳐져 있었기 때문입니다. 공기가 참으로 싱그러웠으며, 마을 사람들의 인상도 다들 좋아 보였습니다. 마리아는 이곳에서 18세 소녀 브론카와 10세의 안지아에게 3년 동안 공부를 가르치기로 했습니다. 브론카는 마리아와 같은 또래인데도 마리아를 잘 따랐으며, 안지아도 마리아를 좋아했습니다. 마을에 어느 정도 익숙해질 무렵, 마리아는 이곳의 아이들 대부분이 학교에 다니지 않고 있다는 사실을 알게 되었습니다. 어느 날, 마리아는 브론카에게 말했습니다. \"브론카, 글을 배우지 않는 이 마을의 아이들이 불쌍해.\" \"폴란드 사람이 러시아 말을 배우고 싶겠니? 아이들은 러시아 말을 가르치는 학교에 다니지 않으려고 해.\" 브론카는 별로 대수롭지 않게 생각하고 있었습니다. 그러자 마리아가 갑자기 브론카의 손을 잡으며 말했습니다. \"브론카, 아이돌은 나라의 미래야. 아이들이 메우고 깨우치지 않으면 우리는 영영 나라를 되찾을 수 없게 돼. 우리 둘이 힘을 합쳐서 아이들에게 폴란드 말을 가르치면 어떻겠니?'' \"그래. 그것 참 좋은 생각이야. 내가 아버지께 말씀드려서 장소를 마련해 볼게.\" 브론카는 매우 기뻐하며 마리아의 생각에 적극 찬성했습니다. 다음 날, 이야기를 들은 브론카의 아비지는 마리아에게 나직이 말했습니다. \"이 일은 무척 위험한 일이라오. 만일 러시아 관리에게 발각되면 우린 모두 체포될 거예요. 하지만 우리나라의 장래를 위한 일이니 한번 해 봅시다. 뒤뜰에 있는 오두막집에서 가르친다면 안전할 것이오.\"",
      "srcPage": 39,
      "srcSentenceEA": 22,
      "srcWordEA": 191
    },
    {
      "srcTextID": "124681",
      "srcText": "어느 날, 어머니는 헬라, 브로냐, 요셉, 마리아를 둘려보며 나직하게 말했습니다. '나는 너희들을 사랑한단다. 너희들도 언제나 서로를 사랑하며 살도록 해라.' 말을 마친 어머니는 젖은 눈을 스르르 감더니 다시는 뜨지 못했습니다. 마리아의 나이 11세 때였습니다.",
      "srcPage": 22,
      "srcSentenceEA": 5,
      "srcWordEA": 36
    },
    {
      "srcTextID": "124702",
      "srcText": "또한 마리아가 파리에 있는 소르본 대학에서 공부를 했으면 좋겠다는 희소식도 남겨 있었습니다. 마리아는 뛸 듯이 기뻤습니다. 그녀는 곧 정든 스츠우키 마을 사람들과 아쉬운 작별을 하고 언니가 있는 파리로 향했습니다. 1891년, 마리아는 마침내 그토록 소원하던 파리 소르본 대학에 입학하였습니다. 마리아는 학교에 입학할 때 프랑스식 이름인 마리로 등록했기 때문에, 이때부터 마리라는 이름으로 불리게 되었습니다. 소르본 대학에 들어간 마리는 옷차림이 초라한 데다가 언제나 강의에만 열중했기 때문에 남의 눈에 쉽게 띄었습니다. 그런데 소르본 대학의 강의는 무척 어려웠습니다. 프랑스 말에는 웬만큼 자신이 있다고 생각했었는데 강의 내용을 못 알아들을 때가 많았습니다. 언어뿐이 아니었습니다. 마리는 수학과 물리에도 자신이 크게 뒤처져 있다는 사실을 인정하지 않을 수 없었습니다. \"남들보다 더 노력하는 수밖에 도리가 없겠어.\" 이렇게 생각한 마리는 책상에 붙어 앉아서 새벽까지 공부를 했습니다. 그런데 브로냐 언니네 집은 손님 출입이 빈번하며 마리의 공부에 방해가 되었습니다. 마리는 브로냐 언니와 상의하여 학교 부근에 싼 방을 하나 얻어 자취를 시작했습니다. 낡고 누추한 방에는 침대와 이불, 난로, 책상과 의자, 그리고 몇 가지 가재 도구가 전부였습니다.",
      "srcPage": 41,
      "srcSentenceEA": 15,
      "srcWordEA": 164
    },
    {
      "srcTextID": "124687",
      "srcText": "마리아는 공립 여학교도 1등으로 졸업했습니다. 브로냐 언니와 요셉 오빠도 졸업할 때에 금메달을 받았기 때문에, 스클로도프스카 집안에는 자랑스러운 금메달이 3개나 걸리게 되었습니다. 졸업 후 마리아는 바르샤바 대학에 다니고 싶었습니다.",
      "srcPage": 24,
      "srcSentenceEA": 3,
      "srcWordEA": 30
    },
    {
      "srcTextID": "124688",
      "srcText": "아버지는 형편이 어려워 딸들을 대학에 진학시키지 못하는 것을 무척 가슴 아파했습니다. 특히 어머니의 사랑을 제대로 받지 못하고 자란 마리아가 더욱 안쓰러웠습니다. 아버지는 마리아를 위로하기 위해 시골의 친척 집으로 가서 당분간 쉬었다 오라고 권하였습니다.",
      "srcPage": 26,
      "srcSentenceEA": 3,
      "srcWordEA": 35
    },
    {
      "srcTextID": "124686",
      "srcText": "기차가 바르샤바 역을 떠날 때 아버지는 막내딸의 손을 꼭 붙잡았습니다. “마리아, 궂은 날이 있으면 맑은 날도 있게 마련이란다. 모든 것을 잊고 잠시 푹 쉬었다 오너라\" “고마워요, 아버지. 그동안 몸 건강하세요!\" 마리아는 서둘러 기차에 몸을 실었습니다.",
      "srcPage": 27,
      "srcSentenceEA": 6,
      "srcWordEA": 38
    },
    {
      "srcTextID": "124691",
      "srcText": "신선한 공기와 부드러운 바람 속에서 온몸을 감싸 주는 흙냄새를 맡으며 마리아는 얼마 동안 즐거운 시간을 보냈습니다. 그러나 아무것도 하지 않는 한가로운 생활은 마리아에게 맞지 않았습니다. 집으로 다시 돌아온 마리아는 브로냐에게 이렇게 제안했습니다.",
      "srcPage": 28,
      "srcSentenceEA": 3,
      "srcWordEA": 34
    },
    {
      "srcTextID": "124698",
      "srcText": "“어서 오세요. 먼 길을 오느라 고생이 많았죠?” 그 집의 가족들은 매우 친절하게 보여 마리아는 일단 안심이 되었습니다. 그날 저녁은 너무도 피곤하여, 마리아는 저녁 식사 후 곧바로 잠자리에 들었습니다. 이튿날, 눈을 뜨자마자 창문을 열어 본 마리아는 깜짝 놀랐습니다.",
      "srcPage": 38,
      "srcSentenceEA": 5,
      "srcWordEA": 41
    },
    {
      "srcTextID": "124694",
      "srcText": "“언니가 공부를 마치고 의사가 되면, 그땐 언니가 날 도와주면 되잖아!” “세상에. 마리아, 너 참 대견한 생각을 했구나. 하지만 의사가 되려면 5년이나 공부를 해야 한단다. 네가 먼저 대학을 마치고 나면 그다음에 내가 갈게.”",
      "srcPage": 31,
      "srcSentenceEA": 4,
      "srcWordEA": 35
    },
    {
      "srcTextID": "124695",
      "srcText": "대개 부잣집에서 가정 교사를 두었는데, 그중에는 공부를 싫어하는 아이들이 많았습니다. 게다가 그런 집의 학부모는 사치를 부리는 일에는 돈을 물 쓰듯 하면서도 가정 교사의 급료를 지불하는 데에는 매우 인색했습니다. 마리아는 그러한 도시의 아이들을 가르치기보다는 시골 아이들을 가르치는 편이 낫다고 생각했습니다.",
      "srcPage": 34,
      "srcSentenceEA": 3,
      "srcWordEA": 41
    },
    {
      "srcTextID": "124696",
      "srcText": "마침 바르샤바에서 멀리 떨어진 스츠우키 마을에 가정 교사 자리가 났습니다. 아버지는 먼 곳으로 딸을 보내는 것이 가슴 아팠지만, 마리아의 굳센 뜻을 꺾을 수가 없었습니다. 마리아가 떠나는 날은 눈이 몹시 내렸습니다.",
      "srcPage": 35,
      "srcSentenceEA": 3,
      "srcWordEA": 32
    },
    {
      "srcTextID": "124703",
      "srcText": "생활비도 넉넉한 편이 아니라서 모는 것을 절약하지 않으면 안 되었습니다. 밤에는 램프를 켜는 데 드는 석유 값을 절약하기 위해 밤늦게까지 도서관에서 공부를 했고, 집에 돌아와서도 새벽녘까지 책상 앞에 앉아 책과 씨름을 했습니다. 파리의 겨울은 유난히 추웠지만, 마리는 석탄을 아끼기 위해 난로도 때지 않았습니다. 그 대신 옷을 몇 겹씩 껴입고 추위를 견디며 책을 읽었습니다. 식사도 물론 보잘것없었습니다. 시간과 돈을 절약하기 위해 빵과 홍차 또는 과일만으로 식사를 대신했습니다. 이런 생활이 계속되자 마리의 건강은 눈에 띄게 나빠졌습니다.",
      "srcPage": 42,
      "srcSentenceEA": 7,
      "srcWordEA": 80
    },
    {
      "srcTextID": "122762",
      "srcText": "마침내 마리는 쓰러지고 말았습니다. 소식을 듣고 달려온 브로냐 언니와 형부는 방 안을 둘러보고 놀라지 않을 수가 없었습니다. 언니와 형부는 단번에 마리가 영양실조라는 것을 알아차렸습니다. “안 되겠어，이러다간 죽고 말겠어. 마리를 집에 데려가서 영양가 있는 음식을 충분히 먹여야 해.\" 며칠 동안 브로냐 언니 집에서 영양 있는 음식을 먹자, 마리는 다시 건강을 회복할 수 있었습니다. “언니, 너무 오랫동안 쉰 것 같아. 이젠 자취방으로 돌아가야겠어.\" “마리, 앞으로는 건강을 돌보면서 공부한다고 약속해. 알겠지?\" 자취방으로 돌아온 마리는 다시 밤낮없이 공부에만 매달렸습니다. 어느덧 마리가 소르본 대학에서 공부한 지 3년의 세월이 흘렀습니다. 이제는 졸업 학사 시험을 치러야 할 때가 되었습니다. 시험 결과를 발표하는 게시판 앞에는 많은 학생들이 모여 있었습니다. 물리학 학사 시험 1등, 마리 스클로도프스카. '아버지, 제가 1등이에요. 아버지 딸 마리가 드디어 해냈어요.' 게시판 앞에 서 있는 마리의 눈에서  감격의 눈물이 흐르고 있었습니다. 대학을 졸업한 마리는 공부를 계속하고 싶었지만 학비 때문에 단념해야 했습니다. 소르본의 교수들과 친구들도 마리가 공부를 계속하지 못하고 폴란드로 돌아가게 된 것을 안타까워했습니다. 그런데 그 무렵 폴란드에는 우수한 유학생들에게 장학금을 주는 제도가 생겼습니다.",
      "srcPage": 43,
      "srcSentenceEA": 21,
      "srcWordEA": 174
    },
    {
      "srcTextID": "122763",
      "srcText": "이러한 소식을 아비지가 알고 편지를 보내왔습니다. 장학금을 신청하여 하고 싶은 공부를 계속 해서 훌륭한 학자가 되어 돌아오라는 내용이었습니다. 마리는 기뼈하며 장학금을 신청했습니다. 그리고는 도서관에 틀어박혀서 공부를 했습니다. 그 무렵 마리는 파리 공업 진흥 협회라는 곳에서 일하며 얼마간의 돈을 벌 수 있었습니다. 그곳에서 마리는 '강철과 자석에 관한 연구'를 하였습니다. 그런데 이 일을 하려면 넓은 연구실이 있어야 했습니다. '실험실을 빌려 쓸 수는 없을까?' 이런 고민을 하고 있을 때, 폴란드에서 알고 지내던 코발스키 교수가 파리에 왔습니다. 그는 마리가 실험실 때문에 곤란해하고 있다는 이야기를 듣고는 이렇게 말했습니다. \"마침 좋은 곳이 있소. 내가 잘 아는 훌륭한 물리학자가 있는데, 그 사람에게 부탁해 보면 도움을 얻을 수 있을 거요.\"",
      "srcPage": 44,
      "srcSentenceEA": 14,
      "srcWordEA": 112
    },
    {
      "srcTextID": "122764",
      "srcText": "다음 날, 마리는 코발스키 교수를 통해서 그 젊은 물리학자를 만났습니다. 그의 이름은 피에르 퀴리였으며, 물리.화학 학교에 근무하고 있었습니다. 마리는 그와의 첫 만남에서 맑고 깊은 학자의 시선을 느꼈으며, 조용하고 차분하다는 인상을 받았습니다. 피에르가 손을 내밀며 악수를 청했습니다. “외국에서 공부하느라 힘드시지요?'\" “아닙니다. 파리는 참 자유로운 도시인걸요.\" 두 사람은 오랫동안 이야기를 나누었습니다. 이야기하는 동안 피에르의 눈은 마리의 얼굴에 고요하게 머물러 있었습니다. 피에르는 마리의 수수한 옷차림과 꾸임 없는 태도에 자신도 모르게 끌리고 있었습니다. 그는 마리에게 자기 학교의 실험실을 쓰도록 기꺼이 허락했습니다. 집으로 돌아오는 길에 피에르가 진지한 표정으로 물었습니다. “언제까지 프랑스에 계실 생각이십니까?\" 피에르의 질문에 마리는 잠시 동안 생각에 잠기더니 조용히 대답했습니다. “폴란드 사람들은 조국을 버릴 수 없습니다. 저는 실험이 끝나면 폴란드로 돌아갈 생각입니다.\" 피에르는 마리의 애국심에 깊은 감명을 받았지만, 오래지 않아 프랑스를 떠날 거라는 말에 서운함을 느꼈습니다. 그 둘은 다시 만날 것을 기약하고 헤어졌습니다. 피에르는 그날 마리와 헤어진 뒤 그녀가 자꾸 보고 싶었습니다. 자존심이 세고 소극적인 피에르에게 이런 감정은 이제까지 느껴 보지 못한 새로운 것이었습니다. 피에르는 마리가 필요하다고 한 연구 자료를 챙겨서 마리에게 찾아갈 구실을 만들었습니다. 피에르가 다시 마리의 실험실로 찾아갔을 때, 마리는 허름한 작업복 차림으로 실험에 몰두하고 있었습니다. 피에르는 그런 모습의 마리를 오래도록 물끄러미 바라보았습니다. 마리는 한참 뒤에야 피에르가 와 있다는 것을 알아채고 얼굴을 붉혔습니다. \"어머. 피에르 씨. 언제 오셨어요?'' \"저. 연구에 도움이 될 만한 자료인 것 같아서 가져왔습니다\" 피에르는 수줍어하며 연구 자료를 내밀었습니다.",
      "srcPage": 45,
      "srcSentenceEA": 28,
      "srcWordEA": 235
    },
    {
      "srcTextID": "124690",
      "srcText": "마리아는 상기된 얼굴로 진지하게 말했습니다. “마리아, 네 말은 정말 고맙구나. 하지만 그건 안 돼. 널 고생시키면서 어떻게 내가 편하게 공부를 하겠니?”",
      "srcPage": 30,
      "srcSentenceEA": 4,
      "srcWordEA": 23
    },
    {
      "srcTextID": "122765",
      "srcText": "“어머, 제게 꼭 필요한 자료로군요. 좋은 참고가 될 것 같아요. 정말 고맙습니다. 그런데 번번이 은혜를 입기만 하는데, 어떻게 갚죠?” \"차나 한 잔 주시면 됩니다.\" 피에르는 마리와 좀 더 오래 앉아 있고 싶은 생각에 이렇게 말했습니다. 마리는 피에르를 자기 방으로 안내했습니다. 피에르는 말없이 방 안을 둘러보았습니다. 마리의 작은 방은 잡다한 물건들로 가득 차 있었으며 누추하기 짝이 없었습니다. 피에르에게 마리의 가난이 가슴 아프게 다가왔습니다. 마리도 피에르의 이런 심정을 눈치챘는지 얼른 연구에 대한 이야기를 끄집어냈습니다. 피에르는 그렇게 당당하고 구김살 없는 마리에게 더욱 마음이 끌렸습니다. 그 뒤로 피에르는 마리를 만나기 위해 거의 하루도 빠짐없이 마리의 실험실을 찾아왔습니다. 그 둘은 서로 연구에 대한 이야기를 나누고 의논을 했습니다. 초여름의 어느 오후, 마리와 피에르는 잠시 실험과 공부에 대한 것을 털어 내고 들판을 거닐었습니다.",
      "srcPage": 46,
      "srcSentenceEA": 15,
      "srcWordEA": 129
    },
    {
      "srcTextID": "124692",
      "srcText": "“나도 너희들의 공부에 도움이 되도록 하마.” 브로냐가 파리로 떠난 뒤, 마리아는 가정 교사 자리를 알아보러 다녔습니다. 몇 군데 자리가 났지만, 가정 교사는 마리아가 생각했던 것보다 훨씬 힘이 드는 직업이었습니다.",
      "srcPage": 33,
      "srcSentenceEA": 3,
      "srcWordEA": 31
    },
    {
      "srcTextID": "124693",
      "srcText": "“아니야, 언니. 난 아직 어리니까 기회가 많지만 언니에겐 기회가 별로 없잖아.” “마리아. 고맙구나.” 마리아의 생각을 듣자 아버지도 크게 기뻐하며 찬성했습니다.",
      "srcPage": 32,
      "srcSentenceEA": 4,
      "srcWordEA": 23
    },
    {
      "srcTextID": "124697",
      "srcText": "아버지와 헬라 언니가 눈을 맞으며 바르샤바 역까지 전송해 주었습니다. “몸조심하거라, 마리아.” “아버지, 안녕히 계세요. 언니도 잘 있어.” 기차는 서서히 눈 속을 미끄러져 갔습니다.",
      "srcPage": 36,
      "srcSentenceEA": 5,
      "srcWordEA": 25
    },
    {
      "srcTextID": "124699",
      "srcText": "창밖으로는 함박눈이 휘날리고 있었습니다. 마리아는 시골의 작은 역에 내쳤습니다. 그곳에서 다시 썰매를 타고 가정 교사로 일하게 될 집에 도착한 것은 날이 어둑어둑해질 무렵이었습니다. ",
      "srcPage": 37,
      "srcSentenceEA": 3,
      "srcWordEA": 25
    },
    {
      "srcTextID": "124701",
      "srcText": "브론카의 아버지는 어린 마리아에게 늘 존댓말을 써 주었습니다. 그것은 아이들을 가르치는 선생님에 대한 존경의 표시였습니다. 브론카의 아버지로부터 승낙을 받게 된 두 사람은 뛸 듯이 기뻤습니다. 마리아와 브론카는 곧 야학을 열었습니다. 처음엔 위험한 일에 아이들을 내보내지 않겠다던 마을 사람들이었지만, 나중에는 마을 아이들 모두가 야학에 나오게 되었습니다. 그뿐만이 아니었습니다. 글을 깨우치지 못한 어른들까지 나오기 시작하여, 마리아와 브론카는 무척 보람을 느꼈습니다. 마리아가 스츠우키 마을에서 가정 교사로 있은 지 어느덧 3년이 흘렀습니다. 약속한 기간이 끝난 것입니다. 아버지는 그동안 중학교 선생을 그만두고 소년 감화원의 원장이 되어 있었습니다. 그 자리는 중학교 선생보다 월급이 많아서 이제는 브로냐에게 학비도 보낼 수 있게 되었습니다. 그러던 중 마리아는 브로냐 언니에게서 반가운 편지를 받았습니다. 대학을 졸업하고 의사가 되어, 폴란드 사람인 가지미르 도루스키란 의사와 결혼했다는 것이었습니다.",
      "srcPage": 40,
      "srcSentenceEA": 13,
      "srcWordEA": 126
    },
    {
      "srcTextID": "124685",
      "srcText": "그러나 바르샤바 대학은 여학생을 뽑지 않았습니다. 그래서 여학생이 대학에 진학하려면 독일이나 프랑스로 유학을 가야 했습니다. 브로냐는 대학에서 의학을, 마리아는 물리학을 공부하고 싶었지만, 아버지의 수입으로는 오빠 하나를 대학에 보내기에도 빠듯했습니다.",
      "srcPage": 25,
      "srcSentenceEA": 3,
      "srcWordEA": 31
    },
    {
      "srcTextID": "124683",
      "srcText": "어머니가 세상을 떠난 뒤 가족들은 더욱 똘똘 뭉쳐 열심히 살았습니다. 마리아는 1등으로 초등학교를 졸업하고 공립 여학교에 진학했습니다. 이 공립 여학교는 모든 것이 러시아식이었지만, 대학에 진학하려면 어쩔 수 없이 거쳐야 하는 곳이었습니다.",
      "srcPage": 23,
      "srcSentenceEA": 3,
      "srcWordEA": 33
    },
    {
      "srcTextID": "124689",
      "srcText": "“언니, 파리에 가서 의학 공부를 하고 싶지?” “그야 물론이지.” “그렇다면 지금까지 언니가 저축해 둔 돈으로 차비를 해서 파리로 떠나. 언니가 대학을 마칠 때까지 내가 가정 교사 일을 해서 언니의 학비를 댈게.”",
      "srcPage": 29,
      "srcSentenceEA": 4,
      "srcWordEA": 32
    },
    {
      "srcTextID": "122768",
      "srcText": "마리，너의 마음이 가장 중요하단다. 네가 프랑스 사람과 결혼해서 프랑스에서 살더라도 너는 나의 자랑스러운 딸이고, 네 조국이 폴란드라는 사실에는 변함이 없단다.\" 마리는 마침내 피에르와 결혼할 것을 결심했습니다. 그 해 여름이 다 가기 전에 피에르와 마리의 결혼식이 있었습니다. 두 사람의 뜻에 따라 결혼식은 피에르의 집 뜰에서 검소하게 치러졌습니다. 이제까지 짙은 색의 옷만을 입어 온 마리가 하늘색 블라우스와 긴 스커트를 입고 나타나자, 피에르와 그의 부모는 아름다운 마리의 모습에 잠시 넋을 잃었습니다. 피에르와 마리의 가족，학교 친구들과 교수들도 참석하여 두 사람의 행복을 빌어 주었습니다. 바르샤바에서 온 아버지는 누구보다도 두 사람을 축복해주었습니다.",
      "srcPage": 49,
      "srcSentenceEA": 8,
      "srcWordEA": 93
    },
    {
      "srcTextID": "122767",
      "srcText": "피에르의 목소리는 가늘게 떨리고 있었습니다. 그러나 마리는 말없이 고개를 돌렸습니다. 7월의 어느 날, 마리는 바르샤바로 돌아왔습니다. 하지만 바르샤바는 그녀가 자유롭게 연구를 할 여건이 못 되었습니다. 그 해 10월, 마리는 다시 연구를 위해 파리로 돌아왔습니다. 그 소식을 듣고 피에르가 찾아왔습니다. \"마리. 나는 당신과 함께 연구해서 꿈을 이루고 싶소. 결혼을 받아들일 수 없다면 우리 사이의 우정만큼은 지키도록 합시다.\" 그렇게까지 자신의 생각을 존중해 주는 피에르를 보며 마리는 마음이 아팠습니다. 그날 저녁, 마리는 브로냐 언니를 찾아갔습니다. \"피에르가 나와 결혼하기를 원해. 하지만 난 폴란드로 돌아가 우리나라를 위해 연구를 계속하고 싶어.'’ \"마리. 너도 알다시피 지금 폴란드는 연구를 하기엔 너무 힘든 곳이야. 그곳은 실험 기구도 부족하고 책 한 권 사 보는 데에도 제약이 있지 않니. 무엇인가를 이루기 위래서는 폴란드보다 파리가 나을 거야. 네가 피에르를 사랑하고 있다면 난 그와의 결혼을 권하고 싶구나.\" 마리의 심정을 전해 들은 아버지도 마리에게 편지를 보내왔습니다.",
      "srcPage": 48,
      "srcSentenceEA": 17,
      "srcWordEA": 147
    },
    {
      "srcTextID": "122775",
      "srcText": "그런데 직장 생활을 해서 수입은 좀 나아졌지만, 연구에 매달릴 수 있는 시간은 그만큼 부족해졌습니다. 퀴리 부부는 자기들의 힘든 연구가 곧 결실을 맺게 될 것이라 믿으며 뜻을 굽히지 않았습니다. 마침내 1902년, 오랜 동안의 노력이 결실을 맺어 라듐 0.1 그램을 뽑아내는 데 성공했습니다. 한밤중에 연구실로 간 퀴리 부부는, 삐걱거리는 문을 조심스럽게 열고 책상 위를 바라보았습니다. “불을 켜지 마세요.\" 마리가 나직이 속삭였습니다. 어둠 속에서 신비로운 빛이 뻗어 나오고 있었습니다. \"드디어 해냈구려.\" 두 사람은 빛을 발하는 라듐 앞에서 오래도록 서 있었습니다. 마리의 눈에서는 눈물이 홀러 내리고 있었습니다. 피에르는 아내의 어깨를 따뜻하게 감싸 주었습니다. 마침내 퀴리 부부의 연구는 모는 사람들에게 가치를 인정받게 되었습니다. 그리고 1903년, 덴 스톡홀름의 왕립 과학 학사원에서는 퀴리 부부에게 노벨 물리학상을 수여하기로 했습니다. 수상식 날, 피에르는 과학 학사원에서 다음과 같이 노벨상 수상 연설을 하였습니다.",
      "srcPage": 56,
      "srcSentenceEA": 15,
      "srcWordEA": 134
    },
    {
      "srcTextID": "122783",
      "srcText": "퀴리 부인은 이렌과 에브를 시골로 보내고 자신은 연구소에 남았습니다. 피에르와 함께 땀 홀려 발견한 소중한 라듐을 지키기 위해서 였습니다. 그녀는 하루에도 수백 명씩 독일군에게 쫓겨 돌아오는 프랑스의 부상병들을 보았습니다. '이 젊은이들을 죽음에서 건질 수는 없을까?’ 퀴리 부인은 자기가 할 수 있는 일이 무엇인지를 생각해 보았습니다. 그러다가 뢴트겐의 X선을 이용해 부상병을 치료해 주자는데에 생각이 미쳤습니다. 퀴리 부인은 프랑스 여성 협회의 도움을 받아 자동차에 방사선 기구를 설치하고, 스스로 차를 몰며 야전 병원을 찾아다녔습니다. 겉모양은 보통 자동차와 다름없었지만 차 안에는 방사선을 이용한 X선 치료 기구가 있었으며, 자동차의 모터를 돌려서 전류를 일으키는 발전기도 갖추고 있었습니다. 탄환이나 포탄 하편이 어디에 막혀 있는지를 몰라 치료도 못 받고 죽어 가던 부상병의 치료에 방사선은 큰 도움이 되었습니다. 방사선 기구나 탄환이 어디에 막혀 있는지를 알아내고 나면 몇 시간씩 걸리던 수술도 몇십 분이면 끝낼 수가 있었던 것입니다. \"감사합니다, 부인\" 의사와 환자들은 퀴리 부인의 도움에 진심으로 고마워했습니다. 전쟁이 치열해지자 부상병들은 자구만 늘어갔습니다. 프랑스 각지에서 많은 여성들이 퀴리 부인의 일을 도와주려고 몰려왔습니다. 하지만 방사선 치료는 더 이상 밀려드는 부상병들을 감당하기 어려웠습니다.",
      "srcPage": 64,
      "srcSentenceEA": 15,
      "srcWordEA": 171
    },
    {
      "srcTextID": "122769",
      "srcText": "“마리아, 이로써 너는 퀴리 부인이 되었구나. 앞으로 행복하게 살 거라.” 서양에서는 결혼을 하면 아내가 남편의 성을 따르는 풍습이 있습니다. 따라서 마리의 이름은 마리아 스클로도프스카에서 마리 퀴리가 된 것입니다. 결혼식을 마친 퀴리 부부는 자전거를 타고 신혼여행을 떠났습니다. 두 사람은 갈 곳도 정하지 않고 맑은 하늘을 바라보며 들판을 달렸습니다. 가다가 피곤하면 풀발에 앉아 쉬고, 배가 고프면 삶은 달걀과 빵으로 요기를 하면서 그들은 행복한 시간을 보냈습니다. 퀴리 부부는 피에르가 다니는 물리 학교에서 멀지 않은 곳에 집을 얻고 새로운 생활을 시작했습니다. 세 개의 방에는 두 사람의 핵과 실험 기구들로 가득 채워졌습니다. 마리는 넉넉하지 못한 살림을 꾸려 가기 위해, 일매매일 가계부를 쓰며 검소한 생활을 해 나갔습니다. 리고 결혼 후에도 연구를 계속하며 보람찬 하루하루를 보냈습니다. 이렇게 열심히 노력한 끝에 마리는 물리학 교사 자격시험에 1등으로 합격했습니다. \"당신이 정말 자랑스럽소.\" \"당신이 힘과 용기를 준 덕분이에요.\" 피에르는 진심으로 아내를 축하해 주었습니다. 퀴리 부부는 그것을 기념하기 위해 프랑스를 두루 구경하는 긴 여행을 떠났습니다. 퀴리 부부가 여행을 마치고 파리로 돌아올 무렵, 독일의 뢴트겐 박사가 X선을 발견하며 세상에 발표했습니다. 그리고 얼마 후, 베크렐 교수가 우라늄이라는 광석을 연구하다가 그 속에서 뢴트겐이 발견한 X선처럼 눈에 보이지 않는 빛이 나오는 것을 발견했습니다. 마리는 베크렐 교수의 연구에 매우 홍미를 느꼈습니다. 그녀는 베크렐 교수가 발견한 빛을 다시 한번 확인하고, 그가 알아내지 못한 빛에 대해서도 연구하고 싶은 충동을 느꼈습니다. 마리의 말을 듣고 피에르도 격려해 주었습니다. \"그것 참 좋은 생각이오. 아직 아무도 손대지 않은 일이니 한번 연구해 볼 만할 거요.\" 퀴리 부부는 함께 연구에 매달렸습니다.",
      "srcPage": 50,
      "srcSentenceEA": 24,
      "srcWordEA": 246
    },
    {
      "srcTextID": "122778",
      "srcText": "비 내리는 거리는 금세 피에르가 흘린 피로 붉게 물들었습니다. 이 광경을 목격한 사람들은 차마 눈을 뜨지 못한 채 비명을 질렀습니다. 피에르는 차가운 시체가 되어 집으로 돌아왔습니다. “불쌍한 녀석, 할 일이 태산같이 많은데 늙은 에비보다 먼저 가다니.\" 아들을 저 세상으로 보낸 피에르의 아버지는 가슴 밑바닥에서 솟구치는 슬픔을 참느라고 얼굴이 구겨진 종이처럼 일그러졌습니다. 마리는 돌처럼 굳어진 채 멍하니 몸서리만 치고 있을 뿐이었습니다. 그러다가 차디찬 피에르의 손에 입을 맞추고 온몸을 끌어안았습니다. 마리의 머릿속에는 피에르와 함께 지낸 지난 10년의 세월이 주마등처럼 스쳐 지나갔습니다. 힘들고 괴로운 날들이었지만 항상 든든한 울타리가 되어 준 남편이 한없이 그리웠습니다. 피에르는 그의 어머니가 잠들어 있는 곳 바로 옆에 묻혔습니다.",
      "srcPage": 59,
      "srcSentenceEA": 10,
      "srcWordEA": 107
    },
    {
      "srcTextID": "122786",
      "srcText": "“퀴리 부인, 부인은 곧 1그램의 라듐을 가지러 미국을 방문하게 될 것입니다.\" 퀴리 부인은 이 미국 여성의 말을 전적으로 믿지는 않았습니다. 그런데 그로부터 1년 후 멜로니는 약속을 지켰습니다. 미국으로 건너가서 위대한 여성 과학자인 퀴리 부인을 위한 모금 운동을 벌여 1그램의 라듐을 살 수 있을 만한 돈을 마련했던 것입니다. 퀴리 부인은 멜로니와 미국 정부의 요청에 따라 미국으로 초청되어 대통령으로부터 직접 라듐 1그램을 선물로 받았습니다. 미국 여행은 퀴리 부인의 생활에 다시 한번 활력을 불어넣어 주었습니다. 그러나 겉으로는 활동적으로 보였지만, 실제로 그녀는 병들어 가고 있었습니다. 퀴리 부인은 신장과 폐가 나빠지고, 눈에 이상이 오고 있다는 것을 4 년 전부터 알고 있었습니다. 그러다가 어느 날부터인가 그녀의 눈은 안경을 써도 소용없을 만큼 시력이 나빠졌습니다. 그녀는 아직 못다한 연구를 위해 눈 수술을 받기로 했습니다. 다행히 수술은 성공적으로 끝나 퀴리 부인의 눈은 정상적인 시력을 되찾게 되었습니다. 이제 퀴리 부인은 바르샤바에 라듐 연구소와 연수원을 세우기 위해 뛰어다녔습니다. 그녀는 그것이 독립된 조국의 부흥을 위해 공헌하는 일이라고 믿었습니다. 폴란드 국민의 마음은 하나로 모아져, 1925년에 시작된 연구소 건립은 1932년 바르샤바에 그 위대한 꿈을 실현하기에 이르렀습니다. 그 무렵에 이렌은 같은 연구소의 학자와 결혼했습니다. 사위까지 보게 된 퀴리 부인은 이제 머리가 희끗희끗한 노인이 되었습니다. 그리고 라듐 연구를 하느라 방사선을 많이 쬐어 악성 빈혈이라는 무서운 병으로 고통받게 되었습니다. 에브의 헌신적인 간호에도 불구하고 그녀의 병은 나날이 악화되어 갔습니다. 이제 퀴리 부인은 자리에 누워서 지내야만 했습니다. 어느 날 퀴리 부인은 웃음 띤 얼굴로 에브를 보며 말했습니다. \"창밖의 햇살과 맑은 공기가 참 좋구나.\" 그날 퀴리 부인의 병세는 좀 나아진 듯 보였습니다. 하지만 그로부터 며칠 후 퀴리 부인은 의식을 잃고 말았습니다. 에브는 곧 이렌 부부에게 알렸습니다. 퀴리 부인은 혼수상태에 빠져 있으면서도 마지막까지 두 딸들에게 방사능에 대한 이야기를 들려주었습니다. 그러다가 조용히 숨을 몰아쉬더니 영원히 눈을 감았습니다. 67세의 생애를 끝마친 것입니다. 이렌 부부와 에브는 퀴리 부인이 조국을 떠날 때부터 줄곧 지니고 있던 폴란드의 흙 한 줌을 그녀의 관위에 뿌려 주었습니다.",
      "srcPage": 67,
      "srcSentenceEA": 28,
      "srcWordEA": 314
    },
    {
      "srcTextID": "122770",
      "srcText": "그러는 동안 그들에게 매우 기쁜 일이 생겼습니다. 귀여운 딸 이렌이 태어난 것입니다. 1897년 9월, 결혼한 지 3년째 되는 해의 일이었습니다. 아기가 생겨 더욱 시간을 쪼개야 했지만, 마리는 연구를 조금도 게을리하지 않았습니다. 피에르는 따뜻하고 자상하게 아내와 딸을 보살피며, 연구에 있어서는 훌륭한 동료가 되어 주었습니다. 그런데 새로운 실험과 연구를 하기에는 실험실이 너무 비좁았습니다. 피에르는 물리 학교 교장에게 부탁하여 학교의 창고 하나를 빌릴 수가 있었습니다. 비가 새고 습기가 차서 축축하고 냉기가 느껴졌지만 마리는 무척 기뻤습니다. \"연구만 할 수 있으면 돼요. 고마워요, 피에르.\" 마리는 그 방에 실험 기구와 책을 가지다 놓고 연구를 시작했습니다. 피에르는 바쁜 가운데에도 틈을 내어서 연구실에 들러 마리를 격려해 주었고, 연구에 대해 조언도 해 주었습니다. 그러던 어느 날, 마리가 감격한 목소리로 달했습니다. \"여보, 여러 가지 광석 가운데 우라늄과 토륨이 들어 있는 광석만이 이상한 빛을 낸다는 사실을 발견했어요.\"",
      "srcPage": 51,
      "srcSentenceEA": 14,
      "srcWordEA": 137
    },
    {
      "srcTextID": "122785",
      "srcText": "“저도 일생 동안 어머니처럼 물리학을 공부하고 싶어요. 어머니의 연구실에서 제가 공부할 수 있게 해 주세요.\" “그래? 물리학의 어느 분야를 연구하고 싶니?” “라듐의 연구요.\" “오, 이렌. 그것 참 반가운 일이로구나.\" 퀴리 부인은 맏딸 이렌이 자신의 뒤를 이어 준다고 생각하니 마음이 든든하고 그지없이 자랑스러웠습니다. 이번에는 14세의 에브에게 물었습니다. “에브는 어떤 꿈을 갖고 있지?\" “전. 의학을 할 생각이었는데, 제 적성에 잘 맞지 않는 것 같아요. 저에겐 아무래도 음악이 어울릴 것 같아요. 특히 피아노를 연주하는 것이 좋아요.\" “그래, 자기가 가고 싶은 길을 가는 것이 가장 바람직하지. 그런데 무엇보다도 중요한 것은 어느 길을 가든 끝까지 최선을 다하는 거란다.\" 1920년 5월의 어느 날, 미국의 뉴욕에서 브라운 멜로니라는 여성이 퀴리 부인을 찾아왔습니다. 그녀는 뉴욕에서 큰 잡지를 발행하고 있으며 탐방 기자로서도 명성을 떨치고 있었습니다. 멜로니는 파리의 라듐 연구소 대기실에서 퀴리 부인을 기다리고 있었습니다. 잠시 후 연구소 문이 열리고 검은 무명옷을 입은 퀴리 부인이 나왔습니다. 높은 명성에 어울리지 않는 수수한 모습이었지만, 그녀의 경건하고 따뜻한 분위기에 멜로니는 저절로 머리가 숙여졌습니다. \"미국 여성들은 부인의 위대한 업적에 대해 관심이 아주 많답니다. 그런데 라듐을 발견하신 부인께서는 얼마만큼의 라듐을 갖고 계신가요?\" 퀴리 부인은 살포시 미소류 지었습니다. \"제 것은 없습니다. 1그램 정도의 라듐이 이 연구소에 있을 뿐이지요.\" 멜로니는 놀란 표정을 지으며 달했습니다. \"부인은 라듐을 발견한 분으로서 라듐 제조의 특허를 받으실 수 있잖습니까? 특히를 받으면 큰 부자가 된 수 있으실 텐데요.\" \"라듐은 하나의 원소입니다. 저와 남편은 그것을 발견했을 뿐이지요. 그것이 어느 한 사람의 소유가 될 수는 없는 것입니다.\" \"만약 부인께 소망이 있으시다면 그건 무엇입니까?'' \"연구를 계속하기 위해 1그램의 라듐이 더 필요한데, 가격이 너무 비싸서 나로서는 살 수가 없군요.\"",
      "srcPage": 66,
      "srcSentenceEA": 32,
      "srcWordEA": 263
    },
    {
      "srcTextID": "122776",
      "srcText": "“라듐은 새로운 원소로서 여러 가지 도움을 줍니다. 그러나 나쁜 의도로 사용되면 노벨이 발명한 다이너마이트와 마찬가지로 매우 위험한 것이 될 수도 있습니다.\" 그런데 피에르가 우려했던 일은 현실로 이루어지 고 말았습니다. 퀴리 부부가 발견한 방사성 물질은 원자 폭탄으로 만들어져 제2차 세계 대전에 사용되었던 것입니다. 한편 1904년에는 둘째 딸 에브가 태어나 퀴리 부부의 기쁨을 한층 더해주었습니다. 그러나 이러한 기쁨이 겹치는 중에 바르샤바에 계신 아버지가 세상을 떠났습니다. 마리는 죽음 직전까지 아버지를 홀로 있게 했다는 사실이 너무나 가슴 아팠습니다. 마리는 그동안의 과로와 깊은 슬픔 때문에 몸이 약해질 대로 약해졌습니다. 마리는 쇠약해진 몸을 이끌고 파리로 돌아왔 습니다. 노벨상을 수상한 이후에도 퀴리 부부는 여전히 조용하고 검소한 생활을 하면서 예전처럼 다시 연구에 몰두했습니다. 피에르는 이따금 큰딸 이렌을 데리고 산책을 하였는데 그때마다 친절하게 딸의 얘기를 들어 주고 묻는 말에 자상하게 대답해 주었습니다. 어린 이렌은 부모의 과학 연구에 꽤 관심을 보였습니다. 1906년 부활절 휴가를 맞이하며 피에르는 가족을 데리고 시골로 내려갔습니다. 그 동 안 피로에 지쳤던 그들 부부에게는 이러한 휴식이 절실하게 필요했습니다. 피에르는 들판에서 두 딸들과 뒹굴며 모처럼 평화로운 시간을 가졌습니다. 그리고 그러한 시간 가운데에도 아내와 함께 앞으로의 연구에 대한 계획을 세웠습니다.",
      "srcPage": 57,
      "srcSentenceEA": 16,
      "srcWordEA": 186
    },
    {
      "srcTextID": "122780",
      "srcText": "강의실에는 그 강의를 듣는 학생들은 물론이고 신문 기자와 강의를 신청하지 않은 학생들까지도 호기심을 갖고서 모여앉아 있었습니다. 검은색 옷을 입은 퀴리 부인이 강단에 서자 우레와 같은 박수가 터져 나왔습니다. 퀴리 부인은 잠시 동안 박수가 멎기를 기다렸습니다. 주위가 조용해지자 피에르가 중단했던 바로 그 대목에서부터 강의를 시작했습니다. 피에르에 대한 입적과 자신을 강단에 서게 해 준 대학에 대한 인사말 정도로 첫 강의를 마칠 것이라고 생각했던 사람들은 다시 한번 퀴리 부인의 의연한 태도에 감동을 받았습니다. 그 후 퀴리 부인은 소르본 대학에서 강의를 하는 틈틈이 실험실에서 연구하고, 저녁때에는 집으로 돌아와서 가족들을 보살폈습니다. 이 무렵 퀴리 부인에게 큰 힘이 되어 준 것은 어린 이렌과 에브, 그리고 시아버지였습니다. 그들은 퀴리 부인 곁에서 큰 위로를 해 주었습니다. 아이들이 자람에 따라 퀴리 부인은, 학교의 동료 교수들과 의논하여 소르본 대학의 작은 강의실에 아이들이 자유롭게 공부할 수 있는 공간을 마련했습니다. 이렌을 포함한 10명가량의 아이들이 그 방에서 즐겁게 공부를 했습니다. 수학, 화학, 물리학, 문학, 역사 등 여러 분야의 교수들이 어린 학생들을 위하여 아주 흥미롭게 학문의 세계를 가르쳐 주었습니다. 그중에서도 아이들이 가장 좋아한 것은 퀴리 부인이 가르치는 물리학 시간이었습니다. 퀴리 부인은 '과학이란 멀고 어려운 것이 아니라 가까운 곳에 있다'는 것을 가르치기 위해 산책과 자연 관찰을 주로 하는 방식으로 아이들을 가르쳤습니다. 퀴리 부인은 많은 일들을 해야 했습니다. 피에르가 다하지 못한 연구와 소르본 대학에서의 강의, 아이들을 기르고 가르치는 일 등에 시간을 몽땅 쏟느라 자신을 위해 쓸 시간은 없었습니다. 그렇게 바쁜 나날 속에서도 퀴리 부인은 남편 피에르의 연구 결과를 책으로 펴냈습니다. 언제나 피에르를 마음속에 기억하고 있는 퀴리 부인에게 이 일은 매우 의미 있는 것이었습니다. 또 퀴리 부인은 라듐의 국제적인 표준을 처음으로 제정하고, 라듐 금속을 만드는 일에 착수했습니다.",
      "srcPage": 61,
      "srcSentenceEA": 20,
      "srcWordEA": 268
    },
    {
      "srcTextID": "122781",
      "srcText": "이 무렵 퀴리 부인은 자신이 밀고 나가던 방사능 영역의 연구를 인정받아 소르본 대학에서 세계 최초로 방사능 강의를 맡게 되었습니다. 그리고 마침내 순수한 라듐 금속을 만드는 데에 성공했습니다. 이 연구 업적으로 퀴리 부인은 노벨상을 두 번이나 받는 영광을 얻게 되었습니다. 1911년의 일이었습니다. 퀴리 부인은 남편 피에르와 함께 들어갔던 넓은 수상식장에 이번에는 딸 이렌과 함께 나타났습니다. 이 어린 이렌이 24년 후에 그 수상식장에서 노벨상을 받게 되리라는 것을 이날은 아무도 알지 못했습니다. 이제 퀴리 부인의 명예와 영광은 세계가 인정하는 것이 되었습니다. 온 세계 사람들이 퀴리 부인에게 관심을 쏟았지만, 퀴리 부인은 연구에 필요한 시간을 빼앗기고 싶지 않아 그들을 피했습니다. 또한 퀴리 부인은 방사능 연구를 위한 실험실을 건설하기 위해 여기저기를 뛰어다녔습니다. 이때 폴란드의 바르샤바에서 기쁜 소식이 날아왔습니다. 바르샤바에 방사능 연구소를 세울 계획인데, 퀴리 부인의 도움을 받고 싶다는 내용이었습니다. '폴란드를 위한 일이라면 무엇이든 하고 싶다.' 퀴리 부인은 곧 흔들리는 기차에 몸을 싣고 바르샤바로 달려갔습니다. 수많은 사람들이 그녀를 환영하기 위 거리를 가득 메웠습니다.",
      "srcPage": 62,
      "srcSentenceEA": 14,
      "srcWordEA": 158
    },
    {
      "srcTextID": "122766",
      "srcText": "그동안 많은 만남을 가지면서 두 사람은 서로에게 호감이 있다는 것을 확신하게 되었습니다. 그로부터 일주일 후의 휴일에 피에르가 마리를 찾아왔습니다. “나의 부모님께 마리를 소개하고 싶습니다.\" “저도 그분들을 뵙고 싶어요.\" 마리는 흔쾌히 피에르를 따라나섰습니다. 평소에 입던 허름한 옷차림 그대로였지만, 그녀의 반짝이는 눈을 본 피에르의 부모는 마리를 무척 마음에 들어 했습니다. “아름답고 영리한 아가씨로군요. 우리는 피에르가 이렇게 훌륭한 아가씨를 만나게 될 줄 알았답니다.\" 마리 역시 피에르 부모님에 대해서 아주 좋은 인상을 받고 파리로 돌아왔습니다. 마리는 수학 학사 시험에 2등으로 합격한 뒤 폴란드로 돌아 가기 위해 짐을 꾸렸습니다. 피에르는 짐 싸는 일을 도우면서 뜻밖에도 이렇게 말했습니다. \"마리. 떠나기 전에 꼭 돌아오겠다고 약속해 줘요. 그리고 돌아오면 나의 아내가 되어 줘요.\" 마리는 무척 당황했습니다. \"피에르, 그건 안 돼요.\" 사실 마리도 피에르를 좋아하고 있었습니다. 하지만 프랑스 사람과 결혼하는 것은 조국 폴란드를 배신하는 일이라고 생각했기 때문에 이렇게 대답한 것입니다. 마리의 눈에는 눈물이 글썽이고 있었습니다. \"피에르, 내게는 조국 폴란드가 무엇보다도 소중하답니다. 그리고 고국에는 늙으신 아버지가 홀로 계셔요.\" \"하지만 마리, 당신이 열심히 공부해서 폴란드에 큰 영광을 바친다면 그것도 나라를 사랑하는 일이지 않소?\"",
      "srcPage": 47,
      "srcSentenceEA": 21,
      "srcWordEA": 176
    },
    {
      "srcTextID": "122777",
      "srcText": "다시 파리로 돌아온 피에르는 거의 매일 연구실에만 틀어박혀서 지냈습니다. 마치 자기의 생애가 길지 못할 것이라는 예감에 쫓기기라도 한 것처럼 그는 무섭게 연구에만 전념했습니다. 그 해 4월 19일, 피에르는 다른 학자들과 함께 저녁 식사를 하기로 약속하였습니다. 이날은 가늘고 차가운 빗줄기가 흩뿌려 길이 매우 미끄러웠습니다. 밤늦게 식사를 마치고 동료들과 헤어진 피에르는 센 강변을 걸어 집으로 돌아오고 있었습니다. 이 길은 평소 피에르가 좋아하는 산책로였습니다. 피에르가 부두 쪽으로 걸어가려고 교차로를 건너는 순간, 뒤쪽에서 두 마리의 말이 끄는 육중한 짐마차가 그를 향해 달려왔습니다. 피에르는 황급히 피하려고 했지만 그만 빗물에 미끄러져 넘어지고 말았습니다. 그의 몸을 마차의 뒷바퀴가 밟고 지나갔습니다.",
      "srcPage": 58,
      "srcSentenceEA": 9,
      "srcWordEA": 101
    },
    {
      "srcTextID": "122784",
      "srcText": "생각 끝에 퀴리 부인은 20여 곳에 방사선 치료소를 설치했습니다. 많은 부상병들이 퀴리 부인이 설치한 치료소에서 목숨을 건졌습니다. 이렌도 어머니처럼 전쟁터 각지를 돌며 자기 역할을 훌륭히 해냈습니다. 이렌은 어머니가 연구실과 학교에서 여러 가지 일과 연구를 동시에 했던 것처럼, 방사선에 대한 공부와 간호에 대한 공부를 함께 해 나갔습니다. 전쟁이 지속되는 5년 동안 퀴리 부인은 많은 부상병을 치료했습니다. 그녀는 위대한 과학자일 뿐 아니라 사랑과 희생정신을 지닌 여인이기도 했던 것입니다. 마침내 전쟁이 끝나고 평화가 찾아왔습니다. 그리고 조국 폴란드가 해방을 맞이하여 150년 만에 독립국으로서 새롭게 태어났습니다. 퀴리 부인은 다시 라듐 연구소에 나가서 연구를 계속해 나갔습니다. 그러나 전쟁 기간 동안 자신이 가지고 있던 돈을 다 써 버렸기 때문에 그녀는 생활이 어려울 정도로 가난뱅이가 되어 있었습니다. 어느 날 퀴리 부인은 두 딸들을 불러 이야기를 나누었습니다. “너희들도 이제 다 컸구나. 이렌, 너는 장래 희망이 무엇이냐?” 퀴리 부인은 이제 21세의 처녀가 된 이렌을 바라보며 흐뭇한 표정으로 물었습니다.",
      "srcPage": 65,
      "srcSentenceEA": 14,
      "srcWordEA": 150
    },
    {
      "srcTextID": "122772",
      "srcText": "“그럽시다. 마리, 이것은 당신이 발견한 것이니 당신이 이름을 짓도록 해요.\" “나의 조국 폴란드의 이름을 따서 폴로늄이라고 하면 어떨까요?\" “폴로늄? 좋은 이름이오.\" 그러나 피치블렌드 속에는 아직도 알려지지 않은 또 다른 물질이 있었습니다. 퀴리 부부는 이 물질을 찾아내기 위해 연구를 계속했습니다. 밤낮을 가리지 않고 노력을 거듭한 끝에 마침내 그 물질이 발견되었습니다. “여보, 드디어 찾아냈어요.\" “그래요. 마침내 그동안 노력한 결실을 얻었구려. 이것은 방사능의 근원이라는 뜻으로 라듐이라고 이름 짓는 게 어떻겠소?” “좋아요. 그렇게 해요.\" 퀴리 부부는 가벼운 발걸음으로 연구실을 나오며 기쁨의 눈물을 흘렸습니다. 두 사람은 연구 결과를 과학 학회에 보고했습니다. 하지만 많은 과학자들은 더욱 확실한 연구 결과를 원했습니다. 피에르와 마리는 학계에 확실한 것을 발표하기 위하여 더욱 깊이 연구하기로 했습니다. 그러나 그러기 위해서는 많은 돈이 필요했습니다. 실험에 필요한 만큼의 라듐을 추출해 내기 위해서는 아주 많은 양의 광석이 필요한데, 그 광석의 값이 매우 비쌌기 때문입니다. 마리는 낙심하지 않을 수 없었습니다. \"희망을 가집시다. 분명 충분한 양의 광석을 구할 수 있는 방법이 있을 거요.\" 피에르는 마리를 격려했습니다. 마리는 힘을 내어 다시 연구실에 틀어박혔습니다. 그러면서도 어머니로서의 역할과 아내의 역할에 소홀하지 않았습니다. 피에르는 이런 아내를 위해 여기저기 뛰어다니며 광석을 얻기에 분주했습니다.",
      "srcPage": 53,
      "srcSentenceEA": 23,
      "srcWordEA": 191
    },
    {
      "srcTextID": "122774",
      "srcText": "고생하는 마리를 보며 피에르는 마음이 아팠습니다. “마리, 조수도 없이 이렇게 고생을 시켜서 미안하오.\" “아니에요. 조수가 있으면 일의 진행은 빠르겠지만, 라듐의 분리 과정을 낱낱이 알기는 어려울 거예요.\" 몇 달 동안 연구에만 매달리는 사이에 그들의 연구 비용은 거의 바닥이 나고 말았습니다. 돈을 마련하기 위해 퀴리 부부는 학교에서 다시 학생들을 가르쳐야 했습니다. 마리는 세브르의 고등사범학교에서 근무하기로 했고, 피에르는 소르본 대학에서 근무하기로 했습니다. 그 무렵 피에르의 어머니가 돌아가시자, 두 사람이 연구에 몰두할 수 있도록 피에르의 아버지가 이렌을 보살펴 주기로 했습니다.",
      "srcPage": 55,
      "srcSentenceEA": 7,
      "srcWordEA": 81
    },
    {
      "srcTextID": "122779",
      "srcText": "남편의 장례식을 마치고 나서 마리는 오랫동안 아무 일도 하지 못한 채 지냈습니다. 그때 소르본 대학으로부터 피에르의 뒤를 이어 피에르가 가르치던 과목을 맡아 달라는 요청이 왔습니다. 그때까지 소르본 대학에서 여자가 강의를 한 적은 한 번도 없었습니다. 마리는 피에르를 잃은 상처를 안은 채 그 일을 해낼 자신이 없었습니다. 그런데 문득 피에르가 살아 있을 때 했던 말이 떠올랐습니다. '마리. 무슨 일이 있어도 죽을 때까지 학문과 연구류 계속해야 하오.' 퀴리 부인은 고개류 들고 또렷하게 대답했습니다. “해 보겠어요.\" 마침내 그녀의 첫 강의날이 되었습니다. 아침 일찍 남편의 무덤을 찾아간 퀴리 부인은 오랫동안 무덤 앞에 앉아 마음을 가라앉힌 후 소르본 대학의 강단에 섰습니다.",
      "srcPage": 60,
      "srcSentenceEA": 10,
      "srcWordEA": 104
    },
    {
      "srcTextID": "122782",
      "srcText": "폴란드는 여전히 러시아의 지배를 받고 있었지만, 러시아 관리들도 세계적인 명성을 얻고 있는 퀴리 부인에게는 어떤 간섭도 할 수가 없었습니다. 퀴리 부인은 태어나서 처음으로 폴란드 말로 당당하게 폴란드 사람들과 이야기를 나누었습니다. 폴란드 여행은 퀴리 부인에게 새로운 힘과 용기를 주었습니다. 그녀가 파리로 돌아온 지 얼마 후, 소르본 대학의 주선으로 라듐 연구소의 설립이 추진되었습니다. 퀴리 부인은 매일 공사장에 나가 일의 진행을 지시했습니다. 공사는 순조롭고 빠르게 진행되었습니다. 1914년 7월, 마침내 라듐 연구소가 완성되었습니다. 죽은 피에르가 손수 설계까지 했으면서도 그의 생애에는 갖지 못했던 훌륭한 연구소를 보자 퀴리 부인은 가슴이 뜨거워졌습니다. '피에르, 이제 이곳에서 당신의 꿈을 키워 갈 거예요.' 퀴리 부인은 남편 피에르를 떠리며 나직이 속삭였습니다. 그런데 프랑스의 라듐 연구소에서 제대로 된 연구 활동이 이루어지기도 전에 유럽 전체가 전쟁에 휘말리게 되었습니다. 제1차 세계 대전이 일어난 것입니다. 독일군은 예고도 없이 벨기에를 넘어 프랑스로 물밀듯이 쳐들어왔습니다. 프랑스 전체가 전쟁의 소용돌이에 휘말리게 되자, 라듐 연구소의 젊은 청년들도 모두 전쟁터로 달려나갔습니다.",
      "srcPage": 63,
      "srcSentenceEA": 14,
      "srcWordEA": 153
    },
    {
      "srcTextID": "122771",
      "srcText": "“그건 베크렐 교수의 연구에서 이미 밝혀진 게 아니오?\" “그런데 이 피치블렌드라는 돌에서는 우라늄을 뽑아낸 후에도 계속 빛이 나오고 있어요. 우라늄과 토륨이 발하는 빛보다도 훨씬 강한 빛이에요.\" “그렇소? 굉장한 발견이구려. 그 빛이 무엇일까? 어서 그걸 알아냅시다. 나도 내 연구를 중단하고 그 일에 매달리겠소.\" “고마워요, 여보\" 마리는 더욱 용기를 얻었습니다. 이렇게 해서 두 사람은 함께 신비한 빛을 밝히는 일을 하게 되었습니다. 두 사람은 먼저 이 신비한 빛을 '방사선'이라 부르고, 방사선이 빛을 내는 이러한 현상을 ’방사능'이라 이름 지었습니다. 퀴리 부부는 피치블렌드를 녹여서 성분을 하나하나 분석한 끝에 그 속에서 빛을 내는 물질을 찾아냈습니다. “피에르, 광선의 정체는 바로 이것이었군요.\" 두 사람은 기쁨으로 가슴이 떨려 왔습니다. “그런데 빛의 세기를 보아 이것보다 좀 더 강한 빛을 내는 것이 또 있을 것 같소.\" “그래요. 하지만 이것도 새로운 물질이니 이름을 붙여서 세상에 발표하죠.\"",
      "srcPage": 52,
      "srcSentenceEA": 18,
      "srcWordEA": 137
    },
    {
      "srcTextID": "122773",
      "srcText": "그러던 중 오스트리아의 한 교수가 기쁜 소식을 전해 왔습니다. 연구에 필요한 충분한 양의 우라늄 광석을 제공하겠다는 것이었습니다. 게다가 피에르가 근무하는 학교의 교장 선생님은 광석을 보관할 수 있는 창고를 빌려주었습니다. 1899년 4월의 어느 날 아침, 마침내 광석을 실은 마차가 학교에 도착했습니다. 퀴리 부부는 너무도 감격하여 서로를 힘껏 끌어안았습니다. 그들은 실험실에 틀어박혀 연구를 거듭했습니다. 피에르가 라듐의 특성에 관해서 연구하는 동안, 마리는 광석을 처리하며 순수한 라듐을 뽑아내기로 했습니다. 마리는 잘게 빻은 광석 가루를 큰 솥에 넣고 약품을 섞은 뒤, 자기의 키만한 쇠막대를 휘저으며 라듐을 뽑아 내기 위해 열중했습니다. 몇 톤이나 되는 돌이 마리의 손으로 빻아지고 녹여졌지만 라듐은 좀처럼 발견되지 않았습니다. 마리의 손은 거칠어지고 갈라졌습니다.",
      "srcPage": 54,
      "srcSentenceEA": 10,
      "srcWordEA": 110
    }
  ]
}