{
  "title": "콩쥐 팥쥐",
  "author": "홍련",
  "illustrator": "박정인",
  "isbn": "9791165957643",
  "readAge": "초등_고학년",
  "publishedYear": 2022,
  "publisher": "아람북스",
  "classification": "의사소통",
  "paragraphInfoCount": 23,
  "paragraphInfo": [
    {
      "srcTextID": "14331",
      "srcText": "하루는 마을에 큰 잔치가 열렸어. 새엄마와 팥쥐는 고운 옷을 차려입었어. 그런데 새엄마는 콩쥐에게는 이렇게 말했지. “빈 독에 물 가득 채워 놓고, 벼 아홉 섬 콩콩 찧어 놓고, 삼을 잘근잘근 삼아서, 삼베 아홉 필을 모두 짜면 그때 잔칫집에 오너라.”",
      "srcPage": 8,
      "srcSentenceEA": 4,
      "srcWordEA": 40
    },
    {
      "srcTextID": "14330",
      "srcText": "그러고 나서 새엄마와 팥쥐 둘만 잔칫집에 갔어. “언제 이걸 다 할까?” 콩쥐는 멀뚱히 서서 눈물만 뚝뚝 흘렸어.",
      "srcPage": 9,
      "srcSentenceEA": 3,
      "srcWordEA": 18
    },
    {
      "srcTextID": "14332",
      "srcText": "그때 두꺼비 한 마리가 느릿느릿 기어 왔어. 두꺼비는 독 안으로 쏙 들어가더니 구멍을 척 막아 주었지. 콩쥐는 두꺼비 덕분에 빈 독에 물을 가득 채울 수 있었어. “두꺼비야, 정말 고마워!”",
      "srcPage": 10,
      "srcSentenceEA": 4,
      "srcWordEA": 31
    },
    {
      "srcTextID": "14334",
      "srcText": "그런데 가만 보니 참새는 벼를 쪼아 먹는 게 아니라 벼 껍질을 벗기고 있었어. 참새들은 순식간에 아홉 섬의 벼 껍질을 모두 벗겨 놓았지. “참새들아, 정말 고마워!”",
      "srcPage": 12,
      "srcSentenceEA": 3,
      "srcWordEA": 26
    },
    {
      "srcTextID": "14339",
      "srcText": "“아유, 삼베 아홉 필은 또 언제 짜지.” 콩쥐가 한숨을 쉬고 있는데 하늘에서 선녀가 내려왔어. 선녀는 베틀 앞에 앉더니 삼베를 모두 짜 주었어.",
      "srcPage": 15,
      "srcSentenceEA": 3,
      "srcWordEA": 24
    },
    {
      "srcTextID": "14340",
      "srcText": "그런 다음, 고운 비단옷과 꽃신을 콩쥐에게 주었지. “콩쥐야, 이걸 입고 잔칫집에 가렴.” “선녀님, 정말 고맙습니다.” 콩쥐는 꼭 꿈을 꾸고 있는 것 같았어.",
      "srcPage": 16,
      "srcSentenceEA": 4,
      "srcWordEA": 23
    },
    {
      "srcTextID": "14343",
      "srcText": "콩쥐는 곱게 꾸미고 잔칫집으로 향했어. 콩쥐가 냇물을 건너고 있을 때였지. “원님이 지나가시니, 모두 비키시오!” 그 소리에 놀란 콩쥐는 급하게 냇물을 건너다 발을 잘못 디뎌 꽃신 한 짝을 떨어뜨리고 말았어.",
      "srcPage": 17,
      "srcSentenceEA": 4,
      "srcWordEA": 31
    },
    {
      "srcTextID": "14342",
      "srcText": "원님은 냇물에 동동 떠내려오는 꽃신을 주웠어. “이 아름다운 꽃신의 주인은 분명 특별한 여인일 테다. 이 꽃신 주인을 찾으러 가자!” 원님은 포졸들을 이끌고 꽃신 주인을 찾으러 사람들이 모여 있는 잔칫집으로 갔어.",
      "srcPage": 18,
      "srcSentenceEA": 4,
      "srcWordEA": 32
    },
    {
      "srcTextID": "14345",
      "srcText": "포졸들은 잔칫집에서 소리쳤어. “이 꽃신의 주인을 찾소!” 그러자 너나없이 꽃신을 신으려 했지.",
      "srcPage": 19,
      "srcSentenceEA": 3,
      "srcWordEA": 13
    },
    {
      "srcTextID": "14344",
      "srcText": "물론 욕심 많은 새엄마와 팥쥐도 나섰어. “내놔요, 내 꽃신이란 말이에요!” 자그마한 꽃신은 새엄마의 커다란 발에 맞을 리 없었고, 팥쥐의 두툼한 발에는 더더욱 맞지 않았지. 하지만 팥쥐는 꽃신을 쥐고 자기 것이라고 우겨댔어. 포졸들이 간신히 떼어 놓을 때까지 말이야.",
      "srcPage": 20,
      "srcSentenceEA": 5,
      "srcWordEA": 40
    },
    {
      "srcTextID": "14346",
      "srcText": "“제가 한번 신어 볼게요.” 마지막으로 콩쥐가 나섰어. 꽃신은 콩쥐의 자그마한 발에 꼭 맞았지.",
      "srcPage": 21,
      "srcSentenceEA": 3,
      "srcWordEA": 15
    },
    {
      "srcTextID": "14348",
      "srcText": "원님은 감격하며 꽃신에 관해 물었어. 콩쥐는 그동안의 이야기를 들려주었어. “마음이 한없이 고와 하늘이 도왔구려. 나의 색시가 되어 주겠소?”",
      "srcPage": 22,
      "srcSentenceEA": 4,
      "srcWordEA": 20
    },
    {
      "srcTextID": "14347",
      "srcText": "얼굴이 발그레해진 콩쥐는 고개를 살며시 끄덕였어. 새엄마와 팥쥐는 어떻게 되었을까? 행복한 콩쥐를 보고 약이 잔뜩 올라 울화병이 났대.",
      "srcPage": 23,
      "srcSentenceEA": 3,
      "srcWordEA": 20
    },
    {
      "srcTextID": "14326",
      "srcText": "하루는 새엄마가 콩쥐와 팥쥐를 불렀어. “둘이 나가서 밭을 매고 오너라.” 그러고는 팥쥐에게는 따끈따끈한 쌀밥과 튼튼한 호미를 주었어. 콩쥐에게는 새까맣게 탄 누룽지와 낡은 호미를 주었지.",
      "srcPage": 4,
      "srcSentenceEA": 4,
      "srcWordEA": 26
    },
    {
      "srcTextID": "14325",
      "srcText": "팥쥐는 밭을 매는 둥 마는 둥 하더니 쌀밥을 날름날름 먹어 치웠어. “에구, 열심히 일했더니 졸린걸.” 팥쥐는 하품만 쩍쩍하다가 낮잠을 잤어. 하지만 콩쥐는 낡은 호미로 밭을 매느라 땀을 뻘뻘 흘렸지. 탄 누룽지를 먹을 틈도 없이 말이야.",
      "srcPage": 5,
      "srcSentenceEA": 5,
      "srcWordEA": 38
    },
    {
      "srcTextID": "14329",
      "srcText": "그런데 그만 호미 손잡이가 부러졌어. “어머, 이를 어째!” 콩쥐는 부러진 호미를 잡고 발을 동동 굴렀어.",
      "srcPage": 6,
      "srcSentenceEA": 3,
      "srcWordEA": 16
    },
    {
      "srcTextID": "14328",
      "srcText": "그때 하늘에서 검은 소 한 마리가 사뿐 내려왔지. 콩쥐는 어찌나 놀랐던지 눈을 비벼 댔어. 검은 소는 눈 깜짝할 사이에 밭을 모두 매 주었어. 콩쥐에게 반짝이는 새 호미까지 주었지. 콩쥐는 탄 누룽지를 오독오독 먹으며 날 듯이 집으로 돌아갔어.",
      "srcPage": 7,
      "srcSentenceEA": 5,
      "srcWordEA": 41
    },
    {
      "srcTextID": "14335",
      "srcText": "콩쥐는 말려 둔 벼를 보니 다시 한숨이 나왔어. “휴, 한 섬도 아니고 아홉 섬을 언제 다 찧지?” 그때 참새 떼가 우르르 날아와 벼를 쪼아 댔어. 깜짝 놀란 콩쥐는 이리 뛰고 저리 뛰며 참새들을 쫓았지.",
      "srcPage": 11,
      "srcSentenceEA": 4,
      "srcWordEA": 36
    },
    {
      "srcTextID": "14337",
      "srcText": "그런데 콩쥐의 얼굴이 다시 어두워졌어. “삼은 언제 삼고, 삼베 아홉 필은 언제 짜지?” 그때 소 울음소리가 들렸어.",
      "srcPage": 13,
      "srcSentenceEA": 3,
      "srcWordEA": 18
    },
    {
      "srcTextID": "14338",
      "srcText": "콩쥐가 돌아보니 며칠 전에 밭을 매 준 검은 소였지. 검은 소는 삼을 잘근잘근 어찌도 잘 삼는지 실이 줄줄이 만들어졌어. “검은 소야, 정말 고마워!”",
      "srcPage": 14,
      "srcSentenceEA": 3,
      "srcWordEA": 24
    },
    {
      "srcTextID": "14323",
      "srcText": "옛날 옛적 어느 마을에 콩쥐가 살았어. 콩쥐는 일찍이 엄마를 여의었지만 밝고 착하게 자랐지. “콩쥐는 마음씨가 참 고와.”",
      "srcPage": 1,
      "srcSentenceEA": 3,
      "srcWordEA": 18
    },
    {
      "srcTextID": "14322",
      "srcText": "“어디 마음씨만 고운가? 얼굴도 말씨도 얼마나 고운데.” 마을 사람들은 콩쥐를 볼 때마다 칭찬을 했지.",
      "srcPage": 2,
      "srcSentenceEA": 3,
      "srcWordEA": 16
    },
    {
      "srcTextID": "14324",
      "srcText": "그러던 어느 날, 아버지가 새엄마와 팥쥐를 데리고 왔어. 새엄마와 팥쥐는 콩쥐를 보자마자 입을 삐죽 내밀었지. 새엄마와 팥쥐는 콩쥐와는 달랐어. 얼굴에는 심술이 가득하고, 말씨는 얼마나 거칠었는지 몰라.",
      "srcPage": 3,
      "srcSentenceEA": 4,
      "srcWordEA": 29
    }
  ]
}