{
  "title": "주시경",
  "author": "이경애",
  "illustrator": "김진경",
  "isbn": "9788961711876",
  "readAge": "초등_고학년",
  "publishedYear": 2007,
  "publisher": "교연아카데미",
  "classification": "의사소통",
  "paragraphInfoCount": 202,
  "paragraphInfo": [
    {
      "srcTextID": "43063",
      "srcText": "\"아니, 이게 어디서 난 거냐?\" \"그 동안 삼아 놓은 짚신을 팔아 번 돈으로 샀어요.\" 어머니는 아들이 정말 기특했습니다.",
      "srcPage": 3,
      "srcSentenceEA": 3,
      "srcWordEA": 19
    },
    {
      "srcTextID": "43066",
      "srcText": "어린 짚신장수. 시골장날, 장터 한 모퉁이에 여덟 살쯤 된 소년이 자리를 잡고 앉았습니다. 그러더니 가마니를 깔고 그 위에 집에서 삼아 가지고 나온 짚신을 늘어놓았습니다. \"아니, 저 어린것이 짚신을 팔러 나왔네!\" \"글쎄 말이야. 쯧쯧.\"",
      "srcPage": 1,
      "srcSentenceEA": 6,
      "srcWordEA": 36
    },
    {
      "srcTextID": "43065",
      "srcText": "사람들은 아직 어린 나이에 장사를 하러 나온 것이 안돼 보였는지, 짚신을 많이 팔아 주었습니다. 주머니가 제법 불룩해지자, 소년은 그 돈으로 쌀을 사고 떡도 샀습니다. 집에 돌아간 소년이 쌀과 떡을 내놓자 어머니는 깜짝 놀랐습니다.",
      "srcPage": 2,
      "srcSentenceEA": 3,
      "srcWordEA": 35
    },
    {
      "srcTextID": "43064",
      "srcText": "그러나 그런 마음을 드러내지 않고 오히려 엄하게 꾸짖었습니다. \"상호야, 다시는 이런 짓 하지 마라. 나는 네가 돈을 벌어서 이런 걸 사 오는 것보다 글공부를 열심히 하는 게 훨씬 더 좋다.\" \"알겠습니다, 어머니.\" 이 효성스러운 소년 상호가 바로 뒷날 우리말과 글을 갈고 닦는 데 평생을 바친 국어학자 주시경 선생입니다.",
      "srcPage": 4,
      "srcSentenceEA": 5,
      "srcWordEA": 50
    },
    {
      "srcTextID": "43070",
      "srcText": "상호는 1876년 12월 22일, 황해도 봉산군 쌍산면 무릉골에서 주학원의 4남 2녀 가운데 둘째 아들로 태어났습니다. 어머니 이씨 부인은 상호가 태어나기 전의 어느 날 밤에 이상한 꿈을 꾸었습니다. 꿈에 흰 수염을 길게 늘어뜨린 노인이 나타나 어머니에게 연적 하나를 주는 게 아니겠습니까?",
      "srcPage": 5,
      "srcSentenceEA": 3,
      "srcWordEA": 42
    },
    {
      "srcTextID": "43067",
      "srcText": "\"자, 이것을 받아라.\" 연적이란 붓글씨를 쓸 때 벼루에 따를 물을 넣어 두는 작은 그릇입니다. 어머니는 그 연적을 두 손으로 공손하게 받아 치마폭으로 감쌌습니다. 그 꿈을 꾼 다음에 낳은 아이가 바로 상호입니다.",
      "srcPage": 6,
      "srcSentenceEA": 4,
      "srcWordEA": 34
    },
    {
      "srcTextID": "43071",
      "srcText": "아버지는 입가에 웃음을 띤 채 사랑스런 눈으로 아기를 들여다보았습니다. \"이 아이는 아마 훌륭한 학자가 될 거요. 연적 꿈을 꾸고 낳았으니 말이오.\"",
      "srcPage": 7,
      "srcSentenceEA": 3,
      "srcWordEA": 22
    },
    {
      "srcTextID": "43075",
      "srcText": "상호는 야무지게 대답했습니다. \"빨리 커서 뭘 하려고?\" \"글을 많이 배우고 싶어서요.\"",
      "srcPage": 13,
      "srcSentenceEA": 3,
      "srcWordEA": 11
    },
    {
      "srcTextID": "43086",
      "srcText": "어른들은 앞으로는 싸우지 말고 사이좋게 지내라 이른 다음, 아이들을 집으로 돌려보냈습니다. \"훈장 어른이 아들 하나는 잘 두었어. 이 다음에 크게 될 거야.\" \"그러게 말이야. 다른 녀석들은 겁이 나서 슬슬 꽁무니를 빼는데, 용기 있게 앞으로 나서는 것 좀 봐.\" 마당 가득 흩어진 수숫대를 치우며 어른들은 상호를 칭찬했습니다.",
      "srcPage": 23,
      "srcSentenceEA": 6,
      "srcWordEA": 49
    },
    {
      "srcTextID": "43078",
      "srcText": "상호가 여섯 살쯤 되던 해의 가을이었습니다. 마을 아이들은 곡식을 거두어들이는 타작 마당에서 놀고 있었습니다. 마당 한 모퉁이에는 짚단과 수숫대가 잔뜩 쌓여 있었습니다.",
      "srcPage": 15,
      "srcSentenceEA": 3,
      "srcWordEA": 24
    },
    {
      "srcTextID": "43084",
      "srcText": "한참 숨바꼭질, 구슬치기를 하던 아이들은 그 놀이에도 싫증이 났는지 다른 놀잇감을 찾았습니다. 그 때 상호의 눈에 수숫대가 들어왔습니다. \"얘들아, 우리 저걸 가지고 놀자.\" \"그래, 그것 참 재미있겠다.\"",
      "srcPage": 16,
      "srcSentenceEA": 4,
      "srcWordEA": 28
    },
    {
      "srcTextID": "43081",
      "srcText": "아이들은 우르르 달려들어 수숫대를 묶어 놓은 새끼줄을 풀었습니다. 수숫대를 한 아름씩 안고 온 아이들은 두꺼운 껍질을 벗기기 시작했습니다. 그러자 그 속에서 하얀 수수깡이 나왔습니다.",
      "srcPage": 17,
      "srcSentenceEA": 3,
      "srcWordEA": 26
    },
    {
      "srcTextID": "43087",
      "srcText": "일곱 살 되던 해, 상호는 다른 아이들과 어울려 아버지에게 글을 배우기 시작했습니다. 아버지가 훈장님이었지만, 공부를 가르칠 때에는 엄하기 짝이 없었습니다. 상호도 한눈 팔지 않고 열심히 배웠습니다.",
      "srcPage": 24,
      "srcSentenceEA": 3,
      "srcWordEA": 28
    },
    {
      "srcTextID": "43085",
      "srcText": "'될성부른 나무는 떡잎부터 알아본다'는 말이 있습니다. 나이에 비해 훨씬 의젓하고, 부모님을 생각하는 마음 또한 남달랐던 상호는, 여덟 살 무렵부터 글공부를 하는 틈틈이 집안일을 도왔습니다. 산에 가서 땔나무를 구해 오기도 하고, 짚을 물에 축였다가 짚신을 삼아 장에 내다 팔기도 했습니다.",
      "srcPage": 25,
      "srcSentenceEA": 4,
      "srcWordEA": 42
    },
    {
      "srcTextID": "43089",
      "srcText": "서울살이. 1887년, 상호는 어느덧 열두 살이 되었습니다. 어느 날, 서울에 사는 큰아버지가 상호의 집으로 내려왔습니다. 큰아버지는 서울 남대문 시장에서 큰 건어물 가게를 하고 있었습니다. 바다와 육지에서 나는 미역, 멸치, 마른 오징어, 밤, 대추 같은 것을 파는 가게로, 장사가 잘 되어 사는 형편은 넉넉했습니다.",
      "srcPage": 26,
      "srcSentenceEA": 4,
      "srcWordEA": 47
    },
    {
      "srcTextID": "43068",
      "srcText": "그러나 상호가 태어난 이듬해와 그 다음 해에 연달아 나라 전체에 큰 흉년이 들었습니다. 사람들은 먹을 것이 없어 풀뿌리나 나무 껍질을 벗겨 먹기도 하고, 나물을 뜯어다 죽을 쑤어 먹기도 했습니다. 가난한 선비의 집이었던 상호네 형편도 말이 아니었습니다.",
      "srcPage": 8,
      "srcSentenceEA": 3,
      "srcWordEA": 38
    },
    {
      "srcTextID": "43069",
      "srcText": "나물죽이나마 먹는 날보다 굶는 날이 더 많았습니다. 어머니가 먹는 것이 없으니 젖도 나오지 않았습니다. 상호는 빈 젖을 물고 있다가 울음을 터뜨렸습니다.",
      "srcPage": 9,
      "srcSentenceEA": 3,
      "srcWordEA": 23
    },
    {
      "srcTextID": "43074",
      "srcText": "빨리 크고 싶은 아이. 모진 가난 속에서도 상호는 별 탈 없이 잘 자랐습니다. 다섯 살 무렵의 어느 날, 상호는 혼자서 마을 어귀에 있는 키가 큰 미루나무를 올려다보며 노래를 불렀습니다. 어서 커라 어서 커라 할 일이 있으니 어서 커라 지나가던 마을 어른이 그 모습을 보고 걸음을 멈추었습니다.",
      "srcPage": 11,
      "srcSentenceEA": 4,
      "srcWordEA": 49
    },
    {
      "srcTextID": "43073",
      "srcText": "\"이 어미가 죄가 많다. 네 작은 배 하나 채워 주지 못하다니.\" 어머니는 상호를 끌어안고 눈물을 흘렸습니다.",
      "srcPage": 10,
      "srcSentenceEA": 3,
      "srcWordEA": 18
    },
    {
      "srcTextID": "43080",
      "srcText": "아이들은 수수깡을 이용해서 여러 가지 장난감을 만들었습니다. 배를 만드는 아이도 있었고 물레방아를 만드는 아이도 있었습니다. 아이들은 저마다 자기가 만든 것을 자랑했습니다.",
      "srcPage": 18,
      "srcSentenceEA": 3,
      "srcWordEA": 23
    },
    {
      "srcTextID": "43082",
      "srcText": "어른들의 호통에 아이들은 마지못해 떨어졌습니다. 그러나 아직도 서로 노려보며 씩씩거리고 있었습니다. \"수숫대는 사방에 어질러 놓고. 도대체 어떤 녀석이 이런 장난을 시작한 거냐?\"",
      "srcPage": 21,
      "srcSentenceEA": 4,
      "srcWordEA": 24
    },
    {
      "srcTextID": "43072",
      "srcText": "\"무슨 그런 노래가 다 있느냐? 나무에게 어서 크라는 거냐, 네가 어서 크고 싶다는 거냐?\" \"제가 빨리 크고 싶어요.\"",
      "srcPage": 12,
      "srcSentenceEA": 3,
      "srcWordEA": 19
    },
    {
      "srcTextID": "43076",
      "srcText": "\"글은 배워서 뭘 하게?\" \"어머니 아버지를 편하게 해 드리고 싶어요.\" \"그런 다음엔?\" \"나라를 위해 일을 해야지요.\" \"허허, 그 녀석 참.\" 마을 어른은 기특하다는 듯 상호의 머리를 쓰다듬어 주었습니다.",
      "srcPage": 14,
      "srcSentenceEA": 6,
      "srcWordEA": 29
    },
    {
      "srcTextID": "43083",
      "srcText": "한 아이가 땅바닥에 쓰러지자, 다른 아이가 그 위에 올라타고 주먹질을 했습니다. 들에 일하러 나갔던 어른들이 돌아오다가 아이들이 싸우는 모습을 보았습니다. \"이 녀석들, 사이좋게 놀지 않고 왜들 싸우는 거냐?\"",
      "srcPage": 20,
      "srcSentenceEA": 3,
      "srcWordEA": 29
    },
    {
      "srcTextID": "43079",
      "srcText": "아이들 중에 누구도 선뜻 대답하지 못했습니다. 혼날까 봐 두려워 슬그머니 뒷걸음질을 치는 아이도 있었습니다. 그 때 상호가 앞으로 나섰습니다. \"제가 먼저 시작했어요. 다른 아이들은 저를 따라서 했을 뿐이에요.\"",
      "srcPage": 22,
      "srcSentenceEA": 5,
      "srcWordEA": 31
    },
    {
      "srcTextID": "43091",
      "srcText": "다음 날 상호는 큰아버지를 따라 서울로 가게 되었습니다. 세상에 나서 처음 집을 떠나는 것이었습니다. 상호는 저도 모르게 눈시울이 뜨거워졌습니다.",
      "srcPage": 31,
      "srcSentenceEA": 3,
      "srcWordEA": 21
    },
    {
      "srcTextID": "43099",
      "srcText": "그 아이는 이상하다는 듯 상호를 아래위로 훑어보았습니다. \"그저 좀 궁금해서.\" 상호는 재빨리 얼버무리고 발길을 돌렸습니다.",
      "srcPage": 42,
      "srcSentenceEA": 3,
      "srcWordEA": 16
    },
    {
      "srcTextID": "43106",
      "srcText": " 이 진사가 상호에게 물었습니다. 엄한 목소리였으나 얼굴 표정은 부드러웠습니다. \"진사 어른처럼 훌륭한 분에게 글을 배우고 싶었습니다. 하지만 감히 말씀을 드릴 수가 없어서 담 너머로 듣기만 하고 있었습니다.\" 상호는 분명하고 또렷한 목소리로 대답했습니다.",
      "srcPage": 47,
      "srcSentenceEA": 5,
      "srcWordEA": 36
    },
    {
      "srcTextID": "43115",
      "srcText": "상호는 좋아서 춤이라도 추고 싶은 마음이었습니다. 상호는 얼른 이 진사 앞에 넙죽 엎드려 감사의 큰 절을 올렸습니다. 그런 상호를 이 진사는 따뜻한 눈길로 바라보았습니다. 상호는 다시 한 번 마음속으로 더욱 열심히 공부하겠다는 다짐을 하였습니다.",
      "srcPage": 52,
      "srcSentenceEA": 4,
      "srcWordEA": 37
    },
    {
      "srcTextID": "43088",
      "srcText": "그런데 몇 년 전 무서운 전염병이 도는 바람에 두 아들과 딸을 한꺼번에 잃은 큰아버지는 쓸쓸하게 지내고 있었습니다. 큰아버지가 찾아온 것은 조카 하나를 데려다가 양자로 삼기 위해서였습니다. 옛날에는 큰집에 아들이 없으면, 흔히 작은집에서 아들을 데려다가 대를 잇게 했습니다.",
      "srcPage": 27,
      "srcSentenceEA": 3,
      "srcWordEA": 39
    },
    {
      "srcTextID": "43096",
      "srcText": "\"여기가 네 방이다.\" 큰아버지가 상호를 방으로 안내했습니다. 난생 처음 혼자서 쓸 수 있는 방을 갖게 된 것입니다.",
      "srcPage": 34,
      "srcSentenceEA": 3,
      "srcWordEA": 19
    },
    {
      "srcTextID": "43121",
      "srcText": "대부분의 양반들은 우리글을 업신여겼으며, 오직 한문만이 제대로 된 글이라고 생각했습니다. 그래서 한문은 '진서'라 부르고 우리글은 '언문'이라고 불렀습니다. 이런 형편이었으므로, 우리글이 있으면서도 그것을 가르치는 곳도 없고 연구하는 곳은 더욱이 없었습니다.",
      "srcPage": 58,
      "srcSentenceEA": 5,
      "srcWordEA": 33
    },
    {
      "srcTextID": "43095",
      "srcText": "\"그래 봐야 장사나 할 거면서 뭘 그렇게 열심히 하니?\" \"과거 시험이라도 볼 생각인가 봐.\" 장난치고 떠드는 아이들, 성의 없는 훈장. 상호는 날이 갈수록 글방에 다니기가 싫어졌습니다.",
      "srcPage": 37,
      "srcSentenceEA": 4,
      "srcWordEA": 28
    },
    {
      "srcTextID": "43098",
      "srcText": "그 가운데 한 아이를 붙들고 상호가 물었습니다. \"이 글방의 훈장님은 어떤 분이냐?\" \"이희종 진사 어른이야. 그런데 그건 왜 묻지?\"",
      "srcPage": 41,
      "srcSentenceEA": 4,
      "srcWordEA": 20
    },
    {
      "srcTextID": "43108",
      "srcText": "\"진사 어른, 이 녀석이 벌써 오래 전부터 우리 집을 기웃거렸습니다. 그래서 오늘은 그 까닭을 밝히려고 하는 중입니다.\" 하인이 말했습니다. \"그게 정말이냐? 넌 무슨 까닭으로 남의 집을 매일 기웃거렸지?\"",
      "srcPage": 46,
      "srcSentenceEA": 5,
      "srcWordEA": 31
    },
    {
      "srcTextID": "43112",
      "srcText": "\"그랬구나. 그래, 네 이름이 뭐냐?\" \"황해도 봉산의 무릉골이라는 마을에서 온 주상호라고 합니다. 지금은 남대문 시장에서 장사를 하시는 큰아버지 댁에 와 있습니다.\"",
      "srcPage": 48,
      "srcSentenceEA": 3,
      "srcWordEA": 23
    },
    {
      "srcTextID": "43117",
      "srcText": "이 진사는 상호를 찬찬히 훑어보았습니다. 빛나는 두 눈이 매우 총명해 보였습니다. 이 진사는 상호가 단박에 마음에 들었습니다.",
      "srcPage": 49,
      "srcSentenceEA": 3,
      "srcWordEA": 19
    },
    {
      "srcTextID": "43110",
      "srcText": "\"그 마음이 기특해서 내 너에게 글을 가르쳐 주마. 내일부터 와서 공부하도록 해라. 그리고 혹시 내 집에 드나드는 지체 높은 양반들이 누구냐고 묻거든 내 친구의 아들이라고 대답하거라.\"",
      "srcPage": 50,
      "srcSentenceEA": 3,
      "srcWordEA": 28
    },
    {
      "srcTextID": "43125",
      "srcText": "\"그게 아닙니다. 제가 신학문을 배우려고 하는 건, 우리 나라가 다른 나라에 뒤지지 않으려면 새로운 문물을 받아들이는 길밖에 없다고 생각하기 때문입니다.\" \"난 도무지 무슨 소린지 모르겠다. 네 생각이 정 그렇다면, 고향에 내려가 아버지한테 허락을 받아 오너라.\"",
      "srcPage": 63,
      "srcSentenceEA": 4,
      "srcWordEA": 37
    },
    {
      "srcTextID": "43128",
      "srcText": "어쩔 수 없이 아버지의 허락이 떨어지기를 기다리며 고향에서 하루하루를 보내던 어느 날, 일본과 청나라 사이에 전쟁이 일어났다는 소식이 들려 왔습니다. 곧이어 청나라가 새로운 무기와 신식 군대를 앞세운 일본에 패했다는 소식이 무릉골까지 들려 왔습니다. 좋은 기회라고 생각한 주시경은 다시 아버지 앞에 앉았습니다.",
      "srcPage": 66,
      "srcSentenceEA": 3,
      "srcWordEA": 43
    },
    {
      "srcTextID": "43130",
      "srcText": "\"아버지, 대국인 청나라가 왜 작은 섬나라 일본에게 진 줄 아십니까?\" \"그야 힘이 모자라서 졌겠지.\" 맞는 말씀입니다. 그런데 그 힘이란 바로 신식 무기의 힘입니다.",
      "srcPage": 67,
      "srcSentenceEA": 4,
      "srcWordEA": 25
    },
    {
      "srcTextID": "43122",
      "srcText": "따라서 우리글은 제대로 아는 사람이 거의 없었고, 쓰는 법도 통일되어 있지 않았습니다. '그래, 내가 할 일은 우리글에 대해 연구하여, 우리말을 바로 글로 적을 수 있도록 하는 거야.' 깊이 생각한 끝에 얻은 깨달음이었습니다.",
      "srcPage": 59,
      "srcSentenceEA": 3,
      "srcWordEA": 33
    },
    {
      "srcTextID": "43123",
      "srcText": "상호는 이 때의 깨달음을 시작으로 하여 평생을 우리 글 연구에 바쳤습니다. 이렇게 뜻을 정한 상호는 4년 동안 다니던 이 진사의 글방을 그만두었습니다. 상호의 나이 열여덟 살이 되던 1893년의 일이었습니다.",
      "srcPage": 60,
      "srcSentenceEA": 3,
      "srcWordEA": 31
    },
    {
      "srcTextID": "43131",
      "srcText": "\"청나라를 이긴 일본은 이제 마음대로 우리나라 일에 간섭하려고 할 것입니다. 그러니 하루빨리 새로운 학문을 배워 나라의 힘을 키워야 합니다. 그것이 바로 나라를 지키는 길입니다.\" 주시경의 말에는 힘이 있었습니다.",
      "srcPage": 69,
      "srcSentenceEA": 4,
      "srcWordEA": 31
    },
    {
      "srcTextID": "43132",
      "srcText": "그 때는 부모님이 물려주신 머리카락을 자르는 것은 목을 베는 것이나 다름없이 생각했으니, 친구들이 놀랄 만도 했습니다. 그러나 주시경은 아랑곳하지 않았습니다. 그런 사소한 일에 신경을 쓰는 바람에 우리나라가 발전하지 못한다고 생각했기 때문입니다.",
      "srcPage": 73,
      "srcSentenceEA": 3,
      "srcWordEA": 33
    },
    {
      "srcTextID": "43120",
      "srcText": "그 무렵 우리 나라는 오랫동안 닫아 걸었던 문을 열고 일본을 시작으로 하여 미국, 러시아, 영국 등 세계 여러 나라의 발달된 문물을 받아들이고 있었습니다. 이것을 '개화'라고 합니다. 1894년, 열아홉 살이 된 상호는 서양의 새로운 학문을 배우기로 마음먹었습니다. 다른 학문을 알아야 우리글을 더욱 발전시킬 수 있다고 생각했기 때문입니다.",
      "srcPage": 61,
      "srcSentenceEA": 5,
      "srcWordEA": 50
    },
    {
      "srcTextID": "43124",
      "srcText": "이 때 이름을 상호에서 시경으로 바꾸었습니다. 주시경이 새로운 학문을 배우겠다고 하자 큰아버지는 못마땅한 표정을 지었습니다. \"공부하는 데 싫증이 난 모양이구나. 엉뚱한 소리 말고 장사하는 것이나 배우도록 해라.\"",
      "srcPage": 62,
      "srcSentenceEA": 4,
      "srcWordEA": 29
    },
    {
      "srcTextID": "43129",
      "srcText": "이렇게 하여 주시경은 고향 무릉골로 내려갔습니다. 아버지는 주시경이 말을 꺼내자마자 야단을 쳤습니다. 평생 시골에 파묻혀 한자로 된 책을 읽으며 공부해 온 아버지로서는 그럴 수밖에 없었습니다. \"글방에서 더 배울 게 없다고? 그래, 서양 오랑캐의 학문을 배워 무엇에 쓰겠다는 거냐?\"",
      "srcPage": 64,
      "srcSentenceEA": 5,
      "srcWordEA": 41
    },
    {
      "srcTextID": "43127",
      "srcText": "\"절대 안 된다! 글방에 다니기 싫으면 장가나 가거라.\" \"저는 아직 장가갈 생각이 없습니다. 그러니 제가 하고 싶은 일을 할 수 있게 해 주십시오.\" 주시경이 끈질기게 간청했지만 아버지는 끄떡도 안 했습니다.",
      "srcPage": 65,
      "srcSentenceEA": 5,
      "srcWordEA": 33
    },
    {
      "srcTextID": "43135",
      "srcText": "이윽고 아버지가 결심한 듯 입을 열었습니다. \"듣고 보니 네 말이 맞는 것 같다. 옛날 것만 고집하다가는 꼼짝없이 일본에게 당하겠구나. 앞으로는 너희들이 이 나라를 이끌어 가야 할 테니, 네 생각대로 신학문을 배우도록 해라.\"",
      "srcPage": 70,
      "srcSentenceEA": 4,
      "srcWordEA": 34
    },
    {
      "srcTextID": "43090",
      "srcText": "\"동생은 아들이 여럿이니, 상호를 내게 양자로 주게.\" 큰아버지가 상호의 아버지에게 말했습니다. 어린 아들을 떠나 보낼 생각을 하자 부모님은 마음이 아팠습니다.",
      "srcPage": 28,
      "srcSentenceEA": 3,
      "srcWordEA": 22
    },
    {
      "srcTextID": "43094",
      "srcText": "하지만 자식을 다 잃고 외롭게 살아가는 큰아버지의 처지를 생각하면 거절하기가 힘들었습니다. 또한 상호의 장래를 위해서도 그러는 게 나을 것 같았습니다. \"형님의 뜻이 그러시다면 그렇게 하지요.\" \"고맙네, 동생. 내 정성껏 보살피고 공부를 시킬 테니 아무 염려 말게.\"",
      "srcPage": 29,
      "srcSentenceEA": 5,
      "srcWordEA": 38
    },
    {
      "srcTextID": "43093",
      "srcText": "아버지는 곧 상호를 불러서 일렀습니다. \"서울 큰아버지 댁에 양자로 가게 되었으니 어서 떠날 차비를 하거라.\" 상호는 사랑하는 부모 형제와 헤어지기가 싫었지만, 어른들의 뜻에 따를 수밖에 없었습니다.",
      "srcPage": 30,
      "srcSentenceEA": 3,
      "srcWordEA": 27
    },
    {
      "srcTextID": "43092",
      "srcText": "뒷전에 서서 저고리 고름으로 연신 눈물을 닦아 내는 어머니를 보니 더욱 슬펐습니다. 형제들도 모두 눈물을 흘렸습니다. \"공부 열심히 해서 훌륭한 사람이 되거라.\" 마을 어른들이 상호의 머리를 쓰다듬으며 말했습니다.",
      "srcPage": 32,
      "srcSentenceEA": 4,
      "srcWordEA": 30
    },
    {
      "srcTextID": "43140",
      "srcText": "주시경이 정동에 있는 배재학당에 들어간 것은 1894년 8월의 일이었습니다. 배재학당은 1885년 크리스트교를 전파하기 위해 미국에서 온 아펜젤러 선교사가 우리나라에 맨 처음 세운 서양식 학교입니다. 주시경은 배재학당에서 수학과 세계 지리, 그리고 역사를 배웠습니다. 배우는 것마다 모두 새롭고 재미있었습니다.",
      "srcPage": 74,
      "srcSentenceEA": 4,
      "srcWordEA": 40
    },
    {
      "srcTextID": "43138",
      "srcText": "세계 지리와 역사를 배우면서, 주시경은 세상이 한없이 넓은 데다가, 일본, 청나라, 미국 말고도 수많은 나라들이 있다는 것을 알게 되었습니다. '나는 그 동안 우물 안 개구리처럼 바로 눈앞의 일밖에 보지 못하고 있었다. 새로운 학문을 열심히 익히는 것이 세계의 힘 센 나라들 사이에서 살아 남는 길이다.'",
      "srcPage": 75,
      "srcSentenceEA": 3,
      "srcWordEA": 45
    },
    {
      "srcTextID": "43105",
      "srcText": "큰아버지 손에 이끌려 서울에 도착한 상호는 눈이 휘둥그레졌습니다. 집들도 고향집보다 훨씬 크고 좋았으며, 시장에는 무릉골에서는 볼 수도 없었던 진기한 물건들이 잔뜩 쌓여 있었기 때문입니다. 큰아버지 댁은 남대문 시장 근처에 있었습니다.",
      "srcPage": 33,
      "srcSentenceEA": 3,
      "srcWordEA": 32
    },
    {
      "srcTextID": "43104",
      "srcText": "언제나 형제들과 한방에서 지내고, 먹을 것이 없어 끼니를 거를 때가 많았던 상호는, 마치 꿈을 꾸는 듯한 기분이었습니다. 큰아버지는 상호를 집 근처 글방에 보내 주었습니다. 그 글방은 주로 남대문 시장에서 장사를 하는 집 아이들이 다녔습니다.",
      "srcPage": 35,
      "srcSentenceEA": 3,
      "srcWordEA": 36
    },
    {
      "srcTextID": "43100",
      "srcText": "그 아이들은 공부보다는 장사할 때 물건 이름이나 장부를 제대로 읽고 쓰자는 생각에서 글방에 다니는 것이었습니다. 그러니 열심히 배우려는 마음이 별로 없는 것 같았습니다. 아이들은 공부에 열중하고 있는 상호를 놀려댔습니다.",
      "srcPage": 36,
      "srcSentenceEA": 3,
      "srcWordEA": 31
    },
    {
      "srcTextID": "43102",
      "srcText": "그러던 어느 날이었습니다. 글방에 다녀오던 상호는 커다란 기와집 앞에서 저도 모르게 발을 멈추었습니다. 안에서 아이들이 글 읽는 소리가 낭랑하게 들려왔기 때문입니다.",
      "srcPage": 38,
      "srcSentenceEA": 3,
      "srcWordEA": 23
    },
    {
      "srcTextID": "43097",
      "srcText": "'아이들의 글 읽는 소리가 우리 글방하고는 다르네.' 상호는 그 집 대문 안을 기웃거렸습니다. 마음 같아서는 안에 들어가 보고 싶었지만, 그 날은 한참 서 있다가 그냥 집으로 돌아왔습니다.",
      "srcPage": 39,
      "srcSentenceEA": 3,
      "srcWordEA": 29
    },
    {
      "srcTextID": "43103",
      "srcText": "그로부터 상호는 날마다 같은 시각에 그 집 앞에서 서성거렸습니다. 어느 날인가, 미처 상호가 발걸음을 옮기기 전에 대문이 열리면서 아이들이 나왔습니다. 공부가 끝난 모양이었습니다.",
      "srcPage": 40,
      "srcSentenceEA": 3,
      "srcWordEA": 25
    },
    {
      "srcTextID": "43101",
      "srcText": "그 후로도 상호는 그 집 앞을 지날 때면 자기도 모르게 발을 멈추고, 우두커니 서서 아이들의 글 읽는 소리에 귀를 기울였습니다. 그러던 중 전부터 수상한 눈으로 바라보던 그 집 하인이 상호를 붙들었습니다. \"웬놈인데 날마다 남의 집을 기웃거리지? 뭘 훔치려는 거냐?\" \"아니에요. 글 읽는 소리를 들었을 뿐이에요.\"",
      "srcPage": 43,
      "srcSentenceEA": 5,
      "srcWordEA": 48
    },
    {
      "srcTextID": "43136",
      "srcText": "일본은 일찍이 발달된 서양 문물을 받아들여, 옛날 무기와는 비교도 안 되게 무서운 힘을 가진 신식 무기를 만들었습니다. 그런데 청나라는 일본보다 늦게 개화를 하는 바람에 그만큼 힘을 키우지 못했습니다. 아버지는 깊은 한숨을 내쉬었습니다.",
      "srcPage": 68,
      "srcSentenceEA": 3,
      "srcWordEA": 34
    },
    {
      "srcTextID": "43107",
      "srcText": "\"그런 거짓말을 내가 믿을 줄 알고? 너 혼 좀 나 볼래?\" 하인은 상호의 멱살을 쥐고 흔들었습니다.",
      "srcPage": 44,
      "srcSentenceEA": 3,
      "srcWordEA": 18
    },
    {
      "srcTextID": "43109",
      "srcText": "옥신각신하는 소리를 듣고 점잖게 생긴 어른이 밖으로 나왔습니다. 이 진사인 것 같았습니다. \"왜 그리 소란스러우냐?\"",
      "srcPage": 45,
      "srcSentenceEA": 3,
      "srcWordEA": 16
    },
    {
      "srcTextID": "43111",
      "srcText": "\"그게 정말입니까, 진사 어른?\" \"내가 너를 데리고 허튼 소리 하겠느냐?\" \"고맙습니다. 정말 고맙습니다.\" 상호는 이제 서울에서도 학문이 높기로 이름난 이 진사 밑에서 양반집 아이들과 어깨를 나란히 하고 공부할 수 있게 되었습니다.",
      "srcPage": 51,
      "srcSentenceEA": 4,
      "srcWordEA": 33
    },
    {
      "srcTextID": "43133",
      "srcText": "마침내 아버지의 허락이 떨어졌습니다. \"고맙습니다, 아버지! 열심히 공부해서 이 나라를 위해 꼭 필요한 사람이 되겠습니다.\" 주시경은 아버지께 절을 하고 그 즉시 서울로 올라갔습니다.",
      "srcPage": 71,
      "srcSentenceEA": 4,
      "srcWordEA": 25
    },
    {
      "srcTextID": "43134",
      "srcText": "스승 서재필. 다시 서울로 돌아온 주시경은 먼저 길게 땋아 늘였던 머리카락부터 짧게 깎았습니다. 친구들은 머리를 깎은 주시경의 모습을 보고 깜짝 놀랐습니다. \"이게 웬일인가? 자네가 이런 불효자인 줄은 몰랐네.\"",
      "srcPage": 72,
      "srcSentenceEA": 5,
      "srcWordEA": 31
    },
    {
      "srcTextID": "43114",
      "srcText": "그런 상호를 바라보며 이 진사는 흐뭇한 표정을 지었습니다. '내가 사람을 잘못 보진 않았어.' 어느덧 상호는 이 진사의 글방에서 가장 공부를 잘하는 아이가 되었습니다. 이 진사는 하나를 가르치면 열을 아는 상호에게 각별한 사랑을 쏟았습니다.",
      "srcPage": 54,
      "srcSentenceEA": 4,
      "srcWordEA": 35
    },
    {
      "srcTextID": "43113",
      "srcText": "그러던 어느 날이었습니다. 공부를 하던 중 상호의 머릿속에 문득 한 가지 의문이 떠올랐습니다. 어째서 세종대왕이 만드신 쉬운 우리글을 두고 어려운 한자를 쓰는지 알 수 없다는 생각이 들었던 것입니다.",
      "srcPage": 55,
      "srcSentenceEA": 3,
      "srcWordEA": 30
    },
    {
      "srcTextID": "43118",
      "srcText": "'한자로 된 글의 뜻을 알려면 어차피 우리말로 풀이를 해야 한다. 그렇다면 굳이 어려운 한자로 적을 필요가 없을 텐데.' 한자는 너무 어려워서 10년을 공부해도 그 뜻을 다 알기가 어렵습니다.",
      "srcPage": 56,
      "srcSentenceEA": 3,
      "srcWordEA": 30
    },
    {
      "srcTextID": "43119",
      "srcText": "공자가 아무리 좋은 말씀을 했다고 해도, 많은 사람들이 제대로 알 수 없다면 아무 소용이 없는 것입니다. 세종 대왕은 백성들을 가엾게 여겨 우리글인 훈민정음을 만들었습니다. 그런데 언제부터인가 우리글은 천대를 받기 시작했습니다.",
      "srcPage": 57,
      "srcSentenceEA": 3,
      "srcWordEA": 32
    },
    {
      "srcTextID": "43143",
      "srcText": "'우리 나라는 훈민정음이 있는데도 남의 나라 글인 한자를 배우느라 시간을 헛되이 보내고 있다. 하루빨리 우리말과 우리글을 갈고 닦아야지.' 상동 교회 옆에 있는 허름한 집에 살면서, 주시경은 밤늦도록 우리글 연구에 매달렸습니다. 깊이 파고들수록 우리글이 다른 어느 나라 글보다 아름답고 과학적이라는 사실을 깨달았습니다.",
      "srcPage": 78,
      "srcSentenceEA": 4,
      "srcWordEA": 44
    },
    {
      "srcTextID": "43141",
      "srcText": "\"저는 아직 할 일이 많습니다. 그리고 집안 형편도 어려운데, 결혼은 나중에 천천히 하겠습니다.\" 주시경이 말했으나 아버지는 펄쩍 뛰었습니다.",
      "srcPage": 80,
      "srcSentenceEA": 3,
      "srcWordEA": 20
    },
    {
      "srcTextID": "43157",
      "srcText": "그 전 해인 1895년 8월, 일본은 우리나라에 머물러 있던 일본 군인을 앞세우고 경복궁에 쳐들어가, 고종의 비인 명성 황후를 죽이고 그 시체를 불태우는 엄청난 일을 저질렀습니다. 그 일로 온 나라에서 의병이 일어나자, 궁궐을 지키던 일본군이 서울을 빠져 나갔습니다. 그 틈을 타서 러시아와 친한 세력들은 고종을 러시아 공사관으로 피하게 하고, 그 곳에서 나랏일을 보게 했던 것입니다.",
      "srcPage": 95,
      "srcSentenceEA": 3,
      "srcWordEA": 56
    },
    {
      "srcTextID": "43145",
      "srcText": "어느 날, 주시경의 아버지가 서울로 올라왔습니다. \"네 나이 벌써 스물하나다. 장가를 들어야지.\" 아버지가 주시경을 앉혀 놓고 말했습니다.",
      "srcPage": 79,
      "srcSentenceEA": 4,
      "srcWordEA": 19
    },
    {
      "srcTextID": "43159",
      "srcText": "조정의 높은 벼슬아치들은 여전히 외국인들의 힘을 빌려 벼슬자리를 지키는 데 눈이 어두웠고, 그 바람에 광산을 파낼 수 있는 권리를 비롯하여, 철도, 산림 등 모든 중요한 권리가 러시아를 비롯하여 미국, 영국, 프랑스, 독일 등으로 넘어갔습니다. 1896년 7월, 기울어 가는 나라를 걱정하는 뜻 있는 사람들이 모여 '독립협회'를 만들었습니다. 독립협회에서는 그 첫 사업으로 서대문 밖에 있는 영은문을 헐고 그 자리에 독립문을 세우기로 했습니다.",
      "srcPage": 97,
      "srcSentenceEA": 4,
      "srcWordEA": 63
    },
    {
      "srcTextID": "43147",
      "srcText": "\"자네, 우리말에 대해 연구를 하고 있다지? 장한 일이야. 우리말과 글을 소중히 여기고 지키는 것이 바로 나라를 사랑하는 길이지.\" 서재필은 주시경의 도움을 받아 민주주의와 나라의 독립에 대해 연구하는 '협성회'라는 단체를 만들었습니다.",
      "srcPage": 87,
      "srcSentenceEA": 5,
      "srcWordEA": 34
    },
    {
      "srcTextID": "43149",
      "srcText": "그러니 무엇보다 우리글을 제대로 쓸 수 있는 사람이 필요하네. 자네라면 능히 이 일을 해낼 수 있을 걸세. 주시경은 더 이상 망설이지 않았습니다.",
      "srcPage": 90,
      "srcSentenceEA": 3,
      "srcWordEA": 24
    },
    {
      "srcTextID": "43158",
      "srcText": "독립신문을 내다. 독립신문은 1896년 4월 7일에 첫 호를 냈습니다. 모두 4면으로 되어 있었는데, 1, 2, 3면은 순 우리글로 되어 있고, 4면은 영어로 되어 있었습니다. 4면 다 우리글로 하지 않고 그 중 한 면을 영어로 한 이유는, 우리나라 사정을 세계에 널리 소개하고, 우리나라도 얼마든지 신문을 만들어 낼 수 있는 뛰어난 민족이라는 것을 알리기 위해서였습니다.",
      "srcPage": 92,
      "srcSentenceEA": 4,
      "srcWordEA": 56
    },
    {
      "srcTextID": "43162",
      "srcText": "영은문은 중국 사신이 우리 나라에 올 때 머리를 조아려 맞이하던 문으로, 우리 나라가 중국의 신하 나라임을 인정하는 부끄러운 건축물이었습니다. 그러므로 영은문을 헐고 그 자리에 독립문을 세운다는 것은, 우리가 독립된 나라임을 널리 알린다는 뜻을 담고 있었습니다. 독립협회에서는 독립신문에 광고를 내어 독립문을 세우는 데 필요한 돈을 널리 구했습니다.",
      "srcPage": 98,
      "srcSentenceEA": 3,
      "srcWordEA": 48
    },
    {
      "srcTextID": "43170",
      "srcText": "사람들은 그런 독립협회에 박수를 보냈습니다. 그리고 너도 나도 회원이 되겠다고 나섰습니다. 많은 사람들의 도움으로, 독립협회는 생긴 지 석 달이 채 안 되어 회원 수가 1만 명을 넘었습니다.",
      "srcPage": 100,
      "srcSentenceEA": 3,
      "srcWordEA": 29
    },
    {
      "srcTextID": "43146",
      "srcText": "주시경은 아버지의 뜻을 거스를 수 없어 고향에 내려가 김명훈이라는 처녀와 결혼을 했습니다. 1896년 10월의 일이었습니다. 결혼식을 마친 주시경은 다시 서울로 올라왔습니다.",
      "srcPage": 82,
      "srcSentenceEA": 3,
      "srcWordEA": 23
    },
    {
      "srcTextID": "43150",
      "srcText": "그리고 학교에서 학생들에게 세계의 역사와 지리를 가르쳤습니다. 서재필의 강의를 들으며 주시경은 그를 깊이 존경하게 되었습니다. 서재필 또한 많은 학생들 가운데 주시경을 특별히 아끼고 사랑했습니다.",
      "srcPage": 86,
      "srcSentenceEA": 3,
      "srcWordEA": 26
    },
    {
      "srcTextID": "43166",
      "srcText": "그래도 강연을 계속하자, 그들은 연단을 부수고 이를 말리는 사람들에게도 사정없이 몽둥이를 휘둘렀습니다. 게다가 독립협회에서 고종 황제를 몰아내고 나라를 다스리려 했다는 억울한 누명까지 뒤집어씌웠습니다. 그 때를 놓치지 않고 외국 공사와 손을 잡고 있던 대신들이 고종 황제에게 말했습니다.",
      "srcPage": 102,
      "srcSentenceEA": 3,
      "srcWordEA": 38
    },
    {
      "srcTextID": "43154",
      "srcText": "처음에는 학생들을 중심으로 시작되었지만, 나중에는 어른들까지 회원으로 받아들였습니다. \"아무것도 모르는 학생들을 꾀어 골치 아픈 일을 만들다니, 더 이상 그대로 두면 안 되겠다.\" 조정에서는 서재필이 배재학당에서 강의를 못 하게 막았습니다.",
      "srcPage": 88,
      "srcSentenceEA": 3,
      "srcWordEA": 30
    },
    {
      "srcTextID": "43169",
      "srcText": "미국으로 떠나기 전날, 서재필은 주시경을 비롯하여 이상재, 윤치호 등을 불러 말했습니다. \"나는 비록 이렇게 떠나지만, 무슨 일이 있어도 굴하지 말고 신문을 계속 내도록 하게.\" \"염려 마십시오. 선생님.\" 이 때 주시경은 마음속으로 목숨을 걸고 독립신문을 굳게 지킬 것을 다짐했습니다.",
      "srcPage": 104,
      "srcSentenceEA": 5,
      "srcWordEA": 40
    },
    {
      "srcTextID": "43164",
      "srcText": "\"윤치호는 어디 있소?\" 한 병사가 주시경에게 거친 목소리로 물었습니다. 주시경은 심상치 않은 일이 일어났음을 깨닫고 침착하게 대답했습니다. \"선생께서는 댁으로 돌아가셨습니다.\"",
      "srcPage": 106,
      "srcSentenceEA": 4,
      "srcWordEA": 22
    },
    {
      "srcTextID": "43160",
      "srcText": "천하게 여겼던 우리글을 아끼는 마음도 차츰 높아져 갔습니다. 그래서 처음에는 3백 부만 찍었지만, 점차 그 부수가 늘어나 나중에는 3천 부까지 찍었습니다. 독립신문에서 러시아, 일본 등 다른 나라가 우리나라 일에 간섭하는 것은 잘못된 일이라고 꼬집자, 러시아 공사는 할 수 없이 자기네 공사관에 있던 고종 임금을 궁궐로 돌려보냈습니다.",
      "srcPage": 94,
      "srcSentenceEA": 3,
      "srcWordEA": 48
    },
    {
      "srcTextID": "43163",
      "srcText": "\"서재필만 없으면 독립협회도 그 기세가 꺾일 것입니다. 그를 나라 밖으로 쫓아 버리는 게 좋을 것 같습니다.\" 이렇게 해서 우리 나라로 돌아온 지 얼마 지나지 않아 서재필은 다시 미국으로 쫓겨가게 되었습니다.",
      "srcPage": 103,
      "srcSentenceEA": 3,
      "srcWordEA": 32
    },
    {
      "srcTextID": "43175",
      "srcText": "주시경이 나가 보니 낯선 영국 병사 한 사람이 서 있었습니다. \"주시경 선생입니까?\" 그 영국 병사가 물었습니다. \"그렇소만.\" \"지금 곧 저를 따라 영국 공사관으로 가셔야겠습니다.\"",
      "srcPage": 108,
      "srcSentenceEA": 4,
      "srcWordEA": 25
    },
    {
      "srcTextID": "43174",
      "srcText": "종이를 펴 보니 '이 영국인을 따라 급히 오라.'고 적혀 있었습니다. 주시경은 곧 그 영국 병사를 따라 영국 공사관으로 갔습니다. 그 곳에는 뜻밖에도 윤치호가 얼굴에 붕대를 감고 누워 있다가 주시경을 맞았습니다.",
      "srcPage": 110,
      "srcSentenceEA": 5,
      "srcWordEA": 33
    },
    {
      "srcTextID": "43173",
      "srcText": "독립신문에서 너무 심하게 조정을 공격한다고 노하시더군. 밤이 늦었으니 이만 돌아가라 하시기에 물러 나왔는데, 누가 뒤에서 폭탄을 던졌어. 그 바람에 자전거 뒷바퀴가 번쩍 들려 땅바닥에 곤두박질을 쳤는데, 죽지는 않았으니 다행이지.",
      "srcPage": 112,
      "srcSentenceEA": 3,
      "srcWordEA": 31
    },
    {
      "srcTextID": "43152",
      "srcText": "일본의 도움을 받아 일으켰던 갑신정변은, 청나라에서 군사를 보내는 바람에 3일 만에 실패로 끝났습니다. 그리고 서재필은 미국으로 몸을 피했습니다. 그는 그 곳에서 의학을 공부하여 의사가 되고 박사 학위를 받았습니다.",
      "srcPage": 84,
      "srcSentenceEA": 3,
      "srcWordEA": 30
    },
    {
      "srcTextID": "43142",
      "srcText": "\"지금도 늦었는데, 나중에 한다고? 그게 말이나 되는 소리냐? 색시감도 이미 정해 놓았으니, 너는 아무 말 말고 따르도록 해라.\"",
      "srcPage": 81,
      "srcSentenceEA": 3,
      "srcWordEA": 20
    },
    {
      "srcTextID": "43151",
      "srcText": "어느 날, 배재학당을 그만둔 서재필이 주시경을 불러 말했습니다. 내가 신문을 만들려고 하는데 좀 도와주게. 신문은 순 우리 글로 내기로 했네.",
      "srcPage": 89,
      "srcSentenceEA": 3,
      "srcWordEA": 22
    },
    {
      "srcTextID": "43153",
      "srcText": "존경하는 서재필 선생의 인정을 받았다는 사실에 용기를 얻었으며, 무엇보다 우리글을 바르게 알리고 널리 쓰도록 하는 데 아주 좋은 기회였던 것입니다. \"기꺼이 도와 드리겠습니다.\" 주시경의 말에 서재필은 흐뭇한 미소를 지었습니다.",
      "srcPage": 91,
      "srcSentenceEA": 3,
      "srcWordEA": 30
    },
    {
      "srcTextID": "43137",
      "srcText": "그 무렵 동학 농민 운동이 일어나 나라 안이 몹시 어수선했습니다. 그 바람에 큰아버지의 가게도 잘 안 되어 집안 형편이 어려워졌습니다. 아펜젤러 선교사는 배재학당 안에 '삼문 출판사'라는 인쇄소를 만들었습니다. 그리고 학생들에게 책 만드는 일을 시켜 스스로 학비를 마련하게 했습니다.",
      "srcPage": 76,
      "srcSentenceEA": 6,
      "srcWordEA": 42
    },
    {
      "srcTextID": "43144",
      "srcText": "그 때 배재학당에서는 서재필이 학생들을 가르치고 있었습니다. 서재필은 1884년에 김옥균, 홍영식 등과 함께, 나라의 문을 활짝 열어 하루빨리 서양의 발달된 문물을 받아들여야 한다고 주장하며 혁명을 일으켰던 사람입니다. 이 혁명이 바로 갑신정변입니다.",
      "srcPage": 83,
      "srcSentenceEA": 3,
      "srcWordEA": 33
    },
    {
      "srcTextID": "43148",
      "srcText": "그랬다가 이 무렵, 12년 만에 다시 우리나라로 돌아왔던 것입니다. 서재필은 미국에서 공부를 하면서, 다른 나라의 힘을 빌려 나라를 개혁한다는 것이 얼마나 어리석은 일인가를 깨달았습니다. 개혁을 하려면 무엇보다 백성들을 깨우쳐야 한다고 생각한 서재필은 사람들을 모아 놓고 강연을 했습니다.",
      "srcPage": 85,
      "srcSentenceEA": 3,
      "srcWordEA": 39
    },
    {
      "srcTextID": "43155",
      "srcText": "\"우리글로 되어 있어 읽기가 아주 쉽군.\" \"나라에서 잘못하는 일도 거침없이 꼬집어 놓았는데!\" 많은 사람들이 독립신문을 통해 나라 사랑하는 마음을 키워 갔습니다.",
      "srcPage": 93,
      "srcSentenceEA": 3,
      "srcWordEA": 22
    },
    {
      "srcTextID": "43156",
      "srcText": "궁궐로 돌아온 고종 임금은 우리나라가 자주 독립국임을 세계 여러 나라에 알리기 위해 1897년 10월 12일 나라 이름을 '대한제국'으로 바꾸었습니다. 이에 따라 고종은 황제가 되고 왕세자는 황태자가 되었습니다. 이렇게 겉으로는 독립된 나라의 모습을 갖추었으나, 실제로는 다른 나라의 간섭을 물리칠 만한 힘이 없었습니다.",
      "srcPage": 96,
      "srcSentenceEA": 4,
      "srcWordEA": 44
    },
    {
      "srcTextID": "43139",
      "srcText": "주시경도 인쇄소에서 심부름을 하며 학비를 벌어야 했습니다. 공부하랴, 일하랴 힘들고 고단한 나날이었지만, 주시경은 모든 어려움을 참고 견뎠습니다. 주시경은 선생님들로부터 문명이 발달하고 잘사는 나라일수록 자기네 글을 귀하게 여긴다는 것을 배웠습니다.",
      "srcPage": 77,
      "srcSentenceEA": 3,
      "srcWordEA": 31
    },
    {
      "srcTextID": "43161",
      "srcText": "그러자 온 나라 사람들이 큰 관심을 보이며 전국 방방곡곡에서 정성어린 돈을 보내 왔습니다. 그렇게 모인 돈으로 마침내 독립문이 세워졌습니다. 1897년 11월의 일입니다. 독립협회에서는 그 후로도 많은 일을 했습니다. 조정에서 옳지 못한 일을 하면 독립신문을 통해 곧 그것을 문제삼았습니다. 그리고 강연회를 열어 잘못된 것을 당장 고치라고 외쳤습니다.",
      "srcPage": 99,
      "srcSentenceEA": 6,
      "srcWordEA": 51
    },
    {
      "srcTextID": "43168",
      "srcText": "독립협회가 이렇게 힘을 키워 가자 조정 대신들은 은근히 겁을 내기 시작했습니다. 그들은 마침내 독립협회에 맞설 만한 '황국협회'라는 단체를 만들었습니다. 황국협회에서는 독립협회의 강연회가 열리는 곳마다 따라다니며 방해했습니다.",
      "srcPage": 101,
      "srcSentenceEA": 4,
      "srcWordEA": 29
    },
    {
      "srcTextID": "43165",
      "srcText": "계속되는 시련. 주시경은 다른 회원들과 함께, 서재필의 뒤를 이어 독립협회와 독립신문의 회장직을 맡은 윤치호를 도와 열심히 일했습니다. 어느 날, 주시경은 밤늦도록 신문사에 앉아 기사를 쓰고 있었습니다. 그런데 갑자기 밖에서 시끄러운 소리가 나면서 수십 명의 병사들이 신문사 안으로 들어왔습니다.",
      "srcPage": 105,
      "srcSentenceEA": 4,
      "srcWordEA": 41
    },
    {
      "srcTextID": "43167",
      "srcText": "그러자 병사들은 우르르 밖으로 몰려 나갔습니다. 윤치호의 집으로 가는 모양이었습니다. 그들이 사라지기를 기다린 듯 잠시 후 누군가가 사무실 문을 두드렸습니다.",
      "srcPage": 107,
      "srcSentenceEA": 3,
      "srcWordEA": 22
    },
    {
      "srcTextID": "43172",
      "srcText": "\"아니, 느닷없이 영국 공사관에는 왜요? 무슨 일입니까?\" \"저는 잘 모릅니다. 이걸 전해 드리라고 했습니다.\" 그 병사는 주머니 속에서 쪽지를 꺼내어 내밀었습니다.",
      "srcPage": 109,
      "srcSentenceEA": 5,
      "srcWordEA": 24
    },
    {
      "srcTextID": "43171",
      "srcText": "\"선생님, 이게 웬일입니까?\" 주시경은 반갑기도 하고 놀랍기도 해서 윤치호의 손을 덥석 잡았습니다. 오늘 황제를 만나 뵈었네.",
      "srcPage": 111,
      "srcSentenceEA": 3,
      "srcWordEA": 18
    },
    {
      "srcTextID": "43195",
      "srcText": "무명 바지저고리에 무명 두루마기야말로 가장 우리나라 사람다운 옷차람이었기 때문입니다. 단 주시경이 미투리 대신 가죽 구두를 신은 것은, 일주일에 스무 군데가 넘는 학교를 다니기 때문이었습니다. 먼 길을 걸을 때에는 가죽 구두가 짚신이나 미투리보다 닳지 않고 오래 신을 수 있었습니다.",
      "srcPage": 136,
      "srcSentenceEA": 3,
      "srcWordEA": 40
    },
    {
      "srcTextID": "43191",
      "srcText": "주시경은 자신의 호도 '한힌샘' 이라는 순우리말로 지었습니다. 그리고 문법이란 말을 '말본'으로 바꾸어 부르고, 문법에 필요한 한자로 된 말을 모두 우리말로 고쳤습니다. 주시경은 이 학교 저 학교 뛰어다니며 국어를 가르치면서도, 오래전부터 생각해 왔던 대로 국어사전을 펴내는 일에 매달렸습니다.",
      "srcPage": 128,
      "srcSentenceEA": 5,
      "srcWordEA": 41
    },
    {
      "srcTextID": "43192",
      "srcText": "그러나 이 때 나라 사정은 그야말로 바람 앞의 등불이었습니다. 1905년 러시아와의 싸움에서 이긴 일본은 우리나라를 협박하여 강제로 을사조약을 맺었습니다. 그리하여 우리나라는 외교권을 완전히 빼앗겼습니다. 외교권을 빼앗겼다는 것은 곧 나라의 구실을 제대로 하지 못하게 되었다는 것을 뜻합니다. 일본은 대한제국에 통감부라는 기관을 설치하고, 이토 히로부미를 그 우두머리인 통감으로 보냈습니다.",
      "srcPage": 129,
      "srcSentenceEA": 5,
      "srcWordEA": 51
    },
    {
      "srcTextID": "43198",
      "srcText": "이 소식이 알려지자, 백성들은 분한 마음에 땅을 치며 통곡을 했습니다. 수많은 사람이 스스로 목숨을 끊었고, 의병으로 나서 용감하게 싸우다 죽기도 했습니다. 그러나 주시경의 태도에는 흔들림이 없었습니다. 비록 나라를 빼앗긴다 해도 말과 글이 남아 있는 한 그 민족은 결코 사라지지 않을 것이라는 생각으로, 전보다 더욱 열심히 한글을 가르쳤습니다.",
      "srcPage": 130,
      "srcSentenceEA": 4,
      "srcWordEA": 50
    },
    {
      "srcTextID": "43200",
      "srcText": "\"우리는 그 동안 중국 글인 한자를 빌려 썼습니다. 이제부터는 우리글과 말을 찾아서 갈고 닦아야 합니다. 그래야 우리도 문명국이 될 수 있습니다.\" 주시경은 언제나 학생들에게 이렇게 말했습니다.",
      "srcPage": 137,
      "srcSentenceEA": 4,
      "srcWordEA": 29
    },
    {
      "srcTextID": "43203",
      "srcText": "주시경은 '두루때글' 이라는 독특한 별명도 가지고 있었는데, 이것 역시 짓궂은 학생들이 붙인 별명이었습니다. 주시경이 강의를 끝낸 뒤 책보퉁이를 들고 교실을 나가자 한 학생이 교단에 올라갔습니다. 여러분, 우리말과 글을 씁시다.",
      "srcPage": 138,
      "srcSentenceEA": 3,
      "srcWordEA": 32
    },
    {
      "srcTextID": "43204",
      "srcText": "주시경이라는 이름도 한자 를 빌려서 쓴 것이니, 우리말로 이름을 바꾸기로 했습니다. 주는 '두루 주'이고, 시는 '때 시', 경은 '글 경'입니다. 그러니까 앞으로는 주시경이 아니라 두루때글로 불러 주십시오.",
      "srcPage": 139,
      "srcSentenceEA": 8,
      "srcWordEA": 32
    },
    {
      "srcTextID": "43201",
      "srcText": "그 학생이 주시경의 목소리를 흉내내어 이렇게 말하자, 학생들은 책상을 두드리며 웃었습니다. \"두루때글이라고?\" \"주 보퉁이가 책보퉁이를 들고 이 학교에서 저 학교로 두루때글 굴러다닌다? 야, 정말 재미있다!\" 이렇게 해서 주시경은 별명을 두 개나 얻었습니다. 그러나 주시경은 자기를 뭐라고 부르든 아랑곳하지 않고, 그저 한글 연구와 학생들을 가르치는 데에만 열심이었습니다.",
      "srcPage": 140,
      "srcSentenceEA": 5,
      "srcWordEA": 49
    },
    {
      "srcTextID": "43211",
      "srcText": "어느 날 통감부의 높은 관리가 주시경을 찾아왔습니다. \"선생의 훌륭하신 이름은 익히 들어 왔습니다.\" \"무슨 일로 오셨소?\" 주시경은 그 관리의 낯뜨거운 아침에도 얼굴빛 하나 변하지 않고 물었습니다.",
      "srcPage": 148,
      "srcSentenceEA": 4,
      "srcWordEA": 27
    },
    {
      "srcTextID": "43215",
      "srcText": "주시경은 그 말이 미처 끝나기도 전에 크게 화를 내며 소리쳤습니다. \"네 이놈, 썩 물러가거라! 내 비록 가난하게 살고 있지만 원수의 종 노릇은 하지 않는다!\" 주시경의 호통에 놀란 그 관리는 신발도 제대로 신지 못한 채 허겁지겁 달아났습니다.",
      "srcPage": 152,
      "srcSentenceEA": 4,
      "srcWordEA": 38
    },
    {
      "srcTextID": "43251",
      "srcText": "\"좀더 넓게 생각하신다면 내가 한번 나서 볼 수도 있습니다.\" 주시경이 이갑의 표정을 살피며 말했습니다. \"그게 무슨 말씀입니까?\"",
      "srcPage": 189,
      "srcSentenceEA": 3,
      "srcWordEA": 18
    },
    {
      "srcTextID": "43206",
      "srcText": "\"조선 사람입니다!\" 학생들이 입을 모아 소리쳤습니다. \"그렇습니다. 우리의 아름다운 금수강산이 무참하게 짓밟히고 도둑맞고 있습니다. 주인은 어떻게 해야 하겠습니까?\"",
      "srcPage": 143,
      "srcSentenceEA": 4,
      "srcWordEA": 21
    },
    {
      "srcTextID": "43208",
      "srcText": "역시 지리 시간에 있었던 일입니다. 주시경은 막대기로 몽골 지역을 가리키며 말했습니다. 여기는 고비 사막입니다.",
      "srcPage": 145,
      "srcSentenceEA": 3,
      "srcWordEA": 16
    },
    {
      "srcTextID": "43209",
      "srcText": "햇볕은 쨍쨍 내리쬐고 갈 길은 멀기만 합니다. 가도가도 끝없는 사막입니다. 상인들은 그만 주저앉아 목을 놓아 웁니다. 그래서 이 곳의 이름은 '울가'입니다.\" 학생들은 와 하고 웃음을 터뜨렸습니다.",
      "srcPage": 146,
      "srcSentenceEA": 5,
      "srcWordEA": 31
    },
    {
      "srcTextID": "43212",
      "srcText": "주시경은 늘 가난하게 살았습니다. 그 때에는 선생님의 월급이 아주 적었기 때문입니다. 그나마 제때 나오는 것만도 다행일 정도였습니다. 그런데도 주시경은 버는 돈의 대부분을 학생들을 가르치기 위해 필요한 교재를 만드는 데 썼습니다. 그러다 보니 대낮에도 불을 켜야 하는 어두컴컴하고 초라한 집에서 살아야 했습니다.",
      "srcPage": 147,
      "srcSentenceEA": 5,
      "srcWordEA": 45
    },
    {
      "srcTextID": "43210",
      "srcText": "\"네, 선생께 조선글을 좀 배우려고 찾아왔습니다.\" \"아니, 일본 사람이 우리 조선의 글은 배워서 뭘 하시렵니까?\" \"이 나라에서 살려면 조선말을 잘 알아야 할 것 같아서 배워 두려는 겁니다.\"",
      "srcPage": 149,
      "srcSentenceEA": 3,
      "srcWordEA": 27
    },
    {
      "srcTextID": "43216",
      "srcText": "주시경은 그제야 좀 얼굴빛이 부드러워졌습니다. 그런데 그 관리는 한글 공부는 뒷전이고 자꾸 엉뚱한 소리만 했습니다. \"선생처럼 이름 높은 분이 이렇게 누추한 곳에서 살고 계실 줄은 몰랐습니다.\"",
      "srcPage": 150,
      "srcSentenceEA": 3,
      "srcWordEA": 27
    },
    {
      "srcTextID": "43222",
      "srcText": "대나무처럼. 주시경은 무슨 일을 하든지 그것이 나라와 겨레에게 이로운 일인지 해로운 일인지 먼저 따져 보았습니다. 그래서 이로운 일이면 망설이지 않고 앞장섰으나, 그 반대의 경우에는 무슨 일이 있어도 결코 하지 않았습니다. 마치 부러지되 휘어지지 않는 대나무와 같았습니다.",
      "srcPage": 157,
      "srcSentenceEA": 3,
      "srcWordEA": 39
    },
    {
      "srcTextID": "43220",
      "srcText": "1907년 12월, 몹시 추운 어느 날이었습니다. 주시경의 동생 시강이 형을 찾아왔습니다. \"형님, 이번에 영친왕께서 일본에 가게 되셨다는 이야기 들으셨죠?\"",
      "srcPage": 158,
      "srcSentenceEA": 3,
      "srcWordEA": 20
    },
    {
      "srcTextID": "43224",
      "srcText": "\"네 뜻은 알겠다만 아무래도 그만두는 게 좋겠다.\" 주시경은 굳은 표정으로 잘라 말했습니다. \"아니, 왜요?\" \"말이야 유학이라고 하지만, 사실은 볼모로 데려가는 것 아니냐? 앞장서서 반대를 해도 시원찮을 판에.\"",
      "srcPage": 161,
      "srcSentenceEA": 5,
      "srcWordEA": 29
    },
    {
      "srcTextID": "43232",
      "srcText": "이제 대한제국이라는 나라는 없어지고, 통감부 대신 총독부가 생겨 우리나라를 다스리게 되었습니다. 학교에서는 선생들이 군복을 입고 칼을 찬 채 학생들을 가르쳤습니다. 또 우리글과 우리 역사 대신 일본글과 일본 역사를 배우도록 했습니다. 우리 겨레의 얼을 없애려는 것이었습니다.",
      "srcPage": 169,
      "srcSentenceEA": 4,
      "srcWordEA": 38
    },
    {
      "srcTextID": "43236",
      "srcText": "안남은 오늘날의 베트남을 가리키는데, 1884년에 프랑스의 식민지가 되고 말았습니다. 주시경은 강한 나라의 힘에 눌려 망한 안남의 처지가 우리와 비슷하다고 생각하여, 그 책을 우리글로 옮기려고 결심했으며, 마침내 1907년 11월, 안남 망국사를 출판하였습니다. 이 책은 6개월도 안 되어 세 번이나 다시 찍어야 할 만큼 많이 팔렸습니다.",
      "srcPage": 174,
      "srcSentenceEA": 3,
      "srcWordEA": 46
    },
    {
      "srcTextID": "43241",
      "srcText": "\"무슨 일인지 말씀해 보십시오.\" \"사실은.\" 이갑은 평안도 장연 사람으로, 그의 집은 원래 큰 부자였습니다. 어느 해인가 평안도 관찰사가 새로 왔는데, 그는 이런저런 트집을 잡으며 이갑의 아버지로부터 야금야금 돈과 땅을 빼앗아 갔습니다.",
      "srcPage": 178,
      "srcSentenceEA": 3,
      "srcWordEA": 33
    },
    {
      "srcTextID": "43233",
      "srcText": "\"선생님, 이제 일본 놈들은 우리 것은 무엇이든 그냥 두지 않을 것입니다. 조상의 얼이 담겨 있는 귀한 책들이 없어지기 전에, 그것들을 다시 여러 권 찍어 후손에게 물려주는 것도 애국하는 일이라고 생각합니다.\" 최남선의 말에 주시경은 힘차게 고개를 끄덕였습니다.",
      "srcPage": 171,
      "srcSentenceEA": 3,
      "srcWordEA": 38
    },
    {
      "srcTextID": "43238",
      "srcText": "그는 젊은이들을 가르치는 것이 곧 나라의 힘을 기르는 일이라고 생각했습니다. 그래서 특히 학교를 세우는 일에 많은 힘을 쏟았습니다. 서울의 협성 실업 학교, 휘문의숙, 그리고 정주의 오산 학교, 평양의 대성 학교 등은 모두 주시경이 애를 써서 세우게 된 학교입니다. 협성 실업 학교를 세우기까지는 다음과 같은 숨은 이야기가 있습니다.",
      "srcPage": 176,
      "srcSentenceEA": 4,
      "srcWordEA": 50
    },
    {
      "srcTextID": "43244",
      "srcText": "여기저기 알아보니 이갑의 집 재산을 빼앗은 민씨는 벼슬자리에서 물러나 서울에서 살고 있었습니다. 이갑은 군복 차림으로 허리에 권총을 찬 채 그를 찾아가, 자기 아버지에게서 빼앗아 간 땅을 당장 내놓으라고 말했습니다. 민씨는 놀라서 눈이 휘둥그레졌습니다.",
      "srcPage": 182,
      "srcSentenceEA": 3,
      "srcWordEA": 35
    },
    {
      "srcTextID": "43249",
      "srcText": "\"아니, 도대체 무슨 소리를 하는 거요? 내가 언제 당신네 땅을 빼앗아 갔단 말이오?\" \"너무 세월이 흘러서 기억 이 잘 안 나시는 모양이죠?\"",
      "srcPage": 183,
      "srcSentenceEA": 3,
      "srcWordEA": 23
    },
    {
      "srcTextID": "43256",
      "srcText": "이갑은 지난 일을 자세하게 이야기했습니다. \"설마 그래도 기억이 안 난다고는 못하겠지? 그 일 때문에 우리 아버님께서는 화병으로 돌아가셨소. 어서 우리 땅을 내놓으시오.\"",
      "srcPage": 184,
      "srcSentenceEA": 4,
      "srcWordEA": 24
    },
    {
      "srcTextID": "43247",
      "srcText": "\"나라의 장래는 젊은이들에게 달려 있습니다. 이 나라가 잘되려면 학교를 세워 젊은이들을 가르쳐야 합니다. 그 땅을 찾게 되면 학교를 세우는 게 어떻겠습니까?\"",
      "srcPage": 190,
      "srcSentenceEA": 3,
      "srcWordEA": 23
    },
    {
      "srcTextID": "43248",
      "srcText": "\"아, 그거 정말 좋은 생각입니다. 그 땅이 그렇게 쓰인다면 돌아가신 아버님께서도 기뻐하실 것입니다.\" \"알겠습니다. 그러면 제가 민씨를 만나 보겠습니다.\"",
      "srcPage": 191,
      "srcSentenceEA": 3,
      "srcWordEA": 21
    },
    {
      "srcTextID": "43255",
      "srcText": "얼마 후 주시경은 시간을 내어 민씨를 찾아갔습니다. \"지난날 옳지 못한 방법으로 빼앗은 땅은 돌려주는 게 마땅할 것입니다. 그렇게 생각지 않으십니까? 이 참령은 그 땅을 팔아 학교를 지으려 하고 있습니다.\"",
      "srcPage": 192,
      "srcSentenceEA": 4,
      "srcWordEA": 31
    },
    {
      "srcTextID": "43254",
      "srcText": "언짢은 듯 얼굴을 찡그리고 있던 민씨는 학교를 짓는다는 말에 얼굴빛이 환해졌습니다. \"그런 좋은 생각을 하고 있었으면 진작 말할 것이지. 난 다짜고짜 땅을 내놓으라고 해서 기분이 나빴던 것이오.\"",
      "srcPage": 193,
      "srcSentenceEA": 3,
      "srcWordEA": 28
    },
    {
      "srcTextID": "43257",
      "srcText": "\"민 선생께서도 그런 방법을 쓰신 걸로 아는데.\" 주시경이 비꼬듯이 말하자 민씨는 얼굴을 붉혔습니다. \"아무튼 보람 있게 쓰인다는 것을 알았으니, 지난 잘못을 비는 뜻에서 기분 좋게 그 땅을 내놓겠습니다.\" 이렇게 해서 세워진 학교가 바로 서울의 낙원동에 있는 협성 실업 학교입니다.",
      "srcPage": 194,
      "srcSentenceEA": 4,
      "srcWordEA": 41
    },
    {
      "srcTextID": "43258",
      "srcText": "겨레를 향한 영원한 사랑. 1910년부터 4년 동안 주시경은 한글 강습소에서 우리말을 가르쳤습니다. 그 강습소에서는 수업료를 받지 않았으므로, 원하는 사람은 누구든지 강의를 들을 수 있었습니다.",
      "srcPage": 195,
      "srcSentenceEA": 3,
      "srcWordEA": 26
    },
    {
      "srcTextID": "43261",
      "srcText": "학생들이 강습소를 졸업할 때, 주시경은 다음과 같은 당부를 잊지 않았습니다. \"비록 나라는 잃었을망정 말까지 잃으면 안 된다. 말은 곧 그 겨레의 혼이다. 배운 것을 그대로 묵히지 말고, 고향으로 가서 다른 사람들에게도 가르치도록 해라.\"",
      "srcPage": 196,
      "srcSentenceEA": 4,
      "srcWordEA": 35
    },
    {
      "srcTextID": "43263",
      "srcText": "1914년, 주시경은 마침내 결심을 했습니다. '여기서는 아무 일도 할 수가 없으니, 넓고 자유로운 세상으로 떠나자. 만주로 가서 한 손에는 총, 또 한 손에는 책을 들고 나라를 되찾는 그 날까지 싸우는 거야.'",
      "srcPage": 201,
      "srcSentenceEA": 3,
      "srcWordEA": 32
    },
    {
      "srcTextID": "43268",
      "srcText": "한글 연구를 계속하는 데 필요한 책들을 구하느라 며칠 동안 밤낮으로 뛰어다녔습니다. 그렇게 바쁜 나날을 보내던 주시경은 덜컥 자리에 눕고 말았습니다. 너무 무리를 한데다가 제대로 먹지 못해 몸이 많이 약해져 있었던 것입니다.",
      "srcPage": 203,
      "srcSentenceEA": 3,
      "srcWordEA": 33
    },
    {
      "srcTextID": "43262",
      "srcText": "'아직 할 일이 많은데, 빨리 일어나야지.' 그러나 그것은 마음뿐 몸이 말을 듣지 않았습니다. 그러던 어느 날, 주시경은 밥을 먹다가 배를 움켜쥐고 쓰러졌습니다. 심하게 체한 것입니다.",
      "srcPage": 204,
      "srcSentenceEA": 4,
      "srcWordEA": 28
    },
    {
      "srcTextID": "43177",
      "srcText": "그 후에도 독립신문은 나라 꼴이야 어떻게 되든 자기 이익에만 눈이 먼 대신들을 나무라고 그들의 잘못을 따졌습니다. 더 이상 그대로 있어선 안 되겠다고 생각한 대신들은, 고종 황제에게 상소를 올려 독립협회 간부들을 잡아들이기 시작했습니다. 주시경은 미리 알려 주는 사람이 있어서 재빨리 몸을 피했습니다.",
      "srcPage": 115,
      "srcSentenceEA": 3,
      "srcWordEA": 43
    },
    {
      "srcTextID": "43264",
      "srcText": "가족들은 서둘러 병원으로 옮겼으나, 미처 치료할 사이도 없이 주시경은 숨을 거두었습니다. 그의 나이 겨우 서른아홉 살 때인 1914년 7월 27일의 일이었습니다. 우리말을 사랑하는 것이 곧 나라를 사랑하는 길이라는 생각으로 일생을 보낸 주시경. 그는 갔지만 늘푸른나무 같은 그의 우리말 사랑과 나라 사랑 정신은 그 싱싱함을 자랑하며 언제까지나 우리 가슴속에 살아 있을 것입니다.",
      "srcPage": 205,
      "srcSentenceEA": 4,
      "srcWordEA": 54
    },
    {
      "srcTextID": "43186",
      "srcText": "한글과 한힌샘. 그 동안 서울에서는 많은 변화가 있었습니다. 독립협회는 해산되고 독립신문도 펴낼 수 없게 되었습니다. 함께 일하던 동지들도 모두 뿔뿔이 흩어져 만날 수가 없었습니다.",
      "srcPage": 122,
      "srcSentenceEA": 4,
      "srcWordEA": 27
    },
    {
      "srcTextID": "43242",
      "srcText": "\"미국이든 일본이든 가서 열심히 공부해라. 반드시 훌륭한 사람이 되어 부디 이 억울함을 풀어 다오.\" 그래서 이갑은 일본으로 가서 군관 학교에 입학했습니다.",
      "srcPage": 180,
      "srcSentenceEA": 3,
      "srcWordEA": 23
    },
    {
      "srcTextID": "43252",
      "srcText": "그러나 민씨는 그 땅은 자기가 빼앗은 것이 아니라 이갑의 아버지가 스스로 바친 것이라며 내놓으려고 하지 않았습니다. 이갑은 그 후로도 몇 번 더 민씨를 찾아갔습니다. 그러나 민씨는 여전히 꿈쩍도 하지 않았습니다.",
      "srcPage": 185,
      "srcSentenceEA": 3,
      "srcWordEA": 32
    },
    {
      "srcTextID": "43253",
      "srcText": "생각다 못해 이갑은 평소 존경해 온 주시경을 찾아와 사정을 털어놓았던 것입니다. \"그렇다고 권총으로 쏘아 죽이고 빼앗을 수도 없고. 정말 어떻게 해야 할지 모르겠습니다.\"",
      "srcPage": 186,
      "srcSentenceEA": 3,
      "srcWordEA": 24
    },
    {
      "srcTextID": "43176",
      "srcText": "황급히 집으로 돌아갔더니, 어느 새 병사들이 집을 에워싸고 있었네. 그래서 할 수 없이 영국 공사관으로 뛰어들어와 보호해 달라고 청했지. 곧 자네에게도 위험이 닥칠 것 같아 이리로 오라고 한 걸세.",
      "srcPage": 113,
      "srcSentenceEA": 3,
      "srcWordEA": 31
    },
    {
      "srcTextID": "43178",
      "srcText": "아무리 큰 죄를 지었다 해도 외국 공사관 안에 있으면 안전했습니다. 공사의 허락 없이는 잡아가지 못하는 '치외법권'이라는 법이 있기 때문입니다. 주시경과 윤치호는 며칠 동안 영국 공사관 안에서 숨어 지내며 위기를 넘겼습니다. 그리고 영국 공사의 도움으로 계속해서 독립신문을 낼 수 있었습니다.",
      "srcPage": 114,
      "srcSentenceEA": 5,
      "srcWordEA": 43
    },
    {
      "srcTextID": "43180",
      "srcText": "하지만 어디로 가야 할지 막막했습니다. 주시경은 한동안 이곳저곳으로 도망 다니다가 고향인 황해도 봉산으로 갔습니다. 주시경의 발걸음은 한없이 무거웠습니다. '할 일이 많은데 이 아까운 시간에 쫓겨 다녀야 하다니.'",
      "srcPage": 116,
      "srcSentenceEA": 4,
      "srcWordEA": 29
    },
    {
      "srcTextID": "43179",
      "srcText": "주시경은 부모님이 계시는 무릉골로 가지 않고 봉산군 쌍산면에 있는 큰누나의 집으로 갔습니다. 아무래도 거기가 더 안전할 것 같아서였습니다. 아무런 연락도 없이 갑작스레 주시경이 들이닥치자 큰누나는 깜짝 놀랐으나, 이내 그를 따뜻하게 맞아 주었습니다.",
      "srcPage": 117,
      "srcSentenceEA": 3,
      "srcWordEA": 34
    },
    {
      "srcTextID": "43182",
      "srcText": "고향의 푸근함은 그 동안 쉬지 않고 일해 온 주시경의 지친 몸과 마음에 여유를 가져다 주었습니다. 고향은 여전히 정겹고 아름다웠지만, 또한 가난에서 벗어나지 못하고 있었습니다. 사람들은 너나없이 부지런히 일했으나 모두 헐벗고 굶주렸습니다.",
      "srcPage": 119,
      "srcSentenceEA": 3,
      "srcWordEA": 33
    },
    {
      "srcTextID": "43185",
      "srcText": "주시경은 맥이 쭉 빠지는 듯했으나 그렇다고 주저앉아 있을 수는 없었습니다. '우리의 말과 글을 연구하는 것도 나라를 사랑하는 방법 중의 하나야. 기둥이 약하면 집이 무너지는 것처럼, 말과 글을 제대로 지키지 못하는 민족은 망할 수밖에 없다.' 주시경은 나라가 어수선한 가운데에서도 흔들리지 않고 우리 말에 대한 연구를 계속했습니다.",
      "srcPage": 123,
      "srcSentenceEA": 4,
      "srcWordEA": 47
    },
    {
      "srcTextID": "43190",
      "srcText": "주시경은 가르치면서도 한편으로는 배우기를 멈추지 않았습니다. 홍화 학교에 들어가 측량술을 배우고, 이화학당 선생인 영국인에게 영어와 의학을 배웠으며, 한성 외국어 학교에 들어가 일본어와 중국어를 배웠습니다. 얼마나 열심히 공부를 하는지 옆에서 보는 사람이 걱정이 될 정도였습니다.",
      "srcPage": 126,
      "srcSentenceEA": 3,
      "srcWordEA": 36
    },
    {
      "srcTextID": "43188",
      "srcText": "그 무렵 주시경은 우리글에 '한글'이라는 이름을 지어 붙였습니다. 한글은 크고, 바르고, 으뜸 가는 글이라는 뜻입니다. 아무도 돌보지 않던 우리글이 비로소 한글이라는 이름으로 다시 태어나게 된 것입니다.",
      "srcPage": 127,
      "srcSentenceEA": 4,
      "srcWordEA": 29
    },
    {
      "srcTextID": "43199",
      "srcText": "학생들은 멀리서 걸어가는 주시경의 뒷모습만 보고도 그가 누구인지 알아보았습니다. \"저기 주 보퉁이 선생님 가신다!\" 주 보퉁이란 옆에 낀 책보퉁이가 하도 커서 붙여진 별명이었습니다.",
      "srcPage": 132,
      "srcSentenceEA": 3,
      "srcWordEA": 24
    },
    {
      "srcTextID": "43194",
      "srcText": "그 보퉁이에는 학생들을 가르치는 데 필요한 책들이 들어 있었습니다. 워낙 여러 학교를 다니면서 강의를 하다 보니 자연히 책보퉁이가 클 수 밖에 없었습니다. 더구나 주시경은 국어뿐만 아니라 역서, 지리, 수학까지 가르쳤습니다.",
      "srcPage": 133,
      "srcSentenceEA": 3,
      "srcWordEA": 32
    },
    {
      "srcTextID": "43213",
      "srcText": "\"나도 우리말을 갈고 닦는 것이 나라를 살리는 길이라는 선생의 생각에 찬성하오. 혹시 내가 도울 일이 없을까 해서 이렇게 찾아왔소이다.\" 주시경은 오랜만에 뜻 맞는 사람을 만나 반가웠습니다.",
      "srcPage": 154,
      "srcSentenceEA": 3,
      "srcWordEA": 28
    },
    {
      "srcTextID": "43221",
      "srcText": "1907년 7월, 지석영이 애쓴 덕분에 '국문 연구소'라는 한글 연구 기관이 만들어졌습니다. 윤치호를 위원장으로 하여 한글 연구에 뜻이 있는 학자 15명이 연구 위원직을 맡았습니다. 주시경 역시 그 연구소의 위원으로서 가장 적극적으로 한글 연구에 앞장섰습니다. 주시경은 이 때의 연구를 바탕으로 국어 문전 음학, 국어 문법, 말의 소리 등의 책을 펴냈습니다.",
      "srcPage": 156,
      "srcSentenceEA": 6,
      "srcWordEA": 52
    },
    {
      "srcTextID": "43226",
      "srcText": "시강은 잠자코 고개를 숙이고 있었습니다. \"네가 수행원으로 영친왕을 따라가게 되면, 일본 놈들은 잘 대접하면서 자기들 편으로 만들려고 할 게다. 만약 그들의 꾐에 넘어간다면, 그것은 곧 나라와 겨레에 등을 돌리는 일이 되는 게야.\"",
      "srcPage": 162,
      "srcSentenceEA": 3,
      "srcWordEA": 33
    },
    {
      "srcTextID": "43227",
      "srcText": "1909년 봄, 서울의 탑골 승방에서 최익현의 명복을 비는 추도식이 열렸습니다. 최익현은 을사조약에 반대하다가 일본 경찰에 잡혀간 뒤, 원수가 주는 음식을 먹을 수 없다 하여 쓰시마 섬에서 굶어 죽은 의병장입니다. 뜻 있는 사람들은 진작부터 최익현을 추모하는 모임을 가져야 한다고 생각했으나, 그 이름만 입에 올려도 잡아가는 판이어서 엄두를 내지 못하고 있었습니다.",
      "srcPage": 164,
      "srcSentenceEA": 3,
      "srcWordEA": 51
    },
    {
      "srcTextID": "43230",
      "srcText": "어느 날, 주시경은 이상재, 양기탁을 찾아가 최익현의 추도식을 하자고 말했습니다. 그러자 이상재는 고개를 끄덕였습니다. 그렇잖아도 그 생각을 하고 있었습니다.",
      "srcPage": 165,
      "srcSentenceEA": 3,
      "srcWordEA": 21
    },
    {
      "srcTextID": "43234",
      "srcText": "\"옳은 말이야! 나도 그 생각을 하고 있던 참일세.\" 이렇게 하여 옛 책을 펴내는 '조선광문회'가 탄생했습니다. 주시경은 그 곳에서 국어에 관계된 옛 책을 교정하는 일을 맡아 보았습니다.",
      "srcPage": 172,
      "srcSentenceEA": 5,
      "srcWordEA": 30
    },
    {
      "srcTextID": "43189",
      "srcText": "그 후로 주시경은 국어를 가르쳐 달라고 부탁하는 곳이면, 어디든 마다하지 않고 달려갔습니다. 그 때에는 우리글을 가르치는 사람이 없었을 뿐 아니라, 따로 가르치는 곳도 없었습니다. 따라서 주시경은 우리나라에서 맨 처음으로 우리글을 가르치는 선생님이 된 것입니다.",
      "srcPage": 125,
      "srcSentenceEA": 3,
      "srcWordEA": 36
    },
    {
      "srcTextID": "43207",
      "srcText": "순간, 주시경도 학생들도 모두 눈에서 뜨거운 불길이 이는 듯했습니다. 이와 같이 주시경은 학생들에게 민족 정신을 일깨워 주었습니다. 그러나 주시경의 수업 시간이 늘 엄숙하기만 했던 것은 아닙니다. 학생들이 졸거나 지루해할 때에는 시치미를 뚝 떼고 우스운 이야기를 하곤 했습니다.",
      "srcPage": 144,
      "srcSentenceEA": 4,
      "srcWordEA": 40
    },
    {
      "srcTextID": "43217",
      "srcText": "주시경이 잠자코 있자 관리가 다시 말했습니다. \"선생께 생각만 있으시다면 우리 통감부에 자리를 하나 만들어 드리겠습니다. 우리 일에 협조를 하시면, 좀더 크고 좋은 집도 마련해 드리겠습니다.\"",
      "srcPage": 151,
      "srcSentenceEA": 3,
      "srcWordEA": 26
    },
    {
      "srcTextID": "43223",
      "srcText": "영친왕은 고종의 셋째 아들이자 순종의 동생이었습니다. 일본은 자기네 왕자와 왕족들이 다니는 학습원에 유학을 시킨다면서 영친왕을 볼모로 데려갈 음모를 꾸미고 있었습니다. 영친왕의 나이는 그 때 열한 살이었습니다.",
      "srcPage": 159,
      "srcSentenceEA": 3,
      "srcWordEA": 28
    },
    {
      "srcTextID": "43235",
      "srcText": "그리고 국문 연구소가 문을 닫는 바람에 해내지 못한 우리말 사전을 만드는 일도 시작했습니다. 몇 해 전 안남 망국사를 출간했을 때 일제의 집요한 방해로 곤란을 겪었던 일이 떠올랐지만, 우리말 사전 집필을 주저하지 않았습니다. 안남 망국사는 1907년에 주시경이 번역한 책입니다.",
      "srcPage": 173,
      "srcSentenceEA": 3,
      "srcWordEA": 40
    },
    {
      "srcTextID": "43225",
      "srcText": "\"듣고 보니 그 말씀이 옳습니다. 제 생각이 짧았습니다.\" 결국 시강은 일본에 가는 것을 포기했습니다. 주시경의 판단은 옳았습니다. 그 때 영친왕을 따라갔던 사람들은 대부분 일본의 앞잡이가 되었던 것입니다.",
      "srcPage": 163,
      "srcSentenceEA": 5,
      "srcWordEA": 31
    },
    {
      "srcTextID": "43228",
      "srcText": "그런데 추도식을 하되 비밀리에 해야겠습니다. 우리가 잡혀가는 것은 두렵지 않으나, 나라를 위해 고생하다 돌아가신 분인데 추도식마저 욕되게 할 수는 없지요. 곧 날짜와 장소가 정해지자 세 사람은 그 뜻을 사람들에게 알렸습니다.",
      "srcPage": 166,
      "srcSentenceEA": 3,
      "srcWordEA": 32
    },
    {
      "srcTextID": "43231",
      "srcText": "이렇게 해서 최익현의 추도식이 열리게 되었습니다. 그 날 추도식에 참석한 사람은 70여 명 정도였습니다. 나라를 위해 몸을 던진 이의 추도식마저 몰래 숨어서 해야 하는 기막힌 현실에 사람들의 가슴속에서는 뜨거운 분노가 치밀어올랐습니다.",
      "srcPage": 167,
      "srcSentenceEA": 3,
      "srcWordEA": 33
    },
    {
      "srcTextID": "43181",
      "srcText": "\"그 동안 일만 하느라 몸도 많이 상했을 텐데, 아 무 생각 말고 푹 쉬거라. 몸이 건강해야 큰일도 할 수 있을 것 아니냐.\" 주시경은 산에 가서 나무도 하고 밭에 나가 김도 매고 퇴비도 나르며 하루하루를 보냈습니다.",
      "srcPage": 118,
      "srcSentenceEA": 3,
      "srcWordEA": 37
    },
    {
      "srcTextID": "43183",
      "srcText": "그들을 보며 주시경은 눈시울을 붉혔습니다. 그리고 틈만 나면 감옥에 갇혀 고생하고 있을 동지들의 모습이 떠올라 마음 한 구석이 저려왔습니다. 주시경은 이런 생각이 들면 어서 빨리 서울로 올라가고 싶은 마음이 간절했습니다.",
      "srcPage": 120,
      "srcSentenceEA": 3,
      "srcWordEA": 32
    },
    {
      "srcTextID": "43184",
      "srcText": "이렇게 석 달을 지냈을 때 서울에서 기별이 왔습니다. 일이 무사히 해결되었으니 빨리 오라는 것이었습니다. 주시경은 급히 서울로 향했습니다.",
      "srcPage": 121,
      "srcSentenceEA": 3,
      "srcWordEA": 20
    },
    {
      "srcTextID": "43229",
      "srcText": "나라의 힘을 기르는 일. 1910년은 주시경뿐만 아니라 모든 우리나라 사람들에게 부끄럽고 고통스러운 해였습니다. 일본은 우리나라를 영원한 식민지로 만들겠다는 '한일병합 조약'을 강제로 맺고, 그 사실을 세계에 널리 알렸던 것입니다. 많은 뜻 있는 사람들이 이 소식을 듣고 분을 참지 못하여 스스로 목숨을 끊었습니다.",
      "srcPage": 168,
      "srcSentenceEA": 6,
      "srcWordEA": 45
    },
    {
      "srcTextID": "43240",
      "srcText": "어느 날, 이갑이라는 사람이 주시경을 찾아왔습니다. 그는 신식 군대의 군인으로, 계급은 오늘날의 대대장과 같은 참령이었습니다. \"선생님께 의논드릴 일이 있어서 찾아왔습니다.\"",
      "srcPage": 177,
      "srcSentenceEA": 3,
      "srcWordEA": 21
    },
    {
      "srcTextID": "43245",
      "srcText": "평안도 관찰사는 그 무렵 한창 세도를 부리고 있던 명성 황후 민씨의 친척이었으므로, 그 요구를 들어 주지 않을 수가 없었습니다. 그렇게 달라는 대로 바치다 보니 그 많던 재산이 거의 다 없어졌습니다. 이갑의 아버지는 마지막으로 남은 땅을 팔아 그 돈을 아들에게 주며 말했습니다.",
      "srcPage": 179,
      "srcSentenceEA": 3,
      "srcWordEA": 43
    },
    {
      "srcTextID": "43246",
      "srcText": "\"그래서야 악을 악으로 갚는 게 되니 안 되지요. 좀더 좋은 방법을 찾아보도록 합시다.\" 잠시 후 주시경이 이갑에게 물었습니다.",
      "srcPage": 187,
      "srcSentenceEA": 3,
      "srcWordEA": 20
    },
    {
      "srcTextID": "43196",
      "srcText": "아이들의 놀림 속에는 주시경에 대한 믿음과 사랑이 들어 있었습니다. \"저기 윤 미투리 선생님도 가시네!\" 학생들이 웃으며 소리쳤습니다.",
      "srcPage": 134,
      "srcSentenceEA": 3,
      "srcWordEA": 18
    },
    {
      "srcTextID": "43197",
      "srcText": "윤미투리는 윤치호를 말합니다. 늘 미투리를 신고 다녀서 붙여진 별명입니다. 당시 신학문을 배운 사람들은 대개 양복을 입고 다녔습니다. 그러나 주시경이나 윤치호는 양복을 입지 않았습니다.",
      "srcPage": 135,
      "srcSentenceEA": 4,
      "srcWordEA": 26
    },
    {
      "srcTextID": "43214",
      "srcText": "대한 의원 부속 의학교 학감으로 있는 지석영이 주시경을 찾아온 것은 그 얼마 후였습니다. 지석영은 일본에서 종두 제조법을 배워 와서 천연두로 죽어 가는 많은 사람을 살려낸 학자였습니다. 그는 의학뿐만 아니라 우리글 연구에도 깊은 관심이 있어서, 오래전부터 주시경을 만나고 싶어 했습니다.",
      "srcPage": 153,
      "srcSentenceEA": 3,
      "srcWordEA": 41
    },
    {
      "srcTextID": "43266",
      "srcText": "안명근은 데라우치 총독을 죽이고자 은밀하게 준비를 하기 시작했습니다. 그런데 이 사실을 일본 경찰이 눈치채고 안명근을 체포했습니다. 좋은 기회를 잡았다고 생각한 일본은 데라우치 총독 암살에 가담했다는 죄를 뒤집어씌워 많은 애국지사들을 잡아들였습니다. 이 때 700명이 넘는 사람들이 잡혀 들어갔는데, 그 중 윤치호, 이승훈 등 105명이나 되는 사람들이 재판을 받게 되었습니다. 이것이 그 유명한 '105인 사건'입니다.",
      "srcPage": 199,
      "srcSentenceEA": 6,
      "srcWordEA": 58
    },
    {
      "srcTextID": "43267",
      "srcText": "주시경은 한글을 통해 겨레의 정신을 일깨우려 애쓰는 사람이었습니다. 그런 주시경을 일본이 가만히 놓아 둘 리 없었습니다. 일본 경찰은 아주 사소한 일에도 오라 가라 하며 주시경을 괴롭혔습니다. 한글 강습소까지 따라 들어와 학생인 체하고 앉아 감시를 하는 형사도 있었습니다.",
      "srcPage": 200,
      "srcSentenceEA": 4,
      "srcWordEA": 40
    },
    {
      "srcTextID": "43265",
      "srcText": "만주로 떠나기 전, 주시경은 고향의 부모님께 인사를 하러 갔습니다. 다시 찾은 고향은 겉으로 보기에는 예전과 다름없었지만, 훨씬 살기가 어려워졌습니다. \"어디로 가든지 부디 몸조심해라.\" \"네, 제 걱정은 마시고 건강하십시오.\" 부모님께 인사를 마치고 다시 서울로 올라온 주시경은 만주로 떠날 준비를 하기 시작했습니다.",
      "srcPage": 202,
      "srcSentenceEA": 5,
      "srcWordEA": 42
    },
    {
      "srcTextID": "43187",
      "srcText": "1898년 12월, 드디어 국어문법이란 우리나라 최초의 국어문법 책이 완성되었습니다. 그리고 1900년 2월에는, 상동 교회에서 운영하는 야학에 맨 처음으로 '국어문법과'가 만들어졌습니다. 그 해에 주시경은 스물다섯 살의 나이로 배재학당을 졸업했습니다.",
      "srcPage": 124,
      "srcSentenceEA": 4,
      "srcWordEA": 31
    },
    {
      "srcTextID": "43219",
      "srcText": "\"저는 오래 전부터 우리말, 우리글을 바로 쓰자면 무엇보다 사전이 있어야 한다는 생각으로 자료를 모아 왔습니다. 그러나 이 일은 저 혼자 힘으로 할 수 있는 일이 아닙니다. 만일 이 일을 나라에서 맡아서 해 준다면 더 바랄 것이 없겠습니다.\" \"내가 곧 폐하를 뵙고 말씀드려 보겠소.\"",
      "srcPage": 155,
      "srcSentenceEA": 4,
      "srcWordEA": 45
    },
    {
      "srcTextID": "43218",
      "srcText": "\"그 이야긴 나도 들었다. 그런데 그게 어쨌다는 거냐?\" \"영친왕을 모시고 함께 갈 사람들을 뽑는다는데, 이번 기회에 저도 따라갔으면 해서요. 어린 나이에 머나먼 남의 나라로 가시는 게 안쓰러워서.\"",
      "srcPage": 160,
      "srcSentenceEA": 4,
      "srcWordEA": 29
    },
    {
      "srcTextID": "43237",
      "srcText": "이 때 주시경의 건의로 만들었던 국문 연구소도 문을 닫아야만 했습니다. 그 무렵 최남선이 주시경을 찾아왔습니다. 최남선은 그 때 비록 스물한 살밖에 안 되었지만, 나라와 민족을 사랑하는 마음만은 누구 못지않았습니다.",
      "srcPage": 170,
      "srcSentenceEA": 3,
      "srcWordEA": 31
    },
    {
      "srcTextID": "43239",
      "srcText": "뒤늦게 이 책의 내용을 알게 된 통감부에서는 당황하여 이 책을 팔지 못하도록 방해했습니다. 그뿐만 아니라 책방에 깔려 있는 책을 거두어들이는 한편, 출판사에 남아 있는 책도 모두 빼앗아 갔습니다. 그러나 주시경은 이에 굴하지 않고 나라를 위하는 일을 하고자 끊임없이 노력했습니다.",
      "srcPage": 175,
      "srcSentenceEA": 3,
      "srcWordEA": 41
    },
    {
      "srcTextID": "43243",
      "srcText": "그는 어떻게든 아버지의 한을 풀어 드리겠다는 마음으로, 다른 동료들보다 몇 배나 더 열심히 공부했습니다. 그 덕분에 뛰어난 성적으로 군관 학교를 졸업하고 우리나라로 돌아올 수 있었습니다. 그런데 이미 민씨들은 그 세도를 잃고 조정에서 쫓겨난 후였습니다. 물론 그 관찰사도 장연에 없었습니다.",
      "srcPage": 181,
      "srcSentenceEA": 4,
      "srcWordEA": 42
    },
    {
      "srcTextID": "43250",
      "srcText": "\"이 참령은 그 땅을 찾으면 어디에 쓰실 생각이죠?\" \"글쎄요, 반드시 어디에 쓰겠다고 정한 것은 아닙니다. 아버님께서 그 일로 화병이 나서 돌아가셨으니, 되찾아서 한을 풀어 드리고 싶을 뿐입니다.\"",
      "srcPage": 188,
      "srcSentenceEA": 3,
      "srcWordEA": 28
    },
    {
      "srcTextID": "43259",
      "srcText": "주시경이 한글 강습소에서 길러 낸 학생은 그 수를 일일이 세기 힘든 만큼 많았습니다. 그 중에는 국어학자 최현배처럼 나중에 우리 말과 글을 연구하는 데 평생을 바친 사람도 여럿 있습니다. 이렇게 주시경이 한글 강습소 일에 열심히던 1911년, 큰 사건이 일어났습니다.",
      "srcPage": 197,
      "srcSentenceEA": 3,
      "srcWordEA": 40
    },
    {
      "srcTextID": "43260",
      "srcText": "하얼빈에서 이토 히로부미를 죽인 안중근 의사에게는 안명근이라는 사촌 동생이 있었습니다. 만주에서 독립 운동을 하던 안명근은, 독립군 학교를 세우는 데 필요한 돈을 구하기 위해 몰래 우리나라에 들어와 있었습니다. 그 때 마침 데라우치 총독이 평안도에 온다는 소문이 있었습니다.",
      "srcPage": 198,
      "srcSentenceEA": 3,
      "srcWordEA": 38
    },
    {
      "srcTextID": "43202",
      "srcText": "어느 날, 주시경이 지리를 가르치고 있었습니다. \"백두산의 아름드리 나무를 베어 통째로 싣고서 철도로 달아날 때, 그 열차의 차장이 누구였습니까?\" 주시경이 학생들에게 물었습니다. \"일본 사람이었습니다.\"",
      "srcPage": 141,
      "srcSentenceEA": 4,
      "srcWordEA": 25
    },
    {
      "srcTextID": "43205",
      "srcText": "학생들이 대답하자 주시경이 다시 물었습니다. \"그러면 백두산의 나무를 베어 작은 배를 만들고 서해에 둥실 띄워 내려오며 바라보니 참으로 아름다운 금수강산이라. 그 주인이 누굽니까?\"",
      "srcPage": 142,
      "srcSentenceEA": 3,
      "srcWordEA": 24
    }
  ]
}