{
  "title": "셰익스피어 이야기 ",
  "author": "윌리엄 셰익스피어",
  "illustrator": "이한이,손다혜",
  "isbn": "9791165955588",
  "readAge": "초등_고학년",
  "publishedYear": 2022,
  "publisher": "아람북스",
  "classification": "의사소통",
  "paragraphInfoCount": 16,
  "paragraphInfo": [
    {
      "srcTextID": "144229",
      "srcText": "로렌스 신부는 작은 병을 줄리엣에게 건네며 말을 이었어요. “네가 가족 묘지로 옮겨지면 나는 로미오에게 이 계획을 알리고 너를 데려가게 하겠다. 그러면 너는 눈앞에 닥친 불행에서 벗어날 수가 있을 것이다.” “신부님 말씀대로 하겠어요.” 줄리엣은 집으로 돌아와 파리스 백작과 결혼하겠다고 했어요. 캐퓰릿 부부는 무척 기뻐하며 결혼식 준비를 했어요. 마침내 결혼식 전날이 되었어요. 줄리엣은 이런저런 걱정에 괴로웠어요. ‘영영 깨어나지 못하면 어떡하나? 로미오가 나를 데리러 오기 전에 깨어나면 어떡하나? 해골과 시체가 가득한 가족 묘지는 무서운데.’ 하지만 줄리엣은 용기를 내어 약을 마셨어요. 그리고 바로 정신을 잃었어요.",
      "srcPage": 5,
      "srcSentenceEA": 13,
      "srcWordEA": 91
    },
    {
      "srcTextID": "144234",
      "srcText": "영주는 두 사람의 맹세를 만족스럽게 여기고 하늘을 우러러 조용히 말했어요. “오늘 아침은 어쩌면 이렇게도 구슬프단 말인가! 해마저 슬픔에 잠겨 모습을 드러내지 않는구나! 자, 이제 모두 돌아가서 슬픔을 달래도록 하시오. 세상에는 많은 슬픈 이야기가 있지만, 이 젊은이들의 사랑만큼 애처로운 것은 또 없을 거요.” 그리하여 대대로 베로나의 평화를 깨뜨려 오던 두 집안의 불화는 젊은이들의 슬픈 사랑으로 마침내 끝이 나게 되었어요. ",
      "srcPage": 11,
      "srcSentenceEA": 6,
      "srcWordEA": 62
    },
    {
      "srcTextID": "144236",
      "srcText": "햄릿은 아버지를 여읜 슬픔과 어머니에 대한 실망이 겹쳐, 괴로움 속에서 하루하루를 보냈어요. 어머니 거트루드 왕비와 새 왕은 햄릿의 마음을 돌리려고 여러모로 애를 썼지만 소용이 없었어요. 햄릿의 마음을 가장 괴롭힌 것은 아버지가 왜, 어떻게 죽었는지를 모른다는 것이었어요. 새 왕은 선왕이 뱀에 물려 죽었다고 소문을 퍼뜨렸어요. 그러나 햄릿은 숙부인 새 왕이 아버지를 죽이고 스스로 왕위에 오른 것은 아닐까 하고 의심했어요. 그 무렵, 궁전 안에는 매일 밤 죽은 선왕의 유령이 성에 나타난다는 이상한 소문이 퍼졌어요. 유령을 본 것은 보초를 서던 병사들이었는데, 그들의 말은 한결같았기 때문에 믿지 않을 수 없었어요. 그리하여 햄릿은 친구인 호레이쇼와 병사 한 명과 함께 유령이 나타난다는 곳에서 보초를 섰어요. 겨울바람이 살을 에는 듯한 추운 밤이었어요.",
      "srcPage": 12,
      "srcSentenceEA": 9,
      "srcWordEA": 113
    },
    {
      "srcTextID": "144232",
      "srcText": "로렌스 신부는 소스라치게 놀랐어요. “아, 이처럼 참혹한 일이 한꺼번에 일어나다니! 오, 줄리엣이 깨어나기 시작하는군.” 그때까지 죽은 듯이 누워 있던 줄리엣이 살며시 눈을 떴어요. 줄리엣은 로렌스 신부에게 로미오는 어디에 있느냐고 물었어요. 그때 밖에서 사람들의 발소리가 들려왔어요. 로렌스 신부는 겁을 먹고 서둘러 달아났어요. 줄리엣은 사랑하는 로미오가 손에 약병을 쥐고 쓰러져 있는 것을 발견하고는 모든 상황을 알아차렸어요.",
      "srcPage": 10,
      "srcSentenceEA": 8,
      "srcWordEA": 60
    },
    {
      "srcTextID": "144224",
      "srcText": "“오, 로미오. 당신은 왜 하필 로미오인가요? 나를 위해 아버지와 당신의 이름을 버려 주세요. 그러지 못한다면 사랑의 맹세라도 해 주세요. 그러면 나도 캐퓰릿이라는 이름을 버릴게요.” 줄리엣의 말을 들은 로미오는 참을 수가 없었어요. “그럼 나를 사랑이라고 부르시오. 그대가 로미오라는 이름이 싫다면 나는 이제 로미오가 아니오.” 줄리엣은 갑자기 남자의 목소리가 들리자 깜짝 놀랐어요.",
      "srcPage": 1,
      "srcSentenceEA": 9,
      "srcWordEA": 57
    },
    {
      "srcTextID": "144225",
      "srcText": "하지만 그가 로미오라는 것을 알게 되었고, 둘은 한참 동안 사랑을 속삭였어요. 그때 유모가 이제 자야 한다며 줄리엣을 불렀어요. 이미 날이 훤히 밝아 오고 있었거든요. 마침내 둘은 잘 자라고 인사를 나누고 헤어졌어요. 흥분한 로미오는 좀처럼 잠이 올 것 같지 않았어요. 그는 집으로 돌아가는 대신 로렌스 신부를 만나기 위해 곧장 근처에 있는 수도원으로 갔어요. 로렌스 신부는 로미오가 사랑의 괴로움 때문에 밤을 지새운 것이라고 생각했어요.",
      "srcPage": 2,
      "srcSentenceEA": 7,
      "srcWordEA": 68
    },
    {
      "srcTextID": "144228",
      "srcText": "다음 날 아침, 파리스가 음악을 연주해 신부의 잠을 깨우려고 음악가들을 데리고 왔을 때 줄리엣의 몸은 싸늘한 시체로 변해 있었어요. 온 집안이 발칵 뒤집혔어요. 결혼식을 위해 준비한 모든 것들이 장례식에 쓰이게 되었어요. 잔치 음식들은 장례 음식이 되었고, 결혼을 축하할 노래는 우울한 장송곡으로 변했고, 신부에게 뿌릴 꽃들은 묘지로 가는 길에 뿌려졌어요.",
      "srcPage": 6,
      "srcSentenceEA": 4,
      "srcWordEA": 52
    },
    {
      "srcTextID": "144231",
      "srcText": "파리스는 로미오가 줄리엣의 묘지를 파헤치러 온 줄 알고 칼을 뽑아 들었어요. 로미오는 줄리엣의 묘지 옆에서 싸움을 벌이고 싶지 않아 파리스를 애써 달랬지만 소용없었어요. 마침내 둘 사이에 싸움이 벌어졌고 파리스는 로미오의 칼에 찔려 죽고 말았어요. 죽은 사람의 얼굴을 횃불로 비추어 보던 로미오는 죽은 사람이 줄리엣과 결혼하려고 했던 파리스임을 알고는 깜짝 놀랐어요. 로미오는 불행한 운명 때문에 자신과 같은 처지에 놓였던 파리스의 손을 잡았어요. “당신을 캐퓰릿의 묘지에 묻어 주겠소.”",
      "srcPage": 8,
      "srcSentenceEA": 6,
      "srcWordEA": 70
    },
    {
      "srcTextID": "144233",
      "srcText": "로미오가 묘지의 문을 열고 안으로 들어가자 거기에는 줄리엣이 아름다운 모습으로 자는 듯이 누워 있었어요. 죽음조차도 줄리엣의 아름다운 모습을 바꾸어 놓을 수는 없었어요. 줄리엣의 곁에는 피투성이가 된 티볼트도 함께 누워 있었어요. 로미오는 죽은 티볼트를 향해 용서를 빌고 줄리엣의 입술에 마지막 입맞춤을 한 다음, 가지고 온 독약을 마셨어요. 그때, 로렌스 신부가 삽과 등불을 들고 황급히 달려왔어요. 로렌스 신부는 만토바로 보낸 심부름꾼이 뜻밖의 사고로 로미오에게 편지를 전해 주지 못한 사실을 뒤늦게 알고 급히 묘지로 달려온 것이었어요. 로렌스 신부는 묘지 입구에 핏자국이 있고 칼이 떨어져 있는 것을 보고 수상히 여기며 묘지 안으로 들어섰어요. 등불로 주위를 비추어 보던 로렌스 신부는 깜짝 놀랐어요. “아, 로미오가! 벌써 숨을 거두었구나. 오, 파리스까지도.”",
      "srcPage": 9,
      "srcSentenceEA": 11,
      "srcWordEA": 113
    },
    {
      "srcTextID": "144235",
      "srcText": "밤이 깊어지자 소문대로 유령이 나타났어요. 두 달 전에 세상을 떠난 왕이 틀림없었어요. 왕은 투구와 갑옷으로 단단히 차려입고 있었어요. 유령을 본 햄릿은 놀라움과 무서움으로 부르르 떨었어요. 유령은 틀림없는 아버지의 모습이었거든요. “아버지!” 햄릿은 유령을 향해 소리쳤어요. “틀림없는 아버지라면 어찌하여 묘지 속에서 편히 잠드시지 못하고, 이처럼 이 세상을 떠돌아다니십니까? 어떻게 하면 아버지의 영혼을 위로해 드릴 수 있는지 가르쳐 주십시오.”",
      "srcPage": 13,
      "srcSentenceEA": 8,
      "srcWordEA": 62
    },
    {
      "srcTextID": "144227",
      "srcText": "줄리엣은 기가 막혔어요. 신부가 된 지 몇 시간도 안 되어 남편과 헤어지게 되었으니 말이에요. 그녀는 처음에는 몹시 화를 냈어요. “아름다운 폭군, 천사 같은 악마, 까마귀 같은 비둘기, 늑대의 마음을 가진 양, 꽃 같은 얼굴에 뱀과 같은 심장을 지닌 사람.” 줄리엣은 이런 말로 로미오에 대한 미움을 쏟아 냈어요. 그러나 결국 사랑의 마음이 이겼어요. 사촌 오빠의 죽음을 슬퍼하며 흘리던 눈물은 사촌 오빠에게 죽을 뻔했다가 살아남은 로미오에 대한 기쁨의 눈물로 바뀌었어요. 이어서 줄리엣은 로미오가 추방을 당한 데 대한 슬픔의 눈물을 흘렸어요. 줄리엣에게 그 소식은 티볼트가 죽었다는 소식보다도 더 끔찍했어요.",
      "srcPage": 4,
      "srcSentenceEA": 9,
      "srcWordEA": 93
    },
    {
      "srcTextID": "144230",
      "srcText": "줄리엣이 죽었다는 소식은 만토바에 있는 로미오에게도 전해졌어요. 줄리엣은 죽은 척하고 있을 뿐이며 가족 묘지에서 로미오가 데리러 와 주기만을 기다리고 있다는 사실은 꿈에도 모른 채 로미오는 미칠 듯이 괴로워했어요. 모든 사실을 알려 주려고 로렌스 신부가 보낸 사람이 아직 도착하지 않았기 때문이었어요. 절망한 로미오는 약방에 들러 독약을 산 다음, 묘지에 누워 있는 줄리엣 곁에서 죽을 결심을 했어요. 로미오는 한밤중에 베로나에 있는 캐퓰릿 집안의 묘지에 도착했어요. 로미오가 횃불을 밝히고 지렛대로 묘지의 문을 열려고 하는데 그 옆에 누군가가 있었어요. 줄리엣의 약혼자 파리스였어요.",
      "srcPage": 7,
      "srcSentenceEA": 7,
      "srcWordEA": 84
    },
    {
      "srcTextID": "144237",
      "srcText": "“당신이 먼저 죽는다고 해도 저는 절대로 다른 남자와 재혼하지 않겠어요. 만약에 그런 짓을 한다면 어떠한 벌도 달게 받겠어요. 재혼하는 것은 당신을 두 번 죽이는 일이니까요.” 햄릿은 왕의 얼굴빛이 달라진 것을 눈치챘어요. 왕과 왕비는 연극을 보기가 몹시 괴로운 것 같았어요. 연극이 계속 진행되어 동생이 형을 죽이려고 다가가는 장면에 이르자, 왕은 자기가 저지른 죄와 너무 비슷하여 더는 연극을 볼 수가 없었어요. 마침내 얼굴빛이 굳어진 왕은 몸이 불편하다는 핑계로 자리를 뜨고 말았어요.",
      "srcPage": 15,
      "srcSentenceEA": 7,
      "srcWordEA": 75
    },
    {
      "srcTextID": "144226",
      "srcText": "로미오는 티볼트에게 욕을 퍼부으며 칼을 뽑아 들었어요. 티볼트는 로미오의 칼에 찔려 죽고 말았어요. 이 무서운 사건은 대낮에, 더구나 베로나 거리의 한복판에서 일어났기 때문에 사람들이 금세 몰려들었어요. 모여든 사람 중에는 캐퓰릿 부부와 몬태규 부부, 베로나의 영주도 있었어요. 베로나의 영주는 죽은 머큐시오의 친척이었어요. 로미오의 친구인 벤볼리오가 이 사건을 처음부터 끝까지 지켜보았으므로, 영주는 벤볼리오에게 이 사건에 관해 설명하도록 했어요. 영주는 사건을 자세히 조사한 다음, 로미오를 베로나에서 추방한다고 말했어요. ",
      "srcPage": 3,
      "srcSentenceEA": 7,
      "srcWordEA": 71
    },
    {
      "srcTextID": "144240",
      "srcText": "햄릿은 유령의 말이 사실이라는 것을 알았어요. 그러나 아버지를 죽인 숙부에게 어떠한 방법으로 복수할 것인지에 대해서는 뾰족한 수가 생각나지 않았어요. 그때 왕비의 부름을 전하는 시종이 햄릿을 찾아왔어요. 햄릿이 왕비에게 가자 왕비는 햄릿의 행동을 꾸짖었어요. “클로디어스왕은 너의 숙부며 이제는 너의 아버지이다. 너 때문에 네 아버지가 무척 불쾌해하시는구나.” 햄릿은 어머니가 친아버지를 죽인 사람을 ‘아버지’라고 말한 것에 몹시 화를 냈어요. “아, 차라리 몰랐으면 좋겠습니다. 어머니는 왕비이자, 남편 동생의 부인이 된 사람입니다. 저는 어떻게 하면 좋을지 모르겠어요.” ",
      "srcPage": 16,
      "srcSentenceEA": 11,
      "srcWordEA": 80
    },
    {
      "srcTextID": "144238",
      "srcText": "때마침 한 무리의 배우들이 궁전으로 찾아왔어요. 햄릿은 아버지가 죽은 상황과 비슷한 내용의 연극을 만들어 왕이 그 연극을 어떠한 태도로 구경하는지 살펴보기로 했어요. 그러면 그가 아버지를 죽였는지 아닌지를 알게 될 것이라고 생각했기 때문이었어요. 햄릿은 배우들에게 그와 같은 연극을 준비시킨 다음, 왕과 왕비를 초대했어요. 연극의 줄거리는 빈에 사는 어느 대공의 집에서 동생이 형의 재산을 탐내어 형을 독살하고 형수와 결혼한다는 내용이었어요. 왕은 그러한 내용인 줄도 모르고, 왕비를 비롯한 여러 신하와 함께 연극을 구경하러 왔어요. 연극은 대공 내외가 이야기하는 데서부터 시작되었어요. 대공의 아내는 갖가지 달콤한 사랑의 말을 남편의 귀에 대고 속삭였어요. ",
      "srcPage": 14,
      "srcSentenceEA": 8,
      "srcWordEA": 94
    }
  ]
}