{
  "title": "고양이와 친구 되는 법",
  "author": "전윤호",
  "illustrator": "한국출판일러스트회",
  "isbn": "9791157024339",
  "publishedYear": 2015,
  "publisher": "황우",
  "paragraphInfoCount": 65,
  "paragraphInfo": [
    {
      "srcTextID": "98764",
      "srcText": "“고양이를 키우고 싶어요.” 홍걸이가 아빠에게 말했어요. “글쎄, 그럼 누가 고양이를 보살피지?”",
      "srcPage": 1,
      "srcSentenceEA": 3,
      "srcWordEA": 12,
      "character": "고양이,홍걸이,아빠",
      "setting": null,
      "action": "키우고,말했어요",
      "feeling": null,
      "causalRelationship": null,
      "outcomeResolution": null,
      "prediction": "글쎄, 그럼 누가 고양이를 보살피지?",
      "plotSummaryInfoCount": 1,
      "plotSummaryInfo": {
        "classification": "신체운동_건강",
        "readAge": "초등_고학년",
        "form": "short-form",
        "plotSummaryText": "홍걸이가 고양이를 키우고 싶다고 말하자, 아빠는 누가 고양이를 보살필지 물었어요.",
        "textWordEA": 10
      }
    },
    {
      "srcTextID": "98767",
      "srcText": "홍걸이는 자신 있게 대답했어요. “그야 물론 제가 주인이니까 제가 보살피지요.” 그러나 아빠는 고개를 갸웃거렸어요.",
      "srcPage": 2,
      "srcSentenceEA": 3,
      "srcWordEA": 15,
      "character": "홍걸이,제,주인,아빠,고개",
      "setting": null,
      "action": "대답했어요,갸웃거렸어요",
      "feeling": null,
      "causalRelationship": null,
      "outcomeResolution": null,
      "prediction": null,
      "plotSummaryInfoCount": 1,
      "plotSummaryInfo": {
        "classification": "신체운동_건강",
        "readAge": "초등_고학년",
        "form": "short-form",
        "plotSummaryText": "홍걸이는 자기가 보살피겠다고 자신 있게 대답했지만, 아빠는 고개를 갸웃거렸어요.",
        "textWordEA": 9
      }
    },
    {
      "srcTextID": "98809",
      "srcText": "목욕을 끝내고 나오니 아빠도, 홍걸이도, 모돌이도 모두 물을 뒤집어써서 물에 빠진 생쥐 같았어요. “아니, 도대체 누가 누구에게 목욕을 시킨 거예요?” 엄마가 어이없다는 듯 호호 웃었어요.",
      "srcPage": 41,
      "srcSentenceEA": 3,
      "srcWordEA": 26,
      "character": "아빠,홍걸이,모돌이,물,생쥐,엄마",
      "setting": null,
      "action": "목욕,나오니,뒤집어써서,웃었어요",
      "feeling": "어이없다는",
      "causalRelationship": null,
      "outcomeResolution": null,
      "prediction": null,
      "plotSummaryInfoCount": 1,
      "plotSummaryInfo": {
        "classification": "신체운동_건강",
        "readAge": "초등_고학년",
        "form": "short-form",
        "plotSummaryText": "물을 뒤집어써서 물에 빠진 생쥐 꼴이 된 아빠, 홍걸이, 모돌이를 보고 엄마가 웃었어요.",
        "textWordEA": 13
      }
    },
    {
      "srcTextID": "98776",
      "srcText": "홍걸이네 엄마 아빠는 두 분 다 일을 하고 있어요. 그래서 저녁에는 홍걸이 혼자 집에 있을 때가 많아서 같이 놀아 줄 친구가 필요했어요. 영철이는 집에서 고양이와 아주 잘 놀아요. 그래서 홍걸이도 고양이가 있었으면 했던 거지요. “영철이는 엄마가 집에서 살림을 하는 주부니까 고양이를 돌보아 줄 수 있지만 우린 어렵단다.”",
      "srcPage": 7,
      "srcSentenceEA": 5,
      "srcWordEA": 50,
      "character": "홍걸이,엄마,아빠,두 분,친구,영철이,고양이",
      "setting": "저녁,집",
      "action": "일을 하고,놀아요,살림을 하는",
      "feeling": null,
      "causalRelationship": null,
      "outcomeResolution": null,
      "prediction": null,
      "plotSummaryInfoCount": 1,
      "plotSummaryInfo": {
        "classification": "신체운동_건강",
        "readAge": "초등_고학년",
        "form": "long-form",
        "plotSummaryText": "부모님이 두 분 다 일을 해서 집에 혼자 있을 때가 많은 홍걸이는 같이 놀아 줄 친구로 고양이가 있었으면 했지만, 홍걸이 엄마는 일을 해서 고양이를 돌보기 어렵다고 말합니다.",
        "textWordEA": 27
      }
    },
    {
      "srcTextID": "98781",
      "srcText": "하지만 홍걸이는 포기하지 않았어요. 저 자신 있어요. 저도 이제 초등학교 3학년이라고요.",
      "srcPage": 8,
      "srcSentenceEA": 3,
      "srcWordEA": 13,
      "character": "홍걸이,저,초등학교",
      "setting": null,
      "action": "포기하지 않았어요",
      "feeling": null,
      "causalRelationship": null,
      "outcomeResolution": null,
      "prediction": null,
      "plotSummaryInfoCount": 1,
      "plotSummaryInfo": {
        "classification": "신체운동_건강",
        "readAge": "초등_고학년",
        "form": "short-form",
        "plotSummaryText": "홍걸이는 포기하지 않고 이제 초등학교 3학년이 되었으니 자신 있다고 말합니다.",
        "textWordEA": 10
      }
    },
    {
      "srcTextID": "98777",
      "srcText": "“그럼 고양이 뒤치다꺼리는 당신이 책임질 거예요?” 엄마의 목소리도 희미하게 들렸어요. 그리고 그다음 말은 듣지 못하고 홍걸이는 잠이 들고 말았어요.",
      "srcPage": 12,
      "srcSentenceEA": 3,
      "srcWordEA": 21,
      "character": "고양이,당신,엄마,홍걸이",
      "setting": null,
      "action": "들렸어요,잠이 들고",
      "feeling": null,
      "causalRelationship": null,
      "outcomeResolution": null,
      "prediction": null,
      "plotSummaryInfoCount": 1,
      "plotSummaryInfo": {
        "classification": "신체운동_건강",
        "readAge": "초등_고학년",
        "form": "short-form",
        "plotSummaryText": "고양이 돌보는 일을 걱정하는 엄마의 목소리도 희미하게 들렸지만, 홍걸이는 잠이 들고 말았어요.",
        "textWordEA": 12
      }
    },
    {
      "srcTextID": "98785",
      "srcText": "웬일인지 아빠가 아직까지 출근을 하지 않았어요. “아빠 회사 오늘 쉬는 날이란다. 이따 집에 오면 같이 고양이 데리러 가자.”",
      "srcPage": 14,
      "srcSentenceEA": 3,
      "srcWordEA": 19,
      "character": "아빠,회사,고양이",
      "setting": "집",
      "action": "출근을 하지 않았어요,오면,데리러",
      "feeling": null,
      "causalRelationship": null,
      "outcomeResolution": null,
      "prediction": null,
      "plotSummaryInfoCount": 1,
      "plotSummaryInfo": {
        "classification": "신체운동_건강",
        "readAge": "초등_고학년",
        "form": "short-form",
        "plotSummaryText": "회사가 쉬는 날이라 출근하지 않은 아빠는 이따 집에 오면 같이 고양이를 데리러 가자고 말했어요.",
        "textWordEA": 14
      }
    },
    {
      "srcTextID": "98783",
      "srcText": "고양이라는 말에 홍걸이는 펄쩍펄쩍 뛰었어요. “정말요! 그럼 고양이 키우는 거예요?” 아빠가 고개를 끄덕였어요.",
      "srcPage": 15,
      "srcSentenceEA": 3,
      "srcWordEA": 15,
      "character": "고양이,홍걸이,아빠,고개",
      "setting": null,
      "action": "말,뛰었어요,끄덕였어요",
      "feeling": null,
      "causalRelationship": null,
      "outcomeResolution": null,
      "prediction": null,
      "plotSummaryInfoCount": 1,
      "plotSummaryInfo": {
        "classification": "신체운동_건강",
        "readAge": "초등_고학년",
        "form": "short-form",
        "plotSummaryText": "신이 난 홍걸이가 펄쩍펄쩍 뛰며 정말 고양이를 키우는 건지 묻자, 아빠는 고개를 끄덕였어요.",
        "textWordEA": 13
      }
    },
    {
      "srcTextID": "98788",
      "srcText": "“어떤 녀석이 좋을까?” 홍걸이는 아빠와 함께 영철이네 집에 가서 데려갈 새끼 고양이를 골랐어요. 작고 귀여운 새끼 고양이가 여섯 마리나 있었거든요.",
      "srcPage": 17,
      "srcSentenceEA": 3,
      "srcWordEA": 22,
      "character": "홍걸이,아빠,영철이,새끼 고양이",
      "setting": "영철이네 집",
      "action": "가서,골랐어요",
      "feeling": null,
      "causalRelationship": null,
      "outcomeResolution": null,
      "prediction": null,
      "plotSummaryInfoCount": 1,
      "plotSummaryInfo": {
        "classification": "신체운동_건강",
        "readAge": "초등_고학년",
        "form": "short-form",
        "plotSummaryText": "홍걸이와 아빠는 영철이네 집에 가서 여섯 마리나 되는 새끼 고양이 중에 어떤 녀석을 데려가야 할지 골랐어요.",
        "textWordEA": 16
      }
    },
    {
      "srcTextID": "98790",
      "srcText": "그런데 처음 키우는 거니까 수놈이 좋겠다. 암놈은 나중에 새끼를 낳으면 손이 많이 간단다. 홍걸이는 아빠 말에 따라 수놈을 한 마리 골랐어요.",
      "srcPage": 19,
      "srcSentenceEA": 3,
      "srcWordEA": 23,
      "character": "수놈,암놈,새끼,손,홍걸이,아빠",
      "setting": null,
      "action": "키우는,말에 따라,골랐어요",
      "feeling": null,
      "causalRelationship": null,
      "outcomeResolution": null,
      "prediction": null,
      "plotSummaryInfoCount": 1,
      "plotSummaryInfo": {
        "classification": "신체운동_건강",
        "readAge": "초등_고학년",
        "form": "short-form",
        "plotSummaryText": "처음 키우는 거니까 새끼를 낳는 암놈보다 수놈이 좋겠다는 아빠의 말에 따라, 홍걸이는 수놈을 한 마리 골랐어요.",
        "textWordEA": 16
      }
    },
    {
      "srcTextID": "98832",
      "srcText": "일곱째 기운의 모습은 엄숙하게 하라. 여덟째 서 있는 모습은 덕성스럽게 하라. 아홉째 얼굴빛의 모습은 굳세게 해야 한다.",
      "srcPage": 62,
      "srcSentenceEA": 3,
      "srcWordEA": 19,
      "character": "얼굴",
      "setting": null,
      "action": "하라,서",
      "feeling": "엄숙하게",
      "causalRelationship": null,
      "outcomeResolution": null,
      "prediction": null,
      "plotSummaryInfoCount": 1,
      "plotSummaryInfo": {
        "classification": "신체운동_건강",
        "readAge": "초등_고학년",
        "form": "short-form",
        "plotSummaryText": "일곱째 기운의 모습은 엄숙하게 하며, 여덟째 서 있는 모습은 덕성스럽게 하고, 아홉째 얼굴빛의 모습은 굳세게 하라는 것입니다.",
        "textWordEA": 17
      }
    },
    {
      "srcTextID": "98791",
      "srcText": "수염이 난 듯 턱에 얼룩이 진 예쁜 고양이였지요. 집으로 돌아올 때 아빠가 물었어요. “그래, 이름은 뭐로 할 거니?”",
      "srcPage": 20,
      "srcSentenceEA": 3,
      "srcWordEA": 19,
      "character": "수염,턱,고양이,아빠",
      "setting": "집",
      "action": "돌아올,물었어요",
      "feeling": null,
      "causalRelationship": null,
      "outcomeResolution": null,
      "prediction": null,
      "plotSummaryInfoCount": 1,
      "plotSummaryInfo": {
        "classification": "신체운동_건강",
        "readAge": "초등_고학년",
        "form": "short-form",
        "plotSummaryText": "고양이를 데리고 집으로 돌아오는 길에 아빠는 이름을 무엇으로 할 것인지 물었어요.",
        "textWordEA": 11
      }
    },
    {
      "srcTextID": "98796",
      "srcText": "“홍걸아, 모돌이 밥 좀 줘라!” 토요일 아침, 모처럼 달게 늦잠을 자는데 엄마가 깨웠어요. “아이참, 더 자고 싶어요.”",
      "srcPage": 25,
      "srcSentenceEA": 3,
      "srcWordEA": 18,
      "character": "홍걸아,모돌이,밥,엄마",
      "setting": "토요일 아침",
      "action": "자는데,깨웠어요",
      "feeling": null,
      "causalRelationship": null,
      "outcomeResolution": null,
      "prediction": "아이참, 더 자고 싶어요.",
      "plotSummaryInfoCount": 1,
      "plotSummaryInfo": {
        "classification": "신체운동_건강",
        "readAge": "초등_고학년",
        "form": "short-form",
        "plotSummaryText": "토요일 아침, 엄마는 모돌이에게 밥을 주라며 늦잠을 자고 있던 홍걸이를 깨웠어요.",
        "textWordEA": 11
      }
    },
    {
      "srcTextID": "98794",
      "srcText": "“모돌이는 아까부터 일어나 있어! 배고플 것 같은데?” 홍걸이는 귀찮아서 짜증 섞인 목소리로 말했어요.",
      "srcPage": 26,
      "srcSentenceEA": 3,
      "srcWordEA": 15,
      "character": "모돌이,홍걸이",
      "setting": null,
      "action": "말했어요",
      "feeling": "귀찮아서,짜증 섞인",
      "causalRelationship": null,
      "outcomeResolution": null,
      "prediction": null,
      "plotSummaryInfoCount": 1,
      "plotSummaryInfo": {
        "classification": "신체운동_건강",
        "readAge": "초등_고학년",
        "form": "short-form",
        "plotSummaryText": "모돌이가 배고플 것 같다는 말에 홍걸이는 귀찮아서 짜증 섞인 목소리로 말했어요.",
        "textWordEA": 11
      }
    },
    {
      "srcTextID": "98799",
      "srcText": "“안 돼요! 모돌이는 내 친구라고요!” 엄마가 단호한 목소리로 말했어요. 처음부터 보살필 사람이 없어서 고양이는 못 키운다고 엄마가 말했지? 넌 오늘 아침에도 모돌이 밥도 안 주고 그냥 잤잖아!",
      "srcPage": 30,
      "srcSentenceEA": 5,
      "srcWordEA": 31,
      "character": "모돌이,친구,엄마,사람,고양이,밥",
      "setting": "오늘 아침",
      "action": "말했어요,말했지,안 주고,잤잖아",
      "feeling": null,
      "causalRelationship": null,
      "outcomeResolution": null,
      "prediction": null,
      "plotSummaryInfoCount": 1,
      "plotSummaryInfo": {
        "classification": "신체운동_건강",
        "readAge": "초등_고학년",
        "form": "long-form",
        "plotSummaryText": "엄마는 오늘 아침에도 모돌이 밥도 안 주고 그냥 잔 것을 지적하며 단호하게 말했어요.",
        "textWordEA": 13
      }
    },
    {
      "srcTextID": "103537",
      "srcText": "홍걸이는 냄새가 지독한 모돌이의 화장실 청소도 해야 했어요. 그런 홍걸이를 보면서 아빠가 말했어요. “아주 잘하네! 일하는 거 보니 이따 밥도 많이 먹겠네.”",
      "srcPage": 35,
      "srcSentenceEA": 4,
      "srcWordEA": 24,
      "character": "홍걸이,모돌이,화장실,아빠,밥",
      "setting": null,
      "action": "청소도 해야 했어요,보면서,말했어요",
      "feeling": null,
      "causalRelationship": null,
      "outcomeResolution": null,
      "prediction": null,
      "plotSummaryInfoCount": 1,
      "plotSummaryInfo": {
        "classification": "신체운동_건강",
        "readAge": "초등_고학년",
        "form": "long-form",
        "plotSummaryText": "모돌이의 화장실 청소도 척척 해내는 홍걸이를 보면서, 아빠는 아주 잘한다고 칭찬했어요.",
        "textWordEA": 11
      }
    },
    {
      "srcTextID": "103536",
      "srcText": "일찍 일어나 부지런히 움직여서 그런지 배가 많이 고팠어요. 그래서 다른 때보다 아침 식사를 많이 했어요. 엄마 아빠는 그런 홍걸이를 보고 빙그레 웃었어요.",
      "srcPage": 37,
      "srcSentenceEA": 3,
      "srcWordEA": 24,
      "character": "배,엄마,아빠,홍걸이",
      "setting": null,
      "action": "일어나,움직여서,식사,보고,웃었어요",
      "feeling": null,
      "causalRelationship": null,
      "outcomeResolution": null,
      "prediction": null,
      "plotSummaryInfoCount": 1,
      "plotSummaryInfo": {
        "classification": "신체운동_건강",
        "readAge": "초등_고학년",
        "form": "short-form",
        "plotSummaryText": "일찍 일어나 부지런히 움직였던 홍걸이는 배가 고파서 다른 때보다 아침 식사를 많이 했어요.",
        "textWordEA": 13
      }
    },
    {
      "srcTextID": "98806",
      "srcText": "“자, 이제 가장 힘든 일을 해 볼까?” 아빠가 홍걸이를 바라보며 말했어요. 그러고는 홍걸이에게 고무장갑을 끼라고 했어요.",
      "srcPage": 38,
      "srcSentenceEA": 3,
      "srcWordEA": 18,
      "character": "아빠,홍걸이,고무장갑",
      "setting": null,
      "action": "일을 해,바라보며,말했어요,끼라고 했어요",
      "feeling": null,
      "causalRelationship": null,
      "outcomeResolution": null,
      "prediction": null,
      "plotSummaryInfoCount": 1,
      "plotSummaryInfo": {
        "classification": "신체운동_건강",
        "readAge": "초등_고학년",
        "form": "short-form",
        "plotSummaryText": "아빠는 이제 가장 힘든 일을 해야 한다며 홍걸이에게 고무장갑을 끼라고 했어요.",
        "textWordEA": 11
      }
    },
    {
      "srcTextID": "98765",
      "srcText": "“과연 그럴 수 있을까? 엄마에게 한번 얘기해 보렴.” 홍걸이는 부엌에서 저녁 식사 준비를 하는 엄마에게 가서 말했어요.",
      "srcPage": 3,
      "srcSentenceEA": 3,
      "srcWordEA": 19,
      "character": "엄마,홍걸이",
      "setting": "부엌",
      "action": "준비,가서,말했어요",
      "feeling": null,
      "causalRelationship": null,
      "outcomeResolution": null,
      "prediction": null,
      "plotSummaryInfoCount": 1,
      "plotSummaryInfo": {
        "classification": "신체운동_건강",
        "readAge": "초등_고학년",
        "form": "short-form",
        "plotSummaryText": "홍걸이는 얘기하려고 부엌에서 저녁 식사 준비를 하는 엄마에게 가서 말했어요.",
        "textWordEA": 10
      }
    },
    {
      "srcTextID": "98774",
      "srcText": "‘왜 안 된다는 거지? 난 고양이를 잘 돌볼 자신이 있는데.’ 홍걸이는 짜증이 났어요.",
      "srcPage": 5,
      "srcSentenceEA": 3,
      "srcWordEA": 15,
      "character": "난,고양이,홍걸이",
      "setting": null,
      "action": null,
      "feeling": "짜증이 났어요",
      "causalRelationship": null,
      "outcomeResolution": null,
      "prediction": null,
      "plotSummaryInfoCount": 1,
      "plotSummaryInfo": {
        "classification": "신체운동_건강",
        "readAge": "초등_고학년",
        "form": "short-form",
        "plotSummaryText": "홍걸이는 고양이를 잘 돌볼 자신이 있는데, 안 된다고 하니 짜증이 났어요.",
        "textWordEA": 11
      }
    },
    {
      "srcTextID": "98775",
      "srcText": "같은 동네 사는 영철이네 집에서 키우는 고양이가 새끼를 낳았을 때, 홍걸이는 자기 일인 것처럼 기뻐했어요. 전부터 고양이를 키우고 싶었거든요. 하지만 엄마와 아빠는 항상 안 된다고만 해요.",
      "srcPage": 6,
      "srcSentenceEA": 3,
      "srcWordEA": 28,
      "character": "고양이,새끼,홍걸이,엄마,아빠",
      "setting": "동네,영철이네 집",
      "action": "키우는,낳았을",
      "feeling": "기뻐했어요",
      "causalRelationship": null,
      "outcomeResolution": null,
      "prediction": null,
      "plotSummaryInfoCount": 1,
      "plotSummaryInfo": {
        "classification": "신체운동_건강",
        "readAge": "초등_고학년",
        "form": "short-form",
        "plotSummaryText": "전부터 고양이를 키우고 싶었던 홍걸이는 영철이네 고양이가 새끼를 낳았을 때도 자기 일처럼 기뻐했어요.",
        "textWordEA": 13
      }
    },
    {
      "srcTextID": "98780",
      "srcText": "텔레비전에도 제 또래 아이들이 동물 키우는 거 자주 나오잖아요. 저도 키우게 해 주세요! 그리고 홍걸이는 실력 행사에 들어갔어요.",
      "srcPage": 9,
      "srcSentenceEA": 3,
      "srcWordEA": 20,
      "character": "텔레비전,아이들,동물,저,홍걸이",
      "setting": null,
      "action": "키우는,실력 행사에 들어갔어요",
      "feeling": null,
      "causalRelationship": null,
      "outcomeResolution": null,
      "prediction": null,
      "plotSummaryInfoCount": 1,
      "plotSummaryInfo": {
        "classification": "신체운동_건강",
        "readAge": "초등_고학년",
        "form": "short-form",
        "plotSummaryText": "홍걸이는 텔레비전에서 본 또래 아이들처럼 자기도 동물을 키우게 해달라고 말하며 실력 행사에 들어갔어요.",
        "textWordEA": 13
      }
    },
    {
      "srcTextID": "98778",
      "srcText": "그건 엄마 아빠가 허락할 때까지 방문을 닫고 밖으로 나오지 않는 거예요. 여차하면 하루 정도는 굶을 각오도 되어 있었어요. 홍걸이는 잘 알고 있어요.",
      "srcPage": 10,
      "srcSentenceEA": 3,
      "srcWordEA": 24,
      "character": "엄마,아빠,방문,홍걸이",
      "setting": "밖",
      "action": "닫고,밖으로 나오지 않는,굶을",
      "feeling": null,
      "causalRelationship": null,
      "outcomeResolution": null,
      "prediction": null,
      "plotSummaryInfoCount": 1,
      "plotSummaryInfo": {
        "classification": "신체운동_건강",
        "readAge": "초등_고학년",
        "form": "short-form",
        "plotSummaryText": "홍걸이는 엄마 아빠가 허락할 때까지 방문을 닫고 밖으로 나오지 않고 하루 정도는 굶을 각오도 했어요.",
        "textWordEA": 15
      }
    },
    {
      "srcTextID": "98787",
      "srcText": "“아빠는 어떤 녀석이 좋아요?” 홍걸이가 아빠에게 물었어요. 글쎄다. 수놈은 활기 있고 암놈은 얌전한 편이지.",
      "srcPage": 18,
      "srcSentenceEA": 4,
      "srcWordEA": 17,
      "character": "아빠,녀석,홍걸이",
      "setting": null,
      "action": "물었어요",
      "feeling": null,
      "causalRelationship": null,
      "outcomeResolution": null,
      "prediction": null,
      "plotSummaryInfoCount": 1,
      "plotSummaryInfo": {
        "classification": "신체운동_건강",
        "readAge": "초등_고학년",
        "form": "long-form",
        "plotSummaryText": "홍걸이는 어떤 녀석이 좋을지 아빠에게 물었어요.",
        "textWordEA": 6
      }
    },
    {
      "srcTextID": "98784",
      "srcText": "다음 날 아침, 늦잠을 자는 바람에 학교에 늦은 홍걸이는 정신없이 집을 나섰어요. “홍걸아, 잠깐만! 아빠랑 같이 가자!”",
      "srcPage": 13,
      "srcSentenceEA": 3,
      "srcWordEA": 18,
      "character": "학교,홍걸이,아빠",
      "setting": "다음 날 아침,집",
      "action": "늦잠을 자는,나섰어요,같이 가자",
      "feeling": null,
      "causalRelationship": null,
      "outcomeResolution": null,
      "prediction": null,
      "plotSummaryInfoCount": 1,
      "plotSummaryInfo": {
        "classification": "신체운동_건강",
        "readAge": "초등_고학년",
        "form": "short-form",
        "plotSummaryText": "늦잠을 잔 홍걸이가 학교에 늦을까 봐 정신없이 집을 나서는데 아빠가 같이 가자며 불러세웠어요.",
        "textWordEA": 13
      }
    },
    {
      "srcTextID": "98795",
      "srcText": "“아빠보고 주라고 해요. 모돌이는 아빠를 더 좋아해요!” 그러자 엄마가 냉정한 목소리로 말했어요. “뭐? 이럴 거면서 왜 고양이를 키우자고 한 거니?”",
      "srcPage": 27,
      "srcSentenceEA": 4,
      "srcWordEA": 23,
      "character": "아빠,모돌이,엄마,고양이",
      "setting": null,
      "action": "주라고,말했어요,키우자고",
      "feeling": "좋아해요",
      "causalRelationship": null,
      "outcomeResolution": null,
      "prediction": null,
      "plotSummaryInfoCount": 1,
      "plotSummaryInfo": {
        "classification": "신체운동_건강",
        "readAge": "초등_고학년",
        "form": "long-form",
        "plotSummaryText": "모돌이 돌보는 일을 아빠에게 떠넘기려 하자, 이럴 거면서 왜 고양이를 키우자고 한 거냐고 엄마가 냉정하게 말했어요.",
        "textWordEA": 16
      }
    },
    {
      "srcTextID": "98797",
      "srcText": "엄마가 화가 난 것 같았어요. “책임 못 질 거면 아예 데려오지를 말아야지.” 홍걸이는 듣기 싫다는 듯 머리 위까지 훌떡 이불을 뒤집어썼어요.",
      "srcPage": 28,
      "srcSentenceEA": 3,
      "srcWordEA": 22,
      "character": "엄마,홍걸이,이불",
      "setting": null,
      "action": "데려오지를,뒤집어썼어요",
      "feeling": "화가 난,듣기 싫다는 듯",
      "causalRelationship": null,
      "outcomeResolution": null,
      "prediction": null,
      "plotSummaryInfoCount": 1,
      "plotSummaryInfo": {
        "classification": "신체운동_건강",
        "readAge": "초등_고학년",
        "form": "short-form",
        "plotSummaryText": "홍걸이는 화가 난 것 같은 엄마의 말이 듣기 싫다는 듯 이불을 뒤집어썼어요.",
        "textWordEA": 12
      }
    },
    {
      "srcTextID": "98800",
      "srcText": "그게 친구가 할 도리니? 홍걸이는 할 말이 없어서 도와 달라는 눈빛으로 아빠를 쳐다보았어요. 하지만 아빠는 그런 홍걸이를 외면했어요.",
      "srcPage": 31,
      "srcSentenceEA": 3,
      "srcWordEA": 20,
      "character": "친구,홍걸이,아빠",
      "setting": null,
      "action": "쳐다보았어요,외면했어요",
      "feeling": null,
      "causalRelationship": null,
      "outcomeResolution": null,
      "prediction": null,
      "plotSummaryInfoCount": 1,
      "plotSummaryInfo": {
        "classification": "신체운동_건강",
        "readAge": "초등_고학년",
        "form": "short-form",
        "plotSummaryText": "할 말이 없어진 홍걸이가 도와 달라는 눈빛으로 아빠를 쳐다보았지만, 아빠는 외면했어요.",
        "textWordEA": 11
      }
    },
    {
      "srcTextID": "98798",
      "srcText": "“다시는 안 그럴게요. 한 번만 봐주세요.” 그러자 엄마가 말했어요. “그럼 이번 일주일 동안 홍걸이가 하는 거 보고 결정할게.”",
      "srcPage": 32,
      "srcSentenceEA": 4,
      "srcWordEA": 20,
      "character": "엄마,홍걸이",
      "setting": null,
      "action": "말했어요",
      "feeling": null,
      "causalRelationship": null,
      "outcomeResolution": null,
      "prediction": "그럼 이번 일주일 동안 홍걸이가 하는 거 보고 결정할게.",
      "plotSummaryInfoCount": 1,
      "plotSummaryInfo": {
        "classification": "신체운동_건강",
        "readAge": "초등_고학년",
        "form": "long-form",
        "plotSummaryText": "홍걸이가 사정하자, 엄마는 이번 일주일 동안 하는 것을 보고 결정하겠다고 말했어요.",
        "textWordEA": 11
      }
    },
    {
      "srcTextID": "98810",
      "srcText": "그런데 모돌이가 좀 이상했어요. 평소 같으면 반갑다고 야옹야옹 난리를 칠 텐데 기운이 없는지 자꾸 눈을 감았어요. ‘어디 아픈가? 어쩌지? 엄마 아빠가 오시려면 아직 멀었는데.’",
      "srcPage": 43,
      "srcSentenceEA": 5,
      "srcWordEA": 28,
      "character": "모돌이,눈,엄마,아빠",
      "setting": null,
      "action": "감았어요,오시려면",
      "feeling": "반갑다고",
      "causalRelationship": null,
      "outcomeResolution": null,
      "prediction": null,
      "plotSummaryInfoCount": 1,
      "plotSummaryInfo": {
        "classification": "신체운동_건강",
        "readAge": "초등_고학년",
        "form": "long-form",
        "plotSummaryText": "엄마 아빠가 오시려면 아직 멀었는데, 모돌이는 어디가 아픈지 기운이 없어 보이고 자꾸 눈을 감았어요.",
        "textWordEA": 14
      }
    },
    {
      "srcTextID": "98812",
      "srcText": "홍걸이는 모돌이를 고양이 이동장에 넣고 재빨리 동물 병원으로 달려갔어요. 의사 선생님은 모돌이가 장염에 걸렸다고 했어요. “며칠 약 먹으면 괜찮아질 거야.” 그때 엄마 아빠가 함께 동물 병원에 도착했어요. 의사 선생님은 엄마 아빠에게 ‘홍걸이가 고양이를 아주 잘 돌보고 있다’고 칭찬해 주었어요.",
      "srcPage": 44,
      "srcSentenceEA": 6,
      "srcWordEA": 43,
      "character": "홍걸이,모돌이,고양이,이동장,의사 선생님,약,엄마,아빠",
      "setting": "동물 병원",
      "action": "넣고,달려갔어요,장염에 걸렸다고 했어요,도착했어요,칭찬해 주었어요",
      "feeling": null,
      "causalRelationship": null,
      "outcomeResolution": null,
      "prediction": null,
      "plotSummaryInfoCount": 1,
      "plotSummaryInfo": {
        "classification": "신체운동_건강",
        "readAge": "초등_고학년",
        "form": "long-form",
        "plotSummaryText": "의사 선생님은 모돌이가 장염에 걸렸다고 했고, 동물 병원에 뒤늦게 도착한 엄마 아빠는 홍걸이가 고양이를 아주 잘 돌보고 있다는 칭찬을 들었어요.",
        "textWordEA": 20
      }
    },
    {
      "srcTextID": "98813",
      "srcText": "“따르르릉!” 또 새 아침이 밝았어요. 하지만 이제 홍걸이는 엄마가 깨우기 전에 먼저 일어나요. 그리고 모돌이 밥을 주고, 물을 갈아 주고 화장실도 깨끗한지 살펴보지요.",
      "srcPage": 45,
      "srcSentenceEA": 3,
      "srcWordEA": 26,
      "character": "홍걸이,엄마,모돌이,밥,물,화장실",
      "setting": "아침",
      "action": "일어나요,주고,갈아 주고,살펴보지요",
      "feeling": null,
      "causalRelationship": null,
      "outcomeResolution": null,
      "prediction": null,
      "plotSummaryInfoCount": 1,
      "plotSummaryInfo": {
        "classification": "신체운동_건강",
        "readAge": "초등_고학년",
        "form": "short-form",
        "plotSummaryText": "이제 홍걸이는 매일 아침 스스로 일찍 일어나서 모돌이에게 줄 밥과 물을 챙기고 화장실도 살펴보게 되었어요.",
        "textWordEA": 15
      }
    },
    {
      "srcTextID": "98815",
      "srcText": "모돌이는 마루에서 뒹굴며 놀다가 홍걸이를 보고 반갑다고 쫓아와 다리에 얼굴을 문지르면서 가르릉가르릉거려요. 그건 홍걸이가 좋다는 뜻이지요. “자식, 잘 잤냐? 형아가 밥 줬다. 잘 먹고 잘 놀고 있어!”",
      "srcPage": 46,
      "srcSentenceEA": 5,
      "srcWordEA": 30,
      "character": "모돌이,홍걸이,다리,얼굴,밥",
      "setting": "마루",
      "action": "뒹굴며,놀다가,보고,쫓아와,문지르면서,가르릉가르릉거려요,줬다",
      "feeling": null,
      "causalRelationship": null,
      "outcomeResolution": null,
      "prediction": null,
      "plotSummaryInfoCount": 1,
      "plotSummaryInfo": {
        "classification": "신체운동_건강",
        "readAge": "초등_고학년",
        "form": "long-form",
        "plotSummaryText": "어느새 모돌이도 홍걸이가 좋아졌는지 마루에서 뒹굴며 놀다가도 홍걸이가 보이면 쫓아와서 다리에 얼굴을 문질렀어요.",
        "textWordEA": 13
      }
    },
    {
      "srcTextID": "98814",
      "srcText": "고양이를 보살펴 주고 홍걸이는 학교 갈 준비를 했어요. “학교 다녀오겠습니다!” 홍걸이가 뛰어가는 길 위 창문에서 모돌이가 손을 흔들고 있네요. 해님도 그 모습을 보고 방긋방긋 웃고요. 어떤가요? 우리 홍걸이가 이제 한 뼘은 더 큰 거 같지요?",
      "srcPage": 47,
      "srcSentenceEA": 6,
      "srcWordEA": 39,
      "character": "고양이,홍걸이,모돌이,손,해",
      "setting": "학교,길 위 창문",
      "action": "보살펴 주고,준비를 했어요,뛰어가는,흔들고,보고,웃고요",
      "feeling": null,
      "causalRelationship": null,
      "outcomeResolution": null,
      "prediction": null,
      "plotSummaryInfoCount": 1,
      "plotSummaryInfo": {
        "classification": "신체운동_건강",
        "readAge": "초등_고학년",
        "form": "long-form",
        "plotSummaryText": "모돌이를 보살펴 준 다음 학교 갈 준비를 마친 홍걸이가 뛰어가는 모습은 어느새 한 뼘은 더 자란 것 같이 보였어요.",
        "textWordEA": 19
      }
    },
    {
      "srcTextID": "98820",
      "srcText": "진나라 왕이 12개 나라와 연합하여 정나라를 공격했어요. 정나라는 깜짝 놀라 진나라 왕에게 휴전을 요청했어요. 진나라가 휴전을 받아들이자 정나라는 진나라 왕에게 많은 보물과 하인들을 선물로 바쳤어요.",
      "srcPage": 51,
      "srcSentenceEA": 3,
      "srcWordEA": 27,
      "character": "진나라 왕,보물,하인들,선물",
      "setting": "정나라,진나라",
      "action": "연합하여,공격했어요,휴전을 요청했어요,받아들이자,바쳤어요",
      "feeling": "깜짝 놀라",
      "causalRelationship": null,
      "outcomeResolution": null,
      "prediction": null,
      "plotSummaryInfoCount": 1,
      "plotSummaryInfo": {
        "classification": "신체운동_건강",
        "readAge": "초등_고학년",
        "form": "short-form",
        "plotSummaryText": "진나라의 공격을 받은 정나라는 깜짝 놀라 진나라 왕에게 휴전을 요청하고 많은 보물과 하인들을 선물로 바쳤어요.",
        "textWordEA": 15
      }
    },
    {
      "srcTextID": "98821",
      "srcText": "효도의 진정한 의미 율곡 이이. 율곡 이이는 퇴계 이황과 함께 조선 시대를 통틀어 최고의 학자로 손꼽히는 분이에요. 일찍이 임진왜란을 예견하여 십만양병설을 주장하기도 했던 이이는 열세 살 때 과거 시험에 장원 급제하여 신동으로 이름을 떨쳤지요. 뿐만 아니라 일생 동안 과거 시험에서 무려 아홉 번이나 일등으로 뽑혀 ‘구도장원공’ 이란 명예로운 별명도 얻었어요. 이이는 학자로서 훌륭한 업적을 남긴 것 외에도 효자로서도 지금껏 널리 존경받는 대한민국의 위인이랍니다.",
      "srcPage": 53,
      "srcSentenceEA": 6,
      "srcWordEA": 68,
      "character": "율곡 이이,퇴계 이황,학자,이이,효자,위인",
      "setting": "조선 시대,열세 살 때,대한민국",
      "action": "예견하여,주장하기도,장원 급제,남긴",
      "feeling": null,
      "causalRelationship": null,
      "outcomeResolution": null,
      "prediction": null,
      "plotSummaryInfoCount": 1,
      "plotSummaryInfo": {
        "classification": "신체운동_건강",
        "readAge": "초등_고학년",
        "form": "long-form",
        "plotSummaryText": "조선 시대를 통틀어 최고의 학자로 손꼽히는 율곡 이이는 학자로서 훌륭한 업적을 남겼을 뿐만 아니라 효자로서도 지금껏 널리 존경받는 대한민국의 위인입니다.",
        "textWordEA": 20
      }
    },
    {
      "srcTextID": "98831",
      "srcText": "율곡 이이의 공부법. 율곡 이이 선생님의 공부법은 아래의 여섯 가지로 정리할 수 있습니다. 첫번째 ‘입지 공부법’ 입니다. 실천하고자 하는 목표가 있으면 그 목표를 이룰 수 있는 분명하고 구체적인 계획을 세워 하나하나씩 실천해 나가는 것입니다. 흔들리지 않는 분명한 뜻을 세워라.",
      "srcPage": 54,
      "srcSentenceEA": 6,
      "srcWordEA": 44,
      "character": "율곡 이이,선생님",
      "setting": null,
      "action": "정리,실천,세워",
      "feeling": null,
      "causalRelationship": null,
      "outcomeResolution": null,
      "prediction": null,
      "plotSummaryInfoCount": 1,
      "plotSummaryInfo": {
        "classification": "신체운동_건강",
        "readAge": "초등_고학년",
        "form": "long-form",
        "plotSummaryText": "율곡 이이 선생님의 여섯 가지 공부법 중 첫 번째는 흔들리지 않는 분명한 뜻을 세워 실천해 나가는 입지 공부법입니다.",
        "textWordEA": 18
      }
    },
    {
      "srcTextID": "98828",
      "srcText": "두번째 ‘교기질 공부법’ 입니다. 자신의 잠재력을 믿고 주변에서 강요하지 않아도 스스로 공부해 나가는 것입니다. 누구나 가능하다, 공부하는 체질로 바꿔라.",
      "srcPage": 55,
      "srcSentenceEA": 4,
      "srcWordEA": 22,
      "character": "자신",
      "setting": null,
      "action": "믿고,공부",
      "feeling": null,
      "causalRelationship": null,
      "outcomeResolution": null,
      "prediction": null,
      "plotSummaryInfoCount": 1,
      "plotSummaryInfo": {
        "classification": "신체운동_건강",
        "readAge": "초등_고학년",
        "form": "long-form",
        "plotSummaryText": "두 번째는 자신의 잠재력을 믿고 스스로 공부해 나가는 교기질 공부법입니다.",
        "textWordEA": 10
      }
    },
    {
      "srcTextID": "98830",
      "srcText": "여섯째 ‘택우문답 공부법’ 입니다. 함께 공부하는 벗들과 학문적인 교류를 지속하면서 자신의 부족함을 깨닫고 보완해 공부를 더욱 숙성시키는 것입니다. 벗과 함께 논쟁하며 일취월장하라.",
      "srcPage": 59,
      "srcSentenceEA": 4,
      "srcWordEA": 25,
      "character": "벗들,자신,벗",
      "setting": null,
      "action": "공부,지속하면서,깨닫고,보완해,논쟁하며",
      "feeling": null,
      "causalRelationship": null,
      "outcomeResolution": null,
      "prediction": null,
      "plotSummaryInfoCount": 1,
      "plotSummaryInfo": {
        "classification": "신체운동_건강",
        "readAge": "초등_고학년",
        "form": "long-form",
        "plotSummaryText": "여섯째는 함께 공부하는 벗들과 논쟁하면서 자신의 부족함을 깨닫고 보완해 나가는 택우문답 공부법입니다.",
        "textWordEA": 12
      }
    },
    {
      "srcTextID": "98823",
      "srcText": "구용은 다음과 같다. 첫째 발의 모습은 정중하게 하라. 둘째 손의 모습은 공손하게 하라. 셋째 눈의 모습은 단정하게 하라.",
      "srcPage": 60,
      "srcSentenceEA": 4,
      "srcWordEA": 21,
      "character": "발,손,눈",
      "setting": null,
      "action": "하라",
      "feeling": null,
      "causalRelationship": null,
      "outcomeResolution": null,
      "prediction": null,
      "plotSummaryInfoCount": 1,
      "plotSummaryInfo": {
        "classification": "신체운동_건강",
        "readAge": "초등_고학년",
        "form": "long-form",
        "plotSummaryText": "구용이라 함은 첫째 발의 모습은 정중하게 하고, 둘째 손의 모습은 공손하게 하며, 셋째 눈의 모습은 단정하게 하라는 것입니다.",
        "textWordEA": 18
      }
    },
    {
      "srcTextID": "98826",
      "srcText": "넷째 입의 모습은 멈추게 하라. 다섯째 말소리의 모습은 차분하게 하라. 여섯째 머리의 모습은 곧게 하라.",
      "srcPage": 61,
      "srcSentenceEA": 3,
      "srcWordEA": 17,
      "character": "입,머리",
      "setting": null,
      "action": "멈추게,하라",
      "feeling": null,
      "causalRelationship": null,
      "outcomeResolution": null,
      "prediction": null,
      "plotSummaryInfoCount": 1,
      "plotSummaryInfo": {
        "classification": "신체운동_건강",
        "readAge": "초등_고학년",
        "form": "short-form",
        "plotSummaryText": "넷째 입의 모습은 멈추게 하고, 다섯째 말소리의 모습은 차분하게 하며, 여섯째 머리의 모습은 곧게 하라는 것입니다.",
        "textWordEA": 16
      }
    },
    {
      "srcTextID": "98833",
      "srcText": "일곱째 의문이 나면 물을 것을 생각하라. 여덟째 화가 나면 뒤에 야기되는 어려움을 생각하라. 아홉째 이득을 보면 의리를 생각하라.",
      "srcPage": 65,
      "srcSentenceEA": 3,
      "srcWordEA": 20,
      "character": null,
      "setting": null,
      "action": "생각하라,이득을 보면,물을",
      "feeling": "화가 나면",
      "causalRelationship": null,
      "outcomeResolution": null,
      "prediction": null,
      "plotSummaryInfoCount": 1,
      "plotSummaryInfo": {
        "classification": "신체운동_건강",
        "readAge": "초등_고학년",
        "form": "short-form",
        "plotSummaryText": "일곱째 의문이 나면 물을 것을 생각하고, 여덟째 화가 나면 뒤에 야기되는 어려움을 생각하며, 아홉째 이득을 보면 의리를 생각하라는 것입니다.",
        "textWordEA": 19
      }
    },
    {
      "srcTextID": "98825",
      "srcText": "넷째 용모는 공손하게 할 것을 생각하라. 다섯째 말은 충실하게 할 것을 생각하라. 여섯째 일할 때는 경건하게 할 것을 생각하라.",
      "srcPage": 64,
      "srcSentenceEA": 3,
      "srcWordEA": 21,
      "character": "용모",
      "setting": null,
      "action": "말,생각하라,일할",
      "feeling": null,
      "causalRelationship": null,
      "outcomeResolution": null,
      "prediction": null,
      "plotSummaryInfoCount": 1,
      "plotSummaryInfo": {
        "classification": "신체운동_건강",
        "readAge": "초등_고학년",
        "form": "short-form",
        "plotSummaryText": "넷째 용모는 공손하게 할 것을 생각하고, 다섯째 말은 충실하게 할 것을 생각하며, 여섯째 일할 때는 경건하게 할 것을 생각하라는 것입니다.",
        "textWordEA": 20
      }
    },
    {
      "srcTextID": "98766",
      "srcText": "“엄마, 고양이를 키우고 싶어요.” 하지만 엄마는 고개를 저었어요. “돌보아 줘야 하는 새 식구가 들어오는 건 곤란하단다.” 홍걸이는 부모님의 반응에 기분이 상했어요.",
      "srcPage": 4,
      "srcSentenceEA": 4,
      "srcWordEA": 23,
      "character": "엄마,고양이,고개,식구,홍걸이,부모님",
      "setting": null,
      "action": "키우고,저었어요,돌보아",
      "feeling": "기분이 상했어요",
      "causalRelationship": null,
      "outcomeResolution": null,
      "prediction": null,
      "plotSummaryInfoCount": 1,
      "plotSummaryInfo": {
        "classification": "신체운동_건강",
        "readAge": "초등_고학년",
        "form": "long-form",
        "plotSummaryText": "홍걸이는 고양이를 키우고 싶은데 안 된다고 하는 부모님의 반응에 기분이 상했습니다.",
        "textWordEA": 11
      }
    },
    {
      "srcTextID": "98779",
      "srcText": "자신이 이렇게 나오면 엄마 아빠가 결국 질 수밖에 없다는 것을 말예요. “어떡하지? 키우게 해 줄까?” 거실에서 아빠의 목소리가 들렸어요.",
      "srcPage": 11,
      "srcSentenceEA": 3,
      "srcWordEA": 21,
      "character": "엄마,아빠",
      "setting": "거실",
      "action": null,
      "feeling": null,
      "causalRelationship": null,
      "outcomeResolution": null,
      "prediction": "키우게 해 줄까?",
      "plotSummaryInfoCount": 1,
      "plotSummaryInfo": {
        "classification": "신체운동_건강",
        "readAge": "초등_고학년",
        "form": "short-form",
        "plotSummaryText": "키우게 해줄지 말지 거실에서 엄마와 의논하는 아빠의 목소리가 들렸어요.",
        "textWordEA": 9
      }
    },
    {
      "srcTextID": "98782",
      "srcText": "“그래, 어제 엄마랑 그러기로 했단다.” “야호!” 홍걸이는 신이 나서 깡충깡충 뛰며 학교로 갔어요. 아빠는 그런 홍걸이의 뒷모습을 한참 바라보았어요.",
      "srcPage": 16,
      "srcSentenceEA": 3,
      "srcWordEA": 21,
      "character": "엄마,홍걸이,아빠",
      "setting": "학교",
      "action": "뛰며,갔어요,바라보았어요",
      "feeling": "신이 나서",
      "causalRelationship": null,
      "outcomeResolution": null,
      "prediction": null,
      "plotSummaryInfoCount": 1,
      "plotSummaryInfo": {
        "classification": "신체운동_건강",
        "readAge": "초등_고학년",
        "form": "short-form",
        "plotSummaryText": "엄마랑 아빠가 허락하기로 했다는 말을 듣고 신이 난 홍걸이는 깡충깡충 뛰며 학교로 갔어요.",
        "textWordEA": 13
      }
    },
    {
      "srcTextID": "98789",
      "srcText": "그러자 아빠가 빙그레 웃으며 말했어요. “그럼 ‘모돌이’ 라고 하자. 아빠가 어렸을 때 키웠던 고양이 이름이란다.”",
      "srcPage": 22,
      "srcSentenceEA": 4,
      "srcWordEA": 17,
      "character": "아빠,모돌이,고양이",
      "setting": null,
      "action": "웃으며,말했어요",
      "feeling": null,
      "causalRelationship": null,
      "outcomeResolution": null,
      "prediction": null,
      "plotSummaryInfoCount": 1,
      "plotSummaryInfo": {
        "classification": "신체운동_건강",
        "readAge": "초등_고학년",
        "form": "long-form",
        "plotSummaryText": "아빠는 어렸을 때 키웠던 고양이 이름을 따서 모돌이라고 하자며 웃으며 말했어요.",
        "textWordEA": 11
      }
    },
    {
      "srcTextID": "98792",
      "srcText": "모돌이는 홍걸이의 친구가 되었어요. 하지만 홍걸이는 모돌이와 놀기만 할 뿐 돌보아 주는 건 모두 아빠의 몫이었어요. 모돌이는 홍걸이와 잘 놀다가도 아빠가 오면 아빠에게로 달려갔어요.",
      "srcPage": 23,
      "srcSentenceEA": 3,
      "srcWordEA": 26,
      "character": "모돌이,홍걸이,친구,아빠",
      "setting": null,
      "action": "놀다가도,오면,달려갔어요",
      "feeling": null,
      "causalRelationship": null,
      "outcomeResolution": null,
      "prediction": null,
      "plotSummaryInfoCount": 1,
      "plotSummaryInfo": {
        "classification": "신체운동_건강",
        "readAge": "초등_고학년",
        "form": "short-form",
        "plotSummaryText": "모돌이는 홍걸이와 잘 놀다가도 자기를 돌봐주는 아빠가 오면 아빠에게로 달려갔어요.",
        "textWordEA": 10
      }
    },
    {
      "srcTextID": "98793",
      "srcText": "홍걸이는 그런 모돌이가 좀 서운했어요. “야, 모돌아! 넌 나보다 아빠가 좋아?” 하지만 모돌이는 못 들은 척 아빠의 다리에 얼굴을 비벼 댔어요. 홍걸이는 마치 배신 당한 기분이었어요.",
      "srcPage": 24,
      "srcSentenceEA": 5,
      "srcWordEA": 29,
      "character": "홍걸이,모돌이,넌,나,아빠,다리,얼굴",
      "setting": null,
      "action": "비벼 댔어요",
      "feeling": "서운했어요,좋아",
      "causalRelationship": null,
      "outcomeResolution": null,
      "prediction": null,
      "plotSummaryInfoCount": 1,
      "plotSummaryInfo": {
        "classification": "신체운동_건강",
        "readAge": "초등_고학년",
        "form": "long-form",
        "plotSummaryText": "홍걸이는 모돌이가 자기보다 아빠를 더 좋아하는 것 같아서 배신 당한 기분이었어요.",
        "textWordEA": 11
      }
    },
    {
      "srcTextID": "103535",
      "srcText": "모돌이가 홍걸이를 보고 “야옹!” 하고 인사를 했어요. 홍걸이는 사료를 찾아서 모돌이 밥을 주고 물그릇도 갈아 주었어요. “홍걸아, 모돌이 화장실 모래도 갈아 주어야 해.” 아빠가 말했어요.",
      "srcPage": 34,
      "srcSentenceEA": 5,
      "srcWordEA": 28,
      "character": "모돌이,홍걸이,사료,밥,물그릇,화장실,모래,아빠",
      "setting": null,
      "action": "보고,인사를 했어요,찾아서,주고,갈아 주었어요,말했어요",
      "feeling": null,
      "causalRelationship": null,
      "outcomeResolution": null,
      "prediction": null,
      "plotSummaryInfoCount": 1,
      "plotSummaryInfo": {
        "classification": "신체운동_건강",
        "readAge": "초등_고학년",
        "form": "long-form",
        "plotSummaryText": "홍걸이가 모돌이 밥을 주고 물그릇도 갈아 주고 나자, 화장실 모래도 갈아 주어야 한다고 아빠가 말했어요.",
        "textWordEA": 15
      }
    },
    {
      "srcTextID": "103533",
      "srcText": "“왜 밥을 많이 먹어요?” “이따 보면 알 거야.” 정말 아빠 말대로였어요.",
      "srcPage": 36,
      "srcSentenceEA": 3,
      "srcWordEA": 12,
      "character": "밥,아빠",
      "setting": null,
      "action": "먹어요,보면",
      "feeling": null,
      "causalRelationship": null,
      "outcomeResolution": null,
      "prediction": null,
      "plotSummaryInfoCount": 1,
      "plotSummaryInfo": {
        "classification": "신체운동_건강",
        "readAge": "초등_고학년",
        "form": "short-form",
        "plotSummaryText": "왜 밥을 많이 먹게 될지 이따 보면 알게 될 거라고 말했는데 정말 아빠 말대로였요.",
        "textWordEA": 14
      }
    },
    {
      "srcTextID": "98807",
      "srcText": "“잘 잡아야 한다.” 그것은 모돌이를 목욕시키는 일이었어요. 고양이는 원래 물을 싫어해서 목욕이라면 질색을 해요.",
      "srcPage": 39,
      "srcSentenceEA": 3,
      "srcWordEA": 16,
      "character": "모돌이,고양이,물",
      "setting": null,
      "action": "목욕시키는",
      "feeling": "싫어해서,질색을 해요",
      "causalRelationship": null,
      "outcomeResolution": null,
      "prediction": null,
      "plotSummaryInfoCount": 1,
      "plotSummaryInfo": {
        "classification": "신체운동_건강",
        "readAge": "초등_고학년",
        "form": "short-form",
        "plotSummaryText": "고양이는 원래 물을 싫어해서 모돌이를 목욕시키는 일은 쉽지 않았어요.",
        "textWordEA": 9
      }
    },
    {
      "srcTextID": "98811",
      "srcText": "다음 날 홍걸이가 학교를 마치고 집에 돌아왔는데 모돌이가 보이지 않았어요. ‘어? 어디로 갔지?’ 한참 찾아보니 모돌이는 책상 밑 구석에 누워 있었어요.",
      "srcPage": 42,
      "srcSentenceEA": 4,
      "srcWordEA": 24,
      "character": "홍걸이,모돌이,학교,책상",
      "setting": "다음 날,집,책상 밑 구석",
      "action": "돌아왔는데,찾아보니,누워",
      "feeling": null,
      "causalRelationship": null,
      "outcomeResolution": null,
      "prediction": null,
      "plotSummaryInfoCount": 1,
      "plotSummaryInfo": {
        "classification": "신체운동_건강",
        "readAge": "초등_고학년",
        "form": "long-form",
        "plotSummaryText": "학교에서 집으로 돌아온 홍걸이는 모돌이가 보이지 않자, 한참 찾다가 책상 밑 구석에 누워 있는 것을 발견했어요.",
        "textWordEA": 16
      }
    },
    {
      "srcTextID": "98816",
      "srcText": "“일이 잘되려면 미리 준비해야 하고, 미리 준비가 되어 있으면 근심이 없을 것입니다.” 이 말에서 유래하여 유비무환이란 말이 생겼답니다. 또 춘추좌씨전에는 다음과 같은 이야기가 전해져요.",
      "srcPage": 50,
      "srcSentenceEA": 3,
      "srcWordEA": 26,
      "character": "춘추좌씨전",
      "setting": null,
      "action": "준비,전해져요",
      "feeling": "근심이",
      "causalRelationship": null,
      "outcomeResolution": null,
      "prediction": null,
      "plotSummaryInfoCount": 1,
      "plotSummaryInfo": {
        "classification": "신체운동_건강",
        "readAge": "초등_고학년",
        "form": "short-form",
        "plotSummaryText": "미리 준비가 되어 있으면 근심이 없을 것이라는 유비무환과 관련된 이야기는 춘추좌씨전에도 그 유래가 전해지고 있습니다.",
        "textWordEA": 15
      }
    },
    {
      "srcTextID": "98819",
      "srcText": "진나라 왕은 그 선물을 공이 많은 신하 위강에게 나누어 주었는데 위강은 선물을 거절하면서 이렇게 말했어요. “마음을 놓지 마십시오. 편안할 때 위태로움을 생각하라 했으니, 미리 준비하면 걱정이 없습니다.” 항상 준비를 철저히 하라는 충고의 말이었지요. 이 말에서 유비무환이란 말이 널리 알려지게 되었어요.",
      "srcPage": 52,
      "srcSentenceEA": 5,
      "srcWordEA": 43,
      "character": "진나라 왕,선물,신하,위강,충고",
      "setting": "진나라",
      "action": "나누어,거절하면서,말했어요,준비",
      "feeling": null,
      "causalRelationship": null,
      "outcomeResolution": null,
      "prediction": null,
      "plotSummaryInfoCount": 1,
      "plotSummaryInfo": {
        "classification": "신체운동_건강",
        "readAge": "초등_고학년",
        "form": "long-form",
        "plotSummaryText": "진나라 왕이 나누어 주는 선물을 거절하면서 신하 위강은 편안할 때 위태로움을 생각하고 미리 준비하면 걱정이 없다고 왕에게 충고의 말을 했는데, 이 말에서 유비무환이란 말이 널리 알려지게 되었습니다.",
        "textWordEA": 27
      }
    },
    {
      "srcTextID": "98786",
      "srcText": "“아, 맞다! 이름을 지어야지! 음, 잘 생각이 안 나요. 아빠가 지어 주세요.”",
      "srcPage": 21,
      "srcSentenceEA": 4,
      "srcWordEA": 15,
      "character": "아빠,이름",
      "setting": null,
      "action": "생각,지어야지",
      "feeling": null,
      "causalRelationship": null,
      "outcomeResolution": null,
      "prediction": "아빠가 지어 주세요.",
      "plotSummaryInfoCount": 1,
      "plotSummaryInfo": {
        "classification": "신체운동_건강",
        "readAge": "초등_고학년",
        "form": "long-form",
        "plotSummaryText": "이름을 지어야 하는데 잘 생각이 안 나서 아빠한테 지어 달라고 부탁했어요.",
        "textWordEA": 11
      }
    },
    {
      "srcTextID": "98801",
      "srcText": "점심을 먹은 후에 엄마가 말했어요. “홍걸이가 모돌이를 돌보지 않으니 잘 보살필 수 있는 집에 데려다주어야겠어요.” 모돌이와 끈을 가지고 놀던 홍걸이는 깜짝 놀랐어요.",
      "srcPage": 29,
      "srcSentenceEA": 3,
      "srcWordEA": 23,
      "character": "엄마,홍걸이,모돌이,끈",
      "setting": "점심을 먹은 후,집",
      "action": "말했어요,가지고,놀던",
      "feeling": "깜짝 놀랐어요",
      "causalRelationship": null,
      "outcomeResolution": null,
      "prediction": null,
      "plotSummaryInfoCount": 1,
      "plotSummaryInfo": {
        "classification": "신체운동_건강",
        "readAge": "초등_고학년",
        "form": "short-form",
        "plotSummaryText": "엄마가 모돌이를 다른 집에 보내야겠다고 하자, 모돌이와 놀던 홍걸이는 깜짝 놀랐어요.",
        "textWordEA": 11
      }
    },
    {
      "srcTextID": "103534",
      "srcText": "“홍걸아, 일어나! 모돌이 밥 줘야지!” 늦잠을 자도 되는 일요일이었지만 홍걸이는 이불을 박차고 벌떡 일어나 거실로 나왔어요.",
      "srcPage": 33,
      "srcSentenceEA": 3,
      "srcWordEA": 18,
      "character": "홍걸아,모돌이,밥,이불",
      "setting": "일요일,거실",
      "action": "줘야지,박차고,일어나,나왔어요",
      "feeling": null,
      "causalRelationship": null,
      "outcomeResolution": null,
      "prediction": null,
      "plotSummaryInfoCount": 1,
      "plotSummaryInfo": {
        "classification": "신체운동_건강",
        "readAge": "초등_고학년",
        "form": "short-form",
        "plotSummaryText": "일요일이라 늦잠을 자도 되지만 홍걸이는 모돌이 밥 주라는 엄마의 말을 듣자마자 벌떡 일어나 거실로 나왔어요.",
        "textWordEA": 15
      }
    },
    {
      "srcTextID": "98808",
      "srcText": "모돌이도 홍걸이가 안고 욕조에 들어가자마자 몸부림을 치기 시작했어요. 아마 홍걸이 혼자였으면 목욕을 시킬 수 없었을 거예요. 홍걸이가 모돌이를 잡고 아빠가 목욕을 시키는데도 한참이나 걸렸어요.",
      "srcPage": 40,
      "srcSentenceEA": 3,
      "srcWordEA": 26,
      "character": "모돌이,홍걸이,욕조,아빠",
      "setting": null,
      "action": "안고,들어가자마자,몸부림을 치기,잡고,목욕을 시키는데도",
      "feeling": null,
      "causalRelationship": null,
      "outcomeResolution": null,
      "prediction": null,
      "plotSummaryInfoCount": 1,
      "plotSummaryInfo": {
        "classification": "신체운동_건강",
        "readAge": "초등_고학년",
        "form": "short-form",
        "plotSummaryText": "홍걸이가 욕조에 들어가자마자 몸부림을 치는 모돌이를 잡고 있는 동안 아빠가 목욕을 시켰어요.",
        "textWordEA": 12
      }
    },
    {
      "srcTextID": "98824",
      "srcText": "네번째 ‘구용구사 공부법’ 입니다. 9가지의 바른 몸가짐과 9가지의 바른 마음가짐을 가져서 기본자세를 확고히 하는 것입니다. 옛 습관의 자리를 수신으로 채워라.",
      "srcPage": 57,
      "srcSentenceEA": 4,
      "srcWordEA": 23,
      "character": "몸",
      "setting": null,
      "action": "공부법,기본자세를 확고히 하는,채워라,마음가짐을 가져서",
      "feeling": null,
      "causalRelationship": null,
      "outcomeResolution": null,
      "prediction": null,
      "plotSummaryInfoCount": 1,
      "plotSummaryInfo": {
        "classification": "신체운동_건강",
        "readAge": "초등_고학년",
        "form": "long-form",
        "plotSummaryText": "네 번째는 9가지의 바른 몸가짐과 9가지의 바른 마음가짐을 가져서 기본자세를 확고히 하는 구용구사 공부법입니다.",
        "textWordEA": 14
      }
    },
    {
      "srcTextID": "98827",
      "srcText": "다섯째 ‘일목십행 공부법’ 입니다. 늘 책을 곁에 두고 시간 날 때마다 책을 읽습니다, 그러면 공부의 가치를 더해갈 수 있기 때문입니다. 독서는 결코 배신하지 않는다.",
      "srcPage": 58,
      "srcSentenceEA": 4,
      "srcWordEA": 27,
      "character": "책",
      "setting": null,
      "action": "두고,읽습니다,독서,더해갈 수",
      "feeling": null,
      "causalRelationship": null,
      "outcomeResolution": null,
      "prediction": null,
      "plotSummaryInfoCount": 1,
      "plotSummaryInfo": {
        "classification": "신체운동_건강",
        "readAge": "초등_고학년",
        "form": "long-form",
        "plotSummaryText": "다섯째는 늘 책을 곁에 두고 공부의 가치를 더해갈 수 있게 독서하는 일목십행 공부법입니다.",
        "textWordEA": 13
      }
    },
    {
      "srcTextID": "98822",
      "srcText": "구사는 다음과 같다. 첫째 볼 때는 밝게 볼 것을 생각하라. 둘째 들을 때는 귀 밝게 들을 것을 생각하라. 셋째 얼굴빛은 온화하게 할 것을 생각하라.",
      "srcPage": 63,
      "srcSentenceEA": 4,
      "srcWordEA": 27,
      "character": "귀",
      "setting": null,
      "action": "볼,생각하라,들을",
      "feeling": null,
      "causalRelationship": null,
      "outcomeResolution": null,
      "prediction": null,
      "plotSummaryInfoCount": 1,
      "plotSummaryInfo": {
        "classification": "신체운동_건강",
        "readAge": "초등_고학년",
        "form": "long-form",
        "plotSummaryText": "구사라 함은 첫째 볼 때는 밝게 볼 것을 생각하고, 둘째 들을 때는 귀 밝게 들을 것을 생각하고, 셋째 얼굴빛은 온화하게 할 것을 생각하라는 것입니다.",
        "textWordEA": 24
      }
    },
    {
      "srcTextID": "98817",
      "srcText": "또 다른 인성 다지기. 고사성어. 유비무환. 준비가 있으면 근심이 없다는 뜻으로, 미리 준비가 되어 있으면 뒤에 걱정스런 일이 생기지 않는다는 말이에요. 유비무환이란 미리 준비가 되어 있으면 걱정할 것이 없다는 뜻입니다.",
      "srcPage": 48,
      "srcSentenceEA": 5,
      "srcWordEA": 34,
      "character": null,
      "setting": null,
      "action": "인성 다지기,준비",
      "feeling": "걱정스런,걱정할",
      "causalRelationship": null,
      "outcomeResolution": null,
      "prediction": null,
      "plotSummaryInfoCount": 1,
      "plotSummaryInfo": {
        "classification": "신체운동_건강",
        "readAge": "초등_고학년",
        "form": "long-form",
        "plotSummaryText": "인성 다지기에 유익한 고사성어 중에 유비무환이란 미리 준비가 되어 있으면 걱정할 것이 없다는 뜻입니다.",
        "textWordEA": 14
      }
    },
    {
      "srcTextID": "98818",
      "srcText": "유비무환은 서경과 춘추좌씨전이라는 책에 나오는 말이에요. 서경에는 은나라의 왕 고종과 어진 재상 부열이 등장하는데, 부열은 고종에게 좋은 말을 많이 해 주었어요. 그 말 중에 다음과 같은 것이 있어요.",
      "srcPage": 49,
      "srcSentenceEA": 3,
      "srcWordEA": 30,
      "character": "책,서경,춘추좌씨전,왕,고종,재상,부열",
      "setting": "은나라",
      "action": "나오는,말",
      "feeling": null,
      "causalRelationship": null,
      "outcomeResolution": null,
      "prediction": null,
      "plotSummaryInfoCount": 1,
      "plotSummaryInfo": {
        "classification": "신체운동_건강",
        "readAge": "초등_고학년",
        "form": "short-form",
        "plotSummaryText": "유비무환은 서경과 춘추좌씨전이라는 책에 나오는 말로, 서경에는 은나라의 왕 고종이 어진 재상 부열에게 들었던 조언 중에 다음과 같은 것이 있습니다.",
        "textWordEA": 20
      }
    },
    {
      "srcTextID": "98829",
      "srcText": "세번째 ‘혁구습 공부법’ 입니다. 몸에 밴 잘못된 옛 습관을 스스로 깨닫고 하나씩 없애나가는 것입니다. 잘못된 옛 습관을 타파하라.",
      "srcPage": 56,
      "srcSentenceEA": 4,
      "srcWordEA": 21,
      "character": "몸",
      "setting": null,
      "action": "깨닫고,없애나가는,타파",
      "feeling": null,
      "causalRelationship": null,
      "outcomeResolution": null,
      "prediction": null,
      "plotSummaryInfoCount": 1,
      "plotSummaryInfo": {
        "classification": "신체운동_건강",
        "readAge": "초등_고학년",
        "form": "long-form",
        "plotSummaryText": "세 번째는 몸에 밴 잘못된 옛 습관을 스스로 깨닫고 타파하는 혁구습 공부법입니다.",
        "textWordEA": 12
      }
    }
  ]
}