{
  "title": "형은 나의 우상이야",
  "author": "신승철",
  "illustrator": "한국출판일러스트회",
  "isbn": "9791157024537",
  "publishedYear": 2015,
  "publisher": "황우",
  "paragraphInfoCount": 52,
  "paragraphInfo": [
    {
      "srcTextID": "102372",
      "srcText": "“우리 모두의 뜻이 중요하니 투표로 정하자.” 투표는 15명 가운데 13명의 찬성으로 통과됐어요. “그럼 이제 방법을 찾아보자.”",
      "srcPage": 32,
      "srcSentenceEA": 3,
      "srcWordEA": 17,
      "character": "우리",
      "setting": null,
      "action": "투표로 정하자,찾아보자,찬성으로 통과됐어요",
      "feeling": null,
      "causalRelationship": null,
      "outcomeResolution": "투표는 15명 가운데 13명의 찬성으로 통과됐어요.",
      "prediction": null,
      "plotSummaryInfoCount": 1,
      "plotSummaryInfo": {
        "classification": "신체운동_건강",
        "readAge": "초등_고학년",
        "form": "short-form",
        "plotSummaryText": "우리 모두의 뜻이 중요하다 하여 투표를 한 결과 15명 가운데 13명의 찬성으로 통과가 되어 방법을 찾아보기로 했습니다.",
        "textWordEA": 17
      }
    },
    {
      "srcTextID": "102374",
      "srcText": "민호가 미소를 지으며 말했어요. “골키퍼가 골을 넣게 도와주려면 페널티 킥을 얻어야 해. 아니면 상대방 문전에서 직접 프리 킥을 얻어야지.”",
      "srcPage": 33,
      "srcSentenceEA": 3,
      "srcWordEA": 20,
      "character": "민호,골키퍼",
      "setting": "문전에서",
      "action": "말했어요,킥을 얻어야 해,골을 넣게",
      "feeling": "미소를 지으며",
      "causalRelationship": null,
      "outcomeResolution": null,
      "prediction": null,
      "plotSummaryInfoCount": 1,
      "plotSummaryInfo": {
        "classification": "신체운동_건강",
        "readAge": "초등_고학년",
        "form": "short-form",
        "plotSummaryText": "골키퍼가 골을 넣게 하려면 페널티 킥을 얻거나 상대방 문전에서 직접 프리 킥을 얻어야 가능하다고 민호가 미소를 지으며 말했습니다.",
        "textWordEA": 18
      }
    },
    {
      "srcTextID": "102370",
      "srcText": "“그렇지만 골키퍼가 상대 문전까지 와서 슛을 하면 거꾸로 역습을 당할 수도 있어. 그럴 땐 어떡해?” 아이들은 저마다 자기 생각을 얘기했어요.",
      "srcPage": 34,
      "srcSentenceEA": 3,
      "srcWordEA": 22,
      "character": "골키퍼,아이들",
      "setting": null,
      "action": "문전까지 와서,슛을 하면,역습을 당할 수도 있어,얘기했어요",
      "feeling": null,
      "causalRelationship": null,
      "outcomeResolution": null,
      "prediction": null,
      "plotSummaryInfoCount": 1,
      "plotSummaryInfo": {
        "classification": "신체운동_건강",
        "readAge": "초등_고학년",
        "form": "short-form",
        "plotSummaryText": "골키퍼가 상대 문전까지 와서 슛을 하면 거꾸로 역습을 당할 수도 있다며, 저마다의 생각을 얘기했습니다.",
        "textWordEA": 14
      }
    },
    {
      "srcTextID": "102382",
      "srcText": "경기를 지켜보던 동생 영주가 마구 손을 흔들며 소리쳤어요. 형주는 친구들 모두에게 진심으로 고마움을 느꼈어요. “어이, 골 넣는 골키퍼! 앞으로도 잘 부탁한다! 형주 네가 그동안 골문을 잘 지켜 주어서 우리도 마음 놓고 뛴 거야!”",
      "srcPage": 46,
      "srcSentenceEA": 5,
      "srcWordEA": 36,
      "character": "형주,골키퍼,동생 영주",
      "setting": null,
      "action": "손을 흔들며,소리쳤어요,골 넣는 골키퍼,잘 지켜 주어서,뛴 거야",
      "feeling": "고마움을,진심으로",
      "causalRelationship": null,
      "outcomeResolution": null,
      "prediction": null,
      "plotSummaryInfoCount": 1,
      "plotSummaryInfo": {
        "classification": "신체운동_건강",
        "readAge": "초등_고학년",
        "form": "long-form",
        "plotSummaryText": "친구들 모두에게 진심으로 고마움을 느끼고 있는 형주에게 그동안 골문을 잘 지켜 주어서 마음 놓고 뛸 수 있었다고 말했습니다.",
        "textWordEA": 18
      }
    },
    {
      "srcTextID": "102383",
      "srcText": "수비수 정호가 형주의 어깨를 감싸 안으며 말했어요. 주장 민호는 선수들과 일일이 하이 파이브를 하며 소리쳤어요. “우리 1반, 똘똘 뭉치는 협동 정신 하나는 정말 끝내준다니까!”",
      "srcPage": 47,
      "srcSentenceEA": 3,
      "srcWordEA": 25,
      "character": "정호,민호,형주,수비수,선수들",
      "setting": null,
      "action": "감싸 안으며,말했어요,하이 파이브,소리쳤어요,똘똘 뭉치는",
      "feeling": null,
      "causalRelationship": null,
      "outcomeResolution": null,
      "prediction": null,
      "plotSummaryInfoCount": 1,
      "plotSummaryInfo": {
        "classification": "신체운동_건강",
        "readAge": "초등_고학년",
        "form": "short-form",
        "plotSummaryText": "선수들과 일일이 하이 파이브를 한 주장 민호가 우리 1반은 똘똘 뭉치는 협동 정신 하나는 정말 끝내준다고 소리쳤습니다.",
        "textWordEA": 17
      }
    },
    {
      "srcTextID": "103638",
      "srcText": "상부상조. 상부상조란 서로 의지하고 돕는 모습을 가리키는 말입니다. 상부상조는 제아무리 어려운 일도 서로 힘을 합하면 잘 해결할 수 있다는 가르침이 담긴 사자성어예요. 중국 속담에도 ‘혼자서는 두 사람의 지혜를 넘지 못한다’는 말이 있어요.",
      "srcPage": 48,
      "srcSentenceEA": 4,
      "srcWordEA": 36,
      "character": "혼자,두 사람",
      "setting": "중국",
      "action": "서로 의지하고,돕는 모습,서로 힘을 합하면",
      "feeling": "어려운",
      "causalRelationship": null,
      "outcomeResolution": null,
      "prediction": null,
      "plotSummaryInfoCount": 1,
      "plotSummaryInfo": {
        "classification": "신체운동_건강",
        "readAge": "초등_고학년",
        "form": "long-form",
        "plotSummaryText": "상부상조는 제아무리 어려운 일도 서로 힘을 합하면 잘 해결할 수 있다는 사자성어로, 혼자서는 두 사람의 지혜를 넘지 못한다는 중국 속담처럼 서로 의지하고 돕는 모습을 가리킵니다.",
        "textWordEA": 25
      }
    },
    {
      "srcTextID": "102347",
      "srcText": "“골키퍼도 골을 넣을 수 있다는 걸 보여 줘!” 형주가 달려오자 1반 선수들이 박수를 치며 응원했어요. “뭐야, 골키퍼가 차다니? 다 이긴 게임이라 이건가?”",
      "srcPage": 10,
      "srcSentenceEA": 4,
      "srcWordEA": 24,
      "character": "골키퍼,형주,선수",
      "setting": null,
      "action": "달려오자,박수를 치며,차다니,응원했어요,골을 넣을 수 있다는",
      "feeling": null,
      "causalRelationship": null,
      "outcomeResolution": null,
      "prediction": null,
      "plotSummaryInfoCount": 1,
      "plotSummaryInfo": {
        "classification": "신체운동_건강",
        "readAge": "초등_고학년",
        "form": "long-form",
        "plotSummaryText": "골키퍼도 골을 넣을 수 있다는 걸 보여 주기 위해 달려오는 형주를 1반 선수들이 박수치며 응원했다.",
        "textWordEA": 15
      }
    },
    {
      "srcTextID": "102352",
      "srcText": "“골인! 와! 우린 골키퍼도 골을 넣는다!” 1반 응원석이 환호성으로 뒤덮였어요. “잘했어, 형주야!”",
      "srcPage": 13,
      "srcSentenceEA": 4,
      "srcWordEA": 15,
      "character": "골키퍼,형주",
      "setting": "응원석",
      "action": "골을 넣는다,환호성으로 뒤덮였어요",
      "feeling": "잘했어",
      "causalRelationship": null,
      "outcomeResolution": null,
      "prediction": null,
      "plotSummaryInfoCount": 1,
      "plotSummaryInfo": {
        "classification": "신체운동_건강",
        "readAge": "초등_고학년",
        "form": "long-form",
        "plotSummaryText": "우린 골키퍼도 골을 넣는다며 형주에게 잘했다는 말과 함께 1반 응원석이 환호성으로 뒤덮였습니다.",
        "textWordEA": 12
      }
    },
    {
      "srcTextID": "102353",
      "srcText": "만약 종료 직전 역전 골을 넣은 거라면 그럴 수도 있어요. 하지만 지금 상황은 좀 지나치지 않나요? “쟤들 너무 오버하는 거 아냐?” 1반 응원석에서도 좀 의아해했어요.",
      "srcPage": 15,
      "srcSentenceEA": 4,
      "srcWordEA": 27,
      "character": "골,1반",
      "setting": "응원석",
      "action": "골을 넣은 거라면",
      "feeling": "의아해",
      "causalRelationship": null,
      "outcomeResolution": null,
      "prediction": null,
      "plotSummaryInfoCount": 1,
      "plotSummaryInfo": {
        "classification": "신체운동_건강",
        "readAge": "초등_고학년",
        "form": "long-form",
        "plotSummaryText": "1반 응원석에서도 역전 골을 넣은 것도 아닌데 지금 상황은 좀 지나치다고 너무 오버하는 거 아니냐며 의아해했습니다.",
        "textWordEA": 16
      }
    },
    {
      "srcTextID": "102356",
      "srcText": "영주가 밝게 웃으며 인사했어요. “안녕, 영주도 잘 지내지?” 민호도 반갑게 인사했어요.",
      "srcPage": 18,
      "srcSentenceEA": 3,
      "srcWordEA": 12,
      "character": "영주,민호,인사",
      "setting": null,
      "action": "인사했어요,잘 지내지,웃으며",
      "feeling": "밝게",
      "causalRelationship": null,
      "outcomeResolution": null,
      "prediction": null,
      "plotSummaryInfoCount": 1,
      "plotSummaryInfo": {
        "classification": "신체운동_건강",
        "readAge": "초등_고학년",
        "form": "short-form",
        "plotSummaryText": "밝게 웃으며 인사하는 영주에게 잘 지내냐며 민호도 반갑게 인사했습니다.",
        "textWordEA": 9
      }
    },
    {
      "srcTextID": "102361",
      "srcText": "“형은 축구를 정말 잘하잖아. 그래서 내 우상이야.” 영주가 부끄러워하며 말했어요.",
      "srcPage": 20,
      "srcSentenceEA": 3,
      "srcWordEA": 12,
      "character": "형,영주,축구",
      "setting": null,
      "action": "잘하잖아,말했어요",
      "feeling": "부끄러워하며",
      "causalRelationship": null,
      "outcomeResolution": null,
      "prediction": null,
      "plotSummaryInfoCount": 1,
      "plotSummaryInfo": {
        "classification": "신체운동_건강",
        "readAge": "초등_고학년",
        "form": "short-form",
        "plotSummaryText": "영주가 형은 축구를 정말 잘해서 우상이라고 부끄러워하며 말했습니다.",
        "textWordEA": 8
      }
    },
    {
      "srcTextID": "102360",
      "srcText": "“축구라면 네 형이 더 잘하지. 우리 반 최고의 골키퍼잖아.” 민호가 형주의 어깨를 툭 치며 말했어요.",
      "srcPage": 21,
      "srcSentenceEA": 3,
      "srcWordEA": 17,
      "character": "골키퍼,민호,형주,축구",
      "setting": null,
      "action": "잘하지,툭 치며 말했어요",
      "feeling": null,
      "causalRelationship": null,
      "outcomeResolution": null,
      "prediction": null,
      "plotSummaryInfoCount": 1,
      "plotSummaryInfo": {
        "classification": "신체운동_건강",
        "readAge": "초등_고학년",
        "form": "short-form",
        "plotSummaryText": "축구라면 네 형이 더 잘한다고 민호가 형주의 어깨를 툭 치며 말했습니다.",
        "textWordEA": 11
      }
    },
    {
      "srcTextID": "98333",
      "srcText": "“더 볼 것도 없네. 오늘은 우리가 이건 거야!” 1반 응원석은 사기가 하늘을 찌를 듯했어요.",
      "srcPage": 6,
      "srcSentenceEA": 3,
      "srcWordEA": 16,
      "character": "우리",
      "setting": "응원석,오늘은",
      "action": "이건 거야,볼 것도 없네",
      "feeling": null,
      "causalRelationship": null,
      "outcomeResolution": null,
      "prediction": null,
      "plotSummaryInfoCount": 1,
      "plotSummaryInfo": {
        "classification": "신체운동_건강",
        "readAge": "초등_고학년",
        "form": "short-form",
        "plotSummaryText": "오늘은 우리가 이건 거라 볼 것도 없다며 1반 응원석의 사기가 하늘을 찌를 듯했습니다.",
        "textWordEA": 13
      }
    },
    {
      "srcTextID": "98335",
      "srcText": "예상을 뒤엎고 1반이 2반에게 2:0으로 앞서가자 2반 아이들은 초조하게 시계를 보았어요. 경기 시간은 이제 5분밖에 남지 않았어요. “비기기라도 해라. 제발!”",
      "srcPage": 7,
      "srcSentenceEA": 4,
      "srcWordEA": 22,
      "character": "아이들",
      "setting": null,
      "action": "앞서가자,시계를 보았어요,비기기라도 해라",
      "feeling": "초조하게",
      "causalRelationship": null,
      "outcomeResolution": null,
      "prediction": null,
      "plotSummaryInfoCount": 1,
      "plotSummaryInfo": {
        "classification": "신체운동_건강",
        "readAge": "초등_고학년",
        "form": "long-form",
        "plotSummaryText": "1반이 2반에 2:0으로 앞서가자 2반 아이들은 초조하게 시계를 보며 제발 비기기라도 하라고 했는데, 경기 시간이 5분밖에 남지 않았습니다.",
        "textWordEA": 18
      }
    },
    {
      "srcTextID": "102349",
      "srcText": "“형주야! 빨리 와!” 주장인 민호가 소리쳤어요. 형주는 1반 골키퍼예요. 형주가 어리둥절한 표정으로 달려왔어요.",
      "srcPage": 9,
      "srcSentenceEA": 4,
      "srcWordEA": 17,
      "character": "형주,민호,골키퍼",
      "setting": null,
      "action": "소리쳤어요,달려왔어요,빨리 와",
      "feeling": "어리둥절",
      "causalRelationship": null,
      "outcomeResolution": null,
      "prediction": null,
      "plotSummaryInfoCount": 1,
      "plotSummaryInfo": {
        "classification": "신체운동_건강",
        "readAge": "초등_고학년",
        "form": "long-form",
        "plotSummaryText": "주장인 민호가 소리치자, 1반 골키퍼 형주가 어리둥절한 표정으로 달려왔습니다.",
        "textWordEA": 9
      }
    },
    {
      "srcTextID": "98334",
      "srcText": "“와!” 경기는 어느덧 후반전 막판, 1반 응원석은 난리가 났어요. 1반 선수들이 전반전에 이어 다시 한 골을 넣은 거예요. 야유를 보내던 2반 응원석은 찬물을 끼얹은 듯 잠잠해졌어요.",
      "srcPage": 5,
      "srcSentenceEA": 3,
      "srcWordEA": 29,
      "character": "응원석,선수들",
      "setting": "후반전 막판",
      "action": "난리가 났어요,넣은 거예요,야유를 보내던",
      "feeling": null,
      "causalRelationship": null,
      "outcomeResolution": null,
      "prediction": null,
      "plotSummaryInfoCount": 1,
      "plotSummaryInfo": {
        "classification": "신체운동_건강",
        "readAge": "초등_고학년",
        "form": "short-form",
        "plotSummaryText": "후반전 막판, 1반 선수들이 전반전에 이어 다시 한 골을 넣자 1반 응원석은 난리가 났고 2반 응원석은 찬물을 끼얹은 듯 잠잠해졌습니다.",
        "textWordEA": 20
      }
    },
    {
      "srcTextID": "102357",
      "srcText": "이 상황을 이해하려면 일주일 전으로 시간을 되돌려야 해요. 일주일 전, 1반 주장인 민호는 집으로 가는 길에 우연히 형주를 만났어요. 형주는 휠체어를 밀고 가고 있었는데 휠체어에는 형주의 동생인 영주가 타고 있었어요.",
      "srcPage": 16,
      "srcSentenceEA": 3,
      "srcWordEA": 32,
      "character": "민호,형주,휠체어,영주",
      "setting": "일주일 전",
      "action": "집으로 가는,만났어요,타고 있었어요,밀고 가고",
      "feeling": null,
      "causalRelationship": null,
      "outcomeResolution": null,
      "prediction": null,
      "plotSummaryInfoCount": 1,
      "plotSummaryInfo": {
        "classification": "신체운동_건강",
        "readAge": "초등_고학년",
        "form": "short-form",
        "plotSummaryText": "1반 주장 민호가 일주일 전 집으로 가는 길에 휠체어를 밀고 있던 형주를 만났던 일을 알면 이 상황을 이해할 수 있습니다.",
        "textWordEA": 20
      }
    },
    {
      "srcTextID": "102354",
      "srcText": "1학년인 영주는 작년에 교통사고로 허리를 다쳐 걷지를 못하거든요. 그래서 날마다 형주가 휠체어로 영주를 데리고 다녀요. “어? 민호 형이다! 형, 안녕?”",
      "srcPage": 17,
      "srcSentenceEA": 4,
      "srcWordEA": 23,
      "character": "영주,형주,민호,휠체어",
      "setting": "작년에,날마다",
      "action": "허리를 다쳐,걷지를 못하거든요,데리고 다녀요",
      "feeling": null,
      "causalRelationship": null,
      "outcomeResolution": null,
      "prediction": null,
      "plotSummaryInfoCount": 1,
      "plotSummaryInfo": {
        "classification": "신체운동_건강",
        "readAge": "초등_고학년",
        "form": "long-form",
        "plotSummaryText": "형주가 작년에 허리를 다쳐 걷지를 못하는 1학년 영주를 날마다 휠체어로 데리고 다녔습니다.",
        "textWordEA": 12
      }
    },
    {
      "srcTextID": "102355",
      "srcText": "그러자 영주가 엄지를 척 세우며 말했어요. “민호 형은 내 우상이야!” “내가 왜?” 민호가 의아한 표정으로 물었어요.",
      "srcPage": 19,
      "srcSentenceEA": 4,
      "srcWordEA": 17,
      "character": "영주,민호",
      "setting": null,
      "action": "엄지를 척 세우며,말했어요,물었어요",
      "feeling": null,
      "causalRelationship": null,
      "outcomeResolution": null,
      "prediction": null,
      "plotSummaryInfoCount": 1,
      "plotSummaryInfo": {
        "classification": "신체운동_건강",
        "readAge": "초등_고학년",
        "form": "long-form",
        "plotSummaryText": "영주가 엄지를 척 세우며 민호 형은 내 우상이라고 말하자, 민호가 의아한 표정으로 왜라고 물었습니다.",
        "textWordEA": 14
      }
    },
    {
      "srcTextID": "102365",
      "srcText": "기사의 내용은 프로 구단에서 골키퍼로 활약하는 어느 유명한 선수의 이야기였어요. 이 선수는 골키퍼인데도 팀이 위기에 처할 때면 직접 나서서 골까지 넣는다는 내용이었어요. 민호는 호기심에 ‘골 넣는 골키퍼’를 검색해 보았어요.",
      "srcPage": 25,
      "srcSentenceEA": 4,
      "srcWordEA": 32,
      "character": "민호,골키퍼,골",
      "setting": null,
      "action": "골까지 넣는다는,검색해 보았어요",
      "feeling": "호기심",
      "causalRelationship": null,
      "outcomeResolution": null,
      "prediction": null,
      "plotSummaryInfoCount": 1,
      "plotSummaryInfo": {
        "classification": "신체운동_건강",
        "readAge": "초등_고학년",
        "form": "long-form",
        "plotSummaryText": "프로 구단에서 팀이 위기에 처할 때면 직접 나서서 골까지 넣는 유명한 골키퍼의 이야기였는데, 호기심이 생긴 민호는 골 넣는 골키퍼를 검색해 보았습니다.",
        "textWordEA": 21
      }
    },
    {
      "srcTextID": "102362",
      "srcText": "“바로 이거야! 골 넣는 골키퍼!” 민호는 뭔가 좋은 생각이라도 떠올랐는지 환한 미소를 지었어요.",
      "srcPage": 27,
      "srcSentenceEA": 3,
      "srcWordEA": 15,
      "character": "민호,골키퍼",
      "setting": null,
      "action": "미소를 지었어요,떠올랐는지,골 넣는 골키퍼",
      "feeling": "환한,좋은 생각",
      "causalRelationship": null,
      "outcomeResolution": null,
      "prediction": null,
      "plotSummaryInfoCount": 1,
      "plotSummaryInfo": {
        "classification": "신체운동_건강",
        "readAge": "초등_고학년",
        "form": "short-form",
        "plotSummaryText": "민호는 바로 이거라며 골 넣는 골키퍼에 대한 생각이 떠올랐는지 환한 미소를 지었습니다.",
        "textWordEA": 12
      }
    },
    {
      "srcTextID": "102366",
      "srcText": "“골 넣는 골키퍼, 어때? 생각만 해도 멋질 거 같지 않니?” 민호가 모두를 돌아보면서 물었어요.",
      "srcPage": 29,
      "srcSentenceEA": 3,
      "srcWordEA": 16,
      "character": "민호,골키퍼",
      "setting": null,
      "action": "돌아보면서,물었어요,골 넣는",
      "feeling": "멋질",
      "causalRelationship": null,
      "outcomeResolution": null,
      "prediction": null,
      "plotSummaryInfoCount": 1,
      "plotSummaryInfo": {
        "classification": "신체운동_건강",
        "readAge": "초등_고학년",
        "form": "short-form",
        "plotSummaryText": "골 넣는 골키퍼, 생각만 해도 멋질 거 같지 않냐고 민호가 모두에게 물었습니다.",
        "textWordEA": 12
      }
    },
    {
      "srcTextID": "102367",
      "srcText": "“멋진 생각이긴 해. 영주도 좋아할 것 같고.” “그런데 형주가 골을 넣을 기회를 어떻게 만들지? 지금도 2반한테 내리 두 번이나 지고 있는데 괜히 그러다 또 지면 아무 의미도 없잖아.”",
      "srcPage": 30,
      "srcSentenceEA": 4,
      "srcWordEA": 30,
      "character": "영주,형주,골",
      "setting": null,
      "action": "골을 넣을,두 번이나 지고 있는데,또 지면",
      "feeling": "좋아할,멋진 생각",
      "causalRelationship": null,
      "outcomeResolution": null,
      "prediction": null,
      "plotSummaryInfoCount": 1,
      "plotSummaryInfo": {
        "classification": "신체운동_건강",
        "readAge": "초등_고학년",
        "form": "long-form",
        "plotSummaryText": "영주도 좋아할 멋진 생각이었지만, 형주가 골을 넣을 기회를 어떻게 만들어야 하겠냐고 말했습니다.",
        "textWordEA": 12
      }
    },
    {
      "srcTextID": "102369",
      "srcText": "아이들은 뜻은 좋지만 걱정이 되는 모양이었어요. 민호의 심정은 충분히 이해하지만 그렇다고 무조건 받아들이기도 어려운 문제였어요. 민호는 아이들의 이야기를 모두 듣고 결정을 내렸어요.",
      "srcPage": 31,
      "srcSentenceEA": 3,
      "srcWordEA": 24,
      "character": "민호,아이들",
      "setting": null,
      "action": "이야기를 모두 듣고,결정을 내렸어요",
      "feeling": "좋지만,걱정이 되는",
      "causalRelationship": null,
      "outcomeResolution": null,
      "prediction": null,
      "plotSummaryInfoCount": 1,
      "plotSummaryInfo": {
        "classification": "신체운동_건강",
        "readAge": "초등_고학년",
        "form": "short-form",
        "plotSummaryText": "민호의 심정도 충분히 이해는 하지만 무조건 받아들이기도 어려워 걱정하는 아이들의 이야기를 들은 민호가 결정을 내렸습니다.",
        "textWordEA": 15
      }
    },
    {
      "srcTextID": "98329",
      "srcText": "선수들도 합창하듯 큰 소리로 외쳤어요. “목소리로 축구하나? 이번에도 우리 2반이 이길 거야!”",
      "srcPage": 3,
      "srcSentenceEA": 3,
      "srcWordEA": 13,
      "character": "선수들,축구",
      "setting": null,
      "action": "큰 소리로 외쳤어요,이길 거야",
      "feeling": null,
      "causalRelationship": null,
      "outcomeResolution": null,
      "prediction": null,
      "plotSummaryInfoCount": 1,
      "plotSummaryInfo": {
        "classification": "신체운동_건강",
        "readAge": "초등_고학년",
        "form": "short-form",
        "plotSummaryText": "합창하듯 큰 소리로 외치는 선수들에게 목소리로 축구하냐며 이번에도 우리 2반이 이길 거라고 했습니다.",
        "textWordEA": 13
      }
    },
    {
      "srcTextID": "98328",
      "srcText": "“오늘은 복수의 날이다! 1반 파이팅!” 응원석에서도 팽팽한 신경전이 벌어졌어요. 이윽고 축구 경기가 시작됐어요.",
      "srcPage": 4,
      "srcSentenceEA": 4,
      "srcWordEA": 16,
      "character": "축구 경기",
      "setting": "오늘은,응원석",
      "action": "신경전이 벌어졌어요,경기가 시작됐어요",
      "feeling": null,
      "causalRelationship": null,
      "outcomeResolution": null,
      "prediction": null,
      "plotSummaryInfoCount": 1,
      "plotSummaryInfo": {
        "classification": "신체운동_건강",
        "readAge": "초등_고학년",
        "form": "long-form",
        "plotSummaryText": "오늘은 복수의 날이라며 응원석에서도 팽팽한 신경전이 벌어졌고, 축구 경기가 시작됐습니다.",
        "textWordEA": 10
      }
    },
    {
      "srcTextID": "102373",
      "srcText": "“형주가 슛을 하러 나오면 내가 골문을 지킬게. 완벽하진 않지만 만약에 실패하더라도 시간을 벌 수 있을 거야.” 민호가 힘주어 말했어요.",
      "srcPage": 35,
      "srcSentenceEA": 3,
      "srcWordEA": 21,
      "character": "형주,민호",
      "setting": null,
      "action": "나오면,지킬게,말했어요,실패하더라도",
      "feeling": null,
      "causalRelationship": null,
      "outcomeResolution": null,
      "prediction": null,
      "plotSummaryInfoCount": 1,
      "plotSummaryInfo": {
        "classification": "신체운동_건강",
        "readAge": "초등_고학년",
        "form": "short-form",
        "plotSummaryText": "형주가 슛을 하러 나오면 내가 골문을 지켜 시간을 벌 수 있게 하겠다고 민호가 힘주어 말했습니다.",
        "textWordEA": 15
      }
    },
    {
      "srcTextID": "102377",
      "srcText": "일주일 뒤, 양 팀의 축구 경기가 펼쳐졌어요. 1반 선수들은 2반과의 경기에서 무조건 이기고 싶었어요. 두 팀은 시합 때마다 팽팽한 경기를 펼쳤지만, 두 번의 뼈아픈 패배로 1반 선수들은 잔뜩 독이 올라 있었어요.",
      "srcPage": 37,
      "srcSentenceEA": 3,
      "srcWordEA": 33,
      "character": "축구,선수,1반,2반",
      "setting": "일주일 뒤",
      "action": "펼쳐졌어요,이기고,펼쳤지만",
      "feeling": null,
      "causalRelationship": null,
      "outcomeResolution": null,
      "prediction": null,
      "plotSummaryInfoCount": 1,
      "plotSummaryInfo": {
        "classification": "신체운동_건강",
        "readAge": "초등_고학년",
        "form": "short-form",
        "plotSummaryText": "일주일 뒤, 양 팀의 축구 경기가 펼쳐졌고 1반 선수들은 2반과의 경기에서 무조건 이기고 싶었습니다.",
        "textWordEA": 14
      }
    },
    {
      "srcTextID": "102350",
      "srcText": "응원석이 술렁이기 시작했어요. 2반 골키퍼 재준이는 별명이 ‘거미 손’이에요. 오늘은 운수가 사나워서 두 골을 먹긴 했지만 여간해서는 골을 먹지 않는 선수예요.",
      "srcPage": 11,
      "srcSentenceEA": 3,
      "srcWordEA": 24,
      "character": "재준,골키퍼",
      "setting": "응원석,오늘은",
      "action": "술렁이기 시작했어요,먹긴 했지만,먹지 않는",
      "feeling": null,
      "causalRelationship": null,
      "outcomeResolution": null,
      "prediction": null,
      "plotSummaryInfoCount": 1,
      "plotSummaryInfo": {
        "classification": "신체운동_건강",
        "readAge": "초등_고학년",
        "form": "short-form",
        "plotSummaryText": "별명이 거미 손인 2반 골키퍼 재준이는 오늘은 두 골을 먹었지만, 여간해서는 골을 먹지 않는 선수입니다.",
        "textWordEA": 15
      }
    },
    {
      "srcTextID": "102351",
      "srcText": "1반의 모든 선수들이 일제히 소리를 지르며 형주에게 달려갔어요. 형주는 너무 기쁜 나머지 그라운드에 이마를 대고 눈물을 흘렸고, 선수들은 형주를 가운데 두고 서로 뒤엉켰어요. 마치 결승전에서 강팀을 상대로 극적인 역전승 이라도 거둔 것 같은 광경이었어요.",
      "srcPage": 14,
      "srcSentenceEA": 3,
      "srcWordEA": 36,
      "character": "형주,선수들",
      "setting": "그라운드",
      "action": "달려갔어요,뒤엉켰어요,소리를 지르며,이마를 대고,눈물을 흘렸고",
      "feeling": "기쁜",
      "causalRelationship": null,
      "outcomeResolution": null,
      "prediction": null,
      "plotSummaryInfoCount": 1,
      "plotSummaryInfo": {
        "classification": "신체운동_건강",
        "readAge": "초등_고학년",
        "form": "short-form",
        "plotSummaryText": "1반의 모든 선수들이 일제히 형주에게 달려가 형주를 가운데 두고 모든 선수들이 마치 결승전에서 강팀을 상대로 역전승이라도 거둔 것처럼 서로 뒤엉켰습니다.",
        "textWordEA": 20
      }
    },
    {
      "srcTextID": "98330",
      "srcText": "오늘은 무지개 초등학교 3학년 1반과 2반의 축구 시합이 벌어지는 날이에요. 1반과 2반은 축구를 좋아하는 아이들이 많아서 한 달에 두 번씩 축구 시합을 하고 있어요. 이제까지 모두 세 번 시합을 했는데 그중 두 번을 2반이 이겼어요.",
      "srcPage": 1,
      "srcSentenceEA": 3,
      "srcWordEA": 37,
      "character": "아이들,축구",
      "setting": "무지개 초등학교,오늘은",
      "action": "축구 시합을 하고,세 번 시합을 했는데,이겼어요",
      "feeling": "좋아하는",
      "causalRelationship": null,
      "outcomeResolution": null,
      "prediction": null,
      "plotSummaryInfoCount": 1,
      "plotSummaryInfo": {
        "classification": "신체운동_건강",
        "readAge": "초등_고학년",
        "form": "short-form",
        "plotSummaryText": "오늘은 무지개 초등학교 3학년 중 1반과 2반의 축구 시합이 벌어지는 날이며, 축구를 좋아하는 아이들이 많아 한 달에 두 번씩 축구 시합을 하고 있는데, 세 번의 시합 중 두 번을 2반이 이겼습니다.",
        "textWordEA": 31
      }
    },
    {
      "srcTextID": "98331",
      "srcText": "잠시 뒤, 운동장에 1반 선수들이 둥글게 모였어요. 주장 민호가 손을 내밀며 소리쳤어요. “1반! 오늘은 꼭 이기자! 아자! 아자! 파이팅!” “아자! 아자! 파이팅!”",
      "srcPage": 2,
      "srcSentenceEA": 8,
      "srcWordEA": 29,
      "character": "민호,손,1반 선수들",
      "setting": "운동장,오늘은",
      "action": "모였어요,손을 내밀며,소리쳤어요,꼭 이기자",
      "feeling": null,
      "causalRelationship": null,
      "outcomeResolution": null,
      "prediction": null,
      "plotSummaryInfoCount": 1,
      "plotSummaryInfo": {
        "classification": "신체운동_건강",
        "readAge": "초등_고학년",
        "form": "long-form",
        "plotSummaryText": "운동장에 둥글게 모인 1반 선수들 중 주장 민호가 손을 내밀며 오늘은 꼭 이기자라고 소리쳤습니다.",
        "textWordEA": 14
      }
    },
    {
      "srcTextID": "98332",
      "srcText": "2반 응원단들은 두 손을 맞잡고 간절히 기도했어요. 그런데 후반전 종료 직전, 갑자기 주심의 호루라기가 울렸어요. “삑! 핸드볼 반칙!” 마음이 급했던지 2반 선수가 골문을 향해 날아오는 공을 그만 손으로 쳐 낸 거예요. 페널티 구역 안에서 반칙을 하면 상대에게 페널티 킥 기회가 주어져요.",
      "srcPage": 8,
      "srcSentenceEA": 5,
      "srcWordEA": 45,
      "character": "선수,응원단,호루라기,손",
      "setting": null,
      "action": "두 손을 맞잡고,기도했어요,호루라기가 울렸어요,손으로 쳐 낸 거예요",
      "feeling": "간절히,급했던지",
      "causalRelationship": null,
      "outcomeResolution": null,
      "prediction": null,
      "plotSummaryInfoCount": 1,
      "plotSummaryInfo": {
        "classification": "신체운동_건강",
        "readAge": "초등_고학년",
        "form": "long-form",
        "plotSummaryText": "2반 응원단이 간절히 기도했는데, 후반전 종료 직전, 2반 선수가 골문을 향해 날아오는 공을 그만 손으로 쳐 내 핸드볼 반칙을 받았습니다.",
        "textWordEA": 20
      }
    },
    {
      "srcTextID": "102364",
      "srcText": "그러자 수많은 기사들이 화면에 떴어요. 골을 넣는 골키퍼는 우리나라에만 있는 것이 아니었어요. 세계 유명 프로 리그에는 꼭 한두 명씩 골을 넣는 골키퍼가 있었어요.",
      "srcPage": 26,
      "srcSentenceEA": 3,
      "srcWordEA": 25,
      "character": "골,골키퍼",
      "setting": "우리나라",
      "action": "골을 넣는,떴어요,있었어요",
      "feeling": null,
      "causalRelationship": null,
      "outcomeResolution": null,
      "prediction": null,
      "plotSummaryInfoCount": 1,
      "plotSummaryInfo": {
        "classification": "신체운동_건강",
        "readAge": "초등_고학년",
        "form": "short-form",
        "plotSummaryText": "골을 넣는 골키퍼는 세계 유명 프로 리그에도 한두 명씩 있었습니다.",
        "textWordEA": 10
      }
    },
    {
      "srcTextID": "102368",
      "srcText": "다음 날 민호는 형주 몰래 축구부원들을 모아 놓고 말했어요. “너희들한테 제안할 게 하나 있어.” 민호는 어제 형주 형제를 만났던 일과 인터넷에서 검색한 이야기를 자세하게 설명했어요.",
      "srcPage": 28,
      "srcSentenceEA": 3,
      "srcWordEA": 26,
      "character": "민호,축구부원,형주",
      "setting": "다음 날,인터넷에서",
      "action": "모아 놓고 말했어요,설명했어요,제안할 게 하나 있어,만났던,검색한",
      "feeling": null,
      "causalRelationship": null,
      "outcomeResolution": null,
      "prediction": null,
      "plotSummaryInfoCount": 1,
      "plotSummaryInfo": {
        "classification": "신체운동_건강",
        "readAge": "초등_고학년",
        "form": "short-form",
        "plotSummaryText": "민호는 형주 몰래 축구부원들을 모아 놓고 제안할 게 하나 있다며 형주 형제를 만났던 일과 인터넷에서 검색한 이야기를 설명했습니다.",
        "textWordEA": 18
      }
    },
    {
      "srcTextID": "102348",
      "srcText": "“뭐야? 페널티 킥은 공격수가 차야 되는 거 아냐?” 1반 응원석에서 불평이 터져 나왔어요. 형주가 골을 못 넣을 것 같아 불안했기 때문이에요. 마침내 주심이 호루라기를 불자 형주는 이를 악물고 골문 모서리를 향해 힘껏 공을 찼어요. 공은 보기 좋게 골문 안으로 빨려 들어갔어요.",
      "srcPage": 12,
      "srcSentenceEA": 5,
      "srcWordEA": 46,
      "character": "형주,호루라기,공,골문",
      "setting": "응원석",
      "action": "터져 나왔어요,공을 찼어요,빨려 들어갔어요,호루라기를 불자",
      "feeling": "불안",
      "causalRelationship": null,
      "outcomeResolution": null,
      "prediction": null,
      "plotSummaryInfoCount": 1,
      "plotSummaryInfo": {
        "classification": "신체운동_건강",
        "readAge": "초등_고학년",
        "form": "long-form",
        "plotSummaryText": "1반 응원석에서 불평이 터져 나왔고 주심이 호루라기를 불자 형주가 이를 악물고 골문 모서리를 향해 힘껏 찬 공이 보기 좋게 골문 안으로 빨려 들어갔습니다.",
        "textWordEA": 23
      }
    },
    {
      "srcTextID": "102358",
      "srcText": "“그렇지만 골키퍼는 골을 못 넣잖아.” “야! 김영주. 골을 넣는 공격수도 중요하지만 상대편의 골을 막는 골키퍼도 아주 중요하거든.” 형주가 동생에게 꿀밤을 한 대 먹이며 투덜댔어요.",
      "srcPage": 22,
      "srcSentenceEA": 4,
      "srcWordEA": 27,
      "character": "형주,동생,골키퍼,김영주,공격수",
      "setting": null,
      "action": "골을 못 넣잖아,꿀밤을 한 대 먹이며,투덜댔어요,골을 막는",
      "feeling": null,
      "causalRelationship": null,
      "outcomeResolution": null,
      "prediction": null,
      "plotSummaryInfoCount": 1,
      "plotSummaryInfo": {
        "classification": "신체운동_건강",
        "readAge": "초등_고학년",
        "form": "long-form",
        "plotSummaryText": "골키퍼는 골을 못 넣는다는 동생의 말에 형주가 골을 넣는 공격수도 중요하지만, 골을 막는 골키퍼도 아주 중요하다고 투덜댔습니다.",
        "textWordEA": 17
      }
    },
    {
      "srcTextID": "102359",
      "srcText": "“알아! 하지만 난 골 넣는 공격수가 더 좋단 말이야. 상대편 골망을 흔드는 강력한 슈팅! 정말 멋지잖아! 골키퍼는 골을 못 넣으니까 별로야.” 영주가 몸을 흔들며 신나게 떠들었어요. 영주의 말에 형주는 조금 서운한 표정을 지었어요.",
      "srcPage": 23,
      "srcSentenceEA": 6,
      "srcWordEA": 39,
      "character": "영주,형주,공격수",
      "setting": null,
      "action": "골 넣는,떠들었어요,골망을 흔드는 강력한 슈팅,골을 못 넣으니까,몸을 흔들며",
      "feeling": "멋지잖아,서운한",
      "causalRelationship": null,
      "outcomeResolution": null,
      "prediction": null,
      "plotSummaryInfoCount": 1,
      "plotSummaryInfo": {
        "classification": "신체운동_건강",
        "readAge": "초등_고학년",
        "form": "long-form",
        "plotSummaryText": "영주가 상대편 골망을 흔드는 강력한 슈팅을 하는 공격수는 좋지만, 골키퍼는 골을 못 넣으니까 별로라고 떠들자, 형주는 조금 서운했습니다.",
        "textWordEA": 18
      }
    },
    {
      "srcTextID": "102363",
      "srcText": "그날 밤 민호는 평소처럼 인터넷으로 축구 기사를 검색했어요. 그러던 중 재미있는 기사를 하나 발견했어요. ‘골 넣는 골키퍼! 팀을 구하다!’",
      "srcPage": 24,
      "srcSentenceEA": 4,
      "srcWordEA": 22,
      "character": "민호,골키퍼,축구",
      "setting": null,
      "action": "검색했어요,발견했어요,골 넣는",
      "feeling": "재미있는",
      "causalRelationship": null,
      "outcomeResolution": null,
      "prediction": null,
      "plotSummaryInfoCount": 1,
      "plotSummaryInfo": {
        "classification": "신체운동_건강",
        "readAge": "초등_고학년",
        "form": "long-form",
        "plotSummaryText": "그날 밤 평소처럼 인터넷으로 축구 기사를 검색하던 민호는 골 넣는 골키퍼가 팀을 구하다 라는 재미있는 기사를 하나 발견했습니다.",
        "textWordEA": 18
      }
    },
    {
      "srcTextID": "102375",
      "srcText": "1반 선수들은 가쁜 숨을 몰아쉬며 달리고 또 달렸어요. 저마다 마음속에는 이기고 싶다는 열정과 함께 형주 형제를 돕고 싶다는 생각이 간절했어요. 1반은 전반전에 한 골을 넣어 1:0으로 앞서다가 후반전에 한 골을 더 넣어 두 골 차로 벌어졌어요.",
      "srcPage": 38,
      "srcSentenceEA": 3,
      "srcWordEA": 38,
      "character": "선수들,형주",
      "setting": "전반전,후반전",
      "action": "달리고,달렸어요,골을 넣어,골을 더 넣어,벌어졌어요",
      "feeling": "간절했어요",
      "causalRelationship": null,
      "outcomeResolution": null,
      "prediction": null,
      "plotSummaryInfoCount": 1,
      "plotSummaryInfo": {
        "classification": "신체운동_건강",
        "readAge": "초등_고학년",
        "form": "short-form",
        "plotSummaryText": "이기고 싶다는 열정과 형주 형제를 돕고 싶다는 생각이 간절하여, 1반 선수들은 전반전에 한 골을 넣어 1대 0으로 앞서다가 후반전에 한 골을 더 넣었습니다.",
        "textWordEA": 23
      }
    },
    {
      "srcTextID": "102371",
      "srcText": "“우리 모두 힘을 합치면 충분히 대비할 수 있어.” 수비수인 정호도 나서서 거들었어요. 드디어 아이들은 다음과 같은 결론을 내렸어요. 우리가 후반전에 두 골 이상 앞서면 무조건 형주에게 기회를 준다. 페널티 킥과 프리킥 모두 형주가 차게 한다.",
      "srcPage": 36,
      "srcSentenceEA": 5,
      "srcWordEA": 39,
      "character": "정호,형주,수비수,아이들",
      "setting": null,
      "action": "나서서 거들었어요,차게 한다,두 골 이상 앞서면,기회를 준다,결론을 내렸어요",
      "feeling": null,
      "causalRelationship": null,
      "outcomeResolution": null,
      "prediction": null,
      "plotSummaryInfoCount": 1,
      "plotSummaryInfo": {
        "classification": "신체운동_건강",
        "readAge": "초등_고학년",
        "form": "long-form",
        "plotSummaryText": "아이들이 후반전에 두 골 이상 앞서면 무조건 형주에게 기회를 주고, 페널티 킥과 프리킥 모두 형주가 차게 한다는 결론을 내렸습니다.",
        "textWordEA": 19
      }
    },
    {
      "srcTextID": "102376",
      "srcText": "2반은 한 골이라도 넣겠다고 줄기차게 공격해 왔어요. 그럴수록 1반 선수들은 더욱 똘똘 뭉쳐 한 걸음이라도 더 뛰려고 최선을 다했어요. 그러자 하늘이 감동했는지 기적 같은 일이 일어났어요.",
      "srcPage": 39,
      "srcSentenceEA": 3,
      "srcWordEA": 28,
      "character": "선수들,2반,1반",
      "setting": null,
      "action": "공격해 왔어요,일이 일어났어요,더 뛰려고,한 골이라도 넣겠다고",
      "feeling": "감동했는지",
      "causalRelationship": null,
      "outcomeResolution": null,
      "prediction": null,
      "plotSummaryInfoCount": 1,
      "plotSummaryInfo": {
        "classification": "신체운동_건강",
        "readAge": "초등_고학년",
        "form": "short-form",
        "plotSummaryText": "2반의 줄기찬 공격이 있었지만, 똘똘 뭉쳐 한 걸음이라도 더 뛰려고 최선을 다한 1반 선수들에게 감동했는지 기적 같은 일이 일어났습니다.",
        "textWordEA": 19
      }
    },
    {
      "srcTextID": "102378",
      "srcText": "1반 선수가 마지막 공격으로 코너킥을 찼을 때였어요. 공이 문전으로 날아가는 순간 2반 수비수가 갑자기 손으로 공을 쳐 낸 거예요. “삐익!” 호루라기 소리에 모든 선수가 동작을 멈췄어요.",
      "srcPage": 40,
      "srcSentenceEA": 3,
      "srcWordEA": 28,
      "character": "선수,수비수,호루라기,1반,2반",
      "setting": null,
      "action": "찼을 때였어요,멈췄어요,날아가는 순간,손으로 공을 쳐 낸",
      "feeling": null,
      "causalRelationship": null,
      "outcomeResolution": null,
      "prediction": null,
      "plotSummaryInfoCount": 1,
      "plotSummaryInfo": {
        "classification": "신체운동_건강",
        "readAge": "초등_고학년",
        "form": "short-form",
        "plotSummaryText": "1반 선수가 코너킥으로 찬 공을 2반 수비수가 손으로 공을 쳐내 호루라기 소리가 들리자, 모든 선수가 동작을 멈췄습니다.",
        "textWordEA": 17
      }
    },
    {
      "srcTextID": "102381",
      "srcText": "상대팀 선수들도 뜨악한 표정이었어요. 반칙을 한 선수는 그 자리에서 퇴장당하고, 주심이 페널티 킥을 선언했어요. 그러자 민호가 형주에게 큰 소리로 외쳤어요.",
      "srcPage": 41,
      "srcSentenceEA": 3,
      "srcWordEA": 22,
      "character": "선수,민호,형주",
      "setting": null,
      "action": "외쳤어요,퇴장당하고,선언했어요,반칙을 한",
      "feeling": null,
      "causalRelationship": null,
      "outcomeResolution": null,
      "prediction": null,
      "plotSummaryInfoCount": 1,
      "plotSummaryInfo": {
        "classification": "신체운동_건강",
        "readAge": "초등_고학년",
        "form": "short-form",
        "plotSummaryText": "반칙을 한 선수를 퇴장시킨 주심이 페널티 킥을 선언하자, 민호가 형주에게 큰 소리로 외쳤습니다.",
        "textWordEA": 13
      }
    },
    {
      "srcTextID": "102380",
      "srcText": "“형주야! 골을 넣는 골키퍼가 될 기회야. 영주 앞에서 보란 듯이 시원하게 슛을 날려 봐!” “이건 우리 모두의 뜻이야.”",
      "srcPage": 42,
      "srcSentenceEA": 3,
      "srcWordEA": 20,
      "character": "형주,영주,골키퍼,우리",
      "setting": null,
      "action": "골을 넣는,슛을 날려 봐",
      "feeling": "시원하게",
      "causalRelationship": null,
      "outcomeResolution": null,
      "prediction": null,
      "plotSummaryInfoCount": 1,
      "plotSummaryInfo": {
        "classification": "신체운동_건강",
        "readAge": "초등_고학년",
        "form": "short-form",
        "plotSummaryText": "형주에게 지금이 골을 넣는 골키퍼가 될 기회니까 영주 앞에서 보란 듯이 시원하게 슛을 날려 보라고 했습니다.",
        "textWordEA": 16
      }
    },
    {
      "srcTextID": "102379",
      "srcText": "“골을 넣지 못해도 널 탓하지 않을 거야. 그러니까 마음 편하게 차!” 친구들이 다들 형주를 격려했어요. 형주는 심호흡을 하고 마음을 가다듬었어요.",
      "srcPage": 43,
      "srcSentenceEA": 4,
      "srcWordEA": 23,
      "character": "친구들,형주,골",
      "setting": null,
      "action": "편하게 차,격려했어요,심호흡을 하고,가다듬었어요",
      "feeling": "편하게",
      "causalRelationship": null,
      "outcomeResolution": null,
      "prediction": null,
      "plotSummaryInfoCount": 1,
      "plotSummaryInfo": {
        "classification": "신체운동_건강",
        "readAge": "초등_고학년",
        "form": "long-form",
        "plotSummaryText": "친구들이 널 탓하지 않을 테니 마음 편하게 차라고 했고, 형주는 심호흡을 하고 마음을 가다듬었습니다.",
        "textWordEA": 14
      }
    },
    {
      "srcTextID": "102384",
      "srcText": "친구들은 골을 못 넣어도 상관없다고 했지만 이 소중한 기회를 날려 버리고 싶지 않았어요. 더구나 2:0으로 이기고 있는 경기를 자기 때문에 위태롭게 하고 싶지 않았어요. 형주는 친구들의 응원을 뒤로하고 비호같이 슛을 날려 보기 좋게 골을 넣었어요.",
      "srcPage": 44,
      "srcSentenceEA": 3,
      "srcWordEA": 37,
      "character": "친구들,형주",
      "setting": null,
      "action": "골을 못 넣어도,슛을 날려,넣었어요",
      "feeling": "소중한,위태롭게",
      "causalRelationship": null,
      "outcomeResolution": null,
      "prediction": null,
      "plotSummaryInfoCount": 1,
      "plotSummaryInfo": {
        "classification": "신체운동_건강",
        "readAge": "초등_고학년",
        "form": "short-form",
        "plotSummaryText": "2대 0으로 이기고 있는 경기를 자기 때문에 위태롭게 하고 싶지 않았고, 이 소중한 기회를 날려버리고 싶지 않았던 형주는 슛을 날려 골을 넣었습니다.",
        "textWordEA": 22
      }
    },
    {
      "srcTextID": "102385",
      "srcText": "친구들이 환호성을 지르며 한꺼번에 달려왔어요. “와아! 우리 형이 골을 넣었어! 이제 형은 내 우상이야!”",
      "srcPage": 45,
      "srcSentenceEA": 3,
      "srcWordEA": 16,
      "character": "친구들,형",
      "setting": null,
      "action": "환호성을 지르며,달려왔어요,골을 넣었어",
      "feeling": null,
      "causalRelationship": null,
      "outcomeResolution": null,
      "prediction": null,
      "plotSummaryInfoCount": 1,
      "plotSummaryInfo": {
        "classification": "신체운동_건강",
        "readAge": "초등_고학년",
        "form": "short-form",
        "plotSummaryText": "친구들이 환호성을 지르며 한꺼번에 달려왔고, 골을 넣은 형은 이제 자신의 우상이라고 했습니다.",
        "textWordEA": 12
      }
    },
    {
      "srcTextID": "103637",
      "srcText": "비슷한 우리 속담으로는 ‘백지장도 맞들면 낫다’는 말이 있지요. 비슷한 뜻의 십시일반이라는 사자성어도 있어요. 열 사람이 한 술씩 보태면 한 사람 먹을 분량이 나온다는 뜻이에요.",
      "srcPage": 49,
      "srcSentenceEA": 4,
      "srcWordEA": 27,
      "character": "사람",
      "setting": null,
      "action": "맞들면 낫다,한 술씩 보태면,먹을",
      "feeling": null,
      "causalRelationship": null,
      "outcomeResolution": null,
      "prediction": null,
      "plotSummaryInfoCount": 1,
      "plotSummaryInfo": {
        "classification": "신체운동_건강",
        "readAge": "초등_고학년",
        "form": "long-form",
        "plotSummaryText": "비슷한 속담으로 백지장도 맞들면 낫다는 것과 십시일반이라는 사자성어는 열 사람이 한 술씩 보태면 한 사람 먹을 분량이 나온다는 뜻입니다.",
        "textWordEA": 19
      }
    },
    {
      "srcTextID": "103636",
      "srcText": "만약 한 명 분의 도시락을 둘이서 나눠 먹으면 둘 다 금세 배가 고파질 거예요. 하지만 나머지 아홉 명이 조금씩 밥을 덜어 준다면 열 명의 친구들은 밥을 모자라게 먹었다는 느낌도 들지 않고 즐거운 시간을 보낼 수 있을 거예요. 도시락을 안 가져온 친구는 자기도 나중에 어려운 일이 생기면 친구들을 돕고 싶어지겠지요?",
      "srcPage": 52,
      "srcSentenceEA": 3,
      "srcWordEA": 51,
      "character": "도시락,친구들",
      "setting": null,
      "action": "나눠 먹으면,덜어 준다면,모자라게 먹었다는,보낼 수,안 가져온,돕고 싶어지겠지요",
      "feeling": "즐거운,어려운",
      "causalRelationship": null,
      "outcomeResolution": null,
      "prediction": null,
      "plotSummaryInfoCount": 1,
      "plotSummaryInfo": {
        "classification": "신체운동_건강",
        "readAge": "초등_고학년",
        "form": "short-form",
        "plotSummaryText": "아홉 명이 조금씩 밥을 덜어 주면 열 명의 친구들은 밥을 모자라게 먹었다는 느낌도 들지 않고 즐겁게 지낼 수 있을 것이니, 도시락을 안 가져온 친구는 나중에 친구들을 돕고 싶어지겠지요.",
        "textWordEA": 28
      }
    },
    {
      "srcTextID": "103639",
      "srcText": "한번 상상을 해 보세요. 열 명의 친구가 도시락을 싸 가지고 공원에 놀러 갔어요. 그런데 한 친구가 깜빡 잊고 도시락을 안 가져왔어요.",
      "srcPage": 50,
      "srcSentenceEA": 3,
      "srcWordEA": 23,
      "character": "친구,도시락",
      "setting": "공원에",
      "action": "도시락을 싸,놀러 갔어요,안 가져왔어요,상상을 해 보세요",
      "feeling": null,
      "causalRelationship": null,
      "outcomeResolution": null,
      "prediction": null,
      "plotSummaryInfoCount": 1,
      "plotSummaryInfo": {
        "classification": "신체운동_건강",
        "readAge": "초등_고학년",
        "form": "short-form",
        "plotSummaryText": "열 명의 친구가 도시락을 싸서 공원에 놀러 갔다가 한 친구가 깜빡 잊고 도시락을 안 가져온 상상을 해 보세요.",
        "textWordEA": 18
      }
    },
    {
      "srcTextID": "103635",
      "srcText": "다들 도시락을 펼쳐 놓고 먹을 때 한 사람은 굶고 있어야 해요. 한 친구가 안타까운 마음에 자기 도시락을 내밀었어요. “나랑 반씩 나눠 먹자.”",
      "srcPage": 51,
      "srcSentenceEA": 3,
      "srcWordEA": 23,
      "character": "친구,도시락",
      "setting": null,
      "action": "펼쳐 놓고,먹을 때,굶고 있어야 해요,내밀었어요,나눠 먹자",
      "feeling": "안타까운",
      "causalRelationship": null,
      "outcomeResolution": null,
      "prediction": null,
      "plotSummaryInfoCount": 1,
      "plotSummaryInfo": {
        "classification": "신체운동_건강",
        "readAge": "초등_고학년",
        "form": "short-form",
        "plotSummaryText": "한 사람은 굶고 있어야 함을 안타까워 한 친구가 나랑 반씩 나눠 먹자고 자기 도시락을 내밀었습니다.",
        "textWordEA": 15
      }
    }
  ]
}