{
  "title": "마녀의 부엌에는 없는 게 없어!",
  "author": "김서연",
  "illustrator": "이한아",
  "isbn": "9791165433468",
  "publishedYear": 2021,
  "publisher": "아람키즈",
  "paragraphInfoCount": 24,
  "paragraphInfo": [
    {
      "srcTextID": "8872",
      "srcText": "해 질 무렵, 타오는 이웃집에서 감자 몇 알을 얻어 집으로 향했어요. “휴, 매번 얻어먹을 순 없는데 좋은 방법이 없을까?” 타오네 집은 무척 가난해서 늘 먹을 것이 부족했어요. ",
      "srcPage": 1,
      "srcSentenceEA": 3,
      "srcWordEA": 28,
      "character": "타오",
      "setting": "해 질 무렵,이웃집",
      "action": "감자 몇 알을 얻어 집으로 향했어요",
      "feeling": null,
      "causalRelationship": "무척 가난해서 늘 먹을 것이 부족했어요.",
      "outcomeResolution": null,
      "prediction": null,
      "plotSummaryInfoCount": 1,
      "plotSummaryInfo": {
        "classification": "신체운동_건강",
        "readAge": "초등_고학년",
        "form": "short-form",
        "plotSummaryText": "가난해서 늘 먹을 것이 부족한 타오는 이웃집에서 감자를 얻어 집으로 향했습니다.",
        "textWordEA": 11
      }
    },
    {
      "srcTextID": "11005",
      "srcText": "마녀의 집에서 요리사를 구함. 음식만 맛있게 할 수 있으면 개, 고양이, 어린아이, 바보라도 상관없음. 남은 음식은 가져가도 됨. 단, 음식이 맛없으면 큰일이 날 수도 있음. 이봐, 끝까지 읽어야지!",
      "srcPage": 3,
      "srcSentenceEA": 5,
      "srcWordEA": 32,
      "character": "마녀,요리사,개,고양이,어린아이,바보",
      "setting": "마녀의 집",
      "action": null,
      "feeling": null,
      "causalRelationship": null,
      "outcomeResolution": null,
      "prediction": "음식이 맛없으면 큰일이 날 수도 있음.",
      "plotSummaryInfoCount": 1,
      "plotSummaryInfo": {
        "classification": "신체운동_건강",
        "readAge": "초등_고학년",
        "form": "long-form",
        "plotSummaryText": "마녀의 음식을 맛있게 할 수 있으면 개, 고양이, 어린아이, 바보라도 괜찮지만, 음식이 맛없으면 큰일이 날 수도 있음이라고 쓰여 있습니다.",
        "textWordEA": 19
      }
    },
    {
      "srcTextID": "8944",
      "srcText": "“똑똑!” 빨간 머리 마녀가 문을 열어 주었어요. “요리사를 구한다기에 왔어요. 전 요리를 꽤 잘해요.” 마녀는 타오 주위를 뱅뱅 돌며 물었어요. “진짜? 정말? 네가 요리를 잘한단 말이지?”",
      "srcPage": 4,
      "srcSentenceEA": 6,
      "srcWordEA": 31,
      "character": "빨간 머리 마녀,요리사,타오",
      "setting": null,
      "action": "문을 열어 주었어요,요리사를 구한다기에 왔어요,뱅뱅 돌며",
      "feeling": null,
      "causalRelationship": null,
      "outcomeResolution": null,
      "prediction": "요리를 잘한단 말이지.",
      "plotSummaryInfoCount": 1,
      "plotSummaryInfo": {
        "classification": "신체운동_건강",
        "readAge": "초등_고학년",
        "form": "long-form",
        "plotSummaryText": "타오가 빨간 머리 마녀에게 요리사를 구한다기에 왔고. 자신이 요리를 꽤 잘한다고 말하자 마녀는 타오 주위를 뱅뱅 돌며 진짜냐고 물었어요.",
        "textWordEA": 19
      }
    },
    {
      "srcTextID": "8952",
      "srcText": " 달걀이 구멍으로 빠지고, 한쪽은 덜 익고 엉망진창이 되었어요. “마녀님, 마법 약을 만들 때도 이렇게 아무 도구나 막 쓰세요?” 그러자 마녀가 고개를 저었어요. ",
      "srcPage": 13,
      "srcSentenceEA": 3,
      "srcWordEA": 24,
      "character": "달걀,마녀,약,도구",
      "setting": null,
      "action": "고개를 저었어요,쓰세요",
      "feeling": "엉망진창",
      "causalRelationship": null,
      "outcomeResolution": null,
      "prediction": null,
      "plotSummaryInfoCount": 1,
      "plotSummaryInfo": {
        "classification": "신체운동_건강",
        "readAge": "초등_고학년",
        "form": "short-form",
        "plotSummaryText": "엉망진창인 달걀을 보고, 마법 약을 만들 때도 아무 도구나 막 쓰느냐고 묻자, 마녀는 고개를 저었습니다.",
        "textWordEA": 15
      }
    },
    {
      "srcTextID": "8953",
      "srcText": "“무슨 소리, 딱 알맞은 도구를 써야 한다고!” 타오는 고개를 끄덕거렸어요. “요리할 때도 똑같아요. 딱 알맞은 요리 도구를 써야 해요.”",
      "srcPage": 14,
      "srcSentenceEA": 4,
      "srcWordEA": 21,
      "character": "타오",
      "setting": null,
      "action": "고개를 끄덕거렸어요",
      "feeling": null,
      "causalRelationship": null,
      "outcomeResolution": null,
      "prediction": "딱 알맞은 요리 도구를 써야 해요.",
      "plotSummaryInfoCount": 1,
      "plotSummaryInfo": {
        "classification": "신체운동_건강",
        "readAge": "초등_고학년",
        "form": "long-form",
        "plotSummaryText": "딱 알맞은 도구를 써야 한다고 말하자 타오는 고개를 끄덕거리며 요리도 똑같다고 말했습니다.",
        "textWordEA": 12
      }
    },
    {
      "srcTextID": "8955",
      "srcText": " 다음 날부터 타오는 마녀에게 요리 도구를 어떻게 쓰는지 알려 주었어요. “칼은 위험하니까 특히 조심해야 해요!” 타오는 마녀에게 손을 다치지 않게 칼질하는 법을 보여 줬어요.",
      "srcPage": 15,
      "srcSentenceEA": 3,
      "srcWordEA": 26,
      "character": "타오,마녀,칼",
      "setting": "다음 날부터",
      "action": "알려 주었어요,보여 줬어요",
      "feeling": null,
      "causalRelationship": null,
      "outcomeResolution": null,
      "prediction": null,
      "plotSummaryInfoCount": 1,
      "plotSummaryInfo": {
        "classification": "신체운동_건강",
        "readAge": "초등_고학년",
        "form": "short-form",
        "plotSummaryText": "다음날부터 타오는 요리 도구 쓰는 법을 알려주고 손을 다치지 않게 칼질하는 법도 보여줬습니다.",
        "textWordEA": 13
      }
    },
    {
      "srcTextID": "8957",
      "srcText": "마녀는 타오가 잘난 척한다면서 투덜거렸지만, 타오가 말할 땐 귀를 쫑긋 세웠어요. “단단한 채소의 껍질을 벗길 때는 필러를 써요.” “재료를 간단히 자를 때는 주방 가위를 써요.” ",
      "srcPage": 16,
      "srcSentenceEA": 3,
      "srcWordEA": 25,
      "character": "마녀,타오,필러,주방 가위",
      "setting": null,
      "action": "귀를 쫑긋 세웠어요",
      "feeling": "투덜거렸지만",
      "causalRelationship": null,
      "outcomeResolution": null,
      "prediction": null,
      "plotSummaryInfoCount": 1,
      "plotSummaryInfo": {
        "classification": "신체운동_건강",
        "readAge": "초등_고학년",
        "form": "short-form",
        "plotSummaryText": "마녀는 투덜거렸지만 타오의 말에 집중하며 필러와 주방 가위 쓰는 법을 배웠습니다.",
        "textWordEA": 11
      }
    },
    {
      "srcTextID": "8959",
      "srcText": "타오의 요리에 폭 빠진 마녀는 종일 먹고 싶은 음식만 읊어 댔어요. “스파게티, 샌드위치, 그다음은 스튜! 알았지?” 타오는 아침부터 저녁까지 부엌에 서서 여러 가지 음식을 했어요. ",
      "srcPage": 17,
      "srcSentenceEA": 4,
      "srcWordEA": 27,
      "character": "타오,마녀",
      "setting": "아침부터 저녁까지,부엌",
      "action": "읊어 댔어요,음식을 했어요",
      "feeling": "폭 빠진",
      "causalRelationship": null,
      "outcomeResolution": null,
      "prediction": null,
      "plotSummaryInfoCount": 1,
      "plotSummaryInfo": {
        "classification": "신체운동_건강",
        "readAge": "초등_고학년",
        "form": "long-form",
        "plotSummaryText": "마녀는 종일 먹고 싶은 음식을 읊어댔고, 타오는 아침부터 저녁까지 여러 가지 음식을 만들었습니다.",
        "textWordEA": 13
      }
    },
    {
      "srcTextID": "8961",
      "srcText": "마녀는 며칠 동안 먹고 싶은 음식은 다 주문해서 먹었어요. 그제야 타오에게 조금 미안한 마음이 들었어요. 그래서 저녁 무렵, 열심히 설거지하는 타오에게 말했어요. “대충 해, 내일 또 쓸 건데 뭘 그렇게 씻어!”",
      "srcPage": 19,
      "srcSentenceEA": 4,
      "srcWordEA": 33,
      "character": "마녀,타오,음식",
      "setting": "저녁 무렵,내일",
      "action": "먹었어요,말했어요",
      "feeling": "미안한 마음이",
      "causalRelationship": null,
      "outcomeResolution": null,
      "prediction": null,
      "plotSummaryInfoCount": 1,
      "plotSummaryInfo": {
        "classification": "신체운동_건강",
        "readAge": "초등_고학년",
        "form": "long-form",
        "plotSummaryText": "마녀는 먹고 싶은 음식을 다 먹고 미안한 마음이 들어 타오에게 설거지는 대충 하라고 말했습니다.",
        "textWordEA": 14
      }
    },
    {
      "srcTextID": "8960",
      "srcText": "“요리 도구는 관리도 중요해요. 쓰고 그냥 두면 더러워지고 망가져요.” 할 말이 없어진 마녀가 투덜거렸어요. “조그만 게 말도 엄청 잘한다니까.”",
      "srcPage": 20,
      "srcSentenceEA": 4,
      "srcWordEA": 21,
      "character": "마녀,요리 도구",
      "setting": null,
      "action": null,
      "feeling": "투덜거렸어요",
      "causalRelationship": "쓰고 그냥 두면 더러워지고 망가져요.",
      "outcomeResolution": null,
      "prediction": null,
      "plotSummaryInfoCount": 1,
      "plotSummaryInfo": {
        "classification": "신체운동_건강",
        "readAge": "초등_고학년",
        "form": "long-form",
        "plotSummaryText": "요리 도구는 관리가 중요하며 쓰고 그냥 두면 더러워진다고 말하자 마녀는 투덜거렸습니다.",
        "textWordEA": 11
      }
    },
    {
      "srcTextID": "8962",
      "srcText": " “어? 평소에 못 보던 도구가 많은데?” 마녀가 묻자 타오가 고개를 끄덕였어요. “맞아요, 빵과 쿠키를 만들 때는 특별한 도구들이 필요해요. 재료의 양과 온도를 잴 도구와 모양을 만들 틀 같은 거요.”",
      "srcPage": 22,
      "srcSentenceEA": 4,
      "srcWordEA": 32,
      "character": "마녀,타오,빵,쿠키,도구,재료",
      "setting": null,
      "action": "고개를 끄덕였어요,모양을 만들",
      "feeling": null,
      "causalRelationship": "빵과 쿠키를 만들 때는 특별한 도구들이 필요해요.",
      "outcomeResolution": null,
      "prediction": null,
      "plotSummaryInfoCount": 1,
      "plotSummaryInfo": {
        "classification": "신체운동_건강",
        "readAge": "초등_고학년",
        "form": "long-form",
        "plotSummaryText": "못 보던 도구가 많다는 마녀에게 타오는 빵과 쿠키를 만들 때는 특별한 도구들이 필요하다고 말했습니다.",
        "textWordEA": 14
      }
    },
    {
      "srcTextID": "8964",
      "srcText": "“우리 할머니가 정성을 들인 음식을 선물하면 누구와도 친구가 될 수 있다고 했거든요.” 그 후로 마녀는 타오와 친구가 되었고, 마을 사람들과도 친구가 되었어요. 그리고 마녀의 집은 언제나 맛있는 음식과 흥겨운 웃음소리로 가득했어요.",
      "srcPage": 24,
      "srcSentenceEA": 3,
      "srcWordEA": 33,
      "character": "할머니,마녀,타오,마을 사람들",
      "setting": "마녀의 집,언제나",
      "action": null,
      "feeling": null,
      "causalRelationship": null,
      "outcomeResolution": "친구가 되었어요",
      "prediction": "마녀의 집은 언제나 맛있는 음식과 흥겨운 웃음소리로 가득했어요.",
      "plotSummaryInfoCount": 1,
      "plotSummaryInfo": {
        "classification": "신체운동_건강",
        "readAge": "초등_고학년",
        "form": "short-form",
        "plotSummaryText": "정성을 들인 음식 덕분에 마녀와 타오는 친구가 되었고, 마을 사람들과도 친구가 되었으며 마녀의 집은 언제나 맛있는 음식과 흥겨운 웃음소리로 가득했습니다.",
        "textWordEA": 20
      }
    },
    {
      "srcTextID": "8946",
      "srcText": "부엌에 들어선 타오는 하마터면 비명을 지를 뻔했어요. 온갖 요리 도구들이 흩어져 있는 데다가 태우고, 쏟고, 엎지른 음식 때문에 부엌이 엉망이었거든요. “도대체 여기서 뭘 하신 거죠?” ",
      "srcPage": 6,
      "srcSentenceEA": 3,
      "srcWordEA": 26,
      "character": "타오,요리 도구,음식",
      "setting": "부엌",
      "action": null,
      "feeling": "비명을 지를 뻔했어요",
      "causalRelationship": "온갖 요리 도구들이 흩어져 있는 데다가 태우고,쏟고,엎지른 음식 때문에 부엌이 엉망이었거든요.",
      "outcomeResolution": null,
      "prediction": null,
      "plotSummaryInfoCount": 1,
      "plotSummaryInfo": {
        "classification": "신체운동_건강",
        "readAge": "초등_고학년",
        "form": "short-form",
        "plotSummaryText": "온갖 요리 도구들이 흩어져 있고 태우고, 쏟고, 엎지른 음식 때문에 엉망인 부엌을 보고 타오는 놀랐습니다.",
        "textWordEA": 15
      }
    },
    {
      "srcTextID": "8958",
      "srcText": "그렇게 며칠이 지나자 타오는 울상이 되어 마녀에게 말했어요. “손이 아파서 더는 못 하겠어요. 혹시 믹서  같은 건 없나요?” 마녀는 고개를 갸웃거리더니 창고 문을 활짝 열었어요. “여기서 골라 써.”",
      "srcPage": 18,
      "srcSentenceEA": 5,
      "srcWordEA": 31,
      "character": "타오,마녀,믹서",
      "setting": "며칠이 지나자,창고",
      "action": "고개를 갸웃거리더니,활짝 열었어요",
      "feeling": "울상이 되어",
      "causalRelationship": null,
      "outcomeResolution": null,
      "prediction": "여기서 골라 써.",
      "plotSummaryInfoCount": 1,
      "plotSummaryInfo": {
        "classification": "신체운동_건강",
        "readAge": "초등_고학년",
        "form": "long-form",
        "plotSummaryText": "타오는 손이 아파서 더는 못하겠다며 믹서가 없는지 물었고 마녀는 창고 문을 열어주었습니다.",
        "textWordEA": 12
      }
    },
    {
      "srcTextID": "8963",
      "srcText": "다음 날, 마녀는 타오가 집에 오자마자 소리를 질렀어요. “빵과 쿠키가 먹고 싶어!” 타오는 재빠르게 빵과 쿠키를 만들 도구를 챙겼어요.",
      "srcPage": 21,
      "srcSentenceEA": 3,
      "srcWordEA": 20,
      "character": "마녀,타오,빵,쿠키,도구",
      "setting": "다음 날,집",
      "action": "소리를 질렀어요,재빠르게,챙겼어요",
      "feeling": null,
      "causalRelationship": null,
      "outcomeResolution": null,
      "prediction": null,
      "plotSummaryInfoCount": 1,
      "plotSummaryInfo": {
        "classification": "신체운동_건강",
        "readAge": "초등_고학년",
        "form": "short-form",
        "plotSummaryText": "마녀가 빵과 쿠키를 먹고 싶다고 말하자 타오는 재빨리 도구를 챙겼습니다.",
        "textWordEA": 10
      }
    },
    {
      "srcTextID": "8965",
      "srcText": "그날 오후, 마녀는 타오가 만든 빵과 과자를 먹다가 타오에게 물었어요. “타오야, 넌 왜 나에게 열심히 요리를 해 주는 거냐?” 그러자 타오는 씩 웃으며 말했어요. ",
      "srcPage": 23,
      "srcSentenceEA": 3,
      "srcWordEA": 25,
      "character": "마녀,타오,빵,과자",
      "setting": "그날 오후",
      "action": "물었어요,말했어요",
      "feeling": "씩 웃으며",
      "causalRelationship": null,
      "outcomeResolution": null,
      "prediction": null,
      "plotSummaryInfoCount": 1,
      "plotSummaryInfo": {
        "classification": "신체운동_건강",
        "readAge": "초등_고학년",
        "form": "short-form",
        "plotSummaryText": "그날 오후, 마녀는 타오에게 왜 열심히 요리를 해 주는 것인지 물었습니다.",
        "textWordEA": 11
      }
    },
    {
      "srcTextID": "11004",
      "srcText": "그때, 타오의 눈에 펄럭거리는 종이 한 장이 보였어요. “저게 뭐지?” 타오는 종이에 적힌 글을 읽고 손뼉을 ‘딱’ 쳤어요. “남은 음식을 가져갈 수 있다고? 요리라면 자신 있어.” 타오는 씩씩하게 마녀의 집으로 향했어요. ",
      "srcPage": 2,
      "srcSentenceEA": 7,
      "srcWordEA": 35,
      "character": "타오,종이,음식",
      "setting": "마녀의 집",
      "action": "손뼉을 ‘딱’ 쳤어요,마녀의 집으로 향했어요.",
      "feeling": "씩씩하게",
      "causalRelationship": null,
      "outcomeResolution": null,
      "prediction": null,
      "plotSummaryInfoCount": 1,
      "plotSummaryInfo": {
        "classification": "신체운동_건강",
        "readAge": "초등_고학년",
        "form": "long-form",
        "plotSummaryText": "타오는 남은 음식을 가져갈 수 있다는 종이에 적힌 글을 읽고 마녀의 집으로 향했습니다.",
        "textWordEA": 13
      }
    },
    {
      "srcTextID": "8947",
      "srcText": "타오의 질문에 마녀는 마구 짜증을 냈어요. “이것저것 해 봤는데 실패했을 뿐이라고! 잔말 말고 달걀 프라이나 한번 해 봐.”",
      "srcPage": 7,
      "srcSentenceEA": 3,
      "srcWordEA": 19,
      "character": "타오,마녀",
      "setting": null,
      "action": "마구 짜증을 냈어요.",
      "feeling": "짜증을",
      "causalRelationship": null,
      "outcomeResolution": null,
      "prediction": "잔말 말고 달걀 프라이나 한번 해 봐.",
      "plotSummaryInfoCount": 1,
      "plotSummaryInfo": {
        "classification": "신체운동_건강",
        "readAge": "초등_고학년",
        "form": "short-form",
        "plotSummaryText": "마녀는 이것저것 해 봤는데 실패했을 뿐이라며 타오에게 짜증을 냈습니다.",
        "textWordEA": 9
      }
    },
    {
      "srcTextID": "8948",
      "srcText": " 타오는 프라이팬부터 찾았어요. 하지만 그 난장판에서 프라이팬을 찾기란 쉬운 일이 아니었지요. “프라이팬, 그러니까 자루가 달린 넓적한 냄비인데.” ",
      "srcPage": 8,
      "srcSentenceEA": 3,
      "srcWordEA": 19,
      "character": "타오,프라이팬",
      "setting": null,
      "action": "프라이팬부터 찾았어요.",
      "feeling": "찾기란 쉬운 일이 아니었지요",
      "causalRelationship": null,
      "outcomeResolution": null,
      "prediction": null,
      "plotSummaryInfoCount": 1,
      "plotSummaryInfo": {
        "classification": "신체운동_건강",
        "readAge": "초등_고학년",
        "form": "short-form",
        "plotSummaryText": "타오는 프라이팬을 찾았지만, 난장판이라 쉽게 찾을 수가 없었습니다.",
        "textWordEA": 8
      }
    },
    {
      "srcTextID": "8951",
      "srcText": "이번에도 한참이나 부엌을 뒤져 겨우 뒤집개를 찾았어요. 마녀는 퉁명스러운 말투로 말했지요. “뭐가 이렇게 필요한 도구가 많아? 맛없기만 해 봐!” ",
      "srcPage": 10,
      "srcSentenceEA": 4,
      "srcWordEA": 21,
      "character": "마녀,뒤집개",
      "setting": "부엌",
      "action": "뒤집개를 찾았어요",
      "feeling": "퉁명스러운",
      "causalRelationship": null,
      "outcomeResolution": null,
      "prediction": "맛없기만 해 봐!",
      "plotSummaryInfoCount": 1,
      "plotSummaryInfo": {
        "classification": "신체운동_건강",
        "readAge": "초등_고학년",
        "form": "long-form",
        "plotSummaryText": "부엌을 한참 뒤져 겨우 뒤집개를 찾아내자, 마녀는 뭐가 이렇게 필요한 도구가 많냐고 퉁명스럽게 말했습니다.",
        "textWordEA": 14
      }
    },
    {
      "srcTextID": "8950",
      "srcText": " 타오는 능숙한 솜씨로 지글지글, 달걀 프라이를 만들었어요. 마녀는 타오가 자랑스럽게 내놓은 프라이를 한 입 먹고는 눈을 커다랗게 떴어요. “오, 겉은 바삭하고 노른자는 알맞게 익었군! 난 이렇게 못 만드는데!”",
      "srcPage": 11,
      "srcSentenceEA": 4,
      "srcWordEA": 31,
      "character": "타오,마녀,달걀 프라이",
      "setting": null,
      "action": "달걀 프라이를 만들었어요,눈을 커다랗게 떴어요",
      "feeling": "자랑스럽게",
      "causalRelationship": null,
      "outcomeResolution": null,
      "prediction": null,
      "plotSummaryInfoCount": 1,
      "plotSummaryInfo": {
        "classification": "신체운동_건강",
        "readAge": "초등_고학년",
        "form": "long-form",
        "plotSummaryText": "타오가 만든 달걀 프라이를 먹고 마녀는 눈을 크게 뜨며 겉은 바삭하고 노른자는 알맞게 익었다고 말했습니다.",
        "textWordEA": 15
      }
    },
    {
      "srcTextID": "8949",
      "srcText": "“이거? 이건가? 이거 아닐까?” 타오는 아무거나 내미는 마녀를 보곤 고개를 절레절레 저었어요. 그리고 겨우 프라이팬을 직접 찾아 깨끗이 씻었지요. “이젠 뒤집개가 있어야 하는데.......”",
      "srcPage": 9,
      "srcSentenceEA": 5,
      "srcWordEA": 27,
      "character": "타오,마녀,프라이팬",
      "setting": null,
      "action": "고개를 절레절레 저었어요,깨끗이 씻었지요",
      "feeling": null,
      "causalRelationship": null,
      "outcomeResolution": null,
      "prediction": "이젠 뒤집개가 있어야 하는데.",
      "plotSummaryInfoCount": 1,
      "plotSummaryInfo": {
        "classification": "신체운동_건강",
        "readAge": "초등_고학년",
        "form": "long-form",
        "plotSummaryText": "타오는 아무거나 내미는 마녀를 보고 고개를 저으며 겨우 프라이팬을 찾았습니다.",
        "textWordEA": 10
      }
    },
    {
      "srcTextID": "8954",
      "srcText": "타오는 한숨을 쉬며 마녀에게 물었어요. “평소에 어떻게 달걀 프라이를 만드는지 보여 주세요!” 마녀는 찜통을 불 위에 올려놓고, 달걀을 던져 넣은 다음 국자로 얼기설기 긁었지요.",
      "srcPage": 12,
      "srcSentenceEA": 3,
      "srcWordEA": 25,
      "character": "타오,마녀,찜통,달걀,국자",
      "setting": null,
      "action": "물었어요,얼기설기 긁었지요",
      "feeling": "한숨을 쉬며",
      "causalRelationship": null,
      "outcomeResolution": null,
      "prediction": null,
      "plotSummaryInfoCount": 1,
      "plotSummaryInfo": {
        "classification": "신체운동_건강",
        "readAge": "초등_고학년",
        "form": "short-form",
        "plotSummaryText": "평소에 어떻게 달걀 프라이를 만드는지 보여달라는 타오의 요청에 마녀는 찜통에 달걀을 던져넣고 국자로 긁었습니다.",
        "textWordEA": 14
      }
    },
    {
      "srcTextID": "8945",
      "srcText": "고개를 갸웃거리던 마녀는 타오를 부엌으로 데려갔어요. “자, 어디 요리를 한번 해 봐. 맛있지 않으면 오늘 저녁 메뉴는 바삭한 소년 튀김이 될 거야.”",
      "srcPage": 5,
      "srcSentenceEA": 3,
      "srcWordEA": 23,
      "character": "마녀,타오,소년,튀김",
      "setting": "부엌,저녁",
      "action": "고개를 갸웃거리던,부엌으로 데려갔어요,요리를 한번 해봐",
      "feeling": null,
      "causalRelationship": null,
      "outcomeResolution": "맛있지 않으면 오늘 저녁 메뉴는 바삭한 소년 튀김이 될 거야.",
      "prediction": null,
      "plotSummaryInfoCount": 1,
      "plotSummaryInfo": {
        "classification": "신체운동_건강",
        "readAge": "초등_고학년",
        "form": "short-form",
        "plotSummaryText": "마녀는 타오를 부엌으로 데려가 요리를 한번 해보라며 맛있지 않으면 튀김이 될 거라고 말했습니다.",
        "textWordEA": 13
      }
    }
  ]
}