{
  "title": "엄마를 실망시키고 싶지 않았어",
  "author": "권정현",
  "illustrator": "한국출판일러스트회",
  "isbn": "9791157024230",
  "publishedYear": 2015,
  "publisher": "황우",
  "paragraphInfoCount": 66,
  "paragraphInfo": [
    {
      "srcTextID": "103479",
      "srcText": "“그냥 감기 몸살이야.” 엄마는 괜찮다고 했지만 몹시 힘들어 보였어요. “유민아, 이제 뭐 할 거니?”",
      "srcPage": 11,
      "srcSentenceEA": 3,
      "srcWordEA": 15,
      "character": "엄마,유민",
      "setting": null,
      "action": "할 거니,괜찮다고 했지만",
      "feeling": null,
      "causalRelationship": null,
      "outcomeResolution": null,
      "prediction": null,
      "plotSummaryInfoCount": 1,
      "plotSummaryInfo": {
        "classification": "신체운동_건강",
        "readAge": "초등_고학년",
        "form": "short-form",
        "plotSummaryText": "엄마는 감기 몸살이라고 괜찮다고 하면서 뭐 할 거냐고 물었는데  몹시 힘들어 보였다.",
        "textWordEA": 13
      }
    },
    {
      "srcTextID": "103471",
      "srcText": "유민이는 미안한 생각이 들었지만 시치미를 뗐어요. “진짜야.” “그래. 엄마가 아들을 안 믿으면 누굴 믿겠니?” 다행히 엄마도 더 이상 캐묻지 않았어요.",
      "srcPage": 4,
      "srcSentenceEA": 3,
      "srcWordEA": 22,
      "character": "유민,엄마,아들",
      "setting": null,
      "action": "생각이 들었지만,시치미를 뗐어요,안 믿으면,캐묻지 않았어요",
      "feeling": "미안한",
      "causalRelationship": null,
      "outcomeResolution": null,
      "prediction": null,
      "plotSummaryInfoCount": 1,
      "plotSummaryInfo": {
        "classification": "신체운동_건강",
        "readAge": "초등_고학년",
        "form": "short-form",
        "plotSummaryText": "유민이는 미안한 생각이 들었지만, 진짜라고 말하며 시치미를 뗐고, 아들을 안 믿으면 누굴 믿겠냐면서 엄마도 더 이상 캐묻지 않았다.",
        "textWordEA": 18
      }
    },
    {
      "srcTextID": "103478",
      "srcText": "선생님은 숙제를 안 해 온 이유를 물었어요. “제가 어제 열이 나고 아팠어요.” 유민이는 선생님한테 혼나는 게 두려워 또 거짓말을 하고 말았어요.",
      "srcPage": 7,
      "srcSentenceEA": 3,
      "srcWordEA": 22,
      "character": "선생님,유민,숙제",
      "setting": "어제",
      "action": "물었어요,거짓말을 하고 말았어요,안 해 온,혼나는 게",
      "feeling": null,
      "causalRelationship": null,
      "outcomeResolution": null,
      "prediction": null,
      "plotSummaryInfoCount": 1,
      "plotSummaryInfo": {
        "classification": "신체운동_건강",
        "readAge": "초등_고학년",
        "form": "short-form",
        "plotSummaryText": "선생님이 숙제를 안 해 온 이유를 묻자 어제 아팠다고 유민이는 선생님한테 혼나는 게 두려워 또 거짓말을 하고 말았다.",
        "textWordEA": 18
      }
    },
    {
      "srcTextID": "103473",
      "srcText": "유민이는 오늘따라 몸이 많이 피곤했어요. 학원끝나고 곧바로 집에 왔어야 했는데 친구들과 축구를 너무 오래 했기 때문이에요. 저녁밥을 먹고 났더니 식곤증 때문인지 졸음이 쏟아져 책상에 앉아 있을 수가 없었어요.",
      "srcPage": 1,
      "srcSentenceEA": 3,
      "srcWordEA": 30,
      "character": "유민,친구들,몸,저녁밥,책상",
      "setting": "학원,집",
      "action": "피곤했어요,왔어야 했는데,먹고 났더니,쏟아져,앉아 있을 수가 없었어요",
      "feeling": null,
      "causalRelationship": "저녁먹고 났더니 식곤증 때문인지 졸음이 쏟아져 책상에 앉아 있을 수가 없었어요.",
      "outcomeResolution": null,
      "prediction": null,
      "plotSummaryInfoCount": 1,
      "plotSummaryInfo": {
        "classification": "신체운동_건강",
        "readAge": "초등_고학년",
        "form": "short-form",
        "plotSummaryText": "유민이는 학원 끝나고 친구들과 축구를 너무 오래 하고 와서 오늘따라 몸이 피곤하고, 저녁밥을 먹고 나니 식곤증 때문인지 졸음이 쏟아져 책상에 앉아 있을 수가 없었다.",
        "textWordEA": 24
      }
    },
    {
      "srcTextID": "103477",
      "srcText": "“지금은 괜찮니?” 아무것도 모르는 선생님은 유민이를 위로했어요. 벌을 세우지도, 야단을 치지도 않았어요. 유민이는 양심이 찔렸지만 이왕 뱉어 낸 말을 도로 주워 담을 수도 없었어요.",
      "srcPage": 8,
      "srcSentenceEA": 4,
      "srcWordEA": 27,
      "character": "선생님,유민",
      "setting": null,
      "action": "야단을 치지도,위로했어요,모르는,벌을 세우지도,야단을 치지도 않았어요,뱉어 낸,주워 담을 수도 없었어요",
      "feeling": null,
      "causalRelationship": null,
      "outcomeResolution": null,
      "prediction": null,
      "plotSummaryInfoCount": 1,
      "plotSummaryInfo": {
        "classification": "신체운동_건강",
        "readAge": "초등_고학년",
        "form": "long-form",
        "plotSummaryText": "선생님은 괜찮냐고 유민이를 위로했고, 유민이는 양심이 찔렸지만 뱉어낸 말을 도로 주워 담을 수도 없없다.",
        "textWordEA": 14
      }
    },
    {
      "srcTextID": "103482",
      "srcText": "오늘은 아빠가 평소보다 일찍 퇴근했어요. 그런데 엄마가 이상했어요. 평소와는 달리 기운이 하나도 없어 보이는 거예요.",
      "srcPage": 9,
      "srcSentenceEA": 3,
      "srcWordEA": 17,
      "character": "아빠,엄마",
      "setting": "오늘",
      "action": "퇴근했어요,이상했어요,없어 보이는 거예요",
      "feeling": null,
      "causalRelationship": null,
      "outcomeResolution": null,
      "prediction": null,
      "plotSummaryInfoCount": 1,
      "plotSummaryInfo": {
        "classification": "신체운동_건강",
        "readAge": "초등_고학년",
        "form": "short-form",
        "plotSummaryText": "오늘은 아빠가 일찍 퇴근했는데 엄마가 평소와는 달리 기운이 하나도 없어 보여 이상했다.",
        "textWordEA": 12
      }
    },
    {
      "srcTextID": "103474",
      "srcText": "책가방은 방 한구석에 밀어 둔 채 침대에 눕는 유민이를 엄마가 걱정스럽게 쳐다보았어요. “그냥 자면 어떡해? 숙제 안 하니?” “오늘 숙제 없어.”",
      "srcPage": 2,
      "srcSentenceEA": 4,
      "srcWordEA": 22,
      "character": "책가방,유민이,엄마,숙제",
      "setting": "침대,방",
      "action": "밀어 둔,눕는,쳐다보았어요,자면,숙제 안 하니",
      "feeling": null,
      "causalRelationship": null,
      "outcomeResolution": null,
      "prediction": null,
      "plotSummaryInfoCount": 1,
      "plotSummaryInfo": {
        "classification": "신체운동_건강",
        "readAge": "초등_고학년",
        "form": "long-form",
        "plotSummaryText": "책가방은 밀어 둔 채 침대에 눕는 유민이를 엄마가 숙제 안 하냐고 걱정스럽게 쳐다보자 유민이는 숙제 없다고 말했다.",
        "textWordEA": 17
      }
    },
    {
      "srcTextID": "103472",
      "srcText": "유민이는 얼떨결에 거짓말을 하고 말았어요. “숙제가 하나도 없어?” 엄마는 믿기기 않는 듯 재차 물었어요.",
      "srcPage": 3,
      "srcSentenceEA": 3,
      "srcWordEA": 15,
      "character": "유민,엄마",
      "setting": null,
      "action": "거짓말을 하고 말았어요.,재차 물었어요.",
      "feeling": null,
      "causalRelationship": null,
      "outcomeResolution": null,
      "prediction": null,
      "plotSummaryInfoCount": 1,
      "plotSummaryInfo": {
        "classification": "신체운동_건강",
        "readAge": "초등_고학년",
        "form": "short-form",
        "plotSummaryText": "유민이는 얼떨결에 거짓말을 하고 말았는데 엄마는 믿기기 않는 듯 숙제가 하나도 없냐고 재차 물었다.",
        "textWordEA": 14
      }
    },
    {
      "srcTextID": "103475",
      "srcText": "‘선생님께 뭐라고 말씀드려야 하지?’ 다음 날 아침부터 유민이는 심정(心情)이 조마조마했어요. 막상 숙제를 안 하고 학교에 가려니 불안했던 거예요.",
      "srcPage": 5,
      "srcSentenceEA": 3,
      "srcWordEA": 20,
      "character": "선생님,유민",
      "setting": "학교,다음 날 아침",
      "action": "말씀드려야 하지,안 하고,가려니",
      "feeling": null,
      "causalRelationship": null,
      "outcomeResolution": null,
      "prediction": null,
      "plotSummaryInfoCount": 1,
      "plotSummaryInfo": {
        "classification": "신체운동_건강",
        "readAge": "초등_고학년",
        "form": "short-form",
        "plotSummaryText": "다음 날 아침부터 유민이는 숙제를 안 하고 학교에 가려니 불안해서 심정이 조마조마했다.",
        "textWordEA": 12
      }
    },
    {
      "srcTextID": "103476",
      "srcText": "‘이럴 줄 알았으면 힘들더라도 숙제를 할걸!’ 교실에 앉아 있는 마음이 천근만근 무거웠어요. 반에서 숙제를 안 해 온 학생은 유민이 하나뿐이었어요.",
      "srcPage": 6,
      "srcSentenceEA": 3,
      "srcWordEA": 22,
      "character": "유민,숙제,학생",
      "setting": "교실",
      "action": "알았으면,할걸,앉아 있는,안 해 온",
      "feeling": null,
      "causalRelationship": null,
      "outcomeResolution": null,
      "prediction": null,
      "plotSummaryInfoCount": 1,
      "plotSummaryInfo": {
        "classification": "신체운동_건강",
        "readAge": "초등_고학년",
        "form": "short-form",
        "plotSummaryText": " 이럴 줄 알았으면 힘들더라도 숙제를 할 걸 후회되고 교실에 앉아 있는 동안 마음이 무거웠는데, 반에서 숙제를 안 해 온 학생은 유민이 하나뿐이었다.",
        "textWordEA": 22
      }
    },
    {
      "srcTextID": "103480",
      "srcText": "“엄마가 몸이 불편해서 병원에 다녀오는 길이란다.” “엄마, 어디 아픈 거야?” 유민이가 걱정스럽게 엄마를 살펴보았어요.",
      "srcPage": 10,
      "srcSentenceEA": 3,
      "srcWordEA": 15,
      "character": "엄마,몸",
      "setting": "병원",
      "action": "다녀오는,살펴보았어요",
      "feeling": null,
      "causalRelationship": "엄마가 몸이 불편해서 병원에 다녀오는 길이란다.",
      "outcomeResolution": null,
      "prediction": null,
      "plotSummaryInfoCount": 1,
      "plotSummaryInfo": {
        "classification": "신체운동_건강",
        "readAge": "초등_고학년",
        "form": "short-form",
        "plotSummaryText": "엄마가 몸이 불편해서 병원에 다녀오는 길이라고 해서,유민이가 걱정스럽게 어디가 아프냐고 엄마를 살펴보았다.",
        "textWordEA": 12
      }
    },
    {
      "srcTextID": "103518",
      "srcText": "엄마는 유민이의 거짓말이 습관이 될까 봐 두려웠던 거예요. “엄마가 바라는 건 네가 무슨 일이든 거짓 없이 정직하게 말해 주는 거야.” \"약속할게, 엄마!” 유민이는 다시는 엄마를 실망시키지 않기로 굳게 다짐했어요. 엄마의 얼굴에도 비로소 환한 웃음이 떠올랐어요.",
      "srcPage": 49,
      "srcSentenceEA": 5,
      "srcWordEA": 37,
      "character": "엄마,유민,얼굴",
      "setting": null,
      "action": "습관이 될까,바라는,말해 주는 거야,약속할게,다짐했어요,웃음이 떠올랐어요",
      "feeling": null,
      "causalRelationship": null,
      "outcomeResolution": null,
      "prediction": null,
      "plotSummaryInfoCount": 1,
      "plotSummaryInfo": {
        "classification": "신체운동_건강",
        "readAge": "초등_고학년",
        "form": "long-form",
        "plotSummaryText": "엄마가 바라는 건 거짓 없이 정직하게 말해 주는 것이어서, 유민이가 다시는 실망시키지 않겠다고 약속하자, 엄마의 얼굴에도 비로소 환한 웃음이 떠올랐다.",
        "textWordEA": 20
      }
    },
    {
      "srcTextID": "98750",
      "srcText": "선징악의 참뜻은 ‘선한 것이 결국 이긴다’는 교훈이에요. 우리 전래 소설 중에는 권선징악을 주제로 한 작품을 흔히 볼 수 있어요. 콩쥐팥쥐전, 흥부전, 장화홍련전, 심청전, 춘향전 등이 모두 권선징악의 주제를 담고 있어요.",
      "srcPage": 50,
      "srcSentenceEA": 4,
      "srcWordEA": 33,
      "character": "전래 소설,콩쥐팥쥐전,흥부전,장화홍련전,심청전,춘향전",
      "setting": null,
      "action": "이긴다,주제로 한,볼 수 있어요,담고 있어요",
      "feeling": null,
      "causalRelationship": null,
      "outcomeResolution": null,
      "prediction": null,
      "plotSummaryInfoCount": 1,
      "plotSummaryInfo": {
        "classification": "신체운동_건강",
        "readAge": "초등_고학년",
        "form": "long-form",
        "plotSummaryText": "권선징악의 참뜻은 선한 것이 결국 이긴다는 교훈으로 우리 전래 소설 중에는 권선징악을 주제로 한 작품을 볼 수 있는데 콩쥐팥쥐전, 흥부전, 장화홍련전, 심청전, 춘향전 등이 권선징악의 주제를 담고 있다.",
        "textWordEA": 28
      }
    },
    {
      "srcTextID": "103484",
      "srcText": "‘엄마가 보면 엄청 실망할 텐데.’ 유민이는 아픈 엄마를 기쁘게 해 주지는 못할망정 더 힘들게 하고 싶지 않았어요. 더구나 이번 시험은 엄마도 많이 기대하는 눈치였어요.",
      "srcPage": 15,
      "srcSentenceEA": 3,
      "srcWordEA": 26,
      "character": "엄마,유민",
      "setting": null,
      "action": "기대하는,보면",
      "feeling": null,
      "causalRelationship": null,
      "outcomeResolution": null,
      "prediction": null,
      "plotSummaryInfoCount": 1,
      "plotSummaryInfo": {
        "classification": "신체운동_건강",
        "readAge": "초등_고학년",
        "form": "short-form",
        "plotSummaryText": "엄마가 보면 엄청 실망할 거라고 생각한 유민이는, 엄마를 기쁘게 해 주지는 못할망정 더 힘들게 하고 싶지 않았어요.",
        "textWordEA": 17
      }
    },
    {
      "srcTextID": "98751",
      "srcText": "이런 소설의 공통점은 누가 보더라도 벌을 받아 마땅한 악인이 등장한다는 점이에요. 대개 이 악인들은 천사 같은 주인공을 갖은 방법으로 괴롭히지요. 힘이나 권력을 이용하여 남의 재물을 빼앗거나 온갖 거짓된 행동으로 사람들을 곤경에 빠뜨리기도 해요.",
      "srcPage": 51,
      "srcSentenceEA": 3,
      "srcWordEA": 35,
      "character": "사람들,소설,악인,천사,주인공,재물,남",
      "setting": null,
      "action": "보더라도,벌을 받아,등장한다는,괴롭히지요,이용하여,빼앗거나,곤경에 빠뜨리기도 해요",
      "feeling": null,
      "causalRelationship": null,
      "outcomeResolution": null,
      "prediction": null,
      "plotSummaryInfoCount": 1,
      "plotSummaryInfo": {
        "classification": "신체운동_건강",
        "readAge": "초등_고학년",
        "form": "short-form",
        "plotSummaryText": "이런 소설의 공통점은 벌을 받아 마땅한 악인이 등장한다는 점인데 이 악인들은 천사 같은 주인공을 갖은 방법으로 괴롭히고 힘이나 권력을 이용하여 남의 재물을 빼앗거나 사람들을 곤경에 빠뜨리기도 한다.",
        "textWordEA": 27
      }
    },
    {
      "srcTextID": "103495",
      "srcText": "유민이가 한 일은 아무도 눈치채지 못한 것 같았어요. 엄마도 선생님도 성적표에 대해서는 별다른 말이 없었어요. 그런데 유민이는 이상하게 마음이 편치 않았어요.",
      "srcPage": 23,
      "srcSentenceEA": 3,
      "srcWordEA": 23,
      "character": "유민,엄마,선생님,성적표",
      "setting": null,
      "action": "한,말이 없었어요,눈치채지 못한",
      "feeling": null,
      "causalRelationship": null,
      "outcomeResolution": null,
      "prediction": null,
      "plotSummaryInfoCount": 1,
      "plotSummaryInfo": {
        "classification": "신체운동_건강",
        "readAge": "초등_고학년",
        "form": "short-form",
        "plotSummaryText": "유민이가 한 일은 아무도 눈치채지 못한 것 같았고, 엄마도 선생님도 성적표에 대해서는 별다른 말이 없었는데 유민이는 마음이 편치 않았다.",
        "textWordEA": 19
      }
    },
    {
      "srcTextID": "103511",
      "srcText": "“첫 번째 거짓말은 무조건 제가 잘못했어요.\" \"그리고 두 번째는, 엄마한테 더 좋은 성적표를 갖다 드리고 말할 작정이었어요.” 아빠는 유민이 말을 듣고 표정이 무거워졌어요.",
      "srcPage": 42,
      "srcSentenceEA": 3,
      "srcWordEA": 24,
      "character": "엄마,아빠,성적표",
      "setting": null,
      "action": "잘못했어요,갖다 드리고,말할,듣고",
      "feeling": null,
      "causalRelationship": null,
      "outcomeResolution": null,
      "prediction": null,
      "plotSummaryInfoCount": 1,
      "plotSummaryInfo": {
        "classification": "신체운동_건강",
        "readAge": "초등_고학년",
        "form": "short-form",
        "plotSummaryText": "첫 번째 거짓말은 무조건 잘못했고 두 번째는 엄마한테 더 좋은 성적표를 갖다 드리고 말할 작정이었다고 하자 유민이 말을 들은 아빠는 표정이 무거워졌다.",
        "textWordEA": 22
      }
    },
    {
      "srcTextID": "103513",
      "srcText": "“두 번이나 거짓말한 걸 알면 엄마가 더 실망할까 봐 겁났어요.” 유민이는 야단맞을 각오를 하고 속마음을 다 털어놓았어요. 이야기를 듣고 난 아빠는 한결 부드러운 미소를 띠었어요.",
      "srcPage": 45,
      "srcSentenceEA": 3,
      "srcWordEA": 27,
      "character": "엄마,유민,아빠",
      "setting": null,
      "action": "거짓말한,알면,야단맞을,각오를 하고,털어놓았어요,듣고,미소를 띠었어요",
      "feeling": null,
      "causalRelationship": null,
      "outcomeResolution": null,
      "prediction": null,
      "plotSummaryInfoCount": 1,
      "plotSummaryInfo": {
        "classification": "신체운동_건강",
        "readAge": "초등_고학년",
        "form": "short-form",
        "plotSummaryText": "유민이는 두 번이나 거짓말한 걸 알면 엄마가 더 실망할까 봐 겁이 났다고, 야단맞을 각오를 하고 속마음을 다 털어놓았는데 이야기를 듣고 난 아빠는 한결 부드러운 미소를 띠었다.",
        "textWordEA": 26
      }
    },
    {
      "srcTextID": "98755",
      "srcText": "율곡 이이는 퇴계 이황과 함께 조선 시대를 통틀어 최고의 학자로 손꼽히는 분이에요. 일찍이 임진왜란을 예견하여 십만양병설을 주장하기도 했던 이이는 열세 살 때 과거 시험에 장원 급제하여 신동으로 이름을 떨쳤지요. 뿐만 아니라 일생 동안 과거 시험에서 무려 아홉 번이나 일등으로 뽑혀 ‘구도장원공’ 이란 명예로운 별명도 얻었어요. 이이는 학자로서 훌륭한 업적을 남긴 것 외에도 효자로서도 지금껏 널리 존경받는 대한민국의 위인이랍니다.",
      "srcPage": 53,
      "srcSentenceEA": 5,
      "srcWordEA": 62,
      "character": "율곡 이이,퇴계 이황,신동,위인,학자,구도장원공,효자",
      "setting": "조선 시대,임진왜란,대한민국,열세 살 때",
      "action": "손꼽히는,예견하여,주장하기도 했던,장원 급제하여,떨쳤지요,뽑혀,얻었어요,남긴,존경받는",
      "feeling": null,
      "causalRelationship": null,
      "outcomeResolution": null,
      "prediction": null,
      "plotSummaryInfoCount": 1,
      "plotSummaryInfo": {
        "classification": "신체운동_건강",
        "readAge": "초등_고학년",
        "form": "long-form",
        "plotSummaryText": "율곡 이이는 열세 살 때 과거 시험에 장원 급제하여 신동으로 이름을 떨쳤고, 구도장원공 이란 명예로운 별명도 얻었으며 조선 시대 학자로서 훌륭한 업적을 남긴 것 외에 효자로서도 지금껏 널리 존경받는 대한민국의 위인이다.",
        "textWordEA": 31
      }
    },
    {
      "srcTextID": "103526",
      "srcText": "율곡 이이 선생님의 공부법은 아래의 여섯가지로 정리할 수 있 습니다. 첫번째 ‘입지(뜻을 세우다) 공부법’ 입니다. 실천하고자 하는 목 표가 있으면 그 목표를 이룰 수 있는 분명하고 구체적인 계획을 세워 하나하나씩 실천해 나가는 것입니다.",
      "srcPage": 54,
      "srcSentenceEA": 4,
      "srcWordEA": 36,
      "character": "율곡 이이",
      "setting": null,
      "action": "정리할 수 있 습니다,세우다,목표를 이룰 수 있는,세워,실천해 나가는 것입니다",
      "feeling": null,
      "causalRelationship": null,
      "outcomeResolution": null,
      "prediction": null,
      "plotSummaryInfoCount": 1,
      "plotSummaryInfo": {
        "classification": "신체운동_건강",
        "readAge": "초등_고학년",
        "form": "long-form",
        "plotSummaryText": "율곡 이이 선생님의 공부법 중 첫 번째 입지 공부법은 실천하고자 하는 목표가 있으면 그 목표를 이룰 수 있는 분명하고 구체적인 계획을 세워 하나 하나 씩 실천해 나가는 것입니다.",
        "textWordEA": 28
      }
    },
    {
      "srcTextID": "98749",
      "srcText": "그렇지만 결국 마지막에 행복하게 웃는 사람들은 악인이 아니라 착한 주인공들이랍니다. 그러니 여러분도 항상 착한 일을 하며 살도록 노력하세요. 그래야 마지막에 행복할 수 있으니까요.",
      "srcPage": 52,
      "srcSentenceEA": 3,
      "srcWordEA": 25,
      "character": "주인공,사람들,악인",
      "setting": null,
      "action": "살도록,착한 일을 하며,노력하세요",
      "feeling": null,
      "causalRelationship": "그러니 여러분도 항상 착한 일을 하며 살도록 노력하세요. 그래야 마지막에 행복할 수 있으니까요.",
      "outcomeResolution": null,
      "prediction": null,
      "plotSummaryInfoCount": 1,
      "plotSummaryInfo": {
        "classification": "신체운동_건강",
        "readAge": "초등_고학년",
        "form": "short-form",
        "plotSummaryText": "결국 마지막에 행복하게 웃는 사람들은 악인이 아니라 착한 주인공들이니 여러분도 항상 착한 일을 하며 살도록 노력해야 마지막에 행복할 수 있다.",
        "textWordEA": 20
      }
    },
    {
      "srcTextID": "103524",
      "srcText": "누구나 가능하다, 공부하는 체질로 바꿔라. 세번째 ‘혁구습(잘못된 옛 습관을 버려라) 공부법’ 입니다. 몸에 밴 잘못된 옛 습관을 스스로 깨닫고 하나씩 없애나가는 것입니다. ",
      "srcPage": 56,
      "srcSentenceEA": 4,
      "srcWordEA": 25,
      "character": "몸",
      "setting": null,
      "action": "가능하다,공부하는,바꿔라,버려라,밴,깨닫고,없애나가는 것입니다",
      "feeling": null,
      "causalRelationship": null,
      "outcomeResolution": null,
      "prediction": null,
      "plotSummaryInfoCount": 1,
      "plotSummaryInfo": {
        "classification": "신체운동_건강",
        "readAge": "초등_고학년",
        "form": "long-form",
        "plotSummaryText": "누구나 가능하니 공부하는 체질로 바꿔라이고 세 번째 혁구습 공부법으로 몸에 밴 잘못된 옛 습관을 스스로 깨닫고 하나 씩 없애나가는 것입니다.",
        "textWordEA": 20
      }
    },
    {
      "srcTextID": "103529",
      "srcText": "잘못된 옛 습관을 타파하라. 네번째 ‘구용구사 공부법’ 입니다. 9가지의 바른 몸가짐과 9가지 의 바른 마음가짐을 가져서 기본자세를 확고히 하는 것입니다.",
      "srcPage": 57,
      "srcSentenceEA": 4,
      "srcWordEA": 23,
      "character": "몸가짐",
      "setting": null,
      "action": "가져서,확고히 하는 것입니다,타파하라",
      "feeling": null,
      "causalRelationship": null,
      "outcomeResolution": null,
      "prediction": null,
      "plotSummaryInfoCount": 1,
      "plotSummaryInfo": {
        "classification": "신체운동_건강",
        "readAge": "초등_고학년",
        "form": "long-form",
        "plotSummaryText": "잘못된 옛 습관을 타파하라이고 네 번째 구용구사 공부법으로 9가지의 바른 몸가짐과 9가지 의 바른 마음가짐을 가져서 기본 자세를 확고히 하는 것이다.",
        "textWordEA": 21
      }
    },
    {
      "srcTextID": "103530",
      "srcText": "첫째 발의 모습은 정중하게 하라. 둘째 손의 모습은 공손하게 하라. 셋째 눈의 모습은 단정하게 하라.",
      "srcPage": 61,
      "srcSentenceEA": 3,
      "srcWordEA": 17,
      "character": "발,손,눈",
      "setting": null,
      "action": "정중하게 하라,공손하게 하라,단정하게 하라",
      "feeling": null,
      "causalRelationship": null,
      "outcomeResolution": null,
      "prediction": null,
      "plotSummaryInfoCount": 1,
      "plotSummaryInfo": {
        "classification": "신체운동_건강",
        "readAge": "초등_고학년",
        "form": "short-form",
        "plotSummaryText": "첫째는 발의 모습은 정중하게 하라이고 둘째는 손의 모습은 공손하게 하라이고 셋째 눈의 모습은 단정하게 하라이다.",
        "textWordEA": 15
      }
    },
    {
      "srcTextID": "103523",
      "srcText": "넷째 입의 모습은 멈추게 하라. (함부로 말하지 마라) 다섯째 말소리의 모습은 차분하게 하라. 여섯째 머리의 모습은 곧게 하라.",
      "srcPage": 62,
      "srcSentenceEA": 3,
      "srcWordEA": 20,
      "character": "입,머리",
      "setting": null,
      "action": "멈추게 하라,말하지 마라,차분하게 하라,곧게 하라",
      "feeling": null,
      "causalRelationship": null,
      "outcomeResolution": null,
      "prediction": null,
      "plotSummaryInfoCount": 1,
      "plotSummaryInfo": {
        "classification": "신체운동_건강",
        "readAge": "초등_고학년",
        "form": "short-form",
        "plotSummaryText": "넷째는 입의 모습은 멈추게 하라이고 다섯째는 말소리의 모습은 차분하게 하라이고 여섯째는 머리의 모습은 곧게 하라이다.",
        "textWordEA": 15
      }
    },
    {
      "srcTextID": "103527",
      "srcText": "일곱째 기운의 모습은 엄숙하게 하라. 여덟째 서 있는 모습은 덕성스럽게 하라. 아홉째 얼굴빛의 모습은 굳세게 해야 한다.",
      "srcPage": 63,
      "srcSentenceEA": 3,
      "srcWordEA": 19,
      "character": "얼굴빛",
      "setting": null,
      "action": "엄숙하게 하라,덕성스럽게 하라,서 있는,굳세게 해야 한다",
      "feeling": null,
      "causalRelationship": null,
      "outcomeResolution": null,
      "prediction": null,
      "plotSummaryInfoCount": 1,
      "plotSummaryInfo": {
        "classification": "신체운동_건강",
        "readAge": "초등_고학년",
        "form": "short-form",
        "plotSummaryText": "일곱째는 기운의 모습은 엄숙하게 하라이고 여덟째 서 있는 모습은 덕성스럽게 하라이고 아홉째 얼굴빛의 모습은 굳세게 해야 한다.",
        "textWordEA": 17
      }
    },
    {
      "srcTextID": "103522",
      "srcText": "넷째 용모는 공손하게 할 것을 생각하라. 다섯째 말은 충실하게 할 것을 생각하라. 여섯째 일할 때는 경건하게 할 것을 생각하라.",
      "srcPage": 65,
      "srcSentenceEA": 3,
      "srcWordEA": 21,
      "character": "용모",
      "setting": null,
      "action": "생각하라,공손하게 할,충실하게 할,일할,경건하게 할",
      "feeling": null,
      "causalRelationship": null,
      "outcomeResolution": null,
      "prediction": null,
      "plotSummaryInfoCount": 1,
      "plotSummaryInfo": {
        "classification": "신체운동_건강",
        "readAge": "초등_고학년",
        "form": "short-form",
        "plotSummaryText": "넷째는 용모는 공손하게 할 것을 생각하라 이고 다섯째 말은 충실하게 할 것을 생각하라 이고 여섯째 일할 때는 경건하게 할 것을 생각하라 이다.",
        "textWordEA": 22
      }
    },
    {
      "srcTextID": "103528",
      "srcText": "일곱째 의문이 나면 물을 것을 생각하라. 여덟째 화가 나면 뒤에 야기되는 어려움을 생각하라. 아홉째 이득을 보면 의리를 생각하라.",
      "srcPage": 66,
      "srcSentenceEA": 3,
      "srcWordEA": 20,
      "character": null,
      "setting": null,
      "action": "의문이 나면,물을,생각하라,야기되는,이득을 보면",
      "feeling": "화가 나면",
      "causalRelationship": null,
      "outcomeResolution": null,
      "prediction": null,
      "plotSummaryInfoCount": 1,
      "plotSummaryInfo": {
        "classification": "신체운동_건강",
        "readAge": "초등_고학년",
        "form": "short-form",
        "plotSummaryText": "일곱째는 의문이 나면 물을 것을 생각하라 이고 여덟째 화가 나면 뒤에 야기되는 어려움을 생각하라 이고 아홉째 이득을 보면 의리를 생각하라 이다.",
        "textWordEA": 21
      }
    },
    {
      "srcTextID": "103481",
      "srcText": "다른 때 같으면 게임이라도 좀 하다가 숙제를 했을 텐데 엊그제 거짓말한 게 마음에 걸렸어요. 숙제를 다 끝마치고도 잠이 오지 않았어요. 유민이는 엄마가 아프지 않게 해 달라고 기도했어요.",
      "srcPage": 13,
      "srcSentenceEA": 3,
      "srcWordEA": 29,
      "character": "유민,엄마",
      "setting": "엊그제",
      "action": "하다가,숙제를 했을,거짓말한 게,끝마치고도,잠이 오지 않았어요,기도했어요",
      "feeling": null,
      "causalRelationship": null,
      "outcomeResolution": null,
      "prediction": null,
      "plotSummaryInfoCount": 1,
      "plotSummaryInfo": {
        "classification": "신체운동_건강",
        "readAge": "초등_고학년",
        "form": "short-form",
        "plotSummaryText": "엊그제 거짓말한 게 마음에 걸려 숙제를 다 끝마치고도 잠이 오지 않자, 유민이는 엄마가 아프지 않게 해 달라고 기도했다.",
        "textWordEA": 18
      }
    },
    {
      "srcTextID": "103486",
      "srcText": "오늘은 중간고사 시험 결과가 나오는 날이에요. “큰일 났다!” 유민이는 완전히 맥이 빠지는 기분이었어요. 설마 했는데 성적이 너무 많이 떨어진 거예요.",
      "srcPage": 14,
      "srcSentenceEA": 4,
      "srcWordEA": 22,
      "character": "유민",
      "setting": "오늘",
      "action": "나오는,했는데,떨어진 거예요",
      "feeling": null,
      "causalRelationship": null,
      "outcomeResolution": "설마 했는데 성적이 너무 많이 떨어진 거예요.",
      "prediction": null,
      "plotSummaryInfoCount": 1,
      "plotSummaryInfo": {
        "classification": "신체운동_건강",
        "readAge": "초등_고학년",
        "form": "long-form",
        "plotSummaryText": "오늘은 중간고사 시험 결과가 나오는 날인데 성적이 너무 많이 떨어져서 유민이는 완전히 맥이 빠지는 기분이었다.",
        "textWordEA": 15
      }
    },
    {
      "srcTextID": "103483",
      "srcText": "저녁 식사가 끝난 뒤 엄마가 물었어요. “응, 지금부터 숙제할 거야.” 유민이는 얼른 책상 앞에 앉았어요.",
      "srcPage": 12,
      "srcSentenceEA": 3,
      "srcWordEA": 16,
      "character": "유민,엄마,숙제,책상",
      "setting": "저녁 식사가 끝난 뒤",
      "action": "물었어요,숙제할 거야,앉았어요",
      "feeling": null,
      "causalRelationship": null,
      "outcomeResolution": null,
      "prediction": null,
      "plotSummaryInfoCount": 1,
      "plotSummaryInfo": {
        "classification": "신체운동_건강",
        "readAge": "초등_고학년",
        "form": "short-form",
        "plotSummaryText": "저녁 식사가 끝난 뒤 엄마가 묻자, 숙제할 거라고 말하며 유민이는 얼른 책상 앞에 앉았다.",
        "textWordEA": 14
      }
    },
    {
      "srcTextID": "103490",
      "srcText": "마침 엄마는 세탁실에서 빨래를 널고 있었어요. 유민이는 안방으로 들어가 떨리는 손으로 서랍을 열었어요. 엄마 도장이 담긴 작은 지갑이 보였어요.",
      "srcPage": 18,
      "srcSentenceEA": 3,
      "srcWordEA": 21,
      "character": "엄마,유민,빨래,손,서랍,엄마 도장,지갑",
      "setting": "세탁실,안방",
      "action": "빨래를 널고 있었어요,들어가,떨리는,열었어요,담긴,보였어요",
      "feeling": null,
      "causalRelationship": null,
      "outcomeResolution": null,
      "prediction": null,
      "plotSummaryInfoCount": 1,
      "plotSummaryInfo": {
        "classification": "신체운동_건강",
        "readAge": "초등_고학년",
        "form": "short-form",
        "plotSummaryText": "엄마는 빨래를 널고 있었는데 유민이는 안방으로 들어가 떨리는 손으로 서랍을 열자 엄마 도장이 담긴 작은 지갑이 보였다.",
        "textWordEA": 17
      }
    },
    {
      "srcTextID": "103493",
      "srcText": "엄마 앞에서 전처럼 밝게 웃을 수도 없었어요. 엄마가 유민이를 바라보는 표정도 예전 같지 않았어요. 엄마는 간혹 답답한 듯 깊은 한숨을 내쉬었어요.",
      "srcPage": 24,
      "srcSentenceEA": 3,
      "srcWordEA": 23,
      "character": "엄마,유민",
      "setting": null,
      "action": "웃을 수도 없었어요,바라보는,내쉬었어요",
      "feeling": null,
      "causalRelationship": null,
      "outcomeResolution": null,
      "prediction": null,
      "plotSummaryInfoCount": 1,
      "plotSummaryInfo": {
        "classification": "신체운동_건강",
        "readAge": "초등_고학년",
        "form": "short-form",
        "plotSummaryText": "엄마 앞에서 전처럼 밝게 웃을 수도 없었고 엄마가 유민이를 바라보는 표정도 예전 같지 않았고 간혹 답답한 듯 깊은 한숨을 내쉬었다.",
        "textWordEA": 20
      }
    },
    {
      "srcTextID": "103505",
      "srcText": "양치기 소년은 재미로 시작한 거짓말이 습관이 되었어요. 그러다 나중엔 진실을 말해도 아무도 믿어 주지 않았죠. 유민이는 이러다 양치기 소년처럼 될까 봐 겁이 났어요.",
      "srcPage": 33,
      "srcSentenceEA": 3,
      "srcWordEA": 25,
      "character": "유민,양치기 소년",
      "setting": null,
      "action": "시작한,습관이 되었어요,말해도,믿어 주지 않았죠",
      "feeling": null,
      "causalRelationship": null,
      "outcomeResolution": null,
      "prediction": null,
      "plotSummaryInfoCount": 1,
      "plotSummaryInfo": {
        "classification": "신체운동_건강",
        "readAge": "초등_고학년",
        "form": "short-form",
        "plotSummaryText": "양치기 소년은 재미로 시작한 거짓말이 습관이 되어 나중엔 진실을 말해도 아무도 믿어 주지 않았고, 유민이는 양치기 소년처럼 될까 봐 겁이 났다.",
        "textWordEA": 21
      }
    },
    {
      "srcTextID": "103519",
      "srcText": "엄마는 유민이의 사과를 너그럽게 받아 주었어요. 혼자만의 비밀에 갇혀 있을 땐 그렇게 무거웠던 마음이 어느새 깃털처럼 가벼워졌어요. 유민이는 엄마가 말수를 잃을 만큼 우울해했던 진짜 이유를 알게 되었어요.",
      "srcPage": 48,
      "srcSentenceEA": 3,
      "srcWordEA": 29,
      "character": "엄마,유민,깃털",
      "setting": null,
      "action": "받아 주었어요,갇혀 있을,가벼워졌어요,말수를 잃을,알게 되었어요",
      "feeling": null,
      "causalRelationship": null,
      "outcomeResolution": "유민이는 엄마가 말수를 잃을 만큼 우울해했던 진짜 이유를 알게 되었어요.",
      "prediction": null,
      "plotSummaryInfoCount": 1,
      "plotSummaryInfo": {
        "classification": "신체운동_건강",
        "readAge": "초등_고학년",
        "form": "short-form",
        "plotSummaryText": "엄마는 유민이의 사과를 너그럽게 받아 주었고, 무거웠던 마음이 어느새 깃털처럼 가벼워진 유민이는 엄마가 우울해했던 진짜 이유를 알게 되었다.",
        "textWordEA": 18
      }
    },
    {
      "srcTextID": "103532",
      "srcText": "흔들리지 않는 분명한 뜻을 세워라. 두번째 ‘교기질(기질을 바로잡다) 공부법’ 입니다. 자신의 잠재력 을 믿고 주변에서 강요하지 않아도 스스로 공부해 나가는 것입니다.",
      "srcPage": 55,
      "srcSentenceEA": 4,
      "srcWordEA": 24,
      "character": "자신",
      "setting": null,
      "action": "흔들리지 않는,세워라,바로잡다,믿고,강요하지 않아도,공부해 나가는",
      "feeling": null,
      "causalRelationship": null,
      "outcomeResolution": "흔들리지 않는 분명한 뜻을 세워라.",
      "prediction": null,
      "plotSummaryInfoCount": 1,
      "plotSummaryInfo": {
        "classification": "신체운동_건강",
        "readAge": "초등_고학년",
        "form": "long-form",
        "plotSummaryText": "흔들리지 않는 분명한 뜻을 세워라이고 두번째는 교기질 공부법으로 자신의 잠재력을 믿고 주변에서 강요하지 않아도 스스로 공부해 나가는 것이다.",
        "textWordEA": 18
      }
    },
    {
      "srcTextID": "103489",
      "srcText": "“유민이 간식 뭐 해 줄까?” 엄마가 방문을 열었어요. 유민이는 도저히 엄마 얼굴을 마주 볼 수가 없었어요.",
      "srcPage": 20,
      "srcSentenceEA": 3,
      "srcWordEA": 18,
      "character": "유민,엄마,간식,방문,얼굴",
      "setting": null,
      "action": "해 줄까,열었어요,마주 볼 수가 없었어요",
      "feeling": null,
      "causalRelationship": null,
      "outcomeResolution": null,
      "prediction": null,
      "plotSummaryInfoCount": 1,
      "plotSummaryInfo": {
        "classification": "신체운동_건강",
        "readAge": "초등_고학년",
        "form": "short-form",
        "plotSummaryText": "엄마가 방문을 열고 간식 뭐 해줄까 묻자, 유민이는 도저히 엄마 얼굴을 마주 볼 수가 없었다.",
        "textWordEA": 15
      }
    },
    {
      "srcTextID": "103488",
      "srcText": "“무슨 고민이라도 있니? 뭐가 그렇게 심각해?” “엄마, 아픈 건 괜찮아?” “괜찮고말고! 이제 다 나았어.”",
      "srcPage": 21,
      "srcSentenceEA": 4,
      "srcWordEA": 16,
      "character": "엄마",
      "setting": null,
      "action": "있니,아픈,나았어",
      "feeling": null,
      "causalRelationship": null,
      "outcomeResolution": null,
      "prediction": null,
      "plotSummaryInfoCount": 1,
      "plotSummaryInfo": {
        "classification": "신체운동_건강",
        "readAge": "초등_고학년",
        "form": "long-form",
        "plotSummaryText": "뭐가 그렇게 심각하냐고 고민 있냐고 묻자, 엄마, 아픈 건 괜찮냐고 말했고 엄마는 이제 다 나았다고 헀다.",
        "textWordEA": 16
      }
    },
    {
      "srcTextID": "103500",
      "srcText": "오늘 사회 시간에는 속담 공부를 했어요. “거짓말에 대한 속담과 그 뜻풀이를 알아보도록 하자.” 선생님은 먼저 칠판에 속담 한 가지를 적었어요.",
      "srcPage": 27,
      "srcSentenceEA": 3,
      "srcWordEA": 21,
      "character": "선생님,칠판",
      "setting": "오늘 사회 시간",
      "action": "공부를 했어요,알아보도록 하자,적었어요",
      "feeling": null,
      "causalRelationship": null,
      "outcomeResolution": null,
      "prediction": null,
      "plotSummaryInfoCount": 1,
      "plotSummaryInfo": {
        "classification": "신체운동_건강",
        "readAge": "초등_고학년",
        "form": "short-form",
        "plotSummaryText": "오늘 사회 시간에 속담 공부를 했는데 거짓말에 대한 속담과 그 뜻풀이를 알아보도록 하자고 선생님은 칠판에 속담 한 가지를 적었다.",
        "textWordEA": 19
      }
    },
    {
      "srcTextID": "103499",
      "srcText": "마치 선생님이 자신을 향해 하는 말 같았거든요. “거짓말이 나쁜 건 새끼를 치기 때문이야.” 선생님의 설명을 듣고 한 아이가 질문을 했어요.",
      "srcPage": 29,
      "srcSentenceEA": 3,
      "srcWordEA": 21,
      "character": "선생님,아이",
      "setting": null,
      "action": "하는,새끼를 치기,듣고,질문을 했어요",
      "feeling": null,
      "causalRelationship": "거짓말이 나쁜 건 새끼를 치기 때문이야.",
      "outcomeResolution": null,
      "prediction": null,
      "plotSummaryInfoCount": 1,
      "plotSummaryInfo": {
        "classification": "신체운동_건강",
        "readAge": "초등_고학년",
        "form": "short-form",
        "plotSummaryText": "생님이 자신을 향해 하는 말 같았고 거짓말이 나쁜 건 새끼를 치기 때문이라는 선생님의 설명을 듣고 한 아이가 질문을 했다.",
        "textWordEA": 19
      }
    },
    {
      "srcTextID": "103492",
      "srcText": "그 모습이 왠지 많이 슬퍼 보였어요. “유민아, 엄마가 널 얼마나 사랑하는지 알지?” 하루는 뜬금없이 이런 말을 하기도 했어요.",
      "srcPage": 25,
      "srcSentenceEA": 3,
      "srcWordEA": 19,
      "character": "유민,엄마",
      "setting": null,
      "action": "사랑하는지,알지,말을 하기도 했어요",
      "feeling": null,
      "causalRelationship": null,
      "outcomeResolution": null,
      "prediction": null,
      "plotSummaryInfoCount": 1,
      "plotSummaryInfo": {
        "classification": "신체운동_건강",
        "readAge": "초등_고학년",
        "form": "short-form",
        "plotSummaryText": "유민이는 그 모습이 왠지 많이 슬퍼 보였는데, 하루는 엄마가 널 얼마나 사랑하는지 알지라는 말을 하기도 했다.",
        "textWordEA": 16
      }
    },
    {
      "srcTextID": "103496",
      "srcText": "유민이는 이제 엄마가 잔소리를 하지 않아도 숙제를 알아서 척척 하곤 했어요. 그런데 엄마는 왜 아무 말도 하지 않는 걸까요?  비밀을 가진다는 게 이렇게 힘든 일이 될 줄은 유민이도 몰랐어요.",
      "srcPage": 26,
      "srcSentenceEA": 3,
      "srcWordEA": 32,
      "character": "유민,엄마",
      "setting": null,
      "action": "잔소리를 하지 않아도,알아서 척척 하곤 했어요,말도 하지 않는,가진다는,몰랐어요",
      "feeling": null,
      "causalRelationship": null,
      "outcomeResolution": null,
      "prediction": null,
      "plotSummaryInfoCount": 1,
      "plotSummaryInfo": {
        "classification": "신체운동_건강",
        "readAge": "초등_고학년",
        "form": "short-form",
        "plotSummaryText": "유민이는 엄마가 잔소리를 하지 않아도 숙제를 알아서 척척 하곤 했는데 엄마는 왜 아무 말도 하지 않는 건지 생각하며 비밀을 가진다는 게 이렇게 힘든 일이 될 줄은 몰랐다.",
        "textWordEA": 27
      }
    },
    {
      "srcTextID": "103487",
      "srcText": "일단 아빠한테라도 솔직하게 말하려고 했지만 하필 출장 중이었어요. 엄마는 성적표가 나온 사실을 모르고 있었어요. 속으로 끙끙 앓던 유민이는 결국 해서는 안 될 행동을 하고 말았어요.",
      "srcPage": 17,
      "srcSentenceEA": 3,
      "srcWordEA": 27,
      "character": "유민,아빠,성적표",
      "setting": null,
      "action": "말하려고 했지만,출장 중이었어요,나온,모르고 있었어요,앓던,행동을 하고 말았어요",
      "feeling": null,
      "causalRelationship": null,
      "outcomeResolution": null,
      "prediction": null,
      "plotSummaryInfoCount": 1,
      "plotSummaryInfo": {
        "classification": "신체운동_건강",
        "readAge": "초등_고학년",
        "form": "short-form",
        "plotSummaryText": "엄마는 성적표가 나온 사실을 모르고 있었는데 끙끙 앓던 유민이는 결국 해서는 안 될 행동을 하고 말았다.",
        "textWordEA": 16
      }
    },
    {
      "srcTextID": "103491",
      "srcText": "성적표에 도장을 찍고 나오는데 심장이 마구 뛰었어요. 안방에서 거실을 건너 방에 들어오기까지 숨도 제대로 못 쉴 지경이었어요. 다행히 들키지는 않았어요.",
      "srcPage": 19,
      "srcSentenceEA": 3,
      "srcWordEA": 22,
      "character": "성적표,도장,심장",
      "setting": "안방,거실",
      "action": "찍고 나오는데,뛰었어요,건너,들어오기까지,들키지는 않았어요",
      "feeling": null,
      "causalRelationship": null,
      "outcomeResolution": null,
      "prediction": null,
      "plotSummaryInfoCount": 1,
      "plotSummaryInfo": {
        "classification": "신체운동_건강",
        "readAge": "초등_고학년",
        "form": "short-form",
        "plotSummaryText": "성적표에 도장을 찍고 나오는데 심장이 마구 뛰어 숨도 제대로 못 쉴 지경인데 다행히 들키지는 않았다.",
        "textWordEA": 15
      }
    },
    {
      "srcTextID": "103494",
      "srcText": "엄마는 유민이를 바라보며 다정한 미소를 지었어요. 유민이는 지금이라도 모든 걸 털어놓고 용서를 빌고 싶었지만 차마 용기가 나지 않았어요. 그 뒤로 일주일이 지났어요.",
      "srcPage": 22,
      "srcSentenceEA": 3,
      "srcWordEA": 24,
      "character": "엄마,유민",
      "setting": null,
      "action": "바라보며,미소를 지었어요,털어놓고,지났어요",
      "feeling": null,
      "causalRelationship": null,
      "outcomeResolution": null,
      "prediction": null,
      "plotSummaryInfoCount": 1,
      "plotSummaryInfo": {
        "classification": "신체운동_건강",
        "readAge": "초등_고학년",
        "form": "short-form",
        "plotSummaryText": " 유민이를 바라보는 엄마의 다정한 미소에 유민이는 모든 걸 털어놓고 용서를 빌고 싶었지만, 용기가 나지 않았고 그 뒤로 일주일이 지났다.",
        "textWordEA": 19
      }
    },
    {
      "srcTextID": "103504",
      "srcText": "선생님은 유민이가 교무실로 들어서자 친절하게 물었어요. “왜, 무슨 할 말이 있니?” 유민이는 지난번 숙제 때문에 거짓말한 사실을 고백했어요.",
      "srcPage": 34,
      "srcSentenceEA": 3,
      "srcWordEA": 19,
      "character": "선생님,유민,교무실",
      "setting": null,
      "action": "물었어요,들어서자,말이 있니,거짓말한,고백했어요",
      "feeling": null,
      "causalRelationship": "유민이는 지난번 숙제 때문에 거짓말한 사실을 고백했어요.",
      "outcomeResolution": null,
      "prediction": null,
      "plotSummaryInfoCount": 1,
      "plotSummaryInfo": {
        "classification": "신체운동_건강",
        "readAge": "초등_고학년",
        "form": "short-form",
        "plotSummaryText": " 유민이가 교무실로 들어서자 선생님이 무슨 할 말 있냐고 물었는데, 유민이는 지난번 숙제 때문에 거짓말한 사실을 고백했다.",
        "textWordEA": 16
      }
    },
    {
      "srcTextID": "103512",
      "srcText": "유민이는 순간 속이 뜨끔했어요. 아빠는 모든 걸 다 알고 있는 듯했어요. “그게, 저, 사실은요.” 유민이는 두 번의 거짓말에 대해 변명을 늘어놓았어요.",
      "srcPage": 41,
      "srcSentenceEA": 4,
      "srcWordEA": 23,
      "character": "유민,아빠",
      "setting": null,
      "action": "알고 있는,변명을 늘어놓았어요",
      "feeling": null,
      "causalRelationship": null,
      "outcomeResolution": null,
      "prediction": null,
      "plotSummaryInfoCount": 1,
      "plotSummaryInfo": {
        "classification": "신체운동_건강",
        "readAge": "초등_고학년",
        "form": "long-form",
        "plotSummaryText": "유민이는 순간 속이 뜨끔했고 아빠는 모든 걸 다 알고 있는 듯해서 유민이는 두 번의 거짓말에 대해 변명을 늘어놓았다.",
        "textWordEA": 18
      }
    },
    {
      "srcTextID": "103525",
      "srcText": "옛 습관의 자리를 수신으로 채워라. 다섯째 ‘일목십행 공부법’ 입니다. 늘 책을 곁에 두고 시간 날 때 마다 책을 읽습니다.",
      "srcPage": 58,
      "srcSentenceEA": 4,
      "srcWordEA": 22,
      "character": "책",
      "setting": null,
      "action": "곁에 두고,읽습니다,채워라",
      "feeling": null,
      "causalRelationship": null,
      "outcomeResolution": null,
      "prediction": null,
      "plotSummaryInfoCount": 1,
      "plotSummaryInfo": {
        "classification": "신체운동_건강",
        "readAge": "초등_고학년",
        "form": "long-form",
        "plotSummaryText": "옛 습관의 자리를 수신으로 채워라이고 다섯째는 일목십행 공부법으로 늘 책을 곁에 두고 시간 날 때 마다 책을 읽습니다.",
        "textWordEA": 18
      }
    },
    {
      "srcTextID": "103521",
      "srcText": "그러면 공부의 가치를 더해갈 수 있기 때문 입니다. 독서는 결코 배신하지 않는다. 여섯째 ‘택우문답 공부법’ 입니다.",
      "srcPage": 59,
      "srcSentenceEA": 4,
      "srcWordEA": 19,
      "character": null,
      "setting": null,
      "action": "더해갈 수 있기,배신하지 않는다",
      "feeling": null,
      "causalRelationship": null,
      "outcomeResolution": "독서는 결코 배신하지 않는다.",
      "prediction": null,
      "plotSummaryInfoCount": 1,
      "plotSummaryInfo": {
        "classification": "신체운동_건강",
        "readAge": "초등_고학년",
        "form": "long-form",
        "plotSummaryText": "그러면 공부의 가치를 더해갈 수 있기 때문으로 독서는 결코 배신하지 않으며 여섯째는 택우문답 공부법 입니다.",
        "textWordEA": 15
      }
    },
    {
      "srcTextID": "103531",
      "srcText": "함께 공부하는 벗들과 학문적 인 교류를 지속하면서 자신의 부족함을 깨닫고 보완해 공부를 더욱 숙성시키는 것입니다. 벗과 함께 논쟁하며 일취월장하라. 구용은 다음과 같다.",
      "srcPage": 60,
      "srcSentenceEA": 3,
      "srcWordEA": 24,
      "character": "벗들",
      "setting": null,
      "action": "지속하면서,부족함을 깨닫고,숙성시키는,논쟁하며,일취월장하라",
      "feeling": null,
      "causalRelationship": null,
      "outcomeResolution": "벗과 함께 논쟁하며 일취월장하라.",
      "prediction": null,
      "plotSummaryInfoCount": 1,
      "plotSummaryInfo": {
        "classification": "신체운동_건강",
        "readAge": "초등_고학년",
        "form": "short-form",
        "plotSummaryText": "함께 공부하는 벗들과 학문적인 교류를 지속하면서 자신의 부족함을 깨닫고 보완해 공부를 더욱 숙성 시키는 것이고 벗과 함께 논쟁하며 일취월장하라이고 구용은 다음과 같다.",
        "textWordEA": 22
      }
    },
    {
      "srcTextID": "103485",
      "srcText": "성적표를 다 나눠 준 다음, 선생님이 말했어요. “다음 주 월요일까지 부모님 도장이나 사인 받아 오너라.” 유민이는 땅이 꺼져라 한숨을 내쉬었어요.",
      "srcPage": 16,
      "srcSentenceEA": 3,
      "srcWordEA": 21,
      "character": "선생님,유민,부모님 도장,땅,성적표",
      "setting": "다음 주 월요일",
      "action": "나눠 준,말했어요,사인 받아 오너라,내쉬었어요",
      "feeling": null,
      "causalRelationship": null,
      "outcomeResolution": null,
      "prediction": null,
      "plotSummaryInfoCount": 1,
      "plotSummaryInfo": {
        "classification": "신체운동_건강",
        "readAge": "초등_고학년",
        "form": "short-form",
        "plotSummaryText": "성적표를 나눠주고 다음 주 월요일까지 부모님 도장이나 사인받아 오라고 선생님이 말하자,  유민이는 땅이 꺼져라 한숨을 내쉬었다.",
        "textWordEA": 17
      }
    },
    {
      "srcTextID": "103520",
      "srcText": "구사는 다음과 같다. 첫째 볼 때는 밝게 볼 것을 생각하라. 둘째 들을 때는 귀 밝게 들을 것을 생각하라. 셋째 얼굴빛은 온화하게 할 것을 생각하라.",
      "srcPage": 64,
      "srcSentenceEA": 4,
      "srcWordEA": 27,
      "character": "귀,얼굴빛",
      "setting": null,
      "action": "볼,생각하라,들을",
      "feeling": null,
      "causalRelationship": null,
      "outcomeResolution": null,
      "prediction": null,
      "plotSummaryInfoCount": 1,
      "plotSummaryInfo": {
        "classification": "신체운동_건강",
        "readAge": "초등_고학년",
        "form": "long-form",
        "plotSummaryText": "구사는 다음과 같은데 첫째는 볼 때는 밝게 볼 것을 생각하라 이고 둘째 들을 때는 귀 밝게 들을 것을 생각하라 이고 셋째 얼굴빛은 온화하게 할 것을 생각하라 이다.",
        "textWordEA": 27
      }
    },
    {
      "srcTextID": "103498",
      "srcText": "거짓말은 십 리를 못 간다. “일시적으로 남을 속일 수는 있어도 오랫동안 속이지는 못한다는 뜻이지.” 유민이는 괜히 얼굴이 화끈거렸어요.",
      "srcPage": 28,
      "srcSentenceEA": 3,
      "srcWordEA": 19,
      "character": "유민,남,얼굴",
      "setting": null,
      "action": "못 간다,속일 수는",
      "feeling": null,
      "causalRelationship": null,
      "outcomeResolution": null,
      "prediction": null,
      "plotSummaryInfoCount": 1,
      "plotSummaryInfo": {
        "classification": "신체운동_건강",
        "readAge": "초등_고학년",
        "form": "short-form",
        "plotSummaryText": "거짓말은 십 리를 못 간다는 말은 일시적으로 남을 속일 수는 있어도 오랫동안 속이지는 못한다는 뜻이라고 하자 유민이는 얼굴이 화끈거렸다.",
        "textWordEA": 19
      }
    },
    {
      "srcTextID": "103497",
      "srcText": "“새끼를 치는 게 뭔데요?” “하나의 거짓말을 숨기려고 또 다른 말을 꾸며 대는 거지.” “그런데 이미 거짓말을 해 버렸으면 어떡해요?”",
      "srcPage": 30,
      "srcSentenceEA": 3,
      "srcWordEA": 19,
      "character": "새끼",
      "setting": null,
      "action": "새끼를 치는,숨기려고,꾸며 대는 거지,거짓말을 해 버렸으면",
      "feeling": null,
      "causalRelationship": null,
      "outcomeResolution": null,
      "prediction": "그런데 이미 거짓말을 해 버렸으면 어떡해요?",
      "plotSummaryInfoCount": 1,
      "plotSummaryInfo": {
        "classification": "신체운동_건강",
        "readAge": "초등_고학년",
        "form": "short-form",
        "plotSummaryText": "새끼를 치는 게 뭐냐고 묻자 하나의 거짓말을 숨기려고 또 다른 말을 꾸며 대는 거라고 하자 이미 거짓말을 해 버렸으면 어떡하냐고 물었다.",
        "textWordEA": 21
      }
    },
    {
      "srcTextID": "103503",
      "srcText": "선생님은 빙그레 웃으면서 이렇게 말했어요. “잘못을 바로잡을 수 있는 유일한 방법은 진심으로 사과하는 거야.” 유민이는 수업이 모두 끝난 뒤 교무실로 갔어요.",
      "srcPage": 31,
      "srcSentenceEA": 3,
      "srcWordEA": 22,
      "character": "선생님,유민",
      "setting": "교무실",
      "action": "웃으면서,말했어요,바로잡을 수 있는,사과하는 거야,끝난,갔어요",
      "feeling": null,
      "causalRelationship": null,
      "outcomeResolution": null,
      "prediction": null,
      "plotSummaryInfoCount": 1,
      "plotSummaryInfo": {
        "classification": "신체운동_건강",
        "readAge": "초등_고학년",
        "form": "short-form",
        "plotSummaryText": "선생님은 웃으면서 잘못을 바로잡을 수 있는 유일한 방법은 진심으로 사과하는 거라고 하자 유민이는 수업이 끝난 뒤 교무실로 갔다.",
        "textWordEA": 18
      }
    },
    {
      "srcTextID": "103502",
      "srcText": "선생님은 거짓말이 무서운 습관이 될 수도 있다고 했어요. “사소한 거짓말이 반복되다 보면 자기도 모르는 사이 나쁜 버릇이 들게 되는 거야.” 유민이는 문득 양치기 소년 이야기를 떠올렸어요.",
      "srcPage": 32,
      "srcSentenceEA": 3,
      "srcWordEA": 27,
      "character": "선생님,유민,양치기 소년",
      "setting": null,
      "action": "될 수도 있다고,반복되다 보면,모르는,들게 되는 거야,떠올렸어요",
      "feeling": null,
      "causalRelationship": null,
      "outcomeResolution": null,
      "prediction": null,
      "plotSummaryInfoCount": 1,
      "plotSummaryInfo": {
        "classification": "신체운동_건강",
        "readAge": "초등_고학년",
        "form": "short-form",
        "plotSummaryText": "선생님은 사소한 거짓말이 반복되다 보면 자기도 모르는 사이 나쁜 버릇이 들게 되고, 거짓말이 무서운 습관이 될 수도 있다고 하자, 유민이는 문득 양치기 소년 이야기를 떠올렸다.",
        "textWordEA": 25
      }
    },
    {
      "srcTextID": "103501",
      "srcText": "“잘못했어요, 선생님.” “늦게나마 용기를 냈으니 칭찬해 주고 싶구나. 선생님도 얼마 전에 우연히 너희 어머니를 만났을 때 대강 눈치를 챘단다.” 선생님은 너무나 뜻밖의 말을 했어요. 엄마도 유민이의 거짓말을 알고 있을지 모른다는 거예요.",
      "srcPage": 35,
      "srcSentenceEA": 5,
      "srcWordEA": 34,
      "character": "선생님,어머니,유민",
      "setting": null,
      "action": "잘못했어요,만났을 때,말을 했어요,알고 있을지 모른다는,눈치를 챘단다",
      "feeling": null,
      "causalRelationship": null,
      "outcomeResolution": null,
      "prediction": null,
      "plotSummaryInfoCount": 1,
      "plotSummaryInfo": {
        "classification": "신체운동_건강",
        "readAge": "초등_고학년",
        "form": "long-form",
        "plotSummaryText": "잘못했다고 하자 늦게나마 용기를 냈으니 칭찬해 주고 싶다면서 얼마 전에 너희 어머니를 만났을 때 눈치를 챘다고 선생님은 너무나 뜻밖의 말을 했는데, 엄마도 유민이의 거짓말을 알고 있을지 모른다는 거였다.",
        "textWordEA": 28
      }
    },
    {
      "srcTextID": "103506",
      "srcText": "“선생님은 네가 숙제도 못 할 만큼 아팠다는 게 생각나서 몇 마디 했던 건데, 어머니가 무척 당황하시더구나.” 선생님은 엄마에게도 먼저 고백하라고 넌지시 권했어요. 엄마는 오늘도 별로 기분이 좋아 보이지 않았어요.",
      "srcPage": 36,
      "srcSentenceEA": 3,
      "srcWordEA": 31,
      "character": "선생님,어머니",
      "setting": "오늘",
      "action": "못 할,생각나서,했던 건데,고백하라고,권했어요",
      "feeling": null,
      "causalRelationship": null,
      "outcomeResolution": null,
      "prediction": null,
      "plotSummaryInfoCount": 1,
      "plotSummaryInfo": {
        "classification": "신체운동_건강",
        "readAge": "초등_고학년",
        "form": "short-form",
        "plotSummaryText": "선생님은 네가 숙제도 못 할 만큼 아팠다는 게 생각나서 말했는데, 어머니가 당황하셨다고 하면서 엄마에게도 먼저 고백하라고 권했어요.",
        "textWordEA": 17
      }
    },
    {
      "srcTextID": "103508",
      "srcText": "유민이는 숙제를 하는 척하면서 머리를 굴렸어요. ‘지금 말하는 게 좋을까? 아니면 좀 이따가 하는 게 좋을까? 엄마가 먼저 말을 걸어 주면 좋을 텐데.’ 유민이는 저녁 식사 시간 내내 엄마 눈치를 살폈어요.",
      "srcPage": 37,
      "srcSentenceEA": 5,
      "srcWordEA": 35,
      "character": "유민,머리,엄마",
      "setting": null,
      "action": "숙제를 하는,굴렸어요,말하는,말을 걸어 주면,눈치를 살폈어요",
      "feeling": null,
      "causalRelationship": null,
      "outcomeResolution": null,
      "prediction": null,
      "plotSummaryInfoCount": 1,
      "plotSummaryInfo": {
        "classification": "신체운동_건강",
        "readAge": "초등_고학년",
        "form": "long-form",
        "plotSummaryText": "유민이는 지금 말하는 게 좋을지 아니면 이따가 하는 게 좋을지 엄마가 먼저 말을 걸어 주면 좋겠다고 유민이는 저녁 식사 시간 내내 엄마 눈치를 살폈다.",
        "textWordEA": 24
      }
    },
    {
      "srcTextID": "103507",
      "srcText": "그런데 아무래도 고백할 분위기가 아니었어요. 어쩌면 가만히 있으면 조용히 지나갈 일을 괜히 들춰내서 야단맞을 구실을 만들고 싶지 않았던 건지도 몰라요. ‘긁어 부스럼 만든다는 속담도 있잖아. 나만 입 다물고 있으면 돼!’ 유민이는 결국 고백할 기회를 놓쳐 버렸어요.",
      "srcPage": 38,
      "srcSentenceEA": 5,
      "srcWordEA": 40,
      "character": "유민,나,입",
      "setting": null,
      "action": "가만히 있으면,지나갈,들춰내서,야단맞을,만든다는,입 다물고 있으면,고백할,놓쳐 버렸어요",
      "feeling": null,
      "causalRelationship": null,
      "outcomeResolution": null,
      "prediction": null,
      "plotSummaryInfoCount": 1,
      "plotSummaryInfo": {
        "classification": "신체운동_건강",
        "readAge": "초등_고학년",
        "form": "long-form",
        "plotSummaryText": "고백할 분위기가 아니어서 긁어 부스럼 만든다는 속담도 있다고 나만 입 다물고 있으면 된다고 생각한 유민이는 결국 고백할 기회를 놓쳐 버렸다.",
        "textWordEA": 20
      }
    },
    {
      "srcTextID": "103510",
      "srcText": "“유민아, 오늘은 아빠랑 같이 나가자.” 웬일인지 아빠가 학교까지 태워다 준다고 했어요. 유민이는 신이 나서 아빠 차에 올라탔어요.",
      "srcPage": 39,
      "srcSentenceEA": 3,
      "srcWordEA": 19,
      "character": "유민,아빠,차",
      "setting": "학교,오늘",
      "action": "나가자,태워다 준다고,올라탔어요",
      "feeling": null,
      "causalRelationship": null,
      "outcomeResolution": null,
      "prediction": null,
      "plotSummaryInfoCount": 1,
      "plotSummaryInfo": {
        "classification": "신체운동_건강",
        "readAge": "초등_고학년",
        "form": "short-form",
        "plotSummaryText": "오늘은 웬일인지 아빠가 학교까지 태워다 준다고 해서 유민이는 신이 나서 아빠 차에 올라탔다.",
        "textWordEA": 13
      }
    },
    {
      "srcTextID": "103509",
      "srcText": "“요즘 뭐 별다른 일은 없니?” “별다른 일이요?” 아빠는 의미심장한 얼굴로 유민이를 보았어요. “유민이가 아빠한테 할 말이 많을 것 같은데?”",
      "srcPage": 40,
      "srcSentenceEA": 4,
      "srcWordEA": 20,
      "character": "아빠,유민,얼굴",
      "setting": null,
      "action": "보았어요,할",
      "feeling": null,
      "causalRelationship": null,
      "outcomeResolution": null,
      "prediction": null,
      "plotSummaryInfoCount": 1,
      "plotSummaryInfo": {
        "classification": "신체운동_건강",
        "readAge": "초등_고학년",
        "form": "long-form",
        "plotSummaryText": "아빠는 의미심장한 얼굴로 유민이를 보면서 유민이가 아빠한테 할 말이 많을 것 같다고 했다.",
        "textWordEA": 13
      }
    },
    {
      "srcTextID": "103515",
      "srcText": "“아빠 생각엔 두 번째가 더 나빠.\" \"좋은 뜻에서 하는 거짓말이라고 용서가 되는 건 아니야.\" \"또 그 거짓말이 상대방에게 상처가 되었다면 뜻이 좋아도 아무런 의미가 없지 않겠니?”",
      "srcPage": 43,
      "srcSentenceEA": 3,
      "srcWordEA": 26,
      "character": "아빠",
      "setting": null,
      "action": "하는,용서가 되는 건 아니야,되었다면",
      "feeling": null,
      "causalRelationship": null,
      "outcomeResolution": null,
      "prediction": null,
      "plotSummaryInfoCount": 1,
      "plotSummaryInfo": {
        "classification": "신체운동_건강",
        "readAge": "초등_고학년",
        "form": "short-form",
        "plotSummaryText": "아빠는 좋은 뜻에서 하는 거짓말이라고 용서가 되는 건 아니고, 또 그 거짓말이 상대방에게 상처가 되었다면 뜻이 좋아도 아무런 의미가 없지 않겠냐고 했다.",
        "textWordEA": 22
      }
    },
    {
      "srcTextID": "103516",
      "srcText": "아빠는 안타까운 눈길로 유민이를 바라보았어요. “넌 엄마를 걱정하는 마음에서 그랬겠지만 방법(方法)이 옳지 못했다는 건 알고 있지?” “네.” “그럼 왜 이제껏 아무 말도 안 했던 거야?”",
      "srcPage": 44,
      "srcSentenceEA": 3,
      "srcWordEA": 25,
      "character": "아빠,유민,엄마",
      "setting": null,
      "action": "바라보았어요,그랬겠지만,알고 있지,아무 말도 안 했던 거야",
      "feeling": null,
      "causalRelationship": null,
      "outcomeResolution": null,
      "prediction": "그럼 왜 이제껏 아무 말도 안 했던 거야?",
      "plotSummaryInfoCount": 1,
      "plotSummaryInfo": {
        "classification": "신체운동_건강",
        "readAge": "초등_고학년",
        "form": "short-form",
        "plotSummaryText": "아빠는 안타까운 눈길로 유민이를 바라보며 엄마를 걱정하는 마음에서 그랬겠지만 방법(方法)이 옳지 못했다는 건 알고 있냐고 물었다.",
        "textWordEA": 16
      }
    },
    {
      "srcTextID": "103514",
      "srcText": "“솔직하게 말해 줘서 고맙구나. 그런데 엄마도 아빠랑 같은 심정 아닐까?” 유민이는 그제야 아빠가 학교까지 태워 준 이유를 알 것 같았어요. 아빠는 유민이가 이 상황을 잘 풀어 가기를 바랐던 거예요.",
      "srcPage": 46,
      "srcSentenceEA": 4,
      "srcWordEA": 32,
      "character": "엄마,아빠,유민",
      "setting": "학교",
      "action": "말해 줘서,태워 준,알,풀어 가기를,바랐던 거예요",
      "feeling": null,
      "causalRelationship": "유민이는 그제야 아빠가 학교까지 태워 준 이유를 알 것 같았어요. 아빠는 유민이가 이 상황을 잘 풀어 가기를 바랐던 거예요.",
      "outcomeResolution": null,
      "prediction": null,
      "plotSummaryInfoCount": 1,
      "plotSummaryInfo": {
        "classification": "신체운동_건강",
        "readAge": "초등_고학년",
        "form": "long-form",
        "plotSummaryText": "아빠는 솔직하게 말해줘서 고맙다면서 엄마도 아빠랑 같은 심정일 거라고 했고,  유민이가 이 상황을 잘 풀어 가기를 바랐던 아빠가 학교까지 태워 준 이유를 알 것 같았다.",
        "textWordEA": 26
      }
    },
    {
      "srcTextID": "103517",
      "srcText": "그날 저녁, 유민이는 엄마와 많은 이야기를 나누었어요. “엄마는 오늘이 오기를 기다리고 있었단다.\" \"잘못을 인정하고 나면 똑같은 실수를 하지 않게 되기 때문이야.\" \"이젠 안심이 되는구나!”",
      "srcPage": 47,
      "srcSentenceEA": 4,
      "srcWordEA": 24,
      "character": "유민,엄마",
      "setting": "그날 저녁",
      "action": "이야기를 나누었어요,기다리고 있었단다,인정하고,실수를 하지 않게 되기",
      "feeling": null,
      "causalRelationship": "잘못을 인정하고 나면 똑같은 실수를 하지 않게 되기 때문이야.",
      "outcomeResolution": null,
      "prediction": null,
      "plotSummaryInfoCount": 1,
      "plotSummaryInfo": {
        "classification": "신체운동_건강",
        "readAge": "초등_고학년",
        "form": "long-form",
        "plotSummaryText": "그날 저녁, 유민이는 엄마와 많은 이야기를 나누었는데 엄마는 잘못을 인정하고 나면 똑같은 실수를 하지 않게 되기 때문이라며 이젠 안심이 된다고 했다.",
        "textWordEA": 21
      }
    }
  ]
}