{
  "title": "건강한 게 행복한 거야",
  "author": "신현승",
  "illustrator": "한국출판일러스트회",
  "isbn": "9791157024636",
  "publishedYear": 2015,
  "publisher": "황우",
  "paragraphInfoCount": 47,
  "paragraphInfo": [
    {
      "srcTextID": "107614",
      "srcText": "\"승현이가 이번에 새로운 게임 시디를 샀대. 같이 가자. 아, 태워 주고 싶어도 내 자전거는 일인용이라 안 돼. 넌 그냥 뒤에서 뛰어와.\" 영준이 말에 민재는 기분이 상했어요. 그래도 억지로 미소를 지으며 말했어요.",
      "srcPage": 16,
      "srcSentenceEA": 6,
      "srcWordEA": 36,
      "character": "승현이,게임 시디,자전거,영준이,민재",
      "setting": null,
      "action": "샀대,가자,태워 주고,뛰어와,말했어요",
      "feeling": "기분이 상했어요",
      "causalRelationship": null,
      "outcomeResolution": null,
      "prediction": null,
      "plotSummaryInfoCount": 1,
      "plotSummaryInfo": {
        "classification": "신체운동_건강",
        "readAge": "초등_고학년",
        "form": "long-form",
        "plotSummaryText": "태워 주고 싶어도 내 자전거는 일인용이라 넌  뛰어오라는 영준이 말에 민재는 기분이 상했지만 억지로 미소를 지으며 말했어요.",
        "textWordEA": 18
      }
    },
    {
      "srcTextID": "107615",
      "srcText": "\"어, 나는 학원에 가야 해. 승현이네는 나중에 갈게.\" \"그래? 그러면 다음에 봐.\" 영준이는 그렇게 말하고는 자전거를 타고 쌩 달려갔어요.",
      "srcPage": 17,
      "srcSentenceEA": 4,
      "srcWordEA": 22,
      "character": "승현이,영준이,자전거",
      "setting": "학원",
      "action": "갈게,말하고는,타고,달려갔어요,가야 해",
      "feeling": null,
      "causalRelationship": null,
      "outcomeResolution": null,
      "prediction": null,
      "plotSummaryInfoCount": 1,
      "plotSummaryInfo": {
        "classification": "신체운동_건강",
        "readAge": "초등_고학년",
        "form": "long-form",
        "plotSummaryText": "나는 학원에 가야 되서 나중에 간다고 말하니 영준이는 그러면 다음에 보자고 자전거를 타고 쌩 달려갔어요.",
        "textWordEA": 15
      }
    },
    {
      "srcTextID": "104154",
      "srcText": "멀어지는 영준이의 뒷모습을 보며 민재는 중얼거렸어요. \"쳇, 잘난 척은.\" 민재는 다시 놀이터로 돌아와 그네에 앉았어요.",
      "srcPage": 18,
      "srcSentenceEA": 3,
      "srcWordEA": 16,
      "character": "영준이,민재,그네",
      "setting": "놀이터",
      "action": "보며,중얼거렸어요,돌아와,앉았어요",
      "feeling": null,
      "causalRelationship": null,
      "outcomeResolution": null,
      "prediction": null,
      "plotSummaryInfoCount": 1,
      "plotSummaryInfo": {
        "classification": "신체운동_건강",
        "readAge": "초등_고학년",
        "form": "short-form",
        "plotSummaryText": "멀어지는 영준이를 보며 민재는 잘난 척한다면서 다시 놀이터로 돌아와 그네에 앉았어요.",
        "textWordEA": 11
      }
    },
    {
      "srcTextID": "104153",
      "srcText": "그네가 공중으로 붕 떠올랐어요. 그때였어요. \"민재 오빠!\" 민희 목소리에 민재는 깜짝 놀라 뒤를 돌아봤어요. 그 바람에 중심이 흔들리면서 그네가 출렁거렸어요. \"어, 어!\" 민재는 중심을 잡으려고 했지만 그만 그네에서 뚝 떨어지고 말았어요. \"으윽.\"",
      "srcPage": 20,
      "srcSentenceEA": 7,
      "srcWordEA": 36,
      "character": "그네,민재,오빠,민희",
      "setting": null,
      "action": "떠올랐어요,돌아봤어요,출렁거렸어요,중심을 잡으려고 했지만,떨어지고",
      "feeling": "깜짝 놀라",
      "causalRelationship": null,
      "outcomeResolution": null,
      "prediction": null,
      "plotSummaryInfoCount": 1,
      "plotSummaryInfo": {
        "classification": "신체운동_건강",
        "readAge": "초등_고학년",
        "form": "long-form",
        "plotSummaryText": "오빠를 부르는 민희 목소리에 민재는 깜짝 놀라 돌아보다 중심이 흔들리면서 그네가 출렁거렸고 중심을 잡으려고 했지만 그네에서 뚝 떨어지고 말았어요.",
        "textWordEA": 19
      }
    },
    {
      "srcTextID": "104155",
      "srcText": "\"아파? 다쳤어? 어디 봐.\" 민희가 민재의 팔을 잡았어요. \"아앗, 아파! 만지지 마!\"",
      "srcPage": 22,
      "srcSentenceEA": 5,
      "srcWordEA": 16,
      "character": "민희,민재,팔",
      "setting": null,
      "action": "봐,잡았어요,만지지 마",
      "feeling": null,
      "causalRelationship": null,
      "outcomeResolution": null,
      "prediction": null,
      "plotSummaryInfoCount": 1,
      "plotSummaryInfo": {
        "classification": "신체운동_건강",
        "readAge": "초등_고학년",
        "form": "long-form",
        "plotSummaryText": "민희가 다쳤냐면서 민재의 팔을 잡자 아프다고 만지지 말라고 했어요.",
        "textWordEA": 9
      }
    },
    {
      "srcTextID": "100716",
      "srcText": "\"어, 오빠가 아기야? 포크로 밥을 먹게.\" \"조용히 해라.\" 민재가 민희에게 퉁명스럽게 말했어요. 민재는 포크를 왼손으로 잡고 어색하게 밥을 먹었어요.",
      "srcPage": 29,
      "srcSentenceEA": 5,
      "srcWordEA": 22,
      "character": "오빠,아기,포크,밥,민재,민희,왼손",
      "setting": null,
      "action": "먹게,말했어요,잡고,먹었어요",
      "feeling": null,
      "causalRelationship": null,
      "outcomeResolution": null,
      "prediction": null,
      "plotSummaryInfoCount": 1,
      "plotSummaryInfo": {
        "classification": "신체운동_건강",
        "readAge": "초등_고학년",
        "form": "long-form",
        "plotSummaryText": "오빠가 아기냐고 하자 나는 조용히 하라고 민희에게 퉁명스럽게 말하고 포크를 왼손으로 잡고 어색하게 밥을 먹었어요.",
        "textWordEA": 15
      }
    },
    {
      "srcTextID": "100719",
      "srcText": "\"엄마, 오빠 왜 저래?\" \"응, 손을 다쳐서 응가하고 혼자 닦지를 못한다고.\" \"엄마, 오빠가 진짜 아기가 되어 버렸네?\" 민희가 깜짝 놀라서 말했어요.",
      "srcPage": 33,
      "srcSentenceEA": 4,
      "srcWordEA": 22,
      "character": "엄마,오빠,손,아기,민희",
      "setting": null,
      "action": "응가하고,닦지를 못한다고,말했어요",
      "feeling": "깜짝 놀라서",
      "causalRelationship": null,
      "outcomeResolution": null,
      "prediction": null,
      "plotSummaryInfoCount": 1,
      "plotSummaryInfo": {
        "classification": "신체운동_건강",
        "readAge": "초등_고학년",
        "form": "long-form",
        "plotSummaryText": "민희가 오빠 왜 저러냐고 묻자 응가하고 혼자 닦지를 못한다고 하니 엄마에게 오빠가 진짜 아기가 되어 버렸다고 말했어요.",
        "textWordEA": 17
      }
    },
    {
      "srcTextID": "104162",
      "srcText": "드디어 깁스를 푸는 날이 되었어요. \"엄마, 빨리 가요. 얼른 깁스 좀 풀고 싶어요.\" 민재가 신이 나서 집 현관문을 나섰어요.",
      "srcPage": 34,
      "srcSentenceEA": 4,
      "srcWordEA": 21,
      "character": "깁스,엄마,민재",
      "setting": "집,현관문",
      "action": "푸는,가요,나섰어요,풀고 싶어요",
      "feeling": "신이 나서",
      "causalRelationship": null,
      "outcomeResolution": null,
      "prediction": null,
      "plotSummaryInfoCount": 1,
      "plotSummaryInfo": {
        "classification": "신체운동_건강",
        "readAge": "초등_고학년",
        "form": "long-form",
        "plotSummaryText": "드디어 깁스를 푸는 날이 되어 얼른 깁스 좀 풀고 싶다고 민재가 신이 나서 집 현관문을 나섰어요.",
        "textWordEA": 16
      }
    },
    {
      "srcTextID": "104160",
      "srcText": "\"그러니까 다음부터는 조심해서 좀 놀아, 오빠.\" 민희 말에 민재가 혀를 날름 내밀었어요. \"싫어. 지금도 놀고 싶어서 몸이 근질근질하거든.\"",
      "srcPage": 35,
      "srcSentenceEA": 3,
      "srcWordEA": 20,
      "character": "오빠,민희,민재,혀,몸",
      "setting": null,
      "action": "놀아,내밀었어요,놀고 싶어서",
      "feeling": "싫어",
      "causalRelationship": null,
      "outcomeResolution": "지금도 놀고 싶어서 몸이 근질근질하거든.",
      "prediction": null,
      "plotSummaryInfoCount": 1,
      "plotSummaryInfo": {
        "classification": "신체운동_건강",
        "readAge": "초등_고학년",
        "form": "short-form",
        "plotSummaryText": "조심해서 좀 놀라는 민희 말에 민재가 혀를 날름 내밀면서 싫다고 지금도 놀고 싶어서 몸이 근질근질하다고 했어요.",
        "textWordEA": 16
      }
    },
    {
      "srcTextID": "104161",
      "srcText": "\"이제 우리 오빠는 혼자 똥 닦을 수 있어요.\" 민희가 자랑스럽게 말했어요. \"야!\" 민재가 얼굴이 빨개져서 민희 입을 얼른 막았어요. \"그런데 영준이는 어디 갔다 와요?\" \"피부과에요. 얘가 아토피가 있어서요.\"",
      "srcPage": 37,
      "srcSentenceEA": 5,
      "srcWordEA": 31,
      "character": "오빠,똥,민희,민재,얼굴,입,영준이,얘,아토피",
      "setting": "피부과",
      "action": "닦을,말했어요,막았어요,갔다,와요",
      "feeling": "자랑스럽게",
      "causalRelationship": null,
      "outcomeResolution": null,
      "prediction": null,
      "plotSummaryInfoCount": 1,
      "plotSummaryInfo": {
        "classification": "신체운동_건강",
        "readAge": "초등_고학년",
        "form": "long-form",
        "plotSummaryText": "이제 우리 오빠는 혼자 똥 닦을 수 있다고 민희가 자랑스럽게 말하자 민재가 얼굴이 빨개져서 민희 입을 얼른 막았어요.",
        "textWordEA": 18
      }
    },
    {
      "srcTextID": "100730",
      "srcText": "만약 그 행복이 다른 사람과 나눌 수 있는 것이라면 더욱 값진 것이겠지요. 또 부지런한 것만큼 내 몸이나 내 주위를 돌보는 것도 중요해요. 행동 하나하나 조심하고 신중하면 실수와 실패를 막을 수도 있어요.",
      "srcPage": 45,
      "srcSentenceEA": 3,
      "srcWordEA": 33,
      "character": "사람,몸",
      "setting": null,
      "action": "나눌,돌보는,조심하고,막을 수도 있어요,부지런한",
      "feeling": null,
      "causalRelationship": null,
      "outcomeResolution": "행동 하나하나 조심하고 신중하면 실수와 실패를 막을 수도 있어요.",
      "prediction": null,
      "plotSummaryInfoCount": 1,
      "plotSummaryInfo": {
        "classification": "신체운동_건강",
        "readAge": "초등_고학년",
        "form": "short-form",
        "plotSummaryText": "행복을 다른 사람과 나눌 수 있다면 더욱 값지고 부지런한 것만큼 내 몸이나 주위를 돌보는 것도 중요하니, 행동 하나하나 조심하면 실수를 막을 수 있어요.",
        "textWordEA": 23
      }
    },
    {
      "srcTextID": "100724",
      "srcText": "영준이는 창피한지 엄마 뒤로 숨었어요. \"그리고 승현이는 또 감기래요. 둘이 단짝이라 만날 방에 틀어박혀 게임이나 하니까 면역력도 약해졌는지 감기를 달고 살아요. 그래서 밖에서 뛰어놀면서 건강해지라고 자전거를 사 줬더니 이번엔 아토피 때문에 타지도 못하네요.\" \"그랬군요. 속상하시겠어요. 애가 아프면 정말 속상해요.\"",
      "srcPage": 39,
      "srcSentenceEA": 6,
      "srcWordEA": 43,
      "character": "영준이,엄마,승현이,단짝,게임,자전거,애,면역력,아토피",
      "setting": "방",
      "action": "숨었어요,틀어박혀,게임이나 하니까,뛰어놀면서,사 줬더니",
      "feeling": "창피한지,속상하시겠어요,속상해요",
      "causalRelationship": null,
      "outcomeResolution": null,
      "prediction": null,
      "plotSummaryInfoCount": 1,
      "plotSummaryInfo": {
        "classification": "신체운동_건강",
        "readAge": "초등_고학년",
        "form": "long-form",
        "plotSummaryText": "승현이는 감기라며 영준이랑 단짝이라 만날 게임이나 하니까 면역력이 약해져 감기를 달고 산다고 밖에서 뛰어놀면서 건강해지라고 자전거를 사줬더니 아토피 때문에 못 타서 속상하시겠다고 하셨어요.",
        "textWordEA": 23
      }
    },
    {
      "srcTextID": "100726",
      "srcText": "\"오빠, 이제 혼자 똥 닦을 수 있어서 다행이야.\" 민희도 민재가 깁스 푼 것을 축하해 주었어요. \"엄마, 정말 팔 하나 불편한 건데 너무 힘들었어요. 아픈 팔이 낫는 걸로 이렇게까지 행복해질 줄은 몰랐어요.\"",
      "srcPage": 42,
      "srcSentenceEA": 4,
      "srcWordEA": 33,
      "character": "오빠,똥,민희,민재,깁스,엄마,아픈 팔",
      "setting": null,
      "action": "닦을,푼 것을 축하해 주었어요,낫는",
      "feeling": "힘들었어요,행복해질,불편한 건데",
      "causalRelationship": null,
      "outcomeResolution": null,
      "prediction": null,
      "plotSummaryInfoCount": 1,
      "plotSummaryInfo": {
        "classification": "신체운동_건강",
        "readAge": "초등_고학년",
        "form": "long-form",
        "plotSummaryText": "민희도 민재가 깁스 푼 것을 축하해 주고 엄마한테 정말 팔 하나 불편한 건데 너무 힘들었고 아픈 팔이 낫는 걸로 이렇게까지 행복해질 줄은 몰랐다고 했어요. ",
        "textWordEA": 24
      }
    },
    {
      "srcTextID": "100725",
      "srcText": "\"그래. 건강해야 공부든 뭐든 다 할 수 있는 거야. 민재가 행복하다니 엄마도 행복하다. 좋아! 깁스 푼 기념으로 엄마가 장난감 사 줄게.\" 엄마 말에 민재는 쑥스럽게 웃었어요. \"아니요. 장난감 나중에 사 주세요. 친구들이랑 축구하기로 했거든요. 애들이 제가 깁스 풀기만을 기다렸대요. 이래 봬도 제가 우리 반 스트라이커라고요. 갔다 올게요!\" 민재는 두 팔을 휘두르며 학교 운동장으로 뛰어갔어요.",
      "srcPage": 43,
      "srcSentenceEA": 11,
      "srcWordEA": 65,
      "character": "민재,엄마,깁스,장난감,친구들,애들,스트라이커,팔",
      "setting": "학교 운동장",
      "action": "웃었어요,축구하기로,기다렸대요,풀기만을,갔다,올게요,휘두르며,뛰어갔어요",
      "feeling": "행복하다니,행복하다,좋아,쑥스럽게",
      "causalRelationship": null,
      "outcomeResolution": null,
      "prediction": null,
      "plotSummaryInfoCount": 1,
      "plotSummaryInfo": {
        "classification": "신체운동_건강",
        "readAge": "초등_고학년",
        "form": "long-form",
        "plotSummaryText": "민재가 행복하면 엄마도 행복하다면서 깁스 푼 기념으로 장난감 사 준다는 말에 민재는 웃으며 친구들이랑 축구하기로 했으니 장난감은 나중에 사 달라며 두 팔을 휘두르며 운동장으로 뛰어갔어요.",
        "textWordEA": 25
      }
    },
    {
      "srcTextID": "100729",
      "srcText": "근위무가지보 신시호신지부. 이 말은 명심보감에 나오는 말이에요. 예로부터 부지런하면 하늘 아래 어려운 일이 없다고 했어요. 무슨 일이든 부지런하면 좋은 결실을 맺을 수 있고, 그 결실로 행복을 얻을 수 있으니까요.",
      "srcPage": 44,
      "srcSentenceEA": 4,
      "srcWordEA": 32,
      "character": "명심보감,결실",
      "setting": "하늘 아래",
      "action": "부지런하면,맺을 수 있고,얻을 수 있으니까요",
      "feeling": null,
      "causalRelationship": null,
      "outcomeResolution": null,
      "prediction": null,
      "plotSummaryInfoCount": 1,
      "plotSummaryInfo": {
        "classification": "신체운동_건강",
        "readAge": "초등_고학년",
        "form": "long-form",
        "plotSummaryText": "근위무가지보 신시호신지부란 말은 부지런하면 하늘 아래 어려운 일이 없다고 명심보감에 나오는 말로 무슨 일이든 부지런하면 좋은 결실을 맺을수 있어요.",
        "textWordEA": 19
      }
    },
    {
      "srcTextID": "104926",
      "srcText": "엄마는 단호하게 말하며 카트를 끌었어요. 민재는 엄마 카트 앞을 막아섰어요. \"형이 준 거는 헌 거잖아요. 그리고 이 장난감, 우리 반 애들은 다 있단 말예요. 나만 없어요. 나만 없으니까 애들이 따돌린다고요!\"",
      "srcPage": 2,
      "srcSentenceEA": 6,
      "srcWordEA": 34,
      "character": "엄마,카트,민재,형,장난감,애들",
      "setting": null,
      "action": "말하며,끌었어요,막아섰어요,준 거는,따돌린다고요",
      "feeling": null,
      "causalRelationship": null,
      "outcomeResolution": null,
      "prediction": null,
      "plotSummaryInfoCount": 1,
      "plotSummaryInfo": {
        "classification": "신체운동_건강",
        "readAge": "초등_고학년",
        "form": "long-form",
        "plotSummaryText": "엄마는 단호하게 말하자 민재는 엄마 앞을 막아서며 형이 준 거는 헌 거고 우리 반 애들은 다 있어서 애들이 따돌린다며 말했어요.",
        "textWordEA": 20
      }
    },
    {
      "srcTextID": "104925",
      "srcText": "민재는 거의 울듯이 엄마에게 말했지만 엄마는 꿈쩍도 하지 않았어요. \"장난감 때문에 친구를 따돌리는 애라면 사귈 필요 없어.\" 엄마는 카트를 끌고 가면서 말을 이었어요. \"이번 달도 생활비가 빠듯해. 그런 장난감 같은 거 살 돈 없어.\"",
      "srcPage": 3,
      "srcSentenceEA": 5,
      "srcWordEA": 36,
      "character": "민재,엄마,장난감,친구,카트,생활비,돈",
      "setting": "이번 달",
      "action": "말했지만,친구를 따돌리는 애라면,사귈,끌고 가면서,살 돈 없어",
      "feeling": null,
      "causalRelationship": null,
      "outcomeResolution": null,
      "prediction": null,
      "plotSummaryInfoCount": 1,
      "plotSummaryInfo": {
        "classification": "신체운동_건강",
        "readAge": "초등_고학년",
        "form": "long-form",
        "plotSummaryText": "엄마는 장난감 때문에 친구를 따돌리는 애라면 사귈 필요 없다며 카트를 끌고 가면서 말을 이었고 이번 달도 생활비가 빠듯해서 장난감 같은 거 살 돈 없다고 했어요.",
        "textWordEA": 25
      }
    },
    {
      "srcTextID": "100710",
      "srcText": "집으로 오는 길에 엄마와 민재는 동생 민희를 데리러 유치원에 들렀어요. 민희는 민재 얼굴을 보고 물었어요. \"오빠, 얼굴이 왜 그래? 울었어?\" \"울긴 누가 울어!\"",
      "srcPage": 4,
      "srcSentenceEA": 5,
      "srcWordEA": 25,
      "character": "엄마,민재,동생,민희,얼굴,오빠",
      "setting": "집,유치원",
      "action": "오는,데리러,들렀어요,보고,물었어요,울었어,울어",
      "feeling": null,
      "causalRelationship": null,
      "outcomeResolution": null,
      "prediction": null,
      "plotSummaryInfoCount": 1,
      "plotSummaryInfo": {
        "classification": "신체운동_건강",
        "readAge": "초등_고학년",
        "form": "long-form",
        "plotSummaryText": "집으로 오는 길에 엄마와 민재는 동생 민희를 데리러 유치원에 들렀는데 민희는 민재 보고 울었냐고 묻길래 울긴 누가 우냐고 말했어요.",
        "textWordEA": 19
      }
    },
    {
      "srcTextID": "100707",
      "srcText": "민재가 민희에게 눈을 흘기며 말했어요. 그 모습을 봤는지 못 봤는지 엄마는 계속 걸어가면서 말했어요. \"날씨 좋다. 이런 날은 밖에서 뛰어노는 게 최고야. 뛰어놀아야 키도 크고 건강해지지.\"",
      "srcPage": 5,
      "srcSentenceEA": 5,
      "srcWordEA": 29,
      "character": "민재,민희,눈,엄마",
      "setting": null,
      "action": "흘기며,말했어요,봤는지,걸어가면서,뛰어노는,뛰어놀아야",
      "feeling": "좋다",
      "causalRelationship": null,
      "outcomeResolution": null,
      "prediction": null,
      "plotSummaryInfoCount": 1,
      "plotSummaryInfo": {
        "classification": "신체운동_건강",
        "readAge": "초등_고학년",
        "form": "long-form",
        "plotSummaryText": "민재가 눈을 흘기며 말하자 엄마는 그 모습을 봤는지 못 봤는지 걸어가면서 날씨 좋다고 뛰어놀아야 키도 크고 건강해진다고 했어요.",
        "textWordEA": 18
      }
    },
    {
      "srcTextID": "104159",
      "srcText": "민재는 털썩 주저앉았어요. 순간 눈물이 핑 돌았어요. \"어떻게 해, 오빠. 다쳤나 봐. 내가 엄마 불러올게.\" 민희가 집으로 뛰어갔어요.",
      "srcPage": 23,
      "srcSentenceEA": 6,
      "srcWordEA": 22,
      "character": "민재,눈물,오빠,엄마",
      "setting": "집",
      "action": "주저앉았어요,불러올게,뛰어갔어요",
      "feeling": null,
      "causalRelationship": null,
      "outcomeResolution": null,
      "prediction": null,
      "plotSummaryInfoCount": 1,
      "plotSummaryInfo": {
        "classification": "신체운동_건강",
        "readAge": "초등_고학년",
        "form": "long-form",
        "plotSummaryText": "민재는 털썩 주저앉는 순간 눈물이 핑 돌았는데  민희가 집으로 엄마 불러 온다며 뛰어갔어요.",
        "textWordEA": 14
      }
    },
    {
      "srcTextID": "100715",
      "srcText": "\"다행히 부러지지는 않았네요. 살짝 금이 가기는 했는데, 깁스를 하는 것이 좋겠어요.\" 의사 선생님 말에 민재가 물었어요. \"얼마 동안이요?\"",
      "srcPage": 26,
      "srcSentenceEA": 4,
      "srcWordEA": 20,
      "character": "의사,선생님,민재",
      "setting": "깁스",
      "action": "물었어요,부러지지는 않았네요,금이 가기는 했는데",
      "feeling": null,
      "causalRelationship": null,
      "outcomeResolution": null,
      "prediction": null,
      "plotSummaryInfoCount": 1,
      "plotSummaryInfo": {
        "classification": "신체운동_건강",
        "readAge": "초등_고학년",
        "form": "long-form",
        "plotSummaryText": "살짝 금이 가기는 했는데, 깁스를 하는 것이 좋겠다는 의사 선생님 말에 얼마 동안 이냐고 민재가 물었어요.",
        "textWordEA": 16
      }
    },
    {
      "srcTextID": "100708",
      "srcText": "엄마 말에 민희가 냉큼 말을 받았어요. \"응, 그래서 우리가 이렇게 튼튼한 거야. 햇빛도 많이 받아서 감기도 안 걸리고. 그치, 엄마?\" \"그럼. 우리 민희가 오빠보다 똑똑하네.\"",
      "srcPage": 6,
      "srcSentenceEA": 5,
      "srcWordEA": 28,
      "character": "엄마,민희,우리,오빠",
      "setting": null,
      "action": "말을 받았어요,받아서",
      "feeling": null,
      "causalRelationship": null,
      "outcomeResolution": null,
      "prediction": null,
      "plotSummaryInfoCount": 1,
      "plotSummaryInfo": {
        "classification": "신체운동_건강",
        "readAge": "초등_고학년",
        "form": "long-form",
        "plotSummaryText": "엄마 말에 민희가 그래서 우리가 이렇게 튼튼하고 햇빛도 많이 받아서 감기도 안 걸린다고 하자 민희가 오빠보다 똑똑하다고 했어요.",
        "textWordEA": 18
      }
    },
    {
      "srcTextID": "100709",
      "srcText": "엄마가 민희 편을 들자 민재가 입을 삐죽 내밀고 중얼거렸어요. \"난 감기 걸려도 장난감만 가지고 놀 수 있다면 정말 행복할 텐데.\" \"오빠, 장난감이 있으면 뭐해? 아프면 가지고 놀지도 못해.\" 민희가 야무지게 말했어요.",
      "srcPage": 7,
      "srcSentenceEA": 5,
      "srcWordEA": 33,
      "character": "엄마,민희,민재,장난감,오빠",
      "setting": null,
      "action": "편을 들자,내밀고,중얼거렸어요,가지고,말했어요",
      "feeling": "행복할,아프면",
      "causalRelationship": null,
      "outcomeResolution": null,
      "prediction": null,
      "plotSummaryInfoCount": 1,
      "plotSummaryInfo": {
        "classification": "신체운동_건강",
        "readAge": "초등_고학년",
        "form": "long-form",
        "plotSummaryText": "민재가 난 감기 걸려도 장난감만 가지고 놀 수 있다면 정말 행복할 거라고 말하자 장난감이 있으면 뭐하냐면서 아프면 가지고 놀지도 못한다고 민희가 말했어요.",
        "textWordEA": 22
      }
    },
    {
      "srcTextID": "100711",
      "srcText": "\"조그만 게 뭘 안다고 그래?\" 그러자 엄마가 민재에게 말했어요. \"민희 말이 맞네. 아프면 장난감이 수백 개라도 무슨 소용이야? 장난감 가지고 누워서 놀 거야?\"",
      "srcPage": 8,
      "srcSentenceEA": 5,
      "srcWordEA": 26,
      "character": "엄마,민재,장난감",
      "setting": null,
      "action": "말했어요,가지고,누워서",
      "feeling": null,
      "causalRelationship": null,
      "outcomeResolution": null,
      "prediction": null,
      "plotSummaryInfoCount": 1,
      "plotSummaryInfo": {
        "classification": "신체운동_건강",
        "readAge": "초등_고학년",
        "form": "long-form",
        "plotSummaryText": "엄마가 민희 말이 맞다면서 아프면 장난감이 수백 개라도 무슨 소용이냐고 장난감 가지고 누워서 놀 거냐고 말했어요.",
        "textWordEA": 16
      }
    },
    {
      "srcTextID": "100714",
      "srcText": "\"글쎄, 한 달은 지켜봐야 할 거야. 그동안 팔을 움직이면 안 돼. 뛰는 것도 조심하고.\" 민재는 울상이 되고 말았어요. 집으로 돌아온 민재와 민희는 늦은 저녁을 먹었어요.",
      "srcPage": 27,
      "srcSentenceEA": 5,
      "srcWordEA": 29,
      "character": "팔,민재,민희,저녁",
      "setting": "집",
      "action": "뛰는,돌아온,먹었어요,지켜봐야 할 거야",
      "feeling": null,
      "causalRelationship": null,
      "outcomeResolution": null,
      "prediction": null,
      "plotSummaryInfoCount": 1,
      "plotSummaryInfo": {
        "classification": "신체운동_건강",
        "readAge": "초등_고학년",
        "form": "long-form",
        "plotSummaryText": "한 달은 지켜봐야 하고 그동안 팔을 움직이면 안되고 뛰는 것도 조심해야 한다고 하자 민재는 울상이 되고 말았어요.",
        "textWordEA": 17
      }
    },
    {
      "srcTextID": "100723",
      "srcText": "엄마가 영준이네 엄마를 위로해 주었어요. \"글쎄 말예요. 애가 몸이 아프니까 자꾸 짜증만 내요. 성격도 건강해야 좋아지나 봐요.\" 민재는 영준이 얼굴을 슬쩍 쳐다보았어요. 영준이는 얼굴을 보여 주는 게 부끄러운지 고개를 돌려 버렸어요. 그렇게 영준이네와 헤어지고 병원에 간 민재는 드디어 깁스를 풀고 홀가분하게 나왔어요.",
      "srcPage": 40,
      "srcSentenceEA": 7,
      "srcWordEA": 47,
      "character": "엄마,영준이,애,몸,민재,얼굴,고개,영준이네,깁스",
      "setting": "병원",
      "action": "쳐다보았어요,돌려,헤어지고,풀고,나왔어요,위로해 주었어요",
      "feeling": "짜증만,부끄러운지,홀가분하게",
      "causalRelationship": null,
      "outcomeResolution": null,
      "prediction": null,
      "plotSummaryInfoCount": 1,
      "plotSummaryInfo": {
        "classification": "신체운동_건강",
        "readAge": "초등_고학년",
        "form": "long-form",
        "plotSummaryText": "영준이네 엄마가 애가 아프니 자꾸 짜증만 낸다고 얘기를 하자  영준이는 부끄러운지 고개를 돌려버리자 그렇게 헤어지고 나서 병원에 간 민재는 깁스를 풀고 나왔어요.",
        "textWordEA": 23
      }
    },
    {
      "srcTextID": "100727",
      "srcText": "\"우와, 진짜 십 년 묵은 체증이 내려간 거 같아요. 오른팔이 자유로우니까 온몸이 다 편해진 거 같아요.\" 깁스를 푼 민재는 오른팔을 이리저리 돌려 보며 말했어요. 그런 민재를 보며 엄마도 환하게 웃었어요.",
      "srcPage": 41,
      "srcSentenceEA": 4,
      "srcWordEA": 33,
      "character": "오른팔,몸,깁스,민재,엄마",
      "setting": null,
      "action": "푼,말했어요,돌려 보며,웃었어요",
      "feeling": null,
      "causalRelationship": null,
      "outcomeResolution": null,
      "prediction": null,
      "plotSummaryInfoCount": 1,
      "plotSummaryInfo": {
        "classification": "신체운동_건강",
        "readAge": "초등_고학년",
        "form": "long-form",
        "plotSummaryText": "깁스를 푼 민재는 오른팔을 이리저리 돌려 보며 오른팔이 자유로우니까 온몸이 다 편해진 거 같다고 말하니 엄마도 환하게 웃었어요.",
        "textWordEA": 18
      }
    },
    {
      "srcTextID": "100712",
      "srcText": "\"쳇, 사실은 돈이 없어서 못 사 주는 거잖아요.\" 민재는 자기도 모르게 속마음을 툭 내뱉고 말았어요. 그 말에 엄마가 걸음을 딱 멈추었어요. \"장민재!\"",
      "srcPage": 9,
      "srcSentenceEA": 3,
      "srcWordEA": 24,
      "character": "돈,민재,엄마,장민재",
      "setting": null,
      "action": "못 사 주는,내뱉고,멈추었어요",
      "feeling": null,
      "causalRelationship": null,
      "outcomeResolution": null,
      "prediction": "그 말에 엄마가 걸음을 딱 멈추었어요.",
      "plotSummaryInfoCount": 1,
      "plotSummaryInfo": {
        "classification": "신체운동_건강",
        "readAge": "초등_고학년",
        "form": "short-form",
        "plotSummaryText": "민재는 사실은 돈이 없어서 못 사 주는 거라면서 속 마음을 툭 내뱉고 말았는데 엄마가 멈추며 장민재라고 불렀어요.",
        "textWordEA": 17
      }
    },
    {
      "srcTextID": "107616",
      "srcText": "\"으응, 우리 아빠도 곧 사 주신다고 했어.\" 하지만 그 말은 거짓말이에요. 지난번에 아빠가 지금 타고 있는 자전거로 충분하다고 했거든요. 그때 영준이가 자전거에 올라타면서 말했어요.",
      "srcPage": 15,
      "srcSentenceEA": 4,
      "srcWordEA": 27,
      "character": "아빠,자전거,영준이",
      "setting": "지난번에",
      "action": "사 주신다고 했어,타고 있는,했거든요,올라타면서,말했어요",
      "feeling": null,
      "causalRelationship": null,
      "outcomeResolution": null,
      "prediction": null,
      "plotSummaryInfoCount": 1,
      "plotSummaryInfo": {
        "classification": "신체운동_건강",
        "readAge": "초등_고학년",
        "form": "long-form",
        "plotSummaryText": "아빠가 곧 사준신다고 말했지만 그건 거짓말이었었어요 아빠가 지금 타고 있는 자전거로 충분하다고 했기 때문이에요.",
        "textWordEA": 14
      }
    },
    {
      "srcTextID": "104149",
      "srcText": "\"야, 장민재! 뭐 해?\" 민재는 영준이보다 영준이의 새 자전거가 먼저 눈에 들어왔어요. 민재는 얼른 다가가 영준이에게 말했어요. \"어, 이거 뭐야? 너 자전거 샀어?\"",
      "srcPage": 12,
      "srcSentenceEA": 6,
      "srcWordEA": 27,
      "character": "장민재,민재,영준이,새 자전거,눈",
      "setting": null,
      "action": "얼른 다가가,말했어요",
      "feeling": null,
      "causalRelationship": null,
      "outcomeResolution": null,
      "prediction": null,
      "plotSummaryInfoCount": 1,
      "plotSummaryInfo": {
        "classification": "신체운동_건강",
        "readAge": "초등_고학년",
        "form": "long-form",
        "plotSummaryText": "민재는 영준이의 새 자전거가 먼저 눈에 들어와 영준이에게 다가가 자전거 샀냐고 말했어요.",
        "textWordEA": 12
      }
    },
    {
      "srcTextID": "104163",
      "srcText": "병원으로 가는 길에 민재는 영준이와 영준이네 엄마를 만났어요. \"어머, 민재 다쳤다고 하더니 아직도 깁스하고 있구나?\" \"그렇지 않아도 지금 풀러 가는 길이에요.\" 엄마가 웃으면서 말했어요.",
      "srcPage": 36,
      "srcSentenceEA": 4,
      "srcWordEA": 25,
      "character": "민재,영준이,엄마",
      "setting": "병원",
      "action": "가는,만났어요,깁스하고,풀러,웃으면서 말했어요",
      "feeling": null,
      "causalRelationship": null,
      "outcomeResolution": null,
      "prediction": null,
      "plotSummaryInfoCount": 1,
      "plotSummaryInfo": {
        "classification": "신체운동_건강",
        "readAge": "초등_고학년",
        "form": "long-form",
        "plotSummaryText": "병원으로 가는 도중 영준이와 영준이네 엄마를 만나자 다쳐서 깁스를 했구나라고 하셔서 지금 풀러 가는 길이라고 웃으며 엄마가 말했어요.",
        "textWordEA": 18
      }
    },
    {
      "srcTextID": "100721",
      "srcText": "오른팔을 못 쓰니 여간 불편한 게 아니었어요. 밥을 먹는 것은 물론이고 옷을 입고 벗는 것도 엄마가 도와주어야 해요. 친구들과 뛰어놀 수도 없고, 혼자서 씻는 것도 불편했어요.",
      "srcPage": 30,
      "srcSentenceEA": 3,
      "srcWordEA": 28,
      "character": "오른팔,밥,옷,엄마,친구들",
      "setting": null,
      "action": "먹는,입고,벗는,도와주어야,씻는,뛰어놀 수도 없고",
      "feeling": "불편했어요,불편한",
      "causalRelationship": null,
      "outcomeResolution": null,
      "prediction": null,
      "plotSummaryInfoCount": 1,
      "plotSummaryInfo": {
        "classification": "신체운동_건강",
        "readAge": "초등_고학년",
        "form": "short-form",
        "plotSummaryText": "오른팔을 못 쓰니 밥을 먹는 것은 물론이고 옷을 입고 벗는 것도 친구들과 뛰어놀 수도 없고, 혼자서 씻는 것도 불편했어요.",
        "textWordEA": 19
      }
    },
    {
      "srcTextID": "100728",
      "srcText": "그리고 잊지 말아야 할 것은 무엇보다 자신의 건강을 잘 살펴야 한다는 거예요. 건강을 살피지 않으면 아무리 노력해도 좋은 결과를 얻을 수 없어요. '돈을 잃으면 조금 잃은 것이요, 명예를 잃으면 반을 잃은 것이요, 건강을 잃으면 전부를 잃은 것이다.' 라는 말이 있어요.",
      "srcPage": 46,
      "srcSentenceEA": 4,
      "srcWordEA": 42,
      "character": "자신,돈",
      "setting": null,
      "action": "살펴야,노력해도,잃으면",
      "feeling": null,
      "causalRelationship": null,
      "outcomeResolution": "돈을 잃으면 조금 잃은 것이요, 명예를 잃으면 반을 잃은 것이요, 건강을 잃으면 전부를 잃은 것이다.",
      "prediction": null,
      "plotSummaryInfoCount": 1,
      "plotSummaryInfo": {
        "classification": "신체운동_건강",
        "readAge": "초등_고학년",
        "form": "long-form",
        "plotSummaryText": "돈을 잃으면 조금 잃은 것이고 명예를 잃으면 반을 잃은 것이고, 건강을 잃으면 전부를 잃은 것이다라는 말이 있듯이 건강을 살피지 않으면 아무리 노력해도 좋은 결과를 얻을 수 없어요.",
        "textWordEA": 27
      }
    },
    {
      "srcTextID": "104150",
      "srcText": "\"응, 우리 아빠가 사 주셨어. 지금 한 바퀴 돌고 오는 길이야. 참, 승현이가 자기 집에서 게임하자던데. 같이 가자.\" 민재는 영준이의 말이 귀에 들어오지 않았어요. 민재는 영준이의 자전거를 요리조리 살펴보고 나서 부러운 듯이 말했어요.",
      "srcPage": 13,
      "srcSentenceEA": 6,
      "srcWordEA": 38,
      "character": "아빠,승현이,민재,영준이,자전거",
      "setting": "집",
      "action": "게임하자던데,가자,살펴보고,말했어요,사 주셨어",
      "feeling": "부러운 듯이",
      "causalRelationship": null,
      "outcomeResolution": null,
      "prediction": null,
      "plotSummaryInfoCount": 1,
      "plotSummaryInfo": {
        "classification": "신체운동_건강",
        "readAge": "초등_고학년",
        "form": "long-form",
        "plotSummaryText": "승현이가 집에서 게임하자고 했다며 같이 가자는 영준이의  말이 귀에 들어오지 않는 민재는 자전거를 살펴보며 부러운 듯이 말했어요.",
        "textWordEA": 18
      }
    },
    {
      "srcTextID": "107617",
      "srcText": "\"자전거, 정말 멋지다!\" \"기어가 20단이야. 너도 이 자전거 산다고 했지? 얼른 사. 늦으면 다 팔린대.\" 영준이 말에 민재는 어색하게 웃었어요.",
      "srcPage": 14,
      "srcSentenceEA": 6,
      "srcWordEA": 24,
      "character": "자전거,영준이,민재",
      "setting": null,
      "action": "산다고,웃었어요",
      "feeling": null,
      "causalRelationship": null,
      "outcomeResolution": null,
      "prediction": null,
      "plotSummaryInfoCount": 1,
      "plotSummaryInfo": {
        "classification": "신체운동_건강",
        "readAge": "초등_고학년",
        "form": "long-form",
        "plotSummaryText": "자전거, 정말 멋지다고 하니 늦으면 다 팔린다고 얼른 사라는 영준이 말에 민재는 어색하게 웃었어요.",
        "textWordEA": 14
      }
    },
    {
      "srcTextID": "104152",
      "srcText": "\"아, 영준이는 얼마나 좋을까. 아빠가 사 달라는 것도 다 사 주고. 나는 엄마가 그깟 장난감 하나도 안 사 주는데. 영준이는 정말 행복하겠다.\" 민재는 발끝으로 모래를 툭툭 치다가 발을 힘차게 굴렀어요. \"에잇! 우리 엄마는 짠순이! 구두쇠!\"",
      "srcPage": 19,
      "srcSentenceEA": 7,
      "srcWordEA": 41,
      "character": "영준이,아빠,엄마,장난감,민재,모래,발,짠순이,구두쇠",
      "setting": null,
      "action": "사 주고,안 사 주는데,치다가,굴렀어요,툭툭 치다가,힘차게 굴렀어요",
      "feeling": "행복하겠다,좋을까",
      "causalRelationship": null,
      "outcomeResolution": null,
      "prediction": null,
      "plotSummaryInfoCount": 1,
      "plotSummaryInfo": {
        "classification": "신체운동_건강",
        "readAge": "초등_고학년",
        "form": "long-form",
        "plotSummaryText": "영준이는 아빠가 사 달라는 것도 다 사 줘서 정말 행복하겠다면서 민재는 발끝으로 모래를 툭툭 치다가 발을 힘차게 구르며 엄마는 구두쇠라고 했어요.",
        "textWordEA": 21
      }
    },
    {
      "srcTextID": "104924",
      "srcText": "\"사 줘요! 사 달라고요!\" 민재는 마트가 떠나가도록 소리를 질렀어요. \"얘가 창피하게 왜 이래? 지난번에 사촌 형이 준 장난감 있잖아. 뭘 또 사 달라는 거야!\"",
      "srcPage": 1,
      "srcSentenceEA": 6,
      "srcWordEA": 28,
      "character": "민재,얘,사촌 형,장난감",
      "setting": "마트",
      "action": "소리를 질렀어요,준,사 달라는",
      "feeling": "창피하게",
      "causalRelationship": null,
      "outcomeResolution": null,
      "prediction": null,
      "plotSummaryInfoCount": 1,
      "plotSummaryInfo": {
        "classification": "신체운동_건강",
        "readAge": "초등_고학년",
        "form": "long-form",
        "plotSummaryText": "민재가 사달라고 소리를 지르자, 지난번에 사촌 형이 준 장난감 있는데 뭘 또 사 달라는 거냐고 창피하게 왜 이러냐고 했어요.",
        "textWordEA": 19
      }
    },
    {
      "srcTextID": "104157",
      "srcText": "민재가 오른쪽 팔을 부여잡고 일어났어요. \"오빠, 괜찮아!\" 민희가 민재에게 뛰어왔어요. \"네가 갑자기 부르는 바람에 깜짝 놀라서 떨어졌잖아!\" 민재가 소리쳤어요.",
      "srcPage": 21,
      "srcSentenceEA": 5,
      "srcWordEA": 21,
      "character": "민재,팔,오빠,민희",
      "setting": null,
      "action": "부여잡고,일어났어요,뛰어왔어요,부르는,소리쳤어요",
      "feeling": "깜짝 놀라서,괜찮아",
      "causalRelationship": null,
      "outcomeResolution": null,
      "prediction": null,
      "plotSummaryInfoCount": 1,
      "plotSummaryInfo": {
        "classification": "신체운동_건강",
        "readAge": "초등_고학년",
        "form": "long-form",
        "plotSummaryText": "민희가 민재에게 뛰어왔는데  갑자기 부르는 바람에 깜짝 놀라서 떨어졌다고 민재가 소리쳤어요.",
        "textWordEA": 12
      }
    },
    {
      "srcTextID": "104158",
      "srcText": "민재는 아프기도 하고 무섭기도 해서 그 자리에서 눈물을 뚝뚝 흘리고 있었어요. \"민재야!\" 곧 엄마가 뛰어왔어요. 엄마 얼굴을 보자 민재는 그만 울음이 터지고 말았어요.",
      "srcPage": 24,
      "srcSentenceEA": 3,
      "srcWordEA": 25,
      "character": "민재,눈물,엄마가,얼굴",
      "setting": null,
      "action": "흘리고,뛰어왔어요,보자,뚝뚝",
      "feeling": "무섭기도,아프기도",
      "causalRelationship": null,
      "outcomeResolution": null,
      "prediction": null,
      "plotSummaryInfoCount": 1,
      "plotSummaryInfo": {
        "classification": "신체운동_건강",
        "readAge": "초등_고학년",
        "form": "short-form",
        "plotSummaryText": "민재는 아프고 무서워서 눈물을 뚝뚝 흘리고 있었는데 뛰어온 엄마의 얼굴을 보자 민재는 울음이 터지고 말았어요.",
        "textWordEA": 15
      }
    },
    {
      "srcTextID": "104156",
      "srcText": "\"으앙, 엄마! 아파요!\" \"어쩌다가 그런 거야? 일단 병원부터 가자.\" 엄마는 민재와 함께 택시를 타고 서둘러 병원으로 갔어요.",
      "srcPage": 25,
      "srcSentenceEA": 5,
      "srcWordEA": 20,
      "character": "엄마,민재,택시",
      "setting": "병원",
      "action": "가자,타고,갔어요,으앙",
      "feeling": "아파요",
      "causalRelationship": null,
      "outcomeResolution": null,
      "prediction": null,
      "plotSummaryInfoCount": 1,
      "plotSummaryInfo": {
        "classification": "신체운동_건강",
        "readAge": "초등_고학년",
        "form": "long-form",
        "plotSummaryText": "어쩌다 그런거냐는 엄마는 민재와 함께 택시를 타고 서둘러 병원으로 갔어요.",
        "textWordEA": 10
      }
    },
    {
      "srcTextID": "100717",
      "srcText": "상에 수저를 내려놓던 엄마가 한숨을 쉬었어요. \"어휴, 다쳐도 하필 오른팔을 다쳐서.\" 엄마는 민재 자리에 포크를 놔 주었어요.",
      "srcPage": 28,
      "srcSentenceEA": 3,
      "srcWordEA": 18,
      "character": "상,수저,엄마,오른팔,민재,포크",
      "setting": null,
      "action": "내려놓던,한숨을 쉬었어요,놔 주었어요",
      "feeling": null,
      "causalRelationship": null,
      "outcomeResolution": null,
      "prediction": null,
      "plotSummaryInfoCount": 1,
      "plotSummaryInfo": {
        "classification": "신체운동_건강",
        "readAge": "초등_고학년",
        "form": "short-form",
        "plotSummaryText": "다쳐도 하필 오른팔을 다쳤다고 엄마가 한숨을 쉬면서 민재 자리에 포크를 놔 줬어요.",
        "textWordEA": 12
      }
    },
    {
      "srcTextID": "100713",
      "srcText": "순간 움찔한 민재는 재빨리 놀이터 쪽으로 뛰어갔어요. \"몰라요! 나는 놀다가 들어갈 거야!\" 엄마는 민재의 뒷모습을 보고 한숨을 푹 쉬었어요. \"저 녀석은 언제 철이 들려고 저러나. 진짜 아파 봐야 건강이 얼마나 소중한 건지 알지. 쯧쯧.\"",
      "srcPage": 10,
      "srcSentenceEA": 6,
      "srcWordEA": 38,
      "character": "민재,엄마,저 녀석",
      "setting": "놀이터",
      "action": "움찔한,뛰어갔어요,놀다가,들어갈,보고,한숨을 푹 쉬었어요",
      "feeling": null,
      "causalRelationship": null,
      "outcomeResolution": null,
      "prediction": null,
      "plotSummaryInfoCount": 1,
      "plotSummaryInfo": {
        "classification": "신체운동_건강",
        "readAge": "초등_고학년",
        "form": "long-form",
        "plotSummaryText": "순간 움찔한 민재는 재빨리 놀이터 쪽으로 뛰어가자 엄마는  한숨을 푹 쉬었어요.",
        "textWordEA": 12
      }
    },
    {
      "srcTextID": "104151",
      "srcText": "\"쳇, 그깟 장난감 하나 사 주면 어때서. 영준이는 몇 개나 가지고 있는데.\" 민재는 미끄럼틀 끝에 앉아 투덜댔어요. 그때 마침 놀이터를 옆을 지나가던 영준이가 민재를 발견하고 소리쳤어요.",
      "srcPage": 11,
      "srcSentenceEA": 4,
      "srcWordEA": 29,
      "character": "장난감,영준이,민재,미끄럼틀,놀이터",
      "setting": null,
      "action": "사 주면,앉아,투덜댔어요,지나가던,발견하고,소리쳤어요",
      "feeling": null,
      "causalRelationship": null,
      "outcomeResolution": null,
      "prediction": null,
      "plotSummaryInfoCount": 1,
      "plotSummaryInfo": {
        "classification": "신체운동_건강",
        "readAge": "초등_고학년",
        "form": "long-form",
        "plotSummaryText": "민재는 미끄럼틀 끝에 앉아 투덜대고 있는데 그때 마침 지나가던 영준이가 민재를 발견하고 소리쳤어요.",
        "textWordEA": 13
      }
    },
    {
      "srcTextID": "100718",
      "srcText": "\"어휴, 가려워. 엄마, 오른팔이 너무 가려워요.\" 거의 한 달을 제대로 씻지 못하니 깁스한 곳이 무척 가려웠어요. 엄마가 얇은 나무 꼬챙이를 가지고 와서 깁스 사이에 넣고는 가려운 부분을 살살 긁어 주었어요.",
      "srcPage": 31,
      "srcSentenceEA": 4,
      "srcWordEA": 33,
      "character": "엄마,오른팔,나무,꼬챙이,깁스",
      "setting": null,
      "action": "씻지,깁스한,가지고 와서,넣고는,살살 긁어 주었어요",
      "feeling": null,
      "causalRelationship": null,
      "outcomeResolution": null,
      "prediction": null,
      "plotSummaryInfoCount": 1,
      "plotSummaryInfo": {
        "classification": "신체운동_건강",
        "readAge": "초등_고학년",
        "form": "long-form",
        "plotSummaryText": "거의 한 달을 씻지 못하니 깁스한 곳이 무척 가려웠는데 엄마가 나무 꼬챙이를 가지고 와서 깁스 사이에 넣고는 살살 긁어 주었어요.",
        "textWordEA": 20
      }
    },
    {
      "srcTextID": "100720",
      "srcText": "그런데 민재가 또다시 얼굴을 찡그렸어요. \"으윽, 그런데 엄마, 나.\" 민재가 엄마 귀에 대고 소곤거렸어요. 그러고는 급히 화장실로 뛰어 들어갔어요.",
      "srcPage": 32,
      "srcSentenceEA": 4,
      "srcWordEA": 21,
      "character": "민재,얼굴,엄마,귀",
      "setting": "화장실",
      "action": "찡그렸어요,소곤거렸어요,뛰어 들어갔어요",
      "feeling": null,
      "causalRelationship": null,
      "outcomeResolution": null,
      "prediction": null,
      "plotSummaryInfoCount": 1,
      "plotSummaryInfo": {
        "classification": "신체운동_건강",
        "readAge": "초등_고학년",
        "form": "long-form",
        "plotSummaryText": "민재가 또다시 얼굴을 찡그리며 으윽하고 민재가 엄마 귀에 대고 소곤거리고는 급히 화장실로 뛰어 들어갔어요.",
        "textWordEA": 14
      }
    },
    {
      "srcTextID": "100722",
      "srcText": "그러고 보니 영준이 두 볼에 빨갛고 도톨도톨한 것이 나 있었어요. \"꽃가루 알레르기가 있거든요. 그래서 조심하는데 애 아빠가 자전거를 사 주는 바람에 아주 고생이에요.\" 영준이네 엄마가 한숨을 푹 내쉬며 말했어요.",
      "srcPage": 38,
      "srcSentenceEA": 4,
      "srcWordEA": 31,
      "character": "영준이,볼,꽃가루,애,아빠,자전거,엄마",
      "setting": null,
      "action": "조심하는데,한숨을 푹 내쉬며 말했어요",
      "feeling": null,
      "causalRelationship": null,
      "outcomeResolution": null,
      "prediction": null,
      "plotSummaryInfoCount": 1,
      "plotSummaryInfo": {
        "classification": "신체운동_건강",
        "readAge": "초등_고학년",
        "form": "long-form",
        "plotSummaryText": "영준이는 꽃가루 알레르기가 있어 조심하는데 아빠가 자전거를 사 주는 바람에 고생이라며 영준네 엄마가 한숨을 푹 쉬며 말했어요.",
        "textWordEA": 17
      }
    },
    {
      "srcTextID": "100731",
      "srcText": "아무리 돈과 명예가 중요하다 해도 건강보다 더 중요한 것은 아니라는 말이지요. 또한 오로지 내 행복만을 위해 이기적으로 행동하면 곤란해요. 그렇게 하면 다른 사람들에게 미움이나 시샘을 받을 수도 있기 때문이지요. 그러므로 나의 성공과 목표만을 위해 나아갈 것이 아니라 항상 내 주위도 잘 살펴야 해요. 그래야 모두가 다 행복한 세상을 만들 수 있답니다.",
      "srcPage": 47,
      "srcSentenceEA": 5,
      "srcWordEA": 55,
      "character": "돈,사람들,명예,건강",
      "setting": null,
      "action": "행동하면,나아갈,살펴야,만들 수 있답니다",
      "feeling": "미움이나,행복만을",
      "causalRelationship": null,
      "outcomeResolution": null,
      "prediction": null,
      "plotSummaryInfoCount": 1,
      "plotSummaryInfo": {
        "classification": "신체운동_건강",
        "readAge": "초등_고학년",
        "form": "long-form",
        "plotSummaryText": "또한 내 행복만을 위해 이기적으로 행동하면 곤란한데 그렇게 하면 다른 사람들에게 미움이나 시샘을 받을 수도 있기 때문에 나의 성공과 목표만을 위해 나아갈 것이 아니라 항상 내 주위도 잘 살펴야 모두가 다 행복한 세상을 만들 수 있답니다.",
        "textWordEA": 36
      }
    }
  ]
}