{
  "title": "숙제는 정말 지겨워",
  "author": "권정현",
  "illustrator": "한국출판일러스트회",
  "isbn": "9791157024247",
  "publishedYear": 2015,
  "publisher": "황우",
  "paragraphInfoCount": 44,
  "paragraphInfo": [
    {
      "srcTextID": "97845",
      "srcText": "책도 읽지 못했고 글의 첫 문장도 쓰지 못했어요. 승찬이는 혼잣말로 변명을 해 보았어요. '지난주에는 학원 시험을 보느라 바빴고, 주말에는 할아버지 댁에 다녀오느라 시간이 없었어. 나도 어쩔 수가 없었다고!' 승찬이의 머릿속에서는 지유가 가르쳐 준 '숙제 방법'이 자꾸만 맴돌았어요. '아아! 어떡하지?'",
      "srcPage": 33,
      "srcSentenceEA": 8,
      "srcWordEA": 44,
      "character": "승찬이,지유",
      "setting": "주말,할아버지 댁",
      "action": "다녀오느라,쓰지,보느라",
      "feeling": null,
      "causalRelationship": null,
      "outcomeResolution": null,
      "prediction": null,
      "plotSummaryInfoCount": 1,
      "plotSummaryInfo": {
        "classification": "신체운동_건강",
        "readAge": "초등_고학년",
        "form": "long-form",
        "plotSummaryText": "지난주에는 학원 시험을 보고, 주말에는 할아버지 댁에 다녀오느라 자기도 어쩔 수가 없었다며 혼잣말을 하는 승찬이의 머릿속에 지유가 가르쳐 준 숙제 방법이 자꾸만 맴돌았습니다.",
        "textWordEA": 23
      }
    },
    {
      "srcTextID": "97803",
      "srcText": "\"으악, 이걸 언제 다 해?\" 승찬이는 두 손으로 머리카락을 움켜쥐며 소리쳤어요. 그러자 짝꿍 지유가 물었어요.",
      "srcPage": 1,
      "srcSentenceEA": 3,
      "srcWordEA": 17,
      "character": "승찬,지유,머리카락",
      "setting": null,
      "action": "움켜쥐며,소리쳤어요,물었어요",
      "feeling": null,
      "causalRelationship": null,
      "outcomeResolution": null,
      "prediction": null,
      "plotSummaryInfoCount": 1,
      "plotSummaryInfo": {
        "classification": "신체운동_건강",
        "readAge": "초등_고학년",
        "form": "short-form",
        "plotSummaryText": "두 손으로 머리카락을 움켜쥔 승찬이가 이걸 언제 다 하냐고 소리쳤습니다.",
        "textWordEA": 10
      }
    },
    {
      "srcTextID": "97802",
      "srcText": "\"왜? 숙제(宿題) 때문에?\" \"응! 숙제도 너무 어렵고 해야 할 일도 너무 많아!\" 지유가 어깨를 으쓱하며 물었어요.",
      "srcPage": 2,
      "srcSentenceEA": 3,
      "srcWordEA": 19,
      "character": "지유,어깨",
      "setting": null,
      "action": "어깨를 으쓱하며,물었어요",
      "feeling": null,
      "causalRelationship": null,
      "outcomeResolution": null,
      "prediction": null,
      "plotSummaryInfoCount": 1,
      "plotSummaryInfo": {
        "classification": "신체운동_건강",
        "readAge": "초등_고학년",
        "form": "short-form",
        "plotSummaryText": "숙제도 너무 어렵고 해야 할 일도 너무 많다는 말에 지유가 어깨를 으쓱했습니다.",
        "textWordEA": 12
      }
    },
    {
      "srcTextID": "97801",
      "srcText": "\"뭐가 많은데?\" \"나 이번 주에 학원에서 시험 두 개나 본단 말이야!\" \"나도 내일 학원 시험 있는데.\"",
      "srcPage": 3,
      "srcSentenceEA": 3,
      "srcWordEA": 16,
      "character": "나",
      "setting": "학원,이번 주,내일",
      "action": "본단 말이야",
      "feeling": null,
      "causalRelationship": null,
      "outcomeResolution": null,
      "prediction": null,
      "plotSummaryInfoCount": 1,
      "plotSummaryInfo": {
        "classification": "신체운동_건강",
        "readAge": "초등_고학년",
        "form": "short-form",
        "plotSummaryText": "이번 주에 나는 학원 시험을 두 개 나 본다고 하자, 자기도 내일 학원 시험이 있다고 답했습니다.",
        "textWordEA": 16
      }
    },
    {
      "srcTextID": "97805",
      "srcText": "지유의 아무렇지도 않은 말투에 승찬이는 의아(疑訝)했어요. \"뭐? 그런데 너는 걱정도 안 돼?\" \"걱정할 게 뭐가 있어?\"",
      "srcPage": 4,
      "srcSentenceEA": 3,
      "srcWordEA": 17,
      "character": "지유,승찬,너",
      "setting": null,
      "action": null,
      "feeling": "의아했어요,걱정할",
      "causalRelationship": null,
      "outcomeResolution": null,
      "prediction": null,
      "plotSummaryInfoCount": 1,
      "plotSummaryInfo": {
        "classification": "신체운동_건강",
        "readAge": "초등_고학년",
        "form": "short-form",
        "plotSummaryText": "지유의 아무렇지도 않은 말투에 승찬이는 의아해했고, 지유는 걱정할 게 없다고 했습니다.",
        "textWordEA": 11
      }
    },
    {
      "srcTextID": "97814",
      "srcText": "'그럼 다른 애들은 숙제를 쉽게 베껴 온단 말이야? 자기 힘으로 정직하게 하지 않고?' 승찬이는 문득 억울한 기분이 들었어요.",
      "srcPage": 12,
      "srcSentenceEA": 3,
      "srcWordEA": 20,
      "character": "승찬,다른 애들,자기",
      "setting": null,
      "action": "베껴 온단",
      "feeling": "억울한",
      "causalRelationship": null,
      "outcomeResolution": null,
      "prediction": null,
      "plotSummaryInfoCount": 1,
      "plotSummaryInfo": {
        "classification": "신체운동_건강",
        "readAge": "초등_고학년",
        "form": "short-form",
        "plotSummaryText": "자기 힘으로 정직하게 하지 않고 다른 애들은 숙제를 쉽게 베껴 온다고 생각한 승찬이는 문득 억울한 기분이 들었습니다.",
        "textWordEA": 17
      }
    },
    {
      "srcTextID": "97808",
      "srcText": "선생님께서 다음 주까지 해 오라고 내 주신 숙제는 그리 쉬운 것이 아니었어요. \"오늘 배운 인물에 대해 써 오세요. 이 인물에 대한 책 세 권을 읽고 자신의 생각을 솔직하게 써 보는 거예요.\"",
      "srcPage": 6,
      "srcSentenceEA": 3,
      "srcWordEA": 32,
      "character": "선생님,인물,책",
      "setting": "다음 주,오늘",
      "action": "써 오세요,읽고,써 보는 거예요",
      "feeling": null,
      "causalRelationship": null,
      "outcomeResolution": null,
      "prediction": null,
      "plotSummaryInfoCount": 1,
      "plotSummaryInfo": {
        "classification": "신체운동_건강",
        "readAge": "초등_고학년",
        "form": "short-form",
        "plotSummaryText": "선생님께서 내 주신 숙제는, 오늘 배운 인물에 대한 책 세 권을 읽고 자신의 생각을 솔직하게 써 보는 것이었습니다.",
        "textWordEA": 18
      }
    },
    {
      "srcTextID": "97806",
      "srcText": "\"집에 있는 책도 좋고 도서관에서 빌려도 좋아요. 그 대신 책을 그대로 베끼거나 다른 친구의 숙제를 흉내 내서는 절대로 안 돼요. 알았죠?\" 승찬이는 자기 생각을 쓰는 글쓰기가 이 세상에서 제일 어려웠어요.",
      "srcPage": 7,
      "srcSentenceEA": 4,
      "srcWordEA": 33,
      "character": "책,친구,승찬",
      "setting": "집,도서관",
      "action": "빌려도,쓰는,베끼거나",
      "feeling": null,
      "causalRelationship": null,
      "outcomeResolution": null,
      "prediction": null,
      "plotSummaryInfoCount": 1,
      "plotSummaryInfo": {
        "classification": "신체운동_건강",
        "readAge": "초등_고학년",
        "form": "long-form",
        "plotSummaryText": "책을 베끼거나 친구의 숙제를 흉내 내서는 안 되고, 빌린 책도 좋다고 하셨는데, 승찬이는 글쓰기가 이 세상에서 제일 어려웠습니다.",
        "textWordEA": 18
      }
    },
    {
      "srcTextID": "97821",
      "srcText": "\"우리 아들! 점수가 올랐네? 기특해라!\" 다행히도 승찬이의 학원 시험 점수는 지난번보다 조금 올랐어요.",
      "srcPage": 20,
      "srcSentenceEA": 4,
      "srcWordEA": 16,
      "character": "아들,승찬",
      "setting": "학원",
      "action": "올랐어요",
      "feeling": "다행히도",
      "causalRelationship": null,
      "outcomeResolution": null,
      "prediction": null,
      "plotSummaryInfoCount": 1,
      "plotSummaryInfo": {
        "classification": "신체운동_건강",
        "readAge": "초등_고학년",
        "form": "long-form",
        "plotSummaryText": "다행히도 승찬이의 학원 시험 점수가 지난번보다 조금 올라 엄마에게 기특하다는 소리를 들었습니다.",
        "textWordEA": 12
      }
    },
    {
      "srcTextID": "97835",
      "srcText": "\"사촌 형들이랑 누나들도 모두 올 거래. 좋겠지?\" 할아버지 댁에 가다니! 승찬이의 할아버지 댁은 차를 타고 네 시간도 더 걸리는 먼 시골에 있어요.",
      "srcPage": 29,
      "srcSentenceEA": 4,
      "srcWordEA": 25,
      "character": "사촌 형들,누나들,차",
      "setting": "시골,할아버지 댁",
      "action": "차를 타고",
      "feeling": "좋겠지",
      "causalRelationship": null,
      "outcomeResolution": null,
      "prediction": null,
      "plotSummaryInfoCount": 1,
      "plotSummaryInfo": {
        "classification": "신체운동_건강",
        "readAge": "초등_고학년",
        "form": "long-form",
        "plotSummaryText": "사촌 형들이랑 누나들도 모두 올 거라고 하셨는데, 승찬이의 할아버지 댁은 차를 타고 네 시간도 더 걸리는 먼 시골에 있었습니다.",
        "textWordEA": 19
      }
    },
    {
      "srcTextID": "97860",
      "srcText": "아이들은 아무 말도 하지 못했어요. 그런데 선생님이 이번에는 또 다른 이름을 불렀어요. \"승찬이 자리에서 일어나 볼래?\"",
      "srcPage": 39,
      "srcSentenceEA": 3,
      "srcWordEA": 17,
      "character": "아이들,선생님,승찬",
      "setting": null,
      "action": "불렀어요,말도 하지 못했어요,일어나",
      "feeling": null,
      "causalRelationship": null,
      "outcomeResolution": null,
      "prediction": null,
      "plotSummaryInfoCount": 1,
      "plotSummaryInfo": {
        "classification": "신체운동_건강",
        "readAge": "초등_고학년",
        "form": "short-form",
        "plotSummaryText": "아이들이 아무 말도 하지 못하는 와중에 선생님이 승찬이를 부르며 자리에서 일어나 보라고 하셨습니다.",
        "textWordEA": 13
      }
    },
    {
      "srcTextID": "97869",
      "srcText": "승찬이의 글에 아이들은 키득키득 웃음을 터트렸어요. \"숙제를 저렇게 해 오다니 틀림없이 더 혼이 날 거야!\" 그런데 선생님은 아무도 예상하지 못한 말을 했어요.",
      "srcPage": 41,
      "srcSentenceEA": 3,
      "srcWordEA": 23,
      "character": "승찬,선생님,아이들",
      "setting": null,
      "action": "웃음을 터트렸어요,말을 했어요",
      "feeling": null,
      "causalRelationship": null,
      "outcomeResolution": null,
      "prediction": null,
      "plotSummaryInfoCount": 1,
      "plotSummaryInfo": {
        "classification": "신체운동_건강",
        "readAge": "초등_고학년",
        "form": "short-form",
        "plotSummaryText": "승찬이의 글에 키득키득 웃음을 터트리던 아이들은 숙제를 저렇게 해 와 틀림없이 더 혼이 날 거라 생각했지만, 선생님은 아무도 예상하지 못한 말을 했습니다.",
        "textWordEA": 22
      }
    },
    {
      "srcTextID": "97868",
      "srcText": "글쓰기를 또 해 오라는 선생님 말씀에 아이들은 다들 한숨을 쉬었어요. 하지만 승찬이는 그 어느 때보다도 뿌듯했어요. 이번에는 왠지 멋진 글을 쓸 수 있을 것 같은 생각에, 하교하는 승찬이의 발걸음은 날아갈 듯 가벼웠답니다.",
      "srcPage": 44,
      "srcSentenceEA": 3,
      "srcWordEA": 34,
      "character": "선생님,아이들,승찬",
      "setting": null,
      "action": "하교하는,쓸 수",
      "feeling": "뿌듯했어요",
      "causalRelationship": null,
      "outcomeResolution": null,
      "prediction": null,
      "plotSummaryInfoCount": 1,
      "plotSummaryInfo": {
        "classification": "신체운동_건강",
        "readAge": "초등_고학년",
        "form": "short-form",
        "plotSummaryText": "글쓰기를 또 해 오라는 선생님 말씀에 한숨을 쉬었던 아이들과 달리, 승찬이는 이번에는 왠지 멋진 글을 쓸 수 있을 것 같아 발걸음이 가벼웠습니다.",
        "textWordEA": 22
      }
    },
    {
      "srcTextID": "97809",
      "srcText": "\"그럼 넌 어떻게 하는데?\" \"인터넷에 다 나오잖아. 검색하면 다 뜨니까 그중에서 아무거나 베끼면 되지!\"",
      "srcPage": 10,
      "srcSentenceEA": 3,
      "srcWordEA": 15,
      "character": null,
      "setting": null,
      "action": "베끼면 되지,나오잖아,검색하면",
      "feeling": null,
      "causalRelationship": "인터넷에 다 나오잖아. 검색하면 다 뜨니까 그중에서 아무거나 베끼면 되지!",
      "outcomeResolution": null,
      "prediction": "인터넷에 다 나오잖아",
      "plotSummaryInfoCount": 1,
      "plotSummaryInfo": {
        "classification": "신체운동_건강",
        "readAge": "초등_고학년",
        "form": "short-form",
        "plotSummaryText": "넌 어떻게 하냐 묻자 인터넷에 검색하면 다 나오니까 그중에서 아무거나 베낀다고 답했습니다.",
        "textWordEA": 12
      }
    },
    {
      "srcTextID": "97810",
      "srcText": "\"하지만 남의 것을 베끼면 절대 안 된다고 선생님이.\" \"어휴! 그렇게 하다가 언제 숙제랑 시험공부를 다 하니? 난 지난번에도 그렇게 했는걸!\" 지유의 목소리는 당당했어요. \"정말이야?\" \"당연하지!\" 지유의 자신감 넘치는 목소리에 승찬이는 정말로 자신이 바보같이 느껴졌어요.",
      "srcPage": 11,
      "srcSentenceEA": 5,
      "srcWordEA": 38,
      "character": "선생님,지유,승찬",
      "setting": null,
      "action": "베끼면,사험공부를 다 하니",
      "feeling": "자신감 넘치는",
      "causalRelationship": null,
      "outcomeResolution": null,
      "prediction": null,
      "plotSummaryInfoCount": 1,
      "plotSummaryInfo": {
        "classification": "신체운동_건강",
        "readAge": "초등_고학년",
        "form": "long-form",
        "plotSummaryText": "선생님이 남의 것을 베끼면 절대 안 된다고 하셨다는 말에, 지유는 그렇게 하다가 언제 숙제와 시험공부를 다 하냐고 하자, 승찬이는 자신이 바보같이 느껴졌습니다.",
        "textWordEA": 22
      }
    },
    {
      "srcTextID": "97815",
      "srcText": "언제나 숙제도 완벽하게 해 오고 준비물도 빠트리지 않고 발표도 잘하는 지유의 평소의 모습이 떠올랐어요. 집으로 돌아온 승찬이는 마음이 무거웠어요. 그런 승찬이의 기분도 모른 채 엄마가 또 잔소리를 했어요.",
      "srcPage": 13,
      "srcSentenceEA": 3,
      "srcWordEA": 30,
      "character": "지유,승찬,엄마",
      "setting": "집",
      "action": "빠트리지 않고,잔소리를 했어요,발표도 잘하는,돌아논",
      "feeling": "마음이 무거웠어요",
      "causalRelationship": null,
      "outcomeResolution": null,
      "prediction": null,
      "plotSummaryInfoCount": 1,
      "plotSummaryInfo": {
        "classification": "신체운동_건강",
        "readAge": "초등_고학년",
        "form": "short-form",
        "plotSummaryText": "승찬이는 언제나 숙제도 잘해 오고, 준비물도 빠트리지 않고, 발표도 잘하는 지유의 모습이 떠올라 집에 와서도 마음이 무거웠는데, 엄마가 승찬이에게 또 잔소리를 했습니다.",
        "textWordEA": 22
      }
    },
    {
      "srcTextID": "97843",
      "srcText": "숙제 따위는 하나도 생각나지 않았어요. '왜 재미있는 시간은 빨리 지나가는 거야?' 승찬이는 밤늦게까지 턱을 괴고 책상 앞에 앉아 있었어요.",
      "srcPage": 32,
      "srcSentenceEA": 3,
      "srcWordEA": 20,
      "character": "승찬",
      "setting": "책상 앞,밤늦게까지",
      "action": "앉아 있었어요,생각나지 않았어요,턱을 괴고",
      "feeling": "재미있는",
      "causalRelationship": null,
      "outcomeResolution": null,
      "prediction": null,
      "plotSummaryInfoCount": 1,
      "plotSummaryInfo": {
        "classification": "신체운동_건강",
        "readAge": "초등_고학년",
        "form": "short-form",
        "plotSummaryText": "숙제 따위는 하나도 생각나지 않았던 승찬이는 왜 재미있는 시간은 빨리 지나가는 걸까 생각하며 밤늦게까지 책상 앞에 앉아 있었습니다.",
        "textWordEA": 18
      }
    },
    {
      "srcTextID": "97849",
      "srcText": "마치 큰 죄를 지은 것만 같고, 금방이라도 선생님이 자기를 불러내어 혼을 낼 것만 같아 조마조마했어요. 숙제를 다 나눠 주고 나서 선생님이 말했어요. \"지유, 민호, 그리고 유빈이! 자리에서 일어나 볼까?\"",
      "srcPage": 35,
      "srcSentenceEA": 4,
      "srcWordEA": 31,
      "character": "선생님,지유,민호",
      "setting": null,
      "action": "말했어요,불러냉,나눠 주고,일어나",
      "feeling": "조마조마했어요",
      "causalRelationship": null,
      "outcomeResolution": null,
      "prediction": null,
      "plotSummaryInfoCount": 1,
      "plotSummaryInfo": {
        "classification": "신체운동_건강",
        "readAge": "초등_고학년",
        "form": "long-form",
        "plotSummaryText": "마치 큰 죄를 지은 것만 같고, 자기를 혼을 낼 것만 같아 조마조마하던 찰나, 선생님이 지유, 민호, 유빈이는 자리에서 일어나 보라고 했습니다.",
        "textWordEA": 21
      }
    },
    {
      "srcTextID": "97813",
      "srcText": "\"승찬아, 너 이번 주에 학원 시험 있지? 저번 시험보다 점수가 낮게 나오면 다음 주까지 컴퓨터 게임 못 하는 거야. 엄마랑 약속한 것 잊지 않았지?\" \"네.\"",
      "srcPage": 14,
      "srcSentenceEA": 3,
      "srcWordEA": 27,
      "character": "승찬,컴퓨터 게임,엄마",
      "setting": "이번 주,다음 주,학원",
      "action": "못 하는 거야,약속한",
      "feeling": null,
      "causalRelationship": null,
      "outcomeResolution": null,
      "prediction": null,
      "plotSummaryInfoCount": 1,
      "plotSummaryInfo": {
        "classification": "신체운동_건강",
        "readAge": "초등_고학년",
        "form": "short-form",
        "plotSummaryText": "엄마는 승찬이에게 학원 시험 점수가 저번보다 낮게 나오면, 다음 주까지 컴퓨터 게임 못 한다는 약속을 상기시켰습니다.",
        "textWordEA": 16
      }
    },
    {
      "srcTextID": "97817",
      "srcText": "'에잇, 몰라! 어떻게 되겠지.' 시험 점수가 나쁘면 승찬이가 가장 좋아하는 게임을 하지 못할 거라는 엄마와의 약속을 떠올리자, 더 이상 게으름을 피우고 있을 수가 없었어요.",
      "srcPage": 18,
      "srcSentenceEA": 3,
      "srcWordEA": 26,
      "character": "승찬",
      "setting": null,
      "action": "게임을 하지,떠올리자,게으름을 피우고",
      "feeling": "좋아하는",
      "causalRelationship": null,
      "outcomeResolution": null,
      "prediction": "더 이상 게으름을 피우고 있을 수가 없었어요",
      "plotSummaryInfoCount": 1,
      "plotSummaryInfo": {
        "classification": "신체운동_건강",
        "readAge": "초등_고학년",
        "form": "short-form",
        "plotSummaryText": "시험 점수가 나쁘면 가장 좋아하는 게임을 못할 거라는 엄마와의 약속을 떠올린 승찬이는 더 이상 게으름을 피울 수가 없었습니다.",
        "textWordEA": 18
      }
    },
    {
      "srcTextID": "97819",
      "srcText": "승찬이는 컴퓨터 게임이라면 자신이 있었어요. 그래서 이런 엉뚱한 상상을 해 본 적도 있어요. \"매일 게임을 하는 것이 이번 주 숙제예요. 게임 점수가 제일 높은 어린이에게 상을 줄 거예요.\" 이런 숙제라면 틀림없이 승찬이가 제일 잘할 거예요.",
      "srcPage": 19,
      "srcSentenceEA": 5,
      "srcWordEA": 38,
      "character": "승찬,컴퓨터,게임,어린이",
      "setting": "매일",
      "action": "상을 줄 거예요,잘할 거예요,게임을 하는",
      "feeling": null,
      "causalRelationship": null,
      "outcomeResolution": null,
      "prediction": null,
      "plotSummaryInfoCount": 1,
      "plotSummaryInfo": {
        "classification": "신체운동_건강",
        "readAge": "초등_고학년",
        "form": "long-form",
        "plotSummaryText": "만일 게임을 하는 숙제를 해서 점수가 제일 높은 어린이에게 상을 준다면 틀림없이 승찬이가 제일 잘할 것입니다.",
        "textWordEA": 16
      }
    },
    {
      "srcTextID": "97812",
      "srcText": "\"대답이 왜 그래? 약속 안 지킬 거야?\" \"아휴, 알았다고요.\" 승찬이는 자기도 모르게 엄마에게 짜증을 내고 말았어요. 엄마가 미운 것도 아니고, 짜증을 내려던 것도 아니었는데 갑자기 모든 것이 답답하게 느껴졌어요.",
      "srcPage": 15,
      "srcSentenceEA": 5,
      "srcWordEA": 32,
      "character": "승찬,엄마",
      "setting": null,
      "action": null,
      "feeling": "짜증을 내고,미운 것도 아니고,답답하게 느껴졌어요",
      "causalRelationship": null,
      "outcomeResolution": null,
      "prediction": null,
      "plotSummaryInfoCount": 1,
      "plotSummaryInfo": {
        "classification": "신체운동_건강",
        "readAge": "초등_고학년",
        "form": "long-form",
        "plotSummaryText": "약속 안 지킬 거냐 묻는 엄마에게 자기도 모르게 짜증이 났던 승찬이는 엄마가 미운 것도 아니었는데 갑자기 모든 것이 답답하게 느껴졌습니다.",
        "textWordEA": 20
      }
    },
    {
      "srcTextID": "97816",
      "srcText": "'숙제도 어렵고, 시험도 봐야 하고, 하고 싶은 게임은 마음껏 못 하고. 지유는 나더러 바보라고 하고.' 아무도 마음을 몰라주는 것 같아서 승찬이는 서운했어요.",
      "srcPage": 16,
      "srcSentenceEA": 3,
      "srcWordEA": 24,
      "character": "지유,승찬이",
      "setting": null,
      "action": "시험도 봐야 하고",
      "feeling": "서운했어요",
      "causalRelationship": null,
      "outcomeResolution": null,
      "prediction": null,
      "plotSummaryInfoCount": 1,
      "plotSummaryInfo": {
        "classification": "신체운동_건강",
        "readAge": "초등_고학년",
        "form": "short-form",
        "plotSummaryText": "승찬이는 숙제도 어렵고, 시험도 봐야 하는데 아무도 자기 마음을 몰라주는 것 같아 서운했습니다.",
        "textWordEA": 13
      }
    },
    {
      "srcTextID": "97818",
      "srcText": "그러나 서운해할 겨를도 없었어요. 이틀이나 연달아 학원 시험을 보려면 얼른 공부를 시작해야 하니까요. '숙제는 주말에 해도 되니까 일단 시험공부를 하자.'",
      "srcPage": 17,
      "srcSentenceEA": 3,
      "srcWordEA": 21,
      "character": null,
      "setting": "이틀이나,학원,주말에",
      "action": "공부를 시작해야,시험을 보려면",
      "feeling": "서운해할",
      "causalRelationship": null,
      "outcomeResolution": null,
      "prediction": null,
      "plotSummaryInfoCount": 1,
      "plotSummaryInfo": {
        "classification": "신체운동_건강",
        "readAge": "초등_고학년",
        "form": "short-form",
        "plotSummaryText": "이틀이나 연달아 학원 시험을 보려면 얼른 공부를 시작해야 해서 일단 시험공부를 하기로 했습니다.",
        "textWordEA": 13
      }
    },
    {
      "srcTextID": "97836",
      "srcText": "그런데 그날 저녁, 엄마가 뜻밖의 이야기를 하셨어요. \"승찬아, 이번 주 일요일은 할아버지 생신이란다. 그래서 토요일에 할아버지 댁에 가서 하룻밤 자고 일요일 저녁에 돌아올 거야.\"",
      "srcPage": 28,
      "srcSentenceEA": 3,
      "srcWordEA": 25,
      "character": "엄마,승찬,할아버지",
      "setting": "그날 저녁,일요일,할아버지 댁",
      "action": "자고,돌아올 거야",
      "feeling": null,
      "causalRelationship": null,
      "outcomeResolution": null,
      "prediction": null,
      "plotSummaryInfoCount": 1,
      "plotSummaryInfo": {
        "classification": "신체운동_건강",
        "readAge": "초등_고학년",
        "form": "short-form",
        "plotSummaryText": "그날 저녁, 엄마가 승찬이에게 이번 주 일요일이 할아버지 생신이어서 토요일에 할아버지 댁에 가서 하룻밤 자고 일요일 저녁에 돌아올 거라는 뜻밖의 이야기를 하셨습니다.",
        "textWordEA": 22
      }
    },
    {
      "srcTextID": "97822",
      "srcText": "몹시 기뻐하는 엄마를 보자 승찬이도 마음이 놓였어요. \"엄마, 그럼 게임 한 시간만 해도 되지요?\" \"으이그, 하여간 못 말려!\"",
      "srcPage": 21,
      "srcSentenceEA": 3,
      "srcWordEA": 18,
      "character": "엄마,승찬",
      "setting": null,
      "action": null,
      "feeling": "기뻐하는",
      "causalRelationship": null,
      "outcomeResolution": null,
      "prediction": "게임 한 시간만 해도 되지요?",
      "plotSummaryInfoCount": 1,
      "plotSummaryInfo": {
        "classification": "신체운동_건강",
        "readAge": "초등_고학년",
        "form": "short-form",
        "plotSummaryText": "승찬이는 기뻐하는 엄마에게 게임 한 시간만 해도 되느냐고 물었습니다.",
        "textWordEA": 9
      }
    },
    {
      "srcTextID": "97820",
      "srcText": "\"딱 한 시간만! 네?\" \"그럼 정말 딱 한 시간만이야? 그 이상은 안 돼.\" \"네!\"",
      "srcPage": 22,
      "srcSentenceEA": 4,
      "srcWordEA": 16,
      "character": null,
      "setting": "한 시간",
      "action": null,
      "feeling": null,
      "causalRelationship": null,
      "outcomeResolution": "그럼 정말 딱 한 시간만이야? 그 이상은 안 돼.",
      "prediction": null,
      "plotSummaryInfoCount": 1,
      "plotSummaryInfo": {
        "classification": "신체운동_건강",
        "readAge": "초등_고학년",
        "form": "long-form",
        "plotSummaryText": "그 이상은 안 되고 정말 딱 한 시간만 하라고 말했습니다.",
        "textWordEA": 10
      }
    },
    {
      "srcTextID": "97824",
      "srcText": "엄마가 컴퓨터 게임을 허락해 주시는 것은 그리 흔한 일이 아니었어요. 그래서 승찬이는 더더욱 신이 났어요. 게임을 하는 한 시간은 순식간에 지나갔어요.",
      "srcPage": 23,
      "srcSentenceEA": 3,
      "srcWordEA": 23,
      "character": "엄마,컴퓨터 게임,승찬",
      "setting": null,
      "action": "허락해,게임을 하는",
      "feeling": "신이 났어요",
      "causalRelationship": null,
      "outcomeResolution": null,
      "prediction": null,
      "plotSummaryInfoCount": 1,
      "plotSummaryInfo": {
        "classification": "신체운동_건강",
        "readAge": "초등_고학년",
        "form": "short-form",
        "plotSummaryText": "엄마가 컴퓨터 게임을 잘 허락하지 않기 때문에 승찬이는 더 신나게 게임을 했고 한 시간은 순식간에 지나갔습니다.",
        "textWordEA": 16
      }
    },
    {
      "srcTextID": "97830",
      "srcText": "사실은 아까부터 게임보다 훨씬 더 신경 쓰이는 것이 있었어요. 그건 바로 글쓰기 숙제! 책을 세 권이나 읽고 자기 생각을 써야 하는 그 숙제가 승찬이의 마음을 무겁게 짓누르고 있었어요.",
      "srcPage": 25,
      "srcSentenceEA": 3,
      "srcWordEA": 30,
      "character": "게임,승찬,책",
      "setting": null,
      "action": "써야 하는,읽고",
      "feeling": "마음을 무겁게",
      "causalRelationship": null,
      "outcomeResolution": null,
      "prediction": null,
      "plotSummaryInfoCount": 1,
      "plotSummaryInfo": {
        "classification": "신체운동_건강",
        "readAge": "초등_고학년",
        "form": "short-form",
        "plotSummaryText": "승찬이를 신경 쓰이게 하고 마음을 무겁게 짓누르는 것은 바로 책을 세 권이나 읽고 자기 생각을 써야 하는 글쓰기 숙제였습니다.",
        "textWordEA": 19
      }
    },
    {
      "srcTextID": "97831",
      "srcText": "주말까지 숙제를 마쳐야만 다음 주 숙제 검사 때 제출을 할 수 있을 거예요. 토요일과 일요일에도 맘껏 놀지 못하고 책을 읽고 글쓰기를 할 생각을 하자, 벌써부터 어디론가 도망가고 싶었어요. 승찬이는 짝꿍 지유가 했던 이야기를 떠올렸어요.",
      "srcPage": 26,
      "srcSentenceEA": 3,
      "srcWordEA": 36,
      "character": "승찬,지유",
      "setting": "주말,토요일,일요일",
      "action": "놀지 못하고,숙제를 마쳐야,읽고,글쓰기를 할",
      "feeling": "도망가고 싶었어요",
      "causalRelationship": null,
      "outcomeResolution": null,
      "prediction": null,
      "plotSummaryInfoCount": 1,
      "plotSummaryInfo": {
        "classification": "신체운동_건강",
        "readAge": "초등_고학년",
        "form": "short-form",
        "plotSummaryText": "주말에도 맘껏 놀지 못하고 글쓰기 할 생각을 하자 도망가고 싶던 중 지유가 했던 말이 떠올랐습니다.",
        "textWordEA": 15
      }
    },
    {
      "srcTextID": "97829",
      "srcText": "'인터넷을 검색해서 대충 베끼면 돼!' 또 지유가 승찬이더러 '바보'라고 하던 말투와 표정도 떠올랐어요. 승찬이는 고민에 빠졌어요. '정말 다른 친구들은 그렇게 숙제를 하는 걸까? 선생님 말씀처럼 책을 읽은 뒤 자기 생각을 쓰지 않고, 인터넷에서 남의 것을 베껴서 내는 게 사실일까?'",
      "srcPage": 27,
      "srcSentenceEA": 6,
      "srcWordEA": 43,
      "character": "지유,승찬,선생님,다른 친구들",
      "setting": null,
      "action": "숙제를 하는,읽은 뒤,생각을 쓰지 않고,베껴서",
      "feeling": null,
      "causalRelationship": null,
      "outcomeResolution": null,
      "prediction": null,
      "plotSummaryInfoCount": 1,
      "plotSummaryInfo": {
        "classification": "신체운동_건강",
        "readAge": "초등_고학년",
        "form": "long-form",
        "plotSummaryText": "승찬이는 인터넷을 검색해서 대충 베끼면 된다는 지유의 말투와 표정이 떠올라 고민에 빠졌고, 정말 다른 친구들은 그렇게 숙제를 하는게 맞는지 궁금했습니다.",
        "textWordEA": 20
      }
    },
    {
      "srcTextID": "97804",
      "srcText": "지유는 콧방귀를 뀌었어요. \"넌 나보다 학원도 두 군데나 더 다닌다면서? 그런데 어떻게 숙제를 항상 빠뜨리지 않고 해 올 수 있어?\"",
      "srcPage": 5,
      "srcSentenceEA": 3,
      "srcWordEA": 21,
      "character": "지유,나",
      "setting": "학원",
      "action": "콧방귀를 뀌었어요,다닌다면서,빠뜨리지,해 올 수",
      "feeling": null,
      "causalRelationship": null,
      "outcomeResolution": null,
      "prediction": null,
      "plotSummaryInfoCount": 1,
      "plotSummaryInfo": {
        "classification": "신체운동_건강",
        "readAge": "초등_고학년",
        "form": "short-form",
        "plotSummaryText": "콧방귀를 뀌는 지유에게 학원도 두 군데나 더 다니는데 어떻게 숙제를 항상 해 올 수 있느냐 물었습니다.",
        "textWordEA": 16
      }
    },
    {
      "srcTextID": "97844",
      "srcText": "승찬이가 글쓰기 숙제를 다시 떠올리게 된 것은 숙제를 제출하기 하루 전날이었어요. 승찬이가 기대했던 대로 할아버지 댁에서의 주말은 너무도 재미있었어요. 할아버지 생신이라서 맛있는 음식도 많이 먹었고, 친척 형들과 누나들과도 신나게 놀았어요.",
      "srcPage": 31,
      "srcSentenceEA": 3,
      "srcWordEA": 32,
      "character": "승찬,친척형,누나들",
      "setting": "하루 전날,할아버지 댁",
      "action": "놀았어요,떠올리게.제출하기,먹었고",
      "feeling": "재미있었어요,신나게",
      "causalRelationship": null,
      "outcomeResolution": null,
      "prediction": null,
      "plotSummaryInfoCount": 1,
      "plotSummaryInfo": {
        "classification": "신체운동_건강",
        "readAge": "초등_고학년",
        "form": "short-form",
        "plotSummaryText": "기대했던 대로 할아버지 댁에서의 친척들과 신나게 놀고 맛있는 음식도 많이 먹어 너무 재미있었고, 숙제 제출 하루 전날에야 승찬이는 글쓰기 숙제를 다시 떠올렸습니다.",
        "textWordEA": 22
      }
    },
    {
      "srcTextID": "97807",
      "srcText": "게다가 이번에는 책을 세 권이나 읽고 나서 써야 한다니 더더욱 눈앞이 캄캄할 수밖에요. 더구나 내일과 모레는 학원에서 시험을 보는 날! 저번 시험을 망쳤기 때문에 이번에도 점수가 낮게 나오면 엄마한테 엄청 혼이 날 거예요. 승찬이는 울고 싶었어요.",
      "srcPage": 8,
      "srcSentenceEA": 4,
      "srcWordEA": 39,
      "character": "책,엄마",
      "setting": "내일,학원",
      "action": "써야,읽고,보는",
      "feeling": "울고 싶었어요",
      "causalRelationship": null,
      "outcomeResolution": null,
      "prediction": null,
      "plotSummaryInfoCount": 1,
      "plotSummaryInfo": {
        "classification": "신체운동_건강",
        "readAge": "초등_고학년",
        "form": "long-form",
        "plotSummaryText": "책을 세 권이나 읽고 써야 하고, 내일과 모레는 학원에서 시험을 보는 날인데 또 점수가 낮게 나오면 엄마한테 엄청 혼이 날 거라 승찬이는 울고 싶었습니다.",
        "textWordEA": 24
      }
    },
    {
      "srcTextID": "97811",
      "srcText": "지유가 승찬이를 보며 한심하다는 듯이 말했어요. \"선생님이 하라는 대로 숙제를 하는 애가 어디 있니?\" 놀란 승찬이가 눈을 동그랗게 뜨고 물었어요.",
      "srcPage": 9,
      "srcSentenceEA": 3,
      "srcWordEA": 21,
      "character": "지유,승찬이,선생님",
      "setting": null,
      "action": "말했어요,숙제를 하는,뜨고",
      "feeling": "한심하다는 듯",
      "causalRelationship": null,
      "outcomeResolution": null,
      "prediction": null,
      "plotSummaryInfoCount": 1,
      "plotSummaryInfo": {
        "classification": "신체운동_건강",
        "readAge": "초등_고학년",
        "form": "short-form",
        "plotSummaryText": "지유가 한심하다는 듯이 선생님이 하라는 대로 숙제를 하는 애가 어디 있느냐고 말해 놀란 승찬이가 눈을 동그랗게 뜨고 물었습니다.",
        "textWordEA": 18
      }
    },
    {
      "srcTextID": "97850",
      "srcText": "마침내 그날이 오고야 말았어요. 선생님께서는 반 아이들의 글쓰기 숙제를 걷어 갔다가 전부 검사를 한 후 그다음 날 나눠 주었어요. 숙제를 낼 때도, 그리고 돌려받을 때도, 승찬이는 자기도 모르게 고개를 푹 숙였어요.",
      "srcPage": 34,
      "srcSentenceEA": 3,
      "srcWordEA": 33,
      "character": "선생님,승찬",
      "setting": "그다음 날",
      "action": "검사를 한,나눠 주었어요,낼,돌려받을,숙였어요",
      "feeling": null,
      "causalRelationship": null,
      "outcomeResolution": null,
      "prediction": null,
      "plotSummaryInfoCount": 1,
      "plotSummaryInfo": {
        "classification": "신체운동_건강",
        "readAge": "초등_고학년",
        "form": "short-form",
        "plotSummaryText": "그날, 선생님께서 글쓰기 숙제를 걷어 갔다가 검사를 한 후 그다음 날 나눠 주셨는데, 승찬이는 숙제를 낼 때도, 돌려받을 때도, 고개를 푹 숙였습니다.",
        "textWordEA": 22
      }
    },
    {
      "srcTextID": "97851",
      "srcText": "이름이 불린 아이들이 자리에서 일어났어요. \"자신의 숙제 중에서 첫 문단을 소리 내어 읽어 보세요. 먼저 지유부터!\" 세 아이들은 어리둥절하다가 차례대로 자신의 숙제를 큰 소리로 읽기 시작했어요.",
      "srcPage": 36,
      "srcSentenceEA": 4,
      "srcWordEA": 28,
      "character": "지유,세 아이들",
      "setting": null,
      "action": "일어났어요,읽기 시작했어요",
      "feeling": null,
      "causalRelationship": null,
      "outcomeResolution": null,
      "prediction": null,
      "plotSummaryInfoCount": 1,
      "plotSummaryInfo": {
        "classification": "신체운동_건강",
        "readAge": "초등_고학년",
        "form": "long-form",
        "plotSummaryText": "자리에서 일어난 아이들에게 자신의 숙제의 첫 문단을 읽어 보라 했고, 어리둥절하던 세 아이들이 차례대로 자신의 숙제를 큰 소리로 읽기 시작했습니다.",
        "textWordEA": 20
      }
    },
    {
      "srcTextID": "97858",
      "srcText": "반 아이들은 영문을 몰랐어요. 그런데 유빈이까지 다 읽고 나자 모두의 얼굴엔 같은 표정이 떠올랐어요. 세 명이 쓴 글이 글자 하나까지 똑같은 게 아니겠어요?",
      "srcPage": 37,
      "srcSentenceEA": 3,
      "srcWordEA": 25,
      "character": "아이들,유빈",
      "setting": null,
      "action": "읽고,떠올랐어요",
      "feeling": null,
      "causalRelationship": null,
      "outcomeResolution": null,
      "prediction": null,
      "plotSummaryInfoCount": 1,
      "plotSummaryInfo": {
        "classification": "신체운동_건강",
        "readAge": "초등_고학년",
        "form": "short-form",
        "plotSummaryText": "유빈이까지 다 읽고 나서 세 명이 쓴 글이 완전히 똑같은 걸 알게 된 반 아이들의 얼굴에는 같은 표정이 떠올랐습니다.",
        "textWordEA": 19
      }
    },
    {
      "srcTextID": "97861",
      "srcText": "지유, 민호, 유빈이는 그제야 얼굴이 빨개져 고개를 숙였어요. \"세 사람은 숙제를 해 왔지만 방법은 옳지 않았어요. 자기 생각을 쓰지 않고 어디선가 베꼈기 때문이에요!\"",
      "srcPage": 38,
      "srcSentenceEA": 3,
      "srcWordEA": 24,
      "character": "지유,민호,유빈",
      "setting": null,
      "action": "숙였어요,해 왔지만,쓰지,베꼈기",
      "feeling": null,
      "causalRelationship": "세 사람은 숙제를 해 왔지만 방법은 옳지 않았어요. 자기 생각을 쓰지 않고 어디선가 베꼈기 때문이에요!",
      "outcomeResolution": null,
      "prediction": null,
      "plotSummaryInfoCount": 1,
      "plotSummaryInfo": {
        "classification": "신체운동_건강",
        "readAge": "초등_고학년",
        "form": "short-form",
        "plotSummaryText": "지유, 민호, 유빈이는 얼굴이 빨개져 고개를 숙였는데, 세 사람은 숙제를 해 왔지만 옳지 않은 방법으로 해왔다고 하셨습니다.",
        "textWordEA": 17
      }
    },
    {
      "srcTextID": "97859",
      "srcText": "승찬이는 깜짝 놀라서 쭈뼛거리며 자리에서 일어났어요. \"승찬이도 써 온 것을 읽어 봐.\" 승찬이는 잠시 머뭇거리다가, 어쩔 수 없이 자신이 쓴 것을 읽기 시작했어요. \"저는 윤봉길 의사에 대한 글쓰기 숙제를 잘하고 싶었습니다. 하지만 학원 시험공부를 하고 시골 할아버지 댁에 다녀오느라 책을 읽지 못했습니다.\"",
      "srcPage": 40,
      "srcSentenceEA": 5,
      "srcWordEA": 44,
      "character": "승찬,책",
      "setting": "할아버지 댁",
      "action": "일어났어요,읽어,머뭇거리다가,다녀오느라",
      "feeling": "놀라서",
      "causalRelationship": null,
      "outcomeResolution": null,
      "prediction": null,
      "plotSummaryInfoCount": 1,
      "plotSummaryInfo": {
        "classification": "신체운동_건강",
        "readAge": "초등_고학년",
        "form": "long-form",
        "plotSummaryText": "잠시 머뭇거리던 승찬이가 자신이 쓴 것을 읽기 시작했는데, 윤봉길 의사에 대한 글쓰기 숙제를 잘하고 싶었지만, 학원 시험공부와 시골 할아버지 댁에 다녀오느라 책을 읽지 못했다는 내용이었습니다.",
        "textWordEA": 25
      }
    },
    {
      "srcTextID": "97867",
      "srcText": "\"승찬이가 숙제를 해 오지 못한 것은 분명히 잘못한 일이에요. 하지만 선생님은 지유, 민호, 유빈이보다 승찬이에게 더 높은 점수를 주었어요. 왜일까요?\" 선생님의 질문에 교실 전체가 조용해졌어요.",
      "srcPage": 42,
      "srcSentenceEA": 4,
      "srcWordEA": 28,
      "character": "승찬,선생님,지유,민호",
      "setting": "교실",
      "action": "조용해졌어요,주었어요",
      "feeling": null,
      "causalRelationship": null,
      "outcomeResolution": null,
      "prediction": null,
      "plotSummaryInfoCount": 1,
      "plotSummaryInfo": {
        "classification": "신체운동_건강",
        "readAge": "초등_고학년",
        "form": "long-form",
        "plotSummaryText": "숙제를 해 오지 못한 것은 분명히 잘못한 일이지만, 지유, 민호, 유빈이보다 승찬이에게 더 높은 점수를 준 이유는 묻자 교실 전체가 조용해졌습니다.",
        "textWordEA": 21
      }
    },
    {
      "srcTextID": "97866",
      "srcText": "\"그건 승찬이의 정직함 때문이에요. 숙제를 잘하는 것보다 더 중요한 건 자기 힘으로 정직하게 하는 거예요. 그런 의미에서 글쓰기 숙제를 한 번 더 내겠어요. 이번에는 '정직함'에 대한 자신의 생각을 써 오세요!\"",
      "srcPage": 43,
      "srcSentenceEA": 5,
      "srcWordEA": 34,
      "character": "승찬,자기",
      "setting": null,
      "action": "써 오세요,내겠어요",
      "feeling": null,
      "causalRelationship": null,
      "outcomeResolution": null,
      "prediction": null,
      "plotSummaryInfoCount": 1,
      "plotSummaryInfo": {
        "classification": "신체운동_건강",
        "readAge": "초등_고학년",
        "form": "long-form",
        "plotSummaryText": "승찬이의 정직함 때문이라며, 숙제를 잘하는 것보다 더 중요한 건 자기 힘으로 정직하게 하는 것이라고 하셨습니다.",
        "textWordEA": 15
      }
    },
    {
      "srcTextID": "97823",
      "srcText": "시작한 지 10분밖에 안 지난 것 같은데 벌써 엄마가 곁에 오셔서 \"자, 이제 그만!\"이라고 말씀하셨어요. \"으아, 더 하고 싶다.\" 승찬이는 아쉬워하며 게임을 끝냈어요.",
      "srcPage": 24,
      "srcSentenceEA": 5,
      "srcWordEA": 25,
      "character": "엄마,승찬",
      "setting": null,
      "action": "말씀하셨어요,게임을 끝냈어요,오셔서",
      "feeling": "아쉬워하며",
      "causalRelationship": null,
      "outcomeResolution": null,
      "prediction": null,
      "plotSummaryInfoCount": 1,
      "plotSummaryInfo": {
        "classification": "신체운동_건강",
        "readAge": "초등_고학년",
        "form": "long-form",
        "plotSummaryText": "시작한 지 10분밖에 안 지난 것 같은데 엄마가 이제 그만이라 말씀하셔서 승찬이는 아쉬워하며 게임을 끝냈습니다.",
        "textWordEA": 15
      }
    },
    {
      "srcTextID": "97837",
      "srcText": "승찬이는 어려서부터 할아버지 댁에 놀러 가는 게 제일 즐거웠어요. 그곳에 가면 승찬이를 예뻐하는 할아버지와 할머니가 반겨 주시고, 사촌들과 냇가에서 하루 종일 놀아도 아무도 공부하라는 소리를 하지 않거든요. 승찬이는 들뜬 마음에 일단 숙제는 나중에 생각하기로 했어요.",
      "srcPage": 30,
      "srcSentenceEA": 3,
      "srcWordEA": 37,
      "character": "승찬,할머니,사촌들",
      "setting": "할아버지 댁,냇가에서",
      "action": "놀아도,공부하라는",
      "feeling": "즐거웠어요",
      "causalRelationship": null,
      "outcomeResolution": null,
      "prediction": null,
      "plotSummaryInfoCount": 1,
      "plotSummaryInfo": {
        "classification": "신체운동_건강",
        "readAge": "초등_고학년",
        "form": "short-form",
        "plotSummaryText": "승찬이는 어려서부터 할아버지 댁에 가는 것이 가장 즐거웠는데, 사촌들과 하루 종일 놀아도 아무도 공부하라는 소리를 하지 않기 때문입니다.",
        "textWordEA": 18
      }
    }
  ]
}