{
  "title": "미국을 감동시킨 소통의 여왕",
  "author": "김상영",
  "illustrator": "한국출판일러스트협회",
  "isbn": "9791157023929",
  "publishedYear": 2015,
  "publisher": "황우출판사",
  "paragraphInfoCount": 20,
  "paragraphInfo": [
    {
      "srcTextID": "128231",
      "srcText": "“오늘은 교회에 갔었단다.\" \"그런데 이상하지? 다른 아이들은 다 엄마 아빠가 있어.\" \"외할머니 손을 잡고 간 건 나밖에 없어.\"",
      "srcPage": 14,
      "srcSentenceEA": 4,
      "srcWordEA": 19,
      "character": "아이,엄마,아빠,외할머니,손,나",
      "setting": "오늘은,교회",
      "action": "갔었단다,잡고,간",
      "feeling": null,
      "causalRelationship": null,
      "outcomeResolution": null,
      "prediction": "그런데 이상하지? 다른 아이들은 다 엄마 아빠가 있어.",
      "plotSummaryInfoCount": 1,
      "plotSummaryInfo": {
        "classification": "신체운동_건강",
        "readAge": "초등_고학년",
        "form": "long-form",
        "plotSummaryText": "오늘은 교회에 갔었는데 외할머니 손을 잡고 간 건 나밖에 없다고 했습니다.",
        "textWordEA": 11
      }
    },
    {
      "srcTextID": "128236",
      "srcText": "오프라는 외우기에 뛰어난 재능이 있었어요. 외할머니는 오프라가 세 살 때부터 글자를 가르쳤답니다. 오프라가 집에서 읽을 수 있는 책이라고는 성경(聖經)뿐이었어요.",
      "srcPage": 18,
      "srcSentenceEA": 3,
      "srcWordEA": 21,
      "character": "오프라,외할머니,성경,책",
      "setting": "세 살 때부터,집",
      "action": "가르쳤답니다,읽을,외우기에",
      "feeling": null,
      "causalRelationship": null,
      "outcomeResolution": null,
      "prediction": null,
      "plotSummaryInfoCount": 1,
      "plotSummaryInfo": {
        "classification": "신체운동_건강",
        "readAge": "초등_고학년",
        "form": "short-form",
        "plotSummaryText": "외할머니는 오프라가 세 살 때부터 글자를 가르쳤는데, 오프라는 외우기에 뛰어난 재능이 있었습니다.",
        "textWordEA": 12
      }
    },
    {
      "srcTextID": "128235",
      "srcText": "동화책이나 만화책 같은 것을 사 볼 형편이 못 되었기 때문이에요. 외할머니는 오프라가 성경을 잘 외운다고 동네방네 자랑했어요. 오프라를 데리고 나가서 성경을 외워 보게 할 때도 있었어요.",
      "srcPage": 19,
      "srcSentenceEA": 3,
      "srcWordEA": 28,
      "character": "동화책,만화책,외할머니,오프라,성경",
      "setting": null,
      "action": "외운다고,자랑했어요,외워 보게 할,사 볼,데리고 나가서",
      "feeling": null,
      "causalRelationship": null,
      "outcomeResolution": null,
      "prediction": "오프라를 데리고 나가서 성경을 외워 보게 할 때도 있었어요.",
      "plotSummaryInfoCount": 1,
      "plotSummaryInfo": {
        "classification": "신체운동_건강",
        "readAge": "초등_고학년",
        "form": "short-form",
        "plotSummaryText": "외할머니는 오프라가 성경을 잘 외운다고 동네방네 자랑하고, 오프라를 데리고 나가서 성경을 외워 보게 할 때도 있었습니다.",
        "textWordEA": 16
      }
    },
    {
      "srcTextID": "128234",
      "srcText": "“들어 보세요. 우리 손녀딸이 얼마나 영리한지!” 시골 사람들은 오프라가 성경을 줄줄 외우는 것을 보고는 입이 마르게 칭찬을 늘어놓았어요. “오프라 할머니, 똑똑한 손녀를 두셔서 얼마나 좋으세요!”",
      "srcPage": 20,
      "srcSentenceEA": 4,
      "srcWordEA": 27,
      "character": "손녀딸,오프라,성경,입,할머니,사람들",
      "setting": "시골",
      "action": "들어 보세요,외우는,칭찬을 늘어놓았어요",
      "feeling": "좋으세요",
      "causalRelationship": null,
      "outcomeResolution": null,
      "prediction": null,
      "plotSummaryInfoCount": 1,
      "plotSummaryInfo": {
        "classification": "신체운동_건강",
        "readAge": "초등_고학년",
        "form": "long-form",
        "plotSummaryText": "시골 사람들은 오프라가 성경을 줄줄 외우는 것을 보고는 똑똑한 손녀를 두셔서 좋겠다고 입이 마르게 칭찬을 늘어놓았습니다.",
        "textWordEA": 16
      }
    },
    {
      "srcTextID": "128221",
      "srcText": "외할머니 집에서 키우는 소와 양, 닭과 돼지, 그리고 강아지가 오프라의 유일한 친구들이었어요. 집에는 수돗물도 나오지 않았고 변변한 농기구(農器具)가 있는 것도 아니라서, 외할머니 혼자 가축(家畜)들을 키우기에는 너무 벅찼어요. 한창 바쁠 때는 가축들 먹이 줄 시간도 없었어요.",
      "srcPage": 6,
      "srcSentenceEA": 3,
      "srcWordEA": 37,
      "character": "소,양,닭,돼지,강아지,오프라,친구,농기구,가축",
      "setting": "집",
      "action": "키우기에는,먹이 줄,키우는",
      "feeling": "너무 벅찼어요",
      "causalRelationship": "집에는 수돗물도 나오지 않았고 변변한 농기구(農器具)가 있는 것도 아니라서,외할머니 혼자 가축(家畜)들을 키우기에는 너무 벅찼어요.",
      "outcomeResolution": null,
      "prediction": null,
      "plotSummaryInfoCount": 1,
      "plotSummaryInfo": {
        "classification": "신체운동_건강",
        "readAge": "초등_고학년",
        "form": "short-form",
        "plotSummaryText": "외할머니 집에서 키우는 가축들이 오프라의 유일한 친구들이었는데, 외할머니 혼자 가축들을 키우기에는 너무 벅찼습니다.",
        "textWordEA": 13
      }
    },
    {
      "srcTextID": "128225",
      "srcText": "오프라는 우물에서 물을 길어 오고, 가축들을 들판으로 끌고 나가 풀을 뜯기거나 벌레를 잡아먹게 하면서 하루를 보냈어요. 외할머니 일을 조금이나마 도와줄 수 있다는 것이 오프라에게는 커다란 기쁨이었어요. 또래 친구라곤 한 명도 없고, 놀이 시설도 게임기도 휴대 전화도 없는 시골 마을에서 오프라는 심심할 때 어떻게 시간을 보냈을까요?",
      "srcPage": 7,
      "srcSentenceEA": 3,
      "srcWordEA": 47,
      "character": "오프라,가축들,풀,벌레,외할머니,또래 친구,게임기,휴대 전화",
      "setting": "우물,들판,시골 마을",
      "action": "길어 오고,끌고 나가,잡아먹게 하면서,뜯기거나,도와줄,보냈어요",
      "feeling": "기쁨이었어요",
      "causalRelationship": null,
      "outcomeResolution": null,
      "prediction": null,
      "plotSummaryInfoCount": 1,
      "plotSummaryInfo": {
        "classification": "신체운동_건강",
        "readAge": "초등_고학년",
        "form": "short-form",
        "plotSummaryText": "우물에서 물을 길어 오고, 가축들을 돌보며 외할머니 일을 도와줄 수 있다는 것이 오프라에게는 커다란 기쁨이었습니다.",
        "textWordEA": 15
      }
    },
    {
      "srcTextID": "128224",
      "srcText": "다행히 오프라에게는 동물 친구들이 있었어요. “강아지야, 넌 왜 집 안에만 있니? 친구랑 싸웠어?” “병아리야, 밥 흘리면 안 돼. 밥 잘 먹고 열심히 운동하렴. 그래야 알을 많이 낳을 수 있거든.”",
      "srcPage": 8,
      "srcSentenceEA": 6,
      "srcWordEA": 32,
      "character": "오프라,동물,강아지,친구,병아리,밥,알",
      "setting": "집 안",
      "action": "싸웠어,흘리면,먹고,운동하렴",
      "feeling": null,
      "causalRelationship": null,
      "outcomeResolution": "다행히 오프라에게는 동물 친구들이 있었어요.",
      "prediction": null,
      "plotSummaryInfoCount": 1,
      "plotSummaryInfo": {
        "classification": "신체운동_건강",
        "readAge": "초등_고학년",
        "form": "long-form",
        "plotSummaryText": "오프라에게는 강아지, 병아리 같은 동물 친구들이 있었습니다.",
        "textWordEA": 7
      }
    },
    {
      "srcTextID": "128223",
      "srcText": "“소야, 수고했어. 우유 잘 마실게!” 오프라에게는 동물 친구들이 유일(唯一)한 말벗이었어요. 지루하고 외로운 시간도 동물 친구들이 있어 즐겁게 보낼 수 있었지요.",
      "srcPage": 9,
      "srcSentenceEA": 4,
      "srcWordEA": 23,
      "character": "소,우유,오프라,동물",
      "setting": null,
      "action": "마실게,보낼 수",
      "feeling": "지루하고,외로운,즐겁게",
      "causalRelationship": null,
      "outcomeResolution": "지루하고 외로운 시간도 동물 친구들이 있어 즐겁게 보낼 수 있었지요.",
      "prediction": null,
      "plotSummaryInfoCount": 1,
      "plotSummaryInfo": {
        "classification": "신체운동_건강",
        "readAge": "초등_고학년",
        "form": "long-form",
        "plotSummaryText": "오프라는 지루하고 외로운 시간도 동물 친구들이 있어 즐겁게 보낼 수 있었습니다.",
        "textWordEA": 11
      }
    },
    {
      "srcTextID": "128227",
      "srcText": "가끔은 혼자만의 비밀(秘密) 이야기를 꺼내기도 했어요. 외할머니한테 하기 힘든 얘기들 말이에요. 그럼 비밀이 새어 나갈 염려도 없고, 외할머니가 속상해하실 이유도 없었어요. 그런데 오프라가 동물 친구들에게만 들려준 비밀 이야기는 과연 무엇이었을까요?",
      "srcPage": 13,
      "srcSentenceEA": 4,
      "srcWordEA": 33,
      "character": "외할머니,오프라,동물,동물 친구들",
      "setting": null,
      "action": "들려준,꺼내기도",
      "feeling": "속상해하실,염려도 없고",
      "causalRelationship": null,
      "outcomeResolution": null,
      "prediction": "그런데 오프라가 동물 친구들에게만 들려준 비밀 이야기는 과연 무엇이었을까요?",
      "plotSummaryInfoCount": 1,
      "plotSummaryInfo": {
        "classification": "신체운동_건강",
        "readAge": "초등_고학년",
        "form": "long-form",
        "plotSummaryText": "오프라는 가끔은 외할머니한테 하기 힘든 혼자만의 비밀 이야기를 동물 친구들에게 들려주기도 했습니다.",
        "textWordEA": 12
      }
    },
    {
      "srcTextID": "128230",
      "srcText": "\"엄마 아빠는 언제 오실까?” 그날따라 오프라의 목소리가 시무룩했어요. 오프라는 여섯 살이 될 때까지 엄마 아빠 얼굴을 한 번도 볼 수 없었어요.",
      "srcPage": 15,
      "srcSentenceEA": 3,
      "srcWordEA": 23,
      "character": "엄마,아빠,오프라,얼굴",
      "setting": "여섯 살",
      "action": "오실까,볼 수 없었어요",
      "feeling": "시무룩했어요",
      "causalRelationship": null,
      "outcomeResolution": null,
      "prediction": null,
      "plotSummaryInfoCount": 1,
      "plotSummaryInfo": {
        "classification": "신체운동_건강",
        "readAge": "초등_고학년",
        "form": "short-form",
        "plotSummaryText": "오프라는 여섯 살이 될 때까지 엄마와 아빠의 얼굴을 한 번도 볼 수 없었습니다.",
        "textWordEA": 13
      }
    },
    {
      "srcTextID": "128226",
      "srcText": "오프라는 특히 말하는 것을 무척 좋아했답니다. 하지만 이야기를 나눌 상대(相對)가 없는 게 조금 아쉬웠어요. 외할머니는 자기 전에 오프라에게 재미있는 이야기를 들려주고는 했어요. 오프라는 그 이야기를 동물 친구들에게 들려주기로 했답니다. ",
      "srcPage": 10,
      "srcSentenceEA": 4,
      "srcWordEA": 32,
      "character": "오프라,외할머니,동물 친구들",
      "setting": "자기 전에",
      "action": "들려주고는 했어요,들려주기로,말하는,이야기를 나눌",
      "feeling": "좋아했답니다,아쉬웠어요",
      "causalRelationship": null,
      "outcomeResolution": null,
      "prediction": null,
      "plotSummaryInfoCount": 1,
      "plotSummaryInfo": {
        "classification": "신체운동_건강",
        "readAge": "초등_고학년",
        "form": "long-form",
        "plotSummaryText": "오프라는 말하는 것을 좋아했는데, 외할머니가 오프라에게 재미있는 이야기를 들려주면 오프라는 그 이야기를 동물 친구들에게 들려주기로 했답니다.",
        "textWordEA": 16
      }
    },
    {
      "srcTextID": "128228",
      "srcText": "동물 친구들은 오프라 덕분에 심심할 틈이 없었어요. 오프라는 매일 외할머니를 돕고 남는 시간이면 신이 나서 동물 친구들 앞에서 이야기를 했어요. 이야깃거리는 얼마든지 있었답니다.",
      "srcPage": 11,
      "srcSentenceEA": 3,
      "srcWordEA": 25,
      "character": "동물 친구들,오프라,외할머니",
      "setting": "매일",
      "action": "이야기를 했어요,돕고",
      "feeling": "신이 나서",
      "causalRelationship": null,
      "outcomeResolution": null,
      "prediction": "오프라는 매일 외할머니를 돕고 남는 시간이면 신이 나서 동물 친구들 앞에서 이야기를 했어요.",
      "plotSummaryInfoCount": 1,
      "plotSummaryInfo": {
        "classification": "신체운동_건강",
        "readAge": "초등_고학년",
        "form": "short-form",
        "plotSummaryText": "오프라는 매일 외할머니를 돕고서 동물 친구들 앞에서 이야기했습니다.",
        "textWordEA": 8
      }
    },
    {
      "srcTextID": "128229",
      "srcText": "어떤 날은 교회 갔다 오는 길에 동네 할머니들끼리 수다 떠는 이야기도 귀담아 두었다가 동물 친구들에게 들려주고는 했어요. 조금 재미없으면 일부러 이야기를 꾸며 넣기도 했지요. 그러면서 말솜씨와 상상력이 점점 풍부(豊富)해졌어요.",
      "srcPage": 12,
      "srcSentenceEA": 3,
      "srcWordEA": 31,
      "character": "동네 할머니,동물 친구",
      "setting": "교회 갔다 오는 길",
      "action": "들려주고는,꾸며 넣기도,수다 떠는,귀담아 두었다가",
      "feeling": "재미없으면",
      "causalRelationship": null,
      "outcomeResolution": "그러면서 말솜씨와 상상력이 점점 풍부(豊富)해졌어요.",
      "prediction": null,
      "plotSummaryInfoCount": 1,
      "plotSummaryInfo": {
        "classification": "신체운동_건강",
        "readAge": "초등_고학년",
        "form": "short-form",
        "plotSummaryText": "동네 할머니들끼리 수다 떠는 이야기도 귀담아 두었다가 일부러 이야기를 꾸며 넣기도 하면서 동물 친구들에게 들려주었는데, 그러면서 말솜씨와 상상력이 점점 풍부해졌습니다.",
        "textWordEA": 20
      }
    },
    {
      "srcTextID": "128233",
      "srcText": "외할머니는 그저 열심히 기도(祈禱)하라는 말만 했어요. 오프라는 엄마 아빠가 보고 싶어서 자꾸만 눈물이 났어요. 그랬더니 삐악삐악, 병아리가 울었어요.",
      "srcPage": 16,
      "srcSentenceEA": 3,
      "srcWordEA": 20,
      "character": "외할머니,엄마,아빠,오프라,눈물,병아리",
      "setting": null,
      "action": "울었어요,말만 했어요,기도(祈禱)하라는,눈물이 났어요",
      "feeling": "보고 싶어서",
      "causalRelationship": null,
      "outcomeResolution": null,
      "prediction": "그랬더니 삐악삐악,병아리가 울었어요.",
      "plotSummaryInfoCount": 1,
      "plotSummaryInfo": {
        "classification": "신체운동_건강",
        "readAge": "초등_고학년",
        "form": "short-form",
        "plotSummaryText": "외할머니는 열심히 기도하라는 말만 했는데, 오프라는 엄마와 아빠가 보고 싶어서 자꾸만 눈물이 났습니다.",
        "textWordEA": 13
      }
    },
    {
      "srcTextID": "128232",
      "srcText": "소는 눈을 끔벅대고, 염소는 안절부절, 강아지는 꼬리를 유난히 세게 흔들었어요. 오프라는 동물 친구들의 위로에 자기도 모르게 눈물을 뚝 그쳤어요. 마침내 동물 친구들과 오프라가 소통(疏通)을 하게 된 거예요.",
      "srcPage": 17,
      "srcSentenceEA": 3,
      "srcWordEA": 29,
      "character": "소,눈,염소,강아지,꼬리,눈물,오프라,동물 친구들",
      "setting": null,
      "action": "흔들었어요,눈물을 뚝 그쳤어요,눈을 끔벅대고,소통(疏通)을 하게 된",
      "feeling": null,
      "causalRelationship": null,
      "outcomeResolution": "마침내 동물 친구들과 오프라가 소통(疏通)을 하게 된 거예요.",
      "prediction": null,
      "plotSummaryInfoCount": 1,
      "plotSummaryInfo": {
        "classification": "신체운동_건강",
        "readAge": "초등_고학년",
        "form": "short-form",
        "plotSummaryText": "오프라는 동물 친구들의 위로에 자기도 모르게 눈물을 뚝 그쳤는데, 동물 친구들과 오프라가 소통하게 된 겁니다.",
        "textWordEA": 15
      }
    },
    {
      "srcTextID": "128222",
      "srcText": "외할머니 집은 마을에서도 한참 외따로 떨어진 시골이었어요. 마을 사람이라고는 나이 든 어른들뿐이었죠. 놀아 줄 친구도 없고 텔레비전도, 장난감도 없었어요.",
      "srcPage": 5,
      "srcSentenceEA": 3,
      "srcWordEA": 21,
      "character": "마을 사람,어른들,친구,장난감,텔레비전",
      "setting": "외할머니 집,시골,마을",
      "action": "놀아 줄",
      "feeling": null,
      "causalRelationship": null,
      "outcomeResolution": null,
      "prediction": "놀아 줄 친구도 없고 텔레비전도,장난감도 없었어요.",
      "plotSummaryInfoCount": 1,
      "plotSummaryInfo": {
        "classification": "신체운동_건강",
        "readAge": "초등_고학년",
        "form": "short-form",
        "plotSummaryText": "외할머니 집은 마을에서도 한참 떨어진 시골이라서 친구도, 텔레비전도, 장난감도 없었습니다.",
        "textWordEA": 10
      }
    },
    {
      "srcTextID": "128219",
      "srcText": "오프라는 어릴 때 외할머니 손에서 자랐답니다. 군인이었던 아빠는 딸이 태어난 줄도 몰랐어요. 엄마는 양육비(養育費)를 벌기 위해 일을 해야만 했지요.",
      "srcPage": 2,
      "srcSentenceEA": 3,
      "srcWordEA": 21,
      "character": "오프라,외할머니,군인,아빠,딸,엄마",
      "setting": "어릴 때",
      "action": "일을 해야만,벌기 위해,자랐답니다,태어난,몰랐어요",
      "feeling": null,
      "causalRelationship": null,
      "outcomeResolution": null,
      "prediction": null,
      "plotSummaryInfoCount": 1,
      "plotSummaryInfo": {
        "classification": "신체운동_건강",
        "readAge": "초등_고학년",
        "form": "short-form",
        "plotSummaryText": "오프라는 어릴 때 외할머니 손에서 자랐는데, 군인이던 아빠는 딸이 태어난 줄도 몰랐습니다.",
        "textWordEA": 12
      }
    },
    {
      "srcTextID": "128220",
      "srcText": "오프라의 원래 이름은 ‘오르파’예요. 우두머리가 되라는 뜻에서 외할머니가 성경책을 보고 지어 준 이름이랍니다. 그런데 동네 할머니들은 그 이름을 발음하기가 어려웠나 봐요.",
      "srcPage": 3,
      "srcSentenceEA": 3,
      "srcWordEA": 24,
      "character": "오프라,성경책,외할머니",
      "setting": null,
      "action": "지어 준,보고,발음하기가,어려웠나",
      "feeling": null,
      "causalRelationship": null,
      "outcomeResolution": null,
      "prediction": "그런데 동네 할머니들은 그 이름을 발음하기가 어려웠나 봐요.",
      "plotSummaryInfoCount": 1,
      "plotSummaryInfo": {
        "classification": "신체운동_건강",
        "readAge": "초등_고학년",
        "form": "short-form",
        "plotSummaryText": "오프라의 원래 이름은 우두머리가 되라는 뜻인 오르파였는데, 동네 할머니들은 그 이름을 발음하기가 어려웠나 봅니다.",
        "textWordEA": 14
      }
    },
    {
      "srcTextID": "128217",
      "srcText": "엄마가 ‘오르파’라고 일러 줘도 자꾸만 ‘오프라’로 불렀어요. 먹고살기도 힘든 마당에 이름까지 신경 쓸 여유가 없었는지 결국 엄마는 딸의 이름을 아무 의미도 없는 오프라로 정했어요. 그러고는 돈을 벌겠다고 큰 도시로 떠났지요. 오프라가 돌이 되기도 전이었답니다.",
      "srcPage": 4,
      "srcSentenceEA": 6,
      "srcWordEA": 39,
      "character": "엄마,오르파,오프라,딸,돈",
      "setting": "돌이 되기도 전,큰 도시",
      "action": "불렀어요,정했어요,떠났지요,돈을 벌겠다고,먹고살기도 힘든",
      "feeling": "신경 쓸 여유가 없었는지",
      "causalRelationship": null,
      "outcomeResolution": null,
      "prediction": null,
      "plotSummaryInfoCount": 1,
      "plotSummaryInfo": {
        "classification": "신체운동_건강",
        "readAge": "초등_고학년",
        "form": "long-form",
        "plotSummaryText": "엄마가 오르파라고 일러 줘도 자꾸만 오프라로 불렀기에, 결국 엄마는 딸의 이름을 아무 의미도 없는 오프라로 정했습니다.",
        "textWordEA": 16
      }
    },
    {
      "srcTextID": "128218",
      "srcText": "오프라 윈프리는 1954년 미국의 작은 농촌 마을에서 태어났어요. 부모님은 흑인(黑人)이에요. 당연히 오프라도 피부색이 검었지요.",
      "srcPage": 1,
      "srcSentenceEA": 3,
      "srcWordEA": 16,
      "character": "오프라 윈프리,부모님,흑인,피부색",
      "setting": "1954년,미국,농촌 마을",
      "action": "태어났어요",
      "feeling": null,
      "causalRelationship": null,
      "outcomeResolution": null,
      "prediction": "당연히 오프라도 피부색이 검었지요.",
      "plotSummaryInfoCount": 1,
      "plotSummaryInfo": {
        "classification": "신체운동_건강",
        "readAge": "초등_고학년",
        "form": "short-form",
        "plotSummaryText": "오프라 윈프리는 1954년 미국의 작은 농촌 마을에서 태어났고, 피부색이 검은 흑인입니다.",
        "textWordEA": 11
      }
    }
  ]
}