{
  "title": "선생님은 나만 미워해",
  "author": "정회성",
  "illustrator": "한국출판일러스트회",
  "isbn": "9791157024421",
  "publishedYear": 2015,
  "publisher": "황우",
  "paragraphInfoCount": 59,
  "paragraphInfo": [
    {
      "srcTextID": "103330",
      "srcText": "두레는 조금이라도 빨리 선생님과 인사하고 싶어서 복도로 나갔어요. 다른 반 교실 앞에도 몇몇 아이들이 서 있었지요. 잠시 후, 선생님들이 한 분씩 복도로 들어서기 시작했어요.",
      "srcPage": 5,
      "srcSentenceEA": 3,
      "srcWordEA": 26,
      "character": "두레,선생님,아이들",
      "setting": "교실 앞,복도",
      "action": "나갔어요,서 있었지요,들어서기 시작했어요",
      "feeling": null,
      "causalRelationship": null,
      "outcomeResolution": null,
      "prediction": null,
      "plotSummaryInfoCount": 1,
      "plotSummaryInfo": {
        "classification": "신체운동_건강",
        "readAge": "초등_고학년",
        "form": "short-form",
        "plotSummaryText": "두레는 선생님과 빨리 인사하고 싶어서 복도로 나가보니 잠시 후, 선생님들이 복도로 들어서기 시작했다.",
        "textWordEA": 13
      }
    },
    {
      "srcTextID": "103329",
      "srcText": "두레는 고개를 삐죽 내밀고 김새미 선생님을 찾았어요. \"다들 교실로 들어가자.\" 옆 반 선생님이 방긋 웃으며 아이들을 교실로 데려갔어요.",
      "srcPage": 6,
      "srcSentenceEA": 3,
      "srcWordEA": 19,
      "character": "두레,김새미 선생님,아이들",
      "setting": "교실",
      "action": "삐죽 내밀고,찾았어요.,데려갔어요,웃으며",
      "feeling": null,
      "causalRelationship": null,
      "outcomeResolution": null,
      "prediction": null,
      "plotSummaryInfoCount": 1,
      "plotSummaryInfo": {
        "classification": "신체운동_건강",
        "readAge": "초등_고학년",
        "form": "short-form",
        "plotSummaryText": "두레는 김새미 선생님을 찾았는데 옆 반 선생님이 방긋 웃으며 들어가자고 아이들을 교실로 데려갔다.",
        "textWordEA": 13
      }
    },
    {
      "srcTextID": "98622",
      "srcText": "곧 조회가 시작됐지요. 선생님은 출석부를 펼쳐 들고 차례로 이름을 불렀어요. '교실에 그냥 있을 걸. 괜히 나갔어.' 두레는 아까 복도에서 무안했던 일을 떠올리자 머릿속이 복잡해졌어요.",
      "srcPage": 9,
      "srcSentenceEA": 5,
      "srcWordEA": 27,
      "character": "선생님,두레",
      "setting": null,
      "action": "펼쳐,불렀어요,떠올리자,복잡해졌어요",
      "feeling": "무안했던",
      "causalRelationship": null,
      "outcomeResolution": null,
      "prediction": null,
      "plotSummaryInfoCount": 1,
      "plotSummaryInfo": {
        "classification": "신체운동_건강",
        "readAge": "초등_고학년",
        "form": "long-form",
        "plotSummaryText": "선생님은 차례로 이름을 불렀고 두레는 복도에서 무안했던 일을 떠올리며 괜히 나갔다고 후회했다.",
        "textWordEA": 12
      }
    },
    {
      "srcTextID": "98623",
      "srcText": "선생님 말씀도 귀에 들어오지 않았어요. \"강두레! 왜 대답 안 하니?\" 선생님이 굳은 얼굴로 두레를 보고 있었어요.",
      "srcPage": 10,
      "srcSentenceEA": 3,
      "srcWordEA": 18,
      "character": "선생님,강두레,얼굴",
      "setting": null,
      "action": "들어오지 않았어요,보고 있었어요",
      "feeling": "굳은",
      "causalRelationship": null,
      "outcomeResolution": null,
      "prediction": null,
      "plotSummaryInfoCount": 1,
      "plotSummaryInfo": {
        "classification": "신체운동_건강",
        "readAge": "초등_고학년",
        "form": "short-form",
        "plotSummaryText": "선생님 말씀이 귀에 들어오지 않았는데 왜 대답을 안하냐며 선생님이 굳은 얼굴로 두레를 보고 있었다.",
        "textWordEA": 14
      }
    },
    {
      "srcTextID": "103332",
      "srcText": "두레는 기분이 몹시 우울했어요. 선생님과 잘 지내고 싶었는데 첫날부터 실수만 하고 말았으니까요. 집에 돌아오니 엄마가 두레를 반갑게 맞아 주었어요.",
      "srcPage": 11,
      "srcSentenceEA": 3,
      "srcWordEA": 21,
      "character": "두레,선생님,엄마",
      "setting": "집",
      "action": "돌아오니,맞아 주었어요",
      "feeling": "우울했어요,반갑게",
      "causalRelationship": null,
      "outcomeResolution": null,
      "prediction": null,
      "plotSummaryInfoCount": 1,
      "plotSummaryInfo": {
        "classification": "신체운동_건강",
        "readAge": "초등_고학년",
        "form": "short-form",
        "plotSummaryText": "선생님과 잘 지내고 싶었는데 두레는 기분이 몹시 우울해서 집에 돌아오니 엄마가 두레를 반갑게 맞아 주었다.",
        "textWordEA": 15
      }
    },
    {
      "srcTextID": "103331",
      "srcText": "\"오늘 담임 선생님과 첫 인사한 날이지?\" \"응.\" 두레는 힘없이 대답하고 방으로 들어갔어요. \"학교에서 뭐 안 좋은 일이라도 있었니?\"",
      "srcPage": 12,
      "srcSentenceEA": 3,
      "srcWordEA": 19,
      "character": "담임 선생님,두레",
      "setting": "오늘,방",
      "action": "대답하고,들어갔어요",
      "feeling": null,
      "causalRelationship": null,
      "outcomeResolution": null,
      "prediction": "학교에서 뭐 안 좋은 일이라도 있었니?",
      "plotSummaryInfoCount": 1,
      "plotSummaryInfo": {
        "classification": "신체운동_건강",
        "readAge": "초등_고학년",
        "form": "short-form",
        "plotSummaryText": "두레는 힘없이 대답하고 방으로 들어가자 학교에서 뭐 안 좋은 일이라도 있었냐고 물었다.",
        "textWordEA": 12
      }
    },
    {
      "srcTextID": "103333",
      "srcText": "엄마가 따라 들어와서 걱정스럽게 물었어요. 두레는 별로 말할 기분이 아니었지요. \"표정이 왜 그래? 선생님이 뭐라 그러셔?\"",
      "srcPage": 13,
      "srcSentenceEA": 4,
      "srcWordEA": 18,
      "character": "엄마,두레,선생님",
      "setting": null,
      "action": "따라 들어와서,물었어요",
      "feeling": "걱정스럽게",
      "causalRelationship": null,
      "outcomeResolution": null,
      "prediction": "표정이 왜 그래?",
      "plotSummaryInfoCount": 1,
      "plotSummaryInfo": {
        "classification": "신체운동_건강",
        "readAge": "초등_고학년",
        "form": "long-form",
        "plotSummaryText": "엄마가 들어와서 선생님이 뭐라 그러셨냐고 걱정스럽게 물었지만 두레는 별로 말할 기분이 아니었다.",
        "textWordEA": 12
      }
    },
    {
      "srcTextID": "103335",
      "srcText": "\"반장이 되고 싶은 사람은 손을 들어 봐요.\" 선생님 말씀이 끝나자 교실은 찬물을 끼얹은 듯 조용했어요. \"지원자가 아무도 없어?\"",
      "srcPage": 16,
      "srcSentenceEA": 3,
      "srcWordEA": 19,
      "character": "사람,선생님,반장,지원자,손",
      "setting": "교실",
      "action": "들어 봐요,말씀이 끝나자",
      "feeling": null,
      "causalRelationship": "선생님 말씀이 끝나자 교실은 찬물을 끼얹은 듯 조용했어요.",
      "outcomeResolution": null,
      "prediction": null,
      "plotSummaryInfoCount": 1,
      "plotSummaryInfo": {
        "classification": "신체운동_건강",
        "readAge": "초등_고학년",
        "form": "short-form",
        "plotSummaryText": "반장이 되고 싶은 사람은 손을 들어 보라는 선생님 말씀이 끝나자 교실은 찬물을 끼얹은 듯 조용했다.",
        "textWordEA": 15
      }
    },
    {
      "srcTextID": "103338",
      "srcText": "\"반장, 이제부터 우리 학급을 잘 부탁한다!\" 선생님의 따뜻한 미소에 두레는 서운했던 마음이 말끔히 사라졌어요. 집에 돌아오자, 엄마 아빠도 그 소식을 듣고 \"잘됐다, 두레야. 좋은 경험이 될 거야.\"",
      "srcPage": 19,
      "srcSentenceEA": 5,
      "srcWordEA": 30,
      "character": "반장,학급,선생님,두레,엄마,아빠",
      "setting": "집",
      "action": "사라졌어요,돌아오자",
      "feeling": "따뜻한,서운했던",
      "causalRelationship": null,
      "outcomeResolution": null,
      "prediction": null,
      "plotSummaryInfoCount": 1,
      "plotSummaryInfo": {
        "classification": "신체운동_건강",
        "readAge": "초등_고학년",
        "form": "long-form",
        "plotSummaryText": "우리 학급을 잘 부탁한다는 선생님의 따뜻한 미소에 두레는 서운했던 마음이 사라졌다.",
        "textWordEA": 11
      }
    },
    {
      "srcTextID": "103341",
      "srcText": "두레는 학교에서 있었던 일을 이모한테 털어놓고 조언을 구하고 싶었어요. \"아무래도 소통이 부족한 것 같은데?\" 이모는 서로 마음을 알아주는 게 소통이라고 했어요. 두레는 고개를 갸우뚱했어요. 서로 마음을 알아주려면 어떻게 해야 할까요?",
      "srcPage": 27,
      "srcSentenceEA": 5,
      "srcWordEA": 33,
      "character": "두레,이모,고개",
      "setting": null,
      "action": "털어놓고,구하고 싶었어요,갸우뚱했어요",
      "feeling": null,
      "causalRelationship": null,
      "outcomeResolution": null,
      "prediction": "서로 마음을 알아주려면 어떻게 해야 할까요?",
      "plotSummaryInfoCount": 1,
      "plotSummaryInfo": {
        "classification": "신체운동_건강",
        "readAge": "초등_고학년",
        "form": "long-form",
        "plotSummaryText": "두레는 학교에서 있었던 일에 대해 이모에게 조언을 구했고 이모는 서로 마음을 알아주는 소통이 부족한 것 같다고 말했는데 두레는 어떻게 서로의 마음을 알아주려면 어떻게 해야 할지 모르겠다.",
        "textWordEA": 26
      }
    },
    {
      "srcTextID": "103345",
      "srcText": "\"먼저 선생님이 반장한테 바라는 게 뭔지 생각해 보렴.\" \"아이들이 싸우지 않고 조용히 자습하는 거!\" \"그럼 친구들과 먼저 소통을 해야겠구나.\"",
      "srcPage": 28,
      "srcSentenceEA": 3,
      "srcWordEA": 19,
      "character": "선생님,반장,아이들",
      "setting": null,
      "action": "생각해 보렴,싸우지 않고,자습하는 거",
      "feeling": null,
      "causalRelationship": null,
      "outcomeResolution": null,
      "prediction": "그럼 친구들과 먼저 소통을 해야겠구나.",
      "plotSummaryInfoCount": 1,
      "plotSummaryInfo": {
        "classification": "신체운동_건강",
        "readAge": "초등_고학년",
        "form": "short-form",
        "plotSummaryText": "선생님이 반장한테 바라는 게 뭔지 생각해 보라고 하자 아이들이 싸우지 않고 조용히 자습하는 거라고 했더니 친구들과 먼저 소통을 해야겠다고 했다.",
        "textWordEA": 20
      }
    },
    {
      "srcTextID": "103353",
      "srcText": "이모는 학기 초에 잠깐 오해가 있었던 것 때문에 두레가 선생님을 너무 어려워하는 것 같다고 말했어요. \"선생님도 학생들 마음을 다 알 순 없어. 직접 네 의견을 말하면 잘 들어 주실 거야.\"",
      "srcPage": 33,
      "srcSentenceEA": 3,
      "srcWordEA": 31,
      "character": "이모,두레,선생님,학생들",
      "setting": "학기 초",
      "action": "말했어요",
      "feeling": null,
      "causalRelationship": null,
      "outcomeResolution": null,
      "prediction": "선생님도 학생들 마음을 다 알 순 없어,직접 네 의견을 말하면 잘 들어 주실 거야.",
      "plotSummaryInfoCount": 1,
      "plotSummaryInfo": {
        "classification": "신체운동_건강",
        "readAge": "초등_고학년",
        "form": "short-form",
        "plotSummaryText": "이모는 오해 때문에 선생님을 어려워하는 거 같은데 선생님도 학생들 마음을 다 알 순 없으니까 네 의견을 직접 말하면 잘 들어 주실 거라고 했다.",
        "textWordEA": 23
      }
    },
    {
      "srcTextID": "103350",
      "srcText": "\"음, 반장. 네 생각은 어떤데?\" 선생님은 부드러운 말투로 되물었어요. \"자습 시간에 한 명씩 돌아가며 책을 읽게 하면 어떨까요?\" 두레는 용기를 내서 자신의 의견을 말했어요.",
      "srcPage": 35,
      "srcSentenceEA": 5,
      "srcWordEA": 27,
      "character": "반장,선생님,두레",
      "setting": null,
      "action": "되물었어요,말했어요",
      "feeling": "부드러운",
      "causalRelationship": null,
      "outcomeResolution": null,
      "prediction": "자습 시간에 한 명씩 돌아가며 책을 읽게 하면 어떨까요?",
      "plotSummaryInfoCount": 1,
      "plotSummaryInfo": {
        "classification": "신체운동_건강",
        "readAge": "초등_고학년",
        "form": "long-form",
        "plotSummaryText": "선생님은 부드러운 말투로 내 생각은 어떤지 물었는데 나는 용기를 내서 자습 시간에 한 명씩 돌아가며 책을 읽게 하면 어떨지 의견을 말했다.",
        "textWordEA": 21
      }
    },
    {
      "srcTextID": "103351",
      "srcText": "그랬더니 선생님이 기분 좋게 고개를 끄덕였어요. \"오, 그것참 좋은 방법이구나. 선생님은 반장을 믿는다. 잘할 수 있지?\" \"네!\" 두레는 마침내 속이 후련해져서 교무실을 나왔어요.",
      "srcPage": 36,
      "srcSentenceEA": 5,
      "srcWordEA": 26,
      "character": "선생님,반장,두레",
      "setting": "교무실",
      "action": "끄덕였어요,믿는다,나왔어요",
      "feeling": "기분 좋게",
      "causalRelationship": null,
      "outcomeResolution": null,
      "prediction": null,
      "plotSummaryInfoCount": 1,
      "plotSummaryInfo": {
        "classification": "신체운동_건강",
        "readAge": "초등_고학년",
        "form": "long-form",
        "plotSummaryText": "선생님은 좋은 방법이라면서 반장을 믿는다고 하였고 두레는 마침내 속이 다 후련해졌다.",
        "textWordEA": 11
      }
    },
    {
      "srcTextID": "98627",
      "srcText": "두레는 반장이 하는 일을 곰곰이 따져 보았어요. 우선 떠오르는 건 수업 시간에 반 아이들을 대표하여 자리에서 일어나 '차렷! 선생님께 경례!'하고 구령하기와 숙제 걷기였어요. 두레는 이 정도야 뭐 어려운 일도 아니라고 생각했지요.",
      "srcPage": 21,
      "srcSentenceEA": 5,
      "srcWordEA": 35,
      "character": "두레,반장,아이들,선생님",
      "setting": "수업 시간",
      "action": "따져 보았어요.,일어나,구령하기,걷기였어요",
      "feeling": null,
      "causalRelationship": null,
      "outcomeResolution": null,
      "prediction": "두레는 이 정도야 뭐 어려운 일도 아니라고 생각했지요.",
      "plotSummaryInfoCount": 1,
      "plotSummaryInfo": {
        "classification": "신체운동_건강",
        "readAge": "초등_고학년",
        "form": "long-form",
        "plotSummaryText": "두레는 반장이 하는 일인 구령하기와 숙제 걷기 이 정도는 어려운 일도 아니라고 생각했다.",
        "textWordEA": 13
      }
    },
    {
      "srcTextID": "98642",
      "srcText": "다섯째 '일목십행 공부법' 입니다. 늘 책을 곁에 두고 시간 날 때마다 책을 읽습니다, 그러면 공부의 가치를 더해갈 수 있기 때문 입니다. 독서는 결코 배신하지 않는다.",
      "srcPage": 54,
      "srcSentenceEA": 4,
      "srcWordEA": 28,
      "character": "책",
      "setting": null,
      "action": "두고,읽습니다",
      "feeling": null,
      "causalRelationship": "늘 책을 곁에 두고 시간 날 때마다 책을 읽습니다,그러면 공부의 가치를 더해갈 수 있기 때문 입니다.",
      "outcomeResolution": null,
      "prediction": null,
      "plotSummaryInfoCount": 1,
      "plotSummaryInfo": {
        "classification": "신체운동_건강",
        "readAge": "초등_고학년",
        "form": "long-form",
        "plotSummaryText": "다섯째 일목십행 공부법은 늘 책을 곁에 두고 시간 날 때마다 책을 읽는 것으로 그러면 독서는 배신하지 않고 공부의 가치를 더해갈 수 있다.",
        "textWordEA": 22
      }
    },
    {
      "srcTextID": "103327",
      "srcText": "김새미 선생님은 학교에서 제일 멋쟁이 선생님이에요. 다른 반 아이들이 부러워할 걸 생각하니 괜히 어깨가 들썩거려지기도 했어요. 두근두근. 교실 문이 열리기만을 기다리던 두레는 더 이상 가만히 앉아 있을 수가 없었어요.",
      "srcPage": 4,
      "srcSentenceEA": 4,
      "srcWordEA": 32,
      "character": "김새미 선생님,두레,아이들,멋쟁이",
      "setting": "학교,교실",
      "action": "들썩거려지기도 했어요,앉아 있을 수가 없었어요",
      "feeling": "부러워할",
      "causalRelationship": null,
      "outcomeResolution": null,
      "prediction": null,
      "plotSummaryInfoCount": 1,
      "plotSummaryInfo": {
        "classification": "신체운동_건강",
        "readAge": "초등_고학년",
        "form": "long-form",
        "plotSummaryText": "다른 반 아이들이 부러워할 걸 생각하니 어깨가 들썩거려지고 두레는 더 이상 앉아 있을 수가 없었다.",
        "textWordEA": 15
      }
    },
    {
      "srcTextID": "98621",
      "srcText": "\"저, 저는 그냥.\" 두레는 당황해서 우물쭈물 대답했어요. 이미 교실 문을 열고 들어가던 선생님이 두레를 돌아보았어요. \"안 들어오고 뭐 해?\" 두레는 약간 주눅이 들어 교실로 들어갔어요.",
      "srcPage": 8,
      "srcSentenceEA": 5,
      "srcWordEA": 28,
      "character": "두레,선생님",
      "setting": "교실",
      "action": "대답했어요,열고 들어가던,돌아보았어요,들어갔어요",
      "feeling": "당황해서",
      "causalRelationship": null,
      "outcomeResolution": null,
      "prediction": null,
      "plotSummaryInfoCount": 1,
      "plotSummaryInfo": {
        "classification": "신체운동_건강",
        "readAge": "초등_고학년",
        "form": "long-form",
        "plotSummaryText": "두레는 당황해서 우물쭈물 대답하고 교실로 들어가던 선생님이 안 들어오고 뭐 하냐니까 두레는 주눅이 들어 교실로 들어갔다.",
        "textWordEA": 16
      }
    },
    {
      "srcTextID": "103337",
      "srcText": "선생님은 실망한 얼굴로 아이들을 돌아보았어요. \"그럼 이름 순서대로 반장을 정할 건데, 반대하는 사람?\" 아무도 선생님 의견에 반대하지 않았어요.",
      "srcPage": 17,
      "srcSentenceEA": 3,
      "srcWordEA": 19,
      "character": "선생님,아이들,얼굴",
      "setting": null,
      "action": "돌아보았어요,정할 건데",
      "feeling": "실망한",
      "causalRelationship": null,
      "outcomeResolution": "아무도 선생님 의견에 반대하지 않았어요.",
      "prediction": null,
      "plotSummaryInfoCount": 1,
      "plotSummaryInfo": {
        "classification": "신체운동_건강",
        "readAge": "초등_고학년",
        "form": "short-form",
        "plotSummaryText": "선생님은 실망한 얼굴로 그럼 이름 순서대로 반장을 정할 거라고 했고 아무도 선생님 의견에 반대하지 않았다.",
        "textWordEA": 15
      }
    },
    {
      "srcTextID": "98626",
      "srcText": "그래서 일단 용기를 내기로 했어요. 무엇보다 반장이 되면 선생님과 더 가까워질 거라고 기대했거든요. 하지만 이건 착각이었어요.",
      "srcPage": 22,
      "srcSentenceEA": 3,
      "srcWordEA": 18,
      "character": "반장,선생님",
      "setting": null,
      "action": "되면,기대했거든요",
      "feeling": null,
      "causalRelationship": null,
      "outcomeResolution": null,
      "prediction": "하지만 이건 착각이었어요.",
      "plotSummaryInfoCount": 1,
      "plotSummaryInfo": {
        "classification": "신체운동_건강",
        "readAge": "초등_고학년",
        "form": "short-form",
        "plotSummaryText": "무엇보다 반장이 되면 선생님과 더 가까워질 거라고 기대하고 일단 용기를 냈지만 착각이었다.",
        "textWordEA": 12
      }
    },
    {
      "srcTextID": "103328",
      "srcText": "\"선생님, 안녕하세요?\" 두레는 김새미 선생님이 앞으로 다가오자 꾸벅 인사를 했어요. 그런데 뜻밖에도 선생님은 엄한 표정으로 두레를 쳐다보았어요. \"넌 왜 조회시간에 나와 있어?\"",
      "srcPage": 7,
      "srcSentenceEA": 4,
      "srcWordEA": 24,
      "character": "두레,김새미 선생님",
      "setting": null,
      "action": "인사를 했어요,쳐다보았어요",
      "feeling": "엄한",
      "causalRelationship": null,
      "outcomeResolution": null,
      "prediction": "넌 왜 조회시간에 나와 있어?",
      "plotSummaryInfoCount": 1,
      "plotSummaryInfo": {
        "classification": "신체운동_건강",
        "readAge": "초등_고학년",
        "form": "long-form",
        "plotSummaryText": "두레는 김새미 선생님이 앞으로 다가오자 인사를 했는데 선생님은 엄한 표정으로 왜 조회시간에 나와 있냐고 두레를 쳐다보았다.",
        "textWordEA": 16
      }
    },
    {
      "srcTextID": "103334",
      "srcText": "엄마는 계속 꼬치꼬치 캐물었어요. \"네가 뭘 잘못하기라도 한 거야?\" \"그런 거 아니라니까.\" 두레는 속이 뜨끔해서 괜히 엄마한테 짜증을 냈어요.",
      "srcPage": 14,
      "srcSentenceEA": 4,
      "srcWordEA": 20,
      "character": "엄마,두레",
      "setting": null,
      "action": "캐물었어요",
      "feeling": "짜증을 냈어요",
      "causalRelationship": null,
      "outcomeResolution": null,
      "prediction": null,
      "plotSummaryInfoCount": 1,
      "plotSummaryInfo": {
        "classification": "신체운동_건강",
        "readAge": "초등_고학년",
        "form": "long-form",
        "plotSummaryText": "엄마는 뭘 잘못했냐고 캐물었는데 두레는 그런거 아니라면서 속이 뜨끔해서 괜히 엄마한테 짜증을 냈다.",
        "textWordEA": 13
      }
    },
    {
      "srcTextID": "98628",
      "srcText": "막상 반장이 되고 나니 선생님께 야단맞을 일만 늘어났어요. \"반장! 교실이 왜 이렇게 시끄러워?\" \"반장이면 학급을 잘 이끌어야지!\" 반 아이들이 떠들거나 저희들끼리 싸워도 모든 화살은 반장인 두레에게 날아왔어요. 선생님은 진짜 두레만 미워하는 걸까요?",
      "srcPage": 23,
      "srcSentenceEA": 5,
      "srcWordEA": 35,
      "character": "반장,선생님,아이들,두레",
      "setting": "교실",
      "action": "늘어났어요,떠들거나,싸워도,날아왔어요",
      "feeling": "미워하는",
      "causalRelationship": null,
      "outcomeResolution": null,
      "prediction": null,
      "plotSummaryInfoCount": 1,
      "plotSummaryInfo": {
        "classification": "신체운동_건강",
        "readAge": "초등_고학년",
        "form": "long-form",
        "plotSummaryText": "반장이 되고 나니 왜 이렇게 시끄럽냐, 학급을 잘 이끌어야지, 하면서 선생님께 야단맞을 일만 늘어났고  두레는 선생님이 나를 미워하는 걸까하는 생각이 들었다.",
        "textWordEA": 22
      }
    },
    {
      "srcTextID": "103344",
      "srcText": "터덜터덜 집으로 돌아간 두레는 얼굴이 활짝 펴졌어요. \"오프라 이모!\" 미국에 사는 오프라 이모가 온 거예요. \"두레야, 이건 반장이 된 기념으로 주는 거야.\"",
      "srcPage": 24,
      "srcSentenceEA": 4,
      "srcWordEA": 23,
      "character": "두레,오프라 이모,반장",
      "setting": "집",
      "action": "활짝 펴졌어요,온 거예요",
      "feeling": null,
      "causalRelationship": null,
      "outcomeResolution": null,
      "prediction": null,
      "plotSummaryInfoCount": 1,
      "plotSummaryInfo": {
        "classification": "신체운동_건강",
        "readAge": "초등_고학년",
        "form": "long-form",
        "plotSummaryText": "집으로 돌아간 두레는 미국에 사는 오프라 이모가 와서 반장이 된 기념으로 선물을 줘서 기분이 좋았다.",
        "textWordEA": 15
      }
    },
    {
      "srcTextID": "103343",
      "srcText": "이모는 예쁜 토끼 인형을 주면서 말했어요. \"배에 녹음기가 들어 있어. 이야기 들어 주는 인형이야.\"",
      "srcPage": 25,
      "srcSentenceEA": 3,
      "srcWordEA": 15,
      "character": "이모,토끼 인형,배,녹음기",
      "setting": null,
      "action": "주면서 말했어요,이야기 들어 주는",
      "feeling": null,
      "causalRelationship": null,
      "outcomeResolution": null,
      "prediction": "이야기 들어 주는 인형이야.",
      "plotSummaryInfoCount": 1,
      "plotSummaryInfo": {
        "classification": "신체운동_건강",
        "readAge": "초등_고학년",
        "form": "short-form",
        "plotSummaryText": "이모는 배에 녹음기가 들어 있고 이야기를 들어 주는 토끼 인형이라고 했다.",
        "textWordEA": 11
      }
    },
    {
      "srcTextID": "103346",
      "srcText": "\"아, 몰라. 반장은 너무 어려워!\" 이모는 두레가 머리를 감싸는 걸 보고 빙그레 웃었어요. \"어려워할 것 없어. 네 생각을 말로 전달하는 연습을 하면 돼.\"",
      "srcPage": 30,
      "srcSentenceEA": 5,
      "srcWordEA": 26,
      "character": "반장,두레,이모",
      "setting": null,
      "action": "감싸는 걸 보고,웃었어요",
      "feeling": "어려워",
      "causalRelationship": null,
      "outcomeResolution": null,
      "prediction": null,
      "plotSummaryInfoCount": 1,
      "plotSummaryInfo": {
        "classification": "신체운동_건강",
        "readAge": "초등_고학년",
        "form": "long-form",
        "plotSummaryText": "반장은 너무 어렵다고 하자 이모는 웃으며 어려워할 것 없다면서 내 생각을 말로 전달하는 연습을 하면 된다고 말했다.",
        "textWordEA": 17
      }
    },
    {
      "srcTextID": "103354",
      "srcText": "교실은 여전히 시끌시끌했어요. 두레는 국어 책을 들고 차분하게 앞으로 나갔어요. \"얘들아, 선생님 말씀 전할게.\"",
      "srcPage": 37,
      "srcSentenceEA": 3,
      "srcWordEA": 15,
      "character": "두레,책",
      "setting": "교실",
      "action": "시끌시끌했어요,들고,나갔어요",
      "feeling": "차분하게",
      "causalRelationship": null,
      "outcomeResolution": null,
      "prediction": null,
      "plotSummaryInfoCount": 1,
      "plotSummaryInfo": {
        "classification": "신체운동_건강",
        "readAge": "초등_고학년",
        "form": "short-form",
        "plotSummaryText": "교실은 여전히 시끄러웠고 두레는 국어 책을 들고 앞으로 나가 얘들에게 선생님 말씀 전한다고 했다.",
        "textWordEA": 14
      }
    },
    {
      "srcTextID": "103356",
      "srcText": "그러자 교실은 거짓말처럼 조용해졌어요. \"선생님이 조회 시작 전에 번호 순으로 책을 읽어 보라고 하셨어.\" 두레는 아이들에게 한 쪽씩 국어 책을 읽도록 시켰어요.",
      "srcPage": 38,
      "srcSentenceEA": 3,
      "srcWordEA": 23,
      "character": "선생님,책,두레,아이들",
      "setting": "교실",
      "action": "조용해졌어요,읽어 보라고 하셨어,읽도록 시켰어요",
      "feeling": null,
      "causalRelationship": null,
      "outcomeResolution": null,
      "prediction": null,
      "plotSummaryInfoCount": 1,
      "plotSummaryInfo": {
        "classification": "신체운동_건강",
        "readAge": "초등_고학년",
        "form": "short-form",
        "plotSummaryText": "선생님이 번호 순으로 책을 읽어 보라고 하셨다면서 아이들에게 한 쪽씩 국어 책을 읽도록 시키니 교실이 조용해졌다.",
        "textWordEA": 16
      }
    },
    {
      "srcTextID": "103342",
      "srcText": "역시 두레 마음을 알아주는 건 이모밖에 없어요. 두레는 남들 앞에 서면 자기도 모르게 울렁증이 생겨 말도 못 하고 끙끙 앓는 때가 많아요. 이모는 두레 성격을 알고 말하기 연습을 시키려는 거예요.",
      "srcPage": 26,
      "srcSentenceEA": 3,
      "srcWordEA": 32,
      "character": "두레,이모",
      "setting": null,
      "action": "알고,시키려는 거예요",
      "feeling": null,
      "causalRelationship": "두레는 남들 앞에 서면 자기도 모르게 울렁증이 생겨 말도 못 하고 끙끙 앓는 때가 많아요.",
      "outcomeResolution": null,
      "prediction": null,
      "plotSummaryInfoCount": 1,
      "plotSummaryInfo": {
        "classification": "신체운동_건강",
        "readAge": "초등_고학년",
        "form": "short-form",
        "plotSummaryText": "남들 앞에 서면 말을 잘 못하는 두레 성격을 아는 이모가 말하기 연습을 도와주려고 했던 것이었다.",
        "textWordEA": 15
      }
    },
    {
      "srcTextID": "103347",
      "srcText": "두레는 이모가 조언해 준 대로 토순이에게 말을 걸어 봤어요. \"난 너랑 친하게 지내고 싶어. 내가 뭐 도와줄 건 없니?\"",
      "srcPage": 31,
      "srcSentenceEA": 3,
      "srcWordEA": 20,
      "character": "두레,이모,토순이",
      "setting": null,
      "action": "말을 걸어 봤어요,지내고 싶어",
      "feeling": null,
      "causalRelationship": null,
      "outcomeResolution": null,
      "prediction": "난 너랑 친하게 지내고 싶어,내가 뭐 도와줄 건 없니?",
      "plotSummaryInfoCount": 1,
      "plotSummaryInfo": {
        "classification": "신체운동_건강",
        "readAge": "초등_고학년",
        "form": "short-form",
        "plotSummaryText": "두레는 이모가 조언해 준 대로 토순이에게 친해지고 싶다면서 도와줄 건 없는지 물었다.",
        "textWordEA": 12
      }
    },
    {
      "srcTextID": "103349",
      "srcText": "토순이가 고개를 끄덕이는 것 같았어요. 두레는 마음속에 있는 말을 토순이에게 들려주면서 몇 번이고 계속 말하기 연습을 했어요. 그랬더니 차츰 울렁증이 가라앉기 시작했어요.",
      "srcPage": 32,
      "srcSentenceEA": 3,
      "srcWordEA": 24,
      "character": "토순이,두레,고개",
      "setting": null,
      "action": "끄덕이는 것 같았어요,들려주면서,연습을 했어요",
      "feeling": null,
      "causalRelationship": "두레는 마음속에 있는 말을 토순이에게 들려주면서 몇 번이고 계속 말하기 연습을 했어요,그랬더니 차츰 울렁증이 가라앉기 시작했어요.",
      "outcomeResolution": null,
      "prediction": null,
      "plotSummaryInfoCount": 1,
      "plotSummaryInfo": {
        "classification": "신체운동_건강",
        "readAge": "초등_고학년",
        "form": "short-form",
        "plotSummaryText": "토순이가 고개를 끄덕이는 것 같았고 두레는 마음속에 있는 말을 토순이에게 말하는 연습을 계속 했더니 차츰 울렁증이 가라앉기 시작했다.",
        "textWordEA": 18
      }
    },
    {
      "srcTextID": "103352",
      "srcText": "생각해 보니 두레는 선생님께 자신의 의견을 말한 적이 없었어요. 다음 날, 두레는 조회가 시작되기 전 교무실로 선생님을 찾아갔어요. \"선생님, 아이들을 조용히 시키려면 어떻게 해야 할까요?\"",
      "srcPage": 34,
      "srcSentenceEA": 3,
      "srcWordEA": 26,
      "character": "두레,선생님",
      "setting": "다음날,교무실",
      "action": "말한 적이 없었어요,찾아갔어요",
      "feeling": null,
      "causalRelationship": null,
      "outcomeResolution": null,
      "prediction": null,
      "plotSummaryInfoCount": 1,
      "plotSummaryInfo": {
        "classification": "신체운동_건강",
        "readAge": "초등_고학년",
        "form": "short-form",
        "plotSummaryText": "두레는 의견을 말한 적이 없어서 다음 날, 조회가 시작되기 전 교무실로 선생님을 찾아가 아이들을 조용히 시키려면 어떻게 해야 할지 물어봤다.",
        "textWordEA": 20
      }
    },
    {
      "srcTextID": "98633",
      "srcText": "답답했던 속이 확 풀리는 기분이었지요. '오프라 이모에게 고맙다고 해야지!' 두레는 현관문을 열고 들어가기 무섭게 오프라 이모를 찾았어요.",
      "srcPage": 41,
      "srcSentenceEA": 3,
      "srcWordEA": 18,
      "character": "오프라 이모,두레,현관문",
      "setting": null,
      "action": "열고,찾았어요.",
      "feeling": "고맙다고",
      "causalRelationship": null,
      "outcomeResolution": null,
      "prediction": null,
      "plotSummaryInfoCount": 1,
      "plotSummaryInfo": {
        "classification": "신체운동_건강",
        "readAge": "초등_고학년",
        "form": "short-form",
        "plotSummaryText": "오프라 이모에게 고맙다고 하기 위해 두레는 현관문을 열고 들어가자마자 오프라 이모를 찾았다.",
        "textWordEA": 12
      }
    },
    {
      "srcTextID": "98638",
      "srcText": "효도의 진정한 의미 율곡 이이. 율곡 이이는 퇴계 이황과 함께 조선 시대를 통틀어 최고의 학자로 손꼽히는 분이에요. 율곡 이이(1536~1584) 조선 중기의 성리학자이자 정치가.",
      "srcPage": 48,
      "srcSentenceEA": 4,
      "srcWordEA": 26,
      "character": "율곡 이이,퇴계 이황,학자",
      "setting": "조선 시대",
      "action": null,
      "feeling": null,
      "causalRelationship": null,
      "outcomeResolution": null,
      "prediction": null,
      "plotSummaryInfoCount": 1,
      "plotSummaryInfo": {
        "classification": "신체운동_건강",
        "readAge": "초등_고학년",
        "form": "long-form",
        "plotSummaryText": "율곡 이이는 퇴계 이황과 함께 조선 시대를 통틀어 최고의 학자로 손꼽히는 분으로 조선 중기의 성리학자이자 정치가이다.",
        "textWordEA": 16
      }
    },
    {
      "srcTextID": "98650",
      "srcText": "율곡 이이의 공부법 율곡 이이 선생님의 공부법은 아래의 여섯가지로 정리할 수 있습니다. 첫번째 '입지(뜻을 세우다) 공부법' 입니다. 실천하고자 하는 목표가 있으면 그 목표를 이룰 수 있는 분명하고 구체적인 계획을 세워 하나하나씩 실천해 나가는 것입니다. 흔들리지 않는 분명한 뜻을 세워라.",
      "srcPage": 50,
      "srcSentenceEA": 6,
      "srcWordEA": 43,
      "character": "율곡 이이",
      "setting": null,
      "action": "정리할,세우다,실천하고자,이룰 수,실천해",
      "feeling": null,
      "causalRelationship": null,
      "outcomeResolution": "율곡 이이 선생님의 공부법은 아래의 여섯가지로 정리할 수 있습니다.",
      "prediction": null,
      "plotSummaryInfoCount": 1,
      "plotSummaryInfo": {
        "classification": "신체운동_건강",
        "readAge": "초등_고학년",
        "form": "long-form",
        "plotSummaryText": "율곡 이이 선생님의 여섯가지 공부법 중 첫번째로 입지(뜻을 세우다) 공부법은  실천하고자 하는 목표가 있으면 그 목표를 이룰 수 있는 분명하고 구체적인 계획을 세워 하나하나씩 실천해 나가는 것입니다.",
        "textWordEA": 28
      }
    },
    {
      "srcTextID": "98640",
      "srcText": "구용은 다음과 같다. 첫째 발의 모습은 정중하게 하라. 둘째 손의 모습은 공손하게 하라.",
      "srcPage": 56,
      "srcSentenceEA": 3,
      "srcWordEA": 15,
      "character": "발,손",
      "setting": null,
      "action": "정중하게 하라,공손하게 하라",
      "feeling": null,
      "causalRelationship": null,
      "outcomeResolution": "첫째 발의 모습은 정중하게 하라,둘째 손의 모습은 공손하게 하라.",
      "prediction": null,
      "plotSummaryInfoCount": 1,
      "plotSummaryInfo": {
        "classification": "신체운동_건강",
        "readAge": "초등_고학년",
        "form": "short-form",
        "plotSummaryText": "구용은 첫째는 발의 모습은 정중하게 하라이고 둘째는 손의 모습은 공손하게 하라이다.",
        "textWordEA": 11
      }
    },
    {
      "srcTextID": "98648",
      "srcText": "여섯째 머리의 모습은 곧게 하라. 일곱째 기운의 모습은 엄숙하게 하라. 여덟째 서 있는 모습은 덕성스럽게 하라. 아홉째 얼굴빛의 모습은 굳세게 해야 한다.",
      "srcPage": 58,
      "srcSentenceEA": 4,
      "srcWordEA": 25,
      "character": "머리,얼굴빛",
      "setting": null,
      "action": "곧게 하라,서 있는,덕성스럽게 하라,굳세게 해야 한다",
      "feeling": "엄숙하게",
      "causalRelationship": null,
      "outcomeResolution": null,
      "prediction": null,
      "plotSummaryInfoCount": 1,
      "plotSummaryInfo": {
        "classification": "신체운동_건강",
        "readAge": "초등_고학년",
        "form": "long-form",
        "plotSummaryText": "여섯째는 머리의 모습은 곧게 하라이고 일곱째는 기운의 모습은 엄숙하게 하라이고 여덟째는 서 있는 모습은 덕성스럽게 하라이고 아홉째 얼굴빛의 모습은 굳세게 해야 한다.",
        "textWordEA": 22
      }
    },
    {
      "srcTextID": "98643",
      "srcText": "두번째 '교기질(기질을 바로잡다) 공부법' 입니다. 자신의 잠재력을 믿고 주변에서 강요하지 않아도 스스로 공부해 나가는 것입니다. 누구나 가능하다, 공부하는 체질로 바꿔라.",
      "srcPage": 51,
      "srcSentenceEA": 4,
      "srcWordEA": 23,
      "character": "자신",
      "setting": null,
      "action": "바로잡다,믿고,강요하지,공부해,바꿔라",
      "feeling": null,
      "causalRelationship": null,
      "outcomeResolution": "공부하는 체질로 바꿔라.",
      "prediction": null,
      "plotSummaryInfoCount": 1,
      "plotSummaryInfo": {
        "classification": "신체운동_건강",
        "readAge": "초등_고학년",
        "form": "long-form",
        "plotSummaryText": "두번째 교기질(기질을 바로잡다) 공부법은 자신의 잠재력을 믿고 스스로 공부해 나가는 것이고 누구나 가능하다, 공부하는 체질로 바꿔라이다.",
        "textWordEA": 16
      }
    },
    {
      "srcTextID": "98637",
      "srcText": "일찍이 임진왜란을 예견하여 십만양병설을 주장하기도 했던 이이는 열세 살 때 과거 시험에 장원 급제하여 신동으로 이름을 떨쳤지요. 뿐만 아니라 일생 동안 과거 시험에서 무려 아홉 번이나 일등으로 뽑혀 '구도장원공' 이란 명예로운 별명도 얻었어요. 이이는 학자로서 훌륭한 업적을 남긴 것 외에도 효자로서도 지금껏 널리 존경받는 대한민국의 위인이랍니다.",
      "srcPage": 49,
      "srcSentenceEA": 4,
      "srcWordEA": 49,
      "character": "이이,장원,신동,학자,효자,위인",
      "setting": "열세 살 때,임진왜란",
      "action": "장원 급제하여,이름을 떨쳤지요,얻었어요",
      "feeling": null,
      "causalRelationship": null,
      "outcomeResolution": "이이는 학자로서 훌륭한 업적을 남긴 것 외에도 효자로서도 지금껏 널리 존경받는 대한민국의 위인이랍니다.",
      "prediction": null,
      "plotSummaryInfoCount": 1,
      "plotSummaryInfo": {
        "classification": "신체운동_건강",
        "readAge": "초등_고학년",
        "form": "long-form",
        "plotSummaryText": "이이는 열세 살 때 과거 시험에 장원 급제하여 신동으로 이름을 떨쳤을 뿐만 아니라 과거 시험에서 무려 아홉 번이나 일등으로 뽑혀 구도장원공이란 명예로운 별명도 얻었고 효자로서도 존경받는 대한민국의 위인이랍니다.",
        "textWordEA": 28
      }
    },
    {
      "srcTextID": "98644",
      "srcText": "세번째 '혁구습(잘못된 옛 습관을 버려라) 공부법' 입니다. 몸에 밴 잘못된 옛 습관을 스스로 깨닫고 하나씩 없애나가는 것입니다. 잘못된 옛 습관을 타파하라.",
      "srcPage": 52,
      "srcSentenceEA": 4,
      "srcWordEA": 24,
      "character": "몸",
      "setting": null,
      "action": "버려라,밴,깨닫고,없애나가는,타파하라",
      "feeling": null,
      "causalRelationship": null,
      "outcomeResolution": "잘못된 옛 습관을 타파하라.",
      "prediction": null,
      "plotSummaryInfoCount": 1,
      "plotSummaryInfo": {
        "classification": "신체운동_건강",
        "readAge": "초등_고학년",
        "form": "long-form",
        "plotSummaryText": "세번째 혁구습(잘못된 옛 습관을 버려라) 공부법은 몸에 밴 잘못된 옛 습관을 스스로 깨닫고 하나씩 없애나가는 것인데 잘못된 옛 습관을 타파하라이다.",
        "textWordEA": 20
      }
    },
    {
      "srcTextID": "98641",
      "srcText": "네번째 '구용구사 공부법' 입니다. 9가지의 바른 몸가짐과 9가지의 바른 마음가짐을 가져서 기본자세를 확고히 하는 것입니다. 옛 습관의 자리를 수신으로 채워라.",
      "srcPage": 53,
      "srcSentenceEA": 4,
      "srcWordEA": 23,
      "character": "몸",
      "setting": null,
      "action": "가져서,채워라",
      "feeling": null,
      "causalRelationship": null,
      "outcomeResolution": "옛 습관의 자리를 수신으로 채워라.",
      "prediction": null,
      "plotSummaryInfoCount": 1,
      "plotSummaryInfo": {
        "classification": "신체운동_건강",
        "readAge": "초등_고학년",
        "form": "long-form",
        "plotSummaryText": "네번째 구용구사 공부법은 9가지의 바른 몸가짐과 9가지의 바른 마음가짐을 가져서 기본자세를 확고히 하는 것인데 옛 습관의 자리를 수신으로 채워라이다.",
        "textWordEA": 19
      }
    },
    {
      "srcTextID": "98647",
      "srcText": "여섯째 '택우문답 공부법' 입니다. 함께 공부하는 벗들과 학문적인 교류를 지속하면서 자신의 부족함을 깨닫고 보완해 공부를 더욱 숙성시키는 것입니다. 벗과 함께 논쟁하며 일취월장하라.",
      "srcPage": 55,
      "srcSentenceEA": 4,
      "srcWordEA": 25,
      "character": "벗,자신",
      "setting": null,
      "action": "공부하는,지속하면서,깨닫고,숙성시키는",
      "feeling": null,
      "causalRelationship": null,
      "outcomeResolution": null,
      "prediction": "벗과 함께 논쟁하며 일취월장하라.",
      "plotSummaryInfoCount": 1,
      "plotSummaryInfo": {
        "classification": "신체운동_건강",
        "readAge": "초등_고학년",
        "form": "long-form",
        "plotSummaryText": "여섯째 택우문답 공부법은 함께 공부하는 벗들과 학문적인 교류를 지속하면서 자신의 부족함을 깨닫고 보완해 공부를 더욱 숙성시키는 것으로 벗과 함께 논쟁하며 일취월장하라 이다.",
        "textWordEA": 22
      }
    },
    {
      "srcTextID": "98645",
      "srcText": "셋째 눈의 모습은 단정하게 하라. 넷째 입의 모습은 멈추게 하라. 함부로 말하지 마라. 다섯째 말소리의 모습은 차분하게 하라.",
      "srcPage": 57,
      "srcSentenceEA": 4,
      "srcWordEA": 21,
      "character": "눈,입",
      "setting": null,
      "action": "단정하게 하라,멈추게 하라",
      "feeling": "차분하게",
      "causalRelationship": null,
      "outcomeResolution": null,
      "prediction": null,
      "plotSummaryInfoCount": 1,
      "plotSummaryInfo": {
        "classification": "신체운동_건강",
        "readAge": "초등_고학년",
        "form": "long-form",
        "plotSummaryText": "셋째는 눈의 모습은 단정하게 하라이고 넷째는 입의 모습은 멈추게 하라이고 함부로 말하지 마라이며 다섯째는 말소리의 모습은 차분하게 하라이다.",
        "textWordEA": 18
      }
    },
    {
      "srcTextID": "98639",
      "srcText": "구사는 다음과 같다. 첫째 볼 때는 밝게 볼 것을 생각하라. 둘째 들을 때는 귀 밝게 들을 것을 생각하라.",
      "srcPage": 59,
      "srcSentenceEA": 3,
      "srcWordEA": 20,
      "character": "귀",
      "setting": null,
      "action": "볼 것,들을 것을",
      "feeling": null,
      "causalRelationship": null,
      "outcomeResolution": "첫째 볼 때는 밝게 볼 것을 생각하라,둘째 들을 때는 귀 밝게 들을 것을 생각하라.",
      "prediction": null,
      "plotSummaryInfoCount": 1,
      "plotSummaryInfo": {
        "classification": "신체운동_건강",
        "readAge": "초등_고학년",
        "form": "short-form",
        "plotSummaryText": "구사의 첫째는 볼 때는 밝게 볼 것을 생각하라이고 둘째는 들을 때는 귀 밝게 들을 것을 생각하라이다.",
        "textWordEA": 16
      }
    },
    {
      "srcTextID": "103324",
      "srcText": "'담임 선생님은 어떤 분일까?' 두레는 설레는 마음으로 학교에 갔어요. 오늘은 2학년 1학기 첫날이에요.",
      "srcPage": 1,
      "srcSentenceEA": 3,
      "srcWordEA": 15,
      "character": "담임 선생님,두레",
      "setting": "오늘,학교,첫날",
      "action": "갔어요",
      "feeling": "설레는",
      "causalRelationship": null,
      "outcomeResolution": null,
      "prediction": null,
      "plotSummaryInfoCount": 1,
      "plotSummaryInfo": {
        "classification": "신체운동_건강",
        "readAge": "초등_고학년",
        "form": "short-form",
        "plotSummaryText": "오늘은 2학년 1학기 첫날이고 담임 선생님은 어떤 분일지 두레는 설레는 마음으로 학교에 갔습니다.",
        "textWordEA": 13
      }
    },
    {
      "srcTextID": "103325",
      "srcText": "1학년 때 선생님은 두레를 많이 예뻐했어요. 작은 일에도 기분이 으쓱해지도록 칭찬을 해 주셨지요. \"김새미 선생님이 우리 반 담임 선생님으로 오신대!\"",
      "srcPage": 2,
      "srcSentenceEA": 3,
      "srcWordEA": 21,
      "character": "김새미,선생님,두레",
      "setting": "1학년 때",
      "action": "예뻐했어요,칭찬을 해 주셨지요,오신대",
      "feeling": "으쓱해지도록",
      "causalRelationship": null,
      "outcomeResolution": null,
      "prediction": null,
      "plotSummaryInfoCount": 1,
      "plotSummaryInfo": {
        "classification": "신체운동_건강",
        "readAge": "초등_고학년",
        "form": "short-form",
        "plotSummaryText": "1학년 때 선생님은 작은 일에도 으쓱해지도록 칭찬을 해 주시고 두레를 많이 예뻐했는데 김새미 선생님이 담임 선생님으로 오신다고 누군가 말했다.",
        "textWordEA": 19
      }
    },
    {
      "srcTextID": "103326",
      "srcText": "교실에선 아이들이 신나게 떠들고 있었어요. \"정말이야?\" \"교무실 게시판에서 봤어.\" 두레는 귀가 번쩍 뜨였어요.",
      "srcPage": 3,
      "srcSentenceEA": 3,
      "srcWordEA": 14,
      "character": "아이들,두레,게시판,귀",
      "setting": "교실,교무실",
      "action": "떠들고 있었어요,봤어",
      "feeling": "신나게",
      "causalRelationship": null,
      "outcomeResolution": null,
      "prediction": "두레는 귀가 번쩍 뜨였어요.",
      "plotSummaryInfoCount": 1,
      "plotSummaryInfo": {
        "classification": "신체운동_건강",
        "readAge": "초등_고학년",
        "form": "short-form",
        "plotSummaryText": "교실에선 아이들이 신나게 떠들고 있다가 두레는 귀가 번쩍 뜨여 정말이냐고 묻자 교무실 게시판에서 봤다고 했다.",
        "textWordEA": 15
      }
    },
    {
      "srcTextID": "103336",
      "srcText": "두레는 학급 회의 시간에 여간해선 의견을 내놓지 않는 편이에요. 속으로는 하고 싶은 얘기가 있어도 남들 앞에서 얘기하는 게 쑥스럽기 때문이에요. 다음 날, 두레네 교실에선 반장 선거가 열렸어요.",
      "srcPage": 15,
      "srcSentenceEA": 3,
      "srcWordEA": 29,
      "character": "두레,반장",
      "setting": "다음 날,교실",
      "action": "내놓지 않는 편이에요,열렸어요",
      "feeling": "쑥스럽기",
      "causalRelationship": null,
      "outcomeResolution": null,
      "prediction": null,
      "plotSummaryInfoCount": 1,
      "plotSummaryInfo": {
        "classification": "신체운동_건강",
        "readAge": "초등_고학년",
        "form": "short-form",
        "plotSummaryText": "두레는 남들 앞에서 얘기하는 게 쑥스럽기 때문에 의견을 내놓지 않는 편인데 다음 날, 두레네 교실에선 반장 선거가 열렸다.",
        "textWordEA": 18
      }
    },
    {
      "srcTextID": "103339",
      "srcText": "\"오늘부터 2주일 동안 강두레가 반장이야.\" 출석부를 훑어보던 선생님은 두레를 반장으로 정했어요. 한글 순서대로 적은 출석부에 두레 이름이 맨 앞에 있었던 거예요.",
      "srcPage": 18,
      "srcSentenceEA": 3,
      "srcWordEA": 23,
      "character": "강두레,선생님,출석부,반장",
      "setting": "오늘부터 2주일 동안",
      "action": "훑어보던,정했어요",
      "feeling": null,
      "causalRelationship": null,
      "outcomeResolution": null,
      "prediction": null,
      "plotSummaryInfoCount": 1,
      "plotSummaryInfo": {
        "classification": "신체운동_건강",
        "readAge": "초등_고학년",
        "form": "short-form",
        "plotSummaryText": "출석부에 맨 앞에 있던 두레가 2주일 동안 반장으로 정해졌다.",
        "textWordEA": 9
      }
    },
    {
      "srcTextID": "103340",
      "srcText": "\"우리 두레, 어깨가 무겁겠는걸?\" 하며 축하해 주었어요. 생각지도 못한 반장이라니! 두레는 너무 갑작스런 일이기는 했지만 기분이 나쁘진 않았어요.",
      "srcPage": 20,
      "srcSentenceEA": 4,
      "srcWordEA": 21,
      "character": "두레,반장,어깨",
      "setting": null,
      "action": "무겁겠는걸",
      "feeling": "기분이 나쁘진 않았어요",
      "causalRelationship": null,
      "outcomeResolution": null,
      "prediction": null,
      "plotSummaryInfoCount": 1,
      "plotSummaryInfo": {
        "classification": "신체운동_건강",
        "readAge": "초등_고학년",
        "form": "long-form",
        "plotSummaryText": "어깨가 무겁겠다면서 축하를 받았고 두레는 기분이 나쁘진 않았다.",
        "textWordEA": 8
      }
    },
    {
      "srcTextID": "103348",
      "srcText": "이모는 점점 알쏭달쏭한 말만 했어요. 저희들끼리 떠들고 싸우는 아이들과 무슨 수로 소통을 할까요? \"네가 친구들을 잘 설득하면 되지.\"",
      "srcPage": 29,
      "srcSentenceEA": 3,
      "srcWordEA": 19,
      "character": "이모,아이들",
      "setting": null,
      "action": "말만 했어요,소통을 할까요",
      "feeling": null,
      "causalRelationship": null,
      "outcomeResolution": null,
      "prediction": "네가 친구들을 잘 설득하면 되지.",
      "plotSummaryInfoCount": 1,
      "plotSummaryInfo": {
        "classification": "신체운동_건강",
        "readAge": "초등_고학년",
        "form": "short-form",
        "plotSummaryText": "저희들끼리 떠들고 싸우는 아이들과 무슨 수로 소통을 하냐고 묻자 내가 친구들을 잘 설득하면 된다고 말했다.",
        "textWordEA": 15
      }
    },
    {
      "srcTextID": "103355",
      "srcText": "그때 선생님이 교실로 들어왔어요. \"수고했어, 반장.\" 수업 분위기가 달라진 것을 알아차린 선생님은 믿음직한 눈빛으로 두레를 바라보았어요. \"어, 강두레. 제법인데?\" 쉬는 시간에 친구들이 농담을 건넸어요. 두레는 친구들과 한결 가까워진 느낌이 들었어요.",
      "srcPage": 39,
      "srcSentenceEA": 7,
      "srcWordEA": 34,
      "character": "선생님,반장,두레,친구들",
      "setting": "교실,쉬는 시간",
      "action": "들어왔어요.,바라보았어요,건넸어요",
      "feeling": null,
      "causalRelationship": null,
      "outcomeResolution": null,
      "prediction": null,
      "plotSummaryInfoCount": 1,
      "plotSummaryInfo": {
        "classification": "신체운동_건강",
        "readAge": "초등_고학년",
        "form": "long-form",
        "plotSummaryText": "선생님이 교실로 들어온 뒤 수업 분위기가 달라진 것을 알아차리고 믿음직한 눈빛으로 두레를 바라보았고 쉬는 시간에 친구들이 제법이라면서 농담을 건넸다.",
        "textWordEA": 19
      }
    },
    {
      "srcTextID": "98634",
      "srcText": "생각해 보니 소통은 어려운 게 아니었어요. 무엇보다도 기쁜 건 선생님이 두레를 미워하는 게 아니라는 걸 깨달은 거예요. 방과 후, 두레는 발걸음도 가볍게 집으로 향했어요.",
      "srcPage": 40,
      "srcSentenceEA": 3,
      "srcWordEA": 26,
      "character": "선생님,두레",
      "setting": "방과 후,집",
      "action": "생각해 보니,향했어요,어려운 게",
      "feeling": "기쁜 건,미워하는",
      "causalRelationship": null,
      "outcomeResolution": null,
      "prediction": null,
      "plotSummaryInfoCount": 1,
      "plotSummaryInfo": {
        "classification": "신체운동_건강",
        "readAge": "초등_고학년",
        "form": "short-form",
        "plotSummaryText": "선생님이 두레를 미워하는 게 아니라는 걸 깨달은 두레는 기쁘게 방과 후 가벼운 발걸음으로 집으로 향했다.",
        "textWordEA": 15
      }
    },
    {
      "srcTextID": "98636",
      "srcText": "이모는 손님방에서 짐을 꾸리고 있었어요. \"이모, 벌써 가려고?\" \"며칠 있으면 이모부 생신이야.\"",
      "srcPage": 42,
      "srcSentenceEA": 3,
      "srcWordEA": 12,
      "character": "이모,짐,이모부",
      "setting": "손님방,생신",
      "action": "꾸리고 있었어요",
      "feeling": null,
      "causalRelationship": null,
      "outcomeResolution": null,
      "prediction": "이모는 손님방에서 짐을 꾸리고 있었어요.",
      "plotSummaryInfoCount": 1,
      "plotSummaryInfo": {
        "classification": "신체운동_건강",
        "readAge": "초등_고학년",
        "form": "short-form",
        "plotSummaryText": "짐을 꾸리는 이모에게 벌써 가냐고 묻자 이모는 며칠 있으면 이모부 생신이라고 했다.",
        "textWordEA": 12
      }
    },
    {
      "srcTextID": "98635",
      "srcText": "오프라 이모는 저녁 비행기를 타야 한대요. 두레는 이모와 헤어지는 게 너무 아쉬웠어요. \"두레야, 이 액자의 글은 네 책상 앞에다 놓고 항상 기억해.\" 이모가 준 액자에는 다음과 같은 짧은 글귀가 적혀 있었어요. 진정한 소통은 남의 얘기를 먼저 들어 주는 것이다.",
      "srcPage": 43,
      "srcSentenceEA": 5,
      "srcWordEA": 42,
      "character": "오프라 이모,비행기,두레",
      "setting": "저녁",
      "action": "타야 한대요,헤어지는 게",
      "feeling": "아쉬웠어요",
      "causalRelationship": null,
      "outcomeResolution": "이모가 준 액자에는 다음과 같은 짧은 글귀가 적혀 있었어요,진정한 소통은 남의 얘기를 먼저 들어 주는 것이다.",
      "prediction": null,
      "plotSummaryInfoCount": 1,
      "plotSummaryInfo": {
        "classification": "신체운동_건강",
        "readAge": "초등_고학년",
        "form": "long-form",
        "plotSummaryText": "두레는 이모와 헤어짐이 아쉬웠고 이모는 저녁 비행기를 타야 한다면서 두레에게 진정한 소통은 남의 얘기를 먼저 들어 주는 것이라고 적혀있는 액자를 주었다.",
        "textWordEA": 21
      }
    },
    {
      "srcTextID": "103360",
      "srcText": "이청득심 '남의 말을 들음으로써 마음을 얻는다'는 뜻으로, 자기 말만 앞세우지 말고 다른 사람의 의견에 자세히 귀를 기울이라는 뜻이에요. 이청득심이란 귀 기울여 들으면 사람의 마음을 얻을 수 있다는 뜻입니다. 중국은 당나라의 태종이 나라를 다스리던 시기에 가장 많은 발전을 이루었어요.",
      "srcPage": 44,
      "srcSentenceEA": 4,
      "srcWordEA": 41,
      "character": "태종,사람",
      "setting": "중국,당나라",
      "action": "다스리던,이루었어요",
      "feeling": null,
      "causalRelationship": null,
      "outcomeResolution": null,
      "prediction": null,
      "plotSummaryInfoCount": 1,
      "plotSummaryInfo": {
        "classification": "신체운동_건강",
        "readAge": "초등_고학년",
        "form": "long-form",
        "plotSummaryText": "자기 말만 앞세우지 말고 남의 말에 귀 기울임으로써 마음을 얻을 수 있다는 이청득심이라는 말이 있는데 당나라 태종이 나라를 다스리던 시기에 중국은 큰 발전을 이루었다.",
        "textWordEA": 24
      }
    },
    {
      "srcTextID": "103359",
      "srcText": "이때를 중국 문화의 황금시대라고 한답니다. 당나라 태종이 찬란한 문화의 꽃을 피우게 된 것은 위징이라는 신하의 말을 귀담아들었기 때문이에요. 태종은 왕위에 올랐을 때 위징에게 조언을 구했어요.",
      "srcPage": 45,
      "srcSentenceEA": 3,
      "srcWordEA": 27,
      "character": "태종,위징,신하",
      "setting": "당나라,중국,황금시대",
      "action": "피우게,귀담아들었기,올랐을 때,구했어요",
      "feeling": null,
      "causalRelationship": "당나라 태종이 찬란한 문화의 꽃을 피우게 된 것은 위징이라는 신하의 말을 귀담아들었기 때문이에요.",
      "outcomeResolution": null,
      "prediction": null,
      "plotSummaryInfoCount": 1,
      "plotSummaryInfo": {
        "classification": "신체운동_건강",
        "readAge": "초등_고학년",
        "form": "short-form",
        "plotSummaryText": "이때가 중국 문화의 황금시대인데 태종은 위징이란 신하에게 조언을 구하고 위징의 말을 귀담아 들음으로 찬란한 문화의 꽃을 피우게 되었다.",
        "textWordEA": 18
      }
    },
    {
      "srcTextID": "103357",
      "srcText": "\"내가 어떻게 하면 나라를 잘 다스릴 수 있겠소?\" \"간혹 신하들의 의견이 둘로 나뉠 경우가 있을 것입니다. 양쪽 의견을 들으면 나라의 앞날이 밝게 되지만, 한쪽 의견만을 들으면 미래가 어둡게 됩니다.\"",
      "srcPage": 46,
      "srcSentenceEA": 3,
      "srcWordEA": 30,
      "character": "내가,나라,신하",
      "setting": null,
      "action": "다스릴,나뉠,들으면",
      "feeling": null,
      "causalRelationship": null,
      "outcomeResolution": null,
      "prediction": "양쪽 의견을 들으면 나라의 앞날이 밝게 되지만,한쪽 의견만을 들으면 미래가 어둡게 됩니다.",
      "plotSummaryInfoCount": 1,
      "plotSummaryInfo": {
        "classification": "신체운동_건강",
        "readAge": "초등_고학년",
        "form": "short-form",
        "plotSummaryText": "나라를 잘 다스리려면 신하들의 의견이 둘로 나뉠 경우에 양쪽 의견을 들으면 나라의 앞날이 밝게 된다고 하였다.",
        "textWordEA": 16
      }
    },
    {
      "srcTextID": "103358",
      "srcText": "위징은 이 한 가지만 잊지 않는다면 항상 나라를 바르게 다스릴 수 있을 거라고 했어요. 당 태종은 위징의 말을 흘려듣지 않았어요. 아무리 신임하는 신하가 내놓은 의견이라도 반대하는 사람이 있으면 그 이유를 자세히 들어 본 후에 판단을 내렸지요. 처음엔 왕을 두려워해서 입 다물고 있던 신하들도 왕이 한쪽에만 치우치지 않는 모습을 보고는 자유롭게 의견을 말하기 시작했어요. 그 결과 정치는 눈부신 발전을 이루었고, 태종은 중국 역사에서 가장 훌륭한 지도자가 될 수 있었답니다.",
      "srcPage": 47,
      "srcSentenceEA": 5,
      "srcWordEA": 72,
      "character": "위징,당 태종,왕,신하들",
      "setting": null,
      "action": "바르게 다스릴 수 있을 거라고 했어요,흘려듣지 않았어요,말하기 시작했어요",
      "feeling": "두려워해서",
      "causalRelationship": null,
      "outcomeResolution": "그 결과 정치는 눈부신 발전을 이루었고,태종은 중국 역사에서 가장 훌륭한 지도자가 될 수 있었답니다.",
      "prediction": null,
      "plotSummaryInfoCount": 1,
      "plotSummaryInfo": {
        "classification": "신체운동_건강",
        "readAge": "초등_고학년",
        "form": "long-form",
        "plotSummaryText": "위징의 말을 귀 기울여 들은 태종은 반대의 의견도 이유를 자세히 듣고 판단하였고 왕이 양쪽의 의견을 모두 경청하는 모습에 신하들은 자유롭게 의견을 표현할 수 있었고 이는 정치의 발전으로 이어져 태종이 중국 역사에서 가장 훌륭한 지도자가 될 수 있었다. ",
        "textWordEA": 37
      }
    }
  ]
}