{
  "title": "동생은 나를 귀찮게 해",
  "author": "정회성",
  "illustrator": "한국출판일러스트회",
  "isbn": "9791157024445",
  "publishedYear": 2015,
  "publisher": "황우",
  "paragraphInfoCount": 40,
  "paragraphInfo": [
    {
      "srcTextID": "98443",
      "srcText": "“히잉, 나 심심하단 말이야!” 희주는 동생 희연이가 옆에서 계속 칭얼거리자 화가 나기 시작했어요. 학교 갔다 와서 영어 학원과 수학 학원까지 차례로 갔다 오고 나면 희주는 힘이 쭉 빠졌어요.",
      "srcPage": 2,
      "srcSentenceEA": 3,
      "srcWordEA": 30,
      "character": "희주,희연,나,동생",
      "setting": "학교,학원",
      "action": null,
      "feeling": "화가 나기 시작했어요",
      "causalRelationship": null,
      "outcomeResolution": null,
      "prediction": null,
      "plotSummaryInfoCount": 1,
      "plotSummaryInfo": {
        "classification": "신체운동_건강",
        "readAge": "초등_고학년",
        "form": "short-form",
        "plotSummaryText": "학교 갔다가 학원까지 갔다 오고 나면 힘이 쭉 빠지는 희주는 동생 희연이가 옆에서 계속 칭얼거리자, 화가 나기 시작했습니다.",
        "textWordEA": 18
      }
    },
    {
      "srcTextID": "98457",
      "srcText": "엄마가 다니라고 한 학원을 빼먹지 않고 열심히 다니고 숙제는 미루지 않고 꼬박꼬박 해 놓아야 마음이 더 편하다는 것을 알았어요. 그래야 엄마가 화도 안 내고 얼굴도 찌푸리지 않으니까요. 어쩌다 너무 졸려서 숙제를 못 하거나 그날 해 놓기로 한 학습지를 깜빡 잊고 못 했을 때 엄마는 한숨을 쉬며 말했어요.",
      "srcPage": 16,
      "srcSentenceEA": 3,
      "srcWordEA": 49,
      "character": "엄마,숙제,학습지",
      "setting": "학원",
      "action": "열심히 다니고,말했어요",
      "feeling": null,
      "causalRelationship": null,
      "outcomeResolution": null,
      "prediction": null,
      "plotSummaryInfoCount": 1,
      "plotSummaryInfo": {
        "classification": "신체운동_건강",
        "readAge": "초등_고학년",
        "form": "short-form",
        "plotSummaryText": "엄마가 학원을 열심히 다니고 숙제를 미루지 않아야 화도 안 내고 얼굴도 찌푸리지 않아서 마음이 더 편하다는 것을 알았다.",
        "textWordEA": 18
      }
    },
    {
      "srcTextID": "98456",
      "srcText": "“이게 다 너를 위한 건데...” 그때 희주는 차라리 엄마가 소리를 지르며 화를 냈으면 좋겠다고 생각했어요. 왜 그런지는 잘 모르겠지만 엄마가 화낼 때보다 조용히 타이를 때 희주의 마음은 더 답답하고 어두워졌어요. 그런 이야기를 듣지 않으려면 숙제도 학습지도 전부 열심히 해야 했어요.",
      "srcPage": 17,
      "srcSentenceEA": 4,
      "srcWordEA": 43,
      "character": "희주,엄마,숙제,학습지",
      "setting": null,
      "action": "화를 냈으면,소리를 지르며",
      "feeling": "답답하고",
      "causalRelationship": null,
      "outcomeResolution": null,
      "prediction": null,
      "plotSummaryInfoCount": 1,
      "plotSummaryInfo": {
        "classification": "신체운동_건강",
        "readAge": "초등_고학년",
        "form": "long-form",
        "plotSummaryText": "엄마가 다 너를 위한 거라고 했고, 조용히 타이를 때 희주의 마음은 더 답답하고 어두워져서 엄마가 화를 냈으면 좋겠다고 생각했다.",
        "textWordEA": 19
      }
    },
    {
      "srcTextID": "98447",
      "srcText": "희연이는 인형을 품에 안은 채 쿵쿵 발소리를 내며 자기 방으로 가서는 문을 탁 닫았어요. 조금 전 금방이라도 울음을 터뜨릴 것 같던 동생의 눈빛이 떠올라 희주는 마음이 편치 않았어요. ‘하지만 나도 할 일이 많은걸.’",
      "srcPage": 6,
      "srcSentenceEA": 3,
      "srcWordEA": 35,
      "character": "희연,인형,문,동생,희주",
      "setting": "자기 방",
      "action": "발소리를 내며",
      "feeling": "마음이 편치 않았어요",
      "causalRelationship": null,
      "outcomeResolution": null,
      "prediction": null,
      "plotSummaryInfoCount": 1,
      "plotSummaryInfo": {
        "classification": "신체운동_건강",
        "readAge": "초등_고학년",
        "form": "short-form",
        "plotSummaryText": "희연이는 발소리를 내며 자기 방으로 가서는 문을 탁 닫았고, 희주는 울음을 터뜨릴 것 같던 동생의 눈빛이 떠올라 마음이 편치 않았다.",
        "textWordEA": 20
      }
    },
    {
      "srcTextID": "98448",
      "srcText": "희주는 주섬주섬 학습지를 펼치기 시작했어요. 요즘 들어 동생은 떼쟁이가 되었어요. 다니던 영어 유치원을 그만두게 되어 심심해서 그런가 봐요.",
      "srcPage": 7,
      "srcSentenceEA": 3,
      "srcWordEA": 20,
      "character": "희주,동생,학습지,떼쟁이",
      "setting": "요즘 들어,영어 유치원",
      "action": "펼치기 시작했어요",
      "feeling": "심심해서",
      "causalRelationship": null,
      "outcomeResolution": null,
      "prediction": null,
      "plotSummaryInfoCount": 1,
      "plotSummaryInfo": {
        "classification": "신체운동_건강",
        "readAge": "초등_고학년",
        "form": "short-form",
        "plotSummaryText": "희주는 학습지를 펼치기 시작했고, 동생은 영어 유치원을 그만두게 되어 심심해서 그런지 떼쟁이가 되었다.",
        "textWordEA": 13
      }
    },
    {
      "srcTextID": "98453",
      "srcText": "그 다음 날부터 희연이는 정말로 유치원에 안 갔어요. 학교 끝나고 집에 왔더니 동생은 쿵쿵 뛰어나오며 언니한테 자랑을 했어요. “언니! 나 오늘 집에서 놀았다!”",
      "srcPage": 11,
      "srcSentenceEA": 3,
      "srcWordEA": 25,
      "character": "희연,언니",
      "setting": "그다음 날,유치원,학교,집",
      "action": "안 갔어요,뛰어나오며,자랑을 했어요,놀았다",
      "feeling": null,
      "causalRelationship": null,
      "outcomeResolution": null,
      "prediction": null,
      "plotSummaryInfoCount": 1,
      "plotSummaryInfo": {
        "classification": "신체운동_건강",
        "readAge": "초등_고학년",
        "form": "short-form",
        "plotSummaryText": "그다음 날부터 희연이는 유치원에 안 갔으며, 학교 끝나고 오니 동생은 집에서 놀았다고 언니에게 자랑했다.",
        "textWordEA": 14
      }
    },
    {
      "srcTextID": "98460",
      "srcText": "물론 숙제도 학원도 희주가 좋아하는 건 하나도 없지만 말이에요. 희주는 이렇게 생각하기로 했어요. ‘우리 반 진서는 나보다 학원을 더 많이 다니던데 뭘. 이 정도는 아무것도 아니야.’",
      "srcPage": 18,
      "srcSentenceEA": 4,
      "srcWordEA": 29,
      "character": "숙제,희주,우리 반,진서",
      "setting": "학원",
      "action": "생각하기로,다니던데",
      "feeling": null,
      "causalRelationship": null,
      "outcomeResolution": null,
      "prediction": null,
      "plotSummaryInfoCount": 1,
      "plotSummaryInfo": {
        "classification": "신체운동_건강",
        "readAge": "초등_고학년",
        "form": "long-form",
        "plotSummaryText": "희주가 숙제도 학원도 좋아하는 건 없지만, 진서는 학원을 더 많이 다니니 이 정도는 아무것도 아니라고 생각하기로 했다.",
        "textWordEA": 17
      }
    },
    {
      "srcTextID": "98446",
      "srcText": "하지만 숙제를 하지 않으면 학원 선생님한테 혼나고 학습지를 빼먹고 안 해 놓으면 엄마한테 혼날 거예요. 희연이는 희주의 책상 앞에서 계속 징징거렸어요. “나랑 놀고 나서 숙제하면 되잖아!”",
      "srcPage": 4,
      "srcSentenceEA": 3,
      "srcWordEA": 27,
      "character": "숙제,학원 선생님,학습지,엄마,희연,희주",
      "setting": "희주의 책상 앞",
      "action": "징징거렸어요,혼나고",
      "feeling": null,
      "causalRelationship": null,
      "outcomeResolution": null,
      "prediction": null,
      "plotSummaryInfoCount": 1,
      "plotSummaryInfo": {
        "classification": "신체운동_건강",
        "readAge": "초등_고학년",
        "form": "short-form",
        "plotSummaryText": "희연이는 나랑 놀고 나서 숙제하면 되지 않냐고 희주의 책상 앞에서 징징거렸습니다.",
        "textWordEA": 11
      }
    },
    {
      "srcTextID": "98445",
      "srcText": "“내가 그럴 시간이 어디 있니? 넌 이제 잘 시간이니까 빨리 잠이나 자.” “언니 미워!”",
      "srcPage": 5,
      "srcSentenceEA": 3,
      "srcWordEA": 15,
      "character": "내,넌,언니",
      "setting": "잘 시간",
      "action": "잠이나 자",
      "feeling": "미워",
      "causalRelationship": null,
      "outcomeResolution": null,
      "prediction": null,
      "plotSummaryInfoCount": 1,
      "plotSummaryInfo": {
        "classification": "신체운동_건강",
        "readAge": "초등_고학년",
        "form": "short-form",
        "plotSummaryText": "잘 시간이니까 빨리 잠이나 자라는 말에 언니가 밉다고 했다.",
        "textWordEA": 9
      }
    },
    {
      "srcTextID": "98451",
      "srcText": "얼마 전 희주는 엄마가 아빠한테 이런 말을 하는 걸 들었어요. “아무래도 희연이 유치원을 옮겨야겠어요. 희연이랑 안 맞는 것 같아요. 단어 쓰기 숙제도 여섯 살짜리가 하기엔 너무 어려운 것 같고.”",
      "srcPage": 8,
      "srcSentenceEA": 4,
      "srcWordEA": 31,
      "character": "희주,엄마,아빠,희연",
      "setting": "유치원",
      "action": "들었어요",
      "feeling": null,
      "causalRelationship": null,
      "outcomeResolution": null,
      "prediction": null,
      "plotSummaryInfoCount": 1,
      "plotSummaryInfo": {
        "classification": "신체운동_건강",
        "readAge": "초등_고학년",
        "form": "long-form",
        "plotSummaryText": " 희주는 엄마가 아빠한테 희연이 유치원을 옮겨야겠다고 말하는 걸 들었다.",
        "textWordEA": 9
      }
    },
    {
      "srcTextID": "98450",
      "srcText": "“요즘엔 그 정도는 해야 한다더니? 당신이 거길 꼭 보내야 한다고 해서 보낸 거잖아.” “처음엔 그런 줄 알았지요. 다른 엄마들이 다들 좋다고 했으니까. 그런데 희연이가 스트레스를 받는 것 같아요.”",
      "srcPage": 9,
      "srcSentenceEA": 5,
      "srcWordEA": 31,
      "character": "희연,다른 엄마들",
      "setting": null,
      "action": "보내야 한다고",
      "feeling": "스트레스를 받는",
      "causalRelationship": null,
      "outcomeResolution": null,
      "prediction": null,
      "plotSummaryInfoCount": 1,
      "plotSummaryInfo": {
        "classification": "신체운동_건강",
        "readAge": "초등_고학년",
        "form": "long-form",
        "plotSummaryText": "그 유치원에 꼭 보내야 한다고 해서 보낸 거 아니냐는 말을 듣고, 처음엔 다른 엄마들이 다들 좋다고 해서 그런 줄 알았지만, 희연이가 스트레스를 받는 것 같다고 말했다.",
        "textWordEA": 26
      }
    },
    {
      "srcTextID": "98452",
      "srcText": "“집에서 놀았다고? 유치원 안 갔어?” “응! 엄마가 이제 안 가도 된대.”",
      "srcPage": 12,
      "srcSentenceEA": 3,
      "srcWordEA": 13,
      "character": "엄마",
      "setting": "집,유치원",
      "action": "놀았다,안 가도 된대",
      "feeling": null,
      "causalRelationship": null,
      "outcomeResolution": null,
      "prediction": null,
      "plotSummaryInfoCount": 1,
      "plotSummaryInfo": {
        "classification": "신체운동_건강",
        "readAge": "초등_고학년",
        "form": "short-form",
        "plotSummaryText": "유치원 안 가고 집에서 놀았냐고 묻자, 엄마가 이제 안 가도 된다고 했다.",
        "textWordEA": 12
      }
    },
    {
      "srcTextID": "98454",
      "srcText": "그날따라 동생은 신이 난 것 같았어요. 마치 아기 때로 다시 돌아간 것처럼 엄마한테 어리광도 부리고, 밥 먹을 때마다 투정을 하면서 안 먹겠다고 도망 다니던 아이가 웬일인지 밥도 잘 먹는 게 아니겠어요? 늦잠도 잘 수 있고 영어 숙제도 안 해도 되니까 기분이 좋았나 봐요. ",
      "srcPage": 13,
      "srcSentenceEA": 3,
      "srcWordEA": 45,
      "character": "동생,엄마,영어 숙제",
      "setting": "아기 때",
      "action": null,
      "feeling": "신이 난 것 같았어요",
      "causalRelationship": null,
      "outcomeResolution": null,
      "prediction": null,
      "plotSummaryInfoCount": 1,
      "plotSummaryInfo": {
        "classification": "신체운동_건강",
        "readAge": "초등_고학년",
        "form": "short-form",
        "plotSummaryText": "동생은 신이 났는지 아기 때처럼 어리광도 부렸고, 밥투정했었던 아인데 웬일인지 밥도 잘 먹었다.",
        "textWordEA": 13
      }
    },
    {
      "srcTextID": "98458",
      "srcText": "희주는 언제부턴가 이렇게 생각했어요. ‘내 마음속 생각을 엄마한테 전부 솔직하게 말할 필요는 없겠지? 그럼 싫어하실 거야.’",
      "srcPage": 15,
      "srcSentenceEA": 3,
      "srcWordEA": 18,
      "character": "희주,엄마",
      "setting": null,
      "action": "생각했어요,말할",
      "feeling": "솔직하게,싫어하실 거야",
      "causalRelationship": null,
      "outcomeResolution": null,
      "prediction": null,
      "plotSummaryInfoCount": 1,
      "plotSummaryInfo": {
        "classification": "신체운동_건강",
        "readAge": "초등_고학년",
        "form": "short-form",
        "plotSummaryText": "희주는 마음속 생각을 엄마한테 전부 솔직하게 말하면 싫어하실 거로 생각했다.",
        "textWordEA": 10
      }
    },
    {
      "srcTextID": "98449",
      "srcText": "“스트레스를 받는다고?” “네. 며칠 전에는 유치원에서 바지에 오줌을 쌌다면서 원장 선생님한테 전화가 왔지 뭐예요.” 안방 문틈으로 새어 나오던 엄마 아빠 목소리가 작아져서 그 뒤의 이야기는 더 이상 들을 수 없었어요.",
      "srcPage": 10,
      "srcSentenceEA": 3,
      "srcWordEA": 32,
      "character": "원장 선생님,바지",
      "setting": "며칠 전,유치원,안방 문틈",
      "action": "오줌을 쌌다",
      "feeling": null,
      "causalRelationship": null,
      "outcomeResolution": null,
      "prediction": null,
      "plotSummaryInfoCount": 1,
      "plotSummaryInfo": {
        "classification": "신체운동_건강",
        "readAge": "초등_고학년",
        "form": "short-form",
        "plotSummaryText": "유치원에서 바지에 오줌을 쌌다고 전화가 왔는데, 문틈으로 새어 나오던 엄마 아빠 목소리가 작아져서 그 뒤의 이야기는 들을 수 없었다.",
        "textWordEA": 19
      }
    },
    {
      "srcTextID": "98455",
      "srcText": "희주는 그런 동생이 부러웠어요. “아아! 나도 늦잠도 자고 숙제도 안 하면 좋겠다!” 하지만 숙제하기 싫다거나 학원에 가기 싫다는 말을 엄마한테 해 본 적은 한 번도 없었어요. 그런 얘기를 하면 엄마는 야단을 칠 테니까요.",
      "srcPage": 14,
      "srcSentenceEA": 4,
      "srcWordEA": 36,
      "character": "희주,엄마,동생,숙제",
      "setting": "학원",
      "action": null,
      "feeling": "부러웠어요",
      "causalRelationship": null,
      "outcomeResolution": null,
      "prediction": null,
      "plotSummaryInfoCount": 1,
      "plotSummaryInfo": {
        "classification": "신체운동_건강",
        "readAge": "초등_고학년",
        "form": "long-form",
        "plotSummaryText": "희주는 늦잠 자고 숙제하기 싫다거나 학원에 가기 싫다는 말을 엄마한테 하면 야단을 칠 거 같아 그런 얘기를 해본 적이 없어서 동생이 부러웠다.",
        "textWordEA": 22
      }
    },
    {
      "srcTextID": "98442",
      "srcText": "“언니, 나랑 놀아 줘!” “어휴, 저리 가! 언니 숙제해야 된다고 했잖아!”",
      "srcPage": 1,
      "srcSentenceEA": 3,
      "srcWordEA": 12,
      "character": "언니,나",
      "setting": null,
      "action": "저리 가,숙제해야 된다고 했잖아",
      "feeling": null,
      "causalRelationship": null,
      "outcomeResolution": null,
      "prediction": null,
      "plotSummaryInfoCount": 1,
      "plotSummaryInfo": {
        "classification": "신체운동_건강",
        "readAge": "초등_고학년",
        "form": "short-form",
        "plotSummaryText": "놀아달라고 하자 언니는 숙제를 해야한다고 말했다.",
        "textWordEA": 6
      }
    },
    {
      "srcTextID": "98444",
      "srcText": "집에 오면 학원 숙제와 학습지도 해야 하고 내일 가져갈 학교 준비물도 미리 챙겨 두어야 해요. 사실은 희주도 마음속으로는 놀고 싶은 마음이 굴뚝같아요. 텔레비전도 보고 싶고 컴퓨터 게임도 실컷 하고 싶어요.",
      "srcPage": 3,
      "srcSentenceEA": 3,
      "srcWordEA": 32,
      "character": "희주,숙제,준비물,텔레비전,컴퓨터 게임",
      "setting": "집,학원,내일,학교",
      "action": null,
      "feeling": null,
      "causalRelationship": null,
      "outcomeResolution": null,
      "prediction": null,
      "plotSummaryInfoCount": 1,
      "plotSummaryInfo": {
        "classification": "신체운동_건강",
        "readAge": "초등_고학년",
        "form": "short-form",
        "plotSummaryText": "희주는 집에 오면 학원 숙제와 학습지, 학교 준비물도 챙겨 두어야 했었는데, 사실은 텔레비전도 보고 싶고 컴퓨터 게임도 실컷 하고 싶었다.",
        "textWordEA": 20
      }
    },
    {
      "srcTextID": "98462",
      "srcText": "며칠 후, 학원을 마치고 집에 돌아온 희주는 그날도 자기 전에 숙제를 하려고 가방에서 책을 꺼냈어요. 그런데 왠지 어제와는 다른 기분이 들었어요. ‘왜 이렇게 허전하지?’",
      "srcPage": 21,
      "srcSentenceEA": 3,
      "srcWordEA": 26,
      "character": "희주,가방,책",
      "setting": "며칠 후,학원,집",
      "action": "돌아온,꺼냈어요",
      "feeling": "허전하지",
      "causalRelationship": null,
      "outcomeResolution": null,
      "prediction": null,
      "plotSummaryInfoCount": 1,
      "plotSummaryInfo": {
        "classification": "신체운동_건강",
        "readAge": "초등_고학년",
        "form": "short-form",
        "plotSummaryText": "며칠 후, 집에 돌아온 희주는 숙제를 하려고 가방에서 책을 꺼냈는데, 어제와는 다른 기분이 들었습니다.",
        "textWordEA": 14
      }
    },
    {
      "srcTextID": "98464",
      "srcText": "희주는 동생이 방해를 하지 않고 일찍 잠이 들어 다행이라는 생각이 들었어요. ‘휴, 오늘은 숙제를 더 빨리 끝낼 수 있겠다. 얼른 해치우고 자야지.’ 희주는 홀가분한 마음으로 학원 숙제와 오늘 해야 할 학습지를 책상 위에 차곡차곡 펼쳤어요.",
      "srcPage": 23,
      "srcSentenceEA": 4,
      "srcWordEA": 38,
      "character": "희주,동생,학원 숙제,학습지",
      "setting": null,
      "action": "일찍 잠이 들어,펼쳤어요",
      "feeling": "홀가분한",
      "causalRelationship": null,
      "outcomeResolution": null,
      "prediction": null,
      "plotSummaryInfoCount": 1,
      "plotSummaryInfo": {
        "classification": "신체운동_건강",
        "readAge": "초등_고학년",
        "form": "long-form",
        "plotSummaryText": "희주는 동생이 방해하지 않고 일찍 잠이 들어 다행이라는 생각이 들었고, 숙제를 더 빨리 끝내고 자야겠다고 생각하며 학원 숙제와 학습지를 책상 위에 펼쳤다.",
        "textWordEA": 22
      }
    },
    {
      "srcTextID": "98469",
      "srcText": "그런데 참으로 이상한 일이에요. 숙제하는 내내 자꾸만 동생이 궁금해서 자기도 모르게 방문 쪽을 힐긋거리게 되는 것이었어요. 금방이라도 동생이 문을 확 열고 들어와서는 “언니, 나랑 놀자!” 하며 귀찮게 굴 것만 같았어요.",
      "srcPage": 24,
      "srcSentenceEA": 5,
      "srcWordEA": 33,
      "character": "동생,자기,언니",
      "setting": "방문 쪽",
      "action": "힐긋거리게,문을 확 열고",
      "feeling": "궁금해서,귀찮게",
      "causalRelationship": null,
      "outcomeResolution": null,
      "prediction": null,
      "plotSummaryInfoCount": 1,
      "plotSummaryInfo": {
        "classification": "신체운동_건강",
        "readAge": "초등_고학년",
        "form": "long-form",
        "plotSummaryText": "숙제하는 내내 자꾸만 동생이 궁금해서 방문 쪽을 힐긋거리게 되었고, 동생이 문을 확 열고 놀자며 귀찮게 굴 것만 같았다.",
        "textWordEA": 18
      }
    },
    {
      "srcTextID": "98473",
      "srcText": "희주는 발소리를 줄이고 쫑긋 귀를 세웠어요. “그래서 오늘부터 새 영어 유치원에 보냈다고?” “네. 첫날이라 긴장했나 봐요. 피곤한지 일찍 잠들었어요.”",
      "srcPage": 26,
      "srcSentenceEA": 4,
      "srcWordEA": 21,
      "character": "희주,귀",
      "setting": "영어 유치원,첫날,오늘부터",
      "action": "보냈다고,잠들었어요,세웠어요,줄이고",
      "feeling": "긴장했나",
      "causalRelationship": null,
      "outcomeResolution": null,
      "prediction": null,
      "plotSummaryInfoCount": 1,
      "plotSummaryInfo": {
        "classification": "신체운동_건강",
        "readAge": "초등_고학년",
        "form": "long-form",
        "plotSummaryText": "희주는 쫑긋 귀를 세워, 오늘부터 새 영어 유치원에 보내서 첫날이라 피곤한지 일찍 잠들었다고 들었다.",
        "textWordEA": 14
      }
    },
    {
      "srcTextID": "98468",
      "srcText": "“새로운 환경이라 힘들었겠지. 그런데 굳이 벌써부터 영어를 가르쳐야만 하는 거야?” “벌써라니요. 요즘엔 다 일찍부터 한다니까요.”",
      "srcPage": 27,
      "srcSentenceEA": 3,
      "srcWordEA": 17,
      "character": null,
      "setting": "새로운 환경",
      "action": "가르쳐야만,한다니까요",
      "feeling": "힘들었겠지",
      "causalRelationship": null,
      "outcomeResolution": null,
      "prediction": null,
      "plotSummaryInfoCount": 1,
      "plotSummaryInfo": {
        "classification": "신체운동_건강",
        "readAge": "초등_고학년",
        "form": "short-form",
        "plotSummaryText": "새로운 환경이라 힘들겠지만 벌써 영어를 가르쳐야만 하는 거냐고 묻자, 요즘엔 다 일찍부터 한다고 말했다.",
        "textWordEA": 14
      }
    },
    {
      "srcTextID": "98467",
      "srcText": "“그래도 아이들은 그저 뛰어놀아야 하는 건데.” “어휴, 답답한 소리 하지 마요. 요즘 애들이 놀 시간이 어디 있어요? 희주도 학원을 더 보내야 하는데.”",
      "srcPage": 28,
      "srcSentenceEA": 4,
      "srcWordEA": 24,
      "character": "아이들,희주",
      "setting": "학원",
      "action": "뛰어놀아야 하는",
      "feeling": null,
      "causalRelationship": null,
      "outcomeResolution": null,
      "prediction": null,
      "plotSummaryInfoCount": 1,
      "plotSummaryInfo": {
        "classification": "신체운동_건강",
        "readAge": "초등_고학년",
        "form": "long-form",
        "plotSummaryText": "아이들은 뛰어놀아야 한다고 하자, 희주도 학원을 더 보내야 한다면서 요즘 애들이 놀 시간이 어디 있다고 했다.",
        "textWordEA": 16
      }
    },
    {
      "srcTextID": "98471",
      "srcText": "자기 이야기가 나오자 희주는 화들짝 놀랐어요. 그래서 더 듣고 싶었지만 조용히 방으로 돌아왔어요. 희주는 책상 앞에 앉아 멍하니 학습지를 바라보았어요.",
      "srcPage": 29,
      "srcSentenceEA": 3,
      "srcWordEA": 22,
      "character": "희주,학습지",
      "setting": "방,책상 앞",
      "action": "돌아왔어요,바라보았어요",
      "feeling": null,
      "causalRelationship": null,
      "outcomeResolution": null,
      "prediction": null,
      "plotSummaryInfoCount": 1,
      "plotSummaryInfo": {
        "classification": "신체운동_건강",
        "readAge": "초등_고학년",
        "form": "short-form",
        "plotSummaryText": "희주는 더 듣고 싶었지만, 방으로 돌아와서 책상 앞에 앉아 멍하니 학습지를 바라보았다.",
        "textWordEA": 12
      }
    },
    {
      "srcTextID": "98475",
      "srcText": "불을 끄고 침대에 누운 다음에도 희주는 어쩐지 잠이 잘 오지 않아 한참을 뒤척였어요. 그 후 며칠이 지나도 희연이가 언니를 귀찮게 하거나 숙제를 방해하는 일은 생기지 않았어요. 그런데 어느 날 학교에서 집으로 돌아오자 집에 엄마는 없고 외할머니가 와 있었어요.",
      "srcPage": 32,
      "srcSentenceEA": 3,
      "srcWordEA": 40,
      "character": "침대,희주,희연,숙제,엄마,외할머니",
      "setting": "며칠이 지나도,학교,집",
      "action": "뒤척였어요,와 있었어요",
      "feeling": null,
      "causalRelationship": null,
      "outcomeResolution": null,
      "prediction": null,
      "plotSummaryInfoCount": 1,
      "plotSummaryInfo": {
        "classification": "신체운동_건강",
        "readAge": "초등_고학년",
        "form": "short-form",
        "plotSummaryText": "며칠이 지나도 희연이가 언니를 귀찮게 하거나 숙제를 방해하는 일은 생기지 않았는데, 어느 날 외할머니가 와 있었습니다.",
        "textWordEA": 16
      }
    },
    {
      "srcTextID": "98474",
      "srcText": "“희주 왔구나?” “네, 할머니! 그런데 엄마는요?” “엄마는 희연이 데리고 병원에 갔단다.” “왜요? 희연이가 어디 아파요?”",
      "srcPage": 33,
      "srcSentenceEA": 5,
      "srcWordEA": 17,
      "character": "희주,할머니,엄마,희연",
      "setting": null,
      "action": "갔단다,아파요",
      "feeling": null,
      "causalRelationship": null,
      "outcomeResolution": null,
      "prediction": null,
      "plotSummaryInfoCount": 1,
      "plotSummaryInfo": {
        "classification": "신체운동_건강",
        "readAge": "초등_고학년",
        "form": "long-form",
        "plotSummaryText": "할머니는 희주에게 엄마는 희연이를 데리고 병원에 갔다고 했고, 그 말을 들은 희주는 희연이가 어디 아프냐고 물었다.",
        "textWordEA": 16
      }
    },
    {
      "srcTextID": "98481",
      "srcText": "‘희연이는 괜찮은 걸까? 많이 아픈 거면 어떡하지?’ 희주는 수업이 끝나자마자 쏜살같이 집으로 달려왔어요.",
      "srcPage": 35,
      "srcSentenceEA": 3,
      "srcWordEA": 15,
      "character": "희연,희주",
      "setting": "수업이 끝나자마자,집",
      "action": "달려왔어요",
      "feeling": null,
      "causalRelationship": null,
      "outcomeResolution": null,
      "prediction": null,
      "plotSummaryInfoCount": 1,
      "plotSummaryInfo": {
        "classification": "신체운동_건강",
        "readAge": "초등_고학년",
        "form": "short-form",
        "plotSummaryText": "희연이가 몹시 아프면 어떡하냐고 생각했던 희주는 수업이 끝나자마자 집으로 달려왔어요.",
        "textWordEA": 10
      }
    },
    {
      "srcTextID": "98482",
      "srcText": "그리고 현관에서 신발을 벗기도 전에 동생부터 소리쳐 불렀어요. \"희연아!\" 희연이는 침대에 기운 없이 축 늘어져 있었어요. \"희연이 많이 아파?\" \"언니! 나 배 아야 해서 주사 맞았어.\" 엄마는 부엌에서 흰쌀로 죽을 끓이다가 두 자매를 바라보며 미소를 지었어요.",
      "srcPage": 36,
      "srcSentenceEA": 5,
      "srcWordEA": 39,
      "character": "희연,엄마,자매,동생,언니,침대,신발,죽,배",
      "setting": "부엌,현관",
      "action": "불렀어요,맞았어,미소를 지었어요",
      "feeling": null,
      "causalRelationship": null,
      "outcomeResolution": null,
      "prediction": null,
      "plotSummaryInfoCount": 1,
      "plotSummaryInfo": {
        "classification": "신체운동_건강",
        "readAge": "초등_고학년",
        "form": "long-form",
        "plotSummaryText": "침대에 기운 없이 앉아있는 희연이에게 많이 아프냐고 물었고, 희원이의 배가 아파서 주사를 맞았다는 대답에, 부엌에서 흰쌀로 죽일 끓이던 엄마는 두 자매를 보며 미소를 지었어요.",
        "textWordEA": 24
      }
    },
    {
      "srcTextID": "98487",
      "srcText": "희주는 동생의 조그마한 손을 꼭 잡아 주었어요. 그리고 엄마에게 말했어요. “엄마, 오늘은 우리 둘이 같이 잘래요. 학습지는 내일 해도 되지요? 네?”",
      "srcPage": 37,
      "srcSentenceEA": 5,
      "srcWordEA": 24,
      "character": "희주,동생,엄마,학습지",
      "setting": "내일",
      "action": "잡아 주었어요,말했어요,잘래요",
      "feeling": null,
      "causalRelationship": null,
      "outcomeResolution": null,
      "prediction": null,
      "plotSummaryInfoCount": 1,
      "plotSummaryInfo": {
        "classification": "신체운동_건강",
        "readAge": "초등_고학년",
        "form": "long-form",
        "plotSummaryText": "희주는 동생의 손을 꼭 잡아 주었고, 엄마에게 오늘은 둘이 같이 잔다고 학습지는 내일 해도 되냐고 물었다. ",
        "textWordEA": 16
      }
    },
    {
      "srcTextID": "98485",
      "srcText": "“그래, 알았다. 그러려무나.” 희연이는 언니 손을 잡고 배시시 웃었어요. “헤헤, 신난다! 나 이제 배 안 아픈 것 같아.”",
      "srcPage": 38,
      "srcSentenceEA": 5,
      "srcWordEA": 21,
      "character": "희연,언니,손",
      "setting": null,
      "action": "웃었어요,손을 잡고",
      "feeling": "신난다",
      "causalRelationship": null,
      "outcomeResolution": null,
      "prediction": null,
      "plotSummaryInfoCount": 1,
      "plotSummaryInfo": {
        "classification": "신체운동_건강",
        "readAge": "초등_고학년",
        "form": "long-form",
        "plotSummaryText": "엄마는 그렇게 하라고 했고, 희연이는 언니 손을 잡고 웃으며 신난다면서 이제 배 안 아픈 것 같다고 했다.",
        "textWordEA": 17
      }
    },
    {
      "srcTextID": "98486",
      "srcText": "그날 밤 희주는 희연이와 함께 잠자리에 들었어요. “그래서, 아까 주사 맞았는데, 안 울고 잘 참았다고 의사 선생님이 사탕 이만한 거 주셨다!” “우와! 그랬구나! 우리 희연이 용감하네?”",
      "srcPage": 39,
      "srcSentenceEA": 4,
      "srcWordEA": 28,
      "character": "희주,희연,의사 선생님,사탕",
      "setting": "그날 밤,아까",
      "action": "잠자리에 들었어요,맞았는데,참았다고",
      "feeling": "용감하네",
      "causalRelationship": null,
      "outcomeResolution": null,
      "prediction": null,
      "plotSummaryInfoCount": 1,
      "plotSummaryInfo": {
        "classification": "신체운동_건강",
        "readAge": "초등_고학년",
        "form": "long-form",
        "plotSummaryText": "그날 밤 희주는 희연이와 함께 잠자리에 들었고, 희연이는 주사를 맞았지만 울지 않고 잘 참았기 때문에 의사 선생님이 사탕을 주셨다고 말하자 희주는 희연이가 용감하다고 말했습니다.",
        "textWordEA": 24
      }
    },
    {
      "srcTextID": "98488",
      "srcText": "희주는 희연이가 무슨 말을 하든 잘 들어 주고 칭찬도 많이많이 해 주었어요. 동생이 먼저 잠이 들 때까지 도란도란 이야기를 나누었지만 하나도 귀찮지 않았어요. 그리고 앞으로는 동생에게 화내지 말고 자주 같이 놀아 주어야겠다고 생각하며 스르르 눈을 감았어요. 아주 좋은 꿈을 꿀 수 있을 것 같은 행복한 밤이었어요.",
      "srcPage": 40,
      "srcSentenceEA": 4,
      "srcWordEA": 49,
      "character": "희주,희연,동생,눈",
      "setting": null,
      "action": "들어 주고,잠이 들 때까지,나누었지만,귀찮지 않았어요,감았어요",
      "feeling": "행복한",
      "causalRelationship": null,
      "outcomeResolution": null,
      "prediction": null,
      "plotSummaryInfoCount": 1,
      "plotSummaryInfo": {
        "classification": "신체운동_건강",
        "readAge": "초등_고학년",
        "form": "long-form",
        "plotSummaryText": "희연이가 동생이 무슨 말을 하든 잘 들어 주고, 잠이 들 때까지 이야기를 나누었지만 귀찮지 않았고, 앞으로는 동생에게 화내지 말고 자주 놀아 주어야겠다고 생각하며 눈을 감았어요.",
        "textWordEA": 25
      }
    },
    {
      "srcTextID": "98459",
      "srcText": "그런데 동생 희연이가 유치원에 안 가게 된 다음부터 밤마다 귀찮은 일이 생긴 거예요. 희주는 자기 전에 숙제를 다 해야 하는데 그때마다 동생은 언니 바쁜 줄도 모르고 놀아 달라며 방해를 했어요. 숙제할 시간을 빼앗는 동생이 얄미워 화를 냈지만 동생이 토라져서 혼자 잠들고 나면 희주는 그제야 미안한 마음이 생기는 것이었어요.",
      "srcPage": 19,
      "srcSentenceEA": 3,
      "srcWordEA": 50,
      "character": "희연,희주",
      "setting": "밤,유치원",
      "action": "혼자 잠들고,토라져서,안 가게",
      "feeling": "귀찮은,미안한 마음,얄미워",
      "causalRelationship": null,
      "outcomeResolution": null,
      "prediction": null,
      "plotSummaryInfoCount": 1,
      "plotSummaryInfo": {
        "classification": "신체운동_건강",
        "readAge": "초등_고학년",
        "form": "short-form",
        "plotSummaryText": "동생 희연이가 유치원에 안 가게 된 다음부터 희주는 숙제할 시간을 빼앗는 동생이 얄미워 화를 냈지만, 동생이 토라져서 잠들고 나면 미안한 마음이 생겼습니다.",
        "textWordEA": 22
      }
    },
    {
      "srcTextID": "98461",
      "srcText": "하지만 동생이 하자는 대로 다 하면 그날 해야 할 일을 못 할 것 같았어요. “숙제를 해야 하는데 나더러 어쩌라고!” 희주는 동생에 대한 미안한 마음을 애써 모른 척했어요.",
      "srcPage": 20,
      "srcSentenceEA": 3,
      "srcWordEA": 28,
      "character": "동생,희주",
      "setting": null,
      "action": "모른 척했어요",
      "feeling": "미안한 마음",
      "causalRelationship": null,
      "outcomeResolution": null,
      "prediction": null,
      "plotSummaryInfoCount": 1,
      "plotSummaryInfo": {
        "classification": "신체운동_건강",
        "readAge": "초등_고학년",
        "form": "short-form",
        "plotSummaryText": "동생이 하자는 대로 다 하면 할 일을 못 할 것 같았고, 숙제 때문에 동생에 대한 미안한 마음을 애써 모른 척했다.",
        "textWordEA": 20
      }
    },
    {
      "srcTextID": "98463",
      "srcText": "책상 앞에 앉아 학습지를 꺼낼 때 희주는 비로소 깨달았어요. ‘어? 오늘은 희연이가 놀아 달라고 떼쓰지 않네?’ 그러고 보니 희연이는 저녁을 먹자마자 일찍부터 잠이 든 모양이에요.",
      "srcPage": 22,
      "srcSentenceEA": 4,
      "srcWordEA": 28,
      "character": "희주,희연,학습지",
      "setting": "책상 앞",
      "action": "떼쓰지 않네,깨달았어요",
      "feeling": null,
      "causalRelationship": null,
      "outcomeResolution": null,
      "prediction": null,
      "plotSummaryInfoCount": 1,
      "plotSummaryInfo": {
        "classification": "신체운동_건강",
        "readAge": "초등_고학년",
        "form": "long-form",
        "plotSummaryText": "책상 앞에 앉아 학습지를 꺼낼 때, 희주는 희연이가 놀아 달라고 떼쓰지 않았음을 알았는데, 희연이가 일찍부터 잠이 든 모양이었다.",
        "textWordEA": 18
      }
    },
    {
      "srcTextID": "98472",
      "srcText": "희주는 괜히 목이 마른 것 같아서 물을 한 잔 마시려고 부엌으로 가며 동생 방 쪽을 쳐다봤어요. 하지만 희연이의 방에서는 아무 소리도 들리지 않았어요. 물을 마시고 다시 방으로 돌아오는데 이번에도 안방에서 엄마 아빠의 말소리가 들렸어요.",
      "srcPage": 25,
      "srcSentenceEA": 3,
      "srcWordEA": 36,
      "character": "동생,엄마,아빠",
      "setting": "안방,희연이의 방",
      "action": "들렸어요,쳐다봤어요",
      "feeling": null,
      "causalRelationship": null,
      "outcomeResolution": null,
      "prediction": null,
      "plotSummaryInfoCount": 1,
      "plotSummaryInfo": {
        "classification": "신체운동_건강",
        "readAge": "초등_고학년",
        "form": "short-form",
        "plotSummaryText": "희주는 물을 마시려고 부엌으로 가며 동생 방 쪽을 쳐다봤지만, 방에서는 아무 소리도 들리지 않았고, 안방에서 엄마 아빠의 말소리가 들렸습니다.",
        "textWordEA": 19
      }
    },
    {
      "srcTextID": "98470",
      "srcText": "이제 조금만 하면 다 끝내고 잠자리에 들 수 있었지만 자꾸 딴생각이 나서 집중이 되지 않았어요. ‘희연이가 새 유치원이 힘들었나 봐. 그래서 오늘은 놀자고 조르지도 않고 일찍 잔 거구나.’ 그렇게 생각하자 희주는 왠지 동생이 가여웠어요.",
      "srcPage": 30,
      "srcSentenceEA": 4,
      "srcWordEA": 37,
      "character": "희연,희주",
      "setting": "유치원,오늘은",
      "action": "놀자고,조르지도 않고,잔 거구나",
      "feeling": "가여웠어요",
      "causalRelationship": null,
      "outcomeResolution": null,
      "prediction": null,
      "plotSummaryInfoCount": 1,
      "plotSummaryInfo": {
        "classification": "신체운동_건강",
        "readAge": "초등_고학년",
        "form": "long-form",
        "plotSummaryText": "자꾸 딴생각이 나서 집중이 되지 않았고, 희연이가 새 유치원이 힘들었을 거라 생각되어 왠지 가여웠습니다.",
        "textWordEA": 14
      }
    },
    {
      "srcTextID": "98476",
      "srcText": "희주는 그동안 동생의 말을 한 번도 들어주지 않은 것이 떠올라 갑자기 너무 미안했어요. ‘희연이는 나를 방해하려고 했던 게 아니야. 그냥 언니랑 함께 놀고 싶었던 거야. 그런데 나는 늘 화만 냈으니 얼마나 서운했을까?’",
      "srcPage": 31,
      "srcSentenceEA": 4,
      "srcWordEA": 35,
      "character": "희주,희연,나,언니",
      "setting": null,
      "action": "놀고 싶었던,방해하려고,화만 냈으니",
      "feeling": "미안했어요,서운했을까",
      "causalRelationship": null,
      "outcomeResolution": null,
      "prediction": null,
      "plotSummaryInfoCount": 1,
      "plotSummaryInfo": {
        "classification": "신체운동_건강",
        "readAge": "초등_고학년",
        "form": "long-form",
        "plotSummaryText": "희연이는 방해하려고 했던 게 아니고 그냥 언니랑 함께 놀고 싶었던 건데 그동안 늘 화만 냈으니 얼마나 서운했을지 생각하며 너무 미안했다.",
        "textWordEA": 20
      }
    },
    {
      "srcTextID": "98480",
      "srcText": "\"뭘 잘못 먹었는지 배탈이 났다는구나. 그래서 이 할미가 네 간식 차려 주려고 온 거란다.\" 희주는 할머니가 만들어 준 간식을 먹고 학원에 갔지만, 수업 시간 내내 선생님 말씀이 귀에 잘 들어오지 않았어요.",
      "srcPage": 34,
      "srcSentenceEA": 3,
      "srcWordEA": 33,
      "character": "희주,할머니,간식,선생님,귀",
      "setting": "학원",
      "action": "갔지만,먹고,들어오지 않았어요",
      "feeling": null,
      "causalRelationship": null,
      "outcomeResolution": null,
      "prediction": null,
      "plotSummaryInfoCount": 1,
      "plotSummaryInfo": {
        "classification": "신체운동_건강",
        "readAge": "초등_고학년",
        "form": "short-form",
        "plotSummaryText": "희주는 할머니가 만들어 준 간식을 먹고 학원에 갔지만, 선생님 말씀이 귀에 잘 들어오지 않았습니다.",
        "textWordEA": 14
      }
    }
  ]
}