{
  "title": "대답하는 건 정말 귀찮아!",
  "author": "권정현",
  "illustrator": "한국출판일러스트회",
  "isbn": "9791157024179",
  "publishedYear": 2015,
  "publisher": "황우",
  "paragraphInfoCount": 51,
  "paragraphInfo": [
    {
      "srcTextID": "98070",
      "srcText": "“우리 아들, 오늘은 어떻게 지냈니?” 아빠는 회사에서 돌아오자마자 엄마랑 똑같은 질문을 했어요. 바다는 정말이지 대꾸도 하기 싫었어요.",
      "srcPage": 1,
      "srcSentenceEA": 3,
      "srcWordEA": 19,
      "character": "우리 아들,아빠,엄마",
      "setting": "오늘",
      "action": "돌아오자마자,질문을 했어요",
      "feeling": null,
      "causalRelationship": null,
      "outcomeResolution": "바다는 정말이지 대꾸도 하기 싫었어요.",
      "prediction": null,
      "plotSummaryInfoCount": 1,
      "plotSummaryInfo": {
        "classification": "신체운동_건강",
        "readAge": "초등_고학년",
        "form": "short-form",
        "plotSummaryText": "회사에서 돌아온 아빠가 우리 아들 오늘 어떻게 지냈냐고 엄마랑 똑같은 질문을 했지만, 바다는 대꾸도 하기 싫었습니다.",
        "textWordEA": 16
      }
    },
    {
      "srcTextID": "98072",
      "srcText": "엄마 아빠는 왜 그렇게 궁금한 게 많은 걸까요. 매일 즐거운 일만 생기는 건 아니잖아요. 더구나 오늘은 엄청 짜증 나는 일이 있었어요.",
      "srcPage": 2,
      "srcSentenceEA": 3,
      "srcWordEA": 23,
      "character": "엄마,아빠",
      "setting": "오늘",
      "action": null,
      "feeling": "짜증 나는 일이 있었어요,왜,궁금한 게",
      "causalRelationship": null,
      "outcomeResolution": null,
      "prediction": null,
      "plotSummaryInfoCount": 1,
      "plotSummaryInfo": {
        "classification": "신체운동_건강",
        "readAge": "초등_고학년",
        "form": "short-form",
        "plotSummaryText": "매일 즐거운 일만 생기는 건 아닌데 엄마 아빠는 궁금한 게 많은 데다 오늘은 짜증 나는 일이 있었습니다.",
        "textWordEA": 17
      }
    },
    {
      "srcTextID": "98071",
      "srcText": "산이는 바다가 제일 좋아하는 친구예요. 바다는 산이와 같은 반이 됐을 때부터 친해질 것 같은 느낌이 들었는데, 산이는 그렇지 않았나 봐요. “선생님, 짝꿍 언제 바꿔요?”",
      "srcPage": 3,
      "srcSentenceEA": 3,
      "srcWordEA": 25,
      "character": "산이,친구,선생님,바다",
      "setting": null,
      "action": null,
      "feeling": "좋아하는,친해질 것 같은 느낌이 들었는데,그렇지 않았나 봐요",
      "causalRelationship": null,
      "outcomeResolution": null,
      "prediction": null,
      "plotSummaryInfoCount": 1,
      "plotSummaryInfo": {
        "classification": "신체운동_건강",
        "readAge": "초등_고학년",
        "form": "short-form",
        "plotSummaryText": "바다가 제일 좋아하는 산이가 짝꿍 언제 바꾸냐고 선생님께 묻는 모습을 보니, 자신만 친해질 거라 느꼈다고 생각했습니다.",
        "textWordEA": 16
      }
    },
    {
      "srcTextID": "98073",
      "srcText": "오늘 종례 시간에 있었던 일은 생각할수록 자존심이 상했어요. 선생님은 당분간 짝꿍은 그대로라고 하셨지만 산이가 그런 말을 꺼낼 줄은 진짜 몰랐어요. 무슨 친구가 그래요? 이제 싫증 났으니 짝을 바꿔 달라고 한 거나 마찬가지잖아요?",
      "srcPage": 4,
      "srcSentenceEA": 4,
      "srcWordEA": 35,
      "character": "선생님,산이,친구,짝",
      "setting": "오늘 종례 시간",
      "action": "그대로라고 하셨지만,바꿔 달라고",
      "feeling": "자존심이 상했어요,그런 말을 꺼낼 줄은,싫증 났으니",
      "causalRelationship": null,
      "outcomeResolution": null,
      "prediction": null,
      "plotSummaryInfoCount": 1,
      "plotSummaryInfo": {
        "classification": "신체운동_건강",
        "readAge": "초등_고학년",
        "form": "long-form",
        "plotSummaryText": "오늘 종례 시간에 선생님께서 짝꿍은 그대로라고 하셨음에도 산이가 짝꿍을 바꿔 달라고 한 거나 마찬가지인 말을 꺼내자 자존심이 많이 상했습니다.",
        "textWordEA": 19
      }
    },
    {
      "srcTextID": "98074",
      "srcText": "“뭐 해? 아빠가 물어보시잖니?” 엄마가 아빠 눈치를 살피면서 바다에게 말했어요. “그냥 놔둬요. 한창 그럴 땐데.”",
      "srcPage": 7,
      "srcSentenceEA": 5,
      "srcWordEA": 18,
      "character": "아빠,엄마,바다",
      "setting": null,
      "action": "살피면서,말했어요,뭐 해?",
      "feeling": "눈치를 살피면서",
      "causalRelationship": null,
      "outcomeResolution": null,
      "prediction": null,
      "plotSummaryInfoCount": 1,
      "plotSummaryInfo": {
        "classification": "신체운동_건강",
        "readAge": "초등_고학년",
        "form": "long-form",
        "plotSummaryText": "엄마가 아빠 눈치를 살피면서 바다에게 아빠가 묻는데 뭐 하냐고 말했고, 아빠는 한창 그럴 때니 놔두라고 하셨습니다.",
        "textWordEA": 16
      }
    },
    {
      "srcTextID": "98078",
      "srcText": "아빠가 바다를 편들어 주려고 하는 말은 더 어이가 없었어요. 대체 왜 어른들은 뭐든 다 이해하는 듯 말하는 걸까요. 살짝 하소연하고 싶었던 마음이 짜증으로 변했어요.",
      "srcPage": 8,
      "srcSentenceEA": 3,
      "srcWordEA": 26,
      "character": "아빠,바다,어른들",
      "setting": null,
      "action": "편들어 주려고,이해하는 듯 말하는 걸까요",
      "feeling": "짜증으로 변했어요,어이가 없었어요,살짝 하소연하고 싶었던 마음이",
      "causalRelationship": null,
      "outcomeResolution": null,
      "prediction": null,
      "plotSummaryInfoCount": 1,
      "plotSummaryInfo": {
        "classification": "신체운동_건강",
        "readAge": "초등_고학년",
        "form": "short-form",
        "plotSummaryText": "바다는 왜 어른들이 뭐든 다 이해하는 듯 말하는 걸까 생각하며, 하소연하고 싶던 마음이 더 짜증으로 변했습니다.",
        "textWordEA": 16
      }
    },
    {
      "srcTextID": "98076",
      "srcText": "“선생님한테 야단이라도 맞았나?” 거실에서 엄마 아빠가 걱정하는 소리가 들려왔어요. 바다는 아예 방문을 걸어 잠그고 싶었어요.",
      "srcPage": 9,
      "srcSentenceEA": 3,
      "srcWordEA": 17,
      "character": "선생님,엄마,아빠,바다,방문",
      "setting": "거실에서",
      "action": "걱정하는 소리가 들려왔어요",
      "feeling": "방문을 걸어 잠그고 싶었어요",
      "causalRelationship": null,
      "outcomeResolution": null,
      "prediction": null,
      "plotSummaryInfoCount": 1,
      "plotSummaryInfo": {
        "classification": "신체운동_건강",
        "readAge": "초등_고학년",
        "form": "short-form",
        "plotSummaryText": "거실에서 엄마 아빠가 걱정하며 선생님한테 야단이라도 맞았냐고 물었고, 바다는 아예 방문을 걸어 잠그고 싶었습니다.",
        "textWordEA": 14
      }
    },
    {
      "srcTextID": "98080",
      "srcText": "“아, 좀!” 바다는 신경질적으로 고개를 저었어요. 말하고 싶어질 때까지는 엄마 아빠가 가만히 있었으면 좋겠어요. 두 분은 참을성이 너무 없어요.",
      "srcPage": 13,
      "srcSentenceEA": 4,
      "srcWordEA": 22,
      "character": "바다,고개,엄마,아빠",
      "setting": null,
      "action": "저었어요",
      "feeling": "신경질적으로,아,좀,가만히 있었으면 좋겠어요",
      "causalRelationship": null,
      "outcomeResolution": null,
      "prediction": null,
      "plotSummaryInfoCount": 1,
      "plotSummaryInfo": {
        "classification": "신체운동_건강",
        "readAge": "초등_고학년",
        "form": "long-form",
        "plotSummaryText": "신경질적으로 고개를 저은 바다는 참을성이 너무 없는 엄마 아빠가 말하고 싶어질 때까지 가만히 있었으면 좋겠다고 생각했어요.",
        "textWordEA": 16
      }
    },
    {
      "srcTextID": "98085",
      "srcText": "오늘은 일요일이에요. 바다는 산이의 메시지를 받고 한결 기분이 나아졌어요. 너 내가 어제 짝꿍 얘기한 것 때문에 화났니?",
      "srcPage": 14,
      "srcSentenceEA": 3,
      "srcWordEA": 19,
      "character": "바다,산이,너,내,짝꿍",
      "setting": "일요일",
      "action": null,
      "feeling": "기분이 나아졌어요,화났니",
      "causalRelationship": null,
      "outcomeResolution": null,
      "prediction": null,
      "plotSummaryInfoCount": 1,
      "plotSummaryInfo": {
        "classification": "신체운동_건강",
        "readAge": "초등_고학년",
        "form": "short-form",
        "plotSummaryText": "일요일인 오늘 자기가 짝꿍 얘기 한 것 때문에 화가 났느냐는 산이의 메시지를 받은 바다는 한결 기분이 나아졌습니다.",
        "textWordEA": 17
      }
    },
    {
      "srcTextID": "98084",
      "srcText": "사실은 선생님한테 짝꿍 바꾸지 말아 달라고 말할 참이었어. ‘그러면 그렇지.’ 바다는 회심의 미소를 지으며 답장을 보냈어요.",
      "srcPage": 15,
      "srcSentenceEA": 3,
      "srcWordEA": 18,
      "character": "선생님,짝꿍,바다",
      "setting": null,
      "action": "답장을 보냈어요,미소를 지으며",
      "feeling": "말할 참이었어,그러면 그렇지,회심의",
      "causalRelationship": null,
      "outcomeResolution": null,
      "prediction": null,
      "plotSummaryInfoCount": 1,
      "plotSummaryInfo": {
        "classification": "신체운동_건강",
        "readAge": "초등_고학년",
        "form": "short-form",
        "plotSummaryText": "선생님한테 짝꿍 바꾸지 말아 달라고 말할 참이었다는 말에 회심의 미소를 지으며 바다는 답장을 보냈습니다.",
        "textWordEA": 14
      }
    },
    {
      "srcTextID": "98086",
      "srcText": "정말이야? 응! 산이한테도 즉각 답이 왔어요. 얼었던 마음이 봄눈 녹듯 풀어진다는 게 이런 걸까요? 이럴 줄 알았다면 산이한테 미리 물어볼 걸 그랬어요.",
      "srcPage": 16,
      "srcSentenceEA": 4,
      "srcWordEA": 26,
      "character": "산이",
      "setting": null,
      "action": "답이 왔어요",
      "feeling": "얼었던 마음이 봄눈 녹듯",
      "causalRelationship": "이럴 줄 알았다면 산이한테 미리 물어볼 걸 그랬어요.",
      "outcomeResolution": null,
      "prediction": null,
      "plotSummaryInfoCount": 1,
      "plotSummaryInfo": {
        "classification": "신체운동_건강",
        "readAge": "초등_고학년",
        "form": "long-form",
        "plotSummaryText": "정말이라고 산이가 즉각 답을 해주자 얼었던 마음이 봄눈 녹듯 풀어지며 산이한테 미리 물어볼 걸 그랬다는 생각이 들었습니다.",
        "textWordEA": 17
      }
    },
    {
      "srcTextID": "98075",
      "srcText": "“바다야, 학교 끝나고 뭐 할 거야?” 방과 후에 산이가 태연하게 말을 걸었어요. ‘흥! 치사해서 나도 너랑 짝꿍 안 한다.’",
      "srcPage": 5,
      "srcSentenceEA": 4,
      "srcWordEA": 22,
      "character": "산이,나,너,짝꿍,바다",
      "setting": "방과 후",
      "action": "말을 걸었어요",
      "feeling": "흥,치사해서",
      "causalRelationship": null,
      "outcomeResolution": null,
      "prediction": null,
      "plotSummaryInfoCount": 1,
      "plotSummaryInfo": {
        "classification": "신체운동_건강",
        "readAge": "초등_고학년",
        "form": "long-form",
        "plotSummaryText": "방과 후에 산이가 태연하게 바다에게 말을 걸었지만, 바다는 산이에게 치사해서 나도 너랑 짝꿍 안 한다고 생각했어요.",
        "textWordEA": 16
      }
    },
    {
      "srcTextID": "98077",
      "srcText": "보기 좋게 한 방 먹이고 싶었지만 못 들은 체했어요. 어떤 말로도 기분이 풀릴 것 같지 않았거든요. 집에 와서도 서운한 마음이 가시지 않았어요.",
      "srcPage": 6,
      "srcSentenceEA": 3,
      "srcWordEA": 24,
      "character": null,
      "setting": "집",
      "action": "못 들은 체했어요,와서도",
      "feeling": "서운한 마음,한 방 먹이고 싶었지만,기분이 풀릴 것 같지 않았거든요",
      "causalRelationship": null,
      "outcomeResolution": null,
      "prediction": null,
      "plotSummaryInfoCount": 1,
      "plotSummaryInfo": {
        "classification": "신체운동_건강",
        "readAge": "초등_고학년",
        "form": "short-form",
        "plotSummaryText": "어떤 말로도 기분이 풀릴 것 같지 않아 못 들은체하고 집에 왔지만, 서운한 마음은 가시지 않았습니다.",
        "textWordEA": 15
      }
    },
    {
      "srcTextID": "98079",
      "srcText": "“바다야, 혹시 무슨 고민 있니?” 저녁 식탁에서 아빠가 또 슬그머니 말을 걸었어요. 보나 마나 이건 엄마 아빠의 합동작전이에요.",
      "srcPage": 10,
      "srcSentenceEA": 3,
      "srcWordEA": 20,
      "character": "바다,식탁,아빠,엄마",
      "setting": "저녁",
      "action": "말을 걸었어요,슬그머니",
      "feeling": "무슨 고민 있니",
      "causalRelationship": null,
      "outcomeResolution": null,
      "prediction": null,
      "plotSummaryInfoCount": 1,
      "plotSummaryInfo": {
        "classification": "신체운동_건강",
        "readAge": "초등_고학년",
        "form": "short-form",
        "plotSummaryText": "저녁 식탁에서 아빠가 바다에게 혹시 무슨 고민 있냐고 슬그머니 말을 거는 것도 엄마 아빠의 합동 작전이라고 생각했습니다.",
        "textWordEA": 17
      }
    },
    {
      "srcTextID": "98082",
      "srcText": "아무래도 두 분은, 바다가 선생님한테 야단이라도 맞은 걸로 착각한 모양이에요. “아빠한텐 말해도 되잖아?” “그런 거 없어요.” “시험 때문에 그래?”",
      "srcPage": 11,
      "srcSentenceEA": 4,
      "srcWordEA": 19,
      "character": "바다,선생님,아빠,시험",
      "setting": null,
      "action": null,
      "feeling": "착각한",
      "causalRelationship": null,
      "outcomeResolution": null,
      "prediction": null,
      "plotSummaryInfoCount": 1,
      "plotSummaryInfo": {
        "classification": "신체운동_건강",
        "readAge": "초등_고학년",
        "form": "long-form",
        "plotSummaryText": "바다가 선생님한테 야단이라도 맞은 걸로 착각한 두 분은 아빠한텐 말해도 된다고 말했지만, 그런 거 없다고 답했습니다.",
        "textWordEA": 16
      }
    },
    {
      "srcTextID": "98081",
      "srcText": "“아니라니까.” 바다는 짧게 대답하고 꾸역꾸역 밥알을 삼켰어요. “어디 아픈 건 아니지?” 엄마도 한마디 거들었어요.",
      "srcPage": 12,
      "srcSentenceEA": 3,
      "srcWordEA": 16,
      "character": "바다,밥알,엄마",
      "setting": null,
      "action": "대답하고,거들었어요,꾸역꾸역 밥알을 삼켰어요",
      "feeling": "어디 아픈 건 아니지?",
      "causalRelationship": null,
      "outcomeResolution": null,
      "prediction": null,
      "plotSummaryInfoCount": 1,
      "plotSummaryInfo": {
        "classification": "신체운동_건강",
        "readAge": "초등_고학년",
        "form": "short-form",
        "plotSummaryText": "아니라고 짧게 대답하고 꾸역꾸역 밥알을 삼키는 바다에게 어디 아픈 건 아니냐고 엄마도 한마디 거들었습니다.",
        "textWordEA": 14
      }
    },
    {
      "srcTextID": "98107",
      "srcText": "“여기 부자유친이라고 쓰여 있지?” “네.” 바다와 산이는 아리송한 글귀와 아저씨를 번갈아 보았어요. “부모와 자식은 항상 친하게 지내야 한다는 뜻이야.” “어떻게요?” “묻는 말에 대답만 잘해도 친하게 지내는 거지.” 바다는 집으로 가는 내내 아저씨가 한 말을 되새겨 보았어요.",
      "srcPage": 39,
      "srcSentenceEA": 5,
      "srcWordEA": 38,
      "character": "바다,산이,아저씨,부모,자식",
      "setting": null,
      "action": "가는,되새겨 보았어요,번갈아 보았어요,네",
      "feeling": "친하게 지내야",
      "causalRelationship": null,
      "outcomeResolution": "묻는 말에 대답만 잘해도 친하게 지내는 거지",
      "prediction": null,
      "plotSummaryInfoCount": 1,
      "plotSummaryInfo": {
        "classification": "신체운동_건강",
        "readAge": "초등_고학년",
        "form": "long-form",
        "plotSummaryText": "부자유친이란 글귀가 부모와 자식은 항상 친하게 지내야 한다는 뜻이라고 하시며 묻는 말에 대답만 잘해도 친하게 지내는 거라고 대답해 주었고, 바다는 집에 가면서 그 말을 되새겨 보았습니다.",
        "textWordEA": 26
      }
    },
    {
      "srcTextID": "98113",
      "srcText": "“여보, 우리 바다가 좀 달라진 것 같지 않아요?” “그러게. 녀석! 오늘따라 믿음직하군.” 거실에서 엄마 아빠가 흐뭇하게 주고받는 얘기가 들려왔어요. 바다는 방문을 살짝 열고 귀를 쫑긋 세웠답니다.",
      "srcPage": 46,
      "srcSentenceEA": 5,
      "srcWordEA": 30,
      "character": "여보,바다,녀석,엄마,아빠,방문,귀",
      "setting": "거실",
      "action": "열고,세웠답니다",
      "feeling": "흐뭇하게,믿음직하군",
      "causalRelationship": null,
      "outcomeResolution": null,
      "prediction": null,
      "plotSummaryInfoCount": 1,
      "plotSummaryInfo": {
        "classification": "신체운동_건강",
        "readAge": "초등_고학년",
        "form": "long-form",
        "plotSummaryText": "우리 바다가 좀 달라진 것 같지 않냐는 물음에 녀석이 오늘따라 믿음직하다는 엄마 아빠의 이야기가 거실에서 들려오자 바다는 방문을 열고 귀를 세웠습니다.",
        "textWordEA": 21
      }
    },
    {
      "srcTextID": "98118",
      "srcText": "어느 날 공자가 길을 걷다가 몹시 슬퍼하며 울고 있는 사람을 만났어요. 공자가 그에게 물었어요. “그대는 무슨 일로 그리 슬피 우는 것이오?”",
      "srcPage": 47,
      "srcSentenceEA": 3,
      "srcWordEA": 22,
      "character": "공자,사람,그,그대",
      "setting": "어느 날,길",
      "action": "걷다가,만났어요,물었어요,울고",
      "feeling": "슬퍼하며",
      "causalRelationship": null,
      "outcomeResolution": null,
      "prediction": null,
      "plotSummaryInfoCount": 1,
      "plotSummaryInfo": {
        "classification": "신체운동_건강",
        "readAge": "초등_고학년",
        "form": "short-form",
        "plotSummaryText": "어느 날 길을 걷다가 몹시 슬퍼하며 울고 있는 사람을 만난 공자가 무슨 일로 그리 슬피 우는 것이냐고 물었습니다.",
        "textWordEA": 18
      }
    },
    {
      "srcTextID": "98104",
      "srcText": "계산대로 가면서 바다가 산이한테 물었어요. “음, 난 그냥 나중에 말씀드리겠다고 해.” “그럼 서운해하지 않으실까?”",
      "srcPage": 33,
      "srcSentenceEA": 3,
      "srcWordEA": 14,
      "character": "바다,산이,난",
      "setting": null,
      "action": "물었어요,계산대로 가면서",
      "feeling": "서운해",
      "causalRelationship": null,
      "outcomeResolution": null,
      "prediction": null,
      "plotSummaryInfoCount": 1,
      "plotSummaryInfo": {
        "classification": "신체운동_건강",
        "readAge": "초등_고학년",
        "form": "short-form",
        "plotSummaryText": "바다의 질문에 산이는 나중에 말씀드리겠다고 한다고 했고, 바다는 그럼 서운해하지 않는지 물었습니다.",
        "textWordEA": 12
      }
    },
    {
      "srcTextID": "98091",
      "srcText": "“경기가 너무 안 좋아. 사람들이 책값을 아끼면 안 되는데 말이야.” 서점 아저씨는 혼잣말을 하다가 두 친구를 돌아보았어요. “뭐 필요한 거 있니?”",
      "srcPage": 22,
      "srcSentenceEA": 4,
      "srcWordEA": 23,
      "character": "사람들,서점 아저씨,두 친구",
      "setting": null,
      "action": "혼잣말을 하다가,돌아보았어요",
      "feeling": "책값을 아끼면 안 되는데 말이야",
      "causalRelationship": null,
      "outcomeResolution": null,
      "prediction": null,
      "plotSummaryInfoCount": 1,
      "plotSummaryInfo": {
        "classification": "신체운동_건강",
        "readAge": "초등_고학년",
        "form": "long-form",
        "plotSummaryText": "서점 아저씨가 사람들이 책값을 아끼면 안 된다고 혼잣말을 하다가 두 친구를 돌아보며 뭐 필요한 거 있냐고 물었습니다.",
        "textWordEA": 17
      }
    },
    {
      "srcTextID": "98093",
      "srcText": "“예. 율곡 선생님에 관한 책이요.” 아저씨가 두 친구를 진열대로 안내했어요. 초등학생이 읽을 만한 율곡의 책들이 생각보다 꽤 많이 있었어요.",
      "srcPage": 23,
      "srcSentenceEA": 3,
      "srcWordEA": 22,
      "character": "율곡 선생님,율곡의 책들,아저씨,두 친구,초등학생",
      "setting": "서점",
      "action": "두 친구를 진열대로 안내했어요",
      "feeling": null,
      "causalRelationship": null,
      "outcomeResolution": null,
      "prediction": null,
      "plotSummaryInfoCount": 1,
      "plotSummaryInfo": {
        "classification": "신체운동_건강",
        "readAge": "초등_고학년",
        "form": "short-form",
        "plotSummaryText": "율곡 선생님에 관한 책을 소개하기 위해 아저씨가 두 친구를 안내한 진열대에는 초등학생이 읽을 만한 율곡의 책들이 생각보다 많이 있었습니다.",
        "textWordEA": 19
      }
    },
    {
      "srcTextID": "98100",
      "srcText": "책 내용도 머리에 쏙쏙 들어오는 듯했어요. 조용히 책을 읽어 내려가던 바다의 눈길이 어느 한 대목에서 멈췄어요. ‘요즘은 부모가 자식을 사랑하는 것보다 자식이 부모를 공경하는 마음이 덜하다.",
      "srcPage": 30,
      "srcSentenceEA": 3,
      "srcWordEA": 28,
      "character": "책,머리,바다,부모,자식",
      "setting": null,
      "action": "읽어,멈췄어요",
      "feeling": "조용히",
      "causalRelationship": null,
      "outcomeResolution": null,
      "prediction": "요즘은 부모가 자식을 사랑하는 것보다 자식이 부모를 공경하는 마음이 덜하다.",
      "plotSummaryInfoCount": 1,
      "plotSummaryInfo": {
        "classification": "신체운동_건강",
        "readAge": "초등_고학년",
        "form": "short-form",
        "plotSummaryText": "조용히 책을 읽어 내려가던 바다의 눈길이 요즘은 부모가 자식을 사랑하는 것보다 자식이 부모를 공경하는 마음이 덜하다는 대목에서 멈췄습니다.",
        "textWordEA": 18
      }
    },
    {
      "srcTextID": "98103",
      "srcText": "“뭐, 독후감에 쓸 만한 거라도 있어?” 산이가 호기심 어린 눈길로 바다를 쳐다보았어요. “있잖아. 넌 엄마 아빠가 말하기 싫은 걸 물으면 어떻게 해?”",
      "srcPage": 32,
      "srcSentenceEA": 3,
      "srcWordEA": 24,
      "character": "산이,바다,넌,엄마,아빠,독후감",
      "setting": null,
      "action": "쳐다보았어요",
      "feeling": "뭐,말하기 싫은 걸,호기심 어린 눈길로",
      "causalRelationship": null,
      "outcomeResolution": null,
      "prediction": null,
      "plotSummaryInfoCount": 1,
      "plotSummaryInfo": {
        "classification": "신체운동_건강",
        "readAge": "초등_고학년",
        "form": "short-form",
        "plotSummaryText": "독후감에 쓸 만한 거라도 있냐며 호기심 있는 눈길로 바다를 쳐다보며 묻는 산이에게 너는 엄마 아빠가 말하기 싫은 걸 물으면 어떻게 하냐고 되물었습니다.",
        "textWordEA": 22
      }
    },
    {
      "srcTextID": "98088",
      "srcText": "바다와 산이는 약속이나 한 듯 아이스크림 코너로 갔어요. “율곡이 이 사람 맞지?” 산이가 오천 원짜리 지폐를 펼쳐 들었어요.",
      "srcPage": 19,
      "srcSentenceEA": 3,
      "srcWordEA": 19,
      "character": "바다,산이,율곡,지폐",
      "setting": "아이스크림 코너",
      "action": "갔어요,펼쳐 들었어요",
      "feeling": null,
      "causalRelationship": null,
      "outcomeResolution": "율곡이 이 사람 맞지? 산이가 오천 원짜리 지폐를 펼쳐 들었어요.",
      "prediction": null,
      "plotSummaryInfoCount": 1,
      "plotSummaryInfo": {
        "classification": "신체운동_건강",
        "readAge": "초등_고학년",
        "form": "short-form",
        "plotSummaryText": "바다와 산이가 아이스크림 코너로 갔고, 산이는 율곡이 이 사람 맞느냐고 물으며 오천 원짜리 지폐를 펼쳐 들었습니다.",
        "textWordEA": 16
      }
    },
    {
      "srcTextID": "98083",
      "srcText": "독후감 쓸 책은 샀니? 아니. 같이 사러 갈까? 그럼 율곡 서점에서 만나자. 알았어. 역시 바다와 산이는 죽이 척척 맞았어요.",
      "srcPage": 17,
      "srcSentenceEA": 6,
      "srcWordEA": 24,
      "character": "책,바다,산이",
      "setting": null,
      "action": "만나자,죽이 척척 맞았어요",
      "feeling": "같이 사러 갈까?",
      "causalRelationship": null,
      "outcomeResolution": null,
      "prediction": null,
      "plotSummaryInfoCount": 1,
      "plotSummaryInfo": {
        "classification": "신체운동_건강",
        "readAge": "초등_고학년",
        "form": "long-form",
        "plotSummaryText": "독후감 쓸 책을 같이 사러 율곡 서점에서 만나자고 하는 바다와 산이는 죽이 척척 맞았습니다.",
        "textWordEA": 14
      }
    },
    {
      "srcTextID": "98090",
      "srcText": "숙제는 율곡 이이에 대한 책을 읽고 느낀 점을 쓰는 것이었어요. 율곡 슈퍼, 율곡 문구점, 율곡 서점. 바다가 사는 동네는 가게나 식당, 학원 이름 중에 율곡의 이름을 딴 간판이 유난히 많았어요. 서점 앞에 아이스크림 코너도 있네요.",
      "srcPage": 18,
      "srcSentenceEA": 4,
      "srcWordEA": 38,
      "character": "율곡 이이,책,바다,가게,식당,학원,숙제",
      "setting": "동네,서점 앞",
      "action": null,
      "feeling": "느낀 점을 쓰는 것이었어요",
      "causalRelationship": null,
      "outcomeResolution": null,
      "prediction": null,
      "plotSummaryInfoCount": 1,
      "plotSummaryInfo": {
        "classification": "신체운동_건강",
        "readAge": "초등_고학년",
        "form": "long-form",
        "plotSummaryText": "율곡 이이에 대한 책을 읽고 느낀 점을 쓰는 것이 숙제였는데, 바다가 사는 동네는 율곡 서점, 율곡 슈퍼 등 율곡의 이름을 딴 간판이 유난히 많았습니다.",
        "textWordEA": 24
      }
    },
    {
      "srcTextID": "98096",
      "srcText": "“미안해. 네가 짝꿍이 되기 싫어한다고 오해하기 전에 솔직하게 물었다면 좋았을 텐데.” “나도 너랑 먼저 얘기하지 못한 걸 후회하고 있었어.” 두 친구는 사과의 말을 건네며 책을 펼쳐 들었어요.",
      "srcPage": 27,
      "srcSentenceEA": 3,
      "srcWordEA": 29,
      "character": "네,짝꿍,나,너,책,친구",
      "setting": null,
      "action": "펼쳐,들었어요,사과의 말을 건네며",
      "feeling": "후회하고,미안해,싫어한다고 오해하기 전에",
      "causalRelationship": null,
      "outcomeResolution": null,
      "prediction": null,
      "plotSummaryInfoCount": 1,
      "plotSummaryInfo": {
        "classification": "신체운동_건강",
        "readAge": "초등_고학년",
        "form": "short-form",
        "plotSummaryText": "네가 짝꿍이 되기 싫어한다고 오해하기 전에 솔직하게 물었어야 했다고 하니, 나도 너랑 먼저 얘기하지 못한 걸 후회하고 있다고 답한 두 친구는 서로 사과의 말을 건넸습니다.",
        "textWordEA": 25
      }
    },
    {
      "srcTextID": "98092",
      "srcText": "“앞부분부터 조금 읽어 보고 어려우면 다른 책으로 고르자.” “응. 그래!” 바다는 산이 말에 무조건 찬성이었어요. 친절한 주인아저씨가 의자를 내주셨어요.",
      "srcPage": 24,
      "srcSentenceEA": 4,
      "srcWordEA": 22,
      "character": "책,바다,산이,주인아저씨,의자",
      "setting": null,
      "action": "내주셨어요",
      "feeling": "친절한,무조건 찬성이었어요",
      "causalRelationship": null,
      "outcomeResolution": null,
      "prediction": null,
      "plotSummaryInfoCount": 1,
      "plotSummaryInfo": {
        "classification": "신체운동_건강",
        "readAge": "초등_고학년",
        "form": "long-form",
        "plotSummaryText": "앞부분부터 조금 읽어 보고 어려우면 다른 책으로 고르자는 산이 말에 바다는 무조건 찬성이었고, 친절한 주인 아저씨가 의자를 내주셨습니다.",
        "textWordEA": 18
      }
    },
    {
      "srcTextID": "98094",
      "srcText": "“친구 사이가 아주 좋아 보이는구나.” 아저씨가 두 친구를 유심히 보더니 또 혼잣말을 중얼댔어요. “율곡 선생도 붕우유신을 강조하셨지. 친구란 서로 믿음이 없으면 오래갈 수가 없는데 말이야.” 바다는 아저씨 말에 찔리는 데가 있어 산이 눈치를 살폈어요.",
      "srcPage": 25,
      "srcSentenceEA": 5,
      "srcWordEA": 37,
      "character": "친구,아저씨,두 친구,율곡 선생,바다,산이",
      "setting": null,
      "action": "보더니,중얼댔어요,눈치를 살폈어요",
      "feeling": "아저씨 말에 찔리는 데가 있어,아주 좋아 보이는구나",
      "causalRelationship": null,
      "outcomeResolution": null,
      "prediction": null,
      "plotSummaryInfoCount": 1,
      "plotSummaryInfo": {
        "classification": "신체운동_건강",
        "readAge": "초등_고학년",
        "form": "long-form",
        "plotSummaryText": "두 친구 사이가 좋아 보인다며 혼잣말을 중얼대던 아저씨가 율곡 선생도 친구란 서로 믿음이 없으면 오래갈 수가 없음을 강조했다고 하자, 바다는 아저씨 말이 찔려 산이 눈치를 살폈습니다.",
        "textWordEA": 26
      }
    },
    {
      "srcTextID": "98095",
      "srcText": "“너희들이 부럽구나. 오래오래 좋은 친구로 지내거라.” 아저씨는 한쪽 눈을 찡긋해 보이고는 계산대로 돌아갔어요. 바다는 늦기 전에 산이한테 속마음을 털어놓기로 했어요.",
      "srcPage": 26,
      "srcSentenceEA": 4,
      "srcWordEA": 23,
      "character": "너희들,친구,아저씨,눈,바다,산이,계산대",
      "setting": null,
      "action": "찡긋해 보이고는,돌아갔어요",
      "feeling": "너희들이 부럽구나",
      "causalRelationship": null,
      "outcomeResolution": null,
      "prediction": null,
      "plotSummaryInfoCount": 1,
      "plotSummaryInfo": {
        "classification": "신체운동_건강",
        "readAge": "초등_고학년",
        "form": "long-form",
        "plotSummaryText": "한쪽 눈을 찡긋해 보이는 아저씨가 너희들이 부럽다며 오래오래 좋은 친구로 지내라고 하자 바다는 산이한테 속마음을 털어놓기로 했습니다.",
        "textWordEA": 17
      }
    },
    {
      "srcTextID": "98102",
      "srcText": "“맞는 말이야.\" \"항상 자식과 친하게 지내고 싶은 게 부모 마음이란다.” 서점 아저씨가 두 친구의 이야기를 듣고 조언을 해 주었어요.",
      "srcPage": 37,
      "srcSentenceEA": 3,
      "srcWordEA": 20,
      "character": "자식,부모,서점 아저씨,두 친구",
      "setting": "서점",
      "action": "듣고,조언을 해 주었어요",
      "feeling": null,
      "causalRelationship": null,
      "outcomeResolution": "항상 자식과 친하게 지내고 싶은 게 부모 마음이란다.",
      "prediction": null,
      "plotSummaryInfoCount": 1,
      "plotSummaryInfo": {
        "classification": "신체운동_건강",
        "readAge": "초등_고학년",
        "form": "short-form",
        "plotSummaryText": "서점 아저씨가 항상 자식과 친하게 지내고 싶은 게 부모 마음이라며 두 친구의 이야기를 듣고 조언을 해 주었습니다.",
        "textWordEA": 17
      }
    },
    {
      "srcTextID": "98109",
      "srcText": "“다녀왔습니다!” 엄마는 현관으로 들어서는 바다를 반갑게 맞아 주셨어요. “엄만 너 나가는 거 못 봤는데?” “서점에 갔었어요.”",
      "srcPage": 40,
      "srcSentenceEA": 3,
      "srcWordEA": 17,
      "character": "엄마,바다,너",
      "setting": "현관",
      "action": "들어서는,맞아 주셨어요,갔었어요",
      "feeling": "반갑게",
      "causalRelationship": null,
      "outcomeResolution": null,
      "prediction": null,
      "plotSummaryInfoCount": 1,
      "plotSummaryInfo": {
        "classification": "신체운동_건강",
        "readAge": "초등_고학년",
        "form": "short-form",
        "plotSummaryText": "바다를 반갑게 맞아 주시는 엄마가 너 나가는 거 못 봤다고 하자 서점에 갔었다고 답했습니다.",
        "textWordEA": 14
      }
    },
    {
      "srcTextID": "98110",
      "srcText": "“아, 그 독후감 숙제 때문에?” “네.” “그래. 서점에는 친구랑 같이 갔었니?” “네, 엄마.” “친구 누구?”",
      "srcPage": 41,
      "srcSentenceEA": 4,
      "srcWordEA": 16,
      "character": "친구,엄마,서점,숙제",
      "setting": "집",
      "action": "네",
      "feeling": null,
      "causalRelationship": null,
      "outcomeResolution": null,
      "prediction": "친구 누구?",
      "plotSummaryInfoCount": 1,
      "plotSummaryInfo": {
        "classification": "신체운동_건강",
        "readAge": "초등_고학년",
        "form": "long-form",
        "plotSummaryText": "그 독후감 숙제 때문이냐는 물음에 네 라고 답하자, 서점에는 친구 누구랑 갔었냐고 물었습니다.",
        "textWordEA": 13
      }
    },
    {
      "srcTextID": "98112",
      "srcText": "엄마의 꼬치꼬치 캐묻기가 또 시작됐어요. 하지만 바다는 이상하게 짜증이 나지 않았어요. 대신 묻는 말에 시원시원 대답을 했어요.",
      "srcPage": 42,
      "srcSentenceEA": 3,
      "srcWordEA": 19,
      "character": "엄마,바다",
      "setting": null,
      "action": "꼬치꼬치 캐묻기,시원 시원 대답을 했어요",
      "feeling": "짜증이 나지 않았어요",
      "causalRelationship": null,
      "outcomeResolution": null,
      "prediction": null,
      "plotSummaryInfoCount": 1,
      "plotSummaryInfo": {
        "classification": "신체운동_건강",
        "readAge": "초등_고학년",
        "form": "short-form",
        "plotSummaryText": "엄마의 꼬치꼬치 캐묻기가 또 시작됐는데도 바다는 묻는 말에 시원시원 대답했습니다.",
        "textWordEA": 10
      }
    },
    {
      "srcTextID": "98114",
      "srcText": "사실 엄마 아빠가 묻는 말에 대답하는 건 어려운 일도, 짜증 나는 일도 아니었어요. 바다는 아주 사소한 것까지 관심을 보이는 엄마 아빠가 오히려 고맙다는 생각이 들었어요. 바다는 이런 게 바로 소통이란 것도 알았어요.",
      "srcPage": 44,
      "srcSentenceEA": 3,
      "srcWordEA": 34,
      "character": "엄마,아빠,바다",
      "setting": null,
      "action": "대답하는",
      "feeling": "고맙다는 생각이 들었어요,아주 사소한 것까지 관심을 보이는,어려운 일도,짜증 나는 일도",
      "causalRelationship": null,
      "outcomeResolution": null,
      "prediction": null,
      "plotSummaryInfoCount": 1,
      "plotSummaryInfo": {
        "classification": "신체운동_건강",
        "readAge": "초등_고학년",
        "form": "short-form",
        "plotSummaryText": "엄마 아빠가 묻는 말에 대답하는 건 어렵거나 짜증 나는 일이 아니라는 걸 알게 된 바다는 관심을 보이는 엄마 아빠가 고마웠고, 이런 게 바로 소통이란 것을 알게 되었습니다.",
        "textWordEA": 27
      }
    },
    {
      "srcTextID": "98116",
      "srcText": "그 사람은 더욱 서럽게 울면서 공자의 물음에 대답했어요. “저는 세 가지 잘못을 저질렀습니다. 첫째는 젊었을 때 이곳저곳 돌아다니다가 부모님이 돌아가신 사실도 몰랐던 것입니다.",
      "srcPage": 48,
      "srcSentenceEA": 3,
      "srcWordEA": 24,
      "character": "그 사람,공자,저,부모님",
      "setting": null,
      "action": "대답했어요,돌아다니다가,울면서,이곳저곳,저질렀습니다,몰랐던 것입니다",
      "feeling": "서럽게",
      "causalRelationship": null,
      "outcomeResolution": null,
      "prediction": null,
      "plotSummaryInfoCount": 1,
      "plotSummaryInfo": {
        "classification": "신체운동_건강",
        "readAge": "초등_고학년",
        "form": "short-form",
        "plotSummaryText": "그 사람은 공자의 물음에 저는 세 가지 잘못을 저질렀는데 그 중 첫째는 젊었을 때 이곳저곳 돌아다니다가 부모님이 돌아가신 사실도 몰랐던 것이라고 답했습니다.",
        "textWordEA": 22
      }
    },
    {
      "srcTextID": "98089",
      "srcText": "서점에서 나온 아저씨가 빙그레 웃으며 오만 원짜리 지폐를 보여 주었어요. 인자하게 생긴 아주머니 얼굴이네요. “율곡의 어머니 신사임당이란다. 이곳 파주에 그분들의 가족묘가 있지.” 아저씨가 아이스크림을 내주곤 다시 서점으로 들어갔어요.",
      "srcPage": 21,
      "srcSentenceEA": 5,
      "srcWordEA": 31,
      "character": "아저씨,지폐,아주머니,율곡,어머니,신사임당,그분들,가족묘,아이스크림",
      "setting": "파주,서점에서",
      "action": "빙그레 웃으며,보여,주었어요,내주곤,들어갔어요",
      "feeling": null,
      "causalRelationship": null,
      "outcomeResolution": null,
      "prediction": null,
      "plotSummaryInfoCount": 1,
      "plotSummaryInfo": {
        "classification": "신체운동_건강",
        "readAge": "초등_고학년",
        "form": "long-form",
        "plotSummaryText": "서점에서 나온 아저씨가 오만 원짜리 지폐에 인자하게 생긴 아주머니가 율곡의 어머니 신사임당이고, 이곳 파주에 그들의 가족묘가 있다고 가르쳐준 뒤 다시 서점으로 들어갔습니다.",
        "textWordEA": 22
      }
    },
    {
      "srcTextID": "98097",
      "srcText": "마음속에 있던 말을 다 하고 나니 친구 사이가 더 가까워진 것 같았어요. 말로 해서 안 풀릴 오해는 없다고 하잖아요. 그러다 문득 바다는 엄마 아빠한테 미안한 생각이 들었어요.",
      "srcPage": 28,
      "srcSentenceEA": 3,
      "srcWordEA": 29,
      "character": "친구,바다,엄마,아빠",
      "setting": null,
      "action": "마음속에 있던 말을 다 하고 나니",
      "feeling": "미안한 생각이,오해는",
      "causalRelationship": null,
      "outcomeResolution": null,
      "prediction": null,
      "plotSummaryInfoCount": 1,
      "plotSummaryInfo": {
        "classification": "신체운동_건강",
        "readAge": "초등_고학년",
        "form": "short-form",
        "plotSummaryText": "말로 해서 안 풀릴 오해는 없다고 하는 말처럼 마음속에 있던 말을 다 하고 나니 사이가 더 가까워진 것 같았던 바다는 문득 엄마 아빠한테 미안한 생각이 들었습니다.",
        "textWordEA": 26
      }
    },
    {
      "srcTextID": "98117",
      "srcText": "그중에서도 부모님이 돌아가신 것을 몰랐던 것이 가장 슬픕니다. 나무는 조용히 있고자 하지만 바람 잘 날이 없고, 자식이 효도하고자 하나 부모는 이미 세상에 계시지 않습니다. 때를 놓치면 간절히 효도하고 싶어도 부모를 만날 수 없으니 제가 이리 슬피 우는 것입니다.”",
      "srcPage": 50,
      "srcSentenceEA": 3,
      "srcWordEA": 40,
      "character": "부모님,나무,자식,제가",
      "setting": null,
      "action": "슬피 우는 것입니다",
      "feeling": "가장 슬픕니다,때를 놓치면 간절히 효도하고 싶어도",
      "causalRelationship": null,
      "outcomeResolution": null,
      "prediction": null,
      "plotSummaryInfoCount": 1,
      "plotSummaryInfo": {
        "classification": "신체운동_건강",
        "readAge": "초등_고학년",
        "form": "short-form",
        "plotSummaryText": "나무는 조용히 있고자 하나 바람 잘 날이 없고, 자식이 효도하고자 하나 부모는 이미 세상에 계시지 않는 것처럼 저희 부모님이 돌아가신 것을 몰랐던 것이 슬퍼 우는 것입니다.",
        "textWordEA": 26
      }
    },
    {
      "srcTextID": "98108",
      "srcText": "책을 포장해 주는 아저씨 얼굴에서 인자함이 느껴졌어요. “이건 너희들에게 주는 선물이야.” 서점 아저씨는 율곡과 사임당의 그림이 그려진 예쁜 책갈피도 덤으로 주었답니다.",
      "srcPage": 38,
      "srcSentenceEA": 3,
      "srcWordEA": 22,
      "character": "책,아저씨,너희들,선물,서점 아저씨,율곡,사임당,책갈피",
      "setting": "서점",
      "action": "포장해,주었답니다",
      "feeling": "인자함이 느껴졌어요",
      "causalRelationship": null,
      "outcomeResolution": null,
      "prediction": null,
      "plotSummaryInfoCount": 1,
      "plotSummaryInfo": {
        "classification": "신체운동_건강",
        "readAge": "초등_고학년",
        "form": "short-form",
        "plotSummaryText": "책을 포장해 주는 얼굴에서 인자함이 느껴지는 서점 아저씨가 선물이라며 율곡과 사임당의 그림이 그려진 예쁜 책갈피도 덤으로 주었답니다.",
        "textWordEA": 17
      }
    },
    {
      "srcTextID": "98111",
      "srcText": "“오, 바다 왔구나.” 안방에서 나온 아빠도 같은 걸 물었어요. “그래. 어디 갔다 왔니?” 바다는 엄마에게 한 것처럼 똑같이 시원시원하게 대답했어요.",
      "srcPage": 43,
      "srcSentenceEA": 4,
      "srcWordEA": 23,
      "character": "바다,아빠,엄마",
      "setting": null,
      "action": "물었어요,시원시원하게 대답했어요",
      "feeling": null,
      "causalRelationship": null,
      "outcomeResolution": null,
      "prediction": null,
      "plotSummaryInfoCount": 1,
      "plotSummaryInfo": {
        "classification": "신체운동_건강",
        "readAge": "초등_고학년",
        "form": "long-form",
        "plotSummaryText": "어디 갔다 왔냐고 안방에서 나온 아빠도 같은 걸 물었지만 바다는 엄마에게 한 것처럼 똑같이 시원시원하게 대답했습니다.",
        "textWordEA": 16
      }
    },
    {
      "srcTextID": "98115",
      "srcText": "이날 엄마 아빠는 평소보다 훨씬 많이 웃으셨어요. 덩달아서 바다도 많이 웃었어요. 이야기를 나누면서 엄마 아빠가 뭘 자꾸 물어보시는 건, 슬픈 일이든 기쁜 일이든 작은 것도 함께 나누고 싶은 마음 때문이란 걸 알았어요.",
      "srcPage": 45,
      "srcSentenceEA": 3,
      "srcWordEA": 34,
      "character": "엄마,아빠,바다",
      "setting": "이날",
      "action": "웃으셨어요,웃었어요,나누면서",
      "feeling": null,
      "causalRelationship": "이야기를 나누면서 엄마 아빠가 뭘 자꾸 물어보시는 건, 슬픈 일이든 기쁜 일이든 작은 것도 함께 나누고 싶은 마음 때문이란 걸 알았어요.",
      "outcomeResolution": null,
      "prediction": null,
      "plotSummaryInfoCount": 1,
      "plotSummaryInfo": {
        "classification": "신체운동_건강",
        "readAge": "초등_고학년",
        "form": "short-form",
        "plotSummaryText": "엄마 아빠와  바다도 많이 웃으며 이야기를 나누면서 엄마 아빠가 자꾸 물어보시는 건, 작은 것도 함께 나누고 싶은 마음 때문이란 걸 알게 되었습니다.",
        "textWordEA": 23
      }
    },
    {
      "srcTextID": "98087",
      "srcText": "바다도 주섬주섬 돈을 꺼내 보았어요. 할아버지 얼굴 밑에 율곡 이이라는 글자가 선명하게 찍혀 있었어요. “너희들 오만 원짜리 지폐는 본 적 있니?”",
      "srcPage": 20,
      "srcSentenceEA": 3,
      "srcWordEA": 22,
      "character": "바다,돈,할아버지,율곡 이이,너희들,지폐",
      "setting": null,
      "action": "꺼내 보았어요",
      "feeling": null,
      "causalRelationship": null,
      "outcomeResolution": null,
      "prediction": "너희들 오만 원짜리 지폐는 본 적 있니?",
      "plotSummaryInfoCount": 1,
      "plotSummaryInfo": {
        "classification": "신체운동_건강",
        "readAge": "초등_고학년",
        "form": "short-form",
        "plotSummaryText": "바다도 돈을 꺼내 보니 할아버지 얼굴 밑에 율곡 이이라는 글자가 찍혀 있었는데, 그 때, 오만 원짜리 지폐는 본 적 있냐고 물었습니다.",
        "textWordEA": 21
      }
    },
    {
      "srcTextID": "98106",
      "srcText": "엄마 아빠도 상처를 받는다니! 어른이 어떻게 아이들 말에 상처를 받을 수 있을까요? 바다는 왠지 머릿속이 하얘지는 느낌이었어요.",
      "srcPage": 36,
      "srcSentenceEA": 3,
      "srcWordEA": 19,
      "character": "엄마,아빠,어른,아이들,바다",
      "setting": null,
      "action": null,
      "feeling": "머릿속이 하얘지는 느낌이었어요",
      "causalRelationship": null,
      "outcomeResolution": null,
      "prediction": null,
      "plotSummaryInfoCount": 1,
      "plotSummaryInfo": {
        "classification": "신체운동_건강",
        "readAge": "초등_고학년",
        "form": "short-form",
        "plotSummaryText": "엄마 아빠 같은 어른이 어떻게 아이들 말에 상처받을 수 있는지 바다는 왠지 머릿속이 하얘지는 느낌이었습니다.",
        "textWordEA": 15
      }
    },
    {
      "srcTextID": "98120",
      "srcText": "제가 집에 와 보니 부모님은 이미 세상을 떠나신 뒤였습니다. 둘째는 왕이 사치를 좋아하고 지혜로운 사람들의 충고를 듣지 않아 그에게서 도망쳐 온 것입니다. 셋째는 저로 인해 친하게 지내던 친구를 잃어버린 것입니다.",
      "srcPage": 49,
      "srcSentenceEA": 3,
      "srcWordEA": 32,
      "character": "제가,부모님,왕,사람들,그,저,친구",
      "setting": null,
      "action": "듣지 않아,도망쳐 온 것입니다,잃어버린 것입니다.",
      "feeling": "이미",
      "causalRelationship": null,
      "outcomeResolution": null,
      "prediction": null,
      "plotSummaryInfoCount": 1,
      "plotSummaryInfo": {
        "classification": "신체운동_건강",
        "readAge": "초등_고학년",
        "form": "short-form",
        "plotSummaryText": "둘째는 사치를 좋아하고 지혜로운 사람들의 충고를 듣지 않는 왕에게서 도망쳐 온 것이고, 셋째는 저로 인해 친구를 잃어버린 것입니다.",
        "textWordEA": 18
      }
    },
    {
      "srcTextID": "98119",
      "srcText": "여기까지 말한 그 사람은 비통함을 견디지 못하고, 마른 나무에 기대어 죽고 말았어요. 이때부터 효도를 다하지 못한 채 부모를 잃은 자식의 슬픔을 가리키는 ‘풍수지탄’이라는 고사성어가 생겼어요. 부모님이 살아 계실 때 효도를 다하라는 뜻이지요. 풍수지탄 효도를 하려고 해도 부모님이 돌아가셔서 어쩔 도리가 없는 자식의 슬픈 심정을 나타내는 말이에요.",
      "srcPage": 51,
      "srcSentenceEA": 5,
      "srcWordEA": 50,
      "character": "그 사람,부모,자식,부모님,풍수지탄",
      "setting": null,
      "action": "죽고",
      "feeling": "비통함을 견디지 못하고,어쩔 도리가 없는,자식의 슬픈 심정",
      "causalRelationship": null,
      "outcomeResolution": "부모님이 살아 계실 때 효도를 다하라는 뜻이지요.",
      "prediction": null,
      "plotSummaryInfoCount": 1,
      "plotSummaryInfo": {
        "classification": "신체운동_건강",
        "readAge": "초등_고학년",
        "form": "long-form",
        "plotSummaryText": "비통함을 견디지 못한 그 사람이 마른 나무에 기대어 죽고 말았던 일화를 빗대어 이때부터 효도를 다하지 못한 채 부모를 잃은 자식의 슬픔을 가리키는 풍수지탄이라는 고사성어가 생겼습니다.",
        "textWordEA": 25
      }
    },
    {
      "srcTextID": "98098",
      "srcText": "‘엄마 아빠는 내가 걱정돼서 자꾸 물어보신 건데 왜 그렇게 퉁명스럽게 굴었던 걸까.’ 아무리 속이 상해도 묻는 말에 대꾸를 안 한 것은 너무 예의 없는 행동이었어요. 서점은 한산해서 책 읽기가 아주 좋았어요.",
      "srcPage": 29,
      "srcSentenceEA": 3,
      "srcWordEA": 33,
      "character": "엄마,아빠,내,책",
      "setting": "서점",
      "action": "물어보신,행동이었어요",
      "feeling": "걱정돼서,속이 상해도,아주 좋았어요",
      "causalRelationship": null,
      "outcomeResolution": null,
      "prediction": null,
      "plotSummaryInfoCount": 1,
      "plotSummaryInfo": {
        "classification": "신체운동_건강",
        "readAge": "초등_고학년",
        "form": "short-form",
        "plotSummaryText": "엄마 아빠는 내가 걱정돼서 자꾸 물어보신 건데 퉁명스럽게 굴었던 것과, 아무리 속이 상해도 대꾸를 안 한 것은 너무 예의 없는 행동이란 생각이 들었습니다.",
        "textWordEA": 23
      }
    },
    {
      "srcTextID": "98099",
      "srcText": "부모가 말을 걸면 공손히 대답하고, 자식이 감히 말을 끊거나 대답을 성의 없이 해선 안 된다. 설령 부모가 틀린 말씀을 하더라도 목소리와 태도는 반드시 부드럽게 해야 한다.’ 바다는 마치 율곡 선생님이 자신에게 말하는 것 같아서 얼굴이 마구 화끈거렸어요.",
      "srcPage": 31,
      "srcSentenceEA": 3,
      "srcWordEA": 39,
      "character": "부모,자식,바다,율곡 선생님",
      "setting": null,
      "action": "공손히 대답하고",
      "feeling": "화끈거렸어요,목소리와 태도는 반드시 부드럽게 해야 한다",
      "causalRelationship": null,
      "outcomeResolution": null,
      "prediction": null,
      "plotSummaryInfoCount": 1,
      "plotSummaryInfo": {
        "classification": "신체운동_건강",
        "readAge": "초등_고학년",
        "form": "short-form",
        "plotSummaryText": "율곡 선생님이 바다 자신에게 부모가 말을 걸면 공손히 대답하고, 설령 부모가 틀린 말씀을 할 때도 목소리와 태도는 반드시 부드럽게 해야 한다고 말하는 것 같아서 얼굴이 마구 화끈거렸습니다.",
        "textWordEA": 27
      }
    },
    {
      "srcTextID": "98105",
      "srcText": "바다가 되물었어요. 그러자 산이도 잠시 생각해 보더니 천천히 대꾸했어요. “이건 내 생각인데 말이야, 부모님들은 우리가 아는 것보다 상처를 쉽게 받는 것 같아.\"",
      "srcPage": 34,
      "srcSentenceEA": 3,
      "srcWordEA": 23,
      "character": "바다,산이,내,부모님들,우리",
      "setting": null,
      "action": "되물었어요,생각해,대꾸했어요",
      "feeling": "상처를 쉽게 받는 것 같아,잠시 생각해 보더니",
      "causalRelationship": null,
      "outcomeResolution": null,
      "prediction": null,
      "plotSummaryInfoCount": 1,
      "plotSummaryInfo": {
        "classification": "신체운동_건강",
        "readAge": "초등_고학년",
        "form": "short-form",
        "plotSummaryText": "바다가 되묻자 잠시 생각해 보던 산이가 부모님들은 우리가 아는 것보다 상처를 쉽게 받는 것 같다고 말했습니다.",
        "textWordEA": 16
      }
    },
    {
      "srcTextID": "98101",
      "srcText": "\"묻는 말에 대꾸 안 하면 무시당한다고 여길지도 몰라.\" \"그럴 땐 입 다물고 있는 것보단 솔직히 말씀드리는 게 나을걸?” 산이가 확신하는 표정으로 말했어요.",
      "srcPage": 35,
      "srcSentenceEA": 3,
      "srcWordEA": 23,
      "character": "산이,입",
      "setting": null,
      "action": "말했어요",
      "feeling": "확신하는 표정으로,무시당한다고,솔직히 말씀드리는 게",
      "causalRelationship": null,
      "outcomeResolution": null,
      "prediction": null,
      "plotSummaryInfoCount": 1,
      "plotSummaryInfo": {
        "classification": "신체운동_건강",
        "readAge": "초등_고학년",
        "form": "short-form",
        "plotSummaryText": "묻는 말에 대꾸 안 하면 무시 당한다고 여길지 모르기 때문에 입 다물고 있는 것보단 솔직히 말씀드리는 게 낫다고 산이가 말했습니다.",
        "textWordEA": 20
      }
    }
  ]
}