{
  "title": "누가 쓰레기봉투를 찢었어?",
  "author": "신승철",
  "illustrator": "한국출판일러스트회",
  "isbn": "9791157024490",
  "publishedYear": 2015,
  "publisher": "황우",
  "paragraphInfoCount": 50,
  "paragraphInfo": [
    {
      "srcTextID": "100299",
      "srcText": "은수네 집은 도시에서 떨어진 산 밑에 위치해 있어요. 주변에 큰 저수지가 있어 사람들이 많이 오가는 곳이에요. 그곳에서 은수네 부모님은 식당을 운영해요.",
      "srcPage": 5,
      "srcSentenceEA": 3,
      "srcWordEA": 23,
      "character": "부모님,사람들",
      "setting": "은수네 집,산 밑에,저수지",
      "action": "식당을 운영해요,오가는",
      "feeling": null,
      "causalRelationship": null,
      "outcomeResolution": null,
      "prediction": null,
      "plotSummaryInfoCount": 1,
      "plotSummaryInfo": {
        "classification": "신체운동_건강",
        "readAge": "초등_고학년",
        "form": "short-form",
        "plotSummaryText": "은수네 집은 도시에서 떨어진 산 밑에 위치해 있는데, 주변에 큰 저수지가 있어 사람들이 오가는 그곳에서 은수네 부모님은 식당을 운영한다.",
        "textWordEA": 19
      }
    },
    {
      "srcTextID": "100300",
      "srcText": "'이건 짐승들 짓이야.' 은수는 학교에서 배운 것을 떠올렸어요. 배가 고픈 짐승들이 산에서 내려와 민가를 맴도는 게 분명했어요.",
      "srcPage": 9,
      "srcSentenceEA": 3,
      "srcWordEA": 19,
      "character": "짐승들,은수",
      "setting": "학교,산",
      "action": "내려와",
      "feeling": null,
      "causalRelationship": null,
      "outcomeResolution": null,
      "prediction": null,
      "plotSummaryInfoCount": 1,
      "plotSummaryInfo": {
        "classification": "신체운동_건강",
        "readAge": "초등_고학년",
        "form": "short-form",
        "plotSummaryText": "짐승들 짓이라고 생각한 은수는 학교에서 배운 것을 떠올렸고, 배가 고픈 짐승들이 산에서 내려와 민가를 맴도는 게 분명했다.",
        "textWordEA": 17
      }
    },
    {
      "srcTextID": "100298",
      "srcText": "낚시꾼들이 잡아 온 물고기로 매운탕을 끓여 주기도 하고, 직접 기른 오리와 닭을 이용해 백숙을 팔기도 해요. 초등학교 3학년인 은수는 부모님을 도와주는 착한 아이예요. 학교가 끝나면 친구들과 놀지 않고 곧장 집으로 돌아와 닭과 오리 사육장에 물과 먹이를 가져다 놓기도 하고 더러워진 우리를 청소하기도 했어요. 식당의 온갖 쓰레기를 버리는 것도 은수의 몫이에요. 은수는 매일 저녁, 쓰레기를 정성껏 분리수거한 뒤에 식당 뒤편 쓰레기 수거장에 가져다 놓았어요.",
      "srcPage": 6,
      "srcSentenceEA": 5,
      "srcWordEA": 67,
      "character": "은수,초등학교",
      "setting": "사육장,식당,쓰레기 수거장",
      "action": "청소하기도 했어요,가져다 놓았어요",
      "feeling": null,
      "causalRelationship": null,
      "outcomeResolution": null,
      "prediction": null,
      "plotSummaryInfoCount": 1,
      "plotSummaryInfo": {
        "classification": "신체운동_건강",
        "readAge": "초등_고학년",
        "form": "long-form",
        "plotSummaryText": "초등학교 3학년인 은수는 학교가 끝나면 집으로 돌아와 닭과 오리에게 먹이를 가져다 놓기도 하고 우리를 청소하기도 하는데, 매일 저녁, 쓰레기를 식당 뒤편 쓰레기 수거장에 가져다 놓았다.",
        "textWordEA": 25
      }
    },
    {
      "srcTextID": "100302",
      "srcText": "어제 저녁, 가지런히 정리해 놓은 쓰레기봉투들이 죄다 찢겨져 흉하게 내용물이 쏟아져 나왔기 때문이에요. 범인은 일부러 그런 것처럼 집요하게 봉투를 물어뜯었어요. 온갖 종류의 납부금 고지서를 비롯하여 은수가 그림을 그리다 버린 도화지와 부러진 크레용, 먹다 버린 과자 봉지까지 마치 회오리바람을 맞은 것처럼 바람에 나뒹굴고 있었어요.",
      "srcPage": 8,
      "srcSentenceEA": 3,
      "srcWordEA": 45,
      "character": "쓰레기봉투,은수,도화지,범인",
      "setting": "어제 저녁",
      "action": "쏟아져 나왔기,나뒹굴고,정리해 놓은,물어 뜯었어요,버린,먹다 버린",
      "feeling": null,
      "causalRelationship": null,
      "outcomeResolution": null,
      "prediction": null,
      "plotSummaryInfoCount": 1,
      "plotSummaryInfo": {
        "classification": "신체운동_건강",
        "readAge": "초등_고학년",
        "form": "short-form",
        "plotSummaryText": "어제 저녁에 가지런히 정리해 놓은 쓰레기봉투들이 집요하게 물어뜯어 납부금 고지서와 은수가 그리다 버린 도화지, 부러진 크레용, 먹다 버린 과자 봉지까지 바람에 나뒹굴고, 흉하게 내용물이 쏟아져 나왔기 때문입니다.",
        "textWordEA": 27
      }
    },
    {
      "srcTextID": "100301",
      "srcText": "그러면 일주일에 한 번씩 구청에서 청소차가 와서 쓰레기들을 가져가곤 했어요. 보름 전 아침이었어요. 그날 은수는 쓰레기장에 갔다가 두 눈을 의심했어요.",
      "srcPage": 7,
      "srcSentenceEA": 3,
      "srcWordEA": 22,
      "character": "청소차,은수,눈",
      "setting": "보름 전 아침,쓰레기장,그날",
      "action": "와서,갔다가",
      "feeling": "의심했어요",
      "causalRelationship": null,
      "outcomeResolution": null,
      "prediction": null,
      "plotSummaryInfoCount": 1,
      "plotSummaryInfo": {
        "classification": "신체운동_건강",
        "readAge": "초등_고학년",
        "form": "short-form",
        "plotSummaryText": "일주일에 한 번씩 청소차가 쓰레기들을 가져가곤 했는데, 보름 전 아침 은수는 쓰레기장에 갔다가 두 눈을 의심했다.",
        "textWordEA": 16
      }
    },
    {
      "srcTextID": "100304",
      "srcText": "\"강호와 대한이, 어쩌면 녀석들이 장난을 치는 건지도 몰라.\" 은수는 화가 나서 주먹으로 제 머리를 콩콩 쳤어요. \"학교에 가면 반드시 이 문제를 따지고 말 테다.\"",
      "srcPage": 11,
      "srcSentenceEA": 3,
      "srcWordEA": 25,
      "character": "은수,강호,대한이",
      "setting": "학교",
      "action": "머리를 콩콩 쳤어요,장난을 치는",
      "feeling": "화가 나서",
      "causalRelationship": null,
      "outcomeResolution": null,
      "prediction": null,
      "plotSummaryInfoCount": 1,
      "plotSummaryInfo": {
        "classification": "신체운동_건강",
        "readAge": "초등_고학년",
        "form": "short-form",
        "plotSummaryText": "은수는 강호와 대한이가 장난을 치는 줄 알고 화가 나서 주먹으로 제 머리를 콩콩 쳤고, 학교에 가면 반드시 이 문제를 따지고 말 거라고 했다.",
        "textWordEA": 23
      }
    },
    {
      "srcTextID": "100297",
      "srcText": "식사를 준비하던 어머니가 물었어요. \"쓰레기장에 내놓은 쓰레기봉투를 또 찢어 놓았잖아?\" 은수는 눈살을 찌푸렸어요.",
      "srcPage": 2,
      "srcSentenceEA": 3,
      "srcWordEA": 14,
      "character": "어머니,쓰레기봉투",
      "setting": "쓰레기장",
      "action": "물었어요,찢어 놓았잖아,준비하던,눈살을 찌푸렸어요",
      "feeling": null,
      "causalRelationship": null,
      "outcomeResolution": null,
      "prediction": null,
      "plotSummaryInfoCount": 1,
      "plotSummaryInfo": {
        "classification": "신체운동_건강",
        "readAge": "초등_고학년",
        "form": "short-form",
        "plotSummaryText": "식사를 준비하던 어머니가 물었고 쓰레기장에 내놓은 쓰레기봉투를 또 찢어 놓았다고 은수는 눈살을 찌푸렸다.",
        "textWordEA": 13
      }
    },
    {
      "srcTextID": "100296",
      "srcText": "\"혹시, 고양이나 길짐승들 짓이 아닐까?\" 아무래도 어머니는 짚이는 게 있는 모양이었어요. \"하지만 전엔 그런 일이 없었잖아.\" 맞아요. 쓰레기봉투가 찢기기 시작한 건 최근의 일이에요. 정확히는 보름 전부터, 밤마다 어떤 못된 손님이 다녀가는 것 같았어요.",
      "srcPage": 4,
      "srcSentenceEA": 6,
      "srcWordEA": 37,
      "character": "어머니,쓰레기봉투,못된 손님",
      "setting": "최근,보름 전부터",
      "action": "다녀가는 것",
      "feeling": null,
      "causalRelationship": null,
      "outcomeResolution": null,
      "prediction": null,
      "plotSummaryInfoCount": 1,
      "plotSummaryInfo": {
        "classification": "신체운동_건강",
        "readAge": "초등_고학년",
        "form": "long-form",
        "plotSummaryText": "쓰레기봉투가 찢기기 시작한 건 최근의 일이고, 보름 전부터 밤마다 어떤 못된 손님이 다녀가는 것 같았다.",
        "textWordEA": 15
      }
    },
    {
      "srcTextID": "100303",
      "srcText": "하지만 먹이가 귀한 겨울도 아닌데 이해가 가지 않았어요. '혹시, 친구들이 장난을 친 건 아닐까?' 마침 은수의 머리에 떠오르는 인물들이 있었어요.",
      "srcPage": 10,
      "srcSentenceEA": 3,
      "srcWordEA": 21,
      "character": "친구들,은수,머리",
      "setting": null,
      "action": "장난을 친",
      "feeling": "이해가 가지 않았어요",
      "causalRelationship": null,
      "outcomeResolution": null,
      "prediction": null,
      "plotSummaryInfoCount": 1,
      "plotSummaryInfo": {
        "classification": "신체운동_건강",
        "readAge": "초등_고학년",
        "form": "short-form",
        "plotSummaryText": "겨울도 아닌데 이해가 가지 않았고, 친구들이 장난을 친 건 아닌가 하는 중에 마침 은수의 머리에 떠오르는 인물들이 있었다.",
        "textWordEA": 18
      }
    },
    {
      "srcTextID": "100322",
      "srcText": "집으로 돌아온 은수는 곰곰이 아저씨의 말을 되새겼어요. 아저씨는 분명히 해결 방법을 알려 준다고 했어요. 하지만 그 전에 스스로 찾아보라고도 했는데, 은수는 왜 아저씨가 그런 과제를 냈는지 궁금했어요.",
      "srcPage": 27,
      "srcSentenceEA": 3,
      "srcWordEA": 29,
      "character": "은수,아저씨",
      "setting": "집",
      "action": "돌아온",
      "feeling": "궁금했어요",
      "causalRelationship": null,
      "outcomeResolution": null,
      "prediction": null,
      "plotSummaryInfoCount": 1,
      "plotSummaryInfo": {
        "classification": "신체운동_건강",
        "readAge": "초등_고학년",
        "form": "short-form",
        "plotSummaryText": "집으로 돌아온 은수는 스스로 해결 방법을 찾아보라고 하는 아저씨의 말에 왜 그런 과제를 냈는지 궁금했다.",
        "textWordEA": 15
      }
    },
    {
      "srcTextID": "100305",
      "srcText": "강호와 대한이는 은수의 둘도 없는 친구예요. 하지만 서로 장난이 심해서 늘 골려 줄 궁리만 했어요. 은수도 마찬가지였는데 한 달 전, 은수는 귀신 분장으로 강호와 대한이를 놀라게 한 적이 있어요.",
      "srcPage": 12,
      "srcSentenceEA": 3,
      "srcWordEA": 31,
      "character": "은수,강호,대한이",
      "setting": "한 달 전",
      "action": "놀라게 한 적",
      "feeling": null,
      "causalRelationship": null,
      "outcomeResolution": null,
      "prediction": null,
      "plotSummaryInfoCount": 1,
      "plotSummaryInfo": {
        "classification": "신체운동_건강",
        "readAge": "초등_고학년",
        "form": "short-form",
        "plotSummaryText": "강호와 대한이는 은수의 둘도 없는 친구지만 서로 장난이 심한데 한 달 전, 은수는 귀신 분장으로 강호와 대한이를 놀라게 한 적이 있다.",
        "textWordEA": 21
      }
    },
    {
      "srcTextID": "100306",
      "srcText": "그때 너무 놀란 나머지 대한이는 오줌까지 지렸지요. \"은수, 너 반드시 복수하고 말 거야.\" 그날 대한이가 했던 말이 생생히 기억났어요. \"맞아. 이건 녀석들의 장난이 분명해!\" 은수는 그렇게 결론을 내리고 학교로 달려갔어요.",
      "srcPage": 13,
      "srcSentenceEA": 5,
      "srcWordEA": 33,
      "character": "대한이,은수",
      "setting": "학교",
      "action": "오줌까지 지렸지요,달려갔어요,기억났어요",
      "feeling": "놀란",
      "causalRelationship": null,
      "outcomeResolution": null,
      "prediction": null,
      "plotSummaryInfoCount": 1,
      "plotSummaryInfo": {
        "classification": "신체운동_건강",
        "readAge": "초등_고학년",
        "form": "long-form",
        "plotSummaryText": "너무 놀라 오줌까지 지린 대한이가 복수한다는 말이 기억나, 녀석들의 장난이 분명하다고 은수는 결론을 내리고 학교로 달려갔다.",
        "textWordEA": 16
      }
    },
    {
      "srcTextID": "100307",
      "srcText": " 은수가 자초지종을 설명하자 강호와 대한이는 펄쩍 뛰었어요. \"무슨 소리야! 우린 전혀 모르는 일이야.\" 두 사람이 동시에 대답했어요.",
      "srcPage": 15,
      "srcSentenceEA": 4,
      "srcWordEA": 20,
      "character": "은수,강호,대한이",
      "setting": null,
      "action": "자초지종을 설명하자,대답했어요,뛰었어요",
      "feeling": null,
      "causalRelationship": null,
      "outcomeResolution": null,
      "prediction": null,
      "plotSummaryInfoCount": 1,
      "plotSummaryInfo": {
        "classification": "신체운동_건강",
        "readAge": "초등_고학년",
        "form": "long-form",
        "plotSummaryText": "은수가 자초지종을 설명하자, 강호와 대한이는 펄쩍 뛰며 전혀 모르는 일이라고 동시에 대답했다.",
        "textWordEA": 12
      }
    },
    {
      "srcTextID": "100309",
      "srcText": "\"흥, 그럼 멀쩡하던 쓰레기봉투가 왜 뜯겨져 있냐고!\" 강호가 화를 버럭 내며 말했어요. \"그건 길고양이 짓이겠지!\"",
      "srcPage": 16,
      "srcSentenceEA": 3,
      "srcWordEA": 16,
      "character": "쓰레기봉투,강호,길고양이",
      "setting": null,
      "action": "말했어요,화를 버럭 내며,뜯겨져",
      "feeling": null,
      "causalRelationship": null,
      "outcomeResolution": null,
      "prediction": null,
      "plotSummaryInfoCount": 1,
      "plotSummaryInfo": {
        "classification": "신체운동_건강",
        "readAge": "초등_고학년",
        "form": "short-form",
        "plotSummaryText": "멀쩡하던 쓰레기봉투가 왜 뜯겨져 있냐고 하자, 강호가 화를 버럭 내며 길고양이 짓일 거라고 말했다.",
        "textWordEA": 14
      }
    },
    {
      "srcTextID": "100313",
      "srcText": "'흥, 내가 그런 거짓말에 속을 줄 알아?' 기분이 상한 은수는 돌아오는 길에 친구들과 멀리 떨어져 혼자 집으로 향했어요. 집 근처에 이르렀을 때 누군가 아는 체를 해 왔어요.",
      "srcPage": 18,
      "srcSentenceEA": 3,
      "srcWordEA": 29,
      "character": "은수,친구들",
      "setting": "집 근처",
      "action": "멀리 떨어져,집으로 향했어요",
      "feeling": "기분이 상한",
      "causalRelationship": null,
      "outcomeResolution": null,
      "prediction": null,
      "plotSummaryInfoCount": 1,
      "plotSummaryInfo": {
        "classification": "신체운동_건강",
        "readAge": "초등_고학년",
        "form": "short-form",
        "plotSummaryText": "기분이 상한 은수는 돌아오는 길에 혼자 집으로 향했는데, 집 근처에 이르렀을 때 누군가 아는 체를 해 왔다.",
        "textWordEA": 17
      }
    },
    {
      "srcTextID": "100314",
      "srcText": "지난해 귀농한 이웃집 방정환 아저씨였어요. 방정환 아저씨는 도시에서 어린이를 위한 서점을 하다가 공기가 맑은 곳을 찾아 내려왔다고 해요. \"은수구나, 오늘은 왜 혼자 오니?\"",
      "srcPage": 19,
      "srcSentenceEA": 3,
      "srcWordEA": 24,
      "character": "방정환 아저씨,은수",
      "setting": "서점,오늘,지난해",
      "action": "내려왔다고,오니",
      "feeling": null,
      "causalRelationship": null,
      "outcomeResolution": null,
      "prediction": null,
      "plotSummaryInfoCount": 1,
      "plotSummaryInfo": {
        "classification": "신체운동_건강",
        "readAge": "초등_고학년",
        "form": "short-form",
        "plotSummaryText": "지난해 귀농한 방정환 아저씨는 도시에서 서점을 하다가 내려왔다고 하는데, 오늘은 왜 혼자 오냐고 물었다.",
        "textWordEA": 14
      }
    },
    {
      "srcTextID": "100315",
      "srcText": "채소를 가꾸던 아저씨가 벙거지 모자를 벗으며 물었어요. \"친구들과 다투었어요.\" 은수는 울상이 돼서 그동안의 일을 얘기했어요.",
      "srcPage": 20,
      "srcSentenceEA": 3,
      "srcWordEA": 16,
      "character": "벙거지 모자,은수,아저씨,친구들",
      "setting": "그동안",
      "action": "벗으며,물었어요,얘기했어요,다투었어요",
      "feeling": null,
      "causalRelationship": null,
      "outcomeResolution": null,
      "prediction": null,
      "plotSummaryInfoCount": 1,
      "plotSummaryInfo": {
        "classification": "신체운동_건강",
        "readAge": "초등_고학년",
        "form": "short-form",
        "plotSummaryText": "아저씨가 벙거지 모자를 벗으며 묻자, 은수는 친구들과 다툰 그동안의 일을 얘기했다.",
        "textWordEA": 11
      }
    },
    {
      "srcTextID": "100310",
      "srcText": "점심시간에 은수는 강호와 대한이를 복도로 불러냈어요. \"너희들 장난 이제 그만 쳐. 너희 때문에 집 안팎에 쓰레기 냄새가 진동하잖아!\"",
      "srcPage": 14,
      "srcSentenceEA": 3,
      "srcWordEA": 19,
      "character": "은수,강호,대한이",
      "setting": "복도,집,점심시간",
      "action": "불러냈어요",
      "feeling": null,
      "causalRelationship": null,
      "outcomeResolution": null,
      "prediction": null,
      "plotSummaryInfoCount": 1,
      "plotSummaryInfo": {
        "classification": "신체운동_건강",
        "readAge": "초등_고학년",
        "form": "short-form",
        "plotSummaryText": "점심시간에 은수는 강호와 대한이를 불러내 장난 그만 치라면서 너희 때문에 집 안팎에 쓰레기 냄새가 진동한다고 했다.",
        "textWordEA": 16
      }
    },
    {
      "srcTextID": "99569",
      "srcText": "\"이런, 나쁜 고양이 녀석!\" 은수는 주먹을 쥐며 녀석을 혼내 주어야겠다고 생각했어요. \"왜 그러니, 은수야?\"",
      "srcPage": 24,
      "srcSentenceEA": 3,
      "srcWordEA": 15,
      "character": "고양이,은수",
      "setting": null,
      "action": "주먹을 쥐며,생각했어요",
      "feeling": "나쁜",
      "causalRelationship": null,
      "outcomeResolution": null,
      "prediction": null,
      "plotSummaryInfoCount": 1,
      "plotSummaryInfo": {
        "classification": "신체운동_건강",
        "readAge": "초등_고학년",
        "form": "short-form",
        "plotSummaryText": "나쁜 고양이 녀석이라며 은수는 주먹을 쥐며 녀석을 혼내 주어야겠다고 생각했어요.",
        "textWordEA": 10
      }
    },
    {
      "srcTextID": "100308",
      "srcText": "\"우리 집 근처엔 그런 거 없어.\" \"없긴 뭘 없어. 지난번에 내가 산에서 고양이 봤어.\" 은수는 학교가 끝날 때까지 친구들과 고양이가 마을에 사는지 안 사는지 입씨름을 벌였어요.",
      "srcPage": 17,
      "srcSentenceEA": 4,
      "srcWordEA": 28,
      "character": "고양이,은수",
      "setting": "산,학교,우리 집,마을",
      "action": "입씨름을 벌였어요",
      "feeling": null,
      "causalRelationship": null,
      "outcomeResolution": null,
      "prediction": null,
      "plotSummaryInfoCount": 1,
      "plotSummaryInfo": {
        "classification": "신체운동_건강",
        "readAge": "초등_고학년",
        "form": "long-form",
        "plotSummaryText": "은수는 학교가 끝날 때까지 우리 집 근처엔 없다고 하고, 친구들은 산에서 봤다고 하며, 고양이가 마을에 사는지 안 사는지 입씨름을 벌였어요.",
        "textWordEA": 20
      }
    },
    {
      "srcTextID": "100312",
      "srcText": "\"이런, 은수가 실수를 한 모양이구나.\" 아저씨가 껄껄 웃으면서 머리를 쓰다듬어 주었어요. \"제가 실수를 했다고요?\"",
      "srcPage": 21,
      "srcSentenceEA": 3,
      "srcWordEA": 15,
      "character": "은수,아저씨",
      "setting": null,
      "action": "실수를 한,웃으면서,머리를 쓰다듬어 주었어요",
      "feeling": null,
      "causalRelationship": null,
      "outcomeResolution": null,
      "prediction": null,
      "plotSummaryInfoCount": 1,
      "plotSummaryInfo": {
        "classification": "신체운동_건강",
        "readAge": "초등_고학년",
        "form": "short-form",
        "plotSummaryText": "은수가 실수를 한 모양이라고 아저씨가 웃으면서 머리를 쓰다듬어 주니, 은수는 자기가 실수했냐고 물었다.",
        "textWordEA": 13
      }
    },
    {
      "srcTextID": "100311",
      "srcText": "\"그래, 쓰레기봉투를 헤집어 놓은 녀석은 길고양이가 맞다. 우리 집에도 몇 번이나 찾아왔었지. 아마도 이웃 마을에서 건너온 녀석일 거야.\"",
      "srcPage": 22,
      "srcSentenceEA": 3,
      "srcWordEA": 20,
      "character": "쓰레기봉투,길고양이",
      "setting": "우리 집",
      "action": "헤집어 놓은,찾아왔었지",
      "feeling": null,
      "causalRelationship": null,
      "outcomeResolution": null,
      "prediction": null,
      "plotSummaryInfoCount": 1,
      "plotSummaryInfo": {
        "classification": "신체운동_건강",
        "readAge": "초등_고학년",
        "form": "short-form",
        "plotSummaryText": "쓰레기봉투를 헤집어 놓은 녀석은 길고양이가 맞고 집에도 몇 번이나 찾아왔었다며 이웃 마을에서 건너온 녀석일 거라고 했다.",
        "textWordEA": 16
      }
    },
    {
      "srcTextID": "100295",
      "srcText": "\"아, 짜증 나.\" 아침 운동을 나갔던 은수가 화를 내며 들어왔어요. \"또 무슨 일인데?\"",
      "srcPage": 1,
      "srcSentenceEA": 3,
      "srcWordEA": 14,
      "character": "은수",
      "setting": "아침",
      "action": "운동을 나갔던,들어왔어요",
      "feeling": "짜증 나",
      "causalRelationship": null,
      "outcomeResolution": null,
      "prediction": null,
      "plotSummaryInfoCount": 1,
      "plotSummaryInfo": {
        "classification": "신체운동_건강",
        "readAge": "초등_고학년",
        "form": "short-form",
        "plotSummaryText": "아침 운동을 나갔던 은수가 짜증난다고 화를 내며 들어왔다.",
        "textWordEA": 8
      }
    },
    {
      "srcTextID": "100294",
      "srcText": "\"그러게 말이다. 요즘 들어 계속 그런 일이 생기네.\" 어머니도 이해가 안 간다는 듯 고개를 갸웃했어요.",
      "srcPage": 3,
      "srcSentenceEA": 3,
      "srcWordEA": 17,
      "character": "어머니",
      "setting": "요즘",
      "action": "고개를 갸웃했어요,생기네",
      "feeling": null,
      "causalRelationship": null,
      "outcomeResolution": null,
      "prediction": null,
      "plotSummaryInfoCount": 1,
      "plotSummaryInfo": {
        "classification": "신체운동_건강",
        "readAge": "초등_고학년",
        "form": "short-form",
        "plotSummaryText": "요즘 들어 계속 그런 일이 생긴다고 어머니도 이해가 안 간다는 듯 고개를 갸웃했다.",
        "textWordEA": 13
      }
    },
    {
      "srcTextID": "99570",
      "srcText": "\"이리 와 봐.\" 아저씨가 휴대폰을 꺼내 동영상을 보여 주었어요. 거기에는 동네를 어슬렁거리는 길고양이가 찍혀 있었어요.",
      "srcPage": 23,
      "srcSentenceEA": 3,
      "srcWordEA": 17,
      "character": "아저씨,휴대폰,길고양이",
      "setting": "동네",
      "action": "동영상을 보여 주었어요,꺼내",
      "feeling": null,
      "causalRelationship": null,
      "outcomeResolution": null,
      "prediction": null,
      "plotSummaryInfoCount": 1,
      "plotSummaryInfo": {
        "classification": "신체운동_건강",
        "readAge": "초등_고학년",
        "form": "short-form",
        "plotSummaryText": "아저씨가 휴대폰을 꺼내 동영상을 보여 주었는데 동네를 어슬렁거리는 길고양이가 찍혀 있었다.",
        "textWordEA": 11
      }
    },
    {
      "srcTextID": "99568",
      "srcText": " 아저씨가 이해하지 못하겠다는 듯 물었어요. \"고양이가 쓰레기봉투를 물어뜯어 집에 냄새가 난단 말예요. 그리고 그 일로 오해가 생겨 친구들과 싸움까지 했다고요.\"",
      "srcPage": 25,
      "srcSentenceEA": 3,
      "srcWordEA": 22,
      "character": "아저씨,고양이,쓰레기봉투",
      "setting": "집",
      "action": "물었어요,물어뜯어,싸움까지 했다고요",
      "feeling": null,
      "causalRelationship": null,
      "outcomeResolution": null,
      "prediction": null,
      "plotSummaryInfoCount": 1,
      "plotSummaryInfo": {
        "classification": "신체운동_건강",
        "readAge": "초등_고학년",
        "form": "short-form",
        "plotSummaryText": "아저씨가 이해하지 못하겠다는 듯 묻자, 고양이가 쓰레기봉투를 물어뜯어 집에 냄새가 나고 그 일로 친구들과 싸움까지 했습니다.",
        "textWordEA": 16
      }
    },
    {
      "srcTextID": "99571",
      "srcText": "아저씨가 빙긋 웃고 말했어요. \"후훗, 은수가 단단히 화가 난 모양이구나. 오늘은 늦었으니 집에 가서 쉬고 내일 다시 오는 게 어때? 어쩌면 아저씨가 해결 방법을 알려 줄 수도 있을지 몰라. 하지만 그 전에 네 스스로 해결 방법을 찾아보렴.\" \"해결 방법을 찾아보라고요?\" 은수는 알았다고 고개를 끄덕이고 돌아왔어요.",
      "srcPage": 26,
      "srcSentenceEA": 7,
      "srcWordEA": 49,
      "character": "아저씨,은수",
      "setting": "집에",
      "action": "말했어요,돌아왔어요,웃고",
      "feeling": "화가 난",
      "causalRelationship": null,
      "outcomeResolution": null,
      "prediction": null,
      "plotSummaryInfoCount": 1,
      "plotSummaryInfo": {
        "classification": "신체운동_건강",
        "readAge": "초등_고학년",
        "form": "long-form",
        "plotSummaryText": "아저씨가 빙긋 웃고 은수가 단단히 화가 난 모양이라며 스스로 해결 방법을 찾아보라고 하자, 은수는 알았다고 고개를 끄덕이고 돌아왔다.",
        "textWordEA": 18
      }
    },
    {
      "srcTextID": "100325",
      "srcText": "아빠가 뒤에서 잔소리를 했어요. \"녀석아, 싸웠으면 당장 가서 화해하면 되지.\" 기분이 상한 은수는 막대기를 들고 집 근처를 돌아다녔어요.",
      "srcPage": 36,
      "srcSentenceEA": 3,
      "srcWordEA": 19,
      "character": "아빠,은수,막대기",
      "setting": null,
      "action": "잔소리를 했어요,돌아다녔어요",
      "feeling": null,
      "causalRelationship": null,
      "outcomeResolution": null,
      "prediction": null,
      "plotSummaryInfoCount": 1,
      "plotSummaryInfo": {
        "classification": "신체운동_건강",
        "readAge": "초등_고학년",
        "form": "short-form",
        "plotSummaryText": "아빠가 싸웠으면 당장 가서 화해하라고 잔소리를 하자, 기분이 상한 은수는 막대기를 들고 집 근처를 돌아다녔다.",
        "textWordEA": 15
      }
    },
    {
      "srcTextID": "100319",
      "srcText": "아니면 쓰레기장 주변에 철망을 치든가. 그도 아니면 고양이를 잡아서. '좋아. 고양이를 사로잡자. 쥐덫을 이용하면 될 거야.'",
      "srcPage": 29,
      "srcSentenceEA": 4,
      "srcWordEA": 19,
      "character": "철망,고양이,쥐덫",
      "setting": "쓰레기장",
      "action": null,
      "feeling": null,
      "causalRelationship": null,
      "outcomeResolution": null,
      "prediction": null,
      "plotSummaryInfoCount": 1,
      "plotSummaryInfo": {
        "classification": "신체운동_건강",
        "readAge": "초등_고학년",
        "form": "long-form",
        "plotSummaryText": "쓰레기장 주변에 철망을 치든가 아니면 쥐덫을 이용해서 고양이를 잡아야겠다고 생각했다.",
        "textWordEA": 10
      }
    },
    {
      "srcTextID": "100320",
      "srcText": "엄마가 눈살을 찌푸리며 나무랐어요. \"쓰레기봉투 물어뜯는 범인이 고양이 맞단 얘기지?\" \"네. 얼른 생선 남은 것 좀 줘요.\"",
      "srcPage": 31,
      "srcSentenceEA": 3,
      "srcWordEA": 18,
      "character": "엄마,쓰레기봉투,고양이,생선",
      "setting": null,
      "action": "나무랐어요",
      "feeling": null,
      "causalRelationship": null,
      "outcomeResolution": null,
      "prediction": null,
      "plotSummaryInfoCount": 1,
      "plotSummaryInfo": {
        "classification": "신체운동_건강",
        "readAge": "초등_고학년",
        "form": "short-form",
        "plotSummaryText": "엄마가 눈살을 찌푸리며 나무랐고, 쓰레기봉투 물어뜯는 범인이 고양이 맞단 얘기냐고 묻자, 남은 생선을 달라고 했습니다.",
        "textWordEA": 15
      }
    },
    {
      "srcTextID": "100323",
      "srcText": "\"고, 고양이를 기른다고요? 녀석은 도둑고양이라고요.\" \"아무렴 어떠냐. 집 근처를 어슬렁거리는 걸 보니 누군가 기르던 고양이일 게다. 밥을 주어 가족으로 만들자.\"",
      "srcPage": 34,
      "srcSentenceEA": 5,
      "srcWordEA": 23,
      "character": "고양이,도둑고양이",
      "setting": "집 근처",
      "action": "밥을 주어,어슬렁거리는,보니,기르던",
      "feeling": null,
      "causalRelationship": null,
      "outcomeResolution": null,
      "prediction": null,
      "plotSummaryInfoCount": 1,
      "plotSummaryInfo": {
        "classification": "신체운동_건강",
        "readAge": "초등_고학년",
        "form": "long-form",
        "plotSummaryText": "집 근처를 어슬렁거리는 걸 보니 누군가 기르던 고양이일 가라며, 밥을 주어 가족으로 만들자고 했다.",
        "textWordEA": 14
      }
    },
    {
      "srcTextID": "100326",
      "srcText": "은수는 고개를 저으며 식당을 빠져나왔어요. \"저는 싫어요. 고양이 때문에 친구랑 싸웠단 말예요.\"",
      "srcPage": 35,
      "srcSentenceEA": 3,
      "srcWordEA": 13,
      "character": "은수,고양이,친구",
      "setting": null,
      "action": "고개를 저으며,싸웠단 말예요",
      "feeling": null,
      "causalRelationship": null,
      "outcomeResolution": null,
      "prediction": null,
      "plotSummaryInfoCount": 1,
      "plotSummaryInfo": {
        "classification": "신체운동_건강",
        "readAge": "초등_고학년",
        "form": "short-form",
        "plotSummaryText": "은수는 고양이 때문에 친구랑 싸웠다고 싫다며 고개를 저으며 식당을 빠져나왔다.",
        "textWordEA": 10
      }
    },
    {
      "srcTextID": "100321",
      "srcText": "은수는 식당으로 달려가 엄마에게 물었어요. \"엄마, 생선 남은 것 좀 줘 봐요. 고양이 잡게.\"",
      "srcPage": 30,
      "srcSentenceEA": 3,
      "srcWordEA": 15,
      "character": "은수,엄마,생선,고양이",
      "setting": "식당",
      "action": "달려가",
      "feeling": null,
      "causalRelationship": null,
      "outcomeResolution": null,
      "prediction": null,
      "plotSummaryInfoCount": 1,
      "plotSummaryInfo": {
        "classification": "신체운동_건강",
        "readAge": "초등_고학년",
        "form": "short-form",
        "plotSummaryText": "은수는 식당으로 달려가 엄마에게 고양이 잡게 생선 남은 것 좀 주라고 했다.",
        "textWordEA": 12
      }
    },
    {
      "srcTextID": "100329",
      "srcText": "\"은수야, 그렇지 않단다. 고양인 배가 고팠을 뿐이야. 굶주렸기 때문에 어쩔 수 없이 쓰레기봉투를 뒤진 거지.\"",
      "srcPage": 41,
      "srcSentenceEA": 3,
      "srcWordEA": 17,
      "character": "은수,고양인,쓰레기봉투,배",
      "setting": null,
      "action": "뒤진 거지",
      "feeling": null,
      "causalRelationship": null,
      "outcomeResolution": null,
      "prediction": null,
      "plotSummaryInfoCount": 1,
      "plotSummaryInfo": {
        "classification": "신체운동_건강",
        "readAge": "초등_고학년",
        "form": "short-form",
        "plotSummaryText": "고양인 배가 고팠고 굶주렸기 때문에, 어쩔 수 없이 쓰레기봉투를 뒤진 거라고 했다.",
        "textWordEA": 12
      }
    },
    {
      "srcTextID": "100334",
      "srcText": "\"네? 고양이에게 먹이를 주라고요?\" \"그래. 너희 집은 식당을 하니까 버리는 생선 토막이 많을 거야. 새끼를 낳은 길고양이를 위해 먹이를 나누어 줘 봐. 그럼 내가 가진 걸 나누는 기쁨도 알게 될 거야. 또한 인간과 자연이 존중하며 사는 의미도 알게 될 테고.\"",
      "srcPage": 45,
      "srcSentenceEA": 5,
      "srcWordEA": 45,
      "character": "고양이,새끼,생선",
      "setting": "식당",
      "action": "낳은,버리는",
      "feeling": "나누는 기쁨도",
      "causalRelationship": null,
      "outcomeResolution": null,
      "prediction": null,
      "plotSummaryInfoCount": 1,
      "plotSummaryInfo": {
        "classification": "신체운동_건강",
        "readAge": "초등_고학년",
        "form": "long-form",
        "plotSummaryText": "너희 집은 식당을 하니까 버리는 생선 토막을, 새끼를 낳은 길고양이를 위해 나누어 주면 자신이 가진 걸 나누는 기쁨과 존중하며 사는 의미도 알게 될 거라고 했다.",
        "textWordEA": 25
      }
    },
    {
      "srcTextID": "100317",
      "srcText": "멀찍이서 듣고 있던 아빠가 끼어들었어요. \"그러지 말고 이번 기회에 우리 그 녀석을 길러 볼까?\" 은수가 놀라 눈을 크게 떴어요.",
      "srcPage": 33,
      "srcSentenceEA": 3,
      "srcWordEA": 20,
      "character": "아빠,은수",
      "setting": null,
      "action": "듣고 있던,눈을 크게 떴어요.",
      "feeling": "놀라",
      "causalRelationship": null,
      "outcomeResolution": null,
      "prediction": null,
      "plotSummaryInfoCount": 1,
      "plotSummaryInfo": {
        "classification": "신체운동_건강",
        "readAge": "초등_고학년",
        "form": "short-form",
        "plotSummaryText": "듣고 있던 아빠가 이번 기회에 우리 그 녀석을 길러 보자고 하자 은수가 놀라 눈을 크게 떴다.",
        "textWordEA": 16
      }
    },
    {
      "srcTextID": "100327",
      "srcText": "\"새끼를 낳았다고요?\" 은수는 갑자기 고양이들에게 미안한 마음이 들었어요. \"정말이야. 아저씨가 먹이를 주러 갔다가 직접 봤단다.\"",
      "srcPage": 43,
      "srcSentenceEA": 3,
      "srcWordEA": 17,
      "character": "은수,고양이,아저씨",
      "setting": null,
      "action": "낳았다고요,직접 봤단다",
      "feeling": "미안한",
      "causalRelationship": null,
      "outcomeResolution": null,
      "prediction": null,
      "plotSummaryInfoCount": 1,
      "plotSummaryInfo": {
        "classification": "신체운동_건강",
        "readAge": "초등_고학년",
        "form": "short-form",
        "plotSummaryText": "새끼를 낳았다는 말에 은수는 고양이들에게 미안한 마음이 들었는데, 아저씨가 먹이를 주러 갔다가 직접 봤다고 했다.",
        "textWordEA": 15
      }
    },
    {
      "srcTextID": "100335",
      "srcText": "은수가 머리를 긁적이자 아저씨가 덧붙였어요. \"우리가 사는 이 땅은 인간만의 것이 아니란다. 동물과 인간, 자연이 모두 나누어 쓰는 곳이지. 또 동물과 인간, 자연은 서로 돕는 존재야. 그런 의미에서 고양이에게 먹이를 줄 수 없니?\"",
      "srcPage": 44,
      "srcSentenceEA": 5,
      "srcWordEA": 36,
      "character": "은수,동물,인간,고양이",
      "setting": null,
      "action": "머리를 긁적이자,나누어 쓰는",
      "feeling": null,
      "causalRelationship": null,
      "outcomeResolution": null,
      "prediction": null,
      "plotSummaryInfoCount": 1,
      "plotSummaryInfo": {
        "classification": "신체운동_건강",
        "readAge": "초등_고학년",
        "form": "long-form",
        "plotSummaryText": "아저씨는 우리가 사는 이 땅은 동물과 인간, 자연이 모두 나누어 쓰는 곳으로 서로 돕는 존재로 그런 의미에서 고양이에게 먹이를 줄 수 없냐고 물었다.",
        "textWordEA": 23
      }
    },
    {
      "srcTextID": "100331",
      "srcText": "아저씨는 산기슭에 있는 빈집을 가리키면서 그곳에 고양이의 집이 있다고 말해 주었어요. \"새끼를 낳은 모양이야. 그래서 먹이가 필요했던 거고.\"",
      "srcPage": 42,
      "srcSentenceEA": 3,
      "srcWordEA": 19,
      "character": "아저씨,새끼",
      "setting": "고양이의 집,빈집",
      "action": "가리키면서,말해 주었어요,낳은",
      "feeling": null,
      "causalRelationship": null,
      "outcomeResolution": null,
      "prediction": null,
      "plotSummaryInfoCount": 1,
      "plotSummaryInfo": {
        "classification": "신체운동_건강",
        "readAge": "초등_고학년",
        "form": "short-form",
        "plotSummaryText": "아저씨는 산기슭에 있는 빈집을 가리키면서 그곳에 고양이의 집이 있는데, 새끼를 낳아 먹이가 필요했던 거라고 했다.",
        "textWordEA": 15
      }
    },
    {
      "srcTextID": "100333",
      "srcText": "\"네, 그럴게요.\" 은수는 얼떨결에 대답하고는 집으로 뛰어왔어요. '그래, 아저씨 말대로 먹이를 나누어 주자. 다른 건 몰라도 쓰레기봉투 물어뜯는 일은 더 이상 생기지 않겠지.'",
      "srcPage": 46,
      "srcSentenceEA": 4,
      "srcWordEA": 25,
      "character": "은수,아저씨,쓰레기봉투",
      "setting": "집",
      "action": "뛰어왔어요,물어뜯는,대답하고",
      "feeling": null,
      "causalRelationship": null,
      "outcomeResolution": null,
      "prediction": null,
      "plotSummaryInfoCount": 1,
      "plotSummaryInfo": {
        "classification": "신체운동_건강",
        "readAge": "초등_고학년",
        "form": "long-form",
        "plotSummaryText": "은수는 그런다고 대답하고는 집으로 뛰어와서 아저씨 말대로 먹이를 나누어 주면 쓰레기봉투 물어뜯는 일은 생기지 않을 거로 생각했다.",
        "textWordEA": 17
      }
    },
    {
      "srcTextID": "100336",
      "srcText": "은수는 엄마가 요리하고 남은 생선을 잔뜩 모았어요. \"그걸 뭐하려고 그래?\" 엄마의 질문에 은수는 신이 나서 대답했어요. \"쓰레기봉투를 지키려고요!\"",
      "srcPage": 47,
      "srcSentenceEA": 4,
      "srcWordEA": 19,
      "character": "은수,엄마,생선",
      "setting": null,
      "action": "생선을 잔뜩 모았어요,대답했어요,요리하고,지키려고요",
      "feeling": "신이 나서",
      "causalRelationship": null,
      "outcomeResolution": null,
      "prediction": null,
      "plotSummaryInfoCount": 1,
      "plotSummaryInfo": {
        "classification": "신체운동_건강",
        "readAge": "초등_고학년",
        "form": "long-form",
        "plotSummaryText": "은수는 남은 생선을 잔뜩 모으니 뭐할 거냐고 엄마가 묻자, 쓰레기봉투를 지키려고 한다고 신이 나서 대답했다.",
        "textWordEA": 15
      }
    },
    {
      "srcTextID": "100338",
      "srcText": "다음 날 새벽, 은수는 생선이 가득 든 바가지를 조심스럽게 쓰레기장으로 들고 가 눈에 띄는 곳에 놓았어요. 그러고는 창문을 조금 열고 고양이가 나타나길 기다렸어요. 그러기를 30여 분, 멀리서 동이 트기 직전이었어요.",
      "srcPage": 48,
      "srcSentenceEA": 3,
      "srcWordEA": 32,
      "character": "은수,쓰레기장,고양이,생선,바가지,창문",
      "setting": "다음 날 새벽,30여 분",
      "action": "놓았어요,기다렸어요,들고 가",
      "feeling": null,
      "causalRelationship": null,
      "outcomeResolution": null,
      "prediction": null,
      "plotSummaryInfoCount": 1,
      "plotSummaryInfo": {
        "classification": "신체운동_건강",
        "readAge": "초등_고학년",
        "form": "short-form",
        "plotSummaryText": "다음 날 새벽, 은수는 생선이 든 바가지를 쓰레기장으로 들고 가 눈에 띄게 놓았고, 고양이가 나타나길 기다렸다.",
        "textWordEA": 16
      }
    },
    {
      "srcTextID": "100339",
      "srcText": "산등성이를 타고 빛이 희미하게 내리비칠 무렵 고양이 한 마리가 조심스럽게 쓰레기장으로 들어왔어요. 아니, 한 마리가 아니었어요. 그 뒤로 새끼 고양이들이 세 마리나 꼬물거리며 따라 왔어요.",
      "srcPage": 49,
      "srcSentenceEA": 3,
      "srcWordEA": 27,
      "character": "고양이,새끼 고양이들",
      "setting": "쓰레기장",
      "action": "들어왔어요,따라 왔어요",
      "feeling": null,
      "causalRelationship": null,
      "outcomeResolution": null,
      "prediction": null,
      "plotSummaryInfoCount": 1,
      "plotSummaryInfo": {
        "classification": "신체운동_건강",
        "readAge": "초등_고학년",
        "form": "short-form",
        "plotSummaryText": "빛이 희미하게 내리비칠 무렵 고양이 한 마리가 쓰레기장으로 들어왔는데, 새끼 고양이들이 세 마리나 꼬물거리며 따라 왔다.",
        "textWordEA": 16
      }
    },
    {
      "srcTextID": "100337",
      "srcText": "고양이들은 배가 고팠는지 정신없이 바가지에 담긴 생선을 먹기 시작했어요. '정말 배가 고팠던 모양이구나.' 은수는 자신도 모르게 마음이 짠해졌어요. '날이 밝으면 아빠를 졸라서 고양이 집을 만들어야지.' 인간과 자연이 서로 존중하며 살아야 한다는 방정환 아저씨의 말을 떠올리며 은수는 살며시 미소를 지었어요.",
      "srcPage": 50,
      "srcSentenceEA": 5,
      "srcWordEA": 41,
      "character": "고양이,생선,은수,방정환 아저씨",
      "setting": null,
      "action": "먹기 시작했어요,졸라서,만들어야지",
      "feeling": "마음이 짠해졌어요",
      "causalRelationship": null,
      "outcomeResolution": null,
      "prediction": null,
      "plotSummaryInfoCount": 1,
      "plotSummaryInfo": {
        "classification": "신체운동_건강",
        "readAge": "초등_고학년",
        "form": "long-form",
        "plotSummaryText": "고양이들은 생선을 먹기 시작했고, 날이 밝으면 아빠를 졸라서 고양이 집을 만들겠다고 생각하고 인간과 자연이 서로 존중하며 살아야 한다는 방정환 아저씨의 말을 떠올리며 은수는 미소를 지었다.",
        "textWordEA": 25
      }
    },
    {
      "srcTextID": "100332",
      "srcText": "은수가 입술을 물어뜯으며 대답했어요. \"왜 고양이를 잡으려고만 하니. 같이 살 수는 없는 거야?\"",
      "srcPage": 39,
      "srcSentenceEA": 3,
      "srcWordEA": 14,
      "character": "은수,고양이",
      "setting": null,
      "action": "입술을 물어뜯으며,대답했어요",
      "feeling": null,
      "causalRelationship": null,
      "outcomeResolution": null,
      "prediction": null,
      "plotSummaryInfoCount": 1,
      "plotSummaryInfo": {
        "classification": "신체운동_건강",
        "readAge": "초등_고학년",
        "form": "short-form",
        "plotSummaryText": "은수가 입술을 물어뜯으며 대답했고, 아저씨는 고양이랑 같이 살 수는 없는 거냐고 물었다.",
        "textWordEA": 12
      }
    },
    {
      "srcTextID": "100330",
      "srcText": "아저씨가 허리를 펴며 물었어요. \"같이 산다고요? 왜요. 녀석이 먼저 피해를 준걸요.\"",
      "srcPage": 40,
      "srcSentenceEA": 4,
      "srcWordEA": 13,
      "character": "아저씨,허리",
      "setting": null,
      "action": "물었어요,펴며",
      "feeling": null,
      "causalRelationship": null,
      "outcomeResolution": null,
      "prediction": null,
      "plotSummaryInfoCount": 1,
      "plotSummaryInfo": {
        "classification": "신체운동_건강",
        "readAge": "초등_고학년",
        "form": "long-form",
        "plotSummaryText": "아저씨가 허리를 펴며 묻자, 녀석이 먼저 피해를 줬는데 왜 같이 사냐고 말했다.",
        "textWordEA": 12
      }
    },
    {
      "srcTextID": "100318",
      "srcText": "생선을 덫 위에 올려놓아 고양이를 잡을 생각이었어요. \"괜한 헛수고야. 고양이는 영리해서 덫을 건드리지 않거든.\"",
      "srcPage": 32,
      "srcSentenceEA": 3,
      "srcWordEA": 15,
      "character": "생선,고양이,덫",
      "setting": null,
      "action": "위에 올려놓아,건드리지 않거든,잡을 생각이었어요",
      "feeling": null,
      "causalRelationship": null,
      "outcomeResolution": null,
      "prediction": null,
      "plotSummaryInfoCount": 1,
      "plotSummaryInfo": {
        "classification": "신체운동_건강",
        "readAge": "초등_고학년",
        "form": "short-form",
        "plotSummaryText": "생선을 덫 위에 올려놓아 고양이를 잡을 생각이라고 하자, 고양이는 영리해서 덫을 건드리지 않아서 헛수고라고 했다.",
        "textWordEA": 15
      }
    },
    {
      "srcTextID": "100324",
      "srcText": "고양이를 발견하면 멀리 쫓아 버릴 생각이에요. '남의 집 쓰레기봉투나 물어뜯는 도둑고양이 녀석, 걸리기만 하면 혼을 내 줄 테다!' 은수의 속마음을 알고 있기라도 하듯 먼 곳에서 야옹, 하고 고양이 울음소리가 들려왔어요.",
      "srcPage": 37,
      "srcSentenceEA": 3,
      "srcWordEA": 31,
      "character": "고양이,쓰레기봉투,도둑고양이,은수",
      "setting": "집",
      "action": "들려왔어요,발견하면,쫓아 버릴",
      "feeling": null,
      "causalRelationship": null,
      "outcomeResolution": null,
      "prediction": null,
      "plotSummaryInfoCount": 1,
      "plotSummaryInfo": {
        "classification": "신체운동_건강",
        "readAge": "초등_고학년",
        "form": "short-form",
        "plotSummaryText": "도둑고양이를 발견하면 멀리 쫓아 버릴 생각인 은수의 속마음을 알고 있기라도 하듯, 먼 곳에서 고양이 울음소리가 들려왔다.",
        "textWordEA": 16
      }
    },
    {
      "srcTextID": "100328",
      "srcText": "\"은수구나. 뭐 뾰족한 방법이라도 생각해 봤니?\" 학교에서 돌아오는 길에 만난 방정환 아저씨가 물었어요. \"고양이를 잡으려고 하는데 방법이 떠오르지 않아요.\"",
      "srcPage": 38,
      "srcSentenceEA": 3,
      "srcWordEA": 21,
      "character": "은수,방정환 아저씨,고양이",
      "setting": "학교에서 돌아오는 길",
      "action": "물었어요",
      "feeling": null,
      "causalRelationship": null,
      "outcomeResolution": null,
      "prediction": null,
      "plotSummaryInfoCount": 1,
      "plotSummaryInfo": {
        "classification": "신체운동_건강",
        "readAge": "초등_고학년",
        "form": "short-form",
        "plotSummaryText": "학교에서 돌아오는 길에 만난 방정환 아저씨가 방법을 생각해 봤냐고 묻자, 고양이를 잡으려고 하는데 방법이 떠오르지 않는다고 했다.",
        "textWordEA": 17
      }
    },
    {
      "srcTextID": "100316",
      "srcText": "'아저씨 말을 들어서 나쁠 건 없지.' 은수는 해결 방법을 찾아 끙끙거렸어요. 쓰레기봉투 근처에 고양이가 싫어하는 물건을 가져다 놓는 건 어떨까?",
      "srcPage": 28,
      "srcSentenceEA": 3,
      "srcWordEA": 22,
      "character": "아저씨,은수,고양이",
      "setting": "쓰레기봉투",
      "action": "가져다 놓는",
      "feeling": "싫어하는",
      "causalRelationship": null,
      "outcomeResolution": null,
      "prediction": null,
      "plotSummaryInfoCount": 1,
      "plotSummaryInfo": {
        "classification": "신체운동_건강",
        "readAge": "초등_고학년",
        "form": "short-form",
        "plotSummaryText": "은수는 해결 방법을 찾아 끙끙거리다가 쓰레기봉투 근처에 고양이가 싫어하는 물건을 가져다 놓는 건 어떨까 하고 생각했다.",
        "textWordEA": 16
      }
    }
  ]
}