{
  "title": "용돈은 많을수록 좋아",
  "author": "권정현",
  "illustrator": "한국출판일러스트회",
  "isbn": "9791157024254",
  "publishedYear": 2015,
  "publisher": "황우",
  "paragraphInfoCount": 45,
  "paragraphInfo": [
    {
      "srcTextID": "96173",
      "srcText": "\"넌 오백 원이나 더 받고 있으면서.\" \"어휴, 인터넷 좀 그만 봐요. 그게 언제 적 얘긴데.\"",
      "srcPage": 3,
      "srcSentenceEA": 3,
      "srcWordEA": 16,
      "character": "넌,오백 원",
      "setting": null,
      "action": "더 받고 있으면서,인터넷 좀 그만 봐요",
      "feeling": null,
      "causalRelationship": null,
      "outcomeResolution": null,
      "prediction": null,
      "plotSummaryInfoCount": 1,
      "plotSummaryInfo": {
        "classification": "신체운동_건강",
        "readAge": "초등_고학년",
        "form": "short-form",
        "plotSummaryText": "넌 오백 원이나 더 받고 있다고 하니 언제 적 얘기냐며 인터넷 좀 그만 보라고 했습니다.",
        "textWordEA": 15
      }
    },
    {
      "srcTextID": "96174",
      "srcText": "\"다 너랑 같은 또래 애들을 키우는 엄마들끼리 정보를 교환하고 얻은 결론이야!\" 엄마는 딱 잘라 말하고는 지갑을 닫아 버렸어요. 엄마는 인터넷 동호회 게시판에 올라오는 글이라면 무조건 다 맞는 말인 줄 아는 게 문제예요.",
      "srcPage": 4,
      "srcSentenceEA": 3,
      "srcWordEA": 34,
      "character": "엄마,지갑,엄마들,또래 애들",
      "setting": null,
      "action": "닫아 버렸어요,교환하고",
      "feeling": null,
      "causalRelationship": null,
      "outcomeResolution": null,
      "prediction": null,
      "plotSummaryInfoCount": 1,
      "plotSummaryInfo": {
        "classification": "신체운동_건강",
        "readAge": "초등_고학년",
        "form": "short-form",
        "plotSummaryText": "엄마는 또래 애들을 키우는 엄마들이 속해 있는 인터넷 동호회 게시판에서 정보를 교환하고 얻은 결론이 무조건 다 맞는 말인 줄 아는 게 문제입니다.",
        "textWordEA": 22
      }
    },
    {
      "srcTextID": "96185",
      "srcText": "은찬이는 아침에 받았다고 말하려다 침을 꼴깍 삼켰어요. \"안 받고 뭐 해?\" 엄마가 이천 원을 주면서 은찬이를 쳐다보았어요.",
      "srcPage": 11,
      "srcSentenceEA": 3,
      "srcWordEA": 18,
      "character": "은찬,엄마",
      "setting": "아침",
      "action": "삼켰어요,쳐다보았어요",
      "feeling": null,
      "causalRelationship": null,
      "outcomeResolution": null,
      "prediction": null,
      "plotSummaryInfoCount": 1,
      "plotSummaryInfo": {
        "classification": "신체운동_건강",
        "readAge": "초등_고학년",
        "form": "short-form",
        "plotSummaryText": "아침에 받았다고 말하려다 침을 꼴깍 삼키는 은찬이에게 엄마가 안 받고 뭐 하냐며 이천 원을 주었습니다.",
        "textWordEA": 15
      }
    },
    {
      "srcTextID": "104992",
      "srcText": "엄마가 다시 건네준 약을 먹고 몸살 기운은 말끔히 가라앉았지만 그동안 잊고 지냈던 죄책감이 다시 살아났어요. 은찬이는 집 밖에서 안절부절못하며 아빠가 퇴근해서 돌아오기만을 기다렸어요. 아빠라면 문제를 해결해 줄 수 있을 것 같았어요.",
      "srcPage": 30,
      "srcSentenceEA": 3,
      "srcWordEA": 33,
      "character": "엄마,아빠,은찬이",
      "setting": null,
      "action": "돌아오기만을 기다렸어요,퇴근해서,해결해",
      "feeling": "죄책감이 다시 살아났어요",
      "causalRelationship": null,
      "outcomeResolution": null,
      "prediction": null,
      "plotSummaryInfoCount": 1,
      "plotSummaryInfo": {
        "classification": "신체운동_건강",
        "readAge": "초등_고학년",
        "form": "short-form",
        "plotSummaryText": "몸살 기운은 가라앉았지만 죄책감이 다시 살아난 은찬이는 집 밖에서 안절부절못하며 문제를 해결해 줄 수 있을 것 같은 아빠가 퇴근해서 돌아오기만을 기다렸습니다.",
        "textWordEA": 21
      }
    },
    {
      "srcTextID": "96207",
      "srcText": "\"엄마들은 안 봐도 다 아는 수가 있지.\" 엄마의 대답이 싱거워서 은찬이는 피식 웃고 말았어요. 하지만 앞으로 용돈 수첩은 정직하게 적기로 했어요. 용돈이 오르든 말든 엄마를 속이는 일만큼은 두 번 다시 하고 싶지 않았거든요.",
      "srcPage": 45,
      "srcSentenceEA": 4,
      "srcWordEA": 36,
      "character": "엄마,은찬",
      "setting": null,
      "action": "안 봐도 다 아는 수가 있지,적기로 했어요",
      "feeling": null,
      "causalRelationship": "하지만 앞으로 용돈 수첩은 정직하게 적기로 했어요. 용돈이 오르든 말든 엄마를 속이는 일만큼은 두 번 다시 하고 싶지 않았거든요.",
      "outcomeResolution": null,
      "prediction": null,
      "plotSummaryInfoCount": 1,
      "plotSummaryInfo": {
        "classification": "신체운동_건강",
        "readAge": "초등_고학년",
        "form": "long-form",
        "plotSummaryText": "엄마들은 안 봐도 다 아는 수가 있다는 대답을 들은 은찬이는 엄마를 속이는 일만큼은 두 번 다시 하고 싶지 않았기에 용돈 수첩은 정직하게 적기로 했습니다.",
        "textWordEA": 24
      }
    },
    {
      "srcTextID": "96183",
      "srcText": "마음 한편으로는 이게 웬 횡재냐 싶었지요. 아침에 받은 용돈 중에서 천 원은 벌써 써 버렸어요. 나머지 천 원으로 다음 월요일까지 버틸 생각으로 학교가 파하자마자 군것질을 했던 거예요. '그래! 용돈은 많을수록 좋아. 사실 내가 달라고 한 것도 아닌데, 뭘!'",
      "srcPage": 13,
      "srcSentenceEA": 5,
      "srcWordEA": 42,
      "character": "용돈,내,천 원",
      "setting": "월요일,아침에,학교",
      "action": "써 버렸어요,파하자마자",
      "feeling": null,
      "causalRelationship": null,
      "outcomeResolution": null,
      "prediction": null,
      "plotSummaryInfoCount": 1,
      "plotSummaryInfo": {
        "classification": "신체운동_건강",
        "readAge": "초등_고학년",
        "form": "long-form",
        "plotSummaryText": "아침에 받은 용돈 중 이미 천 원을 학교가 파하자마자 군것질로 써 버렸던 차에 이게 웬 횡재냐 싶어서 용돈은 많을수록 좋은 데다 자기가 달라고 한 것도 아니니 괜찮다고 생각했어요.",
        "textWordEA": 28
      }
    },
    {
      "srcTextID": "96189",
      "srcText": "\"와, 정말?\" \"우리 엄만 눈도 꿈쩍 안 하는데!\" 친구들이 부러운 눈으로 은찬이를 쳐다보았어요. \"너희들 먹고 싶은 사탕 하나씩 골라.\"",
      "srcPage": 18,
      "srcSentenceEA": 4,
      "srcWordEA": 20,
      "character": "은찬이,친구들,사탕",
      "setting": null,
      "action": "쳐다보았어요,하나씩 골라",
      "feeling": null,
      "causalRelationship": null,
      "outcomeResolution": null,
      "prediction": null,
      "plotSummaryInfoCount": 1,
      "plotSummaryInfo": {
        "classification": "신체운동_건강",
        "readAge": "초등_고학년",
        "form": "long-form",
        "plotSummaryText": "우리 엄만 눈도 꿈쩍 안 한다며 은찬이를 부러운 눈으로 쳐다보는 친구들에게 은찬이는 먹고 싶은 사탕을 하나씩 고르라고 말했습니다.",
        "textWordEA": 18
      }
    },
    {
      "srcTextID": "96195",
      "srcText": "주말에 은찬이는 으슬으슬 몸살이 났어요. \"일단 약 먹고 한숨 자고 나면 괜찮아질 거야.\" 엄마가 감기약을 사다 주었어요.",
      "srcPage": 20,
      "srcSentenceEA": 3,
      "srcWordEA": 18,
      "character": "은찬,엄마,감기약",
      "setting": "주말",
      "action": "몸살이 났어요,사다 주었어요",
      "feeling": null,
      "causalRelationship": null,
      "outcomeResolution": null,
      "prediction": null,
      "plotSummaryInfoCount": 1,
      "plotSummaryInfo": {
        "classification": "신체운동_건강",
        "readAge": "초등_고학년",
        "form": "short-form",
        "plotSummaryText": "주말에 으슬으슬 몸살이 난 은찬이에게  엄마가 약 먹고 한숨 자고 나면 괜찮아질 거라며 감기약을 사다 주었습니다.",
        "textWordEA": 17
      }
    },
    {
      "srcTextID": "96193",
      "srcText": "은찬이가 제일 싫어하는 게 약 먹는 거였어요. \"약은 써서 먹기 싫은데.\" \"쓰다고 안 먹으면 더 아파.\"",
      "srcPage": 21,
      "srcSentenceEA": 3,
      "srcWordEA": 16,
      "character": "은찬",
      "setting": null,
      "action": "먹는,먹으면",
      "feeling": "싫어하는",
      "causalRelationship": null,
      "outcomeResolution": null,
      "prediction": null,
      "plotSummaryInfoCount": 1,
      "plotSummaryInfo": {
        "classification": "신체운동_건강",
        "readAge": "초등_고학년",
        "form": "short-form",
        "plotSummaryText": "약 먹는 것을 제일 싫어하는 은찬이가 약은 써서 먹기 싫다고 하자 쓰다고 안 먹으면 더 아프다고 말했습니다.",
        "textWordEA": 17
      }
    },
    {
      "srcTextID": "96197",
      "srcText": "어쩐 일인지 엄마는 표정이 몹시 어두웠어요. \"은찬아.\" 물끄러미 은찬이를 쳐다보던 엄마가 조용히 입을 열었어요. \"엄마한테 뭐 하고 싶은 말 없어?\"",
      "srcPage": 25,
      "srcSentenceEA": 3,
      "srcWordEA": 21,
      "character": "엄마,은찬",
      "setting": null,
      "action": "조용히 입을 열었어요,쳐다보던",
      "feeling": null,
      "causalRelationship": null,
      "outcomeResolution": null,
      "prediction": null,
      "plotSummaryInfoCount": 1,
      "plotSummaryInfo": {
        "classification": "신체운동_건강",
        "readAge": "초등_고학년",
        "form": "short-form",
        "plotSummaryText": "표정이 몹시 어두워진 엄마는 은찬이를 물끄러미 쳐다보다가 조용히 입을 열어 뭐 하고 싶은 말이 없냐고 말했어요.",
        "textWordEA": 16
      }
    },
    {
      "srcTextID": "96201",
      "srcText": "이 말은 은찬이를 갈등에 휩싸이게 만들었어요. '엄마는 모든 걸 알고 있는 걸까? 하지만 이제 돈을 다 써 버려서 돌려 드릴 수도 없는데 어떡하지? 아니야. 엄마가 괜히 떠보려고 한 말이었을 거야.' 은찬이는 괜히 용돈 얘기를 사실대로 털어놓았다가 더 크게 야단맞을 일이 두려웠어요.",
      "srcPage": 29,
      "srcSentenceEA": 6,
      "srcWordEA": 45,
      "character": "은찬이,엄마",
      "setting": null,
      "action": "한 말이었을 거야,사실대로 털어놓았다가,야단맞을",
      "feeling": "두려웠어요",
      "causalRelationship": null,
      "outcomeResolution": null,
      "prediction": null,
      "plotSummaryInfoCount": 1,
      "plotSummaryInfo": {
        "classification": "신체운동_건강",
        "readAge": "초등_고학년",
        "form": "long-form",
        "plotSummaryText": "엄마가 모든 걸 알고 있는 건 아닌지 갈등에 휩싸인 은찬이였지만 이미 돈을 다 써 버려서 돌려 드릴 수도 없는 데다가 괜히 용돈 얘기를 사실대로 털어놓았다가 더 크게 야단맞을까 봐 두려웠습니다.",
        "textWordEA": 30
      }
    },
    {
      "srcTextID": "104989",
      "srcText": "\"그래서 말인데요, 아빠. 저한테 이천 원만 주세요.\" \"음, 그런데 은찬아. 돈을 돌려 드린다고 해서 엄마를 속인 사실이 없어지겠니?\"",
      "srcPage": 33,
      "srcSentenceEA": 4,
      "srcWordEA": 20,
      "character": "아빠,은찬,엄마",
      "setting": null,
      "action": "주세요",
      "feeling": null,
      "causalRelationship": null,
      "outcomeResolution": null,
      "prediction": "돈을 돌려 드린다고 해서 엄마를 속인 사실이 없어지겠니?",
      "plotSummaryInfoCount": 1,
      "plotSummaryInfo": {
        "classification": "신체운동_건강",
        "readAge": "초등_고학년",
        "form": "long-form",
        "plotSummaryText": "이천 원만 달라는 은찬이에게 아빠는 돈을 돌려 드린다고 해서 엄마를 속인 사실이 없어지진 않는다고 했습니다.",
        "textWordEA": 15
      }
    },
    {
      "srcTextID": "96177",
      "srcText": "오늘은 용돈 받는 날이에요. 은찬이는 항상 이날이 기다려졌어요. 하지만 막상 엄마가 주는 용돈을 받아 들고는 실망하지 않을 수 없었어요.",
      "srcPage": 1,
      "srcSentenceEA": 3,
      "srcWordEA": 21,
      "character": "용돈,은찬이,엄마",
      "setting": null,
      "action": null,
      "feeling": "실망하지",
      "causalRelationship": null,
      "outcomeResolution": null,
      "prediction": null,
      "plotSummaryInfoCount": 1,
      "plotSummaryInfo": {
        "classification": "신체운동_건강",
        "readAge": "초등_고학년",
        "form": "short-form",
        "plotSummaryText": "오늘은 은찬이가 항상 기다리는 용돈 받는 날이었는데, 엄마가 주는 용돈을 받아 들고는 실망했습니다.",
        "textWordEA": 13
      }
    },
    {
      "srcTextID": "96175",
      "srcText": "\"아무리 아껴 써도 일주일에 이천 원은 너무 적어요.\" \"무슨 소리야? 초등학교 3학년은 천오백 원이 적당하다던데.\"",
      "srcPage": 2,
      "srcSentenceEA": 3,
      "srcWordEA": 16,
      "character": "초등학교 3학년,천오백 원,이천 원",
      "setting": "일주일",
      "action": "아껴 써도",
      "feeling": null,
      "causalRelationship": null,
      "outcomeResolution": null,
      "prediction": null,
      "plotSummaryInfoCount": 1,
      "plotSummaryInfo": {
        "classification": "신체운동_건강",
        "readAge": "초등_고학년",
        "form": "short-form",
        "plotSummaryText": "일주일에 이천 원은 너무 적다고 하자 초등학교 3학년은 천오백 원이 적당하다더라고 대답했습니다.",
        "textWordEA": 12
      }
    },
    {
      "srcTextID": "96178",
      "srcText": "\"난 천오백 원.\" \"난 오천 원.\" \"뭐라고?\" 은찬이는 이야기를 듣던 중 입이 떡 벌어졌어요.",
      "srcPage": 7,
      "srcSentenceEA": 3,
      "srcWordEA": 15,
      "character": "은찬이,오천 원",
      "setting": null,
      "action": "입이 떡 벌어졌어요,이야기를 듣던",
      "feeling": null,
      "causalRelationship": null,
      "outcomeResolution": null,
      "prediction": null,
      "plotSummaryInfoCount": 1,
      "plotSummaryInfo": {
        "classification": "신체운동_건강",
        "readAge": "초등_고학년",
        "form": "short-form",
        "plotSummaryText": "오천 원을 받는다는 친구의 이야기를 듣고 은찬이의 입이 떡 벌어졌습니다.",
        "textWordEA": 10
      }
    },
    {
      "srcTextID": "96180",
      "srcText": "그 모습을 보고 아이들이 탄성을 질렀어요. \"주원이는 부자라서 좋겠다!\" 은찬이도 용돈을 풍족하게 쓰는 주원이가 무척 부러웠어요. 하지만 조른다고 들어줄 엄마가 아니었어요.",
      "srcPage": 9,
      "srcSentenceEA": 4,
      "srcWordEA": 23,
      "character": "주원,은찬",
      "setting": null,
      "action": "탄성을 질렀어요",
      "feeling": "무척 부러웠어요",
      "causalRelationship": null,
      "outcomeResolution": null,
      "prediction": null,
      "plotSummaryInfoCount": 1,
      "plotSummaryInfo": {
        "classification": "신체운동_건강",
        "readAge": "초등_고학년",
        "form": "long-form",
        "plotSummaryText": "아이들은 주원이가 부자라서 좋겠다며 탄성을 질렀고, 은찬이도 용돈을 풍족하게 쓰는 주원이가 부러웠지만 엄마가 조른다고 들어줄 것 같지 않았습니다.",
        "textWordEA": 18
      }
    },
    {
      "srcTextID": "96182",
      "srcText": "\"어, 알았어요. 엄마, 고마워요.\" 은찬이는 돈을 받아 들고 가슴이 두근두근 뛰었어요.",
      "srcPage": 12,
      "srcSentenceEA": 3,
      "srcWordEA": 13,
      "character": "엄마,은찬이",
      "setting": null,
      "action": "돈을 받아 들고",
      "feeling": "고마워요",
      "causalRelationship": null,
      "outcomeResolution": null,
      "prediction": null,
      "plotSummaryInfoCount": 1,
      "plotSummaryInfo": {
        "classification": "신체운동_건강",
        "readAge": "초등_고학년",
        "form": "short-form",
        "plotSummaryText": "엄마에게 고맙다며 말하고 돈을 받아 든 은찬이의 가슴이 두근두근 뛰었습니다.",
        "textWordEA": 10
      }
    },
    {
      "srcTextID": "96187",
      "srcText": "'이따가 실컷 군것질이나 해야겠다!' 가게를 지나치면서 저절로 입이 벌어졌어요. 엄마한테는 미안하지만 이번 한 번만 눈 딱 감고 마음껏 돈을 써 보고 싶은 욕심이 죄책감을 잊게 했어요.",
      "srcPage": 15,
      "srcSentenceEA": 3,
      "srcWordEA": 28,
      "character": "엄마",
      "setting": null,
      "action": "입이 벌어졌어요,눈 딱 감고,잊게 했어요,군것질이나 해야겠다",
      "feeling": "미안하지만",
      "causalRelationship": null,
      "outcomeResolution": null,
      "prediction": null,
      "plotSummaryInfoCount": 1,
      "plotSummaryInfo": {
        "classification": "신체운동_건강",
        "readAge": "초등_고학년",
        "form": "short-form",
        "plotSummaryText": "엄마한테는 미안했지만 이번 한 번만 눈 딱 감고 마음껏 돈을 써 보고 싶은 욕심이 죄책감을 잊게 해 이따가 실컷 군것질하기로 마음먹었어요.",
        "textWordEA": 21
      }
    },
    {
      "srcTextID": "96186",
      "srcText": "'용돈을 오천 원이나 받는 주원이도 있는데 한 번쯤 엄마를 속인다고 해서 크게 잘못된 일은 아닐 거야.' 지갑을 열 때마다 스스로를 위로하기도 했어요. 그러다 월요일에 받은 용돈 이천 원을 수요일에 다 써 버렸어요. \"너도 우리랑 똑같이 이천 원 받지 않았어?\"",
      "srcPage": 16,
      "srcSentenceEA": 4,
      "srcWordEA": 41,
      "character": "주원,엄마",
      "setting": "월요일,수요일",
      "action": "위로하기도,써 버렸어요",
      "feeling": null,
      "causalRelationship": null,
      "outcomeResolution": null,
      "prediction": null,
      "plotSummaryInfoCount": 1,
      "plotSummaryInfo": {
        "classification": "신체운동_건강",
        "readAge": "초등_고학년",
        "form": "long-form",
        "plotSummaryText": "용돈을 오천 원이나 받는 주원이도 있기에 한 번쯤 엄마를 속인 것이 크게 잘못된 일은 아닐 거라고 스스로를 위로하다가 결국 월요일에 받은 용돈 이천 원을 수요일에 다 써 버렸습니다.",
        "textWordEA": 28
      }
    },
    {
      "srcTextID": "96203",
      "srcText": "아빠가 의미심장한 물음을 던졌어요. \"그래도 돈을 다 썼다고 말하는 것보다 낫지 않을까요?\" 은찬이가 조심스럽게 의견을 말했어요.",
      "srcPage": 34,
      "srcSentenceEA": 3,
      "srcWordEA": 17,
      "character": "아빠,은찬",
      "setting": null,
      "action": "물음을 던졌어요,의견을 말했어요",
      "feeling": null,
      "causalRelationship": null,
      "outcomeResolution": null,
      "prediction": null,
      "plotSummaryInfoCount": 1,
      "plotSummaryInfo": {
        "classification": "신체운동_건강",
        "readAge": "초등_고학년",
        "form": "short-form",
        "plotSummaryText": "의미심장한 물음을 던진 아빠에게 그래도 돈을 다 썼다고 말하는 것보다 낫지 않겠냐고 은찬이가 조심스럽게 의견을 말했습니다.",
        "textWordEA": 16
      }
    },
    {
      "srcTextID": "96204",
      "srcText": "아빠한테 이천 원을 받으면 엄마한테 돌려주고 용서를 구할 생각이었어요. 그러면 엄마도 화를 내지는 않을 것 같았거든요. 아빠는 그 말에 빙그레 웃으면서 다시 물었어요.",
      "srcPage": 35,
      "srcSentenceEA": 3,
      "srcWordEA": 25,
      "character": "아빠,엄마",
      "setting": null,
      "action": "용서를 구할 생각이었어요,다시 물었어요",
      "feeling": null,
      "causalRelationship": null,
      "outcomeResolution": null,
      "prediction": null,
      "plotSummaryInfoCount": 1,
      "plotSummaryInfo": {
        "classification": "신체운동_건강",
        "readAge": "초등_고학년",
        "form": "short-form",
        "plotSummaryText": "아빠한테 받은 이천 원을 엄마에게 돌려주며 용서를 구하면 엄마도 화를 내지는 않을 것 같다는 말에 아빠가 빙그레 웃으며 다시 물었습니다.",
        "textWordEA": 20
      }
    },
    {
      "srcTextID": "96206",
      "srcText": "\"그랬구나! 엄마가 착각한 모양이네?\" 잘못을 고백하고 자진해서 용돈을 사양하는 은찬이에게 엄마가 말했어요. \"너한테 선물이 하나 있어.\"",
      "srcPage": 41,
      "srcSentenceEA": 3,
      "srcWordEA": 18,
      "character": "엄마,은찬이",
      "setting": null,
      "action": "말했어요",
      "feeling": null,
      "causalRelationship": null,
      "outcomeResolution": null,
      "prediction": "너한테 선물이 하나 있어.",
      "plotSummaryInfoCount": 1,
      "plotSummaryInfo": {
        "classification": "신체운동_건강",
        "readAge": "초등_고학년",
        "form": "short-form",
        "plotSummaryText": "엄마가 착각한 모양이라고 말한 엄마가 잘못을 고백한 은찬이에게 너한테 선물이 하나 있다고 말했습니다. ",
        "textWordEA": 13
      }
    },
    {
      "srcTextID": "96210",
      "srcText": "엄마가 작은 수첩을 하나 내밀었어요. \"이건 네 용돈 기록 수첩이야.\" \"적은 돈이라도 씀씀이를 알면 여러모로 편리한 점이 있단다.\"",
      "srcPage": 42,
      "srcSentenceEA": 3,
      "srcWordEA": 18,
      "character": "엄마,용돈 기록 수첩",
      "setting": null,
      "action": "내밀었어요",
      "feeling": null,
      "causalRelationship": null,
      "outcomeResolution": null,
      "prediction": "적은 돈이라도 씀씀이를 알면 여러모로 편리한 점이 있단다.",
      "plotSummaryInfoCount": 1,
      "plotSummaryInfo": {
        "classification": "신체운동_건강",
        "readAge": "초등_고학년",
        "form": "short-form",
        "plotSummaryText": "엄마가 용돈 기록 수첩을 내밀며 적은 돈이라도 씀씀이를 알면 편리하다고 했습니다.",
        "textWordEA": 11
      }
    },
    {
      "srcTextID": "96191",
      "srcText": "친구들은 목요일에 은찬이가 또 천 원짜리를 꺼내자 고개를 갸우뚱했어요. \"나도 엄마한테 졸라서 용돈을 올려 받았어.\" 은찬이는 친구들에게 거짓말을 했어요.",
      "srcPage": 17,
      "srcSentenceEA": 3,
      "srcWordEA": 20,
      "character": "은찬,엄마",
      "setting": "목요일",
      "action": "갸우뚱했어요,받았어,거짓말을 했어요",
      "feeling": null,
      "causalRelationship": null,
      "outcomeResolution": null,
      "prediction": null,
      "plotSummaryInfoCount": 1,
      "plotSummaryInfo": {
        "classification": "신체운동_건강",
        "readAge": "초등_고학년",
        "form": "short-form",
        "plotSummaryText": "목요일에 또 천 원짜리를 꺼내는 은찬이를 본 친구들이 고개를 갸우뚱하자 나도 엄마한테 졸라서 용돈을 올려 받았다고 은찬이가 거짓말을 했습니다.",
        "textWordEA": 19
      }
    },
    {
      "srcTextID": "96211",
      "srcText": "엄마는 수첩을 선물하는 이유를 설명했어요. \"엄마도 계획 없이 돈을 쓰다 보면 아빠가 가져다주는 봉급으로 살림을 꾸려 가기가 힘들 때가 있어. 그래서 가계부를 쓰기 시작한 거야.\"",
      "srcPage": 43,
      "srcSentenceEA": 3,
      "srcWordEA": 26,
      "character": "엄마,아빠,가계부",
      "setting": null,
      "action": "이유를 설명했어요,쓰기 시작한 거야",
      "feeling": null,
      "causalRelationship": "엄마도 계획 없이 돈을 쓰다 보면 아빠가 가져다주는 봉급으로 살림을 꾸려 가기가 힘들 때가 있어. 그래서 가계부를 쓰기 시작한 거야.",
      "outcomeResolution": null,
      "prediction": null,
      "plotSummaryInfoCount": 1,
      "plotSummaryInfo": {
        "classification": "신체운동_건강",
        "readAge": "초등_고학년",
        "form": "short-form",
        "plotSummaryText": "계획 없이 돈을 쓰다 보면 아빠가 가져다주는 봉급으로 살림을 꾸려 가기가 힘들 때가 있다던 엄마가 가계부를 쓰기 시작한 이유를 말했습니다.",
        "textWordEA": 20
      }
    },
    {
      "srcTextID": "96212",
      "srcText": "엄마는 일단 씀씀이를 기록해 보고, 더 필요할 것 같으면 나중에 용돈을 올려 줄지 말지 다시 의논해 보자고 했어요. 은찬이는 그보다 더 궁금한 게 있었어요. \"근데 엄마, 저번에 내가 약 안 먹은 거 어떻게 알았어요?\"",
      "srcPage": 44,
      "srcSentenceEA": 3,
      "srcWordEA": 35,
      "character": "엄마,은찬",
      "setting": null,
      "action": "의논해 보자고 했어요,있었어요",
      "feeling": null,
      "causalRelationship": null,
      "outcomeResolution": null,
      "prediction": "근데 엄마, 저번에 내가 약 안 먹은 거 어떻게 알았어요?",
      "plotSummaryInfoCount": 1,
      "plotSummaryInfo": {
        "classification": "신체운동_건강",
        "readAge": "초등_고학년",
        "form": "short-form",
        "plotSummaryText": "일단 씀씀이를 기록해 보고, 더 필요할 것 같으면 나중에 용돈을 올려 줄지 말지 다시 의논해 보자고 말한 엄마에게 은찬이가 저번에 약을 안 먹은 거를 어떻게 알았는지 물었습니다.",
        "textWordEA": 27
      }
    },
    {
      "srcTextID": "96179",
      "srcText": "\"너희는 용돈 얼마씩 받아?\" 은찬이는 반 친구들은 어떤지 차례로 물어보았어요. \"난 일주일에 이천 원.\"",
      "srcPage": 6,
      "srcSentenceEA": 3,
      "srcWordEA": 15,
      "character": "은찬이,반 친구들,용돈",
      "setting": null,
      "action": "차례로 물어보았어요,얼마씩 받아",
      "feeling": null,
      "causalRelationship": null,
      "outcomeResolution": null,
      "prediction": null,
      "plotSummaryInfoCount": 1,
      "plotSummaryInfo": {
        "classification": "신체운동_건강",
        "readAge": "초등_고학년",
        "form": "short-form",
        "plotSummaryText": "은찬이가 반 친구들에게 용돈을 얼마씩 받냐고 물어보자 일주일에 이천 원이라고 답했습니다.",
        "textWordEA": 11
      }
    },
    {
      "srcTextID": "96184",
      "srcText": "엄마는 건망증이 심해서 가끔 엉뚱한 실수를 해요. \"오늘 은찬이 용돈 주는 날이지.\" 학교에서 돌아왔더니 엄마가 또 지갑을 여는 거예요.",
      "srcPage": 10,
      "srcSentenceEA": 3,
      "srcWordEA": 20,
      "character": "엄마,은찬",
      "setting": null,
      "action": "실수를 해요,여는 거예요",
      "feeling": null,
      "causalRelationship": null,
      "outcomeResolution": null,
      "prediction": null,
      "plotSummaryInfoCount": 1,
      "plotSummaryInfo": {
        "classification": "신체운동_건강",
        "readAge": "초등_고학년",
        "form": "short-form",
        "plotSummaryText": "건망증이 심해서 가끔 엉뚱한 실수를 하는 엄마가 오늘이 용돈 주는 날이라며 또 지갑을 열었습니다.",
        "textWordEA": 14
      }
    },
    {
      "srcTextID": "96188",
      "srcText": "한편으로는 죄책감이 들었지만 엄마한테 사실대로 말해서 굴러 들어온 행운을 놓치기는 싫었어요. 다음 날도 엄마는 아무것도 모르는 눈치였어요. 은찬이는 갑자기 두 배로 불어난 용돈을 지갑에 꼭꼭 숨기고 학교로 갔어요.",
      "srcPage": 14,
      "srcSentenceEA": 3,
      "srcWordEA": 30,
      "character": "엄마,은찬",
      "setting": null,
      "action": "갔어요",
      "feeling": "죄책감이 들었지만",
      "causalRelationship": null,
      "outcomeResolution": null,
      "prediction": null,
      "plotSummaryInfoCount": 1,
      "plotSummaryInfo": {
        "classification": "신체운동_건강",
        "readAge": "초등_고학년",
        "form": "short-form",
        "plotSummaryText": "죄책감이 들었지만 엄마한테 사실대로 말해 굴러온 행운을 놓치기 싫었던 은찬이는 다음 날도 엄마가 모르는 눈치여서 두 배로 불어난 용돈을 지갑에 꼭꼭 숨기고 학교로 갔습니다.",
        "textWordEA": 24
      }
    },
    {
      "srcTextID": "96192",
      "srcText": "엄마는 약봉지와 물을 탁자에 놓고 나갔어요. 그것도 하필이면 은찬이가 삼키기 힘들어하는 알약이었어요. 엄마는 주방 식탁에 앉아서 가계부를 정리하고 있었어요.",
      "srcPage": 22,
      "srcSentenceEA": 3,
      "srcWordEA": 21,
      "character": "엄마,은찬,약봉지,물,알약",
      "setting": "주방 식탁",
      "action": "나갔어요,정리하고 있었어요",
      "feeling": null,
      "causalRelationship": null,
      "outcomeResolution": null,
      "prediction": null,
      "plotSummaryInfoCount": 1,
      "plotSummaryInfo": {
        "classification": "신체운동_건강",
        "readAge": "초등_고학년",
        "form": "short-form",
        "plotSummaryText": "하필이면 은찬이가 삼키기 힘들어하는 알약으로 된 약봉지와 물을 탁자에 놓고 나간 엄마는 주방 식탁에 앉아서 가계부를 정리하고 있었습니다.",
        "textWordEA": 18
      }
    },
    {
      "srcTextID": "96194",
      "srcText": "은찬이는 일단 물을 마신 다음, 몰래 약을 들고 화장실로 갔어요. 그러고는 볼일을 보는 척하며 약을 변기에 버리고 소리가 나게 물을 내렸어요. \"은찬이 이리 와 봐!\" 방으로 들어가려는데 엄마가 은찬이를 불러 세웠어요. \"약은 먹은 거니, 아니면 버린 거니?\" \"먹었는데요?\"",
      "srcPage": 23,
      "srcSentenceEA": 5,
      "srcWordEA": 40,
      "character": "은찬,엄마,물,약",
      "setting": "화장실",
      "action": "화장실로 갔어요,변기에 버리고,물을 내렸어요,불러 세웠어요",
      "feeling": null,
      "causalRelationship": null,
      "outcomeResolution": null,
      "prediction": null,
      "plotSummaryInfoCount": 1,
      "plotSummaryInfo": {
        "classification": "신체운동_건강",
        "readAge": "초등_고학년",
        "form": "long-form",
        "plotSummaryText": "일단 물을 마신 다음, 몰래 약을 들고 화장실로 가 볼일을 보는 척하며 약을 변기에 버린 은찬이를 불러 세운 엄마가 약을 먹은 건지 버린 건지 묻자 은찬이는 먹었다고 답했습니다.",
        "textWordEA": 28
      }
    },
    {
      "srcTextID": "96198",
      "srcText": "은찬이는 갑작스러운 엄마의 물음에 태연히 대답했지만 속으로는 몹시 당황했어요. '약은 이미 버렸고 물도 마셨는데 엄마가 어떻게 알아차릴 수가 있지?' 은찬이는 그럴 리가 없다고 생각하면서도 조마조마한 심정으로 엄마 눈치를 살폈어요.",
      "srcPage": 24,
      "srcSentenceEA": 3,
      "srcWordEA": 30,
      "character": "은찬,엄마",
      "setting": null,
      "action": "대답했지만,버렸고,마셨는데,알아차릴,엄마 눈치를 살폈어요",
      "feeling": null,
      "causalRelationship": null,
      "outcomeResolution": null,
      "prediction": null,
      "plotSummaryInfoCount": 1,
      "plotSummaryInfo": {
        "classification": "신체운동_건강",
        "readAge": "초등_고학년",
        "form": "short-form",
        "plotSummaryText": "약을 이미 버리고 물도 마셨는데 엄마가 어떻게 알아차릴 수가 있는지 몹시 당황했던 은찬이는 그럴 리가 없다고 생각하면서도 엄마 눈치를 살폈습니다.",
        "textWordEA": 20
      }
    },
    {
      "srcTextID": "96202",
      "srcText": "\"아빠한테 사실대로 얘기하고 나니까 기분이 어떠니?\" \"이젠 조금 안심이 돼요.\" \"아빠도 네가 정직하게 말해 줘서 안심이 돼.\"",
      "srcPage": 36,
      "srcSentenceEA": 3,
      "srcWordEA": 17,
      "character": "아빠",
      "setting": null,
      "action": "말해 줘서,사실대로 얘기하고",
      "feeling": "안심이 돼",
      "causalRelationship": null,
      "outcomeResolution": null,
      "prediction": null,
      "plotSummaryInfoCount": 1,
      "plotSummaryInfo": {
        "classification": "신체운동_건강",
        "readAge": "초등_고학년",
        "form": "short-form",
        "plotSummaryText": "사실대로 얘기하고 나니까 기분이 어떠냐는 아빠의 물음에 이젠 조금 안심이 된다고 하자 아빠도 네가 정직하게 말해 줘서 안심이 된다고 말했습니다.",
        "textWordEA": 20
      }
    },
    {
      "srcTextID": "96205",
      "srcText": "은찬이는 아빠가 왜 그런 말을 하는지 이해할 수 없었어요. 엄마를 속인 건 잘못이라고 꾸중부터 할 줄 알았거든요. \"은찬아, 누구나 잘못은 할 수 있어. 하지만 더 나쁜 건 얼렁뚱땅 대충 넘어가려는 태도란다. 너라면 그런 실수를 하지 않을 것 같아서 마음이 놓인다는 거야.\"",
      "srcPage": 37,
      "srcSentenceEA": 5,
      "srcWordEA": 44,
      "character": "은찬,아빠,엄마",
      "setting": null,
      "action": "이해할 수 없었어요,꾸중부터 할,잘못은 할 수 있어",
      "feeling": null,
      "causalRelationship": null,
      "outcomeResolution": null,
      "prediction": null,
      "plotSummaryInfoCount": 1,
      "plotSummaryInfo": {
        "classification": "신체운동_건강",
        "readAge": "초등_고학년",
        "form": "long-form",
        "plotSummaryText": "엄마를 속인 건 잘못이라고 꾸중부터 할 줄 알았던 아빠는 누구나 잘못을 할 수 있지만 대충 넘어가려는 태도가 더 나쁘다고 하시며 은찬이라면 그런 실수를 하지 않을 것 같아서 마음이 놓인다고 했는데, 은찬이는 왜 그런 말을 하는지 잘 이해가 되지 않았어요.",
        "textWordEA": 39
      }
    },
    {
      "srcTextID": "96208",
      "srcText": "아빠는 어째서 내가 잘못을 털어놓았을 때 오히려 안심이 된다고 했을까요? 처음에 은찬이가 안심했던 건 아빠가 도와줄 것이라는 희망이 있기 때문이었어요. 그런데 아직 문제를 해결하지도 못했지만 조금은 마음이 가벼워진 느낌이에요.",
      "srcPage": 39,
      "srcSentenceEA": 3,
      "srcWordEA": 31,
      "character": "아빠,은찬",
      "setting": null,
      "action": "문제를 해결하지도,도와줄,잘못을 털어놓았을",
      "feeling": "조금은 마음이 가벼워진 느낌이에요,안심이 된다고,안심했던",
      "causalRelationship": null,
      "outcomeResolution": null,
      "prediction": null,
      "plotSummaryInfoCount": 1,
      "plotSummaryInfo": {
        "classification": "신체운동_건강",
        "readAge": "초등_고학년",
        "form": "short-form",
        "plotSummaryText": "아빠는 은찬이의 기대와는 달리 문제를 해결해 주는 대신 그저 잘못을 털어놓았을 때 오히려 안심이 된다는 말을 하셨을 뿐이지만, 은찬이는 실제로 조금은 마음이 가벼워진 느낌을 받았어요.",
        "textWordEA": 25
      }
    },
    {
      "srcTextID": "96176",
      "srcText": "\"이천 원으론 떡볶이 한 번 사 먹으면 끝이에요.\" \"떡볶이는 집에서 만들어 줄게, 언제든지 말만 해.\" 아무래도 엄마를 설득하는 것은 불가능해 보였어요.",
      "srcPage": 5,
      "srcSentenceEA": 3,
      "srcWordEA": 22,
      "character": "떡볶이,엄마",
      "setting": "집",
      "action": "만들어 줄게,먹으면,설득하는",
      "feeling": null,
      "causalRelationship": null,
      "outcomeResolution": null,
      "prediction": null,
      "plotSummaryInfoCount": 1,
      "plotSummaryInfo": {
        "classification": "신체운동_건강",
        "readAge": "초등_고학년",
        "form": "short-form",
        "plotSummaryText": "이천 원으론 떡볶이 한 번 사 먹으면 끝이라고 말해도 떡볶이는 집에서 만들어 주겠다고 하는 엄마를 설득하는 것은 불가능해 보였습니다.",
        "textWordEA": 19
      }
    },
    {
      "srcTextID": "96209",
      "srcText": "아빠한테 이야기를 털어놓는 순간부터 그랬어요. 다음 날 은찬이는 엄마에게 솔직하게 고백했어요. \"엄마가 깜빡하고 용돈을 한 번 더 준 걸 알면서도 다 써 버렸어요. 대신 이번 주는 용돈 안 받을게요.\"",
      "srcPage": 40,
      "srcSentenceEA": 4,
      "srcWordEA": 31,
      "character": "아빠,은찬,엄마",
      "setting": null,
      "action": "고백했어요",
      "feeling": null,
      "causalRelationship": "엄마가 깜빡하고 용돈을 한 번 더 준 걸 알면서도 다 써 버렸어요. 대신 이번 주는 용돈 안 받을게요.",
      "outcomeResolution": null,
      "prediction": null,
      "plotSummaryInfoCount": 1,
      "plotSummaryInfo": {
        "classification": "신체운동_건강",
        "readAge": "초등_고학년",
        "form": "long-form",
        "plotSummaryText": "다음 날 은찬이는 엄마에게 깜빡하고 한 번 더 주신 용돈을 알면서도 다 써 버렸다고 고백하며 대신 이번 주는 용돈 안 받겠다고 말했습니다.",
        "textWordEA": 22
      }
    },
    {
      "srcTextID": "96190",
      "srcText": "은찬이는 한껏 으스대며 친구들에게 인심을 썼어요. 그런데 이상한 일이에요. 친구들 앞에서 의기양양하게 호기를 부린 뒤부터는 그냥 허풍을 떤 게 아니라 진짜로 엄마가 은찬이를 생각해서 용돈을 올려 준 것 같은 착각이 드는 거예요.",
      "srcPage": 19,
      "srcSentenceEA": 3,
      "srcWordEA": 34,
      "character": "은찬,엄마",
      "setting": null,
      "action": "인심을 썼어요,착각이 드는 거예요",
      "feeling": null,
      "causalRelationship": null,
      "outcomeResolution": null,
      "prediction": null,
      "plotSummaryInfoCount": 1,
      "plotSummaryInfo": {
        "classification": "신체운동_건강",
        "readAge": "초등_고학년",
        "form": "short-form",
        "plotSummaryText": "은찬이가 한껏 으스대며 친구들에게 인심을 쓴 뒤부터는 이상하게도 그냥 허풍을 떤 게 아니라 진짜로 엄마가 은찬이를 생각해서 용돈을 올려 준 것 같다는 착각이 들었습니다.",
        "textWordEA": 24
      }
    },
    {
      "srcTextID": "96196",
      "srcText": "\"저기, 엄마. 그게.\" 은찬이는 머뭇거리다 솔직하게 잘못을 고백했어요. \"사실은 약을 변기에.\" \"엄마한테 하고 싶은 말이 그게 다니?\" 엄마는 더 들어야 할 말이 있는 것처럼 은찬이를 쳐다보았어요.",
      "srcPage": 26,
      "srcSentenceEA": 6,
      "srcWordEA": 29,
      "character": "엄마,은찬",
      "setting": null,
      "action": "고백했어요,쳐다보았어요",
      "feeling": null,
      "causalRelationship": null,
      "outcomeResolution": null,
      "prediction": null,
      "plotSummaryInfoCount": 1,
      "plotSummaryInfo": {
        "classification": "신체운동_건강",
        "readAge": "초등_고학년",
        "form": "long-form",
        "plotSummaryText": "머뭇거리다 솔직하게 잘못을 고백한 은찬이에게 엄마는 하고 싶은 말이 그게 다냐고 물으며 더 들어야 할 말이 있는 것처럼 은찬이를 쳐다보았습니다.",
        "textWordEA": 20
      }
    },
    {
      "srcTextID": "96199",
      "srcText": "식탁에 놓인 가계부가 왠지 마음을 뜨끔하게 했어요. 엄마는 건망증 때문에 종종 잊어버리기 쉬운 것들을 가계부에 적어 놓는 습관이 있었어요. 하지만 겨우 용돈 이천 원 더 준 것까지 기록해 놓았을 리는 없을 거라는 생각이 들었어요.",
      "srcPage": 27,
      "srcSentenceEA": 3,
      "srcWordEA": 36,
      "character": "엄마,가계부,식탁",
      "setting": null,
      "action": "기록해 놓았을 리는",
      "feeling": "마음을 뜨끔하게 했어요",
      "causalRelationship": null,
      "outcomeResolution": null,
      "prediction": null,
      "plotSummaryInfoCount": 1,
      "plotSummaryInfo": {
        "classification": "신체운동_건강",
        "readAge": "초등_고학년",
        "form": "short-form",
        "plotSummaryText": "건망증 때문에 종종 잊어버리기 쉬운 것들을 적어 놓는 습관이 있는 엄마의 가계부를 보고 마음이 뜨끔했지만, 겨우 용돈 이천 원을 더 준 것까지 기록해 놓았을 리는 없다고 생각했습니다.",
        "textWordEA": 27
      }
    },
    {
      "srcTextID": "96200",
      "srcText": "엄마는 은찬이가 아무 대꾸를 못 하는 것을 보고 더 이상 캐묻지는 않았어요. 대신 이렇게 말했어요. \"엄마는 네가 항상 정직했으면 좋겠다.\"",
      "srcPage": 28,
      "srcSentenceEA": 3,
      "srcWordEA": 21,
      "character": "엄마,은찬",
      "setting": null,
      "action": "캐묻지는 않았어요,아무 대꾸를 못 하는",
      "feeling": null,
      "causalRelationship": null,
      "outcomeResolution": null,
      "prediction": "엄마는 네가 항상 정직했으면 좋겠다.",
      "plotSummaryInfoCount": 1,
      "plotSummaryInfo": {
        "classification": "신체운동_건강",
        "readAge": "초등_고학년",
        "form": "short-form",
        "plotSummaryText": "아무 대꾸를 못 하는 은찬이에게 더 이상 캐묻지는 않았던 엄마는 네가 항상 정직했으면 좋겠다고 말했습니다.",
        "textWordEA": 15
      }
    },
    {
      "srcTextID": "104990",
      "srcText": "\"어? 은찬이 왜 여기 나와 있어?\" \"아빠, 부탁이 있어요.\" \"엄마한테 말하면 안 되는 얘긴가 보구나?\"",
      "srcPage": 31,
      "srcSentenceEA": 3,
      "srcWordEA": 16,
      "character": "은찬,아빠,엄마",
      "setting": null,
      "action": "부탁이 있어요",
      "feeling": null,
      "causalRelationship": null,
      "outcomeResolution": null,
      "prediction": null,
      "plotSummaryInfoCount": 1,
      "plotSummaryInfo": {
        "classification": "신체운동_건강",
        "readAge": "초등_고학년",
        "form": "short-form",
        "plotSummaryText": "왜 여기 나와 있냐고 묻는 아빠에게 은찬이가 부탁이 있다고 하니 아빠는 엄마한테 말하면 안 되는 얘기냐고 물었습니다.",
        "textWordEA": 17
      }
    },
    {
      "srcTextID": "104991",
      "srcText": "아빠는 은찬이를 아파트 놀이터 벤치로 데려갔어요. \"사실은 제가 잘못한 일이 있어요.\" 은찬이는 아빠한테 솔직하게 고민을 털어놓고 도움을 부탁했어요.",
      "srcPage": 32,
      "srcSentenceEA": 3,
      "srcWordEA": 19,
      "character": "아빠,은찬",
      "setting": null,
      "action": "데려갔어요,도움을 부탁했어요",
      "feeling": null,
      "causalRelationship": null,
      "outcomeResolution": null,
      "prediction": null,
      "plotSummaryInfoCount": 1,
      "plotSummaryInfo": {
        "classification": "신체운동_건강",
        "readAge": "초등_고학년",
        "form": "short-form",
        "plotSummaryText": "아파트 놀이터 벤치에서 은찬이는 잘못한 일이 있다고 아빠에게 솔직하게 고민을 털어놓고 도움을 부탁했습니다.",
        "textWordEA": 13
      }
    },
    {
      "srcTextID": "96213",
      "srcText": "은찬이는 아빠가 해 준 말을 곰곰이 되새겨 보았어요. '사실대로 얘기하고 나니까 기분이 어떠니?' 잠자리에 누워서도 이 말이 귓전을 떠나지 않았어요.",
      "srcPage": 38,
      "srcSentenceEA": 3,
      "srcWordEA": 21,
      "character": "은찬,아빠",
      "setting": null,
      "action": "누워서도,떠나지 않았어요,곰곰이 되새겨 보았어요",
      "feeling": null,
      "causalRelationship": null,
      "outcomeResolution": null,
      "prediction": null,
      "plotSummaryInfoCount": 1,
      "plotSummaryInfo": {
        "classification": "신체운동_건강",
        "readAge": "초등_고학년",
        "form": "short-form",
        "plotSummaryText": "은찬이는 잠자리에 누워서 아빠가 해 준 말을 곰곰이 되새겨 보았는데, 사실대로 얘기하고 나니까 기분이 어떠냐는 말이 귓전을 떠나지 않았습니다.",
        "textWordEA": 19
      }
    },
    {
      "srcTextID": "96181",
      "srcText": "자그마치 일주일에 오천 원을 받는다는 주원이 말에 다른 아이들도 눈이 휘둥그레졌어요. \"사실은 원래 엄마가 주는 용돈은 이천 원이었는데, 내가 막 졸라서 이번 주부터 삼천 원 더 받게 된 거야.\" 주원이가 오천 원짜리 돈을 자랑스럽게 보여 주었어요.",
      "srcPage": 8,
      "srcSentenceEA": 3,
      "srcWordEA": 37,
      "character": "주원이,엄마",
      "setting": "일주일",
      "action": "눈이 휘둥그레졌어요,보여 주었어요",
      "feeling": "자랑스럽게",
      "causalRelationship": "사실은 원래 엄마가 주는 용돈은 이천 원이었는데, 내가 막 졸라서 이번 주부터 삼천 원 더 받게 된 거야.",
      "outcomeResolution": null,
      "prediction": null,
      "plotSummaryInfoCount": 1,
      "plotSummaryInfo": {
        "classification": "신체운동_건강",
        "readAge": "초등_고학년",
        "form": "short-form",
        "plotSummaryText": "일주일에 오천 원을 받는다는 말에 아이들의 눈이 휘둥그레지자 주원이는 사실은 원래 용돈이 이천 원이었는데, 막 졸라서 삼천 원을 더 받게 된 거라며 오천 원짜리 돈을 자랑스럽게 보여 주었습니다.",
        "textWordEA": 28
      }
    }
  ]
}