{
  "title": "수상한 이웃",
  "author": "정회성",
  "illustrator": "한국출판일러스트회",
  "isbn": "9791157024438",
  "publishedYear": 2015,
  "publisher": "황우",
  "paragraphInfoCount": 53,
  "paragraphInfo": [
    {
      "srcTextID": "98872",
      "srcText": "\"아니, 무슨 말을 그렇게 하세요? 관리 사무실에 민원 넣기 전에 제발 소음 좀 줄여 주세요!\" 엄마는 그렇게 말하고는 내려왔어요.",
      "srcPage": 4,
      "srcSentenceEA": 3,
      "srcWordEA": 21,
      "character": "엄마",
      "setting": "관리 사무실",
      "action": "민원 넣기,말하고는,내려왔어요",
      "feeling": null,
      "causalRelationship": null,
      "outcomeResolution": null,
      "prediction": null,
      "plotSummaryInfoCount": 1,
      "plotSummaryInfo": {
        "classification": "신체운동_건강",
        "readAge": "초등_고학년",
        "form": "short-form",
        "plotSummaryText": "무슨 말을 그렇게 하냐면서 관리 사무실에 민원 넣기 전에 소음 좀 줄여 달라고 말하고 엄마는 내려왔어요.",
        "textWordEA": 16
      }
    },
    {
      "srcTextID": "98876",
      "srcText": "공사가 시작되고 열흘쯤 지난 뒤 위층이 이사를 왔어요. \"엄마, 이삿짐 올라와요!\" 태훈이와 엄마는 어떤 사람이 이사 올지 궁금했어요.",
      "srcPage": 5,
      "srcSentenceEA": 3,
      "srcWordEA": 19,
      "character": "엄마,이삿짐,태훈이,사람",
      "setting": "열흘쯤 지난 뒤,위층",
      "action": "공사,이사를 왔어요,올라와요",
      "feeling": null,
      "causalRelationship": null,
      "outcomeResolution": null,
      "prediction": null,
      "plotSummaryInfoCount": 1,
      "plotSummaryInfo": {
        "classification": "신체운동_건강",
        "readAge": "초등_고학년",
        "form": "short-form",
        "plotSummaryText": "열흘쯤 지난 뒤 위층이 이사를 왔는데 태훈이와 엄마는 어떤 사람이 이사 올지 궁금했어요.",
        "textWordEA": 13
      }
    },
    {
      "srcTextID": "98877",
      "srcText": "그래서 베란다에 나가 이삿짐이 올라가는 것을 보았지요. 가전제품이 올라가고 책상이 올라갔어요. \"엄마, 초등학생이 있나 봐요. 내 책상이랑 비슷해.\"",
      "srcPage": 6,
      "srcSentenceEA": 4,
      "srcWordEA": 20,
      "character": "이삿짐,가전제품,책상,엄마,초등학생",
      "setting": "베란다",
      "action": "나가,올라가는,보았지요,올라갔어요",
      "feeling": null,
      "causalRelationship": null,
      "outcomeResolution": null,
      "prediction": null,
      "plotSummaryInfoCount": 1,
      "plotSummaryInfo": {
        "classification": "신체운동_건강",
        "readAge": "초등_고학년",
        "form": "long-form",
        "plotSummaryText": "베란다에 나가 보니 가전제품과 책상이 올라가는데 내 책상이랑 비슷해서 초등학생이 있나 보다고 엄마한테 말했어요.",
        "textWordEA": 14
      }
    },
    {
      "srcTextID": "98879",
      "srcText": "태훈이가 신이 나서 말했어요. 그다음에 피아노가 올라갔어요. \"흠, 혹시 밤늦게까지 피아노를 치는 건 아니겠지?\"",
      "srcPage": 7,
      "srcSentenceEA": 3,
      "srcWordEA": 15,
      "character": "태훈이,피아노",
      "setting": "밤늦게까지",
      "action": "말했어요,올라갔어요,치는",
      "feeling": "신이 나서",
      "causalRelationship": null,
      "outcomeResolution": null,
      "prediction": null,
      "plotSummaryInfoCount": 1,
      "plotSummaryInfo": {
        "classification": "신체운동_건강",
        "readAge": "초등_고학년",
        "form": "short-form",
        "plotSummaryText": "태훈이가 피아노가 올라 갔다고 신이 나서 말하니 혹시 밤늦게까지 피아노를 치는 건 아니겠지라고 말했어요.",
        "textWordEA": 14
      }
    },
    {
      "srcTextID": "98875",
      "srcText": "\"요즘 여름이라 문 열어 놓고 치면 더 시끄러울 텐데.\" 엄마가 걱정스럽게 말했어요. 엄마는 좀 예민한 편이에요.",
      "srcPage": 8,
      "srcSentenceEA": 3,
      "srcWordEA": 18,
      "character": "문,엄마",
      "setting": "여름",
      "action": "열어,치면,말했어요",
      "feeling": "걱정스럽게",
      "causalRelationship": null,
      "outcomeResolution": null,
      "prediction": null,
      "plotSummaryInfoCount": 1,
      "plotSummaryInfo": {
        "classification": "신체운동_건강",
        "readAge": "초등_고학년",
        "form": "short-form",
        "plotSummaryText": "여름이라 문 열어 놓고 치면 더 시끄러울 거라고 좀 예민한 편인 엄마가 걱정스럽게 말했어요.",
        "textWordEA": 14
      }
    },
    {
      "srcTextID": "98874",
      "srcText": "태훈이는 아파트 10층에 살아요. 어느 날, 11층이 이사를 가고 인테리어 공사가 시작되었어요. 공사하는 소리가 며칠 계속되자 엄마는 미간을 찌푸리며 소리쳤어요.",
      "srcPage": 1,
      "srcSentenceEA": 3,
      "srcWordEA": 22,
      "character": "태훈이,11층,엄마",
      "setting": "아파트 10층,어느 날",
      "action": "살아요,이사를 가고,공사,미간을 찌푸리며,소리쳤어요",
      "feeling": null,
      "causalRelationship": null,
      "outcomeResolution": null,
      "prediction": null,
      "plotSummaryInfoCount": 1,
      "plotSummaryInfo": {
        "classification": "신체운동_건강",
        "readAge": "초등_고학년",
        "form": "short-form",
        "plotSummaryText": "아파트 10층에 살았던 태훈이는 11층이 이사를 가고 인테리어 공사가 시작했는데 시끄러운 소리가 계속되자 엄마는 찌푸리며 소리쳤어요.",
        "textWordEA": 16
      }
    },
    {
      "srcTextID": "98873",
      "srcText": "\"어휴, 시끄러워! 도대체 공사를 언제까지 하는 거야!\" 참다못한 엄마가 위층으로 올라갔어요. \"좀 조용히 공사할 수는 없나요? 아래층에서 너무 시끄러워요.\"",
      "srcPage": 2,
      "srcSentenceEA": 5,
      "srcWordEA": 22,
      "character": "엄마",
      "setting": "위층,아래층",
      "action": "공사할,올라갔어요",
      "feeling": null,
      "causalRelationship": null,
      "outcomeResolution": null,
      "prediction": null,
      "plotSummaryInfoCount": 1,
      "plotSummaryInfo": {
        "classification": "신체운동_건강",
        "readAge": "초등_고학년",
        "form": "long-form",
        "plotSummaryText": "  참다못한 엄마가 위층으로 올라가서 좀 조용히 공사할 수는 없냐며 아래층에서 너무 시끄럽다고 했어요.",
        "textWordEA": 13
      }
    },
    {
      "srcTextID": "98871",
      "srcText": "\"아니, 공사를 어떻게 조용히 해요? 공사해도 괜찮다고 사인해 주셨잖아요. 그러면 좀 참으셔야지요!\"",
      "srcPage": 3,
      "srcSentenceEA": 3,
      "srcWordEA": 14,
      "character": null,
      "setting": null,
      "action": "공사해도,사인해,주셨잖아요,참으셔야지요",
      "feeling": null,
      "causalRelationship": null,
      "outcomeResolution": null,
      "prediction": "그러면 좀 참으셔야지요!",
      "plotSummaryInfoCount": 1,
      "plotSummaryInfo": {
        "classification": "신체운동_건강",
        "readAge": "초등_고학년",
        "form": "short-form",
        "plotSummaryText": "공사를 어떻게 조용히 하냐고 하면서, 공사해도 괜찮다고 사인해 주셨으면 좀 참으시라고 했어요.",
        "textWordEA": 12
      }
    },
    {
      "srcTextID": "98882",
      "srcText": "태훈이는 반가운 마음에 옆 반으로 달려갔어요. 그리고 전학 온 친구에게 먼저 인사를 건넸어요. \"안녕, 나는 너희 아랫집에 사는 김태훈이라고 해.\"",
      "srcPage": 11,
      "srcSentenceEA": 3,
      "srcWordEA": 21,
      "character": "태훈이,친구,나,김태훈",
      "setting": "옆 반,아랫집",
      "action": "달려갔어요,전학,인사를 건넸어요,사는",
      "feeling": "반가운 마음에",
      "causalRelationship": null,
      "outcomeResolution": null,
      "prediction": null,
      "plotSummaryInfoCount": 1,
      "plotSummaryInfo": {
        "classification": "신체운동_건강",
        "readAge": "초등_고학년",
        "form": "short-form",
        "plotSummaryText": "태훈이는 옆 반으로 달려가 전학 온 친구에게 나는 너희 아랫집에 사는 김태훈이라고 먼저 인사를 건넸어요.",
        "textWordEA": 15
      }
    },
    {
      "srcTextID": "98889",
      "srcText": "그날 저녁, 태훈이는 엄마 아빠와 함께 저녁을 먹었어요. '쿵쿵쿵!' 세 식구는 밥을 먹다 말고 천장을 올려다보았어요. \"지금 위층에서 나는 소리지?\"",
      "srcPage": 17,
      "srcSentenceEA": 3,
      "srcWordEA": 21,
      "character": "태훈이,엄마,아빠,세 식구,밥,천장",
      "setting": "그날 저녁,위층",
      "action": "먹었어요,먹다,올려다보았어요",
      "feeling": null,
      "causalRelationship": null,
      "outcomeResolution": null,
      "prediction": null,
      "plotSummaryInfoCount": 1,
      "plotSummaryInfo": {
        "classification": "신체운동_건강",
        "readAge": "초등_고학년",
        "form": "short-form",
        "plotSummaryText": "그날 저녁, 태훈이는 엄마 아빠와 함께 저녁을 먹고 있는데 쿵쿵쿵 소리가 나 밥을 먹다 말고 천장을 올려다보았어요.",
        "textWordEA": 17
      }
    },
    {
      "srcTextID": "98891",
      "srcText": "피아노 소리는 9시가 넘도록 그치지 않았어요. \"흠, 아파트에서 지켜야 할 기본예절도 모르나!\" 엄마는 두통약을 한 알 먹고 일찍 잠자리에 들었어요.",
      "srcPage": 21,
      "srcSentenceEA": 3,
      "srcWordEA": 21,
      "character": "피아노,엄마,두통약",
      "setting": "아파트,9시가 넘도록",
      "action": "먹고,들었어요",
      "feeling": null,
      "causalRelationship": null,
      "outcomeResolution": null,
      "prediction": null,
      "plotSummaryInfoCount": 1,
      "plotSummaryInfo": {
        "classification": "신체운동_건강",
        "readAge": "초등_고학년",
        "form": "short-form",
        "plotSummaryText": "피아노 소리는 9시가 넘도록 그치지 않아 아파트에서 지켜야 할 기본예절도 모른다고 엄마는 두통약을 먹고 잠자리에 들었어요.",
        "textWordEA": 16
      }
    },
    {
      "srcTextID": "98878",
      "srcText": "그래서 작은 소리에도 잠을 잘 못 자요. 위층이 열흘쯤 공사를 하는 동안 엄마는 두통약을 몇 번이나 먹었어요. 하지만 엄마의 걱정과는 상관없이 태훈이는 어떤 친구가 이사를 온 것인지 그것만 궁금했어요.",
      "srcPage": 9,
      "srcSentenceEA": 3,
      "srcWordEA": 31,
      "character": "엄마,두통약,태훈이,친구",
      "setting": "열흘쯤,위층",
      "action": "자요,공사를 하는,먹었어요,이사를 온",
      "feeling": null,
      "causalRelationship": null,
      "outcomeResolution": null,
      "prediction": null,
      "plotSummaryInfoCount": 1,
      "plotSummaryInfo": {
        "classification": "신체운동_건강",
        "readAge": "초등_고학년",
        "form": "short-form",
        "plotSummaryText": "잠을 잘 못 자는 엄마가 위층이 공사를 하는 동안 두통약을 몇 번이나 먹었지만 엄마의 걱정과는 상관없이 태훈이는 어떤 친구가 이사를 온 것인지 궁금했어요.",
        "textWordEA": 23
      }
    },
    {
      "srcTextID": "98883",
      "srcText": "\"무슨 일 있어요?\" \"우리 윗집 말이야. 우리 집만 쏙 빼놓고 이웃들한테 이사 떡을 돌렸단다. 다들 떡이 맛있었다고 하네.\"",
      "srcPage": 14,
      "srcSentenceEA": 4,
      "srcWordEA": 20,
      "character": "이웃들,떡,우리",
      "setting": "집,윗집",
      "action": "빼놓고,돌렸단다",
      "feeling": null,
      "causalRelationship": null,
      "outcomeResolution": null,
      "prediction": "다들 떡이 맛있었다고 하네.",
      "plotSummaryInfoCount": 1,
      "plotSummaryInfo": {
        "classification": "신체운동_건강",
        "readAge": "초등_고학년",
        "form": "long-form",
        "plotSummaryText": "무슨 일 있냐고 묻자, 윗집이 우리 집만 쏙 빼놓고 이웃들한테 이사 떡을 돌렸는데 다들 떡이 맛있었다고 했어요.",
        "textWordEA": 17
      }
    },
    {
      "srcTextID": "98890",
      "srcText": "엄마 말이 끝나자마자 이번에는 피아노 소리가 들렸어요. \"어휴, 이제는 피아노까지!\" 엄마가 날카로운 목소리로 말했어요.",
      "srcPage": 20,
      "srcSentenceEA": 3,
      "srcWordEA": 15,
      "character": "엄마,피아노",
      "setting": null,
      "action": "말했어요,들렸어요",
      "feeling": null,
      "causalRelationship": null,
      "outcomeResolution": null,
      "prediction": null,
      "plotSummaryInfoCount": 1,
      "plotSummaryInfo": {
        "classification": "신체운동_건강",
        "readAge": "초등_고학년",
        "form": "short-form",
        "plotSummaryText": "엄마 말이 끝나자마자 피아노 소리가 들리고 엄마가 날카로운 목소리로 이제는 피아노까지라고 말했어요.",
        "textWordEA": 12
      }
    },
    {
      "srcTextID": "98905",
      "srcText": "그날 이후로도 위층은 저녁 무렵에 느닷없이 쿵쿵거리고 9시가 넘어서까지 피아노를 쳤어요. \"도저히 못 참겠어!\" 어느 날 저녁, 그렇지 않아도 이사 떡 때문에 기분 상하고 두통 때문에 신경이 예민해진 엄마가 위층에 가서 한마디 하겠다고 나섰어요. 그러자 아빠가 말렸어요.",
      "srcPage": 22,
      "srcSentenceEA": 4,
      "srcWordEA": 39,
      "character": "피아노,떡,엄마,아빠",
      "setting": "그날 이후,저녁 무렵,9시,어느 날 저녁,위층",
      "action": "쿵쿵거리고,쳤어요,가서,나섰어요,말렸어요",
      "feeling": "기분 상하고",
      "causalRelationship": null,
      "outcomeResolution": null,
      "prediction": null,
      "plotSummaryInfoCount": 1,
      "plotSummaryInfo": {
        "classification": "신체운동_건강",
        "readAge": "초등_고학년",
        "form": "long-form",
        "plotSummaryText": "저녁 무렵에 9시가 넘어서까지 피아노를 쳤는데, 어느 날  저녁 이사 떡 때문에 기분이 상하고 두통 때문에 예민해진 엄마가 위층에 가서 한마디 하겠다고 하자 아빠가 말렸어요.",
        "textWordEA": 26
      }
    },
    {
      "srcTextID": "98903",
      "srcText": "\"분명 위층이 잘못을 하고 있잖아요!\" \"아파트에서 살다 보면 층간 소음 정도는 이해해야지. 우리도 애 키우면서, 속 좁게 왜 그래?\"",
      "srcPage": 24,
      "srcSentenceEA": 3,
      "srcWordEA": 20,
      "character": "우리,애",
      "setting": "아파트,위층",
      "action": "살다 보면,키우면서",
      "feeling": null,
      "causalRelationship": null,
      "outcomeResolution": null,
      "prediction": null,
      "plotSummaryInfoCount": 1,
      "plotSummaryInfo": {
        "classification": "신체운동_건강",
        "readAge": "초등_고학년",
        "form": "short-form",
        "plotSummaryText": "아파트에서 살다 보면 층간 소음 정도는 이해한다면서, 우리도  애 키우는데 속 좁게 왜 그러냐고 했어요.",
        "textWordEA": 16
      }
    },
    {
      "srcTextID": "98910",
      "srcText": "태훈이는 학교에서 민규를 봐도 인사를 하지 않았어요. 인사는커녕 못 본 척하거나 흘겨보았어요. '너희 집 때문에 우리가 얼마나 피해를 보는지 알아?'",
      "srcPage": 26,
      "srcSentenceEA": 3,
      "srcWordEA": 21,
      "character": "태훈이,민규,우리",
      "setting": "학교,너희 집",
      "action": "봐도,인사를 하지 않았어요,못 본 척,흘겨보았어요",
      "feeling": null,
      "causalRelationship": null,
      "outcomeResolution": null,
      "prediction": null,
      "plotSummaryInfoCount": 1,
      "plotSummaryInfo": {
        "classification": "신체운동_건강",
        "readAge": "초등_고학년",
        "form": "short-form",
        "plotSummaryText": "태훈이는 민규를 봐도 못 본 척하거나 흘겨보면서 너희 집 때문에 우리가 얼마나 피해를 보는지 아냐고 생각했어요.",
        "textWordEA": 16
      }
    },
    {
      "srcTextID": "98908",
      "srcText": "'한 번만 걸려 봐. 아주 혼쭐을 내 줄 테니까.' 태훈이는 속으로 벼르고 있었어요. 그때 옆 반 친구인 기영이가 태훈이에게 말했어요.",
      "srcPage": 27,
      "srcSentenceEA": 4,
      "srcWordEA": 23,
      "character": "태훈이,친구,기영이",
      "setting": "옆 반",
      "action": "말했어요,벼르고",
      "feeling": null,
      "causalRelationship": null,
      "outcomeResolution": null,
      "prediction": null,
      "plotSummaryInfoCount": 1,
      "plotSummaryInfo": {
        "classification": "신체운동_건강",
        "readAge": "초등_고학년",
        "form": "long-form",
        "plotSummaryText": "태훈이는 속으로 벼르고 있는데 옆 반 친구인 기영이가 태훈이에게 말했어요.",
        "textWordEA": 10
      }
    },
    {
      "srcTextID": "98881",
      "srcText": "다음 날, 태훈이는 복도에서 옆 반 기영이를 만났어요. \"태훈아, 오늘 우리 반에 남자애가 전학 왔어. 그런데 너희 집 위층에 산다고 하더라.\" \"그래?\"",
      "srcPage": 10,
      "srcSentenceEA": 3,
      "srcWordEA": 23,
      "character": "태훈이,기영이,남자애",
      "setting": "다음 날,복도,오늘,집 위층",
      "action": "만났어요,전학 왔어",
      "feeling": null,
      "causalRelationship": null,
      "outcomeResolution": null,
      "prediction": null,
      "plotSummaryInfoCount": 1,
      "plotSummaryInfo": {
        "classification": "신체운동_건강",
        "readAge": "초등_고학년",
        "form": "short-form",
        "plotSummaryText": "다음 날, 태훈이는 옆 반 기영이가 오늘 우리 반에 남자애가 전학 왔는데 너희 집 위층에 산다 했다고 말했어요.",
        "textWordEA": 18
      }
    },
    {
      "srcTextID": "98880",
      "srcText": "그런데 위층 아이는 떨떠름한 표정으로 인사했어요. \"으응, 나는 박민규라고 해.\" 그렇게 인사만 하고 민규는 휙 자리를 피했어요. '뭐야, 이상한 녀석이네?' 태훈이는 고개를 갸웃거렸어요.",
      "srcPage": 12,
      "srcSentenceEA": 5,
      "srcWordEA": 25,
      "character": "위층 아이,나,박민규,녀석,태훈이,고개",
      "setting": null,
      "action": "인사했어요,피했어요,고개를 갸웃거렸어요",
      "feeling": null,
      "causalRelationship": null,
      "outcomeResolution": null,
      "prediction": null,
      "plotSummaryInfoCount": 1,
      "plotSummaryInfo": {
        "classification": "신체운동_건강",
        "readAge": "초등_고학년",
        "form": "long-form",
        "plotSummaryText": "위층 아이는 떨떠름한 표정으로 박민규라고 인사만 하고 휙 자리를 피하자 태훈이는 이상한 녀석이라고 고개를 갸웃거렸어요.",
        "textWordEA": 15
      }
    },
    {
      "srcTextID": "98885",
      "srcText": "\"정말요? 에이, 뭐야. 왜 우리 집만 따돌린 거예요?\" 태훈이도 기분이 나빠 입을 삐죽거렸어요. \"아마 공사할 때 엄마가 뭐라고 한마디 했다고 그랬나 봐.\"",
      "srcPage": 15,
      "srcSentenceEA": 4,
      "srcWordEA": 25,
      "character": "우리 집,태훈이,입,엄마",
      "setting": null,
      "action": "따돌린,삐죽거렸어요,공사할,한마디 했다고",
      "feeling": "기분이 나빠",
      "causalRelationship": null,
      "outcomeResolution": null,
      "prediction": null,
      "plotSummaryInfoCount": 1,
      "plotSummaryInfo": {
        "classification": "신체운동_건강",
        "readAge": "초등_고학년",
        "form": "long-form",
        "plotSummaryText": "우리 집만 따돌린 거냐며 태훈이도 기분이 나빠 입을 삐죽거리자, 공사할 때 엄마가 뭐라고 했다고 그러나 보다고 했어요.",
        "textWordEA": 17
      }
    },
    {
      "srcTextID": "98907",
      "srcText": "\"태훈아, 민규랑 싸웠니? 둘이 말은 안 하고 왜 서로 노려보기만 해?\" \"싸우면 풀리기라도 하지.\"",
      "srcPage": 28,
      "srcSentenceEA": 3,
      "srcWordEA": 15,
      "character": "태훈,민규",
      "setting": null,
      "action": "싸웠니,노려보기만",
      "feeling": null,
      "causalRelationship": null,
      "outcomeResolution": null,
      "prediction": "싸우면 풀리기라도 하지.",
      "plotSummaryInfoCount": 1,
      "plotSummaryInfo": {
        "classification": "신체운동_건강",
        "readAge": "초등_고학년",
        "form": "short-form",
        "plotSummaryText": "민규랑 싸웠냐면서 둘이 말은 안 하고 왜 서로 노려보기만 하냐고 태훈에게 물었어요.",
        "textWordEA": 12
      }
    },
    {
      "srcTextID": "98920",
      "srcText": "위층 아주머니가 한층 수그러든 목소리로 말했어요. \"방음 공사를 하고 왔는데 그래도 들린다면 미안해요. 우리 큰애가 예술고등학교에 다니거든요.\"",
      "srcPage": 38,
      "srcSentenceEA": 3,
      "srcWordEA": 18,
      "character": "위층 아주머니,큰애,예술고등학교",
      "setting": null,
      "action": "말했어요,공사를 하고,다니거든요",
      "feeling": "미안해요",
      "causalRelationship": null,
      "outcomeResolution": null,
      "prediction": null,
      "plotSummaryInfoCount": 1,
      "plotSummaryInfo": {
        "classification": "신체운동_건강",
        "readAge": "초등_고학년",
        "form": "short-form",
        "plotSummaryText": "위층 아주머니가 수그러든 목소리로 큰애가 예술고등학교에 다녀서 방음 공사를 하고 왔는데, 그래도 들린다면 미안하다고 했어요.",
        "textWordEA": 15
      }
    },
    {
      "srcTextID": "98933",
      "srcText": "\"우리라도 말할 걸 그랬어. 괜히 서로 노려보기만 하고.\" \"그래, 맞아. 싸우더라도 서로 말을 했으면 더 큰 오해는 하지 않았을 텐데 말이야.\" 태훈이와 민규는 서로 마주 보며 멋쩍게 웃었어요. 그걸 보고 태훈이 엄마와 아주머니도 호호호 웃음을 터뜨렸어요.",
      "srcPage": 49,
      "srcSentenceEA": 6,
      "srcWordEA": 40,
      "character": "우리,태훈이,민규,태훈이 엄마,아주머니",
      "setting": null,
      "action": "노려보기만,싸우더라도,마주 보며,웃었어요,웃음을 터뜨렸어요",
      "feeling": null,
      "causalRelationship": null,
      "outcomeResolution": null,
      "prediction": null,
      "plotSummaryInfoCount": 1,
      "plotSummaryInfo": {
        "classification": "신체운동_건강",
        "readAge": "초등_고학년",
        "form": "long-form",
        "plotSummaryText": "태훈이와 민규는 우리라도 말할걸 이라며 마주 보고 웃었고 그걸 보고 태훈이 엄마와 아주머니도 웃음을 터뜨렸어요.",
        "textWordEA": 15
      }
    },
    {
      "srcTextID": "98918",
      "srcText": "\"담배라니요?\" \"지금 아저씨가 화장실에서 담배 피우고 계시잖아요!\" 그때 태훈이가 말했어요. \"저희 아빠 어제 출장 가셨는데요?\"",
      "srcPage": 36,
      "srcSentenceEA": 3,
      "srcWordEA": 16,
      "character": "담배,아저씨,태훈이,아빠",
      "setting": "화장실",
      "action": "피우고,말했어요,출장 가셨는데요",
      "feeling": null,
      "causalRelationship": null,
      "outcomeResolution": null,
      "prediction": null,
      "plotSummaryInfoCount": 1,
      "plotSummaryInfo": {
        "classification": "신체운동_건강",
        "readAge": "초등_고학년",
        "form": "short-form",
        "plotSummaryText": "지금 아저씨가 화장실에서 담배 피우고 계시지 않냐고 하자, 그때 태훈이가 저희 아빠 어제 출장 가셨다고 했어요.",
        "textWordEA": 16
      }
    },
    {
      "srcTextID": "98936",
      "srcText": "태훈이와 민규는 엄마들의 이야기를 가만히 듣고 있었어요. 그러다가 태훈이가 슬쩍 민규에게 속삭였어요. \"그래서 매일 그렇게 나를 노려봤냐?\" \"그러는 너는?\"",
      "srcPage": 46,
      "srcSentenceEA": 4,
      "srcWordEA": 20,
      "character": "태훈이,민규,엄마들,나,너",
      "setting": null,
      "action": "이야기,듣고,속삭였어요,노려봤냐",
      "feeling": null,
      "causalRelationship": null,
      "outcomeResolution": null,
      "prediction": null,
      "plotSummaryInfoCount": 1,
      "plotSummaryInfo": {
        "classification": "신체운동_건강",
        "readAge": "초등_고학년",
        "form": "long-form",
        "plotSummaryText": "엄마들의 이야기를 듣고 있다가 태훈이가 민규에게 그래서 매일 나를 노려봤냐고 속삭이자 민규도 그러는 너는 이라고 대답했어요.",
        "textWordEA": 16
      }
    },
    {
      "srcTextID": "98915",
      "srcText": "엄마는 잔뜩 화가 난 목소리로 말했어요. 상대편에서 뭐라고 했는지 갑자기 엄마 얼굴이 빨개졌어요. \"뭐, 뭐라고요? 좋아요!\" 엄마는 인터폰을 끊고 씩씩거리며 현관문을 나섰어요.",
      "srcPage": 33,
      "srcSentenceEA": 5,
      "srcWordEA": 25,
      "character": "엄마,상대편,얼굴,현관문",
      "setting": null,
      "action": "말했어요,인터폰을 끊고,씩씩거리며,나섰어요",
      "feeling": "화가 난",
      "causalRelationship": null,
      "outcomeResolution": null,
      "prediction": null,
      "plotSummaryInfoCount": 1,
      "plotSummaryInfo": {
        "classification": "신체운동_건강",
        "readAge": "초등_고학년",
        "form": "long-form",
        "plotSummaryText": "엄마는 상대편에서 뭐라고 했는지 얼굴이 빨개지고 인터폰을 끊고 화가 나서 씩씩거리며 현관문을 나섰어요.",
        "textWordEA": 13
      }
    },
    {
      "srcTextID": "98917",
      "srcText": "태훈이도 드디어 일이 터지나 싶어서 엄마를 따라갔어요. 엄마는 계단에서 잔뜩 화가 난 위층 아주머니와 딱 마주쳤어요. 아주머니 뒤에는 민규도 서 있었어요.",
      "srcPage": 34,
      "srcSentenceEA": 3,
      "srcWordEA": 23,
      "character": "태훈이,엄마,위층 아주머니,민규",
      "setting": "계단",
      "action": "따라갔어요,마주쳤어요,서 있었어요",
      "feeling": "화가 난",
      "causalRelationship": null,
      "outcomeResolution": null,
      "prediction": null,
      "plotSummaryInfoCount": 1,
      "plotSummaryInfo": {
        "classification": "신체운동_건강",
        "readAge": "초등_고학년",
        "form": "short-form",
        "plotSummaryText": "엄마를 따라갔는데 계단에서 잔뜩 화가 난 위층 아주머니와 딱 마주쳤고 아주머니 뒤에는 민규도 서 있었어요.",
        "textWordEA": 15
      }
    },
    {
      "srcTextID": "98906",
      "srcText": "\"어디서 저런 속 좁은 녀석이 이사를 와서! 진짜 우리 가족이 많이 참고 있다!\" 태훈이는 자신도 모르게 화가 나서 씩씩거렸어요.",
      "srcPage": 29,
      "srcSentenceEA": 3,
      "srcWordEA": 21,
      "character": "녀석,우리 가족,태훈이",
      "setting": null,
      "action": "이사를 와서,참고,씩씩거렸어요",
      "feeling": "화가 나서",
      "causalRelationship": null,
      "outcomeResolution": null,
      "prediction": null,
      "plotSummaryInfoCount": 1,
      "plotSummaryInfo": {
        "classification": "신체운동_건강",
        "readAge": "초등_고학년",
        "form": "short-form",
        "plotSummaryText": "태훈이는 화가 나서 씩씩거리며 저런 속 좁은 녀석이 이사를 와서 우리 가족이 많이 참고 있다고 했어요.",
        "textWordEA": 16
      }
    },
    {
      "srcTextID": "98919",
      "srcText": "\"이보세요, 그렇게 쿵쿵거리면 아래층은 어떻게 해요!\" 엄마가 화가 나서 말했어요. \"저희야말로 죽겠어요. 그렇게 매일 화장실에서 담배를 피워 대면 위층은 어떻게 살라는 거예요?\"",
      "srcPage": 35,
      "srcSentenceEA": 4,
      "srcWordEA": 24,
      "character": "엄마,담배",
      "setting": "화장실,아래층,위층",
      "action": "쿵쿵거리면,말했어요,피워 대면",
      "feeling": "화가 나서",
      "causalRelationship": null,
      "outcomeResolution": null,
      "prediction": null,
      "plotSummaryInfoCount": 1,
      "plotSummaryInfo": {
        "classification": "신체운동_건강",
        "readAge": "초등_고학년",
        "form": "long-form",
        "plotSummaryText": "엄마는 화가 나서 쿵쿵거리면 아래층은 어떻게 하냐고 말하자 매일 화장실에서 담배를 피워 대면 위층은 어떻게 살라는 거냐고 말했어요.",
        "textWordEA": 18
      }
    },
    {
      "srcTextID": "98922",
      "srcText": "\"그러면 저희 딸 선배네요. 더운데 여기서 이럴 게 아니라 잠깐 저희 집에서 차 한잔하고 가세요. 그렇지 않아도 지난 일요일에 이사 떡 돌릴 때 댁에 안 계셔서 인사도 제대로 못 했네요.\"",
      "srcPage": 41,
      "srcSentenceEA": 3,
      "srcWordEA": 32,
      "character": "딸 선배,차,떡",
      "setting": "저희 집,일요일,댁",
      "action": "한잔하고,가세요,돌릴,인사",
      "feeling": null,
      "causalRelationship": null,
      "outcomeResolution": null,
      "prediction": null,
      "plotSummaryInfoCount": 1,
      "plotSummaryInfo": {
        "classification": "신체운동_건강",
        "readAge": "초등_고학년",
        "form": "short-form",
        "plotSummaryText": "집에서 차 한잔하고 가라면서 그렇지 않아도 지난 일요일 떡 돌릴 때 댁에 안 계셔서 인사도 제대로 못 했다고 했어요.",
        "textWordEA": 19
      }
    },
    {
      "srcTextID": "98926",
      "srcText": "\"뉴스에서 보니까 화장실 담배 냄새는 바로 아래층이 아니라 더 아래층에서 올라오기도 한대요. 담배 냄새날 때 바로 얘기했으면 이런 오해가 없었을 텐데, 저도 미안해요.\" 아주머니도 엄마에게 사과했어요.",
      "srcPage": 45,
      "srcSentenceEA": 3,
      "srcWordEA": 28,
      "character": "담배,아주머니,엄마",
      "setting": "화장실,아래층",
      "action": "보니까,올라오기도,얘기했으면,사과했어요",
      "feeling": "미안해요",
      "causalRelationship": null,
      "outcomeResolution": null,
      "prediction": null,
      "plotSummaryInfoCount": 1,
      "plotSummaryInfo": {
        "classification": "신체운동_건강",
        "readAge": "초등_고학년",
        "form": "short-form",
        "plotSummaryText": "담배 냄새날 때 바로 얘기했으면 이런 오해가 없었을 텐데, 미안하다고 아주머니도 엄마에게 사과했다.",
        "textWordEA": 13
      }
    },
    {
      "srcTextID": "103541",
      "srcText": "아무리 얼굴을 맞대고 대화를 나누는 상대라고 해도 그 말에 진심이 들어 있지 않을 때가 있어요. 그래서 사람의 마음을 깊이 헤아리기가 참 어려워요. '열 길 물속은 알아도, 한 치 사람 속은 모른다'는 속담이 있어요.",
      "srcPage": 51,
      "srcSentenceEA": 4,
      "srcWordEA": 35,
      "character": "얼굴,상대,사람",
      "setting": "길,물속",
      "action": "맞대고,대화를 나누는,헤아리기",
      "feeling": null,
      "causalRelationship": null,
      "outcomeResolution": null,
      "prediction": null,
      "plotSummaryInfoCount": 1,
      "plotSummaryInfo": {
        "classification": "신체운동_건강",
        "readAge": "초등_고학년",
        "form": "long-form",
        "plotSummaryText": "얼굴을 맞대고 대화를 나누는 상대라고 해도 그 사람의 마음을 깊이 헤아리기가 참 어려운데, 열 길 물속은 알아도, 한 치 사람 속은 모른다는 속담이 있어요.",
        "textWordEA": 24
      }
    },
    {
      "srcTextID": "98884",
      "srcText": "\"정말 속 좁은 사람들이네. 그럼 시끄러운데 말도 하지 말고 살라는 거야, 뭐야.\" 엄마는 어이없다는 듯이 그렇게 툴툴거렸어요.",
      "srcPage": 16,
      "srcSentenceEA": 3,
      "srcWordEA": 19,
      "character": "사람들,엄마",
      "setting": null,
      "action": "살라는,툴툴거렸어요",
      "feeling": null,
      "causalRelationship": null,
      "outcomeResolution": null,
      "prediction": null,
      "plotSummaryInfoCount": 1,
      "plotSummaryInfo": {
        "classification": "신체운동_건강",
        "readAge": "초등_고학년",
        "form": "short-form",
        "plotSummaryText": "엄마는 어이없다는 듯이 속 좁은 사람들이라면서 시끄러운데 말도 하지 말고 살라는 거냐고 툴툴거렸다.",
        "textWordEA": 13
      }
    },
    {
      "srcTextID": "98904",
      "srcText": "\"참고 나중에 얘기해. 괜히 이웃 간에 감정 상하지 말고.\" \"왜 만날 우리가 참아야 해요?\"",
      "srcPage": 23,
      "srcSentenceEA": 3,
      "srcWordEA": 15,
      "character": "우리,이웃",
      "setting": null,
      "action": "얘기해,참아야",
      "feeling": null,
      "causalRelationship": null,
      "outcomeResolution": null,
      "prediction": "왜 만날 우리가 참아야 해요?",
      "plotSummaryInfoCount": 1,
      "plotSummaryInfo": {
        "classification": "신체운동_건강",
        "readAge": "초등_고학년",
        "form": "short-form",
        "plotSummaryText": "이웃 간에 감정 상하지 말고 참고 나중에 얘기하라고 하니 왜 만날 우리가 참아야 하냐고 했어요.",
        "textWordEA": 15
      }
    },
    {
      "srcTextID": "98888",
      "srcText": "\"아직 9시도 안 되었는데, 뭘.\" \"이게 어디 애들 발걸음 소리예요? 일부러 발을 굴러서 쿵쿵 소리를 내는 것 같은데!\"",
      "srcPage": 19,
      "srcSentenceEA": 3,
      "srcWordEA": 19,
      "character": "애들,발",
      "setting": "9시",
      "action": "굴러서,소리를 내는",
      "feeling": null,
      "causalRelationship": null,
      "outcomeResolution": null,
      "prediction": "일부러 발을 굴러서 쿵쿵 소리를 내는 것 같은데!",
      "plotSummaryInfoCount": 1,
      "plotSummaryInfo": {
        "classification": "신체운동_건강",
        "readAge": "초등_고학년",
        "form": "short-form",
        "plotSummaryText": "이게 어디 애들 발걸음 소리냐면서 일부러 발을 굴러서 쿵쿵 소리를 내는 것 같다고 했어요.",
        "textWordEA": 14
      }
    },
    {
      "srcTextID": "98909",
      "srcText": "기영이가 고개를 갸우뚱거리며 말했어요. \"민규가 속이 좁아? 친구들 배려도 잘하고 착하던데?\" \"아니야! 속 좁은 녀석이야!\" 태훈이는 이사 떡 생각이 나서 다시 그렇게 말했어요.",
      "srcPage": 30,
      "srcSentenceEA": 5,
      "srcWordEA": 26,
      "character": "기영이,고개,민규,친구들,녀석,태훈이,떡",
      "setting": null,
      "action": "갸우뚱거리며,말했어요",
      "feeling": null,
      "causalRelationship": null,
      "outcomeResolution": null,
      "prediction": null,
      "plotSummaryInfoCount": 1,
      "plotSummaryInfo": {
        "classification": "신체운동_건강",
        "readAge": "초등_고학년",
        "form": "long-form",
        "plotSummaryText": "기영이가 민규는 친구들 배려도 잘하고 착하다고 하니 태훈이는 이사 떡 생각이 나서 다시 속 좁은 녀석이라고 말했어요.",
        "textWordEA": 17
      }
    },
    {
      "srcTextID": "98914",
      "srcText": "민규네가 이사 온 지 보름 정도가 지났어요. 낮에는 그럭저럭 괜찮다가 저녁때만 되면 층간 소음이 심해졌어요. 태훈이 아빠가 출장을 간 어느 저녁이었어요.",
      "srcPage": 31,
      "srcSentenceEA": 3,
      "srcWordEA": 23,
      "character": "민규네,태훈이 아빠",
      "setting": "낮,저녁",
      "action": "이사 온,출장을 간",
      "feeling": null,
      "causalRelationship": null,
      "outcomeResolution": null,
      "prediction": null,
      "plotSummaryInfoCount": 1,
      "plotSummaryInfo": {
        "classification": "신체운동_건강",
        "readAge": "초등_고학년",
        "form": "short-form",
        "plotSummaryText": "민규네가 이사 온 지 보름 정도가 지나고 저녁때만 되면 층간 소음이 심해졌는데, 태훈이 아빠가 출장을 간 어느 저녁이었어요.",
        "textWordEA": 18
      }
    },
    {
      "srcTextID": "98916",
      "srcText": "층간 소음을 참다못한 엄마가 결국 위층에 인터폰을 했어요. \"여기 아래층인데요, 지금이 몇 시예요? 아파트에 살면서 서로 배려를 해야지, 도대체 상식이 있는 거예요?\"",
      "srcPage": 32,
      "srcSentenceEA": 3,
      "srcWordEA": 23,
      "character": "엄마",
      "setting": "아파트,위층,아래층",
      "action": "참다못한,인터폰을 했어요,살면서",
      "feeling": null,
      "causalRelationship": null,
      "outcomeResolution": null,
      "prediction": null,
      "plotSummaryInfoCount": 1,
      "plotSummaryInfo": {
        "classification": "신체운동_건강",
        "readAge": "초등_고학년",
        "form": "short-form",
        "plotSummaryText": "층간 소음을 참다못한 엄마가 위층에 인터폰을 해서 아파트에 살면서 서로 배려를 해야지 상식이 있는 거냐고 말했어요.",
        "textWordEA": 16
      }
    },
    {
      "srcTextID": "98921",
      "srcText": "위층 아주머니는 말문이 막혀 잠시 머뭇거렸어요. 그러자 엄마가 의기양양하게 말했어요. \"피아노도 그래요. 밤 9시 넘어서까지 치면 어떻게 해요.아파트에서는 주의해야 하는 거 모르세요?\"",
      "srcPage": 37,
      "srcSentenceEA": 5,
      "srcWordEA": 25,
      "character": "위층 아주머니,엄마,피아노",
      "setting": "밤 9시,아파트",
      "action": "머뭇거렸어요,말했어요,치면",
      "feeling": null,
      "causalRelationship": null,
      "outcomeResolution": null,
      "prediction": null,
      "plotSummaryInfoCount": 1,
      "plotSummaryInfo": {
        "classification": "신체운동_건강",
        "readAge": "초등_고학년",
        "form": "long-form",
        "plotSummaryText": "위층 아주머니는 말문이 막혀 머뭇거렸거리자 엄마가 의기양양하게 밤 9시 넘어서까지 아파트에서 피아노를 치면 어떻게 하냐고 했어요.",
        "textWordEA": 16
      }
    },
    {
      "srcTextID": "98925",
      "srcText": "아주머니 말에 엄마가 갑자기 반가운 얼굴로 말했어요. \"어느 예술고등학교요? 저도 예술고등학교 다녔거든요.\" \"그래요? 바로 길 건너에 있는 학교예요.\"",
      "srcPage": 39,
      "srcSentenceEA": 4,
      "srcWordEA": 20,
      "character": "아주머니,엄마,예술고등학교,저,학교",
      "setting": null,
      "action": "말했어요,다녔거든요",
      "feeling": null,
      "causalRelationship": null,
      "outcomeResolution": null,
      "prediction": null,
      "plotSummaryInfoCount": 1,
      "plotSummaryInfo": {
        "classification": "신체운동_건강",
        "readAge": "초등_고학년",
        "form": "long-form",
        "plotSummaryText": "아주머니 말에 엄마가 반가운 얼굴로 어느 예술고등학교 다니냐면서 엄마도 예술고등학교 다녔다고 말하자, 바로 길 건너에 있는 학교라고 했어요.",
        "textWordEA": 18
      }
    },
    {
      "srcTextID": "98886",
      "srcText": "그날 태훈이는 학교에서 돌아오는 길에 엄마가 아파트 아주머니들과 이야기하는 것을 보았어요. \"어머, 정말? 왜 그랬지?\" 무슨 이야기인지 엄마 표정이 좋지 않았어요. 엄마가 아주머니들과 헤어지는 것을 보고 태훈이는 얼른 엄마에게 다가갔어요.",
      "srcPage": 13,
      "srcSentenceEA": 5,
      "srcWordEA": 33,
      "character": "태훈이,엄마,아주머니들",
      "setting": "그날,학교,아파트",
      "action": "돌아오는,이야기하는,보았어요,헤어지는,보고,다가갔어요",
      "feeling": "표정이 좋지 않았어요",
      "causalRelationship": null,
      "outcomeResolution": null,
      "prediction": null,
      "plotSummaryInfoCount": 1,
      "plotSummaryInfo": {
        "classification": "신체운동_건강",
        "readAge": "초등_고학년",
        "form": "long-form",
        "plotSummaryText": "태훈이는 학교에서 돌아오는 길에 엄마가 아파트 아주머니들과 이야기하는 것을 보았는데, 엄마의 표정이 좋지 않았어요.",
        "textWordEA": 14
      }
    },
    {
      "srcTextID": "98887",
      "srcText": "\"뭐야, 우리 집만 쏙 빼고 떡을 돌리더니 일부러 층간 소음까지 내는 거야?\" 엄마가 기분 나쁘다는 듯이 말하자 아빠는 그럴 리가 있냐며 무심하게 말했어요. \"애들 발걸음 소리겠지.\"",
      "srcPage": 18,
      "srcSentenceEA": 3,
      "srcWordEA": 27,
      "character": "우리 집,떡,엄마,아빠,애들",
      "setting": null,
      "action": "빼고,돌리더니,내는,말하자,말했어요",
      "feeling": "기분 나쁘다는",
      "causalRelationship": null,
      "outcomeResolution": null,
      "prediction": null,
      "plotSummaryInfoCount": 1,
      "plotSummaryInfo": {
        "classification": "신체운동_건강",
        "readAge": "초등_고학년",
        "form": "short-form",
        "plotSummaryText": "우리 집만 빼고 떡을 돌리더니 일부러 층간 소음까지 내는 거냐고 엄마가 말하자 아빠는 그럴 리가 있냐며 애들 발걸음 소리겠지라고 말했어요.",
        "textWordEA": 20
      }
    },
    {
      "srcTextID": "98902",
      "srcText": "\"누가 속이 좁다고 그래요? 정말 속이 좁은 게 누군데!\" 엄마 아빠의 목소리가 점점 커졌어요. 층간 소음 때문에 엄마 아빠까지 다투는 것을 보니 태훈이의 마음도 좋지 않았어요.",
      "srcPage": 25,
      "srcSentenceEA": 4,
      "srcWordEA": 29,
      "character": "엄마,아빠,태훈이",
      "setting": null,
      "action": "다투는,보니",
      "feeling": "마음도 좋지 않았어요",
      "causalRelationship": null,
      "outcomeResolution": null,
      "prediction": null,
      "plotSummaryInfoCount": 1,
      "plotSummaryInfo": {
        "classification": "신체운동_건강",
        "readAge": "초등_고학년",
        "form": "long-form",
        "plotSummaryText": " 엄마 아빠가 층간 소음 때문에 다투는 것을 보니 태훈이의 마음도 좋지 않았어요.",
        "textWordEA": 12
      }
    },
    {
      "srcTextID": "98924",
      "srcText": "\"어머! 저도 그 고등학교 나왔어요.\" 어느새 엄마 얼굴에서 화난 표정이 싹 사라졌어요. 그러자 아주머니도 어느새 부드러운 얼굴로 말했어요.",
      "srcPage": 40,
      "srcSentenceEA": 3,
      "srcWordEA": 21,
      "character": "저,고등학교,엄마,얼굴,아주머니",
      "setting": null,
      "action": "나왔어요,말했어요",
      "feeling": "화난 표정이",
      "causalRelationship": null,
      "outcomeResolution": null,
      "prediction": null,
      "plotSummaryInfoCount": 1,
      "plotSummaryInfo": {
        "classification": "신체운동_건강",
        "readAge": "초등_고학년",
        "form": "short-form",
        "plotSummaryText": "그 고등학교 나왔다고 하자 엄마 얼굴에서 화난 표정이 사라졌고 아주머니도 부드러운 얼굴로 말했어요.",
        "textWordEA": 13
      }
    },
    {
      "srcTextID": "98923",
      "srcText": "\"네? 이사 떡, 저희 집만 안 주신 게 아니고요?\" 그때 태훈이가 팔꿈치로 엄마를 쿡쿡 찔렀어요. \"엄마, 우리 수영장 갔던 일요일이었나 봐요.\" 그러고 보니 엄마도 태훈이랑 아빠가 하도 덥다고 해서 점심때 수영장에 갔다가 늦게 온 것이 기억났어요.",
      "srcPage": 42,
      "srcSentenceEA": 4,
      "srcWordEA": 39,
      "character": "떡,집,태훈이,팔꿈치,엄마,아빠",
      "setting": "수영장,일요일,점심때",
      "action": "찔렀어요,갔던,갔다가,기억났어요,온",
      "feeling": null,
      "causalRelationship": null,
      "outcomeResolution": null,
      "prediction": null,
      "plotSummaryInfoCount": 1,
      "plotSummaryInfo": {
        "classification": "신체운동_건강",
        "readAge": "초등_고학년",
        "form": "long-form",
        "plotSummaryText": "그러고 보니 엄마도 태훈이랑 아빠가 하도 덥다고 해서 점심때 수영장에 갔다가 늦게 온 것이 기억이 났어요.",
        "textWordEA": 16
      }
    },
    {
      "srcTextID": "98928",
      "srcText": "그래서 관리실에 알려 방송도 하고 안내문도 붙였는데 계속 담배 냄새가 올라와 참다못해 일부러 발을 구른 거라고 해요. \"그것도 모르고 저희는 공사할 때 제가 뭐라고 해서 이사 떡도 안 돌리고 층간 소음도 일부러 크게 낸다고 오해했네요. 미안해요.\" 엄마 얼굴이 빨개졌어요.",
      "srcPage": 44,
      "srcSentenceEA": 4,
      "srcWordEA": 41,
      "character": "관리실,안내문,담배,발,떡,엄마,얼굴",
      "setting": null,
      "action": "알려,방송도 하고,붙였는데,올라와,구른,공사할,돌리고,낸다고",
      "feeling": "미안해요",
      "causalRelationship": null,
      "outcomeResolution": null,
      "prediction": null,
      "plotSummaryInfoCount": 1,
      "plotSummaryInfo": {
        "classification": "신체운동_건강",
        "readAge": "초등_고학년",
        "form": "long-form",
        "plotSummaryText": "계속 담배 냄새가 올라와 일부러 발을 구른 거라고 하니 그것도 모르고 이사 떡도 안 돌리고 층간 소음도 일부러 낸다고 오해해서 미안하다고 하면서 엄마 얼굴이 빨개졌어요.",
        "textWordEA": 25
      }
    },
    {
      "srcTextID": "98935",
      "srcText": "태훈이와 민규는 어이가 없어 웃고 말았어요. \"저 아래층 담배 냄새가 너희 집까지 올라갈 줄은 몰랐어.\" \"누나 방은 방음 공사를 해서 괜찮을 줄 알았지.\"",
      "srcPage": 47,
      "srcSentenceEA": 3,
      "srcWordEA": 23,
      "character": "태훈이,민규,담배,집",
      "setting": "아래층,누나 방",
      "action": "웃고,공사를 해서",
      "feeling": null,
      "causalRelationship": null,
      "outcomeResolution": null,
      "prediction": null,
      "plotSummaryInfoCount": 1,
      "plotSummaryInfo": {
        "classification": "신체운동_건강",
        "readAge": "초등_고학년",
        "form": "short-form",
        "plotSummaryText": "태훈이는 아래층 냄새가 너희 집까지 올라갈 줄은 몰랐다고 하자, 민규가 누나 방은 방음 공사를 해서 괜찮을 줄 알았다며 서로 어이없이 웃고 말았다.",
        "textWordEA": 22
      }
    },
    {
      "srcTextID": "98934",
      "srcText": "태훈이와 민규는 다시 한마디씩 주고받았어요. \"그러니까 이게 엄마들이 서로 말을 안 해서 생긴 오해구나.\" 태훈이 말에 민규도 얼른 말을 받았어요.",
      "srcPage": 48,
      "srcSentenceEA": 3,
      "srcWordEA": 21,
      "character": "태훈이,민규,엄마들",
      "setting": null,
      "action": "주고받았어요,말을 안해서,말을 받았어요",
      "feeling": null,
      "causalRelationship": null,
      "outcomeResolution": null,
      "prediction": null,
      "plotSummaryInfoCount": 1,
      "plotSummaryInfo": {
        "classification": "신체운동_건강",
        "readAge": "초등_고학년",
        "form": "short-form",
        "plotSummaryText": "엄마들이 서로 말을 안 해서 생긴 오해구나라고 태훈이와 민규는 한마디씩 주고받았어요.",
        "textWordEA": 11
      }
    },
    {
      "srcTextID": "103540",
      "srcText": "물은 아무리 깊어도 들어가면 끝을 알 수 있지만, 사람 속은 들어가 볼 수 없으니 알 수 없다는 말이에요. 그러므로 가까이 지내고 있다 해서 무조건 마음까지 가까운 것은 아니랍니다. 여러분도 서로의 마음을 잘 아는 친구라고 믿었는데 가끔 섭섭한 일이 생겨 다투는 경우가 있을 거예요.",
      "srcPage": 52,
      "srcSentenceEA": 3,
      "srcWordEA": 45,
      "character": "물,사람,여러분,친구",
      "setting": null,
      "action": "들어가면,믿었는데,다투는",
      "feeling": null,
      "causalRelationship": null,
      "outcomeResolution": null,
      "prediction": null,
      "plotSummaryInfoCount": 1,
      "plotSummaryInfo": {
        "classification": "신체운동_건강",
        "readAge": "초등_고학년",
        "form": "short-form",
        "plotSummaryText": "사람 속은 들어가 볼 수 없으니 알 수 없어 가까이 지내고 있다 해서 무조건 마음까지 가까운 것은 아니라서, 서로의 마음을 잘 아는 친구라고 믿었는데 섭섭한 일이 생겨 다투는 경우가 있어요.",
        "textWordEA": 30
      }
    },
    {
      "srcTextID": "103538",
      "srcText": "내가 그 친구가 아니고, 그 친구 역시 내가 아니기 때문에 친구의 마음을 모두 헤아리기는 쉽지 않아요. 또 아무리 이야기를 많이 나눈다고 해도 진심이 담겨 있지 않으면 좋은 관계를 지켜 나갈 수 없답니다. 그러므로 친한 사이일수록 진심으로 대하고 예의를 지켜야 해요. 그렇게 내가 먼저 상대를 존중하고 배려해야 자연스럽게 참된 소통의 문이 열린답니다.",
      "srcPage": 53,
      "srcSentenceEA": 4,
      "srcWordEA": 54,
      "character": "친구,상대",
      "setting": null,
      "action": "헤아리기는,나눈다고,진심으로 대하고,존중하고,배려해야",
      "feeling": null,
      "causalRelationship": null,
      "outcomeResolution": null,
      "prediction": null,
      "plotSummaryInfoCount": 1,
      "plotSummaryInfo": {
        "classification": "신체운동_건강",
        "readAge": "초등_고학년",
        "form": "long-form",
        "plotSummaryText": "친구의 마음을 헤아리기는 쉽지 않아서 많은 이야기를 나눈다고 해도 진심이 담겨 있지 않으면 좋은 관계를 지켜 나갈 수 없으므로, 친한 사이일수록 내기 먼저 상대를 존중하고 배려해야 참된 소통의 문이 열립니다.",
        "textWordEA": 30
      }
    },
    {
      "srcTextID": "98927",
      "srcText": "\"이사를 하다 보니 정신이 없어서 이 여름에 떡을 냉장고에 안 넣었지 뭐예요. 그래서 다 쉬어서 다음에 드린다는 게 이렇게 되었네요.\" 이야기를 들어 보니 민규네는 이사 오자마자 화장실에서 담배 냄새가 나 아래층에서 피우는 거라고 생각했대요.",
      "srcPage": 43,
      "srcSentenceEA": 3,
      "srcWordEA": 36,
      "character": "떡,냉장고,민규네,담배",
      "setting": "화장실,아래층",
      "action": "이사를 하다,안 넣었지,드린다는,들어 보니,오자마자,피우는",
      "feeling": null,
      "causalRelationship": null,
      "outcomeResolution": null,
      "prediction": null,
      "plotSummaryInfoCount": 1,
      "plotSummaryInfo": {
        "classification": "신체운동_건강",
        "readAge": "초등_고학년",
        "form": "short-form",
        "plotSummaryText": "떡을 냉장고에 넣지 않아 쉬어서 다음에 드린다는 게 이렇게 되었고 이사 오자마자 화장실에서 담배 냄새가 나 아래층에서 피우는 거라 생각했다고 했어요.",
        "textWordEA": 21
      }
    },
    {
      "srcTextID": "103539",
      "srcText": "대면공화 심격천산 상대방과 내가 서로 얼굴을 마주 보고 말을 해도 마음 사이에는 천 개의 산이 가로막혀 있다는 뜻이에요. 대면공화 심격천산이란 얼굴을 대하고 함께 이야기하나 마음은 천 개의 산이 막고 있다는 뜻입니다. 이 말은 명심보감에 나오는 말이에요.",
      "srcPage": 50,
      "srcSentenceEA": 3,
      "srcWordEA": 38,
      "character": "상대방,얼굴,산,명심보감",
      "setting": null,
      "action": "보고,말을 해도,이야기하나,막고",
      "feeling": null,
      "causalRelationship": null,
      "outcomeResolution": null,
      "prediction": null,
      "plotSummaryInfoCount": 1,
      "plotSummaryInfo": {
        "classification": "신체운동_건강",
        "readAge": "초등_고학년",
        "form": "short-form",
        "plotSummaryText": "대면공화 심격천산이란 얼굴을 대하고 이야기하나 마음은 천 개의 산이 막고 있다는 뜻으로 명심보감에 나오는 말이에요.",
        "textWordEA": 15
      }
    }
  ]
}