{
  "title": "여자는 여자, 남자는 남자",
  "author": "신승철",
  "illustrator": "한국출판일러스트회",
  "isbn": "9791157024506",
  "publishedYear": 2015,
  "publisher": "황우",
  "paragraphInfoCount": 49,
  "paragraphInfo": [
    {
      "srcTextID": "103624",
      "srcText": "“내가 널 몇 번이나 부른 줄 알아?” 깐돌이는 진수의 별명이에요. 호기심이 많은 진수가 매일 이것저것 따지거나 입바른 소리를 자주 한다고 그런 별명이 붙었지요.",
      "srcPage": 21,
      "srcSentenceEA": 3,
      "srcWordEA": 25,
      "character": "깐돌이,진수",
      "setting": null,
      "action": "입바른 소리를 자주 한다고,붙었지요,부른,따지거나",
      "feeling": null,
      "causalRelationship": null,
      "outcomeResolution": null,
      "prediction": null,
      "plotSummaryInfoCount": 1,
      "plotSummaryInfo": {
        "classification": "신체운동_건강",
        "readAge": "초등_고학년",
        "form": "short-form",
        "plotSummaryText": "깐돌이는 이것저것 따지거나 입바른 소리를 자주 한다고 붙여진 진수의 별명입니다.",
        "textWordEA": 10
      }
    },
    {
      "srcTextID": "99214",
      "srcText": "진수가 억울한 표정을 지으며 대답했어요. “싸우는 게 아니에요. 그냥 민희가 다짜고짜 일방적으로 덤볐다고요.”",
      "srcPage": 28,
      "srcSentenceEA": 3,
      "srcWordEA": 14,
      "character": "진수,민희",
      "setting": null,
      "action": "대답했어요,덤볐다고요,싸우는",
      "feeling": "억울한",
      "causalRelationship": null,
      "outcomeResolution": null,
      "prediction": null,
      "plotSummaryInfoCount": 1,
      "plotSummaryInfo": {
        "classification": "신체운동_건강",
        "readAge": "초등_고학년",
        "form": "short-form",
        "plotSummaryText": "진수는 민희가 일방적으로 덤볐다고 억울한 표정을 지으며 대답했습니다.",
        "textWordEA": 8
      }
    },
    {
      "srcTextID": "99224",
      "srcText": "진수는 오늘 학교에서 있었던 일들을 씩씩거리며 설명했어요. “오늘 진수가 많이 억울했겠네? 하지만 오늘 일이 꼭 남자라서 차별을 받은 것 같지는 않구나.”",
      "srcPage": 41,
      "srcSentenceEA": 3,
      "srcWordEA": 22,
      "character": "진수",
      "setting": "학교,오늘",
      "action": "설명했어요,차별을 받은",
      "feeling": "억울했겠네",
      "causalRelationship": null,
      "outcomeResolution": null,
      "prediction": null,
      "plotSummaryInfoCount": 1,
      "plotSummaryInfo": {
        "classification": "신체운동_건강",
        "readAge": "초등_고학년",
        "form": "short-form",
        "plotSummaryText": "진수는 오늘 학교에서 남자라서 차별받은 일들을 억울해서 씩씩거리며 설명했습니다.",
        "textWordEA": 9
      }
    },
    {
      "srcTextID": "99223",
      "srcText": "아빠가 진수를 다독이며 말했어요. “하지만 여자는 군대도 안 가잖아요.” 진수가 억울하다는 듯 따졌어요.",
      "srcPage": 42,
      "srcSentenceEA": 3,
      "srcWordEA": 14,
      "character": "아빠,진수,여자",
      "setting": null,
      "action": "다독이며,말했어요,따졌어요,안 가잖아요",
      "feeling": "억울하다",
      "causalRelationship": null,
      "outcomeResolution": null,
      "prediction": null,
      "plotSummaryInfoCount": 1,
      "plotSummaryInfo": {
        "classification": "신체운동_건강",
        "readAge": "초등_고학년",
        "form": "short-form",
        "plotSummaryText": "아빠가 다독여 주자, 진수는 여자는 군대도 안 간다고 억울하다는 듯 따졌습니다.",
        "textWordEA": 11
      }
    },
    {
      "srcTextID": "99222",
      "srcText": "“그럼 남자는 아기를 낳을 수 있어?” 진희도 지지 않고 대꾸했어요. “흠, 그건 남자와 여자의 특징이 서로 달라서 그런 거지 남녀 차별 때문이 아니란다. 요즘은 여군도 많이 늘고 있잖아.” “그럼, 엄마는 남녀 차별하는 게 맞지요, 아빠?” 이번에는 진희가 물었어요.",
      "srcPage": 43,
      "srcSentenceEA": 6,
      "srcWordEA": 41,
      "character": "진희,엄마,아빠,남자,여자,여군,아기",
      "setting": null,
      "action": "지지 않고 대꾸했어요,물었어요,낳을,차별하는",
      "feeling": null,
      "causalRelationship": null,
      "outcomeResolution": null,
      "prediction": null,
      "plotSummaryInfoCount": 1,
      "plotSummaryInfo": {
        "classification": "신체운동_건강",
        "readAge": "초등_고학년",
        "form": "long-form",
        "plotSummaryText": "엄마가 남녀 차별하는 거 아니냐고 아빠에게 이번에는 진희가 물었습니다.",
        "textWordEA": 9
      }
    },
    {
      "srcTextID": "99245",
      "srcText": "지과필개. 지과필개란 누구나 허물이 있는 것이니, 허물을 알면 즉시 고쳐야 한다는 뜻입니다. 예로부터 동양에서는 ‘남존여비’라 하여 남자는 귀하고 여자는 천하다는 사상이 당연한 것처럼 여겨졌어요. 그래서 결혼한 여자가 사내애를 낳으면 집안에 큰 경사가 났다며 잔치를 벌였지만, 여자애를 낳으면 그 엄마뿐만 아니라 아이마저 쌀쌀한 눈총을 받아야 했지요.",
      "srcPage": 48,
      "srcSentenceEA": 4,
      "srcWordEA": 49,
      "character": "엄마,여자,여자애,사내애",
      "setting": "동양,집안",
      "action": "받아야 했지요,여겨졌어요,낳으면",
      "feeling": null,
      "causalRelationship": null,
      "outcomeResolution": null,
      "prediction": null,
      "plotSummaryInfoCount": 1,
      "plotSummaryInfo": {
        "classification": "신체운동_건강",
        "readAge": "초등_고학년",
        "form": "long-form",
        "plotSummaryText": "예로부터 동양에서는 남자는 귀하고 여자는 천하다는 사상이 당연한 것처럼 여겨져서, 집안에 사내애가 태어나면 큰 경사로 여겼지만, 여자애가 태어나면 엄마뿐만 아니라 아이마저 눈총을 받아야 했습니다.",
        "textWordEA": 24
      }
    },
    {
      "srcTextID": "99244",
      "srcText": "사람은 누구나 평등한데 옛날에 남녀 차별을 하게 된 이유는 무엇일까요? 여러 가지 원인이 있겠지만 전쟁이나 사냥을 할 때 강한 힘을 가진 남자들이 많이 필요했기 때문이라고 여겨져요. 현재 우리 사회는 남녀평등 사상이 뿌리를 내려 남자가 주로 하는 힘든 일까지 여자들이 진출할 정도로 남녀 차별 문제가 많이 사라졌어요. 그러니까 아직도 잘못된 생각을 가지고 남녀를 차별하는 친구가 있다면 ‘지과필개’, 반드시 그 생각을 고쳐야 하겠죠?",
      "srcPage": 49,
      "srcSentenceEA": 5,
      "srcWordEA": 65,
      "character": "사람,남자들,여자들",
      "setting": "옛날,현재",
      "action": "여겨져요,사라졌어요,사냥을 할,차별하는,뿌리를 내려",
      "feeling": null,
      "causalRelationship": null,
      "outcomeResolution": null,
      "prediction": null,
      "plotSummaryInfoCount": 1,
      "plotSummaryInfo": {
        "classification": "신체운동_건강",
        "readAge": "초등_고학년",
        "form": "long-form",
        "plotSummaryText": "사람은 누구나 평등한데 옛날에 남녀 차별을 하게 된 이유는 전쟁이나 사냥할 때 강한 힘을 가진 남자들이 많이 필요했기 때문고 , 현재는 모든 분야에 여자들이 진출할 정도로 남녀 차별 문제가 많이 사라졌습니다.",
        "textWordEA": 31
      }
    },
    {
      "srcTextID": "99189",
      "srcText": "여동생 진희가 양치질을 하다 말고 소리쳤어요. “넌 씻는 데 오래 걸리잖아? 너 양치질하는 사이에 나부터 얼른 씻고 나갈게. 불고기도 먹어야 하는데 잘못하면 지각하겠다.”",
      "srcPage": 10,
      "srcSentenceEA": 4,
      "srcWordEA": 25,
      "character": "진희,여동생,나,불고기",
      "setting": null,
      "action": "양치질하는,씻고 나갈게,지각하겠다,먹어야",
      "feeling": null,
      "causalRelationship": null,
      "outcomeResolution": null,
      "prediction": null,
      "plotSummaryInfoCount": 1,
      "plotSummaryInfo": {
        "classification": "신체운동_건강",
        "readAge": "초등_고학년",
        "form": "long-form",
        "plotSummaryText": "여동생 진희가 양치질하는 사이에 자기부터 얼른 씻고 나가겠다며 잘못하면 지각하겠고 말했습니다.",
        "textWordEA": 11
      }
    },
    {
      "srcTextID": "99192",
      "srcText": "“엄마, 내 밥은?” 그제야 화장실에서 나온 진희가 수건으로 손을 닦으며 물었어요. “어, 네가 좀 갖다 먹으렴.” 엄마는 진수에게서 눈을 떼지 않고 말했어요. “엄마!” 화가 난 진희가 소리쳤어요.",
      "srcPage": 14,
      "srcSentenceEA": 5,
      "srcWordEA": 30,
      "character": "엄마,진희,진수,눈,수건",
      "setting": "화장실",
      "action": "닦으며,물었어요,소리쳤어요,말했어요",
      "feeling": "화가 난",
      "causalRelationship": null,
      "outcomeResolution": null,
      "prediction": null,
      "plotSummaryInfoCount": 1,
      "plotSummaryInfo": {
        "classification": "신체운동_건강",
        "readAge": "초등_고학년",
        "form": "long-form",
        "plotSummaryText": "자기 밥은 어디 있냐고 화장실에서 나온 진희가 물었는데, 네가 가져다 먹으라는 엄마의 말에 화가 난 진희가 소리쳤습니다.",
        "textWordEA": 17
      }
    },
    {
      "srcTextID": "99200",
      "srcText": "“엄마 눈에는 진수 오빠만 보여? 난 자식으로도 안 보이냐고?” “그게 무슨 말이야? 버릇없이!”",
      "srcPage": 16,
      "srcSentenceEA": 4,
      "srcWordEA": 15,
      "character": "엄마,진수 오빠,자식,눈",
      "setting": null,
      "action": "안 보이냐고,보여",
      "feeling": null,
      "causalRelationship": null,
      "outcomeResolution": null,
      "prediction": null,
      "plotSummaryInfoCount": 1,
      "plotSummaryInfo": {
        "classification": "신체운동_건강",
        "readAge": "초등_고학년",
        "form": "long-form",
        "plotSummaryText": "엄마 눈에는 진수 오빠만 보이고 자기는 자식으로도 안 보이냐고 말했습니다.",
        "textWordEA": 10
      }
    },
    {
      "srcTextID": "99198",
      "srcText": "“또 왜 그러니. 아침에 바쁜데 네가 좀 챙겨 먹으면 안 돼?” “오빠는 늘 먼저 챙겨 주면서 난 알아서 차려 먹으라니, 이건 엄연한 남녀 차별이라고!”",
      "srcPage": 18,
      "srcSentenceEA": 3,
      "srcWordEA": 25,
      "character": "오빠",
      "setting": "아침",
      "action": "차려 먹으라니,챙겨 주면서",
      "feeling": null,
      "causalRelationship": null,
      "outcomeResolution": null,
      "prediction": null,
      "plotSummaryInfoCount": 1,
      "plotSummaryInfo": {
        "classification": "신체운동_건강",
        "readAge": "초등_고학년",
        "form": "short-form",
        "plotSummaryText": "오빠는 늘 먼저 챙겨 주면서 자기는 알아서 차려 먹으라는 건 엄연한 남녀 차별이라고 말했다.",
        "textWordEA": 14
      }
    },
    {
      "srcTextID": "99202",
      "srcText": "그러자 진수가 불고기를 가득 문 입을 우물거리며 말했어요. “남녀 차별? 나야말로 매일 여자들 때문에 차별받고 있다고.”",
      "srcPage": 19,
      "srcSentenceEA": 3,
      "srcWordEA": 17,
      "character": "진수,여자들,불고기,입",
      "setting": "매일",
      "action": "입을 우물거리며,말했어요,차별받고 있다고",
      "feeling": null,
      "causalRelationship": null,
      "outcomeResolution": null,
      "prediction": null,
      "plotSummaryInfoCount": 1,
      "plotSummaryInfo": {
        "classification": "신체운동_건강",
        "readAge": "초등_고학년",
        "form": "short-form",
        "plotSummaryText": "진수는 자기야말로 매일 여자들 때문에 차별받고 있다고 불고기를 가득 문 입을 우물거리며 말했습니다.",
        "textWordEA": 13
      }
    },
    {
      "srcTextID": "103625",
      "srcText": "겨우 시간에 맞춰 학교에 도착한 진수는 빠른 걸음으로 운동장을 가로질러 걸어갔어요. 그때, 민희가 갑자기 나타나 진수의 어깨를 잡아챘어요. “야, 깐돌아. 왜 대답을 안 해?”",
      "srcPage": 20,
      "srcSentenceEA": 4,
      "srcWordEA": 26,
      "character": "진수,민희",
      "setting": "학교,운동장",
      "action": "걸어갔어요,어깨를 잡아챘어요,도착한,나타나",
      "feeling": null,
      "causalRelationship": null,
      "outcomeResolution": null,
      "prediction": null,
      "plotSummaryInfoCount": 1,
      "plotSummaryInfo": {
        "classification": "신체운동_건강",
        "readAge": "초등_고학년",
        "form": "long-form",
        "plotSummaryText": "진수가 학교 운동장을 가로질러 걸어갈 때 갑자기 민희가 나타나 진수의 어깨를 잡아챘습니다.",
        "textWordEA": 12
      }
    },
    {
      "srcTextID": "103626",
      "srcText": "미니 피그는 민희가 뚱뚱하다고 해서 아이들이 붙인 별명이에요. 미니는 민희의 이름을 발음대로 바꾼 것이고 피그는 영어로 돼지라는 뜻이죠. 민희는 그 별명을 무척 싫어해서 별명을 부르면 몹시 화를 낸답니다.",
      "srcPage": 23,
      "srcSentenceEA": 3,
      "srcWordEA": 30,
      "character": "민희,미니 피그,아이들",
      "setting": null,
      "action": "붙인,부르면",
      "feeling": "화를 낸답니다,싫어해서",
      "causalRelationship": null,
      "outcomeResolution": null,
      "prediction": null,
      "plotSummaryInfoCount": 1,
      "plotSummaryInfo": {
        "classification": "신체운동_건강",
        "readAge": "초등_고학년",
        "form": "short-form",
        "plotSummaryText": "미니 피그는 민희가 뚱뚱하다고 해서 아이들이 붙인 별명인데, 민희는 그 별명을 부르면 몹시 화를 냅니다.",
        "textWordEA": 15
      }
    },
    {
      "srcTextID": "99210",
      "srcText": "“내가 그 별명 부르지 말라고 했지?” 민희가 목소리를 높이며 눈을 치켜떴어요. 그 순간 진수는 어제 꿈속에서 본 귀신이 민희를 닮았다는 것을 알아차렸어요.",
      "srcPage": 24,
      "srcSentenceEA": 3,
      "srcWordEA": 24,
      "character": "민희,진수,눈",
      "setting": "어제",
      "action": "높이며,치켜떴어요,알아차렸어요,부르지",
      "feeling": null,
      "causalRelationship": null,
      "outcomeResolution": null,
      "prediction": null,
      "plotSummaryInfoCount": 1,
      "plotSummaryInfo": {
        "classification": "신체운동_건강",
        "readAge": "초등_고학년",
        "form": "short-form",
        "plotSummaryText": "목소리를 높이며 눈을 치켜뜬 민희를 본 진수는 어제 꿈속에서 본 귀신과 닮았다는 것을 알아차렸습니다.",
        "textWordEA": 14
      }
    },
    {
      "srcTextID": "99213",
      "srcText": "등골이 오싹했지만 민희에게 질 수는 없었어요. “나도 깐돌이란 별명 싫어하거든. 네가 먼저 내 별명을 불러서 나도 부른 거야. 알았니?”",
      "srcPage": 25,
      "srcSentenceEA": 4,
      "srcWordEA": 21,
      "character": "민희,나,깐돌이",
      "setting": null,
      "action": "질 수는 없었어요,불러서,부른 거야",
      "feeling": null,
      "causalRelationship": null,
      "outcomeResolution": null,
      "prediction": null,
      "plotSummaryInfoCount": 1,
      "plotSummaryInfo": {
        "classification": "신체운동_건강",
        "readAge": "초등_고학년",
        "form": "long-form",
        "plotSummaryText": "민희에게 질 수는 없어서, 네가 먼저 깐돌이라는 별명을 불러서 나도 불렀다고 말했습니다.",
        "textWordEA": 12
      }
    },
    {
      "srcTextID": "99211",
      "srcText": "“이 뚱뚱이 미니 피그야!” 진수의 말이 떨어지기가 무섭게 민희가 달려들었어요. 민희의 힘이 어찌나 센지 진수가 손을 맞잡고 버텼지만 힘이 부칠 정도였어요.",
      "srcPage": 26,
      "srcSentenceEA": 3,
      "srcWordEA": 23,
      "character": "진수,민희,미니 피그",
      "setting": null,
      "action": "달려들었어요,손을 맞잡고,버텼지만",
      "feeling": null,
      "causalRelationship": null,
      "outcomeResolution": null,
      "prediction": null,
      "plotSummaryInfoCount": 1,
      "plotSummaryInfo": {
        "classification": "신체운동_건강",
        "readAge": "초등_고학년",
        "form": "short-form",
        "plotSummaryText": "진수가 뚱뚱이 미니 피그라고 말한 순간 민희가 달려들어서 손을 맞잡고 버텼지만 힘이 부칠 정도였습니다.",
        "textWordEA": 14
      }
    },
    {
      "srcTextID": "99212",
      "srcText": "그때, 하필 담임 선생님에게 그 장면을 딱 들켰어요. “너희들, 지금 왜 싸우는 거야?” 선생님이 둘 사이를 떼어 놓으며 소리쳤어요.",
      "srcPage": 27,
      "srcSentenceEA": 3,
      "srcWordEA": 20,
      "character": "선생님,너희들,둘",
      "setting": null,
      "action": "들켰어요,떼어 놓으며,소리쳤어요,싸우는",
      "feeling": null,
      "causalRelationship": null,
      "outcomeResolution": null,
      "prediction": null,
      "plotSummaryInfoCount": 1,
      "plotSummaryInfo": {
        "classification": "신체운동_건강",
        "readAge": "초등_고학년",
        "form": "short-form",
        "plotSummaryText": "그 장면을 딱 들키는 바람에 선생님은 둘 사이를 떼어놓으며, 너희들 왜 싸우냐고 소리쳤습니다.",
        "textWordEA": 13
      }
    },
    {
      "srcTextID": "103630",
      "srcText": "진수가 변명을 하려고 하자 민희가 울먹이는 목소리로 선생님에게 말했어요. “제가 듣기 싫다는데도 자꾸 제 별명을 부르며 놀렸어요.” “네가 먼저 내 별명을 불렀잖아!”",
      "srcPage": 29,
      "srcSentenceEA": 3,
      "srcWordEA": 22,
      "character": "진수,민희,선생님",
      "setting": null,
      "action": "부르며,놀렸어요,듣기,말했습니다",
      "feeling": "싫다는",
      "causalRelationship": null,
      "outcomeResolution": null,
      "prediction": null,
      "plotSummaryInfoCount": 1,
      "plotSummaryInfo": {
        "classification": "신체운동_건강",
        "readAge": "초등_고학년",
        "form": "short-form",
        "plotSummaryText": "민희는 진수가 자꾸 자기 별명을 부르며 놀렸다고 울먹이는 목소리로 선생님에게 말했습니다.",
        "textWordEA": 11
      }
    },
    {
      "srcTextID": "103631",
      "srcText": "진수는 하도 어이가 없어 다시 소리쳤어요. 그러자 선생님이 진수의 머리에 꿀밤을 한 대 때렸어요. “진수야, 넌 남자잖아. 남자가 못나게도 여학생을 놀리고 괴롭혀?”",
      "srcPage": 30,
      "srcSentenceEA": 4,
      "srcWordEA": 24,
      "character": "진수,선생님,남자,머리,여학생",
      "setting": null,
      "action": "소리쳤어요,때렸어요,놀리고,괴롭혀",
      "feeling": null,
      "causalRelationship": null,
      "outcomeResolution": null,
      "prediction": null,
      "plotSummaryInfoCount": 1,
      "plotSummaryInfo": {
        "classification": "신체운동_건강",
        "readAge": "초등_고학년",
        "form": "long-form",
        "plotSummaryText": "선생님은 남자가 못나게도 여학생을 괴롭히냐며 진수의 머리에 꿀밤을 한 대 때렸습니다.",
        "textWordEA": 11
      }
    },
    {
      "srcTextID": "103623",
      "srcText": "진수는 밤새 이상한 꿈에 시달렸어요. 시커먼 귀신에게 쫓겨 벼랑 끝으로 몰린 거예요. 잔뜩 겁을 먹은 채 어찌할 바를 몰라 하고 있는데 어느새 가까이 다가온 귀신이 진수를 벼랑 아래로 확 떠다밀었어요.",
      "srcPage": 1,
      "srcSentenceEA": 3,
      "srcWordEA": 32,
      "character": "진수",
      "setting": "벼랑 아래,밤새",
      "action": "꿈에 시달렸어요,떠다밀었어요",
      "feeling": null,
      "causalRelationship": null,
      "outcomeResolution": null,
      "prediction": null,
      "plotSummaryInfoCount": 1,
      "plotSummaryInfo": {
        "classification": "신체운동_건강",
        "readAge": "초등_고학년",
        "form": "short-form",
        "plotSummaryText": "밤새 이상한 꿈에 시달린 진수는 귀신이 쫓아와서 자기를 벼랑 아래로 확 떠다밀어 버리는 꿈을 꾸었습니다.",
        "textWordEA": 15
      }
    },
    {
      "srcTextID": "103629",
      "srcText": "“한 번만 더 그랬다간 정말 혼날 줄 알아.” 민희한테 느닷없이 당한 것도 억울한데 선생님에게 꿀밤까지 맞은 진수는 갑자기 눈물이 날 것만 같았어요. 선생님이 가시자, 민희는 주변을 쓱 둘러보더니 혀를 쏙 내밀어 ‘메롱’ 하고 놀리며 교실로 들어가 버렸어요.",
      "srcPage": 31,
      "srcSentenceEA": 4,
      "srcWordEA": 40,
      "character": "민희,선생님,진수",
      "setting": "교실",
      "action": "들어가 버렸어요눈물이 날,둘러보더니,맞은,놀리며",
      "feeling": null,
      "causalRelationship": null,
      "outcomeResolution": null,
      "prediction": null,
      "plotSummaryInfoCount": 1,
      "plotSummaryInfo": {
        "classification": "신체운동_건강",
        "readAge": "초등_고학년",
        "form": "long-form",
        "plotSummaryText": "억울했던 진수는 눈물이 날 것만 같은데 선생님이 가시자, 민희는 메롱 하고 놀리며 교실로 들어가 버렸습니다.",
        "textWordEA": 15
      }
    },
    {
      "srcTextID": "103628",
      "srcText": "‘이건 남녀 차별 아니에요? 왜 남자만 항상 당해야 해요?’ 진수는 하늘을 보며 속으로 눈물을 삼켰어요.",
      "srcPage": 32,
      "srcSentenceEA": 3,
      "srcWordEA": 17,
      "character": "진수,눈물,남자",
      "setting": "하늘",
      "action": "삼켰어요,당해야,보며",
      "feeling": null,
      "causalRelationship": null,
      "outcomeResolution": null,
      "prediction": null,
      "plotSummaryInfoCount": 1,
      "plotSummaryInfo": {
        "classification": "신체운동_건강",
        "readAge": "초등_고학년",
        "form": "short-form",
        "plotSummaryText": "진수는 왜 남자만 항상 당해야 하는지 속상해서 하늘을 보며 속으로 눈물을 삼켰습니다.",
        "textWordEA": 12
      }
    },
    {
      "srcTextID": "103633",
      "srcText": "그날 4교시는 체육 시간이었어요. 아이들이 운동장에 모이자, 선생님이 말했어요. “오늘은 팔 굽혀 펴기를 하겠다. 여학생은 다섯 번, 남학생은 열 번을 채워야 만점을 준다.”",
      "srcPage": 33,
      "srcSentenceEA": 4,
      "srcWordEA": 25,
      "character": "선생님,아이들,여학생,남학생",
      "setting": "체육 시간,운동장",
      "action": "굽혀 펴기,모이자,채워야",
      "feeling": null,
      "causalRelationship": null,
      "outcomeResolution": null,
      "prediction": null,
      "plotSummaryInfoCount": 1,
      "plotSummaryInfo": {
        "classification": "신체운동_건강",
        "readAge": "초등_고학년",
        "form": "long-form",
        "plotSummaryText": "체육 시간이 되어 운동장에 모인 아이들에게, 선생님이 오늘은 팔 굽혀 펴기를 여학생은 다섯 번, 남학생은 열 번을 채워야 만점을 주겠다고 말했습니다.",
        "textWordEA": 21
      }
    },
    {
      "srcTextID": "103634",
      "srcText": "그때 입바른 소리를 잘하는 진수가 선생님에게 따졌어요. “선생님, 남녀평등이라면서 왜 남학생은 열 번을 하고, 여학생은 다섯 번만 해요?” 선생님이 웃으면서 대답했어요. “진수야! 남자는 태어날 때부터 여자들보다 뼈가 굵고 근육의 힘이 세니까 이런 종목에선 차등을 두는 거야. 이건 남녀평등하고는 전혀 상관없는 거야.”",
      "srcPage": 34,
      "srcSentenceEA": 5,
      "srcWordEA": 44,
      "character": "진수,선생님,남자,여자",
      "setting": null,
      "action": "따졌어요,웃으면서,대답했어요",
      "feeling": null,
      "causalRelationship": null,
      "outcomeResolution": null,
      "prediction": null,
      "plotSummaryInfoCount": 1,
      "plotSummaryInfo": {
        "classification": "신체운동_건강",
        "readAge": "초등_고학년",
        "form": "long-form",
        "plotSummaryText": "진수가 선생님에게 따지자, 선생님은 웃으면서 이건 남녀평등하고는 전혀 상관없는 거라며 이유를 설명했습니다.",
        "textWordEA": 12
      }
    },
    {
      "srcTextID": "103632",
      "srcText": "“그렇지만 민희는 저보다 힘이 더 세다고요.” 진수가 억울하다는 듯 투덜거렸어요. 그러자 선생님과 아이들이 큰 소리로 웃었어요.",
      "srcPage": 35,
      "srcSentenceEA": 3,
      "srcWordEA": 18,
      "character": "민희,진수,선생님,아이들",
      "setting": null,
      "action": "투덜거렸어요,웃었어요",
      "feeling": "억울하다",
      "causalRelationship": null,
      "outcomeResolution": null,
      "prediction": null,
      "plotSummaryInfoCount": 1,
      "plotSummaryInfo": {
        "classification": "신체운동_건강",
        "readAge": "초등_고학년",
        "form": "short-form",
        "plotSummaryText": "민희가 자기보다 힘이 더 세다고 진수가 억울하다는 듯 투덜거리자, 선생님과 아이들이 큰 소리로 웃었습니다.",
        "textWordEA": 14
      }
    },
    {
      "srcTextID": "99218",
      "srcText": "그날 저녁 진수네 가족은 아빠가 일찍 퇴근하셔서 오랜만에 저녁을 함께 먹었어요. “오늘 저녁은 꽃게탕이다. 우리 아들 맛있게 먹어라.”",
      "srcPage": 36,
      "srcSentenceEA": 3,
      "srcWordEA": 19,
      "character": "진수,아빠,아들,꽃게탕",
      "setting": "오늘 저녁",
      "action": "먹었어요,퇴근하셔서",
      "feeling": null,
      "causalRelationship": null,
      "outcomeResolution": null,
      "prediction": null,
      "plotSummaryInfoCount": 1,
      "plotSummaryInfo": {
        "classification": "신체운동_건강",
        "readAge": "초등_고학년",
        "form": "short-form",
        "plotSummaryText": "오늘 저녁은 아빠가 일찍 퇴근하셔서, 진수네 가족은 오랜만에 꽃게탕을 함께 먹었습니다.",
        "textWordEA": 11
      }
    },
    {
      "srcTextID": "99220",
      "srcText": "엄마는 여전히 진수를 먼저 챙겼어요. “아빠, 엄마는 너무하는 것 같아요. 항상 오빠만 먼저 챙겨 줘요.”",
      "srcPage": 37,
      "srcSentenceEA": 3,
      "srcWordEA": 16,
      "character": "엄마,진수,아빠",
      "setting": null,
      "action": "챙겼어요,챙겨 줘요",
      "feeling": null,
      "causalRelationship": null,
      "outcomeResolution": null,
      "prediction": null,
      "plotSummaryInfoCount": 1,
      "plotSummaryInfo": {
        "classification": "신체운동_건강",
        "readAge": "초등_고학년",
        "form": "short-form",
        "plotSummaryText": "엄마 아빠가 항상 오빠만 먼저 챙겨 준다고 너무하다며 하소연했습니다.",
        "textWordEA": 9
      }
    },
    {
      "srcTextID": "99221",
      "srcText": "진희가 아빠를 보고 하소연했어요. “그래? 우리 진희에게는 아빠가 있잖아. 우리 진희도 맛있게 많이 먹어라.”",
      "srcPage": 38,
      "srcSentenceEA": 3,
      "srcWordEA": 16,
      "character": "진희,아빠",
      "setting": null,
      "action": "하소연했어요,맛있게 많이 먹어라",
      "feeling": null,
      "causalRelationship": null,
      "outcomeResolution": null,
      "prediction": null,
      "plotSummaryInfoCount": 1,
      "plotSummaryInfo": {
        "classification": "신체운동_건강",
        "readAge": "초등_고학년",
        "form": "short-form",
        "plotSummaryText": "진희가 하소연하자 아빠는 우리 진희도 맛있게 많이 먹으라며 달래주었습니다.",
        "textWordEA": 9
      }
    },
    {
      "srcTextID": "99219",
      "srcText": "아빠가 웃으며 진희의 그릇에 꽃게탕을 듬뿍 담아 줬어요. “넌 늘 네가 여자라서 차별을 받는다고 하지만 진짜 차별을 받는 건 바로 남자들이라고.” 진수가 게 다리를 맛있게 뜯으며 말했어요.",
      "srcPage": 39,
      "srcSentenceEA": 3,
      "srcWordEA": 28,
      "character": "아빠,진희,진수,여자,남자,꽃게탕",
      "setting": null,
      "action": "담아 줬어요,뜯으며,말했어요",
      "feeling": null,
      "causalRelationship": null,
      "outcomeResolution": null,
      "prediction": null,
      "plotSummaryInfoCount": 1,
      "plotSummaryInfo": {
        "classification": "신체운동_건강",
        "readAge": "초등_고학년",
        "form": "short-form",
        "plotSummaryText": "진수는 진희에게 진짜 차별을 받는 건 바로 남자들이라고 게 다리를 맛있게 뜯으며 말했습니다.",
        "textWordEA": 13
      }
    },
    {
      "srcTextID": "99217",
      "srcText": "“남자가 차별을 받다니? 갑자기 그게 무슨 소리야?” 아빠가 의아한 듯 물었어요.",
      "srcPage": 40,
      "srcSentenceEA": 3,
      "srcWordEA": 13,
      "character": "남자,아빠",
      "setting": null,
      "action": "물었어요,차별을 받다니",
      "feeling": null,
      "causalRelationship": null,
      "outcomeResolution": null,
      "prediction": null,
      "plotSummaryInfoCount": 1,
      "plotSummaryInfo": {
        "classification": "신체운동_건강",
        "readAge": "초등_고학년",
        "form": "short-form",
        "plotSummaryText": "아빠는 남자가 차별을 받는 게 무슨 소리냐고 의아한 듯 물었습니다.",
        "textWordEA": 10
      }
    },
    {
      "srcTextID": "99241",
      "srcText": "“엄마가 오빠를 먼저 챙기는 건 오빠가 몸이 좀 약해서 그런 거지. 진수가 남자라서 그러는 게 아냐!” 엄마가 어이없는 표정을 지으며 말했어요.",
      "srcPage": 44,
      "srcSentenceEA": 3,
      "srcWordEA": 23,
      "character": "엄마,오빠,남자,진수,몸",
      "setting": null,
      "action": "챙기는,말했어요",
      "feeling": null,
      "causalRelationship": null,
      "outcomeResolution": null,
      "prediction": null,
      "plotSummaryInfoCount": 1,
      "plotSummaryInfo": {
        "classification": "신체운동_건강",
        "readAge": "초등_고학년",
        "form": "short-form",
        "plotSummaryText": "엄마는 오빠를 먼저 챙기는 건 남자라서 가 아니라 몸이 좀 약해서 그런 거라며 어이없는 표정을 지으며 말했습니다.",
        "textWordEA": 17
      }
    },
    {
      "srcTextID": "99242",
      "srcText": "“엄마의 행동을 진희가 오해를 할 수도 있다고 생각해. 하지만 그 대신 진희는 아빠가 특별히 더 챙겨 주잖아. 그럼, 그것도 진수가 보기에는 남녀 차별로 보이지 않을까?”",
      "srcPage": 45,
      "srcSentenceEA": 3,
      "srcWordEA": 27,
      "character": "엄마,진희,아빠,진수",
      "setting": null,
      "action": "보이지,오해를 할,생각해,챙겨 주잖아",
      "feeling": null,
      "causalRelationship": null,
      "outcomeResolution": null,
      "prediction": null,
      "plotSummaryInfoCount": 1,
      "plotSummaryInfo": {
        "classification": "신체운동_건강",
        "readAge": "초등_고학년",
        "form": "short-form",
        "plotSummaryText": "아빠가 진희를 특별히 챙겨 주는 모습이 진수에게는 남녀 차별로 보일 수 있다고 말했습니다.",
        "textWordEA": 13
      }
    },
    {
      "srcTextID": "99240",
      "srcText": "“엄마 아빠는 언제나 너희를 똑같이 사랑하고 있단다.” 아빠가 사랑이 가득한 눈으로 진희를 바라보며 말했어요. 가족들이 모두 식사를 마치자, 엄마가 제안했어요.",
      "srcPage": 46,
      "srcSentenceEA": 3,
      "srcWordEA": 22,
      "character": "엄마,아빠,진희",
      "setting": null,
      "action": "사랑하고 있단다,바라보며,말했어요,마치자",
      "feeling": "사랑이 가득한",
      "causalRelationship": null,
      "outcomeResolution": null,
      "prediction": null,
      "plotSummaryInfoCount": 1,
      "plotSummaryInfo": {
        "classification": "신체운동_건강",
        "readAge": "초등_고학년",
        "form": "short-form",
        "plotSummaryText": "아빠는 사랑이 가득한 눈으로 진희를 바라보며, 엄마 아빠는 언제나 너희를 똑같이 사랑하고 있다고 말했습니다.",
        "textWordEA": 14
      }
    },
    {
      "srcTextID": "99184",
      "srcText": "“조금만 더 잘게요. 5분만!” “너 좋아하는 불고기 해 놨어. 얼른 일어나 세수해.” 그러고 보니 열린 방문 틈으로 고소한 불고기 냄새가 풍겨 왔어요. 진수는 벌떡 일어났어요.",
      "srcPage": 8,
      "srcSentenceEA": 6,
      "srcWordEA": 29,
      "character": "너,불고기,진수,방문",
      "setting": null,
      "action": "일어나,세수해,일어났어요",
      "feeling": null,
      "causalRelationship": null,
      "outcomeResolution": null,
      "prediction": null,
      "plotSummaryInfoCount": 1,
      "plotSummaryInfo": {
        "classification": "신체운동_건강",
        "readAge": "초등_고학년",
        "form": "long-form",
        "plotSummaryText": "열린 방문 틈으로 고소한 불고기 냄새가 풍겨 왔는데, 진수는 좋아하는 불고기를 해 놓았다는 말을 듣고 벌떡 일어났습니다.",
        "textWordEA": 17
      }
    },
    {
      "srcTextID": "99194",
      "srcText": "“좀 천천히 먹어라. 그러다 체하겠다.” 엄마가 흐뭇한 표정을 지으며 말했어요.",
      "srcPage": 13,
      "srcSentenceEA": 3,
      "srcWordEA": 12,
      "character": "엄마",
      "setting": null,
      "action": "흐뭇한 표정을 지으며,말했어요,먹어라",
      "feeling": null,
      "causalRelationship": null,
      "outcomeResolution": null,
      "prediction": null,
      "plotSummaryInfoCount": 1,
      "plotSummaryInfo": {
        "classification": "신체운동_건강",
        "readAge": "초등_고학년",
        "form": "short-form",
        "plotSummaryText": "엄마가 흐뭇한 표정을 지으며 천천히 먹으라고 말했습니다.",
        "textWordEA": 7
      }
    },
    {
      "srcTextID": "99201",
      "srcText": "“엄만 늘 오빠만 챙기잖아! 난 밥도 직접 갖다 먹으라고 하고.” 진희가 서운한 듯 투덜거렸어요.",
      "srcPage": 17,
      "srcSentenceEA": 3,
      "srcWordEA": 16,
      "character": "오빠,진희,밥,엄마",
      "setting": null,
      "action": "갖다 먹으라고 하고,투덜거렸어요,챙기잖아",
      "feeling": "서운한",
      "causalRelationship": null,
      "outcomeResolution": null,
      "prediction": null,
      "plotSummaryInfoCount": 1,
      "plotSummaryInfo": {
        "classification": "신체운동_건강",
        "readAge": "초등_고학년",
        "form": "short-form",
        "plotSummaryText": "늘 오빠만 챙기는 엄마에게 진희가 서운한 듯 투덜거렸습니다.",
        "textWordEA": 8
      }
    },
    {
      "srcTextID": "99243",
      "srcText": "“저녁 준비는 진희와 내가 했으니까, 설거지는 남녀평등을 실천하는 의미로 남자들이 하세요.” “당연하지요.” 아빠가 기분 좋은 목소리로 대답했어요. 아빠와 진수는 빈 그릇을 모아들고 주방으로 향했어요.",
      "srcPage": 47,
      "srcSentenceEA": 3,
      "srcWordEA": 26,
      "character": "진희,아빠,진수,설거지,빈 그릇",
      "setting": "주방",
      "action": "대답했어요,모아 들고",
      "feeling": "기분 좋은",
      "causalRelationship": null,
      "outcomeResolution": null,
      "prediction": null,
      "plotSummaryInfoCount": 1,
      "plotSummaryInfo": {
        "classification": "신체운동_건강",
        "readAge": "초등_고학년",
        "form": "short-form",
        "plotSummaryText": "엄마의 제안에 기분 좋은 목소리로 대답한 아빠와 진수는 빈 그릇을 모아들고 주방으로 향했습니다.",
        "textWordEA": 13
      }
    },
    {
      "srcTextID": "103627",
      "srcText": "진수는 짜증이 나서 되물었어요. “오, 미니 피그. 난 못 들었는데 왜 불렀어?”",
      "srcPage": 22,
      "srcSentenceEA": 3,
      "srcWordEA": 13,
      "character": "진수,미니 피그",
      "setting": null,
      "action": "되물었어요,불렀어,못 들었는데",
      "feeling": "짜증이 나서",
      "causalRelationship": null,
      "outcomeResolution": null,
      "prediction": null,
      "plotSummaryInfoCount": 1,
      "plotSummaryInfo": {
        "classification": "신체운동_건강",
        "readAge": "초등_고학년",
        "form": "short-form",
        "plotSummaryText": "진수는 난 못 들었는데, 왜 불렀냐고 짜증이 나서 되물었다.",
        "textWordEA": 9
      }
    },
    {
      "srcTextID": "103621",
      "srcText": "“진수야! 어서 일어나. 학교에 가야지.” 신기하게도 바로 그때 엄마가 깨운 거예요.",
      "srcPage": 3,
      "srcSentenceEA": 3,
      "srcWordEA": 14,
      "character": "진수,엄마",
      "setting": "학교",
      "action": "깨운,일어나,가야지",
      "feeling": null,
      "causalRelationship": null,
      "outcomeResolution": null,
      "prediction": null,
      "plotSummaryInfoCount": 1,
      "plotSummaryInfo": {
        "classification": "신체운동_건강",
        "readAge": "초등_고학년",
        "form": "short-form",
        "plotSummaryText": "진수에게 어서 일어나 학교 가라며 엄마가 깨운 거였습니다.",
        "textWordEA": 8
      }
    },
    {
      "srcTextID": "99185",
      "srcText": "진수는 밤새 꿈에 시달린 탓인지 잠을 잔 것 같지가 않았어요. ‘그런데 그 귀신 누구랑 많이 닮은 것 같은데?’ 진수는 이불을 머리 위로 뒤집어쓰고 다시 침대에 누웠어요.",
      "srcPage": 5,
      "srcSentenceEA": 3,
      "srcWordEA": 28,
      "character": "진수,귀신,이불,침대,머리",
      "setting": null,
      "action": "잠을 잔,누웠어요,뒤집어쓰고",
      "feeling": null,
      "causalRelationship": null,
      "outcomeResolution": null,
      "prediction": null,
      "plotSummaryInfoCount": 1,
      "plotSummaryInfo": {
        "classification": "신체운동_건강",
        "readAge": "초등_고학년",
        "form": "short-form",
        "plotSummaryText": "밤새 꿈에 시달린 탓인지 진수는 잠을 잔 것 같지 않아 이불을 머리 위로 뒤집어쓰고 다시 침대에 누웠습니다.",
        "textWordEA": 17
      }
    },
    {
      "srcTextID": "103620",
      "srcText": "‘어휴, 꿈이었구나. 정말 죽는 줄 알았네.’ 창밖은 벌써 환하게 밝아 있었어요.",
      "srcPage": 4,
      "srcSentenceEA": 3,
      "srcWordEA": 13,
      "character": null,
      "setting": "창밖",
      "action": "정말 죽는 줄 알았네,환하게 밝아 있었어요",
      "feeling": null,
      "causalRelationship": null,
      "outcomeResolution": null,
      "prediction": null,
      "plotSummaryInfoCount": 1,
      "plotSummaryInfo": {
        "classification": "신체운동_건강",
        "readAge": "초등_고학년",
        "form": "short-form",
        "plotSummaryText": "정말 죽는 줄 알았는데 꿈이었고, 창밖은 벌써 환하게 밝아 있었습니다.",
        "textWordEA": 10
      }
    },
    {
      "srcTextID": "99182",
      "srcText": "‘에이, 꿈인데 뭐’ 진수는 꿈이라서 다행이라고 생각했어요. “진수야, 그만 일어나.”",
      "srcPage": 6,
      "srcSentenceEA": 3,
      "srcWordEA": 11,
      "character": "진수",
      "setting": null,
      "action": "일어나",
      "feeling": "다행이라고 생각했어요",
      "causalRelationship": null,
      "outcomeResolution": null,
      "prediction": null,
      "plotSummaryInfoCount": 1,
      "plotSummaryInfo": {
        "classification": "신체운동_건강",
        "readAge": "초등_고학년",
        "form": "short-form",
        "plotSummaryText": "꿈이라서 다행이라고 생각했는데, 일어나라고 진수를 불렀습니다.",
        "textWordEA": 6
      }
    },
    {
      "srcTextID": "99183",
      "srcText": "“엄마, 조금만 더 자면 안 돼요?” “벌써 일곱 시 반이야. 아빠는 벌써 나가셨어.”",
      "srcPage": 7,
      "srcSentenceEA": 3,
      "srcWordEA": 14,
      "character": "엄마,아빠",
      "setting": "일곱 시 반",
      "action": "자면,나가셨어",
      "feeling": null,
      "causalRelationship": null,
      "outcomeResolution": null,
      "prediction": null,
      "plotSummaryInfoCount": 1,
      "plotSummaryInfo": {
        "classification": "신체운동_건강",
        "readAge": "초등_고학년",
        "form": "short-form",
        "plotSummaryText": "엄마에게 조금만 더 자면 안 되냐고 하니, 아빠는 벌써 나가셨다고 말했습니다.",
        "textWordEA": 11
      }
    },
    {
      "srcTextID": "99191",
      "srcText": "침대에서 빠져나온 진수는 화장실로 달려갔어요. “오빠, 조금 이따 들어와. 나 씻고 있잖아!”",
      "srcPage": 9,
      "srcSentenceEA": 3,
      "srcWordEA": 13,
      "character": "진수,오빠",
      "setting": "화장실",
      "action": "씻고 있잖아,달려갔어요,들어와,빠져나온",
      "feeling": null,
      "causalRelationship": null,
      "outcomeResolution": null,
      "prediction": null,
      "plotSummaryInfoCount": 1,
      "plotSummaryInfo": {
        "classification": "신체운동_건강",
        "readAge": "초등_고학년",
        "form": "short-form",
        "plotSummaryText": "침대에서 빠져나온 진수는 화장실로 달려갔는데, 동생이 씻고 있으니 조금 이따 들어오라고 말했습니다.",
        "textWordEA": 12
      }
    },
    {
      "srcTextID": "99199",
      "srcText": "“아이고, 깜짝이야. 왜 소리를 질러?” 엄마가 놀란 눈으로 진희를 바라봤어요.",
      "srcPage": 15,
      "srcSentenceEA": 3,
      "srcWordEA": 12,
      "character": "엄마,진희,눈",
      "setting": null,
      "action": "소리를 질러,바라봤어요",
      "feeling": "놀란",
      "causalRelationship": null,
      "outcomeResolution": null,
      "prediction": null,
      "plotSummaryInfoCount": 1,
      "plotSummaryInfo": {
        "classification": "신체운동_건강",
        "readAge": "초등_고학년",
        "form": "short-form",
        "plotSummaryText": "엄마가 놀란 눈으로 진희를 바라보며, 왜 소리를 지르는지 물었습니다.",
        "textWordEA": 9
      }
    },
    {
      "srcTextID": "99190",
      "srcText": "진수는 진희를 옆으로 밀어내고 후다닥 양치와 세수를 마쳤어요. “어휴, 물 튀었잖아!” 진희가 짜증을 냈지만, 진수는 아랑곳하지 않고 대충 닦고 나오며 소리쳤어요. “엄마, 나 불고기 많이 줘!”",
      "srcPage": 11,
      "srcSentenceEA": 4,
      "srcWordEA": 27,
      "character": "진수,진희,불고기",
      "setting": null,
      "action": "양치와 세수를 마쳤어요,닦고 나오며,소리쳤어요,밀어 내고",
      "feeling": null,
      "causalRelationship": null,
      "outcomeResolution": null,
      "prediction": null,
      "plotSummaryInfoCount": 1,
      "plotSummaryInfo": {
        "classification": "신체운동_건강",
        "readAge": "초등_고학년",
        "form": "long-form",
        "plotSummaryText": "후다닥 양치와 세수를 마친 진수는 진희가 짜증을 냈지만 아랑곳하지 않고 대충 닦고 나오며 소리쳤습니다.",
        "textWordEA": 14
      }
    },
    {
      "srcTextID": "99193",
      "srcText": "“우리 아들 많이 먹어라.” 엄마가 식탁 한가운데 놓여 있는 불고기 접시를 진수 앞으로 당겨 놓으며 말했어요. “와! 맛있겠다.” 진수는 식탁에 앉자마자 젓가락으로 불고기를 양껏 집어 입으로 가져갔어요.",
      "srcPage": 12,
      "srcSentenceEA": 4,
      "srcWordEA": 30,
      "character": "엄마,진수,불고기,접시,젓가락",
      "setting": null,
      "action": "집어,가져갔어요,앉자마자",
      "feeling": null,
      "causalRelationship": null,
      "outcomeResolution": null,
      "prediction": null,
      "plotSummaryInfoCount": 1,
      "plotSummaryInfo": {
        "classification": "신체운동_건강",
        "readAge": "초등_고학년",
        "form": "long-form",
        "plotSummaryText": "엄마가 불고기 접시를 앞에 놓아주자, 진수는 젓가락으로 불고기를 양껏 집어 입으로 가져갔습니다.",
        "textWordEA": 12
      }
    },
    {
      "srcTextID": "103622",
      "srcText": "몸이 허공에 뜬 진수는 비명을 지르며 벼랑 아래로 떨어졌어요. “으악! 사람 살려!” 그 순간 어디선가 귀에 익은 목소리가 들렸어요.",
      "srcPage": 2,
      "srcSentenceEA": 3,
      "srcWordEA": 21,
      "character": "진수",
      "setting": "벼랑 아래",
      "action": "떨어졌어요,들렸어요,지르며",
      "feeling": null,
      "causalRelationship": null,
      "outcomeResolution": null,
      "prediction": null,
      "plotSummaryInfoCount": 1,
      "plotSummaryInfo": {
        "classification": "신체운동_건강",
        "readAge": "초등_고학년",
        "form": "short-form",
        "plotSummaryText": "진수가 비명을 지르며 벼랑 아래로 떨어지던 그 순간 어디선가 귀에 익은 목소리가 들렸습니다.",
        "textWordEA": 13
      }
    }
  ]
}