{
  "title": "혼자 다 할 수는 없어",
  "author": "신승철",
  "illustrator": "한국출판일러스트회",
  "isbn": "9791157024513",
  "publishedYear": 2015,
  "publisher": "황우",
  "paragraphInfoCount": 51,
  "paragraphInfo": [
    {
      "srcTextID": "102570",
      "srcText": "\"이거 색칠하려면 시간이 꽤 걸릴 텐데?\" 그러자 민수가 코웃음을 치며 말했어요. \"그림 좀 잘 그린다고 되게 생색 내네. 내가 멋지게 그려 올 테니 걱정하지 마!\"",
      "srcPage": 31,
      "srcSentenceEA": 4,
      "srcWordEA": 27,
      "character": "민수,내",
      "setting": null,
      "action": "걱정하지 마,코웃음을 치며,말했어요,생색 내네,그려 올 테니",
      "feeling": null,
      "causalRelationship": null,
      "outcomeResolution": null,
      "prediction": null,
      "plotSummaryInfoCount": 1,
      "plotSummaryInfo": {
        "classification": "신체운동_건강",
        "readAge": "초등_고학년",
        "form": "long-form",
        "plotSummaryText": "이거 색칠하려면 시간이 꽤 걸릴 거라는 말에 민수가 코웃음을 치며 멋지게 그려 올 테니 걱정하지 말라고 말했습니다.",
        "textWordEA": 17
      }
    },
    {
      "srcTextID": "102573",
      "srcText": "민수는 창호의 그림을 챙겨 들고 집으로 돌아왔어요. 그런데 그날 저녁 세란이도 전화를 했어요. \"엄마가 지금 아프셔서 도저히 나 혼자서는 인형을 만들 수 없을 거 같아.\"",
      "srcPage": 32,
      "srcSentenceEA": 3,
      "srcWordEA": 26,
      "character": "민수,창호,그림,세란,엄마,나,인형",
      "setting": "집,그날 저녁",
      "action": "챙겨 들고,돌아왔어요,전화를 했어요",
      "feeling": null,
      "causalRelationship": null,
      "outcomeResolution": null,
      "prediction": null,
      "plotSummaryInfoCount": 1,
      "plotSummaryInfo": {
        "classification": "신체운동_건강",
        "readAge": "초등_고학년",
        "form": "short-form",
        "plotSummaryText": "창호의 그림을 챙겨 들고 집으로 돌아온 민수에게, 세란이가 전화를 하여 엄마가 아프셔서 도저히 혼자서 인형을 만들 수 없을 거 같다고 했습니다.",
        "textWordEA": 21
      }
    },
    {
      "srcTextID": "102569",
      "srcText": "\"민경이 오면 우리 집에서 같이 만들자고 전해 줘.\" \"걱정하지 말고 엄마나 잘 돌봐 드려. 인형은 민경이하고 내가 알아서 만들게!\" 민수는 큰소리치며 전화를 끊었어요.",
      "srcPage": 33,
      "srcSentenceEA": 4,
      "srcWordEA": 25,
      "character": "엄마,인형,민경,내,전화",
      "setting": null,
      "action": "큰소리치며,끊었어요",
      "feeling": null,
      "causalRelationship": null,
      "outcomeResolution": null,
      "prediction": null,
      "plotSummaryInfoCount": 1,
      "plotSummaryInfo": {
        "classification": "신체운동_건강",
        "readAge": "초등_고학년",
        "form": "long-form",
        "plotSummaryText": "민경이에게 같이 만들자고 전해 달라는 말에, 민수는 걱정하지 말고 엄마나 잘 돌봐 드리라며, 인형은 민경이와 내가 알아서 만들겠다고 말하고 전화를 끊었습니다.",
        "textWordEA": 21
      }
    },
    {
      "srcTextID": "98578",
      "srcText": "그러나 일이 민수의 생각대로 되지 않았어요. 학원에서 돌아온 민경이가 감기 기운이 있다며 곧장 제 방으로 들어가 잠이 들어 버린 거예요. \"하여튼 도움이 안 돼! 나 혼자 하지 뭐.\"",
      "srcPage": 34,
      "srcSentenceEA": 4,
      "srcWordEA": 30,
      "character": "민수,민경,나",
      "setting": null,
      "action": "돌아온,들어가,잠이 들어",
      "feeling": null,
      "causalRelationship": null,
      "outcomeResolution": null,
      "prediction": null,
      "plotSummaryInfoCount": 1,
      "plotSummaryInfo": {
        "classification": "신체운동_건강",
        "readAge": "초등_고학년",
        "form": "long-form",
        "plotSummaryText": "학원에서 돌아온 민경이가 감기 기운으로 잠이 들어 버려 민수의 생각대로 되지 않자, 그는 투덜거리며 나 혼자 해야겠다고 했습니다.",
        "textWordEA": 18
      }
    },
    {
      "srcTextID": "98580",
      "srcText": "민수는 투덜거리며 책상에 앉았어요. 민수는 먼저 창호가 그리던 세계 지도를 완성하기로 했어요. '그런데 내 깃발에 비해 지도가 너무 작은 것 같은데? 어차피 그릴 거 이왕이면 좀 더 크게 그리자!'",
      "srcPage": 35,
      "srcSentenceEA": 4,
      "srcWordEA": 31,
      "character": "민수,책상,창호,세계 지도,깃발,지도",
      "setting": null,
      "action": "투덜거리며,앉았어요,그리던,완성하기로 했어요",
      "feeling": null,
      "causalRelationship": null,
      "outcomeResolution": null,
      "prediction": null,
      "plotSummaryInfoCount": 1,
      "plotSummaryInfo": {
        "classification": "신체운동_건강",
        "readAge": "초등_고학년",
        "form": "long-form",
        "plotSummaryText": "창호가 그리던 세계 지도가 민수의 깃발에 비해 작아서 투덜거리던 민수는 이왕 지도를 그릴 거 좀 더 크게 그리기로 마음먹었습니다.",
        "textWordEA": 19
      }
    },
    {
      "srcTextID": "98584",
      "srcText": "창호가 그리던 세계 지도를 완성하고 나니 이번에는 민수가 만든 깃발이 문제였어요. \"깃발이 너무 커서 지도랑 어울리지가 않네.\" 민수는 투덜거리며 깃발을 다시 만들기 시작했어요.",
      "srcPage": 38,
      "srcSentenceEA": 3,
      "srcWordEA": 24,
      "character": "창호,세계 지도,민수,깃발,지도",
      "setting": null,
      "action": "그리던,완성하고,만든,투덜거리며,만들기 시작했어요",
      "feeling": null,
      "causalRelationship": null,
      "outcomeResolution": null,
      "prediction": null,
      "plotSummaryInfoCount": 1,
      "plotSummaryInfo": {
        "classification": "신체운동_건강",
        "readAge": "초등_고학년",
        "form": "short-form",
        "plotSummaryText": "세계 지도를 완성하고 보니 깃발이 너무 커서 지도랑 어울리지 않자, 민수가 투덜거리며 깃발을 다시 만들기 시작했습니다.",
        "textWordEA": 16
      }
    },
    {
      "srcTextID": "98583",
      "srcText": "어느새 시간은 밤 12시가 넘어가고 있었어요. '내일 1시에 예행연습을 하기로 했는데.' 민수는 그때까지 인형을 다 만들 수 있을까 슬슬 걱정이 되기 시작했어요.",
      "srcPage": 39,
      "srcSentenceEA": 3,
      "srcWordEA": 23,
      "character": "민수,인형",
      "setting": "밤 12시",
      "action": "예행연습을 하기로 했는데,만들 수",
      "feeling": "걱정이 되기 시작했어요",
      "causalRelationship": null,
      "outcomeResolution": null,
      "prediction": null,
      "plotSummaryInfoCount": 1,
      "plotSummaryInfo": {
        "classification": "신체운동_건강",
        "readAge": "초등_고학년",
        "form": "short-form",
        "plotSummaryText": "밤 12시가 넘어가자, 내일 1시에 예행연습을 하기로 한 민수는 그때까지 인형을 다 만들 수 있을지 걱정이 되기 시작했습니다.",
        "textWordEA": 18
      }
    },
    {
      "srcTextID": "98581",
      "srcText": "그러다 어느 순간, 민수는 그만 잠이 들고 말았어요. 다음 날 아침, 잠에서 깬 민수는 발을 동동 굴렀어요. \"아! 어떡하지? 인형을 아직 못 만들었는데!\"",
      "srcPage": 40,
      "srcSentenceEA": 4,
      "srcWordEA": 26,
      "character": "민수,발,인형",
      "setting": "다음 날 아침",
      "action": "잠이 들고,잠에서 깬,굴렀어요",
      "feeling": null,
      "causalRelationship": null,
      "outcomeResolution": null,
      "prediction": null,
      "plotSummaryInfoCount": 1,
      "plotSummaryInfo": {
        "classification": "신체운동_건강",
        "readAge": "초등_고학년",
        "form": "long-form",
        "plotSummaryText": "잠이 들고 말았던 민수가 다음 날 아침 잠에서 깨어 인형을 아직 못 만들었다며 발을 동동 굴렀습니다.",
        "textWordEA": 16
      }
    },
    {
      "srcTextID": "98582",
      "srcText": "민수는 부랴부랴 인형을 만들기 시작했어요. 먼저 도화지 위에 등장인물들을 그렸어요. 의사와 간호사를 그리고, 굶주린 아프리카 사람들과 총칼을 들고 선 무서운 병사들을 대충대충 그렸어요. 민수의 이마에 식은땀이 송글송글 맺혔어요.",
      "srcPage": 41,
      "srcSentenceEA": 4,
      "srcWordEA": 31,
      "character": "민수,인형,도화지,등장인물들,의사,간호사,아프리카 사람들,총칼,병사들,이마,식은땀",
      "setting": null,
      "action": "만들기 시작했어요,그렸어요,그리고,들고",
      "feeling": null,
      "causalRelationship": null,
      "outcomeResolution": null,
      "prediction": null,
      "plotSummaryInfoCount": 1,
      "plotSummaryInfo": {
        "classification": "신체운동_건강",
        "readAge": "초등_고학년",
        "form": "long-form",
        "plotSummaryText": "부랴부랴 인형을 만들기 시작한 민수가 도화지 위에 의사와 간호사와 굶주린 아프리카 사람들과 총칼을 들고 선 무서운 병사들을 대충 그렸습니다.",
        "textWordEA": 19
      }
    },
    {
      "srcTextID": "98585",
      "srcText": "'아! 내가 너무 혼자서 다 하려고 했구나! 친구들하고 같이 했으면 금방 했을 텐데.' 그러나 후회해도 이미 때는 늦었어요. 벌써 약속한 시간이 다 되어 가거든요.",
      "srcPage": 43,
      "srcSentenceEA": 4,
      "srcWordEA": 28,
      "character": "내,친구들",
      "setting": null,
      "action": "혼자서 다 하려고",
      "feeling": "후회해도",
      "causalRelationship": null,
      "outcomeResolution": null,
      "prediction": null,
      "plotSummaryInfoCount": 1,
      "plotSummaryInfo": {
        "classification": "신체운동_건강",
        "readAge": "초등_고학년",
        "form": "long-form",
        "plotSummaryText": "친구들하고 같이했으면 금방 했을 텐데 혼자서 다 하려고 했다고 후회했지만, 이미 때는 늦어 약속한 시각이 다 되었습니다.",
        "textWordEA": 17
      }
    },
    {
      "srcTextID": "98587",
      "srcText": "\"내가 모두 불렀어!\" 뒤따라온 민경이가 웃으며 말했어요. \"혼자서 끙끙대며 고생하지 말고 우리 모두 같이 하자!\"",
      "srcPage": 45,
      "srcSentenceEA": 3,
      "srcWordEA": 16,
      "character": "내,민경,우리",
      "setting": null,
      "action": "불렀어,뒤따라온,웃으며,말했어요",
      "feeling": null,
      "causalRelationship": null,
      "outcomeResolution": null,
      "prediction": null,
      "plotSummaryInfoCount": 1,
      "plotSummaryInfo": {
        "classification": "신체운동_건강",
        "readAge": "초등_고학년",
        "form": "short-form",
        "plotSummaryText": "뒤따라온 민경이가 웃으며 내가 모두 불렀다며 혼자서 고생하지 말고 우리 모두 같이 하자고 말했습니다.",
        "textWordEA": 14
      }
    },
    {
      "srcTextID": "98591",
      "srcText": "창호가 의자를 끌고 오며 말했어요. \"이번 모둠 숙제의 주제가 협동이잖아! 우리 모둠도 제대로 협동 한번 해 보자고!\"",
      "srcPage": 46,
      "srcSentenceEA": 3,
      "srcWordEA": 18,
      "character": "창호,의자,우리 모둠",
      "setting": null,
      "action": "끌고 오며,말했어요",
      "feeling": null,
      "causalRelationship": null,
      "outcomeResolution": null,
      "prediction": null,
      "plotSummaryInfoCount": 1,
      "plotSummaryInfo": {
        "classification": "신체운동_건강",
        "readAge": "초등_고학년",
        "form": "short-form",
        "plotSummaryText": "창호가 의자를 끌고 오며, 이번 모둠 숙제의 주제가 협동이니 우리 모둠도 제대로 협동 한번 해 보자고 말했습니다.",
        "textWordEA": 17
      }
    },
    {
      "srcTextID": "98589",
      "srcText": "민수가 겸연쩍게 웃으며 친구들을 맞이했어요. \"어때? 역시 급할 땐 동생이 최고지?\" 민경이가 어깨를 으쓱거리며 말했어요. \"물론이지! 너는 나의 쌍둥이 동생, 왕민경이잖아!\" 민수의 말에 세 사람은 서로 얼굴을 마주 보며 기분 좋게 웃었어요.",
      "srcPage": 48,
      "srcSentenceEA": 5,
      "srcWordEA": 36,
      "character": "민수,친구들,동생,어깨,민경,너,나,쌍둥이 동생,왕민경,세 사람,얼굴",
      "setting": null,
      "action": "웃으며,맞이했어요,으쓱거리며,말했어요,마주 보며,웃었어요",
      "feeling": "기분 좋게",
      "causalRelationship": null,
      "outcomeResolution": null,
      "prediction": null,
      "plotSummaryInfoCount": 1,
      "plotSummaryInfo": {
        "classification": "신체운동_건강",
        "readAge": "초등_고학년",
        "form": "long-form",
        "plotSummaryText": "겸연쩍게 웃으며 친구들을 맞이하는 민수에게 역시 급할 땐 동생이 최고지 하며 민경이가 어깨를 으쓱거리자, 민수는 그런 동생을 추켜세웠고 모두가 서로를 마주 보며 기분 좋게 웃었습니다.",
        "textWordEA": 25
      }
    },
    {
      "srcTextID": "102576",
      "srcText": "일인불과이인지 혼자서는 두 사람의 지혜를 넘지 못한다는 뜻으로 아무리 잘난 사람도 여럿이 힘을 합하는 것만은 못하니 서로 도우며 협동하라는 말이에요. 일인불과이인지이란 혼자서는 두 사람의 지혜를 넘지 못한다는 뜻입니다. 어떤 친구는 너무 잘나서 뭐든 자기 맘대로 일을 처리하려고 하지요.",
      "srcPage": 49,
      "srcSentenceEA": 3,
      "srcWordEA": 40,
      "character": "혼자,두 사람,사람,친구",
      "setting": null,
      "action": "도우며,협동하라는,일을 처리하려고",
      "feeling": null,
      "causalRelationship": null,
      "outcomeResolution": null,
      "prediction": null,
      "plotSummaryInfoCount": 1,
      "plotSummaryInfo": {
        "classification": "신체운동_건강",
        "readAge": "초등_고학년",
        "form": "short-form",
        "plotSummaryText": "어떤 친구는 너무 잘나서 뭐든 자기 맘대로 일을 처리하려고 하지만, 혼자서는 두 사람의 지혜를 넘지 못하기 때문에 아무리 잘난 사람도 여럿이 힘을 합하는 것만은 못해 서로 도우며 협동하라는 말을 일인불과이인지라고 합니다.",
        "textWordEA": 31
      }
    },
    {
      "srcTextID": "102574",
      "srcText": "\"무조건 내 말만 들어!\" \"내 말이 맞으니까! 나만 따라와!\" 그런 친구는 서로 의논하면 더 좋은 해결책이 있음에도 불구하고 고집을 부리곤 해요.",
      "srcPage": 50,
      "srcSentenceEA": 4,
      "srcWordEA": 23,
      "character": "내,나,친구",
      "setting": null,
      "action": "의논하면,고집을 부리곤 해요",
      "feeling": null,
      "causalRelationship": null,
      "outcomeResolution": null,
      "prediction": null,
      "plotSummaryInfoCount": 1,
      "plotSummaryInfo": {
        "classification": "신체운동_건강",
        "readAge": "초등_고학년",
        "form": "long-form",
        "plotSummaryText": "무조건 내 말만 들으라며 나만 따라오라는 친구는 서로 의논하면 더 좋은 해결책이 있을 때도 고집을 부리곤 합니다.",
        "textWordEA": 17
      }
    },
    {
      "srcTextID": "102575",
      "srcText": "그럴 때 쓰는 말이 바로 '일인불과이인지'예요. 예로부터 우리 조상님들은 기쁜 일이나 슬픈 일이나 함께 나누라고 했어요. 특히 어렵고 힘든 일일수록 여러 사람의 힘과 지혜를 모아야 쉽게 해결할 수 있다고 했지요. 우리나라에도 '백짓장도 맞들면 낫다'라는 속담이 있는데, 바로 '일인불과이인지'와 비슷한 뜻으로 쓰인답니다.",
      "srcPage": 51,
      "srcSentenceEA": 7,
      "srcWordEA": 47,
      "character": "우리 조상님들,사람",
      "setting": "우리나라",
      "action": "나누라고 했어요,힘과 지혜를 모아야",
      "feeling": null,
      "causalRelationship": null,
      "outcomeResolution": null,
      "prediction": null,
      "plotSummaryInfoCount": 1,
      "plotSummaryInfo": {
        "classification": "신체운동_건강",
        "readAge": "초등_고학년",
        "form": "long-form",
        "plotSummaryText": "예로부터 우리 조상님들은 기쁜 일이나 슬픈 일이나 함께 나누고 어렵고 힘든 일일수록 여러 사람의 힘과 지혜를 모아야 쉽게 해결할 수 있다고 해, 백지장도 맞들면 낫다는 속담이 일인불과이인지와 비슷한 뜻으로 쓰입니다.",
        "textWordEA": 30
      }
    },
    {
      "srcTextID": "98546",
      "srcText": "민수와 민경이는 이란성 쌍둥이에요. 5분 먼저 태어난 민수가 오빠고 민경이가 동생이지요. 게다가 올해는 같은 반, 같은 모둠, 짝꿍까지 되었어요.",
      "srcPage": 4,
      "srcSentenceEA": 3,
      "srcWordEA": 21,
      "character": "민수,민경,이란성 쌍둥이,오빠,동생,짝꿍",
      "setting": null,
      "action": "짝꿍까지 되었어요",
      "feeling": null,
      "causalRelationship": null,
      "outcomeResolution": null,
      "prediction": null,
      "plotSummaryInfoCount": 1,
      "plotSummaryInfo": {
        "classification": "신체운동_건강",
        "readAge": "초등_고학년",
        "form": "short-form",
        "plotSummaryText": "5분 먼저 태어난 민수가 오빠고 민경이가 동생인 둘은 이란성 쌍둥이인데 올해는 같은 반, 같은 모둠, 짝꿍까지 되었습니다.",
        "textWordEA": 17
      }
    },
    {
      "srcTextID": "98544",
      "srcText": "\"제발 저만치 좀 떨어져서 가! 친구들이 놀린다고!\" \"너야말로 나 좀 따라다니지 마!\" 민수와 민경이는 서로 같이 다니는 것을 극도로 싫어했어요. 그래서 집에 갈 때도 일부러 멀찌감치 떨어져 걸었어요.",
      "srcPage": 7,
      "srcSentenceEA": 5,
      "srcWordEA": 31,
      "character": "친구들,너,나,민수,민경",
      "setting": null,
      "action": "다니는,갈,떨어져,걸었어요",
      "feeling": "싫어했어요",
      "causalRelationship": null,
      "outcomeResolution": null,
      "prediction": null,
      "plotSummaryInfoCount": 1,
      "plotSummaryInfo": {
        "classification": "신체운동_건강",
        "readAge": "초등_고학년",
        "form": "long-form",
        "plotSummaryText": "민수와 민경이는 서로 같이 다니는 것을 극도로 싫어하여 떨어져서 가라고 말하거나, 따라다니지 말라 말하며 집에 갈 때도 떨어져 걷습니다.",
        "textWordEA": 19
      }
    },
    {
      "srcTextID": "98567",
      "srcText": "민경이는 세란이와 창호의 의견을 민수에게 전했어요. \"에이, 후딱후딱 해치우지. 뭐하러 시간을 끌어!\"",
      "srcPage": 16,
      "srcSentenceEA": 3,
      "srcWordEA": 13,
      "character": "민경,세란,창호,민수",
      "setting": null,
      "action": "전했어요,후딱후딱 해치우지,시간을 끌어",
      "feeling": null,
      "causalRelationship": null,
      "outcomeResolution": null,
      "prediction": null,
      "plotSummaryInfoCount": 1,
      "plotSummaryInfo": {
        "classification": "신체운동_건강",
        "readAge": "초등_고학년",
        "form": "short-form",
        "plotSummaryText": "세란이와 창호의 의견을 민경이가 전하자, 민수는 후딱후딱 해치우지 뭐 하러 시간을 끄냐고 투덜거렸습니다.",
        "textWordEA": 13
      }
    },
    {
      "srcTextID": "98564",
      "srcText": "\"모둠 숙제는 같이 해야 하는 건데, 아이들이 시간이 안 된다잖아!\" \"그럼 세란이가 하기로 한 건 내가 하고, 창호가 하기로 한 건 민경이 네가 하면 되겠다!\" 민수의 말에 민경이가 발끈했어요.",
      "srcPage": 17,
      "srcSentenceEA": 3,
      "srcWordEA": 30,
      "character": "아이들,세란,내,창호,민경,모둠 숙제",
      "setting": null,
      "action": "하면 되겠다",
      "feeling": "발끈했습니다",
      "causalRelationship": null,
      "outcomeResolution": null,
      "prediction": null,
      "plotSummaryInfoCount": 1,
      "plotSummaryInfo": {
        "classification": "신체운동_건강",
        "readAge": "초등_고학년",
        "form": "short-form",
        "plotSummaryText": "모둠 숙제는 같이 해야 하는데, 시간이 안 된다는 아이들의 말에 민수가 세란이 것은 내가 하기로 하고, 창호가 하기로 한 건 민경이 네가 하면 되겠다고 말하여 민경이가 발끈했습니다.",
        "textWordEA": 27
      }
    },
    {
      "srcTextID": "98570",
      "srcText": "다음 날, 방과 후에 모둠 아이들이 다시 모였어요. 민수는 한 뭉치의 자료를 아이들 앞에 내려놓았어요. \"너희들이 바쁘다고 해서 어제 내가 조사 다 했어.\"",
      "srcPage": 20,
      "srcSentenceEA": 3,
      "srcWordEA": 24,
      "character": "모둠 아이들,민수,자료,너희들,내",
      "setting": "다음 날,방과 후",
      "action": "모였어요,내려놓았어요,조사 다 했어",
      "feeling": null,
      "causalRelationship": null,
      "outcomeResolution": null,
      "prediction": null,
      "plotSummaryInfoCount": 1,
      "plotSummaryInfo": {
        "classification": "신체운동_건강",
        "readAge": "초등_고학년",
        "form": "short-form",
        "plotSummaryText": "다음 날, 민수는 방과 후에 다시 모인 모둠 아이들에게 자료를 내보이며 자기가 바쁜 그들 대신 다 조사했다고 말했습니다.",
        "textWordEA": 18
      }
    },
    {
      "srcTextID": "98575",
      "srcText": "그때 민수가 방문을 벌컥 열고 들어왔어요. \"이 깃발 어때? 멋지게 만들었지?\" 민수가 '국경없는의사회' 깃발을 흔들며 자랑했어요. 그러고는 민경이가 만든 표를 쳐다보더니 고개를 저었어요.",
      "srcPage": 26,
      "srcSentenceEA": 6,
      "srcWordEA": 27,
      "character": "민수,방문,깃발,국경없는의사회,민경,표,고개",
      "setting": null,
      "action": "열고,들어왔어요,만들었지,흔들며,자랑했어요,쳐다보더니,저었어요",
      "feeling": null,
      "causalRelationship": null,
      "outcomeResolution": null,
      "prediction": null,
      "plotSummaryInfoCount": 1,
      "plotSummaryInfo": {
        "classification": "신체운동_건강",
        "readAge": "초등_고학년",
        "form": "long-form",
        "plotSummaryText": "민수가 방문을 벌컥 열고 들어와 국경없는의사회 깃발을 흔들며 자랑하고는 민경이가 만든 표를 보더니 고개를 저었습니다.",
        "textWordEA": 15
      }
    },
    {
      "srcTextID": "102572",
      "srcText": "다음 날, 수업을 마치고 집으로 가던 민수는 운동장 관중석 계단에서 창호를 만났어요. 창호는 모둠 숙제를 하고 있던 참이었어요. 민수가 다가가 그림을 보며 투덜댔어요.",
      "srcPage": 29,
      "srcSentenceEA": 3,
      "srcWordEA": 25,
      "character": "민수,창호,그림",
      "setting": "다음 날,운동장 관중석 계단",
      "action": "수업을 마치고,만났어요,숙제를 하고,다가가,보며,투덜댔어요",
      "feeling": null,
      "causalRelationship": null,
      "outcomeResolution": null,
      "prediction": null,
      "plotSummaryInfoCount": 1,
      "plotSummaryInfo": {
        "classification": "신체운동_건강",
        "readAge": "초등_고학년",
        "form": "short-form",
        "plotSummaryText": "민수가 수업을 마치고 집으로 가던 중에 운동장 관중석 계단에서 모둠 숙제를 하고 있던 창호가 그린 그림을 보고는 투덜댔습니다.",
        "textWordEA": 18
      }
    },
    {
      "srcTextID": "102571",
      "srcText": "\"좀 알록달록하게 그려야지? 너무 밋밋하잖아!\" \"그런 말 마라, 나 지금 학원도 빠져 가면서 그리는 거야.\" \"그럼 너는 학원에 가. 내가 완성할 테니까!\"",
      "srcPage": 30,
      "srcSentenceEA": 5,
      "srcWordEA": 24,
      "character": null,
      "setting": "학원",
      "action": "빠져,가면서,그리는,완성",
      "feeling": null,
      "causalRelationship": null,
      "outcomeResolution": null,
      "prediction": null,
      "plotSummaryInfoCount": 1,
      "plotSummaryInfo": {
        "classification": "신체운동_건강",
        "readAge": "초등_고학년",
        "form": "long-form",
        "plotSummaryText": "너무 밋밋하니 알록달록하게 그리라고 말하자 상대는 나도 학원 빠져 가면서 그리는 거라고 말했고, 그럼 내가 완성하겠다고 대꾸했습니다.",
        "textWordEA": 17
      }
    },
    {
      "srcTextID": "98579",
      "srcText": "민수는 창호의 그림을 팽개쳐 두고 다시 커다랗게 그리기 시작했어요. 그런데 지도를 그리는 것이 생각보다 쉽지 않았어요. 한 시간 내내 끙끙대며 밑그림을 그리던 민수는 마침내 생각을 바꿨어요.",
      "srcPage": 36,
      "srcSentenceEA": 3,
      "srcWordEA": 28,
      "character": "민수,창호,그림,지도",
      "setting": null,
      "action": "팽개쳐,두고,그리기 시작했어요,그리는,끙끙대며,그리던,생각을 바꿨어요",
      "feeling": null,
      "causalRelationship": null,
      "outcomeResolution": null,
      "prediction": null,
      "plotSummaryInfoCount": 1,
      "plotSummaryInfo": {
        "classification": "신체운동_건강",
        "readAge": "초등_고학년",
        "form": "short-form",
        "plotSummaryText": "창호의 그림을 팽개쳐 두고 다시 커다랗게 그리기 시작했던 민수가 지도를 그리는 것이 생각보다 쉽지 않아 한 시간 내내 끙끙대다가 생각을 바꿨습니다.",
        "textWordEA": 21
      }
    },
    {
      "srcTextID": "98577",
      "srcText": "'안 되겠다! 다시 창호 그림으로 마무리하자!' 민수는 창호가 그리다 만 그림을 완성해 나갔어요. 역시 처음부터 그리는 것보다 훨씬 쉬웠어요.",
      "srcPage": 37,
      "srcSentenceEA": 4,
      "srcWordEA": 22,
      "character": "창호,그림,민수",
      "setting": null,
      "action": "그리다 만,완성해 나갔어요",
      "feeling": null,
      "causalRelationship": null,
      "outcomeResolution": null,
      "prediction": null,
      "plotSummaryInfoCount": 1,
      "plotSummaryInfo": {
        "classification": "신체운동_건강",
        "readAge": "초등_고학년",
        "form": "long-form",
        "plotSummaryText": "민수가 안 되겠다며 창호가 그리다 만 그림을 완성해 나가니 처음부터 그리는 것보다 훨씬 쉬웠습니다.",
        "textWordEA": 14
      }
    },
    {
      "srcTextID": "98586",
      "srcText": "그때 문득 의문이 생겼어요. '아니, 다 같이 협동해서 하는 게 모둠 숙제인데 왜 나만 숙제를 하고 있는 것 같지?' 그제야 민수는 후회가 되었어요.",
      "srcPage": 42,
      "srcSentenceEA": 3,
      "srcWordEA": 24,
      "character": "나,민수",
      "setting": null,
      "action": "숙제를 하고 있는",
      "feeling": "후회가 되었어요",
      "causalRelationship": null,
      "outcomeResolution": null,
      "prediction": null,
      "plotSummaryInfoCount": 1,
      "plotSummaryInfo": {
        "classification": "신체운동_건강",
        "readAge": "초등_고학년",
        "form": "short-form",
        "plotSummaryText": "민수는 다 같이 협동해서 하는 게 모둠 숙제인데, 나만 숙제하고 있는 것 같은 의문이 들면서 후회가 되었습니다.",
        "textWordEA": 17
      }
    },
    {
      "srcTextID": "98588",
      "srcText": "그때 밖에서 요란한 소리가 들렸어요. \"왕민수! 뭐 하냐?\" \"민수야! 우리가 왔어!\" 창호와 세란이의 목소리였어요. 친구들은 민수의 방문을 벌컥 열고 들어왔어요.",
      "srcPage": 44,
      "srcSentenceEA": 5,
      "srcWordEA": 24,
      "character": "왕민수,민수,우리,창호,세란,친구들,방문",
      "setting": null,
      "action": "왔어,열고,들어왔어요",
      "feeling": null,
      "causalRelationship": null,
      "outcomeResolution": null,
      "prediction": null,
      "plotSummaryInfoCount": 1,
      "plotSummaryInfo": {
        "classification": "신체운동_건강",
        "readAge": "초등_고학년",
        "form": "long-form",
        "plotSummaryText": "그때 밖에서 창호와 세란이의 목소리가 들리며, 친구들이 민수의 방문을 벌컥 열고 들어왔습니다.",
        "textWordEA": 12
      }
    },
    {
      "srcTextID": "98590",
      "srcText": "세란이가 맞장구를 쳤어요. \"어휴, 잘 왔다! 혼자 하느라 얼마나 힘들었다고! 역시 모둠 숙제는 모두 함께 해야 돼!\"",
      "srcPage": 47,
      "srcSentenceEA": 4,
      "srcWordEA": 19,
      "character": "세란,혼자,모둠 숙제",
      "setting": null,
      "action": "맞장구를 쳤어요,혼자 하느라,해야 돼",
      "feeling": "힘들었다고",
      "causalRelationship": null,
      "outcomeResolution": null,
      "prediction": null,
      "plotSummaryInfoCount": 1,
      "plotSummaryInfo": {
        "classification": "신체운동_건강",
        "readAge": "초등_고학년",
        "form": "long-form",
        "plotSummaryText": "세란이가 맞장구를 치자, 그는 혼자 하느라 힘들었고 역시 모둠 숙제는 모두 함께해야 된다 말했습니다.",
        "textWordEA": 14
      }
    },
    {
      "srcTextID": "98541",
      "srcText": "\"이번 주 모둠 과제는 서로 협동하며 봉사하는 단체에 대해 조사해 오는 거예요!\" 선생님의 말에 민수가 대답 대신 한숨을 내쉬었어요. \"휴, 우리 모둠 걱정된다.\"",
      "srcPage": 1,
      "srcSentenceEA": 3,
      "srcWordEA": 24,
      "character": "단체,선생님,민수",
      "setting": null,
      "action": "조사해,한숨을 내쉬었어요",
      "feeling": "걱정된다",
      "causalRelationship": null,
      "outcomeResolution": null,
      "prediction": null,
      "plotSummaryInfoCount": 1,
      "plotSummaryInfo": {
        "classification": "신체운동_건강",
        "readAge": "초등_고학년",
        "form": "short-form",
        "plotSummaryText": "선생님이 이번 주 모둠 과제는 서로 협동하며 봉사하는 단체에 대해 조사해 오는 거라고 하자 민수가 우리 모둠 걱정된다며 한숨을 내쉬었습니다.",
        "textWordEA": 20
      }
    },
    {
      "srcTextID": "98542",
      "srcText": "누가 먼저랄 것도 없이 민수와 민경이는 팽하니 돌아앉았어요. 뒤에 앉은 세란이가 두 친구를 보며 웃었어요. \"또, 또 싸운다! 왕 쌍둥이들! 왕민수, 왕민경, 너희들이 쌍둥이라는 게 놀랍다!\"",
      "srcPage": 3,
      "srcSentenceEA": 5,
      "srcWordEA": 29,
      "character": "민수,민경이,세란이,친구,쌍둥이,왕민수,왕민경",
      "setting": null,
      "action": "돌아앉았어요,보며,웃었어요",
      "feeling": "놀랍다",
      "causalRelationship": null,
      "outcomeResolution": null,
      "prediction": null,
      "plotSummaryInfoCount": 1,
      "plotSummaryInfo": {
        "classification": "신체운동_건강",
        "readAge": "초등_고학년",
        "form": "long-form",
        "plotSummaryText": "뒤에 앉은 세란이가 팽하니 돌아앉은 두 친구 민수와 민경이를 보고 너희들이 쌍둥이라는 게 놀랍다며 웃었습니다.",
        "textWordEA": 15
      }
    },
    {
      "srcTextID": "98545",
      "srcText": "민수는 엄마를, 민경이는 아빠를 닮았거든요. 또 민수는 오동통하고, 민경이는 홀쭉한 편이에요. 그래서 친구들은 두 사람이 같이 걸어가는 모습을 보면 '뚱뚱이와 홀쭉이'가 걸어간다며 놀려 댔어요.",
      "srcPage": 6,
      "srcSentenceEA": 5,
      "srcWordEA": 27,
      "character": "민수,엄마,민경이,아빠,친구들,뚱뚱이,홀쭉이",
      "setting": null,
      "action": "걸어가는,보면,걸어간다며,놀려 댔어요",
      "feeling": null,
      "causalRelationship": null,
      "outcomeResolution": null,
      "prediction": null,
      "plotSummaryInfoCount": 1,
      "plotSummaryInfo": {
        "classification": "신체운동_건강",
        "readAge": "초등_고학년",
        "form": "long-form",
        "plotSummaryText": "친구들은 아빠를 닮은 홀쭉한 민경이와 엄마를 닮은 오동통한 민수가 같이 걸어가는 모습을 보면 뚱뚱이와 홀쭉이가 걸어간다며 놀렸습니다.",
        "textWordEA": 17
      }
    },
    {
      "srcTextID": "98560",
      "srcText": "\"그리고 이번 과제는 인형극으로 꾸며서 발표하면 아마 선생님도 만족하실 거야.\" 민수는 제 할 말만 따따따 떠들고 난 후 축구 교실에 가야 한다며 쌩하니 나가 버렸어요. 민수가 나가고 나자 민경이가 한숨을 쉬며 말했어요.",
      "srcPage": 13,
      "srcSentenceEA": 3,
      "srcWordEA": 34,
      "character": "선생님,민수,민경",
      "setting": null,
      "action": "떠들고,가야,나가,나가고,한숨을 쉬며,말했어요",
      "feeling": null,
      "causalRelationship": null,
      "outcomeResolution": null,
      "prediction": null,
      "plotSummaryInfoCount": 1,
      "plotSummaryInfo": {
        "classification": "신체운동_건강",
        "readAge": "초등_고학년",
        "form": "short-form",
        "plotSummaryText": "민수가 이번 과제는 인형극으로 꾸며서 발표하면 선생님도 만족하실 거라고 제 할 말만 떠들고, 축구 교실에 가야 한다며 쌩하니 나가 버리자, 민경이가 한숨을 쉬며 말했습니다.",
        "textWordEA": 24
      }
    },
    {
      "srcTextID": "98562",
      "srcText": "\"협동에 대해서 숙제하고 있는데, 우린 전혀 협동이 안 되네. 어이구, 독불장군 왕민수!\" 민경이가 투덜대자 창호가 한마디 보탰어요.",
      "srcPage": 14,
      "srcSentenceEA": 3,
      "srcWordEA": 19,
      "character": "왕민수,민경,창호",
      "setting": null,
      "action": "숙제하고,투덜대자,보탰어요",
      "feeling": null,
      "causalRelationship": null,
      "outcomeResolution": null,
      "prediction": null,
      "plotSummaryInfoCount": 1,
      "plotSummaryInfo": {
        "classification": "신체운동_건강",
        "readAge": "초등_고학년",
        "form": "short-form",
        "plotSummaryText": "민경이가 협동에 대해서 숙제하고 있는데, 우린 전혀 협동이 안 된다며 독불장군 왕민수라고 투덜대자, 창호가 한마디 보탰습니다.",
        "textWordEA": 16
      }
    },
    {
      "srcTextID": "98561",
      "srcText": "\"민수는 성격이 너무 급해! 난 내일까지 힘든데.\" \"나도. 오늘은 학원 숙제가 많아서 어려워!\" 아이들의 말에 민경이 나섰어요. \"내가 집에 가서 민수한테 전할게. 모레 만나자고!\"",
      "srcPage": 15,
      "srcSentenceEA": 6,
      "srcWordEA": 28,
      "character": "민수,난,나,아이들,민경,내",
      "setting": null,
      "action": "나섰어요,전할게",
      "feeling": null,
      "causalRelationship": null,
      "outcomeResolution": null,
      "prediction": null,
      "plotSummaryInfoCount": 1,
      "plotSummaryInfo": {
        "classification": "신체운동_건강",
        "readAge": "초등_고학년",
        "form": "long-form",
        "plotSummaryText": "아이들이 민수는 성격이 너무 급하다며 내일까지 일을 마치긴 어렵다고 말하자 민경이가 집에 가서 민수한테 사정을 전하겠다고 했습니다.",
        "textWordEA": 17
      }
    },
    {
      "srcTextID": "98566",
      "srcText": "모둠 숙제를 둘이서 도맡아야 하는 게 맘에 들지 않았던 거예요. \"왜 오빠 맘대로 정하려고 해?\" 민경이의 말에 민수가 버럭 소리를 질렀어요.",
      "srcPage": 18,
      "srcSentenceEA": 3,
      "srcWordEA": 22,
      "character": "오빠,민경,민수",
      "setting": null,
      "action": "소리를 질렀어요",
      "feeling": "맘에 들지 않았던 거예요",
      "causalRelationship": null,
      "outcomeResolution": null,
      "prediction": null,
      "plotSummaryInfoCount": 1,
      "plotSummaryInfo": {
        "classification": "신체운동_건강",
        "readAge": "초등_고학년",
        "form": "short-form",
        "plotSummaryText": "민경이가 모둠 숙제를 둘이 도맡아야 하는 게 맘에 들지 않아 왜 오빠 맘대로 정하냐고 따지자, 민수가 버럭 소리를 질렀습니다.",
        "textWordEA": 19
      }
    },
    {
      "srcTextID": "98565",
      "srcText": "\"하는 김에 같이 하면 되잖아! 그게 그렇게 어려워?\" \"나도 학원 갔다 와서 피곤하단 말이야!\" \"내가 한다! 내가 해!\" 민수가 성질을 내며 방으로 들어가 버렸어요. 민경이는 제 맘대로 하려는 민수 때문에 속이 상했어요.",
      "srcPage": 19,
      "srcSentenceEA": 7,
      "srcWordEA": 36,
      "character": "나,내,민수,민경",
      "setting": null,
      "action": "들어가 버렸어요,갔다 와서",
      "feeling": "속이 상했어요",
      "causalRelationship": null,
      "outcomeResolution": null,
      "prediction": null,
      "plotSummaryInfoCount": 1,
      "plotSummaryInfo": {
        "classification": "신체운동_건강",
        "readAge": "초등_고학년",
        "form": "long-form",
        "plotSummaryText": "자기 할 말만 하고 성질을 내며 방으로 들어가 버린 민수가 뭐든 제 맘대로 하려 했기 때문에 민경이는 속이 상했습니다.",
        "textWordEA": 19
      }
    },
    {
      "srcTextID": "98568",
      "srcText": "\"와! 역시 민수가 최고야!\" 창호와 세란이가 민수를 치켜세웠어요. 민수는 아이들의 칭찬에 기분이 좋아졌어요.",
      "srcPage": 21,
      "srcSentenceEA": 3,
      "srcWordEA": 16,
      "character": "민수,창호,세란,아이들",
      "setting": null,
      "action": "치켜세웠어요,칭찬",
      "feeling": null,
      "causalRelationship": null,
      "outcomeResolution": null,
      "prediction": null,
      "plotSummaryInfoCount": 1,
      "plotSummaryInfo": {
        "classification": "신체운동_건강",
        "readAge": "초등_고학년",
        "form": "short-form",
        "plotSummaryText": "창호와 세란이가 민수가 최고라며 치켜세워 주자, 민수는 기분이 좋아졌습니다.",
        "textWordEA": 9
      }
    },
    {
      "srcTextID": "98572",
      "srcText": "아이들은 인형극을 어떻게 할지 서로 의견을 나눴어요. 이번에도 역시 민수가 적극적으로 나섰어요. \"활동 지역을 표시한 세계 지도를 배경 그림으로 하고, '국경없는의사회'의 활약을 인형극으로 보여 주는 게 어때?\"",
      "srcPage": 22,
      "srcSentenceEA": 4,
      "srcWordEA": 29,
      "character": "아이들,민수,세계 지도",
      "setting": null,
      "action": "의견을 나눴어요,나섰어요",
      "feeling": null,
      "causalRelationship": null,
      "outcomeResolution": null,
      "prediction": null,
      "plotSummaryInfoCount": 1,
      "plotSummaryInfo": {
        "classification": "신체운동_건강",
        "readAge": "초등_고학년",
        "form": "long-form",
        "plotSummaryText": "이번에도 민수가 아이들보다 적극적으로 나서며, 활동 지역을 표시한 세계 지도를 배경 그림으로 하고, 국경없는의사회의 활약을 인형극으로 보여 주자고 말했습니다.",
        "textWordEA": 19
      }
    },
    {
      "srcTextID": "98571",
      "srcText": "별다른 생각이 없던 민경이도 민수의 의견에 찬성했어요. 배경으로 쓸 세계 지도는 그림을 잘 그리는 창호가 맡기로 했어요. 국경없는의사회의 깃발과 자료 사진은 민수가 맡기로 했고요.",
      "srcPage": 23,
      "srcSentenceEA": 3,
      "srcWordEA": 26,
      "character": "민경,민수,세계 지도,그림,창호,깃발,자료 사진",
      "setting": null,
      "action": "찬성했어요,맡기로 했어요,맡기로 했고요",
      "feeling": null,
      "causalRelationship": null,
      "outcomeResolution": null,
      "prediction": null,
      "plotSummaryInfoCount": 1,
      "plotSummaryInfo": {
        "classification": "신체운동_건강",
        "readAge": "초등_고학년",
        "form": "short-form",
        "plotSummaryText": "민경이도 별다른 생각이 없던 차에 세계 지도는 그림을 잘 그리는 창호가 맡기로 하고, 국경없는의사회의 깃발과 자료 사진은 민수가 맡기로 했습니다.",
        "textWordEA": 20
      }
    },
    {
      "srcTextID": "98569",
      "srcText": "꼼꼼한 민경이는 인형극 대본과 발표 자료를, 손재주가 좋은 세란이는 인형을 만들기로 했지요. \"이틀 뒤 토요일 날 예행연습을 하자!\" 민수의 제안에 모두들 고개를 끄덕였어요.",
      "srcPage": 24,
      "srcSentenceEA": 3,
      "srcWordEA": 24,
      "character": "민경,인형극 대본,발표 자료,세란,인형,민수,모두들,고개",
      "setting": null,
      "action": "만들기로 했지요,예행연습을 하자,끄덕였어요",
      "feeling": null,
      "causalRelationship": null,
      "outcomeResolution": null,
      "prediction": null,
      "plotSummaryInfoCount": 1,
      "plotSummaryInfo": {
        "classification": "신체운동_건강",
        "readAge": "초등_고학년",
        "form": "short-form",
        "plotSummaryText": "민경이가 인형극 대본과 발표 자료를 맡고, 세란이는 인형을 만들기로 한 뒤, 이틀 후 토요일에 만나 예행연습을 하자는 민수의 제안에 모두 고개를 끄덕였습니다.",
        "textWordEA": 22
      }
    },
    {
      "srcTextID": "98576",
      "srcText": "민경이는 먼저 '국경없는의사회'의 활동을 적은 예쁜 표를 만들었어요. 그런데 표를 만들다 보니 '국경없는의사회'가 정말 엄청나게 많은 지역으로 의료 봉사를 나간 걸 알게 되었어요. \"와! 정말 대단해!\" 민경이는 감탄하여 자기도 모르게 박수를 쳤어요.",
      "srcPage": 25,
      "srcSentenceEA": 6,
      "srcWordEA": 37,
      "character": "민경,국경없는의사회",
      "setting": null,
      "action": "만들었어요,만들다,박수를 쳤어요",
      "feeling": "감탄하여",
      "causalRelationship": null,
      "outcomeResolution": null,
      "prediction": null,
      "plotSummaryInfoCount": 1,
      "plotSummaryInfo": {
        "classification": "신체운동_건강",
        "readAge": "초등_고학년",
        "form": "long-form",
        "plotSummaryText": "국경없는의사회의 활동에 관한 표를 만들다 보니 그들이 엄청나게 많은 지역으로 의료 봉사를 나간 걸 알게 된 민경이는 감탄하여 자기도 모르게 박수를 쳤습니다.",
        "textWordEA": 22
      }
    },
    {
      "srcTextID": "98574",
      "srcText": "\"이렇게 작게 만들어서 글자나 보이겠어? 나처럼 크게! 눈에 확 띄게 만들어야지!\" 민수의 말에 민경이는 머리끝까지 화가 났어요.",
      "srcPage": 27,
      "srcSentenceEA": 4,
      "srcWordEA": 20,
      "character": "나,눈,민수,민경",
      "setting": null,
      "action": "만들어서,만들어야지",
      "feeling": "화가 났어요",
      "causalRelationship": null,
      "outcomeResolution": null,
      "prediction": null,
      "plotSummaryInfoCount": 1,
      "plotSummaryInfo": {
        "classification": "신체운동_건강",
        "readAge": "초등_고학년",
        "form": "long-form",
        "plotSummaryText": "민수가 나처럼 크고, 눈에 확 띄게 만들어야지 이렇게 작게 만들어서 글자나 보이겠냐고 지적하자 민경이는 머리끝까지 화가 났습니다.",
        "textWordEA": 17
      }
    },
    {
      "srcTextID": "98573",
      "srcText": "\"그렇게 맘에 안 들면 네가 다시 만들어!\" \"알았어! 내가 다시 만들고 만다!\" 민수가 씩씩거리며 방을 나갔어요.",
      "srcPage": 28,
      "srcSentenceEA": 3,
      "srcWordEA": 18,
      "character": "네,내,민수",
      "setting": "방",
      "action": "씩씩거리며,나갔어요,만들어",
      "feeling": null,
      "causalRelationship": null,
      "outcomeResolution": null,
      "prediction": null,
      "plotSummaryInfoCount": 1,
      "plotSummaryInfo": {
        "classification": "신체운동_건강",
        "readAge": "초등_고학년",
        "form": "short-form",
        "plotSummaryText": "그렇게 맘에 안 들면 네가 다시 만들라는 말에 씩씩거리던 민수가 내가 다시 만들고 만다며 방을 나갔습니다.",
        "textWordEA": 16
      }
    },
    {
      "srcTextID": "98543",
      "srcText": "민수는 옆자리에 앉은 민경이를 보며 투덜댔어요. 민수의 말에 민경이 역시 입을 비죽거리며 대답했어요. \"누군 좋은 줄 알아? 나도 너 싫어!\"",
      "srcPage": 2,
      "srcSentenceEA": 4,
      "srcWordEA": 22,
      "character": "민수,민경,입,나,너",
      "setting": null,
      "action": "앉은,보며,투덜댔어요,비죽거리며,대답했어요",
      "feeling": "싫어",
      "causalRelationship": null,
      "outcomeResolution": null,
      "prediction": null,
      "plotSummaryInfoCount": 1,
      "plotSummaryInfo": {
        "classification": "신체운동_건강",
        "readAge": "초등_고학년",
        "form": "long-form",
        "plotSummaryText": "투덜대는 민수를 본 옆자리 민경이가 누군 좋은 줄 아냐고 나도 너 싫다고 입을 비죽거리며 대답했습니다.",
        "textWordEA": 15
      }
    },
    {
      "srcTextID": "98547",
      "srcText": "보통 쌍둥이들은 서로 텔레파시도 통하고, 이심전심으로 서로를 잘 안다고 하지요. 하지만 민수와 민경이는 달라도 너무 달랐어요. 쌍둥이지만 이란성이라 얼굴도 닮지 않았어요.",
      "srcPage": 5,
      "srcSentenceEA": 3,
      "srcWordEA": 23,
      "character": "쌍둥이들,민수,민경,얼굴",
      "setting": null,
      "action": "텔레파시도 통하고,안다고",
      "feeling": null,
      "causalRelationship": null,
      "outcomeResolution": null,
      "prediction": null,
      "plotSummaryInfoCount": 1,
      "plotSummaryInfo": {
        "classification": "신체운동_건강",
        "readAge": "초등_고학년",
        "form": "short-form",
        "plotSummaryText": "서로 텔레파시도 통하고, 이심전심으로 서로를 잘 안다고 하는 보통 쌍둥이들과 다르게 민수와 민경이는 달라도 너무 달랐는데, 이란성이라 얼굴까지 달랐습니다.",
        "textWordEA": 19
      }
    },
    {
      "srcTextID": "98558",
      "srcText": "두 사람은 성격도 판이하게 달랐어요. 민수는 엄마를 닮아 '빨리! 빨리!'를 입에 달고 살았고, 민경이는 아빠를 닮아 매사에 느릿느릿 느림보였어요. 그런 느림보 민경이와 같이 모둠 숙제를 해야 하다니 민수는 시작부터 가슴이 답답했어요.",
      "srcPage": 8,
      "srcSentenceEA": 5,
      "srcWordEA": 35,
      "character": "두 사람,민수,엄마,입,민경이,아빠",
      "setting": null,
      "action": "살았고,숙제를 해야",
      "feeling": "답답했어요",
      "causalRelationship": null,
      "outcomeResolution": null,
      "prediction": null,
      "plotSummaryInfoCount": 1,
      "plotSummaryInfo": {
        "classification": "신체운동_건강",
        "readAge": "초등_고학년",
        "form": "long-form",
        "plotSummaryText": "민수는 엄마를 닮아 빨리라는 말을 입에 달고 살았고, 민경이는 아빠를 닮아 매사에 느릿느릿 느림보여서 민수는 민경이와 같이 모둠 숙제를 해야 한다는 생각에 가슴이 답답했습니다.",
        "textWordEA": 24
      }
    },
    {
      "srcTextID": "98556",
      "srcText": "게다가 같은 모둠인 세란이나 창호 역시 답답하기는 마찬가지였어요. \"먼저 인터넷으로 서로 협동하며 세상에 봉사하는 사람이나 단체에는 어떤 것이 있나 조사해 보자.\" 느림보 민경이가 말했어요.",
      "srcPage": 9,
      "srcSentenceEA": 3,
      "srcWordEA": 25,
      "character": "세란,창호,민경",
      "setting": null,
      "action": "협동하며,조사해,말했어요",
      "feeling": "답답하기는",
      "causalRelationship": null,
      "outcomeResolution": null,
      "prediction": null,
      "plotSummaryInfoCount": 1,
      "plotSummaryInfo": {
        "classification": "신체운동_건강",
        "readAge": "초등_고학년",
        "form": "short-form",
        "plotSummaryText": "같은 모둠인 세란이나 창호도 답답하기는 마찬가지였는데, 느림보 민경이가 먼저 인터넷으로 협동하며 세상에 봉사하는 사람이나 단체를 조사해 보자고 말했습니다.",
        "textWordEA": 18
      }
    },
    {
      "srcTextID": "98559",
      "srcText": "성격 급한 민수는 민경이의 의견에 반대했어요. \"그런 걸 뭐 자료 조사까지 해! 그냥 '국경없는의사회'로 하자! 특별하니 좋잖아!\"",
      "srcPage": 10,
      "srcSentenceEA": 5,
      "srcWordEA": 20,
      "character": "민수,민경,국경없는의사회",
      "setting": null,
      "action": "반대했어요",
      "feeling": null,
      "causalRelationship": null,
      "outcomeResolution": null,
      "prediction": null,
      "plotSummaryInfoCount": 1,
      "plotSummaryInfo": {
        "classification": "신체운동_건강",
        "readAge": "초등_고학년",
        "form": "long-form",
        "plotSummaryText": "성격 급한 민수가 자료까지 조사하는 걸 반대하며, 그냥 국경없는의사회로 하는 것이 좋겠다고 했습니다.",
        "textWordEA": 13
      }
    },
    {
      "srcTextID": "98557",
      "srcText": "그러자 세란이가 아는 체하며 맞장구쳤어요. \"아! 나도 거기 알아! 전 세계 의사들이 모여 어려운 지역으로 달려가 의료 봉사를 하는 단체야!\"",
      "srcPage": 11,
      "srcSentenceEA": 3,
      "srcWordEA": 22,
      "character": "세란,나,세계 의사들,단체",
      "setting": null,
      "action": "아는 체하며,맞장구쳤어요,모여,달려가,의료 봉사를 하는",
      "feeling": null,
      "causalRelationship": null,
      "outcomeResolution": null,
      "prediction": null,
      "plotSummaryInfoCount": 1,
      "plotSummaryInfo": {
        "classification": "신체운동_건강",
        "readAge": "초등_고학년",
        "form": "short-form",
        "plotSummaryText": "세란이가 전 세계 의사들이 모여 어려운 지역으로 달려가 의료 봉사를 하는 단체라고 아는 체를 하며 맞장구를 쳤습니다.",
        "textWordEA": 17
      }
    },
    {
      "srcTextID": "98563",
      "srcText": "세란이가 동조를 해 준 덕분에 단체는 금방 정해졌어요. 민수는 내친 김에 어떻게 발표할지도 혼자 다 정해 버렸어요. \"내일까지 '국경없는의사회'에 대해 각자 조사해서 토론해 보자.\"",
      "srcPage": 12,
      "srcSentenceEA": 3,
      "srcWordEA": 26,
      "character": "세란,단체,민수",
      "setting": null,
      "action": "동조,정해 버렸어요,조사해서,토론해",
      "feeling": null,
      "causalRelationship": null,
      "outcomeResolution": null,
      "prediction": null,
      "plotSummaryInfoCount": 1,
      "plotSummaryInfo": {
        "classification": "신체운동_건강",
        "readAge": "초등_고학년",
        "form": "short-form",
        "plotSummaryText": "세란이가 동조하여 단체가 금방 정해지자, 민수는 내일까지 국경없는의사회에 대해 각자 조사해서 토론하자며 어떻게 발표할지도 혼자 정해 버렸습니다.",
        "textWordEA": 17
      }
    }
  ]
}