{
  "title": "할아버지 사랑해요",
  "author": "신현승",
  "illustrator": "한국출판일러스트회",
  "isbn": "9791157024582",
  "publishedYear": 2015,
  "publisher": "황우",
  "paragraphInfoCount": 50,
  "paragraphInfo": [
    {
      "srcTextID": "98969",
      "srcText": "영주는 차마 아빠한테 할아버지 흉터에 대해 물어볼 용기가 나지 않았어요. 할아버지는 보통 사람보다 몸집이 큰 편이고 목소리가 아주 우렁찼어요. 게다가 억센 이북 사투리 때문에 조금만 말투가 빨라져도 마치 싸우는 것처럼 느껴질 정도였어요.",
      "srcPage": 17,
      "srcSentenceEA": 3,
      "srcWordEA": 34,
      "character": "영주,아빠,할아버지,몸집",
      "setting": null,
      "action": null,
      "feeling": "물어볼 용기가 나지 않았어요",
      "causalRelationship": "게다가 억센 이북 사투리 때문에 조금만 말투가 빨라져도 마치 싸우는 것처럼 느껴질 정도였어요.",
      "outcomeResolution": null,
      "prediction": null,
      "plotSummaryInfoCount": 1,
      "plotSummaryInfo": {
        "classification": "신체운동_건강",
        "readAge": "초등_고학년",
        "form": "short-form",
        "plotSummaryText": "할아버지는 사투리 때문에 조금만 말투가 빨라져도 싸우는 것처럼 느껴질 정도여서 영주는 아빠한테 할아버지 흉터에 대해 물어볼 용기가 나지 않았다.",
        "textWordEA": 19
      }
    },
    {
      "srcTextID": "98982",
      "srcText": "영주는 가끔 할아버지 얼굴에 난 흉터를 보며 안 좋은 상상을 했어요. “어쩌면 누구랑 싸우다가 그렇게 됐는지도 몰라!” 그런 생각이 들면 할아버지가 옆에 오는 것도 꺼려졌어요.",
      "srcPage": 18,
      "srcSentenceEA": 3,
      "srcWordEA": 26,
      "character": "영주,할아버지,얼굴,흉터",
      "setting": null,
      "action": "옆에 오는,보며",
      "feeling": null,
      "causalRelationship": "그런 생각이 들면 할아버지가 옆에 오는 것도 꺼려졌어요.",
      "outcomeResolution": null,
      "prediction": null,
      "plotSummaryInfoCount": 1,
      "plotSummaryInfo": {
        "classification": "신체운동_건강",
        "readAge": "초등_고학년",
        "form": "short-form",
        "plotSummaryText": "영주는 할아버지 얼굴의 흉터를 보며 안 좋은 상상이 되었고 할아버지가 옆에 오는 것이 꺼려졌다.",
        "textWordEA": 14
      }
    },
    {
      "srcTextID": "98946",
      "srcText": "“숙제해야 돼요.” 영주는 숙제를 핑계로 거절했지만 사실은 다른 이유가 있었어요. 그건 바로 할아버지 얼굴에 난 흉터 때문이에요. 약수터에 따라갔다가 혹시 친구라도 만나면 이상하게 생각하지 않을까 신경이 쓰였던 거예요.",
      "srcPage": 8,
      "srcSentenceEA": 4,
      "srcWordEA": 31,
      "character": "영주,할아버지,얼굴,친구,흉터",
      "setting": "약수터",
      "action": null,
      "feeling": null,
      "causalRelationship": null,
      "outcomeResolution": null,
      "prediction": null,
      "plotSummaryInfoCount": 1,
      "plotSummaryInfo": {
        "classification": "신체운동_건강",
        "readAge": "초등_고학년",
        "form": "long-form",
        "plotSummaryText": "영주는 할아버지 얼굴에 난 흉터 때문에 약수터에 갔다가 친구라도 만날까 봐 신경이 쓰였던 것이다.",
        "textWordEA": 14
      }
    },
    {
      "srcTextID": "98990",
      "srcText": "오늘은 현충일이에요. 아빠는 아침 일찍 할아버지 할머니를 모시고 외출했어요. 영주는 모처럼 휴일이라 늦잠을 잤어요. 한참을 자다가 거실에 나갔더니 엄마 혼자 청소를 하고 있었어요.",
      "srcPage": 21,
      "srcSentenceEA": 4,
      "srcWordEA": 26,
      "character": "아빠,할아버지,할머니,엄마",
      "setting": "오늘,현충일,아침,휴일,거실",
      "action": "모시고,외출했어요,잤어요,나갔더니,청소를 하고",
      "feeling": null,
      "causalRelationship": null,
      "outcomeResolution": null,
      "prediction": null,
      "plotSummaryInfoCount": 1,
      "plotSummaryInfo": {
        "classification": "신체운동_건강",
        "readAge": "초등_고학년",
        "form": "long-form",
        "plotSummaryText": "현충일인 오늘 영주는 늦잠을 자다가 거실로 나갔더니 아빠는 할아버지 할머니를 모시고 외출하고 엄마 혼자 청소를 하고 있었다.",
        "textWordEA": 17
      }
    },
    {
      "srcTextID": "98988",
      "srcText": "\"할아버지 할머니 시골 가셨어요?\" 영주는 괜히 뜨끔해서 집 안을 휘둘러보았어요. 할아버지한테 쌀쌀맞게 대한 것 때문에 두 분 다 시골로 내려간 줄 알았던 거예요.",
      "srcPage": 22,
      "srcSentenceEA": 3,
      "srcWordEA": 25,
      "character": "할아버지,할머니,영주,두 분",
      "setting": "시골,집 안",
      "action": "휘둘러보았어요,가셨어요, 시골로 내려간 ",
      "feeling": null,
      "causalRelationship": "영주는 괜히 뜨끔해서 집 안을 휘둘러보았어요. 할아버지한테 쌀쌀맞게 대한 것 때문에 두 분 다 시골로 내려간 줄 알았던 거예요.",
      "outcomeResolution": null,
      "prediction": null,
      "plotSummaryInfoCount": 1,
      "plotSummaryInfo": {
        "classification": "신체운동_건강",
        "readAge": "초등_고학년",
        "form": "short-form",
        "plotSummaryText": "할아버지한테 쌀쌀맞게 대한 것 때문에 두 분 다 시골로 내려간 줄 알고, 영주는 괜히 뜨끔해서 집 안을 휘둘러보았다.",
        "textWordEA": 18
      }
    },
    {
      "srcTextID": "98989",
      "srcText": "\"할아버지는 네가 태어나기 훨씬 전에 베트남 전쟁에 나가 용감하게 싸우셨어. 전투 중에 여러 명의 동료를 구하셨단다. 그 일로 정부에서 주는 훈장도 받으셨어.\"",
      "srcPage": 24,
      "srcSentenceEA": 3,
      "srcWordEA": 24,
      "character": "할아버지,동료,훈장",
      "setting": "베트남",
      "action": "나가,싸우셨어,구하셨단다,받으셨어",
      "feeling": "용감하게",
      "causalRelationship": null,
      "outcomeResolution": null,
      "prediction": null,
      "plotSummaryInfoCount": 1,
      "plotSummaryInfo": {
        "classification": "신체운동_건강",
        "readAge": "초등_고학년",
        "form": "short-form",
        "plotSummaryText": "할아버지는 내가 태어나기 전에 베트남 전쟁에 나가 싸우시고 여러 명의 동료를 구해서 훈장도 받으셨다고 했다.",
        "textWordEA": 15
      }
    },
    {
      "srcTextID": "98998",
      "srcText": "마침내 할아버지가 동료를 들쳐 업고 뛰고 있어요. 영주는 마음속으로 힘껏 박수를 쳐 주었어요. 그러자 할아버지 얼굴의 흉터가 마치 훈장처럼 느껴졌어요. 알고 보니 그것은 영광의 상처였어요! 영주는 그런 줄도 모르고 할아버지를 오해했던 일이 너무 부끄러웠어요. 저녁이 되어 식구들이 모두 한자리에 모였어요.",
      "srcPage": 27,
      "srcSentenceEA": 6,
      "srcWordEA": 45,
      "character": "할아버지,동료,영주,얼굴,훈장,식구들,흉터,상처",
      "setting": "저녁",
      "action": "들쳐,업고,뛰고,모였어요",
      "feeling": " 너무 부끄러웠어요",
      "causalRelationship": null,
      "outcomeResolution": null,
      "prediction": null,
      "plotSummaryInfoCount": 1,
      "plotSummaryInfo": {
        "classification": "신체운동_건강",
        "readAge": "초등_고학년",
        "form": "long-form",
        "plotSummaryText": "할아버지 얼굴의 흉터가 영광의 상처이고 마치 훈장처럼 느껴졌던 영주는 할아버지를 오해했던 일이 너무 부끄러웠다.",
        "textWordEA": 14
      }
    },
    {
      "srcTextID": "98913",
      "srcText": "오늘은 영주네 할아버지 할머니가 이사 오는 날이에요. 원래 두 분은 시골에 살았는데 아빠가 집으로 모셔 오기로 한 거예요. “할아버지 할머니도 이제는 연세가 많아서 우리가 보살펴 드려야 해.”",
      "srcPage": 1,
      "srcSentenceEA": 3,
      "srcWordEA": 28,
      "character": "영주,할아버지,할머니,두 분,아빠,우리",
      "setting": "오늘,시골,집",
      "action": "살았는데,모셔 오기로,보살펴",
      "feeling": null,
      "causalRelationship": null,
      "outcomeResolution": null,
      "prediction": null,
      "plotSummaryInfoCount": 1,
      "plotSummaryInfo": {
        "classification": "신체운동_건강",
        "readAge": "초등_고학년",
        "form": "short-form",
        "plotSummaryText": "오늘은 시골에 사시던 영주네 할아버지 할머니를 보살펴 드리기 위해 아빠가 집으로 모셔 오기로 한 날이다.",
        "textWordEA": 15
      }
    },
    {
      "srcTextID": "98911",
      "srcText": "“할아버지가 하나뿐인 손녀딸이라고 널 얼마나 예뻐하시는지 알지?” 영주는 명절 때마다 시골집에 가면 할아버지가 반가워서 어쩔 줄 모르던 모습을 떠올렸어요. 하지만 영주는 할아버지가 왠지 낯설었어요.",
      "srcPage": 2,
      "srcSentenceEA": 3,
      "srcWordEA": 26,
      "character": "할아버지,손녀딸,영주",
      "setting": "시골집,명절 때마다",
      "action": "떠올렸어요,시골집에 가면",
      "feeling": "반가워서",
      "causalRelationship": null,
      "outcomeResolution": null,
      "prediction": null,
      "plotSummaryInfoCount": 1,
      "plotSummaryInfo": {
        "classification": "신체운동_건강",
        "readAge": "초등_고학년",
        "form": "short-form",
        "plotSummaryText": "영주가 명절 때마다 시골집에 가면 반갑게 맞이해 주시던 할아버지가 지금은 왠지 낯설게 느껴졌어요.",
        "textWordEA": 13
      }
    },
    {
      "srcTextID": "98912",
      "srcText": "아마도 얼굴에 커다란 흉터가 있기 때문인 것 같아요. 그때 현관 초인종 소리가 울렸어요. “얼른 문 열어 드려. 이제 오셨나 보다.”",
      "srcPage": 3,
      "srcSentenceEA": 4,
      "srcWordEA": 22,
      "character": "얼굴,현관,초인종,문,흉터",
      "setting": "그때",
      "action": "울렸어요",
      "feeling": null,
      "causalRelationship": null,
      "outcomeResolution": null,
      "prediction": null,
      "plotSummaryInfoCount": 1,
      "plotSummaryInfo": {
        "classification": "신체운동_건강",
        "readAge": "초등_고학년",
        "form": "long-form",
        "plotSummaryText": "얼굴에 커다란 흉터가 있기 때문인 것 같다고 생각할 그때 현관 초인종 소리가 울렸어요.",
        "textWordEA": 13
      }
    },
    {
      "srcTextID": "98947",
      "srcText": "“오냐. 그럼 숙제하렴.” 할아버지는 더 이상 강요하지 않고 선선히 산책을 나갔어요. 영주가 계속 데면데면하게 굴어도 할아버지는 전혀 언짢은 내색을 하지 않았어요. 그럴수록 영주는 점점 죄책감이 들었어요.",
      "srcPage": 9,
      "srcSentenceEA": 4,
      "srcWordEA": 30,
      "character": "할아버지,영주",
      "setting": null,
      "action": "산책을 나갔어요",
      "feeling": "죄책감이 들었어요,언짢은 내색을 하지 않았어요",
      "causalRelationship": null,
      "outcomeResolution": null,
      "prediction": null,
      "plotSummaryInfoCount": 1,
      "plotSummaryInfo": {
        "classification": "신체운동_건강",
        "readAge": "초등_고학년",
        "form": "long-form",
        "plotSummaryText": "영주가 데면데면하게 굴어도 언짢은 내색을 하지 않고 할아버지는 산책을 나가셨는데 영주는 죄책감이 들었다.",
        "textWordEA": 13
      }
    },
    {
      "srcTextID": "98967",
      "srcText": "단지 영주를 사랑스런 눈길로 바라볼 뿐이었어요. 어쩌다 서로 눈이 마주치면 할아버지가 먼저 슬며시 고개를 돌리고는 했어요. 영주는 오히려 할아버지가 더 불편해하는 것 같은 느낌이 들기도 했어요.",
      "srcPage": 15,
      "srcSentenceEA": 3,
      "srcWordEA": 28,
      "character": "영주,눈,할아버지,고개",
      "setting": null,
      "action": "바라볼 뿐이었어요,마주치면,돌리고는",
      "feeling": "불편해하는",
      "causalRelationship": null,
      "outcomeResolution": null,
      "prediction": null,
      "plotSummaryInfoCount": 1,
      "plotSummaryInfo": {
        "classification": "신체운동_건강",
        "readAge": "초등_고학년",
        "form": "short-form",
        "plotSummaryText": "할아버지는 영주를 사랑스런 눈길로 바라볼 뿐이었고 어쩌다 눈이 마주치면  먼저 슬며시 고개를 돌리고는 했다.",
        "textWordEA": 15
      }
    },
    {
      "srcTextID": "98968",
      "srcText": "아빠가 다시 한 번 진지하게 물었어요. “할아버지가 도로 시골로 가셨으면 좋겠니?” “그런 거 아닌데...”",
      "srcPage": 16,
      "srcSentenceEA": 3,
      "srcWordEA": 14,
      "character": "아빠,할아버지",
      "setting": "시골",
      "action": "물었어요,가셨으면",
      "feeling": null,
      "causalRelationship": null,
      "outcomeResolution": null,
      "prediction": null,
      "plotSummaryInfoCount": 1,
      "plotSummaryInfo": {
        "classification": "신체운동_건강",
        "readAge": "초등_고학년",
        "form": "short-form",
        "plotSummaryText": "할아버지가 도로 시골로 가셨으면 좋겠냐고 아빠가 물었다.",
        "textWordEA": 7
      }
    },
    {
      "srcTextID": "98939",
      "srcText": "영주는 어쩐지 마음이 무거웠어요. 아무리 그래도 턱수염으로 뺨을 비비는 건 정말이지 고역이었어요. “영주가 크면 좀 나아질 줄 알았더니 아직도 낯가림이 심한 모양이구나.” 할머니는 은근히 서운한 표정을 지었어요.",
      "srcPage": 6,
      "srcSentenceEA": 4,
      "srcWordEA": 29,
      "character": "영주,턱수염,뺨,할머니",
      "setting": null,
      "action": "비비는,지었어요",
      "feeling": "마음이 무거웠어요,서운한",
      "causalRelationship": null,
      "outcomeResolution": null,
      "prediction": null,
      "plotSummaryInfoCount": 1,
      "plotSummaryInfo": {
        "classification": "신체운동_건강",
        "readAge": "초등_고학년",
        "form": "long-form",
        "plotSummaryText": "영주는 턱수염으로 뺨을 비비는 건 고역이어서 마음이 무거웠고 할머니는 서운한 표정을 지었다.",
        "textWordEA": 12
      }
    },
    {
      "srcTextID": "99002",
      "srcText": "평상시와 달리 영주와 눈길을 마주치려고 하지도 않고 표정도 몹시 슬퍼 보였어요. 텔레비전에서는 현충일 추념식에 관한 뉴스를 하고 있었어요. \"피곤하구나. 일찍 자야겠다.\"",
      "srcPage": 29,
      "srcSentenceEA": 3,
      "srcWordEA": 23,
      "character": "영주,텔레비전",
      "setting": "현충일",
      "action": "마주치려고 하지도 않고,뉴스를 하고,자야겠다,보였어요",
      "feeling": null,
      "causalRelationship": null,
      "outcomeResolution": null,
      "prediction": null,
      "plotSummaryInfoCount": 1,
      "plotSummaryInfo": {
        "classification": "신체운동_건강",
        "readAge": "초등_고학년",
        "form": "short-form",
        "plotSummaryText": "텔레비전에서는 현충일 추념식에 관한 뉴스를 하고 있었고 그는 영주와 눈길을 마주치려고 하지도 않고 슬퍼 보였다.",
        "textWordEA": 15
      }
    },
    {
      "srcTextID": "99015",
      "srcText": "\"돌아오는 일요일이 할아버지 생신이란다.\" 엄마가 말했어요. 영주는 할아버지를 위해 특별한 선물을 준비하고 싶었어요. 하지만 돼지 저금통에 남은 돈이 얼마 되지 않았어요.",
      "srcPage": 36,
      "srcSentenceEA": 4,
      "srcWordEA": 24,
      "character": "할아버지,엄마,영주,선물,돼지 저금통,돈",
      "setting": "일요일,할아버지 생신",
      "action": "말했어요,준비하고",
      "feeling": null,
      "causalRelationship": null,
      "outcomeResolution": null,
      "prediction": null,
      "plotSummaryInfoCount": 1,
      "plotSummaryInfo": {
        "classification": "신체운동_건강",
        "readAge": "초등_고학년",
        "form": "long-form",
        "plotSummaryText": " 할아버지 생신을 위해 영주는 특별한 선물을 준비하고 싶었지만, 돼지 저금통에 남은 돈이 얼마 없었다.",
        "textWordEA": 14
      }
    },
    {
      "srcTextID": "98964",
      "srcText": "한번은 학교에서 돌아오다 아파트 입구에서 할아버지와 마주친 적이 있어요. “우리 영주 이제 오니?” 할아버지는 반가운 얼굴로 말을 걸었어요.",
      "srcPage": 10,
      "srcSentenceEA": 3,
      "srcWordEA": 19,
      "character": "할아버지,영주",
      "setting": "학교,아파트 입구",
      "action": "돌아오다,마주친,말을 걸었어요",
      "feeling": "반가운",
      "causalRelationship": null,
      "outcomeResolution": null,
      "prediction": null,
      "plotSummaryInfoCount": 1,
      "plotSummaryInfo": {
        "classification": "신체운동_건강",
        "readAge": "초등_고학년",
        "form": "short-form",
        "plotSummaryText": "학교에서 돌아오다 아파트 입구에서 할아버지와 마주쳤을 때 할아버지는 반가운 얼굴로 영주에게 말을 걸었어요.",
        "textWordEA": 13
      }
    },
    {
      "srcTextID": "99018",
      "srcText": "엄마는 더 어려운 숙제를 내 주었어요. \"받는 분이 감동할 수 있는 좀 특별한 걸 생각해 봐. 그런 게 정말 좋은 선물이거든.\"",
      "srcPage": 40,
      "srcSentenceEA": 3,
      "srcWordEA": 22,
      "character": "엄마,선물",
      "setting": null,
      "action": "주었어요,생각해 봐,받는",
      "feeling": null,
      "causalRelationship": null,
      "outcomeResolution": null,
      "prediction": "그런 게 정말 좋은 선물이거든.",
      "plotSummaryInfoCount": 1,
      "plotSummaryInfo": {
        "classification": "신체운동_건강",
        "readAge": "초등_고학년",
        "form": "short-form",
        "plotSummaryText": "엄마는 받는 분이 감동할 수 있는 특별한 것이 더 좋은 선물이라는 어려운 숙제를 내주었다.",
        "textWordEA": 14
      }
    },
    {
      "srcTextID": "99031",
      "srcText": "영주는 아무리 생각해도 좋은 선물이 떠오르지 않았어요. \"우리 손녀딸 피아노 연주 솜씨가 그렇게 좋다면서?\" 다행히 할머니가 힌트를 주었어요.",
      "srcPage": 41,
      "srcSentenceEA": 3,
      "srcWordEA": 19,
      "character": "영주,선물,손녀딸,피아노,할머니",
      "setting": null,
      "action": "생각해도,떠오르지 않았어요,힌트를 주었어요",
      "feeling": null,
      "causalRelationship": null,
      "outcomeResolution": null,
      "prediction": null,
      "plotSummaryInfoCount": 1,
      "plotSummaryInfo": {
        "classification": "신체운동_건강",
        "readAge": "초등_고학년",
        "form": "short-form",
        "plotSummaryText": "영주는 아무리 생각해도 좋은 선물이 떠오르지 않았는데, 할머니가 영주의 피아노 연주 솜씨가 좋다며 라고 힌트를 주었다.",
        "textWordEA": 16
      }
    },
    {
      "srcTextID": "99032",
      "srcText": "할아버지는 노래를 듣고 대단히 기뻐했어요. \"허허! 내가 오늘 세상에서 제일 귀한 선물을 받는구나!\" 연주를 마친 영주는 할아버지에게 달려가 와락 안겼어요.",
      "srcPage": 44,
      "srcSentenceEA": 3,
      "srcWordEA": 22,
      "character": "할아버지,선물,영주",
      "setting": "오늘",
      "action": "듣고,달려가,안겼어요",
      "feeling": "대단히 기뻐했어요",
      "causalRelationship": null,
      "outcomeResolution": null,
      "prediction": null,
      "plotSummaryInfoCount": 1,
      "plotSummaryInfo": {
        "classification": "신체운동_건강",
        "readAge": "초등_고학년",
        "form": "short-form",
        "plotSummaryText": "할아버지는 노래를 듣고 세상에서 제일 귀한 선물을 받는다며 기뻐했고, 연주를 마친 영주는 할아버지에게 달려가 와락 안겼다.",
        "textWordEA": 16
      }
    },
    {
      "srcTextID": "99028",
      "srcText": "그러고는 턱수염에다 볼을 비비며 “할아버지 최고!”라고 속삭였어요. 그때 영주는 분명히 보았어요. 할아버지의 입가에 미소가 번지는 것을.",
      "srcPage": 45,
      "srcSentenceEA": 5,
      "srcWordEA": 19,
      "character": "턱수염,볼,할아버지,영주,입가",
      "setting": null,
      "action": "비비며,속삭였어요,보았어요",
      "feeling": null,
      "causalRelationship": null,
      "outcomeResolution": null,
      "prediction": null,
      "plotSummaryInfoCount": 1,
      "plotSummaryInfo": {
        "classification": "신체운동_건강",
        "readAge": "초등_고학년",
        "form": "long-form",
        "plotSummaryText": "영주는 할아버지의 턱수염에다 볼을 비비며 할아버지 최고라고 속삭일 때 할아버지 입가에 번지는 미소를 보았다.",
        "textWordEA": 14
      }
    },
    {
      "srcTextID": "99035",
      "srcText": "안영의 키가 작은 것을 비웃는 말이었어요. 하지만 안영은 태연하게 대꾸했어요. \"우리 제나라에선 사신을 보낼 때 작은 나라에는 작은 사람을, 큰 나라에는 큰 사람을 보낸답니다.\"",
      "srcPage": 47,
      "srcSentenceEA": 3,
      "srcWordEA": 25,
      "character": "안영,사신,우리 ",
      "setting": "제나라",
      "action": "대꾸했어요,보낸답니다,보낼때,비웃는",
      "feeling": null,
      "causalRelationship": null,
      "outcomeResolution": null,
      "prediction": null,
      "plotSummaryInfoCount": 1,
      "plotSummaryInfo": {
        "classification": "신체운동_건강",
        "readAge": "초등_고학년",
        "form": "short-form",
        "plotSummaryText": "안영의 키가 작은 것을 비웃는 말에, 안영은 제나라에선 사신을 보낼 때 작은 나라에는 작은 사람을 큰 나라에는 큰 사람을 보낸다고 대꾸했다.",
        "textWordEA": 21
      }
    },
    {
      "srcTextID": "99034",
      "srcText": "안영의 뛰어난 말솜씨에 영왕은 순간 당황했어요. 마침 그때 장군이 한 죄인을 끌고 왔어요. \"그 죄인은 어느 나라 사람이냐?\"",
      "srcPage": 48,
      "srcSentenceEA": 3,
      "srcWordEA": 19,
      "character": "안영,영왕,장군,죄인,사람",
      "setting": "그때",
      "action": "끌고,왔어요",
      "feeling": "당황했어요",
      "causalRelationship": null,
      "outcomeResolution": null,
      "prediction": null,
      "plotSummaryInfoCount": 1,
      "plotSummaryInfo": {
        "classification": "신체운동_건강",
        "readAge": "초등_고학년",
        "form": "short-form",
        "plotSummaryText": "안영의 뛰어난 말솜씨에 영왕은 당황했는데 마침 그때 장군이 한 죄인을 끌고 오자 그 죄인은 어느 나라 사람이냐고 물었다.",
        "textWordEA": 18
      }
    },
    {
      "srcTextID": "99003",
      "srcText": "할아버지는 몇 번 헛기침을 하다가 방으로 들어갔어요. 할머니가 그 모습을 보고 나지막이 한숨을 내쉬었어요. \"오늘따라 친구분 생각이 많이 나는 모양이더라.\"",
      "srcPage": 30,
      "srcSentenceEA": 3,
      "srcWordEA": 21,
      "character": "할아버지,할머니,친구",
      "setting": "방,오늘",
      "action": "헛기침을 하다가,들어갔어요,한숨을 내쉬었어요,보고",
      "feeling": null,
      "causalRelationship": null,
      "outcomeResolution": null,
      "prediction": null,
      "plotSummaryInfoCount": 1,
      "plotSummaryInfo": {
        "classification": "신체운동_건강",
        "readAge": "초등_고학년",
        "form": "short-form",
        "plotSummaryText": "방으로 들어간 할아버지의 모습을 본 할머니는 한숨을 내쉬며 오늘따라 친구분 생각이 많이 나는모양이다라고 말하였다.",
        "textWordEA": 14
      }
    },
    {
      "srcTextID": "99000",
      "srcText": "\"왜 안 그러시겠어요.\" 엄마 아빠가 할머니를 위로했어요. 그런 말을 들으니 영주도 덩달아서 기분이 우울해졌어요.",
      "srcPage": 31,
      "srcSentenceEA": 3,
      "srcWordEA": 16,
      "character": "엄마,아빠,할머니,영주",
      "setting": null,
      "action": null,
      "feeling": "기분이 우울해졌어요",
      "causalRelationship": null,
      "outcomeResolution": null,
      "prediction": null,
      "plotSummaryInfoCount": 1,
      "plotSummaryInfo": {
        "classification": "신체운동_건강",
        "readAge": "초등_고학년",
        "form": "short-form",
        "plotSummaryText": "엄마 아빠가 할머니를 위로하는 말을 들으니, 영주도 덩달아서 기분이 우울해졌다.",
        "textWordEA": 10
      }
    },
    {
      "srcTextID": "98981",
      "srcText": "그래서 어쩔 땐 못되게 굴기도 했어요. 영주가 거실에서 피아노 연습을 할 때였어요. “우리 손녀딸이 피아노를 잘 치는구나.” 할아버지가 방문을 열어 보고 흐뭇한 미소를 지었어요.",
      "srcPage": 19,
      "srcSentenceEA": 4,
      "srcWordEA": 26,
      "character": "영주,피아노,손녀딸,할아버지,방문",
      "setting": "거실",
      "action": "못되게 굴기도 했어요,연습을 할,열어,미소를 지었어요",
      "feeling": "흐뭇한",
      "causalRelationship": null,
      "outcomeResolution": null,
      "prediction": null,
      "plotSummaryInfoCount": 1,
      "plotSummaryInfo": {
        "classification": "신체운동_건강",
        "readAge": "초등_고학년",
        "form": "long-form",
        "plotSummaryText": "영주가 거실에서 피아노 연습을 할 때, 할아버지는 손녀딸이 피아노를 잘 친다고 하시며 흐뭇한 미소를 지었다.",
        "textWordEA": 15
      }
    },
    {
      "srcTextID": "98980",
      "srcText": "“듣기 좋은데 계속하렴.” 하지만 영주는 연주할 마음이 사라졌어요. “저 이제 공부할 거예요.” 영주는 괜히 심통이 나서 피아노 뚜껑을 닫았어요.",
      "srcPage": 20,
      "srcSentenceEA": 4,
      "srcWordEA": 21,
      "character": "영주,저,피아노,뚜껑",
      "setting": null,
      "action": "닫았어요,공부할 거예요",
      "feeling": "연주할 마음이 사라졌어요,심통이 나서",
      "causalRelationship": null,
      "outcomeResolution": null,
      "prediction": null,
      "plotSummaryInfoCount": 1,
      "plotSummaryInfo": {
        "classification": "신체운동_건강",
        "readAge": "초등_고학년",
        "form": "long-form",
        "plotSummaryText": "듣기 좋은데 계속하라고 하는 말에 영주는 연주할 마음이 사라지고 괜히 심통이 나서 피아노를 닫고 공부하러 갔다.",
        "textWordEA": 16
      }
    },
    {
      "srcTextID": "98997",
      "srcText": "\"할아버지가 전우들을 구했다는 사실이 알려진 것은 전쟁이 끝나고도 한참 지난 후의 일이야. 할아버지가 훈장을 받고 얼마나 자랑스러워하셨는지 모른단다.\" 엄마가 들려준 이야기는 정말 뜻밖이었어요.",
      "srcPage": 25,
      "srcSentenceEA": 3,
      "srcWordEA": 25,
      "character": "할아버지,전우들,훈장,엄마",
      "setting": null,
      "action": "구했다는,받고,들려준",
      "feeling": "자랑스러워하셨는지",
      "causalRelationship": null,
      "outcomeResolution": null,
      "prediction": null,
      "plotSummaryInfoCount": 1,
      "plotSummaryInfo": {
        "classification": "신체운동_건강",
        "readAge": "초등_고학년",
        "form": "short-form",
        "plotSummaryText": "할아버지가 전우들을 구한 일로 훈장을 받고 얼마나 자랑스러워하셨는지 모른다는 엄마의 이야기는 정말 뜻밖이었다.",
        "textWordEA": 13
      }
    },
    {
      "srcTextID": "98999",
      "srcText": "영주는 할아버지가 전쟁터에서 용감하게 싸우는 모습을 머릿속으로 그려 보았어요. 할아버지는 포탄이 비 오듯 쏟아지는 가운데 부상당한 동료를 구하기 위해 적진을 뚫고 들어가고 있어요. 당황한 적군이 주춤거리며 뒤로 물러서는 모습도 보이네요.",
      "srcPage": 26,
      "srcSentenceEA": 3,
      "srcWordEA": 32,
      "character": "영주,할아버지,포탄,동료",
      "setting": "전쟁터,적진",
      "action": "그려 보았어요,뚫고,들어가고,주춤거리며,물러서는",
      "feeling": "당황한,용감하게",
      "causalRelationship": null,
      "outcomeResolution": null,
      "prediction": null,
      "plotSummaryInfoCount": 1,
      "plotSummaryInfo": {
        "classification": "신체운동_건강",
        "readAge": "초등_고학년",
        "form": "short-form",
        "plotSummaryText": "영주는 할아버지가 전쟁터에서 포탄이 쏟아지는 가운데 부상당한 동료를 구하기 위해 적진을 뚫고 들어가는 모습을 머릿속으로 그려 보았다.",
        "textWordEA": 17
      }
    },
    {
      "srcTextID": "99001",
      "srcText": "영주는 새삼 존경스러운 마음으로 할아버지를 쳐다보았어요. 이제는 할아버지와 얼굴을 마주 보는 게 조금도 어색하지 않았어요. 하지만 할아버지는 식사가 끝나도록 아무 말이 없었어요.",
      "srcPage": 28,
      "srcSentenceEA": 3,
      "srcWordEA": 24,
      "character": "영주,할아버지,얼굴",
      "setting": null,
      "action": "쳐다보았어요,아무 말이 없었어요,마주 보는",
      "feeling": "존경스러운 마음으로",
      "causalRelationship": null,
      "outcomeResolution": null,
      "prediction": null,
      "plotSummaryInfoCount": 1,
      "plotSummaryInfo": {
        "classification": "신체운동_건강",
        "readAge": "초등_고학년",
        "form": "short-form",
        "plotSummaryText": "영주는 할아버지를 존경스러운 마음으로 쳐다보았고, 얼굴을 마주 보는 게 어색하지 않았지만, 할아버지는 식사가 끝나도록 아무 말도 없었다.",
        "textWordEA": 17
      }
    },
    {
      "srcTextID": "99010",
      "srcText": "다음 날 학교에서 돌아오는 길이었어요. 영주는 친구들과 노인정 앞을 지나다 걸음을 멈추었어요. 할아버지가 늘 앉아 있던 평상이 텅 비어 있었어요.",
      "srcPage": 32,
      "srcSentenceEA": 3,
      "srcWordEA": 22,
      "character": "영주,친구들,할아버지",
      "setting": "다음 날,학교,노인정 앞,평상",
      "action": "돌아오는,지나다,멈추었어요",
      "feeling": null,
      "causalRelationship": null,
      "outcomeResolution": null,
      "prediction": null,
      "plotSummaryInfoCount": 1,
      "plotSummaryInfo": {
        "classification": "신체운동_건강",
        "readAge": "초등_고학년",
        "form": "short-form",
        "plotSummaryText": "다음 날 학교에서 돌아오던 영주는 노인정 앞을 지나다 할아버지가 늘 앉아 있던 평상이 텅 비어 있는 것을 보고 걸음을 멈추었다.",
        "textWordEA": 20
      }
    },
    {
      "srcTextID": "99017",
      "srcText": "\"이럴 줄 알았으면 용돈을 아껴 쓰는 건데...\" 할 수 없이 아빠한테 도움을 청했어요. \"할아버지 선물 사게 용돈 미리 주시면 안 돼요?\"",
      "srcPage": 37,
      "srcSentenceEA": 3,
      "srcWordEA": 22,
      "character": "용돈,아빠,할아버지,선물",
      "setting": null,
      "action": "도움을 청했어요",
      "feeling": null,
      "causalRelationship": null,
      "outcomeResolution": null,
      "prediction": "할아버지 선물 사게 용돈 미리 주시면 안 돼요?",
      "plotSummaryInfoCount": 1,
      "plotSummaryInfo": {
        "classification": "신체운동_건강",
        "readAge": "초등_고학년",
        "form": "short-form",
        "plotSummaryText": "할아버지 선물 사게 용돈 미리 주시면 안 되느냐고 아빠한테 도움을 청했다.",
        "textWordEA": 11
      }
    },
    {
      "srcTextID": "98938",
      "srcText": "영주가 조심스럽게 현관문을 열자 할아버지가 영주를 향해 두 팔을 활짝 벌렸어요. “어디 보자. 우리 귀여운 손녀딸!” “앗, 따가워!” 영주는 할아버지의 까칠한 턱수염이 뺨에 닿는 순간 화들짝 놀라서 뒷걸음질을 쳤어요.",
      "srcPage": 4,
      "srcSentenceEA": 5,
      "srcWordEA": 31,
      "character": "영주,현관문,할아버지,두 팔,손녀딸,턱수염,뺨",
      "setting": null,
      "action": "열자,벌렸어요,뒷걸음질을 쳤어요",
      "feeling": null,
      "causalRelationship": null,
      "outcomeResolution": null,
      "prediction": null,
      "plotSummaryInfoCount": 1,
      "plotSummaryInfo": {
        "classification": "신체운동_건강",
        "readAge": "초등_고학년",
        "form": "long-form",
        "plotSummaryText": "현관문을 열자 두 팔 벌리며 들어온 할아버지의 까칠한 턱수염이 뺨에 닿자 영주는 놀라서 뒷걸음질을 쳤어요.",
        "textWordEA": 15
      }
    },
    {
      "srcTextID": "99037",
      "srcText": "제나라의 유명한 재상 안영이 초나라에 사신으로 갔어요. 초나라 영왕은 일부러 모욕을 줄 생각으로 이렇게 물었어요. \"그대의 나라에는 그렇게도 사람이 없소?\"",
      "srcPage": 46,
      "srcSentenceEA": 3,
      "srcWordEA": 21,
      "character": "안영,영왕,재상,사신",
      "setting": "초나라,나라,제나라",
      "action": "갔어요,물었어요",
      "feeling": null,
      "causalRelationship": null,
      "outcomeResolution": null,
      "prediction": null,
      "plotSummaryInfoCount": 1,
      "plotSummaryInfo": {
        "classification": "신체운동_건강",
        "readAge": "초등_고학년",
        "form": "short-form",
        "plotSummaryText": "제나라의 재상 안영이 초나라에 사신으로 갔는데, 초나라 영왕은 모욕을 줄 생각으로 그대의 나라에는 그렇게도 사람이 없냐고 물었다.",
        "textWordEA": 17
      }
    },
    {
      "srcTextID": "98962",
      "srcText": "“얘가 웬일이야?” 엄마는 영주가 밥 한 그릇을 뚝딱 비우는 모습을 신기한 눈빛으로 쳐다보았어요. “배가 많이 고팠나 보네. 천천히 먹어라. 체할라.” 할머니가 물을 챙겨 주었어요.",
      "srcPage": 12,
      "srcSentenceEA": 6,
      "srcWordEA": 28,
      "character": "엄마,영주,그릇,밥,할머니,물",
      "setting": null,
      "action": "쳐다보았어요,챙겨 주었어요",
      "feeling": "신기한 눈빛",
      "causalRelationship": null,
      "outcomeResolution": null,
      "prediction": null,
      "plotSummaryInfoCount": 1,
      "plotSummaryInfo": {
        "classification": "신체운동_건강",
        "readAge": "초등_고학년",
        "form": "long-form",
        "plotSummaryText": "엄마는 영주가 밥 한 그릇을 뚝딱 비우는 모습을 신기한 눈빛으로 쳐다보았고, 할머니는 물을 챙겨 주었다.",
        "textWordEA": 15
      }
    },
    {
      "srcTextID": "98966",
      "srcText": "“할아버지가 오셔서 불편하니?” 영주는 아빠의 물음에 선뜻 대답할 수가 없었어요. 첫날 영주가 그렇게 짜증을 낸 이후로 할아버지는 더 이상 턱수염으로 뺨을 비비지 않았어요.",
      "srcPage": 14,
      "srcSentenceEA": 3,
      "srcWordEA": 25,
      "character": "할아버지,영주,아빠,턱수염,뺨",
      "setting": "첫날",
      "action": "오셔서,대답할 수가 없었어요,비비지 않았어요",
      "feeling": "짜증을 낸",
      "causalRelationship": null,
      "outcomeResolution": null,
      "prediction": null,
      "plotSummaryInfoCount": 1,
      "plotSummaryInfo": {
        "classification": "신체운동_건강",
        "readAge": "초등_고학년",
        "form": "short-form",
        "plotSummaryText": "첫날 영주가 짜증을 낸 이후로 할아버지는 턱수염으로 뺨을 비비지 않았고, 아빠가 할아버지가 오셔서 불편하냐고 묻자 대답할 수가 없었다.",
        "textWordEA": 18
      }
    },
    {
      "srcTextID": "99033",
      "srcText": "\"제나라 사람인데, 도둑질을 했습니다.” 영왕은 장군의 말에 기가 살아서 안영에게 물었어요. “제나라 사람은 원래 도둑질을 잘하오?\"",
      "srcPage": 49,
      "srcSentenceEA": 3,
      "srcWordEA": 17,
      "character": "영왕,장군,제나라 사람,안영",
      "setting": "제나라",
      "action": "도둑질을 했습니다,물었어요",
      "feeling": null,
      "causalRelationship": null,
      "outcomeResolution": null,
      "prediction": null,
      "plotSummaryInfoCount": 1,
      "plotSummaryInfo": {
        "classification": "신체운동_건강",
        "readAge": "초등_고학년",
        "form": "short-form",
        "plotSummaryText": "제나라 사람이라고 하는 장군의 말에 기가 살아 영왕은 안영에게 제나라 사람은 원래 도둑질을 잘하냐고 물었다.",
        "textWordEA": 15
      }
    },
    {
      "srcTextID": "98937",
      "srcText": "얼굴이 가시에 찔린 것처럼 화끈거렸어요. “영주야.” 엄마가 눈짓으로 영주를 나무랐어요. “괜찮다. 애가 놀란 모양이지.” 할아버지는 엄마에게 그렇게 말하면서 겸연쩍은 듯 어색하게 웃었어요.",
      "srcPage": 5,
      "srcSentenceEA": 4,
      "srcWordEA": 25,
      "character": "얼굴,영주,엄마,애,할아버지,가시",
      "setting": null,
      "action": "화끈거렸어요,나무랐어요,웃었어요,가시에 찔린",
      "feeling": "겸연쩍은",
      "causalRelationship": null,
      "outcomeResolution": null,
      "prediction": null,
      "plotSummaryInfoCount": 1,
      "plotSummaryInfo": {
        "classification": "신체운동_건강",
        "readAge": "초등_고학년",
        "form": "long-form",
        "plotSummaryText": "얼굴이 가시에 찔린 것처럼 화끈거리는 영주에게 엄마는 눈짓으로 나무랐고 할아버지는 어색하게 웃었다.",
        "textWordEA": 12
      }
    },
    {
      "srcTextID": "98948",
      "srcText": "할아버지는 날마다 아침과 저녁에 두 번씩 운동 삼아 동네 약수터로 산책을 나갔어요. 일요일 오후에 할아버지가 영주에게 물었어요. “심심하면 할아버지랑 같이 산책 갈까?”",
      "srcPage": 7,
      "srcSentenceEA": 3,
      "srcWordEA": 23,
      "character": "할아버지,영주",
      "setting": "약수터,일요일 오후,날마다",
      "action": "산책을 나갔어요,물었어요",
      "feeling": null,
      "causalRelationship": null,
      "outcomeResolution": null,
      "prediction": "심심하면 할아버지랑 같이 산책 갈까?",
      "plotSummaryInfoCount": 1,
      "plotSummaryInfo": {
        "classification": "신체운동_건강",
        "readAge": "초등_고학년",
        "form": "short-form",
        "plotSummaryText": "할아버지는 날마다 두 번씩 약수터로 산책을 나가는데, 일요일 오후에 같이 산책하러 가겠냐고 영주에게 물었다.",
        "textWordEA": 14
      }
    },
    {
      "srcTextID": "98963",
      "srcText": "“할아버지가 맛난 거 사 줄까?” “아니요.” 영주는 마침 배가 고팠으나 힘없이 고개를 저었어요. 이날따라 할아버지 얼굴의 흉터가 더 도드라져 보였어요.",
      "srcPage": 11,
      "srcSentenceEA": 3,
      "srcWordEA": 22,
      "character": "할아버지,영주,얼굴,흉터",
      "setting": "이날",
      "action": "고개를 저었어요,사줄까",
      "feeling": null,
      "causalRelationship": null,
      "outcomeResolution": null,
      "prediction": null,
      "plotSummaryInfoCount": 1,
      "plotSummaryInfo": {
        "classification": "신체운동_건강",
        "readAge": "초등_고학년",
        "form": "short-form",
        "plotSummaryText": "할아버지가 맛난 거 사 준다는 말에 영주는 배가 고팠으나 아니라고 고개를 저었고 이날따라 할아버지 얼굴의 흉터가 더 도드라져 보였다.",
        "textWordEA": 19
      }
    },
    {
      "srcTextID": "98987",
      "srcText": "\"할아버지 친구분한테 가셨단다.\" \"친구분이 어디 계신데요?\" \"국립묘지에 계신단다.\" 엄마는 영주가 미처 알지 못했던 사실을 말해 주었어요.",
      "srcPage": 23,
      "srcSentenceEA": 4,
      "srcWordEA": 17,
      "character": "할아버지,친구분,엄마,영주",
      "setting": "국립묘지",
      "action": "가셨단다,말해 주었어요",
      "feeling": null,
      "causalRelationship": null,
      "outcomeResolution": null,
      "prediction": null,
      "plotSummaryInfoCount": 1,
      "plotSummaryInfo": {
        "classification": "신체운동_건강",
        "readAge": "초등_고학년",
        "form": "long-form",
        "plotSummaryText": "할아버지는 국립묘지에 계시는 할아버지 친구분한테 가셨다고 엄마가 말해 주었다.",
        "textWordEA": 9
      }
    },
    {
      "srcTextID": "99009",
      "srcText": "\"어디 가셨지?\" 영주는 주위를 두리번거리며 혼잣말로 중얼거렸어요. \"누굴 찾는데?\" 한 친구가 물었어요. \"우리 할아버지.\" 영주가 자랑스럽게 말했어요.",
      "srcPage": 33,
      "srcSentenceEA": 6,
      "srcWordEA": 20,
      "character": "영주,친구,할아버지",
      "setting": null,
      "action": "두리번거리며,중얼거렸어요,물었어요,말했어요",
      "feeling": "자랑스럽게",
      "causalRelationship": null,
      "outcomeResolution": null,
      "prediction": null,
      "plotSummaryInfoCount": 1,
      "plotSummaryInfo": {
        "classification": "신체운동_건강",
        "readAge": "초등_고학년",
        "form": "long-form",
        "plotSummaryText": "영주가 두리번거리며 혼잣말을 하자 친구가 누구를 찾는지 물었고 영주는 할아버지라고 자랑스럽게 말했다.",
        "textWordEA": 12
      }
    },
    {
      "srcTextID": "99008",
      "srcText": "\"너희들 베트남 전쟁 알아?\" \"그게 뭔데?\" \"우리 할아버지가 바로 베트남 전쟁의 영웅이야!\" 친구들이 뜨악한 표정을 지었어요.",
      "srcPage": 34,
      "srcSentenceEA": 4,
      "srcWordEA": 17,
      "character": "할아버지,친구들,우리,영웅",
      "setting": "베트남",
      "action": "지었어요",
      "feeling": null,
      "causalRelationship": null,
      "outcomeResolution": null,
      "prediction": null,
      "plotSummaryInfoCount": 1,
      "plotSummaryInfo": {
        "classification": "신체운동_건강",
        "readAge": "초등_고학년",
        "form": "long-form",
        "plotSummaryText": "우리 할아버지가 바로 베트남 전쟁의 영웅이라고 하자 친구들이 뜨악한 표정을 지었다.",
        "textWordEA": 11
      }
    },
    {
      "srcTextID": "99011",
      "srcText": "마침 그때 할아버지가 저만치서 걸어오고 있었어요. \"할아버지!\" 영주는 반갑게 손을 흔들며 할아버지에게 달려갔어요. 할아버지도 영주를 발견하고 빙그레 미소 지었어요.",
      "srcPage": 35,
      "srcSentenceEA": 3,
      "srcWordEA": 21,
      "character": "할아버지,영주,손",
      "setting": "그때",
      "action": "걸어오고,흔들며,달려갔어요,미소 지었어요",
      "feeling": "반갑게",
      "causalRelationship": null,
      "outcomeResolution": null,
      "prediction": null,
      "plotSummaryInfoCount": 1,
      "plotSummaryInfo": {
        "classification": "신체운동_건강",
        "readAge": "초등_고학년",
        "form": "short-form",
        "plotSummaryText": "그때 저만치서 걸어오는 할아버지를 향해 영주는 반갑게 손을 흔들며 달려갔고, 할아버지도 빙그레 미소 지었다.",
        "textWordEA": 14
      }
    },
    {
      "srcTextID": "99014",
      "srcText": "\"그런 게 어디 있어요?\" \"한번 잘 생각해 보렴.\" 영주는 아빠의 충고를 듣고 고민에 빠졌어요.",
      "srcPage": 39,
      "srcSentenceEA": 3,
      "srcWordEA": 15,
      "character": "영주,아빠",
      "setting": null,
      "action": "듣고",
      "feeling": "고민에 빠졌어요",
      "causalRelationship": null,
      "outcomeResolution": null,
      "prediction": null,
      "plotSummaryInfoCount": 1,
      "plotSummaryInfo": {
        "classification": "신체운동_건강",
        "readAge": "초등_고학년",
        "form": "short-form",
        "plotSummaryText": "영주는 한번 잘 생각해 보라는 아빠의 충고를 듣고 고민에 빠졌다.",
        "textWordEA": 10
      }
    },
    {
      "srcTextID": "99030",
      "srcText": "영주는 그동안 심통 부렸던 일도 사과할 겸 할아버지를 위해 특별한 생일 축하 노래를 부르기로 했어요. 잘 아는 동요에다 창의적인 가사를 붙여 미리 연습도 했어요. 일요일 아침, 온 가족이 둘러앉아 케이크에 촛불을 켰어요. 준비하고 있던 영주는 피아노를 치며 노래를 불렀어요.",
      "srcPage": 42,
      "srcSentenceEA": 4,
      "srcWordEA": 42,
      "character": "영주,할아버지,가족,케이크,촛불,피아노",
      "setting": "일요일 아침",
      "action": "부르기로 했어요,연습도 했어요,둘러앉아,켰어요,치며,노래를 불렀어요",
      "feeling": null,
      "causalRelationship": null,
      "outcomeResolution": null,
      "prediction": null,
      "plotSummaryInfoCount": 1,
      "plotSummaryInfo": {
        "classification": "신체운동_건강",
        "readAge": "초등_고학년",
        "form": "long-form",
        "plotSummaryText": "영주는 할아버지를 위해 동요에다 창의적인 가사를 붙여 특별한 생일 축하 노래를 연습하였고, 일요일 아침 영주는 피아노를 치며 노래를 불렀다.",
        "textWordEA": 19
      }
    },
    {
      "srcTextID": "98965",
      "srcText": "할아버지는 식사를 하는 둥 마는 둥 하고는 말없이 거실 소파에 앉아 있었어요. 어딘가 모르게 표정이 어두웠어요. “영주야.” 저녁에 아빠가 영주 방으로 들어왔어요.",
      "srcPage": 13,
      "srcSentenceEA": 3,
      "srcWordEA": 24,
      "character": "할아버지,영주,아빠",
      "setting": "거실 소파,저녁,영주 방",
      "action": "식사를 하는,앉아 있었어요,들어왔어요",
      "feeling": "표정이 어두웠어요",
      "causalRelationship": null,
      "outcomeResolution": null,
      "prediction": null,
      "plotSummaryInfoCount": 1,
      "plotSummaryInfo": {
        "classification": "신체운동_건강",
        "readAge": "초등_고학년",
        "form": "short-form",
        "plotSummaryText": "할아버지는 제대로 식사를 안 하시고 어두운 표정으로 거실 소파에 앉아 있었고 아빠는 영주 방으로 들어왔다.",
        "textWordEA": 15
      }
    },
    {
      "srcTextID": "99029",
      "srcText": "베트남 전쟁의 영웅 할아버지. 생신 축하합니다. 전쟁터에서 부상당한 전우를 구한 용감한 할아버지. 오래오래 건강하게 해 주세요. 생신 축하합니다.",
      "srcPage": 43,
      "srcSentenceEA": 5,
      "srcWordEA": 22,
      "character": "영웅,할아버지,전우",
      "setting": "베트남,전쟁터",
      "action": "구한,부상당한",
      "feeling": null,
      "causalRelationship": null,
      "outcomeResolution": null,
      "prediction": null,
      "plotSummaryInfoCount": 1,
      "plotSummaryInfo": {
        "classification": "신체운동_건강",
        "readAge": "초등_고학년",
        "form": "long-form",
        "plotSummaryText": "베트남 전쟁의 영웅 전쟁터에서 부상당한 전우를 구한 용감한 할아버지 오래오래 건강하게 해 주시고 생신 축하합니다.",
        "textWordEA": 15
      }
    },
    {
      "srcTextID": "99036",
      "srcText": "이에 안영이 다시 기발한 대답을 했어요. \"강남의 귤나무를 강북에 옮겨 심으면 탱자가 되는데 그건 토질 때문입니다. 제나라 사람은 원래 도둑질이 뭔지 모르는데 저 사람은 초나라에 와서 도둑질을 했으니 아마도 초나라의 나쁜 풍토 때문인 듯합니다.\" 안영에게 모욕을 주려던 영왕은 안영의 창의적인 대답에 결국 코가 납작해지고 말았답니다.",
      "srcPage": 50,
      "srcSentenceEA": 4,
      "srcWordEA": 47,
      "character": "안영,귤나무,탱자,제나라 사람,영왕,코",
      "setting": "강남,강북,초나라",
      "action": "대답을 했어요,도둑질을 했으니,옮겨 심으면",
      "feeling": null,
      "causalRelationship": "강남의 귤나무를 강북에 옮겨 심으면 탱자가 되는데 그건 토질 때문입니다.",
      "outcomeResolution": null,
      "prediction": null,
      "plotSummaryInfoCount": 1,
      "plotSummaryInfo": {
        "classification": "신체운동_건강",
        "readAge": "초등_고학년",
        "form": "long-form",
        "plotSummaryText": "안영은 강남의 귤나무를 강북에 옮겨 심으면 탱자가 되는 건 토질 때문이듯, 도둑질이 뭔지 모르는 제나라 사람이 초나라에 와서 도둑질을 했으니 아마도 초나라의 나쁜 풍토 때문인 듯하다고 답했다.",
        "textWordEA": 27
      }
    },
    {
      "srcTextID": "99016",
      "srcText": "\"선물은 꼭 비싼 물건이 아니라도 돼. 뭔가 너만의 창의적인 선물을 생각해 봐. 정성이 담긴 거라면 뭐라도 좋아.\"",
      "srcPage": 38,
      "srcSentenceEA": 3,
      "srcWordEA": 19,
      "character": "선물,물건,너",
      "setting": null,
      "action": "생각해 봐",
      "feeling": null,
      "causalRelationship": null,
      "outcomeResolution": null,
      "prediction": "정성이 담긴 거라면 뭐라도 좋아.",
      "plotSummaryInfoCount": 1,
      "plotSummaryInfo": {
        "classification": "신체운동_건강",
        "readAge": "초등_고학년",
        "form": "short-form",
        "plotSummaryText": "꼭 비싼 물건이 아니더라도 너의 정성이 담긴 창의적인 선물을 생각해 보라고 하셨다.",
        "textWordEA": 12
      }
    }
  ]
}