{
  "title": "나도 힘들단 말이야",
  "author": "정회성",
  "illustrator": "한국출판일러스트회",
  "isbn": "9791157024384",
  "publishedYear": 2015,
  "publisher": "황우",
  "paragraphInfoCount": 49,
  "paragraphInfo": [
    {
      "srcTextID": "98350",
      "srcText": "\"신난다! 드디어 내일이야!\" 사랑이는 일요일인 내일이 너무나도 기다려져 잠이 잘 오지 않았어요. 내일은 사랑이네 반 친구들과 함께 어린이 박물관에 체험 학습을 하러 갈 거예요. 예전에는 부모님이 데려다 주었지만 내일은 친한 친구들 여러 명이랑 가기로 했어요.",
      "srcPage": 1,
      "srcSentenceEA": 4,
      "srcWordEA": 39,
      "character": "사랑이,부모님",
      "setting": "내일,어린이 박물관",
      "action": "잠이 잘 오지 않았어요",
      "feeling": "신난다",
      "causalRelationship": null,
      "outcomeResolution": null,
      "prediction": null,
      "plotSummaryInfoCount": 1,
      "plotSummaryInfo": {
        "classification": "신체운동_건강",
        "readAge": "초등_고학년",
        "form": "long-form",
        "plotSummaryText": "내일은 사랑이네 반 친구들과 어린이 박물관에 체험 학습을 가는 날인데, 사랑이는 일요일인 내일이 신나고 기다려져서 잠이 오지 않았다.",
        "textWordEA": 18
      }
    },
    {
      "srcTextID": "98426",
      "srcText": "여섯째 일할 때는 경건하게 할 것을 생각하라. 일곱째 의문이 나면 물을 것을 생각하라. 여덟째 화가 나면 뒤에 야기되는 어려움을 생각하라. 아홉째 이득을 보면 의리를 생각하라.",
      "srcPage": 49,
      "srcSentenceEA": 4,
      "srcWordEA": 28,
      "character": null,
      "setting": "일할 때",
      "action": "생각하라",
      "feeling": "어려움,의문이 나면,화가 나면",
      "causalRelationship": null,
      "outcomeResolution": null,
      "prediction": null,
      "plotSummaryInfoCount": 1,
      "plotSummaryInfo": {
        "classification": "신체운동_건강",
        "readAge": "초등_고학년",
        "form": "long-form",
        "plotSummaryText": "여섯째 일할 때는 경건하게 할 것을, 일곱째 의문이 나면 물을 것을, 여덟째 화가 나면 뒤에 야기되는 어려움을, 아홉째 이득을 보면 의리를 생각해야 한다.",
        "textWordEA": 23
      }
    },
    {
      "srcTextID": "98378",
      "srcText": "문이 열리자 다른 사람을 밀치거나 새치기하지 않고 차례차례 열차 안으로 들어갔어요. 주변에서 흘끔거리며 쳐다보던 어른들은 사랑이와 친구들의 의젓한 모습을 보고 기특하다는 듯이 미소를 지었어요. 일곱 명 모두 열차에 타고 문이 닫혔는데 주말의 이른 시간이라 그런지 사람이 많지 않았어요.",
      "srcPage": 18,
      "srcSentenceEA": 3,
      "srcWordEA": 40,
      "character": "어른들,사랑이와 친구들",
      "setting": "열차 안",
      "action": "들어갔어요,미소를 지었어요",
      "feeling": null,
      "causalRelationship": null,
      "outcomeResolution": null,
      "prediction": null,
      "plotSummaryInfoCount": 1,
      "plotSummaryInfo": {
        "classification": "신체운동_건강",
        "readAge": "초등_고학년",
        "form": "short-form",
        "plotSummaryText": "열차 안으로 들어가자 사랑이와 친구들을 쳐다보던 어른들은 기특하다는 듯이 미소를 지었으며 모두 열차에 탔는데 주말의 이른 시간이라 사람이 많지 않았다.",
        "textWordEA": 20
      }
    },
    {
      "srcTextID": "98380",
      "srcText": "그런데 일곱 정거장쯤 지났을 때 어디선가 음악 소리가 나는 게 아니겠어요? 음악이 들리는 곳을 바라보니 웬 할아버지가 천천히 걸어오고 있었어요. 할아버지의 한 손에는 지팡이가 들려 있었고 다른 한 손에는 작은 바구니가 들려 있었어요.",
      "srcPage": 20,
      "srcSentenceEA": 3,
      "srcWordEA": 35,
      "character": "할아버지, 지팡이,바구니",
      "setting": null,
      "action": "걸어오고 있었어요,음악이 들리는 곳을 바라보니",
      "feeling": null,
      "causalRelationship": null,
      "outcomeResolution": null,
      "prediction": null,
      "plotSummaryInfoCount": 1,
      "plotSummaryInfo": {
        "classification": "신체운동_건강",
        "readAge": "초등_고학년",
        "form": "short-form",
        "plotSummaryText": "일곱 정거장쯤 지났을 때 음악이 들리는 곳을 바라보니 웬 할아버지가 걸어오고 있었고 한 손에는 지팡이가 다른 한 손에는 작은 바구니가 들려 있었다.",
        "textWordEA": 22
      }
    },
    {
      "srcTextID": "98396",
      "srcText": "신나게 돌아다니고 나니 슬슬 다리도 아프고 배도 고프기 시작했어요. \"배고파! 우리 이제 맛있는 거 먹으러 가자.\" \"떡볶이 먹을까, 햄버거 먹을까?\" \"난 떡볶이!\" \"나는 햄버거!\" \"나도!\"",
      "srcPage": 26,
      "srcSentenceEA": 5,
      "srcWordEA": 26,
      "character": "떡볶이,햄버거",
      "setting": null,
      "action": "돌아다니고,배도 고프기 시작했어요",
      "feeling": "신나게",
      "causalRelationship": null,
      "outcomeResolution": null,
      "prediction": null,
      "plotSummaryInfoCount": 1,
      "plotSummaryInfo": {
        "classification": "신체운동_건강",
        "readAge": "초등_고학년",
        "form": "long-form",
        "plotSummaryText": "신나게 돌아다니고 나니 다리도 아프고 배도 고프기 시작해서 그들은 떡볶이와 햄버거를 먹으러 가자고 했다.",
        "textWordEA": 14
      }
    },
    {
      "srcTextID": "98369",
      "srcText": "일곱 명의 친구들이 함께 가기로 했으니까 앞으로 네 명이 더 와야 해요. 사랑이가 도착하자마자 맞은편에서 또 다른 친구들이 차례로 달려왔어요. 다들 들떠서 신이 난 표정이었어요.",
      "srcPage": 12,
      "srcSentenceEA": 3,
      "srcWordEA": 27,
      "character": "친구들,사랑이",
      "setting": null,
      "action": "도착하자,달려왔어요",
      "feeling": "신이 난 표정이었어요",
      "causalRelationship": null,
      "outcomeResolution": null,
      "prediction": null,
      "plotSummaryInfoCount": 1,
      "plotSummaryInfo": {
        "classification": "신체운동_건강",
        "readAge": "초등_고학년",
        "form": "short-form",
        "plotSummaryText": "네 명이 더 와야 하는데 사랑이가 도착하자마자 또 다른 친구들이 차례로 달려왔고 다들 신이 난 표정이었다.",
        "textWordEA": 16
      }
    },
    {
      "srcTextID": "98368",
      "srcText": "\"이쪽 방향으로 가는 것 맞지?\" \"응, 맞아! 반대 방향으로 타면 안 돼!\" \"내가 지난번에도 지하철 타고 갔다 와서 잘 알아. 너희는 나만 따라오면 돼.\"",
      "srcPage": 14,
      "srcSentenceEA": 5,
      "srcWordEA": 26,
      "character": null,
      "setting": "지하철,너희,나만",
      "action": "따라오면 돼,타고 갔다,가는",
      "feeling": null,
      "causalRelationship": null,
      "outcomeResolution": null,
      "prediction": null,
      "plotSummaryInfoCount": 1,
      "plotSummaryInfo": {
        "classification": "신체운동_건강",
        "readAge": "초등_고학년",
        "form": "long-form",
        "plotSummaryText": "그는 지난번에도 지하철 타고 갔다 왔다면서 나만 따라오면 된다고 했다.",
        "textWordEA": 10
      }
    },
    {
      "srcTextID": "98373",
      "srcText": " \"얘들아, 줄을 서야 되는 거 알지?\" \"맞아. 안의 승객들이 내리기를 기다렸다가 다 내리면 그다음에 차례대로 타야 돼.\" \"자, 문 양쪽으로 줄을 서자.\"",
      "srcPage": 17,
      "srcSentenceEA": 3,
      "srcWordEA": 23,
      "character": "승객들",
      "setting": "문 양쪽",
      "action": "내리기를 기다렸다가,타야 돼,줄을 서자",
      "feeling": null,
      "causalRelationship": null,
      "outcomeResolution": null,
      "prediction": null,
      "plotSummaryInfoCount": 1,
      "plotSummaryInfo": {
        "classification": "신체운동_건강",
        "readAge": "초등_고학년",
        "form": "short-form",
        "plotSummaryText": "그들은 승객들이 내리기를 기다렸다가 다 내리면 그다음에 타야 한다고 하면서 문 양쪽으로 줄을 서자고 했다.",
        "textWordEA": 15
      }
    },
    {
      "srcTextID": "98393",
      "srcText": "'얼른 달려가서 동전이라도 드릴 걸 그랬나?' 공연히 후회가 되기도 했지만 이미 할아버지는 다른 칸으로 가 버린 후였어요. \"얘들아, 우리 이번 역에서 내려야 돼!\" 문득 정신을 차리고 보니 벌써 내려야 할 역이 가까워 오고 있었어요. 박물관을 구경할 생각에 사랑이는 조금 전의 일을 잊고 다시 기운을 냈어요.",
      "srcPage": 23,
      "srcSentenceEA": 5,
      "srcWordEA": 48,
      "character": "할아버지,사랑이",
      "setting": "역,박물관",
      "action": "다시 기운을 냈어요",
      "feeling": null,
      "causalRelationship": null,
      "outcomeResolution": null,
      "prediction": null,
      "plotSummaryInfoCount": 1,
      "plotSummaryInfo": {
        "classification": "신체운동_건강",
        "readAge": "초등_고학년",
        "form": "long-form",
        "plotSummaryText": "사랑이는 동전이라도 드릴 걸 후회가 되기도 했지만 할아버지는 가 버린 후였고 내려야 할 역이 가까워져 오자 박물관을 구경할 생각에 조금 전의 일을 잊고 다시 기운을 냈다.",
        "textWordEA": 26
      }
    },
    {
      "srcTextID": "98410",
      "srcText": "측은지심 다른 사람의 불행을 그냥 지나치지 못하고 불쌍하게 여기는 착한 마음씨를 뜻하는 말이에요. 측은지심이란 남의 불행을 불쌍히 여기는 마음을 뜻합니다. 이 말은 중국의 사상가 맹자가 한 말이에요.",
      "srcPage": 33,
      "srcSentenceEA": 3,
      "srcWordEA": 29,
      "character": null,
      "setting": "중국,맹자",
      "action": "그냥 지나치지 못하고",
      "feeling": null,
      "causalRelationship": null,
      "outcomeResolution": "측은지심이란 남의 불행을 불쌍히 여기는 마음을 뜻합니다.",
      "prediction": null,
      "plotSummaryInfoCount": 1,
      "plotSummaryInfo": {
        "classification": "신체운동_건강",
        "readAge": "초등_고학년",
        "form": "short-form",
        "plotSummaryText": "측은지심은 중국의 맹자가 한 말로 다른 사람의 불행을 그냥 지나치지 못하고 불쌍하게 여기는 착한 마음씨를 뜻하는 말로 남의 불행을 불쌍히 여기는 마음을 뜻한다.",
        "textWordEA": 23
      }
    },
    {
      "srcTextID": "98418",
      "srcText": "네번째 '구용구사 공부법' 입니다. 9가지의 바른 몸가짐과 9가지의 바른 마음가짐을 가져서 기본자세를 확고히 하는 것입니다. 옛 습관의 자리를 수신으로 채워라.",
      "srcPage": 41,
      "srcSentenceEA": 4,
      "srcWordEA": 23,
      "character": null,
      "setting": null,
      "action": "바른 몸가짐,가져서,채워라",
      "feeling": "바른 마음가짐",
      "causalRelationship": null,
      "outcomeResolution": "9가지의 바른 몸가짐과 9가지의 바른 마음가짐을 가져서 기본자세를 확고히 하는 것입니다.",
      "prediction": null,
      "plotSummaryInfoCount": 1,
      "plotSummaryInfo": {
        "classification": "신체운동_건강",
        "readAge": "초등_고학년",
        "form": "long-form",
        "plotSummaryText": "네 번째는 구용구사 공부법인데 9가지의 바른 몸가짐과 9가지의 바른 마음가짐을 가져서 기본자세를 확고히 하는 것입니다.",
        "textWordEA": 15
      }
    },
    {
      "srcTextID": "98419",
      "srcText": "다섯째 '일목십행 공부법' 입니다. 늘 책을 곁에 두고 시간 날 때마다 책을 읽습니다, 그러면 공부의 가치를 더해갈 수 있기 때문 입니다. 독서는 결코 배신하지 않는다.",
      "srcPage": 42,
      "srcSentenceEA": 4,
      "srcWordEA": 28,
      "character": "책",
      "setting": "시간 날 때",
      "action": "읽습니다,곁에 두고",
      "feeling": null,
      "causalRelationship": "늘 책을 곁에 두고 시간 날 때마다 책을 읽습니다, 그러면 공부의 가치를 더해갈 수 있기 때문입니다.",
      "outcomeResolution": "독서는 결코 배신하지 않는다.",
      "prediction": null,
      "plotSummaryInfoCount": 1,
      "plotSummaryInfo": {
        "classification": "신체운동_건강",
        "readAge": "초등_고학년",
        "form": "long-form",
        "plotSummaryText": "다섯째는 일목십행 공부법인데 늘 책을 곁에 두고 시간 날 때마다 읽으면 공부의 가치를 더해갈 수 있다는 것으로, 이를 두고 독서는 결코 배신하지 않는다고 합니다.",
        "textWordEA": 24
      }
    },
    {
      "srcTextID": "98424",
      "srcText": "여섯째 '택우문답 공부법' 입니다. 함께 공부하는 벗들과 학문적인 교류를 지속하면서 자신의 부족함을 깨닫고 보완해 공부를 더욱 숙성시키는 것입니다. 벗과 함께 논쟁하며 일취월장하라.",
      "srcPage": 43,
      "srcSentenceEA": 4,
      "srcWordEA": 25,
      "character": "벗",
      "setting": null,
      "action": "공부하는",
      "feeling": "깨닫고",
      "causalRelationship": "함께 공부하는 벗들과 학문적인 교류를 지속하면서 자신의 부족함을 깨닫고 보완해 공부를 더욱 숙성시키는 것입니다.",
      "outcomeResolution": "벗과 함께 논쟁하며 일취월장하라.",
      "prediction": null,
      "plotSummaryInfoCount": 1,
      "plotSummaryInfo": {
        "classification": "신체운동_건강",
        "readAge": "초등_고학년",
        "form": "long-form",
        "plotSummaryText": "여섯째는 택우문답 공부법인데 함께 공부하는 벗들과 학문적인 교류를 지속하면서 자신의 부족함을 깨닫고 보완해 공부를 더욱 숙성하면 일취월장할 수 있습니다.",
        "textWordEA": 19
      }
    },
    {
      "srcTextID": "98351",
      "srcText": "어린이 박물관에 가려면 지하철을 타고 열 정거장쯤 가야 해요. 하지만 이제는 어른들 도움 없이도 스스로 갈 수 있어요. 지난번에 가 보았기 때문에 길도 잘 알고 또 친구들 여럿이 함께 가기 때문에 하나도 무섭지 않아요. 박물관을 구경하고 오는 길에는 맛있는 것도 먹으러 갈 거예요. 사랑이는 생각만 해도 신이 났어요. ",
      "srcPage": 2,
      "srcSentenceEA": 5,
      "srcWordEA": 52,
      "character": "친구들,사랑이",
      "setting": "어린이 박물관,지하철",
      "action": "타고,구경하고",
      "feeling": "신이 났어요",
      "causalRelationship": null,
      "outcomeResolution": null,
      "prediction": null,
      "plotSummaryInfoCount": 1,
      "plotSummaryInfo": {
        "classification": "신체운동_건강",
        "readAge": "초등_고학년",
        "form": "long-form",
        "plotSummaryText": "어린이 박물관에 가려면 지하철을 타고 가야 하지만 이미 한 번 가본 적이 있는 데다가 이번엔 친구들과 함께 가기 때문에 무섭지 않았던 사랑이는 박물관을 구경하고 오는 길에는 맛있는 것도 먹을 생각에 신이 났다.",
        "textWordEA": 32
      }
    },
    {
      "srcTextID": "98356",
      "srcText": "사랑이는 아침 일찍 일어났어요. \"사랑아, 만날 늦잠을 자더니 웬일로 이렇게 일찍 일어났어? 그렇게 신이 나니?\"",
      "srcPage": 3,
      "srcSentenceEA": 3,
      "srcWordEA": 16,
      "character": "사랑이",
      "setting": "아침",
      "action": "일어났어요",
      "feeling": "신이 나니",
      "causalRelationship": null,
      "outcomeResolution": null,
      "prediction": null,
      "plotSummaryInfoCount": 1,
      "plotSummaryInfo": {
        "classification": "신체운동_건강",
        "readAge": "초등_고학년",
        "form": "short-form",
        "plotSummaryText": "사랑이가 일찍 일어나자 웬일로 이렇게 일찍 일어났냐며 그렇게 신나냐고 그가 물었다.",
        "textWordEA": 11
      }
    },
    {
      "srcTextID": "98355",
      "srcText": "깨우지 않았는데도 알아서 일어난 사랑이를 보고 엄마는 깜짝 놀랐어요. \"그럼요! 저절로 눈이 떠지던걸요?\" 사랑이는 세수를 하고 아침밥도 다 먹고 가방도 꼼꼼하게 챙겼어요.",
      "srcPage": 4,
      "srcSentenceEA": 3,
      "srcWordEA": 24,
      "character": "사랑이,엄마",
      "setting": null,
      "action": "세수를 하고,일어난,깜짝 놀랐어요,가방도 꼼꼼하게 챙겼어요",
      "feeling": null,
      "causalRelationship": null,
      "outcomeResolution": null,
      "prediction": null,
      "plotSummaryInfoCount": 1,
      "plotSummaryInfo": {
        "classification": "신체운동_건강",
        "readAge": "초등_고학년",
        "form": "short-form",
        "plotSummaryText": "알아서 일어난 사랑이를 보고 엄마는 깜짝 놀랐고 저절로 눈이 떠졌다면서 사랑이는 세수를 하고 아침밥도 먹고 가방도 챙겼다.",
        "textWordEA": 17
      }
    },
    {
      "srcTextID": "98354",
      "srcText": "\"어느 역에서 내려야 하는지 잘 알고 있지? 무슨 일 있으면 엄마한테 바로 전화하렴. 다 구경하고 출발할 때도 꼭 전화해야 해. 알았지?\"",
      "srcPage": 5,
      "srcSentenceEA": 4,
      "srcWordEA": 24,
      "character": "엄마",
      "setting": "역",
      "action": "출발할,전화하렴,구경하고,내려야 하는지",
      "feeling": null,
      "causalRelationship": null,
      "outcomeResolution": null,
      "prediction": null,
      "plotSummaryInfoCount": 1,
      "plotSummaryInfo": {
        "classification": "신체운동_건강",
        "readAge": "초등_고학년",
        "form": "long-form",
        "plotSummaryText": "엄마는 어느 역에서 내리는지 확인하고 무슨 일 있거나 구경 다 하고 출발할 때도 꼭 전화하라고 말했다.",
        "textWordEA": 16
      }
    },
    {
      "srcTextID": "98353",
      "srcText": "\"아유, 엄마도 참. 저도 이제 어린애가 아니에요.\" 사랑이는 아직도 아기 취급을 하는 엄마 표정을 보자 슬며시 웃음이 나왔어요. 어른들 없이 친구들끼리 체험 학습을 가는 게 얼마나 신이 나는지 엄마는 모를 거예요.",
      "srcPage": 6,
      "srcSentenceEA": 4,
      "srcWordEA": 34,
      "character": "엄마,사랑이,아기,어른들,친구들",
      "setting": null,
      "action": "웃음이 나왔어요",
      "feeling": "신이 나는지",
      "causalRelationship": null,
      "outcomeResolution": null,
      "prediction": null,
      "plotSummaryInfoCount": 1,
      "plotSummaryInfo": {
        "classification": "신체운동_건강",
        "readAge": "초등_고학년",
        "form": "long-form",
        "plotSummaryText": "사랑이는 자신을 아기 취급하는 엄마의 표정을 보고 웃음이 나왔고 친구들끼리 체험 학습을 가는 게 얼마나 신이 나는지 엄마는 모르리라고 생각했다.",
        "textWordEA": 20
      }
    },
    {
      "srcTextID": "98403",
      "srcText": "'나도 다리가 아파서 일어나기 싫은데.' 사랑이는 앞에 서 있는 아이와 배부른 아주머니를 가만히 올려다보았어요. 손잡이를 꽉 움켜쥔 아주머니와 떼를 썼는지 눈물이 글썽글썽한 어린아이를 보자 사랑이는 더 이상 망설여지지 않았어요.",
      "srcPage": 29,
      "srcSentenceEA": 3,
      "srcWordEA": 31,
      "character": "사랑이,어린아이,배부른 아주머니",
      "setting": null,
      "action": "올려다보았어요,일어나기",
      "feeling": null,
      "causalRelationship": null,
      "outcomeResolution": null,
      "prediction": null,
      "plotSummaryInfoCount": 1,
      "plotSummaryInfo": {
        "classification": "신체운동_건강",
        "readAge": "초등_고학년",
        "form": "short-form",
        "plotSummaryText": "사랑이는 다리가 아파서 일어나기 싫었지만 배부른 아주머니와 눈물이 글썽글썽한 어린아이를 보자 더 이상 망설여지지 않았다.",
        "textWordEA": 15
      }
    },
    {
      "srcTextID": "98404",
      "srcText": "사랑이는 자기도 모르게 벌떡 일어났어요. \"아주머니, 여기 앉으세요!\" 그러자 옆에 있던 서연이도 기다렸다는 듯 일어났어요.",
      "srcPage": 30,
      "srcSentenceEA": 3,
      "srcWordEA": 16,
      "character": "사랑이,아주머니,서연이",
      "setting": null,
      "action": "일어났어요",
      "feeling": null,
      "causalRelationship": null,
      "outcomeResolution": null,
      "prediction": "여기 앉으세요!",
      "plotSummaryInfoCount": 1,
      "plotSummaryInfo": {
        "classification": "신체운동_건강",
        "readAge": "초등_고학년",
        "form": "short-form",
        "plotSummaryText": "사랑이는 벌떡 일어나 아주머니에게 여기 앉으라고 하자 옆에 있던 서연이도 기다렸다는 듯 일어났다.",
        "textWordEA": 13
      }
    },
    {
      "srcTextID": "98409",
      "srcText": "맹자는 사람은 누구나 태어날 때 착한 마음씨를 가지고 태어났다고 했어요. 그래서 다른 사람이 아프거나 어려움에 놓인 것을 보면 '아, 내가 도와줘야겠다'라고 생각하게 되는 것이지요. 예를 들어 아기가 위험한 물가에서 놀다가 물에 빠지려 할 때, 또는 강아지가 찻길에 있을 때 우리는 \"위험해!\"라고 소리치며 그 아기나 강아지를 도와주려고 할 거예요.",
      "srcPage": 34,
      "srcSentenceEA": 6,
      "srcWordEA": 52,
      "character": "맹자,사람,아기",
      "setting": null,
      "action": "소리치며,도와줘야겠다",
      "feeling": "아프거나",
      "causalRelationship": null,
      "outcomeResolution": null,
      "prediction": null,
      "plotSummaryInfoCount": 1,
      "plotSummaryInfo": {
        "classification": "신체운동_건강",
        "readAge": "초등_고학년",
        "form": "long-form",
        "plotSummaryText": "맹자는 누구나 태어날 때 착한 마음씨를 가지고 태어났기 때문에 다른 사람이 아프거나 어려움에 놓인 것을 보면 도와주려고 생각하게 되는데, 예를 들어 아기가 물가에 빠지려 할 때, 위험하다고 소리치며 도와주려고 한다는 것이다.",
        "textWordEA": 31
      }
    },
    {
      "srcTextID": "98413",
      "srcText": "효도의 진정한 의미 율곡 이이. 율곡 이이는 퇴계 이황과 함께 조선 시대를 통틀어 최고의 학자로 손꼽히는 분이에요. 율곡 이이(1536 1584) 조선 중기의 성리학자이자 정치가.",
      "srcPage": 36,
      "srcSentenceEA": 3,
      "srcWordEA": 26,
      "character": "율곡 이이,퇴계 이황,성리학자,정치가",
      "setting": "조선 시대,조선 중기",
      "action": null,
      "feeling": null,
      "causalRelationship": null,
      "outcomeResolution": null,
      "prediction": null,
      "plotSummaryInfoCount": 1,
      "plotSummaryInfo": {
        "classification": "신체운동_건강",
        "readAge": "초등_고학년",
        "form": "short-form",
        "plotSummaryText": "율곡 이이는 조선 시대를 통틀어 최고의 학자로 손꼽히는 사람으로 조선 중기의 성리학자이자 정치가이다.",
        "textWordEA": 13
      }
    },
    {
      "srcTextID": "98427",
      "srcText": "율곡 이이의 공부법 율곡 이이 선생님의 공부법은 아래의 여섯가지로 정리할 수 있습니다. 첫번째 '입지(뜻을 세우다) 공부법' 입니다. 실천하고자 하는 목표가 있으면 그 목표를 이룰 수 있는 분명하고 구체적인 계획을 세워 하나하나씩 실천해 나가는 것입니다. 흔들리지 않는 분명한 뜻을 세워라.",
      "srcPage": 38,
      "srcSentenceEA": 6,
      "srcWordEA": 43,
      "character": "율곡 이이,선생님",
      "setting": null,
      "action": null,
      "feeling": null,
      "causalRelationship": null,
      "outcomeResolution": "실천하고자 하는 목표가 있으면 그 목표를 이룰 수 있는 분명하고 구체적인 계획을 세워 하나하나씩 실천해 나가는 것입니다.",
      "prediction": null,
      "plotSummaryInfoCount": 1,
      "plotSummaryInfo": {
        "classification": "신체운동_건강",
        "readAge": "초등_고학년",
        "form": "long-form",
        "plotSummaryText": "율곡 이이 선생님의 공부법 여섯 가지 중 첫 번째는 입지 공부법으로 실천하고자 하는 목표가 있으면 분명하고 구체적인 계획을 세워 하나씩 실천해 나가는 것으로, 흔들리지 않는 분명한 뜻을 세우는 것입니다.",
        "textWordEA": 29
      }
    },
    {
      "srcTextID": "98359",
      "srcText": "사랑이의 부모님은 맞벌이를 해서 늘 바빠요. 아빠는 며칠 전 출장을 가서 오늘 밤에 돌아오기로 했어요. 엄마는 일요일인데도 잠깐 회사에 나갔다 와야 한대요.",
      "srcPage": 7,
      "srcSentenceEA": 3,
      "srcWordEA": 24,
      "character": "사랑이,부모님,아빠,엄마",
      "setting": "회사,며칠 전,오늘 밤,일요일",
      "action": "바빠요,돌아오기로",
      "feeling": null,
      "causalRelationship": null,
      "outcomeResolution": null,
      "prediction": null,
      "plotSummaryInfoCount": 1,
      "plotSummaryInfo": {
        "classification": "신체운동_건강",
        "readAge": "초등_고학년",
        "form": "short-form",
        "plotSummaryText": "사랑이의 부모님은 맞벌이로 바쁜데 아빠는 출장을 가서 오늘 밤에 돌아오고 엄마는 일요일인데도 회사에 갔다 와야 했어요.",
        "textWordEA": 16
      }
    },
    {
      "srcTextID": "98358",
      "srcText": "그래서 사랑이는 주말에도 혼자 집에 있어야 할 때가 많았어요. 지금보다 더 어렸을 때는 엄마가 사랑이를 할머니 댁에 데려다주고 \"엄마 갔다 올게. 할머니랑 잘 놀고 있어.\"라고 했지만 이제는 많이 컸기 때문에 혼자 집에 있는 것쯤은 아무것도 아니에요. 그런 날이면 엄마는 \"사랑아, 정말 미안해.\" 하면서 꼭 안아 주곤 했지요. 부모님이 모두 열심히 회사에 다니며 일을 하는 건 하나도 서운하지 않아요.",
      "srcPage": 8,
      "srcSentenceEA": 9,
      "srcWordEA": 64,
      "character": "사랑이,엄마,할머니",
      "setting": "할머니 댁,회사",
      "action": null,
      "feeling": "미안해,서운하지 않아요",
      "causalRelationship": null,
      "outcomeResolution": null,
      "prediction": null,
      "plotSummaryInfoCount": 1,
      "plotSummaryInfo": {
        "classification": "신체운동_건강",
        "readAge": "초등_고학년",
        "form": "long-form",
        "plotSummaryText": "어렸을 때는 주말에 엄마가 회사에 가면 할머니 댁에서 혼자 놀았던 사랑이는, 여전히 미안해하는 엄마의 마음과는 달리 지금은 혼자 집에 있어도 괜찮고 서운하지도 않았어요.",
        "textWordEA": 23
      }
    },
    {
      "srcTextID": "98362",
      "srcText": "그래도 가끔은 엄마 아빠와 주말에 함께 여행을 가는 친구들이 조금 부럽기도 했어요. 오늘도 친구들과의 박물관 나들이가 아니었다면 혼자 집에서 라면이나 피자를 먹어야 했을 거예요. 그래서 더더욱 사랑이는 오늘을 손꼽아 기다렸어요.",
      "srcPage": 9,
      "srcSentenceEA": 3,
      "srcWordEA": 32,
      "character": "엄마,아빠,라면,피자",
      "setting": "주말,박물관",
      "action": "기다렸어요,여행을 가는,나들이",
      "feeling": null,
      "causalRelationship": null,
      "outcomeResolution": null,
      "prediction": null,
      "plotSummaryInfoCount": 1,
      "plotSummaryInfo": {
        "classification": "신체운동_건강",
        "readAge": "초등_고학년",
        "form": "short-form",
        "plotSummaryText": "가끔은 엄마 아빠와 주말여행을 가는 친구들이 부럽기도 했고 오늘도 친구들과 박물관에 가지 않았다면 혼자 집에 있어야 했던 사랑이는 오늘이 더욱 손꼽아 기다려졌다.",
        "textWordEA": 22
      }
    },
    {
      "srcTextID": "98364",
      "srcText": "집을 나서서 지하철 역으로 걸어가면서 사랑이는 자기도 모르게 콧노래를 불렀어요. 날씨도 좋고 발걸음도 가벼웠어요. 사랑이와 친구들은 지하철 역 매표소 앞에서 만나기로 했어요.",
      "srcPage": 10,
      "srcSentenceEA": 3,
      "srcWordEA": 24,
      "character": "집,사랑이,친구들",
      "setting": "지하철역 매표소 앞",
      "action": "걸어가면서,콧노래를 불렀어요,만나기로",
      "feeling": null,
      "causalRelationship": null,
      "outcomeResolution": null,
      "prediction": null,
      "plotSummaryInfoCount": 1,
      "plotSummaryInfo": {
        "classification": "신체운동_건강",
        "readAge": "초등_고학년",
        "form": "short-form",
        "plotSummaryText": "지하철역 매표소 앞으로 친구들을 만나러 가는 사랑이는 콧노래를 부르고 발걸음도 가벼웠다.",
        "textWordEA": 11
      }
    },
    {
      "srcTextID": "98363",
      "srcText": "사랑이는 자기가 일등으로 도착했을 거라고 생각했어요. 그런데 매표소 앞에는 벌써 두 명이나 와 있는 게 아니겠어요? 서연이와 민혁이가 사랑이에게 손을 흔들었어요. \"사랑이가 3등이네!\"",
      "srcPage": 11,
      "srcSentenceEA": 4,
      "srcWordEA": 25,
      "character": "사랑이,서연이,민혁이",
      "setting": "매표소 앞",
      "action": "손을 흔들었어요",
      "feeling": null,
      "causalRelationship": null,
      "outcomeResolution": null,
      "prediction": null,
      "plotSummaryInfoCount": 1,
      "plotSummaryInfo": {
        "classification": "신체운동_건강",
        "readAge": "초등_고학년",
        "form": "long-form",
        "plotSummaryText": "사랑이는 일 등으로 도착했을 거라고 생각했지만 매표소 앞에는 미리 도착한 서연이와 민혁이가 손을 흔들며 사랑이가 3등이라고 말했다.",
        "textWordEA": 17
      }
    },
    {
      "srcTextID": "98395",
      "srcText": "박물관은 지하철 역에서 가까운 곳에 있었어요. 박물관 안은 어린이들로 만원이었어요. 사랑이와 친구들은 이것저것 신나게 구경도 하고 매점에서 음료수도 사 먹었어요.",
      "srcPage": 24,
      "srcSentenceEA": 3,
      "srcWordEA": 22,
      "character": "사랑이,친구들",
      "setting": "박물관",
      "action": "구경도 하고,사 먹었어요",
      "feeling": "신나게",
      "causalRelationship": null,
      "outcomeResolution": null,
      "prediction": null,
      "plotSummaryInfoCount": 1,
      "plotSummaryInfo": {
        "classification": "신체운동_건강",
        "readAge": "초등_고학년",
        "form": "short-form",
        "plotSummaryText": "박물관 안은 어린이들로 만원이었고 사랑이와 친구들은 신나게 구경도 하고 매점에서 음료수도 사 먹었다.",
        "textWordEA": 13
      }
    },
    {
      "srcTextID": "98397",
      "srcText": "전에도 부모님과 와 본 적이 있었지만 친구들끼리 오니 더욱 재미있었어요. \"얘들아, 우리 다음에도 또 오자!\" \"그래그래, 우리끼리 같이 오자.\"",
      "srcPage": 25,
      "srcSentenceEA": 3,
      "srcWordEA": 19,
      "character": "부모님,친구들,우리끼리",
      "setting": null,
      "action": null,
      "feeling": "재미있었어요",
      "causalRelationship": null,
      "outcomeResolution": null,
      "prediction": null,
      "plotSummaryInfoCount": 1,
      "plotSummaryInfo": {
        "classification": "신체운동_건강",
        "readAge": "초등_고학년",
        "form": "short-form",
        "plotSummaryText": "부모님과 와 본 적이 있었지만 친구들끼리 오니 재미있어서 우리끼리 다음에도 또 오자고 했다.",
        "textWordEA": 13
      }
    },
    {
      "srcTextID": "98398",
      "srcText": "근처 가게에서 햄버거와 떡볶이를 배불리 먹은 사랑이와 친구들은 다시 지하철을 탔어요. 그런데 열차 안에는 사람들이 꽤 많았어요. 사랑이는 박물관에서 열심히 돌아다닌 탓에 다리가 아파 서 있기가 힘들었어요.",
      "srcPage": 27,
      "srcSentenceEA": 3,
      "srcWordEA": 29,
      "character": "사랑이와 친구들",
      "setting": "지하철,박물관",
      "action": "탔어요,힘들었어요",
      "feeling": null,
      "causalRelationship": null,
      "outcomeResolution": null,
      "prediction": null,
      "plotSummaryInfoCount": 1,
      "plotSummaryInfo": {
        "classification": "신체운동_건강",
        "readAge": "초등_고학년",
        "form": "short-form",
        "plotSummaryText": "가게에서 햄버거와 떡볶이를 먹은 사랑이와 친구들은 지하철을 탔는데 사람들이 많았고 박물관에서 열심히 돌아다닌 탓에 다리가 아파 서 있기 힘들었다.",
        "textWordEA": 19
      }
    },
    {
      "srcTextID": "98399",
      "srcText": "빈자리가 나자 가까이 있던 친구들이 먼저 앉고, 다음 역에 도착했을 때 사랑이와 서연이도 운 좋게 나란히 앉을 수 있었어요. 그런데 바로 다음 역에서 열차 문이 열리자 어떤 아주머니가 어린아이의 손을 잡고 들어왔어요. 아주머니는 아기를 가졌는지 배가 불룩 나왔고 다섯 살쯤 된 아이는 칭얼거리고 있었어요. 그때 아이 손을 잡은 아주머니가 하필 사랑이의 앞으로 와서 손잡이를 잡았어요. 사랑이와 서연이는 동시에 눈이 마주쳤어요. '앗! 어쩌지? 어떡해야 하지?'",
      "srcPage": 28,
      "srcSentenceEA": 7,
      "srcWordEA": 70,
      "character": "친구들,사랑이,아주머니,어린아이",
      "setting": null,
      "action": "앉을 수 있었어요,손을 잡고 들어왔어요",
      "feeling": null,
      "causalRelationship": null,
      "outcomeResolution": null,
      "prediction": null,
      "plotSummaryInfoCount": 1,
      "plotSummaryInfo": {
        "classification": "신체운동_건강",
        "readAge": "초등_고학년",
        "form": "long-form",
        "plotSummaryText": "빈자리가 나자 앉을 수 있었는데 다음 역에서 배가 나온 아주머니가 어린아이의 손을 잡고 들어와 하필 사랑이의 앞으로 와서 손잡이를 잡았는데 사랑이와 서연이는 어떡해야 하나 동시에 눈이 마주쳤다.",
        "textWordEA": 27
      }
    },
    {
      "srcTextID": "98402",
      "srcText": "\"아이랑 같이 여기 앉으세요.\" 아주머니는 깜짝 놀라며 말했어요. \"어머나, 착하기도 해라. 둘 다 정말 고맙다!\"",
      "srcPage": 31,
      "srcSentenceEA": 4,
      "srcWordEA": 17,
      "character": "아주머니,아이",
      "setting": null,
      "action": "말했어요",
      "feeling": "고맙다,깜짝 놀라며",
      "causalRelationship": null,
      "outcomeResolution": null,
      "prediction": null,
      "plotSummaryInfoCount": 1,
      "plotSummaryInfo": {
        "classification": "신체운동_건강",
        "readAge": "초등_고학년",
        "form": "long-form",
        "plotSummaryText": "아이랑 같이 앉으라고 하자 깜짝 놀란 아주머니는 둘에게 착하고 고맙다고 말했다.",
        "textWordEA": 11
      }
    },
    {
      "srcTextID": "98405",
      "srcText": "사랑이와 서연이는 서로를 쳐다보며 씩 웃었어요. 다른 자리에 앉아 있던 친구들도 이쪽을 보고 웃으며 엄지손가락을 척 들어 보였어요. 다리가 조금 아프기는 했지만, 사랑이는 왠지 풍선처럼 날아갈 것 같은 기분에 자꾸 웃음이 났어요.",
      "srcPage": 32,
      "srcSentenceEA": 3,
      "srcWordEA": 34,
      "character": "사랑이,서연이,친구들",
      "setting": null,
      "action": "웃었어요,엄지손가락을 척 들어 보였어요",
      "feeling": null,
      "causalRelationship": null,
      "outcomeResolution": null,
      "prediction": null,
      "plotSummaryInfoCount": 1,
      "plotSummaryInfo": {
        "classification": "신체운동_건강",
        "readAge": "초등_고학년",
        "form": "short-form",
        "plotSummaryText": "사랑이와 서연이는 서로 쳐다보며 웃었고 친구들도 보고 엄지손가락을 척 들어 보였다.",
        "textWordEA": 11
      }
    },
    {
      "srcTextID": "98408",
      "srcText": "그것은 '착한 행동을 해서 칭찬받아야지'라든가 '아기를 구해 주면 부모님이 용돈을 많이 주시겠지'라는 이기적인 생각 때문은 아니에요. 남을 구해 주고 싶은 마음이 나도 모르게 저절로 솟아나기 때문이지요. 그 마음을 실천에 옮기고 나면, 누군가가 칭찬해 주지 않아도 '아! 내가 정말 잘했구나!'라는 뿌듯함이 느껴진답니다. 그러니까 우리가 마음 안에 가지고 있는 착한 마음씨를 자주 꺼내 쓸 수 있도록 항상 노력해야 해요.",
      "srcPage": 35,
      "srcSentenceEA": 8,
      "srcWordEA": 64,
      "character": "아기,부모님",
      "setting": null,
      "action": "노력해야 해요",
      "feeling": "남을 구해 주고 싶은 마음,뿌듯함",
      "causalRelationship": null,
      "outcomeResolution": null,
      "prediction": null,
      "plotSummaryInfoCount": 1,
      "plotSummaryInfo": {
        "classification": "신체운동_건강",
        "readAge": "초등_고학년",
        "form": "long-form",
        "plotSummaryText": "이기적인 생각 때문이 아니라 남을 구해 주고 싶은 마음이 나도 모르게 솟아나게 되고 그 마음을 실천에 옮기고 나면, 누군가가 칭찬해 주지 않아도 뿌듯함이 느껴지기 때문에 우리가 착한 마음씨를 자주 꺼내 쓸 수 있도록 노력해야 한다.",
        "textWordEA": 35
      }
    },
    {
      "srcTextID": "98412",
      "srcText": "일찍이 임진왜란을 예견하여 십만양병설을 주장하기도 했던 이이는 열세 살 때 과거 시험에 장원 급제하여 신동으로 이름을 떨쳤지요. 뿐만 아니라 일생 동안 과거 시험에서 무려 아홉 번이나 일등으로 뽑혀 '구도장원공' 이란 명예로운 별명도 얻었어요. 이이는 학자로서 훌륭한 업적을 남긴 것 외에도 효자로서도 지금껏 널리 존경받는 대한민국의 위인이랍니다.",
      "srcPage": 37,
      "srcSentenceEA": 4,
      "srcWordEA": 49,
      "character": "이이,효자",
      "setting": "임진왜란,열세 살 때,대한민국",
      "action": null,
      "feeling": null,
      "causalRelationship": null,
      "outcomeResolution": null,
      "prediction": null,
      "plotSummaryInfoCount": 1,
      "plotSummaryInfo": {
        "classification": "신체운동_건강",
        "readAge": "초등_고학년",
        "form": "long-form",
        "plotSummaryText": "임진왜란을 예견하여 십만양병설을 주장하기도 했던 이이는 열세 살 때 과거 시험에 장원 급제하여 과거 시험에서 무려 아홉 번이나 일등으로 뽑히고 학자로서 훌륭한 업적을 남긴 것 외에도 효자로서도 널리 존경받는 대한민국의 위인이다.",
        "textWordEA": 31
      }
    },
    {
      "srcTextID": "98420",
      "srcText": "두번째 '교기질(기질을 바로잡다) 공부법' 입니다. 자신의 잠재력을 믿고 주변에서 강요하지 않아도 스스로 공부해 나가는 것입니다. 누구나 가능하다, 공부하는 체질로 바꿔라.",
      "srcPage": 39,
      "srcSentenceEA": 4,
      "srcWordEA": 23,
      "character": null,
      "setting": null,
      "action": null,
      "feeling": null,
      "causalRelationship": "누구나 가능하다, 공부하는 체질로 바꿔라.",
      "outcomeResolution": "자신의 잠재력을 믿고 주변에서 강요하지 않아도 스스로 공부해 나가는 것입니다.",
      "prediction": null,
      "plotSummaryInfoCount": 1,
      "plotSummaryInfo": {
        "classification": "신체운동_건강",
        "readAge": "초등_고학년",
        "form": "long-form",
        "plotSummaryText": "두 번째는 교기질 공부법인데 자신의 잠재력을 믿고 주변에서 강요하지 않아도 스스로 공부하는 체질로 바꿔 나가는 것입니다.",
        "textWordEA": 16
      }
    },
    {
      "srcTextID": "98417",
      "srcText": "구용은 다음과 같다. 첫째 발의 모습은 정중하게 하라. 둘째 손의 모습은 공손하게 하라.",
      "srcPage": 44,
      "srcSentenceEA": 3,
      "srcWordEA": 15,
      "character": "발,손",
      "setting": null,
      "action": "정중하게 하라,공손하게 하라",
      "feeling": null,
      "causalRelationship": null,
      "outcomeResolution": null,
      "prediction": null,
      "plotSummaryInfoCount": 1,
      "plotSummaryInfo": {
        "classification": "신체운동_건강",
        "readAge": "초등_고학년",
        "form": "short-form",
        "plotSummaryText": "구용은 첫째 발의 모습은 정중하게 하고 둘째 손의 모습은 공손하게 해야 한다.",
        "textWordEA": 12
      }
    },
    {
      "srcTextID": "98425",
      "srcText": "여섯째 머리의 모습은 곧게 하라. 일곱째 기운의 모습은 엄숙하게 하라. 여덟째 서 있는 모습은 덕성스럽게 하라. 아홉째 얼굴빛의 모습은 굳세게 해야 한다.",
      "srcPage": 46,
      "srcSentenceEA": 4,
      "srcWordEA": 25,
      "character": "머리",
      "setting": null,
      "action": "굳세게 해야,덕성스럽게 하라,엄숙하게 하라,곧게 하라,서 있는",
      "feeling": null,
      "causalRelationship": null,
      "outcomeResolution": null,
      "prediction": null,
      "plotSummaryInfoCount": 1,
      "plotSummaryInfo": {
        "classification": "신체운동_건강",
        "readAge": "초등_고학년",
        "form": "long-form",
        "plotSummaryText": "여섯째 머리의 모습은 곧게 하고 일곱째 기운의 모습은 엄숙하게 하고 여덟째 서 있는 모습은 덕성스럽게 하고 아홉째 얼굴빛의 모습은 굳세게 해야 한다.",
        "textWordEA": 22
      }
    },
    {
      "srcTextID": "98367",
      "srcText": "\"모두 도착했어?\" \"아냐. 아직 준서가 안 왔어.\" \"준서가 꼴등이네!\" 그 말을 하기가 무섭게 저쪽에서 준서가 손을 흔들며 소리쳤어요. 모두 모였으니 박물관을 향해 출발해야 해요.",
      "srcPage": 13,
      "srcSentenceEA": 5,
      "srcWordEA": 27,
      "character": "준서",
      "setting": "박물관",
      "action": "도착했어,손을 흔들며 소리쳤어요",
      "feeling": null,
      "causalRelationship": null,
      "outcomeResolution": null,
      "prediction": null,
      "plotSummaryInfoCount": 1,
      "plotSummaryInfo": {
        "classification": "신체운동_건강",
        "readAge": "초등_고학년",
        "form": "long-form",
        "plotSummaryText": "준서가 꼴등이라고 말하기 무섭게 준서가 손을 흔들며 소리쳤고 모두 모였으니 박물관을 향해 출발해야 했다.",
        "textWordEA": 14
      }
    },
    {
      "srcTextID": "98375",
      "srcText": "일곱 명이 왁자지껄 재잘거리며 승강장에서 열차가 오기를 기다렸어요. 까르르 웃고 떠드는 소리에 주변의 어른들이 흘끗흘끗 사랑이와 친구들을 쳐다보았어요. 하지만 모두들 마냥 신이 났어요.",
      "srcPage": 15,
      "srcSentenceEA": 3,
      "srcWordEA": 25,
      "character": "어른들,일곱 명,친구들,사랑이",
      "setting": "승강장",
      "action": "열차가 오기를 기다렸어요,쳐다보았어요",
      "feeling": "신이 났어요",
      "causalRelationship": null,
      "outcomeResolution": null,
      "prediction": null,
      "plotSummaryInfoCount": 1,
      "plotSummaryInfo": {
        "classification": "신체운동_건강",
        "readAge": "초등_고학년",
        "form": "short-form",
        "plotSummaryText": "일곱 명이 승강장에서 열차가 오기를 기다리며 웃고 떠드는 소리에 주변의 어른들이 사랑이와 친구들을 쳐다보았지만 모두들 마냥 신이 났다.",
        "textWordEA": 18
      }
    },
    {
      "srcTextID": "98374",
      "srcText": "마치 신기한 모험을 떠나는 탐험대가 된 기분이었어요. 드디어 열차가 도착한다는 신호가 땡땡 울리며 \"곧 열차가 들어오니 한 걸음 물러서 주십시오.\" 라는 안내 방송이 나왔어요. 사랑이와 친구들은 출입구 근처에서 나란히 줄을 서서 열차 문이 열리기를 기다렸어요.",
      "srcPage": 16,
      "srcSentenceEA": 5,
      "srcWordEA": 38,
      "character": "사랑이,친구들",
      "setting": "출입구 근처",
      "action": "방송이 나왔어요,기다렸어요",
      "feeling": null,
      "causalRelationship": null,
      "outcomeResolution": null,
      "prediction": null,
      "plotSummaryInfoCount": 1,
      "plotSummaryInfo": {
        "classification": "신체운동_건강",
        "readAge": "초등_고학년",
        "form": "long-form",
        "plotSummaryText": "열차가 도착한다는 신호가 울리며 열차가 들어오니 안내 방송이 나왔고 사랑이와 친구들은 출입구 근처에서 열차 문이 열리기를 기다렸다.",
        "textWordEA": 17
      }
    },
    {
      "srcTextID": "98421",
      "srcText": "세번째 '혁구습(잘못된 옛 습관을 버려라) 공부법' 입니다. 몸에 밴 잘못된 옛 습관을 스스로 깨닫고 하나씩 없애나가는 것입니다. 잘못된 옛 습관을 타파하라.",
      "srcPage": 40,
      "srcSentenceEA": 4,
      "srcWordEA": 24,
      "character": null,
      "setting": null,
      "action": null,
      "feeling": "스스로 깨닫고,타파하라,없애나가는",
      "causalRelationship": null,
      "outcomeResolution": "몸에 밴 잘못된 옛 습관을 스스로 깨닫고 하나씩 없애나가는 것입니다.",
      "prediction": null,
      "plotSummaryInfoCount": 1,
      "plotSummaryInfo": {
        "classification": "신체운동_건강",
        "readAge": "초등_고학년",
        "form": "long-form",
        "plotSummaryText": "세 번째는 혁구습 공부법인데 몸에 밴 잘못된 옛 습관을 스스로 깨닫고 하나씩 타파해 나가는 것입니다.",
        "textWordEA": 15
      }
    },
    {
      "srcTextID": "98422",
      "srcText": "셋째 눈의 모습은 단정하게 하라. 넷째 입의 모습은 멈추게 하라. 함부로 말하지 마라. 다섯째 말소리의 모습은 차분하게 하라.",
      "srcPage": 45,
      "srcSentenceEA": 4,
      "srcWordEA": 21,
      "character": "눈,입",
      "setting": null,
      "action": "차분하게 하라,단정하게 하라,말하지 마라,멈추게 하라",
      "feeling": null,
      "causalRelationship": null,
      "outcomeResolution": null,
      "prediction": null,
      "plotSummaryInfoCount": 1,
      "plotSummaryInfo": {
        "classification": "신체운동_건강",
        "readAge": "초등_고학년",
        "form": "long-form",
        "plotSummaryText": "셋째 눈의 모습은 단정하게 하고 넷째 입의 모습은 멈추게 하여 함부로 말하지 말고 다섯째 말소리의 모습은 차분하게 하는 것이다.",
        "textWordEA": 19
      }
    },
    {
      "srcTextID": "98416",
      "srcText": "구사는 다음과 같다. 첫째 볼 때는 밝게 볼 것을 생각하라. 둘째 들을 때는 귀 밝게 들을 것을 생각하라.",
      "srcPage": 47,
      "srcSentenceEA": 3,
      "srcWordEA": 20,
      "character": "귀",
      "setting": null,
      "action": "볼 때,들을 것을,생각하라",
      "feeling": null,
      "causalRelationship": null,
      "outcomeResolution": null,
      "prediction": null,
      "plotSummaryInfoCount": 1,
      "plotSummaryInfo": {
        "classification": "신체운동_건강",
        "readAge": "초등_고학년",
        "form": "short-form",
        "plotSummaryText": "구사는 첫째 볼 때는 밝게 볼 것을 생각하고 둘째 들을 때는 귀 밝게 들을 것을 생각하는 것이다.",
        "textWordEA": 17
      }
    },
    {
      "srcTextID": "98423",
      "srcText": "셋째 얼굴빛은 온화하게 할 것을 생각하라. 넷째 용모는 공손하게 할 것을 생각하라. 다섯째 말은 충실하게 할 것을 생각하라.",
      "srcPage": 48,
      "srcSentenceEA": 3,
      "srcWordEA": 20,
      "character": null,
      "setting": null,
      "action": "충실하게 할,공손하게 할,생각하라",
      "feeling": "온화하게",
      "causalRelationship": null,
      "outcomeResolution": null,
      "prediction": null,
      "plotSummaryInfoCount": 1,
      "plotSummaryInfo": {
        "classification": "신체운동_건강",
        "readAge": "초등_고학년",
        "form": "short-form",
        "plotSummaryText": "셋째 얼굴빛은 온화하게 하고, 넷째 용모는 공손하게 하며, 다섯째 말은 충실하게 할 것을 생각해야 한다.",
        "textWordEA": 15
      }
    },
    {
      "srcTextID": "98379",
      "srcText": "자리가 많이 비어 있어서 사랑이와 친구들은 모두 다 앉을 수 있었어요. \"우와! 자리 많다!\" \"신난다! 모두 앉을 수 있어!\" 이제 열 정거장만 가면 도착이에요. 지하철이 지하에서 지상으로 달리자 창밖으로 멋진 바깥 풍경이 보였어요. 다들 고개를 돌려 창밖을 구경했어요.",
      "srcPage": 19,
      "srcSentenceEA": 6,
      "srcWordEA": 43,
      "character": "사랑이와 친구들",
      "setting": "지하철",
      "action": "앉을 수 있었어요,창밖을 구경했어요",
      "feeling": "신난다",
      "causalRelationship": null,
      "outcomeResolution": null,
      "prediction": null,
      "plotSummaryInfoCount": 1,
      "plotSummaryInfo": {
        "classification": "신체운동_건강",
        "readAge": "초등_고학년",
        "form": "long-form",
        "plotSummaryText": "자리가 많아 사랑이와 친구들은 모두 다 앉을 수 있었고 지하철이 지하에서 지상으로 달리자 창밖으로 멋진 바깥 풍경이 보여 다들 고개를 돌려 창밖을 구경했다.",
        "textWordEA": 23
      }
    },
    {
      "srcTextID": "98381",
      "srcText": "바구니 안에는 동전 몇 개가 들어 있고 어깨에 멘 카세트에서는 음악이 흘러나왔어요. 그때 옆에 앉은 서연이가 소곤소곤 귓속말을 했어요. \"거지 할아버지야.\" 자세히 보니 앞이 안 보이는지 눈도 반쯤 감고 있었어요. \"불쌍하다.\" \"그냥 모른 척해. 우리 엄마가 저런 사람들한테 함부로 돈 주지 말랬어.\" \"그래도 불쌍하잖아?\" \"아냐. 가만히 있어.\"",
      "srcPage": 21,
      "srcSentenceEA": 8,
      "srcWordEA": 51,
      "character": "서연이,거지 할아버지,엄마",
      "setting": null,
      "action": "귓속말을 했어요",
      "feeling": "불쌍하다",
      "causalRelationship": null,
      "outcomeResolution": null,
      "prediction": null,
      "plotSummaryInfoCount": 1,
      "plotSummaryInfo": {
        "classification": "신체운동_건강",
        "readAge": "초등_고학년",
        "form": "long-form",
        "plotSummaryText": "서연이가 소곤소곤 거지 할아버지라고 귓속말을 하자 친구들은 할아버지가 눈이 안 보이는 것 같아서 불쌍하다고 하기도 하고 엄마가 저런 사람에게 함부로 돈을 주면 안 된다고 했다고 말했다.",
        "textWordEA": 26
      }
    },
    {
      "srcTextID": "98394",
      "srcText": "할아버지는 지팡이로 바닥을 더듬거리며 열차 통로 한가운데를 따라 천천히 사랑이 앞을 지나갔어요. 다른 친구들을 보니 모두들 그 할아버지를 슬쩍 훔쳐보고만 있을 뿐 아무도 먼저 가서 바구니에 동전을 넣지는 않았어요. 사랑이는 친구의 말에 가만히 앉아 있었지만 주머니 속의 동전을 만지작거리며 안절부절못했어요.",
      "srcPage": 22,
      "srcSentenceEA": 3,
      "srcWordEA": 42,
      "character": "할아버지,사랑이",
      "setting": null,
      "action": "바닥을 더듬거리며,지나갔어요,동전을 만지작거리며 안절부절못했어요",
      "feeling": null,
      "causalRelationship": null,
      "outcomeResolution": null,
      "prediction": null,
      "plotSummaryInfoCount": 1,
      "plotSummaryInfo": {
        "classification": "신체운동_건강",
        "readAge": "초등_고학년",
        "form": "short-form",
        "plotSummaryText": "할아버지는 지팡이로 바닥을 더듬거리며 사랑이 앞을 지나갔는데 아무도 먼저 가서 바구니에 동전을 넣지는 않았고 사랑이는 가만히 앉아 있었지만 주머니 속의 동전을 만지작거리며 안절부절못했다.",
        "textWordEA": 23
      }
    }
  ]
}