{
  "title": "내 별명은 '공갈빵'",
  "author": "전윤호",
  "illustrator": "한국출판일러스트회",
  "isbn": "9791157024353",
  "publishedYear": 2015,
  "publisher": "황우",
  "paragraphInfoCount": 74,
  "paragraphInfo": [
    {
      "srcTextID": "100653",
      "srcText": "수업을 마치고 돌아오는 길에 연후가 진수에게 물었어요. “진수야, 너는 이번 학예회 때 뭐해?” “나는 아무것도 안 해.”",
      "srcPage": 5,
      "srcSentenceEA": 3,
      "srcWordEA": 17,
      "character": "연후,진수",
      "setting": "길",
      "action": "돌아오는,물었어요,아무것도 안 해",
      "feeling": null,
      "causalRelationship": null,
      "outcomeResolution": null,
      "prediction": null,
      "plotSummaryInfoCount": 1,
      "plotSummaryInfo": {
        "classification": "신체운동_건강",
        "readAge": "초등_고학년",
        "form": "short-form",
        "plotSummaryText": "연후는 진수에게 이번 학예회 때 뭐 하냐고 물었는데 진수는 아무것도 안 한다고 대답했어요.",
        "textWordEA": 13
      }
    },
    {
      "srcTextID": "100648",
      "srcText": "연후는 고민이 되었어요. ‘어쩌지? 이것도 하고 싶고 저것도 하고 싶고. 에라, 모르겠다.’",
      "srcPage": 2,
      "srcSentenceEA": 4,
      "srcWordEA": 15,
      "character": "연후",
      "setting": null,
      "action": null,
      "feeling": "고민이 되었어요,이것도 하고 싶고,저것도 하고 싶고",
      "causalRelationship": null,
      "outcomeResolution": null,
      "prediction": null,
      "plotSummaryInfoCount": 1,
      "plotSummaryInfo": {
        "classification": "신체운동_건강",
        "readAge": "초등_고학년",
        "form": "long-form",
        "plotSummaryText": "연후는 이것도 하고 싶고 저것도 하고 싶어 고민이 되었다.",
        "textWordEA": 9
      }
    },
    {
      "srcTextID": "100649",
      "srcText": "연후는 연극과 댄스 두 가지를 하기로 했어요. “연극이랑 댄스는 여러 명이 같이 연습을 해야 해. 다들 시간 약속을 하고 연습할 텐데, 둘 다 할 수 있겠어?”",
      "srcPage": 3,
      "srcSentenceEA": 3,
      "srcWordEA": 27,
      "character": "연후",
      "setting": null,
      "action": "연습을 해야,약속을 하고,연습할,하기로 했어요.",
      "feeling": null,
      "causalRelationship": null,
      "outcomeResolution": null,
      "prediction": null,
      "plotSummaryInfoCount": 1,
      "plotSummaryInfo": {
        "classification": "신체운동_건강",
        "readAge": "초등_고학년",
        "form": "short-form",
        "plotSummaryText": "연후는 연극과 댄스 두 가지를 하기로 했고, 여러 명이 같이 연습해야 하는데 둘 다 할 수 있겠냐고 말했다.",
        "textWordEA": 18
      }
    },
    {
      "srcTextID": "100650",
      "srcText": "친구들이 걱정스럽게 물었어요. “걱정 마. 약속 하나는 기가 막히게 잘 지키니까.” 연후가 자신있게 말했어요.",
      "srcPage": 4,
      "srcSentenceEA": 4,
      "srcWordEA": 16,
      "character": "친구들,연후",
      "setting": null,
      "action": "물었어요,말했어요,지키니까",
      "feeling": "걱정스럽게,자신 있게",
      "causalRelationship": null,
      "outcomeResolution": null,
      "prediction": null,
      "plotSummaryInfoCount": 1,
      "plotSummaryInfo": {
        "classification": "신체운동_건강",
        "readAge": "초등_고학년",
        "form": "long-form",
        "plotSummaryText": "걱정스럽게 묻는 친구들에게 약속 하나는 잘 지킬 수 있다고 연후는 자신 있게 말했다.",
        "textWordEA": 13
      }
    },
    {
      "srcTextID": "100651",
      "srcText": "“왜?” 진수가 머뭇거리다가 말했어요. “사실 바이올린 연주를 하고 싶은데 피아노 반주를 해 줄 사람이 없어서 포기했어. 바이올린 독주도 가능하지만 피아노랑 협주하면 더 멋있거든.”",
      "srcPage": 6,
      "srcSentenceEA": 3,
      "srcWordEA": 25,
      "character": "진수,바이올린,피아노,사람",
      "setting": null,
      "action": "머뭇거리다가,말했어요,포기했어,반주를 해 줄,협주하면",
      "feeling": "하고 싶은데",
      "causalRelationship": null,
      "outcomeResolution": null,
      "prediction": null,
      "plotSummaryInfoCount": 1,
      "plotSummaryInfo": {
        "classification": "신체운동_건강",
        "readAge": "초등_고학년",
        "form": "short-form",
        "plotSummaryText": "진수는 바이올린 연주를 피아노와 협주하고 싶은데 피아노 반주를 해 줄 사람이 없어서 포기했다고 말했다.",
        "textWordEA": 14
      }
    },
    {
      "srcTextID": "100658",
      "srcText": "연후도 연극과 댄스 두 팀 사이를 오가며 연습에 참여했어요. 거기다가 연극 팀에서는 소품도 책임지게 되었어요. “연극 연습을 갈 때마다 뭐 이렇게 들고 갈 게 많아.”",
      "srcPage": 10,
      "srcSentenceEA": 3,
      "srcWordEA": 26,
      "character": "연후,소품",
      "setting": "연습을 갈 때마다",
      "action": "오가며,참여했어요,들고 갈",
      "feeling": null,
      "causalRelationship": null,
      "outcomeResolution": null,
      "prediction": null,
      "plotSummaryInfoCount": 1,
      "plotSummaryInfo": {
        "classification": "신체운동_건강",
        "readAge": "초등_고학년",
        "form": "short-form",
        "plotSummaryText": "연후는 연극과 댄스 두 팀을 오가며 연습을 참여했고, 연극 팀에서는 연습을 갈 때마다 들고 갈 게 많아 소품도 책임지게 되었어요.",
        "textWordEA": 20
      }
    },
    {
      "srcTextID": "100660",
      "srcText": "그렇게 며칠이 지난 후, 연후는 댄스 연습을 하러 학교 운동장으로 갔어요. “김연후, 얼른 와. 왜 이렇게 늦었어.”",
      "srcPage": 13,
      "srcSentenceEA": 3,
      "srcWordEA": 18,
      "character": "김연후",
      "setting": "학교 운동장,며칠이 지난 후",
      "action": "연습을 하러,갔어요,와",
      "feeling": null,
      "causalRelationship": null,
      "outcomeResolution": null,
      "prediction": null,
      "plotSummaryInfoCount": 1,
      "plotSummaryInfo": {
        "classification": "신체운동_건강",
        "readAge": "초등_고학년",
        "form": "short-form",
        "plotSummaryText": "며칠이 지난 후 연후는 댄스 연습을 하러 운동장으로 갔지만 늦었어요.",
        "textWordEA": 10
      }
    },
    {
      "srcTextID": "100659",
      "srcText": "“그렇다고 약속을 안 지키면 어떻게 해.” “어차피 약속은 깨라고 있는 거야. 만약 좋은 역할을 줬다면 내가 약속을 깨는 일은 없었을 텐데.”",
      "srcPage": 16,
      "srcSentenceEA": 3,
      "srcWordEA": 22,
      "character": null,
      "setting": null,
      "action": "약속을 안 지키면,줬다면,약속을 깨는",
      "feeling": null,
      "causalRelationship": "만약 좋은 역할을 줬다면 내가 약속을 깨는 일은 없었을 텐데.",
      "outcomeResolution": null,
      "prediction": null,
      "plotSummaryInfoCount": 1,
      "plotSummaryInfo": {
        "classification": "신체운동_건강",
        "readAge": "초등_고학년",
        "form": "short-form",
        "plotSummaryText": "약속을 안 지키면 어떡하냔 말에 약속은 깨는 거라며 좋은 역할을 줬다면 내가 약속을 깨는 일은 없었을 거라 말했습니다.",
        "textWordEA": 18
      }
    },
    {
      "srcTextID": "100666",
      "srcText": "응, 공갈빵 자리는 저기 끝.” “공갈빵?” 연후가 다시 묻자 지연이가 약간 당황한 듯 웃으며 말했어요. “아, 내가 빵이 먹고 싶나 봐. 헛소리가 나오네.”",
      "srcPage": 18,
      "srcSentenceEA": 4,
      "srcWordEA": 25,
      "character": "공갈빵,연후,지연이,빵",
      "setting": "자리",
      "action": "묻자,웃으며,말했어요,나오네",
      "feeling": "당황한,먹고 싶나",
      "causalRelationship": null,
      "outcomeResolution": null,
      "prediction": null,
      "plotSummaryInfoCount": 1,
      "plotSummaryInfo": {
        "classification": "신체운동_건강",
        "readAge": "초등_고학년",
        "form": "long-form",
        "plotSummaryText": "공갈빵 자리는 끝이라고 말한 지연이에게 연후가 다시 묻자, 빵이 먹고 싶어 헛소리가 나왔다고 말했습니다.",
        "textWordEA": 14
      }
    },
    {
      "srcTextID": "100664",
      "srcText": "연후가 괜히 팔다리를 이리저리 흔들었어요. “몸이 안 풀리기는. 또 연습을 안 해 왔구나.”",
      "srcPage": 21,
      "srcSentenceEA": 3,
      "srcWordEA": 14,
      "character": "연후,팔다리,몸",
      "setting": null,
      "action": "흔들었어요,풀리기는,안 해 왔구나",
      "feeling": null,
      "causalRelationship": null,
      "outcomeResolution": null,
      "prediction": null,
      "plotSummaryInfoCount": 1,
      "plotSummaryInfo": {
        "classification": "신체운동_건강",
        "readAge": "초등_고학년",
        "form": "short-form",
        "plotSummaryText": "괜히 팔다리를 이리저리 흔드는 연후에게 또 연습을 안 해 왔다고 했습니다.",
        "textWordEA": 11
      }
    },
    {
      "srcTextID": "100672",
      "srcText": "연후가 새끼손가락을 내밀며 말했어요. 하지만 지연이는 콧방귀를 뀌며 연후 손가락을 본체만체했어요. “공갈빵이 언제 터질지 모르는데 누가 손가락을 걸어?”",
      "srcPage": 26,
      "srcSentenceEA": 3,
      "srcWordEA": 19,
      "character": "연후,새끼손가락,지연이,손가락,공갈빵",
      "setting": null,
      "action": "내밀며,말했어요,뀌며,본체만체했어요,터질지,걸어",
      "feeling": null,
      "causalRelationship": null,
      "outcomeResolution": null,
      "prediction": null,
      "plotSummaryInfoCount": 1,
      "plotSummaryInfo": {
        "classification": "신체운동_건강",
        "readAge": "초등_고학년",
        "form": "short-form",
        "plotSummaryText": "연후가 약속하며 새끼손가락을 내밀었지만, 지연이는 공갈빵이 언제 터질지 모르는데 누가 손가락을 거냐며 본체만체했습니다.",
        "textWordEA": 13
      }
    },
    {
      "srcTextID": "100674",
      "srcText": "“연후는 연습 약속도 안 지키니까 동작도 제대로 못 할 거야. 그리고 어차피 빨간 티도 안 입고 올 테니까 아예 무대에 오르지 못하게 하자.” “그래, 그래.” 아이들이 맞장구를 쳤어요.",
      "srcPage": 30,
      "srcSentenceEA": 4,
      "srcWordEA": 30,
      "character": "연후,빨간 티,아이들",
      "setting": "무대",
      "action": "약속도 안 지키니까,못 할 거야,안 입고 올 테니까,오르지 못하게 하자,맞장구를 쳤어요",
      "feeling": null,
      "causalRelationship": null,
      "outcomeResolution": null,
      "prediction": null,
      "plotSummaryInfoCount": 1,
      "plotSummaryInfo": {
        "classification": "신체운동_건강",
        "readAge": "초등_고학년",
        "form": "long-form",
        "plotSummaryText": "연후는 동작도 제대로 못 할 것이고 빨간 티도 안 입을 테니 아예 무대에 오르지 못하게 하자는 말에, 아이들은 맞장구를 쳤습니다.",
        "textWordEA": 20
      }
    },
    {
      "srcTextID": "100679",
      "srcText": "“어휴, 바쁘다 바빠. 연예인이 따로 없네.” 연극 연습을 하고 집으로 향하던 연후는 집 앞에서 진수를 만났어요.",
      "srcPage": 31,
      "srcSentenceEA": 3,
      "srcWordEA": 18,
      "character": "연예인,연후,진수",
      "setting": "집 앞",
      "action": "연습을 하고,향하던,만났어요,바쁘다",
      "feeling": null,
      "causalRelationship": null,
      "outcomeResolution": null,
      "prediction": null,
      "plotSummaryInfoCount": 1,
      "plotSummaryInfo": {
        "classification": "신체운동_건강",
        "readAge": "초등_고학년",
        "form": "short-form",
        "plotSummaryText": "연극 연습을 하고 바쁘게 집으로 향하던 연후는 집 앞에서 진수를 만났습니다.",
        "textWordEA": 11
      }
    },
    {
      "srcTextID": "100677",
      "srcText": "“김연후, 너 뭐야? 오늘 바이올린 반주 연습하기로 했잖아. 30분씩이나 늦으면 어떻게 해!”",
      "srcPage": 32,
      "srcSentenceEA": 3,
      "srcWordEA": 14,
      "character": "김연후,바이올린",
      "setting": "오늘",
      "action": "연습하기로 했잖아,늦으면",
      "feeling": null,
      "causalRelationship": null,
      "outcomeResolution": null,
      "prediction": null,
      "plotSummaryInfoCount": 1,
      "plotSummaryInfo": {
        "classification": "신체운동_건강",
        "readAge": "초등_고학년",
        "form": "short-form",
        "plotSummaryText": "오늘 바이올린 반주 연습을 하기로 했으나 김연후는 30분이나 늦었습니다.",
        "textWordEA": 9
      }
    },
    {
      "srcTextID": "100678",
      "srcText": "“뭐? 시간 약속을 했잖아! 그럼 지켜야지! 아니면 사정이 있다고 미리 연락을 주든가.”",
      "srcPage": 34,
      "srcSentenceEA": 3,
      "srcWordEA": 15,
      "character": null,
      "setting": null,
      "action": "약속을 했잖아,연락을 주든가,지켜야지",
      "feeling": null,
      "causalRelationship": null,
      "outcomeResolution": "그럼 지켜야지! 아니면 사정이 있다고 미리 연락을 주든가.",
      "prediction": null,
      "plotSummaryInfoCount": 1,
      "plotSummaryInfo": {
        "classification": "신체운동_건강",
        "readAge": "초등_고학년",
        "form": "short-form",
        "plotSummaryText": "시간 약속을 했으면 지키든지 사정이 있다고 연락을 줬어야 했습니다.",
        "textWordEA": 9
      }
    },
    {
      "srcTextID": "100683",
      "srcText": "“연후야, 너 오늘 소품 가지고 온다면서?” 다음 날, 연극 연습을 하러 온 연후에게 성준이가 말했어요. “아, 깜박했다. 다음에는 가지고 올게.”",
      "srcPage": 36,
      "srcSentenceEA": 4,
      "srcWordEA": 22,
      "character": "연후,소품,성준이",
      "setting": "다음 날,오늘",
      "action": "가지고 온다면서,연습을 하러 온,말했어요,깜박했다",
      "feeling": null,
      "causalRelationship": null,
      "outcomeResolution": null,
      "prediction": null,
      "plotSummaryInfoCount": 1,
      "plotSummaryInfo": {
        "classification": "신체운동_건강",
        "readAge": "초등_고학년",
        "form": "long-form",
        "plotSummaryText": "다음 날, 연극 연습을 하러 온 연후에게 성준이 오늘 소품을 가져왔냐 묻자, 깜빡했다며 다음에는 가지고 온다고 말했습니다.",
        "textWordEA": 17
      }
    },
    {
      "srcTextID": "100685",
      "srcText": "연후가 웃으면서 말했어요. 하지만 성준이는 싸늘한 표정으로 말했어요. “지난번에도 다음에 가져온다더니 또 약속을 어겼어.",
      "srcPage": 37,
      "srcSentenceEA": 3,
      "srcWordEA": 15,
      "character": "연후,성준이",
      "setting": "지난번",
      "action": "웃으면서,말했어요,약속을 어겼어,가져온다더니,싸늘한 표정으로",
      "feeling": null,
      "causalRelationship": null,
      "outcomeResolution": null,
      "prediction": null,
      "plotSummaryInfoCount": 1,
      "plotSummaryInfo": {
        "classification": "신체운동_건강",
        "readAge": "초등_고학년",
        "form": "short-form",
        "plotSummaryText": "연후가 웃으며 말했지만, 성준이는 또 약속을 어겼다며 싸늘한 표정으로 말했습니다.",
        "textWordEA": 10
      }
    },
    {
      "srcTextID": "100686",
      "srcText": "지난 연습 때도 안 나오고 말이야. 도대체 넌 연극을 하겠다는 거야, 말겠다는 거야!” “뭘 그렇게 화를 내고 그러냐?",
      "srcPage": 38,
      "srcSentenceEA": 3,
      "srcWordEA": 19,
      "character": "넌",
      "setting": "지난 연습 때",
      "action": "안 나오고,연극을 하겠다는 거야,말겠다는 거야,화를 내고",
      "feeling": null,
      "causalRelationship": null,
      "outcomeResolution": null,
      "prediction": null,
      "plotSummaryInfoCount": 1,
      "plotSummaryInfo": {
        "classification": "신체운동_건강",
        "readAge": "초등_고학년",
        "form": "short-form",
        "plotSummaryText": "지난 연습 때도 안 나오고 연극을 하겠다는 건지 말겠다는 건지 화를 내자 되려 왜 화를 내냐며 되물었습니다.",
        "textWordEA": 17
      }
    },
    {
      "srcTextID": "100657",
      "srcText": "연후는 소품 가방을 보고 짜증스럽게 말했어요. “어휴, 게다가 댄스는 외워야 할 동작이 많잖아. 그냥 음악 틀어 놓고 추는 것은 재미있는데, 이렇게 다른 친구들이랑 맞춰 추려니 쉽지 않네.”",
      "srcPage": 11,
      "srcSentenceEA": 3,
      "srcWordEA": 28,
      "character": "연후,소품 가방,친구들",
      "setting": null,
      "action": "보고,말했어요,외워야 할,틀어,놓고,맞춰 추려니",
      "feeling": "짜증스럽게,재미있는데",
      "causalRelationship": null,
      "outcomeResolution": null,
      "prediction": null,
      "plotSummaryInfoCount": 1,
      "plotSummaryInfo": {
        "classification": "신체운동_건강",
        "readAge": "초등_고학년",
        "form": "short-form",
        "plotSummaryText": "연후는 댄스는 외워야 할 동작도 많고 친구들이랑 맞춰주려니 쉽지 않다며 짜증스럽게 말했어요.",
        "textWordEA": 12
      }
    },
    {
      "srcTextID": "100670",
      "srcText": "어쩌면 동작이 하나도 안 맞니? 연습을 하기는 한 거야?” “걱정 마. 오늘은 진짜 집에서 연습할 테니까. 약속!”",
      "srcPage": 25,
      "srcSentenceEA": 5,
      "srcWordEA": 20,
      "character": null,
      "setting": "오늘,집",
      "action": "연습할,안 맞니,하기는 한 거야",
      "feeling": "걱정 마",
      "causalRelationship": null,
      "outcomeResolution": null,
      "prediction": null,
      "plotSummaryInfoCount": 1,
      "plotSummaryInfo": {
        "classification": "신체운동_건강",
        "readAge": "초등_고학년",
        "form": "long-form",
        "plotSummaryText": "동작이 하나도 안 맞아 연습하긴 한 거냔 물음에, 오늘은 집에서 진짜 연습할 거라 약속했습니다.",
        "textWordEA": 14
      }
    },
    {
      "srcTextID": "100676",
      "srcText": "지연이는 연후가 듣지 못하게 작게 속삭였어요. 댄스 연습을 마치자 연후는 연극 연습이 있다면서 먼저 갔어요. 뒷정리를 하던 친구들이 지연이에게 물었어요.",
      "srcPage": 27,
      "srcSentenceEA": 3,
      "srcWordEA": 22,
      "character": "지연이,연후,친구들",
      "setting": null,
      "action": "속삭였어요,연습을 마치자,갔어요,뒷정리를 하던,물었어요",
      "feeling": null,
      "causalRelationship": null,
      "outcomeResolution": null,
      "prediction": null,
      "plotSummaryInfoCount": 1,
      "plotSummaryInfo": {
        "classification": "신체운동_건강",
        "readAge": "초등_고학년",
        "form": "short-form",
        "plotSummaryText": "연후는 댄스 연습을 마치자, 연극 연습이 있다며 먼저 갔고, 친구들은 지연이에게 물었습니다.",
        "textWordEA": 12
      }
    },
    {
      "srcTextID": "100673",
      "srcText": "“그런데 지연아, 연후한테 왜 공갈빵이라고 해?” “만날 공갈만 치잖아. 공갈빵이 겉은 빵빵해 보이지만 속은 텅 빈 게 꼭 연후 같아.",
      "srcPage": 28,
      "srcSentenceEA": 3,
      "srcWordEA": 21,
      "character": "지연,연후,공갈빵",
      "setting": null,
      "action": "공갈만 치잖아,빵빵해 보이지만",
      "feeling": null,
      "causalRelationship": null,
      "outcomeResolution": null,
      "prediction": null,
      "plotSummaryInfoCount": 1,
      "plotSummaryInfo": {
        "classification": "신체운동_건강",
        "readAge": "초등_고학년",
        "form": "short-form",
        "plotSummaryText": "지연이는 공갈빵이 겉은 빵빵해 보이지만, 속이 텅 빈 게 꼭 연후와 같다고 했습니다.",
        "textWordEA": 13
      }
    },
    {
      "srcTextID": "100675",
      "srcText": "말은 번지르하게 하면서 약속은 하나도 지키지 않고.” 아이들은 재미있다는 듯이 킥킥거렸어요. “연후한테 딱 어울리는 별명이다.”",
      "srcPage": 29,
      "srcSentenceEA": 3,
      "srcWordEA": 16,
      "character": "아이들,연후",
      "setting": null,
      "action": "말은 번지르하게 하면서,지키지 않고,킥킥거렸어요",
      "feeling": "재미있다는",
      "causalRelationship": null,
      "outcomeResolution": null,
      "prediction": null,
      "plotSummaryInfoCount": 1,
      "plotSummaryInfo": {
        "classification": "신체운동_건강",
        "readAge": "초등_고학년",
        "form": "short-form",
        "plotSummaryText": "말만 번지르하게 하면서 약속을 하나도 안 지키는 연후에게 딱 어울리는 별명이라고 하자 아이들은 재미있어했습니다.",
        "textWordEA": 14
      }
    },
    {
      "srcTextID": "100687",
      "srcText": "“공갈빵?” 성준이 말에 지우가 냉큼 말했어요. “응, 연후 별명이 공갈빵이잖아. 댄스 팀 애들이 그러더라.”",
      "srcPage": 43,
      "srcSentenceEA": 3,
      "srcWordEA": 16,
      "character": "공갈빵,성준,지우,연후",
      "setting": null,
      "action": "말했어요,그러더라",
      "feeling": null,
      "causalRelationship": null,
      "outcomeResolution": null,
      "prediction": null,
      "plotSummaryInfoCount": 1,
      "plotSummaryInfo": {
        "classification": "신체운동_건강",
        "readAge": "초등_고학년",
        "form": "short-form",
        "plotSummaryText": "성준의 말에 지우는 댄스 팀에서 연후 별명이 공갈빵이라 알려줬습니다.",
        "textWordEA": 9
      }
    },
    {
      "srcTextID": "100688",
      "srcText": "“그래? 그건 그렇고 우리는 어떻게 하지? 연후 아직 대사도 다 못 외운 거 같은데?” 성준이가 걱정스럽게 말하자 하영이가 말했어요.",
      "srcPage": 44,
      "srcSentenceEA": 3,
      "srcWordEA": 22,
      "character": "연후,성준이,하영이",
      "setting": null,
      "action": "어떻게 하지,못 외운,말했어요",
      "feeling": "걱정스럽게",
      "causalRelationship": null,
      "outcomeResolution": null,
      "prediction": null,
      "plotSummaryInfoCount": 1,
      "plotSummaryInfo": {
        "classification": "신체운동_건강",
        "readAge": "초등_고학년",
        "form": "short-form",
        "plotSummaryText": "성준이는 연후가 대사도 다 못 외운 거 같다며 걱정하자 하영이가 말했어요.",
        "textWordEA": 11
      }
    },
    {
      "srcTextID": "100689",
      "srcText": "“그러면 연후는 불안하니까 다른 애를 알아보자. 내 짝이 연극하고 싶다고 하는데 그 애한테 맡기자.” 하영이 말에 지우도 성준이도 찬성했어요.",
      "srcPage": 45,
      "srcSentenceEA": 3,
      "srcWordEA": 21,
      "character": "연후,애,짝,하영이,지우,성준이",
      "setting": null,
      "action": "맡기자,찬성했어요,알아보자",
      "feeling": "불안하니까,연극하고 싶다고",
      "causalRelationship": null,
      "outcomeResolution": null,
      "prediction": null,
      "plotSummaryInfoCount": 1,
      "plotSummaryInfo": {
        "classification": "신체운동_건강",
        "readAge": "초등_고학년",
        "form": "short-form",
        "plotSummaryText": "불안한 연후 대신 하영이의 짝에게 맡기자는 말에 지우도 성준이도 찬성했습니다.",
        "textWordEA": 10
      }
    },
    {
      "srcTextID": "100647",
      "srcText": "연후네 반은 이번 달에 학예회를 해요. 아이들이 직접 조를 짜서 솜씨 뽐내기를 하기로 했어요. 다들 저마다 솜씨를 뽐낼 수 있는 장기를 고르느라 정신이 없었어요.",
      "srcPage": 1,
      "srcSentenceEA": 3,
      "srcWordEA": 26,
      "character": "아이들,연후",
      "setting": "이번 달",
      "action": "학예회를 해요,짜서,뽐내기를 하기로 했어요.고르느라",
      "feeling": "정신이 없었어요",
      "causalRelationship": null,
      "outcomeResolution": null,
      "prediction": null,
      "plotSummaryInfoCount": 1,
      "plotSummaryInfo": {
        "classification": "신체운동_건강",
        "readAge": "초등_고학년",
        "form": "short-form",
        "plotSummaryText": "이번 달 학예회 때 연후네 반 아이들은 직접 조를 짜서 솜씨를 뽐내기로 해서 다들 장기를 고르느라 정신이 없었다.",
        "textWordEA": 18
      }
    },
    {
      "srcTextID": "100667",
      "srcText": "지연이 말에 아이들이 키득키득 웃었어요. 연습이 시작되자 아이들은 음악에 맞춰 조금씩 동작을 맞췄어요. 그런데 연후 혼자 자꾸만 틀렸어요.",
      "srcPage": 19,
      "srcSentenceEA": 3,
      "srcWordEA": 20,
      "character": "지연이,아이들,연후",
      "setting": null,
      "action": "웃었어요,연습이 시작되자,동작을 맞췄어요,음악에 맞춰",
      "feeling": null,
      "causalRelationship": null,
      "outcomeResolution": null,
      "prediction": null,
      "plotSummaryInfoCount": 1,
      "plotSummaryInfo": {
        "classification": "신체운동_건강",
        "readAge": "초등_고학년",
        "form": "short-form",
        "plotSummaryText": "연습이 시작되자 아이들은 음악에 맞춰 동작을 맞췄는데, 연후 혼자 자꾸만 틀렸습니다.",
        "textWordEA": 11
      }
    },
    {
      "srcTextID": "100684",
      "srcText": "다음에는 꼭 가지고 올게.” 연후도 조금 기분이 나빴어요. 대강 연습을 마치고 연후가 서둘러 나오며 말했어요.",
      "srcPage": 39,
      "srcSentenceEA": 3,
      "srcWordEA": 17,
      "character": "연후",
      "setting": null,
      "action": "가지고 올게,연습을 마치고,나오며,말했어요",
      "feeling": "기분이 나빴어요",
      "causalRelationship": null,
      "outcomeResolution": null,
      "prediction": null,
      "plotSummaryInfoCount": 1,
      "plotSummaryInfo": {
        "classification": "신체운동_건강",
        "readAge": "초등_고학년",
        "form": "short-form",
        "plotSummaryText": "다음에는 꼭 가지고 온다며 기분이 나빠진 연후는 대강 연습을 마치고 연후는 서둘러 나오며 말했어요.",
        "textWordEA": 14
      }
    },
    {
      "srcTextID": "100691",
      "srcText": "남은 아이들은 연후 자리는 비워 두고 연극 연습을 했어요. 연습을 하던 하영이가 투덜댔어요. “이게 뭐야. 소품이 없으니까 연습도 제대로 안 되고.",
      "srcPage": 41,
      "srcSentenceEA": 4,
      "srcWordEA": 23,
      "character": "아이들,연후,하영이,소품",
      "setting": null,
      "action": "비워 두고,연극 연습을 했어요,투덜댔어요,제대로 안 되고",
      "feeling": null,
      "causalRelationship": null,
      "outcomeResolution": null,
      "prediction": null,
      "plotSummaryInfoCount": 1,
      "plotSummaryInfo": {
        "classification": "신체운동_건강",
        "readAge": "초등_고학년",
        "form": "long-form",
        "plotSummaryText": "남은 아이들은 연후 없이 연극 연습을 했고 소품도 없이 연습이 제대로 안 되자 하영이가 투덜댔습니다.",
        "textWordEA": 15
      }
    },
    {
      "srcTextID": "100690",
      "srcText": "그리고 진수는 다른 애한테 반주 맡긴다던데 무슨 연습? 약속도 안 지키고 거짓말만 하고. 진짜 공갈빵이야.”",
      "srcPage": 42,
      "srcSentenceEA": 3,
      "srcWordEA": 17,
      "character": "진수,애,공갈빵",
      "setting": null,
      "action": "안 지키고,거짓말만 하고,맡긴다던데",
      "feeling": null,
      "causalRelationship": null,
      "outcomeResolution": null,
      "prediction": null,
      "plotSummaryInfoCount": 1,
      "plotSummaryInfo": {
        "classification": "신체운동_건강",
        "readAge": "초등_고학년",
        "form": "short-form",
        "plotSummaryText": "진수는 다른 애한테 반주를 맡긴다던데 무슨 연습이냐며, 약속도 안 지키고 거짓말만 한다고 공갈빵이라 말했습니다.",
        "textWordEA": 14
      }
    },
    {
      "srcTextID": "101728",
      "srcText": "“그래. 누가 해도 연습 약속만 잘 지키면 잘할 거야.” 아이들은 연후 역할을 다른 아이로 바꿔 버렸어요. 학예회 발표날이 되었어요.",
      "srcPage": 46,
      "srcSentenceEA": 3,
      "srcWordEA": 22,
      "character": "아이들,연후,아이",
      "setting": "학예회 발표날",
      "action": "바꿔 버렸어요,잘 지키면",
      "feeling": null,
      "causalRelationship": null,
      "outcomeResolution": null,
      "prediction": null,
      "plotSummaryInfoCount": 1,
      "plotSummaryInfo": {
        "classification": "신체운동_건강",
        "readAge": "초등_고학년",
        "form": "short-form",
        "plotSummaryText": "아이들은 연후 역할을 다른 아이로 바꿔 버렸고 학예회 발표날이 되었습니다.",
        "textWordEA": 10
      }
    },
    {
      "srcTextID": "100668",
      "srcText": "그러자 지연이가 힐끗 쳐다보며 말했어요. “김연후, 너는 꼭 빨간색 티셔츠 입고 와! 안 그러면 진짜 눈에 띌 테니까.",
      "srcPage": 24,
      "srcSentenceEA": 3,
      "srcWordEA": 19,
      "character": "지연이,김연후,티셔츠,눈",
      "setting": null,
      "action": "쳐다보며,말했어요,입고 와,안 그러면,띌 테니까",
      "feeling": null,
      "causalRelationship": null,
      "outcomeResolution": null,
      "prediction": null,
      "plotSummaryInfoCount": 1,
      "plotSummaryInfo": {
        "classification": "신체운동_건강",
        "readAge": "초등_고학년",
        "form": "short-form",
        "plotSummaryText": "지연이는 연후에게 넌 안 그러면 눈에 띌 테니 꼭 빨간색 티셔츠를 입고 오라 말했습니다.",
        "textWordEA": 14
      }
    },
    {
      "srcTextID": "100680",
      "srcText": "그러잖아도 피곤한 연후는 진수 말에 짜증이 났어요. “30분 기다린 거 가지고 뭘 그래!” 연후가 오히려 짜증을 내자 진수는 얼굴이 새빨개질 정도로 화를 냈어요.",
      "srcPage": 33,
      "srcSentenceEA": 3,
      "srcWordEA": 24,
      "character": "연후,진수,얼굴",
      "setting": "30분",
      "action": "기다린,화를 냈어요",
      "feeling": "짜증이 났어요",
      "causalRelationship": null,
      "outcomeResolution": null,
      "prediction": null,
      "plotSummaryInfoCount": 1,
      "plotSummaryInfo": {
        "classification": "신체운동_건강",
        "readAge": "초등_고학년",
        "form": "short-form",
        "plotSummaryText": "피곤한 연후는 진수 말에 짜증을 냈고, 진수는 오히려 짜증을 내는 연후에게 30분 기다린 거 가지고 뭘 그러냐며 얼굴이 새빨개질 정도로 화를 냈습니다.",
        "textWordEA": 22
      }
    },
    {
      "srcTextID": "100681",
      "srcText": "연후는 한숨을 푹 쉬고 진수에게 사과했어요. “알았어, 미안해. 내일은 약속 꼭 지킬게.”",
      "srcPage": 35,
      "srcSentenceEA": 3,
      "srcWordEA": 13,
      "character": "연후,진수",
      "setting": "내일",
      "action": "한숨을 푹 쉬고,사과했어요,지킬게",
      "feeling": "미안해",
      "causalRelationship": null,
      "outcomeResolution": null,
      "prediction": null,
      "plotSummaryInfoCount": 1,
      "plotSummaryInfo": {
        "classification": "신체운동_건강",
        "readAge": "초등_고학년",
        "form": "short-form",
        "plotSummaryText": "한숨을 쉰 연후는 내일 약속은 꼭 지키겠다며 진수에게 사과했습니다.",
        "textWordEA": 9
      }
    },
    {
      "srcTextID": "100654",
      "srcText": "연후는 진수 어깨를 툭 치며 말했어요. “그런 거면 나한테 말을 하지. 내가 해 줄게.”",
      "srcPage": 7,
      "srcSentenceEA": 3,
      "srcWordEA": 15,
      "character": "연후,진수,어깨",
      "setting": null,
      "action": "말했어요,툭 치며,말을 하지,해 줄게",
      "feeling": null,
      "causalRelationship": null,
      "outcomeResolution": null,
      "prediction": null,
      "plotSummaryInfoCount": 1,
      "plotSummaryInfo": {
        "classification": "신체운동_건강",
        "readAge": "초등_고학년",
        "form": "short-form",
        "plotSummaryText": "연후는 진수의 어깨를 툭 치며 내가 해준다고 말했다.",
        "textWordEA": 8
      }
    },
    {
      "srcTextID": "100652",
      "srcText": "“정말?” 진수가 두 눈을 반짝이며 말했어요. “하지만 연후야, 너는 연극이랑 댄스 두 가지나 하잖아. 거기에 내 바이올린 반주까지 하는 건 무리가 아닐까?”",
      "srcPage": 8,
      "srcSentenceEA": 3,
      "srcWordEA": 24,
      "character": "진수,연후,바이올린,눈",
      "setting": null,
      "action": "말했어요,두 가지나 하잖아,반주까지 하는",
      "feeling": null,
      "causalRelationship": null,
      "outcomeResolution": null,
      "prediction": null,
      "plotSummaryInfoCount": 1,
      "plotSummaryInfo": {
        "classification": "신체운동_건강",
        "readAge": "초등_고학년",
        "form": "short-form",
        "plotSummaryText": "진수는 연극이랑 댄스 두 가지나 하는데 바이올린 반주까지 하는 건 무리가 아니냐고 연후에게 말했다.",
        "textWordEA": 14
      }
    },
    {
      "srcTextID": "100655",
      "srcText": "“걱정 마. 나 김연후를 믿어 봐.” 연후는 자신 있게 말했어요. 학예회를 앞두고 아이들은 팀끼리 모여 연습을 했어요.",
      "srcPage": 9,
      "srcSentenceEA": 4,
      "srcWordEA": 20,
      "character": "김연후,아이들",
      "setting": null,
      "action": "말했어요,모여,연습을 했어요,믿어 봐",
      "feeling": "걱정 마,자신 있게",
      "causalRelationship": null,
      "outcomeResolution": null,
      "prediction": null,
      "plotSummaryInfoCount": 1,
      "plotSummaryInfo": {
        "classification": "신체운동_건강",
        "readAge": "초등_고학년",
        "form": "long-form",
        "plotSummaryText": "김연후는 자신을 믿어보라고 말했고, 학예회를 앞두고 아이들은 모여 연습을 시작했다.",
        "textWordEA": 10
      }
    },
    {
      "srcTextID": "100656",
      "srcText": "연극과 댄스, 그리고 진수 반주 연습까지 하려니 시간이 모자랐어요. 연후는 슬슬 꾀를 내기 시작했어요. “오늘은 댄스 하고 바로 연극이네. 몸도 피곤한데 오늘은 하나만 가자.”",
      "srcPage": 12,
      "srcSentenceEA": 4,
      "srcWordEA": 26,
      "character": "연후,몸",
      "setting": "오늘",
      "action": "연습까지 하려니,모자랐어요,꾀를 내기 시작했어요,가자",
      "feeling": null,
      "causalRelationship": null,
      "outcomeResolution": null,
      "prediction": null,
      "plotSummaryInfoCount": 1,
      "plotSummaryInfo": {
        "classification": "신체운동_건강",
        "readAge": "초등_고학년",
        "form": "long-form",
        "plotSummaryText": "연극과 댄스, 진수 반주 연습까지 하려니 시간이 모자랐던 연후는 슬슬 꾀를 내기 시작했고 오늘은 하나만 가기로 했어요.",
        "textWordEA": 17
      }
    },
    {
      "srcTextID": "100662",
      "srcText": "댄스 팀을 맡고 있는 지연이가 소리쳤어요. “연후, 연극 연습하고 오나 보다. 두 개 다 하려니 힘들지?”",
      "srcPage": 14,
      "srcSentenceEA": 3,
      "srcWordEA": 17,
      "character": "지연이,연후",
      "setting": null,
      "action": "소리쳤어요,연극 연습하고,다 하려니",
      "feeling": null,
      "causalRelationship": null,
      "outcomeResolution": null,
      "prediction": null,
      "plotSummaryInfoCount": 1,
      "plotSummaryInfo": {
        "classification": "신체운동_건강",
        "readAge": "초등_고학년",
        "form": "short-form",
        "plotSummaryText": "댄스 팀을 맡고 있는 지연이가 두 개 다 하려니 힘드냐 소리쳤어요.",
        "textWordEA": 11
      }
    },
    {
      "srcTextID": "100661",
      "srcText": "다른 친구가 슬쩍 연후 편을 들었어요. “연극 연습은 안 갔어. 피곤하기도 해서 집에서 쉬다 왔어. 어차피 내 역할이 그리 큰 게 아니라 나 없어도 잘 됐을 거야.”",
      "srcPage": 15,
      "srcSentenceEA": 4,
      "srcWordEA": 29,
      "character": "친구,연후",
      "setting": "집",
      "action": "편을 들었어요,안 갔어,쉬다 왔어,없어도",
      "feeling": null,
      "causalRelationship": null,
      "outcomeResolution": null,
      "prediction": null,
      "plotSummaryInfoCount": 1,
      "plotSummaryInfo": {
        "classification": "신체운동_건강",
        "readAge": "초등_고학년",
        "form": "long-form",
        "plotSummaryText": "연후는 연극 연습은 안 갔고, 내 역할은 큰 게 아니어서 없어도 잘될 거라며 피곤해서 집에서 쉬다 왔다고 말했어요.",
        "textWordEA": 18
      }
    },
    {
      "srcTextID": "100665",
      "srcText": "연후는 아무렇지 않게 말했어요. “그나저나 나는 어디에 서?” 연후가 묻자 지연이가 한쪽 자리를 가리켰어요.",
      "srcPage": 17,
      "srcSentenceEA": 3,
      "srcWordEA": 15,
      "character": "연후,지연이",
      "setting": "자리",
      "action": "말했어요,서,묻자,가리켰어요",
      "feeling": "아무렇지 않게",
      "causalRelationship": null,
      "outcomeResolution": null,
      "prediction": null,
      "plotSummaryInfoCount": 1,
      "plotSummaryInfo": {
        "classification": "신체운동_건강",
        "readAge": "초등_고학년",
        "form": "short-form",
        "plotSummaryText": "어디서 하냐고 묻는 연후에게 지연이는 한쪽 자리를 가리켰습니다.",
        "textWordEA": 8
      }
    },
    {
      "srcTextID": "100663",
      "srcText": "김연후, 너 왜 자꾸만 틀리니?” “아, 미안. 몸이 아직 안 풀렸나?”",
      "srcPage": 20,
      "srcSentenceEA": 3,
      "srcWordEA": 12,
      "character": "김연후,몸",
      "setting": null,
      "action": "풀렸나",
      "feeling": "미안",
      "causalRelationship": null,
      "outcomeResolution": null,
      "prediction": null,
      "plotSummaryInfoCount": 1,
      "plotSummaryInfo": {
        "classification": "신체운동_건강",
        "readAge": "초등_고학년",
        "form": "short-form",
        "plotSummaryText": "자꾸만 틀리냐고 하자 김연후는 미안하다며 몸이 아직 안 풀렸다고 말했습니다.",
        "textWordEA": 10
      }
    },
    {
      "srcTextID": "100669",
      "srcText": "아이들이 연후를 째려보며 투덜댔어요. 우리 옷도 맞춰 입자. 청바지에 빨간 티 어때?”",
      "srcPage": 22,
      "srcSentenceEA": 3,
      "srcWordEA": 14,
      "character": "아이들,연후,옷,청바지,빨간 티",
      "setting": null,
      "action": "째려보며,투덜댔어요,맞춰 입자",
      "feeling": null,
      "causalRelationship": null,
      "outcomeResolution": null,
      "prediction": null,
      "plotSummaryInfoCount": 1,
      "plotSummaryInfo": {
        "classification": "신체운동_건강",
        "readAge": "초등_고학년",
        "form": "short-form",
        "plotSummaryText": "아이들은 연후를 째려보며 투덜댔고, 청바지에 빨간 티로 옷을 맞춰 입자고 했습니다.",
        "textWordEA": 11
      }
    },
    {
      "srcTextID": "100671",
      "srcText": "연습을 마친 지연이가 말했어요. “여자애처럼 빨간색이 뭐야.” 연후가 질색을 했어요.",
      "srcPage": 23,
      "srcSentenceEA": 3,
      "srcWordEA": 11,
      "character": "지연이,여자애,연후",
      "setting": null,
      "action": "연습을 마친,말했어요",
      "feeling": "질색을 했어요",
      "causalRelationship": null,
      "outcomeResolution": null,
      "prediction": null,
      "plotSummaryInfoCount": 1,
      "plotSummaryInfo": {
        "classification": "신체운동_건강",
        "readAge": "초등_고학년",
        "form": "short-form",
        "plotSummaryText": "지연의 말에 연후는 여자애처럼 빨간색이 뭐냐며 질색했습니다.",
        "textWordEA": 7
      }
    },
    {
      "srcTextID": "100682",
      "srcText": "“나는 진수 연습하는 거 맞춰 주러 가야 해. 미안하지만 너희끼리 정리 좀 해. 나는 갈게.”",
      "srcPage": 40,
      "srcSentenceEA": 3,
      "srcWordEA": 17,
      "character": "진수",
      "setting": null,
      "action": "연습하는,맞춰 주러,가야 해,정리 좀 해,갈게",
      "feeling": "미안하지만",
      "causalRelationship": null,
      "outcomeResolution": null,
      "prediction": null,
      "plotSummaryInfoCount": 1,
      "plotSummaryInfo": {
        "classification": "신체운동_건강",
        "readAge": "초등_고학년",
        "form": "short-form",
        "plotSummaryText": "진수 연습하는 거 맞춰 주러 가야 해서 너희끼리 정리하라고 했습니다.",
        "textWordEA": 10
      }
    },
    {
      "srcTextID": "99206",
      "srcText": "그 말과 행동을 지키지 않으면 약속을 어기는 것이고, 그렇게 말과 행동이 일치하지 않으면 믿음도 신용도 떨어져요. 또 남에게 돌이킬 수 없는 피해를 입히기도 해요. 만일 건물을 지을 때 정해진 약속대로 하지 않는다면 튼튼한 건물을 지을 수 없어요.",
      "srcPage": 59,
      "srcSentenceEA": 3,
      "srcWordEA": 39,
      "character": "건물,남",
      "setting": null,
      "action": "지키지 않으면,어기는,일치하지 않으면,떨어져요,돌이킬 수 없는,입히기도 해요,지을,하지 않는다면",
      "feeling": null,
      "causalRelationship": "그 말과 행동을 지키지 않으면 약속을 어기는 것이고, 그렇게 말과 행동이 일치하지 않으면 믿음도 신용도 떨어져요.",
      "outcomeResolution": null,
      "prediction": null,
      "plotSummaryInfoCount": 1,
      "plotSummaryInfo": {
        "classification": "신체운동_건강",
        "readAge": "초등_고학년",
        "form": "short-form",
        "plotSummaryText": "말과 행동을 지키지 않으면 약속을 어기는 것이고 믿음도 신용도 떨어지며, 남에게 피해를 입히기도 합니다.",
        "textWordEA": 14
      }
    },
    {
      "srcTextID": "99209",
      "srcText": "자칫 잘못해서 건물이 무너지기라도 한다면 큰 사고로 이어질 수 있어요. 그뿐 아니라 교통 법규도 모든 사람이 지켜야 할 약속이에요. 만약 교통 법규를 어긴다면 사고가 날 수도 있고, 심하면 목숨을 잃을 수도 있어요.",
      "srcPage": 60,
      "srcSentenceEA": 3,
      "srcWordEA": 34,
      "character": "건물,사람",
      "setting": null,
      "action": "무너지기라도,어긴다면,이어질 수 있어요,지켜야 할,사고가 날,목숨을 잃을",
      "feeling": null,
      "causalRelationship": null,
      "outcomeResolution": null,
      "prediction": null,
      "plotSummaryInfoCount": 1,
      "plotSummaryInfo": {
        "classification": "신체운동_건강",
        "readAge": "초등_고학년",
        "form": "short-form",
        "plotSummaryText": "교통 법규 또한 사람이 지켜야 할 약속으로 만약 어긴다면 사고가 날 수도 있고 목숨을 잃을 수도 있습니다.",
        "textWordEA": 17
      }
    },
    {
      "srcTextID": "100692",
      "srcText": "“뭐야, 다들! 왜 나는 안 끼워 주냐고!” 연후는 화가 나 두 볼이 빵빵해졌어요. 그러자 마치 얼굴이 진짜 공갈빵처럼 보였어요.",
      "srcPage": 57,
      "srcSentenceEA": 4,
      "srcWordEA": 22,
      "character": "연후,볼,얼굴,공갈빵",
      "setting": null,
      "action": "끼워,빵빵해졌어요,보였어요",
      "feeling": "화가 나",
      "causalRelationship": null,
      "outcomeResolution": null,
      "prediction": null,
      "plotSummaryInfoCount": 1,
      "plotSummaryInfo": {
        "classification": "신체운동_건강",
        "readAge": "초등_고학년",
        "form": "long-form",
        "plotSummaryText": "안 끼워줘서 화가 난 연후는 두 볼이 빵빵해졌고, 그러자 마치 얼굴이 진짜 공갈빵처럼 보였습니다.",
        "textWordEA": 14
      }
    },
    {
      "srcTextID": "99208",
      "srcText": "이 말은 사자소학에 나오는 말이에요. 말과 행동이 같아야 한다는 것을 강조한 말이지요. 자신이 한 말은 상대방과의 약속이에요.",
      "srcPage": 58,
      "srcSentenceEA": 3,
      "srcWordEA": 19,
      "character": "상대방,자신,사자소학",
      "setting": null,
      "action": "나오는,말과 행동이 같아야 한다는,한 말은",
      "feeling": null,
      "causalRelationship": null,
      "outcomeResolution": null,
      "prediction": null,
      "plotSummaryInfoCount": 1,
      "plotSummaryInfo": {
        "classification": "신체운동_건강",
        "readAge": "초등_고학년",
        "form": "short-form",
        "plotSummaryText": "자신이 한 말은 상대방과의 약속이므로 말과 행동이 같아야 한다는 것을 강조한 이 말은 사자소학에 나오는 말입니다.",
        "textWordEA": 16
      }
    },
    {
      "srcTextID": "101733",
      "srcText": "연후는 짐짓 아무렇지도 않은 듯 댄스 팀으로 갔어요. “자자, 내가 왔습니다. 그러면 어?”",
      "srcPage": 51,
      "srcSentenceEA": 3,
      "srcWordEA": 14,
      "character": "연후,댄스 팀",
      "setting": null,
      "action": "갔어요,왔습니다",
      "feeling": "아무렇지도 않은 듯",
      "causalRelationship": null,
      "outcomeResolution": null,
      "prediction": null,
      "plotSummaryInfoCount": 1,
      "plotSummaryInfo": {
        "classification": "신체운동_건강",
        "readAge": "초등_고학년",
        "form": "short-form",
        "plotSummaryText": "연후는 아무렇지도 않은 듯 댄스 팀으로 가서 내가 왔다고 했습니다.",
        "textWordEA": 10
      }
    },
    {
      "srcTextID": "101732",
      "srcText": "연후는 댄스 팀이 모인 곳에 갔다가 깜짝 놀랐어요. “김연후, 그럴 줄 알았어! 혼자 파란 옷 입고 왔네?”",
      "srcPage": 52,
      "srcSentenceEA": 3,
      "srcWordEA": 18,
      "character": "연후,댄스 팀,김연후,파란 옷",
      "setting": null,
      "action": "모인,갔다가,입고,왔네",
      "feeling": "놀랐어요",
      "causalRelationship": null,
      "outcomeResolution": null,
      "prediction": null,
      "plotSummaryInfoCount": 1,
      "plotSummaryInfo": {
        "classification": "신체운동_건강",
        "readAge": "초등_고학년",
        "form": "short-form",
        "plotSummaryText": "혼자 파란 옷을 입고 온 연후는 댄스 팀이 모인 곳에 갔다가 깜짝 놀랐습니다.",
        "textWordEA": 13
      }
    },
    {
      "srcTextID": "100694",
      "srcText": "연후는 이리저리 두리번거렸어요. 그런데 진수는 지민이랑 같이 있었어요. 연후가 진수를 부르려는 순간, 입을 다물고 말았어요.",
      "srcPage": 55,
      "srcSentenceEA": 3,
      "srcWordEA": 17,
      "character": "연후,진수,지민이,입",
      "setting": null,
      "action": "두리번거렸어요,다물고 말았어요,같이 있었어요,부르려는",
      "feeling": null,
      "causalRelationship": null,
      "outcomeResolution": null,
      "prediction": null,
      "plotSummaryInfoCount": 1,
      "plotSummaryInfo": {
        "classification": "신체운동_건강",
        "readAge": "초등_고학년",
        "form": "short-form",
        "plotSummaryText": "연후가 두리번거리며 찾은 진수는 지민이랑 같이 있었고, 진수를 부르려는 순간 입을 다물고 말았습니다.",
        "textWordEA": 13
      }
    },
    {
      "srcTextID": "99215",
      "srcText": "일찍이 임진왜란을 예견하여 십만 양병설을 주장하기도 했던 이이는 열세 살 때 과거 시험에 장원 급제하여 신동으로 이름을 떨쳤지요. 뿐만 아니라 일생 동안 과거 시험에서 무려 아홉 번이나 일등으로 뽑혀 ‘구도장원공’이란 명예로운 별명도 얻었어요. 이이는 학자로서 훌륭한 업적을 남긴 것 외에도 효자로서도 지금껏 널리 존경받는 대한민국의 위인이랍니다.",
      "srcPage": 63,
      "srcSentenceEA": 4,
      "srcWordEA": 49,
      "character": "이이,학자,효자,위인,신동,구도장원공",
      "setting": "대한민국,임진왜란",
      "action": "예견하여,주장하기도 했던,장원 급제하여,떨쳤지요,뽑혀,남긴,존경받는",
      "feeling": null,
      "causalRelationship": null,
      "outcomeResolution": null,
      "prediction": null,
      "plotSummaryInfoCount": 1,
      "plotSummaryInfo": {
        "classification": "신체운동_건강",
        "readAge": "초등_고학년",
        "form": "long-form",
        "plotSummaryText": "이이는 열 살 때 과거 시험에 장원 급제하였고, 일생 동안 과거 시험에 무려 아홉 번이나 일등으로 뽑혔으며 학자로서 훌륭한 업적을 남긴 것 이외에도 효자로서도 존경받는 위인입니다.",
        "textWordEA": 26
      }
    },
    {
      "srcTextID": "99232",
      "srcText": "세 번째. ‘혁구습(잘못된 옛 습관을 버려라) 공부법’입니다. 몸에 밴 잘못된 옛 습관을 스스로 깨닫고 하나씩 없애나가는 것입니다. 네 번째. ‘구용 구사 공부법’ 입니다.",
      "srcPage": 66,
      "srcSentenceEA": 6,
      "srcWordEA": 29,
      "character": "몸",
      "setting": null,
      "action": "버려라,밴,깨닫고,없애나가는",
      "feeling": null,
      "causalRelationship": null,
      "outcomeResolution": null,
      "prediction": "구용 구사 공부법입니다.",
      "plotSummaryInfoCount": 1,
      "plotSummaryInfo": {
        "classification": "신체운동_건강",
        "readAge": "초등_고학년",
        "form": "long-form",
        "plotSummaryText": "세 번째 혁구습 공부법은 몸에 잘못 밴 습관을 깨닫고 없애나가는 것이고, 네 번째는 구용 구사 공부법입니다.",
        "textWordEA": 16
      }
    },
    {
      "srcTextID": "99229",
      "srcText": "9가지의 바른 몸가짐과 9가지의 바른 마음가짐을 가져서 기본자세를 확고히 하는 것입니다. 다섯째. ‘일목십행 공부법’입니다. 늘 책을 곁에 두고 시간 날 때마다 책을 읽습니다, 그러면 공부의 가치를 더해갈 수 있기 때문입니다.",
      "srcPage": 67,
      "srcSentenceEA": 4,
      "srcWordEA": 34,
      "character": "책",
      "setting": null,
      "action": "가져서,두고,읽습니다,확고히 하는,시간 날,더해갈 수 있기",
      "feeling": null,
      "causalRelationship": "늘 책을 곁에 두고 시간 날 때마다 책을 읽습니다. 그러면 공부의 가치를 더해갈 수 있기 때문입니다.",
      "outcomeResolution": null,
      "prediction": null,
      "plotSummaryInfoCount": 1,
      "plotSummaryInfo": {
        "classification": "신체운동_건강",
        "readAge": "초등_고학년",
        "form": "long-form",
        "plotSummaryText": "9가지의 바른 몸가짐과 9가지 바른 마음가짐을 가져 기본자세를 확고히 하는 것이고, 다섯 번째 일목십행 공부법은 늘 책을 곁에 두고 읽으면 공부의 가치를 더해갈 수 있습니다.",
        "textWordEA": 25
      }
    },
    {
      "srcTextID": "99239",
      "srcText": "첫째. 발의 모습은 정중하게 하라. 둘째. 손의 모습은 공손하게 하라. 셋째. 눈의 모습은 단정하게 하라.",
      "srcPage": 69,
      "srcSentenceEA": 5,
      "srcWordEA": 20,
      "character": "발,손",
      "setting": null,
      "action": "정중하게 하라,공손하게 하라,단정하게 하라",
      "feeling": null,
      "causalRelationship": null,
      "outcomeResolution": null,
      "prediction": null,
      "plotSummaryInfoCount": 1,
      "plotSummaryInfo": {
        "classification": "신체운동_건강",
        "readAge": "초등_고학년",
        "form": "long-form",
        "plotSummaryText": "첫째 발의 모습은 정중하게 하고 둘째 손의 모습은 공손하게 하고, 셋째 눈의 모습은 단정하게 합니다.",
        "textWordEA": 15
      }
    },
    {
      "srcTextID": "99230",
      "srcText": "구사는 다음과 같다. 첫째. 볼 때는 밝게 볼 것을 생각하라. 둘째. 들을 때는 귀 밝게 들을 것을 생각하라.",
      "srcPage": 72,
      "srcSentenceEA": 5,
      "srcWordEA": 22,
      "character": "귀",
      "setting": null,
      "action": "볼,생각하라,들을",
      "feeling": null,
      "causalRelationship": null,
      "outcomeResolution": null,
      "prediction": null,
      "plotSummaryInfoCount": 1,
      "plotSummaryInfo": {
        "classification": "신체운동_건강",
        "readAge": "초등_고학년",
        "form": "long-form",
        "plotSummaryText": "첫째 볼 때는 밝게 볼 것을 생각하고, 둘째 들을 때는 귀 밝게 들을 것을 생각합니다.",
        "textWordEA": 15
      }
    },
    {
      "srcTextID": "101731",
      "srcText": "성준이는 얼른 연극 팀으로 달려갔어요. “어, 이거 분장이 너무 진하면 다음 댄스 팀 할 때 부담이 되는데.” 연후가 너스레를 떨었어요.",
      "srcPage": 47,
      "srcSentenceEA": 3,
      "srcWordEA": 21,
      "character": "성준이,연후",
      "setting": null,
      "action": "달려갔어요,댄스 팀 할 때,너스레를 떨었어요",
      "feeling": "부담이 되는데",
      "causalRelationship": null,
      "outcomeResolution": null,
      "prediction": null,
      "plotSummaryInfoCount": 1,
      "plotSummaryInfo": {
        "classification": "신체운동_건강",
        "readAge": "초등_고학년",
        "form": "short-form",
        "plotSummaryText": "연후는 분장이 너무 진하면 다음 댄스 팀 할 때 부담이 된다며 너스레를 떨었습니다.",
        "textWordEA": 13
      }
    },
    {
      "srcTextID": "101730",
      "srcText": "그러자 하영이가 말했어요. “너는 댄스 팀에나 신경 써. 너 부담될까 봐 이미 내 짝한테 부탁했으니까.”",
      "srcPage": 49,
      "srcSentenceEA": 3,
      "srcWordEA": 16,
      "character": "하영이,짝",
      "setting": null,
      "action": "말했어요,부탁했으니까",
      "feeling": "신경 써,부담될까",
      "causalRelationship": null,
      "outcomeResolution": null,
      "prediction": null,
      "plotSummaryInfoCount": 1,
      "plotSummaryInfo": {
        "classification": "신체운동_건강",
        "readAge": "초등_고학년",
        "form": "short-form",
        "plotSummaryText": "하영이는 이미 내 짝에게 부탁했으니, 댄스 팀에나 신경 쓰라 말했습니다.",
        "textWordEA": 10
      }
    },
    {
      "srcTextID": "101734",
      "srcText": "하영이의 쌀쌀맞은 말에 연후는 살짝 놀랐어요. “어, 그래? 하긴 댄스 팀이 날 더 원하더라고.”",
      "srcPage": 50,
      "srcSentenceEA": 3,
      "srcWordEA": 15,
      "character": "하영이,연후",
      "setting": null,
      "action": null,
      "feeling": "놀랐어요,쌀쌀맞은,원하더라고",
      "causalRelationship": null,
      "outcomeResolution": null,
      "prediction": null,
      "plotSummaryInfoCount": 1,
      "plotSummaryInfo": {
        "classification": "신체운동_건강",
        "readAge": "초등_고학년",
        "form": "short-form",
        "plotSummaryText": "쌀쌀맞은 하영의 말에 연후는 살짝 놀라 댄스팀이 날 더 원한다고 대답했습니다.",
        "textWordEA": 11
      }
    },
    {
      "srcTextID": "101729",
      "srcText": "그러자 성준이가 심드렁하게 물었어요. “너, 약속대로 대사는 다 외웠어?” “뭐, 내가 즉흥 대사로 하면 되니까.”",
      "srcPage": 48,
      "srcSentenceEA": 3,
      "srcWordEA": 15,
      "character": "성준이",
      "setting": null,
      "action": "물었어요,외웠어,하면",
      "feeling": "심드렁하게",
      "causalRelationship": null,
      "outcomeResolution": null,
      "prediction": null,
      "plotSummaryInfoCount": 1,
      "plotSummaryInfo": {
        "classification": "신체운동_건강",
        "readAge": "초등_고학년",
        "form": "short-form",
        "plotSummaryText": "성준이는 약속대로 대사를 다 외었냐며 심드렁하게 물었고, 즉흥 대사로 하면 된다고 했습니다.",
        "textWordEA": 12
      }
    },
    {
      "srcTextID": "100696",
      "srcText": "지연이 말이 연후 가슴에 콕콕 찔렸어요. 지연이는 연후가 변명할 틈도 주지 않고 말했어요. “어차피 네 자리는 맨 끝이라 잘 보이지도 않아.",
      "srcPage": 53,
      "srcSentenceEA": 3,
      "srcWordEA": 22,
      "character": "지연이,연후,가슴",
      "setting": null,
      "action": "말했어요,변명할,주지 않고,보이지도 않아",
      "feeling": null,
      "causalRelationship": null,
      "outcomeResolution": null,
      "prediction": null,
      "plotSummaryInfoCount": 1,
      "plotSummaryInfo": {
        "classification": "신체운동_건강",
        "readAge": "초등_고학년",
        "form": "short-form",
        "plotSummaryText": "지연이는 연후가 변명할 틈도 주지 않고, 네 자리는 맨 끝이라 잘 보이지도 않는다고 말했습니다.",
        "textWordEA": 14
      }
    },
    {
      "srcTextID": "100695",
      "srcText": "지민이 손에 악보가 들려 있었기 때문이에요. 결국 연후는 연극도, 댄스도, 반주도 못 했어요. 아무것도 못 하고 자리에 앉아 아이들의 공연을 보기만 했지요.",
      "srcPage": 56,
      "srcSentenceEA": 3,
      "srcWordEA": 24,
      "character": "지민이,손,악보,연후,아이들",
      "setting": null,
      "action": "들려 있었기,반주도 못 했어요,앉아,보기만 했지요",
      "feeling": null,
      "causalRelationship": "지민이 손에 악보가 들려 있었기 때문이에요. 결국 연후는 연극도, 댄스도, 반주도 못 했어요.",
      "outcomeResolution": null,
      "prediction": null,
      "plotSummaryInfoCount": 1,
      "plotSummaryInfo": {
        "classification": "신체운동_건강",
        "readAge": "초등_고학년",
        "form": "short-form",
        "plotSummaryText": "악보가 들려 있는 지민이를 본 연후는 연극도, 댄스도, 반주도 못 하고 자리에 앉아 아이들의 공연을 보기만 했습니다.",
        "textWordEA": 17
      }
    },
    {
      "srcTextID": "99207",
      "srcText": "약속은 크든 작든 모두 소중해요. 만약 우리가 친구와 약속을 지키지 않는다면 친구와 사이가 멀어질 거예요. 부모님과의 약속을 지키지 않으면 미덥지 못한 아이라고 야단을 맞을지도 모르지요. 하지만 약속을 잘 지킨다면 나에 대한 신뢰가 쌓여 언제 어디서는 환영받는 사람이 될 수 있답니다.",
      "srcPage": 61,
      "srcSentenceEA": 4,
      "srcWordEA": 43,
      "character": "친구,부모님,아이,사람",
      "setting": null,
      "action": "지키지 않는다면,멀어질 거예요,야단을 맞을지도,지킨다면,쌓여,환영받는",
      "feeling": "미덥지 못한",
      "causalRelationship": null,
      "outcomeResolution": null,
      "prediction": null,
      "plotSummaryInfoCount": 1,
      "plotSummaryInfo": {
        "classification": "신체운동_건강",
        "readAge": "초등_고학년",
        "form": "long-form",
        "plotSummaryText": "약속을 지키지 않는다면 친구와 사이가 멀어질 것이고 부모님에게 야단을 맞을지도 모르니 약속을 잘 지켜 나에 대한 신뢰를 쌓아서 어디서든 환영받는 사람이 될 수 있습니다.",
        "textWordEA": 24
      }
    },
    {
      "srcTextID": "99216",
      "srcText": "효도의 진정한 의미. 율곡 이이. 율곡 이이는 퇴계 이황과 함께 조선 시대를 통틀어 최고의 학자로 손꼽히는 분이에요.",
      "srcPage": 62,
      "srcSentenceEA": 3,
      "srcWordEA": 19,
      "character": "율곡 이이,퇴계 이황,학자",
      "setting": "조선 시대",
      "action": "손꼽히는",
      "feeling": null,
      "causalRelationship": null,
      "outcomeResolution": null,
      "prediction": null,
      "plotSummaryInfoCount": 1,
      "plotSummaryInfo": {
        "classification": "신체운동_건강",
        "readAge": "초등_고학년",
        "form": "short-form",
        "plotSummaryText": "율곡 이이는 퇴계 이황과 함께 조선 시대를 통틀어 최고의 학자로 손꼽히는 분입니다.",
        "textWordEA": 12
      }
    },
    {
      "srcTextID": "99237",
      "srcText": "율곡 이이의 공부법. 율곡 이이 선생님의 공부법은 아래의 여섯 가지로 정리할 수 있습니다. 첫 번째. ‘입지(뜻을 세우다) 공부법’입니다.",
      "srcPage": 64,
      "srcSentenceEA": 4,
      "srcWordEA": 22,
      "character": "율곡 이이,선생님",
      "setting": null,
      "action": "정리할,세우다,정리할 수",
      "feeling": null,
      "causalRelationship": null,
      "outcomeResolution": null,
      "prediction": null,
      "plotSummaryInfoCount": 1,
      "plotSummaryInfo": {
        "classification": "신체운동_건강",
        "readAge": "초등_고학년",
        "form": "long-form",
        "plotSummaryText": "율곡 이이의 공부법은 여섯 가지로 정리할 수 있는데 첫 번째는 입지 공부법입니다.",
        "textWordEA": 12
      }
    },
    {
      "srcTextID": "99234",
      "srcText": "실천하고자 하는 목표가 있으면 그 목표를 이룰 수 있는 분명하고 구체적인 계획을 세워 하나하나씩 실천해 나가는 것입니다. 두 번째. ‘교기질(기질을 바로잡다) 공부법’입니다. 자신의 잠재력을 믿고 주변에서 강요하지 않아도 스스로 공부해 나가는 것입니다.",
      "srcPage": 65,
      "srcSentenceEA": 4,
      "srcWordEA": 36,
      "character": "자신",
      "setting": null,
      "action": "이룰 수 있는,세워,실천해 나가는,바로잡다,믿고,강요하지 않아도,공부해 나가는",
      "feeling": null,
      "causalRelationship": null,
      "outcomeResolution": null,
      "prediction": null,
      "plotSummaryInfoCount": 1,
      "plotSummaryInfo": {
        "classification": "신체운동_건강",
        "readAge": "초등_고학년",
        "form": "long-form",
        "plotSummaryText": "실천하고자 하는 목표를 분명하고 구체적인 계획을 세워 실천해 나가는 것이고 두 번째는 교기질 공부법으로 잠재력을 믿고 스스로 공부해 나가는 것입니다.",
        "textWordEA": 20
      }
    },
    {
      "srcTextID": "99235",
      "srcText": "여섯째. ‘택우 문답 공부법’ 입니다. 함께 공부하는 벗들과 학문적인 교류를 지속하면서 자신의 부족함을 깨닫고 보완해 공부를 더욱 숙성시키는 것입니다. 구용은 다음과 같다.",
      "srcPage": 68,
      "srcSentenceEA": 4,
      "srcWordEA": 26,
      "character": "벗들",
      "setting": null,
      "action": "지속하면서,깨닫고,보완해,성시키는 것입니다",
      "feeling": null,
      "causalRelationship": null,
      "outcomeResolution": null,
      "prediction": null,
      "plotSummaryInfoCount": 1,
      "plotSummaryInfo": {
        "classification": "신체운동_건강",
        "readAge": "초등_고학년",
        "form": "long-form",
        "plotSummaryText": "여섯째 택우 문답 공부법은 함께 공부하는 벗들과 교류를 지속하면서 자신의 부족함을 보완해 공부를 숙성시키는 것입니다.",
        "textWordEA": 15
      }
    },
    {
      "srcTextID": "99231",
      "srcText": "넷째. 입의 모습은 멈추게 하라. 다섯째. 말소리의 모습은 차분하게 하라. 여섯째. 머리의 모습은 곧게 하라.",
      "srcPage": 70,
      "srcSentenceEA": 5,
      "srcWordEA": 20,
      "character": "입,머리",
      "setting": null,
      "action": "멈추게 하라,차분하게 하라,곧게 하라",
      "feeling": null,
      "causalRelationship": null,
      "outcomeResolution": null,
      "prediction": null,
      "plotSummaryInfoCount": 1,
      "plotSummaryInfo": {
        "classification": "신체운동_건강",
        "readAge": "초등_고학년",
        "form": "long-form",
        "plotSummaryText": "넷째 입의 모습은 멈추게 하고 다섯째 말소리의 모습은 차분하게 하고, 여섯째 머리의 모습은 곧게 합니다.",
        "textWordEA": 15
      }
    },
    {
      "srcTextID": "99238",
      "srcText": "일곱째. 기운의 모습은 엄숙하게 하라. 여덟째. 서 있는 모습은 덕성스럽게 하라. 아홉째. 얼굴빛의 모습은 굳세게 해야 한다.",
      "srcPage": 71,
      "srcSentenceEA": 5,
      "srcWordEA": 22,
      "character": "얼굴빛",
      "setting": null,
      "action": "엄숙하게 하라,서 있는,덕성스럽게 하라,굳세게 해야 한다",
      "feeling": null,
      "causalRelationship": null,
      "outcomeResolution": null,
      "prediction": null,
      "plotSummaryInfoCount": 1,
      "plotSummaryInfo": {
        "classification": "신체운동_건강",
        "readAge": "초등_고학년",
        "form": "long-form",
        "plotSummaryText": "일곱째 기운의 모습은 엄숙하게 하고, 여덟째 서 있는 모습은 덕성스럽게 하고, 아홉째 얼굴빛의 모습은 굳세게 해야 합니다.",
        "textWordEA": 17
      }
    },
    {
      "srcTextID": "99233",
      "srcText": "셋째. 얼굴빛은 온화하게 할 것을 생각하라. 넷째. 용모는 공손하게 할 것을 생각하라. 다섯째. 말은 충실하게 할 것을 생각하라.",
      "srcPage": 73,
      "srcSentenceEA": 5,
      "srcWordEA": 23,
      "character": "얼굴빛",
      "setting": null,
      "action": "생각하라,온화하게 할,공손하게 할,충실하게 할",
      "feeling": null,
      "causalRelationship": null,
      "outcomeResolution": null,
      "prediction": null,
      "plotSummaryInfoCount": 1,
      "plotSummaryInfo": {
        "classification": "신체운동_건강",
        "readAge": "초등_고학년",
        "form": "long-form",
        "plotSummaryText": "셋째 얼굴빛은 온화하게 할 것을 생각하고, 넷째 용모는 공손하게 할 것을 생각하고, 다섯째 말은 충실하게 할 것을 생각합니다.",
        "textWordEA": 18
      }
    },
    {
      "srcTextID": "99236",
      "srcText": "여섯째. 일할 때는 경건하게 할 것을 생각하라. 일곱째. 의문이 나면 물을 것을 생각하라. 여덟째. 화가 나면 뒤에 야기되는 어려움을 생각하라. 아홉째. 이득을 보면 의리를 생각하라.",
      "srcPage": 74,
      "srcSentenceEA": 7,
      "srcWordEA": 32,
      "character": null,
      "setting": null,
      "action": "일할,경건하게 할,생각하라,물을,의문이 나면,이득을 보면",
      "feeling": "화가 나면",
      "causalRelationship": null,
      "outcomeResolution": null,
      "prediction": null,
      "plotSummaryInfoCount": 1,
      "plotSummaryInfo": {
        "classification": "신체운동_건강",
        "readAge": "초등_고학년",
        "form": "long-form",
        "plotSummaryText": "여섯째 일할 때는 경건하게 할 것을 생각하고, 일곱째 의문이 나면 물을 것을 생각하고, 여덟째 화가 나면 뒤에 야기되는 어려움을 생각하고, 아홉째 이득을 보면 의리를 생각합니다.",
        "textWordEA": 25
      }
    },
    {
      "srcTextID": "100693",
      "srcText": "댄스 안 해도 되니까 그냥 진수 반주나 하러 가.” 연후는 얼굴이 빨개져서 자리로 돌아왔어요. “진수는 어디 있지?”",
      "srcPage": 54,
      "srcSentenceEA": 3,
      "srcWordEA": 18,
      "character": "진수,연후",
      "setting": "자리",
      "action": "안 해도,반주나 하러 가,돌아왔어요,얼굴이 빨개져서",
      "feeling": null,
      "causalRelationship": null,
      "outcomeResolution": null,
      "prediction": null,
      "plotSummaryInfoCount": 1,
      "plotSummaryInfo": {
        "classification": "신체운동_건강",
        "readAge": "초등_고학년",
        "form": "short-form",
        "plotSummaryText": "댄스 안 해도 되니 반주나 하러 가라는 말에 연후는 얼굴이 빨개져 자리로 돌아와 진수를 찾았습니다.",
        "textWordEA": 15
      }
    }
  ]
}