{
  "title": "한 번 더 용기를 내 봐",
  "author": "전윤호",
  "illustrator": "한국출판일러스트회",
  "isbn": "9791157024278",
  "publishedYear": 2015,
  "publisher": "황우",
  "paragraphInfoCount": 46,
  "paragraphInfo": [
    {
      "srcTextID": "100516",
      "srcText": "미희는 남자애들에게 인기가 많아요. 얼굴도 예쁘고 공부도 잘하고 착하거든요. 물론 은수도 미희를 좋아하지만 한 번도 내색한 적은 없어요.",
      "srcPage": 4,
      "srcSentenceEA": 3,
      "srcWordEA": 20,
      "character": "미희,은수",
      "setting": null,
      "action": "인기가 많아요",
      "feeling": "좋아하지만",
      "causalRelationship": null,
      "outcomeResolution": null,
      "prediction": null,
      "plotSummaryInfoCount": 1,
      "plotSummaryInfo": {
        "classification": "신체운동_건강",
        "readAge": "초등_고학년",
        "form": "short-form",
        "plotSummaryText": "얼굴도 예쁘고 공부도 잘하고 착한 미희를 은수도 좋아하지만, 한 번도 내색하진 않았습니다.",
        "textWordEA": 12
      }
    },
    {
      "srcTextID": "100513",
      "srcText": "'아! 제발!' 은수는 바지에다 손바닥을 쓱 문지르고는 심혈을 기울여 가위바위보를 준비했어요. 마치 결전을 치르듯 말이에요. 맞아요. 은수에게 지금 이 순간은 결전과 다름없어요.",
      "srcPage": 1,
      "srcSentenceEA": 5,
      "srcWordEA": 27,
      "character": "은수",
      "setting": null,
      "action": "준비했어요,손바닥을 쓱 문지르고는",
      "feeling": null,
      "causalRelationship": null,
      "outcomeResolution": null,
      "prediction": null,
      "plotSummaryInfoCount": 1,
      "plotSummaryInfo": {
        "classification": "신체운동_건강",
        "readAge": "초등_고학년",
        "form": "long-form",
        "plotSummaryText": "바지에다 손바닥을 쓱 문지르고는 마치 결전을 치르듯 심혈을 기울여 가위바위보를 준비하던 은수에게는 지금, 이 순간이 너무나 중요합니다.",
        "textWordEA": 17
      }
    },
    {
      "srcTextID": "100514",
      "srcText": "오늘은 방과 후 체육 교실 추첨이 있는 날이에요. 그런데 수영반 인원이 너무 많아 가위바위보로 결정을 하게 되었어요. 사실 은수는 등산반에 들어가려 마음먹었지만 오늘 학교에 와서 바꾼 거예요.",
      "srcPage": 2,
      "srcSentenceEA": 3,
      "srcWordEA": 29,
      "character": "은수,학교",
      "setting": "방과 후",
      "action": "바꾼 거예요",
      "feeling": null,
      "causalRelationship": null,
      "outcomeResolution": null,
      "prediction": null,
      "plotSummaryInfoCount": 1,
      "plotSummaryInfo": {
        "classification": "신체운동_건강",
        "readAge": "초등_고학년",
        "form": "short-form",
        "plotSummaryText": "방과 후 체육 교실 중 등산반에 들어가려 마음먹은 은수였지만, 오늘 바꾼 수영반 인원이 너무 많아 가위바위보로 결정하게 되었습니다.",
        "textWordEA": 18
      }
    },
    {
      "srcTextID": "100515",
      "srcText": "왜냐고요? 수영반에 은수가 좋아하는 미희가 있었거든요. 그러니 가위바위보는 반드시 이겨야 해요! \"가위바위보!\" 하마터면 환호성을 지를 뻔했어요. 이긴 거예요! '야호! 미희랑 같이 수영을 한다!'",
      "srcPage": 3,
      "srcSentenceEA": 5,
      "srcWordEA": 28,
      "character": "은수,미희",
      "setting": null,
      "action": "수영을 한다",
      "feeling": "좋아하는",
      "causalRelationship": null,
      "outcomeResolution": null,
      "prediction": null,
      "plotSummaryInfoCount": 1,
      "plotSummaryInfo": {
        "classification": "신체운동_건강",
        "readAge": "초등_고학년",
        "form": "long-form",
        "plotSummaryText": "가위바위보에 이겨서 은수가 좋아하는 미희랑 같이 수영하게 되었습니다.",
        "textWordEA": 8
      }
    },
    {
      "srcTextID": "100518",
      "srcText": "저번에 미희와 같은 모둠이 된 적이 있었는데 은수는 미희와 한 마디도 하지 못했어요. 이상하게 미희 앞에선 꿀 먹은 벙어리가 되거든요. 은수는 어젯밤에 형에게 이 고민을 털어놨어요.",
      "srcPage": 5,
      "srcSentenceEA": 3,
      "srcWordEA": 28,
      "character": "미희,은수,형",
      "setting": "어젯밤",
      "action": "털어놨어요",
      "feeling": null,
      "causalRelationship": null,
      "outcomeResolution": null,
      "prediction": null,
      "plotSummaryInfoCount": 1,
      "plotSummaryInfo": {
        "classification": "신체운동_건강",
        "readAge": "초등_고학년",
        "form": "short-form",
        "plotSummaryText": "미희 앞에선 꿀 먹은 벙어리가 되어 한마디도 하지 못한 은수는 고민이 되어 어젯밤에 형에게 털어놨습니다.",
        "textWordEA": 15
      }
    },
    {
      "srcTextID": "100520",
      "srcText": "방과 후에 은수는 재빨리 수영 교실을 향해 달렸어요. 최대한 미희 옆에 가까이 자리를 잡으려고요. '미희에게 수영을 알려 주며 친해져야지!'",
      "srcPage": 7,
      "srcSentenceEA": 3,
      "srcWordEA": 20,
      "character": "은수,미희",
      "setting": "방과 후에,수영 교실",
      "action": "달렸어요",
      "feeling": null,
      "causalRelationship": null,
      "outcomeResolution": null,
      "prediction": null,
      "plotSummaryInfoCount": 1,
      "plotSummaryInfo": {
        "classification": "신체운동_건강",
        "readAge": "초등_고학년",
        "form": "short-form",
        "plotSummaryText": "미희에게 수영을 알려 주며 친해지려 한 은수는 최대한 미희 가까이 자리를 잡으려고 수영 교실을 향해 달렸습니다.",
        "textWordEA": 16
      }
    },
    {
      "srcTextID": "100521",
      "srcText": "별명이 '물개'인걸요. 그러나 이런 은수의 계획은 수영 교실에 들어서자 산산이 깨지고 말았어요. \"여자애들은 수영 기본기를 배우고, 남자애들은 다이빙을 배우자!\"",
      "srcPage": 9,
      "srcSentenceEA": 2,
      "srcWordEA": 21,
      "character": "은수,여자애들,남자애들",
      "setting": "수영 교실",
      "action": "들어서자",
      "feeling": null,
      "causalRelationship": null,
      "outcomeResolution": null,
      "prediction": null,
      "plotSummaryInfoCount": 1,
      "plotSummaryInfo": {
        "classification": "신체운동_건강",
        "readAge": "초등_고학년",
        "form": "short-form",
        "plotSummaryText": "여자애들은 수영 기본기를 배우고, 남자애들은 다이빙을 배운다는 말에 별명이 물개인 은수의 계획은 산산이 깨졌습니다.",
        "textWordEA": 14
      }
    },
    {
      "srcTextID": "100524",
      "srcText": "맞아요. 이번에 학교 수영 교실을 책임진 선생님은 예전에 문화 센터에서 수영을 가르쳤던 분이었어요. 특히 남자애들 모두 그 선생님에게 배운 적이 있었지요. 수영을 배우는 척하며 미희와 친해지고자 했던 은수의 계획은 물거품이 되고 말았어요.",
      "srcPage": 11,
      "srcSentenceEA": 3,
      "srcWordEA": 35,
      "character": "선생님,미희,은수",
      "setting": "학교 수영 교실,문화 센터",
      "action": null,
      "feeling": null,
      "causalRelationship": null,
      "outcomeResolution": null,
      "prediction": null,
      "plotSummaryInfoCount": 1,
      "plotSummaryInfo": {
        "classification": "신체운동_건강",
        "readAge": "초등_고학년",
        "form": "short-form",
        "plotSummaryText": "남자애들 모두를 문화 센터에서 가르쳤던 분이 이번 수영 교실 선생님이 되면서 수영을 배우는 척하며 미희와 친해지고자 했던 은수의 계획은 물거품이 되었습니다.",
        "textWordEA": 21
      }
    },
    {
      "srcTextID": "100525",
      "srcText": "은수는 높은 곳이 정말 무서웠어요. 높은 곳에 올라가기만 하면 심장이 쿵쿵 뛰고 숨이 막히는 것 같았어요. 어릴 때 높은 곳에서 떨어진 적이 있었는데, 그 이후로 높은 곳에 올라가는 게 정말 무서워진 거예요. 지금 은수네 가족이 사는 곳도 아파트 저층이에요.",
      "srcPage": 13,
      "srcSentenceEA": 4,
      "srcWordEA": 42,
      "character": "은수",
      "setting": "높은 곳에,어릴 때",
      "action": "떨어진 적이",
      "feeling": "무서웠어요",
      "causalRelationship": null,
      "outcomeResolution": null,
      "prediction": null,
      "plotSummaryInfoCount": 1,
      "plotSummaryInfo": {
        "classification": "신체운동_건강",
        "readAge": "초등_고학년",
        "form": "long-form",
        "plotSummaryText": "어릴 때 높은 곳에서 떨어진 적이 있어 높은 곳을 무서워하는 은수는 높은 곳에 올라가기만 하면 심장이 쿵쿵 뛰고 숨이 막히는 것 같아 아파트도 저층에서 살고 있었습니다.",
        "textWordEA": 26
      }
    },
    {
      "srcTextID": "100527",
      "srcText": "은수는 다이빙을 할 생각을 하니 벌써부터 다리가 후들후들 떨렸어요. 게다가 미희 앞에서 망신을 당하는 건 아닐까 걱정도 되었고요. '아, 다이빙을 어떻게 하지?'",
      "srcPage": 14,
      "srcSentenceEA": 3,
      "srcWordEA": 23,
      "character": "은수,미희",
      "setting": null,
      "action": "다리가 후들후들 떨렸어요",
      "feeling": "걱정도 되었고요",
      "causalRelationship": null,
      "outcomeResolution": null,
      "prediction": null,
      "plotSummaryInfoCount": 1,
      "plotSummaryInfo": {
        "classification": "신체운동_건강",
        "readAge": "초등_고학년",
        "form": "short-form",
        "plotSummaryText": "다이빙할 생각에 다리가 후들후들 떨리는 은수가 미희 앞에서 망신당하는 건 아닐까, 걱정도  되었습니다.",
        "textWordEA": 14
      }
    },
    {
      "srcTextID": "100529",
      "srcText": "집에 들어간 은수는 형 은호에게 짜증을 부렸어요. \"형 때문에 다이빙하게 생겼어! 어떡해!\" 은수의 말에 형이 하하 웃으며 말했어요.",
      "srcPage": 15,
      "srcSentenceEA": 4,
      "srcWordEA": 20,
      "character": "은수,형",
      "setting": "집에",
      "action": "짜증을 부렸어요,말했어요",
      "feeling": null,
      "causalRelationship": null,
      "outcomeResolution": null,
      "prediction": null,
      "plotSummaryInfoCount": 1,
      "plotSummaryInfo": {
        "classification": "신체운동_건강",
        "readAge": "초등_고학년",
        "form": "long-form",
        "plotSummaryText": "집에 들어간 은수가 형 때문에 다이빙하게 생겼다며 짜증을 부리자, 형이 웃으며 말했습니다.",
        "textWordEA": 12
      }
    },
    {
      "srcTextID": "100528",
      "srcText": "은수는 형이 미워 한 방 때려 주고 싶을 지경이었어요. 은수는 다음 주 수요일이 오지 말았으면 좋겠다고 생각했어요. 다음 주 수요일이면 미희 앞에서 제대로 망신살이 뻗칠 테니까요.",
      "srcPage": 17,
      "srcSentenceEA": 3,
      "srcWordEA": 28,
      "character": "은수,형,미희",
      "setting": "다음 주 수요일",
      "action": null,
      "feeling": "미워",
      "causalRelationship": null,
      "outcomeResolution": null,
      "prediction": null,
      "plotSummaryInfoCount": 1,
      "plotSummaryInfo": {
        "classification": "신체운동_건강",
        "readAge": "초등_고학년",
        "form": "short-form",
        "plotSummaryText": "다음 주 수요일이면 미희 앞에서 제대로 망신살이 뻗칠 것 같아 다음 주 수요일이 오지 말았으면 좋겠다고 생각한 은수는 형을 한 방 때려주고 싶었습니다.",
        "textWordEA": 23
      }
    },
    {
      "srcTextID": "100517",
      "srcText": "미희와 친해지고 싶다고 말하자, 형이 조언을 해 주었어요. 형은 남녀 사이에 대해 잘 알아요. 은수와 달리 여학생들한테 인기도 많고요. \"그러면 방과 후 체육 교실 정할 때 무조건 그 애가 하는 걸 같이 해! 같이 운동을 하다 보면 친해질 수 있으니까!\"",
      "srcPage": 6,
      "srcSentenceEA": 5,
      "srcWordEA": 43,
      "character": "미희,형,은수",
      "setting": null,
      "action": "말하자,조언을 해 주었어요,운동",
      "feeling": null,
      "causalRelationship": null,
      "outcomeResolution": null,
      "prediction": null,
      "plotSummaryInfoCount": 1,
      "plotSummaryInfo": {
        "classification": "신체운동_건강",
        "readAge": "초등_고학년",
        "form": "long-form",
        "plotSummaryText": "남녀 사이에 대해 잘 아는 형이 미희와 친해지기 위해서는 방과 후 체육 교실 정할 때 무조건 그 애가 하는 운동을 같이 해야 친해질 수 있다고 조언했습니다.",
        "textWordEA": 26
      }
    },
    {
      "srcTextID": "100522",
      "srcText": "은수는 자신의 생각을 떠올리며 흐뭇하게 웃었어요. 사실 은수는 수영을 아주 잘했어요. 따로 수영반에 들어가 배우지 않아도 될 만큼이요.",
      "srcPage": 8,
      "srcSentenceEA": 3,
      "srcWordEA": 20,
      "character": "은수",
      "setting": null,
      "action": "웃었어요,잘했어요",
      "feeling": null,
      "causalRelationship": null,
      "outcomeResolution": null,
      "prediction": null,
      "plotSummaryInfoCount": 1,
      "plotSummaryInfo": {
        "classification": "신체운동_건강",
        "readAge": "초등_고학년",
        "form": "short-form",
        "plotSummaryText": "은수는 사실 따로 수영반에 들어가 배우지 않아도 될 만큼 수영을 아주 잘했기 때문에, 자기 생각을 떠올리며 흐뭇하게 웃었습니다.",
        "textWordEA": 18
      }
    },
    {
      "srcTextID": "100519",
      "srcText": "남자애들이 항의를 했지만 선생님은 아무렇지도 않게 말했어요. \"사내자식들이 뭔 겁이 그리 많아? 게다가 너희들 동네 문화 센터에서 모두 수영반이었잖아!\"",
      "srcPage": 10,
      "srcSentenceEA": 3,
      "srcWordEA": 20,
      "character": "남자애들,선생님",
      "setting": "동네 문화 센터",
      "action": "항의를 했지만,말했어요",
      "feeling": null,
      "causalRelationship": null,
      "outcomeResolution": null,
      "prediction": null,
      "plotSummaryInfoCount": 1,
      "plotSummaryInfo": {
        "classification": "신체운동_건강",
        "readAge": "초등_고학년",
        "form": "short-form",
        "plotSummaryText": "선생님은 항의하는 남자애들에게 뭔 겁이 그리 많냐고, 너희들 모두 동네 문화 센터 수영반 아니었냐고 말했습니다.",
        "textWordEA": 15
      }
    },
    {
      "srcTextID": "100523",
      "srcText": "게다가 다이빙이라니요! 다이빙대를 바라보던 은수는 저도 모르게 꿀꺽 침을 삼켰어요. '저 높이에서 뛰어내리라고?' 저절로 한숨이 나왔어요.",
      "srcPage": 12,
      "srcSentenceEA": 4,
      "srcWordEA": 18,
      "character": "은수",
      "setting": null,
      "action": "바라보던,침을 삼켰어요,한숨이 나왔어요",
      "feeling": null,
      "causalRelationship": null,
      "outcomeResolution": null,
      "prediction": null,
      "plotSummaryInfoCount": 1,
      "plotSummaryInfo": {
        "classification": "신체운동_건강",
        "readAge": "초등_고학년",
        "form": "long-form",
        "plotSummaryText": "다이빙하게 된다는 생각에  다이빙 대를 바라보던 은수가 꿀꺽 침을 삼켰습니다.",
        "textWordEA": 11
      }
    },
    {
      "srcTextID": "100526",
      "srcText": "\"전화위복의 기회로 삼아! 이 기회에 고소 공포증을 이겨 내 보라고!\" '남의 일이라고 저렇게 쉽게 이야기하다니!'",
      "srcPage": 16,
      "srcSentenceEA": 3,
      "srcWordEA": 16,
      "character": "남",
      "setting": null,
      "action": "이겨 내 보라고,이야기하다니",
      "feeling": null,
      "causalRelationship": null,
      "outcomeResolution": null,
      "prediction": null,
      "plotSummaryInfoCount": 1,
      "plotSummaryInfo": {
        "classification": "신체운동_건강",
        "readAge": "초등_고학년",
        "form": "short-form",
        "plotSummaryText": "고소 공포증을 이겨 내 보는 전화위복의 기회로 삼으라는 말에 남의 일이라 저렇게 쉽게 이야기한다고 생각했습니다.",
        "textWordEA": 15
      }
    },
    {
      "srcTextID": "100530",
      "srcText": "마침내 수요일이 다가왔어요. 은수는 무거운 발걸음으로 수영장으로 향했어요. 어제는 다이빙을 할 생각에 잠도 못 잤어요.",
      "srcPage": 18,
      "srcSentenceEA": 3,
      "srcWordEA": 17,
      "character": "은수",
      "setting": "수요일,수영장",
      "action": "향했어요,잠도 못 잤어요",
      "feeling": null,
      "causalRelationship": null,
      "outcomeResolution": null,
      "prediction": null,
      "plotSummaryInfoCount": 1,
      "plotSummaryInfo": {
        "classification": "신체운동_건강",
        "readAge": "초등_고학년",
        "form": "short-form",
        "plotSummaryText": "다이빙할 생각에 잠도 못 잔 은수가 마침내 수요일이 되어 무거운 발걸음으로 수영장으로 향했습니다.",
        "textWordEA": 13
      }
    },
    {
      "srcTextID": "100533",
      "srcText": "종철이는 유치원 때부터 한 동네에서 자란 친구예요. 호기심도 많고 장난도 심해 어릴 때부터 팔이며 다리가 몇 번이나 부러졌지요. 그 정도로 겁이 없으니 다이빙 따위를 무서워할 리도 없을 거예요.",
      "srcPage": 20,
      "srcSentenceEA": 3,
      "srcWordEA": 30,
      "character": "종철",
      "setting": "유치원,한 동네에서",
      "action": "자란",
      "feeling": "겁이 없으니",
      "causalRelationship": null,
      "outcomeResolution": null,
      "prediction": null,
      "plotSummaryInfoCount": 1,
      "plotSummaryInfo": {
        "classification": "신체운동_건강",
        "readAge": "초등_고학년",
        "form": "short-form",
        "plotSummaryText": "유치원 때부터 한동네에서 자란 종철이는 호기심도 많고 장난도 심해 어릴 때부터 팔이며 다리가 몇 번이나 부러질 정도로 겁이 없어 다이빙 따위를 무서워할 리가 없었습니다.",
        "textWordEA": 24
      }
    },
    {
      "srcTextID": "100532",
      "srcText": "오늘처럼 종철이가 부러운 때도 없었어요. 은수가 준비 운동을 하며 몸을 풀고 있을 때 종철이가 물에서 고개를 내밀며 말했어요. \"너 미희 때문에 수영 교실 들어온 거지?\" 종철이의 말에 은수는 저도 모르게 사방을 둘러보았어요. '그런 말을 저렇게 크게 하다니!'",
      "srcPage": 21,
      "srcSentenceEA": 5,
      "srcWordEA": 39,
      "character": "종철,은수",
      "setting": null,
      "action": "몸을 풀고 있을 때,고개를 내밀며 말했어요,사방을 둘러보았어요",
      "feeling": null,
      "causalRelationship": null,
      "outcomeResolution": null,
      "prediction": null,
      "plotSummaryInfoCount": 1,
      "plotSummaryInfo": {
        "classification": "신체운동_건강",
        "readAge": "초등_고학년",
        "form": "long-form",
        "plotSummaryText": "물에서 고개를 내밀며 미희 때문에 수영 교실 들어온 거냐는 종철이의 말을 들은 은수는 사방을 둘러보았습니다.",
        "textWordEA": 15
      }
    },
    {
      "srcTextID": "100537",
      "srcText": "은수는 종철이를 한 대 쥐어박고 싶은 걸 간신히 참았어요. 그러고는 짐짓 아닌 척 고개를 저었지요. \"그게 무슨 말도 안 되는 소리야?\"",
      "srcPage": 22,
      "srcSentenceEA": 3,
      "srcWordEA": 22,
      "character": "은수,종철",
      "setting": null,
      "action": "참았어요,고개를 저었지요",
      "feeling": null,
      "causalRelationship": null,
      "outcomeResolution": null,
      "prediction": null,
      "plotSummaryInfoCount": 1,
      "plotSummaryInfo": {
        "classification": "신체운동_건강",
        "readAge": "초등_고학년",
        "form": "short-form",
        "plotSummaryText": "종철이를 쥐어박고 싶은 걸 참고 고개를 저으며 그게 무슨 말도 안 되는 소리냐고 은수가 말했습니다.",
        "textWordEA": 15
      }
    },
    {
      "srcTextID": "100534",
      "srcText": "\"그럼 다이빙을 하고 싶어서 수영반에 들어온 거냐?\" \"그 그렇지!\" 은수는 저도 모르게 대답을 해 버렸어요. 은수의 말에 종철이가 씩 웃었어요.",
      "srcPage": 23,
      "srcSentenceEA": 4,
      "srcWordEA": 22,
      "character": "은수,종철",
      "setting": null,
      "action": "대답을 해 버렸어요,씩 웃었어요",
      "feeling": null,
      "causalRelationship": null,
      "outcomeResolution": null,
      "prediction": null,
      "plotSummaryInfoCount": 1,
      "plotSummaryInfo": {
        "classification": "신체운동_건강",
        "readAge": "초등_고학년",
        "form": "long-form",
        "plotSummaryText": "다이빙을 하고 싶어서 수영반에 들어온 거냐는 말에 그렇다고 대답한 은수를 보고 종철이가 씩 웃었습니다.",
        "textWordEA": 14
      }
    },
    {
      "srcTextID": "100535",
      "srcText": "\"네 말이 사실인지 아닌지는 좀 이따 다이빙할 때 보면 되겠지!\" '저런 얄미운 녀석!' 은수는 종철이를 노려보았어요.",
      "srcPage": 24,
      "srcSentenceEA": 3,
      "srcWordEA": 17,
      "character": "은수,종철",
      "setting": null,
      "action": "노려보았어요",
      "feeling": "얄미운",
      "causalRelationship": null,
      "outcomeResolution": null,
      "prediction": null,
      "plotSummaryInfoCount": 1,
      "plotSummaryInfo": {
        "classification": "신체운동_건강",
        "readAge": "초등_고학년",
        "form": "short-form",
        "plotSummaryText": "은수는 좀 이따 다이빙할 때 보면 네 말이 사실인지 아닌지 알게 될 것이라고 말하는 종철이를 노려보았습니다.",
        "textWordEA": 16
      }
    },
    {
      "srcTextID": "100536",
      "srcText": "어릴 때부터 친구라 종철이는 은수가 높은 곳을 무서워한다는 걸 알고 있었거든요. 종철이는 다시 다이빙대에 올라가 크게 발돋움을 하고는 물속으로 뛰어들었어요. 은수는 부러운 눈으로 종철이를 바라보았어요. '나도 저렇게 뛰고 싶다!'",
      "srcPage": 25,
      "srcSentenceEA": 4,
      "srcWordEA": 31,
      "character": "종철,은수",
      "setting": "다이빙대에",
      "action": "올라가,뛰어들었어요,바라보았어요",
      "feeling": null,
      "causalRelationship": null,
      "outcomeResolution": null,
      "prediction": null,
      "plotSummaryInfoCount": 1,
      "plotSummaryInfo": {
        "classification": "신체운동_건강",
        "readAge": "초등_고학년",
        "form": "long-form",
        "plotSummaryText": "다시 다이빙대에 올라가 물속으로 뛰어드는 종철이를 본 은수는 종철이가 부러웠습니다.",
        "textWordEA": 10
      }
    },
    {
      "srcTextID": "100541",
      "srcText": "남자애들은 힘차게 물살을 가르며 수영을 했어요. 은수 역시 누구보다 빨리 물살을 갈랐어요. 마침내 선생님이 남자애들에게 말했어요.",
      "srcPage": 26,
      "srcSentenceEA": 3,
      "srcWordEA": 18,
      "character": "남자애들,은수,선생님",
      "setting": null,
      "action": "수영을 했어요,말했어요",
      "feeling": null,
      "causalRelationship": null,
      "outcomeResolution": null,
      "prediction": null,
      "plotSummaryInfoCount": 1,
      "plotSummaryInfo": {
        "classification": "신체운동_건강",
        "readAge": "초등_고학년",
        "form": "short-form",
        "plotSummaryText": "선생님이 힘차게 물살을 가르며 수영하던 남자애들과 은수에게 말했습니다.",
        "textWordEA": 8
      }
    },
    {
      "srcTextID": "100538",
      "srcText": "\"한 명씩 다이빙대로 올라가서 서 봐!\" '아! 오늘은 그냥 수영만 하지!' 남자애들은 처음에는 머뭇거렸지만 한 명씩 다이빙대에 올라가 멋지게 뛰어내렸어요.",
      "srcPage": 27,
      "srcSentenceEA": 3,
      "srcWordEA": 22,
      "character": "남자애들",
      "setting": "다이빙대로",
      "action": "머뭇거렸지만,뛰어내렸어요",
      "feeling": null,
      "causalRelationship": null,
      "outcomeResolution": null,
      "prediction": null,
      "plotSummaryInfoCount": 1,
      "plotSummaryInfo": {
        "classification": "신체운동_건강",
        "readAge": "초등_고학년",
        "form": "short-form",
        "plotSummaryText": "남자애들은 처음에는 머뭇거렸지만, 한 명씩 다이빙대로 올라가서 서 보라는 말에 다이빙대에 올라가 멋지게 뛰어내렸습니다.",
        "textWordEA": 14
      }
    },
    {
      "srcTextID": "100539",
      "srcText": "겨우 여덟 개밖에 되지 않는 계단이 너무 높게 느껴졌어요. '미끄럼틀보다 조금 높을 뿐이야! 괜찮아!' 은수는 스스로에게 최면을 걸었어요. 은수는 천천히 다이빙대를 향해 발을 떼었어요. 그때였어요. 은수는 저도 모르게 그만 털썩 주저앉고 말았어요.",
      "srcPage": 29,
      "srcSentenceEA": 7,
      "srcWordEA": 37,
      "character": "은수",
      "setting": "다이빙대를,계단",
      "action": "발을 떼었어요,주저앉고 말았어요",
      "feeling": null,
      "causalRelationship": null,
      "outcomeResolution": null,
      "prediction": null,
      "plotSummaryInfoCount": 1,
      "plotSummaryInfo": {
        "classification": "신체운동_건강",
        "readAge": "초등_고학년",
        "form": "long-form",
        "plotSummaryText": "미끄럼틀보다 조금 높을 뿐이라고 스스로 최면을 걸었던 은수였지만 다이빙대를 향해 발을 떼 다 그만 털썩 주저앉고 말았습니다.",
        "textWordEA": 17
      }
    },
    {
      "srcTextID": "100543",
      "srcText": "다리에 너무 힘을 준 나머지 갑자기 쥐가 난 거예요. \"은수는 수영을 너무 많이 했나 보다. 내려와서 다리를 풀어 주렴!\"",
      "srcPage": 30,
      "srcSentenceEA": 3,
      "srcWordEA": 20,
      "character": "은수",
      "setting": null,
      "action": "쥐가 난 거예요,많이 했나,내려와서,풀어 주렴",
      "feeling": null,
      "causalRelationship": null,
      "outcomeResolution": null,
      "prediction": null,
      "plotSummaryInfoCount": 1,
      "plotSummaryInfo": {
        "classification": "신체운동_건강",
        "readAge": "초등_고학년",
        "form": "short-form",
        "plotSummaryText": "다리에 너무 힘을 준 나머지 갑자기 쥐가 난 은수에게 내려와서 다리를 좀 풀어 주라고 했습니다.",
        "textWordEA": 15
      }
    },
    {
      "srcTextID": "100544",
      "srcText": "선생님이 괜찮다며 어깨를 두드려 주셨지만 은수는 하나도 괜찮지 않았어요. 은수는 화가 나고 짜증이 났어요. '수영은 자신 있는데!' 그나마 다행인 건 오늘 미희가 오지 않아서 은수의 한심한 모습을 보지 않았다는 거예요. 그런데, 미희는 오늘 왜 안 온 걸까요?",
      "srcPage": 32,
      "srcSentenceEA": 5,
      "srcWordEA": 40,
      "character": "선생님,은수,미희",
      "setting": null,
      "action": "어깨를 두드려 주셨지만",
      "feeling": "화가 나고",
      "causalRelationship": null,
      "outcomeResolution": null,
      "prediction": null,
      "plotSummaryInfoCount": 1,
      "plotSummaryInfo": {
        "classification": "신체운동_건강",
        "readAge": "초등_고학년",
        "form": "long-form",
        "plotSummaryText": "화가 나고 짜증이 났던 은수는 선생님이 괜찮다며 어깨를 두드려 주셨지만 하나도 괜찮지 않았습니다.",
        "textWordEA": 13
      }
    },
    {
      "srcTextID": "100548",
      "srcText": "은수는 힘없이 터덜터덜 집으로 향했어요. 오늘처럼 굴욕적인 날은 없다고 생각하면서요. 그때 종철이가 은수를 툭 치고 달려가며 외쳤어요.",
      "srcPage": 33,
      "srcSentenceEA": 3,
      "srcWordEA": 19,
      "character": "은수,종철",
      "setting": "집으로",
      "action": "향했어요,달려가며 외쳤어요",
      "feeling": null,
      "causalRelationship": null,
      "outcomeResolution": null,
      "prediction": null,
      "plotSummaryInfoCount": 1,
      "plotSummaryInfo": {
        "classification": "신체운동_건강",
        "readAge": "초등_고학년",
        "form": "short-form",
        "plotSummaryText": "오늘처럼 굴욕적인 날은 없다고 생각하며 힘없이 터덜터덜 집으로 향하던 은수를 종철이가 툭 치고 달려가며 외쳤습니다.",
        "textWordEA": 15
      }
    },
    {
      "srcTextID": "100545",
      "srcText": "\"수영은 몰라도 다이빙은 나한테 안 될 거다, 강은수!\" 은수는 너무 화가 나서 그 자리에 우뚝 멈춰 섰어요. '혼자서 다이빙 연습을 해 볼까?'",
      "srcPage": 34,
      "srcSentenceEA": 3,
      "srcWordEA": 23,
      "character": "은수",
      "setting": null,
      "action": "멈춰 섰어요,다이빙",
      "feeling": "화가 나서",
      "causalRelationship": null,
      "outcomeResolution": null,
      "prediction": null,
      "plotSummaryInfoCount": 1,
      "plotSummaryInfo": {
        "classification": "신체운동_건강",
        "readAge": "초등_고학년",
        "form": "short-form",
        "plotSummaryText": "다이빙은 나한테 안 될 거라는 말에 화가 났던 은수는 혼자 다이빙 연습을 해 볼까라고 생각했습니다.",
        "textWordEA": 15
      }
    },
    {
      "srcTextID": "100547",
      "srcText": "은수는 돌아서서 다시 수영 교실로 향했어요. 종철이에게 지고 싶지 않았거든요. 수영 교실에 들어서던 은수는 깜짝 놀랐어요.",
      "srcPage": 35,
      "srcSentenceEA": 3,
      "srcWordEA": 18,
      "character": "은수,종철",
      "setting": "수영 교실",
      "action": "향했어요,돌아서서",
      "feeling": "깜짝 놀랐어요",
      "causalRelationship": null,
      "outcomeResolution": null,
      "prediction": null,
      "plotSummaryInfoCount": 1,
      "plotSummaryInfo": {
        "classification": "신체운동_건강",
        "readAge": "초등_고학년",
        "form": "short-form",
        "plotSummaryText": "종철이에게 지고 싶지 않아 다시 수영 교실로 향했던 은수는 깜짝 놀랐습니다.",
        "textWordEA": 11
      }
    },
    {
      "srcTextID": "100546",
      "srcText": "수업에 오지 않았던 미희가 그 자리에 있었기 때문이에요. 미희 역시 놀랐는지 은수를 빤히 바라보았어요. \"수업도 끝났는데, 은수 너는 왜 다시 왔어?\" \"어 어 수영을 좀 더 하려고!\"",
      "srcPage": 36,
      "srcSentenceEA": 4,
      "srcWordEA": 28,
      "character": "미희,은수",
      "setting": null,
      "action": "바라보았어요,수영을 좀 더 하려고",
      "feeling": null,
      "causalRelationship": null,
      "outcomeResolution": null,
      "prediction": null,
      "plotSummaryInfoCount": 1,
      "plotSummaryInfo": {
        "classification": "신체운동_건강",
        "readAge": "초등_고학년",
        "form": "long-form",
        "plotSummaryText": "수업에 오지 않았던 미희가 은수를 빤히 바라보며 너는 왜 다시 왔냐고 물었습니다.",
        "textWordEA": 12
      }
    },
    {
      "srcTextID": "100552",
      "srcText": "\"수영 잘하던데 뭘 더 연습해?\" 은수는 깜짝 놀랐어요. 미희가 그걸 어떻게 아는 걸까요?",
      "srcPage": 37,
      "srcSentenceEA": 3,
      "srcWordEA": 15,
      "character": "은수,미희",
      "setting": null,
      "action": "수영 잘하던데,연습해",
      "feeling": "깜짝 놀랐어요",
      "causalRelationship": null,
      "outcomeResolution": null,
      "prediction": null,
      "plotSummaryInfoCount": 1,
      "plotSummaryInfo": {
        "classification": "신체운동_건강",
        "readAge": "초등_고학년",
        "form": "short-form",
        "plotSummaryText": "은수는 수영 잘하던데 뭘 더 연습하냐는 미희의 말에 깜짝 놀라 그걸 어떻게 아는 걸지 궁금했습니다.",
        "textWordEA": 15
      }
    },
    {
      "srcTextID": "100551",
      "srcText": "\"밖에서 다 봤어. 너 수영 잘하더라. 다이빙하는 것도 보고 싶었는데!\"",
      "srcPage": 38,
      "srcSentenceEA": 3,
      "srcWordEA": 12,
      "character": null,
      "setting": "밖에서",
      "action": "잘하더라,보고 싶었는데",
      "feeling": null,
      "causalRelationship": null,
      "outcomeResolution": null,
      "prediction": null,
      "plotSummaryInfoCount": 1,
      "plotSummaryInfo": {
        "classification": "신체운동_건강",
        "readAge": "초등_고학년",
        "form": "short-form",
        "plotSummaryText": "밖에서 너 수영 잘하는 걸 봤다며 다이빙하는 것도 보고 싶었다고 했습니다.",
        "textWordEA": 11
      }
    },
    {
      "srcTextID": "100558",
      "srcText": "미희의 말에 은수의 얼굴이 빨개졌어요. \"그런데 왜 수업에는 안 들어온 거야?\" 미희가 풀이 죽은 얼굴로 대답했어요.",
      "srcPage": 39,
      "srcSentenceEA": 3,
      "srcWordEA": 17,
      "character": "미희,은수",
      "setting": null,
      "action": "얼굴이 빨개졌어요,대답했어요",
      "feeling": null,
      "causalRelationship": null,
      "outcomeResolution": null,
      "prediction": null,
      "plotSummaryInfoCount": 1,
      "plotSummaryInfo": {
        "classification": "신체운동_건강",
        "readAge": "초등_고학년",
        "form": "short-form",
        "plotSummaryText": "얼굴이 빨개진 은수가 왜 수업에는 안 들어왔냐 묻자, 미희가 풀이 죽은 얼굴로 대답했습니다.",
        "textWordEA": 13
      }
    },
    {
      "srcTextID": "100549",
      "srcText": "\"나 실은, 수영 못해. 몸이 약해서 너무 심한 운동을 하면 안 되거든. 구경이라도 하려고 수영반에 들어온 거야. 나도 언젠가 할 수 있을까 싶어서.\"",
      "srcPage": 40,
      "srcSentenceEA": 4,
      "srcWordEA": 26,
      "character": null,
      "setting": "수영반",
      "action": "수영 못해,들어온 거야",
      "feeling": null,
      "causalRelationship": null,
      "outcomeResolution": null,
      "prediction": null,
      "plotSummaryInfoCount": 1,
      "plotSummaryInfo": {
        "classification": "신체운동_건강",
        "readAge": "초등_고학년",
        "form": "long-form",
        "plotSummaryText": "몸이 약해서 너무 심한 운동을 하면 안 되어 수영을 못 하지만, 구경이라도 하려고 수영반에 들어온 거라고 했습니다.",
        "textWordEA": 17
      }
    },
    {
      "srcTextID": "100557",
      "srcText": "미희의 말에 은수는 마음이 아팠어요. 몸이 약한 건 알고 있었지만 그 정도일 줄은 몰랐거든요. \"그랬구나. 사실 나도 다이빙 못해!\"",
      "srcPage": 41,
      "srcSentenceEA": 3,
      "srcWordEA": 21,
      "character": "미희,은수",
      "setting": null,
      "action": "알고 있었지만,다이빙 못해",
      "feeling": "마음이 아팠어요",
      "causalRelationship": null,
      "outcomeResolution": null,
      "prediction": null,
      "plotSummaryInfoCount": 1,
      "plotSummaryInfo": {
        "classification": "신체운동_건강",
        "readAge": "초등_고학년",
        "form": "short-form",
        "plotSummaryText": "미희가 몸이 약한 건 알고 있었지만, 그 정도일 줄은 몰랐던 은수는 마음이 아파 사실 나도 다이빙 못 한다고 말했습니다.",
        "textWordEA": 19
      }
    },
    {
      "srcTextID": "100556",
      "srcText": "말을 마치자마자 은수는 힘껏 발돋움을 했어요. 다이빙대가 출렁이며 은수의 몸이 허공으로 떠올랐어요. 비로소 은수의 얼굴에 환한 미소가 번졌어요.",
      "srcPage": 46,
      "srcSentenceEA": 3,
      "srcWordEA": 20,
      "character": "은수",
      "setting": "다이빙대",
      "action": "힘껏 발돋움을 했어요,출렁이며,떠올랐어요,미소가 번졌어요",
      "feeling": null,
      "causalRelationship": null,
      "outcomeResolution": null,
      "prediction": null,
      "plotSummaryInfoCount": 1,
      "plotSummaryInfo": {
        "classification": "신체운동_건강",
        "readAge": "초등_고학년",
        "form": "short-form",
        "plotSummaryText": "다이빙대에서 힘껏 발돋움해 허공으로 떠오른 은수의 얼굴에 환한 미소가 번졌습니다.",
        "textWordEA": 10
      }
    },
    {
      "srcTextID": "100531",
      "srcText": "밤에는 악몽까지 꿨고요. 수영장에 들어서자, 첨벙! 물소리가 들려왔어요. 친구 종철이가 벌써부터 다이빙대에 올라가 뛰어내리고 있었어요.",
      "srcPage": 19,
      "srcSentenceEA": 4,
      "srcWordEA": 18,
      "character": "종철",
      "setting": "밤,수영장",
      "action": "물소리가 들려왔어요,올라가 뛰어내리고 있었어요",
      "feeling": null,
      "causalRelationship": null,
      "outcomeResolution": null,
      "prediction": null,
      "plotSummaryInfoCount": 1,
      "plotSummaryInfo": {
        "classification": "신체운동_건강",
        "readAge": "초등_고학년",
        "form": "long-form",
        "plotSummaryText": "수영장에서는 이미 첨벙 물소리를 내며 친구 종철이가 다이빙대에 올라가 뛰어내리고 있었습니다.",
        "textWordEA": 11
      }
    },
    {
      "srcTextID": "100540",
      "srcText": "그때마다 여자애들 사이에선 박수가 터져 나왔어요. 드디어 은수의 차례가 되었어요. 은수는 한 발 한 발 천천히 계단을 올라갔어요.",
      "srcPage": 28,
      "srcSentenceEA": 3,
      "srcWordEA": 20,
      "character": "여자애들,은수",
      "setting": null,
      "action": "박수가 터져 나왔어요,계단을 올라갔어요",
      "feeling": null,
      "causalRelationship": null,
      "outcomeResolution": null,
      "prediction": null,
      "plotSummaryInfoCount": 1,
      "plotSummaryInfo": {
        "classification": "신체운동_건강",
        "readAge": "초등_고학년",
        "form": "short-form",
        "plotSummaryText": "여자애들 사이에서 박수가 터져 나오던 중에 차례가 된 은수가 한 발 한 발 천천히 계단을 올라갔습니다.",
        "textWordEA": 16
      }
    },
    {
      "srcTextID": "100542",
      "srcText": "그날 결국 은수는 다이빙을 하지 못했어요. 은수를 바라보던 종철이의 얼굴에 미소가 번졌어요. 그 이후 두 번이나 더 시도를 했지만 결국 은수는 뛰어내리지 못했어요.",
      "srcPage": 31,
      "srcSentenceEA": 3,
      "srcWordEA": 25,
      "character": "은수,종철",
      "setting": null,
      "action": "다이빙을 하지 못했어요,미소가 번졌어요,뛰어내리지 못했어요",
      "feeling": null,
      "causalRelationship": null,
      "outcomeResolution": null,
      "prediction": null,
      "plotSummaryInfoCount": 1,
      "plotSummaryInfo": {
        "classification": "신체운동_건강",
        "readAge": "초등_고학년",
        "form": "short-form",
        "plotSummaryText": "결국 다이빙을 하지 못 한 은수를 바라보던 종철이의 얼굴에 미소가 번졌습니다.",
        "textWordEA": 11
      }
    },
    {
      "srcTextID": "100550",
      "srcText": "\"높은 곳에서 한 번 떨어진 후로 너무 무섭거든!\" 은수는 저도 모르게 비밀을 고백해 버렸어요. \"그렇지만 넌, 수영을 잘하니까 조금만 연습하면 곧 다이빙대에서 뛸 수 있을 거야!\"",
      "srcPage": 42,
      "srcSentenceEA": 3,
      "srcWordEA": 27,
      "character": "은수",
      "setting": null,
      "action": "고백해 버렸어요,수영을 잘하니까",
      "feeling": "무섭거든",
      "causalRelationship": null,
      "outcomeResolution": null,
      "prediction": null,
      "plotSummaryInfoCount": 1,
      "plotSummaryInfo": {
        "classification": "신체운동_건강",
        "readAge": "초등_고학년",
        "form": "short-form",
        "plotSummaryText": "높은 곳에서 한 번 떨어진 후로 너무 무섭다는 비밀을 고백해 버린 은수에게, 넌 수영을 잘하니까 조금만 연습하면 곧 다이빙대에서 뛸 수 있을 거라고 말했습니다.",
        "textWordEA": 24
      }
    },
    {
      "srcTextID": "100554",
      "srcText": "그 순간 은수는 저도 모르게 주먹을 불끈 쥐었어요. \"다시 한 번 뛰어 볼까!\" 어디서 그런 용기가 생겼는지, 은수는 다이빙대로 올라갔어요.",
      "srcPage": 43,
      "srcSentenceEA": 3,
      "srcWordEA": 21,
      "character": "은수",
      "setting": null,
      "action": "주먹을 불끈 쥐었어요,다이빙대로 올라갔어요",
      "feeling": null,
      "causalRelationship": null,
      "outcomeResolution": null,
      "prediction": null,
      "plotSummaryInfoCount": 1,
      "plotSummaryInfo": {
        "classification": "신체운동_건강",
        "readAge": "초등_고학년",
        "form": "short-form",
        "plotSummaryText": "어디서 그런 용기가 생겼는지 다시 한번 뛰어 볼까 라고 말하며 주먹을 불끈 쥔 은수가 다이빙대로 올라갔습니다.",
        "textWordEA": 16
      }
    },
    {
      "srcTextID": "100555",
      "srcText": "그러고는 한 발 한 발 조심스레 앞으로 나아갔어요. 다이빙대에 서자 가슴이 콩닥콩닥 뛰었어요. 저 아래에서 두 손을 꼭 모으고 있는 미희가 보였어요.",
      "srcPage": 44,
      "srcSentenceEA": 3,
      "srcWordEA": 24,
      "character": "미희",
      "setting": "다이빙대에",
      "action": "앞으로 나아갔어요,보였어요",
      "feeling": null,
      "causalRelationship": null,
      "outcomeResolution": null,
      "prediction": null,
      "plotSummaryInfoCount": 1,
      "plotSummaryInfo": {
        "classification": "신체운동_건강",
        "readAge": "초등_고학년",
        "form": "short-form",
        "plotSummaryText": "한 발 한 발 조심스레 앞으로 나아가 다이빙대에 서자 저 아래에서 두 손을 꼭 모으고 있는 미희가 보였습니다.",
        "textWordEA": 18
      }
    },
    {
      "srcTextID": "100553",
      "srcText": "'미희를 위해서라도 꼭 해 보고 싶다!' 은수는 미희를 보며 큰 소리로 외쳤어요. \"미희야! 난 용기를 낼 테니까, 넌 힘을 내!\"",
      "srcPage": 45,
      "srcSentenceEA": 3,
      "srcWordEA": 22,
      "character": "미희,은수",
      "setting": null,
      "action": "큰 소리로 외쳤어요",
      "feeling": null,
      "causalRelationship": null,
      "outcomeResolution": null,
      "prediction": null,
      "plotSummaryInfoCount": 1,
      "plotSummaryInfo": {
        "classification": "신체운동_건강",
        "readAge": "초등_고학년",
        "form": "short-form",
        "plotSummaryText": "은수가 미희를 보며 난 용기를 낼 테니까 넌 힘을 내라고 큰 소리로 외쳤습니다.",
        "textWordEA": 13
      }
    }
  ]
}