{
  "title": "나는 엄마가 창피해",
  "author": "신현승",
  "illustrator": "한국출판일러스트회",
  "isbn": "9791157024612",
  "publishedYear": 2015,
  "publisher": "황우",
  "paragraphInfoCount": 50,
  "paragraphInfo": [
    {
      "srcTextID": "101333",
      "srcText": "그리고 목사님한테 얻은 것을 소중히 들고서 집으로 왔어요. 식탁에 앉아 민호는 짧은 편지를 썼어요. 그러고는 우유와 편지를 식탁 위에 잘 놓았어요.",
      "srcPage": 31,
      "srcSentenceEA": 3,
      "srcWordEA": 23,
      "character": "목사님,식탁,민호,편지,우유",
      "setting": "집",
      "action": "들고서,왔어요,앉아,썼어요,놓았어요",
      "feeling": null,
      "causalRelationship": null,
      "outcomeResolution": null,
      "prediction": null,
      "plotSummaryInfoCount": 1,
      "plotSummaryInfo": {
        "classification": "신체운동_건강",
        "readAge": "초등_고학년",
        "form": "short-form",
        "plotSummaryText": "목사님한테 얻은 것을 소중히 들고서 집으로 와 식탁에 앉아 민호는 짧은 편지를 쓰고는 우유와 편지를 식탁 위에 잘 놓았다.",
        "textWordEA": 19
      }
    },
    {
      "srcTextID": "101337",
      "srcText": "눈물을 참고 있는 것 같았어요. \"민호야, 일어나 봐.\" 엄마가 민호를 깨웠어요. 눈을 비비며 일어나자 엄마가 민호를 꼭 안아 주었어요.",
      "srcPage": 36,
      "srcSentenceEA": 4,
      "srcWordEA": 21,
      "character": "눈물,민호,엄마,눈",
      "setting": null,
      "action": "참고 있는,깨웠어요,비비며,일어나자,안아",
      "feeling": null,
      "causalRelationship": null,
      "outcomeResolution": null,
      "prediction": null,
      "plotSummaryInfoCount": 1,
      "plotSummaryInfo": {
        "classification": "신체운동_건강",
        "readAge": "초등_고학년",
        "form": "long-form",
        "plotSummaryText": "눈물을 참고 있는 것 같았던 엄마가 민호를 깨웠고 눈을 비비며 일어나자, 엄마가 민호를 꼭 안아 주었다.",
        "textWordEA": 16
      }
    },
    {
      "srcTextID": "101302",
      "srcText": "\"아, 냄새.\" 엄마가 현관으로 나가자 누나가 코를 움켜쥐고 말했어요. 냄새가 나지도 않는데 민희 누나는 왜 그러는지 모르겠어요. 민호와 민희의 엄마는 시장에 있는 예수교회 맞은편에서 생선 가게를 하고 있어요.",
      "srcPage": 1,
      "srcSentenceEA": 4,
      "srcWordEA": 31,
      "character": "엄마,누나,코,민희,민호,생선 가게",
      "setting": "현관,시장,예수교회 맞은편",
      "action": "나가자,움켜쥐고,말했어요",
      "feeling": null,
      "causalRelationship": null,
      "outcomeResolution": null,
      "prediction": null,
      "plotSummaryInfoCount": 1,
      "plotSummaryInfo": {
        "classification": "신체운동_건강",
        "readAge": "초등_고학년",
        "form": "long-form",
        "plotSummaryText": "민호와 민희의 엄마는 시장에서 생선 가게를 하고 있는데 엄마가 현관으로 나가자 누나가 코를 움켜쥐고 냄새가 나지도 않는데 냄새난다고 했습니다.",
        "textWordEA": 19
      }
    },
    {
      "srcTextID": "101306",
      "srcText": "사실 민희 누나는 친구들이 놀려서 엄마한테 화가 났는지도 몰라요. 누나 친구들은 누나를 '미스 피시'라고 놀리거든요. '생선 아가씨'라는 뜻이래요.",
      "srcPage": 3,
      "srcSentenceEA": 6,
      "srcWordEA": 21,
      "character": "민희 누나,친구들,엄마,누나,미스 피시,생선 아가씨",
      "setting": null,
      "action": "놀려서,놀리거든요",
      "feeling": "화가 났는지도",
      "causalRelationship": null,
      "outcomeResolution": null,
      "prediction": null,
      "plotSummaryInfoCount": 1,
      "plotSummaryInfo": {
        "classification": "신체운동_건강",
        "readAge": "초등_고학년",
        "form": "long-form",
        "plotSummaryText": "민희 누나는 친구들이 생선 아가씨라는 뜻인 미스 피시라고 놀려서 엄마한테 화가 났는지도 모른다.",
        "textWordEA": 13
      }
    },
    {
      "srcTextID": "101305",
      "srcText": "그래서 엄마 생일은 아무 일도 없이 그냥 지나갔어요. 민호는 괜히 죄를 지은 것 같은 기분이었지만, 앞에 나서서 뭐라고 할 수도 없었어요. 그날 엄마는 밤늦게 들어와서 금세 잠들었어요. 다음 날 새벽에 도매 시장에 가야 했거든요.",
      "srcPage": 5,
      "srcSentenceEA": 4,
      "srcWordEA": 37,
      "character": "엄마,민호",
      "setting": "그날,다음 날 새벽,도매 시장",
      "action": "들어와서,잠들었어요,가야",
      "feeling": "죄를 지은 것 같은 기분",
      "causalRelationship": null,
      "outcomeResolution": null,
      "prediction": null,
      "plotSummaryInfoCount": 1,
      "plotSummaryInfo": {
        "classification": "신체운동_건강",
        "readAge": "초등_고학년",
        "form": "long-form",
        "plotSummaryText": "엄마 생일은 그냥 지나갔고 민호는 죄를 지은 것 같은 기분이었지만, 뭐라고 할 수도 없었는데 그날 엄마는 다음 날 새벽에 도매 시장에 가야 해서 밤늦게 들어와서 금세 잠들었다.",
        "textWordEA": 27
      }
    },
    {
      "srcTextID": "101308",
      "srcText": "\"참, 너희 반 참관 수업한다며? 엄마 오신대?\" 민호는 고개를 끄덕였어요. \"시간 나면 오신다고 했어.\"",
      "srcPage": 8,
      "srcSentenceEA": 4,
      "srcWordEA": 16,
      "character": "너희 반,엄마,민호,고개",
      "setting": null,
      "action": "수업한다며,끄덕였어요,오신다고",
      "feeling": null,
      "causalRelationship": null,
      "outcomeResolution": null,
      "prediction": null,
      "plotSummaryInfoCount": 1,
      "plotSummaryInfo": {
        "classification": "신체운동_건강",
        "readAge": "초등_고학년",
        "form": "long-form",
        "plotSummaryText": "너희 반 참관 수업에 엄마 오시냐고 묻자, 민호는 시간 나면 오신다고 했다고 고개를 끄덕였다.",
        "textWordEA": 14
      }
    },
    {
      "srcTextID": "101307",
      "srcText": "\"아마 안 가실걸. 엄만 바쁘잖아. 하긴 뭐, 너도 안 오시는 게 더 낫지 않아?\" 민호는 누나가 왜 그렇게 말하는지 알 것 같았어요. 민희 누나는 엄마가 학교에 오는 걸 싫어해요. 엄마가 학교에 오면 창피하대요.",
      "srcPage": 9,
      "srcSentenceEA": 6,
      "srcWordEA": 38,
      "character": "엄만,너,민호,누나,민희 누나",
      "setting": "학교",
      "action": "오시는,말하는지",
      "feeling": "싫어해요,창피하대요",
      "causalRelationship": null,
      "outcomeResolution": null,
      "prediction": null,
      "plotSummaryInfoCount": 1,
      "plotSummaryInfo": {
        "classification": "신체운동_건강",
        "readAge": "초등_고학년",
        "form": "long-form",
        "plotSummaryText": "안 오시는 게 더 낫지 않냐고 하는 누나의 말을 민호는 알 것 같았고 누나는 엄마가 학교에 오는 걸 싫어하고 창피하다고 했다.",
        "textWordEA": 21
      }
    },
    {
      "srcTextID": "101315",
      "srcText": "2교시가 시작될 때까지 엄마는 오지 않았어요. 민호는 엄마가 오지 않은 게 서운하지 않았어요. 오히려 잘된 것 같은 기분이었어요.",
      "srcPage": 14,
      "srcSentenceEA": 3,
      "srcWordEA": 20,
      "character": "엄마,민호",
      "setting": "2교시가 시작될 때",
      "action": "오지 않았어요",
      "feeling": "서운하지 않았어요,잘된 것 같은 기분이었어요",
      "causalRelationship": null,
      "outcomeResolution": null,
      "prediction": null,
      "plotSummaryInfoCount": 1,
      "plotSummaryInfo": {
        "classification": "신체운동_건강",
        "readAge": "초등_고학년",
        "form": "short-form",
        "plotSummaryText": "2교시가 시작될 때까지 엄마는 오지 않았고 민호는 엄마가 오지 않은 게 서운하지 않았고 오히려 잘된 것 같은 기분이었다.",
        "textWordEA": 18
      }
    },
    {
      "srcTextID": "101327",
      "srcText": "그러자 종수가 \"그래도 넌 같이 사는 엄마가 있잖아. 난 없어.\" 하더니 이어서 자기 소원을 말했어요. \"엄마 얼굴 한 번만 보는 게 소원이야. 또 엄마가 해 주는 밥 먹어 보는 거, 엄마 옆에서 껴안고 잠자는 거.\"",
      "srcPage": 27,
      "srcSentenceEA": 6,
      "srcWordEA": 38,
      "character": "종수,넌,엄마,난,자기,밥",
      "setting": null,
      "action": "보는,먹어,껴안고,말했어요",
      "feeling": null,
      "causalRelationship": null,
      "outcomeResolution": null,
      "prediction": null,
      "plotSummaryInfoCount": 1,
      "plotSummaryInfo": {
        "classification": "신체운동_건강",
        "readAge": "초등_고학년",
        "form": "long-form",
        "plotSummaryText": "종수는 넌 같이 사는 엄마가 있는데 난 없다면서 엄마 얼굴 한 번만 보는 게 소원이고 엄마가 해 주는 밥 먹어 보는 거, 엄마 옆에서 껴안고 잠자는 것이 소원이라고 했다.",
        "textWordEA": 29
      }
    },
    {
      "srcTextID": "101329",
      "srcText": "민호는 종수의 말에 조금 충격을 받았어요. 얼마 후, 민호는 종수네 집에서 나와 집으로 향했어요. 예수교회 앞에서 보니 건너편 생선 가게가 훤히 보였어요.",
      "srcPage": 28,
      "srcSentenceEA": 3,
      "srcWordEA": 24,
      "character": "민호,종수,생선 가게",
      "setting": "얼마 후,종수네 집,집,예수교회 앞",
      "action": "말에,나와,향했어요,보니",
      "feeling": null,
      "causalRelationship": null,
      "outcomeResolution": null,
      "prediction": null,
      "plotSummaryInfoCount": 1,
      "plotSummaryInfo": {
        "classification": "신체운동_건강",
        "readAge": "초등_고학년",
        "form": "short-form",
        "plotSummaryText": "민호는 종수의 말에 충격을 받고 종수네 집에서 나와 집으로 향했는데 교회 앞에서 보니 건너편 생선 가게가 훤히 보였다.",
        "textWordEA": 18
      }
    },
    {
      "srcTextID": "101347",
      "srcText": "그리고 거실 불을 끄고 엄마를 기다렸지요. 어두운 거실에서 촛불이 아름답게 빛났어요. 엄마가 샤워하고 나와서 케이크 촛불을 불어 끄고 민희와 민호는 생일 축하 노래를 불렀어요.",
      "srcPage": 43,
      "srcSentenceEA": 3,
      "srcWordEA": 26,
      "character": "거실,불,엄마,케이크,촛불,민희,민호",
      "setting": null,
      "action": "끄고,기다렸지요,샤워하고,나와서,불어,불렀어요",
      "feeling": null,
      "causalRelationship": null,
      "outcomeResolution": null,
      "prediction": null,
      "plotSummaryInfoCount": 1,
      "plotSummaryInfo": {
        "classification": "신체운동_건강",
        "readAge": "초등_고학년",
        "form": "short-form",
        "plotSummaryText": "어두운 거실에서 촛불이 아름답게 빛났고 엄마가 샤워하고 나와서 케이크 촛불을 불어 끄고 민희와 민호는 생일 축하 노래를 불렀다.",
        "textWordEA": 18
      }
    },
    {
      "srcTextID": "101344",
      "srcText": "\"엄마 일생에 오늘이 가장 기쁜 날이야. 행복해.\" 엄마가 소녀처럼 호호호 웃음을 터뜨렸어요. 민희 누나도 엄마와 하이 파이브를 하며 즐거워했어요.",
      "srcPage": 44,
      "srcSentenceEA": 4,
      "srcWordEA": 22,
      "character": "엄마,소녀,민희 누나",
      "setting": "오늘",
      "action": "웃음을 터뜨렸어요,하이 파이브를 하며",
      "feeling": "가장 기쁜 날이야,행복해,즐거워했어요",
      "causalRelationship": null,
      "outcomeResolution": null,
      "prediction": null,
      "plotSummaryInfoCount": 1,
      "plotSummaryInfo": {
        "classification": "신체운동_건강",
        "readAge": "초등_고학년",
        "form": "long-form",
        "plotSummaryText": "엄마 일생에 오늘이 가장 기쁜 날이라며 행복하다는 엄마가 소녀처럼 웃음을 터뜨렸고 민희 누나도 엄마와 하이 파이브를 하며 즐거워했다.",
        "textWordEA": 18
      }
    },
    {
      "srcTextID": "101338",
      "srcText": "바로 그때 민희 누나가 현관으로 들어왔어요. 민희 누나는 무언가 손에 들고 있었는데 가만 보니 케이크였어요. 민희 누나가 작은 케이크 상자를 치켜들고 말했어요.",
      "srcPage": 37,
      "srcSentenceEA": 3,
      "srcWordEA": 24,
      "character": "민희 누나,현관,손,케이크,케이크 상자",
      "setting": null,
      "action": "들어왔어요,들고,치켜들고,말했어요",
      "feeling": null,
      "causalRelationship": null,
      "outcomeResolution": null,
      "prediction": null,
      "plotSummaryInfoCount": 1,
      "plotSummaryInfo": {
        "classification": "신체운동_건강",
        "readAge": "초등_고학년",
        "form": "short-form",
        "plotSummaryText": "바로 그때 민희 누나가 현관으로 들어와 무언가 손에 들고 있었는데 민희 누나가 작은 케이크 상자를 치켜들고 말했다.",
        "textWordEA": 17
      }
    },
    {
      "srcTextID": "101335",
      "srcText": "\"엄마 생일 깜빡 잊었어. 미안해, 엄마!\" 누나는 입술에 침도 안 바르고 거짓말을 술술 했어요. 어쨌든 엄마는 민희 누나에게도 감동하여 꼭 안아 주었어요.",
      "srcPage": 38,
      "srcSentenceEA": 4,
      "srcWordEA": 25,
      "character": "엄마,누나,입술,민희 누나",
      "setting": null,
      "action": "잊었어,안 바르고,거짓말을 술술 했어요,안아",
      "feeling": "미안해,감동하여",
      "causalRelationship": null,
      "outcomeResolution": null,
      "prediction": null,
      "plotSummaryInfoCount": 1,
      "plotSummaryInfo": {
        "classification": "신체운동_건강",
        "readAge": "초등_고학년",
        "form": "long-form",
        "plotSummaryText": "엄마 생일 깜빡 잊어서 미안하다는 누나는 입술에 침도 안 바르고 거짓말을 했고 엄마는 민희 누나에게도 감동하여 꼭 안아 주었다.",
        "textWordEA": 19
      }
    },
    {
      "srcTextID": "101346",
      "srcText": "그때 문득 민호는 종수의 말이 떠올랐어요. 자기 소원을 말하며 울적한 표정을 짓던 종수의 얼굴도 떠올랐어요. '그래도 넌 같이 사는 엄마가 있잖아.'",
      "srcPage": 45,
      "srcSentenceEA": 3,
      "srcWordEA": 22,
      "character": "민호,종수,자기,얼굴,넌,엄마",
      "setting": null,
      "action": "떠올랐어요,말하며,표정을 짓던,사는",
      "feeling": null,
      "causalRelationship": null,
      "outcomeResolution": null,
      "prediction": null,
      "plotSummaryInfoCount": 1,
      "plotSummaryInfo": {
        "classification": "신체운동_건강",
        "readAge": "초등_고학년",
        "form": "short-form",
        "plotSummaryText": "그때 민호는 자기 소원을 말하며 울적한 표정을 짓던 종수의 얼굴도 떠올랐다.",
        "textWordEA": 11
      }
    },
    {
      "srcTextID": "101351",
      "srcText": "하지만 가족이 서로 미워하고 다투면 짜증이 나고 하루하루가 지옥 같아요. 집에 들어가기도 싫고 하는 일도 제대로 할 수 없지요. 언뜻 생각하면 이 세상의 모든 가정이 화목하게 지내는 것 같지만, 의외로 문제가 있는 가정이 참 많아요.",
      "srcPage": 49,
      "srcSentenceEA": 3,
      "srcWordEA": 37,
      "character": "가족,가정",
      "setting": "집",
      "action": "들어가기도,지내는",
      "feeling": "미워하고,다투면,짜증이 나고",
      "causalRelationship": null,
      "outcomeResolution": null,
      "prediction": null,
      "plotSummaryInfoCount": 1,
      "plotSummaryInfo": {
        "classification": "신체운동_건강",
        "readAge": "초등_고학년",
        "form": "short-form",
        "plotSummaryText": "가족이 서로 미워하고 다투면 짜증이 나고 집에 들어가기도 싫고 하는 일도 제대로 할 수 없는데 이 세상의 모든 가정이 화목하게 지내는 것 같지만, 의외로 문제가 있는 가정이 참 많습니다.",
        "textWordEA": 29
      }
    },
    {
      "srcTextID": "101303",
      "srcText": "엄마의 생선 가게는 제법 소문난 가게예요. 늘 싱싱한 생선을 싸게 판다고 소문이 자자하지요. 또 친절한 가게라는 소문도 있고요. 엄마는 가게를 닫고 집에 오면 늘 샤워를 하고 옷도 자주 세탁하지만, 생선 비린내는 쉽게 사라지지 않나 봐요. 민희 누나는 엄마가 그렇게 깨끗이 씻고 닦아도 어디선가 은은하게 비린내가 난다고 하거든요.",
      "srcPage": 2,
      "srcSentenceEA": 5,
      "srcWordEA": 51,
      "character": "엄마,생선 가게,생선,가게,옷,민희 누나",
      "setting": "집",
      "action": "판다고,닫고,오면,샤워를 하고,세탁하지만,닦아도,씻고,하거든요",
      "feeling": null,
      "causalRelationship": null,
      "outcomeResolution": null,
      "prediction": null,
      "plotSummaryInfoCount": 1,
      "plotSummaryInfo": {
        "classification": "신체운동_건강",
        "readAge": "초등_고학년",
        "form": "long-form",
        "plotSummaryText": "엄마의 생선 가게는 생선을 싸게 팔고 친절한 가게라고 소문이 나 있지만 민희 누나는 엄마가 씻고 닦아도 어디선가 은은하게 비린내가 난다고 했다.",
        "textWordEA": 21
      }
    },
    {
      "srcTextID": "101304",
      "srcText": "그래서 누나는 괜히 엄마에게 심술을 부리고 걸핏하면 늦게 들어오고는 하지요. 엊그제는 누나가 이렇게 말했어요. \"오늘 엄마 생일인데 엄마는 그것도 모르나 봐. 차라리 잘됐지 뭐.\"",
      "srcPage": 4,
      "srcSentenceEA": 4,
      "srcWordEA": 26,
      "character": "누나,엄마",
      "setting": "엊그제,오늘",
      "action": "심술을 부리고,들어오고는,말했어요",
      "feeling": null,
      "causalRelationship": null,
      "outcomeResolution": null,
      "prediction": null,
      "plotSummaryInfoCount": 1,
      "plotSummaryInfo": {
        "classification": "신체운동_건강",
        "readAge": "초등_고학년",
        "form": "long-form",
        "plotSummaryText": "누나는 엄마에게 심술을 부리고 걸핏하면 늦게 들어오곤 하는데, 엊그제는 누나가 엄마 생일인데 엄마는 그것도 모른다고 차라리 잘됐다고 했다.",
        "textWordEA": 18
      }
    },
    {
      "srcTextID": "101310",
      "srcText": "아빠가 엄마 생일을 챙겨 주지 않냐고요? 아빠는 안 계세요. 아빠는 벌써 오래전에 세상을 떠나셨어요. 민희도 민호도 아빠 얼굴도 못 보았지요.",
      "srcPage": 6,
      "srcSentenceEA": 4,
      "srcWordEA": 23,
      "character": "아빠,엄마,민희,민호,얼굴",
      "setting": "오래전",
      "action": "떠나셨어요",
      "feeling": null,
      "causalRelationship": null,
      "outcomeResolution": null,
      "prediction": null,
      "plotSummaryInfoCount": 1,
      "plotSummaryInfo": {
        "classification": "신체운동_건강",
        "readAge": "초등_고학년",
        "form": "long-form",
        "plotSummaryText": "아빠는 벌써 오래전에 세상을 떠나셔서 안 계시고 민희도 민호도 아빠 얼굴도 못 보았다.",
        "textWordEA": 13
      }
    },
    {
      "srcTextID": "101316",
      "srcText": "그런데 2교시를 시작하고 5분쯤 지났을 때 교실 뒷문이 드르륵 열렸어요. 칙칙한 회색 치마에 검은 티셔츠를 입은 엄마가 불쑥 들어왔어요. 민호는 괜히 얼굴이 뜨거워졌어요.",
      "srcPage": 15,
      "srcSentenceEA": 3,
      "srcWordEA": 25,
      "character": "뒷문,회색 치마,검은 티셔츠,엄마,민호",
      "setting": "2교시를 시작하고 5분쯤 지났을 때,교실",
      "action": "열렸어요,입은,들어왔어요",
      "feeling": null,
      "causalRelationship": null,
      "outcomeResolution": null,
      "prediction": null,
      "plotSummaryInfoCount": 1,
      "plotSummaryInfo": {
        "classification": "신체운동_건강",
        "readAge": "초등_고학년",
        "form": "short-form",
        "plotSummaryText": "2교시를 시작하고 5분쯤 지났을 때 교실 뒷문이 열리고 회색 치마에 검은 티셔츠를 입은 엄마가 들어왔고 민호는 괜히 얼굴이 뜨거워졌다.",
        "textWordEA": 19
      }
    },
    {
      "srcTextID": "101314",
      "srcText": "\"너희 엄마다!\" 짝꿍 종수가 민호의 옆구리를 찌르며 말했어요. 민호가 종수에게 물었어요. \"너희 엄마는 안 오셔?\" \"응, 우리 엄마는 못 와. 아빠도.\" 종수의 말에 민호는 고개를 갸우뚱했어요.",
      "srcPage": 16,
      "srcSentenceEA": 7,
      "srcWordEA": 30,
      "character": "엄마,짝꿍,종수,민호,옆구리,아빠,고개",
      "setting": null,
      "action": "찌르며,말했어요,물었어요,갸우뚱했어요",
      "feeling": null,
      "causalRelationship": null,
      "outcomeResolution": null,
      "prediction": null,
      "plotSummaryInfoCount": 1,
      "plotSummaryInfo": {
        "classification": "신체운동_건강",
        "readAge": "초등_고학년",
        "form": "long-form",
        "plotSummaryText": "종수가 민호의 옆구리를 찌르며 너희 엄마라고 말했고 민호가 종수에게 너희 엄마는 안 오시냐고 물으니 엄마 아빠 모두 못 오신다는 종수의 말에 민호는 고개를 갸우뚱했다.",
        "textWordEA": 24
      }
    },
    {
      "srcTextID": "101321",
      "srcText": "참관 수업이 끝나고 엄마는 민호에게 다가와 볼을 살짝 꼬집었어요. 민호는 괜히 인상을 찡그렸어요. 싫다는 느낌이 아니라 장난스럽게 찡그린 거예요.",
      "srcPage": 17,
      "srcSentenceEA": 3,
      "srcWordEA": 21,
      "character": "엄마,민호,볼",
      "setting": null,
      "action": "다가와,꼬집었어요,인상을 찡그렸어요,찡그린",
      "feeling": "장난스럽게",
      "causalRelationship": null,
      "outcomeResolution": null,
      "prediction": null,
      "plotSummaryInfoCount": 1,
      "plotSummaryInfo": {
        "classification": "신체운동_건강",
        "readAge": "초등_고학년",
        "form": "short-form",
        "plotSummaryText": "참관 수업이 끝나고 엄마는 민호에게 다가와 볼을 살짝 꼬집었고 민호는 싫다는 느낌이 아니라 장난스럽게 인상을 찡그렸다.",
        "textWordEA": 16
      }
    },
    {
      "srcTextID": "101323",
      "srcText": "방과 후, 민호는 집으로 가지 않고 놀이터에서 놀았어요. 이상하게 집에 가기가 싫었어요. 가 봐야 집에 아무도 없으니까요.",
      "srcPage": 21,
      "srcSentenceEA": 3,
      "srcWordEA": 19,
      "character": "민호",
      "setting": "방과 후,집,놀이터",
      "action": "놀았어요",
      "feeling": null,
      "causalRelationship": null,
      "outcomeResolution": null,
      "prediction": null,
      "plotSummaryInfoCount": 1,
      "plotSummaryInfo": {
        "classification": "신체운동_건강",
        "readAge": "초등_고학년",
        "form": "short-form",
        "plotSummaryText": "방과 후, 민호는 집에 아무도 없으니까, 집에 가기 싫어서 놀이터에서 놀았다.",
        "textWordEA": 11
      }
    },
    {
      "srcTextID": "101324",
      "srcText": "생선 가게에 가서 엄마한테 용돈이라도 달라고 할까 생각했지만 그것도 내키지 않았어요. 예수교회 뒷골목을 이리저리 돌아다니다 민호는 우연히 짝꿍 종수를 만났어요. \"어, 민호야. 어떻게 우리 집까지 왔니? 들어와.\"",
      "srcPage": 22,
      "srcSentenceEA": 5,
      "srcWordEA": 30,
      "character": "생선 가게,엄마,용돈,예수교회,민호,짝꿍,종수",
      "setting": "뒷골목,집",
      "action": "가서,생각했지만,돌아다니다,만났어요",
      "feeling": null,
      "causalRelationship": null,
      "outcomeResolution": null,
      "prediction": null,
      "plotSummaryInfoCount": 1,
      "plotSummaryInfo": {
        "classification": "신체운동_건강",
        "readAge": "초등_고학년",
        "form": "long-form",
        "plotSummaryText": "가게에 가서 엄마한테 용돈이라도 달라고 할지 생각했지만 내키지 않아 교회 뒷골목을 돌아다니다 민호는 우연히 종수를 만났는데 어떻게 우리 집까지 왔냐면서 들어오라고 했다.",
        "textWordEA": 22
      }
    },
    {
      "srcTextID": "101332",
      "srcText": "그 위에 목사님한테 받은 것도 함께 놓아두었어요. 엄마가 간식으로 만들어 놓은 샌드위치를 먹고 민호는 텔레비전을 보다가 까무룩 잠이 들었어요. 연둣빛 바다에서 물고기들이 헤엄을 치고 있었어요.",
      "srcPage": 32,
      "srcSentenceEA": 3,
      "srcWordEA": 27,
      "character": "목사님,엄마,간식,샌드위치,민호,텔레비전,물고기들",
      "setting": "바다",
      "action": "놓아두었어요,만들어,먹고,보다가,잠이 들었어요,헤엄을 치고",
      "feeling": null,
      "causalRelationship": null,
      "outcomeResolution": null,
      "prediction": null,
      "plotSummaryInfoCount": 1,
      "plotSummaryInfo": {
        "classification": "신체운동_건강",
        "readAge": "초등_고학년",
        "form": "short-form",
        "plotSummaryText": "목사님한테 받은 것도 함께 놓아두었고 엄마가 만들어 놓은 샌드위치를 먹고 민호는 텔레비전을 보다가 잠이 들었는데 연둣빛 바다에서 물고기들이 헤엄을 치고 있었다.",
        "textWordEA": 21
      }
    },
    {
      "srcTextID": "101334",
      "srcText": "민호도 물고기들과 함께 헤엄을 치고 있었어요. 물속에 있는데도 전혀 숨이 막히지 않았어요. \"민호야!\" 누군가 불러 돌아보니 산호초 무성한 곳에서 엄마가 풍성한 머리칼을 휘날리며 민호 쪽으로 다가왔어요. 엄마는 마치 인어처럼 날렵하게 헤엄을 쳤는데 그 어느 때보다 아름다워 보였어요.",
      "srcPage": 33,
      "srcSentenceEA": 4,
      "srcWordEA": 40,
      "character": "민호,물고기들,산호초,엄마,머리칼,인어",
      "setting": "물속,산호초 무성한 곳",
      "action": "헤엄을 치고,불러,돌아보니,휘날리며,다가왔어요,헤엄을 쳤는데",
      "feeling": null,
      "causalRelationship": null,
      "outcomeResolution": null,
      "prediction": null,
      "plotSummaryInfoCount": 1,
      "plotSummaryInfo": {
        "classification": "신체운동_건강",
        "readAge": "초등_고학년",
        "form": "long-form",
        "plotSummaryText": "민호도 물고기들과 함께 헤엄을 치며 물속에 있는데도 전혀 숨이 막히지 않았고 누군가 불러 돌아보니 산호초 무성한 곳에서 엄마가 민호 쪽으로 다가와 인어처럼 헤엄을 쳤는데 아름다워 보였다.",
        "textWordEA": 26
      }
    },
    {
      "srcTextID": "101339",
      "srcText": "엄마가 좋아하는 초코 우유랑 장미꽃이에요. 알라뷰, 엄마 사랑해요! 엄마는 다섯 송이 장미꽃과 초코 우유를 바라보다가 식탁에 얼굴을 묻었어요.",
      "srcPage": 35,
      "srcSentenceEA": 3,
      "srcWordEA": 20,
      "character": "엄마,초코 우유,장미꽃,식탁,얼굴",
      "setting": null,
      "action": "바라보다가,묻었어요",
      "feeling": "좋아하는,사랑해요",
      "causalRelationship": null,
      "outcomeResolution": null,
      "prediction": null,
      "plotSummaryInfoCount": 1,
      "plotSummaryInfo": {
        "classification": "신체운동_건강",
        "readAge": "초등_고학년",
        "form": "short-form",
        "plotSummaryText": "엄마가 좋아하는 초코 우유랑 장미꽃이었고 사랑한다고 쓰여 있었는데 엄마는 다섯 송이 장미꽃과 초코 우유를 바라보다가 식탁에 얼굴을 묻었다.",
        "textWordEA": 18
      }
    },
    {
      "srcTextID": "101309",
      "srcText": "겨우 사진으로만 보았을 뿐이에요. 그 뒤로 엄마는 계속 생선 가게를 하여 민희와 민호를 키워 주었어요. 민희 누나가 책가방을 들고 현관으로 나서며 민호에게 물었어요.",
      "srcPage": 7,
      "srcSentenceEA": 3,
      "srcWordEA": 25,
      "character": "사진,엄마,생선 가게,민희,민호,책가방",
      "setting": "현관",
      "action": "보았을,키워,들고,나서며,물었어요",
      "feeling": null,
      "causalRelationship": null,
      "outcomeResolution": null,
      "prediction": null,
      "plotSummaryInfoCount": 1,
      "plotSummaryInfo": {
        "classification": "신체운동_건강",
        "readAge": "초등_고학년",
        "form": "short-form",
        "plotSummaryText": "사진으로만 보았을 뿐이며 그 뒤로 엄마는 생선 가게를 하여 민희와 민호를 키웠고 민희 누나가 책가방을 들고 현관으로 나서며 민호에게 물었다.",
        "textWordEA": 20
      }
    },
    {
      "srcTextID": "101313",
      "srcText": "민호는 책가방을 들고 누나와 함께 학교로 갔어요. 누나는 문구점 앞에서 친구를 만나 먼저 저만큼 앞서가 버렸어요. 민호는 혼자 터벅터벅 걸으며 엄마가 학교에 올지 안 올지 생각해 보았어요.",
      "srcPage": 10,
      "srcSentenceEA": 3,
      "srcWordEA": 29,
      "character": "민호,책가방,누나,친구,엄마",
      "setting": "학교,문구점 앞",
      "action": "들고,갔어요,만나,앞서가,걸으며,생각해",
      "feeling": null,
      "causalRelationship": null,
      "outcomeResolution": null,
      "prediction": null,
      "plotSummaryInfoCount": 1,
      "plotSummaryInfo": {
        "classification": "신체운동_건강",
        "readAge": "초등_고학년",
        "form": "short-form",
        "plotSummaryText": "누나는 문구점 앞에서 친구를 만나 먼저 앞서가 버렸고 민호는 혼자 터벅터벅 걸으며 엄마가 학교에 올지 안 올지 생각해 보았다.",
        "textWordEA": 19
      }
    },
    {
      "srcTextID": "101326",
      "srcText": "예수교회 뒷골목에 있는 허름한 집이 종수네 집이었어요. 종수는 할머니와 둘이만 살고 있었어요. 종수 방에서 이런저런 이야기를 하다가 민호는 종수에게 자기 기분을 다 말했어요.",
      "srcPage": 23,
      "srcSentenceEA": 3,
      "srcWordEA": 25,
      "character": "종수,할머니,민호",
      "setting": "예수교회 뒷골목,종수네 집,종수 방",
      "action": "살고,이야기를 하다가,말했어요",
      "feeling": null,
      "causalRelationship": null,
      "outcomeResolution": null,
      "prediction": null,
      "plotSummaryInfoCount": 1,
      "plotSummaryInfo": {
        "classification": "신체운동_건강",
        "readAge": "초등_고학년",
        "form": "short-form",
        "plotSummaryText": "예수교회 뒷골목에 있는 허름한 집이 종수네 집인데 종수는 할머니와 둘만 살고 있었고 종수 방에서 이야기하다가 민호는 종수에게 자기 기분을 다 말했다.",
        "textWordEA": 21
      }
    },
    {
      "srcTextID": "101325",
      "srcText": "생선을 파는 엄마가 조금 창피하다고. 또 아버지는 오래전에 돌아가셨다고. 그러자 종수가 말했어요.",
      "srcPage": 24,
      "srcSentenceEA": 3,
      "srcWordEA": 14,
      "character": "생선,엄마,아버지,종수",
      "setting": null,
      "action": "파는,말했어요",
      "feeling": "창피하다고",
      "causalRelationship": null,
      "outcomeResolution": null,
      "prediction": null,
      "plotSummaryInfoCount": 1,
      "plotSummaryInfo": {
        "classification": "신체운동_건강",
        "readAge": "초등_고학년",
        "form": "short-form",
        "plotSummaryText": "생선을 파는 엄마가 조금 창피하고 또 아버지는 오래전에 돌아가셨다고 하자 종수가 말했다.",
        "textWordEA": 12
      }
    },
    {
      "srcTextID": "101341",
      "srcText": "그때 민희 누나가 하지 말아야 할 말을 또 하고 말았어요. \"엄마, 냄새나. 샤워부터 하세요.\" 엄마가 샤워하는 동안 민호가 누나에게 물었어요. \"누나가 어떻게 케이크를 다 사 왔어?\"",
      "srcPage": 39,
      "srcSentenceEA": 5,
      "srcWordEA": 28,
      "character": "민희 누나,엄마,케이크",
      "setting": null,
      "action": "말을 또 하고,샤워하는,물었어요",
      "feeling": null,
      "causalRelationship": null,
      "outcomeResolution": null,
      "prediction": "누나가 어떻게 케이크를 다 사 왔어?",
      "plotSummaryInfoCount": 1,
      "plotSummaryInfo": {
        "classification": "신체운동_건강",
        "readAge": "초등_고학년",
        "form": "long-form",
        "plotSummaryText": "민희 누나가 엄마 냄새나니까 샤워부터 하라고 하지 말아야 할 말을 또 하고 말았는데 엄마가 샤워하는 동안 민호가 누나에게 케이크를 어떻게 사 왔냐고 물었다.",
        "textWordEA": 23
      }
    },
    {
      "srcTextID": "101345",
      "srcText": "갑자기 민호는 엄마를 향해 이렇게 외쳤어요. \"나 오늘 엄마 껴안고 잘 거야!\" 그러자 누나도 따라 외쳤어요. \"나도! 나도!\" 엄마가 다시 호호호 웃음을 터뜨렸어요. 그 순간 민호는 비록 아빠는 없지만, 그래도 엄마와 함께 사는 자기 가족이 정말 행복하다고 생각했어요.",
      "srcPage": 46,
      "srcSentenceEA": 6,
      "srcWordEA": 42,
      "character": "민호,엄마,나,누나,아빠,가족",
      "setting": "오늘",
      "action": "외쳤어요,껴안고,잘 거야,웃음을 터뜨렸어요",
      "feeling": "행복하다고 생각했어요",
      "causalRelationship": null,
      "outcomeResolution": null,
      "prediction": null,
      "plotSummaryInfoCount": 1,
      "plotSummaryInfo": {
        "classification": "신체운동_건강",
        "readAge": "초등_고학년",
        "form": "long-form",
        "plotSummaryText": "민호는 엄마 껴안고 잘 거라고 하자 누나도 따라 외쳤고 엄마가 웃음을 터뜨리는 그 순간 민호는 비록 아빠는 없지만, 그래도 엄마와 함께 사는 자기 가족이 정말 행복하다고 생각했다.",
        "textWordEA": 27
      }
    },
    {
      "srcTextID": "101348",
      "srcText": "가화만사성 집이 화목하면 모든 일이 잘 이루어진다는 뜻이에요. 가족이 화목하면 하는 일도 잘되고 하루하루 행복하게 살 수 있다는 말이지요. 가화만사성이란 집안이 화목하면 모든 일이 잘된다는 뜻입니다.",
      "srcPage": 47,
      "srcSentenceEA": 3,
      "srcWordEA": 28,
      "character": "집,가족",
      "setting": null,
      "action": "이루어진다,살",
      "feeling": null,
      "causalRelationship": null,
      "outcomeResolution": null,
      "prediction": null,
      "plotSummaryInfoCount": 1,
      "plotSummaryInfo": {
        "classification": "신체운동_건강",
        "readAge": "초등_고학년",
        "form": "short-form",
        "plotSummaryText": "가화만사성은 집이 화목하면 모든 일이 잘 이루어진다는 뜻으로 가족이 화목하면 하는 일도 잘되고 하루하루 행복하게 살 수 있다는 말이다.",
        "textWordEA": 19
      }
    },
    {
      "srcTextID": "101318",
      "srcText": "\"얼른 가세요, 엄마.\" 민호가 말하자 엄마가 방긋 웃었어요. \"그러잖아도 바빠서 바로 가야 해. 우리 아들 파이팅.\"",
      "srcPage": 18,
      "srcSentenceEA": 4,
      "srcWordEA": 18,
      "character": "엄마,민호,우리 아들",
      "setting": null,
      "action": "말하자,웃었어요",
      "feeling": null,
      "causalRelationship": null,
      "outcomeResolution": null,
      "prediction": null,
      "plotSummaryInfoCount": 1,
      "plotSummaryInfo": {
        "classification": "신체운동_건강",
        "readAge": "초등_고학년",
        "form": "long-form",
        "plotSummaryText": "엄마한테 얼른 가라고 민호가 말하자 엄마가 방긋 웃으며 그러잖아도 바빠서 바로 가야 한다고 했다.",
        "textWordEA": 14
      }
    },
    {
      "srcTextID": "101319",
      "srcText": "그 광경을 짝꿍 종수가 물끄러미 바라보고 있었어요. 엄마는 곧바로 교실 밖으로 나갔어요. 민호는 엄마가 운동장을 가로질러 교문 밖으로 사라지는 모습을 안 보는 척하면서 다 보았어요.",
      "srcPage": 19,
      "srcSentenceEA": 3,
      "srcWordEA": 27,
      "character": "짝꿍,종수,엄마,교문,민호",
      "setting": "교실,운동장",
      "action": "바라보고,나갔어요,가로질러,안 보는 척하면서,보았어요",
      "feeling": null,
      "causalRelationship": null,
      "outcomeResolution": null,
      "prediction": null,
      "plotSummaryInfoCount": 1,
      "plotSummaryInfo": {
        "classification": "신체운동_건강",
        "readAge": "초등_고학년",
        "form": "short-form",
        "plotSummaryText": "그 광경을 종수가 바라보고 있었고 민호는 엄마가 운동장을 가로질러 교문 밖으로 사라지는 모습을 안 보는 척하면서 다 보았다.",
        "textWordEA": 18
      }
    },
    {
      "srcTextID": "101320",
      "srcText": "민호는 화장실로 가서 손과 볼을 박박 씻었어요. 어디선가 은은히 생선 비린내가 나는 것 같았어요. \"칫, 다른 엄마들은 예쁜 옷을 입고 왔는데.\" 민호는 손을 씻으며 그렇게 중얼거렸어요.",
      "srcPage": 20,
      "srcSentenceEA": 4,
      "srcWordEA": 28,
      "character": "민호,손,볼,생선,엄마들,옷",
      "setting": "화장실",
      "action": "가서,씻었어요,입고,왔는데,씻으며,중얼거렸어요",
      "feeling": null,
      "causalRelationship": null,
      "outcomeResolution": null,
      "prediction": null,
      "plotSummaryInfoCount": 1,
      "plotSummaryInfo": {
        "classification": "신체운동_건강",
        "readAge": "초등_고학년",
        "form": "long-form",
        "plotSummaryText": "민호는 생선 비린내가 나는 것 같아서 화장실로 가서 손과 볼을 씻으며 다른 엄마들은 예쁜 옷을 입고 왔는데라고 중얼거렸다.",
        "textWordEA": 18
      }
    },
    {
      "srcTextID": "101328",
      "srcText": "목사님 손에는 예쁜 꽃이 몇 송이 들려 있었어요. 민호는 민희 누나와 함께 그 교회에 다니기 때문에 목사님을 잘 알고 있었어요. 민호는 목사님께 인사를 드리고 무언가 부탁을 했어요. 민호는 슈퍼에 들러 팩에 든 초코 우유를 하나 샀어요.",
      "srcPage": 30,
      "srcSentenceEA": 4,
      "srcWordEA": 39,
      "character": "목사,손,꽃,민호,민희 누나,교회,슈퍼,팩,초코 우유",
      "setting": null,
      "action": "다니기,인사를 드리고,부탁을 했어요,들러,샀어요",
      "feeling": null,
      "causalRelationship": null,
      "outcomeResolution": null,
      "prediction": null,
      "plotSummaryInfoCount": 1,
      "plotSummaryInfo": {
        "classification": "신체운동_건강",
        "readAge": "초등_고학년",
        "form": "long-form",
        "plotSummaryText": "목사님 손에는 예쁜 꽃이 몇 송이 들려 있었고 민호는 그 교회에 다니기 때문에 목사님을 잘 알고 있어서 목사님께 인사를 드리고 무언가 부탁을 하고선 초코 우유를 하나 샀다.",
        "textWordEA": 27
      }
    },
    {
      "srcTextID": "101336",
      "srcText": "가게에서 돌아온 엄마가 식탁에 놓인 것을 보았어요. \"이게 뭐야?\" 엄마는 편지를 펼쳐 읽었어요. 엄마, 이틀이나 지났지만 생일 축하해요!",
      "srcPage": 34,
      "srcSentenceEA": 4,
      "srcWordEA": 20,
      "character": "가게,엄마,식탁,편지",
      "setting": null,
      "action": "돌아온,보았어요,펼쳐,읽었어요",
      "feeling": null,
      "causalRelationship": null,
      "outcomeResolution": null,
      "prediction": null,
      "plotSummaryInfoCount": 1,
      "plotSummaryInfo": {
        "classification": "신체운동_건강",
        "readAge": "초등_고학년",
        "form": "long-form",
        "plotSummaryText": "가게에서 돌아온 엄마가 식탁에 놓인 것을 보고 엄마는 편지를 읽었는데 이틀이나 지났지만 생일 축하한다고 쓰여 있었다.",
        "textWordEA": 16
      }
    },
    {
      "srcTextID": "101343",
      "srcText": "민호도 누나를 따라 히히히 웃었어요. 날마다 생선 비린내가 난다고 투덜거리지만 누나도 엄마를 사랑하는 게 분명했어요. \"엄마 나오시기 전에 준비하자.\" 누나가 케이크를 식탁 위에 꺼내 놓고 촛불에 불을 켰어요.",
      "srcPage": 42,
      "srcSentenceEA": 4,
      "srcWordEA": 30,
      "character": "민호,누나,생선,엄마,케이크,식탁,촛불",
      "setting": null,
      "action": "웃었어요,투덜거리지만,꺼내 놓고,불을 켰어요",
      "feeling": "사랑하는",
      "causalRelationship": null,
      "outcomeResolution": null,
      "prediction": null,
      "plotSummaryInfoCount": 1,
      "plotSummaryInfo": {
        "classification": "신체운동_건강",
        "readAge": "초등_고학년",
        "form": "long-form",
        "plotSummaryText": "생선 비린내가 난다고 투덜거리지만, 누나도 엄마를 사랑하는 게 분명했고 누나가 케이크를 식탁 위에 꺼내 놓고 촛불에 불을 켰다.",
        "textWordEA": 18
      }
    },
    {
      "srcTextID": "101350",
      "srcText": "집이 화목하면 모든 일이 잘 이루어진다는 뜻이에요. 가족이 서로 화목하면 웃음이 끊이지 않고 날마다 즐거워요. 마음에 근심이 없으니 하는 일도 잘되고, 모든 일에 긍정적인 마음이 돼요.",
      "srcPage": 48,
      "srcSentenceEA": 3,
      "srcWordEA": 28,
      "character": "집,가족",
      "setting": null,
      "action": "웃음이 끊이지 않고",
      "feeling": "즐거워요,긍정적인 마음",
      "causalRelationship": null,
      "outcomeResolution": null,
      "prediction": null,
      "plotSummaryInfoCount": 1,
      "plotSummaryInfo": {
        "classification": "신체운동_건강",
        "readAge": "초등_고학년",
        "form": "short-form",
        "plotSummaryText": "가족이 화목하면 웃음이 끊이지 않고 날마다 즐겁고 마음에 근심이 없으니 하는 일도 잘되고, 모든 일에 긍정적인 마음이 된다.",
        "textWordEA": 18
      }
    },
    {
      "srcTextID": "101312",
      "srcText": "그리고 솔직히 엄마가 오는 게 더 좋은지, 안 오는 게 더 좋은지도 생각해 보았어요. 학교 교문 앞에 도착했을 때 민호는 비로소 자기 마음을 분명히 알았어요. 민호는 입속말로 이렇게 중얼거렸는데 그건 자신에게도 조금 놀라운 말이었어요.",
      "srcPage": 11,
      "srcSentenceEA": 3,
      "srcWordEA": 36,
      "character": "엄마,민호,자기",
      "setting": "학교 교문 앞",
      "action": "도착했을,중얼거렸는데",
      "feeling": "놀라운",
      "causalRelationship": null,
      "outcomeResolution": null,
      "prediction": null,
      "plotSummaryInfoCount": 1,
      "plotSummaryInfo": {
        "classification": "신체운동_건강",
        "readAge": "초등_고학년",
        "form": "short-form",
        "plotSummaryText": "엄마가 오는 게 더 좋은지, 안 오는 게 더 좋은지도 생각해 보며 학교 교문 앞에 도착해서 민호는 입속말로 중얼거렸는데 그건 자신에게도 조금 놀라운 말이었다.",
        "textWordEA": 24
      }
    },
    {
      "srcTextID": "101342",
      "srcText": "누나가 히히 웃으며 말했어요. \"예수교회 목사님이 말해 줬어. 네가 엄마 생일 선물로 드린다고 목사님한테 장미꽃 얻어 갔다며? 그래도 내가 누나인데 동생한테 질 수는 없잖아.\"",
      "srcPage": 40,
      "srcSentenceEA": 4,
      "srcWordEA": 26,
      "character": "누나,예수교회,목사님,네,엄마,생일 선물,장미꽃,내,동생",
      "setting": null,
      "action": "웃으며,말했어요,말해,드린다고,얻어 갔다며",
      "feeling": null,
      "causalRelationship": null,
      "outcomeResolution": null,
      "prediction": null,
      "plotSummaryInfoCount": 1,
      "plotSummaryInfo": {
        "classification": "신체운동_건강",
        "readAge": "초등_고학년",
        "form": "long-form",
        "plotSummaryText": "누나가 웃으며 교회 목사님이 네가 엄마 생일 선물로 드린다고 목사님한테 장미꽃 얻어 갔다고 해서 동생한테 질 수는 없어서 사 왔다고 말했다.",
        "textWordEA": 21
      }
    },
    {
      "srcTextID": "101349",
      "srcText": "서로 양보하고 조금만 이해하면 될 것을 자기만 옳다고 주장하고, 화를 내며 목소리를 높여 결국 싸움이 일어나지요. 가족은 날마다 얼굴을 보고 살아요. 그래서 서로 미워하게 되면 참으로 마음이 불편해요. 그러므로 작은 일이라도 가족에게 친절하고 배려하는 마음을 가지도록 노력해 보세요. 가족이 행복해야 나도 행복해지고, 나아가 나의 미래도 행복해진다는 걸 절대 잊지 마세요.",
      "srcPage": 50,
      "srcSentenceEA": 5,
      "srcWordEA": 54,
      "character": "자기,가족,얼굴,나",
      "setting": null,
      "action": "양보하고,이해하면,주장하고,보고,살아요,노력해",
      "feeling": "화를 내며,마음이 불편해요",
      "causalRelationship": null,
      "outcomeResolution": null,
      "prediction": null,
      "plotSummaryInfoCount": 1,
      "plotSummaryInfo": {
        "classification": "신체운동_건강",
        "readAge": "초등_고학년",
        "form": "long-form",
        "plotSummaryText": "서로 양보하고 조금만 이해하면 될 것을 자기만 옳다고 주장하고 화를 내며 목소리를 높이면 결국 싸움이 일어나고, 작은 일이라도 가족에게 친절하고 배려하는 마음을 가지도록 노력하면 나아가 나의 미래도 행복해진다는 걸 절대 잊지 말아야 한다.",
        "textWordEA": 33
      }
    },
    {
      "srcTextID": "101311",
      "srcText": "'엄마가 안 왔으면 좋겠어.' 민호는 엄마한테 조금 미안했지만 분명히 그렇게 생각했어요. 작년 1학년 때만 해도 그런 생각을 하지 않았는데 민호도 이제 민희 누나처럼 변하나 봐요.",
      "srcPage": 12,
      "srcSentenceEA": 3,
      "srcWordEA": 27,
      "character": "엄마,민호,민희 누나",
      "setting": "작년 1학년 때",
      "action": null,
      "feeling": "좋겠어,미안했지만",
      "causalRelationship": null,
      "outcomeResolution": null,
      "prediction": null,
      "plotSummaryInfoCount": 1,
      "plotSummaryInfo": {
        "classification": "신체운동_건강",
        "readAge": "초등_고학년",
        "form": "short-form",
        "plotSummaryText": "민호는 엄마한테 조금 미안했지만, 엄마가 안 왔으면 좋겠다고 생각했고 작년 1학년 때만 해도 그런 생각을 하지 않았는데 민호도 이제 민희 누나처럼 변하나 봅니다.",
        "textWordEA": 23
      }
    },
    {
      "srcTextID": "101317",
      "srcText": "참관 수업은 2교시예요. 1교시가 끝나자 학부모님들이 교실로 들어와 교실 뒤쪽에 자리를 잡기 시작했어요. 민호는 힐끔거리며 엄마가 왔는지 찾아보았어요.",
      "srcPage": 13,
      "srcSentenceEA": 3,
      "srcWordEA": 20,
      "character": "학부모님들,민호,엄마",
      "setting": "교실,교실 뒤쪽",
      "action": "들어와,자리를 잡기,힐끔거리며,찾아보았어요",
      "feeling": null,
      "causalRelationship": null,
      "outcomeResolution": null,
      "prediction": null,
      "plotSummaryInfoCount": 1,
      "plotSummaryInfo": {
        "classification": "신체운동_건강",
        "readAge": "초등_고학년",
        "form": "short-form",
        "plotSummaryText": "1교시가 끝나고 학부모님들이 교실 뒤쪽에 자리를 잡기 시작하자 민호는 힐끔거리며 엄마가 왔는지 찾아보았다.",
        "textWordEA": 13
      }
    },
    {
      "srcTextID": "101330",
      "srcText": "엄마는 구석 자리에 앉아 꾸벅꾸벅 졸고 있었어요. 예수교회 담장을 따라 집으로 가는데 누군가 담장에 핀 꽃을 어루만지고 있었어요. 가만 보니 목사님이었어요.",
      "srcPage": 29,
      "srcSentenceEA": 3,
      "srcWordEA": 23,
      "character": "엄마,꽃,목사,예수교회 담장",
      "setting": "구석 자리,집",
      "action": "앉아,졸고,가는데,어루만지고",
      "feeling": null,
      "causalRelationship": null,
      "outcomeResolution": null,
      "prediction": null,
      "plotSummaryInfoCount": 1,
      "plotSummaryInfo": {
        "classification": "신체운동_건강",
        "readAge": "초등_고학년",
        "form": "short-form",
        "plotSummaryText": "엄마는 구석 자리에 앉아 꾸벅꾸벅 졸고 있었고 교회 담장을 따라 집으로 가는데 목사님이 담장에 핀 꽃을 어루만지고 있었다.",
        "textWordEA": 18
      }
    },
    {
      "srcTextID": "101322",
      "srcText": "\"우리 아빠와 엄마는 이혼해서 지금 어디 사시는지도 몰라. 지난 삼 년 동안 한 번도 찾아오지 않았어.\" 늘 명랑해서 전혀 눈치를 채지 못했는데 종수에게도 그런 말 못 할 슬픔이 있었나 봐요.",
      "srcPage": 25,
      "srcSentenceEA": 3,
      "srcWordEA": 32,
      "character": "아빠,엄마,종수",
      "setting": "지난 삼 년 동안",
      "action": "이혼해서,찾아오지",
      "feeling": "슬픔이 있었나 봐요",
      "causalRelationship": null,
      "outcomeResolution": null,
      "prediction": null,
      "plotSummaryInfoCount": 1,
      "plotSummaryInfo": {
        "classification": "신체운동_건강",
        "readAge": "초등_고학년",
        "form": "short-form",
        "plotSummaryText": "늘 명랑해서 전혀 눈치를 채지 못했는데 종수에게도 아빠와 엄마는 이혼해서 지난 삼 년 동안 한 번도 찾아오지 않았다는 말 못 할 슬픔이 있었나 보다.",
        "textWordEA": 24
      }
    },
    {
      "srcTextID": "101331",
      "srcText": "종수가 민호에게 다시 말했어요. \"넌 그래도 행복하겠다.\" 민호가 손을 내저으며 아니라고 했어요.",
      "srcPage": 26,
      "srcSentenceEA": 3,
      "srcWordEA": 13,
      "character": "종수,민호,넌,손",
      "setting": null,
      "action": "말했어요,내저으며,아니라고 했어요",
      "feeling": null,
      "causalRelationship": null,
      "outcomeResolution": null,
      "prediction": null,
      "plotSummaryInfoCount": 1,
      "plotSummaryInfo": {
        "classification": "신체운동_건강",
        "readAge": "초등_고학년",
        "form": "short-form",
        "plotSummaryText": "종수가 민호에게 넌 그래도 행복하겠다고 말하니 민호가 손을 내저으며 아니라고 했다.",
        "textWordEA": 11
      }
    },
    {
      "srcTextID": "101340",
      "srcText": "\"돈이 어디서 났어?\" \"용돈 모아 둔 거로 샀지 뭐. 그래서 제일 작은 거로 샀어.\"",
      "srcPage": 41,
      "srcSentenceEA": 3,
      "srcWordEA": 15,
      "character": "돈,용돈",
      "setting": null,
      "action": "모아 둔,샀어,샀지",
      "feeling": null,
      "causalRelationship": null,
      "outcomeResolution": null,
      "prediction": null,
      "plotSummaryInfoCount": 1,
      "plotSummaryInfo": {
        "classification": "신체운동_건강",
        "readAge": "초등_고학년",
        "form": "short-form",
        "plotSummaryText": "돈이 어디서 났냐고 하니 모아 둔 용돈으로 제일 작은 거로 샀다고 했다.",
        "textWordEA": 12
      }
    }
  ]
}