{
  "title": "외계인이 온다, 지구를 구하라",
  "author": "신현승",
  "illustrator": "한국출판일러스트회",
  "isbn": "9791157024599",
  "publishedYear": 2015,
  "publisher": "황우",
  "paragraphInfoCount": 44,
  "paragraphInfo": [
    {
      "srcTextID": "102536",
      "srcText": "\"저도 상철이 의견에 찬성이에요.\" 이번에는 진영이가 손을 들었어요. 어디서 주워들었는지 우리의 F15 전투기로 미사일 공격을 퍼부어야 한다고 하더니, 미사일로 안 되면 핵무기라도 써야 한다는 말에 아이들은 '와'하고 탄성을 내뱉었어요.",
      "srcPage": 9,
      "srcSentenceEA": 4,
      "srcWordEA": 32,
      "character": "저,상철이,진영이,손,우리,F15 전투기,미사일,핵무기,아이들",
      "setting": null,
      "action": "들었어요,퍼부어야 한다고,말,탄성을 내뱉었어요",
      "feeling": null,
      "causalRelationship": null,
      "outcomeResolution": null,
      "prediction": null,
      "plotSummaryInfoCount": 1,
      "plotSummaryInfo": {
        "classification": "신체운동_건강",
        "readAge": "초등_고학년",
        "form": "long-form",
        "plotSummaryText": "찬성이라고 진영이가 손을 들었고 F15 전투기로 미사일 공격을 퍼부어야 한다고 하더니, 미사일로 안 되면 핵무기라도 써야 한다는 말에 아이들은 와하고 탄성을 내뱉었다.",
        "textWordEA": 22
      }
    },
    {
      "srcTextID": "102551",
      "srcText": "선생님의 입가에 알 듯 말 듯 미소가 떠올랐어요. 영수는 좀 전에 선생님이 했던 말을 곰곰이 되새겼어요. '틀에 박힌 생각을 깨는 것도 창의적 발상이라고 하셨는데?'",
      "srcPage": 24,
      "srcSentenceEA": 3,
      "srcWordEA": 25,
      "character": "선생님,영수",
      "setting": null,
      "action": "했던 말,되새겼어요",
      "feeling": null,
      "causalRelationship": null,
      "outcomeResolution": null,
      "prediction": null,
      "plotSummaryInfoCount": 1,
      "plotSummaryInfo": {
        "classification": "신체운동_건강",
        "readAge": "초등_고학년",
        "form": "short-form",
        "plotSummaryText": "영수는 좀 전에 선생님이 했던 틀에 박힌 생각을 깨는 것도 창의적 발상이라는 말을 곰곰이 되새겼다.",
        "textWordEA": 15
      }
    },
    {
      "srcTextID": "102531",
      "srcText": "\"물론 외계인이 먼저 공격하지 않는다면 우리도 싸우면 안 되죠. 그런데 상황이 어떻게 될지 모르잖아요. 가만히 있다가 앉아서 당하기 전에 잽싸게 먼저 공격을 해야죠.\" 상철이 말에 몇몇 아이들이 고개를 끄덕였어요.",
      "srcPage": 8,
      "srcSentenceEA": 4,
      "srcWordEA": 32,
      "character": "외계인,우리,상철이,아이들,고개",
      "setting": null,
      "action": "말,끄덕였어요,앉아서",
      "feeling": null,
      "causalRelationship": null,
      "outcomeResolution": null,
      "prediction": null,
      "plotSummaryInfoCount": 1,
      "plotSummaryInfo": {
        "classification": "신체운동_건강",
        "readAge": "초등_고학년",
        "form": "long-form",
        "plotSummaryText": "외계인이 먼저 공격하지 않는다면 우리도 싸우면 안 되지만 상황이 어떻게 될지 앉아서 당하기 전에 잽싸게 먼저 공격해야 한다는 상철이 말에 몇몇 아이들이 고개를 끄덕였다.",
        "textWordEA": 24
      }
    },
    {
      "srcTextID": "102540",
      "srcText": "\"지금은 회의 시간이야. 흥분하지 말고 차근차근 말해.\" 선생님의 엄한 표정에 영수는 숨을 크게 들이쉬고 침착하게 말을 이었어요. \"그건 어디까지나 우리 지구인이 만든 영화고, 지금껏 외계인 침공은 실제로 일어난 적이 한 번도 없었어요. 그런데 어떻게 외계인이 우릴 공격할 거라 믿는 거죠?\"",
      "srcPage": 15,
      "srcSentenceEA": 5,
      "srcWordEA": 43,
      "character": "선생님,영수,지구인,외계인",
      "setting": "회의 시간",
      "action": "들이쉬고,말,만든,침공,공격할,엄한 표정",
      "feeling": null,
      "causalRelationship": null,
      "outcomeResolution": null,
      "prediction": null,
      "plotSummaryInfoCount": 1,
      "plotSummaryInfo": {
        "classification": "신체운동_건강",
        "readAge": "초등_고학년",
        "form": "long-form",
        "plotSummaryText": "선생님의 엄한 표정에 영수는 숨을 크게 들이쉬고 침착하게 그건 어디까지나 영화고, 외계인 침공은 실제로 일어난 적이 한 번도 없었는데 어떻게 외계인이 우릴 공격할 거라 믿냐고 말했다.",
        "textWordEA": 26
      }
    },
    {
      "srcTextID": "102553",
      "srcText": "\"우리나라에 접근 중인 외계인으로부터 메시지가 왔다. 우리와 대화를 원한다는 메시지야. 그런데 조건이 있어.\"",
      "srcPage": 27,
      "srcSentenceEA": 3,
      "srcWordEA": 15,
      "character": "외계인,우리",
      "setting": "우리나라",
      "action": "접근,대화를 원한다는",
      "feeling": null,
      "causalRelationship": null,
      "outcomeResolution": null,
      "prediction": "그런데 조건이 있어.",
      "plotSummaryInfoCount": 1,
      "plotSummaryInfo": {
        "classification": "신체운동_건강",
        "readAge": "초등_고학년",
        "form": "short-form",
        "plotSummaryText": "우리나라에 접근 중인 외계인으로부터 대화를 원한다는 메시지가 왔는데 조건이 있다고 했다.",
        "textWordEA": 11
      }
    },
    {
      "srcTextID": "102552",
      "srcText": "\"다른 한 명은 왜 가야 하는데요?\" 선생님은 영수의 질문에 외계인의 방식대로 대화하기 위해서라고 했어요. 그들은 눈빛만으로도 속마음을 알아낼 수 있기 때문에 거짓을 말하면 즉시 지구를 공격할 거라는 설명이었어요.",
      "srcPage": 29,
      "srcSentenceEA": 3,
      "srcWordEA": 30,
      "character": "한 명,선생님,영수,외계인,그들",
      "setting": "지구",
      "action": "질문,말하면,설명이었어요",
      "feeling": null,
      "causalRelationship": null,
      "outcomeResolution": null,
      "prediction": null,
      "plotSummaryInfoCount": 1,
      "plotSummaryInfo": {
        "classification": "신체운동_건강",
        "readAge": "초등_고학년",
        "form": "short-form",
        "plotSummaryText": "선생님은 다른 한 명은 왜 가냐는 영수의 질문에 외계인의 방식대로 대화하기 위해서이고 거짓을 말하면 즉시 지구를 공격할 거라고 설명이었다.",
        "textWordEA": 19
      }
    },
    {
      "srcTextID": "102528",
      "srcText": "교실 문을 열고 들어온 선생님의 첫마디에 아이들은 황당한 표정을 지었어요. \"다들 주목!\" 선생님이 칠판을 탕탕 두드린 다음 말을 이었어요.",
      "srcPage": 3,
      "srcSentenceEA": 3,
      "srcWordEA": 20,
      "character": "교실 문,선생님,아이들,칠판",
      "setting": null,
      "action": "열고,들어온,두드린,말을 이었어요,황당한 표정을 지었어요",
      "feeling": null,
      "causalRelationship": null,
      "outcomeResolution": null,
      "prediction": null,
      "plotSummaryInfoCount": 1,
      "plotSummaryInfo": {
        "classification": "신체운동_건강",
        "readAge": "초등_고학년",
        "form": "short-form",
        "plotSummaryText": "교실로 들어온 선생님의 첫마디에 아이들은 황당한 표정을 짓자, 다들 주목하면서 선생님이 칠판을 두드린 다음 말을 이었다.",
        "textWordEA": 16
      }
    },
    {
      "srcTextID": "102527",
      "srcText": "\"외계인이 서울에 도착하기까지 정확히 24시간 남았다. 그렇다면 우린 그들을 먼저 공격해야 하나, 말아야 하나? 아니면 무슨 다른 방법이 있나? 이게 오늘의 과제다.\" 선생님은 각자 진지하게 생각해 보고 의견을 말해 보라고 했어요.",
      "srcPage": 4,
      "srcSentenceEA": 5,
      "srcWordEA": 35,
      "character": "외계인,우린,그들,선생님",
      "setting": "서울,24시간",
      "action": "도착하기까지,공격해야,생각해,말해 보라고",
      "feeling": null,
      "causalRelationship": null,
      "outcomeResolution": null,
      "prediction": null,
      "plotSummaryInfoCount": 1,
      "plotSummaryInfo": {
        "classification": "신체운동_건강",
        "readAge": "초등_고학년",
        "form": "long-form",
        "plotSummaryText": "오늘의 과제는 외계인이 서울에 도착하기까지 24시간 남았는데 먼저 공격해야 하나, 말아야 하나 아니면 다른 방법이 있는지 생각해 보고 진지하게 의견을 말해 보라고 했다.",
        "textWordEA": 23
      }
    },
    {
      "srcTextID": "102533",
      "srcText": "\"자, 누가 먼저 발표할래?\" 선생님 말에 반장 상철이가 용감하게 손을 들었어요. \"무조건 먼저 공격해야 합니다.\"",
      "srcPage": 5,
      "srcSentenceEA": 3,
      "srcWordEA": 16,
      "character": "선생님,반장,상철이,손",
      "setting": null,
      "action": "말,들었어요",
      "feeling": null,
      "causalRelationship": null,
      "outcomeResolution": null,
      "prediction": "무조건 먼저 공격해야 합니다.",
      "plotSummaryInfoCount": 1,
      "plotSummaryInfo": {
        "classification": "신체운동_건강",
        "readAge": "초등_고학년",
        "form": "short-form",
        "plotSummaryText": "누가 먼저 발표할 거냐고 선생님 묻자, 반장 상철이가 용감하게 손을 들고 무조건 먼저 공격해야 한다고 했다.",
        "textWordEA": 16
      }
    },
    {
      "srcTextID": "102534",
      "srcText": "\"혹시 그들이 공격을 안 할지도 모르는데, 꼭 그래야 할까?\" 영수도 선생님과 같은 생각이었어요. 하지만 일단 상철이 말을 들어 보기로 했어요.",
      "srcPage": 7,
      "srcSentenceEA": 3,
      "srcWordEA": 22,
      "character": "그들,영수,선생님,상철이",
      "setting": null,
      "action": "공격,말을 들어",
      "feeling": null,
      "causalRelationship": null,
      "outcomeResolution": null,
      "prediction": "하지만 일단 상철이 말을 들어 보기로 했어요.",
      "plotSummaryInfoCount": 1,
      "plotSummaryInfo": {
        "classification": "신체운동_건강",
        "readAge": "초등_고학년",
        "form": "short-form",
        "plotSummaryText": "그들이 공격을 안 할지도 모르는데, 꼭 그래야 하는지 영수도 선생님과 같은 생각이었지만, 상철이 말을 들어 보기로 했다.",
        "textWordEA": 17
      }
    },
    {
      "srcTextID": "102563",
      "srcText": "\"이유는?\" 홍당무가 된 영수에게 선생님은 진지하게 물었어요. \"동물이나 사람이나 세상 모든 아기들은 정말 사랑스러워요. 외계인도 그렇게 생각하지 않을까요?\"",
      "srcPage": 39,
      "srcSentenceEA": 3,
      "srcWordEA": 20,
      "character": "홍당무,영수,선생님,동물,사람,아기들,외계인",
      "setting": null,
      "action": "물었어요,생각하지",
      "feeling": null,
      "causalRelationship": null,
      "outcomeResolution": null,
      "prediction": "외계인도 그렇게 생각하지 않을까요?",
      "plotSummaryInfoCount": 1,
      "plotSummaryInfo": {
        "classification": "신체운동_건강",
        "readAge": "초등_고학년",
        "form": "short-form",
        "plotSummaryText": "홍당무가 된 영수에게 선생님은 진지하게 묻자, 동물이나 사람이나 세상 모든 아기들은 정말 사랑스럽고 외계인도 그렇게 생각하지 않겠냐고 말했다.",
        "textWordEA": 18
      }
    },
    {
      "srcTextID": "102567",
      "srcText": "'약팽소선'에서 말하는 요리사는 어떤 단체의 책임자일 수도 있고 중요한 일을 앞두고 있는 사람일 수도 있어요. 만일 단체의 책임자라면 아랫사람들을 너무 들볶거나 재촉하지 않아야 다 같이 힘을 합쳐서 하는 일이 잘 돌아갈 것이고, 중요한 일을 앞두고 있는 사람이라면 너무 잘하려고 서두르지 말고 차분하게 일을 처리해야 실수가 없다는 뜻이에요. 비슷한 뜻을 가진 우리 속담으로 '빈 수레가 요란하다'는 말도 기억하세요.",
      "srcPage": 44,
      "srcSentenceEA": 5,
      "srcWordEA": 61,
      "character": "요리사,책임자,사람,아랫사람들,빈 수레",
      "setting": null,
      "action": "들볶거나,재촉하지,처리해야,서두르지 말고",
      "feeling": null,
      "causalRelationship": null,
      "outcomeResolution": null,
      "prediction": null,
      "plotSummaryInfoCount": 1,
      "plotSummaryInfo": {
        "classification": "신체운동_건강",
        "readAge": "초등_고학년",
        "form": "long-form",
        "plotSummaryText": "단체의 책임자라면 아랫사람들을 너무 들볶거나 재촉하지 않아야 다 같이 힘을 합쳐서 하는 일이 잘 돌아갈 것이고, 중요한 일을 앞둔 사람이라면 너무 잘하려고 서두르지 말고 차분하게 일을 처리해야 실수가 없다는 뜻이며, 비슷한 속담으로는 빈 수레가 요란하다는 말도 기억하세요.",
        "textWordEA": 37
      }
    },
    {
      "srcTextID": "102532",
      "srcText": "\"왜지?\" \"그냥 외계인이 아니라 군대잖아요. 당연히 우리가 먼저 무찔러야죠.\" \"군대라고 해서 무조건 우릴 공격할까?\" 선생님이 다시 상철이에게 물었어요.",
      "srcPage": 6,
      "srcSentenceEA": 4,
      "srcWordEA": 20,
      "character": "외계인,군대,우리,선생님,상철이",
      "setting": null,
      "action": "물었어요,무찔러야죠,공격할까",
      "feeling": null,
      "causalRelationship": null,
      "outcomeResolution": null,
      "prediction": null,
      "plotSummaryInfoCount": 1,
      "plotSummaryInfo": {
        "classification": "신체운동_건강",
        "readAge": "초등_고학년",
        "form": "long-form",
        "plotSummaryText": "군대니까 당연히 우리가 먼저 무찔러야 한다고 하자, 선생님이 상철이에게 군대라고 해서 무조건 우릴 공격하는지 물었다.",
        "textWordEA": 15
      }
    },
    {
      "srcTextID": "102548",
      "srcText": "\"네!\" 아이들이 입을 모아 대답했어요. \"그런데 외계인은 이미 지구를 향해 오고 있고, 우린 싸우지 않고 그들이 온 목적을 알아내야 해. 그렇다면 누가 그 임무를 맡아야 할까?\"",
      "srcPage": 23,
      "srcSentenceEA": 3,
      "srcWordEA": 28,
      "character": "아이들,외계인,지구,우린,그들",
      "setting": null,
      "action": "대답했어요,향해 오고",
      "feeling": null,
      "causalRelationship": null,
      "outcomeResolution": null,
      "prediction": "그렇다면 누가 그 임무를 맡아야 할까?",
      "plotSummaryInfoCount": 1,
      "plotSummaryInfo": {
        "classification": "신체운동_건강",
        "readAge": "초등_고학년",
        "form": "short-form",
        "plotSummaryText": "그런데 외계인은 이미 지구를 향해 오고 있고, 우린 싸우지 않고 그들이 온 목적을 알아내야 하는데, 누가 그 임무를 맡아야 하냐고 물었다.",
        "textWordEA": 21
      }
    },
    {
      "srcTextID": "102535",
      "srcText": "\"선생님, 저는 두 사람 의견에 반대합니다!\" 영수가 손을 높이 들고 큰 소리로 말했어요. \"쟤, 뭐야?\" 상철이와 진영이가 아니꼬운 듯 영수를 쳐다보았어요.",
      "srcPage": 10,
      "srcSentenceEA": 4,
      "srcWordEA": 23,
      "character": "선생님,두 사람,영수,손,쟤,상철이,진영이",
      "setting": null,
      "action": "들고,말했어요,쳐다보았어요",
      "feeling": "아니꼬운",
      "causalRelationship": null,
      "outcomeResolution": null,
      "prediction": null,
      "plotSummaryInfoCount": 1,
      "plotSummaryInfo": {
        "classification": "신체운동_건강",
        "readAge": "초등_고학년",
        "form": "long-form",
        "plotSummaryText": "저는 두 사람 의견에 반대한다고 영수가 손을 들고 큰 소리로 말하자, 상철이와 진영이가 아니꼬운 듯 영수를 쳐다보았다.",
        "textWordEA": 17
      }
    },
    {
      "srcTextID": "102537",
      "srcText": "선생님은 어서 말해 보라는 뜻으로 고개를 끄덕였어요. \"먼저 공격하는 건 평화를 깨는 행동이에요. 그랬다간 우리가 더 큰 피해를 입을지도 몰라요. 처음부터 외계인은 우릴 공격할 마음이 없는데, 괜히 먼저 건드렸다가는 화가 난 외계인들이 지구를 온통 불바다로 만들지도 몰라요.\" 영수는 흥분하지 않고 자신의 생각을 또박또박 말했어요.",
      "srcPage": 11,
      "srcSentenceEA": 5,
      "srcWordEA": 47,
      "character": "선생님,고개,우리,외계인,지구,영수",
      "setting": null,
      "action": "끄덕였어요,말했어요,화가 난",
      "feeling": null,
      "causalRelationship": null,
      "outcomeResolution": null,
      "prediction": null,
      "plotSummaryInfoCount": 1,
      "plotSummaryInfo": {
        "classification": "신체운동_건강",
        "readAge": "초등_고학년",
        "form": "long-form",
        "plotSummaryText": "영수는 먼저 공격하는 건 평화를 깨는 행동이라며 괜히 먼저 건드렸다가는 화가 난 외계인들이 지구를 온통 불바다로 만들지도 모른다고 자기 생각을 말했다.",
        "textWordEA": 21
      }
    },
    {
      "srcTextID": "102539",
      "srcText": "\"뭐가 다르지?\" 선생님이 흥미로운 듯 영수에게 물었어요. \"외계인이 싸움을 싫어할 수도 있잖아요.\"",
      "srcPage": 13,
      "srcSentenceEA": 3,
      "srcWordEA": 13,
      "character": "선생님,영수,외계인",
      "setting": null,
      "action": "물었어요",
      "feeling": "흥미로운",
      "causalRelationship": null,
      "outcomeResolution": null,
      "prediction": "외계인이 싸움을 싫어할 수도 있잖아요.",
      "plotSummaryInfoCount": 1,
      "plotSummaryInfo": {
        "classification": "신체운동_건강",
        "readAge": "초등_고학년",
        "form": "short-form",
        "plotSummaryText": "선생님이 흥미로운 듯 영수에게 뭐가 다르냐고 묻자, 외계인이 싸움을 싫어할 수도 있다고 했다.",
        "textWordEA": 13
      }
    },
    {
      "srcTextID": "102538",
      "srcText": "\"넌 영화도 못 봤냐?\" \"넌 영화만 보냐?\" 상철이가 비웃는 말에 영수도 지지 않고 반격했어요.",
      "srcPage": 14,
      "srcSentenceEA": 3,
      "srcWordEA": 15,
      "character": "넌,상철이,영수",
      "setting": null,
      "action": "비웃는 말에,반격했어요",
      "feeling": null,
      "causalRelationship": null,
      "outcomeResolution": null,
      "prediction": null,
      "plotSummaryInfoCount": 1,
      "plotSummaryInfo": {
        "classification": "신체운동_건강",
        "readAge": "초등_고학년",
        "form": "short-form",
        "plotSummaryText": "상철이가 넌 영화도 못 봤냐는 비웃는 말에, 영수도 지지 않고 넌 영화만 보냐고 반격했다.",
        "textWordEA": 14
      }
    },
    {
      "srcTextID": "102542",
      "srcText": "\"영수는 제일 중요한 걸 놓치고 있어요. 영수 말대로 외계인이 평화를 사랑한다면 군대를 이끌고 오지 말았어야죠.\" \"평화군이라는 것도 있잖아요?\"",
      "srcPage": 16,
      "srcSentenceEA": 3,
      "srcWordEA": 19,
      "character": "영수,외계인,군대,평화군",
      "setting": null,
      "action": "말,이끌고",
      "feeling": null,
      "causalRelationship": null,
      "outcomeResolution": null,
      "prediction": "평화군이라는 것도 있잖아요?",
      "plotSummaryInfoCount": 1,
      "plotSummaryInfo": {
        "classification": "신체운동_건강",
        "readAge": "초등_고학년",
        "form": "short-form",
        "plotSummaryText": "영수 말대로 외계인이 평화를 사랑한다면 군대를 이끌고 오지 말았어야 한다고 말하자, 평화군이라는 것도 있다고 말했다.",
        "textWordEA": 15
      }
    },
    {
      "srcTextID": "102543",
      "srcText": "\"평화를 지키는 군대가 자기네 영토에 있어야지 무엇 때문에 남의 나라에 들어와요?\" \"상철이 말도 맞아요. 그런데 낯선 존재가 나타나면 무조건 공격하려는 사람들이 있기 때문에 그들도 살기 위해서 군대를 데려오는 것 아닐까요?\"",
      "srcPage": 17,
      "srcSentenceEA": 3,
      "srcWordEA": 31,
      "character": "군대,상철이,사람들,그들",
      "setting": "남의 나라",
      "action": "들어와요,데려오는,나타나면",
      "feeling": null,
      "causalRelationship": null,
      "outcomeResolution": null,
      "prediction": null,
      "plotSummaryInfoCount": 1,
      "plotSummaryInfo": {
        "classification": "신체운동_건강",
        "readAge": "초등_고학년",
        "form": "short-form",
        "plotSummaryText": "평화를 지키는 군대가 무엇 때문에 남의 나라에 들어오냐고 말하자, 낯선 존재가 나타나면 무조건 공격하려는 사람들이 있기 때문에 그들도 군대를 데려오는 것 아니냐고 말했다.",
        "textWordEA": 23
      }
    },
    {
      "srcTextID": "102544",
      "srcText": "토론이 길어지면서 반 아이들의 의견은 먼저 공격을 하자는 쪽으로 기울어지고 있었어요. 그러자 이제껏 잠자코 듣고만 있던 선생님이 진지하게 반 전체를 돌아보았어요. \"자, 그럼, 우리가 뭘 준비해야 할까?\" \"미사일이요!\" \"우주선도요!\" 반 아이들이 너도나도 의견을 말하기 시작했어요.",
      "srcPage": 18,
      "srcSentenceEA": 4,
      "srcWordEA": 37,
      "character": "아이들,선생님,우리,미사일,우주선",
      "setting": null,
      "action": "공격,듣고만,돌아보았어요,의견을 말하기",
      "feeling": null,
      "causalRelationship": null,
      "outcomeResolution": null,
      "prediction": null,
      "plotSummaryInfoCount": 1,
      "plotSummaryInfo": {
        "classification": "신체운동_건강",
        "readAge": "초등_고학년",
        "form": "long-form",
        "plotSummaryText": "아이들의 의견은 먼저 공격하자는 쪽으로 기울자 잠자코 듣고만 있던 선생님이 반 전체를 돌아보며 그럼, 우리가 뭘 준비해야 할지 묻자, 아이들이 너도나도 의견을 말하기 시작했다.",
        "textWordEA": 24
      }
    },
    {
      "srcTextID": "102546",
      "srcText": "\"선생님!\" 영수는 불안한 마음으로 다시 손을 들었어요. \"그런데 먼저 공격하지 못하는 또 다른 이유가 있어요. 우선 외계인 군대와 우리 군대를 비교해 봐야 해요. 어쩌면 그들이 우리보다 훨씬 강할지도 몰라요. 하지만 확실한 건 아니죠. 그들은 우리보다 훨씬 더 과학이 발달했을 수도 있지만, 지금껏 증명된 사실은 없으니까요.\"",
      "srcPage": 19,
      "srcSentenceEA": 6,
      "srcWordEA": 50,
      "character": "선생님,영수,외계인 군대,우리 군대,그들,우리",
      "setting": null,
      "action": "손을 들었어요,비교해",
      "feeling": "불안한",
      "causalRelationship": null,
      "outcomeResolution": null,
      "prediction": null,
      "plotSummaryInfoCount": 1,
      "plotSummaryInfo": {
        "classification": "신체운동_건강",
        "readAge": "초등_고학년",
        "form": "long-form",
        "plotSummaryText": "영수가 불안한 마음으로 손을 들고 먼저 공격하지 못하는 또 다른 이유가 있다면서 외계인 군대가 우리보다 훨씬 강할지도 모르지만, 우리보다 과학이 더 발달했을 수도 있고 지금껏 증명된 사실은 없다고 했다.",
        "textWordEA": 29
      }
    },
    {
      "srcTextID": "102545",
      "srcText": "\"그것참 좋은 의견이로구나! 외계인이 무조건 우리보다 강하라는 법은 없지. 틀에 박힌 생각을 깨는 것도 창의적인 발상이란다.\" 선생님은 몹시 흡족한 얼굴로 영수를 바라보았어요.",
      "srcPage": 20,
      "srcSentenceEA": 4,
      "srcWordEA": 25,
      "character": "외계인,우리,선생님,영수",
      "setting": null,
      "action": "몹시 흡족한 얼굴,바라보았어요",
      "feeling": null,
      "causalRelationship": null,
      "outcomeResolution": null,
      "prediction": null,
      "plotSummaryInfoCount": 1,
      "plotSummaryInfo": {
        "classification": "신체운동_건강",
        "readAge": "초등_고학년",
        "form": "long-form",
        "plotSummaryText": "선생님은 틀에 박힌 생각을 깨는 것도 창의적인 발상이라고 좋은 의견이라면서, 몹시 흡족한 얼굴로 영수를 바라보았다.",
        "textWordEA": 15
      }
    },
    {
      "srcTextID": "102547",
      "srcText": "갑작스런 칭찬에 영수는 어깨가 으쓱해졌어요. \"외계인이 더 강한지 아닌지는 어떻게 확인할 수 있을까?\" \"그, 그건.\" 이어지는 질문에 영수는 잠시 말꼬리를 흐렸어요.",
      "srcPage": 21,
      "srcSentenceEA": 4,
      "srcWordEA": 22,
      "character": "영수,외계인",
      "setting": null,
      "action": "칭찬,질문,말꼬리를 흐렸어요,어께가 으쓱해졌어요",
      "feeling": null,
      "causalRelationship": null,
      "outcomeResolution": null,
      "prediction": null,
      "plotSummaryInfoCount": 1,
      "plotSummaryInfo": {
        "classification": "신체운동_건강",
        "readAge": "초등_고학년",
        "form": "long-form",
        "plotSummaryText": "갑작스러운 칭찬에 영수는 어깨가 으쓱해졌고, 외계인이 더 강한지 아닌지는 어떻게 확인할 수 있겠냐는 질문에, 영수는 말꼬리를 흐렸다.",
        "textWordEA": 17
      }
    },
    {
      "srcTextID": "102549",
      "srcText": "\"우리 군대를 보내서 확인하게 해야죠.\" 상철이 말에 선생님은 조용히 고개를 저었어요. \"전쟁은 나중에 생각해도 늦지 않아. 설마 진짜로 전쟁이 일어나는 걸 바라지는 않겠지?\"",
      "srcPage": 22,
      "srcSentenceEA": 4,
      "srcWordEA": 25,
      "character": "우리 군대,상철이,선생님,고개",
      "setting": null,
      "action": "보내서,말,저었어요",
      "feeling": null,
      "causalRelationship": null,
      "outcomeResolution": null,
      "prediction": null,
      "plotSummaryInfoCount": 1,
      "plotSummaryInfo": {
        "classification": "신체운동_건강",
        "readAge": "초등_고학년",
        "form": "long-form",
        "plotSummaryText": "우리 군대를 보내서 확인하게 한다는 상철이 말에, 선생님은 고개를 저으며 전쟁은 나중에 생각해도 늦지 않고, 설마 전쟁이 일어나는 걸 바라냐고 물었다.",
        "textWordEA": 21
      }
    },
    {
      "srcTextID": "102550",
      "srcText": "그렇다면 군대는 아닌 게 분명했어요. 군대를 군대로 맞선다는 건 너무 틀에 박힌 생각이니까요. \"우리가 뽑은 대표를 보내서 대화를 하게 해 보면 어떨까요?\"",
      "srcPage": 25,
      "srcSentenceEA": 3,
      "srcWordEA": 23,
      "character": "군대,우리,대표",
      "setting": null,
      "action": "뽑은,보내서,대화",
      "feeling": null,
      "causalRelationship": null,
      "outcomeResolution": null,
      "prediction": "우리가 뽑은 대표를 보내서 대화를 하게 해 보면 어떨까요?",
      "plotSummaryInfoCount": 1,
      "plotSummaryInfo": {
        "classification": "신체운동_건강",
        "readAge": "초등_고학년",
        "form": "short-form",
        "plotSummaryText": "군대를 군대로 맞선다는 건 너무 틀에 박힌 생각이기에, 우리가 뽑은 대표를 보내서 대화하게 해 보면 어떠냐고 말했다.",
        "textWordEA": 17
      }
    },
    {
      "srcTextID": "102555",
      "srcText": "이번에 영수가 한 말에는 모두가 찬성이었어요. \"좋아. 그럼, 이제부터 결정해야 할 게 있다.\" 선생님은 두 번째 토론 과제를 내렸어요.",
      "srcPage": 26,
      "srcSentenceEA": 3,
      "srcWordEA": 21,
      "character": "영수,모두,선생님",
      "setting": null,
      "action": "결정해야,내렸어요,한 말에는",
      "feeling": null,
      "causalRelationship": null,
      "outcomeResolution": null,
      "prediction": null,
      "plotSummaryInfoCount": 1,
      "plotSummaryInfo": {
        "classification": "신체운동_건강",
        "readAge": "초등_고학년",
        "form": "short-form",
        "plotSummaryText": "이번에 영수가 한 말에는 모두가 찬성했고, 이제부터 결정해야 할 게 있다고 선생님은 두 번째 토론 과제를 내렸다.",
        "textWordEA": 17
      }
    },
    {
      "srcTextID": "102554",
      "srcText": "아이들은 선생님 말씀에 귀를 쫑긋 세웠어요. \"반드시 두 사람만 우주 함대로 오라는 거야. 한 명은 대통령, 또 한 명은 자기들이 가장 아름답다고 인정할 만한 사람을 '평화의 사절'로 보내라는 조건이야. 물론 외계인의 명예를 걸고 무사히 돌아올 수 있도록 해 준다는 약속도 했지.\"",
      "srcPage": 28,
      "srcSentenceEA": 6,
      "srcWordEA": 44,
      "character": "아이들,선생님,귀,두 사람,우주 함대,대통령,자기들,사람,외계인",
      "setting": null,
      "action": "말씀,세웠어요,약속",
      "feeling": "아름답다고",
      "causalRelationship": null,
      "outcomeResolution": null,
      "prediction": null,
      "plotSummaryInfoCount": 1,
      "plotSummaryInfo": {
        "classification": "신체운동_건강",
        "readAge": "초등_고학년",
        "form": "long-form",
        "plotSummaryText": "아이들은 선생님 말씀에 귀를 쫑긋 세우자, 반드시 두 사람만, 한 명은 대통령, 또 한 명은 자기들이 가장 아름답다고 인정할 만한 사람을 평화의 사절로 보내라는 조건으로 물론 무사히 돌아올 수 있도록 해 준다는 약속도 했다고 했다.",
        "textWordEA": 35
      }
    },
    {
      "srcTextID": "102556",
      "srcText": "과연 우리나라에서 가장 아름다운 사람은 누구일까요? 아이들은 대통령과 함께 갈 사람을 누구로 결정할 것인지 토론하다가 다시 의견이 여럿으로 나뉘었어요. \"대한민국에서 가장 아름다운 사람이라면 답은 하나예요. 미스 코리아를 미의 사절단이라고 하잖아요?\" 민수가 말했어요.",
      "srcPage": 30,
      "srcSentenceEA": 5,
      "srcWordEA": 35,
      "character": "사람,아이들,대통령,미스 코리아,민수",
      "setting": "우리나라,대한민국",
      "action": "토론하다가,말했어요",
      "feeling": null,
      "causalRelationship": null,
      "outcomeResolution": null,
      "prediction": null,
      "plotSummaryInfoCount": 1,
      "plotSummaryInfo": {
        "classification": "신체운동_건강",
        "readAge": "초등_고학년",
        "form": "long-form",
        "plotSummaryText": "우리나라에서 가장 아름다운 사람은 누구냐는 질문에, 아이들은 누구로 결정할 것인지 토론하다가 미스 코리아를 미의 사절단으로 하자고 민수가 말했다.",
        "textWordEA": 18
      }
    },
    {
      "srcTextID": "102557",
      "srcText": "남자아이들은 대부분 찬성이었어요. 그런데 이제껏 가만히 있던 미정이가 손을 번쩍 들었어요. \"저는 민수 의견에 반대합니다!\"",
      "srcPage": 31,
      "srcSentenceEA": 3,
      "srcWordEA": 16,
      "character": "남자아이들,미정이,손,저,민수",
      "setting": null,
      "action": "들었어요",
      "feeling": null,
      "causalRelationship": null,
      "outcomeResolution": null,
      "prediction": null,
      "plotSummaryInfoCount": 1,
      "plotSummaryInfo": {
        "classification": "신체운동_건강",
        "readAge": "초등_고학년",
        "form": "short-form",
        "plotSummaryText": "남자아이들은 대부분 찬성이었는데, 미정이가 민수 의견에 반대한다고 손을 들었다.",
        "textWordEA": 9
      }
    },
    {
      "srcTextID": "102530",
      "srcText": "오늘은 창의력 키우기를 위한 별난 과학 시간이에요. 선생님은 또 무슨 재미있는 과제를 내주실까? 영수는 설레는 마음으로 수업이 시작되길 기다렸어요.",
      "srcPage": 1,
      "srcSentenceEA": 3,
      "srcWordEA": 21,
      "character": "선생님,영수",
      "setting": "오늘,과학 시간",
      "action": "기다렸어요,내주실까",
      "feeling": "설레는 마음으로",
      "causalRelationship": null,
      "outcomeResolution": null,
      "prediction": null,
      "plotSummaryInfoCount": 1,
      "plotSummaryInfo": {
        "classification": "신체운동_건강",
        "readAge": "초등_고학년",
        "form": "short-form",
        "plotSummaryText": "오늘은 창의력을 키우기 위한 별난 과학 시간에 선생님이 무슨 재밌는 과제를 내 주실지 영수는 설레는 마음으로 수업을 기다렸다.",
        "textWordEA": 18
      }
    },
    {
      "srcTextID": "102529",
      "srcText": "담임 선생님은 별명이 '아인슈타인 선생님'이에요. 머리가 사진으로 본 아인슈타인처럼 항상 부스스하고 과학에 대한 지식이 아주 풍부하기 때문이에요. \"만일 외계인 군대가 나타난다면 어떻게 해야 할까?\"",
      "srcPage": 2,
      "srcSentenceEA": 4,
      "srcWordEA": 26,
      "character": "담임 선생님,아인슈타인 선생님,머리,사진,아인슈타인,외계인 군대",
      "setting": null,
      "action": "본,나타난다면",
      "feeling": null,
      "causalRelationship": null,
      "outcomeResolution": null,
      "prediction": "만일 외계인 군대가 나타난다면 어떻게 해야 할까?",
      "plotSummaryInfoCount": 1,
      "plotSummaryInfo": {
        "classification": "신체운동_건강",
        "readAge": "초등_고학년",
        "form": "long-form",
        "plotSummaryText": "머리가 아인슈타인처럼 부스스하고 과학에 대한 지식이 풍부하기 때문에 담임 선생님 별명이 아인슈타인인데, 만일 외계인 군대가 나타난다면 어떻게 해야 할지 말했다.",
        "textWordEA": 20
      }
    },
    {
      "srcTextID": "102558",
      "srcText": "선생님은 미정이 말을 들어 보자고 했어요. \"미스 코리아는 우리들이 볼 때나 예쁘겠죠. 외계인은 우리와 다른 세계에 사니까 보는 눈도 다르지 않을까요? 그리고 영화에서 보면 외계인이 죄다 똑같이 생겼잖아요.\" 미정이는 우리가 잘생긴 외계인을 알아보지 못하는 것처럼 그들도 지구에서 누가 미인인지 구분하기 힘들 거라고 했어요.",
      "srcPage": 32,
      "srcSentenceEA": 5,
      "srcWordEA": 46,
      "character": "선생님,미정이,미스 코리아,우리들,외계인,눈,그들,미인",
      "setting": "지구",
      "action": "들어 보자고 했어요,사니까,보면,구분하기 힘들 거라고 했어요",
      "feeling": null,
      "causalRelationship": null,
      "outcomeResolution": null,
      "prediction": null,
      "plotSummaryInfoCount": 1,
      "plotSummaryInfo": {
        "classification": "신체운동_건강",
        "readAge": "초등_고학년",
        "form": "long-form",
        "plotSummaryText": "선생님은 미정이 말을 들어 보자고 하자, 미정이는 우리가 잘생긴 외계인을 알아보지 못하는 것처럼 그들도 지구에서 누가 미인인지 구분하기 힘들 거라고 했다.",
        "textWordEA": 21
      }
    },
    {
      "srcTextID": "103362",
      "srcText": "영수는 미정이 의견에 더 마음이 끌렸어요. 이 밖에도 몇 가지 의견이 더 나왔어요. 자기 엄마를 추천한 준성이도 만만치는 않았지요.",
      "srcPage": 33,
      "srcSentenceEA": 3,
      "srcWordEA": 21,
      "character": "영수,미정이,자기 엄마,준성이",
      "setting": null,
      "action": "추천한,의견이 더 나왔지요",
      "feeling": "마음이 끌렸어요",
      "causalRelationship": null,
      "outcomeResolution": null,
      "prediction": null,
      "plotSummaryInfoCount": 1,
      "plotSummaryInfo": {
        "classification": "신체운동_건강",
        "readAge": "초등_고학년",
        "form": "short-form",
        "plotSummaryText": "영수는 미정이 의견에 마음이 끌렸고, 몇 가지 의견이 더 나왔는데, 자기 엄마를 추천한 준성이도 만만치는 않았다.",
        "textWordEA": 16
      }
    },
    {
      "srcTextID": "103361",
      "srcText": "\"이제 또 누구 추천할 사람 없니?\" 아이들이 내놓는 의견들을 다 들어 본 다음 선생님이 말했어요. \"의견이 이렇게 갈리는 건 당연한 일이야. 아름다움에 대한 기준은 보는 관점에 따라서 다른 거란다. 어떤 사람에겐 그게 외모일 수도 있고, 또 어떤 사람에겐 눈에 보이지 않는 내면일 수도 있지. 그러니까 이 문제는 상대방의 입장에서 생각하는 게 정답이야.\" '만일 내가 외계인이라면 어떤 입장일까?' 영수는 선생님 말씀에 뭔가 중요한 실마리가 있다고 느꼈어요.",
      "srcPage": 34,
      "srcSentenceEA": 8,
      "srcWordEA": 70,
      "character": "사람,아이들,선생님,눈,상대방,외계인,영수",
      "setting": null,
      "action": "내놓는,들어,말했어요",
      "feeling": null,
      "causalRelationship": null,
      "outcomeResolution": null,
      "prediction": null,
      "plotSummaryInfoCount": 1,
      "plotSummaryInfo": {
        "classification": "신체운동_건강",
        "readAge": "초등_고학년",
        "form": "long-form",
        "plotSummaryText": "아이들이 내놓는 의견들을 다 들어 본 다음 선생님이 이 문제는 상대방의 입장에서 생각하는 게 정답이라고 하자, 만일 내가 외계인이라면 어떤 입장일지 생각하며 영수는 선생님 말씀에 중요한 실마리가 있다고 느꼈다.",
        "textWordEA": 29
      }
    },
    {
      "srcTextID": "102561",
      "srcText": "우선 외계인으로 지구에 첫걸음을 떼는 심정은 어떨지 생각해 보았어요. 아무래도 처음이라 약간은 겁이 날 거예요. 이쪽이 더 강한지 어떤지는 그들도 확실히 모를 테니까요.",
      "srcPage": 35,
      "srcSentenceEA": 3,
      "srcWordEA": 25,
      "character": "외계인,그들",
      "setting": "지구",
      "action": "생각해 보았어요",
      "feeling": "겁이",
      "causalRelationship": null,
      "outcomeResolution": null,
      "prediction": null,
      "plotSummaryInfoCount": 1,
      "plotSummaryInfo": {
        "classification": "신체운동_건강",
        "readAge": "초등_고학년",
        "form": "short-form",
        "plotSummaryText": "우선 외계인으로 지구에 첫걸음을 떼는 심정은 어떨지 생각해 보았는데 처음이라 약간은 겁이 날 거고 이쪽이 더 강한지 어떤지는 그들도 확실히 모를 거로 생각했다.",
        "textWordEA": 23
      }
    },
    {
      "srcTextID": "102560",
      "srcText": "그렇다면 평화의 메시지를 전하러 오는 것이 아마 맞을 거예요. 만일 그들이 우리보다 훨씬 강하다면 메시지고 뭐고 복잡하게 생각할 필요도 없는 거잖아요. 또 대통령과 함께 갈 사람이 필요한 이유는 뭘까요?",
      "srcPage": 36,
      "srcSentenceEA": 3,
      "srcWordEA": 31,
      "character": "그들,우리,대통령,사람",
      "setting": null,
      "action": "전하러,함께 갈",
      "feeling": null,
      "causalRelationship": null,
      "outcomeResolution": null,
      "prediction": "또 대통령과 함께 갈 사람이 필요한 이유는 뭘까요?",
      "plotSummaryInfoCount": 1,
      "plotSummaryInfo": {
        "classification": "신체운동_건강",
        "readAge": "초등_고학년",
        "form": "short-form",
        "plotSummaryText": "그렇다면 평화의 메시지를 전하러 오는 것이 아마 맞을 거고, 또 대통령과 함께 갈 사람이 필요한 이유는 뭘지 생각했다.",
        "textWordEA": 18
      }
    },
    {
      "srcTextID": "102559",
      "srcText": "그것도 그냥 아름다운 사람이 아니라 '자기들이 인정할 수 있는'이란 조건까지 달아서 말이에요. 아마도 그들을 해치지 않고 믿을 만한 사람이란 뜻 아닐까요? 마음속까지 정직하고 꾸밈없는 사람 말이에요. \"선생님, 저요!\" 영수는 뇌리에 번쩍 스치는 생각이 있어 손을 번쩍 들었어요.",
      "srcPage": 37,
      "srcSentenceEA": 7,
      "srcWordEA": 41,
      "character": "사람,자기들,그들,선생님,저,영수,손",
      "setting": null,
      "action": "번쩍 들었어요,생각,해치지 않고,정직하고",
      "feeling": null,
      "causalRelationship": null,
      "outcomeResolution": null,
      "prediction": null,
      "plotSummaryInfoCount": 1,
      "plotSummaryInfo": {
        "classification": "신체운동_건강",
        "readAge": "초등_고학년",
        "form": "long-form",
        "plotSummaryText": "그들을 해치지 않고 마음속까지 정직하고 꾸밈없는 사람이라고 생각한 영수는 뇌리에 스치는 생각이 있어 손을 번쩍 들었다.",
        "textWordEA": 16
      }
    },
    {
      "srcTextID": "102564",
      "srcText": "아이들의 눈길이 일제히 영수를 향했어요. \"평화의 사절로 아기를 보내는 건 어떨까요?\" 영수의 말이 끝나자마자 아이들은 폭소를 터뜨렸어요.",
      "srcPage": 38,
      "srcSentenceEA": 3,
      "srcWordEA": 18,
      "character": "아이들,영수,아기",
      "setting": null,
      "action": "보내는,말,폭소를 터뜨렸어요",
      "feeling": null,
      "causalRelationship": null,
      "outcomeResolution": null,
      "prediction": null,
      "plotSummaryInfoCount": 1,
      "plotSummaryInfo": {
        "classification": "신체운동_건강",
        "readAge": "초등_고학년",
        "form": "short-form",
        "plotSummaryText": "평화의 사절로 아기를 보내는 건 어떠냐는 영수의 말이 끝나자마자, 아이들은 폭소를 터뜨렸다.",
        "textWordEA": 12
      }
    },
    {
      "srcTextID": "102541",
      "srcText": "상철이가 영수의 의견에 반대하고 나섰어요. \"영화에서 보면 외계인들은 꼭 우리 지구를 공격했어요.\" \"그건 영화일 뿐이야. 실제로는 다를지도 몰라.\" 영수도 다시 손을 들고 일어나 말했어요.",
      "srcPage": 12,
      "srcSentenceEA": 5,
      "srcWordEA": 26,
      "character": "상철이,영수,외계인들,지구,손",
      "setting": null,
      "action": "반대하고,나섰어요,공격했어요,들고,일어나,말했어요",
      "feeling": null,
      "causalRelationship": null,
      "outcomeResolution": null,
      "prediction": null,
      "plotSummaryInfoCount": 1,
      "plotSummaryInfo": {
        "classification": "신체운동_건강",
        "readAge": "초등_고학년",
        "form": "long-form",
        "plotSummaryText": "상철이가 영화에서 보면 외계인들은 꼭 우리 지구를 공격했다고 영수의 의견에 반대하고 나서자, 그건 영화일 뿐이고 실제와 다를지도 모른다고 영수도 다시 말했다.",
        "textWordEA": 21
      }
    },
    {
      "srcTextID": "102562",
      "srcText": "\"음, 좀 더 구체적으로 설명할 수 있겠니?\" \"무서운 사자도 아기는 예쁘잖아요. 아기를 보면 그들도 마음이 풀어져 협상이 잘될 거라 생각합니다.\"",
      "srcPage": 40,
      "srcSentenceEA": 3,
      "srcWordEA": 21,
      "character": "사자,아기,그들",
      "setting": null,
      "action": "보면,생각합니다",
      "feeling": "예쁘잖아요,무서운",
      "causalRelationship": null,
      "outcomeResolution": null,
      "prediction": null,
      "plotSummaryInfoCount": 1,
      "plotSummaryInfo": {
        "classification": "신체운동_건강",
        "readAge": "초등_고학년",
        "form": "short-form",
        "plotSummaryText": "무서운 사자도 아기는 예쁘듯, 아기를 보면 그들도 마음이 풀어져 협상이 잘될 거라고 말했습니다.",
        "textWordEA": 13
      }
    },
    {
      "srcTextID": "102566",
      "srcText": "영수의 말이 끝나자, 아이들이 탄성을 내질렀어요. \"좋아! 생각에 생각을 뒤집는 것, 그게 바로 창의적 발상이야. 더 좋은 생각이 떠오르면 다음 시간에 발표하도록 해. 갈수록 수업이 재미있겠는걸!\"",
      "srcPage": 41,
      "srcSentenceEA": 4,
      "srcWordEA": 29,
      "character": "영수,아이들",
      "setting": "다음 시간",
      "action": "말이 끝나자,탄성을 내질렀어요",
      "feeling": "재미있겠는걸",
      "causalRelationship": null,
      "outcomeResolution": null,
      "prediction": null,
      "plotSummaryInfoCount": 1,
      "plotSummaryInfo": {
        "classification": "신체운동_건강",
        "readAge": "초등_고학년",
        "form": "long-form",
        "plotSummaryText": "영수의 말이 끝나자, 아이들이 탄성을 내질렀고 생각에 생각을 뒤집는 것 그게 바로 창의적 발상이라고 하며 더 좋은 생각이 떠오르면 다음 시간에 발표하도록 하고 갈수록 수업이 재밌겠다고 했다.",
        "textWordEA": 27
      }
    },
    {
      "srcTextID": "102568",
      "srcText": "노자 60장에 나오는 '치대국 약팽소선'의 줄임말이에요. 작은 생선을 요리할 때 자꾸 뒤적거리면 원래의 모습이 어그러져서 맛도 없고 볼품도 없게 돼요. 요리를 제대로 할 줄 아는 사람은 이럴 때 생선이 적당히 익을 때까지 참을성 있게 기다린답니다.",
      "srcPage": 43,
      "srcSentenceEA": 5,
      "srcWordEA": 38,
      "character": "생선,사람",
      "setting": null,
      "action": "요리,뒤적거리면,기다린답니다",
      "feeling": null,
      "causalRelationship": null,
      "outcomeResolution": null,
      "prediction": null,
      "plotSummaryInfoCount": 1,
      "plotSummaryInfo": {
        "classification": "신체운동_건강",
        "readAge": "초등_고학년",
        "form": "long-form",
        "plotSummaryText": "치대국 약팽소선의 줄임말로 작은 생선을 요리할 때 자꾸 뒤적거리면 원래의 모습이 어그러져서 맛도 없고 볼품도 없게 되기에, 요리를 제대로 할 줄 아는 사람은 생선이 적당히 익을 때까지 참을성 있게 기다린답니다.",
        "textWordEA": 30
      }
    },
    {
      "srcTextID": "102565",
      "srcText": "아인슈타인 선생님은 기분 좋게 수업을 마쳤어요. 아이들은 또 어떤 기발한 발상으로 지구를 구할까요? 여러분도 한번 잘 생각해 보세요.",
      "srcPage": 42,
      "srcSentenceEA": 3,
      "srcWordEA": 20,
      "character": "아인슈타인 선생님,아이들,여러분",
      "setting": "지구",
      "action": "수업을 마쳤어요",
      "feeling": "기분 좋게",
      "causalRelationship": null,
      "outcomeResolution": null,
      "prediction": "여러분도 한번 잘 생각해 보세요.",
      "plotSummaryInfoCount": 1,
      "plotSummaryInfo": {
        "classification": "신체운동_건강",
        "readAge": "초등_고학년",
        "form": "short-form",
        "plotSummaryText": "아인슈타인 선생님은 기분 좋게 수업을 마쳤고, 아이들의 기발한 발상처럼 여러분도 한번 잘 생각해 보세요.",
        "textWordEA": 14
      }
    }
  ]
}