{
  "title": "백합 골짜기",
  "author": "베라, 빌 클리버",
  "illustrator": "삽화 없는 동화책",
  "isbn": "8975255190",
  "readAge": "초등_고학년",
  "publishedYear": 1996,
  "publisher": "학원출판공사",
  "classification": "자연탐구",
  "paragraphInfoCount": 20,
  "paragraphInfo": [
    {
      "srcTextID": "84106",
      "srcText": "“그래. 곱기는 하지만 멍청하게 넋을 잃고 있올 때가 아니야. 자, 다 왔어. 여기까지가 어제 뜯었던 곳이야.",
      "srcPage": 5,
      "srcSentenceEA": 3,
      "srcWordEA": 19
    },
    {
      "srcTextID": "84117",
      "srcText": "데보라는 한 걸음 뒤로 물러서서 골짜기 너머를 바라보았습니다. 저 멀리서 트랙터를 탄 카이저 피스가 먼지를 자욱이 일으키고 있었습니다. 카이저와 우리들 사이에 가로놓인 조용한 들판은 누런빛으로 밝게 빛나고 있었습니다.",
      "srcPage": 11,
      "srcSentenceEA": 3,
      "srcWordEA": 30
    },
    {
      "srcTextID": "84116",
      "srcText": "데보라는 조롱나무 숲 북쪽으로 돌아가더 니 큰 가지에서 톱니 모양의 미끈미끈한 잎사귀를 재빠른 솜씨로 따기 시작했습니다. “1.5킬로그램이야. 잔가지를 넣으면 안 된다니까. 언니, 잎사귀만 넣어 줘.”",
      "srcPage": 8,
      "srcSentenceEA": 3,
      "srcWordEA": 28
    },
    {
      "srcTextID": "84112",
      "srcText": "“만약，제약 회사 사람이나 잡화점의 코넬 씨가 한 번이라도 아침에 여기 와서 이 일을 해본다면 틀림없이 돈을 더 줄 거야. 모두 너무 째째하구나, 메어리!” “사람에 따라서지 뭐.” 밑으로 드리워진 큰 가지 사이로 한 줄기 밝은 빛이 흔들거리면서  데보라의 얼굴과 머리카락을 비추었습니다.",
      "srcPage": 10,
      "srcSentenceEA": 4,
      "srcWordEA": 43
    },
    {
      "srcTextID": "84111",
      "srcText": "한 시간쯤 지나자 나그네는, 이 따금 골짜기를 뒤 덮는 봄안개 속으로 사라졌습니다. 내가 그 나그네를 본 것은 그때 뿐이었습니다. 그러나 나는 언제까지나 그 나그네가 한 말을 기억하고 있습니다. 여기는 정말 아름다운 곳이다. 이렇게 훌륭한 고장은 한 번도 본 일이 없어.",
      "srcPage": 1,
      "srcSentenceEA": 5,
      "srcWordEA": 44
    },
    {
      "srcTextID": "84108",
      "srcText": "데보라는 정말 머리가 나빠요. 우리 루서 집안에서 어떻게 데보라같이 머리가 나쁜 사람이 태어났는지 알 수 없습니다. 데보라는 정말 머리가 나빠요. 우리 생활에 대한 것은 무엇이든지 내가 가르쳐 주지 않으면 안 되니까요.",
      "srcPage": 2,
      "srcSentenceEA": 4,
      "srcWordEA": 34
    },
    {
      "srcTextID": "84107",
      "srcText": "데보라는 18살로, 나보다 4살이나 많습니다. 그러나 내가 모든 것을 잘 설명해 주기 때문에 나를 언니처럼 믿고 있습니다. 데보라는 무슨 일이든 금방 잊어버리고 맙니다.",
      "srcPage": 3,
      "srcSentenceEA": 3,
      "srcWordEA": 25
    },
    {
      "srcTextID": "84109",
      "srcText": "아침에 우리가 조통나무 잎을 따려고 올드조슈어 산이나 슈거보이 산기슭에 가까운 비탈로 가면 데보라는 언제나 생전 처음 와보는 것 같은 얼굴을 합니다. 그리고 소리치는 것이에요. \"어머나! 너무너무 곱구나. 정말 곱잖니, 메어리 콜?\"",
      "srcPage": 4,
      "srcSentenceEA": 4,
      "srcWordEA": 34
    },
    {
      "srcTextID": "84110",
      "srcText": "이것 봐, 이 잎사귀는 두껍고 곱잖아? 우선 누구 자루부터 채우기로 할까? 내 것부터 먼저 할까?”",
      "srcPage": 6,
      "srcSentenceEA": 3,
      "srcWordEA": 17
    },
    {
      "srcTextID": "84114",
      "srcText": "데보라는 자루를 털더니 그 속을 들여다보며 말했습니다. “아무려면 어때. 어차피 힘든일도 아닌걸. 어제는 몇 킬로그램이나 뜯었지?”",
      "srcPage": 7,
      "srcSentenceEA": 4,
      "srcWordEA": 18
    },
    {
      "srcTextID": "84115",
      "srcText": "데보라는 잔가지를 두 개 끄집어 내버렸습니다. “그래서 얼마나 되니?” “글쎄, 45센트쯤일 거야.”",
      "srcPage": 9,
      "srcSentenceEA": 3,
      "srcWordEA": 12
    },
    {
      "srcTextID": "84113",
      "srcText": "데보라가 말했습니다. “카이저는 나와 결혼하고 싶다는 말을 또 했어. 그런데 이번에도 아버지는 안 된다고 하셨어. 나는 그와 결혼해도 좋다고 말씀드렸지만 아버지는 안 된다고만 하시지 뭐야.",
      "srcPage": 12,
      "srcSentenceEA": 4,
      "srcWordEA": 27
    },
    {
      "srcTextID": "84124",
      "srcText": "\"하기야 그 사람은 흐리멍덩해서 집안을 정리하지도 못하지만 나 같으면 할 수 있어. 날마다 구석구석까지 깨끗이 해 줄 거야.” “그런 일을 언니가 할 수 있겠어?” “할 수 있고말고.”",
      "srcPage": 15,
      "srcSentenceEA": 4,
      "srcWordEA": 28
    },
    {
      "srcTextID": "84119",
      "srcText": "“언니는 결혼이 무엇인지 아무것도 모른단 말이야. 자, 이젠 잎이나 좀더 따는 게 어떻겠어 ?” 데보라는 수풀로 돌아왔습니다.",
      "srcPage": 13,
      "srcSentenceEA": 3,
      "srcWordEA": 18
    },
    {
      "srcTextID": "84120",
      "srcText": "“카이저의 집은 근사하단 말야. 특히 부엌이 마음에 들었어. 전부 노란색으로 칠해 놓았거든.",
      "srcPage": 14,
      "srcSentenceEA": 3,
      "srcWordEA": 14
    },
    {
      "srcTextID": "84122",
      "srcText": "나는 카이저 집안의 미신을 말해 주었습니다. 카이저는 자기 집 굴뚝 위에 열쇠 구멍을 뚫어 놓고 거기를 통해 마녀들을 드나들게 한다는 소문이 있었던 것입니다. “그 마녀의 열쇠 구멍도 청소해 줄 거야? 아니면 마녀가 드나들지 못하게 막아버릴 거야?”",
      "srcPage": 16,
      "srcSentenceEA": 4,
      "srcWordEA": 38
    },
    {
      "srcTextID": "84123",
      "srcText": "데보라는 폭포처럼 늘어진 길고 윤이 나는 머리를 쓰다듬어 올리며 말했습니다. “그런 열쇠 구멍 따위는 걱정할 필요도 없어. 마녀 역시 나한테 마음 쓸게 뭐 있겠니 ?",
      "srcPage": 17,
      "srcSentenceEA": 3,
      "srcWordEA": 25
    },
    {
      "srcTextID": "84121",
      "srcText": "나는 그 집이 좋아. 내가 카이저의 신부가 되면 우리 모두 그 집에서 살 수 있어. 너도, 아이머 딘도, 로미도, 아버지도 모두 같이 살 수 있단 말이야. 근사하잖아?”",
      "srcPage": 18,
      "srcSentenceEA": 4,
      "srcWordEA": 30
    },
    {
      "srcTextID": "84127",
      "srcText": "“아버지는 이미 땅 값쯤은 충분히 벌어 두었어. 20배, 아니 그 이상일 거야. 카이저는 집을 거저 줘도 좋을 거야.",
      "srcPage": 21,
      "srcSentenceEA": 3,
      "srcWordEA": 20
    },
    {
      "srcTextID": "84130",
      "srcText": "어떻든 다 쓰러져 가는 집이잖아. 그 집을 살 사람이 있을 턱도 없고.” “너는 카이저가 싫은 모양이구나, 메어리.”",
      "srcPage": 22,
      "srcSentenceEA": 3,
      "srcWordEA": 18
    }
  ]
}