{
  "title": "칼과 십자가",
  "author": "피터 카터",
  "illustrator": "삽화 없는 동화책",
  "isbn": "8975254526",
  "readAge": "초등_고학년",
  "publishedYear": 1996,
  "publisher": "학원출판공사",
  "classification": "자연탐구",
  "paragraphInfoCount": 49,
  "paragraphInfo": [
    {
      "srcTextID": "35897",
      "srcText": "그 배는 컸다. 마다가 지금까지 본 어느 배보다도 컸다. 물방개처럼 양쪽에 여러 개의 다리가 나와 있었다. 그 다리가 양쪽에서 가지런히 물살을 헤쳐 오고 있었다.",
      "srcPage": 24,
      "srcSentenceEA": 4,
      "srcWordEA": 27
    },
    {
      "srcTextID": "35901",
      "srcText": "배는 천천히 후미 안으로 들어왔다. 쇠붙이 같은 것이 햇빛을 받아 반짝하고 빛났다. 기다란 노가 쉴새없이 올라갔다 내려갔다 했다.",
      "srcPage": 25,
      "srcSentenceEA": 3,
      "srcWordEA": 20
    },
    {
      "srcTextID": "35918",
      "srcText": "이런 때에는 어떤 주문을 외어야 좋을지 알 수 없었다. 마다는 조바심을 떨쳐 버리려고 개들에게 날카로운 소리를 지르고는, 바다와 큰 배를 향해 달리기 시작했다. 밭 끄트머리에 냇물이 흐르고 있었다. 마다가 냇물을 건널 때 외마디 소리가 들렸다. 저도 모르게 그리로 달렸다. 어떤 사람이 울퉁불퉁한 길에 엎어져 꿈틀거리고 있었다.",
      "srcPage": 31,
      "srcSentenceEA": 6,
      "srcWordEA": 51
    },
    {
      "srcTextID": "35898",
      "srcText": "마다는 눈을 둥그렇게 뜨고 지켜보고 있다가 언덕을 내려 가기 시작했다. 언덕을 다 내려갔을 때 배가 해안에 올라왔다. 몇 사람이 배에서 뛰어내려 모래언덕을 넘어서 마을의 집으로 다가왔다. 그제야 마다는 으스스한 두려움을 느꼈다.",
      "srcPage": 26,
      "srcSentenceEA": 4,
      "srcWordEA": 34
    },
    {
      "srcTextID": "35721",
      "srcText": "그래서 뱀 한 마리를 죽여 그 껍질은 손잡이에 새겨진 뱀에다 둘둘 말아 주었다. 그제야 칼은 새 주인이 누구라는 것을 깨닫고 마다의 말을 잘 듣게 되었다. 이제는 손을 벨 걱정도 없이 칼을 갈 수 있었다. 소중한 칼이었다.",
      "srcPage": 13,
      "srcSentenceEA": 4,
      "srcWordEA": 39
    },
    {
      "srcTextID": "35899",
      "srcText": "마다는 얼굴을 들고 \"엄마 안녕!\" 하고 소리쳤다. 그리고 다시 바다로 얼굴을 돌렸다. 배가 한 척 눈에 띄었다. 처음에는 아버지의 배인 줄 알고 벌떡 일어났다. 그러나 이내 훅하고 숨을 들이켰다.",
      "srcPage": 23,
      "srcSentenceEA": 7,
      "srcWordEA": 34
    },
    {
      "srcTextID": "35916",
      "srcText": "문득 마다는 저 사람들도 나처럼 칼을 탐낼지도 모르겠다는 생각이 들었다. 큼직하고 둥근 바위 옆에 쪼그리고 앉은 마다는 검은 토탄흙 속에 칼을 묻었다. 한 순간 두려움으로 몸을 떨었다.",
      "srcPage": 29,
      "srcSentenceEA": 3,
      "srcWordEA": 29
    },
    {
      "srcTextID": "35919",
      "srcText": "칼이 이 자리에 그대로 있어 줄까? 손잡이의 뱀들이 주인을 기억하고 여기서 똬리를 틀고 기다려 줄까? 아니면 시원한 땅 속의 옛 고향이 생각나서 몸을 꿈틀거리며 칼의 마력을 빼앗아 달아나 벌릴까? 마다는 머뭇머뭇하면서 그 자리를 떠났다.",
      "srcPage": 30,
      "srcSentenceEA": 4,
      "srcWordEA": 37
    },
    {
      "srcTextID": "35888",
      "srcText": "마음이 흐뭇해진 마다는 가벼운 발걸음으로 언덕 꼭대기로 올라갔다. 섬을, 파도에 깎여진 후미를 내려다보았다. 아버지의 부하들이 사는 검은 집이 몇 채 보였다. 여자들이 바닷가에서 거름으로 쓰기 위해 바다풀을 긁어 모으고 있었다.",
      "srcPage": 21,
      "srcSentenceEA": 4,
      "srcWordEA": 33
    },
    {
      "srcTextID": "35885",
      "srcText": "마다는 슬금슬금 개들 사이에 끼어들어가 잤다. 밤중에 마다는 또 눈을 했다. 폭포에서 자기를 부르는 어머니의 목소리가 들렸다. 돌아가신 어머니는 폭포의 요정이 된 것이다.",
      "srcPage": 17,
      "srcSentenceEA": 4,
      "srcWordEA": 26
    },
    {
      "srcTextID": "35884",
      "srcText": "그러나 무서워서 캄캄한 바깥으로 나갈 수가 없었다. 다시 잠이 들었다. 눈을 떴을 때는 아버지가 떠나신 지 엿새째가 되어 있었다. 이제 바람은 불지 않았다. 온 세상이 소리 하나 없이 고요했다.",
      "srcPage": 18,
      "srcSentenceEA": 5,
      "srcWordEA": 33
    },
    {
      "srcTextID": "35902",
      "srcText": "사람의 그림자는 남의 눈을 피하듯 재빨리 움직였다. 마다는 왠지 소름이 쪽 끼치는 것을 느꼈다. 마다는 듬성듬성 바위가 흩어져 있는 곳에서 걸음을 멈추었다. 손에 쥔 칼은 마을에서 가장 소중한 것이었다. 양보다도, 염소보다도, 개보다도, 베틀보다도 소중했다.",
      "srcPage": 27,
      "srcSentenceEA": 5,
      "srcWordEA": 38
    },
    {
      "srcTextID": "35917",
      "srcText": "뾰족한 귀리를 빻는 큼직한 돌절구보다도 소중했다. 그런 것들은 사람이 살아가는 데 필요했지만 이 칼에는 사람의 목숨을 빼앗는 힘이 있었다. 아직까지는 짐승을 죽이는 데에만 쓰였을 뿐이지만.",
      "srcPage": 28,
      "srcSentenceEA": 3,
      "srcWordEA": 27
    },
    {
      "srcTextID": "35723",
      "srcText": "바위처럼 단단하고 검고 무거운 쇠로 만들어져 있었다. 이 세상 어디에 가도 이만한 칼은 없을 것이다. 마다가 주문을 외면서 칼을 갈고 있는 동안 개들은 마다를 바라보고 있었다.",
      "srcPage": 14,
      "srcSentenceEA": 3,
      "srcWordEA": 28
    },
    {
      "srcTextID": "35722",
      "srcText": "마다가 칼을 들이대자 개들은 두려운 듯 얼굴을 돌렸다. 칼이 마력을 가진 탓으로 마다까지 힘이 생긴 것이다. 마다는 소리내어 웃었다. 바람이 심하게 불고 있었다. 마다는 아버지가 무사히 돌아오실 수 있도록 배의 안전을 비는 노래를 불렀다.",
      "srcPage": 15,
      "srcSentenceEA": 5,
      "srcWordEA": 38
    },
    {
      "srcTextID": "35889",
      "srcText": "어린 양이 울 안에 있는 것이 눈에 띄었다. 그래서 양의 노래도 불렀다. 마다는 한 번 더 귀리죽을 먹고 나서 아버지가 돌아오셨으면 좋겠는데 하고 생각했다. 날이 다시 어두워졌다.",
      "srcPage": 16,
      "srcSentenceEA": 4,
      "srcWordEA": 30
    },
    {
      "srcTextID": "35887",
      "srcText": "마디는 얼른 귀리죽을 먹은 뒤 칼을 집어들고 개들을 불렀다. 성채 뒤쪽에 맘돌챠라는 검은 언덕이 있었다. 마다가 그 언덕 꼭대기에 올라가서 뱃노래를 부르면 아버지가 돌아오시곤 했다.",
      "srcPage": 19,
      "srcSentenceEA": 3,
      "srcWordEA": 27
    },
    {
      "srcTextID": "35886",
      "srcText": "마다는 언덕 위로 달려가 폭포 앞에서 \"엄마!\" 하고 불렀다. 엄마는 대답하지 않았지만, 날개에 흰 얼룩 무늬가 있는 새가 한 마리 푸드득 날아오르더니 마다의 머리 위에서 맴돌았다. 그것이 어머니라는 것을 마다는 알았다.",
      "srcPage": 20,
      "srcSentenceEA": 4,
      "srcWordEA": 34
    },
    {
      "srcTextID": "35719",
      "srcText": "그 사나이에게서 칼을 가져왔을 때 마다는 칼이 오랫동안 마법사의 말만 들어 왔다는 것은 깨달았다. 마다가 휙하고 칼을 휘두르자 칼은 기분나쁘다는 듯 마다의 손 안에서 부르르 떨었던 것이다. 곧 마다는 손잡이의 뱀이 칼은 다스리고 있음을 알았다.",
      "srcPage": 12,
      "srcSentenceEA": 3,
      "srcWordEA": 37
    },
    {
      "srcTextID": "35900",
      "srcText": "마을에는 여자들과 아이들과 몇몇 노인들밖에 없었다. 남자들은 여름 동안 놓아 기른 마을의 양들을 끌고 오려고 아버지와 함께 셰피 섬에 가고 없었다. 마다는 히드나무 덩굴 속에 누워서 가만히 아래를 내려다 보았다. 비 갠 하늘에서 아까 그 조그만 새가 찍찍하고 나직이 울었다.",
      "srcPage": 22,
      "srcSentenceEA": 4,
      "srcWordEA": 43
    },
    {
      "srcTextID": "35683",
      "srcText": "대서양의 세찬 바람이 해안으로 줄곧 불어 댔다. 온종일 마다는 몸을 웅크리고 성채의 벽에 기대어 바다를 바라보고 있었다. 어두워지자 마다는 여느 때처럼 무서워졌다.",
      "srcPage": 1,
      "srcSentenceEA": 3,
      "srcWordEA": 24
    },
    {
      "srcTextID": "35685",
      "srcText": "우툴두툴한 돌에 꼭 매달렸다. 파도의 물보라에 맞아 눈이 따가웠다. 마침내 바닷가 위로 물거품이 흰 손가락처럼 기어다니는 광경밖에 보이지 않게 되었다.",
      "srcPage": 2,
      "srcSentenceEA": 3,
      "srcWordEA": 22
    },
    {
      "srcTextID": "35684",
      "srcText": "마다는 바다로 등을 돌려 성벽에서 뛰어내렸다. 잠 잘 자리로 가기 위해 개들을 헤치고 걸어가자 개들이 성을 내며 으르렁거렸다. 바람이 휙 휙 성벽으로 몰아쳐 와 돌틈 사이로 얼음 같은 손가락을 쑤셔 넣었다.",
      "srcPage": 3,
      "srcSentenceEA": 3,
      "srcWordEA": 33
    },
    {
      "srcTextID": "35688",
      "srcText": "마다는 꼼짝도 않고 누워 있었다. 아래쪽 해안에서 물의 악마 켈피가 물을 철철 흘리며 걸어오는 소리가 들리는 것 같았다. 그 축축한 바다 풀의 갈기가, 물에 빠져 죽은 사람의 무서운 눈동자가 눈앞에 선히 떠올랐다.",
      "srcPage": 4,
      "srcSentenceEA": 3,
      "srcWordEA": 34
    },
    {
      "srcTextID": "35720",
      "srcText": "그 칼은 먼 세계 끝의 훌륭한 마법사가 만든 것이어서 마법사의 마력이 칼에 걸려 있었다. 칼의 마력을 누르려면 많은 주문이 필요하다. 주문을 외어야 한다. 마다는 몇 시간이나 무릎을 끊고 앉아 자기의 마법을 걸었다. 문득 칼을 쥐고 죽은 채 섬으로 떠올라온 사나이가 생각났다.",
      "srcPage": 11,
      "srcSentenceEA": 5,
      "srcWordEA": 45
    },
    {
      "srcTextID": "35724",
      "srcText": "칼의 손잡이에는 빙 둘러가며 뱀이 새겨져 있었다. 그 손잡이를 쥐고 있으려니까 용기가 샘솟는 듯했다. 그것이 칼의 마력 때문이라는 것을 마다는 알고 있었다.",
      "srcPage": 10,
      "srcSentenceEA": 3,
      "srcWordEA": 24
    },
    {
      "srcTextID": "35691",
      "srcText": "아버지가 마다를 혼자 남겨 두고 에피 섬으로 떠난 것은 나흘 전 일이었다. 그 때부터 마다는 어두워지면 온갖 무서운 생각에 시달렸다. 이윽고 마다는 다른 날과 마찬가지로 아버지가 떠날 때 남겨 두고 간 칼을 가슴에 꼭 안고 잠이 들었다.",
      "srcPage": 5,
      "srcSentenceEA": 3,
      "srcWordEA": 39
    },
    {
      "srcTextID": "35686",
      "srcText": "개 짖는 소리에 마다는 잠이 깼다. 깜짝 놀라 일어나서 칼을 움켜쥐었다. 벌써 날이 원하게 밝아 있었다. 여전히 바람이 사납게 불어 대고 있었다.",
      "srcPage": 6,
      "srcSentenceEA": 4,
      "srcWordEA": 25
    },
    {
      "srcTextID": "35689",
      "srcText": "마다는 조그만 탑으로 달려올라갔다. 처음에는 바람 때문에 눈도 뜰 수 없었다. 손으로 바람을 막아 내면서 눈을 가느다랗게 뜨고 사방을 둘러보았다.",
      "srcPage": 7,
      "srcSentenceEA": 3,
      "srcWordEA": 22
    },
    {
      "srcTextID": "35690",
      "srcText": "바다가 무섭게 으르렁대고 있었다. 파도는 바위에 세계 부딪쳐서 산산조각이 났다. 오늘도 아버지가 돌아오시지 않는다는 것을 마다는 알고 있었다. 힘없이 돌아서서 성채의 동그란 탑 안으로 기어들어갔다. 귀리가 좀 남아 있었다. 마다는 냇가로 달려가서 물을 길어다가 귀리죽을 쑤었다.",
      "srcPage": 8,
      "srcSentenceEA": 6,
      "srcWordEA": 41
    },
    {
      "srcTextID": "35687",
      "srcText": "마다가 다 먹고 나자 개들이 쟁반을 햝았다. 마다는 쟁반을 이끼로 깨끗이 닦았다. 그리고 부드러운 사암 조각을 꺼내어 칼을 갈기 시작했다. 부러진 칼이라 갈 만한 자리도 그리 없었다.",
      "srcPage": 9,
      "srcSentenceEA": 4,
      "srcWordEA": 30
    },
    {
      "srcTextID": "35981",
      "srcText": "마다는 돌아누우려고 했으나 목에 감긴 줄이 꽉꽉 죄는 바람에 몸을 움직일 수 가 없었다. 머릿속에서 쾅쾅 소리가 울렸다. 머릿속이 바다가 되어 있었다. 흰 안개가 눈앞에 어른거렸다. 길에 쓰러졌던 브린이 생각났다. 검은 구름이 머리 위를 지나갔다.",
      "srcPage": 37,
      "srcSentenceEA": 6,
      "srcWordEA": 40
    },
    {
      "srcTextID": "59062",
      "srcText": "마다는 손으로 얼굴을 문질렀다. 키를 잡은 검은 그림자는 꼼짝도 않았다. 꼼짝도 않고 자기를 쏘아보는 것이 오히려 호통을 치는 것보다 더 무서웠다. 마다는 저도 모르게 그쪽으로 느릿느릿 걸어갔다.",
      "srcPage": 94,
      "srcSentenceEA": 4,
      "srcWordEA": 30
    },
    {
      "srcTextID": "35980",
      "srcText": "두려움에 사로잡혀 어떤 줄을 모르고 우두커니 서 있는 마다를 향해 괴물이 소리를 지르며 달려왔다. 마다는 머리가 더부룩한 괴물을 멍청하게 서서 쳐다보았다. 바다 냄새와 썩은 물고기 냄새가 쿡 코를 찔렀다.",
      "srcPage": 35,
      "srcSentenceEA": 3,
      "srcWordEA": 31
    },
    {
      "srcTextID": "35978",
      "srcText": "괴물이 마다른 후리쳤다. 마다는 바닥 없는 어둠 속으로 끝없이 떨어져 내렸다. 한참 뒤에 마다는 눈을 떴다. 눈부신 빛 때문에 아무것도 보이지 않았다. 햇빛이 내리쬐고 있었다.",
      "srcPage": 36,
      "srcSentenceEA": 5,
      "srcWordEA": 29
    },
    {
      "srcTextID": "35982",
      "srcText": "마다는 텅 빈 눈으로 사방을 둘러보았다. 괴물들은 아직도 그 곳에 있었다. 브린도 그대로 쓰려져 있었다. 그러나 브린은 혼자가 아니었다. 절름발이 개빈과 항아리 장수 니아라도 함께 있었다. 그 밖에도 많았다.",
      "srcPage": 39,
      "srcSentenceEA": 6,
      "srcWordEA": 34
    },
    {
      "srcTextID": "35988",
      "srcText": "목은 감긴 밧줄에 스쳐서 살갗이 벌겋게 벗겨져 있었다. 모닥불은 아직 타고 있었다. 사나이들이 두셋 그 둘레에서 빈둥거리고 있었다. 마다는 쉰 목소리로 그들을 불러 자기 입을 가리켰다.",
      "srcPage": 44,
      "srcSentenceEA": 4,
      "srcWordEA": 29
    },
    {
      "srcTextID": "35914",
      "srcText": "그때 사나이가 브린에게 칼을 내리쳤다. 이어 다시 한 번. 마다가 얼이 빠져서 멍하니 쳐다보고 있는데 사나이가 얼굴을 들었다. 마다는 외마디 소리를 질렀다.",
      "srcPage": 33,
      "srcSentenceEA": 4,
      "srcWordEA": 25
    },
    {
      "srcTextID": "35979",
      "srcText": "그것은 사람이 아니었다. 머리가 길고 뾰죽했다. 거기에 뿔이 두개 쭉 나와 있었다. 뿔 밑에서 덥수룩한 머리가 흔들거리고 있었다. 괴물이 온 마을 사람들을 죽이려고 바다에서 올라온 것을 마다는 깨달았다.",
      "srcPage": 34,
      "srcSentenceEA": 5,
      "srcWordEA": 32
    },
    {
      "srcTextID": "35989",
      "srcText": "밧줄 하나로 마다의 목과 모이다의 목이 묶여 있었다. 그 뒤에도 몇 사람이 엮어져 있었다. 모이다는 텅 빈 눈으로 앞을 바라보며 벙굿벙긋거리고 있었다.",
      "srcPage": 41,
      "srcSentenceEA": 3,
      "srcWordEA": 24
    },
    {
      "srcTextID": "36013",
      "srcText": "배가 해안을 떠나자 파도가 밀려 와서 선체가 기울었다. 사나이들은 돛대를 올렸다. 너덜너덜한 돛은 얼룩투성이였다. 거기에는 눈이 하나 그려져 있었다.",
      "srcPage": 56,
      "srcSentenceEA": 4,
      "srcWordEA": 22
    },
    {
      "srcTextID": "35985",
      "srcText": "마다는 킥킥거리고 웃었다. 웃으니 입이 아팠다. 타고 있는 집에서 솟아오르는 연기를 맡고 마다는 쿡쿡거렸다. 달이 소리없이 떠올랐다.",
      "srcPage": 42,
      "srcSentenceEA": 4,
      "srcWordEA": 20
    },
    {
      "srcTextID": "35987",
      "srcText": "모닥불 곁에서 괴물들이 부르짖고 있었다. 마다는 떨면서 잠이 들었다. 다시 눈을 떴을 때는 아침 해가 빛나고 있었다. 머리가 아프고 눈이 퉁퉁 부어 있었다.",
      "srcPage": 43,
      "srcSentenceEA": 4,
      "srcWordEA": 26
    },
    {
      "srcTextID": "35983",
      "srcText": "어머니 때처럼 죽음의 귀신이 브린을 데리러 온 것이라고 마다는 생각했다. 연기 냄새가 났다. 불의 귀신들이 바다와 뱀과 괴물들과 싸우려고 찾아온 모양이었다. 다음에 눈을 떴을 때는 해가 기울고 있었다.",
      "srcPage": 38,
      "srcSentenceEA": 4,
      "srcWordEA": 31
    },
    {
      "srcTextID": "36003",
      "srcText": "포로가 된 마을 사람들과 함께 일어섰다. 한 사나이가 마다를 떠다밀었다. 마다는 다른 사람들과 함께 바닷가 배쪽으로 비틀비틀 걸어갔다.",
      "srcPage": 49,
      "srcSentenceEA": 3,
      "srcWordEA": 20
    },
    {
      "srcTextID": "58930",
      "srcText": "마다는 다른 아이들과 함께 배에 남았다. 노에 목이 묶여 있었으므로 마다는 이빨로 밧줄을 물어 뜯으려고 했다. 밧줄에는 타르가 잔뜩 묻어 있어서 속이 메슥거렸다. 끝내는 녹초가 되어 짐승처럼 잠들어 버렸다.",
      "srcPage": 60,
      "srcSentenceEA": 4,
      "srcWordEA": 32
    },
    {
      "srcTextID": "59016",
      "srcText": "서리의 거인이라니? 처음 듣는 말이 자꾸만 튀어나온다. 그것은 모두 어김없이 무서운 것들뿐이다. 마다는 잿빛 바다 쪽으로 돌아서서 두 손을 쳐들고 바다의 위대한 신에게, 머리칼을 펼쳐서 바다를 조용하게 가라앉혀 주십시오 하고 기도했다.",
      "srcPage": 81,
      "srcSentenceEA": 4,
      "srcWordEA": 34
    },
    {
      "srcTextID": "59036",
      "srcText": "\"브린은 달라요, 나쁜 짓은 안해요.\" 마다는 나쁜 짓이라고는 조금도 하지 않았던 브린을 생각했다. 브린은 양과 병자 들을 위해서 주문을 외었다.",
      "srcPage": 87,
      "srcSentenceEA": 3,
      "srcWordEA": 22
    },
    {
      "srcTextID": "35915",
      "srcText": "마다가 우뚝 선 자리에서 그 사람의 흰 머리가 보였다. 그것은 장님 브린이었다. 브린은 이 섬에서 가장 나이가 많고 머리도 가장 좋았다. 웬 사나이가 브린을 내려다보고 있었다. 브린을 도와 주려고 하나 보다 하고 마디는 생각했다.",
      "srcPage": 32,
      "srcSentenceEA": 5,
      "srcWordEA": 38
    }
  ]
}