{
  "title": "피 체험장에 간 파리",
  "author": "이선아",
  "illustrator": "문구선",
  "isbn": "9791128211195",
  "readAge": "초등_고학년",
  "publishedYear": 2018,
  "publisher": "아람북스",
  "classification": "자연탐구",
  "paragraphInfoCount": 18,
  "paragraphInfo": [
    {
      "srcTextID": "143959",
      "srcText": "“모기 아주머니, 무얼 드시는 거예요?” “사람의 몸속에 흐르는 피를 빨아 먹는 거야.” “네? 피라고요? 아, 저는 피를 먹어 본 적이 없어서......” 파리가 얼굴을 찡그리며 말했어요.",
      "srcPage": 3,
      "srcSentenceEA": 5,
      "srcWordEA": 28
    },
    {
      "srcTextID": "143960",
      "srcText": "“이 좋은 걸 먹어 본 적이 없다고? 안 되겠군. 이리 좀 따라와 봐.” 모기는 다짜고짜로 파리를 데리고 어디론가 날아갔어요.",
      "srcPage": 4,
      "srcSentenceEA": 4,
      "srcWordEA": 22
    },
    {
      "srcTextID": "143963",
      "srcText": "그때 누군가가 큰 소리로 외쳤어요. “여러분! 피 체험장에 오신 걸 환영합니다. 어서 들어가세요. 곧 시작합니다.”",
      "srcPage": 6,
      "srcSentenceEA": 4,
      "srcWordEA": 18
    },
    {
      "srcTextID": "143966",
      "srcText": "안내원이 친절하게 피에 대해 설명하기 시작했어요. 피는 적혈구, 백혈구, 혈소판, 혈장으로 되어 있어요. 그 가운데 적혈구는 붉은색이고, 가운데가 오목하게 들어간 원반 모양이에요.",
      "srcPage": 10,
      "srcSentenceEA": 3,
      "srcWordEA": 24
    },
    {
      "srcTextID": "143972",
      "srcText": "“모두 조심하세요!” 갑자기 안내원이 원반을 멈추며 소리쳤어요. “무슨 일이에요?” 파리가 깜짝 놀라서 안내원에게 물었어요.",
      "srcPage": 15,
      "srcSentenceEA": 4,
      "srcWordEA": 16
    },
    {
      "srcTextID": "143973",
      "srcText": "“백혈구가 병원균과 싸우고 있어요.” 얼마나 지났을까요? 안내원이 가슴을 쓸어내리며 말했어요. “후유, 이제 괜찮습니다. 백혈구가 병원균을 모두 물리쳤어요. 백혈구는 병을 일으키는 병원균으로부터 사람의 몸을 보호해요.”",
      "srcPage": 16,
      "srcSentenceEA": 6,
      "srcWordEA": 28
    },
    {
      "srcTextID": "143976",
      "srcText": "“안내원 님, 모기가 사람의 피를 다 빨아 먹으면 사람들은 어떡해요?” “흥, 파리가 사람을 걱정하는 거야?” 파리의 물음에 모기가 어처구니없어 콧방귀를 뀌었어요.",
      "srcPage": 18,
      "srcSentenceEA": 3,
      "srcWordEA": 22
    },
    {
      "srcTextID": "143961",
      "srcText": "모기는 사람의 팔에 날아가 앉았어요. 그리고 뾰족한 침으로 사람의 팔을 콕 찔렀어요. “쪽쪽, 맛있어! 파리 아가씨도 먹어 봐.”",
      "srcPage": 2,
      "srcSentenceEA": 4,
      "srcWordEA": 20
    },
    {
      "srcTextID": "143964",
      "srcText": "체험장에서 일하는 안내원이었어요. “자, 어서 들어가자!” 모기는 파리의 손을 잡고 체험장 안으로 이끌었어요.",
      "srcPage": 7,
      "srcSentenceEA": 3,
      "srcWordEA": 14
    },
    {
      "srcTextID": "143969",
      "srcText": "“그런데 저 누르스름한 물은 뭐예요?” 밖을 내다보던 파리가 고개를 갸웃하며 물었어요. “파리 아가씨는 호기심이 많군요. 저건 혈장이에요.",
      "srcPage": 13,
      "srcSentenceEA": 4,
      "srcWordEA": 19
    },
    {
      "srcTextID": "143967",
      "srcText": "적혈구는 우리 몸에 필요한 산소를 운반하는 일을 해요. 또 우리 몸에 필요 없는 이산화 탄소를 폐에 전달해 몸 밖으로 내보내도록 도와주어요. 피는 적혈구 때문에 빨갛게 보인답니다.",
      "srcPage": 11,
      "srcSentenceEA": 3,
      "srcWordEA": 28
    },
    {
      "srcTextID": "143971",
      "srcText": "파리와 모기, 안내원을 태운 원반은 둥실둥실 앞으로 나아갔어요. “우아, 신난다!” 파리가 신나 하자 모기는 우쭐한 기분이 들었어요. “거봐, 나를 따라오길 잘했지?”",
      "srcPage": 12,
      "srcSentenceEA": 4,
      "srcWordEA": 22
    },
    {
      "srcTextID": "143970",
      "srcText": "사람의 몸 곳곳으로 영양분을 나른답니다.” 안내원이 친절하게 설명해 주었어요. 혈장은 물과 영양분, 호르몬 등이 섞인 노란색 액체예요. 음식물에서 얻은 영양분을 운반하고 우리 몸에 필요 없는 찌꺼기를 콩팥에 전달해요. 그러면 콩팥은 오줌을 통해 찌꺼기를 몸 밖으로 내보내요.",
      "srcPage": 14,
      "srcSentenceEA": 5,
      "srcWordEA": 40
    },
    {
      "srcTextID": "143974",
      "srcText": "그 말을 듣고 파리가 말했어요. “백혈구는 적으로부터 나라를 지키는 병사 같아요.” “파리 아가씨는 상상력도 풍부하군요.” 안내원이 파리를 칭찬했어요. 백혈구는 모양이 일정하지 않고 몸을 자유롭게 늘였다 줄였다 할 수 있어요. 세균, 바이러스 등과 같은 병원균으로부터 우리 몸을 보호해요.",
      "srcPage": 17,
      "srcSentenceEA": 6,
      "srcWordEA": 40
    },
    {
      "srcTextID": "143968",
      "srcText": "피 체험장 안으로 들어가자 얼마 뒤 안내원이 다시 나타나 빨간 원반 앞으로 가서 말했어요. “두 분, 앞에 보이는 빨간 원반에 타세요.” 파리와 모기, 안내원은 빨간 원반에 함께 탔어요.",
      "srcPage": 8,
      "srcSentenceEA": 3,
      "srcWordEA": 29
    },
    {
      "srcTextID": "143965",
      "srcText": "“이 원반은 사람의 핏속에 있는 적혈구랍니다. 적혈구는 사람의 몸속 구석구석으로 산소를 나르지요. 이제 이 적혈구를 타고 핏속을 여행할 거예요.”",
      "srcPage": 9,
      "srcSentenceEA": 3,
      "srcWordEA": 21
    },
    {
      "srcTextID": "143958",
      "srcText": "“에구머니! 파리 아가씨, 지금 음식물 쓰레기를 먹는 거야?” 모기가 음식물 쓰레기통에 내려앉으며 파리에게 말했어요. “네, 배가 고파서요.” “파리 아가씨, 음식물 쓰레기 말고 다른 걸 먹어 볼래?” “그게 뭔데요?” 파리는 모기의 말에 귀가 솔깃했어요. “나를 따라와 봐.” 파리는 모기를 따라 날아갔어요.",
      "srcPage": 1,
      "srcSentenceEA": 8,
      "srcWordEA": 44
    },
    {
      "srcTextID": "143962",
      "srcText": "“여기는 사람의 피에 대해 알 수 있는 피 체험장이야. 파리 아가씨도 피가 얼마나 좋은 것인지 알면 생각이 달라질 거야.” 파리는 피 체험장이 무서워 보여서 주저주저했어요.",
      "srcPage": 5,
      "srcSentenceEA": 3,
      "srcWordEA": 27
    }
  ]
}