{
  "title": "베이징에서 만난 티엔티엔",
  "author": "윤아해",
  "illustrator": "홍우리",
  "isbn": "9791165433871",
  "readAge": "초등_고학년",
  "publishedYear": 2021,
  "publisher": "아람키즈",
  "classification": "자연탐구",
  "paragraphInfoCount": 22,
  "paragraphInfo": [
    {
      "srcTextID": "13283",
      "srcText": "청아는 가슴이 두근거렸어요. 비행기를 타는 것도 좋고, 뭉게뭉게 구름을 가까이 보는 것도 신기하고, 무엇보다 베이징에 있는 아빠를 곧 만날 생각에 무척 신났거든요. “이제 곧 베이징 국제공항에 도착합니다.”",
      "srcPage": 1,
      "srcSentenceEA": 3,
      "srcWordEA": 28
    },
    {
      "srcTextID": "13282",
      "srcText": "“베이징에 도착한다고? 어디 한번 봐야지!” 청아는 비행기 아래 도시를 내려다봤어요. 그런데 온통 뿌예서 아무것도 보이지 않았어요.",
      "srcPage": 2,
      "srcSentenceEA": 4,
      "srcWordEA": 19
    },
    {
      "srcTextID": "13290",
      "srcText": "청아는 그 모습이 우습고 재미있었어요. 유치원은 재미있고 무척 맘에 들었어요. 단 하나, 바깥 놀이를 못 한다는 것 빼고요.",
      "srcPage": 8,
      "srcSentenceEA": 3,
      "srcWordEA": 20
    },
    {
      "srcTextID": "13291",
      "srcText": "유치원에서 집으로 돌아가는 길에 청아는 물을 뿌려 대는 커다란 물차를 보았어요. 그런데 청아와 엄마가 피할 새도 없이, 물차는 쌩 지나가며 물을 쏴아 뿌렸어요. 꼼짝없이 청아와 엄마는 시꺼먼 구정물을 함빡 뒤집어쓰고 말았어요. “아, 이를 어째!”",
      "srcPage": 10,
      "srcSentenceEA": 4,
      "srcWordEA": 36
    },
    {
      "srcTextID": "13294",
      "srcText": "청아와 엄마는 집 앞에서 티엔티엔과 아줌마를 만났어요. 엄마와 아줌마가 이야기를 나누는 동안, 청아와 티엔티엔은 손가락으로 자동차에 그림을 그렸어요. 자동차마다 먼지가 뽀얗게 쌓여서 꼭 도화지 같았거든요.",
      "srcPage": 11,
      "srcSentenceEA": 3,
      "srcWordEA": 27
    },
    {
      "srcTextID": "13293",
      "srcText": "물차가 물을 뿌리는 것도 길에 쌓인 먼지 때문이래. 어서 들어가서 씻자! 엄마가 얼굴을 찌푸리며 말했어요.",
      "srcPage": 13,
      "srcSentenceEA": 3,
      "srcWordEA": 17
    },
    {
      "srcTextID": "13296",
      "srcText": "다음 날, 아침부터 이상한 냄새가 났어요. 창문 앞에 있는 나무도 잘 보이지 않았지요. “오늘은 공기가 어제보다 더 안 좋아서 유치원에 갈 수가 없어.”",
      "srcPage": 14,
      "srcSentenceEA": 3,
      "srcWordEA": 24
    },
    {
      "srcTextID": "13285",
      "srcText": "청아는 비행기에서 내렸어요. “어, 아빠다! 아빠!” 청아는 아빠에게 달려갔어요. 인사를 마치고 아빠는 커다란 마스크를 꺼내서 청아와 엄마에게 씌워 주었지요. ",
      "srcPage": 3,
      "srcSentenceEA": 5,
      "srcWordEA": 22
    },
    {
      "srcTextID": "13287",
      "srcText": "친구의 이름은 ‘티엔티엔’이라고 했어요. 청아와 같은 유치원에 다닌대요. 티엔티엔은 걸으면서 자꾸만 기침을 했어요.",
      "srcPage": 6,
      "srcSentenceEA": 4,
      "srcWordEA": 16
    },
    {
      "srcTextID": "13288",
      "srcText": "공기가 나빠서 바깥 놀이를 할 수 없대요. “난 바깥 놀이를 좋아하는데.” 청아는 입을 삐죽거렸지만 어쩔 수 없었어요.",
      "srcPage": 9,
      "srcSentenceEA": 3,
      "srcWordEA": 18
    },
    {
      "srcTextID": "13297",
      "srcText": "베이징은 공기가 나쁜 날에는 유치원도 학교도 갈 수 없다고 해요. 청아는 티엔티엔의 집에 놀러 갔어요. 청아와 티엔티엔은 그림을 그렸어요. ",
      "srcPage": 15,
      "srcSentenceEA": 3,
      "srcWordEA": 21
    },
    {
      "srcTextID": "13295",
      "srcText": "그런데 티엔티엔의 그림이 좀 이상했어요. “티엔티엔, 하늘이 왜 회색이야? 하늘은 파란색인데.” “베이징의 하늘은 뿌연 회색이니까.”",
      "srcPage": 16,
      "srcSentenceEA": 4,
      "srcWordEA": 16
    },
    {
      "srcTextID": "20612",
      "srcText": "“나무를 많이 심어요.” “자동차보다 자전거를 많이 타요.” “공장의 매연을 줄여요.”",
      "srcPage": 21,
      "srcSentenceEA": 3,
      "srcWordEA": 10
    },
    {
      "srcTextID": "20613",
      "srcText": "집으로 돌아가서 청아는 화분에 나무를 심었어요. 그리고 간절히 소원을 빌었어요. “티엔티엔, 공기가 좋아지면 꼭 다시 만나자!”",
      "srcPage": 22,
      "srcSentenceEA": 3,
      "srcWordEA": 17
    },
    {
      "srcTextID": "13284",
      "srcText": " “베이징은 공기가 나빠서 꼭 마스크를 써야 한단다.” 청아는 유리에 비친 모습을 보았어요. 외계인 가족이 걸어가는 것 같았지요. ",
      "srcPage": 4,
      "srcSentenceEA": 3,
      "srcWordEA": 19
    },
    {
      "srcTextID": "13286",
      "srcText": "청아는 재미있어서 푸푸 웃었어요. 청아가 유치원에 가는 첫날, 엄마는 또 커다란 마스크를 씌워 주었어요. 문을 나서니 앞집의 또래 친구도 마스크를 쓰고 나왔어요.",
      "srcPage": 5,
      "srcSentenceEA": 3,
      "srcWordEA": 24
    },
    {
      "srcTextID": "13289",
      "srcText": "유치원 문 앞에 머리가 노란 아이, 피부가 까만 아이, 세계 여러 나라에서 온 아이들이 모였어요. 생김새는 모두 달랐지만 같은 점이 있었어요. 모두 커다란 마스크를 쓰고 있었거든요. ",
      "srcPage": 7,
      "srcSentenceEA": 3,
      "srcWordEA": 28
    },
    {
      "srcTextID": "13292",
      "srcText": "꽃도 그리고, 공룡도 그리고, 외계인도 그렸어요. 갑자기 티엔티엔이 기침을 하기 시작했어요. 콜록콜록! 콜록콜록! 청아야, 먼지 만지고 놀면 안 돼! ",
      "srcPage": 12,
      "srcSentenceEA": 5,
      "srcWordEA": 23
    },
    {
      "srcTextID": "121934",
      "srcText": " 티엔티엔은 친절하고 재미있는 친구였어요. 청아는 티엔티엔이 참 좋았어요. 청아와 티엔티엔은 공기가 좋은 날에는 유치원에서 함께 놀고 공기가 나쁜 날에는 집에서 함께 놀았어요. 언제나 둘이 함께여서 참 좋았어요. 그런데 날이 갈수록 티엔티엔의 기침은 점점 더 심해졌어요. 콜록콜록! 콜록콜록! 콜록콜록!",
      "srcPage": 17,
      "srcSentenceEA": 8,
      "srcWordEA": 46
    },
    {
      "srcTextID": "20610",
      "srcText": "어느 날, 엄마가 말했어요. “청아야, 티엔티엔이 이사 간대. 베이징의 나쁜 공기 탓에 티엔티엔의 건강이 나빠져서 공기가 좋은 곳으로 가야 한다는구나.” 청아는 티엔티엔이 아픈 것도, 이사 가는 것도 다 나쁜 공기 때문이라고 생각하니 무척 화가 났어요. 뿌연 하늘도, 뽀얀 먼지도, 커다란 물차도, 커다란 마스크도 모두 모두 싫었어요. ",
      "srcPage": 18,
      "srcSentenceEA": 5,
      "srcWordEA": 49
    },
    {
      "srcTextID": "13298",
      "srcText": "뿌연 하늘도, 뽀얀 먼지도, 커다란 물차도, 커다란 마스크도 모두 모두 싫었어요. 티엔티엔이 이사 가는 날도 공기가 무척 나빴어요. 청아는 티엔티엔을 조금 더 보고 싶었지만, 티엔티엔이 탄 차는 금세 뿌연 먼지 속으로 사라져 버렸어요.",
      "srcPage": 19,
      "srcSentenceEA": 3,
      "srcWordEA": 35
    },
    {
      "srcTextID": "20611",
      "srcText": "“공기가 좋아지면 티엔티엔이 다시 돌아오겠지요? 어떻게 해야 공기가 좋아질까요?” 청아는 친구들과 함께 방법을 찾아보았어요.",
      "srcPage": 20,
      "srcSentenceEA": 3,
      "srcWordEA": 16
    }
  ]
}