{
  "title": "우리 아빠는 농업 기술자",
  "author": "신지윤",
  "illustrator": "배혜영",
  "isbn": "9791165433635",
  "readAge": "초등_고학년",
  "publishedYear": 2021,
  "publisher": "아람키즈",
  "classification": "자연탐구",
  "paragraphInfoCount": 18,
  "paragraphInfo": [
    {
      "srcTextID": "7361",
      "srcText": "새로운 포도, 맛있는 포도를 만들어요. 포도 기르는 방법을 농부들에게 가르쳐 주어요. 아하! 아빠 오리는 농업 기술자였구나!",
      "srcPage": 13,
      "srcSentenceEA": 4,
      "srcWordEA": 19
    },
    {
      "srcTextID": "7303",
      "srcText": "개굴이는 동물 마을의 탐정이에요. 마을에 어려운 문제가 생기면 누구나 개굴 탐정소에 찾아왔어요. 개굴 탐정과 악어 조수는 아무리 어려운 사건도 척척 해결해 주었거든요.",
      "srcPage": 1,
      "srcSentenceEA": 3,
      "srcWordEA": 24
    },
    {
      "srcTextID": "7356",
      "srcText": "“아냐, 아냐! 아빠는 선생님이라니까!” 넷째 오리가 발을 쿵쿵 구르며 소리쳤어요. “아빠는 선생님이에요. 다른 아저씨들이 우리 아빠한테 포도 기르는 법을 배우는걸요.” 아기 오리들의 이야기를 모두 들은 개굴 탐정은 한동안 깊은 생각에 빠졌어요.",
      "srcPage": 8,
      "srcSentenceEA": 6,
      "srcWordEA": 35
    },
    {
      "srcTextID": "7357",
      "srcText": "“이건 너무 어려운 사건이에요.” 악어 조수는 고개를 절레절레 흔들었어요. “아빠 오리가 어떤 일을 하는지는 몰라도 포도와 관계가 있는 것은 분명해. 꽥꽥 씨에게 물어봐야겠어.”",
      "srcPage": 9,
      "srcSentenceEA": 4,
      "srcWordEA": 25
    },
    {
      "srcTextID": "7304",
      "srcText": "“괜찮아, 괜찮아. 우리가 집을 찾아 줄게.” 하지만 아기 오리들은 집 주소도, 전화번호도, 엄마 아빠의 이름도 알지 못했어요. 개굴 탐정은 좋은 생각이 떠올랐어요.",
      "srcPage": 3,
      "srcSentenceEA": 4,
      "srcWordEA": 25
    },
    {
      "srcTextID": "7354",
      "srcText": "“아빠가 음악을 하신다고?” 둘째 오리가 대답했어요. “우리 아빠는요, 포도나무에게 음악을 들려줘요. 좋은 음악을 들려주면 포도가 더 잘 자란대요.”",
      "srcPage": 6,
      "srcSentenceEA": 4,
      "srcWordEA": 20
    },
    {
      "srcTextID": "7355",
      "srcText": "“아빠가 어떤 음식을 만드시니?” 셋째 오리가 대답했어요. “포도로 주스도 만들고, 잼도 만들어요. 아빠가 만든 포도 주스가 제일 맛있어요.” 개굴 탐정은 고개를 끄덕끄덕, 악어 조수는 침을 꼴깍 삼켰지요.",
      "srcPage": 7,
      "srcSentenceEA": 5,
      "srcWordEA": 30
    },
    {
      "srcTextID": "7358",
      "srcText": "개굴 탐정은 깜짝 놀랐어요. 뒤에서 나타난 꽥꽥 씨가 붙잡아 주지 않았다면 개굴 탐정은 꽈당! 엉덩방아를 찧었을지도 몰라요.",
      "srcPage": 11,
      "srcSentenceEA": 3,
      "srcWordEA": 19
    },
    {
      "srcTextID": "7305",
      "srcText": "어느 여름날이었어요. 따르릉! 전화가 걸려 왔지요. “개굴 탐정 소지요? 아기 오리 네 마리가 길을 잃어 울고 있어요.” 개굴 탐정과 악어 조수는 재빨리 달려갔어요.",
      "srcPage": 2,
      "srcSentenceEA": 6,
      "srcWordEA": 27
    },
    {
      "srcTextID": "7352",
      "srcText": "개굴 탐정과 악어 조수는 아기 오리들을 탐정소로 데려왔어요. 그러고는 발명가이고 음악가이며, 요리사이자 선생님인 오리를 찾아보았지요. 하지만 어디에도 그런 오리는 없었어요.",
      "srcPage": 4,
      "srcSentenceEA": 3,
      "srcWordEA": 22
    },
    {
      "srcTextID": "7353",
      "srcText": "개굴 탐정은 아기 오리들에게 더 자세히 물어보기로 했어요. “아빠가 어떤 것을 발명하시니?” 첫째 오리가 대답했어요. “아주아주 큰 포도, 노란색 포도, 껍질째 먹는 포도까지! 신기하고 맛있는 포도를 만들어요.”",
      "srcPage": 5,
      "srcSentenceEA": 5,
      "srcWordEA": 29
    },
    {
      "srcTextID": "7359",
      "srcText": "개굴 탐정은 아기 오리들을 태우고 꽥꽥 씨의 포도 농장으로 갔어요. 농장에 도착한 아기 오리들은 갑자기 신이 나서 소리쳤어요. “와, 우리 집이다!” “여기가 너희 집이라고?”",
      "srcPage": 10,
      "srcSentenceEA": 4,
      "srcWordEA": 25
    },
    {
      "srcTextID": "7360",
      "srcText": "개굴 탐정이 정신을 차리자, 꽥꽥 씨는 포도 농장을 구경시켜 주었어요. 좋은 음악을 들려주면 포도가 더 잘 자라요. 포도로 맛있는 잼과 주스를 만들어서 팔아요.",
      "srcPage": 12,
      "srcSentenceEA": 3,
      "srcWordEA": 25
    },
    {
      "srcTextID": "7362",
      "srcText": "개굴 탐정과 악어 조수는 꽥꽥 씨가 키운 포도를 실컷 먹었어요. 달콤한 포도주스와 잼도 선물로 받았지요. 탐정소로 돌아가는 길에 개굴 탐정은 아기 오리들에게 살짝 속삭였어요. “이제부터 아빠 직업이 뭐냐고 누가 물어보면, 농업 기술자라고 대답하렴!”",
      "srcPage": 14,
      "srcSentenceEA": 4,
      "srcWordEA": 35
    },
    {
      "srcTextID": "128721",
      "srcText": "무슨 일을 하나요? 농업 기술에 정보 통신 기술을 적용하여 언제 어디서든지 농작물과 가축을 관리할 수 있는 농장을 개발하고 농업 종사자에게 알리는 일을 해요. 농업과 정보 통신 분야의 지식을 바탕으로 스마트 팜과 관련된 전문적인 교육을 받은 후, 연구소나 대학교, 스마트 팜 장치를 만드는 기업 등에서 활동할 수 있어요.",
      "srcPage": 18,
      "srcSentenceEA": 3,
      "srcWordEA": 49
    },
    {
      "srcTextID": "128715",
      "srcText": "“얘들아, 아빠가 어떤 일을 하시니?” 아기 오리들은 잠시 생각했어요. 첫째 오리는 “발명가예요!”, 둘째 오리는 “음악가예요.”, 셋째 오리는 “요리사요!”, 넷째 오리는 “아냐, 선생님이야!” 하고 대답했지요.",
      "srcPage": 15,
      "srcSentenceEA": 8,
      "srcWordEA": 30
    },
    {
      "srcTextID": "128717",
      "srcText": "어떻게 농업을 시작하게 되었나요? 취미로 유기농 사과를 키우다가 농업을 시작하게 되었어요. 벌레 먹은 사과를 거둔 적이 있는데, 그 과정에서 화학 비료 없이 안전하게 과일을 거둘 수 있는 방법에 대해 고민하면서 농업에 매력을 느꼈어요.",
      "srcPage": 16,
      "srcSentenceEA": 3,
      "srcWordEA": 35
    },
    {
      "srcTextID": "128719",
      "srcText": "어떤 농산물을 키우나요? 포도와 사과를 키우고 있어요. 요즘은 첨단 과학 기술을 이용한 농사법을 배워서 병해충을 과학적으로 예측하고, 좋은 씨앗을 보급하기 위해 노력하고 있어요.",
      "srcPage": 17,
      "srcSentenceEA": 3,
      "srcWordEA": 25
    }
  ]
}