{
  "title": "열 도둑을 잡아라!",
  "author": "곽민수",
  "illustrator": "김삼현",
  "isbn": "9791128211379",
  "readAge": "초등_고학년",
  "publishedYear": 2018,
  "publisher": "아람북스",
  "classification": "자연탐구",
  "paragraphInfoCount": 27,
  "paragraphInfo": [
    {
      "srcTextID": "108906",
      "srcText": "“이제 열 도둑은 없겠지?” 냥이는 아이코 할머니네 집 구석구석을 둘러보았어. 그런데 벽의 갈라진 틈으로 차가운 바람이 들어오는 게 아니겠어? “앗, 열 도둑이 또 나타났다!” 냥이는 고민에 빠졌어.",
      "srcPage": 22,
      "srcSentenceEA": 5,
      "srcWordEA": 30
    },
    {
      "srcTextID": "108888",
      "srcText": "마침 아이코 할머니네 집 앞을 지나가던 냥이가 쌩하고 달려왔어. “도둑이요? 어디요, 어디?” “열 도둑이야, 열 도둑!” ",
      "srcPage": 3,
      "srcSentenceEA": 3,
      "srcWordEA": 17
    },
    {
      "srcTextID": "108885",
      "srcText": "아이코 할머니는 겨울을 싫어했어. 할머니는 유난히 추위에 약했거든. 그런데 요즈음 누군가 할머니네 집의 열을 자꾸만 훔쳐 가지 뭐야?",
      "srcPage": 1,
      "srcSentenceEA": 3,
      "srcWordEA": 20
    },
    {
      "srcTextID": "108895",
      "srcText": "“어휴, 쇠 국자가 왜 이리 뜨겁지?” “열 때문이에요.” 냥이는 수프가 끓고 있는 냄비를 가리키며 말을 이었어.",
      "srcPage": 11,
      "srcSentenceEA": 3,
      "srcWordEA": 17
    },
    {
      "srcTextID": "108886",
      "srcText": "할머니는 마당을 쓸고 집 안으로 들어갔다가 깜짝 놀라 다시 마당으로 나와 소리쳤어. “아이코! 도, 도둑이야! 누가 좀 도와줘!”",
      "srcPage": 2,
      "srcSentenceEA": 3,
      "srcWordEA": 20
    },
    {
      "srcTextID": "108902",
      "srcText": "“욕조 물에 손을 살짝 담갔을 때는 따뜻했는데, 물속에 들어가니 차갑구나.” “아! 뜨거운 물은 위로, 차가운 물은 아래로 이동해서 그래요. 그러니까 물의 윗부분이 따뜻하다고 해서 물 전체가 따뜻한 건 아니에요.” “이번 열 도둑은 욕조에 먼저 받아 두었던 찬물이구나.”",
      "srcPage": 19,
      "srcSentenceEA": 4,
      "srcWordEA": 39
    },
    {
      "srcTextID": "108907",
      "srcText": "다음 날 아침, 냥이가 아이코 할머니네 집으로 달려왔어. 그런데 바구니에 뭔가를 잔뜩 담아 왔지 뭐야? “냥이야, 그건 다 뭐니?” “제가 이걸로 열 도둑을 잡아 드릴게요.” 냥이가 담아 온 건 진흙이었어.",
      "srcPage": 23,
      "srcSentenceEA": 5,
      "srcWordEA": 32
    },
    {
      "srcTextID": "108911",
      "srcText": "“할머니, 이제 열 도둑은 걱정하지 마세요.” “그래, 모두 네 덕분이야. 고맙다, 호호!” 냥이가 돌아가고 나서 아이코 할머니는 싱글벙글 웃었어.",
      "srcPage": 26,
      "srcSentenceEA": 4,
      "srcWordEA": 21
    },
    {
      "srcTextID": "108910",
      "srcText": "“그런데 왜 이렇게 코끝이 시리지?” 할머니는 두리번거리다가 열린 창문을 발견했어. “아이코, 열 도둑이네! 얼른 창문을 닫아야지!”",
      "srcPage": 27,
      "srcSentenceEA": 4,
      "srcWordEA": 18
    },
    {
      "srcTextID": "108887",
      "srcText": "“할머니, 자세히 말씀해 보세요.” 할머니는 냥이를 데리고 집 안으로 들어갔어. “내가 난로를 피워 거실을 따뜻하게 데워 놨어. 그런데 마당을 쓸고 온 사이에 누가 거실의 열을 훔쳐 갔어. 이것 봐, 거실이 따뜻하지 않잖아?”",
      "srcPage": 4,
      "srcSentenceEA": 5,
      "srcWordEA": 35
    },
    {
      "srcTextID": "108904",
      "srcText": "“할머니, 이제 푹 주무세요.” “그래, 고맙구나. 너도 집에 가서 편히 쉬렴.” 할머니는 침대에 누워 두꺼운 이불을 덮었어.",
      "srcPage": 21,
      "srcSentenceEA": 4,
      "srcWordEA": 19
    },
    {
      "srcTextID": "108909",
      "srcText": "냥이는 빙그레 웃으며 벽에 진흙을 발랐어. 아이코 할머니도 냥이를 도와 진흙을 열심히 발랐지. 냥이와 할머니가 아침부터 애쓴 덕분에 할머니네 집은 찬바람이 들어올 틈이 없어졌어.",
      "srcPage": 24,
      "srcSentenceEA": 3,
      "srcWordEA": 26
    },
    {
      "srcTextID": "108908",
      "srcText": "“이런 걸 단열이라고 해요! 할머니, 이제 열 도둑을 모두 잡았어요!” 냥이가 의기양양한 표정으로 말했어.",
      "srcPage": 25,
      "srcSentenceEA": 3,
      "srcWordEA": 16
    },
    {
      "srcTextID": "108890",
      "srcText": "“찾았다고? 그게 누구야?” “하하, 열 도둑은 지붕에 난 구멍이에요.” “구멍이 열 도둑이라니! 그게 무슨 말이니?”",
      "srcPage": 6,
      "srcSentenceEA": 4,
      "srcWordEA": 17
    },
    {
      "srcTextID": "108892",
      "srcText": "“네, 좋아요.” 기분이 좋아진 아이코 할머니는 난로 쪽으로 갔어. 난로 위에는 수프가 보글보글 끓고 있었지.",
      "srcPage": 9,
      "srcSentenceEA": 3,
      "srcWordEA": 17
    },
    {
      "srcTextID": "108896",
      "srcText": "“할머니가 냄비를 뜨겁게 데웠잖아요?” “그래, 냄비를 데웠지. 하지만 쇠 국자는 데우지 않았어.” “뜨거운 냄비의 열이 냄비에 맞닿아 있는 쇠 국자 쪽으로 전달되었기 때문이에요. 온도가 다른 두 물체가 맞닿으면 열은 뜨거운 곳에서 차가운 곳으로 이동하거든요.”",
      "srcPage": 12,
      "srcSentenceEA": 5,
      "srcWordEA": 36
    },
    {
      "srcTextID": "108897",
      "srcText": "“나무 국자는 뜨거운 냄비에 넣어도 뜨겁지 않던데?” “나무는 쇠처럼 열이 빨리 전달되지 않거든요.” “아이코, 그랬구나.”",
      "srcPage": 13,
      "srcSentenceEA": 3,
      "srcWordEA": 15
    },
    {
      "srcTextID": "108905",
      "srcText": "아이코 할머니는 욕조에 뜨거운 물을 조금 더 받고 휘휘 저었어. 그리고 따뜻해진 물에 기분 좋게 목욕을 했지. 할머니가 목욕을 마치자 잘 시간이 되었어.",
      "srcPage": 20,
      "srcSentenceEA": 3,
      "srcWordEA": 25
    },
    {
      "srcTextID": "108901",
      "srcText": "수프를 먹고 나서 아이코 할머니는 목욕을 하고 싶었어. 커다란 욕조에는 찬물이 절반쯤 담겨 있었어. 할머니는 욕조에 뜨거운 물을 받기 시작했지.",
      "srcPage": 15,
      "srcSentenceEA": 3,
      "srcWordEA": 22
    },
    {
      "srcTextID": "108900",
      "srcText": "“아이코, 차가워! 이번에는 누가 열 도둑이야?” 할머니는 몸을 덜덜 떨었어.",
      "srcPage": 17,
      "srcSentenceEA": 3,
      "srcWordEA": 12
    },
    {
      "srcTextID": "108903",
      "srcText": "아이코 할머니는 얼른 욕조에서 나와 덧옷을 입었어. “할머니, 또 왜 그러세요?” 거실에서 쉬고 있던 냥이가 쌩하고 달려와 물었어.",
      "srcPage": 18,
      "srcSentenceEA": 3,
      "srcWordEA": 19
    },
    {
      "srcTextID": "108891",
      "srcText": "냥이는 집 안 구석구석을 살폈어. “아하, 찾았다! 열 도둑!”",
      "srcPage": 5,
      "srcSentenceEA": 3,
      "srcWordEA": 10
    },
    {
      "srcTextID": "108889",
      "srcText": "“난로를 피우면 주변 공기가 따뜻해져요. 따뜻해진 공기는 위로 올라가고, 차가운 공기는 아래로 내려오지요. 계속 그러다 보면 거실 전체가 따뜻해져요. 그런데 따뜻해진 공기가 위로 올라갔을 때, 지붕에 구멍이 뚫려 있어 열이 구멍 밖으로 나가 버린 거예요.”",
      "srcPage": 7,
      "srcSentenceEA": 4,
      "srcWordEA": 38
    },
    {
      "srcTextID": "108894",
      "srcText": "냥이는 널빤지와 못으로 지붕의 구멍을 막았어. 잠시 뒤 거실이 조금씩 따뜻해졌지. “흠, 열 도둑을 잡다니, 대단해! 따뜻한 수프 좀 먹고 갈래?”",
      "srcPage": 8,
      "srcSentenceEA": 4,
      "srcWordEA": 23
    },
    {
      "srcTextID": "108893",
      "srcText": "그런데 수프를 뜨려던 아이코 할머니가 소리를 질렀어. “아이코! 뜨거워!” 할머니는 손에 쥐고 있던 쇠 국자를 떨어뜨렸어. 냥이는 쌩하고 달려가 찬물을 떠 왔지. \"할머니, 찬물에 손을 담그세요.\"",
      "srcPage": 10,
      "srcSentenceEA": 5,
      "srcWordEA": 29
    },
    {
      "srcTextID": "108898",
      "srcText": "“할머니는 국자를 냄비에 넣은 채 깜빡깜빡 잊어버리시잖아요. 그러니까 앞으로는 나무 국자만 쓰세요.” 아이코 할머니는 부끄러운 듯 살짝 미소를 지었어.",
      "srcPage": 14,
      "srcSentenceEA": 3,
      "srcWordEA": 21
    },
    {
      "srcTextID": "108899",
      "srcText": "“뜨거운 물을 얼마나 받아야 물이 따뜻해질까?” 할머니는 뜨거운 물을 받다가 욕조 물에 살짝 손을 담가 보았어. “따뜻하구나.” 할머니는 욕조 안으로 풍덩 들어갔어.",
      "srcPage": 16,
      "srcSentenceEA": 3,
      "srcWordEA": 24
    }
  ]
}