{
  "title": "아기 양들을 부탁해요",
  "author": "전혜영",
  "illustrator": "김동훈",
  "isbn": "9788998212957",
  "readAge": "초등_고학년",
  "publishedYear": 2012,
  "publisher": "한얼에듀",
  "classification": "자연탐구",
  "paragraphInfoCount": 16,
  "paragraphInfo": [
    {
      "srcTextID": "3918",
      "srcText": "어느 날, 엄마 양이 하마 아줌마를 찾아왔어요. 하마 아줌마는 무슨 일이 생기면 척척 해결해 주거든요. “아기 양들만 집에 두는 게 너무 걱정돼요.”",
      "srcPage": 1,
      "srcSentenceEA": 3,
      "srcWordEA": 23
    },
    {
      "srcTextID": "3919",
      "srcText": "“무슨 일이 있나요?” 엄마 양은 자신의 어릴 적 이야기를 했어요. “엄마가 시장에 가시고 집에 없을 때, 늑대가 들어와 언니 오빠들을 삼켜 버렸어요.”",
      "srcPage": 2,
      "srcSentenceEA": 3,
      "srcWordEA": 23
    },
    {
      "srcTextID": "3926",
      "srcText": "‘아기 양들을 아끼고 지켜 줄 경호원은 없을까? 그래, 맞아! 거루 씨가 있었지.’ 하마 아줌마는 거루 씨에게 전화를 했어요.",
      "srcPage": 10,
      "srcSentenceEA": 4,
      "srcWordEA": 21
    },
    {
      "srcTextID": "3932",
      "srcText": "거루 씨는 번개처럼 슝슝, 긴 꼬리로 늑대의 엉덩이를 뻥 차 버렸어요. 이제 엄마 양은 아기 양들이 유치원에 갈 때도, 집에서 놀고 있을 때도 걱정이 없어요. 멋진 경호원 거루 씨가 있으니까요.",
      "srcPage": 15,
      "srcSentenceEA": 3,
      "srcWordEA": 32
    },
    {
      "srcTextID": "3920",
      "srcText": "“저는 시계 속에 몰래 숨어서 들키지 않았죠. 마침 시장에서 돌아온 엄마와 함께 언니 오빠들을 구할 수 있었어요. 이제 엄마가 되고 보니 제가 없을 때 아기 양들을 지켜 줄 누군가가 필요해요.”",
      "srcPage": 3,
      "srcSentenceEA": 3,
      "srcWordEA": 32
    },
    {
      "srcTextID": "3931",
      "srcText": "아기 양들과 그림책을 읽고 있는데, 앗! 창밖으로 늑대가 보였어요. “이번에는 꼭 잡아먹고 말 테다.”  늑대는 늠름한 거루 씨가 겁이 났지만, 큰소리를 치며 달려왔어요.",
      "srcPage": 14,
      "srcSentenceEA": 4,
      "srcWordEA": 26
    },
    {
      "srcTextID": "3922",
      "srcText": "나는야 날쌘돌이! 뛰어넘기도 잘하지! 달리기 대회에서 일 등을 했어요. 마침내 멋쟁이 따가닥 씨는 아기 양들의 경호원이 되었어요. 따가닥 씨는 아기 양들과 달리기도 하고, 따가닥 따가닥 발차기도 했어요.",
      "srcPage": 5,
      "srcSentenceEA": 5,
      "srcWordEA": 31
    },
    {
      "srcTextID": "3924",
      "srcText": "“으악, 늑대다!” 따가닥 씨는 깜짝 놀라서 달아나 버렸어요. 창문이 쾅 닫히지 않았다면 아기 양들은 큰일을 당했을 거예요. 이번에는 재주 많은 몽몽 씨가 아기 양들의 경호원이 되었어요.",
      "srcPage": 7,
      "srcSentenceEA": 4,
      "srcWordEA": 29
    },
    {
      "srcTextID": "3925",
      "srcText": "몽몽 씨는 아기 양들과 나무 타기도 하고, 매달리기 재주도 보여 주었어요. 몽몽 씨와 아기 양들이 도시락을 맛있게 먹으려는데, 늑대가 살금살금 다가왔어요. 둘째 양이 소리쳤어요. “으악, 늑대다!”",
      "srcPage": 8,
      "srcSentenceEA": 4,
      "srcWordEA": 28
    },
    {
      "srcTextID": "3927",
      "srcText": "몽몽 씨는 허겁지겁 도망치다가 늑대가 쳐 놓은 올가미에 걸리고 말았어요. 늑대가 나무에 꽉 끼지 않았다면 아기 양들은 큰일을 당했을 거예요. 하마 아줌마는 곰곰이 생각했어요.",
      "srcPage": 9,
      "srcSentenceEA": 3,
      "srcWordEA": 26
    },
    {
      "srcTextID": "3928",
      "srcText": "“아주 똘똘한 아기 양들이군.” “유치원에 갈 때도 늑대 녀석이 쫓아온다고?” 못된 늑대는 항상 아기 양들 가까이에서 맴돌고 있었어요.",
      "srcPage": 12,
      "srcSentenceEA": 3,
      "srcWordEA": 19
    },
    {
      "srcTextID": "3930",
      "srcText": "“흠, 어떻게 하면 아기 양들을 지켜 줄 수 있을까.” 경호원이 된 거루 씨는 빈틈없이 주변을 살폈어요. 늑대가 언제 어디에서 나타날지 모르니까요.",
      "srcPage": 13,
      "srcSentenceEA": 3,
      "srcWordEA": 23
    },
    {
      "srcTextID": "3921",
      "srcText": "“경호원이 필요하다는 말씀이시죠?” “네, 맞아요.” 엄마 양의 얼굴이 밝아졌어요. “따가닥 씨가 어떨까요? 정말 날쌔거든요.”",
      "srcPage": 4,
      "srcSentenceEA": 5,
      "srcWordEA": 16
    },
    {
      "srcTextID": "3923",
      "srcText": "아기 양들이 잠자리에 들 시간이었어요. “크앙, 무섭지?” 늑대가 창문으로 얼굴을 들이밀었어요. 첫째 양이 소리쳤어요.",
      "srcPage": 6,
      "srcSentenceEA": 4,
      "srcWordEA": 16
    },
    {
      "srcTextID": "3929",
      "srcText": "엄마 양은 허겁지겁 하마 아줌마에게 전화를 했어요. “따가닥 씨나 몽몽 씨는 도저히 안 되겠어요.” 거루 씨는 아기 양들의 사진을 자세히 살펴보았어요.",
      "srcPage": 11,
      "srcSentenceEA": 3,
      "srcWordEA": 22
    },
    {
      "srcTextID": "147065",
      "srcText": "경호원은 경호를 부탁한 사람의 생명과 재산을 위험으로부터 보호하는 일을 해요. 경호원은 항상 긴장하고 주변을 살펴야 해요. 위험이 언제 어디서 어떻게 나타날지 모르니까요. 또한 자기 몸을 던져서라도 경호하는 사람을 위험으로부터 지켜야 하기 때문에 강한 사명감과 희생정신, 뛰어난 체력이 무엇보다 중요하지요.",
      "srcPage": 16,
      "srcSentenceEA": 4,
      "srcWordEA": 42
    }
  ]
}