{
  "title": "세상에서 가장 아름다운 로봇 발레리나",
  "author": "강성은",
  "illustrator": "오승민",
  "isbn": "9791128211614",
  "readAge": "초등_고학년",
  "publishedYear": 2018,
  "publisher": "아람북스",
  "classification": "자연탐구",
  "paragraphInfoCount": 26,
  "paragraphInfo": [
    {
      "srcTextID": "120275",
      "srcText": "“로봇 다리요? 제 몸에 무시무시한 기계를 달겠다고요?” 안나는 겁이 나 고개를 절레절레 흔들었어요. “공장에 있는 커다란 기계를 떠올린 모양이구나. 요즘 로봇은 훨씬 더 발달해 무시무시하지 않아. 로봇 다리를 달면 다시 발레를 할 수 있을 거야.”",
      "srcPage": 7,
      "srcSentenceEA": 6,
      "srcWordEA": 39
    },
    {
      "srcTextID": "120281",
      "srcText": "“안나 님, 제 머리에는 뇌 대신 컴퓨터가 들어 있어요. 저는 컴퓨터에 들어 있는 정보로 판단하고 행동해요. 박사님이 제 머리에 들어 있는 컴퓨터에 안나 님에 대한 정보를 많이 넣어 주셨어요.”",
      "srcPage": 13,
      "srcSentenceEA": 3,
      "srcWordEA": 31
    },
    {
      "srcTextID": "120285",
      "srcText": "화면 속 박사가 말을 마치고 바지를 걷어 올렸어요. 바지 아래로 단단해 보이는 로봇 다리가 드러났어요. ‘박사님 다리가 로봇 다리였다니.’ 안나는 깜짝 놀랐어요.",
      "srcPage": 16,
      "srcSentenceEA": 4,
      "srcWordEA": 25
    },
    {
      "srcTextID": "120288",
      "srcText": "“로봇들이 크기도 모양도 제각각이지? 하는 일도 모두 다르지만 공통점이 하나 있어. 이 로봇들은 사람들을 대신해 일하거나 사람들이 더 나은 삶을 살 수 있도록 도와준단다. 자, 하나하나 소개하지.”",
      "srcPage": 20,
      "srcSentenceEA": 4,
      "srcWordEA": 30
    },
    {
      "srcTextID": "120270",
      "srcText": "그 가운데 안나도 있었어요. 안나는 무너진 기둥에 다리가 깔려 꼼짝 못 하고 있었어요. 그때 기다란 벌레 같은 것이 꿈틀거리며 다가왔어요.",
      "srcPage": 2,
      "srcSentenceEA": 3,
      "srcWordEA": 22
    },
    {
      "srcTextID": "120271",
      "srcText": "앞쪽에는 꼭 손전등이 달려 있는 것처럼 반짝반짝 빛이 났어요. ‘참 이상하게도 생겼네.’ 그런 생각을 하다 안나는 그만 정신을 잃고 말았어요.",
      "srcPage": 3,
      "srcSentenceEA": 3,
      "srcWordEA": 22
    },
    {
      "srcTextID": "120274",
      "srcText": "안나가 깨어난 곳은 병원이었어요. 안나는 무너진 건물에서 마지막으로 구조된 사람이었어요. 하지만 안나는 기쁘지 않았지요.",
      "srcPage": 4,
      "srcSentenceEA": 3,
      "srcWordEA": 16
    },
    {
      "srcTextID": "120276",
      "srcText": "안나는 슬픔에 빠져 침대에만 누워 있었어요. 그러던 어느 날, 한 아저씨가 안나를 찾아왔어요. “나는 로봇을 연구하는 로봇 박사란다. 네 이야기를 듣고 너무 안타까워서 이렇게 찾아왔어. 너에게 로봇 다리를 달아 주고 싶어.”",
      "srcPage": 6,
      "srcSentenceEA": 5,
      "srcWordEA": 34
    },
    {
      "srcTextID": "120278",
      "srcText": "로봇 박사가 안나를 설득했지만 안나는 여전히 겁이 났어요. 안나가 퇴원하는 날, 로봇 박사가 다시 안나를 찾아왔어요. 로봇 박사 곁에는 사람과 닮은 로봇이 있었어요.",
      "srcPage": 8,
      "srcSentenceEA": 3,
      "srcWordEA": 25
    },
    {
      "srcTextID": "120277",
      "srcText": "“안나야, 퇴원 선물로 너를 돌보아 줄 수 있는 휴머노이드 로봇을 주고 싶구나.” 안나가 물끄러미 로봇을 바라보고 있는데 로봇이 갑자기 눈을 반짝 뜨며 안나에게 인사했어요. “안나 님, 안녕하세요? 저는 보미예요.” 안나는 자그마하고 귀여운 보미가 마음에 들었어요.",
      "srcPage": 9,
      "srcSentenceEA": 5,
      "srcWordEA": 38
    },
    {
      "srcTextID": "120279",
      "srcText": " 안나는 보미와 함께 집으로 돌아갔지요. 보미는 정말 놀라웠어요. 먹지도 않고 잠도 자지 않았지만 전혀 지치지 않았어요.",
      "srcPage": 10,
      "srcSentenceEA": 3,
      "srcWordEA": 19
    },
    {
      "srcTextID": "120280",
      "srcText": "“저는 충전만 하면 계속 움직일 수 있어요.” 보미는 몸집이 자그마했지만 힘은 정말 셌어요. 무거운 물건도 번쩍번쩍 들었어요. 청소와 빨래 같은 집안일은 물론이고, 병뚜껑 따기처럼 섬세한 일도 잘 해냈어요. ",
      "srcPage": 11,
      "srcSentenceEA": 4,
      "srcWordEA": 31
    },
    {
      "srcTextID": "120282",
      "srcText": "그뿐만이 아니었어요. 보미는 무엇이든 잘 보고, 소리도 잘 듣고, 냄새도 잘 맡고, 말도 또박또박 잘했어요. 가장 놀라운 점은 보미가 안나에 대해 정말 잘 알고 있다는 거였어요. 안나가 무엇을 필요로 하는지, 무엇을 좋아하고 무엇을 싫어하는지 모르는 게 없었어요.",
      "srcPage": 12,
      "srcSentenceEA": 4,
      "srcWordEA": 40
    },
    {
      "srcTextID": "120284",
      "srcText": "안나는 시간이 흐를수록 보미가 더 좋아졌어요. 집 안에서만 지내는 안나에게 보미는 둘도 없는 친구가 되어 주었어요. 하루는 안나가 보미와 함께 텔레비전을 보고 있었어요.",
      "srcPage": 14,
      "srcSentenceEA": 3,
      "srcWordEA": 25
    },
    {
      "srcTextID": "120283",
      "srcText": "그때 화면에 반가운 얼굴이 나타났어요. 바로 로봇 박사였지요. “저는 5년 전에 사고로 다리를 잃었습니다. 그때부터 저는 사람의 다리가 되어 줄 로봇을 연구하기 시작했습니다. 그리고 얼마 전에 드디어 로봇 다리를 개발하는 데 성공했습니다. 지금은 로봇 다리 덕분에 저도 마음껏 걷고 뛸 수 있게 되었답니다.”",
      "srcPage": 15,
      "srcSentenceEA": 6,
      "srcWordEA": 47
    },
    {
      "srcTextID": "120286",
      "srcText": "다음 날, 안나는 휠체어를 타고 집을 나섰어요. 안나가 집 밖으로 나온 것은 사고가 난 뒤로 처음이었어요. ‘혼자라면 뭐든지 힘들겠지만, 보미가 있으니까 괜찮을 거야!’",
      "srcPage": 17,
      "srcSentenceEA": 3,
      "srcWordEA": 25
    },
    {
      "srcTextID": "120287",
      "srcText": "안나가 도착한 곳은 로봇 박사의 연구소였어요. “안나야, 어서 오너라! 다시 만나서 반갑구나.” 로봇 박사는 안나를 따뜻하게 맞아 주었어요.",
      "srcPage": 18,
      "srcSentenceEA": 4,
      "srcWordEA": 20
    },
    {
      "srcTextID": "120289",
      "srcText": "“함께 연구소를 둘러보겠니? 소개해 줄 것이 아주 많단다.” 로봇 박사는 연구 중인 수많은 로봇들을 보여 주었어요.",
      "srcPage": 19,
      "srcSentenceEA": 3,
      "srcWordEA": 18
    },
    {
      "srcTextID": "120291",
      "srcText": "“이 로봇은 사람이 가기 힘든 곳을 조사하는 탐사 로봇이고.” “이 로봇은 사람을 즐겁게 해 주는 애완 로봇이야.” “이 로봇은 재난 현장에서 사람을 구하는 구조 로봇이지.”",
      "srcPage": 21,
      "srcSentenceEA": 3,
      "srcWordEA": 25
    },
    {
      "srcTextID": "120290",
      "srcText": "“어머! 이것은.” 안나는 구조 로봇에게서 눈을 뗄 수가 없었어요. “박사님, 제가 무너진 건물에 갇혀 있을 때 이 로봇을 보았어요.” “맞아, 그 로봇이 안나를 발견하고 구해 주었단다!” 안나가 벌레라고 생각했던 것은 바로 구조 로봇이었어요.",
      "srcPage": 22,
      "srcSentenceEA": 5,
      "srcWordEA": 36
    },
    {
      "srcTextID": "120292",
      "srcText": "“안나야, 로봇은 앞으로 더 많은 사람들을 도와줄 거야. 또 우리 생활 속 어디에서나 로봇이 쓰이게 될 거란다. 그러니 로봇 다리를 단다고 해서 무서워하거나 부끄러워하지 않아도 돼.”",
      "srcPage": 23,
      "srcSentenceEA": 3,
      "srcWordEA": 28
    },
    {
      "srcTextID": "120293",
      "srcText": "로봇 박사의 말에 안나가 고개를 끄덕였어요. “박사님, 제게 로봇 다리를 달아 주세요. 제가 다시 무대 위에 서서 발레를 할 수 있게 도와주세요.”",
      "srcPage": 24,
      "srcSentenceEA": 3,
      "srcWordEA": 23
    },
    {
      "srcTextID": "120272",
      "srcText": "정말 끔찍한 사고였어요. 갑자기 바닥이 흔들리는가 싶더니 건물이 와르르 무너져 내렸어요. 건물 밖으로 무사히 빠져나간 사람들도 있었지만 건물 안에 갇힌 사람들도 많았어요.",
      "srcPage": 1,
      "srcSentenceEA": 3,
      "srcWordEA": 24
    },
    {
      "srcTextID": "120273",
      "srcText": "사고로 오른쪽 다리를 잃었기 때문이에요. 안나는 발레리나예요. 발레리나에게 다리는 목숨과도 같이 소중해요. ‘난 이제 더 이상 발레를 할 수 없을 거야.’",
      "srcPage": 5,
      "srcSentenceEA": 4,
      "srcWordEA": 24
    },
    {
      "srcTextID": "120294",
      "srcText": "로봇 다리는 진짜 다리와 함께 우아하게 움직였어요. 발레 공연이 끝나자 환호와 박수 소리가 쏟아져 나왔어요. 관객석에 있던 로봇 박사와 보미도 크게 박수를 치며 안나를 축하해 주었어요.",
      "srcPage": 26,
      "srcSentenceEA": 3,
      "srcWordEA": 28
    },
    {
      "srcTextID": "120295",
      "srcText": "몇 달이 지났어요. 마침내 안나가 발레 무대에 올랐어요. 안나는 음악에 맞추어 두 다리를 모아 뱅그르르 돌기도 하고, 높이 뛰어오르기도 했어요.",
      "srcPage": 25,
      "srcSentenceEA": 3,
      "srcWordEA": 22
    }
  ]
}