{
  "title": "장난꾸러기 도깨비와 빛 도령",
  "author": "정명순",
  "illustrator": "김준영",
  "isbn": "9791128211355",
  "readAge": "초등_고학년",
  "publishedYear": 2018,
  "publisher": "아람북스",
  "classification": "자연탐구",
  "paragraphInfoCount": 32,
  "paragraphInfo": [
    {
      "srcTextID": "6600",
      "srcText": "“땡! 틀렸어, 답은 바로 빛이야!” 도깨비는 보따리장수의 보따리를 빼앗았어요. “헤헤, 이건 다 내 거야!” ",
      "srcPage": 10,
      "srcSentenceEA": 3,
      "srcWordEA": 16
    },
    {
      "srcTextID": "6604",
      "srcText": "그다음 날 아침, 한 아낙네가 떡 광주리를 이고 가다가 도깨비에게 딱 걸렸어요. “내가 내는 문제를 못 맞히면 그 떡은 몽땅 다 내 거야!” 아낙네는 깜짝 놀라 벌벌 떨었어요. ",
      "srcPage": 11,
      "srcSentenceEA": 3,
      "srcWordEA": 29
    },
    {
      "srcTextID": "6619",
      "srcText": "지금은 아침이어서 해가 낮게 있으니까 그림자가 길지. 점심때는 해가 높이 있으니까 그림자가 짧아진다고. “아, 떡 참 맛나다!” 도깨비는 어느새 떡을 빼앗아 우걱우걱 먹고 사라졌어요.",
      "srcPage": 15,
      "srcSentenceEA": 4,
      "srcWordEA": 26
    },
    {
      "srcTextID": "6625",
      "srcText": "“앗! 어떻게 맞힌 거지?” 도깨비는 깜짝 놀라 입을 다물지 못했어요. “그림자를 보면 알 수 있어요. 빛을 잘 통과시키는 물체일수록 그림자가 연해요.” ",
      "srcPage": 22,
      "srcSentenceEA": 4,
      "srcWordEA": 24
    },
    {
      "srcTextID": "6629",
      "srcText": "도깨비님께서 맞혀 보세요. “좋아! 대신 내가 맞히면 네 복주머니에 가죽 신발까지 몽땅 다 내 거야!” 곰곰 생각하던 도깨비가 자신 있어 하며 대답했어요. ",
      "srcPage": 24,
      "srcSentenceEA": 3,
      "srcWordEA": 24
    },
    {
      "srcTextID": "6630",
      "srcText": "빛 도령은 붓 한 자루를 꺼내 도깨비에게 보여 주었어요. “이 반듯한 붓이 꺾여 보이게 해 보세요. 하지만 진짜로 꺾으면 안 돼요.”",
      "srcPage": 25,
      "srcSentenceEA": 3,
      "srcWordEA": 22
    },
    {
      "srcTextID": "6637",
      "srcText": "사실 괴물처럼 보인 무시무시한 그림자는 마을 사람들이 모여 만든 것이었어요. 지는 해가 낮게 떠 있어서 그림자가 길게 드리워진 거였지요. 마을 사람들은 힘을 합해 도깨비를 쫓아내고 함께 기뻐했어요. 그 뒤로 도깨비는 더 이상 나타나지 않았어요. 마을 사람들은 마음 편하게 고개를 넘어 다닐 수 있게 되었지요.",
      "srcPage": 33,
      "srcSentenceEA": 5,
      "srcWordEA": 48
    },
    {
      "srcTextID": "6593",
      "srcText": "옛날 어느 산속에 내기를 좋아하는 도깨비가 살았어요. 도깨비는 하루 종일 무척 심심했어요. 그래서 고개를 넘어가는 사람들을 붙잡아 장난을 치기로 마음먹었지요. ",
      "srcPage": 1,
      "srcSentenceEA": 3,
      "srcWordEA": 22
    },
    {
      "srcTextID": "6594",
      "srcText": "하루는 엿장수가 건넛마을에 엿을 팔러 고개를 넘어가고 있었어요. 도깨비는 엿장수 앞에 불쑥 나타났어요. “내가 내는 문제를 못 맞히면 그 엿은 몽땅 다 내 거야!”",
      "srcPage": 2,
      "srcSentenceEA": 3,
      "srcWordEA": 25
    },
    {
      "srcTextID": "6596",
      "srcText": "엿장수는 어쩔 수 없이 고개를 끄덕였지요. “자, 이게 뭔지 맞혀 봐. 이게 없으면 아무것도 볼 수 없어!” “그거야 눈이지, 눈!”",
      "srcPage": 3,
      "srcSentenceEA": 4,
      "srcWordEA": 21
    },
    {
      "srcTextID": "6595",
      "srcText": "엿장수가 별것 아니라는 듯 대답했어요. “땡! 틀렸어. 답은 빛이야, 빛! 빛이 있어서 물건이건 사람이건 볼 수 있는 거라고.” 그러자 엿장수가 도깨비에게 따졌어요.",
      "srcPage": 4,
      "srcSentenceEA": 5,
      "srcWordEA": 26
    },
    {
      "srcTextID": "6598",
      "srcText": "“에이, 말도 안 돼. 물건이건 사람이건 거기 있으니까 그냥 눈에 보이는 거지.” “내 말을 못 믿는 거야? 그럼 내가 보여 주지.” 도깨비는 도깨비방망이를 뚝딱 휘둘렀어요. ",
      "srcPage": 5,
      "srcSentenceEA": 5,
      "srcWordEA": 28
    },
    {
      "srcTextID": "6599",
      "srcText": "순식간에 눈앞이 깜깜해져서 아무것도 보이지 않았어요. “자, 어때? 내가 여기 있는 게 네 눈에 보이냐?” 엿장수는 아무 말도 하지 못했어요. ",
      "srcPage": 6,
      "srcSentenceEA": 4,
      "srcWordEA": 22
    },
    {
      "srcTextID": "6597",
      "srcText": " 도깨비가 다시 도깨비방망이를 뚝딱 휘두르자, 사방이 환하게 밝아졌어요. “내 말이 맞지? 빛이 있어야 내가 보이지? 내 몸에 부딪혀 반사된 빛이 네 눈에 들어가서 나를 볼 수 있는 거라고!”  엿장수는 도깨비에게 엿을 몽땅 빼앗겼지요.",
      "srcPage": 7,
      "srcSentenceEA": 5,
      "srcWordEA": 38
    },
    {
      "srcTextID": "6602",
      "srcText": "다음 날, 보따리장수가 고개를 넘어가는데 도깨비가 나타났어요. “내가 내는 문제를 못 맞히면 그 보따리는 내 거야!” 보따리장수가 뭐라 대답할 틈도 없이 도깨비는 말을 이었지요. ",
      "srcPage": 8,
      "srcSentenceEA": 3,
      "srcWordEA": 25
    },
    {
      "srcTextID": "6601",
      "srcText": "“이건 어떤 방향으로 쭉 나아가다가 물체에 부딪히면 방향을 바꾸지. 이게 뭔지 맞혀 봐.” 보따리장수는 머릿속이 하얘져서 아무것도 생각나지 않았어요. “쭉 가다가 물체에 부딪히면 방향을 바꾸는 거라면, 강물? 바람?”",
      "srcPage": 9,
      "srcSentenceEA": 5,
      "srcWordEA": 31
    },
    {
      "srcTextID": "6617",
      "srcText": "“어렵나? 그럼 좀 더 설명해 줄게. 이건 해가 높이 있을 때는 짧고, 해가 낮게 있을 때는 길어.” 도깨비가 귀띔까지 해 주었지만 아낙네는 아무 대답도 못 했어요. ",
      "srcPage": 13,
      "srcSentenceEA": 3,
      "srcWordEA": 29
    },
    {
      "srcTextID": "6618",
      "srcText": "“어휴, 답답해. 답은 그림자야, 그림자!” 도깨비는 아낙네 앞에 도깨비방망이를 곧게 세웠어요. 이것 봐, 빛이 방망이 뒤에 그림자를 그렸잖아.",
      "srcPage": 14,
      "srcSentenceEA": 4,
      "srcWordEA": 21
    },
    {
      "srcTextID": "6621",
      "srcText": "“제게 좋은 생각이 있어요. 모두 제 이야기를 들어 보시겠어요?” 사람들은 빛 도령의 이야기를 듣고 손뼉을 쳤어요.",
      "srcPage": 18,
      "srcSentenceEA": 3,
      "srcWordEA": 18
    },
    {
      "srcTextID": "6632",
      "srcText": "“자, 내가 맞혔으니 어서 복주머니랑 가죽 신발을 내놔.” 도깨비가 무시무시한 목소리로 말했어요. 빛 도령은 납작 엎드려서 도깨비에게 애원했어요. ",
      "srcPage": 27,
      "srcSentenceEA": 3,
      "srcWordEA": 20
    },
    {
      "srcTextID": "6635",
      "srcText": "도깨비는 콧방귀를 뀌었어요. 그때였어요. 도깨비 뒤로 무시무시한 그림자가 나타났어요. 무시무시한 그림자는 금방이라도 도깨비를 덮칠 것 같았어요. ",
      "srcPage": 29,
      "srcSentenceEA": 4,
      "srcWordEA": 19
    },
    {
      "srcTextID": "6633",
      "srcText": "도깨비는 슬그머니 겁이 났어요. 빛 도령이 덜덜 떨며 도깨비에게 말했어요. “도깨비님! 괴, 괴물이 나타났어요!”",
      "srcPage": 30,
      "srcSentenceEA": 3,
      "srcWordEA": 16
    },
    {
      "srcTextID": "6636",
      "srcText": "“괴, 괴물아! 저리 가!” 도깨비는 결국 울음을 터뜨리며 헐레벌떡 도망쳤어요. 그러자 빛 도령이 벌떡 일어나더니 미소를 지었어요. 빛 도령은 무시무시한 그림자를 향해 다가갔어요. ",
      "srcPage": 32,
      "srcSentenceEA": 5,
      "srcWordEA": 27
    },
    {
      "srcTextID": "6603",
      "srcText": "“빛은 물체를 만나면 물체 바로 뒤에 그림을 그려. 이게 뭔지 맞혀 봐.” 아낙네는 아무리 생각해도 그게 뭔지 떠오르지 않았어요. “너, 너무 어려워요.” ",
      "srcPage": 12,
      "srcSentenceEA": 4,
      "srcWordEA": 24
    },
    {
      "srcTextID": "6622",
      "srcText": "떡을 몽땅 빼앗긴 아낙네는 울음을 터뜨렸지요. 마을 사람들은 걱정이 많았어요. “도깨비 때문에 고개를 넘어 옆 마을로 갈 수가 없어.”",
      "srcPage": 16,
      "srcSentenceEA": 3,
      "srcWordEA": 20
    },
    {
      "srcTextID": "6620",
      "srcText": "“도깨비에게 물건을 모두 빼앗기니 손해가 이만저만이 아니야.” “도깨비를 쫓아낼 방법이 없을까?” 모두 골똘히 생각하고 있는데 잠자코 있던 빛 도령이 나섰어요. ",
      "srcPage": 17,
      "srcSentenceEA": 3,
      "srcWordEA": 21
    },
    {
      "srcTextID": "6623",
      "srcText": "빛 도령은 일부러 도깨비가 나타난다는 고개로 향했어요. 빛 도령이 고개에 접어들자 어김없이 도깨비가 나타났어요. 내가 내는 문제를 못 맞히면 네 복주머니는 내 거야! ",
      "srcPage": 19,
      "srcSentenceEA": 3,
      "srcWordEA": 25
    },
    {
      "srcTextID": "6624",
      "srcText": "빛을 잘 통과시키는 순서대로 이 물건들을 늘어놓아 봐. 도깨비는 도자기, 유리병, 한지를 꺼냈어요. “음, 이건 정말 어려운 문제네요.”",
      "srcPage": 20,
      "srcSentenceEA": 3,
      "srcWordEA": 19
    },
    {
      "srcTextID": "6627",
      "srcText": "빛 도령은 능청스레 고민하는 척했어요. 도깨비는 복주머니를 가질 생각에 기분이 좋아 낄낄거렸어요. 한참을 고민하는 척하던 빛 도령은 유리병, 한지, 도자기 순으로 물건을 늘어놓았어요. ",
      "srcPage": 21,
      "srcSentenceEA": 3,
      "srcWordEA": 25
    },
    {
      "srcTextID": "6628",
      "srcText": "“으하하, 아주 쉬운 문제인걸.” 도깨비는 거들먹거리며 냇가로 가서 냇물에 붓을 담갔지요. “어때? 반듯한 붓이 꺾여 보이지?” ",
      "srcPage": 26,
      "srcSentenceEA": 3,
      "srcWordEA": 18
    },
    {
      "srcTextID": "6631",
      "srcText": "“복주머니는 어머니가 주신 소중한 물건이에요. 도깨비님, 가죽 신발은 드릴 테니 제발 복주머니는 가져가지 마세요.” “무슨 소리, 약속은 지켜야지!”",
      "srcPage": 28,
      "srcSentenceEA": 3,
      "srcWordEA": 19
    },
    {
      "srcTextID": "6634",
      "srcText": "도깨비는 애써 무섭지 않은 척하며 말했어요. “나, 나는 하, 하나도 무섭지 않아. 저리 가!” 하지만 무시무시한 그림자는 여전히 넘실대며 움직였어요.",
      "srcPage": 31,
      "srcSentenceEA": 4,
      "srcWordEA": 22
    }
  ]
}