{
  "title": "유리의 새로운 하루 ",
  "author": "지혜",
  "illustrator": "나일영",
  "isbn": "9791128211690",
  "readAge": "초등_고학년",
  "publishedYear": 2018,
  "publisher": "아람북스",
  "classification": "자연탐구",
  "paragraphInfoCount": 24,
  "paragraphInfo": [
    {
      "srcTextID": "7670",
      "srcText": "아침을 먹고 유리는 자기 방으로 돌아왔어. “방이 좀 썰렁해 보이는걸. 다른 가구를 좀 사야겠어.” ",
      "srcPage": 3,
      "srcSentenceEA": 3,
      "srcWordEA": 15
    },
    {
      "srcTextID": "7673",
      "srcText": "방을 비추던 스마트폰 화면에 안락의자가 나타났어. “증강 현실 가구 애플리케이션을 이용하면 마음에 드는 가구를 고르고, 방에 놓았을 때 어울리는지도 미리 알 수 있지.” “엄마, 제 방에 놓을 가구 좀 같이 골라 주세요.”",
      "srcPage": 5,
      "srcSentenceEA": 3,
      "srcWordEA": 32
    },
    {
      "srcTextID": "7672",
      "srcText": "“그래, 엄마도 거실에 놓을 가구를 고르던 참이야. 거실에 분홍색 탁자를 두면 어떨까?” 엄마는 들고 있던 태블릿 피시를 거실 한가운데로 향하게 했어.",
      "srcPage": 6,
      "srcSentenceEA": 3,
      "srcWordEA": 23
    },
    {
      "srcTextID": "7674",
      "srcText": "미용실 의자에 앉아서 앞에 있는 동그란 거울을 보았어. “거울아, 거울아, 오늘은 어떤 머리 모양이 어울릴까?” 유리는 거울을 보며 장난스레 말했어.",
      "srcPage": 8,
      "srcSentenceEA": 3,
      "srcWordEA": 21
    },
    {
      "srcTextID": "7676",
      "srcText": " “놀이공원에 가는 거라 재미있고 독특한 머리 모양으로 하고 싶어요. 그런데 안 어울리면 어쩌죠?” 걱정 마세요. 증강 현실 거울이 여러 가지 머리 모양을 보여 줄 거예요. ",
      "srcPage": 10,
      "srcSentenceEA": 4,
      "srcWordEA": 28
    },
    {
      "srcTextID": "7677",
      "srcText": ". 가장 마음에 들고, 잘 어울리는 모양으로 골라 봐요. “음, 저게 좋겠어요!” 유리가 머리 모양을 고르자 미용사가 유리의 머리를 그대로 매만져 주었어. “정말 마음에 들어요.”",
      "srcPage": 11,
      "srcSentenceEA": 4,
      "srcWordEA": 26
    },
    {
      "srcTextID": "7684",
      "srcText": "옷 가게 직원은 유리에게 어울릴 만한 옷 몇 벌을 보여 주었어. “모두 마음에 드는데, 입어 봐도 될까요?” “증강 현실 거울로 보면 옷을 직접 입어 보지 않아도 잘 어울리는지 알 수 있어요.” ",
      "srcPage": 13,
      "srcSentenceEA": 3,
      "srcWordEA": 31
    },
    {
      "srcTextID": "7686",
      "srcText": "유리는 놀이공원 앞에서 친구를 기다렸어. “지수가 올 때까지 게임이나 해 볼까?” 유리가 스마트폰에서 증강 현실 게임 애플리케이션을 실행했어. ",
      "srcPage": 15,
      "srcSentenceEA": 3,
      "srcWordEA": 19
    },
    {
      "srcTextID": "7685",
      "srcText": " 그러고는 스마트폰을 앞으로 비추었어. 그러자 스마트폰 화면에 사진을 찍는 것처럼 놀이공원이 보이고, 그 앞에 귀엽게 생긴 게임 속 캐릭터들이 나타났어. “친구가 조금 늦게 와도 지루하지 않아. 이곳에 나타난 캐릭터들을 찾아 잡으면서 놀면 되니까.”",
      "srcPage": 16,
      "srcSentenceEA": 4,
      "srcWordEA": 36
    },
    {
      "srcTextID": "7694",
      "srcText": "드디어 지수가 놀이공원에 도착했어. 지수도 재미있는 옷차림을 하고 있었어. 표범 무늬 점퍼를 입고 표범 무늬 모자를 썼어.",
      "srcPage": 17,
      "srcSentenceEA": 3,
      "srcWordEA": 19
    },
    {
      "srcTextID": "7693",
      "srcText": "“와! 지수, 너 표범 같은데.” “유리, 너는 얼룩말 같아.” 마침 퍼레이드가 시작되었어. 유리와 지수는 그 옆으로 가 뽐내듯이 함께 걸었어.",
      "srcPage": 18,
      "srcSentenceEA": 4,
      "srcWordEA": 23
    },
    {
      "srcTextID": "7696",
      "srcText": "다음에 유리와 지수는 정글 체험을 하는 곳으로 갔어. 그곳은 아무것도 없는 텅빈 공간이었어. 유리와 지수가 가상 현실 안경을 썼어.",
      "srcPage": 19,
      "srcSentenceEA": 3,
      "srcWordEA": 21
    },
    {
      "srcTextID": "7695",
      "srcText": "그러자 눈앞에 정글이 펼쳐졌어. “와, 정글에 있는 것 같아.” 둘은 마음껏 소리를 지르며 정글 체험을 했어.",
      "srcPage": 20,
      "srcSentenceEA": 3,
      "srcWordEA": 17
    },
    {
      "srcTextID": "7700",
      "srcText": "유리와 지수는 놀이공원에서 신나게 놀다 나왔어. “유리야, 오늘 정말 즐거웠어.” 지수의 말에 유리도 고개를 끄덕였어.",
      "srcPage": 23,
      "srcSentenceEA": 3,
      "srcWordEA": 16
    },
    {
      "srcTextID": "7666",
      "srcText": "여기는 아이돌 가수, 유리의 방이야. 유리가 침대에서 일어나며 말했어. 오늘은 방송국 촬영이 없는 날이네. ",
      "srcPage": 1,
      "srcSentenceEA": 3,
      "srcWordEA": 16
    },
    {
      "srcTextID": "7667",
      "srcText": "그리고 앨범 재킷 사진을 스캔하자, 스마트폰에서 영상과 음악이 함께 흘러나왔지. 유리는 엄마가 계신 부엌으로 나와 말했어. “엄마, 이 노래에 맞춰 같이 춤춰요.”",
      "srcPage": 2,
      "srcSentenceEA": 3,
      "srcWordEA": 23
    },
    {
      "srcTextID": "7671",
      "srcText": "유리는 스마트폰에서 증강 현실 가구 애플리케이션을 실행했어. 그러고는 스마트폰 카메라로 방 안을 이리저리 비추었지. “방에 이런 안락의자를 놓으면 어떨까?”",
      "srcPage": 4,
      "srcSentenceEA": 3,
      "srcWordEA": 20
    },
    {
      "srcTextID": "7675",
      "srcText": "유리는 오후에 친구 지수와 놀이공원에 가기로 했어. “오늘은 재미있고 독특한 모습이 좋겠는걸.” 유리는 증강 현실 거울이 있는 미용실에 갔어. ",
      "srcPage": 7,
      "srcSentenceEA": 3,
      "srcWordEA": 20
    },
    {
      "srcTextID": "7678",
      "srcText": "그러자 거울이 마법에라도 걸린 듯 다른 머리 모양을 한 유리의 모습을 보여 주었지. “머리를 어떻게 해 줄까요?” 미용사가 유리에게 물었어. ",
      "srcPage": 9,
      "srcSentenceEA": 3,
      "srcWordEA": 21
    },
    {
      "srcTextID": "7682",
      "srcText": "“이 머리에 어울리는 옷도 사러 가야지.” 미용실에서 나온 유리는 옷 가게로 향했어. “놀이공원에 입고 갈 옷 좀 추천해 주세요.” ",
      "srcPage": 12,
      "srcSentenceEA": 3,
      "srcWordEA": 20
    },
    {
      "srcTextID": "7683",
      "srcText": "거울 앞에 선 유리는 마음에 드는 옷을 고르고 화면을 터치했어. 그러자 마치 유리가 직접 그 옷을 입고 있는 것처럼 보였어. “와! 이 줄무늬 옷이 마음에 들어요.”",
      "srcPage": 14,
      "srcSentenceEA": 3,
      "srcWordEA": 28
    },
    {
      "srcTextID": "7698",
      "srcText": "유리와 지수는 극장으로 들어갔어. “여기는 만화 속 장면을 체험할 수 있는 곳이래.” 가상 현실 안경을 쓰자 눈앞에 숲이 펼쳐지고 용이 나타났어. ",
      "srcPage": 21,
      "srcSentenceEA": 3,
      "srcWordEA": 22
    },
    {
      "srcTextID": "7697",
      "srcText": "“아, 위험해!” 지수가 외치자 유리가 말했어. “요술 마차야, 어서 달려라!” 그러자 유리와 지수가 앉아 있는 의자가 덜커덕거렸어. 꼭 달리는 마차를 탄 기분이었어. ",
      "srcPage": 22,
      "srcSentenceEA": 5,
      "srcWordEA": 25
    },
    {
      "srcTextID": "7699",
      "srcText": "“응, 나도! 우리 다음에 또 같이 놀자. 헤어지기 전에 같이 사진 찍을까?” 유리와 지수는 손을 흔들며 스마트폰으로 사진을 찍었어. ",
      "srcPage": 24,
      "srcSentenceEA": 4,
      "srcWordEA": 22
    }
  ]
}