{
  "title": "스크루지와 공기 유령",
  "author": "김미애",
  "illustrator": "오진욱",
  "isbn": "9791128211508",
  "readAge": "초등_고학년",
  "publishedYear": 2018,
  "publisher": "아람북스",
  "classification": "자연탐구",
  "paragraphInfoCount": 39,
  "paragraphInfo": [
    {
      "srcTextID": "12721",
      "srcText": "“날 어디로 데려가려고? 싫어! 안 가!” 겁을 먹은 스크루지가 벌벌 떨며 이불 속으로 숨었어요. 하지만 투명 유령은 스크루지를 단박에 잡아채 어디론가 데려갔어요.",
      "srcPage": 19,
      "srcSentenceEA": 5,
      "srcWordEA": 26
    },
    {
      "srcTextID": "12725",
      "srcText": "투명 유령이 데려간 곳에서는 잔치가 벌어지고 있었어요. 식탁 위에 칠면조 구이, 버섯 수프, 새우튀김 등 온갖 음식들에서 갖가지 냄새가 풍겼어요. “우아, 맛있겠다. 큼큼, 냄새가 아주 좋구나!”",
      "srcPage": 20,
      "srcSentenceEA": 4,
      "srcWordEA": 28
    },
    {
      "srcTextID": "12727",
      "srcText": "굴뚝 청소부의 말이 끝나자마자 스크루지는 숨이 턱 막혔어요. “으윽! 숨을 쉴.” 스크루지는 헐떡거리며 잠에서 깼어요. “후유, 꿈이었구나.” 스크루지가 식은땀을 닦고 다시 막 잠들었을 때였어요.",
      "srcPage": 23,
      "srcSentenceEA": 5,
      "srcWordEA": 27
    },
    {
      "srcTextID": "12728",
      "srcText": "똑! 똑! 얼굴 위로 차가운 것이 떨어졌어요. 깜짝 놀란 스크루지가 벌떡 일어났지요. “나는 공기가 만든 구름 유령이다. 나를 따라오너라.”",
      "srcPage": 24,
      "srcSentenceEA": 5,
      "srcWordEA": 23
    },
    {
      "srcTextID": "7364",
      "srcText": "에취! 스크루지가 금고에서 돈을 꺼내다가 재채기를 했어요. “날씨가 고약하군. 그렇다고 내가 불을 땔 줄 알고!” 스크루지는 입김을 호호 불면서 돈을 세기 시작했어요.",
      "srcPage": 1,
      "srcSentenceEA": 4,
      "srcWordEA": 25
    },
    {
      "srcTextID": "12706",
      "srcText": "“아, 아깝다. 나무토막을 세 개나 썼어. 그렇지! 이왕 불을 땠으니 고구마라도 구워야지.” 스크루지는 난롯불에 고구마를 구웠어요. “하나, 둘, 셋.” 스크루지가 다시 돈을 셀 때였어요. ",
      "srcPage": 3,
      "srcSentenceEA": 7,
      "srcWordEA": 29
    },
    {
      "srcTextID": "12713",
      "srcText": "다음 날이 되었어요. 간밤에 내린 눈이 스크루지의 가게 앞에 소복이 쌓여 있었어요. 스크루지는 심부름꾼을 불러 눈을 치우게 했어요.",
      "srcPage": 8,
      "srcSentenceEA": 3,
      "srcWordEA": 20
    },
    {
      "srcTextID": "12734",
      "srcText": "“싫어! 안 가!” 스크루지가 발버둥을 쳤어요. 하지만 바람 유령은 스크루지를 휘리릭 감싸 스크루지의 가게로 데려갔지요. 거센 바람에 가게가 흔들거렸어요.",
      "srcPage": 31,
      "srcSentenceEA": 4,
      "srcWordEA": 23
    },
    {
      "srcTextID": "12738",
      "srcText": "철커덩 금고 문이 열리고 덜커덩 가게 문이 열렸지요. 그러자 스크루지의 돈이 팔랑팔랑 문밖으로 날아가 남자아이의 집으로 들어갔어요. “안 돼, 그건 내 돈이야. 만지지 마!”",
      "srcPage": 32,
      "srcSentenceEA": 4,
      "srcWordEA": 26
    },
    {
      "srcTextID": "12736",
      "srcText": "스크루지가 소리치며 돈을 쫓아갔어요. “우리 집으로 들어온 거니까 제 돈이에요.” 아이는 밖으로 나와 돈으로 종이비행기를 접어 날렸어요.",
      "srcPage": 33,
      "srcSentenceEA": 3,
      "srcWordEA": 18
    },
    {
      "srcTextID": "12737",
      "srcText": "스크루지는 화가 나서 이리 펄쩍 저리 펄쩍 뛰었어요. “어이쿠, 내 돈, 내 돈! 공기 따위 싹 사라지면 좋겠어!” “쯧쯧, 아직도 정신을 못 차렸군. 공기 따위 싹 사라지면 좋겠다고? 그럼 네 소원대로 공기를 모두 없애 주마.”",
      "srcPage": 34,
      "srcSentenceEA": 6,
      "srcWordEA": 38
    },
    {
      "srcTextID": "12735",
      "srcText": "바람 유령이 말했어요. 그러자 지구를 감싸고 있던 공기가 사라지기 시작했어요. 스크루지는 숨쉬기가 힘들어 쓰러졌어요.",
      "srcPage": 35,
      "srcSentenceEA": 3,
      "srcWordEA": 16
    },
    {
      "srcTextID": "12740",
      "srcText": "“으윽, 잘못했어요. 다시는 안 그럴게요.” 다음 날 아침, 스크루지는 잠에서 깼어요. “우아, 숨 쉴 수 있구나. 후유, 정말 다행이야.”",
      "srcPage": 36,
      "srcSentenceEA": 5,
      "srcWordEA": 22
    },
    {
      "srcTextID": "12742",
      "srcText": "스크루지는 가게로 가 난롯불에 고구마를 올려놓고 밖을 내다보았어요. “앗, 좀 전에 눈을 말끔히 쓸었어요. 진짜예요!” 심부름꾼이 슬금슬금 눈치를 보며 말했어요. ",
      "srcPage": 37,
      "srcSentenceEA": 4,
      "srcWordEA": 22
    },
    {
      "srcTextID": "12739",
      "srcText": "“냄새가 여기까지 퍼져서 저도 모르게 맡았어요.” 지나가던 굴뚝 청소부도 눈치를 보며 말했어요. “흠흠, 괜찮네. 모두 공기가 하는 일인걸. 다들 들어와서 고구마도 먹고 좀 쉬게나.”",
      "srcPage": 38,
      "srcSentenceEA": 5,
      "srcWordEA": 27
    },
    {
      "srcTextID": "12741",
      "srcText": "스크루지가 헛기침을 하며 말했어요. 스크루지는 심부름꾼과 굴뚝 청소부와 함께 고구마를 먹었어요. 그러고는 슬쩍 종이비행기를 창밖으로 날렸어요.",
      "srcPage": 39,
      "srcSentenceEA": 3,
      "srcWordEA": 18
    },
    {
      "srcTextID": "7363",
      "srcText": "그런데 손가락이 꽁꽁 얼어서 자꾸만 돈을 떨어뜨렸어요. “어이쿠, 내 돈! 이러다가 내 돈까지 꽁꽁 얼겠군.” 스크루지는 할 수 없이 벽난로에 불을 땠어요. ",
      "srcPage": 2,
      "srcSentenceEA": 4,
      "srcWordEA": 24
    },
    {
      "srcTextID": "12707",
      "srcText": "굴뚝 청소부가 중얼거렸어요. 그 소리를 듣고 스크루지가 소리쳤어요. “뭐라고? 공짜로 내 불을 쬐고, 내 고구마 냄새까지 맡았겠다? 그럼 그 값을 내야지.”",
      "srcPage": 5,
      "srcSentenceEA": 4,
      "srcWordEA": 24
    },
    {
      "srcTextID": "12710",
      "srcText": "흥! 숨이야 참으면 되지. 어쨌든 오늘 일한 값은 없네. 스크루지는 굴뚝 청소부에게 돈을 한 푼도 주지 않았어요.",
      "srcPage": 7,
      "srcSentenceEA": 3,
      "srcWordEA": 20
    },
    {
      "srcTextID": "12711",
      "srcText": "“치웠는데 눈이 다시 내려 또 쌓인 거예요.” 심부름꾼이 대답하자 스크루지가 버럭 소리를 질렀어요. “핑계 대지 마, 가게 앞에 눈이 절대 쌓이지 않게 해!”",
      "srcPage": 10,
      "srcSentenceEA": 3,
      "srcWordEA": 24
    },
    {
      "srcTextID": "12715",
      "srcText": "심부름꾼이 눈을 쓸다 말고 들어와서 스크루지에게 말했어요. “눈이 계속 내려서 쓸고 또 쓸어도 계속 쌓여요.” “그럼 눈이 내리지 않게 하면 되겠군.”",
      "srcPage": 11,
      "srcSentenceEA": 3,
      "srcWordEA": 21
    },
    {
      "srcTextID": "12714",
      "srcText": "“공기 중의 수증기가 따뜻해진 공기와 함께 하늘로 올라가 구름을 만들고, 구름에서 비와 눈이 만들어져 내리는 거잖아요. 하늘에서 눈이 계속 내리는데 어떡해요?” “난 몰라, 눈을 몽땅 치우기 전에는 들어오지 마!” 스크루지는 심부름꾼을 내쫓고 문을 쾅 닫았어요.",
      "srcPage": 12,
      "srcSentenceEA": 4,
      "srcWordEA": 37
    },
    {
      "srcTextID": "12717",
      "srcText": "심부름꾼은 오들오들 떨면서 가게 앞을 계속 쓸었어요. 스크루지는 가게 안을 왔다 갔다 하면서 씩씩댔어요. “손님이 왜 안 오지? 날씨가 추워서 그런가?” ",
      "srcPage": 13,
      "srcSentenceEA": 4,
      "srcWordEA": 23
    },
    {
      "srcTextID": "12716",
      "srcText": "스크루지는 문을 열고 거리를 둘러보았어요. 그때였어요. 쌩! 찬 바람을 타고 종이비행기가 가게 안으로 들어왔어요. “오라는 손님은 안 오고 이게 뭐야?”",
      "srcPage": 14,
      "srcSentenceEA": 5,
      "srcWordEA": 23
    },
    {
      "srcTextID": "12720",
      "srcText": "종이비행기를 보고 스크루지가 투덜댔어요. 잠시 뒤 가게 안으로 남자아이가 뛰어 들어왔어요. “할아버지, 안녕하세요? 제 비행기 어디 있어요?”",
      "srcPage": 15,
      "srcSentenceEA": 4,
      "srcWordEA": 19
    },
    {
      "srcTextID": "12719",
      "srcText": "“없다! 네가 내 가게로 던졌으니 이 비행기는 내 거다.” “제가 가게로 던진 게 아니고 바람에 날아간 거예요. 바람은 공기가 움직이는 거잖아요. 그러니까 공기가 할아버지 가게로 제 비행기를 날린 거예요.”",
      "srcPage": 16,
      "srcSentenceEA": 4,
      "srcWordEA": 32
    },
    {
      "srcTextID": "12718",
      "srcText": "“그럼 공기가 다시 비행기를 데려갈 때까지 기다리렴.” 스크루지는 아이를 내쫓으며 중얼거렸어요. “치, 어제도 오늘도 모두 공기 타령이야. 쓸모도 없는 공기 따위 싹 사라지면 좋겠군.”",
      "srcPage": 17,
      "srcSentenceEA": 4,
      "srcWordEA": 26
    },
    {
      "srcTextID": "12722",
      "srcText": "그날 밤이었어요. 스크루지는 자고 있다가 눈을 번쩍 떴어요. 자기 곁에 누군가가 있는 것 같았어요. “누, 누구냐? 냉큼 나와!” “나는 네가 숨을 쉴 수 있게 해 주는 공기이다. 어디에나 있지만 보이지 않는 투명 유령이지. 나와 함께 갈 곳이 있다.” ",
      "srcPage": 18,
      "srcSentenceEA": 8,
      "srcWordEA": 43
    },
    {
      "srcTextID": "12723",
      "srcText": "스크루지가 코를 벌름거리며 냄새를 맡았어요. “잠깐만요! 영감님, 제 음식 냄새를 맡았으니 돈을 내세요.” 굴뚝 청소부가 스크루지에게 따졌어요. ",
      "srcPage": 21,
      "srcSentenceEA": 3,
      "srcWordEA": 19
    },
    {
      "srcTextID": "12724",
      "srcText": "알고 보니 투명 유령이 데려간 곳은 굴뚝 청소부의 집이었어요. “돈? 돈을 달라고? 흥, 한 푼도 못 줘. 냄새는 숨을 쉬면 저절로 코로 들어오는 거라고 자네가 말하지 않았나?” “좋아요, 돈을 내지 않겠다면 영감님 말씀대로 숨을 참으세요!”",
      "srcPage": 22,
      "srcSentenceEA": 5,
      "srcWordEA": 38
    },
    {
      "srcTextID": "12726",
      "srcText": "구름 유령은 다짜고짜 스크루지를 정원으로 데려갔어요. 넓은 정원에는 심부름꾼이 기다리고 있었지요. “여기부터 저쪽 끝까지 깨끗하게 청소하세요. 알았지요?”",
      "srcPage": 25,
      "srcSentenceEA": 4,
      "srcWordEA": 19
    },
    {
      "srcTextID": "12731",
      "srcText": "심부름꾼이 심술궂게 말했어요. 스크루지는 몹시 화가 났지만 꾹 참았어요. 심부름꾼 뒤에 구름 유령이 떡 버티고 있었기 때문이에요. ",
      "srcPage": 26,
      "srcSentenceEA": 3,
      "srcWordEA": 19
    },
    {
      "srcTextID": "12730",
      "srcText": "“쳇, 청소가 뭐 별거야?” 스크루지가 눈이 쌓인 정원 바닥을 쓸었어요. 그런데 날씨가 오락가락 바뀌었어요. 후드득 비가 내리다, 펑펑 눈이 쏟아졌지요.",
      "srcPage": 27,
      "srcSentenceEA": 4,
      "srcWordEA": 23
    },
    {
      "srcTextID": "12729",
      "srcText": "“게으름 피우지 말고 빨리 청소하세요. 내 정원이 엉망이 되었잖아요.” 심부름꾼이 호통을 쳤어요. “치웠는데 계속 눈과 비가 내리잖아. 내 잘못이 아니라고.”",
      "srcPage": 28,
      "srcSentenceEA": 5,
      "srcWordEA": 23
    },
    {
      "srcTextID": "12733",
      "srcText": "스크루지가 울먹거리며 대답했어요. “아니야! 내 잘못이 아니야!” 스크루지가 팔을 휘저으며 잠에서 깼어요.",
      "srcPage": 29,
      "srcSentenceEA": 3,
      "srcWordEA": 14
    },
    {
      "srcTextID": "12712",
      "srcText": "그런데 얼마 지나지 않아 다시 눈이 펑펑 내렸어요. “눈을 치우라고 했는데 왜 그대로인 거야? 일도 안 하고 돈을 받을 셈이야?” 스크루지가 잔뜩 심술이 나서 말했어요.",
      "srcPage": 9,
      "srcSentenceEA": 4,
      "srcWordEA": 27
    },
    {
      "srcTextID": "12708",
      "srcText": "굴뚝을 타고 큼큼거리는 소리가 들려왔어요. 스크루지가 창밖을 내다보니 아까 청소를 마친 굴뚝 청소부가 굴뚝에 붙어 코를 벌름거리는 게 아니겠어요? “아, 따뜻하다. 고구마 냄새도 참 좋구나.”",
      "srcPage": 4,
      "srcSentenceEA": 4,
      "srcWordEA": 27
    },
    {
      "srcTextID": "12709",
      "srcText": "네? 영감님, 값이라니요? 고구마 냄새가 따뜻해진 공기를 따라 굴뚝까지 올라온 거예요. 저는 단지 숨을 쉬었는데 냄새가 공기를 따라 저절로 코로 들어왔을 뿐이고요. 숨을 안 쉬고 살 수는 없잖아요?",
      "srcPage": 6,
      "srcSentenceEA": 4,
      "srcWordEA": 32
    },
    {
      "srcTextID": "12732",
      "srcText": "“후유, 또 꿈이었군.” 스크루지는 지쳐서 다시 잠이 들었어요. 하지만 곧 거센 바람에 잠이 깨고 말았지요. “나는 공기가 만든 바람 유령이다. 가자, 시간이 없다.”",
      "srcPage": 30,
      "srcSentenceEA": 5,
      "srcWordEA": 26
    }
  ]
}