{
  "title": "인어공주 부부의 바다보다 깊은 사랑 ",
  "author": "서진희",
  "illustrator": "황종욱",
  "isbn": "9791128211485",
  "readAge": "초등_고학년",
  "publishedYear": 2018,
  "publisher": "아람북스",
  "classification": "자연탐구",
  "paragraphInfoCount": 28,
  "paragraphInfo": [
    {
      "srcTextID": "120302",
      "srcText": "왕자가 발만 동동 구르고 있을 때였어. “제가 도와드릴게요, 왕자님!” 인어 공주의 단짝인 집게 세바스가 나타났지.",
      "srcPage": 6,
      "srcSentenceEA": 3,
      "srcWordEA": 16
    },
    {
      "srcTextID": "120303",
      "srcText": "꼬르륵꼬르륵. “앗, 왕자님!” 세바스가 재빨리 왕자를 마법의 물방울에 태웠어. “콜록콜록! 어휴, 죽을 뻔했네. 바닷물은 왜 이렇게 짠 거야?”",
      "srcPage": 9,
      "srcSentenceEA": 4,
      "srcWordEA": 21
    },
    {
      "srcTextID": "120309",
      "srcText": "\"동식물 찌꺼기는 바다 생물의 먹이가 되기 때문에 이곳에 물고기들이 많이 살아요.\" 갑자기 왕자가 비명을 질렀어. “으악!” 마법의 물방울이 데굴데굴 굴렀고, 왕자와 세바스도 덩달아 굴렀어.",
      "srcPage": 14,
      "srcSentenceEA": 3,
      "srcWordEA": 26
    },
    {
      "srcTextID": "120299",
      "srcText": "인어 공주는 왕자와 결혼하기 위해 마법의 약을 먹었어. 그 약을 먹으면 땅 위에서는 두 다리를 가진 사람이 되고, 물속으로 들어가면 다시 지느러미를 가진 인어가 되지. “바다에 나오니까 좋구나!”",
      "srcPage": 2,
      "srcSentenceEA": 3,
      "srcWordEA": 29
    },
    {
      "srcTextID": "120298",
      "srcText": "오래간만에 바다에 나온 인어 공주는 기분이 좋았어. 그런데 배가 파도에 기우뚱기우뚱 흔들렸어. 왕자는 뱃멀미가 나 속이 울렁거렸지.",
      "srcPage": 3,
      "srcSentenceEA": 3,
      "srcWordEA": 19
    },
    {
      "srcTextID": "120311",
      "srcText": "“걱정하지 마세요. 여기는 그나마 덜 깊은 해구라서 금방 빠져나갈 수 있을 거예요.” 세바스가 말을 마치자 마법의 물방울이 둥둥 떠올랐어.",
      "srcPage": 19,
      "srcSentenceEA": 3,
      "srcWordEA": 21
    },
    {
      "srcTextID": "120319",
      "srcText": "“공주!” 반가운 마음에 왕자는 목이 터져라 인어 공주를 불렀어. “어머나, 왕자님!” 둘은 언제 싸웠냐는 듯, 반가워하며 부둥켜안았어. “여기까지 어떻게 온 거예요?” “세바스가 도와줘서 여기까지 올 수 있었어.”",
      "srcPage": 24,
      "srcSentenceEA": 5,
      "srcWordEA": 29
    },
    {
      "srcTextID": "120312",
      "srcText": "“해구?” “움푹 들어가 있는 육지의 골짜기 같은 곳이에요.” “한참을 굴러떨어진 것 같은데, 해구는 무척 깊은 곳인가 봐?” 맞아요, 그런데 이곳보다 훨씬 더 깊은 해구도 많아요. ",
      "srcPage": 17,
      "srcSentenceEA": 3,
      "srcWordEA": 26
    },
    {
      "srcTextID": "120318",
      "srcText": "바다는 왕자가 생각한 것보다 훨씬 더 넓었어. 가도 가도 끝이 없었지. “세바스, 도대체 바다는 얼마나 넓은 거야?” “지구 표면의 70퍼센트가 넘어요. 육지 면적의 2배가 넘는 거지요.”",
      "srcPage": 21,
      "srcSentenceEA": 5,
      "srcWordEA": 28
    },
    {
      "srcTextID": "120316",
      "srcText": "“세상에, 바다가 그렇게나 넓었단 말이야? 이렇게 넓은 바다에서 어떻게 공주를 찾지? 후유.” 그때였어. 어디선가 익숙한 노랫소리가 들려왔어.",
      "srcPage": 22,
      "srcSentenceEA": 5,
      "srcWordEA": 21
    },
    {
      "srcTextID": "120321",
      "srcText": "멀리서 인어 공주를 지켜보던 바다의 왕이 다가와 말했어. \"바다가 왜 파랗게 보이는지 아느냐? 그건 바다가 빛이 가진 여러 가지 색 가운데 파란색만 빼고 모두 흡수하기 때문이다.\"",
      "srcPage": 25,
      "srcSentenceEA": 3,
      "srcWordEA": 27
    },
    {
      "srcTextID": "120320",
      "srcText": "\"그래서 파란색만 반사되어 우리 눈에 바다가 파랗게 보이는 거야. 너희도 그렇게 바다처럼 사랑하면 좋겠구나. 서로 다른 마음의 빛깔을 받아들이고, 둘이 함께 예쁜 파란색을 빛내 보렴.\" 그러고는 인어 공주와 왕자의 손을 맞잡아 주었어.",
      "srcPage": 26,
      "srcSentenceEA": 4,
      "srcWordEA": 35
    },
    {
      "srcTextID": "120323",
      "srcText": "공주의 말에 왕자가 따스하게 미소 지으며 말했어. “아, 아니오! 날 용서하고 다시 반겨 주는 공주의 마음이야말로 바다보다 넓어요.” 그렇게 인어 공주와 왕자는 서로를 향한 사랑을 깨닫고, 행복하게 살았어.",
      "srcPage": 28,
      "srcSentenceEA": 4,
      "srcWordEA": 30
    },
    {
      "srcTextID": "120297",
      "srcText": " “공주, 이만 성으로 돌아가는 것이 어떻겠소?” “저는 좀 더 있고 싶어요.” \"그럼 공주는 좀 더 있다 오구려. 나는 먼저 돌아가겠소.\" “뭐라고요? 결혼기념일에 저 혼자 있으라고요?” 화가 난 인어 공주는 벌떡 일어나 바다로 첨벙 뛰어들었어. ",
      "srcPage": 4,
      "srcSentenceEA": 6,
      "srcWordEA": 37
    },
    {
      "srcTextID": "120300",
      "srcText": "“앗, 공주!” 왕자가 불렀지만, 인어 공주는 이미 보이지 않았어. “에구, 이를 어쩌지? 수영을 못하니 바다로 뛰어들 수도 없고.”",
      "srcPage": 5,
      "srcSentenceEA": 4,
      "srcWordEA": 20
    },
    {
      "srcTextID": "120301",
      "srcText": "“저에게 마법의 물방울이 있거든요. 여기에 타면 바닷속에서 숨을 쉴 수 있고, 수영을 못해도 바닷속을 자유롭게 다닐 수 있어요.” “좋아, 그럼 당장 공주를 찾으러 가자!”",
      "srcPage": 7,
      "srcSentenceEA": 3,
      "srcWordEA": 25
    },
    {
      "srcTextID": "120304",
      "srcText": "왕자는 마음이 급해서 세바스를 안고 바다로 첨벙 뛰어들었어. 세바스가 미처 마법의 물방울을 준비하기도 전에 말이야. 그 바람에 왕자의 입과 코로 바닷물이 잔뜩 들어왔어.",
      "srcPage": 8,
      "srcSentenceEA": 3,
      "srcWordEA": 25
    },
    {
      "srcTextID": "120305",
      "srcText": "“짠맛을 내는 염분이 바닷물에 녹아 있어서 그래요.” 왕자를 태운 마법의 물방울은 천천히 바닷속을 움직여 갔어. “어라? 물방울이 저절로 움직이네?”",
      "srcPage": 10,
      "srcSentenceEA": 3,
      "srcWordEA": 21
    },
    {
      "srcTextID": "120306",
      "srcText": "왕자는 신기해하며 주변을 두리번거렸어. “바닷물이 계속 흐르니까요.” “정말? 바닷물이 흐른다고? 어디로 흐르는데?” “열대 지방의 따뜻한 바닷물은 추운 극지방으로, 극지방의 차가운 바닷물은 따뜻한 열대 지방으로 흘러서 지구의 온도를 맞춰 주지요.”",
      "srcPage": 11,
      "srcSentenceEA": 5,
      "srcWordEA": 31
    },
    {
      "srcTextID": "120307",
      "srcText": "마법의 물방울은 천천히 아래로 내려갔어. 조금 뒤, 육지의 넓은 들처럼 편평한 바닷속 땅이 나타났지. “오! 저 물고기 떼 좀 봐!” ",
      "srcPage": 12,
      "srcSentenceEA": 3,
      "srcWordEA": 22
    },
    {
      "srcTextID": "120313",
      "srcText": "마법의 물방울은 한참 뒤에야 멈춰 섰어. “아이코, 어지러워. 여긴 도대체 어디야?” “결국 해구에 빠졌나 봐요.”",
      "srcPage": 16,
      "srcSentenceEA": 4,
      "srcWordEA": 16
    },
    {
      "srcTextID": "120308",
      "srcText": "왕자는 바닷속 풍경에 정신을 온통 빼앗겼어. \"이곳은 경사가 완만하고 육지와 가까워요. 강에서 흙탕물과 동식물 찌꺼기가 흘러와 가라앉아 모래와 진흙 바닥을 만들지요.\"",
      "srcPage": 13,
      "srcSentenceEA": 3,
      "srcWordEA": 22
    },
    {
      "srcTextID": "120315",
      "srcText": "해구를 빠져나온 마법의 물방울은 편평한 곳도, 높은 산처럼 생긴 곳도, 울퉁불퉁한 곳도 지나갔어. “우아, 바닷속도 육지와 비슷하네.” 그렇게 한참을 가고 있는데, 저쪽에서 바닷속을 헤엄치는 인어들이 보였어. 왕자는 그 가운데 인어 공주가 있을까, 두리번거리며 인어 공주를 찾았어. 하지만 인어 공주는 보이지 않았지.",
      "srcPage": 20,
      "srcSentenceEA": 5,
      "srcWordEA": 44
    },
    {
      "srcTextID": "120317",
      "srcText": "“앗, 이 노랫소리는?” 왕자는 노랫소리가 들리는 쪽을 바라보았어. 바위 위에 앉아 있는 인어 공주가 보였지.",
      "srcPage": 23,
      "srcSentenceEA": 3,
      "srcWordEA": 17
    },
    {
      "srcTextID": "120322",
      "srcText": "“부디 바다보다 깊고 넓은 마음으로 서로 사랑하며 살거라.” 바다의 왕이 다시 한번 이야기했어. “왕자님은 바다보다 깊이 저를 사랑하는 게 분명해요. 목숨을 걸고 여기까지 저를 찾으러 온 걸 보면 말이에요.”",
      "srcPage": 27,
      "srcSentenceEA": 4,
      "srcWordEA": 31
    },
    {
      "srcTextID": "120310",
      "srcText": "평평했던 땅이 갑자기 가팔라졌거든. 세바스가 외쳤어. “왕자님, 어서 중심을 잡고 물방울을 움직이세요. 해구에 빠지면 큰일이에요.”",
      "srcPage": 15,
      "srcSentenceEA": 4,
      "srcWordEA": 17
    },
    {
      "srcTextID": "120314",
      "srcText": "세계에서 가장 높은 에베레스트산을 거꾸로 세운 것보다 더 깊은 곳도 있지요. “으악, 그럼 공주도 못 만나? 우리 이제 어떡해?”",
      "srcPage": 18,
      "srcSentenceEA": 3,
      "srcWordEA": 20
    },
    {
      "srcTextID": "120296",
      "srcText": "푸른 바다 위에 커다란 배 한 척이 떠 있었어. 갑판에서는 인어 공주와 왕자가 근사한 식사를 하고 있었지. 오늘은 인어 공주와 왕자가 결혼한 지 딱 1년째 되는 날이야.",
      "srcPage": 1,
      "srcSentenceEA": 3,
      "srcWordEA": 29
    }
  ]
}