{
  "title": "태양호텔에 오신 걸 환영합니다!",
  "author": "고영이",
  "illustrator": "김상균",
  "isbn": "9791128211553",
  "readAge": "초등_고학년",
  "publishedYear": 2018,
  "publisher": "아람북스",
  "classification": "자연탐구",
  "paragraphInfoCount": 20,
  "paragraphInfo": [
    {
      "srcTextID": "147621",
      "srcText": "그다음 소개할 행성은 지구인데요. 안타깝게도 지구는 이미 예약이 꽉 차서 이번에는 갈 수가 없어요. 지구가 왜 가장 인기가 많은지 알고 계시죠?",
      "srcPage": 7,
      "srcSentenceEA": 3,
      "srcWordEA": 23
    },
    {
      "srcTextID": "147624",
      "srcText": "이번 행성은 화성이에요. 화성은 수성보다는 크지만 금성보다는 작은 행성이에요. 하지만 태양호텔에서 가장 높은 산, 올림푸스산이 있어요. 지구에서 가장 높은 산보다 세 배나 더 높아요. ",
      "srcPage": 9,
      "srcSentenceEA": 4,
      "srcWordEA": 27
    },
    {
      "srcTextID": "147628",
      "srcText": "하지만 조심하세요! 태풍보다 강한 바람이 부는 곳도 있으니까요. 떠다니다가 힘들면 목성 주위를 도는 위성에서 쉬어 가세요. 목성의 위성들은 단단한 땅이 있고, 자리가 넉넉하니 이곳은 천천히 예약하셔도 돼요.",
      "srcPage": 14,
      "srcSentenceEA": 4,
      "srcWordEA": 30
    },
    {
      "srcTextID": "147630",
      "srcText": "여기는 아름다운 고리로 유명한 토성이에요. 태양호텔의 자랑 중의 자랑이죠. 토성도 목성처럼 기체로 된 행성이에요.",
      "srcPage": 15,
      "srcSentenceEA": 3,
      "srcWordEA": 16
    },
    {
      "srcTextID": "147615",
      "srcText": "아, 지구는 빼고요. 지구는 이미 예약이 꽉 차 있거든요. 이제부터 행성을 하나하나 소개해 드릴 테니 마음에 들면 얼른 예약하세요!",
      "srcPage": 3,
      "srcSentenceEA": 3,
      "srcWordEA": 21
    },
    {
      "srcTextID": "147631",
      "srcText": "이번에 소개할 행성은 천왕성이에요. 얼음으로 이루어진 행성이라 무척 파랗지요. 저렇게 아름다운 파란색을 또 어디 가서 보겠어요? 그런데 태양호텔에서 가장 추운 곳이 바로 천왕성이죠. 더운 것을 무지무지 싫어하시는 분, 땀을 엄청나게 많이 흘리시는 분들께 울트라 파워 냉방 천왕성을 권해요.",
      "srcPage": 17,
      "srcSentenceEA": 5,
      "srcWordEA": 42
    },
    {
      "srcTextID": "147619",
      "srcText": "금성에서 뜨끈뜨끈하게 보내실 분, 계신가요? 금성은 지구에서 가장 가까운 행성이에요. 너무 시끄럽게 떠들면 지구인들이 항의할지도 모르니, 밤에는 조용히 지내셔야 해요. ",
      "srcPage": 6,
      "srcSentenceEA": 3,
      "srcWordEA": 22
    },
    {
      "srcTextID": "147622",
      "srcText": "맞아요, 바다! 푸른 바다 때문이죠. 나중에 꼭 지구의 바다에서 수영해 보세요. 참, 지구에는 지구 주위를 빙빙 도는 위성이 있어요. 달이라고 부르지요.",
      "srcPage": 8,
      "srcSentenceEA": 5,
      "srcWordEA": 25
    },
    {
      "srcTextID": "147623",
      "srcText": "이미 지구인 엄홍길 산악 대장이 예약해 놓았지요. 자, 자리가 다 차기 전에 등산을 좋아하시는 분들! 어서어서 오세요. 아차, 올림푸스산은 화산이에요. 오래전 화성에서 화산이 분출되었다는 게 신기하죠? ",
      "srcPage": 10,
      "srcSentenceEA": 5,
      "srcWordEA": 30
    },
    {
      "srcTextID": "147627",
      "srcText": "다음 행성은 목성이에요. 우리 태양호텔에서 가장 큰 행성이라고 할 수 있죠. 목성은 기체가 뭉쳐져 만들어진 행성이에요.",
      "srcPage": 12,
      "srcSentenceEA": 3,
      "srcWordEA": 18
    },
    {
      "srcTextID": "147633",
      "srcText": "마지막 행성인 해왕성이에요. 해왕성은 천왕성과 색깔도 크기도 비슷해요. 또 천왕성만큼 추운 곳이죠. 해왕성은 태양호텔에서 가장 센 바람이 부는 곳이에요.",
      "srcPage": 18,
      "srcSentenceEA": 4,
      "srcWordEA": 22
    },
    {
      "srcTextID": "147618",
      "srcText": "첫째 행성은 태양 바로 옆에 있는 수성이죠. 태양호텔에서 가장 작은 행성이라 자리가 얼마 없어요! 태양 빛이 비추는 낮엔 무지무지 뜨겁고, 태양 빛이 비추지 않는 밤엔 무척 추워요. 뜨거운 낮과 추운 밤을 둘 다 좋아하는 분들에게 추천해요. 낮엔 따끈따끈 데우고, 밤엔 차갑게 식힐 수 있으니까요. ",
      "srcPage": 4,
      "srcSentenceEA": 5,
      "srcWordEA": 48
    },
    {
      "srcTextID": "147634",
      "srcText": "모두 고르신 것 같은데, 고로롱별에서 온 두 분은 아직 못 고르셨나요? 행성 말고 긴 꼬리를 달고 돌아다니는 혜성도 있어요. 오, 때마침 밖에 혜성이 지나가고 있네요.",
      "srcPage": 20,
      "srcSentenceEA": 3,
      "srcWordEA": 27
    },
    {
      "srcTextID": "147632",
      "srcText": "그래서 행글라이더를 타기에 무척 좋아요. 지금 무료 이벤트가 진행 중이에요. 공짜로 행글라이더를 타 보고 싶으신 분은 얼른 내리세요. 다음에는 돈을 내고 타야 해요.",
      "srcPage": 19,
      "srcSentenceEA": 4,
      "srcWordEA": 26
    },
    {
      "srcTextID": "147616",
      "srcText": "여러분, 태양호텔에 오신 걸 진심으로 환영해요! 우리 태양호텔에는 모두 몇 개의 행성이 있다고요? 네! 맞습니다. 바로 8개의 행성이 있지요.",
      "srcPage": 1,
      "srcSentenceEA": 5,
      "srcWordEA": 23
    },
    {
      "srcTextID": "147617",
      "srcText": "태양 주위를 빙글빙글 도는 행성! 정말 근사하지 않나요? 이 행성에서 여러분이 지낼 테니 말이죠.",
      "srcPage": 2,
      "srcSentenceEA": 3,
      "srcWordEA": 16
    },
    {
      "srcTextID": "147620",
      "srcText": "수성 옆에는 금성이 있어요. 금성은 수성보다 태양에서 멀지만 더 뜨겁지요. 추운 걸 몹시 싫어하는 분들을 위한 곳이죠.",
      "srcPage": 5,
      "srcSentenceEA": 3,
      "srcWordEA": 19
    },
    {
      "srcTextID": "147625",
      "srcText": "지금부터 소행성이 모여 있는 곳을 지나갈 거예요. 수십만 개가 넘는 소행성이 띠 모양을 이루며 태양 주위를 돌고 있어요. 소행성은 커다란 돌덩어리, 바위 덩어리이고 모양도 크기도 제각각이에요. 소행성을 잽싸게 피하느라 갑자기 움직일 수 있으니 다들 손잡이를 잡. 쯧쯧, 벌써 넘어지셨군요. ",
      "srcPage": 11,
      "srcSentenceEA": 5,
      "srcWordEA": 43
    },
    {
      "srcTextID": "147626",
      "srcText": "그게 무슨 말이냐고요? 수성, 금성, 지구, 화성은 겉이 단단한 땅이잖아요. 그런데 목성은 단단한 땅이 없고, 기체로만 되어 있어요. 그래서 목성에서는 이 튜브가 필수예요! 이렇게 튜브를 허리에 두르고 둥둥 떠다니면 돼요. ",
      "srcPage": 13,
      "srcSentenceEA": 5,
      "srcWordEA": 34
    },
    {
      "srcTextID": "147629",
      "srcText": "아름다운 고리는 수많은 얇은 고리로 이루어져 있어요. 이 고리는 얼음 알갱이와 먼지 덩이가 모여서 만들어진 거예요. 아주 작은 것부터 큰 것까지 크기도 모양도 다양해요. 가끔 고리에 있는 얼음을 몰래 가져가시는 분들이 있는데, 그러면 큰일 나요. 걸리면 우주 감옥에 갇힐 수도 있지요.",
      "srcPage": 16,
      "srcSentenceEA": 5,
      "srcWordEA": 45
    }
  ]
}