{
  "title": "앙드레 냥의 패션쇼",
  "author": "전민희",
  "illustrator": "강윤주",
  "isbn": "9788998212674",
  "readAge": "초등_고학년",
  "publishedYear": 2012,
  "publisher": "한얼에듀",
  "classification": "자연탐구",
  "paragraphInfoCount": 19,
  "paragraphInfo": [
    {
      "srcTextID": "6011",
      "srcText": "앙드레 냥은 소중한 것을 깨달았어요. 옷은 무엇보다 그 옷을 입을 모델과 잘 어울려야 한다는 것을 말이에요. 며칠 후였어요. 지익지익. 신발 끄는 소리가 들렸어요.",
      "srcPage": 11,
      "srcSentenceEA": 5,
      "srcWordEA": 27
    },
    {
      "srcTextID": "6010",
      "srcText": "“헉, 사자 아저씨!” “무서워하지 말아요. 나도 멋진 옷을 입고 싶어요.” 앙드레 냥은 사자 아저씨를 찬찬히 살폈어요. ",
      "srcPage": 12,
      "srcSentenceEA": 4,
      "srcWordEA": 18
    },
    {
      "srcTextID": "6009",
      "srcText": "“음, 체크무늬 셔츠에 검은색 재킷이 어울리겠어요.” 사자 아저씨는 고개를 끄덕이더니 수줍게 말했어요. “다음에는 머리를 빗고 올게요.”",
      "srcPage": 13,
      "srcSentenceEA": 3,
      "srcWordEA": 17
    },
    {
      "srcTextID": "6013",
      "srcText": "패션쇼 날이 되었어요. 앙드레 냥은 모델들의 옷을 빠짐없이 챙겨 주었어요. “이제 자신 있게 걸어 나가면 돼요.”",
      "srcPage": 14,
      "srcSentenceEA": 3,
      "srcWordEA": 17
    },
    {
      "srcTextID": "5998",
      "srcText": "앙드레 냥은 유리창 앞에 이렇게 써 붙였어요. 가장 먼저 기린 아가씨가 찾아왔어요. “저도 모델이 될 수 있을까요?”",
      "srcPage": 2,
      "srcSentenceEA": 3,
      "srcWordEA": 18
    },
    {
      "srcTextID": "6000",
      "srcText": "봄꽃처럼 화사하고 귀여운 드레스가 좋겠어. 앙드레 냥은 쓱싹쓱싹 그림을 그렸어요. 봄과 어울리는 연두색 옷감도 골랐지요.",
      "srcPage": 3,
      "srcSentenceEA": 3,
      "srcWordEA": 17
    },
    {
      "srcTextID": "6005",
      "srcText": "잘 맞으면 재봉틀을 이용해서 꼼꼼하게 실로 꿰매요. 마지막으로 모델이 완성된 옷을 입고 패션쇼 무대에 서지요. 이번에는 돼지 아줌마가 찾아왔어요.",
      "srcPage": 5,
      "srcSentenceEA": 3,
      "srcWordEA": 21
    },
    {
      "srcTextID": "6004",
      "srcText": "“저는 날씬해 보이는 옷을 입고 싶어요. 뚱뚱하다고 놀림을 받거든요.” 돼지 아줌마는 눈웃음을 살짝 지었어요.",
      "srcPage": 6,
      "srcSentenceEA": 3,
      "srcWordEA": 16
    },
    {
      "srcTextID": "6003",
      "srcText": " “어떤 옷이 좋을까? 봄에 유행시킬 옷을 만들었으면 좋겠는데.” 앙드레 냥은 얼룩말 무늬를 넣은 멋진 원피스를 만들기로 했어요.",
      "srcPage": 7,
      "srcSentenceEA": 3,
      "srcWordEA": 19
    },
    {
      "srcTextID": "6007",
      "srcText": "앗, 이게 어떻게 된 일이죠? 돼지 아줌마가 더 뚱뚱해 보여요. 앙드레 냥은 당황해서 어쩔 줄 몰랐어요. ",
      "srcPage": 8,
      "srcSentenceEA": 3,
      "srcWordEA": 18
    },
    {
      "srcTextID": "6015",
      "srcText": "“됐어요! 어서 무대로 나가 보세요.” 마침내 기린 아가씨가 무대에 섰어요. 무대에 오른 기린 아가씨도, 무대 뒤에 있는 앙드레 냥도 가슴이 콩닥콩닥 뛰었지요.",
      "srcPage": 17,
      "srcSentenceEA": 3,
      "srcWordEA": 25
    },
    {
      "srcTextID": "6016",
      "srcText": "“와, 새로운 패션이에요. 멋져요!” 놀랍게도 가장 큰 인기를 얻은 옷은 기린 아가씨의 드레스였어요. 패션쇼가 끝나고 앙드레 냥이 인사를 했어요.",
      "srcPage": 18,
      "srcSentenceEA": 4,
      "srcWordEA": 22
    },
    {
      "srcTextID": "6017",
      "srcText": "끝이 없는 박수갈채가 쏟아졌어요. “앙드레 냥 선생님, 고마워요!” “선생님은 최고의 패션 디자이너예요.” 모델들은 앙드레 냥을 꼭 안아 주었어요.",
      "srcPage": 19,
      "srcSentenceEA": 4,
      "srcWordEA": 19
    },
    {
      "srcTextID": "5997",
      "srcText": "찬 바람이 쌩쌩 부는 겨울이에요. 패션 디자이너 앙드레 냥은 벌써부터 봄옷을 디자인하느라 바쁘지요. “올봄에는 특별한 패션쇼를 열어 볼까?”",
      "srcPage": 1,
      "srcSentenceEA": 3,
      "srcWordEA": 19
    },
    {
      "srcTextID": "6006",
      "srcText": "돼지 아줌마도 잔뜩 실망한 눈치였지요. 앙드레 냥은 고민하고 또 고민했어요. 책을 보며 공부도 하고, 그림도 그려 보았지요. ",
      "srcPage": 9,
      "srcSentenceEA": 3,
      "srcWordEA": 19
    },
    {
      "srcTextID": "6008",
      "srcText": "“바로 이거야! 가로 무늬보다는 세로 무늬가, 밝은 색보다는 어두운 색이 훨씬 날씬해 보여.” 드디어 새로운 원피스가 완성되었어요. 돼지 아줌마도 마음에 쏙 들어 했지요. ",
      "srcPage": 10,
      "srcSentenceEA": 4,
      "srcWordEA": 26
    },
    {
      "srcTextID": "6012",
      "srcText": "마침내 경쾌한 음악이 울려 퍼졌어요. 모델들은 떨리는 마음으로 차례차례 무대로 나갔지요. “와! 멋지다.” 손님들이 박수를 보냈어요.",
      "srcPage": 15,
      "srcSentenceEA": 4,
      "srcWordEA": 19
    },
    {
      "srcTextID": "6014",
      "srcText": "기린 아가씨의 차례가 왔어요. 그런데. 쭈욱! “앗, 선생님! 드레스가 찢어졌어요.” ‘아, 어떻게 하지?’ 앙드레 냥은 잠시 생각을 하더니 드레스의 아래쪽을 쭉쭉 찢기 시작했어요.",
      "srcPage": 16,
      "srcSentenceEA": 7,
      "srcWordEA": 28
    },
    {
      "srcTextID": "6002",
      "srcText": "앙드레 냥의 작업실이에요. 이렇게 옷을 디자인하고 만들어요. 가장 먼저 어떤 옷을 만들지 스케치를 해요.",
      "srcPage": 4,
      "srcSentenceEA": 3,
      "srcWordEA": 16
    }
  ]
}