{
  "title": "코딩의 신",
  "author": "김소형",
  "illustrator": "명진",
  "isbn": "9791128211607",
  "readAge": "초등_고학년",
  "publishedYear": 2018,
  "publisher": "아람북스",
  "classification": "자연탐구",
  "paragraphInfoCount": 25,
  "paragraphInfo": [
    {
      "srcTextID": "121959",
      "srcText": "딩코는 쉬는 날이면 두보와 도서관에 갔어요. 책을 찾아가며 코딩에 대해 더 자세히 공부했어요. “이렇게 재미있는 걸 지금껏 모르고 있었다니, 너무 억울한걸?”",
      "srcPage": 21,
      "srcSentenceEA": 3,
      "srcWordEA": 22
    },
    {
      "srcTextID": "121961",
      "srcText": "학교에서 학생들은 딩코가 쓴 책으로 코딩을 쉽게 배웠어요. 직접 코딩을 해서 간단한 로봇이나 장난감도 만들었지요. 코딩을 해야 하는 곳에서 일하는 사람들도 딩코가 쓴 책을 곁에 두고 보면서 어떤 복잡한 과정의 일도 차근차근 해냈어요. 딩코는 자신이 쓴 책이 모두에게 도움이 되어서 무척 기뻤어요.",
      "srcPage": 25,
      "srcSentenceEA": 4,
      "srcWordEA": 45
    },
    {
      "srcTextID": "121949",
      "srcText": "이번에도 딩코는 두보가 시키는 대로 했어요.  \"자, 이제 컵케이크를 만든다!\" 블록을 모두 옮기고 재료의 양도 모두 입력한 딩코는 얼른 실행 버튼을 눌렀어요.",
      "srcPage": 11,
      "srcSentenceEA": 3,
      "srcWordEA": 23
    },
    {
      "srcTextID": "121948",
      "srcText": "그러자 두보의 눈알이 빙글빙글 돌고 웅웅 소리가 나더니 양쪽 귀에 빨간색 불이 켜졌어요. \"버그 발생! 잘못된 부분을 찾아라! 두보는 화면에 조금 전에 딩코가 만든 블록들을 다시 띄웠어요. 딩코는 눈을 부릅뜨고 명령어를 살펴봤어요. “이런! 순서가 잘못되었잖아! 미안해. 다음부터는 잘 살펴볼게.\"",
      "srcPage": 12,
      "srcSentenceEA": 8,
      "srcWordEA": 45
    },
    {
      "srcTextID": "121953",
      "srcText": "그리고 초콜릿이 든 봉지를 들고 기계 앞에 섰어요. 기계에서 컵케이크가 나오자 딩코는 컵케이크에 초콜릿을 마구 뿌렸어요. 컵케이크는 엉망진창이 되었어요.",
      "srcPage": 17,
      "srcSentenceEA": 3,
      "srcWordEA": 21
    },
    {
      "srcTextID": "118381",
      "srcText": "딩코는 낮에는 컵케이크 공장에서 열심히 일하고, 밤에는 열심히 원고를 썼어요. 공장에서 두보에게 코딩을 배우는 것이 도움이 되었지요. 무엇보다 처음 공장에서 일할 때 코딩을 몰라서 당황했던 경험이 큰 도움이 되었어요.",
      "srcPage": 23,
      "srcSentenceEA": 3,
      "srcWordEA": 31
    },
    {
      "srcTextID": "121960",
      "srcText": "딩코는 자신처럼 처음 코딩을 배우는 사람들에게 도움이 되도록 글을 쉽게 썼어요. 또 재미있는 코딩 교육 프로그램도 잊지 않고 소개했어요. 책은 나오자마자 큰 인기를 끌었어요.",
      "srcPage": 24,
      "srcSentenceEA": 3,
      "srcWordEA": 26
    },
    {
      "srcTextID": "121943",
      "srcText": "사장님이 나가자 딩코는 두보에게 슬쩍 말을 걸었어요. \"어이, 컵케이크를 만들어 봐! 코딩인가 뭔가 그걸 해 보란 말이야!\"",
      "srcPage": 5,
      "srcSentenceEA": 3,
      "srcWordEA": 18
    },
    {
      "srcTextID": "121942",
      "srcText": "\"난 어이가 아니라 두보다! 그리고 코딩은 컴퓨터가 하는 게 아니라 사람이 하는 거다. 코딩해라! 코딩해라!\" 두보는 양쪽 귀에 빨간색 불을 켜고 코딩하라는 말만 반복했어요. 딩코는 답답해서 화가 났어요.",
      "srcPage": 6,
      "srcSentenceEA": 6,
      "srcWordEA": 33
    },
    {
      "srcTextID": "121955",
      "srcText": "걱정하는 딩코에게 두보가 다가와 말했어요. “딩코, 컵케이크 재료를 추가하려면 아까 코딩해 놓은 것을 조금 수정하면 된다. 그 과정에 재료를 하나만 추가하면 해결된다.”",
      "srcPage": 18,
      "srcSentenceEA": 3,
      "srcWordEA": 23
    },
    {
      "srcTextID": "121956",
      "srcText": "두보의 말에 딩코는 아까 짜 놓은 과정을 살펴보았지요. “오, 바로 이거다!” 딩코는 이제 어떤 컵케이크도 손쉽게 만들 수 있었어요. 딩코는 컵케이크 컵의 모양과 색깔도 바꿀 수 있었지요.",
      "srcPage": 19,
      "srcSentenceEA": 4,
      "srcWordEA": 29
    },
    {
      "srcTextID": "121957",
      "srcText": "사장님은 딩코가 코딩을 잘한다며 칭찬해 주었어요. 딩코는 힘들지 않은 일을 하며 추운 겨울을 날 수 있어 무척 기뻤어요. 또 두보로부터 코딩을 배울 수 있어 즐거웠지요.",
      "srcPage": 20,
      "srcSentenceEA": 3,
      "srcWordEA": 27
    },
    {
      "srcTextID": "121958",
      "srcText": "딩코는 모두에게 코딩이 얼마나 재미있는지 알려 주고 싶었어요. “두보, 쉽고 재미있게 코딩을 배울 수 있는 책을 쓰고 싶어. 나 좀 도와줄래?” 그러자 두보가 눈을 반짝반짝 빛내며 대답했어요. “좋다! 나도 도와주겠다.” 딩코는 두보와 함께 코딩 책을 쓰기로 마음먹었어요. 바로 이런 제목으로요! 코딩의 신",
      "srcPage": 22,
      "srcSentenceEA": 8,
      "srcWordEA": 48
    },
    {
      "srcTextID": "121941",
      "srcText": "사무실에서 사장님이 딩코를 맞이했어요. “딩코 씨, 컴퓨터를 사용할 줄 아시나요?” 딩코는 컴퓨터를 잘 모르지만 어물쩍 “네!” 하고 대답했어요. 힘 안 드는 일을 꼭 하고 싶었거든요. 사장님은 고개를 끄덕이며 딩코를 일터로 데려갔어요.",
      "srcPage": 3,
      "srcSentenceEA": 6,
      "srcWordEA": 35
    },
    {
      "srcTextID": "121952",
      "srcText": "“반복하기 블록을 이용하면 된다.” 딩코는 두보의 말을 듣고 무릎을 탁 쳤어요. “아하!” “아, 정말 일이 하나도 힘들지 않잖아!” 코딩에 대해 좀 알게 된 딩코는 자신감이 넘쳤어요.",
      "srcPage": 15,
      "srcSentenceEA": 4,
      "srcWordEA": 28
    },
    {
      "srcTextID": "121954",
      "srcText": "컵케이크 100개를 순식간에 뚝딱 만들었으니까요. 그때 사장님으로부터 전화가 왔어요. “초콜릿 컵케이크 100개를 더 만들라고요? 네, 알겠습니다.” 딩코는 아까 코딩해 놓은 것을 그대로 사용했어요.",
      "srcPage": 16,
      "srcSentenceEA": 5,
      "srcWordEA": 26
    },
    {
      "srcTextID": "118372",
      "srcText": "차가운 바람이 몰아치는 겨울날, 딩코는 길거리를 헤매고 있었어요. 며칠 동안 제대로 먹지 못해 배도 고프고 기운도 없었지요. “일하기는 정말 싫지만 어쩔 수 없이 일을 해서 돈을 벌어야겠군. 일은 조금만 해도 돈은 많이 주는 곳, 어디 없나?”",
      "srcPage": 1,
      "srcSentenceEA": 4,
      "srcWordEA": 38
    },
    {
      "srcTextID": "118371",
      "srcText": "그때 벽에 붙어 있는 광고지가 눈에 뜨였어요. “오호, 바로 내가 찾던 곳이군!” 딩코는 광고지에 그려진 지도를 보고 공장으로 찾아갔어요. ",
      "srcPage": 2,
      "srcSentenceEA": 3,
      "srcWordEA": 20
    },
    {
      "srcTextID": "121940",
      "srcText": "\"두보를 소개할게요. 두보는 로봇 모양의 컴퓨터예요. 대화도 할 수 있고 움직일 수도 있는 똑똑한 컴퓨터지요. 컴퓨터인 두보에게 컵케이크 만드는 프로그램을 코딩하세요. 그리고 프로그램을 실행하면 저 기계에서 컵케이크가 만들어질 거예요.\"",
      "srcPage": 4,
      "srcSentenceEA": 5,
      "srcWordEA": 33
    },
    {
      "srcTextID": "121945",
      "srcText": "딩코는 일을 그만두고 확 나가 버릴까 하다가 꾹 참았어요. 배가 고프고, 바깥은 너무 추웠거든요. \"어떻게 코딩하면 되는지 네가 좀 알려 줘.\"",
      "srcPage": 7,
      "srcSentenceEA": 3,
      "srcWordEA": 22
    },
    {
      "srcTextID": "121944",
      "srcText": "그러자 두보가 말했어요. \"좋다! 나는 스스로 코딩할 수 없지만 코딩하는 방법을 알려 줄 수는 있다. 먼저 컵케이크 만드는 순서를 정리해라. 순서와 방법을 차례대로 계획하면 된다.\" 딩코는 두보가 시키는 대로 했어요.",
      "srcPage": 8,
      "srcSentenceEA": 5,
      "srcWordEA": 34
    },
    {
      "srcTextID": "121947",
      "srcText": "\"이제 코딩할 순서다. 방금 계획한 컵케이크 만드는 순서를 컴퓨터 언어로 바꾸어 명령문을 작성해라.\" \"컴퓨터 언어? 그건 또 뭐야?\" 딩코가 어리둥절해하자 두보가 차근차근 설명해 주었어요.",
      "srcPage": 9,
      "srcSentenceEA": 5,
      "srcWordEA": 27
    },
    {
      "srcTextID": "121946",
      "srcText": "\"딩코는 컴퓨터를 잘 모르는 것 같으니 가장 쉬운 코딩 방법을 알려 주겠다.\" 그러자 두보의 얼굴에 블록으로 된 그림들이 나타났어요. \"이건 컴퓨터 언어 가운데 스크래치를 이용해 코딩을 하는 거다. 터치스크린이니 컵케이크 만드는 순서대로 블록을 손가락으로 끌어다가 오른쪽의 비어 있는 곳에 놓으면 된다. 그리고 알맞은 재료의 양을 입력하라.\"",
      "srcPage": 10,
      "srcSentenceEA": 5,
      "srcWordEA": 49
    },
    {
      "srcTextID": "121950",
      "srcText": "딩코는 머리를 긁적이며 사과했어요. 딩코는 잘못된 순서를 바르게 고치고 실행 버튼을 눌렀어요. “우아, 드디어 만들어진다!” 우여곡절 끝에 컵케이크가 만들어지기 시작했어요.",
      "srcPage": 13,
      "srcSentenceEA": 4,
      "srcWordEA": 22
    },
    {
      "srcTextID": "121951",
      "srcText": "하지만 한 개 만들어지면 실행 버튼을 누르고, 또 한 개 만들어지면 실행 버튼을 눌러야 했어요. “아아, 100개의 컵케이크를 만들려면 이걸 100번을 눌러야 해?” 그러자 두보가 말했어요.",
      "srcPage": 14,
      "srcSentenceEA": 3,
      "srcWordEA": 27
    }
  ]
}