{
  "title": "엄마 아빠 나",
  "author": "주디 블룸",
  "illustrator": "삽화 없는 동화책",
  "isbn": "8975254747",
  "readAge": "초등_고학년",
  "publishedYear": 1996,
  "publisher": "학원출판공사",
  "classification": "자연탐구",
  "paragraphInfoCount": 190,
  "paragraphInfo": [
    {
      "srcTextID": "59440",
      "srcText": "“만나러 간 일이 있어?” “없어. 이혼하고 나서 아버지는 만나지 않았어. 아버지는 놀러만 다니고, 술을 너무 마시는데다 매달 송금이 늦어. 한 번은 양육비를 지불하지 않아서, 엄마의 변호사가 아버지를 체포하게 할 정도였어.”",
      "srcPage": 410,
      "srcSentenceEA": 4,
      "srcWordEA": 33
    },
    {
      "srcTextID": "59237",
      "srcText": "“바보 같은 소리 하지 마, 카렌. 헤이그 씨는 두 번 만났을 뿐이다. 게다가 그 사람은 벌써 결혼해서 아이가 다섯이나 있어.”",
      "srcPage": 365,
      "srcSentenceEA": 3,
      "srcWordEA": 22
    },
    {
      "srcTextID": "59260",
      "srcText": "“자, 아래로 가서 저녁 준비를 하자.” 우리는 함께 아래로 내려갔다. 야옹이가 제가 좋아하는 의자에서 볕을 쬐고 있었다. 야옹이가 제 몸을 핥아대는 시간은 내가 목욕하는 시간보다 훨씬 길다.",
      "srcPage": 377,
      "srcSentenceEA": 4,
      "srcWordEA": 30
    },
    {
      "srcTextID": "59217",
      "srcText": "엄마는 스웨터를 입으면서 되물었다. 나는 엄마가 스웨터를 다 입는 것을 기다렸다가 다시 한 번 물었다. \"헤이그 씨 말예요. 어떤 사람?” “그렇구나 아주 좋은 사람이야. 뒤처리를 깨끗이 잘 해 주기로 했다.” “결혼하고 싶어요?” “결혼? 누구하고?” “헤이그 씨하고요.”",
      "srcPage": 364,
      "srcSentenceEA": 9,
      "srcWordEA": 40
    },
    {
      "srcTextID": "59439",
      "srcText": "“그래.\" 아무쪼록, 엄마는 그렇게 되지 않도록. “우리 엄마 아빠가 이혼한 지 벌써 3년이야. 아버지는 샌프란시스코에 살고 있어.”",
      "srcPage": 409,
      "srcSentenceEA": 3,
      "srcWordEA": 19
    },
    {
      "srcTextID": "59472",
      "srcText": "“우리 아빠는 그렇지 않아.” “마지막까지 아이들만 모르고 있는 수가 흔히 있어.” “너는 어떻게 알았니?”",
      "srcPage": 411,
      "srcSentenceEA": 3,
      "srcWordEA": 14
    },
    {
      "srcTextID": "59261",
      "srcText": "“정말이다, 카렌. 이제 알게 될 거야.” 나는 고개를 끄덕였다. 엄마가 이렇게 굳게 믿고 있는데, 어째서 나는 그것을 몰랐을까?",
      "srcPage": 376,
      "srcSentenceEA": 4,
      "srcWordEA": 21
    },
    {
      "srcTextID": "59441",
      "srcText": "“엄마의 남자 친구는 꼭 한 사람뿐이야. 세이모어 첸들러. 알고 있어?” “아니.” “아주 부자야. 엄마는 그 사람하고 결혼하고 싶어해. 사실은 말이지, 엄마는 부자라면 누구하고나 결혼하고 싶어해.”",
      "srcPage": 408,
      "srcSentenceEA": 6,
      "srcWordEA": 29
    },
    {
      "srcTextID": "59442",
      "srcText": "“우리 아빠와 함께였어?” 나는 물었다. “네 아빠하고? 왜 그런 걸 생각했지?” 벌은 웃기 시작했다. “몰라. 네가 그런 뜻으로 말한 줄 알았어.”",
      "srcPage": 407,
      "srcSentenceEA": 6,
      "srcWordEA": 25
    },
    {
      "srcTextID": "59691",
      "srcText": "“엄마와 아빠가 헤어져 살게 되면 집 안에서 싸우는 일은 없어질 줄 알았는데.” 나는 중얼거렸다. 제프는 소리 내어 웃으며 테이블에서 일어났다. “이해해 줘. 부탁이니 이해해 줘.’’ 엄마는 얼굴을 접시 위에 대고 울기 시작했다.",
      "srcPage": 467,
      "srcSentenceEA": 6,
      "srcWordEA": 36
    },
    {
      "srcTextID": "40006",
      "srcText": "에미가 의자에 앉았을 때, 그만 식탁이 흔들리더니 우유가 엎질러지면서 사방으로 튀었다. 엄마는 의자에서 용수철처럼 튀어일어나 행주를 가지러 갔다. “엄마, 화내지 마. 일부러 그런 거 아니에요.”",
      "srcPage": 7,
      "srcSentenceEA": 4,
      "srcWordEA": 27
    },
    {
      "srcTextID": "40001",
      "srcText": "다 먹고 난 뒤에는 좋아하는 텔레비전 프로를 보기 위해 서재로 달려가는 것이다. 그러나 오늘 밤은 아빠가 불렀기 때문에, 식당으로 다시 뛰어왔다. 그리고는 아빠에게 키스를 하고 말했다. “아빠, 언제 오셨어요?” “우리 귀염둥이 따님의 기분은 어떠냐?” ‘‘좋아요.” “거기 앉아서 우유를 먹어라.”",
      "srcPage": 2,
      "srcSentenceEA": 7,
      "srcWordEA": 42
    },
    {
      "srcTextID": "40012",
      "srcText": "나는 그때, 아주 좋아하는 식사 뒤의 디저트를 먹고 싶어 입에 벌써 침이 가득 괴어 있었다. 그래서 얼른 이야기가 끝나면 케이크를 먹올 수 있겠구나 하고 생각하고 있었다. 그런데 아빠는 계속 트집을 잡았다.",
      "srcPage": 12,
      "srcSentenceEA": 3,
      "srcWordEA": 33
    },
    {
      "srcTextID": "40010",
      "srcText": "“크림을 없애버리지 않으면 먹을 수가 없어.” 엄마는 아빠를 똑바로 노려보면서 말했다. “나를 위해서 억지로 먹을 것까지는 없어요.”",
      "srcPage": 13,
      "srcSentenceEA": 3,
      "srcWordEA": 18
    },
    {
      "srcTextID": "40707",
      "srcText": "먼저 ‘제프의 은신처, 침입하는 자의 생명을 보장할 수 없음’이라고 쓴 종이가 문에 붙어 있다. 그리고 보랏빛 전등이 천장에서부터 드리워져 있고, 벽에는 포스터가 가득 붙어 있다. 뿐만 아니라 여러 가지 잡다한 것들이 놓여져 있고, 지난 가을에는 해중을 잡는 전문가를 불러야만 했을 정도였다.",
      "srcPage": 23,
      "srcSentenceEA": 4,
      "srcWordEA": 44
    },
    {
      "srcTextID": "40712",
      "srcText": "그러나, 곧 고쳐 생각했다. 왜 내가 해야 하지? 싸움을 시작한 사람은 내가 아니다. 저녁 식사가 엉망이 된 것도 내 탓은 아니다.",
      "srcPage": 30,
      "srcSentenceEA": 4,
      "srcWordEA": 24
    },
    {
      "srcTextID": "46731",
      "srcText": "이것은 정말 좋은 일이라 생각한다. 만일 가구를 긁기라도 했다면, 야옹이를 집에 두고 키울 수 없을 테니 말이다. 야옹이에게 야옹이라는 이름을 붙이다니, 정말 바보 같은 짓이라고 생각하는 사람도 있을지 모른다. 2년 전에, 야옹이는 아주 어린 새끼고양이였다.",
      "srcPage": 37,
      "srcSentenceEA": 4,
      "srcWordEA": 38
    },
    {
      "srcTextID": "46748",
      "srcText": "나는 고무줄 여섯 개를 모두 풀어 2월 25일, 목요일이 되는 곳을 열었다. 그리고는, 페이지 가장 위쪽에다 써넣었다. ‘싸움 EN이 나쁘다.' EN은 엄마 이름의 머리글자인데, 엘리 뉴먼을 말한다.",
      "srcPage": 43,
      "srcSentenceEA": 4,
      "srcWordEA": 30
    },
    {
      "srcTextID": "46846",
      "srcText": "데비의 일로 곤란한 것은 여러 가지 많은 과외에 다니는 일이다. 나는 목요일에 피아노만 치러 가면 되지만, 데비는 날마다 무슨 볼일이 있는데다 토요일 아침까지 과외가 있다. 데비의 예정표는 다음과 같다. 월요일에는 피아노, 화요일에는 발레, 수요일에는 걸스카우트, 목요일은 스케이트, 금요일은 알레르기 예방 주사, 토요일 아침은 그림.",
      "srcPage": 64,
      "srcSentenceEA": 4,
      "srcWordEA": 47
    },
    {
      "srcTextID": "46929",
      "srcText": "오늘 아침, 버스 정류장에서 만났을 때 데비가 말했다. “나는 오늘 알레르기 주사를 맞으러 가지 않아도 돼.” “왜? 오늘은 금요일인데.” “선생님이 휴가 중이야. 만일 내가 숨가쁜 소리라도 내기 시작하면 엄마가 다른 의사 선생님께 전화를 하기로 되어 있어.”",
      "srcPage": 67,
      "srcSentenceEA": 5,
      "srcWordEA": 38
    },
    {
      "srcTextID": "57293",
      "srcText": "언젠가 잘못해서 달걀 껍질을 믹서 속에 떨어뜨렸을 때도 아빠는 아주 맛있다고 칭찬해 주었다. 조금 껄끄럽기는 해도 맛이 아주 좋다고 말이다. 우리 집에서 일요일 아침 식사는 10시로 되어 있는데, 오늘 아침에는 나와 제프와 에미만 식당에 모였을 뿐이다.",
      "srcPage": 113,
      "srcSentenceEA": 3,
      "srcWordEA": 38
    },
    {
      "srcTextID": "57499",
      "srcText": "“어디서 그런 생각이 나왔지?” “내 머리 속에서.” “에미 그런 게 아니야.” 그 때 나는 에미가 가엾어졌다. 에미는 변기에 앉았다.",
      "srcPage": 133,
      "srcSentenceEA": 5,
      "srcWordEA": 21
    },
    {
      "srcTextID": "57715",
      "srcText": "더구나 그 뒤에 에미는 놀라운 기세로 마구 먹어댄다. 그리고 돌아오는 길에는 절대 차멀미를 하지 않는다. 갈 때만 멀미하는 것은 무슨 까닭일까.",
      "srcPage": 155,
      "srcSentenceEA": 3,
      "srcWordEA": 23
    },
    {
      "srcTextID": "57717",
      "srcText": "레스토랑은 ‘붉은 소의 집’이라고 했는데 마루에는 칠하지 않은 목재를 사용했다. 어느 테이블에나 레이스처럼 보이는 종이 테이블매트가 깔려 있었다. 나는 메뉴를 자세히 보았다.",
      "srcPage": 156,
      "srcSentenceEA": 4,
      "srcWordEA": 25
    },
    {
      "srcTextID": "57719",
      "srcText": "웨이트리스는 새우카레를 권했지만 제프와 에미와 나는 햄버거와 감자프라이를 주문 했다. 엄마는 오믈렛으로 하고 루스 이모와 댄 이모부는 새우카레를 먹어 보자고 했다. 웨이트리스는 그 말을 듣고 아주 좋아했다.",
      "srcPage": 157,
      "srcSentenceEA": 3,
      "srcWordEA": 29
    },
    {
      "srcTextID": "57718",
      "srcText": "마치 자기가 하루종일 걸려서 요리한 카레를 겨우 누군가가 먹어 준다고 생각하기라도 하는 듯했다. 우리가 거의 다 먹었을 때 엄마가 말했다. “너희들한테 이야기할 게 있다.” 엄마는 이모와 이모부 쪽을 보지 않고 우리만 보았다.",
      "srcPage": 158,
      "srcSentenceEA": 4,
      "srcWordEA": 34
    },
    {
      "srcTextID": "57753",
      "srcText": "“벌써 전에 이야기했어야 했는데, 영 말할 수가 없었다. 아주 말하기 힘든 일이란다. 게다가 너희들에게도 알기 힘든 일이고 말이다.\"",
      "srcPage": 159,
      "srcSentenceEA": 3,
      "srcWordEA": 20
    },
    {
      "srcTextID": "57757",
      "srcText": "내가 나이프를 떨어뜨린 것은 이 때였다. 나이프는 마루에 떨어지면서 짤랑 하는 소리를 냈다. 나는 엎드려서 그것을 집어올렸다.",
      "srcPage": 160,
      "srcSentenceEA": 3,
      "srcWordEA": 19
    },
    {
      "srcTextID": "57756",
      "srcText": "나는 눈에 눈물이 괴는 것을 느꼈다. 우는 게 아니야, 카렌은 바보야. 지금 울면 안 된다니까. 나는 코를 들이마시면서 콜라를 쭉 들이켰다.",
      "srcPage": 163,
      "srcSentenceEA": 4,
      "srcWordEA": 24
    },
    {
      "srcTextID": "57755",
      "srcText": "나 또한 알고 있었다. 다만 스스로를 속인 것에 지나지 않아. 에미처럼 놀이를 하고 있었을 뿐이야. “별거란 뭐야?” 에미가 물었다.",
      "srcPage": 164,
      "srcSentenceEA": 5,
      "srcWordEA": 22
    },
    {
      "srcTextID": "57752",
      "srcText": "“그건 말이다, 아빠가 이제 집에 오지 않는다는 얘기다.” 루스 이모가 설명했다. “그럴 수는 없어요. 우리 아빠인걸요.” “조용히.” 이모가 에미에게 말했다.",
      "srcPage": 165,
      "srcSentenceEA": 5,
      "srcWordEA": 23
    },
    {
      "srcTextID": "57812",
      "srcText": "“아버지와 어머니 사이가 좋지 않을 때는 두 사람이 잠깐 동안 따로따로 살면서 그 일에 대해 잘 생각해 보는 일이 있단다.” “아빠는 돌아와요? 아니면 엄마는 아빠하고 이혼할 생각이에요?” 제프가 물었다. “아직 알 수 없다.” 엄마가 대답했어. “이혼!” 아무 소리도 할 생각이 없었는데 나는 그만 말하고 말았다.",
      "srcPage": 167,
      "srcSentenceEA": 7,
      "srcWordEA": 49
    },
    {
      "srcTextID": "57850",
      "srcText": "루스 이모와 토론할 수는 없다. 이모는 자기가 듣고 싶지 않은 소리에는 귀를 기울이지 않는 버릇이 있다. 잠자코 나는 코트를 입었다.",
      "srcPage": 172,
      "srcSentenceEA": 3,
      "srcWordEA": 22
    },
    {
      "srcTextID": "57927",
      "srcText": "“아무것도 확실하게 결정되지는 않았단다. 아버지는 지금 집에서 짐을 챙기고 있어. 그래서 너희를 점심 먹으러 데리고 나온 거다. 아버지가 이사할 수 있게 말이지.”",
      "srcPage": 174,
      "srcSentenceEA": 4,
      "srcWordEA": 25
    },
    {
      "srcTextID": "57926",
      "srcText": "“그래도, 아빠는 우리를 만나고 싶지 않대요? 우리들 일은 아무래도 좋대요? 아빠 집인데 무슨 이사 따위를 해요!”",
      "srcPage": 175,
      "srcSentenceEA": 3,
      "srcWordEA": 18
    },
    {
      "srcTextID": "57928",
      "srcText": "“카렌. 아이들에게는 알 수 없는 일이 여러 가지 있단다.” 설명할 수 없는 일이 있다고, 어른들은 언제나 그렇게 말한다. 나는 믿지 않아. 어른이 알 수 있는 일이라면 나도 알 수 있을 것이다.",
      "srcPage": 176,
      "srcSentenceEA": 4,
      "srcWordEA": 35
    },
    {
      "srcTextID": "57962",
      "srcText": "“형부는 곧 오실 거야. 계산을 하고 나서.” 엄마는 루스 이모에게 말했다. “다가앉아 카렌.” 제프가 말했다. “싫어. 나는 여기가 좋아. 저쪽 문으로 들어와.” “다가앉으라니까.”",
      "srcPage": 181,
      "srcSentenceEA": 7,
      "srcWordEA": 28
    },
    {
      "srcTextID": "58010",
      "srcText": "아빠 없는 집 아빠와 엄마가 이혼하게 되면 나는 어떻게 되는 것일까. 누구와 살고 어느 학교로 가게 될까. 친구들은 웃을까. 나는 부모를 갖고 싶다.",
      "srcPage": 183,
      "srcSentenceEA": 4,
      "srcWordEA": 26
    },
    {
      "srcTextID": "58008",
      "srcText": "그리고 그 두 사람이 우리가 지금 있는 이 집에 함께 살았으면 한다. 둘이 싸워도 괜찮다. 이혼하는 것보다 싸워도 좋으니까 함께 있어 주는 편이 좋다.",
      "srcPage": 184,
      "srcSentenceEA": 3,
      "srcWordEA": 26
    },
    {
      "srcTextID": "58009",
      "srcText": "두렵다. 정말 두렵다. 모든 것이 잘된다. 걱정 마, 라고 말해 주는 사람은 없을까. 아빠가 없으면 쓸쓸하다. 둘이 다 보기 싫다. 아아, 죽어 버리고 싶다.",
      "srcPage": 185,
      "srcSentenceEA": 6,
      "srcWordEA": 30
    },
    {
      "srcTextID": "58063",
      "srcText": "나는 분명하게 엄마에게 말했다. 엄마는 침대에 걸터앉았다. “아빠와 내 일을 네가 어떻게 생각하는지 알겠다.”",
      "srcPage": 187,
      "srcSentenceEA": 3,
      "srcWordEA": 15
    },
    {
      "srcTextID": "58066",
      "srcText": "친구들을 만날 용기가 없는데. 엄마가 부르는 소리가 들린다. “에미. 에미야. 빨리 하지 않으면 버스를 놓친다.” 전혀 달라지지 않은 데도 있구나.",
      "srcPage": 191,
      "srcSentenceEA": 5,
      "srcWordEA": 24
    },
    {
      "srcTextID": "58065",
      "srcText": "아무것도 먹지 않으면 의사 선생님을 부른다고 엄마가 말했기 때문에 나는 주스를 조금 마셨다. 학교가 끝나고 피아노를 배우러 가는 도중에 데비가 들렀다. 데비는 2층을 올라와 방 문간에 선 채 말했다.",
      "srcPage": 193,
      "srcSentenceEA": 3,
      "srcWordEA": 31
    },
    {
      "srcTextID": "58131",
      "srcText": "“안녕. 왜 그러니?” “여기저기 모두 시원치 않아.” 데비는 예뻤다. 찬 공기 때문에 뺨은 연한 분홍빛이다. 나는 엄마와 아빠의 일을 데비에게 이야기하고 싶었다.",
      "srcPage": 194,
      "srcSentenceEA": 5,
      "srcWordEA": 26
    },
    {
      "srcTextID": "58134",
      "srcText": "모조리 이야기하고 싶어서 머리가 아파질 지경이었다. 그러나 나는 그렇게 할 수 없었다. 입 밖에 내어 말하면 그것이 사실이 되어 버릴 것 같아 두려웠던 것이다.",
      "srcPage": 195,
      "srcSentenceEA": 3,
      "srcWordEA": 26
    },
    {
      "srcTextID": "58130",
      "srcText": "“그래서 어쨌다는 거니? 울고 있었는지도 모르지. 넌 아플 때 운 일이 없어?” “없어.” “그렇다면 말이지, 이건 아주 드문 병이어서 울고 싶어지는 거야.”",
      "srcPage": 198,
      "srcSentenceEA": 4,
      "srcWordEA": 24
    },
    {
      "srcTextID": "58132",
      "srcText": "“왜 나한테 화를 내지?” “화 같은 건 내지 않아. 그냥 그다지 이야기하고 싶지 않은 거야. 알겠니. 나는 병이야.” “원숭이 얼굴을 해 보여 줄까?” “아니, 오늘은 그만둬.”",
      "srcPage": 199,
      "srcSentenceEA": 7,
      "srcWordEA": 29
    },
    {
      "srcTextID": "58181",
      "srcText": "“내일은 학교에 오는 거야?” 데비가 물었다. “못 가. 아주 오랫동안 학교를 쉬게 돼. 어쩌면 죽을 때까지 낫지 않을지도 몰라.”",
      "srcPage": 201,
      "srcSentenceEA": 5,
      "srcWordEA": 22
    },
    {
      "srcTextID": "58179",
      "srcText": "\"어떻게 됐을까 생각한 것뿐이야. 그것뿐이야.” “제프는 아무튼 너를 좋아하지 않아. 그러니까 제프에 대한 생각은 그만두는 게 어때?”",
      "srcPage": 204,
      "srcSentenceEA": 4,
      "srcWordEA": 19
    },
    {
      "srcTextID": "58412",
      "srcText": "아빠의 눈에는 눈물이 괴어 있었다. 나는 더 이상 아무것도 먹을 수가 없었다. 식사가 끝난 뒤 아빠는 우리를 호텔로 데리고 가서 아빠가 쓰고 있는 방을 보여 주었다.",
      "srcPage": 239,
      "srcSentenceEA": 3,
      "srcWordEA": 28
    },
    {
      "srcTextID": "40003",
      "srcText": "“일회용 반창고를 냉장고에 넣어 두는 것은, 왜지요?” “모르겠는데.” 아빠가 말했다. “그건요, 냉장고에 자른 햄이 들어가 있기 때문이에요.” 그렇게 말하고 에미는 자기 우스갯소리에 마구 웃어댔다.",
      "srcPage": 5,
      "srcSentenceEA": 4,
      "srcWordEA": 26
    },
    {
      "srcTextID": "40020",
      "srcText": "제프가 아빠와 마찬가지로 욕했기 때문에 에미는 마침내 울기 시작했다. “나는 방에 갈 거야. 이제는 아무도 나를 귀여워하지 않는걸.” 에미가 나가고 뒤따라 제프도 나갔으므로 나만 뒤에 남았다.",
      "srcPage": 20,
      "srcSentenceEA": 4,
      "srcWordEA": 28
    },
    {
      "srcTextID": "40708",
      "srcText": "메리 루이스 랜버거라는, 제프와 같은 반 여자아이이다. 나는 한 번밖에 만난 일이 없지만, 아주 탐스러운 머리를 하고 있고, 좋은 화장크림 냄새를 풍기는 아이이다. 나는 제프가 그 방에서 뭘 하고 있는지 잘 안다.",
      "srcPage": 27,
      "srcSentenceEA": 3,
      "srcWordEA": 34
    },
    {
      "srcTextID": "46814",
      "srcText": "잠옷으로 바꿔 입은 뒤, 엄마는 생우유가 떠 있는 뜨거운 코코아를 만들어 주었다. 그것을 마시면서 나는 생각했다. 이렇게 즐거운 일은 지금까지 없었다. 한 번도 없었다고.",
      "srcPage": 59,
      "srcSentenceEA": 4,
      "srcWordEA": 27
    },
    {
      "srcTextID": "46810",
      "srcText": "나중에 내 방으로 돌아와서, 나는 일기에다 A를 적었다. 연필을 씹으면서 생각할 필요가 없었다. 12월 14일은 모든 점에서 완전한 날이었다.",
      "srcPage": 60,
      "srcSentenceEA": 3,
      "srcWordEA": 21
    },
    {
      "srcTextID": "46978",
      "srcText": "어떤 선생님은 학생이 돈을 잊고 오면, 자기가 대신 내어 주기도 한다. 월요일에 그 돈을 선생님에게 갚으면 되는 것이다. 그러나, 싱거 선생님은 그렇지 않았다.",
      "srcPage": 77,
      "srcSentenceEA": 3,
      "srcWordEA": 25
    },
    {
      "srcTextID": "57381",
      "srcText": "“시럽을 꺼내 줘, 에미. 곧 팬케이크가 된다.” “화내고 있는 거지?” 코를 훌쩍훌쩍하면서 에미가 말했다. “화내지 않았어.” “나한테 소리쳤잖아.” “그런 생각이 아니었어, 정말이야.” “그래 그렇다면 좋아. 시럽을 꺼내 줄게.”",
      "srcPage": 120,
      "srcSentenceEA": 9,
      "srcWordEA": 31
    },
    {
      "srcTextID": "57536",
      "srcText": "“옷을 갈아입고 있을 거예요.” “그럼 얘, 제프하고 에미한테 준비를 하라고 해라. 그리고 엄마한테는 내가 가서 왔다는 이야기를 하마.”",
      "srcPage": 138,
      "srcSentenceEA": 3,
      "srcWordEA": 19
    },
    {
      "srcTextID": "57596",
      "srcText": "신문 배달을 해도 괜찮아. 나는 아래로 뛰어 내려가 에미가 있는 서재로 갔다. 에미는 속옷차림으로, 나머지는 모두 바닥에 내던진 채로였다.",
      "srcPage": 146,
      "srcSentenceEA": 3,
      "srcWordEA": 21
    },
    {
      "srcTextID": "57754",
      "srcText": "그러자 댄 이모부가 말했다. “그대로 둬라, 카렌. 웨이트리스가 새 나이프를 갖다 줄 거다.” “자 우리에게 이야기할 게 뭐예요, 엄마?” 제프가 재촉했다.",
      "srcPage": 161,
      "srcSentenceEA": 5,
      "srcWordEA": 23
    },
    {
      "srcTextID": "57758",
      "srcText": "엄마는 숨을 깊이 들이마시고 나서 말했다. “아빠와 엄마는 별거하기로 했다.” “알고 있었어!” 제프는 나를 보면서 말했다.",
      "srcPage": 162,
      "srcSentenceEA": 4,
      "srcWordEA": 17
    },
    {
      "srcTextID": "57811",
      "srcText": "“남이 듣는다.” “그래도 좋아요.” 레스토랑을 둘러보면서 에미가 큰 소리로 말했다. 다행히 레스토랑에는 몇 명 안 되는 손님만 있었다. 댄 이모부가 에미의 손을 잡고 말했다.",
      "srcPage": 166,
      "srcSentenceEA": 5,
      "srcWordEA": 27
    },
    {
      "srcTextID": "57813",
      "srcText": "“이혼이라니! 설마 이혼이라니, 그렇지는 않겠죠?” 그 때 나는 정말 울어 버렸으므로 의자에서 벌떡 일어나 레스토랑을 가로질러 입구로 달려갔다. “카렌 카렌 이리 와라.” 이모가 부르는 소리가 들렸다.",
      "srcPage": 168,
      "srcSentenceEA": 4,
      "srcWordEA": 29
    },
    {
      "srcTextID": "57814",
      "srcText": "그러나 나는 멈추지 않았다. 이제 아무 소리도 들리지 않았다. 나는 밖으로 나가 ‘붉은 소의 집’이라 씌어 있는 간판에 기대 섰다.",
      "srcPage": 169,
      "srcSentenceEA": 4,
      "srcWordEA": 23
    },
    {
      "srcTextID": "57815",
      "srcText": "눈물이 뺨을 따라 마구 흘렀다. 뒤이어 루스 이모가 내 코트를 가지고 나왔다. “카렌, 이걸 입어라. 얼어 죽겠다.”",
      "srcPage": 170,
      "srcSentenceEA": 4,
      "srcWordEA": 19
    },
    {
      "srcTextID": "57849",
      "srcText": "“저리 가요.” 루스 이모는 코트를 내 어깨에다 걸쳐 주었다. “카렌 그런 소리 하는 게 아니다. 그 일에 대해서는 너보다 어머니가 훨씬 괴로운 거야. 어머니가 아주 괴로워하고 있는데 만일 네가 이런다면 어머니는 더더욱 괴로워하게 된다.”",
      "srcPage": 171,
      "srcSentenceEA": 5,
      "srcWordEA": 37
    },
    {
      "srcTextID": "57848",
      "srcText": "“그래, 그래야지.” 이모는 마음을 놓고 말했다. 우리는 주차장을 지나 차 있는 데로 갔다. 이모는 내 어깨를 토닥거리면서 말했다.",
      "srcPage": 173,
      "srcSentenceEA": 4,
      "srcWordEA": 21
    },
    {
      "srcTextID": "57930",
      "srcText": "나는 차에 올라타고 아무 말 없이 창으로 밖을 내다보았다. “어머니를 도울 수 있는 것은 너야. 어머니한테는 네가 지금보다도 더 훨씬.”",
      "srcPage": 177,
      "srcSentenceEA": 3,
      "srcWordEA": 21
    },
    {
      "srcTextID": "57929",
      "srcText": "나는 머리를 흔들면서 이마를 창유리에 갖다 댔다. 어째서 제프가 말한 대로 되어야만 하는 것일까. 왜 다른 까닭이어서는 안 되는 것일까.",
      "srcPage": 178,
      "srcSentenceEA": 3,
      "srcWordEA": 22
    },
    {
      "srcTextID": "57931",
      "srcText": "만일 시간을 2,3일 전으로 되돌려 다시 새롭게 해볼 수 있다면 이렇게는 되지 않을지도 모르는데. 엄마가 에미와 제프를 데리고 레스토랑에서 나왔다. 엄마는 아이스크림을 들고 있었다. “자, 카렌. 네가 디저트를 가장 좋아한다는 것을 알고 있다.” 나는 고맙다고 말할 수가 없었으므로 대신 웃어 보였다.",
      "srcPage": 179,
      "srcSentenceEA": 6,
      "srcWordEA": 45
    },
    {
      "srcTextID": "57963",
      "srcText": "무슨 말을 하게 되면 또 울어 버리게 된다는 것을 알고 있었기 때문이다. 아이스크림은 내가 아주 좋아하는 커피크림이었지만 먹고 싶지 않았다. 그렇지만 아이스크림을 엄마한테 받아서 조금씩 핥았다.",
      "srcPage": 180,
      "srcSentenceEA": 3,
      "srcWordEA": 28
    },
    {
      "srcTextID": "57964",
      "srcText": "제프가 다시 한 번 말했다. 내가 움직이지 않았기 때문에 제프는 내 위에 기어올라 발을 밟았다. 나는 힘껏 제프를 찼다. 그러자 제프가 팔꿈치로 내 옆구리를 찔렀기 때문에 아이스크림이 내 무릎 위에 떨어졌다.",
      "srcPage": 182,
      "srcSentenceEA": 4,
      "srcWordEA": 34
    },
    {
      "srcTextID": "58011",
      "srcText": "월요일 아침에 나는 일어나지 않았다. 엄마가 웬일이냐고 방으로 들어왔다. “기분이 언짢아요. 학교에는 못 가겠어요.”",
      "srcPage": 186,
      "srcSentenceEA": 4,
      "srcWordEA": 16
    },
    {
      "srcTextID": "58061",
      "srcText": "“아니에요. 엄마 일은 생각하지도 않아요. 머리와 배가 이상해요. 토할지도 모르겠어요.” 엄마는 손을 내 이마에 얹었다. “열은 없는 것 같구나.” “열이 없어도 병에는 걸려요.”",
      "srcPage": 188,
      "srcSentenceEA": 6,
      "srcWordEA": 27
    },
    {
      "srcTextID": "58060",
      "srcText": "“그건 그래. 윈터스 선생님한테 전화하자.” “그럴 필요는 없어요. 나는 잠이 올 뿐이에요.” “그래 좋아. 그래도 더 나빠지면 선생님을 부르겠다.” “잠만 자면 괜찮을 거예요.\" “알았다.”",
      "srcPage": 189,
      "srcSentenceEA": 7,
      "srcWordEA": 27
    },
    {
      "srcTextID": "58062",
      "srcText": "그렇게 말하고 엄마는 나갔다. 제프와 에미가 학교에 갈 준비를 하는 소리가 들린다. 어떻게 학교 같은데 갈 수 있을까.",
      "srcPage": 190,
      "srcSentenceEA": 3,
      "srcWordEA": 20
    },
    {
      "srcTextID": "58064",
      "srcText": "나는 하루종일 침대에서 지냈다. 엄마가 홍차와 토스트를 만들어 주었지만 나는 먹지 않았다. 나중에 수프를 갖다주었을 때도 손대지 않았다.",
      "srcPage": 192,
      "srcSentenceEA": 3,
      "srcWordEA": 20
    },
    {
      "srcTextID": "58133",
      "srcText": "데비는 내 방에 있는 또 하나의 침대에 걸터앉아서 말했다. “너의 엄마가 말이야, 전염하는 병이 아니니까 방에 들어가도 괜찮다고 했어.” “전염하는 병이 아니라고 엄마가 말했어?” “그래.”",
      "srcPage": 196,
      "srcSentenceEA": 3,
      "srcWordEA": 25
    },
    {
      "srcTextID": "58129",
      "srcText": "\"흥. 어떻게 엄마가 그것을 아는지 알고 싶은데.” “글쎄. 그래도 그렇게 말했어. 너 울고 있었던 모양이구나.”",
      "srcPage": 197,
      "srcSentenceEA": 3,
      "srcWordEA": 18
    },
    {
      "srcTextID": "58184",
      "srcText": "데비는 원숭이 얼굴을 아주 잘 만든다. 침팬지도 고릴라도 잘 만든다. 여느 때는 데비가 그런 얼굴을 흉내내면 나는 우스워서 데굴데굴 구르는데 오늘은 도저히 웃을 기분이 나지 않는다.",
      "srcPage": 200,
      "srcSentenceEA": 3,
      "srcWordEA": 28
    },
    {
      "srcTextID": "58183",
      "srcText": "데비는 마루를 내려다보았다. 나는 돌아누워 벽쪽을 보았다. 잠시 뒤에 데비가 물었다. “제프는 돌아왔어?” “모르겠어. 나는 누워 있어. 보면 알잖아.”",
      "srcPage": 203,
      "srcSentenceEA": 6,
      "srcWordEA": 23
    },
    {
      "srcTextID": "58372",
      "srcText": "그런 것은 나는 한 번도 생각한 일이 없다 아빠가 누군가 다른 여자와 함께 있는 것이라든지 엄마가 아빠 아닌 다른 남자와 함께라니, 그런 것은 상상도 할 수 없다. 그런 일은 생각만 해도 가슴이 메슥거린다. 제프는 어떻게 그런 것을 생각해 냈을까.",
      "srcPage": 230,
      "srcSentenceEA": 3,
      "srcWordEA": 41
    },
    {
      "srcTextID": "46808",
      "srcText": "그러나 그 뒤로는 일이 나쁘게 되어 갈 뿐. 아빠는 오늘 밤 또 틀림없이 서재에서 잘 것이다. 요즘, 아빠는 서재에서 자는 일이 많아졌다. 엄마가 늦게까지 깨어 있으면서 침대에서 텔레비전을 보기 때문이라고 아빠는 말한다. 하지만, 엄마의 말을 들어 보면, 아빠가 너무 코를 크게 골기 때문이라고 한다.",
      "srcPage": 61,
      "srcSentenceEA": 5,
      "srcWordEA": 48
    },
    {
      "srcTextID": "46925",
      "srcText": "“아아, 그랬구나. 잊고 있었어. 그렇다면 도서관에 가서 숙제에 필요한 책을 빌려 오자.” 요즘 데비는 내게보다 제프에게 더 관심이 있는 것 같기도 하다. 마음 탓일까. 제프는 데비가 아무렇게 여겨도 좋은 모양인지, 얼굴을 맞대고 뚱보라느니, 돼지라느니 한다.",
      "srcPage": 69,
      "srcSentenceEA": 6,
      "srcWordEA": 40
    },
    {
      "srcTextID": "46977",
      "srcText": "버스가 와서 우리는 올라탔다. 데비와 나는 늘 같은 자리에 앉는다. 왼쪽의 제일 뒷자리이다.",
      "srcPage": 72,
      "srcSentenceEA": 3,
      "srcWordEA": 15
    },
    {
      "srcTextID": "46999",
      "srcText": "그런데 올해에는 학교가 시작된 첫 날부터 반 전체의 앞에서 내게 찢어지는 소리를 했다. 선생님이 산수책을 펴라고 했는데도 내가 듣지 못했기 때문에 내게 소리친 것이다. 그런 일로, 남을 그렇게 야단쳐도 되는 것일까.",
      "srcPage": 79,
      "srcSentenceEA": 3,
      "srcWordEA": 33
    },
    {
      "srcTextID": "47032",
      "srcText": "엄마는 그것을 파랗게 칠해서 플라스틱 제라늄 조화를 꽂아 놓았다. “아빠는 왜 안 오셔?” 에미가 묻자 엄마가 대답했다.",
      "srcPage": 85,
      "srcSentenceEA": 3,
      "srcWordEA": 18
    },
    {
      "srcTextID": "47066",
      "srcText": "어쩐지 아빠와 엄마 사이가 이상하다고 내가 눈치채기 시작한 것은 토요일도 저녁때, 6시가 되어서부터이다. 우리 부모는 일년 내내 토요일 밤에는 비가 오거나 눈이 오거나 반드시 함께 외출한다. 때로는, 어디로 갈까? 어느 영화를 보느냐 하는 문제로 외출하기 전에 다투는 일도 있지만, 어쨌든 함께 나간다.",
      "srcPage": 87,
      "srcSentenceEA": 4,
      "srcWordEA": 45
    },
    {
      "srcTextID": "57291",
      "srcText": "나는 부엌으로 가서 팬케이크 가루를 반죽했다. 일요일 아침에는 언제나 내가 팬케이크를 만든다. 달걀을 깨서 믹서에 넣고 소용돌이처럼 팽글팽글 도는 것을 보는 게 아주 재미있다.",
      "srcPage": 112,
      "srcSentenceEA": 3,
      "srcWordEA": 26
    },
    {
      "srcTextID": "57382",
      "srcText": "에미가 말했다. “어쨌든 오늘만큼은 쓸데없는 것을 묻지 마.” 내가 A 의 완전한 날을 꿈꿀 때 왜 에미는 방해를 해야만 하는 것일까. 에미가 울상이 되고 있다.",
      "srcPage": 117,
      "srcSentenceEA": 4,
      "srcWordEA": 27
    },
    {
      "srcTextID": "40000",
      "srcText": "“당신이 집에 없을 때는, 먹을 것을 안 주기라도 하는 줄 알아요.” 아빠는 접시를 밀어내면서 에미를 불렀다. “에미 에미.\" 에미는 여섯 살. 저녁 반찬이 마음에 들지 않으면, 에미는 대신 콘플레이크를 먹는다.",
      "srcPage": 1,
      "srcSentenceEA": 5,
      "srcWordEA": 33
    },
    {
      "srcTextID": "40004",
      "srcText": "“화는 누가 화를 내니.” 엄마는 큰 소리로 말하면서 엎질러진 우유를 닦고, 젖은 행주를 싱크대 쪽으로 던졌다. 행주는 싱크대 옆의 조리대 위에 떨어졌다.",
      "srcPage": 8,
      "srcSentenceEA": 3,
      "srcWordEA": 24
    },
    {
      "srcTextID": "40009",
      "srcText": "“맞아요. 모카예요.” “내가 모카를 싫어한다는 거, 알고 있잖아? 왜 초콜릿으로 하지 않았어?” “초콜릿은 이제 진저리가 났기 때문이에요!” 엄마는 신경질을 내면서 말했다.",
      "srcPage": 11,
      "srcSentenceEA": 5,
      "srcWordEA": 24
    },
    {
      "srcTextID": "46845",
      "srcText": "내 친구 데비 데비 바텔은, 유치원 때부터의 내 친구인데, 200미터쯤 떨어진 곳에 살고 있다. 학교에 다니게 된 뒤로, 2학년과 5학년 때 두 번만 다른 반이 되었다가, 올해 다시 둘이 싱거 선생님의 학급이 되었다. 데비는 에미와 동갑인 남동생이 있어서, 우리는 정말 여러 가지 공통점을 갖고 있는 셈이 된다.",
      "srcPage": 63,
      "srcSentenceEA": 3,
      "srcWordEA": 49
    },
    {
      "srcTextID": "46928",
      "srcText": "사실을 말하자면, 데비는 더 자유스러운 시간이 주어져서, 아무것도 하지 않고 한가롭게 있고 싶어한다. 그러나 데비는 어머니의 마음을 상하게 하고 싶지 않다면서 아무 소리도 하지 않는다. 작년 말에, 실내 테니스 클럽에서 매주 일요일 오후에 아이들에게 테니스 연습을 시키고 있다는 얘기를 바텔 부인이 듣고서 데비에게 크리스마스 선물로 준 것이, 놀랍게도 테니스 라켓이었다.",
      "srcPage": 66,
      "srcSentenceEA": 3,
      "srcWordEA": 52
    },
    {
      "srcTextID": "46926",
      "srcText": "“어머 좋아라. 학교가 끝나면 무슨 놀이 할까?” “글쎄. 너희 집에 갈까. 제프가 집에 있어?” “없어. 금요일엔 집에 없어. 너도 알잖아. YMCA에 수영하러 가.”",
      "srcPage": 68,
      "srcSentenceEA": 7,
      "srcWordEA": 29
    },
    {
      "srcTextID": "47000",
      "srcText": "선생님은, 잘 기억해 두는 것이 우리들의 책임이고, 만일 잊으면 그 벌은 받아야만 한다고 말한다. 싱거 선생님이 결혼 같은 것을 하지 않았다면, 지금도 친절한 선생님이었을 것이다. 지난 해에도 우리가 볼일이 있어 선생님의 방으로 가보면 선생님은 늘 생글 생글 웃고 있었다.",
      "srcPage": 78,
      "srcSentenceEA": 3,
      "srcWordEA": 41
    },
    {
      "srcTextID": "57434",
      "srcText": "나는 말했다. “재미있는 수수께끼구나.” “그렇지만 벌써 알고 있었지? 아니야?” “알고 있었어.” 나는 에미에게 대답하고 나서 팬케이크 반죽을 프라이팬에 넣어 미키마우스의 얼굴 같은 모양을 만들었다. 에미에게 야단 따위를 치지 말았어야 했다.",
      "srcPage": 123,
      "srcSentenceEA": 7,
      "srcWordEA": 33
    },
    {
      "srcTextID": "57449",
      "srcText": "엄마는 대답했다. 내가 물었다. “뭣 때문에 바빠?” “처리해야만 할 일이 있단다. 자, 너희들은 빨리 아침밥을 먹어라. 엄마는 2층에 가서 옷을 갈아입고 올 테니까. 루스 이모가 곧 올 거야.” 아빠가 무슨 일로 바쁜지 내가 물을 짬도 주지 않고 엄마는 2층에 올라가 버렸다.",
      "srcPage": 127,
      "srcSentenceEA": 8,
      "srcWordEA": 46
    },
    {
      "srcTextID": "57502",
      "srcText": "지금까지 그런 일이 한 번도 없었으니까. 내가 욕실에서 칫솔로 이를 닦고 있는데 에미가 뛰어들왔다. “노크를 해, 노크를.” 나는 에미에게 말했다.",
      "srcPage": 131,
      "srcSentenceEA": 4,
      "srcWordEA": 22
    },
    {
      "srcTextID": "57500",
      "srcText": "“카렌 언니.\" “왜?” “아빠가 어디 있는지 알아?” “엄마가 말한 소리를 들었잖아. 무슨 일로 바쁘시대.” “나는 알고 있어.” “알고 있어?” “응. 아빠는 강아지를 사러 갔어. 우리를 깜짝 놀라게 해 주려고.”",
      "srcPage": 132,
      "srcSentenceEA": 8,
      "srcWordEA": 32
    },
    {
      "srcTextID": "57538",
      "srcText": "이모는 우리 집 현관 열쇠를 갖고 있으니까 초인종을 누르지 않고도 들어올 수 있다. 그렇기는 하지만 이모는 마치 야옹이처럼 소리내지 않고 걸을 수 있는 모양이다. 이모는 목에 방울을 달면 어떨까.",
      "srcPage": 135,
      "srcSentenceEA": 3,
      "srcWordEA": 31
    },
    {
      "srcTextID": "57535",
      "srcText": "“놀라게 하지 마세요!” 나는 말했다. \"미안하다. 제프하고 에미는 어디 있지?” “제프는 자기 방. 에미는 아마 서재에서 텔레비전을 보고 있을 거예요.”",
      "srcPage": 136,
      "srcSentenceEA": 5,
      "srcWordEA": 23
    },
    {
      "srcTextID": "57539",
      "srcText": "일요일 아침의 시시한 텔레비전 프로에서 에미를 떨어지게 할 방법은 우선은 없을 것 같다. 아이들이 서로 파이를 던지는 프로가 에미는 특히 마음에 드는 모양이다. “엄마는 어디 있니?”",
      "srcPage": 137,
      "srcSentenceEA": 3,
      "srcWordEA": 27
    },
    {
      "srcTextID": "57537",
      "srcText": "“준비를 하다니, 왜요?” “엄마가 아무 소리도 안 했니?” “무슨 소리요?” “댄 이모부하고 내가 너희들에게 점심을 사준다는 걸 말이야.”",
      "srcPage": 139,
      "srcSentenceEA": 4,
      "srcWordEA": 18
    },
    {
      "srcTextID": "57251",
      "srcText": "언제던가 텔레비전에서, 헤어져 있는 부부를 다룬 프로를 보았는데 그 부부의 어린아이가 유괴되자 두 사람은 힘을 합쳐 FBI 연방경찰에 협력했다. 물론 아이를 무사히 찾고 부부도 너무 기쁜 나머지 화해하게 되어 그 뒤 모두 행복하게 산다는 이야기였다. 아주 좋은 프로였다.",
      "srcPage": 105,
      "srcSentenceEA": 3,
      "srcWordEA": 40
    },
    {
      "srcTextID": "57252",
      "srcText": "우리 집에서 잘생긴 사람은 제프다. 턱에 쏙 들어간 데가 있고, 눈은 새파랗다. 루스 이모의 말로는, 남자아이에게는 아까운 얼굴이라나.",
      "srcPage": 108,
      "srcSentenceEA": 3,
      "srcWordEA": 20
    },
    {
      "srcTextID": "57248",
      "srcText": "나는, 생김새는 제프와 에미의 중간쯤 된다. 내 얼굴을 설명한다면 평범한 생김새라고나 할까. 하지만, 앞으로 2, 3년 뒤에는 머리써서 화장을 잘 해볼 생각이다. 보랏빛 아이섀도 같은 것을 칠할지도 몰라.",
      "srcPage": 109,
      "srcSentenceEA": 4,
      "srcWordEA": 31
    },
    {
      "srcTextID": "40011",
      "srcText": "그리고는 그 훌륭한 케이크를 접시째 머리 위로 들어올리더니 손을 놓아 버렸다. 케이크는 아빠의 발치에 떨어져 부서졌다. 케이크 접시는 박살나서 사방으로 흩어졌다. 접시는 날마다 쓰고 있는 보통 접시였다. 만일 그것이 귀중한 골동품 접시였다면 엄마는 그처럼 떨어뜨리지는 않았을 것이다.",
      "srcPage": 14,
      "srcSentenceEA": 5,
      "srcWordEA": 41
    },
    {
      "srcTextID": "40014",
      "srcText": "“너는 정말 때를 맞춰 우유를 엎질렀구나.” 제프가 에미에게 말했다. 제프는 열 네 살인데, 가끔 기분이 아주 나빠질 때가 있다.",
      "srcPage": 18,
      "srcSentenceEA": 3,
      "srcWordEA": 21
    },
    {
      "srcTextID": "40021",
      "srcText": "천장 한쪽이 낮았으며 조그만 창이 아주 위쪽에 나 있다.  자기 방이 따로 있으면서 왜 그런 곳에서 있고 싶어하는지, 나는 알 수가 없다. 제프는 많은 시간을 들여 그 방을 꾸였다.",
      "srcPage": 22,
      "srcSentenceEA": 3,
      "srcWordEA": 32
    },
    {
      "srcTextID": "40714",
      "srcText": "온 집안이 아주 조용하다. 나만 식당에 남아서 먹다 남은 스패니시라이스로 접시에다 그림을 그리고 있다. 그러다가 식탁을 치우고 접시를 설거지 그릇에 넣을까, 생각했다.",
      "srcPage": 29,
      "srcSentenceEA": 3,
      "srcWordEA": 24
    },
    {
      "srcTextID": "46727",
      "srcText": "그런 다음 야옹이의 배를 쓸어 주면서 쿠키를 먹고, 야옹이에게 부스러기를 핥아먹게 했다. 야옹이는 내게 절대로 발톱을 보이지 않는다. 뿐만 아니라 여느 고양이처럼, 가구를 긁는 일도 없다.",
      "srcPage": 36,
      "srcSentenceEA": 3,
      "srcWordEA": 28
    },
    {
      "srcTextID": "46734",
      "srcText": "그러나 이것 저것 불러 보는 사이에 야옹이라고 부르는 것이 익숙해졌기 때문에 어느새 그대로 야옹이가 되고 말았다. 야옹이가 기분좋게 잠들었기 때문에, 나는 내 책상 앞에 가서 걸터앉았다. 내 책상은 특제였다. 본디 어느 집 식탁이었는데, 엄마가 5달러로 사갖고 와서 자기 손으로 페인트 칠하여 손질해 준 것이다.",
      "srcPage": 39,
      "srcSentenceEA": 4,
      "srcWordEA": 47
    },
    {
      "srcTextID": "46735",
      "srcText": "나는 가운데 서랍을 열어서, 일기책을 꺼냈다. 해마다 12월이 되면 누군가가 우편으로 아빠에게 그 다음해의 일기장을 부쳐 주기 때문에 그것을 아빠는 나에게 준다. 아무 무늬도 없는 까만 겉장에, 황금빛 글씨로 ‘글로벌 보험 회사’라고 씌어 있고, 속도 1년의 하루하루가 반 페이지씩으로 되어 있다.",
      "srcPage": 41,
      "srcSentenceEA": 4,
      "srcWordEA": 44
    },
    {
      "srcTextID": "46752",
      "srcText": "엄마가 케이크를 마루에 떨어뜨렸을 때는, 아빠가 나빴다. 그 싸움은 아빠가 모카 크림은 질색이라고 말한 데서부터 시작됐다. 그러니까 그 날 밤 일기에는 ‘싸움 BN이 나쁘다’고 씌어 있다.",
      "srcPage": 47,
      "srcSentenceEA": 4,
      "srcWordEA": 29
    },
    {
      "srcTextID": "46791",
      "srcText": "내가 철자법을 잘 안다는 이유만으로 골라 준 것이 아니었으면 좋겠지만. 둘째로, 싱거 선생님이 오래간만에 사람답게 행동한 일이다. 그 날, 선생님은 한 번도 소리치지 않았다.",
      "srcPage": 51,
      "srcSentenceEA": 3,
      "srcWordEA": 26
    },
    {
      "srcTextID": "46811",
      "srcText": "눈을 들어 하늘을 보니, 하늘에는 별이 가득 빛나고 있었다. 주위의 모든 것이 조용하고 아름다웠다. 제발 이대로 아무것도 변하지 말고 있어 주세요, 하고 나는 빌었다.",
      "srcPage": 57,
      "srcSentenceEA": 3,
      "srcWordEA": 26
    },
    {
      "srcTextID": "46813",
      "srcText": "일어나 보니, 우리는 모두 흠뻑 젖어 있었다. 엄마한테 야단맞겠는걸, 하고 나는 생각했다. 하지만 우리가 안으로 뛰어들어가자, 엄마는 눈사람이 된 것 같다면서 웃었을 뿐이다.",
      "srcPage": 58,
      "srcSentenceEA": 3,
      "srcWordEA": 25
    },
    {
      "srcTextID": "57534",
      "srcText": "“그렇지만 우리는 아침을 막 먹은걸요.” “시골로 드라이브해서 간다. 저쪽에 도착할 때쯤이면 점심이야. 자, 코트를 입고 제프와 에미에게 빨리 준비하라고 말해라.” “좋아요.”",
      "srcPage": 140,
      "srcSentenceEA": 4,
      "srcWordEA": 23
    },
    {
      "srcTextID": "57595",
      "srcText": "대답은 했지만 이상했다. 우리가 일요일에 밖으로 점심을 먹으러 가는 일이란 없었기 때문이다. 때로 저녁을 먹으러 가는 일은 있었지만 점심을 밖에서 먹는 일은 결코 없었다.",
      "srcPage": 141,
      "srcSentenceEA": 3,
      "srcWordEA": 26
    },
    {
      "srcTextID": "57597",
      "srcText": "일요일에는 점심을 먹지 않는걸. 루스 이모도 그걸 잘 알고 있으면서! “이모\" 이모가 방에서 나가려 했을 때 나는 불렀다.",
      "srcPage": 142,
      "srcSentenceEA": 3,
      "srcWordEA": 20
    },
    {
      "srcTextID": "57593",
      "srcText": "“왜?” “엄마도 가요?” “물론 가지.” “아빠도?” “아니. 안 가.” “아빠는 어디 있어요?” “아빠는 말이다, 처리해야만 할 일이 있어.” 루스 이모가 대답했다. 일? 일요일 아침에 아빠가 해야만 하는 일은 뭘까?",
      "srcPage": 143,
      "srcSentenceEA": 8,
      "srcWordEA": 33
    },
    {
      "srcTextID": "57594",
      "srcText": "가게를 팔아 버린다면 또 모르지만 그래, 그게 틀림없어. 가게 매상이 줄어든다고 아빠가 말했잖아. 그래서 가게를 팔아 다른 장사를 하려는 거야.",
      "srcPage": 144,
      "srcSentenceEA": 3,
      "srcWordEA": 22
    },
    {
      "srcTextID": "57598",
      "srcText": "제프는 잘못 알고 있다. 엄마가 화내고 있는 것도 가게를 팔아치우면 가난해지기 때문이다. 엄마가 아끼는 골동품도 다 팔아 버리게 될지도 모른다. 그렇게 되면 우리는 생활을 돕기 위해 학교가 끝난 뒤에 일을 하기로 하자.",
      "srcPage": 145,
      "srcSentenceEA": 4,
      "srcWordEA": 35
    },
    {
      "srcTextID": "57652",
      "srcText": "나는 에미에게 빨리 준비하라고 말한 뒤 세탁실에 가 야옹이의 모래상자를 살펴보았다. 기쁘게도 모래상자는 깨끗했다. 그 다음 야옹이의 물그릇을 흔들어 비운 뒤 새 물을 넣고 접시에다 마른 고양이밥을 주었다.",
      "srcPage": 147,
      "srcSentenceEA": 3,
      "srcWordEA": 30
    },
    {
      "srcTextID": "57657",
      "srcText": "정말 싫은 냄새이다. 모래상자도 가끔씩 무척 냄새가 날 때도 있다. 그렇지만 나는 야옹이를 매우 사랑하기 때문에 조금 싫은 일이 있어도 그다지 마음에 걸리지 않는다. 게다가 야옹이를 꼭 안고서 목에서 나는 소리를 듣고 있으면 고생하여 키운 보람이 있다는 생각이 든다.",
      "srcPage": 149,
      "srcSentenceEA": 4,
      "srcWordEA": 42
    },
    {
      "srcTextID": "57655",
      "srcText": "우리가 모두 차에 올라타자 루스 이모는 차를 자기 집으로 몰더니 댄 이모부를 태웠다. 거기서 두 사람이 자리를 바꿔 댄 이모부가 운전을 했다. 제프와 에미와 나는 뒷좌석에 앉았다. 차는 바스킨리지까지 곧장 달렸다.",
      "srcPage": 150,
      "srcSentenceEA": 4,
      "srcWordEA": 34
    },
    {
      "srcTextID": "57654",
      "srcText": "댄 이모부가 운전할 때는 다리가 길기 때문에 좌석을 훨씬 뒤로 뽑는다. 그래서 뒷좌석에 앉은 사람은 좁은 자리에 끼여 앉아야 한다. 드라이브를 하고 있는 동안 내내 이모와 이모부는 이야기를 했다.",
      "srcPage": 151,
      "srcSentenceEA": 3,
      "srcWordEA": 31
    },
    {
      "srcTextID": "40007",
      "srcText": "우스워하는 사람은 자기 혼자뿐인데도. “알았어요? 햄 자른 거 말예요. 냉장고에는 햄을 자른게 들어가 있어요! 아시겠어요, 아빠?\" “알았다. 아주 재미있는 수수께끼구나. 자, 앉아서 우유를 먹어라.”",
      "srcPage": 6,
      "srcSentenceEA": 6,
      "srcWordEA": 29
    },
    {
      "srcTextID": "40013",
      "srcText": "지난 주의 일이었다. 엄마가 케이크를 만들었는데 그것을 먹을 때가 되자, 아빠가 트집을 잡았다. “모카 크림은 아니겠지?”",
      "srcPage": 10,
      "srcSentenceEA": 3,
      "srcWordEA": 17
    },
    {
      "srcTextID": "40019",
      "srcText": "오늘 밤에 엄마가 집어, 던진 것은 행주뿐이다. 엄마가 식당에서 뛰쳐 나가자 아빠는 엄마를 욕하면서 냅킨을 밀어놓고 테이블에서 일어났다. 제프도 의자를 밀며 일어나려 했는데, 아빠가 소리쳤다.",
      "srcPage": 16,
      "srcSentenceEA": 3,
      "srcWordEA": 27
    },
    {
      "srcTextID": "46729",
      "srcText": "먼 데서 보면, 야옹이는 짙은 잿빛으로 보이지만, 가까이 가서 보면 사실은 검정과 잿빛 얼룩이 들어 있고, 흰 데가 조금이고 여기저기 빨간 데도 있다. 뚱뚱한 몸에 방울이 달린 목사리를 하고 있는데, 그 방울은 두 가지 구실을 한다. 하나는, 야옹이가 새를 쫓아다니는 것을 아주 좋아하기 때문에 새에게 미리 알려 주기 위한 것.",
      "srcPage": 33,
      "srcSentenceEA": 3,
      "srcWordEA": 52
    },
    {
      "srcTextID": "46750",
      "srcText": "아빠 이름은 빌 진짜는 월리엄이라 하지만, 그런 것은 아무래도 좋다. 나는 연필을 입에 물고, 얼마 동안 그것을 질겅거렸다. 1학년 때, 학년이 끝나서 연필에 잇자국이 가장 적은 사람을 뽑는 콘테스트가 있었는데 나는 도저히 이길 수가 없었다.",
      "srcPage": 48,
      "srcSentenceEA": 3,
      "srcWordEA": 37
    },
    {
      "srcTextID": "46793",
      "srcText": "저녁을 서둘러 먹어 치우고 나서, 아빠하고 제프는 눈을 치우러 밖에 나갔다. 나와 에미도 나가고 싶어 견딜 수 없었기 때문에, 엄마에게 말해서 겨우 허락을 받았다. “그래라. 옷을 든든히 입고, 추워지면 곧 집에 들어온다는 약속을 해라.”",
      "srcPage": 53,
      "srcSentenceEA": 3,
      "srcWordEA": 36
    },
    {
      "srcTextID": "46821",
      "srcText": "나는 2월 25일, 목요일 일기에다 C를 적었다. 그리고 나서 고무줄을 전처럼 일기장에 감아 놓고, 욕실에 가서 이를 닦았다. 어쩌면 내일은 A 의 날이 될지도 모른다. 그렇게 되면 좋으련만.",
      "srcPage": 62,
      "srcSentenceEA": 4,
      "srcWordEA": 31
    },
    {
      "srcTextID": "46927",
      "srcText": "모두가 데비 어머니의 생각인 것이다. 바텔 부인은 데비에게 무엇이고 다 시키고 싶은 모양이다. 우리는 걸스카우트에서 만날 수 있으니망정이지, 그러지 않았다면 데비와는 만나지도 못할 뻔했다.",
      "srcPage": 65,
      "srcSentenceEA": 3,
      "srcWordEA": 26
    },
    {
      "srcTextID": "46974",
      "srcText": "그런데 데비는 마치 칭찬이라도 들은 것처럼 좋아한다. 자기가 뚱뚱보도 돼지도 아닌 것을 알고 있기 때문에 아무렇지 않은 모양이다. 사실을 말하자면 데비는 예쁘다.",
      "srcPage": 70,
      "srcSentenceEA": 3,
      "srcWordEA": 24
    },
    {
      "srcTextID": "46972",
      "srcText": "개리 오언스도 데비가 좋은 모양이다. 개리는, 늘 데비의 머리카락을 잡아당기면서 놀려 준다. 내 머리도 잡아당겨 주면 좋을 텐데.",
      "srcPage": 71,
      "srcSentenceEA": 3,
      "srcWordEA": 20
    },
    {
      "srcTextID": "57436",
      "srcText": "에미는 미키마우스의 귀를 잘라서 시럽에 묻혀 먹었다. “아빠는 어떻게 된 거야, 엄마?” 에미가 물었다. 제프가 만화의 페이지에서 고개를 들었다. 한 번도 소리 내어 웃지 않은 것을 보면 제프는 만화를 읽는 체한 것뿐인 것 같다. \"아빠는 바빠.\"",
      "srcPage": 126,
      "srcSentenceEA": 6,
      "srcWordEA": 39
    },
    {
      "srcTextID": "57716",
      "srcText": "레스토랑에 닿기 전에 에미는 차멀미를 했는데 주차장에 도착했을 때 그만 토해버렸다. 그러나 에미는 긴 드라이브를 하면 언제나 멀미하기 때문에 우리는 익숙해져 있다. 에미도 늘 있는 일이라 양복 같은 것을 더럽히지는 않았다.",
      "srcPage": 154,
      "srcSentenceEA": 3,
      "srcWordEA": 33
    },
    {
      "srcTextID": "40005",
      "srcText": "답을 알고 있다고 해도 소용없다. 그런 것은, 상관없는 일이다. 이쪽이 답을 알고 있거나 말거나 에미는 지치지 않고 수수께끼를 물어 온다.",
      "srcPage": 4,
      "srcSentenceEA": 3,
      "srcWordEA": 22
    },
    {
      "srcTextID": "46973",
      "srcText": "그 때까지 나는 우유값을 잊고 왔다는 것을 알지 못했다. 학교에는 식당이 없기 때문에, 우리는 교실에서 도시락을 먹게 되어 있다. 만일 금요일에 우유값을 갖고 오지 않으면, 다음 주에는 우유를 받지 못한다.",
      "srcPage": 76,
      "srcSentenceEA": 3,
      "srcWordEA": 32
    },
    {
      "srcTextID": "47001",
      "srcText": "학교가 처음 시작하는 날이어서, 나는 들떠 있었던 것인데. 선생님은 그런 기분을 몰랐을까. 내가 우유값을 잊은 것은 이번이 처음이었다.",
      "srcPage": 80,
      "srcSentenceEA": 3,
      "srcWordEA": 20
    },
    {
      "srcTextID": "46998",
      "srcText": "그러니 다음 주부터는 집에서 뭔가 마실 것을 가지고 와야만 한다. 뜨뜻미지근한 주스나 싫은데. 오늘이 A의 날이 되지 않을 것은, 이미 뻔한 일이다.",
      "srcPage": 81,
      "srcSentenceEA": 3,
      "srcWordEA": 24
    },
    {
      "srcTextID": "47031",
      "srcText": "돌아오지 않은 아빠. 아빠는 오늘밤, 저녁 식사에 돌아오지 않았다. 하지만 그것은 그다지 이상한 일은 아니다.",
      "srcPage": 82,
      "srcSentenceEA": 3,
      "srcWordEA": 17
    },
    {
      "srcTextID": "47030",
      "srcText": "금요일 밤은 아빠의 가게가 9시까지 열려 있기 때문이다. 가게는 ‘뉴민 모던 가구점 ’이라 하는데 고속 도로 옆에 있다. 그러나 집에 있는 가구는 아빠의 가게에서 가져온 것은 하나도 없다.",
      "srcPage": 83,
      "srcSentenceEA": 4,
      "srcWordEA": 30
    },
    {
      "srcTextID": "47033",
      "srcText": "왜냐하면, 엄마는 골동품광이어서 무엇이나 오래된 것을 좋아하기 때문이다. 거실 테이블 위에는 도기로 된 오래된 인형이 여러개 놓여 있다. 현관에는 예스럽게 배가 불룩한 둥근 스토브까지 놓여 있다.",
      "srcPage": 84,
      "srcSentenceEA": 3,
      "srcWordEA": 28
    },
    {
      "srcTextID": "47063",
      "srcText": "\"야근이야.\" 토요일 아침에는 아빠만이 여느 날처럼 빨리 일어나서 나가고, 우리 모두는 늦게까지 잔다. 아빠는, 일어나는 데 괘종시계 같은 것이 필요없다. 저절로 눈이 떠지는데, 엄마는 그 반대이다.",
      "srcPage": 86,
      "srcSentenceEA": 3,
      "srcWordEA": 29
    },
    {
      "srcTextID": "47067",
      "srcText": "외출하지 않고 집에 있을 때는, 우리들 가운데 누군가가 아프기 때문이다. “헤들리 아주머니는, 오늘 밤 몇 시에 와요?” 컵케이크를 두 개째 입에 넣으면서, 나는 엄마에게 물었다.",
      "srcPage": 88,
      "srcSentenceEA": 3,
      "srcWordEA": 26
    },
    {
      "srcTextID": "47064",
      "srcText": "“입에 무엇을 넣고 말하지 말 것.” 에미가 말했다. “시끄러워. 응, 엄마. 몇 시에 와요?” 헤들리 아주머니는 우리가 애기 때부터 쭉 엄마와 아빠가 외출할 때마다 집에 와서 우리를 도와 주고 있다.",
      "srcPage": 89,
      "srcSentenceEA": 5,
      "srcWordEA": 34
    },
    {
      "srcTextID": "40002",
      "srcText": "“그러기 전에, 수수께끼 하나.” “그래, 하지만 하나뿐이다.” 아빠가 다짐했다. 에미의 수수께끼에는 온 식구가 골치를 앓고 있다. 에미가 학교에 다니기 시작한 뒤로부터는 누굴 보기만 하면 수수께끼다.",
      "srcPage": 3,
      "srcSentenceEA": 5,
      "srcWordEA": 28
    },
    {
      "srcTextID": "40017",
      "srcText": "나는 제프가 가는 곳을 알고 있다. 자기 혼자의 ‘은신처’ 에 가는 것이다. 그 곳은 3층 지붕밑 방인데 전에는 창고로 쓰였었다.",
      "srcPage": 21,
      "srcSentenceEA": 4,
      "srcWordEA": 23
    },
    {
      "srcTextID": "40710",
      "srcText": "역도를 하고 있는 것이다. 정말 바보 같은 짓이다. 제프는 내년에 학교 역도팀에 들어가려 하는데 엄마는 제프가 다치지나 않을까 해서 무척 걱정하고 있다. 어쩌면 메리 루이스 랜버거가 '근육이 울퉁불퉁’한 남학생을 좋아하고 있는지도 모른다.",
      "srcPage": 28,
      "srcSentenceEA": 6,
      "srcWordEA": 36
    },
    {
      "srcTextID": "40016",
      "srcText": "“일부러 그런 거 아니야. 어쩌다 그렇게 됐어.” “어쨌든 너는 만족이겠지. 너 때문에 오늘 밤은 김이 새서 망쳐 버렸어.”",
      "srcPage": 19,
      "srcSentenceEA": 4,
      "srcWordEA": 20
    },
    {
      "srcTextID": "40709",
      "srcText": "사실 제프는 여드름투성이인데도 많은 여자애들한테서 늘 전화가 걸려 온다. 아빠가, 통화 시간은 2분이라고 겁을 줬지만, 제프는 마음쓰지 않는다. 제프가 전화로 이야기하고 싶은 여자애는 어차피 하나니까.",
      "srcPage": 26,
      "srcSentenceEA": 3,
      "srcWordEA": 27
    },
    {
      "srcTextID": "46728",
      "srcText": "다른 하나는, 사람 뒤에 몰래 오지 못하게 하기 위해서이다. 야옹이는 몰래 다가오기를 무척 잘한다. 가끔씩 침대 밑에 들어가 있다가, 우리가 옆을 지나가면 달려든다.",
      "srcPage": 34,
      "srcSentenceEA": 3,
      "srcWordEA": 25
    },
    {
      "srcTextID": "46737",
      "srcText": "엄마는 그런 일을 아주 잘 한다. 책상은 밝은 황색인데 조그만 쇠붙이 손잡이가 모든 서랍에 붙어 있다. 내 친구들은 모두가 멋있다고 말했다.",
      "srcPage": 40,
      "srcSentenceEA": 3,
      "srcWordEA": 23
    },
    {
      "srcTextID": "46738",
      "srcText": "표지에 자물쇠가 달려 있지 않으니 사실은 일기장이 아니고 메모장인지도 모르지만, 나는 일기장으로 쓰고 있다. 치과에 가는 날 같은 것은, 엄마가 자기 달력에 표해 두니까 그런 것에는 흥미가 없다. 만일, 누군가가 내 책상 속을 휘저었을 때를 대비하여 일기장에는 고무줄이 몇 갠가 감겨져 있다. 나만이 아는 특별한 방법으로.",
      "srcPage": 42,
      "srcSentenceEA": 4,
      "srcWordEA": 49
    },
    {
      "srcTextID": "46753",
      "srcText": "전부터 연필을 씹는 버릇이 있었기 때문이다. 연필을 씹고 있으면 좋은 생각이 떠오르는 듯한 기분이 되는 것이다. 나는 일기장 페이지를 뒤에서부터 들쳐 보았다. 숙제장처럼 날마다 점수가 매겨져 있다. 이 달은 거의 날마다 C였다.",
      "srcPage": 49,
      "srcSentenceEA": 5,
      "srcWordEA": 36
    },
    {
      "srcTextID": "46794",
      "srcText": "하지만, 그날이 가장 마음에 들었던 까닭은 눈이 왔기 때문이다. 이 언저리에서는 보통 초겨울에 그 날처럼 눈이 많이 오는 일은 없다. 그 날은 아침부터 눈이 오기 시작하여 밤까지 계속 왔다.",
      "srcPage": 52,
      "srcSentenceEA": 3,
      "srcWordEA": 31
    },
    {
      "srcTextID": "46809",
      "srcText": "나와 아빠 팀이 이긴 것 같았지만, 그런 것은 아무래도 좋을 만큼 재미있었다. 눈싸움에 지쳐서, 나와 에미는 눈 위에 팔을 활짝 펴고 누워, 천사의 모양을 만들었다. 나는 팔을 아래 위로 움직여, 멋진 모양의 날개를 눈 위에다 그렸다.",
      "srcPage": 56,
      "srcSentenceEA": 3,
      "srcWordEA": 38
    },
    {
      "srcTextID": "46976",
      "srcText": "내가 기억하는 한에서는, 우리는 늘 이 자리에 앉곤 했다. 버스는 도중에서 세 번 서고, 학교까지 20분 걸려서 간다. 오늘 아침, 데비는 학교에 닿을 때까지, 산수 숙제를 했다.",
      "srcPage": 73,
      "srcSentenceEA": 3,
      "srcWordEA": 29
    },
    {
      "srcTextID": "46971",
      "srcText": "가끔 나 스스로가 어른스럽지도, 다른 아이들과 사이가 좋지도, 학습에 열심이라고도 생각되지 않을 때가 있다. 나를 5학년 때 담임했던 선생님이 다른 아이와 혼돈해서 쓴 것이 틀림없다고 생각될 때도 있다. 학교에 닿자마자, 싱거 선생님이 우유값을 걷기 시작했다.",
      "srcPage": 75,
      "srcSentenceEA": 3,
      "srcWordEA": 37
    },
    {
      "srcTextID": "40008",
      "srcText": "\"누가 화를 낸다던!\" 엄마는 되풀이하여 소리치더니 식당에서 뛰쳐나가 버렸다. 저쪽에서 문이 탕 하고 닫히는 소리가 났다. 요즘 엄마의 기분은 날로 나빠질 뿐이다.",
      "srcPage": 9,
      "srcSentenceEA": 4,
      "srcWordEA": 25
    },
    {
      "srcTextID": "46726",
      "srcText": "2층으로 올라가는 도중에서 언제나 기분좋은 곳에 누워 있는 고양이 야옹이를 들어올렸다. 야옹이는 우리 집 고양이인데, 특별히 누구의 고양이라는 것은 없지만, 나를 가장 따른다. 왜냐하면 내가 야옹이를 이 세상 누구보다도 사랑하기 때문이라고 생각한다.",
      "srcPage": 32,
      "srcSentenceEA": 3,
      "srcWordEA": 34
    },
    {
      "srcTextID": "46749",
      "srcText": "부모들의 싸움에 대해서 나는 될 수 있는 대로 공평하려고 노력한다. 오늘 밤은 엄마가 정말 나쁘다. 아빠가 돌아왔을때, 엄마는 아빠에게 더 친절했어야 했다.",
      "srcPage": 45,
      "srcSentenceEA": 3,
      "srcWordEA": 24
    },
    {
      "srcTextID": "46751",
      "srcText": "아빠가 저녁 식사 전에 술을 마시고 마음을 느긋하게 푸는 것을 좋아한다는 것을 엄마는 알고 있으니 말이다. 그리고 에미가 우유를 엎질렀을 때, 엄마는 소리를 치지 말았어야 했다. 누구에게나 실수는 있으니까.",
      "srcPage": 46,
      "srcSentenceEA": 3,
      "srcWordEA": 31
    },
    {
      "srcTextID": "46790",
      "srcText": "A로 되어 있는 것은, 지난 해 12월 14일이 마지막이다. 그것은 정말이지 완전한 날이었다. 먼저 첫째로, 개리 오언스 우리 반의 남자아이가, 나를 받아쓰기 게임 어려운 낱말을 불러서, 상대 팀에게 그 올바른 철자를 쓰게 하는 게임의 파트너로 골라 준 일이다.",
      "srcPage": 50,
      "srcSentenceEA": 3,
      "srcWordEA": 40
    },
    {
      "srcTextID": "46975",
      "srcText": "나는, 학교에서는 잘 하는 편이다. 그리고 ‘어른스러우면서 다른 아이들과 사이가 좋고, 학습에 열심’으로 되어 있다. 학년 초에 학교의 영구 보존 기록카드를 몰래 보았더니, 그렇게 씌어 있었다.",
      "srcPage": 74,
      "srcSentenceEA": 4,
      "srcWordEA": 29
    },
    {
      "srcTextID": "57249",
      "srcText": "만일 우리 세 아이 가운데 하나가 유괴되면 엄마도 아빠도 자기들의 싸움을 잊을 것이며 틀림없이 모든 일이 잘 될 것이다 . 유괴가 된다면 에미가 막내니까 가장 좋다. 게다가 아빠가 에미를 제일 귀여워한다는 것은 모두가 알고 있다.",
      "srcPage": 106,
      "srcSentenceEA": 3,
      "srcWordEA": 36
    },
    {
      "srcTextID": "57250",
      "srcText": "아빠는, 일요일에는 꼭 집에 있다. 그런데 오늘 아침에 차고를 보니까, 아빠 차가 없었다. 처음에는 아빠가 사고를 만나서 병원에 있는지도 모른다고 생각했다. 죽어 버린 것이 아닌지, 그런 생각까지 했다.",
      "srcPage": 110,
      "srcSentenceEA": 4,
      "srcWordEA": 31
    },
    {
      "srcTextID": "57290",
      "srcText": "그런 일은 상상하는 것만으로도 기분 나빴다. 그러나 엄마가 잠자코 있는 것을 보면, 아빠가 죽은 것 같지는 않다. 그런 일은 비밀로 해 둘 수는 없을 테니 말야.",
      "srcPage": 111,
      "srcSentenceEA": 3,
      "srcWordEA": 28
    },
    {
      "srcTextID": "57292",
      "srcText": "어쩌면, 아빠 차는 검사 때문에 주유소에 두었는지도 모른다. 아빠는 틀림없이 엄마와 2층에 있을 것이다. 아빠는 어젯밤 택시로 돌아왔는데, 내가 쿨쿨 자고 있어서 몰랐던 것뿐이다.",
      "srcPage": 114,
      "srcSentenceEA": 3,
      "srcWordEA": 26
    },
    {
      "srcTextID": "57289",
      "srcText": "그러니까 당연히 아빠와 엄마는 오늘 아침 조금 늦잠을 자고 있는 것뿐이다. 틀림없이 밤늦도록 여러 가지 이야기를 했을 것이다. 이제, 아빠는 엄마의 어깨를 껴안고 내려와 ‘자 오늘은 모두 함께 뉴욕으로 놀러가자’고 할지도 모른다.",
      "srcPage": 115,
      "srcSentenceEA": 4,
      "srcWordEA": 35
    },
    {
      "srcTextID": "57288",
      "srcText": "“엄마는 왜 안 오지?” 에미가 물었다. “아직 자고 있어.” “그럼 아빠는?” “그렇게 자꾸 묻지 마.” 나는 소리 높여 말했다. “많이 묻는 사람일수록 많은 것을 안다.”",
      "srcPage": 116,
      "srcSentenceEA": 7,
      "srcWordEA": 27
    },
    {
      "srcTextID": "57383",
      "srcText": "에미는 다른 아이들처럼 악 하고 울기 시작하지 않는다. 잠시 생각하고 있다. 그 다음에 얼굴이 씰룩거리면서 눈물이 흐르기 시작하는 것이다.",
      "srcPage": 118,
      "srcSentenceEA": 3,
      "srcWordEA": 21
    },
    {
      "srcTextID": "57385",
      "srcText": "제프는 신문의 일요일판을 뒤져서 만화가 있는 페이지를 찾고 있다. 나는 프라이팬에다 물을 몇 방울 떨어뜨려 뜨거워졌는지 어쩐지를 시험해 보았다. 물방울이 찍 하면 팬케이크를 구울 수 있다.",
      "srcPage": 119,
      "srcSentenceEA": 3,
      "srcWordEA": 28
    },
    {
      "srcTextID": "57384",
      "srcText": "에미는 식품저장실로 걸어갔다. 그리고 돌아와서 말했다. “카렌 언니\" “왜?” “남자아이가 아빠를 왜 냉장고에 넣었는지 알고 있어?” “알고 있어.” “제프는 알아?” “알아.” 제프가 무뚝뚝하게 대답했다.",
      "srcPage": 121,
      "srcSentenceEA": 7,
      "srcWordEA": 26
    },
    {
      "srcTextID": "57432",
      "srcText": "“그것은 차가운 파프 탄산이 들어 있는 청량 음료수가 먹고 싶어서야. 차가운 파프(파파 아버지). 소다수 같은거 말야.” 에미는 자랑스럽게 말했다. 늘 하는 수수께끼인 것이다.",
      "srcPage": 122,
      "srcSentenceEA": 5,
      "srcWordEA": 27
    },
    {
      "srcTextID": "40015",
      "srcText": "“너희들은 가만히 앉아서 식사를 끝마쳐라.” 그리고는 코트를 집어들고, 뒷문으로 나가 버렸다. 곧 차고 문이 열리는 소리가 나더니 차의 엔진이 울리기 시작했다.",
      "srcPage": 17,
      "srcSentenceEA": 3,
      "srcWordEA": 23
    },
    {
      "srcTextID": "46730",
      "srcText": "이것은 야옹이에게는 장난이지만, 엄마도 아빠도 이 장난을 그다지 좋아하지 않는다. 나는 내 방으로 가서, 문을 발로 닫았다. 그리고 야옹이를 침대 위에 내려놓고 나도 그 옆에 드러누워 팔 다리를 뻗었다.",
      "srcPage": 35,
      "srcSentenceEA": 3,
      "srcWordEA": 31
    },
    {
      "srcTextID": "46754",
      "srcText": "진짜 이름은 엘리너이지만, 아무도 엘리너라고는 부르지 않는다. 내 이름은 카렌인데 달리 불린 일은 없다. 별명을 붙이기 어려운 이름이니까.",
      "srcPage": 44,
      "srcSentenceEA": 3,
      "srcWordEA": 20
    },
    {
      "srcTextID": "40018",
      "srcText": "나중에 아무도 안 볼 때 나는 케이크의 부스러기를 마루에서 주워 몰래 먹었다. 부스러기였지만, 그래도 아주 맛이 좋았다. 그렇지만 그것은 지난 주의 일이다.",
      "srcPage": 15,
      "srcSentenceEA": 3,
      "srcWordEA": 24
    },
    {
      "srcTextID": "40711",
      "srcText": "제프가 비스킷이며 크래커며, 소다수 같은 것을 잔뜩 들여 놓았기 때문에 벌레가 생긴 것이다. 그때 아빠나 엄마가 얼마나 화를 냈던지. 제프도 야단을 맞고 난 뒤로는 먹다 남은 찌꺼기를 침대 밑에 넣어 두지 않았다. ",
      "srcPage": 24,
      "srcSentenceEA": 3,
      "srcWordEA": 34
    },
    {
      "srcTextID": "40706",
      "srcText": "게다가 소다수는 어차피 먹을 수가 없다. 여드름에 좋지 않으니까. 그래도 제프는 여드름이 한두 개밖에 없으니 운이 좋다고 엄마는 말한다.",
      "srcPage": 25,
      "srcSentenceEA": 3,
      "srcWordEA": 21
    },
    {
      "srcTextID": "40713",
      "srcText": "엄마는 디저트로 케이크인지 뭔지를 만들었는지는 모르지만, 물어 보고 만들 생각은 하지 않았다. 엄마는 욕실(미국 가정에서는 보통 손 씻는 곳, 욕조, 세수하는 데가 한 곳으로 되어 있어서 욕실이라 부른다)에 들어가 있는 모양이다. 나는 식품 저장실에 가서, 초콜릿쿠키 상자를 선반에서 내렸다.",
      "srcPage": 31,
      "srcSentenceEA": 3,
      "srcWordEA": 41
    },
    {
      "srcTextID": "46736",
      "srcText": "어디서 왔는지는 모르지만, 우리 집 현관께에서 야옹야옹 울었기 때문에, 나는 접시에 우유를 따라서 먹여 주었다. 그 뒤로 우리 고양이가 되어 버렸다. 처음 얼마 동안은 온 집안 식구들이 멋있는 이름을 지어 주려고 야단이었다.",
      "srcPage": 38,
      "srcSentenceEA": 3,
      "srcWordEA": 34
    },
    {
      "srcTextID": "46792",
      "srcText": "에미는 장화를 잘 신지 못한다. 나는 에미를 도와서 장화를 신기고, 모자를 씌워 주고 장갑도 찾아 주고 나서 함께 밖으로 나갔다. 우리를 보자, 제프가 큰 소리로 말했다. “눈싸움을 하자. 나와 에미가 한편이고, 카렌과 아빠가 한편이 되는 거야.” “좋아.\" 우리는 좋아서 대답했다.",
      "srcPage": 54,
      "srcSentenceEA": 6,
      "srcWordEA": 44
    },
    {
      "srcTextID": "46812",
      "srcText": "아빠와 나는 급히 집 모퉁이로 가서 눈뭉치를 잔뜩 만들었다. 제프와 에미는 큰 나무 뒤에 숨었다. 그리고 이어 눈 뭉치가 공중을 날기 시작했다.",
      "srcPage": 55,
      "srcSentenceEA": 3,
      "srcWordEA": 24
    }
  ]
}