{
  "title": "세라의 빨간 코트",
  "author": "조은주",
  "illustrator": "홍찬주",
  "isbn": "9788967760021",
  "readAge": "초등_고학년",
  "publishedYear": 2012,
  "publisher": "한얼에듀",
  "classification": "자연탐구",
  "paragraphInfoCount": 18,
  "paragraphInfo": [
    {
      "srcTextID": "3885",
      "srcText": "딩동딩동! 야호! 기다리고 기다리던 새 코트가 왔어. 얼마 전에 텔레비전 홈쇼핑에서 송이 언니가 보여 준 코트야. 엄마가 사 주었지.",
      "srcPage": 1,
      "srcSentenceEA": 4,
      "srcWordEA": 23
    },
    {
      "srcTextID": "3886",
      "srcText": "이것 봐! 토끼 인형 주머니도 있어. 난 얼른 새 코트를 입어 보았어. “어머나! 우리 세라, 산타 공주님 같네.”",
      "srcPage": 2,
      "srcSentenceEA": 4,
      "srcWordEA": 21
    },
    {
      "srcTextID": "3887",
      "srcText": "엄마도 좋아하고, 내 마음에도 쏙 들어. 홈쇼핑에 나온 꼬마 모델들보다 내가 훨씬 더 예쁜걸! 나도 송이 언니처럼 예쁘게 텔레비전에 나오면 좋을 텐데.",
      "srcPage": 3,
      "srcSentenceEA": 3,
      "srcWordEA": 24
    },
    {
      "srcTextID": "3889",
      "srcText": "참, 선생님이 내일까지 장래 희망 직업에 대해 생각해 오라고 했지? 잠깐 상상 여행을 떠나 볼까? 쉿! 방송국 사람들이 회의를 하고 있어.",
      "srcPage": 4,
      "srcSentenceEA": 4,
      "srcWordEA": 24
    },
    {
      "srcTextID": "3891",
      "srcText": "요즈음에는 빨간색이 인기 있으니까 빨간색 코트를 중심으로 소개하는 게 좋겠어요. 그런데 감독님과 내 눈이 마주쳤어. “옳지! 세라 양이 입고 나가면 어떨까요?”",
      "srcPage": 6,
      "srcSentenceEA": 3,
      "srcWordEA": 23
    },
    {
      "srcTextID": "3893",
      "srcText": "언니랑 같이 방송할 내용을 맞춰 보자. 송이 언니는 방송할 때 주의해야 할 점들을 친절하게 가르쳐 주었어. “방송 시작합니다! 빨리 오세요.” 송이 언니랑 나는 무대 위에 나란히 섰어.",
      "srcPage": 8,
      "srcSentenceEA": 5,
      "srcWordEA": 30
    },
    {
      "srcTextID": "3898",
      "srcText": "그래, 좋아! 내가 누구야? 난 재치 만점 윤세라! 아, 신나나 선생님이요?  아마 모르는 사람이 없을걸요.",
      "srcPage": 14,
      "srcSentenceEA": 5,
      "srcWordEA": 20
    },
    {
      "srcTextID": "3895",
      "srcText": "카메라 감독님도 준비됐죠? 자, 갑니다!” 그리고 방송이 시작되었지. 오늘은 세계적인 디자이너 신나나 선생님의 어린이 코트를 보여 드릴게요. ",
      "srcPage": 10,
      "srcSentenceEA": 4,
      "srcWordEA": 20
    },
    {
      "srcTextID": "3894",
      "srcText": "세라 양도 신나나 선생님을 잘 알고 있지요? “네? 신미미, 선생님이요?” 앗! 이 일을 어쩌지? 너무 떨려서 그만 이름을 잘못 말해 버렸어!",
      "srcPage": 11,
      "srcSentenceEA": 5,
      "srcWordEA": 25
    },
    {
      "srcTextID": "3897",
      "srcText": "“저런! 이름을 잘못 말하면 어떻게 해요! 카메라, 저쪽으로 돌려요. 빨리!” 감독님의 불호령에 모두 후다닥 움직였어.",
      "srcPage": 12,
      "srcSentenceEA": 4,
      "srcWordEA": 19
    },
    {
      "srcTextID": "3892",
      "srcText": " “세라 양, 송이 씨! 준비가 다 됐죠? 모델들도 빨리 무대에 나오세요. ",
      "srcPage": 9,
      "srcSentenceEA": 3,
      "srcWordEA": 13
    },
    {
      "srcTextID": "3899",
      "srcText": "그다음에 송이 언니가 말했지. “정말 그렇네요! 여러분, 이 멋진 코트 어떠세요?” 나는 꼬마 모델들과 같이 무대 위에서 뛰놀며 코트를 한껏 뽐냈어. ",
      "srcPage": 16,
      "srcSentenceEA": 4,
      "srcWordEA": 23
    },
    {
      "srcTextID": "3896",
      "srcText": "“괜찮아, 세라야. 나도 처음에는 실수를 많이 했는걸. 당황하지 말고 재치 있게 넘어가면 돼.” 송이 언니의 말에 나는 눈물이 찔끔 났지.",
      "srcPage": 13,
      "srcSentenceEA": 4,
      "srcWordEA": 23
    },
    {
      "srcTextID": "3900",
      "srcText": "우리 엄마도 아주 좋아하세요. 난 계속해서 이야기를 이어 갔어. “이 단추를 잠그면 모자가 되고, 또 이렇게 단추를 풀면 예쁜 망토로 변해요!”",
      "srcPage": 15,
      "srcSentenceEA": 3,
      "srcWordEA": 22
    },
    {
      "srcTextID": "3901",
      "srcText": "따르릉따르릉! “감독님! 주문 전화가 엄청 많이 와요.” “이게 다 세라 덕분이야. 세라 양, 잘했어요!” 감독님의 칭찬에 나는 또 한 번 어깨가 으쓱했지.",
      "srcPage": 17,
      "srcSentenceEA": 4,
      "srcWordEA": 25
    },
    {
      "srcTextID": "3888",
      "srcText": "송이 언니가 감독님에게 말했지. 오늘 방송할 상품은 이 어린이 코트예요. 노란색, 빨간색, 초록색, 분홍색이 있어요.",
      "srcPage": 5,
      "srcSentenceEA": 3,
      "srcWordEA": 17
    },
    {
      "srcTextID": "3903",
      "srcText": "잘했어! 최고야! “세라야, 그만 옷 갈아입어야지.” 어? 엄마 말에 내 상상 여행은 끝이 나 버렸어. 내일 유치원에 갈 때는 이 코트를 입어야지. 선생님께 이야기할 장래 희망 직업도 정했어. 난 송이 언니 같은 쇼핑 호스트가 될 거야!",
      "srcPage": 18,
      "srcSentenceEA": 7,
      "srcWordEA": 42
    },
    {
      "srcTextID": "3890",
      "srcText": "내가 코트를 입자, 모두 예쁘다고 칭찬을 했어. 나는 기분이 좋아서 어깨가 으쓱했지. 방송을 할 때는 밝은 얼굴로 또박또박 말해야 해.",
      "srcPage": 7,
      "srcSentenceEA": 3,
      "srcWordEA": 22
    }
  ]
}