{
  "title": "어린 왕자야, 계절마다 놀러 와",
  "author": "서구름",
  "illustrator": "김선진",
  "isbn": "9791128211584",
  "readAge": "초등_고학년",
  "publishedYear": 2018,
  "publisher": "아람북스",
  "classification": "자연탐구",
  "paragraphInfoCount": 21,
  "paragraphInfo": [
    {
      "srcTextID": "11713",
      "srcText": "내 말을 듣고 어린 왕자가 다시 물었어. “저 행성들 가운데 꽃이 살고 있는 행성도 있어?” “없어, 저 행성들에서는 식물도 동물도 살지 못해. 나, 지구에서만 식물과 동물이 살 수 있다고 해.”",
      "srcPage": 14,
      "srcSentenceEA": 4,
      "srcWordEA": 31
    },
    {
      "srcTextID": "11703",
      "srcText": "“지구야, 자꾸 돌지만 말고 나를 좀 봐.” “어린 왕자야, 나도 너와 놀고 싶어. 하지만 내가 하루에 한 번씩 돌아야 낮과 밤이 생겨. 내가 돌아야 태양을 마주 보는 쪽은 환한 낮이 되고, 그 반대쪽은 캄캄한 밤이 돼.”",
      "srcPage": 7,
      "srcSentenceEA": 4,
      "srcWordEA": 38
    },
    {
      "srcTextID": "11719",
      "srcText": "“남극과 북극에는 사람들이 거의 살지 않아. 1년 중에 거의 대부분의 날이 아주 춥거든. 또 적도 가까이 있는 곳은 늘 덥지. 그리고.” 나는 곰곰 생각하다가 대한민국이라는 나라를 떠올렸어. “대한민국은 사계절이 뚜렷하게 바뀌니까, 거기 가면 친구들과 즐거운 놀이를 많이 할 수 있을 거야.”",
      "srcPage": 19,
      "srcSentenceEA": 6,
      "srcWordEA": 45
    },
    {
      "srcTextID": "11707",
      "srcText": "어린 왕자는 그제야 고개를 끄덕이면서 내가 자전하는 걸 이해하겠다고 했어. 자기도 쓸쓸해질 때면 종종 해가 지는 걸 봤다고 말이야. “지구야, 그런데 넌 왜 삐딱하게 기울어져 있어?”",
      "srcPage": 9,
      "srcSentenceEA": 3,
      "srcWordEA": 27
    },
    {
      "srcTextID": "11701",
      "srcText": "어린 왕자는 아주 먼 별에서 날 찾아왔다고 했어. 어느 별에 사는 지리학자가 나에 대해 이야기해 주었대. “지구야, 나랑 같이 놀래?”",
      "srcPage": 4,
      "srcSentenceEA": 3,
      "srcWordEA": 21
    },
    {
      "srcTextID": "11715",
      "srcText": "어린 왕자는 주위에 있는 행성들을 둘러보더니 말했어. “그럼, 여기 있는 행성들도 다 계절이 바뀌는 거야?” “계절이 바뀌는 행성도 있지만 바뀌지 않는 행성도 있어.”",
      "srcPage": 13,
      "srcSentenceEA": 3,
      "srcWordEA": 23
    },
    {
      "srcTextID": "11717",
      "srcText": "“어린 왕자야, 내가 특별한 이유를 더 알려 줄게.” 어린 왕자는 내 말에 눈을 반짝거렸어. 나는 신이 나서 이야기를 계속했지.",
      "srcPage": 16,
      "srcSentenceEA": 3,
      "srcWordEA": 21
    },
    {
      "srcTextID": "11720",
      "srcText": "어린 왕자는 몹시 설레어하며 물었어. “지구야, 어디로 가면 많은 아이들을 만날 수 있을까?” 나는 의기양양해져서 말했어.",
      "srcPage": 18,
      "srcSentenceEA": 3,
      "srcWordEA": 17
    },
    {
      "srcTextID": "11711",
      "srcText": "“지구야, 그럼 태양 주위를 도는 것만 멈추는 건 어때?” “아이코, 그건 안 돼. 내가 일 년 동안 태양 주위를 돌기 때문에 계절이 바뀌거든. 내가 기울어져 있다 해도 공전을 멈추면 낮과 밤만 있고 계절은 바뀌지 않을 거야.”",
      "srcPage": 12,
      "srcSentenceEA": 4,
      "srcWordEA": 38
    },
    {
      "srcTextID": "11698",
      "srcText": "우주는 조용한 곳이야. 태양은 말없이 활활 타오르며 빛을 내고 있고 다른 행성들도 묵묵히 제 할 일만 하지. 누가 찾아와 말동무해 주었으면.",
      "srcPage": 1,
      "srcSentenceEA": 3,
      "srcWordEA": 23
    },
    {
      "srcTextID": "11699",
      "srcText": "“내 이름은 지구야. 그런데 나는 스스로 빛을 내지 못하기 때문에 별이 아니란다. 태양의 둘레를 도는 행성이야.” “드디어 찾았네. 지구야, 넌 몇 살이야?” 내가 46억 살이라고 말해 주었더니 어린 왕자는 깜짝 놀라서 입을 쩍 벌렸어.",
      "srcPage": 3,
      "srcSentenceEA": 6,
      "srcWordEA": 38
    },
    {
      "srcTextID": "11704",
      "srcText": "어린 왕자는 자전하는 나를 한참 바라보았어. 바쁘다는 말에 아무래도 삐친 모양이야. 그러더니 어린 왕자가 다시 말을 걸었어.",
      "srcPage": 6,
      "srcSentenceEA": 3,
      "srcWordEA": 19
    },
    {
      "srcTextID": "11702",
      "srcText": "하지만 난 어린 왕자랑 놀 수가 없었어. 난 무슨 일이 있어도 하루에 한 바퀴씩 스스로 도는 자전을 해야 하거든. 그뿐만 아니라 난 태양 주위도 돌아야 해. 일 년에 한 바퀴씩 태양 주위를 도는 공전을 하려면 단 하루도 쉬면 안 돼. 스스로 돌면서 태양 주위도 도느라 난 날마다 온종일 바쁘지.",
      "srcPage": 5,
      "srcSentenceEA": 5,
      "srcWordEA": 53
    },
    {
      "srcTextID": "11705",
      "srcText": "“네가 계속 도는 모습을 보고 있으니까 어지러워. 잠깐만 쉬었다 돌면 안 돼?” 어린 왕자가 뾰로통해서 말했어. “내가 쉬지 않고 돌기 때문에 태양을 마주하는 곳이 달라져서 아침이면 해가 떠오르고, 낮에는 환하고, 저녁에는 해가 지고, 밤에는 캄캄하지. 내가 돌지 않으면 한쪽은 계속 낮처럼 밝고, 반대쪽은 계속 밤처럼 캄캄할 거야.”",
      "srcPage": 8,
      "srcSentenceEA": 5,
      "srcWordEA": 50
    },
    {
      "srcTextID": "11706",
      "srcText": "어떤 행성이랑 부딪쳐서 그렇게 되었나? 너무너무 오래되어서 나도 기억이 잘 안 나. 내 나이가 46억 살이라고 했잖아.",
      "srcPage": 10,
      "srcSentenceEA": 3,
      "srcWordEA": 19
    },
    {
      "srcTextID": "11700",
      "srcText": "“푸른 별아, 푸른 별아.” 어느 날 누군가가 나를 불렀어. 한 남자아이가 나를 보며 방긋 웃고 있었지. “안녕? 난 B-612별에서 온 어린 왕자야. 넌 이름이 뭐야?”",
      "srcPage": 2,
      "srcSentenceEA": 5,
      "srcWordEA": 29
    },
    {
      "srcTextID": "11714",
      "srcText": "내 말을 듣고 어린 왕자가 웃으며 말했어. “우아, 지구 너는 참 특별한 별이구나. 지구야, 만나서 반가웠어.”",
      "srcPage": 15,
      "srcSentenceEA": 3,
      "srcWordEA": 17
    },
    {
      "srcTextID": "11721",
      "srcText": "어린 왕자는 결심을 굳힌 듯 말했어. “지구야, 그럼 나 그곳으로 가 볼래.” 나는 어린 왕자에게 즐겁게 여행하라는 말로 인사를 대신했어.",
      "srcPage": 20,
      "srcSentenceEA": 3,
      "srcWordEA": 21
    },
    {
      "srcTextID": "11722",
      "srcText": "어린 왕자도 손을 흔들며 인사했어. 어린 왕자가 즐겁게 대한민국을 여행하고 다시 내 말동무를 하러 와 주었으면 좋겠어. 아니면 또 다른 누군가가 내게 말을 걸어 줄까?",
      "srcPage": 21,
      "srcSentenceEA": 3,
      "srcWordEA": 27
    },
    {
      "srcTextID": "11709",
      "srcText": "어린 왕자는 걱정스러운 얼굴이 되었어. “지구야, 기울어진 채로 돌면 힘들지 않아?” 나를 걱정해 주는 어린 왕자가 고마웠어. “괜찮아, 어린 왕자야. 내가 기울어져서 움직여야 계절이 생겨.”",
      "srcPage": 11,
      "srcSentenceEA": 5,
      "srcWordEA": 27
    },
    {
      "srcTextID": "11716",
      "srcText": "“내 몸 위에서 수많은 사람들이 살고 있어. 네 또래의 아이들도 많이 살고 있지. 계절마다 아이들은 신나는 놀이를 한단다.”",
      "srcPage": 17,
      "srcSentenceEA": 3,
      "srcWordEA": 20
    }
  ]
}