{
  "title": "신비 섬 탐험",
  "author": "베르이먼",
  "illustrator": "삽화 없는 동화책",
  "isbn": "8975254917",
  "readAge": "초등_고학년",
  "publishedYear": 1996,
  "publisher": "학원출판공사",
  "classification": "자연탐구",
  "paragraphInfoCount": 164,
  "paragraphInfo": [
    {
      "srcTextID": "93476",
      "srcText": "1948년 5월 31일, 우리는 스톡홀름을 떠나 극락조(날개가 아름답기로 이름난 새)의 섬으로 갔다. 들에서 사는 동물들의 모습을 조사하는 일과 스웨덴 국립 박물관의 표본을 채집하기 위해, 적어도 2년 동안은 섬에 머무를 예정이었다. 전에도 두 차례 우리 탐험대에 낀 일이 있는 박제사 해럴드 쇼크비스트가 함께 가 주었다.",
      "srcPage": 1,
      "srcSentenceEA": 3,
      "srcWordEA": 46
    },
    {
      "srcTextID": "93626",
      "srcText": "원시림 한가운데에 나무를 베어 내고 넓은 빈터를 만들어 100명 가까운 네덜란드인과 미국인이 살고 있었다. 주민들은 대개가 가족과 함께였는데, 이층집 모양으로 된 배를 강에 띄우고 사는 사람을 빼놓으면, 주택은 모두 대나무로 얽은 집이었다. 여기서도 새로운 대나무집이 버섯처럼 잇따라 세워지고 있었다.",
      "srcPage": 150,
      "srcSentenceEA": 3,
      "srcWordEA": 41
    },
    {
      "srcTextID": "93632",
      "srcText": "이 신기한 새는 제가 낳은 알을 제가 까지 않는 버릇이 있다. 발로 긁어 올려 만든 큰 흙더미 속에 썩은 낙엽을 집어넣고 거기에 알을 낳는 것이다. 낙엽이 썩으면 흙더미 속의 온도가 높아져 알이 까인다.",
      "srcPage": 154,
      "srcSentenceEA": 3,
      "srcWordEA": 35
    },
    {
      "srcTextID": "93628",
      "srcText": "비행기가 이번에는 소롱으로 가지 않고 정반대 방향으로 날았다. 1시간 15분 뒤에는 뉴기니 남동쪽의 푸른 밀림 위를 날고 있었다. 이 공중 여행의 처음에는, 비행기가 가까이 갈 때마다 깜짝 놀라는 흰 모란앵무새의 수를 반 재미 삼아 세어 보았는데 252마리나 되었다.",
      "srcPage": 157,
      "srcSentenceEA": 3,
      "srcWordEA": 40
    },
    {
      "srcTextID": "93639",
      "srcText": "황홀할 정도로 아름다웠다. 그러고 나서 뱀처럼 굽이치는 강을 몇 개나 지나가자, 와시안 강 가까이에 있는 원시림 한가운데에 큰 부락이 보였다. 석유 회사가 뉴기니에 가지고 있는 것 가운데 가장 중요한 유전의 하나인 스팅쿨이었다.",
      "srcPage": 160,
      "srcSentenceEA": 3,
      "srcWordEA": 34
    },
    {
      "srcTextID": "93636",
      "srcText": "마크크루엘 만을 지나 또 푸른 원시림 위로 나왔다. 이번에도 하얀 모란앵무새가 날아가는 것이 보였다. 괴물 같은 코뿔소새까지 천천히 날개짓을 하며 앞을 가로질러 갔다.",
      "srcPage": 163,
      "srcSentenceEA": 3,
      "srcWordEA": 25
    },
    {
      "srcTextID": "93942",
      "srcText": "한 달 동안 원시림 속의 움막에 살면서 활과 창으로 사냥을 하며 살아야만 한다. 그들이 잡은 것은 부모가 와서 가져가도 되었다. 이 젊은이들이 달고 있는 장식은 결혼할 때까지 그대로 달고 있다.",
      "srcPage": 467,
      "srcSentenceEA": 3,
      "srcWordEA": 32
    },
    {
      "srcTextID": "93631",
      "srcText": "원시림의 푸르름에는 갖가지 짙고 옅음이 있다. 새로 생겨난 연한 푸른 잎의 나무도 있고, 누렇게 물들기 시작한 잎의 나무도 섞여 있다. 나무 종류에 따라 새잎과 묵은 잎이 서로 바뀌는 시기가 틀리기 때문이다.",
      "srcPage": 158,
      "srcSentenceEA": 3,
      "srcWordEA": 33
    },
    {
      "srcTextID": "93637",
      "srcText": "비행기는 와시안 강어귀 가까이 물에 앉았다. 그곳에는 모터보트가 대기하고 있었다. 여기서 비행기가 가지고 온 물품과 이 고장의 물품을 교환한 다음 다시 바다를 향해 날아 마크크루엘 만을 가로질러 남부 해안의 바보란 곳에 닿았다.",
      "srcPage": 161,
      "srcSentenceEA": 3,
      "srcWordEA": 34
    },
    {
      "srcTextID": "93638",
      "srcText": "이곳은 석유 회사 본부가 소롱으로 옮기기 전에 있던 곳으로 지금은 완전히 황폐해 버렸는데, 그래도 아직 몇 사람인가가 남아 있었다. 비행기가 물 위에 내렸을 때, 파푸아 사람 몇이 부두에 서서 바라보고 있었다. 여기서는 그다지 볼일이 없었으므로 곧 우리는 다시 하늘로 떠올라 이번에는 곧바로 소롱으로 향했다.",
      "srcPage": 162,
      "srcSentenceEA": 3,
      "srcWordEA": 46
    },
    {
      "srcTextID": "93630",
      "srcText": "어느 식탁에나 양념을 넣은 병과 함께 유명한 말라리아에 잘 듣는 새 약을 넣은 항아리가 하나씩 놓여 있었다. 우리는 날마다 원시림 속으로 들어가 동물의 사는 모습을 조사하고 표본을 채집했다. 극락조와 왕관비둘기를 처음 손에 넣은 것도 여기다.",
      "srcPage": 152,
      "srcSentenceEA": 3,
      "srcWordEA": 37
    },
    {
      "srcTextID": "93627",
      "srcText": "그 밖에도 갖가지 아름다운 새들과 신기한 새들을 손에 넣었다. 그 가운데서도 금관조보다 작은, 뉴기니에서 가장 작다고 하기보다는 전 세계에서 가장 작은 앵무새들은 무척 신기한 새였다. 우리는 또 무덤새도 만났다.",
      "srcPage": 153,
      "srcSentenceEA": 3,
      "srcWordEA": 31
    },
    {
      "srcTextID": "93633",
      "srcText": "카타리나기가 모습을 나타냈다. 비행기는 강에 내려 우리를 태우고 다시 날아올랐다. 리프팅크나 쇼크비스트나 나는 충분히 만족할 만큼 곤충과 새를 비롯해 갖가지 동물 표본을 채집했었다.",
      "srcPage": 156,
      "srcSentenceEA": 3,
      "srcWordEA": 25
    },
    {
      "srcTextID": "93635",
      "srcText": "강이 큰 뱀처럼 밀림 속을 굽이치고 있었다. 어느 강에도 악어가 먹이를 지키고 있음을 나는 알고 있었다. 북쪽에 큰 아이마로에 호수가 보였다.",
      "srcPage": 159,
      "srcSentenceEA": 3,
      "srcWordEA": 23
    },
    {
      "srcTextID": "93624",
      "srcText": "어느것이나 날아가는 방향은 같다. 그들은 낮에 줄곧 거꾸로 매달려 있던 나무에서 지금 떠나온 것이다. 그리고 빈 배를 채우기 위해 과일 나무를 찾아가는 중이었다.",
      "srcPage": 147,
      "srcSentenceEA": 3,
      "srcWordEA": 25
    },
    {
      "srcTextID": "93625",
      "srcText": "원시림 속에는 흔히 큰 무화과나무가 있다. 그들이 가장 찾아내고 싶어 하는 것은 이 나무였다. 탐조등으로 강물을 비추면서 잠시 나아가 강이 굽이진 곳까지 오자, 갑자기 눈앞에 무수한 불꽃이 나타나며 목적지인 크라모노에 닿았다.",
      "srcPage": 148,
      "srcSentenceEA": 3,
      "srcWordEA": 33
    },
    {
      "srcTextID": "93622",
      "srcText": "네덜란드인 몇 사람이 우리를 기다리고 있다가 따뜻이 맞아 주었다. 그들은 우리가 오는 것을 무전으로 연락받았던 것이다. 이곳은 정말 눈이 휘둥그레지는, 참으로 신기한 세계였다.",
      "srcPage": 149,
      "srcSentenceEA": 3,
      "srcWordEA": 25
    },
    {
      "srcTextID": "93623",
      "srcText": "석유 회사 사원은 대개가, 적어도 혼자 사는 사람은 모두 여럿이 함께 식사를 한다. 우리도 같이 하지 않겠느냐고 권했다. 식탁에는 아주 좋은 음식들이 차려져 있고, 검은 살빛과 갈색 살빛의 보이들이 심부름을 해주었다.",
      "srcPage": 151,
      "srcSentenceEA": 3,
      "srcWordEA": 33
    },
    {
      "srcTextID": "93629",
      "srcText": "알에서 나온 새끼는 흙더미에서 기어 나오면서 벌써 완전히 독립하여 조금도 어미의 신세를 지지 않고 살아간다. 크라모노를 기지로 8일 동안 일을 한 다음, 우리는 이곳을 떠나 모터보트로 강어귀로 내려갔다. 거기서 잠시 기다리고 있자 공중에서 폭음이 들려 왔다.",
      "srcPage": 155,
      "srcSentenceEA": 3,
      "srcWordEA": 38
    },
    {
      "srcTextID": "93483",
      "srcText": "이틀 뒤인 7월 27일 아침, 내가 5시에 잠을 깨니 배는 뉴기니 서쪽 바다에 있는 두 개의 큰 섬인 사라와티 섬과 바탄타 섬 사이의 해협을 달리고 있었다. 두 섬은 원시림이 물가에서부터 높은 산꼭대기까지 가득 들어차 있었다. 아침 7시에 우리들의 긴 여행의 목적지가 모습을 나타냈다.",
      "srcPage": 4,
      "srcSentenceEA": 3,
      "srcWordEA": 45
    },
    {
      "srcTextID": "93480",
      "srcText": "몇 번이나 꿈에 그리던 섬, 푸른 원시림을 두른 거대한 섬 뉴기니가 마침내 눈앞에 다가온 것이다. 아침 안개 속에 내가 꿈꾸던 전설의 섬이 떠올라 있다. 높이 솟은 푸른 봉우리가 겹겹이 쌓여 있고, 그 끝은 불꽃 같은 구름 속으로 아물거리고 있다.",
      "srcPage": 5,
      "srcSentenceEA": 3,
      "srcWordEA": 41
    },
    {
      "srcTextID": "93485",
      "srcText": "그는 우리 세 사람을 지프차에 태우자 곧 자기 집으로 데리고 갔다. 우리는 거기서 선다 사람인 그의 아내 사리 부인과 알게 되었다. 그가 쓴 책에 가끔 나오는 부인이다.",
      "srcPage": 10,
      "srcSentenceEA": 3,
      "srcWordEA": 29
    },
    {
      "srcTextID": "93492",
      "srcText": "하늘을 나는 개란 실은 괴물처럼 큰 박쥐의 한 종류로, 해 질 무렵부터 나타난다고 한다. 이 집 뒤쪽에는 작은 정원이 있고, 온갖 꽃이 피어 있는 그 한가운데에 바나나 나무와 파파야 나무가 서 있었다. 파파야 나무에는 멜론과 비슷하게 생긴 열매가 잔뜩 달려 있었다.",
      "srcPage": 14,
      "srcSentenceEA": 3,
      "srcWordEA": 43
    },
    {
      "srcTextID": "93499",
      "srcText": "그러나 게코도마뱀붙이는 벌레 사냥에만 정신이 팔려 있는 것은 아니다. 애인을 찾아 나오는 일도 있다. 팔팔한 젊은 게코도마뱀붙이는 천장에서 아름다운 게코도마뱀붙이와 마주치게 되면, 사냥은 제쳐놓고 그녀 둘레를 서성거리며 떠나지 않는다.",
      "srcPage": 24,
      "srcSentenceEA": 3,
      "srcWordEA": 31
    },
    {
      "srcTextID": "93501",
      "srcText": "이 고장에서는 베란다에서 식사하는 일이 많다. 그러면 이런 애인들이 수프 접시 한가운데로 떨어져서 수프 목욕을 하기도 하고 식은 수프를 빨아 먹기도 한다. 게코도마뱀붙이 가운데는 남달리 대담한 녀석이 있다.",
      "srcPage": 27,
      "srcSentenceEA": 3,
      "srcWordEA": 30
    },
    {
      "srcTextID": "93477",
      "srcText": "배는 수에즈 운하를 지나 자바 섬에 닿았다. 여기서 우리는 네덜란드 사람 리프팅크 박사와 만났다. 박사는 이번 탐험에는 처음 반만 함께 가기로 되어 있었다.",
      "srcPage": 2,
      "srcSentenceEA": 3,
      "srcWordEA": 25
    },
    {
      "srcTextID": "93487",
      "srcText": "부인은 선다 여성을 대표하기에 조금도 손색없는 매력을 갖추고 있었다. 그가 부인의 포로가 된 것도 이상할 것이 없다고 생각되었다. 부인은 아름다운 사롱(말레이 등지의 회교도가 허리에 감는 천)을 보기 좋게 차려입고, 새파란 바다와 크고 작은 온갖 섬들이 내다보이는 전망이 아주 좋은 베란다에서 홍차를 대접해 주었다.",
      "srcPage": 11,
      "srcSentenceEA": 3,
      "srcWordEA": 45
    },
    {
      "srcTextID": "93484",
      "srcText": "가장 가까이에 악어 섬 프라우보아야가 가로놓여 있었다. 깜짝 놀랄 만큼 악어를 꼭 닮은 모양의 이 섬은 야자나무가 우거져 있었다. 와이게오, 바탄타, 사라와티 들의 큰 섬과, 그 밖의 작은 섬들도 보였다.",
      "srcPage": 12,
      "srcSentenceEA": 3,
      "srcWordEA": 32
    },
    {
      "srcTextID": "93571",
      "srcText": "이 춤을 추는 것은 10살에서 12살까지의 소녀들입니다. 춤을 추는 동안 차츰 흥분되기 시작하여 미치광이처럼 되면, 둘레에서 춤추고 있는 남자들 어깨로 기어 올라가 우뚝 서는 것입니다. 아무리 남자들이 세차게 뛰어도 소녀들의 다리는 휘청거리지 않습니다.",
      "srcPage": 93,
      "srcSentenceEA": 3,
      "srcWordEA": 35
    },
    {
      "srcTextID": "93574",
      "srcText": "언젠가 자바에서 영화를 한창 보고 있는데, 칼을 든 남자가 소란을 피우고 뛰어 들어와, 가까스로 그를 제지하기까지 8명이나 되는 사람이 살해된 일도 있었습니다. 그가 뛰어 들어왔을 때, 회장은 큰 소동이 벌어졌었습니다. 모두 미친 사람처럼 비명을 지르기도 하고 벤치를 뛰어넘기도 했습니다.",
      "srcPage": 97,
      "srcSentenceEA": 3,
      "srcWordEA": 41
    },
    {
      "srcTextID": "93572",
      "srcText": "그러나 가장 빛나는 시대이기도 했습니다. 앞에서도 말했듯이, 나는 몇 번이고 하마터면 일본군 손에 붙잡힐 뻔했다가 용케 도망칠 수 있었습니다. 그리고 아내의 고향에서 몇 해를 조용히 지냈습니다.",
      "srcPage": 99,
      "srcSentenceEA": 3,
      "srcWordEA": 28
    },
    {
      "srcTextID": "93581",
      "srcText": "하지만 그것은 바꾸어 말하면, 일할 곳이 끝없이 넓고, 개발 가능성도 매우 많다는 것입니다.\" \"여기에 줄곧 사실 작정입니까?\" \"내가 고용된 계약 기간은 곧 끝나게 됩니다. 끝나기 전에는 뭐라고 말할 수 없는 일이지만, 아마 발리섬으로 가서 즐기게 되지 않을까요.\" \"스웨덴으로 돌아가실 생각은 없습니까?\" “뭐, 적어도 지금으로서는 없습니다. 하지만 훨씬 뒤에는 또 어떻게 될지 모르지요.\" 룬도크비스트는 회교도다.",
      "srcPage": 105,
      "srcSentenceEA": 8,
      "srcWordEA": 57
    },
    {
      "srcTextID": "93489",
      "srcText": "날개로 쳐서 떨어뜨려 맛있는 열매를 먹으려는 것이다. 이 욕심꾸러기 짐승으로부터 열매를 지키려면 열매 둘레에 자루를 씌워야만 했다. 정원 저쪽은 길쭉한 늪으로, 이 늪을 자꾸 나아가면 나무가 꽉 들어찬 깜깜한 원시림 속으로 들어가고 만다.",
      "srcPage": 16,
      "srcSentenceEA": 3,
      "srcWordEA": 35
    },
    {
      "srcTextID": "93491",
      "srcText": "우리는 원시림과 그곳에 사는 생물들을 구경하고 싶은 호기심을 누를 수가 없어서 점심을 마치자 재빨리 달려가 보았다. 우리는 숲의 한 부분을 잘라 내어 만든 오솔길을 걸으며, 그곳에서 구경할 만한 개미핥기와 몇 마리의 파랑 까마귀와 흰눈썹뜸부기와 가시참새의 열대성 종류와 꿀을 빨아 먹는 작은 새와 앵무새 들을 볼 수 있었다. 둘레에 엷은 어둠이 깔릴 무렵, 사고야자나무에 하늘을 나는 개가 찾아왔다.",
      "srcPage": 17,
      "srcSentenceEA": 3,
      "srcWordEA": 59
    },
    {
      "srcTextID": "93503",
      "srcText": "자칫 잘못하면 그곳에 사랑의 적이 나타나 방해를 하는 일도 있다. 사랑에 정신이 팔리게 되면 장님처럼 되기 때문에 젊은 사냥꾼은 천장을 거꾸로 걷고 있다는 것을 깜박 잊는 수가 있다. 그리고 눈독을 들인 상대에게 몸짓 손짓으로 기를 쓰며 사랑을 전하기 시작한다.",
      "srcPage": 25,
      "srcSentenceEA": 3,
      "srcWordEA": 41
    },
    {
      "srcTextID": "93500",
      "srcText": "상대는 조금도 귀찮아하지 않고 가만히 있다. 이윽고 양쪽이 다 정신을 잃게 되어 상대편 말고는 다른 것은 모두 잊고 만다. 너무 사랑에 열중한 나머지 네 발을 한꺼번에 천장에서 떼는 바람에 그만 발붙일 곳을 잃고 떨어지는 경우까지 있다.",
      "srcPage": 26,
      "srcSentenceEA": 3,
      "srcWordEA": 38
    },
    {
      "srcTextID": "93502",
      "srcText": "이들은 천장에서 전등 줄을 타고 내려와서 전등갓을 노린다. 전등갓에는 언제나 갖가지 벌레들이 불빛에 끌려 모여들고 있기 때문이다. 사람이 전등 가까이로 가면, 게코도마뱀붙이는 전등 줄을 타고 얼른 천장의 안전지대로 도망친다.",
      "srcPage": 28,
      "srcSentenceEA": 3,
      "srcWordEA": 31
    },
    {
      "srcTextID": "93583",
      "srcText": "그는 짐과 배와 노동력과 모든 것을, 우리가 마음대로 쓸 수 있도록 해주었다. 뭔가 난처한 일이 일어났을 때는, 그에게 묻기만 하면 알맞는 도움을 받을 수 있었다. 곱슬머리의 파푸아 사람들에게 둘러싸인 그를 보면, 파푸아 사람들이 그를 얼마나 존경하는지를 잘 알 수 있다. 그들은 주인의 말을 듣는 충실한 개처럼 그의 명령에 따르고 있었다.",
      "srcPage": 107,
      "srcSentenceEA": 4,
      "srcWordEA": 53
    },
    {
      "srcTextID": "93584",
      "srcText": "소롱에 닿은 다음 며칠이 지나자, 룬도 크비스트가 뉴기니의 형편을 대충 살필 겸 함께 돌아보지 않겠느냐고 청해 왔다. 그는 와이게오와 사오네크와 사라와티로 짧은 여행을 떠나는 참이었다. 나는 이 여행 도중, 나중에 우리가 방문하려고 계획하고 있는 몇 개의 마을에 들려, 이 마을 우두머리들을 소개받았다. 이것은 나중에 아주 도움이 되었다.",
      "srcPage": 109,
      "srcSentenceEA": 4,
      "srcWordEA": 50
    },
    {
      "srcTextID": "93588",
      "srcText": "또 한 사람마다 50킬로그램의 짐을 함께 가지고 갈 수도 있었다. 이 여행에 참가한 것은, 리프팅크와 쇼크비스트와 나 이렇게 세 명의 백인 대원과 비텐츠오르크에서 온 캠프 치는 요원 네 사람이었다. 그 넷은 모두 선다 사람이다.",
      "srcPage": 112,
      "srcSentenceEA": 3,
      "srcWordEA": 36
    },
    {
      "srcTextID": "93590",
      "srcText": "비행기에는 승무원이 다섯 사람 있었다. 세 사람은 오스트레일리아 사람이고 두 사람은 네덜란드 사람이었다. 조종사가 쌍발엔진을 걸자 흰 물보라를 날리며 무서운 폭음과 함께 비행기는 물 위를 달리기 시작했다.",
      "srcPage": 115,
      "srcSentenceEA": 3,
      "srcWordEA": 29
    },
    {
      "srcTextID": "93595",
      "srcText": "이 새는 뉴기니에서는 어디서나 볼 수 있는 흔한 새다. 원시림의 푸르름을 배경으로, 앞장선 새도 뒤따르는 새도 모두 뚜렷이 모습이 떠올랐다. 이 새는 떼를 지어 나는 일이 많다.",
      "srcPage": 118,
      "srcSentenceEA": 3,
      "srcWordEA": 29
    },
    {
      "srcTextID": "93593",
      "srcText": "눈 아래 원시림은 한 치의 빈틈도 없이 나무가 빽빽이 들어차 있었다. 이 열대의 밀림에는 '푸른 지옥'이라는 이름이 붙여져 있다. 하늘에 닿을 것 같은 원시림의 큰 나무도 위에서 보니 도시의 거리에 흔한 낙엽수 정도로밖에 보이지 않는다.",
      "srcPage": 119,
      "srcSentenceEA": 5,
      "srcWordEA": 38
    },
    {
      "srcTextID": "93592",
      "srcText": "그 밑을 즐겁게 서성거릴 수 있을 것 같은 느낌이 든다. 하지만 만일 정말 저 밀림 속으로 발을 들여놓게 되면, 그야말로 '푸른 지옥'이란 이름에 걸맞은 증거를 얼마든지 볼 수 있을 것이다. 원시림 속은 나무가 꽉 차 있어서, 한번 발을 들여놓으면 그것이 마지막으로 몸을 움직일 수 없게 되는 것만이 아니다.",
      "srcPage": 120,
      "srcSentenceEA": 5,
      "srcWordEA": 51
    },
    {
      "srcTextID": "93600",
      "srcText": "비행기 옆구리에 접어 넣은 다리가 밖으로 나오자, 비행기는 곧 강물 위에 앉았다. 우리가 비행기를 떠나 짐과 함께 모터보트로 옮겨 타자, 비행기는 다시 공중으로 떠올라 원시림 위로 멀어지더니 이윽고 모습이 보이지 않게 되었다. 보트에는 파푸아 사람이 많이 타고 있었다.",
      "srcPage": 125,
      "srcSentenceEA": 3,
      "srcWordEA": 40
    },
    {
      "srcTextID": "93597",
      "srcText": "거기서 8일 동안 머무른 다음, 강어귀에 가까운, 지금 보트가 기다리고 있던 곳까지 되돌아와 다시 비행기의 마중을 받게 될 예정이다. 흐름은 아주 완만했다. 이 일대가 지대가 낮기 때문이다.",
      "srcPage": 127,
      "srcSentenceEA": 3,
      "srcWordEA": 29
    },
    {
      "srcTextID": "93604",
      "srcText": "강 양쪽에 원시림이 푸른 벽처럼 서 있고, 가장 높은 나무는 60미터쯤 될 것 같았다. 리아나와 그 밖의 온갖 담쟁이덩굴이 나무 꼭대기까지 휘감고 올라와 나무 사이와 줄기 위로 장막처럼 드리워져 있다. 처음 한 시간쯤은, 강기슭에 폭 10미터쯤에서 20미터쯤의 띠 모양으로 니파야자가 무성해 있는 것이 보였다.",
      "srcPage": 128,
      "srcSentenceEA": 3,
      "srcWordEA": 46
    },
    {
      "srcTextID": "93605",
      "srcText": "고운 벌새가 벌레를 찾아 가끔 강 위를 차고 날았다. 머리에 달린 노란 볏이 뛰어나 보이는 하얀 모란 앵무새도 있다. 이 새는 밀림에 사는 생물 가운데 가장 시끄러운 녀석이다.",
      "srcPage": 131,
      "srcSentenceEA": 3,
      "srcWordEA": 30
    },
    {
      "srcTextID": "93606",
      "srcText": "잇따라 줄을 이어 물 위를 날아가는 빛깔이 선명한 잉꼬도 있다. 몸이 작은 새는 대개 두 마리가 한패가 되어 줄 곧 새된 소리를 지르며 날고 있었다. 뉴기니에서 가장 눈에 잘 띄는 새는 역시 비둘기다.",
      "srcPage": 132,
      "srcSentenceEA": 3,
      "srcWordEA": 35
    },
    {
      "srcTextID": "93612",
      "srcText": "악어를 한 마리 발견하고 백인들이 큰 소리를 질러댔기 때문이다. 악어는 물속에서 비스듬히 내밀어 있는 나무줄기 위에 누워 있었다. 몸길이는 1.5미터 정도밖에 안 되었는데, 모터보트가 시끄러운 소리를 내며 다가가도 천연스러운 모습으로 있었다.",
      "srcPage": 137,
      "srcSentenceEA": 4,
      "srcWordEA": 34
    },
    {
      "srcTextID": "93618",
      "srcText": "왜냐하면 암컷이 알을 품고 있는 동안, 나무 구멍에 가두고는 먹이를 넣어 줄 만한 틈만 남기고 막아 버리는 것이다. 또 한 마리, 역시 잘 알려진 새가 눈앞으로 날아들었다. 괴물처럼 크고 검은 야자앵무새다.",
      "srcPage": 143,
      "srcSentenceEA": 3,
      "srcWordEA": 33
    },
    {
      "srcTextID": "93616",
      "srcText": "뉴기니에서 가장 큰 앵무새로, 아무리 단단한 나무 열매라도 깰 수가 있다. 튼튼하고 억센 부리를 가지고 있기 때문이다. 옛날에는 자주 이 새가 부리로 사기그릇을 쪼아 산산이 부숴 버리고는 재미있어 하는 것을 동물원에서 볼 수 있었다.",
      "srcPage": 144,
      "srcSentenceEA": 3,
      "srcWordEA": 36
    },
    {
      "srcTextID": "93617",
      "srcText": "둘레가 어두워져 가자, 귀뚜라미와 매미가 울기 시작했다. 가끔 다른 소리가 전혀 들리지 않을 정도로 시끄럽게 운다. 막 해가 넘어갔을 때, 이날 본 것 가운데 가장 큰 악어가 이쪽으로 헤엄쳐 오는 것이 눈에 띄었다.",
      "srcPage": 145,
      "srcSentenceEA": 3,
      "srcWordEA": 35
    },
    {
      "srcTextID": "93621",
      "srcText": "길이가 3미터나 됨직해 보였다. 완전히 해가 저물자 우리는 이제 주로 하늘로 정신을 쏟기 시작했다. 100미터에서 200미터 상공을, 하늘을 나는 박쥐 떼가 천천히 날개짓을 하며 먹이 있는 곳을 향해 날아갔다.",
      "srcPage": 146,
      "srcSentenceEA": 3,
      "srcWordEA": 31
    },
    {
      "srcTextID": "93505",
      "srcText": "도망치면서 가끔 찌익 하고 소리를 지른다. 게코도마뱀붙이는 뉴기니 연안 일대의 어느 마을에나 있고, 몇몇 내륙 지방에도 살고 있다. 인도네시아 여러 섬을 오가는 배의 짐 싣는 상자나 자루에 숨어들었다가, 그 짐을 내리는 곳에 골고루 퍼지게 된 것이다.",
      "srcPage": 29,
      "srcSentenceEA": 3,
      "srcWordEA": 38
    },
    {
      "srcTextID": "93507",
      "srcText": "알은 사람의 눈에 띄지 않는 곳에 낳는데, 품지 않아도 자연 온도로 깨게 된다. 알이 깨면 속에서 건강한 작은 아기가 기어나와 이내 혼자서 벌레를 사냥하기 시작한다. 부모의 도움을 조금도 받지 않는다.",
      "srcPage": 31,
      "srcSentenceEA": 3,
      "srcWordEA": 32
    },
    {
      "srcTextID": "93508",
      "srcText": "우리가 기지로 삼은 소롱은 두 부락이 서로 붙어 있다. 한 부락은 바닷가에서 2킬로미터쯤 떨어진 앞바다에 있는 도움 섬에 있다. 그곳에는 네덜란드 총독부의 주재소가 있고, 주재소에는 이른바 부지사라는 사람이 있으면서 서뉴기니를 통치한다.",
      "srcPage": 32,
      "srcSentenceEA": 3,
      "srcWordEA": 33
    },
    {
      "srcTextID": "93513",
      "srcText": "준설기가 날마다 흙과 모래를 파내어 몇백 대의 트럭에 던져 넣으면, 트럭은 늪지를 메우거나 여러 건축 공사장의 땅을 고르기 위해 사방으로 달려갔다. 버섯처럼 크고 작은 갖가지 집들이 여기저기 세워졌다. 그러나 큰 석유 회사의 본부 건물도, 많은 종업원들의 숙사도, 벽은 모두 대나무로 얽고 바닥은 시멘트며, 지붕은 골함석으로 이은 집들이었다.",
      "srcPage": 37,
      "srcSentenceEA": 3,
      "srcWordEA": 49
    },
    {
      "srcTextID": "93511",
      "srcText": "나무로 제대로 지은 집도 얼마 되지는 않지만 있기는 있었다. 그것은 바다가 바라보이는 높은 곳에 서 있었다. 석유 회사는 큰 병원을 만들어 전속 의사 세 명과 남자 간호사를 많이 두고 온갖 면에서 근대적인 설비를 갖추고 있었다.",
      "srcPage": 38,
      "srcSentenceEA": 3,
      "srcWordEA": 37
    },
    {
      "srcTextID": "93516",
      "srcText": "소롱에 본부를 두고 전용 항구까지 가지고 있는 이 석유 회사는 지금도 네덜란드령 뉴기니 곳곳에서 유전 채굴 공사를 하고 있다. 석유 채굴은 맨 처음은 원시림 속에서 시작되었다. 지금은 소롱에서 50킬로미터쯤 떨어진 크라모노 유전에서 기름을 보내는 송유관이 소롱으로 통해 있으므로, 소롱에서는 송유관에서 직접 탱커에 석유를 넣을 수 있게 되었다.",
      "srcPage": 39,
      "srcSentenceEA": 3,
      "srcWordEA": 49
    },
    {
      "srcTextID": "93518",
      "srcText": "이 회사가 가지고 있는 탱커와 여객선과 모터보트 수는 참으로 많다. 또 비행기도 몇 대 가지고 있다. 종업원의 구성은, 몇백 명의 백인과 그를 웃도는 유색 인종과 몇천 명의 일꾼들로 되어 있다. 일꾼은 뉴기니 본섬인 파푸아 사람이 가장 많다.",
      "srcPage": 40,
      "srcSentenceEA": 4,
      "srcWordEA": 40
    },
    {
      "srcTextID": "93519",
      "srcText": "인도네시아인과 중국인의 대부분은 캄폰바루라는 지역에 살고 있다. 이곳은 집들이 빽빽이 들어서 있는 지역으로, 작은 가게와 원시시대 그대로의 집들이 한데 모여 있다. 소롱의 거리는 어디나 자동차가 많이 오간다.",
      "srcPage": 43,
      "srcSentenceEA": 3,
      "srcWordEA": 29
    },
    {
      "srcTextID": "93522",
      "srcText": "또 소롱 상공을 오가는 카타리나 비행기의 폭음이 거의 날마다 울린다. 부락 끝 언덕 위에는 작은 방송국이 있다. 여기서는 매일 저녁, 소롱의 회사 종업원과 여러 지역의 원시림 공사장에 있는 사람들을 위해 음악과 뉴스를 방송한다.",
      "srcPage": 46,
      "srcSentenceEA": 3,
      "srcWordEA": 35
    },
    {
      "srcTextID": "93506",
      "srcText": "소롱의 부지사 밑에는 감독관으로 불리는 관리가 몇 사람 있다. 그들에게는 저마다 관할 구역이 정해져 있는데, 아주 대단한 권한이 주어진다. 아무튼 한 사람의 관할 구역이 네덜란드 본국 면적만큼이나 넓은 것이다.",
      "srcPage": 34,
      "srcSentenceEA": 3,
      "srcWordEA": 31
    },
    {
      "srcTextID": "93514",
      "srcText": "그들은 무장한 감시원이 눈을 번득이는 속에서 힘든 일을 하게 된다. 소롱의 두 지역에서는 양쪽 다 중국인이 매우 많다. 그들은 기사로서 회사에 고용되어 있는 사람도 있고, 직접 장사를 하는 사람도 있다.",
      "srcPage": 42,
      "srcSentenceEA": 3,
      "srcWordEA": 32
    },
    {
      "srcTextID": "93523",
      "srcText": "우리가 머물러 있는 동안, 석유 회사의 책임자는 네덜란드인 드 레이브 기사였다. 우리는 뉴기니에 닿은 바로 뒤에 그의 집으로 초대받은 일이 있다. 새파란 바다와 여러 섬을 한눈에 내다볼 수 있는 높은 곳의 저택으로 훌륭한 건물이었다.",
      "srcPage": 48,
      "srcSentenceEA": 3,
      "srcWordEA": 36
    },
    {
      "srcTextID": "93533",
      "srcText": "해발 4,000미터가 넘는 봉우리들이 몇 개나 솟아 있는 큰 산맥이 뉴기니 영토 전체를 세로지르고 있다. 가장 높은 봉우리는 카르스텐스 산으로 높이 4,788미터 (5,010미터, 또는 5,029미터라고도 한다) 인데, 여기에는 빙하도 있다. 뉴기니의 거의 절반은 열대성 우림의 밀림에 덮여 있으므로, 도저히 이 속을 밟고 지나갈 수는 없다.",
      "srcPage": 53,
      "srcSentenceEA": 3,
      "srcWordEA": 47
    },
    {
      "srcTextID": "93531",
      "srcText": "삼림 한계, 즉 높은 산에서 숲이 자라는 한계는 해발 3,800미터에서 4,000미터까지다. 이보다 더 높은 곳은 고원지대이며, 다시 그 위는 풀과 나무가 자라지 못하는 바위로서 만년설을 이고 있는 산꼭대기에 이어져 있다. 그러나 삼림 한계 훨씬 아래라도 알프스 계통의 식물이 자라는 넓은 고원지대가 있다.",
      "srcPage": 54,
      "srcSentenceEA": 3,
      "srcWordEA": 44
    },
    {
      "srcTextID": "93534",
      "srcText": "곱슬머리에 살갗은 검고 몸집은 꽤 작다. 오스트레일리아 니그로에 가까운 종족으로, 멜라네시아 인종의 피도 섞여 있는 것으로 여겨진다. 파푸아인에는 몇 개의 다른 부족이 있어 저마다 사투리를 쓰고 있는데, 이 일련의 사투리들은 북오스트레일리아의 원주민 말과 공통된 점이 있다.",
      "srcPage": 59,
      "srcSentenceEA": 3,
      "srcWordEA": 38
    },
    {
      "srcTextID": "93535",
      "srcText": "중부 산악지대에는 외부 세계와 동떨어진 난쟁이족이 살고 있다. 그들 조상에 대해서는 아직도 모든 것이 수수께끼에 싸여 있다. 네덜란드령 뉴기니 연안으로 가면 이 밖에도 많은 인종이 있다.",
      "srcPage": 60,
      "srcSentenceEA": 3,
      "srcWordEA": 28
    },
    {
      "srcTextID": "93537",
      "srcText": "마치 인종의 전시장처럼, 인도네시아 제도의 원주민을 비롯하여, 말레이인, 일본인, 선다인, 암보이나인, 보기네시아인 등 갖가지 사람들을 볼 수 있다. 소롱에 닿았을 때 마중 나와 준 영림서장 에릭 룬도크비스트는, 우리와 같은 스웨덴 사람이다. 그는 저서를 통해 스웨덴에서는 꽤 많이 알려져 있다. 옛날 바이킹(중세기에 세계의 여러 바다에서 활약하던 스칸디나비아의 해적)을 연상케 하는 호쾌한 인물이다.",
      "srcPage": 61,
      "srcSentenceEA": 4,
      "srcWordEA": 54
    },
    {
      "srcTextID": "93536",
      "srcText": "내가 그를 처음 만난 것은 1934년 가을이었다. 마침 그가 한두 해의 휴가를 얻어 스웨덴에 돌아와 있을 때다. 그가 여행 단체의 부탁을 받아 네덜란드령 동인도 제도(지금의 인도네시아)에서 보낸 지난 4년 동안의 체험을 이야기하러 온 자리에서였다.",
      "srcPage": 62,
      "srcSentenceEA": 3,
      "srcWordEA": 36
    },
    {
      "srcTextID": "93539",
      "srcText": "그때는 잠시 인사를 주고받았을 뿐이었지만 여느 사람이 아니라는 인상이 내 마음속에 남아 있었다. 그 뒤 바로 그는 네덜란드령 동인도 제도로 돌아갔다. 그동안에 보르네오 섬에서의 체험을 쓴 '다야크' 라는 흥미 있는 책을 펴냈다.",
      "srcPage": 63,
      "srcSentenceEA": 4,
      "srcWordEA": 35
    },
    {
      "srcTextID": "93540",
      "srcText": "그로부터 갑자기 소식이 뚝 끊어졌다. 그리고 1946년 겨울에 그는 다시 스웨덴에 나타났다. 소식이 끊겼을 동안 뉴기니에서도 1년쯤 보냈다고 했다.",
      "srcPage": 64,
      "srcSentenceEA": 3,
      "srcWordEA": 21
    },
    {
      "srcTextID": "93542",
      "srcText": "에릭 룬도크비스트는 스웨덴 동 유틀란드에서 태어났다. 아버지는 왁스 제조 공장을 경영하고 있었는데, 얼마 뒤 이 공장은 감화원이 되고 말았다. 그는 소년 시절을 거친 비바람에 휩싸이며 지냈다.",
      "srcPage": 68,
      "srcSentenceEA": 3,
      "srcWordEA": 28
    },
    {
      "srcTextID": "93544",
      "srcText": "1919년에 스웨덴 북쪽 끝 노를란드 지방으로 가서, 1921년까지 그곳에서 일했다. 그는 말한다. \"그 무렵 학교에서는 배울 수 없는 것을 배웠습니다. 삼림 속의 자연의 법칙을 알 수 있었지요.",
      "srcPage": 69,
      "srcSentenceEA": 4,
      "srcWordEA": 29
    },
    {
      "srcTextID": "93551",
      "srcText": "그때는 원시인과 조금도 다름없는 생활을 했습니다. 보르네오에 파견되었을 때는 나 혼자로, 일꾼은 따라오지 않았습니다. 현지에 도착한 다음 애써 일꾼들을 많이 모았는데, 뭐니 뭐니 해도 사람을 부리는 것이 가장 힘드는 일이었습니다. 그리고 다시 열 달 동안 수마트라섬에서 근무한 다음, 휴가를 얻어 스웨덴으로 돌아갔습니다.",
      "srcPage": 75,
      "srcSentenceEA": 4,
      "srcWordEA": 45
    },
    {
      "srcTextID": "93555",
      "srcText": "이 일은 매우 규모가 큰 것이었습니다. 그런데 삼림을 벌채하는 데 필요한 일꾼은 한 사람도 딸려 주지 않았습니다. 그러므로 내가 찾아서 고용해야만 했습니다.",
      "srcPage": 77,
      "srcSentenceEA": 3,
      "srcWordEA": 24
    },
    {
      "srcTextID": "93556",
      "srcText": "정식 결혼은 아니었지만 나는 1935년에 결혼했습니다. 상대는 사리라는 선다인이었습니다. 그녀에 대한 것은 '사와'라는 책에 썼습니다.",
      "srcPage": 80,
      "srcSentenceEA": 4,
      "srcWordEA": 18
    },
    {
      "srcTextID": "93560",
      "srcText": "도콘은 의사라는 뜻인데, 내가 실지로 보지 않았다면 도저히 믿을 수 없었을 그런 괴상한 일들을 여러 가지 할 수 있었습니다. 예를 들면, 어느 집에서 갓 태어난 아기를 남겨 놓고 그 어머니가 죽으면, 그 갓난아기를 맡아 기를 양어머니를 찾아주어야만 하는데, 이것은 죽은 어머니의 친척이나 친구 가운데서 곧 찾아 내게 됩니다. 그런데 여러 해 동안 아기를 낳지 않아 젖이 없는 사람이 양어머니가 되는 수도 있습니다.",
      "srcPage": 84,
      "srcSentenceEA": 3,
      "srcWordEA": 64
    },
    {
      "srcTextID": "93558",
      "srcText": "그런 때 그 여자는 내 장인에게 와서 젖이 나오도록 해 달라고 부탁을 합니다. 장인이 대체 어떤 치료 방법으로 젖이 나오게 하는지, 내 눈으로 직접 확인하고 싶었으므로 나는 치료하는 것을 보여 달라고 사리에게 부탁해 두었습니다. 어느 날, 그런 부인이 한 사람 장인에게 찾아왔습니다.",
      "srcPage": 85,
      "srcSentenceEA": 3,
      "srcWordEA": 44
    },
    {
      "srcTextID": "93557",
      "srcText": "그녀는 가슴을 열고 마룻바닥에 누웠습니다. 장인은 그 앞에 앉아서, 자기 앞에 향을 피운 주발을 놓았습니다. 그리고는 뭔가 주문을 외며 파파야잎을 들고 향 연기를 부채질하여 부인의 가슴으로 흘러들게 했습니다.",
      "srcPage": 86,
      "srcSentenceEA": 3,
      "srcWordEA": 30
    },
    {
      "srcTextID": "93564",
      "srcText": "그러고 나서 장인은 말하기를, 사흘이 지나면 필요한 만큼 젖이 나온다고 했습니다. 그 부인의 젖가슴은 이틀 뒤에는 벌써 부풀어 있었고, 사흘 뒤에는 젖이 나오게 되었습니다. 그 부인이 낳은 딸은 그때 벌써 16살이었고, 이 딸을 낳은 뒤로 다른 아이는 낳은 일이 없었습니다.",
      "srcPage": 87,
      "srcSentenceEA": 3,
      "srcWordEA": 42
    },
    {
      "srcTextID": "93562",
      "srcText": "그 밖에도 눈이 휘둥그레지는 그런 예를 몇 차례인가 보았습니다. 그러나 부탁 사람들은 이런 일은 당연한 것으로 알고 있었습니다. 또 장인으로서도 아무것도 아닌 일이었습니다.",
      "srcPage": 88,
      "srcSentenceEA": 3,
      "srcWordEA": 25
    },
    {
      "srcTextID": "93576",
      "srcText": "이제 이것으로 마지막이라고 생각하는 순간, 기관총을 든 일본 경비대가 도우러 와 주었습니다. 그들이 기관총을 쏘기 시작하자 습격해 온 원주민들은 모조리 달아나고 말았습니다. “원주민들 가운데 어떤 사람이 가장 좋았습니까 ?\" \"나는 발리 사람이 가장 좋았습니다.\"",
      "srcPage": 102,
      "srcSentenceEA": 4,
      "srcWordEA": 34
    },
    {
      "srcTextID": "93509",
      "srcText": "통치권의 최고 책임자는 지사로 그는 뉴기니 북쪽 기슭의 오란디아에 머물러 있다. 그곳에는 네덜란드령 뉴기니의 행정 본부가 있는 것이다. 네덜란드령 뉴기니의 면적은 스웨덴의 면적과 거의 같은 416,828제곱킬로미터이고, 인구는 100만 명쯤 된다.",
      "srcPage": 33,
      "srcSentenceEA": 3,
      "srcWordEA": 32
    },
    {
      "srcTextID": "93515",
      "srcText": "그러나 자바 섬과 암보이나 섬 사람도 적지 않으며, 수없이 많은 인도네시아 제도의 여러 섬에서 온 사람도 꽤 있다. 회사는 때로는 인도네시아인 죄수들을 한꺼번에 100명쯤 공사에 쓰기도 했다. 죄수들은 대개가 살인범이나 강도, 절도범들이라고 한다.",
      "srcPage": 41,
      "srcSentenceEA": 3,
      "srcWordEA": 35
    },
    {
      "srcTextID": "93524",
      "srcText": "이런 죄수들은 머리가 짧고, 살이 햇볕에 그을어 있지 않아 이내 알아볼 수 있다. 어느 차를 보아도 운전수는 유색 인종뿐으로, 엄청난 속도로 차를 마구 달리기 때문에 길에 어린아이나 닭이나 개 같은 것이 있으면 차에 깔리지나 않나 싶어 가슴이 조마조마해지고 만다. 한 주일에 두 번, 회사의 우편 비행기가 날아온다.",
      "srcPage": 45,
      "srcSentenceEA": 3,
      "srcWordEA": 49
    },
    {
      "srcTextID": "93527",
      "srcText": "동뉴기니의 반은 본디 도이칠란트령이었으나, 지금은 테리터리 오브 뉴기니로 불리며, 오스트레일리아의 신탁통치구로 되어 있다. 이 가운데도 북동 뉴기니, 비스마크 제도, 그 밖의 몇몇 작은 섬들이 포함되어 있는데, 총면적은 약 230,000 제곱킬로미터이다. 이 밖에 오스트레일리아 연방 통치 아래 있는, 이른바 테리터리 오브 파푸아도 있다.",
      "srcPage": 52,
      "srcSentenceEA": 3,
      "srcWordEA": 44
    },
    {
      "srcTextID": "93528",
      "srcText": "5월에서 10월까지는 남동 계절풍이 불고, 나머지 달은 북풍 내지 북서풍이 분다. 비가 무척 많이 오며, 곳에 따라서는 1년에 5,000 내지 6,000밀리미터에 이른다. 어느 달이나 많은 비가 내리지만, 5월에서 10월에 걸쳐 가장 많이 내린다.",
      "srcPage": 56,
      "srcSentenceEA": 3,
      "srcWordEA": 35
    },
    {
      "srcTextID": "93538",
      "srcText": "\"나는 말레이 사람이오! \" 그리고는 휙 가 버린다. 그래도 조금도 의심을 받지 않았다. 그의 성장에 대해 이야기해 두겠다.",
      "srcPage": 67,
      "srcSentenceEA": 4,
      "srcWordEA": 20
    },
    {
      "srcTextID": "93532",
      "srcText": "적어도 서부에서는 그렇다. 습도가 높으므로 백인들로서는 견디기 어려운 기후다. 뉴기니는 빙하기 (지구의 기온이 내려가서 위도가 높은 지방에 두꺼운 빙하가 발달한 시대. 지금부터 150만 년 전부터 1만 년 전까지라고 한다)까지는 오스트레일리아와 육지가 맞붙어 있었다.",
      "srcPage": 57,
      "srcSentenceEA": 4,
      "srcWordEA": 36
    },
    {
      "srcTextID": "93549",
      "srcText": "채용된 우리 두 사람은 먼저 비텐츠오르크로 가게 되었습니다. 이곳에는 임업 연구소와 삼림 경비대 주문소가 있는데, 우리는 거기서 몇 달 동안 삼림 조사 방법과 말레이어 강습을 받았습니다. 강습이 끝나자 곧 나와 함께 온 또 한 사람은 셀레베스섬으로 파견되었습니다.",
      "srcPage": 73,
      "srcSentenceEA": 3,
      "srcWordEA": 39
    },
    {
      "srcTextID": "93550",
      "srcText": "1947년에는 정식으로 결혼식을 올렸습니다. 아내의 고향은 자바의 산골인 브리앙강이란 아름다운 곳입니다. 우리 부부는 그곳에 집을 짓고 논을 사서, 선다인과 조금도 틀리지 않은 생활을 했습니다.",
      "srcPage": 81,
      "srcSentenceEA": 3,
      "srcWordEA": 26
    },
    {
      "srcTextID": "93481",
      "srcText": "이 밖에 도중까지만 가는 사람으로 캠프를 치는 7명과 요리사 한 명은, 뉴기니로 먼저 떠났었다. 자바에서 14일 동안 머무른 다음 리프팅크, 쇼크비스트, 나 이렇게 세 사람은, 비행기를 타고 자바의 수도 바타비아, 즉 지금의 자카르타를 떠났다. 8시간 뒤에는 셀레베스 섬의 네덜란드 배로 뉴기니로 향했다.",
      "srcPage": 3,
      "srcSentenceEA": 3,
      "srcWordEA": 44
    },
    {
      "srcTextID": "93486",
      "srcText": "룬도크비스트는 우리 탐험대의 세 백인 대원에게, 자기 집에서 식사를 하라고 권했다. 먼저 떠난 배로 와 있던 선다 사람들에게는 그들끼리 여느 때의 익숙한 생활을 할 수 있도록 마련해 주었었다. 우리를 맞으러 왔을 때, 룬도크비스트는 트럭과 지프차 한 대씩을 항구에 대기시켜 두었었다.",
      "srcPage": 9,
      "srcSentenceEA": 3,
      "srcWordEA": 42
    },
    {
      "srcTextID": "93490",
      "srcText": "우리가 살기로 되어 있는 집은 바닷가에서 겨우 75미터 떨어진 곳에 있어서, 맑은 날 해가 질 때에는 언제나 곧장 바다로 뛰어드는 해가 보이므로 해 질 녘의 아름다움을 마음껏 맛볼 수가 있었다. 바닷가 가까이에는 잘 익은 열매가 주렁주렁 달린 큰 사고야자나무가 한 그루 서 있었다. 이 나무에는 낮 동안은 새들이 그 열매를 먹으려고 떼를 지어 모여들고 밤에는 또 밤대로 나무 열매로 잔치를 벌이기 위해 하늘을 나는 개가 찾아온다고 룬도크비스트가 이야기해 주었다.",
      "srcPage": 13,
      "srcSentenceEA": 3,
      "srcWordEA": 71
    },
    {
      "srcTextID": "93497",
      "srcText": "천천히 날개짓을 하면서 처음에는 유유히 나무 둘레를 빙빙 돌았다. 그리고는 푸른 잎이 우거진 속으로 뛰어들어 가지를 타고 열매 있는 쪽으로 걸어가기 시작했다. 뒤이어 다시 열 마리쯤 찾아왔다. 이들은 가끔 패가 갈라져 싸움을 하기도 했다.",
      "srcPage": 18,
      "srcSentenceEA": 4,
      "srcWordEA": 37
    },
    {
      "srcTextID": "93496",
      "srcText": "또 뭔가를 잡아 찢는 듯한 처절한 외침소리를 지르며 가지를 세차게 흔드는 녀석도 있었다. 또 이 집 베란다에서는 용감한 사냥을 구경할 수도 있었다. 사냥은 집 벽과 천장에서 행해졌다. 이 근처 어느 집에 나 적어도 십여 마리의 게코도마뱀붙이(도마뱀의 한 가지)가 살고 있다.",
      "srcPage": 19,
      "srcSentenceEA": 4,
      "srcWordEA": 43
    },
    {
      "srcTextID": "93495",
      "srcText": "게코도마뱀붙이는 발가락 끝에 작은 빨판이 붙어 있어 파리처럼 천장에 거꾸로 매달려 걸을 수가 있다. 이 네발 사냥꾼은 곧 행동을 시작하여 소리도 없이 사냥감 쪽으로 몰래 다가간다. 저마다 다른 방향에서 두 마리가, 때로는 세 마리가 아무 생각 없이 기어다니는 벌레를 향해 다가가는 일도 있다.",
      "srcPage": 21,
      "srcSentenceEA": 3,
      "srcWordEA": 45
    },
    {
      "srcTextID": "93498",
      "srcText": "게코도마뱀붙이는 먹이를 잡으면 깨물어 삼키고 나서 또 둘레를 돌아보며 다음 사냥감을 찾기 시작한다. 매로는 두 마리가 동시에 같은 먹이에 뛰어들 때도 있다. 이런 때는 대체로 먹이를 그만 놓쳐 버리고 함께 맥없이 물러난다.",
      "srcPage": 23,
      "srcSentenceEA": 3,
      "srcWordEA": 34
    },
    {
      "srcTextID": "93479",
      "srcText": "마침내 들짐승과 극락조의 보물 창고를 찾아온 것이다. 그러나 그 곳에는 무서운 열병과 악어와 맹그로브의 바닥 없는 늪이 기다리고 있다. 차츰차츰 다가오는 푸른 원시림을 바라보고 있노라니, 긴 세월에 걸쳐 이 학술 조사와 모험을 준비해 온 일이 생각나 내 가슴은 기대에 부풀었다.",
      "srcPage": 6,
      "srcSentenceEA": 3,
      "srcWordEA": 42
    },
    {
      "srcTextID": "93478",
      "srcText": "9시에 배는 소롱에 닿아 닻을 내렸다. 곱슬머리의 파푸아 사람이 탄 통나무배들이 떼를 지어 우리 배를 향해 저어 왔다. 보트에는 영림서장 에리 룬도크비스트가 타고 있었다.",
      "srcPage": 7,
      "srcSentenceEA": 3,
      "srcWordEA": 26
    },
    {
      "srcTextID": "93482",
      "srcText": "이윽고 그는 배 위로 올라와 우리와 정다운 인사를 나눴다. 룬도크비스트는 우리가 있을 집 문제를 이미 해결해 두었다고 했다. 영림서장인 그의 권한 안에 있는 집 몇 채와 창고 한 채가 비어 있어서, 넓디넓은 곳을 우리가 마음대로 쓸 수 있게 되어 있었다.",
      "srcPage": 8,
      "srcSentenceEA": 3,
      "srcWordEA": 42
    },
    {
      "srcTextID": "93488",
      "srcText": "그러므로 거의 날마다 물이 뚝뚝 떨어질 것만 같은 그 열매를 먹을 수 있었다. 어느 나무에나 줄곧 꽃이 피고, 꽃은 반드시 열매를 맺으므로, 나무에는 사철 열매가 달려 있다. 이 집에 살기 시작한 그날 밤부터 밤마다 하늘을 나는 개가 파파야 나무 둘레를 날아다니며 날개로 열매를 세차게 치는 소리를 들었다.",
      "srcPage": 15,
      "srcSentenceEA": 3,
      "srcWordEA": 49
    },
    {
      "srcTextID": "93493",
      "srcText": "게코도마뱀붙이는 낮에는 눈에 띄지 않는 어두운 곳에 숨어 있다가 밤이 되면 벌레를 잡으러 기어 나온다. 베란다 천장에는 전등이 두 개 켜져 있다. 게코도마뱀붙이가 모이는 것은 그 둘레다.",
      "srcPage": 20,
      "srcSentenceEA": 3,
      "srcWordEA": 29
    },
    {
      "srcTextID": "93494",
      "srcText": "게코도마뱀붙이는 도중에 잠시 발을 멈추고 파고들듯이 먹이를 지켜본다. 그리고 고양이가 쥐를 끌어낼 때처럼 가만히 꼬리를 움직이고 다시 다가간다. 느닷없이 어느 녀석인가가 번개처럼 먹이를 덮치고 들어간다.",
      "srcPage": 22,
      "srcSentenceEA": 3,
      "srcWordEA": 27
    },
    {
      "srcTextID": "93525",
      "srcText": "\"힘 자라는 데까지 도와드리겠습니다. 우리에게는 비행기와 배, 모터보트, 그 밖에 대부분의 차가 있습니다.\" 뉴기니에 머물러 있는 동안 우리 탐험대는 줄곧 그를 비롯한 회사의 여러분으로부터 어떻게 감사를 드려야 좋을지 모를 만큼 갖가지 편의를 제공받았다. 레이브 기사는 가끔 우리를 찾아와 경의를 나타냈다. 우리가 수집한 것들을 보는 것이 무척 흥미 있었던 모양으로, 때로는 유럽이나 아메리카에서 온 손님들까지 데리고 왔다.",
      "srcPage": 50,
      "srcSentenceEA": 5,
      "srcWordEA": 60
    },
    {
      "srcTextID": "93530",
      "srcText": "따라서 이 섬의 동물 구역과 식물 구역은 오스트레일리아의 두 구역과 밀접한 관련이 있다. 물론 아시아와 동인도 제도 여러 섬으로부터의 영향도 없지 않다. 원주민은 대부분이 파푸아 인종으로 거의 섬 전체에 퍼져 있다.",
      "srcPage": 58,
      "srcSentenceEA": 3,
      "srcWordEA": 33
    },
    {
      "srcTextID": "93565",
      "srcText": "다만 부탁하러 오는 사람이 전에 아이를 낳은 일이 있어야만 했고, 꼭 젖이 나오게 된다고 믿어야만 하는 것입니다. 장인과 그 밖의 의사라는 사람들의 신기한 힘을 내 눈으로 직접 보게 되자, 이런 마술 같은 일을 미신이라고만 넘겨 버릴 수 없다는 것을 알게 되었습니다. 분명 그 방법 가운데는 미신이라고 할 만한 것이 많이 있었습니다.",
      "srcPage": 89,
      "srcSentenceEA": 3,
      "srcWordEA": 53
    },
    {
      "srcTextID": "93563",
      "srcText": "그러나 다 죽어 가던 환자가 이런 의사들의 손으로 다시 기운을 되찾은 예도 나는 몇 번인가 보았습니다. 나는 네덜란드령 동인도 제도 가운데서 가장 멋있다고 여겨지는 발리섬에서도 신기한 일을 몇 가지 보았습니다. 예를 들면, 어느 날 한 발리 사람이 새빨갛게 타고 있는 석탄을 양손에 잡고, 그것으로 얼굴을 문지르고 있었습니다.",
      "srcPage": 90,
      "srcSentenceEA": 3,
      "srcWordEA": 49
    },
    {
      "srcTextID": "93504",
      "srcText": "게코도마뱀붙이는 먹는 음식 속에 뛰어들지만 않는다면 사람에게는 전혀 해가 없다. 그보다는 대체로 사람의 집에 살면서 벌레를 잡아먹기 때문에 오히려 사람에게 이롭다고 할 수 있다. 게코도마뱀붙이는 하얀 공처럼 생긴 알을 낳는다.",
      "srcPage": 30,
      "srcSentenceEA": 3,
      "srcWordEA": 32
    },
    {
      "srcTextID": "93510",
      "srcText": "감독관은 모두 네덜란드 사람이며, 그 밑에는 이른바 감독관 대리가 몇 사람 있다. 그들은 반드시 유색 인종으로 대개는 몰루카 제도의 암보이나 원주민이다. 도움 섬에는 전보국, 병원, 학교, 교회들이 있고 수비대도 주둔해 있다. 또 중국인 가게도 몇 채인가 줄지어 있다.",
      "srcPage": 35,
      "srcSentenceEA": 4,
      "srcWordEA": 41
    },
    {
      "srcTextID": "93512",
      "srcText": "몇 해 전까지는 본섬인 소롱에 가게가 한 집 있을 뿐이어서 도움 섬사람들도 그 가게에서 물건을 사 갔었다. 그런데 네덜란드령 뉴기니 석유 회사라는 네덜란드의 큰 석유 회사가 도움 섬 해안에 생기자, 섬은 갑자기 활기를 띠기 시작해서 갖가지 공사가 시작되었다. 거대한 원시림이 베어지고 그물눈처럼 사방으로 통하는 길이 만들어졌다.",
      "srcPage": 36,
      "srcSentenceEA": 3,
      "srcWordEA": 48
    },
    {
      "srcTextID": "93517",
      "srcText": "숨 돌릴 틈도 없을 만큼 잇따라 달린다. 지프차와 승용차와 최신형 미국제 딜럭스카, 그리고 갖가지 모양의 트럭. 뒤에 곱슬머리 파푸아인을 넘칠 정도로 태우고 어느 공사 현장으로 달리는 트럭도 있고, 살인범과 강도, 절도범 들을 콩나물처럼 싣고 달리는 것도 있다.",
      "srcPage": 44,
      "srcSentenceEA": 3,
      "srcWordEA": 39
    },
    {
      "srcTextID": "93521",
      "srcText": "날씨만 좋으면 소롱에서는 한 주일에 두 번 영화가 상영된다. 스크린 대신 천을 친 앞에 대나무 의자와 벤치를 주욱 늘어놓고, 구경꾼은 그 위나 또는 땅바닥에 그대로 앉는다. 구경꾼 속에는 유색 인종이 1,000명도 넘게 섞여 있다. 구경값은 내지 않는다.",
      "srcPage": 47,
      "srcSentenceEA": 4,
      "srcWordEA": 40
    },
    {
      "srcTextID": "93526",
      "srcText": "그는 그런 사람들에게 극락조를 비롯해서 원시림에 사는 아름다운 생물들을 꼭 보여 주고 싶었던 것이다. 소롱은 네덜란드령 뉴기니 가운데 가장 큰 부락으로 인구는 5,000명이 넘는다. 세계의 섬 가운데서 그린란드에 이어 가장 큰 뉴기니는, 연안의 모든 섬들을 합치면 총면적이 824,000제곱킬로미터로서, 스웨덴의 두 배쯤의 크기이다.",
      "srcPage": 51,
      "srcSentenceEA": 3,
      "srcWordEA": 44
    },
    {
      "srcTextID": "93529",
      "srcText": "뉴기니의 지리적 위치는 적도 바로 남쪽으로, 네덜란드령 뉴기니 북쪽 기슭은 적도에 거의 닿을 만큼 가까이 있다. 이 섬에는 사철의 변화라는 것이 없다. 일 년 내내 똑같은 여름철이다.",
      "srcPage": 55,
      "srcSentenceEA": 3,
      "srcWordEA": 29
    },
    {
      "srcTextID": "93541",
      "srcText": "내가 이 원고를 쓰고 있는 지금, 그는 네덜란드령 동인도 제도에 10년 가까이 살고 있다. 유럽인은 열대지방에서 뜨거운 햇볕을 받으며 지내면 살이 독특한 다갈색으로 그을게 되는데, 그가 바로 그러했다. 그리고 그는 키가 꽤 작았다.",
      "srcPage": 65,
      "srcSentenceEA": 3,
      "srcWordEA": 35
    },
    {
      "srcTextID": "93520",
      "srcText": "그는 말했다. “우리 회사로서는 당신들이 이 섬을 탐험하려는 계획에 깊은 관심을 갖고 있습니다. 꼭 도와드리고 싶습니다. 탐험하고 싶은 곳을 말씀해 주십시오.\"",
      "srcPage": 49,
      "srcSentenceEA": 4,
      "srcWordEA": 23
    },
    {
      "srcTextID": "93552",
      "srcText": "그러나 1년 뒤에는 벌채량이 한 달에 5,000제곱미터에까지 이르렀습니다. 제재소와 목재 수송용 다리와 작은 철도까지 만들었습니다. 벌채를 시작했을 때의 일꾼은 겨우 말레이인 8명뿐이었는데, 2년 뒤에는 1,000명이 넘었고, 다시 그 뒤 1,500명으로 불어났습니다.",
      "srcPage": 78,
      "srcSentenceEA": 3,
      "srcWordEA": 33
    },
    {
      "srcTextID": "93543",
      "srcText": "이러한 두 가지 특징 때문에 그는 2차 대전 동안에 언제나 용케 일본군의 눈을 속일 수가 있었다. 윗몸을 벌거벗고 백인들은 이런 일이 별로 없다. 바타비아  거리를  자전거로 달리고 있으면 일본군 헌병이 불러 세운다. \"당신은 네덜란드 사람이오?” 그러면 그는 얼굴빛 하나 바꾸지 않고 대답한다.",
      "srcPage": 66,
      "srcSentenceEA": 5,
      "srcWordEA": 47
    },
    {
      "srcTextID": "93548",
      "srcText": "삼림의 일은 내 성격에 맞았습니다. 일해 나가는 동안 영림서의 기사, 즉 임무관이 되고 싶어 견딜 수 없었습니다. 그러기 위해서는 농림 고등 전문학교에 들어가야 하기 때문에 스톡홀름으로 가서 대학 입학 자격 검정 시험공부를 했습니다.",
      "srcPage": 70,
      "srcSentenceEA": 3,
      "srcWordEA": 35
    },
    {
      "srcTextID": "93545",
      "srcText": "1922년에 검정시험에 합격한 나는 다시 한동안 노를란드에서 벌채를 하다가, 1924년에 전문 학교에 들어갔습니다. 임무관이 되고 나서 처음 얼마 동안은 국내 여기저기로 다니며 임시로 일했습니다. 그러는 가운데 신문 구인광고 난에서 '스웨덴인 임무관을 네덜란드령 동인도 제도에서 모집'한다는 광고를 보았습니다.",
      "srcPage": 71,
      "srcSentenceEA": 5,
      "srcWordEA": 40
    },
    {
      "srcTextID": "93546",
      "srcText": "당장 응모했지요. 8명이 응모했는데, 네덜란드인 대학 교수가 채용시험을 실시하러 스톡홀름으로 왔습니다. 합격자는 두 사람으로, 나는 떨어졌습니다. 그런데 그 가운데 한 사람이 일이 생겨 갈 수 없게 되었으므로 내가 그 대신 채용되었던 겁니다.",
      "srcPage": 72,
      "srcSentenceEA": 4,
      "srcWordEA": 35
    },
    {
      "srcTextID": "93547",
      "srcText": "불운하게도 그 친구는 1년 뒤에 섬 주민에게 살해되고 말았습니다. 나는 방카섬으로 가게 되었습니다. 섬 임무감독관의 조수가 되기 위해서지요.",
      "srcPage": 74,
      "srcSentenceEA": 3,
      "srcWordEA": 20
    },
    {
      "srcTextID": "93553",
      "srcText": "오래간만에 옛 친구들의 얼굴을 보며 조금은 마음 놓고 멋대로 놀아 보고 싶었던 겁니다. 그러나 금방 또 미개지의 자유로운 생활과 원시림이 그리워졌습니다. 마침 어느 네덜란드의 큰 석유 회사로부터 보르네오에서 삼림을 개척해주지 않겠느냐는 부탁을 받은 나는 당장 떠맡고 말았습니다.",
      "srcPage": 76,
      "srcSentenceEA": 3,
      "srcWordEA": 39
    },
    {
      "srcTextID": "93554",
      "srcText": "이 일은 1934년에서 1939년까지 계속되었습니다. 1939년에는 세계 대전이 시작되어 모든 것이 싹 달라지고 말았습니다. 그해 12월, 나는 자바에서 농사꾼이 되어 쌀농사를 지을 결심을 했습니다.",
      "srcPage": 79,
      "srcSentenceEA": 3,
      "srcWordEA": 26
    },
    {
      "srcTextID": "93559",
      "srcText": "나는 땀투성이가 되어 내 손으로 쌀농사를 지었습니다. 애써 지은 벼가 황금빛으로 물들었을 때의 행복감을 조금이나마 맛볼 수 있었습니다. 무척 힘드는 일이었지만 기어코 한번 해보고 싶었던 겁니다.",
      "srcPage": 82,
      "srcSentenceEA": 3,
      "srcWordEA": 28
    },
    {
      "srcTextID": "93561",
      "srcText": "온 세계의 소란을 아랑곳하지 않고 아름다운 자연에 둘러싸여 보내는 생활은 최고였습니다. 그 고장 사람들과 친해짐에 따라 여러 가지 신기한 일을 내 눈으로 보았습니다. 장인은 이 고장에서 도콘이라고 불리는 사람이었습니다.",
      "srcPage": 83,
      "srcSentenceEA": 3,
      "srcWordEA": 31
    },
    {
      "srcTextID": "93566",
      "srcText": "아무리 문질러도 손이나 얼굴에 아무런 자국이 남지 않았습니다. 이런 일은 언제나 사람들이 발작을 일으켜 미치광이처럼 되었을 때 일어납니다. 발리 사람이 돼지나 원숭이로 변하는 것도 보았습니다.",
      "srcPage": 91,
      "srcSentenceEA": 3,
      "srcWordEA": 27
    },
    {
      "srcTextID": "93567",
      "srcText": "그렇다고 모습이 바뀌는 것이 아니고, 이들 짐승들의 혼이 붙은 것 같은 행동을 하는 것입니다. 콧등으로 땅바닥을 파 일구기도 하고, 나뭇가지를 타고 달리기도 하며, 몸짓 손짓의 모든 자잘한 부분까지 돼지나 원숭이처럼 되는 것입니다. 발리섬에서는 '천사의 춤'도 구경했습니다.",
      "srcPage": 92,
      "srcSentenceEA": 5,
      "srcWordEA": 39
    },
    {
      "srcTextID": "93568",
      "srcText": "마치 소녀들에게는 지구의 인력이 작용하지 않는 것 같습니다. 춤을 마칠 때에는 주문을 욉니다. 그러면 소녀들은 제정신으로 돌아와 곧 다리가 휘청거리기 시작하는 겁니다.",
      "srcPage": 94,
      "srcSentenceEA": 3,
      "srcWordEA": 24
    },
    {
      "srcTextID": "93569",
      "srcText": "발리섬 사람들은, 이 춤을 추는 동안 천사의 영혼이 소녀들에게 옮겨붙었다고 생각하고 있습니다. 발리 사람은 아름다움을 사랑하는 사람들로, 나는 그들을 무척 좋아합니다. 여가가 생기면 또 발리섬으로 여행할 생각입니다.",
      "srcPage": 95,
      "srcSentenceEA": 3,
      "srcWordEA": 29
    },
    {
      "srcTextID": "93570",
      "srcText": "여기서 죽을 뻔한 위험한 일을 만난 적이 없느냐고요? 물론 몇 번이나 있었지요. 뉴기니 남쪽 해안에서 악어에게 물릴 뻔한 일도 있었습니다.",
      "srcPage": 96,
      "srcSentenceEA": 3,
      "srcWordEA": 22
    },
    {
      "srcTextID": "93575",
      "srcText": "이 소동으로 중상을 입은 사람도 몇 명 있었습니다. 이 영화관 밖에는 언제나 경관이 몇 사람 서서 칼을 가지고 들어가는 사람이 없도록 경계를 하고 있었는데도 말입니다. 전쟁 동안 일본인이 모든 섬을 점령해 버렸을 때가 나의 가장 암흑시대였습니다.",
      "srcPage": 98,
      "srcSentenceEA": 3,
      "srcWordEA": 38
    },
    {
      "srcTextID": "93577",
      "srcText": "일본군은 끝내 내가 유럽인이라는 것을 알아채지 못했습니다. 일본군이 항복했을 때, 원주민들이 백인을 모조리 죽이기 위해 우리 마을로 몰려온 일이 있었습니다. 나는 긴 칼을 들고 아내는 창을 들고, 싸울 각오로 집 앞에서 있노라니, 1,000명이 넘는 원주민이 손에 피 묻은 창을 들고서 우리를 향해 무서운 기세로 달려왔습니다.",
      "srcPage": 100,
      "srcSentenceEA": 3,
      "srcWordEA": 47
    },
    {
      "srcTextID": "93573",
      "srcText": "내 일생을 통해 가장 무시무시한 순간이었습니다. 그들은 조금 전에 이웃 마을을 습격했던 겁니다. 그 마을에서는 여자아이들을 포함해서 백인이 18명이나 살해되었습니다.",
      "srcPage": 101,
      "srcSentenceEA": 3,
      "srcWordEA": 22
    },
    {
      "srcTextID": "93579",
      "srcText": "\"전 세계에서 이렇게 매력 있는 인종은 없습니다. 그건 어찌 됐든, 가장 흥미를 느낀 것은 오란 라우트로 불리는 사람들일 겁니다. 방카섬과 빌리톤섬 사이와, 수마트라섬 동쪽 바닷가에 배를 띄우고 일생을 그 위에서 삽니다.\"",
      "srcPage": 103,
      "srcSentenceEA": 3,
      "srcWordEA": 33
    },
    {
      "srcTextID": "93578",
      "srcText": "\"그들은 미개인입니다. 그들 배에 올라 함께 바다표범을 사냥한 일도 있습니다. 그들은 창으로 물고기를 잡는 솜씨가 놀랄 만큼 뛰어납니다.\" “뉴기니에서의 생활은 즐겁습니까?\" \"최고지요. 내가 지금 관할하고 있는 것은 네덜란드령 뉴기니 전체의 삼림인데, 그 가운데는 도저히 조사할 수 없는 원시림도 있고, 삼림에는 사람을 잡아먹는 사나운 짐승도 있습니다.",
      "srcPage": 104,
      "srcSentenceEA": 5,
      "srcWordEA": 48
    },
    {
      "srcTextID": "93580",
      "srcText": "꽤 오래전에 기독교에서 개종한 것이다. 또 인도 철학과 인도 종교에 대해서도 잘 알고 있었다. 우리의 탐험을 위해 여러 가지로 도와준 그의 노고에 대해 진심으로 감사해 마지않는다.",
      "srcPage": 106,
      "srcSentenceEA": 3,
      "srcWordEA": 28
    },
    {
      "srcTextID": "93582",
      "srcText": "그가 벌거벗은 원주민을 많이 고용하여, 하늘까지 닿을 것 같은 커다란 나무들을 베어 쓰러뜨리는 것을 보면, 정말 대단한 일이라는 것을 깊이 느끼게 된다. 아무튼 밑동의 지름이 몇 미터나 될 듯한 나무가 많고, 또 지독한 더위 속에서는 원주민들은 힘든 노동을 거의 하려 들지 않는다. 그렇지만 그는 이 일을 해내야 하는 것이다.",
      "srcPage": 108,
      "srcSentenceEA": 3,
      "srcWordEA": 51
    },
    {
      "srcTextID": "93587",
      "srcText": "또 동식물 채집도 조금 할 수 있었고, 야영하는데 쓰는 도구도 시험 삼아 써 보았다. 이 여행에서 돌아오자, 석유 회사의 레이브 기사가, 우리 일행의 여행을 위해 뭔가 도움이 되어 드리고 싶다고 말해 왔다. 나는 석유 회사의 유정이 있는 호게르코프 반도까지 비행기로 갈 수 있겠느냐고 물어보았다.",
      "srcPage": 110,
      "srcSentenceEA": 3,
      "srcWordEA": 46
    },
    {
      "srcTextID": "93585",
      "srcText": "그것은 조금도 어려운 일이 아니었다. 비행기를 타는 날은 8월 17일로 결정되었다. 탐험대 사람들은 7명까지 탈 수 있었다.",
      "srcPage": 111,
      "srcSentenceEA": 3,
      "srcWordEA": 19
    },
    {
      "srcTextID": "93589",
      "srcText": "비행기는 쌍발엔진인 카타리나기였다. 지정된 날 오전 10시에 우리가 항구로 나가자, 모터보트가 한 척 기다리고 있었다. 아침에 몰루카 제도의 암보이나를 떠난 비행기는 아직 도착하지 않았다.",
      "srcPage": 113,
      "srcSentenceEA": 3,
      "srcWordEA": 26
    },
    {
      "srcTextID": "93586",
      "srcText": "그러나 잠시 기다리고 있자 멀리 조그맣게 작은 비행기 그림자가 보이기 시작했다. 차츰차츰 가까워져서 바다 위에 앉아 부이에 매어졌다. 우리는 모터보트로 비행기까지 가서 짐을 실은 다음 넓은 비행기 안에 편안히 자리를 잡았다.",
      "srcPage": 114,
      "srcSentenceEA": 3,
      "srcWordEA": 33
    },
    {
      "srcTextID": "93591",
      "srcText": "창문에는 물보라가 가득 날아올라 밖은 조금도 보이지 않는다. 차츰 속력이 더해지더니 이윽고 공중으로 떠올랐다. 비행기는 겨우 400미터 높이로 원시림 위를 일직선으로 날아갔다.",
      "srcPage": 116,
      "srcSentenceEA": 3,
      "srcWordEA": 24
    },
    {
      "srcTextID": "93596",
      "srcText": "해안을 떠났을 때부터 줄곧 앞쪽에는 푸른 큰 나무 바다가 끝없이 펼쳐져 있었다. 그 나무 바다의 나무들이 지금 이 낮은 하늘에서 한 그루 한 그루 똑똑히 보였다. 곧 비행기 옆을 모란 앵무새 떼가 날아가는 것이 눈에 띄었다.",
      "srcPage": 117,
      "srcSentenceEA": 3,
      "srcWordEA": 38
    },
    {
      "srcTextID": "93594",
      "srcText": "온통 가시나무와 가시덤불로 마구 쿡쿡 찔리게 되고, 게다가 '리아나' 라는 산 짐승처럼 다리를 친친 휘감는 덩굴풀이 가득 나 있다. 그 밖에 온갖 종류의 모기는 물론, 거머리와 개미와 지네가 우글거린다. 그러나 우리는 지금 더위로 김이 치솟아 오르는 밀림 위를, 낮은 으르렁 소리를 지르며 스치듯 날고 있는 것이다.",
      "srcPage": 121,
      "srcSentenceEA": 4,
      "srcWordEA": 49
    },
    {
      "srcTextID": "93599",
      "srcText": "밀림 속에서는 극락조들이 조용히 평화로운 생활을 보내고 있을 것이다. 우리 밑은 모두가 사람이 살지 않는 지대이다. 낮은 지대에는 큰 강과 작은 강이 굽이쳐 흐르고, 어느 강이나 다 누렇게 흐려 있었다.",
      "srcPage": 122,
      "srcSentenceEA": 3,
      "srcWordEA": 32
    },
    {
      "srcTextID": "93602",
      "srcText": "이 지대에는 가끔 홍수가 일어나는 것이다. 사람이 살고 있는 부락이 하나도 보이지 않는 것은 그 때문일지도 모른다. 원두막으로밖에 여겨지지 않는, 야자잎으로 지붕과 벽을 덮은 작은 오두막이 두 채 보일 뿐이었다.",
      "srcPage": 123,
      "srcSentenceEA": 3,
      "srcWordEA": 32
    },
    {
      "srcTextID": "93601",
      "srcText": "빈터 같은 것이 전혀 보이지 않는, 끝없이 계속되는 밀림 위를 반 시간 날자, '베라오엘' 이라는 큰 강이 보이기 시작했다. 비행기는 천천히 머리를 숙이고 원시림 꼭대기를 스치면서 그 물줄기를 향해 갔다. 강에 큰 모터보트가 기다리고 있는 것이 보였다.",
      "srcPage": 124,
      "srcSentenceEA": 4,
      "srcWordEA": 40
    },
    {
      "srcTextID": "93598",
      "srcText": "그리고 몇 해 전에 한 달 동안 스웨덴에 머무른 일이 있는 한 네덜란드 사람이 타고 있었다. 그 짧은 동안에 이 네덜란드인은 놀랄 만큼 많은 스웨덴 말을 배워 두어, 당장 우리와의 대화에 쓰고 있다. 우리는 지금부터 여섯 시간 동안 보트로 이 강을 거슬러 '크라모노' 라는 곳까지 여행을 하는 것이다.",
      "srcPage": 126,
      "srcSentenceEA": 4,
      "srcWordEA": 51
    },
    {
      "srcTextID": "93603",
      "srcText": "가도 가도 또 가도, 어느 쪽 기슭에도 사람이 살았던 자취는 전혀 볼 수 없었다. 곧 원시림의 새들이 모습을 보이기 시작했다. 보트가 출발점에 있었을 때에 벌써 푸른 숲 깊숙이에서 잉꼬의 높은 울음소리가 들렸었다.",
      "srcPage": 129,
      "srcSentenceEA": 3,
      "srcWordEA": 34
    },
    {
      "srcTextID": "93607",
      "srcText": "초록, 노랑, 빨강이 섞인 눈부시게 아름다운 꼬리가 짧은 작은 비둘기가 강 위로 날아왔다. 이 새를 보는 것은 처음 이 아니다. 앞서 룬도크비스트와 짧은 여행을 했을 때도 몇 번인가 보았다.",
      "srcPage": 130,
      "srcSentenceEA": 3,
      "srcWordEA": 31
    },
    {
      "srcTextID": "93608",
      "srcText": "특히 밝은 빛깔의 비둘기가 많다. 크고 작은 갖가지 비둘기가 날아오르는 것을 몇 번이나 보았다. 강물이 돌아드는 모퉁이에서 빛깔이 선명한, 비둘기 가운데서도 가장 몸이 큰 왕관비둘기가 모습을 나타냈다.",
      "srcPage": 133,
      "srcSentenceEA": 3,
      "srcWordEA": 29
    },
    {
      "srcTextID": "93611",
      "srcText": "빛깔은 눈이 부실 만큼 아름다운 파랑으로, 눈은 날카롭고 눈동자는 붉다. 머리 꼭대기에는 색다른 모양의 깃털이 왕관처럼 달려 있다. 크기는 큰 뇌조만 했다.",
      "srcPage": 134,
      "srcSentenceEA": 3,
      "srcWordEA": 24
    },
    {
      "srcTextID": "93614",
      "srcText": "푸른 덤불 속에 가만히 있는 것을 보트에 탄 파푸아 사람들이 재빨리 발견한 것이다. 파푸아 사람들은 정말 날카로운 눈을 가지고 있다. 아무리 보기 어려운 곳에 있는 것이라도 절대로 놓치는 일이 없다.",
      "srcPage": 135,
      "srcSentenceEA": 3,
      "srcWordEA": 32
    },
    {
      "srcTextID": "93613",
      "srcText": "우리 세 백인은, 이 미개지에서 왕관비둘기를 보는 것은 이번이 처음이었다. 왕관비둘기는 모터보트가 옆을 지나가도 조금도 놀라지 않고 가만히 얌전히 있었기 때문에, 우리는 차근히 그 아름다운 모습을 바라볼 수가 있었다. 오후가 되자 보트 안에서 조그만 소동이 일어났다.",
      "srcPage": 136,
      "srcSentenceEA": 3,
      "srcWordEA": 38
    },
    {
      "srcTextID": "93610",
      "srcText": "그러나 그렇게 생각하는 순간 얼른 물속으로 뛰어 들어가고 말았다. 문득 귀에 익은 새의 울음소리가 들렸다. 내가 어렸을 무렵부터 고국 스웨덴에서 자주 들은 소리다.",
      "srcPage": 138,
      "srcSentenceEA": 3,
      "srcWordEA": 25
    },
    {
      "srcTextID": "93609",
      "srcText": "그 뒤, 극동 지방을 여행했을 때도 자주 들었다. 바라보니 도요새 두 마리가 울고 있었다. 도요새는 류닝겔 가까이에 있는 내 고향의 우트란 호수뿐만 아니라, 스웨덴 어디에나 있다.",
      "srcPage": 139,
      "srcSentenceEA": 3,
      "srcWordEA": 28
    },
    {
      "srcTextID": "93620",
      "srcText": "이 두 마리는 여기서 겨울을 지내기 위해, 동아시아 북부 지방에서 날아온 것이다. 북쪽 지방의 철새는 여기서 겨울을 지내는 녀석이 많다. 연안 지대에서는 가끔 중부리도 요새며, 흰물떼새며 보통 도요새들의 모습을 볼 수 있었고 그 울음소리도 자주 들었다.",
      "srcPage": 140,
      "srcSentenceEA": 3,
      "srcWordEA": 38
    },
    {
      "srcTextID": "93619",
      "srcText": "이 강물에는 몇 킬로미터에 걸쳐 줄곧 석유가 떠 있었다. 물 위가 보통 석유로 뒤덮인 작은 샛강도 하나 있었다. 유조선의 석유라도 엎지른 거겠지 하고 물어보았더니, 산림 속에 있는 천연 유정에서 넘친 석유가 흘러든 것이라는 대답이었다.",
      "srcPage": 141,
      "srcSentenceEA": 3,
      "srcWordEA": 36
    },
    {
      "srcTextID": "93615",
      "srcText": "갑자기 모터 소리가 보다 큰 소리에 묻히고 말았다. 뉴기니에서 가장 큰 새의 하나인 혹부리새가 무서운 날개 소리를 울리며 강물 위를 날아온 것이다. 이 새의 수컷은 괴상한 버릇을 가지고 있어 아주 평판이 나쁘다.",
      "srcPage": 142,
      "srcSentenceEA": 3,
      "srcWordEA": 34
    }
  ]
}