{
  "title": "할머니와 로켓 자전거",
  "author": "보린",
  "illustrator": "구반장",
  "isbn": "9788967760069",
  "readAge": "초등_고학년",
  "publishedYear": 2012,
  "publisher": "한얼에듀",
  "classification": "자연탐구",
  "paragraphInfoCount": 17,
  "paragraphInfo": [
    {
      "srcTextID": "16091",
      "srcText": "뭐가 망가졌길래 화면이 까만 걸까? 왜 깡통 이천팔백칠십 개를 피라미드 모양으로 쌓아 놓은 걸까? 왜 나무가 기우뚱한 걸까? 아이코, 두더지 녀석이 땅을 파헤쳐 놓았군!",
      "srcPage": 4,
      "srcSentenceEA": 4,
      "srcWordEA": 27
    },
    {
      "srcTextID": "16094",
      "srcText": "왜 갑자기 로켓 자전거를 만든다고 할까? 놀이터에 갈 때 힘들어서요.  로켓이랑 자전거는 어쩌나? 사려면 비쌀 텐데. 보물을 찾으면 되죠. 땅속에는 보물이 많잖아요. 그건 그렇지. 보석도 있고 금도 있고.  아주아주 멋질 거예요!",
      "srcPage": 6,
      "srcSentenceEA": 9,
      "srcWordEA": 41
    },
    {
      "srcTextID": "16099",
      "srcText": "왜 아무것도 안 나오는 걸까? 뭐가 나와야 하는데요? 금이 섞인 흙이나 돌을 구우면 금이 녹아 나와. 금은 낮은 온도에서도 잘 녹거든. 구워서 안 되면 부글부글 끓여 보자.",
      "srcPage": 9,
      "srcSentenceEA": 5,
      "srcWordEA": 31
    },
    {
      "srcTextID": "16105",
      "srcText": "드디어 풍선 로켓 자전거 완성! 난 풍선 주둥이를 막은 집게에 긴 줄을 달아서 나무에 묶었어. 자전거를 타고 달리면 집게가 빠지면서 풍선 로켓이 발사될 거야. 그럼 자전거가 슝 날아가겠지?",
      "srcPage": 14,
      "srcSentenceEA": 4,
      "srcWordEA": 31
    },
    {
      "srcTextID": "16092",
      "srcText": "호기심 할머니는 재주가 많아. 망가진 물건을 뜯어서 고치는 건 식은 죽 먹기지. 멀쩡한 물건까지 뜯어 보는 건 호기심이 너무 많아서 그렇다나?",
      "srcPage": 3,
      "srcSentenceEA": 3,
      "srcWordEA": 23
    },
    {
      "srcTextID": "16093",
      "srcText": "누구나 그냥 지나치는 것도 호기심 할머니는 궁금해하지. 이리저리 살피고 곰곰이 생각해서 왜 그런지를 밝혀내. 그래. 호기심 할머니한테 가 보자! ",
      "srcPage": 5,
      "srcSentenceEA": 4,
      "srcWordEA": 22
    },
    {
      "srcTextID": "16100",
      "srcText": "이상하다 싶은 건 몽땅 가져왔어. 흙 속에 있는 벌레를 현미경으로 살피기도 했지. 그런 다음 좋은 흙과 돌을 모아 하나씩 커다란 냄비에 구웠어. ",
      "srcPage": 8,
      "srcSentenceEA": 3,
      "srcWordEA": 24
    },
    {
      "srcTextID": "16101",
      "srcText": "하지만 금은 나오지 않았어. 아무래도 보물을 찾기는 틀린 것 같아. 잔뜩 풀이 죽어 걸어가는데, 웬 낡은 자전거가 버려져 있는 거야!",
      "srcPage": 10,
      "srcSentenceEA": 3,
      "srcWordEA": 22
    },
    {
      "srcTextID": "16106",
      "srcText": "자전거는 여기저기 망가져 있었어. 하지만 걱정할 게 없었어. 호기심 할머니가 멋지게 고쳐 줄 테니까. ",
      "srcPage": 11,
      "srcSentenceEA": 3,
      "srcWordEA": 16
    },
    {
      "srcTextID": "16108",
      "srcText": "호기심 할머니랑 나는 자전거를 깨끗이 닦고 고쳤지. 호기심 할머니랑 나는 새 자전거를 만들고, 만들고, 또 만들었어. 생각하고 생각하고 또 생각한 끝에 마침내 난 풍선 로켓을 만들어 냈어!",
      "srcPage": 12,
      "srcSentenceEA": 3,
      "srcWordEA": 29
    },
    {
      "srcTextID": "16107",
      "srcText": "풍선을 크게 불어서 주둥이를 집게로 막아. 종이로 고깔 모양을 만들고, 풍선 한쪽에 테이프로 종이 고깔을 붙여. 집게를 떼면 풍선 로켓 발사! ",
      "srcPage": 13,
      "srcSentenceEA": 3,
      "srcWordEA": 23
    },
    {
      "srcTextID": "16095",
      "srcText": "호기심 할머니랑 나는 온 동네를 돌아다녔어. 보석도 찾고 황금도 찾아 부자가 될 거야. 우리는 가는 곳마다 흙과 돌을 살폈지. 때때로 신기한 물건도 찾아냈어.",
      "srcPage": 7,
      "srcSentenceEA": 4,
      "srcWordEA": 26
    },
    {
      "srcTextID": "16104",
      "srcText": "“놀이터로 간다, 출발!” 난 로켓 자전거를 타고 힘껏 달렸어. 풍선 로켓은 힘차게 바람을 뿜었지. ",
      "srcPage": 15,
      "srcSentenceEA": 3,
      "srcWordEA": 16
    },
    {
      "srcTextID": "16109",
      "srcText": "그런데 풍선이 순식간에 쪼그라들면서 난 넘어지고 말았어. 왜 이렇게 된 걸까? 풍선 로켓이 너무 약해서 그래. 이번에는 실패했지만, 난 꼭 로켓 자전거를 만들고 말 거야! 과학자가 되어서 저 멀리 은하수까지 가는 진짜 로켓 자전거를 만들 거야!",
      "srcPage": 16,
      "srcSentenceEA": 5,
      "srcWordEA": 40
    },
    {
      "srcTextID": "16110",
      "srcText": "땅속에 무엇이 있는지, 흙과 돌이 어떤 성질을 가졌는지 연구하는 과학자를 지질학자라고 해요. 과학자 중에 자연과 우주가 어떻게 움직이는지 연구하는 과학자를 물리학자라고 해요. 살아 있는 생물을 연구하는 과학자를 생물학자라고 해요. 물질이 무엇으로 이루어졌는지, 어떤 성질을 지니고, 어떻게 바뀌는지를 연구하는 과학자를 화학자라고 해요.",
      "srcPage": 17,
      "srcSentenceEA": 4,
      "srcWordEA": 44
    },
    {
      "srcTextID": "16089",
      "srcText": "언덕 위에 있는 신 나는 놀이터. 올라가기 힘든데 단숨에 올라갈 수는 없을까? 자전거는 안 돼. 로켓처럼 슝! 그래, 로켓 자전거가 좋겠다.",
      "srcPage": 1,
      "srcSentenceEA": 5,
      "srcWordEA": 25
    },
    {
      "srcTextID": "16090",
      "srcText": "로켓 자전거는 어떻게 만들지? 아마 호기심 할머니는 알지도 몰라. 호기심 할머니는 과학자야. 코딱지를 수천 개로 나눈 것보다 더 작은 조각들을 연구한대.",
      "srcPage": 2,
      "srcSentenceEA": 4,
      "srcWordEA": 24
    }
  ]
}