{
  "title": "날개 달린 아기 토끼",
  "author": "신지은",
  "illustrator": "한동훈",
  "isbn": "9788998212940",
  "readAge": "초등_고학년",
  "publishedYear": 2012,
  "publisher": "한얼에듀",
  "classification": "자연탐구",
  "paragraphInfoCount": 18,
  "paragraphInfo": [
    {
      "srcTextID": "3801",
      "srcText": "“주사 싫어! 무서워. 으앙! 콜록콜록.” 아기 토끼가 엄마 손을 꼭 잡으며 울었어요. “기침이 너무 심해요. 입원을 해야겠어요.”  의사 선생님의 말에 아기 토끼는 더욱 겁이 났어요.",
      "srcPage": 3,
      "srcSentenceEA": 8,
      "srcWordEA": 32
    },
    {
      "srcTextID": "3802",
      "srcText": "“약 잘 먹고, 주사도 잘 맞으면 금세 나을 거예요.” 간호사들이 아기 토끼와 엄마를 위로했어요. 입원실에는 캥거루 간호사가 있었어요. ",
      "srcPage": 4,
      "srcSentenceEA": 3,
      "srcWordEA": 20
    },
    {
      "srcTextID": "3806",
      "srcText": "며칠 후, 병원 마당에서 바자회가 열렸어요. 아기 토끼도 엄마랑 구경을 나갔지요. “어머, 어서 오렴.”",
      "srcPage": 7,
      "srcSentenceEA": 3,
      "srcWordEA": 15
    },
    {
      "srcTextID": "3808",
      "srcText": "그런데 갑자기 날개가 커지면서 아기 토끼는 바람을 타고 날아갔어요. “엄마, 나 좀 잡아 주세요!” “아야야! 살려 주세요.”  “너무 아파요, 흑흑.”",
      "srcPage": 10,
      "srcSentenceEA": 4,
      "srcWordEA": 21
    },
    {
      "srcTextID": "3799",
      "srcText": "“콜록콜록, 콜록콜록.” 아기 토끼가 기침을 해요. 온몸에는 열이 펄펄, 불덩이예요. “어서 병원으로 가요.”",
      "srcPage": 1,
      "srcSentenceEA": 4,
      "srcWordEA": 15
    },
    {
      "srcTextID": "3800",
      "srcText": "엄마 아빠는 아기 토끼를 안고 병원으로 달려갔어요. 여우 간호사가 아기 토끼에게 체온계를 꽂았어요. 뾰족한 주사기로 피도 뽑았지요.",
      "srcPage": 2,
      "srcSentenceEA": 3,
      "srcWordEA": 19
    },
    {
      "srcTextID": "3812",
      "srcText": "저 멀리 혼자 앓아누운 양 할머니가 보였어요. “할머니, 많이 힘드시죠? 제가 도와드릴게요.” 아기 토끼는 양 할머니의 손을 꼭 잡았어요. ",
      "srcPage": 14,
      "srcSentenceEA": 4,
      "srcWordEA": 21
    },
    {
      "srcTextID": "3814",
      "srcText": "아기 토끼는 양 할머니의 몸을 구석구석 살폈어요. 열이 높은지도 재 보았어요. “많이 약해지셨네요. 푹 쉬면 나으실 거예요.”",
      "srcPage": 15,
      "srcSentenceEA": 4,
      "srcWordEA": 19
    },
    {
      "srcTextID": "3810",
      "srcText": "하지만 가만히 있을 수는 없었어요. “다친 동물들을 빨리 구해야 해.” 아기 토끼는 곰에게 붕대를 감아 주고, 쓰러진 사슴에게 주사를 놓아주었어요. ",
      "srcPage": 12,
      "srcSentenceEA": 3,
      "srcWordEA": 21
    },
    {
      "srcTextID": "3813",
      "srcText": "아기 토끼는 양 할머니에게 약도 먹여 드리고, 주사도 놓아 드렸어요. “간호사는 천사야. 살아 있는 천사! 토끼 간호사, 정말 고마워요.” 양 할머니는 눈물을 흘렸어요. ",
      "srcPage": 16,
      "srcSentenceEA": 5,
      "srcWordEA": 26
    },
    {
      "srcTextID": "3815",
      "srcText": "아기 토끼는 다시 병실로 돌아왔어요. “간호사는 정말 힘든 일을 하는 것 같아. 하지만 마음이 따뜻해지는걸!” ",
      "srcPage": 17,
      "srcSentenceEA": 3,
      "srcWordEA": 16
    },
    {
      "srcTextID": "3816",
      "srcText": "어? 그런데 엄마는 쿨쿨 자고 있네요? 아기 토끼도 옷을 벗어 놓고 잠이 들었어요. 그사이 아기 토끼의 기침도 많이 나아졌지요. 잘 자요 아기 토끼.",
      "srcPage": 18,
      "srcSentenceEA": 4,
      "srcWordEA": 27
    },
    {
      "srcTextID": "3811",
      "srcText": "의사 선생님이 수술을 할 수 있도록 악어의 상처도 치료해 주었지요. 다친 동물들을 모두 돌봐 주고 나자 꼬물꼬물, 날개가 다시 움직였어요. 아기 토끼는 또다시 두둥실 날아갔어요. ",
      "srcPage": 13,
      "srcSentenceEA": 3,
      "srcWordEA": 27
    },
    {
      "srcTextID": "3804",
      "srcText": "캥거루 간호사는 아기 토끼에게 깨끗한 환자복을 입혀 주고, 긴 밤 내내 정성껏 돌봐 주었어요. 해님이 반짝, 아기 토끼의 방을 환하게 비추었어요. 너구리 간호사가 병실에 들어와 체온을 쟀어요. ",
      "srcPage": 5,
      "srcSentenceEA": 3,
      "srcWordEA": 29
    },
    {
      "srcTextID": "3803",
      "srcText": "“열이 많이 내렸네. 금방 나을 수 있겠는걸?” 너구리 간호사는 아기 토끼에게 약도 먹이고, 주사도 놓아 주었어요.",
      "srcPage": 6,
      "srcSentenceEA": 3,
      "srcWordEA": 18
    },
    {
      "srcTextID": "3805",
      "srcText": "간호사들이 아기 토끼를 반겼어요. “이 날개 달린 옷이 잘 어울리는걸!” 너구리 간호사가 옷과 모자를 골라 주었어요.",
      "srcPage": 8,
      "srcSentenceEA": 3,
      "srcWordEA": 17
    },
    {
      "srcTextID": "3807",
      "srcText": "아기 토끼는 병실로 와서 새 옷을 입어 보았어요. “우리 아기, 날개 달린 간호사가 되었네!” 엄마는 아기 토끼를 보며 방긋 웃었지요. ",
      "srcPage": 9,
      "srcSentenceEA": 3,
      "srcWordEA": 21
    },
    {
      "srcTextID": "3809",
      "srcText": "여기저기서 신음 소리가 들렸어요. 사방을 둘러보니 건물이 무너져 있고, 동물들이 돌 더미에 깔려 있었어요. 아기 토끼는 무서웠어요. ",
      "srcPage": 11,
      "srcSentenceEA": 3,
      "srcWordEA": 19
    }
  ]
}