{
  "title": "내 에너지가 최고야!",
  "author": "강성은",
  "illustrator": "안재선",
  "isbn": "9791128211386",
  "readAge": "초등_고학년",
  "publishedYear": 2018,
  "publisher": "아람북스",
  "classification": "자연탐구",
  "paragraphInfoCount": 19,
  "paragraphInfo": [
    {
      "srcTextID": "6873",
      "srcText": "어느 날 신 가운데 최고의 신인 제우스가 여러 신들을 신전에 불러 모았어. 그동안 인간들을 돌보느라 애쓴 신들을 위해 잔치를 연 거야. 발 빠른 운동 경기의 신이 가장 먼저 달려왔어. ",
      "srcPage": 1,
      "srcSentenceEA": 3,
      "srcWordEA": 31
    },
    {
      "srcTextID": "6874",
      "srcText": "잔치가 무르익을 무렵, 제우스가 술잔을 높이 들며 말했어. 나 제우스가 여러 신에게 감사의 인사를 하려고 초대했소. 오래전, 인간은 배고픔과 추위에 시달리며 몹시 힘든 나날을 보냈지.",
      "srcPage": 2,
      "srcSentenceEA": 3,
      "srcWordEA": 27
    },
    {
      "srcTextID": "6875",
      "srcText": "하지만 이제 인간은 잘 먹고 잘살 수 있게 되었어. 그것은 여러분이 인간에게 에너지를 주었기 때문이지. 이 음식들은 인간이 우리 신들을 위해 마련한 것이니 마음껏 먹고 즐기시오.",
      "srcPage": 3,
      "srcSentenceEA": 3,
      "srcWordEA": 28
    },
    {
      "srcTextID": "6877",
      "srcText": "제우스의 말이 끝나자, 곡물의 신이 나섰어. 음식을 먹기 전에 딱 한 마디만 하겠습니다. 여러분, 인간이 걷고, 달리고, 팔다리를 움직일 수 있는 에너지를 어디에서 얻나요?",
      "srcPage": 4,
      "srcSentenceEA": 3,
      "srcWordEA": 26
    },
    {
      "srcTextID": "6876",
      "srcText": "바로 곡물을 먹어서 얻지요. 그럼 그 곡물을 준 신은 누구일까요? 바로 나, 곡물의 신이지요. 내가 인간에게 농사짓는 법을 알려 주었어요.",
      "srcPage": 5,
      "srcSentenceEA": 4,
      "srcWordEA": 23
    },
    {
      "srcTextID": "6878",
      "srcText": "그러자 옆에 있던 태양의 신이 코웃음을 치며 말했어. 흥! 곡물의 신은 하나만 알고 둘은 모르시는군요. 나, 태양의 신이 없다면 곡물은 자랄 수 없어요.",
      "srcPage": 6,
      "srcSentenceEA": 4,
      "srcWordEA": 26
    },
    {
      "srcTextID": "6880",
      "srcText": "태양이 주는 빛 에너지가 있어야 곡물이 양분을 만들어 무럭무럭 자랄 수가 있지요. 아무리 농사짓는 법을 알려 주어도, 빛 에너지가 없어 곡물이 자라지 않는다면 소용없지요. 이번에는 불과 화로의 신이 나섰어.",
      "srcPage": 7,
      "srcSentenceEA": 3,
      "srcWordEA": 31
    },
    {
      "srcTextID": "6879",
      "srcText": "곡물의 신과 태양의 신의 말씀이 모두 맞아요. 그런데 두 분 깜빡하신 것이 있어요. 나, 불과 화로의 신이 있었기에 인간들이 불을 사용하게 되었지요.",
      "srcPage": 8,
      "srcSentenceEA": 3,
      "srcWordEA": 24
    },
    {
      "srcTextID": "6881",
      "srcText": " 만약 인간들이 불을 이용해 고기와 곡물을 익히지 않았으면 음식을 잘 소화시키지 못했을 거예요. 그뿐인가요? 불이 없었다면 인간은 벌써 얼어 죽었을 거라고요. 옆에 있던 대장장이의 신도 고개를 끄덕였어.",
      "srcPage": 9,
      "srcSentenceEA": 4,
      "srcWordEA": 31
    },
    {
      "srcTextID": "6883",
      "srcText": "“불과 화로의 신이여, 대장장이의 신이여! 그런데 그 불을 처음으로 준 게 누구인가? 나, 제우스가 아니던가! 내가 나무에 번개를 내리쳐서 불을 일으키지 않았는가! 하하!” ",
      "srcPage": 11,
      "srcSentenceEA": 5,
      "srcWordEA": 27
    },
    {
      "srcTextID": "6885",
      "srcText": "“그런데 말이에요.” 한쪽에서 열심히 음식만 먹던 운동 경기의 신이 끼어들었어. “아무리 에너지가 많으면 뭐 합니까? 제대로 쓰는 게 중요하지요.” 그 말에 다른 신들이 귀를 기울였어. ",
      "srcPage": 12,
      "srcSentenceEA": 5,
      "srcWordEA": 28
    },
    {
      "srcTextID": "6888",
      "srcText": "“활시위를 많이 당길수록 멀리 나가는 활쏘기! 활을 쏠 때는 탄성 에너지를 이용해요. 인간들은 활이 멀리 나갈수록 몹시 좋아하지요.” ",
      "srcPage": 14,
      "srcSentenceEA": 3,
      "srcWordEA": 20
    },
    {
      "srcTextID": "6884",
      "srcText": "인간들에게 불을 주지 않았다면, 과연 인간들이 도구를 만들 수 있었을까요? 또 도구 없이 농사를 잘 지을 수 있었을까요? 제우스가 껄껄 웃음을 터뜨리며 말했어.",
      "srcPage": 10,
      "srcSentenceEA": 3,
      "srcWordEA": 25
    },
    {
      "srcTextID": "6886",
      "srcText": "“나는 인간들에게 운동하는 방법을 알려 주었어요. 그에 맞는 적당한 에너지를 이용해서 말이지요. 인간들은 운동을 하면서 큰 기쁨을 알게 되었답니다.” “큰 기쁨?”",
      "srcPage": 13,
      "srcSentenceEA": 4,
      "srcWordEA": 23
    },
    {
      "srcTextID": "6889",
      "srcText": "“나는 새도 떨어뜨린다는 창던지기! 창을 높이 높이 던질수록 많은 위치 에너지를 갖게 되어요. 창이 높이 올라간 만큼 인간들의 기쁨도 커지고요.”",
      "srcPage": 15,
      "srcSentenceEA": 3,
      "srcWordEA": 22
    },
    {
      "srcTextID": "6894",
      "srcText": "“저런! 큰일 났군! 어서 인간 세상을 보시오!” 제우스의 말에 인간 세상을 내려다본 신들은 깜짝 놀랐어. 태양은 지고, 곡물은 시들고, 화로의 불은 꺼지고. ",
      "srcPage": 18,
      "srcSentenceEA": 4,
      "srcWordEA": 26
    },
    {
      "srcTextID": "6893",
      "srcText": "화가 난 음악의 신이 힘주어 연주하자, 쨍그랑! 술잔과 접시가 깨지고 말았지. “소리 에너지는 눈에는 보이지 않아도 떨림이라는 강한 힘을 갖고 있다고요!” 음악의 신까지 이야기했으니, 이제 말다툼은 끝이 났을까? 아니, 그렇지 않았어.",
      "srcPage": 16,
      "srcSentenceEA": 5,
      "srcWordEA": 34
    },
    {
      "srcTextID": "6892",
      "srcText": "신들은 인간보다 욕심이 많고, 괜한 일에도 서로를 질투하거든. 음악의 신이 말을 마치기가 무섭게 곡물의 신이 나서더니, 또 태양의 신이 나서고, 그다음에는 불과 화로의 신, 대장장이의 신. 다시 돌아가며 모두 자기 자랑을 시작했어. 며칠이 지나고 몇 달이 지나도 신들의 말다툼은 계속되었어.",
      "srcPage": 17,
      "srcSentenceEA": 4,
      "srcWordEA": 43
    },
    {
      "srcTextID": "6895",
      "srcText": "신들이 한눈을 판 사이 인간 세상이 엉망이 된 거야. “어서 내려가서 인간을 구합시다!” 신들은 서둘러 인간 세상으로 갔어.",
      "srcPage": 19,
      "srcSentenceEA": 3,
      "srcWordEA": 19
    }
  ]
}