{
  "title": "산과 염기로 부리는 요술",
  "author": "유가은",
  "illustrator": "이민경",
  "isbn": "9791128211454",
  "readAge": "초등_고학년",
  "publishedYear": 2018,
  "publisher": "아람북스",
  "classification": "자연탐구",
  "paragraphInfoCount": 28,
  "paragraphInfo": [
    {
      "srcTextID": "11741",
      "srcText": "척척 할머니는 부엌에서 병을 하나 꺼내 왔어. 그리고 대야에 물을 받은 다음, 병에 든 액체를 똑똑 떨어뜨렸어. “얘야, 이 물에 머리를 감아 봐라.” ",
      "srcPage": 15,
      "srcSentenceEA": 3,
      "srcWordEA": 24
    },
    {
      "srcTextID": "11746",
      "srcText": " 가을이 되자 척척 할머니가 남자아이를 집으로 불렀어. 먹을거리를 나눠 준다는 약속을 지키기 위해서였지. 할머니 집 창고에는 이웃들이 선물로 준 곡식이 한가득이었어.",
      "srcPage": 21,
      "srcSentenceEA": 3,
      "srcWordEA": 24
    },
    {
      "srcTextID": "11747",
      "srcText": "나 혼자 먹기에는 너무 많구나. 나누어 줄 테니 겨울 동안 가족들과 잘 먹으렴. 남자아이가 미안해하자 할머니가 이어서 말했어.",
      "srcPage": 22,
      "srcSentenceEA": 3,
      "srcWordEA": 20
    },
    {
      "srcTextID": "11745",
      "srcText": " “내년에 콩이 많이 열리면 그걸로 갚으면 되잖아.” 그제야 남자아이의 얼굴도 환해졌어. “척척 할머니, 고맙습니다!”",
      "srcPage": 23,
      "srcSentenceEA": 3,
      "srcWordEA": 15
    },
    {
      "srcTextID": "11750",
      "srcText": "햇살이 따뜻한 봄날, 남자아이가 척척 할머니를 다시 찾아왔어. 두 사람은 바닷가로 나가 조개껍데기를 한가득 주웠어. 그리고 조개껍데기를 빻아 가루로 만들어 콩밭에 뿌렸어.",
      "srcPage": 24,
      "srcSentenceEA": 3,
      "srcWordEA": 24
    },
    {
      "srcTextID": "11723",
      "srcText": "오백 살도 더 먹은 은행나무 아래 초가에 척척 할머니가 살았어. 마을에 어려운 문제가 생기면 무엇이든 척척 해결해 주어서 척척 할머니래. “척척 할머니, 고맙습니다!”",
      "srcPage": 1,
      "srcSentenceEA": 3,
      "srcWordEA": 24
    },
    {
      "srcTextID": "11730",
      "srcText": "김치의 신맛이 정말로 약해졌지? “아, 그런 거군요. 척척 할머니, 고맙습니다!” 아주머니는 기분 좋게 김치를 가지고 돌아갔지.",
      "srcPage": 7,
      "srcSentenceEA": 4,
      "srcWordEA": 18
    },
    {
      "srcTextID": "11733",
      "srcText": "식초로 도마를 흠뻑 적시고 나니 도마에서 나던 생선 비린내가 덜해졌어. “척척 할머니, 어떻게 하신 거예요?” “생선 비린내와 식초가 만나면 비린내가 사라지거든. 앞으로 생선을 손질하고 나서 도마에 식초를 뿌려 닦아 줘.” “척척 할머니, 고맙습니다.” 아저씨는 기분이 좋아 척척 할머니를 따라온 고양이에게 생선을 주었지.",
      "srcPage": 10,
      "srcSentenceEA": 6,
      "srcWordEA": 44
    },
    {
      "srcTextID": "11737",
      "srcText": "“친구들이 제 머리털이 까치집 같다고 자꾸 놀려요.” 척척 할머니가 여자아이의 머리를 만져 보니 정말 까슬까슬했지. “머리를 무엇으로 감았는데, 이렇게 뻣뻣하니?”",
      "srcPage": 13,
      "srcSentenceEA": 3,
      "srcWordEA": 21
    },
    {
      "srcTextID": "11735",
      "srcText": "시장에서 볼일을 마친 척척 할머니가 집으로 돌아가고 있었어. 고개를 넘던 할머니는 목이 너무 말라 계곡 쪽으로 발을 돌렸어. 할머니는 뽀글뽀글 거품이 올라오는 물을 바가지에 담아 꿀꺽꿀꺽 마셨어. ",
      "srcPage": 11,
      "srcSentenceEA": 3,
      "srcWordEA": 29
    },
    {
      "srcTextID": "11738",
      "srcText": "척척 할머니가 집에 다 와 가는데, 할머니 집 쪽에서 울음소리가 들렸어. 머리털이 덥수룩한 여자아이가 집 앞에서 울고 있었어. “얘야, 왜 울고 있니?”",
      "srcPage": 12,
      "srcSentenceEA": 3,
      "srcWordEA": 23
    },
    {
      "srcTextID": "11736",
      "srcText": " “저는 항상 빨랫비누로 머리를 감아요.” 그 말을 듣고 척척 할머니가 고개를 끄덕였어. “얘야, 우리 집에 잠깐 들어와라.”",
      "srcPage": 14,
      "srcSentenceEA": 3,
      "srcWordEA": 18
    },
    {
      "srcTextID": "11724",
      "srcText": "“척척 할머니, 김치가 너무 시었는데 어쩌면 좋을까요? 며칠 뒤에 손님을 맞이해야 하는데 큰일 났어요.” 그러자 척척 할머니가 얼굴을 찡그리며 말했어.",
      "srcPage": 3,
      "srcSentenceEA": 3,
      "srcWordEA": 22
    },
    {
      "srcTextID": "11739",
      "srcText": "그때는 빨랫비누와 성질이 반대인 식초를 물에 넣고 머리를 헹구렴. 여자아이가 좋아서 몇 번이고 고개를 숙여 인사했어. 그때마다 머리가 찰랑찰랑거렸지.",
      "srcPage": 17,
      "srcSentenceEA": 3,
      "srcWordEA": 21
    },
    {
      "srcTextID": "11742",
      "srcText": "“그래? 너희 콩밭으로 가서 뭐가 문제인지 살펴보자.”  척척 할머니가 남자아이를 따라 콩밭으로 갔어. 콩밭 옆에 파란색 수국꽃이 활짝 피어 있었지. ",
      "srcPage": 19,
      "srcSentenceEA": 3,
      "srcWordEA": 24
    },
    {
      "srcTextID": "11749",
      "srcText": "산성이 너무 강한 땅에서는 식물이 잘 자라지 못해. 그래서 염기성인 조개껍데기를 빻아 뿌린 거야. 그 말을 듣고 남자아이는 얼른 콩씨를 심고 싶었어. 할머니의 말씀대로라면 올해는 콩 농사가 잘될 테니까.",
      "srcPage": 26,
      "srcSentenceEA": 4,
      "srcWordEA": 32
    },
    {
      "srcTextID": "11752",
      "srcText": "척척 할머니도 주렁주렁 달린 콩 꼬투리를 보며 흐뭇해했어. “척척 할머니, 콩 꼬투리도 많이 열리고 콩알도 동글동글 굵어요. 가을에 콩을 추수해서 할머니께 드릴게요.” “그래그래, 호호! 내 말 들어 나쁠 거 하나 없다니까?” 척척 할머니는 웃으며 남자아이를 바라보았어.",
      "srcPage": 28,
      "srcSentenceEA": 6,
      "srcWordEA": 39
    },
    {
      "srcTextID": "11725",
      "srcText": "사람들이 고마워서 인사하면 척척 할머니 얼굴도 싱글벙글. 할머니는 그 맛에 사람들을 도와주었지. 하루는 뒷집 아주머니가 척척 할머니를 찾아왔어. ",
      "srcPage": 2,
      "srcSentenceEA": 3,
      "srcWordEA": 20
    },
    {
      "srcTextID": "11726",
      "srcText": "“에그, 너무 익었네. 내가 손써 볼 테니까 내일 찾으러 와.” 척척 할머니는 곧장 바닷가로 나가 조개껍데기를 한 소쿠리 주워 왔어. ",
      "srcPage": 4,
      "srcSentenceEA": 3,
      "srcWordEA": 22
    },
    {
      "srcTextID": "11727",
      "srcText": "그리고 조개껍데기를 잘 씻어 김치 사이사이에 쏙쏙 넣었지. 다음 날 뒷집 아주머니가 다시 와서 김치 맛을 보고 깜짝 놀랐어. 척척 할머니, 어떻게 하신 거예요?",
      "srcPage": 5,
      "srcSentenceEA": 3,
      "srcWordEA": 26
    },
    {
      "srcTextID": "11732",
      "srcText": "하루는 척척 할머니가 시장에 갔는데, 생선 가게 아저씨가 척척 할머니를 불렀어. “척척 할머니, 도마에서 생선 비린내가 심하게 나요. 어쩌면 좋을까요?”  이런, 쯧쯧. 도마를 자주 씻고 햇볕에 잘 말리라고 했잖아. ",
      "srcPage": 8,
      "srcSentenceEA": 5,
      "srcWordEA": 33
    },
    {
      "srcTextID": "11731",
      "srcText": "이젠 비린내가 많이 나서 씻어도 소용없겠구먼. 척척 할머니는 가게에 가서 식초를 사 왔어. 할머니는 도마 위에 식초를 똑똑 떨어뜨렸어.",
      "srcPage": 9,
      "srcSentenceEA": 3,
      "srcWordEA": 21
    },
    {
      "srcTextID": "11740",
      "srcText": "여자아이가 머리를 감고 말렸더니 윤기가 잘잘 흘렀어. 식초를 탄 물이란다. 빨랫비누로만 머리를 감으면 윤기가 사라지고 푸석해져. ",
      "srcPage": 16,
      "srcSentenceEA": 3,
      "srcWordEA": 18
    },
    {
      "srcTextID": "11744",
      "srcText": "하루는 척척 할머니 집에 한 남자아이가 찾아왔어. 척척 할머니, 저희 콩밭에 콩이 반도 여물지 않았어요. 엄마가 콩을 팔아 겨울을 나야 한다고 했는데 어쩌지요? ",
      "srcPage": 18,
      "srcSentenceEA": 3,
      "srcWordEA": 25
    },
    {
      "srcTextID": "11748",
      "srcText": "며칠 뒤에 밭에 콩씨를 심거라. 그럼, 올해에는 콩알이 잘 여문 꼬투리를 맺을 거란다. 지난해에 콩 농사를 망친 건 땅이 산성으로 변해서야.",
      "srcPage": 25,
      "srcSentenceEA": 3,
      "srcWordEA": 23
    },
    {
      "srcTextID": "11729",
      "srcText": "김치가 신 것은 산이 많아졌기 때문이야. 그럴 때는 조개껍데기를 넣으면 돼. 조개껍데기가 산을 줄어들게 하거든.",
      "srcPage": 6,
      "srcSentenceEA": 3,
      "srcWordEA": 17
    },
    {
      "srcTextID": "11743",
      "srcText": "“쯧쯧, 이 땅에서는 콩이 잘 자랄 수 없어.” “정말이에요? 엉엉!” 할머니의 말을 듣고 남자아이가 서럽게 울었어. “얘야, 내년 봄에 콩밭을 다시 만들 때 내가 도와주마. 올해는 내가 먹을거리를 나눠 줄 테니 걱정하지 마.”",
      "srcPage": 20,
      "srcSentenceEA": 5,
      "srcWordEA": 36
    },
    {
      "srcTextID": "11751",
      "srcText": "여름이 되자 콩밭 가까이에 분홍빛 수국꽃이 피었어. 또 콩밭에는 둥근 콩알을 품은 꼬투리가 여물어 갔지. 신이 난 남자아이가 척척 할머니를 콩밭에 모셔 왔어.",
      "srcPage": 27,
      "srcSentenceEA": 3,
      "srcWordEA": 25
    }
  ]
}